36,2.00,204,0.00,200,-2.00,203,-4.00,205,-2.00,202,-2.00,204,-4.00,204,-2.00,1403,-1.00,1503,-5.00,203,-5.00,204,-1.00,201,-3.00,204,-1.00,202,-3.00,203,0.00,1240,0.00,1094,0.00,1633,0.00,1341,-2.00,247,3.00,1628,39.00,1413,0.16
71,-2.00,204,0.00,200,-1.00,203,-4.00,205,-2.00,202,-5.00,203,-4.00,204,-3.00,1403,-1.00,1503,-3.00,202,-3.00,204,0.00,201,-5.00,204,-1.00,202,-2.00,203,0.00,1240,0.00,1094,0.00,1632,0.00,1341,-2.00,247,4.00,1628,39.00,1413,0.00
107,-4.00,204,0.00,200,-1.00,203,-2.00,205,0.00,202,-2.00,204,-4.00,204,-3.00,1403,-1.00,1503,-6.00,203,-3.00,204,-2.00,201,-3.00,204,-1.00,202,-3.00,203,0.00,1240,0.00,1094,0.00,1632,0.00,1342,-3.00,247,2.00,1628,39.00,1413,0.16
143,-3.00,204,0.00,200,-2.00,203,-4.00,205,-1.00,202,-4.00,204,-4.00,204,-4.00,1403,-2.00,1503,-3.00,203,-4.00,204,-1.00,201,-4.00,204,-1.00,202,-4.00,203,0.00,1240,0.00,1095,0.00,1633,0.00,1341,-3.00,247,4.00,1628,39.00,1413,0.08
179,-2.00,204,0.00,200,-1.00,203,-4.00,205,-1.00,202,-5.00,204,-4.00,204,-3.00,1403,-3.00,1503,-4.00,203,-2.00,204,-1.00,201,-2.00,204,-1.00,202,-3.00,203,0.00,1240,0.00,1094,0.00,1632,0.00,1342,-2.00,247,4.00,1628,39.00,1413,0.08
214,-4.00,204,0.00,200,-2.00,203,-4.00,205,-1.00,202,-4.00,203,-4.00,204,-2.00,1403,-3.00,1503,-3.00,203,-3.00,204,-1.00,201,-4.00,204,0.00,202,-2.00,203,0.00,1240,0.00,1094,0.00,1632,0.00,1341,-3.00,247,2.00,1628,39.00,1413,0.08
250,-3.00,204,1.00,201,-2.00,203,-5.00,205,-1.00,202,-4.00,204,-5.00,204,-4.00,1403,-3.00,1503,-4.00,203,-4.00,204,-1.00,201,-4.00,204,0.00,202,-2.00,203,0.00,1240,0.00,1094,0.00,1632,0.00,1341,-4.00,247,2.00,1628,39.00,1413,0.00
286,-4.00,204,1.00,200,-2.00,203,-2.00,205,-1.00,202,-5.00,204,-4.00,204,-3.00,1403,-1.00,1503,-4.00,203,-4.00,204,0.00,201,-3.00,204,0.00,202,-3.00,203,0.00,1241,0.00,1094,0.00,1632,0.00,1342,-2.00,247,4.00,1628,39.00,1413,0.00
322,-3.00,204,0.00,200,-2.00,203,-5.00,205,-2.00,202,-4.00,204,-4.00,204,-3.00,1403,-3.00,1503,-4.00,203,-4.00,204,-1.00,201,-2.00,204,-1.00,202,-2.00,203,0.00,1240,0.00,1095,0.00,1632,0.00,1342,-2.00,247,4.00,1628,39.00,1413,0.00
357,-4.00,204,0.00,200,-3.00,203,-6.00,205,0.00,202,-3.00,204,-4.00,204,-3.00,1403,-1.00,1503,-4.00,203,-2.00,204,-1.00,201,-4.00,204,-1.00,202,-4.00,203,0.00,1240,0.00,1094,0.00,1633,0.00,1341,-3.00,247,3.00,1628,39.00,1413,0.08
393,-2.00,204,0.00,200,-2.00,203,-4.00,205,-1.00,202,3.00,204,-5.00,204,-3.00,1403,-3.00,1503,-4.00,203,-4.00,204,-1.00,201,-4.00,204,0.00,202,-4.00,203,0.00,1240,0.00,1094,0.00,1633,0.00,1341,-3.00,247,2.00,1628,39.00,1413,0.08
429,-4.00,204,0.00,200,-3.00,203,-3.00,205,-1.00,202,-3.00,204,-4.00,204,-3.00,1403,-2.00,1503,-5.00,203,-4.00,204,-3.00,201,-2.00,204,0.00,202,-4.00,203,0.00,1240,0.00,1094,0.00,1633,0.00,1342,-5.00,247,4.00,1628,39.00,1413,0.16
465,-2.00,204,0.00,200,-1.00,203,-2.00,205,-1.00,202,-3.00,204,-5.00,204,-3.00,1403,-2.00,1503,7.00,202,-3.00,204,-3.00,201,-5.00,204,0.00,202,-2.00,203,0.00,1240,0.00,1094,0.00,1633,0.00,1342,-2.00,247,4.00,1628,39.00,1413,0.08
500,-3.00,204,0.00,200,-3.00,203,-6.00,205,-1.00,202,-3.00,204,-4.00,204,-3.00,1403,-1.00,1503,-3.00,203,-3.00,204,0.00,201,-2.00,204,-1.00,202,-4.00,203,0.00,1240,0.00,1094,0.00,1632,0.00,1342,-2.00,247,4.00,1628,39.00,1413,0.00
536,-3.00,204,0.00,200,-2.00,203,-5.00,205,0.00,202,-3.00,204,-4.00,204,-4.00,1403,-2.00,1503,0.00,203,-3.00,204,-1.00,201,-4.00,204,-1.00,202,-4.00,203,0.00,1240,0.00,1094,0.00,1633,0.00,1342,-4.00,247,3.00,1628,39.00,1413,0.16
572,-4.00,204,0.00,200,-4.00,203,-5.00,205,-1.00,202,-4.00,204,-5.00,204,-4.00,1403,-1.00,1503,-2.00,203,-3.00,204,0.00,201,-2.00,204,0.00,202,-2.00,203,0.00,1240,0.00,1094,0.00,1632,0.00,1342,-3.00,247,2.00,1628,39.00,1413,0.08
607,-2.00,204,0.00,200,-2.00,203,-4.00,205,-2.00,202,-3.00,204,-4.00,204,-2.00,1403,-1.00,1503,-3.00,203,-2.00,204,-2.00,201,-2.00,204,-1.00,202,-3.00,203,0.00,1240,0.00,1094,0.00,1632,0.00,1342,-2.00,247,4.00,1628,39.00,1413,0.16
643,-3.00,204,0.00,200,-2.00,203,-4.00,205,0.00,202,-4.00,204,-4.00,204,-3.00,1403,-1.00,1503,-3.00,203,-2.00,204,-1.00,201,-4.00,204,0.00,202,-4.00,203,0.00,1240,0.00,1094,0.00,1632,0.00,1342,-3.00,247,2.00,1628,39.00,1413,0.08
679,-3.00,204,0.00,200,-3.00,203,-4.00,205,-1.00,202,-3.00,203,-4.00,204,-3.00,1403,-1.00,1503,-4.00,203,-2.00,204,-1.00,201,-3.00,204,-2.00,202,-3.00,203,0.00,1240,0.00,1094,0.00,1633,0.00,1342,-4.00,247,4.00,1628,39.00,1413,0.16
715,-4.00,204,0.00,200,-2.00,203,-4.00,205,-2.00,202,-4.00,204,-4.00,204,-3.00,1403,-1.00,1503,-2.00,203,-4.00,204,-1.00,201,-4.00,204,-1.00,202,-4.00,203,0.00,1240,0.00,1094,0.00,1633,0.00,1342,-2.00,247,4.00,1628,39.00,1413,0.08
750,-4.00,204,0.00,200,-3.00,203,-5.00,205,-1.00,202,-4.00,204,-4.00,204,-2.00,1403,-2.00,1503,-4.00,203,-4.00,204,-1.00,201,-3.00,204,-1.00,202,-2.00,203,0.00,1240,0.00,1094,0.00,1633,0.00,1342,-4.00,247,3.00,1628,39.00,1413,0.00
786,-3.00,204,0.00,200,-2.00,203,-3.00,205,-2.00,202,-3.00,204,-4.00,204,-4.00,1403,-2.00,1503,-6.00,203,-4.00,204,0.00,201,-5.00,204,-1.00,202,-4.00,203,0.00,1240,0.00,1094,0.00,1632,0.00,1341,-4.00,247,4.00,1628,39.00,1413,0.16
822,-4.00,204,0.00,200,-2.00,203,-2.00,205,0.00,202,-5.00,203,-4.00,204,-3.00,1403,-2.00,1503,-5.00,203,-3.00,204,-1.00,201,-2.00,204,-1.00,202,-2.00,203,0.00,1240,0.00,1094,0.00,1632,0.00,1342,-4.00,247,2.00,1628,39.00,1413,0.08
858,-3.00,204,0.00,200,-1.00,203,-4.00,205,-1.00,202,-4.00,204,-4.00,204,-2.00,1403,-2.00,1503,-4.00,203,-4.00,204,-1.00,201,-4.00,204,-3.00,202,-2.00,203,0.00,1240,0.00,1094,0.00,1633,0.00,1342,-4.00,247,2.00,1628,39.00,1413,0.08
893,-3.00,204,0.00,200,-2.00,203,-4.00,205,-1.00,202,-4.00,204,-4.00,204,-2.00,1403,-3.00,1503,-4.00,203,-1.00,204,-2.00,201,-3.00,204,-1.00,202,-3.00,203,0.00,1240,0.00,1094,0.00,1633,0.00,1342,-2.00,247,3.00,1628,39.00,1413,0.00
929,-4.00,204,0.00,200,-1.00,203,-6.00,205,-1.00,202,-3.00,204,-4.00,204,-4.00,1403,-1.00,1503,-3.00,203,-4.00,204,-1.00,201,-3.00,204,-1.00,202,-2.00,203,0.00,1240,0.00,1095,0.00,1632,0.00,1341,-3.00,247,2.00,1628,40.00,1413,0.24
965,-3.00,204,0.00,200,-2.00,203,-2.00,205,0.00,202,2.00,204,-4.00,204,-3.00,1403,-1.00,1503,-6.00,203,-2.00,204,0.00,201,-2.00,204,-1.00,202,-3.00,203,0.00,1240,0.00,1094,0.00,1633,0.00,1342,-2.00,247,2.00,1628,39.00,1413,0.08
1000,-4.00,204,0.00,200,-1.00,203,-4.00,205,-1.00,202,-4.00,204,-4.00,204,-2.00,1403,-2.00,1503,-7.00,203,-3.00,204,-1.00,201,-4.00,204,-1.00,202,-4.00,203,0.00,1240,0.00,1094,0.00,1633,0.00,1342,-3.00,247,3.00,1628,38.00,1413,0.00
1036,-2.00,204,0.00,200,-2.00,203,-6.00,205,-2.00,202,-2.00,204,-5.00,204,-2.00,1403,-2.00,1503,-5.00,203,-2.00,204,-1.00,201,-2.00,204,0.00,202,-2.00,203,0.00,1240,0.00,1094,0.00,1633,0.00,1342,-1.00,247,4.00,1628,38.00,1413,0.08
1072,-2.00,204,1.00,200,-1.00,203,-3.00,205,-1.00,202,2.00,204,-4.00,204,-2.00,1403,-3.00,1503,-3.00,203,-2.00,204,-1.00,201,-3.00,204,-1.00,202,-4.00,203,0.00,1240,0.00,1094,0.00,1633,0.00,1341,-2.00,247,4.00,1628,39.00,1413,0.08
1108,-3.00,204,0.00,200,-1.00,203,-5.00,205,-1.00,202,-5.00,204,-4.00,204,2.00,1403,-1.00,1503,-4.00,203,-2.00,204,0.00,201,-4.00,204,0.00,202,-2.00,203,0.00,1240,0.00,1094,0.00,1632,0.00,1341,-2.00,247,2.00,1628,39.00,1413,0.08
1143,-3.00,204,0.00,200,-2.00,203,-4.00,205,-2.00,202,-4.00,204,-5.00,204,-4.00,1403,-2.00,1503,-4.00,203,-5.00,204,-1.00,201,-3.00,204,-2.00,202,-2.00,203,0.00,1240,0.00,1094,0.00,1632,0.00,1341,-2.00,247,3.00,1628,39.00,1413,0.08
1179,-2.00,204,0.00,200,-2.00,203,-3.00,205,-1.00,202,2.00,203,-4.00,204,-4.00,1403,-1.00,1503,-5.00,202,-2.00,204,-2.00,201,-3.00,204,-2.00,202,-3.00,203,0.00,1240,0.00,1094,0.00,1633,0.00,1342,-4.00,247,4.00,1628,39.00,1413,0.08
1215,-4.00,204,0.00,200,-1.00,203,-3.00,205,-1.00,202,-3.00,204,-4.00,204,-4.00,1403,-3.00,1503,-5.00,203,-2.00,204,-1.00,201,-3.00,204,-1.00,202,-4.00,203,0.00,1240,0.00,1094,0.00,1633,0.00,1342,-2.00,247,3.00,1628,39.00,1413,0.08
1251,-2.00,204,0.00,200,-3.00,203,-5.00,205,-1.00,202,-6.00,204,-4.00,204,-5.00,1403,-3.00,1503,-4.00,203,-4.00,204,-3.00,201,-2.00,204,-1.00,202,-2.00,203,0.00,1240,0.00,1094,0.00,1632,0.00,1341,-3.00,247,4.00,1628,39.00,1413,0.08
1286,-2.00,204,0.00,200,-3.00,203,-4.00,205,-1.00,202,0.00,204,-4.00,204,-4.00,1403,-2.00,1503,-3.00,203,-2.00,204,-2.00,201,-1.00,204,0.00,202,-2.00,203,0.00,1240,0.00,1094,0.00,1633,0.00,1341,-2.00,247,4.00,1628,39.00,1413,0.08
1322,-2.00,204,0.00,200,-3.00,203,-4.00,205,-1.00,202,-3.00,204,-4.00,204,-2.00,1403,-1.00,1503,6.00,203,-3.00,204,0.00,201,-2.00,204,-1.00,202,-2.00,203,0.00,1241,0.00,1094,0.00,1632,0.00,1342,-3.00,247,3.00,1628,39.00,1413,0.00
1358,-2.00,204,1.00,200,-1.00,203,-3.00,205,0.00,202,-1.00,204,-3.00,204,-2.00,1403,-3.00,1503,-4.00,203,-2.00,204,-1.00,201,-2.00,204,-2.00,202,-3.00,203,0.00,1240,0.00,1094,0.00,1632,0.00,1342,-2.00,247,4.00,1628,39.00,1413,0.16
1394,-2.00,204,0.00,200,-2.00,203,-2.00,205,-1.00,202,-4.00,204,-4.00,204,-3.00,1403,-1.00,1503,-5.00,203,-2.00,204,-1.00,201,-4.00,204,-1.00,202,-2.00,203,0.00,1240,0.00,1094,0.00,1633,0.00,1342,-3.00,247,2.00,1628,39.00,1413,0.08
1429,0.00,204,0.00,200,-1.00,203,-4.00,205,-1.00,202,-3.00,204,-4.00,204,-2.00,1403,-2.00,1503,-3.00,202,-1.00,204,0.00,201,-4.00,204,-1.00,202,-2.00,203,0.00,1240,0.00,1094,0.00,1632,0.00,1342,-3.00,247,2.00,1628,39.00,1413,0.16
1465,-2.00,204,0.00,200,-1.00,203,-4.00,205,-1.00,202,-3.00,204,-4.00,204,-2.00,1403,-3.00,1503,-5.00,203,-3.00,204,-1.00,201,-5.00,204,-1.00,202,-3.00,203,0.00,1240,0.00,1094,0.00,1632,0.00,1341,-4.00,247,4.00,1628,39.00,1413,0.00
1501,-3.00,204,-3.00,200,-1.00,203,-4.00,205,0.00,202,-5.00,204,-4.00,204,-3.00,1403,-3.00,1503,-3.00,203,-5.00,204,-1.00,201,-4.00,204,0.00,202,-2.00,203,0.00,1240,0.00,1094,0.00,1633,0.00,1342,-4.00,247,4.00,1628,39.00,1413,0.08
1536,-4.00,204,0.00,201,-1.00,203,-2.00,205,-1.00,202,-5.00,204,-4.00,204,-3.00,1403,-2.00,1503,-2.00,203,-4.00,204,-1.00,201,-2.00,204,0.00,202,-3.00,203,0.00,1240,0.00,1095,0.00,1632,0.00,1342,-1.00,247,3.00,1628,40.00,1413,0.08
1572,-2.00,204,0.00,200,-1.00,203,-3.00,205,-1.00,202,-5.00,204,-4.00,204,-3.00,1403,-2.00,1503,-5.00,203,-4.00,204,0.00,201,-4.00,204,-1.00,202,-3.00,203,0.00,1240,0.00,1095,0.00,1633,0.00,1342,-4.00,247,4.00,1628,39.00,1413,0.00
1608,-3.00,204,0.00,200,-3.00,203,-4.00,205,-2.00,202,-3.00,204,-4.00,204,-2.00,1403,-1.00,1503,-4.00,203,-2.00,204,-1.00,201,-3.00,204,-1.00,202,-2.00,203,0.00,1240,0.00,1094,0.00,1632,0.00,1342,-2.00,247,3.00,1628,39.00,1413,0.32
1644,-3.00,204,0.00,200,-1.00,203,-5.00,205,-1.00,202,-5.00,204,-4.00,204,-3.00,1403,-3.00,1503,-3.00,203,-4.00,204,-1.00,201,-2.00,204,-1.00,202,-2.00,203,0.00,1240,0.00,1094,0.00,1632,0.00,1342,-2.00,247,4.00,1628,39.00,1413,0.00
1679,-6.00,204,0.00,200,-1.00,203,-3.00,205,-1.00,202,-4.00,204,-5.00,204,-3.00,1403,-2.00,1503,-5.00,203,-2.00,204,-1.00,201,-2.00,204,-1.00,202,-4.00,203,0.00,1240,0.00,1094,0.00,1632,0.00,1342,-4.00,247,3.00,1628,39.00,1413,0.08
1715,-3.00,204,1.00,200,-2.00,203,-5.00,205,-2.00,202,-4.00,204,-5.00,204,-4.00,1403,-3.00,1503,-3.00,203,-5.00,204,-1.00,201,-2.00,204,0.00,202,-4.00,203,0.00,1240,0.00,1094,0.00,1633,0.00,1342,-2.00,247,4.00,1628,39.00,1413,0.08
1751,-2.00,204,0.00,200,-2.00,203,-4.00,205,0.00,202,4.00,204,-4.00,204,-3.00,1403,-3.00,1503,0.00,203,-1.00,204,-1.00,201,-4.00,204,-1.00,202,-4.00,203,0.00,1241,0.00,1094,0.00,1633,0.00,1342,-3.00,247,2.00,1628,40.00,1413,0.08
1787,-4.00,204,1.00,200,-3.00,203,-4.00,205,-1.00,202,4.00,204,-4.00,204,-4.00,1403,-1.00,1503,-2.00,203,-3.00,204,-3.00,201,-3.00,204,-1.00,202,-4.00,203,0.00,1240,0.00,1094,0.00,1633,0.00,1342,-3.00,247,3.00,1628,39.00,1413,0.16
1823,-4.00,204,0.00,200,-1.00,203,-5.00,205,-1.00,202,-5.00,204,-4.00,204,-2.00,1403,-2.00,1503,-3.00,203,-4.00,204,-1.00,201,-1.00,204,-1.00,202,-3.00,203,0.00,1240,0.00,1094,0.00,1633,0.00,1341,-4.00,247,3.00,1628,39.00,1413,0.08
1858,-3.00,204,0.00,201,-1.00,203,-4.00,205,-1.00,202,-4.00,204,-4.00,204,-4.00,1403,-1.00,1503,-3.00,203,-1.00,204,-2.00,201,-2.00,204,0.00,202,-3.00,203,0.00,1240,0.00,1095,0.00,1633,0.00,1342,-3.00,247,3.00,1628,39.00,1413,0.65
1894,-4.00,204,0.00,200,-1.00,203,-4.00,205,-1.00,202,-5.00,204,-5.00,204,-4.00,1403,-2.00,1503,-4.00,203,-4.00,204,-2.00,201,-4.00,204,-1.00,202,-4.00,203,0.00,1240,0.00,1094,0.00,1633,0.00,1342,-2.00,247,3.00,1628,39.00,1413,0.16
1930,-4.00,204,0.00,200,-1.00,203,-5.00,205,-1.00,202,-3.00,204,-4.00,204,-3.00,1403,-3.00,1503,-2.00,203,-1.00,204,-1.00,201,-3.00,204,-1.00,202,-4.00,203,0.00,1240,0.00,1094,0.00,1632,0.00,1341,-4.00,247,3.00,1628,39.00,1413,0.32
1966,-4.00,204,0.00,200,-2.00,203,-2.00,205,-1.00,202,-3.00,204,-4.00,204,-4.00,1403,-1.00,1503,-4.00,203,-2.00,204,-1.00,201,-3.00,204,-1.00,202,-2.00,203,0.00,1240,0.00,1094,0.00,1632,0.00,1342,-4.00,247,4.00,1628,39.00,1413,0.08
2002,-3.00,204,0.00,200,-3.00,203,-2.00,205,-1.00,202,-5.00,204,-4.00,204,-2.00,1403,-1.00,1503,-9.00,203,-4.00,204,-2.00,201,-4.00,204,-1.00,202,-2.00,203,0.00,1240,0.00,1094,0.00,1633,0.00,1341,-2.00,247,2.00,1628,39.00,1413,0.08
2037,-3.00,204,0.00,200,-2.00,203,-6.00,205,-1.00,202,-5.00,204,-4.00,204,-3.00,1403,-2.00,1503,-2.00,203,-2.00,204,-1.00,201,-4.00,204,-2.00,202,-4.00,203,0.00,1240,0.00,1094,0.00,1633,0.00,1342,-3.00,247,4.00,1628,39.00,1413,0.00
2073,-2.00,204,0.00,200,-2.00,203,-2.00,205,0.00,202,-4.00,204,-4.00,204,-2.00,1403,-3.00,1503,-3.00,203,-2.00,204,-1.00,201,-3.00,204,-2.00,202,-3.00,203,0.00,1240,0.00,1095,0.00,1632,0.00,1342,-2.00,247,3.00,1628,39.00,1413,0.08
2109,-2.00,204,0.00,200,-1.00,203,-4.00,205,0.00,202,-4.00,203,-4.00,204,-4.00,1403,-2.00,1503,-2.00,202,-2.00,204,0.00,201,-4.00,204,0.00,202,-3.00,203,0.00,1240,0.00,1094,0.00,1632,0.00,1342,-5.00,247,3.00,1628,39.00,1413,0.08
2145,-3.00,204,0.00,200,-1.00,203,-4.00,205,0.00,202,-4.00,204,-5.00,204,-2.00,1403,-1.00,1503,-3.00,203,-3.00,204,0.00,201,-5.00,204,-1.00,202,-4.00,203,0.00,1240,0.00,1094,0.00,1632,0.00,1342,-3.00,247,2.00,1628,39.00,1413,0.00
2181,-4.00,204,0.00,200,-2.00,203,-3.00,205,-2.00,202,-2.00,203,-4.00,204,-2.00,1403,-2.00,1503,-2.00,203,-3.00,204,-2.00,201,-4.00,204,-1.00,202,-3.00,203,0.00,1240,0.00,1094,0.00,1633,0.00,1342,-3.00,247,3.00,1628,39.00,1413,0.16
2216,-2.00,204,0.00,200,-2.00,203,-5.00,205,-1.00,202,-3.00,204,-4.00,204,-3.00,1403,-3.00,1503,-4.00,203,-4.00,204,0.00,201,-4.00,204,-1.00,202,-4.00,203,0.00,1240,0.00,1094,0.00,1632,0.00,1342,-2.00,247,3.00,1628,40.00,1413,0.08
2252,-4.00,204,0.00,200,-1.00,203,-4.00,205,-2.00,202,-5.00,204,-4.00,204,-2.00,1403,-2.00,1503,6.00,203,-3.00,204,0.00,201,-5.00,204,0.00,202,-4.00,203,0.00,1240,0.00,1094,0.00,1633,0.00,1341,-2.00,247,3.00,1628,40.00,1413,0.00
2288,-3.00,204,0.00,200,-2.00,203,-5.00,205,0.00,202,-3.00,203,-4.00,204,-3.00,1403,-2.00,1503,-3.00,203,-3.00,204,-2.00,201,-2.00,204,-1.00,202,-3.00,203,0.00,1240,0.00,1094,0.00,1632,0.00,1342,-4.00,247,2.00,1628,39.00,1413,0.81
2324,-5.00,204,0.00,200,-2.00,203,-4.00,205,-1.00,202,-4.00,204,-4.00,204,-4.00,1403,-1.00,1503,-4.00,203,-4.00,204,-1.00,201,-2.00,204,-2.00,202,-3.00,203,0.00,1240,0.00,1094,0.00,1632,0.00,1342,-3.00,247,4.00,1628,39.00,1413,0.08
2360,-5.00,204,0.00,200,-2.00,203,-5.00,205,-1.00,202,-4.00,203,-4.00,204,-2.00,1403,-1.00,1503,-4.00,203,-3.00,204,-1.00,201,-2.00,204,-2.00,202,-3.00,203,0.00,1240,0.00,1094,0.00,1632,0.00,1342,-2.00,247,4.00,1628,39.00,1413,0.08
2395,-2.00,204,0.00,200,-1.00,203,-3.00,205,-1.00,202,-4.00,204,-4.00,204,-2.00,1403,-3.00,1503,-3.00,203,-4.00,204,0.00,201,-4.00,204,-1.00,202,-3.00,203,0.00,1241,0.00,1094,0.00,1633,0.00,1341,-3.00,247,2.00,1628,39.00,1413,0.00
2431,-3.00,204,0.00,200,-3.00,203,-2.00,205,-1.00,202,-4.00,203,-4.00,204,-4.00,1403,-3.00,1503,-4.00,203,-3.00,204,0.00,201,-3.00,204,0.00,202,-3.00,203,0.00,1240,0.00,1094,0.00,1632,0.00,1342,-4.00,247,4.00,1628,39.00,1413,0.16
2467,-3.00,204,0.00,200,-2.00,203,-3.00,205,-1.00,202,-2.00,204,-4.00,204,-4.00,1403,-3.00,1503,6.00,203,-4.00,204,-1.00,201,-3.00,204,0.00,202,-3.00,203,0.00,1240,0.00,1094,0.00,1633,0.00,1342,-2.00,247,3.00,1628,39.00,1413,0.08
2502,-4.00,204,0.00,200,-2.00,203,-2.00,205,0.00,202,2.00,204,-4.00,204,-3.00,1403,-2.00,1503,-2.00,203,-3.00,204,-1.00,201,-4.00,204,-1.00,202,-4.00,203,0.00,1240,0.00,1094,0.00,1632,0.00,1342,-2.00,247,4.00,1628,39.00,1413,0.08
2538,-4.00,204,1.00,200,-1.00,203,-2.00,205,0.00,202,-3.00,204,-4.00,204,-3.00,1403,-3.00,1503,3.00,203,-3.00,204,0.00,201,-4.00,204,-1.00,202,-4.00,203,0.00,1240,0.00,1094,0.00,1633,0.00,1341,-5.00,247,4.00,1628,39.00,1413,0.16
2574,-6.00,204,0.00,200,-3.00,203,-4.00,205,-1.00,202,-5.00,204,-4.00,204,-3.00,1403,-3.00,1503,-3.00,203,-4.00,204,-1.00,201,-3.00,204,-1.00,202,-3.00,203,0.00,1240,0.00,1094,0.00,1633,0.00,1342,-4.00,247,3.00,1628,39.00,1413,0.16
2610,-4.00,204,0.00,200,-2.00,203,-4.00,205,-1.00,202,-5.00,204,-3.00,204,-2.00,1403,-2.00,1503,-5.00,203,-3.00,204,-1.00,201,-5.00,204,-1.00,202,-4.00,203,0.00,1240,0.00,1094,0.00,1633,0.00,1342,-5.00,247,3.00,1628,38.00,1413,0.00
2645,-2.00,204,1.00,200,-2.00,203,-2.00,205,-1.00,202,-5.00,204,-4.00,204,-4.00,1403,-3.00,1503,-4.00,203,-3.00,204,0.00,201,-4.00,204,-1.00,202,-4.00,203,0.00,1240,0.00,1094,0.00,1632,0.00,1342,-3.00,247,3.00,1628,39.00,1413,0.08
2681,-1.00,204,0.00,200,-1.00,203,-3.00,205,-1.00,202,-2.00,204,-4.00,204,-3.00,1403,-1.00,1503,-4.00,203,-3.00,204,-1.00,201,-2.00,204,0.00,202,-2.00,203,0.00,1240,0.00,1094,0.00,1632,0.00,1341,-3.00,247,2.00,1628,39.00,1413,0.00
2717,-4.00,204,0.00,200,-1.00,203,-3.00,205,-1.00,202,-4.00,204,-4.00,204,-3.00,1403,-2.00,1503,-3.00,203,-3.00,204,-1.00,201,-3.00,204,0.00,202,-2.00,203,0.00,1240,0.00,1095,0.00,1633,0.00,1342,-3.00,247,3.00,1628,39.00,1413,0.00
2753,-2.00,204,0.00,200,-2.00,203,-2.00,205,-1.00,202,-3.00,203,-4.00,204,-4.00,1403,-2.00,1503,-5.00,202,-2.00,204,-1.00,201,-5.00,204,-1.00,202,-3.00,203,0.00,1240,0.00,1094,0.00,1633,0.00,1342,-3.00,247,4.00,1628,39.00,1413,0.00
2788,-3.00,204,0.00,200,-3.00,203,-3.00,205,-1.00,202,1.00,204,-4.00,204,-3.00,1403,-1.00,1503,-6.00,203,-2.00,204,-1.00,201,-4.00,204,-2.00,202,-3.00,203,0.00,1240,0.00,1094,0.00,1632,0.00,1342,-2.00,247,3.00,1628,39.00,1413,0.40
2824,-4.00,204,0.00,200,-1.00,203,-5.00,205,-2.00,202,-5.00,204,-4.00,204,-2.00,1403,-2.00,1503,-2.00,203,-3.00,204,-1.00,201,-3.00,204,-1.00,202,-3.00,203,0.00,1240,0.00,1094,0.00,1633,0.00,1342,-3.00,247,4.00,1628,39.00,1413,0.08
2860,-3.00,204,0.00,200,-1.00,203,-3.00,205,-1.00,202,-3.00,204,-4.00,204,-2.00,1403,-2.00,1503,-6.00,203,-3.00,204,-1.00,201,-3.00,204,-2.00,202,-2.00,203,0.00,1241,0.00,1094,0.00,1633,0.00,1341,-4.00,247,2.00,1628,39.00,1413,0.08
2896,-1.00,204,0.00,200,-2.00,203,-3.00,205,-2.00,202,5.00,204,-4.00,204,3.00,1403,-1.00,1503,-6.00,203,-4.00,204,-1.00,201,-4.00,204,-1.00,202,-4.00,203,0.00,1240,0.00,1095,0.00,1632,0.00,1342,-2.00,247,4.00,1628,40.00,1413,0.08
2931,-4.00,204,0.00,200,-2.00,203,-5.00,205,-1.00,202,-4.00,204,-4.00,204,-3.00,1403,-2.00,1503,-3.00,203,-2.00,204,-1.00,201,-3.00,204,-1.00,202,-3.00,203,0.00,1240,0.00,1095,0.00,1633,0.00,1342,-2.00,247,3.00,1628,39.00,1413,0.00
2967,-4.00,204,0.00,200,-2.00,203,-2.00,205,-1.00,202,-3.00,203,-4.00,204,-4.00,1403,-2.00,1503,2.00,203,-2.00,204,-1.00,201,-2.00,204,-2.00,202,-3.00,203,0.00,1240,0.00,1095,0.00,1633,0.00,1342,-2.00,247,2.00,1628,39.00,1413,0.08
3003,-2.00,204,0.00,200,-2.00,203,-5.00,205,0.00,202,-3.00,204,-4.00,204,-2.00,1403,-2.00,1503,-6.00,203,-3.00,204,0.00,201,-4.00,204,-1.00,202,-4.00,203,0.00,1240,0.00,1094,0.00,1633,0.00,1342,-2.00,247,4.00,1628,39.00,1413,0.32
3039,-2.00,204,0.00,200,-3.00,203,-3.00,205,-1.00,202,-3.00,204,-4.00,204,-3.00,1403,-2.00,1503,-3.00,203,-4.00,204,-2.00,201,-2.00,204,-1.00,202,-3.00,203,0.00,1240,0.00,1094,0.00,1632,0.00,1341,-4.00,247,3.00,1628,39.00,1413,0.08
3074,-3.00,204,0.00,200,0.00,203,-2.00,205,-1.00,202,-3.00,204,-3.00,204,-3.00,1403,-2.00,1503,-4.00,203,-2.00,204,-1.00,201,-2.00,204,-1.00,202,-3.00,203,0.00,1241,0.00,1094,0.00,1632,0.00,1341,-3.00,247,4.00,1628,39.00,1413,0.00
3110,-3.00,204,0.00,200,-2.00,203,-3.00,205,0.00,202,-4.00,204,-4.00,204,-4.00,1403,-2.00,1503,-3.00,203,-3.00,204,0.00,201,-2.00,204,-1.00,202,-2.00,203,0.00,1240,0.00,1094,0.00,1632,0.00,1342,-2.00,247,2.00,1628,39.00,1413,0.16
3146,-3.00,204,0.00,200,-2.00,203,-3.00,205,-1.00,202,-4.00,204,-4.00,204,-4.00,1403,-1.00,1503,-2.00,203,-4.00,204,-1.00,201,-4.00,204,-2.00,202,-2.00,203,0.00,1240,0.00,1094,0.00,1633,0.00,1342,-2.00,247,2.00,1628,39.00,1413,0.16
3182,-4.00,204,0.00,200,-1.00,203,-4.00,205,-2.00,202,-3.00,204,-3.00,204,-3.00,1403,-3.00,1503,-4.00,203,-3.00,204,-1.00,201,-4.00,204,-1.00,202,-4.00,203,0.00,1241,0.00,1094,0.00,1633,0.00,1342,-2.00,247,4.00,1628,39.00,1413,0.00
3217,-4.00,204,0.00,200,-2.00,203,-5.00,205,-2.00,202,-3.00,204,-4.00,204,-4.00,1403,-2.00,1503,-4.00,203,-2.00,204,0.00,201,-4.00,204,-1.00,202,-4.00,203,0.00,1240,0.00,1094,0.00,1633,0.00,1342,-4.00,247,3.00,1628,39.00,1413,0.00
3253,-3.00,204,1.00,200,-1.00,203,-3.00,205,-1.00,202,-4.00,204,-4.00,204,-4.00,1403,-3.00,1503,-5.00,203,-3.00,204,-2.00,201,-3.00,204,-2.00,202,-2.00,203,0.00,1240,0.00,1095,0.00,1632,0.00,1342,-2.00,247,4.00,1628,39.00,1413,0.08
3289,-2.00,204,0.00,200,-3.00,203,-4.00,205,-1.00,202,0.00,204,-4.00,204,-2.00,1403,-2.00,1503,-3.00,203,-3.00,204,-3.00,201,-2.00,204,0.00,202,-2.00,203,0.00,1240,0.00,1094,0.00,1633,0.00,1342,-5.00,247,3.00,1628,39.00,1413,0.08
3325,-4.00,204,-2.00,200,-2.00,203,-4.00,205,-1.00,202,-3.00,204,-4.00,204,-3.00,1403,-2.00,1503,-4.00,203,-4.00,204,-2.00,201,-2.00,204,-1.00,202,-3.00,203,0.00,1240,0.00,1094,0.00,1633,0.00,1342,-2.00,247,2.00,1628,39.00,1413,0.00
3361,-4.00,204,-4.00,200,-2.00,203,-5.00,205,-1.00,202,-5.00,204,-4.00,204,-3.00,1403,-3.00,1503,-3.00,203,-2.00,204,-1.00,201,-4.00,204,-1.00,202,-4.00,203,0.00,1240,0.00,1094,0.00,1632,0.00,1342,-3.00,247,3.00,1628,40.00,1413,0.08
3396,-3.00,204,0.00,200,-3.00,203,-4.00,205,-1.00,202,-5.00,204,-4.00,204,-4.00,1404,-3.00,1503,-3.00,203,-4.00,204,-2.00,201,-4.00,204,-2.00,202,-3.00,203,0.00,1240,0.00,1095,0.00,1633,0.00,1341,-3.00,247,3.00,1628,38.00,1413,0.08
3432,-2.00,204,0.00,200,-2.00,203,-5.00,205,-1.00,202,0.00,204,-4.00,204,-2.00,1403,-3.00,1503,-3.00,203,-2.00,204,-1.00,201,-4.00,204,-1.00,202,-3.00,203,0.00,1240,0.00,1094,0.00,1632,0.00,1342,-4.00,247,4.00,1628,39.00,1413,0.08
3468,-4.00,204,0.00,200,-2.00,203,-5.00,205,0.00,202,2.00,204,-4.00,204,-3.00,1403,-1.00,1503,-2.00,203,-3.00,204,-1.00,201,-4.00,204,-1.00,202,-4.00,203,0.00,1240,0.00,1094,0.00,1633,0.00,1341,-4.00,247,3.00,1628,39.00,1413,0.32
3504,-2.00,204,-4.00,200,-2.00,203,-2.00,205,-1.00,202,-4.00,204,-4.00,204,-2.00,1403,-2.00,1503,-2.00,203,-3.00,204,0.00,201,-4.00,204,-1.00,202,-4.00,203,0.00,1240,0.00,1095,0.00,1633,0.00,1342,-3.00,247,2.00,1628,39.00,1413,0.00
3539,-3.00,204,0.00,200,-3.00,203,-4.00,205,-1.00,202,-5.00,204,-4.00,204,-3.00,1403,-3.00,1503,-3.00,203,-3.00,204,-1.00,201,-4.00,204,0.00,202,-3.00,203,0.00,1240,0.00,1094,0.00,1633,0.00,1341,-3.00,247,3.00,1628,39.00,1413,0.08
3575,-3.00,204,0.00,200,-1.00,203,-2.00,205,-1.00,202,-2.00,203,-3.00,204,-3.00,1403,-2.00,1503,-4.00,203,-4.00,204,0.00,201,-2.00,204,-1.00,202,-3.00,203,0.00,1240,0.00,1094,0.00,1632,0.00,1341,-4.00,247,4.00,1628,39.00,1413,0.08
3611,-3.00,204,0.00,200,-1.00,203,-5.00,205,-1.00,202,-3.00,203,-4.00,204,-3.00,1403,-2.00,1503,-3.00,203,-2.00,204,-1.00,201,-4.00,204,0.00,202,-4.00,203,0.00,1240,0.00,1094,0.00,1633,0.00,1342,-3.00,247,3.00,1628,39.00,1413,0.16
3647,-3.00,204,0.00,200,-2.00,203,-3.00,205,0.00,202,-5.00,204,-4.00,204,-3.00,1403,-3.00,1503,-5.00,203,-5.00,204,-1.00,201,-4.00,204,-1.00,202,-2.00,203,0.00,1240,0.00,1094,0.00,1633,0.00,1342,-3.00,247,2.00,1628,39.00,1413,0.08
3683,-2.00,204,0.00,200,-1.00,203,-5.00,205,-1.00,202,-4.00,204,-4.00,204,-4.00,1403,-2.00,1503,-5.00,203,-2.00,204,0.00,201,-4.00,204,-1.00,202,-3.00,203,0.00,1240,0.00,1095,0.00,1632,0.00,1341,-2.00,247,4.00,1628,39.00,1413,0.08
3718,-3.00,204,0.00,200,-1.00,203,-2.00,205,-1.00,202,-4.00,203,-4.00,204,-3.00,1403,-2.00,1503,-2.00,203,-4.00,204,0.00,201,-3.00,204,-1.00,202,-3.00,203,0.00,1240,0.00,1094,0.00,1633,0.00,1342,-3.00,247,4.00,1628,39.00,1413,0.16
3754,-3.00,204,0.00,200,-3.00,203,-3.00,205,-1.00,202,-3.00,204,-4.00,204,-4.00,1403,-1.00,1503,-3.00,203,-4.00,204,-2.00,201,-4.00,204,-1.00,202,-3.00,203,0.00,1240,0.00,1094,0.00,1632,0.00,1342,-2.00,247,2.00,1628,39.00,1413,0.24
3790,-3.00,204,0.00,200,-3.00,203,-2.00,205,-1.00,202,-5.00,204,-3.00,204,-2.00,1403,-1.00,1503,-3.00,203,-2.00,204,-1.00,201,-4.00,204,-2.00,202,-3.00,203,0.00,1240,0.00,1094,0.00,1632,0.00,1342,-3.00,247,4.00,1628,39.00,1413,0.16
3826,-3.00,204,0.00,200,-2.00,203,-4.00,205,-1.00,202,-4.00,204,-4.00,204,-3.00,1403,-2.00,1503,-3.00,203,-3.00,204,-1.00,201,-2.00,204,-1.00,202,-4.00,203,0.00,1240,0.00,1094,0.00,1632,0.00,1341,-2.00,247,2.00,1628,39.00,1413,0.08
3861,-3.00,204,0.00,200,-2.00,203,-2.00,205,-2.00,202,3.00,204,-4.00,204,-3.00,1403,-2.00,1503,-4.00,203,-5.00,204,-1.00,201,-2.00,204,-1.00,202,-2.00,203,0.00,1240,0.00,1094,0.00,1632,0.00,1342,-4.00,247,3.00,1628,39.00,1413,0.08
3897,-4.00,204,0.00,200,-3.00,203,-3.00,205,-1.00,202,-4.00,204,-4.00,204,-4.00,1403,-1.00,1503,-2.00,203,-3.00,204,-2.00,201,-2.00,204,-1.00,202,-3.00,203,0.00,1240,0.00,1094,0.00,1633,0.00,1342,-2.00,247,4.00,1628,38.00,1413,0.40
3933,-2.00,204,0.00,200,-1.00,203,-4.00,205,-1.00,202,-2.00,204,-4.00,204,-4.00,1403,-2.00,1503,-5.00,203,-3.00,204,-1.00,201,-3.00,204,0.00,202,-2.00,203,0.00,1240,0.00,1094,0.00,1633,0.00,1342,-5.00,247,3.00,1628,39.00,1413,0.16
3969,-4.00,204,0.00,200,-1.00,203,-2.00,205,-1.00,202,-4.00,204,-4.00,204,-3.00,1403,-2.00,1503,-5.00,203,-2.00,204,-2.00,201,-4.00,204,-1.00,202,-3.00,203,0.00,1240,0.00,1094,0.00,1633,0.00,1342,-2.00,247,3.00,1628,39.00,1413,0.08
4004,-4.00,204,0.00,200,-3.00,203,-4.00,205,-1.00,202,-5.00,204,-4.00,204,-3.00,1403,-1.00,1503,6.00,203,-2.00,204,-2.00,201,-3.00,204,-1.00,202,-2.00,203,0.00,1240,0.00,1095,0.00,1632,0.00,1342,-2.00,247,2.00,1628,39.00,1413,0.24
4040,-3.00,204,0.00,200,-2.00,203,-5.00,205,-1.00,202,3.00,204,-4.00,204,-3.00,1403,-2.00,1503,-2.00,203,-4.00,204,-1.00,201,-3.00,204,-1.00,202,-3.00,203,0.00,1240,0.00,1095,0.00,1632,0.00,1342,-4.00,247,2.00,1628,38.00,1413,0.08
4076,-2.00,204,0.00,200,-2.00,203,-5.00,205,-1.00,202,-4.00,204,-4.00,204,-3.00,1403,-1.00,1503,-4.00,202,-4.00,204,-1.00,201,-2.00,204,-1.00,202,-3.00,203,0.00,1240,0.00,1094,0.00,1633,0.00,1342,-2.00,247,3.00,1628,39.00,1413,0.16
4112,-4.00,204,0.00,200,-2.00,203,-5.00,205,-1.00,202,-4.00,203,-4.00,204,-3.00,1403,-1.00,1503,-4.00,203,-2.00,204,-1.00,201,-2.00,204,-1.00,202,-2.00,203,0.00,1240,0.00,1094,0.00,1633,0.00,1342,-2.00,247,3.00,1628,39.00,1413,0.24
4147,-3.00,204,0.00,200,-1.00,203,-3.00,205,-1.00,202,-4.00,204,-4.00,204,-4.00,1403,-2.00,1503,-5.00,203,-2.00,204,-2.00,201,-5.00,204,-1.00,202,-4.00,203,0.00,1240,0.00,1095,0.00,1633,0.00,1342,-4.00,247,3.00,1628,39.00,1413,0.40
4183,-4.00,204,0.00,200,-3.00,203,-5.00,205,-1.00,202,-3.00,204,-4.00,204,-1.00,1403,-1.00,1503,-2.00,203,-5.00,204,-1.00,201,-4.00,204,-1.00,202,-2.00,203,0.00,1240,0.00,1094,0.00,1632,0.00,1342,-2.00,247,2.00,1628,39.00,1413,0.16
4219,-3.00,204,0.00,200,-1.00,203,-3.00,205,-1.00,202,-4.00,204,-4.00,204,-3.00,1404,-1.00,1503,-4.00,202,-2.00,204,-1.00,201,-3.00,204,0.00,202,-2.00,203,0.00,1240,0.00,1094,0.00,1632,0.00,1342,-3.00,247,3.00,1628,39.00,1413,0.32
4255,-4.00,204,0.00,200,-1.00,203,-2.00,205,-1.00,202,-7.00,204,-4.00,204,-2.00,1403,-1.00,1503,1.00,203,-4.00,204,-1.00,201,-4.00,204,-1.00,202,-3.00,203,0.00,1241,0.00,1094,0.00,1632,0.00,1342,-3.00,247,3.00,1628,39.00,1413,0.32
4290,-3.00,204,0.00,200,-2.00,203,-5.00,205,-2.00,202,0.00,204,-4.00,204,-4.00,1403,-3.00,1503,-4.00,202,-3.00,204,-1.00,201,-3.00,204,-1.00,202,-3.00,203,0.00,1240,0.00,1094,0.00,1632,0.00,1342,-4.00,247,3.00,1628,39.00,1413,0.24
4326,-4.00,204,0.00,200,-3.00,203,-5.00,205,-1.00,202,-3.00,204,-4.00,204,-3.00,1403,-2.00,1503,4.00,203,-4.00,204,-2.00,201,-3.00,204,-3.00,202,-4.00,203,0.00,1240,0.00,1094,0.00,1633,0.00,1342,-4.00,247,3.00,1628,39.00,1413,0.24
4362,-4.00,204,0.00,200,-1.00,203,-6.00,205,-2.00,202,-5.00,204,-4.00,204,-3.00,1403,-1.00,1503,-3.00,203,-4.00,204,-1.00,201,-2.00,204,-1.00,202,-4.00,203,0.00,1240,0.00,1094,0.00,1632,0.00,1342,-4.00,247,3.00,1628,38.00,1413,0.32
4398,-4.00,204,0.00,200,-2.00,203,-3.00,205,-1.00,202,-1.00,203,-4.00,204,-4.00,1403,-3.00,1503,-4.00,203,-3.00,204,-1.00,201,-3.00,204,-1.00,202,-3.00,203,0.00,1240,0.00,1094,0.00,1632,0.00,1342,-5.00,247,2.00,1628,39.00,1413,0.32
4433,-3.00,204,0.00,200,-2.00,203,-2.00,205,-1.00,202,-4.00,204,-4.00,204,-3.00,1403,-1.00,1503,-4.00,203,-3.00,204,0.00,201,-1.00,204,0.00,202,-4.00,203,0.00,1240,0.00,1094,0.00,1632,0.00,1342,-3.00,247,4.00,1628,39.00,1413,0.32
4469,-2.00,204,0.00,200,-2.00,203,-2.00,205,-1.00,202,-3.00,204,-4.00,204,-3.00,1403,-1.00,1503,-5.00,203,-3.00,204,-1.00,201,-3.00,204,-1.00,202,-3.00,203,0.00,1240,0.00,1094,0.00,1632,0.00,1342,-2.00,247,3.00,1628,39.00,1413,0.16
4505,-3.00,204,0.00,200,-1.00,203,-3.00,205,-1.00,202,-3.00,204,-5.00,204,-4.00,1403,-3.00,1503,-4.00,203,-4.00,204,-2.00,201,-4.00,204,-1.00,202,-4.00,203,0.00,1240,0.00,1094,0.00,1632,0.00,1342,-3.00,247,2.00,1628,39.00,1413,0.24
4541,-4.00,204,0.00,200,-3.00,203,-3.00,205,0.00,202,-3.00,204,-3.00,204,-3.00,1403,-3.00,1503,-3.00,203,-2.00,204,0.00,201,-4.00,204,-1.00,202,-4.00,203,0.00,1240,0.00,1094,0.00,1633,0.00,1342,-2.00,247,4.00,1628,39.00,1413,0.32
4576,-2.00,204,0.00,200,-1.00,203,-5.00,205,-1.00,202,0.00,204,-4.00,204,-3.00,1403,-2.00,1503,-4.00,203,-4.00,204,-2.00,201,-4.00,204,-1.00,202,-2.00,203,0.00,1240,0.00,1094,0.00,1633,0.00,1342,-2.00,247,2.00,1628,39.00,1413,0.16
4612,-3.00,204,0.00,200,-2.00,203,-3.00,205,-2.00,202,-5.00,204,-4.00,204,-3.00,1403,-1.00,1503,-3.00,203,-3.00,204,-1.00,201,-4.00,204,-1.00,202,-2.00,203,0.00,1240,0.00,1094,0.00,1633,0.00,1342,-4.00,247,5.00,1628,39.00,1413,0.32
4648,-4.00,203,0.00,200,-3.00,203,-4.00,205,-1.00,202,-5.00,203,-4.00,204,-2.00,1403,-3.00,1503,-4.00,203,-4.00,204,-2.00,201,-3.00,204,-1.00,202,-4.00,203,0.00,1240,0.00,1094,0.00,1632,0.00,1342,-4.00,247,3.00,1628,39.00,1413,0.24
4684,-3.00,204,0.00,200,-2.00,203,-5.00,205,-1.00,202,-4.00,204,-4.00,204,-4.00,1403,-2.00,1503,-2.00,203,-4.00,204,0.00,201,-3.00,204,-1.00,202,-4.00,203,0.00,1240,0.00,1094,0.00,1632,0.00,1343,-4.00,247,3.00,1628,39.00,1413,0.32
4719,-2.00,204,0.00,200,-2.00,203,-5.00,205,0.00,202,-1.00,204,-4.00,204,-3.00,1403,-3.00,1503,-4.00,202,-4.00,204,0.00,201,-4.00,204,-1.00,202,-1.00,203,0.00,1240,0.00,1094,0.00,1632,0.00,1342,-4.00,247,2.00,1628,39.00,1413,0.24
4755,-2.00,204,0.00,200,-2.00,203,-3.00,205,-1.00,202,-6.00,203,-4.00,204,-3.00,1403,-2.00,1503,-4.00,203,-3.00,204,-1.00,201,-5.00,204,-1.00,202,-4.00,203,0.00,1240,0.00,1094,0.00,1632,0.00,1343,-2.00,247,4.00,1628,39.00,1413,0.24
4791,-4.00,204,0.00,200,-2.00,203,-3.00,205,-1.00,202,2.00,204,-4.00,204,-2.00,1403,-3.00,1503,-5.00,203,-4.00,203,-2.00,201,-5.00,204,-1.00,202,-2.00,203,0.00,1240,0.00,1094,0.00,1633,0.00,1343,-4.00,247,3.00,1628,40.00,1413,0.40
4827,-4.00,204,0.00,200,-1.00,203,-4.00,205,-1.00,202,-4.00,204,-4.00,204,-3.00,1403,-3.00,1503,-3.00,203,-3.00,204,-1.00,201,-3.00,204,0.00,202,-4.00,203,0.00,1240,0.00,1094,0.00,1632,0.00,1343,-4.00,247,3.00,1628,40.00,1413,0.48
4863,-3.00,204,0.00,200,-2.00,203,-5.00,205,-1.00,202,2.00,204,-4.00,204,-2.00,1403,-3.00,1503,-4.00,203,-4.00,204,-1.00,201,-2.00,204,-1.00,202,-2.00,203,0.00,1240,0.00,1094,0.00,1633,0.00,1343,-1.00,247,2.00,1628,39.00,1413,0.32
4899,-2.00,204,0.00,200,-1.00,203,-5.00,205,-1.00,202,-3.00,203,-4.00,204,-3.00,1403,-3.00,1503,-4.00,203,-2.00,204,0.00,201,-3.00,204,-1.00,202,-3.00,203,0.00,1241,0.00,1094,0.00,1633,0.00,1343,-4.00,247,4.00,1628,40.00,1413,0.32
4934,-2.00,204,0.00,200,-1.00,203,-4.00,205,-1.00,202,-5.00,204,-4.00,204,-2.00,1403,-1.00,1503,-2.00,203,-5.00,204,0.00,201,-3.00,204,-1.00,202,-3.00,203,0.00,1240,0.00,1094,0.00,1633,0.00,1343,-4.00,247,3.00,1628,39.00,1413,0.56
4970,-2.00,204,0.00,200,-1.00,203,-3.00,205,-1.00,202,-5.00,203,-4.00,204,-3.00,1403,-2.00,1503,-3.00,203,-3.00,203,-1.00,201,-2.00,204,-1.00,202,-3.00,203,0.00,1240,0.00,1094,0.00,1633,0.00,1343,-3.00,247,3.00,1628,39.00,1413,0.32
5006,-1.00,204,0.00,200,-3.00,203,-3.00,205,-2.00,202,2.00,204,-5.00,204,-4.00,1403,-1.00,1503,-3.00,203,-4.00,204,-1.00,201,-3.00,204,-1.00,202,-3.00,203,0.00,1240,0.00,1094,0.00,1632,0.00,1343,-5.00,247,4.00,1628,39.00,1413,0.40
5042,-4.00,204,0.00,200,-3.00,203,-4.00,205,-1.00,202,-1.00,204,-4.00,204,-2.00,1403,-2.00,1503,-5.00,203,-6.00,204,0.00,201,-2.00,204,-1.00,202,-4.00,203,0.00,1240,0.00,1094,0.00,1633,0.00,1343,-4.00,247,2.00,1628,39.00,1413,0.24
5077,-4.00,204,0.00,200,-3.00,203,-5.00,205,-1.00,202,-5.00,204,-4.00,204,-3.00,1403,-1.00,1503,-4.00,203,-3.00,204,-1.00,201,-4.00,204,-1.00,202,-4.00,203,0.00,1240,0.00,1094,0.00,1632,0.00,1343,-4.00,247,3.00,1628,39.00,1413,0.56
5113,-4.00,204,0.00,200,-2.00,203,-4.00,205,-1.00,202,-3.00,203,-4.00,204,-2.00,1403,-1.00,1503,-3.00,203,-3.00,204,-1.00,201,-2.00,204,-1.00,202,-3.00,203,0.00,1240,0.00,1094,0.00,1632,0.00,1343,-5.00,247,4.00,1628,39.00,1413,0.40
5149,-2.00,204,0.00,200,-2.00,203,-4.00,205,0.00,202,-3.00,204,-4.00,204,-2.00,1403,-2.00,1503,-3.00,203,-3.00,204,0.00,201,-1.00,204,-1.00,202,-4.00,203,0.00,1240,0.00,1094,0.00,1632,0.00,1343,-1.00,247,2.00,1628,39.00,1413,0.32
5185,-3.00,204,0.00,200,-2.00,203,-4.00,205,0.00,202,-5.00,204,-4.00,204,-2.00,1403,-3.00,1503,-3.00,203,-2.00,204,-2.00,201,-4.00,204,-2.00,202,-4.00,203,0.00,1240,0.00,1094,0.00,1633,0.00,1343,-2.00,247,2.00,1628,40.00,1413,0.56
5220,-2.00,204,0.00,200,-1.00,203,-5.00,205,0.00,202,-4.00,204,-4.00,204,-3.00,1404,-3.00,1503,-5.00,203,-4.00,204,-1.00,201,-3.00,204,-1.00,202,-2.00,203,0.00,1240,0.00,1094,0.00,1632,0.00,1343,-3.00,247,4.00,1628,39.00,1413,0.40
5256,2.00,204,0.00,200,-2.00,203,-5.00,205,-1.00,202,-3.00,204,-4.00,204,-2.00,1403,-2.00,1503,-3.00,203,-3.00,204,-1.00,201,-4.00,204,-1.00,202,-4.00,203,0.00,1240,0.00,1094,0.00,1632,0.00,1343,-4.00,247,4.00,1628,39.00,1413,0.48
5292,-4.00,204,0.00,200,-3.00,203,-2.00,205,-1.00,202,-3.00,204,-4.00,204,-2.00,1403,-3.00,1503,-2.00,203,-4.00,204,-1.00,201,-2.00,204,-1.00,202,-2.00,203,0.00,1240,0.00,1094,0.00,1632,0.00,1343,-2.00,247,4.00,1628,39.00,1413,0.40
5327,-3.00,204,0.00,200,-2.00,203,-3.00,205,-1.00,202,-3.00,204,-4.00,204,-4.00,1403,-2.00,1503,-3.00,203,-4.00,204,-2.00,201,-3.00,204,-1.00,202,-4.00,203,0.00,1240,0.00,1094,0.00,1632,0.00,1343,-2.00,247,2.00,1628,39.00,1413,0.56
5363,-4.00,204,0.00,200,-3.00,203,-2.00,205,-1.00,202,-4.00,203,-4.00,204,-4.00,1403,-2.00,1503,-4.00,203,-3.00,204,-1.00,201,-4.00,204,-1.00,202,-2.00,203,0.00,1240,0.00,1094,0.00,1632,0.00,1343,-2.00,247,4.00,1628,39.00,1413,0.40
5399,-4.00,204,0.00,200,-3.00,203,-5.00,205,-1.00,202,2.00,204,-5.00,204,-4.00,1403,-3.00,1503,-3.00,203,-3.00,204,-1.00,201,-4.00,204,-1.00,202,-3.00,203,0.00,1240,0.00,1094,0.00,1632,0.00,1343,-2.00,247,3.00,1628,40.00,1413,0.56
5435,-2.00,204,0.00,200,-1.00,203,-3.00,205,-1.00,202,-5.00,204,-4.00,204,-2.00,1403,-2.00,1503,-4.00,203,-3.00,204,0.00,201,-2.00,204,0.00,202,-4.00,203,0.00,1240,0.00,1094,0.00,1633,0.00,1343,-2.00,247,2.00,1628,39.00,1413,0.65
5470,-4.00,204,0.00,200,-2.00,203,-5.00,205,-1.00,202,-2.00,204,-4.00,204,-4.00,1403,-1.00,1503,-4.00,203,-1.00,203,0.00,201,-4.00,204,-1.00,202,-2.00,203,0.00,1240,0.00,1094,0.00,1632,0.00,1343,-3.00,247,3.00,1628,39.00,1413,0.40
5506,-3.00,204,0.00,200,-3.00,203,-3.00,205,0.00,202,-4.00,204,-4.00,204,-4.00,1403,-3.00,1503,-4.00,203,-3.00,204,0.00,201,-3.00,204,-1.00,202,-1.00,203,0.00,1240,0.00,1094,0.00,1632,0.00,1343,-2.00,247,3.00,1628,39.00,1413,0.56
5542,-3.00,204,0.00,200,-2.00,203,-4.00,205,-1.00,202,-3.00,204,-4.00,204,-4.00,1403,-2.00,1503,-2.00,203,-3.00,203,-1.00,201,-3.00,204,-1.00,202,-3.00,203,0.00,1240,0.00,1094,0.00,1632,0.00,1343,-5.00,247,2.00,1628,39.00,1413,0.32
5578,-4.00,204,0.00,200,-3.00,203,-3.00,205,-2.00,202,-3.00,204,-4.00,204,-3.00,1403,-1.00,1503,-2.00,203,-5.00,203,-1.00,201,-2.00,204,-1.00,202,-3.00,203,0.00,1240,0.00,1094,0.00,1632,0.00,1343,-4.00,247,3.00,1628,39.00,1413,0.40
5614,-5.00,204,0.00,200,-2.00,203,-4.00,205,-1.00,202,-3.00,204,-4.00,204,-3.00,1403,-1.00,1503,-5.00,203,-4.00,204,-1.00,201,-2.00,204,-1.00,202,-4.00,203,0.00,1240,0.00,1094,0.00,1632,0.00,1343,-3.00,247,3.00,1628,39.00,1413,0.32
5649,-5.00,204,0.00,200,-3.00,203,-3.00,205,0.00,202,-5.00,204,-5.00,204,-4.00,1403,-2.00,1503,-2.00,203,-3.00,204,0.00,201,-4.00,204,-2.00,202,-2.00,203,0.00,1240,0.00,1094,0.00,1632,0.00,1343,-4.00,247,3.00,1628,39.00,1413,0.48
5685,-4.00,204,0.00,200,-3.00,203,-5.00,205,-1.00,202,-4.00,204,-3.00,204,-3.00,1403,-2.00,1503,-7.00,202,-3.00,204,-1.00,201,-3.00,204,-1.00,202,-4.00,203,0.00,1240,0.00,1094,0.00,1632,0.00,1343,-4.00,247,2.00,1628,39.00,1413,0.97
5721,-4.00,204,0.00,200,-2.00,203,-3.00,205,0.00,202,-3.00,204,-4.00,204,-4.00,1403,-2.00,1503,-5.00,203,-3.00,204,-2.00,201,-2.00,204,-1.00,202,-3.00,203,0.00,1240,0.00,1094,0.00,1633,0.00,1343,-4.00,247,3.00,1628,38.00,1413,0.48
5757,-4.00,204,0.00,200,-1.00,203,-4.00,205,-1.00,202,-4.00,204,-4.00,204,-2.00,1403,-3.00,1503,3.00,203,7.00,204,-1.00,201,-2.00,204,-1.00,202,-2.00,203,0.00,1240,0.00,1094,0.00,1632,0.00,1343,-2.00,247,2.00,1628,39.00,1413,0.73
5792,-2.00,204,0.00,200,-1.00,203,-3.00,205,-1.00,202,2.00,203,-4.00,204,-2.00,1403,-2.00,1503,4.00,203,-4.00,204,-2.00,201,-4.00,204,-1.00,202,-4.00,203,0.00,1240,0.00,1094,0.00,1632,0.00,1343,-4.00,247,2.00,1628,39.00,1413,1.13
5828,-4.00,204,0.00,200,-1.00,203,-5.00,205,-1.00,202,-3.00,204,-4.00,204,-3.00,1403,-2.00,1503,-5.00,203,-4.00,204,-1.00,201,-2.00,204,-1.00,202,-3.00,203,0.00,1240,0.00,1094,0.00,1632,0.00,1343,-4.00,247,2.00,1628,39.00,1413,0.56
5864,-3.00,204,0.00,200,-2.00,203,-3.00,205,-1.00,202,-3.00,204,-3.00,204,-3.00,1403,-2.00,1503,-4.00,203,-4.00,204,-1.00,201,-3.00,204,-1.00,202,-4.00,203,0.00,1240,0.00,1094,0.00,1632,0.00,1343,-4.00,247,3.00,1628,39.00,1413,0.48
5900,-3.00,204,0.00,200,-3.00,203,-3.00,205,-1.00,202,-4.00,204,-4.00,204,-2.00,1403,-3.00,1503,-3.00,203,-4.00,204,-2.00,201,-4.00,204,-1.00,202,-2.00,203,0.00,1240,0.00,1094,0.00,1632,0.00,1343,-1.00,247,2.00,1628,39.00,1413,0.48
5935,-4.00,204,0.00,200,-2.00,203,-4.00,205,0.00,202,-3.00,204,-5.00,204,-4.00,1403,-2.00,1503,4.00,203,-4.00,204,0.00,201,-4.00,204,-2.00,202,-3.00,203,0.00,1240,0.00,1094,0.00,1632,0.00,1343,-3.00,247,2.00,1628,39.00,1413,0.56
5971,-3.00,204,0.00,200,-1.00,203,-5.00,205,0.00,202,-4.00,204,-4.00,204,-3.00,1403,-3.00,1503,-4.00,203,-4.00,204,-1.00,201,-3.00,204,-1.00,202,-4.00,203,0.00,1240,0.00,1094,0.00,1632,0.00,1343,-2.00,247,3.00,1628,39.00,1413,0.56
6007,-2.00,204,0.00,200,-1.00,203,-5.00,205,-1.00,202,-4.00,204,-4.00,204,-2.00,1403,-2.00,1503,-2.00,203,-4.00,204,-1.00,201,-2.00,204,-1.00,202,-2.00,203,0.00,1240,0.00,1094,0.00,1632,0.00,1343,-4.00,247,2.00,1628,39.00,1413,0.56
6043,-3.00,204,0.00,200,-1.00,203,-6.00,205,-1.00,202,-4.00,204,-4.00,204,-4.00,1403,-2.00,1503,-3.00,203,-3.00,204,-1.00,201,-4.00,204,-1.00,202,-4.00,203,0.00,1240,0.00,1094,0.00,1632,0.00,1343,-1.00,247,2.00,1628,39.00,1413,0.56
6078,-2.00,204,0.00,200,-3.00,203,-4.00,205,-1.00,202,2.00,204,-4.00,204,-4.00,1403,-2.00,1503,-4.00,203,-4.00,204,-2.00,201,-4.00,204,-1.00,202,-4.00,203,0.00,1240,0.00,1094,0.00,1633,0.00,1343,-4.00,247,3.00,1628,39.00,1413,0.48
6114,0.00,204,0.00,200,-1.00,203,-3.00,205,-2.00,202,-4.00,204,-4.00,204,-3.00,1403,-3.00,1503,-3.00,203,3.00,204,-1.00,201,-3.00,204,-1.00,202,-2.00,203,0.00,1240,0.00,1094,0.00,1632,0.00,1343,-6.00,247,2.00,1628,38.00,1413,0.65
6150,-5.00,204,0.00,200,-2.00,203,-3.00,205,-1.00,202,-4.00,204,-4.00,204,-2.00,1403,-2.00,1503,-4.00,203,-5.00,204,0.00,201,-4.00,204,-1.00,202,-4.00,203,0.00,1240,0.00,1094,0.00,1632,0.00,1343,-4.00,247,2.00,1628,40.00,1413,0.48
6186,-5.00,204,0.00,200,-1.00,203,-5.00,205,0.00,202,-3.00,204,-5.00,204,-3.00,1403,-2.00,1503,-4.00,202,-5.00,203,-1.00,201,-2.00,204,-1.00,202,-2.00,203,0.00,1240,0.00,1094,0.00,1632,0.00,1343,-2.00,247,3.00,1628,39.00,1413,0.65
6221,-1.00,204,0.00,200,-2.00,203,-4.00,205,-1.00,202,-3.00,204,-4.00,204,-3.00,1403,-3.00,1503,-4.00,203,-4.00,203,0.00,201,-3.00,204,-2.00,202,-2.00,203,0.00,1240,0.00,1094,0.00,1632,0.00,1343,-1.00,247,4.00,1628,39.00,1413,0.48
6257,-4.00,204,0.00,200,-2.00,203,-4.00,205,-1.00,202,-4.00,204,-4.00,204,-2.00,1403,-3.00,1503,-8.00,203,-4.00,204,-1.00,201,-3.00,204,-1.00,202,-3.00,203,0.00,1240,0.00,1094,0.00,1632,0.00,1343,-1.00,247,4.00,1628,39.00,1413,0.89
6293,-4.00,204,0.00,200,-2.00,203,-3.00,205,-2.00,202,-3.00,204,-4.00,204,-4.00,1403,-1.00,1503,-3.00,203,2.00,204,0.00,201,-2.00,204,-1.00,202,-2.00,203,0.00,1240,0.00,1094,0.00,1632,0.00,1343,-2.00,247,3.00,1628,38.00,1413,0.56
6328,-5.00,204,0.00,200,-1.00,203,-2.00,205,-1.00,202,-2.00,204,-4.00,204,-4.00,1403,-2.00,1503,-4.00,203,-5.00,204,-1.00,201,-3.00,204,-1.00,202,-4.00,203,0.00,1240,0.00,1094,0.00,1633,0.00,1343,-3.00,247,2.00,1628,39.00,1413,0.48
6364,-3.00,204,0.00,200,-1.00,203,-5.00,205,-2.00,202,-3.00,204,-4.00,204,-3.00,1403,-2.00,1503,-2.00,203,6.00,204,-1.00,201,-2.00,204,-1.00,202,-3.00,203,0.00,1240,0.00,1094,0.00,1632,0.00,1343,-3.00,247,3.00,1628,39.00,1413,0.56
6400,-4.00,204,0.00,200,-2.00,203,-5.00,205,0.00,202,-1.00,204,-4.00,204,-3.00,1403,-3.00,1503,-4.00,203,-2.00,204,-2.00,201,-5.00,204,-1.00,202,-3.00,203,0.00,1240,0.00,1094,0.00,1632,0.00,1343,-4.00,247,4.00,1628,37.00,1413,0.56
6436,-3.00,204,0.00,200,-3.00,203,-5.00,205,-1.00,202,-3.00,204,-4.00,204,-3.00,1403,-2.00,1503,-1.00,203,-4.00,203,-1.00,201,-3.00,204,0.00,202,-3.00,203,0.00,1240,0.00,1094,0.00,1632,0.00,1343,-2.00,247,3.00,1628,37.00,1413,0.56
6471,-3.00,204,0.00,200,-4.00,203,-5.00,205,0.00,202,2.00,204,-4.00,204,-4.00,1403,-3.00,1503,-3.00,203,-6.00,204,-1.00,201,-4.00,204,-1.00,202,-3.00,203,0.00,1240,0.00,1094,0.00,1632,0.00,1343,-2.00,247,2.00,1628,39.00,1414,0.56
6507,-2.00,204,0.00,200,-2.00,203,-3.00,205,-1.00,202,-4.00,204,-4.00,204,-3.00,1403,-3.00,1503,-3.00,203,-4.00,203,-1.00,201,-4.00,204,-2.00,202,-4.00,203,0.00,1240,0.00,1094,0.00,1632,0.00,1343,-2.00,247,3.00,1628,39.00,1413,0.56
6543,-5.00,204,0.00,200,-2.00,203,-3.00,205,-1.00,202,-4.00,204,-4.00,204,-3.00,1404,-2.00,1503,-3.00,203,1.00,204,-1.00,201,-2.00,204,-1.00,202,-4.00,203,0.00,1240,0.00,1094,0.00,1632,0.00,1343,-5.00,247,2.00,1628,41.00,1414,0.65
6579,-2.00,204,0.00,200,-3.00,203,-5.00,205,-1.00,202,-4.00,204,-4.00,204,-4.00,1403,-1.00,1503,-4.00,203,-3.00,204,-1.00,201,-2.00,204,0.00,202,-3.00,203,0.00,1240,0.00,1094,0.00,1632,0.00,1343,-4.00,247,3.00,1628,35.00,1413,0.56
6615,-4.00,204,0.00,200,-2.00,203,-4.00,205,-1.00,202,-3.00,204,-4.00,204,-3.00,1403,-2.00,1503,-4.00,203,-6.00,204,-2.00,201,-3.00,204,-1.00,202,-4.00,203,0.00,1240,0.00,1094,0.00,1632,0.00,1343,-2.00,247,3.00,1628,39.00,1414,0.65
6650,-4.00,204,0.00,200,-2.00,203,-5.00,205,-1.00,202,-3.00,204,-4.00,204,-2.00,1403,-3.00,1503,-4.00,203,-3.00,204,0.00,201,-4.00,204,-1.00,202,-4.00,203,0.00,1240,0.00,1094,0.00,1632,0.00,1343,-4.00,247,3.00,1628,36.00,1413,0.73
6686,-3.00,204,0.00,200,-3.00,203,-3.00,205,0.00,202,-4.00,204,-4.00,204,-3.00,1403,-2.00,1503,-3.00,203,-4.00,204,-1.00,201,-3.00,204,0.00,202,-2.00,203,0.00,1240,0.00,1094,0.00,1632,0.00,1343,-3.00,247,4.00,1628,37.00,1414,1.05
6722,-2.00,204,0.00,200,-1.00,203,-4.00,205,-1.00,202,-4.00,204,-4.00,204,-3.00,1403,-2.00,1503,-3.00,203,-4.00,204,0.00,201,-4.00,204,-3.00,202,-2.00,203,0.00,1240,0.00,1094,0.00,1632,0.00,1343,-5.00,247,4.00,1628,33.00,1414,0.65
6757,-2.00,203,0.00,200,-2.00,203,-5.00,205,-1.00,202,-3.00,204,-4.00,204,-3.00,1403,-2.00,1503,-5.00,203,-3.00,203,-1.00,201,-4.00,204,-1.00,202,-2.00,203,0.00,1240,0.00,1094,0.00,1632,0.00,1343,-3.00,247,3.00,1628,44.00,1413,0.65
6793,-3.00,204,0.00,200,-2.00,203,-4.00,205,-1.00,202,-4.00,204,-4.00,204,-3.00,1403,-3.00,1503,-3.00,203,-7.00,204,-2.00,201,-2.00,204,0.00,202,-3.00,203,0.00,1239,0.00,1094,0.00,1632,0.00,1343,-2.00,247,3.00,1628,35.00,1414,0.65
6829,-3.00,204,0.00,200,-2.00,203,-2.00,205,-1.00,202,-4.00,204,-4.00,204,-4.00,1403,-2.00,1503,-2.00,203,-4.00,204,-1.00,201,-2.00,204,-1.00,202,-4.00,203,0.00,1240,0.00,1094,0.00,1632,0.00,1343,-1.00,247,2.00,1628,36.00,1413,1.37
6865,-2.00,204,0.00,200,-2.00,203,-3.00,205,-2.00,202,3.00,204,-5.00,204,-3.00,1403,-3.00,1503,-2.00,203,-5.00,204,-1.00,201,-2.00,204,-1.00,202,-4.00,203,0.00,1239,0.00,1094,0.00,1633,0.00,1343,-2.00,247,2.00,1628,40.00,1414,0.89
6901,-2.00,204,0.00,200,-2.00,203,-4.00,205,-1.00,202,-3.00,204,-5.00,204,-3.00,1403,-3.00,1503,-3.00,203,-6.00,203,-1.00,201,-3.00,204,0.00,202,-1.00,203,0.00,1239,0.00,1094,0.00,1632,0.00,1343,-2.00,247,2.00,1628,35.00,1414,0.81
6936,-2.00,204,0.00,200,-2.00,203,-5.00,205,-1.00,202,-3.00,204,-4.00,204,-2.00,1403,-3.00,1503,-2.00,203,-3.00,204,-1.00,201,-2.00,204,-1.00,202,-2.00,203,0.00,1240,0.00,1094,0.00,1632,0.00,1343,-3.00,247,2.00,1628,38.00,1414,0.73
6972,-3.00,204,0.00,200,-3.00,203,-3.00,205,-1.00,202,-3.00,204,-4.00,204,-3.00,1403,-2.00,1503,-3.00,203,-4.00,204,0.00,201,-4.00,204,-2.00,202,-5.00,203,0.00,1239,0.00,1094,0.00,1632,0.00,1343,-3.00,247,4.00,1628,37.00,1413,0.81
7008,-2.00,204,0.00,200,-3.00,203,-5.00,205,-1.00,202,-3.00,204,-5.00,204,-4.00,1403,-2.00,1503,-5.00,203,-4.00,204,-1.00,201,-2.00,204,-1.00,202,-2.00,203,0.00,1240,0.00,1094,0.00,1632,0.00,1343,-4.00,247,4.00,1628,38.00,1414,0.81
7043,-2.00,204,0.00,200,-2.00,203,-5.00,205,-1.00,202,-4.00,204,-4.00,204,-3.00,1403,-3.00,1503,-3.00,203,-3.00,204,-1.00,201,-4.00,204,-1.00,202,-3.00,203,0.00,1240,0.00,1094,0.00,1632,0.00,1343,-2.00,247,3.00,1628,28.00,1414,0.40
7079,-4.00,204,0.00,200,-2.00,203,-6.00,205,-2.00,202,-4.00,203,-4.00,204,-2.00,1403,-3.00,1503,-2.00,203,-8.00,203,-1.00,201,-2.00,204,0.00,202,-2.00,203,0.00,1239,0.00,1094,0.00,1632,0.00,1343,-4.00,247,3.00,1628,37.00,1414,0.48
7115,-2.00,204,0.00,200,-1.00,203,-4.00,205,-1.00,202,-3.00,204,-4.00,204,-2.00,1403,-1.00,1503,-3.00,203,-5.00,204,-1.00,201,-4.00,204,-1.00,202,-4.00,203,0.00,1240,0.00,1094,0.00,1632,0.00,1343,-3.00,247,3.00,1628,37.00,1414,0.89
7151,-4.00,204,0.00,200,-2.00,203,-2.00,205,0.00,202,-5.00,204,-4.00,204,-4.00,1403,-2.00,1503,-3.00,203,-4.00,204,0.00,201,-3.00,204,-1.00,202,-2.00,203,0.00,1240,0.00,1094,0.00,1632,0.00,1343,-3.00,247,4.00,1628,41.00,1414,0.89
7187,-3.00,204,0.00,200,-2.00,203,-5.00,205,0.00,202,-4.00,204,-4.00,204,-3.00,1403,-2.00,1503,-3.00,203,2.00,204,-1.00,201,-4.00,204,0.00,202,-2.00,203,0.00,1240,0.00,1094,0.00,1632,0.00,1343,-3.00,247,2.00,1628,36.00,1414,0.56
7222,-2.00,204,0.00,200,-2.00,203,-4.00,205,-1.00,202,-2.00,204,-3.00,204,-4.00,1403,-2.00,1503,-6.00,203,-5.00,204,-1.00,201,-4.00,204,0.00,202,-2.00,203,0.00,1239,0.00,1094,0.00,1632,0.00,1343,-4.00,247,4.00,1628,38.00,1414,0.73
7258,-2.00,203,0.00,200,-3.00,203,-5.00,205,0.00,202,-2.00,204,-4.00,204,-4.00,1403,-3.00,1503,-2.00,203,-6.00,204,-1.00,201,-2.00,204,0.00,202,-3.00,203,0.00,1240,0.00,1093,0.00,1633,0.00,1343,-4.00,247,2.00,1628,38.00,1414,0.65
7294,-3.00,204,0.00,200,-2.00,203,-4.00,205,-1.00,202,0.00,204,-4.00,204,-2.00,1403,-3.00,1503,6.00,203,0.00,204,-3.00,201,-1.00,204,0.00,202,-2.00,203,0.00,1239,0.00,1094,0.00,1632,0.00,1343,-4.00,247,2.00,1628,38.00,1414,1.13
7329,-3.00,204,0.00,200,-3.00,203,-5.00,205,0.00,202,-4.00,204,-4.00,204,-3.00,1403,-2.00,1503,-4.00,203,-6.00,204,-1.00,201,-3.00,204,-2.00,202,-4.00,203,0.00,1239,0.00,1094,0.00,1632,0.00,1343,-3.00,247,2.00,1628,38.00,1414,0.73
7365,-4.00,204,0.00,200,-2.00,203,-6.00,205,-1.00,202,-3.00,204,-4.00,204,-3.00,1403,-2.00,1503,-3.00,203,6.00,203,-3.00,201,-2.00,204,-1.00,202,-2.00,203,0.00,1239,0.00,1094,0.00,1632,0.00,1343,-1.00,247,2.00,1628,38.00,1414,0.81
7401,-4.00,204,0.00,200,-2.00,203,-4.00,205,-1.00,202,-3.00,204,-4.00,204,-3.00,1403,-2.00,1503,0.00,203,-4.00,203,0.00,201,-3.00,204,0.00,202,-2.00,203,0.00,1239,0.00,1093,0.00,1632,0.00,1343,-3.00,247,2.00,1628,37.00,1414,0.73
7437,-5.00,204,0.00,200,-3.00,203,-4.00,205,-1.00,202,-4.00,204,-4.00,204,-2.00,1403,-3.00,1503,-5.00,203,-4.00,204,-3.00,201,-3.00,204,-1.00,202,-2.00,203,0.00,1239,0.00,1094,0.00,1632,0.00,1343,-2.00,247,2.00,1628,38.00,1414,0.65
7473,-5.00,204,0.00,200,-3.00,203,-5.00,205,-1.00,202,-4.00,204,-4.00,204,-3.00,1403,-2.00,1503,-3.00,203,-3.00,204,0.00,201,-1.00,204,-1.00,202,-3.00,203,0.00,1239,0.00,1093,0.00,1632,0.00,1343,-4.00,247,3.00,1628,37.00,1414,0.81
7509,-4.00,204,0.00,200,-1.00,203,-5.00,205,-1.00,202,-3.00,204,-4.00,204,-2.00,1403,-3.00,1503,-3.00,203,8.00,204,0.00,201,-4.00,204,-1.00,202,-3.00,203,0.00,1239,0.00,1094,0.00,1632,0.00,1343,-4.00,247,4.00,1628,37.00,1414,0.89
7544,-4.00,204,0.00,200,-1.00,203,-5.00,205,-1.00,202,-3.00,204,-4.00,204,-3.00,1403,-2.00,1503,-3.00,203,-6.00,204,-1.00,201,-3.00,204,0.00,202,-3.00,203,0.00,1239,0.00,1094,0.00,1632,0.00,1343,-4.00,247,2.00,1628,38.00,1414,0.81
7580,-4.00,204,0.00,200,-1.00,203,-4.00,205,-1.00,202,-3.00,204,-4.00,204,-2.00,1403,-1.00,1503,-5.00,203,-4.00,204,-1.00,201,-2.00,204,-2.00,202,-3.00,203,0.00,1239,0.00,1094,0.00,1633,0.00,1343,-2.00,247,4.00,1628,38.00,1414,0.89
7616,-3.00,203,0.00,200,-3.00,203,-6.00,205,-2.00,202,-3.00,204,-3.00,204,-4.00,1403,-2.00,1503,-2.00,203,-6.00,204,0.00,201,-4.00,204,-1.00,202,-2.00,203,0.00,1240,0.00,1093,0.00,1632,0.00,1343,-2.00,247,3.00,1628,38.00,1414,0.81
7651,-4.00,204,0.00,200,-1.00,203,-6.00,205,-1.00,202,-3.00,204,-4.00,204,-3.00,1403,-2.00,1503,-4.00,203,-6.00,204,0.00,201,-2.00,204,-1.00,202,-4.00,203,0.00,1240,0.00,1094,0.00,1632,0.00,1343,-2.00,247,2.00,1628,38.00,1414,0.81
7687,-5.00,204,0.00,200,-1.00,203,-5.00,205,-1.00,202,-3.00,204,-4.00,204,-3.00,1403,-3.00,1503,3.00,203,-5.00,203,-1.00,201,-2.00,204,0.00,202,-3.00,203,0.00,1239,0.00,1093,0.00,1632,0.00,1343,-4.00,247,2.00,1628,38.00,1414,0.73
7723,-3.00,204,0.00,200,-2.00,203,-5.00,205,0.00,202,-4.00,204,-4.00,204,-2.00,1403,-1.00,1503,-3.00,203,-2.00,204,-1.00,201,-2.00,204,-1.00,202,-3.00,203,0.00,1239,0.00,1094,0.00,1632,0.00,1343,-4.00,247,4.00,1628,38.00,1414,0.81
7759,-3.00,204,0.00,200,-2.00,203,-5.00,205,-1.00,202,-3.00,204,-4.00,204,-2.00,1403,-2.00,1503,-4.00,203,-5.00,204,-1.00,201,-5.00,204,-1.00,202,-2.00,203,0.00,1239,0.00,1093,0.00,1632,0.00,1343,-1.00,247,2.00,1628,38.00,1414,0.81
7794,-5.00,204,0.00,200,-3.00,203,-3.00,205,0.00,202,-3.00,204,-4.00,204,-3.00,1403,-3.00,1503,-4.00,203,-8.00,204,-1.00,201,-4.00,204,-1.00,202,-2.00,203,0.00,1239,0.00,1093,0.00,1632,0.00,1343,-2.00,247,2.00,1628,38.00,1414,0.65
7830,3.00,204,0.00,200,-1.00,203,-3.00,205,-2.00,202,-4.00,204,-3.00,204,-3.00,1403,-2.00,1503,-3.00,203,0.00,203,-2.00,201,-4.00,204,-1.00,202,-3.00,203,0.00,1239,0.00,1093,0.00,1632,0.00,1343,-4.00,247,4.00,1628,45.00,1414,0.73
7866,-4.00,203,0.00,200,-2.00,203,-5.00,205,0.00,202,-3.00,204,-4.00,204,-3.00,1403,-3.00,1503,-2.00,203,-10.00,203,0.00,201,-3.00,204,0.00,202,-4.00,203,0.00,1239,0.00,1093,0.00,1632,0.00,1343,-4.00,247,3.00,1628,37.00,1414,1.13
7901,-6.00,204,0.00,200,-2.00,203,-3.00,205,0.00,202,-4.00,204,-4.00,204,-3.00,1403,-3.00,1503,-2.00,203,-4.00,204,-1.00,201,-3.00,204,-1.00,202,-3.00,203,0.00,1239,0.00,1093,0.00,1632,0.00,1343,-1.00,247,3.00,1628,38.00,1414,0.89
7937,-3.00,204,0.00,200,-3.00,203,-4.00,205,-1.00,202,-4.00,204,-4.00,204,-3.00,1403,-3.00,1503,-4.00,203,-4.00,204,0.00,201,-5.00,204,-2.00,202,-4.00,203,0.00,1239,0.00,1093,0.00,1632,0.00,1343,-2.00,247,2.00,1628,38.00,1414,0.73
7973,-3.00,204,0.00,200,-3.00,203,-5.00,205,-1.00,202,-3.00,204,-4.00,204,-3.00,1403,-2.00,1503,-3.00,203,-3.00,204,-1.00,201,-4.00,204,-1.00,202,-3.00,203,0.00,1239,0.00,1093,0.00,1632,0.00,1343,-3.00,247,4.00,1628,38.00,1414,0.73
8009,-3.00,204,0.00,200,-2.00,203,-4.00,205,-1.00,202,-3.00,204,-4.00,204,-4.00,1403,-3.00,1503,-4.00,203,-6.00,204,-2.00,201,-2.00,204,-1.00,202,-4.00,203,0.00,1239,0.00,1093,0.00,1632,0.00,1343,-4.00,247,2.00,1628,38.00,1414,0.97
8045,-4.00,204,0.00,200,-3.00,203,-4.00,205,-1.00,202,3.00,204,-4.00,204,-2.00,1403,-1.00,1503,-3.00,203,-9.00,204,-1.00,201,-4.00,204,-1.00,202,-3.00,203,0.00,1239,0.00,1093,0.00,1632,0.00,1343,-3.00,247,2.00,1628,38.00,1414,0.97
8080,-5.00,204,0.00,200,-2.00,203,-4.00,205,-1.00,202,-3.00,204,-4.00,204,-3.00,1403,-1.00,1503,-3.00,203,-7.00,204,0.00,201,-2.00,204,0.00,202,-2.00,203,0.00,1238,0.00,1093,0.00,1632,0.00,1343,-2.00,247,3.00,1628,38.00,1414,0.89
8116,-4.00,203,0.00,200,-3.00,203,-5.00,205,-2.00,202,-3.00,204,-4.00,204,-4.00,1403,-2.00,1503,-3.00,203,-7.00,204,-1.00,201,-3.00,204,-2.00,202,-4.00,203,0.00,1232,0.00,1093,0.00,1632,0.00,1343,-3.00,247,3.00,1628,37.00,1414,0.73
8152,-2.00,204,0.00,200,-2.00,203,-4.00,205,-2.00,202,-3.00,204,-4.00,204,-3.00,1403,-2.00,1503,-3.00,203,-4.00,204,-2.00,201,-2.00,204,0.00,202,-2.00,203,0.00,1220,0.00,1093,0.00,1632,0.00,1343,-3.00,247,4.00,1628,38.00,1414,1.29
8188,-3.00,204,0.00,200,-3.00,203,-5.00,205,-1.00,202,-1.00,204,-4.00,204,-2.00,1403,-2.00,1503,-5.00,203,-4.00,204,-1.00,201,-2.00,204,0.00,202,-4.00,203,0.00,1205,0.00,1093,0.00,1632,0.00,1343,-3.00,247,3.00,1628,38.00,1414,0.81
8224,-2.00,204,0.00,200,-2.00,203,-5.00,205,-2.00,202,-3.00,204,-4.00,204,-4.00,1403,-2.00,1503,-6.00,202,-1.00,204,-1.00,201,-3.00,204,-1.00,202,-3.00,203,0.00,1186,0.00,1093,0.00,1632,0.00,1343,-4.00,247,4.00,1628,38.00,1414,0.65
8259,-3.00,204,0.00,200,-2.00,203,-2.00,205,-1.00,202,-2.00,204,-4.00,204,-3.00,1403,-3.00,1503,-5.00,203,-4.00,204,-1.00,201,-2.00,204,-1.00,202,-4.00,203,0.00,1168,0.00,1093,0.00,1632,0.00,1343,-4.00,247,2.00,1628,38.00,1414,0.65
8295,-2.00,204,0.00,200,-3.00,203,-5.00,205,-1.00,202,-3.00,204,-4.00,204,-2.00,1403,-1.00,1503,-4.00,203,-3.00,204,-1.00,201,-3.00,204,-2.00,202,-3.00,203,0.00,1149,0.00,1093,0.00,1632,0.00,1343,-4.00,247,3.00,1628,38.00,1414,0.40
8331,-3.00,204,0.00,200,-1.00,203,-4.00,205,-2.00,202,-4.00,204,-5.00,204,-3.00,1403,-1.00,1503,-5.00,203,-2.00,204,0.00,201,-4.00,204,-1.00,202,-4.00,203,0.00,1132,0.00,1093,0.00,1632,0.00,1343,-4.00,247,2.00,1628,37.00,1414,0.73
8366,-4.00,204,0.00,200,-1.00,203,-5.00,205,0.00,202,-2.00,204,-4.00,204,-4.00,1403,-2.00,1503,3.00,203,-3.00,204,-1.00,201,-3.00,204,-1.00,202,-2.00,203,0.00,1117,0.00,1093,0.00,1632,0.00,1343,-3.00,247,3.00,1628,38.00,1414,0.56
8402,-3.00,204,0.00,200,-2.00,203,-5.00,205,0.00,202,-3.00,204,-3.00,204,-2.00,1403,0.00,1503,-5.00,203,-4.00,204,-2.00,201,-5.00,204,-1.00,202,-3.00,203,0.00,1105,0.00,1093,0.00,1632,0.00,1343,-3.00,247,3.00,1628,37.00,1414,0.56
8438,1.00,204,0.00,200,-2.00,203,-3.00,205,-1.00,202,-3.00,204,-4.00,204,-3.00,1403,-2.00,1503,-5.00,203,-2.00,204,-1.00,201,-3.00,204,-1.00,202,-4.00,203,0.00,1093,0.00,1093,0.00,1632,0.00,1343,-1.00,247,3.00,1628,38.00,1414,0.56
8474,-3.00,204,0.00,200,-1.00,203,-4.00,205,-2.00,202,-3.00,204,-4.00,204,-3.00,1403,-2.00,1503,-4.00,203,-2.00,204,-3.00,201,-3.00,204,-1.00,202,-3.00,203,0.00,1084,0.00,1093,0.00,1632,0.00,1343,-3.00,247,2.00,1628,38.00,1414,0.32
8509,-4.00,204,0.00,200,-2.00,203,-6.00,205,0.00,202,-3.00,204,-4.00,204,-2.00,1403,-1.00,1503,-6.00,203,-2.00,204,-1.00,201,-3.00,204,-1.00,202,-2.00,203,0.00,1077,0.00,1093,0.00,1632,0.00,1343,-5.00,247,2.00,1628,37.00,1414,0.48
8545,-3.00,204,0.00,200,-1.00,203,-4.00,205,-1.00,202,-4.00,204,-4.00,204,-4.00,1403,-1.00,1503,-5.00,202,5.00,204,0.00,201,-3.00,204,-1.00,202,-4.00,203,0.00,1071,0.00,1093,0.00,1632,0.00,1343,-4.00,247,4.00,1628,38.00,1414,0.32
8581,-4.00,204,0.00,200,-1.00,203,-5.00,205,0.00,202,-4.00,204,-4.00,204,-3.00,1403,-1.00,1503,-3.00,203,-5.00,204,-1.00,201,-3.00,204,-1.00,202,-5.00,203,0.00,1065,0.00,1092,0.00,1633,0.00,1343,-4.00,247,2.00,1628,37.00,1414,0.65
8616,-3.00,204,0.00,200,-1.00,203,-3.00,205,-1.00,202,-4.00,204,-4.00,204,-2.00,1403,-2.00,1503,0.00,203,-2.00,204,-1.00,201,-4.00,204,-1.00,202,-3.00,203,0.00,1059,0.00,1091,0.00,1632,0.00,1343,-4.00,247,2.00,1628,38.00,1414,0.40
8652,-4.00,204,0.00,200,-2.00,203,-3.00,205,-1.00,202,-3.00,204,-4.00,204,-4.00,1403,-2.00,1503,-5.00,203,-4.00,204,-2.00,201,-2.00,204,-1.00,202,-3.00,203,0.00,1055,0.00,1083,0.00,1632,0.00,1343,-4.00,247,4.00,1628,38.00,1414,0.32
8688,-2.00,204,0.00,200,-3.00,203,-4.00,205,-1.00,202,-4.00,204,-4.00,204,-3.00,1403,-3.00,1503,-5.00,203,-2.00,204,0.00,201,-4.00,204,-1.00,202,-3.00,203,0.00,1052,0.00,1073,0.00,1632,0.00,1343,-3.00,247,2.00,1628,38.00,1414,0.32
8724,-4.00,204,0.00,200,-2.00,203,-4.00,205,-1.00,202,-3.00,204,-3.00,204,-3.00,1403,-2.00,1503,-5.00,203,-3.00,204,-1.00,201,-5.00,204,-2.00,202,-3.00,203,0.00,1051,0.00,1061,0.00,1633,0.00,1343,-2.00,247,3.00,1628,38.00,1414,0.32
8759,-2.00,204,0.00,200,-1.00,203,-5.00,205,-1.00,202,-4.00,204,-4.00,204,-4.00,1403,-2.00,1503,-4.00,203,-4.00,204,-1.00,201,-1.00,204,0.00,202,-3.00,203,0.00,1049,0.00,1048,0.00,1632,0.00,1343,-2.00,247,3.00,1628,38.00,1414,0.32
8795,-2.00,204,0.00,200,-3.00,203,-3.00,205,-1.00,202,-5.00,204,-4.00,204,-2.00,1403,-1.00,1503,-5.00,203,-4.00,204,-1.00,201,-3.00,204,-1.00,202,-4.00,203,0.00,1049,0.00,1035,0.00,1632,0.00,1343,-2.00,247,3.00,1628,37.00,1414,0.08
8831,-3.00,204,0.00,200,-3.00,203,-3.00,205,-1.00,202,-1.00,204,-4.00,204,-2.00,1403,-2.00,1503,1.00,203,-4.00,204,-1.00,201,-2.00,204,0.00,202,-3.00,203,0.00,1049,0.00,1023,0.00,1632,0.00,1343,-5.00,247,3.00,1628,37.00,1414,0.32
8867,-2.00,204,0.00,200,-2.00,203,-4.00,205,-1.00,202,-4.00,204,-4.00,204,-4.00,1403,-1.00,1503,-1.00,203,-2.00,204,-1.00,201,-2.00,204,-1.00,202,-2.00,203,0.00,1049,0.00,1013,0.00,1633,0.00,1343,-5.00,247,2.00,1628,38.00,1414,0.73
8903,-4.00,204,-2.00,200,-3.00,203,-4.00,205,-2.00,202,0.00,204,-4.00,204,-3.00,1403,-1.00,1503,3.00,202,-4.00,204,-1.00,201,-2.00,204,-2.00,202,-2.00,203,0.00,1049,0.00,1005,0.00,1632,0.00,1343,-3.00,247,4.00,1628,38.00,1414,0.24
8939,-3.00,204,0.00,200,-2.00,203,-4.00,205,-1.00,202,-4.00,204,-4.00,204,-4.00,1403,-1.00,1503,0.00,202,-2.00,204,0.00,201,-2.00,204,-1.00,202,-4.00,203,0.00,1049,0.00,1001,0.00,1632,0.00,1343,-3.00,247,3.00,1628,38.00,1414,0.32
8974,-3.00,204,0.00,200,-3.00,203,-4.00,205,0.00,202,-3.00,204,-4.00,204,-2.00,1403,-2.00,1503,-5.00,203,-3.00,204,-1.00,201,-5.00,204,0.00,202,-2.00,203,0.00,1049,0.00,999,0.00,1632,0.00,1343,-3.00,247,3.00,1628,38.00,1414,0.48
9010,-3.00,204,0.00,200,-4.00,203,-3.00,205,0.00,202,-3.00,203,-4.00,204,-2.00,1403,-3.00,1503,4.00,203,-2.00,204,0.00,201,-5.00,204,-1.00,202,-3.00,203,0.00,1049,0.00,999,0.00,1633,0.00,1343,-2.00,247,3.00,1628,38.00,1414,0.32
9046,-2.00,204,-1.00,200,-2.00,203,-4.00,205,-1.00,202,-4.00,203,-3.00,204,-2.00,1403,-1.00,1503,-7.00,203,-2.00,204,-2.00,201,-4.00,204,-1.00,202,-2.00,203,0.00,1049,0.00,999,0.00,1632,0.00,1343,-5.00,247,3.00,1628,38.00,1414,0.24
9082,-4.00,204,0.00,200,-3.00,203,-4.00,205,-1.00,202,-3.00,204,-4.00,204,-2.00,1403,-1.00,1503,-4.00,203,-5.00,204,-1.00,201,-3.00,204,-2.00,202,-4.00,203,0.00,1049,0.00,999,0.00,1632,0.00,1343,-3.00,247,2.00,1628,38.00,1414,0.40
9117,-4.00,204,0.00,200,-1.00,203,-3.00,205,-1.00,202,-5.00,204,-4.00,204,-4.00,1403,-3.00,1503,2.00,203,-3.00,204,-1.00,201,-2.00,204,-1.00,202,-2.00,203,0.00,1049,0.00,999,0.00,1632,0.00,1343,-3.00,247,2.00,1628,38.00,1414,0.16
9153,-3.00,204,0.00,200,-1.00,203,-2.00,205,-1.00,202,-3.00,204,-4.00,204,-3.00,1403,-3.00,1503,4.00,202,-3.00,204,-1.00,201,-3.00,204,-2.00,202,-3.00,203,0.00,1049,0.00,999,0.00,1632,0.00,1343,-4.00,247,4.00,1628,38.00,1414,0.32
9189,-4.00,204,0.00,200,-3.00,203,-3.00,205,-1.00,202,-1.00,204,-4.00,204,-2.00,1403,-3.00,1503,1.00,202,-3.00,204,0.00,201,-3.00,204,-1.00,202,-4.00,203,0.00,1049,0.00,999,0.00,1632,0.00,1343,-4.00,247,3.00,1628,37.00,1414,0.24
9225,-2.00,204,0.00,200,-3.00,203,-2.00,205,0.00,202,-4.00,204,-4.00,204,-5.00,1403,-1.00,1503,-10.00,203,-4.00,204,-2.00,201,-2.00,204,-1.00,202,-3.00,203,0.00,1049,0.00,999,0.00,1632,0.00,1343,-1.00,247,3.00,1628,38.00,1414,0.48
9261,-3.00,204,0.00,200,-3.00,203,-2.00,205,-1.00,202,-1.00,203,-4.00,204,-4.00,1403,-1.00,1503,-6.00,203,-2.00,204,0.00,201,-2.00,204,-1.00,202,-3.00,203,0.00,1049,0.00,999,0.00,1632,0.00,1343,-2.00,247,3.00,1628,37.00,1414,0.16
9296,-4.00,204,0.00,200,-2.00,203,-3.00,205,0.00,202,2.00,204,-4.00,204,-2.00,1403,-1.00,1503,4.00,203,-2.00,204,-1.00,201,-4.00,204,-1.00,202,-2.00,203,0.00,1049,0.00,999,0.00,1633,0.00,1343,-4.00,247,4.00,1628,38.00,1414,0.32
9332,-7.00,204,0.00,200,-2.00,203,-4.00,205,0.00,202,-3.00,204,-4.00,204,-3.00,1403,-1.00,1503,2.00,202,-4.00,204,-1.00,201,-2.00,204,-1.00,202,-2.00,203,0.00,1049,0.00,999,0.00,1632,0.00,1343,-3.00,247,4.00,1628,38.00,1414,0.32
9368,-3.00,204,0.00,200,-1.00,203,-4.00,205,-1.00,202,-4.00,204,-4.00,204,-3.00,1403,-2.00,1503,-4.00,203,-3.00,204,-1.00,201,-2.00,204,-1.00,202,-3.00,203,0.00,1049,0.00,999,0.00,1632,0.00,1343,-1.00,247,3.00,1628,38.00,1414,0.08
9404,-4.00,204,0.00,200,-1.00,203,-6.00,205,-1.00,202,-3.00,204,-4.00,204,-2.00,1403,-1.00,1503,0.00,202,-3.00,204,0.00,201,-4.00,204,-2.00,202,-3.00,203,0.00,1049,0.00,999,0.00,1633,0.00,1343,-4.00,247,3.00,1628,38.00,1414,0.24
9440,0.00,204,0.00,200,-2.00,203,-6.00,205,-1.00,202,-2.00,204,-4.00,204,-2.00,1403,-1.00,1503,6.00,203,-3.00,204,-1.00,201,-2.00,204,-1.00,202,-2.00,203,0.00,1049,0.00,999,0.00,1632,0.00,1343,-4.00,247,4.00,1628,38.00,1414,0.08
9475,-4.00,204,0.00,200,-1.00,203,-5.00,205,-1.00,202,-4.00,204,-4.00,204,-4.00,1403,-2.00,1503,-1.00,203,-3.00,204,-1.00,201,-3.00,204,-1.00,202,-3.00,203,0.00,1049,0.00,999,0.00,1632,0.00,1343,-1.00,247,4.00,1628,37.00,1414,0.08
9511,-3.00,204,0.00,200,-2.00,203,-4.00,205,-1.00,202,3.00,204,-4.00,204,-2.00,1403,-1.00,1503,3.00,203,-4.00,204,-1.00,201,-3.00,204,-1.00,202,-2.00,203,0.00,1049,0.00,999,0.00,1633,0.00,1343,-4.00,247,4.00,1628,38.00,1414,0.24
9547,-4.00,204,0.00,201,-3.00,203,-4.00,205,-2.00,202,-4.00,204,-4.00,204,-4.00,1403,-2.00,1503,-3.00,203,-2.00,204,-1.00,201,-2.00,204,-1.00,202,-3.00,203,0.00,1049,0.00,999,0.00,1632,0.00,1343,-4.00,247,3.00,1628,38.00,1414,0.32
9582,-2.00,204,0.00,200,-2.00,203,-3.00,205,0.00,202,-3.00,203,-4.00,204,-4.00,1403,-1.00,1503,-4.00,203,-4.00,204,-1.00,201,-4.00,204,0.00,202,-3.00,203,0.00,1049,0.00,999,0.00,1633,0.00,1343,-4.00,247,3.00,1628,38.00,1414,0.16
9618,-4.00,204,1.00,200,-2.00,203,-2.00,205,-1.00,202,-4.00,204,-4.00,204,-2.00,1403,-2.00,1503,2.00,203,-4.00,204,0.00,201,-3.00,204,-1.00,202,-2.00,203,0.00,1049,0.00,999,0.00,1633,0.00,1343,-4.00,247,2.00,1628,38.00,1414,0.08
9654,-3.00,204,0.00,200,-2.00,203,-2.00,205,-1.00,202,-4.00,203,-4.00,204,-2.00,1403,-2.00,1503,-3.00,202,-4.00,204,-1.00,201,-3.00,204,-1.00,202,-4.00,203,0.00,1049,0.00,999,0.00,1633,0.00,1343,-3.00,247,3.00,1628,38.00,1414,0.00
9689,-3.00,204,0.00,200,-2.00,203,-3.00,205,0.00,202,0.00,204,-4.00,204,-3.00,1403,-1.00,1503,-8.00,202,-4.00,204,0.00,201,-3.00,204,-1.00,202,-2.00,203,0.00,1049,0.00,999,0.00,1633,0.00,1343,-3.00,247,3.00,1628,38.00,1414,0.08
9725,-2.00,204,0.00,200,-1.00,203,-4.00,205,-1.00,202,-3.00,204,-4.00,204,-2.00,1403,-2.00,1503,2.00,203,-3.00,204,-1.00,201,-2.00,204,-1.00,202,-3.00,203,0.00,1049,0.00,999,0.00,1633,0.00,1343,-3.00,247,2.00,1628,38.00,1414,0.08
9761,-4.00,204,0.00,200,-1.00,203,-3.00,205,-1.00,202,0.00,204,-4.00,204,-4.00,1403,-2.00,1503,-2.00,202,-3.00,204,-1.00,201,-2.00,204,-1.00,202,-4.00,203,0.00,1049,0.00,999,0.00,1633,0.00,1343,-4.00,247,3.00,1628,38.00,1414,0.08
9797,-4.00,204,1.00,200,-3.00,203,-2.00,205,-1.00,202,-4.00,203,-4.00,204,-3.00,1403,-1.00,1503,-2.00,202,-4.00,204,-1.00,201,-4.00,204,-2.00,202,-4.00,203,0.00,1049,0.00,999,0.00,1633,0.00,1343,-2.00,247,2.00,1628,40.00,1414,0.08
9833,-4.00,204,1.00,200,-2.00,203,-5.00,205,-1.00,202,-4.00,204,-4.00,204,-2.00,1403,-2.00,1503,-5.00,202,-3.00,204,-1.00,201,-3.00,204,-1.00,202,-4.00,203,0.00,1049,0.00,999,0.00,1633,0.00,1343,-4.00,247,4.00,1628,37.00,1414,0.08
9868,-4.00,204,0.00,200,-2.00,203,-4.00,205,-3.00,202,-2.00,204,-4.00,204,-4.00,1403,-3.00,1503,-1.00,202,-2.00,204,-2.00,201,-4.00,204,-2.00,202,-3.00,203,0.00,1049,0.00,999,0.00,1633,0.00,1343,-2.00,247,4.00,1628,45.00,1414,0.08
9904,-3.00,204,0.00,200,-4.00,203,-5.00,205,0.00,202,-4.00,203,-4.00,204,-3.00,1403,-2.00,1503,-4.00,202,-4.00,204,0.00,201,-5.00,204,-1.00,202,-4.00,203,0.00,1049,0.00,999,0.00,1632,0.00,1343,-5.00,247,2.00,1628,41.00,1414,0.08
9940,-2.00,204,0.00,200,-3.00,203,-4.00,205,-1.00,202,1.00,203,-4.00,204,-4.00,1403,-2.00,1503,-2.00,202,-4.00,204,-1.00,201,-2.00,204,-1.00,202,-4.00,203,0.00,1049,0.00,999,0.00,1633,0.00,1343,-4.00,247,2.00,1628,41.00,1414,0.73
9975,-4.00,204,0.00,200,-1.00,203,-3.00,205,-1.00,202,0.00,204,-4.00,204,-3.00,1403,-1.00,1503,-8.00,202,-2.00,204,0.00,201,-4.00,204,-1.00,202,-3.00,203,0.00,1049,0.00,999,0.00,1633,0.00,1343,-4.00,247,3.00,1628,37.00,1414,0.08
10011,-3.00,204,1.00,200,-2.00,203,-4.00,205,-1.00,202,-3.00,204,-4.00,204,-3.00,1403,-3.00,1503,-3.00,203,-3.00,204,0.00,201,-3.00,204,-1.00,202,-2.00,203,0.00,1049,0.00,999,0.00,1632,0.00,1343,-2.00,247,2.00,1628,39.00,1414,0.08
10047,-3.00,204,-1.00,200,-2.00,203,-3.00,205,-1.00,202,-2.00,204,-5.00,204,-3.00,1403,-3.00,1503,-2.00,202,-4.00,204,0.00,201,-2.00,204,-2.00,202,-2.00,203,0.00,1049,0.00,999,0.00,1633,0.00,1343,-4.00,247,3.00,1628,38.00,1414,0.00
10083,-4.00,204,0.00,200,-3.00,203,-4.00,205,0.00,202,-5.00,204,-3.00,204,-3.00,1403,-2.00,1503,-3.00,202,-4.00,204,-1.00,201,-2.00,204,-1.00,202,-2.00,203,0.00,1049,0.00,999,0.00,1632,0.00,1343,-4.00,247,4.00,1628,38.00,1414,0.00
10118,-4.00,204,1.00,200,-2.00,203,-2.00,205,-1.00,202,-4.00,204,-4.00,204,-2.00,1403,-1.00,1503,-2.00,202,-1.00,204,-3.00,201,-2.00,204,-1.00,202,-4.00,203,0.00,1049,0.00,999,0.00,1633,0.00,1343,-4.00,247,3.00,1628,37.00,1414,0.08
10154,-4.00,204,0.00,200,-1.00,203,-4.00,205,0.00,202,-1.00,204,-4.00,204,-2.00,1403,-2.00,1503,-2.00,202,-2.00,204,-1.00,201,-2.00,204,-2.00,202,-4.00,203,0.00,1049,0.00,999,0.00,1632,0.00,1343,-4.00,247,4.00,1628,38.00,1414,0.24
10190,-5.00,204,0.00,200,-2.00,203,-5.00,205,-2.00,202,-2.00,204,-4.00,204,-4.00,1403,-3.00,1503,-2.00,202,-4.00,204,-1.00,201,-3.00,204,0.00,202,-3.00,203,0.00,1049,0.00,999,0.00,1633,0.00,1343,-2.00,247,3.00,1628,39.00,1414,0.08
10226,-3.00,204,0.00,200,-1.00,203,-4.00,205,0.00,202,-5.00,204,-4.00,204,-2.00,1403,-2.00,1503,-3.00,202,-4.00,204,-1.00,201,-3.00,204,-1.00,202,-3.00,203,0.00,1049,0.00,999,0.00,1633,0.00,1343,-3.00,247,4.00,1628,38.00,1414,0.24
10261,-2.00,204,0.00,200,-3.00,203,-4.00,205,-1.00,202,-5.00,204,-4.00,204,-2.00,1403,-3.00,1503,-1.00,202,-3.00,204,0.00,201,-2.00,204,-2.00,202,1.00,203,0.00,1049,0.00,999,0.00,1632,0.00,1343,-3.00,247,4.00,1628,38.00,1414,0.00
10297,-3.00,204,0.00,200,-3.00,203,-2.00,205,-2.00,202,-4.00,204,-4.00,204,-2.00,1403,-1.00,1503,-1.00,202,-4.00,204,-1.00,201,-4.00,204,-1.00,202,-4.00,203,0.00,1049,0.00,999,0.00,1633,0.00,1343,-3.00,247,4.00,1628,38.00,1414,0.08
10333,-2.00,204,0.00,200,-2.00,203,-3.00,205,-1.00,202,-6.00,204,-4.00,204,-3.00,1403,-2.00,1503,-3.00,202,-2.00,204,-2.00,201,-4.00,204,-1.00,202,-2.00,203,0.00,1049,0.00,999,0.00,1633,0.00,1343,-3.00,247,3.00,1628,38.00,1414,0.16
10369,-2.00,204,0.00,200,-2.00,203,-4.00,205,-1.00,202,-3.00,204,-5.00,204,-3.00,1403,-2.00,1503,-3.00,202,-3.00,204,-1.00,201,-2.00,204,0.00,202,-4.00,203,0.00,1049,0.00,999,0.00,1632,0.00,1343,-2.00,247,2.00,1628,37.00,1414,0.56
10405,-4.00,204,0.00,200,-2.00,203,-2.00,205,-1.00,202,-4.00,204,-4.00,204,-4.00,1403,-2.00,1503,-1.00,202,-3.00,204,-1.00,201,-4.00,204,0.00,202,-3.00,203,0.00,1049,0.00,999,0.00,1633,0.00,1343,-4.00,247,3.00,1628,38.00,1414,0.24
10440,-3.00,204,0.00,200,-1.00,203,-3.00,205,-1.00,202,-4.00,204,-4.00,204,-4.00,1403,-2.00,1503,-2.00,202,-3.00,204,0.00,201,-4.00,204,0.00,202,-2.00,203,0.00,1049,0.00,999,0.00,1633,0.00,1343,-3.00,247,2.00,1628,39.00,1414,0.08
10476,-3.00,204,0.00,200,-1.00,203,-5.00,205,-1.00,202,-4.00,203,-4.00,204,-4.00,1403,-3.00,1503,-3.00,202,-1.00,204,-2.00,201,-3.00,204,-2.00,202,-2.00,203,0.00,1049,0.00,999,0.00,1633,0.00,1343,-3.00,247,3.00,1628,37.00,1414,0.16
10512,-4.00,204,0.00,200,-3.00,203,-3.00,205,-1.00,202,-6.00,203,-4.00,204,-2.00,1403,-1.00,1503,-1.00,202,-2.00,204,-3.00,201,-4.00,204,-1.00,202,-2.00,203,0.00,1049,0.00,999,0.00,1633,0.00,1343,-4.00,247,4.00,1628,37.00,1414,0.08
10547,0.00,204,0.00,200,-3.00,203,-3.00,205,0.00,202,-1.00,204,-4.00,204,-2.00,1403,-2.00,1503,-2.00,202,-2.00,204,-1.00,201,-4.00,204,-1.00,202,-2.00,203,0.00,1049,0.00,999,0.00,1632,0.00,1343,-4.00,247,3.00,1628,39.00,1414,0.00
10583,-2.00,204,0.00,200,-2.00,203,-3.00,205,-1.00,202,-5.00,204,-4.00,204,-3.00,1403,-1.00,1503,-1.00,202,-4.00,204,0.00,201,-2.00,204,0.00,202,-4.00,203,0.00,1049,0.00,999,0.00,1633,0.00,1343,-4.00,247,3.00,1628,38.00,1414,0.16
10619,-4.00,204,0.00,200,-1.00,203,-4.00,205,0.00,202,-5.00,204,-4.00,204,-3.00,1403,-2.00,1503,-3.00,202,-2.00,204,0.00,201,-1.00,204,-2.00,202,-2.00,203,0.00,1049,0.00,999,0.00,1632,0.00,1343,-4.00,247,4.00,1628,38.00,1414,0.08
10655,-4.00,204,-4.00,200,-1.00,203,-5.00,205,-1.00,202,-6.00,204,-4.00,204,-4.00,1403,-2.00,1503,-2.00,202,-2.00,204,-1.00,201,-2.00,204,-2.00,202,-1.00,203,0.00,1049,0.00,999,0.00,1633,0.00,1343,-2.00,247,3.00,1628,37.00,1414,0.48
10691,-3.00,204,0.00,200,-2.00,203,-5.00,205,0.00,202,-5.00,204,-4.00,204,-3.00,1403,-1.00,1503,-2.00,202,-4.00,204,-1.00,201,-3.00,204,-2.00,202,-3.00,203,0.00,1049,0.00,999,0.00,1633,0.00,1343,-5.00,247,4.00,1628,37.00,1414,0.16
10727,-2.00,204,0.00,200,-2.00,203,-5.00,205,-1.00,202,-3.00,204,-4.00,204,-4.00,1403,-2.00,1503,-1.00,202,-3.00,204,-1.00,201,-4.00,204,-1.00,202,-2.00,203,0.00,1049,0.00,999,0.00,1632,0.00,1343,-3.00,247,4.00,1628,38.00,1414,0.08
10762,-4.00,204,0.00,200,-2.00,203,-5.00,205,-1.00,202,-4.00,203,-4.00,204,-2.00,1403,-3.00,1503,-1.00,202,-4.00,204,-1.00,201,-4.00,204,-2.00,202,-3.00,203,0.00,1049,0.00,999,0.00,1633,0.00,1343,-3.00,247,3.00,1628,38.00,1414,0.16
10798,-3.00,204,-1.00,200,-1.00,203,-4.00,205,-1.00,202,-5.00,204,-5.00,204,-4.00,1403,-3.00,1503,-1.00,202,-5.00,204,-1.00,201,-2.00,204,-2.00,202,-3.00,203,0.00,1049,0.00,999,0.00,1633,0.00,1343,-2.00,247,2.00,1628,38.00,1414,0.00
10834,-2.00,204,1.00,200,-3.00,203,-3.00,205,-1.00,202,2.00,204,-3.00,204,-4.00,1403,-2.00,1503,-3.00,202,-2.00,204,-1.00,201,-3.00,204,-1.00,202,-3.00,203,0.00,1049,0.00,999,0.00,1633,0.00,1343,-5.00,247,4.00,1628,37.00,1414,0.08
10870,-3.00,204,1.00,200,-3.00,203,-6.00,205,-1.00,202,-4.00,203,-4.00,204,-3.00,1403,-2.00,1503,-1.00,202,-3.00,204,-1.00,201,-4.00,204,-2.00,202,-4.00,203,0.00,1049,0.00,999,0.00,1633,0.00,1343,-3.00,247,2.00,1628,38.00,1414,0.48
10905,-3.00,204,0.00,200,-3.00,203,-3.00,205,-1.00,202,2.00,204,-4.00,204,-2.00,1403,-2.00,1503,-1.00,202,-3.00,204,0.00,201,-4.00,204,-1.00,202,-4.00,203,0.00,1049,0.00,999,0.00,1633,0.00,1343,-4.00,247,4.00,1628,38.00,1414,0.24
10941,-4.00,204,3.00,200,-2.00,203,-5.00,205,0.00,202,1.00,203,-4.00,204,-3.00,1403,-1.00,1503,-3.00,202,-2.00,204,-1.00,201,-2.00,204,-2.00,202,-2.00,203,0.00,1049,0.00,999,0.00,1633,0.00,1343,-2.00,247,4.00,1628,38.00,1414,0.08
10977,-3.00,204,0.00,200,-3.00,203,-3.00,205,0.00,202,-3.00,203,-4.00,204,-4.00,1404,-2.00,1503,-3.00,202,-3.00,204,0.00,201,-4.00,204,-1.00,202,-3.00,203,0.00,1049,0.00,999,0.00,1633,0.00,1343,-3.00,247,3.00,1628,38.00,1414,0.24
11013,-3.00,204,0.00,200,-3.00,203,-5.00,205,-1.00,202,3.00,204,-4.00,204,-3.00,1403,-3.00,1503,-2.00,202,-2.00,204,-2.00,201,-4.00,204,-1.00,202,-3.00,203,0.00,1049,0.00,999,0.00,1633,0.00,1343,-2.00,247,3.00,1628,38.00,1414,0.00
11048,-3.00,204,1.00,200,-2.00,203,-4.00,205,0.00,202,1.00,204,-4.00,204,-2.00,1403,-3.00,1503,-1.00,202,-4.00,204,0.00,201,-4.00,204,-1.00,202,-3.00,203,0.00,1049,0.00,999,0.00,1632,0.00,1343,-3.00,247,3.00,1628,38.00,1414,0.00
11084,-2.00,204,0.00,200,-3.00,203,-5.00,205,0.00,202,-5.00,204,-4.00,204,-4.00,1403,-1.00,1503,-3.00,202,-2.00,204,-1.00,201,-3.00,204,-1.00,202,-4.00,203,0.00,1049,0.00,999,0.00,1633,0.00,1343,-4.00,247,4.00,1628,38.00,1414,0.16
11120,-3.00,204,0.00,200,-1.00,203,-5.00,205,-1.00,202,-2.00,204,-4.00,204,-3.00,1403,-2.00,1503,-1.00,202,-2.00,204,-1.00,201,-2.00,204,-2.00,202,-2.00,203,0.00,1049,0.00,999,0.00,1632,0.00,1343,-1.00,247,3.00,1628,43.00,1414,0.00
11156,-3.00,204,0.00,200,-1.00,203,-3.00,205,-1.00,202,-1.00,204,-4.00,204,-2.00,1403,-1.00,1503,-3.00,202,-4.00,204,0.00,201,-4.00,204,-1.00,202,-3.00,203,0.00,1049,0.00,999,0.00,1632,0.00,1343,-4.00,247,2.00,1628,38.00,1414,0.16
11192,-2.00,204,1.00,200,-2.00,203,-4.00,205,-2.00,202,-4.00,204,-4.00,204,-2.00,1403,-2.00,1503,-2.00,202,-2.00,204,-2.00,201,-4.00,204,-1.00,202,-3.00,203,0.00,1049,0.00,999,0.00,1633,0.00,1343,-5.00,247,3.00,1628,38.00,1414,0.00
11227,-4.00,204,1.00,200,-2.00,203,-5.00,205,-1.00,202,-5.00,204,-4.00,204,-2.00,1403,-2.00,1503,-2.00,202,-2.00,204,-1.00,201,-2.00,204,-1.00,202,-4.00,203,0.00,1049,0.00,999,0.00,1633,0.00,1343,-3.00,247,3.00,1628,38.00,1414,0.08
11263,-2.00,204,0.00,200,-3.00,203,-5.00,205,-1.00,202,-3.00,204,-4.00,204,-2.00,1403,-2.00,1503,-1.00,202,-2.00,204,-2.00,201,-2.00,204,-1.00,202,-4.00,203,0.00,1049,0.00,999,0.00,1633,0.00,1343,-4.00,247,2.00,1628,38.00,1414,0.16
11299,-4.00,204,1.00,200,-1.00,203,-3.00,205,-1.00,202,-3.00,204,-4.00,204,-4.00,1403,-3.00,1503,-3.00,202,-2.00,204,-1.00,201,-4.00,204,-1.00,202,-4.00,203,0.00,1049,0.00,999,0.00,1633,0.00,1343,-2.00,247,3.00,1628,38.00,1414,0.00
11335,-2.00,204,0.00,200,-1.00,203,-4.00,205,0.00,202,-3.00,204,-4.00,204,-3.00,1403,-2.00,1503,-1.00,202,-3.00,204,-2.00,201,-2.00,204,-1.00,202,-2.00,203,0.00,1049,0.00,999,0.00,1632,0.00,1343,-4.00,247,3.00,1628,39.00,1413,0.00
11370,-3.00,204,0.00,200,-2.00,203,-5.00,205,-1.00,202,-5.00,204,-4.00,204,-2.00,1403,-2.00,1503,-1.00,202,-2.00,204,-1.00,201,-2.00,204,0.00,202,-3.00,203,0.00,1049,0.00,999,0.00,1632,0.00,1343,-3.00,247,2.00,1628,38.00,1414,0.16
11406,-4.00,204,1.00,200,-3.00,203,-5.00,205,-1.00,202,-1.00,204,-4.00,204,-2.00,1403,-3.00,1503,-3.00,202,-2.00,204,-1.00,201,-2.00,204,-1.00,202,-4.00,203,0.00,1049,0.00,999,0.00,1633,0.00,1343,-2.00,247,4.00,1628,38.00,1414,0.08
11442,-4.00,204,-2.00,200,-2.00,203,-4.00,205,-1.00,202,3.00,204,-3.00,204,-3.00,1403,-2.00,1503,-2.00,202,-1.00,204,0.00,201,-3.00,204,0.00,202,-4.00,203,0.00,1049,0.00,999,0.00,1633,0.00,1343,-3.00,247,3.00,1628,38.00,1413,0.56
11477,-3.00,204,0.00,200,-1.00,203,-5.00,205,-1.00,202,-5.00,203,-4.00,204,-4.00,1403,-3.00,1503,-2.00,202,-2.00,204,-1.00,201,-2.00,204,-1.00,202,-3.00,203,0.00,1049,0.00,999,0.00,1632,0.00,1343,-4.00,247,3.00,1628,38.00,1414,0.08
11513,-3.00,204,0.00,200,-2.00,203,-4.00,205,-1.00,202,-5.00,204,-3.00,204,-4.00,1403,-2.00,1503,-2.00,202,-4.00,204,-2.00,201,-2.00,204,0.00,202,-2.00,203,0.00,1049,0.00,999,0.00,1633,0.00,1343,-3.00,247,3.00,1628,38.00,1414,0.08
11549,-3.00,204,1.00,200,-1.00,203,-3.00,205,-2.00,202,-5.00,204,-4.00,204,-3.00,1403,-2.00,1503,-2.00,202,-2.00,204,-1.00,201,-3.00,204,-1.00,202,-4.00,203,0.00,1049,0.00,999,0.00,1632,0.00,1343,-2.00,247,3.00,1628,37.00,1414,0.00
11585,-3.00,204,0.00,200,-3.00,203,-5.00,205,-1.00,202,1.00,204,-4.00,204,-3.00,1403,-2.00,1503,-3.00,202,-3.00,204,-1.00,201,-5.00,204,-1.00,202,-4.00,203,0.00,1049,0.00,999,0.00,1633,0.00,1343,-2.00,247,3.00,1628,38.00,1414,0.08
11621,-2.00,204,1.00,200,-3.00,203,-5.00,205,0.00,202,2.00,204,-4.00,204,-3.00,1403,-1.00,1503,-1.00,202,-3.00,204,0.00,201,-3.00,204,-2.00,202,-3.00,203,0.00,1049,0.00,999,0.00,1633,0.00,1343,-2.00,247,2.00,1628,38.00,1414,0.08
11656,-3.00,204,0.00,200,-2.00,203,-5.00,205,-1.00,202,-4.00,204,-4.00,204,-3.00,1403,-2.00,1503,-1.00,202,-2.00,204,-1.00,201,-2.00,204,0.00,202,-3.00,203,0.00,1049,0.00,999,0.00,1632,0.00,1343,-2.00,247,3.00,1628,37.00,1414,0.08
11692,6.00,204,0.00,200,-1.00,203,-5.00,205,-1.00,202,-4.00,203,-4.00,204,-2.00,1403,-2.00,1503,-2.00,202,-3.00,204,-1.00,201,-2.00,204,-1.00,202,-2.00,203,0.00,1049,0.00,999,0.00,1632,0.00,1343,-2.00,247,2.00,1628,38.00,1414,0.00
11728,-4.00,204,0.00,200,-1.00,203,-5.00,205,-1.00,202,-7.00,203,-3.00,204,-3.00,1403,-2.00,1503,-2.00,202,-5.00,204,-1.00,201,-2.00,204,-1.00,202,-3.00,203,0.00,1049,0.00,999,0.00,1633,0.00,1343,-4.00,247,2.00,1628,38.00,1414,0.08
11764,-2.00,204,0.00,200,-2.00,203,-6.00,205,-1.00,202,-3.00,204,-5.00,204,-3.00,1403,-1.00,1503,-2.00,202,-3.00,204,0.00,201,-2.00,204,-1.00,202,-2.00,203,0.00,1049,0.00,999,0.00,1633,0.00,1343,-4.00,247,4.00,1628,38.00,1414,0.16
11799,-2.00,204,0.00,200,-2.00,203,-2.00,205,-1.00,202,-4.00,204,-4.00,204,-3.00,1403,-2.00,1503,-1.00,202,-2.00,204,-2.00,201,-2.00,204,-1.00,202,-4.00,203,0.00,1049,0.00,999,0.00,1632,0.00,1343,-3.00,247,4.00,1628,38.00,1414,0.08
11835,-2.00,204,0.00,201,-3.00,203,-5.00,205,0.00,202,-5.00,204,-4.00,204,-4.00,1403,-3.00,1503,-2.00,202,-4.00,204,-1.00,201,-3.00,204,-1.00,202,-4.00,203,0.00,1049,0.00,999,0.00,1633,0.00,1343,-2.00,247,2.00,1628,38.00,1414,0.16
11871,-4.00,204,0.00,200,-3.00,203,-5.00,205,-1.00,202,-2.00,204,-4.00,204,-4.00,1403,-3.00,1503,-2.00,202,-4.00,204,-2.00,201,-2.00,204,-2.00,202,-4.00,203,0.00,1049,0.00,999,0.00,1632,0.00,1343,-3.00,247,3.00,1628,38.00,1414,0.24
11907,-2.00,204,-1.00,200,-1.00,203,-3.00,205,-1.00,202,-3.00,203,-4.00,204,-3.00,1403,-2.00,1503,-2.00,202,-3.00,204,-1.00,201,-4.00,204,0.00,202,-4.00,203,0.00,1049,0.00,999,0.00,1633,0.00,1343,-3.00,247,4.00,1628,38.00,1414,0.00
11943,-5.00,204,0.00,200,-3.00,203,-3.00,205,-1.00,202,-5.00,204,-5.00,204,-4.00,1403,-2.00,1503,-2.00,202,-2.00,204,-2.00,201,-4.00,204,-1.00,202,-4.00,203,0.00,1049,0.00,999,0.00,1632,0.00,1343,-4.00,247,2.00,1628,38.00,1413,0.16
11978,-4.00,204,0.00,200,-2.00,203,-4.00,205,-1.00,202,1.00,204,-4.00,204,-4.00,1403,-2.00,1503,-3.00,202,-4.00,204,-1.00,201,-4.00,204,0.00,202,-4.00,203,0.00,1049,0.00,999,0.00,1633,0.00,1343,-2.00,247,3.00,1628,37.00,1414,0.08
12014,-3.00,204,-1.00,200,-2.00,203,-4.00,205,-1.00,202,-1.00,204,-4.00,204,-2.00,1403,-2.00,1503,-1.00,202,-2.00,204,-1.00,201,-2.00,204,-2.00,202,-2.00,203,0.00,1049,0.00,999,0.00,1632,0.00,1343,-2.00,247,2.00,1628,37.00,1414,0.08
12050,-2.00,204,1.00,200,-2.00,203,-3.00,205,-1.00,202,-4.00,204,-4.00,204,-3.00,1403,-2.00,1503,-1.00,202,-3.00,204,-1.00,201,-4.00,204,-1.00,202,-3.00,203,0.00,1049,0.00,999,0.00,1633,0.00,1343,-2.00,247,3.00,1628,39.00,1414,0.32
12086,-3.00,204,0.00,200,-3.00,203,-5.00,205,-2.00,202,-4.00,204,-4.00,204,-4.00,1403,-1.00,1503,-2.00,202,-2.00,204,-1.00,201,-2.00,204,-1.00,202,-3.00,203,0.00,1049,0.00,999,0.00,1633,0.00,1343,-1.00,247,4.00,1628,38.00,1414,0.08
12121,-3.00,204,2.00,200,-1.00,203,-4.00,205,-1.00,202,-3.00,204,-4.00,204,-3.00,1403,-1.00,1503,-2.00,202,-3.00,204,-1.00,201,-2.00,204,-1.00,202,-3.00,203,0.00,1049,0.00,999,0.00,1632,0.00,1343,-4.00,247,2.00,1628,36.00,1414,0.08
12157,-3.00,204,0.00,200,-2.00,203,-4.00,205,-2.00,202,-4.00,204,-4.00,204,-4.00,1403,-2.00,1503,-2.00,202,-4.00,204,-1.00,201,-4.00,204,-1.00,202,-2.00,203,0.00,1049,0.00,999,0.00,1633,0.00,1343,-2.00,247,2.00,1628,35.00,1414,0.00
12193,-3.00,204,0.00,200,-1.00,203,-4.00,205,-1.00,202,-4.00,204,-4.00,204,-3.00,1403,-3.00,1503,-3.00,202,-3.00,204,-1.00,201,-4.00,204,-1.00,202,-4.00,203,0.00,1049,0.00,999,0.00,1633,0.00,1343,-5.00,247,4.00,1628,38.00,1414,0.08
12228,-2.00,204,0.00,200,-2.00,203,-5.00,205,-1.00,202,-5.00,203,-4.00,204,-3.00,1403,-2.00,1503,-2.00,202,-2.00,204,-1.00,201,-4.00,204,-2.00,202,-4.00,203,0.00,1049,0.00,999,0.00,1633,0.00,1343,-3.00,247,4.00,1628,38.00,1414,0.08
12264,-5.00,204,0.00,200,-2.00,203,-2.00,205,-1.00,202,-4.00,204,-4.00,204,-2.00,1403,-2.00,1503,-3.00,202,-2.00,204,-1.00,201,-3.00,204,-1.00,202,-4.00,203,0.00,1049,0.00,999,0.00,1633,0.00,1343,-2.00,247,4.00,1628,38.00,1414,0.16
12300,-3.00,204,0.00,200,-2.00,203,-2.00,205,-1.00,202,-4.00,204,-4.00,204,-3.00,1403,-3.00,1503,-1.00,202,-4.00,204,-1.00,201,-3.00,204,-1.00,202,-3.00,203,0.00,1049,0.00,999,0.00,1633,0.00,1343,-3.00,247,3.00,1628,38.00,1414,0.16
12336,-3.00,204,0.00,200,-3.00,203,-5.00,205,-1.00,202,-2.00,204,-4.00,204,-3.00,1403,-2.00,1503,-1.00,202,-4.00,204,-1.00,201,-3.00,204,0.00,202,-4.00,203,0.00,1049,0.00,999,0.00,1633,0.00,1343,-4.00,247,3.00,1628,38.00,1414,0.08
12372,-2.00,204,0.00,200,-3.00,203,-5.00,205,-1.00,202,-6.00,204,-4.00,204,-2.00,1403,-2.00,1503,-3.00,202,-2.00,204,0.00,201,-3.00,204,-1.00,202,-4.00,203,0.00,1049,0.00,999,0.00,1633,0.00,1343,-3.00,247,4.00,1628,38.00,1414,0.00
12407,-3.00,204,1.00,200,-1.00,203,-3.00,205,-1.00,202,-4.00,204,-4.00,204,-3.00,1403,-3.00,1503,-3.00,202,-5.00,204,-2.00,201,-3.00,204,-1.00,202,-4.00,203,0.00,1049,0.00,999,0.00,1633,0.00,1343,-2.00,247,3.00,1628,39.00,1414,0.08
12443,-4.00,204,0.00,200,-3.00,203,-3.00,205,-1.00,202,-4.00,204,-4.00,204,-4.00,1403,-2.00,1503,-1.00,202,-3.00,204,-1.00,201,-2.00,204,-1.00,202,-3.00,203,0.00,1049,0.00,999,0.00,1633,0.00,1343,-5.00,247,4.00,1628,46.00,1414,0.00
12479,-4.00,204,0.00,200,-2.00,203,-4.00,205,-1.00,202,-3.00,204,-4.00,204,-3.00,1403,-3.00,1503,-3.00,202,-2.00,204,-1.00,201,-3.00,204,-1.00,202,-3.00,203,0.00,1049,0.00,999,0.00,1633,0.00,1343,-3.00,247,4.00,1628,38.00,1414,0.00
12515,-3.00,204,1.00,200,-1.00,203,-5.00,205,0.00,202,-4.00,204,-4.00,204,-4.00,1403,-2.00,1503,-2.00,202,-4.00,204,-1.00,201,-3.00,204,-1.00,202,-4.00,203,0.00,1049,0.00,999,0.00,1633,0.00,1343,-3.00,247,4.00,1628,38.00,1414,0.32
12550,-2.00,204,0.00,200,-1.00,203,-3.00,205,-2.00,202,-3.00,204,-4.00,204,-3.00,1403,-1.00,1503,-3.00,202,-4.00,204,-1.00,201,-3.00,204,-1.00,202,-2.00,203,0.00,1049,0.00,999,0.00,1633,0.00,1343,-4.00,247,3.00,1628,38.00,1414,0.16
12586,-3.00,204,0.00,200,-2.00,203,-4.00,205,-2.00,202,-5.00,203,-4.00,204,-3.00,1403,-3.00,1503,-2.00,202,-4.00,204,-1.00,201,-3.00,204,-1.00,202,-4.00,203,0.00,1049,0.00,999,0.00,1633,0.00,1343,-2.00,247,2.00,1628,39.00,1414,0.08
12622,-3.00,204,0.00,200,-1.00,203,-5.00,205,-2.00,202,-4.00,203,-4.00,204,-2.00,1403,-3.00,1503,-3.00,202,-2.00,204,0.00,201,-2.00,204,-1.00,202,-3.00,203,0.00,1049,0.00,999,0.00,1633,0.00,1343,-2.00,247,3.00,1628,38.00,1414,0.00
12658,-4.00,204,-2.00,200,-2.00,203,-6.00,205,-1.00,202,-3.00,204,-4.00,204,-3.00,1403,-2.00,1503,-3.00,202,-4.00,204,-1.00,201,-2.00,204,0.00,202,-4.00,203,0.00,1049,0.00,999,0.00,1632,0.00,1343,-2.00,247,2.00,1628,38.00,1414,0.08
12693,-2.00,204,0.00,200,-1.00,203,-6.00,205,-1.00,202,0.00,204,-4.00,204,-4.00,1403,-1.00,1503,-3.00,202,-4.00,204,-2.00,201,-2.00,204,0.00,202,-3.00,203,0.00,1049,0.00,999,0.00,1633,0.00,1343,-3.00,247,3.00,1628,37.00,1414,0.08
12729,-4.00,204,1.00,200,-3.00,203,-5.00,205,-1.00,202,-3.00,204,-4.00,204,-2.00,1403,-3.00,1503,-3.00,202,-4.00,204,-1.00,201,-4.00,204,-1.00,202,-4.00,203,0.00,1049,0.00,999,0.00,1633,0.00,1343,-4.00,247,3.00,1628,37.00,1414,0.08
12765,-3.00,204,0.00,200,-3.00,203,-5.00,205,-1.00,202,-4.00,204,-4.00,204,-3.00,1404,-1.00,1503,-1.00,202,-2.00,204,-1.00,201,-2.00,204,0.00,202,-2.00,203,0.00,1049,0.00,999,0.00,1632,0.00,1343,-2.00,247,4.00,1628,38.00,1414,0.32
12801,-2.00,204,0.00,200,-1.00,203,-4.00,205,-1.00,202,-4.00,204,-4.00,204,-3.00,1404,-3.00,1503,-3.00,202,-4.00,204,-1.00,201,-2.00,204,-1.00,202,-4.00,203,0.00,1049,0.00,999,0.00,1633,0.00,1343,-3.00,247,2.00,1628,38.00,1414,0.32
12836,-2.00,204,1.00,200,-1.00,203,-5.00,205,-1.00,202,-4.00,204,-4.00,204,-2.00,1403,-1.00,1503,-3.00,202,-5.00,204,-2.00,201,-3.00,204,-1.00,202,-2.00,203,0.00,1049,0.00,999,0.00,1632,0.00,1343,-2.00,247,2.00,1628,38.00,1414,0.16
12872,-4.00,204,0.00,200,-1.00,203,-4.00,205,-1.00,202,-3.00,204,-4.00,204,-2.00,1403,-2.00,1503,-3.00,202,-3.00,204,-1.00,201,-3.00,204,0.00,202,-4.00,203,0.00,1049,0.00,999,0.00,1633,0.00,1343,-3.00,247,3.00,1628,38.00,1414,0.08
12908,-2.00,204,0.00,200,-1.00,203,-2.00,205,0.00,202,-2.00,204,-4.00,204,-4.00,1403,-2.00,1503,-2.00,202,-2.00,204,-1.00,201,-3.00,204,0.00,202,-2.00,203,0.00,1049,0.00,999,0.00,1633,0.00,1343,-4.00,247,3.00,1628,38.00,1414,0.08
12943,-2.00,204,1.00,200,-3.00,203,-2.00,205,-1.00,202,-3.00,203,-4.00,204,-2.00,1403,-2.00,1503,-1.00,202,-3.00,204,-1.00,201,-1.00,204,-1.00,202,-3.00,203,0.00,1049,0.00,999,0.00,1633,0.00,1343,-1.00,247,4.00,1628,37.00,1414,0.24
12979,-4.00,204,0.00,200,-2.00,203,-5.00,205,-1.00,202,-3.00,204,-4.00,204,-2.00,1403,-1.00,1503,-3.00,202,-2.00,204,-2.00,201,-4.00,204,-1.00,202,-2.00,203,0.00,1049,0.00,999,0.00,1633,0.00,1343,-3.00,247,4.00,1628,37.00,1414,0.00
13015,-5.00,204,0.00,200,-1.00,203,-5.00,205,-1.00,202,3.00,204,-3.00,204,-2.00,1403,-2.00,1503,-3.00,202,-3.00,204,-1.00,201,-4.00,204,-1.00,202,-2.00,203,0.00,1049,0.00,999,0.00,1633,0.00,1343,-4.00,247,4.00,1628,38.00,1414,0.32
13051,-3.00,204,-1.00,200,-2.00,203,-4.00,205,-1.00,202,-3.00,204,-4.00,204,-3.00,1403,-2.00,1503,-2.00,202,-3.00,204,-1.00,201,-4.00,204,-1.00,202,-2.00,203,0.00,1049,0.00,999,0.00,1633,0.00,1343,-4.00,247,2.00,1628,38.00,1414,0.16
13086,-4.00,204,1.00,200,-2.00,203,-4.00,205,-1.00,202,-3.00,204,-4.00,204,-4.00,1403,-1.00,1503,-1.00,202,-4.00,204,-1.00,201,-2.00,204,-1.00,202,-4.00,203,0.00,1049,0.00,999,0.00,1632,0.00,1343,-4.00,247,3.00,1628,38.00,1414,0.08
13122,-2.00,204,0.00,200,-2.00,203,-4.00,205,-1.00,202,-5.00,204,-4.00,204,-4.00,1403,-1.00,1503,-2.00,202,-4.00,204,-1.00,201,-4.00,204,0.00,202,-3.00,203,0.00,1049,0.00,999,0.00,1633,0.00,1343,-2.00,247,2.00,1628,38.00,1414,0.08
13158,-3.00,204,0.00,200,-3.00,203,-4.00,205,-1.00,202,-5.00,204,-4.00,204,-2.00,1403,-3.00,1503,-3.00,202,-2.00,204,-1.00,201,-2.00,204,-1.00,202,-4.00,203,0.00,1049,0.00,999,0.00,1633,0.00,1343,-3.00,247,3.00,1628,38.00,1414,0.16
13194,-2.00,204,0.00,200,-1.00,203,-3.00,205,-1.00,202,-3.00,204,-4.00,204,-2.00,1403,-2.00,1503,-2.00,202,-3.00,204,0.00,201,-2.00,204,-1.00,202,-3.00,203,0.00,1049,0.00,999,0.00,1633,0.00,1343,-1.00,247,3.00,1628,39.00,1414,0.00
13229,-3.00,204,0.00,200,-2.00,203,-5.00,205,-1.00,202,-4.00,204,-4.00,204,-3.00,1403,-2.00,1503,-2.00,202,-3.00,204,-1.00,201,-4.00,204,0.00,202,-4.00,203,0.00,1049,0.00,999,0.00,1633,0.00,1343,-3.00,247,3.00,1628,38.00,1414,0.16
13265,-3.00,204,0.00,200,-1.00,203,-5.00,205,-2.00,202,-4.00,204,-4.00,204,-3.00,1403,-3.00,1503,-1.00,202,-5.00,204,-1.00,201,-4.00,204,-1.00,202,-2.00,203,0.00,1049,0.00,999,0.00,1633,0.00,1343,-4.00,247,4.00,1628,38.00,1414,0.08
13301,-4.00,204,0.00,200,-1.00,203,-3.00,205,0.00,202,2.00,203,-4.00,204,-3.00,1403,-1.00,1503,-3.00,202,-4.00,204,0.00,201,-2.00,204,-2.00,202,-2.00,203,0.00,1049,0.00,999,0.00,1633,0.00,1343,-4.00,247,4.00,1628,38.00,1414,0.08
13337,-4.00,204,0.00,200,-2.00,203,-3.00,205,-1.00,202,-4.00,204,-4.00,204,-3.00,1403,-2.00,1503,-2.00,202,-2.00,204,-1.00,201,-3.00,204,-2.00,202,-3.00,203,0.00,1049,0.00,999,0.00,1632,0.00,1343,-3.00,247,2.00,1628,38.00,1414,0.08
13372,-3.00,204,-3.00,200,-4.00,203,-5.00,205,0.00,202,-4.00,203,-4.00,204,-3.00,1403,-2.00,1503,-1.00,202,-3.00,204,-1.00,201,-2.00,204,-2.00,202,-3.00,203,0.00,1049,0.00,999,0.00,1632,0.00,1343,-3.00,247,4.00,1628,38.00,1414,0.08
13408,-4.00,204,0.00,200,-1.00,203,-2.00,205,-1.00,202,-2.00,204,-4.00,204,-4.00,1403,-3.00,1503,-2.00,202,-3.00,204,-1.00,201,-3.00,204,-1.00,202,-3.00,203,0.00,1049,0.00,999,0.00,1633,0.00,1343,-4.00,247,4.00,1628,38.00,1414,0.08
13444,-2.00,204,0.00,200,-3.00,203,-4.00,205,-2.00,202,-4.00,204,-4.00,204,-3.00,1403,-1.00,1503,-2.00,202,-2.00,204,-3.00,201,-2.00,204,-1.00,202,-4.00,203,0.00,1049,0.00,999,0.00,1632,0.00,1343,-3.00,247,4.00,1628,35.00,1414,0.32
13480,-2.00,204,0.00,200,-2.00,203,-3.00,205,-1.00,202,-3.00,204,-4.00,204,0.00,1403,-1.00,1503,-2.00,202,-4.00,204,-1.00,201,-2.00,204,-2.00,202,-3.00,203,0.00,1049,0.00,999,0.00,1633,0.00,1343,-4.00,247,2.00,1628,37.00,1414,0.16
13515,-2.00,204,1.00,200,-2.00,203,-4.00,205,-2.00,202,-4.00,204,-4.00,204,-3.00,1403,-2.00,1503,-2.00,202,-4.00,204,0.00,201,-3.00,204,-1.00,202,-2.00,203,0.00,1049,0.00,999,0.00,1633,0.00,1343,-3.00,247,3.00,1628,38.00,1414,0.08
13551,-4.00,204,0.00,200,-1.00,203,-4.00,205,-1.00,202,-7.00,204,-4.00,204,-3.00,1403,-1.00,1503,-3.00,202,-4.00,204,0.00,201,-3.00,204,-1.00,202,-3.00,203,0.00,1049,0.00,999,0.00,1633,0.00,1343,-5.00,247,2.00,1628,38.00,1414,0.08
13587,-3.00,204,0.00,200,-2.00,203,-2.00,205,-1.00,202,3.00,204,-4.00,204,-3.00,1403,-3.00,1503,-1.00,202,-4.00,204,-2.00,201,-2.00,204,-2.00,202,-2.00,203,0.00,1049,0.00,999,0.00,1633,0.00,1343,-2.00,247,2.00,1628,38.00,1414,0.08
13623,-3.00,204,0.00,200,-1.00,203,-5.00,205,-1.00,202,-3.00,204,-4.00,204,-3.00,1403,-3.00,1503,-2.00,202,-3.00,204,0.00,201,-2.00,204,-1.00,202,-4.00,203,0.00,1049,0.00,999,0.00,1633,0.00,1343,-1.00,247,3.00,1628,38.00,1413,0.00
13658,-2.00,204,1.00,200,-2.00,203,-5.00,205,-1.00,202,-4.00,204,-4.00,204,-4.00,1403,-3.00,1503,-1.00,202,-2.00,204,0.00,201,-2.00,204,-2.00,202,-4.00,203,0.00,1049,0.00,999,0.00,1632,0.00,1343,-4.00,247,4.00,1628,37.00,1414,0.08
13694,-2.00,204,0.00,200,-1.00,203,-3.00,205,-1.00,202,0.00,204,-4.00,204,-3.00,1403,-2.00,1503,-2.00,202,-2.00,204,-1.00,201,-3.00,204,-1.00,202,-3.00,203,0.00,1049,0.00,999,0.00,1633,0.00,1343,-2.00,247,4.00,1628,38.00,1414,0.16
13730,-4.00,204,-5.00,200,-2.00,203,-5.00,205,-1.00,202,5.00,204,-4.00,204,-3.00,1403,-3.00,1503,-2.00,202,-3.00,204,-1.00,201,-2.00,204,0.00,202,-2.00,203,0.00,1049,0.00,999,0.00,1632,0.00,1343,-4.00,247,4.00,1628,38.00,1413,0.00
13766,-4.00,204,0.00,200,-3.00,203,-5.00,205,0.00,202,-2.00,203,-4.00,204,-3.00,1403,-3.00,1503,-3.00,202,-2.00,204,-1.00,201,-3.00,204,-1.00,202,-2.00,203,0.00,1049,0.00,999,0.00,1633,0.00,1343,-4.00,247,2.00,1628,38.00,1414,0.16
13802,-4.00,204,1.00,200,-2.00,203,-4.00,205,-1.00,202,-5.00,204,-3.00,204,-4.00,1403,-3.00,1503,-1.00,202,-4.00,204,-1.00,201,-2.00,204,-1.00,202,-3.00,203,0.00,1049,0.00,999,0.00,1633,0.00,1343,-5.00,247,4.00,1628,38.00,1414,0.24
13837,-3.00,204,0.00,200,-3.00,203,-6.00,205,-1.00,202,-4.00,204,-4.00,204,-4.00,1403,-3.00,1503,-1.00,202,-4.00,204,-2.00,201,-4.00,204,-2.00,202,-2.00,203,0.00,1049,0.00,999,0.00,1633,0.00,1343,-3.00,247,2.00,1628,37.00,1414,0.08
13873,-4.00,204,0.00,200,-1.00,203,-2.00,205,-1.00,202,-3.00,203,-3.00,204,-2.00,1403,-3.00,1503,-2.00,202,-2.00,204,-1.00,201,-4.00,204,-1.00,202,-4.00,203,0.00,1049,0.00,999,0.00,1633,0.00,1343,-3.00,247,3.00,1628,38.00,1414,0.00
13909,-3.00,204,1.00,200,-1.00,203,-5.00,205,-1.00,202,-4.00,204,-4.00,204,-4.00,1403,-3.00,1503,-2.00,202,-4.00,204,-1.00,201,-4.00,204,0.00,202,-4.00,203,0.00,1049,0.00,999,0.00,1632,0.00,1343,-3.00,247,2.00,1628,37.00,1414,0.00
13945,-2.00,204,0.00,200,-2.00,203,-5.00,205,0.00,202,-4.00,204,-4.00,204,-3.00,1403,-1.00,1503,-2.00,202,-2.00,204,-2.00,201,-4.00,204,-1.00,202,-4.00,203,0.00,1049,0.00,999,0.00,1633,0.00,1343,-4.00,247,2.00,1628,46.00,1414,0.08
13980,-2.00,204,2.00,200,-3.00,203,-5.00,205,-1.00,202,-4.00,204,-4.00,204,-4.00,1403,-1.00,1503,-3.00,202,-3.00,204,-1.00,201,-4.00,204,-1.00,202,-3.00,203,0.00,1049,0.00,999,0.00,1632,0.00,1343,-3.00,247,4.00,1628,38.00,1414,0.00
14016,-2.00,204,0.00,200,-2.00,203,-3.00,205,-1.00,202,-5.00,204,-4.00,204,-3.00,1403,-2.00,1503,-2.00,202,-3.00,204,-2.00,201,-2.00,204,-1.00,202,-2.00,203,0.00,1049,0.00,999,0.00,1633,0.00,1343,-2.00,247,3.00,1628,38.00,1413,0.00
14052,-2.00,204,0.00,200,-3.00,203,-5.00,205,-1.00,202,-3.00,204,-4.00,204,-3.00,1403,-3.00,1503,-2.00,202,-4.00,204,-1.00,201,-4.00,204,-1.00,202,-4.00,203,0.00,1049,0.00,999,0.00,1632,0.00,1343,-3.00,247,3.00,1628,37.00,1414,0.16
14088,-3.00,204,0.00,200,-3.00,203,-4.00,205,-1.00,202,-6.00,204,-5.00,204,-3.00,1403,-1.00,1503,-3.00,202,-3.00,204,0.00,201,-4.00,204,-1.00,202,-3.00,203,0.00,1049,0.00,999,0.00,1632,0.00,1343,-3.00,247,4.00,1628,38.00,1414,0.73
14123,-3.00,204,0.00,200,-3.00,203,-5.00,205,-1.00,202,-4.00,204,-4.00,204,-4.00,1403,-1.00,1503,-3.00,202,-4.00,204,-1.00,201,-3.00,204,-1.00,202,-3.00,203,0.00,1049,0.00,999,0.00,1632,0.00,1343,-4.00,247,3.00,1628,38.00,1414,0.08
14159,-2.00,204,0.00,200,-1.00,203,-3.00,205,0.00,202,-4.00,204,-5.00,204,-3.00,1403,-2.00,1503,-2.00,202,-2.00,204,-1.00,201,-2.00,204,0.00,202,-2.00,203,0.00,1049,0.00,999,0.00,1632,0.00,1343,-4.00,247,3.00,1628,38.00,1414,0.00
14195,-2.00,204,1.00,200,-1.00,203,-4.00,205,0.00,202,-5.00,203,-4.00,204,-4.00,1403,-2.00,1503,-3.00,202,-4.00,204,-1.00,201,-2.00,204,-1.00,202,-2.00,203,0.00,1049,0.00,999,0.00,1633,0.00,1343,-4.00,247,2.00,1628,38.00,1414,0.08
14231,-3.00,204,0.00,200,-2.00,203,-2.00,205,-1.00,202,-4.00,203,-4.00,204,-3.00,1403,-2.00,1503,-3.00,202,-2.00,204,0.00,201,-4.00,204,-1.00,202,-3.00,203,0.00,1049,0.00,999,0.00,1633,0.00,1343,-2.00,247,2.00,1628,38.00,1414,0.00
14267,-3.00,204,0.00,200,-2.00,203,-2.00,205,-1.00,202,-1.00,204,-4.00,204,-4.00,1403,-2.00,1503,-1.00,202,-2.00,204,-1.00,201,-4.00,204,-1.00,202,-3.00,203,0.00,1049,0.00,999,0.00,1633,0.00,1343,-1.00,247,3.00,1628,38.00,1414,0.00
14302,-4.00,204,1.00,200,-4.00,203,-4.00,205,-1.00,202,-5.00,204,-4.00,204,-3.00,1403,-3.00,1503,-1.00,202,-4.00,204,-1.00,201,-2.00,204,-1.00,202,-4.00,203,0.00,1049,0.00,999,0.00,1632,0.00,1343,-3.00,247,2.00,1628,38.00,1414,0.08
14338,-3.00,204,0.00,200,-2.00,203,-5.00,205,-1.00,202,-1.00,204,-3.00,204,-3.00,1403,-3.00,1503,-3.00,202,-3.00,204,-1.00,201,-4.00,204,-2.00,202,-4.00,203,0.00,1049,0.00,999,0.00,1633,0.00,1343,-2.00,247,3.00,1628,38.00,1414,0.08
14374,-4.00,203,0.00,200,-1.00,203,-4.00,205,-2.00,202,-4.00,204,-4.00,204,-4.00,1403,-2.00,1503,-2.00,202,-5.00,204,0.00,201,-3.00,204,-1.00,202,-4.00,203,0.00,1049,0.00,999,0.00,1633,0.00,1343,-2.00,247,2.00,1628,38.00,1414,0.16
14410,-3.00,204,-5.00,200,-1.00,203,-3.00,205,-1.00,202,-5.00,204,-4.00,204,-3.00,1403,-1.00,1503,-3.00,202,-3.00,204,-1.00,201,-2.00,204,-1.00,202,-3.00,203,0.00,1049,0.00,999,0.00,1633,0.00,1343,-2.00,247,4.00,1628,38.00,1414,0.24
14445,-2.00,204,0.00,200,-3.00,203,-2.00,205,-1.00,202,-5.00,203,-4.00,204,-3.00,1403,-3.00,1503,-1.00,202,-3.00,204,-1.00,201,-2.00,204,-1.00,202,-2.00,203,0.00,1049,0.00,999,0.00,1633,0.00,1343,-2.00,247,4.00,1628,38.00,1414,0.08
14481,-3.00,204,0.00,200,-2.00,203,-2.00,205,-1.00,202,-5.00,204,-4.00,204,-2.00,1403,-2.00,1503,-3.00,202,-3.00,204,-3.00,201,-2.00,204,-1.00,202,-2.00,203,0.00,1049,0.00,999,0.00,1633,0.00,1343,-2.00,247,3.00,1628,41.00,1414,0.08
14517,-3.00,204,0.00,200,-2.00,203,-3.00,205,-1.00,202,1.00,204,-4.00,204,-2.00,1403,-3.00,1503,-2.00,202,-2.00,204,-2.00,201,-2.00,204,-1.00,202,-4.00,203,0.00,1049,0.00,999,0.00,1633,0.00,1343,-3.00,247,3.00,1628,38.00,1414,0.08
14553,-2.00,204,0.00,200,-1.00,203,-3.00,205,-1.00,202,-4.00,204,-5.00,204,-2.00,1403,-2.00,1503,-1.00,202,-2.00,204,-1.00,201,-3.00,204,-1.00,202,-3.00,203,0.00,1049,0.00,999,0.00,1633,0.00,1343,-2.00,247,4.00,1628,37.00,1414,0.08
14588,-3.00,204,1.00,200,-3.00,203,-5.00,205,-1.00,202,-4.00,204,-4.00,204,-3.00,1403,-3.00,1503,-1.00,202,-3.00,204,-1.00,201,-3.00,204,-1.00,202,-2.00,203,0.00,1049,0.00,999,0.00,1633,0.00,1343,-3.00,247,3.00,1628,38.00,1414,0.00
14624,-2.00,204,-4.00,201,-2.00,203,-5.00,205,-1.00,202,-5.00,203,-4.00,204,-2.00,1403,-2.00,1503,-2.00,202,-3.00,204,-2.00,201,-3.00,204,-1.00,202,-3.00,203,0.00,1049,0.00,999,0.00,1633,0.00,1343,-3.00,247,4.00,1628,40.00,1414,0.16
14660,-3.00,204,0.00,200,-1.00,203,-4.00,205,0.00,202,2.00,203,-4.00,204,-4.00,1403,-3.00,1503,-1.00,202,-4.00,204,0.00,201,-3.00,204,-1.00,202,-4.00,203,0.00,1049,0.00,999,0.00,1633,0.00,1343,-2.00,247,3.00,1628,38.00,1414,0.00
14696,-4.00,204,0.00,200,-3.00,203,-3.00,205,-1.00,202,-4.00,203,-3.00,204,-2.00,1403,-1.00,1503,-2.00,202,-4.00,204,-2.00,201,-3.00,204,-2.00,202,-3.00,203,0.00,1049,0.00,999,0.00,1632,0.00,1343,-4.00,247,2.00,1628,38.00,1414,0.08
14732,-2.00,204,0.00,200,-2.00,203,-4.00,205,-1.00,202,-4.00,204,-4.00,204,-3.00,1403,-3.00,1503,-2.00,202,-4.00,204,-1.00,201,-1.00,204,0.00,202,-4.00,203,0.00,1049,0.00,999,0.00,1632,0.00,1343,-3.00,247,2.00,1628,38.00,1414,0.08
14767,-2.00,204,0.00,200,-3.00,203,-5.00,205,-2.00,202,2.00,204,-4.00,204,-4.00,1403,-2.00,1503,-2.00,202,-2.00,204,0.00,201,-4.00,204,-2.00,202,-4.00,203,0.00,1049,0.00,999,0.00,1633,0.00,1343,-4.00,247,2.00,1628,37.00,1414,0.00
14803,-2.00,204,0.00,200,-2.00,203,-5.00,205,-1.00,202,-2.00,204,-4.00,204,-3.00,1403,-1.00,1503,-2.00,202,-2.00,204,0.00,201,-3.00,204,0.00,202,-2.00,203,0.00,1049,0.00,999,0.00,1633,0.00,1343,-4.00,247,4.00,1628,38.00,1414,0.08
14839,-2.00,204,1.00,200,-2.00,203,-4.00,205,-1.00,202,-5.00,203,-4.00,204,-3.00,1403,-3.00,1503,-3.00,202,-3.00,204,-1.00,201,-2.00,204,-1.00,202,-3.00,203,0.00,1049,0.00,999,0.00,1633,0.00,1343,-3.00,247,4.00,1628,38.00,1414,0.08
14875,-4.00,204,0.00,200,-3.00,203,-4.00,205,0.00,202,2.00,204,-4.00,204,-2.00,1403,-3.00,1503,-1.00,202,-3.00,204,-1.00,201,-3.00,204,-1.00,202,-3.00,203,0.00,1049,0.00,999,0.00,1632,0.00,1343,-3.00,247,3.00,1628,38.00,1414,0.40
14910,-3.00,204,0.00,200,-2.00,203,-3.00,205,-2.00,202,-3.00,204,-4.00,204,-2.00,1403,-1.00,1503,-2.00,202,-3.00,204,-3.00,201,-4.00,204,0.00,202,-3.00,203,0.00,1049,0.00,999,0.00,1633,0.00,1343,-4.00,247,3.00,1628,39.00,1414,0.08
14946,-3.00,204,-6.00,200,-4.00,203,-5.00,205,-1.00,202,-5.00,204,-4.00,204,-2.00,1403,-3.00,1503,-2.00,202,-3.00,204,-1.00,201,-2.00,204,-1.00,202,-3.00,203,0.00,1049,0.00,999,0.00,1632,0.00,1343,-3.00,247,4.00,1628,39.00,1414,0.65
14982,-4.00,204,1.00,201,-2.00,203,-5.00,205,0.00,202,-4.00,204,-4.00,204,-3.00,1403,-1.00,1503,-2.00,202,-4.00,204,-1.00,201,-4.00,204,-1.00,202,-4.00,203,0.00,1049,0.00,999,0.00,1633,0.00,1343,-4.00,247,4.00,1628,37.00,1414,0.00
15017,-3.00,204,0.00,200,-3.00,203,-5.00,205,-2.00,202,1.00,203,-5.00,204,-4.00,1403,-1.00,1503,-2.00,202,-3.00,204,-1.00,201,-4.00,204,-1.00,202,-2.00,203,0.00,1049,0.00,999,0.00,1633,0.00,1343,-3.00,247,2.00,1628,38.00,1414,0.08
15053,-3.00,204,1.00,200,-1.00,203,-4.00,205,0.00,202,-4.00,204,-4.00,204,-2.00,1403,-1.00,1503,-2.00,202,-2.00,204,0.00,201,-2.00,204,-1.00,202,-4.00,203,0.00,1049,0.00,999,0.00,1633,0.00,1343,-4.00,247,4.00,1628,38.00,1414,0.00
15089,-3.00,204,0.00,201,-2.00,203,-5.00,205,0.00,202,-5.00,204,-4.00,204,-2.00,1403,-3.00,1503,-1.00,202,-2.00,204,-1.00,201,-2.00,204,-1.00,202,-3.00,203,0.00,1049,0.00,999,0.00,1633,0.00,1343,-5.00,247,3.00,1628,37.00,1414,0.00
15124,-4.00,204,0.00,200,-2.00,203,-4.00,205,-1.00,202,-3.00,203,-4.00,204,-3.00,1403,-3.00,1503,-3.00,202,-2.00,204,-3.00,201,-3.00,204,-2.00,202,-3.00,203,0.00,1049,0.00,999,0.00,1633,0.00,1343,-4.00,247,3.00,1628,38.00,1414,0.65
15160,-3.00,204,1.00,200,-3.00,203,-5.00,205,-2.00,202,-4.00,204,-4.00,204,-3.00,1403,-3.00,1503,-2.00,202,-3.00,204,-1.00,201,-4.00,204,-1.00,202,-2.00,203,0.00,1049,0.00,999,0.00,1633,0.00,1343,-5.00,247,3.00,1628,37.00,1414,0.00
15196,-3.00,204,0.00,201,-3.00,203,-5.00,205,0.00,202,-6.00,203,-3.00,204,-2.00,1403,-2.00,1503,-1.00,202,-4.00,204,-1.00,201,-4.00,204,-1.00,202,-3.00,203,0.00,1049,0.00,999,0.00,1633,0.00,1343,-2.00,247,2.00,1628,38.00,1414,0.00
15232,-4.00,204,0.00,200,-2.00,203,-5.00,205,-2.00,202,-3.00,204,-4.00,204,-2.00,1403,-3.00,1503,-1.00,202,-4.00,204,-1.00,201,-4.00,204,-1.00,202,-4.00,203,0.00,1049,0.00,999,0.00,1633,0.00,1343,-4.00,247,3.00,1628,38.00,1414,0.08
15267,-2.00,204,0.00,200,-2.00,203,-4.00,205,-1.00,202,-6.00,204,-4.00,204,-3.00,1403,-3.00,1503,-3.00,202,-4.00,204,-1.00,201,-2.00,204,-2.00,202,-3.00,203,0.00,1049,0.00,999,0.00,1633,0.00,1343,-5.00,247,2.00,1628,45.00,1414,0.08
15303,-4.00,204,-3.00,200,-2.00,203,-2.00,205,0.00,202,-4.00,204,-4.00,204,-4.00,1403,-3.00,1503,-2.00,202,-1.00,204,-1.00,201,-4.00,204,-1.00,202,-3.00,203,0.00,1049,0.00,999,0.00,1633,0.00,1343,-4.00,247,2.00,1628,44.00,1414,0.32
15339,-2.00,204,0.00,200,-2.00,203,-5.00,205,-1.00,202,-5.00,204,-4.00,204,-3.00,1403,-2.00,1503,-2.00,202,-3.00,204,-1.00,201,-2.00,204,-1.00,202,-3.00,203,0.00,1049,0.00,999,0.00,1633,0.00,1343,-4.00,247,3.00,1628,38.00,1414,0.08
15375,-3.00,204,0.00,201,-3.00,203,-3.00,205,-1.00,202,-1.00,204,-4.00,204,-3.00,1403,-1.00,1503,-1.00,202,-3.00,204,0.00,201,-2.00,204,0.00,202,-3.00,203,0.00,1049,0.00,999,0.00,1632,0.00,1343,-2.00,247,3.00,1628,38.00,1414,0.08
15411,-2.00,204,0.00,200,-1.00,203,-2.00,205,0.00,202,-3.00,204,-4.00,204,-3.00,1403,-1.00,1503,-1.00,202,-3.00,204,-1.00,201,-3.00,204,-1.00,202,-3.00,203,0.00,1049,0.00,999,0.00,1633,0.00,1343,-3.00,247,4.00,1628,38.00,1414,0.08
15446,-2.00,204,0.00,201,-2.00,203,-6.00,205,-1.00,202,-3.00,204,-4.00,204,-2.00,1403,-2.00,1503,-1.00,202,-4.00,204,-1.00,201,-3.00,204,-2.00,202,-2.00,203,0.00,1049,0.00,999,0.00,1632,0.00,1343,-4.00,247,3.00,1628,38.00,1414,0.08
15482,-1.00,204,1.00,200,-2.00,203,-3.00,205,0.00,202,-2.00,204,-4.00,204,-3.00,1403,-2.00,1503,-2.00,202,-2.00,204,-1.00,201,-4.00,204,-1.00,202,-4.00,203,0.00,1049,0.00,999,0.00,1632,0.00,1343,-2.00,247,4.00,1628,38.00,1414,0.08
15518,-2.00,204,0.00,200,-1.00,203,-3.00,205,0.00,202,-5.00,204,-4.00,204,-3.00,1403,-2.00,1503,-2.00,202,-4.00,204,-1.00,201,-4.00,204,-1.00,202,-2.00,203,0.00,1049,0.00,999,0.00,1633,0.00,1343,-3.00,247,2.00,1628,38.00,1414,0.08