35,-2.00,204,0.00,200,-2.00,203,-4.00,205,-1.00,202,-3.00,204,-4.00,204,-3.00,1403,-1.00,1503,-4.00,203,-3.00,204,-2.00,202,-3.00,205,-1.00,202,-4.00,203,0.00,1203,0.00,1014,0.00,1682,0.00,1322,-3.00,247,2.00,1628,42.00,1409,0.00
71,-5.00,204,0.00,200,-3.00,203,-4.00,205,-1.00,202,-3.00,204,-4.00,204,-3.00,1403,-3.00,1503,-4.00,203,-2.00,204,-2.00,202,-5.00,205,-1.00,202,-4.00,203,0.00,1203,0.00,1014,0.00,1682,0.00,1322,-4.00,247,2.00,1628,42.00,1409,0.48
107,-2.00,204,0.00,200,-2.00,203,-4.00,205,-2.00,202,-5.00,204,-4.00,204,-3.00,1403,-3.00,1503,-2.00,203,-3.00,204,-2.00,202,-3.00,205,-1.00,202,-3.00,203,0.00,1203,0.00,1014,0.00,1682,0.00,1322,-3.00,247,3.00,1628,42.00,1409,0.08
143,-2.00,204,0.00,200,-3.00,203,-4.00,205,-2.00,202,-3.00,204,-4.00,204,-2.00,1403,-2.00,1503,-2.00,203,-2.00,204,-2.00,202,-4.00,205,-1.00,202,-2.00,203,0.00,1203,0.00,1014,0.00,1682,0.00,1322,-2.00,247,2.00,1628,42.00,1409,0.08
178,-4.00,204,0.00,200,-2.00,203,-3.00,205,0.00,202,2.00,204,-4.00,204,-3.00,1403,-2.00,1503,-3.00,203,-2.00,204,-2.00,202,-5.00,205,-1.00,202,-3.00,203,0.00,1203,0.00,1014,0.00,1682,0.00,1322,-2.00,247,4.00,1628,42.00,1409,0.00
214,-2.00,204,0.00,200,-2.00,203,-5.00,205,-2.00,202,-3.00,204,-5.00,204,-2.00,1403,-2.00,1503,-3.00,203,-5.00,204,-2.00,202,-3.00,205,-1.00,202,-4.00,203,0.00,1203,0.00,1014,0.00,1682,0.00,1322,-2.00,247,2.00,1628,42.00,1409,0.08
250,-3.00,204,0.00,200,-1.00,203,-3.00,205,-2.00,202,-3.00,204,-4.00,204,-4.00,1403,-2.00,1503,-2.00,203,-2.00,204,-2.00,202,-3.00,205,-1.00,202,-4.00,203,0.00,1204,0.00,1014,0.00,1682,0.00,1322,-1.00,247,2.00,1628,42.00,1409,0.08
286,-2.00,204,0.00,200,-1.00,203,-4.00,205,-2.00,202,-3.00,204,-4.00,204,-2.00,1403,-2.00,1503,-2.00,203,-2.00,204,-3.00,202,-5.00,205,-1.00,202,-3.00,203,0.00,1203,0.00,1014,0.00,1682,0.00,1322,-2.00,247,2.00,1628,42.00,1409,0.00
322,-3.00,204,0.00,200,-1.00,203,-5.00,205,-1.00,202,-3.00,204,-4.00,204,-2.00,1403,-3.00,1503,-4.00,203,-3.00,204,-2.00,202,-3.00,205,0.00,202,-4.00,203,0.00,1204,0.00,1014,0.00,1682,0.00,1322,-3.00,247,4.00,1628,42.00,1409,0.32
357,-3.00,204,0.00,200,-2.00,203,-4.00,205,0.00,202,-3.00,203,-4.00,204,-3.00,1403,-2.00,1503,-3.00,203,-3.00,204,-3.00,202,-4.00,205,-1.00,202,-3.00,203,0.00,1203,0.00,1014,0.00,1682,0.00,1322,-2.00,247,4.00,1628,42.00,1409,0.08
393,-4.00,204,0.00,200,-3.00,203,-4.00,205,0.00,202,-5.00,204,-4.00,204,-2.00,1403,-3.00,1503,3.00,203,-3.00,204,-2.00,202,-4.00,205,-1.00,202,-4.00,203,0.00,1203,0.00,1014,0.00,1682,0.00,1322,-2.00,247,3.00,1628,42.00,1409,0.16
429,-2.00,204,0.00,200,-1.00,203,-3.00,205,-1.00,202,-4.00,204,-4.00,204,-4.00,1403,-3.00,1503,-4.00,203,-3.00,204,-1.00,202,-3.00,205,0.00,202,-3.00,203,0.00,1203,0.00,1014,0.00,1682,0.00,1322,-3.00,247,4.00,1628,42.00,1409,0.32
465,-2.00,204,0.00,200,-3.00,203,-4.00,205,-1.00,202,-3.00,204,-4.00,204,-4.00,1403,-2.00,1503,-3.00,203,-3.00,204,-3.00,202,-4.00,205,0.00,202,-2.00,203,0.00,1203,0.00,1014,0.00,1682,0.00,1322,-4.00,247,2.00,1628,42.00,1409,0.16
500,-3.00,204,0.00,200,-2.00,203,-5.00,205,-1.00,202,-4.00,204,-4.00,204,-3.00,1403,-3.00,1503,-2.00,203,-4.00,204,-2.00,202,-5.00,205,-1.00,202,-2.00,203,0.00,1203,0.00,1014,0.00,1682,0.00,1322,-4.00,247,2.00,1628,42.00,1409,0.00
536,-2.00,204,0.00,200,-2.00,203,-3.00,205,-2.00,202,-2.00,204,-4.00,204,-4.00,1403,-1.00,1503,-2.00,203,-2.00,204,-2.00,202,-4.00,205,-2.00,202,-4.00,203,0.00,1203,0.00,1014,0.00,1682,0.00,1322,-2.00,247,4.00,1628,42.00,1409,0.16
572,-5.00,204,0.00,200,-1.00,203,-4.00,205,-2.00,202,-3.00,204,-3.00,204,-3.00,1403,-2.00,1503,-4.00,203,-4.00,204,-4.00,202,-4.00,205,-2.00,202,-2.00,203,0.00,1203,0.00,1014,0.00,1682,0.00,1322,-2.00,247,3.00,1628,42.00,1409,0.16
608,-3.00,204,0.00,200,-3.00,203,-3.00,205,-1.00,202,-5.00,204,-4.00,204,-4.00,1404,-1.00,1503,-2.00,203,-2.00,204,-2.00,202,-4.00,205,-1.00,202,-3.00,203,0.00,1203,0.00,1014,0.00,1682,0.00,1322,-5.00,247,3.00,1628,43.00,1409,0.08
643,-3.00,204,0.00,200,-2.00,203,-5.00,205,-2.00,202,-6.00,204,-4.00,204,-3.00,1403,-3.00,1503,-3.00,203,-2.00,204,-3.00,202,-5.00,205,-1.00,202,-3.00,203,0.00,1203,0.00,1014,0.00,1682,0.00,1322,-2.00,247,2.00,1628,42.00,1409,0.08
679,-2.00,204,0.00,200,-1.00,203,-5.00,205,-1.00,202,-5.00,204,-4.00,204,-4.00,1403,-2.00,1503,-4.00,202,-3.00,204,-2.00,202,-5.00,205,0.00,202,-3.00,203,0.00,1203,0.00,1014,0.00,1682,0.00,1322,-4.00,247,3.00,1628,42.00,1409,0.08
715,-3.00,204,0.00,200,-2.00,203,-5.00,205,-1.00,202,-5.00,204,-4.00,204,-4.00,1403,-2.00,1503,-4.00,203,-4.00,204,-3.00,202,-4.00,205,-1.00,202,-4.00,203,0.00,1203,0.00,1014,0.00,1682,0.00,1322,-3.00,247,4.00,1628,41.00,1409,0.16
751,-3.00,204,0.00,200,-2.00,203,-5.00,205,-1.00,202,-3.00,204,-4.00,204,-2.00,1403,-1.00,1503,-3.00,203,-3.00,204,-2.00,202,-4.00,205,-1.00,202,-2.00,203,0.00,1203,0.00,1014,0.00,1682,0.00,1322,-4.00,247,2.00,1628,42.00,1409,0.08
787,-3.00,204,0.00,200,-1.00,203,-3.00,205,-1.00,202,-4.00,204,-4.00,204,-3.00,1403,-3.00,1503,-2.00,203,-4.00,204,-1.00,202,-5.00,205,-1.00,202,-2.00,203,0.00,1204,0.00,1014,0.00,1682,0.00,1322,-2.00,247,2.00,1628,42.00,1409,0.00
823,-4.00,204,0.00,200,-2.00,203,-6.00,205,-1.00,202,-3.00,204,-3.00,204,-2.00,1403,-3.00,1503,-2.00,203,-3.00,204,-2.00,202,-4.00,205,-1.00,202,-3.00,203,0.00,1203,0.00,1014,0.00,1682,0.00,1322,-1.00,247,2.00,1628,42.00,1409,0.08
858,-3.00,204,0.00,200,-1.00,203,-5.00,205,-1.00,202,-2.00,204,-4.00,204,-4.00,1403,-3.00,1503,-3.00,203,-5.00,204,-2.00,202,-5.00,205,-1.00,202,-2.00,203,0.00,1203,0.00,1014,0.00,1682,0.00,1322,-4.00,247,2.00,1628,42.00,1409,0.08
894,-4.00,204,0.00,200,-2.00,203,-3.00,205,0.00,202,-3.00,204,-4.00,204,-2.00,1403,-2.00,1503,-4.00,203,-2.00,204,-1.00,202,-2.00,205,-1.00,202,-3.00,203,0.00,1204,0.00,1014,0.00,1682,0.00,1322,-3.00,247,4.00,1628,42.00,1409,0.16
930,-4.00,204,0.00,200,-2.00,203,-5.00,205,-1.00,202,3.00,204,-4.00,204,-2.00,1403,-1.00,1503,2.00,203,-3.00,204,-2.00,202,-5.00,205,0.00,202,-4.00,203,0.00,1203,0.00,1014,0.00,1682,0.00,1322,-2.00,247,4.00,1628,42.00,1409,0.00
966,-2.00,204,0.00,200,-1.00,203,-6.00,205,-1.00,202,-3.00,204,-4.00,204,-3.00,1403,-2.00,1503,-3.00,203,-4.00,204,-1.00,202,-4.00,205,-1.00,202,-2.00,203,0.00,1203,0.00,1014,0.00,1682,0.00,1322,-5.00,247,4.00,1628,42.00,1409,0.08
1001,-2.00,204,0.00,200,-2.00,203,-3.00,205,0.00,202,-3.00,204,-4.00,204,-2.00,1403,-2.00,1503,-4.00,203,-3.00,204,-3.00,202,-5.00,205,-1.00,202,-3.00,203,0.00,1204,0.00,1014,0.00,1682,0.00,1322,-4.00,247,4.00,1628,43.00,1409,0.16
1037,-4.00,204,0.00,200,-2.00,203,-5.00,205,0.00,202,-3.00,204,-3.00,204,-2.00,1403,-2.00,1503,-4.00,203,-2.00,204,-1.00,202,-4.00,205,-1.00,202,-4.00,203,0.00,1203,0.00,1014,0.00,1682,0.00,1322,-3.00,247,2.00,1628,42.00,1409,0.00
1073,-2.00,204,0.00,200,-3.00,203,-5.00,205,-1.00,202,-3.00,204,-4.00,204,-3.00,1403,-2.00,1503,-5.00,203,-3.00,204,-2.00,202,-4.00,205,-1.00,202,-2.00,203,0.00,1204,0.00,1014,0.00,1682,0.00,1322,-2.00,247,3.00,1628,42.00,1409,0.08
1108,-3.00,204,0.00,200,-3.00,203,-5.00,205,-1.00,202,-3.00,204,-4.00,204,-4.00,1403,-2.00,1503,-3.00,203,-4.00,204,-1.00,202,-5.00,205,-2.00,202,-2.00,203,0.00,1203,0.00,1014,0.00,1682,0.00,1322,-3.00,247,4.00,1628,42.00,1409,0.00
1144,-2.00,204,0.00,200,-2.00,203,-4.00,205,-1.00,202,-4.00,204,-4.00,204,-4.00,1403,-2.00,1503,-4.00,203,-3.00,204,-1.00,202,-5.00,205,-2.00,202,-2.00,203,0.00,1203,0.00,1014,0.00,1682,0.00,1322,-5.00,247,4.00,1628,42.00,1409,0.08
1180,-4.00,204,0.00,200,-2.00,203,-5.00,205,-2.00,202,-4.00,204,-4.00,204,-3.00,1403,-2.00,1503,-4.00,203,-4.00,204,-3.00,202,-4.00,205,-1.00,202,-3.00,203,0.00,1203,0.00,1014,0.00,1682,0.00,1322,-3.00,247,4.00,1628,42.00,1409,0.00
1216,-4.00,204,0.00,200,-3.00,203,-4.00,205,0.00,202,3.00,204,-4.00,204,-2.00,1403,-2.00,1503,-4.00,203,-3.00,204,-2.00,202,-3.00,205,-2.00,202,-2.00,203,0.00,1203,0.00,1014,0.00,1682,0.00,1322,-4.00,247,2.00,1628,41.00,1409,0.00
1252,-2.00,204,0.00,200,-2.00,203,-4.00,205,-2.00,202,3.00,204,-4.00,204,-3.00,1403,-1.00,1503,-4.00,203,-4.00,204,-2.00,202,-5.00,205,-1.00,202,-4.00,203,0.00,1203,0.00,1014,0.00,1682,0.00,1322,-4.00,247,3.00,1628,42.00,1409,0.32
1287,-3.00,204,0.00,200,-1.00,203,-5.00,205,-2.00,202,-3.00,204,-4.00,204,-3.00,1403,-3.00,1503,-3.00,203,-4.00,204,-4.00,202,-3.00,205,-1.00,202,-3.00,203,0.00,1203,0.00,1014,0.00,1682,0.00,1322,-3.00,247,3.00,1628,42.00,1409,0.16
1323,-2.00,204,0.00,200,-1.00,203,-3.00,205,-1.00,202,-3.00,204,-3.00,204,-3.00,1403,-1.00,1503,-4.00,203,-4.00,204,-1.00,202,-2.00,205,0.00,202,-4.00,203,0.00,1203,0.00,1014,0.00,1682,0.00,1322,-3.00,247,3.00,1628,42.00,1409,0.08
1359,-2.00,204,0.00,200,-2.00,203,-5.00,205,-1.00,202,-3.00,204,-4.00,204,-2.00,1403,-2.00,1503,-3.00,203,-3.00,204,-2.00,202,-2.00,205,-1.00,202,-4.00,203,0.00,1204,0.00,1014,0.00,1682,0.00,1322,-2.00,247,3.00,1628,42.00,1409,0.08
1394,-3.00,204,0.00,200,-2.00,203,-4.00,205,-1.00,202,0.00,204,-4.00,204,-3.00,1403,-1.00,1503,-4.00,203,-2.00,204,-2.00,202,-3.00,205,-2.00,202,-2.00,203,0.00,1203,0.00,1014,0.00,1682,0.00,1322,-2.00,247,3.00,1628,42.00,1409,0.08
1430,-2.00,204,0.00,200,-2.00,203,-3.00,205,-1.00,202,-1.00,204,-4.00,204,-2.00,1403,-1.00,1503,-4.00,202,-2.00,204,-1.00,202,-3.00,205,-1.00,202,-3.00,203,0.00,1203,0.00,1014,0.00,1682,0.00,1322,-3.00,247,4.00,1628,41.00,1409,0.16
1466,-3.00,204,0.00,200,-2.00,203,-3.00,205,-1.00,202,-4.00,204,-4.00,204,-3.00,1403,-2.00,1503,-4.00,203,-3.00,204,-3.00,202,-3.00,205,-1.00,202,-3.00,203,0.00,1203,0.00,1014,0.00,1682,0.00,1322,-4.00,247,3.00,1628,42.00,1409,0.00
1502,-3.00,204,0.00,200,-1.00,203,-2.00,205,-1.00,202,-4.00,203,-4.00,204,-3.00,1403,-3.00,1503,-4.00,203,-3.00,204,-3.00,202,-5.00,205,-2.00,202,-3.00,203,0.00,1203,0.00,1014,0.00,1682,0.00,1322,-3.00,247,3.00,1628,42.00,1409,0.24
1538,-4.00,204,0.00,200,-3.00,203,-5.00,205,-1.00,202,-4.00,204,-4.00,204,-3.00,1403,-2.00,1503,-3.00,203,-3.00,204,-2.00,202,-4.00,205,-2.00,202,-3.00,203,0.00,1204,0.00,1014,0.00,1682,0.00,1322,-2.00,247,4.00,1628,42.00,1409,0.08
1573,-4.00,204,0.00,200,-2.00,203,-4.00,205,-1.00,202,-3.00,204,-4.00,204,-3.00,1403,-2.00,1503,-3.00,203,-2.00,204,-3.00,202,-5.00,205,-2.00,202,-4.00,203,0.00,1203,0.00,1014,0.00,1682,0.00,1322,-2.00,247,2.00,1628,42.00,1409,0.08
1609,-3.00,204,0.00,200,-1.00,203,-5.00,205,-1.00,202,-1.00,204,-3.00,204,-2.00,1403,-3.00,1503,-4.00,203,-2.00,204,-3.00,202,-2.00,205,0.00,202,-4.00,203,0.00,1203,0.00,1014,0.00,1682,0.00,1322,-2.00,247,4.00,1628,42.00,1409,0.08
1645,-3.00,204,0.00,200,-1.00,203,-3.00,205,-1.00,202,-4.00,204,-4.00,204,-3.00,1403,-1.00,1503,-3.00,203,-2.00,204,-1.00,202,-5.00,205,-1.00,202,-4.00,203,0.00,1203,0.00,1014,0.00,1682,0.00,1322,-5.00,247,4.00,1628,42.00,1409,0.00
1681,-5.00,204,0.00,200,-2.00,203,-4.00,205,-2.00,202,-4.00,204,-4.00,204,-4.00,1403,-1.00,1503,-4.00,203,-3.00,204,-1.00,202,-5.00,205,-2.00,202,-3.00,203,0.00,1203,0.00,1014,0.00,1682,0.00,1322,-3.00,247,2.00,1628,42.00,1409,0.08
1717,-2.00,204,0.00,200,-1.00,203,-5.00,205,-1.00,202,-3.00,204,-4.00,204,-3.00,1403,-2.00,1503,-4.00,203,-3.00,204,-2.00,202,-5.00,205,0.00,202,-2.00,203,0.00,1203,0.00,1014,0.00,1682,0.00,1322,-3.00,247,2.00,1628,42.00,1409,0.00
1752,-4.00,204,0.00,200,-7.00,203,-2.00,205,0.00,202,-4.00,204,-4.00,204,3.00,1403,-2.00,1503,-2.00,203,-2.00,204,-2.00,202,-6.00,205,-1.00,202,-3.00,203,0.00,1203,0.00,1014,0.00,1682,0.00,1322,-4.00,247,3.00,1628,42.00,1409,0.24
1788,-4.00,204,0.00,200,-1.00,203,-4.00,205,-2.00,202,-4.00,204,-4.00,204,-4.00,1403,-2.00,1503,-2.00,203,-2.00,204,-2.00,202,-4.00,205,-1.00,202,-4.00,203,0.00,1203,0.00,1014,0.00,1682,0.00,1322,-2.00,247,3.00,1628,42.00,1409,0.08
1824,-3.00,204,0.00,200,-3.00,203,-5.00,205,-1.00,202,-3.00,204,-3.00,204,-2.00,1403,-3.00,1503,-2.00,203,-4.00,204,-1.00,202,-4.00,205,-1.00,202,-4.00,203,0.00,1203,0.00,1014,0.00,1682,0.00,1322,-4.00,247,3.00,1628,42.00,1409,0.08
1859,-2.00,204,0.00,200,-1.00,203,-5.00,205,-1.00,202,-4.00,204,-5.00,204,-4.00,1403,-3.00,1503,-3.00,203,-3.00,204,-3.00,202,-5.00,205,-2.00,202,-4.00,203,0.00,1203,0.00,1014,0.00,1682,0.00,1322,-4.00,247,3.00,1628,42.00,1409,0.08
1895,-3.00,204,0.00,200,-2.00,203,-3.00,205,-2.00,202,2.00,204,-4.00,204,-3.00,1403,-2.00,1503,-4.00,203,-2.00,204,-2.00,202,-2.00,205,-1.00,202,-4.00,203,0.00,1203,0.00,1014,0.00,1682,0.00,1322,-3.00,247,2.00,1628,42.00,1409,0.08
1931,-2.00,204,0.00,200,-2.00,203,-3.00,205,-1.00,202,-2.00,204,-4.00,204,-4.00,1403,-2.00,1503,-4.00,203,-3.00,204,-2.00,202,-4.00,205,-2.00,202,-2.00,203,0.00,1203,0.00,1014,0.00,1682,0.00,1322,-2.00,247,4.00,1628,42.00,1409,0.08
1967,-4.00,204,0.00,200,-2.00,203,-5.00,205,-1.00,202,-3.00,204,-4.00,204,-2.00,1403,-1.00,1503,-4.00,203,-4.00,204,-2.00,202,-4.00,205,-1.00,202,-2.00,203,0.00,1203,0.00,1014,0.00,1682,0.00,1322,-1.00,247,2.00,1628,42.00,1409,0.08
2002,-3.00,204,0.00,200,-2.00,203,-4.00,205,0.00,202,-3.00,204,-3.00,204,-4.00,1403,-2.00,1503,-7.00,203,-3.00,204,-1.00,202,-3.00,205,-1.00,202,-2.00,203,0.00,1203,0.00,1014,0.00,1682,0.00,1322,-2.00,247,2.00,1628,42.00,1409,0.32
2038,-4.00,204,0.00,200,-2.00,203,-5.00,205,-1.00,202,-3.00,204,-5.00,204,-2.00,1403,-2.00,1503,-4.00,203,-2.00,204,-2.00,202,-2.00,205,0.00,202,-4.00,203,0.00,1203,0.00,1014,0.00,1682,0.00,1322,-3.00,247,2.00,1628,42.00,1409,0.16
2074,-3.00,204,0.00,200,-3.00,203,-5.00,205,-1.00,202,-4.00,204,-3.00,204,-3.00,1403,-2.00,1503,-4.00,203,-3.00,204,-2.00,202,-5.00,205,-1.00,202,-3.00,203,0.00,1203,0.00,1014,0.00,1682,0.00,1322,-3.00,247,2.00,1628,42.00,1409,0.08
2110,-3.00,204,0.00,200,-3.00,203,-3.00,205,-1.00,202,-3.00,204,-4.00,204,-3.00,1403,-2.00,1503,-3.00,203,-3.00,204,-2.00,202,-4.00,205,-2.00,202,-3.00,203,0.00,1204,0.00,1014,0.00,1682,0.00,1322,-4.00,247,4.00,1628,42.00,1409,0.08
2145,-2.00,204,0.00,200,-2.00,203,-5.00,205,-1.00,202,-3.00,204,-3.00,204,-4.00,1403,-2.00,1503,-3.00,203,-4.00,204,-1.00,202,-3.00,205,-1.00,202,-4.00,203,0.00,1204,0.00,1014,0.00,1682,0.00,1322,-4.00,247,4.00,1628,42.00,1409,0.00
2181,-4.00,204,0.00,200,-1.00,203,-4.00,205,-1.00,202,-4.00,204,-4.00,204,-4.00,1403,-3.00,1503,-4.00,203,-3.00,204,-3.00,202,-4.00,205,-1.00,202,-4.00,203,0.00,1203,0.00,1014,0.00,1682,0.00,1322,-4.00,247,4.00,1628,42.00,1409,0.32
2217,-2.00,204,0.00,200,-2.00,203,-3.00,205,-1.00,202,-3.00,204,-4.00,204,-2.00,1403,-3.00,1503,-4.00,203,-3.00,204,-3.00,202,-5.00,205,0.00,202,-2.00,203,0.00,1203,0.00,1014,0.00,1682,0.00,1322,-4.00,247,3.00,1628,42.00,1409,0.00
2253,-3.00,204,0.00,200,-3.00,203,-5.00,205,-1.00,202,2.00,204,-4.00,204,-4.00,1403,-2.00,1503,-3.00,203,-3.00,204,-3.00,202,-5.00,205,-1.00,202,-3.00,203,0.00,1204,0.00,1014,0.00,1682,0.00,1322,-4.00,247,3.00,1628,42.00,1409,0.48
2288,-3.00,204,0.00,200,-1.00,203,-3.00,205,-1.00,202,-3.00,204,-4.00,204,-2.00,1403,-1.00,1503,-4.00,203,-4.00,204,-1.00,202,-4.00,205,-1.00,202,-2.00,203,0.00,1203,0.00,1014,0.00,1682,0.00,1322,-2.00,247,2.00,1628,42.00,1409,0.08
2324,-3.00,204,0.00,200,-1.00,203,-5.00,205,-1.00,202,-5.00,204,-4.00,204,-2.00,1403,-1.00,1503,-4.00,203,-4.00,204,-2.00,202,-5.00,205,0.00,202,-2.00,203,0.00,1203,0.00,1014,0.00,1682,0.00,1322,-3.00,247,4.00,1628,42.00,1409,0.08
2360,-2.00,204,0.00,200,-3.00,204,-6.00,205,0.00,202,-3.00,204,-3.00,204,-3.00,1403,-3.00,1503,-4.00,203,-4.00,204,-1.00,202,-4.00,205,-2.00,202,-4.00,203,0.00,1204,0.00,1014,0.00,1682,0.00,1322,-2.00,247,3.00,1628,42.00,1409,0.16
2395,-4.00,204,0.00,200,-2.00,203,-4.00,205,-1.00,202,-4.00,204,-4.00,204,-2.00,1403,-2.00,1503,-3.00,203,-2.00,204,-2.00,202,-4.00,205,0.00,202,-2.00,203,0.00,1203,0.00,1014,0.00,1682,0.00,1322,-4.00,247,2.00,1628,42.00,1409,0.48
2431,-2.00,204,0.00,200,-3.00,203,-4.00,205,-2.00,202,-4.00,204,-4.00,204,-3.00,1403,-3.00,1503,-2.00,203,-2.00,204,-3.00,202,-3.00,205,-2.00,202,-4.00,203,0.00,1203,0.00,1014,0.00,1682,0.00,1322,-2.00,247,2.00,1628,42.00,1409,0.16
2467,-2.00,204,0.00,200,-2.00,203,-3.00,205,-1.00,202,0.00,204,-5.00,204,-2.00,1403,-2.00,1503,-4.00,203,-1.00,204,-3.00,202,-4.00,205,-2.00,202,-2.00,203,0.00,1203,0.00,1014,0.00,1682,0.00,1322,-3.00,247,3.00,1628,42.00,1409,0.24
2503,-2.00,204,0.00,200,-1.00,203,-3.00,205,-1.00,202,-4.00,204,-4.00,204,-2.00,1403,-1.00,1503,-4.00,203,-3.00,204,-1.00,202,-5.00,205,-2.00,202,-2.00,203,0.00,1203,0.00,1014,0.00,1682,0.00,1322,-3.00,247,2.00,1628,42.00,1409,0.40
2538,-4.00,204,0.00,200,-2.00,203,-4.00,205,-1.00,202,-4.00,204,-5.00,204,-3.00,1403,-3.00,1503,-5.00,203,-3.00,204,-2.00,202,-3.00,205,-1.00,202,-4.00,203,0.00,1203,0.00,1014,0.00,1682,0.00,1322,-4.00,247,3.00,1628,42.00,1409,0.32
2574,-3.00,204,0.00,200,-2.00,203,-4.00,205,-1.00,202,-4.00,204,-5.00,204,-1.00,1403,-3.00,1503,-1.00,203,-2.00,204,-2.00,202,-5.00,205,-2.00,202,-5.00,203,0.00,1203,0.00,1014,0.00,1682,0.00,1322,-3.00,247,3.00,1628,42.00,1409,0.08
2610,-3.00,204,0.00,200,-3.00,203,-4.00,205,-2.00,202,-5.00,204,-5.00,204,-3.00,1403,-2.00,1503,-3.00,203,-3.00,204,-3.00,202,-3.00,205,-1.00,202,-3.00,203,0.00,1204,0.00,1014,0.00,1682,0.00,1322,-2.00,247,4.00,1628,41.00,1409,0.24
2646,-4.00,204,0.00,200,-2.00,203,-5.00,205,-2.00,202,0.00,204,-4.00,204,-2.00,1403,-3.00,1503,-4.00,203,-3.00,204,-2.00,202,-3.00,205,-1.00,202,-3.00,203,0.00,1204,0.00,1014,0.00,1682,0.00,1322,-4.00,247,3.00,1628,42.00,1409,0.24
2681,-4.00,204,0.00,200,-2.00,203,-3.00,205,-2.00,202,3.00,204,-4.00,204,-3.00,1403,-2.00,1503,-4.00,203,-4.00,204,-4.00,202,-5.00,205,-1.00,202,-2.00,203,0.00,1204,0.00,1014,0.00,1682,0.00,1322,-2.00,247,4.00,1628,42.00,1409,0.24
2717,-2.00,204,0.00,200,-2.00,203,-4.00,205,-2.00,202,-2.00,204,-3.00,204,-4.00,1403,-3.00,1503,-1.00,203,-2.00,204,-2.00,202,-5.00,205,-1.00,202,-1.00,203,0.00,1204,0.00,1014,0.00,1682,0.00,1322,-2.00,247,2.00,1628,42.00,1409,0.16
2753,-2.00,204,0.00,200,-2.00,203,-4.00,205,-1.00,202,-1.00,204,-4.00,204,-4.00,1403,-2.00,1503,-2.00,203,-3.00,204,-3.00,202,-2.00,205,-1.00,202,-2.00,203,0.00,1204,0.00,1014,0.00,1682,0.00,1322,-3.00,247,2.00,1628,42.00,1409,0.48
2789,-3.00,204,0.00,200,-3.00,203,-5.00,205,-1.00,202,-3.00,203,-4.00,204,-3.00,1403,-2.00,1503,-4.00,203,-3.00,204,-3.00,202,-4.00,205,-1.00,202,-4.00,203,0.00,1203,0.00,1014,0.00,1682,0.00,1322,-4.00,247,3.00,1628,43.00,1409,0.16
2824,-3.00,204,0.00,200,-1.00,203,-6.00,205,0.00,202,-5.00,204,-5.00,204,-3.00,1403,-1.00,1503,-2.00,203,-2.00,204,-2.00,202,-4.00,205,-1.00,202,-2.00,203,0.00,1203,0.00,1014,0.00,1682,0.00,1322,-4.00,247,3.00,1628,42.00,1409,0.24
2860,-4.00,204,0.00,200,-3.00,203,-4.00,205,-2.00,202,-4.00,204,-4.00,204,-6.00,1403,-2.00,1503,-4.00,203,-4.00,204,-1.00,202,-4.00,205,-1.00,202,-2.00,203,0.00,1204,0.00,1014,0.00,1682,0.00,1322,-4.00,247,3.00,1628,42.00,1409,0.32
2896,-4.00,204,0.00,200,-2.00,203,-2.00,205,-1.00,202,1.00,204,-4.00,204,-3.00,1403,-1.00,1503,-2.00,203,-4.00,204,-3.00,202,-4.00,205,-1.00,202,-2.00,203,0.00,1203,0.00,1014,0.00,1682,0.00,1322,-5.00,247,3.00,1628,42.00,1409,0.24
2931,-3.00,204,0.00,200,-3.00,203,-5.00,205,0.00,202,3.00,204,-4.00,204,-2.00,1403,-2.00,1503,-3.00,203,-4.00,204,-2.00,202,-4.00,205,-2.00,202,-4.00,203,0.00,1204,0.00,1014,0.00,1682,0.00,1322,-5.00,247,2.00,1628,42.00,1409,0.24
2967,-4.00,204,0.00,200,-3.00,203,-5.00,205,-1.00,202,-2.00,204,-4.00,204,-4.00,1403,-1.00,1503,-4.00,203,-2.00,204,-1.00,202,-5.00,205,-1.00,202,-2.00,203,0.00,1203,0.00,1014,0.00,1682,0.00,1322,-5.00,247,2.00,1628,42.00,1409,0.32
3003,-4.00,204,0.00,200,-2.00,203,-5.00,205,-1.00,202,1.00,204,-4.00,204,-4.00,1403,-2.00,1503,-3.00,203,-2.00,204,-1.00,202,-5.00,205,-1.00,202,-3.00,203,0.00,1204,0.00,1014,0.00,1682,0.00,1322,-3.00,247,2.00,1628,42.00,1409,0.32
3039,-3.00,204,0.00,200,-2.00,203,-5.00,205,0.00,202,-3.00,204,-5.00,204,-3.00,1403,-2.00,1503,4.00,203,-2.00,204,-1.00,202,-5.00,205,-2.00,202,-3.00,203,0.00,1203,0.00,1014,0.00,1682,0.00,1322,-5.00,247,2.00,1628,42.00,1409,0.24
3074,-1.00,204,0.00,200,-3.00,203,-5.00,205,-1.00,202,-3.00,204,-4.00,204,-3.00,1403,-2.00,1503,-4.00,203,-3.00,204,-2.00,202,-3.00,205,-1.00,202,-3.00,203,0.00,1203,0.00,1014,0.00,1682,0.00,1322,-3.00,247,3.00,1628,42.00,1409,0.24
3110,-2.00,204,0.00,200,-2.00,203,-5.00,205,-2.00,202,-4.00,204,-4.00,204,-2.00,1403,-2.00,1503,-2.00,203,-4.00,204,-1.00,202,-3.00,205,0.00,202,-4.00,203,0.00,1203,0.00,1014,0.00,1682,0.00,1322,-4.00,247,2.00,1628,43.00,1409,0.24
3146,-3.00,204,0.00,200,-2.00,203,-2.00,205,-2.00,202,-4.00,204,-4.00,204,-3.00,1403,-2.00,1503,1.00,203,-4.00,204,-2.00,202,-3.00,205,-1.00,202,-4.00,203,0.00,1203,0.00,1014,0.00,1682,0.00,1322,-3.00,247,4.00,1628,43.00,1409,0.32
3182,-2.00,204,0.00,200,-1.00,203,-3.00,205,0.00,202,-3.00,204,-4.00,204,-4.00,1403,-3.00,1503,-2.00,203,-3.00,204,-3.00,202,-5.00,205,-1.00,202,-3.00,203,0.00,1204,0.00,1014,0.00,1682,0.00,1322,-4.00,247,2.00,1628,42.00,1409,0.40
3218,-2.00,204,0.00,200,-1.00,203,-3.00,205,-1.00,202,0.00,204,-4.00,204,-4.00,1403,-1.00,1503,7.00,203,-4.00,204,-3.00,202,-4.00,205,-1.00,202,-4.00,203,0.00,1203,0.00,1014,0.00,1682,0.00,1322,-3.00,247,3.00,1628,42.00,1409,0.08
3253,-2.00,204,0.00,200,-2.00,203,-3.00,205,0.00,202,0.00,204,-4.00,204,-3.00,1403,-2.00,1503,-4.00,203,-3.00,204,-1.00,202,-4.00,205,-1.00,202,-2.00,203,0.00,1203,0.00,1014,0.00,1682,0.00,1322,-4.00,247,3.00,1628,42.00,1409,0.73
3289,-5.00,204,0.00,200,-1.00,203,-5.00,205,-1.00,202,1.00,204,-4.00,204,-4.00,1403,-2.00,1503,-3.00,203,-3.00,204,-3.00,202,-4.00,205,-1.00,202,-3.00,203,0.00,1204,0.00,1014,0.00,1682,0.00,1322,-2.00,247,3.00,1628,42.00,1409,0.40
3325,-2.00,204,0.00,200,-3.00,203,-2.00,205,-1.00,202,-2.00,204,-4.00,204,-2.00,1403,-1.00,1503,-4.00,203,-3.00,204,-1.00,202,-4.00,205,0.00,202,-3.00,203,0.00,1204,0.00,1014,0.00,1682,0.00,1322,-2.00,247,3.00,1628,42.00,1409,0.40
3360,-3.00,204,0.00,200,-1.00,203,-4.00,205,-2.00,202,-3.00,204,-4.00,204,-4.00,1403,-1.00,1503,-2.00,203,-3.00,204,-1.00,202,-5.00,205,-1.00,202,-2.00,203,0.00,1203,0.00,1014,0.00,1682,0.00,1323,-1.00,247,2.00,1628,42.00,1409,0.32
3396,-3.00,204,0.00,200,-3.00,203,-5.00,205,-1.00,202,-6.00,204,-3.00,204,-3.00,1403,-1.00,1503,-2.00,203,-4.00,204,-3.00,202,-5.00,205,-2.00,202,-4.00,203,0.00,1203,0.00,1014,0.00,1682,0.00,1322,-4.00,247,3.00,1628,42.00,1409,0.16
3432,-2.00,204,0.00,200,-1.00,203,-4.00,205,-1.00,202,-5.00,204,-4.00,204,-4.00,1403,-2.00,1503,-3.00,203,-2.00,204,-2.00,202,-5.00,205,-1.00,202,-3.00,203,0.00,1203,0.00,1014,0.00,1682,0.00,1322,-4.00,247,4.00,1628,42.00,1409,0.24
3468,-4.00,204,0.00,200,-1.00,203,-5.00,205,-1.00,202,-1.00,204,-4.00,204,-4.00,1403,-3.00,1503,-3.00,203,-4.00,204,-3.00,202,-3.00,205,-1.00,202,-3.00,203,0.00,1203,0.00,1014,0.00,1682,0.00,1322,-4.00,247,3.00,1628,42.00,1409,0.32
3503,-3.00,204,0.00,200,-2.00,203,-4.00,205,-2.00,202,-3.00,204,-4.00,204,-2.00,1403,-3.00,1503,-3.00,203,-2.00,204,-1.00,202,-3.00,205,-1.00,202,-2.00,203,0.00,1203,0.00,1014,0.00,1682,0.00,1323,-3.00,247,4.00,1628,42.00,1409,0.40
3539,-2.00,204,0.00,200,-2.00,203,-3.00,205,-1.00,202,-3.00,204,-5.00,204,-3.00,1403,-2.00,1503,-3.00,203,-4.00,204,-1.00,202,-5.00,205,-1.00,202,-4.00,203,0.00,1204,0.00,1014,0.00,1682,0.00,1322,-3.00,247,2.00,1628,42.00,1409,0.40
3575,-4.00,204,0.00,200,-2.00,203,-4.00,205,-2.00,202,-2.00,203,-4.00,204,-2.00,1403,-1.00,1503,-4.00,203,-2.00,204,-1.00,202,-5.00,205,-1.00,202,-4.00,203,0.00,1203,0.00,1014,0.00,1682,0.00,1323,-4.00,247,3.00,1628,42.00,1409,0.32
3611,-4.00,204,0.00,200,-2.00,203,-6.00,205,0.00,202,-4.00,204,-4.00,204,-3.00,1403,-3.00,1503,-3.00,203,-4.00,204,-1.00,202,-4.00,205,-1.00,202,-3.00,203,0.00,1203,0.00,1013,0.00,1682,0.00,1323,-1.00,247,2.00,1628,43.00,1409,0.32
3646,-5.00,204,0.00,200,-2.00,203,-4.00,205,-1.00,202,-5.00,204,-4.00,204,-2.00,1403,-1.00,1503,-5.00,203,-2.00,204,-3.00,202,-4.00,205,-1.00,202,-3.00,203,0.00,1203,0.00,1014,0.00,1682,0.00,1323,-5.00,247,2.00,1628,42.00,1409,0.24
3682,-2.00,204,0.00,200,-1.00,203,-3.00,205,-2.00,202,-3.00,204,-4.00,204,-2.00,1403,-3.00,1503,-3.00,203,-5.00,204,-2.00,202,-4.00,205,-1.00,202,-2.00,203,0.00,1203,0.00,1013,0.00,1682,0.00,1323,-1.00,247,4.00,1628,42.00,1409,0.32
3718,-2.00,204,0.00,200,-1.00,203,-3.00,205,0.00,202,-3.00,204,-4.00,204,-4.00,1403,-2.00,1503,-4.00,203,-2.00,204,-1.00,202,-2.00,205,-1.00,202,-2.00,203,0.00,1203,0.00,1014,0.00,1682,0.00,1323,-1.00,247,2.00,1628,42.00,1409,0.24
3754,-4.00,204,0.00,200,-2.00,203,-3.00,205,0.00,202,-3.00,204,-4.00,204,-4.00,1403,-2.00,1503,-3.00,203,-2.00,204,-1.00,202,-5.00,205,-1.00,202,-3.00,203,0.00,1203,0.00,1013,0.00,1682,0.00,1323,-3.00,247,2.00,1628,42.00,1409,0.56
3789,-2.00,204,0.00,200,-2.00,203,-5.00,205,0.00,202,-3.00,204,-4.00,204,-3.00,1403,-2.00,1503,-4.00,203,-4.00,204,-1.00,202,-4.00,205,-2.00,202,-2.00,203,0.00,1203,0.00,1013,0.00,1682,0.00,1323,-2.00,247,3.00,1628,41.00,1409,0.40
3825,-2.00,204,0.00,200,-3.00,203,-3.00,205,-1.00,202,-4.00,204,-4.00,204,-3.00,1403,-2.00,1503,-4.00,203,-2.00,204,-2.00,202,-5.00,205,0.00,202,-2.00,203,0.00,1203,0.00,1013,0.00,1682,0.00,1323,-2.00,247,4.00,1628,42.00,1409,0.65
3861,-3.00,204,0.00,200,-2.00,203,-5.00,205,-2.00,202,-3.00,204,-3.00,204,-3.00,1403,-2.00,1503,-2.00,203,-1.00,204,-2.00,202,-4.00,205,-1.00,202,-3.00,203,0.00,1203,0.00,1013,0.00,1682,0.00,1323,-2.00,247,3.00,1628,42.00,1409,0.48
3897,-1.00,204,0.00,200,-4.00,203,-3.00,205,-1.00,202,-5.00,204,-4.00,204,-3.00,1403,-2.00,1503,-2.00,203,-3.00,204,-4.00,202,-3.00,205,-1.00,202,-2.00,203,0.00,1203,0.00,1013,0.00,1682,0.00,1323,-3.00,247,2.00,1628,42.00,1409,0.56
3932,-2.00,204,0.00,200,0.00,203,-3.00,205,-2.00,202,-2.00,204,-3.00,204,-3.00,1403,-1.00,1503,-3.00,203,-1.00,204,-2.00,202,-5.00,205,-2.00,202,-4.00,203,0.00,1203,0.00,1013,0.00,1682,0.00,1323,-4.00,247,3.00,1628,42.00,1409,0.48
3968,-4.00,204,0.00,200,-2.00,203,-4.00,205,-2.00,202,-3.00,204,-5.00,204,-4.00,1403,-2.00,1503,-4.00,203,-3.00,204,-2.00,202,-2.00,205,0.00,202,-3.00,203,0.00,1203,0.00,1013,0.00,1682,0.00,1323,-4.00,247,3.00,1628,42.00,1409,0.40
4004,-3.00,204,0.00,200,-2.00,203,-6.00,205,-1.00,202,-4.00,204,-4.00,204,-4.00,1403,-2.00,1503,-4.00,203,-3.00,204,-2.00,202,-4.00,205,-1.00,202,-3.00,203,0.00,1203,0.00,1013,0.00,1682,0.00,1323,-4.00,247,3.00,1628,42.00,1409,0.40
4040,-2.00,204,0.00,200,0.00,203,-4.00,205,-1.00,202,-3.00,204,-4.00,204,-4.00,1403,-1.00,1503,-2.00,203,-3.00,204,-2.00,202,-2.00,205,-1.00,202,-1.00,203,0.00,1203,0.00,1013,0.00,1682,0.00,1323,-2.00,247,2.00,1628,42.00,1409,0.56
4075,-2.00,204,0.00,200,-4.00,203,-4.00,205,-1.00,202,-4.00,204,-4.00,204,-4.00,1403,-1.00,1503,-2.00,203,-2.00,204,-2.00,202,-3.00,205,-1.00,202,-3.00,203,0.00,1203,0.00,1013,0.00,1682,0.00,1323,-2.00,247,3.00,1628,41.00,1409,0.56
4111,-2.00,204,0.00,200,-1.00,203,-5.00,205,-2.00,202,-5.00,204,-4.00,204,-2.00,1403,-1.00,1503,-2.00,203,-2.00,204,-2.00,202,-5.00,205,-1.00,202,-4.00,203,0.00,1203,0.00,1013,0.00,1682,0.00,1323,-2.00,247,3.00,1628,42.00,1409,0.56
4147,-4.00,204,0.00,200,-1.00,203,-4.00,205,-1.00,202,-3.00,204,-4.00,204,-3.00,1403,-3.00,1503,-4.00,203,-2.00,204,-3.00,202,-3.00,205,0.00,202,-4.00,203,0.00,1203,0.00,1013,0.00,1682,0.00,1323,-4.00,247,4.00,1628,42.00,1409,0.73
4183,-3.00,204,0.00,200,-2.00,203,-4.00,205,-1.00,202,-3.00,204,-4.00,204,-4.00,1403,-1.00,1503,-3.00,203,-3.00,204,-2.00,202,-5.00,205,-1.00,202,-3.00,203,0.00,1203,0.00,1013,0.00,1682,0.00,1323,-4.00,247,4.00,1628,41.00,1409,0.56
4218,-3.00,204,0.00,200,-2.00,203,-4.00,205,-2.00,202,-2.00,204,-5.00,204,-3.00,1403,-3.00,1503,-4.00,203,-5.00,204,-1.00,202,-4.00,205,-1.00,202,-3.00,203,0.00,1203,0.00,1013,0.00,1682,0.00,1323,-2.00,247,4.00,1628,42.00,1409,0.56
4254,-1.00,204,0.00,200,-1.00,203,-6.00,205,0.00,202,-5.00,204,-3.00,204,-4.00,1403,-2.00,1503,-4.00,203,-4.00,204,-1.00,202,-3.00,205,-1.00,202,-4.00,203,0.00,1203,0.00,1013,0.00,1682,0.00,1323,-2.00,247,2.00,1628,42.00,1409,0.48
4290,-3.00,204,0.00,200,-3.00,203,-5.00,205,-2.00,202,-2.00,204,-4.00,204,-3.00,1403,-1.00,1503,-3.00,203,-4.00,204,-2.00,202,-5.00,205,-2.00,202,-2.00,203,0.00,1203,0.00,1013,0.00,1682,0.00,1323,-1.00,247,2.00,1628,42.00,1409,0.56
4326,-2.00,204,0.00,200,-3.00,203,-5.00,205,-1.00,202,-4.00,204,-4.00,204,-4.00,1403,-3.00,1503,-4.00,203,-3.00,204,-1.00,202,-4.00,205,-1.00,202,-1.00,203,0.00,1203,0.00,1013,0.00,1682,0.00,1323,-2.00,247,3.00,1628,42.00,1409,0.56
4361,-3.00,204,0.00,200,-3.00,203,-5.00,205,-2.00,202,-2.00,204,-4.00,204,-4.00,1403,-1.00,1503,-3.00,203,-4.00,204,-3.00,202,-5.00,205,-1.00,202,-2.00,203,0.00,1203,0.00,1013,0.00,1682,0.00,1323,-2.00,247,3.00,1628,42.00,1409,0.56
4397,-1.00,204,0.00,200,-1.00,203,-5.00,205,-2.00,202,-3.00,204,-4.00,204,-2.00,1403,-2.00,1503,-4.00,203,-4.00,204,-2.00,202,-2.00,205,-1.00,202,-3.00,203,0.00,1203,0.00,1013,0.00,1682,0.00,1323,-2.00,247,3.00,1628,42.00,1409,0.56
4433,-3.00,204,0.00,200,-2.00,203,-5.00,205,0.00,202,-5.00,204,-4.00,204,-3.00,1404,-2.00,1503,-3.00,203,-3.00,204,-2.00,202,-3.00,205,-1.00,202,-2.00,203,0.00,1203,0.00,1013,0.00,1682,0.00,1323,-2.00,247,3.00,1628,42.00,1409,0.40
4468,-3.00,204,0.00,200,-1.00,203,-4.00,205,-1.00,202,-2.00,204,-4.00,204,-3.00,1403,-2.00,1503,-4.00,203,-3.00,204,-2.00,202,-4.00,205,-1.00,202,-4.00,203,0.00,1203,0.00,1013,0.00,1682,0.00,1323,-4.00,247,2.00,1628,42.00,1409,0.56
4504,-4.00,204,0.00,200,-3.00,203,-4.00,205,-2.00,202,-2.00,204,-3.00,204,-3.00,1403,-3.00,1503,-5.00,203,-3.00,204,-3.00,202,-4.00,205,0.00,202,-2.00,203,0.00,1203,0.00,1013,0.00,1682,0.00,1323,-3.00,247,2.00,1628,42.00,1409,0.48
4540,-4.00,204,0.00,200,-2.00,203,-5.00,205,-1.00,202,-4.00,204,-3.00,204,-3.00,1403,-1.00,1503,-4.00,203,-4.00,204,-1.00,202,-4.00,205,-1.00,202,-4.00,203,0.00,1203,0.00,1013,0.00,1682,0.00,1323,-4.00,247,3.00,1628,42.00,1409,0.56
4576,-3.00,204,0.00,200,-2.00,203,-4.00,205,-1.00,202,-4.00,204,-5.00,204,-2.00,1403,-2.00,1503,5.00,203,-2.00,204,-2.00,202,-5.00,205,-1.00,202,-4.00,203,0.00,1203,0.00,1013,0.00,1682,0.00,1323,-3.00,247,2.00,1628,42.00,1409,0.56
4612,-4.00,204,0.00,200,-3.00,203,-5.00,205,-1.00,202,-3.00,204,-4.00,204,-2.00,1403,-3.00,1503,-3.00,203,-4.00,204,-3.00,202,-5.00,205,-1.00,202,-2.00,203,0.00,1203,0.00,1013,0.00,1682,0.00,1323,-3.00,247,3.00,1628,42.00,1409,0.65
4647,-3.00,204,0.00,200,-2.00,203,-3.00,205,-1.00,202,-4.00,204,-4.00,204,-2.00,1403,-1.00,1503,-4.00,203,-4.00,204,-1.00,202,-2.00,205,0.00,202,-4.00,203,0.00,1203,0.00,1013,0.00,1682,0.00,1323,-3.00,247,4.00,1628,42.00,1409,0.73
4683,-4.00,204,0.00,200,-2.00,203,-4.00,205,-1.00,202,-4.00,204,-4.00,204,-3.00,1403,-2.00,1503,-4.00,203,-2.00,204,-1.00,202,-3.00,205,-1.00,202,-3.00,203,0.00,1203,0.00,1013,0.00,1682,0.00,1323,-2.00,247,4.00,1628,42.00,1409,0.40
4719,-4.00,204,0.00,200,-3.00,203,-3.00,205,-2.00,202,-3.00,204,-3.00,204,-2.00,1403,-1.00,1503,-2.00,203,-1.00,204,-1.00,202,-5.00,205,-1.00,202,-4.00,203,0.00,1203,0.00,1013,0.00,1682,0.00,1323,-3.00,247,2.00,1628,42.00,1409,0.48
4755,-3.00,204,0.00,200,-2.00,203,-3.00,205,0.00,202,-4.00,204,-4.00,204,-4.00,1403,-3.00,1503,-4.00,203,-3.00,204,-2.00,202,-4.00,205,-1.00,202,-3.00,203,0.00,1203,0.00,1013,0.00,1682,0.00,1323,-3.00,247,2.00,1628,42.00,1409,0.73
4790,-4.00,204,0.00,200,-2.00,203,-4.00,205,-1.00,202,-3.00,204,-4.00,204,-2.00,1403,-2.00,1503,-4.00,203,-3.00,204,-2.00,202,-3.00,205,-1.00,202,-3.00,203,0.00,1203,0.00,1013,0.00,1682,0.00,1323,-3.00,247,4.00,1628,42.00,1409,0.73
4826,-4.00,204,0.00,200,-1.00,203,-3.00,205,-2.00,202,-2.00,203,-4.00,204,-3.00,1403,-3.00,1503,-3.00,203,-4.00,204,-2.00,202,-3.00,205,-1.00,202,-4.00,203,0.00,1203,0.00,1013,0.00,1682,0.00,1323,-1.00,247,3.00,1628,42.00,1409,0.56
4862,-4.00,204,0.00,200,-1.00,203,-2.00,205,-1.00,202,-4.00,204,-4.00,204,-4.00,1403,-3.00,1503,-3.00,203,-4.00,204,-3.00,202,-5.00,205,-1.00,202,-2.00,203,0.00,1203,0.00,1013,0.00,1682,0.00,1323,-3.00,247,3.00,1628,42.00,1409,0.56
4898,-5.00,204,0.00,200,-1.00,203,-5.00,205,-2.00,202,-4.00,204,-4.00,204,-4.00,1403,-3.00,1503,-3.00,203,-3.00,204,-3.00,202,-4.00,205,-1.00,202,-3.00,203,0.00,1203,0.00,1013,0.00,1682,0.00,1323,-2.00,247,3.00,1628,42.00,1409,0.56
4934,-2.00,204,0.00,200,0.00,203,-4.00,205,-2.00,202,-2.00,204,-4.00,204,-3.00,1403,-2.00,1503,-3.00,203,-4.00,204,-2.00,202,-3.00,205,-1.00,202,-4.00,203,0.00,1203,0.00,1013,0.00,1682,0.00,1323,-3.00,247,2.00,1628,42.00,1409,0.65
4969,-4.00,204,0.00,200,-2.00,203,-2.00,205,-1.00,202,-4.00,204,-5.00,204,-2.00,1403,-2.00,1503,1.00,203,-3.00,204,-1.00,202,-4.00,205,-1.00,202,-3.00,203,0.00,1203,0.00,1013,0.00,1682,0.00,1323,-5.00,247,4.00,1628,42.00,1409,0.65
5005,-3.00,204,0.00,200,-1.00,203,-5.00,205,-1.00,202,-3.00,204,-4.00,204,-3.00,1403,-2.00,1503,-4.00,203,-2.00,204,-1.00,202,-5.00,205,-1.00,202,-3.00,203,0.00,1203,0.00,1013,0.00,1682,0.00,1323,-2.00,247,4.00,1628,42.00,1409,0.65
5041,-4.00,204,0.00,200,-2.00,203,-3.00,205,-1.00,202,-5.00,204,-4.00,204,-3.00,1403,-3.00,1503,-2.00,203,-3.00,204,-3.00,202,-2.00,205,-1.00,202,-2.00,203,0.00,1203,0.00,1013,0.00,1682,0.00,1323,-4.00,247,3.00,1628,42.00,1409,0.73
5077,-4.00,204,0.00,200,-6.00,203,-3.00,205,-1.00,202,-3.00,204,-3.00,204,-4.00,1403,-2.00,1503,-5.00,203,-3.00,204,-3.00,202,-3.00,205,-1.00,202,-3.00,203,0.00,1203,0.00,1013,0.00,1682,0.00,1323,-2.00,247,3.00,1628,42.00,1409,0.73
5112,-2.00,204,0.00,200,-2.00,203,-5.00,205,0.00,202,-3.00,204,-4.00,204,-4.00,1403,-2.00,1503,-4.00,203,-2.00,204,-3.00,202,-4.00,205,-1.00,202,-2.00,203,0.00,1203,0.00,1013,0.00,1682,0.00,1323,-5.00,247,3.00,1628,42.00,1409,0.65
5148,-3.00,204,0.00,200,-1.00,203,-3.00,205,-1.00,202,-2.00,203,-4.00,204,-3.00,1403,-2.00,1503,-3.00,203,-3.00,204,-4.00,202,-4.00,205,-1.00,202,-4.00,203,0.00,1203,0.00,1013,0.00,1682,0.00,1323,-3.00,247,3.00,1628,43.00,1409,0.56
5184,-3.00,204,0.00,200,-2.00,204,-4.00,205,-2.00,202,-4.00,204,-4.00,204,-3.00,1403,-3.00,1503,-3.00,203,-2.00,204,-3.00,202,-4.00,205,0.00,202,-3.00,203,0.00,1202,0.00,1013,0.00,1682,0.00,1323,-3.00,247,2.00,1628,42.00,1409,0.97
5219,-2.00,204,0.00,200,-1.00,204,-4.00,205,-1.00,202,-3.00,204,-4.00,204,-2.00,1403,-1.00,1503,-2.00,203,-4.00,204,-3.00,202,-4.00,205,-2.00,202,-4.00,203,0.00,1203,0.00,1013,0.00,1682,0.00,1323,-3.00,247,4.00,1628,42.00,1409,0.65
5255,-4.00,204,0.00,200,-2.00,203,-6.00,205,-2.00,202,-4.00,204,-4.00,204,-4.00,1403,-1.00,1503,-3.00,203,-3.00,204,-2.00,202,-4.00,205,-1.00,202,-3.00,203,0.00,1202,0.00,1013,0.00,1682,0.00,1323,-2.00,247,3.00,1628,43.00,1409,0.73
5291,-5.00,204,0.00,200,-1.00,203,-4.00,205,-1.00,202,-4.00,204,-4.00,204,-4.00,1403,-1.00,1503,-4.00,203,-3.00,204,-2.00,202,-5.00,205,-2.00,202,-2.00,203,0.00,1203,0.00,1013,0.00,1682,0.00,1323,-3.00,247,2.00,1628,42.00,1409,0.81
5327,-3.00,204,0.00,200,-5.00,203,-3.00,205,-2.00,202,-5.00,204,-5.00,204,-3.00,1403,-3.00,1503,-4.00,203,-2.00,204,-3.00,202,-5.00,205,-1.00,202,-4.00,203,0.00,1202,0.00,1012,0.00,1682,0.00,1323,-2.00,247,3.00,1628,43.00,1409,0.73
5362,-3.00,204,0.00,200,0.00,203,-4.00,205,-2.00,202,-4.00,204,-4.00,204,-2.00,1403,-3.00,1503,-2.00,203,-3.00,204,-1.00,202,-4.00,205,-1.00,202,-4.00,203,0.00,1202,0.00,1012,0.00,1682,0.00,1323,-5.00,247,3.00,1628,42.00,1409,0.65
5398,-3.00,204,0.00,200,-1.00,203,-5.00,205,-1.00,202,3.00,204,-4.00,204,-4.00,1403,-2.00,1503,-2.00,203,-4.00,204,-2.00,202,-5.00,205,-1.00,202,-3.00,203,0.00,1197,0.00,1012,0.00,1682,0.00,1323,-2.00,247,4.00,1628,42.00,1409,0.81
5434,-4.00,204,0.00,200,-1.00,203,-5.00,205,-1.00,202,-3.00,204,-4.00,204,-2.00,1403,-2.00,1503,-4.00,203,-2.00,204,-3.00,202,-4.00,205,-1.00,202,-3.00,203,0.00,1187,0.00,1012,0.00,1682,0.00,1323,-4.00,247,4.00,1628,42.00,1409,0.73
5469,-3.00,204,0.00,200,-1.00,203,-5.00,205,-1.00,202,5.00,204,-4.00,204,-4.00,1403,-2.00,1503,-4.00,203,-4.00,204,-1.00,202,-3.00,205,-1.00,202,-2.00,203,0.00,1175,0.00,1011,0.00,1682,0.00,1323,-4.00,247,3.00,1628,42.00,1409,0.65
5505,-2.00,204,0.00,200,-1.00,203,-5.00,205,0.00,202,-3.00,204,-4.00,204,-4.00,1403,-1.00,1503,-2.00,202,-4.00,204,-3.00,202,-4.00,205,-1.00,202,-2.00,203,0.00,1159,0.00,1011,0.00,1682,0.00,1323,-2.00,247,4.00,1628,43.00,1409,0.48
5541,-3.00,203,0.00,200,-2.00,203,-3.00,205,-1.00,202,-3.00,204,-4.00,204,-3.00,1403,-3.00,1503,-3.00,203,-2.00,204,-3.00,202,-3.00,205,-1.00,202,-3.00,203,0.00,1141,0.00,1011,0.00,1682,0.00,1323,-3.00,247,3.00,1628,42.00,1409,0.56
5577,-4.00,204,0.00,200,-1.00,203,-6.00,205,0.00,202,-3.00,204,-5.00,204,-3.00,1403,-2.00,1503,-3.00,203,-3.00,204,-3.00,202,-5.00,205,-2.00,202,-4.00,203,0.00,1122,0.00,1005,0.00,1682,0.00,1323,-3.00,247,4.00,1628,42.00,1409,0.40
5613,-4.00,204,0.00,200,-1.00,203,-3.00,205,-1.00,202,-3.00,204,-4.00,204,-4.00,1403,-1.00,1503,-5.00,203,-3.00,204,-3.00,202,-5.00,205,-1.00,202,-4.00,203,0.00,1104,0.00,994,0.00,1683,0.00,1323,-2.00,247,3.00,1628,42.00,1409,0.65
5648,-3.00,204,0.00,200,-1.00,204,-3.00,205,-1.00,202,-3.00,204,-4.00,204,-4.00,1403,-2.00,1503,-3.00,203,-4.00,204,-2.00,202,-3.00,205,0.00,202,-4.00,203,0.00,1086,0.00,980,0.00,1682,0.00,1323,-2.00,247,3.00,1628,42.00,1409,0.32
5684,-2.00,204,0.00,200,-2.00,203,-5.00,205,-1.00,202,-3.00,204,-4.00,204,-3.00,1403,-1.00,1503,-4.00,203,-1.00,204,-1.00,202,-4.00,205,-1.00,202,-2.00,203,0.00,1070,0.00,964,0.00,1682,0.00,1323,-2.00,247,3.00,1628,42.00,1409,0.56
5720,-2.00,204,0.00,200,-2.00,203,-4.00,205,-1.00,202,-3.00,204,-4.00,204,-2.00,1403,-3.00,1503,-3.00,203,-2.00,204,-2.00,202,-5.00,205,-1.00,202,-4.00,203,0.00,1057,0.00,945,0.00,1682,0.00,1323,-3.00,247,3.00,1628,42.00,1409,0.24
5755,-4.00,204,0.00,200,-2.00,203,-4.00,205,-2.00,202,-3.00,204,-5.00,204,-3.00,1403,-3.00,1503,-3.00,203,-3.00,204,-2.00,202,-4.00,205,-1.00,202,-2.00,203,0.00,1047,0.00,927,0.00,1682,0.00,1323,-2.00,247,4.00,1628,42.00,1409,0.24
5791,-4.00,204,0.00,200,-1.00,203,-2.00,205,-1.00,202,-4.00,203,-4.00,204,-3.00,1403,-1.00,1503,-3.00,202,-4.00,204,-1.00,202,-3.00,205,-1.00,202,-4.00,203,0.00,1039,0.00,910,0.00,1683,0.00,1323,-4.00,247,3.00,1628,42.00,1409,0.24
5827,-4.00,204,0.00,200,-1.00,203,-5.00,205,-1.00,202,-4.00,204,-5.00,204,-3.00,1403,-3.00,1503,-4.00,203,-3.00,204,-2.00,202,-4.00,205,-1.00,202,-4.00,203,0.00,1034,0.00,897,0.00,1683,0.00,1323,-1.00,247,2.00,1628,42.00,1409,0.24
5863,-2.00,204,0.00,200,-3.00,203,-4.00,205,-1.00,202,-2.00,204,-4.00,204,-4.00,1403,-2.00,1503,-3.00,203,-3.00,204,-2.00,202,-5.00,205,0.00,202,-2.00,203,0.00,1034,0.00,886,0.00,1682,0.00,1323,-3.00,247,3.00,1628,42.00,1409,0.24
5898,-3.00,204,0.00,200,-3.00,203,-4.00,205,-1.00,202,-5.00,204,-4.00,204,-4.00,1403,-3.00,1503,8.00,203,-1.00,204,-2.00,202,-4.00,205,0.00,202,-4.00,203,0.00,1034,0.00,880,0.00,1682,0.00,1323,-4.00,247,2.00,1628,42.00,1409,0.24
5934,-4.00,204,0.00,200,-3.00,203,-4.00,205,-1.00,202,-4.00,204,-4.00,204,-4.00,1403,-2.00,1503,-5.00,203,-3.00,204,-1.00,202,-5.00,205,-1.00,202,-4.00,203,0.00,1034,0.00,876,0.00,1683,0.00,1323,-4.00,247,3.00,1628,42.00,1409,0.32
5970,-2.00,204,0.00,200,-1.00,203,-4.00,205,-1.00,202,-3.00,204,-4.00,204,-3.00,1403,-1.00,1503,-2.00,203,-2.00,204,-1.00,202,-3.00,205,-1.00,202,-4.00,203,0.00,1034,0.00,876,0.00,1683,0.00,1323,-2.00,247,2.00,1628,42.00,1409,0.24
6006,-4.00,204,0.00,200,-1.00,203,-3.00,205,-2.00,202,-3.00,204,-4.00,204,-4.00,1403,-2.00,1503,-3.00,203,-3.00,204,-2.00,202,-4.00,205,-2.00,202,-2.00,203,0.00,1034,0.00,876,0.00,1683,0.00,1323,-4.00,247,3.00,1628,42.00,1409,0.16
6041,-4.00,204,0.00,200,-3.00,203,-5.00,205,-1.00,202,-3.00,204,-3.00,204,-2.00,1403,-1.00,1503,-4.00,203,-2.00,204,-3.00,202,-3.00,205,-1.00,202,-3.00,203,0.00,1033,0.00,876,0.00,1682,0.00,1323,-4.00,247,3.00,1628,42.00,1409,0.32
6077,-3.00,204,0.00,200,-2.00,203,-4.00,205,0.00,202,-3.00,204,-4.00,204,-2.00,1403,-2.00,1503,-3.00,203,-4.00,204,-2.00,202,-5.00,205,-1.00,202,-2.00,203,0.00,1033,0.00,876,0.00,1683,0.00,1323,-2.00,247,4.00,1628,42.00,1409,0.32
6113,-3.00,204,0.00,200,-1.00,203,-4.00,205,-1.00,202,-4.00,204,-4.00,204,-3.00,1403,-3.00,1503,-4.00,203,-4.00,204,-2.00,202,-4.00,205,-1.00,202,-4.00,203,0.00,1033,0.00,875,0.00,1683,0.00,1323,-2.00,247,3.00,1628,42.00,1409,0.08
6149,-3.00,204,0.00,200,-2.00,203,-4.00,205,-1.00,202,-3.00,204,-4.00,204,-4.00,1403,-2.00,1503,-4.00,203,-3.00,204,-1.00,202,-4.00,205,0.00,202,-2.00,203,0.00,1033,0.00,875,0.00,1683,0.00,1323,-5.00,247,4.00,1628,42.00,1409,0.40
6184,-3.00,204,0.00,200,-2.00,203,-6.00,205,-1.00,202,-4.00,204,-4.00,204,-4.00,1403,-3.00,1503,-3.00,203,-2.00,204,-2.00,202,-3.00,205,-2.00,202,-4.00,203,0.00,1033,0.00,876,0.00,1682,0.00,1323,-1.00,247,3.00,1628,42.00,1409,0.24
6220,-4.00,204,0.00,200,-2.00,203,-4.00,205,0.00,202,-2.00,204,-4.00,204,-4.00,1403,-1.00,1503,-2.00,203,-3.00,204,-3.00,202,-3.00,205,-1.00,202,-3.00,203,0.00,1033,0.00,876,0.00,1683,0.00,1323,-3.00,247,2.00,1628,42.00,1409,0.24
6256,-4.00,204,0.00,200,-1.00,203,-4.00,205,0.00,202,-4.00,204,-4.00,204,-2.00,1403,-1.00,1503,-3.00,203,-4.00,204,-1.00,202,-5.00,205,-1.00,202,-2.00,203,0.00,1033,0.00,875,0.00,1682,0.00,1323,-4.00,247,2.00,1628,42.00,1409,0.16
6292,-4.00,204,0.00,200,-2.00,203,-4.00,205,0.00,202,-3.00,204,-5.00,204,-3.00,1403,-1.00,1503,-4.00,203,-4.00,204,-2.00,202,-4.00,205,-1.00,202,-2.00,203,0.00,1033,0.00,875,0.00,1683,0.00,1323,-3.00,247,2.00,1628,42.00,1409,0.56
6327,-2.00,204,0.00,200,-2.00,203,-5.00,205,-1.00,202,-4.00,204,-4.00,204,-3.00,1403,-3.00,1503,-5.00,203,-3.00,204,-2.00,202,-4.00,205,-1.00,202,-4.00,203,0.00,1033,0.00,876,0.00,1683,0.00,1323,-4.00,247,3.00,1628,42.00,1409,0.24
6363,-2.00,204,0.00,200,-1.00,203,-4.00,205,-1.00,202,-4.00,204,-4.00,204,-4.00,1403,-2.00,1503,-2.00,203,-4.00,204,-4.00,202,-3.00,205,-1.00,202,-3.00,203,0.00,1033,0.00,875,0.00,1683,0.00,1323,-3.00,247,3.00,1628,43.00,1409,0.40
6399,-5.00,204,0.00,200,-1.00,203,-3.00,205,-1.00,202,-2.00,204,-4.00,204,-4.00,1403,-1.00,1503,-3.00,203,-2.00,204,-3.00,202,-5.00,205,-1.00,202,-3.00,203,0.00,1033,0.00,875,0.00,1683,0.00,1323,-2.00,247,4.00,1628,42.00,1409,0.24
6435,-4.00,204,0.00,200,-2.00,203,-4.00,205,-2.00,202,-5.00,204,-5.00,204,-3.00,1403,-2.00,1503,-3.00,203,-3.00,204,-3.00,202,-2.00,205,-1.00,202,-2.00,203,0.00,1033,0.00,875,0.00,1683,0.00,1323,-3.00,247,4.00,1628,42.00,1409,0.24
6470,-3.00,204,0.00,200,-2.00,203,-3.00,205,-1.00,202,-3.00,204,-4.00,204,-3.00,1403,-2.00,1503,-2.00,203,-4.00,204,-2.00,202,-3.00,205,-1.00,202,-4.00,203,0.00,1033,0.00,875,0.00,1682,0.00,1323,-1.00,247,4.00,1628,42.00,1409,0.16
6506,-3.00,204,0.00,200,-4.00,203,-3.00,205,-2.00,202,-5.00,204,-5.00,204,-4.00,1403,-1.00,1503,-3.00,203,-3.00,204,-2.00,202,-2.00,205,-1.00,202,-3.00,203,0.00,1033,0.00,875,0.00,1683,0.00,1323,-4.00,247,2.00,1628,42.00,1409,0.40
6542,-3.00,204,0.00,200,-2.00,203,-6.00,205,-1.00,202,2.00,204,-3.00,204,-4.00,1403,-1.00,1503,-3.00,203,-3.00,204,-1.00,202,-5.00,205,-1.00,202,-4.00,203,0.00,1033,0.00,875,0.00,1683,0.00,1323,-3.00,247,2.00,1628,42.00,1409,0.16
6578,-2.00,204,0.00,200,-3.00,203,-2.00,205,-2.00,202,-4.00,204,-4.00,204,-2.00,1403,-1.00,1503,-3.00,203,-2.00,204,-3.00,202,-5.00,205,-1.00,202,-3.00,203,0.00,1033,0.00,875,0.00,1683,0.00,1323,-5.00,247,2.00,1628,42.00,1409,0.08
6613,-2.00,204,0.00,200,-2.00,203,-4.00,205,-1.00,202,-3.00,204,-4.00,204,-4.00,1403,-2.00,1503,-4.00,203,-5.00,204,-3.00,202,-3.00,205,0.00,202,-4.00,203,0.00,1033,0.00,875,0.00,1683,0.00,1323,-4.00,247,2.00,1628,42.00,1409,0.08
6649,-2.00,204,0.00,200,-2.00,203,-3.00,205,-1.00,202,-4.00,204,-4.00,204,-2.00,1403,-2.00,1503,-4.00,203,-3.00,204,-2.00,202,-5.00,205,-1.00,202,-4.00,203,0.00,1033,0.00,875,0.00,1683,0.00,1323,-4.00,247,4.00,1628,42.00,1409,0.24
6685,-2.00,204,0.00,200,-2.00,203,-5.00,205,-1.00,202,-6.00,204,-4.00,204,-3.00,1403,-2.00,1503,-4.00,203,-2.00,204,-1.00,202,-2.00,205,-1.00,202,-2.00,203,0.00,1033,0.00,875,0.00,1683,0.00,1323,-3.00,247,3.00,1628,42.00,1409,0.16
6721,-2.00,204,-5.00,200,-2.00,203,-6.00,205,-1.00,202,-2.00,204,-4.00,204,-3.00,1403,-2.00,1503,-2.00,203,-2.00,204,-4.00,202,-4.00,205,-1.00,202,-4.00,203,0.00,1033,0.00,875,0.00,1683,0.00,1323,-3.00,247,4.00,1628,41.00,1409,0.16
6756,-4.00,204,0.00,200,-3.00,203,-5.00,205,-1.00,202,-3.00,204,-4.00,204,-2.00,1403,-3.00,1503,-5.00,203,-4.00,204,-3.00,202,-5.00,205,-1.00,202,-4.00,203,0.00,1033,0.00,875,0.00,1683,0.00,1323,-2.00,247,3.00,1628,42.00,1409,0.08
6792,-3.00,204,0.00,200,-2.00,203,-3.00,205,-1.00,202,-3.00,203,-4.00,204,-3.00,1403,-3.00,1503,-4.00,203,-2.00,204,-2.00,202,-4.00,205,-1.00,202,-2.00,203,0.00,1033,0.00,875,0.00,1683,0.00,1323,-3.00,247,2.00,1628,41.00,1409,0.08
6828,-4.00,204,1.00,200,-2.00,203,-5.00,205,-1.00,202,-3.00,204,-4.00,204,-3.00,1403,-1.00,1503,-3.00,203,-4.00,204,-1.00,202,-3.00,205,-1.00,202,-2.00,203,0.00,1033,0.00,876,0.00,1683,0.00,1323,-2.00,247,4.00,1628,42.00,1409,0.00
6864,-3.00,204,0.00,200,-1.00,203,-3.00,205,0.00,202,-1.00,204,-4.00,204,-3.00,1403,-2.00,1503,-3.00,203,-1.00,204,-1.00,202,-4.00,205,-1.00,202,-3.00,203,0.00,1033,0.00,875,0.00,1683,0.00,1323,-4.00,247,3.00,1628,42.00,1409,0.16
6900,-3.00,204,-4.00,201,-2.00,203,-5.00,205,-1.00,202,-1.00,204,-4.00,204,-4.00,1403,-2.00,1503,-4.00,203,-2.00,204,-3.00,202,-5.00,205,-1.00,202,-2.00,203,0.00,1033,0.00,876,0.00,1683,0.00,1323,-3.00,247,4.00,1628,42.00,1409,0.08
6935,-5.00,204,1.00,200,-2.00,203,-5.00,205,0.00,202,-5.00,204,-4.00,204,-4.00,1403,-3.00,1503,-2.00,203,-3.00,204,-1.00,202,-4.00,205,-1.00,202,-3.00,203,0.00,1033,0.00,876,0.00,1683,0.00,1323,-2.00,247,2.00,1628,42.00,1409,0.00
6971,-4.00,204,0.00,200,-3.00,203,-4.00,205,-1.00,202,-3.00,204,-4.00,204,-3.00,1403,-2.00,1503,-5.00,203,-2.00,204,-2.00,202,-4.00,205,-1.00,202,-2.00,203,0.00,1033,0.00,876,0.00,1682,0.00,1323,-2.00,247,4.00,1628,42.00,1409,0.08
7007,-3.00,204,-3.00,200,-1.00,203,-3.00,205,0.00,202,-3.00,204,-5.00,204,-2.00,1403,-2.00,1503,-3.00,203,-4.00,204,-3.00,202,-4.00,205,-2.00,202,-3.00,203,0.00,1033,0.00,876,0.00,1683,0.00,1323,-2.00,247,4.00,1628,42.00,1409,0.08
7043,-3.00,204,1.00,200,-2.00,203,-4.00,205,-1.00,202,-3.00,204,-4.00,204,-2.00,1403,-1.00,1503,-4.00,203,-4.00,204,-1.00,202,-4.00,205,0.00,202,-4.00,203,0.00,1033,0.00,876,0.00,1683,0.00,1323,-5.00,247,4.00,1628,42.00,1409,0.00
7078,-2.00,204,1.00,200,-3.00,203,-5.00,205,-1.00,202,-5.00,204,-4.00,204,-4.00,1403,-1.00,1503,-3.00,202,-3.00,204,-2.00,202,-5.00,205,-1.00,202,-2.00,203,0.00,1033,0.00,876,0.00,1683,0.00,1323,-3.00,247,2.00,1628,42.00,1409,0.00
7114,-3.00,204,0.00,200,-2.00,203,-5.00,205,-1.00,202,-3.00,204,-4.00,204,-3.00,1403,-1.00,1503,-4.00,203,-4.00,204,-3.00,202,-4.00,205,-1.00,202,0.00,203,0.00,1033,0.00,876,0.00,1683,0.00,1323,-4.00,247,4.00,1628,42.00,1409,0.08
7150,-2.00,204,1.00,200,-2.00,203,-4.00,205,-1.00,202,-2.00,204,-4.00,204,-3.00,1403,-1.00,1503,-3.00,203,-5.00,204,-2.00,202,-5.00,205,-1.00,202,-2.00,203,0.00,1033,0.00,876,0.00,1682,0.00,1323,-3.00,247,3.00,1628,42.00,1409,0.08
7186,-4.00,204,0.00,200,-3.00,203,-5.00,205,-1.00,202,-3.00,204,-5.00,204,-2.00,1403,-3.00,1503,-4.00,203,-2.00,204,-2.00,202,-5.00,205,-2.00,202,-2.00,203,0.00,1033,0.00,876,0.00,1683,0.00,1323,-5.00,247,4.00,1628,42.00,1409,0.08
7221,-3.00,204,0.00,200,-1.00,203,-4.00,205,-1.00,202,-4.00,204,-4.00,204,-4.00,1403,-2.00,1503,-4.00,203,-3.00,204,-1.00,202,-3.00,205,-1.00,202,-3.00,203,0.00,1033,0.00,876,0.00,1683,0.00,1323,-4.00,247,3.00,1628,42.00,1409,0.40
7257,-3.00,204,0.00,200,-3.00,203,-5.00,205,-1.00,202,-3.00,204,-4.00,204,-4.00,1403,-2.00,1503,-3.00,203,-5.00,204,-3.00,202,-4.00,205,-1.00,202,-4.00,203,0.00,1033,0.00,876,0.00,1683,0.00,1323,-3.00,247,2.00,1628,42.00,1409,0.08
7293,-2.00,204,0.00,200,-4.00,203,-3.00,205,-1.00,202,-3.00,204,-4.00,204,-2.00,1403,-1.00,1503,-2.00,203,-4.00,204,-4.00,202,-5.00,205,-1.00,202,-2.00,203,0.00,1033,0.00,876,0.00,1683,0.00,1323,-4.00,247,3.00,1628,42.00,1409,0.08
7329,-3.00,204,0.00,200,-2.00,203,-5.00,205,-1.00,202,-6.00,204,-5.00,204,-4.00,1403,-1.00,1503,-4.00,203,-4.00,204,-3.00,202,-4.00,205,-1.00,202,-4.00,203,0.00,1033,0.00,876,0.00,1683,0.00,1323,-5.00,247,2.00,1628,41.00,1409,0.08
7364,-4.00,204,0.00,200,-2.00,203,-4.00,205,0.00,202,-3.00,204,-3.00,204,-2.00,1403,-3.00,1503,-3.00,203,-3.00,204,-1.00,202,-3.00,205,-1.00,202,-2.00,203,0.00,1033,0.00,876,0.00,1683,0.00,1323,-3.00,247,4.00,1628,43.00,1409,0.00
7400,-2.00,204,1.00,200,-2.00,203,-4.00,205,-2.00,202,1.00,204,-4.00,204,-3.00,1403,-2.00,1503,-2.00,203,-3.00,204,-2.00,202,-4.00,205,-1.00,202,-4.00,203,0.00,1033,0.00,876,0.00,1683,0.00,1323,-2.00,247,2.00,1628,42.00,1409,0.16
7436,-4.00,204,0.00,200,-2.00,203,-5.00,205,0.00,202,-4.00,204,-4.00,204,-4.00,1403,-3.00,1503,-4.00,203,-1.00,204,-3.00,202,-5.00,205,-1.00,202,-2.00,203,0.00,1033,0.00,876,0.00,1683,0.00,1323,-3.00,247,4.00,1628,42.00,1409,0.08
7472,-4.00,204,0.00,200,-2.00,203,-5.00,205,-1.00,202,-2.00,204,-4.00,204,-3.00,1403,-3.00,1503,-3.00,203,-1.00,204,-2.00,202,-4.00,205,-1.00,202,-2.00,203,0.00,1033,0.00,876,0.00,1683,0.00,1323,-2.00,247,4.00,1628,42.00,1409,0.00
7507,-3.00,204,-5.00,200,-2.00,203,-5.00,205,-1.00,202,-4.00,204,-4.00,204,-3.00,1403,-2.00,1503,-4.00,203,-3.00,204,-2.00,202,-5.00,205,-1.00,202,-2.00,203,0.00,1033,0.00,876,0.00,1683,0.00,1323,-4.00,247,2.00,1628,43.00,1409,0.16
7543,-4.00,204,0.00,200,-2.00,203,-3.00,205,-1.00,202,-3.00,204,-4.00,204,-2.00,1403,-2.00,1503,-2.00,203,-4.00,204,-2.00,202,-4.00,205,-1.00,202,-3.00,203,0.00,1033,0.00,876,0.00,1683,0.00,1323,-2.00,247,2.00,1628,42.00,1409,0.08
7579,-4.00,204,-4.00,200,-1.00,203,-4.00,205,-1.00,202,-4.00,204,-4.00,204,-4.00,1403,-2.00,1503,-4.00,202,-1.00,204,-1.00,202,-5.00,205,-1.00,202,-4.00,203,0.00,1033,0.00,876,0.00,1683,0.00,1323,-3.00,247,3.00,1628,42.00,1409,0.16
7615,-3.00,204,2.00,200,-2.00,203,-4.00,205,-1.00,202,2.00,204,-4.00,204,-2.00,1403,-3.00,1503,-4.00,203,-4.00,204,-3.00,202,-5.00,205,0.00,202,-2.00,203,0.00,1033,0.00,876,0.00,1683,0.00,1323,-2.00,247,3.00,1628,42.00,1409,0.40
7650,-4.00,204,0.00,200,-1.00,203,-3.00,205,-1.00,202,-3.00,204,-3.00,204,-3.00,1403,-3.00,1503,3.00,203,-3.00,204,-2.00,202,-5.00,205,-1.00,202,-3.00,203,0.00,1033,0.00,876,0.00,1683,0.00,1323,-4.00,247,2.00,1628,42.00,1409,0.16
7686,-2.00,204,0.00,200,-3.00,203,-5.00,205,-1.00,202,-2.00,203,-3.00,204,-3.00,1403,-2.00,1503,-4.00,203,-2.00,204,-2.00,202,-5.00,205,-1.00,202,-3.00,203,0.00,1033,0.00,876,0.00,1683,0.00,1323,-3.00,247,2.00,1628,42.00,1409,0.16
7722,-2.00,204,1.00,201,-3.00,203,-5.00,205,0.00,202,-6.00,204,-4.00,204,-2.00,1403,-2.00,1503,-2.00,203,-5.00,204,-3.00,202,-5.00,205,-3.00,202,-2.00,203,0.00,1033,0.00,876,0.00,1683,0.00,1323,-1.00,247,4.00,1628,42.00,1409,0.08
7757,-3.00,204,1.00,200,-2.00,203,-5.00,205,-1.00,202,-3.00,204,-4.00,204,-3.00,1403,-2.00,1503,-4.00,203,-4.00,204,-3.00,202,-4.00,205,-1.00,202,-3.00,203,0.00,1033,0.00,876,0.00,1683,0.00,1323,-1.00,247,2.00,1628,43.00,1409,0.81
7793,-2.00,204,3.00,200,-2.00,203,-5.00,205,0.00,202,3.00,204,-4.00,204,-3.00,1403,-2.00,1503,-4.00,203,-3.00,204,-1.00,202,-2.00,205,0.00,202,-3.00,203,0.00,1033,0.00,876,0.00,1683,0.00,1323,-4.00,247,2.00,1628,42.00,1409,0.08
7829,-1.00,204,-3.00,200,-1.00,203,-3.00,205,0.00,202,-3.00,204,-4.00,204,-3.00,1403,-3.00,1503,-2.00,203,-2.00,204,-2.00,202,-4.00,205,-1.00,202,-2.00,203,0.00,1033,0.00,876,0.00,1683,0.00,1323,-2.00,247,2.00,1628,42.00,1409,0.00
7865,-3.00,204,0.00,200,-2.00,203,-5.00,205,0.00,202,-4.00,204,-4.00,204,-3.00,1403,-1.00,1503,-4.00,203,-2.00,204,-3.00,202,-3.00,205,-1.00,202,-3.00,203,0.00,1033,0.00,876,0.00,1683,0.00,1323,-3.00,247,4.00,1628,42.00,1409,0.16
7901,-3.00,204,0.00,200,-2.00,203,-5.00,205,-1.00,202,-3.00,204,-4.00,204,-2.00,1403,-2.00,1503,-2.00,202,-4.00,204,-2.00,202,-3.00,205,-1.00,202,-4.00,203,0.00,1033,0.00,876,0.00,1683,0.00,1323,-4.00,247,2.00,1628,42.00,1409,0.16
7936,-2.00,204,0.00,200,-3.00,203,-3.00,205,-2.00,202,-2.00,203,-4.00,204,-3.00,1403,-2.00,1503,-3.00,203,-5.00,204,-2.00,202,-4.00,205,-1.00,202,-2.00,203,0.00,1033,0.00,876,0.00,1683,0.00,1323,-5.00,247,3.00,1628,42.00,1409,0.08
7972,-3.00,204,0.00,200,-2.00,203,-5.00,205,-1.00,202,-3.00,204,-4.00,204,-3.00,1403,-3.00,1503,-4.00,203,-3.00,204,-2.00,202,-2.00,205,-1.00,202,-4.00,203,0.00,1033,0.00,876,0.00,1683,0.00,1323,-2.00,247,3.00,1628,42.00,1409,0.08
8008,-3.00,204,1.00,200,-1.00,203,-5.00,205,-1.00,202,0.00,204,-4.00,204,-4.00,1403,-2.00,1503,-3.00,203,-3.00,204,-1.00,202,-5.00,205,-1.00,202,-4.00,203,0.00,1033,0.00,876,0.00,1683,0.00,1323,-3.00,247,3.00,1628,41.00,1409,0.08
8043,-4.00,204,0.00,201,-2.00,203,-4.00,205,-1.00,202,-3.00,204,-4.00,204,-2.00,1403,-2.00,1503,-5.00,203,-2.00,204,-2.00,202,-4.00,205,-2.00,202,-3.00,203,0.00,1033,0.00,876,0.00,1683,0.00,1323,-4.00,247,2.00,1628,43.00,1409,0.73
8079,-2.00,204,0.00,200,-3.00,203,-4.00,205,-1.00,202,-4.00,204,-4.00,204,-4.00,1403,0.00,1503,-3.00,203,-3.00,204,-3.00,202,-5.00,205,-1.00,202,-4.00,203,0.00,1033,0.00,876,0.00,1683,0.00,1323,-3.00,247,4.00,1628,42.00,1409,0.08
8115,-3.00,204,0.00,200,-1.00,203,-4.00,205,-1.00,202,-4.00,204,-3.00,204,-4.00,1403,-2.00,1503,-4.00,203,-5.00,204,-2.00,202,-5.00,205,-2.00,202,-3.00,203,0.00,1033,0.00,876,0.00,1683,0.00,1323,-2.00,247,3.00,1628,42.00,1409,0.16
8151,-3.00,204,1.00,200,-2.00,203,-3.00,205,-1.00,202,-3.00,204,-4.00,204,-4.00,1403,-3.00,1503,-2.00,203,-3.00,204,-2.00,202,-4.00,205,-1.00,202,-4.00,203,0.00,1033,0.00,876,0.00,1683,0.00,1323,-4.00,247,4.00,1628,42.00,1409,0.08
8186,-4.00,204,0.00,200,-2.00,203,-5.00,205,-1.00,202,-6.00,204,-5.00,204,-4.00,1403,-3.00,1503,-2.00,203,-5.00,204,-4.00,202,-3.00,205,0.00,202,-3.00,203,0.00,1033,0.00,876,0.00,1683,0.00,1323,-3.00,247,3.00,1628,43.00,1409,0.00
8222,-3.00,204,0.00,200,-3.00,203,-6.00,205,-1.00,202,-4.00,204,-5.00,204,-2.00,1403,-3.00,1503,-3.00,203,-2.00,204,-3.00,202,-3.00,205,-1.00,202,-3.00,203,0.00,1033,0.00,876,0.00,1683,0.00,1323,-2.00,247,2.00,1628,42.00,1409,0.08
8258,-4.00,204,0.00,200,-2.00,203,-4.00,205,-1.00,202,-3.00,204,-4.00,204,-2.00,1403,-3.00,1503,-4.00,203,-4.00,204,-1.00,202,-5.00,205,0.00,202,-3.00,203,0.00,1033,0.00,876,0.00,1683,0.00,1323,-1.00,247,3.00,1628,42.00,1409,0.08
8294,-2.00,204,0.00,200,-3.00,203,-4.00,205,-1.00,202,-3.00,204,-4.00,204,-3.00,1403,-3.00,1503,-4.00,203,-4.00,204,-2.00,202,-5.00,205,-1.00,202,-3.00,203,0.00,1033,0.00,876,0.00,1683,0.00,1323,-4.00,247,2.00,1628,42.00,1409,0.00
8329,-4.00,204,0.00,200,-1.00,203,-4.00,205,-1.00,202,-3.00,204,-4.00,204,-4.00,1403,-3.00,1503,-4.00,203,-2.00,204,-1.00,202,-3.00,205,-1.00,202,-3.00,203,0.00,1033,0.00,876,0.00,1682,0.00,1323,-4.00,247,2.00,1628,42.00,1409,0.08
8365,-4.00,204,0.00,201,-2.00,203,-5.00,205,-1.00,202,-4.00,204,-4.00,204,-3.00,1403,-3.00,1503,-4.00,203,-3.00,204,-3.00,202,-3.00,205,-1.00,202,-2.00,203,0.00,1033,0.00,876,0.00,1683,0.00,1323,-4.00,247,3.00,1628,43.00,1409,0.16
8401,-3.00,204,2.00,200,-1.00,203,-2.00,205,-1.00,202,-4.00,204,-5.00,204,-2.00,1403,-3.00,1503,-4.00,203,-2.00,204,-2.00,202,-2.00,205,0.00,202,-2.00,203,0.00,1033,0.00,876,0.00,1683,0.00,1323,-4.00,247,3.00,1628,42.00,1409,0.08
8436,-3.00,204,0.00,200,-3.00,203,-5.00,205,-2.00,202,-4.00,203,-4.00,204,-2.00,1403,-2.00,1503,-7.00,203,-2.00,204,-1.00,202,-4.00,205,-1.00,202,-4.00,203,0.00,1033,0.00,876,0.00,1683,0.00,1323,-1.00,247,2.00,1628,42.00,1409,0.00
8472,-4.00,204,-1.00,200,-2.00,203,-4.00,205,-1.00,202,-3.00,204,-4.00,204,-3.00,1403,-3.00,1503,-3.00,203,-2.00,204,-2.00,202,-5.00,205,-1.00,202,-2.00,203,0.00,1033,0.00,876,0.00,1683,0.00,1323,-4.00,247,2.00,1628,42.00,1409,0.16
8508,-4.00,204,0.00,200,-2.00,203,-4.00,205,-1.00,202,-4.00,204,-5.00,204,-3.00,1403,-1.00,1503,-4.00,203,-2.00,204,-2.00,202,-5.00,205,-2.00,202,-4.00,203,0.00,1033,0.00,876,0.00,1683,0.00,1323,-3.00,247,3.00,1628,42.00,1409,0.00
8543,-4.00,204,0.00,200,-4.00,203,-5.00,205,-1.00,202,-3.00,204,-3.00,204,-4.00,1403,-1.00,1504,-3.00,203,-4.00,204,-3.00,202,-3.00,205,-1.00,202,-4.00,203,0.00,1033,0.00,876,0.00,1683,0.00,1323,-2.00,247,4.00,1628,42.00,1409,0.32
8579,-4.00,204,0.00,200,-7.00,203,-3.00,205,-2.00,202,-4.00,204,-4.00,204,-4.00,1403,-3.00,1503,-2.00,203,-2.00,204,-4.00,202,-4.00,205,0.00,202,-3.00,203,0.00,1033,0.00,876,0.00,1683,0.00,1323,-3.00,247,4.00,1628,42.00,1409,0.08
8615,-3.00,204,0.00,200,-3.00,203,-3.00,205,-2.00,202,-3.00,204,-5.00,204,-3.00,1403,-2.00,1503,-4.00,203,-2.00,204,-2.00,202,-5.00,205,-1.00,202,-4.00,203,0.00,1033,0.00,876,0.00,1683,0.00,1323,-4.00,247,2.00,1628,42.00,1409,0.40
8650,-4.00,204,1.00,200,-2.00,203,-4.00,205,-1.00,202,-3.00,204,-3.00,204,-4.00,1403,-1.00,1503,5.00,203,-3.00,204,-3.00,202,-5.00,205,-1.00,202,-3.00,203,0.00,1033,0.00,876,0.00,1683,0.00,1323,-2.00,247,3.00,1628,42.00,1409,0.08
8686,-2.00,204,1.00,200,-1.00,203,-2.00,205,-1.00,202,-3.00,204,-4.00,204,-3.00,1403,-1.00,1503,-1.00,203,-4.00,204,-2.00,202,-5.00,205,-1.00,202,-3.00,203,0.00,1033,0.00,876,0.00,1683,0.00,1323,-3.00,247,2.00,1628,43.00,1409,0.00
8722,-3.00,204,-1.00,200,-1.00,203,-5.00,205,-1.00,202,1.00,204,-4.00,204,-3.00,1403,-3.00,1503,-3.00,202,-4.00,204,-2.00,202,-5.00,205,-1.00,202,-3.00,203,0.00,1033,0.00,876,0.00,1683,0.00,1323,-3.00,247,2.00,1628,42.00,1409,0.16
8758,-3.00,204,0.00,200,-8.00,203,-3.00,205,0.00,202,-4.00,204,-3.00,204,-3.00,1403,-2.00,1503,-4.00,203,-2.00,204,-3.00,202,-5.00,205,0.00,202,-4.00,203,0.00,1033,0.00,876,0.00,1683,0.00,1323,-1.00,247,3.00,1628,42.00,1409,0.00
8793,-2.00,204,0.00,200,-2.00,203,-6.00,205,-1.00,202,-3.00,204,-4.00,204,-4.00,1403,-1.00,1503,-3.00,203,-4.00,204,-1.00,202,-4.00,205,-1.00,202,-3.00,203,0.00,1033,0.00,876,0.00,1683,0.00,1323,-3.00,247,2.00,1628,42.00,1409,0.00
8829,-2.00,204,0.00,200,-1.00,203,-5.00,205,-1.00,202,-3.00,204,-4.00,204,-4.00,1403,-2.00,1503,-3.00,203,-3.00,204,-1.00,202,-4.00,205,-1.00,202,-3.00,203,0.00,1033,0.00,876,0.00,1683,0.00,1323,-3.00,247,2.00,1628,42.00,1409,0.08
8865,-4.00,204,0.00,200,-1.00,203,-3.00,205,0.00,202,2.00,204,-4.00,204,-3.00,1403,-2.00,1503,-4.00,203,-3.00,204,-2.00,202,-3.00,205,-2.00,202,-2.00,203,0.00,1033,0.00,876,0.00,1683,0.00,1323,-3.00,247,3.00,1628,42.00,1409,0.08
8900,-2.00,204,0.00,200,-1.00,203,-4.00,205,-1.00,202,-2.00,204,-3.00,204,-3.00,1403,-1.00,1503,-2.00,203,-5.00,204,-1.00,202,-3.00,205,-1.00,202,-3.00,203,0.00,1033,0.00,876,0.00,1683,0.00,1323,-4.00,247,3.00,1628,42.00,1409,0.08
8936,-2.00,204,0.00,200,-1.00,203,-5.00,205,-1.00,202,-3.00,204,-4.00,204,-2.00,1403,-1.00,1503,-5.00,203,-4.00,204,-1.00,202,-3.00,205,-1.00,202,-2.00,203,0.00,1033,0.00,876,0.00,1683,0.00,1323,-3.00,247,3.00,1628,42.00,1409,0.00
8972,-3.00,204,0.00,200,-2.00,203,-4.00,205,-1.00,202,-5.00,204,-4.00,204,-2.00,1403,-3.00,1503,-4.00,203,-2.00,204,-1.00,202,-3.00,205,-2.00,202,-4.00,203,0.00,1033,0.00,876,0.00,1683,0.00,1323,-2.00,247,4.00,1628,42.00,1409,0.00
9008,-2.00,204,1.00,200,-3.00,203,-4.00,205,-1.00,202,-5.00,203,-4.00,204,-3.00,1403,-3.00,1503,-3.00,203,-2.00,204,-2.00,202,-5.00,205,-2.00,202,-4.00,203,0.00,1033,0.00,876,0.00,1682,0.00,1323,-4.00,247,3.00,1628,41.00,1409,0.00
9043,-2.00,204,-4.00,200,-2.00,203,-4.00,205,-1.00,202,-3.00,204,-5.00,204,-2.00,1403,-1.00,1503,-3.00,203,-4.00,204,-2.00,202,-4.00,205,-2.00,202,-2.00,203,0.00,1033,0.00,876,0.00,1683,0.00,1323,-5.00,247,3.00,1628,42.00,1409,0.40
9079,-3.00,204,0.00,200,-3.00,203,-5.00,205,-1.00,202,-5.00,204,-4.00,204,-2.00,1403,-2.00,1503,-5.00,203,-2.00,204,-1.00,202,-4.00,205,-1.00,202,-2.00,203,0.00,1033,0.00,876,0.00,1683,0.00,1323,-2.00,247,4.00,1628,42.00,1409,0.00
9115,-4.00,204,0.00,200,-2.00,203,-5.00,205,-2.00,202,-3.00,204,-4.00,204,-2.00,1403,-1.00,1503,-4.00,203,-4.00,204,-2.00,202,-5.00,205,-2.00,202,-4.00,203,0.00,1033,0.00,876,0.00,1683,0.00,1323,-2.00,247,3.00,1628,42.00,1409,0.08
9151,-3.00,204,1.00,200,-1.00,203,-4.00,205,-1.00,202,2.00,204,-4.00,204,-4.00,1403,-3.00,1503,-3.00,203,-2.00,204,-3.00,202,-5.00,205,-1.00,202,-3.00,203,0.00,1033,0.00,875,0.00,1683,0.00,1323,-3.00,247,3.00,1628,42.00,1409,0.08
9186,-4.00,204,1.00,200,-3.00,203,-4.00,205,-1.00,202,-4.00,204,-4.00,204,-4.00,1403,-2.00,1503,-5.00,203,-2.00,204,-2.00,202,-5.00,205,-1.00,202,-3.00,203,0.00,1033,0.00,876,0.00,1683,0.00,1323,-2.00,247,4.00,1628,42.00,1409,0.08
9222,-2.00,204,-7.00,200,-3.00,203,-4.00,205,-1.00,202,-3.00,204,-4.00,204,-4.00,1403,-3.00,1503,-4.00,203,-4.00,204,-1.00,202,-5.00,205,0.00,202,-4.00,203,0.00,1033,0.00,876,0.00,1683,0.00,1323,-3.00,247,3.00,1628,42.00,1409,0.00
9258,-4.00,204,0.00,200,-2.00,203,-3.00,205,0.00,202,-3.00,204,-4.00,204,-2.00,1403,-3.00,1503,2.00,203,-2.00,204,-2.00,202,-5.00,205,-1.00,202,-3.00,203,0.00,1033,0.00,876,0.00,1683,0.00,1323,-4.00,247,4.00,1628,42.00,1409,0.16
9294,-4.00,204,0.00,200,-2.00,203,-4.00,205,-1.00,202,-4.00,204,-5.00,204,-4.00,1403,-3.00,1503,-4.00,203,-4.00,204,-3.00,202,-4.00,205,-1.00,202,-2.00,203,0.00,1033,0.00,876,0.00,1683,0.00,1323,-5.00,247,3.00,1628,42.00,1409,0.08
9329,-4.00,204,0.00,201,-2.00,203,-5.00,205,-1.00,202,-5.00,204,-4.00,204,-2.00,1403,-2.00,1503,-3.00,203,-3.00,204,-2.00,202,-4.00,205,-2.00,202,-4.00,203,0.00,1033,0.00,876,0.00,1683,0.00,1323,-1.00,247,4.00,1628,42.00,1409,0.00
9365,-3.00,204,0.00,200,-2.00,203,-4.00,205,-2.00,202,-3.00,204,-4.00,204,-4.00,1403,-3.00,1503,-4.00,203,-4.00,204,-1.00,202,-4.00,205,-1.00,202,-4.00,203,0.00,1033,0.00,876,0.00,1683,0.00,1323,-4.00,247,4.00,1628,42.00,1409,0.08
9401,-3.00,204,0.00,200,-1.00,203,-5.00,205,-1.00,202,-4.00,204,-5.00,204,-3.00,1403,-1.00,1503,-5.00,203,-3.00,204,-2.00,202,-2.00,205,-1.00,202,-3.00,203,0.00,1033,0.00,876,0.00,1683,0.00,1323,-4.00,247,3.00,1628,42.00,1409,0.00
9437,-4.00,204,0.00,200,-3.00,203,-3.00,205,-1.00,202,-6.00,204,-4.00,204,-4.00,1403,-2.00,1503,-4.00,203,-2.00,204,-2.00,202,-5.00,205,-1.00,202,-3.00,203,0.00,1033,0.00,876,0.00,1683,0.00,1323,-2.00,247,3.00,1628,42.00,1409,0.16
9472,-1.00,204,0.00,200,-2.00,203,-4.00,205,-1.00,202,-4.00,203,-4.00,204,-2.00,1403,-3.00,1503,-2.00,203,-3.00,204,-1.00,202,-5.00,205,-1.00,202,-3.00,203,0.00,1033,0.00,875,0.00,1683,0.00,1323,-4.00,247,3.00,1628,42.00,1409,0.00
9508,-4.00,204,0.00,200,-2.00,203,-2.00,205,-1.00,202,-4.00,204,-4.00,204,-2.00,1403,-3.00,1503,-4.00,203,-4.00,204,-2.00,202,-3.00,205,-1.00,202,-4.00,203,0.00,1033,0.00,876,0.00,1683,0.00,1323,-4.00,247,3.00,1628,41.00,1409,0.08
9544,-2.00,204,4.00,200,-2.00,203,-5.00,205,-1.00,202,-4.00,204,-4.00,204,-2.00,1403,-2.00,1503,-4.00,203,-2.00,204,-3.00,202,-4.00,205,-1.00,202,-2.00,203,0.00,1033,0.00,876,0.00,1683,0.00,1323,-1.00,247,2.00,1628,42.00,1409,0.32
9580,-4.00,204,0.00,200,-1.00,203,-2.00,205,-1.00,202,-6.00,204,-4.00,204,-2.00,1403,-2.00,1503,-4.00,203,-2.00,204,-2.00,202,-5.00,205,0.00,202,-4.00,203,0.00,1033,0.00,876,0.00,1683,0.00,1323,-3.00,247,2.00,1628,42.00,1409,0.00
9615,-2.00,204,0.00,200,-3.00,203,-3.00,205,-1.00,202,-5.00,204,-4.00,204,-3.00,1403,-2.00,1503,-4.00,203,-4.00,204,-1.00,202,-5.00,205,-1.00,202,-2.00,203,0.00,1033,0.00,876,0.00,1683,0.00,1323,-5.00,247,2.00,1628,42.00,1409,0.00
9651,-3.00,204,1.00,200,-1.00,203,-6.00,205,-1.00,202,-4.00,203,-4.00,204,-3.00,1403,-2.00,1503,-3.00,203,-2.00,204,-1.00,202,-4.00,205,-1.00,202,-4.00,203,0.00,1033,0.00,876,0.00,1683,0.00,1323,-4.00,247,4.00,1628,42.00,1409,0.08
9687,-4.00,204,1.00,200,-2.00,203,-4.00,205,0.00,202,-4.00,204,-4.00,204,-2.00,1403,-2.00,1503,-4.00,203,-4.00,204,-2.00,202,-4.00,205,-1.00,202,-2.00,203,0.00,1033,0.00,876,0.00,1683,0.00,1323,-4.00,247,3.00,1628,42.00,1409,0.24
9723,-3.00,204,0.00,200,-3.00,203,-5.00,205,-1.00,202,-4.00,204,-4.00,204,-3.00,1403,-1.00,1503,-2.00,203,-4.00,204,-2.00,202,-5.00,205,-1.00,202,-3.00,203,0.00,1033,0.00,876,0.00,1683,0.00,1323,-3.00,247,2.00,1628,42.00,1409,0.00
9758,-1.00,204,0.00,200,-3.00,203,-5.00,205,-1.00,202,1.00,204,-4.00,204,-3.00,1403,-1.00,1503,-3.00,202,-2.00,204,-2.00,202,-5.00,205,-1.00,202,-4.00,203,0.00,1033,0.00,876,0.00,1683,0.00,1323,-2.00,247,3.00,1628,42.00,1409,0.08
9794,-3.00,204,0.00,200,-2.00,203,-6.00,205,-2.00,202,-4.00,204,-4.00,204,-3.00,1403,-2.00,1503,-2.00,203,-4.00,204,-4.00,202,-5.00,205,-1.00,202,-2.00,203,0.00,1033,0.00,876,0.00,1683,0.00,1323,-2.00,247,4.00,1628,42.00,1409,0.08
9830,-4.00,204,0.00,200,-3.00,203,-5.00,205,-1.00,202,4.00,204,-4.00,204,-3.00,1403,-2.00,1503,-5.00,203,-4.00,204,0.00,202,-4.00,205,-2.00,202,-2.00,203,0.00,1033,0.00,876,0.00,1683,0.00,1323,-2.00,247,3.00,1628,42.00,1409,0.08
9865,-2.00,204,0.00,200,-3.00,203,-3.00,205,-2.00,202,-3.00,204,-4.00,204,-3.00,1403,-2.00,1503,-6.00,203,-4.00,204,-2.00,202,-4.00,205,-3.00,202,-2.00,203,0.00,1033,0.00,876,0.00,1683,0.00,1323,-3.00,247,3.00,1628,42.00,1409,0.08
9901,-4.00,204,0.00,200,-2.00,203,-6.00,205,0.00,202,-4.00,203,-3.00,204,-3.00,1403,-2.00,1503,5.00,203,-4.00,204,-2.00,202,-5.00,205,-2.00,202,-4.00,203,0.00,1033,0.00,876,0.00,1683,0.00,1323,-2.00,247,3.00,1628,42.00,1409,0.00
9937,-4.00,204,3.00,200,-4.00,203,-5.00,205,0.00,202,-3.00,204,-4.00,204,-4.00,1403,-2.00,1503,-3.00,203,-2.00,204,-4.00,202,-4.00,205,-1.00,202,-2.00,203,0.00,1033,0.00,876,0.00,1683,0.00,1323,-5.00,247,2.00,1628,42.00,1409,0.08
9973,-3.00,204,0.00,200,-2.00,203,-3.00,205,-1.00,202,-4.00,204,-4.00,204,-4.00,1403,-3.00,1503,-3.00,203,-2.00,204,-2.00,202,-4.00,205,-1.00,202,-3.00,203,0.00,1033,0.00,876,0.00,1683,0.00,1323,-1.00,247,3.00,1628,42.00,1409,0.00
10009,-2.00,204,0.00,200,-2.00,203,-4.00,205,-2.00,202,-1.00,204,-4.00,204,-2.00,1403,-1.00,1503,-4.00,203,-3.00,204,-1.00,202,-4.00,205,-1.00,202,-3.00,203,0.00,1033,0.00,876,0.00,1683,0.00,1323,-2.00,247,3.00,1628,42.00,1409,0.00
10044,-2.00,204,0.00,200,-2.00,203,-4.00,205,-1.00,202,-4.00,204,-3.00,204,-3.00,1403,-3.00,1503,-3.00,203,-4.00,204,-3.00,202,-4.00,205,-1.00,202,-3.00,203,0.00,1033,0.00,876,0.00,1683,0.00,1323,-3.00,247,3.00,1628,42.00,1409,0.08
10080,-3.00,204,0.00,200,-2.00,203,-5.00,205,-2.00,202,-5.00,204,-4.00,204,-2.00,1403,-3.00,1503,-3.00,203,-2.00,204,-3.00,202,-5.00,205,0.00,202,-4.00,203,0.00,1033,0.00,876,0.00,1683,0.00,1323,-4.00,247,3.00,1628,42.00,1409,0.16
10116,-3.00,204,0.00,200,-2.00,203,-3.00,205,-1.00,202,6.00,204,-4.00,204,-3.00,1403,-2.00,1503,-3.00,203,-3.00,204,-1.00,202,-3.00,205,-1.00,202,-3.00,203,0.00,1033,0.00,876,0.00,1683,0.00,1323,-2.00,247,2.00,1628,42.00,1409,0.08
10152,-2.00,204,-6.00,200,-2.00,203,-2.00,205,-2.00,202,-3.00,204,-4.00,204,-4.00,1403,-3.00,1503,-4.00,203,-3.00,204,-3.00,202,-5.00,205,-1.00,202,-3.00,203,0.00,1033,0.00,876,0.00,1683,0.00,1323,-2.00,247,4.00,1628,42.00,1409,0.00
10187,-2.00,204,0.00,200,-2.00,203,-3.00,205,-1.00,202,-3.00,204,-4.00,204,-3.00,1403,-3.00,1503,-4.00,203,-1.00,204,-1.00,202,-5.00,205,-1.00,202,-4.00,203,0.00,1033,0.00,876,0.00,1683,0.00,1323,-4.00,247,4.00,1628,42.00,1409,0.00
10223,-2.00,204,1.00,200,-1.00,203,-4.00,205,-1.00,202,-4.00,204,-3.00,204,-3.00,1403,-1.00,1503,-4.00,203,-2.00,204,-1.00,202,-5.00,205,0.00,202,-3.00,203,0.00,1033,0.00,876,0.00,1683,0.00,1323,-3.00,247,3.00,1628,42.00,1409,0.00
10259,-4.00,204,0.00,200,-3.00,203,-3.00,205,-2.00,202,-3.00,204,-4.00,204,-2.00,1403,-3.00,1503,-5.00,203,-1.00,204,-2.00,202,-4.00,205,-2.00,202,-3.00,203,0.00,1033,0.00,876,0.00,1683,0.00,1323,-3.00,247,4.00,1628,41.00,1409,0.00
10295,-2.00,204,0.00,200,-1.00,203,-3.00,205,-2.00,202,-4.00,204,-5.00,204,-4.00,1403,-3.00,1503,-4.00,203,-2.00,204,-1.00,202,-5.00,205,-1.00,202,-2.00,203,0.00,1033,0.00,876,0.00,1683,0.00,1323,-4.00,247,2.00,1628,42.00,1409,0.00
10330,-3.00,204,0.00,200,-3.00,203,-4.00,205,-1.00,202,-4.00,204,-4.00,204,-3.00,1403,-2.00,1503,6.00,203,-2.00,204,-3.00,202,-4.00,205,0.00,202,-3.00,203,0.00,1033,0.00,876,0.00,1683,0.00,1323,-2.00,247,2.00,1628,42.00,1409,0.00
10366,-3.00,204,0.00,200,-1.00,203,-4.00,205,-1.00,202,-4.00,204,-4.00,204,-3.00,1403,-1.00,1503,-4.00,203,-4.00,204,-1.00,202,-5.00,205,0.00,202,-4.00,203,0.00,1033,0.00,876,0.00,1683,0.00,1323,-2.00,247,3.00,1628,42.00,1409,0.16
10402,-3.00,204,-1.00,200,-1.00,203,-2.00,205,-1.00,202,-4.00,204,-5.00,204,-3.00,1403,-2.00,1503,-5.00,203,-3.00,204,-2.00,202,-2.00,205,-1.00,202,-3.00,203,0.00,1033,0.00,876,0.00,1683,0.00,1323,-4.00,247,4.00,1628,42.00,1409,0.08
10437,-2.00,204,0.00,200,-2.00,203,-5.00,205,-1.00,202,3.00,203,-4.00,204,-3.00,1403,-3.00,1503,4.00,203,-4.00,204,-2.00,202,-5.00,205,-1.00,202,-3.00,203,0.00,1033,0.00,876,0.00,1683,0.00,1323,-3.00,247,3.00,1628,42.00,1409,0.08
10473,-2.00,204,1.00,200,-2.00,203,-4.00,205,0.00,202,-3.00,204,-4.00,204,-4.00,1403,-1.00,1503,2.00,203,-4.00,204,-2.00,202,-2.00,205,-1.00,202,-2.00,203,0.00,1033,0.00,876,0.00,1682,0.00,1323,-4.00,247,3.00,1628,42.00,1409,0.00
10509,-5.00,204,0.00,200,-1.00,203,-4.00,205,0.00,202,0.00,204,-4.00,204,-4.00,1403,-3.00,1503,-4.00,203,-4.00,204,-1.00,202,-4.00,205,-1.00,202,-3.00,203,0.00,1033,0.00,876,0.00,1683,0.00,1323,-2.00,247,3.00,1628,41.00,1409,0.00
10545,-2.00,204,0.00,200,-2.00,203,-5.00,205,-1.00,202,-3.00,204,-4.00,204,-2.00,1403,-1.00,1503,-5.00,203,-2.00,204,-2.00,202,-2.00,205,-1.00,202,-3.00,203,0.00,1033,0.00,876,0.00,1683,0.00,1323,-1.00,247,2.00,1628,42.00,1409,0.24
10581,-3.00,204,0.00,200,-2.00,203,-4.00,205,0.00,202,3.00,204,-4.00,204,-2.00,1403,-2.00,1503,-3.00,203,-4.00,204,-3.00,202,-4.00,205,0.00,202,-2.00,203,0.00,1033,0.00,876,0.00,1683,0.00,1323,-4.00,247,3.00,1628,42.00,1409,0.00
10616,-3.00,204,1.00,200,-2.00,203,-5.00,205,-1.00,202,-1.00,204,-4.00,204,-2.00,1403,-3.00,1503,-2.00,203,-4.00,204,-1.00,202,-3.00,205,-1.00,202,-2.00,203,0.00,1033,0.00,876,0.00,1683,0.00,1323,-5.00,247,2.00,1628,42.00,1409,0.08
10652,-3.00,204,4.00,200,-1.00,203,-5.00,205,-2.00,202,-5.00,204,-4.00,204,-3.00,1403,-1.00,1503,-3.00,203,-3.00,204,-2.00,202,-6.00,205,0.00,202,-3.00,203,0.00,1033,0.00,876,0.00,1683,0.00,1323,-2.00,247,4.00,1628,42.00,1409,0.00
10688,-3.00,204,0.00,200,-1.00,203,-4.00,205,-1.00,202,-4.00,204,-3.00,204,-4.00,1403,-2.00,1503,-2.00,203,-3.00,204,-1.00,202,-5.00,205,-1.00,202,-3.00,203,0.00,1033,0.00,876,0.00,1683,0.00,1323,-2.00,247,2.00,1628,42.00,1409,0.08
10723,-4.00,204,0.00,200,-2.00,203,-2.00,205,-1.00,202,-4.00,203,-4.00,204,-2.00,1403,-1.00,1503,-4.00,203,-4.00,204,-1.00,202,-3.00,205,0.00,202,-2.00,203,0.00,1033,0.00,876,0.00,1683,0.00,1323,-2.00,247,4.00,1628,42.00,1409,0.08
10759,-3.00,204,0.00,201,-1.00,203,-5.00,205,-1.00,202,-4.00,204,-4.00,204,-3.00,1403,-2.00,1503,-3.00,203,-4.00,204,-3.00,202,-2.00,205,-2.00,202,-4.00,203,0.00,1033,0.00,876,0.00,1683,0.00,1323,-3.00,247,3.00,1628,42.00,1409,0.08
10795,-2.00,204,0.00,200,-1.00,203,-5.00,205,0.00,202,-6.00,204,-4.00,204,-2.00,1403,-3.00,1503,-2.00,203,-5.00,204,-2.00,202,-4.00,205,-1.00,202,-4.00,203,0.00,1033,0.00,876,0.00,1683,0.00,1323,-2.00,247,4.00,1628,42.00,1409,0.08
10831,-4.00,204,0.00,200,-1.00,203,-5.00,205,-2.00,202,-3.00,204,-3.00,204,-2.00,1403,-3.00,1503,-5.00,203,-2.00,204,-1.00,202,-4.00,205,-1.00,202,-4.00,203,0.00,1033,0.00,876,0.00,1683,0.00,1323,-3.00,247,3.00,1628,42.00,1409,0.00
10866,-2.00,204,0.00,200,-1.00,203,-6.00,205,-1.00,202,-4.00,204,-4.00,204,-3.00,1403,-3.00,1503,-3.00,203,-2.00,204,-2.00,202,-3.00,205,-1.00,202,-2.00,203,0.00,1033,0.00,876,0.00,1683,0.00,1323,-4.00,247,2.00,1628,42.00,1409,0.08
10902,-3.00,204,0.00,200,-2.00,203,-5.00,205,-2.00,202,1.00,204,-4.00,204,-3.00,1403,-1.00,1503,-4.00,203,-2.00,204,-3.00,202,-3.00,205,-1.00,202,-2.00,203,0.00,1033,0.00,876,0.00,1683,0.00,1323,-2.00,247,2.00,1628,42.00,1409,0.16
10938,-4.00,204,0.00,200,-1.00,203,-3.00,205,0.00,202,-4.00,204,-3.00,204,-3.00,1403,-1.00,1503,-3.00,203,-3.00,204,-2.00,202,-5.00,205,-1.00,202,-4.00,203,0.00,1033,0.00,876,0.00,1683,0.00,1323,-1.00,247,3.00,1628,42.00,1409,0.08
10973,-2.00,204,4.00,200,-3.00,203,-3.00,205,-1.00,202,-4.00,204,-4.00,204,-4.00,1403,-1.00,1503,-4.00,203,-4.00,204,-3.00,202,-2.00,205,-1.00,202,-3.00,203,0.00,1033,0.00,876,0.00,1683,0.00,1323,-2.00,247,2.00,1628,42.00,1409,0.16
11009,-4.00,204,0.00,200,-2.00,203,-3.00,205,-2.00,202,-4.00,204,-4.00,204,-4.00,1403,-3.00,1503,6.00,203,-4.00,204,-2.00,202,-2.00,205,-1.00,202,-2.00,203,0.00,1033,0.00,876,0.00,1683,0.00,1323,-3.00,247,2.00,1628,42.00,1409,0.08
11045,-2.00,204,0.00,200,-2.00,203,-3.00,205,-2.00,202,-1.00,204,-4.00,204,-2.00,1403,-1.00,1503,-2.00,203,-4.00,204,-2.00,202,-4.00,205,-1.00,202,-2.00,203,0.00,1033,0.00,876,0.00,1683,0.00,1323,-1.00,247,3.00,1628,42.00,1409,0.16
11081,-4.00,204,0.00,200,-2.00,203,-5.00,205,-1.00,202,-3.00,204,-4.00,204,-3.00,1403,-2.00,1503,-4.00,203,-2.00,204,-2.00,202,-4.00,205,-1.00,202,-2.00,203,0.00,1033,0.00,876,0.00,1683,0.00,1323,-3.00,247,2.00,1628,42.00,1409,0.08
11116,-4.00,204,1.00,200,-1.00,203,-4.00,205,-1.00,202,-3.00,204,-5.00,204,-2.00,1403,-1.00,1503,-2.00,203,-4.00,204,-2.00,202,-3.00,205,-2.00,202,-2.00,203,0.00,1033,0.00,876,0.00,1683,0.00,1323,-2.00,247,2.00,1628,42.00,1409,0.08
11152,-1.00,204,0.00,200,-2.00,203,-6.00,205,-2.00,202,-3.00,204,-5.00,204,-2.00,1403,-3.00,1503,-3.00,203,-3.00,204,-2.00,202,-3.00,205,-1.00,202,-4.00,203,0.00,1033,0.00,876,0.00,1683,0.00,1323,-4.00,247,4.00,1628,42.00,1409,0.08
11188,-3.00,204,-1.00,200,-3.00,203,-4.00,205,-2.00,202,-3.00,204,-4.00,204,-4.00,1403,-1.00,1503,-3.00,203,-4.00,204,-2.00,202,-4.00,205,0.00,202,-3.00,203,0.00,1033,0.00,876,0.00,1683,0.00,1323,-3.00,247,2.00,1628,42.00,1409,0.00
11224,-4.00,204,1.00,200,-1.00,203,-6.00,205,0.00,202,0.00,204,-4.00,204,-2.00,1403,-3.00,1503,-4.00,203,-2.00,204,-3.00,202,-3.00,205,-2.00,202,-4.00,203,0.00,1033,0.00,876,0.00,1683,0.00,1323,-3.00,247,3.00,1628,42.00,1409,0.32
11259,-3.00,204,0.00,200,-2.00,203,-4.00,205,0.00,202,-3.00,204,-4.00,204,-4.00,1403,-1.00,1503,-4.00,203,-3.00,204,-1.00,202,-3.00,205,-1.00,202,-2.00,203,0.00,1033,0.00,876,0.00,1683,0.00,1323,-4.00,247,3.00,1628,42.00,1409,0.00
11295,-3.00,204,0.00,200,-1.00,203,-4.00,205,-1.00,202,-3.00,204,-4.00,204,-3.00,1403,-2.00,1503,-2.00,203,-4.00,204,-1.00,202,-5.00,205,-1.00,202,-4.00,203,0.00,1033,0.00,876,0.00,1683,0.00,1323,-4.00,247,4.00,1628,42.00,1409,0.00
11331,-3.00,204,1.00,200,-1.00,203,-4.00,205,0.00,202,-4.00,204,-4.00,204,-4.00,1403,-3.00,1503,-2.00,203,-3.00,204,-2.00,202,-2.00,205,0.00,202,-3.00,203,0.00,1033,0.00,876,0.00,1682,0.00,1323,-3.00,247,4.00,1628,42.00,1409,0.00
11367,-4.00,204,1.00,200,-2.00,203,-5.00,205,-1.00,202,-4.00,204,-4.00,204,-3.00,1403,-1.00,1503,5.00,203,-2.00,204,-2.00,202,-3.00,205,-1.00,202,-2.00,203,0.00,1033,0.00,876,0.00,1683,0.00,1323,-2.00,247,3.00,1628,42.00,1409,0.08
11402,-3.00,204,0.00,200,-2.00,203,-3.00,205,0.00,202,1.00,204,-4.00,204,-2.00,1403,-1.00,1503,-4.00,203,-2.00,204,-1.00,202,-4.00,205,-1.00,202,-2.00,203,0.00,1033,0.00,875,0.00,1683,0.00,1323,-4.00,247,2.00,1628,42.00,1409,0.08
11438,-2.00,204,0.00,201,-3.00,203,-3.00,205,-2.00,202,-4.00,204,-3.00,204,-2.00,1403,-2.00,1503,-4.00,203,-3.00,204,-4.00,202,-4.00,205,-1.00,202,-2.00,203,0.00,1033,0.00,876,0.00,1683,0.00,1323,-1.00,247,2.00,1628,42.00,1409,0.00
11474,-4.00,204,0.00,200,-1.00,203,-5.00,205,-2.00,202,-4.00,203,-4.00,204,-4.00,1403,-3.00,1503,-3.00,203,-4.00,204,-1.00,202,-5.00,205,-1.00,202,-2.00,203,0.00,1033,0.00,876,0.00,1683,0.00,1323,-2.00,247,3.00,1628,42.00,1409,0.16
11510,-2.00,204,0.00,200,-1.00,203,-5.00,205,-1.00,202,-3.00,204,-3.00,204,-3.00,1403,-1.00,1503,1.00,203,-3.00,204,-2.00,202,-3.00,205,0.00,202,-4.00,203,0.00,1033,0.00,876,0.00,1683,0.00,1323,-3.00,247,4.00,1628,42.00,1409,0.16
11546,-2.00,204,0.00,200,-3.00,203,-5.00,205,0.00,202,-2.00,203,-4.00,204,-2.00,1403,-3.00,1503,-4.00,203,-2.00,204,-2.00,202,-5.00,205,-1.00,202,-3.00,203,0.00,1033,0.00,876,0.00,1683,0.00,1323,-3.00,247,4.00,1628,42.00,1409,0.08
11582,-2.00,204,0.00,201,-2.00,203,-2.00,205,-1.00,202,-5.00,204,-4.00,204,-4.00,1403,-2.00,1503,-4.00,203,-3.00,204,-1.00,202,-4.00,205,-2.00,202,-2.00,203,0.00,1033,0.00,876,0.00,1683,0.00,1323,-5.00,247,3.00,1628,42.00,1409,0.08
11618,-2.00,204,0.00,200,0.00,203,-5.00,205,-1.00,202,-4.00,204,-4.00,204,-4.00,1403,-2.00,1503,-4.00,203,-2.00,204,-2.00,202,-5.00,205,-1.00,202,-3.00,203,0.00,1033,0.00,876,0.00,1683,0.00,1323,-2.00,247,2.00,1628,42.00,1409,0.00
11653,-2.00,204,0.00,200,-3.00,203,-4.00,205,-1.00,202,-6.00,203,-3.00,204,-3.00,1403,-3.00,1503,-4.00,203,-4.00,204,-3.00,202,-5.00,205,-1.00,202,-4.00,203,0.00,1033,0.00,876,0.00,1683,0.00,1323,-3.00,247,4.00,1628,42.00,1409,0.08
11689,-3.00,204,0.00,200,-3.00,203,-3.00,205,-2.00,202,-3.00,203,-4.00,204,-4.00,1403,-2.00,1503,-3.00,203,-4.00,204,-2.00,202,-5.00,205,-1.00,202,-2.00,203,0.00,1033,0.00,876,0.00,1683,0.00,1323,-4.00,247,2.00,1628,42.00,1409,0.08
11725,-4.00,204,0.00,200,-3.00,203,-4.00,205,-1.00,202,-4.00,204,-4.00,204,-3.00,1403,-2.00,1503,-2.00,203,-2.00,204,-2.00,202,-3.00,205,-1.00,202,-2.00,203,0.00,1033,0.00,876,0.00,1683,0.00,1323,-3.00,247,3.00,1628,42.00,1409,0.08
11761,-2.00,204,1.00,200,-3.00,203,-6.00,205,-1.00,202,-5.00,203,-4.00,204,-2.00,1403,-1.00,1503,-5.00,203,-1.00,204,-1.00,202,-5.00,205,-1.00,202,-3.00,203,0.00,1033,0.00,876,0.00,1683,0.00,1323,-2.00,247,2.00,1628,42.00,1409,0.08
11797,-2.00,204,0.00,200,-1.00,203,-3.00,205,-1.00,202,-4.00,204,-4.00,204,-3.00,1403,-3.00,1503,-4.00,203,-3.00,204,-2.00,202,-4.00,205,-2.00,202,-3.00,203,0.00,1033,0.00,876,0.00,1683,0.00,1323,-4.00,247,2.00,1628,42.00,1409,0.08
11832,-2.00,204,0.00,200,-2.00,203,-3.00,205,-1.00,202,-3.00,204,-3.00,204,-3.00,1403,-3.00,1503,-4.00,203,-4.00,204,-2.00,202,-4.00,205,-1.00,202,-4.00,203,0.00,1033,0.00,876,0.00,1683,0.00,1323,-3.00,247,4.00,1628,42.00,1409,0.08
11868,-2.00,204,0.00,200,-2.00,203,-3.00,205,-2.00,202,-3.00,204,-4.00,204,-3.00,1403,-2.00,1503,-2.00,203,-4.00,204,-1.00,202,-4.00,205,0.00,202,-3.00,203,0.00,1033,0.00,876,0.00,1683,0.00,1323,-2.00,247,3.00,1628,42.00,1409,0.00
11904,-2.00,204,0.00,200,-1.00,203,-5.00,205,-1.00,202,-1.00,204,-4.00,204,-3.00,1403,-2.00,1503,-2.00,203,-2.00,204,-2.00,202,-3.00,205,-1.00,202,-3.00,203,0.00,1033,0.00,876,0.00,1683,0.00,1323,-4.00,247,2.00,1628,42.00,1409,0.16
11940,-2.00,204,0.00,200,-1.00,203,-5.00,205,-1.00,202,-3.00,204,-4.00,204,-3.00,1403,-2.00,1503,-4.00,203,-2.00,204,-2.00,202,-5.00,205,-1.00,202,-3.00,203,0.00,1033,0.00,876,0.00,1683,0.00,1323,-4.00,247,3.00,1628,42.00,1409,0.08
11975,-4.00,204,0.00,201,-3.00,203,-3.00,205,-1.00,202,-2.00,204,-4.00,204,-2.00,1403,-3.00,1503,-3.00,203,-1.00,204,-1.00,202,-5.00,205,0.00,202,-2.00,203,0.00,1033,0.00,876,0.00,1683,0.00,1323,-5.00,247,2.00,1628,42.00,1409,0.00
12011,-3.00,204,-6.00,200,-3.00,203,-5.00,205,-1.00,202,-4.00,204,-4.00,204,-3.00,1403,-1.00,1503,-2.00,203,-2.00,204,-2.00,202,-4.00,205,-1.00,202,-4.00,203,0.00,1033,0.00,876,0.00,1683,0.00,1323,-3.00,247,3.00,1628,42.00,1409,0.08
12047,-2.00,204,0.00,200,-2.00,203,-4.00,205,-1.00,202,-3.00,204,-4.00,204,-2.00,1403,-1.00,1503,-4.00,203,-4.00,204,-3.00,202,-5.00,205,-2.00,202,-3.00,203,0.00,1033,0.00,876,0.00,1683,0.00,1323,-5.00,247,3.00,1628,42.00,1409,0.00
12083,-3.00,204,0.00,200,-1.00,203,-4.00,205,-2.00,202,-4.00,204,-4.00,204,-3.00,1403,-2.00,1503,-3.00,203,-2.00,204,-1.00,202,-5.00,205,0.00,202,-2.00,203,0.00,1033,0.00,876,0.00,1683,0.00,1323,-4.00,247,2.00,1628,42.00,1409,0.56
12118,-3.00,204,-6.00,200,-1.00,203,-4.00,205,-1.00,202,-5.00,204,-4.00,204,-3.00,1403,-2.00,1503,-3.00,203,-2.00,204,-2.00,202,-3.00,205,-1.00,202,-3.00,203,0.00,1033,0.00,876,0.00,1683,0.00,1323,-4.00,247,3.00,1628,42.00,1409,0.00
12154,-3.00,204,0.00,200,-3.00,203,-3.00,205,0.00,202,-4.00,204,-4.00,204,-3.00,1403,-3.00,1503,-4.00,203,-4.00,204,-2.00,202,-5.00,205,-1.00,202,-4.00,203,0.00,1033,0.00,876,0.00,1683,0.00,1323,-2.00,247,4.00,1628,42.00,1409,0.24
12190,-4.00,204,0.00,200,-2.00,203,-5.00,205,-1.00,202,-5.00,203,-4.00,204,-2.00,1403,-3.00,1503,-4.00,203,-1.00,204,-1.00,202,-3.00,205,-2.00,202,-3.00,203,0.00,1033,0.00,876,0.00,1683,0.00,1323,-3.00,247,3.00,1628,41.00,1409,0.08
12226,-3.00,204,0.00,200,-2.00,203,-3.00,205,-1.00,202,-3.00,204,-4.00,204,-3.00,1403,-2.00,1503,4.00,203,-1.00,204,-4.00,202,-4.00,205,-1.00,202,-4.00,203,0.00,1033,0.00,876,0.00,1683,0.00,1323,-2.00,247,2.00,1628,42.00,1409,0.08
12261,-2.00,204,1.00,200,-1.00,203,-5.00,205,0.00,202,-3.00,204,-5.00,204,-2.00,1403,-1.00,1503,-3.00,203,-2.00,204,-2.00,202,-4.00,205,-1.00,202,-2.00,203,0.00,1033,0.00,876,0.00,1683,0.00,1323,-4.00,247,4.00,1628,42.00,1409,0.08
12297,-2.00,204,0.00,200,-2.00,203,-4.00,205,-1.00,202,-4.00,204,-4.00,204,-3.00,1403,-2.00,1503,2.00,203,-3.00,204,-2.00,202,-3.00,205,-1.00,202,-3.00,203,0.00,1033,0.00,876,0.00,1683,0.00,1323,-3.00,247,4.00,1628,41.00,1409,0.08
12333,-3.00,204,0.00,200,-1.00,203,-3.00,205,-1.00,202,-5.00,204,-4.00,204,-4.00,1403,-3.00,1503,-3.00,203,-3.00,204,-2.00,202,-4.00,205,0.00,202,-3.00,203,0.00,1033,0.00,876,0.00,1683,0.00,1323,-5.00,247,3.00,1628,42.00,1409,0.08
12369,-4.00,204,1.00,200,-2.00,203,-4.00,205,-1.00,202,-5.00,204,-5.00,204,-3.00,1403,-1.00,1503,-2.00,203,-2.00,204,-1.00,202,-5.00,205,-1.00,202,-4.00,203,0.00,1033,0.00,876,0.00,1683,0.00,1323,-3.00,247,2.00,1628,42.00,1409,0.08
12404,-2.00,204,1.00,200,-3.00,203,-4.00,205,0.00,202,-4.00,204,-4.00,204,-4.00,1403,-3.00,1503,-4.00,203,-2.00,204,-3.00,202,-4.00,205,-1.00,202,-2.00,203,0.00,1033,0.00,876,0.00,1683,0.00,1323,-3.00,247,3.00,1628,42.00,1409,0.16
12440,-1.00,204,0.00,200,-2.00,203,-3.00,205,-1.00,202,-1.00,204,-3.00,204,-3.00,1403,-2.00,1503,-6.00,203,-5.00,204,-3.00,202,-5.00,205,-1.00,202,-3.00,203,0.00,1033,0.00,876,0.00,1683,0.00,1323,-4.00,247,3.00,1628,42.00,1409,0.00
12476,-3.00,204,0.00,200,-2.00,203,-4.00,205,-1.00,202,-5.00,204,-4.00,204,-4.00,1403,-1.00,1503,-4.00,203,-3.00,204,-1.00,202,-6.00,205,-1.00,202,-3.00,203,0.00,1033,0.00,876,0.00,1683,0.00,1323,-1.00,247,3.00,1628,42.00,1409,0.00
12512,-4.00,204,0.00,200,-2.00,203,-4.00,205,-1.00,202,0.00,204,-4.00,204,-2.00,1403,-1.00,1503,-2.00,203,-3.00,204,-1.00,202,-5.00,205,-2.00,202,-4.00,203,0.00,1033,0.00,876,0.00,1683,0.00,1323,-1.00,247,3.00,1628,42.00,1409,0.08
12547,-3.00,204,0.00,200,-1.00,203,-5.00,205,0.00,202,-3.00,204,-4.00,204,-3.00,1403,-2.00,1503,1.00,203,-3.00,204,-2.00,202,-4.00,205,0.00,202,-3.00,203,0.00,1033,0.00,876,0.00,1683,0.00,1323,-2.00,247,4.00,1628,42.00,1409,0.08
12583,-4.00,204,0.00,200,-1.00,203,-4.00,205,-1.00,202,-5.00,204,-5.00,204,-3.00,1403,-2.00,1503,-3.00,203,-2.00,204,-2.00,202,-4.00,205,-1.00,202,-4.00,203,0.00,1033,0.00,876,0.00,1683,0.00,1323,-2.00,247,2.00,1628,42.00,1409,0.08
12619,-4.00,204,3.00,200,-3.00,203,-6.00,205,-1.00,202,-3.00,204,-4.00,204,-2.00,1403,-2.00,1503,-3.00,203,-2.00,204,-3.00,202,-4.00,205,0.00,202,-4.00,203,0.00,1033,0.00,876,0.00,1683,0.00,1323,-4.00,247,3.00,1628,42.00,1409,0.24
12655,-3.00,204,0.00,200,-3.00,203,-4.00,205,-2.00,202,-5.00,204,-4.00,204,-2.00,1403,-1.00,1503,-4.00,203,-2.00,204,-1.00,202,-4.00,205,-1.00,202,-3.00,203,0.00,1033,0.00,876,0.00,1683,0.00,1323,-2.00,247,2.00,1628,42.00,1409,0.24
12690,-2.00,204,0.00,200,-2.00,203,-3.00,205,0.00,202,0.00,203,-5.00,204,-4.00,1403,-2.00,1503,0.00,203,-2.00,204,-3.00,202,-3.00,205,-1.00,202,-3.00,203,0.00,1033,0.00,876,0.00,1683,0.00,1323,-3.00,247,2.00,1628,42.00,1409,0.00
12726,-2.00,204,-1.00,200,-3.00,203,-5.00,205,-1.00,202,-4.00,204,-5.00,204,-4.00,1403,-2.00,1503,-2.00,203,-4.00,204,-4.00,202,-5.00,205,-1.00,202,-2.00,203,0.00,1033,0.00,876,0.00,1683,0.00,1323,-3.00,247,2.00,1628,42.00,1409,0.00
12762,-4.00,204,0.00,200,-1.00,203,-5.00,205,-1.00,202,-3.00,204,-4.00,204,-4.00,1403,-2.00,1503,-2.00,203,-3.00,204,-2.00,202,-3.00,205,-1.00,202,-2.00,203,0.00,1033,0.00,876,0.00,1683,0.00,1323,-2.00,247,2.00,1628,42.00,1409,0.08
12798,-3.00,204,0.00,200,-3.00,203,-3.00,205,0.00,202,-4.00,204,-4.00,204,-2.00,1403,-2.00,1503,-3.00,202,-3.00,204,-1.00,202,-3.00,205,-1.00,202,-3.00,203,0.00,1033,0.00,876,0.00,1683,0.00,1323,-5.00,247,3.00,1628,42.00,1409,0.08
12834,-3.00,204,0.00,200,-3.00,203,-3.00,205,0.00,202,-4.00,204,-4.00,204,-2.00,1403,-2.00,1503,-5.00,203,-3.00,204,-2.00,202,-5.00,205,-1.00,202,-3.00,203,0.00,1033,0.00,876,0.00,1683,0.00,1323,-3.00,247,2.00,1628,42.00,1409,0.08
12869,-4.00,204,0.00,200,-2.00,203,-2.00,205,-2.00,202,-4.00,204,-4.00,204,-3.00,1403,-3.00,1503,-4.00,203,-2.00,204,-2.00,202,-5.00,205,-1.00,202,-2.00,203,0.00,1033,0.00,876,0.00,1683,0.00,1323,-4.00,247,4.00,1628,42.00,1409,0.08
12905,-2.00,204,0.00,200,-1.00,203,-4.00,205,-1.00,202,-3.00,204,-4.00,204,-2.00,1403,-3.00,1503,-4.00,203,-3.00,204,-3.00,202,-5.00,205,-1.00,202,-4.00,203,0.00,1033,0.00,876,0.00,1683,0.00,1323,-4.00,247,4.00,1628,41.00,1409,0.08
12941,-4.00,204,0.00,200,-3.00,203,-3.00,205,-2.00,202,-3.00,204,-3.00,204,-3.00,1403,-1.00,1503,-2.00,203,-2.00,204,-1.00,202,-4.00,205,-1.00,202,-4.00,203,0.00,1033,0.00,876,0.00,1683,0.00,1323,-5.00,247,3.00,1628,42.00,1409,0.08
12976,-3.00,204,0.00,200,-2.00,203,-3.00,205,-1.00,202,-4.00,204,-4.00,204,-2.00,1403,-2.00,1503,-3.00,203,-4.00,204,-2.00,202,-4.00,205,-1.00,202,-2.00,203,0.00,1033,0.00,876,0.00,1683,0.00,1323,-2.00,247,3.00,1628,43.00,1409,0.00
13012,-3.00,204,0.00,200,-2.00,203,-5.00,205,-1.00,202,-5.00,204,-4.00,204,-3.00,1403,-1.00,1503,-3.00,203,-3.00,204,-1.00,202,-3.00,205,-1.00,202,-4.00,203,0.00,1033,0.00,876,0.00,1683,0.00,1323,-2.00,247,2.00,1628,42.00,1409,0.08
13048,-4.00,204,0.00,200,-3.00,203,-4.00,205,-1.00,202,-3.00,204,-4.00,204,-2.00,1403,-3.00,1503,-4.00,203,-4.00,204,-2.00,202,-4.00,205,-1.00,202,-3.00,203,0.00,1033,0.00,876,0.00,1683,0.00,1323,-5.00,247,2.00,1628,42.00,1409,0.08
13084,-2.00,204,-5.00,200,-2.00,203,-2.00,205,-1.00,202,-3.00,204,-4.00,204,-3.00,1403,-1.00,1503,-5.00,203,-2.00,204,-2.00,202,-4.00,205,-1.00,202,-2.00,203,0.00,1033,0.00,876,0.00,1683,0.00,1323,-3.00,247,4.00,1628,42.00,1409,0.40
13120,-3.00,204,0.00,200,-2.00,203,-3.00,205,-1.00,202,1.00,203,-4.00,204,-2.00,1403,-1.00,1503,-3.00,203,-3.00,204,-2.00,202,-5.00,205,-1.00,202,-3.00,203,0.00,1033,0.00,876,0.00,1683,0.00,1323,-3.00,247,4.00,1628,42.00,1409,0.16
13155,-3.00,204,0.00,200,-2.00,203,-4.00,205,-1.00,202,-4.00,204,-5.00,204,-4.00,1403,-1.00,1503,-4.00,203,-4.00,204,-3.00,202,-4.00,205,0.00,202,-3.00,203,0.00,1033,0.00,876,0.00,1683,0.00,1323,-1.00,247,2.00,1628,42.00,1409,0.00
13191,-3.00,204,0.00,200,-2.00,203,-4.00,205,0.00,202,-5.00,204,-4.00,204,-4.00,1403,-3.00,1503,-4.00,203,-2.00,204,-2.00,202,-3.00,205,0.00,202,-4.00,203,0.00,1033,0.00,876,0.00,1683,0.00,1323,-4.00,247,2.00,1628,42.00,1409,0.08
13227,-3.00,204,0.00,200,-2.00,203,-6.00,205,-1.00,202,-4.00,203,-3.00,204,-4.00,1403,-1.00,1503,-5.00,203,-4.00,204,-1.00,202,-5.00,205,0.00,202,-4.00,203,0.00,1033,0.00,876,0.00,1683,0.00,1323,-4.00,247,2.00,1628,42.00,1409,0.00
13263,-4.00,204,0.00,200,-1.00,203,-3.00,205,-1.00,202,-4.00,204,-4.00,204,-3.00,1403,-1.00,1503,-3.00,203,-4.00,204,-2.00,202,-5.00,205,0.00,202,-4.00,203,0.00,1033,0.00,876,0.00,1683,0.00,1323,-4.00,247,4.00,1628,42.00,1409,0.08
13298,-2.00,204,0.00,200,-5.00,203,-4.00,205,-1.00,202,-4.00,203,-4.00,204,-3.00,1403,-1.00,1503,-4.00,203,-3.00,204,-1.00,202,-4.00,205,-1.00,202,-2.00,203,0.00,1033,0.00,876,0.00,1683,0.00,1323,-5.00,247,2.00,1628,41.00,1409,0.16
13334,-2.00,204,0.00,200,-3.00,203,-5.00,205,-2.00,202,2.00,204,-4.00,204,-3.00,1403,-2.00,1503,-4.00,203,-2.00,204,-2.00,202,-4.00,205,0.00,202,-4.00,203,0.00,1033,0.00,876,0.00,1683,0.00,1323,-4.00,247,2.00,1628,42.00,1409,0.08
13370,-2.00,204,0.00,200,-2.00,203,-4.00,205,-1.00,202,-4.00,204,-4.00,204,-3.00,1403,-3.00,1504,-3.00,202,-4.00,204,-3.00,202,-3.00,205,-1.00,202,-4.00,203,0.00,1033,0.00,876,0.00,1683,0.00,1323,-2.00,247,3.00,1628,42.00,1409,0.08
13406,-4.00,204,0.00,200,-2.00,203,-6.00,205,-2.00,202,-4.00,204,-4.00,204,-4.00,1403,-1.00,1503,-4.00,203,-4.00,204,-2.00,202,-4.00,205,-1.00,202,-2.00,203,0.00,1033,0.00,876,0.00,1683,0.00,1323,-3.00,247,3.00,1628,42.00,1409,0.00
13441,-2.00,204,0.00,200,-1.00,203,-5.00,205,-1.00,202,3.00,204,-4.00,204,-3.00,1403,-2.00,1503,-4.00,203,-2.00,204,-1.00,202,-3.00,205,-1.00,202,-4.00,203,0.00,1033,0.00,876,0.00,1683,0.00,1323,-4.00,247,3.00,1628,43.00,1409,0.00
13477,-2.00,204,0.00,200,-3.00,203,-4.00,205,0.00,202,-5.00,204,-3.00,204,-3.00,1403,-2.00,1503,-5.00,203,-2.00,204,-1.00,202,-5.00,205,-1.00,202,-4.00,203,0.00,1033,0.00,876,0.00,1683,0.00,1323,-1.00,247,2.00,1628,42.00,1409,0.16
13513,-3.00,204,0.00,200,-2.00,203,-3.00,205,-2.00,202,2.00,204,-4.00,204,-4.00,1403,-1.00,1503,-2.00,203,-2.00,204,-1.00,202,-5.00,205,0.00,202,-3.00,203,0.00,1033,0.00,876,0.00,1683,0.00,1323,-3.00,247,2.00,1628,42.00,1409,0.00
13549,-4.00,204,0.00,200,-1.00,203,-2.00,205,-1.00,202,-3.00,204,-4.00,204,-3.00,1403,-3.00,1503,-5.00,203,-3.00,204,-2.00,202,-3.00,205,0.00,202,-4.00,203,0.00,1033,0.00,876,0.00,1683,0.00,1323,-3.00,247,3.00,1628,42.00,1409,0.16
13584,-3.00,204,0.00,200,-1.00,203,-4.00,205,-1.00,202,-4.00,204,-4.00,204,-3.00,1403,-2.00,1503,-4.00,203,-3.00,204,-1.00,202,-5.00,205,-2.00,202,-4.00,203,0.00,1033,0.00,876,0.00,1683,0.00,1323,-2.00,247,4.00,1628,43.00,1409,0.24
13620,-3.00,204,0.00,200,-2.00,203,-4.00,205,-1.00,202,-2.00,204,-4.00,204,-2.00,1403,-1.00,1503,-1.00,203,-3.00,204,-2.00,202,-5.00,205,-1.00,202,-2.00,203,0.00,1033,0.00,876,0.00,1683,0.00,1323,-5.00,247,3.00,1628,42.00,1409,0.00
13656,-2.00,204,0.00,200,-1.00,203,-3.00,205,-2.00,202,-5.00,204,-4.00,204,-3.00,1403,-3.00,1503,5.00,203,-2.00,204,-1.00,202,-4.00,205,-1.00,202,-3.00,203,0.00,1033,0.00,876,0.00,1683,0.00,1323,-4.00,247,2.00,1628,42.00,1409,0.08
13691,-2.00,204,0.00,200,-1.00,203,-2.00,205,-1.00,202,-3.00,204,-4.00,204,-2.00,1403,-1.00,1503,-3.00,203,-2.00,204,-3.00,202,-5.00,205,-1.00,202,-2.00,203,0.00,1033,0.00,876,0.00,1683,0.00,1323,-3.00,247,4.00,1628,42.00,1409,0.00
13727,-3.00,204,0.00,200,-2.00,203,-3.00,205,-1.00,202,-3.00,204,-4.00,204,-2.00,1403,-2.00,1503,-4.00,203,-4.00,204,-1.00,202,-5.00,205,0.00,202,-3.00,203,0.00,1033,0.00,876,0.00,1683,0.00,1323,-4.00,247,3.00,1628,42.00,1409,0.08
13763,-3.00,204,1.00,200,-3.00,203,-5.00,205,-1.00,202,-4.00,204,-4.00,204,-2.00,1403,-2.00,1503,-3.00,203,-3.00,204,-1.00,202,-4.00,205,-1.00,202,-4.00,203,0.00,1033,0.00,876,0.00,1683,0.00,1323,-3.00,247,4.00,1628,42.00,1409,0.08
13799,-2.00,204,-1.00,200,-2.00,203,-5.00,205,-1.00,202,-4.00,204,-4.00,204,-4.00,1403,-1.00,1503,-4.00,202,-4.00,204,-2.00,202,-3.00,205,-1.00,202,-4.00,203,0.00,1033,0.00,876,0.00,1683,0.00,1323,-4.00,247,3.00,1628,42.00,1409,0.32
13834,-2.00,204,0.00,200,-3.00,203,-4.00,205,-1.00,202,-2.00,203,-4.00,204,-2.00,1403,-1.00,1503,-4.00,203,-4.00,204,-2.00,202,-3.00,205,-1.00,202,-3.00,203,0.00,1033,0.00,876,0.00,1683,0.00,1323,-2.00,247,2.00,1628,42.00,1409,0.08
13870,-2.00,204,1.00,200,-1.00,203,-4.00,205,-2.00,202,1.00,204,-4.00,204,-3.00,1403,-1.00,1503,-3.00,203,-3.00,204,-2.00,202,-4.00,205,-1.00,202,-2.00,203,0.00,1033,0.00,876,0.00,1683,0.00,1323,-3.00,247,2.00,1628,42.00,1409,0.08
13906,-2.00,204,0.00,200,-2.00,203,-5.00,205,0.00,202,-4.00,204,-4.00,204,-2.00,1403,-3.00,1503,-4.00,203,-3.00,204,-2.00,202,-3.00,205,-1.00,202,-4.00,203,0.00,1033,0.00,876,0.00,1683,0.00,1323,-2.00,247,2.00,1628,42.00,1409,0.16
13941,-2.00,204,0.00,200,-1.00,203,-3.00,205,0.00,202,-3.00,204,-5.00,204,-3.00,1403,-3.00,1503,-4.00,203,-4.00,204,-3.00,202,-5.00,205,0.00,202,-4.00,203,0.00,1033,0.00,876,0.00,1683,0.00,1323,-4.00,247,3.00,1628,42.00,1409,0.16
13977,-2.00,204,-1.00,201,-3.00,203,-4.00,205,-1.00,202,3.00,204,-4.00,204,-4.00,1403,-2.00,1503,-4.00,202,-3.00,204,-3.00,202,-4.00,205,-1.00,202,-2.00,203,0.00,1033,0.00,876,0.00,1682,0.00,1323,-2.00,247,3.00,1628,42.00,1409,0.00
14013,-3.00,204,0.00,200,-2.00,203,-2.00,205,0.00,202,-3.00,204,-4.00,204,-4.00,1403,-3.00,1503,-5.00,203,-5.00,204,-2.00,202,-3.00,205,-1.00,202,-2.00,203,0.00,1033,0.00,876,0.00,1683,0.00,1323,-4.00,247,4.00,1628,42.00,1409,0.32
14049,-3.00,204,1.00,200,-3.00,203,-4.00,205,-1.00,202,-4.00,204,-3.00,204,-3.00,1403,-2.00,1503,-2.00,203,-1.00,204,-2.00,202,-4.00,205,-1.00,202,-3.00,203,0.00,1033,0.00,876,0.00,1683,0.00,1323,-4.00,247,2.00,1628,42.00,1409,0.00
14084,-4.00,204,0.00,200,-1.00,203,-5.00,205,-1.00,202,-3.00,204,-3.00,204,-3.00,1403,-2.00,1503,-3.00,203,-4.00,204,-1.00,202,-4.00,205,-2.00,202,-2.00,203,0.00,1033,0.00,876,0.00,1683,0.00,1323,-4.00,247,4.00,1628,42.00,1409,0.16
14120,-3.00,204,0.00,201,-3.00,203,-4.00,205,-1.00,202,-4.00,204,-5.00,204,-4.00,1403,-3.00,1503,2.00,203,-4.00,204,-2.00,202,-2.00,205,-1.00,202,-3.00,203,0.00,1033,0.00,876,0.00,1683,0.00,1323,-3.00,247,3.00,1628,42.00,1409,0.24
14156,-2.00,204,1.00,200,-1.00,203,-4.00,205,-1.00,202,-3.00,204,-4.00,204,-3.00,1403,-2.00,1503,-2.00,203,-4.00,204,-2.00,202,-5.00,205,0.00,202,-4.00,203,0.00,1033,0.00,876,0.00,1683,0.00,1323,-5.00,247,2.00,1628,42.00,1409,0.00
14192,-4.00,204,0.00,200,-3.00,203,-3.00,205,-2.00,202,-4.00,204,-3.00,204,-3.00,1403,-2.00,1503,3.00,203,-4.00,204,-1.00,202,-4.00,205,-2.00,202,-2.00,203,0.00,1033,0.00,876,0.00,1683,0.00,1323,-2.00,247,4.00,1628,41.00,1409,0.24
14227,-4.00,204,1.00,200,-3.00,203,-4.00,205,-1.00,202,-4.00,204,-5.00,204,-4.00,1403,-2.00,1503,-3.00,203,-3.00,204,-1.00,202,-5.00,205,-1.00,202,-2.00,203,0.00,1033,0.00,876,0.00,1683,0.00,1323,-3.00,247,3.00,1628,42.00,1409,0.08
14263,-2.00,204,0.00,200,-3.00,203,-6.00,205,-1.00,202,-3.00,204,-4.00,204,-2.00,1403,-1.00,1503,-2.00,203,-4.00,204,-2.00,202,-5.00,205,-1.00,202,-4.00,203,0.00,1033,0.00,876,0.00,1683,0.00,1323,-2.00,247,4.00,1628,42.00,1409,0.00
14299,-4.00,204,0.00,200,-3.00,203,-2.00,205,-1.00,202,-2.00,204,-5.00,204,-3.00,1403,-1.00,1503,-3.00,203,-4.00,204,-3.00,202,-4.00,205,0.00,202,-4.00,203,0.00,1033,0.00,876,0.00,1683,0.00,1323,-3.00,247,2.00,1628,42.00,1409,0.00
14334,-4.00,204,2.00,200,-1.00,203,-6.00,205,-1.00,202,-3.00,204,-4.00,204,-4.00,1403,-3.00,1503,-5.00,203,-3.00,204,-2.00,202,-4.00,205,-1.00,202,-2.00,203,0.00,1033,0.00,876,0.00,1683,0.00,1323,-2.00,247,3.00,1628,41.00,1409,0.08
14370,-3.00,204,0.00,200,-2.00,203,-5.00,205,-1.00,202,-4.00,204,-4.00,204,-3.00,1403,-1.00,1503,-4.00,203,-1.00,204,-3.00,202,-4.00,205,-1.00,202,-3.00,203,0.00,1033,0.00,876,0.00,1683,0.00,1323,-1.00,247,2.00,1628,41.00,1409,0.08
14406,-2.00,204,1.00,200,-1.00,203,-4.00,205,-1.00,202,-4.00,204,-4.00,204,-3.00,1403,-3.00,1503,-3.00,203,-3.00,204,-3.00,202,-5.00,205,-1.00,202,-2.00,203,0.00,1033,0.00,876,0.00,1683,0.00,1323,-4.00,247,3.00,1628,42.00,1409,0.00
14442,-4.00,204,0.00,200,-1.00,203,-3.00,205,-1.00,202,-2.00,204,-4.00,204,-3.00,1403,-2.00,1503,-4.00,203,-3.00,204,-3.00,202,-4.00,205,-1.00,202,-3.00,203,0.00,1033,0.00,876,0.00,1683,0.00,1323,-2.00,247,3.00,1628,42.00,1409,0.00
14478,-4.00,204,-1.00,200,-1.00,203,-4.00,205,-1.00,202,-4.00,204,-4.00,204,-4.00,1403,-3.00,1503,-2.00,203,-4.00,204,-2.00,202,-4.00,205,-1.00,202,-2.00,203,0.00,1033,0.00,876,0.00,1683,0.00,1323,-1.00,247,2.00,1628,41.00,1409,0.00
14513,-4.00,204,0.00,201,-1.00,203,-3.00,205,0.00,202,-4.00,203,-3.00,204,-4.00,1403,-3.00,1503,-3.00,203,-3.00,204,-2.00,202,-3.00,205,0.00,202,-2.00,203,0.00,1033,0.00,876,0.00,1683,0.00,1323,-3.00,247,2.00,1628,42.00,1409,0.16
14549,-4.00,204,0.00,200,-2.00,203,-2.00,205,0.00,202,-5.00,204,-4.00,204,-4.00,1403,-1.00,1503,-4.00,203,-1.00,204,-3.00,202,-4.00,205,-2.00,202,-2.00,203,0.00,1033,0.00,876,0.00,1683,0.00,1323,-2.00,247,2.00,1628,42.00,1409,0.00
14585,-3.00,204,-1.00,200,-2.00,203,-3.00,205,-2.00,202,-4.00,204,-4.00,204,-3.00,1403,-3.00,1503,-2.00,203,-2.00,204,-3.00,202,-5.00,205,-1.00,202,-2.00,203,0.00,1033,0.00,876,0.00,1683,0.00,1323,-5.00,247,2.00,1628,42.00,1409,0.00
14621,-4.00,204,0.00,200,-2.00,203,-3.00,205,0.00,202,2.00,204,-4.00,204,-4.00,1403,-1.00,1503,-2.00,203,-2.00,204,-1.00,202,-4.00,205,-1.00,202,-4.00,203,0.00,1033,0.00,876,0.00,1683,0.00,1323,-3.00,247,3.00,1628,42.00,1409,0.00
14656,-5.00,204,0.00,200,-2.00,203,-4.00,205,-1.00,202,-3.00,204,-4.00,204,-3.00,1403,-2.00,1503,-2.00,203,-2.00,204,-2.00,202,-4.00,205,-1.00,202,-1.00,203,0.00,1033,0.00,876,0.00,1683,0.00,1323,-4.00,247,3.00,1628,42.00,1409,0.00
14692,-2.00,204,0.00,200,-2.00,203,-5.00,205,-1.00,202,-4.00,204,-4.00,204,-2.00,1403,-2.00,1503,-3.00,203,-2.00,204,-1.00,202,-4.00,205,-1.00,202,-3.00,203,0.00,1033,0.00,876,0.00,1683,0.00,1323,-5.00,247,4.00,1628,42.00,1409,0.00
14728,-2.00,204,0.00,200,-2.00,203,-4.00,205,-1.00,202,-4.00,204,-4.00,204,-2.00,1403,-2.00,1503,-2.00,203,-4.00,204,-3.00,202,-4.00,205,-1.00,202,-4.00,203,0.00,1033,0.00,876,0.00,1683,0.00,1323,-2.00,247,4.00,1628,42.00,1409,0.08
14764,-4.00,204,0.00,200,-1.00,203,-4.00,205,-2.00,202,-3.00,204,-4.00,204,-4.00,1403,-2.00,1503,-5.00,203,-3.00,204,-3.00,202,-3.00,205,-2.00,202,-3.00,203,0.00,1033,0.00,876,0.00,1683,0.00,1323,-3.00,247,3.00,1628,42.00,1409,0.40
14799,-3.00,204,0.00,200,-1.00,203,-3.00,205,-1.00,202,-4.00,204,-4.00,204,-4.00,1403,-1.00,1503,-4.00,203,-3.00,204,-2.00,202,-3.00,205,-2.00,202,-4.00,203,0.00,1033,0.00,876,0.00,1683,0.00,1323,-1.00,247,4.00,1628,42.00,1409,0.00
14835,-4.00,204,0.00,200,-2.00,203,-2.00,205,-1.00,202,-4.00,204,-4.00,204,-4.00,1403,-1.00,1503,-3.00,203,-4.00,204,-3.00,202,-3.00,205,-1.00,202,-3.00,203,0.00,1033,0.00,876,0.00,1682,0.00,1323,-2.00,247,3.00,1628,42.00,1409,0.08
14871,-3.00,204,0.00,200,-1.00,203,-3.00,205,-2.00,202,0.00,204,-4.00,204,-4.00,1403,-3.00,1503,-4.00,203,-1.00,204,-3.00,202,-4.00,205,-1.00,202,-2.00,203,0.00,1033,0.00,876,0.00,1683,0.00,1323,-2.00,247,3.00,1628,42.00,1409,0.08
14907,-2.00,204,0.00,200,-1.00,203,-4.00,205,0.00,202,-4.00,204,-4.00,204,-2.00,1403,-3.00,1503,-5.00,203,-4.00,204,-2.00,202,-5.00,205,-1.00,202,-4.00,203,0.00,1033,0.00,876,0.00,1683,0.00,1323,-4.00,247,3.00,1628,42.00,1409,0.00
14942,-2.00,204,-1.00,200,-2.00,203,-5.00,205,-2.00,202,-6.00,204,-4.00,204,-3.00,1403,-3.00,1503,-2.00,203,-2.00,204,-1.00,202,-4.00,205,-1.00,202,-4.00,203,0.00,1033,0.00,876,0.00,1683,0.00,1323,-2.00,247,2.00,1628,42.00,1409,0.16
14978,-4.00,204,-1.00,200,-3.00,203,-4.00,205,-1.00,202,-3.00,204,-4.00,204,-3.00,1403,-1.00,1503,-3.00,203,-2.00,204,-1.00,202,-5.00,205,-1.00,202,-2.00,203,0.00,1033,0.00,876,0.00,1682,0.00,1323,-3.00,247,4.00,1628,42.00,1409,0.08
15014,-2.00,204,0.00,200,-3.00,203,-5.00,205,-2.00,202,-2.00,204,-5.00,204,-4.00,1403,-1.00,1503,-4.00,203,-2.00,204,-2.00,202,-3.00,205,0.00,202,-4.00,203,0.00,1033,0.00,876,0.00,1683,0.00,1323,-3.00,247,3.00,1628,42.00,1409,0.24
15050,-2.00,204,0.00,200,-2.00,203,-5.00,205,-1.00,202,-4.00,203,-4.00,204,-2.00,1403,-3.00,1503,-2.00,203,-2.00,204,-2.00,202,-3.00,205,0.00,202,-2.00,203,0.00,1033,0.00,876,0.00,1683,0.00,1323,-4.00,247,4.00,1628,42.00,1409,0.00
15085,-3.00,204,0.00,200,-2.00,203,-4.00,205,-1.00,202,-3.00,204,-4.00,204,-4.00,1403,-2.00,1503,-3.00,203,-3.00,204,-1.00,202,-5.00,205,-1.00,202,-2.00,203,0.00,1033,0.00,876,0.00,1683,0.00,1323,-2.00,247,2.00,1628,42.00,1409,0.08
15121,-2.00,204,1.00,200,-2.00,203,-4.00,205,-1.00,202,-6.00,204,-5.00,204,-3.00,1403,-3.00,1503,-4.00,203,-3.00,204,-2.00,202,-3.00,205,-1.00,202,-2.00,203,0.00,1033,0.00,876,0.00,1683,0.00,1323,-5.00,247,3.00,1628,42.00,1409,0.08
15157,-1.00,204,0.00,200,-2.00,203,-4.00,205,0.00,202,1.00,204,-4.00,204,-3.00,1403,-2.00,1503,-4.00,203,-3.00,204,-2.00,202,-5.00,205,-1.00,202,-3.00,203,0.00,1033,0.00,876,0.00,1683,0.00,1323,-2.00,247,3.00,1628,42.00,1409,0.00
15193,-5.00,204,0.00,200,-3.00,203,-5.00,205,-2.00,202,3.00,204,-5.00,204,-3.00,1403,-2.00,1503,-3.00,203,-4.00,204,-2.00,202,-3.00,205,-1.00,202,-4.00,203,0.00,1033,0.00,876,0.00,1683,0.00,1323,-4.00,247,2.00,1628,42.00,1409,0.16
15229,-3.00,204,0.00,201,-2.00,203,-5.00,205,-2.00,202,-3.00,204,-4.00,204,-3.00,1403,-3.00,1503,-4.00,203,-3.00,204,-1.00,202,-3.00,205,-1.00,202,-2.00,203,0.00,1033,0.00,876,0.00,1683,0.00,1323,-2.00,247,4.00,1628,42.00,1409,0.00
15265,-3.00,204,0.00,200,-2.00,203,-3.00,205,-1.00,202,2.00,204,-3.00,204,-3.00,1403,-2.00,1503,-2.00,203,-3.00,204,-1.00,202,-3.00,205,-1.00,202,-4.00,203,0.00,1033,0.00,876,0.00,1682,0.00,1323,-5.00,247,3.00,1628,42.00,1409,0.08
15301,-4.00,204,-3.00,200,-2.00,203,-3.00,205,-1.00,202,-5.00,203,-4.00,204,-4.00,1404,-2.00,1503,-4.00,203,-2.00,204,-3.00,202,-5.00,205,-1.00,202,-2.00,203,0.00,1033,0.00,876,0.00,1683,0.00,1323,-2.00,247,4.00,1628,42.00,1409,0.08
15336,-4.00,204,0.00,200,-3.00,203,-2.00,205,-1.00,202,-5.00,204,-4.00,204,-3.00,1403,-1.00,1503,-3.00,203,-4.00,204,-1.00,202,-3.00,205,-2.00,202,-3.00,203,0.00,1033,0.00,876,0.00,1683,0.00,1323,-3.00,247,2.00,1628,42.00,1409,0.08
15372,-2.00,204,0.00,200,-1.00,203,-3.00,205,-1.00,202,-5.00,203,-4.00,204,-3.00,1403,-2.00,1503,-2.00,203,-2.00,204,-2.00,202,-3.00,205,0.00,202,-2.00,203,0.00,1033,0.00,876,0.00,1683,0.00,1323,-5.00,247,3.00,1628,43.00,1409,0.16
15408,-3.00,204,1.00,200,-2.00,203,-6.00,205,0.00,202,1.00,204,-4.00,204,-2.00,1403,-2.00,1503,-4.00,203,-2.00,204,-3.00,202,-5.00,205,-2.00,202,-4.00,203,0.00,1033,0.00,876,0.00,1683,0.00,1323,-3.00,247,4.00,1628,42.00,1409,0.16
15444,-3.00,204,-4.00,200,-2.00,203,-2.00,205,-1.00,202,-5.00,204,-3.00,204,-4.00,1403,-2.00,1503,-4.00,203,-2.00,204,-2.00,202,-2.00,205,-1.00,202,-4.00,203,0.00,1033,0.00,876,0.00,1682,0.00,1323,-3.00,247,2.00,1628,42.00,1409,0.08
15479,-3.00,204,0.00,200,-2.00,203,-3.00,205,-2.00,202,-3.00,204,-3.00,204,-4.00,1403,-2.00,1503,-7.00,203,-5.00,204,-3.00,202,-4.00,205,-2.00,202,-3.00,203,0.00,1033,0.00,876,0.00,1683,0.00,1323,-4.00,247,4.00,1628,41.00,1409,0.00
15515,-2.00,204,0.00,200,-3.00,203,-3.00,205,-3.00,202,-4.00,204,-4.00,204,-3.00,1403,-1.00,1503,-4.00,203,-3.00,204,-1.00,202,-4.00,205,-2.00,202,-2.00,203,0.00,1033,0.00,876,0.00,1682,0.00,1323,-5.00,247,2.00,1628,42.00,1409,0.00