36,-4.00,204,0.00,200,-4.00,204,-4.00,205,-1.00,202,-5.00,203,-4.00,204,-2.00,1403,-3.00,1503,-4.00,203,-3.00,204,-3.00,203,-5.00,205,-1.00,202,-2.00,203,0.00,1235,0.00,1047,0.00,1684,0.00,1328,-3.00,247,3.00,1628,39.00,1413,0.16
72,-3.00,204,-4.00,200,-4.00,204,-5.00,205,0.00,202,-3.00,204,-4.00,204,-3.00,1403,-2.00,1503,-2.00,203,-2.00,204,-3.00,203,-5.00,205,-1.00,202,-4.00,203,0.00,1235,0.00,1047,0.00,1684,0.00,1328,-2.00,247,2.00,1628,39.00,1413,0.08
108,-4.00,204,0.00,200,-4.00,204,-4.00,205,-1.00,202,-4.00,204,-4.00,204,-3.00,1403,-2.00,1503,-5.00,203,-2.00,204,-5.00,203,-5.00,205,-2.00,202,-2.00,203,0.00,1235,0.00,1047,0.00,1683,0.00,1328,-4.00,247,3.00,1628,39.00,1413,0.00
143,-2.00,204,0.00,200,-3.00,204,-5.00,205,-1.00,202,-3.00,204,-5.00,204,-4.00,1403,-1.00,1503,-4.00,203,-3.00,204,-4.00,203,-4.00,205,-1.00,202,-3.00,203,0.00,1235,0.00,1047,0.00,1683,0.00,1328,-4.00,247,4.00,1628,39.00,1413,0.00
179,-3.00,204,0.00,200,-3.00,204,-4.00,205,-1.00,202,-4.00,204,-5.00,204,-4.00,1403,-1.00,1503,-4.00,203,-4.00,204,-2.00,203,-5.00,205,-1.00,202,-2.00,203,0.00,1235,0.00,1047,0.00,1684,0.00,1328,-3.00,247,4.00,1628,39.00,1413,0.08
215,-2.00,204,0.00,200,-3.00,204,-4.00,205,-1.00,202,-4.00,204,-4.00,204,-2.00,1403,-2.00,1503,-2.00,203,-3.00,204,-2.00,203,-5.00,205,-2.00,202,-2.00,203,0.00,1235,0.00,1047,0.00,1683,0.00,1328,-3.00,247,4.00,1628,39.00,1413,0.08
250,-3.00,204,0.00,200,-2.00,204,-3.00,205,-1.00,202,-4.00,204,-5.00,204,-4.00,1403,-2.00,1503,-3.00,203,-2.00,204,-2.00,203,-4.00,205,-1.00,202,-3.00,203,0.00,1235,0.00,1047,0.00,1684,0.00,1328,-3.00,247,3.00,1628,39.00,1413,0.00
286,-4.00,204,1.00,200,-4.00,204,-5.00,205,-2.00,202,-3.00,204,-5.00,204,-2.00,1403,-2.00,1503,-4.00,203,-3.00,204,-2.00,203,-3.00,205,-2.00,202,-2.00,203,0.00,1236,0.00,1047,0.00,1684,0.00,1328,-2.00,247,2.00,1628,39.00,1413,0.16
322,-3.00,204,0.00,200,-4.00,204,-5.00,205,-1.00,202,-3.00,204,-4.00,204,-2.00,1403,-2.00,1503,-2.00,203,-4.00,204,-2.00,203,-4.00,205,-1.00,202,-3.00,203,0.00,1236,0.00,1047,0.00,1683,0.00,1328,-2.00,247,3.00,1628,39.00,1413,0.08
357,-4.00,204,0.00,201,-2.00,204,-6.00,205,-1.00,202,-4.00,204,-5.00,204,-3.00,1403,-3.00,1503,-2.00,203,-3.00,204,-2.00,203,-5.00,205,0.00,202,-2.00,203,0.00,1235,0.00,1047,0.00,1684,0.00,1328,-3.00,247,3.00,1628,39.00,1413,0.00
393,-4.00,204,0.00,200,-2.00,204,-3.00,205,0.00,202,-4.00,204,-4.00,204,-4.00,1403,-2.00,1503,-2.00,203,-4.00,204,-3.00,203,-3.00,205,-1.00,202,-2.00,203,0.00,1235,0.00,1047,0.00,1684,0.00,1328,-4.00,247,2.00,1628,39.00,1413,0.08
429,-2.00,204,0.00,200,-3.00,204,-5.00,205,0.00,202,-5.00,204,-4.00,204,-4.00,1403,-2.00,1503,-3.00,203,-3.00,204,-3.00,203,-3.00,205,-2.00,202,-4.00,203,0.00,1235,0.00,1047,0.00,1684,0.00,1328,-4.00,247,3.00,1628,39.00,1413,0.08
465,-3.00,204,0.00,200,-3.00,204,-5.00,205,0.00,202,1.00,204,-4.00,204,-3.00,1403,-2.00,1503,-4.00,203,-3.00,204,-3.00,203,-5.00,205,-1.00,202,-3.00,203,0.00,1236,0.00,1047,0.00,1684,0.00,1328,-3.00,247,3.00,1628,39.00,1413,0.40
500,-4.00,204,0.00,200,-3.00,204,-5.00,205,-1.00,202,-5.00,204,-4.00,204,-2.00,1403,-2.00,1503,-2.00,203,-5.00,204,-5.00,203,-4.00,205,-1.00,202,-4.00,203,0.00,1235,0.00,1047,0.00,1684,0.00,1328,-2.00,247,4.00,1628,39.00,1413,0.00
536,-3.00,204,0.00,200,-2.00,204,-5.00,205,-1.00,202,-3.00,204,-4.00,204,-2.00,1403,-1.00,1503,-2.00,203,-3.00,204,-3.00,203,-3.00,205,-1.00,202,-4.00,203,0.00,1235,0.00,1047,0.00,1684,0.00,1328,-5.00,247,3.00,1628,39.00,1413,0.00
572,-2.00,204,0.00,200,-4.00,204,-4.00,205,-2.00,202,-4.00,204,-4.00,204,-2.00,1403,-2.00,1503,-4.00,203,-4.00,204,-4.00,203,-6.00,205,-1.00,202,-3.00,203,0.00,1235,0.00,1047,0.00,1684,0.00,1328,-2.00,247,4.00,1628,39.00,1413,0.00
608,-4.00,204,0.00,200,-3.00,204,-5.00,205,-1.00,202,-3.00,204,-3.00,204,-4.00,1403,-1.00,1503,-3.00,203,-3.00,204,-3.00,203,-4.00,205,-1.00,202,-2.00,203,0.00,1235,0.00,1047,0.00,1684,0.00,1328,-2.00,247,3.00,1628,39.00,1413,0.32
644,-2.00,204,0.00,200,-3.00,204,-4.00,205,-1.00,202,-2.00,204,-5.00,204,-3.00,1403,-1.00,1503,-2.00,203,-3.00,204,-2.00,203,-4.00,205,-1.00,202,-3.00,203,0.00,1235,0.00,1047,0.00,1684,0.00,1328,-2.00,247,3.00,1628,39.00,1413,0.24
679,-3.00,204,0.00,200,-3.00,204,-3.00,205,-1.00,202,1.00,204,-4.00,204,-3.00,1403,-1.00,1503,-2.00,203,-2.00,204,-3.00,203,-4.00,205,-1.00,202,-2.00,203,0.00,1235,0.00,1047,0.00,1684,0.00,1328,-4.00,247,2.00,1628,39.00,1413,0.00
715,-2.00,204,0.00,200,-2.00,204,-4.00,205,-1.00,202,-3.00,204,-4.00,204,-3.00,1403,-1.00,1503,-3.00,203,-3.00,204,-4.00,203,-4.00,205,-1.00,202,-4.00,203,0.00,1236,0.00,1047,0.00,1683,0.00,1328,-4.00,247,2.00,1628,39.00,1413,0.00
751,-4.00,204,0.00,200,-2.00,204,-5.00,205,-1.00,202,-4.00,204,-4.00,204,-3.00,1404,-2.00,1503,-3.00,203,-3.00,204,-5.00,203,-5.00,205,0.00,202,-2.00,203,0.00,1235,0.00,1047,0.00,1684,0.00,1328,-2.00,247,4.00,1628,38.00,1413,0.16
787,-4.00,204,0.00,200,-4.00,204,-6.00,205,-1.00,202,-2.00,204,-4.00,204,-4.00,1403,-2.00,1503,-2.00,203,-4.00,204,-4.00,203,-5.00,205,-2.00,202,-3.00,203,0.00,1235,0.00,1047,0.00,1684,0.00,1328,-5.00,247,2.00,1628,39.00,1413,0.08
822,-3.00,204,0.00,200,-4.00,204,-4.00,205,-1.00,202,-3.00,204,-5.00,204,-4.00,1403,-2.00,1503,-3.00,203,-4.00,204,-4.00,203,-3.00,205,-1.00,202,-4.00,203,0.00,1235,0.00,1047,0.00,1684,0.00,1328,-4.00,247,3.00,1628,39.00,1413,0.56
858,-4.00,204,1.00,200,-5.00,204,-5.00,205,-2.00,202,-2.00,204,-4.00,204,-3.00,1403,-1.00,1503,-2.00,203,-3.00,204,-5.00,203,-4.00,205,-1.00,202,-4.00,203,0.00,1235,0.00,1047,0.00,1683,0.00,1328,-4.00,247,2.00,1628,39.00,1413,0.08
894,-4.00,204,0.00,200,-4.00,204,-4.00,205,-1.00,202,-3.00,204,-3.00,204,-2.00,1403,-3.00,1503,-2.00,203,-4.00,204,-2.00,203,-3.00,205,-2.00,202,-4.00,203,0.00,1235,0.00,1047,0.00,1683,0.00,1328,-5.00,247,3.00,1628,39.00,1413,0.08
929,-4.00,204,0.00,200,-4.00,204,-4.00,205,0.00,202,-4.00,204,-4.00,204,-3.00,1403,-2.00,1503,-2.00,203,-4.00,204,-2.00,203,-4.00,205,-1.00,202,-2.00,203,0.00,1235,0.00,1047,0.00,1684,0.00,1328,-3.00,247,3.00,1628,39.00,1413,0.00
965,-2.00,204,0.00,200,-4.00,204,-4.00,205,-1.00,202,1.00,204,-4.00,204,-2.00,1403,-1.00,1503,-2.00,203,-4.00,204,-3.00,203,-4.00,205,0.00,202,-4.00,203,0.00,1235,0.00,1047,0.00,1684,0.00,1328,-3.00,247,3.00,1628,39.00,1413,0.16
1001,-1.00,204,0.00,200,-3.00,204,-5.00,205,-1.00,202,-4.00,204,-4.00,204,-2.00,1403,-3.00,1503,-3.00,203,-3.00,204,-3.00,203,-5.00,205,0.00,202,-4.00,203,0.00,1235,0.00,1047,0.00,1684,0.00,1328,-2.00,247,3.00,1628,39.00,1413,0.08
1037,-2.00,204,0.00,200,-4.00,204,-5.00,205,-1.00,202,-3.00,204,-4.00,204,-4.00,1403,-2.00,1503,-3.00,203,-3.00,204,-2.00,203,-5.00,205,-1.00,202,-4.00,203,0.00,1235,0.00,1047,0.00,1684,0.00,1328,-4.00,247,3.00,1628,40.00,1413,0.16
1072,-3.00,204,0.00,200,-4.00,204,-5.00,205,-1.00,202,-4.00,204,-3.00,204,-2.00,1403,-2.00,1503,-2.00,203,-4.00,204,-4.00,203,-3.00,205,-1.00,202,-2.00,203,0.00,1236,0.00,1047,0.00,1684,0.00,1328,-4.00,247,2.00,1628,39.00,1413,0.08
1108,-3.00,204,-4.00,200,-3.00,204,-5.00,205,-1.00,202,-3.00,204,-4.00,204,-3.00,1403,-1.00,1503,-4.00,203,-3.00,204,-4.00,203,-5.00,205,-2.00,202,-2.00,203,0.00,1235,0.00,1047,0.00,1684,0.00,1328,-3.00,247,3.00,1628,39.00,1413,0.08
1144,-4.00,204,0.00,200,-3.00,204,-3.00,205,-2.00,202,-3.00,204,-3.00,204,-3.00,1403,-3.00,1503,-2.00,203,-3.00,204,-3.00,203,-4.00,205,-1.00,202,-3.00,203,0.00,1235,0.00,1047,0.00,1683,0.00,1328,-4.00,247,3.00,1628,39.00,1413,0.08
1179,-4.00,204,0.00,200,-4.00,204,-4.00,205,-1.00,202,-2.00,204,-4.00,204,-2.00,1403,-1.00,1503,-2.00,203,-4.00,204,-2.00,203,-4.00,205,-1.00,202,-3.00,203,0.00,1235,0.00,1047,0.00,1684,0.00,1328,-5.00,247,4.00,1628,40.00,1413,0.24
1215,-2.00,204,1.00,200,-4.00,204,-4.00,205,-1.00,202,-4.00,204,-4.00,204,-3.00,1403,-1.00,1503,-4.00,203,-2.00,204,-2.00,203,-5.00,205,-1.00,202,-2.00,203,0.00,1235,0.00,1047,0.00,1684,0.00,1328,-2.00,247,3.00,1628,39.00,1413,0.00
1251,-3.00,204,0.00,200,-2.00,204,-4.00,205,0.00,202,-2.00,204,-4.00,204,-3.00,1403,-3.00,1503,-3.00,203,-1.00,204,-3.00,203,-4.00,205,-1.00,202,-2.00,203,0.00,1235,0.00,1047,0.00,1684,0.00,1328,-2.00,247,2.00,1628,39.00,1413,0.00
1287,-2.00,204,0.00,200,-3.00,204,-4.00,205,-2.00,202,-2.00,204,-4.00,204,-4.00,1403,-2.00,1503,-3.00,203,-4.00,204,-3.00,203,-5.00,205,-1.00,202,-4.00,203,0.00,1235,0.00,1047,0.00,1684,0.00,1328,-5.00,247,3.00,1628,39.00,1413,0.00
1322,-4.00,204,1.00,200,-2.00,204,-5.00,205,-1.00,202,-3.00,204,-5.00,204,-2.00,1403,-2.00,1503,-3.00,203,-4.00,204,-5.00,203,-4.00,205,-2.00,202,-4.00,203,0.00,1235,0.00,1047,0.00,1684,0.00,1328,-2.00,247,2.00,1628,39.00,1413,0.48
1358,-3.00,204,0.00,200,-2.00,204,-5.00,205,-1.00,202,-3.00,204,-4.00,204,-3.00,1403,-2.00,1503,-4.00,203,-4.00,204,-4.00,203,-2.00,205,-2.00,202,-2.00,203,0.00,1235,0.00,1047,0.00,1684,0.00,1328,-3.00,247,2.00,1628,39.00,1413,0.00
1394,-2.00,204,1.00,200,-4.00,204,-4.00,205,-2.00,202,2.00,204,-4.00,204,-4.00,1404,-2.00,1503,-4.00,203,-3.00,204,-2.00,203,-5.00,205,-1.00,202,-3.00,203,0.00,1235,0.00,1047,0.00,1684,0.00,1328,-4.00,247,4.00,1628,39.00,1413,0.08
1430,-2.00,204,-2.00,200,-3.00,204,-4.00,205,0.00,202,-5.00,203,-4.00,204,-3.00,1403,-3.00,1503,-4.00,203,-2.00,204,-4.00,203,-5.00,205,-2.00,202,-2.00,203,0.00,1235,0.00,1047,0.00,1684,0.00,1328,-5.00,247,2.00,1628,39.00,1413,0.08
1466,-2.00,204,-1.00,200,-3.00,204,-5.00,205,0.00,202,-3.00,204,-4.00,204,-3.00,1403,-1.00,1503,-2.00,203,-2.00,204,-2.00,203,-4.00,205,-2.00,202,-4.00,203,0.00,1235,0.00,1047,0.00,1684,0.00,1328,-3.00,247,3.00,1628,38.00,1413,0.08
1501,-4.00,204,0.00,200,-4.00,204,-4.00,205,-1.00,202,-3.00,203,-4.00,204,-2.00,1403,-2.00,1503,-2.00,203,-3.00,204,-2.00,203,-4.00,205,-2.00,202,-2.00,203,0.00,1235,0.00,1047,0.00,1684,0.00,1328,-4.00,247,4.00,1628,39.00,1413,0.08
1537,-2.00,204,0.00,200,-4.00,204,-5.00,205,-1.00,202,-3.00,204,-4.00,204,-3.00,1403,-2.00,1503,-4.00,203,-4.00,204,-3.00,203,7.00,205,-1.00,202,-2.00,203,0.00,1235,0.00,1047,0.00,1684,0.00,1328,-4.00,247,4.00,1628,40.00,1413,0.24
1573,-4.00,204,0.00,201,-2.00,204,-3.00,205,0.00,202,-3.00,204,-4.00,204,-3.00,1403,-3.00,1503,-3.00,203,-2.00,204,-3.00,203,-4.00,205,-2.00,202,-3.00,203,0.00,1235,0.00,1047,0.00,1684,0.00,1328,-2.00,247,3.00,1628,39.00,1413,0.16
1609,-4.00,204,1.00,200,-4.00,204,-4.00,205,-1.00,202,0.00,204,-4.00,204,-3.00,1403,-3.00,1503,-2.00,203,-2.00,204,-3.00,203,-3.00,205,-1.00,202,-2.00,203,0.00,1235,0.00,1047,0.00,1684,0.00,1328,-2.00,247,3.00,1628,39.00,1413,0.08
1644,-3.00,204,0.00,200,-2.00,204,-5.00,205,-2.00,202,-4.00,203,-4.00,204,-4.00,1403,-2.00,1503,-3.00,203,-2.00,204,-4.00,203,-4.00,205,-1.00,202,-4.00,203,0.00,1235,0.00,1047,0.00,1684,0.00,1328,-4.00,247,2.00,1628,39.00,1413,0.32
1680,-4.00,204,1.00,200,-2.00,204,-3.00,205,0.00,202,-5.00,204,-4.00,204,-2.00,1403,-2.00,1503,-2.00,203,-4.00,204,-4.00,203,-5.00,205,-1.00,202,-3.00,203,0.00,1235,0.00,1047,0.00,1684,0.00,1328,-5.00,247,3.00,1628,38.00,1413,0.08
1716,-3.00,204,0.00,200,-2.00,204,-5.00,205,-1.00,202,-2.00,204,-5.00,204,-3.00,1403,-3.00,1503,-4.00,203,-3.00,204,-4.00,203,-3.00,205,-1.00,202,-2.00,203,0.00,1235,0.00,1047,0.00,1684,0.00,1328,-4.00,247,3.00,1628,39.00,1413,0.00
1752,-2.00,204,1.00,200,-2.00,204,-5.00,205,-1.00,202,-3.00,204,-4.00,204,-4.00,1403,-3.00,1503,-3.00,203,-4.00,204,-4.00,203,-4.00,205,0.00,202,-4.00,203,0.00,1235,0.00,1047,0.00,1684,0.00,1328,-4.00,247,4.00,1628,39.00,1413,0.16
1787,-2.00,204,0.00,200,-4.00,204,-4.00,205,-1.00,202,5.00,204,-4.00,204,-3.00,1403,-2.00,1503,-3.00,203,-4.00,204,-3.00,203,-4.00,205,-2.00,202,-3.00,203,0.00,1235,0.00,1047,0.00,1684,0.00,1328,-1.00,247,3.00,1628,39.00,1413,0.00
1823,-5.00,204,0.00,200,-3.00,204,-4.00,205,-1.00,202,-4.00,204,-5.00,204,-3.00,1403,-1.00,1503,-2.00,203,-3.00,204,-3.00,203,-5.00,205,-1.00,202,-4.00,203,0.00,1235,0.00,1047,0.00,1683,0.00,1328,-4.00,247,2.00,1628,39.00,1413,0.08
1859,-4.00,204,0.00,200,-3.00,204,-3.00,205,-1.00,202,3.00,204,-4.00,204,-2.00,1403,-2.00,1503,-4.00,203,-5.00,204,-2.00,203,-3.00,205,-1.00,202,-4.00,203,0.00,1235,0.00,1047,0.00,1684,0.00,1328,-5.00,247,2.00,1628,39.00,1413,0.00
1895,-3.00,204,0.00,200,-3.00,204,-6.00,205,-1.00,202,-4.00,204,-4.00,204,-3.00,1403,-2.00,1503,-3.00,203,-4.00,204,-2.00,203,-4.00,205,-1.00,202,-2.00,203,0.00,1235,0.00,1047,0.00,1684,0.00,1328,-2.00,247,3.00,1628,38.00,1413,0.08
1930,-4.00,204,-5.00,200,-4.00,204,-5.00,205,-1.00,202,-2.00,204,-4.00,204,-3.00,1403,-3.00,1503,-4.00,203,-4.00,204,-4.00,203,-4.00,205,0.00,202,-3.00,203,0.00,1235,0.00,1047,0.00,1684,0.00,1328,-3.00,247,4.00,1628,39.00,1413,0.08
1966,-4.00,204,0.00,200,-2.00,204,-5.00,205,-1.00,202,-1.00,204,-4.00,204,-4.00,1403,-1.00,1503,-5.00,203,-4.00,204,-3.00,203,-4.00,205,-1.00,202,-3.00,203,0.00,1235,0.00,1047,0.00,1684,0.00,1328,-4.00,247,3.00,1628,39.00,1413,0.00
2002,-2.00,204,0.00,200,-4.00,204,-6.00,205,-1.00,202,-4.00,203,-4.00,204,-2.00,1403,-2.00,1503,-3.00,203,-4.00,204,-2.00,203,-2.00,205,-1.00,202,-3.00,203,0.00,1236,0.00,1047,0.00,1684,0.00,1328,-2.00,247,3.00,1628,39.00,1413,0.24
2038,-4.00,204,0.00,200,-1.00,204,-4.00,205,0.00,202,-3.00,204,-4.00,204,-2.00,1403,-3.00,1503,-4.00,203,-3.00,204,-3.00,203,-4.00,205,0.00,202,-2.00,203,0.00,1235,0.00,1047,0.00,1684,0.00,1328,-2.00,247,3.00,1628,39.00,1413,0.24
2074,-4.00,204,0.00,200,-2.00,204,-4.00,205,-1.00,202,-3.00,204,-4.00,204,-3.00,1403,-1.00,1503,-4.00,203,-3.00,204,-3.00,203,-4.00,205,-1.00,202,-4.00,203,0.00,1235,0.00,1047,0.00,1684,0.00,1328,-2.00,247,3.00,1628,40.00,1413,0.08
2109,-4.00,204,0.00,200,-2.00,204,-4.00,205,-2.00,202,3.00,204,-4.00,204,-2.00,1403,-3.00,1503,-3.00,203,-5.00,204,-2.00,203,-5.00,205,0.00,202,-4.00,203,0.00,1235,0.00,1047,0.00,1683,0.00,1328,-2.00,247,3.00,1628,39.00,1413,0.00
2145,-3.00,204,0.00,200,-4.00,204,-4.00,205,-1.00,202,-2.00,204,-3.00,204,2.00,1403,-2.00,1503,-2.00,203,-5.00,204,-3.00,203,-5.00,205,-1.00,202,-4.00,203,0.00,1235,0.00,1047,0.00,1684,0.00,1328,-3.00,247,3.00,1628,39.00,1413,0.00
2181,-4.00,204,-4.00,200,-2.00,204,-3.00,205,-1.00,202,-3.00,204,-5.00,204,-3.00,1403,-3.00,1503,-3.00,203,-1.00,204,-3.00,203,-4.00,205,-2.00,202,-3.00,203,0.00,1235,0.00,1047,0.00,1684,0.00,1328,-3.00,247,4.00,1628,39.00,1413,0.24
2217,-4.00,204,0.00,200,-2.00,204,-2.00,205,-1.00,202,-3.00,204,-4.00,204,-2.00,1403,-3.00,1503,-2.00,203,-3.00,204,-4.00,203,-4.00,205,-1.00,202,-4.00,203,0.00,1235,0.00,1047,0.00,1684,0.00,1328,-3.00,247,2.00,1628,39.00,1413,0.00
2252,-2.00,204,0.00,201,-2.00,204,-4.00,205,-1.00,202,-4.00,204,-4.00,204,-4.00,1403,-2.00,1503,-4.00,203,-4.00,204,-2.00,203,-5.00,205,-1.00,202,-3.00,203,0.00,1235,0.00,1047,0.00,1684,0.00,1328,-4.00,247,2.00,1628,39.00,1413,0.08
2288,-4.00,204,0.00,200,-4.00,204,-4.00,205,-1.00,202,-3.00,204,-3.00,204,-3.00,1403,-1.00,1503,-3.00,203,-2.00,204,-3.00,203,-4.00,205,-1.00,202,-4.00,203,0.00,1235,0.00,1047,0.00,1684,0.00,1328,-4.00,247,2.00,1628,39.00,1413,0.08
2324,-4.00,204,0.00,200,-3.00,204,-3.00,205,0.00,202,-4.00,204,-5.00,204,-3.00,1403,-2.00,1503,-2.00,203,-3.00,204,-3.00,203,-4.00,205,-1.00,202,-2.00,203,0.00,1235,0.00,1047,0.00,1684,0.00,1328,-3.00,247,3.00,1628,39.00,1413,0.08
2360,-3.00,204,0.00,200,-4.00,204,-3.00,205,0.00,202,-3.00,204,-4.00,204,-3.00,1403,-1.00,1503,-3.00,203,-3.00,204,-3.00,203,-4.00,205,-1.00,202,-2.00,203,0.00,1235,0.00,1047,0.00,1684,0.00,1328,-4.00,247,3.00,1628,38.00,1413,0.40
2395,-4.00,204,0.00,200,-4.00,204,-4.00,205,-2.00,202,-2.00,204,-4.00,204,-4.00,1403,-3.00,1503,-3.00,203,-5.00,204,-4.00,203,-2.00,205,-1.00,202,-4.00,203,0.00,1235,0.00,1047,0.00,1684,0.00,1328,-3.00,247,4.00,1628,39.00,1413,0.24
2431,-2.00,204,0.00,200,-2.00,204,-2.00,205,-1.00,202,3.00,204,-4.00,204,-9.00,1403,-2.00,1503,-3.00,203,-3.00,204,-4.00,203,-4.00,205,-1.00,202,-2.00,203,0.00,1235,0.00,1047,0.00,1684,0.00,1328,-3.00,247,4.00,1628,40.00,1413,0.16
2467,-4.00,204,0.00,200,-4.00,204,-5.00,205,-1.00,202,-3.00,204,-4.00,204,-4.00,1403,-3.00,1503,-3.00,203,-4.00,204,-4.00,203,-4.00,205,-2.00,202,-3.00,203,0.00,1235,0.00,1047,0.00,1684,0.00,1328,-3.00,247,2.00,1628,39.00,1413,0.16
2503,-2.00,204,0.00,200,-4.00,204,-5.00,205,-2.00,202,-3.00,204,-4.00,204,-3.00,1403,-2.00,1503,-2.00,203,-2.00,204,-2.00,203,-3.00,205,-2.00,202,-3.00,203,0.00,1235,0.00,1047,0.00,1684,0.00,1328,-4.00,247,2.00,1628,40.00,1413,0.16
2538,-1.00,204,0.00,200,-3.00,204,-4.00,205,0.00,202,-3.00,204,-4.00,204,-2.00,1403,-3.00,1503,-2.00,203,-4.00,204,-4.00,203,-2.00,205,-1.00,202,-2.00,203,0.00,1235,0.00,1047,0.00,1684,0.00,1328,-3.00,247,4.00,1628,39.00,1413,0.16
2574,-4.00,204,0.00,200,-4.00,204,-5.00,205,-1.00,202,-3.00,204,-4.00,204,-4.00,1403,-2.00,1503,-3.00,203,-2.00,204,-4.00,203,-4.00,205,-1.00,202,-4.00,203,0.00,1235,0.00,1047,0.00,1684,0.00,1328,-2.00,247,3.00,1628,39.00,1413,0.24
2610,-3.00,204,0.00,200,-4.00,204,-4.00,205,0.00,202,-4.00,204,-4.00,204,-3.00,1403,-2.00,1503,-2.00,203,-4.00,204,-3.00,203,-3.00,205,-1.00,202,-2.00,203,0.00,1235,0.00,1047,0.00,1684,0.00,1328,-5.00,247,2.00,1628,39.00,1413,0.32
2646,-2.00,204,0.00,200,-4.00,204,-5.00,205,-1.00,202,-2.00,204,-4.00,204,-4.00,1403,-2.00,1503,-4.00,203,-4.00,204,-4.00,203,-3.00,205,0.00,202,-4.00,203,0.00,1235,0.00,1047,0.00,1684,0.00,1328,-2.00,247,4.00,1628,39.00,1413,0.08
2682,-2.00,204,0.00,200,-3.00,204,-3.00,205,-1.00,202,-3.00,204,-4.00,204,-3.00,1403,-2.00,1503,-4.00,203,-2.00,204,-2.00,203,-5.00,205,-2.00,202,-2.00,203,0.00,1236,0.00,1047,0.00,1684,0.00,1328,-4.00,247,2.00,1628,39.00,1413,0.32
2717,-3.00,204,0.00,200,-4.00,204,-2.00,205,-1.00,202,-4.00,204,-4.00,204,-3.00,1403,-1.00,1503,-2.00,203,-3.00,204,-3.00,203,-2.00,205,-1.00,202,-4.00,203,0.00,1236,0.00,1047,0.00,1684,0.00,1328,-4.00,247,3.00,1628,39.00,1413,0.16
2753,-3.00,204,0.00,200,-4.00,204,-3.00,205,-1.00,202,-3.00,204,-4.00,204,-3.00,1403,-2.00,1503,-2.00,203,-3.00,204,-3.00,203,-4.00,205,-1.00,202,-3.00,203,0.00,1235,0.00,1047,0.00,1684,0.00,1328,-4.00,247,2.00,1628,39.00,1413,0.32
2789,-2.00,204,0.00,200,-2.00,204,-5.00,205,-2.00,202,-4.00,204,-4.00,204,-3.00,1403,-2.00,1503,-4.00,203,-3.00,204,-4.00,203,-4.00,205,-1.00,202,-4.00,203,0.00,1235,0.00,1047,0.00,1684,0.00,1328,-3.00,247,2.00,1628,38.00,1413,0.48
2824,-3.00,204,0.00,200,-2.00,204,-5.00,205,-1.00,202,-3.00,204,-5.00,204,-3.00,1403,-3.00,1503,-2.00,203,-4.00,204,-3.00,203,-4.00,205,-1.00,202,-3.00,203,0.00,1235,0.00,1047,0.00,1684,0.00,1328,-3.00,247,4.00,1628,39.00,1413,0.40
2860,-3.00,204,0.00,200,-2.00,204,-3.00,205,-1.00,202,-3.00,204,-4.00,204,-4.00,1403,-3.00,1503,-2.00,203,-2.00,204,-4.00,203,-5.00,205,-1.00,202,-4.00,203,0.00,1235,0.00,1047,0.00,1684,0.00,1328,-3.00,247,2.00,1628,39.00,1413,0.16
2896,-2.00,204,0.00,200,-2.00,204,-4.00,205,-1.00,202,-3.00,204,-3.00,204,-3.00,1403,-2.00,1503,-4.00,203,-4.00,204,-3.00,203,-3.00,205,-1.00,202,-4.00,203,0.00,1235,0.00,1047,0.00,1684,0.00,1328,-3.00,247,4.00,1628,39.00,1413,0.24
2932,-2.00,204,0.00,200,-4.00,204,-3.00,205,-1.00,202,-4.00,204,-4.00,204,-2.00,1403,-3.00,1503,-4.00,203,-3.00,204,-3.00,203,-5.00,205,-1.00,202,-3.00,203,0.00,1235,0.00,1047,0.00,1684,0.00,1328,-4.00,247,2.00,1628,39.00,1413,0.56
2967,-2.00,204,0.00,200,-4.00,204,-6.00,205,-1.00,202,-3.00,204,-3.00,204,-4.00,1403,-3.00,1503,-2.00,203,-2.00,204,-3.00,203,-4.00,205,-1.00,202,-4.00,203,0.00,1235,0.00,1047,0.00,1684,0.00,1328,-2.00,247,2.00,1628,39.00,1413,0.24
3003,-3.00,204,0.00,200,-4.00,204,-6.00,205,-1.00,202,-5.00,204,-4.00,204,-4.00,1403,-2.00,1503,-3.00,203,-3.00,204,-2.00,203,-3.00,205,-1.00,202,-4.00,203,0.00,1235,0.00,1047,0.00,1684,0.00,1328,-4.00,247,3.00,1628,40.00,1413,0.24
3039,-4.00,204,0.00,200,-2.00,204,-5.00,205,-1.00,202,-4.00,204,-4.00,204,-4.00,1403,-2.00,1503,-2.00,203,-2.00,204,-3.00,203,-3.00,205,-1.00,202,-3.00,203,0.00,1235,0.00,1047,0.00,1684,0.00,1328,-2.00,247,2.00,1628,39.00,1413,0.40
3075,-4.00,204,0.00,200,-4.00,204,-6.00,205,-2.00,202,-3.00,204,-4.00,204,-2.00,1403,-3.00,1503,-2.00,203,-4.00,204,-2.00,203,-5.00,205,-1.00,202,-3.00,203,0.00,1235,0.00,1047,0.00,1684,0.00,1328,-4.00,247,3.00,1628,38.00,1413,0.32
3110,-4.00,204,0.00,200,-2.00,204,-5.00,205,-2.00,202,-3.00,204,-4.00,204,-4.00,1403,-2.00,1503,-2.00,203,-3.00,204,-3.00,203,-5.00,205,0.00,202,-3.00,203,0.00,1236,0.00,1047,0.00,1684,0.00,1328,-4.00,247,4.00,1628,40.00,1413,0.48
3146,-2.00,204,0.00,200,-4.00,204,-4.00,205,0.00,202,-5.00,204,-4.00,204,-4.00,1403,-1.00,1503,-3.00,203,-3.00,204,-2.00,203,-3.00,205,-1.00,202,-3.00,203,0.00,1236,0.00,1047,0.00,1684,0.00,1328,-4.00,247,2.00,1628,39.00,1413,0.40
3182,-4.00,204,0.00,200,-4.00,204,-5.00,205,-1.00,202,-3.00,204,-4.00,204,-2.00,1403,-3.00,1503,-3.00,203,-4.00,204,-4.00,203,-5.00,205,-1.00,202,-4.00,203,0.00,1235,0.00,1047,0.00,1684,0.00,1328,-2.00,247,3.00,1628,40.00,1413,0.32
3217,-4.00,204,0.00,200,-4.00,204,-5.00,205,-1.00,202,3.00,204,-5.00,204,-3.00,1403,-3.00,1503,-3.00,203,-2.00,204,-2.00,203,-5.00,205,0.00,202,-4.00,203,0.00,1235,0.00,1047,0.00,1684,0.00,1328,-4.00,247,2.00,1628,39.00,1413,0.32
3253,-4.00,204,0.00,200,-4.00,204,-4.00,205,-1.00,202,-4.00,204,-5.00,204,-4.00,1403,-3.00,1503,-3.00,203,-2.00,204,-4.00,203,-3.00,205,0.00,202,-3.00,203,0.00,1235,0.00,1047,0.00,1684,0.00,1328,-2.00,247,3.00,1628,38.00,1413,0.32
3289,-4.00,204,0.00,200,-4.00,204,-4.00,205,-1.00,202,-4.00,204,-4.00,204,-4.00,1403,-1.00,1503,-3.00,203,-2.00,204,-2.00,203,-2.00,205,-1.00,202,-2.00,203,0.00,1235,0.00,1046,0.00,1684,0.00,1328,-4.00,247,3.00,1628,39.00,1413,0.24
3325,-3.00,204,0.00,200,-3.00,204,-3.00,205,-2.00,202,-4.00,204,-4.00,204,-4.00,1403,-1.00,1503,-2.00,203,-2.00,204,-2.00,203,-4.00,205,-1.00,202,-3.00,203,0.00,1235,0.00,1047,0.00,1684,0.00,1328,-2.00,247,2.00,1628,39.00,1413,0.40
3360,-3.00,204,0.00,200,-3.00,204,-3.00,205,-1.00,202,-3.00,204,-4.00,204,-2.00,1403,-2.00,1503,-2.00,203,-2.00,204,-4.00,203,-5.00,205,-2.00,202,-2.00,203,0.00,1235,0.00,1046,0.00,1684,0.00,1328,-4.00,247,2.00,1628,39.00,1413,0.40
3396,-4.00,204,0.00,200,-4.00,204,-4.00,205,-1.00,202,-2.00,203,-4.00,204,-2.00,1403,-1.00,1503,-4.00,203,-3.00,204,-4.00,203,-3.00,205,-1.00,202,-4.00,203,0.00,1235,0.00,1046,0.00,1684,0.00,1328,-1.00,247,3.00,1628,39.00,1413,0.32
3432,-2.00,204,0.00,200,-2.00,204,-4.00,205,0.00,202,-3.00,204,-4.00,204,-3.00,1403,-2.00,1503,-4.00,203,-2.00,204,-2.00,203,-4.00,205,0.00,202,-2.00,203,0.00,1235,0.00,1047,0.00,1684,0.00,1328,-3.00,247,2.00,1628,39.00,1413,0.32
3468,-4.00,204,0.00,200,-2.00,204,-4.00,205,0.00,202,-3.00,204,-4.00,204,-4.00,1403,-2.00,1503,-2.00,203,-3.00,204,-3.00,203,-3.00,205,-1.00,202,-4.00,203,0.00,1235,0.00,1046,0.00,1684,0.00,1328,-5.00,247,4.00,1628,39.00,1413,0.40
3503,-4.00,204,0.00,200,-4.00,204,-3.00,205,-1.00,202,-5.00,204,-4.00,204,-3.00,1403,-2.00,1503,-3.00,203,-4.00,204,-4.00,203,-4.00,205,-1.00,202,-4.00,203,0.00,1235,0.00,1047,0.00,1684,0.00,1328,-3.00,247,3.00,1628,39.00,1413,0.48
3539,-3.00,204,0.00,200,-3.00,204,-4.00,205,-2.00,202,-4.00,204,-4.00,204,-2.00,1403,-2.00,1503,-4.00,203,-4.00,204,-4.00,203,-3.00,205,-1.00,202,-4.00,203,0.00,1235,0.00,1046,0.00,1684,0.00,1328,-2.00,247,3.00,1628,39.00,1413,0.32
3575,-4.00,204,0.00,200,-3.00,204,-3.00,205,-1.00,202,-3.00,204,-4.00,204,-3.00,1403,-3.00,1503,-3.00,203,-3.00,204,-2.00,203,-4.00,205,0.00,202,-4.00,203,0.00,1235,0.00,1046,0.00,1684,0.00,1328,-2.00,247,4.00,1628,39.00,1413,0.32
3610,-3.00,204,0.00,200,-3.00,204,-3.00,205,-1.00,202,-4.00,203,-3.00,204,-3.00,1403,-2.00,1503,-3.00,203,-3.00,204,-3.00,203,-4.00,205,-2.00,202,-2.00,203,0.00,1235,0.00,1046,0.00,1684,0.00,1328,-3.00,247,3.00,1628,39.00,1413,0.56
3646,-3.00,204,0.00,200,-3.00,204,-5.00,205,-1.00,202,-5.00,204,-5.00,204,-3.00,1403,-2.00,1503,-3.00,203,-2.00,204,-3.00,203,-3.00,205,-2.00,202,-3.00,203,0.00,1235,0.00,1046,0.00,1684,0.00,1328,-4.00,247,4.00,1628,39.00,1413,0.24
3682,-3.00,204,0.00,200,-3.00,204,-5.00,205,-1.00,202,-4.00,203,-4.00,204,-3.00,1403,-2.00,1503,-3.00,203,-4.00,204,-1.00,203,-4.00,205,-1.00,202,-3.00,203,0.00,1235,0.00,1047,0.00,1684,0.00,1328,-1.00,247,3.00,1628,39.00,1413,0.65
3718,-3.00,204,0.00,200,-2.00,204,-5.00,205,-2.00,202,-3.00,204,-4.00,204,-4.00,1403,-2.00,1503,-2.00,203,-4.00,204,-4.00,203,-5.00,205,-1.00,202,-2.00,203,0.00,1235,0.00,1047,0.00,1684,0.00,1328,-4.00,247,3.00,1628,39.00,1413,0.40
3753,-4.00,204,0.00,200,-3.00,204,-3.00,205,-1.00,202,-5.00,204,-4.00,204,-4.00,1403,-1.00,1503,-2.00,203,-4.00,204,-2.00,203,-4.00,205,-1.00,202,-2.00,203,0.00,1235,0.00,1046,0.00,1683,0.00,1328,-4.00,247,3.00,1628,39.00,1413,0.32
3789,-2.00,204,0.00,200,-3.00,204,-3.00,205,-1.00,202,-4.00,204,-3.00,204,-4.00,1403,-2.00,1503,-3.00,203,-4.00,204,-2.00,203,-4.00,205,0.00,202,-4.00,203,0.00,1236,0.00,1046,0.00,1684,0.00,1328,-2.00,247,3.00,1628,39.00,1413,0.56
3825,-3.00,204,0.00,200,-4.00,204,-5.00,205,-1.00,202,-3.00,204,-4.00,204,-4.00,1403,-1.00,1503,-3.00,203,-2.00,204,-4.00,203,-5.00,205,0.00,202,-3.00,203,0.00,1235,0.00,1046,0.00,1684,0.00,1328,-4.00,247,3.00,1628,39.00,1413,0.48
3861,-3.00,204,0.00,200,-3.00,204,-3.00,205,-2.00,202,-4.00,204,-4.00,204,-6.00,1403,-2.00,1503,-3.00,203,-4.00,204,-4.00,203,-4.00,205,-1.00,202,-4.00,203,0.00,1235,0.00,1046,0.00,1684,0.00,1328,-1.00,247,3.00,1628,39.00,1413,0.56
3896,-2.00,204,0.00,200,-2.00,204,-4.00,205,-1.00,202,-3.00,204,-4.00,204,-2.00,1403,-2.00,1503,-3.00,203,-3.00,204,-3.00,203,-5.00,205,-1.00,202,-4.00,203,0.00,1235,0.00,1046,0.00,1684,0.00,1328,-4.00,247,2.00,1628,39.00,1413,0.40
3932,-4.00,204,0.00,200,-2.00,204,-4.00,205,-1.00,202,4.00,204,-3.00,204,-2.00,1403,-2.00,1503,-4.00,203,-4.00,204,-4.00,203,-3.00,205,-1.00,202,-3.00,203,0.00,1235,0.00,1046,0.00,1684,0.00,1328,-3.00,247,4.00,1628,39.00,1413,0.48
3968,-4.00,204,0.00,200,-3.00,204,-5.00,205,-1.00,202,-4.00,204,-4.00,204,-3.00,1403,-2.00,1503,-2.00,203,-3.00,204,-3.00,203,-4.00,205,-1.00,202,-2.00,203,0.00,1235,0.00,1046,0.00,1684,0.00,1328,-3.00,247,3.00,1628,39.00,1413,0.56
4004,-2.00,204,0.00,200,-2.00,204,-5.00,205,-1.00,202,-2.00,204,-4.00,204,-2.00,1403,-2.00,1503,-2.00,203,-4.00,204,-2.00,203,-2.00,205,-1.00,202,-3.00,203,0.00,1235,0.00,1046,0.00,1684,0.00,1328,-1.00,247,2.00,1628,39.00,1413,0.24
4039,-3.00,204,0.00,200,-4.00,204,-4.00,205,-1.00,202,-4.00,204,-3.00,204,-8.00,1403,-1.00,1503,-2.00,203,-3.00,204,-3.00,203,-2.00,205,-1.00,202,-4.00,203,0.00,1235,0.00,1046,0.00,1684,0.00,1328,-2.00,247,3.00,1628,39.00,1413,0.56
4075,-2.00,204,0.00,200,-4.00,204,-2.00,205,-1.00,202,-4.00,204,-5.00,204,-2.00,1403,-1.00,1503,-4.00,203,-2.00,204,-3.00,203,-3.00,205,0.00,202,-2.00,203,0.00,1235,0.00,1046,0.00,1684,0.00,1328,-2.00,247,2.00,1628,39.00,1413,0.40
4111,-2.00,204,0.00,200,-3.00,204,-3.00,205,-1.00,202,-4.00,204,-4.00,204,-2.00,1403,-3.00,1503,-3.00,203,-4.00,204,-4.00,203,-5.00,205,-1.00,202,-3.00,203,0.00,1235,0.00,1046,0.00,1684,0.00,1328,-4.00,247,3.00,1628,39.00,1413,0.73
4147,-4.00,204,0.00,200,-4.00,204,-5.00,205,-1.00,202,-4.00,204,-4.00,204,-2.00,1403,-2.00,1503,-3.00,203,-2.00,204,-2.00,203,-3.00,205,-2.00,202,-4.00,203,0.00,1235,0.00,1046,0.00,1684,0.00,1328,-1.00,247,3.00,1628,39.00,1413,0.24
4182,-4.00,204,0.00,200,-2.00,204,-2.00,205,-1.00,202,-3.00,204,-4.00,204,-2.00,1403,-3.00,1503,-2.00,203,-3.00,204,-1.00,203,-5.00,205,0.00,202,-3.00,203,0.00,1235,0.00,1046,0.00,1684,0.00,1328,-3.00,247,2.00,1628,39.00,1413,0.40
4218,-3.00,204,0.00,200,-2.00,204,-5.00,205,-1.00,202,-4.00,204,-4.00,204,-3.00,1403,-2.00,1503,-4.00,203,-4.00,204,-3.00,203,-3.00,205,-1.00,202,-4.00,203,0.00,1235,0.00,1046,0.00,1684,0.00,1328,-2.00,247,2.00,1628,39.00,1413,0.32
4254,-3.00,204,0.00,200,-2.00,204,-3.00,205,-2.00,202,-3.00,204,-4.00,204,-3.00,1403,-2.00,1503,-2.00,203,-4.00,204,-2.00,203,-4.00,205,-1.00,202,-3.00,203,0.00,1235,0.00,1046,0.00,1684,0.00,1328,-3.00,247,3.00,1628,39.00,1413,0.48
4290,-3.00,204,0.00,200,-3.00,204,-4.00,205,-1.00,202,-3.00,204,-5.00,204,-3.00,1403,-1.00,1503,-3.00,203,-4.00,204,-3.00,203,-4.00,205,-1.00,202,-3.00,203,0.00,1235,0.00,1046,0.00,1684,0.00,1328,-4.00,247,2.00,1628,39.00,1413,0.48
4325,-3.00,204,0.00,200,-3.00,204,-4.00,205,-2.00,202,-1.00,204,-4.00,204,-2.00,1403,-1.00,1503,-4.00,203,-4.00,204,-5.00,203,-4.00,205,-1.00,202,-4.00,203,0.00,1235,0.00,1046,0.00,1684,0.00,1328,-2.00,247,3.00,1628,39.00,1413,0.32
4361,-4.00,204,0.00,200,-4.00,204,-4.00,205,-1.00,202,-3.00,204,-4.00,204,-3.00,1403,-2.00,1503,-2.00,203,-4.00,204,-2.00,203,-2.00,205,-1.00,202,-2.00,203,0.00,1235,0.00,1046,0.00,1684,0.00,1328,-3.00,247,3.00,1628,39.00,1413,0.32
4397,-3.00,204,0.00,200,-4.00,204,-2.00,205,-1.00,202,-3.00,204,-4.00,204,-3.00,1403,-2.00,1503,-4.00,203,-4.00,204,-3.00,203,-3.00,205,-1.00,202,-3.00,203,0.00,1235,0.00,1046,0.00,1684,0.00,1328,-3.00,247,4.00,1628,39.00,1413,0.56
4433,-3.00,204,0.00,200,-2.00,204,-4.00,205,-2.00,202,-2.00,204,-4.00,204,-3.00,1403,-2.00,1503,-2.00,203,-1.00,204,-3.00,203,-4.00,205,0.00,202,-4.00,203,0.00,1235,0.00,1046,0.00,1684,0.00,1328,-2.00,247,3.00,1628,39.00,1413,0.40
4468,-3.00,204,0.00,200,-3.00,204,-4.00,205,-2.00,202,-4.00,204,-4.00,204,-4.00,1403,-2.00,1503,-2.00,203,-4.00,204,-4.00,203,-3.00,205,-1.00,202,-3.00,203,0.00,1235,0.00,1046,0.00,1684,0.00,1329,-5.00,247,4.00,1628,40.00,1413,0.56
4504,-2.00,204,0.00,200,-3.00,204,-3.00,205,-2.00,202,-3.00,204,-4.00,204,-4.00,1403,-2.00,1503,-3.00,203,-4.00,204,-2.00,203,-4.00,205,-1.00,202,-2.00,203,0.00,1235,0.00,1046,0.00,1684,0.00,1329,-4.00,247,3.00,1628,39.00,1413,0.48
4540,-2.00,204,0.00,200,-2.00,204,-4.00,205,-2.00,202,-4.00,204,-4.00,204,-3.00,1403,-3.00,1503,-2.00,203,-4.00,204,-2.00,203,-3.00,205,-2.00,202,-4.00,203,0.00,1235,0.00,1046,0.00,1684,0.00,1329,-2.00,247,3.00,1628,39.00,1413,0.48
4576,-3.00,204,0.00,200,-4.00,204,-5.00,205,-1.00,202,-2.00,204,-3.00,204,-3.00,1403,-2.00,1503,-4.00,203,-3.00,204,-3.00,203,-5.00,205,-2.00,202,-3.00,203,0.00,1235,0.00,1046,0.00,1684,0.00,1329,-3.00,247,2.00,1628,39.00,1413,0.48
4612,-3.00,204,0.00,200,-2.00,204,-5.00,205,-1.00,202,-3.00,204,-4.00,204,-2.00,1403,-2.00,1503,-2.00,203,-2.00,204,-4.00,203,-3.00,205,0.00,202,-4.00,203,0.00,1235,0.00,1046,0.00,1684,0.00,1329,-2.00,247,2.00,1628,39.00,1413,0.73
4647,-2.00,204,0.00,200,-3.00,204,-5.00,205,-1.00,202,-2.00,204,-4.00,204,-3.00,1403,-2.00,1503,-2.00,203,-3.00,204,-3.00,203,-4.00,205,-1.00,202,-3.00,203,0.00,1235,0.00,1046,0.00,1684,0.00,1329,-4.00,247,2.00,1628,39.00,1413,0.48
4683,-4.00,204,0.00,200,-3.00,204,-5.00,205,-1.00,202,-4.00,204,-4.00,204,-2.00,1403,-1.00,1503,-4.00,203,-2.00,204,-2.00,203,-5.00,205,-1.00,202,-2.00,203,0.00,1235,0.00,1046,0.00,1684,0.00,1329,-5.00,247,2.00,1628,39.00,1413,0.56
4719,-2.00,204,0.00,200,-3.00,204,-6.00,205,-1.00,202,-3.00,204,-4.00,204,-4.00,1403,-2.00,1503,-4.00,203,-2.00,204,-2.00,203,-4.00,205,-1.00,202,-2.00,203,0.00,1235,0.00,1046,0.00,1684,0.00,1329,-4.00,247,3.00,1628,39.00,1413,0.48
4755,-4.00,204,0.00,200,-3.00,204,-2.00,205,-2.00,202,-2.00,204,-4.00,204,-3.00,1403,-1.00,1503,-4.00,203,-2.00,204,-2.00,203,-2.00,205,0.00,202,-3.00,203,0.00,1235,0.00,1046,0.00,1684,0.00,1329,-3.00,247,3.00,1628,40.00,1413,0.65
4790,-2.00,204,0.00,200,-4.00,204,-5.00,205,-1.00,202,-4.00,204,-4.00,204,-3.00,1403,-2.00,1503,-4.00,203,-3.00,204,-2.00,203,-3.00,205,-1.00,202,-2.00,203,0.00,1235,0.00,1046,0.00,1684,0.00,1329,-3.00,247,3.00,1628,40.00,1413,0.40
4826,-2.00,204,0.00,200,-4.00,204,-5.00,205,-1.00,202,-3.00,204,-4.00,204,-3.00,1403,-1.00,1503,-2.00,203,-4.00,204,-4.00,203,-5.00,205,-1.00,202,-3.00,203,0.00,1235,0.00,1046,0.00,1684,0.00,1329,-5.00,247,4.00,1628,39.00,1413,0.48
4861,-4.00,204,0.00,200,-3.00,204,-4.00,205,-1.00,202,3.00,204,-4.00,204,-2.00,1404,-3.00,1503,-4.00,203,-4.00,204,-4.00,203,-5.00,205,-1.00,202,-4.00,203,0.00,1235,0.00,1046,0.00,1684,0.00,1329,-4.00,247,3.00,1628,39.00,1413,0.65
4897,-2.00,204,0.00,200,-4.00,204,-4.00,205,-1.00,202,-3.00,204,-5.00,204,-4.00,1403,-3.00,1503,-3.00,203,-3.00,204,-4.00,203,-5.00,205,-1.00,202,-4.00,203,0.00,1235,0.00,1046,0.00,1684,0.00,1329,-2.00,247,3.00,1628,39.00,1413,0.81
4933,-3.00,204,0.00,200,-4.00,204,-2.00,205,-3.00,202,-3.00,204,-3.00,204,-3.00,1403,-1.00,1503,-2.00,203,-4.00,204,-3.00,203,-3.00,205,-1.00,202,-2.00,203,0.00,1235,0.00,1046,0.00,1684,0.00,1329,-2.00,247,2.00,1628,39.00,1413,0.56
4969,-3.00,204,0.00,200,-3.00,204,-4.00,205,-1.00,202,-3.00,204,-4.00,204,-4.00,1403,-2.00,1503,-3.00,203,-4.00,204,-2.00,203,-2.00,205,0.00,202,-4.00,203,0.00,1235,0.00,1046,0.00,1684,0.00,1329,-3.00,247,4.00,1628,40.00,1413,0.56
5005,-2.00,204,0.00,200,-3.00,204,-3.00,205,-1.00,202,-4.00,204,-4.00,204,-2.00,1403,-3.00,1503,-4.00,203,-3.00,204,-2.00,203,-3.00,205,-1.00,202,-4.00,203,0.00,1234,0.00,1046,0.00,1684,0.00,1329,-4.00,247,3.00,1628,39.00,1413,0.56
5040,-3.00,204,0.00,200,-3.00,204,-4.00,205,-2.00,202,-2.00,204,-4.00,204,-4.00,1403,-2.00,1503,-3.00,203,-2.00,204,-2.00,203,-3.00,205,-1.00,202,-4.00,203,0.00,1230,0.00,1046,0.00,1684,0.00,1329,-4.00,247,3.00,1628,39.00,1413,0.40
5076,-3.00,204,0.00,200,-3.00,204,-5.00,205,-1.00,202,-3.00,204,-4.00,204,-3.00,1403,-2.00,1503,-2.00,203,-2.00,204,-3.00,203,-5.00,205,-2.00,202,-4.00,203,0.00,1224,0.00,1046,0.00,1684,0.00,1329,-4.00,247,3.00,1628,40.00,1413,0.56
5112,-4.00,204,0.00,200,-2.00,204,-5.00,205,-2.00,202,-3.00,204,-4.00,204,-2.00,1403,-2.00,1503,-2.00,203,-4.00,204,-2.00,203,-4.00,205,-1.00,202,-3.00,203,0.00,1216,0.00,1046,0.00,1684,0.00,1329,-3.00,247,4.00,1628,39.00,1413,0.65
5148,-2.00,204,0.00,200,-2.00,204,-5.00,205,-1.00,202,-4.00,204,-4.00,204,-4.00,1403,-2.00,1503,-3.00,203,-3.00,204,-4.00,203,-4.00,205,-1.00,202,-2.00,203,0.00,1209,0.00,1046,0.00,1684,0.00,1329,-2.00,247,4.00,1628,39.00,1413,0.65
5183,-3.00,204,0.00,200,-3.00,204,-3.00,205,-1.00,202,-4.00,204,-4.00,204,-2.00,1403,-2.00,1503,-3.00,203,-2.00,204,-3.00,203,-5.00,205,-1.00,202,-3.00,203,0.00,1201,0.00,1046,0.00,1684,0.00,1329,-3.00,247,4.00,1628,39.00,1413,0.65
5219,-4.00,204,0.00,200,-4.00,204,-5.00,205,-1.00,202,-5.00,204,-4.00,204,-2.00,1403,-3.00,1503,-4.00,203,-3.00,204,-3.00,203,-3.00,205,-1.00,202,-3.00,203,0.00,1192,0.00,1046,0.00,1684,0.00,1329,-3.00,247,2.00,1628,39.00,1413,0.97
5255,-2.00,204,0.00,200,-3.00,204,-5.00,205,-1.00,202,2.00,203,-4.00,204,-4.00,1403,-2.00,1503,-5.00,203,-4.00,204,-1.00,203,-5.00,205,0.00,202,-2.00,203,0.00,1184,0.00,1046,0.00,1684,0.00,1329,-4.00,247,4.00,1628,39.00,1413,0.40
5291,-3.00,204,0.00,200,-3.00,204,-4.00,205,-2.00,202,-4.00,204,-4.00,204,-3.00,1403,-1.00,1503,-3.00,203,-3.00,204,-1.00,203,-5.00,205,-1.00,202,-3.00,203,0.00,1176,0.00,1045,0.00,1684,0.00,1329,-2.00,247,3.00,1628,39.00,1413,0.56
5327,-3.00,204,0.00,200,-3.00,204,-4.00,205,-1.00,202,-4.00,203,-4.00,204,-4.00,1403,-2.00,1503,-2.00,203,-2.00,204,-4.00,203,-5.00,205,-1.00,202,-2.00,203,0.00,1170,0.00,1045,0.00,1684,0.00,1329,-5.00,247,3.00,1628,39.00,1413,0.48
5363,-4.00,204,0.00,200,-3.00,204,-3.00,205,-1.00,202,-5.00,204,-4.00,204,-3.00,1403,-1.00,1503,-4.00,203,-3.00,204,-3.00,203,-5.00,205,-1.00,202,-4.00,203,0.00,1165,0.00,1045,0.00,1684,0.00,1329,-3.00,247,2.00,1628,40.00,1413,0.48
5398,-3.00,204,0.00,200,-4.00,204,-3.00,205,0.00,202,-3.00,204,-4.00,204,-2.00,1403,-3.00,1503,-4.00,203,-3.00,204,-4.00,203,-5.00,205,-1.00,202,-3.00,203,0.00,1161,0.00,1045,0.00,1684,0.00,1329,-2.00,247,3.00,1628,39.00,1413,0.40
5434,-3.00,204,0.00,200,-3.00,204,-4.00,205,-1.00,202,-3.00,204,-3.00,204,-3.00,1403,-1.00,1503,-3.00,203,-4.00,204,-3.00,203,-5.00,205,0.00,202,-3.00,203,0.00,1161,0.00,1045,0.00,1684,0.00,1329,-2.00,247,3.00,1628,39.00,1413,0.65
5470,-4.00,204,0.00,200,-2.00,204,-5.00,205,0.00,202,-2.00,204,-4.00,204,-4.00,1403,-2.00,1503,-2.00,203,-2.00,204,-2.00,203,-4.00,205,-1.00,202,-3.00,203,0.00,1159,0.00,1045,0.00,1684,0.00,1329,-2.00,247,4.00,1628,39.00,1413,0.40
5506,-2.00,204,0.00,200,-3.00,204,-4.00,205,-1.00,202,-3.00,204,-4.00,204,-2.00,1403,-1.00,1503,-2.00,203,-2.00,204,-5.00,203,-5.00,205,-1.00,202,-2.00,203,0.00,1158,0.00,1045,0.00,1684,0.00,1329,-2.00,247,4.00,1628,39.00,1413,0.65
5541,-2.00,204,0.00,200,-2.00,204,-4.00,205,-1.00,202,-4.00,204,-5.00,204,-4.00,1403,-1.00,1503,-4.00,203,-3.00,204,-3.00,203,-4.00,205,-1.00,202,-3.00,203,0.00,1158,0.00,1045,0.00,1684,0.00,1329,-3.00,247,3.00,1628,39.00,1413,0.56
5577,-3.00,204,0.00,200,-2.00,204,-5.00,205,0.00,202,-3.00,204,-4.00,204,-5.00,1403,-1.00,1503,-3.00,203,-3.00,204,-3.00,203,-4.00,205,-1.00,202,-3.00,203,0.00,1158,0.00,1045,0.00,1684,0.00,1329,-4.00,247,2.00,1628,39.00,1413,0.56
5613,-2.00,204,0.00,200,-2.00,204,-4.00,205,-1.00,202,-3.00,204,-4.00,204,-4.00,1403,-3.00,1503,-2.00,203,-4.00,204,-2.00,203,-4.00,205,-2.00,202,-3.00,203,0.00,1158,0.00,1045,0.00,1684,0.00,1329,-3.00,247,4.00,1628,39.00,1413,0.56
5648,-4.00,204,0.00,200,-3.00,204,-3.00,205,-1.00,202,-4.00,204,-4.00,204,-3.00,1403,-2.00,1503,-3.00,203,-4.00,204,-1.00,203,-5.00,205,-1.00,202,-3.00,203,0.00,1158,0.00,1045,0.00,1684,0.00,1329,-5.00,247,3.00,1628,39.00,1413,0.56
5684,-4.00,204,0.00,200,-4.00,204,-2.00,205,-1.00,202,-3.00,204,-4.00,204,-3.00,1403,-3.00,1503,-2.00,203,-4.00,204,-3.00,203,-5.00,205,0.00,202,-3.00,203,0.00,1158,0.00,1045,0.00,1684,0.00,1329,-3.00,247,4.00,1628,39.00,1413,0.73
5720,-4.00,204,0.00,200,-4.00,204,-3.00,205,-1.00,202,-3.00,204,-4.00,204,-3.00,1403,-1.00,1503,-2.00,203,-2.00,204,-3.00,203,-3.00,205,-1.00,202,-2.00,203,0.00,1158,0.00,1045,0.00,1684,0.00,1329,-2.00,247,2.00,1628,39.00,1413,0.56
5756,-3.00,204,0.00,200,-3.00,204,-3.00,205,-1.00,202,-3.00,204,-5.00,204,-3.00,1403,-3.00,1503,-2.00,203,-3.00,204,-3.00,203,-5.00,205,-1.00,202,-4.00,203,0.00,1158,0.00,1045,0.00,1684,0.00,1329,-3.00,247,3.00,1628,39.00,1413,0.48
5791,-3.00,204,0.00,200,-4.00,204,-2.00,205,-1.00,202,-3.00,204,-4.00,204,-4.00,1403,-3.00,1503,-2.00,203,-1.00,204,-2.00,203,-5.00,205,-1.00,202,-4.00,203,0.00,1158,0.00,1045,0.00,1684,0.00,1329,-2.00,247,3.00,1628,39.00,1413,0.48
5827,-4.00,204,0.00,200,-4.00,204,-4.00,205,-1.00,202,-4.00,204,-5.00,204,-3.00,1403,-1.00,1503,-4.00,203,-4.00,204,-2.00,203,-3.00,205,0.00,202,-3.00,203,0.00,1158,0.00,1045,0.00,1684,0.00,1329,-3.00,247,4.00,1628,40.00,1413,0.89
5863,-3.00,204,0.00,200,-3.00,204,-4.00,205,-1.00,202,-4.00,204,-4.00,204,-2.00,1403,-2.00,1503,-2.00,203,-4.00,204,-4.00,203,-5.00,205,-1.00,202,-2.00,203,0.00,1158,0.00,1045,0.00,1684,0.00,1329,-2.00,247,2.00,1628,39.00,1413,0.56
5899,-4.00,204,0.00,200,-3.00,204,-5.00,205,0.00,202,-4.00,204,-4.00,204,-2.00,1403,-2.00,1503,-4.00,203,-4.00,204,-3.00,203,-5.00,205,-1.00,202,-3.00,203,0.00,1158,0.00,1044,0.00,1684,0.00,1329,-2.00,247,4.00,1628,40.00,1413,0.56
5934,-4.00,204,0.00,200,-3.00,204,-4.00,205,-1.00,202,-5.00,204,-4.00,204,-2.00,1403,-3.00,1503,-3.00,203,-5.00,204,-4.00,203,-4.00,205,-1.00,202,-4.00,203,0.00,1158,0.00,1044,0.00,1684,0.00,1329,-4.00,247,2.00,1628,39.00,1413,0.65
5970,-2.00,204,0.00,200,-4.00,204,-3.00,205,-1.00,202,-4.00,204,-4.00,204,-2.00,1403,-3.00,1503,-2.00,203,-3.00,204,-4.00,203,-4.00,205,-1.00,202,-2.00,203,0.00,1158,0.00,1045,0.00,1684,0.00,1329,-4.00,247,2.00,1628,39.00,1413,0.65
6006,-4.00,204,0.00,200,-3.00,204,-6.00,205,-1.00,202,-3.00,204,-4.00,204,-4.00,1403,-3.00,1503,-2.00,203,-4.00,204,-2.00,203,-3.00,205,-1.00,202,-3.00,203,0.00,1157,0.00,1045,0.00,1684,0.00,1329,-2.00,247,3.00,1628,38.00,1413,0.73
6042,-4.00,204,0.00,200,-4.00,204,-2.00,205,-1.00,202,-4.00,204,-4.00,204,-3.00,1403,-2.00,1503,-4.00,203,-4.00,204,-4.00,203,-3.00,205,-1.00,202,-3.00,203,0.00,1157,0.00,1045,0.00,1684,0.00,1329,-1.00,247,4.00,1628,39.00,1413,0.56
6077,-4.00,204,0.00,200,-2.00,204,-5.00,205,-1.00,202,-4.00,204,-4.00,204,-3.00,1403,-1.00,1503,-2.00,203,-2.00,204,-3.00,203,-4.00,205,-1.00,202,-4.00,203,0.00,1157,0.00,1045,0.00,1684,0.00,1329,-3.00,247,3.00,1628,39.00,1413,0.65
6113,-2.00,204,0.00,200,-2.00,204,-5.00,205,-1.00,202,-4.00,204,-4.00,204,-2.00,1403,-2.00,1503,-2.00,203,-3.00,204,-4.00,203,-2.00,205,-1.00,202,-4.00,203,0.00,1157,0.00,1044,0.00,1684,0.00,1329,-3.00,247,4.00,1628,39.00,1413,0.73
6149,-2.00,204,0.00,200,-3.00,204,-2.00,205,-2.00,202,-4.00,204,-4.00,204,-4.00,1403,-2.00,1503,-2.00,203,-4.00,204,-2.00,203,-6.00,205,-1.00,202,-2.00,203,0.00,1157,0.00,1044,0.00,1684,0.00,1329,-3.00,247,3.00,1628,40.00,1413,0.65
6185,-3.00,204,0.00,200,-2.00,204,-5.00,205,0.00,202,-4.00,204,-4.00,204,-3.00,1403,-1.00,1503,-2.00,203,-4.00,204,-2.00,203,-3.00,205,-2.00,202,-3.00,203,0.00,1157,0.00,1044,0.00,1684,0.00,1329,-4.00,247,2.00,1628,39.00,1413,0.65
6220,-4.00,204,0.00,200,-3.00,204,-3.00,205,-1.00,202,-4.00,204,-3.00,204,-4.00,1403,-1.00,1503,-3.00,203,-2.00,204,-3.00,203,-3.00,205,-1.00,202,-4.00,203,0.00,1157,0.00,1045,0.00,1684,0.00,1329,-4.00,247,3.00,1628,39.00,1413,0.81
6256,-4.00,204,0.00,200,-3.00,204,-4.00,205,-1.00,202,-3.00,204,-4.00,204,-3.00,1403,-2.00,1503,-4.00,203,-4.00,204,-2.00,203,-5.00,205,-1.00,202,-2.00,203,0.00,1157,0.00,1044,0.00,1684,0.00,1329,-1.00,247,4.00,1628,38.00,1413,0.56
6292,-4.00,204,0.00,200,-4.00,204,-3.00,205,0.00,202,-2.00,204,-4.00,204,-3.00,1403,-1.00,1503,-3.00,203,-4.00,204,-4.00,203,-3.00,205,0.00,202,-4.00,203,0.00,1157,0.00,1044,0.00,1684,0.00,1329,-4.00,247,3.00,1628,39.00,1413,0.81
6328,-4.00,204,0.00,200,-4.00,204,-3.00,205,-1.00,202,-4.00,204,-4.00,204,-4.00,1403,-3.00,1503,-2.00,203,-3.00,204,-2.00,203,-5.00,205,-2.00,202,-4.00,203,0.00,1157,0.00,1045,0.00,1684,0.00,1329,-2.00,247,3.00,1628,39.00,1413,0.65
6363,-4.00,204,0.00,200,-2.00,204,-3.00,205,0.00,202,-4.00,204,-4.00,204,-2.00,1403,-1.00,1503,-2.00,203,-4.00,204,-4.00,203,-4.00,205,-2.00,202,-2.00,203,0.00,1157,0.00,1044,0.00,1684,0.00,1329,-4.00,247,2.00,1628,39.00,1413,0.73
6399,-4.00,204,0.00,200,-4.00,204,-5.00,205,-1.00,202,-3.00,204,-4.00,204,-3.00,1403,-1.00,1503,-4.00,203,-5.00,204,-3.00,203,-4.00,205,-1.00,202,-3.00,203,0.00,1155,0.00,1044,0.00,1684,0.00,1329,-4.00,247,4.00,1628,39.00,1413,0.81
6435,-3.00,204,0.00,200,-4.00,204,-2.00,205,-1.00,202,-4.00,203,-4.00,204,-3.00,1404,-1.00,1503,-4.00,203,-2.00,204,-3.00,203,-3.00,205,-1.00,202,-2.00,203,0.00,1150,0.00,1044,0.00,1684,0.00,1329,-2.00,247,3.00,1628,39.00,1413,0.73
6471,-3.00,204,0.00,200,-2.00,204,-5.00,205,-1.00,202,-3.00,204,-4.00,204,-4.00,1403,-2.00,1503,-2.00,203,-3.00,204,-2.00,203,-4.00,205,0.00,202,-2.00,203,0.00,1143,0.00,1044,0.00,1684,0.00,1329,-4.00,247,2.00,1628,39.00,1413,0.81
6506,-2.00,204,0.00,200,-3.00,204,-2.00,205,-1.00,202,4.00,204,-5.00,204,-3.00,1403,-3.00,1503,-3.00,203,-3.00,204,-4.00,203,-5.00,205,-1.00,202,-4.00,203,0.00,1135,0.00,1044,0.00,1684,0.00,1329,-2.00,247,3.00,1628,39.00,1413,0.65
6542,-2.00,204,0.00,200,-2.00,204,-5.00,205,-1.00,202,-3.00,204,-5.00,204,-3.00,1403,-1.00,1503,-3.00,203,-2.00,204,-2.00,203,-3.00,205,-2.00,202,-3.00,203,0.00,1125,0.00,1041,0.00,1684,0.00,1329,-2.00,247,3.00,1628,39.00,1413,0.56
6578,-4.00,204,0.00,200,-3.00,204,-5.00,205,0.00,202,-4.00,204,-4.00,204,-2.00,1403,-1.00,1503,-4.00,203,-4.00,204,-4.00,203,-2.00,205,-1.00,202,-2.00,203,0.00,1113,0.00,1031,0.00,1684,0.00,1329,-4.00,247,4.00,1628,39.00,1413,0.65
6614,-2.00,204,0.00,200,-4.00,204,-5.00,205,0.00,202,-4.00,204,-4.00,204,-2.00,1403,-1.00,1503,-4.00,203,-3.00,204,-4.00,203,-4.00,205,-2.00,202,-4.00,203,0.00,1100,0.00,1014,0.00,1684,0.00,1329,-3.00,247,3.00,1628,39.00,1413,0.73
6649,-4.00,204,0.00,200,-2.00,204,-5.00,205,-1.00,202,-2.00,204,-3.00,204,-2.00,1403,-2.00,1503,-3.00,203,-2.00,204,-4.00,203,-4.00,205,-2.00,202,-2.00,203,0.00,1087,0.00,995,0.00,1684,0.00,1329,-4.00,247,4.00,1628,39.00,1413,0.56
6685,-2.00,204,0.00,200,-3.00,204,-4.00,205,-1.00,202,-4.00,204,-4.00,204,-3.00,1403,-1.00,1503,-6.00,203,-4.00,204,-3.00,203,-3.00,205,-1.00,202,-4.00,203,0.00,1073,0.00,973,0.00,1684,0.00,1329,-4.00,247,2.00,1628,39.00,1413,0.40
6721,-4.00,204,0.00,200,-2.00,204,-3.00,205,-1.00,202,-3.00,204,-4.00,204,-2.00,1403,-2.00,1503,-3.00,203,-1.00,204,-3.00,203,-4.00,205,-2.00,202,-2.00,203,0.00,1060,0.00,950,0.00,1684,0.00,1329,-5.00,247,3.00,1628,39.00,1413,0.32
6757,-3.00,204,0.00,200,-3.00,204,-4.00,205,-1.00,202,-3.00,204,-4.00,204,-4.00,1403,-3.00,1503,-3.00,203,-3.00,204,-4.00,203,-4.00,205,-1.00,202,-3.00,203,0.00,1048,0.00,928,0.00,1684,0.00,1329,-4.00,247,2.00,1628,39.00,1413,0.40
6792,-2.00,204,0.00,200,-4.00,204,-5.00,205,0.00,202,-3.00,204,-4.00,204,-3.00,1403,-3.00,1503,-2.00,203,-2.00,204,-3.00,203,-4.00,205,-1.00,202,-3.00,203,0.00,1036,0.00,908,0.00,1684,0.00,1329,-2.00,247,4.00,1628,38.00,1413,0.32
6828,-2.00,204,0.00,200,-4.00,204,-4.00,205,0.00,202,-3.00,204,-4.00,204,-3.00,1403,-3.00,1503,-4.00,203,-3.00,204,-4.00,203,-4.00,205,-1.00,202,-2.00,203,0.00,1026,0.00,888,0.00,1684,0.00,1329,-2.00,247,3.00,1628,39.00,1413,0.16
6864,-2.00,204,0.00,200,-2.00,204,-3.00,205,-1.00,202,-4.00,204,-4.00,204,-4.00,1403,-2.00,1503,-4.00,203,-3.00,204,-4.00,203,-4.00,205,-1.00,202,-4.00,203,0.00,1018,0.00,872,0.00,1684,0.00,1329,-2.00,247,2.00,1628,38.00,1413,0.48
6900,-2.00,204,0.00,200,-2.00,204,-3.00,205,-2.00,202,-1.00,204,-4.00,204,-2.00,1403,-2.00,1503,-3.00,203,-4.00,204,-4.00,203,-3.00,205,-1.00,202,-4.00,203,0.00,1011,0.00,860,0.00,1684,0.00,1329,-2.00,247,2.00,1628,39.00,1413,0.16
6935,-3.00,204,0.00,200,-3.00,204,-6.00,205,0.00,202,-5.00,204,-4.00,204,-4.00,1403,-1.00,1503,-2.00,203,-4.00,204,-2.00,203,-4.00,205,-1.00,202,-3.00,203,0.00,1006,0.00,852,0.00,1684,0.00,1329,-2.00,247,4.00,1628,40.00,1413,0.32
6971,-3.00,204,0.00,200,-3.00,204,-2.00,205,-1.00,202,-3.00,204,-4.00,204,-3.00,1403,-2.00,1503,-2.00,203,-3.00,204,-3.00,203,-3.00,205,-2.00,202,-4.00,203,0.00,1004,0.00,847,0.00,1684,0.00,1329,-4.00,247,3.00,1628,39.00,1413,0.08
7007,-3.00,204,0.00,200,-4.00,204,-5.00,205,-1.00,202,1.00,204,-4.00,204,-4.00,1403,-3.00,1503,-2.00,203,-4.00,204,-3.00,203,-4.00,205,-1.00,202,-2.00,203,0.00,1004,0.00,846,0.00,1684,0.00,1329,-2.00,247,2.00,1628,39.00,1413,0.32
7043,-4.00,204,0.00,200,-2.00,204,-4.00,205,-2.00,202,-5.00,204,-4.00,204,-2.00,1403,-3.00,1503,-3.00,203,-2.00,204,-4.00,203,-5.00,205,-1.00,202,-3.00,203,0.00,1004,0.00,846,0.00,1684,0.00,1329,-4.00,247,2.00,1628,39.00,1413,0.16
7079,-2.00,204,0.00,200,-4.00,204,-6.00,205,-1.00,202,-3.00,204,-4.00,204,-3.00,1403,-2.00,1503,-2.00,203,-2.00,204,-2.00,203,-4.00,205,0.00,202,-3.00,203,0.00,1004,0.00,846,0.00,1684,0.00,1329,-3.00,247,3.00,1628,39.00,1413,0.16
7114,-3.00,204,0.00,200,-3.00,204,-4.00,205,-1.00,202,-2.00,204,-4.00,204,-3.00,1403,-3.00,1503,-2.00,203,-4.00,204,-2.00,203,-4.00,205,-2.00,202,-4.00,203,0.00,1004,0.00,846,0.00,1684,0.00,1329,-2.00,247,3.00,1628,39.00,1413,0.16
7150,-3.00,204,0.00,200,-2.00,204,-4.00,205,-2.00,202,-3.00,204,-4.00,204,-2.00,1403,-1.00,1503,-4.00,203,-2.00,204,-3.00,203,-4.00,205,-2.00,202,-2.00,203,0.00,1004,0.00,846,0.00,1684,0.00,1329,-3.00,247,2.00,1628,39.00,1413,0.08
7186,-4.00,204,0.00,200,-4.00,204,-4.00,205,-1.00,202,-4.00,204,-4.00,204,-4.00,1403,-1.00,1503,-3.00,203,-4.00,204,-3.00,203,-5.00,205,-1.00,202,-3.00,203,0.00,1004,0.00,846,0.00,1684,0.00,1329,-4.00,247,4.00,1628,39.00,1413,0.16
7222,-3.00,204,0.00,200,-2.00,204,-3.00,205,-1.00,202,-4.00,204,-4.00,204,-3.00,1403,-1.00,1503,-3.00,203,-4.00,204,-4.00,203,-5.00,205,0.00,202,-4.00,203,0.00,1004,0.00,846,0.00,1684,0.00,1329,-2.00,247,3.00,1628,39.00,1413,0.08
7257,-2.00,204,0.00,200,-2.00,204,-5.00,205,-1.00,202,3.00,204,-3.00,204,-2.00,1403,-2.00,1503,-2.00,203,-3.00,204,-3.00,203,-4.00,205,-1.00,202,-4.00,203,0.00,1004,0.00,846,0.00,1684,0.00,1329,-2.00,247,3.00,1628,39.00,1413,0.00
7293,-3.00,204,0.00,200,-2.00,204,-2.00,205,0.00,202,-4.00,204,-4.00,204,-2.00,1403,-2.00,1503,-3.00,203,-4.00,204,-4.00,203,-4.00,205,-1.00,202,-3.00,203,0.00,1004,0.00,846,0.00,1684,0.00,1329,-1.00,247,2.00,1628,39.00,1413,0.08
7329,-2.00,204,0.00,200,-4.00,204,-5.00,205,-1.00,202,-3.00,204,-4.00,204,-3.00,1403,-3.00,1503,-3.00,203,-2.00,204,-3.00,203,-5.00,205,-1.00,202,-2.00,203,0.00,1004,0.00,846,0.00,1684,0.00,1329,-3.00,247,2.00,1628,39.00,1413,0.08
7365,-2.00,204,0.00,200,-4.00,204,-2.00,205,-1.00,202,-3.00,204,-4.00,204,-2.00,1403,-1.00,1503,-4.00,203,-2.00,204,-2.00,203,-3.00,205,-2.00,202,-2.00,203,0.00,1004,0.00,846,0.00,1684,0.00,1329,-3.00,247,2.00,1628,38.00,1413,0.08
7400,-4.00,204,0.00,200,-4.00,204,-5.00,205,-1.00,202,-2.00,204,-4.00,204,-4.00,1403,-3.00,1503,-4.00,203,-2.00,204,-2.00,203,-2.00,205,0.00,202,-3.00,203,0.00,1004,0.00,846,0.00,1684,0.00,1329,-3.00,247,2.00,1628,39.00,1413,0.00
7436,-2.00,204,0.00,200,-4.00,204,-3.00,205,0.00,202,-4.00,203,-4.00,204,-3.00,1403,-3.00,1503,-3.00,203,-3.00,204,-2.00,203,-3.00,205,-2.00,202,-4.00,203,0.00,1004,0.00,846,0.00,1684,0.00,1329,-2.00,247,3.00,1628,39.00,1413,0.08
7472,-4.00,204,0.00,200,0.00,204,-5.00,205,-2.00,202,-3.00,204,-5.00,204,-4.00,1403,-2.00,1503,-2.00,203,-2.00,204,-3.00,203,-4.00,205,-1.00,202,-2.00,203,0.00,1004,0.00,846,0.00,1684,0.00,1329,-2.00,247,2.00,1628,40.00,1413,0.24
7507,-2.00,204,0.00,200,-4.00,204,-3.00,205,-1.00,202,-4.00,204,-4.00,204,-3.00,1403,-1.00,1503,-4.00,203,-4.00,204,-3.00,203,-3.00,205,-1.00,202,-4.00,203,0.00,1004,0.00,846,0.00,1684,0.00,1329,-2.00,247,3.00,1628,39.00,1413,0.40
7543,-4.00,204,0.00,200,-4.00,204,-6.00,205,-2.00,202,-5.00,204,-4.00,204,-4.00,1403,-3.00,1503,-3.00,203,-2.00,204,-4.00,203,-5.00,205,0.00,202,-4.00,203,0.00,1004,0.00,846,0.00,1684,0.00,1329,-3.00,247,4.00,1628,39.00,1413,0.08
7579,-2.00,204,0.00,200,-3.00,204,-4.00,205,-1.00,202,-3.00,204,-4.00,204,-3.00,1403,-1.00,1503,-3.00,203,-4.00,204,-2.00,203,-5.00,205,-1.00,202,-2.00,203,0.00,1004,0.00,846,0.00,1684,0.00,1329,-3.00,247,2.00,1628,39.00,1413,0.16
7615,-4.00,204,0.00,200,-2.00,204,-3.00,205,-1.00,202,-1.00,203,-4.00,204,-3.00,1403,-1.00,1503,-3.00,203,-4.00,204,-4.00,203,-2.00,205,-1.00,202,-2.00,203,0.00,1004,0.00,846,0.00,1684,0.00,1329,-3.00,247,3.00,1628,39.00,1413,0.00
7650,-3.00,204,0.00,200,-4.00,204,-4.00,205,-2.00,202,-4.00,204,-3.00,204,-4.00,1403,-2.00,1503,-4.00,203,-4.00,204,-3.00,203,-3.00,205,-1.00,202,-2.00,203,0.00,1004,0.00,846,0.00,1684,0.00,1329,-4.00,247,3.00,1628,39.00,1413,0.08
7686,-2.00,204,0.00,200,-3.00,204,-3.00,205,-1.00,202,-3.00,204,-4.00,204,-4.00,1403,-2.00,1503,4.00,203,-3.00,204,-3.00,203,-3.00,205,-2.00,202,-2.00,203,0.00,1004,0.00,846,0.00,1684,0.00,1329,-1.00,247,4.00,1628,38.00,1413,0.24
7722,-3.00,204,0.00,200,-3.00,204,-3.00,205,0.00,202,-4.00,204,-3.00,204,-2.00,1403,-2.00,1503,-3.00,203,-3.00,204,-4.00,203,-5.00,205,-2.00,202,-2.00,203,0.00,1004,0.00,846,0.00,1684,0.00,1329,-4.00,247,4.00,1628,39.00,1413,0.32
7758,-3.00,204,0.00,200,-4.00,204,-4.00,205,-2.00,202,-4.00,204,-4.00,204,-4.00,1403,-3.00,1503,-2.00,203,-2.00,204,-1.00,203,-4.00,205,-2.00,202,-4.00,203,0.00,1004,0.00,846,0.00,1684,0.00,1329,-1.00,247,2.00,1628,39.00,1413,0.16
7794,-4.00,204,0.00,200,-2.00,204,-2.00,205,-2.00,202,-2.00,204,-4.00,204,-3.00,1403,-1.00,1503,-4.00,203,-4.00,204,-4.00,203,-4.00,205,-2.00,202,-4.00,203,0.00,1004,0.00,846,0.00,1684,0.00,1329,-4.00,247,2.00,1628,39.00,1413,0.08
7829,-3.00,204,-3.00,200,-4.00,204,-5.00,205,-1.00,202,-2.00,204,-4.00,204,-4.00,1403,-1.00,1503,-4.00,203,-2.00,204,-2.00,203,-4.00,205,-1.00,202,-4.00,203,0.00,1004,0.00,846,0.00,1684,0.00,1329,-4.00,247,2.00,1628,39.00,1413,0.08
7865,-2.00,204,0.00,200,-3.00,204,-3.00,205,-1.00,202,-3.00,204,-4.00,204,-3.00,1403,-3.00,1503,-4.00,203,-4.00,204,-4.00,203,-4.00,205,-1.00,202,-5.00,203,0.00,1004,0.00,846,0.00,1684,0.00,1329,-2.00,247,4.00,1628,39.00,1413,0.08
7901,-3.00,204,0.00,200,-4.00,204,-5.00,205,-1.00,202,-5.00,204,-4.00,204,-2.00,1403,-3.00,1503,-3.00,203,-2.00,204,-3.00,203,-4.00,205,-1.00,202,-2.00,203,0.00,1003,0.00,846,0.00,1684,0.00,1329,-2.00,247,4.00,1628,39.00,1413,0.00
7937,-3.00,204,0.00,200,-3.00,204,-5.00,205,0.00,202,1.00,204,-4.00,204,-3.00,1403,-2.00,1503,-5.00,203,-2.00,204,-5.00,203,-4.00,205,-1.00,202,-1.00,203,0.00,1004,0.00,846,0.00,1684,0.00,1329,-2.00,247,3.00,1628,39.00,1413,0.40
7972,-3.00,204,0.00,200,-4.00,204,-3.00,205,-1.00,202,-6.00,204,-4.00,204,-3.00,1403,-1.00,1503,-4.00,203,-2.00,204,-2.00,203,-3.00,205,-1.00,202,-4.00,203,0.00,1004,0.00,846,0.00,1684,0.00,1329,-3.00,247,2.00,1628,39.00,1413,0.08
8008,-3.00,204,0.00,200,-4.00,204,-3.00,205,-1.00,202,-4.00,204,-4.00,204,-4.00,1403,-3.00,1503,-3.00,203,-2.00,204,-2.00,203,-5.00,205,0.00,202,-3.00,203,0.00,1004,0.00,846,0.00,1684,0.00,1329,-4.00,247,3.00,1628,39.00,1413,0.16
8044,-2.00,204,0.00,200,-4.00,204,-3.00,205,-1.00,202,0.00,204,-4.00,204,-3.00,1403,-2.00,1503,-3.00,203,-2.00,204,-4.00,203,-2.00,205,-1.00,202,-3.00,203,0.00,1004,0.00,846,0.00,1684,0.00,1329,-1.00,247,3.00,1628,39.00,1413,0.08
8080,-3.00,204,0.00,200,-4.00,204,-5.00,205,0.00,202,2.00,204,-4.00,204,-3.00,1403,-1.00,1503,-4.00,203,-5.00,204,-2.00,203,-4.00,205,-1.00,202,-4.00,203,0.00,1004,0.00,846,0.00,1684,0.00,1329,-2.00,247,3.00,1628,39.00,1413,0.00
8116,-3.00,204,0.00,200,-3.00,204,-2.00,205,-1.00,202,-4.00,204,-4.00,204,-3.00,1403,-2.00,1503,-2.00,203,-4.00,204,-2.00,203,-5.00,205,-1.00,202,-1.00,203,0.00,1004,0.00,846,0.00,1684,0.00,1329,-3.00,247,4.00,1628,39.00,1413,0.16
8151,-2.00,204,0.00,200,-3.00,204,-5.00,205,0.00,202,-4.00,203,-4.00,204,-3.00,1403,-3.00,1503,-2.00,203,-3.00,204,-2.00,203,-3.00,205,-1.00,202,-4.00,203,0.00,1004,0.00,846,0.00,1684,0.00,1329,-1.00,247,3.00,1628,39.00,1413,0.00
8187,-3.00,204,0.00,200,-3.00,204,-3.00,205,-1.00,202,-1.00,203,-4.00,204,-2.00,1403,-2.00,1503,-3.00,203,-2.00,204,-4.00,203,-4.00,205,0.00,202,-3.00,203,0.00,1003,0.00,846,0.00,1684,0.00,1329,-4.00,247,2.00,1628,39.00,1413,0.16
8223,-2.00,204,0.00,200,-2.00,204,-4.00,205,-2.00,202,1.00,204,-4.00,204,-4.00,1403,-2.00,1503,-4.00,203,-4.00,204,-4.00,203,-4.00,205,0.00,202,-2.00,203,0.00,1004,0.00,846,0.00,1684,0.00,1329,-3.00,247,3.00,1628,39.00,1413,0.00
8259,-3.00,204,0.00,200,-2.00,204,-5.00,205,-1.00,202,-6.00,204,-4.00,204,-4.00,1403,-3.00,1503,-3.00,203,-4.00,204,-3.00,203,-3.00,205,-1.00,202,-3.00,203,0.00,1004,0.00,846,0.00,1684,0.00,1329,-3.00,247,2.00,1628,39.00,1413,0.08
8295,-2.00,204,-1.00,200,-3.00,204,-5.00,205,-1.00,202,-3.00,204,-4.00,204,-3.00,1403,-3.00,1503,-4.00,203,-4.00,204,-2.00,203,-3.00,205,-2.00,202,-2.00,203,0.00,1004,0.00,846,0.00,1684,0.00,1329,-1.00,247,3.00,1628,39.00,1413,0.00
8330,-3.00,204,0.00,200,-4.00,204,-5.00,205,-1.00,202,-5.00,204,-4.00,204,-3.00,1403,-1.00,1503,-4.00,203,-4.00,204,-4.00,203,-3.00,205,-1.00,202,-2.00,203,0.00,1004,0.00,846,0.00,1684,0.00,1329,-2.00,247,3.00,1628,39.00,1413,0.08
8366,-4.00,204,0.00,200,-3.00,204,-4.00,205,0.00,202,-4.00,204,-4.00,204,-2.00,1403,-2.00,1503,-4.00,203,-4.00,204,-2.00,203,-5.00,205,-1.00,202,-4.00,203,0.00,1004,0.00,846,0.00,1684,0.00,1329,-2.00,247,3.00,1628,39.00,1413,0.24
8402,-3.00,204,1.00,200,-4.00,204,-4.00,205,-1.00,202,-4.00,204,-5.00,204,-4.00,1403,-2.00,1503,-3.00,203,-2.00,204,-2.00,203,-4.00,205,-1.00,202,-3.00,203,0.00,1003,0.00,846,0.00,1684,0.00,1329,-4.00,247,3.00,1628,39.00,1413,0.08
8438,-2.00,204,0.00,200,-2.00,204,-5.00,205,-1.00,202,-4.00,204,-4.00,204,-4.00,1403,-3.00,1503,-1.00,203,-3.00,204,-5.00,203,-3.00,205,-1.00,202,-3.00,203,0.00,1003,0.00,846,0.00,1684,0.00,1329,-1.00,247,3.00,1628,39.00,1413,0.00
8473,-3.00,204,0.00,200,-3.00,204,-4.00,205,-1.00,202,-4.00,204,-4.00,204,-3.00,1403,-2.00,1503,-3.00,203,-3.00,204,-2.00,203,-5.00,205,-2.00,202,-3.00,203,0.00,1004,0.00,846,0.00,1684,0.00,1329,-4.00,247,3.00,1628,40.00,1413,0.16
8509,-2.00,204,0.00,200,-4.00,204,-2.00,205,-2.00,202,-6.00,204,-4.00,204,-3.00,1403,-3.00,1503,-2.00,203,-4.00,204,-2.00,203,-2.00,205,-2.00,202,-2.00,203,0.00,1004,0.00,846,0.00,1684,0.00,1329,-2.00,247,3.00,1628,39.00,1413,0.00
8545,-2.00,204,0.00,200,-3.00,204,-3.00,205,0.00,202,-4.00,204,-4.00,204,-3.00,1403,-2.00,1503,-3.00,203,-4.00,204,-3.00,203,-2.00,205,-1.00,202,-3.00,203,0.00,1004,0.00,846,0.00,1684,0.00,1329,-2.00,247,3.00,1628,38.00,1413,0.08
8580,-4.00,204,0.00,200,-2.00,204,-3.00,205,-1.00,202,-4.00,204,-4.00,204,-2.00,1403,-2.00,1503,-2.00,203,-2.00,204,-4.00,203,-4.00,205,-1.00,202,-3.00,203,0.00,1004,0.00,846,0.00,1684,0.00,1329,-1.00,247,4.00,1628,39.00,1413,0.00
8616,-3.00,204,0.00,200,-2.00,204,-4.00,205,-1.00,202,-3.00,204,-4.00,204,-2.00,1403,-1.00,1503,-2.00,203,-3.00,204,-2.00,203,-4.00,205,0.00,202,-2.00,203,0.00,1003,0.00,846,0.00,1684,0.00,1329,-4.00,247,2.00,1628,39.00,1413,0.16
8652,-4.00,204,0.00,200,-4.00,204,-5.00,205,-1.00,202,-1.00,204,-4.00,204,-3.00,1403,-2.00,1503,-2.00,202,-3.00,204,-3.00,203,-5.00,205,-1.00,202,-3.00,203,0.00,1004,0.00,846,0.00,1684,0.00,1329,-3.00,247,3.00,1628,39.00,1413,0.00
8688,-2.00,204,0.00,200,-2.00,204,-5.00,205,-1.00,202,-3.00,204,-4.00,204,-4.00,1403,-1.00,1503,-2.00,203,-3.00,204,-3.00,203,-3.00,205,-1.00,202,-3.00,203,0.00,1004,0.00,846,0.00,1684,0.00,1329,-1.00,247,2.00,1628,39.00,1413,0.08
8723,-3.00,204,0.00,200,-4.00,204,-5.00,205,-1.00,202,-4.00,204,-4.00,204,-4.00,1403,-2.00,1503,-4.00,203,-2.00,204,-2.00,203,-5.00,205,-1.00,202,-2.00,203,0.00,1003,0.00,846,0.00,1684,0.00,1329,-3.00,247,3.00,1628,39.00,1413,0.08
8759,-4.00,204,0.00,200,-3.00,204,-2.00,205,-1.00,202,-4.00,204,-4.00,204,-3.00,1403,-2.00,1503,-4.00,203,-3.00,204,-2.00,203,-3.00,205,-1.00,202,-2.00,203,0.00,1004,0.00,846,0.00,1684,0.00,1329,-3.00,247,2.00,1628,39.00,1413,0.08
8795,-4.00,204,0.00,200,-4.00,204,-4.00,205,-2.00,202,-3.00,204,-4.00,204,-3.00,1403,-2.00,1503,-4.00,203,-3.00,204,-4.00,203,-4.00,205,-1.00,202,-4.00,203,0.00,1003,0.00,846,0.00,1684,0.00,1329,-4.00,247,3.00,1628,39.00,1413,0.00
8831,-3.00,204,1.00,200,-4.00,204,-4.00,205,-1.00,202,-4.00,204,-4.00,204,-3.00,1403,-3.00,1503,-4.00,203,-4.00,204,-2.00,203,-4.00,205,-1.00,202,-3.00,203,0.00,1004,0.00,846,0.00,1684,0.00,1329,-2.00,247,4.00,1628,39.00,1413,0.00
8867,-4.00,204,0.00,200,-4.00,204,-5.00,205,-1.00,202,-3.00,204,-4.00,204,-3.00,1403,-2.00,1503,-4.00,203,-4.00,204,-4.00,203,-2.00,205,-1.00,202,-4.00,203,0.00,1003,0.00,846,0.00,1684,0.00,1329,-3.00,247,2.00,1628,39.00,1413,0.65
8902,-3.00,204,0.00,200,-3.00,204,-4.00,205,-1.00,202,-3.00,204,-4.00,204,-4.00,1403,-3.00,1503,-4.00,203,-2.00,204,-2.00,203,-3.00,205,0.00,202,-4.00,203,0.00,1003,0.00,846,0.00,1684,0.00,1329,-3.00,247,3.00,1628,39.00,1413,0.00
8938,-3.00,204,0.00,200,-3.00,204,-5.00,205,-2.00,202,1.00,204,-4.00,204,-4.00,1403,-2.00,1503,-4.00,203,-3.00,204,-4.00,203,-4.00,205,-1.00,202,-4.00,203,0.00,1004,0.00,846,0.00,1684,0.00,1329,-2.00,247,2.00,1628,39.00,1413,0.08
8974,-3.00,204,0.00,200,-2.00,204,-4.00,205,-1.00,202,-3.00,204,-5.00,204,-3.00,1403,-2.00,1503,-3.00,203,-4.00,204,-4.00,203,-5.00,205,-1.00,202,-3.00,203,0.00,1004,0.00,846,0.00,1684,0.00,1329,-2.00,247,2.00,1628,39.00,1413,0.00
9009,-3.00,204,0.00,200,-2.00,204,-3.00,205,-1.00,202,-2.00,204,-4.00,204,-3.00,1403,-3.00,1503,-3.00,203,-3.00,204,-3.00,203,-4.00,205,-1.00,202,-4.00,203,0.00,1004,0.00,846,0.00,1684,0.00,1329,-4.00,247,3.00,1628,39.00,1413,0.16
9045,-3.00,204,0.00,200,-2.00,204,-3.00,205,-2.00,202,-3.00,204,-4.00,204,-4.00,1403,-2.00,1503,-3.00,203,-3.00,204,-2.00,203,-5.00,205,-1.00,202,-3.00,203,0.00,1003,0.00,846,0.00,1684,0.00,1329,-4.00,247,3.00,1628,39.00,1413,0.16
9081,-4.00,204,0.00,200,-3.00,204,-4.00,205,-1.00,202,-3.00,204,-4.00,204,-4.00,1403,-2.00,1503,-2.00,203,-2.00,204,-4.00,203,-5.00,205,0.00,202,-2.00,203,0.00,1004,0.00,846,0.00,1684,0.00,1329,-2.00,247,4.00,1628,39.00,1413,0.08
9116,-1.00,204,0.00,200,-3.00,204,-3.00,205,-1.00,202,-3.00,204,-5.00,204,-2.00,1403,-3.00,1503,-2.00,203,-4.00,204,-4.00,203,-5.00,205,-1.00,202,-3.00,203,0.00,1004,0.00,846,0.00,1684,0.00,1329,-1.00,247,3.00,1628,39.00,1413,0.16
9152,-2.00,204,0.00,200,-4.00,204,-5.00,205,-1.00,202,-4.00,203,-4.00,204,-4.00,1403,-3.00,1503,-3.00,203,-4.00,204,-3.00,203,-5.00,205,-2.00,202,-3.00,203,0.00,1004,0.00,846,0.00,1684,0.00,1329,-5.00,247,2.00,1628,39.00,1413,0.08
9188,-3.00,204,0.00,200,-3.00,204,-2.00,205,-1.00,202,-4.00,203,-4.00,204,-3.00,1403,-3.00,1503,-3.00,203,-4.00,204,-3.00,203,-4.00,205,-1.00,202,-2.00,203,0.00,1004,0.00,846,0.00,1684,0.00,1329,-4.00,247,4.00,1628,39.00,1413,0.00
9224,-2.00,204,0.00,200,-4.00,204,-5.00,205,-1.00,202,-3.00,204,-3.00,204,-4.00,1403,-2.00,1503,-2.00,203,-4.00,204,-4.00,203,-5.00,205,-1.00,202,-4.00,203,0.00,1004,0.00,846,0.00,1684,0.00,1329,-4.00,247,4.00,1628,39.00,1413,0.00
9259,-2.00,204,0.00,200,-3.00,204,-4.00,205,-1.00,202,-4.00,204,-4.00,204,-3.00,1403,-3.00,1503,-4.00,203,-2.00,204,-4.00,203,-5.00,205,-1.00,202,-4.00,203,0.00,1003,0.00,846,0.00,1684,0.00,1329,-3.00,247,4.00,1628,39.00,1413,0.08
9295,-4.00,204,1.00,200,-2.00,204,-4.00,205,-2.00,202,-3.00,204,-4.00,204,-3.00,1403,-2.00,1503,-3.00,203,-2.00,204,-3.00,203,-3.00,205,-1.00,202,-4.00,203,0.00,1003,0.00,846,0.00,1684,0.00,1329,-3.00,247,3.00,1628,39.00,1413,0.16
9331,-5.00,204,1.00,200,-4.00,204,-3.00,205,-1.00,202,-5.00,204,-4.00,204,-2.00,1403,-4.00,1503,-3.00,203,-3.00,204,-2.00,203,-4.00,205,-1.00,202,-4.00,203,0.00,1004,0.00,846,0.00,1684,0.00,1329,-4.00,247,3.00,1628,39.00,1413,0.00
9367,-2.00,204,0.00,200,-3.00,204,-3.00,205,-2.00,202,1.00,204,-4.00,204,-4.00,1403,-2.00,1503,-3.00,203,-3.00,204,-1.00,203,-5.00,205,-1.00,202,-3.00,203,0.00,1004,0.00,846,0.00,1684,0.00,1329,-3.00,247,4.00,1628,39.00,1413,0.08
9403,-3.00,204,0.00,200,-2.00,204,-4.00,205,-2.00,202,2.00,203,-4.00,204,-2.00,1403,-1.00,1503,-4.00,203,-4.00,204,-2.00,203,-3.00,205,-1.00,202,-2.00,203,0.00,1003,0.00,846,0.00,1684,0.00,1329,-4.00,247,2.00,1628,39.00,1413,0.00
9439,-4.00,204,0.00,200,-2.00,204,-4.00,205,0.00,202,-3.00,204,-4.00,204,-3.00,1403,-2.00,1503,-3.00,203,-5.00,204,-3.00,203,-5.00,205,-1.00,202,-3.00,203,0.00,1003,0.00,846,0.00,1684,0.00,1329,-4.00,247,3.00,1628,39.00,1413,0.08
9474,-4.00,204,0.00,200,-4.00,204,-5.00,205,-1.00,202,-4.00,204,-4.00,204,-3.00,1403,-3.00,1503,-4.00,203,-3.00,204,-3.00,203,-4.00,205,-2.00,202,-2.00,203,0.00,1004,0.00,846,0.00,1684,0.00,1329,-1.00,247,4.00,1628,39.00,1413,0.24
9510,-3.00,204,0.00,201,-3.00,204,-5.00,205,-1.00,202,-3.00,204,-4.00,204,-3.00,1403,-3.00,1503,-3.00,203,-2.00,204,-4.00,203,-5.00,205,-1.00,202,-4.00,203,0.00,1004,0.00,846,0.00,1684,0.00,1329,-3.00,247,3.00,1628,38.00,1413,0.08
9546,-2.00,204,-1.00,200,-3.00,204,-4.00,205,-2.00,202,-5.00,204,-3.00,204,-4.00,1403,-2.00,1503,-3.00,203,-4.00,204,-5.00,203,-4.00,205,-2.00,202,-3.00,203,0.00,1004,0.00,846,0.00,1684,0.00,1329,-4.00,247,4.00,1628,39.00,1413,0.24
9582,-2.00,204,-1.00,200,-4.00,204,-3.00,205,-2.00,202,-4.00,204,-5.00,204,-4.00,1403,-1.00,1503,-3.00,203,-2.00,204,-3.00,203,-6.00,205,-1.00,202,-4.00,203,0.00,1003,0.00,846,0.00,1684,0.00,1329,-1.00,247,3.00,1628,39.00,1413,0.08
9617,-2.00,204,0.00,200,-3.00,204,-5.00,205,-1.00,202,-3.00,204,-4.00,204,-3.00,1403,-1.00,1503,-4.00,203,-4.00,204,-4.00,203,-4.00,205,-1.00,202,-3.00,203,0.00,1004,0.00,846,0.00,1684,0.00,1329,-1.00,247,4.00,1628,39.00,1413,0.08
9653,-4.00,204,0.00,200,-3.00,204,-3.00,205,-1.00,202,-5.00,203,-4.00,204,-3.00,1403,-1.00,1503,-3.00,203,-4.00,204,-4.00,203,-3.00,205,-1.00,202,-2.00,203,0.00,1003,0.00,846,0.00,1684,0.00,1329,-4.00,247,3.00,1628,39.00,1413,0.00
9689,-4.00,204,0.00,200,-2.00,204,-4.00,205,-1.00,202,-4.00,204,-5.00,204,-3.00,1403,-3.00,1503,-4.00,203,-2.00,204,-2.00,203,-3.00,205,0.00,202,-2.00,203,0.00,1004,0.00,846,0.00,1684,0.00,1329,-5.00,247,3.00,1628,38.00,1413,0.00
9724,-3.00,204,0.00,200,-3.00,204,-2.00,205,-1.00,202,-4.00,204,-4.00,204,-4.00,1403,-2.00,1503,-2.00,203,-5.00,204,-2.00,203,-4.00,205,-1.00,202,-4.00,203,0.00,1003,0.00,846,0.00,1684,0.00,1329,-4.00,247,4.00,1628,39.00,1413,0.00
9760,-3.00,204,0.00,200,-4.00,204,-2.00,205,-1.00,202,-4.00,204,-4.00,204,-4.00,1403,-3.00,1503,-3.00,203,-2.00,204,-4.00,203,-4.00,205,-1.00,202,-3.00,203,0.00,1003,0.00,846,0.00,1684,0.00,1329,-3.00,247,3.00,1628,39.00,1413,0.16
9796,-3.00,204,0.00,200,-3.00,204,-4.00,205,-1.00,202,-3.00,204,-4.00,204,-2.00,1403,-3.00,1503,-4.00,203,-2.00,204,-4.00,203,-4.00,205,-1.00,202,-3.00,203,0.00,1004,0.00,846,0.00,1684,0.00,1329,-2.00,247,3.00,1628,39.00,1413,0.32
9832,-4.00,204,0.00,200,-3.00,204,-5.00,205,-1.00,202,-4.00,204,-5.00,204,-3.00,1403,-2.00,1503,-4.00,203,-4.00,204,-4.00,203,-4.00,205,-1.00,202,-2.00,203,0.00,1004,0.00,846,0.00,1684,0.00,1329,-4.00,247,2.00,1628,39.00,1413,0.08
9867,-2.00,204,0.00,200,-4.00,204,-3.00,205,0.00,202,-3.00,203,-4.00,204,-3.00,1403,-2.00,1503,-3.00,203,-2.00,204,-3.00,203,-2.00,205,-1.00,202,-3.00,203,0.00,1004,0.00,846,0.00,1684,0.00,1329,-1.00,247,2.00,1628,39.00,1413,0.08
9903,-3.00,204,0.00,200,-4.00,204,-4.00,205,-1.00,202,-4.00,204,-4.00,204,-3.00,1403,-1.00,1503,-3.00,203,-3.00,204,-3.00,203,-4.00,205,-1.00,202,-4.00,203,0.00,1004,0.00,846,0.00,1684,0.00,1329,-2.00,247,3.00,1628,39.00,1413,0.08
9939,-4.00,204,-4.00,200,-2.00,204,-2.00,205,0.00,202,-4.00,204,-4.00,204,-2.00,1403,-3.00,1503,-3.00,203,-1.00,204,-3.00,203,-4.00,205,-1.00,202,-3.00,203,0.00,1004,0.00,846,0.00,1684,0.00,1329,-3.00,247,4.00,1628,40.00,1413,0.00
9974,-3.00,204,0.00,200,-3.00,204,-4.00,205,-1.00,202,-5.00,204,-4.00,204,-4.00,1403,-3.00,1503,-3.00,203,-2.00,204,-4.00,203,-3.00,205,-2.00,202,-3.00,203,0.00,1004,0.00,846,0.00,1684,0.00,1329,-2.00,247,4.00,1628,39.00,1413,0.08
10010,-3.00,204,0.00,200,-2.00,204,-4.00,205,-1.00,202,-5.00,204,-3.00,204,-3.00,1403,-2.00,1503,-3.00,203,-4.00,204,-3.00,203,-5.00,205,-1.00,202,-4.00,203,0.00,1004,0.00,846,0.00,1684,0.00,1329,-3.00,247,3.00,1628,39.00,1413,0.08
10046,-2.00,204,0.00,200,-4.00,204,-4.00,205,-2.00,202,1.00,204,-4.00,204,-4.00,1403,-2.00,1503,-2.00,203,-4.00,204,-2.00,203,-5.00,205,-1.00,202,-2.00,203,0.00,1004,0.00,846,0.00,1684,0.00,1329,-2.00,247,2.00,1628,39.00,1413,0.32
10082,-3.00,204,0.00,200,-3.00,204,-4.00,205,0.00,202,-4.00,204,-4.00,204,-3.00,1403,-3.00,1503,-4.00,203,-3.00,204,-5.00,203,-5.00,205,-2.00,202,-4.00,203,0.00,1004,0.00,846,0.00,1684,0.00,1329,-4.00,247,2.00,1628,39.00,1413,0.08
10117,-2.00,204,0.00,200,-4.00,204,-4.00,205,-2.00,202,-4.00,204,-4.00,204,-3.00,1403,-3.00,1503,-3.00,203,-2.00,204,-4.00,203,-3.00,205,-1.00,202,-3.00,203,0.00,1003,0.00,846,0.00,1684,0.00,1329,-2.00,247,2.00,1628,39.00,1413,0.16
10153,-2.00,204,0.00,200,-4.00,204,-5.00,205,-1.00,202,-3.00,204,-4.00,204,-3.00,1403,-2.00,1503,-4.00,203,-3.00,204,-2.00,203,-4.00,205,-2.00,202,-4.00,203,0.00,1004,0.00,846,0.00,1684,0.00,1329,-3.00,247,3.00,1628,39.00,1413,0.16
10189,-3.00,204,1.00,200,-4.00,204,-5.00,205,-1.00,202,-4.00,204,-3.00,204,-3.00,1403,-1.00,1503,-4.00,203,-3.00,204,-4.00,203,-4.00,205,-1.00,202,-4.00,203,0.00,1003,0.00,846,0.00,1684,0.00,1329,-2.00,247,3.00,1628,39.00,1413,0.08
10224,-4.00,204,0.00,200,-2.00,204,-2.00,205,-1.00,202,-5.00,204,-5.00,204,-4.00,1403,-2.00,1503,-4.00,203,-3.00,204,-3.00,203,-4.00,205,-1.00,202,-4.00,203,0.00,1004,0.00,846,0.00,1684,0.00,1329,-4.00,247,3.00,1628,39.00,1413,0.00
10260,-3.00,204,0.00,200,-3.00,204,-4.00,205,-1.00,202,-4.00,204,-4.00,204,-2.00,1403,-3.00,1503,-3.00,203,-3.00,204,-3.00,203,-5.00,205,-1.00,202,-4.00,203,0.00,1004,0.00,846,0.00,1684,0.00,1329,-2.00,247,3.00,1628,39.00,1413,0.08
10296,-4.00,204,0.00,200,-2.00,204,-5.00,205,-2.00,202,-4.00,204,-4.00,204,-2.00,1403,-3.00,1503,-2.00,203,-3.00,204,-3.00,203,-5.00,205,-1.00,202,-3.00,203,0.00,1004,0.00,846,0.00,1684,0.00,1329,-3.00,247,3.00,1628,39.00,1413,0.00
10332,-4.00,204,-1.00,200,-2.00,204,-5.00,205,-1.00,202,-2.00,204,-4.00,204,-3.00,1403,-1.00,1503,-4.00,203,-2.00,204,-3.00,203,-5.00,205,-1.00,202,-3.00,203,0.00,1004,0.00,846,0.00,1684,0.00,1329,-2.00,247,4.00,1628,39.00,1413,0.08
10367,-3.00,204,0.00,200,-4.00,204,-2.00,205,-1.00,202,-3.00,204,-4.00,204,-2.00,1403,-3.00,1503,-2.00,203,-3.00,204,-2.00,203,-3.00,205,-2.00,202,-3.00,203,0.00,1004,0.00,846,0.00,1684,0.00,1329,-2.00,247,3.00,1628,39.00,1413,0.08
10403,-3.00,204,0.00,200,-3.00,204,-5.00,205,-1.00,202,-3.00,204,-4.00,204,-3.00,1403,-2.00,1503,-3.00,203,-3.00,204,-2.00,203,-3.00,205,-1.00,202,-4.00,203,0.00,1003,0.00,846,0.00,1684,0.00,1329,-3.00,247,2.00,1628,39.00,1413,0.08
10439,-2.00,204,0.00,200,-2.00,204,-5.00,205,0.00,202,-4.00,204,-4.00,204,-3.00,1403,-3.00,1503,-2.00,203,-4.00,204,-4.00,203,-3.00,205,-1.00,202,-2.00,203,0.00,1004,0.00,846,0.00,1684,0.00,1329,-2.00,247,2.00,1628,39.00,1413,0.00
10475,-4.00,204,1.00,200,-4.00,204,-3.00,205,-1.00,202,-2.00,204,-4.00,204,-4.00,1403,-1.00,1503,-4.00,203,-3.00,204,-3.00,203,-5.00,205,0.00,202,-4.00,203,0.00,1004,0.00,846,0.00,1684,0.00,1329,-3.00,247,2.00,1628,39.00,1413,0.24
10510,-4.00,204,0.00,200,-4.00,204,-5.00,205,-1.00,202,-3.00,204,-4.00,204,-2.00,1403,-2.00,1503,-3.00,203,-3.00,204,-4.00,203,-4.00,205,-1.00,202,-3.00,203,0.00,1004,0.00,846,0.00,1684,0.00,1329,-1.00,247,3.00,1628,39.00,1413,0.00
10546,-2.00,204,0.00,200,-3.00,204,-5.00,205,-1.00,202,-6.00,204,-4.00,204,-4.00,1403,-1.00,1503,-3.00,203,-4.00,204,-2.00,203,-3.00,205,-1.00,202,-4.00,203,0.00,1004,0.00,846,0.00,1684,0.00,1329,-5.00,247,4.00,1628,39.00,1413,0.08
10582,-2.00,204,0.00,200,-4.00,204,-4.00,205,-1.00,202,-4.00,204,-4.00,204,-2.00,1403,-3.00,1503,-2.00,203,-3.00,204,-1.00,203,-4.00,205,-2.00,202,-2.00,203,0.00,1003,0.00,846,0.00,1684,0.00,1329,-4.00,247,3.00,1628,39.00,1413,0.24
10618,-3.00,204,0.00,200,-2.00,204,-4.00,205,-1.00,202,-3.00,204,-4.00,204,-2.00,1403,-3.00,1503,-2.00,203,-3.00,204,-4.00,203,-5.00,205,-1.00,202,-3.00,203,0.00,1004,0.00,846,0.00,1684,0.00,1329,-2.00,247,2.00,1628,39.00,1413,0.00
10654,-3.00,204,0.00,200,-3.00,204,-4.00,205,0.00,202,-3.00,204,-3.00,204,-3.00,1403,-3.00,1503,-3.00,203,-4.00,204,-4.00,203,-2.00,205,-1.00,202,-4.00,203,0.00,1004,0.00,846,0.00,1684,0.00,1329,-4.00,247,3.00,1628,39.00,1413,0.08
10689,-2.00,204,0.00,200,-3.00,204,-5.00,205,-2.00,202,-4.00,204,-5.00,204,-2.00,1403,-1.00,1503,-4.00,203,-3.00,204,-4.00,203,-4.00,205,-1.00,202,-3.00,203,0.00,1004,0.00,846,0.00,1684,0.00,1329,-2.00,247,3.00,1628,39.00,1413,0.08
10725,-4.00,204,0.00,200,-2.00,204,-5.00,205,0.00,202,-4.00,204,-5.00,204,-4.00,1403,-3.00,1503,-3.00,203,-2.00,204,-4.00,203,-3.00,205,0.00,202,-2.00,203,0.00,1003,0.00,846,0.00,1684,0.00,1329,-3.00,247,4.00,1628,39.00,1413,0.08
10761,-2.00,204,0.00,200,-3.00,204,-3.00,205,-1.00,202,-5.00,204,-4.00,204,-2.00,1403,-2.00,1503,-2.00,203,-4.00,204,-2.00,203,-3.00,205,-2.00,202,-4.00,203,0.00,1004,0.00,846,0.00,1684,0.00,1329,-2.00,247,3.00,1628,39.00,1413,0.08
10796,-2.00,204,0.00,200,-4.00,204,-2.00,205,-1.00,202,-4.00,203,-4.00,204,-4.00,1403,-2.00,1503,-2.00,203,-2.00,204,-2.00,203,-3.00,205,-1.00,202,-4.00,203,0.00,1004,0.00,846,0.00,1684,0.00,1329,-2.00,247,3.00,1628,39.00,1413,0.32
10832,-3.00,204,-1.00,200,-3.00,204,-5.00,205,-1.00,202,-5.00,204,-4.00,204,-4.00,1403,-1.00,1503,-4.00,203,-4.00,204,-4.00,203,-4.00,205,0.00,202,-4.00,203,0.00,1004,0.00,846,0.00,1684,0.00,1329,-4.00,247,3.00,1628,39.00,1413,0.08
10868,-3.00,204,0.00,200,-2.00,204,-4.00,205,-2.00,202,-5.00,204,-4.00,204,-4.00,1403,-2.00,1503,-4.00,203,-1.00,204,-4.00,203,-4.00,205,-1.00,202,-2.00,203,0.00,1004,0.00,846,0.00,1684,0.00,1329,-4.00,247,3.00,1628,39.00,1413,0.08
10904,-2.00,204,0.00,200,-4.00,204,-4.00,205,0.00,202,-1.00,204,-4.00,204,-4.00,1403,-2.00,1503,-4.00,203,-2.00,204,-3.00,203,-5.00,205,0.00,202,-2.00,203,0.00,1004,0.00,846,0.00,1684,0.00,1329,-2.00,247,3.00,1628,39.00,1413,0.08
10939,-2.00,204,-4.00,200,-2.00,204,-2.00,205,-1.00,202,-4.00,204,-4.00,204,-3.00,1403,-1.00,1503,-2.00,203,-3.00,204,-3.00,203,-4.00,205,-1.00,202,-1.00,203,0.00,1004,0.00,846,0.00,1684,0.00,1329,-4.00,247,4.00,1628,39.00,1413,0.24
10975,-3.00,204,0.00,200,-4.00,204,-5.00,205,-1.00,202,-4.00,203,-3.00,204,-2.00,1403,-3.00,1503,-2.00,203,-2.00,204,-2.00,203,-5.00,205,-1.00,202,-4.00,203,0.00,1003,0.00,846,0.00,1684,0.00,1329,-1.00,247,2.00,1628,39.00,1413,0.32
11011,-4.00,204,0.00,200,-4.00,204,-3.00,205,-1.00,202,-3.00,204,-4.00,204,0.00,1403,-6.00,1503,-4.00,203,-4.00,204,-4.00,203,-4.00,205,0.00,202,-3.00,203,0.00,1004,0.00,846,0.00,1684,0.00,1329,-2.00,247,2.00,1628,40.00,1413,0.08
11047,-4.00,204,0.00,200,-4.00,204,-5.00,205,-2.00,202,-4.00,204,-4.00,204,-3.00,1403,-3.00,1503,-3.00,203,-4.00,204,-3.00,203,-4.00,205,-2.00,202,-4.00,203,0.00,1004,0.00,846,0.00,1684,0.00,1329,-4.00,247,4.00,1628,39.00,1413,0.00
11083,-3.00,204,0.00,200,-2.00,204,-3.00,205,-1.00,202,-2.00,204,-4.00,204,-3.00,1403,-2.00,1503,-3.00,203,-3.00,204,-3.00,203,-4.00,205,-1.00,202,-3.00,203,0.00,1004,0.00,846,0.00,1684,0.00,1329,-4.00,247,2.00,1628,39.00,1413,0.00
11118,-2.00,204,0.00,200,-2.00,204,-5.00,205,-1.00,202,-5.00,204,-4.00,204,-3.00,1403,-2.00,1503,-5.00,203,-2.00,204,-2.00,203,-4.00,205,-1.00,202,-4.00,203,0.00,1003,0.00,846,0.00,1684,0.00,1329,-2.00,247,3.00,1628,39.00,1413,0.00
11154,-2.00,204,0.00,200,-4.00,204,-3.00,205,-2.00,202,-5.00,204,-4.00,204,-4.00,1403,-1.00,1503,-4.00,203,-3.00,204,-2.00,203,-4.00,205,-2.00,202,-4.00,203,0.00,1004,0.00,846,0.00,1684,0.00,1329,-2.00,247,3.00,1628,39.00,1413,0.00
11190,-3.00,204,1.00,200,-3.00,204,-4.00,205,-1.00,202,-3.00,204,-4.00,204,-2.00,1403,-1.00,1503,-4.00,203,-2.00,204,-4.00,203,-4.00,205,-1.00,202,-2.00,203,0.00,1004,0.00,846,0.00,1684,0.00,1329,-3.00,247,3.00,1628,39.00,1413,0.16
11226,-3.00,204,1.00,200,-4.00,204,-2.00,205,-1.00,202,-3.00,204,-4.00,204,-3.00,1403,-3.00,1503,-3.00,203,-4.00,204,-3.00,203,-4.00,205,-1.00,202,-4.00,203,0.00,1004,0.00,846,0.00,1684,0.00,1329,-2.00,247,2.00,1628,39.00,1413,0.00
11261,-2.00,204,0.00,200,-3.00,204,-2.00,205,0.00,202,-4.00,204,-4.00,204,-4.00,1403,-1.00,1503,-2.00,203,-2.00,204,-4.00,203,-5.00,205,-1.00,202,-4.00,203,0.00,1003,0.00,846,0.00,1684,0.00,1329,-3.00,247,2.00,1628,38.00,1413,0.08
11297,-4.00,204,0.00,200,-3.00,204,-4.00,205,0.00,202,-4.00,204,-4.00,204,-3.00,1403,-1.00,1503,-3.00,203,-4.00,204,-2.00,203,-5.00,205,-2.00,202,-3.00,203,0.00,1004,0.00,846,0.00,1684,0.00,1329,-3.00,247,3.00,1628,39.00,1413,0.08
11333,-3.00,204,0.00,201,-2.00,204,-3.00,205,-1.00,202,-3.00,204,-4.00,204,-3.00,1403,-2.00,1503,-3.00,203,-2.00,204,-2.00,203,-5.00,205,-1.00,202,-3.00,203,0.00,1003,0.00,846,0.00,1684,0.00,1329,-4.00,247,3.00,1628,39.00,1413,0.08
11369,-3.00,204,0.00,200,-2.00,204,-4.00,205,-1.00,202,-3.00,204,-4.00,204,-3.00,1403,-2.00,1503,-4.00,203,-5.00,204,-3.00,203,-4.00,205,0.00,202,-2.00,203,0.00,1003,0.00,846,0.00,1684,0.00,1329,-3.00,247,3.00,1628,39.00,1413,0.08
11404,-4.00,204,0.00,200,-4.00,204,-6.00,205,-1.00,202,-2.00,204,-4.00,204,-3.00,1403,-2.00,1503,-2.00,203,-3.00,204,-3.00,203,-5.00,205,-1.00,202,-4.00,203,0.00,1004,0.00,846,0.00,1684,0.00,1329,-2.00,247,3.00,1628,39.00,1413,0.08
11440,-4.00,204,0.00,200,-2.00,204,-4.00,205,-1.00,202,-1.00,204,-4.00,204,-4.00,1403,-3.00,1503,-2.00,203,-1.00,204,-3.00,203,-5.00,205,-2.00,202,-3.00,203,0.00,1003,0.00,846,0.00,1684,0.00,1329,-4.00,247,4.00,1628,39.00,1413,0.08
11476,-4.00,204,1.00,200,-3.00,204,-3.00,205,-1.00,202,-5.00,203,-4.00,204,-3.00,1403,-3.00,1503,-3.00,203,-2.00,204,-3.00,203,-3.00,205,-1.00,202,-2.00,203,0.00,1003,0.00,846,0.00,1684,0.00,1329,-4.00,247,3.00,1628,39.00,1413,0.08
11511,-2.00,204,0.00,200,-3.00,204,-4.00,205,-1.00,202,-5.00,204,-4.00,204,-2.00,1403,-2.00,1503,-2.00,203,-2.00,204,-3.00,203,-5.00,205,-2.00,202,-3.00,203,0.00,1004,0.00,846,0.00,1684,0.00,1329,-2.00,247,4.00,1628,39.00,1413,0.81
11547,-2.00,204,0.00,200,-3.00,204,-4.00,205,-1.00,202,-1.00,204,-4.00,204,-2.00,1403,-1.00,1503,-3.00,203,-2.00,204,-2.00,203,-3.00,205,0.00,202,-3.00,203,0.00,1004,0.00,846,0.00,1684,0.00,1329,-3.00,247,2.00,1628,39.00,1413,0.08
11583,-3.00,204,0.00,200,-2.00,204,-2.00,205,-1.00,202,-3.00,204,-4.00,204,-2.00,1403,-1.00,1503,-3.00,203,-2.00,204,-3.00,203,-2.00,205,-1.00,202,-2.00,203,0.00,1003,0.00,846,0.00,1684,0.00,1329,-3.00,247,4.00,1628,40.00,1413,0.00
11618,-3.00,204,1.00,200,-5.00,204,-4.00,205,-1.00,202,-4.00,204,-5.00,204,-4.00,1403,-2.00,1503,-3.00,203,-3.00,204,-3.00,203,-5.00,205,-1.00,202,-3.00,203,0.00,1003,0.00,846,0.00,1684,0.00,1329,-2.00,247,3.00,1628,39.00,1413,0.00
11654,-4.00,204,0.00,200,-3.00,204,-4.00,205,-2.00,202,-3.00,204,-4.00,204,-4.00,1403,-2.00,1503,-4.00,203,-3.00,204,-4.00,203,-4.00,205,-1.00,202,-4.00,203,0.00,1003,0.00,846,0.00,1684,0.00,1329,-2.00,247,3.00,1628,39.00,1413,0.32
11690,-2.00,204,0.00,200,-3.00,204,-3.00,205,-1.00,202,-3.00,204,-4.00,204,-4.00,1403,-2.00,1503,-4.00,203,-3.00,204,-4.00,203,-5.00,205,-1.00,202,-4.00,203,0.00,1004,0.00,846,0.00,1684,0.00,1329,-4.00,247,4.00,1628,39.00,1413,0.08
11726,-3.00,204,2.00,200,-2.00,204,-5.00,205,-1.00,202,2.00,204,-4.00,204,-3.00,1403,-2.00,1503,-3.00,203,-4.00,204,-3.00,203,-5.00,205,-2.00,202,-4.00,203,0.00,1003,0.00,846,0.00,1684,0.00,1329,-3.00,247,3.00,1628,39.00,1413,0.16
11762,-4.00,204,0.00,200,-2.00,204,-5.00,205,-2.00,202,3.00,204,-4.00,204,-3.00,1403,-3.00,1503,-3.00,203,-3.00,204,-4.00,203,-4.00,205,-1.00,202,-4.00,203,0.00,1004,0.00,846,0.00,1684,0.00,1329,-5.00,247,2.00,1628,39.00,1413,0.08
11797,-4.00,204,0.00,200,-2.00,204,-5.00,205,-1.00,202,-3.00,203,-4.00,204,-3.00,1403,-3.00,1503,-4.00,203,-2.00,204,-3.00,203,-4.00,205,-1.00,202,-4.00,203,0.00,1004,0.00,846,0.00,1684,0.00,1329,-2.00,247,3.00,1628,39.00,1413,0.00
11833,-2.00,204,0.00,200,-2.00,204,-4.00,205,-2.00,202,-4.00,204,-4.00,204,-3.00,1403,-2.00,1503,-4.00,203,-4.00,204,-5.00,203,-3.00,205,-1.00,202,-3.00,203,0.00,1003,0.00,846,0.00,1684,0.00,1329,-3.00,247,3.00,1628,39.00,1413,0.00
11869,-2.00,204,0.00,200,-3.00,204,-3.00,205,-1.00,202,-3.00,204,-4.00,204,-2.00,1403,-1.00,1503,-4.00,203,-2.00,204,-3.00,203,-5.00,205,-1.00,202,-3.00,203,0.00,1004,0.00,846,0.00,1684,0.00,1329,-4.00,247,3.00,1628,38.00,1413,0.08
11905,-3.00,204,0.00,200,-2.00,204,-5.00,205,-2.00,202,-3.00,204,-4.00,204,-2.00,1403,-2.00,1503,-3.00,203,-4.00,204,-3.00,203,-5.00,205,-1.00,202,-3.00,203,0.00,1004,0.00,846,0.00,1684,0.00,1329,-4.00,247,3.00,1628,39.00,1413,0.40
11940,-5.00,204,0.00,200,-3.00,204,-4.00,205,-1.00,202,-3.00,204,-4.00,204,-2.00,1403,-2.00,1503,-2.00,203,-2.00,204,-2.00,203,-5.00,205,-1.00,202,-3.00,203,0.00,1004,0.00,846,0.00,1684,0.00,1329,-2.00,247,4.00,1628,39.00,1413,0.00
11976,-2.00,204,0.00,200,-3.00,204,-3.00,205,-1.00,202,3.00,204,-4.00,204,-3.00,1403,-3.00,1503,-3.00,203,-2.00,204,-3.00,203,-3.00,205,-2.00,202,-2.00,203,0.00,1004,0.00,846,0.00,1684,0.00,1329,-3.00,247,3.00,1628,39.00,1413,0.00
12012,-4.00,204,1.00,200,-3.00,204,-4.00,205,-2.00,202,-4.00,204,-4.00,204,-2.00,1403,-3.00,1503,-2.00,203,-4.00,204,-4.00,203,-5.00,205,-1.00,202,-2.00,203,0.00,1004,0.00,846,0.00,1684,0.00,1329,-2.00,247,4.00,1628,39.00,1413,0.16
12047,-2.00,204,0.00,200,-2.00,204,-6.00,205,-1.00,202,-4.00,204,-5.00,204,-3.00,1403,-2.00,1503,-4.00,203,-3.00,204,-4.00,203,-5.00,205,-1.00,202,-2.00,203,0.00,1004,0.00,846,0.00,1684,0.00,1329,-3.00,247,4.00,1628,39.00,1413,0.32
12083,-3.00,204,-5.00,200,-4.00,204,-2.00,205,-1.00,202,-3.00,203,-4.00,204,-3.00,1403,-1.00,1503,-2.00,203,-3.00,204,-4.00,203,-5.00,205,-2.00,202,-3.00,203,0.00,1004,0.00,846,0.00,1684,0.00,1329,-4.00,247,3.00,1628,39.00,1413,0.00
12119,-3.00,204,0.00,200,-2.00,204,-5.00,205,-1.00,202,-4.00,204,-4.00,204,-4.00,1403,-1.00,1503,-4.00,203,-4.00,204,-4.00,203,-6.00,205,-1.00,202,-4.00,203,0.00,1004,0.00,846,0.00,1684,0.00,1329,-3.00,247,3.00,1628,39.00,1413,0.00
12155,-4.00,204,0.00,200,-2.00,204,-5.00,205,-1.00,202,-2.00,204,-4.00,204,-3.00,1403,-3.00,1503,-4.00,203,-3.00,204,-4.00,203,-5.00,205,-2.00,202,-1.00,203,0.00,1003,0.00,846,0.00,1684,0.00,1329,-4.00,247,4.00,1628,39.00,1413,0.08
12190,-2.00,204,0.00,200,-4.00,204,-2.00,205,-1.00,202,-4.00,204,-4.00,204,-4.00,1403,-2.00,1503,1.00,203,-2.00,204,-3.00,203,-5.00,205,-1.00,202,-4.00,203,0.00,1003,0.00,846,0.00,1684,0.00,1329,-2.00,247,3.00,1628,39.00,1413,0.00
12226,-4.00,204,0.00,200,-4.00,204,-5.00,205,-2.00,202,-3.00,204,-3.00,204,-2.00,1403,-2.00,1503,-2.00,203,-3.00,204,-4.00,203,-4.00,205,-1.00,202,-2.00,203,0.00,1004,0.00,846,0.00,1684,0.00,1329,-2.00,247,2.00,1628,39.00,1413,0.00
12262,-2.00,204,0.00,200,-4.00,204,-4.00,205,0.00,202,-4.00,204,-4.00,204,-2.00,1403,-2.00,1503,-4.00,203,-2.00,204,-4.00,203,-3.00,205,-1.00,202,-2.00,203,0.00,1004,0.00,846,0.00,1684,0.00,1329,-3.00,247,4.00,1628,39.00,1413,0.08
12298,-2.00,204,0.00,200,-3.00,204,-5.00,205,0.00,202,3.00,204,-4.00,204,-3.00,1403,-2.00,1503,-3.00,203,-3.00,204,-2.00,203,-5.00,205,-1.00,202,-3.00,203,0.00,1003,0.00,846,0.00,1684,0.00,1329,-5.00,247,3.00,1628,39.00,1413,0.08
12333,-2.00,204,0.00,200,-2.00,204,-4.00,205,-1.00,202,-5.00,204,-4.00,204,-3.00,1403,-2.00,1503,-3.00,203,-2.00,204,-2.00,203,-5.00,205,-1.00,202,-2.00,203,0.00,1004,0.00,846,0.00,1684,0.00,1329,-4.00,247,3.00,1628,39.00,1413,0.24
12369,-4.00,204,-1.00,200,-4.00,204,-3.00,205,-1.00,202,-3.00,204,-4.00,204,-4.00,1403,-3.00,1503,-3.00,203,-2.00,204,-3.00,203,-5.00,205,-2.00,202,-3.00,203,0.00,1004,0.00,846,0.00,1684,0.00,1329,-3.00,247,3.00,1628,39.00,1413,0.00
12405,-4.00,204,0.00,200,-4.00,204,-6.00,205,-1.00,202,-1.00,204,-4.00,204,-2.00,1403,-3.00,1503,-4.00,203,-4.00,204,-3.00,203,-5.00,205,-1.00,202,-3.00,203,0.00,1004,0.00,846,0.00,1684,0.00,1329,-1.00,247,3.00,1628,40.00,1413,0.16
12441,-4.00,204,0.00,200,-3.00,204,-6.00,205,-2.00,202,-1.00,203,-4.00,204,-3.00,1403,-2.00,1503,-3.00,203,-3.00,204,-4.00,203,-4.00,205,-2.00,202,-3.00,203,0.00,1004,0.00,846,0.00,1684,0.00,1329,-3.00,247,4.00,1628,40.00,1413,0.24
12476,-3.00,204,0.00,200,-3.00,204,-4.00,205,0.00,202,-3.00,203,-4.00,204,-3.00,1403,-2.00,1503,-3.00,203,-3.00,204,-2.00,203,-3.00,205,0.00,202,-4.00,203,0.00,1003,0.00,846,0.00,1684,0.00,1329,-3.00,247,3.00,1628,39.00,1413,0.08
12512,-2.00,204,0.00,200,-3.00,204,-5.00,205,-2.00,202,-4.00,204,-4.00,204,-9.00,1403,-2.00,1503,-4.00,203,-4.00,204,-4.00,203,-4.00,205,-2.00,202,-3.00,203,0.00,1003,0.00,846,0.00,1684,0.00,1329,-1.00,247,4.00,1628,39.00,1413,0.00
12548,-4.00,204,-3.00,200,-3.00,204,-5.00,205,-1.00,202,-3.00,204,-4.00,204,-2.00,1403,-2.00,1503,-2.00,203,-4.00,204,-3.00,203,-3.00,205,-1.00,202,-2.00,203,0.00,1003,0.00,846,0.00,1684,0.00,1329,-2.00,247,3.00,1628,39.00,1413,0.00
12584,-4.00,204,0.00,200,-3.00,204,-5.00,205,-1.00,202,-5.00,204,-4.00,204,-3.00,1403,-3.00,1503,-4.00,203,-3.00,204,-2.00,203,-4.00,205,-1.00,202,-3.00,203,0.00,1004,0.00,846,0.00,1684,0.00,1329,-2.00,247,3.00,1628,39.00,1413,0.16
12620,-3.00,204,0.00,200,-4.00,204,-5.00,205,-1.00,202,-3.00,204,-4.00,204,-4.00,1403,-2.00,1503,-4.00,203,-4.00,204,-3.00,203,-4.00,205,-1.00,202,-4.00,203,0.00,1004,0.00,846,0.00,1684,0.00,1329,-2.00,247,4.00,1628,39.00,1413,0.00
12655,-3.00,204,0.00,200,-2.00,204,-4.00,205,-1.00,202,-3.00,204,-5.00,204,-3.00,1403,-1.00,1503,-2.00,203,-4.00,204,-3.00,203,-3.00,205,-1.00,202,-3.00,203,0.00,1003,0.00,846,0.00,1684,0.00,1329,-3.00,247,3.00,1628,39.00,1413,0.00
12691,-2.00,204,0.00,200,-3.00,204,-4.00,205,-1.00,202,-3.00,203,-4.00,204,-3.00,1403,-3.00,1503,-3.00,203,-2.00,204,-3.00,203,-5.00,205,-1.00,202,-3.00,203,0.00,1003,0.00,846,0.00,1684,0.00,1329,-4.00,247,3.00,1628,39.00,1413,0.08
12727,-2.00,204,0.00,200,-4.00,204,-5.00,205,-2.00,202,-2.00,204,-4.00,204,-4.00,1403,-2.00,1503,-3.00,203,-4.00,204,-4.00,203,-5.00,205,-1.00,202,-4.00,203,0.00,1003,0.00,846,0.00,1684,0.00,1329,-2.00,247,3.00,1628,39.00,1413,0.08
12763,-2.00,204,0.00,200,-3.00,204,-4.00,205,-2.00,202,-3.00,204,-4.00,204,-4.00,1403,-1.00,1503,-3.00,203,-3.00,204,-2.00,203,-5.00,205,-1.00,202,-2.00,203,0.00,1004,0.00,846,0.00,1684,0.00,1329,-3.00,247,2.00,1628,39.00,1413,0.08
12798,-3.00,204,0.00,200,-2.00,204,-3.00,205,-2.00,202,-4.00,204,-4.00,204,-2.00,1403,-2.00,1503,-4.00,203,-2.00,204,-4.00,203,-5.00,205,0.00,202,-3.00,203,0.00,1004,0.00,846,0.00,1684,0.00,1329,-4.00,247,3.00,1628,39.00,1413,0.00
12834,-3.00,204,0.00,200,-3.00,204,-2.00,205,-1.00,202,-3.00,204,-4.00,204,-2.00,1403,-2.00,1503,-4.00,203,-4.00,204,-2.00,203,-5.00,205,-1.00,202,-2.00,203,0.00,1004,0.00,846,0.00,1684,0.00,1329,-4.00,247,4.00,1628,39.00,1413,0.48
12870,-2.00,204,0.00,200,-2.00,204,-3.00,205,-1.00,202,-4.00,204,-4.00,204,-3.00,1403,-2.00,1503,-3.00,203,-4.00,204,-2.00,203,-5.00,205,-2.00,202,-2.00,203,0.00,1003,0.00,846,0.00,1684,0.00,1329,-4.00,247,4.00,1628,39.00,1413,0.08
12905,-2.00,204,0.00,200,-4.00,204,-5.00,205,-2.00,202,-6.00,204,-4.00,204,-3.00,1403,-1.00,1503,-2.00,203,-5.00,204,-2.00,203,-5.00,205,-1.00,202,-4.00,203,0.00,1004,0.00,846,0.00,1684,0.00,1329,-2.00,247,4.00,1628,39.00,1413,0.08
12941,-2.00,204,0.00,200,-4.00,204,-4.00,205,-1.00,202,4.00,204,-4.00,204,-2.00,1403,-1.00,1503,-2.00,203,-2.00,204,-2.00,203,-5.00,205,0.00,202,-4.00,203,0.00,1003,0.00,846,0.00,1684,0.00,1329,-3.00,247,2.00,1628,39.00,1413,0.08
12977,-2.00,204,0.00,200,-4.00,204,-3.00,205,-2.00,202,-4.00,203,-4.00,204,-3.00,1403,-3.00,1503,-2.00,203,-4.00,204,-2.00,203,-4.00,205,-1.00,202,-3.00,203,0.00,1004,0.00,846,0.00,1684,0.00,1329,-4.00,247,3.00,1628,39.00,1413,0.08
13013,-3.00,204,0.00,200,-2.00,204,-3.00,205,-1.00,202,-4.00,204,-5.00,204,-3.00,1403,-1.00,1503,-2.00,203,-4.00,204,-3.00,203,-4.00,205,-1.00,202,-3.00,203,0.00,1004,0.00,846,0.00,1684,0.00,1329,-4.00,247,4.00,1628,39.00,1413,0.32
13049,-4.00,204,0.00,200,-3.00,204,-5.00,205,0.00,202,-3.00,203,-4.00,204,-2.00,1403,-1.00,1503,-3.00,203,-2.00,204,-3.00,203,-4.00,205,-1.00,202,-3.00,203,0.00,1004,0.00,846,0.00,1684,0.00,1329,-3.00,247,4.00,1628,39.00,1413,0.00
13084,-3.00,204,0.00,200,-4.00,204,-3.00,205,-1.00,202,-5.00,204,-4.00,204,-3.00,1403,-1.00,1503,-2.00,203,-2.00,204,-2.00,203,-5.00,205,0.00,202,-2.00,203,0.00,1004,0.00,846,0.00,1684,0.00,1329,-3.00,247,3.00,1628,39.00,1413,0.08
13120,-4.00,204,0.00,200,-2.00,204,-3.00,205,-1.00,202,0.00,204,-4.00,204,-3.00,1403,-3.00,1503,-3.00,203,-2.00,204,-3.00,203,-4.00,205,-1.00,202,-3.00,203,0.00,1003,0.00,846,0.00,1684,0.00,1329,-4.00,247,4.00,1628,39.00,1413,0.08
13156,-3.00,204,0.00,200,-3.00,204,-5.00,205,0.00,202,-2.00,204,-4.00,204,-2.00,1403,-3.00,1503,-2.00,203,-3.00,204,-3.00,203,-5.00,205,-2.00,202,-3.00,203,0.00,1003,0.00,846,0.00,1684,0.00,1329,-3.00,247,2.00,1628,39.00,1413,0.08
13192,-5.00,204,0.00,200,-3.00,204,-5.00,205,0.00,202,-4.00,204,-4.00,204,-3.00,1403,-3.00,1503,-2.00,203,-4.00,204,-2.00,203,-2.00,205,-1.00,202,-4.00,203,0.00,1004,0.00,846,0.00,1684,0.00,1329,-3.00,247,3.00,1628,39.00,1413,0.08
13227,-4.00,204,0.00,200,-3.00,204,-3.00,205,-1.00,202,-4.00,204,-4.00,204,-3.00,1403,-1.00,1503,-4.00,203,-3.00,204,-5.00,203,-5.00,205,0.00,202,-2.00,203,0.00,1004,0.00,846,0.00,1684,0.00,1329,-4.00,247,3.00,1628,39.00,1413,0.16
13263,-4.00,204,0.00,200,-3.00,204,-5.00,205,-1.00,202,-4.00,204,-4.00,204,-3.00,1403,-1.00,1503,-4.00,203,-2.00,204,-4.00,203,-5.00,205,-1.00,202,-3.00,203,0.00,1004,0.00,846,0.00,1684,0.00,1329,-2.00,247,2.00,1628,39.00,1413,0.24
13299,-4.00,204,0.00,200,-4.00,204,-5.00,205,-1.00,202,3.00,204,-4.00,204,-2.00,1403,-1.00,1503,-3.00,203,-4.00,204,-4.00,203,-3.00,205,-1.00,202,-4.00,203,0.00,1003,0.00,846,0.00,1684,0.00,1329,-2.00,247,2.00,1628,39.00,1413,0.24
13335,-3.00,204,0.00,200,-4.00,204,-3.00,205,-1.00,202,-4.00,204,-4.00,204,-4.00,1403,-2.00,1503,-4.00,203,-3.00,204,-3.00,203,-2.00,205,-1.00,202,-4.00,203,0.00,1004,0.00,846,0.00,1684,0.00,1329,-4.00,247,4.00,1628,39.00,1413,0.08
13371,-2.00,204,0.00,200,-3.00,204,-5.00,205,-1.00,202,4.00,203,-3.00,204,-3.00,1403,-3.00,1503,-4.00,203,-5.00,204,-3.00,203,-3.00,205,-1.00,202,-2.00,203,0.00,1003,0.00,846,0.00,1684,0.00,1329,-4.00,247,3.00,1628,38.00,1413,0.08
13407,-4.00,204,0.00,200,-4.00,204,-5.00,205,-1.00,202,-5.00,204,-4.00,204,-3.00,1403,-2.00,1503,-5.00,203,-2.00,204,-2.00,203,-3.00,205,-2.00,202,-3.00,203,0.00,1004,0.00,846,0.00,1684,0.00,1329,-2.00,247,4.00,1628,39.00,1413,0.00
13442,-3.00,204,0.00,200,4.00,204,-2.00,205,-2.00,202,-3.00,204,-5.00,204,-3.00,1403,-1.00,1503,-4.00,203,-4.00,204,-1.00,203,-4.00,205,-1.00,202,-3.00,203,0.00,1003,0.00,846,0.00,1684,0.00,1329,-4.00,247,4.00,1628,39.00,1413,0.08
13478,-3.00,204,0.00,200,-4.00,204,-5.00,205,-1.00,202,-3.00,204,-4.00,204,-3.00,1403,-2.00,1503,-2.00,203,-3.00,204,-4.00,203,-5.00,205,0.00,202,-2.00,203,0.00,1004,0.00,846,0.00,1684,0.00,1329,-2.00,247,4.00,1628,38.00,1413,0.08
13514,-4.00,204,0.00,200,-4.00,204,-4.00,205,-1.00,202,-3.00,204,-4.00,204,-2.00,1403,-2.00,1503,-5.00,203,-4.00,204,-4.00,203,-4.00,205,-1.00,202,-2.00,203,0.00,1003,0.00,846,0.00,1684,0.00,1329,-4.00,247,3.00,1628,39.00,1413,0.32
13550,-1.00,204,0.00,200,-4.00,204,-5.00,205,-1.00,202,-4.00,204,-5.00,204,-3.00,1403,-2.00,1503,-3.00,203,-3.00,204,-5.00,203,-4.00,205,-1.00,202,-3.00,203,0.00,1003,0.00,846,0.00,1684,0.00,1329,-2.00,247,3.00,1628,40.00,1413,0.00
13585,-3.00,204,1.00,200,-2.00,204,-3.00,205,-1.00,202,-4.00,204,-4.00,204,-2.00,1403,-2.00,1503,-3.00,203,-3.00,204,-4.00,203,-5.00,205,-1.00,202,-5.00,203,0.00,1003,0.00,846,0.00,1684,0.00,1329,-4.00,247,3.00,1628,38.00,1413,0.32
13621,-3.00,204,0.00,200,-4.00,204,-3.00,205,-2.00,202,-4.00,204,-4.00,204,-3.00,1403,-3.00,1503,1.00,203,-2.00,204,-3.00,203,-5.00,205,-1.00,202,-4.00,203,0.00,1004,0.00,846,0.00,1684,0.00,1329,-4.00,247,2.00,1628,39.00,1413,0.08
13657,-4.00,204,0.00,200,-4.00,204,-4.00,205,-1.00,202,-5.00,204,-4.00,204,-4.00,1403,-2.00,1503,-2.00,203,-5.00,204,-4.00,203,-4.00,205,-2.00,202,-3.00,203,0.00,1003,0.00,846,0.00,1684,0.00,1329,-4.00,247,2.00,1628,39.00,1413,0.08
13693,-4.00,204,0.00,200,-3.00,204,-5.00,205,-1.00,202,0.00,204,-4.00,204,-2.00,1403,-2.00,1503,-2.00,203,-4.00,204,-5.00,203,-4.00,205,-1.00,202,-2.00,203,0.00,1004,0.00,846,0.00,1684,0.00,1329,-3.00,247,4.00,1628,38.00,1413,0.00
13728,-2.00,204,0.00,200,-3.00,204,-4.00,205,-1.00,202,-1.00,204,-4.00,204,-2.00,1403,-3.00,1503,-3.00,203,-4.00,204,-4.00,203,-3.00,205,-1.00,202,-2.00,203,0.00,1004,0.00,846,0.00,1684,0.00,1329,-2.00,247,3.00,1628,39.00,1413,0.00
13764,-2.00,204,-1.00,200,-2.00,204,-5.00,205,-1.00,202,-4.00,204,-4.00,204,-2.00,1403,-1.00,1503,-2.00,203,-4.00,204,-2.00,203,-5.00,205,-1.00,202,-2.00,203,0.00,1004,0.00,846,0.00,1684,0.00,1329,-3.00,247,2.00,1628,39.00,1413,0.00
13800,-1.00,204,0.00,200,-4.00,204,-6.00,205,-1.00,202,-4.00,204,-4.00,204,-2.00,1403,-1.00,1503,-3.00,203,-2.00,204,-4.00,203,-5.00,205,-1.00,202,-2.00,203,0.00,1004,0.00,846,0.00,1684,0.00,1329,-1.00,247,3.00,1628,40.00,1413,0.08
13836,-2.00,204,0.00,200,-2.00,204,-3.00,205,-2.00,202,-3.00,203,-4.00,204,-4.00,1403,-3.00,1503,-4.00,203,-4.00,204,-3.00,203,-5.00,205,-2.00,202,-3.00,203,0.00,1003,0.00,846,0.00,1684,0.00,1329,-3.00,247,4.00,1628,39.00,1413,0.08
13871,-2.00,204,0.00,200,-2.00,204,-6.00,205,0.00,202,-4.00,203,-4.00,204,-2.00,1403,-2.00,1503,-2.00,203,-4.00,204,-4.00,203,-4.00,205,-1.00,202,-2.00,203,0.00,1004,0.00,846,0.00,1684,0.00,1329,-3.00,247,3.00,1628,39.00,1413,0.32
13907,-2.00,204,0.00,200,-3.00,204,-5.00,205,0.00,202,-3.00,204,-4.00,204,-3.00,1403,-2.00,1503,-3.00,203,-1.00,204,-4.00,203,-3.00,205,0.00,202,-3.00,203,0.00,1004,0.00,846,0.00,1684,0.00,1329,-2.00,247,4.00,1628,39.00,1413,0.08
13943,-2.00,204,0.00,200,-2.00,204,-5.00,205,-2.00,202,-2.00,203,-4.00,204,-2.00,1403,-3.00,1503,-4.00,203,-3.00,204,-4.00,203,-3.00,205,-1.00,202,-2.00,203,0.00,1003,0.00,846,0.00,1684,0.00,1329,-1.00,247,4.00,1628,39.00,1413,0.16
13979,-2.00,204,0.00,200,-3.00,204,-6.00,205,-1.00,202,-4.00,204,-4.00,204,-2.00,1403,-3.00,1503,-3.00,203,-3.00,204,-2.00,203,-4.00,205,-1.00,202,-4.00,203,0.00,1003,0.00,846,0.00,1684,0.00,1329,-2.00,247,4.00,1628,39.00,1413,0.08
14014,-2.00,204,0.00,200,-3.00,204,-5.00,205,-1.00,202,-3.00,204,-4.00,204,-2.00,1403,-2.00,1503,-3.00,203,-2.00,204,-3.00,203,-5.00,205,-2.00,202,-3.00,203,0.00,1004,0.00,846,0.00,1684,0.00,1329,-4.00,247,4.00,1628,39.00,1413,0.08
14050,-2.00,204,-1.00,200,-4.00,204,-2.00,205,-1.00,202,3.00,204,-4.00,204,-3.00,1403,-2.00,1503,-4.00,203,-2.00,204,-3.00,203,-4.00,205,-2.00,202,-3.00,203,0.00,1004,0.00,846,0.00,1684,0.00,1329,-3.00,247,2.00,1628,39.00,1413,0.08
14086,-3.00,204,0.00,200,-3.00,204,-2.00,205,-1.00,202,-5.00,203,-3.00,204,-3.00,1403,-1.00,1503,-2.00,203,-2.00,204,-2.00,203,-4.00,205,-2.00,202,-3.00,203,0.00,1003,0.00,846,0.00,1684,0.00,1329,-3.00,247,2.00,1628,39.00,1413,0.00
14122,-2.00,204,0.00,200,-2.00,204,-2.00,205,-1.00,202,-5.00,204,-4.00,204,-3.00,1403,-2.00,1503,-2.00,203,-3.00,204,-3.00,203,-3.00,205,-1.00,202,-2.00,203,0.00,1004,0.00,846,0.00,1684,0.00,1329,-4.00,247,2.00,1628,39.00,1413,0.00
14158,-2.00,204,0.00,200,-2.00,204,-4.00,205,-2.00,202,-7.00,204,-4.00,204,-3.00,1403,-2.00,1503,-4.00,203,-2.00,204,-3.00,203,-5.00,205,-2.00,202,-4.00,203,0.00,1004,0.00,846,0.00,1684,0.00,1329,-4.00,247,3.00,1628,39.00,1413,0.00
14193,-4.00,204,-1.00,200,-2.00,204,-3.00,205,-1.00,202,-4.00,204,-4.00,204,-4.00,1403,-3.00,1503,-2.00,203,-3.00,204,-2.00,203,-3.00,205,-1.00,202,-2.00,203,0.00,1003,0.00,846,0.00,1684,0.00,1329,-2.00,247,4.00,1628,39.00,1413,0.08
14229,-4.00,204,0.00,200,-2.00,204,-5.00,205,0.00,202,-3.00,204,-4.00,204,-2.00,1403,-2.00,1503,-3.00,203,-3.00,204,-1.00,203,-5.00,205,-2.00,202,-3.00,203,0.00,1003,0.00,846,0.00,1684,0.00,1329,-3.00,247,2.00,1628,39.00,1413,0.00
14265,-3.00,204,0.00,200,-2.00,204,-3.00,205,-1.00,202,-4.00,204,-4.00,204,-2.00,1403,-3.00,1503,-4.00,203,-3.00,204,-3.00,203,-3.00,205,-1.00,202,-2.00,203,0.00,1004,0.00,846,0.00,1684,0.00,1329,-4.00,247,4.00,1628,39.00,1413,0.08
14301,-2.00,204,0.00,200,-3.00,204,-5.00,205,-1.00,202,1.00,204,-4.00,204,-2.00,1403,-3.00,1503,-5.00,203,-2.00,204,-3.00,203,-3.00,205,-1.00,202,-3.00,203,0.00,1003,0.00,846,0.00,1684,0.00,1329,-2.00,247,3.00,1628,39.00,1413,0.08
14336,-2.00,204,0.00,200,-2.00,204,-5.00,205,-2.00,202,-6.00,203,-3.00,204,-3.00,1403,-3.00,1503,-4.00,203,-2.00,204,-3.00,203,-3.00,205,-1.00,202,-3.00,203,0.00,1004,0.00,846,0.00,1684,0.00,1329,-4.00,247,2.00,1628,39.00,1413,0.24
14372,-3.00,204,0.00,200,-4.00,204,-4.00,205,-1.00,202,-5.00,204,-4.00,204,-4.00,1403,-3.00,1503,-3.00,203,-3.00,204,-2.00,203,-5.00,205,-1.00,202,-2.00,203,0.00,1003,0.00,846,0.00,1684,0.00,1329,-2.00,247,4.00,1628,39.00,1413,0.00
14408,-3.00,204,0.00,200,-3.00,204,-3.00,205,-2.00,202,-1.00,204,-4.00,204,-4.00,1403,-1.00,1503,-2.00,203,-4.00,204,-4.00,203,-4.00,205,0.00,202,-3.00,203,0.00,1003,0.00,846,0.00,1684,0.00,1329,-2.00,247,2.00,1628,39.00,1413,0.00
14443,-4.00,204,0.00,200,-3.00,204,-4.00,205,-1.00,202,-3.00,204,-4.00,204,-4.00,1403,-2.00,1503,-2.00,203,-4.00,204,-2.00,203,-5.00,205,0.00,202,-4.00,203,0.00,1004,0.00,846,0.00,1684,0.00,1329,-4.00,247,4.00,1628,39.00,1413,0.40
14479,-2.00,204,1.00,200,-4.00,204,-3.00,205,0.00,202,-5.00,204,-4.00,204,-2.00,1403,-3.00,1503,-3.00,203,-2.00,204,-3.00,203,-4.00,205,-2.00,202,-2.00,203,0.00,1004,0.00,846,0.00,1684,0.00,1329,-4.00,247,3.00,1628,39.00,1413,0.16
14515,-3.00,204,0.00,200,-2.00,204,-4.00,205,0.00,202,-4.00,204,-4.00,204,-2.00,1403,-2.00,1503,-4.00,203,-3.00,204,-4.00,203,-5.00,205,-1.00,202,-2.00,203,0.00,1003,0.00,846,0.00,1684,0.00,1329,-3.00,247,4.00,1628,39.00,1413,0.08
14551,-2.00,204,0.00,200,-2.00,204,-4.00,205,-1.00,202,3.00,204,-4.00,204,-3.00,1403,-2.00,1503,-3.00,203,-3.00,204,-2.00,203,-5.00,205,-1.00,202,-2.00,203,0.00,1004,0.00,846,0.00,1684,0.00,1329,-4.00,247,4.00,1628,39.00,1413,0.08
14587,-4.00,204,-3.00,200,-3.00,204,-6.00,205,-1.00,202,-4.00,204,-4.00,204,-3.00,1403,-2.00,1503,-2.00,203,-3.00,204,-3.00,203,-4.00,205,-1.00,202,-4.00,203,0.00,1003,0.00,846,0.00,1684,0.00,1329,-5.00,247,2.00,1628,39.00,1413,0.00
14623,-2.00,204,0.00,200,-2.00,204,-4.00,205,0.00,202,-4.00,204,-4.00,204,-3.00,1403,-1.00,1503,-3.00,203,-4.00,204,-4.00,203,-5.00,205,-1.00,202,-4.00,203,0.00,1003,0.00,846,0.00,1684,0.00,1329,-3.00,247,4.00,1628,38.00,1413,0.08
14658,-4.00,204,0.00,200,-4.00,204,-4.00,205,-1.00,202,-4.00,203,-4.00,204,-2.00,1403,-1.00,1503,-4.00,203,-4.00,204,-4.00,203,-4.00,205,0.00,202,-4.00,203,0.00,1004,0.00,846,0.00,1684,0.00,1329,-2.00,247,3.00,1628,39.00,1413,0.08
14694,-4.00,204,0.00,200,-2.00,204,-2.00,205,-1.00,202,-4.00,204,-3.00,204,-4.00,1403,-3.00,1503,-4.00,203,-2.00,204,-3.00,203,-4.00,205,-1.00,202,-2.00,203,0.00,1003,0.00,846,0.00,1684,0.00,1329,-5.00,247,3.00,1628,39.00,1413,0.48
14730,-4.00,204,0.00,200,-3.00,204,-5.00,205,-1.00,202,-3.00,204,-4.00,204,-2.00,1403,-3.00,1503,-2.00,203,-3.00,204,-4.00,203,-4.00,205,-1.00,202,-3.00,203,0.00,1004,0.00,846,0.00,1684,0.00,1329,-2.00,247,2.00,1628,40.00,1413,0.00
14766,-4.00,204,0.00,200,-4.00,204,-3.00,205,-1.00,202,-3.00,204,-4.00,204,-4.00,1403,-1.00,1503,-4.00,203,-4.00,204,-3.00,203,-3.00,205,0.00,202,-4.00,203,0.00,1004,0.00,846,0.00,1684,0.00,1329,-4.00,247,2.00,1628,39.00,1413,0.08
14801,-3.00,204,0.00,200,-4.00,204,-3.00,205,-1.00,202,-3.00,204,-4.00,204,-4.00,1403,-3.00,1503,-4.00,203,-3.00,204,-4.00,203,-5.00,205,-1.00,202,-2.00,203,0.00,1004,0.00,846,0.00,1684,0.00,1329,-2.00,247,3.00,1628,39.00,1413,0.16
14837,-4.00,204,0.00,200,-4.00,204,-4.00,205,-1.00,202,-4.00,204,-4.00,204,-2.00,1403,-1.00,1503,-3.00,203,-2.00,204,-4.00,203,-5.00,205,-2.00,202,-4.00,203,0.00,1004,0.00,846,0.00,1684,0.00,1329,-4.00,247,3.00,1628,39.00,1413,0.08
14873,-2.00,204,0.00,200,-4.00,204,-2.00,205,-1.00,202,-4.00,204,-4.00,204,-4.00,1403,-2.00,1503,-2.00,203,-2.00,204,-2.00,203,-3.00,205,-1.00,202,-2.00,203,0.00,1003,0.00,846,0.00,1684,0.00,1329,-2.00,247,2.00,1628,39.00,1413,0.16
14909,-4.00,204,0.00,200,-2.00,204,-4.00,205,-2.00,202,-5.00,204,-4.00,204,-3.00,1403,-1.00,1503,-4.00,203,-4.00,204,-3.00,203,-5.00,205,-1.00,202,-1.00,203,0.00,1004,0.00,846,0.00,1684,0.00,1329,-2.00,247,2.00,1628,39.00,1413,0.00
14944,-3.00,204,-3.00,200,-2.00,204,-5.00,205,-1.00,202,-4.00,204,-3.00,204,-3.00,1403,-3.00,1503,-3.00,203,-4.00,204,-2.00,203,-4.00,205,-1.00,202,-2.00,203,0.00,1004,0.00,846,0.00,1684,0.00,1329,-5.00,247,3.00,1628,39.00,1413,0.08
14980,-3.00,204,0.00,200,-3.00,204,-5.00,205,-1.00,202,-3.00,204,-4.00,204,-4.00,1403,-1.00,1503,-3.00,203,-3.00,204,-4.00,203,-5.00,205,0.00,202,-4.00,203,0.00,1003,0.00,846,0.00,1684,0.00,1329,-3.00,247,3.00,1628,38.00,1413,0.08
15016,-3.00,204,0.00,200,-2.00,204,-4.00,205,-1.00,202,-4.00,204,-4.00,204,-4.00,1403,4.00,1503,-3.00,203,-2.00,204,-2.00,203,-4.00,205,-1.00,202,-3.00,203,0.00,1004,0.00,846,0.00,1684,0.00,1329,-4.00,247,4.00,1628,39.00,1413,0.00
15052,-4.00,204,1.00,200,-4.00,204,-5.00,205,-1.00,202,-4.00,204,-4.00,204,-3.00,1403,-1.00,1503,-3.00,203,-4.00,204,-1.00,203,-5.00,205,-1.00,202,-4.00,203,0.00,1003,0.00,846,0.00,1684,0.00,1329,-4.00,247,4.00,1628,39.00,1413,0.08
15088,-4.00,204,0.00,200,-3.00,204,-3.00,205,-1.00,202,-4.00,204,-4.00,204,-3.00,1403,-2.00,1503,-4.00,203,-1.00,204,-3.00,203,-2.00,205,-2.00,202,-2.00,203,0.00,1003,0.00,846,0.00,1684,0.00,1329,-3.00,247,3.00,1628,39.00,1413,0.08
15123,-3.00,204,0.00,200,-3.00,204,-5.00,205,0.00,202,-4.00,204,-3.00,204,-4.00,1403,-1.00,1503,-2.00,203,-2.00,204,-2.00,203,-5.00,205,0.00,202,-3.00,203,0.00,1003,0.00,846,0.00,1684,0.00,1329,-1.00,247,2.00,1628,39.00,1413,0.08
15159,-4.00,204,0.00,200,-4.00,204,-3.00,205,-1.00,202,-4.00,204,-3.00,204,-4.00,1403,-1.00,1503,-2.00,203,-4.00,204,-3.00,203,-5.00,205,-1.00,202,-3.00,203,0.00,1004,0.00,846,0.00,1684,0.00,1329,-2.00,247,2.00,1628,39.00,1413,0.08
15195,-2.00,204,0.00,200,-2.00,204,-5.00,205,-1.00,202,-5.00,204,-3.00,204,-2.00,1403,-2.00,1503,-3.00,203,-4.00,204,-4.00,203,-4.00,205,-1.00,202,-2.00,203,0.00,1004,0.00,846,0.00,1684,0.00,1329,-5.00,247,2.00,1628,39.00,1413,0.08
15231,-3.00,204,0.00,200,-2.00,204,-5.00,205,-1.00,202,-4.00,204,-4.00,204,-2.00,1403,-2.00,1503,-4.00,203,-2.00,204,-3.00,203,-4.00,205,-2.00,202,-3.00,203,0.00,1003,0.00,846,0.00,1684,0.00,1329,-4.00,247,3.00,1628,39.00,1413,0.08
15266,-4.00,204,0.00,200,-2.00,204,-4.00,205,-1.00,202,3.00,204,-4.00,204,-3.00,1403,-3.00,1503,-3.00,203,-3.00,204,-3.00,203,-4.00,205,0.00,202,-3.00,203,0.00,1003,0.00,846,0.00,1684,0.00,1329,-2.00,247,3.00,1628,39.00,1413,0.08
15302,-3.00,204,0.00,200,-3.00,204,-4.00,205,-1.00,202,-4.00,204,-4.00,204,-3.00,1403,-3.00,1503,-3.00,203,-4.00,204,-3.00,203,-5.00,205,-1.00,202,-4.00,203,0.00,1004,0.00,846,0.00,1684,0.00,1329,-3.00,247,2.00,1628,39.00,1413,0.16
15338,-3.00,204,0.00,200,-3.00,204,-4.00,205,-1.00,202,-3.00,204,-4.00,204,-3.00,1403,-2.00,1503,-3.00,203,-2.00,204,-2.00,203,-4.00,205,0.00,202,-4.00,203,0.00,1004,0.00,846,0.00,1684,0.00,1329,-3.00,247,4.00,1628,39.00,1413,0.00
15374,-3.00,204,1.00,200,-3.00,204,-3.00,205,0.00,202,-3.00,203,-4.00,204,-3.00,1403,-3.00,1503,-1.00,203,-2.00,204,-3.00,203,-4.00,205,-1.00,202,-3.00,203,0.00,1004,0.00,846,0.00,1684,0.00,1329,-4.00,247,2.00,1628,39.00,1413,0.08
15409,-5.00,204,0.00,200,-4.00,204,-4.00,205,-2.00,202,-4.00,204,-4.00,204,-2.00,1403,-1.00,1503,-2.00,203,-2.00,204,-3.00,203,-4.00,205,-1.00,202,-4.00,203,0.00,1003,0.00,846,0.00,1684,0.00,1329,-3.00,247,2.00,1628,39.00,1413,0.08
15445,-3.00,204,0.00,200,-3.00,204,-4.00,205,-1.00,202,-4.00,204,-5.00,204,-3.00,1403,-1.00,1503,-2.00,203,-3.00,204,-4.00,203,-3.00,205,0.00,202,-3.00,203,0.00,1003,0.00,846,0.00,1684,0.00,1329,-2.00,247,4.00,1628,40.00,1413,0.08
15481,-3.00,204,0.00,200,-2.00,204,-2.00,205,-1.00,202,1.00,204,-4.00,204,-3.00,1403,-1.00,1503,-2.00,203,-3.00,204,-5.00,203,-4.00,205,-2.00,202,-4.00,203,0.00,1003,0.00,846,0.00,1684,0.00,1329,-2.00,247,2.00,1628,38.00,1413,0.16
15517,-3.00,204,0.00,200,-4.00,204,-4.00,205,-2.00,202,-1.00,204,-4.00,204,-3.00,1403,-1.00,1503,-2.00,203,-2.00,204,-1.00,203,-5.00,205,-1.00,202,-2.00,203,0.00,1004,0.00,846,0.00,1684,0.00,1329,-2.00,247,2.00,1628,39.00,1413,0.08