Format Version,1.24,Take Name,Push_90_deg_007,Take Notes,,Capture Frame Rate,100.000000,Export Frame Rate,100.000000,Capture Start Time,2025-02-03 02.26.41.124 午前,Capture Start Frame,5351695,Total Frames in Take,1501,Total Exported Frames,1501,Rotation Type,Quaternion,Length Units,Millimeters,Coordinate Space,Local

,Type,Rigid Body,Rigid Body,Rigid Body,Rigid Body,Rigid Body,Rigid Body,Rigid Body
,Name,Rigid Body 002,Rigid Body 002,Rigid Body 002,Rigid Body 002,Rigid Body 002,Rigid Body 002,Rigid Body 002
,ID,7081C4A4E11211EF3C28FEC2583C42A9,7081C4A4E11211EF3C28FEC2583C42A9,7081C4A4E11211EF3C28FEC2583C42A9,7081C4A4E11211EF3C28FEC2583C42A9,7081C4A4E11211EF3C28FEC2583C42A9,7081C4A4E11211EF3C28FEC2583C42A9,7081C4A4E11211EF3C28FEC2583C42A9
,,Rotation,Rotation,Rotation,Rotation,Position,Position,Position
Frame,Time (Seconds),X,Y,Z,W,X,Y,Z
0,0.000000,-0.002832,-0.003226,-0.000379,0.999991,158.484009,421.851288,63.632862
1,0.010000,-0.002770,-0.003245,-0.000312,0.999991,158.475327,421.842987,63.641415
2,0.020000,,,,,,,
3,0.030000,-0.002772,-0.003265,-0.000249,0.999991,158.459564,421.842590,63.633427
4,0.040000,-0.002780,-0.003294,-0.000231,0.999991,158.459824,421.844330,63.629448
5,0.050000,-0.002785,-0.003313,-0.000223,0.999991,158.464920,421.844421,63.625664
6,0.060000,-0.002804,-0.003315,-0.000255,0.999991,158.473816,421.845917,63.616829
7,0.070000,-0.002798,-0.003354,-0.000209,0.999990,158.485870,421.850342,63.613586
8,0.080000,-0.002782,-0.003374,-0.000222,0.999990,158.504974,421.857330,63.614613
9,0.090000,-0.002749,-0.003383,-0.000271,0.999990,158.524368,421.861359,63.618168
10,0.100000,-0.002507,-0.003483,-0.000104,0.999991,158.544174,421.839203,63.621311
11,0.110000,,,,,,,
12,0.120000,-0.002387,-0.003310,-0.000404,0.999992,158.567108,421.839233,63.643150
13,0.130000,-0.002377,-0.003212,-0.000585,0.999992,158.559433,421.840302,63.650631
14,0.140000,-0.002379,-0.003145,-0.000624,0.999992,158.541870,421.836365,63.651302
15,0.150000,-0.002412,-0.003177,-0.000508,0.999992,158.508286,421.829865,63.645237
16,0.160000,-0.002648,-0.003208,-0.000328,0.999991,158.473862,421.844635,63.643478
17,0.170000,-0.002648,-0.003235,-0.000195,0.999991,158.432648,421.840759,63.637039
18,0.180000,-0.002599,-0.003239,-0.000208,0.999991,158.411743,421.831116,63.644653
19,0.190000,-0.002522,-0.003408,0.000035,0.999991,158.384674,421.820282,63.657486
20,0.200000,-0.002467,-0.003438,-0.000049,0.999991,158.395996,421.819397,63.673958
21,0.210000,-0.002423,-0.003469,-0.000136,0.999991,158.418076,421.824707,63.687450
22,0.220000,-0.002176,-0.003511,-0.000065,0.999992,158.453415,421.810364,63.690723
23,0.230000,,,,,,,
24,0.240000,-0.002181,-0.003357,-0.000406,0.999992,158.557983,421.834808,63.683094
25,0.250000,-0.002240,-0.003262,-0.000552,0.999992,158.604431,421.858582,63.667194
26,0.260000,-0.002266,-0.003215,-0.000617,0.999992,158.632172,421.872070,63.657494
27,0.270000,-0.002466,-0.003147,-0.000722,0.999992,158.635971,421.895416,63.662022
28,0.280000,-0.002285,-0.003273,-0.000503,0.999992,158.609146,421.867096,63.659325
29,0.290000,-0.002242,-0.003369,-0.000342,0.999992,158.568054,421.851440,63.669025
30,0.300000,-0.002202,-0.003311,-0.000367,0.999992,158.525482,421.839417,63.681156
31,0.310000,-0.002359,-0.003259,-0.000425,0.999992,158.481949,421.851074,63.694118
32,0.320000,-0.002368,-0.003385,-0.000239,0.999992,158.438187,421.842957,63.694866
33,0.330000,-0.002383,-0.003400,-0.000155,0.999991,158.417053,421.839172,63.688084
34,0.340000,-0.002425,-0.003258,-0.000275,0.999992,158.424408,421.844757,63.677162
35,0.350000,-0.002457,-0.003222,-0.000335,0.999992,158.440323,421.854675,63.665024
36,0.360000,,,,,,,
37,0.370000,-0.002483,-0.003195,-0.000464,0.999992,158.495193,421.868469,63.655041
38,0.380000,-0.002478,-0.003210,-0.000524,0.999992,158.523315,421.870056,63.652889
39,0.390000,,,,,,,
40,0.400000,-0.002483,-0.003209,-0.000516,0.999992,158.523148,421.863831,63.647896
41,0.410000,-0.002479,-0.003197,-0.000488,0.999992,158.493393,421.859772,63.643456
42,0.420000,,,,,,,
43,0.430000,-0.002449,-0.003406,-0.000274,0.999991,158.380417,421.837341,63.624733
44,0.440000,-0.002454,-0.003448,-0.000170,0.999991,158.327194,421.837738,63.617619
45,0.450000,-0.002445,-0.003531,-0.000093,0.999991,158.273956,421.843384,63.613228
46,0.460000,-0.002480,-0.003554,-0.000183,0.999991,158.228790,421.861481,63.602581
47,0.470000,,,,,,,
48,0.480000,-0.002629,-0.003431,-0.000325,0.999991,158.161697,421.904633,63.587933
49,0.490000,-0.002673,-0.003328,-0.000321,0.999991,158.126877,421.915802,63.575424
50,0.500000,,,,,,,
51,0.510000,-0.002411,-0.003450,-0.000385,0.999991,158.036652,421.894196,63.553825
52,0.520000,-0.002533,-0.003413,-0.000416,0.999991,158.001221,421.896729,63.564651
53,0.530000,-0.002521,-0.003370,-0.000350,0.999991,157.944275,421.875427,63.572189
54,0.540000,-0.002373,-0.003271,-0.000424,0.999992,157.893539,421.844696,63.573212
55,0.550000,-0.002360,-0.003369,-0.000316,0.999992,157.835678,421.837097,63.576778
56,0.560000,-0.002360,-0.003467,-0.000222,0.999991,157.789230,421.840393,63.572041
57,0.570000,-0.002381,-0.003487,-0.000175,0.999991,157.767014,421.844513,63.564278
58,0.580000,-0.002393,-0.003575,0.000001,0.999991,157.747482,421.843658,63.559570
59,0.590000,,,,,,,
60,0.600000,-0.002380,-0.003642,0.000150,0.999991,157.719040,421.835144,63.566887
61,0.610000,-0.002358,-0.003622,0.000081,0.999991,157.704407,421.831665,63.574104
62,0.620000,,,,,,,
63,0.630000,-0.002241,-0.003377,-0.000498,0.999992,157.659302,421.822388,63.590466
64,0.640000,-0.002215,-0.003510,-0.000376,0.999991,157.611237,421.813629,63.596039
65,0.650000,,,,,,,
66,0.660000,-0.002101,-0.003461,-0.000408,0.999992,157.497452,421.797607,63.603966
67,0.670000,-0.002071,-0.003483,-0.000320,0.999992,157.437805,421.799103,63.605690
68,0.680000,,,,,,,
69,0.690000,-0.002193,-0.003547,0.000076,0.999991,157.301361,421.801849,63.624905
70,0.700000,,,,,,,
71,0.710000,-0.002263,-0.003443,-0.000302,0.999992,157.105255,421.797852,63.634365
72,0.720000,-0.002229,-0.003715,0.000163,0.999991,156.976517,421.783142,63.639164
73,0.730000,,,,,,,
74,0.740000,-0.002265,-0.003616,0.000529,0.999991,156.700699,421.760559,63.644684
75,0.750000,,,,,,,
76,0.760000,-0.002307,-0.003524,0.000484,0.999991,156.375961,421.738617,63.634953
77,0.770000,-0.002321,-0.003565,0.000380,0.999991,156.190369,421.720367,63.621433
78,0.780000,-0.002240,-0.003523,0.000713,0.999991,155.995132,421.678131,63.601761
79,0.790000,-0.002312,-0.003536,0.000871,0.999991,155.792236,421.660309,63.581242
80,0.800000,-0.002633,-0.003187,0.000440,0.999991,155.610672,421.678894,63.564018
81,0.810000,,,,,,,
82,0.820000,-0.002628,-0.003406,0.000843,0.999990,155.183472,421.649384,63.539528
83,0.830000,-0.002695,-0.003347,0.000887,0.999990,154.976837,421.646820,63.535183
84,0.840000,-0.002648,-0.003698,0.001943,0.999988,154.758957,421.617615,63.549652
85,0.850000,,,,,,,
86,0.860000,,,,,,,
87,0.870000,-0.002541,-0.003361,0.001233,0.999990,154.090042,421.574677,63.561478
88,0.880000,,,,,,,
89,0.890000,-0.002479,-0.003672,0.001451,0.999989,153.633575,421.546722,63.566795
90,0.900000,-0.002458,-0.003725,0.001537,0.999989,153.377731,421.550995,63.566528
91,0.910000,-0.002387,-0.004365,0.003213,0.999983,153.132324,421.528168,63.564056
92,0.920000,-0.002458,-0.003665,0.001671,0.999989,152.896667,421.556458,63.569561
93,0.930000,-0.002407,-0.003935,0.002050,0.999987,152.621765,421.542328,63.567467
94,0.940000,-0.002398,-0.003824,0.001937,0.999988,152.344437,421.541901,63.562988
95,0.950000,-0.002559,-0.004503,0.003752,0.999980,152.068710,421.514801,63.571728
96,0.960000,-0.002638,-0.003805,0.001839,0.999988,151.749771,421.539825,63.570984
97,0.970000,-0.002430,-0.003499,0.001473,0.999990,151.445404,421.537048,63.571983
98,0.980000,-0.002669,-0.003096,0.002291,0.999989,151.054245,421.529968,63.530422
99,0.990000,-0.002735,-0.003221,0.002744,0.999987,150.719009,421.533600,63.525982
100,1.000000,-0.002656,-0.003604,0.002713,0.999986,150.389969,421.532440,63.519985
101,1.010000,-0.002630,-0.003277,0.002420,0.999988,150.069824,421.526917,63.523643
102,1.020000,-0.002630,-0.003340,0.002363,0.999988,149.727692,421.527191,63.530266
103,1.030000,-0.002702,-0.003214,0.002114,0.999989,149.386475,421.548981,63.526413
104,1.040000,-0.002705,-0.003550,0.002574,0.999987,148.997696,421.550873,63.508110
105,1.050000,-0.002640,-0.003773,0.002894,0.999985,148.597900,421.544495,63.489758
106,1.060000,-0.002984,-0.004918,0.006274,0.999964,148.236145,421.512329,63.494778
107,1.070000,-0.002831,-0.003149,0.002030,0.999989,147.810806,421.543427,63.488014
108,1.080000,-0.002764,-0.003643,0.002873,0.999985,147.399292,421.521301,63.467300
109,1.090000,-0.002847,-0.003256,0.002505,0.999988,147.022003,421.528229,63.456520
110,1.100000,-0.002886,-0.003698,0.003124,0.999984,146.620071,421.528839,63.453472
111,1.110000,-0.002836,-0.004086,0.003832,0.999980,146.230713,421.521637,63.443130
112,1.120000,-0.002804,-0.003526,0.002541,0.999987,145.830276,421.509613,63.451843
113,1.130000,-0.002966,-0.003227,0.002845,0.999986,145.451019,421.515533,63.463516
114,1.140000,-0.002887,-0.003160,0.002814,0.999987,145.080765,421.510773,63.486500
115,1.150000,-0.002639,-0.004081,0.003772,0.999981,144.641754,421.483795,63.477753
116,1.160000,-0.002723,-0.003911,0.003823,0.999981,144.247971,421.498505,63.479656
117,1.170000,-0.002624,-0.003649,0.002663,0.999986,143.808975,421.489990,63.490257
118,1.180000,-0.002584,-0.004074,0.003371,0.999983,143.382568,421.473724,63.484280
119,1.190000,-0.002598,-0.004162,0.003554,0.999982,142.931824,421.473877,63.473820
120,1.200000,-0.002660,-0.004033,0.003777,0.999981,142.502213,421.478577,63.464375
121,1.210000,-0.002219,-0.004353,0.002869,0.999984,141.965088,421.421661,63.456631
122,1.220000,-0.002311,-0.004491,0.003090,0.999982,141.504044,421.417664,63.458733
123,1.230000,-0.002324,-0.004668,0.003407,0.999981,141.068024,421.416687,63.448540
124,1.240000,-0.002429,-0.004604,0.003757,0.999979,140.632614,421.422913,63.446434
125,1.250000,-0.002165,-0.006420,0.005064,0.999964,140.063904,421.366425,63.442192
126,1.260000,-0.002098,-0.006577,0.005409,0.999962,139.606461,421.340820,63.449875
127,1.270000,-0.002129,-0.006398,0.005383,0.999963,139.161240,421.348267,63.444569
128,1.280000,-0.002136,-0.005786,0.005202,0.999967,138.732666,421.348206,63.462780
129,1.290000,-0.002139,-0.005265,0.004700,0.999973,138.298126,421.354309,63.486942
130,1.300000,-0.002293,-0.005026,0.004106,0.999976,137.859482,421.375519,63.501255
131,1.310000,-0.002217,-0.004980,0.004160,0.999977,137.401596,421.374390,63.483162
132,1.320000,-0.002090,-0.005273,0.004687,0.999973,136.941238,421.350098,63.455017
133,1.330000,-0.002105,-0.005271,0.004425,0.999974,136.452805,421.356354,63.454815
134,1.340000,-0.002226,-0.004827,0.004534,0.999976,135.991364,421.358398,63.460075
135,1.350000,-0.002375,-0.004678,0.004329,0.999977,135.492081,421.364929,63.441074
136,1.360000,-0.002414,-0.004607,0.004205,0.999978,135.029419,421.371613,63.428791
137,1.370000,-0.002302,-0.004340,0.003675,0.999981,134.542999,421.358093,63.423054
138,1.380000,-0.002709,-0.001110,0.001905,0.999994,134.116394,421.387238,63.407162
139,1.390000,-0.002853,-0.000634,0.001411,0.999995,133.611572,421.406128,63.369148
140,1.400000,-0.002908,-0.000427,0.001370,0.999995,133.164246,421.398804,63.387768
141,1.410000,-0.002530,-0.002041,0.003646,0.999988,132.606567,421.317078,63.409538
142,1.420000,-0.000742,0.003814,-0.010305,0.999939,132.167755,421.287903,63.416935
143,1.430000,-0.001963,-0.000193,-0.000917,0.999998,131.739777,421.277252,63.446701
144,1.440000,-0.002621,-0.002722,0.004865,0.999981,131.307053,421.300507,63.423828
145,1.450000,-0.002060,-0.001264,0.000410,0.999997,130.913223,421.240112,63.460335
146,1.460000,-0.001950,-0.000972,-0.000425,0.999998,130.503769,421.231201,63.452824
147,1.470000,-0.002052,-0.000811,-0.000358,0.999997,130.106537,421.228699,63.452641
148,1.480000,-0.001938,-0.000382,-0.001049,0.999997,129.711777,421.236328,63.441761
149,1.490000,-0.001871,-0.000636,-0.000830,0.999998,129.297882,421.228699,63.429466
150,1.500000,-0.001897,-0.000654,-0.001152,0.999997,128.903503,421.233521,63.419460
151,1.510000,-0.001866,-0.000596,-0.000949,0.999998,128.527054,421.214447,63.423866
152,1.520000,-0.001961,-0.000621,-0.001039,0.999997,128.134125,421.204346,63.413597
153,1.530000,-0.001974,-0.000401,-0.001444,0.999997,127.785118,421.209290,63.409039
154,1.540000,-0.002027,-0.000892,-0.000425,0.999997,127.386673,421.198883,63.395054
155,1.550000,-0.001923,-0.000657,-0.001320,0.999997,127.041817,421.194214,63.389912
156,1.560000,-0.001943,-0.000486,-0.001251,0.999997,126.725616,421.196045,63.392231
157,1.570000,-0.001962,-0.001360,-0.000015,0.999997,126.339851,421.182526,63.370510
158,1.580000,-0.001921,-0.000696,-0.001203,0.999997,126.045631,421.176880,63.376591
159,1.590000,-0.001957,-0.000705,-0.001042,0.999997,125.733124,421.181976,63.371269
160,1.600000,-0.002024,-0.000807,-0.000428,0.999998,125.420197,421.178955,63.342556
161,1.610000,-0.002099,-0.000520,-0.001039,0.999997,125.126480,421.184692,63.329384
162,1.620000,-0.002187,-0.000258,-0.001351,0.999997,124.837357,421.183136,63.335323
163,1.630000,-0.002118,-0.000609,-0.000769,0.999997,124.532333,421.165588,63.328148
164,1.640000,-0.000924,0.003486,-0.010880,0.999934,124.237343,421.179260,63.287876
165,1.650000,-0.002039,-0.000394,-0.001404,0.999997,123.943512,421.171875,63.330845
166,1.660000,-0.002025,-0.001243,-0.000399,0.999997,123.630997,421.167603,63.320675
167,1.670000,-0.002071,-0.000932,-0.000527,0.999997,123.383698,421.160583,63.318699
168,1.680000,-0.001957,-0.000499,-0.001168,0.999997,123.097610,421.155945,63.321129
169,1.690000,-0.001998,-0.000647,-0.001214,0.999997,122.802414,421.153503,63.325008
170,1.700000,-0.002048,-0.001112,-0.000381,0.999997,122.503456,421.145111,63.320301
171,1.710000,-0.001957,-0.000733,-0.001026,0.999997,122.229416,421.145050,63.308224
172,1.720000,-0.002011,-0.000422,-0.001263,0.999997,121.966309,421.140717,63.304691
173,1.730000,-0.001967,-0.000813,-0.000693,0.999997,121.680382,421.123901,63.303753
174,1.740000,-0.000801,0.003211,-0.010422,0.999940,121.445175,421.132111,63.288681
175,1.750000,-0.001930,-0.000578,-0.000934,0.999998,121.196396,421.112518,63.305260
176,1.760000,-0.002001,-0.000886,-0.000625,0.999997,120.926346,421.112823,63.280685
177,1.770000,-0.002100,-0.000798,-0.000871,0.999997,120.705475,421.121368,63.277245
178,1.780000,-0.002065,-0.001160,-0.000424,0.999997,120.470100,421.110138,63.277142
179,1.790000,-0.000776,0.003296,-0.010763,0.999936,120.268501,421.119904,63.257271
180,1.800000,-0.001901,-0.000753,-0.001188,0.999997,120.031357,421.096344,63.268848
181,1.810000,-0.002050,-0.000615,-0.001028,0.999997,119.807991,421.100372,63.270420
182,1.820000,-0.002059,-0.000564,-0.000931,0.999997,119.592415,421.096863,63.281261
183,1.830000,-0.002066,-0.000974,-0.000527,0.999997,119.376625,421.092468,63.277855
184,1.840000,-0.001983,-0.000756,-0.000974,0.999997,119.194283,421.087830,63.273994
185,1.850000,-0.001921,-0.000937,-0.000762,0.999997,119.020241,421.078979,63.268288
186,1.860000,-0.001918,-0.001043,-0.000661,0.999997,118.876656,421.076385,63.268528
187,1.870000,-0.000840,0.003311,-0.010581,0.999938,118.735336,421.097015,63.254787
188,1.880000,-0.002064,-0.000575,-0.000900,0.999997,118.590782,421.088837,63.274330
189,1.890000,-0.002034,-0.000956,-0.000616,0.999997,118.429283,421.085022,63.261406
190,1.900000,-0.001901,-0.000926,-0.000652,0.999998,118.272499,421.076935,63.259899
191,1.910000,-0.001879,-0.000919,-0.000736,0.999998,118.140388,421.073059,63.250168
192,1.920000,-0.001870,-0.000793,-0.000831,0.999998,118.014275,421.068726,63.251549
193,1.930000,-0.001948,-0.000947,-0.000518,0.999998,117.865608,421.070160,63.250401
194,1.940000,-0.001964,-0.000813,-0.000545,0.999998,117.727997,421.069550,63.263504
195,1.950000,-0.002013,-0.000793,-0.000827,0.999997,117.588326,421.070984,63.269241
196,1.960000,-0.000846,0.003389,-0.010773,0.999936,117.457321,421.080658,63.245384
197,1.970000,-0.001901,-0.000403,-0.001508,0.999997,117.320709,421.065979,63.262173
198,1.980000,-0.001896,-0.001231,-0.000653,0.999997,117.157272,421.057434,63.234226
199,1.990000,-0.001903,-0.001166,-0.000792,0.999997,117.046143,421.060242,63.227394
200,2.000000,-0.001866,-0.000893,-0.001016,0.999997,116.937279,421.061768,63.238800
201,2.010000,-0.001801,-0.000722,-0.001031,0.999998,116.811691,421.058411,63.257641
202,2.020000,-0.001803,-0.000563,-0.001272,0.999997,116.685066,421.058319,63.272118
203,2.030000,-0.001784,-0.000576,-0.001246,0.999997,116.508881,421.047791,63.276371
204,2.040000,-0.001704,-0.000707,-0.001357,0.999997,116.335480,421.034637,63.282623
205,2.050000,-0.001712,-0.001182,-0.000931,0.999997,116.138077,421.027588,63.283504
206,2.060000,-0.001723,-0.000983,-0.000804,0.999998,115.933617,421.032257,63.275768
207,2.070000,-0.001751,-0.000844,-0.000699,0.999998,115.740662,421.031738,63.281731
208,2.080000,-0.001634,-0.001164,-0.000470,0.999998,115.496101,421.017242,63.300453
209,2.090000,-0.001554,-0.001312,-0.000391,0.999998,115.280792,420.998657,63.312763
210,2.100000,-0.001464,-0.001314,-0.000509,0.999998,115.052055,420.985260,63.310123
211,2.110000,-0.001463,-0.000792,-0.000925,0.999998,114.834251,420.986938,63.326172
212,2.120000,-0.001480,-0.000676,-0.000850,0.999998,114.594200,420.986450,63.353218
213,2.130000,-0.001469,-0.000681,-0.001117,0.999998,114.336967,420.978668,63.361244
214,2.140000,-0.001388,-0.001010,-0.000916,0.999998,114.049385,420.967651,63.345509
215,2.150000,-0.001358,-0.001057,-0.000754,0.999998,113.785210,420.964996,63.333309
216,2.160000,-0.001407,-0.000792,-0.000983,0.999998,113.558884,420.967377,63.336849
217,2.170000,-0.001449,-0.000606,-0.001107,0.999998,113.298103,420.969482,63.341366
218,2.180000,-0.001424,-0.000612,-0.001161,0.999998,113.025284,420.963287,63.337929
219,2.190000,-0.001474,-0.000544,-0.001212,0.999998,112.761856,420.963531,63.334644
220,2.200000,-0.001418,-0.000877,-0.000892,0.999998,112.463219,420.953156,63.332005
221,2.210000,-0.001321,-0.000907,-0.000951,0.999998,112.176300,420.937897,63.328690
222,2.220000,-0.001256,-0.001101,-0.000429,0.999999,111.886597,420.928467,63.322536
223,2.230000,-0.001479,-0.001314,0.000459,0.999998,111.637901,420.930084,63.317673
224,2.240000,-0.001441,-0.000729,-0.000718,0.999998,111.397301,420.935730,63.316792
225,2.250000,-0.001417,-0.000671,-0.001225,0.999998,111.124298,420.930847,63.313530
226,2.260000,-0.001408,-0.000810,-0.001056,0.999998,110.849312,420.925232,63.310677
227,2.270000,-0.001430,-0.000492,-0.001064,0.999998,110.590675,420.922302,63.311100
228,2.280000,-0.001398,-0.000757,-0.000892,0.999998,110.322014,420.915649,63.296661
229,2.290000,-0.001374,-0.000504,-0.001386,0.999998,110.093163,420.923767,63.293121
230,2.300000,-0.001334,-0.000547,-0.001348,0.999998,109.846817,420.926849,63.293377
231,2.310000,-0.001327,-0.000718,-0.001006,0.999998,109.593834,420.922333,63.301228
232,2.320000,-0.001337,-0.000983,-0.000754,0.999998,109.346390,420.908661,63.285992
233,2.330000,-0.001406,-0.000643,-0.001172,0.999998,109.124893,420.906433,63.279427
234,2.340000,-0.001477,-0.001158,-0.000003,0.999998,108.876991,420.903778,63.286686
235,2.350000,-0.001385,-0.000870,-0.000700,0.999998,108.663193,420.906952,63.281246
236,2.360000,-0.001418,-0.000848,-0.000809,0.999998,108.442841,420.904877,63.259064
237,2.370000,-0.001483,-0.000580,-0.000975,0.999998,108.233444,420.903595,63.248791
238,2.380000,-0.001387,-0.000770,-0.000892,0.999998,108.005722,420.887970,63.247292
239,2.390000,-0.001400,-0.000325,-0.001402,0.999998,107.834526,420.890228,63.247837
240,2.400000,-0.001429,-0.000381,-0.001405,0.999998,107.641495,420.892517,63.239193
241,2.410000,-0.001611,-0.001449,0.000260,0.999998,107.429100,420.889648,63.228951
242,2.420000,-0.001587,-0.000749,-0.000836,0.999998,107.260513,420.897858,63.223129
243,2.430000,-0.001572,-0.000520,-0.001282,0.999998,107.106636,420.896790,63.221298
244,2.440000,-0.001552,-0.000321,-0.001470,0.999998,106.957367,420.904785,63.223423
245,2.450000,-0.001503,-0.000717,-0.000892,0.999998,106.792351,420.903046,63.221222
246,2.460000,-0.001512,-0.000579,-0.001009,0.999998,106.683678,420.903717,63.218452
247,2.470000,-0.001463,-0.000720,-0.001010,0.999998,106.550529,420.899353,63.210934
248,2.480000,-0.001423,-0.000821,-0.000973,0.999998,106.430679,420.890442,63.203423
249,2.490000,-0.001494,-0.000836,-0.000714,0.999998,106.308006,420.886017,63.199059
250,2.500000,-0.001631,-0.001346,0.000450,0.999998,106.207710,420.882538,63.201530
251,2.510000,-0.001535,-0.000839,-0.000594,0.999998,106.113754,420.878967,63.200310
252,2.520000,-0.001523,-0.000694,-0.000701,0.999998,106.022827,420.881927,63.205608
253,2.530000,-0.001454,-0.000731,-0.000845,0.999998,105.897667,420.875610,63.206150
254,2.540000,-0.001460,-0.000789,-0.000935,0.999998,105.781387,420.878601,63.203686
255,2.550000,-0.001500,-0.000641,-0.001031,0.999998,105.681351,420.876709,63.201496
256,2.560000,-0.001475,-0.000855,-0.000780,0.999998,105.565918,420.871918,63.186871
257,2.570000,-0.001493,-0.000622,-0.001109,0.999998,105.482048,420.870758,63.187756
258,2.580000,-0.001522,-0.000832,-0.000914,0.999998,105.383408,420.869415,63.187607
259,2.590000,-0.001563,-0.000734,-0.001021,0.999998,105.312286,420.871948,63.188450
260,2.600000,-0.001552,-0.000702,-0.001022,0.999998,105.233948,420.872650,63.186535
261,2.610000,-0.001595,-0.000639,-0.001112,0.999998,105.170586,420.868805,63.182713
262,2.620000,-0.001573,-0.000485,-0.001264,0.999998,105.109856,420.868164,63.181988
263,2.630000,-0.001588,-0.000484,-0.001286,0.999998,105.056114,420.871063,63.175022
264,2.640000,-0.001617,-0.000537,-0.001282,0.999998,105.008675,420.876221,63.164219
265,2.650000,-0.001616,-0.000418,-0.001321,0.999998,104.964371,420.882751,63.159405
266,2.660000,-0.001731,-0.000616,-0.000679,0.999998,104.924973,420.883850,63.153343
267,2.670000,-0.001743,-0.000706,-0.000538,0.999998,104.879875,420.880951,63.143307
268,2.680000,-0.001729,-0.000896,-0.000178,0.999998,104.824791,420.873322,63.142067
269,2.690000,-0.001714,-0.000846,-0.000274,0.999998,104.792046,420.870514,63.149944
270,2.700000,-0.001689,-0.000812,-0.000310,0.999998,104.761055,420.867828,63.161045
271,2.710000,-0.001661,-0.001081,-0.000236,0.999998,104.707573,420.866425,63.162319
272,2.720000,-0.001666,-0.000999,-0.000399,0.999998,104.682610,420.869873,63.160004
273,2.730000,-0.001652,-0.000982,-0.000405,0.999998,104.647446,420.867706,63.162975
274,2.740000,-0.001639,-0.001056,-0.000264,0.999998,104.597221,420.864288,63.173965
275,2.750000,-0.001615,-0.001002,-0.000254,0.999998,104.544189,420.863861,63.177490
276,2.760000,-0.001570,-0.001021,-0.000299,0.999998,104.484482,420.860687,63.178913
277,2.770000,-0.001469,-0.000583,-0.001209,0.999998,104.424355,420.862915,63.188904
278,2.780000,-0.001384,-0.000704,-0.001244,0.999998,104.324364,420.848480,63.211746
279,2.790000,-0.001316,-0.000582,-0.001207,0.999998,104.223083,420.834747,63.235245
280,2.800000,-0.001239,-0.000806,-0.000897,0.999999,104.099838,420.814240,63.245625
281,2.810000,-0.001172,-0.000662,-0.001170,0.999998,103.976509,420.804871,63.257084
282,2.820000,-0.001118,-0.000828,-0.000994,0.999999,103.820992,420.800842,63.266418
283,2.830000,-0.001112,-0.000748,-0.001098,0.999999,103.662331,420.801147,63.276054
284,2.840000,-0.001049,-0.000920,-0.000770,0.999999,103.464561,420.803284,63.270554
285,2.850000,-0.001059,-0.000983,-0.000789,0.999999,103.261086,420.803619,63.276367
286,2.860000,-0.001126,-0.001515,0.000414,0.999998,103.037849,420.793060,63.286133
287,2.870000,-0.001074,-0.000913,-0.000622,0.999999,102.815704,420.790894,63.307270
288,2.880000,-0.000936,-0.000556,-0.001362,0.999999,102.571831,420.787506,63.320988
289,2.890000,-0.000858,-0.000568,-0.001746,0.999998,102.401108,420.795105,63.312843
290,2.900000,-0.000747,-0.001078,-0.000998,0.999999,102.108200,420.819977,63.323280
291,2.910000,-0.000876,-0.001373,-0.000507,0.999999,102.003555,420.821472,63.322239
292,2.920000,-0.000893,-0.001113,-0.000855,0.999999,101.807686,420.838898,63.310013
293,2.930000,-0.000985,-0.001124,-0.001343,0.999998,101.704987,420.847595,63.289783
294,2.940000,-0.001061,-0.000656,-0.001827,0.999998,101.588539,420.874603,63.268379
295,2.950000,-0.001079,-0.000746,-0.001926,0.999997,101.524689,420.881226,63.244774
296,2.960000,-0.001122,-0.000931,-0.001637,0.999998,101.464729,420.882385,63.228592
297,2.970000,-0.001146,-0.000845,-0.001792,0.999997,101.470474,420.878662,63.225323
298,2.980000,-0.001148,-0.000850,-0.001735,0.999997,101.472672,420.877441,63.226700
299,2.990000,-0.001137,-0.000859,-0.001804,0.999997,101.487457,420.876526,63.230827
300,3.000000,-0.001126,-0.000839,-0.001761,0.999997,101.499580,420.877289,63.233101
301,3.010000,-0.001095,-0.000829,-0.001747,0.999998,101.513733,420.875946,63.234657
302,3.020000,-0.001056,-0.000860,-0.001752,0.999998,101.525368,420.870270,63.244217
303,3.030000,-0.000999,-0.000799,-0.001815,0.999998,101.542915,420.866333,63.257099
304,3.040000,-0.001007,-0.000500,-0.002122,0.999997,101.575104,420.875214,63.274212
305,3.050000,-0.000984,-0.000736,-0.001911,0.999997,101.555000,420.878448,63.270515
306,3.060000,-0.000954,-0.000746,-0.001923,0.999997,101.551910,420.877106,63.274876
307,3.070000,-0.000926,-0.000705,-0.001983,0.999997,101.549110,420.876984,63.278965
308,3.080000,-0.000893,-0.000815,-0.002068,0.999997,101.544495,420.877258,63.270630
309,3.090000,-0.000956,-0.000793,-0.002104,0.999997,101.546555,420.884064,63.255543
310,3.100000,-0.001033,-0.000847,-0.002129,0.999997,101.557991,420.889923,63.245029
311,3.110000,-0.001064,-0.000940,-0.002082,0.999997,101.556458,420.895050,63.235447
312,3.120000,-0.001112,-0.000892,-0.002091,0.999997,101.571342,420.899017,63.219017
313,3.130000,-0.001181,-0.000899,-0.002177,0.999997,101.581009,420.904144,63.198151
314,3.140000,-0.001223,-0.001025,-0.002153,0.999996,101.578918,420.908600,63.184208
315,3.150000,-0.001222,-0.000956,-0.002191,0.999996,101.575874,420.912445,63.186020
316,3.160000,-0.001196,-0.000892,-0.002289,0.999996,101.574150,420.917603,63.193314
317,3.170000,-0.001213,-0.000997,-0.002291,0.999996,101.566139,420.921967,63.190224
318,3.180000,-0.001218,-0.001005,-0.002297,0.999996,101.557899,420.925446,63.186192
319,3.190000,-0.001226,-0.001007,-0.002338,0.999996,101.554855,420.930786,63.181290
320,3.200000,-0.001214,-0.001244,-0.001952,0.999997,101.526733,420.933258,63.174068
321,3.210000,-0.001320,-0.000904,-0.002468,0.999996,101.552315,420.946503,63.164703
322,3.220000,-0.001352,-0.000873,-0.002554,0.999995,101.552376,420.950012,63.154980
323,3.230000,-0.001322,-0.001077,-0.002265,0.999996,101.536591,420.949524,63.153370
324,3.240000,-0.001337,-0.000914,-0.002537,0.999995,101.551010,420.952179,63.156330
325,3.250000,-0.001202,-0.001345,-0.001983,0.999996,101.515427,420.941315,63.158936
326,3.260000,-0.001222,-0.001498,-0.001880,0.999996,101.497429,420.939636,63.152103
327,3.270000,-0.001184,-0.001398,-0.001983,0.999996,101.484138,420.943115,63.151783
328,3.280000,-0.001163,-0.001356,-0.002045,0.999996,101.467133,420.947968,63.156113
329,3.290000,-0.001160,-0.001463,-0.001963,0.999996,101.437790,420.953827,63.161194
330,3.300000,-0.001157,-0.001430,-0.002039,0.999996,101.414604,420.958496,63.162567
331,3.310000,-0.001166,-0.001346,-0.002097,0.999996,101.387810,420.967651,63.159740
332,3.320000,-0.001138,-0.001279,-0.002143,0.999996,101.356735,420.975464,63.163109
333,3.330000,-0.001126,-0.001216,-0.002292,0.999996,101.331558,420.984436,63.162857
334,3.340000,-0.001094,-0.001355,-0.002235,0.999996,101.290733,420.992554,63.155041
335,3.350000,-0.001268,-0.001916,-0.001176,0.999997,101.244370,421.008789,63.147686
336,3.360000,-0.001362,-0.001812,-0.001344,0.999997,101.201080,421.025055,63.141369
337,3.370000,-0.001325,-0.001859,-0.001386,0.999996,101.134415,421.020416,63.143768
338,3.380000,-0.001272,-0.001426,-0.002314,0.999996,101.070618,421.027466,63.142284
339,3.390000,-0.001268,-0.001313,-0.002532,0.999995,101.000961,421.026825,63.141918
340,3.400000,-0.001229,-0.001675,-0.002044,0.999996,100.895676,421.024384,63.145802
341,3.410000,-0.001165,-0.001377,-0.002787,0.999995,100.817841,421.041199,63.151001
342,3.420000,-0.001145,-0.001494,-0.002903,0.999994,100.724174,421.051056,63.145370
343,3.430000,-0.001166,-0.001222,-0.003294,0.999993,100.633087,421.068115,63.147606
344,3.440000,-0.001175,-0.001063,-0.003502,0.999993,100.544769,421.080902,63.146317
345,3.450000,-0.001175,-0.000886,-0.003605,0.999992,100.442368,421.091553,63.144169
346,3.460000,-0.001164,-0.000823,-0.003681,0.999992,100.344101,421.095154,63.141876
347,3.470000,-0.001077,-0.000773,-0.003612,0.999993,100.234505,421.093536,63.147686
348,3.480000,-0.001179,-0.001211,-0.002697,0.999995,100.133865,421.092407,63.167782
349,3.490000,-0.000992,-0.000899,-0.003273,0.999994,100.020096,421.088715,63.182472
350,3.500000,-0.000905,-0.001082,-0.003270,0.999994,99.907852,421.085571,63.189865
351,3.510000,-0.000910,-0.001421,-0.003074,0.999994,99.774010,421.086060,63.194611
352,3.520000,-0.000874,-0.001571,-0.002972,0.999994,99.658585,421.079895,63.195183
353,3.530000,-0.000898,-0.001524,-0.003007,0.999994,99.548653,421.083191,63.198013
354,3.540000,-0.000835,-0.001323,-0.003563,0.999992,99.434456,421.091064,63.195408
355,3.550000,-0.000839,-0.001331,-0.003652,0.999992,99.325043,421.099365,63.190453
356,3.560000,-0.000853,-0.001203,-0.003814,0.999992,99.218597,421.112488,63.183838
357,3.570000,-0.000866,-0.001202,-0.003848,0.999992,99.104088,421.115692,63.174458
358,3.580000,-0.000820,-0.001336,-0.003564,0.999992,98.946045,421.098785,63.163563
359,3.590000,-0.000946,-0.001808,-0.002694,0.999994,98.793732,421.091675,63.157097
360,3.600000,-0.000944,-0.002001,-0.002581,0.999994,98.650711,421.088135,63.143505
361,3.610000,-0.000973,-0.001940,-0.002670,0.999994,98.523338,421.095673,63.138454
362,3.620000,-0.001025,-0.001783,-0.002995,0.999993,98.400681,421.114624,63.132832
363,3.630000,-0.000983,-0.001466,-0.003804,0.999991,98.270203,421.134033,63.121788
364,3.640000,-0.001100,-0.001400,-0.003893,0.999991,98.135368,421.149963,63.123806
365,3.650000,-0.001096,-0.001298,-0.004087,0.999990,97.993370,421.145294,63.120239
366,3.660000,-0.001035,-0.001310,-0.003963,0.999991,97.811699,421.120483,63.108952
367,3.670000,-0.001008,-0.001082,-0.004358,0.999990,97.661736,421.115509,63.108727
368,3.680000,-0.001122,-0.001282,-0.003754,0.999992,97.516518,421.127625,63.107841
369,3.690000,-0.001146,-0.001244,-0.003768,0.999992,97.384789,421.137451,63.100746
370,3.700000,-0.001168,-0.001202,-0.003819,0.999991,97.272072,421.139313,63.089928
371,3.710000,-0.001203,-0.001348,-0.003581,0.999992,97.157700,421.132812,63.083290
372,3.720000,-0.001224,-0.001473,-0.003364,0.999993,97.058731,421.136841,63.082920
373,3.730000,-0.001115,-0.001079,-0.004413,0.999989,96.974976,421.159821,63.077576
374,3.740000,-0.001094,-0.000870,-0.004730,0.999988,96.909149,421.171112,63.076347
375,3.750000,-0.001078,-0.001066,-0.004534,0.999989,96.827751,421.165497,63.066856
376,3.760000,-0.001038,-0.001284,-0.004051,0.999990,96.746147,421.146393,63.065044
377,3.770000,-0.001010,-0.001469,-0.003748,0.999991,96.663185,421.111176,63.058109
378,3.780000,-0.001014,-0.001229,-0.004031,0.999991,96.604416,421.094971,63.062138
379,3.790000,-0.001060,-0.001172,-0.004191,0.999990,96.559830,421.109772,63.069256
380,3.800000,-0.001074,-0.001096,-0.004291,0.999990,96.517464,421.125183,63.082436
381,3.810000,-0.001096,-0.000921,-0.004531,0.999989,96.485321,421.135986,63.082451
382,3.820000,-0.001117,-0.000802,-0.004624,0.999988,96.450272,421.144836,63.079475
383,3.830000,-0.001136,-0.000732,-0.004740,0.999988,96.433479,421.154419,63.078255
384,3.840000,-0.001121,-0.000904,-0.004594,0.999988,96.409973,421.163635,63.077950
385,3.850000,-0.001103,-0.000727,-0.004849,0.999987,96.411659,421.166534,63.075081
386,3.860000,-0.001102,-0.000725,-0.004881,0.999987,96.399109,421.162292,63.070061
387,3.870000,-0.001122,-0.000869,-0.004658,0.999988,96.354401,421.141815,63.070210
388,3.880000,-0.001170,-0.000902,-0.004529,0.999989,96.316994,421.119629,63.067055
389,3.890000,-0.001193,-0.000859,-0.004589,0.999988,96.279724,421.117554,63.063934
390,3.900000,-0.001207,-0.000856,-0.004652,0.999988,96.233826,421.126404,63.058472
391,3.910000,-0.001378,-0.001303,-0.003738,0.999991,96.171402,421.135986,63.051147
392,3.920000,-0.001389,-0.001362,-0.003679,0.999991,96.112015,421.139984,63.046635
393,3.930000,-0.001376,-0.001470,-0.003558,0.999992,96.051147,421.142792,63.048737
394,3.940000,-0.001196,-0.001094,-0.004379,0.999989,95.988487,421.126251,63.052109
395,3.950000,-0.001099,-0.001488,-0.003985,0.999990,95.887810,421.090424,63.058456
396,3.960000,-0.001055,-0.001482,-0.003908,0.999991,95.811981,421.070679,63.068695
397,3.970000,-0.001000,-0.001796,-0.003517,0.999992,95.720200,421.071716,63.071072
398,3.980000,-0.000976,-0.001706,-0.003695,0.999991,95.659172,421.078735,63.074394
399,3.990000,-0.001000,-0.001578,-0.003745,0.999991,95.584915,421.081512,63.070328
400,4.000000,-0.000997,-0.001458,-0.003688,0.999992,95.497650,421.072632,63.069454
401,4.010000,-0.001071,-0.001187,-0.003805,0.999992,95.396515,421.047821,63.069382
402,4.020000,-0.001100,-0.001062,-0.003874,0.999991,95.299805,421.033936,63.066780
403,4.030000,-0.001117,-0.000971,-0.003970,0.999991,95.209984,421.040283,63.065887
404,4.040000,-0.001095,-0.000603,-0.004955,0.999987,95.115349,421.061646,63.061481
405,4.050000,-0.001076,-0.000439,-0.005340,0.999985,95.022125,421.075562,63.066341
406,4.060000,-0.001151,-0.000441,-0.005304,0.999985,94.928047,421.071655,63.073971
407,4.070000,-0.001021,-0.000914,-0.004838,0.999987,94.786552,421.024231,63.075012
408,4.080000,-0.000866,-0.001246,-0.004408,0.999989,94.659660,420.988159,63.081509
409,4.090000,-0.000855,-0.001192,-0.004387,0.999989,94.576454,420.985596,63.086689
410,4.100000,-0.000867,-0.001036,-0.004525,0.999989,94.509171,420.991455,63.085861
411,4.110000,-0.000985,-0.000882,-0.004439,0.999989,94.465050,421.013062,63.090401
412,4.120000,-0.000997,-0.001486,-0.003774,0.999991,94.362885,421.012634,63.071438
413,4.130000,-0.001009,-0.001431,-0.003867,0.999991,94.311378,421.015533,63.066505
414,4.140000,-0.001034,-0.001316,-0.004101,0.999990,94.266022,421.014648,63.067623
415,4.150000,-0.001021,-0.001257,-0.004217,0.999990,94.229103,421.007111,63.071674
416,4.160000,-0.001007,-0.001237,-0.004233,0.999990,94.188530,420.997986,63.075645
417,4.170000,-0.000997,-0.001172,-0.004317,0.999990,94.149315,420.992035,63.080273
418,4.180000,-0.001004,-0.001131,-0.004361,0.999989,94.111496,420.987457,63.080288
419,4.190000,-0.001024,-0.001142,-0.004332,0.999990,94.066864,420.982483,63.073486
420,4.200000,-0.001063,-0.001202,-0.004154,0.999990,94.010513,420.976898,63.058167
421,4.210000,-0.001044,-0.001443,-0.003905,0.999991,93.950577,420.969635,63.045589
422,4.220000,-0.001057,-0.001785,-0.003702,0.999991,93.882690,420.975922,63.037075
423,4.230000,-0.001022,-0.001551,-0.003894,0.999991,93.831314,420.988495,63.041195
424,4.240000,-0.000947,-0.001157,-0.004822,0.999987,93.775101,421.000824,63.044830
425,4.250000,-0.000902,-0.001167,-0.004945,0.999987,93.696373,420.995575,63.050076
426,4.260000,-0.000778,-0.001370,-0.004520,0.999989,93.581779,420.964417,63.061199
427,4.270000,-0.000746,-0.001499,-0.004353,0.999989,93.470795,420.925934,63.070297
428,4.280000,-0.000787,-0.001413,-0.004323,0.999989,93.359352,420.906677,63.079044
429,4.290000,-0.000706,-0.000985,-0.005257,0.999985,93.251556,420.921875,63.082306
430,4.300000,-0.000721,-0.000554,-0.005769,0.999983,93.123146,420.950439,63.078747
431,4.310000,-0.000937,-0.001042,-0.005092,0.999986,92.976936,420.979614,63.069305
432,4.320000,-0.000924,-0.001871,-0.004251,0.999989,92.784569,420.966827,63.053242
433,4.330000,-0.000748,-0.001349,-0.005331,0.999985,92.612694,420.954254,63.047707
434,4.340000,-0.000667,-0.001941,-0.004711,0.999987,92.418686,420.939636,63.033611
435,4.350000,-0.000943,-0.001544,-0.004264,0.999989,92.328239,420.979065,63.031300
436,4.360000,-0.000884,-0.001714,-0.004160,0.999990,92.175163,420.973541,63.031727
437,4.370000,-0.000808,-0.001222,-0.005094,0.999986,92.029022,420.978943,63.039371
438,4.380000,-0.000844,-0.000903,-0.005333,0.999985,91.864265,420.970520,63.052109
439,4.390000,-0.000822,-0.000814,-0.005576,0.999984,91.679405,420.972321,63.054279
440,4.400000,-0.000917,-0.001368,-0.004705,0.999988,91.471542,420.973846,63.042149
441,4.410000,-0.000946,-0.001381,-0.004605,0.999988,91.300575,420.964630,63.034027
442,4.420000,-0.000944,-0.001224,-0.004700,0.999988,91.148926,420.963928,63.033298
443,4.430000,-0.000987,-0.000635,-0.005240,0.999986,91.024223,420.977142,63.043064
444,4.440000,-0.000967,-0.001531,-0.004228,0.999990,90.819046,420.966766,63.021324
445,4.450000,-0.000939,-0.001575,-0.004174,0.999990,90.646767,420.952179,63.024372
446,4.460000,-0.000797,-0.001168,-0.005208,0.999985,90.495804,420.942810,63.036823
447,4.470000,-0.000749,-0.001130,-0.005276,0.999985,90.366364,420.936462,63.043102
448,4.480000,-0.000755,-0.001119,-0.005362,0.999985,90.253296,420.934692,63.045563
449,4.490000,-0.000750,-0.001232,-0.005071,0.999986,90.133385,420.938171,63.039051
450,4.500000,-0.000861,-0.001375,-0.004517,0.999989,90.046402,420.949524,63.043827
451,4.510000,-0.000867,-0.001393,-0.004525,0.999988,89.960464,420.948853,63.043022
452,4.520000,-0.000878,-0.001353,-0.004601,0.999988,89.886238,420.947998,63.043674
453,4.530000,-0.000850,-0.001468,-0.004300,0.999989,89.790939,420.942993,63.038288
454,4.540000,-0.000867,-0.001410,-0.004313,0.999989,89.720894,420.938324,63.034698
455,4.550000,-0.000882,-0.001386,-0.004313,0.999989,89.653030,420.931305,63.033276
456,4.560000,-0.000835,-0.001218,-0.004468,0.999989,89.582085,420.918701,63.039005
457,4.570000,-0.000732,-0.001331,-0.004100,0.999990,89.478455,420.897614,63.055485
458,4.580000,-0.000737,-0.001402,-0.003961,0.999991,89.396507,420.865814,63.064178
459,4.590000,-0.000668,-0.000940,-0.004803,0.999988,89.316643,420.846161,63.068146
460,4.600000,-0.000685,-0.000895,-0.004842,0.999988,89.234169,420.857483,63.064106
461,4.610000,-0.000785,-0.000466,-0.005402,0.999985,89.180710,420.886017,63.065762
462,4.620000,-0.000798,-0.000401,-0.005565,0.999984,89.107117,420.899475,63.062588
463,4.630000,-0.000811,-0.000470,-0.005548,0.999984,89.012749,420.905365,63.056156
464,4.640000,-0.000679,-0.000878,-0.005316,0.999985,88.845116,420.913605,63.043358
465,4.650000,-0.000623,-0.001362,-0.004798,0.999987,88.704971,420.907318,63.038879
466,4.660000,-0.000720,-0.001776,-0.003896,0.999991,88.589622,420.908386,63.045101
467,4.670000,-0.000704,-0.001833,-0.003560,0.999992,88.456749,420.902557,63.057667
468,4.680000,-0.000707,-0.001772,-0.003538,0.999992,88.316689,420.863464,63.068459
469,4.690000,-0.000673,-0.001105,-0.004525,0.999989,88.186424,420.823669,63.079113
470,4.700000,-0.000684,-0.001116,-0.004433,0.999989,88.039833,420.800171,63.086861
471,4.710000,-0.000572,-0.001296,-0.004249,0.999990,87.843208,420.796265,63.089058
472,4.720000,-0.000483,-0.001290,-0.004134,0.999991,87.673286,420.786407,63.090740
473,4.730000,-0.000443,-0.001633,-0.003762,0.999992,87.488297,420.788513,63.087955
474,4.740000,-0.000414,-0.001634,-0.003785,0.999991,87.311180,420.793854,63.084385
475,4.750000,-0.000371,-0.000725,-0.005285,0.999986,87.159874,420.804718,63.098335
476,4.760000,-0.000397,-0.000577,-0.005490,0.999985,86.965294,420.793213,63.098476
477,4.770000,-0.000622,-0.000602,-0.005123,0.999987,86.776375,420.785706,63.090363
478,4.780000,-0.000634,-0.001235,-0.004294,0.999990,86.543091,420.760986,63.059673
479,4.790000,-0.000694,-0.001355,-0.003810,0.999992,86.359901,420.742218,63.053364
480,4.800000,-0.000630,-0.001462,-0.003794,0.999992,86.188782,420.744812,63.048965
481,4.810000,-0.000705,-0.001450,-0.003836,0.999991,86.041611,420.764526,63.047558
482,4.820000,-0.000635,-0.000892,-0.004892,0.999987,85.891571,420.792450,63.047775
483,4.830000,-0.000627,-0.000649,-0.005189,0.999986,85.767044,420.810486,63.045738
484,4.840000,-0.000665,0.000061,-0.006395,0.999979,85.664696,420.844391,63.062748
485,4.850000,-0.000643,-0.000582,-0.005574,0.999984,85.512741,420.840790,63.057266
486,4.860000,-0.000585,-0.000979,-0.004885,0.999987,85.359406,420.833496,63.059399
487,4.870000,-0.000620,-0.000813,-0.004987,0.999987,85.261246,420.849213,63.066200
488,4.880000,-0.000503,-0.001398,-0.004264,0.999990,85.120590,420.838562,63.072926
489,4.890000,-0.000413,-0.001333,-0.004174,0.999990,85.024811,420.824768,63.088104
490,4.900000,-0.000401,-0.001386,-0.003942,0.999991,84.924232,420.797363,63.091949
491,4.910000,-0.000380,-0.000786,-0.004886,0.999988,84.863564,420.771973,63.090099
492,4.920000,-0.000421,-0.000093,-0.005566,0.999985,84.828430,420.750824,63.108524
493,4.930000,-0.000414,-0.000414,-0.005136,0.999987,84.756378,420.732483,63.101948
494,4.940000,-0.000436,-0.000459,-0.005052,0.999987,84.720055,420.729553,63.095203
495,4.950000,-0.000542,-0.000411,-0.005082,0.999987,84.685265,420.730499,63.074978
496,4.960000,-0.000668,-0.000404,-0.005074,0.999987,84.646187,420.734650,63.053825
497,4.970000,-0.000658,-0.000656,-0.005059,0.999987,84.578041,420.728668,63.028976
498,4.980000,-0.000655,-0.001055,-0.004498,0.999989,84.511452,420.730164,63.022152
499,4.990000,-0.000660,-0.001082,-0.004548,0.999989,84.480614,420.736206,63.012897
500,5.000000,-0.000644,-0.001078,-0.004620,0.999989,84.455704,420.740784,63.015102
501,5.010000,-0.000630,-0.001242,-0.004484,0.999989,84.425262,420.744995,63.024849
502,5.020000,-0.000589,-0.001275,-0.004433,0.999989,84.398445,420.742432,63.034409
503,5.030000,-0.000588,-0.001313,-0.004379,0.999989,84.377876,420.740295,63.031322
504,5.040000,-0.000608,-0.001320,-0.004388,0.999989,84.357231,420.742584,63.023552
505,5.050000,-0.000620,-0.001376,-0.004338,0.999990,84.333511,420.744629,63.014961
506,5.060000,-0.000625,-0.001412,-0.004393,0.999989,84.310791,420.749634,63.015850
507,5.070000,-0.000588,-0.001460,-0.004411,0.999989,84.285530,420.749908,63.014858
508,5.080000,-0.000585,-0.001482,-0.004393,0.999989,84.267044,420.751251,63.015228
509,5.090000,-0.000582,-0.001507,-0.004400,0.999989,84.248993,420.751648,63.015118
510,5.100000,-0.000589,-0.001509,-0.004403,0.999989,84.227478,420.752350,63.011936
511,5.110000,-0.000648,-0.001523,-0.004325,0.999989,84.185501,420.754272,62.996777
512,5.120000,-0.000711,-0.001557,-0.004259,0.999990,84.144989,420.763611,62.979176
513,5.130000,-0.000689,-0.001133,-0.005229,0.999985,84.104279,420.780670,62.969959
514,5.140000,-0.000682,-0.001072,-0.005289,0.999985,84.043823,420.789185,62.970287
515,5.150000,-0.000832,-0.001568,-0.004177,0.999990,83.981293,420.798004,62.973976
516,5.160000,-0.000911,-0.001294,-0.004468,0.999989,83.935516,420.809662,62.981003
517,5.170000,-0.000822,-0.000892,-0.005300,0.999985,83.868729,420.802124,62.978954
518,5.180000,-0.000777,-0.000868,-0.005318,0.999985,83.785889,420.782135,62.974781
519,5.190000,-0.000747,-0.000714,-0.005369,0.999985,83.707947,420.779083,62.977829
520,5.200000,-0.000862,0.000578,-0.007805,0.999969,83.755363,420.836700,62.957451
521,5.210000,-0.000885,0.001208,-0.008978,0.999959,83.738724,420.853943,62.960529
522,5.220000,-0.000865,0.001243,-0.009030,0.999958,83.676826,420.853912,62.969864
523,5.230000,-0.000929,0.001320,-0.008709,0.999961,83.634438,420.859924,62.990917
524,5.240000,-0.000916,0.001379,-0.008696,0.999961,83.579773,420.853424,62.997215
525,5.250000,-0.000720,-0.000336,-0.005553,0.999984,83.363846,420.768860,63.014694
526,5.260000,-0.000637,-0.000603,-0.005441,0.999985,83.268532,420.743225,63.004105
527,5.270000,-0.000824,0.000649,-0.007758,0.999969,83.321915,420.799957,62.979622
528,5.280000,-0.000871,0.000609,-0.008200,0.999966,83.265800,420.819855,62.950394
529,5.290000,-0.000955,0.000441,-0.008007,0.999967,83.180580,420.831451,62.933430
530,5.300000,-0.000984,0.000230,-0.007766,0.999969,83.113144,420.832825,62.918827
531,5.310000,-0.000964,-0.000155,-0.007119,0.999974,83.023529,420.828949,62.905640
532,5.320000,-0.000960,-0.000092,-0.007049,0.999975,82.954521,420.829590,62.902199
533,5.330000,-0.000894,0.000109,-0.007691,0.999970,82.897049,420.835693,62.909863
534,5.340000,-0.000838,0.000465,-0.008332,0.999965,82.856514,420.848145,62.920162
535,5.350000,-0.000793,0.000614,-0.008449,0.999964,82.814705,420.856659,62.931053
536,5.360000,-0.000875,0.000427,-0.007979,0.999968,82.785614,420.866486,62.937698
537,5.370000,-0.000878,0.000433,-0.007978,0.999968,82.760086,420.871185,62.941177
538,5.380000,-0.000884,0.000439,-0.008001,0.999968,82.733192,420.873871,62.938831
539,5.390000,-0.000904,0.000467,-0.008050,0.999967,82.698097,420.873138,62.932148
540,5.400000,-0.000915,0.000320,-0.007878,0.999969,82.643494,420.867188,62.917568
541,5.410000,-0.000934,0.000369,-0.007897,0.999968,82.598419,420.862061,62.907421
542,5.420000,-0.000946,0.000402,-0.007909,0.999968,82.557060,420.854370,62.902233
543,5.430000,-0.000952,0.000429,-0.007900,0.999968,82.506577,420.844055,62.904514
544,5.440000,-0.000963,0.000551,-0.008028,0.999967,82.458153,420.835144,62.908783
545,5.450000,-0.000970,0.000612,-0.008186,0.999966,82.408279,420.836884,62.908096
546,5.460000,-0.000985,0.001030,-0.008508,0.999963,82.359428,420.845123,62.918262
547,5.470000,-0.000965,0.001066,-0.008468,0.999963,82.298691,420.845978,62.920502
548,5.480000,-0.000957,0.001070,-0.008369,0.999964,82.243401,420.842651,62.918922
549,5.490000,-0.000951,0.001023,-0.008306,0.999965,82.209015,420.840149,62.912224
550,5.500000,-0.000970,0.001032,-0.008306,0.999965,82.194351,420.842255,62.906982
551,5.510000,-0.000981,0.001062,-0.008355,0.999964,82.188942,420.843292,62.905537
552,5.520000,-0.000979,0.001059,-0.008361,0.999964,82.189079,420.841675,62.908150
553,5.530000,-0.000973,0.001089,-0.008373,0.999964,82.188896,420.840271,62.914982
554,5.540000,-0.000983,0.000909,-0.008174,0.999966,82.170341,420.840393,62.921749
555,5.550000,-0.000981,0.000929,-0.008180,0.999966,82.154564,420.840424,62.926682
556,5.560000,-0.001000,0.000799,-0.007637,0.999970,82.119415,420.844910,62.937492
557,5.570000,-0.000981,0.000816,-0.007579,0.999971,82.087685,420.844421,62.937180
558,5.580000,-0.000971,0.000774,-0.007535,0.999971,82.058311,420.840057,62.931576
559,5.590000,-0.000999,0.000696,-0.007179,0.999974,82.002823,420.818207,62.907600
560,5.600000,-0.001085,0.000506,-0.006878,0.999976,81.963478,420.813232,62.889061
561,5.610000,-0.001102,0.000437,-0.006817,0.999976,81.948860,420.816864,62.870556
562,5.620000,-0.001094,0.000969,-0.007992,0.999967,81.961121,420.826172,62.851398
563,5.630000,-0.001118,0.000967,-0.007913,0.999968,81.954102,420.834137,62.849747
564,5.640000,-0.001062,0.000870,-0.007803,0.999969,81.951828,420.828186,62.857338
565,5.650000,-0.001182,0.000615,-0.007043,0.999974,81.956779,420.830475,62.875858
566,5.660000,-0.001111,0.000554,-0.006993,0.999975,81.944061,420.819031,62.884190
567,5.670000,-0.001059,0.000653,-0.007095,0.999974,81.927872,420.818634,62.903145
568,5.680000,-0.001028,0.000760,-0.007191,0.999973,81.914764,420.815491,62.915535
569,5.690000,-0.001035,0.000648,-0.007064,0.999974,81.887848,420.813232,62.914959
570,5.700000,-0.001047,0.000673,-0.007073,0.999974,81.870888,420.816406,62.909931
571,5.710000,-0.000977,0.001080,-0.007784,0.999969,81.849487,420.821289,62.911095
572,5.720000,-0.000976,0.001165,-0.007872,0.999968,81.840309,420.819305,62.914028
573,5.730000,-0.000982,0.001156,-0.007850,0.999968,81.833824,420.816040,62.914036
574,5.740000,-0.001027,0.001082,-0.007829,0.999968,81.841171,420.814636,62.908852
575,5.750000,-0.001039,0.001076,-0.007807,0.999968,81.848289,420.812469,62.907368
576,5.760000,-0.001123,0.000726,-0.006943,0.999975,81.853828,420.805115,62.908337
577,5.770000,-0.001058,0.001035,-0.007657,0.999970,81.859230,420.805176,62.904491
578,5.780000,-0.001118,0.001130,-0.007725,0.999969,81.848557,420.803101,62.897182
579,5.790000,-0.001113,0.001233,-0.007723,0.999969,81.839264,420.783813,62.904312
580,5.800000,-0.001131,0.001240,-0.007630,0.999969,81.824913,420.771820,62.901527
581,5.810000,-0.001178,0.001087,-0.007423,0.999971,81.820435,420.764923,62.887081
582,5.820000,-0.001164,0.000665,-0.006860,0.999976,81.802414,420.752625,62.866577
583,5.830000,-0.001332,0.000778,-0.006333,0.999979,81.832542,420.752808,62.873497
584,5.840000,-0.001259,0.000755,-0.006400,0.999979,81.837616,420.740845,62.866524
585,5.850000,-0.001285,0.000877,-0.006417,0.999978,81.855049,420.733582,62.859467
586,5.860000,-0.001309,0.000876,-0.006322,0.999979,81.869797,420.723633,62.857231
587,5.870000,-0.001338,0.000976,-0.006279,0.999979,81.883026,420.721741,62.860771
588,5.880000,-0.001326,0.000943,-0.006246,0.999979,81.903122,420.732819,62.869907
589,5.890000,-0.001310,0.001012,-0.006306,0.999979,81.907547,420.736755,62.877365
590,5.900000,-0.001291,0.001054,-0.006331,0.999979,81.897865,420.734039,62.887684
591,5.910000,-0.001306,0.001050,-0.006278,0.999979,81.878708,420.734100,62.898167
592,5.920000,-0.001308,0.001017,-0.006290,0.999979,81.868828,420.745117,62.904320
593,5.930000,-0.001324,0.001060,-0.006239,0.999979,81.869453,420.744110,62.896713
594,5.940000,-0.001152,-0.000885,-0.002691,0.999995,81.693108,420.664185,62.906647
595,5.950000,-0.001241,-0.000760,-0.002596,0.999996,81.737396,420.689056,62.912994
596,5.960000,-0.001311,-0.000676,-0.002719,0.999995,81.784325,420.725708,62.918865
597,5.970000,-0.001308,-0.000586,-0.002877,0.999995,81.840034,420.752502,62.922672
598,5.980000,-0.001295,-0.000665,-0.002818,0.999995,81.888206,420.754822,62.926723
599,5.990000,-0.001204,-0.000460,-0.003185,0.999994,81.941902,420.739227,62.936127
600,6.000000,-0.001205,-0.000568,-0.002886,0.999995,81.971329,420.729675,62.958912
601,6.010000,-0.001174,-0.000612,-0.002670,0.999996,82.018753,420.717712,62.984966
602,6.020000,-0.001177,-0.000826,-0.002269,0.999996,82.055702,420.701172,62.972805
603,6.030000,-0.001217,-0.000654,-0.002562,0.999996,82.160110,420.694000,62.967903
604,6.040000,-0.001246,-0.000792,-0.002314,0.999996,82.259415,420.713470,62.957317
605,6.050000,-0.001198,-0.000705,-0.002542,0.999996,82.392250,420.731140,62.956013
606,6.060000,-0.001226,-0.001340,-0.001311,0.999997,82.557243,420.746735,62.948406
607,6.070000,-0.001232,-0.001189,-0.001660,0.999997,82.763390,420.766541,62.945248
608,6.080000,-0.001220,-0.001388,-0.001672,0.999997,82.997040,420.767639,62.948765
609,6.090000,-0.001335,-0.000661,-0.002187,0.999997,83.309166,420.777313,62.967129
610,6.100000,-0.001389,-0.000538,-0.002045,0.999997,83.609901,420.782654,62.986008
611,6.110000,-0.001262,-0.000397,-0.002672,0.999996,83.901543,420.784851,62.986172
612,6.120000,-0.001259,-0.001165,-0.001528,0.999997,84.228424,420.777405,62.977394
613,6.130000,-0.001293,-0.001129,-0.001130,0.999998,84.615982,420.799530,62.986000
614,6.140000,-0.001296,-0.001012,-0.001466,0.999998,84.983780,420.826263,62.991932
615,6.150000,-0.001350,-0.000911,-0.001790,0.999997,85.393562,420.862549,63.002541
616,6.160000,-0.001273,-0.000542,-0.002436,0.999996,85.838806,420.888702,63.006809
617,6.170000,-0.001274,-0.001053,-0.001639,0.999997,86.283119,420.908142,62.996269
618,6.180000,-0.001379,-0.000757,-0.002230,0.999996,86.760681,420.930176,63.000679
619,6.190000,-0.001322,-0.000682,-0.002479,0.999996,87.243088,420.930939,63.011723
620,6.200000,-0.001587,0.001075,-0.005276,0.999984,87.899086,421.000793,63.006603
621,6.210000,-0.001692,0.000906,-0.005051,0.999985,88.426804,421.023773,62.976776
622,6.220000,-0.001666,0.000969,-0.005471,0.999983,88.970688,421.043152,62.989750
623,6.230000,-0.001632,0.000429,-0.004168,0.999990,89.542419,421.054626,62.985935
624,6.240000,-0.001647,0.000041,-0.004130,0.999990,90.148476,421.083832,62.986782
625,6.250000,-0.001556,0.000266,-0.004368,0.999989,90.791786,421.111298,62.978676
626,6.260000,-0.001695,-0.000844,-0.002934,0.999994,91.439774,421.118835,62.985397
627,6.270000,-0.001558,-0.000253,-0.003843,0.999991,92.154724,421.127838,62.990829
628,6.280000,-0.001625,-0.000515,-0.003299,0.999993,92.881927,421.136902,63.016930
629,6.290000,-0.001483,-0.001046,-0.002885,0.999994,93.610260,421.130768,63.031643
630,6.300000,-0.001424,-0.001441,-0.002157,0.999996,94.406456,421.121582,63.039139
631,6.310000,-0.001304,-0.001604,-0.002588,0.999995,95.234543,421.122345,63.050419
632,6.320000,-0.001585,-0.000835,-0.003031,0.999994,96.147179,421.182800,63.083260
633,6.330000,-0.001550,-0.000919,-0.002789,0.999995,97.050232,421.195343,63.098690
634,6.340000,-0.001616,-0.000234,-0.003669,0.999992,97.978355,421.234222,63.097992
635,6.350000,-0.001668,-0.000849,-0.002638,0.999995,98.944771,421.253784,63.094139
636,6.360000,-0.001667,-0.000441,-0.003606,0.999992,99.853775,421.290253,63.094616
637,6.370000,-0.001586,-0.000480,-0.003631,0.999992,100.801811,421.293793,63.107254
638,6.380000,-0.001743,-0.000938,-0.003147,0.999993,101.769615,421.305969,63.103310
639,6.390000,-0.001686,-0.000684,-0.003609,0.999992,102.710358,421.309479,63.104168
640,6.400000,-0.001631,-0.000978,-0.003279,0.999993,103.665833,421.322388,63.103294
641,6.410000,-0.001775,-0.000920,-0.002803,0.999994,104.666878,421.335052,63.127121
642,6.420000,-0.001681,-0.000531,-0.003499,0.999992,105.623970,421.336243,63.144268
643,6.430000,-0.001655,-0.000745,-0.003293,0.999993,106.586128,421.346649,63.153744
644,6.440000,-0.001795,-0.001276,-0.002270,0.999995,107.570915,421.361389,63.156166
645,6.450000,-0.001777,-0.000627,-0.003209,0.999993,108.515343,421.385376,63.171818
646,6.460000,-0.001729,-0.000593,-0.003205,0.999993,109.464806,421.388672,63.196026
647,6.470000,-0.001783,-0.000397,-0.003395,0.999993,110.432487,421.400513,63.212097
648,6.480000,-0.002223,-0.001646,-0.000503,0.999996,111.379066,421.448547,63.210854
649,6.490000,-0.002248,-0.001944,0.000188,0.999996,112.267914,421.465607,63.200905
650,6.500000,-0.002368,-0.001586,0.000119,0.999996,113.177742,421.475830,63.210487
651,6.510000,-0.002368,-0.001539,-0.000164,0.999996,114.080605,421.473816,63.210011
652,6.520000,-0.002375,-0.001089,-0.001110,0.999996,114.983932,421.473907,63.211239
653,6.530000,-0.002492,0.000206,-0.002899,0.999993,115.903023,421.498749,63.248711
654,6.540000,-0.002429,0.000266,-0.003193,0.999992,116.749634,421.507446,63.282810
655,6.550000,-0.002406,0.000266,-0.003075,0.999992,117.568436,421.517120,63.310905
656,6.560000,-0.002410,0.001031,-0.004447,0.999987,118.419525,421.525299,63.326904
657,6.570000,-0.002347,0.001781,-0.005942,0.999978,119.245079,421.531006,63.348717
658,6.580000,-0.002352,0.002123,-0.006561,0.999974,120.040741,421.534790,63.377121
659,6.590000,-0.002331,0.001881,-0.006567,0.999974,120.761200,421.538483,63.378551
660,6.600000,-0.002322,0.002308,-0.007118,0.999969,121.482101,421.562225,63.385235
661,6.610000,-0.002309,0.003086,-0.008804,0.999954,122.193871,421.583282,63.408592
662,6.620000,-0.002299,0.003418,-0.009422,0.999947,122.892380,421.599854,63.429443
663,6.630000,-0.002214,0.003308,-0.009656,0.999945,123.540329,421.616333,63.434101
664,6.640000,-0.002283,0.004219,-0.010858,0.999930,124.206497,421.654602,63.456818
665,6.650000,-0.002305,0.004435,-0.011223,0.999925,124.822144,421.655914,63.470387
666,6.660000,-0.002229,0.004071,-0.011043,0.999928,125.377502,421.651825,63.473396
667,6.670000,-0.002088,0.000965,-0.004135,0.999989,125.917656,421.625244,63.401958
668,6.680000,-0.002062,0.001036,-0.003909,0.999990,126.504852,421.636230,63.409500
669,6.690000,-0.002337,0.000843,-0.002354,0.999994,127.069649,421.687073,63.395931
670,6.700000,-0.002661,0.001474,-0.002848,0.999991,127.651688,421.734406,63.411026
671,6.710000,-0.000956,0.005876,-0.014452,0.999878,128.089737,421.730743,63.372360
672,6.720000,-0.001351,0.005555,-0.012631,0.999904,128.607925,421.754242,63.407383
673,6.730000,-0.002318,0.001513,-0.003493,0.999990,129.073227,421.748077,63.425323
674,6.740000,-0.002495,0.001406,-0.002703,0.999992,129.544434,421.758514,63.434483
675,6.750000,-0.002542,0.000993,-0.002418,0.999993,129.969666,421.754761,63.415722
676,6.760000,-0.002736,0.001554,-0.002756,0.999991,130.436462,421.780182,63.428036
677,6.770000,-0.002482,0.001311,-0.003101,0.999991,130.853775,421.753571,63.425003
678,6.780000,-0.002555,0.001217,-0.002498,0.999993,131.289673,421.753326,63.448124
679,6.790000,-0.002516,0.001368,-0.003163,0.999991,131.732086,421.758423,63.449017
680,6.800000,-0.002445,0.001125,-0.002724,0.999993,132.159241,421.757172,63.448570
681,6.810000,-0.002427,0.001244,-0.002912,0.999992,132.631439,421.758331,63.453964
682,6.820000,-0.002565,0.001471,-0.002945,0.999991,133.080872,421.775757,63.462055
683,6.830000,-0.002492,0.001006,-0.003057,0.999992,133.482178,421.757599,63.441128
684,6.840000,-0.002486,0.000850,-0.002415,0.999994,133.909775,421.750854,63.451916
685,6.850000,-0.002465,0.001148,-0.002949,0.999992,134.336105,421.761749,63.452408
686,6.860000,-0.001190,0.005104,-0.012625,0.999907,134.694550,421.770813,63.422710
687,6.870000,-0.002281,0.001259,-0.003760,0.999990,135.062988,421.764465,63.451157
688,6.880000,-0.002391,0.001137,-0.003013,0.999992,135.426956,421.767548,63.473866
689,6.890000,-0.002406,0.001930,-0.004024,0.999987,135.790329,421.791901,63.498253
690,6.900000,-0.002309,0.001015,-0.003215,0.999992,136.070587,421.783417,63.493019
691,6.910000,-0.002188,0.000672,-0.003037,0.999993,136.349396,421.776459,63.500500
692,6.920000,-0.002269,0.000835,-0.002767,0.999993,136.677170,421.783173,63.527115
693,6.930000,-0.002158,0.000756,-0.003085,0.999993,136.959061,421.776825,63.527046
694,6.940000,-0.002170,0.000766,-0.003414,0.999992,137.219666,421.781189,63.521729
695,6.950000,-0.002182,0.001413,-0.004173,0.999988,137.513382,421.797577,63.523682
696,6.960000,-0.002291,0.000741,-0.003290,0.999992,137.754974,421.806274,63.504047
697,6.970000,-0.002214,0.000237,-0.002681,0.999994,137.987579,421.789581,63.481731
698,6.980000,-0.002215,0.000627,-0.003128,0.999992,138.268311,421.793396,63.486420
699,6.990000,-0.002390,0.001117,-0.003409,0.999991,138.581024,421.806793,63.494213
700,7.000000,-0.002462,0.000945,-0.003313,0.999991,138.843948,421.807037,63.477299
701,7.010000,-0.002455,0.000563,-0.002956,0.999992,139.108063,421.793671,63.471714
702,7.020000,-0.002398,0.000901,-0.003492,0.999991,139.418900,421.780701,63.470943
703,7.030000,-0.002391,0.000496,-0.002839,0.999993,139.717987,421.773285,63.458710
704,7.040000,-0.002348,0.000338,-0.002893,0.999993,140.012573,421.777802,63.455536
705,7.050000,-0.002421,0.001151,-0.003911,0.999989,140.381012,421.794128,63.466221
706,7.060000,-0.002338,0.000618,-0.003194,0.999992,140.681946,421.793274,63.467220
707,7.070000,-0.002241,0.000168,-0.002965,0.999993,140.984344,421.790039,63.467243
708,7.080000,-0.002379,0.000522,-0.003092,0.999992,141.348129,421.814667,63.483917
709,7.090000,-0.002272,0.000459,-0.002975,0.999993,141.697311,421.814972,63.497803
710,7.100000,-0.002164,0.000825,-0.003878,0.999990,142.053467,421.822601,63.528114
711,7.110000,-0.002147,0.000362,-0.003184,0.999993,142.394882,421.818329,63.532585
712,7.120000,-0.002060,0.000123,-0.003162,0.999993,142.733337,421.822662,63.535900
713,7.130000,-0.002014,0.000159,-0.003124,0.999993,143.117920,421.821625,63.554852
714,7.140000,-0.001989,0.000408,-0.003694,0.999991,143.478790,421.833221,63.554771
715,7.150000,-0.001934,0.000272,-0.003646,0.999992,143.823471,421.833832,63.549458
716,7.160000,-0.001978,-0.000196,-0.003024,0.999993,144.147430,421.836487,63.550083
717,7.170000,-0.001875,0.000006,-0.003499,0.999992,144.513901,421.829559,63.559799
718,7.180000,-0.001821,0.000295,-0.003796,0.999991,144.872116,421.839050,63.578693
719,7.190000,-0.001821,-0.000368,-0.003060,0.999994,145.174210,421.826324,63.589401
720,7.200000,-0.001792,0.000210,-0.003778,0.999991,145.528458,421.825409,63.607925
721,7.210000,-0.001827,-0.000378,-0.002829,0.999994,145.844849,421.824036,63.600964
722,7.220000,-0.001919,-0.000206,-0.003086,0.999993,146.146927,421.835175,63.589222
723,7.230000,-0.002096,0.000542,-0.004095,0.999989,146.505005,421.864349,63.572960
724,7.240000,-0.000184,0.005274,-0.015975,0.999859,146.750839,421.809418,63.521408
725,7.250000,-0.000759,0.003252,-0.011389,0.999930,147.024933,421.798218,63.511120
726,7.260000,-0.001980,0.000230,-0.004024,0.999990,147.292679,421.838348,63.508980
727,7.270000,-0.002203,-0.000153,-0.003010,0.999993,147.546478,421.851349,63.504471
728,7.280000,-0.002355,-0.000219,-0.002521,0.999994,147.797394,421.856140,63.521652
729,7.290000,-0.002226,-0.000543,-0.002364,0.999995,147.989197,421.828583,63.512074
730,7.300000,-0.002171,-0.000209,-0.003147,0.999993,148.189255,421.824951,63.497395
731,7.310000,-0.002241,0.000034,-0.003343,0.999992,148.369919,421.829498,63.487514
732,7.320000,-0.002267,0.000067,-0.003446,0.999992,148.509460,421.829834,63.486294
733,7.330000,-0.002287,-0.000096,-0.003378,0.999992,148.616196,421.831604,63.481918
734,7.340000,-0.002247,-0.000163,-0.003354,0.999992,148.695953,421.827026,63.485443
735,7.350000,-0.002331,-0.000427,-0.002774,0.999993,148.744354,421.827209,63.491314
736,7.360000,-0.002320,-0.000484,-0.002655,0.999994,148.752747,421.825073,63.499809
737,7.370000,-0.002324,-0.000514,-0.002625,0.999994,148.736084,421.822510,63.505470
738,7.380000,-0.002198,-0.000293,-0.003179,0.999992,148.685684,421.809143,63.510277
739,7.390000,-0.002207,-0.000234,-0.003154,0.999993,148.642502,421.797577,63.513309
740,7.400000,-0.002171,-0.000261,-0.003110,0.999993,148.604141,421.786774,63.520767
741,7.410000,-0.002133,-0.000248,-0.003104,0.999993,148.563782,421.779663,63.537487
742,7.420000,-0.002158,-0.000214,-0.003105,0.999993,148.536331,421.778992,63.544079
743,7.430000,-0.002239,-0.000206,-0.002974,0.999993,148.500061,421.774170,63.541130
744,7.440000,-0.002355,-0.000193,-0.002896,0.999993,148.481476,421.768921,63.522919
745,7.450000,-0.002545,-0.000334,-0.002861,0.999993,148.471542,421.772888,63.491432
746,7.460000,-0.002738,-0.000421,-0.002832,0.999992,148.455627,421.786591,63.449100
747,7.470000,-0.002988,-0.000473,-0.002778,0.999992,148.435791,421.808594,63.397980
748,7.480000,-0.003119,-0.000536,-0.002611,0.999992,148.403641,421.816101,63.367844
749,7.490000,-0.003024,-0.000489,-0.002614,0.999992,148.381241,421.797150,63.390217
750,7.500000,-0.002857,-0.000443,-0.002624,0.999992,148.365112,421.767944,63.432716
751,7.510000,-0.002868,-0.000406,-0.002796,0.999992,148.349442,421.758606,63.442730
752,7.520000,-0.002875,-0.000838,-0.002296,0.999993,148.316086,421.751923,63.417835
753,7.530000,-0.002921,-0.000824,-0.002225,0.999993,148.312332,421.757355,63.409603
754,7.540000,-0.002958,-0.000423,-0.002591,0.999992,148.348801,421.768951,63.419373
755,7.550000,-0.002967,-0.000446,-0.002576,0.999992,148.362549,421.773865,63.411236
756,7.560000,-0.003000,-0.000786,-0.002299,0.999993,148.355011,421.776428,63.386330
757,7.570000,-0.003048,-0.000539,-0.002506,0.999992,148.379242,421.787384,63.391155
758,7.580000,-0.002944,-0.000437,-0.002646,0.999992,148.395782,421.779846,63.414017
759,7.590000,-0.002903,-0.000470,-0.002659,0.999992,148.397125,421.773865,63.424320
760,7.600000,-0.002944,-0.000516,-0.002627,0.999992,148.384888,421.775146,63.414745
761,7.610000,-0.002990,-0.000551,-0.002549,0.999992,148.366562,421.777374,63.405594
762,7.620000,-0.002936,-0.000779,-0.002281,0.999993,148.338989,421.767578,63.402245
763,7.630000,-0.002898,-0.000809,-0.002256,0.999993,148.330978,421.760620,63.405945
764,7.640000,-0.002900,-0.000863,-0.002213,0.999993,148.324249,421.757263,63.403973
765,7.650000,-0.002921,-0.000834,-0.002247,0.999993,148.323944,421.761322,63.406021
766,7.660000,-0.002941,-0.000472,-0.002582,0.999992,148.350891,421.770203,63.423985
767,7.670000,-0.002914,-0.000475,-0.002610,0.999992,148.364975,421.766663,63.429386
768,7.680000,-0.002941,-0.000516,-0.002585,0.999992,148.376221,421.767609,63.417709
769,7.690000,-0.002993,-0.000550,-0.002564,0.999992,148.383942,421.777039,63.401161
770,7.700000,-0.003012,-0.000483,-0.002616,0.999992,148.389114,421.787903,63.396790
771,7.710000,-0.003004,-0.000451,-0.002628,0.999992,148.386932,421.789551,63.404186
772,7.720000,-0.002987,-0.000478,-0.002590,0.999992,148.376999,421.779846,63.408775
773,7.730000,-0.002962,-0.000504,-0.002533,0.999992,148.361755,421.767548,63.410847
774,7.740000,-0.002900,-0.000791,-0.002248,0.999993,148.329590,421.754059,63.408367
775,7.750000,-0.002885,-0.000790,-0.002256,0.999993,148.318008,421.753815,63.412315
776,7.760000,-0.002914,-0.000812,-0.002227,0.999993,148.311249,421.756958,63.409828
777,7.770000,-0.002943,-0.000831,-0.002187,0.999993,148.312958,421.757172,63.401505
778,7.780000,-0.002943,-0.000829,-0.002188,0.999993,148.321579,421.758514,63.398212
779,7.790000,-0.002920,-0.000810,-0.002267,0.999993,148.338409,421.763641,63.401432
780,7.800000,-0.002961,-0.000499,-0.002593,0.999992,148.373337,421.777039,63.410526
781,7.810000,-0.002967,-0.000528,-0.002590,0.999992,148.384689,421.778595,63.409492
782,7.820000,-0.002964,-0.000532,-0.002616,0.999992,148.391006,421.775665,63.410378
783,7.830000,-0.002966,-0.000527,-0.002594,0.999992,148.393753,421.774872,63.410446
784,7.840000,-0.002977,-0.000504,-0.002613,0.999992,148.386734,421.778839,63.408150
785,7.850000,-0.003002,-0.000497,-0.002590,0.999992,148.372742,421.780762,63.405045
786,7.860000,-0.002962,-0.000772,-0.002280,0.999993,148.338470,421.767609,63.397808
787,7.870000,-0.002940,-0.000827,-0.002167,0.999993,148.316864,421.756927,63.401894
788,7.880000,-0.002910,-0.000854,-0.002120,0.999993,148.302383,421.750122,63.408764
789,7.890000,-0.002919,-0.000748,-0.002368,0.999993,148.297821,421.750549,63.415417
790,7.900000,-0.002897,-0.000857,-0.002137,0.999993,148.301529,421.749756,63.413540
791,7.910000,-0.002900,-0.000867,-0.002131,0.999993,148.314880,421.751770,63.410038
792,7.920000,-0.002922,-0.000857,-0.002186,0.999993,148.333023,421.758514,63.401619
793,7.930000,-0.002958,-0.000854,-0.002217,0.999993,148.350357,421.767853,63.392319
794,7.940000,-0.003028,-0.000501,-0.002579,0.999992,148.383102,421.783630,63.396580
795,7.950000,-0.003013,-0.000478,-0.002607,0.999992,148.391129,421.782135,63.402573
796,7.960000,-0.002978,-0.000519,-0.002596,0.999992,148.390411,421.775146,63.409885
797,7.970000,-0.002973,-0.000531,-0.002582,0.999992,148.384125,421.771790,63.412674
798,7.980000,-0.002970,-0.000529,-0.002567,0.999992,148.370377,421.771576,63.413502
799,7.990000,-0.002933,-0.000817,-0.002260,0.999993,148.337326,421.762756,63.405922
800,8.000000,-0.002932,-0.000856,-0.002174,0.999993,148.320847,421.757812,63.401917
801,8.010000,-0.002930,-0.000880,-0.002119,0.999993,148.310303,421.752869,63.399269
802,8.020000,-0.002933,-0.000858,-0.002144,0.999993,148.308868,421.751953,63.400574
803,8.030000,-0.002927,-0.000849,-0.002158,0.999993,148.312653,421.754547,63.406391
804,8.040000,-0.002926,-0.000820,-0.002191,0.999993,148.324387,421.757416,63.409805
805,8.050000,-0.002993,-0.000483,-0.002516,0.999992,148.355911,421.768280,63.413174
806,8.060000,-0.003016,-0.000491,-0.002538,0.999992,148.365860,421.771027,63.406452
807,8.070000,-0.002975,-0.000751,-0.002308,0.999993,148.356018,421.767639,63.396378
808,8.080000,-0.003019,-0.000529,-0.002510,0.999992,148.371063,421.778107,63.398899
809,8.090000,-0.003009,-0.000487,-0.002557,0.999992,148.368347,421.777435,63.403084
810,8.100000,-0.002943,-0.000808,-0.002241,0.999993,148.341232,421.763458,63.402279
811,8.110000,-0.002918,-0.000852,-0.002196,0.999993,148.332275,421.756714,63.406460
812,8.120000,-0.002913,-0.000866,-0.002180,0.999993,148.326004,421.754883,63.408123
813,8.130000,-0.002922,-0.000860,-0.002206,0.999993,148.323135,421.756317,63.405125
814,8.140000,-0.002933,-0.000819,-0.002234,0.999993,148.326508,421.758667,63.402271
815,8.150000,-0.002945,-0.000811,-0.002219,0.999993,148.332657,421.760040,63.398281
816,8.160000,-0.002960,-0.000804,-0.002233,0.999993,148.340240,421.762817,63.396408
817,8.170000,-0.003011,-0.000470,-0.002559,0.999992,148.367508,421.775116,63.405075
818,8.180000,-0.003013,-0.000477,-0.002562,0.999992,148.372330,421.776001,63.407341
819,8.190000,-0.003008,-0.000475,-0.002554,0.999992,148.371811,421.773499,63.409031
820,8.200000,-0.003009,-0.000505,-0.002522,0.999992,148.366608,421.771240,63.407734
821,8.210000,-0.002966,-0.000813,-0.002224,0.999993,148.340927,421.762268,63.399887
822,8.220000,-0.002963,-0.000822,-0.002191,0.999993,148.328186,421.760895,63.398712
823,8.230000,-0.002961,-0.000808,-0.002176,0.999993,148.319366,421.758575,63.398823
824,8.240000,-0.002955,-0.000838,-0.002147,0.999993,148.313263,421.756012,63.399284
825,8.250000,-0.002949,-0.000851,-0.002139,0.999993,148.311432,421.754303,63.400856
826,8.260000,-0.002944,-0.000841,-0.002157,0.999993,148.315125,421.754211,63.403053
827,8.270000,-0.002940,-0.000858,-0.002160,0.999993,148.323044,421.755493,63.404278
828,8.280000,-0.002946,-0.000842,-0.002203,0.999993,148.334290,421.757721,63.402519
829,8.290000,-0.003005,-0.000506,-0.002542,0.999992,148.367645,421.771667,63.405254
830,8.300000,-0.003016,-0.000497,-0.002554,0.999992,148.378571,421.777069,63.401146
831,8.310000,-0.003022,-0.000498,-0.002566,0.999992,148.382141,421.779541,63.399426
832,8.320000,-0.003022,-0.000513,-0.002547,0.999992,148.379715,421.778748,63.398800
833,8.330000,-0.002966,-0.000798,-0.002274,0.999993,148.354889,421.767029,63.396313
834,8.340000,-0.002952,-0.000847,-0.002213,0.999993,148.342300,421.761749,63.399658
835,8.350000,-0.002949,-0.000816,-0.002226,0.999993,148.330887,421.759064,63.402802
836,8.360000,-0.002954,-0.000811,-0.002208,0.999993,148.319366,421.756958,63.403450
837,8.370000,-0.002964,-0.000796,-0.002183,0.999993,148.313477,421.756195,63.400494
838,8.380000,-0.002969,-0.000792,-0.002168,0.999993,148.309799,421.755371,63.397659
839,8.390000,-0.002973,-0.000798,-0.002172,0.999993,148.311279,421.756287,63.396893
840,8.400000,-0.002967,-0.000793,-0.002195,0.999993,148.321381,421.759094,63.398510
841,8.410000,-0.002962,-0.000823,-0.002184,0.999993,148.329865,421.758331,63.400505
842,8.420000,-0.002958,-0.000830,-0.002207,0.999993,148.340424,421.759369,63.401474
843,8.430000,-0.002960,-0.000824,-0.002209,0.999993,148.349625,421.764038,63.398285
844,8.440000,-0.003021,-0.000520,-0.002507,0.999992,148.374878,421.775543,63.401222
845,8.450000,-0.002974,-0.000811,-0.002245,0.999993,148.356277,421.768829,63.393623
846,8.460000,-0.002962,-0.000848,-0.002203,0.999993,148.349258,421.765686,63.392616
847,8.470000,-0.002967,-0.000828,-0.002205,0.999993,148.341904,421.761902,63.396038
848,8.480000,-0.002963,-0.000822,-0.002204,0.999993,148.333344,421.759003,63.399696
849,8.490000,-0.002951,-0.000818,-0.002195,0.999993,148.324356,421.756927,63.403786
850,8.500000,-0.002950,-0.000837,-0.002180,0.999993,148.318634,421.754639,63.403526
851,8.510000,-0.002959,-0.000838,-0.002169,0.999993,148.315399,421.752655,63.399620
852,8.520000,-0.002968,-0.000821,-0.002183,0.999993,148.318436,421.754974,63.395000
853,8.530000,-0.002972,-0.000836,-0.002177,0.999993,148.323654,421.759125,63.392841
854,8.540000,-0.002975,-0.000823,-0.002208,0.999993,148.330429,421.761719,63.393826
855,8.550000,-0.002971,-0.000842,-0.002194,0.999993,148.336899,421.761688,63.395180
856,8.560000,-0.002961,-0.000817,-0.002233,0.999993,148.340973,421.761444,63.397923
857,8.570000,-0.002958,-0.000865,-0.002199,0.999993,148.340714,421.760193,63.397305
858,8.580000,-0.002966,-0.000860,-0.002213,0.999993,148.338913,421.762085,63.396454
859,8.590000,-0.002963,-0.000865,-0.002211,0.999993,148.334488,421.762421,63.395687
860,8.600000,-0.002961,-0.000863,-0.002182,0.999993,148.329208,421.759521,63.395226
861,8.610000,-0.002957,-0.000839,-0.002211,0.999993,148.326218,421.757446,63.395939
862,8.620000,-0.002954,-0.000853,-0.002183,0.999993,148.324753,421.757690,63.396671
863,8.630000,-0.002952,-0.000853,-0.002186,0.999993,148.326370,421.759247,63.398628
864,8.640000,-0.002954,-0.000849,-0.002214,0.999993,148.330841,421.759888,63.398792
865,8.650000,-0.002958,-0.000860,-0.002223,0.999993,148.336655,421.759247,63.397125
866,8.660000,-0.002969,-0.000860,-0.002226,0.999993,148.342987,421.761230,63.393726
867,8.670000,-0.002977,-0.000862,-0.002230,0.999993,148.346741,421.764740,63.391460
868,8.680000,-0.002983,-0.000846,-0.002242,0.999993,148.346680,421.767700,63.390965
869,8.690000,-0.002980,-0.000856,-0.002217,0.999993,148.342239,421.765625,63.391380
870,8.700000,-0.002976,-0.000843,-0.002204,0.999993,148.335770,421.761597,63.392551
871,8.710000,-0.002960,-0.000892,-0.002166,0.999993,148.325760,421.757568,63.395531
872,8.720000,-0.002950,-0.000880,-0.002182,0.999993,148.318985,421.756378,63.398182
873,8.730000,-0.002946,-0.000859,-0.002200,0.999993,148.315994,421.756500,63.399723
874,8.740000,-0.002954,-0.000866,-0.002187,0.999993,148.314392,421.754669,63.398212
875,8.750000,-0.002959,-0.000868,-0.002166,0.999993,148.316467,421.754517,63.395710
876,8.760000,-0.002965,-0.000857,-0.002181,0.999993,148.324677,421.758118,63.393547
877,8.770000,-0.002971,-0.000855,-0.002202,0.999993,148.331787,421.761597,63.393497
878,8.780000,-0.002968,-0.000847,-0.002225,0.999993,148.342178,421.763733,63.394608
879,8.790000,-0.002962,-0.000849,-0.002228,0.999993,148.347870,421.762726,63.395985
880,8.800000,-0.002965,-0.000843,-0.002230,0.999993,148.350586,421.761932,63.395576
881,8.810000,-0.002971,-0.000858,-0.002202,0.999993,148.346451,421.762909,63.393967
882,8.820000,-0.002983,-0.000845,-0.002181,0.999993,148.340363,421.764404,63.393055
883,8.830000,-0.002981,-0.000822,-0.002183,0.999993,148.331833,421.763153,63.392513
884,8.840000,-0.002979,-0.000852,-0.002144,0.999993,148.322556,421.757843,63.392937
885,8.850000,-0.002975,-0.000860,-0.002112,0.999993,148.315338,421.755524,63.395775
886,8.860000,-0.002970,-0.000866,-0.002116,0.999993,148.310410,421.754486,63.398441
887,8.870000,-0.002971,-0.000814,-0.002160,0.999993,148.312042,421.755096,63.400665
888,8.880000,-0.002975,-0.000837,-0.002155,0.999993,148.315720,421.755127,63.399464
889,8.890000,-0.002980,-0.000826,-0.002173,0.999993,148.322571,421.756744,63.396378
890,8.900000,-0.002987,-0.000856,-0.002151,0.999993,148.329483,421.759064,63.392208
891,8.910000,-0.002984,-0.000838,-0.002199,0.999993,148.336945,421.763519,63.391888
892,8.920000,-0.002980,-0.000846,-0.002209,0.999993,148.341339,421.764435,63.393497
893,8.930000,-0.002968,-0.000868,-0.002176,0.999993,148.341614,421.761993,63.395718
894,8.940000,-0.002964,-0.000852,-0.002214,0.999993,148.341324,421.759857,63.397274
895,8.950000,-0.002961,-0.000865,-0.002186,0.999993,148.334946,421.758636,63.396984
896,8.960000,-0.002971,-0.000869,-0.002169,0.999993,148.329437,421.758514,63.395336
897,8.970000,-0.002981,-0.000856,-0.002153,0.999993,148.322983,421.758118,63.394398
898,8.980000,-0.002975,-0.000849,-0.002140,0.999993,148.318695,421.756134,63.394234
899,8.990000,-0.002980,-0.000844,-0.002139,0.999993,148.317062,421.754700,63.394310
900,9.000000,-0.002979,-0.000843,-0.002149,0.999993,148.317978,421.755707,63.395554
901,9.010000,-0.002976,-0.000838,-0.002177,0.999993,148.322296,421.758606,63.396854
902,9.020000,-0.002983,-0.000844,-0.002178,0.999993,148.325989,421.759613,63.396477
903,9.030000,-0.002988,-0.000827,-0.002177,0.999993,148.329910,421.759003,63.394688
904,9.040000,-0.002992,-0.000850,-0.002151,0.999993,148.333023,421.759583,63.392422
905,9.050000,-0.002997,-0.000834,-0.002182,0.999993,148.335846,421.762726,63.391960
906,9.060000,-0.002995,-0.000812,-0.002201,0.999993,148.336594,421.763611,63.392529
907,9.070000,-0.002988,-0.000817,-0.002202,0.999993,148.335022,421.762634,63.394295
908,9.080000,-0.002985,-0.000796,-0.002216,0.999993,148.332550,421.760132,63.396194
909,9.090000,-0.002978,-0.000821,-0.002191,0.999993,148.327560,421.756897,63.398430
910,9.100000,-0.002978,-0.000808,-0.002221,0.999993,148.325073,421.756897,63.399010
911,9.110000,-0.002976,-0.000819,-0.002188,0.999993,148.323929,421.757111,63.398556
912,9.120000,-0.002977,-0.000824,-0.002195,0.999993,148.324295,421.757599,63.396954
913,9.130000,-0.002982,-0.000824,-0.002182,0.999993,148.327179,421.758606,63.395275
914,9.140000,-0.002984,-0.000835,-0.002187,0.999993,148.330856,421.760162,63.394131
915,9.150000,-0.002986,-0.000816,-0.002199,0.999993,148.333878,421.761414,63.394524
916,9.160000,-0.002993,-0.000800,-0.002230,0.999993,148.337265,421.762207,63.395298
917,9.170000,-0.002993,-0.000819,-0.002203,0.999993,148.335739,421.760651,63.396008
918,9.180000,-0.002994,-0.000813,-0.002187,0.999993,148.333405,421.759918,63.395493
919,9.190000,-0.002995,-0.000820,-0.002175,0.999993,148.328751,421.758698,63.394711
920,9.200000,-0.002990,-0.000788,-0.002204,0.999993,148.323837,421.758789,63.395134
921,9.210000,-0.002977,-0.000812,-0.002188,0.999993,148.318268,421.756989,63.395149
922,9.220000,-0.002976,-0.000827,-0.002177,0.999993,148.316422,421.754700,63.395561
923,9.230000,-0.002967,-0.000851,-0.002177,0.999993,148.316788,421.752380,63.396523
924,9.240000,-0.002963,-0.000844,-0.002191,0.999993,148.320206,421.752411,63.398438
925,9.250000,-0.002963,-0.000861,-0.002178,0.999993,148.324356,421.754425,63.398464
926,9.260000,-0.002974,-0.000837,-0.002205,0.999993,148.331573,421.757263,63.396358
927,9.270000,-0.002976,-0.000848,-0.002192,0.999993,148.338120,421.760040,63.394085
928,9.280000,-0.002976,-0.000867,-0.002184,0.999993,148.340744,421.760803,63.392357
929,9.290000,-0.002985,-0.000870,-0.002181,0.999993,148.339584,421.759918,63.392155
930,9.300000,-0.002981,-0.000842,-0.002199,0.999993,148.337769,421.759674,63.394047
931,9.310000,-0.002980,-0.000825,-0.002202,0.999993,148.330536,421.757599,63.396759
932,9.320000,-0.002982,-0.000834,-0.002162,0.999993,148.324326,421.755432,63.398251
933,9.330000,-0.002980,-0.000846,-0.002127,0.999993,148.317062,421.753784,63.397461
934,9.340000,-0.002982,-0.000835,-0.002128,0.999993,148.313309,421.753326,63.396111
935,9.350000,-0.002988,-0.000827,-0.002133,0.999993,148.312714,421.754303,63.394485
936,9.360000,-0.002993,-0.000828,-0.002131,0.999993,148.314102,421.755310,63.394211
937,9.370000,-0.002999,-0.000794,-0.002163,0.999993,148.320694,421.756836,63.394890
938,9.380000,-0.002994,-0.000805,-0.002168,0.999993,148.326279,421.756592,63.395805
939,9.390000,-0.002992,-0.000830,-0.002176,0.999993,148.332993,421.757690,63.395874
940,9.400000,-0.002987,-0.000802,-0.002226,0.999993,148.339493,421.760773,63.396736
941,9.410000,-0.002993,-0.000814,-0.002226,0.999993,148.343933,421.763489,63.395775
942,9.420000,-0.003052,-0.000464,-0.002524,0.999992,148.363800,421.771851,63.401459
943,9.430000,-0.002990,-0.000812,-0.002215,0.999993,148.337616,421.760895,63.394390
944,9.440000,-0.002981,-0.000833,-0.002189,0.999993,148.330338,421.758087,63.394436
945,9.450000,-0.002986,-0.000825,-0.002176,0.999993,148.325577,421.757141,63.395985
946,9.460000,-0.002989,-0.000816,-0.002164,0.999993,148.322296,421.756531,63.397831
947,9.470000,-0.002987,-0.000822,-0.002149,0.999993,148.319122,421.755249,63.398540
948,9.480000,-0.002995,-0.000815,-0.002152,0.999993,148.319702,421.754456,63.396870
949,9.490000,-0.003006,-0.000804,-0.002144,0.999993,148.320374,421.754974,63.395241
950,9.500000,-0.003006,-0.000792,-0.002163,0.999993,148.323029,421.757812,63.394829
951,9.510000,-0.003006,-0.000775,-0.002167,0.999993,148.326843,421.758820,63.394928
952,9.520000,-0.002995,-0.000781,-0.002180,0.999993,148.328476,421.757538,63.395149
953,9.530000,-0.002980,-0.000803,-0.002185,0.999993,148.330154,421.757385,63.396400
954,9.540000,-0.002973,-0.000848,-0.002168,0.999993,148.330444,421.757690,63.397041
955,9.550000,-0.002967,-0.000872,-0.002179,0.999993,148.331497,421.757538,63.397087
956,9.560000,-0.002962,-0.000846,-0.002232,0.999993,148.331757,421.756989,63.398407
957,9.570000,-0.002987,-0.000791,-0.002187,0.999993,148.335770,421.757782,63.399277
958,9.580000,-0.002991,-0.000801,-0.002175,0.999993,148.332275,421.756256,63.397980
959,9.590000,-0.002985,-0.000820,-0.002167,0.999993,148.328232,421.756104,63.397057
960,9.600000,-0.002981,-0.000818,-0.002173,0.999993,148.327377,421.757874,63.397758
961,9.610000,-0.002985,-0.000824,-0.002164,0.999993,148.327423,421.757507,63.397526
962,9.620000,-0.002987,-0.000818,-0.002170,0.999993,148.328125,421.756805,63.397697
963,9.630000,-0.002988,-0.000811,-0.002165,0.999993,148.329041,421.757050,63.397346
964,9.640000,-0.002996,-0.000821,-0.002163,0.999993,148.328827,421.757568,63.395744
965,9.650000,-0.003003,-0.000824,-0.002138,0.999993,148.327774,421.757996,63.394234
966,9.660000,-0.003004,-0.000824,-0.002122,0.999993,148.326233,421.757996,63.393646
967,9.670000,-0.003006,-0.000817,-0.002127,0.999993,148.325272,421.756226,63.394157
968,9.680000,-0.002997,-0.000833,-0.002125,0.999993,148.323273,421.754822,63.395439
969,9.690000,-0.002991,-0.000825,-0.002147,0.999993,148.321579,421.754730,63.396877
970,9.700000,-0.002988,-0.000816,-0.002181,0.999993,148.322220,421.755249,63.398376
971,9.710000,-0.002988,-0.000801,-0.002189,0.999993,148.323532,421.754578,63.397579
972,9.720000,-0.002990,-0.000815,-0.002191,0.999993,148.326599,421.754578,63.396217
973,9.730000,-0.002993,-0.000830,-0.002168,0.999993,148.328781,421.755890,63.394382
974,9.740000,-0.002988,-0.000850,-0.002172,0.999993,148.330505,421.757721,63.394054
975,9.750000,-0.002980,-0.000858,-0.002192,0.999993,148.334229,421.758881,63.394821
976,9.760000,-0.002979,-0.000881,-0.002182,0.999993,148.336075,421.758667,63.395039
977,9.770000,-0.002981,-0.000879,-0.002164,0.999993,148.334381,421.757660,63.394466
978,9.780000,-0.002990,-0.000880,-0.002159,0.999993,148.332047,421.758362,63.393154
979,9.790000,-0.002998,-0.000869,-0.002139,0.999993,148.327209,421.759125,63.392075
980,9.800000,-0.002997,-0.000854,-0.002128,0.999993,148.321014,421.757935,63.391590
981,9.810000,-0.002996,-0.000823,-0.002148,0.999993,148.316345,421.756653,63.392551
982,9.820000,-0.002997,-0.000813,-0.002125,0.999993,148.312515,421.754791,63.393517
983,9.830000,-0.002993,-0.000808,-0.002131,0.999993,148.311478,421.754608,63.395126
984,9.840000,-0.002990,-0.000811,-0.002134,0.999993,148.311295,421.755127,63.396736
985,9.850000,-0.002993,-0.000811,-0.002143,0.999993,148.314163,421.754822,63.396217
986,9.860000,-0.003000,-0.000816,-0.002131,0.999993,148.318619,421.754913,63.394897
987,9.870000,-0.003001,-0.000809,-0.002163,0.999993,148.324524,421.756653,63.393429
988,9.880000,-0.002997,-0.000828,-0.002144,0.999993,148.330322,421.758881,63.391991
989,9.890000,-0.003000,-0.000825,-0.002164,0.999993,148.335571,421.761658,63.392365
990,9.900000,-0.002996,-0.000822,-0.002195,0.999993,148.338013,421.762207,63.393192
991,9.910000,-0.002985,-0.000843,-0.002184,0.999993,148.336761,421.759094,63.394138
992,9.920000,-0.002985,-0.000865,-0.002145,0.999993,148.332870,421.757538,63.393875
993,9.930000,-0.002986,-0.000833,-0.002175,0.999993,148.329483,421.757721,63.394180
994,9.940000,-0.002984,-0.000828,-0.002183,0.999993,148.324417,421.757355,63.394398
995,9.950000,-0.002989,-0.000831,-0.002159,0.999993,148.319855,421.755768,63.393661
996,9.960000,-0.002995,-0.000835,-0.002145,0.999993,148.317749,421.754089,63.393219
997,9.970000,-0.002993,-0.000844,-0.002109,0.999993,148.315964,421.752869,63.393452
998,9.980000,-0.002997,-0.000864,-0.002103,0.999993,148.315933,421.753815,63.394287
999,9.990000,-0.002998,-0.000850,-0.002130,0.999993,148.318832,421.754730,63.394779
1000,10.000000,-0.002997,-0.000835,-0.002143,0.999993,148.323944,421.755676,63.395016
1001,10.010000,-0.003000,-0.000814,-0.002175,0.999993,148.327789,421.756348,63.394695
1002,10.020000,-0.002999,-0.000849,-0.002130,0.999993,148.329819,421.757355,63.392883
1003,10.030000,-0.002996,-0.000855,-0.002121,0.999993,148.329407,421.757843,63.392757
1004,10.040000,-0.002993,-0.000847,-0.002139,0.999993,148.328491,421.758240,63.393913
1005,10.050000,-0.002989,-0.000859,-0.002136,0.999993,148.326401,421.756531,63.395821
1006,10.060000,-0.002974,-0.000866,-0.002142,0.999993,148.325867,421.756104,63.397064
1007,10.070000,-0.002971,-0.000873,-0.002142,0.999993,148.325562,421.755463,63.397766
1008,10.080000,-0.002979,-0.000865,-0.002134,0.999993,148.325012,421.754913,63.397823
1009,10.090000,-0.002979,-0.000860,-0.002142,0.999993,148.327393,421.756073,63.397236
1010,10.100000,-0.002983,-0.000857,-0.002166,0.999993,148.330994,421.756866,63.394608
1011,10.110000,-0.002987,-0.000843,-0.002170,0.999993,148.332993,421.758026,63.393288
1012,10.120000,-0.002983,-0.000864,-0.002154,0.999993,148.333511,421.759857,63.394352
1013,10.130000,-0.002983,-0.000859,-0.002165,0.999993,148.334900,421.761047,63.395992
1014,10.140000,-0.002979,-0.000873,-0.002156,0.999993,148.332458,421.759766,63.397476
1015,10.150000,-0.002983,-0.000889,-0.002129,0.999993,148.328217,421.757843,63.397633
1016,10.160000,-0.002989,-0.000863,-0.002130,0.999993,148.324509,421.757050,63.397133
1017,10.170000,-0.002993,-0.000834,-0.002135,0.999993,148.320053,421.757233,63.396664
1018,10.180000,-0.002996,-0.000829,-0.002121,0.999993,148.316208,421.757202,63.397026
1019,10.190000,-0.002986,-0.000857,-0.002101,0.999993,148.316071,421.757080,63.397930
1020,10.200000,-0.002977,-0.000846,-0.002139,0.999993,148.320343,421.757538,63.400402
1021,10.210000,-0.002976,-0.000847,-0.002158,0.999993,148.324997,421.757111,63.401527
1022,10.220000,-0.002971,-0.000840,-0.002191,0.999993,148.330994,421.758148,63.401901
1023,10.230000,-0.002978,-0.000852,-0.002189,0.999993,148.337677,421.760132,63.399715
1024,10.240000,-0.002980,-0.000842,-0.002205,0.999993,148.342499,421.761475,63.398212
1025,10.250000,-0.002978,-0.000869,-0.002179,0.999993,148.345642,421.762512,63.396938
1026,10.260000,-0.002978,-0.000854,-0.002190,0.999993,148.345734,421.763306,63.398415
1027,10.270000,-0.002975,-0.000829,-0.002226,0.999993,148.345825,421.763031,63.400513
1028,10.280000,-0.002969,-0.000841,-0.002200,0.999993,148.341415,421.761200,63.402428
1029,10.290000,-0.002977,-0.000837,-0.002194,0.999993,148.335724,421.759583,63.403412
1030,10.300000,-0.002987,-0.000842,-0.002165,0.999993,148.328018,421.756927,63.402378
1031,10.310000,-0.003000,-0.000829,-0.002140,0.999993,148.321869,421.756470,63.400826
1032,10.320000,-0.003002,-0.000819,-0.002150,0.999993,148.318481,421.757172,63.399956
1033,10.330000,-0.003008,-0.000811,-0.002159,0.999993,148.317429,421.758179,63.398926
1034,10.340000,-0.003010,-0.000807,-0.002158,0.999993,148.318268,421.757599,63.399487
1035,10.350000,-0.002993,-0.000819,-0.002171,0.999993,148.320999,421.757233,63.400009
1036,10.360000,-0.002991,-0.000825,-0.002171,0.999993,148.323837,421.758362,63.400692
1037,10.370000,-0.002987,-0.000838,-0.002172,0.999993,148.326050,421.758698,63.401386
1038,10.380000,-0.002988,-0.000847,-0.002167,0.999993,148.329834,421.760193,63.401424
1039,10.390000,-0.002987,-0.000834,-0.002172,0.999993,148.334015,421.760101,63.401581
1040,10.400000,-0.002980,-0.000854,-0.002162,0.999993,148.336426,421.759094,63.401714
1041,10.410000,-0.003032,-0.000521,-0.002480,0.999992,148.360321,421.770020,63.408569
1042,10.420000,-0.002982,-0.000776,-0.002271,0.999993,148.346588,421.764313,63.405365
1043,10.430000,-0.002969,-0.000794,-0.002270,0.999993,148.345825,421.763611,63.405983
1044,10.440000,-0.002969,-0.000823,-0.002248,0.999993,148.344543,421.762085,63.405670
1045,10.450000,-0.003016,-0.000552,-0.002491,0.999992,148.360001,421.768921,63.410461
1046,10.460000,-0.002976,-0.000843,-0.002199,0.999993,148.338776,421.759949,63.402287
1047,10.470000,-0.002987,-0.000853,-0.002154,0.999993,148.332306,421.760406,63.400097
1048,10.480000,-0.002995,-0.000866,-0.002106,0.999993,148.326004,421.759766,63.398628
1049,10.490000,-0.003005,-0.000847,-0.002100,0.999993,148.321243,421.758667,63.399082
1050,10.500000,-0.003004,-0.000855,-0.002067,0.999993,148.317688,421.757050,63.400990
1051,10.510000,-0.002997,-0.000827,-0.002125,0.999993,148.315720,421.756592,63.403435
1052,10.520000,-0.002987,-0.000829,-0.002128,0.999993,148.314484,421.756226,63.404240
1053,10.530000,-0.002984,-0.000840,-0.002137,0.999993,148.316391,421.756744,63.404293
1054,10.540000,-0.002981,-0.000832,-0.002147,0.999993,148.321686,421.757263,63.403702
1055,10.550000,-0.002990,-0.000841,-0.002128,0.999993,148.327408,421.757782,63.402653
1056,10.560000,-0.002987,-0.000835,-0.002159,0.999993,148.334930,421.760620,63.402168
1057,10.570000,-0.003034,-0.000506,-0.002502,0.999992,148.362488,421.771851,63.410252
1058,10.580000,-0.003026,-0.000510,-0.002516,0.999992,148.367523,421.772552,63.411907
1059,10.590000,-0.003018,-0.000517,-0.002526,0.999992,148.370407,421.771515,63.412071
1060,10.600000,-0.003019,-0.000531,-0.002529,0.999992,148.370697,421.771423,63.411167
1061,10.610000,-0.003021,-0.000519,-0.002524,0.999992,148.367889,421.771423,63.410446
1062,10.620000,-0.002984,-0.000816,-0.002216,0.999993,148.343216,421.763519,63.403206
1063,10.630000,-0.002982,-0.000866,-0.002146,0.999993,148.332733,421.761627,63.402222
1064,10.640000,-0.002977,-0.000847,-0.002114,0.999993,148.323502,421.759094,63.403240
1065,10.650000,-0.003035,-0.000502,-0.002449,0.999992,148.340073,421.766083,63.411816
1066,10.660000,-0.002981,-0.000808,-0.002188,0.999993,148.319687,421.757965,63.407227
1067,10.670000,-0.002982,-0.000817,-0.002176,0.999993,148.319000,421.758087,63.406685
1068,10.680000,-0.002982,-0.000811,-0.002211,0.999993,148.324173,421.758698,63.405083
1069,10.690000,-0.002982,-0.000853,-0.002175,0.999993,148.328400,421.758789,63.402451
1070,10.700000,-0.002984,-0.000855,-0.002182,0.999993,148.336548,421.761200,63.401176
1071,10.710000,-0.003035,-0.000529,-0.002504,0.999992,148.362198,421.772705,63.408211
1072,10.720000,-0.003024,-0.000491,-0.002529,0.999992,148.367157,421.774750,63.409554
1073,10.730000,-0.003021,-0.000512,-0.002532,0.999992,148.371063,421.773376,63.411205
1074,10.740000,-0.003018,-0.000549,-0.002496,0.999992,148.371399,421.771606,63.411392
1075,10.750000,-0.003018,-0.000531,-0.002512,0.999992,148.368317,421.771179,63.412094
1076,10.760000,-0.002980,-0.000818,-0.002232,0.999993,148.344833,421.762787,63.405849
1077,10.770000,-0.002979,-0.000862,-0.002155,0.999993,148.334534,421.760651,63.404739
1078,10.780000,-0.002984,-0.000849,-0.002135,0.999993,148.327972,421.759155,63.404701
1079,10.790000,-0.002985,-0.000824,-0.002178,0.999993,148.324203,421.758301,63.405117
1080,10.800000,-0.002980,-0.000837,-0.002140,0.999993,148.320663,421.757446,63.406116
1081,10.810000,-0.002975,-0.000847,-0.002150,0.999993,148.320297,421.757904,63.406967
1082,10.820000,-0.002981,-0.000839,-0.002154,0.999993,148.322235,421.758118,63.406555
1083,10.830000,-0.002986,-0.000826,-0.002177,0.999993,148.327438,421.758606,63.404648
1084,10.840000,-0.003035,-0.000519,-0.002462,0.999992,148.353638,421.769531,63.409718
1085,10.850000,-0.003035,-0.000520,-0.002496,0.999992,148.359344,421.772339,63.408859
1086,10.860000,-0.002991,-0.000805,-0.002236,0.999993,148.345688,421.766846,63.402878
1087,10.870000,-0.003022,-0.000547,-0.002471,0.999992,148.361099,421.773468,63.408451
1088,10.880000,-0.003020,-0.000535,-0.002475,0.999992,148.362961,421.771362,63.410595
1089,10.890000,-0.002968,-0.000826,-0.002250,0.999993,148.344574,421.761047,63.405983
1090,10.900000,-0.002966,-0.000848,-0.002191,0.999993,148.338409,421.758331,63.405609
1091,10.910000,-0.003023,-0.000517,-0.002502,0.999992,148.356400,421.769165,63.411385
1092,10.920000,-0.002978,-0.000758,-0.002265,0.999993,148.338058,421.763000,63.405922
1093,10.930000,-0.002978,-0.000819,-0.002208,0.999993,148.334152,421.760437,63.404316
1094,10.940000,-0.002978,-0.000853,-0.002162,0.999993,148.332016,421.759033,63.403130
1095,10.950000,-0.002986,-0.000831,-0.002179,0.999993,148.332047,421.759827,63.403740
1096,10.960000,-0.002990,-0.000843,-0.002153,0.999993,148.332047,421.759613,63.404293
1097,10.970000,-0.002994,-0.000830,-0.002169,0.999993,148.332611,421.760101,63.404606
1098,10.980000,-0.002989,-0.000844,-0.002172,0.999993,148.333557,421.760040,63.403339
1099,10.990000,-0.002991,-0.000827,-0.002190,0.999993,148.334702,421.760742,63.402721
1100,11.000000,-0.003001,-0.000807,-0.002188,0.999993,148.333618,421.761841,63.402966
1101,11.010000,-0.003001,-0.000818,-0.002182,0.999993,148.333939,421.761597,63.402988
1102,11.020000,-0.002996,-0.000811,-0.002189,0.999993,148.334824,421.760315,63.404381
1103,11.030000,-0.002987,-0.000835,-0.002170,0.999993,148.334824,421.758270,63.405968
1104,11.040000,-0.003036,-0.000515,-0.002470,0.999992,148.358200,421.767212,63.413807
1105,11.050000,-0.003036,-0.000502,-0.002500,0.999992,148.362244,421.770660,63.413708
1106,11.060000,-0.002988,-0.000785,-0.002251,0.999993,148.347443,421.763794,63.406693
1107,11.070000,-0.003032,-0.000512,-0.002508,0.999992,148.367630,421.772125,63.410587
1108,11.080000,-0.003035,-0.000496,-0.002519,0.999992,148.368378,421.771942,63.410847
1109,11.090000,-0.003032,-0.000503,-0.002518,0.999992,148.366821,421.771515,63.411018
1110,11.100000,-0.002986,-0.000817,-0.002208,0.999993,148.345215,421.763245,63.406670
1111,11.110000,-0.003026,-0.000517,-0.002480,0.999992,148.356674,421.769806,63.414173
1112,11.120000,-0.002977,-0.000810,-0.002202,0.999993,148.333221,421.760254,63.407764
1113,11.130000,-0.003029,-0.000524,-0.002475,0.999992,148.346603,421.766113,63.412384
1114,11.140000,-0.002980,-0.000865,-0.002167,0.999993,148.322418,421.757874,63.404350
1115,11.150000,-0.002977,-0.000876,-0.002178,0.999993,148.319229,421.758301,63.403606
1116,11.160000,-0.002975,-0.000904,-0.002148,0.999993,148.320023,421.758911,63.402653
1117,11.170000,-0.002969,-0.000915,-0.002126,0.999993,148.323242,421.758667,63.402481
1118,11.180000,-0.002972,-0.000900,-0.002122,0.999993,148.329010,421.759460,63.402138
1119,11.190000,-0.002965,-0.000899,-0.002111,0.999993,148.332840,421.761414,63.402245
1120,11.200000,-0.002968,-0.000841,-0.002162,0.999993,148.337509,421.764954,63.401558
1121,11.210000,-0.002984,-0.000830,-0.002169,0.999993,148.341202,421.764099,63.400864
1122,11.220000,-0.002982,-0.000831,-0.002176,0.999993,148.341492,421.762482,63.400394
1123,11.230000,-0.002986,-0.000836,-0.002172,0.999993,148.338364,421.760498,63.400894
1124,11.240000,-0.002985,-0.000842,-0.002161,0.999993,148.333130,421.760071,63.401356
1125,11.250000,-0.002973,-0.000878,-0.002118,0.999993,148.325851,421.759033,63.403381
1126,11.260000,-0.002969,-0.000875,-0.002092,0.999993,148.319656,421.756989,63.404358
1127,11.270000,-0.002975,-0.000853,-0.002118,0.999993,148.316879,421.754456,63.405216
1128,11.280000,-0.002984,-0.000844,-0.002119,0.999993,148.317184,421.754303,63.404045
1129,11.290000,-0.002989,-0.000856,-0.002104,0.999993,148.318726,421.755188,63.403645
1130,11.300000,-0.002991,-0.000861,-0.002094,0.999993,148.322403,421.756500,63.402840
1131,11.310000,-0.002992,-0.000829,-0.002143,0.999993,148.329956,421.759155,63.403255
1132,11.320000,-0.002988,-0.000835,-0.002145,0.999993,148.334259,421.760803,63.402966
1133,11.330000,-0.003042,-0.000515,-0.002459,0.999992,148.359787,421.770538,63.409149
1134,11.340000,-0.003040,-0.000489,-0.002513,0.999992,148.364334,421.772430,63.410015
1135,11.350000,-0.003053,-0.000503,-0.002507,0.999992,148.364441,421.772095,63.409657
1136,11.360000,-0.002996,-0.000799,-0.002251,0.999993,148.345795,421.763855,63.403858
1137,11.370000,-0.002983,-0.000870,-0.002172,0.999993,148.340195,421.761902,63.402161
1138,11.380000,-0.002982,-0.000868,-0.002172,0.999993,148.335403,421.760559,63.402473
1139,11.390000,-0.002984,-0.000872,-0.002148,0.999993,148.330963,421.759766,63.403496
1140,11.400000,-0.002982,-0.000858,-0.002160,0.999993,148.328461,421.759338,63.405029
1141,11.410000,-0.002989,-0.000835,-0.002157,0.999993,148.327087,421.758453,63.406712
1142,11.420000,-0.002993,-0.000826,-0.002161,0.999993,148.327072,421.757843,63.407124
1143,11.430000,-0.003000,-0.000845,-0.002141,0.999993,148.328827,421.758789,63.405499
1144,11.440000,-0.003057,-0.000494,-0.002469,0.999992,148.352859,421.768829,63.411205
1145,11.450000,-0.003041,-0.000488,-0.002505,0.999992,148.359116,421.772705,63.409859
1146,11.460000,-0.002999,-0.000788,-0.002238,0.999993,148.341339,421.766785,63.403465
1147,11.470000,-0.003038,-0.000510,-0.002485,0.999992,148.359970,421.770691,63.409195
1148,11.480000,-0.002984,-0.000771,-0.002254,0.999993,148.341614,421.763275,63.406162
1149,11.490000,-0.002979,-0.000834,-0.002163,0.999993,148.333054,421.761780,63.403660
1150,11.500000,-0.002987,-0.000826,-0.002197,0.999993,148.332275,421.760315,63.403717
1151,11.510000,-0.003029,-0.000490,-0.002514,0.999992,148.351166,421.769531,63.411682
1152,11.520000,-0.002994,-0.000762,-0.002249,0.999993,148.332474,421.761871,63.405209
1153,11.530000,-0.002989,-0.000795,-0.002215,0.999993,148.330780,421.759277,63.404186
1154,11.540000,-0.002985,-0.000811,-0.002198,0.999993,148.327820,421.760284,63.404015
1155,11.550000,-0.002981,-0.000822,-0.002187,0.999993,148.332886,421.759674,63.404968
1156,11.560000,-0.002986,-0.000829,-0.002212,0.999993,148.335724,421.759735,63.404335
1157,11.570000,-0.002992,-0.000856,-0.002195,0.999993,148.339645,421.760315,63.401043
1158,11.580000,-0.002991,-0.000845,-0.002200,0.999993,148.342361,421.762695,63.401440
1159,11.590000,-0.003002,-0.000822,-0.002209,0.999993,148.344162,421.763824,63.400776
1160,11.600000,-0.003004,-0.000829,-0.002194,0.999993,148.343719,421.764587,63.400150
1161,11.610000,-0.002994,-0.000851,-0.002162,0.999993,148.338181,421.762360,63.401340
1162,11.620000,-0.002993,-0.000846,-0.002169,0.999993,148.333405,421.759888,63.403076
1163,11.630000,-0.002992,-0.000844,-0.002148,0.999993,148.327805,421.757355,63.404209
1164,11.640000,-0.003003,-0.000776,-0.002310,0.999993,148.322266,421.758301,63.407345
1165,11.650000,-0.003042,-0.000516,-0.002451,0.999992,148.344147,421.767059,63.411579
1166,11.660000,-0.003043,-0.000478,-0.002482,0.999992,148.346390,421.767212,63.412540
1167,11.670000,-0.002997,-0.000785,-0.002208,0.999993,148.332214,421.759888,63.405468
1168,11.680000,-0.003040,-0.000514,-0.002466,0.999992,148.354034,421.769318,63.410469
1169,11.690000,-0.003050,-0.000470,-0.002525,0.999992,148.361893,421.773071,63.410515
1170,11.700000,-0.003005,-0.000752,-0.002276,0.999993,148.350998,421.766754,63.404552
1171,11.710000,-0.003046,-0.000512,-0.002510,0.999992,148.370880,421.773529,63.409031
1172,11.720000,-0.003009,-0.000779,-0.002269,0.999993,148.355835,421.765961,63.403217
1173,11.730000,-0.003050,-0.000506,-0.002492,0.999992,148.368759,421.773132,63.408337
1174,11.740000,-0.003064,-0.000484,-0.002503,0.999992,148.364441,421.773254,63.409351
1175,11.750000,-0.003016,-0.000776,-0.002205,0.999993,148.339249,421.762451,63.404381
1176,11.760000,-0.003059,-0.000487,-0.002471,0.999992,148.351730,421.766754,63.410393
1177,11.770000,-0.003061,-0.000472,-0.002472,0.999992,148.348648,421.765778,63.411385
1178,11.780000,-0.003016,-0.000774,-0.002186,0.999993,148.330215,421.758606,63.405647
1179,11.790000,-0.003011,-0.000807,-0.002147,0.999993,148.328201,421.758667,63.404739
1180,11.800000,-0.003017,-0.000811,-0.002159,0.999993,148.331390,421.759155,63.404255
1181,11.810000,-0.003060,-0.000489,-0.002461,0.999992,148.355835,421.768860,63.410557
1182,11.820000,-0.003019,-0.000754,-0.002232,0.999993,148.343246,421.762726,63.404694
1183,11.830000,-0.003054,-0.000515,-0.002471,0.999992,148.361069,421.771332,63.409626
1184,11.840000,-0.003047,-0.000511,-0.002476,0.999992,148.362991,421.772644,63.410057
1185,11.850000,-0.003042,-0.000533,-0.002469,0.999992,148.361008,421.770874,63.411079
1186,11.860000,-0.003000,-0.000813,-0.002226,0.999993,148.341461,421.760559,63.405178
1187,11.870000,-0.003043,-0.000524,-0.002463,0.999992,148.356064,421.766907,63.410828
1188,11.880000,-0.002990,-0.000842,-0.002204,0.999993,148.334152,421.759033,63.405327
1189,11.890000,-0.002992,-0.000834,-0.002173,0.999993,148.332611,421.757751,63.405426
1190,11.900000,-0.002998,-0.000831,-0.002177,0.999993,148.332932,421.757568,63.404881
1191,11.910000,-0.002998,-0.000841,-0.002169,0.999993,148.335281,421.757080,63.404247
1192,11.920000,-0.002994,-0.000844,-0.002199,0.999993,148.339188,421.758240,63.403599
1193,11.930000,-0.002999,-0.000818,-0.002240,0.999993,148.342773,421.760132,63.403950
1194,11.940000,-0.003049,-0.000472,-0.002576,0.999992,148.365921,421.771454,63.409603
1195,11.950000,-0.003055,-0.000491,-0.002558,0.999992,148.365082,421.770660,63.408978
1196,11.960000,-0.003000,-0.000808,-0.002255,0.999993,148.343719,421.760895,63.402489
1197,11.970000,-0.002986,-0.000873,-0.002161,0.999993,148.334915,421.758606,63.402042
1198,11.980000,-0.002982,-0.000870,-0.002202,0.999993,148.330902,421.757446,63.402802
1199,11.990000,-0.002972,-0.000881,-0.002165,0.999993,148.327194,421.757019,63.404381
1200,12.000000,-0.002969,-0.000897,-0.002165,0.999993,148.324661,421.755005,63.404968
1201,12.010000,-0.002972,-0.000881,-0.002193,0.999993,148.324768,421.754456,63.405052
1202,12.020000,-0.002978,-0.000883,-0.002190,0.999993,148.325104,421.755951,63.403606
1203,12.030000,-0.002984,-0.000875,-0.002200,0.999993,148.327744,421.757629,63.403091
1204,12.040000,-0.002982,-0.000897,-0.002185,0.999993,148.330734,421.758881,63.402229
1205,12.050000,-0.002969,-0.000923,-0.002183,0.999993,148.336258,421.759216,63.401611
1206,12.060000,-0.002973,-0.000917,-0.002209,0.999993,148.340164,421.760101,63.400856
1207,12.070000,-0.003021,-0.000572,-0.002496,0.999992,148.360565,421.770081,63.407326
1208,12.080000,-0.002986,-0.000892,-0.002189,0.999993,148.340210,421.761627,63.400925
1209,12.090000,-0.002981,-0.000897,-0.002181,0.999993,148.336456,421.760864,63.400364
1210,12.100000,-0.002984,-0.000922,-0.002153,0.999993,148.332062,421.759918,63.399628
1211,12.110000,-0.002988,-0.000889,-0.002169,0.999993,148.328873,421.759033,63.399879
1212,12.120000,-0.002992,-0.000870,-0.002178,0.999993,148.324341,421.758179,63.400455
1213,12.130000,-0.002992,-0.000884,-0.002141,0.999993,148.320633,421.757812,63.400784
1214,12.140000,-0.002987,-0.000908,-0.002101,0.999993,148.316925,421.757202,63.401611
1215,12.150000,-0.002980,-0.000907,-0.002094,0.999993,148.319260,421.756836,63.402145
1216,12.160000,-0.002982,-0.000887,-0.002133,0.999993,148.321823,421.757965,63.401855
1217,12.170000,-0.002980,-0.000886,-0.002129,0.999993,148.326279,421.760345,63.401268
1218,12.180000,-0.002987,-0.000884,-0.002154,0.999993,148.329727,421.761871,63.400558
1219,12.190000,-0.002987,-0.000867,-0.002167,0.999993,148.334763,421.761810,63.399635
1220,12.200000,-0.002987,-0.000858,-0.002194,0.999993,148.338654,421.762085,63.399860
1221,12.210000,-0.002980,-0.000862,-0.002169,0.999993,148.340088,421.762543,63.400223
1222,12.220000,-0.002975,-0.000885,-0.002153,0.999993,148.338348,421.762726,63.400814
1223,12.230000,-0.002969,-0.000868,-0.002168,0.999993,148.337250,421.763733,63.402443
1224,12.240000,-0.002970,-0.000847,-0.002196,0.999993,148.335526,421.762909,63.402958
1225,12.250000,-0.002970,-0.000864,-0.002146,0.999993,148.332169,421.760406,63.402729
1226,12.260000,-0.002965,-0.000848,-0.002151,0.999993,148.327316,421.760193,63.402905
1227,12.270000,-0.002980,-0.000854,-0.002142,0.999993,148.326981,421.760864,63.402409
1228,12.280000,-0.002976,-0.000874,-0.002119,0.999993,148.325027,421.760742,63.402729
1229,12.290000,-0.002979,-0.000862,-0.002120,0.999993,148.324951,421.759766,63.403419
1230,12.300000,-0.002980,-0.000847,-0.002139,0.999993,148.326828,421.760101,63.403942
1231,12.310000,-0.002975,-0.000871,-0.002116,0.999993,148.327469,421.759979,63.403503
1232,12.320000,-0.002987,-0.000856,-0.002133,0.999993,148.328186,421.760651,63.403366
1233,12.330000,-0.002982,-0.000860,-0.002132,0.999993,148.328568,421.760803,63.403545
1234,12.340000,-0.002980,-0.000855,-0.002144,0.999993,148.330521,421.760101,63.403786
1235,12.350000,-0.002974,-0.000877,-0.002139,0.999993,148.330933,421.759583,63.403381
1236,12.360000,-0.002980,-0.000863,-0.002138,0.999993,148.331009,421.759735,63.403427
1237,12.370000,-0.002975,-0.000874,-0.002144,0.999993,148.331924,421.760895,63.403538
1238,12.380000,-0.002979,-0.000841,-0.002201,0.999993,148.334930,421.761749,63.404224
1239,12.390000,-0.002975,-0.000845,-0.002190,0.999993,148.337372,421.761383,63.403996
1240,12.400000,-0.002978,-0.000846,-0.002189,0.999993,148.339569,421.761536,63.403042
1241,12.410000,-0.002987,-0.000841,-0.002196,0.999993,148.340881,421.762726,63.402893
1242,12.420000,-0.003037,-0.000526,-0.002494,0.999992,148.360367,421.771973,63.409618
1243,12.430000,-0.003008,-0.000762,-0.002263,0.999993,148.342987,421.764557,63.403786
1244,12.440000,-0.003015,-0.000803,-0.002194,0.999993,148.335068,421.761047,63.402245
1245,12.450000,-0.003001,-0.000810,-0.002184,0.999993,148.332916,421.760559,63.403389
1246,12.460000,-0.002989,-0.000824,-0.002184,0.999993,148.329132,421.760529,63.404224
1247,12.470000,-0.002982,-0.000842,-0.002155,0.999993,148.326035,421.760040,63.403942
1248,12.480000,-0.002980,-0.000847,-0.002151,0.999993,148.323212,421.757629,63.404442
1249,12.490000,-0.002978,-0.000847,-0.002154,0.999993,148.323868,421.757263,63.404919
1250,12.500000,-0.002972,-0.000849,-0.002161,0.999993,148.326263,421.757782,63.405224
1251,12.510000,-0.003026,-0.000535,-0.002439,0.999992,148.349884,421.767700,63.412018
1252,12.520000,-0.002988,-0.000773,-0.002236,0.999993,148.338425,421.763885,63.407063
1253,12.530000,-0.003033,-0.000513,-0.002474,0.999992,148.359680,421.770905,63.412331
1254,12.540000,-0.003037,-0.000491,-0.002507,0.999992,148.363419,421.771118,63.411556
1255,12.550000,-0.002986,-0.000827,-0.002182,0.999993,148.343002,421.762115,63.404373
1256,12.560000,-0.003042,-0.000509,-0.002485,0.999992,148.361084,421.770996,63.409523
1257,12.570000,-0.003005,-0.000748,-0.002260,0.999993,148.342041,421.764526,63.404694
1258,12.580000,-0.002992,-0.000793,-0.002205,0.999993,148.337280,421.762024,63.404911
1259,12.590000,-0.002985,-0.000811,-0.002182,0.999993,148.332794,421.760132,63.405716
1260,12.600000,-0.002982,-0.000812,-0.002200,0.999993,148.331360,421.759430,63.405476
1261,12.610000,-0.002985,-0.000815,-0.002178,0.999993,148.329330,421.759003,63.405590
1262,12.620000,-0.002991,-0.000803,-0.002198,0.999993,148.330002,421.759918,63.405365
1263,12.630000,-0.002995,-0.000802,-0.002191,0.999993,148.332474,421.760162,63.404293
1264,12.640000,-0.002992,-0.000825,-0.002190,0.999993,148.334930,421.760651,63.402660
1265,12.650000,-0.002994,-0.000836,-0.002185,0.999993,148.335709,421.762177,63.401794
1266,12.660000,-0.002992,-0.000835,-0.002174,0.999993,148.337616,421.762909,63.402100
1267,12.670000,-0.002981,-0.000845,-0.002186,0.999993,148.335754,421.762268,63.404068
1268,12.680000,-0.002983,-0.000846,-0.002192,0.999993,148.335632,421.759796,63.403896
1269,12.690000,-0.002981,-0.000862,-0.002161,0.999993,148.332047,421.757904,63.404045
1270,12.700000,-0.002988,-0.000861,-0.002142,0.999993,148.328888,421.757782,63.403168
1271,12.710000,-0.002987,-0.000837,-0.002170,0.999993,148.329071,421.759338,63.403355
1272,12.720000,-0.002989,-0.000848,-0.002166,0.999993,148.329102,421.759308,63.403049
1273,12.730000,-0.002980,-0.000861,-0.002167,0.999993,148.329956,421.757843,63.403309
1274,12.740000,-0.002977,-0.000857,-0.002182,0.999993,148.334610,421.758331,63.403130
1275,12.750000,-0.002983,-0.000868,-0.002174,0.999993,148.336624,421.759888,63.402176
1276,12.760000,-0.002986,-0.000838,-0.002204,0.999993,148.340683,421.762085,63.402222
1277,12.770000,-0.003047,-0.000522,-0.002492,0.999992,148.360092,421.771149,63.408039
1278,12.780000,-0.003006,-0.000791,-0.002225,0.999993,148.343689,421.762665,63.401901
1279,12.790000,-0.002994,-0.000837,-0.002166,0.999993,148.338715,421.760529,63.401527
1280,12.800000,-0.002997,-0.000868,-0.002135,0.999993,148.333145,421.759552,63.401161
1281,12.810000,-0.002997,-0.000874,-0.002105,0.999993,148.327225,421.758667,63.402191
1282,12.820000,-0.002992,-0.000857,-0.002115,0.999993,148.322495,421.755859,63.403404
1283,12.830000,-0.002981,-0.000845,-0.002141,0.999993,148.320007,421.754822,63.404499
1284,12.840000,-0.002979,-0.000866,-0.002122,0.999993,148.320770,421.754456,63.404270
1285,12.850000,-0.002975,-0.000860,-0.002141,0.999993,148.322449,421.756104,63.405117
1286,12.860000,-0.002974,-0.000843,-0.002173,0.999993,148.326736,421.758636,63.405132
1287,12.870000,-0.002977,-0.000859,-0.002161,0.999993,148.332489,421.759674,63.404007
1288,12.880000,-0.002978,-0.000864,-0.002176,0.999993,148.338257,421.760010,63.402943
1289,12.890000,-0.002976,-0.000881,-0.002163,0.999993,148.343475,421.760956,63.401730
1290,12.900000,-0.002980,-0.000864,-0.002192,0.999993,148.346893,421.763336,63.400650
1291,12.910000,-0.002993,-0.000885,-0.002152,0.999993,148.345276,421.763855,63.399471
1292,12.920000,-0.003045,-0.000505,-0.002486,0.999992,148.359589,421.772156,63.408009
1293,12.930000,-0.003008,-0.000780,-0.002224,0.999993,148.338898,421.761993,63.402699
1294,12.940000,-0.003000,-0.000829,-0.002156,0.999993,148.330475,421.758453,63.403183
1295,12.950000,-0.002983,-0.000869,-0.002133,0.999993,148.325485,421.757202,63.403240
1296,12.960000,-0.002986,-0.000853,-0.002143,0.999993,148.323517,421.757782,63.404976
1297,12.970000,-0.002989,-0.000855,-0.002118,0.999993,148.322098,421.756317,63.403919
1298,12.980000,-0.002995,-0.000872,-0.002097,0.999993,148.322479,421.755859,63.403076
1299,12.990000,-0.002998,-0.000855,-0.002121,0.999993,148.326920,421.757446,63.402184
1300,13.000000,-0.002991,-0.000850,-0.002142,0.999993,148.331451,421.760193,63.402840
1301,13.010000,-0.002989,-0.000861,-0.002146,0.999993,148.336960,421.761963,63.402287
1302,13.020000,-0.002989,-0.000845,-0.002191,0.999993,148.340424,421.762695,63.402042
1303,13.030000,-0.003041,-0.000506,-0.002496,0.999992,148.360657,421.769714,63.408672
1304,13.040000,-0.002998,-0.000843,-0.002180,0.999993,148.338135,421.760712,63.402130
1305,13.050000,-0.002986,-0.000850,-0.002139,0.999993,148.331635,421.759918,63.401661
1306,13.060000,-0.002993,-0.000825,-0.002186,0.999993,148.330215,421.760193,63.401730
1307,13.070000,-0.002988,-0.000836,-0.002165,0.999993,148.327148,421.758301,63.403168
1308,13.080000,-0.002984,-0.000842,-0.002165,0.999993,148.327484,421.756927,63.403355
1309,13.090000,-0.002981,-0.000856,-0.002151,0.999993,148.326981,421.756714,63.403465
1310,13.100000,-0.002989,-0.000832,-0.002169,0.999993,148.330078,421.758789,63.403824
1311,13.110000,-0.003040,-0.000531,-0.002429,0.999992,148.353256,421.768555,63.409267
1312,13.120000,-0.002994,-0.000842,-0.002146,0.999993,148.336700,421.760498,63.402130
1313,13.130000,-0.002989,-0.000855,-0.002123,0.999993,148.334824,421.760223,63.400284
1314,13.140000,-0.003000,-0.000827,-0.002142,0.999993,148.335587,421.761444,63.399746
1315,13.150000,-0.003003,-0.000826,-0.002157,0.999993,148.334152,421.760468,63.401005
1316,13.160000,-0.003003,-0.000834,-0.002147,0.999993,148.330383,421.758972,63.401573
1317,13.170000,-0.002996,-0.000838,-0.002142,0.999993,148.326645,421.757233,63.402012
1318,13.180000,-0.002991,-0.000849,-0.002123,0.999993,148.321533,421.755249,63.402370
1319,13.190000,-0.002993,-0.000867,-0.002113,0.999993,148.316605,421.754120,63.402458
1320,13.200000,-0.002989,-0.000875,-0.002112,0.999993,148.315964,421.754272,63.402714
1321,13.210000,-0.002985,-0.000853,-0.002121,0.999993,148.318085,421.756073,63.401966
1322,13.220000,-0.002984,-0.000881,-0.002091,0.999993,148.323776,421.756165,63.400784
1323,13.230000,-0.002985,-0.000839,-0.002189,0.999993,148.332550,421.758026,63.401119
1324,13.240000,-0.002981,-0.000883,-0.002153,0.999993,148.337601,421.760284,63.400440
1325,13.250000,-0.002977,-0.000869,-0.002164,0.999993,148.341324,421.762512,63.401253
1326,13.260000,-0.002984,-0.000875,-0.002172,0.999993,148.344208,421.763062,63.400909
1327,13.270000,-0.003032,-0.000574,-0.002455,0.999992,148.361984,421.769501,63.406208
1328,13.280000,-0.002994,-0.000846,-0.002182,0.999993,148.341995,421.761414,63.400669
1329,13.290000,-0.002986,-0.000872,-0.002160,0.999993,148.334976,421.760284,63.401268
1330,13.300000,-0.002976,-0.000889,-0.002130,0.999993,148.329041,421.759033,63.402897
1331,13.310000,-0.002977,-0.000877,-0.002153,0.999993,148.323349,421.757111,63.404045
1332,13.320000,-0.002978,-0.000856,-0.002149,0.999993,148.320541,421.755188,63.404293
1333,13.330000,-0.002984,-0.000857,-0.002143,0.999993,148.319489,421.754974,63.403957
1334,13.340000,-0.002989,-0.000870,-0.002136,0.999993,148.321777,421.755981,63.403240
1335,13.350000,-0.002987,-0.000867,-0.002137,0.999993,148.325821,421.757324,63.402771
1336,13.360000,-0.002991,-0.000871,-0.002126,0.999993,148.330933,421.758575,63.402325
1337,13.370000,-0.002985,-0.000834,-0.002195,0.999993,148.337891,421.758911,63.402637
1338,13.380000,-0.002983,-0.000850,-0.002194,0.999993,148.341003,421.760345,63.402878
1339,13.390000,-0.003034,-0.000549,-0.002486,0.999992,148.362778,421.771362,63.408627
1340,13.400000,-0.003035,-0.000544,-0.002483,0.999992,148.361969,421.771729,63.409885
1341,13.410000,-0.002993,-0.000810,-0.002217,0.999993,148.341187,421.762085,63.404316
1342,13.420000,-0.002984,-0.000857,-0.002156,0.999993,148.332947,421.758331,63.403301
1343,13.430000,-0.002984,-0.000886,-0.002120,0.999993,148.327438,421.757202,63.402771
1344,13.440000,-0.002989,-0.000856,-0.002150,0.999993,148.323837,421.756897,63.404037
1345,13.450000,-0.002997,-0.000824,-0.002164,0.999993,148.324234,421.758026,63.403748
1346,13.460000,-0.002997,-0.000812,-0.002164,0.999993,148.325394,421.757385,63.403206
1347,13.470000,-0.002995,-0.000817,-0.002167,0.999993,148.327484,421.757385,63.402786
1348,13.480000,-0.002993,-0.000806,-0.002193,0.999993,148.332413,421.760010,63.402370
1349,13.490000,-0.003000,-0.000793,-0.002183,0.999993,148.335938,421.762207,63.402534
1350,13.500000,-0.003055,-0.000468,-0.002485,0.999992,148.358948,421.771423,63.408173
1351,13.510000,-0.003049,-0.000512,-0.002455,0.999992,148.361435,421.770111,63.407890
1352,13.520000,-0.002996,-0.000792,-0.002173,0.999993,148.341766,421.761993,63.401917
1353,13.530000,-0.003047,-0.000507,-0.002457,0.999992,148.357285,421.769592,63.408047
1354,13.540000,-0.003046,-0.000494,-0.002466,0.999992,148.354340,421.769958,63.409447
1355,13.550000,-0.002991,-0.000811,-0.002162,0.999993,148.331558,421.760010,63.404480
1356,13.560000,-0.002981,-0.000863,-0.002106,0.999993,148.325394,421.755371,63.404171
1357,13.570000,-0.002981,-0.000896,-0.002073,0.999993,148.321640,421.753906,63.404114
1358,13.580000,-0.002986,-0.000866,-0.002091,0.999993,148.323151,421.755981,63.403866
1359,13.590000,-0.002995,-0.000837,-0.002126,0.999993,148.325699,421.758423,63.403496
1360,13.600000,-0.002992,-0.000814,-0.002136,0.999993,148.328217,421.760284,63.402996
1361,13.610000,-0.002998,-0.000826,-0.002157,0.999993,148.332764,421.759491,63.401951
1362,13.620000,-0.002998,-0.000842,-0.002152,0.999993,148.334839,421.759186,63.401958
1363,13.630000,-0.002997,-0.000829,-0.002180,0.999993,148.338593,421.761383,63.401684
1364,13.640000,-0.003000,-0.000836,-0.002162,0.999993,148.338074,421.761444,63.401691
1365,13.650000,-0.003000,-0.000839,-0.002152,0.999993,148.336624,421.760468,63.401176
1366,13.660000,-0.002992,-0.000841,-0.002144,0.999993,148.334351,421.759583,63.401104
1367,13.670000,-0.002984,-0.000900,-0.002081,0.999993,148.329529,421.758453,63.401489
1368,13.680000,-0.002985,-0.000891,-0.002089,0.999993,148.325867,421.758698,63.402428
1369,13.690000,-0.002985,-0.000910,-0.002076,0.999993,148.324051,421.758270,63.403122
1370,13.700000,-0.002983,-0.000904,-0.002120,0.999993,148.324432,421.757812,63.404114
1371,13.710000,-0.002979,-0.000898,-0.002139,0.999993,148.326767,421.757385,63.403519
1372,13.720000,-0.002981,-0.000892,-0.002150,0.999993,148.329773,421.759094,63.402214
1373,13.730000,-0.002987,-0.000870,-0.002169,0.999993,148.333633,421.761444,63.401340
1374,13.740000,-0.002990,-0.000867,-0.002174,0.999993,148.335678,421.763336,63.401066
1375,13.750000,-0.002995,-0.000828,-0.002213,0.999993,148.337952,421.763641,63.401012
1376,13.760000,-0.002998,-0.000847,-0.002178,0.999993,148.336304,421.761597,63.401611
1377,13.770000,-0.003049,-0.000523,-0.002470,0.999992,148.353409,421.770142,63.409000
1378,13.780000,-0.003010,-0.000747,-0.002238,0.999993,148.335175,421.763641,63.405090
1379,13.790000,-0.002998,-0.000814,-0.002183,0.999993,148.329544,421.760406,63.404560
1380,13.800000,-0.002997,-0.000843,-0.002166,0.999993,148.326569,421.759033,63.404255
1381,13.810000,-0.002992,-0.000855,-0.002136,0.999993,148.326645,421.757202,63.403355
1382,13.820000,-0.002992,-0.000847,-0.002151,0.999993,148.328659,421.759003,63.404003
1383,13.830000,-0.003034,-0.000533,-0.002474,0.999992,148.351990,421.769836,63.411846
1384,13.840000,-0.003039,-0.000536,-0.002487,0.999992,148.358429,421.771057,63.411430
1385,13.850000,-0.003040,-0.000563,-0.002448,0.999992,148.360596,421.769379,63.410236
1386,13.860000,-0.003050,-0.000539,-0.002487,0.999992,148.364487,421.770081,63.408932
1387,13.870000,-0.003052,-0.000533,-0.002488,0.999992,148.365829,421.771149,63.409508
1388,13.880000,-0.003051,-0.000533,-0.002474,0.999992,148.364380,421.772705,63.408978
1389,13.890000,-0.003003,-0.000806,-0.002215,0.999993,148.341675,421.764862,63.404121
1390,13.900000,-0.003049,-0.000539,-0.002435,0.999992,148.350739,421.769470,63.410065
1391,13.910000,-0.002998,-0.000826,-0.002137,0.999993,148.323456,421.757019,63.405437
1392,13.920000,-0.002990,-0.000847,-0.002113,0.999993,148.315781,421.753357,63.404961
1393,13.930000,-0.002994,-0.000867,-0.002093,0.999993,148.312515,421.752502,63.403858
1394,13.940000,-0.002996,-0.000842,-0.002119,0.999993,148.317429,421.753754,63.403301
1395,13.950000,-0.002993,-0.000867,-0.002110,0.999993,148.322205,421.755005,63.401699
1396,13.960000,-0.002990,-0.000877,-0.002103,0.999993,148.328857,421.757233,63.401192
1397,13.970000,-0.002996,-0.000883,-0.002132,0.999993,148.337387,421.759827,63.400166
1398,13.980000,-0.002991,-0.000853,-0.002154,0.999993,148.342331,421.762238,63.400723
1399,13.990000,-0.002984,-0.000869,-0.002141,0.999993,148.345810,421.761719,63.400879
1400,14.000000,-0.002992,-0.000852,-0.002180,0.999993,148.347473,421.760010,63.400814
1401,14.010000,-0.002995,-0.000844,-0.002177,0.999993,148.344711,421.759583,63.400246
1402,14.020000,-0.002990,-0.000839,-0.002170,0.999993,148.336945,421.759918,63.401142
1403,14.030000,-0.002995,-0.000860,-0.002129,0.999993,148.328522,421.758911,63.401878
1404,14.040000,-0.002991,-0.000839,-0.002135,0.999993,148.323181,421.755768,63.403175
1405,14.050000,-0.002987,-0.000858,-0.002124,0.999993,148.317764,421.753082,63.404308
1406,14.060000,-0.003008,-0.000775,-0.002265,0.999993,148.313644,421.752319,63.406662
1407,14.070000,-0.003006,-0.000822,-0.002085,0.999993,148.314072,421.752502,63.403568
1408,14.080000,-0.003010,-0.000816,-0.002079,0.999993,148.319351,421.756561,63.401638
1409,14.090000,-0.003013,-0.000825,-0.002083,0.999993,148.325638,421.758423,63.400364
1410,14.100000,-0.003012,-0.000824,-0.002129,0.999993,148.332535,421.759827,63.399628
1411,14.110000,-0.002999,-0.000879,-0.002085,0.999993,148.335510,421.760895,63.398258
1412,14.120000,-0.003003,-0.000865,-0.002134,0.999993,148.339523,421.761871,63.398472
1413,14.130000,-0.003009,-0.000860,-0.002138,0.999993,148.338104,421.761932,63.398853
1414,14.140000,-0.003008,-0.000865,-0.002118,0.999993,148.334747,421.759491,63.399620
1415,14.150000,-0.003052,-0.000571,-0.002393,0.999992,148.350723,421.765900,63.406445
1416,14.160000,-0.002992,-0.000862,-0.002156,0.999993,148.331863,421.758148,63.401073
1417,14.170000,-0.002980,-0.000880,-0.002137,0.999993,148.330322,421.758514,63.402302
1418,14.180000,-0.002980,-0.000884,-0.002144,0.999993,148.329941,421.758545,63.401939
1419,14.190000,-0.002983,-0.000849,-0.002147,0.999993,148.329575,421.757721,63.401646
1420,14.200000,-0.002989,-0.000868,-0.002146,0.999993,148.330917,421.756470,63.400642
1421,14.210000,-0.002991,-0.000866,-0.002150,0.999993,148.332138,421.757629,63.401833
1422,14.220000,-0.002990,-0.000847,-0.002199,0.999993,148.335175,421.759552,63.402615
1423,14.230000,-0.002996,-0.000851,-0.002193,0.999993,148.335373,421.760010,63.401619
1424,14.240000,-0.002999,-0.000847,-0.002180,0.999993,148.333054,421.759491,63.399590
1425,14.250000,-0.002996,-0.000856,-0.002149,0.999993,148.329025,421.758392,63.398979
1426,14.260000,-0.002991,-0.000864,-0.002145,0.999993,148.323166,421.756775,63.399925
1427,14.270000,-0.002990,-0.000864,-0.002150,0.999993,148.319748,421.756287,63.402012
1428,14.280000,-0.002983,-0.000884,-0.002111,0.999993,148.317154,421.754852,63.403240
1429,14.290000,-0.002989,-0.000868,-0.002125,0.999993,148.318497,421.753876,63.403122
1430,14.300000,-0.002991,-0.000883,-0.002121,0.999993,148.320908,421.753662,63.401230
1431,14.310000,-0.002992,-0.000855,-0.002155,0.999993,148.326096,421.756287,63.400513
1432,14.320000,-0.002992,-0.000839,-0.002207,0.999993,148.332977,421.759247,63.400150
1433,14.330000,-0.002989,-0.000837,-0.002223,0.999993,148.340958,421.761169,63.399979
1434,14.340000,-0.002985,-0.000850,-0.002219,0.999993,148.344681,421.760651,63.399784
1435,14.350000,-0.002991,-0.000850,-0.002203,0.999993,148.346191,421.761169,63.400097
1436,14.360000,-0.002989,-0.000846,-0.002226,0.999993,148.344620,421.761780,63.400581
1437,14.370000,-0.002989,-0.000879,-0.002190,0.999993,148.339676,421.761414,63.400669
1438,14.380000,-0.002988,-0.000849,-0.002192,0.999993,148.334702,421.759583,63.400723
1439,14.390000,-0.002991,-0.000831,-0.002195,0.999993,148.329239,421.757538,63.401142
1440,14.400000,-0.002991,-0.000834,-0.002163,0.999993,148.322937,421.755920,63.401581
1441,14.410000,-0.002997,-0.000825,-0.002155,0.999993,148.318176,421.756683,63.402153
1442,14.420000,-0.002991,-0.000834,-0.002136,0.999993,148.315872,421.755554,63.403130
1443,14.430000,-0.002994,-0.000835,-0.002122,0.999993,148.315903,421.755798,63.403011
1444,14.440000,-0.002993,-0.000827,-0.002156,0.999993,148.321152,421.755707,63.402332
1445,14.450000,-0.002996,-0.000833,-0.002173,0.999993,148.327805,421.756805,63.401730
1446,14.460000,-0.003002,-0.000832,-0.002191,0.999993,148.334122,421.759827,63.400166
1447,14.470000,-0.003058,-0.000498,-0.002500,0.999992,148.360016,421.771179,63.406235
1448,14.480000,-0.003063,-0.000479,-0.002519,0.999992,148.365204,421.771851,63.405724
1449,14.490000,-0.003016,-0.000781,-0.002246,0.999993,148.347748,421.762787,63.399620
1450,14.500000,-0.003004,-0.000838,-0.002216,0.999993,148.346207,421.762634,63.399384
1451,14.510000,-0.002993,-0.000847,-0.002219,0.999993,148.341187,421.761780,63.400814
1452,14.520000,-0.003044,-0.000523,-0.002487,0.999992,148.355026,421.768127,63.408772
1453,14.530000,-0.003000,-0.000785,-0.002223,0.999993,148.333557,421.758575,63.404045
1454,14.540000,-0.002999,-0.000825,-0.002171,0.999993,148.327744,421.756378,63.402355
1455,14.550000,-0.002994,-0.000844,-0.002134,0.999993,148.322693,421.756256,63.401863
1456,14.560000,-0.002999,-0.000843,-0.002140,0.999993,148.321304,421.757202,63.401035
1457,14.570000,-0.003003,-0.000836,-0.002138,0.999993,148.323730,421.757507,63.401943
1458,14.580000,-0.002998,-0.000848,-0.002150,0.999993,148.327713,421.757416,63.401722
1459,14.590000,-0.003000,-0.000839,-0.002175,0.999993,148.331436,421.757385,63.401199
1460,14.600000,-0.003012,-0.000830,-0.002176,0.999993,148.335419,421.758972,63.400269
1461,14.610000,-0.003008,-0.000818,-0.002193,0.999993,148.338196,421.761475,63.401474
1462,14.620000,-0.002999,-0.000832,-0.002178,0.999993,148.339340,421.760773,63.400627
1463,14.630000,-0.002995,-0.000856,-0.002173,0.999993,148.339447,421.760345,63.400200
1464,14.640000,-0.002988,-0.000849,-0.002178,0.999993,148.337723,421.759064,63.400848
1465,14.650000,-0.003045,-0.000498,-0.002503,0.999992,148.354752,421.767822,63.409088
1466,14.660000,-0.002991,-0.000828,-0.002192,0.999993,148.331467,421.758362,63.403526
1467,14.670000,-0.002985,-0.000849,-0.002155,0.999993,148.328262,421.757050,63.403076
1468,14.680000,-0.002992,-0.000822,-0.002167,0.999993,148.329956,421.756439,63.402378
1469,14.690000,-0.003049,-0.000510,-0.002465,0.999992,148.349716,421.766388,63.407852
1470,14.700000,-0.003010,-0.000833,-0.002167,0.999993,148.330261,421.758453,63.399868
1471,14.710000,-0.003002,-0.000845,-0.002130,0.999993,148.327911,421.759003,63.399502
1472,14.720000,-0.003010,-0.000847,-0.002122,0.999993,148.329941,421.758392,63.400307
1473,14.730000,-0.002999,-0.000860,-0.002111,0.999993,148.330185,421.756714,63.401043
1474,14.740000,-0.003007,-0.000822,-0.002174,0.999993,148.332794,421.757782,63.401714
1475,14.750000,-0.003010,-0.000816,-0.002171,0.999993,148.331650,421.757812,63.401417
1476,14.760000,-0.003012,-0.000829,-0.002152,0.999993,148.330536,421.758484,63.400665
1477,14.770000,-0.003011,-0.000823,-0.002179,0.999993,148.330139,421.758789,63.400887
1478,14.780000,-0.003007,-0.000837,-0.002155,0.999993,148.330246,421.756775,63.400909
1479,14.790000,-0.003055,-0.000524,-0.002439,0.999992,148.349747,421.765411,63.408928
1480,14.800000,-0.003011,-0.000800,-0.002182,0.999993,148.332169,421.757996,63.403355
1481,14.810000,-0.003002,-0.000829,-0.002177,0.999993,148.333313,421.758545,63.401699
1482,14.820000,-0.003051,-0.000580,-0.002409,0.999992,148.351913,421.767029,63.406311
1483,14.830000,-0.003003,-0.000824,-0.002191,0.999993,148.337372,421.759888,63.400723
1484,14.840000,-0.002997,-0.000848,-0.002157,0.999993,148.334305,421.760193,63.398869
1485,14.850000,-0.003003,-0.000868,-0.002144,0.999993,148.334183,421.760681,63.398369
1486,14.860000,-0.002994,-0.000852,-0.002206,0.999993,148.335968,421.761993,63.399784
1487,14.870000,-0.002978,-0.000934,-0.002142,0.999993,148.332748,421.760071,63.399105
1488,14.880000,-0.002983,-0.000927,-0.002121,0.999993,148.329102,421.757416,63.399143
1489,14.890000,-0.002984,-0.000894,-0.002106,0.999993,148.325531,421.757355,63.400036
1490,14.900000,-0.003004,-0.000853,-0.002126,0.999993,148.327103,421.757416,63.399540
1491,14.910000,-0.003011,-0.000848,-0.002134,0.999993,148.327591,421.757965,63.399830
1492,14.920000,-0.003006,-0.000855,-0.002131,0.999993,148.329193,421.758453,63.400276
1493,14.930000,-0.003005,-0.000829,-0.002165,0.999993,148.330826,421.758606,63.400684
1494,14.940000,-0.003006,-0.000835,-0.002140,0.999993,148.331085,421.758453,63.400059
1495,14.950000,-0.003007,-0.000817,-0.002170,0.999993,148.330551,421.759796,63.400894
1496,14.960000,-0.002999,-0.000835,-0.002165,0.999993,148.331070,421.760315,63.400753
1497,14.970000,-0.002996,-0.000845,-0.002150,0.999993,148.329895,421.758270,63.401676
1498,14.980000,-0.003002,-0.000828,-0.002166,0.999993,148.328796,421.758240,63.401566
1499,14.990000,-0.003002,-0.000844,-0.002136,0.999993,148.326736,421.758820,63.400784
1500,15.000000,-0.003005,-0.000840,-0.002135,0.999993,148.326355,421.759399,63.400494
