Format Version,1.24,Take Name,Push_270_deg_001,Take Notes,,Capture Frame Rate,100.000000,Export Frame Rate,100.000000,Capture Start Time,2025-02-03 03.55.26.002 午前,Capture Start Frame,5884179,Total Frames in Take,1501,Total Exported Frames,1501,Rotation Type,Quaternion,Length Units,Millimeters,Coordinate Space,Local

,Type,Rigid Body,Rigid Body,Rigid Body,Rigid Body,Rigid Body,Rigid Body,Rigid Body
,Name,Rigid Body 002,Rigid Body 002,Rigid Body 002,Rigid Body 002,Rigid Body 002,Rigid Body 002,Rigid Body 002
,ID,7081C4A4E11211EF3C28FEC2583C42A9,7081C4A4E11211EF3C28FEC2583C42A9,7081C4A4E11211EF3C28FEC2583C42A9,7081C4A4E11211EF3C28FEC2583C42A9,7081C4A4E11211EF3C28FEC2583C42A9,7081C4A4E11211EF3C28FEC2583C42A9,7081C4A4E11211EF3C28FEC2583C42A9
,,Rotation,Rotation,Rotation,Rotation,Position,Position,Position
Frame,Time (Seconds),X,Y,Z,W,X,Y,Z
0,0.000000,0.005520,0.011589,-0.041651,0.999050,167.582291,423.411621,112.975410
1,0.010000,0.005501,0.011571,-0.041609,0.999052,167.590424,423.411346,112.970840
2,0.020000,0.005480,0.011585,-0.041627,0.999051,167.599777,423.414276,112.965515
3,0.030000,0.005452,0.011825,-0.042093,0.999029,167.627060,423.421936,112.959480
4,0.040000,0.005389,0.012106,-0.042433,0.999012,167.650772,423.438873,112.961189
5,0.050000,0.005399,0.012118,-0.042441,0.999011,167.652466,423.442841,112.964615
6,0.060000,,,,,,,
7,0.070000,0.005466,0.011890,-0.042062,0.999029,167.623886,423.441956,112.976349
8,0.080000,0.005492,0.011822,-0.041982,0.999033,167.606766,423.437836,112.981697
9,0.090000,0.005556,0.011539,-0.041740,0.999047,167.577850,423.429047,112.984024
10,0.100000,0.005614,0.011609,-0.041715,0.999046,167.570328,423.426514,112.990417
11,0.110000,0.005665,0.011714,-0.041636,0.999048,167.558075,423.435608,112.992477
12,0.120000,0.005572,0.011879,-0.041778,0.999041,167.564255,423.454407,112.986946
13,0.130000,0.005504,0.011866,-0.042089,0.999028,167.578140,423.468475,112.976562
14,0.140000,0.005481,0.011745,-0.041940,0.999036,167.564362,423.469879,112.963112
15,0.150000,0.005474,0.011710,-0.041904,0.999038,167.554169,423.473053,112.954453
16,0.160000,0.005475,0.011679,-0.041898,0.999039,167.545990,423.474915,112.950966
17,0.170000,0.005487,0.011692,-0.041945,0.999036,167.540802,423.477356,112.956711
18,0.180000,0.005519,0.011759,-0.042093,0.999029,167.546692,423.486755,112.966713
19,0.190000,0.005578,0.011821,-0.042044,0.999030,167.533661,423.496643,112.973358
20,0.200000,0.005596,0.011856,-0.042183,0.999024,167.533447,423.511230,112.969864
21,0.210000,0.005617,0.011897,-0.042369,0.999015,167.531479,423.526062,112.965614
22,0.220000,0.005640,0.010906,-0.040797,0.999092,167.494781,423.506927,112.956726
23,0.230000,0.005628,0.010710,-0.040525,0.999105,167.474426,423.511139,112.952637
24,0.240000,0.005634,0.010729,-0.040592,0.999102,167.452576,423.515503,112.952026
25,0.250000,0.005585,0.010725,-0.040669,0.999099,167.419983,423.525452,112.957588
26,0.260000,0.005600,0.010720,-0.040724,0.999097,167.381744,423.534454,112.959908
27,0.270000,0.005583,0.010472,-0.040524,0.999108,167.325851,423.541229,112.955032
28,0.280000,0.005552,0.010530,-0.040572,0.999106,167.281738,423.545380,112.948631
29,0.290000,0.005769,0.010633,-0.041124,0.999081,167.219543,423.533081,112.922523
30,0.300000,0.005737,0.010724,-0.041254,0.999075,167.185791,423.541443,112.909653
31,0.310000,0.005730,0.010740,-0.041298,0.999073,167.158401,423.549774,112.899330
32,0.320000,0.005725,0.010716,-0.041312,0.999072,167.122467,423.551422,112.891495
33,0.330000,0.005735,0.010753,-0.041325,0.999071,167.079346,423.548096,112.887985
34,0.340000,0.005729,0.010676,-0.041285,0.999074,167.036713,423.544891,112.877953
35,0.350000,,,,,,,
36,0.360000,0.005381,0.011783,-0.042621,0.999007,166.998611,423.594910,112.891357
37,0.370000,0.005436,0.011753,-0.042629,0.999007,166.955627,423.598694,112.893166
38,0.380000,0.005587,0.012422,-0.044370,0.998922,166.887650,423.610260,112.893776
39,0.390000,0.005689,0.012229,-0.044137,0.998934,166.819641,423.602844,112.896942
40,0.400000,,,,,,,
41,0.410000,0.005373,0.012020,-0.043209,0.998979,166.708252,423.622681,112.916168
42,0.420000,0.005266,0.012406,-0.043916,0.998944,166.614151,423.638397,112.923462
43,0.430000,0.005220,0.012366,-0.043454,0.998965,166.513901,423.628113,112.914734
44,0.440000,0.005152,0.012430,-0.043238,0.998974,166.415359,423.615417,112.905151
45,0.450000,0.005836,0.010811,-0.041947,0.999044,166.164490,423.511078,112.832306
46,0.460000,0.005528,0.010825,-0.041181,0.999078,166.046417,423.498840,112.838432
47,0.470000,0.005461,0.010981,-0.041054,0.999082,165.922485,423.484558,112.833946
48,0.480000,0.005434,0.010802,-0.040783,0.999095,165.779526,423.468811,112.824722
49,0.490000,0.005686,0.010752,-0.041053,0.999083,165.604614,423.441956,112.802307
50,0.500000,0.005649,0.010745,-0.040741,0.999096,165.452682,423.438416,112.806229
51,0.510000,0.005617,0.010657,-0.040494,0.999107,165.303864,423.433899,112.805298
52,0.520000,0.005226,0.011627,-0.041558,0.999055,165.210083,423.480347,112.825958
53,0.530000,0.005172,0.011899,-0.041795,0.999042,165.064468,423.477020,112.817230
54,0.540000,0.004960,0.012138,-0.042270,0.999020,164.906616,423.483826,112.817116
55,0.550000,0.005385,0.011917,-0.042673,0.999004,164.694412,423.438110,112.767418
56,0.560000,0.005009,0.012497,-0.043028,0.998983,164.553421,423.468292,112.790718
57,0.570000,0.005301,0.010891,-0.040756,0.999096,164.314072,423.410370,112.752174
58,0.580000,0.005631,0.010316,-0.040664,0.999104,164.091492,423.382355,112.722633
59,0.590000,0.005634,0.010482,-0.040769,0.999098,163.913361,423.387970,112.713058
60,0.600000,0.005258,0.011872,-0.042306,0.999020,163.805252,423.456573,112.729927
61,0.610000,0.004843,0.012049,-0.041884,0.999038,163.652756,423.494293,112.747017
62,0.620000,,,,,,,
63,0.630000,0.005000,0.011871,-0.041624,0.999050,163.215897,423.498108,112.696907
64,0.640000,0.005292,0.011087,-0.041338,0.999070,162.921082,423.466553,112.648499
65,0.650000,0.004903,0.011930,-0.042396,0.999018,162.722717,423.514740,112.643578
66,0.660000,,,,,,,
67,0.670000,0.004496,0.012265,-0.041840,0.999039,162.217682,423.494324,112.615112
68,0.680000,0.005535,0.011753,-0.041781,0.999042,161.866684,423.358887,112.544434
69,0.690000,0.006732,0.005350,-0.026536,0.999611,161.570938,423.054993,112.415939
70,0.700000,0.006588,0.004328,-0.023811,0.999685,161.320999,423.003174,112.393402
71,0.710000,0.006966,0.003660,-0.023308,0.999697,161.017593,422.934509,112.342422
72,0.720000,0.007013,0.003694,-0.023332,0.999696,160.785309,422.928711,112.328407
73,0.730000,0.006590,0.004700,-0.024065,0.999678,160.627838,423.003174,112.354958
74,0.740000,,,,,,,
75,0.750000,0.006857,0.004457,-0.024599,0.999664,160.188339,422.991882,112.327415
76,0.760000,0.006564,0.004654,-0.024192,0.999675,160.042633,423.002319,112.346207
77,0.770000,0.006949,0.004035,-0.024036,0.999679,159.789688,422.947571,112.319160
78,0.780000,0.007146,0.003144,-0.023134,0.999702,159.522415,422.908844,112.292480
79,0.790000,0.006782,0.005670,-0.024926,0.999650,159.340927,422.926941,112.275497
80,0.800000,0.006035,0.007705,-0.026233,0.999608,159.264420,423.006775,112.317146
81,0.810000,0.006052,0.007359,-0.025963,0.999618,159.085342,423.004639,112.314087
82,0.820000,0.006112,0.006946,-0.025498,0.999632,158.915359,422.998383,112.311485
83,0.830000,0.006384,0.006879,-0.025743,0.999625,158.731293,422.974243,112.294495
84,0.840000,0.006359,0.007125,-0.026106,0.999614,158.590439,422.979675,112.292900
85,0.850000,0.006569,0.007563,-0.026926,0.999587,158.441772,422.978302,112.282852
86,0.860000,0.006797,0.006887,-0.026373,0.999605,158.256577,422.954803,112.266403
87,0.870000,0.006544,0.006420,-0.025416,0.999635,158.137619,422.977448,112.281639
88,0.880000,0.006471,0.006306,-0.025089,0.999644,157.999222,422.979431,112.281113
89,0.890000,0.006547,0.006990,-0.026401,0.999606,157.849182,422.991577,112.280655
90,0.900000,0.006448,0.007125,-0.026511,0.999602,157.726639,422.995605,112.273216
91,0.910000,0.006423,0.007343,-0.026676,0.999597,157.601639,423.002350,112.272652
92,0.920000,0.006477,0.007097,-0.026500,0.999603,157.449768,423.013519,112.266052
93,0.930000,0.006188,0.007318,-0.026355,0.999607,157.355148,423.049927,112.287056
94,0.940000,0.006412,0.007248,-0.027011,0.999588,157.177155,423.049408,112.278824
95,0.950000,0.006651,0.006814,-0.026390,0.999606,156.981247,423.027679,112.279488
96,0.960000,0.006818,0.005965,-0.025576,0.999632,156.759308,423.003754,112.250885
97,0.970000,0.006232,0.006610,-0.025718,0.999628,156.645874,423.053894,112.275658
98,0.980000,0.006068,0.006987,-0.026009,0.999619,156.477814,423.062195,112.265129
99,0.990000,0.006334,0.006985,-0.026270,0.999610,156.253372,423.044800,112.250015
100,1.000000,0.006408,0.007241,-0.026476,0.999603,156.052094,423.049500,112.258545
101,1.010000,0.006869,0.006227,-0.025835,0.999623,155.757111,422.998108,112.228760
102,1.020000,0.006362,0.007029,-0.026062,0.999615,155.621262,423.048462,112.272484
103,1.030000,0.006872,0.006487,-0.026299,0.999609,155.332886,422.996765,112.241058
104,1.040000,0.006662,0.006585,-0.026323,0.999610,155.117355,423.030243,112.265335
105,1.050000,0.006263,0.006831,-0.025951,0.999620,154.914459,423.055420,112.280045
106,1.060000,0.006480,0.007077,-0.026696,0.999598,154.658524,423.044464,112.256424
107,1.070000,0.006603,0.005782,-0.025260,0.999642,154.374222,423.011871,112.227585
108,1.080000,0.006371,0.006653,-0.025697,0.999627,154.166580,423.042145,112.249580
109,1.090000,0.006839,0.005751,-0.025310,0.999640,153.823212,422.991791,112.208649
110,1.100000,0.006674,0.006788,-0.026642,0.999600,153.630051,423.032715,112.225578
111,1.110000,0.006692,0.006649,-0.026571,0.999602,153.368469,423.037567,112.219841
112,1.120000,0.006662,0.007030,-0.026612,0.999599,153.109879,423.036011,112.222977
113,1.130000,0.006815,0.006284,-0.026136,0.999615,152.806900,423.011353,112.198891
114,1.140000,0.006782,0.006308,-0.026185,0.999614,152.541321,423.013214,112.192429
115,1.150000,0.006470,0.007245,-0.026952,0.999590,152.316559,423.053101,112.220001
116,1.160000,0.006645,0.006892,-0.026426,0.999605,152.036240,423.023743,112.219063
117,1.170000,0.006606,0.005651,-0.024925,0.999652,151.724823,423.006104,112.191620
118,1.180000,0.006744,0.006944,-0.026864,0.999592,151.470337,423.008179,112.189026
119,1.190000,0.006966,0.005823,-0.025771,0.999627,151.141296,422.951569,112.156357
120,1.200000,0.006793,0.006570,-0.026298,0.999610,150.946274,422.972382,112.173119
121,1.210000,0.006545,0.006560,-0.026157,0.999615,150.721756,422.979919,112.167679
122,1.220000,0.006638,0.006583,-0.025989,0.999619,150.477875,422.957764,112.157997
123,1.230000,0.006379,0.006789,-0.025794,0.999624,150.298752,422.986847,112.171707
124,1.240000,0.006346,0.006526,-0.025475,0.999634,150.093033,422.996124,112.170288
125,1.250000,0.006346,0.007239,-0.026596,0.999600,149.917862,423.012115,112.162590
126,1.260000,0.006569,0.006751,-0.026142,0.999614,149.698349,422.987488,112.143822
127,1.270000,0.006438,0.007065,-0.026389,0.999606,149.530487,423.018585,112.159325
128,1.280000,0.006484,0.006753,-0.026182,0.999613,149.319672,423.030151,112.162842
129,1.290000,0.006677,0.006731,-0.026533,0.999603,149.105164,423.038910,112.155296
130,1.300000,0.006693,0.007067,-0.026835,0.999592,148.917114,423.062195,112.163994
131,1.310000,0.006978,0.005822,-0.025721,0.999628,148.641525,423.031586,112.134209
132,1.320000,0.007000,0.005760,-0.025739,0.999628,148.442398,423.026459,112.123024
133,1.330000,0.006674,0.007056,-0.026957,0.999590,148.315186,423.064758,112.137314
134,1.340000,0.006698,0.006577,-0.026553,0.999603,148.077286,423.058594,112.127960
135,1.350000,0.006344,0.006426,-0.025897,0.999624,147.900925,423.069733,112.147270
136,1.360000,0.006537,0.006818,-0.026590,0.999602,147.685074,423.057800,112.131294
137,1.370000,0.006587,0.006970,-0.026770,0.999596,147.503082,423.073395,112.125206
138,1.380000,0.006681,0.006446,-0.026454,0.999607,147.295547,423.065796,112.102882
139,1.390000,0.006440,0.006702,-0.026597,0.999603,147.108398,423.106750,112.094017
140,1.400000,0.006288,0.007076,-0.027089,0.999588,146.923599,423.133057,112.087746
141,1.410000,0.006085,0.007030,-0.026532,0.999605,146.712662,423.153351,112.085114
142,1.420000,0.006648,0.006094,-0.026050,0.999620,146.404907,423.070831,112.024658
143,1.430000,0.006651,0.006017,-0.025912,0.999624,146.179916,423.049103,112.007095
144,1.440000,0.006433,0.006624,-0.026242,0.999613,145.983505,423.061584,112.018806
145,1.450000,0.006639,0.005775,-0.025655,0.999632,145.717575,423.026367,111.994049
146,1.460000,0.006321,0.006440,-0.025971,0.999622,145.532455,423.045471,112.009415
147,1.470000,0.006223,0.006835,-0.026292,0.999612,145.362473,423.042603,112.010834
148,1.480000,0.006226,0.007270,-0.026699,0.999598,145.198547,423.035004,112.017845
149,1.490000,0.006082,0.006820,-0.025866,0.999624,145.010345,423.043549,112.019699
150,1.500000,0.006411,0.006602,-0.025868,0.999623,144.800049,423.000000,111.994850
151,1.510000,0.006584,0.006698,-0.026209,0.999612,144.625427,422.992340,111.992645
152,1.520000,0.006723,0.005849,-0.025455,0.999636,144.408157,422.964691,111.974411
153,1.530000,0.006722,0.005852,-0.025476,0.999636,144.243515,422.959900,111.965935
154,1.540000,0.006654,0.006115,-0.025805,0.999626,144.088898,422.959015,111.959084
155,1.550000,0.006356,0.006691,-0.026131,0.999616,143.977905,422.992371,111.980835
156,1.560000,0.006402,0.006884,-0.026125,0.999615,143.826523,422.992767,111.993378
157,1.570000,0.006141,0.007065,-0.025800,0.999623,143.723297,423.007660,112.012413
158,1.580000,0.006151,0.007061,-0.025843,0.999622,143.583130,423.003998,112.018974
159,1.590000,0.006182,0.006701,-0.025514,0.999633,143.440369,422.992401,112.016968
160,1.600000,0.006170,0.006750,-0.025637,0.999629,143.327484,422.990143,112.023155
161,1.610000,0.006365,0.006688,-0.025901,0.999622,143.217407,422.961761,112.016640
162,1.620000,0.006306,0.006838,-0.025881,0.999622,143.134201,422.951965,112.008537
163,1.630000,0.006296,0.006804,-0.025676,0.999627,143.058807,422.940521,112.002029
164,1.640000,0.006436,0.006706,-0.025550,0.999630,142.985489,422.904327,111.986893
165,1.650000,0.006419,0.007007,-0.026127,0.999613,142.934891,422.911163,111.971367
166,1.660000,0.006394,0.007029,-0.026161,0.999613,142.886932,422.909607,111.959373
167,1.670000,0.006352,0.007148,-0.026219,0.999610,142.846146,422.907043,111.957359
168,1.680000,0.006551,0.007009,-0.026000,0.999616,142.785324,422.876526,111.954712
169,1.690000,0.006581,0.007014,-0.025955,0.999617,142.736481,422.863983,111.959404
170,1.700000,0.006732,0.006222,-0.025124,0.999642,142.635040,422.827332,111.945183
171,1.710000,0.006768,0.006106,-0.024888,0.999649,142.575485,422.806763,111.946976
172,1.720000,0.006762,0.006191,-0.024928,0.999647,142.520630,422.788635,111.945763
173,1.730000,0.006743,0.006193,-0.024815,0.999650,142.471741,422.779266,111.939606
174,1.740000,0.006727,0.006274,-0.024875,0.999648,142.425095,422.781616,111.929619
175,1.750000,0.006664,0.006148,-0.024447,0.999660,142.355438,422.787567,111.921631
176,1.760000,0.006683,0.006100,-0.024362,0.999662,142.290924,422.788788,111.920273
177,1.770000,0.006727,0.006130,-0.024367,0.999662,142.221130,422.784821,111.924767
178,1.780000,0.006634,0.005105,-0.022655,0.999708,142.067505,422.762909,111.880547
179,1.790000,0.006655,0.004432,-0.021704,0.999733,141.933884,422.749756,111.877403
180,1.800000,0.006443,0.005300,-0.022622,0.999709,141.894684,422.786682,111.918930
181,1.810000,0.006644,0.004634,-0.022229,0.999720,141.723083,422.758453,111.914520
182,1.820000,0.006137,0.005636,-0.022892,0.999703,141.682541,422.820068,111.948463
183,1.830000,0.006086,0.005729,-0.023026,0.999700,141.544342,422.828461,111.943863
184,1.840000,0.006252,0.006025,-0.023523,0.999686,141.354095,422.811188,111.914230
185,1.850000,0.006192,0.006008,-0.023410,0.999689,141.162155,422.804199,111.900864
186,1.860000,0.006527,0.005667,-0.023141,0.999695,140.930420,422.752563,111.878052
187,1.870000,0.006562,0.005871,-0.023484,0.999686,140.762070,422.753540,111.891113
188,1.880000,0.006701,0.005006,-0.022876,0.999703,140.517715,422.737335,111.874390
189,1.890000,0.006684,0.005500,-0.022998,0.999698,140.375229,422.744995,111.874550
190,1.900000,0.006728,0.005534,-0.023287,0.999691,140.263519,422.748871,111.872360
191,1.910000,0.006208,0.005796,-0.023245,0.999694,140.158752,422.814026,111.901146
192,1.920000,0.006182,0.006248,-0.023759,0.999679,140.132568,422.814270,111.885635
193,1.930000,0.006270,0.005892,-0.022836,0.999702,139.988037,422.811066,111.882919
194,1.940000,0.006492,0.005719,-0.023319,0.999691,139.920715,422.789490,111.856644
195,1.950000,0.006540,0.005811,-0.023233,0.999692,139.869522,422.792297,111.854370
196,1.960000,0.006517,0.005862,-0.023500,0.999685,139.889526,422.802643,111.845909
197,1.970000,0.006541,0.005728,-0.023466,0.999687,139.880630,422.814819,111.844406
198,1.980000,0.006535,0.005752,-0.023568,0.999684,139.899796,422.825500,111.840179
199,1.990000,0.006539,0.005827,-0.023743,0.999680,139.926834,422.833099,111.838402
200,2.000000,0.006538,0.005712,-0.023675,0.999682,139.916534,422.839478,111.838158
201,2.010000,0.006559,0.005798,-0.023804,0.999678,139.940216,422.842438,111.844254
202,2.020000,0.006561,0.005772,-0.023669,0.999682,139.936417,422.844635,111.846817
203,2.030000,0.006560,0.005714,-0.023666,0.999682,139.942230,422.840637,111.843857
204,2.040000,0.006561,0.005715,-0.023572,0.999684,139.927338,422.836304,111.840416
205,2.050000,0.006550,0.005769,-0.023627,0.999683,139.925446,422.834900,111.836678
206,2.060000,0.006545,0.005716,-0.023582,0.999684,139.905075,422.834808,111.833565
207,2.070000,0.006553,0.005731,-0.023610,0.999683,139.887756,422.832611,111.829552
208,2.080000,0.006548,0.005904,-0.023726,0.999680,139.866806,422.825287,111.824669
209,2.090000,0.006548,0.005929,-0.023791,0.999678,139.831131,422.822632,111.818985
210,2.100000,0.006582,0.005988,-0.023862,0.999676,139.798859,422.817749,111.822754
211,2.110000,0.006571,0.005948,-0.023759,0.999678,139.740433,422.808838,111.816925
212,2.120000,0.006548,0.005856,-0.023655,0.999682,139.668869,422.807098,111.802414
213,2.130000,0.006755,0.005105,-0.022947,0.999701,139.544571,422.777222,111.769440
214,2.140000,0.006693,0.004805,-0.022760,0.999707,139.441498,422.780304,111.753349
215,2.150000,0.006638,0.004777,-0.022790,0.999707,139.339951,422.789124,111.734833
216,2.160000,0.006598,0.004687,-0.022875,0.999706,139.219925,422.798248,111.713608
217,2.170000,0.006406,0.005166,-0.023125,0.999699,139.159744,422.841736,111.722771
218,2.180000,0.006067,0.006191,-0.024397,0.999665,139.110260,422.944336,111.736923
219,2.190000,0.006296,0.005790,-0.024522,0.999663,138.930923,422.973755,111.711586
220,2.200000,0.006586,0.005236,-0.024047,0.999676,138.768494,422.987000,111.683327
221,2.210000,0.006675,0.005116,-0.024061,0.999675,138.613983,423.033813,111.687706
222,2.220000,0.006410,0.005267,-0.024335,0.999669,138.514481,423.121063,111.704979
223,2.230000,0.006323,0.005848,-0.025824,0.999629,138.405869,423.222961,111.696747
224,2.240000,0.006302,0.005719,-0.026101,0.999623,138.257065,423.306274,111.670158
225,2.250000,0.006271,0.005924,-0.026617,0.999608,138.104309,423.382629,111.655487
226,2.260000,0.006037,0.006162,-0.026378,0.999615,137.951965,423.394623,111.642883
227,2.270000,0.006194,0.005393,-0.025527,0.999640,137.691620,423.339508,111.599319
228,2.280000,0.006183,0.005164,-0.024984,0.999655,137.437393,423.283844,111.575058
229,2.290000,0.005976,0.005417,-0.025375,0.999645,137.178375,423.278229,111.558769
230,2.300000,0.006107,0.005798,-0.026083,0.999624,136.951126,423.257568,111.517441
231,2.310000,0.006090,0.005707,-0.026257,0.999620,136.712524,423.257812,111.488853
232,2.320000,0.006191,0.005558,-0.026148,0.999624,136.487473,423.250275,111.469719
233,2.330000,0.005988,0.005558,-0.025657,0.999637,136.306091,423.286163,111.470566
234,2.340000,0.005952,0.005370,-0.025457,0.999644,136.124435,423.312317,111.455467
235,2.350000,0.006037,0.005345,-0.026080,0.999627,135.934509,423.363220,111.429169
236,2.360000,0.006040,0.005337,-0.026294,0.999622,135.787674,423.397034,111.427521
237,2.370000,0.005895,0.005525,-0.026677,0.999611,135.668625,423.423096,111.415642
238,2.380000,0.006000,0.005441,-0.026816,0.999608,135.554398,423.413330,111.381500
239,2.390000,0.005783,0.005551,-0.026638,0.999613,135.489822,423.430145,111.374954
240,2.400000,0.005737,0.005621,-0.026716,0.999611,135.429855,423.438812,111.358810
241,2.410000,0.005745,0.005602,-0.026745,0.999610,135.372787,423.448364,111.338394
242,2.420000,0.005973,0.005497,-0.027192,0.999597,135.298645,423.439178,111.301048
243,2.430000,0.005972,0.005424,-0.027174,0.999598,135.251724,423.447418,111.289940
244,2.440000,0.005986,0.005249,-0.026973,0.999605,135.204346,423.456757,111.285866
245,2.450000,0.005992,0.005198,-0.026994,0.999604,135.169327,423.467194,111.285629
246,2.460000,0.006124,0.004591,-0.026473,0.999620,135.090332,423.449219,111.267487
247,2.470000,0.006123,0.004558,-0.026403,0.999622,135.047531,423.442322,111.266258
248,2.480000,0.005861,0.005157,-0.026927,0.999607,135.050858,423.475159,111.278923
249,2.490000,0.005808,0.005161,-0.026902,0.999608,135.008270,423.482452,111.262894
250,2.500000,0.005768,0.005278,-0.027001,0.999605,134.969177,423.492218,111.246033
251,2.510000,0.005741,0.005346,-0.027137,0.999601,134.927414,423.503693,111.234627
252,2.520000,0.005786,0.005533,-0.027288,0.999596,134.872681,423.515381,111.232552
253,2.530000,0.005825,0.005363,-0.027054,0.999603,134.803223,423.511566,111.232285
254,2.540000,0.005834,0.005302,-0.027071,0.999602,134.736313,423.502838,111.235603
255,2.550000,0.005799,0.005455,-0.027367,0.999594,134.677658,423.508057,111.246613
256,2.560000,0.005808,0.005497,-0.027570,0.999588,134.625732,423.519165,111.251862
257,2.570000,0.006098,0.004765,-0.027012,0.999605,134.520889,423.508759,111.225891
258,2.580000,0.006136,0.004629,-0.026972,0.999607,134.452240,423.539032,111.218346
259,2.590000,0.006149,0.004450,-0.027083,0.999604,134.382248,423.576355,111.210655
260,2.600000,0.006138,0.004263,-0.027238,0.999601,134.301819,423.617493,111.207001
261,2.610000,0.006180,0.004104,-0.027279,0.999600,134.204056,423.646271,111.210686
262,2.620000,0.005932,0.004627,-0.027877,0.999583,134.143280,423.711853,111.241989
263,2.630000,0.006048,0.004887,-0.028198,0.999572,134.033676,423.730469,111.250374
264,2.640000,0.005999,0.004994,-0.028142,0.999574,133.918716,423.755737,111.268852
265,2.650000,0.005786,0.005209,-0.028294,0.999569,133.850632,423.821838,111.286057
266,2.660000,0.006079,0.004999,-0.028711,0.999557,133.700256,423.833008,111.253197
267,2.670000,0.006059,0.005159,-0.029077,0.999546,133.569534,423.863770,111.234337
268,2.680000,0.006077,0.004562,-0.028487,0.999565,133.374832,423.840637,111.192467
269,2.690000,0.005790,0.004960,-0.028909,0.999553,133.221558,423.863159,111.196663
270,2.700000,0.005691,0.005083,-0.028998,0.999550,133.035995,423.857971,111.193375
271,2.710000,0.005920,0.004716,-0.028537,0.999564,132.788651,423.840485,111.181160
272,2.720000,0.005748,0.004750,-0.028285,0.999572,132.612167,423.855469,111.203156
273,2.730000,0.005962,0.004123,-0.027937,0.999583,132.390884,423.861755,111.196060
274,2.740000,0.006185,0.003866,-0.028539,0.999566,132.179459,423.892517,111.185234
275,2.750000,0.006060,0.004493,-0.028996,0.999551,132.001526,423.940063,111.208023
276,2.760000,0.005996,0.004576,-0.029170,0.999546,131.789795,423.922241,111.204445
277,2.770000,0.005928,0.004579,-0.029160,0.999547,131.536957,423.884155,111.190826
278,2.780000,0.005599,0.004664,-0.028980,0.999554,131.316177,423.870819,111.185295
279,2.790000,0.005963,0.005179,-0.029408,0.999536,131.062500,423.862549,111.179886
280,2.800000,0.005942,0.004306,-0.028304,0.999572,130.839386,423.896484,111.165207
281,2.810000,0.006013,0.004155,-0.028604,0.999564,130.660675,423.930756,111.130257
282,2.820000,0.005703,0.004600,-0.029331,0.999543,130.545624,424.003357,111.106186
283,2.830000,0.005587,0.004612,-0.029439,0.999540,130.383591,424.015259,111.093567
284,2.840000,0.005490,0.004812,-0.029386,0.999542,130.269348,424.009857,111.091209
285,2.850000,0.005511,0.004913,-0.029441,0.999539,130.131775,423.968414,111.100975
286,2.860000,0.005535,0.005057,-0.029264,0.999544,129.996063,423.925964,111.117096
287,2.870000,0.005529,0.005130,-0.029224,0.999544,129.887100,423.899628,111.136497
288,2.880000,0.005559,0.004914,-0.028873,0.999556,129.777206,423.877838,111.146133
289,2.890000,0.005748,0.004134,-0.028179,0.999578,129.665726,423.853333,111.115814
290,2.900000,0.005561,0.004602,-0.028715,0.999562,129.667297,423.902588,111.101959
291,2.910000,0.005957,0.004454,-0.029162,0.999547,129.632996,423.886383,111.050858
292,2.920000,0.005708,0.004927,-0.029717,0.999530,129.672180,423.924042,111.036987
293,2.930000,0.005472,0.005273,-0.029131,0.999547,129.622589,423.930725,110.979172
294,2.940000,0.005401,0.005370,-0.028984,0.999551,129.613281,423.934540,110.961449
295,2.950000,0.005588,0.005022,-0.028764,0.999558,129.601929,423.912872,110.961494
296,2.960000,0.005652,0.004871,-0.028769,0.999558,129.593323,423.907379,110.972595
297,2.970000,0.005503,0.005147,-0.029164,0.999546,129.590515,423.936523,110.989059
298,2.980000,0.005660,0.004825,-0.028822,0.999557,129.529633,423.933136,110.982170
299,2.990000,0.005664,0.004523,-0.028653,0.999563,129.458267,423.952698,110.979012
300,3.000000,0.005664,0.004506,-0.028673,0.999563,129.381271,423.953979,110.975845
301,3.010000,0.005677,0.004352,-0.028529,0.999567,129.278641,423.928802,110.964005
302,3.020000,0.005682,0.004328,-0.028592,0.999566,129.172943,423.900208,110.954170
303,3.030000,0.005644,0.004374,-0.028609,0.999565,129.075974,423.879944,110.955421
304,3.040000,0.005554,0.004521,-0.028591,0.999566,129.000412,423.886719,110.951561
305,3.050000,0.005470,0.004678,-0.028805,0.999559,128.928711,423.897369,110.926109
306,3.060000,0.005267,0.004860,-0.028813,0.999559,128.851517,423.934784,110.906883
307,3.070000,0.005195,0.004862,-0.028755,0.999561,128.767609,423.943665,110.879402
308,3.080000,0.004995,0.004844,-0.028561,0.999568,128.684158,423.968567,110.856186
309,3.090000,0.004928,0.004842,-0.028737,0.999563,128.603851,423.996429,110.822876
310,3.100000,0.004888,0.005069,-0.029217,0.999548,128.527771,424.033386,110.792519
311,3.110000,0.005040,0.004817,-0.029186,0.999550,128.414139,424.030609,110.755066
312,3.120000,0.005045,0.005077,-0.029666,0.999534,128.314514,424.021057,110.733147
313,3.130000,0.005239,0.005049,-0.029653,0.999534,128.160294,423.969330,110.712082
314,3.140000,0.005352,0.004636,-0.029294,0.999546,128.018921,423.938110,110.690575
315,3.150000,0.005370,0.004662,-0.029587,0.999537,127.910736,423.952789,110.692184
316,3.160000,0.005411,0.004198,-0.029195,0.999550,127.782005,423.961334,110.689919
317,3.170000,0.005439,0.004107,-0.029185,0.999551,127.674431,423.959961,110.689011
318,3.180000,0.005184,0.004201,-0.028945,0.999559,127.590683,423.995239,110.695793
319,3.190000,0.005190,0.004799,-0.030109,0.999522,127.499519,424.041840,110.689545
320,3.200000,0.005179,0.004723,-0.030027,0.999525,127.372147,424.074829,110.665665
321,3.210000,0.005148,0.005067,-0.030495,0.999509,127.255066,424.098755,110.636864
322,3.220000,0.004916,0.005281,-0.030381,0.999512,127.149284,424.119507,110.636307
323,3.230000,0.004872,0.005343,-0.030313,0.999514,127.011345,424.112579,110.636261
324,3.240000,0.004940,0.005120,-0.030014,0.999524,126.843140,424.082458,110.647484
325,3.250000,0.005301,0.004592,-0.029909,0.999528,126.645432,424.054382,110.651344
326,3.260000,0.005152,0.004986,-0.030421,0.999511,126.500305,424.105865,110.672806
327,3.270000,0.004943,0.004990,-0.030290,0.999516,126.355621,424.126892,110.675262
328,3.280000,0.004871,0.004868,-0.030062,0.999524,126.161980,424.117432,110.648109
329,3.290000,0.005078,0.004591,-0.030184,0.999521,125.937584,424.073151,110.611496
330,3.300000,0.005090,0.004701,-0.030455,0.999512,125.758247,424.077637,110.573570
331,3.310000,0.005104,0.004826,-0.030799,0.999501,125.607338,424.093323,110.558174
332,3.320000,0.005186,0.004664,-0.030562,0.999509,125.457001,424.089752,110.544739
333,3.330000,0.005440,0.003986,-0.029959,0.999528,125.267548,424.050385,110.528893
334,3.340000,0.005442,0.003655,-0.029711,0.999537,125.140671,424.072998,110.531006
335,3.350000,0.005244,0.004283,-0.030667,0.999507,125.112564,424.156036,110.555405
336,3.360000,0.005203,0.004530,-0.031102,0.999492,125.042198,424.210876,110.560883
337,3.370000,0.005220,0.004526,-0.031266,0.999487,124.987762,424.236267,110.548599
338,3.380000,0.005210,0.004622,-0.031417,0.999482,124.945007,424.237152,110.539482
339,3.390000,0.005273,0.004808,-0.031412,0.999481,124.880280,424.186127,110.534279
340,3.400000,0.005244,0.004812,-0.031170,0.999489,124.818039,424.161255,110.542473
341,3.410000,0.005222,0.004816,-0.031034,0.999493,124.760559,424.137817,110.551086
342,3.420000,0.005248,0.004839,-0.031070,0.999492,124.700783,424.119659,110.558350
343,3.430000,0.005061,0.004885,-0.030823,0.999500,124.662804,424.135376,110.565720
344,3.440000,0.005066,0.004850,-0.030835,0.999500,124.608215,424.154572,110.568306
345,3.450000,0.005173,0.004679,-0.030690,0.999505,124.538277,424.168945,110.582664
346,3.460000,0.005426,0.004449,-0.030622,0.999506,124.445976,424.158264,110.583755
347,3.470000,0.005391,0.004236,-0.030452,0.999513,124.355011,424.165497,110.564796
348,3.480000,0.005487,0.004029,-0.030552,0.999510,124.213448,424.121765,110.527435
349,3.490000,0.005354,0.004616,-0.030959,0.999496,124.115913,424.108521,110.534752
350,3.500000,0.005282,0.004701,-0.031174,0.999489,124.025536,424.123657,110.525459
351,3.510000,0.005357,0.004777,-0.031422,0.999480,123.938934,424.151245,110.527832
352,3.520000,0.005331,0.004565,-0.031183,0.999489,123.848053,424.172852,110.540108
353,3.530000,0.005330,0.004531,-0.031369,0.999483,123.744362,424.204529,110.558937
354,3.540000,0.005478,0.004207,-0.031073,0.999493,123.593765,424.210205,110.593399
355,3.550000,0.005748,0.004287,-0.031315,0.999484,123.414909,424.159302,110.617775
356,3.560000,0.005966,0.003748,-0.030516,0.999509,123.204208,424.048981,110.618233
357,3.570000,0.005800,0.004408,-0.030988,0.999493,123.087029,424.037781,110.641937
358,3.580000,0.005817,0.004709,-0.031489,0.999476,122.967842,424.055328,110.657349
359,3.590000,0.005927,0.004953,-0.031815,0.999464,122.870430,424.091949,110.664871
360,3.600000,0.005692,0.005144,-0.031947,0.999460,122.807617,424.137512,110.657204
361,3.610000,0.005826,0.004475,-0.031220,0.999486,122.672836,424.129669,110.607750
362,3.620000,0.005914,0.004383,-0.031355,0.999481,122.537979,424.125000,110.562523
363,3.630000,0.005631,0.004701,-0.031575,0.999474,122.438728,424.157379,110.559654
364,3.640000,0.005689,0.004831,-0.031587,0.999473,122.314087,424.158081,110.573883
365,3.650000,0.005840,0.004731,-0.031660,0.999471,122.215790,424.149597,110.606148
366,3.660000,0.006042,0.004160,-0.031244,0.999485,122.089668,424.121979,110.615234
367,3.670000,0.005795,0.004139,-0.031061,0.999492,121.993607,424.113739,110.617027
368,3.680000,0.005703,0.004104,-0.030860,0.999499,121.865349,424.073792,110.597694
369,3.690000,0.005682,0.004471,-0.031026,0.999493,121.762276,424.044128,110.581947
370,3.700000,0.005699,0.004783,-0.031940,0.999462,121.706055,424.096283,110.579117
371,3.710000,0.005768,0.004783,-0.032186,0.999454,121.678017,424.129089,110.590019
372,3.720000,0.005701,0.004745,-0.032087,0.999458,121.645294,424.157104,110.587685
373,3.730000,0.005640,0.004646,-0.032125,0.999457,121.611526,424.177368,110.570724
374,3.740000,0.005609,0.004600,-0.032237,0.999454,121.566551,424.191345,110.562637
375,3.750000,0.005628,0.004558,-0.032308,0.999452,121.525902,424.201843,110.565376
376,3.760000,0.005718,0.004372,-0.032056,0.999460,121.477119,424.206390,110.578285
377,3.770000,0.005820,0.004422,-0.032092,0.999458,121.437973,424.212280,110.594505
378,3.780000,0.005924,0.004369,-0.032121,0.999457,121.399742,424.224487,110.615707
379,3.790000,0.005937,0.004476,-0.032383,0.999448,121.372818,424.242462,110.620468
380,3.800000,0.005881,0.004739,-0.032731,0.999436,121.340675,424.261414,110.611115
381,3.810000,0.005977,0.004871,-0.032804,0.999432,121.284096,424.257233,110.592194
382,3.820000,0.005873,0.004728,-0.032716,0.999436,121.227364,424.205078,110.561142
383,3.830000,0.005722,0.004327,-0.031811,0.999468,121.144302,424.116882,110.539139
384,3.840000,0.005611,0.004140,-0.031416,0.999482,121.052956,424.091705,110.550400
385,3.850000,0.005899,0.004352,-0.032060,0.999459,120.970169,424.113708,110.599930
386,3.860000,0.006143,0.004475,-0.032308,0.999449,120.899261,424.132416,110.656670
387,3.870000,0.006281,0.004739,-0.032833,0.999430,120.808952,424.160980,110.679207
388,3.880000,0.006145,0.004507,-0.032963,0.999428,120.682701,424.217712,110.637741
389,3.890000,0.006039,0.004200,-0.032572,0.999442,120.518860,424.239288,110.598450
390,3.900000,0.005883,0.004477,-0.032226,0.999453,120.354385,424.224030,110.580200
391,3.910000,0.005985,0.004341,-0.031999,0.999461,120.163826,424.167053,110.553993
392,3.920000,0.006163,0.004340,-0.032447,0.999445,119.976334,424.149994,110.546608
393,3.930000,0.006116,0.004732,-0.032977,0.999426,119.837616,424.198212,110.594620
394,3.940000,0.006135,0.004430,-0.032776,0.999434,119.684708,424.208252,110.634674
395,3.950000,0.006255,0.004340,-0.032710,0.999436,119.514938,424.219452,110.646736
396,3.960000,0.006154,0.004217,-0.032573,0.999442,119.339745,424.210632,110.618866
397,3.970000,0.006157,0.004609,-0.033278,0.999417,119.142769,424.179260,110.565826
398,3.980000,0.006112,0.005036,-0.033839,0.999396,118.955894,424.171967,110.539612
399,3.990000,0.005906,0.004847,-0.033705,0.999403,118.767540,424.202118,110.530266
400,4.000000,0.005972,0.004883,-0.033747,0.999401,118.590118,424.229279,110.534203
401,4.010000,0.006186,0.004574,-0.033667,0.999403,118.419525,424.231995,110.527832
402,4.020000,0.006184,0.004612,-0.033394,0.999413,118.254166,424.250916,110.527512
403,4.030000,0.006034,0.004380,-0.033257,0.999419,118.076958,424.246826,110.497086
404,4.040000,0.005835,0.004440,-0.033181,0.999423,117.931519,424.238892,110.475937
405,4.050000,0.005741,0.004440,-0.032912,0.999432,117.785370,424.219849,110.468658
406,4.060000,0.005762,0.004724,-0.033212,0.999421,117.678963,424.217224,110.490166
407,4.070000,0.005889,0.004798,-0.033418,0.999413,117.584946,424.229706,110.524689
408,4.080000,0.006240,0.004584,-0.033316,0.999415,117.451637,424.226044,110.545830
409,4.090000,0.006176,0.004820,-0.033822,0.999397,117.378304,424.253571,110.562851
410,4.100000,0.006317,0.004596,-0.033846,0.999397,117.273430,424.248322,110.564339
411,4.110000,0.006445,0.004728,-0.034118,0.999386,117.198753,424.255035,110.583023
412,4.120000,0.006559,0.004735,-0.034178,0.999383,117.139832,424.264130,110.608231
413,4.130000,0.006634,0.004862,-0.034521,0.999370,117.097069,424.283722,110.631187
414,4.140000,0.006615,0.004755,-0.034429,0.999374,117.050346,424.299286,110.632599
415,4.150000,0.006584,0.004773,-0.034424,0.999374,117.012497,424.305695,110.624542
416,4.160000,0.006548,0.004711,-0.034329,0.999378,116.970215,424.298981,110.608620
417,4.170000,0.006492,0.004694,-0.034321,0.999379,116.940659,424.300781,110.595207
418,4.180000,0.006258,0.004778,-0.034198,0.999384,116.934502,424.323151,110.600975
419,4.190000,0.006222,0.004771,-0.034192,0.999385,116.906036,424.322418,110.605698
420,4.200000,0.006140,0.004819,-0.034236,0.999383,116.860962,424.306702,110.601074
421,4.210000,0.006148,0.004652,-0.033955,0.999394,116.797607,424.272491,110.566887
422,4.220000,0.006044,0.004638,-0.033674,0.999404,116.734505,424.255554,110.523521
423,4.230000,0.006236,0.004737,-0.034174,0.999385,116.678299,424.252808,110.489296
424,4.240000,0.006170,0.004951,-0.034383,0.999377,116.661125,424.280945,110.502785
425,4.250000,0.006258,0.005016,-0.034659,0.999367,116.623230,424.288696,110.515450
426,4.260000,0.006352,0.004817,-0.034829,0.999362,116.546959,424.288269,110.513451
427,4.270000,0.006439,0.004772,-0.034596,0.999369,116.453995,424.290924,110.525475
428,4.280000,0.006505,0.004716,-0.034561,0.999370,116.367836,424.277802,110.534676
429,4.290000,0.006261,0.004909,-0.034767,0.999364,116.273865,424.277069,110.529839
430,4.300000,0.006062,0.005161,-0.034937,0.999358,116.158730,424.275909,110.489143
431,4.310000,0.005932,0.005567,-0.035319,0.999343,116.047058,424.294922,110.466255
432,4.320000,0.005809,0.005294,-0.034654,0.999368,115.902420,424.317871,110.466324
433,4.330000,0.005954,0.005005,-0.034519,0.999374,115.722076,424.309540,110.452644
434,4.340000,0.005914,0.004943,-0.034622,0.999371,115.526672,424.284149,110.425659
435,4.350000,0.005727,0.005015,-0.034776,0.999366,115.360489,424.309692,110.435280
436,4.360000,0.006249,0.005079,-0.034743,0.999364,115.147987,424.308350,110.466164
437,4.370000,0.006435,0.004988,-0.034954,0.999356,114.952805,424.297211,110.485527
438,4.380000,0.006143,0.005146,-0.035087,0.999352,114.729828,424.292053,110.459457
439,4.390000,0.005918,0.005139,-0.035132,0.999352,114.492462,424.300415,110.421669
440,4.400000,0.005722,0.005461,-0.035351,0.999344,114.222168,424.322449,110.427010
441,4.410000,0.005814,0.005926,-0.035966,0.999319,113.956268,424.323883,110.448662
442,4.420000,0.005838,0.006043,-0.036296,0.999306,113.659698,424.308899,110.412949
443,4.430000,0.005818,0.005584,-0.035679,0.999331,113.325165,424.293549,110.347649
444,4.440000,0.005684,0.005925,-0.035798,0.999325,112.969238,424.301880,110.315201
445,4.450000,0.005420,0.006410,-0.035933,0.999319,112.721878,424.343964,110.345901
446,4.460000,0.005850,0.005993,-0.036014,0.999316,112.388344,424.335388,110.352882
447,4.470000,0.005997,0.006429,-0.036384,0.999299,112.117249,424.324615,110.371223
448,4.480000,0.005984,0.006272,-0.036282,0.999304,111.854866,424.331390,110.363205
449,4.490000,0.006076,0.006806,-0.037029,0.999273,111.642731,424.331696,110.375557
450,4.500000,0.006114,0.006489,-0.036409,0.999297,111.362221,424.331329,110.391266
451,4.510000,0.006128,0.006705,-0.036813,0.999281,111.173218,424.314392,110.406387
452,4.520000,0.005928,0.007068,-0.036804,0.999280,111.064896,424.333679,110.440712
453,4.530000,0.006015,0.007160,-0.036838,0.999278,110.953148,424.336121,110.480186
454,4.540000,0.006285,0.006345,-0.036461,0.999295,110.772850,424.313019,110.461334
455,4.550000,0.006265,0.005860,-0.035985,0.999316,110.635666,424.282684,110.399117
456,4.560000,0.006126,0.005691,-0.035460,0.999336,110.539749,424.270874,110.342636
457,4.570000,0.005961,0.006257,-0.035758,0.999323,110.534622,424.278900,110.341484
458,4.580000,0.006274,0.006139,-0.035746,0.999322,110.529190,424.247101,110.367371
459,4.590000,0.006321,0.006357,-0.036313,0.999300,110.554848,424.266541,110.403221
460,4.600000,0.006041,0.006664,-0.036430,0.999296,110.580696,424.327515,110.439278
461,4.610000,0.006217,0.006243,-0.036307,0.999302,110.558350,424.336121,110.439728
462,4.620000,0.006423,0.006052,-0.036564,0.999292,110.545792,424.353333,110.430084
463,4.630000,0.006356,0.006677,-0.037275,0.999263,110.583031,424.395813,110.418808
464,4.640000,0.006265,0.006851,-0.037477,0.999254,110.585167,424.424316,110.386978
465,4.650000,0.006207,0.006858,-0.037459,0.999255,110.566940,424.443390,110.357643
466,4.660000,0.005983,0.007493,-0.037939,0.999234,110.592216,424.484985,110.363663
467,4.670000,0.005970,0.007479,-0.038073,0.999229,110.569565,424.503510,110.370728
468,4.680000,0.005977,0.007140,-0.037924,0.999237,110.529198,424.526978,110.382713
469,4.690000,0.006198,0.007664,-0.038360,0.999215,110.537941,424.535553,110.402298
470,4.700000,0.006172,0.007628,-0.038702,0.999203,110.562614,424.553223,110.395393
471,4.710000,0.006244,0.007716,-0.038548,0.999207,110.535416,424.541992,110.400871
472,4.720000,0.006082,0.007275,-0.038204,0.999225,110.461998,424.493347,110.360901
473,4.730000,0.005840,0.007059,-0.037892,0.999240,110.391426,424.467773,110.315170
474,4.740000,0.005866,0.007329,-0.037852,0.999239,110.304596,424.473846,110.322670
475,4.750000,0.006096,0.007252,-0.037616,0.999247,110.203392,424.473572,110.369080
476,4.760000,0.006124,0.007186,-0.037415,0.999255,110.120537,424.489899,110.413643
477,4.770000,0.006039,0.007277,-0.037735,0.999243,110.010406,424.521271,110.410240
478,4.780000,0.006125,0.007383,-0.038039,0.999230,109.866478,424.545319,110.404518
479,4.790000,0.006400,0.007139,-0.038055,0.999230,109.727211,424.516510,110.402740
480,4.800000,0.006324,0.006945,-0.037779,0.999242,109.611221,424.492645,110.387016
481,4.810000,0.006105,0.007158,-0.038217,0.999225,109.531487,424.502655,110.355392
482,4.820000,0.006078,0.007377,-0.038556,0.999211,109.437843,424.519165,110.344139
483,4.830000,0.006081,0.007616,-0.038650,0.999205,109.359795,424.534515,110.368828
484,4.840000,0.006098,0.007219,-0.038078,0.999230,109.251091,424.527649,110.367989
485,4.850000,0.006003,0.007133,-0.038159,0.999228,109.165443,424.528748,110.331833
486,4.860000,0.005716,0.007238,-0.038054,0.999233,109.081276,424.558228,110.290726
487,4.870000,0.005582,0.007389,-0.038226,0.999226,108.984314,424.587219,110.261513
488,4.880000,0.005495,0.007555,-0.038281,0.999223,108.878983,424.606995,110.249359
489,4.890000,0.005664,0.007755,-0.038809,0.999201,108.754730,424.599762,110.211411
490,4.900000,0.005618,0.007923,-0.039031,0.999191,108.656479,424.612885,110.183876
491,4.910000,0.005606,0.007655,-0.038979,0.999195,108.537880,424.629425,110.152184
492,4.920000,0.005614,0.007778,-0.039278,0.999182,108.454773,424.655060,110.128716
493,4.930000,0.005717,0.007820,-0.039449,0.999175,108.374207,424.660675,110.085854
494,4.940000,0.005613,0.007874,-0.039337,0.999179,108.298264,424.653931,110.032593
495,4.950000,0.005343,0.007732,-0.038798,0.999203,108.190445,424.609650,109.974808
496,4.960000,0.005225,0.007923,-0.039104,0.999190,108.092430,424.550385,109.900581
497,4.970000,0.005159,0.008154,-0.039205,0.999185,108.039307,424.539246,109.872765
498,4.980000,0.005330,0.008032,-0.038970,0.999194,107.971458,424.538361,109.898956
499,4.990000,0.005384,0.007952,-0.038839,0.999199,107.904373,424.511658,109.917038
500,5.000000,0.005413,0.007901,-0.038835,0.999200,107.830727,424.486725,109.900856
501,5.010000,0.005223,0.007925,-0.038818,0.999201,107.757172,424.499023,109.894424
502,5.020000,0.005485,0.007875,-0.038823,0.999200,107.675438,424.479553,109.914108
503,5.030000,0.005734,0.007620,-0.038737,0.999204,107.590874,424.468903,109.934624
504,5.040000,0.005869,0.007521,-0.038748,0.999204,107.506500,424.486145,109.931496
505,5.050000,0.005722,0.007835,-0.039264,0.999182,107.442078,424.542175,109.935745
506,5.060000,0.005501,0.008387,-0.039617,0.999165,107.386017,424.593079,109.968811
507,5.070000,0.005423,0.008680,-0.039991,0.999148,107.321800,424.628845,109.974937
508,5.080000,0.005311,0.008358,-0.039649,0.999165,107.208328,424.605621,109.937233
509,5.090000,0.004992,0.008062,-0.039020,0.999193,107.064720,424.535828,109.845383
510,5.100000,0.004730,0.008303,-0.039413,0.999177,107.021805,424.532745,109.792389
511,5.110000,0.004927,0.008368,-0.039110,0.999188,106.981895,424.542267,109.816147
512,5.120000,0.005057,0.008388,-0.039359,0.999177,106.983292,424.555206,109.833824
513,5.130000,0.005014,0.008347,-0.039383,0.999177,106.955040,424.555695,109.821449
514,5.140000,0.005100,0.008294,-0.039621,0.999167,106.906609,424.556732,109.783455
515,5.150000,0.005062,0.008320,-0.039641,0.999167,106.869400,424.572845,109.767189
516,5.160000,0.005101,0.008318,-0.039667,0.999165,106.855522,424.567291,109.767502
517,5.170000,0.005170,0.008283,-0.039735,0.999163,106.849823,424.571228,109.763580
518,5.180000,0.005298,0.008293,-0.039742,0.999162,106.833977,424.572815,109.781853
519,5.190000,0.005288,0.008211,-0.039586,0.999169,106.816582,424.577759,109.818886
520,5.200000,0.005316,0.008230,-0.039598,0.999168,106.809738,424.575409,109.851387
521,5.210000,0.005406,0.008043,-0.039313,0.999180,106.787018,424.572632,109.870674
522,5.220000,0.005438,0.007977,-0.039316,0.999180,106.778351,424.578278,109.867722
523,5.230000,0.005377,0.008162,-0.039775,0.999161,106.790382,424.590851,109.847664
524,5.240000,0.005391,0.007789,-0.039533,0.999173,106.762817,424.605682,109.821159
525,5.250000,0.005359,0.007748,-0.039574,0.999172,106.757462,424.626678,109.800148
526,5.260000,0.005373,0.007758,-0.039602,0.999171,106.765968,424.639252,109.795647
527,5.270000,0.005400,0.007742,-0.039608,0.999171,106.773849,424.643799,109.805222
528,5.280000,0.005510,0.007796,-0.039761,0.999164,106.775047,424.649841,109.824722
529,5.290000,0.005520,0.007775,-0.039920,0.999157,106.764679,424.656891,109.821938
530,5.300000,0.005493,0.007718,-0.039961,0.999156,106.748581,424.661987,109.806267
531,5.310000,0.005520,0.007683,-0.039938,0.999157,106.729744,424.663239,109.796181
532,5.320000,0.005520,0.007710,-0.039950,0.999157,106.712013,424.666901,109.790947
533,5.330000,0.005440,0.007816,-0.039921,0.999157,106.687454,424.662659,109.782791
534,5.340000,0.005231,0.007787,-0.039647,0.999170,106.629120,424.623077,109.755875
535,5.350000,0.004969,0.007673,-0.039273,0.999187,106.541183,424.575165,109.699387
536,5.360000,0.004849,0.008033,-0.039448,0.999178,106.479446,424.545227,109.643127
537,5.370000,0.004963,0.008132,-0.039569,0.999171,106.445961,424.560852,109.640778
538,5.380000,0.005025,0.008034,-0.039436,0.999177,106.410774,424.574036,109.659195
539,5.390000,0.004955,0.008061,-0.039591,0.999171,106.356651,424.597321,109.639473
540,5.400000,0.004987,0.008163,-0.039756,0.999164,106.267555,424.607544,109.591988
541,5.410000,0.005000,0.008584,-0.039975,0.999151,106.181252,424.620941,109.584534
542,5.420000,0.004961,0.008483,-0.039593,0.999168,106.085182,424.623657,109.590981
543,5.430000,0.004908,0.008359,-0.039464,0.999174,105.987144,424.620117,109.565361
544,5.440000,0.004759,0.008074,-0.039177,0.999188,105.864532,424.613922,109.516838
545,5.450000,0.004656,0.008215,-0.039141,0.999189,105.746429,424.591034,109.489693
546,5.460000,0.004654,0.008774,-0.039583,0.999167,105.652710,424.585846,109.503235
547,5.470000,0.004843,0.009009,-0.040210,0.999139,105.544945,424.576721,109.517784
548,5.480000,0.005013,0.008997,-0.040326,0.999134,105.435730,424.552826,109.504074
549,5.490000,0.004970,0.008992,-0.040308,0.999134,105.334023,424.547424,109.485222
550,5.500000,0.005046,0.009072,-0.040215,0.999137,105.200706,424.555176,109.469910
551,5.510000,0.004997,0.008914,-0.039949,0.999149,105.093475,424.562256,109.442703
552,5.520000,0.004990,0.008495,-0.039750,0.999161,104.981972,424.561096,109.398499
553,5.530000,0.004881,0.008568,-0.039745,0.999161,104.920753,424.569397,109.366455
554,5.540000,0.004837,0.008611,-0.039670,0.999164,104.879883,424.572968,109.354759
555,5.550000,0.004868,0.008609,-0.039533,0.999169,104.856766,424.572876,109.358879
556,5.560000,0.004849,0.008629,-0.039473,0.999172,104.853020,424.575928,109.368233
557,5.570000,0.004877,0.008726,-0.039550,0.999168,104.869560,424.573822,109.371300
558,5.580000,0.004850,0.008749,-0.039549,0.999168,104.887909,424.570221,109.367088
559,5.590000,0.004847,0.008747,-0.039539,0.999168,104.905075,424.565002,109.369247
560,5.600000,0.004910,0.008781,-0.039587,0.999166,104.917580,424.561401,109.389153
561,5.610000,0.005000,0.008955,-0.039740,0.999157,104.935036,424.560486,109.431419
562,5.620000,0.005124,0.008525,-0.039181,0.999183,104.920715,424.545624,109.464561
563,5.630000,0.005152,0.008520,-0.039283,0.999179,104.909477,424.542603,109.489647
564,5.640000,0.005153,0.008514,-0.039217,0.999181,104.893730,424.532928,109.507072
565,5.650000,0.005190,0.008547,-0.039082,0.999186,104.873863,424.518524,109.526932
566,5.660000,0.005301,0.008526,-0.038734,0.999199,104.836868,424.501007,109.553558
567,5.670000,0.005363,0.008625,-0.038822,0.999195,104.813232,424.486023,109.583069
568,5.680000,0.005406,0.008666,-0.038739,0.999197,104.789642,424.469696,109.604507
569,5.690000,0.005373,0.008732,-0.038573,0.999203,104.769135,424.458099,109.613327
570,5.700000,0.005158,0.008634,-0.038481,0.999209,104.783104,424.458038,109.610168
571,5.710000,0.005060,0.008600,-0.038418,0.999212,104.772202,424.446930,109.580002
572,5.720000,0.004717,0.008941,-0.038412,0.999211,104.761391,424.403107,109.510612
573,5.730000,0.004255,0.008978,-0.037771,0.999237,104.761780,424.401337,109.436607
574,5.740000,0.004358,0.009233,-0.038007,0.999225,104.750526,424.385010,109.396187
575,5.750000,0.004160,0.009153,-0.037655,0.999240,104.749840,424.398804,109.372047
576,5.760000,0.004228,0.009015,-0.037456,0.999249,104.729431,424.376801,109.315414
577,5.770000,0.004156,0.008900,-0.037273,0.999257,104.700172,424.377930,109.264053
578,5.780000,0.004140,0.008847,-0.037211,0.999260,104.678322,424.382843,109.254379
579,5.790000,0.004162,0.008898,-0.037187,0.999260,104.665703,424.373260,109.286896
580,5.800000,0.004201,0.008879,-0.037196,0.999260,104.658379,424.368011,109.304077
581,5.810000,0.004187,0.008870,-0.037287,0.999257,104.649002,424.372162,109.306000
582,5.820000,0.004173,0.008889,-0.037135,0.999262,104.645294,424.363281,109.319283
583,5.830000,0.004166,0.008970,-0.037010,0.999266,104.654343,424.354614,109.331085
584,5.840000,0.004084,0.008912,-0.036633,0.999281,104.667641,424.355469,109.316254
585,5.850000,0.004005,0.008844,-0.036329,0.999293,104.679810,424.350708,109.281082
586,5.860000,0.003968,0.008792,-0.035998,0.999305,104.700180,424.328247,109.264542
587,5.870000,0.003951,0.008714,-0.035426,0.999327,104.734520,424.300140,109.280785
588,5.880000,0.003994,0.008377,-0.034766,0.999352,104.734230,424.262177,109.285561
589,5.890000,0.004000,0.008420,-0.034387,0.999365,104.744972,424.220795,109.303047
590,5.900000,0.004067,0.008427,-0.033953,0.999380,104.744972,424.172394,109.327332
591,5.910000,0.004153,0.008293,-0.033396,0.999399,104.756386,424.125793,109.356827
592,5.920000,0.004305,0.008201,-0.033124,0.999408,104.777153,424.080261,109.370110
593,5.930000,0.004327,0.008251,-0.032982,0.999413,104.838631,424.068726,109.383202
594,5.940000,0.004353,0.008330,-0.032946,0.999413,104.920799,424.074921,109.406120
595,5.950000,0.004327,0.008625,-0.033198,0.999402,105.037277,424.093658,109.441383
596,5.960000,0.004324,0.009211,-0.033493,0.999387,105.176437,424.083862,109.465759
597,5.970000,0.004032,0.009209,-0.033176,0.999399,105.339005,424.044128,109.481056
598,5.980000,0.004175,0.008428,-0.032010,0.999443,105.442879,423.983002,109.471939
599,5.990000,0.004356,0.008417,-0.032077,0.999440,105.594933,423.973969,109.461563
600,6.000000,0.004348,0.008352,-0.032246,0.999436,105.809212,424.019135,109.452995
601,6.010000,0.004359,0.008348,-0.032038,0.999442,106.021011,424.028564,109.477005
602,6.020000,0.004439,0.008425,-0.031678,0.999453,106.236916,423.991455,109.523582
603,6.030000,0.004536,0.008608,-0.031393,0.999460,106.479118,423.950714,109.582458
604,6.040000,0.004352,0.008713,-0.031051,0.999470,106.765266,423.947021,109.647263
605,6.050000,0.004574,0.008291,-0.030672,0.999485,107.019958,423.934265,109.686356
606,6.060000,0.004763,0.008241,-0.030622,0.999486,107.317596,423.917206,109.717567
607,6.070000,0.004760,0.008180,-0.030458,0.999491,107.675537,423.917938,109.747063
608,6.080000,0.004547,0.008146,-0.030264,0.999498,108.081100,423.934296,109.771889
609,6.090000,0.004539,0.008035,-0.030022,0.999507,108.458359,423.942444,109.767693
610,6.100000,0.004761,0.008038,-0.030321,0.999497,108.847214,423.925751,109.733360
611,6.110000,0.004782,0.007681,-0.029774,0.999516,109.247673,423.916748,109.725479
612,6.120000,0.004435,0.008389,-0.029759,0.999512,109.758430,423.922241,109.744919
613,6.130000,0.004633,0.008110,-0.029774,0.999513,110.205360,423.884583,109.756439
614,6.140000,0.004723,0.007834,-0.029489,0.999523,110.645309,423.866272,109.788841
615,6.150000,0.004686,0.008183,-0.029330,0.999525,111.195328,423.880890,109.844009
616,6.160000,0.004943,0.007660,-0.029175,0.999533,111.673584,423.873077,109.871780
617,6.170000,0.005172,0.007546,-0.028746,0.999545,112.182816,423.861755,109.905045
618,6.180000,0.004919,0.007592,-0.028829,0.999543,112.738724,423.883057,109.948799
619,6.190000,0.005145,0.007745,-0.028810,0.999542,113.262222,423.867645,109.988251
620,6.200000,0.005208,0.007392,-0.028189,0.999562,113.781914,423.829529,110.014488
621,6.210000,0.005227,0.007971,-0.028850,0.999538,114.324730,423.807281,110.040459
622,6.220000,0.005390,0.006865,-0.027585,0.999581,114.782181,423.757782,110.027962
623,6.230000,0.005080,0.007534,-0.027926,0.999569,115.352173,423.815918,110.063416
624,6.240000,0.005270,0.007354,-0.028324,0.999558,115.884399,423.835693,110.077576
625,6.250000,0.005324,0.007207,-0.027783,0.999574,116.398903,423.833710,110.102570
626,6.260000,0.005272,0.007214,-0.027701,0.999576,116.949806,423.827484,110.119041
627,6.270000,0.005342,0.007137,-0.027740,0.999575,117.453156,423.801331,110.123230
628,6.280000,0.005131,0.007356,-0.027588,0.999579,117.970947,423.792328,110.154854
629,6.290000,0.005375,0.007219,-0.027212,0.999589,118.441231,423.749542,110.178596
630,6.300000,0.005400,0.007123,-0.026978,0.999596,118.921318,423.716217,110.210648
631,6.310000,0.005396,0.007141,-0.027040,0.999594,119.398697,423.698761,110.240654
632,6.320000,0.005412,0.007108,-0.026953,0.999597,119.859291,423.679993,110.244591
633,6.330000,0.005401,0.007284,-0.026720,0.999602,120.350456,423.671204,110.271591
634,6.340000,0.005464,0.007224,-0.026647,0.999604,120.801865,423.681030,110.299347
635,6.350000,0.005405,0.007288,-0.026841,0.999599,121.298691,423.692932,110.329201
636,6.360000,0.005629,0.007108,-0.026671,0.999603,121.701454,423.682159,110.332214
637,6.370000,0.005855,0.006597,-0.026626,0.999607,122.141251,423.656952,110.334137
638,6.380000,0.005663,0.006883,-0.026512,0.999609,122.569527,423.684937,110.371712
639,6.390000,0.005730,0.006881,-0.026108,0.999619,122.990311,423.672974,110.403877
640,6.400000,0.005885,0.006801,-0.026224,0.999616,123.365662,423.643463,110.409119
641,6.410000,0.005817,0.006942,-0.026001,0.999621,123.777687,423.636719,110.434929
642,6.420000,0.005840,0.007001,-0.026188,0.999616,124.123390,423.624176,110.449554
643,6.430000,0.005710,0.007187,-0.026301,0.999612,124.502037,423.626190,110.491440
644,6.440000,0.006209,0.006590,-0.025912,0.999623,124.790604,423.566467,110.504448
645,6.450000,0.005944,0.007012,-0.025693,0.999628,125.155418,423.594086,110.572731
646,6.460000,0.005857,0.007133,-0.025717,0.999627,125.501694,423.597107,110.618042
647,6.470000,0.006082,0.007477,-0.026258,0.999609,125.812187,423.572662,110.647079
648,6.480000,0.006315,0.007297,-0.026265,0.999608,126.119751,423.540344,110.679855
649,6.490000,0.006212,0.007435,-0.026491,0.999602,126.417961,423.561493,110.713112
650,6.500000,0.006018,0.007435,-0.026030,0.999615,126.709503,423.575653,110.749657
651,6.510000,0.006054,0.007188,-0.025635,0.999627,126.985237,423.582794,110.777115
652,6.520000,0.006288,0.007034,-0.026077,0.999615,127.233711,423.572205,110.777054
653,6.530000,0.006108,0.006958,-0.025675,0.999628,127.482918,423.591064,110.781113
654,6.540000,0.006161,0.007152,-0.026036,0.999617,127.741875,423.576172,110.763771
655,6.550000,0.006197,0.007092,-0.025814,0.999622,127.929482,423.572113,110.742645
656,6.560000,0.006128,0.007664,-0.026388,0.999604,128.162140,423.580811,110.725960
657,6.570000,0.005831,0.007674,-0.025912,0.999618,128.360840,423.598633,110.724609
658,6.580000,0.005723,0.007361,-0.025725,0.999626,128.554367,423.594238,110.709206
659,6.590000,0.005714,0.007465,-0.025808,0.999623,128.747086,423.594360,110.717659
660,6.600000,0.005978,0.007237,-0.025930,0.999620,128.917313,423.562592,110.720535
661,6.610000,0.006163,0.006887,-0.025580,0.999630,129.083969,423.525360,110.728317
662,6.620000,0.006076,0.006821,-0.025002,0.999646,129.311249,423.517670,110.765778
663,6.630000,0.005881,0.007728,-0.025871,0.999618,129.590637,423.560577,110.801033
664,6.640000,0.006068,0.007470,-0.026016,0.999615,129.790466,423.560608,110.781242
665,6.650000,0.005822,0.007369,-0.025617,0.999628,130.015854,423.616699,110.787483
666,6.660000,0.005799,0.007441,-0.025943,0.999619,130.272552,423.671600,110.788055
667,6.670000,0.005739,0.007609,-0.026377,0.999607,130.537781,423.724365,110.782417
668,6.680000,0.005945,0.007473,-0.026582,0.999601,130.748169,423.725433,110.752106
669,6.690000,0.005799,0.007818,-0.027235,0.999582,131.003387,423.746429,110.728378
670,6.700000,0.005623,0.007732,-0.026872,0.999593,131.234039,423.763733,110.715500
671,6.710000,0.005574,0.007399,-0.026511,0.999606,131.473038,423.756897,110.698692
672,6.720000,0.005436,0.007317,-0.026170,0.999616,131.756058,423.774597,110.717262
673,6.730000,0.005293,0.007747,-0.026842,0.999596,132.080322,423.808319,110.726608
674,6.740000,0.005626,0.007386,-0.026811,0.999597,132.352859,423.797272,110.720123
675,6.750000,0.005712,0.007464,-0.027041,0.999590,132.672791,423.811249,110.742958
676,6.760000,0.005832,0.006739,-0.026228,0.999616,132.959122,423.798553,110.761887
677,6.770000,0.005703,0.006725,-0.026053,0.999622,133.350540,423.821930,110.778015
678,6.780000,0.005397,0.007650,-0.026999,0.999592,133.799667,423.872528,110.804924
679,6.790000,0.005662,0.007357,-0.027202,0.999587,134.143158,423.860077,110.790695
680,6.800000,0.005667,0.007664,-0.027622,0.999573,134.563156,423.881744,110.778946
681,6.810000,0.005756,0.006979,-0.026862,0.999598,134.935043,423.875580,110.772194
682,6.820000,0.005634,0.006724,-0.026533,0.999610,135.385941,423.906952,110.785378
683,6.830000,0.005647,0.007298,-0.027381,0.999582,135.881119,423.938568,110.806870
684,6.840000,0.005586,0.006765,-0.026696,0.999605,136.321198,423.926117,110.811554
685,6.850000,0.005603,0.006473,-0.026252,0.999619,136.744827,423.905396,110.825653
686,6.860000,0.005552,0.007386,-0.027261,0.999586,137.256699,423.906097,110.875389
687,6.870000,0.005761,0.006888,-0.026502,0.999608,137.729752,423.876251,110.917336
688,6.880000,0.006008,0.007466,-0.027670,0.999571,138.270020,423.885925,110.978493
689,6.890000,0.005941,0.007590,-0.027845,0.999566,138.821915,423.913147,111.027023
690,6.900000,0.005941,0.006577,-0.026522,0.999609,139.307770,423.907471,111.077644
691,6.910000,0.006247,0.006640,-0.026993,0.999594,139.863388,423.877106,111.109512
692,6.920000,0.005852,0.007870,-0.027491,0.999574,140.538254,423.903595,111.210617
693,6.930000,0.006211,0.007070,-0.027401,0.999580,141.061783,423.842529,111.238373
694,6.940000,0.005988,0.007431,-0.027118,0.999587,141.717392,423.876282,111.312546
695,6.950000,0.006440,0.006352,-0.026865,0.999598,142.299637,423.833679,111.323212
696,6.960000,0.006402,0.006970,-0.027526,0.999576,143.047882,423.878601,111.368958
697,6.970000,0.006624,0.006365,-0.027873,0.999569,143.766495,423.880524,111.450996
698,6.980000,0.006465,0.006535,-0.028150,0.999561,144.468521,423.897583,111.478409
699,6.990000,0.006727,0.006155,-0.027807,0.999572,145.108002,423.857666,111.456215
700,7.000000,0.006419,0.006689,-0.028025,0.999564,145.809402,423.881805,111.477264
701,7.010000,0.006371,0.007162,-0.028658,0.999543,146.545517,423.877991,111.502899
702,7.020000,0.006352,0.007169,-0.028497,0.999548,147.217590,423.874969,111.495262
703,7.030000,0.006424,0.006737,-0.028120,0.999561,147.892929,423.876831,111.493835
704,7.040000,0.006463,0.006794,-0.028194,0.999559,148.605499,423.877014,111.502785
705,7.050000,0.006260,0.006679,-0.027973,0.999567,149.332291,423.893890,111.506241
706,7.060000,0.006000,0.006975,-0.027974,0.999566,150.109894,423.915710,111.516228
707,7.070000,0.005760,0.007411,-0.028121,0.999561,150.875900,423.921570,111.528854
708,7.080000,0.006081,0.007298,-0.028569,0.999547,151.580536,423.882355,111.514999
709,7.090000,0.006257,0.006929,-0.028334,0.999555,152.338730,423.866119,111.507751
710,7.100000,0.005933,0.007312,-0.028711,0.999543,153.148651,423.898590,111.520058
711,7.110000,0.006052,0.007470,-0.028827,0.999538,153.885361,423.887939,111.506027
712,7.120000,0.006118,0.007059,-0.028338,0.999555,154.590591,423.881989,111.503731
713,7.130000,0.006118,0.007294,-0.028568,0.999547,155.373962,423.874146,111.528511
714,7.140000,0.006048,0.007428,-0.028633,0.999544,156.139587,423.875641,111.554573
715,7.150000,0.006132,0.007225,-0.028379,0.999552,156.842361,423.860443,111.566383
716,7.160000,0.006008,0.007121,-0.028183,0.999559,157.575363,423.865906,111.595642
717,7.170000,0.005864,0.008291,-0.030394,0.999486,158.309647,423.910675,111.648979
718,7.180000,0.005654,0.008597,-0.030761,0.999474,159.033966,423.950531,111.695610
719,7.190000,0.006146,0.009170,-0.032888,0.999398,159.747391,423.926300,111.739365
720,7.200000,0.006043,0.009007,-0.032348,0.999418,160.393280,423.930695,111.758820
721,7.210000,0.006220,0.008972,-0.032504,0.999412,161.000122,423.906189,111.745651
722,7.220000,0.005714,0.009619,-0.032539,0.999408,161.683212,423.960632,111.764648
723,7.230000,0.006123,0.008865,-0.032400,0.999417,162.210602,423.912750,111.728699
724,7.240000,0.005943,0.009493,-0.033257,0.999384,162.840103,423.939514,111.736198
725,7.250000,0.006263,0.008296,-0.032023,0.999433,163.312698,423.891602,111.714561
726,7.260000,0.005713,0.010220,-0.033319,0.999376,164.006882,423.958221,111.784904
727,7.270000,0.006002,0.009737,-0.033593,0.999370,164.495316,423.926483,111.779343
728,7.280000,0.006121,0.008656,-0.032253,0.999424,164.947891,423.879974,111.785080
729,7.290000,0.005669,0.009402,-0.032557,0.999410,165.492355,423.922668,111.836601
730,7.300000,0.004830,0.014464,-0.046485,0.998803,165.893799,424.096771,111.923111
731,7.310000,0.004351,0.015258,-0.046999,0.998769,166.397690,424.137604,111.958603
732,7.320000,0.003911,0.016046,-0.047117,0.998753,166.912659,424.201843,111.962006
733,7.330000,0.004154,0.015864,-0.046968,0.998762,167.274017,424.195038,111.924194
734,7.340000,0.004413,0.015166,-0.046753,0.998782,167.593140,424.167938,111.886620
735,7.350000,0.004222,0.014986,-0.046495,0.998797,167.911713,424.186859,111.880440
736,7.360000,0.004160,0.015616,-0.047249,0.998752,168.281555,424.201538,111.868698
737,7.370000,0.004174,0.016098,-0.047881,0.998715,168.572983,424.192047,111.865112
738,7.380000,0.004413,0.015141,-0.046813,0.998779,168.747681,424.128510,111.836243
739,7.390000,0.004091,0.014945,-0.046247,0.998810,168.985123,424.127045,111.843163
740,7.400000,0.003963,0.015193,-0.046481,0.998796,169.198364,424.128845,111.842064
741,7.410000,0.004258,0.014448,-0.045282,0.998861,169.340912,424.101318,111.802917
742,7.420000,0.004177,0.015021,-0.045833,0.998828,169.524979,424.126556,111.794830
743,7.430000,0.003892,0.015973,-0.047312,0.998745,169.701965,424.182404,111.788994
744,7.440000,0.003880,0.016161,-0.047545,0.998731,169.809006,424.177429,111.779358
745,7.450000,0.004244,0.013902,-0.045910,0.998840,169.883179,424.148376,111.799225
746,7.460000,0.004281,0.013551,-0.045538,0.998862,169.934662,424.135406,111.807541
747,7.470000,0.004284,0.013480,-0.045403,0.998869,169.962448,424.125977,111.823219
748,7.480000,0.004612,0.012388,-0.044188,0.998936,169.912079,424.065277,111.820602
749,7.490000,0.004577,0.012615,-0.044358,0.998926,169.910507,424.066467,111.849052
750,7.500000,0.004268,0.013394,-0.045379,0.998871,169.907318,424.106323,111.880432
751,7.510000,0.004620,0.012781,-0.044426,0.998920,169.832504,424.040405,111.896851
752,7.520000,0.004639,0.012661,-0.043949,0.998943,169.797012,424.019714,111.939781
753,7.530000,0.004810,0.011944,-0.043171,0.998985,169.725494,423.983459,111.965408
754,7.540000,0.004907,0.011694,-0.043073,0.998992,169.715759,423.979889,111.999832
755,7.550000,0.004822,0.012777,-0.044276,0.998926,169.800903,424.018524,112.054352
756,7.560000,0.004999,0.011824,-0.043430,0.998974,169.773804,423.994263,112.061600
757,7.570000,0.005001,0.011598,-0.043021,0.998994,169.800949,423.978516,112.077980
758,7.580000,0.004962,0.011563,-0.042903,0.999000,169.838287,423.962616,112.088608
759,7.590000,0.004649,0.011518,-0.042331,0.999026,169.899918,423.959534,112.104713
760,7.600000,0.004578,0.011350,-0.042062,0.999040,169.942886,423.947723,112.103294
761,7.610000,0.004550,0.011395,-0.042087,0.999039,169.996506,423.938263,112.104950
762,7.620000,0.004482,0.011508,-0.042166,0.999034,170.050110,423.932953,112.100731
763,7.630000,0.004505,0.012465,-0.043574,0.998962,170.145676,423.927063,112.098770
764,7.640000,0.004586,0.011747,-0.042714,0.999008,170.140549,423.892273,112.080574
765,7.650000,0.004666,0.011716,-0.042769,0.999005,170.167435,423.875214,112.067772
766,7.660000,0.004233,0.013266,-0.044578,0.998909,170.291199,423.938080,112.084587
767,7.670000,0.004263,0.013043,-0.044332,0.998923,170.299881,423.921509,112.077644
768,7.680000,0.004252,0.012948,-0.044192,0.998930,170.308899,423.905945,112.075020
769,7.690000,0.004214,0.012930,-0.044076,0.998936,170.301620,423.885437,112.073502
770,7.700000,0.004264,0.012880,-0.044116,0.998934,170.258499,423.845215,112.063019
771,7.710000,0.004317,0.012881,-0.043957,0.998941,170.191299,423.795410,112.061722
772,7.720000,0.004309,0.012644,-0.043527,0.998963,170.103912,423.748627,112.063843
773,7.730000,0.004082,0.013500,-0.045213,0.998878,170.009750,423.742676,112.094910
774,7.740000,0.004135,0.013558,-0.044871,0.998892,169.920837,423.722382,112.117973
775,7.750000,0.004112,0.013513,-0.044633,0.998904,169.849121,423.701630,112.137367
776,7.760000,0.004035,0.013401,-0.044219,0.998924,169.776001,423.668152,112.153114
777,7.770000,0.003904,0.013236,-0.043779,0.998946,169.702209,423.627136,112.160660
778,7.780000,0.003903,0.012646,-0.042934,0.998990,169.609955,423.561127,112.172188
779,7.790000,0.004250,0.010942,-0.040790,0.999099,169.456406,423.428650,112.161247
780,7.800000,0.004089,0.010683,-0.039844,0.999141,169.424515,423.374756,112.197571
781,7.810000,0.004091,0.010024,-0.038723,0.999191,169.356400,423.318420,112.214714
782,7.820000,0.004066,0.010205,-0.039055,0.999177,169.333282,423.288452,112.250961
783,7.830000,0.004073,0.010311,-0.039031,0.999177,169.332199,423.260590,112.307121
784,7.840000,0.004088,0.010539,-0.039224,0.999167,169.339294,423.239441,112.354027
785,7.850000,0.004052,0.010508,-0.039093,0.999172,169.332901,423.230835,112.373848
786,7.860000,0.004051,0.010396,-0.038959,0.999179,169.320007,423.218384,112.383911
787,7.870000,0.004042,0.010353,-0.038840,0.999184,169.303223,423.201782,112.386757
788,7.880000,0.003992,0.010372,-0.038750,0.999187,169.286011,423.187927,112.381691
789,7.890000,0.003932,0.010502,-0.038812,0.999184,169.266769,423.173248,112.369720
790,7.900000,0.003918,0.010489,-0.038728,0.999187,169.255295,423.159576,112.367409
791,7.910000,0.003908,0.010529,-0.038697,0.999188,169.245911,423.149200,112.369621
792,7.920000,0.003892,0.010600,-0.038764,0.999185,169.245834,423.145416,112.372284
793,7.930000,0.004194,0.010728,-0.039559,0.999151,169.214874,423.121338,112.348183
794,7.940000,0.003936,0.010606,-0.038884,0.999180,169.232880,423.131989,112.361046
795,7.950000,0.003830,0.010588,-0.038718,0.999187,169.238922,423.133636,112.366089
796,7.960000,0.004221,0.010706,-0.039520,0.999153,169.221741,423.110352,112.354080
797,7.970000,0.004182,0.010774,-0.039606,0.999149,169.227310,423.108643,112.352486
798,7.980000,0.004195,0.010781,-0.039628,0.999148,169.235046,423.112396,112.351578
799,7.990000,0.004208,0.010780,-0.039610,0.999148,169.235504,423.111389,112.354187
800,8.000000,0.004211,0.010731,-0.039535,0.999152,169.229630,423.108643,112.353622
801,8.010000,0.004171,0.010666,-0.039472,0.999155,169.214600,423.104553,112.345253
802,8.020000,0.004161,0.010652,-0.039428,0.999157,169.203247,423.098267,112.341629
803,8.030000,0.004153,0.010664,-0.039377,0.999159,169.195923,423.092377,112.341682
804,8.040000,0.004155,0.010723,-0.039422,0.999156,169.191788,423.090332,112.346115
805,8.050000,0.004153,0.010738,-0.039426,0.999156,169.188980,423.088654,112.349571
806,8.060000,0.004160,0.010663,-0.039296,0.999162,169.183441,423.085327,112.350914
807,8.070000,0.004165,0.010639,-0.039256,0.999164,169.181320,423.081085,112.352737
808,8.080000,0.004161,0.010664,-0.039296,0.999162,169.185257,423.079620,112.354729
809,8.090000,0.004157,0.010672,-0.039304,0.999162,169.191650,423.077698,112.351601
810,8.100000,0.004150,0.010668,-0.039283,0.999163,169.199310,423.078827,112.350075
811,8.110000,0.004146,0.010698,-0.039337,0.999160,169.206894,423.083038,112.352028
812,8.120000,0.004138,0.010733,-0.039358,0.999159,169.212280,423.085358,112.352943
813,8.130000,0.004139,0.010681,-0.039299,0.999162,169.209915,423.083771,112.352097
814,8.140000,0.004140,0.010687,-0.039305,0.999162,169.207275,423.081848,112.351021
815,8.150000,0.004131,0.010710,-0.039328,0.999160,169.200790,423.078857,112.350517
816,8.160000,0.004143,0.010656,-0.039247,0.999164,169.191620,423.073608,112.349754
817,8.170000,0.004143,0.010675,-0.039282,0.999163,169.185257,423.072144,112.350876
818,8.180000,0.004140,0.010713,-0.039313,0.999161,169.181046,423.071930,112.353325
819,8.190000,0.003830,0.011705,-0.040442,0.999106,169.233948,423.121613,112.376617
820,8.200000,0.004085,0.010900,-0.039492,0.999152,169.186356,423.077209,112.358841
821,8.210000,0.004114,0.010739,-0.039297,0.999161,169.176743,423.070801,112.353394
822,8.220000,0.004112,0.010713,-0.039261,0.999163,169.179138,423.069519,112.350571
823,8.230000,0.004115,0.010741,-0.039306,0.999161,169.185333,423.069061,112.351379
824,8.240000,0.004124,0.010680,-0.039221,0.999165,169.185608,423.066284,112.351532
825,8.250000,0.003819,0.011696,-0.040374,0.999109,169.247604,423.118652,112.376099
826,8.260000,0.004132,0.010717,-0.039261,0.999163,169.196121,423.068298,112.356003
827,8.270000,0.004162,0.010615,-0.039167,0.999168,169.190643,423.064941,112.355743
828,8.280000,0.004158,0.010626,-0.039152,0.999168,169.188721,423.063751,112.356628
829,8.290000,0.004139,0.010700,-0.039215,0.999165,169.188171,423.062561,112.357933
830,8.300000,0.004135,0.010724,-0.039181,0.999166,169.183060,423.058319,112.360291
831,8.310000,0.003819,0.011682,-0.040326,0.999111,169.233170,423.111176,112.379852
832,8.320000,0.004130,0.010726,-0.039221,0.999165,169.175476,423.059479,112.357841
833,8.330000,0.004153,0.010635,-0.039122,0.999169,169.170074,423.055756,112.355713
834,8.340000,0.004155,0.010605,-0.039094,0.999171,169.168243,423.054840,112.354118
835,8.350000,0.004131,0.010674,-0.039168,0.999167,169.173325,423.057007,112.352402
836,8.360000,0.003813,0.011702,-0.040324,0.999111,169.229462,423.107452,112.375336
837,8.370000,0.004059,0.010894,-0.039379,0.999157,169.186264,423.065033,112.357330
838,8.380000,0.004097,0.010757,-0.039252,0.999163,169.183792,423.060913,112.354630
839,8.390000,0.003804,0.011708,-0.040359,0.999109,169.235733,423.109985,112.377602
840,8.400000,0.003803,0.011733,-0.040393,0.999108,169.234787,423.110931,112.378822
841,8.410000,0.003797,0.011740,-0.040385,0.999108,169.232742,423.109985,112.378716
842,8.420000,0.003793,0.011754,-0.040428,0.999106,169.230316,423.110626,112.378151
843,8.430000,0.004080,0.010912,-0.039421,0.999155,169.181503,423.061676,112.360245
844,8.440000,0.003835,0.011622,-0.040261,0.999114,169.218613,423.100281,112.377342
845,8.450000,0.003790,0.011773,-0.040391,0.999107,169.223511,423.105560,112.384140
846,8.460000,0.004083,0.010884,-0.039323,0.999159,169.176147,423.055573,112.365486
847,8.470000,0.003838,0.011597,-0.040171,0.999118,169.221252,423.097961,112.378532
848,8.480000,0.003789,0.011759,-0.040378,0.999108,169.228821,423.105988,112.381401
849,8.490000,0.003793,0.011741,-0.040382,0.999108,169.230392,423.106781,112.377342
850,8.500000,0.004075,0.010913,-0.039358,0.999157,169.183685,423.057220,112.359825
851,8.510000,0.003837,0.011591,-0.040163,0.999119,169.223068,423.096375,112.373573
852,8.520000,0.003788,0.011759,-0.040373,0.999108,169.224869,423.103333,112.379234
853,8.530000,0.004085,0.010824,-0.039223,0.999164,169.171387,423.052948,112.359413
854,8.540000,0.004115,0.010732,-0.039121,0.999168,169.161652,423.046387,112.357063
855,8.550000,0.004114,0.010722,-0.039110,0.999169,169.157883,423.045410,112.356384
856,8.560000,0.003794,0.011700,-0.040289,0.999112,169.215210,423.099365,112.375755
857,8.570000,0.003788,0.011746,-0.040312,0.999111,169.216736,423.100037,112.379539
858,8.580000,0.004075,0.010902,-0.039303,0.999160,169.172653,423.051178,112.362762
859,8.590000,0.003843,0.011578,-0.040079,0.999122,169.213379,423.090118,112.378815
860,8.600000,0.003793,0.011744,-0.040287,0.999112,169.224213,423.099731,112.381813
861,8.610000,0.003789,0.011730,-0.040282,0.999112,169.226379,423.100159,112.380615
862,8.620000,0.003788,0.011713,-0.040235,0.999114,169.226791,423.099976,112.379868
863,8.630000,0.003783,0.011748,-0.040291,0.999112,169.226974,423.100098,112.379684
864,8.640000,0.003784,0.011725,-0.040274,0.999113,169.223694,423.098724,112.380203
865,8.650000,0.003790,0.011733,-0.040272,0.999113,169.221497,423.097168,112.381058
866,8.660000,0.003788,0.011734,-0.040262,0.999113,169.217041,423.096344,112.381706
867,8.670000,0.003792,0.011726,-0.040255,0.999114,169.212814,423.095032,112.381454
868,8.680000,0.003789,0.011720,-0.040234,0.999114,169.208344,423.093140,112.380478
869,8.690000,0.003787,0.011706,-0.040220,0.999115,169.207047,423.092316,112.379433
870,8.700000,0.003790,0.011705,-0.040186,0.999116,169.207672,423.091461,112.378662
871,8.710000,0.003788,0.011702,-0.040204,0.999116,169.209671,423.092407,112.379013
872,8.720000,0.003785,0.011702,-0.040206,0.999116,169.211426,423.092926,112.379166
873,8.730000,0.003791,0.011661,-0.040156,0.999118,169.212265,423.092041,112.378777
874,8.740000,0.003791,0.011655,-0.040144,0.999119,169.215317,423.091461,112.377678
875,8.750000,0.003782,0.011703,-0.040248,0.999114,169.218933,423.095184,112.379128
876,8.760000,0.003785,0.011701,-0.040233,0.999115,169.221176,423.096497,112.379990
877,8.770000,0.003785,0.011693,-0.040215,0.999116,169.223892,423.095123,112.381859
878,8.780000,0.003787,0.011682,-0.040167,0.999118,169.223404,423.092621,112.384979
879,8.790000,0.003791,0.011703,-0.040195,0.999116,169.220917,423.091461,112.386230
880,8.800000,0.003786,0.011712,-0.040201,0.999116,169.214569,423.090027,112.385063
881,8.810000,0.003781,0.011690,-0.040168,0.999117,169.211212,423.089966,112.382683
882,8.820000,0.003777,0.011715,-0.040223,0.999115,169.207489,423.090820,112.382889
883,8.830000,0.003783,0.011686,-0.040185,0.999117,169.205200,423.089142,112.383514
884,8.840000,0.003782,0.011690,-0.040179,0.999117,169.203888,423.086884,112.386124
885,8.850000,0.003790,0.011654,-0.040124,0.999120,169.200623,423.082855,112.386780
886,8.860000,0.003794,0.011639,-0.040103,0.999121,169.199295,423.081665,112.387260
887,8.870000,0.003791,0.011660,-0.040196,0.999117,169.201645,423.082794,112.387383
888,8.880000,0.003787,0.011641,-0.040140,0.999119,169.201935,423.082367,112.385101
889,8.890000,0.003783,0.011647,-0.040132,0.999119,169.200562,423.082550,112.381744
890,8.900000,0.003776,0.011684,-0.040156,0.999118,169.206177,423.086273,112.381371
891,8.910000,0.003773,0.011693,-0.040220,0.999115,169.212250,423.086548,112.383820
892,8.920000,0.003768,0.011698,-0.040182,0.999117,169.212326,423.087250,112.384575
893,8.930000,0.003775,0.011691,-0.040218,0.999115,169.215302,423.087982,112.387573
894,8.940000,0.003778,0.011640,-0.040162,0.999118,169.216278,423.086823,112.389153
895,8.950000,0.003781,0.011629,-0.040134,0.999120,169.217926,423.085358,112.392052
896,8.960000,0.003787,0.011639,-0.040126,0.999120,169.215881,423.085449,112.393913
897,8.970000,0.003790,0.011634,-0.040142,0.999119,169.218628,423.085327,112.396744
898,8.980000,0.003791,0.011636,-0.040141,0.999119,169.215729,423.083160,112.397903
899,8.990000,0.003790,0.011646,-0.040118,0.999120,169.208588,423.082184,112.396599
900,9.000000,0.003791,0.011664,-0.040135,0.999119,169.201111,423.081268,112.393295
901,9.010000,0.003783,0.011621,-0.040104,0.999121,169.194305,423.076843,112.389229
902,9.020000,0.003784,0.011633,-0.040084,0.999121,169.186707,423.075806,112.384781
903,9.030000,0.003774,0.011627,-0.040071,0.999122,169.183746,423.076080,112.382652
904,9.040000,0.003771,0.011609,-0.040040,0.999124,169.185776,423.076080,112.384499
905,9.050000,0.003768,0.011613,-0.040068,0.999122,169.188232,423.076660,112.386856
906,9.060000,0.003775,0.011625,-0.040113,0.999120,169.193817,423.076752,112.390457
907,9.070000,0.003776,0.011605,-0.040075,0.999122,169.203049,423.076172,112.392952
908,9.080000,0.003778,0.011594,-0.040060,0.999123,169.213913,423.078888,112.393990
909,9.090000,0.003774,0.011624,-0.040174,0.999118,169.223740,423.083618,112.393883
910,9.100000,0.003771,0.011596,-0.040095,0.999121,169.231537,423.085846,112.395195
911,9.110000,0.003775,0.011584,-0.040072,0.999123,169.234985,423.085602,112.395416
912,9.120000,0.003774,0.011591,-0.040066,0.999123,169.233185,423.084869,112.397255
913,9.130000,0.003782,0.011592,-0.040095,0.999121,169.225143,423.082764,112.397545
914,9.140000,0.003785,0.011565,-0.040043,0.999124,169.211197,423.076508,112.397919
915,9.150000,0.003795,0.011571,-0.040037,0.999124,169.198227,423.072388,112.397682
916,9.160000,0.003795,0.011549,-0.039987,0.999126,169.181061,423.067200,112.397484
917,9.170000,0.003786,0.011561,-0.039972,0.999127,169.169312,423.064880,112.397240
918,9.180000,0.003779,0.011515,-0.039944,0.999128,169.159210,423.062622,112.399223
919,9.190000,0.003779,0.011590,-0.040035,0.999124,169.163879,423.065796,112.395752
920,9.200000,0.003774,0.011644,-0.040082,0.999121,169.169418,423.069611,112.392159
921,9.210000,0.003770,0.011611,-0.040083,0.999122,169.179565,423.070343,112.390190
922,9.220000,0.003770,0.011563,-0.039977,0.999127,169.191177,423.070465,112.387085
923,9.230000,0.003765,0.011587,-0.040051,0.999123,169.204590,423.074066,112.386940
924,9.240000,0.003772,0.011586,-0.040068,0.999123,169.220062,423.079224,112.389091
925,9.250000,0.003771,0.011598,-0.040090,0.999122,169.230331,423.082031,112.392502
926,9.260000,0.003776,0.011583,-0.040079,0.999122,169.235275,423.082886,112.396805
927,9.270000,0.003770,0.011562,-0.040006,0.999125,169.231796,423.079315,112.400307
928,9.280000,0.003782,0.011564,-0.040001,0.999126,169.225052,423.078033,112.403259
929,9.290000,0.003774,0.011558,-0.039972,0.999127,169.212830,423.073669,112.403954
930,9.300000,0.003774,0.011553,-0.039958,0.999127,169.201477,423.071014,112.404617
931,9.310000,0.003782,0.011521,-0.039914,0.999130,169.187012,423.067322,112.403564
932,9.320000,0.003789,0.011465,-0.039851,0.999133,169.173813,423.064331,112.404160
933,9.330000,0.003781,0.011562,-0.039934,0.999128,169.170822,423.065796,112.398964
934,9.340000,0.003783,0.011545,-0.039934,0.999129,169.174240,423.064362,112.397118
935,9.350000,0.003782,0.011563,-0.039973,0.999127,169.178558,423.064301,112.394638
936,9.360000,0.003782,0.011562,-0.040001,0.999126,169.185333,423.064941,112.392181
937,9.370000,0.003781,0.011564,-0.040008,0.999125,169.191650,423.066742,112.391113
938,9.380000,0.003778,0.011550,-0.039987,0.999126,169.199951,423.069336,112.389496
939,9.390000,0.003776,0.011588,-0.040050,0.999123,169.207611,423.074371,112.392799
940,9.400000,0.003772,0.011573,-0.040020,0.999125,169.209183,423.072998,112.393700
941,9.410000,0.003769,0.011561,-0.039996,0.999126,169.210464,423.072205,112.397591
942,9.420000,0.003764,0.011572,-0.039986,0.999126,169.211380,423.071655,112.400635
943,9.430000,0.003763,0.011560,-0.039981,0.999126,169.209442,423.070801,112.403709
944,9.440000,0.003773,0.011552,-0.039976,0.999127,169.206985,423.071289,112.405434
945,9.450000,0.003774,0.011558,-0.039992,0.999126,169.202652,423.068878,112.404663
946,9.460000,0.003773,0.011538,-0.039913,0.999129,169.202057,423.066833,112.402435
947,9.470000,0.003771,0.011551,-0.039952,0.999128,169.199265,423.067505,112.399712
948,9.480000,0.003778,0.011550,-0.039970,0.999127,169.197495,423.067810,112.396790
949,9.490000,0.003778,0.011529,-0.039905,0.999130,169.194519,423.066711,112.394691
950,9.500000,0.003779,0.011556,-0.039936,0.999128,169.190979,423.064880,112.395142
951,9.510000,0.003781,0.011582,-0.039982,0.999126,169.185455,423.062439,112.396141
952,9.520000,0.003783,0.011554,-0.039954,0.999128,169.180908,423.061340,112.397957
953,9.530000,0.003783,0.011490,-0.039886,0.999131,169.173874,423.059631,112.401382
954,9.540000,0.003789,0.011503,-0.039839,0.999133,169.177048,423.059113,112.401230
955,9.550000,0.003785,0.011575,-0.040009,0.999125,169.180923,423.062897,112.402611
956,9.560000,0.003772,0.011584,-0.039986,0.999126,169.187927,423.063141,112.403076
957,9.570000,0.003762,0.011589,-0.039962,0.999127,169.197220,423.065430,112.401947
958,9.580000,0.003755,0.011628,-0.040088,0.999121,169.207336,423.070923,112.399948
959,9.590000,0.003757,0.011585,-0.040005,0.999125,169.212967,423.070862,112.396965
960,9.600000,0.003756,0.011541,-0.039928,0.999129,169.217560,423.071014,112.394341
961,9.610000,0.003755,0.011573,-0.039993,0.999126,169.220047,423.071075,112.394112
962,9.620000,0.003752,0.011568,-0.039960,0.999127,169.217407,423.070496,112.395615
963,9.630000,0.003766,0.011561,-0.039964,0.999127,169.210846,423.069794,112.396706
964,9.640000,0.003770,0.011546,-0.039924,0.999129,169.202271,423.067078,112.399490
965,9.650000,0.003790,0.011515,-0.039848,0.999132,169.189529,423.061157,112.401405
966,9.660000,0.003791,0.011553,-0.039952,0.999128,169.175735,423.059021,112.403000
967,9.670000,0.003804,0.011423,-0.039721,0.999138,169.163956,423.051575,112.404442
968,9.680000,0.003689,0.011460,-0.039677,0.999140,169.165436,423.058807,112.410774
969,9.690000,0.003783,0.011477,-0.039737,0.999137,169.165070,423.053925,112.400650
970,9.700000,0.003779,0.011543,-0.039907,0.999130,169.169617,423.059296,112.399544
971,9.710000,0.003771,0.011555,-0.039923,0.999129,169.177322,423.060425,112.399605
972,9.720000,0.003760,0.011551,-0.039892,0.999130,169.189713,423.062714,112.400162
973,9.730000,0.003765,0.011563,-0.039975,0.999127,169.201935,423.066284,112.399773
974,9.740000,0.003763,0.011568,-0.039977,0.999127,169.213104,423.068237,112.399857
975,9.750000,0.003764,0.011555,-0.039963,0.999127,169.221939,423.071381,112.399048
976,9.760000,0.003762,0.011551,-0.039946,0.999128,169.226807,423.071991,112.398849
977,9.770000,0.003758,0.011542,-0.039939,0.999128,169.224640,423.071320,112.397308
978,9.780000,0.003757,0.011533,-0.039925,0.999129,169.219437,423.070709,112.396019
979,9.790000,0.003767,0.011562,-0.039976,0.999127,169.207794,423.068237,112.396309
980,9.800000,0.003761,0.011546,-0.039922,0.999129,169.195084,423.064636,112.396111
981,9.810000,0.003763,0.011524,-0.039875,0.999131,169.179626,423.058472,112.395874
982,9.820000,0.003768,0.011532,-0.039914,0.999129,169.167252,423.056488,112.398125
983,9.830000,0.003774,0.011466,-0.039856,0.999133,169.154129,423.053131,112.402412
984,9.840000,0.003690,0.011419,-0.039593,0.999144,169.159668,423.055420,112.413322
985,9.850000,0.003678,0.011413,-0.039539,0.999146,169.161728,423.054565,112.415604
986,9.860000,0.003789,0.011377,-0.039636,0.999142,169.160797,423.047607,112.406227
987,9.870000,0.003792,0.011384,-0.039664,0.999141,169.169571,423.049255,112.403214
988,9.880000,0.003773,0.011476,-0.039783,0.999135,169.186081,423.056122,112.399292
989,9.890000,0.003772,0.011491,-0.039785,0.999135,169.198120,423.058655,112.398735
990,9.900000,0.003750,0.011570,-0.039927,0.999129,169.208435,423.065155,112.399300
991,9.910000,0.003740,0.011590,-0.039979,0.999126,169.213806,423.067596,112.399895
992,9.920000,0.003743,0.011598,-0.040004,0.999125,169.214890,423.069397,112.400970
993,9.930000,0.003754,0.011599,-0.039987,0.999126,169.211929,423.069489,112.402138
994,9.940000,0.003753,0.011548,-0.039913,0.999129,169.202621,423.064331,112.401451
995,9.950000,0.003754,0.011525,-0.039882,0.999131,169.192337,423.060394,112.401482
996,9.960000,0.003758,0.011555,-0.039926,0.999129,169.182785,423.058563,112.401840
997,9.970000,0.003750,0.011576,-0.039943,0.999128,169.177795,423.057648,112.400497
998,9.980000,0.003769,0.011578,-0.039978,0.999126,169.173828,423.057861,112.400505
999,9.990000,0.003778,0.011473,-0.039819,0.999134,169.166260,423.053619,112.400665
1000,10.000000,0.003784,0.011516,-0.039863,0.999132,169.168610,423.052368,112.399284
1001,10.010000,0.003765,0.011585,-0.039972,0.999126,169.170654,423.055267,112.400902
1002,10.020000,0.003779,0.011509,-0.039839,0.999133,169.172256,423.052429,112.401360
1003,10.030000,0.003783,0.011434,-0.039756,0.999137,169.170807,423.050659,112.405899
1004,10.040000,0.003783,0.011490,-0.039803,0.999134,169.178268,423.052216,112.407433
1005,10.050000,0.003676,0.011437,-0.039639,0.999142,169.185944,423.059204,112.417206
1006,10.060000,0.003762,0.011459,-0.039728,0.999138,169.188232,423.055786,112.409111
1007,10.070000,0.003756,0.011520,-0.039879,0.999131,169.193481,423.060425,112.406235
1008,10.080000,0.003749,0.011515,-0.039854,0.999132,169.197891,423.061218,112.405098
1009,10.090000,0.003734,0.011556,-0.039905,0.999130,169.199951,423.062592,112.401451
1010,10.100000,0.003747,0.011531,-0.039863,0.999132,169.199570,423.060699,112.399536
1011,10.110000,0.003742,0.011540,-0.039873,0.999131,169.198212,423.060699,112.397141
1012,10.120000,0.003746,0.011579,-0.039920,0.999129,169.193893,423.061646,112.398209
1013,10.130000,0.003753,0.011548,-0.039872,0.999131,169.187851,423.059082,112.398911
1014,10.140000,0.003774,0.011425,-0.039672,0.999140,169.174957,423.051422,112.402412
1015,10.150000,0.003771,0.011543,-0.039858,0.999132,169.170425,423.052063,112.403938
1016,10.160000,0.003787,0.011477,-0.039727,0.999138,169.162094,423.047150,112.405609
1017,10.170000,0.003787,0.011495,-0.039791,0.999135,169.158813,423.047577,112.406708
1018,10.180000,0.003688,0.011486,-0.039618,0.999142,169.164154,423.053284,112.415497
1019,10.190000,0.003676,0.011411,-0.039502,0.999148,169.165298,423.052368,112.417061
1020,10.200000,0.003671,0.011408,-0.039511,0.999147,169.170883,423.053314,112.417183
1021,10.210000,0.003774,0.011516,-0.039802,0.999134,169.181473,423.053101,112.404945
1022,10.220000,0.003758,0.011573,-0.039923,0.999129,169.191010,423.058594,112.404533
1023,10.230000,0.003759,0.011576,-0.039939,0.999128,169.198532,423.059967,112.403877
1024,10.240000,0.003752,0.011557,-0.039896,0.999130,169.202621,423.060486,112.403008
1025,10.250000,0.003755,0.011557,-0.039899,0.999130,169.204056,423.060730,112.403458
1026,10.260000,0.003752,0.011531,-0.039870,0.999131,169.203125,423.060089,112.402924
1027,10.270000,0.003752,0.011558,-0.039888,0.999130,169.199646,423.059418,112.402664
1028,10.280000,0.003750,0.011543,-0.039869,0.999131,169.193573,423.058472,112.402817
1029,10.290000,0.003748,0.011596,-0.039946,0.999128,169.184067,423.056396,112.402374
1030,10.300000,0.003765,0.011504,-0.039773,0.999135,169.173920,423.050446,112.399841
1031,10.310000,0.003762,0.011512,-0.039848,0.999132,169.163223,423.049469,112.401840
1032,10.320000,0.003762,0.011553,-0.039872,0.999131,169.164398,423.051239,112.401276
1033,10.330000,0.003763,0.011494,-0.039827,0.999133,169.161575,423.049133,112.404953
1034,10.340000,0.003762,0.011569,-0.039909,0.999129,169.168259,423.050140,112.404137
1035,10.350000,0.003767,0.011488,-0.039799,0.999135,169.170563,423.050018,112.406136
1036,10.360000,0.003770,0.011492,-0.039759,0.999136,169.180542,423.050323,112.404640
1037,10.370000,0.003767,0.011451,-0.039781,0.999136,169.183212,423.051819,112.405991
1038,10.380000,0.003756,0.011522,-0.039837,0.999133,169.196304,423.056366,112.405464
1039,10.390000,0.003764,0.011520,-0.039850,0.999132,169.200165,423.056519,112.404503
1040,10.400000,0.003772,0.011522,-0.039835,0.999133,169.202728,423.054962,112.404404
1041,10.410000,0.003779,0.011514,-0.039846,0.999132,169.199844,423.054230,112.403816
1042,10.420000,0.003762,0.011536,-0.039887,0.999131,169.191528,423.056610,112.403709
1043,10.430000,0.003775,0.011384,-0.039661,0.999141,169.180588,423.050629,112.404938
1044,10.440000,0.003773,0.011451,-0.039710,0.999139,169.176498,423.047974,112.404724
1045,10.450000,0.003786,0.011377,-0.039652,0.999142,169.164337,423.043549,112.408600
1046,10.460000,0.003687,0.011370,-0.039492,0.999148,169.167313,423.049316,112.417953
1047,10.470000,0.003671,0.011418,-0.039495,0.999148,169.170151,423.049591,112.416061
1048,10.480000,0.003667,0.011364,-0.039461,0.999150,169.167892,423.048462,112.418175
1049,10.490000,0.003672,0.011348,-0.039442,0.999151,169.170410,423.049011,112.416710
1050,10.500000,0.003770,0.011511,-0.039837,0.999133,169.174866,423.047852,112.405975
1051,10.510000,0.003782,0.011421,-0.039744,0.999138,169.176300,423.047211,112.407524
1052,10.520000,0.003762,0.011551,-0.039938,0.999128,169.189728,423.055267,112.408699
1053,10.530000,0.003659,0.011539,-0.039747,0.999136,169.201401,423.060791,112.418594
1054,10.540000,0.003737,0.011537,-0.039880,0.999131,169.196762,423.055359,112.412842
1055,10.550000,0.003651,0.011532,-0.039779,0.999135,169.201248,423.060822,112.419235
1056,10.560000,0.003751,0.011522,-0.039900,0.999130,169.193375,423.054352,112.410591
1057,10.570000,0.003748,0.011528,-0.039917,0.999129,169.189728,423.054504,112.406944
1058,10.580000,0.003764,0.011486,-0.039818,0.999134,169.184784,423.049927,112.404015
1059,10.590000,0.003772,0.011483,-0.039784,0.999135,169.180695,423.048645,112.401794
1060,10.600000,0.003762,0.011501,-0.039804,0.999134,169.172913,423.046600,112.401123
1061,10.610000,0.003768,0.011519,-0.039834,0.999133,169.167068,423.045380,112.400795
1062,10.620000,0.003780,0.011433,-0.039739,0.999138,169.155945,423.042633,112.403198
1063,10.630000,0.003685,0.011414,-0.039557,0.999145,169.156204,423.045044,112.413513
1064,10.640000,0.003672,0.011406,-0.039517,0.999147,169.155029,423.044525,112.417793
1065,10.650000,0.003666,0.011391,-0.039482,0.999149,169.156845,423.045105,112.420395
1066,10.660000,0.003667,0.011397,-0.039462,0.999149,169.164581,423.047272,112.420830
1067,10.670000,0.003666,0.011370,-0.039472,0.999149,169.171844,423.049988,112.420097
1068,10.680000,0.003768,0.011479,-0.039746,0.999137,169.182266,423.048401,112.407692
1069,10.690000,0.003763,0.011526,-0.039868,0.999131,169.197433,423.053284,112.406845
1070,10.700000,0.003739,0.011562,-0.039924,0.999129,169.209641,423.058197,112.405907
1071,10.710000,0.003729,0.011565,-0.039888,0.999130,169.218765,423.060364,112.408463
1072,10.720000,0.003728,0.011577,-0.039934,0.999128,169.221146,423.062134,112.411064
1073,10.730000,0.003750,0.011549,-0.039905,0.999130,169.216003,423.059479,112.413498
1074,10.740000,0.003758,0.011520,-0.039855,0.999132,169.204849,423.055023,112.414673
1075,10.750000,0.003688,0.011378,-0.039488,0.999148,169.190506,423.050415,112.423897
1076,10.760000,0.003676,0.011377,-0.039483,0.999149,169.172684,423.046051,112.424644
1077,10.770000,0.003723,0.011121,-0.039170,0.999164,169.145325,423.032166,112.420181
1078,10.780000,0.003664,0.011335,-0.039353,0.999154,169.146194,423.039093,112.418922
1079,10.790000,0.003652,0.011392,-0.039416,0.999151,169.142593,423.042206,112.416748
1080,10.800000,0.003638,0.011442,-0.039526,0.999146,169.142731,423.045380,112.415115
1081,10.810000,0.003704,0.011165,-0.039191,0.999163,169.134720,423.033112,112.411995
1082,10.820000,0.003751,0.011578,-0.039896,0.999130,169.157120,423.044312,112.405556
1083,10.830000,0.003665,0.011504,-0.039602,0.999143,169.176926,423.049896,112.414749
1084,10.840000,0.003753,0.011487,-0.039722,0.999138,169.183548,423.047485,112.409973
1085,10.850000,0.003666,0.011492,-0.039631,0.999142,169.203674,423.056549,112.419220
1086,10.860000,0.003735,0.011478,-0.039773,0.999136,169.204880,423.055084,112.416954
1087,10.870000,0.003745,0.011551,-0.039915,0.999129,169.214401,423.058228,112.413803
1088,10.880000,0.003740,0.011535,-0.039893,0.999130,169.213058,423.058746,112.413124
1089,10.890000,0.003744,0.011450,-0.039800,0.999135,169.203949,423.056580,112.412956
1090,10.900000,0.003749,0.011507,-0.039864,0.999132,169.200348,423.055725,112.410439
1091,10.910000,0.003761,0.011438,-0.039754,0.999137,169.184769,423.048004,112.412086
1092,10.920000,0.003765,0.011410,-0.039641,0.999142,169.172318,423.041656,112.412048
1093,10.930000,0.003676,0.011413,-0.039486,0.999148,169.167465,423.042999,112.418762
1094,10.940000,0.003662,0.011406,-0.039506,0.999148,169.156708,423.043610,112.418678
1095,10.950000,0.003653,0.011412,-0.039509,0.999147,169.147125,423.043671,112.417442
1096,10.960000,0.003717,0.011144,-0.039165,0.999164,169.128098,423.030029,112.414207
1097,10.970000,0.003663,0.011331,-0.039378,0.999153,169.141830,423.038391,112.416954
1098,10.980000,0.003769,0.011390,-0.039605,0.999143,169.147995,423.035736,112.410843
1099,10.990000,0.003658,0.011398,-0.039507,0.999148,169.169052,423.046478,112.420502
1100,11.000000,0.003771,0.011384,-0.039625,0.999143,169.177338,423.043457,112.411591
1101,11.010000,0.003756,0.011432,-0.039751,0.999137,169.187546,423.048828,112.412941
1102,11.020000,0.003750,0.011523,-0.039842,0.999133,169.203308,423.054108,112.411736
1103,11.030000,0.003738,0.011528,-0.039844,0.999132,169.210754,423.055450,112.411362
1104,11.040000,0.003747,0.011442,-0.039748,0.999137,169.208557,423.053589,112.413216
1105,11.050000,0.003745,0.011526,-0.039846,0.999132,169.207596,423.054688,112.412735
1106,11.060000,0.003754,0.011433,-0.039717,0.999139,169.192184,423.049408,112.413803
1107,11.070000,0.003774,0.011448,-0.039709,0.999139,169.182144,423.044525,112.410934
1108,11.080000,0.003788,0.011387,-0.039638,0.999142,169.163834,423.039459,112.410889
1109,11.090000,0.003675,0.011430,-0.039578,0.999144,169.158234,423.045715,112.418404
1110,11.100000,0.003709,0.011188,-0.039242,0.999160,169.138214,423.032654,112.417366
1111,11.110000,0.003649,0.011402,-0.039461,0.999149,169.148605,423.041168,112.419533
1112,11.120000,0.003668,0.011412,-0.039470,0.999149,169.152786,423.041962,112.421448
1113,11.130000,0.003789,0.011382,-0.039599,0.999144,169.150360,423.038116,112.408997
1114,11.140000,0.003689,0.011366,-0.039470,0.999149,169.164108,423.042358,112.418640
1115,11.150000,0.003851,0.011162,-0.039347,0.999156,169.158356,423.027618,112.403175
1116,11.160000,0.003661,0.011484,-0.039608,0.999143,169.189285,423.052643,112.423233
1117,11.170000,0.003747,0.011461,-0.039704,0.999139,169.194992,423.046082,112.403252
1118,11.180000,0.003763,0.011482,-0.039744,0.999137,169.198563,423.046753,112.415436
1119,11.190000,0.003756,0.011530,-0.039882,0.999131,169.202911,423.056030,112.408623
1120,11.200000,0.003750,0.011487,-0.039798,0.999135,169.197128,423.050598,112.414452
1121,11.210000,0.003763,0.011410,-0.039645,0.999142,169.188797,423.043976,112.414284
1122,11.220000,0.003666,0.011391,-0.039517,0.999147,169.185898,423.047485,112.424072
1123,11.230000,0.003656,0.011392,-0.039458,0.999150,169.178101,423.043823,112.424591
1124,11.240000,0.003660,0.011369,-0.039393,0.999152,169.170486,423.042114,112.423546
1125,11.250000,0.003762,0.011432,-0.039615,0.999143,169.158905,423.037170,112.408287
1126,11.260000,0.003667,0.011426,-0.039489,0.999148,169.165009,423.044830,112.418877
1127,11.270000,0.003656,0.011374,-0.039410,0.999152,169.163879,423.044098,112.417000
1128,11.280000,0.003774,0.011384,-0.039600,0.999144,169.161011,423.037445,112.410133
1129,11.290000,0.003776,0.011471,-0.039679,0.999140,169.170135,423.041779,112.410133
1130,11.300000,0.003783,0.011405,-0.039655,0.999141,169.171173,423.037628,112.413864
1131,11.310000,0.003786,0.011398,-0.039636,0.999142,169.170975,423.035736,112.415054
1132,11.320000,0.003688,0.011386,-0.039468,0.999149,169.182678,423.043701,112.421837
1133,11.330000,0.003650,0.011533,-0.039683,0.999139,169.190521,423.052673,112.420113
1134,11.340000,0.003746,0.011522,-0.039811,0.999134,169.187347,423.048706,112.411430
1135,11.350000,0.003639,0.011549,-0.039686,0.999139,169.192612,423.054077,112.418945
1136,11.360000,0.003736,0.011496,-0.039708,0.999138,169.184631,423.044952,112.412514
1137,11.370000,0.003764,0.011403,-0.039587,0.999144,169.175339,423.039612,112.412163
1138,11.380000,0.003667,0.011450,-0.039556,0.999145,169.184937,423.047089,112.420448
1139,11.390000,0.003664,0.011368,-0.039410,0.999152,169.179291,423.044617,112.423065
1140,11.400000,0.003663,0.011369,-0.039439,0.999151,169.179581,423.044830,112.424385
1141,11.410000,0.003777,0.011369,-0.039590,0.999144,169.169693,423.035431,112.415764
1142,11.420000,0.003679,0.011375,-0.039453,0.999150,169.177094,423.043915,112.423027
1143,11.430000,0.003775,0.011401,-0.039667,0.999141,169.168213,423.038757,112.413681
1144,11.440000,0.003761,0.011466,-0.039702,0.999139,169.169174,423.038971,112.408722
1145,11.450000,0.003770,0.011472,-0.039685,0.999139,169.166763,423.038513,112.406670
1146,11.460000,0.003762,0.011454,-0.039650,0.999141,169.164642,423.036682,112.404289
1147,11.470000,0.003671,0.011350,-0.039408,0.999152,169.165359,423.041687,112.413429
1148,11.480000,0.003768,0.011476,-0.039721,0.999138,169.168533,423.040710,112.408760
1149,11.490000,0.003666,0.011435,-0.039533,0.999146,169.177689,423.046692,112.421211
1150,11.500000,0.003661,0.011355,-0.039407,0.999152,169.178223,423.044464,112.428070
1151,11.510000,0.003660,0.011365,-0.039435,0.999151,169.181915,423.043488,112.431145
1152,11.520000,0.003676,0.011425,-0.039538,0.999146,169.187775,423.046326,112.427849
1153,11.530000,0.003668,0.011424,-0.039543,0.999146,169.191681,423.048676,112.425827
1154,11.540000,0.003668,0.011353,-0.039428,0.999151,169.189529,423.046661,112.423637
1155,11.550000,0.003762,0.011439,-0.039667,0.999140,169.184875,423.042908,112.411011
1156,11.560000,0.003766,0.011375,-0.039610,0.999143,169.177567,423.040192,112.410667
1157,11.570000,0.003769,0.011362,-0.039594,0.999144,169.171478,423.039581,112.409309
1158,11.580000,0.003770,0.011365,-0.039609,0.999144,169.166397,423.039276,112.410187
1159,11.590000,0.003666,0.011378,-0.039462,0.999150,169.168869,423.042511,112.420174
1160,11.600000,0.003724,0.011181,-0.039217,0.999161,169.156708,423.030548,112.419212
1161,11.610000,0.003676,0.011349,-0.039427,0.999151,169.164932,423.038452,112.424713
1162,11.620000,0.003660,0.011378,-0.039439,0.999151,169.167603,423.041382,112.426682
1163,11.630000,0.003661,0.011399,-0.039489,0.999148,169.171509,423.044556,112.427177
1164,11.640000,0.003661,0.011372,-0.039445,0.999150,169.173630,423.044403,112.425514
1165,11.650000,0.003658,0.011347,-0.039380,0.999153,169.173752,423.041748,112.423447
1166,11.660000,0.003771,0.011450,-0.039691,0.999139,169.175018,423.038147,112.411232
1167,11.670000,0.003654,0.011452,-0.039546,0.999146,169.185745,423.046509,112.417549
1168,11.680000,0.003642,0.011439,-0.039510,0.999147,169.189026,423.048492,112.418716
1169,11.690000,0.003643,0.011354,-0.039384,0.999153,169.186462,423.047089,112.421883
1170,11.700000,0.003651,0.011423,-0.039465,0.999149,169.189346,423.047363,112.423027
1171,11.710000,0.003658,0.011379,-0.039458,0.999150,169.180527,423.044312,112.426880
1172,11.720000,0.003661,0.011354,-0.039419,0.999152,169.176468,423.042480,112.426674
1173,11.730000,0.003669,0.011338,-0.039401,0.999152,169.173096,423.041473,112.424736
1174,11.740000,0.003662,0.011339,-0.039371,0.999154,169.169266,423.039215,112.422813
1175,11.750000,0.003655,0.011345,-0.039363,0.999154,169.166107,423.038330,112.420670
1176,11.760000,0.003660,0.011426,-0.039448,0.999150,169.170776,423.041077,112.417824
1177,11.770000,0.003666,0.011333,-0.039362,0.999154,169.167374,423.040955,112.418816
1178,11.780000,0.003765,0.011465,-0.039712,0.999138,169.165771,423.038300,112.409920
1179,11.790000,0.003745,0.011218,-0.039310,0.999157,169.161194,423.032257,112.416466
1180,11.800000,0.003681,0.011405,-0.039474,0.999149,169.175674,423.040741,112.420059
1181,11.810000,0.003671,0.011338,-0.039382,0.999153,169.176804,423.040527,112.424797
1182,11.820000,0.003774,0.011371,-0.039577,0.999145,169.175522,423.035828,112.418068
1183,11.830000,0.003660,0.011456,-0.039508,0.999147,169.188507,423.044708,112.425789
1184,11.840000,0.003766,0.011471,-0.039684,0.999139,169.184860,423.040833,112.417549
1185,11.850000,0.003682,0.011407,-0.039530,0.999147,169.185364,423.044189,112.425179
1186,11.860000,0.003774,0.011480,-0.039726,0.999138,169.180099,423.040222,112.414482
1187,11.870000,0.003684,0.011393,-0.039481,0.999149,169.179001,423.041809,112.419960
1188,11.880000,0.003761,0.011495,-0.039738,0.999137,169.172455,423.038116,112.411079
1189,11.890000,0.003769,0.011444,-0.039657,0.999141,169.165833,423.034363,112.410583
1190,11.900000,0.003662,0.011449,-0.039520,0.999147,169.169159,423.040192,112.420311
1191,11.910000,0.003654,0.011389,-0.039407,0.999152,169.165588,423.039124,112.424309
1192,11.920000,0.003655,0.011430,-0.039474,0.999149,169.170776,423.042450,112.425026
1193,11.930000,0.003665,0.011432,-0.039475,0.999148,169.173325,423.042236,112.424911
1194,11.940000,0.003665,0.011354,-0.039396,0.999153,169.169800,423.038788,112.426346
1195,11.950000,0.003773,0.011347,-0.039527,0.999147,169.166428,423.031769,112.416756
1196,11.960000,0.003669,0.011369,-0.039428,0.999151,169.177338,423.040253,112.424545
1197,11.970000,0.003659,0.011405,-0.039465,0.999149,169.184875,423.044830,112.422623
1198,11.980000,0.003770,0.011457,-0.039696,0.999139,169.179688,423.039978,112.411873
1199,11.990000,0.003679,0.011385,-0.039455,0.999150,169.182083,423.042145,112.419624
1200,12.000000,0.003758,0.011447,-0.039639,0.999141,169.178726,423.038269,112.411072
1201,12.010000,0.003755,0.011410,-0.039601,0.999143,169.171661,423.035645,112.412125
1202,12.020000,0.003756,0.011368,-0.039541,0.999146,169.166885,423.034210,112.413567
1203,12.030000,0.003668,0.011371,-0.039422,0.999151,169.171661,423.039948,112.423012
1204,12.040000,0.003661,0.011355,-0.039381,0.999153,169.169922,423.039459,112.426559
1205,12.050000,0.003660,0.011354,-0.039386,0.999153,169.169785,423.039734,112.428139
1206,12.060000,0.003654,0.011384,-0.039430,0.999151,169.171844,423.039825,112.428795
1207,12.070000,0.003638,0.011435,-0.039557,0.999145,169.174255,423.044037,112.428993
1208,12.080000,0.003657,0.011360,-0.039410,0.999152,169.176392,423.041840,112.426636
1209,12.090000,0.003661,0.011360,-0.039399,0.999152,169.176804,423.040527,112.423897
1210,12.100000,0.003770,0.011357,-0.039561,0.999146,169.170273,423.034241,112.413734
1211,12.110000,0.003685,0.011342,-0.039421,0.999152,169.175858,423.040070,112.418594
1212,12.120000,0.003768,0.011454,-0.039644,0.999141,169.175751,423.037994,112.409378
1213,12.130000,0.003637,0.011389,-0.039449,0.999150,169.176056,423.043610,112.421143
1214,12.140000,0.003644,0.011328,-0.039325,0.999156,169.174088,423.040771,112.422379
1215,12.150000,0.003640,0.011334,-0.039320,0.999156,169.172592,423.038818,112.423370
1216,12.160000,0.003653,0.011351,-0.039354,0.999154,169.172089,423.037537,112.425133
1217,12.170000,0.003712,0.011108,-0.039079,0.999167,169.157272,423.025970,112.424225
1218,12.180000,0.003668,0.011296,-0.039275,0.999158,169.171661,423.036804,112.426666
1219,12.190000,0.003656,0.011425,-0.039449,0.999150,169.180786,423.041290,112.425064
1220,12.200000,0.003655,0.011343,-0.039363,0.999154,169.178116,423.040588,112.427177
1221,12.210000,0.003652,0.011442,-0.039448,0.999149,169.185028,423.042480,112.423882
1222,12.220000,0.003658,0.011370,-0.039404,0.999152,169.180374,423.041290,112.426208
1223,12.230000,0.003670,0.011405,-0.039445,0.999150,169.181107,423.040985,112.423363
1224,12.240000,0.003668,0.011350,-0.039387,0.999153,169.174210,423.038574,112.425011
1225,12.250000,0.003658,0.011419,-0.039457,0.999149,169.174774,423.039429,112.421852
1226,12.260000,0.003666,0.011343,-0.039368,0.999154,169.170609,423.038879,112.422989
1227,12.270000,0.003767,0.011345,-0.039503,0.999148,169.160767,423.031921,112.414536
1228,12.280000,0.003732,0.011122,-0.039139,0.999165,169.153534,423.025909,112.418320
1229,12.290000,0.003734,0.011130,-0.039129,0.999165,169.157394,423.026917,112.417091
1230,12.300000,0.003659,0.011352,-0.039392,0.999153,169.171677,423.039917,112.422096
1231,12.310000,0.003654,0.011384,-0.039426,0.999151,169.174164,423.039368,112.422600
1232,12.320000,0.003654,0.011349,-0.039385,0.999153,169.174759,423.039459,112.422394
1233,12.330000,0.003645,0.011441,-0.039504,0.999147,169.181442,423.043243,112.420975
1234,12.340000,0.003652,0.011360,-0.039408,0.999152,169.178406,423.042389,112.423424
1235,12.350000,0.003656,0.011415,-0.039471,0.999149,169.183960,423.044342,112.422241
1236,12.360000,0.003666,0.011404,-0.039452,0.999150,169.182480,423.043793,112.423851
1237,12.370000,0.003658,0.011385,-0.039463,0.999150,169.177612,423.041870,112.427109
1238,12.380000,0.003664,0.011430,-0.039488,0.999148,169.178314,423.041351,112.426750
1239,12.390000,0.003667,0.011381,-0.039468,0.999149,169.172104,423.039795,112.428444
1240,12.400000,0.003667,0.011373,-0.039457,0.999150,169.170517,423.039795,112.428749
1241,12.410000,0.003660,0.011364,-0.039431,0.999151,169.166641,423.038483,112.428139
1242,12.420000,0.003665,0.011342,-0.039381,0.999153,169.164978,423.037140,112.426506
1243,12.430000,0.003663,0.011366,-0.039402,0.999152,169.163193,423.035706,112.425568
1244,12.440000,0.003716,0.011126,-0.039143,0.999165,169.149689,423.024231,112.421234
1245,12.450000,0.003718,0.011080,-0.039061,0.999169,169.149551,423.023010,112.419060
1246,12.460000,0.003651,0.011415,-0.039440,0.999150,169.173492,423.039551,112.418411
1247,12.470000,0.003639,0.011362,-0.039365,0.999154,169.171402,423.038116,112.420235
1248,12.480000,0.003658,0.011316,-0.039324,0.999156,169.174591,423.038239,112.420074
1249,12.490000,0.003649,0.011373,-0.039431,0.999151,169.176437,423.040283,112.422272
1250,12.500000,0.003648,0.011432,-0.039493,0.999148,169.183716,423.042786,112.423492
1251,12.510000,0.003660,0.011374,-0.039415,0.999152,169.180405,423.040771,112.425705
1252,12.520000,0.003660,0.011372,-0.039415,0.999152,169.178192,423.039520,112.426956
1253,12.530000,0.003655,0.011365,-0.039389,0.999153,169.173477,423.037140,112.426025
1254,12.540000,0.003658,0.011345,-0.039374,0.999153,169.169617,423.036957,112.425240
1255,12.550000,0.003658,0.011351,-0.039391,0.999153,169.168991,423.038574,112.424316
1256,12.560000,0.003650,0.011368,-0.039399,0.999152,169.167358,423.037933,112.424866
1257,12.570000,0.003642,0.011395,-0.039435,0.999151,169.166000,423.037964,112.425003
1258,12.580000,0.003656,0.011359,-0.039364,0.999154,169.165100,423.036163,112.424484
1259,12.590000,0.003711,0.011168,-0.039143,0.999164,169.156067,423.026794,112.421265
1260,12.600000,0.003652,0.011354,-0.039375,0.999153,169.167877,423.038086,112.424973
1261,12.610000,0.003656,0.011350,-0.039354,0.999154,169.169617,423.037415,112.424133
1262,12.620000,0.003661,0.011343,-0.039361,0.999154,169.171188,423.038055,112.423767
1263,12.630000,0.003717,0.011183,-0.039164,0.999163,169.165283,423.029327,112.420128
1264,12.640000,0.003667,0.011418,-0.039449,0.999150,169.181244,423.041809,112.421692
1265,12.650000,0.003763,0.011431,-0.039590,0.999144,169.175873,423.036530,112.412971
1266,12.660000,0.003635,0.011470,-0.039517,0.999146,169.182159,423.044189,112.422668
1267,12.670000,0.003736,0.011386,-0.039554,0.999146,169.172913,423.036499,112.417450
1268,12.680000,0.003664,0.011399,-0.039410,0.999151,169.180878,423.041168,112.422386
1269,12.690000,0.003648,0.011382,-0.039393,0.999152,169.178741,423.041016,112.425186
1270,12.700000,0.003762,0.011377,-0.039565,0.999145,169.168655,423.033539,112.417213
1271,12.710000,0.003657,0.011451,-0.039516,0.999147,169.178696,423.041870,112.424492
1272,12.720000,0.003650,0.011375,-0.039411,0.999152,169.172638,423.039520,112.425888
1273,12.730000,0.003650,0.011355,-0.039348,0.999154,169.168793,423.036713,112.423950
1274,12.740000,0.003710,0.011086,-0.039055,0.999169,169.153473,423.026855,112.420929
1275,12.750000,0.003656,0.011296,-0.039284,0.999158,169.164246,423.035248,112.422501
1276,12.760000,0.003646,0.011338,-0.039338,0.999155,169.164139,423.035736,112.424065
1277,12.770000,0.003654,0.011331,-0.039336,0.999155,169.165176,423.035614,112.424767
1278,12.780000,0.003714,0.011171,-0.039147,0.999164,169.155594,423.025543,112.421036
1279,12.790000,0.003672,0.011303,-0.039303,0.999157,169.166168,423.034973,112.424904
1280,12.800000,0.003656,0.011329,-0.039383,0.999153,169.169281,423.038116,112.424980
1281,12.810000,0.003704,0.011098,-0.039089,0.999167,169.157257,423.025787,112.422615
1282,12.820000,0.003652,0.011427,-0.039497,0.999148,169.177811,423.039917,112.423164
1283,12.830000,0.003654,0.011344,-0.039386,0.999153,169.174332,423.038116,112.424728
1284,12.840000,0.003652,0.011360,-0.039411,0.999152,169.176651,423.039581,112.425255
1285,12.850000,0.003627,0.011397,-0.039460,0.999150,169.175064,423.042419,112.426346
1286,12.860000,0.003647,0.011425,-0.039448,0.999150,169.178177,423.040253,112.423660
1287,12.870000,0.003655,0.011355,-0.039363,0.999154,169.170624,423.035858,112.425400
1288,12.880000,0.003654,0.011333,-0.039349,0.999155,169.167282,423.036652,112.425407
1289,12.890000,0.003715,0.011064,-0.039015,0.999170,169.149002,423.023590,112.422249
1290,12.900000,0.003663,0.011317,-0.039271,0.999158,169.162933,423.034119,112.421410
1291,12.910000,0.003713,0.011077,-0.039012,0.999170,169.146500,423.022186,112.420753
1292,12.920000,0.003715,0.011061,-0.039011,0.999171,169.144791,423.020782,112.420273
1293,12.930000,0.003709,0.011035,-0.038982,0.999172,169.145584,423.021790,112.419708
1294,12.940000,0.003650,0.011324,-0.039342,0.999155,169.165298,423.037537,112.422729
1295,12.950000,0.003650,0.011395,-0.039374,0.999153,169.174240,423.039185,112.422371
1296,12.960000,0.003715,0.011154,-0.039118,0.999165,169.163681,423.027618,112.421387
1297,12.970000,0.003669,0.011297,-0.039281,0.999158,169.174240,423.035004,112.425995
1298,12.980000,0.003650,0.011338,-0.039310,0.999156,169.175766,423.037292,112.426727
1299,12.990000,0.003660,0.011344,-0.039351,0.999154,169.177322,423.039215,112.426514
1300,13.000000,0.003646,0.011359,-0.039388,0.999153,169.172806,423.038269,112.426041
1301,13.010000,0.003656,0.011349,-0.039366,0.999154,169.170731,423.037018,112.424271
1302,13.020000,0.003643,0.011429,-0.039412,0.999151,169.170563,423.037628,112.422295
1303,13.030000,0.003640,0.011445,-0.039439,0.999150,169.167099,423.037811,112.422737
1304,13.040000,0.003640,0.011440,-0.039409,0.999151,169.166214,423.037445,112.423523
1305,13.050000,0.003649,0.011339,-0.039298,0.999157,169.159454,423.033722,112.425705
1306,13.060000,0.003700,0.011113,-0.039041,0.999169,169.145676,423.021393,112.423180
1307,13.070000,0.003718,0.011050,-0.038974,0.999172,169.142838,423.018555,112.421417
1308,13.080000,0.003718,0.011142,-0.039088,0.999167,169.153870,423.024109,112.417152
1309,13.090000,0.003648,0.011338,-0.039298,0.999157,169.167511,423.034363,112.420959
1310,13.100000,0.003752,0.011470,-0.039611,0.999142,169.170197,423.031952,112.409592
1311,13.110000,0.003828,0.011138,-0.039252,0.999160,169.152298,423.016785,112.406731
1312,13.120000,0.003776,0.011337,-0.039472,0.999149,169.165649,423.026520,112.407951
1313,13.130000,0.003758,0.011462,-0.039613,0.999142,169.171188,423.031586,112.407059
1314,13.140000,0.003772,0.011379,-0.039518,0.999147,169.164810,423.028625,112.410797
1315,13.150000,0.003670,0.011366,-0.039364,0.999154,169.167450,423.033905,112.421249
1316,13.160000,0.003820,0.011114,-0.039173,0.999163,169.143875,423.014862,112.414650
1317,13.170000,0.003766,0.011376,-0.039506,0.999148,169.154312,423.025818,112.418579
1318,13.180000,0.003664,0.011353,-0.039307,0.999156,169.163010,423.033081,112.427551
1319,13.190000,0.003699,0.011114,-0.039023,0.999170,169.150238,423.023529,112.426163
1320,13.200000,0.003655,0.011415,-0.039411,0.999151,169.169205,423.037262,112.423981
1321,13.210000,0.003703,0.011130,-0.039056,0.999168,169.156387,423.024353,112.420822
1322,13.220000,0.003652,0.011332,-0.039323,0.999156,169.171860,423.037384,112.421844
1323,13.230000,0.003752,0.011374,-0.039539,0.999146,169.167114,423.033722,112.414169
1324,13.240000,0.003767,0.011367,-0.039534,0.999147,169.168076,423.033875,112.413467
1325,13.250000,0.003673,0.011426,-0.039421,0.999151,169.176666,423.038971,112.420456
1326,13.260000,0.003711,0.011196,-0.039147,0.999164,169.159180,423.026611,112.419235
1327,13.270000,0.003657,0.011346,-0.039349,0.999154,169.161606,423.034729,112.423157
1328,13.280000,0.003652,0.011363,-0.039358,0.999154,169.161026,423.036346,112.423790
1329,13.290000,0.003651,0.011361,-0.039324,0.999155,169.159225,423.035461,112.425110
1330,13.300000,0.003647,0.011389,-0.039331,0.999155,169.161453,423.035522,112.425705
1331,13.310000,0.003704,0.011152,-0.039074,0.999167,169.149048,423.023346,112.423706
1332,13.320000,0.003656,0.011335,-0.039287,0.999157,169.163544,423.033966,112.424828
1333,13.330000,0.003653,0.011379,-0.039367,0.999153,169.171936,423.038788,112.423775
1334,13.340000,0.003638,0.011438,-0.039417,0.999151,169.177658,423.039612,112.421196
1335,13.350000,0.003773,0.011394,-0.039579,0.999144,169.168304,423.032227,112.414085
1336,13.360000,0.003662,0.011466,-0.039477,0.999148,169.178009,423.038239,112.420578
1337,13.370000,0.003745,0.011400,-0.039519,0.999147,169.167053,423.031891,112.414726
1338,13.380000,0.003657,0.011386,-0.039380,0.999153,169.168747,423.037445,112.421745
1339,13.390000,0.003704,0.011138,-0.039056,0.999168,169.150803,423.024933,112.420250
1340,13.400000,0.003712,0.011087,-0.038986,0.999171,169.144302,423.020477,112.419258
1341,13.410000,0.003707,0.011073,-0.038978,0.999172,169.140671,423.019714,112.418747
1342,13.420000,0.003703,0.011164,-0.039091,0.999166,169.146133,423.023193,112.417282
1343,13.430000,0.003650,0.011426,-0.039405,0.999151,169.163467,423.036865,112.419487
1344,13.440000,0.003641,0.011470,-0.039492,0.999147,169.169205,423.039001,112.421082
1345,13.450000,0.003649,0.011362,-0.039365,0.999154,169.168091,423.036316,112.423332
1346,13.460000,0.003653,0.011351,-0.039374,0.999153,169.171570,423.036682,112.424385
1347,13.470000,0.003664,0.011326,-0.039367,0.999154,169.175903,423.038300,112.424156
1348,13.480000,0.003653,0.011348,-0.039358,0.999154,169.178467,423.038696,112.424873
1349,13.490000,0.003718,0.011085,-0.039084,0.999168,169.162735,423.027710,112.422836
1350,13.500000,0.003707,0.011136,-0.039116,0.999166,169.161270,423.026306,112.421074
1351,13.510000,0.003713,0.011059,-0.039033,0.999170,169.152328,423.023132,112.421829
1352,13.520000,0.003655,0.011319,-0.039298,0.999157,169.164291,423.036102,112.423302
1353,13.530000,0.003637,0.011323,-0.039321,0.999156,169.160416,423.036011,112.423813
1354,13.540000,0.003635,0.011320,-0.039293,0.999157,169.158966,423.034637,112.423515
1355,13.550000,0.003639,0.011319,-0.039294,0.999157,169.159302,423.032959,112.423927
1356,13.560000,0.003644,0.011322,-0.039271,0.999158,169.160477,423.032318,112.424232
1357,13.570000,0.003648,0.011330,-0.039342,0.999155,169.162567,423.034698,112.424301
1358,13.580000,0.003644,0.011330,-0.039322,0.999156,169.166107,423.036285,112.423927
1359,13.590000,0.003708,0.011144,-0.039106,0.999166,169.158920,423.026001,112.418884
1360,13.600000,0.003657,0.011282,-0.039287,0.999158,169.166580,423.032379,112.421989
1361,13.610000,0.003646,0.011406,-0.039387,0.999152,169.173767,423.035217,112.420624
1362,13.620000,0.003643,0.011341,-0.039340,0.999155,169.168564,423.035553,112.422981
1363,13.630000,0.003646,0.011335,-0.039321,0.999156,169.168091,423.034943,112.424065
1364,13.640000,0.003703,0.011102,-0.039097,0.999167,169.152924,423.025024,112.424370
1365,13.650000,0.003645,0.011341,-0.039334,0.999155,169.163986,423.034454,112.427185
1366,13.660000,0.003629,0.011364,-0.039350,0.999154,169.163208,423.034149,112.428925
1367,13.670000,0.003638,0.011374,-0.039363,0.999154,169.164841,423.035583,112.428452
1368,13.680000,0.003636,0.011381,-0.039401,0.999152,169.164673,423.037048,112.428429
1369,13.690000,0.003630,0.011372,-0.039368,0.999153,169.165573,423.036774,112.426750
1370,13.700000,0.003632,0.011359,-0.039369,0.999154,169.166443,423.036377,112.425560
1371,13.710000,0.003645,0.011334,-0.039323,0.999156,169.167358,423.035828,112.424515
1372,13.720000,0.003642,0.011448,-0.039468,0.999149,169.175003,423.038757,112.421837
1373,13.730000,0.003809,0.011142,-0.039298,0.999158,169.150818,423.021637,112.412888
1374,13.740000,0.003666,0.011325,-0.039348,0.999155,169.166290,423.034424,112.421341
1375,13.750000,0.003647,0.011359,-0.039372,0.999153,169.166672,423.034729,112.423622
1376,13.760000,0.003705,0.011189,-0.039163,0.999163,169.155502,423.024139,112.421623
1377,13.770000,0.003664,0.011330,-0.039343,0.999155,169.164566,423.032806,112.424553
1378,13.780000,0.003715,0.011095,-0.039046,0.999169,169.151947,423.023865,112.423180
1379,13.790000,0.003647,0.011310,-0.039292,0.999157,169.162811,423.034637,112.424698
1380,13.800000,0.003636,0.011356,-0.039335,0.999155,169.168015,423.034668,112.424606
1381,13.810000,0.003636,0.011350,-0.039349,0.999154,169.169067,423.033722,112.424911
1382,13.820000,0.003690,0.011113,-0.039077,0.999168,169.157639,423.023132,112.422180
1383,13.830000,0.003649,0.011334,-0.039381,0.999153,169.171967,423.035797,112.423691
1384,13.840000,0.003708,0.011129,-0.039120,0.999166,169.159698,423.024445,112.422829
1385,13.850000,0.003709,0.011158,-0.039141,0.999165,169.160278,423.024841,112.420982
1386,13.860000,0.003707,0.011084,-0.039044,0.999169,169.153748,423.021759,112.421623
1387,13.870000,0.003705,0.011065,-0.039023,0.999170,169.149277,423.019043,112.421494
1388,13.880000,0.003649,0.011436,-0.039430,0.999150,169.165131,423.033234,112.422783
1389,13.890000,0.003702,0.011108,-0.039090,0.999167,169.141266,423.020447,112.422951
1390,13.900000,0.003651,0.011291,-0.039279,0.999158,169.149872,423.029449,112.425438
1391,13.910000,0.003699,0.011121,-0.039086,0.999167,169.140015,423.020721,112.424561
1392,13.920000,0.003639,0.011386,-0.039370,0.999153,169.157562,423.032074,112.427101
1393,13.930000,0.003699,0.011132,-0.039090,0.999167,169.152145,423.022644,112.423355
1394,13.940000,0.003649,0.011355,-0.039366,0.999154,169.171158,423.035187,112.423546
1395,13.950000,0.003762,0.011355,-0.039543,0.999146,169.169220,423.030853,112.413757
1396,13.960000,0.003647,0.011462,-0.039512,0.999147,169.186127,423.039673,112.420258
1397,13.970000,0.003732,0.011371,-0.039492,0.999148,169.176559,423.031616,112.413399
1398,13.980000,0.003757,0.011376,-0.039557,0.999146,169.174820,423.032684,112.411560
1399,13.990000,0.003745,0.011452,-0.039642,0.999141,169.175659,423.034760,112.410065
1400,14.000000,0.003651,0.011454,-0.039512,0.999147,169.178787,423.040436,112.418961
1401,14.010000,0.003696,0.011138,-0.039085,0.999167,169.154099,423.023773,112.421371
1402,14.020000,0.003710,0.011068,-0.038994,0.999171,169.143326,423.018433,112.423592
1403,14.030000,0.003705,0.011098,-0.039036,0.999169,169.138367,423.017303,112.425560
1404,14.040000,0.003703,0.011093,-0.039023,0.999170,169.136963,423.018555,112.425911
1405,14.050000,0.003703,0.011071,-0.038966,0.999172,169.138031,423.019775,112.424858
1406,14.060000,0.003699,0.011145,-0.039061,0.999168,169.146317,423.022156,112.422737
1407,14.070000,0.003700,0.011069,-0.039001,0.999171,169.146561,423.019409,112.422661
1408,14.080000,0.003705,0.011159,-0.039077,0.999167,169.157104,423.021454,112.420052
1409,14.090000,0.003644,0.011347,-0.039328,0.999155,169.174286,423.034760,112.423050
1410,14.100000,0.003653,0.011366,-0.039397,0.999152,169.178955,423.038940,112.423157
1411,14.110000,0.003642,0.011446,-0.039461,0.999149,169.184082,423.039978,112.421646
1412,14.120000,0.003753,0.011424,-0.039571,0.999144,169.174393,423.030914,112.412933
1413,14.130000,0.003669,0.011342,-0.039370,0.999154,169.172516,423.032501,112.420593
1414,14.140000,0.003647,0.011417,-0.039440,0.999150,169.174286,423.035156,112.420303
1415,14.150000,0.003640,0.011425,-0.039436,0.999150,169.169922,423.036926,112.420876
1416,14.160000,0.003634,0.011367,-0.039373,0.999153,169.163071,423.034760,112.422714
1417,14.170000,0.003689,0.011110,-0.039059,0.999168,169.144379,423.021362,112.421021
1418,14.180000,0.003649,0.011324,-0.039268,0.999158,169.154800,423.028717,112.423393
1419,14.190000,0.003639,0.011341,-0.039303,0.999156,169.157578,423.030884,112.424477
1420,14.200000,0.003644,0.011346,-0.039357,0.999154,169.162155,423.034363,112.425697
1421,14.210000,0.003700,0.011123,-0.039073,0.999168,169.152710,423.022583,112.425102
1422,14.220000,0.003707,0.011094,-0.039043,0.999169,169.151810,423.019196,112.424934
1423,14.230000,0.003820,0.011092,-0.039238,0.999161,169.145172,423.012665,112.415398
1424,14.240000,0.003742,0.011062,-0.039064,0.999169,169.151810,423.018433,112.420204
1425,14.250000,0.003648,0.011350,-0.039367,0.999154,169.169418,423.034882,112.422165
1426,14.260000,0.003642,0.011345,-0.039359,0.999154,169.170227,423.035400,112.420525
1427,14.270000,0.003692,0.011117,-0.039054,0.999169,169.155029,423.022614,112.418694
1428,14.280000,0.003641,0.011316,-0.039279,0.999158,169.164474,423.030457,112.422089
1429,14.290000,0.003690,0.011112,-0.039049,0.999169,169.150879,423.020355,112.421333
1430,14.300000,0.003704,0.011073,-0.038989,0.999171,169.149612,423.018829,112.422348
1431,14.310000,0.003645,0.011406,-0.039366,0.999153,169.167633,423.033020,112.423843
1432,14.320000,0.003699,0.011108,-0.039028,0.999170,169.152817,423.020996,112.422523
1433,14.330000,0.003647,0.011301,-0.039245,0.999159,169.164780,423.030182,112.424263
1434,14.340000,0.003814,0.011145,-0.039267,0.999159,169.149231,423.016205,112.411575
1435,14.350000,0.003736,0.011127,-0.039099,0.999166,169.157639,423.020905,112.417175
1436,14.360000,0.003731,0.011065,-0.039007,0.999171,169.154800,423.020294,112.420006
1437,14.370000,0.003717,0.011056,-0.038997,0.999171,169.151779,423.019470,112.419197
1438,14.380000,0.003644,0.011406,-0.039358,0.999153,169.169434,423.033875,112.420052
1439,14.390000,0.003645,0.011316,-0.039243,0.999159,169.163376,423.032318,112.421471
1440,14.400000,0.003698,0.011063,-0.038950,0.999173,169.147308,423.020966,112.420174
1441,14.410000,0.003712,0.011024,-0.038912,0.999175,169.142181,423.018158,112.421310
1442,14.420000,0.003646,0.011318,-0.039237,0.999159,169.158188,423.029694,112.425072
1443,14.430000,0.003709,0.011054,-0.038919,0.999174,169.144897,423.017334,112.423386
1444,14.440000,0.003656,0.011272,-0.039181,0.999162,169.158722,423.029053,112.423897
1445,14.450000,0.003711,0.011116,-0.039014,0.999170,169.155640,423.023010,112.419411
1446,14.460000,0.003809,0.011060,-0.039113,0.999166,169.147980,423.015533,112.411659
1447,14.470000,0.003642,0.011309,-0.039257,0.999159,169.168839,423.032990,112.420517
1448,14.480000,0.003630,0.011415,-0.039340,0.999154,169.177612,423.036835,112.419029
1449,14.490000,0.003741,0.011348,-0.039473,0.999149,169.165634,423.029388,112.413025
1450,14.500000,0.003758,0.011355,-0.039534,0.999147,169.164597,423.030304,112.413719
1451,14.510000,0.003812,0.011120,-0.039232,0.999161,169.146088,423.016113,112.412712
1452,14.520000,0.003768,0.011284,-0.039385,0.999153,169.153122,423.022461,112.413330
1453,14.530000,0.003711,0.011071,-0.038977,0.999172,169.148529,423.018829,112.418648
1454,14.540000,0.003708,0.011043,-0.038936,0.999174,169.145096,423.019257,112.419319
1455,14.550000,0.003703,0.011056,-0.038945,0.999173,169.144211,423.019379,112.420494
1456,14.560000,0.003639,0.011322,-0.039239,0.999159,169.161377,423.031158,112.423286
1457,14.570000,0.003693,0.011120,-0.038995,0.999171,169.149887,423.020050,112.421074
1458,14.580000,0.003637,0.011337,-0.039262,0.999158,169.163696,423.031494,112.423279
1459,14.590000,0.003632,0.011342,-0.039302,0.999156,169.168243,423.034332,112.422943
1460,14.600000,0.003632,0.011321,-0.039268,0.999158,169.168289,423.034485,112.423538
1461,14.610000,0.003637,0.011349,-0.039327,0.999155,169.169525,423.034729,112.424690
1462,14.620000,0.003705,0.011074,-0.038982,0.999172,169.154663,423.021301,112.422195
1463,14.630000,0.003655,0.011283,-0.039234,0.999160,169.166718,423.031494,112.423882
1464,14.640000,0.003641,0.011317,-0.039253,0.999159,169.167526,423.033295,112.422501
1465,14.650000,0.003746,0.011313,-0.039399,0.999153,169.158279,423.026031,112.412483
1466,14.660000,0.003622,0.011393,-0.039330,0.999155,169.166702,423.033844,112.418579
1467,14.670000,0.003630,0.011441,-0.039382,0.999152,169.166214,423.033569,112.418190
1468,14.680000,0.003625,0.011412,-0.039328,0.999155,169.165985,423.033722,112.418793
1469,14.690000,0.003635,0.011361,-0.039304,0.999156,169.162979,423.033569,112.421341
1470,14.700000,0.003791,0.011120,-0.039209,0.999162,169.141098,423.015991,112.413216
1471,14.710000,0.003635,0.011414,-0.039385,0.999152,169.167206,423.033508,112.422195
1472,14.720000,0.003687,0.011137,-0.039044,0.999169,169.152588,423.021515,112.422432
1473,14.730000,0.003687,0.011097,-0.039044,0.999169,169.150742,423.021271,112.422371
1474,14.740000,0.003698,0.011081,-0.039015,0.999170,169.153244,423.022186,112.422226
1475,14.750000,0.003703,0.011135,-0.039059,0.999168,169.154678,423.022369,112.420891
1476,14.760000,0.003812,0.011151,-0.039269,0.999159,169.143921,423.014160,112.414757
1477,14.770000,0.003726,0.011091,-0.039056,0.999169,169.145386,423.017548,112.421432
1478,14.780000,0.003713,0.011075,-0.039007,0.999171,169.144424,423.017731,112.421532
1479,14.790000,0.003635,0.011329,-0.039289,0.999157,169.158188,423.030731,112.425323
1480,14.800000,0.003634,0.011341,-0.039326,0.999156,169.157349,423.031342,112.425827
1481,14.810000,0.003692,0.011120,-0.039048,0.999169,169.145660,423.019684,112.423721
1482,14.820000,0.003643,0.011305,-0.039251,0.999159,169.159149,423.029144,112.425194
1483,14.830000,0.003742,0.011372,-0.039486,0.999148,169.157089,423.026794,112.416222
1484,14.840000,0.003632,0.011456,-0.039451,0.999149,169.172104,423.036011,112.420097
1485,14.850000,0.003623,0.011398,-0.039384,0.999153,169.168549,423.034302,112.419601
1486,14.860000,0.003776,0.011236,-0.039336,0.999156,169.152405,423.018921,112.406860
1487,14.870000,0.003740,0.011378,-0.039541,0.999146,169.159027,423.026611,112.409981
1488,14.880000,0.003628,0.011375,-0.039359,0.999154,169.167191,423.034424,112.420387
1489,14.890000,0.003622,0.011454,-0.039435,0.999150,169.170700,423.036743,112.422508
1490,14.900000,0.003679,0.011150,-0.039097,0.999166,169.150406,423.022644,112.425247
1491,14.910000,0.003693,0.011104,-0.039037,0.999169,169.144760,423.018616,112.426598
1492,14.920000,0.003694,0.011072,-0.038992,0.999171,169.142441,423.017883,112.427322
1493,14.930000,0.003646,0.011328,-0.039295,0.999157,169.158417,423.030548,112.428093
1494,14.940000,0.003634,0.011345,-0.039273,0.999158,169.159592,423.031494,112.427422
1495,14.950000,0.003691,0.011102,-0.039025,0.999170,169.147461,423.020996,112.424042
1496,14.960000,0.003635,0.011320,-0.039279,0.999158,169.163071,423.031586,112.424538
1497,14.970000,0.003695,0.011141,-0.039048,0.999168,169.157043,423.022522,112.418701
1498,14.980000,0.003746,0.011342,-0.039478,0.999149,169.160019,423.027435,112.412956
1499,14.990000,0.003705,0.011125,-0.039095,0.999167,169.153854,423.022308,112.417526
1500,15.000000,0.003647,0.011369,-0.039317,0.999156,169.166946,423.031708,112.418755
