Format Version,1.24,Take Name,Push_120_deg_004,Take Notes,,Capture Frame Rate,100.000000,Export Frame Rate,100.000000,Capture Start Time,2025-02-03 02.32.46.907 午前,Capture Start Frame,5388273,Total Frames in Take,1501,Total Exported Frames,1501,Rotation Type,Quaternion,Length Units,Millimeters,Coordinate Space,Local

,Type,Rigid Body,Rigid Body,Rigid Body,Rigid Body,Rigid Body,Rigid Body,Rigid Body
,Name,Rigid Body 002,Rigid Body 002,Rigid Body 002,Rigid Body 002,Rigid Body 002,Rigid Body 002,Rigid Body 002
,ID,7081C4A4E11211EF3C28FEC2583C42A9,7081C4A4E11211EF3C28FEC2583C42A9,7081C4A4E11211EF3C28FEC2583C42A9,7081C4A4E11211EF3C28FEC2583C42A9,7081C4A4E11211EF3C28FEC2583C42A9,7081C4A4E11211EF3C28FEC2583C42A9,7081C4A4E11211EF3C28FEC2583C42A9
,,Rotation,Rotation,Rotation,Rotation,Position,Position,Position
Frame,Time (Seconds),X,Y,Z,W,X,Y,Z
0,0.000000,0.000742,0.000123,-0.001918,0.999998,150.422897,421.594696,66.695854
1,0.010000,0.000733,0.000237,-0.001988,0.999998,150.468048,421.616577,66.700027
2,0.020000,0.000727,0.000115,-0.001822,0.999998,150.503098,421.637665,66.698639
3,0.030000,0.000751,0.000120,-0.001920,0.999998,150.538162,421.655853,66.702339
4,0.040000,,,,,,,
5,0.050000,0.000823,-0.000022,-0.001956,0.999998,150.577179,421.676727,66.711426
6,0.060000,0.000838,-0.000126,-0.001872,0.999998,150.575775,421.675018,66.708427
7,0.070000,0.000820,-0.000173,-0.001770,0.999998,150.558975,421.670197,66.701347
8,0.080000,0.000802,-0.000170,-0.001717,0.999998,150.541718,421.669464,66.696190
9,0.090000,0.000764,-0.000151,-0.001695,0.999998,150.523834,421.670837,66.688881
10,0.100000,0.000719,-0.000133,-0.001665,0.999998,150.504715,421.669037,66.680367
11,0.110000,0.000619,0.000008,-0.001707,0.999998,150.492142,421.668304,66.667435
12,0.120000,0.000539,0.000094,-0.001728,0.999998,150.488129,421.674072,66.651115
13,0.130000,0.000581,0.000364,-0.002067,0.999998,150.495178,421.678711,66.638588
14,0.140000,0.000760,0.000290,-0.001940,0.999998,150.490723,421.653168,66.653351
15,0.150000,0.000901,0.000380,-0.002155,0.999997,150.491653,421.622772,66.677124
16,0.160000,0.001007,0.000414,-0.002124,0.999997,150.507828,421.596100,66.721413
17,0.170000,0.001106,0.000463,-0.002179,0.999997,150.514420,421.581207,66.757080
18,0.180000,0.001263,0.000370,-0.002135,0.999997,150.507019,421.562042,66.787598
19,0.190000,0.001281,0.000362,-0.002071,0.999997,150.513840,421.548981,66.808609
20,0.200000,0.001277,0.000314,-0.001934,0.999997,150.504150,421.536133,66.812126
21,0.210000,0.001236,0.000264,-0.001824,0.999998,150.497116,421.534668,66.793335
22,0.220000,0.001195,0.000225,-0.001945,0.999997,150.483185,421.532715,66.757629
23,0.230000,0.001160,0.000277,-0.001946,0.999997,150.477890,421.534027,66.742302
24,0.240000,0.001145,0.000274,-0.001978,0.999997,150.474747,421.535431,66.734322
25,0.250000,0.001147,0.000355,-0.002006,0.999997,150.488388,421.537994,66.742332
26,0.260000,0.001117,0.000477,-0.002132,0.999997,150.503769,421.551117,66.751862
27,0.270000,0.001130,0.000564,-0.002010,0.999997,150.511566,421.551758,66.771362
28,0.280000,0.001159,0.000563,-0.002097,0.999997,150.491333,421.550903,66.773369
29,0.290000,0.001160,0.000580,-0.002084,0.999997,150.468246,421.552429,66.767532
30,0.300000,0.001236,0.000566,-0.002194,0.999997,150.435730,421.562073,66.750931
31,0.310000,0.001291,0.000329,-0.002023,0.999997,150.381454,421.580444,66.736908
32,0.320000,0.001289,0.000336,-0.002127,0.999997,150.324188,421.608643,66.719322
33,0.330000,0.001325,0.000536,-0.002685,0.999995,150.245392,421.639648,66.709808
34,0.340000,0.001404,0.000407,-0.002730,0.999995,150.158859,421.683777,66.725296
35,0.350000,0.001527,0.000332,-0.003171,0.999994,150.082764,421.733368,66.724319
36,0.360000,0.001201,0.000862,-0.003721,0.999992,150.055481,421.841949,66.728676
37,0.370000,0.001188,0.000443,-0.003596,0.999993,149.968201,421.904236,66.703323
38,0.380000,,,,,,,
39,0.390000,0.001193,-0.000111,-0.003004,0.999995,149.741150,421.941681,66.669930
40,0.400000,,,,,,,
41,0.410000,0.001446,0.000309,-0.003479,0.999993,149.439484,421.920807,66.635406
42,0.420000,0.001181,0.000664,-0.003876,0.999992,149.327820,421.978790,66.646202
43,0.430000,0.001079,0.001264,-0.004931,0.999987,149.232880,422.042511,66.656487
44,0.440000,0.001138,0.000755,-0.004639,0.999988,149.080612,422.095734,66.646362
45,0.450000,0.001236,0.000390,-0.004356,0.999990,148.926529,422.127289,66.654922
46,0.460000,0.001232,0.000384,-0.004500,0.999989,148.770828,422.150055,66.672516
47,0.470000,0.001201,0.000508,-0.004321,0.999990,148.573074,422.154999,66.675262
48,0.480000,0.001213,0.000798,-0.004766,0.999988,148.390823,422.142120,66.663193
49,0.490000,0.001166,0.000883,-0.004900,0.999987,148.200134,422.142456,66.664368
50,0.500000,0.001281,0.000408,-0.004428,0.999989,147.957886,422.144043,66.650635
51,0.510000,0.001292,0.000139,-0.004376,0.999990,147.695007,422.184113,66.638138
52,0.520000,,,,,,,
53,0.530000,0.001192,0.000408,-0.005076,0.999986,147.169693,422.299744,66.641228
54,0.540000,0.001243,0.000333,-0.005018,0.999987,146.840179,422.345245,66.638023
55,0.550000,0.001175,0.000720,-0.005449,0.999984,146.546982,422.376251,66.625801
56,0.560000,0.001083,0.000693,-0.005429,0.999985,146.225250,422.387207,66.606987
57,0.570000,0.001136,0.000536,-0.005152,0.999986,145.880707,422.367645,66.588737
58,0.580000,,,,,,,
59,0.590000,0.000954,0.000690,-0.005297,0.999985,145.270844,422.382233,66.538277
60,0.600000,0.000927,0.001119,-0.005973,0.999981,144.995850,422.404175,66.516464
61,0.610000,,,,,,,
62,0.620000,0.000875,0.000865,-0.005476,0.999984,144.470032,422.394653,66.488998
63,0.630000,,,,,,,
64,0.640000,0.000823,0.000842,-0.005339,0.999985,143.995071,422.379425,66.465775
65,0.650000,0.000887,0.000521,-0.005061,0.999987,143.746033,422.359924,66.463242
66,0.660000,0.000897,0.000634,-0.005200,0.999986,143.538559,422.360504,66.455124
67,0.670000,0.000847,0.000703,-0.005320,0.999985,143.348450,422.374908,66.446541
68,0.680000,0.000889,0.001228,-0.006130,0.999980,143.161682,422.387543,66.446144
69,0.690000,0.000883,0.000623,-0.005261,0.999986,142.939392,422.383636,66.447754
70,0.700000,0.000880,0.000276,-0.004627,0.999989,142.719620,422.369537,66.454948
71,0.710000,0.000962,0.000053,-0.004377,0.999990,142.513794,422.346924,66.454597
72,0.720000,,,,,,,
73,0.730000,0.000994,0.000747,-0.005548,0.999984,142.159103,422.350983,66.471748
74,0.740000,0.000983,0.000522,-0.005276,0.999985,141.973801,422.370575,66.473595
75,0.750000,0.001028,0.000620,-0.005579,0.999984,141.825043,422.380066,66.485939
76,0.760000,0.001048,0.000799,-0.005517,0.999984,141.678802,422.387421,66.504982
77,0.770000,0.001072,0.000738,-0.005411,0.999985,141.537338,422.379822,66.515976
78,0.780000,,,,,,,
79,0.790000,0.001124,0.000546,-0.005175,0.999986,141.216599,422.354340,66.506577
80,0.800000,,,,,,,
81,0.810000,0.001122,-0.000309,-0.004053,0.999991,140.821640,422.350983,66.497650
82,0.820000,0.001155,-0.000325,-0.004122,0.999991,140.620483,422.343292,66.495819
83,0.830000,,,,,,,
84,0.840000,0.001255,0.000606,-0.005399,0.999985,140.241287,422.346588,66.533455
85,0.850000,0.001102,-0.000869,-0.002604,0.999996,139.999908,422.296356,66.548180
86,0.860000,,,,,,,
87,0.870000,0.001482,-0.000439,-0.004937,0.999987,139.583847,422.288818,66.556053
88,0.880000,0.001493,-0.000478,-0.005181,0.999985,139.315720,422.277924,66.537865
89,0.890000,0.001990,-0.001395,-0.005068,0.999984,138.950439,422.203888,66.505203
90,0.900000,0.002160,-0.001143,-0.005424,0.999982,138.688797,422.193695,66.493645
91,0.910000,0.003018,-0.002023,-0.006883,0.999970,138.249649,422.149902,66.396507
92,0.920000,0.002990,-0.001591,-0.007510,0.999966,137.980682,422.148895,66.398933
93,0.930000,0.002988,-0.002202,-0.006736,0.999970,137.688965,422.136414,66.401154
94,0.940000,0.002849,-0.003007,-0.004474,0.999981,137.450073,422.121552,66.411758
95,0.950000,0.002725,-0.003166,-0.003523,0.999985,137.218552,422.126953,66.415085
96,0.960000,0.002864,-0.001792,-0.006635,0.999972,136.971451,422.160217,66.401527
97,0.970000,0.002766,-0.002125,-0.006131,0.999975,136.728928,422.158783,66.396255
98,0.980000,0.002777,-0.001760,-0.006589,0.999973,136.512085,422.157898,66.391022
99,0.990000,0.002713,-0.002014,-0.006279,0.999975,136.246719,422.144745,66.367264
100,1.000000,0.002480,-0.002663,-0.004239,0.999984,136.054214,422.120605,66.379005
101,1.010000,0.002270,-0.002679,-0.003771,0.999987,135.865280,422.130219,66.388565
102,1.020000,0.002420,-0.001649,-0.006164,0.999977,135.654129,422.153687,66.386948
103,1.030000,0.002535,-0.001835,-0.006080,0.999977,135.425247,422.147156,66.379837
104,1.040000,0.002569,-0.001774,-0.005935,0.999978,135.227341,422.142792,66.381821
105,1.050000,0.002572,-0.001720,-0.006030,0.999977,135.013458,422.147095,66.383301
106,1.060000,0.002676,-0.002136,-0.006148,0.999975,134.748611,422.139404,66.375580
107,1.070000,0.002497,-0.003386,-0.002875,0.999987,134.520935,422.111145,66.375824
108,1.080000,0.002538,-0.002188,-0.005494,0.999979,134.295883,422.146667,66.368248
109,1.090000,0.002413,-0.001805,-0.005554,0.999980,134.097855,422.152954,66.374046
110,1.100000,0.001910,-0.000977,-0.005245,0.999984,133.980438,422.165741,66.433746
111,1.110000,0.001494,-0.002982,-0.000478,0.999994,133.731674,422.127228,66.442635
112,1.120000,0.001404,-0.002989,-0.000209,0.999995,133.501297,422.123932,66.434334
113,1.130000,0.001758,-0.001358,-0.004395,0.999988,133.227798,422.156525,66.405197
114,1.140000,0.001746,-0.001221,-0.004878,0.999986,132.969406,422.158478,66.406944
115,1.150000,0.001770,-0.001049,-0.004838,0.999986,132.684250,422.154846,66.406403
116,1.160000,0.001480,-0.002539,-0.000980,0.999995,132.432434,422.112854,66.415245
117,1.170000,0.001499,-0.003050,-0.000448,0.999994,132.110367,422.092010,66.404694
118,1.180000,0.001737,-0.001558,-0.004116,0.999989,131.813507,422.129028,66.389984
119,1.190000,0.001697,-0.001565,-0.004068,0.999989,131.529617,422.130127,66.387238
120,1.200000,0.001698,-0.001549,-0.004110,0.999989,131.273209,422.133026,66.393875
121,1.210000,0.001360,-0.003197,0.000516,0.999994,130.987869,422.082184,66.405876
122,1.220000,0.001170,-0.003482,0.001304,0.999992,130.696350,422.075928,66.410934
123,1.230000,0.001518,-0.001498,-0.003415,0.999992,130.427216,422.109772,66.409508
124,1.240000,0.001712,-0.001273,-0.004032,0.999990,130.154175,422.099182,66.415871
125,1.250000,0.001685,-0.001095,-0.004318,0.999989,129.920563,422.115509,66.411674
126,1.260000,0.001746,-0.001134,-0.004502,0.999988,129.687408,422.122498,66.412735
127,1.270000,0.001399,-0.003104,-0.000088,0.999994,129.466843,422.084656,66.435593
128,1.280000,0.001823,-0.001375,-0.004184,0.999989,129.204514,422.109589,66.415680
129,1.290000,0.001870,-0.001173,-0.004383,0.999988,129.009857,422.100494,66.416428
130,1.300000,0.001763,-0.001450,-0.004046,0.999989,128.814743,422.101807,66.419395
131,1.310000,0.001709,-0.001252,-0.003932,0.999990,128.660904,422.104279,66.425201
132,1.320000,0.001316,-0.003448,0.000930,0.999993,128.480545,422.059174,66.436096
133,1.330000,0.001185,-0.003915,0.002022,0.999990,128.314545,422.053589,66.433472
134,1.340000,0.001173,-0.004157,0.002604,0.999987,128.163376,422.045502,66.430527
135,1.350000,0.001205,-0.004302,0.002878,0.999986,128.027283,422.038208,66.433533
136,1.360000,0.001735,-0.002147,-0.002658,0.999993,127.886284,422.078186,66.427620
137,1.370000,0.001787,-0.001570,-0.003724,0.999990,127.768425,422.090118,66.435158
138,1.380000,0.001760,-0.000929,-0.004584,0.999988,127.633514,422.096252,66.439369
139,1.390000,0.001794,-0.001153,-0.004344,0.999988,127.521042,422.095612,66.442734
140,1.400000,0.001850,-0.001345,-0.004007,0.999989,127.382088,422.082001,66.435059
141,1.410000,0.001833,-0.001249,-0.004206,0.999989,127.262100,422.077637,66.433380
142,1.420000,0.001823,-0.001199,-0.004145,0.999989,127.157539,422.075409,66.435020
143,1.430000,0.001422,-0.003556,0.001554,0.999991,127.061844,422.027313,66.436623
144,1.440000,0.001290,-0.003985,0.002699,0.999988,126.953827,422.026947,66.428772
145,1.450000,0.001086,-0.004466,0.003530,0.999983,126.828972,422.038635,66.422615
146,1.460000,0.001092,-0.004029,0.002972,0.999987,126.707329,422.052460,66.423401
147,1.470000,0.001624,-0.001783,-0.002483,0.999994,126.556084,422.089630,66.397049
148,1.480000,0.001695,-0.001079,-0.003957,0.999990,126.438873,422.093079,66.393494
149,1.490000,0.001770,-0.001166,-0.004122,0.999989,126.300034,422.087830,66.387093
150,1.500000,0.001774,-0.001340,-0.004103,0.999989,126.175316,422.084534,66.394356
151,1.510000,0.001784,-0.001271,-0.004181,0.999989,126.051201,422.074951,66.395111
152,1.520000,0.001789,-0.001105,-0.004487,0.999988,125.912262,422.068848,66.405922
153,1.530000,0.001803,-0.001372,-0.004001,0.999990,125.740334,422.057922,66.407005
154,1.540000,0.001353,-0.003634,0.001288,0.999992,125.562202,422.012085,66.402481
155,1.550000,0.001207,-0.003766,0.002039,0.999990,125.394714,422.016937,66.402130
156,1.560000,0.001494,-0.001329,-0.003351,0.999992,125.227661,422.072845,66.390450
157,1.570000,0.001630,-0.000846,-0.004082,0.999990,125.057343,422.071808,66.377258
158,1.580000,0.001617,-0.000836,-0.003775,0.999991,124.855812,422.064117,66.371429
159,1.590000,0.001660,-0.001367,-0.003463,0.999992,124.625053,422.049255,66.366722
160,1.600000,0.001655,-0.001268,-0.003459,0.999992,124.434013,422.045959,66.364845
161,1.610000,0.001196,-0.003485,0.001910,0.999991,124.252808,422.000244,66.379105
162,1.620000,0.001202,-0.003600,0.001993,0.999991,124.039101,421.987671,66.389694
163,1.630000,0.001659,-0.001647,-0.003219,0.999992,123.811562,422.027649,66.367538
164,1.640000,0.001719,-0.001552,-0.003594,0.999991,123.589333,422.024292,66.369720
165,1.650000,0.001623,-0.001122,-0.003958,0.999990,123.355644,422.033905,66.371826
166,1.660000,0.001672,-0.000673,-0.004052,0.999990,123.113152,422.035736,66.368660
167,1.670000,0.001354,-0.003492,0.001723,0.999992,122.829514,421.977539,66.375839
168,1.680000,0.001803,-0.001894,-0.002836,0.999993,122.532227,422.019135,66.368248
169,1.690000,0.001884,-0.001033,-0.004265,0.999989,122.278656,422.022369,66.387596
170,1.700000,0.001723,-0.000733,-0.004286,0.999989,122.000710,422.029846,66.389503
171,1.710000,0.001757,-0.001581,-0.003130,0.999992,121.628822,422.006073,66.366554
172,1.720000,0.001224,-0.003978,0.002938,0.999987,121.320961,421.963348,66.366592
173,1.730000,0.001535,-0.001579,-0.002099,0.999995,121.026550,422.011200,66.351929
174,1.740000,0.001771,-0.001044,-0.003750,0.999991,120.693642,422.003265,66.345703
175,1.750000,0.001718,-0.001060,-0.003947,0.999990,120.366234,422.002716,66.350677
176,1.760000,0.001662,-0.000952,-0.004158,0.999990,120.050629,422.003906,66.343414
177,1.770000,0.001668,-0.001259,-0.003636,0.999991,119.737534,421.994019,66.335236
178,1.780000,0.001797,-0.001343,-0.002991,0.999993,119.397156,421.982880,66.338875
179,1.790000,0.001829,-0.001124,-0.003460,0.999992,119.103043,421.973480,66.344902
180,1.800000,0.001507,-0.000011,-0.003800,0.999992,118.732788,421.979279,66.309494
181,1.810000,0.001458,-0.000255,-0.003347,0.999993,118.380470,421.984650,66.290825
182,1.820000,0.001490,-0.000886,-0.002603,0.999995,118.059471,421.967102,66.277061
183,1.830000,0.001497,-0.000878,-0.002566,0.999995,117.763817,421.959015,66.266670
184,1.840000,0.001495,-0.000588,-0.002570,0.999995,117.470474,421.966553,66.259933
185,1.850000,0.001468,-0.000803,-0.002680,0.999995,117.169609,421.970520,66.260765
186,1.860000,0.001489,-0.000503,-0.003552,0.999992,116.899399,421.966858,66.263748
187,1.870000,0.001466,-0.000527,-0.003344,0.999993,116.639465,421.964264,66.265396
188,1.880000,0.001471,-0.000644,-0.002918,0.999995,116.387802,421.952057,66.265068
189,1.890000,0.001536,-0.001086,-0.002331,0.999996,116.135376,421.935120,66.257538
190,1.900000,0.001534,-0.001044,-0.002273,0.999996,115.921432,421.934540,66.249443
191,1.910000,0.001375,-0.000210,-0.003203,0.999994,115.733582,421.958862,66.248940
192,1.920000,0.001365,0.000155,-0.003577,0.999993,115.536705,421.965057,66.242989
193,1.930000,0.001461,-0.000119,-0.003296,0.999994,115.331673,421.951752,66.233101
194,1.940000,0.001419,-0.000377,-0.003440,0.999993,115.098221,421.942322,66.229103
195,1.950000,0.001401,-0.000376,-0.003283,0.999994,114.918892,421.934143,66.217873
196,1.960000,0.001361,-0.000318,-0.003122,0.999994,114.749580,421.935242,66.216110
197,1.970000,0.001319,-0.000236,-0.003073,0.999994,114.592941,421.941895,66.222931
198,1.980000,0.001360,-0.000450,-0.002957,0.999995,114.424049,421.943176,66.213448
199,1.990000,0.001789,0.001297,-0.006678,0.999975,114.287498,421.919525,66.230591
200,2.000000,0.001840,0.001283,-0.006868,0.999974,114.123245,421.910889,66.232224
201,2.010000,0.001499,-0.000249,-0.003628,0.999992,113.931190,421.923798,66.225739
202,2.020000,0.001855,0.000851,-0.006011,0.999980,113.787651,421.895020,66.231094
203,2.030000,0.001932,0.001098,-0.006140,0.999979,113.620918,421.892853,66.229385
204,2.040000,0.001993,0.001183,-0.006547,0.999976,113.446838,421.886444,66.229492
205,2.050000,0.001595,0.000088,-0.004160,0.999990,113.296562,421.906647,66.225281
206,2.060000,0.001466,-0.000226,-0.003656,0.999992,113.140739,421.913483,66.219589
207,2.070000,0.001418,-0.000615,-0.003173,0.999994,112.948509,421.913727,66.217216
208,2.080000,0.001417,-0.000514,-0.003205,0.999994,112.793663,421.915680,66.220490
209,2.090000,0.001870,0.001517,-0.007002,0.999973,112.656654,421.893097,66.243225
210,2.100000,0.001966,0.001455,-0.007333,0.999970,112.465256,421.884491,66.236748
211,2.110000,0.002066,0.001843,-0.007802,0.999966,112.291763,421.885101,66.253334
212,2.120000,0.002179,0.002028,-0.008038,0.999963,112.130844,421.883789,66.272469
213,2.130000,0.002262,0.001628,-0.007617,0.999967,111.934372,421.882172,66.289154
214,2.140000,0.002364,0.001560,-0.007484,0.999968,111.759270,421.889984,66.295113
215,2.150000,0.001862,0.000580,-0.005108,0.999985,111.597664,421.930969,66.296494
216,2.160000,0.001860,0.000206,-0.004470,0.999988,111.405907,421.924561,66.286560
217,2.170000,0.001896,0.000344,-0.004604,0.999988,111.226273,421.915588,66.276161
218,2.180000,0.001836,0.000680,-0.004940,0.999986,111.079033,421.923737,66.272072
219,2.190000,0.002331,0.001518,-0.007309,0.999969,110.875099,421.888367,66.288559
220,2.200000,0.002470,0.002074,-0.008359,0.999960,110.753998,421.865295,66.327911
221,2.210000,0.002514,0.001784,-0.008183,0.999962,110.574150,421.853882,66.320518
222,2.220000,0.002410,0.001921,-0.008097,0.999963,110.471046,421.876312,66.317909
223,2.230000,0.002449,0.001754,-0.008618,0.999958,110.313210,421.888947,66.310661
224,2.240000,0.002396,0.001918,-0.009045,0.999954,110.206001,421.884033,66.305405
225,2.250000,0.002341,0.002566,-0.009219,0.999951,110.066704,421.888336,66.298912
226,2.260000,0.002332,0.001679,-0.008297,0.999961,109.905304,421.895355,66.266838
227,2.270000,0.002294,0.001567,-0.008107,0.999963,109.774384,421.907990,66.270065
228,2.280000,0.001957,0.000680,-0.005869,0.999981,109.720657,421.932861,66.281898
229,2.290000,0.001294,-0.003177,0.002708,0.999991,109.599800,421.892151,66.296936
230,2.300000,0.000929,-0.006382,0.010180,0.999927,109.550278,421.855560,66.277039
231,2.310000,0.000668,-0.007984,0.014383,0.999865,109.495674,421.828308,66.276299
232,2.320000,0.000622,-0.008736,0.015988,0.999834,109.462502,421.784912,66.303116
233,2.330000,0.002373,0.000826,-0.006267,0.999977,109.417435,421.846558,66.328796
234,2.340000,0.002570,0.002306,-0.009290,0.999951,109.401016,421.853394,66.320702
235,2.350000,0.002506,0.002397,-0.009385,0.999950,109.367043,421.858307,66.310349
236,2.360000,0.002456,0.002361,-0.009330,0.999951,109.339523,421.863770,66.299927
237,2.370000,0.002442,0.002456,-0.009428,0.999950,109.325172,421.866486,66.295937
238,2.380000,0.002406,0.002372,-0.009452,0.999950,109.298012,421.875702,66.281044
239,2.390000,0.002408,0.002247,-0.009502,0.999949,109.276886,421.884766,66.273315
240,2.400000,0.002449,0.002358,-0.009518,0.999949,109.254318,421.879700,66.281578
241,2.410000,0.002509,0.002339,-0.009501,0.999949,109.231453,421.868713,66.298004
242,2.420000,0.002602,0.002347,-0.009627,0.999948,109.198288,421.864227,66.320259
243,2.430000,0.002784,0.002452,-0.009552,0.999948,109.170837,421.863281,66.350525
244,2.440000,0.002887,0.002350,-0.009455,0.999948,109.139671,421.857574,66.373154
245,2.450000,0.002975,0.002252,-0.009449,0.999949,109.111176,421.849823,66.389420
246,2.460000,0.003045,0.002443,-0.009595,0.999946,109.086441,421.855225,66.395378
247,2.470000,0.002912,0.001841,-0.008589,0.999957,109.041878,421.858978,66.386032
248,2.480000,0.002856,0.001807,-0.008593,0.999957,109.002907,421.862732,66.374794
249,2.490000,0.002832,0.001885,-0.008589,0.999957,108.971024,421.863525,66.369232
250,2.500000,0.002778,0.001884,-0.008586,0.999958,108.934517,421.866669,66.357628
251,2.510000,0.002743,0.002284,-0.009450,0.999949,108.892708,421.884827,66.345184
252,2.520000,0.002687,0.002556,-0.009727,0.999946,108.860298,421.896271,66.337639
253,2.530000,0.002656,0.002221,-0.009405,0.999950,108.788925,421.902435,66.337425
254,2.540000,0.002677,0.002174,-0.009333,0.999951,108.729111,421.895081,66.338524
255,2.550000,0.002752,0.001893,-0.009180,0.999952,108.648346,421.878510,66.327263
256,2.560000,0.002730,0.001859,-0.009168,0.999953,108.581573,421.878143,66.320473
257,2.570000,0.003807,0.005722,-0.018166,0.999811,108.478180,421.889832,66.294891
258,2.580000,0.003920,0.006571,-0.019680,0.999777,108.419975,421.900360,66.293755
259,2.590000,0.003924,0.006670,-0.019943,0.999771,108.344086,421.915253,66.294205
260,2.600000,0.002812,0.002594,-0.010543,0.999937,108.289612,421.909088,66.309380
261,2.610000,0.002693,0.002069,-0.009383,0.999950,108.206924,421.910828,66.302315
262,2.620000,0.002593,0.002304,-0.009693,0.999947,108.150665,421.922913,66.299049
263,2.630000,0.002551,0.002166,-0.009484,0.999949,108.047684,421.924805,66.290245
264,2.640000,0.002462,0.001980,-0.009225,0.999953,107.953133,421.941254,66.249924
265,2.650000,0.002242,0.001609,-0.008269,0.999962,107.873207,421.953583,66.229782
266,2.660000,0.002274,0.001166,-0.007806,0.999966,107.773560,421.944275,66.218178
267,2.670000,0.002374,0.001535,-0.008751,0.999958,107.682564,421.937042,66.212379
268,2.680000,0.002400,0.001747,-0.008976,0.999955,107.594330,421.931702,66.215195
269,2.690000,0.002428,0.001552,-0.008940,0.999956,107.482391,421.931732,66.212410
270,2.700000,0.002415,0.001807,-0.009236,0.999953,107.396919,421.943024,66.215340
271,2.710000,0.003512,0.006002,-0.018846,0.999798,107.292221,421.962982,66.195351
272,2.720000,0.002417,0.002033,-0.009509,0.999950,107.186600,421.952820,66.217926
273,2.730000,0.002381,0.001730,-0.009164,0.999954,107.058151,421.948303,66.208305
274,2.740000,0.002371,0.001769,-0.009244,0.999953,106.936302,421.944092,66.208679
275,2.750000,0.002359,0.001490,-0.009006,0.999956,106.786469,421.935150,66.195251
276,2.760000,0.002373,0.001327,-0.008850,0.999957,106.640030,421.932526,66.193199
277,2.770000,0.002233,0.001345,-0.008600,0.999960,106.531174,421.947510,66.188286
278,2.780000,0.002175,0.001647,-0.008831,0.999957,106.431808,421.956573,66.181252
279,2.790000,0.002220,0.001784,-0.009366,0.999952,106.311386,421.959869,66.172577
280,2.800000,0.002204,0.001962,-0.009408,0.999951,106.204292,421.960815,66.172493
281,2.810000,0.002175,0.002078,-0.009595,0.999949,106.081421,421.955048,66.166473
282,2.820000,0.002197,0.001674,-0.009054,0.999955,105.939247,421.944153,66.151711
283,2.830000,0.001783,0.000195,-0.005743,0.999982,105.797661,421.969086,66.123886
284,2.840000,0.002109,0.001314,-0.008332,0.999962,105.678337,421.950378,66.127304
285,2.850000,0.002204,0.001650,-0.008997,0.999956,105.546906,421.953735,66.122307
286,2.860000,0.002254,0.001397,-0.008787,0.999958,105.398598,421.941223,66.124168
287,2.870000,0.002188,0.001319,-0.008365,0.999962,105.275093,421.935364,66.132065
288,2.880000,0.002177,0.001170,-0.008136,0.999964,105.130547,421.929443,66.140900
289,2.890000,0.002127,0.001564,-0.008640,0.999959,105.018845,421.942413,66.151596
290,2.900000,0.002256,0.001322,-0.008767,0.999958,104.852257,421.941345,66.145515
291,2.910000,0.002264,0.001406,-0.008747,0.999958,104.702751,421.946503,66.144234
292,2.920000,0.003283,0.005718,-0.018289,0.999811,104.555809,421.951569,66.123352
293,2.930000,0.003443,0.006502,-0.019793,0.999777,104.415077,421.931763,66.130096
294,2.940000,0.002408,0.002383,-0.010494,0.999939,104.278183,421.903381,66.153137
295,2.950000,0.002325,0.002032,-0.009557,0.999950,104.156090,421.903076,66.159546
296,2.960000,0.002351,0.001979,-0.009573,0.999949,104.030022,421.905640,66.165047
297,2.970000,0.002418,0.001717,-0.009173,0.999954,103.861702,421.896423,66.164291
298,2.980000,0.002319,0.001454,-0.008354,0.999961,103.726486,421.891266,66.161232
299,2.990000,0.002405,0.001495,-0.008897,0.999956,103.566902,421.890656,66.150093
300,3.000000,0.002375,0.001541,-0.009026,0.999955,103.427910,421.893433,66.156471
301,3.010000,0.002400,0.001789,-0.009625,0.999949,103.283226,421.901184,66.164032
302,3.020000,0.002380,0.001917,-0.009820,0.999947,103.148018,421.903992,66.165009
303,3.030000,0.002463,0.001534,-0.009479,0.999951,102.966637,421.888428,66.149864
304,3.040000,0.002490,0.001343,-0.009123,0.999954,102.782249,421.889526,66.147385
305,3.050000,0.002468,0.001224,-0.008987,0.999956,102.618141,421.893738,66.141731
306,3.060000,0.002407,0.001208,-0.008615,0.999959,102.450195,421.896423,66.128242
307,3.070000,0.002339,0.001341,-0.008618,0.999959,102.281731,421.888519,66.120193
308,3.080000,0.002339,0.001214,-0.008526,0.999960,102.105179,421.878784,66.115448
309,3.090000,0.002346,0.000846,-0.008324,0.999962,101.919746,421.875458,66.103233
310,3.100000,0.002299,0.001609,-0.009554,0.999950,101.768654,421.894836,66.099670
311,3.110000,0.001907,0.000083,-0.006493,0.999977,101.564949,421.918488,66.068718
312,3.120000,0.003370,0.005175,-0.018353,0.999813,101.390884,421.898254,66.054893
313,3.130000,0.002357,0.001554,-0.009454,0.999951,101.217583,421.879822,66.071274
314,3.140000,0.002302,0.000941,-0.008553,0.999960,101.032745,421.873444,66.069878
315,3.150000,0.002359,0.000939,-0.008389,0.999962,100.851517,421.862701,66.075371
316,3.160000,0.002386,0.001063,-0.008544,0.999960,100.697617,421.854401,66.076950
317,3.170000,0.002380,0.000905,-0.008627,0.999960,100.517540,421.855133,66.080940
318,3.180000,0.002514,0.000976,-0.009311,0.999953,100.342972,421.856110,66.081940
319,3.190000,0.003678,0.004718,-0.018353,0.999814,100.168388,421.871674,66.069908
320,3.200000,0.002680,0.001410,-0.010265,0.999943,100.021194,421.883057,66.085030
321,3.210000,0.002079,-0.001242,-0.004759,0.999986,99.842506,421.905304,66.067429
322,3.220000,0.002406,0.000109,-0.007814,0.999967,99.702553,421.876709,66.088402
323,3.230000,0.002553,0.000283,-0.008266,0.999963,99.562515,421.855927,66.087158
324,3.240000,0.002545,0.000432,-0.008485,0.999961,99.446091,421.846588,66.079094
325,3.250000,0.002558,0.000513,-0.008352,0.999962,99.335976,421.839081,66.075439
326,3.260000,0.002635,0.000553,-0.008729,0.999958,99.213226,421.829071,66.072914
327,3.270000,0.002648,0.000552,-0.008623,0.999959,99.111816,421.826355,66.070923
328,3.280000,0.002666,0.000698,-0.008458,0.999960,99.009956,421.823761,66.070999
329,3.290000,0.002709,0.000653,-0.008660,0.999959,98.895775,421.821167,66.059975
330,3.300000,0.002690,0.000642,-0.008727,0.999958,98.802315,421.825409,66.054573
331,3.310000,0.002717,0.000463,-0.008762,0.999958,98.694084,421.818420,66.058220
332,3.320000,0.002678,0.000545,-0.008959,0.999956,98.604996,421.820496,66.052177
333,3.330000,0.002693,0.000460,-0.008880,0.999957,98.488991,421.816681,66.037811
334,3.340000,0.002711,0.000550,-0.009052,0.999955,98.399857,421.811462,66.031509
335,3.350000,0.002652,0.000830,-0.009369,0.999952,98.339493,421.821808,66.034050
336,3.360000,0.002574,0.000784,-0.009402,0.999952,98.263786,421.831940,66.029221
337,3.370000,0.002486,0.000548,-0.009097,0.999955,98.181038,421.835266,66.023056
338,3.380000,0.002041,-0.000572,-0.006170,0.999979,98.119080,421.862396,66.004272
339,3.390000,0.001916,-0.001147,-0.005075,0.999985,98.034485,421.859894,65.998352
340,3.400000,0.001983,-0.001484,-0.004693,0.999986,97.946678,421.843964,65.989983
341,3.410000,0.002044,-0.001467,-0.004622,0.999986,97.871254,421.844116,65.993668
342,3.420000,0.002117,-0.001349,-0.004695,0.999986,97.802536,421.849823,65.998299
343,3.430000,0.002159,-0.001462,-0.004567,0.999986,97.729874,421.850952,66.001846
344,3.440000,0.002721,0.000113,-0.008324,0.999962,97.647072,421.817413,66.030785
345,3.450000,0.002851,-0.000245,-0.008111,0.999963,97.536423,421.808228,66.044983
346,3.460000,0.002992,0.000218,-0.009128,0.999954,97.455101,421.814087,66.059166
347,3.470000,0.003074,0.000311,-0.009377,0.999951,97.368561,421.816711,66.070557
348,3.480000,0.003145,0.000275,-0.009192,0.999953,97.264725,421.820221,66.075203
349,3.490000,0.003123,0.000484,-0.009494,0.999950,97.175568,421.827026,66.077217
350,3.500000,0.003133,0.000532,-0.009467,0.999950,97.086426,421.831177,66.074913
351,3.510000,0.003086,0.000445,-0.009391,0.999951,96.979324,421.832031,66.065041
352,3.520000,0.002974,-0.000084,-0.008570,0.999959,96.876106,421.826813,66.042068
353,3.530000,0.002828,-0.000106,-0.008403,0.999961,96.782623,421.826935,66.026833
354,3.540000,0.002767,-0.000147,-0.008252,0.999962,96.694679,421.819641,66.013901
355,3.550000,0.002718,-0.000134,-0.008220,0.999963,96.614746,421.815613,66.000404
356,3.560000,0.002685,-0.000137,-0.008281,0.999962,96.552612,421.823120,65.987518
357,3.570000,0.002631,-0.000147,-0.008260,0.999962,96.487648,421.828674,65.979500
358,3.580000,0.002214,-0.001215,-0.005670,0.999981,96.437958,421.858887,65.968689
359,3.590000,0.002593,-0.000469,-0.007702,0.999967,96.357857,421.835999,65.975548
360,3.600000,0.002254,-0.001705,-0.005095,0.999983,96.299187,421.860962,65.971092
361,3.610000,0.002122,-0.002005,-0.004368,0.999986,96.263054,421.869812,65.971382
362,3.620000,0.002121,-0.002052,-0.004250,0.999987,96.220680,421.864594,65.971428
363,3.630000,0.002134,-0.001959,-0.004294,0.999987,96.186714,421.856903,65.966980
364,3.640000,0.002163,-0.001827,-0.004352,0.999987,96.153961,421.859070,65.965164
365,3.650000,0.002220,-0.001638,-0.005079,0.999983,96.126328,421.864349,65.959427
366,3.660000,0.002257,-0.001549,-0.005232,0.999983,96.104523,421.867615,65.959892
367,3.670000,0.002271,-0.001529,-0.005266,0.999982,96.095520,421.870361,65.961143
368,3.680000,0.002289,-0.001529,-0.005252,0.999982,96.086540,421.870911,65.966797
369,3.690000,0.002289,-0.001502,-0.005242,0.999983,96.080421,421.870361,65.972267
370,3.700000,0.002275,-0.001446,-0.005270,0.999982,96.075531,421.872375,65.972107
371,3.710000,0.002259,-0.001462,-0.005211,0.999983,96.062523,421.868774,65.966026
372,3.720000,0.002254,-0.001459,-0.005175,0.999983,96.037819,421.856873,65.959282
373,3.730000,0.002257,-0.001435,-0.005137,0.999983,96.013863,421.848297,65.956566
374,3.740000,0.002822,-0.000065,-0.008910,0.999956,95.965401,421.806091,65.971794
375,3.750000,0.002864,0.000164,-0.009176,0.999954,95.928955,421.809937,65.980980
376,3.760000,0.002872,0.000123,-0.009153,0.999954,95.889900,421.815460,65.983711
377,3.770000,0.004198,0.004917,-0.020360,0.999772,95.837715,421.812775,65.974930
378,3.780000,0.002879,0.000466,-0.009658,0.999949,95.791969,421.827881,65.977570
379,3.790000,0.002693,0.000000,-0.008598,0.999959,95.726463,421.832855,65.967850
380,3.800000,0.002636,0.000058,-0.008579,0.999960,95.650986,421.831177,65.961037
381,3.810000,0.002708,0.000169,-0.009187,0.999954,95.541138,421.824768,65.953957
382,3.820000,0.002643,-0.000153,-0.008577,0.999960,95.441444,421.826080,65.944992
383,3.830000,0.002637,-0.000147,-0.008524,0.999960,95.337090,421.834381,65.935333
384,3.840000,0.002599,-0.000392,-0.008104,0.999964,95.215195,421.846771,65.932236
385,3.850000,0.001635,-0.001396,-0.004271,0.999989,95.151161,421.917145,65.951805
386,3.860000,0.001528,-0.001704,-0.003629,0.999991,95.025833,421.917267,65.942635
387,3.870000,0.001586,-0.001610,-0.003581,0.999991,94.881721,421.901764,65.940956
388,3.880000,0.001587,-0.000929,-0.004995,0.999986,94.757790,421.904663,65.954453
389,3.890000,0.001607,-0.000519,-0.005275,0.999985,94.642166,421.912292,65.956131
390,3.900000,0.001633,-0.001015,-0.004693,0.999987,94.480133,421.915680,65.950287
391,3.910000,0.001588,-0.000752,-0.005402,0.999984,94.336189,421.926666,65.956429
392,3.920000,0.001519,-0.001228,-0.004422,0.999988,94.182350,421.924286,65.954346
393,3.930000,0.001543,-0.001650,-0.003912,0.999990,94.024673,421.925720,65.954018
394,3.940000,0.001611,-0.001435,-0.004305,0.999988,93.882484,421.930267,65.955177
395,3.950000,0.001484,-0.000566,-0.005113,0.999986,93.778503,421.946747,65.963631
396,3.960000,0.001544,-0.000994,-0.004503,0.999988,93.605286,421.928589,65.950867
397,3.970000,0.001615,-0.001018,-0.004397,0.999989,93.448944,421.919800,65.942459
398,3.980000,0.001725,-0.001283,-0.004147,0.999989,93.242371,421.908295,65.937469
399,3.990000,0.001769,-0.001477,-0.003738,0.999990,93.069695,421.890350,65.929245
400,4.000000,0.001763,-0.001402,-0.004133,0.999989,92.907082,421.879303,65.933067
401,4.010000,0.001672,-0.000880,-0.005243,0.999985,92.769104,421.885223,65.936493
402,4.020000,0.001536,-0.000944,-0.004973,0.999986,92.638618,421.893677,65.932434
403,4.030000,0.001510,-0.000924,-0.004950,0.999986,92.501083,421.894257,65.929039
404,4.040000,0.001574,-0.000858,-0.005132,0.999985,92.359901,421.892120,65.924423
405,4.050000,0.001638,-0.000969,-0.004830,0.999987,92.215172,421.885193,65.925552
406,4.060000,0.001654,-0.001580,-0.003882,0.999990,92.031700,421.870544,65.922928
407,4.070000,0.001573,-0.001182,-0.003994,0.999990,91.907661,421.875153,65.926437
408,4.080000,0.001597,-0.000808,-0.004677,0.999987,91.763634,421.874054,65.920677
409,4.090000,0.001598,-0.001238,-0.004319,0.999989,91.597572,421.861084,65.899406
410,4.100000,0.001545,-0.000744,-0.005063,0.999986,91.478592,421.858826,65.902336
411,4.110000,0.001567,-0.000506,-0.005517,0.999983,91.375847,421.858856,65.894165
412,4.120000,0.001523,-0.000656,-0.005196,0.999985,91.286789,421.857544,65.887932
413,4.130000,0.001536,-0.000780,-0.004998,0.999986,91.207199,421.854675,65.882362
414,4.140000,0.001561,-0.000295,-0.005904,0.999981,91.150223,421.858734,65.904739
415,4.150000,0.001664,-0.000792,-0.005119,0.999985,91.055519,421.848480,65.915825
416,4.160000,0.001708,-0.000888,-0.004955,0.999986,91.002113,421.844421,65.925102
417,4.170000,0.001746,-0.000842,-0.004961,0.999986,90.960220,421.841370,65.927200
418,4.180000,0.001754,-0.000825,-0.004949,0.999986,90.920692,421.840302,65.926819
419,4.190000,0.001759,-0.001144,-0.004607,0.999987,90.859779,421.835938,65.924873
420,4.200000,0.001741,-0.001373,-0.004193,0.999989,90.794975,421.832672,65.917519
421,4.210000,0.001668,-0.001388,-0.004072,0.999989,90.739128,421.829956,65.905304
422,4.220000,0.001677,-0.001068,-0.004574,0.999988,90.683212,421.831299,65.896782
423,4.230000,0.001666,-0.001070,-0.004502,0.999988,90.627258,421.824829,65.893852
424,4.240000,0.001690,-0.001360,-0.004174,0.999989,90.555115,421.812866,65.889389
425,4.250000,0.001706,-0.001266,-0.004222,0.999989,90.496758,421.813202,65.884018
426,4.260000,0.001673,-0.001321,-0.004188,0.999989,90.426384,421.818085,65.885132
427,4.270000,0.001731,-0.001030,-0.004912,0.999986,90.355827,421.817352,65.901680
428,4.280000,0.001785,-0.000992,-0.005007,0.999985,90.281868,421.817963,65.909225
429,4.290000,0.001809,-0.000883,-0.005147,0.999985,90.190025,421.819336,65.911003
430,4.300000,0.001890,-0.000928,-0.005320,0.999984,90.075241,421.820282,65.907318
431,4.310000,0.001459,0.000918,-0.007035,0.999974,90.071800,421.895599,65.949364
432,4.320000,0.001477,0.001363,-0.007396,0.999971,89.986893,421.912170,65.969360
433,4.330000,0.001444,0.000844,-0.006763,0.999976,89.833534,421.908600,65.976677
434,4.340000,0.001507,0.000946,-0.007195,0.999973,89.710350,421.900604,65.976463
435,4.350000,0.001535,0.000720,-0.006935,0.999975,89.586594,421.883484,65.972748
436,4.360000,0.001511,0.000459,-0.006532,0.999977,89.472870,421.879517,65.968315
437,4.370000,0.001521,0.000266,-0.006473,0.999978,89.358368,421.877838,65.959541
438,4.380000,0.001563,0.000085,-0.006091,0.999980,89.234344,421.875427,65.954430
439,4.390000,0.001551,-0.000025,-0.005911,0.999981,89.129105,421.874603,65.947487
440,4.400000,0.001601,-0.000380,-0.005416,0.999984,89.017982,421.866241,65.944336
441,4.410000,0.001622,-0.000530,-0.005131,0.999985,88.918602,421.862335,65.942947
442,4.420000,0.001639,-0.000648,-0.004838,0.999987,88.813950,421.857300,65.944221
443,4.430000,0.001663,-0.000812,-0.004551,0.999988,88.715393,421.853668,65.947311
444,4.440000,0.001716,-0.000346,-0.005369,0.999984,88.630173,421.866089,65.952171
445,4.450000,0.001797,-0.000605,-0.005602,0.999983,88.509918,421.851959,65.962639
446,4.460000,0.001765,-0.000410,-0.005900,0.999981,88.449471,421.860321,65.975517
447,4.470000,0.001815,-0.000309,-0.005893,0.999981,88.381187,421.859711,65.982666
448,4.480000,0.001802,-0.000395,-0.005658,0.999982,88.333527,421.858917,65.989784
449,4.490000,0.001830,-0.000489,-0.005569,0.999983,88.301018,421.856445,65.991974
450,4.500000,0.001866,-0.000519,-0.005584,0.999983,88.283585,421.853882,65.993958
451,4.510000,0.001908,-0.000594,-0.005536,0.999983,88.274757,421.850281,65.998604
452,4.520000,0.001926,-0.000632,-0.005486,0.999983,88.272453,421.848480,66.001869
453,4.530000,0.001912,-0.000656,-0.005444,0.999983,88.274681,421.847565,66.002113
454,4.540000,0.001908,-0.000675,-0.005407,0.999983,88.271347,421.845825,66.000786
455,4.550000,0.001923,-0.000703,-0.005355,0.999984,88.262436,421.842468,66.002541
456,4.560000,0.001962,-0.000799,-0.005323,0.999984,88.246086,421.837036,66.002052
457,4.570000,0.001993,-0.000878,-0.005349,0.999983,88.227280,421.833618,66.004578
458,4.580000,0.002031,-0.001041,-0.005228,0.999984,88.206284,421.829285,66.004097
459,4.590000,0.002029,-0.001089,-0.005211,0.999984,88.194046,421.829834,66.003639
460,4.600000,0.002036,-0.001354,-0.004819,0.999985,88.160133,421.828613,66.003036
461,4.610000,0.001996,-0.001178,-0.005258,0.999984,88.141426,421.831116,66.004501
462,4.620000,0.001915,-0.001095,-0.005262,0.999984,88.150337,421.838562,65.985519
463,4.630000,0.001869,-0.000879,-0.005813,0.999981,88.129814,421.840179,65.981316
464,4.640000,0.001823,-0.000908,-0.005846,0.999981,88.108742,421.843201,65.967140
465,4.650000,0.001796,-0.000937,-0.005849,0.999981,88.076378,421.843781,65.956169
466,4.660000,0.001875,-0.001685,-0.004981,0.999985,87.987701,421.831116,65.941071
467,4.670000,0.001833,-0.002006,-0.004456,0.999986,87.926743,421.831696,65.938095
468,4.680000,0.001815,-0.001891,-0.004707,0.999986,87.865234,421.833038,65.945183
469,4.690000,0.001822,-0.001500,-0.004910,0.999985,87.798073,421.836334,65.956192
470,4.700000,0.001904,-0.001648,-0.004872,0.999985,87.709946,421.831177,65.953621
471,4.710000,0.001907,-0.001852,-0.004573,0.999986,87.612122,421.826050,65.945290
472,4.720000,0.001873,-0.002296,-0.003925,0.999988,87.487671,421.825623,65.928001
473,4.730000,0.001924,-0.002254,-0.004093,0.999987,87.361710,421.830688,65.916794
474,4.740000,0.001928,-0.002562,-0.003748,0.999988,87.226181,421.828186,65.906471
475,4.750000,0.002003,-0.002735,-0.003790,0.999987,87.078842,421.827576,65.899170
476,4.760000,0.002041,-0.002597,-0.004338,0.999985,86.948799,421.827057,65.900757
477,4.770000,0.001970,-0.003215,-0.003533,0.999987,86.791832,421.826996,65.898445
478,4.780000,0.001888,-0.000969,-0.005586,0.999982,86.805763,421.860107,65.895981
479,4.790000,0.001873,-0.000475,-0.005798,0.999981,86.709740,421.860657,65.894852
480,4.800000,0.001851,-0.000442,-0.005644,0.999982,86.605835,421.855408,65.893219
481,4.810000,0.001812,-0.000032,-0.006214,0.999979,86.503853,421.853577,65.897392
482,4.820000,0.001744,0.000493,-0.006730,0.999976,86.438728,421.866943,65.905014
483,4.830000,0.001886,-0.000160,-0.006257,0.999979,86.282021,421.855469,65.884109
484,4.840000,0.001956,-0.000220,-0.006265,0.999979,86.177765,421.851196,65.880295
485,4.850000,0.001942,-0.000404,-0.006257,0.999979,86.064644,421.848663,65.883202
486,4.860000,0.002001,-0.000967,-0.005715,0.999981,85.944351,421.837036,65.876335
487,4.870000,0.002044,-0.001030,-0.005620,0.999982,85.860641,421.837769,65.869148
488,4.880000,0.002127,-0.000993,-0.005749,0.999981,85.773705,421.841309,65.867584
489,4.890000,0.002158,-0.000962,-0.005897,0.999980,85.721596,421.842712,65.878166
490,4.900000,0.002192,-0.000890,-0.005906,0.999980,85.682610,421.843109,65.892006
491,4.910000,0.002238,-0.000844,-0.005932,0.999980,85.665062,421.841309,65.899857
492,4.920000,0.002255,-0.000807,-0.005975,0.999979,85.655243,421.840546,65.903679
493,4.930000,0.002268,-0.000821,-0.005944,0.999979,85.650261,421.837280,65.903061
494,4.940000,0.002270,-0.000822,-0.005886,0.999980,85.639565,421.835358,65.903824
495,4.950000,0.002267,-0.000786,-0.005915,0.999980,85.635345,421.836548,65.904846
496,4.960000,0.002258,-0.000807,-0.005847,0.999980,85.618355,421.835480,65.905907
497,4.970000,0.002254,-0.000827,-0.005794,0.999980,85.603172,421.834167,65.902473
498,4.980000,0.002225,-0.000833,-0.005787,0.999980,85.582581,421.835114,65.896683
499,4.990000,0.002170,-0.000916,-0.005673,0.999981,85.556755,421.836884,65.886017
500,5.000000,0.002031,-0.001101,-0.005217,0.999984,85.528069,421.838013,65.875526
501,5.010000,0.001967,-0.001174,-0.005033,0.999985,85.497597,421.834534,65.864288
502,5.020000,0.001949,-0.001148,-0.005015,0.999985,85.469917,421.835114,65.860588
503,5.030000,0.001979,-0.001185,-0.004938,0.999985,85.436615,421.832794,65.865356
504,5.040000,0.002026,-0.000804,-0.005666,0.999982,85.400818,421.828186,65.886093
505,5.050000,0.002106,-0.000697,-0.005656,0.999982,85.353394,421.824768,65.901070
506,5.060000,0.002229,-0.000434,-0.006211,0.999978,85.310310,421.822021,65.909721
507,5.070000,0.002286,-0.000427,-0.006272,0.999978,85.263161,421.816193,65.916435
508,5.080000,0.002313,-0.000390,-0.006353,0.999977,85.214691,421.813965,65.918144
509,5.090000,0.002308,-0.000358,-0.006392,0.999977,85.151711,421.811890,65.914490
510,5.100000,0.002142,0.000526,-0.007188,0.999972,85.133026,421.839325,65.923706
511,5.110000,0.001999,0.001004,-0.007936,0.999966,85.067574,421.851746,65.911636
512,5.120000,0.001907,0.000309,-0.007175,0.999972,84.956650,421.847076,65.879547
513,5.130000,0.001787,0.000071,-0.006889,0.999975,84.874420,421.849884,65.852692
514,5.140000,0.001798,0.000027,-0.006742,0.999976,84.798569,421.845978,65.854240
515,5.150000,0.001846,-0.000199,-0.006267,0.999979,84.711342,421.841003,65.857353
516,5.160000,0.001885,-0.000302,-0.006268,0.999979,84.631271,421.836792,65.846413
517,5.170000,0.001910,-0.000559,-0.006138,0.999979,84.540131,421.828247,65.837448
518,5.180000,0.001880,-0.000601,-0.006152,0.999979,84.470940,421.827148,65.839912
519,5.190000,0.001871,-0.000615,-0.006054,0.999980,84.405464,421.824677,65.837227
520,5.200000,0.001862,-0.000665,-0.005794,0.999981,84.322784,421.823273,65.825272
521,5.210000,0.001887,-0.000267,-0.006596,0.999977,84.248291,421.834564,65.812759
522,5.220000,0.001945,-0.000240,-0.006600,0.999976,84.166496,421.830963,65.811615
523,5.230000,0.001921,-0.000383,-0.006325,0.999978,84.094826,421.830200,65.813011
524,5.240000,0.001954,-0.000510,-0.006172,0.999979,84.017349,421.827789,65.813286
525,5.250000,0.001984,-0.000374,-0.006240,0.999979,83.944504,421.830750,65.815193
526,5.260000,0.002000,-0.000360,-0.006251,0.999978,83.872559,421.832428,65.814896
527,5.270000,0.002002,-0.000108,-0.006907,0.999974,83.802849,421.837097,65.819511
528,5.280000,0.002005,-0.000098,-0.006779,0.999975,83.715500,421.842255,65.818268
529,5.290000,0.001976,-0.000107,-0.006771,0.999975,83.643044,421.843567,65.811234
530,5.300000,0.001949,-0.000741,-0.006002,0.999980,83.527161,421.836273,65.799477
531,5.310000,0.001716,-0.000058,-0.006214,0.999979,83.494652,421.861694,65.809921
532,5.320000,0.001726,0.000018,-0.006255,0.999979,83.437386,421.861816,65.810440
533,5.330000,0.001760,0.000309,-0.006749,0.999976,83.376068,421.860840,65.827080
534,5.340000,0.001751,0.000392,-0.006980,0.999974,83.324852,421.862885,65.837952
535,5.350000,0.001770,0.000355,-0.006943,0.999974,83.277809,421.859253,65.842186
536,5.360000,0.001892,0.000488,-0.007609,0.999969,83.221901,421.858551,65.829796
537,5.370000,0.001905,0.000555,-0.007554,0.999970,83.179192,421.859253,65.830521
538,5.380000,0.001871,0.000592,-0.007495,0.999970,83.149170,421.858063,65.821869
539,5.390000,0.001839,0.000568,-0.007430,0.999971,83.118958,421.856201,65.807442
540,5.400000,0.001908,-0.000006,-0.006945,0.999974,83.050163,421.841309,65.779663
541,5.410000,0.001918,0.000043,-0.007203,0.999972,83.022652,421.839813,65.776932
542,5.420000,0.001938,0.000077,-0.007264,0.999972,83.003975,421.837463,65.780098
543,5.430000,0.001940,0.000115,-0.007285,0.999972,82.984436,421.837769,65.783081
544,5.440000,0.001923,0.000076,-0.007226,0.999972,82.957253,421.840912,65.780060
545,5.450000,0.001921,0.000112,-0.007228,0.999972,82.928123,421.838043,65.779388
546,5.460000,0.001922,0.000259,-0.007336,0.999971,82.902588,421.840088,65.780060
547,5.470000,0.001935,0.000282,-0.007344,0.999971,82.876175,421.839935,65.781029
548,5.480000,0.001964,0.000213,-0.007282,0.999972,82.846397,421.835632,65.784302
549,5.490000,0.001996,0.000438,-0.007786,0.999968,82.821266,421.839325,65.787598
550,5.500000,0.002021,0.000545,-0.007891,0.999967,82.796150,421.837799,65.792206
551,5.510000,0.002048,0.000521,-0.007903,0.999967,82.769447,421.836853,65.795189
552,5.520000,0.002041,0.000007,-0.007244,0.999972,82.711029,421.834534,65.790298
553,5.530000,0.002046,-0.000075,-0.007104,0.999973,82.667358,421.834015,65.791260
554,5.540000,0.002054,-0.000059,-0.007023,0.999973,82.615349,421.832855,65.795151
555,5.550000,0.002056,-0.000050,-0.006947,0.999974,82.562981,421.830048,65.799240
556,5.560000,0.002070,-0.000380,-0.006413,0.999977,82.477730,421.824982,65.796745
557,5.570000,0.001971,-0.000243,-0.006747,0.999975,82.398544,421.825867,65.784393
558,5.580000,0.001894,-0.000561,-0.006335,0.999978,82.293747,421.824524,65.764999
559,5.590000,0.001822,-0.000523,-0.006206,0.999979,82.199913,421.824280,65.744698
560,5.600000,0.001856,-0.000535,-0.006303,0.999978,82.092094,421.816986,65.733467
561,5.610000,0.001895,-0.000416,-0.006179,0.999979,82.001572,421.811249,65.741081
562,5.620000,0.001934,-0.000522,-0.005998,0.999980,81.931999,421.801971,65.748581
563,5.630000,0.001824,-0.000371,-0.006040,0.999980,81.883209,421.812103,65.757812
564,5.640000,0.001799,-0.000349,-0.006055,0.999980,81.837128,421.814667,65.755623
565,5.650000,0.001684,0.000110,-0.006453,0.999978,81.822411,421.831757,65.756027
566,5.660000,0.001645,0.000093,-0.006423,0.999978,81.791695,421.832947,65.749413
567,5.670000,0.001598,-0.000011,-0.006275,0.999979,81.762711,421.834412,65.739876
568,5.680000,0.001616,0.000076,-0.006299,0.999979,81.748169,421.829926,65.744385
569,5.690000,0.001632,0.000114,-0.006293,0.999979,81.747131,421.828522,65.753143
570,5.700000,0.001674,0.000127,-0.006316,0.999979,81.754524,421.827423,65.765533
571,5.710000,0.001715,0.000101,-0.006277,0.999979,81.759941,421.824066,65.771858
572,5.720000,0.001745,0.000116,-0.006273,0.999979,81.761444,421.820953,65.775238
573,5.730000,0.001775,0.000298,-0.006721,0.999976,81.755478,421.817261,65.783646
574,5.740000,0.001800,0.000095,-0.006225,0.999979,81.743713,421.810608,65.779022
575,5.750000,0.001797,0.000038,-0.006047,0.999980,81.722412,421.802765,65.774536
576,5.760000,0.001809,0.000259,-0.006502,0.999977,81.697456,421.795258,65.781586
577,5.770000,0.001832,0.000245,-0.006459,0.999977,81.674416,421.789276,65.784050
578,5.780000,0.001851,0.000264,-0.006450,0.999977,81.648743,421.786133,65.788429
579,5.790000,0.001820,0.000233,-0.006297,0.999979,81.605110,421.780487,65.785812
580,5.800000,0.001779,0.000452,-0.006387,0.999978,81.573486,421.783325,65.782150
581,5.810000,0.001716,0.000385,-0.006280,0.999979,81.526131,421.787903,65.777267
582,5.820000,0.001701,0.000216,-0.005849,0.999982,81.466537,421.790466,65.777725
583,5.830000,0.001650,0.000467,-0.005953,0.999981,81.430016,421.796112,65.779106
584,5.840000,0.001634,0.000558,-0.006005,0.999981,81.403046,421.800537,65.786232
585,5.850000,0.001684,0.000449,-0.006166,0.999979,81.370934,421.804962,65.780479
586,5.860000,0.001725,0.000372,-0.006125,0.999980,81.357971,421.805908,65.788231
587,5.870000,0.001738,0.000376,-0.006163,0.999979,81.358299,421.808228,65.794380
588,5.880000,0.001745,0.000346,-0.006139,0.999980,81.362885,421.809662,65.797195
589,5.890000,0.001707,0.000371,-0.006163,0.999979,81.367477,421.812164,65.787354
590,5.900000,0.001652,0.000341,-0.006154,0.999980,81.375984,421.815582,65.770309
591,5.910000,0.001574,0.000523,-0.006591,0.999977,81.416527,421.820648,65.751183
592,5.920000,0.001536,0.000392,-0.006551,0.999977,81.445602,421.823425,65.738136
593,5.930000,0.001540,0.000504,-0.006696,0.999976,81.478424,421.828766,65.730980
594,5.940000,0.001518,0.000465,-0.006798,0.999976,81.519974,421.835480,65.724274
595,5.950000,0.001507,0.000444,-0.006866,0.999975,81.549561,421.841797,65.714478
596,5.960000,0.001489,0.000464,-0.006905,0.999975,81.566895,421.845032,65.706573
597,5.970000,0.001467,0.000373,-0.006790,0.999976,81.567337,421.846313,65.695190
598,5.980000,0.001415,0.000504,-0.006688,0.999977,81.581772,421.848602,65.692497
599,5.990000,0.001423,0.000375,-0.006723,0.999976,81.557243,421.850189,65.666023
600,6.000000,0.001404,-0.000048,-0.005916,0.999982,81.539299,421.850555,65.636551
601,6.010000,0.001336,-0.000086,-0.005755,0.999983,81.536118,421.855072,65.610519
602,6.020000,0.001266,-0.000049,-0.005701,0.999983,81.548561,421.861694,65.573486
603,6.030000,0.001186,-0.000152,-0.005565,0.999984,81.562012,421.867859,65.528999
604,6.040000,0.001104,-0.000222,-0.005454,0.999985,81.582260,421.880615,65.482330
605,6.050000,0.001007,-0.000081,-0.005634,0.999984,81.635880,421.912933,65.436127
606,6.060000,0.001019,0.000116,-0.006319,0.999979,81.680008,421.953003,65.374321
607,6.070000,0.000841,0.000224,-0.006146,0.999981,81.735443,421.985443,65.332474
608,6.080000,0.000817,-0.000174,-0.005362,0.999985,81.787872,421.980164,65.292625
609,6.090000,0.000712,0.000793,-0.006098,0.999981,81.885155,421.992584,65.275627
610,6.100000,0.000652,0.000738,-0.006074,0.999981,81.956779,421.992065,65.235138
611,6.110000,0.000589,0.000273,-0.005360,0.999985,82.046448,421.984772,65.179573
612,6.120000,0.000447,0.000747,-0.005568,0.999984,82.211388,421.996399,65.144722
613,6.130000,0.000417,0.000792,-0.005768,0.999983,82.384483,422.015167,65.117165
614,6.140000,0.000390,0.000652,-0.005822,0.999983,82.569191,422.040558,65.095245
615,6.150000,0.000551,-0.000213,-0.005300,0.999986,82.727226,422.022949,65.066727
616,6.160000,0.000567,-0.000438,-0.005051,0.999987,82.941818,422.011719,65.060249
617,6.170000,0.000522,-0.000076,-0.004809,0.999988,83.244003,422.017700,65.049995
618,6.180000,0.000422,-0.000184,-0.004375,0.999990,83.519524,422.025146,65.043846
619,6.190000,0.000373,-0.000337,-0.004376,0.999990,83.805405,422.044342,65.031647
620,6.200000,0.000301,0.000015,-0.004718,0.999989,84.142487,422.066376,65.033768
621,6.210000,0.000160,0.000971,-0.005576,0.999984,84.513908,422.100098,65.038071
622,6.220000,0.000251,0.000095,-0.004634,0.999989,84.776741,422.090637,65.009018
623,6.230000,0.000342,-0.000191,-0.004575,0.999990,85.103111,422.090240,64.997169
624,6.240000,0.000300,0.000167,-0.004609,0.999989,85.487198,422.112640,64.999977
625,6.250000,0.000218,0.000395,-0.004989,0.999987,85.914711,422.138824,65.009773
626,6.260000,0.000290,0.000050,-0.004803,0.999988,86.332703,422.145599,64.996399
627,6.270000,0.000311,-0.000020,-0.004705,0.999989,86.809494,422.145538,64.992889
628,6.280000,0.000315,-0.000011,-0.005269,0.999986,87.292702,422.165558,64.999428
629,6.290000,0.000244,0.000629,-0.005622,0.999984,87.884613,422.207550,65.015038
630,6.300000,0.000284,0.000895,-0.006419,0.999979,88.443077,422.232574,65.022224
631,6.310000,0.000260,0.000712,-0.006008,0.999982,89.027565,422.241425,65.018967
632,6.320000,0.000217,0.000672,-0.006252,0.999980,89.628395,422.254517,65.021111
633,6.330000,0.000310,0.000741,-0.005982,0.999982,90.267662,422.253967,65.026215
634,6.340000,0.000104,0.000203,-0.005486,0.999985,90.948029,422.267944,65.034256
635,6.350000,0.000238,0.000778,-0.006298,0.999980,91.721695,422.274841,65.042336
636,6.360000,0.000192,0.000965,-0.006895,0.999976,92.499969,422.297821,65.058304
637,6.370000,0.000188,0.000917,-0.006816,0.999976,93.283073,422.311188,65.087830
638,6.380000,0.000276,0.001642,-0.008071,0.999966,94.147011,422.337372,65.102753
639,6.390000,0.000224,0.002005,-0.008700,0.999960,95.090073,422.371490,65.116371
640,6.400000,0.000267,0.002551,-0.010221,0.999945,96.022209,422.386566,65.137863
641,6.410000,0.000121,0.003129,-0.011046,0.999934,97.030197,422.419708,65.180138
642,6.420000,0.000160,0.003235,-0.011716,0.999926,98.032059,422.428162,65.197327
643,6.430000,0.000526,0.001567,-0.008691,0.999961,99.038689,422.422424,65.157303
644,6.440000,0.000467,0.001782,-0.008583,0.999961,100.151512,422.453339,65.162605
645,6.450000,0.000475,0.001419,-0.007877,0.999968,101.225021,422.459015,65.183403
646,6.460000,0.000429,0.001322,-0.007757,0.999969,102.344971,422.471130,65.189926
647,6.470000,0.000484,0.001938,-0.008896,0.999959,103.507103,422.507172,65.208351
648,6.480000,0.000492,0.001856,-0.008652,0.999961,104.626808,422.513885,65.214928
649,6.490000,0.000526,0.001852,-0.008779,0.999960,105.773094,422.536346,65.223267
650,6.500000,0.000364,0.001516,-0.007982,0.999967,106.907951,422.555908,65.244484
651,6.510000,0.000377,0.001804,-0.008358,0.999963,108.037109,422.572021,65.258125
652,6.520000,0.000404,0.001872,-0.008495,0.999962,109.180855,422.579102,65.263809
653,6.530000,0.000446,0.002325,-0.008965,0.999957,110.333054,422.600342,65.294731
654,6.540000,0.000438,0.002182,-0.008975,0.999957,111.472420,422.611908,65.306686
655,6.550000,0.000318,0.001518,-0.007954,0.999967,112.608055,422.627014,65.322495
656,6.560000,0.000395,0.001922,-0.008371,0.999963,113.735268,422.654205,65.349281
657,6.570000,0.000408,0.002495,-0.009116,0.999955,114.900818,422.665985,65.380745
658,6.580000,0.000481,0.002408,-0.008969,0.999957,116.037537,422.669556,65.399422
659,6.590000,0.000522,0.002097,-0.008782,0.999959,117.161835,422.672913,65.408310
660,6.600000,0.000470,0.002422,-0.008895,0.999957,118.288696,422.692932,65.427521
661,6.610000,0.000448,0.001991,-0.008423,0.999962,119.425446,422.709778,65.449974
662,6.620000,0.000442,0.002443,-0.009101,0.999956,120.626343,422.723114,65.488350
663,6.630000,0.000542,0.002369,-0.008993,0.999957,121.801041,422.724915,65.500137
664,6.640000,0.000447,0.002078,-0.008702,0.999960,122.956306,422.736664,65.510880
665,6.650000,0.000449,0.001902,-0.008560,0.999961,124.107651,422.744415,65.523094
666,6.660000,0.000303,0.002682,-0.009217,0.999954,125.340851,422.791840,65.542114
667,6.670000,0.001642,0.006791,-0.019226,0.999791,126.459686,422.798828,65.514496
668,6.680000,0.001777,0.007449,-0.020376,0.999763,127.582146,422.811310,65.525177
669,6.690000,0.000466,0.002827,-0.009520,0.999951,128.619247,422.808807,65.565964
670,6.700000,0.000303,0.002331,-0.008334,0.999963,129.668869,422.821198,65.583748
671,6.710000,0.000330,0.002138,-0.008248,0.999964,130.641174,422.831573,65.596130
672,6.720000,0.000373,0.002570,-0.008966,0.999956,131.633316,422.851257,65.616112
673,6.730000,0.000384,0.002658,-0.009382,0.999952,132.568130,422.850220,65.632835
674,6.740000,0.000326,0.002415,-0.008713,0.999959,133.469376,422.867371,65.651863
675,6.750000,0.000838,0.003164,-0.010591,0.999939,134.339157,422.841064,65.663292
676,6.760000,0.000500,0.002484,-0.009251,0.999954,135.143066,422.872467,65.675613
677,6.770000,0.000312,0.003943,-0.010329,0.999939,136.038879,422.914307,65.694649
678,6.780000,0.000840,0.004381,-0.012231,0.999915,136.807861,422.899963,65.691116
679,6.790000,0.000352,0.003180,-0.009517,0.999950,137.574615,422.920593,65.716530
680,6.800000,0.000332,0.002748,-0.009104,0.999955,138.273926,422.920929,65.708191
681,6.810000,0.000310,0.003376,-0.009708,0.999947,138.972794,422.927521,65.731888
682,6.820000,0.000363,0.002531,-0.008971,0.999956,139.596405,422.914978,65.726753
683,6.830000,0.000429,0.002422,-0.008514,0.999961,140.220551,422.907593,65.732422
684,6.840000,0.000297,0.002733,-0.008924,0.999956,140.856323,422.927643,65.744484
685,6.850000,0.000308,0.002471,-0.008630,0.999960,141.400238,422.925018,65.759674
686,6.860000,0.000264,0.002551,-0.008664,0.999959,141.932175,422.939728,65.765961
687,6.870000,0.000263,0.002838,-0.009151,0.999954,142.416824,422.946320,65.766525
688,6.880000,0.000365,0.002344,-0.008403,0.999962,142.864578,422.941772,65.759270
689,6.890000,0.000403,0.002119,-0.008442,0.999962,143.273407,422.949524,65.749390
690,6.900000,0.000274,0.002210,-0.008125,0.999965,143.675705,422.969421,65.746071
691,6.910000,0.000278,0.002084,-0.008223,0.999964,144.048538,422.968140,65.742653
692,6.920000,0.000269,0.002292,-0.008645,0.999960,144.407333,422.968994,65.753624
693,6.930000,0.000261,0.002059,-0.008016,0.999966,144.735168,422.960205,65.749535
694,6.940000,0.001753,0.006879,-0.019302,0.999789,145.030045,422.955688,65.735497
695,6.950000,0.001283,0.005700,-0.015943,0.999856,145.325378,422.951630,65.773895
696,6.960000,0.000323,0.002427,-0.008422,0.999962,145.545013,422.946655,65.800529
697,6.970000,0.000208,0.002015,-0.007515,0.999970,145.771271,422.943939,65.790848
698,6.980000,0.000355,0.002162,-0.007948,0.999966,145.957947,422.940918,65.792694
699,6.990000,0.000345,0.001985,-0.007901,0.999967,146.110535,422.943909,65.791519
700,7.000000,0.000410,0.002393,-0.008472,0.999961,146.271683,422.939941,65.802856
701,7.010000,0.000358,0.002078,-0.008113,0.999965,146.413239,422.933167,65.808578
702,7.020000,0.000313,0.001924,-0.008053,0.999966,146.521820,422.938599,65.818260
703,7.030000,0.000302,0.001805,-0.007665,0.999969,146.630905,422.944122,65.822861
704,7.040000,0.000335,0.001896,-0.007859,0.999967,146.738449,422.947510,65.831490
705,7.050000,0.000331,0.002032,-0.007940,0.999966,146.849792,422.949738,65.839722
706,7.060000,0.000328,0.001982,-0.007935,0.999967,146.936661,422.947876,65.842674
707,7.070000,0.000298,0.001876,-0.007813,0.999968,147.018661,422.944489,65.838348
708,7.080000,0.000327,0.001753,-0.007805,0.999968,147.090988,422.934845,65.825233
709,7.090000,0.000275,0.001813,-0.007883,0.999967,147.185440,422.937714,65.817879
710,7.100000,0.000169,0.001854,-0.007646,0.999969,147.292267,422.944214,65.812851
711,7.110000,0.000176,0.001776,-0.007546,0.999970,147.387558,422.944000,65.817673
712,7.120000,0.000283,0.001812,-0.007595,0.999969,147.500427,422.927826,65.832779
713,7.130000,0.000375,0.001789,-0.007340,0.999971,147.616150,422.918121,65.846611
714,7.140000,0.000383,0.002173,-0.007883,0.999967,147.756790,422.915100,65.880898
715,7.150000,0.000412,0.002140,-0.007989,0.999966,147.895493,422.912018,65.914085
716,7.160000,0.000389,0.001805,-0.007208,0.999972,148.050064,422.907379,65.944656
717,7.170000,0.000352,0.002044,-0.007293,0.999971,148.238541,422.917542,65.987968
718,7.180000,0.000469,0.002036,-0.007663,0.999969,148.431198,422.910156,66.019890
719,7.190000,0.000584,0.002024,-0.008219,0.999964,148.672363,422.895020,66.045227
720,7.200000,0.000501,0.001809,-0.007665,0.999969,148.924774,422.892761,66.076630
721,7.210000,0.000507,0.002008,-0.007761,0.999968,149.213577,422.902893,66.113632
722,7.220000,0.000625,0.001822,-0.007821,0.999968,149.512329,422.884521,66.141624
723,7.230000,0.000639,0.001581,-0.007345,0.999972,149.815842,422.873962,66.183372
724,7.240000,0.000754,0.001560,-0.007470,0.999971,150.153076,422.865936,66.217064
725,7.250000,0.000618,0.001815,-0.007202,0.999972,150.556061,422.875000,66.259613
726,7.260000,0.002260,0.006491,-0.018676,0.999802,150.892654,422.854889,66.256233
727,7.270000,0.001839,0.005177,-0.015274,0.999868,151.273422,422.847107,66.305672
728,7.280000,0.000822,0.001699,-0.007694,0.999969,151.618790,422.861023,66.347137
729,7.290000,0.002229,0.006384,-0.018278,0.999810,152.006012,422.857239,66.361504
730,7.300000,0.001962,0.004951,-0.015204,0.999870,152.356277,422.847412,66.412338
731,7.310000,0.001010,0.001595,-0.007692,0.999969,152.709824,422.851990,66.439209
732,7.320000,0.002275,0.006387,-0.018300,0.999810,153.120071,422.849701,66.445152
733,7.330000,0.002012,0.004718,-0.014815,0.999877,153.482208,422.820984,66.469658
734,7.340000,0.000917,0.001586,-0.007247,0.999972,153.866348,422.834412,66.500755
735,7.350000,0.002305,0.005941,-0.017724,0.999823,154.245605,422.814117,66.480843
736,7.360000,0.001958,0.004938,-0.014626,0.999879,154.700958,422.791870,66.500404
737,7.370000,0.000910,0.001853,-0.007617,0.999969,155.087662,422.797180,66.531029
738,7.380000,0.002298,0.006227,-0.017843,0.999819,155.503845,422.777283,66.511955
739,7.390000,0.002044,0.004649,-0.014533,0.999882,155.924164,422.742340,66.533768
740,7.400000,0.002540,0.006948,-0.019600,0.999781,156.352676,422.754303,66.532234
741,7.410000,0.002090,0.005004,-0.014833,0.999875,156.773407,422.724091,66.558907
742,7.420000,0.000930,0.002094,-0.007784,0.999967,157.202011,422.730164,66.607101
743,7.430000,0.002339,0.006203,-0.017946,0.999817,157.602615,422.711212,66.587784
744,7.440000,0.002528,0.006809,-0.019187,0.999790,158.008316,422.693665,66.604347
745,7.450000,0.000972,0.002137,-0.007818,0.999967,158.413315,422.681274,66.632210
746,7.460000,0.002450,0.006694,-0.018893,0.999796,158.811630,422.668976,66.590469
747,7.470000,0.002508,0.006847,-0.019159,0.999790,159.201691,422.640533,66.586411
748,7.480000,0.002443,0.007260,-0.019201,0.999786,159.605896,422.627655,66.580650
749,7.490000,0.000821,0.001918,-0.007193,0.999972,159.975510,422.591522,66.608398
750,7.500000,0.000594,0.001376,-0.005679,0.999983,160.353729,422.571686,66.601219
751,7.510000,0.001975,0.006421,-0.017230,0.999829,160.710266,422.553894,66.567352
752,7.520000,0.002202,0.006825,-0.018519,0.999803,161.059708,422.521637,66.563835
753,7.530000,0.000632,0.001976,-0.006892,0.999974,161.384262,422.512177,66.604340
754,7.540000,0.002178,0.006542,-0.017958,0.999815,161.647522,422.490875,66.565796
755,7.550000,0.002202,0.006576,-0.020006,0.999776,162.014709,422.572296,66.568230
756,7.560000,0.002499,0.005593,-0.019490,0.999791,161.913635,422.645325,66.655647
757,7.570000,0.002424,0.007113,-0.020906,0.999753,162.155502,422.638092,66.702507
758,7.580000,0.002412,0.005770,-0.019641,0.999788,161.921143,422.613281,66.754204
759,7.590000,0.002345,0.005524,-0.019434,0.999793,161.756409,422.534393,66.804207
760,7.600000,0.002334,0.006157,-0.019251,0.999793,161.629120,422.443848,66.829208
761,7.610000,0.002403,0.005387,-0.018342,0.999814,161.322449,422.321564,66.836418
762,7.620000,0.002278,0.004571,-0.017758,0.999829,161.052353,422.204803,66.806274
763,7.630000,0.002192,0.004948,-0.017283,0.999836,160.800659,422.077881,66.813347
764,7.640000,0.000823,-0.000072,-0.004176,0.999991,160.534698,421.907043,66.890274
765,7.650000,0.000810,-0.000964,-0.002010,0.999997,160.344025,421.691528,66.943428
766,7.660000,0.002201,0.004028,-0.012876,0.999907,160.208969,421.523071,66.873238
767,7.670000,0.002113,0.005262,-0.014596,0.999877,160.198471,421.421509,66.777878
768,7.680000,0.002030,0.005211,-0.014520,0.999879,160.220535,421.410583,66.745041
769,7.690000,0.001996,0.005507,-0.015037,0.999870,160.357208,421.520630,66.791328
770,7.700000,0.002070,0.005468,-0.015501,0.999863,160.507553,421.639252,66.797951
771,7.710000,0.002035,0.005168,-0.015436,0.999866,160.529144,421.684692,66.783943
772,7.720000,0.002077,0.004836,-0.015356,0.999868,160.542007,421.643158,66.775642
773,7.730000,0.002229,0.005249,-0.015339,0.999866,160.509201,421.563599,66.817146
774,7.740000,0.002256,0.005526,-0.015373,0.999864,160.467636,421.515015,66.833298
775,7.750000,0.002169,0.005114,-0.015180,0.999869,160.403091,421.541962,66.803497
776,7.760000,0.002018,0.005072,-0.015055,0.999872,160.372726,421.596161,66.778786
777,7.770000,0.002038,0.005264,-0.015286,0.999867,160.385254,421.615326,66.788345
778,7.780000,0.002219,0.005045,-0.015043,0.999872,160.359741,421.571930,66.813148
779,7.790000,0.002233,0.005000,-0.015002,0.999873,160.358566,421.532898,66.812508
780,7.800000,0.002078,0.005192,-0.015042,0.999871,160.374390,421.535553,66.797684
781,7.810000,0.002103,0.005171,-0.015088,0.999871,160.397430,421.566864,66.796371
782,7.820000,0.002167,0.005122,-0.015173,0.999869,160.436020,421.592468,66.806213
783,7.830000,0.002133,0.005129,-0.015130,0.999870,160.434174,421.601440,66.801628
784,7.840000,0.002047,0.005295,-0.015340,0.999866,160.434357,421.581482,66.780807
785,7.850000,0.002036,0.005277,-0.015181,0.999869,160.388382,421.569550,66.774338
786,7.860000,0.002062,0.005340,-0.015192,0.999868,160.374878,421.564362,66.788986
787,7.870000,0.002137,0.005239,-0.015088,0.999870,160.341537,421.561401,66.806801
788,7.880000,0.002164,0.005055,-0.014929,0.999874,160.314560,421.553040,66.826828
789,7.890000,0.002249,0.005018,-0.014931,0.999873,160.319550,421.537170,66.828697
790,7.900000,0.002242,0.005018,-0.014925,0.999874,160.342667,421.534393,66.822159
791,7.910000,0.002163,0.005054,-0.015087,0.999871,160.403137,421.557159,66.798103
792,7.920000,0.001993,0.005162,-0.015280,0.999868,160.459198,421.601624,66.772766
793,7.930000,0.001974,0.005174,-0.015341,0.999867,160.496918,421.621826,66.766075
794,7.940000,0.002080,0.005136,-0.015320,0.999867,160.499649,421.609863,66.781082
795,7.950000,0.002174,0.005097,-0.015248,0.999868,160.486084,421.583801,66.801270
796,7.960000,0.002169,0.005107,-0.015247,0.999868,160.467499,421.567719,66.805237
797,7.970000,0.002135,0.005024,-0.015113,0.999871,160.429825,421.568939,66.795891
798,7.980000,0.002071,0.005165,-0.015087,0.999871,160.393936,421.577942,66.788300
799,7.990000,0.002021,0.005284,-0.015068,0.999871,160.339798,421.579010,66.789513
800,8.000000,0.002084,0.005257,-0.014929,0.999873,160.284073,421.551270,66.793243
801,8.010000,0.002127,0.005252,-0.014947,0.999872,160.263336,421.530853,66.803360
802,8.020000,0.002137,0.005244,-0.014928,0.999873,160.271759,421.525726,66.810097
803,8.030000,0.002120,0.005198,-0.015006,0.999872,160.322266,421.538055,66.809174
804,8.040000,0.002140,0.005030,-0.014984,0.999873,160.380173,421.569336,66.800781
805,8.050000,0.002120,0.005035,-0.015083,0.999871,160.432709,421.584137,66.796562
806,8.060000,0.002136,0.005044,-0.015165,0.999870,160.459610,421.583893,66.797760
807,8.070000,0.002134,0.005073,-0.015187,0.999870,160.477631,421.582611,66.793671
808,8.080000,0.002114,0.005054,-0.015208,0.999869,160.485626,421.586060,66.785706
809,8.090000,0.002094,0.005039,-0.015199,0.999870,160.477570,421.589874,66.782036
810,8.100000,0.002097,0.005036,-0.015189,0.999870,160.455170,421.585510,66.786568
811,8.110000,0.002131,0.005033,-0.015088,0.999871,160.408630,421.571533,66.798859
812,8.120000,0.002162,0.005075,-0.015042,0.999872,160.365097,421.553772,66.808945
813,8.130000,0.002118,0.005208,-0.015027,0.999871,160.326752,421.540955,66.808823
814,8.140000,0.002084,0.005258,-0.015063,0.999871,160.321091,421.545990,66.799004
815,8.150000,0.002035,0.005237,-0.015064,0.999871,160.334335,421.557037,66.784729
816,8.160000,0.001975,0.005323,-0.015110,0.999870,160.353012,421.571106,66.778259
817,8.170000,0.002017,0.005264,-0.015115,0.999870,160.372528,421.569183,66.781036
818,8.180000,0.002086,0.005208,-0.015140,0.999870,160.392609,421.566162,66.796181
819,8.190000,0.002145,0.005076,-0.015080,0.999871,160.412704,421.567535,66.806213
820,8.200000,0.002155,0.005023,-0.015039,0.999872,160.417709,421.571564,66.803337
821,8.210000,0.002128,0.005015,-0.015089,0.999871,160.421936,421.575226,66.795044
822,8.220000,0.002102,0.005050,-0.015110,0.999871,160.414246,421.573730,66.788628
823,8.230000,0.002113,0.005107,-0.015138,0.999870,160.397415,421.567810,66.790932
824,8.240000,0.002138,0.005075,-0.015101,0.999871,160.384659,421.563660,66.796715
825,8.250000,0.002160,0.005030,-0.015016,0.999872,160.376694,421.560303,66.805107
826,8.260000,0.002187,0.004960,-0.014942,0.999874,160.376251,421.557373,66.810356
827,8.270000,0.002162,0.004973,-0.014978,0.999873,160.386002,421.559998,66.805954
828,8.280000,0.002117,0.005011,-0.015031,0.999872,160.399399,421.564331,66.793472
829,8.290000,0.002085,0.005098,-0.015156,0.999870,160.414810,421.570557,66.785080
830,8.300000,0.002027,0.005281,-0.015274,0.999867,160.421005,421.576050,66.783157
831,8.310000,0.002022,0.005312,-0.015291,0.999867,160.418945,421.578796,66.783546
832,8.320000,0.002035,0.005267,-0.015198,0.999869,160.399078,421.575287,66.784302
833,8.330000,0.002036,0.005253,-0.015105,0.999870,160.374557,421.565125,66.788124
834,8.340000,0.002058,0.005236,-0.015042,0.999871,160.351318,421.556305,66.792435
835,8.350000,0.002074,0.005191,-0.015052,0.999871,160.337479,421.549316,66.798012
836,8.360000,0.002104,0.005153,-0.015035,0.999871,160.335587,421.549164,66.802589
837,8.370000,0.002118,0.005154,-0.015038,0.999871,160.342636,421.551849,66.805428
838,8.380000,0.002141,0.005092,-0.015044,0.999872,160.363907,421.558746,66.802116
839,8.390000,0.002125,0.005064,-0.015058,0.999872,160.392181,421.564301,66.795105
840,8.400000,0.002109,0.005039,-0.015101,0.999871,160.424713,421.571106,66.790321
841,8.410000,0.002119,0.005014,-0.015120,0.999871,160.450912,421.580170,66.791344
842,8.420000,0.002133,0.004981,-0.015126,0.999871,160.462326,421.582275,66.795898
843,8.430000,0.002139,0.005021,-0.015169,0.999870,160.458755,421.577698,66.800667
844,8.440000,0.002136,0.005076,-0.015153,0.999870,160.437225,421.572235,66.801460
845,8.450000,0.002075,0.005192,-0.015170,0.999869,160.408630,421.566528,66.794327
846,8.460000,0.002030,0.005231,-0.015119,0.999870,160.372131,421.562012,66.783676
847,8.470000,0.002023,0.005229,-0.015049,0.999871,160.340866,421.559937,66.779686
848,8.480000,0.002035,0.005271,-0.015018,0.999871,160.315735,421.554321,66.784447
849,8.490000,0.002064,0.005244,-0.015027,0.999871,160.305161,421.543701,66.794487
850,8.500000,0.002086,0.005261,-0.015060,0.999871,160.311874,421.538849,66.801926
851,8.510000,0.002078,0.005248,-0.015094,0.999870,160.340073,421.547241,66.800560
852,8.520000,0.002101,0.005112,-0.015114,0.999871,160.380783,421.564667,66.791000
853,8.530000,0.002086,0.005034,-0.015117,0.999871,160.415924,421.577820,66.782265
854,8.540000,0.002086,0.005011,-0.015120,0.999871,160.440079,421.584839,66.780502
855,8.550000,0.002105,0.005040,-0.015163,0.999870,160.452927,421.582825,66.786674
856,8.560000,0.002129,0.005026,-0.015140,0.999871,160.448166,421.574768,66.795799
857,8.570000,0.002144,0.005048,-0.015176,0.999870,160.441452,421.573883,66.800964
858,8.580000,0.002146,0.005021,-0.015122,0.999871,160.424606,421.573303,66.801842
859,8.590000,0.002136,0.004991,-0.015053,0.999872,160.398666,421.567932,66.798004
860,8.600000,0.002090,0.005137,-0.015075,0.999871,160.368683,421.559418,66.795891
861,8.610000,0.002066,0.005230,-0.015062,0.999871,160.340637,421.550964,66.793495
862,8.620000,0.002057,0.005260,-0.015067,0.999871,160.330170,421.548218,66.792137
863,8.630000,0.002056,0.005270,-0.015121,0.999870,160.339264,421.553833,66.790085
864,8.640000,0.002058,0.005242,-0.015128,0.999870,160.357941,421.561401,66.789207
865,8.650000,0.002042,0.005236,-0.015173,0.999869,160.377396,421.564758,66.788063
866,8.660000,0.002049,0.005231,-0.015111,0.999870,160.384369,421.565979,66.786720
867,8.670000,0.002082,0.005103,-0.015076,0.999871,160.397690,421.568085,66.787445
868,8.680000,0.002092,0.005069,-0.015073,0.999871,160.405853,421.570892,66.787262
869,8.690000,0.002094,0.005037,-0.015068,0.999872,160.408752,421.572113,66.785408
870,8.700000,0.002094,0.005052,-0.015088,0.999871,160.409180,421.572479,66.786591
871,8.710000,0.002114,0.005029,-0.015075,0.999871,160.403488,421.569580,66.790474
872,8.720000,0.002133,0.004991,-0.015021,0.999872,160.392731,421.565002,66.796677
873,8.730000,0.002145,0.004985,-0.014992,0.999873,160.386749,421.561707,66.801781
874,8.740000,0.002152,0.004962,-0.014934,0.999874,160.381226,421.559174,66.803627
875,8.750000,0.002140,0.004995,-0.014992,0.999873,160.384964,421.559906,66.799644
876,8.760000,0.002111,0.005053,-0.015064,0.999872,160.393646,421.564087,66.791283
877,8.770000,0.002084,0.005074,-0.015078,0.999871,160.398651,421.569153,66.784859
878,8.780000,0.002037,0.005193,-0.015093,0.999871,160.394775,421.572662,66.782532
879,8.790000,0.002047,0.005216,-0.015138,0.999870,160.386993,421.568481,66.787277
880,8.800000,0.002062,0.005221,-0.015100,0.999870,160.374161,421.562195,66.792999
881,8.810000,0.002067,0.005219,-0.015049,0.999871,160.359009,421.555054,66.795464
882,8.820000,0.002054,0.005223,-0.015086,0.999871,160.352554,421.552979,66.793602
883,8.830000,0.002044,0.005247,-0.015122,0.999870,160.354996,421.556549,66.788925
884,8.840000,0.002045,0.005234,-0.015145,0.999870,160.359344,421.561096,66.786171
885,8.850000,0.002086,0.005145,-0.015122,0.999870,160.368240,421.563873,66.786797
886,8.860000,0.002062,0.005194,-0.015128,0.999870,160.380997,421.562103,66.790550
887,8.870000,0.002108,0.005088,-0.015078,0.999871,160.396759,421.564331,66.793297
888,8.880000,0.002118,0.005019,-0.015054,0.999872,160.414505,421.567902,66.793716
889,8.890000,0.002115,0.004999,-0.015063,0.999872,160.430786,421.572601,66.792587
890,8.900000,0.002106,0.005022,-0.015123,0.999871,160.438568,421.575775,66.791161
891,8.910000,0.002102,0.005050,-0.015123,0.999871,160.432816,421.575165,66.791069
892,8.920000,0.002101,0.005076,-0.015127,0.999871,160.414841,421.570923,66.790314
893,8.930000,0.002101,0.005065,-0.015057,0.999872,160.390991,421.564972,66.790367
894,8.940000,0.002064,0.005181,-0.015029,0.999872,160.365952,421.559998,66.790054
895,8.950000,0.002046,0.005224,-0.015060,0.999871,160.345810,421.552582,66.791832
896,8.960000,0.002049,0.005214,-0.015041,0.999871,160.331421,421.547791,66.794228
897,8.970000,0.002057,0.005229,-0.015052,0.999871,160.327667,421.546967,66.796867
898,8.980000,0.002059,0.005237,-0.015051,0.999871,160.332535,421.548828,66.796127
899,8.990000,0.002044,0.005255,-0.015102,0.999870,160.349182,421.553619,66.792313
900,9.000000,0.002035,0.005225,-0.015130,0.999870,160.373199,421.561462,66.785606
901,9.010000,0.002066,0.005124,-0.015130,0.999870,160.399277,421.568970,66.781570
902,9.020000,0.002072,0.005065,-0.015099,0.999871,160.420013,421.573914,66.781769
903,9.030000,0.002092,0.005069,-0.015155,0.999870,160.432632,421.576324,66.787628
904,9.040000,0.002108,0.005057,-0.015153,0.999870,160.433167,421.574921,66.792953
905,9.050000,0.002123,0.005052,-0.015137,0.999870,160.422958,421.570953,66.796021
906,9.060000,0.002120,0.005012,-0.015050,0.999872,160.408844,421.567230,66.793388
907,9.070000,0.002100,0.005036,-0.015046,0.999872,160.395248,421.565704,66.789223
908,9.080000,0.002059,0.005139,-0.015088,0.999871,160.380051,421.562317,66.787071
909,9.090000,0.002054,0.005204,-0.015110,0.999870,160.366211,421.560211,66.789215
910,9.100000,0.002057,0.005211,-0.015096,0.999870,160.358246,421.557007,66.793449
911,9.110000,0.002059,0.005210,-0.015068,0.999871,160.354202,421.553375,66.796768
912,9.120000,0.002064,0.005198,-0.015107,0.999870,160.360214,421.555328,66.795410
913,9.130000,0.002040,0.005212,-0.015088,0.999871,160.366150,421.556946,66.791763
914,9.140000,0.002028,0.005181,-0.015076,0.999871,160.372665,421.561188,66.785767
915,9.150000,0.002014,0.005235,-0.015118,0.999870,160.377899,421.562622,66.783745
916,9.160000,0.002032,0.005233,-0.015172,0.999869,160.382416,421.565125,66.786827
917,9.170000,0.002085,0.005110,-0.015094,0.999871,160.384674,421.565491,66.788979
918,9.180000,0.002102,0.005051,-0.015052,0.999872,160.386993,421.564514,66.792007
919,9.190000,0.002114,0.005038,-0.015077,0.999871,160.390869,421.564178,66.793793
920,9.200000,0.002110,0.005035,-0.015064,0.999872,160.393631,421.563873,66.793068
921,9.210000,0.002099,0.005074,-0.015124,0.999871,160.399078,421.565399,66.791222
922,9.220000,0.002104,0.005071,-0.015106,0.999871,160.402863,421.566498,66.790527
923,9.230000,0.002113,0.005050,-0.015100,0.999871,160.406158,421.568115,66.789078
924,9.240000,0.002099,0.005078,-0.015143,0.999870,160.409271,421.570465,66.787994
925,9.250000,0.002083,0.005103,-0.015145,0.999870,160.408051,421.571777,66.786407
926,9.260000,0.002046,0.005183,-0.015187,0.999869,160.399109,421.568115,66.787155
927,9.270000,0.002092,0.005096,-0.015109,0.999871,160.387512,421.564880,66.789925
928,9.280000,0.002046,0.005195,-0.015089,0.999871,160.368469,421.556244,66.793060
929,9.290000,0.002035,0.005212,-0.015042,0.999871,160.353165,421.552734,66.793388
930,9.300000,0.002043,0.005173,-0.014992,0.999872,160.348007,421.554840,66.790779
931,9.310000,0.002030,0.005223,-0.015048,0.999871,160.345657,421.554718,66.788765
932,9.320000,0.002046,0.005195,-0.015065,0.999871,160.352966,421.557220,66.788216
933,9.330000,0.002057,0.005178,-0.015074,0.999871,160.362167,421.557129,66.789886
934,9.340000,0.002065,0.005183,-0.015089,0.999871,160.379410,421.558105,66.793518
935,9.350000,0.002111,0.005052,-0.015034,0.999872,160.397980,421.562622,66.795044
936,9.360000,0.002112,0.005001,-0.015043,0.999872,160.416122,421.568085,66.792953
937,9.370000,0.002093,0.005019,-0.015097,0.999871,160.430588,421.574066,66.788101
938,9.380000,0.002075,0.005048,-0.015110,0.999871,160.436111,421.576965,66.783531
939,9.390000,0.002077,0.005078,-0.015124,0.999871,160.429459,421.575256,66.782837
940,9.400000,0.002082,0.005068,-0.015108,0.999871,160.412872,421.571259,66.784470
941,9.410000,0.002090,0.005058,-0.015045,0.999872,160.393097,421.564880,66.788872
942,9.420000,0.002056,0.005160,-0.015078,0.999871,160.372910,421.558289,66.792542
943,9.430000,0.002052,0.005216,-0.015086,0.999871,160.357773,421.554626,66.793282
944,9.440000,0.002037,0.005234,-0.015063,0.999871,160.346741,421.552216,66.791428
945,9.450000,0.002032,0.005219,-0.015036,0.999871,160.342941,421.552185,66.789001
946,9.460000,0.002042,0.005197,-0.015057,0.999871,160.348343,421.555634,66.787132
947,9.470000,0.002045,0.005205,-0.015080,0.999871,160.359863,421.557922,66.787880
948,9.480000,0.002043,0.005210,-0.015126,0.999870,160.375076,421.560883,66.788704
949,9.490000,0.002049,0.005182,-0.015125,0.999870,160.390625,421.563019,66.789474
950,9.500000,0.002094,0.005062,-0.015086,0.999871,160.405350,421.567291,66.790146
951,9.510000,0.002102,0.005020,-0.015075,0.999872,160.413223,421.568848,66.790642
952,9.520000,0.002101,0.005016,-0.015052,0.999872,160.414658,421.568878,66.790352
953,9.530000,0.002101,0.005048,-0.015078,0.999871,160.408264,421.567139,66.789238
954,9.540000,0.002101,0.005073,-0.015089,0.999871,160.401367,421.565796,66.788429
955,9.550000,0.002095,0.005057,-0.015041,0.999872,160.393433,421.564423,66.787766
956,9.560000,0.002089,0.005065,-0.015065,0.999871,160.386398,421.562836,66.787392
957,9.570000,0.002052,0.005180,-0.015116,0.999870,160.379868,421.559998,66.789421
958,9.580000,0.002047,0.005236,-0.015160,0.999869,160.374680,421.558563,66.790245
959,9.590000,0.002048,0.005230,-0.015127,0.999870,160.372040,421.558105,66.789162
960,9.600000,0.002041,0.005221,-0.015114,0.999870,160.372971,421.559174,66.787643
961,9.610000,0.002030,0.005226,-0.015147,0.999870,160.375244,421.561646,66.784851
962,9.620000,0.002021,0.005208,-0.015103,0.999870,160.376984,421.562561,66.783348
963,9.630000,0.002031,0.005206,-0.015115,0.999870,160.378571,421.562500,66.784561
964,9.640000,0.002045,0.005189,-0.015085,0.999871,160.377075,421.560547,66.788490
965,9.650000,0.002055,0.005171,-0.015079,0.999871,160.376297,421.559235,66.792648
966,9.660000,0.002097,0.005061,-0.015004,0.999872,160.377457,421.559143,66.794106
967,9.670000,0.002071,0.005135,-0.015085,0.999871,160.380676,421.559204,66.793800
968,9.680000,0.002102,0.005068,-0.015082,0.999871,160.387589,421.562317,66.790268
969,9.690000,0.002102,0.005042,-0.015070,0.999872,160.393341,421.564575,66.788773
970,9.700000,0.002096,0.005060,-0.015114,0.999871,160.398926,421.566864,66.787834
971,9.710000,0.002094,0.005069,-0.015093,0.999871,160.402527,421.566956,66.788612
972,9.720000,0.002092,0.005065,-0.015070,0.999871,160.402634,421.565643,66.789413
973,9.730000,0.002088,0.005064,-0.015066,0.999871,160.400467,421.564880,66.788673
974,9.740000,0.002085,0.005053,-0.015053,0.999872,160.395950,421.565216,66.787224
975,9.750000,0.002028,0.005191,-0.015116,0.999870,160.387817,421.563904,66.785576
976,9.760000,0.002019,0.005277,-0.015170,0.999869,160.374146,421.559784,66.785652
977,9.770000,0.002028,0.005250,-0.015121,0.999870,160.364258,421.558411,66.785599
978,9.780000,0.002031,0.005253,-0.015096,0.999870,160.353577,421.555115,66.787018
979,9.790000,0.002045,0.005232,-0.015110,0.999870,160.355835,421.556274,66.788467
980,9.800000,0.002049,0.005209,-0.015113,0.999870,160.359863,421.556519,66.789604
981,9.810000,0.002083,0.005100,-0.015033,0.999872,160.366394,421.556274,66.790215
982,9.820000,0.002068,0.005135,-0.015086,0.999871,160.377701,421.556885,66.790962
983,9.830000,0.002098,0.005071,-0.015063,0.999871,160.391953,421.561951,66.790459
984,9.840000,0.002097,0.005063,-0.015068,0.999871,160.405182,421.567780,66.789566
985,9.850000,0.002087,0.005049,-0.015073,0.999871,160.413437,421.571228,66.787086
986,9.860000,0.002092,0.005049,-0.015078,0.999871,160.414185,421.569885,66.786507
987,9.870000,0.002102,0.005030,-0.015054,0.999872,160.407074,421.565979,66.787865
988,9.880000,0.002107,0.005021,-0.015016,0.999872,160.394348,421.561188,66.789009
989,9.890000,0.002106,0.005044,-0.015031,0.999872,160.383026,421.559998,66.789894
990,9.900000,0.002059,0.005166,-0.015109,0.999870,160.370117,421.558624,66.789932
991,9.910000,0.002094,0.005084,-0.015051,0.999872,160.362473,421.558441,66.787437
992,9.920000,0.002045,0.005203,-0.015117,0.999870,160.359207,421.556366,66.785851
993,9.930000,0.002032,0.005209,-0.015092,0.999871,160.358551,421.555420,66.784218
994,9.940000,0.002033,0.005222,-0.015122,0.999870,160.363052,421.557068,66.784363
995,9.950000,0.002035,0.005206,-0.015101,0.999870,160.370529,421.558441,66.786491
996,9.960000,0.002039,0.005216,-0.015155,0.999870,160.380875,421.560913,66.789032
997,9.970000,0.002078,0.005102,-0.015094,0.999871,160.388855,421.562836,66.789101
998,9.980000,0.002092,0.005040,-0.015030,0.999872,160.395782,421.563660,66.788773
999,9.990000,0.002087,0.005015,-0.015000,0.999873,160.399216,421.565125,66.787674
1000,10.000000,0.002082,0.005040,-0.015022,0.999872,160.398636,421.565979,66.787308
1001,10.010000,0.002085,0.005037,-0.015008,0.999873,160.393417,421.563293,66.789124
1002,10.020000,0.002095,0.005019,-0.014989,0.999873,160.388062,421.560455,66.790619
1003,10.030000,0.002102,0.005007,-0.014950,0.999874,160.382233,421.558685,66.792320
1004,10.040000,0.002095,0.005008,-0.014962,0.999873,160.380264,421.558838,66.791901
1005,10.050000,0.002049,0.005135,-0.015044,0.999872,160.379715,421.559265,66.790497
1006,10.060000,0.002068,0.005075,-0.014989,0.999873,160.377151,421.560242,66.788589
1007,10.070000,0.002028,0.005168,-0.015026,0.999872,160.373230,421.557251,66.787079
1008,10.080000,0.002030,0.005202,-0.015025,0.999872,160.371109,421.558350,66.785957
1009,10.090000,0.002010,0.005215,-0.015053,0.999871,160.373001,421.557770,66.785027
1010,10.100000,0.002024,0.005203,-0.015078,0.999871,160.374084,421.559845,66.785500
1011,10.110000,0.002060,0.005074,-0.014974,0.999873,160.373596,421.560364,66.785515
1012,10.120000,0.002026,0.005144,-0.014991,0.999872,160.370758,421.556885,66.787766
1013,10.130000,0.002032,0.005149,-0.014992,0.999872,160.372742,421.557739,66.788368
1014,10.140000,0.002079,0.005059,-0.014996,0.999873,160.375549,421.559418,66.788147
1015,10.150000,0.002048,0.005163,-0.015092,0.999871,160.381088,421.559509,66.787926
1016,10.160000,0.002047,0.005173,-0.015096,0.999871,160.388077,421.561371,66.787918
1017,10.170000,0.002081,0.005062,-0.015041,0.999872,160.394592,421.564148,66.787498
1018,10.180000,0.002088,0.005016,-0.015001,0.999873,160.398865,421.564697,66.788467
1019,10.190000,0.002093,0.005017,-0.015012,0.999873,160.400436,421.565125,66.789177
1020,10.200000,0.002053,0.005141,-0.015082,0.999871,160.397675,421.562988,66.789879
1021,10.210000,0.002084,0.005075,-0.015055,0.999872,160.393692,421.562988,66.788025
1022,10.220000,0.002038,0.005181,-0.015120,0.999870,160.387405,421.561218,66.787117
1023,10.230000,0.002033,0.005216,-0.015119,0.999870,160.378525,421.560669,66.786064
1024,10.240000,0.002032,0.005229,-0.015119,0.999870,160.368591,421.558960,66.785179
1025,10.250000,0.002024,0.005250,-0.015123,0.999870,160.359329,421.554871,66.785828
1026,10.260000,0.002029,0.005255,-0.015127,0.999870,160.356354,421.553802,66.787910
1027,10.270000,0.002043,0.005225,-0.015129,0.999870,160.359985,421.555023,66.787643
1028,10.280000,0.002045,0.005203,-0.015120,0.999870,160.367004,421.556396,66.786690
1029,10.290000,0.002038,0.005212,-0.015149,0.999870,160.378067,421.559021,66.785423
1030,10.300000,0.002081,0.005106,-0.015114,0.999871,160.388107,421.562134,66.784294
1031,10.310000,0.002043,0.005184,-0.015175,0.999869,160.398956,421.564087,66.784225
1032,10.320000,0.002073,0.005081,-0.015103,0.999871,160.405792,421.565735,66.784401
1033,10.330000,0.002084,0.005045,-0.015091,0.999871,160.408997,421.566711,66.785736
1034,10.340000,0.002086,0.005043,-0.015085,0.999871,160.408356,421.565582,66.786827
1035,10.350000,0.002088,0.005039,-0.015070,0.999872,160.400711,421.562531,66.787849
1036,10.360000,0.002084,0.005048,-0.015042,0.999872,160.391983,421.561340,66.788834
1037,10.370000,0.002080,0.005022,-0.014990,0.999873,160.381500,421.560791,66.788231
1038,10.380000,0.002035,0.005142,-0.015044,0.999872,160.372253,421.558197,66.787552
1039,10.390000,0.002020,0.005198,-0.015053,0.999871,160.364120,421.556519,66.787224
1040,10.400000,0.002036,0.005198,-0.015086,0.999871,160.363480,421.558655,66.787239
1041,10.410000,0.002019,0.005202,-0.015049,0.999871,160.361969,421.555237,66.786819
1042,10.420000,0.002022,0.005202,-0.015059,0.999871,160.364914,421.555176,66.787903
1043,10.430000,0.002033,0.005194,-0.015069,0.999871,160.375198,421.559906,66.787842
1044,10.440000,0.002065,0.005109,-0.015072,0.999871,160.382370,421.563232,66.786606
1045,10.450000,0.002067,0.005079,-0.015070,0.999871,160.389999,421.563873,66.785568
1046,10.460000,0.002075,0.005063,-0.015070,0.999871,160.393967,421.565613,66.785583
1047,10.470000,0.002081,0.005097,-0.015129,0.999870,160.397980,421.567078,66.785942
1048,10.480000,0.002079,0.005059,-0.015075,0.999871,160.397980,421.564392,66.786407
1049,10.490000,0.002093,0.005105,-0.015131,0.999870,160.397156,421.563660,66.789749
1050,10.500000,0.002101,0.005077,-0.015105,0.999871,160.394775,421.563110,66.791695
1051,10.510000,0.002092,0.005075,-0.015110,0.999871,160.393326,421.562988,66.790390
1052,10.520000,0.002087,0.005101,-0.015125,0.999870,160.392548,421.563904,66.789307
1053,10.530000,0.002044,0.005213,-0.015171,0.999869,160.390564,421.563477,66.788887
1054,10.540000,0.002073,0.005119,-0.015077,0.999871,160.386002,421.561981,66.787338
1055,10.550000,0.002030,0.005220,-0.015152,0.999870,160.383972,421.560608,66.786926
1056,10.560000,0.002028,0.005229,-0.015137,0.999870,160.379562,421.561127,66.787727
1057,10.570000,0.002028,0.005213,-0.015107,0.999870,160.376678,421.561310,66.788338
1058,10.580000,0.002021,0.005220,-0.015092,0.999871,160.370804,421.557648,66.787743
1059,10.590000,0.002037,0.005191,-0.015080,0.999871,160.370728,421.558441,66.787247
1060,10.600000,0.002043,0.005190,-0.015096,0.999871,160.369919,421.557892,66.786987
1061,10.610000,0.002037,0.005204,-0.015116,0.999870,160.372787,421.558411,66.786644
1062,10.620000,0.002035,0.005193,-0.015106,0.999870,160.378296,421.559937,66.786072
1063,10.630000,0.002077,0.005088,-0.015056,0.999872,160.384857,421.562408,66.786613
1064,10.640000,0.002085,0.005053,-0.015040,0.999872,160.391937,421.562775,66.787445
1065,10.650000,0.002081,0.005056,-0.015070,0.999871,160.397964,421.563721,66.787285
1066,10.660000,0.002037,0.005160,-0.015110,0.999871,160.402496,421.564178,66.786980
1067,10.670000,0.002070,0.005102,-0.015079,0.999871,160.403564,421.566681,66.786339
1068,10.680000,0.002081,0.005070,-0.015091,0.999871,160.402176,421.567200,66.785721
1069,10.690000,0.002082,0.005098,-0.015128,0.999870,160.395630,421.564453,66.786011
1070,10.700000,0.002079,0.005084,-0.015070,0.999871,160.386642,421.562256,66.785812
1071,10.710000,0.002038,0.005188,-0.015111,0.999870,160.376099,421.558563,66.786957
1072,10.720000,0.002025,0.005235,-0.015097,0.999870,160.365891,421.555603,66.787781
1073,10.730000,0.002034,0.005203,-0.015071,0.999871,160.361877,421.556549,66.787766
1074,10.740000,0.002027,0.005207,-0.015050,0.999871,160.358521,421.554596,66.788406
1075,10.750000,0.002039,0.005207,-0.015093,0.999871,160.361557,421.555298,66.788223
1076,10.760000,0.002024,0.005225,-0.015075,0.999871,160.366684,421.555176,66.787689
1077,10.770000,0.002030,0.005219,-0.015118,0.999870,160.377670,421.559174,66.786919
1078,10.780000,0.002025,0.005207,-0.015110,0.999870,160.387131,421.562256,66.785851
1079,10.790000,0.002030,0.005198,-0.015138,0.999870,160.395004,421.564117,66.785980
1080,10.800000,0.002077,0.005092,-0.015096,0.999871,160.399872,421.565643,66.786705
1081,10.810000,0.002087,0.005043,-0.015073,0.999872,160.403107,421.565460,66.787346
1082,10.820000,0.002088,0.005031,-0.015037,0.999872,160.402924,421.564728,66.787346
1083,10.830000,0.002088,0.005043,-0.015050,0.999872,160.399078,421.564270,66.787498
1084,10.840000,0.002076,0.005062,-0.015041,0.999872,160.392944,421.563721,66.786423
1085,10.850000,0.002073,0.005067,-0.015041,0.999872,160.386078,421.562317,66.786179
1086,10.860000,0.002033,0.005155,-0.015050,0.999871,160.378616,421.559906,66.786697
1087,10.870000,0.002026,0.005194,-0.015077,0.999871,160.374466,421.558960,66.787445
1088,10.880000,0.002030,0.005184,-0.015055,0.999871,160.371796,421.558380,66.787628
1089,10.890000,0.002031,0.005190,-0.015054,0.999871,160.371872,421.559082,66.788383
1090,10.900000,0.002030,0.005166,-0.015042,0.999871,160.372940,421.558746,66.787018
1091,10.910000,0.002022,0.005188,-0.015060,0.999871,160.375381,421.559784,66.786354
1092,10.920000,0.002028,0.005196,-0.015103,0.999870,160.377823,421.560974,66.785896
1093,10.930000,0.002031,0.005206,-0.015125,0.999870,160.380753,421.561523,66.786247
1094,10.940000,0.002041,0.005191,-0.015128,0.999870,160.383942,421.561737,66.786652
1095,10.950000,0.002085,0.005096,-0.015089,0.999871,160.386307,421.562897,66.787064
1096,10.960000,0.002095,0.005059,-0.015091,0.999871,160.389725,421.563477,66.787270
1097,10.970000,0.002051,0.005174,-0.015153,0.999870,160.390854,421.562012,66.788269
1098,10.980000,0.002085,0.005099,-0.015101,0.999871,160.392487,421.563232,66.787476
1099,10.990000,0.002052,0.005134,-0.015069,0.999871,160.391174,421.562469,66.787018
1100,11.000000,0.002072,0.005088,-0.015077,0.999871,160.393372,421.564423,66.784531
1101,11.010000,0.002075,0.005075,-0.015074,0.999871,160.393402,421.564880,66.784309
1102,11.020000,0.002040,0.005185,-0.015120,0.999870,160.389664,421.564484,66.785172
1103,11.030000,0.002029,0.005192,-0.015104,0.999870,160.385117,421.561401,66.785065
1104,11.040000,0.002026,0.005216,-0.015134,0.999870,160.380020,421.560059,66.785324
1105,11.050000,0.002032,0.005201,-0.015115,0.999870,160.374741,421.559113,66.785515
1106,11.060000,0.002025,0.005200,-0.015111,0.999870,160.371429,421.560181,66.785583
1107,11.070000,0.002024,0.005186,-0.015074,0.999871,160.368912,421.559906,66.785645
1108,11.080000,0.002030,0.005191,-0.015049,0.999871,160.368652,421.558319,66.785782
1109,11.090000,0.002037,0.005177,-0.015058,0.999871,160.370789,421.558472,66.786736
1110,11.100000,0.002070,0.005098,-0.015037,0.999872,160.375885,421.560364,66.786850
1111,11.110000,0.002043,0.005142,-0.015067,0.999871,160.381699,421.560944,66.787453
1112,11.120000,0.002072,0.005068,-0.015025,0.999872,160.388657,421.562256,66.787361
1113,11.130000,0.002074,0.005033,-0.015004,0.999873,160.393463,421.562927,66.786659
1114,11.140000,0.002073,0.005053,-0.015044,0.999872,160.397827,421.564270,66.785049
1115,11.150000,0.002068,0.005055,-0.015028,0.999872,160.398041,421.565704,66.784569
1116,11.160000,0.002032,0.005146,-0.015081,0.999871,160.395432,421.565247,66.784225
1117,11.170000,0.002019,0.005185,-0.015108,0.999870,160.390564,421.563812,66.784035
1118,11.180000,0.002030,0.005189,-0.015099,0.999871,160.382233,421.559692,66.784637
1119,11.190000,0.002034,0.005195,-0.015097,0.999871,160.375961,421.559387,66.785919
1120,11.200000,0.002031,0.005201,-0.015111,0.999870,160.371277,421.558838,66.785683
1121,11.210000,0.002021,0.005210,-0.015109,0.999870,160.368912,421.559143,66.785339
1122,11.220000,0.002066,0.005098,-0.015044,0.999872,160.368317,421.559753,66.785072
1123,11.230000,0.002036,0.005187,-0.015102,0.999871,160.369553,421.558075,66.785683
1124,11.240000,0.002028,0.005203,-0.015118,0.999870,160.373459,421.559021,66.785339
1125,11.250000,0.002068,0.005094,-0.015045,0.999872,160.378662,421.561584,66.785561
1126,11.260000,0.002039,0.005131,-0.015069,0.999871,160.384262,421.562439,66.786888
1127,11.270000,0.002068,0.005067,-0.015025,0.999872,160.390457,421.564301,66.786423
1128,11.280000,0.002034,0.005115,-0.015051,0.999872,160.391800,421.562653,66.786995
1129,11.290000,0.002037,0.005178,-0.015095,0.999871,160.392838,421.562531,66.787643
1130,11.300000,0.002069,0.005083,-0.015039,0.999872,160.391617,421.563354,66.786598
1131,11.310000,0.002036,0.005128,-0.015079,0.999871,160.389999,421.562683,66.785294
1132,11.320000,0.002073,0.005058,-0.015031,0.999872,160.386200,421.563477,66.785484
1133,11.330000,0.002076,0.005070,-0.015039,0.999872,160.383850,421.561401,66.786674
1134,11.340000,0.002035,0.005158,-0.015068,0.999871,160.379028,421.558228,66.786522
1135,11.350000,0.002063,0.005130,-0.015068,0.999871,160.378281,421.561127,66.786125
1136,11.360000,0.002032,0.005196,-0.015120,0.999870,160.377350,421.561584,66.785973
1137,11.370000,0.002018,0.005233,-0.015143,0.999870,160.378967,421.561340,66.785614
1138,11.380000,0.002026,0.005198,-0.015096,0.999871,160.376663,421.560425,66.785294
1139,11.390000,0.002021,0.005210,-0.015109,0.999870,160.377167,421.560120,66.784615
1140,11.400000,0.002012,0.005201,-0.015058,0.999871,160.377975,421.559814,66.785072
1141,11.410000,0.002019,0.005192,-0.015056,0.999871,160.379425,421.560760,66.786530
1142,11.420000,0.002026,0.005166,-0.015029,0.999872,160.381332,421.560699,66.787971
1143,11.430000,0.002026,0.005156,-0.015039,0.999872,160.382034,421.559601,66.787636
1144,11.440000,0.002033,0.005163,-0.015055,0.999871,160.384186,421.559937,66.788300
1145,11.450000,0.002037,0.005193,-0.015114,0.999870,160.387711,421.562714,66.788445
1146,11.460000,0.002026,0.005203,-0.015152,0.999870,160.388733,421.563049,66.787247
1147,11.470000,0.002026,0.005198,-0.015110,0.999870,160.389374,421.562042,66.786758
1148,11.480000,0.002023,0.005213,-0.015121,0.999870,160.388992,421.561615,66.787071
1149,11.490000,0.002032,0.005183,-0.015082,0.999871,160.386780,421.561310,66.786407
1150,11.500000,0.002069,0.005103,-0.015069,0.999871,160.385681,421.562897,66.785591
1151,11.510000,0.002068,0.005072,-0.015052,0.999872,160.383591,421.563599,66.784973
1152,11.520000,0.002073,0.005067,-0.015004,0.999872,160.379929,421.562469,66.785751
1153,11.530000,0.002029,0.005171,-0.015067,0.999871,160.376389,421.559143,66.784279
1154,11.540000,0.002053,0.005119,-0.015038,0.999872,160.373703,421.559021,66.783653
1155,11.550000,0.002034,0.005182,-0.015076,0.999871,160.374268,421.559387,66.784760
1156,11.560000,0.002026,0.005203,-0.015100,0.999870,160.375504,421.560577,66.784698
1157,11.570000,0.002030,0.005199,-0.015109,0.999870,160.377533,421.561462,66.785294
1158,11.580000,0.002069,0.005095,-0.015059,0.999871,160.381592,421.562012,66.785614
1159,11.590000,0.002078,0.005037,-0.014986,0.999873,160.385300,421.562103,66.786331
1160,11.600000,0.002078,0.005051,-0.015033,0.999872,160.389908,421.562866,66.785370
1161,11.610000,0.002032,0.005184,-0.015119,0.999870,160.393478,421.563751,66.785713
1162,11.620000,0.002031,0.005193,-0.015115,0.999870,160.393066,421.564270,66.785950
1163,11.630000,0.002072,0.005076,-0.015051,0.999872,160.392334,421.563995,66.784737
1164,11.640000,0.002079,0.005033,-0.014999,0.999873,160.389145,421.563416,66.785072
1165,11.650000,0.002081,0.005032,-0.014997,0.999873,160.385788,421.562500,66.785614
1166,11.660000,0.002040,0.005153,-0.015072,0.999871,160.381790,421.560944,66.785866
1167,11.670000,0.002068,0.005118,-0.015075,0.999871,160.378082,421.561035,66.784546
1168,11.680000,0.002034,0.005200,-0.015114,0.999870,160.373520,421.559204,66.785011
1169,11.690000,0.002020,0.005212,-0.015099,0.999870,160.370575,421.557465,66.784164
1170,11.700000,0.002010,0.005232,-0.015117,0.999870,160.371323,421.557953,66.783943
1171,11.710000,0.002055,0.005117,-0.015059,0.999871,160.375687,421.560486,66.783569
1172,11.720000,0.002027,0.005190,-0.015111,0.999870,160.378189,421.561066,66.784576
1173,11.730000,0.002023,0.005220,-0.015132,0.999870,160.382904,421.561157,66.784782
1174,11.740000,0.002026,0.005198,-0.015120,0.999870,160.384125,421.561401,66.784744
1175,11.750000,0.002066,0.005097,-0.015059,0.999871,160.387848,421.563202,66.784821
1176,11.760000,0.002072,0.005061,-0.015047,0.999872,160.390427,421.562836,66.785370
1177,11.770000,0.002035,0.005171,-0.015106,0.999871,160.389450,421.561798,66.785347
1178,11.780000,0.002036,0.005180,-0.015100,0.999871,160.389160,421.562592,66.785309
1179,11.790000,0.002026,0.005196,-0.015128,0.999870,160.387390,421.561981,66.784859
1180,11.800000,0.002061,0.005086,-0.015034,0.999872,160.385590,421.562164,66.785233
1181,11.810000,0.002037,0.005148,-0.015073,0.999871,160.383194,421.560486,66.786034
1182,11.820000,0.002029,0.005184,-0.015084,0.999871,160.379135,421.559448,66.785942
1183,11.830000,0.002027,0.005183,-0.015082,0.999871,160.377380,421.559204,66.784851
1184,11.840000,0.002028,0.005183,-0.015073,0.999871,160.375671,421.559692,66.785057
1185,11.850000,0.002024,0.005189,-0.015079,0.999871,160.375885,421.560272,66.784096
1186,11.860000,0.002021,0.005178,-0.015074,0.999871,160.375488,421.559235,66.783585
1187,11.870000,0.002065,0.005093,-0.015031,0.999872,160.375305,421.559998,66.783859
1188,11.880000,0.002068,0.005065,-0.015022,0.999872,160.375931,421.560150,66.784554
1189,11.890000,0.002070,0.005051,-0.015012,0.999872,160.378326,421.560913,66.784470
1190,11.900000,0.002028,0.005166,-0.015087,0.999871,160.380829,421.560242,66.784874
1191,11.910000,0.002023,0.005191,-0.015095,0.999871,160.382095,421.560486,66.785126
1192,11.920000,0.002024,0.005199,-0.015109,0.999870,160.384293,421.560913,66.785583
1193,11.930000,0.002025,0.005196,-0.015119,0.999870,160.386993,421.562103,66.784981
1194,11.940000,0.002070,0.005073,-0.015055,0.999872,160.387375,421.563385,66.784592
1195,11.950000,0.002074,0.005068,-0.015052,0.999872,160.388077,421.563202,66.785538
1196,11.960000,0.002034,0.005163,-0.015098,0.999871,160.385773,421.561127,66.786591
1197,11.970000,0.002058,0.005102,-0.015044,0.999872,160.382141,421.561188,66.786438
1198,11.980000,0.002037,0.005178,-0.015109,0.999870,160.379242,421.560883,66.786140
1199,11.990000,0.002026,0.005187,-0.015087,0.999871,160.376358,421.560577,66.785469
1200,12.000000,0.002026,0.005212,-0.015104,0.999870,160.373962,421.560028,66.785271
1201,12.010000,0.002024,0.005189,-0.015060,0.999871,160.373245,421.558899,66.784386
1202,12.020000,0.002027,0.005196,-0.015061,0.999871,160.371887,421.558258,66.784790
1203,12.030000,0.002027,0.005205,-0.015084,0.999871,160.374619,421.559509,66.784851
1204,12.040000,0.002029,0.005204,-0.015093,0.999871,160.376266,421.559418,66.784325
1205,12.050000,0.002022,0.005198,-0.015075,0.999871,160.380417,421.560242,66.783569
1206,12.060000,0.002022,0.005193,-0.015069,0.999871,160.380997,421.558655,66.783188
1207,12.070000,0.002025,0.005186,-0.015082,0.999871,160.388367,421.561066,66.782913
1208,12.080000,0.002024,0.005176,-0.015087,0.999871,160.390396,421.562408,66.782921
1209,12.090000,0.002028,0.005177,-0.015099,0.999871,160.393021,421.563965,66.782799
1210,12.100000,0.002063,0.005059,-0.015004,0.999873,160.392349,421.563904,66.783081
1211,12.110000,0.002070,0.005046,-0.015012,0.999872,160.390259,421.562714,66.783760
1212,12.120000,0.002037,0.005145,-0.015070,0.999871,160.387939,421.561310,66.783867
1213,12.130000,0.002026,0.005184,-0.015088,0.999871,160.384323,421.560791,66.783974
1214,12.140000,0.002022,0.005197,-0.015098,0.999871,160.380371,421.560608,66.783836
1215,12.150000,0.002025,0.005194,-0.015087,0.999871,160.376907,421.560455,66.783836
1216,12.160000,0.002024,0.005193,-0.015070,0.999871,160.374374,421.559113,66.784172
1217,12.170000,0.002025,0.005175,-0.015051,0.999871,160.372467,421.558624,66.784004
1218,12.180000,0.002024,0.005205,-0.015094,0.999871,160.373642,421.559479,66.784294
1219,12.190000,0.002019,0.005186,-0.015047,0.999871,160.374603,421.559723,66.784073
1220,12.200000,0.002021,0.005168,-0.015019,0.999872,160.374481,421.559265,66.784378
1221,12.210000,0.002022,0.005178,-0.015041,0.999871,160.377960,421.558624,66.784187
1222,12.220000,0.002018,0.005176,-0.015061,0.999871,160.381226,421.559875,66.783669
1223,12.230000,0.002015,0.005165,-0.015049,0.999871,160.383881,421.561707,66.783356
1224,12.240000,0.002051,0.005074,-0.015009,0.999872,160.387726,421.564087,66.782944
1225,12.250000,0.002024,0.005156,-0.015049,0.999871,160.389023,421.559570,66.785011
1226,12.260000,0.002071,0.005051,-0.014971,0.999873,160.387650,421.558716,66.785736
1227,12.270000,0.002078,0.005012,-0.014953,0.999874,160.386429,421.564301,66.785423
1228,12.280000,0.002061,0.005019,-0.014981,0.999873,160.386826,421.566040,66.783371
1229,12.290000,0.002019,0.005146,-0.015059,0.999871,160.385025,421.561035,66.785225
1230,12.300000,0.002027,0.005187,-0.015078,0.999871,160.381683,421.559021,66.786110
1231,12.310000,0.002057,0.005097,-0.015010,0.999872,160.380325,421.557678,66.783188
1232,12.320000,0.002053,0.005043,-0.014968,0.999873,160.378693,421.558990,66.780815
1233,12.330000,0.002061,0.005065,-0.015001,0.999873,160.380157,421.564423,66.783150
1234,12.340000,0.002034,0.005157,-0.015040,0.999872,160.377609,421.566254,66.784119
1235,12.350000,0.002000,0.005186,-0.015019,0.999872,160.373169,421.557495,66.782845
1236,12.360000,0.002023,0.005195,-0.015042,0.999871,160.372986,421.553925,66.785736
1237,12.370000,0.002026,0.005181,-0.015026,0.999872,160.375488,421.556396,66.787216
1238,12.380000,0.002049,0.005072,-0.014992,0.999873,160.378693,421.560883,66.783638
1239,12.390000,0.002054,0.005028,-0.014970,0.999873,160.380737,421.564178,66.782005
1240,12.400000,0.002023,0.005148,-0.015019,0.999872,160.381638,421.563019,66.785385
1241,12.410000,0.002030,0.005178,-0.015037,0.999871,160.382904,421.559570,66.787048
1242,12.420000,0.002065,0.005037,-0.014962,0.999873,160.384369,421.558838,66.785164
1243,12.430000,0.002072,0.005016,-0.014953,0.999874,160.388000,421.561951,66.785995
1244,12.440000,0.002071,0.005019,-0.014991,0.999873,160.390823,421.565369,66.786613
1245,12.450000,0.002064,0.005032,-0.014995,0.999873,160.390610,421.563568,66.783127
1246,12.460000,0.002019,0.005164,-0.015073,0.999871,160.387131,421.561066,66.782936
1247,12.470000,0.002063,0.005093,-0.015049,0.999872,160.385742,421.562927,66.783356
1248,12.480000,0.002061,0.005067,-0.015011,0.999872,160.385422,421.562988,66.783554
1249,12.490000,0.002059,0.005048,-0.015011,0.999873,160.382523,421.563843,66.782761
1250,12.500000,0.002064,0.005051,-0.015018,0.999872,160.378204,421.563385,66.783905
1251,12.510000,0.002018,0.005151,-0.015019,0.999872,160.370728,421.555511,66.786293
1252,12.520000,0.002027,0.005179,-0.015062,0.999871,160.372025,421.555359,66.786079
1253,12.530000,0.002017,0.005169,-0.015022,0.999872,160.370544,421.556763,66.785919
1254,12.540000,0.002060,0.005063,-0.014993,0.999873,160.376968,421.562683,66.784554
1255,12.550000,0.002065,0.005038,-0.015007,0.999873,160.379349,421.563324,66.783897
1256,12.560000,0.002031,0.005139,-0.015055,0.999871,160.379456,421.560486,66.785751
1257,12.570000,0.002068,0.005060,-0.015003,0.999873,160.380310,421.560303,66.786575
1258,12.580000,0.002075,0.005022,-0.014980,0.999873,160.382797,421.559113,66.788162
1259,12.590000,0.002081,0.005018,-0.014970,0.999873,160.386215,421.560730,66.789345
1260,12.600000,0.002086,0.005000,-0.015008,0.999873,160.389420,421.564423,66.787582
1261,12.610000,0.002076,0.005013,-0.015012,0.999873,160.389954,421.563629,66.785538
1262,12.620000,0.002068,0.005030,-0.015009,0.999873,160.390305,421.561920,66.783958
1263,12.630000,0.002026,0.005166,-0.015086,0.999871,160.389297,421.560944,66.785301
1264,12.640000,0.002057,0.005091,-0.015051,0.999872,160.387451,421.561310,66.784584
1265,12.650000,0.002065,0.005042,-0.014999,0.999873,160.386719,421.561401,66.784935
1266,12.660000,0.002070,0.005013,-0.014954,0.999874,160.383209,421.561615,66.787102
1267,12.670000,0.002060,0.005021,-0.014926,0.999874,160.379074,421.560272,66.787743
1268,12.680000,0.002063,0.005011,-0.014946,0.999874,160.375961,421.559052,66.786018
1269,12.690000,0.002057,0.005045,-0.014949,0.999874,160.370728,421.557068,66.784897
1270,12.700000,0.002065,0.005053,-0.014965,0.999873,160.372498,421.559418,66.785797
1271,12.710000,0.002058,0.005041,-0.014932,0.999874,160.370010,421.558044,66.785973
1272,12.720000,0.002036,0.005113,-0.015019,0.999872,160.372711,421.559296,66.787201
1273,12.730000,0.002075,0.005032,-0.014952,0.999873,160.377060,421.560425,66.790009
1274,12.740000,0.002086,0.004995,-0.014947,0.999874,160.380798,421.559906,66.790611
1275,12.750000,0.002084,0.005011,-0.014989,0.999873,160.388382,421.561310,66.790016
1276,12.760000,0.002079,0.004992,-0.014968,0.999873,160.393372,421.562622,66.787750
1277,12.770000,0.002078,0.004990,-0.014951,0.999874,160.395966,421.564026,66.787025
1278,12.780000,0.002070,0.005008,-0.014985,0.999873,160.397888,421.564941,66.786369
1279,12.790000,0.002068,0.005028,-0.014991,0.999873,160.396255,421.564270,66.786293
1280,12.800000,0.002080,0.005029,-0.014961,0.999873,160.389587,421.563843,66.787560
1281,12.810000,0.002075,0.005007,-0.014946,0.999874,160.385193,421.562256,66.787849
1282,12.820000,0.002065,0.005033,-0.014965,0.999873,160.378021,421.560486,66.788170
1283,12.830000,0.002015,0.005158,-0.014996,0.999872,160.369171,421.556244,66.788567
1284,12.840000,0.002012,0.005195,-0.014985,0.999872,160.361679,421.553558,66.787971
1285,12.850000,0.002007,0.005195,-0.014993,0.999872,160.361313,421.554688,66.787148
1286,12.860000,0.002044,0.005110,-0.014974,0.999873,160.363846,421.557068,66.786690
1287,12.870000,0.002018,0.005177,-0.015030,0.999872,160.371552,421.558441,66.787766
1288,12.880000,0.002066,0.005050,-0.014961,0.999873,160.377533,421.560150,66.788147
1289,12.890000,0.002083,0.004999,-0.014949,0.999874,160.382248,421.559601,66.788620
1290,12.900000,0.002046,0.005101,-0.015014,0.999872,160.389954,421.560669,66.788834
1291,12.910000,0.002079,0.005004,-0.014975,0.999873,160.397247,421.564056,66.788727
1292,12.920000,0.002083,0.004981,-0.014971,0.999873,160.402664,421.565948,66.788086
1293,12.930000,0.002081,0.004974,-0.014965,0.999874,160.402527,421.565674,66.786705
1294,12.940000,0.002079,0.004999,-0.014978,0.999873,160.400085,421.565369,66.786842
1295,12.950000,0.002081,0.004987,-0.014958,0.999874,160.392487,421.562286,66.787422
1296,12.960000,0.002073,0.005009,-0.014942,0.999874,160.385513,421.559265,66.788628
1297,12.970000,0.002064,0.005031,-0.014946,0.999874,160.379791,421.558594,66.789009
1298,12.980000,0.002074,0.005007,-0.014937,0.999874,160.376709,421.558228,66.788269
1299,12.990000,0.002061,0.005025,-0.014914,0.999874,160.370056,421.556244,66.787865
1300,13.000000,0.002009,0.005130,-0.014973,0.999873,160.367508,421.556274,66.786278
1301,13.010000,0.002056,0.005035,-0.014943,0.999874,160.370392,421.560455,66.785500
1302,13.020000,0.002029,0.005092,-0.014985,0.999873,160.371445,421.559906,66.785583
1303,13.030000,0.002025,0.005139,-0.015023,0.999872,160.374695,421.559601,66.787224
1304,13.040000,0.002063,0.005033,-0.014955,0.999873,160.378342,421.559753,66.788429
1305,13.050000,0.002075,0.005006,-0.014952,0.999874,160.381866,421.560455,66.789383
1306,13.060000,0.002072,0.004991,-0.014943,0.999874,160.385376,421.561981,66.789406
1307,13.070000,0.002076,0.004994,-0.014963,0.999874,160.388535,421.563446,66.788704
1308,13.080000,0.002077,0.004995,-0.014972,0.999873,160.390961,421.563507,66.787575
1309,13.090000,0.002074,0.004994,-0.014945,0.999874,160.391556,421.563263,66.787758
1310,13.100000,0.002083,0.004988,-0.014961,0.999874,160.391312,421.562439,66.788315
1311,13.110000,0.002079,0.005006,-0.014969,0.999873,160.392670,421.563110,66.789345
1312,13.120000,0.002074,0.005010,-0.014969,0.999873,160.390472,421.563049,66.789703
1313,13.130000,0.002070,0.005023,-0.014961,0.999873,160.385376,421.562042,66.788727
1314,13.140000,0.002072,0.005019,-0.014921,0.999874,160.379898,421.561707,66.787560
1315,13.150000,0.002068,0.005046,-0.014981,0.999873,160.377579,421.561279,66.786469
1316,13.160000,0.002025,0.005167,-0.015038,0.999872,160.372772,421.560638,66.787033
1317,13.170000,0.002008,0.005203,-0.015043,0.999871,160.368729,421.558105,66.787743
1318,13.180000,0.002053,0.005072,-0.014964,0.999873,160.366089,421.557434,66.788498
1319,13.190000,0.002076,0.005001,-0.014929,0.999874,160.368439,421.558380,66.789040
1320,13.200000,0.002032,0.005101,-0.014965,0.999873,160.370010,421.556122,66.789764
1321,13.210000,0.002077,0.005022,-0.014931,0.999874,160.374603,421.559448,66.788399
1322,13.220000,0.002075,0.004987,-0.014927,0.999874,160.382568,421.560547,66.786896
1323,13.230000,0.002071,0.005001,-0.014949,0.999874,160.388168,421.561615,66.786530
1324,13.240000,0.002071,0.005026,-0.014992,0.999873,160.394592,421.564392,66.787300
1325,13.250000,0.002073,0.004992,-0.014938,0.999874,160.395187,421.564697,66.786949
1326,13.260000,0.002080,0.004996,-0.014946,0.999874,160.394394,421.563873,66.789024
1327,13.270000,0.002078,0.004979,-0.014943,0.999874,160.391541,421.563049,66.789124
1328,13.280000,0.002074,0.004983,-0.014916,0.999874,160.384918,421.560272,66.789986
1329,13.290000,0.002074,0.004976,-0.014918,0.999874,160.379730,421.559357,66.788414
1330,13.300000,0.002071,0.004993,-0.014906,0.999874,160.375092,421.559601,66.789200
1331,13.310000,0.002033,0.005102,-0.014970,0.999873,160.372559,421.558411,66.788208
1332,13.320000,0.002028,0.005135,-0.014983,0.999873,160.371765,421.558533,66.788246
1333,13.330000,0.002068,0.005040,-0.014943,0.999874,160.372101,421.558899,66.788498
1334,13.340000,0.002065,0.005002,-0.014911,0.999874,160.373505,421.558624,66.789391
1335,13.350000,0.002060,0.004996,-0.014905,0.999874,160.375946,421.558441,66.788803
1336,13.360000,0.002073,0.005007,-0.014966,0.999873,160.381775,421.560883,66.789085
1337,13.370000,0.002077,0.004997,-0.014954,0.999874,160.384384,421.561340,66.789551
1338,13.380000,0.002067,0.005010,-0.014939,0.999874,160.382294,421.559662,66.789413
1339,13.390000,0.002073,0.004992,-0.014952,0.999874,160.384354,421.562592,66.789200
1340,13.400000,0.002075,0.004978,-0.014934,0.999874,160.384171,421.563385,66.789474
1341,13.410000,0.002076,0.004970,-0.014908,0.999874,160.381958,421.561432,66.789452
1342,13.420000,0.002077,0.004954,-0.014892,0.999875,160.380127,421.559570,66.790314
1343,13.430000,0.002079,0.004974,-0.014920,0.999874,160.380310,421.559326,66.790756
1344,13.440000,0.002084,0.004955,-0.014901,0.999875,160.380829,421.559692,66.790611
1345,13.450000,0.002072,0.004959,-0.014900,0.999875,160.382370,421.561218,66.788528
1346,13.460000,0.002069,0.004981,-0.014907,0.999874,160.382507,421.561859,66.788002
1347,13.470000,0.002070,0.004984,-0.014906,0.999874,160.381927,421.561768,66.787552
1348,13.480000,0.002070,0.004994,-0.014914,0.999874,160.381561,421.561279,66.787659
1349,13.490000,0.002071,0.004978,-0.014910,0.999874,160.380371,421.560303,66.788338
1350,13.500000,0.002077,0.004990,-0.014907,0.999874,160.379395,421.560913,66.791313
1351,13.510000,0.002084,0.004971,-0.014896,0.999875,160.378128,421.560303,66.790115
1352,13.520000,0.002075,0.004991,-0.014916,0.999874,160.379379,421.559387,66.789474
1353,13.530000,0.002073,0.005000,-0.014915,0.999874,160.379578,421.560333,66.788086
1354,13.540000,0.002075,0.004967,-0.014890,0.999875,160.380844,421.561493,66.788177
1355,13.550000,0.002074,0.004979,-0.014938,0.999874,160.385101,421.562317,66.787628
1356,13.560000,0.002071,0.004989,-0.014954,0.999874,160.388138,421.562592,66.788452
1357,13.570000,0.002078,0.004987,-0.014959,0.999874,160.390213,421.561768,66.789909
1358,13.580000,0.002079,0.004958,-0.014910,0.999874,160.389175,421.560486,66.789993
1359,13.590000,0.002074,0.004956,-0.014904,0.999875,160.389313,421.561127,66.788467
1360,13.600000,0.002077,0.004982,-0.014934,0.999874,160.387344,421.562897,66.787720
1361,13.610000,0.002065,0.004983,-0.014910,0.999874,160.384201,421.562653,66.786667
1362,13.620000,0.002069,0.004987,-0.014912,0.999874,160.379837,421.560333,66.786781
1363,13.630000,0.002070,0.004993,-0.014906,0.999874,160.377426,421.559265,66.788239
1364,13.640000,0.002071,0.005015,-0.014918,0.999874,160.376022,421.559052,66.790024
1365,13.650000,0.002064,0.005016,-0.014921,0.999874,160.374008,421.557343,66.790749
1366,13.660000,0.002078,0.004990,-0.014914,0.999874,160.375092,421.558411,66.790398
1367,13.670000,0.002073,0.004982,-0.014908,0.999874,160.375870,421.559204,66.789574
1368,13.680000,0.002072,0.004998,-0.014938,0.999874,160.381027,421.561249,66.788307
1369,13.690000,0.002069,0.004985,-0.014914,0.999874,160.385559,421.562744,66.788406
1370,13.700000,0.002075,0.004989,-0.014935,0.999874,160.389374,421.563690,66.788918
1371,13.710000,0.002023,0.005113,-0.014997,0.999872,160.387054,421.560303,66.789803
1372,13.720000,0.002063,0.005040,-0.014965,0.999873,160.387558,421.561249,66.790070
1373,13.730000,0.002062,0.005020,-0.014949,0.999874,160.385330,421.560211,66.790489
1374,13.740000,0.002067,0.004994,-0.014931,0.999874,160.385666,421.561859,66.790024
1375,13.750000,0.002071,0.004977,-0.014902,0.999874,160.384781,421.561066,66.789207
1376,13.760000,0.002069,0.004985,-0.014869,0.999875,160.379517,421.558258,66.789452
1377,13.770000,0.002062,0.005001,-0.014892,0.999874,160.376816,421.557159,66.789154
1378,13.780000,0.002030,0.005092,-0.014949,0.999873,160.376297,421.558044,66.789917
1379,13.790000,0.002072,0.004987,-0.014879,0.999875,160.377853,421.559265,66.789360
1380,13.800000,0.002077,0.004967,-0.014897,0.999875,160.379089,421.559357,66.790146
1381,13.810000,0.002076,0.004972,-0.014908,0.999874,160.382492,421.560577,66.789963
1382,13.820000,0.002064,0.004978,-0.014874,0.999875,160.380676,421.558197,66.790092
1383,13.830000,0.002062,0.004976,-0.014879,0.999875,160.381042,421.559204,66.789772
1384,13.840000,0.002062,0.005006,-0.014904,0.999874,160.379364,421.561249,66.789902
1385,13.850000,0.002072,0.005001,-0.014955,0.999874,160.382614,421.562469,66.789047
1386,13.860000,0.002058,0.005018,-0.014918,0.999874,160.379486,421.559143,66.789772
1387,13.870000,0.002062,0.005008,-0.014901,0.999874,160.378006,421.557159,66.790428
1388,13.880000,0.002074,0.004987,-0.014901,0.999874,160.377457,421.558533,66.790375
1389,13.890000,0.002064,0.004997,-0.014886,0.999875,160.375961,421.558014,66.790886
1390,13.900000,0.002078,0.004957,-0.014893,0.999875,160.379211,421.560730,66.790863
1391,13.910000,0.002072,0.004977,-0.014903,0.999874,160.381363,421.559875,66.790260
1392,13.920000,0.002078,0.004977,-0.014925,0.999874,160.384796,421.560974,66.789177
1393,13.930000,0.002071,0.004975,-0.014926,0.999874,160.388458,421.561340,66.789070
1394,13.940000,0.002070,0.004987,-0.014934,0.999874,160.389496,421.562073,66.789696
1395,13.950000,0.002073,0.004996,-0.014954,0.999874,160.389847,421.562897,66.790123
1396,13.960000,0.002078,0.004989,-0.014963,0.999874,160.388107,421.562408,66.790924
1397,13.970000,0.002077,0.004973,-0.014944,0.999874,160.384888,421.562073,66.791298
1398,13.980000,0.002073,0.004992,-0.014933,0.999874,160.379593,421.560486,66.791954
1399,13.990000,0.002077,0.004991,-0.014918,0.999874,160.372955,421.559265,66.791534
1400,14.000000,0.002070,0.004997,-0.014916,0.999874,160.368561,421.558594,66.791908
1401,14.010000,0.002033,0.005104,-0.014969,0.999873,160.366867,421.556702,66.792007
1402,14.020000,0.002057,0.005015,-0.014872,0.999875,160.366440,421.555847,66.791275
1403,14.030000,0.002077,0.004985,-0.014903,0.999874,160.373138,421.558167,66.791039
1404,14.040000,0.002067,0.004991,-0.014904,0.999874,160.377655,421.558716,66.791359
1405,14.050000,0.002064,0.004994,-0.014903,0.999874,160.381271,421.559204,66.791122
1406,14.060000,0.002071,0.004976,-0.014928,0.999874,160.387970,421.562805,66.789375
1407,14.070000,0.002065,0.004992,-0.014934,0.999874,160.390961,421.563660,66.788826
1408,14.080000,0.002077,0.004974,-0.014915,0.999874,160.389511,421.564392,66.788528
1409,14.090000,0.002079,0.004966,-0.014903,0.999874,160.388580,421.564423,66.788765
1410,14.100000,0.002073,0.004963,-0.014919,0.999874,160.385605,421.562927,66.789131
1411,14.110000,0.002073,0.004969,-0.014902,0.999874,160.383881,421.561981,66.790077
1412,14.120000,0.002073,0.004982,-0.014910,0.999874,160.381287,421.561737,66.791061
1413,14.130000,0.002074,0.004976,-0.014903,0.999874,160.379242,421.560577,66.790741
1414,14.140000,0.002037,0.005068,-0.014950,0.999873,160.376846,421.558502,66.790459
1415,14.150000,0.002030,0.005117,-0.014978,0.999873,160.377457,421.559204,66.790237
1416,14.160000,0.002031,0.005121,-0.014997,0.999872,160.378906,421.560455,66.790276
1417,14.170000,0.002015,0.005131,-0.014990,0.999872,160.379196,421.560089,66.789703
1418,14.180000,0.002064,0.005011,-0.014944,0.999874,160.383469,421.562195,66.789474
1419,14.190000,0.002057,0.004974,-0.014894,0.999875,160.381027,421.560272,66.789925
1420,14.200000,0.002063,0.004943,-0.014862,0.999875,160.381119,421.560516,66.790009
1421,14.210000,0.002064,0.004948,-0.014867,0.999875,160.380737,421.561218,66.790092
1422,14.220000,0.002076,0.004922,-0.014810,0.999876,160.377029,421.561584,66.790031
1423,14.230000,0.002068,0.004929,-0.014824,0.999876,160.378296,421.561768,66.790436
1424,14.240000,0.002074,0.004959,-0.014840,0.999875,160.375870,421.561157,66.790672
1425,14.250000,0.002061,0.004979,-0.014855,0.999875,160.376144,421.558624,66.790916
1426,14.260000,0.002065,0.004951,-0.014858,0.999875,160.378845,421.559875,66.788879
1427,14.270000,0.002061,0.004979,-0.014903,0.999874,160.383331,421.561920,66.789375
1428,14.280000,0.002062,0.004983,-0.014898,0.999874,160.387741,421.562134,66.788559
1429,14.290000,0.002062,0.004970,-0.014910,0.999874,160.391357,421.563385,66.789421
1430,14.300000,0.002064,0.004959,-0.014893,0.999875,160.392746,421.563782,66.789001
1431,14.310000,0.002077,0.004958,-0.014859,0.999875,160.389801,421.564331,66.789360
1432,14.320000,0.002074,0.004955,-0.014860,0.999875,160.387894,421.564423,66.789635
1433,14.330000,0.002066,0.004956,-0.014870,0.999875,160.384506,421.562378,66.789841
1434,14.340000,0.002067,0.004962,-0.014877,0.999875,160.379776,421.559357,66.790443
1435,14.350000,0.002056,0.004963,-0.014830,0.999876,160.372375,421.555359,66.790298
1436,14.360000,0.002057,0.004951,-0.014806,0.999876,160.367874,421.554718,66.790672
1437,14.370000,0.002068,0.004930,-0.014831,0.999876,160.368683,421.558685,66.789558
1438,14.380000,0.002057,0.004970,-0.014852,0.999875,160.368729,421.558075,66.789650
1439,14.390000,0.002063,0.004960,-0.014862,0.999875,160.373123,421.559479,66.790436
1440,14.400000,0.002067,0.004960,-0.014874,0.999875,160.377686,421.558807,66.790916
1441,14.410000,0.002062,0.004951,-0.014880,0.999875,160.382538,421.559235,66.789993
1442,14.420000,0.002051,0.004958,-0.014874,0.999875,160.385345,421.560425,66.788879
1443,14.430000,0.002052,0.004948,-0.014893,0.999875,160.388336,421.563812,66.787605
1444,14.440000,0.002054,0.004952,-0.014915,0.999874,160.391052,421.565002,66.787224
1445,14.450000,0.002056,0.004960,-0.014919,0.999874,160.391403,421.564453,66.787643
1446,14.460000,0.002062,0.004951,-0.014916,0.999874,160.390823,421.564209,66.789101
1447,14.470000,0.002065,0.004953,-0.014886,0.999875,160.386475,421.562256,66.789268
1448,14.480000,0.002067,0.004984,-0.014890,0.999875,160.381073,421.561096,66.789848
1449,14.490000,0.002017,0.005116,-0.014933,0.999873,160.373505,421.557953,66.790482
1450,14.500000,0.002048,0.005050,-0.014915,0.999874,160.371109,421.559723,66.789879
1451,14.510000,0.002063,0.005027,-0.014892,0.999874,160.369171,421.561035,66.790062
1452,14.520000,0.002067,0.004998,-0.014898,0.999874,160.371689,421.560638,66.789536
1453,14.530000,0.002066,0.005008,-0.014889,0.999875,160.373215,421.560608,66.789429
1454,14.540000,0.002074,0.005003,-0.014887,0.999875,160.375641,421.559814,66.790047
1455,14.550000,0.002075,0.004980,-0.014892,0.999875,160.378830,421.560089,66.789604
1456,14.560000,0.002032,0.005092,-0.014997,0.999873,160.383408,421.560638,66.789009
1457,14.570000,0.002068,0.005019,-0.014947,0.999874,160.387665,421.563049,66.787643
1458,14.580000,0.002077,0.004980,-0.014910,0.999874,160.389679,421.562836,66.787231
1459,14.590000,0.002075,0.004980,-0.014876,0.999875,160.386108,421.562805,66.787529
1460,14.600000,0.002065,0.004957,-0.014900,0.999875,160.385376,421.562531,66.787941
1461,14.610000,0.002025,0.005092,-0.015024,0.999872,160.383606,421.561798,66.788956
1462,14.620000,0.002060,0.005003,-0.014975,0.999873,160.381516,421.561859,66.789154
1463,14.630000,0.002065,0.004975,-0.014957,0.999874,160.380768,421.561798,66.788795
1464,14.640000,0.002065,0.004955,-0.014916,0.999874,160.378311,421.560120,66.788231
1465,14.650000,0.002052,0.005010,-0.014932,0.999874,160.375519,421.558960,66.788406
1466,14.660000,0.002061,0.005001,-0.014942,0.999874,160.377579,421.561279,66.787697
1467,14.670000,0.002049,0.005001,-0.014903,0.999874,160.374939,421.559418,66.788124
1468,14.680000,0.002051,0.005003,-0.014887,0.999875,160.373337,421.557556,66.789368
1469,14.690000,0.002061,0.005010,-0.014872,0.999875,160.371216,421.555878,66.790276
1470,14.700000,0.002073,0.005010,-0.014919,0.999874,160.373627,421.558258,66.790810
1471,14.710000,0.002058,0.005034,-0.014920,0.999874,160.373932,421.557617,66.791626
1472,14.720000,0.002078,0.005018,-0.014913,0.999874,160.377548,421.558746,66.791374
1473,14.730000,0.002089,0.005023,-0.014920,0.999874,160.383209,421.559143,66.790565
1474,14.740000,0.002086,0.004995,-0.014911,0.999874,160.385742,421.559448,66.789085
1475,14.750000,0.002074,0.005012,-0.014993,0.999873,160.389481,421.562195,66.789116
1476,14.760000,0.002073,0.005038,-0.015027,0.999872,160.394272,421.562653,66.788834
1477,14.770000,0.002080,0.004978,-0.014927,0.999874,160.394455,421.560883,66.787712
1478,14.780000,0.002076,0.004981,-0.014932,0.999874,160.393600,421.560699,66.786987
1479,14.790000,0.002067,0.005004,-0.014947,0.999874,160.390472,421.560516,66.786728
1480,14.800000,0.002062,0.005017,-0.014973,0.999873,160.386795,421.561310,66.786392
1481,14.810000,0.002014,0.005160,-0.015043,0.999872,160.379822,421.558472,66.786201
1482,14.820000,0.002046,0.005110,-0.014976,0.999873,160.374252,421.558868,66.785782
1483,14.830000,0.002054,0.005049,-0.014931,0.999874,160.371475,421.557007,66.786400
1484,14.840000,0.002055,0.005032,-0.014889,0.999874,160.368668,421.556763,66.787277
1485,14.850000,0.002059,0.005005,-0.014894,0.999874,160.371735,421.557678,66.787567
1486,14.860000,0.002067,0.004968,-0.014900,0.999875,160.375443,421.559601,66.787094
1487,14.870000,0.002073,0.004998,-0.014948,0.999874,160.379517,421.560974,66.787666
1488,14.880000,0.002075,0.004976,-0.014913,0.999874,160.382248,421.561432,66.788132
1489,14.890000,0.002073,0.005020,-0.014988,0.999873,160.387466,421.562897,66.788322
1490,14.900000,0.002071,0.004982,-0.014943,0.999874,160.389282,421.563019,66.788116
1491,14.910000,0.002072,0.004991,-0.014953,0.999874,160.390778,421.563843,66.789154
1492,14.920000,0.002073,0.004964,-0.014920,0.999874,160.389084,421.562592,66.789040
1493,14.930000,0.002082,0.004948,-0.014919,0.999874,160.384918,421.561249,66.789574
1494,14.940000,0.002086,0.004976,-0.014956,0.999874,160.383484,421.562103,66.789474
1495,14.950000,0.002080,0.004981,-0.014939,0.999874,160.381104,421.562531,66.789192
1496,14.960000,0.002070,0.004994,-0.014946,0.999874,160.379044,421.562195,66.788208
1497,14.970000,0.002054,0.005015,-0.014918,0.999874,160.374359,421.560577,66.788231
1498,14.980000,0.002055,0.005027,-0.014951,0.999874,160.376434,421.562012,66.787537
1499,14.990000,0.002043,0.005065,-0.014966,0.999873,160.373718,421.561249,66.787918
1500,15.000000,0.002051,0.005055,-0.014935,0.999874,160.372925,421.562042,66.787903
