Format Version,1.24,Take Name,Push_210_deg_003,Take Notes,,Capture Frame Rate,100.000000,Export Frame Rate,100.000000,Capture Start Time,2025-02-03 03.37.41.200 午前,Capture Start Frame,5777700,Total Frames in Take,1501,Total Exported Frames,1501,Rotation Type,Quaternion,Length Units,Millimeters,Coordinate Space,Local

,Type,Rigid Body,Rigid Body,Rigid Body,Rigid Body,Rigid Body,Rigid Body,Rigid Body
,Name,Rigid Body 002,Rigid Body 002,Rigid Body 002,Rigid Body 002,Rigid Body 002,Rigid Body 002,Rigid Body 002
,ID,7081C4A4E11211EF3C28FEC2583C42A9,7081C4A4E11211EF3C28FEC2583C42A9,7081C4A4E11211EF3C28FEC2583C42A9,7081C4A4E11211EF3C28FEC2583C42A9,7081C4A4E11211EF3C28FEC2583C42A9,7081C4A4E11211EF3C28FEC2583C42A9,7081C4A4E11211EF3C28FEC2583C42A9
,,Rotation,Rotation,Rotation,Rotation,Position,Position,Position
Frame,Time (Seconds),X,Y,Z,W,X,Y,Z
0,0.000000,0.007989,-0.039308,0.000279,0.999195,160.327957,422.149994,79.488930
1,0.010000,0.008043,-0.039344,0.000325,0.999193,160.337738,422.148254,79.485252
2,0.020000,0.007993,-0.039262,0.000263,0.999197,160.338562,422.146820,79.478737
3,0.030000,0.008034,-0.039355,0.000309,0.999193,160.339294,422.150726,79.472580
4,0.040000,0.008014,-0.039426,0.000417,0.999190,160.332230,422.156647,79.468437
5,0.050000,0.008012,-0.039459,0.000500,0.999189,160.324936,422.155121,79.470718
6,0.060000,0.008027,-0.039475,0.000485,0.999188,160.310883,422.147552,79.475655
7,0.070000,0.007956,-0.039296,0.000426,0.999196,160.286346,422.131042,79.478111
8,0.080000,0.007990,-0.039239,0.000504,0.999198,160.259247,422.116516,79.483406
9,0.090000,0.007988,-0.039258,0.000523,0.999197,160.240234,422.111694,79.483124
10,0.100000,0.007987,-0.039224,0.000456,0.999198,160.226532,422.113007,79.479424
11,0.110000,0.007977,-0.039247,0.000488,0.999198,160.207977,422.114197,79.474060
12,0.120000,0.007968,-0.039181,0.000435,0.999200,160.190536,422.115112,79.469635
13,0.130000,0.007954,-0.039126,0.000381,0.999203,160.166092,422.113129,79.463486
14,0.140000,0.007930,-0.039060,0.000276,0.999205,160.137817,422.113464,79.455597
15,0.150000,0.007905,-0.039042,0.000208,0.999206,160.103241,422.115784,79.445770
16,0.160000,0.007895,-0.039103,0.000240,0.999204,160.066513,422.119507,79.436523
17,0.170000,0.007886,-0.039094,0.000195,0.999204,160.039795,422.128906,79.431320
18,0.180000,0.007908,-0.039203,0.000303,0.999200,160.009583,422.139709,79.431122
19,0.190000,,,,,,,
20,0.200000,0.007937,-0.039283,0.000221,0.999197,159.956940,422.152466,79.439346
21,0.210000,0.007942,-0.039307,0.000166,0.999196,159.930023,422.158752,79.444786
22,0.220000,0.007943,-0.039294,0.000078,0.999196,159.903076,422.162811,79.446526
23,0.230000,0.007930,-0.039096,-0.000082,0.999204,159.876892,422.164429,79.446091
24,0.240000,0.007910,-0.039086,-0.000090,0.999205,159.846283,422.161743,79.439636
25,0.250000,0.007885,-0.039358,0.000202,0.999194,159.790283,422.148560,79.424797
26,0.260000,0.007802,-0.039419,0.000142,0.999192,159.728745,422.137756,79.420944
27,0.270000,0.007784,-0.039461,0.000226,0.999191,159.668762,422.123169,79.414482
28,0.280000,0.007845,-0.039206,-0.000112,0.999200,159.605789,422.111420,79.416374
29,0.290000,0.007837,-0.039190,-0.000087,0.999201,159.538803,422.103058,79.411865
30,0.300000,0.007850,-0.039212,-0.000010,0.999200,159.465851,422.102173,79.408173
31,0.310000,0.007890,-0.038908,-0.000575,0.999212,159.405838,422.098511,79.411484
32,0.320000,0.007892,-0.038901,-0.000631,0.999212,159.328293,422.097168,79.413177
33,0.330000,,,,,,,
34,0.340000,0.007904,-0.038918,-0.000464,0.999211,159.138657,422.092102,79.413605
35,0.350000,0.007841,-0.039138,-0.000166,0.999203,159.018021,422.085205,79.402222
36,0.360000,0.007837,-0.038995,-0.000247,0.999209,158.916016,422.083923,79.392929
37,0.370000,0.007734,-0.039849,0.000612,0.999176,158.758240,422.078278,79.376205
38,0.380000,0.007744,-0.039666,0.000604,0.999183,158.647110,422.083679,79.368378
39,0.390000,0.007734,-0.039567,0.000542,0.999187,158.538605,422.090454,79.359840
40,0.400000,0.007899,-0.039334,0.000654,0.999195,158.435684,422.079742,79.339577
41,0.410000,0.007919,-0.039358,0.000767,0.999193,158.285614,422.072449,79.327309
42,0.420000,,,,,,,
43,0.430000,0.007872,-0.039195,0.000665,0.999200,157.912949,422.039246,79.297424
44,0.440000,0.007679,-0.039144,0.000426,0.999204,157.645187,422.019104,79.289215
45,0.450000,0.007749,-0.038548,0.000013,0.999227,157.441010,421.989166,79.277939
46,0.460000,0.007661,-0.038571,-0.000002,0.999227,157.156586,421.970947,79.274315
47,0.470000,0.007633,-0.038724,0.000319,0.999221,156.874207,421.959442,79.263840
48,0.480000,0.007805,-0.039486,0.001507,0.999189,156.582352,421.933136,79.231110
49,0.490000,,,,,,,
50,0.500000,0.007856,-0.039398,0.001451,0.999192,156.009552,421.908020,79.212456
51,0.510000,0.007748,-0.039401,0.001097,0.999193,155.716721,421.905701,79.203957
52,0.520000,,,,,,,
53,0.530000,0.007671,-0.038528,0.000285,0.999228,155.191223,421.898041,79.215820
54,0.540000,0.007710,-0.038443,0.000058,0.999231,154.940842,421.913330,79.222832
55,0.550000,0.007691,-0.038394,-0.000033,0.999233,154.691544,421.937531,79.209892
56,0.560000,0.007845,-0.039029,0.001206,0.999207,154.417343,421.928986,79.187302
57,0.570000,0.007844,-0.038927,0.001093,0.999211,154.187881,421.933929,79.172676
58,0.580000,,,,,,,
59,0.590000,0.007736,-0.038508,0.000519,0.999228,153.744781,421.932129,79.117882
60,0.600000,0.007631,-0.038451,0.000461,0.999231,153.534958,421.925659,79.087959
61,0.610000,0.007560,-0.038690,0.000725,0.999223,153.311661,421.915466,79.060966
62,0.620000,0.007385,-0.038781,0.000530,0.999220,153.097397,421.921631,79.030869
63,0.630000,0.007334,-0.038757,0.000590,0.999222,152.926315,421.914001,78.994766
64,0.640000,0.007284,-0.039060,0.000859,0.999210,152.752762,421.908691,78.960457
65,0.650000,0.007364,-0.038590,0.000497,0.999228,152.637680,421.902069,78.940964
66,0.660000,0.007316,-0.038633,0.000565,0.999227,152.505264,421.906128,78.923737
67,0.670000,,,,,,,
68,0.680000,0.007421,-0.038264,0.000859,0.999240,152.294083,421.892273,78.900627
69,0.690000,0.007507,-0.038065,0.000588,0.999247,152.207520,421.903748,78.905151
70,0.700000,0.007463,-0.037744,0.000285,0.999260,152.117767,421.911102,78.903061
71,0.710000,0.007459,-0.037702,0.000218,0.999261,152.028748,421.915588,78.902069
72,0.720000,0.007470,-0.037581,0.000080,0.999266,151.935959,421.912354,78.906006
73,0.730000,0.007431,-0.038354,0.000858,0.999236,151.792755,421.897400,78.897408
74,0.740000,0.007420,-0.038468,0.000994,0.999232,151.697784,421.887146,78.890495
75,0.750000,,,,,,,
76,0.760000,0.007389,-0.038489,0.001124,0.999231,151.534653,421.860870,78.892395
77,0.770000,0.007461,-0.038381,0.001170,0.999235,151.461014,421.853973,78.905830
78,0.780000,0.007505,-0.038369,0.001113,0.999235,151.405350,421.851807,78.912758
79,0.790000,0.007479,-0.038435,0.000874,0.999233,151.341644,421.855835,78.924438
80,0.800000,,,,,,,
81,0.810000,0.007496,-0.038401,0.000751,0.999234,151.239166,421.849121,78.936691
82,0.820000,0.007379,-0.038447,0.000446,0.999233,151.157852,421.853790,78.946655
83,0.830000,0.007372,-0.038440,0.000467,0.999234,151.093491,421.843323,78.951187
84,0.840000,0.007378,-0.038401,0.000560,0.999235,151.029434,421.829346,78.952263
85,0.850000,0.007364,-0.038401,0.000670,0.999235,150.956192,421.813690,78.950134
86,0.860000,,,,,,,
87,0.870000,0.007420,-0.038436,0.000969,0.999233,150.828049,421.761810,78.936447
88,0.880000,0.007435,-0.038368,0.000963,0.999236,150.774536,421.741486,78.937904
89,0.890000,0.007654,-0.038112,0.001393,0.999243,150.752304,421.704498,78.928650
90,0.900000,0.007653,-0.038126,0.001429,0.999243,150.705109,421.696075,78.927742
91,0.910000,0.007663,-0.038246,0.001659,0.999238,150.647964,421.692200,78.927391
92,0.920000,0.007680,-0.038128,0.001493,0.999242,150.600998,421.692078,78.927612
93,0.930000,0.007668,-0.038003,0.001358,0.999247,150.550964,421.689636,78.924240
94,0.940000,0.007663,-0.037972,0.001360,0.999249,150.487991,421.683075,78.921959
95,0.950000,0.007674,-0.037934,0.001370,0.999250,150.417007,421.672485,78.922279
96,0.960000,0.007624,-0.038818,0.002251,0.999215,150.287033,421.659546,78.918137
97,0.970000,0.007564,-0.038568,0.002104,0.999225,150.208893,421.654022,78.919098
98,0.980000,0.007548,-0.038473,0.002058,0.999229,150.130844,421.648468,78.918228
99,0.990000,0.007523,-0.038274,0.001763,0.999237,150.051285,421.648071,78.915245
100,1.000000,0.007510,-0.038181,0.001720,0.999241,149.969452,421.644196,78.907509
101,1.010000,0.007472,-0.038143,0.001629,0.999243,149.906845,421.651428,78.888733
102,1.020000,0.007455,-0.037996,0.001600,0.999249,149.827667,421.660828,78.872215
103,1.030000,0.007432,-0.037962,0.001683,0.999250,149.760742,421.670563,78.857941
104,1.040000,0.007411,-0.037951,0.001545,0.999251,149.727188,421.677643,78.843452
105,1.050000,0.007397,-0.038146,0.001722,0.999243,149.647339,421.678650,78.830933
106,1.060000,0.007293,-0.038277,0.001526,0.999239,149.590408,421.677704,78.827972
107,1.070000,0.007277,-0.038329,0.001680,0.999237,149.505157,421.669647,78.831116
108,1.080000,0.007255,-0.038103,0.001460,0.999246,149.461578,421.664398,78.831886
109,1.090000,0.007249,-0.038096,0.001548,0.999247,149.391418,421.658295,78.833549
110,1.100000,0.007239,-0.038106,0.001532,0.999246,149.337997,421.652863,78.833115
111,1.110000,0.007240,-0.038192,0.001560,0.999243,149.264511,421.653442,78.829407
112,1.120000,0.007244,-0.038579,0.001981,0.999227,149.179565,421.652527,78.817848
113,1.130000,0.007100,-0.038663,0.001601,0.999226,149.095306,421.667328,78.818398
114,1.140000,0.007086,-0.038692,0.001557,0.999225,149.036148,421.666840,78.812805
115,1.150000,0.007070,-0.038650,0.001483,0.999227,148.982666,421.666901,78.801933
116,1.160000,0.007106,-0.038557,0.001459,0.999230,148.931473,421.672424,78.795456
117,1.170000,0.007176,-0.038417,0.001064,0.999236,148.892410,421.683441,78.790878
118,1.180000,0.007177,-0.038369,0.000955,0.999237,148.847580,421.695496,78.788521
119,1.190000,0.007178,-0.038245,0.000770,0.999242,148.801300,421.706909,78.788284
120,1.200000,0.007248,-0.037904,0.000468,0.999255,148.764236,421.703705,78.787315
121,1.210000,0.007449,-0.037707,0.000866,0.999261,148.733871,421.680725,78.773422
122,1.220000,0.007440,-0.037749,0.000976,0.999259,148.653473,421.674957,78.767937
123,1.230000,0.007420,-0.037762,0.001200,0.999259,148.560104,421.665039,78.756905
124,1.240000,0.007397,-0.037752,0.001252,0.999259,148.480774,421.659943,78.739120
125,1.250000,0.007373,-0.037704,0.001191,0.999261,148.415527,421.660797,78.718285
126,1.260000,0.007322,-0.037651,0.001186,0.999263,148.348770,421.668488,78.690887
127,1.270000,0.007293,-0.037621,0.001102,0.999265,148.290237,421.678009,78.667885
128,1.280000,0.007244,-0.037417,0.000769,0.999273,148.236603,421.688721,78.646523
129,1.290000,0.007220,-0.037433,0.000768,0.999273,148.177567,421.685944,78.629944
130,1.300000,0.007211,-0.037459,0.000831,0.999272,148.116989,421.677307,78.618309
131,1.310000,0.007198,-0.037531,0.000904,0.999269,148.053238,421.667603,78.611794
132,1.320000,0.007165,-0.037632,0.001113,0.999265,147.967407,421.655579,78.599655
133,1.330000,0.007154,-0.037774,0.001253,0.999260,147.889008,421.642273,78.594398
134,1.340000,0.007103,-0.038709,0.002164,0.999223,147.752853,421.633179,78.580917
135,1.350000,0.007098,-0.038726,0.002112,0.999223,147.683197,421.638062,78.572006
136,1.360000,0.007120,-0.038542,0.001997,0.999230,147.608566,421.645599,78.567200
137,1.370000,0.007062,-0.038175,0.001597,0.999245,147.537231,421.654327,78.554550
138,1.380000,0.007048,-0.038149,0.001496,0.999246,147.445007,421.666779,78.544655
139,1.390000,0.007041,-0.038113,0.001417,0.999248,147.361359,421.670532,78.535774
140,1.400000,0.006950,-0.038292,0.001263,0.999242,147.237259,421.674011,78.537560
141,1.410000,0.006994,-0.038352,0.001483,0.999239,147.128006,421.670105,78.533676
142,1.420000,0.006974,-0.038224,0.001469,0.999244,147.020569,421.664124,78.529396
143,1.430000,0.006948,-0.038167,0.001467,0.999246,146.914398,421.665833,78.521027
144,1.440000,0.006958,-0.038038,0.001240,0.999251,146.801514,421.670685,78.514908
145,1.450000,0.006935,-0.038041,0.001252,0.999251,146.668121,421.664948,78.499512
146,1.460000,0.007074,-0.037944,0.001517,0.999254,146.545807,421.638489,78.476021
147,1.470000,0.007155,-0.037612,0.001155,0.999266,146.426102,421.626129,78.463562
148,1.480000,0.007141,-0.037820,0.001135,0.999258,146.266159,421.626770,78.455971
149,1.490000,0.007132,-0.037744,0.001184,0.999261,146.118469,421.625336,78.454414
150,1.500000,0.007132,-0.037631,0.001095,0.999266,145.988052,421.624359,78.451660
151,1.510000,0.007136,-0.037425,0.000825,0.999274,145.864105,421.617035,78.443909
152,1.520000,0.007095,-0.037399,0.000936,0.999275,145.729797,421.608521,78.430099
153,1.530000,0.007010,-0.037400,0.000892,0.999275,145.586243,421.600952,78.397705
154,1.540000,0.006886,-0.038242,0.001743,0.999243,145.392075,421.588257,78.352821
155,1.550000,0.006721,-0.038396,0.001430,0.999239,145.222015,421.592773,78.331161
156,1.560000,0.006690,-0.038343,0.001469,0.999241,145.089996,421.589539,78.313255
157,1.570000,0.006708,-0.038611,0.001853,0.999230,144.940155,421.594452,78.282715
158,1.580000,0.006607,-0.038544,0.001657,0.999234,144.805969,421.611176,78.254639
159,1.590000,0.006642,-0.038499,0.001746,0.999235,144.687927,421.620087,78.246017
160,1.600000,0.006672,-0.038284,0.001661,0.999243,144.580307,421.627838,78.245003
161,1.610000,0.006860,-0.037909,0.001607,0.999256,144.492920,421.621460,78.231361
162,1.620000,0.006832,-0.037839,0.001528,0.999259,144.384216,421.626770,78.217239
163,1.630000,0.006795,-0.037764,0.001327,0.999263,144.276123,421.628998,78.209015
164,1.640000,0.006795,-0.037648,0.001166,0.999267,144.169952,421.626434,78.206039
165,1.650000,0.006875,-0.037232,0.000852,0.999283,144.077881,421.618652,78.196358
166,1.660000,0.006854,-0.037175,0.000692,0.999285,143.968842,421.620941,78.177490
167,1.670000,0.006784,-0.037222,0.000533,0.999284,143.848373,421.631012,78.163322
168,1.680000,0.006739,-0.037355,0.000707,0.999279,143.696747,421.633698,78.148598
169,1.690000,0.006764,-0.037553,0.000872,0.999271,143.564560,421.636597,78.130630
170,1.700000,0.006746,-0.037810,0.001145,0.999262,143.412369,421.639832,78.106339
171,1.710000,0.006732,-0.037789,0.001107,0.999263,143.279617,421.643646,78.096138
172,1.720000,0.006748,-0.037870,0.001215,0.999259,143.130951,421.643738,78.091400
173,1.730000,0.006742,-0.037672,0.000899,0.999267,142.991837,421.649292,78.087112
174,1.740000,0.006740,-0.037276,0.000349,0.999282,142.842316,421.655487,78.082664
175,1.750000,0.006571,-0.038070,0.000811,0.999253,142.612350,421.658264,78.079468
176,1.760000,0.006523,-0.038028,0.000945,0.999255,142.436035,421.655060,78.068878
177,1.770000,0.006514,-0.037932,0.000920,0.999259,142.286133,421.645294,78.056793
178,1.780000,0.006687,-0.037860,0.001199,0.999260,142.149414,421.616364,78.037376
179,1.790000,0.006634,-0.038851,0.002227,0.999220,141.939499,421.606476,78.022697
180,1.800000,0.006494,-0.038533,0.001952,0.999234,141.803375,421.609955,78.010590
181,1.810000,0.006570,-0.037475,0.000806,0.999276,141.738541,421.613525,78.007370
182,1.820000,0.006622,-0.037347,0.000700,0.999280,141.616821,421.611145,78.000778
183,1.830000,0.006656,-0.037257,0.000831,0.999283,141.478668,421.602448,77.999527
184,1.840000,0.006643,-0.037269,0.000835,0.999283,141.368011,421.599213,77.990631
185,1.850000,0.006650,-0.037078,0.000514,0.999290,141.262360,421.603882,77.979881
186,1.860000,0.006645,-0.037059,0.000361,0.999291,141.160049,421.608276,77.967369
187,1.870000,0.006617,-0.036933,0.000268,0.999296,141.046341,421.617157,77.955276
188,1.880000,0.006630,-0.037083,0.000537,0.999290,140.927322,421.621826,77.948265
189,1.890000,0.006636,-0.037069,0.000534,0.999291,140.814590,421.621033,77.948151
190,1.900000,0.006619,-0.036898,0.000272,0.999297,140.714539,421.619507,77.952087
191,1.910000,0.006555,-0.037076,0.000245,0.999291,140.576889,421.620331,77.960602
192,1.920000,0.006559,-0.037087,0.000247,0.999291,140.478897,421.612579,77.962219
193,1.930000,0.006573,-0.037292,0.000365,0.999283,140.374985,421.606598,77.956795
194,1.940000,0.006690,-0.037905,0.001249,0.999258,140.274582,421.588104,77.936928
195,1.950000,0.006696,-0.037995,0.001358,0.999255,140.192993,421.584015,77.928093
196,1.960000,0.006561,-0.038992,0.002388,0.999215,140.044022,421.573303,77.912254
197,1.970000,0.006551,-0.038903,0.002338,0.999219,139.969894,421.567505,77.906189
198,1.980000,0.006536,-0.038952,0.002399,0.999217,139.892639,421.559113,77.898857
199,1.990000,0.006519,-0.038958,0.002457,0.999217,139.814606,421.555756,77.889366
200,2.000000,0.006517,-0.038893,0.002374,0.999219,139.748779,421.559662,77.886742
201,2.010000,0.006549,-0.038766,0.002182,0.999225,139.685242,421.567932,77.889839
202,2.020000,0.006530,-0.038740,0.002022,0.999226,139.605057,421.578491,77.897125
203,2.030000,0.006545,-0.038656,0.001891,0.999229,139.533951,421.588531,77.902473
204,2.040000,0.006552,-0.038575,0.001747,0.999233,139.447800,421.599182,77.911079
205,2.050000,0.006704,-0.037346,0.000444,0.999280,139.434555,421.601990,77.922691
206,2.060000,0.006725,-0.036881,-0.000097,0.999297,139.359955,421.612793,77.926758
207,2.070000,0.006725,-0.036829,-0.000130,0.999299,139.277359,421.611755,77.920769
208,2.080000,0.006585,-0.034710,-0.001331,0.999375,139.191116,421.632507,77.910271
209,2.090000,0.006567,-0.033833,-0.001737,0.999404,139.103088,421.629517,77.911499
210,2.100000,0.006572,-0.033777,-0.001752,0.999406,139.018402,421.610809,77.914658
211,2.110000,0.006280,-0.033180,-0.000909,0.999429,138.853958,421.577454,77.890862
212,2.120000,0.006171,-0.033039,-0.000570,0.999435,138.756622,421.569183,77.872742
213,2.130000,0.006154,-0.033047,-0.000608,0.999435,138.705688,421.572540,77.867218
214,2.140000,0.006146,-0.033073,-0.000800,0.999434,138.667480,421.583984,77.859261
215,2.150000,0.006142,-0.033130,-0.000930,0.999432,138.622665,421.600739,77.849716
216,2.160000,0.006149,-0.033194,-0.000911,0.999430,138.570343,421.607971,77.845680
217,2.170000,0.006187,-0.033321,-0.000708,0.999425,138.508942,421.602264,77.848610
218,2.180000,0.006165,-0.033635,-0.000733,0.999415,138.422195,421.593414,77.861511
219,2.190000,0.006170,-0.033771,-0.000733,0.999410,138.370789,421.584808,77.864426
220,2.200000,0.006266,-0.034031,-0.000121,0.999401,138.330734,421.568848,77.858192
221,2.210000,0.006276,-0.034052,-0.000077,0.999400,138.295685,421.564636,77.864540
222,2.220000,0.006270,-0.034081,-0.000079,0.999399,138.262695,421.564972,77.862633
223,2.230000,0.006282,-0.034151,-0.000219,0.999397,138.236526,421.574432,77.854683
224,2.240000,0.006273,-0.034127,-0.000333,0.999398,138.209610,421.586365,77.848900
225,2.250000,0.006250,-0.034119,-0.000161,0.999398,138.164200,421.592896,77.842552
226,2.260000,0.006220,-0.033934,-0.000276,0.999405,138.126740,421.604370,77.838318
227,2.270000,0.006207,-0.033876,-0.000369,0.999407,138.099289,421.614929,77.835426
228,2.280000,0.006204,-0.033789,-0.000542,0.999410,138.070877,421.627289,77.841408
229,2.290000,0.006225,-0.033774,-0.000622,0.999410,138.051422,421.635529,77.850365
230,2.300000,0.006236,-0.033818,-0.000646,0.999408,138.010193,421.635468,77.852707
231,2.310000,0.006230,-0.033879,-0.000550,0.999406,137.954956,421.616211,77.845375
232,2.320000,0.006128,-0.034907,0.000631,0.999372,137.815277,421.577179,77.826012
233,2.330000,0.006083,-0.034827,0.000616,0.999375,137.754807,421.558289,77.810379
234,2.340000,0.005982,-0.034787,0.000540,0.999377,137.686523,421.557190,77.795845
235,2.350000,0.005919,-0.034648,0.000427,0.999382,137.633011,421.560547,77.780449
236,2.360000,0.005936,-0.034446,0.000085,0.999389,137.573883,421.565369,77.771538
237,2.370000,0.005935,-0.034405,-0.000041,0.999390,137.518738,421.576294,77.760666
238,2.380000,0.005903,-0.034591,0.000153,0.999384,137.449982,421.596771,77.742332
239,2.390000,0.005869,-0.034541,0.000111,0.999386,137.397400,421.607666,77.733368
240,2.400000,0.005867,-0.034333,-0.000051,0.999393,137.338989,421.609406,77.730148
241,2.410000,0.005874,-0.034333,-0.000010,0.999393,137.274109,421.603455,77.722244
242,2.420000,0.005864,-0.034288,-0.000063,0.999395,137.212494,421.604797,77.715385
243,2.430000,0.005856,-0.034194,-0.000181,0.999398,137.159973,421.614929,77.710960
244,2.440000,0.005829,-0.034147,-0.000220,0.999400,137.097870,421.619476,77.708420
245,2.450000,0.005793,-0.034008,-0.000453,0.999405,137.036011,421.625275,77.700958
246,2.460000,0.005886,-0.033206,-0.001231,0.999430,137.020416,421.621033,77.686226
247,2.470000,0.005876,-0.033159,-0.001238,0.999432,136.946960,421.608948,77.668823
248,2.480000,0.005859,-0.033236,-0.001063,0.999430,136.870178,421.590820,77.652237
249,2.490000,0.005834,-0.033216,-0.001005,0.999431,136.803116,421.581787,77.633171
250,2.500000,0.005779,-0.033314,-0.001084,0.999428,136.723846,421.590332,77.604874
251,2.510000,0.005754,-0.033206,-0.001133,0.999431,136.662399,421.604340,77.586952
252,2.520000,0.005737,-0.033132,-0.001320,0.999434,136.610245,421.623291,77.569374
253,2.530000,0.005734,-0.033062,-0.001325,0.999436,136.540344,421.640045,77.553207
254,2.540000,0.005744,-0.032851,-0.001683,0.999442,136.478271,421.644165,77.535973
255,2.550000,0.005747,-0.032787,-0.001695,0.999444,136.402573,421.628021,77.524132
256,2.560000,0.005760,-0.032814,-0.001615,0.999444,136.313766,421.597931,77.515236
257,2.570000,0.005682,-0.032891,-0.001810,0.999441,136.198227,421.593079,77.513885
258,2.580000,0.005817,-0.032674,-0.001518,0.999448,136.128906,421.566193,77.499306
259,2.590000,0.005815,-0.032652,-0.001374,0.999449,136.029434,421.554321,77.497490
260,2.600000,0.005763,-0.032725,-0.001285,0.999447,135.937515,421.541626,77.496605
261,2.610000,0.005752,-0.032872,-0.000869,0.999443,135.799255,421.533112,77.488861
262,2.620000,0.005621,-0.034334,0.000593,0.999394,135.588196,421.515625,77.470642
263,2.630000,0.005623,-0.034621,0.001210,0.999384,135.430832,421.500488,77.459396
264,2.640000,0.005590,-0.034608,0.001128,0.999385,135.302017,421.495026,77.443893
265,2.650000,0.005577,-0.034597,0.000963,0.999385,135.178772,421.493317,77.429359
266,2.660000,0.005712,-0.033203,-0.000511,0.999432,135.132217,421.493347,77.427315
267,2.670000,0.005623,-0.033033,-0.000873,0.999438,135.009354,421.500671,77.419266
268,2.680000,0.005632,-0.032848,-0.001325,0.999444,134.897141,421.503784,77.407677
269,2.690000,0.005592,-0.032883,-0.001232,0.999443,134.773590,421.512299,77.388031
270,2.700000,0.005585,-0.032815,-0.001177,0.999445,134.633026,421.503021,77.375839
271,2.710000,0.005577,-0.032882,-0.000958,0.999443,134.468582,421.474579,77.362831
272,2.720000,0.005632,-0.032868,-0.000728,0.999444,134.314011,421.432800,77.338264
273,2.730000,0.005595,-0.033081,-0.000387,0.999437,134.143646,421.405457,77.306328
274,2.740000,0.005478,-0.033114,-0.000170,0.999437,133.981979,421.385162,77.275078
275,2.750000,0.005428,-0.032740,-0.000565,0.999449,133.829041,421.386322,77.261566
276,2.760000,0.005351,-0.033441,-0.000058,0.999426,133.639328,421.389221,77.237587
277,2.770000,0.005296,-0.033444,0.000009,0.999427,133.460129,421.391205,77.214127
278,2.780000,0.005201,-0.034434,0.001014,0.999393,133.224197,421.382294,77.183746
279,2.790000,0.005291,-0.032995,-0.000077,0.999442,133.114182,421.372711,77.173340
280,2.800000,0.005291,-0.032667,-0.000210,0.999452,132.929993,421.357727,77.167747
281,2.810000,0.005258,-0.032577,-0.000345,0.999455,132.754807,421.346741,77.160660
282,2.820000,0.005275,-0.032439,-0.000620,0.999460,132.603943,421.345520,77.153160
283,2.830000,0.005239,-0.032561,-0.000673,0.999456,132.435593,421.345856,77.147682
284,2.840000,0.005251,-0.032648,-0.000403,0.999453,132.272720,421.331116,77.148941
285,2.850000,0.005312,-0.032398,-0.000404,0.999461,132.111374,421.308899,77.155624
286,2.860000,0.005264,-0.032165,-0.000533,0.999469,131.961670,421.286255,77.154694
287,2.870000,0.005199,-0.031983,-0.000470,0.999475,131.794800,421.266754,77.145294
288,2.880000,0.005131,-0.032883,0.000351,0.999446,131.577896,421.254425,77.122643
289,2.890000,0.005031,-0.034106,0.001426,0.999405,131.354950,421.246735,77.098969
290,2.900000,0.005153,-0.032728,0.000049,0.999451,131.279160,421.239471,77.098488
291,2.910000,0.005167,-0.032567,0.000107,0.999456,131.123856,421.222656,77.096146
292,2.920000,0.005140,-0.032497,0.000178,0.999459,130.968353,421.214294,77.089737
293,2.930000,0.005163,-0.032300,0.000137,0.999465,130.828934,421.196869,77.090813
294,2.940000,0.005156,-0.032080,0.000039,0.999472,130.698944,421.191162,77.094269
295,2.950000,0.005089,-0.032051,-0.000075,0.999473,130.551300,421.182526,77.103210
296,2.960000,0.005142,-0.031800,-0.000047,0.999481,130.420258,421.173004,77.116821
297,2.970000,0.005161,-0.031906,0.000168,0.999478,130.292435,421.160553,77.116272
298,2.980000,0.005140,-0.031829,-0.000012,0.999480,130.179245,421.159302,77.114311
299,2.990000,0.005131,-0.031774,-0.000073,0.999482,130.062332,421.153107,77.112160
300,3.000000,0.005065,-0.031549,-0.000172,0.999489,129.941116,421.140625,77.110443
301,3.010000,0.004917,-0.033060,0.001299,0.999440,129.727524,421.122009,77.099556
302,3.020000,0.005062,-0.031632,0.000096,0.999487,129.694061,421.108887,77.108040
303,3.030000,0.005066,-0.031417,-0.000015,0.999494,129.597733,421.092712,77.113861
304,3.040000,0.005056,-0.031526,0.000260,0.999490,129.475891,421.074890,77.111404
305,3.050000,0.005039,-0.031734,0.000457,0.999484,129.369202,421.073547,77.101433
306,3.060000,0.005078,-0.031691,0.000593,0.999485,129.287323,421.066772,77.100838
307,3.070000,0.005059,-0.031662,0.000570,0.999486,129.211090,421.058441,77.099724
308,3.080000,0.005064,-0.031699,0.000648,0.999484,129.141464,421.047852,77.092903
309,3.090000,0.005003,-0.031520,0.000527,0.999490,129.075607,421.045624,77.087120
310,3.100000,0.004997,-0.031375,0.000497,0.999495,129.014725,421.031769,77.096832
311,3.110000,0.005021,-0.031364,0.000530,0.999495,128.964188,421.016052,77.106949
312,3.120000,0.004986,-0.031440,0.000482,0.999493,128.905762,421.015686,77.114052
313,3.130000,0.005007,-0.031337,0.000348,0.999496,128.860107,421.018768,77.118340
314,3.140000,0.005025,-0.031404,0.000390,0.999494,128.807571,421.019928,77.123993
315,3.150000,0.005046,-0.031403,0.000351,0.999494,128.759537,421.020233,77.129044
316,3.160000,0.005061,-0.031433,0.000371,0.999493,128.696472,421.017181,77.131454
317,3.170000,0.005060,-0.031424,0.000413,0.999493,128.635620,421.014618,77.128723
318,3.180000,0.005063,-0.031529,0.000599,0.999490,128.570724,421.008453,77.126175
319,3.190000,0.005065,-0.031567,0.000647,0.999489,128.510040,421.000610,77.128883
320,3.200000,0.005086,-0.031737,0.000942,0.999483,128.435425,420.988098,77.129051
321,3.210000,0.005074,-0.031747,0.001005,0.999483,128.375229,420.977295,77.129166
322,3.220000,0.005077,-0.031742,0.001023,0.999483,128.318253,420.970032,77.132492
323,3.230000,0.005066,-0.031733,0.001015,0.999483,128.266800,420.966919,77.137413
324,3.240000,0.005037,-0.032035,0.001356,0.999473,128.181229,420.976593,77.137871
325,3.250000,0.005052,-0.031790,0.001219,0.999481,128.106201,420.987671,77.137367
326,3.260000,0.004953,-0.032771,0.002282,0.999448,127.942902,420.973022,77.130638
327,3.270000,0.005080,-0.031267,0.000838,0.999498,127.931549,420.955444,77.138489
328,3.280000,0.005024,-0.031057,0.000651,0.999505,127.824265,420.935242,77.137405
329,3.290000,0.005074,-0.030853,0.000691,0.999511,127.716347,420.925018,77.133919
330,3.300000,0.003423,-0.022710,-0.017331,0.999586,127.647041,421.281708,77.309601
331,3.310000,0.003297,-0.021678,-0.019478,0.999570,127.549484,421.319458,77.332085
332,3.320000,0.003349,-0.021921,-0.019118,0.999571,127.419952,421.317627,77.329422
333,3.330000,0.003391,-0.022569,-0.018223,0.999574,127.268967,421.305054,77.318054
334,3.340000,0.003440,-0.022755,-0.017825,0.999576,127.130974,421.286865,77.308182
335,3.350000,0.003498,-0.022927,-0.017346,0.999581,126.973541,421.267914,77.294495
336,3.360000,0.003531,-0.022906,-0.016948,0.999588,126.806183,421.266968,77.285805
337,3.370000,0.003500,-0.023675,-0.015898,0.999587,126.607735,421.253510,77.276070
338,3.380000,0.003524,-0.024124,-0.015314,0.999585,126.423615,421.256195,77.264290
339,3.390000,0.003563,-0.024050,-0.015338,0.999587,126.254097,421.279968,77.252785
340,3.400000,0.003571,-0.023693,-0.016237,0.999581,126.080009,421.310364,77.260071
341,3.410000,0.003634,-0.023860,-0.015866,0.999583,125.876549,421.294556,77.260277
342,3.420000,0.003796,-0.023714,-0.015935,0.999585,125.685852,421.260864,77.258759
343,3.430000,0.003855,-0.024528,-0.014357,0.999589,125.431984,421.200989,77.230995
344,3.440000,0.003845,-0.024439,-0.014056,0.999595,125.212250,421.161102,77.215698
345,3.450000,0.003742,-0.024470,-0.013879,0.999597,124.950607,421.150360,77.205605
346,3.460000,0.003728,-0.024791,-0.013267,0.999598,124.722290,421.134125,77.194527
347,3.470000,0.003741,-0.025194,-0.012893,0.999592,124.491974,421.120544,77.180923
348,3.480000,0.003764,-0.025486,-0.012410,0.999591,124.250168,421.108429,77.166481
349,3.490000,0.003828,-0.025717,-0.011832,0.999592,124.020294,421.088013,77.151573
350,3.500000,0.003982,-0.025082,-0.012163,0.999603,123.825386,421.066406,77.152962
351,3.510000,0.003908,-0.024868,-0.012271,0.999608,123.618401,421.044189,77.146332
352,3.520000,0.003685,-0.023978,-0.013764,0.999611,123.417183,421.052856,77.150848
353,3.530000,0.003636,-0.024100,-0.013415,0.999613,123.211769,421.042755,77.127914
354,3.540000,0.003560,-0.024519,-0.012910,0.999610,123.005829,421.048035,77.103310
355,3.550000,0.003537,-0.024738,-0.012627,0.999608,122.808342,421.051758,77.080566
356,3.560000,0.003524,-0.024909,-0.012664,0.999603,122.632736,421.067017,77.054375
357,3.570000,0.003563,-0.024820,-0.013081,0.999600,122.477295,421.088928,77.046349
358,3.580000,0.003774,-0.025526,-0.011302,0.999603,122.294899,421.033447,77.046234
359,3.590000,0.003866,-0.025606,-0.010846,0.999606,122.129829,420.981598,77.054420
360,3.600000,0.003944,-0.025319,-0.010906,0.999612,121.987015,420.948395,77.057495
361,3.610000,0.003936,-0.025399,-0.010791,0.999611,121.858063,420.939331,77.048065
362,3.620000,0.003911,-0.025438,-0.010900,0.999609,121.748711,420.944489,77.044754
363,3.630000,0.003878,-0.025055,-0.011440,0.999613,121.662971,420.963959,77.041504
364,3.640000,0.003725,-0.024294,-0.013229,0.999610,121.569199,420.999939,77.051903
365,3.650000,0.003702,-0.024153,-0.013254,0.999614,121.477364,420.993408,77.054306
366,3.660000,0.003731,-0.024080,-0.013154,0.999617,121.380234,420.992462,77.063484
367,3.670000,0.003745,-0.024689,-0.012522,0.999610,121.256157,420.997925,77.066032
368,3.680000,0.003779,-0.024795,-0.012418,0.999608,121.165314,421.001953,77.068962
369,3.690000,0.003815,-0.024813,-0.012353,0.999609,121.069366,421.005188,77.075745
370,3.700000,0.003844,-0.024734,-0.012426,0.999609,120.973236,421.008423,77.082932
371,3.710000,0.003869,-0.024751,-0.012426,0.999609,120.872978,421.013672,77.091438
372,3.720000,0.003914,-0.024769,-0.012424,0.999608,120.777153,421.018921,77.098961
373,3.730000,0.004097,-0.025401,-0.011249,0.999606,120.669754,420.994507,77.088806
374,3.740000,0.004128,-0.025611,-0.011159,0.999601,120.544861,420.999207,77.076790
375,3.750000,0.004103,-0.025696,-0.010973,0.999601,120.414703,421.002136,77.063660
376,3.760000,0.004100,-0.025748,-0.010783,0.999602,120.280930,420.991882,77.056038
377,3.770000,0.004095,-0.025450,-0.010862,0.999609,120.128593,420.986450,77.058540
378,3.780000,0.004073,-0.024955,-0.011460,0.999615,119.982803,420.999725,77.065201
379,3.790000,0.004133,-0.024642,-0.011746,0.999619,119.850342,421.003296,77.078415
380,3.800000,0.004134,-0.025090,-0.011430,0.999611,119.685455,421.007965,77.093315
381,3.810000,0.004118,-0.024547,-0.012872,0.999607,119.543480,421.034363,77.129814
382,3.820000,0.004250,-0.024639,-0.012728,0.999606,119.399872,421.034210,77.153954
383,3.830000,0.004347,-0.024729,-0.012682,0.999604,119.261948,421.038940,77.176781
384,3.840000,0.004447,-0.024696,-0.012602,0.999606,119.117027,421.042847,77.203423
385,3.850000,0.004476,-0.024888,-0.012448,0.999603,118.955147,421.053040,77.223366
386,3.860000,0.004593,-0.025243,-0.011893,0.999600,118.817444,421.046356,77.223030
387,3.870000,0.004630,-0.025092,-0.011917,0.999603,118.687119,421.053955,77.218422
388,3.880000,0.004579,-0.025609,-0.011465,0.999596,118.540962,421.064392,77.200974
389,3.890000,0.004553,-0.025787,-0.011380,0.999592,118.430237,421.069244,77.185822
390,3.900000,0.004511,-0.025748,-0.011612,0.999591,118.337723,421.075653,77.170113
391,3.910000,0.004488,-0.025621,-0.011722,0.999593,118.255165,421.079712,77.162079
392,3.920000,0.004506,-0.025682,-0.011641,0.999592,118.168159,421.089661,77.163002
393,3.930000,0.004551,-0.025779,-0.011576,0.999590,118.080528,421.097565,77.168182
394,3.940000,0.004600,-0.025669,-0.011703,0.999591,117.996910,421.105530,77.174744
395,3.950000,0.004683,-0.025728,-0.011625,0.999590,117.903229,421.104492,77.172585
396,3.960000,0.004706,-0.025727,-0.011719,0.999589,117.820267,421.112671,77.171387
397,3.970000,0.004713,-0.025621,-0.011798,0.999591,117.727325,421.126129,77.170151
398,3.980000,0.004720,-0.025583,-0.011865,0.999591,117.641037,421.138916,77.164688
399,3.990000,0.004707,-0.025623,-0.011835,0.999591,117.553337,421.144989,77.157562
400,4.000000,0.004697,-0.025715,-0.011698,0.999590,117.467987,421.147705,77.149063
401,4.010000,0.004714,-0.025554,-0.011756,0.999593,117.385147,421.148529,77.141548
402,4.020000,0.004607,-0.025278,-0.012574,0.999591,117.297119,421.161255,77.138817
403,4.030000,0.004585,-0.025182,-0.012838,0.999590,117.212860,421.151306,77.142776
404,4.040000,0.004589,-0.025090,-0.012802,0.999593,117.124306,421.122070,77.147446
405,4.050000,0.004574,-0.025116,-0.012662,0.999594,117.034851,421.098297,77.149841
406,4.060000,0.004406,-0.024589,-0.013970,0.999590,116.948608,421.117706,77.161377
407,4.070000,0.004612,-0.025947,-0.011668,0.999585,116.844574,421.067413,77.134453
408,4.080000,0.004639,-0.026223,-0.011366,0.999581,116.775192,421.061920,77.124054
409,4.090000,0.004632,-0.026286,-0.011246,0.999580,116.722618,421.055389,77.117493
410,4.100000,0.004613,-0.026316,-0.011236,0.999580,116.680252,421.051666,77.112694
411,4.110000,0.004636,-0.026089,-0.011298,0.999585,116.638039,421.047394,77.116463
412,4.120000,0.004622,-0.026047,-0.011306,0.999586,116.609947,421.038513,77.114799
413,4.130000,0.004598,-0.026109,-0.011262,0.999585,116.581497,421.035065,77.106041
414,4.140000,0.004580,-0.026104,-0.011215,0.999586,116.558586,421.030090,77.099960
415,4.150000,0.004579,-0.026063,-0.011188,0.999587,116.533943,421.021393,77.103729
416,4.160000,0.004569,-0.025989,-0.011220,0.999589,116.517197,421.010956,77.110069
417,4.170000,0.004571,-0.025979,-0.011210,0.999589,116.503654,421.005249,77.114098
418,4.180000,0.004547,-0.025924,-0.011282,0.999590,116.487968,421.003571,77.118752
419,4.190000,0.004588,-0.026002,-0.011242,0.999588,116.475891,421.004456,77.122292
420,4.200000,0.004549,-0.025940,-0.011318,0.999589,116.463821,421.007172,77.119202
421,4.210000,0.004546,-0.025955,-0.011373,0.999588,116.450661,421.012939,77.108818
422,4.220000,0.004558,-0.026064,-0.011252,0.999587,116.434349,421.015350,77.100700
423,4.230000,0.004540,-0.026028,-0.011272,0.999587,116.414825,421.015961,77.099304
424,4.240000,0.004515,-0.025806,-0.011386,0.999592,116.388161,421.011993,77.107109
425,4.250000,0.004561,-0.025707,-0.011443,0.999594,116.360367,421.007111,77.119812
426,4.260000,0.004582,-0.025811,-0.011373,0.999592,116.330246,421.004272,77.124748
427,4.270000,0.004588,-0.025826,-0.011438,0.999591,116.298279,421.006714,77.125381
428,4.280000,0.004587,-0.025815,-0.011498,0.999590,116.259964,421.009308,77.120049
429,4.290000,0.004620,-0.025744,-0.011477,0.999592,116.222023,421.004089,77.112885
430,4.300000,0.004611,-0.025658,-0.011584,0.999593,116.175545,421.008118,77.106918
431,4.310000,0.004582,-0.025553,-0.011665,0.999595,116.127670,421.014923,77.099815
432,4.320000,0.004584,-0.025448,-0.011681,0.999597,116.068390,421.024445,77.094986
433,4.330000,0.004570,-0.025463,-0.011696,0.999597,116.008453,421.030914,77.088799
434,4.340000,0.004596,-0.025446,-0.011765,0.999596,115.948647,421.031006,77.090805
435,4.350000,0.004625,-0.025527,-0.011624,0.999596,115.872284,421.016754,77.099640
436,4.360000,0.004551,-0.025009,-0.012740,0.999596,115.801346,421.017487,77.123222
437,4.370000,0.004569,-0.025004,-0.012606,0.999597,115.729767,421.008270,77.128143
438,4.380000,0.004581,-0.025081,-0.012475,0.999597,115.670761,421.002930,77.132484
439,4.390000,0.004664,-0.024962,-0.012483,0.999600,115.631821,420.989899,77.140732
440,4.400000,0.004697,-0.024826,-0.012550,0.999602,115.595245,420.988678,77.147293
441,4.410000,0.004684,-0.024924,-0.012544,0.999600,115.552055,420.989838,77.151123
442,4.420000,0.004700,-0.024915,-0.012540,0.999600,115.537300,420.985016,77.156059
443,4.430000,0.004710,-0.024931,-0.012489,0.999600,115.535500,420.978760,77.158318
444,4.440000,0.004699,-0.024930,-0.012494,0.999600,115.538101,420.974335,77.156357
445,4.450000,0.004699,-0.024868,-0.012563,0.999601,115.546013,420.968475,77.148788
446,4.460000,0.004734,-0.024784,-0.012426,0.999604,115.554520,420.960724,77.139381
447,4.470000,0.004687,-0.024791,-0.012421,0.999605,115.548584,420.966248,77.131462
448,4.480000,0.004606,-0.024945,-0.012562,0.999599,115.532593,420.963562,77.129486
449,4.490000,0.004743,-0.025676,-0.011252,0.999596,115.507828,420.928284,77.115395
450,4.500000,0.004802,-0.025610,-0.011196,0.999598,115.507393,420.917816,77.125153
451,4.510000,0.004844,-0.025645,-0.011166,0.999597,115.490936,420.910980,77.135712
452,4.520000,0.004867,-0.025726,-0.011150,0.999595,115.467171,420.907013,77.143616
453,4.530000,0.004866,-0.025748,-0.011186,0.999594,115.443779,420.905731,77.144295
454,4.540000,0.004862,-0.025917,-0.010958,0.999592,115.395973,420.912933,77.138046
455,4.550000,0.004847,-0.025926,-0.010938,0.999592,115.360916,420.918854,77.129242
456,4.560000,0.004846,-0.025900,-0.010954,0.999593,115.320801,420.917236,77.124420
457,4.570000,0.004803,-0.026280,-0.010531,0.999588,115.253983,420.910797,77.119888
458,4.580000,0.004847,-0.026327,-0.010401,0.999588,115.200676,420.890228,77.125458
459,4.590000,0.004853,-0.026531,-0.010273,0.999583,115.140846,420.879700,77.123169
460,4.600000,0.004869,-0.026558,-0.010338,0.999582,115.088898,420.873199,77.123230
461,4.610000,0.004844,-0.026442,-0.010747,0.999581,115.032967,420.876587,77.129089
462,4.620000,0.004870,-0.026503,-0.010648,0.999580,114.978600,420.873901,77.139511
463,4.630000,0.004906,-0.026526,-0.010715,0.999579,114.925072,420.870148,77.153442
464,4.640000,0.004935,-0.026519,-0.010683,0.999579,114.857338,420.867188,77.172791
465,4.650000,0.005018,-0.026436,-0.010699,0.999581,114.807869,420.856354,77.187393
466,4.660000,0.005073,-0.026406,-0.010759,0.999581,114.739006,420.853821,77.201607
467,4.670000,0.005114,-0.026203,-0.011148,0.999581,114.667252,420.864197,77.215508
468,4.680000,0.005155,-0.025974,-0.011319,0.999585,114.577545,420.866119,77.229858
469,4.690000,0.005155,-0.025891,-0.011404,0.999587,114.477295,420.862000,77.234901
470,4.700000,0.005021,-0.025320,-0.012616,0.999587,114.363586,420.880005,77.245087
471,4.710000,0.005019,-0.025754,-0.011935,0.999584,114.201912,420.870728,77.235352
472,4.720000,0.004935,-0.025642,-0.012016,0.999587,114.047302,420.860748,77.230247
473,4.730000,0.005046,-0.026498,-0.010298,0.999583,113.852470,420.803925,77.206345
474,4.740000,0.005034,-0.026595,-0.010106,0.999583,113.675034,420.778778,77.194550
475,4.750000,0.005018,-0.026245,-0.010646,0.999586,113.497307,420.756866,77.199028
476,4.760000,0.004962,-0.026480,-0.010521,0.999582,113.301735,420.748169,77.184753
477,4.770000,0.005035,-0.026583,-0.010403,0.999580,113.127731,420.747009,77.170998
478,4.780000,0.005047,-0.026665,-0.010391,0.999578,112.946159,420.747894,77.167511
479,4.790000,0.004976,-0.025659,-0.012211,0.999584,112.778259,420.773682,77.186409
480,4.800000,0.004928,-0.025665,-0.012011,0.999586,112.600586,420.755310,77.177162
481,4.810000,0.005053,-0.026151,-0.010690,0.999588,112.408463,420.707947,77.150696
482,4.820000,0.004975,-0.026873,-0.009943,0.999577,112.181740,420.680328,77.141380
483,4.830000,0.004986,-0.027066,-0.009758,0.999574,111.993935,420.668518,77.126823
484,4.840000,0.004987,-0.026863,-0.009963,0.999577,111.817154,420.694366,77.106621
485,4.850000,0.004929,-0.026538,-0.010501,0.999581,111.659294,420.717194,77.113953
486,4.860000,0.004967,-0.026626,-0.010507,0.999578,111.486336,420.707397,77.115135
487,4.870000,0.005041,-0.026405,-0.010689,0.999582,111.343681,420.692413,77.107040
488,4.880000,0.005036,-0.026144,-0.011141,0.999583,111.193794,420.699249,77.107155
489,4.890000,0.004991,-0.025490,-0.012199,0.999588,111.043373,420.712219,77.138245
490,4.900000,0.005186,-0.026246,-0.010420,0.999588,110.882088,420.663574,77.131004
491,4.910000,0.005193,-0.026391,-0.010241,0.999586,110.740753,420.650665,77.121681
492,4.920000,0.005063,-0.027054,-0.009586,0.999575,110.548248,420.640015,77.117760
493,4.930000,0.005133,-0.026964,-0.009666,0.999577,110.412689,420.610413,77.121719
494,4.940000,0.005073,-0.026802,-0.009662,0.999581,110.264778,420.587494,77.119308
495,4.950000,0.005043,-0.026646,-0.009772,0.999584,110.114731,420.584442,77.100578
496,4.960000,0.004995,-0.027198,-0.009223,0.999575,109.956352,420.601013,77.060333
497,4.970000,0.004915,-0.026793,-0.009956,0.999579,109.845139,420.635773,77.050812
498,4.980000,0.004953,-0.026729,-0.010120,0.999579,109.718803,420.647675,77.043922
499,4.990000,0.005022,-0.026438,-0.010523,0.999582,109.599777,420.640350,77.036613
500,5.000000,0.004888,-0.025447,-0.012155,0.999590,109.455460,420.634338,77.064842
501,5.010000,0.005082,-0.026085,-0.010393,0.999593,109.297493,420.561920,77.067505
502,5.020000,0.005051,-0.026259,-0.009970,0.999593,109.132301,420.522797,77.066704
503,5.030000,0.005019,-0.026322,-0.009774,0.999593,108.959427,420.510651,77.045479
504,5.040000,0.004998,-0.026227,-0.009866,0.999595,108.783257,420.505035,77.030556
505,5.050000,0.004935,-0.026687,-0.009319,0.999588,108.591621,420.494049,77.019531
506,5.060000,0.004916,-0.026887,-0.009040,0.999586,108.423943,420.482605,77.003235
507,5.070000,0.004903,-0.027268,-0.008755,0.999578,108.238670,420.476074,76.986137
508,5.080000,0.004857,-0.026823,-0.009355,0.999585,108.087814,420.474274,76.998177
509,5.090000,0.004800,-0.025813,-0.011145,0.999593,107.932335,420.483643,77.026413
510,5.100000,0.005055,-0.026412,-0.009510,0.999593,107.761215,420.432648,77.004013
511,5.110000,0.005019,-0.026541,-0.009149,0.999593,107.599609,420.409393,76.986115
512,5.120000,0.004936,-0.026448,-0.009260,0.999595,107.435654,420.402130,76.971733
513,5.130000,0.004913,-0.026515,-0.009282,0.999593,107.281326,420.400024,76.965614
514,5.140000,0.004920,-0.026941,-0.008843,0.999586,107.114082,420.397461,76.968895
515,5.150000,0.004948,-0.027443,-0.008347,0.999576,106.912140,420.400787,76.972191
516,5.160000,0.005011,-0.027325,-0.008215,0.999580,106.736526,420.399200,76.985481
517,5.170000,0.005033,-0.027263,-0.008342,0.999581,106.572800,420.390472,76.992966
518,5.180000,0.005131,-0.027119,-0.008538,0.999583,106.413033,420.385040,76.990761
519,5.190000,0.004892,-0.025949,-0.011197,0.999589,106.260559,420.445892,77.008827
520,5.200000,0.005137,-0.026650,-0.009343,0.999588,106.103561,420.401154,76.984375
521,5.210000,0.005212,-0.026489,-0.009302,0.999592,105.918686,420.398010,76.981506
522,5.220000,0.005193,-0.026530,-0.009123,0.999593,105.731209,420.389191,76.973389
523,5.230000,0.005030,-0.027063,-0.008736,0.999583,105.481918,420.383942,76.965164
524,5.240000,0.005003,-0.027044,-0.008545,0.999585,105.267044,420.355713,76.957741
525,5.250000,0.004990,-0.026748,-0.008621,0.999593,105.063446,420.324646,76.954147
526,5.260000,0.005045,-0.027000,-0.008200,0.999589,104.837120,420.297882,76.941689
527,5.270000,0.005090,-0.027008,-0.008016,0.999590,104.655708,420.275482,76.939514
528,5.280000,0.005095,-0.026692,-0.008547,0.999594,104.489586,420.274200,76.950996
529,5.290000,0.005134,-0.026610,-0.008547,0.999596,104.341248,420.273102,76.962494
530,5.300000,0.005211,-0.026388,-0.008793,0.999600,104.209740,420.265228,76.977173
531,5.310000,0.005184,-0.026846,-0.008393,0.999591,104.040489,420.265930,76.978355
532,5.320000,0.005092,-0.027028,-0.008311,0.999587,103.901703,420.268677,76.981201
533,5.330000,0.005063,-0.027010,-0.008164,0.999589,103.782837,420.262024,76.982689
534,5.340000,0.005101,-0.026838,-0.008378,0.999592,103.686035,420.255585,76.978821
535,5.350000,0.005099,-0.026821,-0.008386,0.999592,103.594208,420.254028,76.970573
536,5.360000,0.005099,-0.026993,-0.007975,0.999591,103.487991,420.246796,76.966675
537,5.370000,0.005076,-0.026979,-0.007812,0.999593,103.414452,420.233337,76.969933
538,5.380000,0.005131,-0.026732,-0.008054,0.999597,103.370705,420.212952,76.972397
539,5.390000,0.005101,-0.026930,-0.007930,0.999593,103.310249,420.207825,76.956673
540,5.400000,0.005096,-0.027052,-0.007811,0.999591,103.259567,420.199463,76.952286
541,5.410000,0.005009,-0.026420,-0.008969,0.999598,103.221519,420.216827,76.976715
542,5.420000,0.005175,-0.026712,-0.007865,0.999599,103.180496,420.178070,76.969322
543,5.430000,0.005184,-0.026604,-0.007744,0.999603,103.126732,420.175568,76.970596
544,5.440000,0.005144,-0.026491,-0.007829,0.999605,103.087837,420.175171,76.971970
545,5.450000,0.005141,-0.026478,-0.007827,0.999606,103.051575,420.172668,76.972290
546,5.460000,0.005112,-0.026267,-0.008365,0.999607,103.011383,420.181580,76.974937
547,5.470000,0.005154,-0.026793,-0.007761,0.999598,102.926781,420.178589,76.961739
548,5.480000,0.005156,-0.026986,-0.007653,0.999593,102.862671,420.179993,76.950432
549,5.490000,0.005132,-0.027043,-0.007750,0.999591,102.792648,420.188049,76.941246
550,5.500000,0.005117,-0.026989,-0.007841,0.999592,102.712189,420.191071,76.936272
551,5.510000,0.005116,-0.027002,-0.007851,0.999591,102.610870,420.186462,76.936058
552,5.520000,0.005058,-0.027413,-0.007385,0.999584,102.473770,420.176483,76.937645
553,5.530000,0.004984,-0.027465,-0.007649,0.999581,102.333717,420.174286,76.937515
554,5.540000,0.004953,-0.027219,-0.007896,0.999586,102.207596,420.177704,76.932655
555,5.550000,0.004981,-0.026924,-0.008024,0.999593,102.077438,420.184845,76.933060
556,5.560000,0.004999,-0.026786,-0.008173,0.999595,101.948837,420.191406,76.929916
557,5.570000,0.005035,-0.026849,-0.008079,0.999594,101.803047,420.194702,76.922188
558,5.580000,0.005056,-0.026825,-0.008063,0.999595,101.656364,420.201447,76.917671
559,5.590000,0.005034,-0.026879,-0.008106,0.999593,101.514450,420.202972,76.916412
560,5.600000,0.005113,-0.026727,-0.008027,0.999597,101.389137,420.194153,76.914619
561,5.610000,0.005122,-0.026417,-0.008538,0.999601,101.276817,420.188965,76.912254
562,5.620000,0.005109,-0.026450,-0.008376,0.999602,101.159561,420.174286,76.898270
563,5.630000,0.005084,-0.026363,-0.008370,0.999605,101.057281,420.174042,76.885979
564,5.640000,0.005079,-0.026249,-0.008446,0.999607,100.948891,420.178589,76.876755
565,5.650000,0.005093,-0.026106,-0.008708,0.999608,100.829926,420.185425,76.876602
566,5.660000,0.005010,-0.027049,-0.007772,0.999591,100.649239,420.193054,76.871620
567,5.670000,0.004992,-0.027246,-0.007697,0.999587,100.519928,420.201874,76.865501
568,5.680000,0.004927,-0.027072,-0.007990,0.999589,100.406807,420.202484,76.857246
569,5.690000,0.004905,-0.027100,-0.007997,0.999589,100.293182,420.198273,76.848900
570,5.700000,0.004932,-0.026851,-0.008148,0.999594,100.183479,420.193726,76.846085
571,5.710000,0.004965,-0.026893,-0.008009,0.999594,100.068138,420.192139,76.845558
572,5.720000,0.004997,-0.026978,-0.007976,0.999592,99.969215,420.196960,76.847939
573,5.730000,0.005034,-0.027015,-0.008024,0.999590,99.880737,420.203644,76.853394
574,5.740000,0.005104,-0.026990,-0.008123,0.999590,99.801132,420.204803,76.855942
575,5.750000,0.005131,-0.027203,-0.007799,0.999586,99.698105,420.200500,76.854942
576,5.760000,0.005171,-0.027325,-0.007448,0.999586,99.598221,420.188629,76.842651
577,5.770000,0.005137,-0.027051,-0.007907,0.999590,99.515358,420.189148,76.842613
578,5.780000,0.005153,-0.026906,-0.008055,0.999592,99.437851,420.179779,76.843445
579,5.790000,0.005207,-0.026761,-0.008193,0.999595,99.353569,420.171295,76.843536
580,5.800000,0.005192,-0.026794,-0.008274,0.999593,99.262802,420.172943,76.835785
581,5.810000,0.005109,-0.027179,-0.008197,0.999584,99.117760,420.188232,76.833046
582,5.820000,0.005084,-0.027228,-0.008261,0.999582,99.005302,420.191376,76.833275
583,5.830000,0.005072,-0.027061,-0.008620,0.999584,98.886253,420.196655,76.828804
584,5.840000,0.005041,-0.027183,-0.008496,0.999582,98.731026,420.202240,76.804779
585,5.850000,0.005065,-0.027285,-0.008339,0.999580,98.563179,420.212830,76.790489
586,5.860000,0.005168,-0.027054,-0.008351,0.999586,98.379333,420.222565,76.803246
587,5.870000,0.005242,-0.027174,-0.008015,0.999585,98.173332,420.222382,76.814354
588,5.880000,0.005258,-0.027155,-0.008097,0.999585,97.960442,420.224121,76.814354
589,5.890000,0.005289,-0.027047,-0.008484,0.999584,97.765327,420.220428,76.807968
590,5.900000,0.005161,-0.027807,-0.007906,0.999569,97.509857,420.222809,76.799942
591,5.910000,0.005216,-0.027542,-0.008208,0.999573,97.322205,420.219727,76.800560
592,5.920000,0.005211,-0.027124,-0.008552,0.999582,97.150826,420.193390,76.791336
593,5.930000,0.005234,-0.026905,-0.008250,0.999590,96.952377,420.140198,76.800095
594,5.940000,0.005182,-0.027225,-0.007894,0.999585,96.747383,420.102356,76.782852
595,5.950000,0.005110,-0.027459,-0.007732,0.999580,96.577881,420.103882,76.747185
596,5.960000,0.005157,-0.027810,-0.007176,0.999574,96.413055,420.102722,76.730812
597,5.970000,0.005230,-0.027862,-0.007069,0.999573,96.259125,420.100220,76.742943
598,5.980000,0.005246,-0.028016,-0.007095,0.999569,96.082733,420.102051,76.754074
599,5.990000,0.005245,-0.028097,-0.007473,0.999564,95.895752,420.106873,76.740036
600,6.000000,0.005237,-0.027761,-0.008045,0.999569,95.762627,420.111267,76.743958
601,6.010000,0.005241,-0.027622,-0.008209,0.999571,95.626678,420.127441,76.759270
602,6.020000,0.005302,-0.027598,-0.008193,0.999572,95.480019,420.124878,76.759430
603,6.030000,0.005325,-0.027803,-0.007575,0.999571,95.308983,420.109314,76.745422
604,6.040000,0.005311,-0.027995,-0.007305,0.999567,95.161026,420.101440,76.732338
605,6.050000,0.005314,-0.027698,-0.007365,0.999575,95.056236,420.099274,76.746811
606,6.060000,0.005261,-0.027539,-0.007471,0.999579,94.959366,420.092255,76.747017
607,6.070000,0.005243,-0.027501,-0.007376,0.999581,94.860886,420.094818,76.727104
608,6.080000,0.005215,-0.027432,-0.007437,0.999582,94.786514,420.103668,76.712410
609,6.090000,0.005218,-0.027493,-0.007490,0.999580,94.712929,420.114136,76.705460
610,6.100000,0.005212,-0.027667,-0.007268,0.999577,94.643250,420.115784,76.683525
611,6.110000,0.005173,-0.027816,-0.007171,0.999574,94.560501,420.114777,76.662582
612,6.120000,0.005214,-0.027733,-0.007241,0.999576,94.479889,420.113434,76.659370
613,6.130000,0.005102,-0.028285,-0.006887,0.999563,94.365303,420.128296,76.671661
614,6.140000,0.005102,-0.028251,-0.007040,0.999563,94.269157,420.152893,76.691772
615,6.150000,0.005169,-0.027947,-0.007894,0.999565,94.197891,420.171844,76.689400
616,6.160000,0.005155,-0.028057,-0.007980,0.999561,94.116234,420.174591,76.683113
617,6.170000,0.005147,-0.028112,-0.008058,0.999559,94.039856,420.176666,76.674995
618,6.180000,0.005212,-0.027937,-0.008033,0.999564,93.955124,420.160004,76.668427
619,6.190000,0.005233,-0.027918,-0.007943,0.999565,93.877510,420.146698,76.655373
620,6.200000,0.005178,-0.028026,-0.007810,0.999563,93.803902,420.147491,76.636536
621,6.210000,0.005109,-0.028045,-0.007816,0.999563,93.725906,420.153931,76.618416
622,6.220000,0.005063,-0.028117,-0.007816,0.999561,93.645630,420.165497,76.592560
623,6.230000,0.005090,-0.028033,-0.007728,0.999564,93.557190,420.154694,76.581268
624,6.240000,0.005095,-0.027893,-0.007661,0.999569,93.458565,420.135834,76.589653
625,6.250000,0.005138,-0.027648,-0.007597,0.999576,93.345840,420.100525,76.608894
626,6.260000,0.005160,-0.027718,-0.007379,0.999575,93.209511,420.090698,76.621696
627,6.270000,0.005198,-0.027910,-0.007232,0.999571,93.069824,420.080688,76.621826
628,6.280000,0.005271,-0.027749,-0.007271,0.999575,92.923805,420.056488,76.633522
629,6.290000,0.005188,-0.028489,-0.006596,0.999559,92.721092,420.041046,76.629417
630,6.300000,0.005041,-0.027908,-0.007978,0.999566,92.563805,420.062653,76.610725
631,6.310000,0.005006,-0.027852,-0.007995,0.999568,92.420929,420.050934,76.588203
632,6.320000,0.004965,-0.027969,-0.007847,0.999566,92.272209,420.043396,76.563126
633,6.330000,0.004937,-0.028183,-0.007370,0.999564,92.106369,420.037109,76.546875
634,6.340000,0.004948,-0.028126,-0.007209,0.999566,91.951836,420.014893,76.536888
635,6.350000,0.004936,-0.028034,-0.006739,0.999572,91.777557,419.976105,76.525757
636,6.360000,0.004983,-0.028197,-0.006160,0.999571,91.581360,419.936249,76.511284
637,6.370000,0.004947,-0.027968,-0.006583,0.999575,91.407379,419.945679,76.503632
638,6.380000,0.004973,-0.027822,-0.006953,0.999576,91.220390,419.952301,76.499306
639,6.390000,0.004917,-0.028338,-0.006614,0.999564,90.955589,419.959869,76.506897
640,6.400000,0.005035,-0.028116,-0.006718,0.999569,90.715736,419.942688,76.527451
641,6.410000,0.005074,-0.028065,-0.006611,0.999571,90.493484,419.921112,76.541809
642,6.420000,0.005005,-0.027936,-0.006738,0.999574,90.270134,419.918060,76.535706
643,6.430000,0.005100,-0.027630,-0.006770,0.999582,90.059166,419.893982,76.515488
644,6.440000,0.005055,-0.027700,-0.006580,0.999582,89.820007,419.880585,76.493530
645,6.450000,0.005125,-0.027716,-0.006407,0.999582,89.575485,419.868378,76.479355
646,6.460000,0.004975,-0.028333,-0.006022,0.999568,89.300461,419.874786,76.465782
647,6.470000,0.005061,-0.028218,-0.005896,0.999572,89.091797,419.862579,76.442558
648,6.480000,0.004958,-0.027916,-0.006749,0.999575,88.864754,419.879272,76.446175
649,6.490000,0.004991,-0.027664,-0.006849,0.999581,88.629486,419.878143,76.454529
650,6.500000,0.005081,-0.028064,-0.006016,0.999575,88.359673,419.865906,76.459938
651,6.510000,0.005103,-0.028434,-0.005437,0.999568,88.069427,419.842560,76.459175
652,6.520000,0.005090,-0.028238,-0.005883,0.999571,87.754059,419.850555,76.461067
653,6.530000,0.005025,-0.028392,-0.005620,0.999569,87.449699,419.836090,76.451462
654,6.540000,0.005001,-0.028009,-0.006180,0.999576,87.179321,419.817322,76.438774
655,6.550000,0.005011,-0.028034,-0.006011,0.999576,86.913589,419.800201,76.402138
656,6.560000,0.004949,-0.028054,-0.005989,0.999576,86.644073,419.796234,76.366516
657,6.570000,0.005000,-0.027542,-0.006503,0.999587,86.391457,419.795837,76.355690
658,6.580000,0.005000,-0.028081,-0.005726,0.999577,86.075623,419.778046,76.361954
659,6.590000,0.004947,-0.028066,-0.005651,0.999578,85.814957,419.760773,76.371452
660,6.600000,0.004947,-0.027473,-0.006327,0.999590,85.557503,419.750793,76.368080
661,6.610000,0.004975,-0.027381,-0.006193,0.999594,85.299454,419.740997,76.347839
662,6.620000,0.004952,-0.028151,-0.005459,0.999577,85.000900,419.738434,76.337166
663,6.630000,0.004953,-0.027756,-0.006265,0.999583,84.770004,419.734985,76.338280
664,6.640000,0.004960,-0.027971,-0.006034,0.999578,84.520844,419.713409,76.316986
665,6.650000,0.004962,-0.028405,-0.005251,0.999570,84.251938,419.697449,76.301270
666,6.660000,0.005097,-0.028005,-0.005133,0.999582,84.044601,419.684052,76.303551
667,6.670000,0.005054,-0.027901,-0.005356,0.999584,83.821251,419.684875,76.308266
668,6.680000,0.004973,-0.027877,-0.005352,0.999585,83.625328,419.677917,76.283508
669,6.690000,0.004845,-0.028162,-0.005188,0.999578,83.414894,419.684479,76.252617
670,6.700000,0.004841,-0.028027,-0.005178,0.999582,83.230919,419.685913,76.237206
671,6.710000,0.004843,-0.027857,-0.005362,0.999586,83.087486,419.688995,76.225876
672,6.720000,0.004722,-0.028159,-0.005299,0.999578,82.926727,419.699249,76.216110
673,6.730000,0.004699,-0.028324,-0.005196,0.999574,82.802055,419.696808,76.205093
674,6.740000,0.004793,-0.027696,-0.005708,0.999589,82.726776,419.675720,76.207558
675,6.750000,0.005327,-0.021528,-0.011619,0.999687,82.985626,419.622681,76.355400
676,6.760000,0.005122,-0.013248,-0.019019,0.999718,83.374306,419.679596,76.586197
677,6.770000,0.005185,-0.012331,-0.019664,0.999717,83.344643,419.674866,76.606079
678,6.780000,0.005264,-0.012412,-0.019389,0.999721,83.259598,419.674713,76.615715
679,6.790000,0.005255,-0.012243,-0.019590,0.999719,83.208794,419.693176,76.628845
680,6.800000,0.005211,-0.012041,-0.020166,0.999711,83.162796,419.711548,76.627472
681,6.810000,0.005216,-0.011908,-0.020199,0.999712,83.112885,419.705933,76.612373
682,6.820000,0.005184,-0.011904,-0.020222,0.999711,83.064957,419.701294,76.597275
683,6.830000,0.005177,-0.011636,-0.020413,0.999711,83.033043,419.703949,76.597374
684,6.840000,0.005190,-0.011590,-0.020586,0.999708,82.999390,419.704010,76.604607
685,6.850000,0.005188,-0.011621,-0.020705,0.999705,82.967117,419.707886,76.610504
686,6.860000,0.005193,-0.011707,-0.020695,0.999704,82.919952,419.700226,76.627419
687,6.870000,0.005186,-0.011798,-0.020613,0.999705,82.872314,419.695740,76.636894
688,6.880000,0.005195,-0.011638,-0.020764,0.999703,82.836342,419.696259,76.626671
689,6.890000,0.005161,-0.011757,-0.020795,0.999701,82.788269,419.695160,76.597061
690,6.900000,0.005105,-0.011807,-0.020764,0.999702,82.753975,419.699158,76.566940
691,6.910000,0.005086,-0.011730,-0.020950,0.999699,82.730591,419.710297,76.544067
692,6.920000,0.005055,-0.011501,-0.021367,0.999693,82.700371,419.730713,76.537209
693,6.930000,0.005048,-0.011509,-0.021263,0.999695,82.641640,419.728851,76.547928
694,6.940000,0.005087,-0.011394,-0.021408,0.999693,82.566200,419.726685,76.564850
695,6.950000,0.005128,-0.011609,-0.021170,0.999695,82.455544,419.722015,76.581139
696,6.960000,0.005059,-0.012083,-0.020731,0.999699,82.308647,419.703827,76.593117
697,6.970000,0.005125,-0.012265,-0.020326,0.999705,82.159515,419.696411,76.603157
698,6.980000,0.005155,-0.012240,-0.020249,0.999707,82.037415,419.697113,76.597557
699,6.990000,0.005166,-0.012239,-0.020191,0.999708,81.917397,419.693115,76.580727
700,7.000000,0.005190,-0.012410,-0.020000,0.999710,81.786339,419.693481,76.556648
701,7.010000,0.005144,-0.012432,-0.020063,0.999708,81.677155,419.699982,76.536934
702,7.020000,0.005150,-0.012576,-0.020146,0.999705,81.554314,419.703278,76.522156
703,7.030000,0.005244,-0.012317,-0.020544,0.999699,81.455345,419.693329,76.526855
704,7.040000,0.005274,-0.012384,-0.020507,0.999699,81.331573,419.684937,76.543373
705,7.050000,0.005282,-0.012381,-0.020551,0.999698,81.200356,419.692993,76.544945
706,7.060000,0.005316,-0.012648,-0.020382,0.999698,81.038971,419.703918,76.539932
707,7.070000,0.005191,-0.012756,-0.020696,0.999691,80.900246,419.727448,76.540474
708,7.080000,0.005228,-0.012970,-0.020496,0.999692,80.762451,419.729675,76.536041
709,7.090000,0.005235,-0.012891,-0.020547,0.999692,80.658829,419.739471,76.538918
710,7.100000,0.005321,-0.012877,-0.020394,0.999695,80.562592,419.729553,76.539482
711,7.110000,0.005321,-0.012767,-0.020375,0.999697,80.471611,419.722168,76.540886
712,7.120000,0.005331,-0.012578,-0.020499,0.999697,80.380455,419.724243,76.547150
713,7.130000,0.005357,-0.012380,-0.020730,0.999694,80.299774,419.730927,76.555969
714,7.140000,0.005387,-0.012211,-0.020848,0.999694,80.225471,419.729401,76.567169
715,7.150000,0.005457,-0.012296,-0.020478,0.999700,80.135048,419.731140,76.580223
716,7.160000,0.005304,-0.012079,-0.021245,0.999687,80.076553,419.757996,76.596062
717,7.170000,0.005295,-0.012086,-0.021330,0.999685,80.031822,419.754364,76.599556
718,7.180000,0.005326,-0.012211,-0.021187,0.999687,79.981827,419.742432,76.595032
719,7.190000,0.005373,-0.012250,-0.021077,0.999688,79.941223,419.727142,76.589233
720,7.200000,0.005380,-0.012200,-0.021027,0.999690,79.918015,419.719391,76.586662
721,7.210000,0.005365,-0.012123,-0.021070,0.999690,79.912582,419.717285,76.586021
722,7.220000,0.005346,-0.012168,-0.021061,0.999690,79.913063,419.721710,76.583313
723,7.230000,0.005355,-0.012162,-0.021083,0.999689,79.920486,419.724579,76.586685
724,7.240000,0.005401,-0.012170,-0.021057,0.999690,79.925201,419.725311,76.597519
725,7.250000,0.005435,-0.012202,-0.021043,0.999689,79.921242,419.726074,76.607597
726,7.260000,0.005459,-0.012321,-0.020934,0.999690,79.912552,419.720337,76.614670
727,7.270000,0.005479,-0.012280,-0.021042,0.999688,79.912720,419.716919,76.617973
728,7.280000,0.005487,-0.012302,-0.021083,0.999687,79.906387,419.724945,76.623756
729,7.290000,0.005494,-0.012330,-0.021026,0.999688,79.897591,419.731079,76.631554
730,7.300000,0.005508,-0.012259,-0.021248,0.999684,79.873154,419.732941,76.631775
731,7.310000,0.005615,-0.012599,-0.020868,0.999687,79.828026,419.717926,76.619514
732,7.320000,0.005624,-0.012682,-0.020833,0.999687,79.793968,419.717255,76.615387
733,7.330000,0.005633,-0.012696,-0.020804,0.999687,79.769432,419.711395,76.616356
734,7.340000,0.005636,-0.012718,-0.020733,0.999688,79.756966,419.708191,76.612007
735,7.350000,0.005619,-0.012772,-0.020706,0.999688,79.748116,419.716034,76.599281
736,7.360000,0.005592,-0.012805,-0.020699,0.999688,79.747871,419.725586,76.582382
737,7.370000,0.005548,-0.012814,-0.020646,0.999689,79.744431,419.728027,76.568108
738,7.380000,0.005428,-0.012929,-0.020567,0.999690,79.727127,419.735687,76.563583
739,7.390000,0.005484,-0.012688,-0.020481,0.999695,79.723846,419.728241,76.560486
740,7.400000,0.005387,-0.012690,-0.020491,0.999695,79.709198,419.733643,76.568398
741,7.410000,0.005518,-0.012540,-0.020580,0.999694,79.736557,419.722229,76.576035
742,7.420000,0.005436,-0.012571,-0.020742,0.999691,79.743446,419.738190,76.592476
743,7.430000,0.005436,-0.012488,-0.020801,0.999691,79.768181,419.746857,76.602806
744,7.440000,0.005433,-0.012464,-0.020935,0.999688,79.788506,419.759308,76.600182
745,7.450000,0.005364,-0.012397,-0.021021,0.999688,79.813431,419.777954,76.589890
746,7.460000,0.005280,-0.012500,-0.020968,0.999688,79.817352,419.797607,76.576973
747,7.470000,0.005254,-0.012406,-0.020951,0.999690,79.843468,419.804260,76.573997
748,7.480000,0.005244,-0.012080,-0.021182,0.999689,79.883820,419.803558,76.587021
749,7.490000,0.005256,-0.012082,-0.020939,0.999694,79.906876,419.805969,76.601418
750,7.500000,0.005271,-0.012233,-0.020603,0.999699,79.902802,419.809296,76.613075
751,7.510000,0.005274,-0.011974,-0.020898,0.999696,79.923218,419.809387,76.622421
752,7.520000,0.005277,-0.012115,-0.020586,0.999701,79.912033,419.808838,76.620209
753,7.530000,0.005271,-0.012133,-0.020490,0.999703,79.913834,419.809723,76.615860
754,7.540000,0.005258,-0.012124,-0.020466,0.999703,79.919693,419.813141,76.609955
755,7.550000,0.005241,-0.012047,-0.020481,0.999704,79.934052,419.816345,76.601654
756,7.560000,0.005225,-0.012012,-0.020529,0.999703,79.946091,419.826172,76.593315
757,7.570000,0.005257,-0.011772,-0.020572,0.999705,79.959404,419.841583,76.582390
758,7.580000,0.005235,-0.011757,-0.020479,0.999708,79.967010,419.856171,76.562080
759,7.590000,0.005179,-0.011744,-0.020789,0.999702,79.983452,419.884583,76.537025
760,7.600000,0.005218,-0.011806,-0.020571,0.999705,80.010323,419.894958,76.507774
761,7.610000,0.005208,-0.011645,-0.020832,0.999702,80.046471,419.916351,76.493393
762,7.620000,0.005150,-0.011342,-0.020988,0.999702,80.095642,419.944702,76.492683
763,7.630000,0.005152,-0.011134,-0.021007,0.999704,80.140282,419.966980,76.484344
764,7.640000,0.005067,-0.011271,-0.021086,0.999701,80.171875,419.990082,76.462952
765,7.650000,0.005001,-0.011076,-0.021232,0.999701,80.201729,420.017151,76.442352
766,7.660000,0.004964,-0.011083,-0.021076,0.999704,80.214958,420.027527,76.428680
767,7.670000,0.004942,-0.010947,-0.021051,0.999706,80.232155,420.033936,76.422981
768,7.680000,0.004915,-0.010862,-0.021025,0.999708,80.239342,420.040161,76.418320
769,7.690000,0.004878,-0.010797,-0.020994,0.999709,80.251801,420.049316,76.414566
770,7.700000,0.004859,-0.010637,-0.021067,0.999710,80.277695,420.058289,76.417953
771,7.710000,0.004708,-0.010740,-0.021164,0.999707,80.282211,420.086975,76.426247
772,7.720000,0.004636,-0.010641,-0.021212,0.999708,80.319885,420.109558,76.424324
773,7.730000,0.004573,-0.010620,-0.021301,0.999706,80.351776,420.127258,76.415924
774,7.740000,0.004551,-0.010541,-0.021333,0.999707,80.391335,420.136780,76.413834
775,7.750000,0.004536,-0.010473,-0.021366,0.999707,80.430878,420.142853,76.422188
776,7.760000,0.004574,-0.010424,-0.021391,0.999706,80.470131,420.156433,76.427513
777,7.770000,0.004576,-0.010374,-0.021430,0.999706,80.502670,420.172577,76.426620
778,7.780000,0.004624,-0.010297,-0.021605,0.999703,80.543488,420.203339,76.430489
779,7.790000,0.004637,-0.009912,-0.022017,0.999698,80.595001,420.242004,76.459999
780,7.800000,0.004662,-0.009652,-0.022207,0.999696,80.646584,420.263794,76.508179
781,7.810000,0.004707,-0.009235,-0.022430,0.999695,80.699547,420.264984,76.555550
782,7.820000,0.004733,-0.009177,-0.022413,0.999696,80.740395,420.278870,76.568253
783,7.830000,0.004790,-0.009067,-0.022451,0.999695,80.799072,420.298615,76.569527
784,7.840000,0.004818,-0.009050,-0.022273,0.999699,80.854309,420.302338,76.587639
785,7.850000,0.004833,-0.009093,-0.022239,0.999700,80.923462,420.308838,76.600418
786,7.860000,0.004789,-0.008984,-0.022343,0.999699,81.019142,420.325897,76.595100
787,7.870000,0.004588,-0.009155,-0.022376,0.999697,81.099297,420.356262,76.591896
788,7.880000,0.004455,-0.009045,-0.022395,0.999698,81.226501,420.384552,76.604843
789,7.890000,0.004552,-0.008583,-0.022522,0.999699,81.409996,420.404144,76.621506
790,7.900000,0.004573,-0.007819,-0.023688,0.999678,81.614639,420.451416,76.637321
791,7.910000,0.004505,-0.007977,-0.023874,0.999673,81.770409,420.484253,76.631752
792,7.920000,0.004609,-0.008121,-0.023586,0.999678,81.918091,420.488983,76.627136
793,7.930000,0.004624,-0.008159,-0.023519,0.999679,82.074409,420.500702,76.640976
794,7.940000,0.004711,-0.008198,-0.023045,0.999690,82.267113,420.503143,76.663429
795,7.950000,0.004558,-0.008209,-0.023216,0.999686,82.455566,420.542969,76.697029
796,7.960000,0.004576,-0.008485,-0.022743,0.999695,82.651329,420.551910,76.722900
797,7.970000,0.004648,-0.008408,-0.022740,0.999695,82.877113,420.566437,76.753853
798,7.980000,0.004679,-0.007966,-0.023649,0.999678,83.186256,420.586578,76.771317
799,7.990000,0.004735,-0.007549,-0.024019,0.999672,83.480141,420.613556,76.791382
800,8.000000,0.004739,-0.007600,-0.023662,0.999680,83.723244,420.630493,76.808022
801,8.010000,0.004571,-0.007612,-0.023386,0.999687,83.943642,420.653198,76.835297
802,8.020000,0.004518,-0.007339,-0.023613,0.999684,84.165405,420.674866,76.867180
803,8.030000,0.004596,-0.007685,-0.022997,0.999695,84.382195,420.654877,76.885101
804,8.040000,0.004577,-0.007423,-0.023348,0.999689,84.594650,420.656708,76.909302
805,8.050000,0.004562,-0.007357,-0.023453,0.999687,84.792870,420.656372,76.924706
806,8.060000,0.004668,-0.006803,-0.023660,0.999686,85.003052,420.650543,76.945259
807,8.070000,0.004706,-0.006225,-0.023904,0.999684,85.207466,420.645172,76.986671
808,8.080000,0.004726,-0.006337,-0.023820,0.999685,85.355156,420.649109,77.016037
809,8.090000,0.004585,-0.006412,-0.024095,0.999679,85.481300,420.677277,77.038368
810,8.100000,0.004600,-0.006692,-0.024074,0.999677,85.622200,420.687347,77.042313
811,8.110000,0.004656,-0.007092,-0.023661,0.999684,85.745102,420.678070,77.044052
812,8.120000,0.004625,-0.006444,-0.024459,0.999669,85.930054,420.693298,77.056206
813,8.130000,0.004642,-0.006326,-0.024648,0.999665,86.063889,420.702667,77.056122
814,8.140000,0.004569,-0.006288,-0.024462,0.999671,86.181625,420.711487,77.063370
815,8.150000,0.004656,-0.006508,-0.023818,0.999684,86.277710,420.703644,77.068283
816,8.160000,0.004685,-0.006511,-0.023735,0.999686,86.368721,420.712189,77.081413
817,8.170000,0.004729,-0.006640,-0.023507,0.999690,86.451447,420.710297,77.096245
818,8.180000,0.004756,-0.006575,-0.023521,0.999690,86.524895,420.710938,77.107620
819,8.190000,0.004788,-0.006397,-0.023718,0.999687,86.599243,420.714264,77.114243
820,8.200000,0.004801,-0.006539,-0.023676,0.999687,86.659653,420.727417,77.114601
821,8.210000,0.004823,-0.006384,-0.023584,0.999690,86.738068,420.734619,77.114174
822,8.220000,0.004762,-0.006288,-0.023755,0.999687,86.816917,420.743683,77.114815
823,8.230000,0.004775,-0.006124,-0.023796,0.999687,86.892036,420.750305,77.120506
824,8.240000,0.004641,-0.005848,-0.024140,0.999681,86.967361,420.757202,77.139175
825,8.250000,0.004613,-0.005815,-0.024113,0.999682,87.029030,420.739807,77.148117
826,8.260000,0.004592,-0.005723,-0.024075,0.999683,87.099182,420.723419,77.155159
827,8.270000,0.004593,-0.005693,-0.023987,0.999686,87.178688,420.709564,77.165535
828,8.280000,0.004618,-0.005524,-0.024221,0.999681,87.301834,420.705078,77.181717
829,8.290000,0.004638,-0.005727,-0.023893,0.999687,87.421806,420.703949,77.190140
830,8.300000,0.004621,-0.006005,-0.023578,0.999693,87.550827,420.704956,77.183525
831,8.310000,0.004539,-0.005761,-0.023476,0.999698,87.714622,420.714874,77.185150
832,8.320000,0.004482,-0.005763,-0.023284,0.999702,87.857910,420.722198,77.185326
833,8.330000,0.004481,-0.005566,-0.023647,0.999695,88.037689,420.726685,77.179955
834,8.340000,0.004533,-0.005957,-0.023158,0.999704,88.191536,420.718140,77.170464
835,8.350000,0.004645,-0.005745,-0.023384,0.999699,88.380730,420.723450,77.166481
836,8.360000,0.004603,-0.005656,-0.023808,0.999690,88.552185,420.752777,77.177940
837,8.370000,0.004521,-0.005401,-0.024453,0.999676,88.734673,420.784760,77.195511
838,8.380000,0.004528,-0.005161,-0.024758,0.999670,88.897919,420.802979,77.208290
839,8.390000,0.004535,-0.005291,-0.024637,0.999672,89.046867,420.809357,77.220383
840,8.400000,0.004576,-0.005469,-0.024432,0.999676,89.181557,420.815460,77.233124
841,8.410000,0.004510,-0.005304,-0.024340,0.999680,89.340904,420.830383,77.244133
842,8.420000,0.004492,-0.005262,-0.024382,0.999679,89.474831,420.838745,77.247147
843,8.430000,0.004456,-0.004782,-0.024897,0.999669,89.627060,420.854431,77.256386
844,8.440000,0.004524,-0.004996,-0.024747,0.999671,89.726158,420.848328,77.258102
845,8.450000,0.004569,-0.004993,-0.024808,0.999669,89.836098,420.846191,77.267700
846,8.460000,0.004618,-0.005270,-0.024422,0.999677,89.949081,420.846985,77.270706
847,8.470000,0.004702,-0.005037,-0.024560,0.999675,90.100563,420.843842,77.273842
848,8.480000,0.004695,-0.005002,-0.024543,0.999675,90.229874,420.834717,77.280479
849,8.490000,0.004617,-0.005068,-0.024543,0.999675,90.349106,420.849457,77.283051
850,8.500000,0.004659,-0.005144,-0.024578,0.999674,90.469780,420.863403,77.280334
851,8.510000,0.004579,-0.005165,-0.024483,0.999676,90.592049,420.879517,77.276192
852,8.520000,0.004552,-0.004715,-0.024950,0.999667,90.743080,420.886902,77.275955
853,8.530000,0.004516,-0.004810,-0.024633,0.999675,90.853035,420.889984,77.276611
854,8.540000,0.004486,-0.004800,-0.024644,0.999675,90.978073,420.895233,77.283615
855,8.550000,0.004483,-0.004857,-0.024599,0.999676,91.107513,420.903442,77.296181
856,8.560000,0.004486,-0.004881,-0.024869,0.999669,91.251114,420.915894,77.314644
857,8.570000,0.004508,-0.004918,-0.024921,0.999667,91.370628,420.919617,77.324707
858,8.580000,0.004482,-0.004832,-0.025151,0.999662,91.489082,420.920227,77.338737
859,8.590000,0.004660,-0.004892,-0.024540,0.999676,91.621452,420.897156,77.335518
860,8.600000,0.004690,-0.004868,-0.024385,0.999680,91.745895,420.896240,77.339714
861,8.610000,0.004705,-0.004893,-0.024260,0.999683,91.859825,420.893311,77.344444
862,8.620000,0.004620,-0.005004,-0.024170,0.999685,91.987877,420.892456,77.356277
863,8.630000,0.004596,-0.004816,-0.024255,0.999684,92.141327,420.885986,77.371849
864,8.640000,0.004621,-0.005001,-0.023769,0.999694,92.268150,420.880676,77.382027
865,8.650000,0.004589,-0.004769,-0.024279,0.999683,92.436493,420.891479,77.389137
866,8.660000,0.004587,-0.004651,-0.024450,0.999680,92.580849,420.901581,77.397987
867,8.670000,0.004555,-0.004255,-0.024784,0.999673,92.750130,420.909210,77.413254
868,8.680000,0.004538,-0.004289,-0.024919,0.999670,92.894302,420.910919,77.423958
869,8.690000,0.004567,-0.004538,-0.024819,0.999671,93.042641,420.910004,77.428787
870,8.700000,0.004516,-0.004217,-0.025631,0.999652,93.245277,420.924255,77.437592
871,8.710000,0.004675,-0.004255,-0.025173,0.999663,93.460915,420.917206,77.441719
872,8.720000,0.004724,-0.004379,-0.024930,0.999668,93.664162,420.927643,77.452858
873,8.730000,0.004679,-0.004711,-0.024378,0.999681,93.872231,420.943939,77.465622
874,8.740000,0.004678,-0.004663,-0.024525,0.999677,94.103455,420.968445,77.478767
875,8.750000,0.004680,-0.004693,-0.024699,0.999673,94.352036,420.995972,77.487198
876,8.760000,0.004624,-0.004454,-0.025526,0.999654,94.623566,421.027008,77.494911
877,8.770000,0.004648,-0.003899,-0.026258,0.999637,94.897942,421.052795,77.505768
878,8.780000,0.004745,-0.004047,-0.026022,0.999642,95.144577,421.052582,77.503960
879,8.790000,0.004805,-0.004634,-0.024863,0.999669,95.372192,421.043793,77.512718
880,8.800000,0.004735,-0.004853,-0.024982,0.999665,95.638664,421.056641,77.523560
881,8.810000,0.004679,-0.005066,-0.025050,0.999663,95.882919,421.076538,77.531860
882,8.820000,0.004618,-0.004861,-0.025474,0.999653,96.128571,421.108521,77.544212
883,8.830000,0.004665,-0.004439,-0.026202,0.999636,96.403748,421.126648,77.556625
884,8.840000,0.004756,-0.004270,-0.026393,0.999631,96.671890,421.140747,77.555809
885,8.850000,0.004772,-0.004111,-0.026404,0.999632,96.953667,421.161438,77.563210
886,8.860000,0.004723,-0.004163,-0.026212,0.999637,97.205139,421.181885,77.575500
887,8.870000,0.004790,-0.004694,-0.025670,0.999648,97.427841,421.192505,77.587593
888,8.880000,0.004783,-0.004522,-0.026167,0.999636,97.687126,421.210968,77.604965
889,8.890000,0.004788,-0.004311,-0.026659,0.999624,97.948456,421.223328,77.621674
890,8.900000,0.004775,-0.004134,-0.026894,0.999618,98.211601,421.228180,77.650154
891,8.910000,0.004852,-0.004305,-0.026211,0.999635,98.454185,421.215424,77.662308
892,8.920000,0.004814,-0.004473,-0.026199,0.999635,98.705605,421.230865,77.669418
893,8.930000,0.004803,-0.004381,-0.025998,0.999641,98.940140,421.249756,77.681259
894,8.940000,0.004870,-0.004336,-0.026433,0.999629,99.164528,421.271545,77.698044
895,8.950000,0.004949,-0.004555,-0.026228,0.999633,99.376938,421.278900,77.721535
896,8.960000,0.004990,-0.004594,-0.026278,0.999632,99.580734,421.286407,77.732468
897,8.970000,0.004944,-0.004238,-0.027070,0.999612,99.840698,421.288330,77.738754
898,8.980000,0.004988,-0.004283,-0.026670,0.999623,100.091583,421.263611,77.752838
899,8.990000,0.004989,-0.004287,-0.026749,0.999621,100.347176,421.259155,77.781197
900,9.000000,0.004945,-0.003649,-0.027444,0.999605,100.635902,421.274780,77.819427
901,9.010000,0.004862,-0.004311,-0.026933,0.999616,100.902756,421.268982,77.812881
902,9.020000,0.004914,-0.004552,-0.026585,0.999624,101.171982,421.274048,77.822807
903,9.030000,0.004983,-0.004649,-0.026480,0.999626,101.512436,421.300873,77.842804
904,9.040000,0.005059,-0.004344,-0.026852,0.999617,101.911339,421.334412,77.843025
905,9.050000,0.005031,-0.004580,-0.026715,0.999620,102.264931,421.367950,77.847954
906,9.060000,0.005019,-0.004269,-0.027101,0.999611,102.678291,421.396210,77.862213
907,9.070000,0.004992,-0.004347,-0.027398,0.999603,103.093170,421.423523,77.875221
908,9.080000,0.005092,-0.004183,-0.027637,0.999596,103.545128,421.448029,77.887932
909,9.090000,0.004954,-0.003999,-0.028355,0.999578,103.946632,421.502991,77.909096
910,9.100000,0.004983,-0.004162,-0.027825,0.999592,104.345757,421.514740,77.919464
911,9.110000,0.005048,-0.004265,-0.027871,0.999590,104.766182,421.518555,77.939049
912,9.120000,0.005082,-0.004179,-0.028064,0.999584,105.206635,421.526611,77.947777
913,9.130000,0.004948,-0.003950,-0.028773,0.999566,105.622520,421.568176,77.971855
914,9.140000,0.004937,-0.004133,-0.028801,0.999564,106.026863,421.586304,77.988480
915,9.150000,0.005050,-0.004277,-0.028242,0.999579,106.428757,421.582886,78.022476
916,9.160000,0.005144,-0.004231,-0.028167,0.999581,106.839584,421.599365,78.064781
917,9.170000,0.005150,-0.003778,-0.028943,0.999561,107.277596,421.624268,78.101219
918,9.180000,0.005131,-0.003618,-0.029345,0.999550,107.698074,421.646332,78.141823
919,9.190000,0.005177,-0.003962,-0.029003,0.999558,108.095222,421.652618,78.185356
920,9.200000,0.005199,-0.004214,-0.028651,0.999567,108.542374,421.651154,78.221733
921,9.210000,0.005227,-0.004556,-0.028391,0.999573,108.958061,421.670624,78.259827
922,9.220000,0.005274,-0.003748,-0.029620,0.999540,109.481956,421.686615,78.293297
923,9.230000,0.005304,-0.004012,-0.029267,0.999550,109.915741,421.696136,78.334465
924,9.240000,0.005335,-0.003717,-0.029907,0.999532,110.385757,421.729736,78.358833
925,9.250000,0.005245,-0.004160,-0.029279,0.999549,110.821526,421.756866,78.365242
926,9.260000,0.005357,-0.003892,-0.029392,0.999546,111.312050,421.784790,78.377930
927,9.270000,0.005336,-0.003823,-0.029872,0.999532,111.803734,421.818207,78.391594
928,9.280000,0.005345,-0.004165,-0.029385,0.999545,112.250916,421.844635,78.407471
929,9.290000,0.005377,-0.003553,-0.030274,0.999521,112.805038,421.876740,78.413651
930,9.300000,0.005249,-0.003797,-0.030186,0.999523,113.276222,421.904144,78.422844
931,9.310000,0.004944,-0.002669,-0.032895,0.999443,113.764214,421.982086,78.452248
932,9.320000,0.005229,-0.003752,-0.030406,0.999517,114.221474,421.947968,78.443932
933,9.330000,0.005280,-0.003538,-0.030516,0.999514,114.711433,421.957733,78.450340
934,9.340000,0.004948,-0.002902,-0.032500,0.999455,115.206993,422.025879,78.468315
935,9.350000,0.005066,-0.003623,-0.031085,0.999497,115.705002,422.004181,78.468231
936,9.360000,0.005260,-0.003738,-0.030613,0.999511,116.200287,422.008118,78.473503
937,9.370000,0.005217,-0.003282,-0.031353,0.999489,116.738754,422.044220,78.502548
938,9.380000,0.004958,-0.002593,-0.033358,0.999428,117.239510,422.126373,78.537613
939,9.390000,0.005140,-0.003615,-0.031590,0.999481,117.747559,422.102936,78.545670
940,9.400000,0.005218,-0.003514,-0.031392,0.999487,118.304901,422.107697,78.566216
941,9.410000,0.004981,-0.002368,-0.033711,0.999416,118.908234,422.173981,78.613861
942,9.420000,0.005211,-0.003558,-0.031654,0.999479,119.482674,422.143127,78.608353
943,9.430000,0.005306,-0.003700,-0.031380,0.999487,120.101807,422.157135,78.622482
944,9.440000,0.004988,-0.002655,-0.034190,0.999399,120.771156,422.258545,78.667107
945,9.450000,0.005232,-0.003623,-0.031894,0.999471,121.367203,422.235596,78.670090
946,9.460000,0.005087,-0.002988,-0.033160,0.999433,122.023056,422.274384,78.701164
947,9.470000,0.005134,-0.003008,-0.033141,0.999433,122.740265,422.283295,78.719673
948,9.480000,0.005246,-0.003328,-0.032531,0.999451,123.416588,422.277954,78.733749
949,9.490000,0.005115,-0.003028,-0.033811,0.999411,124.137589,422.330475,78.767593
950,9.500000,0.005153,-0.003386,-0.033367,0.999424,124.920113,422.364502,78.796280
951,9.510000,0.005148,-0.003153,-0.033866,0.999408,125.693474,422.400269,78.833702
952,9.520000,0.005281,-0.003457,-0.033497,0.999419,126.521065,422.409363,78.862251
953,9.530000,0.005159,-0.003118,-0.034232,0.999396,127.345070,422.473175,78.891121
954,9.540000,0.005360,-0.003546,-0.033692,0.999412,128.174469,422.477325,78.919769
955,9.550000,0.005181,-0.003329,-0.034198,0.999396,128.991760,422.527313,78.971214
956,9.560000,0.005427,-0.003371,-0.033943,0.999403,129.858185,422.548248,79.018402
957,9.570000,0.005213,-0.003503,-0.034597,0.999382,130.699234,422.595367,79.079002
958,9.580000,0.005308,-0.003030,-0.035260,0.999360,131.552170,422.606873,79.125374
959,9.590000,0.005221,-0.002479,-0.036446,0.999319,132.388947,422.658295,79.210442
960,9.600000,0.005485,-0.002905,-0.035300,0.999358,133.166931,422.653961,79.269028
961,9.610000,0.005638,-0.003582,-0.034262,0.999391,133.945038,422.626160,79.299133
962,9.620000,0.005549,-0.003525,-0.035004,0.999366,134.723923,422.658691,79.354790
963,9.630000,0.005737,-0.003650,-0.034526,0.999381,135.513901,422.650330,79.403275
964,9.640000,0.005581,-0.002870,-0.036524,0.999313,136.284515,422.694702,79.459854
965,9.650000,0.005865,-0.003440,-0.035714,0.999339,136.977905,422.665375,79.486816
966,9.660000,0.005869,-0.003706,-0.034651,0.999375,137.690231,422.668518,79.541458
967,9.670000,0.006061,-0.002812,-0.036612,0.999307,138.401611,422.699677,79.623787
968,9.680000,0.006053,-0.003507,-0.035665,0.999339,139.096771,422.700745,79.679008
969,9.690000,0.006214,-0.003942,-0.034983,0.999361,139.732681,422.698853,79.718849
970,9.700000,0.006105,-0.002945,-0.036941,0.999295,140.384354,422.732208,79.782394
971,9.710000,0.006191,-0.003814,-0.035685,0.999337,140.936157,422.715057,79.844299
972,9.720000,0.006488,-0.003442,-0.036017,0.999324,141.544434,422.697632,79.887245
973,9.730000,0.006701,-0.003668,-0.035450,0.999342,142.123016,422.667938,79.933044
974,9.740000,0.006503,-0.003232,-0.036655,0.999302,142.670441,422.703583,79.983574
975,9.750000,0.006529,-0.003866,-0.035862,0.999328,143.121353,422.695679,80.023918
976,9.760000,0.006632,-0.003444,-0.036302,0.999313,143.669220,422.693695,80.050148
977,9.770000,0.006588,-0.003158,-0.036674,0.999301,144.206879,422.707947,80.066170
978,9.780000,0.006512,-0.002916,-0.037253,0.999280,144.698685,422.712891,80.072044
979,9.790000,0.006527,-0.003498,-0.036282,0.999314,145.126266,422.700562,80.074715
980,9.800000,0.006699,-0.003896,-0.036026,0.999321,145.539429,422.677124,80.075165
981,9.810000,0.006638,-0.003790,-0.035582,0.999338,146.001495,422.695953,80.074753
982,9.820000,0.006366,-0.002947,-0.037190,0.999284,146.411026,422.747620,80.085594
983,9.830000,0.006314,-0.003036,-0.036857,0.999296,146.801559,422.740204,80.071968
984,9.840000,0.006300,-0.003255,-0.036677,0.999302,147.144821,422.732788,80.042053
985,9.850000,0.006229,-0.003676,-0.036393,0.999311,147.435654,422.731995,80.041702
986,9.860000,0.006186,-0.003576,-0.036552,0.999306,147.735901,422.741791,80.074478
987,9.870000,0.006180,-0.003135,-0.036900,0.999295,148.072006,422.747894,80.119514
988,9.880000,0.006350,-0.003416,-0.036176,0.999319,148.370331,422.724701,80.129944
989,9.890000,0.006409,-0.003795,-0.035988,0.999324,148.647461,422.707825,80.114647
990,9.900000,0.006399,-0.004007,-0.035869,0.999328,148.924561,422.707916,80.101120
991,9.910000,0.006240,-0.003073,-0.036525,0.999309,149.268341,422.726349,80.126831
992,9.920000,0.006287,-0.003128,-0.036511,0.999309,149.542328,422.712280,80.142502
993,9.930000,0.006356,-0.003122,-0.036784,0.999298,149.809937,422.691711,80.176086
994,9.940000,0.006148,-0.003254,-0.037361,0.999278,150.085464,422.727600,80.203033
995,9.950000,0.006272,-0.003921,-0.036326,0.999313,150.360779,422.718933,80.228333
996,9.960000,0.006506,-0.004120,-0.035755,0.999331,150.666199,422.714233,80.261971
997,9.970000,0.006789,-0.003959,-0.036279,0.999311,150.972458,422.698517,80.285355
998,9.980000,0.006837,-0.003669,-0.036508,0.999303,151.308472,422.696320,80.311104
999,9.990000,0.006643,-0.003348,-0.036892,0.999292,151.647018,422.728790,80.328987
1000,10.000000,0.006387,-0.003390,-0.037215,0.999281,151.940277,422.757019,80.335037
1001,10.010000,0.006270,-0.003537,-0.036896,0.999293,152.247498,422.759186,80.329933
1002,10.020000,0.006271,-0.004068,-0.036238,0.999315,152.522583,422.746063,80.323517
1003,10.030000,0.006506,-0.003893,-0.036212,0.999315,152.871078,422.709930,80.304390
1004,10.040000,0.006368,-0.003611,-0.036485,0.999307,153.219635,422.727112,80.310776
1005,10.050000,0.006310,-0.003385,-0.036564,0.999306,153.552307,422.720245,80.330315
1006,10.060000,0.006336,-0.003100,-0.036946,0.999292,153.866776,422.718384,80.352470
1007,10.070000,0.006353,-0.003987,-0.035988,0.999324,154.120026,422.713806,80.369034
1008,10.080000,0.006279,-0.003946,-0.036474,0.999307,154.394928,422.736328,80.389030
1009,10.090000,0.006175,-0.003962,-0.036888,0.999292,154.682373,422.755798,80.382187
1010,10.100000,0.006169,-0.003375,-0.037089,0.999287,154.994354,422.775330,80.350311
1011,10.110000,0.006121,-0.003363,-0.037003,0.999291,155.229080,422.790009,80.327805
1012,10.120000,0.006203,-0.003570,-0.036830,0.999296,155.441711,422.775269,80.315193
1013,10.130000,0.006019,-0.003171,-0.037205,0.999284,155.658493,422.815277,80.313530
1014,10.140000,0.006041,-0.003664,-0.036088,0.999324,155.804565,422.806427,80.295471
1015,10.150000,0.005871,-0.004262,-0.035852,0.999331,155.882019,422.819824,80.281769
1016,10.160000,0.005821,-0.003827,-0.036609,0.999305,155.986679,422.817780,80.276939
1017,10.170000,0.005981,-0.004176,-0.036326,0.999313,155.998077,422.774414,80.267418
1018,10.180000,0.005841,-0.003889,-0.036561,0.999307,156.014771,422.782318,80.278992
1019,10.190000,0.005817,-0.003915,-0.036376,0.999314,155.978241,422.779358,80.288162
1020,10.200000,0.006113,-0.004131,-0.035824,0.999331,155.946976,422.733551,80.272926
1021,10.210000,0.005995,-0.003779,-0.036076,0.999324,155.946167,422.751953,80.280251
1022,10.220000,0.005923,-0.003687,-0.036183,0.999321,155.937180,422.756165,80.276642
1023,10.230000,0.005920,-0.003601,-0.036385,0.999314,155.931488,422.754791,80.275200
1024,10.240000,0.005931,-0.003791,-0.036042,0.999326,155.943115,422.743164,80.273773
1025,10.250000,0.005900,-0.003520,-0.036370,0.999315,156.009766,422.747192,80.274879
1026,10.260000,0.005724,-0.003944,-0.036439,0.999312,156.035339,422.764557,80.282303
1027,10.270000,0.005690,-0.003974,-0.036465,0.999311,156.101547,422.767212,80.282646
1028,10.280000,0.005715,-0.003888,-0.036538,0.999308,156.176727,422.758484,80.287361
1029,10.290000,0.005797,-0.003791,-0.036178,0.999321,156.279282,422.731781,80.285896
1030,10.300000,0.005785,-0.003744,-0.036258,0.999319,156.375534,422.713440,80.291489
1031,10.310000,0.005721,-0.003597,-0.036660,0.999305,156.478989,422.703918,80.309227
1032,10.320000,0.005751,-0.003595,-0.036681,0.999304,156.587433,422.691437,80.328590
1033,10.330000,0.005955,-0.003877,-0.036432,0.999311,156.683899,422.659241,80.340187
1034,10.340000,0.006000,-0.004148,-0.036176,0.999319,156.821823,422.650665,80.351601
1035,10.350000,0.006040,-0.003902,-0.036649,0.999302,157.029663,422.649170,80.368698
1036,10.360000,0.005750,-0.003237,-0.037109,0.999290,157.274872,422.685303,80.397789
1037,10.370000,0.005758,-0.003230,-0.037083,0.999290,157.470947,422.684174,80.404274
1038,10.380000,0.005844,-0.003274,-0.036806,0.999300,157.677521,422.672058,80.391663
1039,10.390000,0.005913,-0.003649,-0.036139,0.999323,157.870544,422.654449,80.382973
1040,10.400000,0.005902,-0.003522,-0.036293,0.999318,158.071228,422.650238,80.390648
1041,10.410000,0.005909,-0.003610,-0.036205,0.999320,158.248734,422.644989,80.390259
1042,10.420000,0.005927,-0.003787,-0.036092,0.999324,158.394424,422.640106,80.396423
1043,10.430000,0.005902,-0.003965,-0.036045,0.999325,158.531509,422.629456,80.396690
1044,10.440000,0.006052,-0.004155,-0.037158,0.999282,158.743454,422.624695,80.435410
1045,10.450000,0.006095,-0.004002,-0.037321,0.999277,158.840134,422.610748,80.444084
1046,10.460000,0.005955,-0.003639,-0.037729,0.999264,158.935165,422.611176,80.437576
1047,10.470000,0.005917,-0.003539,-0.037748,0.999264,158.974518,422.591492,80.421021
1048,10.480000,0.005950,-0.003937,-0.037199,0.999282,158.969986,422.550690,80.381210
1049,10.490000,0.005717,-0.003986,-0.036976,0.999292,158.951782,422.548340,80.352951
1050,10.500000,0.005568,-0.004118,-0.036784,0.999299,158.909485,422.531982,80.322990
1051,10.510000,0.005587,-0.004429,-0.036180,0.999320,158.831100,422.487488,80.296478
1052,10.520000,0.005563,-0.004372,-0.036272,0.999317,158.746552,422.449097,80.285194
1053,10.530000,0.005501,-0.004593,-0.036185,0.999319,158.611847,422.413727,80.291443
1054,10.540000,0.005470,-0.004514,-0.036103,0.999323,158.503952,422.382904,80.304474
1055,10.550000,0.005507,-0.004784,-0.035517,0.999343,158.391876,422.344696,80.307137
1056,10.560000,0.005409,-0.004861,-0.035507,0.999343,158.259308,422.323792,80.290070
1057,10.570000,0.005283,-0.005106,-0.035256,0.999351,158.132019,422.276917,80.263680
1058,10.580000,0.005319,-0.005049,-0.034901,0.999364,158.029449,422.190247,80.219170
1059,10.590000,0.005284,-0.005230,-0.034567,0.999375,157.923218,422.110504,80.167953
1060,10.600000,0.005316,-0.005673,-0.034054,0.999390,157.818466,422.029999,80.099304
1061,10.610000,0.005046,-0.006078,-0.033768,0.999398,157.742538,421.989014,80.036194
1062,10.620000,0.004880,-0.005846,-0.033943,0.999395,157.728027,421.959076,80.000504
1063,10.630000,0.004944,-0.005870,-0.033751,0.999401,157.722595,421.929382,79.998863
1064,10.640000,0.004981,-0.005829,-0.033812,0.999399,157.742783,421.912384,80.001900
1065,10.650000,0.004898,-0.005856,-0.033968,0.999394,157.775543,421.933624,79.983459
1066,10.660000,0.004871,-0.005880,-0.034128,0.999388,157.805756,421.958893,79.957130
1067,10.670000,0.004876,-0.005954,-0.034169,0.999387,157.821609,421.968933,79.942841
1068,10.680000,0.004884,-0.005939,-0.034163,0.999387,157.826431,421.965485,79.944855
1069,10.690000,0.004900,-0.005881,-0.034159,0.999387,157.818619,421.948486,79.956261
1070,10.700000,0.004929,-0.005884,-0.034121,0.999388,157.802353,421.934998,79.959862
1071,10.710000,0.004793,-0.006178,-0.033849,0.999396,157.766586,421.944183,79.950699
1072,10.720000,0.004859,-0.005997,-0.034024,0.999391,157.759766,421.934143,79.941887
1073,10.730000,0.004741,-0.006209,-0.033839,0.999397,157.725021,421.948242,79.930855
1074,10.740000,0.004736,-0.006276,-0.033710,0.999401,157.702377,421.943451,79.925323
1075,10.750000,0.004795,-0.006296,-0.033624,0.999403,157.681931,421.926178,79.917732
1076,10.760000,0.004809,-0.006305,-0.033594,0.999404,157.667221,421.914062,79.913139
1077,10.770000,0.004815,-0.006304,-0.033617,0.999403,157.661392,421.906891,79.908943
1078,10.780000,0.004818,-0.006346,-0.033583,0.999404,157.668594,421.906128,79.903000
1079,10.790000,0.004813,-0.006346,-0.033670,0.999401,157.682831,421.914856,79.899063
1080,10.800000,0.004801,-0.006381,-0.033715,0.999400,157.696716,421.922455,79.895454
1081,10.810000,0.004799,-0.006391,-0.033779,0.999397,157.705933,421.925201,79.894760
1082,10.820000,0.004794,-0.006399,-0.033784,0.999397,157.711212,421.924072,79.893333
1083,10.830000,0.004802,-0.006384,-0.033849,0.999395,157.718842,421.922394,79.890411
1084,10.840000,0.004792,-0.006435,-0.033835,0.999395,157.717987,421.922882,79.885437
1085,10.850000,0.004718,-0.006465,-0.033770,0.999398,157.713074,421.933014,79.885704
1086,10.860000,0.004786,-0.006374,-0.033875,0.999394,157.709793,421.925659,79.880768
1087,10.870000,0.004789,-0.006435,-0.033825,0.999396,157.694427,421.919342,79.880577
1088,10.880000,0.004794,-0.006517,-0.033720,0.999399,157.680939,421.910767,79.878822
1089,10.890000,0.004792,-0.006523,-0.033698,0.999399,157.670456,421.904602,79.875549
1090,10.900000,0.004735,-0.006412,-0.033730,0.999399,157.660675,421.901550,79.868469
1091,10.910000,0.004761,-0.006463,-0.033629,0.999402,157.653366,421.903412,79.862595
1092,10.920000,0.004713,-0.006284,-0.033777,0.999399,157.654770,421.903595,79.858498
1093,10.930000,0.004742,-0.006264,-0.033793,0.999398,157.652527,421.903046,79.854851
1094,10.940000,0.004716,-0.006286,-0.033778,0.999398,157.651443,421.898651,79.853661
1095,10.950000,0.004725,-0.006306,-0.033784,0.999398,157.652863,421.896790,79.854599
1096,10.960000,0.004723,-0.006302,-0.033787,0.999398,157.657349,421.898956,79.856079
1097,10.970000,0.004725,-0.006328,-0.033765,0.999399,157.661148,421.900818,79.855965
1098,10.980000,0.004715,-0.006305,-0.033840,0.999396,157.665756,421.905365,79.853806
1099,10.990000,0.004747,-0.006407,-0.033837,0.999396,157.669189,421.907318,79.849907
1100,11.000000,0.004755,-0.006476,-0.033816,0.999396,157.668793,421.906067,79.846581
1101,11.010000,0.004758,-0.006477,-0.033812,0.999396,157.670288,421.905212,79.846237
1102,11.020000,0.004710,-0.006341,-0.033888,0.999395,157.671768,421.904236,79.846863
1103,11.030000,0.004750,-0.006419,-0.033853,0.999395,157.669586,421.904419,79.847076
1104,11.040000,0.004752,-0.006483,-0.033799,0.999396,157.668472,421.903412,79.845459
1105,11.050000,0.004713,-0.006409,-0.033837,0.999396,157.664841,421.900543,79.840759
1106,11.060000,0.004694,-0.006326,-0.033917,0.999394,157.659424,421.899231,79.834671
1107,11.070000,0.004688,-0.006331,-0.033856,0.999396,157.651840,421.896545,79.830811
1108,11.080000,0.004686,-0.006362,-0.033796,0.999398,157.641525,421.893738,79.829048
1109,11.090000,0.004681,-0.006314,-0.033890,0.999395,157.633972,421.892883,79.828400
1110,11.100000,0.004680,-0.006318,-0.033891,0.999395,157.626724,421.891174,79.827637
1111,11.110000,0.004684,-0.006341,-0.033916,0.999394,157.620819,421.891754,79.825569
1112,11.120000,0.004684,-0.006360,-0.033896,0.999394,157.618637,421.890961,79.823975
1113,11.130000,0.004682,-0.006370,-0.033904,0.999394,157.620071,421.891022,79.823288
1114,11.140000,0.004685,-0.006386,-0.033908,0.999394,157.623703,421.890717,79.823059
1115,11.150000,0.004681,-0.006395,-0.033902,0.999394,157.632248,421.891724,79.822121
1116,11.160000,0.004674,-0.006396,-0.033958,0.999392,157.641205,421.894806,79.819489
1117,11.170000,0.004682,-0.006406,-0.033951,0.999392,157.650574,421.898132,79.816376
1118,11.180000,0.004680,-0.006409,-0.033970,0.999391,157.658005,421.901489,79.814362
1119,11.190000,0.004678,-0.006394,-0.033981,0.999391,157.660080,421.901703,79.814171
1120,11.200000,0.004691,-0.006390,-0.033964,0.999392,157.659714,421.897644,79.814720
1121,11.210000,0.004682,-0.006438,-0.033890,0.999394,157.652573,421.894775,79.814590
1122,11.220000,0.004689,-0.006438,-0.033864,0.999395,157.642105,421.891052,79.813416
1123,11.230000,0.004673,-0.006413,-0.033915,0.999393,157.629822,421.891968,79.812386
1124,11.240000,0.004670,-0.006425,-0.033888,0.999394,157.618179,421.890106,79.808983
1125,11.250000,0.004683,-0.006464,-0.033811,0.999396,157.606979,421.884491,79.804802
1126,11.260000,0.004843,-0.007014,-0.033194,0.999413,157.550888,421.846863,79.784111
1127,11.270000,0.004675,-0.006534,-0.033631,0.999402,157.579254,421.870941,79.794640
1128,11.280000,0.004648,-0.006420,-0.033777,0.999398,157.588242,421.876892,79.796783
1129,11.290000,0.004654,-0.006412,-0.033812,0.999397,157.593628,421.878448,79.798279
1130,11.300000,0.004675,-0.006453,-0.033876,0.999394,157.610184,421.883179,79.800873
1131,11.310000,0.004763,-0.006771,-0.033156,0.999416,157.621384,421.868713,79.793396
1132,11.320000,0.004765,-0.006818,-0.033110,0.999417,157.628067,421.870422,79.790382
1133,11.330000,0.004757,-0.006815,-0.033167,0.999415,157.635727,421.871643,79.788162
1134,11.340000,0.004671,-0.006515,-0.033918,0.999393,157.638474,421.890686,79.794945
1135,11.350000,0.004758,-0.006792,-0.033181,0.999415,157.641296,421.874359,79.790344
1136,11.360000,0.004771,-0.006832,-0.033107,0.999417,157.638138,421.871521,79.789871
1137,11.370000,0.004768,-0.006826,-0.033173,0.999415,157.630219,421.871002,79.789352
1138,11.380000,0.004923,-0.007322,-0.032590,0.999430,157.579987,421.836060,79.771484
1139,11.390000,0.004948,-0.007443,-0.032469,0.999433,157.559937,421.827484,79.765984
1140,11.400000,0.004945,-0.007451,-0.032408,0.999435,157.546173,421.822693,79.763817
1141,11.410000,0.004842,-0.007138,-0.033210,0.999411,157.536850,421.841309,79.768875
1142,11.420000,0.004838,-0.007114,-0.033202,0.999412,157.533447,421.839172,79.767670
1143,11.430000,0.004929,-0.007455,-0.032422,0.999434,157.529938,421.819611,79.759544
1144,11.440000,0.004939,-0.007526,-0.032321,0.999437,157.529083,421.817902,79.755753
1145,11.450000,0.004840,-0.007211,-0.033152,0.999413,157.534637,421.840240,79.760933
1146,11.460000,0.004931,-0.007519,-0.032376,0.999435,157.545319,421.822479,79.753860
1147,11.470000,0.004936,-0.007536,-0.032358,0.999436,157.553589,421.823090,79.754036
1148,11.480000,0.004932,-0.007483,-0.032449,0.999433,157.564621,421.827423,79.755661
1149,11.490000,0.004940,-0.007500,-0.032432,0.999434,157.570496,421.828094,79.754951
1150,11.500000,0.004931,-0.007512,-0.032449,0.999433,157.572983,421.830902,79.753639
1151,11.510000,0.004928,-0.007495,-0.032519,0.999431,157.570724,421.833221,79.753654
1152,11.520000,0.004932,-0.007520,-0.032438,0.999433,157.567825,421.830048,79.754044
1153,11.530000,0.004929,-0.007491,-0.032435,0.999434,157.563660,421.827637,79.755493
1154,11.540000,0.004933,-0.007476,-0.032445,0.999433,157.555283,421.823914,79.755135
1155,11.550000,0.004937,-0.007515,-0.032379,0.999435,157.545441,421.820251,79.754128
1156,11.560000,0.004934,-0.007557,-0.032343,0.999436,157.537537,421.819061,79.751335
1157,11.570000,0.004928,-0.007535,-0.032364,0.999436,157.531891,421.818359,79.749100
1158,11.580000,0.004935,-0.007569,-0.032316,0.999437,157.527527,421.816223,79.746002
1159,11.590000,0.004927,-0.007562,-0.032345,0.999436,157.525879,421.816559,79.743484
1160,11.600000,0.004928,-0.007569,-0.032332,0.999436,157.527313,421.815826,79.742287
1161,11.610000,0.004931,-0.007568,-0.032342,0.999436,157.532104,421.816742,79.742561
1162,11.620000,0.004931,-0.007594,-0.032352,0.999436,157.536972,421.818390,79.743774
1163,11.630000,0.004935,-0.007583,-0.032384,0.999435,157.542816,421.821747,79.744545
1164,11.640000,0.004928,-0.007614,-0.032385,0.999434,157.547394,421.824097,79.742798
1165,11.650000,0.004918,-0.007615,-0.032395,0.999434,157.551056,421.825714,79.741302
1166,11.660000,0.004913,-0.007582,-0.032408,0.999434,157.557907,421.826935,79.740952
1167,11.670000,0.004913,-0.007552,-0.032432,0.999433,157.561829,421.827332,79.741264
1168,11.680000,0.004910,-0.007576,-0.032392,0.999435,157.559601,421.824738,79.740952
1169,11.690000,0.004911,-0.007572,-0.032368,0.999435,157.555466,421.823517,79.740341
1170,11.700000,0.004915,-0.007620,-0.032300,0.999437,157.547424,421.821686,79.738617
1171,11.710000,0.004918,-0.007661,-0.032241,0.999439,157.537994,421.818298,79.736931
1172,11.720000,0.004922,-0.007626,-0.032305,0.999437,157.530472,421.816223,79.736671
1173,11.730000,0.004922,-0.007574,-0.032370,0.999435,157.527863,421.815430,79.736916
1174,11.740000,0.004921,-0.007567,-0.032354,0.999436,157.522995,421.812469,79.736809
1175,11.750000,0.004925,-0.007599,-0.032314,0.999437,157.518372,421.810791,79.735260
1176,11.760000,0.004925,-0.007673,-0.032209,0.999440,157.514053,421.810181,79.732574
1177,11.770000,0.004917,-0.007638,-0.032300,0.999437,157.517532,421.813080,79.731636
1178,11.780000,0.004915,-0.007580,-0.032387,0.999435,157.523407,421.814423,79.731133
1179,11.790000,0.004920,-0.007572,-0.032459,0.999432,157.528992,421.815704,79.729996
1180,11.800000,0.004918,-0.007550,-0.032517,0.999431,157.535522,421.817688,79.729637
1181,11.810000,0.004919,-0.007766,-0.032279,0.999437,157.528244,421.816467,79.724648
1182,11.820000,0.004922,-0.007616,-0.032412,0.999433,157.540131,421.817780,79.726852
1183,11.830000,0.004927,-0.007647,-0.032384,0.999434,157.538345,421.817871,79.725143
1184,11.840000,0.004919,-0.007587,-0.032491,0.999431,157.538773,421.819611,79.725449
1185,11.850000,0.004913,-0.007781,-0.032300,0.999436,157.524673,421.818115,79.721451
1186,11.860000,0.004921,-0.007597,-0.032480,0.999431,157.532257,421.817810,79.725655
1187,11.870000,0.004927,-0.007643,-0.032371,0.999435,157.526184,421.813721,79.726372
1188,11.880000,0.004931,-0.007661,-0.032330,0.999436,157.520233,421.811584,79.726501
1189,11.890000,0.004925,-0.007846,-0.032163,0.999440,157.504593,421.810516,79.721550
1190,11.900000,0.004907,-0.007877,-0.032154,0.999440,157.495972,421.809937,79.718567
1191,11.910000,0.004928,-0.007673,-0.032350,0.999435,157.512863,421.810333,79.720566
1192,11.920000,0.004920,-0.007868,-0.032182,0.999439,157.498550,421.809692,79.716522
1193,11.930000,0.004929,-0.007757,-0.032252,0.999438,157.507385,421.809265,79.719330
1194,11.940000,0.004932,-0.007686,-0.032297,0.999437,157.515610,421.810608,79.721764
1195,11.950000,0.004935,-0.007687,-0.032408,0.999433,157.516495,421.813782,79.723053
1196,11.960000,0.004931,-0.007701,-0.032385,0.999434,157.520248,421.813324,79.722305
1197,11.970000,0.004929,-0.007679,-0.032402,0.999433,157.523621,421.811981,79.720917
1198,11.980000,0.004898,-0.007658,-0.032387,0.999434,157.519897,421.809967,79.717949
1199,11.990000,0.004887,-0.007878,-0.032169,0.999440,157.507767,421.811005,79.710091
1200,12.000000,0.004915,-0.007669,-0.032434,0.999432,157.518753,421.813324,79.713745
1201,12.010000,0.004937,-0.007878,-0.032214,0.999438,157.507980,421.810822,79.711990
1202,12.020000,0.004925,-0.007725,-0.032356,0.999435,157.520523,421.812958,79.719246
1203,12.030000,0.004912,-0.007699,-0.032361,0.999435,157.520981,421.808960,79.720978
1204,12.040000,0.004908,-0.007700,-0.032370,0.999434,157.518112,421.807800,79.720825
1205,12.050000,0.004901,-0.007716,-0.032343,0.999435,157.517303,421.808167,79.719101
1206,12.060000,0.004909,-0.007784,-0.032271,0.999437,157.515503,421.810028,79.716980
1207,12.070000,0.004905,-0.007948,-0.032133,0.999440,157.504074,421.811615,79.712929
1208,12.080000,0.004896,-0.007772,-0.032256,0.999438,157.514694,421.809967,79.716011
1209,12.090000,0.004902,-0.007786,-0.032244,0.999438,157.512192,421.807281,79.715805
1210,12.100000,0.004905,-0.007982,-0.032056,0.999442,157.497543,421.804535,79.711845
1211,12.110000,0.004903,-0.008015,-0.032022,0.999443,157.492142,421.803070,79.711990
1212,12.120000,0.004913,-0.007845,-0.032164,0.999440,157.499283,421.801880,79.715164
1213,12.130000,0.004912,-0.007842,-0.032212,0.999438,157.495255,421.803009,79.714615
1214,12.140000,0.004912,-0.007806,-0.032295,0.999436,157.492889,421.804596,79.712601
1215,12.150000,0.004910,-0.007902,-0.032235,0.999437,157.487747,421.803772,79.711838
1216,12.160000,0.004905,-0.007944,-0.032187,0.999438,157.488739,421.803436,79.711121
1217,12.170000,0.004900,-0.007794,-0.032351,0.999434,157.501846,421.807190,79.711052
1218,12.180000,0.004910,-0.007815,-0.032354,0.999434,157.505920,421.809052,79.710152
1219,12.190000,0.004904,-0.008110,-0.032021,0.999442,157.488388,421.803162,79.706818
1220,12.200000,0.004898,-0.007825,-0.032291,0.999436,157.511887,421.807922,79.710922
1221,12.210000,0.004906,-0.007814,-0.032378,0.999433,157.513138,421.810425,79.710098
1222,12.220000,0.004909,-0.007986,-0.032256,0.999436,157.504501,421.813477,79.704964
1223,12.230000,0.004893,-0.007996,-0.032192,0.999438,157.499939,421.810883,79.702446
1224,12.240000,0.004889,-0.007991,-0.032208,0.999437,157.493393,421.809631,79.701004
1225,12.250000,0.004894,-0.007752,-0.032436,0.999432,157.502640,421.808807,79.706062
1226,12.260000,0.004893,-0.007977,-0.032164,0.999439,157.485245,421.804962,79.704117
1227,12.270000,0.004904,-0.007838,-0.032312,0.999435,157.489883,421.804230,79.708321
1228,12.280000,0.004905,-0.007812,-0.032360,0.999434,157.491165,421.806091,79.710167
1229,12.290000,0.004908,-0.007823,-0.032354,0.999434,157.493088,421.806091,79.708633
1230,12.300000,0.004896,-0.007748,-0.032440,0.999432,157.500351,421.806580,79.709244
1231,12.310000,0.004908,-0.007916,-0.032272,0.999436,157.491745,421.803345,79.703712
1232,12.320000,0.004889,-0.008013,-0.032159,0.999439,157.484467,421.805450,79.698883
1233,12.330000,0.004902,-0.007918,-0.032194,0.999438,157.492950,421.801605,79.697220
1234,12.340000,0.004896,-0.008124,-0.031991,0.999443,157.474075,421.800720,79.699455
1235,12.350000,0.004899,-0.007876,-0.032283,0.999436,157.492126,421.805054,79.702194
1236,12.360000,0.004904,-0.007846,-0.032268,0.999436,157.492432,421.801178,79.706245
1237,12.370000,0.004893,-0.007812,-0.032348,0.999434,157.491104,421.803497,79.707237
1238,12.380000,0.004899,-0.008149,-0.032054,0.999441,157.468292,421.803345,79.701775
1239,12.390000,0.004883,-0.007839,-0.032390,0.999433,157.489532,421.808441,79.702423
1240,12.400000,0.004890,-0.007943,-0.032241,0.999437,157.487854,421.802887,79.700005
1241,12.410000,0.004893,-0.008008,-0.032215,0.999437,157.488541,421.807831,79.695366
1242,12.420000,0.004889,-0.007798,-0.032381,0.999433,157.502640,421.806427,79.696098
1243,12.430000,0.004882,-0.007869,-0.032203,0.999438,157.503983,421.801178,79.694664
1244,12.440000,0.004895,-0.008054,-0.032112,0.999440,157.488892,421.806274,79.692940
1245,12.450000,0.004894,-0.008102,-0.032052,0.999441,157.486267,421.809967,79.695198
1246,12.460000,0.004890,-0.008163,-0.031959,0.999444,157.480164,421.801483,79.696983
1247,12.470000,0.004901,-0.007934,-0.032166,0.999439,157.488525,421.800659,79.702301
1248,12.480000,0.004889,-0.007977,-0.032251,0.999436,157.472397,421.800873,79.703140
1249,12.490000,0.004900,-0.007976,-0.032232,0.999437,157.463348,421.795044,79.693535
1250,12.500000,0.004880,-0.008086,-0.032170,0.999438,157.448639,421.796448,79.693130
1251,12.510000,0.004888,-0.008166,-0.032069,0.999440,157.442368,421.798828,79.687988
1252,12.520000,0.004882,-0.007932,-0.032373,0.999433,157.465256,421.803345,79.700516
1253,12.530000,0.004899,-0.007826,-0.032437,0.999431,157.487091,421.805511,79.699692
1254,12.540000,0.004888,-0.007801,-0.032540,0.999428,157.498779,421.809875,79.704109
1255,12.550000,0.004905,-0.007838,-0.032461,0.999430,157.505859,421.806519,79.699753
1256,12.560000,0.004887,-0.007861,-0.032369,0.999433,157.510498,421.803162,79.696793
1257,12.570000,0.004907,-0.008281,-0.031989,0.999442,157.484207,421.803040,79.684921
1258,12.580000,0.004869,-0.008167,-0.032001,0.999443,157.492096,421.808746,79.687546
1259,12.590000,0.004893,-0.008120,-0.031983,0.999443,157.492432,421.798492,79.689056
1260,12.600000,0.004907,-0.008173,-0.032077,0.999440,157.474426,421.805145,79.692467
1261,12.610000,0.004885,-0.008141,-0.032023,0.999442,157.470642,421.800537,79.689438
1262,12.620000,0.004903,-0.008293,-0.031824,0.999447,157.441711,421.783173,79.689186
1263,12.630000,0.004897,-0.008213,-0.031944,0.999444,157.432861,421.787628,79.689819
1264,12.640000,0.004874,-0.008209,-0.032004,0.999442,157.426178,421.793427,79.687225
1265,12.650000,0.004887,-0.008027,-0.032154,0.999439,157.445755,421.791382,79.688995
1266,12.660000,0.004872,-0.007797,-0.032407,0.999433,157.473755,421.802856,79.693542
1267,12.670000,0.004877,-0.007837,-0.032430,0.999431,157.485535,421.807617,79.690971
1268,12.680000,0.004880,-0.008060,-0.032227,0.999436,157.485657,421.804108,79.688057
1269,12.690000,0.004880,-0.008274,-0.031981,0.999442,157.486908,421.802734,79.682716
1270,12.700000,0.004886,-0.008230,-0.032037,0.999441,157.494507,421.807312,79.683723
1271,12.710000,0.004892,-0.008147,-0.032135,0.999438,157.502426,421.808929,79.682472
1272,12.720000,0.004892,-0.008248,-0.032066,0.999440,157.492310,421.805237,79.681953
1273,12.730000,0.004895,-0.008166,-0.032113,0.999439,157.487411,421.805206,79.678749
1274,12.740000,0.004887,-0.008111,-0.032189,0.999437,157.469391,421.804352,79.679199
1275,12.750000,0.004896,-0.008248,-0.032020,0.999441,157.439102,421.792694,79.678131
1276,12.760000,0.004891,-0.008216,-0.032077,0.999440,157.419159,421.791260,79.681778
1277,12.770000,0.004882,-0.008215,-0.032105,0.999439,157.409912,421.790405,79.683022
1278,12.780000,0.004880,-0.008043,-0.032212,0.999437,157.425720,421.786774,79.690399
1279,12.790000,0.004894,-0.007977,-0.032305,0.999434,157.442108,421.791962,79.691887
1280,12.800000,0.004891,-0.007942,-0.032329,0.999434,157.464523,421.799500,79.688492
1281,12.810000,0.004891,-0.008146,-0.032123,0.999439,157.471252,421.802246,79.679939
1282,12.820000,0.004888,-0.008201,-0.032075,0.999440,157.489838,421.805908,79.676186
1283,12.830000,0.004902,-0.008188,-0.032172,0.999437,157.505310,421.811829,79.675140
1284,12.840000,0.004892,-0.008108,-0.032247,0.999435,157.512955,421.810242,79.677238
1285,12.850000,0.004893,-0.008161,-0.032142,0.999438,157.507507,421.806335,79.677742
1286,12.860000,0.004891,-0.008184,-0.032087,0.999440,157.493271,421.804871,79.679214
1287,12.870000,0.004896,-0.008293,-0.031985,0.999442,157.466080,421.800476,79.681107
1288,12.880000,0.004896,-0.008289,-0.031997,0.999442,157.443115,421.795197,79.682449
1289,12.890000,0.004886,-0.008275,-0.032020,0.999441,157.422852,421.791443,79.682648
1290,12.900000,0.004884,-0.008246,-0.032040,0.999441,157.408691,421.787933,79.682571
1291,12.910000,0.004882,-0.008232,-0.032053,0.999440,157.404068,421.784668,79.680756
1292,12.920000,0.004888,-0.008278,-0.032002,0.999442,157.407196,421.785309,79.677269
1293,12.930000,0.004888,-0.008249,-0.032055,0.999440,157.423752,421.791229,79.676018
1294,12.940000,0.004888,-0.008262,-0.032053,0.999440,157.443787,421.794067,79.673981
1295,12.950000,0.004889,-0.008284,-0.032038,0.999440,157.463303,421.798279,79.673508
1296,12.960000,0.004883,-0.008230,-0.032126,0.999438,157.484283,421.805695,79.671295
1297,12.970000,0.004891,-0.008208,-0.032150,0.999437,157.497147,421.809296,79.672493
1298,12.980000,0.004884,-0.008233,-0.032124,0.999438,157.502136,421.809296,79.673172
1299,12.990000,0.004881,-0.008231,-0.032134,0.999438,157.494904,421.808014,79.674759
1300,13.000000,0.004880,-0.008217,-0.032095,0.999439,157.482681,421.804138,79.675041
1301,13.010000,0.004884,-0.008329,-0.031975,0.999442,157.457886,421.798096,79.675629
1302,13.020000,0.004883,-0.008226,-0.032047,0.999441,157.447281,421.797089,79.676178
1303,13.030000,0.004890,-0.008269,-0.032008,0.999441,157.428741,421.792877,79.679253
1304,13.040000,0.004890,-0.008246,-0.032017,0.999441,157.419403,421.788452,79.679718
1305,13.050000,0.004882,-0.008269,-0.031978,0.999443,157.415543,421.785858,79.678284
1306,13.060000,0.004882,-0.008310,-0.031983,0.999442,157.415329,421.785889,79.674530
1307,13.070000,0.004877,-0.008309,-0.032014,0.999441,157.423553,421.789490,79.672615
1308,13.080000,0.004880,-0.008337,-0.031981,0.999442,157.437866,421.792847,79.670464
1309,13.090000,0.004878,-0.008369,-0.031966,0.999442,157.450409,421.796875,79.670555
1310,13.100000,0.004882,-0.008292,-0.032037,0.999440,157.472733,421.801575,79.670074
1311,13.110000,0.004891,-0.008388,-0.031944,0.999443,157.474564,421.800201,79.672791
1312,13.120000,0.004893,-0.008404,-0.031946,0.999442,157.472229,421.799530,79.672562
1313,13.130000,0.004890,-0.008442,-0.031879,0.999444,157.466278,421.797089,79.671753
1314,13.140000,0.004884,-0.008269,-0.032051,0.999440,157.466156,421.799622,79.671501
1315,13.150000,0.004875,-0.008307,-0.032058,0.999440,157.451157,421.798126,79.673027
1316,13.160000,0.004872,-0.008092,-0.032243,0.999435,157.456085,421.796539,79.676956
1317,13.170000,0.004875,-0.008239,-0.032035,0.999441,157.439941,421.792633,79.673973
1318,13.180000,0.004879,-0.008089,-0.032162,0.999438,157.442413,421.791534,79.677048
1319,13.190000,0.004878,-0.008280,-0.031951,0.999443,157.427750,421.788605,79.673874
1320,13.200000,0.004877,-0.008338,-0.031906,0.999444,157.427567,421.787903,79.671974
1321,13.210000,0.004885,-0.008373,-0.031853,0.999446,157.434998,421.788330,79.671051
1322,13.220000,0.004891,-0.008397,-0.031851,0.999445,157.443451,421.789276,79.669426
1323,13.230000,0.004893,-0.008378,-0.031893,0.999444,157.452393,421.792999,79.669556
1324,13.240000,0.004894,-0.008326,-0.031991,0.999442,157.460464,421.797424,79.668228
1325,13.250000,0.004895,-0.008342,-0.031941,0.999443,157.462189,421.796936,79.667313
1326,13.260000,0.004888,-0.008313,-0.032021,0.999441,157.461075,421.798096,79.667183
1327,13.270000,0.004879,-0.008330,-0.032035,0.999440,157.455963,421.797150,79.667023
1328,13.280000,0.004876,-0.008307,-0.032078,0.999439,157.452850,421.797394,79.668571
1329,13.290000,0.004871,-0.008314,-0.032108,0.999438,157.448837,421.798126,79.669411
1330,13.300000,0.004869,-0.008282,-0.032134,0.999438,157.448853,421.799774,79.669388
1331,13.310000,0.004862,-0.008281,-0.032137,0.999437,157.449020,421.799683,79.669304
1332,13.320000,0.004868,-0.008306,-0.032080,0.999439,157.450180,421.797577,79.667595
1333,13.330000,0.004874,-0.008359,-0.031989,0.999441,157.449722,421.794495,79.664703
1334,13.340000,0.004877,-0.008385,-0.031942,0.999443,157.448975,421.792603,79.662262
1335,13.350000,0.004878,-0.008403,-0.031922,0.999443,157.446121,421.791779,79.661598
1336,13.360000,0.004882,-0.008377,-0.031922,0.999443,157.445267,421.791656,79.662827
1337,13.370000,0.004883,-0.008405,-0.031875,0.999445,157.439911,421.789978,79.664589
1338,13.380000,0.004885,-0.008392,-0.031919,0.999443,157.435043,421.789154,79.666046
1339,13.390000,0.004877,-0.008380,-0.031993,0.999441,157.427902,421.789337,79.666458
1340,13.400000,0.004872,-0.008349,-0.032025,0.999440,157.423920,421.789124,79.666687
1341,13.410000,0.004868,-0.008366,-0.032023,0.999440,157.421341,421.789124,79.666298
1342,13.420000,0.004876,-0.008401,-0.032040,0.999439,157.422028,421.791077,79.664513
1343,13.430000,0.004864,-0.008312,-0.032125,0.999438,157.432770,421.794342,79.667183
1344,13.440000,0.004866,-0.008347,-0.032088,0.999438,157.441132,421.793610,79.664978
1345,13.450000,0.004875,-0.008357,-0.032080,0.999439,157.449677,421.796387,79.664246
1346,13.460000,0.004861,-0.008341,-0.032162,0.999436,157.458908,421.800323,79.662041
1347,13.470000,0.004865,-0.008392,-0.032038,0.999440,157.461807,421.797394,79.659813
1348,13.480000,0.004864,-0.008368,-0.032080,0.999438,157.463608,421.798523,79.660690
1349,13.490000,0.004861,-0.008407,-0.032008,0.999440,157.459702,421.798065,79.658966
1350,13.500000,0.004865,-0.008398,-0.032026,0.999440,157.452866,421.795837,79.661949
1351,13.510000,0.004865,-0.008354,-0.032071,0.999439,157.442749,421.795837,79.661736
1352,13.520000,0.004868,-0.008365,-0.032065,0.999439,157.430923,421.792572,79.663116
1353,13.530000,0.004874,-0.008333,-0.032072,0.999439,157.422775,421.789093,79.664276
1354,13.540000,0.004869,-0.008373,-0.032025,0.999440,157.415741,421.786316,79.662514
1355,13.550000,0.004869,-0.008356,-0.032059,0.999439,157.410294,421.785767,79.662186
1356,13.560000,0.004865,-0.008347,-0.032112,0.999438,157.412827,421.787994,79.660805
1357,13.570000,0.004871,-0.008357,-0.032022,0.999440,157.420792,421.787598,79.660027
1358,13.580000,0.004872,-0.008355,-0.032014,0.999441,157.431503,421.789612,79.659996
1359,13.590000,0.004880,-0.008395,-0.031916,0.999443,157.441925,421.790009,79.658623
1360,13.600000,0.004875,-0.008428,-0.031866,0.999445,157.449768,421.789673,79.658379
1361,13.610000,0.004886,-0.008425,-0.031861,0.999445,157.459167,421.791290,79.657684
1362,13.620000,0.004891,-0.008287,-0.031965,0.999443,157.472031,421.794708,79.655716
1363,13.630000,0.004895,-0.008390,-0.031832,0.999446,157.467468,421.791534,79.654938
1364,13.640000,0.004890,-0.008403,-0.031821,0.999446,157.465057,421.791748,79.653809
1365,13.650000,0.004873,-0.008321,-0.032000,0.999441,157.459229,421.795197,79.654007
1366,13.660000,0.004870,-0.008312,-0.032056,0.999440,157.449982,421.792938,79.652313
1367,13.670000,0.004868,-0.008354,-0.032003,0.999441,157.439865,421.789459,79.650841
1368,13.680000,0.004867,-0.008394,-0.031983,0.999441,157.428574,421.787659,79.650719
1369,13.690000,0.004868,-0.008373,-0.032013,0.999441,157.424881,421.787842,79.651932
1370,13.700000,0.004873,-0.008423,-0.031997,0.999441,157.420639,421.787018,79.652603
1371,13.710000,0.004879,-0.008434,-0.031942,0.999442,157.422134,421.786285,79.652946
1372,13.720000,0.004882,-0.008417,-0.031956,0.999442,157.427231,421.787201,79.653763
1373,13.730000,0.004881,-0.008428,-0.031911,0.999443,157.433487,421.787598,79.653130
1374,13.740000,0.004878,-0.008389,-0.032037,0.999440,157.439819,421.791901,79.653870
1375,13.750000,0.004878,-0.008407,-0.031979,0.999441,157.444229,421.792175,79.654724
1376,13.760000,0.004877,-0.008424,-0.031968,0.999442,157.446152,421.793335,79.655380
1377,13.770000,0.004879,-0.008409,-0.032003,0.999441,157.448090,421.794098,79.656601
1378,13.780000,0.004875,-0.008370,-0.032053,0.999439,157.448349,421.795410,79.657074
1379,13.790000,0.004880,-0.008373,-0.032050,0.999439,157.443939,421.794556,79.655602
1380,13.800000,0.004864,-0.008346,-0.032090,0.999438,157.442398,421.795624,79.656448
1381,13.810000,0.004869,-0.008352,-0.032068,0.999439,157.441010,421.794220,79.656242
1382,13.820000,0.004863,-0.008365,-0.032030,0.999440,157.436691,421.791687,79.655533
1383,13.830000,0.004865,-0.008387,-0.031992,0.999441,157.434341,421.789917,79.653900
1384,13.840000,0.004868,-0.008445,-0.031932,0.999443,157.428879,421.789032,79.651230
1385,13.850000,0.004869,-0.008453,-0.031911,0.999443,157.429092,421.788544,79.649773
1386,13.860000,0.004873,-0.008461,-0.031916,0.999443,157.429520,421.788483,79.649345
1387,13.870000,0.004877,-0.008460,-0.031894,0.999444,157.431137,421.787201,79.649788
1388,13.880000,0.004876,-0.008441,-0.031883,0.999444,157.432434,421.786224,79.650795
1389,13.890000,0.004875,-0.008444,-0.031899,0.999444,157.429199,421.786285,79.650383
1390,13.900000,0.004876,-0.008426,-0.031941,0.999442,157.427032,421.787445,79.651314
1391,13.910000,0.004878,-0.008460,-0.031906,0.999443,157.426392,421.787689,79.652100
1392,13.920000,0.004869,-0.008442,-0.031925,0.999443,157.429276,421.787781,79.653564
1393,13.930000,0.004871,-0.008427,-0.031930,0.999443,157.432999,421.788452,79.653717
1394,13.940000,0.004875,-0.008468,-0.031852,0.999445,157.435272,421.787506,79.653358
1395,13.950000,0.004872,-0.008440,-0.031894,0.999444,157.439102,421.789459,79.652451
1396,13.960000,0.004867,-0.008434,-0.031892,0.999444,157.444855,421.790253,79.651848
1397,13.970000,0.004869,-0.008467,-0.031893,0.999444,157.443359,421.790771,79.649490
1398,13.980000,0.004863,-0.008465,-0.031902,0.999443,157.444656,421.791443,79.647842
1399,13.990000,0.004864,-0.008481,-0.031887,0.999444,157.443527,421.790771,79.646179
1400,14.000000,0.004869,-0.008492,-0.031853,0.999445,157.440598,421.789795,79.645729
1401,14.010000,0.004867,-0.008490,-0.031842,0.999445,157.437943,421.788147,79.646332
1402,14.020000,0.004872,-0.008485,-0.031885,0.999444,157.430099,421.786621,79.646812
1403,14.030000,0.004868,-0.008512,-0.031828,0.999445,157.424713,421.784424,79.647095
1404,14.040000,0.004872,-0.008512,-0.031871,0.999444,157.418106,421.783844,79.646881
1405,14.050000,0.004874,-0.008556,-0.031768,0.999447,157.414551,421.780518,79.645836
1406,14.060000,0.004873,-0.008483,-0.031861,0.999445,157.414673,421.781525,79.645943
1407,14.070000,0.004871,-0.008484,-0.031852,0.999445,157.416153,421.782593,79.645355
1408,14.080000,0.004873,-0.008468,-0.031867,0.999444,157.419937,421.783417,79.646599
1409,14.090000,0.004877,-0.008458,-0.031880,0.999444,157.424026,421.783264,79.647568
1410,14.100000,0.004876,-0.008483,-0.031911,0.999443,157.425278,421.784821,79.647713
1411,14.110000,0.004875,-0.008477,-0.031898,0.999443,157.431335,421.785339,79.647850
1412,14.120000,0.004880,-0.008476,-0.031850,0.999445,157.434555,421.784607,79.647118
1413,14.130000,0.004872,-0.008479,-0.031916,0.999443,157.434753,421.787598,79.646461
1414,14.140000,0.004875,-0.008445,-0.031947,0.999442,157.437531,421.788788,79.646065
1415,14.150000,0.004862,-0.008422,-0.032002,0.999441,157.438202,421.789490,79.646103
1416,14.160000,0.004869,-0.008469,-0.031959,0.999441,157.433197,421.787689,79.644920
1417,14.170000,0.004870,-0.008473,-0.031987,0.999440,157.429535,421.788300,79.643501
1418,14.180000,0.004860,-0.008483,-0.031972,0.999441,157.426010,421.787292,79.641815
1419,14.190000,0.004853,-0.008474,-0.031948,0.999442,157.421936,421.785706,79.641182
1420,14.200000,0.004861,-0.008436,-0.031991,0.999441,157.422531,421.786041,79.642159
1421,14.210000,0.004860,-0.008440,-0.031975,0.999441,157.423752,421.785461,79.641830
1422,14.220000,0.004859,-0.008469,-0.031937,0.999442,157.421646,421.784424,79.641510
1423,14.230000,0.004854,-0.008517,-0.031870,0.999444,157.420776,421.784882,79.641312
1424,14.240000,0.004859,-0.008513,-0.031856,0.999444,157.422775,421.785278,79.642899
1425,14.250000,0.004860,-0.008520,-0.031834,0.999445,157.423508,421.783997,79.644012
1426,14.260000,0.004862,-0.008521,-0.031829,0.999445,157.425598,421.783875,79.645813
1427,14.270000,0.004866,-0.008455,-0.031935,0.999442,157.430984,421.786102,79.647202
1428,14.280000,0.004861,-0.008426,-0.031972,0.999441,157.432632,421.787659,79.647270
1429,14.290000,0.004864,-0.008443,-0.031950,0.999442,157.433456,421.788483,79.645271
1430,14.300000,0.004861,-0.008458,-0.031951,0.999442,157.433319,421.788818,79.643799
1431,14.310000,0.004858,-0.008429,-0.032009,0.999440,157.435043,421.790253,79.643394
1432,14.320000,0.004857,-0.008477,-0.031939,0.999442,157.433853,421.788269,79.641861
1433,14.330000,0.004854,-0.008466,-0.031948,0.999442,157.435379,421.787994,79.640541
1434,14.340000,0.004857,-0.008444,-0.031943,0.999442,157.437576,421.787811,79.640251
1435,14.350000,0.004861,-0.008511,-0.031866,0.999444,157.433365,421.784973,79.638680
1436,14.360000,0.004862,-0.008505,-0.031885,0.999444,157.430939,421.784729,79.637291
1437,14.370000,0.004864,-0.008508,-0.031885,0.999444,157.426895,421.784088,79.637268
1438,14.380000,0.004861,-0.008469,-0.031915,0.999443,157.425552,421.783783,79.637085
1439,14.390000,0.004859,-0.008475,-0.031899,0.999443,157.421738,421.782745,79.637367
1440,14.400000,0.004861,-0.008502,-0.031811,0.999446,157.417725,421.779999,79.639030
1441,14.410000,0.004872,-0.008521,-0.031811,0.999446,157.412796,421.778748,79.639412
1442,14.420000,0.004869,-0.008472,-0.031890,0.999444,157.412643,421.780243,79.640892
1443,14.430000,0.004869,-0.008427,-0.031985,0.999441,157.414886,421.782440,79.641151
1444,14.440000,0.004859,-0.008464,-0.031922,0.999443,157.416733,421.781525,79.640160
1445,14.450000,0.004869,-0.008506,-0.031907,0.999443,157.419373,421.782990,79.639275
1446,14.460000,0.004860,-0.008479,-0.031983,0.999441,157.425919,421.785797,79.638893
1447,14.470000,0.004859,-0.008476,-0.031964,0.999441,157.431671,421.785828,79.637825
1448,14.480000,0.004853,-0.008463,-0.031988,0.999441,157.436020,421.787598,79.637733
1449,14.490000,0.004856,-0.008470,-0.032003,0.999440,157.437500,421.788177,79.636993
1450,14.500000,0.004863,-0.008464,-0.032009,0.999440,157.436707,421.788666,79.637077
1451,14.510000,0.004865,-0.008490,-0.031977,0.999441,157.433090,421.787659,79.636574
1452,14.520000,0.004864,-0.008480,-0.032000,0.999440,157.427643,421.787384,79.636848
1453,14.530000,0.004858,-0.008481,-0.031994,0.999440,157.421539,421.785248,79.637054
1454,14.540000,0.004862,-0.008492,-0.031977,0.999441,157.414520,421.783173,79.636948
1455,14.550000,0.004858,-0.008510,-0.031925,0.999442,157.409500,421.780670,79.637489
1456,14.560000,0.004871,-0.008523,-0.031922,0.999442,157.406494,421.779083,79.636734
1457,14.570000,0.004859,-0.008506,-0.031922,0.999442,157.403625,421.778015,79.637321
1458,14.580000,0.004870,-0.008519,-0.031914,0.999443,157.404816,421.778137,79.637062
1459,14.590000,0.004868,-0.008470,-0.031970,0.999441,157.410217,421.779510,79.637810
1460,14.600000,0.004866,-0.008498,-0.031933,0.999442,157.413513,421.779297,79.637009
1461,14.610000,0.004869,-0.008509,-0.031928,0.999442,157.417618,421.781189,79.636803
1462,14.620000,0.004865,-0.008489,-0.031946,0.999442,157.425034,421.783478,79.637337
1463,14.630000,0.004870,-0.008521,-0.031928,0.999442,157.428207,421.784088,79.636169
1464,14.640000,0.004867,-0.008533,-0.031915,0.999442,157.429276,421.784149,79.635086
1465,14.650000,0.004866,-0.008483,-0.031974,0.999441,157.432388,421.784882,79.634056
1466,14.660000,0.004869,-0.008516,-0.031938,0.999442,157.428848,421.783813,79.632584
1467,14.670000,0.004865,-0.008507,-0.031943,0.999442,157.425537,421.784210,79.632072
1468,14.680000,0.004872,-0.008487,-0.031991,0.999440,157.421783,421.783997,79.631866
1469,14.690000,0.004866,-0.008493,-0.031948,0.999442,157.416641,421.781891,79.632286
1470,14.700000,0.004868,-0.008480,-0.031943,0.999442,157.413147,421.779968,79.631958
1471,14.710000,0.004858,-0.008502,-0.031915,0.999443,157.406342,421.777771,79.630730
1472,14.720000,0.004862,-0.008524,-0.031898,0.999443,157.405121,421.778687,79.630417
1473,14.730000,0.004861,-0.008516,-0.031892,0.999443,157.406296,421.779510,79.631104
1474,14.740000,0.004862,-0.008519,-0.031921,0.999442,157.406281,421.779755,79.631813
1475,14.750000,0.004864,-0.008545,-0.031894,0.999443,157.412354,421.780548,79.632759
1476,14.760000,0.004866,-0.008529,-0.031904,0.999443,157.417770,421.781830,79.633339
1477,14.770000,0.004867,-0.008521,-0.031916,0.999442,157.422638,421.782898,79.633331
1478,14.780000,0.004867,-0.008513,-0.031917,0.999443,157.426987,421.783844,79.633644
1479,14.790000,0.004865,-0.008495,-0.031949,0.999442,157.429779,421.784668,79.633087
1480,14.800000,0.004861,-0.008520,-0.031915,0.999443,157.428925,421.784271,79.631744
1481,14.810000,0.004859,-0.008523,-0.031935,0.999442,157.427292,421.785339,79.631386
1482,14.820000,0.004852,-0.008496,-0.031972,0.999441,157.426071,421.786346,79.631981
1483,14.830000,0.004853,-0.008507,-0.031913,0.999443,157.422607,421.784058,79.632500
1484,14.840000,0.004861,-0.008520,-0.031905,0.999443,157.417999,421.782349,79.632759
1485,14.850000,0.004858,-0.008533,-0.031887,0.999443,157.414169,421.780487,79.632187
1486,14.860000,0.004860,-0.008538,-0.031908,0.999443,157.410828,421.779602,79.630783
1487,14.870000,0.004856,-0.008520,-0.031899,0.999443,157.410294,421.779053,79.629585
1488,14.880000,0.004857,-0.008534,-0.031912,0.999443,157.409592,421.780945,79.628502
1489,14.890000,0.004857,-0.008563,-0.031876,0.999443,157.409348,421.780548,79.627556
1490,14.900000,0.004855,-0.008554,-0.031874,0.999444,157.411789,421.781403,79.627823
1491,14.910000,0.004858,-0.008516,-0.031919,0.999442,157.416885,421.782196,79.628807
1492,14.920000,0.004855,-0.008508,-0.031959,0.999441,157.419724,421.783081,79.630310
1493,14.930000,0.004857,-0.008549,-0.031913,0.999442,157.417267,421.781677,79.629539
1494,14.940000,0.004854,-0.008526,-0.031933,0.999442,157.420746,421.783173,79.630348
1495,14.950000,0.004860,-0.008542,-0.031942,0.999441,157.421402,421.783752,79.629547
1496,14.960000,0.004859,-0.008527,-0.031930,0.999442,157.422699,421.784515,79.629959
1497,14.970000,0.004860,-0.008520,-0.031948,0.999441,157.422119,421.784698,79.630478
1498,14.980000,0.004856,-0.008486,-0.031964,0.999441,157.422821,421.783264,79.631523
1499,14.990000,0.004859,-0.008503,-0.031931,0.999442,157.419174,421.780701,79.632034
1500,15.000000,0.004857,-0.008502,-0.031935,0.999442,157.416824,421.780548,79.631294
