Format Version,1.24,Take Name,Push_270_deg_006,Take Notes,,Capture Frame Rate,100.000000,Export Frame Rate,100.000000,Capture Start Time,2025-02-03 04.00.17.300 午前,Capture Start Frame,5913309,Total Frames in Take,1501,Total Exported Frames,1501,Rotation Type,Quaternion,Length Units,Millimeters,Coordinate Space,Local

,Type,Rigid Body,Rigid Body,Rigid Body,Rigid Body,Rigid Body,Rigid Body,Rigid Body
,Name,Rigid Body 002,Rigid Body 002,Rigid Body 002,Rigid Body 002,Rigid Body 002,Rigid Body 002,Rigid Body 002
,ID,7081C4A4E11211EF3C28FEC2583C42A9,7081C4A4E11211EF3C28FEC2583C42A9,7081C4A4E11211EF3C28FEC2583C42A9,7081C4A4E11211EF3C28FEC2583C42A9,7081C4A4E11211EF3C28FEC2583C42A9,7081C4A4E11211EF3C28FEC2583C42A9,7081C4A4E11211EF3C28FEC2583C42A9
,,Rotation,Rotation,Rotation,Rotation,Position,Position,Position
Frame,Time (Seconds),X,Y,Z,W,X,Y,Z
0,0.000000,0.004326,-0.039852,0.024123,0.998905,164.596359,421.394592,112.609428
1,0.010000,0.004294,-0.039810,0.024231,0.998904,164.537750,421.390717,112.611206
2,0.020000,0.004291,-0.039910,0.024443,0.998895,164.473602,421.378998,112.615479
3,0.030000,0.004319,-0.039801,0.024455,0.998899,164.419632,421.363495,112.620636
4,0.040000,0.004329,-0.039786,0.024463,0.998899,164.359451,421.360199,112.624344
5,0.050000,0.004361,-0.039756,0.024427,0.998901,164.302689,421.361542,112.636406
6,0.060000,0.004398,-0.039905,0.024704,0.998888,164.225128,421.359528,112.644646
7,0.070000,0.004394,-0.040014,0.024884,0.998880,164.141663,421.355255,112.643936
8,0.080000,0.004409,-0.040050,0.025152,0.998871,164.047668,421.338806,112.646576
9,0.090000,0.004571,-0.039937,0.025438,0.998868,163.956635,421.306122,112.645668
10,0.100000,0.004484,-0.040975,0.026556,0.998797,163.798981,421.280975,112.616219
11,0.110000,0.004491,-0.041038,0.026738,0.998790,163.713898,421.276398,112.612564
12,0.120000,0.004423,-0.040840,0.026432,0.998806,163.634674,421.282379,112.620621
13,0.130000,0.004385,-0.040816,0.026459,0.998807,163.547958,421.282898,112.617004
14,0.140000,0.004514,-0.040076,0.024684,0.998882,163.455811,421.286987,112.618607
15,0.150000,0.004500,-0.040180,0.025056,0.998868,163.369171,421.281982,112.616989
16,0.160000,0.004502,-0.040349,0.025577,0.998848,163.254074,421.269775,112.614334
17,0.170000,0.004515,-0.040518,0.025867,0.998834,163.143097,421.269226,112.610245
18,0.180000,0.004458,-0.040663,0.025992,0.998825,162.996887,421.270844,112.615334
19,0.190000,0.004483,-0.040528,0.026109,0.998827,162.870407,421.258911,112.631691
20,0.200000,0.004490,-0.040502,0.026247,0.998825,162.742950,421.243652,112.651627
21,0.210000,0.004590,-0.040530,0.026591,0.998814,162.610748,421.209534,112.671478
22,0.220000,,,,,,,
23,0.230000,0.004592,-0.041748,0.028346,0.998715,162.267548,421.179901,112.689308
24,0.240000,0.004742,-0.041461,0.028358,0.998726,162.178253,421.154663,112.690880
25,0.250000,0.004696,-0.041202,0.028002,0.998747,162.075134,421.154510,112.693741
26,0.260000,0.004680,-0.041078,0.028105,0.998750,161.965729,421.155609,112.687416
27,0.270000,0.004652,-0.040911,0.028033,0.998759,161.867752,421.159943,112.677223
28,0.280000,0.004596,-0.041010,0.028198,0.998750,161.761642,421.170135,112.657097
29,0.290000,0.004477,-0.041070,0.028111,0.998751,161.659256,421.184326,112.630997
30,0.300000,0.004382,-0.041045,0.028168,0.998751,161.561768,421.189819,112.605598
31,0.310000,0.004356,-0.040811,0.027606,0.998776,161.460632,421.197479,112.589882
32,0.320000,0.004209,-0.041212,0.028557,0.998733,161.320816,421.201019,112.583603
33,0.330000,0.004253,-0.041334,0.028359,0.998734,161.191635,421.196869,112.574783
34,0.340000,0.004260,-0.041285,0.028411,0.998734,161.091660,421.193756,112.580467
35,0.350000,0.004254,-0.041332,0.028612,0.998727,160.983261,421.187897,112.588585
36,0.360000,0.004247,-0.041506,0.028926,0.998711,160.869156,421.181671,112.591576
37,0.370000,0.004197,-0.041536,0.029112,0.998704,160.748917,421.176941,112.587646
38,0.380000,0.004154,-0.041455,0.029158,0.998706,160.637802,421.169830,112.593941
39,0.390000,,,,,,,
40,0.400000,0.004167,-0.042460,0.030619,0.998620,160.350830,421.159393,112.598251
41,0.410000,0.004138,-0.042533,0.030765,0.998613,160.254486,421.159027,112.592163
42,0.420000,0.004128,-0.042216,0.030052,0.998648,160.156281,421.166351,112.592804
43,0.430000,0.004102,-0.042202,0.030113,0.998647,160.059326,421.166412,112.586433
44,0.440000,0.004051,-0.042189,0.030250,0.998643,159.962708,421.168121,112.576408
45,0.450000,,,,,,,
46,0.460000,0.004076,-0.042107,0.030765,0.998631,159.772736,421.161224,112.549759
47,0.470000,0.004090,-0.042090,0.030789,0.998631,159.668243,421.165314,112.538696
48,0.480000,,,,,,,
49,0.490000,0.004030,-0.041886,0.030676,0.998643,159.402344,421.167999,112.522003
50,0.500000,0.004011,-0.041857,0.030827,0.998640,159.258682,421.165466,112.517021
51,0.510000,0.003972,-0.041994,0.031078,0.998626,159.098663,421.161255,112.511887
52,0.520000,,,,,,,
53,0.530000,0.003855,-0.043289,0.032603,0.998523,158.698654,421.149780,112.490700
54,0.540000,0.003818,-0.043218,0.032866,0.998518,158.508759,421.143951,112.496017
55,0.550000,0.003734,-0.043381,0.033443,0.998492,158.302872,421.133270,112.491074
56,0.560000,,,,,,,
57,0.570000,0.006411,-0.031053,0.006189,0.999478,157.929199,421.175903,112.578232
58,0.580000,0.006830,-0.028614,0.002364,0.999564,157.738998,421.164948,112.591980
59,0.590000,,,,,,,
60,0.600000,0.006861,-0.028711,0.002056,0.999562,157.200684,421.157867,112.576530
61,0.610000,0.006778,-0.028821,0.002476,0.999559,156.956680,421.158325,112.565331
62,0.620000,0.006788,-0.028577,0.002314,0.999566,156.712326,421.152924,112.556747
63,0.630000,0.006711,-0.028556,0.001990,0.999568,156.464386,421.156494,112.548492
64,0.640000,0.006777,-0.028721,0.002187,0.999562,156.239075,421.144745,112.554703
65,0.650000,,,,,,,
66,0.660000,0.006677,-0.027996,0.001704,0.999584,155.819870,421.129089,112.554939
67,0.670000,0.006708,-0.028164,0.002087,0.999579,155.614166,421.113678,112.543701
68,0.680000,0.006676,-0.028058,0.001827,0.999582,155.432632,421.137024,112.534073
69,0.690000,,,,,,,
70,0.700000,0.006577,-0.028176,0.001811,0.999580,155.039108,421.152435,112.498322
71,0.710000,,,,,,,
72,0.720000,0.006621,-0.028064,0.001266,0.999583,154.664078,421.163239,112.461349
73,0.730000,,,,,,,
74,0.740000,0.006542,-0.027575,0.000933,0.999598,154.302322,421.158081,112.426651
75,0.750000,0.006580,-0.027488,0.000938,0.999600,154.118484,421.151184,112.415390
76,0.760000,,,,,,,
77,0.770000,0.006568,-0.027847,0.001307,0.999590,153.735519,421.131714,112.402229
78,0.780000,0.006685,-0.027576,0.001311,0.999597,153.598434,421.110382,112.399391
79,0.790000,,,,,,,
80,0.800000,0.006669,-0.027432,0.001100,0.999601,153.299026,421.108276,112.396561
81,0.810000,0.006705,-0.027566,0.000928,0.999597,153.134979,421.119141,112.397926
82,0.820000,,,,,,,
83,0.830000,0.006461,-0.027758,0.001113,0.999593,152.754410,421.130707,112.366638
84,0.840000,0.006208,-0.025097,-0.000761,0.999666,152.619049,421.163574,112.332596
85,0.850000,,,,,,,
86,0.860000,0.005612,-0.020995,-0.003091,0.999759,152.253021,421.210358,112.253563
87,0.870000,,,,,,,
88,0.880000,0.005572,-0.020251,-0.003810,0.999772,151.864731,421.225922,112.240173
89,0.890000,0.005607,-0.020323,-0.003870,0.999770,151.696320,421.223358,112.250549
90,0.900000,0.005677,-0.020456,-0.003918,0.999767,151.536682,421.218536,112.257492
91,0.910000,0.005764,-0.020271,-0.003956,0.999770,151.384766,421.198120,112.259918
92,0.920000,0.005766,-0.020065,-0.003944,0.999774,151.206390,421.177582,112.260124
93,0.930000,0.005814,-0.020128,-0.003778,0.999773,151.007492,421.165680,112.268951
94,0.940000,0.005756,-0.020399,-0.003939,0.999768,150.818619,421.167145,112.271988
95,0.950000,0.005694,-0.020770,-0.003517,0.999762,150.631088,421.163513,112.275688
96,0.960000,0.005683,-0.020766,-0.003514,0.999762,150.496750,421.159729,112.273819
97,0.970000,0.005705,-0.020124,-0.004139,0.999773,150.407043,421.157074,112.267746
98,0.980000,0.005679,-0.020234,-0.003975,0.999771,150.281601,421.162231,112.250717
99,0.990000,0.005595,-0.020984,-0.003117,0.999759,150.124222,421.162048,112.227188
100,1.000000,0.005596,-0.020887,-0.003061,0.999762,150.019592,421.172424,112.213966
101,1.010000,0.005635,-0.020801,-0.003077,0.999763,149.927979,421.181488,112.201546
102,1.020000,0.005668,-0.020907,-0.003158,0.999760,149.850021,421.186554,112.185341
103,1.030000,0.005575,-0.020764,-0.003362,0.999763,149.766785,421.185211,112.172859
104,1.040000,0.005443,-0.020511,-0.003699,0.999768,149.666321,421.194489,112.169113
105,1.050000,0.005433,-0.020451,-0.003743,0.999769,149.603043,421.191376,112.169563
106,1.060000,0.005455,-0.020427,-0.003757,0.999769,149.550690,421.184448,112.175949
107,1.070000,0.005473,-0.020375,-0.003796,0.999770,149.507568,421.178406,112.183411
108,1.080000,0.005533,-0.020093,-0.004272,0.999774,149.471603,421.174255,112.192909
109,1.090000,0.005542,-0.019974,-0.004413,0.999775,149.441650,421.172333,112.197388
110,1.100000,0.005526,-0.019954,-0.004430,0.999776,149.414551,421.173248,112.192642
111,1.110000,0.005493,-0.019995,-0.004403,0.999775,149.395676,421.178925,112.178276
112,1.120000,0.005470,-0.020086,-0.004409,0.999774,149.375763,421.187927,112.161461
113,1.130000,0.005449,-0.020087,-0.004499,0.999773,149.361633,421.199585,112.148239
114,1.140000,0.005462,-0.019917,-0.004714,0.999776,149.344025,421.209839,112.141121
115,1.150000,0.005468,-0.019879,-0.004759,0.999776,149.317825,421.212921,112.138802
116,1.160000,0.005471,-0.019773,-0.004830,0.999778,149.290466,421.211273,112.141617
117,1.170000,0.005481,-0.019783,-0.004794,0.999778,149.260864,421.208099,112.148811
118,1.180000,0.005520,-0.019831,-0.004779,0.999777,149.226578,421.206635,112.159943
119,1.190000,0.005654,-0.019738,-0.004333,0.999780,149.223312,421.186096,112.158638
120,1.200000,0.005614,-0.019638,-0.004336,0.999782,149.175140,421.186829,112.148834
121,1.210000,0.005594,-0.019737,-0.004282,0.999780,149.122818,421.185822,112.133774
122,1.220000,0.005536,-0.019871,-0.004117,0.999779,149.073929,421.186401,112.106560
123,1.230000,0.005526,-0.019890,-0.004145,0.999778,149.020798,421.191437,112.083107
124,1.240000,0.005481,-0.019801,-0.004287,0.999780,148.970901,421.197479,112.063217
125,1.250000,0.005479,-0.019677,-0.004408,0.999782,148.915283,421.196991,112.052933
126,1.260000,0.005517,-0.019598,-0.004332,0.999783,148.848450,421.194916,112.052956
127,1.270000,0.005489,-0.020440,-0.003416,0.999770,148.729050,421.191406,112.047897
128,1.280000,0.005474,-0.020484,-0.003378,0.999770,148.664001,421.191895,112.046715
129,1.290000,0.005507,-0.020705,-0.002974,0.999766,148.573135,421.187042,112.049904
130,1.300000,0.005523,-0.020682,-0.003014,0.999766,148.493027,421.183899,112.048973
131,1.310000,0.005436,-0.020733,-0.003358,0.999765,148.392654,421.189178,112.046013
132,1.320000,0.005419,-0.020739,-0.003358,0.999765,148.308990,421.183289,112.039215
133,1.330000,0.005405,-0.020770,-0.003286,0.999764,148.239624,421.178284,112.031807
134,1.340000,0.005434,-0.020800,-0.003324,0.999763,148.185501,421.183716,112.028641
135,1.350000,0.005437,-0.020801,-0.003317,0.999763,148.142654,421.189362,112.029465
136,1.360000,0.005439,-0.020785,-0.003361,0.999764,148.108444,421.193237,112.033722
137,1.370000,0.005445,-0.020797,-0.003395,0.999763,148.078705,421.194702,112.037186
138,1.380000,0.005440,-0.020869,-0.003373,0.999762,148.051163,421.198303,112.035591
139,1.390000,0.005410,-0.020873,-0.003439,0.999762,148.023361,421.207062,112.028687
140,1.400000,0.005395,-0.020805,-0.003588,0.999763,147.990753,421.214111,112.020950
141,1.410000,0.005400,-0.020586,-0.003649,0.999767,147.939621,421.220184,112.011383
142,1.420000,0.005396,-0.020450,-0.003730,0.999769,147.891449,421.219849,112.004356
143,1.430000,0.005429,-0.020329,-0.003945,0.999771,147.844330,421.213226,112.001190
144,1.440000,0.005536,-0.019804,-0.004341,0.999779,147.820053,421.196899,112.002251
145,1.450000,0.005420,-0.019646,-0.004720,0.999781,147.754883,421.199371,112.010040
146,1.460000,0.005423,-0.019804,-0.004471,0.999779,147.696487,421.197876,112.017479
147,1.470000,0.005511,-0.019865,-0.004354,0.999778,147.660110,421.196594,112.036888
148,1.480000,0.005496,-0.019724,-0.004369,0.999781,147.625977,421.191589,112.050926
149,1.490000,0.005483,-0.020015,-0.004034,0.999777,147.569122,421.182617,112.053802
150,1.500000,0.005491,-0.020102,-0.003969,0.999775,147.536911,421.180634,112.050270
151,1.510000,0.005482,-0.020134,-0.003976,0.999774,147.507874,421.186127,112.040947
152,1.520000,0.005461,-0.019833,-0.004302,0.999779,147.503418,421.194702,112.032661
153,1.530000,0.005434,-0.019779,-0.004420,0.999780,147.483276,421.202728,112.022247
154,1.540000,0.005420,-0.019728,-0.004487,0.999781,147.465927,421.207489,112.016953
155,1.550000,0.005383,-0.019818,-0.004169,0.999780,147.417404,421.203552,112.015495
156,1.560000,0.005438,-0.019911,-0.004288,0.999778,147.413239,421.198730,112.025703
157,1.570000,0.005427,-0.019797,-0.004196,0.999780,147.381134,421.193817,112.027962
158,1.580000,0.005442,-0.019847,-0.004101,0.999780,147.349976,421.187286,112.032639
159,1.590000,0.005456,-0.019899,-0.004001,0.999779,147.318115,421.179657,112.038185
160,1.600000,0.005468,-0.019957,-0.003911,0.999778,147.281555,421.174225,112.040512
161,1.610000,0.005417,-0.020576,-0.003433,0.999768,147.202042,421.172699,112.038429
162,1.620000,0.005428,-0.020561,-0.003494,0.999768,147.159912,421.171204,112.037819
163,1.630000,0.005407,-0.020652,-0.003439,0.999766,147.108963,421.172699,112.030205
164,1.640000,0.005374,-0.020715,-0.003451,0.999765,147.055069,421.179016,112.020218
165,1.650000,0.005341,-0.020800,-0.003421,0.999764,146.998657,421.185669,112.010109
166,1.660000,0.005294,-0.020803,-0.003415,0.999764,146.940903,421.189148,112.001740
167,1.670000,0.005416,-0.020572,-0.003292,0.999768,146.893982,421.176208,111.989212
168,1.680000,0.005358,-0.020480,-0.003314,0.999770,146.821671,421.173920,111.974419
169,1.690000,0.005337,-0.020496,-0.003313,0.999770,146.737625,421.170837,111.961838
170,1.700000,0.005391,-0.020435,-0.003544,0.999770,146.656525,421.171356,111.955963
171,1.710000,0.005378,-0.020400,-0.003367,0.999772,146.539948,421.166321,111.942131
172,1.720000,0.005358,-0.020301,-0.003258,0.999774,146.417084,421.163391,111.933754
173,1.730000,0.005368,-0.020220,-0.003363,0.999775,146.324692,421.158508,111.933723
174,1.740000,0.005380,-0.020393,-0.003520,0.999771,146.217972,421.158905,111.943451
175,1.750000,0.005306,-0.020585,-0.003750,0.999767,146.090576,421.162109,111.951355
176,1.760000,0.005311,-0.020459,-0.003909,0.999769,145.986298,421.156311,111.953819
177,1.770000,0.005327,-0.020179,-0.004084,0.999774,145.867447,421.150391,111.958908
178,1.780000,0.005384,-0.019526,-0.004642,0.999784,145.762238,421.136719,111.951477
179,1.790000,0.005387,-0.019436,-0.004738,0.999785,145.645538,421.129059,111.940643
180,1.800000,0.005380,-0.019761,-0.004368,0.999781,145.506668,421.126282,111.930054
181,1.810000,0.005699,-0.022576,-0.002686,0.999725,145.408020,421.090057,111.948952
182,1.820000,0.005839,-0.023855,-0.001894,0.999697,145.286453,421.076263,111.954781
183,1.830000,0.005797,-0.024627,-0.001186,0.999679,145.117477,421.070282,111.937653
184,1.840000,0.005799,-0.024502,-0.001037,0.999682,144.981293,421.070557,111.933975
185,1.850000,0.005935,-0.024285,-0.000815,0.999687,144.883362,421.051666,111.928650
186,1.860000,0.005980,-0.024081,-0.000995,0.999692,144.771683,421.047485,111.933083
187,1.870000,0.005973,-0.024004,-0.001217,0.999693,144.654007,421.047852,111.935509
188,1.880000,0.005924,-0.024208,-0.001103,0.999689,144.508041,421.048035,111.937256
189,1.890000,0.005914,-0.024280,-0.001110,0.999687,144.385193,421.043304,111.930077
190,1.900000,0.005843,-0.024222,-0.001015,0.999689,144.250656,421.039612,111.914284
191,1.910000,0.005687,-0.024079,-0.001474,0.999693,144.105576,421.052216,111.898376
192,1.920000,0.005648,-0.023884,-0.001817,0.999697,144.013657,421.059204,111.881638
193,1.930000,0.005631,-0.023831,-0.002076,0.999698,143.931976,421.070129,111.862480
194,1.940000,0.005665,-0.023562,-0.002659,0.999703,143.856903,421.081482,111.849220
195,1.950000,0.005632,-0.024050,-0.002139,0.999693,143.731995,421.091492,111.837379
196,1.960000,0.005558,-0.024162,-0.001683,0.999691,143.631012,421.095917,111.820671
197,1.970000,0.005543,-0.024347,-0.001594,0.999687,143.529068,421.102814,111.804306
198,1.980000,0.005541,-0.024490,-0.001590,0.999683,143.433060,421.111542,111.791840
199,1.990000,0.005545,-0.024489,-0.001685,0.999683,143.359451,421.125641,111.777809
200,2.000000,0.005518,-0.024606,-0.001867,0.999680,143.302811,421.130249,111.769035
201,2.010000,0.005492,-0.024591,-0.001809,0.999681,143.255402,421.130005,111.758286
202,2.020000,0.005512,-0.024478,-0.001857,0.999683,143.259949,421.129089,111.754013
203,2.030000,0.005513,-0.024786,-0.001482,0.999676,143.251236,421.127594,111.740067
204,2.040000,0.005471,-0.024603,-0.001588,0.999681,143.267410,421.124084,111.729889
205,2.050000,0.005475,-0.024536,-0.001599,0.999683,143.273148,421.119873,111.727142
206,2.060000,0.005475,-0.024561,-0.001595,0.999682,143.280365,421.120422,111.725731
207,2.070000,0.005453,-0.024537,-0.001619,0.999683,143.306152,421.124603,111.722916
208,2.080000,0.005433,-0.024584,-0.001548,0.999682,143.315582,421.130890,111.714668
209,2.090000,0.005416,-0.024591,-0.001622,0.999682,143.328018,421.136536,111.706398
210,2.100000,0.005411,-0.024617,-0.001645,0.999681,143.327118,421.144470,111.697159
211,2.110000,0.005415,-0.024585,-0.001699,0.999682,143.326416,421.146851,111.688759
212,2.120000,0.005419,-0.024593,-0.001667,0.999681,143.321518,421.144135,111.682816
213,2.130000,0.005411,-0.024600,-0.001648,0.999681,143.318115,421.147705,111.682205
214,2.140000,0.005422,-0.024600,-0.001678,0.999681,143.319351,421.152100,111.687187
215,2.150000,0.005434,-0.024606,-0.001686,0.999681,143.314285,421.153290,111.695007
216,2.160000,0.005487,-0.024582,-0.001750,0.999681,143.311600,421.148010,111.703606
217,2.170000,0.005491,-0.024534,-0.001704,0.999683,143.299133,421.133057,111.708946
218,2.180000,0.005529,-0.024524,-0.001684,0.999683,143.289688,421.117096,111.712029
219,2.190000,0.005545,-0.024602,-0.001645,0.999681,143.284988,421.109711,111.710350
220,2.200000,0.005568,-0.024554,-0.001701,0.999682,143.282028,421.104706,111.708702
221,2.210000,0.005576,-0.024528,-0.001694,0.999682,143.275803,421.094910,111.712845
222,2.220000,0.005541,-0.024487,-0.001581,0.999684,143.268890,421.076416,111.723946
223,2.230000,0.005635,-0.023890,-0.001983,0.999697,143.294922,421.046478,111.732651
224,2.240000,0.005565,-0.023907,-0.001891,0.999697,143.276352,421.030975,111.712654
225,2.250000,0.005534,-0.023834,-0.001906,0.999699,143.256439,421.024597,111.690369
226,2.260000,0.005514,-0.023718,-0.001940,0.999702,143.236115,421.011902,111.680367
227,2.270000,0.005519,-0.023687,-0.001866,0.999703,143.205246,420.996643,111.667191
228,2.280000,0.005480,-0.023802,-0.001789,0.999700,143.153259,420.992889,111.628952
229,2.290000,0.005615,-0.023555,-0.001568,0.999706,143.142715,420.964447,111.595139
230,2.300000,0.005561,-0.024423,-0.000670,0.999686,143.040665,420.934967,111.568222
231,2.310000,0.005589,-0.024430,-0.000557,0.999686,142.997040,420.910370,111.548531
232,2.320000,0.005586,-0.024397,-0.000586,0.999687,142.951569,420.896667,111.524498
233,2.330000,0.005595,-0.024343,-0.000625,0.999688,142.909515,420.885559,111.507156
234,2.340000,0.005612,-0.024254,-0.000674,0.999690,142.880157,420.873108,111.503685
235,2.350000,0.005669,-0.024157,-0.000766,0.999692,142.852463,420.857086,111.510452
236,2.360000,0.005668,-0.024169,-0.000626,0.999692,142.822266,420.837585,111.522789
237,2.370000,0.005677,-0.024208,-0.000520,0.999691,142.794250,420.822937,111.536682
238,2.380000,0.005648,-0.024339,-0.000346,0.999688,142.779007,420.826233,111.542831
239,2.390000,0.005660,-0.024334,-0.000431,0.999688,142.766403,420.834656,111.537125
240,2.400000,0.005611,-0.024329,-0.000391,0.999688,142.741257,420.850037,111.520096
241,2.410000,0.005616,-0.024281,-0.000514,0.999689,142.720840,420.870972,111.503868
242,2.420000,0.005580,-0.024339,-0.000499,0.999688,142.687088,420.888245,111.486465
243,2.430000,0.005560,-0.024399,-0.000495,0.999687,142.643723,420.895935,111.471680
244,2.440000,0.005537,-0.024426,-0.000443,0.999686,142.596878,420.893188,111.466591
245,2.450000,0.005528,-0.024401,-0.000406,0.999687,142.551041,420.887573,111.467705
246,2.460000,0.005547,-0.024466,-0.000420,0.999685,142.507980,420.890961,111.470657
247,2.470000,0.005610,-0.024549,-0.000500,0.999683,142.461868,420.907074,111.475349
248,2.480000,0.005588,-0.024486,-0.000515,0.999684,142.406052,420.914459,111.475060
249,2.490000,0.005571,-0.024460,-0.000655,0.999685,142.347275,420.924622,111.479141
250,2.500000,0.005561,-0.024439,-0.000743,0.999686,142.292908,420.931458,111.481262
251,2.510000,0.005502,-0.024802,-0.000569,0.999677,142.197754,420.944427,111.479774
252,2.520000,0.005524,-0.024658,-0.000593,0.999681,142.135025,420.953705,111.486778
253,2.530000,0.005526,-0.024534,-0.000798,0.999683,142.079147,420.964569,111.496063
254,2.540000,0.005513,-0.024545,-0.000835,0.999683,142.026550,420.972107,111.497055
255,2.550000,0.005413,-0.024802,-0.001010,0.999677,141.941208,420.994537,111.495880
256,2.560000,0.005395,-0.024674,-0.001206,0.999680,141.898071,421.013763,111.492516
257,2.570000,0.005390,-0.024578,-0.001361,0.999682,141.864548,421.031250,111.487488
258,2.580000,0.005480,-0.024311,-0.001281,0.999689,141.866104,421.041565,111.479782
259,2.590000,0.005468,-0.024328,-0.001283,0.999688,141.833817,421.054016,111.471092
260,2.600000,0.005449,-0.024337,-0.001301,0.999688,141.793869,421.062744,111.464325
261,2.610000,0.005436,-0.024275,-0.001319,0.999690,141.746078,421.075043,111.460022
262,2.620000,0.005434,-0.024134,-0.001551,0.999693,141.707474,421.091827,111.459892
263,2.630000,0.005464,-0.024108,-0.001705,0.999693,141.667023,421.109009,111.464325
264,2.640000,0.005527,-0.024105,-0.001904,0.999692,141.629807,421.127655,111.472404
265,2.650000,0.005586,-0.024158,-0.001961,0.999691,141.566803,421.142120,111.478096
266,2.660000,0.005465,-0.025141,-0.001500,0.999668,141.426987,421.159760,111.476212
267,2.670000,0.005462,-0.025131,-0.001588,0.999668,141.364960,421.173126,111.477943
268,2.680000,0.005398,-0.024908,-0.001748,0.999674,141.291672,421.191254,111.473679
269,2.690000,0.005466,-0.024680,-0.001538,0.999679,141.220444,421.205505,111.472153
270,2.700000,0.005481,-0.024557,-0.001579,0.999682,141.138474,421.220825,111.472664
271,2.710000,0.005408,-0.024647,-0.001820,0.999680,141.025894,421.240692,111.473022
272,2.720000,0.005399,-0.024647,-0.001911,0.999680,140.926498,421.246674,111.472603
273,2.730000,0.005403,-0.024611,-0.002057,0.999680,140.824493,421.256409,111.469910
274,2.740000,0.005396,-0.024491,-0.002175,0.999683,140.713791,421.271515,111.465446
275,2.750000,0.005308,-0.024878,-0.002178,0.999674,140.554413,421.294312,111.464684
276,2.760000,0.005346,-0.024827,-0.002619,0.999674,140.454803,421.314056,111.471321
277,2.770000,0.005316,-0.024662,-0.002730,0.999678,140.331345,421.318573,111.467209
278,2.780000,0.005277,-0.024478,-0.002922,0.999682,140.204788,421.320496,111.459557
279,2.790000,0.005273,-0.024961,-0.002367,0.999672,140.034225,421.319427,111.449837
280,2.800000,0.005262,-0.025053,-0.002314,0.999670,139.914154,421.316132,111.440392
281,2.810000,0.005261,-0.025118,-0.002357,0.999668,139.805878,421.325104,111.433060
282,2.820000,0.005467,-0.025062,-0.002049,0.999669,139.716232,421.324738,111.430717
283,2.830000,0.005485,-0.025099,-0.001881,0.999668,139.596298,421.342712,111.438866
284,2.840000,0.005554,-0.024391,-0.002428,0.999684,139.522903,421.342102,111.447815
285,2.850000,0.005574,-0.024247,-0.002527,0.999687,139.409485,421.342224,111.456505
286,2.860000,0.005581,-0.024209,-0.002489,0.999688,139.297424,421.338715,111.455299
287,2.870000,0.005472,-0.024103,-0.002614,0.999691,139.170624,421.331726,111.452408
288,2.880000,0.005442,-0.024046,-0.002700,0.999692,139.064087,421.326019,111.444084
289,2.890000,0.005472,-0.024012,-0.002809,0.999693,138.974319,421.324890,111.440842
290,2.900000,0.005491,-0.023951,-0.002935,0.999694,138.896255,421.325012,111.444382
291,2.910000,0.005505,-0.024338,-0.002607,0.999685,138.799225,421.321259,111.447472
292,2.920000,0.005481,-0.025053,-0.002013,0.999669,138.689774,421.320648,111.445534
293,2.930000,0.005494,-0.025221,-0.001688,0.999665,138.593918,421.313507,111.446739
294,2.940000,0.005412,-0.025446,-0.001839,0.999660,138.486099,421.306305,111.451553
295,2.950000,0.005457,-0.025217,-0.002009,0.999665,138.406570,421.279968,111.459297
296,2.960000,0.005514,-0.024876,-0.002243,0.999673,138.337692,421.246674,111.470673
297,2.970000,0.005558,-0.024869,-0.002106,0.999673,138.250031,421.207062,111.466713
298,2.980000,0.005562,-0.024768,-0.002067,0.999676,138.162933,421.185669,111.455688
299,2.990000,0.005649,-0.024681,-0.001772,0.999678,138.097458,421.158447,111.423729
300,3.000000,0.005679,-0.024032,-0.002345,0.999692,138.055420,421.154633,111.399292
301,3.010000,0.005610,-0.023961,-0.002315,0.999694,137.961502,421.158813,111.371750
302,3.020000,0.005530,-0.023837,-0.002525,0.999697,137.872299,421.167908,111.346664
303,3.030000,0.005486,-0.023922,-0.002410,0.999696,137.774292,421.164978,111.322029
304,3.040000,0.005499,-0.023913,-0.002390,0.999696,137.685608,421.151306,111.311867
305,3.050000,0.005489,-0.023981,-0.002352,0.999695,137.581116,421.128571,111.302223
306,3.060000,0.005434,-0.024045,-0.002224,0.999694,137.483017,421.104614,111.290558
307,3.070000,0.005415,-0.024010,-0.002307,0.999694,137.411758,421.108917,111.292580
308,3.080000,0.005426,-0.024680,-0.001567,0.999679,137.296967,421.091431,111.300041
309,3.090000,0.005364,-0.024711,-0.001524,0.999679,137.202118,421.070007,111.302582
310,3.100000,0.005251,-0.025057,-0.001616,0.999671,137.083588,421.057220,111.287689
311,3.110000,0.005243,-0.024881,-0.001746,0.999675,137.010208,421.047546,111.276642
312,3.120000,0.005260,-0.024789,-0.001888,0.999677,136.947479,421.047089,111.270599
313,3.130000,0.005275,-0.024691,-0.002014,0.999679,136.898544,421.053650,111.266373
314,3.140000,0.005267,-0.024664,-0.002119,0.999680,136.851471,421.064117,111.253296
315,3.150000,0.005246,-0.024656,-0.002205,0.999680,136.806320,421.070404,111.239876
316,3.160000,0.005252,-0.024469,-0.002241,0.999684,136.759247,421.067505,111.242363
317,3.170000,0.005280,-0.024431,-0.002256,0.999685,136.703201,421.058075,111.238220
318,3.180000,0.005276,-0.024507,-0.002203,0.999683,136.648590,421.057648,111.222153
319,3.190000,0.005239,-0.024655,-0.002197,0.999680,136.594254,421.063965,111.195358
320,3.200000,0.005225,-0.024811,-0.001887,0.999677,136.540146,421.077362,111.176704
321,3.210000,0.005256,-0.024728,-0.002089,0.999678,136.526062,421.094543,111.173012
322,3.220000,0.005266,-0.025406,-0.001571,0.999662,136.461273,421.107117,111.178024
323,3.230000,0.005320,-0.025406,-0.001693,0.999662,136.430359,421.123108,111.182457
324,3.240000,0.005343,-0.025335,-0.001906,0.999663,136.392853,421.142456,111.189140
325,3.250000,0.005315,-0.025351,-0.002006,0.999663,136.345993,421.168823,111.188431
326,3.260000,0.005310,-0.025199,-0.002308,0.999666,136.292542,421.202301,111.179031
327,3.270000,0.005243,-0.024920,-0.002736,0.999672,136.212006,421.241333,111.159546
328,3.280000,0.005206,-0.024906,-0.002777,0.999672,136.111282,421.250397,111.136330
329,3.290000,0.005202,-0.024906,-0.002845,0.999672,135.994308,421.248749,111.115059
330,3.300000,0.005205,-0.024916,-0.002883,0.999672,135.871414,421.259827,111.100243
331,3.310000,0.005207,-0.024768,-0.003082,0.999675,135.758652,421.273468,111.099670
332,3.320000,0.005364,-0.024547,-0.002714,0.999681,135.653030,421.280334,111.108452
333,3.330000,0.005301,-0.024635,-0.003078,0.999678,135.529358,421.322449,111.136055
334,3.340000,0.005430,-0.024435,-0.003268,0.999681,135.445831,421.323975,111.169632
335,3.350000,0.005465,-0.024191,-0.003571,0.999686,135.341064,421.313263,111.203339
336,3.360000,0.005550,-0.024011,-0.003689,0.999689,135.235321,421.301239,111.214424
337,3.370000,0.005551,-0.023822,-0.003867,0.999693,135.131790,421.302643,111.204132
338,3.380000,0.005482,-0.023777,-0.004027,0.999694,135.039093,421.325684,111.170746
339,3.390000,0.005401,-0.023783,-0.004188,0.999694,134.953247,421.356781,111.130821
340,3.400000,0.005299,-0.024751,-0.003450,0.999674,134.802185,421.399109,111.082855
341,3.410000,0.005209,-0.024693,-0.003588,0.999675,134.721252,421.428040,111.048218
342,3.420000,0.005017,-0.025480,-0.002285,0.999660,134.563263,421.437195,110.976997
343,3.430000,0.004962,-0.025805,-0.001835,0.999653,134.458557,421.445770,110.958344
344,3.440000,0.005136,-0.025046,-0.002544,0.999670,134.422638,421.442505,110.982697
345,3.450000,0.005217,-0.024879,-0.002761,0.999673,134.355286,421.431549,111.018074
346,3.460000,0.005301,-0.024916,-0.002774,0.999672,134.288879,421.419312,111.051933
347,3.470000,0.005343,-0.024843,-0.002742,0.999673,134.221436,421.406860,111.079651
348,3.480000,0.005307,-0.024711,-0.002992,0.999676,134.179581,421.416016,111.092171
349,3.490000,0.005303,-0.024861,-0.002848,0.999673,134.134903,421.435791,111.081581
350,3.500000,0.005264,-0.024837,-0.003030,0.999673,134.112183,421.467987,111.060280
351,3.510000,0.005210,-0.024731,-0.003216,0.999675,134.096695,421.497864,111.039162
352,3.520000,0.005169,-0.024703,-0.003361,0.999676,134.076813,421.529694,111.017235
353,3.530000,0.005019,-0.025412,-0.002845,0.999660,134.012405,421.564270,110.998489
354,3.540000,0.005032,-0.025604,-0.002606,0.999656,133.965576,421.585815,111.003769
355,3.550000,0.004993,-0.025604,-0.002867,0.999656,133.922195,421.606079,111.022499
356,3.560000,0.005021,-0.025582,-0.002987,0.999656,133.875427,421.609192,111.040390
357,3.570000,0.005164,-0.025029,-0.003361,0.999668,133.832565,421.587616,111.060349
358,3.580000,0.005190,-0.025115,-0.003203,0.999666,133.747345,421.561584,111.072876
359,3.590000,0.005200,-0.025122,-0.003184,0.999666,133.673035,421.552704,111.075073
360,3.600000,0.005177,-0.025030,-0.003227,0.999668,133.602768,421.562775,111.072029
361,3.610000,0.005160,-0.024864,-0.003455,0.999672,133.544876,421.585236,111.064705
362,3.620000,0.005160,-0.024571,-0.003714,0.999678,133.481949,421.613342,111.052681
363,3.630000,0.005123,-0.024613,-0.003870,0.999676,133.424423,421.642426,111.026009
364,3.640000,0.005050,-0.024530,-0.004178,0.999678,133.375504,421.691437,110.995743
365,3.650000,0.004910,-0.025651,-0.003288,0.999654,133.248291,421.742279,110.960922
366,3.660000,0.004888,-0.025718,-0.003595,0.999651,133.185593,421.788177,110.935867
367,3.670000,0.004888,-0.025789,-0.003749,0.999648,133.124237,421.819580,110.928375
368,3.680000,0.004886,-0.025902,-0.003732,0.999646,133.034668,421.828918,110.922020
369,3.690000,0.004832,-0.025669,-0.003979,0.999651,132.930786,421.827911,110.910980
370,3.700000,0.004946,-0.025050,-0.004502,0.999664,132.837967,421.817627,110.904892
371,3.710000,0.004966,-0.024915,-0.004815,0.999666,132.725433,421.826233,110.908188
372,3.720000,0.004988,-0.024562,-0.005213,0.999672,132.618958,421.862427,110.923462
373,3.730000,0.005061,-0.024487,-0.005602,0.999672,132.510818,421.929718,110.939903
374,3.740000,0.004976,-0.025414,-0.004917,0.999653,132.357925,421.987976,110.938690
375,3.750000,0.004929,-0.025317,-0.005190,0.999654,132.247070,422.019623,110.925217
376,3.760000,0.004835,-0.025757,-0.004882,0.999645,132.078888,422.028809,110.907890
377,3.770000,0.004886,-0.024788,-0.005682,0.999665,131.994247,422.018738,110.889008
378,3.780000,0.004849,-0.024785,-0.005520,0.999666,131.838150,422.000458,110.866913
379,3.790000,0.004815,-0.024693,-0.005658,0.999668,131.690933,421.992493,110.845467
380,3.800000,0.004731,-0.024691,-0.005977,0.999666,131.521378,422.004059,110.834946
381,3.810000,0.004749,-0.024716,-0.006121,0.999665,131.382736,422.013824,110.828217
382,3.820000,0.004749,-0.024720,-0.006289,0.999663,131.258102,422.030853,110.821556
383,3.830000,0.004701,-0.024608,-0.006351,0.999666,131.126770,422.036804,110.817589
384,3.840000,0.004534,-0.023994,-0.006121,0.999683,130.939774,422.041443,110.790558
385,3.850000,0.004639,-0.023753,-0.005731,0.999691,130.811951,422.015076,110.774727
386,3.860000,0.004636,-0.024426,-0.005139,0.999678,130.664261,421.998413,110.774872
387,3.870000,0.004657,-0.024389,-0.005040,0.999679,130.538147,421.999390,110.787560
388,3.880000,0.004593,-0.025239,-0.004089,0.999663,130.382034,421.999664,110.779640
389,3.890000,0.004542,-0.025241,-0.004213,0.999662,130.301819,422.007477,110.763733
390,3.900000,0.004459,-0.025215,-0.004218,0.999663,130.220581,422.010406,110.745804
391,3.910000,0.004435,-0.025078,-0.004409,0.999666,130.143555,422.018616,110.729050
392,3.920000,0.004407,-0.025009,-0.004534,0.999667,130.070129,422.019592,110.711609
393,3.930000,0.004389,-0.025029,-0.004535,0.999667,129.997406,422.015564,110.693466
394,3.940000,0.004407,-0.024985,-0.004551,0.999668,129.934418,422.009552,110.681679
395,3.950000,0.004426,-0.024961,-0.004578,0.999668,129.883423,422.012421,110.676704
396,3.960000,0.004425,-0.025013,-0.004568,0.999667,129.836517,422.014862,110.672745
397,3.970000,0.004405,-0.025010,-0.004605,0.999667,129.806366,422.016296,110.665314
398,3.980000,0.004387,-0.024896,-0.004717,0.999669,129.778275,422.020721,110.665070
399,3.990000,0.004400,-0.024783,-0.004767,0.999672,129.754715,422.011597,110.677284
400,4.000000,0.004567,-0.023963,-0.005488,0.999687,129.774078,421.981567,110.700081
401,4.010000,0.004627,-0.023910,-0.005559,0.999688,129.762894,421.968048,110.715210
402,4.020000,0.004658,-0.023961,-0.005508,0.999687,129.751709,421.961914,110.728035
403,4.030000,0.004667,-0.023985,-0.005555,0.999686,129.753510,421.958069,110.731361
404,4.040000,0.004693,-0.024044,-0.005521,0.999685,129.738831,421.941986,110.716286
405,4.050000,0.004684,-0.023892,-0.005608,0.999688,129.714249,421.921265,110.696167
406,4.060000,0.004587,-0.023983,-0.005824,0.999685,129.657455,421.914062,110.679405
407,4.070000,0.004584,-0.024013,-0.005893,0.999684,129.614822,421.903564,110.662842
408,4.080000,0.004584,-0.024067,-0.005889,0.999683,129.578445,421.897949,110.647156
409,4.090000,0.004596,-0.024137,-0.005909,0.999681,129.550186,421.910004,110.643478
410,4.100000,0.004611,-0.024180,-0.005924,0.999679,129.516449,421.917450,110.660645
411,4.110000,0.004684,-0.024370,-0.005805,0.999675,129.459320,421.919495,110.692017
412,4.120000,0.004769,-0.024416,-0.005499,0.999675,129.385422,421.894958,110.725891
413,4.130000,0.004836,-0.024248,-0.005126,0.999681,129.320312,421.830566,110.748329
414,4.140000,0.004900,-0.024335,-0.004814,0.999680,129.194580,421.790009,110.774742
415,4.150000,0.004919,-0.024318,-0.004736,0.999681,129.089661,421.754608,110.785645
416,4.160000,0.004748,-0.025234,-0.003949,0.999663,128.928925,421.729126,110.778458
417,4.170000,0.004711,-0.024993,-0.004105,0.999668,128.861603,421.749908,110.771431
418,4.180000,0.004675,-0.024926,-0.004219,0.999669,128.800156,421.758667,110.768333
419,4.190000,0.004686,-0.025054,-0.004169,0.999666,128.742706,421.758636,110.764008
420,4.200000,0.004703,-0.025087,-0.004241,0.999665,128.702011,421.752808,110.761688
421,4.210000,0.004723,-0.025085,-0.004309,0.999665,128.659668,421.749329,110.762115
422,4.220000,0.004839,-0.024050,-0.005290,0.999685,128.681076,421.746490,110.755692
423,4.230000,0.004822,-0.023913,-0.005318,0.999688,128.635788,421.720428,110.735764
424,4.240000,0.004830,-0.023966,-0.005067,0.999688,128.565613,421.667603,110.708031
425,4.250000,0.004724,-0.024281,-0.005169,0.999681,128.474228,421.646118,110.696159
426,4.260000,0.004846,-0.024123,-0.005103,0.999684,128.395233,421.639648,110.712448
427,4.270000,0.004908,-0.024295,-0.004884,0.999681,128.327225,421.644073,110.745842
428,4.280000,0.004981,-0.024109,-0.005094,0.999684,128.257477,421.642853,110.790909
429,4.290000,0.005198,-0.024040,-0.004741,0.999686,128.197784,421.592346,110.830391
430,4.300000,0.005155,-0.024831,-0.003780,0.999671,128.055893,421.509674,110.857719
431,4.310000,0.005172,-0.024528,-0.003852,0.999678,127.950462,421.446442,110.900520
432,4.320000,0.005364,-0.024028,-0.004100,0.999689,127.879814,421.398132,110.922302
433,4.330000,0.005297,-0.023852,-0.004206,0.999693,127.806541,421.380127,110.913399
434,4.340000,0.005199,-0.023768,-0.004236,0.999695,127.747459,421.388000,110.884079
435,4.350000,0.005088,-0.023736,-0.004308,0.999696,127.694283,421.404541,110.849770
436,4.360000,0.005072,-0.023606,-0.004211,0.999700,127.622414,421.415497,110.829926
437,4.370000,0.005055,-0.023525,-0.004369,0.999701,127.578972,421.427887,110.816353
438,4.380000,0.005066,-0.023962,-0.004026,0.999692,127.504959,421.448212,110.815079
439,4.390000,0.005147,-0.023820,-0.004517,0.999693,127.458153,421.482758,110.840958
440,4.400000,0.005216,-0.023845,-0.004703,0.999691,127.419785,421.496796,110.869705
441,4.410000,0.005305,-0.024003,-0.004765,0.999686,127.364952,421.508514,110.907585
442,4.420000,0.005389,-0.023992,-0.004885,0.999686,127.311378,421.513153,110.959801
443,4.430000,0.005527,-0.023979,-0.004733,0.999686,127.243591,421.509430,111.011620
444,4.440000,0.005593,-0.024249,-0.004218,0.999681,127.157974,421.480164,111.035881
445,4.450000,0.005494,-0.024118,-0.004570,0.999684,127.056854,421.423798,111.037910
446,4.460000,0.005611,-0.023888,-0.004124,0.999690,126.996918,421.357727,111.012833
447,4.470000,0.005639,-0.023688,-0.004093,0.999695,126.938850,421.333435,110.990417
448,4.480000,0.005577,-0.023899,-0.003856,0.999691,126.890450,421.330475,110.966415
449,4.490000,0.005512,-0.023864,-0.003970,0.999692,126.867767,421.347809,110.934013
450,4.500000,0.005427,-0.023874,-0.004203,0.999691,126.835716,421.373138,110.898987
451,4.510000,0.005423,-0.024079,-0.004082,0.999687,126.780212,421.398590,110.879990
452,4.520000,0.005408,-0.024039,-0.004386,0.999687,126.723038,421.420868,110.886185
453,4.530000,0.005502,-0.023829,-0.004789,0.999689,126.657890,421.444672,110.908585
454,4.540000,0.005623,-0.023750,-0.005102,0.999689,126.586617,421.461060,110.938942
455,4.550000,0.005643,-0.024075,-0.004992,0.999682,126.487106,421.475983,110.967567
456,4.560000,0.005613,-0.024087,-0.005102,0.999681,126.409081,421.485718,110.979050
457,4.570000,0.005547,-0.024114,-0.005375,0.999679,126.319649,421.505737,110.974098
458,4.580000,0.005444,-0.023860,-0.005792,0.999684,126.232834,421.528229,110.948616
459,4.590000,0.005304,-0.023821,-0.005760,0.999686,126.152229,421.539520,110.911980
460,4.600000,0.005228,-0.023892,-0.005548,0.999686,126.075386,421.538055,110.876114
461,4.610000,0.005240,-0.023946,-0.005544,0.999684,126.018913,421.549805,110.853668
462,4.620000,0.005309,-0.023783,-0.005455,0.999688,125.957863,421.568909,110.855782
463,4.630000,0.005360,-0.023853,-0.005428,0.999686,125.913414,421.593231,110.861938
464,4.640000,0.005402,-0.023895,-0.005633,0.999684,125.878006,421.622040,110.860703
465,4.650000,0.005447,-0.024109,-0.005644,0.999679,125.827087,421.653595,110.863365
466,4.660000,0.005461,-0.023962,-0.005980,0.999680,125.786407,421.690887,110.866173
467,4.670000,0.005396,-0.023865,-0.006315,0.999681,125.737175,421.733734,110.869087
468,4.680000,0.005396,-0.023847,-0.006475,0.999680,125.672501,421.757477,110.872368
469,4.690000,0.005456,-0.023873,-0.006558,0.999679,125.604706,421.769257,110.875481
470,4.700000,0.005449,-0.023855,-0.006639,0.999679,125.536591,421.781158,110.873978
471,4.710000,0.005325,-0.023755,-0.006745,0.999681,125.476044,421.802429,110.867851
472,4.720000,0.005363,-0.023862,-0.006728,0.999678,125.411957,421.809265,110.852722
473,4.730000,0.005288,-0.023604,-0.006933,0.999683,125.351967,421.823364,110.842812
474,4.740000,0.005248,-0.023404,-0.007182,0.999687,125.308830,421.848145,110.841087
475,4.750000,0.005270,-0.023416,-0.007417,0.999684,125.263374,421.863617,110.834915
476,4.760000,0.005257,-0.023358,-0.007555,0.999685,125.222130,421.888306,110.821655
477,4.770000,0.005173,-0.023270,-0.007786,0.999686,125.193596,421.918304,110.807281
478,4.780000,0.005255,-0.023631,-0.007411,0.999679,125.142586,421.924805,110.793976
479,4.790000,0.005233,-0.023519,-0.007660,0.999680,125.121384,421.942932,110.797859
480,4.800000,0.005338,-0.023377,-0.007694,0.999683,125.088379,421.953857,110.815826
481,4.810000,0.005424,-0.023798,-0.007363,0.999675,125.046936,421.953186,110.834106
482,4.820000,0.005470,-0.024019,-0.007106,0.999671,125.028801,421.970490,110.855995
483,4.830000,0.005528,-0.024120,-0.007246,0.999668,125.010117,421.973053,110.871071
484,4.840000,0.005547,-0.023795,-0.007621,0.999672,125.006317,421.997437,110.886314
485,4.850000,0.005518,-0.023789,-0.007684,0.999672,124.994438,422.016479,110.880692
486,4.860000,0.005452,-0.023704,-0.007807,0.999674,124.987297,422.029449,110.865372
487,4.870000,0.005108,-0.024280,-0.008012,0.999660,124.905823,422.058685,110.844009
488,4.880000,0.005301,-0.023783,-0.007858,0.999672,124.920479,422.038086,110.832390
489,4.890000,0.005318,-0.023757,-0.007966,0.999672,124.879021,422.041534,110.833717
490,4.900000,0.005339,-0.023849,-0.007995,0.999669,124.831894,422.051239,110.834404
491,4.910000,0.005351,-0.023900,-0.008104,0.999667,124.778854,422.069794,110.832939
492,4.920000,0.005335,-0.023860,-0.008284,0.999667,124.724762,422.089905,110.838684
493,4.930000,0.005366,-0.023688,-0.008489,0.999669,124.660469,422.110382,110.858315
494,4.940000,0.005429,-0.023568,-0.008737,0.999669,124.585548,422.128174,110.885223
495,4.950000,0.005477,-0.023459,-0.009035,0.999669,124.504234,422.147888,110.907028
496,4.960000,0.005498,-0.023442,-0.008954,0.999670,124.402954,422.131927,110.904221
497,4.970000,0.005394,-0.023544,-0.008623,0.999671,124.249725,422.069641,110.858231
498,4.980000,0.005394,-0.023596,-0.008517,0.999671,124.128029,422.056671,110.831131
499,4.990000,0.005445,-0.023744,-0.008271,0.999669,124.021507,422.064911,110.837532
500,5.000000,0.005472,-0.023766,-0.008491,0.999667,123.944946,422.090179,110.852829
501,5.010000,0.005468,-0.023806,-0.008525,0.999665,123.853806,422.100922,110.843987
502,5.020000,0.005363,-0.023748,-0.008542,0.999667,123.763191,422.104004,110.827682
503,5.030000,0.005425,-0.024327,-0.007868,0.999658,123.614365,422.061646,110.813889
504,5.040000,0.005383,-0.024938,-0.007301,0.999648,123.459595,422.037903,110.828270
505,5.050000,0.005397,-0.024962,-0.007469,0.999646,123.330391,422.013550,110.846695
506,5.060000,0.005457,-0.024081,-0.008761,0.999657,123.249397,421.997711,110.879478
507,5.070000,0.005658,-0.023692,-0.008687,0.999666,123.157707,421.956055,110.901703
508,5.080000,0.005707,-0.023649,-0.008516,0.999668,123.039436,421.929993,110.909370
509,5.090000,0.005797,-0.023956,-0.008079,0.999664,122.879990,421.876434,110.881081
510,5.100000,0.005711,-0.024106,-0.007855,0.999662,122.740105,421.843231,110.836098
511,5.110000,0.005607,-0.023950,-0.007718,0.999668,122.625320,421.841888,110.795944
512,5.120000,0.005506,-0.023920,-0.007785,0.999668,122.538162,421.850769,110.764122
513,5.130000,0.005518,-0.024083,-0.007739,0.999665,122.465767,421.854645,110.741112
514,5.140000,0.005549,-0.024095,-0.007768,0.999664,122.410789,421.854279,110.732941
515,5.150000,0.005712,-0.024367,-0.007642,0.999658,122.352921,421.867157,110.738800
516,5.160000,0.005858,-0.024486,-0.007678,0.999654,122.313507,421.878326,110.760307
517,5.170000,0.005902,-0.024440,-0.008001,0.999652,122.276657,421.894073,110.774124
518,5.180000,0.005914,-0.024427,-0.008087,0.999651,122.232307,421.890900,110.775948
519,5.190000,0.005764,-0.025914,-0.006619,0.999626,122.063690,421.839539,110.752251
520,5.200000,0.005700,-0.025439,-0.006597,0.999638,121.986359,421.790222,110.752365
521,5.210000,0.005832,-0.024077,-0.007663,0.999664,122.002342,421.761444,110.770485
522,5.220000,0.005855,-0.024000,-0.007608,0.999666,121.964653,421.740448,110.774002
523,5.230000,0.005897,-0.024203,-0.007356,0.999663,121.941673,421.715057,110.744560
524,5.240000,0.005847,-0.024327,-0.007207,0.999661,121.910332,421.695709,110.707024
525,5.250000,0.005763,-0.024448,-0.007267,0.999658,121.914047,421.701050,110.675949
526,5.260000,0.005734,-0.024213,-0.007692,0.999661,121.916168,421.715698,110.669617
527,5.270000,0.005752,-0.023913,-0.007953,0.999666,121.926880,421.713318,110.649963
528,5.280000,0.005690,-0.023893,-0.007859,0.999668,121.907944,421.700500,110.617149
529,5.290000,0.005645,-0.023949,-0.007544,0.999669,121.865036,421.668274,110.590431
530,5.300000,0.005648,-0.023942,-0.007548,0.999669,121.844826,421.632050,110.571198
531,5.310000,0.005713,-0.024045,-0.007385,0.999667,121.811569,421.596832,110.561928
532,5.320000,0.005734,-0.023990,-0.007485,0.999668,121.797134,421.583252,110.562317
533,5.330000,0.005750,-0.024092,-0.007387,0.999666,121.784363,421.590271,110.576645
534,5.340000,0.005777,-0.024159,-0.007422,0.999664,121.778534,421.596680,110.594925
535,5.350000,0.005824,-0.024177,-0.007478,0.999663,121.769814,421.602112,110.610962
536,5.360000,0.005843,-0.024421,-0.007212,0.999659,121.730438,421.607849,110.622124
537,5.370000,0.005856,-0.024342,-0.007219,0.999660,121.711205,421.602234,110.622795
538,5.380000,0.005810,-0.024515,-0.007025,0.999658,121.682350,421.585144,110.605591
539,5.390000,0.005817,-0.024230,-0.007269,0.999663,121.682343,421.576477,110.590446
540,5.400000,0.005778,-0.024078,-0.007505,0.999665,121.676804,421.592896,110.576416
541,5.410000,0.005704,-0.024270,-0.007468,0.999661,121.655167,421.617737,110.564095
542,5.420000,0.005713,-0.024227,-0.007643,0.999661,121.643127,421.635376,110.554405
543,5.430000,0.005772,-0.023931,-0.008057,0.999665,121.634720,421.649231,110.547340
544,5.440000,0.005707,-0.024427,-0.007576,0.999657,121.560394,421.666809,110.532417
545,5.450000,0.005697,-0.024531,-0.007404,0.999655,121.477844,421.684235,110.516678
546,5.460000,0.005597,-0.024476,-0.007746,0.999655,121.413773,421.709412,110.504326
547,5.470000,0.005601,-0.024325,-0.007972,0.999657,121.341232,421.730927,110.495644
548,5.480000,0.005567,-0.024298,-0.008106,0.999656,121.277016,421.742340,110.481346
549,5.490000,0.005464,-0.024363,-0.007956,0.999657,121.184265,421.732544,110.446838
550,5.500000,0.005359,-0.024429,-0.007954,0.999656,121.101723,421.725128,110.393570
551,5.510000,0.005253,-0.024280,-0.008127,0.999658,121.017830,421.733337,110.345268
552,5.520000,0.005218,-0.024042,-0.008489,0.999661,120.944817,421.763947,110.314331
553,5.530000,0.005180,-0.024033,-0.008638,0.999660,120.859818,421.787354,110.285301
554,5.540000,0.005128,-0.024068,-0.008671,0.999660,120.756569,421.803558,110.251671
555,5.550000,0.005135,-0.024069,-0.008837,0.999658,120.660789,421.822815,110.224365
556,5.560000,0.005133,-0.024158,-0.008851,0.999656,120.535805,421.846924,110.206985
557,5.570000,0.005175,-0.024350,-0.008876,0.999651,120.420425,421.864746,110.180649
558,5.580000,0.005137,-0.024387,-0.009107,0.999648,120.328781,421.888092,110.160751
559,5.590000,0.005057,-0.024254,-0.009398,0.999649,120.256554,421.923859,110.157356
560,5.600000,0.005054,-0.024316,-0.009303,0.999648,120.177589,421.953186,110.175079
561,5.610000,0.005045,-0.024282,-0.009429,0.999648,120.118393,421.976685,110.188263
562,5.620000,0.005003,-0.024332,-0.009380,0.999647,120.050568,421.979553,110.185188
563,5.630000,0.004925,-0.024392,-0.008910,0.999651,119.950043,421.927612,110.158638
564,5.640000,0.004789,-0.025286,-0.007614,0.999640,119.782990,421.815857,110.116516
565,5.650000,0.004983,-0.024107,-0.008383,0.999662,119.775520,421.717377,110.090088
566,5.660000,0.004995,-0.023877,-0.008495,0.999666,119.740379,421.686584,110.069061
567,5.670000,0.004963,-0.023872,-0.008522,0.999666,119.717003,421.706757,110.047066
568,5.680000,0.004927,-0.023932,-0.008652,0.999664,119.699409,421.734344,110.008057
569,5.690000,0.004680,-0.024881,-0.008168,0.999646,119.615776,421.777069,109.940269
570,5.700000,0.004612,-0.025031,-0.008083,0.999643,119.558090,421.800232,109.884995
571,5.710000,0.004600,-0.024933,-0.008209,0.999645,119.502167,421.818512,109.855629
572,5.720000,0.004612,-0.024862,-0.008387,0.999645,119.454781,421.829956,109.855278
573,5.730000,0.004636,-0.025029,-0.008215,0.999642,119.400185,421.844025,109.882919
574,5.740000,0.004707,-0.025011,-0.008171,0.999643,119.363914,421.848450,109.922256
575,5.750000,0.004869,-0.024174,-0.008908,0.999656,119.388741,421.831207,109.950348
576,5.760000,0.004885,-0.024063,-0.009038,0.999658,119.376205,421.832397,109.944717
577,5.770000,0.004715,-0.025114,-0.008112,0.999641,119.283241,421.855530,109.894669
578,5.780000,0.004631,-0.025437,-0.007998,0.999634,119.236130,421.869293,109.837646
579,5.790000,0.004626,-0.025456,-0.008088,0.999633,119.207092,421.876709,109.808144
580,5.800000,0.004677,-0.025492,-0.008202,0.999630,119.178749,421.886688,109.804230
581,5.810000,0.004778,-0.025415,-0.008400,0.999630,119.150444,421.901245,109.829224
582,5.820000,0.005061,-0.024336,-0.009395,0.999647,119.159958,421.906189,109.877182
583,5.830000,0.005133,-0.024211,-0.009843,0.999645,119.112679,421.921387,109.907761
584,5.840000,0.005171,-0.024250,-0.010004,0.999642,119.054001,421.936218,109.933510
585,5.850000,0.005168,-0.024479,-0.009992,0.999637,118.986877,421.949036,109.956299
586,5.860000,0.005115,-0.024425,-0.009899,0.999640,118.932861,421.917633,109.956726
587,5.870000,0.004993,-0.024393,-0.009608,0.999644,118.847839,421.835724,109.909706
588,5.880000,0.004974,-0.024235,-0.009529,0.999649,118.770004,421.784698,109.869789
589,5.890000,0.004902,-0.024073,-0.009496,0.999653,118.727615,421.781830,109.855904
590,5.900000,0.004865,-0.024238,-0.009416,0.999650,118.689941,421.809265,109.839951
591,5.910000,0.004831,-0.024067,-0.009749,0.999651,118.678375,421.825775,109.786087
592,5.920000,0.004760,-0.024095,-0.009873,0.999650,118.628502,421.846863,109.728859
593,5.930000,0.004764,-0.024008,-0.009760,0.999653,118.559395,421.874573,109.705315
594,5.940000,0.004858,-0.024010,-0.009893,0.999651,118.497711,421.894440,109.701813
595,5.950000,0.004971,-0.024464,-0.009741,0.999641,118.406097,421.906342,109.711182
596,5.960000,0.005017,-0.024527,-0.009869,0.999638,118.343307,421.923492,109.733490
597,5.970000,0.004988,-0.024473,-0.010079,0.999637,118.268509,421.928284,109.756569
598,5.980000,0.005022,-0.024284,-0.010262,0.999640,118.170868,421.887573,109.767563
599,5.990000,0.005090,-0.024286,-0.010021,0.999642,118.049652,421.826294,109.771538
600,6.000000,0.005081,-0.024364,-0.009723,0.999643,117.910881,421.801636,109.783318
601,6.010000,0.005134,-0.024311,-0.009784,0.999643,117.855545,421.824249,109.783813
602,6.020000,0.004975,-0.024547,-0.009830,0.999638,117.794327,421.854645,109.734428
603,6.030000,0.004777,-0.024873,-0.009968,0.999629,117.745338,421.885803,109.668411
604,6.040000,0.004685,-0.024763,-0.010202,0.999630,117.715042,421.910309,109.632278
605,6.050000,0.004717,-0.024560,-0.010452,0.999633,117.668022,421.933044,109.619019
606,6.060000,0.004823,-0.024451,-0.010519,0.999634,117.603630,421.948975,109.617119
607,6.070000,0.004884,-0.024475,-0.010638,0.999632,117.530632,421.965851,109.626007
608,6.080000,0.004865,-0.024379,-0.011100,0.999629,117.457222,422.005402,109.646042
609,6.090000,0.004903,-0.024375,-0.011334,0.999627,117.371254,422.036285,109.675041
610,6.100000,0.004908,-0.024200,-0.011771,0.999626,117.294022,422.058228,109.696335
611,6.110000,0.004918,-0.024021,-0.011816,0.999630,117.209335,422.060364,109.703400
612,6.120000,0.004870,-0.024099,-0.011568,0.999631,117.112328,421.988983,109.670273
613,6.130000,0.004796,-0.024036,-0.011223,0.999637,116.986755,421.889862,109.608788
614,6.140000,0.004729,-0.023941,-0.010933,0.999642,116.861412,421.839386,109.566719
615,6.150000,0.004695,-0.023825,-0.011179,0.999643,116.771080,421.852509,109.552231
616,6.160000,0.004705,-0.023599,-0.011720,0.999642,116.704376,421.898346,109.533615
617,6.170000,0.004654,-0.024591,-0.011150,0.999625,116.559952,421.947052,109.473976
618,6.180000,0.004596,-0.024931,-0.011024,0.999618,116.457687,421.986053,109.421196
619,6.190000,0.004525,-0.024689,-0.011263,0.999622,116.351761,422.013489,109.403709
620,6.200000,0.004507,-0.024619,-0.011289,0.999623,116.220268,422.010529,109.402084
621,6.210000,0.004582,-0.024551,-0.010865,0.999629,116.035988,421.951935,109.402702
622,6.220000,0.004633,-0.024497,-0.010876,0.999630,115.876511,421.883484,109.398117
623,6.230000,0.004592,-0.024405,-0.010998,0.999631,115.746323,421.862152,109.412064
624,6.240000,0.004578,-0.024217,-0.011442,0.999631,115.668053,421.883301,109.437614
625,6.250000,0.004217,-0.024182,-0.011673,0.999631,115.604500,421.960815,109.384811
626,6.260000,0.004305,-0.024360,-0.011837,0.999624,115.539200,421.964508,109.344566
627,6.270000,0.004299,-0.024252,-0.011956,0.999625,115.490891,421.963715,109.332664
628,6.280000,0.004317,-0.023941,-0.012233,0.999629,115.453201,421.976257,109.346977
629,6.290000,0.004309,-0.024066,-0.012374,0.999625,115.384262,422.004059,109.322258
630,6.300000,0.004302,-0.024221,-0.012307,0.999622,115.339378,422.007355,109.274734
631,6.310000,0.004257,-0.024250,-0.012326,0.999621,115.298805,422.009369,109.241692
632,6.320000,0.004150,-0.024541,-0.012177,0.999616,115.259140,422.046600,109.166115
633,6.330000,0.004102,-0.024238,-0.012344,0.999622,115.263191,422.056488,109.071030
634,6.340000,0.004011,-0.024150,-0.012208,0.999626,115.225304,422.057129,108.966698
635,6.350000,0.003925,-0.024032,-0.012223,0.999629,115.190392,422.068207,108.894066
636,6.360000,0.003941,-0.023413,-0.012641,0.999638,115.197159,422.072418,108.846222
637,6.370000,0.003883,-0.023409,-0.012630,0.999639,115.163368,422.066650,108.801826
638,6.380000,0.003833,-0.023952,-0.012077,0.999633,115.094650,422.022705,108.768448
639,6.390000,0.003892,-0.023909,-0.012281,0.999631,115.079498,421.967621,108.758774
640,6.400000,0.003910,-0.023812,-0.012459,0.999631,115.057037,421.933319,108.763443
641,6.410000,0.003966,-0.023663,-0.012611,0.999633,115.049385,421.927948,108.781303
642,6.420000,0.003985,-0.023737,-0.012593,0.999631,115.054283,421.938934,108.783440
643,6.430000,0.003970,-0.023825,-0.012604,0.999629,115.057930,421.948456,108.776497
644,6.440000,0.003982,-0.023883,-0.012582,0.999628,115.072426,421.958221,108.777512
645,6.450000,0.004002,-0.023849,-0.012672,0.999627,115.087265,421.974152,108.783752
646,6.460000,0.004054,-0.023909,-0.012570,0.999627,115.065781,421.975220,108.785164
647,6.470000,0.004001,-0.024002,-0.012641,0.999624,115.063904,421.951050,108.773170
648,6.480000,0.003978,-0.024164,-0.012225,0.999625,114.994789,421.873718,108.755272
649,6.490000,0.003990,-0.024165,-0.012016,0.999628,114.948013,421.803925,108.748451
650,6.500000,0.003982,-0.023963,-0.012025,0.999633,114.935539,421.782623,108.764030
651,6.510000,0.003975,-0.023791,-0.012019,0.999637,114.945862,421.790436,108.786293
652,6.520000,0.004035,-0.023896,-0.011995,0.999634,114.939156,421.789307,108.781258
653,6.530000,0.004073,-0.023909,-0.011916,0.999635,114.925888,421.766052,108.779297
654,6.540000,0.004131,-0.023819,-0.011891,0.999637,114.909744,421.751984,108.793236
655,6.550000,0.004158,-0.024227,-0.011488,0.999632,114.856964,421.742371,108.808914
656,6.560000,0.004192,-0.024296,-0.011542,0.999629,114.822754,421.734924,108.812645
657,6.570000,0.004214,-0.024250,-0.011528,0.999631,114.771996,421.744720,108.814903
658,6.580000,0.004196,-0.024164,-0.011754,0.999630,114.715103,421.773895,108.812614
659,6.590000,0.004147,-0.024241,-0.011699,0.999629,114.643425,421.767548,108.804245
660,6.600000,0.004163,-0.024259,-0.011447,0.999632,114.511871,421.700287,108.788132
661,6.610000,0.004182,-0.024210,-0.011278,0.999635,114.393578,421.649536,108.770927
662,6.620000,0.004143,-0.024204,-0.010949,0.999639,114.267365,421.631439,108.765213
663,6.630000,0.004080,-0.024159,-0.011246,0.999637,114.155464,421.629730,108.757858
664,6.640000,0.004036,-0.024145,-0.011301,0.999637,114.034012,421.626923,108.733177
665,6.650000,0.004031,-0.024015,-0.011420,0.999638,113.911888,421.616852,108.720573
666,6.660000,0.004181,-0.023418,-0.011960,0.999645,113.805977,421.609436,108.739174
667,6.670000,0.004240,-0.023346,-0.012250,0.999643,113.676697,421.591156,108.757530
668,6.680000,0.004287,-0.023396,-0.012315,0.999641,113.524017,421.578613,108.766045
669,6.690000,0.004243,-0.024039,-0.011837,0.999632,113.347786,421.578705,108.756859
670,6.700000,0.004201,-0.024020,-0.011945,0.999631,113.225777,421.592621,108.747322
671,6.710000,0.004252,-0.024344,-0.011577,0.999628,113.069191,421.615204,108.725334
672,6.720000,0.004185,-0.024170,-0.011629,0.999632,112.940056,421.627777,108.704216
673,6.730000,0.004143,-0.024173,-0.011584,0.999632,112.818268,421.610199,108.690292
674,6.740000,0.004180,-0.024010,-0.011868,0.999633,112.724373,421.557800,108.683807
675,6.750000,0.004231,-0.023949,-0.011888,0.999634,112.626526,421.520844,108.689110
676,6.760000,0.004256,-0.023873,-0.011948,0.999635,112.536690,421.524017,108.704430
677,6.770000,0.004353,-0.023804,-0.011797,0.999638,112.453957,421.524628,108.718712
678,6.780000,0.004410,-0.023727,-0.011903,0.999638,112.410866,421.518097,108.728157
679,6.790000,0.004435,-0.023669,-0.012150,0.999636,112.371170,421.519714,108.744896
680,6.800000,0.004466,-0.023582,-0.012478,0.999634,112.334358,421.524750,108.766121
681,6.810000,0.004513,-0.023661,-0.012451,0.999632,112.293991,421.531281,108.778923
682,6.820000,0.004554,-0.023612,-0.012665,0.999631,112.275665,421.548218,108.776726
683,6.830000,0.004486,-0.023703,-0.012700,0.999628,112.264336,421.567749,108.756165
684,6.840000,0.004454,-0.023651,-0.012810,0.999628,112.257126,421.581909,108.738968
685,6.850000,0.004418,-0.023720,-0.012834,0.999627,112.234764,421.593353,108.721764
686,6.860000,0.004368,-0.023773,-0.012925,0.999624,112.198044,421.610931,108.709076
687,6.870000,0.004322,-0.023729,-0.013057,0.999624,112.153206,421.629364,108.701797
688,6.880000,0.004271,-0.023828,-0.013026,0.999622,112.103973,421.649902,108.695190
689,6.890000,0.004267,-0.023907,-0.013159,0.999619,112.059395,421.679169,108.690414
690,6.900000,0.004227,-0.023997,-0.013256,0.999615,112.023262,421.699829,108.675797
691,6.910000,0.004209,-0.023933,-0.013404,0.999615,111.977715,421.713623,108.659065
692,6.920000,0.004257,-0.023730,-0.013697,0.999616,111.913307,421.691803,108.654434
693,6.930000,0.004323,-0.024325,-0.012872,0.999612,111.783119,421.647888,108.667183
694,6.940000,0.004444,-0.024284,-0.012825,0.999613,111.701942,421.616516,108.692245
695,6.950000,0.004519,-0.024489,-0.012503,0.999612,111.605339,421.578735,108.711090
696,6.960000,0.004602,-0.024691,-0.011998,0.999613,111.493828,421.552002,108.718803
697,6.970000,0.004596,-0.024740,-0.011872,0.999613,111.408882,421.521637,108.712219
698,6.980000,0.004561,-0.024660,-0.012007,0.999613,111.336479,421.518097,108.701935
699,6.990000,0.004616,-0.024602,-0.012250,0.999612,111.245827,421.519806,108.693336
700,7.000000,0.004557,-0.024528,-0.012784,0.999607,111.145821,421.535553,108.697624
701,7.010000,0.004600,-0.024261,-0.013514,0.999604,111.056274,421.577545,108.707268
702,7.020000,0.004543,-0.024013,-0.013918,0.999604,110.940025,421.626434,108.706047
703,7.030000,0.004474,-0.024157,-0.013841,0.999602,110.767136,421.647156,108.685196
704,7.040000,0.004467,-0.024006,-0.013715,0.999608,110.555305,421.613281,108.655441
705,7.050000,0.004342,-0.024570,-0.013127,0.999602,110.305580,421.573334,108.628708
706,7.060000,0.004351,-0.024429,-0.012999,0.999608,110.068214,421.540955,108.616585
707,7.070000,0.004347,-0.024591,-0.013009,0.999603,109.853012,421.534241,108.600281
708,7.080000,0.004313,-0.024557,-0.013528,0.999598,109.655754,421.553101,108.601173
709,7.090000,0.004404,-0.024743,-0.013464,0.999593,109.456245,421.571442,108.607384
710,7.100000,0.004480,-0.024614,-0.013518,0.999596,109.265335,421.594269,108.623344
711,7.110000,0.004495,-0.024588,-0.013657,0.999594,109.107048,421.609253,108.621155
712,7.120000,0.004456,-0.024821,-0.013588,0.999590,108.941071,421.617432,108.605759
713,7.130000,0.004492,-0.024700,-0.013721,0.999591,108.826576,421.614441,108.602715
714,7.140000,0.004645,-0.024586,-0.013719,0.999593,108.740402,421.595825,108.626358
715,7.150000,0.004784,-0.024580,-0.013776,0.999592,108.664246,421.588257,108.681900
716,7.160000,0.005003,-0.024453,-0.013606,0.999596,108.612564,421.571594,108.747009
717,7.170000,0.005250,-0.024435,-0.013525,0.999596,108.599991,421.544373,108.799713
718,7.180000,0.005279,-0.024589,-0.013438,0.999593,108.583954,421.536316,108.819336
719,7.190000,0.005351,-0.024444,-0.013599,0.999594,108.583534,421.531799,108.829155
720,7.200000,0.005397,-0.024314,-0.013772,0.999595,108.588562,421.535797,108.836479
721,7.210000,0.005495,-0.024209,-0.013940,0.999595,108.593628,421.544769,108.855095
722,7.220000,0.005615,-0.024151,-0.014002,0.999595,108.608528,421.553253,108.888596
723,7.230000,0.005655,-0.024146,-0.014065,0.999594,108.613373,421.570984,108.901558
724,7.240000,0.005539,-0.024248,-0.014127,0.999591,108.602028,421.584137,108.880379
725,7.250000,0.005285,-0.024389,-0.013832,0.999593,108.523354,421.560455,108.818260
726,7.260000,0.005071,-0.024239,-0.013731,0.999599,108.426224,421.531067,108.751839
727,7.270000,0.004959,-0.024053,-0.013777,0.999603,108.331734,421.521790,108.719063
728,7.280000,0.004976,-0.023904,-0.013964,0.999604,108.251221,421.540527,108.729301
729,7.290000,0.004989,-0.023702,-0.014377,0.999603,108.156181,421.547150,108.743874
730,7.300000,0.005045,-0.023724,-0.014327,0.999603,108.016258,421.514313,108.762657
731,7.310000,0.005199,-0.024014,-0.013546,0.999606,107.830940,421.475281,108.804436
732,7.320000,0.005398,-0.023615,-0.013890,0.999610,107.694130,421.465454,108.856071
733,7.330000,0.005533,-0.023395,-0.014291,0.999609,107.571945,421.466675,108.879440
734,7.340000,0.005527,-0.023493,-0.014412,0.999605,107.412781,421.463257,108.859528
735,7.350000,0.005326,-0.023158,-0.014751,0.999609,107.247269,421.462372,108.825882
736,7.360000,0.005131,-0.023215,-0.014842,0.999607,107.044998,421.459137,108.804893
737,7.370000,0.005280,-0.023301,-0.014246,0.999613,106.821228,421.430023,108.819725
738,7.380000,0.005380,-0.023290,-0.014316,0.999612,106.636757,421.438690,108.831184
739,7.390000,0.005267,-0.024120,-0.013390,0.999605,106.443825,421.450165,108.809265
740,7.400000,0.005101,-0.024113,-0.013431,0.999606,106.310608,421.457275,108.768814
741,7.410000,0.004994,-0.023842,-0.013767,0.999608,106.203514,421.454773,108.730904
742,7.420000,0.004915,-0.023559,-0.014187,0.999610,106.112762,421.457977,108.711891
743,7.430000,0.004912,-0.023442,-0.014324,0.999610,106.035393,421.464752,108.707153
744,7.440000,0.005058,-0.023153,-0.014697,0.999611,105.978630,421.471283,108.723785
745,7.450000,0.005138,-0.023089,-0.014859,0.999610,105.917778,421.490265,108.741196
746,7.460000,0.005145,-0.023321,-0.014789,0.999605,105.844528,421.509460,108.745247
747,7.470000,0.005020,-0.023275,-0.014754,0.999608,105.764290,421.509430,108.732430
748,7.480000,0.004909,-0.023088,-0.014740,0.999613,105.684128,421.490692,108.717560
749,7.490000,0.004878,-0.022973,-0.014313,0.999622,105.581490,421.447815,108.702805
750,7.500000,0.004912,-0.023087,-0.014026,0.999623,105.519096,421.431000,108.683754
751,7.510000,0.004806,-0.023138,-0.014252,0.999619,105.481163,421.467133,108.692406
752,7.520000,0.004849,-0.023053,-0.014391,0.999619,105.481583,421.477020,108.714027
753,7.530000,0.005131,-0.023196,-0.014117,0.999618,105.464127,421.455414,108.739151
754,7.540000,0.005210,-0.023179,-0.014208,0.999617,105.462044,421.460358,108.762375
755,7.550000,0.005185,-0.023135,-0.014444,0.999615,105.454269,421.495422,108.778404
756,7.560000,0.005201,-0.023143,-0.014638,0.999612,105.454117,421.519806,108.771202
757,7.570000,0.005186,-0.023139,-0.014879,0.999608,105.452393,421.550262,108.746880
758,7.580000,0.005104,-0.023175,-0.015037,0.999605,105.447235,421.580780,108.720406
759,7.590000,0.004944,-0.023609,-0.014823,0.999599,105.415375,421.609070,108.689796
760,7.600000,0.004916,-0.023225,-0.015192,0.999603,105.388817,421.642273,108.676697
761,7.610000,0.004801,-0.023315,-0.015210,0.999601,105.348389,421.665833,108.652206
762,7.620000,0.004797,-0.023310,-0.015290,0.999600,105.264389,421.692139,108.629112
763,7.630000,0.004662,-0.024008,-0.014673,0.999593,105.170135,421.716858,108.592979
764,7.640000,0.004611,-0.023890,-0.015022,0.999591,105.089821,421.752960,108.582939
765,7.650000,0.004521,-0.023698,-0.015580,0.999588,105.006378,421.797699,108.576714
766,7.660000,0.004527,-0.023476,-0.015944,0.999587,104.913231,421.825195,108.582932
767,7.670000,0.004602,-0.023658,-0.015929,0.999583,104.801643,421.821228,108.593796
768,7.680000,0.004701,-0.023760,-0.015584,0.999585,104.690582,421.759125,108.595016
769,7.690000,0.004681,-0.023822,-0.015152,0.999590,104.564316,421.675995,108.582977
770,7.700000,0.004744,-0.023555,-0.014976,0.999599,104.430046,421.612213,108.597198
771,7.710000,0.004921,-0.023111,-0.015262,0.999604,104.337273,421.616486,108.641724
772,7.720000,0.005001,-0.023141,-0.015275,0.999603,104.252419,421.636322,108.663200
773,7.730000,0.004894,-0.023086,-0.015712,0.999598,104.201103,421.663910,108.629845
774,7.740000,0.004663,-0.023142,-0.015720,0.999598,104.116188,421.695740,108.567162
775,7.750000,0.004514,-0.023049,-0.015786,0.999600,104.050575,421.717712,108.531021
776,7.760000,0.004509,-0.023047,-0.016014,0.999596,103.983040,421.733704,108.530426
777,7.770000,0.004616,-0.023239,-0.015848,0.999594,103.926765,421.736298,108.544373
778,7.780000,0.004696,-0.023268,-0.015934,0.999591,103.892761,421.745117,108.568939
779,7.790000,0.004831,-0.023385,-0.015865,0.999589,103.866669,421.747650,108.602211
780,7.800000,0.004967,-0.023475,-0.015868,0.999586,103.852318,421.745697,108.631912
781,7.810000,0.005032,-0.023527,-0.015920,0.999584,103.833389,421.748993,108.640404
782,7.820000,0.005003,-0.023564,-0.015954,0.999583,103.812691,421.760101,108.622040
783,7.830000,0.004932,-0.023559,-0.015954,0.999583,103.797005,421.768982,108.593239
784,7.840000,0.004827,-0.023614,-0.015764,0.999585,103.777153,421.771759,108.569122
785,7.850000,0.004772,-0.023516,-0.015771,0.999588,103.770508,421.780762,108.570724
786,7.860000,0.004737,-0.023255,-0.016183,0.999587,103.772896,421.796448,108.586075
787,7.870000,0.004747,-0.023168,-0.016285,0.999588,103.773491,421.799530,108.602280
788,7.880000,0.004782,-0.023214,-0.016269,0.999587,103.771370,421.795929,108.608589
789,7.890000,0.004803,-0.023319,-0.016242,0.999585,103.767769,421.794342,108.599625
790,7.900000,0.004775,-0.023270,-0.016378,0.999584,103.768570,421.800140,108.584465
791,7.910000,0.004772,-0.023224,-0.016409,0.999584,103.764824,421.803864,108.575317
792,7.920000,0.004780,-0.023155,-0.016472,0.999585,103.753830,421.808929,108.577599
793,7.930000,0.004789,-0.023505,-0.015909,0.999586,103.712814,421.813446,108.583313
794,7.940000,0.004782,-0.023586,-0.016011,0.999582,103.700500,421.826080,108.589935
795,7.950000,0.004834,-0.023613,-0.016047,0.999581,103.680321,421.835754,108.599525
796,7.960000,0.004838,-0.024097,-0.015670,0.999575,103.639687,421.834381,108.609306
797,7.970000,0.004891,-0.024090,-0.015744,0.999574,103.641708,421.830994,108.618202
798,7.980000,0.004935,-0.023929,-0.015941,0.999574,103.644783,421.829681,108.623688
799,7.990000,0.004978,-0.023890,-0.015829,0.999577,103.635704,421.824097,108.627510
800,8.000000,0.004979,-0.023898,-0.015729,0.999578,103.619537,421.828003,108.632233
801,8.010000,0.004960,-0.023952,-0.015706,0.999577,103.607422,421.837708,108.636856
802,8.020000,0.004989,-0.023955,-0.015863,0.999575,103.591583,421.843872,108.643372
803,8.030000,0.005094,-0.023890,-0.015866,0.999576,103.555916,421.849060,108.651154
804,8.040000,0.005146,-0.023695,-0.016236,0.999574,103.531845,421.866028,108.648720
805,8.050000,0.005149,-0.023621,-0.016612,0.999570,103.503067,421.897614,108.634346
806,8.060000,0.005025,-0.023887,-0.016700,0.999563,103.446655,421.944458,108.594734
807,8.070000,0.004808,-0.023708,-0.017184,0.999560,103.375748,422.001373,108.544815
808,8.080000,0.004658,-0.023646,-0.017477,0.999557,103.285667,422.047302,108.495956
809,8.090000,0.004553,-0.023613,-0.017654,0.999555,103.189217,422.080017,108.459709
810,8.100000,0.004455,-0.023577,-0.017748,0.999555,103.085945,422.103851,108.433174
811,8.110000,0.004374,-0.023846,-0.017325,0.999556,102.963486,422.103027,108.410835
812,8.120000,0.004168,-0.023794,-0.016794,0.999567,102.825401,422.003967,108.376991
813,8.130000,0.004173,-0.023472,-0.016290,0.999583,102.659103,421.857483,108.358116
814,8.140000,0.004330,-0.022953,-0.016427,0.999592,102.554153,421.757812,108.374878
815,8.150000,0.004474,-0.022780,-0.016399,0.999596,102.507416,421.741302,108.433411
816,8.160000,0.004655,-0.022960,-0.016323,0.999592,102.502411,421.748322,108.493362
817,8.170000,0.004647,-0.023000,-0.016573,0.999587,102.501213,421.750671,108.504135
818,8.180000,0.004683,-0.022916,-0.016414,0.999592,102.502968,421.739471,108.496742
819,8.190000,0.004675,-0.022709,-0.016425,0.999596,102.525658,421.733429,108.496758
820,8.200000,0.004632,-0.022633,-0.016531,0.999596,102.539856,421.733704,108.466576
821,8.210000,0.004525,-0.022631,-0.016735,0.999594,102.560913,421.747406,108.409050
822,8.220000,0.004273,-0.022984,-0.016717,0.999587,102.547302,421.794281,108.350616
823,8.230000,0.004182,-0.023116,-0.016468,0.999588,102.536995,421.826385,108.327942
824,8.240000,0.004161,-0.023404,-0.016412,0.999583,102.502785,421.844879,108.320053
825,8.250000,0.004209,-0.023501,-0.016429,0.999580,102.471092,421.857056,108.331230
826,8.260000,0.004263,-0.023429,-0.016603,0.999579,102.441223,421.855804,108.356628
827,8.270000,0.004370,-0.023511,-0.016449,0.999579,102.397850,421.847260,108.385941
828,8.280000,0.004401,-0.023541,-0.016645,0.999575,102.351349,421.850250,108.412857
829,8.290000,0.004437,-0.023460,-0.016695,0.999576,102.338409,421.853790,108.429939
830,8.300000,0.004425,-0.023276,-0.016953,0.999576,102.335220,421.866547,108.429550
831,8.310000,0.004309,-0.023313,-0.016894,0.999576,102.332275,421.878906,108.397514
832,8.320000,0.004179,-0.023266,-0.016959,0.999577,102.336258,421.889130,108.331520
833,8.330000,0.004064,-0.023296,-0.017002,0.999576,102.318909,421.900635,108.276749
834,8.340000,0.004038,-0.023305,-0.016988,0.999576,102.296158,421.902466,108.235001
835,8.350000,0.004064,-0.023245,-0.016976,0.999577,102.278160,421.901062,108.226921
836,8.360000,0.004097,-0.023294,-0.016861,0.999578,102.258942,421.905121,108.229828
837,8.370000,0.004126,-0.023329,-0.016820,0.999578,102.235703,421.911652,108.248802
838,8.380000,0.004203,-0.023505,-0.016475,0.999579,102.204124,421.900421,108.267471
839,8.390000,0.004265,-0.023558,-0.016368,0.999579,102.180016,421.889465,108.281410
840,8.400000,0.004292,-0.023539,-0.016256,0.999582,102.162361,421.880066,108.286652
841,8.410000,0.004239,-0.023524,-0.016106,0.999585,102.136253,421.869720,108.278862
842,8.420000,0.004151,-0.023425,-0.016012,0.999589,102.125565,421.870911,108.267044
843,8.430000,0.004093,-0.023355,-0.015896,0.999592,102.123795,421.875397,108.261871
844,8.440000,0.004055,-0.023310,-0.015749,0.999596,102.136330,421.875275,108.261490
845,8.450000,0.004014,-0.023345,-0.015460,0.999600,102.159599,421.870331,108.261719
846,8.460000,0.004028,-0.023442,-0.015171,0.999602,102.180237,421.862457,108.250679
847,8.470000,0.004018,-0.023533,-0.014921,0.999604,102.195618,421.855530,108.232689
848,8.480000,0.003968,-0.023367,-0.015004,0.999606,102.230301,421.849792,108.219620
849,8.490000,0.003938,-0.023309,-0.014857,0.999610,102.248306,421.849213,108.216896
850,8.500000,0.003930,-0.023248,-0.014670,0.999614,102.251511,421.846008,108.224297
851,8.510000,0.003936,-0.023158,-0.014415,0.999620,102.235779,421.836639,108.240379
852,8.520000,0.003927,-0.023019,-0.014247,0.999626,102.210846,421.826660,108.259621
853,8.530000,0.003906,-0.023165,-0.013660,0.999631,102.167137,421.805511,108.276421
854,8.540000,0.003973,-0.022993,-0.013641,0.999635,102.147614,421.775391,108.304932
855,8.550000,0.004143,-0.022691,-0.013633,0.999641,102.160400,421.734863,108.342522
856,8.560000,0.004276,-0.022538,-0.013523,0.999645,102.160904,421.703979,108.381287
857,8.570000,0.004417,-0.022267,-0.013612,0.999650,102.167709,421.677673,108.421082
858,8.580000,0.004456,-0.022190,-0.013699,0.999650,102.155739,421.666107,108.457611
859,8.590000,0.004518,-0.022086,-0.013581,0.999654,102.146286,421.652191,108.479256
860,8.600000,0.004536,-0.022116,-0.013299,0.999657,102.125053,421.628723,108.477623
861,8.610000,0.004474,-0.022132,-0.012868,0.999662,102.101631,421.602325,108.459877
862,8.620000,0.004376,-0.022201,-0.012525,0.999665,102.070007,421.583496,108.451599
863,8.630000,0.004427,-0.022075,-0.012136,0.999673,102.036919,421.562408,108.469429
864,8.640000,0.004469,-0.021974,-0.012020,0.999676,102.033455,421.541962,108.489578
865,8.650000,0.004453,-0.022228,-0.011823,0.999673,102.049698,421.517395,108.508102
866,8.660000,0.004465,-0.022015,-0.011757,0.999679,102.069824,421.493744,108.540581
867,8.670000,0.004553,-0.022120,-0.011416,0.999680,102.099716,421.457245,108.572769
868,8.680000,0.004619,-0.021967,-0.011287,0.999684,102.135063,421.420898,108.602119
869,8.690000,0.004669,-0.021776,-0.011295,0.999688,102.189041,421.384247,108.631119
870,8.700000,0.004756,-0.021688,-0.011013,0.999693,102.241898,421.336121,108.663826
871,8.710000,0.004845,-0.021699,-0.010678,0.999696,102.303162,421.292786,108.689430
872,8.720000,0.004946,-0.021674,-0.010386,0.999699,102.370010,421.251617,108.708733
873,8.730000,0.005138,-0.021586,-0.009903,0.999705,102.462212,421.193848,108.734940
874,8.740000,0.005239,-0.021383,-0.009652,0.999711,102.561188,421.140778,108.777916
875,8.750000,0.005359,-0.021230,-0.009828,0.999712,102.657272,421.091156,108.829216
876,8.760000,0.005424,-0.021115,-0.009804,0.999714,102.740562,421.046936,108.880165
877,8.770000,0.005396,-0.020924,-0.009749,0.999719,102.814949,421.014313,108.924484
878,8.780000,0.005331,-0.021073,-0.009281,0.999721,102.867676,420.980835,108.960571
879,8.790000,0.005393,-0.021218,-0.008694,0.999723,102.917694,420.937714,108.999107
880,8.800000,0.005499,-0.021002,-0.008692,0.999727,103.002419,420.888824,109.034019
881,8.810000,0.005584,-0.020983,-0.008494,0.999728,103.085381,420.854065,109.057365
882,8.820000,0.005684,-0.021131,-0.007914,0.999729,103.183159,420.822449,109.054993
883,8.830000,0.005593,-0.021171,-0.007877,0.999729,103.273811,420.819794,109.044258
884,8.840000,0.005482,-0.021321,-0.007821,0.999727,103.395020,420.835236,109.016487
885,8.850000,0.005369,-0.021680,-0.007440,0.999723,103.537880,420.882965,108.992447
886,8.860000,0.005330,-0.022012,-0.007166,0.999718,103.676498,420.938385,108.984184
887,8.870000,0.005270,-0.021650,-0.007386,0.999724,103.834793,420.958679,108.977798
888,8.880000,0.005222,-0.021462,-0.007628,0.999727,103.951218,420.969757,108.964760
889,8.890000,0.005238,-0.021315,-0.007851,0.999728,104.044502,420.991913,108.970192
890,8.900000,0.005291,-0.021213,-0.008034,0.999729,104.117989,421.022217,108.992920
891,8.910000,0.005376,-0.021254,-0.008216,0.999726,104.166344,421.047516,109.010338
892,8.920000,0.005393,-0.021245,-0.008291,0.999725,104.178261,421.056122,109.011795
893,8.930000,0.005356,-0.021271,-0.008262,0.999725,104.165558,421.062073,109.003456
894,8.940000,0.005371,-0.021211,-0.008290,0.999726,104.149246,421.059235,108.999672
895,8.950000,0.005417,-0.021405,-0.008029,0.999724,104.109100,421.054901,108.998642
896,8.960000,0.005397,-0.021312,-0.008347,0.999723,104.110100,421.063202,108.994156
897,8.970000,0.005347,-0.021312,-0.008462,0.999723,104.098274,421.076019,108.982201
898,8.980000,0.005277,-0.021366,-0.008521,0.999721,104.082298,421.092194,108.962616
899,8.990000,0.005214,-0.021333,-0.008562,0.999722,104.066635,421.105255,108.942451
900,9.000000,0.005152,-0.021340,-0.008633,0.999722,104.047928,421.120605,108.919090
901,9.010000,0.005079,-0.021338,-0.008657,0.999722,104.039146,421.133301,108.890480
902,9.020000,0.005058,-0.021340,-0.008667,0.999722,104.028915,421.136261,108.869400
903,9.030000,0.005024,-0.021271,-0.008798,0.999722,104.023209,421.143066,108.863647
904,9.040000,0.005020,-0.021375,-0.008832,0.999720,104.004509,421.146027,108.881821
905,9.050000,0.005204,-0.021270,-0.008746,0.999722,104.019508,421.126770,108.924004
906,9.060000,0.005342,-0.021354,-0.008458,0.999722,104.018158,421.108917,108.964088
907,9.070000,0.005427,-0.021379,-0.008226,0.999723,104.016663,421.088898,108.993767
908,9.080000,0.005459,-0.021331,-0.008180,0.999724,104.019699,421.081146,109.007156
909,9.090000,0.005406,-0.021811,-0.007700,0.999718,103.989616,421.078064,109.006111
910,9.100000,0.005414,-0.021762,-0.007668,0.999719,103.986588,421.075989,109.011391
911,9.110000,0.005418,-0.021673,-0.007691,0.999721,103.991295,421.074066,109.020821
912,9.120000,0.005420,-0.021631,-0.007706,0.999722,103.996803,421.073883,109.025795
913,9.130000,0.005383,-0.021683,-0.007560,0.999722,103.994934,421.075073,109.021538
914,9.140000,0.005368,-0.021256,-0.007936,0.999728,104.028572,421.078064,109.015175
915,9.150000,0.005326,-0.021142,-0.007996,0.999730,104.044624,421.080688,109.007782
916,9.160000,0.005278,-0.021140,-0.007925,0.999731,104.051582,421.081329,108.997375
917,9.170000,0.005218,-0.021050,-0.007871,0.999734,104.056129,421.074463,108.985306
918,9.180000,0.005168,-0.020710,-0.008096,0.999739,104.071510,421.062469,108.985611
919,9.190000,0.005200,-0.020606,-0.008061,0.999742,104.081230,421.046356,109.001015
920,9.200000,0.005325,-0.020752,-0.007677,0.999741,104.078880,421.022675,109.037102
921,9.210000,0.005452,-0.020771,-0.007608,0.999741,104.087036,421.002441,109.071465
922,9.220000,0.005522,-0.020591,-0.007732,0.999743,104.099777,420.990906,109.102631
923,9.230000,0.005506,-0.021021,-0.007370,0.999737,104.081345,420.989258,109.121712
924,9.240000,0.005488,-0.021036,-0.007314,0.999737,104.087013,420.990540,109.132210
925,9.250000,0.005438,-0.021103,-0.007241,0.999736,104.096024,420.994568,109.129372
926,9.260000,0.005370,-0.021139,-0.007113,0.999737,104.106148,420.995239,109.115959
927,9.270000,0.005322,-0.021143,-0.007017,0.999738,104.125366,420.990631,109.100761
928,9.280000,0.005318,-0.020463,-0.007659,0.999747,104.197472,420.984528,109.092140
929,9.290000,0.005270,-0.020274,-0.007808,0.999750,104.257271,420.981445,109.078644
930,9.300000,0.005276,-0.020203,-0.007703,0.999752,104.335632,420.970337,109.060791
931,9.310000,0.005213,-0.020347,-0.007593,0.999751,104.423912,420.962250,109.042778
932,9.320000,0.005087,-0.020379,-0.007837,0.999749,104.541626,420.954834,109.027908
933,9.330000,0.005067,-0.020624,-0.007531,0.999746,104.624924,420.937286,109.032425
934,9.340000,0.005146,-0.020676,-0.007350,0.999746,104.724365,420.931732,109.049232
935,9.350000,0.005244,-0.020757,-0.007375,0.999744,104.859291,420.958923,109.086029
936,9.360000,0.005290,-0.021019,-0.007135,0.999740,105.000847,420.965271,109.118370
937,9.370000,0.005245,-0.021189,-0.006671,0.999740,105.127335,420.945709,109.118629
938,9.380000,0.005172,-0.021310,-0.006193,0.999740,105.264008,420.911163,109.099800
939,9.390000,0.005122,-0.020823,-0.006241,0.999751,105.470970,420.888306,109.098900
940,9.400000,0.005124,-0.020737,-0.006090,0.999753,105.671364,420.892609,109.115196
941,9.410000,0.005216,-0.020728,-0.005995,0.999754,105.959740,420.906219,109.127518
942,9.420000,0.005290,-0.020704,-0.006141,0.999753,106.233940,420.930603,109.148087
943,9.430000,0.005331,-0.021029,-0.005856,0.999748,106.480400,420.934540,109.172615
944,9.440000,0.005398,-0.021014,-0.005950,0.999747,106.766243,420.927795,109.203400
945,9.450000,0.005499,-0.021300,-0.005672,0.999742,107.034164,420.909637,109.239227
946,9.460000,0.005601,-0.020870,-0.006052,0.999748,107.355438,420.894897,109.282600
947,9.470000,0.005713,-0.020779,-0.005913,0.999750,107.667175,420.879333,109.318306
948,9.480000,0.005655,-0.021005,-0.005367,0.999749,107.955063,420.882172,109.353546
949,9.490000,0.005670,-0.021259,-0.004998,0.999745,108.235229,420.895264,109.390877
950,9.500000,0.005602,-0.021376,-0.004999,0.999743,108.521492,420.907349,109.418175
951,9.510000,0.005506,-0.021295,-0.005100,0.999745,108.812454,420.897003,109.429169
952,9.520000,0.005647,-0.020781,-0.005269,0.999754,109.121300,420.879517,109.450241
953,9.530000,0.005867,-0.020652,-0.005237,0.999756,109.404854,420.875854,109.473595
954,9.540000,0.005868,-0.020799,-0.005321,0.999752,109.691254,420.887848,109.489319
955,9.550000,0.005782,-0.021188,-0.005227,0.999745,109.953499,420.898010,109.498550
956,9.560000,0.005624,-0.021355,-0.004868,0.999744,110.157738,420.888245,109.497818
957,9.570000,0.005649,-0.021350,-0.004313,0.999747,110.369026,420.847198,109.495636
958,9.580000,0.005687,-0.021087,-0.004383,0.999752,110.579491,420.832214,109.527550
959,9.590000,0.005775,-0.021216,-0.004368,0.999749,110.776466,420.850922,109.559700
960,9.600000,0.005886,-0.021143,-0.004569,0.999749,110.999588,420.836426,109.577629
961,9.610000,0.005934,-0.020865,-0.004981,0.999752,111.200050,420.834229,109.602188
962,9.620000,0.005920,-0.020723,-0.005039,0.999755,111.371864,420.843536,109.632118
963,9.630000,0.005985,-0.020698,-0.004975,0.999756,111.538734,420.851471,109.680817
964,9.640000,0.006075,-0.021030,-0.004773,0.999749,111.697838,420.838257,109.730782
965,9.650000,0.006069,-0.021203,-0.004407,0.999747,111.846741,420.805695,109.766670
966,9.660000,0.006100,-0.021188,-0.004079,0.999749,111.986488,420.774567,109.790329
967,9.670000,0.006184,-0.021385,-0.003589,0.999746,112.139572,420.750946,109.818398
968,9.680000,0.006225,-0.021499,-0.003417,0.999744,112.309135,420.739899,109.856277
969,9.690000,0.006331,-0.021579,-0.003375,0.999741,112.491112,420.721436,109.896019
970,9.700000,0.006320,-0.021804,-0.003034,0.999738,112.670395,420.677490,109.914047
971,9.710000,0.006387,-0.021581,-0.003051,0.999742,112.867798,420.615662,109.935829
972,9.720000,0.006509,-0.021449,-0.002786,0.999745,113.076355,420.567230,109.970779
973,9.730000,0.006619,-0.020788,-0.003263,0.999757,113.361946,420.566101,110.034119
974,9.740000,0.006636,-0.020822,-0.003313,0.999756,113.626793,420.583801,110.097679
975,9.750000,0.006723,-0.020898,-0.003102,0.999754,113.929634,420.591888,110.154594
976,9.760000,0.006621,-0.021463,-0.002576,0.999744,114.207787,420.579437,110.181473
977,9.770000,0.006565,-0.021246,-0.002518,0.999750,114.501053,420.587585,110.224075
978,9.780000,0.006722,-0.020871,-0.002893,0.999755,114.816086,420.604065,110.273735
979,9.790000,0.006747,-0.020919,-0.003275,0.999753,115.142189,420.614868,110.310287
980,9.800000,0.006936,-0.021140,-0.002899,0.999748,115.465103,420.606567,110.345718
981,9.810000,0.006925,-0.021542,-0.002434,0.999741,115.761574,420.601532,110.378029
982,9.820000,0.006947,-0.020980,-0.002759,0.999752,116.106369,420.597168,110.429405
983,9.830000,0.007051,-0.020978,-0.002619,0.999752,116.394997,420.593475,110.470123
984,9.840000,0.007176,-0.020796,-0.002758,0.999754,116.707352,420.587372,110.495636
985,9.850000,0.007161,-0.021104,-0.002364,0.999749,116.986839,420.582855,110.481422
986,9.860000,0.007156,-0.021163,-0.002153,0.999748,117.253746,420.576233,110.471458
987,9.870000,0.007073,-0.021560,-0.002044,0.999741,117.523743,420.586365,110.456268
988,9.880000,0.006841,-0.022542,-0.001321,0.999722,117.750702,420.615143,110.451981
989,9.890000,0.006917,-0.021120,-0.002504,0.999750,118.104454,420.633728,110.465569
990,9.900000,0.006902,-0.021174,-0.002336,0.999749,118.373093,420.632324,110.469482
991,9.910000,0.006992,-0.020866,-0.002447,0.999755,118.641487,420.616394,110.482010
992,9.920000,0.007013,-0.020812,-0.002671,0.999755,118.903313,420.606201,110.494759
993,9.930000,0.007064,-0.021171,-0.002200,0.999749,119.136650,420.590332,110.505531
994,9.940000,0.007081,-0.021308,-0.001847,0.999746,119.354080,420.584625,110.514565
995,9.950000,0.007046,-0.021236,-0.001666,0.999748,119.590622,420.594177,110.526070
996,9.960000,0.006849,-0.020851,-0.002257,0.999757,119.855736,420.605347,110.536583
997,9.970000,0.006734,-0.021495,-0.001549,0.999745,120.077927,420.602600,110.556885
998,9.980000,0.006764,-0.021844,-0.001084,0.999738,120.307907,420.590515,110.578163
999,9.990000,0.006941,-0.021303,-0.001421,0.999748,120.586357,420.578400,110.617783
1000,10.000000,0.007080,-0.021184,-0.001479,0.999749,120.831764,420.560944,110.660393
1001,10.010000,0.007191,-0.021071,-0.001275,0.999751,121.072784,420.544495,110.703499
1002,10.020000,0.007263,-0.020620,-0.001780,0.999759,121.371071,420.545441,110.748421
1003,10.030000,0.007267,-0.020421,-0.002129,0.999763,121.671455,420.557037,110.789459
1004,10.040000,0.007181,-0.020506,-0.002162,0.999762,121.935081,420.573517,110.815590
1005,10.050000,0.007235,-0.020675,-0.002023,0.999758,122.211418,420.567352,110.818634
1006,10.060000,0.007131,-0.021869,-0.000775,0.999735,122.396904,420.562988,110.817238
1007,10.070000,0.007096,-0.021960,-0.000612,0.999734,122.662292,420.556458,110.819016
1008,10.080000,0.007132,-0.020607,-0.001834,0.999761,122.998856,420.574615,110.831779
1009,10.090000,0.007085,-0.020555,-0.001780,0.999762,123.271919,420.592072,110.829491
1010,10.100000,0.007043,-0.020665,-0.001797,0.999760,123.551041,420.604767,110.833382
1011,10.110000,0.007000,-0.020587,-0.002189,0.999761,123.803909,420.619110,110.859390
1012,10.120000,0.007241,-0.020683,-0.001647,0.999759,124.067245,420.605530,110.894142
1013,10.130000,0.007317,-0.020750,-0.001537,0.999757,124.314262,420.607574,110.926888
1014,10.140000,0.007193,-0.021580,-0.001051,0.999741,124.555580,420.604004,110.930733
1015,10.150000,0.007135,-0.021783,-0.000819,0.999737,124.789345,420.597717,110.936165
1016,10.160000,0.007139,-0.021639,-0.001042,0.999740,125.042137,420.603760,110.955513
1017,10.170000,0.007267,-0.020812,-0.001568,0.999756,125.328438,420.602386,110.989075
1018,10.180000,0.007327,-0.020423,-0.001767,0.999763,125.597923,420.596741,111.012756
1019,10.190000,0.007138,-0.021083,-0.001496,0.999751,125.801239,420.604675,111.013763
1020,10.200000,0.007138,-0.020640,-0.002037,0.999759,126.055435,420.607758,111.019279
1021,10.210000,0.007184,-0.020312,-0.001931,0.999766,126.293213,420.605743,111.035500
1022,10.220000,0.007202,-0.020124,-0.001875,0.999770,126.516670,420.610565,111.065918
1023,10.230000,0.007234,-0.020384,-0.001909,0.999764,126.758156,420.611206,111.096947
1024,10.240000,0.007191,-0.021794,-0.000523,0.999737,126.909744,420.598969,111.112411
1025,10.250000,0.007216,-0.021977,-0.000336,0.999732,127.097801,420.597504,111.127129
1026,10.260000,0.007308,-0.022027,-0.000144,0.999731,127.309975,420.590363,111.137558
1027,10.270000,0.007289,-0.022152,-0.000129,0.999728,127.513618,420.589355,111.149277
1028,10.280000,0.007369,-0.020882,-0.001429,0.999754,127.789215,420.595276,111.172310
1029,10.290000,0.007264,-0.020996,-0.001808,0.999752,127.976921,420.612488,111.190781
1030,10.300000,0.007315,-0.021126,-0.001652,0.999749,128.173523,420.617737,111.202560
1031,10.310000,0.007404,-0.020886,-0.001473,0.999753,128.411514,420.619507,111.219193
1032,10.320000,0.007401,-0.020885,-0.001293,0.999754,128.591202,420.619873,111.238701
1033,10.330000,0.007389,-0.020559,-0.001463,0.999760,128.777008,420.620728,111.261810
1034,10.340000,0.007421,-0.020795,-0.001283,0.999755,128.946732,420.616150,111.285370
1035,10.350000,0.007404,-0.020935,-0.001572,0.999752,129.136383,420.614990,111.309586
1036,10.360000,0.007400,-0.021771,-0.000647,0.999735,129.235931,420.612579,111.332184
1037,10.370000,0.007482,-0.022056,-0.000345,0.999729,129.358093,420.607513,111.357208
1038,10.380000,0.007461,-0.022166,-0.000141,0.999726,129.484543,420.598755,111.377792
1039,10.390000,0.007567,-0.021659,-0.000541,0.999737,129.657944,420.589050,111.401146
1040,10.400000,0.007643,-0.021647,-0.000545,0.999736,129.832413,420.577606,111.415581
1041,10.410000,0.007528,-0.022024,-0.000721,0.999729,129.962708,420.601898,111.431419
1042,10.420000,0.007474,-0.022213,-0.000878,0.999725,130.127411,420.634918,111.436768
1043,10.430000,0.007544,-0.021575,-0.001434,0.999738,130.328506,420.641998,111.452072
1044,10.440000,0.007566,-0.021566,-0.001503,0.999738,130.511078,420.635437,111.472725
1045,10.450000,0.007749,-0.021534,-0.001025,0.999738,130.739258,420.604828,111.497650
1046,10.460000,0.007814,-0.021478,-0.000972,0.999738,130.933014,420.604858,111.522942
1047,10.470000,0.007834,-0.021350,-0.001250,0.999741,131.161896,420.610077,111.544296
1048,10.480000,0.007956,-0.021533,-0.000931,0.999736,131.401764,420.610168,111.560715
1049,10.490000,0.008046,-0.021456,-0.000973,0.999737,131.638535,420.611053,111.606216
1050,10.500000,0.008074,-0.021407,-0.001076,0.999738,131.898636,420.598236,111.650375
1051,10.510000,0.008159,-0.021892,-0.000521,0.999727,132.142944,420.580750,111.681961
1052,10.520000,0.007943,-0.022582,-0.000363,0.999713,132.344559,420.600464,111.686226
1053,10.530000,0.007912,-0.022358,-0.000881,0.999718,132.619919,420.619995,111.701698
1054,10.540000,0.008068,-0.021365,-0.001518,0.999738,132.998810,420.627502,111.722900
1055,10.550000,0.008171,-0.020997,-0.001650,0.999745,133.328018,420.631561,111.733597
1056,10.560000,0.008043,-0.021517,-0.001178,0.999735,133.629166,420.643341,111.714844
1057,10.570000,0.007410,-0.022505,-0.000859,0.999719,133.877869,420.712585,111.667038
1058,10.580000,0.007258,-0.022979,-0.000627,0.999709,134.166641,420.764587,111.613167
1059,10.590000,0.007670,-0.021550,-0.001800,0.999737,134.594360,420.766998,111.648399
1060,10.600000,0.007993,-0.021044,-0.002144,0.999744,134.963562,420.747711,111.724876
1061,10.610000,0.008166,-0.021280,-0.001958,0.999738,135.301849,420.711029,111.769707
1062,10.620000,0.008201,-0.021693,-0.001252,0.999730,135.638611,420.677277,111.787819
1063,10.630000,0.008052,-0.022462,-0.000634,0.999715,135.974915,420.705719,111.817833
1064,10.640000,0.007942,-0.022261,-0.001593,0.999719,136.348297,420.750305,111.889885
1065,10.650000,0.008141,-0.021925,-0.002051,0.999724,136.785065,420.748840,111.917923
1066,10.660000,0.008156,-0.021896,-0.001679,0.999726,137.214340,420.737732,111.902496
1067,10.670000,0.008144,-0.021698,-0.001639,0.999730,137.646652,420.734070,111.890190
1068,10.680000,0.008026,-0.021634,-0.001793,0.999732,138.085571,420.759216,111.886162
1069,10.690000,0.007936,-0.022612,-0.001091,0.999712,138.480469,420.805389,111.876671
1070,10.700000,0.007907,-0.022149,-0.001561,0.999722,138.981155,420.829041,111.870430
1071,10.710000,0.007931,-0.021404,-0.002253,0.999737,139.494324,420.841919,111.879204
1072,10.720000,0.007807,-0.021520,-0.002451,0.999735,139.951416,420.856018,111.897499
1073,10.730000,0.007845,-0.022749,-0.001307,0.999710,140.380737,420.861237,111.924179
1074,10.740000,0.007939,-0.022957,-0.001133,0.999704,140.845718,420.856445,111.957253
1075,10.750000,0.008152,-0.022275,-0.001550,0.999718,141.402710,420.835968,111.995796
1076,10.760000,0.008308,-0.022163,-0.001421,0.999719,141.921112,420.833618,112.035461
1077,10.770000,0.008180,-0.021850,-0.002215,0.999725,142.456696,420.862396,112.093872
1078,10.780000,0.008212,-0.022227,-0.002014,0.999717,142.946167,420.881653,112.140404
1079,10.790000,0.008350,-0.022573,-0.001346,0.999709,143.519592,420.875336,112.160370
1080,10.800000,0.008285,-0.022764,-0.001395,0.999706,144.050232,420.892731,112.186386
1081,10.810000,0.008058,-0.022308,-0.002199,0.999716,144.577026,420.938568,112.228966
1082,10.820000,0.008111,-0.022594,-0.001872,0.999710,145.130188,420.944427,112.266953
1083,10.830000,0.008240,-0.022601,-0.001599,0.999709,145.696838,420.938477,112.312218
1084,10.840000,0.008172,-0.022928,-0.001599,0.999703,146.230820,420.963287,112.348267
1085,10.850000,0.008226,-0.022541,-0.002106,0.999710,146.788361,420.979980,112.376854
1086,10.860000,0.008131,-0.023272,-0.001745,0.999695,147.330170,420.981598,112.385345
1087,10.870000,0.008206,-0.022213,-0.002317,0.999717,147.929825,420.981781,112.413765
1088,10.880000,0.008162,-0.022300,-0.002176,0.999716,148.465530,420.990509,112.438965
1089,10.890000,0.008201,-0.022436,-0.002226,0.999712,149.014008,420.986145,112.453178
1090,10.900000,0.008182,-0.022643,-0.002238,0.999708,149.526321,420.989502,112.460609
1091,10.910000,0.008415,-0.023240,-0.002172,0.999692,150.176056,420.959015,112.490501
1092,10.920000,0.008383,-0.023658,-0.001843,0.999683,150.655273,420.960052,112.510864
1093,10.930000,0.008472,-0.023151,-0.002406,0.999693,151.206894,420.952789,112.529678
1094,10.940000,0.008538,-0.023105,-0.002188,0.999694,151.737411,420.942871,112.537453
1095,10.950000,0.008470,-0.023578,-0.001777,0.999685,152.257217,420.958160,112.541321
1096,10.960000,0.007741,-0.026757,0.005296,0.999598,152.752182,420.967743,112.531281
1097,10.970000,0.005655,-0.035889,0.024033,0.999051,153.154312,420.952881,112.510239
1098,10.980000,0.005593,-0.037147,0.026492,0.998943,153.547318,420.916748,112.509567
1099,10.990000,0.005430,-0.037236,0.025667,0.998962,153.955750,420.943359,112.506897
1100,11.000000,0.005564,-0.036216,0.024505,0.999028,154.408798,420.954163,112.517929
1101,11.010000,0.005522,-0.036580,0.024970,0.999003,154.823212,420.966644,112.522118
1102,11.020000,0.005624,-0.036896,0.025738,0.998972,155.182999,420.946136,112.544342
1103,11.030000,0.005776,-0.037128,0.025634,0.998965,155.537582,420.926361,112.578041
1104,11.040000,0.005928,-0.036435,0.024617,0.999015,155.921112,420.918518,112.615585
1105,11.050000,0.006077,-0.035911,0.023568,0.999059,156.310577,420.916351,112.677422
1106,11.060000,0.006170,-0.035460,0.023246,0.999082,156.661285,420.891052,112.756561
1107,11.070000,0.006396,-0.035336,0.023001,0.999090,156.986511,420.869080,112.832962
1108,11.080000,0.006365,-0.037177,0.026048,0.998949,157.318542,420.842468,112.868401
1109,11.090000,0.006354,-0.036903,0.025298,0.998978,157.662674,420.866211,112.933937
1110,11.100000,0.006392,-0.036435,0.024732,0.999010,158.003006,420.864166,113.004753
1111,11.110000,0.006548,-0.036159,0.024118,0.999034,158.356827,420.870392,113.065613
1112,11.120000,0.006602,-0.035549,0.022778,0.999087,158.751984,420.891022,113.091660
1113,11.130000,0.006454,-0.035264,0.021837,0.999119,159.125656,420.932465,113.100578
1114,11.140000,0.006220,-0.036225,0.023579,0.999046,159.508286,420.980957,113.086067
1115,11.150000,0.006320,-0.036033,0.022866,0.999069,159.884644,421.012909,113.118263
1116,11.160000,0.006421,-0.035538,0.021605,0.999114,160.258850,421.045044,113.156723
1117,11.170000,0.006545,-0.034850,0.020296,0.999165,160.653107,421.070862,113.191833
1118,11.180000,0.006505,-0.034719,0.019892,0.999178,160.991150,421.080597,113.209457
1119,11.190000,0.006446,-0.034468,0.018953,0.999205,161.318390,421.110199,113.246086
1120,11.200000,0.006549,-0.034857,0.019527,0.999180,161.636047,421.106689,113.281830
1121,11.210000,0.006703,-0.034878,0.019239,0.999184,161.938538,421.105591,113.302299
1122,11.220000,0.006792,-0.034036,0.018192,0.999232,162.251312,421.116089,113.303902
1123,11.230000,0.006747,-0.033636,0.017235,0.999263,162.555481,421.114258,113.287582
1124,11.240000,0.006687,-0.034531,0.018943,0.999202,162.805939,421.098297,113.276436
1125,11.250000,0.006802,-0.035033,0.020337,0.999156,163.072403,421.082062,113.280830
1126,11.260000,0.006653,-0.035186,0.019966,0.999159,163.328110,421.097412,113.269875
1127,11.270000,0.006519,-0.035320,0.019326,0.999168,163.555710,421.129181,113.263145
1128,11.280000,0.006525,-0.034257,0.017958,0.999230,163.830780,421.151093,113.269249
1129,11.290000,0.006565,-0.033915,0.017372,0.999252,164.050751,421.152740,113.267853
1130,11.300000,0.006523,-0.033683,0.016826,0.999270,164.247833,421.168579,113.251404
1131,11.310000,0.006516,-0.033534,0.016644,0.999278,164.414200,421.178650,113.231850
1132,11.320000,0.006592,-0.033376,0.016272,0.999289,164.553024,421.195190,113.239449
1133,11.330000,0.006692,-0.033246,0.015984,0.999297,164.652390,421.207458,113.265404
1134,11.340000,0.006330,-0.034214,0.017014,0.999250,164.723328,421.255371,113.189110
1135,11.350000,0.006146,-0.033998,0.016355,0.999269,164.759369,421.293549,113.134628
1136,11.360000,0.006070,-0.033856,0.016174,0.999277,164.769547,421.306671,113.113113
1137,11.370000,0.005943,-0.034108,0.016569,0.999263,164.729156,421.309753,113.089775
1138,11.380000,0.005946,-0.034196,0.017033,0.999252,164.680847,421.281952,113.067192
1139,11.390000,0.005826,-0.034179,0.017246,0.999250,164.627640,421.282959,113.055984
1140,11.400000,0.005740,-0.034337,0.017249,0.999245,164.592285,421.301300,113.044502
1141,11.410000,0.005844,-0.034185,0.017054,0.999253,164.570694,421.298553,113.061783
1142,11.420000,0.005912,-0.034332,0.017011,0.999248,164.553345,421.301636,113.066246
1143,11.430000,0.005842,-0.034145,0.016630,0.999262,164.564270,421.310913,113.063232
1144,11.440000,0.005815,-0.034001,0.016469,0.999269,164.579056,421.305786,113.054070
1145,11.450000,0.005739,-0.034005,0.016363,0.999271,164.597672,421.323425,113.023224
1146,11.460000,0.005407,-0.034437,0.016708,0.999253,164.606873,421.377502,112.982674
1147,11.470000,0.005350,-0.033865,0.016702,0.999273,164.684311,421.406616,112.952454
1148,11.480000,0.005172,-0.033606,0.016329,0.999288,164.727631,421.445038,112.918739
1149,11.490000,0.004958,-0.033776,0.016063,0.999288,164.743103,421.481262,112.887192
1150,11.500000,0.004926,-0.033867,0.015992,0.999286,164.736359,421.495361,112.881866
1151,11.510000,0.004840,-0.033742,0.015661,0.999296,164.731689,421.516968,112.865021
1152,11.520000,0.004807,-0.034108,0.015813,0.999281,164.676575,421.536957,112.834953
1153,11.530000,0.004736,-0.034040,0.015657,0.999287,164.621674,421.563995,112.799835
1154,11.540000,0.004651,-0.034168,0.015767,0.999281,164.548630,421.579163,112.767693
1155,11.550000,0.004535,-0.034272,0.015916,0.999276,164.457108,421.590973,112.725586
1156,11.560000,0.004442,-0.034312,0.015911,0.999275,164.361633,421.598572,112.688141
1157,11.570000,0.004375,-0.034148,0.015836,0.999282,164.260452,421.602448,112.664436
1158,11.580000,0.004352,-0.033967,0.015899,0.999287,164.143173,421.604462,112.652008
1159,11.590000,0.004313,-0.034173,0.015633,0.999284,163.990646,421.610199,112.641998
1160,11.600000,0.004247,-0.033878,0.015043,0.999304,163.885254,421.621460,112.640472
1161,11.610000,0.004170,-0.033885,0.015059,0.999304,163.795685,421.630127,112.630447
1162,11.620000,0.004077,-0.034014,0.015176,0.999298,163.721741,421.648285,112.618881
1163,11.630000,0.004058,-0.034034,0.015448,0.999293,163.660706,421.662445,112.622948
1164,11.640000,0.004005,-0.034090,0.015470,0.999291,163.631500,421.669403,112.639076
1165,11.650000,0.003960,-0.034123,0.015427,0.999291,163.620560,421.678833,112.661201
1166,11.660000,0.003871,-0.034047,0.015145,0.999298,163.632584,421.698883,112.665680
1167,11.670000,0.003749,-0.033962,0.014852,0.999306,163.665543,421.730591,112.640427
1168,11.680000,0.003535,-0.034221,0.015222,0.999292,163.711182,421.768219,112.600685
1169,11.690000,0.003477,-0.034188,0.015008,0.999297,163.761307,421.795532,112.566269
1170,11.700000,0.003383,-0.034159,0.014845,0.999300,163.809952,421.812958,112.541451
1171,11.710000,0.003363,-0.034078,0.014736,0.999305,163.851746,421.817078,112.535301
1172,11.720000,0.003398,-0.034002,0.014618,0.999309,163.879608,421.815582,112.549446
1173,11.730000,0.003473,-0.033730,0.014273,0.999323,163.909195,421.815613,112.575966
1174,11.740000,0.003552,-0.033564,0.014014,0.999332,163.908569,421.813873,112.593056
1175,11.750000,0.003547,-0.033734,0.014058,0.999326,163.879379,421.813354,112.587532
1176,11.760000,0.003517,-0.033858,0.014294,0.999318,163.824585,421.809418,112.571350
1177,11.770000,0.003448,-0.033960,0.014661,0.999310,163.771912,421.801361,112.556381
1178,11.780000,0.003410,-0.034036,0.014895,0.999304,163.721252,421.795807,112.546623
1179,11.790000,0.003354,-0.034037,0.014904,0.999304,163.666382,421.796204,112.541176
1180,11.800000,0.003361,-0.034020,0.014913,0.999304,163.627716,421.790436,112.544754
1181,11.810000,0.003484,-0.033672,0.014211,0.999326,163.602936,421.781555,112.557640
1182,11.820000,0.003528,-0.033722,0.014223,0.999324,163.592453,421.772186,112.570282
1183,11.830000,0.003554,-0.033837,0.014279,0.999319,163.611343,421.769775,112.576683
1184,11.840000,0.003564,-0.033789,0.014198,0.999322,163.648666,421.776520,112.575027
1185,11.850000,0.003439,-0.034012,0.014718,0.999307,163.700562,421.795319,112.567337
1186,11.860000,0.003464,-0.033870,0.014473,0.999316,163.750290,421.810150,112.555489
1187,11.870000,0.003444,-0.033875,0.014400,0.999316,163.785690,421.819458,112.547096
1188,11.880000,0.003411,-0.033916,0.014367,0.999316,163.810593,421.822205,112.539024
1189,11.890000,0.003431,-0.034125,0.014498,0.999307,163.824402,421.817902,112.543671
1190,11.900000,0.003493,-0.034050,0.014372,0.999311,163.849289,421.818207,112.560577
1191,11.910000,0.003515,-0.033738,0.014149,0.999324,163.867874,421.821686,112.581146
1192,11.920000,0.003515,-0.033807,0.014240,0.999321,163.846344,421.820770,112.583832
1193,11.930000,0.003494,-0.034050,0.014548,0.999308,163.792801,421.813812,112.569687
1194,11.940000,0.003429,-0.034108,0.014711,0.999304,163.745361,421.809784,112.549614
1195,11.950000,0.003363,-0.034103,0.014807,0.999303,163.702988,421.808533,112.532547
1196,11.960000,0.003313,-0.034085,0.014805,0.999304,163.665695,421.808899,112.526878
1197,11.970000,0.003340,-0.034076,0.014853,0.999303,163.641449,421.803070,112.538345
1198,11.980000,0.003424,-0.034131,0.014969,0.999299,163.634613,421.791168,112.564819
1199,11.990000,0.003591,-0.033809,0.014313,0.999319,163.639099,421.779449,112.584038
1200,12.000000,0.003613,-0.033734,0.014130,0.999324,163.647369,421.778931,112.584221
1201,12.010000,0.003573,-0.033610,0.013881,0.999332,163.671402,421.790649,112.567024
1202,12.020000,0.003405,-0.033884,0.014491,0.999315,163.700211,421.808228,112.543884
1203,12.030000,0.003385,-0.033909,0.014511,0.999314,163.730621,421.818420,112.531693
1204,12.040000,0.003374,-0.033932,0.014539,0.999313,163.758179,421.819885,112.536072
1205,12.050000,0.003437,-0.033944,0.014541,0.999312,163.781998,421.817139,112.553307
1206,12.060000,0.003499,-0.034071,0.014575,0.999307,163.792358,421.813232,112.569153
1207,12.070000,0.003519,-0.033956,0.014425,0.999313,163.807755,421.815033,112.577477
1208,12.080000,0.003499,-0.034013,0.014372,0.999312,163.801071,421.819153,112.570236
1209,12.090000,0.003444,-0.033968,0.014424,0.999313,163.795105,421.822266,112.558929
1210,12.100000,0.003401,-0.034037,0.014577,0.999308,163.776382,421.821625,112.548996
1211,12.110000,0.003402,-0.034150,0.014726,0.999303,163.753922,421.819427,112.544495
1212,12.120000,0.003403,-0.034178,0.014768,0.999301,163.728668,421.817474,112.544670
1213,12.130000,0.003407,-0.034141,0.014669,0.999304,163.707626,421.816071,112.548264
1214,12.140000,0.003429,-0.034180,0.014699,0.999302,163.684662,421.809052,112.552704
1215,12.150000,0.003549,-0.033863,0.013998,0.999322,163.667953,421.799927,112.557350
1216,12.160000,0.003567,-0.033740,0.013858,0.999328,163.663269,421.794861,112.560715
1217,12.170000,0.003571,-0.033669,0.013844,0.999331,163.667999,421.793793,112.561295
1218,12.180000,0.003445,-0.034050,0.014673,0.999307,163.674835,421.800842,112.553802
1219,12.190000,0.003421,-0.034095,0.014700,0.999305,163.680603,421.808472,112.545723
1220,12.200000,0.003408,-0.034068,0.014645,0.999306,163.692062,421.812561,112.541519
1221,12.210000,0.003406,-0.034124,0.014685,0.999304,163.705276,421.812408,112.542290
1222,12.220000,0.003443,-0.034170,0.014718,0.999302,163.721603,421.810455,112.548622
1223,12.230000,0.003454,-0.034147,0.014635,0.999304,163.742905,421.812012,112.560463
1224,12.240000,0.003479,-0.034130,0.014612,0.999305,163.763901,421.813538,112.570076
1225,12.250000,0.003493,-0.034187,0.014679,0.999302,163.774231,421.816010,112.568970
1226,12.260000,0.003477,-0.034200,0.014667,0.999301,163.778717,421.819946,112.558342
1227,12.270000,0.003445,-0.034100,0.014536,0.999307,163.779800,421.824799,112.544678
1228,12.280000,0.003401,-0.033997,0.014417,0.999312,163.775253,421.827362,112.533936
1229,12.290000,0.003401,-0.033934,0.014396,0.999315,163.769135,421.826630,112.534798
1230,12.300000,0.003439,-0.033903,0.014392,0.999316,163.758118,421.819977,112.545532
1231,12.310000,0.003461,-0.033953,0.014448,0.999313,163.735825,421.811279,112.562477
1232,12.320000,0.003493,-0.033988,0.014520,0.999311,163.712555,421.803040,112.569748
1233,12.330000,0.003582,-0.033697,0.013854,0.999330,163.690536,421.801056,112.565598
1234,12.340000,0.003446,-0.033945,0.014494,0.999313,163.674866,421.804047,112.552155
1235,12.350000,0.003398,-0.033931,0.014606,0.999312,163.668564,421.806641,112.538452
1236,12.360000,0.003356,-0.033899,0.014626,0.999313,163.665833,421.810181,112.532898
1237,12.370000,0.003379,-0.033928,0.014666,0.999311,163.674591,421.809601,112.541603
1238,12.380000,0.003429,-0.033913,0.014659,0.999311,163.695267,421.806641,112.556213
1239,12.390000,0.003465,-0.034006,0.014661,0.999308,163.710800,421.805725,112.566864
1240,12.400000,0.003469,-0.034030,0.014559,0.999309,163.729996,421.808899,112.569206
1241,12.410000,0.003468,-0.034012,0.014524,0.999310,163.758560,421.813995,112.561707
1242,12.420000,0.003437,-0.033916,0.014386,0.999315,163.785675,421.823486,112.553078
1243,12.430000,0.003431,-0.033859,0.014316,0.999318,163.804993,421.830444,112.549370
1244,12.440000,0.003415,-0.033882,0.014354,0.999317,163.813171,421.832123,112.546539
1245,12.450000,0.003442,-0.033806,0.014288,0.999320,163.817261,421.831146,112.549461
1246,12.460000,0.003436,-0.033930,0.014328,0.999316,163.793839,421.828735,112.551376
1247,12.470000,0.003447,-0.033913,0.014315,0.999316,163.773773,421.823822,112.553970
1248,12.480000,0.003446,-0.033945,0.014440,0.999313,163.747314,421.816406,112.555534
1249,12.490000,0.003434,-0.033899,0.014460,0.999315,163.721466,421.811554,112.558868
1250,12.500000,0.003430,-0.033915,0.014524,0.999313,163.694397,421.807465,112.557053
1251,12.510000,0.003419,-0.033984,0.014664,0.999309,163.669800,421.806061,112.550194
1252,12.520000,0.003383,-0.033987,0.014717,0.999308,163.653183,421.808014,112.541702
1253,12.530000,0.003355,-0.034010,0.014768,0.999307,163.646378,421.809052,112.537125
1254,12.540000,0.003382,-0.033987,0.014709,0.999308,163.660049,421.808441,112.542557
1255,12.550000,0.003415,-0.033899,0.014622,0.999313,163.684982,421.806702,112.551033
1256,12.560000,0.003450,-0.033885,0.014538,0.999314,163.712097,421.808289,112.559776
1257,12.570000,0.003474,-0.033938,0.014539,0.999312,163.739044,421.812561,112.563683
1258,12.580000,0.003482,-0.033948,0.014466,0.999313,163.765442,421.819183,112.562332
1259,12.590000,0.003472,-0.033927,0.014338,0.999316,163.787857,421.827362,112.555260
1260,12.600000,0.003446,-0.033932,0.014276,0.999316,163.801987,421.834717,112.545700
1261,12.610000,0.003401,-0.033981,0.014307,0.999314,163.808319,421.836945,112.538216
1262,12.620000,0.003414,-0.033852,0.014253,0.999319,163.806610,421.834839,112.543282
1263,12.630000,0.003449,-0.033896,0.014352,0.999316,163.793518,421.828613,112.553558
1264,12.640000,0.003465,-0.033949,0.014401,0.999314,163.768326,421.823090,112.565079
1265,12.650000,0.003474,-0.034051,0.014541,0.999308,163.738785,421.816833,112.565804
1266,12.660000,0.003446,-0.034070,0.014597,0.999307,163.709961,421.814972,112.558464
1267,12.670000,0.003404,-0.034109,0.014700,0.999304,163.682861,421.813995,112.548355
1268,12.680000,0.003385,-0.033960,0.014614,0.999311,163.672867,421.814728,112.541794
1269,12.690000,0.003357,-0.033925,0.014611,0.999312,163.663345,421.814819,112.538918
1270,12.700000,0.003373,-0.033927,0.014584,0.999312,163.663086,421.813812,112.544525
1271,12.710000,0.003407,-0.034009,0.014667,0.999308,163.671173,421.810608,112.554131
1272,12.720000,0.003434,-0.034082,0.014655,0.999306,163.683685,421.810181,112.559669
1273,12.730000,0.003444,-0.034050,0.014586,0.999308,163.704376,421.812073,112.561790
1274,12.740000,0.003452,-0.033996,0.014492,0.999311,163.730026,421.816315,112.556969
1275,12.750000,0.003443,-0.033907,0.014413,0.999315,163.758377,421.823120,112.553406
1276,12.760000,0.003437,-0.033888,0.014355,0.999317,163.777924,421.831268,112.551468
1277,12.770000,0.003439,-0.033902,0.014366,0.999316,163.788300,421.832611,112.553864
1278,12.780000,0.003453,-0.033972,0.014448,0.999312,163.785172,421.829498,112.556992
1279,12.790000,0.003461,-0.034002,0.014465,0.999311,163.775970,421.825897,112.560669
1280,12.800000,0.003469,-0.034027,0.014473,0.999310,163.764328,421.823822,112.561028
1281,12.810000,0.003461,-0.033968,0.014426,0.999313,163.753830,421.823334,112.560249
1282,12.820000,0.003443,-0.033959,0.014548,0.999311,163.739273,421.817352,112.557205
1283,12.830000,0.003405,-0.033950,0.014604,0.999311,163.723587,421.814209,112.553833
1284,12.840000,0.003403,-0.033904,0.014614,0.999313,163.710785,421.813354,112.548492
1285,12.850000,0.003395,-0.033931,0.014640,0.999311,163.698654,421.814514,112.540718
1286,12.860000,0.003377,-0.033872,0.014499,0.999315,163.693390,421.818481,112.538666
1287,12.870000,0.003399,-0.033774,0.014455,0.999319,163.698029,421.818390,112.546715
1288,12.880000,0.003436,-0.033704,0.014365,0.999323,163.708542,421.815369,112.556007
1289,12.890000,0.003464,-0.033820,0.014446,0.999318,163.715118,421.809113,112.563766
1290,12.900000,0.003459,-0.033893,0.014506,0.999314,163.724731,421.810181,112.563461
1291,12.910000,0.003441,-0.033876,0.014477,0.999315,163.735687,421.816620,112.559769
1292,12.920000,0.003423,-0.033809,0.014349,0.999319,163.746857,421.824829,112.551437
1293,12.930000,0.003409,-0.033780,0.014300,0.999321,163.756912,421.830750,112.547363
1294,12.940000,0.003423,-0.033815,0.014342,0.999319,163.765244,421.831635,112.547737
1295,12.950000,0.003436,-0.033848,0.014410,0.999317,163.775681,421.828796,112.558113
1296,12.960000,0.003446,-0.033902,0.014450,0.999315,163.777985,421.823853,112.567436
1297,12.970000,0.003482,-0.033906,0.014473,0.999314,163.775574,421.819550,112.569969
1298,12.980000,0.003469,-0.033927,0.014461,0.999314,163.762680,421.819977,112.564438
1299,12.990000,0.003437,-0.033884,0.014418,0.999316,163.749664,421.822205,112.554726
1300,13.000000,0.003398,-0.033838,0.014321,0.999319,163.737854,421.827820,112.545967
1301,13.010000,0.003384,-0.033799,0.014303,0.999321,163.729675,421.828491,112.542412
1302,13.020000,0.003389,-0.033897,0.014467,0.999315,163.716690,421.821442,112.546471
1303,13.030000,0.003416,-0.033933,0.014508,0.999313,163.706696,421.814178,112.553802
1304,13.040000,0.003446,-0.033944,0.014503,0.999313,163.696457,421.809021,112.560112
1305,13.050000,0.003456,-0.033923,0.014464,0.999314,163.691818,421.808777,112.562698
1306,13.060000,0.003539,-0.033585,0.013684,0.999336,163.695450,421.813782,112.560356
1307,13.070000,0.003439,-0.033854,0.014261,0.999319,163.702637,421.818878,112.556702
1308,13.080000,0.003407,-0.033925,0.014440,0.999314,163.717865,421.822296,112.553490
1309,13.090000,0.003402,-0.033890,0.014447,0.999315,163.734009,421.823303,112.554932
1310,13.100000,0.003421,-0.033856,0.014368,0.999318,163.747391,421.824738,112.558907
1311,13.110000,0.003439,-0.033844,0.014356,0.999318,163.757416,421.825256,112.566093
1312,13.120000,0.003454,-0.033863,0.014289,0.999318,163.762421,421.823853,112.569885
1313,13.130000,0.003474,-0.033841,0.014265,0.999319,163.771713,421.823761,112.571304
1314,13.140000,0.003460,-0.033802,0.014184,0.999322,163.776581,421.827057,112.571396
1315,13.150000,0.003452,-0.033823,0.014253,0.999320,163.775238,421.828644,112.565735
1316,13.160000,0.003418,-0.033830,0.014275,0.999320,163.763031,421.828583,112.561394
1317,13.170000,0.003414,-0.033857,0.014322,0.999318,163.746109,421.824768,112.557365
1318,13.180000,0.003412,-0.033857,0.014364,0.999318,163.727356,421.820801,112.555809
1319,13.190000,0.003410,-0.033835,0.014362,0.999318,163.710785,421.816833,112.557045
1320,13.200000,0.003406,-0.033842,0.014358,0.999318,163.698120,421.816467,112.561874
1321,13.210000,0.003409,-0.033800,0.014347,0.999320,163.694458,421.814453,112.568230
1322,13.220000,0.003421,-0.033723,0.014309,0.999323,163.697906,421.812836,112.574699
1323,13.230000,0.003409,-0.033844,0.014491,0.999316,163.696136,421.810516,112.573502
1324,13.240000,0.003384,-0.033946,0.014556,0.999312,163.694290,421.813538,112.565956
1325,13.250000,0.003377,-0.033894,0.014433,0.999316,163.706467,421.820831,112.559441
1326,13.260000,0.003374,-0.033868,0.014347,0.999318,163.720932,421.827301,112.557426
1327,13.270000,0.003388,-0.033828,0.014275,0.999320,163.739807,421.829315,112.561485
1328,13.280000,0.003417,-0.033825,0.014249,0.999320,163.754105,421.828552,112.569016
1329,13.290000,0.003435,-0.033869,0.014291,0.999318,163.767136,421.828888,112.576408
1330,13.300000,0.003446,-0.033861,0.014262,0.999319,163.776276,421.829865,112.578438
1331,13.310000,0.003459,-0.033801,0.014166,0.999322,163.780609,421.831482,112.576767
1332,13.320000,0.003441,-0.033819,0.014162,0.999322,163.775238,421.833038,112.570282
1333,13.330000,0.003400,-0.033794,0.014177,0.999323,163.765945,421.832428,112.564247
1334,13.340000,0.003394,-0.033831,0.014248,0.999320,163.753052,421.831268,112.560989
1335,13.350000,0.003397,-0.033780,0.014252,0.999322,163.746078,421.830109,112.562897
1336,13.360000,0.003410,-0.033835,0.014361,0.999318,163.729080,421.823395,112.566986
1337,13.370000,0.003431,-0.033910,0.014455,0.999315,163.709518,421.816437,112.571312
1338,13.380000,0.003445,-0.033865,0.014398,0.999317,163.698639,421.815002,112.574280
1339,13.390000,0.003436,-0.033865,0.014385,0.999317,163.693741,421.815796,112.572968
1340,13.400000,0.003524,-0.033495,0.013635,0.999340,163.700424,421.818665,112.572609
1341,13.410000,0.003441,-0.033700,0.014172,0.999326,163.707184,421.821198,112.572205
1342,13.420000,0.003419,-0.033850,0.014382,0.999318,163.712311,421.822418,112.571449
1343,13.430000,0.003422,-0.033773,0.014300,0.999321,163.725769,421.823273,112.572281
1344,13.440000,0.003433,-0.033851,0.014336,0.999318,163.732101,421.824554,112.573776
1345,13.450000,0.003434,-0.033820,0.014246,0.999321,163.747070,421.827972,112.576408
1346,13.460000,0.003427,-0.033639,0.014064,0.999329,163.769196,421.832031,112.581993
1347,13.470000,0.003450,-0.033785,0.014223,0.999322,163.771301,421.829590,112.576645
1348,13.480000,0.003426,-0.033769,0.014189,0.999323,163.774414,421.831879,112.573364
1349,13.490000,0.003428,-0.033771,0.014165,0.999323,163.771912,421.832062,112.567207
1350,13.500000,0.003416,-0.033769,0.014196,0.999323,163.765060,421.832275,112.563400
1351,13.510000,0.003401,-0.033743,0.014123,0.999325,163.753036,421.833130,112.561676
1352,13.520000,0.003408,-0.033785,0.014155,0.999323,163.738907,421.830200,112.563698
1353,13.530000,0.003420,-0.033829,0.014255,0.999320,163.729431,421.825653,112.568901
1354,13.540000,0.003422,-0.033841,0.014310,0.999319,163.720840,421.822723,112.574455
1355,13.550000,0.003434,-0.033907,0.014433,0.999315,163.711197,421.817688,112.576546
1356,13.560000,0.003434,-0.033943,0.014477,0.999313,163.702438,421.816498,112.575737
1357,13.570000,0.003427,-0.033924,0.014465,0.999314,163.700760,421.815857,112.572014
1358,13.580000,0.003418,-0.033945,0.014466,0.999313,163.701614,421.818176,112.568146
1359,13.590000,0.003416,-0.033876,0.014395,0.999317,163.712265,421.820679,112.566620
1360,13.600000,0.003415,-0.033826,0.014322,0.999319,163.723450,421.824219,112.568787
1361,13.610000,0.003429,-0.033801,0.014250,0.999321,163.733887,421.825317,112.572159
1362,13.620000,0.003444,-0.033819,0.014261,0.999320,163.740753,421.825500,112.577538
1363,13.630000,0.003447,-0.033834,0.014260,0.999320,163.746170,421.825439,112.576874
1364,13.640000,0.003423,-0.033916,0.014339,0.999316,163.745255,421.827545,112.575737
1365,13.650000,0.003424,-0.033987,0.014332,0.999314,163.742569,421.831543,112.568733
1366,13.660000,0.003399,-0.033940,0.014295,0.999316,163.746277,421.834930,112.567513
1367,13.670000,0.003390,-0.033920,0.014268,0.999317,163.748367,421.834381,112.563057
1368,13.680000,0.003405,-0.033880,0.014272,0.999318,163.747711,421.834259,112.567184
1369,13.690000,0.003414,-0.033873,0.014278,0.999318,163.744980,421.831512,112.567802
1370,13.700000,0.003432,-0.033769,0.014166,0.999323,163.744995,421.827423,112.570908
1371,13.710000,0.003442,-0.033705,0.014148,0.999326,163.743378,421.826416,112.576065
1372,13.720000,0.003443,-0.033658,0.014103,0.999328,163.742233,421.825684,112.575340
1373,13.730000,0.003439,-0.033766,0.014231,0.999323,163.728378,421.822418,112.573547
1374,13.740000,0.003432,-0.033766,0.014275,0.999322,163.724899,421.823944,112.572144
1375,13.750000,0.003415,-0.033778,0.014298,0.999321,163.718079,421.823090,112.571098
1376,13.760000,0.003408,-0.033808,0.014396,0.999319,163.713348,421.821594,112.571770
1377,13.770000,0.003415,-0.033850,0.014400,0.999317,163.713699,421.824097,112.571434
1378,13.780000,0.003424,-0.033782,0.014301,0.999321,163.720917,421.825348,112.574310
1379,13.790000,0.003433,-0.033796,0.014303,0.999321,163.729492,421.825317,112.577034
1380,13.800000,0.003441,-0.033741,0.014225,0.999323,163.744995,421.826691,112.578423
1381,13.810000,0.003438,-0.033742,0.014206,0.999324,163.756378,421.829773,112.577278
1382,13.820000,0.003432,-0.033751,0.014160,0.999324,163.766922,421.833679,112.571983
1383,13.830000,0.003425,-0.033714,0.014111,0.999326,163.773987,421.834686,112.569221
1384,13.840000,0.003451,-0.033626,0.014061,0.999330,163.781067,421.833252,112.569077
1385,13.850000,0.003427,-0.033676,0.014083,0.999328,163.774109,421.831665,112.570076
1386,13.860000,0.003426,-0.033582,0.014006,0.999332,163.772400,421.831177,112.576508
1387,13.870000,0.003427,-0.033808,0.014227,0.999321,163.752975,421.829865,112.576469
1388,13.880000,0.003427,-0.033841,0.014274,0.999319,163.741364,421.828308,112.578453
1389,13.890000,0.003419,-0.033879,0.014327,0.999317,163.726318,421.826111,112.575943
1390,13.900000,0.003400,-0.033891,0.014351,0.999317,163.715454,421.825378,112.571198
1391,13.910000,0.003386,-0.033907,0.014403,0.999316,163.705734,421.823364,112.565231
1392,13.920000,0.003378,-0.033841,0.014340,0.999319,163.707001,421.825409,112.562431
1393,13.930000,0.003382,-0.033814,0.014273,0.999321,163.708694,421.826935,112.564110
1394,13.940000,0.003404,-0.033751,0.014207,0.999323,163.716888,421.826721,112.568832
1395,13.950000,0.003425,-0.033761,0.014203,0.999323,163.723160,421.824524,112.574371
1396,13.960000,0.003437,-0.033797,0.014222,0.999322,163.728745,421.822723,112.576523
1397,13.970000,0.003436,-0.033825,0.014232,0.999321,163.737213,421.824493,112.576408
1398,13.980000,0.003422,-0.033874,0.014258,0.999319,163.741119,421.827911,112.573463
1399,13.990000,0.003405,-0.033973,0.014341,0.999314,163.739883,421.831543,112.569542
1400,14.000000,0.003392,-0.034001,0.014350,0.999313,163.742935,421.834686,112.568993
1401,14.010000,0.003386,-0.034027,0.014384,0.999312,163.744720,421.835358,112.570236
1402,14.020000,0.003396,-0.034063,0.014390,0.999310,163.744064,421.834900,112.573212
1403,14.030000,0.003404,-0.034075,0.014424,0.999309,163.742218,421.831635,112.575043
1404,14.040000,0.003406,-0.034015,0.014394,0.999312,163.740753,421.828369,112.575401
1405,14.050000,0.003416,-0.033929,0.014304,0.999316,163.736908,421.827576,112.573761
1406,14.060000,0.003416,-0.033858,0.014247,0.999319,163.732193,421.827698,112.570976
1407,14.070000,0.003404,-0.033881,0.014287,0.999318,163.722870,421.828735,112.567474
1408,14.080000,0.003409,-0.033877,0.014288,0.999318,163.716705,421.828156,112.566002
1409,14.090000,0.003410,-0.033911,0.014359,0.999316,163.709442,421.824677,112.566269
1410,14.100000,0.003418,-0.033931,0.014400,0.999315,163.705200,421.821533,112.568161
1411,14.110000,0.003427,-0.033960,0.014461,0.999313,163.700394,421.818756,112.571091
1412,14.120000,0.003429,-0.033933,0.014456,0.999314,163.703827,421.819061,112.574120
1413,14.130000,0.003431,-0.033886,0.014395,0.999316,163.712448,421.821198,112.576637
1414,14.140000,0.003422,-0.033929,0.014407,0.999315,163.719971,421.824554,112.575775
1415,14.150000,0.003411,-0.033887,0.014366,0.999317,163.734512,421.829285,112.573303
1416,14.160000,0.003406,-0.033896,0.014308,0.999317,163.743729,421.833130,112.570435
1417,14.170000,0.003411,-0.033890,0.014283,0.999318,163.752350,421.835083,112.570183
1418,14.180000,0.003422,-0.033851,0.014233,0.999320,163.760590,421.833252,112.573036
1419,14.190000,0.003448,-0.033909,0.014375,0.999316,163.761856,421.826538,112.574303
1420,14.200000,0.003442,-0.033873,0.014282,0.999318,163.761780,421.827301,112.577095
1421,14.210000,0.003440,-0.033825,0.014188,0.999321,163.759796,421.829651,112.575554
1422,14.220000,0.003423,-0.033790,0.014136,0.999323,163.753922,421.832336,112.571983
1423,14.230000,0.003415,-0.033806,0.014187,0.999322,163.740860,421.830750,112.568535
1424,14.240000,0.003403,-0.033813,0.014293,0.999320,163.725311,421.826141,112.567039
1425,14.250000,0.003405,-0.033853,0.014389,0.999317,163.708710,421.819397,112.566963
1426,14.260000,0.003401,-0.033894,0.014459,0.999315,163.696747,421.817413,112.567818
1427,14.270000,0.003397,-0.033935,0.014481,0.999313,163.689728,421.819550,112.569206
1428,14.280000,0.003401,-0.033907,0.014423,0.999315,163.692047,421.820953,112.571228
1429,14.290000,0.003400,-0.033949,0.014481,0.999313,163.695496,421.821228,112.571510
1430,14.300000,0.003393,-0.033911,0.014441,0.999315,163.710999,421.824005,112.570702
1431,14.310000,0.003394,-0.033913,0.014401,0.999315,163.725800,421.828308,112.569473
1432,14.320000,0.003408,-0.033869,0.014313,0.999318,163.745361,421.832001,112.569313
1433,14.330000,0.003417,-0.033786,0.014202,0.999322,163.759964,421.833252,112.572708
1434,14.340000,0.003445,-0.033690,0.014124,0.999327,163.777100,421.833435,112.576538
1435,14.350000,0.003447,-0.033616,0.014040,0.999330,163.786026,421.834442,112.580070
1436,14.360000,0.003437,-0.033808,0.014121,0.999323,163.774506,421.835815,112.575706
1437,14.370000,0.003426,-0.033827,0.014140,0.999322,163.771637,421.837433,112.572739
1438,14.380000,0.003433,-0.033850,0.014253,0.999319,163.760391,421.833801,112.567734
1439,14.390000,0.003412,-0.033769,0.014203,0.999323,163.744400,421.830505,112.564941
1440,14.400000,0.003407,-0.033731,0.014238,0.999324,163.725555,421.824829,112.564484
1441,14.410000,0.003414,-0.033712,0.014257,0.999324,163.707504,421.822357,112.567741
1442,14.420000,0.003421,-0.033742,0.014299,0.999322,163.696747,421.821381,112.573784
1443,14.430000,0.003421,-0.033810,0.014439,0.999318,163.693115,421.817902,112.578796
1444,14.440000,0.003433,-0.033896,0.014492,0.999314,163.693146,421.816650,112.580917
1445,14.450000,0.003436,-0.033886,0.014475,0.999315,163.700516,421.816010,112.579086
1446,14.460000,0.003418,-0.033838,0.014385,0.999318,163.711655,421.820496,112.571968
1447,14.470000,0.003405,-0.033759,0.014238,0.999323,163.728058,421.828522,112.565079
1448,14.480000,0.003410,-0.033775,0.014252,0.999322,163.746002,421.833649,112.560631
1449,14.490000,0.003406,-0.033697,0.014076,0.999327,163.767487,421.838196,112.564552
1450,14.500000,0.003422,-0.033628,0.014023,0.999330,163.790359,421.838623,112.571030
1451,14.510000,0.003466,-0.033750,0.014117,0.999325,163.794601,421.834930,112.575272
1452,14.520000,0.003457,-0.033586,0.013886,0.999333,163.805542,421.837860,112.581886
1453,14.530000,0.003463,-0.033713,0.013989,0.999328,163.789429,421.834412,112.577553
1454,14.540000,0.003420,-0.033612,0.013966,0.999332,163.777390,421.835175,112.573624
1455,14.550000,0.003406,-0.033753,0.014163,0.999324,163.749741,421.831146,112.563614
1456,14.560000,0.003391,-0.033806,0.014286,0.999321,163.728561,421.828491,112.560547
1457,14.570000,0.003403,-0.033775,0.014297,0.999321,163.712860,421.824432,112.564667
1458,14.580000,0.003422,-0.033860,0.014439,0.999316,163.690979,421.817139,112.570549
1459,14.590000,0.003434,-0.033917,0.014520,0.999313,163.676773,421.811554,112.576912
1460,14.600000,0.003444,-0.033922,0.014533,0.999313,163.671417,421.808197,112.580467
1461,14.610000,0.003432,-0.033978,0.014547,0.999311,163.671799,421.809570,112.576324
1462,14.620000,0.003414,-0.033888,0.014425,0.999316,163.687119,421.817078,112.570778
1463,14.630000,0.003389,-0.033820,0.014305,0.999320,163.705597,421.824768,112.563881
1464,14.640000,0.003383,-0.033789,0.014212,0.999322,163.725235,421.832397,112.560799
1465,14.650000,0.003409,-0.033846,0.014280,0.999319,163.743546,421.834167,112.562325
1466,14.660000,0.003415,-0.033852,0.014200,0.999320,163.760818,421.834991,112.569420
1467,14.670000,0.003437,-0.033739,0.014114,0.999325,163.782913,421.834534,112.579872
1468,14.680000,0.003447,-0.033672,0.013983,0.999329,163.795319,421.836700,112.584946
1469,14.690000,0.003429,-0.033658,0.013944,0.999330,163.799728,421.840271,112.584778
1470,14.700000,0.003410,-0.033664,0.013939,0.999330,163.798431,421.844055,112.577629
1471,14.710000,0.003409,-0.033830,0.014172,0.999321,163.779633,421.841339,112.567001
1472,14.720000,0.003409,-0.033877,0.014284,0.999318,163.763824,421.837494,112.562408
1473,14.730000,0.003398,-0.033854,0.014281,0.999319,163.743896,421.832489,112.564590
1474,14.740000,0.003422,-0.033845,0.014275,0.999319,163.723083,421.826752,112.568642
1475,14.750000,0.003448,-0.033806,0.014293,0.999320,163.703690,421.820099,112.576241
1476,14.760000,0.003452,-0.033833,0.014357,0.999318,163.684601,421.813690,112.580597
1477,14.770000,0.003541,-0.033531,0.013733,0.999337,163.676910,421.810272,112.580345
1478,14.780000,0.003426,-0.033905,0.014500,0.999314,163.667404,421.811096,112.573715
1479,14.790000,0.003401,-0.033890,0.014506,0.999315,163.672241,421.815491,112.566696
1480,14.800000,0.003376,-0.033871,0.014436,0.999316,163.682510,421.822296,112.561668
1481,14.810000,0.003378,-0.033844,0.014351,0.999318,163.699051,421.828003,112.562469
1482,14.820000,0.003399,-0.033809,0.014294,0.999320,163.721481,421.829559,112.567764
1483,14.830000,0.003425,-0.033794,0.014212,0.999322,163.744980,421.829193,112.574791
1484,14.840000,0.003434,-0.033646,0.014009,0.999330,163.775467,421.834625,112.581703
1485,14.850000,0.003447,-0.033655,0.014013,0.999329,163.793579,421.837891,112.582184
1486,14.860000,0.003432,-0.033626,0.013907,0.999332,163.805374,421.844208,112.579430
1487,14.870000,0.003434,-0.033741,0.014052,0.999326,163.801895,421.842590,112.571175
1488,14.880000,0.003426,-0.033745,0.014106,0.999325,163.795685,421.840607,112.566368
1489,14.890000,0.003402,-0.033585,0.014027,0.999332,163.794724,421.839752,112.568718
1490,14.900000,0.003397,-0.033697,0.014116,0.999327,163.770935,421.834625,112.568367
1491,14.910000,0.003416,-0.033722,0.014132,0.999326,163.749100,421.830170,112.574158
1492,14.920000,0.003429,-0.033647,0.014079,0.999329,163.732040,421.827637,112.580200
1493,14.930000,0.003447,-0.033826,0.014312,0.999319,163.700943,421.817963,112.578407
1494,14.940000,0.003426,-0.033844,0.014385,0.999318,163.681168,421.814087,112.572144
1495,14.950000,0.003408,-0.033891,0.014544,0.999314,163.668472,421.811951,112.566628
1496,14.960000,0.003381,-0.033862,0.014504,0.999316,163.666138,421.813934,112.557755
1497,14.970000,0.003370,-0.033853,0.014528,0.999316,163.669998,421.815369,112.555290
1498,14.980000,0.003386,-0.033852,0.014460,0.999317,163.675629,421.817047,112.558334
1499,14.990000,0.003408,-0.033856,0.014403,0.999317,163.688446,421.819427,112.565521
1500,15.000000,0.003431,-0.033866,0.014356,0.999317,163.708725,421.822449,112.574982
