35,19.00,2274,20.00,3285,19.00,1822,20.00,1510,19.00,1455,5.00,2893,-3.00,5861,20.00,4676,-2.00,1522,20.00,1939,20.00,2539,40.00,2201,0.00,1143,34.00,3725,3.00,1357,0.00,1266,0.00,1354,0.00,1544,0.00,1750,4.00,1588,-1.00,896,-3.00,5,0.08
71,19.00,2274,20.00,3285,21.00,1824,20.00,1510,20.00,1455,4.00,2893,-2.00,5861,20.00,4676,-4.00,1522,20.00,1939,20.00,2539,40.00,2201,4.00,1142,34.00,3725,1.00,1357,0.00,1266,0.00,1354,0.00,1544,0.00,1750,3.00,1588,-1.00,896,-4.00,5,0.16
107,20.00,2274,20.00,3285,20.00,1828,20.00,1510,20.00,1455,5.00,2893,-2.00,5861,20.00,4676,-3.00,1522,20.00,1940,20.00,2539,40.00,2201,-3.00,1142,34.00,3725,4.00,1357,0.00,1266,0.00,1354,0.00,1544,0.00,1750,4.00,1588,-1.00,896,-3.00,5,0.16
143,20.00,2274,21.00,3285,19.00,1830,20.00,1510,20.00,1455,5.00,2893,-2.00,5861,20.00,4676,-4.00,1522,20.00,1940,20.00,2539,40.00,2201,1.00,1142,34.00,3725,5.00,1357,0.00,1266,0.00,1354,0.00,1544,0.00,1750,3.00,1588,-2.00,896,-4.00,5,0.16
178,20.00,2274,20.00,3285,20.00,1833,20.00,1510,20.00,1455,5.00,2893,-2.00,5861,20.00,4676,-3.00,1522,20.00,1939,20.00,2539,40.00,2201,2.00,1143,34.00,3725,2.00,1357,0.00,1266,0.00,1354,0.00,1544,0.00,1750,1.00,1588,-2.00,896,-5.00,5,0.56
214,20.00,2274,20.00,3285,20.00,1833,21.00,1510,20.00,1454,5.00,2893,-2.00,5861,20.00,4676,-4.00,1522,21.00,1939,20.00,2539,40.00,2201,-7.00,1143,33.00,3725,3.00,1357,0.00,1266,0.00,1354,0.00,1544,0.00,1750,2.00,1588,-1.00,896,-5.00,5,0.08
250,20.00,2274,20.00,3285,20.00,1833,20.00,1510,20.00,1455,4.00,2893,-1.00,5861,20.00,4676,-1.00,1522,20.00,1939,20.00,2539,40.00,2201,0.00,1143,34.00,3725,2.00,1357,0.00,1266,0.00,1354,0.00,1544,0.00,1750,3.00,1588,0.00,896,-3.00,5,0.08
285,20.00,2274,20.00,3285,20.00,1833,20.00,1510,20.00,1455,5.00,2893,-2.00,5861,20.00,4676,-4.00,1522,20.00,1939,20.00,2539,40.00,2201,-3.00,1142,34.00,3725,4.00,1357,0.00,1266,0.00,1354,0.00,1544,0.00,1750,4.00,1588,-2.00,896,-4.00,5,0.56
321,20.00,2274,20.00,3285,20.00,1833,20.00,1510,20.00,1455,5.00,2893,-2.00,5861,20.00,4676,-2.00,1522,20.00,1939,20.00,2539,40.00,2201,-2.00,1142,34.00,3725,2.00,1357,0.00,1266,0.00,1354,0.00,1544,0.00,1750,3.00,1588,-1.00,896,-4.00,5,0.16
357,20.00,2274,20.00,3285,20.00,1833,20.00,1510,20.00,1455,5.00,2893,-1.00,5861,20.00,4676,-3.00,1522,20.00,1939,20.00,2539,40.00,2201,-5.00,1143,34.00,3725,3.00,1357,0.00,1266,0.00,1354,0.00,1544,0.00,1750,2.00,1588,-1.00,896,-4.00,5,0.00
392,20.00,2274,20.00,3285,20.00,1833,21.00,1510,20.00,1455,5.00,2893,-1.00,5861,20.00,4676,-4.00,1522,20.00,1939,20.00,2539,40.00,2201,-2.00,1142,34.00,3725,4.00,1357,0.00,1266,0.00,1354,0.00,1544,0.00,1750,2.00,1588,-1.00,896,-4.00,5,0.16
428,20.00,2274,21.00,3285,20.00,1833,20.00,1510,20.00,1455,5.00,2893,-2.00,5861,20.00,4676,-2.00,1522,20.00,1940,20.00,2539,40.00,2201,1.00,1143,34.00,3725,2.00,1357,0.00,1266,0.00,1354,0.00,1544,0.00,1750,1.00,1588,-1.00,896,-4.00,5,0.08
464,20.00,2274,19.00,3285,20.00,1833,20.00,1510,20.00,1455,5.00,2893,-2.00,5861,20.00,4676,-3.00,1522,20.00,1940,20.00,2539,40.00,2201,-2.00,1143,34.00,3725,1.00,1357,0.00,1266,0.00,1354,0.00,1544,0.00,1750,3.00,1588,-1.00,896,-4.00,5,0.08
500,21.00,2274,19.00,3285,20.00,1833,20.00,1510,20.00,1455,5.00,2893,-3.00,5861,20.00,4676,-5.00,1522,20.00,1940,19.00,2539,39.00,2201,-1.00,1143,35.00,3725,3.00,1357,0.00,1266,0.00,1354,0.00,1544,0.00,1750,2.00,1588,-1.00,896,-4.00,5,0.00
535,20.00,2274,20.00,3285,20.00,1833,20.00,1510,20.00,1455,5.00,2893,-2.00,5861,20.00,4676,-2.00,1522,19.00,1939,21.00,2539,41.00,2201,0.00,1142,35.00,3725,4.00,1357,0.00,1266,0.00,1354,0.00,1544,0.00,1750,4.00,1588,-1.00,896,-5.00,5,0.16
571,20.00,2274,20.00,3285,20.00,1833,20.00,1510,20.00,1454,4.00,2893,-2.00,5861,20.00,4676,-3.00,1522,20.00,1940,19.00,2539,40.00,2201,-3.00,1143,35.00,3725,3.00,1357,0.00,1266,0.00,1354,0.00,1544,0.00,1750,3.00,1588,-1.00,896,-3.00,5,0.16
607,19.00,2274,20.00,3285,20.00,1833,20.00,1510,20.00,1454,5.00,2893,-3.00,5861,20.00,4676,-2.00,1522,20.00,1940,20.00,2539,40.00,2201,-2.00,1142,33.00,3725,2.00,1357,0.00,1266,0.00,1354,0.00,1544,0.00,1750,1.00,1588,-1.00,896,-4.00,5,0.24
642,19.00,2274,20.00,3285,20.00,1833,20.00,1510,20.00,1455,5.00,2893,-1.00,5861,20.00,4676,-2.00,1522,21.00,1939,20.00,2539,39.00,2201,5.00,1143,34.00,3725,2.00,1357,0.00,1266,0.00,1354,0.00,1544,0.00,1750,2.00,1588,-2.00,896,-3.00,5,0.08
678,20.00,2274,20.00,3285,20.00,1833,20.00,1510,20.00,1455,5.00,2893,-2.00,5861,20.00,4676,-3.00,1522,20.00,1939,20.00,2539,40.00,2201,0.00,1143,34.00,3725,4.00,1357,0.00,1266,0.00,1354,0.00,1544,0.00,1750,5.00,1588,0.00,896,-6.00,5,0.08
714,20.00,2274,20.00,3285,21.00,1833,20.00,1510,20.00,1455,5.00,2893,-2.00,5861,19.00,4676,-1.00,1522,20.00,1939,20.00,2539,40.00,2201,-2.00,1143,34.00,3725,2.00,1357,0.00,1266,0.00,1354,0.00,1544,0.00,1750,5.00,1588,0.00,896,-5.00,5,0.08
750,20.00,2274,20.00,3285,21.00,1833,19.00,1510,20.00,1455,5.00,2893,-2.00,5861,20.00,4676,-3.00,1522,20.00,1940,21.00,2539,40.00,2201,1.00,1142,34.00,3725,3.00,1357,0.00,1266,0.00,1354,0.00,1544,0.00,1750,3.00,1588,-1.00,896,-5.00,5,0.08
786,19.00,2274,20.00,3285,20.00,1833,20.00,1510,20.00,1455,5.00,2893,-2.00,5861,20.00,4676,-4.00,1522,20.00,1939,19.00,2539,39.00,2201,1.00,1142,34.00,3725,3.00,1357,0.00,1266,0.00,1354,0.00,1544,0.00,1750,4.00,1588,-1.00,896,-5.00,5,0.24
821,20.00,2274,20.00,3285,20.00,1833,20.00,1510,20.00,1455,5.00,2893,-2.00,5861,20.00,4676,-4.00,1522,20.00,1940,20.00,2539,40.00,2201,3.00,1143,34.00,3725,4.00,1357,0.00,1266,0.00,1354,0.00,1544,0.00,1750,3.00,1588,-1.00,896,-4.00,5,0.08
857,20.00,2274,19.00,3285,19.00,1833,20.00,1510,20.00,1455,5.00,2893,-2.00,5861,20.00,4676,-2.00,1522,20.00,1940,20.00,2539,40.00,2201,2.00,1142,34.00,3725,2.00,1357,0.00,1266,0.00,1354,0.00,1543,0.00,1750,2.00,1588,-1.00,896,-5.00,5,0.08
893,21.00,2274,20.00,3285,20.00,1833,20.00,1510,21.00,1455,6.00,2893,-1.00,5861,20.00,4676,-2.00,1522,20.00,1939,20.00,2539,41.00,2201,1.00,1143,35.00,3725,2.00,1357,0.00,1266,0.00,1354,0.00,1544,0.00,1750,2.00,1588,-1.00,896,-4.00,5,0.08
928,20.00,2274,20.00,3285,20.00,1833,20.00,1510,20.00,1455,5.00,2893,-2.00,5861,20.00,4676,-4.00,1522,20.00,1940,20.00,2539,40.00,2201,1.00,1142,34.00,3725,2.00,1357,0.00,1266,0.00,1354,0.00,1543,0.00,1750,2.00,1588,-1.00,896,-4.00,5,0.32
964,20.00,2274,20.00,3285,20.00,1833,20.00,1510,20.00,1455,5.00,2893,-1.00,5861,20.00,4676,-3.00,1522,20.00,1939,20.00,2539,40.00,2201,2.00,1142,34.00,3725,2.00,1357,0.00,1266,0.00,1354,0.00,1544,0.00,1750,3.00,1588,-1.00,896,-3.00,5,0.08
1000,19.00,2274,20.00,3285,20.00,1833,20.00,1510,20.00,1455,4.00,2893,-2.00,5861,20.00,4676,-4.00,1522,20.00,1940,21.00,2539,40.00,2201,1.00,1142,34.00,3725,2.00,1357,0.00,1266,0.00,1354,0.00,1544,0.00,1750,4.00,1588,-1.00,896,-3.00,5,0.56
1036,20.00,2274,20.00,3285,19.00,1833,20.00,1510,20.00,1455,5.00,2893,-2.00,5861,20.00,4676,-3.00,1522,20.00,1940,21.00,2539,40.00,2201,-3.00,1142,34.00,3725,3.00,1357,0.00,1266,0.00,1354,0.00,1544,0.00,1750,4.00,1588,-1.00,896,-3.00,5,0.00
1071,20.00,2274,19.00,3285,20.00,1833,20.00,1510,20.00,1455,4.00,2893,-2.00,5861,20.00,4676,-2.00,1522,20.00,1940,20.00,2539,40.00,2201,-2.00,1142,33.00,3725,2.00,1357,0.00,1266,0.00,1354,0.00,1544,0.00,1750,4.00,1588,-2.00,896,-4.00,5,0.16
1107,20.00,2274,21.00,3285,21.00,1833,20.00,1510,21.00,1455,5.00,2893,-2.00,5861,20.00,4676,-2.00,1522,20.00,1940,20.00,2539,40.00,2201,0.00,1142,34.00,3725,2.00,1357,0.00,1266,0.00,1354,0.00,1544,0.00,1750,4.00,1588,-1.00,896,-3.00,5,0.00
1143,19.00,2274,20.00,3285,20.00,1833,20.00,1510,20.00,1455,5.00,2893,-5.00,5861,20.00,4676,-3.00,1522,20.00,1940,20.00,2539,40.00,2201,1.00,1143,34.00,3725,4.00,1357,0.00,1266,0.00,1354,0.00,1544,0.00,1750,4.00,1588,-1.00,896,-4.00,5,0.08
1178,18.00,2274,20.00,3285,20.00,1833,20.00,1510,20.00,1455,4.00,2893,-2.00,5861,20.00,4676,-2.00,1522,20.00,1940,20.00,2539,40.00,2201,1.00,1142,34.00,3725,3.00,1357,0.00,1266,0.00,1354,0.00,1544,0.00,1750,4.00,1588,0.00,896,-4.00,5,0.00
1214,20.00,2274,20.00,3285,20.00,1833,20.00,1510,20.00,1455,5.00,2893,-3.00,5861,20.00,4676,-2.00,1522,20.00,1940,20.00,2539,40.00,2201,-8.00,1142,34.00,3725,2.00,1357,0.00,1266,0.00,1354,0.00,1544,0.00,1750,4.00,1588,-1.00,896,-5.00,5,0.00
1250,20.00,2274,20.00,3285,20.00,1833,20.00,1510,20.00,1455,5.00,2893,-1.00,5861,20.00,4676,-4.00,1522,20.00,1939,20.00,2539,40.00,2201,0.00,1143,34.00,3725,2.00,1357,0.00,1266,0.00,1354,0.00,1544,0.00,1750,2.00,1588,-1.00,896,-5.00,5,0.40
1286,20.00,2274,21.00,3285,20.00,1833,20.00,1510,20.00,1455,5.00,2893,-1.00,5861,20.00,4676,-4.00,1522,20.00,1939,20.00,2539,40.00,2201,0.00,1142,34.00,3725,4.00,1357,0.00,1266,0.00,1354,0.00,1544,0.00,1750,3.00,1588,-2.00,896,-5.00,5,0.16
1322,19.00,2274,21.00,3285,20.00,1833,20.00,1510,20.00,1455,5.00,2893,-2.00,5861,20.00,4676,-3.00,1522,20.00,1939,20.00,2539,40.00,2201,-3.00,1142,35.00,3725,3.00,1357,0.00,1266,0.00,1354,0.00,1544,0.00,1750,4.00,1588,-1.00,896,-5.00,5,0.08
1357,20.00,2274,20.00,3285,20.00,1833,20.00,1510,20.00,1455,5.00,2893,-1.00,5861,20.00,4676,-4.00,1522,20.00,1939,20.00,2539,40.00,2201,0.00,1142,34.00,3725,2.00,1357,0.00,1266,0.00,1354,0.00,1544,0.00,1750,2.00,1588,-1.00,896,-3.00,5,0.08
1393,20.00,2274,21.00,3285,20.00,1833,20.00,1510,19.00,1455,5.00,2893,-2.00,5861,20.00,4676,-3.00,1522,20.00,1940,20.00,2539,40.00,2201,0.00,1143,34.00,3725,4.00,1357,0.00,1266,0.00,1354,0.00,1544,0.00,1750,1.00,1588,-1.00,896,-3.00,5,0.00
1429,20.00,2274,20.00,3285,20.00,1833,20.00,1510,20.00,1455,5.00,2893,-2.00,5861,20.00,4676,-4.00,1522,20.00,1940,20.00,2539,40.00,2201,1.00,1142,34.00,3725,3.00,1357,0.00,1266,0.00,1354,0.00,1543,0.00,1750,2.00,1588,-1.00,896,-4.00,5,0.08
1465,20.00,2274,20.00,3285,20.00,1833,20.00,1510,20.00,1455,5.00,2893,-2.00,5861,20.00,4676,-4.00,1522,20.00,1939,20.00,2539,40.00,2201,-1.00,1142,34.00,3725,4.00,1357,0.00,1266,0.00,1354,0.00,1544,0.00,1750,2.00,1588,-2.00,896,-4.00,5,0.08
1500,20.00,2274,20.00,3285,20.00,1833,21.00,1510,20.00,1455,5.00,2893,-2.00,5861,20.00,4676,-4.00,1522,20.00,1940,20.00,2539,40.00,2201,-4.00,1142,34.00,3725,5.00,1357,0.00,1266,0.00,1354,0.00,1544,0.00,1750,2.00,1588,-1.00,896,-5.00,5,0.56
1536,20.00,2274,20.00,3285,20.00,1833,20.00,1510,20.00,1455,5.00,2893,-2.00,5861,20.00,4676,-4.00,1522,20.00,1940,20.00,2539,41.00,2201,1.00,1143,34.00,3725,4.00,1357,0.00,1266,0.00,1354,0.00,1543,0.00,1750,3.00,1588,-1.00,896,-5.00,5,0.00
1572,20.00,2274,19.00,3285,20.00,1833,20.00,1510,20.00,1455,6.00,2893,-2.00,5861,20.00,4676,-2.00,1522,20.00,1940,20.00,2539,40.00,2201,-5.00,1142,34.00,3725,3.00,1357,0.00,1266,0.00,1354,0.00,1543,0.00,1750,1.00,1588,-1.00,896,-3.00,5,0.16
1607,20.00,2274,20.00,3285,20.00,1833,20.00,1510,20.00,1454,5.00,2893,-2.00,5861,20.00,4676,-2.00,1522,19.00,1939,20.00,2539,40.00,2201,-8.00,1142,34.00,3725,4.00,1357,0.00,1266,0.00,1354,0.00,1544,0.00,1750,3.00,1588,-1.00,896,-3.00,5,0.08
1643,20.00,2274,19.00,3285,20.00,1833,20.00,1510,20.00,1455,6.00,2893,-2.00,5861,20.00,4676,-2.00,1522,20.00,1940,21.00,2539,40.00,2201,-2.00,1142,34.00,3725,3.00,1357,0.00,1266,0.00,1354,0.00,1544,0.00,1750,2.00,1588,-1.00,896,-5.00,5,0.32
1679,20.00,2274,20.00,3285,20.00,1833,20.00,1510,20.00,1455,5.00,2893,-2.00,5861,20.00,4676,-3.00,1522,20.00,1939,20.00,2539,40.00,2201,1.00,1142,34.00,3725,4.00,1357,0.00,1266,0.00,1354,0.00,1543,0.00,1750,2.00,1588,0.00,896,-5.00,5,0.00
1715,20.00,2274,20.00,3285,20.00,1833,20.00,1510,20.00,1455,6.00,2893,-2.00,5861,20.00,4676,-3.00,1522,20.00,1939,20.00,2539,40.00,2201,1.00,1142,34.00,3725,4.00,1357,0.00,1266,0.00,1354,0.00,1543,0.00,1750,5.00,1588,-1.00,896,-3.00,5,0.00
1750,20.00,2274,20.00,3285,20.00,1833,20.00,1510,20.00,1455,5.00,2893,-2.00,5861,20.00,4676,-2.00,1522,20.00,1940,20.00,2539,40.00,2201,1.00,1142,33.00,3725,3.00,1357,0.00,1266,0.00,1354,0.00,1544,0.00,1750,4.00,1588,-1.00,896,-4.00,5,0.16
1786,20.00,2274,20.00,3285,19.00,1833,20.00,1510,21.00,1455,5.00,2893,-2.00,5861,20.00,4676,-3.00,1522,20.00,1940,20.00,2539,40.00,2201,-3.00,1142,34.00,3725,4.00,1357,0.00,1266,0.00,1354,0.00,1544,0.00,1750,4.00,1588,-1.00,896,-3.00,5,0.00
1822,20.00,2274,20.00,3285,20.00,1833,20.00,1510,20.00,1455,5.00,2893,-1.00,5861,20.00,4676,-2.00,1522,20.00,1939,20.00,2539,40.00,2201,-2.00,1142,34.00,3725,4.00,1357,0.00,1266,0.00,1354,0.00,1543,0.00,1750,4.00,1588,0.00,896,-3.00,5,0.08
1858,20.00,2274,20.00,3285,21.00,1833,20.00,1510,20.00,1455,5.00,2893,-3.00,5861,20.00,4676,-4.00,1522,20.00,1940,20.00,2539,40.00,2201,-3.00,1142,33.00,3725,3.00,1357,0.00,1266,0.00,1354,0.00,1543,0.00,1750,4.00,1588,-1.00,896,-5.00,5,0.08
1893,20.00,2274,20.00,3285,20.00,1833,20.00,1510,20.00,1455,5.00,2893,-2.00,5861,20.00,4676,-4.00,1522,20.00,1939,19.00,2539,40.00,2200,-1.00,1142,34.00,3725,4.00,1357,0.00,1266,0.00,1354,0.00,1544,0.00,1750,2.00,1588,-1.00,896,-3.00,5,0.00
1929,20.00,2274,20.00,3285,20.00,1833,20.00,1510,20.00,1455,5.00,2893,-1.00,5861,20.00,4676,-2.00,1522,20.00,1939,20.00,2539,40.00,2201,1.00,1143,34.00,3725,5.00,1357,0.00,1266,0.00,1354,0.00,1544,0.00,1750,4.00,1588,0.00,896,-3.00,5,0.08
1965,20.00,2274,20.00,3285,20.00,1833,20.00,1510,20.00,1455,5.00,2893,-2.00,5861,20.00,4676,-2.00,1522,20.00,1940,20.00,2539,40.00,2201,5.00,1142,35.00,3725,3.00,1357,0.00,1266,0.00,1354,0.00,1544,0.00,1750,4.00,1588,-1.00,896,-5.00,5,0.00
2000,21.00,2274,21.00,3285,20.00,1833,20.00,1510,20.00,1455,5.00,2893,-3.00,5861,20.00,4676,-3.00,1522,20.00,1940,20.00,2539,40.00,2201,1.00,1142,34.00,3725,2.00,1357,0.00,1266,0.00,1354,0.00,1544,0.00,1750,4.00,1588,-1.00,896,-3.00,5,0.00
2036,20.00,2274,21.00,3285,20.00,1833,20.00,1510,20.00,1455,5.00,2893,-2.00,5861,20.00,4676,-3.00,1522,20.00,1939,20.00,2539,40.00,2201,-5.00,1143,34.00,3725,4.00,1357,0.00,1266,0.00,1353,0.00,1543,0.00,1750,5.00,1588,-1.00,896,-4.00,5,0.16
2072,19.00,2274,20.00,3285,20.00,1833,20.00,1510,20.00,1455,6.00,2893,-2.00,5861,20.00,4676,-4.00,1522,20.00,1939,20.00,2539,41.00,2201,-2.00,1143,34.00,3725,3.00,1357,0.00,1266,0.00,1353,0.00,1543,0.00,1750,1.00,1588,-1.00,896,-5.00,5,0.40
2108,19.00,2274,20.00,3285,20.00,1833,20.00,1510,20.00,1455,5.00,2893,-2.00,5861,20.00,4676,-3.00,1522,20.00,1939,20.00,2539,39.00,2201,-1.00,1143,33.00,3725,3.00,1357,0.00,1266,0.00,1353,0.00,1544,0.00,1750,3.00,1588,-1.00,896,-3.00,5,0.00
2143,20.00,2274,19.00,3285,20.00,1833,20.00,1510,20.00,1455,4.00,2893,-2.00,5861,20.00,4676,-2.00,1522,20.00,1939,20.00,2539,40.00,2201,-2.00,1142,34.00,3725,4.00,1357,0.00,1266,0.00,1353,0.00,1544,0.00,1750,3.00,1588,-1.00,896,-3.00,5,0.16
2179,20.00,2274,20.00,3285,20.00,1833,20.00,1510,20.00,1455,5.00,2893,-2.00,5861,20.00,4676,-2.00,1522,20.00,1939,19.00,2539,40.00,2201,-4.00,1143,34.00,3725,3.00,1357,0.00,1266,0.00,1353,0.00,1544,0.00,1750,3.00,1588,-2.00,896,-5.00,5,0.24
2215,20.00,2274,20.00,3285,20.00,1833,20.00,1510,20.00,1455,5.00,2893,-2.00,5861,20.00,4676,-3.00,1522,20.00,1939,20.00,2539,40.00,2201,1.00,1142,34.00,3725,4.00,1357,0.00,1266,0.00,1353,0.00,1544,0.00,1750,3.00,1588,-2.00,896,-3.00,5,0.00
2250,20.00,2274,19.00,3285,19.00,1833,21.00,1510,20.00,1455,6.00,2893,-3.00,5861,20.00,4676,-3.00,1522,20.00,1939,20.00,2539,40.00,2201,-1.00,1142,34.00,3725,3.00,1357,0.00,1266,0.00,1353,0.00,1544,0.00,1750,3.00,1588,-1.00,896,-3.00,5,0.24
2286,19.00,2274,20.00,3285,20.00,1833,20.00,1510,20.00,1455,5.00,2893,-2.00,5861,20.00,4676,-3.00,1522,20.00,1940,20.00,2539,40.00,2201,5.00,1143,34.00,3725,1.00,1357,0.00,1266,0.00,1353,0.00,1544,0.00,1750,2.00,1588,-1.00,896,-4.00,5,0.00
2322,20.00,2274,20.00,3285,21.00,1833,21.00,1510,20.00,1455,5.00,2893,-2.00,5861,20.00,4676,-3.00,1522,20.00,1939,20.00,2539,40.00,2200,1.00,1142,34.00,3725,2.00,1357,0.00,1266,0.00,1353,0.00,1544,0.00,1750,2.00,1588,-1.00,896,-3.00,5,0.16
2358,20.00,2274,20.00,3285,20.00,1833,20.00,1510,20.00,1455,5.00,2893,-2.00,5861,20.00,4676,-3.00,1522,20.00,1940,20.00,2539,40.00,2201,1.00,1142,34.00,3725,4.00,1357,0.00,1266,0.00,1353,0.00,1543,0.00,1750,3.00,1588,-1.00,896,-4.00,5,0.00
2393,20.00,2274,20.00,3285,20.00,1833,20.00,1510,20.00,1455,5.00,2893,-2.00,5861,20.00,4676,-3.00,1522,20.00,1940,20.00,2539,40.00,2201,-5.00,1142,34.00,3725,2.00,1357,0.00,1266,0.00,1352,0.00,1544,0.00,1750,2.00,1588,-1.00,896,-3.00,5,0.24
2429,20.00,2274,20.00,3285,21.00,1833,19.00,1510,20.00,1455,5.00,2893,-2.00,5861,20.00,4676,-3.00,1522,20.00,1940,20.00,2539,40.00,2200,0.00,1143,34.00,3725,2.00,1357,0.00,1266,0.00,1352,0.00,1544,0.00,1750,3.00,1588,-1.00,896,-5.00,5,0.08
2465,18.00,2274,20.00,3285,20.00,1833,20.00,1510,20.00,1455,4.00,2893,-1.00,5861,20.00,4676,-2.00,1522,19.00,1939,20.00,2539,40.00,2201,3.00,1143,34.00,3725,3.00,1357,0.00,1266,0.00,1351,0.00,1544,0.00,1750,4.00,1588,0.00,896,-4.00,5,0.32
2501,20.00,2274,19.00,3285,21.00,1833,20.00,1510,20.00,1455,5.00,2893,-2.00,5861,20.00,4676,-3.00,1522,21.00,1940,20.00,2539,39.00,2201,1.00,1143,34.00,3725,4.00,1357,0.00,1266,0.00,1351,0.00,1544,0.00,1750,4.00,1588,-1.00,896,-4.00,5,0.32
2536,21.00,2274,20.00,3285,21.00,1833,20.00,1510,20.00,1455,5.00,2893,-2.00,5861,20.00,4676,-4.00,1522,20.00,1939,20.00,2539,40.00,2201,0.00,1142,34.00,3725,3.00,1357,0.00,1266,0.00,1350,0.00,1544,0.00,1750,2.00,1588,-1.00,896,-5.00,5,0.32
2572,20.00,2274,22.00,3285,20.00,1833,20.00,1510,20.00,1455,5.00,2893,-1.00,5861,20.00,4676,-2.00,1522,20.00,1940,20.00,2539,39.00,2201,-7.00,1142,34.00,3725,2.00,1357,0.00,1266,0.00,1350,0.00,1544,0.00,1750,2.00,1588,0.00,896,-3.00,5,0.48
2608,21.00,2274,21.00,3285,20.00,1833,20.00,1510,20.00,1455,5.00,2893,-2.00,5861,20.00,4676,-2.00,1522,20.00,1939,20.00,2539,40.00,2201,2.00,1142,34.00,3725,3.00,1357,0.00,1266,0.00,1350,0.00,1543,0.00,1750,3.00,1588,-1.00,896,-4.00,5,0.40
2644,20.00,2274,20.00,3285,21.00,1833,20.00,1510,20.00,1455,5.00,2893,-2.00,5861,20.00,4676,-3.00,1522,20.00,1940,20.00,2539,40.00,2201,0.00,1142,34.00,3725,1.00,1357,0.00,1266,0.00,1350,0.00,1544,0.00,1750,3.00,1588,-1.00,896,-3.00,5,0.48
2680,19.00,2274,20.00,3285,20.00,1833,20.00,1510,20.00,1455,5.00,2893,-1.00,5861,20.00,4676,-3.00,1522,20.00,1939,20.00,2539,41.00,2201,1.00,1142,34.00,3725,4.00,1357,0.00,1266,0.00,1350,0.00,1544,0.00,1750,4.00,1588,-1.00,896,-2.00,5,0.40
2715,20.00,2274,20.00,3285,21.00,1833,19.00,1510,21.00,1455,5.00,2893,-2.00,5861,20.00,4676,-4.00,1522,20.00,1939,20.00,2539,40.00,2201,-4.00,1142,35.00,3725,2.00,1357,0.00,1266,0.00,1349,0.00,1544,0.00,1750,3.00,1588,-1.00,896,-4.00,5,0.56
2751,20.00,2274,19.00,3285,20.00,1833,20.00,1510,20.00,1455,5.00,2893,-2.00,5861,20.00,4676,-2.00,1522,20.00,1940,20.00,2539,40.00,2201,1.00,1142,33.00,3725,2.00,1357,0.00,1266,0.00,1349,0.00,1544,0.00,1750,5.00,1588,-1.00,896,-5.00,5,0.65
2787,20.00,2274,19.00,3285,20.00,1833,20.00,1510,20.00,1455,6.00,2893,-1.00,5861,20.00,4676,-3.00,1522,20.00,1940,20.00,2539,39.00,2201,0.00,1142,34.00,3725,3.00,1357,0.00,1266,0.00,1349,0.00,1544,0.00,1750,7.00,1588,-1.00,896,-2.00,5,0.48
2822,21.00,2274,19.00,3285,20.00,1833,20.00,1510,20.00,1455,5.00,2893,-2.00,5861,20.00,4676,-4.00,1522,20.00,1940,20.00,2539,40.00,2201,0.00,1142,35.00,3725,4.00,1357,0.00,1266,0.00,1349,0.00,1543,0.00,1750,4.00,1588,0.00,896,-4.00,5,0.73
2858,21.00,2274,20.00,3285,21.00,1833,20.00,1510,20.00,1455,5.00,2893,-2.00,5861,20.00,4676,-3.00,1522,20.00,1939,20.00,2539,40.00,2201,-4.00,1142,34.00,3725,4.00,1357,0.00,1266,0.00,1349,0.00,1544,0.00,1750,2.00,1588,-1.00,896,-5.00,5,0.97
2894,20.00,2274,20.00,3285,20.00,1833,20.00,1510,20.00,1455,5.00,2893,-2.00,5861,20.00,4676,-3.00,1522,20.00,1940,21.00,2539,40.00,2201,-1.00,1142,34.00,3725,3.00,1357,0.00,1266,0.00,1349,0.00,1543,0.00,1750,4.00,1588,0.00,896,-3.00,5,0.89
2930,20.00,2274,20.00,3285,20.00,1833,20.00,1510,21.00,1455,5.00,2893,-1.00,5861,20.00,4676,-2.00,1522,20.00,1940,19.00,2539,41.00,2201,0.00,1143,34.00,3725,4.00,1357,0.00,1266,0.00,1348,0.00,1544,0.00,1750,3.00,1588,-2.00,896,-4.00,5,0.81
2966,19.00,2274,20.00,3285,20.00,1833,20.00,1510,20.00,1455,5.00,2893,-3.00,5861,20.00,4676,-4.00,1522,20.00,1940,20.00,2539,40.00,2201,2.00,1142,33.00,3725,2.00,1357,0.00,1266,0.00,1348,0.00,1543,0.00,1750,4.00,1588,-1.00,896,-5.00,5,0.97
3001,20.00,2274,19.00,3285,20.00,1833,20.00,1510,19.00,1455,5.00,2893,-2.00,5861,20.00,4676,-3.00,1522,20.00,1939,20.00,2539,40.00,2201,1.00,1142,33.00,3725,1.00,1357,0.00,1266,0.00,1347,0.00,1543,0.00,1750,2.00,1588,-2.00,896,-3.00,5,0.81
3037,20.00,2274,20.00,3285,21.00,1833,20.00,1510,20.00,1455,5.00,2893,-2.00,5861,20.00,4676,-2.00,1522,20.00,1940,19.00,2543,40.00,2201,0.00,1142,35.00,3725,4.00,1357,0.00,1266,0.00,1347,0.00,1543,0.00,1750,4.00,1588,-1.00,896,-3.00,5,1.05
3073,20.00,2274,19.00,3285,20.00,1833,20.00,1510,20.00,1455,5.00,2893,-2.00,5861,20.00,4676,-2.00,1522,21.00,1940,19.00,2550,40.00,2201,0.00,1142,34.00,3725,4.00,1357,0.00,1266,0.00,1347,0.00,1543,0.00,1750,3.00,1588,-1.00,896,-4.00,5,0.81
3108,20.00,2274,20.00,3285,20.00,1833,20.00,1510,20.00,1454,4.00,2893,-1.00,5861,20.00,4676,-4.00,1522,20.00,1940,20.00,2558,40.00,2201,3.00,1142,34.00,3725,3.00,1357,0.00,1266,0.00,1347,0.00,1543,0.00,1750,4.00,1588,-1.00,896,-4.00,5,1.21
3144,21.00,2274,21.00,3285,20.00,1833,19.00,1510,20.00,1454,6.00,2893,-3.00,5861,20.00,4676,-2.00,1522,20.00,1939,20.00,2567,40.00,2201,-12.00,1142,34.00,3725,4.00,1357,0.00,1266,0.00,1346,0.00,1543,0.00,1750,4.00,1588,-1.00,896,-4.00,5,1.13
3180,20.00,2274,20.00,3285,20.00,1833,20.00,1510,20.00,1455,5.00,2893,-2.00,5861,20.00,4676,-2.00,1522,20.00,1939,20.00,2575,40.00,2201,2.00,1142,34.00,3725,3.00,1357,0.00,1266,0.00,1346,0.00,1543,0.00,1750,4.00,1588,-1.00,896,-3.00,5,1.21
3216,21.00,2274,20.00,3285,19.00,1833,20.00,1510,20.00,1455,5.00,2893,-3.00,5861,20.00,4676,-2.00,1522,20.00,1940,20.00,2582,40.00,2202,-3.00,1143,34.00,3725,5.00,1357,0.00,1266,0.00,1346,0.00,1543,0.00,1750,5.00,1588,-1.00,896,-4.00,5,1.21
3251,20.00,2274,19.00,3285,20.00,1833,20.00,1510,20.00,1455,5.00,2893,-3.00,5861,20.00,4676,-2.00,1522,20.00,1940,20.00,2586,40.00,2202,0.00,1142,34.00,3725,4.00,1357,0.00,1266,0.00,1346,0.00,1543,0.00,1750,2.00,1588,-1.00,896,-5.00,5,1.53
3287,20.00,2274,20.00,3285,19.00,1833,20.00,1510,20.00,1455,5.00,2893,-2.00,5861,20.00,4676,-4.00,1522,21.00,1939,20.00,2590,39.00,2203,-2.00,1142,34.00,3725,4.00,1357,0.00,1266,0.00,1346,0.00,1543,0.00,1750,5.00,1588,-1.00,896,-5.00,5,1.29
3323,20.00,2274,19.00,3285,20.00,1833,20.00,1510,20.00,1455,5.00,2893,-2.00,5861,20.00,4676,-3.00,1522,21.00,1940,20.00,2593,39.00,2210,-7.00,1142,34.00,3725,4.00,1357,0.00,1266,0.00,1346,0.00,1543,0.00,1750,4.00,1588,-1.00,896,-2.00,5,1.21
3359,20.00,2274,20.00,3285,20.00,1833,20.00,1510,20.00,1455,6.00,2893,-2.00,5861,20.00,4676,-2.00,1522,20.00,1939,20.00,2596,41.00,2220,-6.00,1142,34.00,3725,4.00,1357,0.00,1266,0.00,1346,0.00,1543,0.00,1750,2.00,1588,-1.00,896,-3.00,5,1.21
3394,20.00,2274,20.00,3285,20.00,1833,20.00,1510,20.00,1455,5.00,2893,-2.00,5861,20.00,4676,-4.00,1522,20.00,1940,20.00,2597,41.00,2228,5.00,1142,34.00,3725,5.00,1357,0.00,1266,0.00,1346,0.00,1543,0.00,1751,4.00,1588,-1.00,896,-3.00,5,1.53
3430,19.00,2274,20.00,3285,20.00,1833,20.00,1510,20.00,1455,5.00,2893,-3.00,5861,20.00,4676,-2.00,1522,20.00,1939,19.00,2600,41.00,2232,2.00,1142,34.00,3725,1.00,1357,0.00,1266,0.00,1346,0.00,1543,0.00,1751,4.00,1588,-1.00,896,-4.00,5,1.53
3466,20.00,2274,20.00,3285,19.00,1833,20.00,1510,20.00,1455,5.00,2893,-3.00,5861,20.00,4676,-3.00,1522,20.00,1940,20.00,2603,41.00,2234,2.00,1142,33.00,3725,2.00,1357,0.00,1266,0.00,1345,0.00,1543,0.00,1751,4.00,1588,0.00,896,-4.00,5,1.53
3501,20.00,2274,20.00,3285,21.00,1833,20.00,1510,20.00,1455,6.00,2893,-2.00,5861,20.00,4676,-4.00,1522,20.00,1940,20.00,2606,40.00,2234,-6.00,1142,34.00,3725,3.00,1357,0.00,1266,0.00,1345,0.00,1543,0.00,1751,4.00,1588,-2.00,896,-5.00,5,1.61
3537,20.00,2274,20.00,3285,20.00,1833,21.00,1510,19.00,1455,5.00,2893,-2.00,5861,20.00,4676,-3.00,1522,20.00,1939,20.00,2610,40.00,2234,2.00,1142,34.00,3725,2.00,1357,0.00,1265,0.00,1345,0.00,1543,0.00,1751,3.00,1588,-1.00,896,-2.00,5,1.61
3573,20.00,2274,20.00,3285,21.00,1833,20.00,1510,21.00,1455,5.00,2893,-1.00,5861,20.00,4676,-2.00,1522,20.00,1940,19.00,2615,40.00,2234,2.00,1142,34.00,3725,3.00,1357,0.00,1265,0.00,1345,0.00,1543,0.00,1751,2.00,1588,0.00,896,-4.00,5,1.61
3609,20.00,2274,19.00,3285,20.00,1833,20.00,1510,20.00,1455,5.00,2893,-2.00,5861,20.00,4676,-2.00,1522,20.00,1940,20.00,2619,40.00,2235,1.00,1143,34.00,3725,3.00,1357,0.00,1265,0.00,1345,0.00,1543,0.00,1751,3.00,1588,-2.00,896,-4.00,5,1.61
3645,20.00,2274,20.00,3285,20.00,1833,20.00,1510,20.00,1454,5.00,2893,-3.00,5861,20.00,4676,-4.00,1522,20.00,1940,19.00,2624,40.00,2235,-2.00,1142,34.00,3725,2.00,1357,0.00,1265,0.00,1345,0.00,1542,0.00,1751,3.00,1588,-1.00,896,-4.00,5,1.69
3680,19.00,2274,20.00,3285,19.00,1833,20.00,1510,20.00,1454,5.00,2893,-2.00,5861,20.00,4676,-3.00,1522,21.00,1940,20.00,2629,39.00,2235,-1.00,1143,34.00,3725,3.00,1357,0.00,1265,0.00,1345,0.00,1542,0.00,1751,4.00,1588,-1.00,896,-4.00,5,1.53
3716,20.00,2274,20.00,3285,21.00,1833,20.00,1510,20.00,1454,6.00,2893,-3.00,5861,20.00,4676,-4.00,1522,20.00,1940,20.00,2633,40.00,2235,-2.00,1143,35.00,3725,4.00,1357,0.00,1265,0.00,1345,0.00,1542,0.00,1751,3.00,1588,-1.00,896,-5.00,5,1.53
3752,21.00,2274,19.00,3285,20.00,1833,20.00,1510,20.00,1454,5.00,2893,-3.00,5861,20.00,4676,-4.00,1522,19.00,1940,20.00,2637,40.00,2235,-3.00,1143,34.00,3725,1.00,1357,0.00,1265,0.00,1345,0.00,1542,0.00,1751,2.00,1588,-1.00,896,-4.00,5,1.85
3788,20.00,2274,20.00,3285,20.00,1833,20.00,1510,20.00,1454,5.00,2893,-2.00,5861,20.00,4676,-3.00,1522,20.00,1941,21.00,2639,40.00,2235,0.00,1142,34.00,3725,2.00,1357,0.00,1265,0.00,1345,0.00,1542,0.00,1751,2.00,1588,0.00,896,-4.00,5,1.94
3824,21.00,2274,19.00,3285,20.00,1833,20.00,1510,20.00,1454,5.00,2893,-1.00,5861,20.00,4676,-3.00,1522,19.00,1943,20.00,2643,40.00,2235,-2.00,1142,34.00,3725,5.00,1357,0.00,1265,0.00,1345,0.00,1542,0.00,1751,4.00,1588,0.00,896,-4.00,5,2.02
3859,20.00,2274,20.00,3285,20.00,1833,20.00,1510,20.00,1454,5.00,2893,-2.00,5861,19.00,4676,-4.00,1522,19.00,1949,20.00,2645,40.00,2235,-4.00,1143,34.00,3725,4.00,1357,0.00,1265,0.00,1345,0.00,1542,0.00,1751,5.00,1588,-1.00,896,-3.00,5,1.94
3895,20.00,2274,20.00,3285,20.00,1833,20.00,1510,20.00,1454,5.00,2893,-1.00,5861,20.00,4676,-3.00,1522,19.00,1956,21.00,2648,40.00,2235,0.00,1142,34.00,3725,4.00,1357,0.00,1265,0.00,1344,0.00,1542,0.00,1751,2.00,1588,-2.00,896,-4.00,5,1.85
3931,20.00,2274,20.00,3285,20.00,1833,20.00,1510,21.00,1454,5.00,2893,-2.00,5861,20.00,4676,-4.00,1522,20.00,1963,20.00,2651,40.00,2235,1.00,1142,34.00,3725,4.00,1357,0.00,1265,0.00,1345,0.00,1542,0.00,1751,3.00,1588,-1.00,896,-3.00,5,1.85
3966,19.00,2274,20.00,3285,20.00,1833,20.00,1510,20.00,1454,5.00,2893,-2.00,5861,20.00,4676,-3.00,1522,20.00,1969,20.00,2652,39.00,2238,2.00,1142,34.00,3725,5.00,1357,0.00,1265,0.00,1345,0.00,1541,0.00,1751,3.00,1588,-1.00,896,-5.00,5,1.94
4002,20.00,2274,20.00,3285,20.00,1833,20.00,1510,20.00,1454,4.00,2893,-1.00,5861,20.00,4676,-1.00,1522,20.00,1973,21.00,2652,40.00,2246,7.00,1142,34.00,3725,2.00,1357,0.00,1265,0.00,1345,0.00,1540,0.00,1751,2.00,1588,-1.00,896,-4.00,5,2.10
4038,20.00,2274,20.00,3285,20.00,1833,20.00,1510,20.00,1454,5.00,2893,-3.00,5861,20.00,4676,-3.00,1522,20.00,1976,20.00,2652,41.00,2255,4.00,1142,33.00,3725,5.00,1357,0.00,1265,0.00,1345,0.00,1537,0.00,1751,3.00,1588,-1.00,896,-3.00,5,1.77
4073,20.00,2274,20.00,3285,20.00,1833,20.00,1510,20.00,1454,5.00,2893,-3.00,5861,20.00,4676,-4.00,1522,21.00,1978,20.00,2652,41.00,2261,0.00,1143,33.00,3725,4.00,1357,0.00,1265,0.00,1345,0.00,1533,0.00,1751,2.00,1588,-1.00,896,-3.00,5,1.53
4109,20.00,2274,20.00,3285,19.00,1833,20.00,1510,20.00,1454,5.00,2893,-2.00,5861,20.00,4676,-2.00,1522,20.00,1980,20.00,2652,40.00,2265,1.00,1143,34.00,3725,2.00,1358,0.00,1265,0.00,1344,0.00,1529,0.00,1751,4.00,1588,-1.00,896,-3.00,5,2.02
4145,20.00,2274,20.00,3285,20.00,1833,20.00,1510,20.00,1454,5.00,2893,-1.00,5861,20.00,4676,-4.00,1522,20.00,1982,19.00,2655,40.00,2267,-1.00,1142,34.00,3725,-7.00,1358,0.00,1265,0.00,1345,0.00,1525,0.00,1751,3.00,1588,-1.00,896,-5.00,5,2.10
4181,20.00,2274,20.00,3285,20.00,1833,20.00,1510,20.00,1454,5.00,2893,-1.00,5861,20.00,4676,-3.00,1522,21.00,1982,19.00,2660,41.00,2267,-4.00,1142,34.00,3725,5.00,1357,0.00,1265,0.00,1345,0.00,1521,0.00,1751,3.00,1588,-1.00,896,-3.00,5,2.42
4216,20.00,2274,20.00,3285,20.00,1833,20.00,1510,20.00,1454,5.00,2893,-1.00,5861,20.00,4676,-3.00,1522,20.00,1982,20.00,2665,40.00,2267,-7.00,1142,33.00,3725,4.00,1357,0.00,1264,0.00,1345,0.00,1518,0.00,1751,2.00,1588,-1.00,896,-4.00,5,2.18
4252,20.00,2273,20.00,3285,20.00,1833,20.00,1510,20.00,1454,4.00,2893,-2.00,5861,20.00,4676,-4.00,1522,20.00,1982,20.00,2671,40.00,2268,0.00,1142,34.00,3725,4.00,1357,0.00,1264,0.00,1344,0.00,1516,0.00,1751,4.00,1588,-1.00,896,-3.00,5,2.18
4288,20.00,2273,20.00,3285,20.00,1833,21.00,1510,21.00,1454,6.00,2893,-2.00,5861,20.00,4676,-4.00,1522,20.00,1983,20.00,2676,40.00,2268,-1.00,1142,34.00,3725,3.00,1357,0.00,1264,0.00,1344,0.00,1515,0.00,1751,1.00,1588,-1.00,896,-4.00,5,2.34
4324,19.00,2273,20.00,3285,20.00,1833,20.00,1510,20.00,1454,4.00,2893,-3.00,5861,20.00,4676,-4.00,1522,20.00,1982,20.00,2681,40.00,2268,9.00,1142,34.00,3725,2.00,1357,0.00,1264,0.00,1344,0.00,1513,0.00,1751,5.00,1588,-1.00,896,-5.00,5,2.42
4359,20.00,2273,20.00,3285,20.00,1833,20.00,1510,20.00,1454,5.00,2893,-2.00,5861,20.00,4676,-2.00,1522,19.00,1982,19.00,2684,40.00,2268,0.00,1142,34.00,3725,3.00,1357,0.00,1264,0.00,1345,0.00,1511,0.00,1751,2.00,1588,-1.00,896,-4.00,5,2.42
4395,20.00,2273,20.00,3285,19.00,1833,20.00,1510,20.00,1454,6.00,2893,-2.00,5861,20.00,4676,-2.00,1522,20.00,1982,20.00,2687,40.00,2268,-3.00,1142,34.00,3725,4.00,1357,0.00,1264,0.00,1344,0.00,1511,0.00,1751,3.00,1588,-1.00,896,-3.00,5,2.34
4431,21.00,2273,20.00,3285,20.00,1833,21.00,1510,21.00,1454,5.00,2893,-2.00,5861,20.00,4676,-2.00,1522,20.00,1983,21.00,2690,40.00,2268,0.00,1142,34.00,3725,4.00,1357,0.00,1264,0.00,1345,0.00,1511,0.00,1751,4.00,1588,-2.00,896,-5.00,5,2.50
4467,20.00,2273,20.00,3285,20.00,1833,20.00,1510,20.00,1454,5.00,2893,-2.00,5861,19.00,4676,-3.00,1522,20.00,1982,20.00,2690,40.00,2268,0.00,1143,34.00,3725,2.00,1357,0.00,1264,0.00,1344,0.00,1511,0.00,1751,3.00,1588,-1.00,896,-4.00,5,2.42
4503,20.00,2273,20.00,3285,20.00,1833,20.00,1510,20.00,1454,4.00,2893,-2.00,5861,20.00,4676,-4.00,1522,20.00,1982,20.00,2690,40.00,2268,0.00,1142,34.00,3725,3.00,1357,0.00,1264,0.00,1344,0.00,1511,0.00,1751,2.00,1588,0.00,896,-3.00,5,2.34
4539,19.00,2273,20.00,3285,20.00,1833,20.00,1510,20.00,1454,5.00,2893,-2.00,5861,20.00,4676,-2.00,1522,20.00,1983,20.00,2690,40.00,2269,-1.00,1143,34.00,3725,1.00,1357,0.00,1264,0.00,1345,0.00,1510,0.00,1751,5.00,1588,-1.00,896,-4.00,5,2.50
4574,18.00,2273,20.00,3285,20.00,1833,19.00,1510,20.00,1454,5.00,2893,-2.00,5861,20.00,4676,-3.00,1522,20.00,1982,21.00,2690,39.00,2275,-1.00,1142,35.00,3725,4.00,1357,0.00,1264,0.00,1344,0.00,1511,0.00,1751,4.00,1588,-1.00,896,-3.00,5,2.50
4610,20.00,2273,20.00,3285,21.00,1833,20.00,1510,19.00,1454,5.00,2893,-2.00,5861,20.00,4676,-3.00,1522,20.00,1982,20.00,2690,40.00,2281,1.00,1142,34.00,3725,4.00,1357,0.00,1264,0.00,1344,0.00,1510,0.00,1751,2.00,1588,0.00,896,-4.00,5,2.58
4646,20.00,2273,20.00,3285,20.00,1833,20.00,1510,20.00,1454,6.00,2893,-3.00,5861,20.00,4676,-2.00,1522,20.00,1983,20.00,2690,40.00,2286,0.00,1142,34.00,3725,4.00,1357,0.00,1264,0.00,1344,0.00,1510,0.00,1751,3.00,1588,-1.00,896,-4.00,5,3.47
4681,20.00,2273,20.00,3285,20.00,1833,20.00,1510,20.00,1454,5.00,2893,-1.00,5861,20.00,4676,-2.00,1522,20.00,1983,19.00,2690,41.00,2288,0.00,1142,34.00,3725,4.00,1357,0.00,1264,0.00,1344,0.00,1510,0.00,1751,2.00,1588,0.00,896,-2.00,5,2.58
4717,20.00,2273,20.00,3285,20.00,1833,20.00,1510,20.00,1454,4.00,2893,-1.00,5861,20.00,4676,-3.00,1522,20.00,1983,20.00,2690,40.00,2290,-1.00,1142,34.00,3725,10.00,1357,0.00,1264,0.00,1345,0.00,1510,0.00,1751,3.00,1588,-2.00,896,-4.00,5,2.50
4753,21.00,2273,20.00,3285,20.00,1833,20.00,1510,20.00,1454,5.00,2893,-1.00,5861,20.00,4676,-1.00,1522,19.00,1983,20.00,2690,39.00,2292,0.00,1142,35.00,3725,5.00,1357,0.00,1264,0.00,1344,0.00,1510,0.00,1751,2.00,1588,-1.00,896,-4.00,5,2.66
4788,20.00,2273,20.00,3285,20.00,1833,20.00,1510,20.00,1454,6.00,2893,-2.00,5861,20.00,4676,-3.00,1522,20.00,1983,20.00,2690,40.00,2292,1.00,1142,34.00,3725,5.00,1357,0.00,1264,0.00,1344,0.00,1510,0.00,1751,2.00,1588,-1.00,896,-4.00,5,2.66
4824,20.00,2273,20.00,3285,20.00,1833,20.00,1510,20.00,1454,5.00,2893,-2.00,5861,20.00,4676,-3.00,1522,21.00,1983,20.00,2690,40.00,2292,0.00,1142,34.00,3725,5.00,1357,0.00,1264,0.00,1344,0.00,1510,0.00,1751,2.00,1588,-1.00,896,-3.00,5,2.34
4860,20.00,2273,20.00,3285,20.00,1832,20.00,1510,20.00,1454,5.00,2893,-2.00,5861,20.00,4676,-4.00,1522,20.00,1983,20.00,2690,40.00,2292,0.00,1142,34.00,3725,1.00,1357,0.00,1264,0.00,1344,0.00,1510,0.00,1751,4.00,1588,-1.00,895,-5.00,5,2.34
4896,20.00,2273,19.00,3285,20.00,1832,20.00,1510,20.00,1454,5.00,2893,-3.00,5861,20.00,4676,-3.00,1522,19.00,1983,20.00,2690,40.00,2292,0.00,1142,34.00,3725,4.00,1357,0.00,1264,0.00,1344,0.00,1510,0.00,1751,2.00,1588,-1.00,896,-3.00,5,2.42
4931,20.00,2273,20.00,3285,20.00,1833,20.00,1510,21.00,1454,5.00,2893,-2.00,5861,20.00,4676,-2.00,1522,19.00,1986,20.00,2691,39.00,2292,0.00,1142,34.00,3725,3.00,1357,0.00,1264,0.00,1345,0.00,1510,0.00,1751,4.00,1588,-2.00,896,-4.00,5,2.74
4967,19.00,2273,20.00,3285,20.00,1833,20.00,1510,20.00,1454,5.00,2893,-1.00,5861,20.00,4676,-3.00,1522,19.00,1991,20.00,2695,41.00,2292,0.00,1142,34.00,3725,4.00,1358,0.00,1264,0.00,1344,0.00,1510,0.00,1751,2.00,1588,0.00,895,-5.00,5,2.90
5003,20.00,2273,20.00,3285,20.00,1833,20.00,1510,20.00,1454,5.00,2893,-2.00,5861,20.00,4676,-3.00,1522,20.00,1997,20.00,2699,40.00,2292,0.00,1142,34.00,3725,4.00,1357,0.00,1264,0.00,1344,0.00,1510,0.00,1751,3.00,1588,-2.00,896,-4.00,5,2.50
5038,20.00,2273,19.00,3285,20.00,1832,20.00,1510,20.00,1454,4.00,2893,-2.00,5861,20.00,4676,-2.00,1522,20.00,2003,20.00,2704,40.00,2293,0.00,1142,34.00,3725,3.00,1357,0.00,1264,0.00,1344,0.00,1510,0.00,1751,2.00,1588,-1.00,896,-3.00,5,2.34
5074,20.00,2273,20.00,3285,20.00,1833,20.00,1510,20.00,1454,5.00,2893,-2.00,5861,20.00,4676,-3.00,1522,20.00,2008,21.00,2708,39.00,2292,0.00,1142,34.00,3725,4.00,1357,0.00,1264,0.00,1344,0.00,1508,0.00,1751,1.00,1588,-1.00,896,-5.00,5,2.74
5110,21.00,2273,20.00,3285,20.00,1833,20.00,1510,20.00,1454,6.00,2893,-3.00,5861,20.00,4676,-2.00,1522,21.00,2012,20.00,2711,40.00,2293,0.00,1142,34.00,3725,2.00,1357,0.00,1260,0.00,1344,0.00,1504,0.00,1751,2.00,1588,-2.00,896,-4.00,5,2.58
5146,20.00,2273,20.00,3285,20.00,1833,20.00,1510,20.00,1454,5.00,2893,-3.00,5861,20.00,4676,-3.00,1522,20.00,2014,20.00,2714,41.00,2293,0.00,1142,33.00,3725,3.00,1357,0.00,1252,0.00,1344,0.00,1501,0.00,1751,3.00,1588,-1.00,896,-4.00,5,2.90
5181,21.00,2273,20.00,3285,21.00,1833,20.00,1510,20.00,1454,5.00,2893,-3.00,5861,20.00,4676,-1.00,1522,20.00,2015,20.00,2715,40.00,2293,0.00,1142,34.00,3725,2.00,1357,0.00,1240,0.00,1344,0.00,1498,0.00,1751,4.00,1588,-1.00,896,-4.00,5,2.90
5217,20.00,2273,20.00,3285,20.00,1832,20.00,1510,20.00,1454,5.00,2893,-2.00,5861,20.00,4676,-4.00,1522,20.00,2015,20.00,2717,39.00,2295,0.00,1142,34.00,3725,4.00,1357,0.00,1225,0.00,1344,0.00,1495,0.00,1751,1.00,1588,-1.00,896,-4.00,5,2.82
5253,20.00,2273,20.00,3285,20.00,1832,20.00,1510,20.00,1454,5.00,2893,-1.00,5861,20.00,4676,-4.00,1522,20.00,2015,20.00,2718,38.00,2303,0.00,1142,33.00,3725,4.00,1357,0.00,1211,0.00,1344,0.00,1492,0.00,1751,4.00,1588,-1.00,896,-4.00,5,2.98
5289,19.00,2273,20.00,3285,20.00,1832,20.00,1510,20.00,1454,5.00,2893,-2.00,5861,20.00,4676,-4.00,1522,20.00,2015,20.00,2718,40.00,2315,0.00,1142,34.00,3725,-1.00,1357,0.00,1196,0.00,1344,0.00,1491,0.00,1751,4.00,1588,-1.00,896,-5.00,5,2.90
5324,20.00,2273,20.00,3285,20.00,1832,20.00,1510,20.00,1454,5.00,2893,-2.00,5861,19.00,4676,-3.00,1522,20.00,2015,19.00,2720,41.00,2324,0.00,1142,34.00,3725,4.00,1357,0.00,1183,0.00,1344,0.00,1491,0.00,1751,4.00,1588,-1.00,896,-4.00,5,2.98
5360,20.00,2273,20.00,3285,20.00,1832,20.00,1510,20.00,1454,5.00,2893,-2.00,5861,20.00,4676,-3.00,1522,20.00,2015,19.00,2723,41.00,2330,0.00,1142,34.00,3725,3.00,1357,0.00,1171,0.00,1343,0.00,1491,0.00,1751,2.00,1588,-1.00,896,-2.00,5,3.31
5396,20.00,2273,20.00,3285,20.00,1832,20.00,1510,20.00,1454,5.00,2893,-1.00,5861,19.00,4676,-4.00,1522,20.00,2015,20.00,2727,41.00,2334,0.00,1142,34.00,3725,4.00,1357,0.00,1160,0.00,1343,0.00,1490,0.00,1751,4.00,1588,-1.00,896,-5.00,5,3.06
5432,19.00,2273,20.00,3285,20.00,1832,20.00,1510,20.00,1454,5.00,2893,-2.00,5861,20.00,4676,-3.00,1522,21.00,2015,21.00,2731,41.00,2334,0.00,1142,34.00,3725,2.00,1357,0.00,1153,0.00,1343,0.00,1490,0.00,1751,2.00,1588,-1.00,896,-3.00,5,3.15
5467,20.00,2273,20.00,3285,20.00,1832,19.00,1510,20.00,1454,5.00,2893,-2.00,5861,20.00,4676,-1.00,1522,20.00,2015,20.00,2734,40.00,2334,0.00,1142,34.00,3725,3.00,1357,0.00,1148,0.00,1343,0.00,1490,0.00,1751,3.00,1588,-2.00,896,-4.00,5,3.15
5503,20.00,2273,20.00,3285,20.00,1832,20.00,1510,20.00,1454,5.00,2893,-1.00,5861,19.00,4676,-2.00,1522,20.00,2015,20.00,2737,40.00,2334,0.00,1142,34.00,3725,2.00,1357,0.00,1146,0.00,1343,0.00,1490,0.00,1751,4.00,1588,1.00,896,-4.00,5,3.23
5539,20.00,2273,21.00,3285,21.00,1832,20.00,1510,20.00,1454,5.00,2893,-2.00,5861,20.00,4676,-4.00,1522,20.00,2015,21.00,2737,39.00,2334,0.00,1142,34.00,3725,4.00,1357,0.00,1146,0.00,1343,0.00,1490,0.00,1751,3.00,1588,-2.00,896,-5.00,5,3.15
5575,20.00,2273,20.00,3285,20.00,1832,20.00,1510,20.00,1454,5.00,2893,-3.00,5861,20.00,4676,-4.00,1522,20.00,2015,20.00,2737,40.00,2334,0.00,1142,34.00,3725,5.00,1357,0.00,1146,0.00,1343,0.00,1490,0.00,1751,5.00,1588,0.00,896,-3.00,5,2.90
5610,20.00,2273,20.00,3285,20.00,1832,20.00,1510,20.00,1454,5.00,2893,-1.00,5861,20.00,4676,-3.00,1522,20.00,2015,20.00,2737,40.00,2334,0.00,1142,34.00,3725,2.00,1357,0.00,1146,0.00,1343,0.00,1490,0.00,1751,3.00,1588,-1.00,896,-4.00,5,2.50
5646,20.00,2273,21.00,3285,20.00,1832,20.00,1510,20.00,1454,5.00,2893,-2.00,5861,19.00,4676,-3.00,1522,20.00,2015,20.00,2737,40.00,2334,0.00,1142,34.00,3725,4.00,1357,0.00,1146,0.00,1343,0.00,1490,0.00,1751,3.00,1588,5.00,896,-4.00,5,2.26
5682,20.00,2273,20.00,3285,20.00,1832,19.00,1510,20.00,1454,5.00,2893,-2.00,5861,20.00,4676,-4.00,1522,20.00,2015,20.00,2737,40.00,2334,0.00,1142,34.00,3725,2.00,1357,0.00,1146,0.00,1343,0.00,1490,0.00,1751,1.00,1588,-1.00,895,-5.00,5,1.77
5717,19.00,2273,20.00,3285,20.00,1832,20.00,1510,20.00,1454,4.00,2893,-1.00,5861,20.00,4676,-2.00,1522,20.00,2015,20.00,2737,40.00,2334,0.00,1142,34.00,3725,4.00,1357,0.00,1146,0.00,1343,0.00,1490,0.00,1751,3.00,1588,-1.00,896,-3.00,5,1.85
5753,20.00,2273,20.00,3285,20.00,1832,20.00,1510,20.00,1454,5.00,2893,-2.00,5861,20.00,4676,-4.00,1522,20.00,2015,19.00,2737,40.00,2334,-2.00,1143,33.00,3725,2.00,1357,0.00,1146,0.00,1343,0.00,1490,0.00,1751,2.00,1588,-2.00,896,-4.00,5,1.21
5789,20.00,2273,20.00,3285,20.00,1832,20.00,1510,20.00,1454,5.00,2893,-2.00,5861,20.00,4676,-4.00,1522,20.00,2015,20.00,2737,40.00,2334,0.00,1143,34.00,3725,2.00,1357,0.00,1146,0.00,1343,0.00,1490,0.00,1751,4.00,1588,-1.00,896,-3.00,5,1.21
5825,19.00,2273,20.00,3285,20.00,1832,20.00,1510,20.00,1454,6.00,2893,-1.00,5861,20.00,4676,-2.00,1522,20.00,2015,20.00,2737,40.00,2334,0.00,1143,34.00,3725,4.00,1357,0.00,1146,0.00,1343,0.00,1491,0.00,1751,4.00,1588,-1.00,896,-4.00,5,1.05
5860,19.00,2273,19.00,3285,20.00,1832,21.00,1510,20.00,1454,5.00,2893,-2.00,5861,20.00,4676,-2.00,1522,19.00,2015,20.00,2737,40.00,2334,0.00,1143,35.00,3725,2.00,1357,0.00,1146,0.00,1343,0.00,1490,0.00,1751,2.00,1588,-2.00,896,-4.00,5,0.73
5896,20.00,2273,20.00,3285,20.00,1833,20.00,1510,20.00,1454,5.00,2893,-2.00,5861,20.00,4676,-4.00,1522,20.00,2015,20.00,2737,40.00,2335,0.00,1143,34.00,3725,3.00,1357,0.00,1146,0.00,1343,0.00,1491,0.00,1751,3.00,1588,-1.00,896,-5.00,5,0.40
5932,20.00,2273,20.00,3285,21.00,1833,20.00,1510,21.00,1454,5.00,2893,-1.00,5861,20.00,4676,-4.00,1522,20.00,2015,20.00,2737,40.00,2334,0.00,1143,34.00,3725,4.00,1357,0.00,1146,0.00,1343,0.00,1491,0.00,1751,3.00,1588,-2.00,896,-5.00,5,0.40
5967,20.00,2273,21.00,3285,20.00,1833,20.00,1510,20.00,1454,6.00,2893,-2.00,5861,20.00,4676,-2.00,1522,20.00,2015,20.00,2737,40.00,2335,0.00,1143,35.00,3725,2.00,1357,0.00,1145,0.00,1343,0.00,1491,0.00,1751,3.00,1588,-1.00,896,-3.00,5,0.40
6003,20.00,2273,20.00,3285,20.00,1833,21.00,1510,20.00,1454,6.00,2893,-2.00,5861,20.00,4676,-4.00,1522,20.00,2015,20.00,2737,40.00,2334,0.00,1143,34.00,3725,2.00,1357,0.00,1145,0.00,1343,0.00,1491,0.00,1751,3.00,1588,-1.00,896,-3.00,5,0.08
6039,20.00,2273,20.00,3285,20.00,1833,20.00,1510,20.00,1454,4.00,2893,-2.00,5861,20.00,4676,-4.00,1522,20.00,2015,20.00,2737,40.00,2334,0.00,1143,35.00,3725,4.00,1357,0.00,1145,0.00,1343,0.00,1491,0.00,1751,4.00,1588,0.00,896,-4.00,5,0.08
6075,20.00,2273,20.00,3285,20.00,1833,20.00,1510,20.00,1454,5.00,2893,-3.00,5861,20.00,4676,-1.00,1522,20.00,2015,20.00,2737,40.00,2335,1.00,1143,33.00,3725,3.00,1357,0.00,1145,0.00,1343,0.00,1491,0.00,1751,2.00,1588,0.00,896,-3.00,5,0.08
6110,20.00,2273,20.00,3285,20.00,1833,21.00,1510,20.00,1454,5.00,2893,-3.00,5861,20.00,4676,-3.00,1522,20.00,2015,21.00,2737,40.00,2334,0.00,1143,34.00,3725,2.00,1357,0.00,1145,0.00,1343,0.00,1491,0.00,1751,2.00,1588,0.00,896,-4.00,5,0.00
6146,20.00,2273,20.00,3285,20.00,1833,21.00,1510,20.00,1454,5.00,2893,-1.00,5861,20.00,4676,-3.00,1522,20.00,2015,20.00,2737,40.00,2334,0.00,1143,33.00,3725,3.00,1357,0.00,1145,0.00,1343,0.00,1491,0.00,1751,1.00,1588,-1.00,896,-4.00,5,0.08
6182,20.00,2273,20.00,3285,20.00,1833,20.00,1510,20.00,1454,5.00,2893,-2.00,5861,20.00,4676,-2.00,1522,20.00,2015,20.00,2737,40.00,2335,0.00,1143,34.00,3725,3.00,1357,0.00,1145,0.00,1343,0.00,1491,0.00,1751,1.00,1588,-2.00,896,-4.00,5,0.16
6218,20.00,2273,20.00,3285,20.00,1833,20.00,1510,20.00,1454,5.00,2893,-1.00,5861,20.00,4676,-1.00,1522,20.00,2015,20.00,2737,40.00,2334,0.00,1143,34.00,3725,2.00,1357,0.00,1146,0.00,1343,0.00,1491,0.00,1751,2.00,1588,-1.00,896,-5.00,5,0.32
6254,19.00,2273,20.00,3285,20.00,1833,20.00,1510,20.00,1454,5.00,2893,-2.00,5861,20.00,4676,-3.00,1522,20.00,2015,20.00,2737,40.00,2334,0.00,1143,34.00,3725,3.00,1357,0.00,1145,0.00,1343,0.00,1491,0.00,1751,2.00,1588,-1.00,896,-4.00,5,0.48
6289,19.00,2273,20.00,3285,20.00,1833,19.00,1510,20.00,1454,4.00,2893,-2.00,5861,20.00,4676,-2.00,1522,20.00,2015,20.00,2737,40.00,2335,0.00,1143,34.00,3725,3.00,1357,0.00,1145,0.00,1343,0.00,1491,0.00,1751,3.00,1588,-1.00,896,-4.00,5,0.08
6325,20.00,2273,20.00,3285,21.00,1833,20.00,1510,21.00,1454,5.00,2893,-1.00,5861,20.00,4676,-3.00,1522,20.00,2015,20.00,2737,40.00,2334,0.00,1143,35.00,3725,1.00,1357,0.00,1145,0.00,1343,0.00,1491,0.00,1751,3.00,1588,0.00,896,-5.00,5,0.40
6361,20.00,2273,21.00,3285,20.00,1833,20.00,1510,20.00,1454,5.00,2893,-3.00,5861,20.00,4676,-3.00,1522,19.00,2015,20.00,2737,40.00,2334,0.00,1143,34.00,3725,3.00,1357,0.00,1145,0.00,1343,0.00,1491,0.00,1751,2.00,1588,-1.00,896,-4.00,5,0.08
6397,20.00,2273,20.00,3285,20.00,1833,20.00,1510,20.00,1454,5.00,2893,-1.00,5861,20.00,4676,-2.00,1522,20.00,2015,20.00,2737,41.00,2334,0.00,1143,34.00,3725,1.00,1357,0.00,1145,0.00,1343,0.00,1490,0.00,1751,4.00,1588,0.00,896,-5.00,5,0.16
6432,20.00,2273,20.00,3285,20.00,1833,20.00,1510,20.00,1454,6.00,2893,-2.00,5861,20.00,4676,-4.00,1522,20.00,2015,20.00,2737,40.00,2334,0.00,1143,34.00,3725,5.00,1357,0.00,1145,0.00,1343,0.00,1491,0.00,1751,1.00,1588,-1.00,896,-4.00,5,0.08
6468,20.00,2273,19.00,3285,20.00,1833,20.00,1510,20.00,1454,4.00,2893,-2.00,5861,20.00,4676,-3.00,1522,20.00,2015,20.00,2737,40.00,2334,1.00,1143,35.00,3725,3.00,1357,0.00,1145,0.00,1343,0.00,1491,0.00,1751,4.00,1588,-1.00,896,-3.00,5,0.24
6504,20.00,2273,20.00,3285,19.00,1833,20.00,1510,20.00,1454,4.00,2893,-2.00,5861,20.00,4676,-3.00,1522,20.00,2015,20.00,2737,40.00,2334,-1.00,1143,34.00,3725,3.00,1357,0.00,1145,0.00,1343,0.00,1491,0.00,1751,4.00,1588,-1.00,896,-5.00,5,0.56
6539,20.00,2273,20.00,3285,20.00,1833,20.00,1510,20.00,1454,5.00,2893,-2.00,5861,20.00,4676,-2.00,1522,20.00,2015,21.00,2737,40.00,2334,-2.00,1143,34.00,3725,3.00,1357,0.00,1145,0.00,1343,0.00,1491,0.00,1751,4.00,1588,0.00,896,-4.00,5,0.08
6575,20.00,2273,20.00,3285,20.00,1833,20.00,1510,20.00,1454,5.00,2893,-1.00,5861,20.00,4676,-4.00,1522,20.00,2015,19.00,2737,40.00,2334,0.00,1143,34.00,3725,2.00,1357,0.00,1145,0.00,1343,0.00,1491,0.00,1751,4.00,1588,-1.00,896,-4.00,5,0.08
6611,21.00,2273,20.00,3285,21.00,1833,20.00,1510,20.00,1454,5.00,2893,-2.00,5861,20.00,4676,-3.00,1522,20.00,2015,20.00,2737,40.00,2335,-5.00,1143,34.00,3725,2.00,1357,0.00,1145,0.00,1343,0.00,1491,0.00,1751,3.00,1588,-1.00,896,-3.00,5,0.00
6647,20.00,2273,20.00,3285,20.00,1833,20.00,1510,20.00,1454,5.00,2893,-3.00,5861,20.00,4676,-4.00,1522,20.00,2015,20.00,2737,40.00,2334,-1.00,1143,34.00,3725,4.00,1357,0.00,1145,0.00,1343,0.00,1491,0.00,1751,4.00,1588,0.00,896,-5.00,5,0.00
6683,20.00,2273,20.00,3285,20.00,1833,21.00,1510,20.00,1454,6.00,2893,-2.00,5861,20.00,4676,-4.00,1522,20.00,2015,20.00,2737,40.00,2335,-5.00,1143,34.00,3725,2.00,1357,0.00,1145,0.00,1343,0.00,1491,0.00,1751,2.00,1588,-2.00,896,-4.00,5,0.16
6718,20.00,2273,20.00,3285,20.00,1833,20.00,1510,20.00,1454,5.00,2893,-2.00,5861,20.00,4676,-2.00,1522,20.00,2015,20.00,2737,40.00,2334,-2.00,1143,34.00,3725,1.00,1357,0.00,1145,0.00,1343,0.00,1491,0.00,1751,2.00,1588,-1.00,896,-3.00,5,0.24
6754,20.00,2273,20.00,3285,20.00,1833,20.00,1510,20.00,1454,5.00,2893,-2.00,5861,20.00,4676,-3.00,1522,19.00,2015,20.00,2737,40.00,2334,-2.00,1143,34.00,3725,3.00,1357,0.00,1145,0.00,1343,0.00,1491,0.00,1751,2.00,1588,-1.00,896,-3.00,5,0.08
6790,19.00,2273,20.00,3285,20.00,1833,20.00,1510,20.00,1454,5.00,2893,-2.00,5861,20.00,4676,-4.00,1522,21.00,2015,20.00,2737,40.00,2334,-1.00,1143,34.00,3725,2.00,1357,0.00,1145,0.00,1343,0.00,1491,0.00,1751,2.00,1588,-1.00,896,-3.00,5,0.16
6826,20.00,2273,21.00,3285,20.00,1833,20.00,1510,20.00,1454,5.00,2893,-1.00,5861,20.00,4676,-4.00,1522,21.00,2015,21.00,2737,41.00,2334,1.00,1143,34.00,3725,4.00,1357,0.00,1145,0.00,1343,0.00,1491,0.00,1751,3.00,1588,-1.00,896,-2.00,5,0.24
6861,20.00,2273,20.00,3285,20.00,1833,20.00,1510,20.00,1454,6.00,2893,-2.00,5861,20.00,4676,-4.00,1522,20.00,2015,20.00,2737,40.00,2335,1.00,1143,34.00,3725,1.00,1357,0.00,1145,0.00,1343,0.00,1491,0.00,1751,3.00,1588,-1.00,896,-4.00,5,0.24
6897,20.00,2273,20.00,3285,20.00,1833,20.00,1510,20.00,1454,4.00,2893,-1.00,5861,20.00,4676,-4.00,1522,20.00,2015,20.00,2737,41.00,2335,2.00,1143,33.00,3725,3.00,1357,0.00,1145,0.00,1343,0.00,1491,0.00,1751,2.00,1588,-2.00,896,-4.00,5,0.16
6933,20.00,2273,20.00,3285,20.00,1833,20.00,1510,20.00,1454,4.00,2893,-2.00,5861,20.00,4676,-4.00,1522,20.00,2015,20.00,2737,40.00,2335,-1.00,1143,34.00,3725,4.00,1357,0.00,1145,0.00,1343,0.00,1490,0.00,1751,1.00,1588,-1.00,896,-3.00,5,0.08
6969,21.00,2273,20.00,3285,20.00,1833,20.00,1510,20.00,1454,5.00,2893,-2.00,5861,20.00,4676,-3.00,1522,20.00,2015,20.00,2737,40.00,2334,-1.00,1143,34.00,3725,3.00,1357,0.00,1145,0.00,1343,0.00,1491,0.00,1751,4.00,1588,-1.00,896,-5.00,5,0.08
7004,20.00,2274,19.00,3285,20.00,1833,19.00,1510,20.00,1454,5.00,2893,-2.00,5861,21.00,4676,-2.00,1522,20.00,2015,20.00,2737,40.00,2334,-2.00,1142,35.00,3725,4.00,1357,0.00,1145,0.00,1343,0.00,1491,0.00,1751,2.00,1588,-1.00,896,-5.00,5,0.08
7040,20.00,2273,20.00,3285,20.00,1833,20.00,1510,20.00,1454,5.00,2893,-2.00,5861,20.00,4676,-4.00,1522,20.00,2015,20.00,2737,40.00,2335,6.00,1143,34.00,3725,2.00,1357,0.00,1145,0.00,1343,0.00,1491,0.00,1751,5.00,1588,-1.00,896,-4.00,5,0.08
7076,21.00,2273,20.00,3285,20.00,1833,20.00,1510,20.00,1454,5.00,2893,-1.00,5861,20.00,4676,-3.00,1522,20.00,2015,20.00,2737,40.00,2334,-1.00,1143,35.00,3725,3.00,1357,0.00,1145,0.00,1343,0.00,1491,0.00,1751,4.00,1588,-1.00,896,-3.00,5,0.00
7111,21.00,2273,20.00,3285,20.00,1833,20.00,1510,20.00,1454,5.00,2893,-2.00,5861,20.00,4676,-3.00,1522,20.00,2015,20.00,2737,40.00,2335,-1.00,1143,34.00,3725,4.00,1357,0.00,1145,0.00,1343,0.00,1490,0.00,1751,5.00,1588,-1.00,896,-3.00,5,0.08
7147,19.00,2273,20.00,3285,20.00,1833,20.00,1510,20.00,1454,5.00,2893,-2.00,5861,19.00,4676,-4.00,1522,20.00,2015,20.00,2737,39.00,2334,0.00,1143,34.00,3725,-5.00,1357,0.00,1145,0.00,1343,0.00,1491,0.00,1751,2.00,1588,-1.00,896,-3.00,5,0.08
7183,20.00,2274,20.00,3285,21.00,1833,20.00,1510,19.00,1454,5.00,2893,-2.00,5861,20.00,4676,-3.00,1522,20.00,2015,20.00,2737,40.00,2334,-1.00,1143,34.00,3725,2.00,1357,0.00,1145,0.00,1343,0.00,1491,0.00,1751,3.00,1588,-2.00,896,-4.00,5,0.00
7219,20.00,2273,20.00,3285,20.00,1833,20.00,1510,20.00,1454,5.00,2893,-2.00,5861,20.00,4676,-4.00,1522,20.00,2015,20.00,2737,41.00,2334,-1.00,1142,35.00,3725,2.00,1357,0.00,1145,0.00,1343,0.00,1491,0.00,1751,1.00,1588,-1.00,896,-3.00,5,0.08
7255,20.00,2273,20.00,3285,20.00,1833,20.00,1510,20.00,1454,5.00,2893,-2.00,5861,20.00,4676,-2.00,1522,20.00,2015,20.00,2737,40.00,2334,-1.00,1143,34.00,3725,4.00,1357,0.00,1145,0.00,1343,0.00,1490,0.00,1751,4.00,1588,-1.00,896,-4.00,5,0.08
7291,19.00,2273,21.00,3285,20.00,1833,21.00,1510,20.00,1454,4.00,2893,-2.00,5861,20.00,4676,-4.00,1522,20.00,2015,20.00,2737,40.00,2334,6.00,1143,34.00,3725,3.00,1357,0.00,1145,0.00,1343,0.00,1491,0.00,1751,3.00,1588,-1.00,896,-5.00,5,0.08
7326,21.00,2273,20.00,3285,20.00,1833,20.00,1510,20.00,1454,4.00,2893,-2.00,5861,19.00,4676,-2.00,1522,20.00,2015,20.00,2737,40.00,2334,-1.00,1143,34.00,3725,4.00,1357,0.00,1145,0.00,1343,0.00,1491,0.00,1751,3.00,1588,-2.00,896,-5.00,5,0.08
7362,20.00,2273,20.00,3285,20.00,1833,20.00,1510,20.00,1454,5.00,2892,-3.00,5861,20.00,4676,-3.00,1522,20.00,2015,20.00,2737,39.00,2334,0.00,1143,34.00,3725,2.00,1357,0.00,1145,0.00,1343,0.00,1490,0.00,1751,2.00,1588,-1.00,896,-4.00,5,0.00
7398,20.00,2273,20.00,3285,21.00,1833,20.00,1510,20.00,1454,5.00,2893,-2.00,5861,20.00,4676,-3.00,1522,20.00,2015,19.00,2737,40.00,2334,0.00,1143,34.00,3725,4.00,1357,0.00,1145,0.00,1343,0.00,1491,0.00,1751,3.00,1588,0.00,896,-5.00,5,0.48
7434,20.00,2273,20.00,3285,20.00,1833,20.00,1510,20.00,1454,5.00,2893,-2.00,5861,20.00,4676,-4.00,1522,20.00,2015,19.00,2737,40.00,2335,6.00,1143,35.00,3725,4.00,1357,0.00,1145,0.00,1343,0.00,1491,0.00,1751,4.00,1588,-2.00,896,-5.00,5,0.08
7469,19.00,2273,20.00,3285,20.00,1833,20.00,1510,20.00,1454,5.00,2893,-1.00,5861,20.00,4676,-3.00,1522,20.00,2015,20.00,2737,40.00,2334,1.00,1143,34.00,3725,5.00,1357,0.00,1145,0.00,1343,0.00,1491,0.00,1751,3.00,1588,-1.00,896,-5.00,5,0.24
7505,20.00,2273,20.00,3285,20.00,1833,20.00,1510,20.00,1454,5.00,2893,-2.00,5861,20.00,4676,-1.00,1522,20.00,2015,20.00,2737,40.00,2335,0.00,1143,34.00,3725,2.00,1357,0.00,1145,0.00,1343,0.00,1491,0.00,1751,2.00,1588,-1.00,896,-4.00,5,0.08
7541,20.00,2273,20.00,3285,20.00,1833,21.00,1510,20.00,1454,5.00,2893,-2.00,5861,20.00,4676,-4.00,1522,20.00,2015,20.00,2737,40.00,2334,-1.00,1143,34.00,3725,4.00,1357,0.00,1145,0.00,1343,0.00,1491,0.00,1751,3.00,1588,-1.00,896,-4.00,5,0.08
7576,20.00,2273,20.00,3285,20.00,1833,19.00,1510,20.00,1454,5.00,2893,-2.00,5861,20.00,4676,-3.00,1522,20.00,2015,20.00,2737,40.00,2334,-1.00,1143,35.00,3725,2.00,1357,0.00,1145,0.00,1343,0.00,1491,0.00,1751,5.00,1588,-1.00,896,-4.00,5,0.08
7612,20.00,2273,20.00,3285,20.00,1833,19.00,1510,20.00,1454,5.00,2893,-2.00,5861,20.00,4676,-4.00,1522,20.00,2015,20.00,2737,41.00,2334,-3.00,1143,35.00,3725,2.00,1357,0.00,1145,0.00,1343,0.00,1491,0.00,1751,2.00,1588,-1.00,896,-4.00,5,0.00
7648,19.00,2273,20.00,3285,20.00,1833,21.00,1510,20.00,1454,5.00,2893,-2.00,5861,20.00,4676,-4.00,1522,21.00,2015,20.00,2737,40.00,2334,7.00,1143,34.00,3725,2.00,1357,0.00,1145,0.00,1343,0.00,1491,0.00,1751,2.00,1588,-1.00,896,-5.00,5,0.00
7684,20.00,2273,20.00,3285,20.00,1833,20.00,1510,20.00,1454,5.00,2893,-2.00,5861,20.00,4676,-2.00,1522,20.00,2015,20.00,2737,40.00,2334,-2.00,1143,34.00,3725,3.00,1357,0.00,1145,0.00,1343,0.00,1491,0.00,1751,3.00,1588,-2.00,896,-5.00,5,0.16
7719,20.00,2273,20.00,3285,20.00,1833,20.00,1510,20.00,1454,5.00,2893,-3.00,5861,20.00,4676,-4.00,1522,20.00,2015,20.00,2737,39.00,2334,0.00,1143,33.00,3725,2.00,1357,0.00,1145,0.00,1343,0.00,1490,0.00,1751,4.00,1588,-2.00,896,-3.00,5,0.65
7755,20.00,2273,21.00,3285,21.00,1833,21.00,1510,20.00,1454,5.00,2893,-1.00,5861,20.00,4676,-3.00,1522,20.00,2015,20.00,2737,40.00,2334,-1.00,1143,33.00,3725,4.00,1357,0.00,1145,0.00,1343,0.00,1491,0.00,1751,3.00,1588,0.00,896,-5.00,5,0.32
7791,20.00,2273,20.00,3285,20.00,1833,20.00,1510,20.00,1454,6.00,2893,-2.00,5861,20.00,4676,-3.00,1522,20.00,2015,20.00,2737,40.00,2334,-1.00,1143,35.00,3725,3.00,1357,0.00,1145,0.00,1343,0.00,1491,0.00,1751,2.00,1588,-1.00,896,-5.00,5,0.32
7827,20.00,2273,20.00,3285,20.00,1833,20.00,1510,19.00,1454,5.00,2893,-1.00,5861,20.00,4676,-4.00,1522,20.00,2015,20.00,2737,40.00,2335,0.00,1143,34.00,3725,2.00,1357,0.00,1145,0.00,1343,0.00,1491,0.00,1751,2.00,1588,-1.00,896,-3.00,5,0.16
7863,20.00,2273,20.00,3285,21.00,1833,20.00,1510,20.00,1454,5.00,2893,-2.00,5861,20.00,4676,-4.00,1522,20.00,2015,20.00,2737,40.00,2335,0.00,1143,35.00,3725,4.00,1357,0.00,1145,0.00,1343,0.00,1491,0.00,1751,3.00,1588,-1.00,896,-5.00,5,0.08
7898,21.00,2273,20.00,3285,20.00,1833,20.00,1510,20.00,1454,4.00,2893,-2.00,5861,20.00,4676,-3.00,1522,20.00,2015,19.00,2737,39.00,2334,0.00,1143,34.00,3725,2.00,1357,0.00,1145,0.00,1343,0.00,1490,0.00,1751,3.00,1588,0.00,896,-4.00,5,0.08
7934,21.00,2273,20.00,3285,21.00,1833,20.00,1510,20.00,1454,5.00,2893,-2.00,5861,20.00,4676,-2.00,1522,20.00,2015,20.00,2737,40.00,2334,0.00,1143,34.00,3725,2.00,1357,0.00,1145,0.00,1343,0.00,1491,0.00,1751,2.00,1588,-1.00,896,-5.00,5,0.16
7970,20.00,2273,20.00,3285,20.00,1833,20.00,1510,20.00,1454,5.00,2893,-2.00,5861,20.00,4676,-4.00,1522,20.00,2015,19.00,2737,40.00,2334,-1.00,1143,34.00,3725,4.00,1357,0.00,1145,0.00,1343,0.00,1491,0.00,1751,2.00,1588,-1.00,896,-4.00,5,0.32
8006,20.00,2273,20.00,3285,19.00,1833,20.00,1510,20.00,1454,6.00,2893,-3.00,5861,20.00,4676,-2.00,1522,20.00,2015,20.00,2737,40.00,2334,6.00,1143,34.00,3725,2.00,1357,0.00,1145,0.00,1343,0.00,1491,0.00,1751,4.00,1588,-1.00,896,-4.00,5,0.00
8041,20.00,2273,19.00,3285,20.00,1833,20.00,1510,20.00,1454,5.00,2893,-2.00,5861,20.00,4676,-3.00,1522,20.00,2015,20.00,2737,40.00,2334,-1.00,1143,34.00,3725,2.00,1357,0.00,1145,0.00,1343,0.00,1491,0.00,1751,4.00,1588,0.00,896,-4.00,5,0.08
8077,20.00,2273,20.00,3285,21.00,1833,20.00,1510,20.00,1454,5.00,2893,-3.00,5861,20.00,4676,-4.00,1522,20.00,2015,20.00,2737,40.00,2334,9.00,1143,34.00,3725,4.00,1357,0.00,1145,0.00,1343,0.00,1491,0.00,1751,5.00,1588,-1.00,896,-3.00,5,0.08
8113,21.00,2273,20.00,3285,20.00,1833,20.00,1510,20.00,1454,6.00,2893,-1.00,5861,20.00,4676,-4.00,1522,20.00,2015,20.00,2737,40.00,2334,-2.00,1143,34.00,3725,5.00,1357,0.00,1145,0.00,1343,0.00,1491,0.00,1751,3.00,1588,-1.00,896,-4.00,5,0.08
8149,21.00,2273,20.00,3285,20.00,1833,20.00,1510,20.00,1454,5.00,2893,-2.00,5861,20.00,4676,-2.00,1522,20.00,2015,20.00,2737,39.00,2334,8.00,1143,33.00,3725,3.00,1357,0.00,1145,0.00,1343,0.00,1491,0.00,1751,2.00,1588,-1.00,896,-3.00,5,0.08
8185,20.00,2273,21.00,3285,20.00,1833,20.00,1510,20.00,1454,5.00,2893,-2.00,5861,20.00,4676,-4.00,1522,20.00,2015,21.00,2737,40.00,2334,0.00,1143,34.00,3725,3.00,1357,0.00,1145,0.00,1343,0.00,1491,0.00,1751,2.00,1588,-1.00,896,-5.00,5,0.16
8220,20.00,2273,20.00,3285,20.00,1833,20.00,1510,20.00,1454,5.00,2892,-2.00,5861,20.00,4676,-2.00,1522,20.00,2015,20.00,2737,40.00,2334,0.00,1143,34.00,3725,2.00,1357,0.00,1145,0.00,1343,0.00,1491,0.00,1751,2.00,1588,-1.00,896,-4.00,5,0.40
8256,19.00,2273,20.00,3285,20.00,1833,20.00,1510,20.00,1454,5.00,2893,-1.00,5861,20.00,4676,-4.00,1522,21.00,2015,21.00,2737,40.00,2334,-2.00,1143,34.00,3725,3.00,1357,0.00,1145,0.00,1343,0.00,1490,0.00,1751,2.00,1588,-1.00,896,-4.00,5,0.00
8292,20.00,2273,20.00,3285,20.00,1833,20.00,1510,20.00,1454,4.00,2892,-1.00,5861,20.00,4676,-3.00,1522,20.00,2015,20.00,2737,40.00,2335,-6.00,1143,34.00,3725,3.00,1357,0.00,1145,0.00,1343,0.00,1491,0.00,1751,3.00,1588,-2.00,896,-4.00,5,0.00
8328,20.00,2273,19.00,3285,20.00,1833,20.00,1510,20.00,1454,5.00,2893,-2.00,5861,20.00,4676,-2.00,1522,20.00,2015,20.00,2737,40.00,2335,-1.00,1143,34.00,3725,2.00,1357,0.00,1145,0.00,1343,0.00,1490,0.00,1751,4.00,1588,-1.00,896,-4.00,5,0.16
8363,20.00,2273,21.00,3285,20.00,1833,20.00,1510,20.00,1454,5.00,2893,-3.00,5861,20.00,4676,-3.00,1522,20.00,2015,20.00,2737,40.00,2334,0.00,1143,33.00,3725,3.00,1357,0.00,1145,0.00,1343,0.00,1491,0.00,1751,4.00,1588,-1.00,896,-5.00,5,0.00
8399,20.00,2273,19.00,3285,21.00,1833,20.00,1510,20.00,1454,4.00,2893,-1.00,5861,20.00,4676,-3.00,1522,20.00,2015,20.00,2737,40.00,2334,-1.00,1143,33.00,3725,4.00,1357,0.00,1145,0.00,1343,0.00,1491,0.00,1751,5.00,1588,-1.00,896,-3.00,5,0.16
8435,20.00,2273,20.00,3285,20.00,1833,20.00,1510,20.00,1454,5.00,2893,-2.00,5861,20.00,4676,-4.00,1522,20.00,2015,20.00,2737,40.00,2334,1.00,1143,35.00,3725,2.00,1357,0.00,1145,0.00,1343,0.00,1491,0.00,1751,3.00,1588,-1.00,896,-4.00,5,0.16
8470,20.00,2273,20.00,3285,20.00,1833,20.00,1510,20.00,1454,4.00,2893,-2.00,5861,20.00,4676,-4.00,1522,20.00,2015,20.00,2737,40.00,2334,-1.00,1143,34.00,3725,4.00,1357,0.00,1145,0.00,1343,0.00,1491,0.00,1751,4.00,1588,-1.00,896,-5.00,5,0.32
8506,20.00,2273,20.00,3285,20.00,1833,20.00,1510,20.00,1454,5.00,2893,-3.00,5861,20.00,4676,-2.00,1522,20.00,2015,20.00,2737,40.00,2334,6.00,1143,34.00,3725,4.00,1357,0.00,1145,0.00,1343,0.00,1491,0.00,1751,3.00,1588,-1.00,896,-4.00,5,0.24
8542,20.00,2273,20.00,3285,20.00,1833,20.00,1510,20.00,1454,5.00,2893,-2.00,5861,20.00,4676,-4.00,1522,21.00,2015,20.00,2737,39.00,2334,0.00,1143,34.00,3725,3.00,1357,0.00,1145,0.00,1343,0.00,1491,0.00,1751,2.00,1588,-1.00,896,-3.00,5,0.08
8578,19.00,2273,20.00,3285,20.00,1833,20.00,1510,20.00,1454,5.00,2893,-2.00,5861,20.00,4676,-4.00,1522,20.00,2015,20.00,2737,40.00,2334,0.00,1143,35.00,3725,3.00,1357,0.00,1145,0.00,1343,0.00,1491,0.00,1751,3.00,1588,-1.00,896,-4.00,5,0.08
8613,20.00,2273,19.00,3285,20.00,1833,20.00,1510,20.00,1454,5.00,2893,-3.00,5861,20.00,4676,-3.00,1522,20.00,2015,20.00,2737,40.00,2334,-1.00,1142,34.00,3725,3.00,1357,0.00,1145,0.00,1343,0.00,1491,0.00,1751,3.00,1588,-1.00,896,-5.00,5,0.08
8649,20.00,2273,20.00,3285,20.00,1833,20.00,1510,19.00,1454,5.00,2893,-2.00,5861,20.00,4676,-3.00,1522,20.00,2015,19.00,2737,40.00,2334,6.00,1143,34.00,3725,4.00,1357,0.00,1145,0.00,1343,0.00,1491,0.00,1751,1.00,1588,-2.00,896,-5.00,5,0.08
8685,20.00,2273,20.00,3285,21.00,1833,20.00,1510,19.00,1454,4.00,2893,-2.00,5861,20.00,4676,-4.00,1522,20.00,2015,20.00,2737,40.00,2334,-1.00,1143,35.00,3725,2.00,1357,0.00,1145,0.00,1343,0.00,1491,0.00,1751,2.00,1588,0.00,896,-4.00,5,0.16
8721,20.00,2273,21.00,3285,19.00,1833,20.00,1510,19.00,1454,5.00,2893,-1.00,5861,20.00,4676,-4.00,1522,20.00,2015,20.00,2737,40.00,2334,-1.00,1143,34.00,3725,3.00,1357,0.00,1145,0.00,1343,0.00,1491,0.00,1751,3.00,1588,-1.00,896,-4.00,5,0.16
8756,20.00,2273,20.00,3285,19.00,1833,21.00,1510,20.00,1454,5.00,2893,-1.00,5861,20.00,4676,-3.00,1522,20.00,2015,20.00,2737,40.00,2334,-1.00,1143,34.00,3725,3.00,1357,0.00,1145,0.00,1343,0.00,1491,0.00,1751,4.00,1588,-2.00,896,-4.00,5,0.00
8792,20.00,2273,20.00,3285,20.00,1833,21.00,1510,20.00,1454,5.00,2893,-2.00,5861,20.00,4676,-4.00,1522,20.00,2015,19.00,2737,40.00,2334,0.00,1143,34.00,3725,1.00,1357,0.00,1145,0.00,1343,0.00,1491,0.00,1751,2.00,1588,-2.00,896,-5.00,5,0.00
8828,20.00,2273,20.00,3285,20.00,1833,20.00,1510,20.00,1454,5.00,2893,-3.00,5861,20.00,4676,-4.00,1522,20.00,2015,20.00,2737,40.00,2334,-5.00,1143,35.00,3725,1.00,1357,0.00,1145,0.00,1343,0.00,1491,0.00,1751,3.00,1588,-1.00,896,-3.00,5,0.16
8864,21.00,2273,21.00,3285,20.00,1833,20.00,1510,20.00,1454,5.00,2893,-3.00,5861,20.00,4676,-3.00,1522,20.00,2015,21.00,2737,40.00,2334,-1.00,1142,34.00,3725,4.00,1357,0.00,1145,0.00,1343,0.00,1491,0.00,1751,3.00,1588,-1.00,896,-3.00,5,0.16
8899,20.00,2273,21.00,3285,20.00,1833,20.00,1510,20.00,1454,5.00,2893,-1.00,5861,20.00,4676,-2.00,1522,20.00,2015,20.00,2737,40.00,2334,1.00,1142,34.00,3725,3.00,1357,0.00,1145,0.00,1343,0.00,1491,0.00,1751,5.00,1588,-1.00,896,-3.00,5,0.08
8935,21.00,2273,20.00,3285,20.00,1833,20.00,1510,20.00,1454,6.00,2893,-2.00,5861,20.00,4676,-5.00,1522,20.00,2015,20.00,2737,40.00,2334,-2.00,1143,33.00,3725,1.00,1357,0.00,1145,0.00,1343,0.00,1491,0.00,1751,3.00,1588,-2.00,896,-3.00,5,0.00
8971,20.00,2273,21.00,3285,20.00,1833,20.00,1510,20.00,1454,4.00,2893,-3.00,5861,20.00,4676,-4.00,1522,20.00,2015,20.00,2737,39.00,2335,0.00,1143,34.00,3725,1.00,1357,0.00,1145,0.00,1343,0.00,1491,0.00,1751,3.00,1588,-1.00,896,-3.00,5,0.00
9007,21.00,2273,20.00,3285,20.00,1833,20.00,1510,20.00,1454,4.00,2893,-2.00,5861,20.00,4676,-2.00,1522,20.00,2015,20.00,2737,40.00,2334,1.00,1142,33.00,3725,2.00,1357,0.00,1145,0.00,1343,0.00,1491,0.00,1751,2.00,1588,-1.00,896,-3.00,5,0.16
9042,19.00,2273,20.00,3285,20.00,1833,20.00,1510,20.00,1454,5.00,2893,-1.00,5861,20.00,4676,-2.00,1522,20.00,2015,20.00,2737,40.00,2334,0.00,1143,34.00,3725,3.00,1357,0.00,1145,0.00,1343,0.00,1490,0.00,1751,2.00,1588,-1.00,896,-4.00,5,0.08
9078,20.00,2273,20.00,3285,20.00,1833,20.00,1510,20.00,1454,5.00,2893,-3.00,5861,20.00,4676,-4.00,1522,20.00,2015,20.00,2737,40.00,2334,0.00,1143,34.00,3725,2.00,1357,0.00,1145,0.00,1343,0.00,1491,0.00,1751,2.00,1588,-2.00,896,-4.00,5,0.00
9114,20.00,2273,20.00,3285,21.00,1833,20.00,1510,20.00,1454,6.00,2893,-2.00,5861,20.00,4676,-3.00,1522,20.00,2015,19.00,2737,40.00,2334,0.00,1143,34.00,3725,3.00,1357,0.00,1145,0.00,1343,0.00,1491,0.00,1751,4.00,1588,-1.00,896,-3.00,5,0.08
9149,20.00,2273,19.00,3285,20.00,1833,20.00,1510,20.00,1454,5.00,2893,-2.00,5861,20.00,4676,-4.00,1522,20.00,2015,20.00,2737,40.00,2334,-2.00,1143,33.00,3725,3.00,1357,0.00,1145,0.00,1343,0.00,1491,0.00,1751,2.00,1588,-1.00,896,-5.00,5,0.08
9185,20.00,2273,20.00,3285,20.00,1833,20.00,1510,20.00,1454,5.00,2893,-1.00,5861,20.00,4676,-2.00,1522,20.00,2015,20.00,2737,40.00,2335,-1.00,1143,33.00,3725,4.00,1357,0.00,1145,0.00,1343,0.00,1491,0.00,1751,4.00,1588,-1.00,896,-5.00,5,0.08
9221,20.00,2273,20.00,3285,20.00,1833,20.00,1510,20.00,1454,4.00,2893,-1.00,5861,20.00,4676,-1.00,1522,20.00,2015,20.00,2737,40.00,2334,0.00,1143,34.00,3725,2.00,1357,0.00,1145,0.00,1343,0.00,1491,0.00,1751,4.00,1588,-2.00,896,-3.00,5,0.24
9256,20.00,2273,19.00,3285,20.00,1833,20.00,1510,20.00,1454,5.00,2893,-1.00,5861,20.00,4676,-3.00,1522,20.00,2015,20.00,2737,40.00,2334,1.00,1143,34.00,3725,4.00,1357,0.00,1145,0.00,1344,0.00,1491,0.00,1751,4.00,1588,0.00,896,-4.00,5,0.16
9292,21.00,2274,20.00,3285,20.00,1833,20.00,1510,20.00,1454,4.00,2893,-2.00,5861,20.00,4676,-2.00,1522,20.00,2015,20.00,2737,40.00,2334,0.00,1142,35.00,3725,2.00,1357,0.00,1145,0.00,1343,0.00,1491,0.00,1751,3.00,1588,-1.00,896,-5.00,5,0.08
9328,20.00,2273,20.00,3285,20.00,1833,20.00,1510,20.00,1454,5.00,2893,-3.00,5861,20.00,4676,-4.00,1522,20.00,2015,20.00,2737,40.00,2334,3.00,1143,34.00,3725,4.00,1357,0.00,1145,0.00,1343,0.00,1491,0.00,1751,3.00,1588,-1.00,896,-5.00,5,0.24
9364,20.00,2273,20.00,3285,20.00,1833,20.00,1510,20.00,1454,6.00,2893,-2.00,5861,20.00,4676,-2.00,1522,20.00,2015,20.00,2737,40.00,2334,0.00,1143,34.00,3725,3.00,1357,0.00,1145,0.00,1343,0.00,1491,0.00,1751,3.00,1588,-1.00,896,-2.00,5,0.16
9399,20.00,2273,20.00,3285,20.00,1833,20.00,1510,20.00,1454,5.00,2893,-2.00,5861,20.00,4676,-3.00,1522,20.00,2015,20.00,2737,40.00,2334,0.00,1143,35.00,3725,3.00,1357,0.00,1145,0.00,1343,0.00,1491,0.00,1751,3.00,1588,-1.00,896,-4.00,5,0.08
9435,20.00,2273,20.00,3285,20.00,1833,20.00,1510,20.00,1454,6.00,2893,-2.00,5861,20.00,4676,-1.00,1522,20.00,2015,19.00,2737,40.00,2334,0.00,1142,33.00,3725,2.00,1357,0.00,1145,0.00,1343,0.00,1491,0.00,1751,1.00,1588,-1.00,896,-3.00,5,0.00
9471,20.00,2273,20.00,3285,20.00,1833,20.00,1510,20.00,1454,5.00,2893,-3.00,5861,20.00,4676,-2.00,1522,20.00,2015,20.00,2737,40.00,2334,0.00,1143,34.00,3725,4.00,1357,0.00,1145,0.00,1343,0.00,1491,0.00,1751,3.00,1588,-1.00,896,-5.00,5,0.00
9506,20.00,2273,20.00,3285,19.00,1833,20.00,1510,20.00,1454,4.00,2893,-3.00,5861,20.00,4676,-3.00,1522,20.00,2015,21.00,2737,40.00,2334,6.00,1143,34.00,3725,3.00,1357,0.00,1145,0.00,1343,0.00,1490,0.00,1751,2.00,1588,-1.00,896,-4.00,5,0.00
9542,21.00,2273,20.00,3285,20.00,1833,20.00,1510,20.00,1454,4.00,2893,-2.00,5861,20.00,4676,-3.00,1522,20.00,2015,21.00,2737,40.00,2334,3.00,1143,33.00,3725,3.00,1357,0.00,1145,0.00,1343,0.00,1491,0.00,1751,3.00,1588,-1.00,896,-5.00,5,0.32
9578,20.00,2273,21.00,3285,20.00,1833,20.00,1510,20.00,1454,6.00,2893,-1.00,5861,20.00,4676,-4.00,1522,19.00,2015,20.00,2737,39.00,2334,0.00,1143,34.00,3725,4.00,1357,0.00,1145,0.00,1343,0.00,1491,0.00,1751,3.00,1588,-1.00,896,-4.00,5,0.16
9613,20.00,2273,20.00,3285,20.00,1833,20.00,1510,20.00,1454,5.00,2893,-2.00,5861,20.00,4676,-1.00,1522,20.00,2015,20.00,2737,40.00,2335,1.00,1143,34.00,3725,3.00,1357,0.00,1145,0.00,1343,0.00,1491,0.00,1751,5.00,1588,-1.00,896,-4.00,5,0.08
9649,20.00,2273,21.00,3285,20.00,1833,20.00,1510,20.00,1454,5.00,2893,-3.00,5861,20.00,4676,-3.00,1522,20.00,2015,20.00,2737,40.00,2334,-2.00,1143,34.00,3725,2.00,1357,0.00,1145,0.00,1343,0.00,1491,0.00,1751,2.00,1588,-1.00,896,-4.00,5,0.08
9685,20.00,2273,20.00,3285,20.00,1833,20.00,1510,20.00,1454,5.00,2893,-2.00,5861,20.00,4676,-2.00,1522,20.00,2015,20.00,2737,40.00,2334,1.00,1143,34.00,3725,2.00,1357,0.00,1145,0.00,1343,0.00,1490,0.00,1751,1.00,1588,-1.00,896,-3.00,5,0.08
9721,20.00,2273,21.00,3285,21.00,1833,20.00,1510,20.00,1454,5.00,2893,-2.00,5861,20.00,4676,-2.00,1522,20.00,2015,20.00,2737,40.00,2334,2.00,1142,34.00,3725,2.00,1357,0.00,1145,0.00,1343,0.00,1491,0.00,1751,2.00,1588,-1.00,896,-3.00,5,0.00
9757,20.00,2273,20.00,3285,20.00,1833,20.00,1510,20.00,1454,5.00,2893,-3.00,5861,20.00,4676,-1.00,1522,20.00,2015,21.00,2737,40.00,2335,1.00,1143,34.00,3725,3.00,1357,0.00,1145,0.00,1343,0.00,1491,0.00,1751,2.00,1588,0.00,896,-4.00,5,0.08
9792,20.00,2273,21.00,3285,20.00,1833,20.00,1510,20.00,1454,5.00,2893,-3.00,5861,20.00,4676,-2.00,1522,21.00,2015,20.00,2737,40.00,2334,0.00,1143,34.00,3725,3.00,1357,0.00,1145,0.00,1343,0.00,1491,0.00,1751,4.00,1588,-2.00,896,-3.00,5,0.48
9828,19.00,2273,21.00,3285,20.00,1833,20.00,1510,20.00,1454,5.00,2893,-1.00,5861,20.00,4676,-4.00,1522,19.00,2015,20.00,2737,40.00,2334,-1.00,1143,34.00,3725,4.00,1357,0.00,1145,0.00,1343,0.00,1491,0.00,1751,5.00,1588,-2.00,896,-3.00,5,0.00
9864,19.00,2273,20.00,3285,20.00,1833,20.00,1510,20.00,1454,5.00,2893,-1.00,5861,20.00,4676,-3.00,1522,19.00,2015,20.00,2737,40.00,2334,-1.00,1143,34.00,3725,3.00,1357,0.00,1145,0.00,1343,0.00,1491,0.00,1751,2.00,1588,-1.00,896,-3.00,5,0.08
9900,20.00,2273,19.00,3285,21.00,1833,20.00,1510,20.00,1454,6.00,2893,-1.00,5861,20.00,4676,-3.00,1522,20.00,2015,20.00,2737,40.00,2334,-1.00,1142,34.00,3725,2.00,1357,0.00,1145,0.00,1343,0.00,1491,0.00,1751,2.00,1588,-1.00,896,-5.00,5,0.08
9935,21.00,2273,20.00,3285,20.00,1833,20.00,1510,20.00,1454,5.00,2893,-2.00,5861,20.00,4676,-4.00,1522,21.00,2015,20.00,2737,40.00,2334,0.00,1143,35.00,3725,2.00,1357,0.00,1145,0.00,1343,0.00,1490,0.00,1751,3.00,1588,-1.00,896,-3.00,5,0.24
9971,20.00,2273,21.00,3285,20.00,1833,20.00,1510,20.00,1454,5.00,2893,-2.00,5861,20.00,4676,-3.00,1522,20.00,2015,20.00,2737,40.00,2334,0.00,1143,34.00,3725,2.00,1357,0.00,1145,0.00,1343,0.00,1490,0.00,1751,3.00,1588,-1.00,896,-3.00,5,0.16
10007,21.00,2273,20.00,3285,20.00,1833,21.00,1510,20.00,1454,5.00,2893,-3.00,5861,20.00,4676,-4.00,1522,20.00,2015,20.00,2737,40.00,2334,-1.00,1143,34.00,3725,2.00,1357,0.00,1145,0.00,1343,0.00,1491,0.00,1751,3.00,1588,-1.00,896,-4.00,5,0.08
10042,21.00,2273,20.00,3285,20.00,1833,20.00,1510,20.00,1454,5.00,2893,-2.00,5861,20.00,4676,-2.00,1522,20.00,2015,20.00,2737,40.00,2334,0.00,1143,34.00,3725,2.00,1357,0.00,1145,0.00,1343,0.00,1491,0.00,1751,3.00,1588,-1.00,896,-5.00,5,0.16
10078,20.00,2273,20.00,3285,20.00,1833,20.00,1510,20.00,1454,5.00,2893,-2.00,5861,20.00,4676,-3.00,1522,20.00,2015,20.00,2737,40.00,2335,0.00,1143,34.00,3725,4.00,1357,0.00,1145,0.00,1343,0.00,1491,0.00,1751,4.00,1588,-1.00,896,-5.00,5,0.16
10114,20.00,2273,20.00,3285,20.00,1833,20.00,1510,20.00,1454,5.00,2893,-3.00,5861,20.00,4676,-3.00,1522,20.00,2015,20.00,2737,40.00,2334,0.00,1143,35.00,3725,2.00,1357,0.00,1145,0.00,1343,0.00,1491,0.00,1751,4.00,1588,-1.00,896,-4.00,5,0.00
10150,20.00,2273,20.00,3285,20.00,1833,20.00,1510,20.00,1454,5.00,2893,-2.00,5861,20.00,4676,-2.00,1522,19.00,2015,20.00,2737,40.00,2334,1.00,1143,34.00,3725,5.00,1357,0.00,1145,0.00,1343,0.00,1491,0.00,1751,5.00,1588,-1.00,896,-4.00,5,0.00
10185,20.00,2273,20.00,3285,20.00,1833,20.00,1510,20.00,1454,5.00,2893,-2.00,5861,20.00,4676,-2.00,1522,19.00,2015,20.00,2737,40.00,2334,-2.00,1143,34.00,3725,2.00,1357,0.00,1145,0.00,1343,0.00,1491,0.00,1751,3.00,1588,-1.00,896,-3.00,5,0.08
10221,20.00,2273,20.00,3285,20.00,1833,19.00,1510,20.00,1454,6.00,2893,-2.00,5861,20.00,4676,-3.00,1522,19.00,2015,20.00,2737,40.00,2334,-1.00,1142,33.00,3725,4.00,1357,0.00,1145,0.00,1343,0.00,1491,0.00,1751,2.00,1588,-1.00,896,-4.00,5,0.08
10257,21.00,2273,20.00,3285,20.00,1833,20.00,1510,20.00,1454,5.00,2893,-1.00,5861,20.00,4676,-3.00,1522,20.00,2015,21.00,2737,40.00,2334,-2.00,1143,33.00,3725,2.00,1357,0.00,1145,0.00,1343,0.00,1491,0.00,1751,2.00,1588,-1.00,896,-4.00,5,0.16
10293,20.00,2273,19.00,3285,19.00,1833,20.00,1510,20.00,1454,5.00,2893,-2.00,5861,20.00,4676,-4.00,1522,20.00,2015,20.00,2737,39.00,2334,0.00,1143,34.00,3725,2.00,1357,0.00,1145,0.00,1343,0.00,1491,0.00,1751,5.00,1588,0.00,896,-4.00,5,0.16
10328,20.00,2273,19.00,3285,20.00,1833,20.00,1510,20.00,1454,5.00,2893,-3.00,5861,20.00,4676,-3.00,1522,20.00,2015,20.00,2737,40.00,2334,0.00,1143,35.00,3725,4.00,1357,0.00,1145,0.00,1343,0.00,1491,0.00,1751,1.00,1588,-1.00,896,-2.00,5,0.16
10364,20.00,2273,20.00,3285,20.00,1833,20.00,1510,20.00,1454,5.00,2893,-3.00,5861,20.00,4676,-2.00,1522,20.00,2015,20.00,2737,40.00,2335,0.00,1142,34.00,3725,2.00,1357,0.00,1145,0.00,1343,0.00,1491,0.00,1751,2.00,1588,-1.00,896,-4.00,5,0.08
10400,21.00,2273,20.00,3285,20.00,1833,20.00,1510,20.00,1454,5.00,2893,-2.00,5861,20.00,4676,-3.00,1522,20.00,2015,20.00,2737,40.00,2334,-7.00,1142,34.00,3725,2.00,1357,0.00,1145,0.00,1343,0.00,1490,0.00,1751,4.00,1588,-1.00,896,-5.00,5,0.08
10436,20.00,2273,20.00,3285,20.00,1833,20.00,1510,20.00,1454,5.00,2893,-2.00,5861,20.00,4676,-3.00,1522,20.00,2015,21.00,2737,40.00,2334,-2.00,1143,34.00,3725,1.00,1357,0.00,1145,0.00,1343,0.00,1491,0.00,1751,4.00,1588,-1.00,896,-3.00,5,0.00
10471,20.00,2273,19.00,3285,20.00,1833,20.00,1510,21.00,1454,5.00,2893,-1.00,5861,20.00,4676,-3.00,1522,20.00,2015,20.00,2737,41.00,2334,0.00,1142,34.00,3725,4.00,1357,0.00,1145,0.00,1343,0.00,1491,0.00,1751,2.00,1588,-2.00,896,-3.00,5,0.08
10507,20.00,2273,21.00,3285,20.00,1833,20.00,1510,20.00,1454,5.00,2893,-2.00,5861,20.00,4676,-4.00,1522,20.00,2015,20.00,2737,40.00,2334,-1.00,1143,34.00,3725,3.00,1357,0.00,1145,0.00,1343,0.00,1491,0.00,1751,3.00,1588,-1.00,896,-2.00,5,0.00
10543,21.00,2273,19.00,3285,21.00,1833,20.00,1510,20.00,1454,5.00,2893,-3.00,5861,20.00,4676,-4.00,1522,20.00,2015,20.00,2737,40.00,2334,0.00,1143,34.00,3725,3.00,1357,0.00,1145,0.00,1343,0.00,1491,0.00,1751,2.00,1588,-1.00,896,-3.00,5,0.08
10578,20.00,2273,19.00,3285,20.00,1833,20.00,1510,20.00,1454,4.00,2893,-1.00,5861,20.00,4676,-2.00,1522,20.00,2015,21.00,2737,40.00,2334,6.00,1143,34.00,3725,4.00,1357,0.00,1145,0.00,1343,0.00,1491,0.00,1751,4.00,1588,0.00,896,-3.00,5,0.00
10614,20.00,2273,20.00,3285,20.00,1833,20.00,1510,20.00,1454,5.00,2893,-3.00,5861,20.00,4676,-2.00,1522,20.00,2015,20.00,2737,40.00,2334,-1.00,1143,34.00,3725,4.00,1357,0.00,1145,0.00,1343,0.00,1491,0.00,1751,3.00,1588,-1.00,896,-4.00,5,0.08
10650,19.00,2273,19.00,3285,19.00,1833,20.00,1510,20.00,1454,5.00,2893,-2.00,5861,20.00,4676,-3.00,1522,20.00,2015,20.00,2737,40.00,2334,0.00,1143,34.00,3725,2.00,1357,0.00,1145,0.00,1343,0.00,1491,0.00,1751,1.00,1588,0.00,896,-4.00,5,0.00
10685,19.00,2273,20.00,3285,20.00,1833,20.00,1510,20.00,1454,5.00,2893,-2.00,5861,20.00,4676,-4.00,1522,20.00,2015,20.00,2737,39.00,2334,-1.00,1143,34.00,3725,5.00,1357,0.00,1145,0.00,1343,0.00,1491,0.00,1751,4.00,1588,0.00,896,-3.00,5,0.08
10721,20.00,2273,20.00,3285,20.00,1833,20.00,1510,21.00,1454,4.00,2893,-2.00,5861,20.00,4676,-4.00,1522,20.00,2015,20.00,2737,41.00,2334,3.00,1142,34.00,3725,3.00,1357,0.00,1145,0.00,1343,0.00,1491,0.00,1751,2.00,1588,-1.00,896,-4.00,5,0.24
10757,20.00,2273,20.00,3285,20.00,1833,20.00,1510,20.00,1454,5.00,2893,-2.00,5861,20.00,4676,-3.00,1522,20.00,2015,20.00,2737,40.00,2335,-1.00,1143,34.00,3725,4.00,1357,0.00,1145,0.00,1343,0.00,1491,0.00,1751,3.00,1588,-2.00,896,-4.00,5,0.40
10793,21.00,2273,20.00,3285,21.00,1833,19.00,1510,20.00,1454,5.00,2893,-2.00,5861,20.00,4676,-2.00,1522,19.00,2015,20.00,2737,40.00,2334,6.00,1143,34.00,3725,4.00,1357,0.00,1145,0.00,1343,0.00,1491,0.00,1751,3.00,1588,-1.00,896,-3.00,5,0.00
10828,20.00,2273,19.00,3285,20.00,1833,20.00,1510,20.00,1454,6.00,2893,-2.00,5861,20.00,4676,-3.00,1522,20.00,2015,20.00,2737,40.00,2334,-1.00,1143,34.00,3725,3.00,1357,0.00,1145,0.00,1343,0.00,1491,0.00,1751,4.00,1588,-1.00,896,-5.00,5,0.00
10864,20.00,2273,20.00,3285,20.00,1833,20.00,1510,20.00,1454,5.00,2893,-1.00,5861,20.00,4676,-4.00,1522,20.00,2015,20.00,2737,40.00,2334,0.00,1143,34.00,3725,3.00,1357,0.00,1145,0.00,1343,0.00,1491,0.00,1751,2.00,1588,-1.00,896,-5.00,5,0.32
10900,20.00,2273,20.00,3285,20.00,1833,20.00,1510,20.00,1454,5.00,2893,-1.00,5861,20.00,4676,-2.00,1522,20.00,2015,20.00,2737,40.00,2334,0.00,1143,34.00,3725,2.00,1357,0.00,1145,0.00,1343,0.00,1491,0.00,1751,3.00,1588,-2.00,896,-3.00,5,0.08
10936,20.00,2273,20.00,3285,20.00,1833,19.00,1510,20.00,1454,5.00,2893,-2.00,5861,20.00,4676,-3.00,1522,20.00,2015,20.00,2737,40.00,2335,0.00,1143,34.00,3725,3.00,1357,0.00,1145,0.00,1343,0.00,1491,0.00,1751,3.00,1588,-1.00,896,-4.00,5,0.08
10972,21.00,2273,20.00,3285,20.00,1833,20.00,1510,20.00,1454,6.00,2893,-2.00,5861,20.00,4676,-3.00,1522,20.00,2015,20.00,2737,40.00,2335,-1.00,1143,34.00,3725,3.00,1357,0.00,1145,0.00,1343,0.00,1491,0.00,1751,3.00,1588,-1.00,896,-4.00,5,0.08
11007,20.00,2273,20.00,3285,20.00,1833,20.00,1510,20.00,1454,5.00,2893,-3.00,5861,20.00,4676,-3.00,1522,20.00,2015,20.00,2737,40.00,2334,0.00,1142,34.00,3725,3.00,1357,0.00,1145,0.00,1343,0.00,1491,0.00,1751,3.00,1588,-1.00,896,-3.00,5,0.16
11043,19.00,2273,20.00,3285,20.00,1833,20.00,1510,20.00,1454,5.00,2893,-1.00,5861,21.00,4676,-3.00,1522,20.00,2015,21.00,2737,40.00,2335,-2.00,1143,34.00,3725,4.00,1357,0.00,1145,0.00,1343,0.00,1491,0.00,1751,2.00,1588,-2.00,896,-4.00,5,0.08
11079,20.00,2273,20.00,3285,20.00,1833,20.00,1510,19.00,1454,5.00,2893,-2.00,5861,19.00,4676,-3.00,1522,20.00,2015,20.00,2737,40.00,2334,-1.00,1143,34.00,3725,3.00,1357,0.00,1145,0.00,1343,0.00,1491,0.00,1751,3.00,1588,-2.00,896,-4.00,5,0.08
11115,20.00,2273,20.00,3285,20.00,1833,20.00,1510,20.00,1454,5.00,2893,-2.00,5861,20.00,4676,-2.00,1522,20.00,2015,19.00,2737,40.00,2334,-1.00,1143,34.00,3725,1.00,1357,0.00,1145,0.00,1343,0.00,1491,0.00,1751,2.00,1588,-1.00,896,-5.00,5,0.24
11150,21.00,2273,19.00,3285,20.00,1833,20.00,1510,20.00,1454,5.00,2893,-1.00,5861,20.00,4676,-3.00,1522,20.00,2015,20.00,2737,40.00,2334,6.00,1143,34.00,3725,3.00,1357,0.00,1145,0.00,1343,0.00,1491,0.00,1751,2.00,1588,-1.00,896,-4.00,5,0.08
11186,20.00,2274,20.00,3285,20.00,1833,20.00,1510,20.00,1454,5.00,2893,-3.00,5861,20.00,4676,-2.00,1522,20.00,2015,21.00,2737,39.00,2334,0.00,1143,34.00,3725,4.00,1357,0.00,1145,0.00,1343,0.00,1491,0.00,1751,5.00,1588,0.00,896,-4.00,5,0.16
11222,21.00,2273,20.00,3285,20.00,1833,20.00,1510,20.00,1454,5.00,2893,-2.00,5861,20.00,4676,-2.00,1522,20.00,2015,20.00,2737,40.00,2334,-3.00,1143,34.00,3725,4.00,1357,0.00,1145,0.00,1343,0.00,1491,0.00,1751,2.00,1588,0.00,896,-3.00,5,0.00
11258,20.00,2273,20.00,3285,20.00,1833,21.00,1510,20.00,1454,5.00,2893,-1.00,5861,20.00,4676,-4.00,1522,20.00,2015,20.00,2737,40.00,2334,-7.00,1143,34.00,3725,2.00,1357,0.00,1145,0.00,1343,0.00,1491,0.00,1751,2.00,1588,-1.00,896,-5.00,5,0.00
11293,20.00,2273,20.00,3285,20.00,1833,20.00,1510,20.00,1454,5.00,2893,-2.00,5861,20.00,4676,-1.00,1522,20.00,2015,20.00,2737,39.00,2334,5.00,1143,34.00,3725,4.00,1357,0.00,1145,0.00,1343,0.00,1491,0.00,1751,4.00,1588,-1.00,896,-5.00,5,0.08
11329,20.00,2273,20.00,3285,20.00,1833,20.00,1510,20.00,1454,4.00,2893,-2.00,5861,20.00,4676,-2.00,1522,20.00,2015,20.00,2737,40.00,2334,8.00,1143,34.00,3725,3.00,1357,0.00,1145,0.00,1343,0.00,1491,0.00,1751,2.00,1588,-1.00,896,-5.00,5,0.08
11365,20.00,2273,19.00,3285,20.00,1833,20.00,1510,20.00,1454,5.00,2893,-3.00,5861,20.00,4676,-3.00,1522,20.00,2015,20.00,2737,40.00,2334,4.00,1143,34.00,3725,3.00,1357,0.00,1145,0.00,1343,0.00,1491,0.00,1751,3.00,1588,-1.00,896,-5.00,5,0.40
11400,20.00,2273,20.00,3285,20.00,1833,20.00,1510,21.00,1454,5.00,2893,-2.00,5861,20.00,4676,-2.00,1522,19.00,2015,20.00,2737,40.00,2334,7.00,1143,34.00,3725,3.00,1357,0.00,1145,0.00,1343,0.00,1491,0.00,1751,3.00,1588,-1.00,896,-4.00,5,0.08
11436,20.00,2273,19.00,3285,20.00,1833,20.00,1510,20.00,1454,5.00,2893,-3.00,5861,20.00,4676,-2.00,1522,21.00,2015,20.00,2737,40.00,2334,0.00,1143,34.00,3725,2.00,1357,0.00,1145,0.00,1343,0.00,1491,0.00,1751,4.00,1588,-1.00,896,-4.00,5,0.00
11472,20.00,2273,20.00,3285,20.00,1833,21.00,1510,19.00,1454,5.00,2893,-2.00,5861,20.00,4676,-5.00,1522,20.00,2015,19.00,2737,40.00,2334,-1.00,1142,34.00,3725,4.00,1357,0.00,1145,0.00,1343,0.00,1491,0.00,1751,5.00,1588,-2.00,896,-5.00,5,0.00
11508,20.00,2273,20.00,3285,20.00,1833,19.00,1510,21.00,1454,5.00,2893,-2.00,5861,20.00,4676,-2.00,1522,20.00,2015,20.00,2737,40.00,2334,0.00,1143,34.00,3725,3.00,1357,0.00,1145,0.00,1343,0.00,1491,0.00,1751,4.00,1588,-1.00,896,-4.00,5,0.08
11543,20.00,2273,20.00,3285,20.00,1833,20.00,1510,20.00,1454,6.00,2893,-2.00,5861,20.00,4676,-4.00,1522,20.00,2015,20.00,2737,40.00,2334,0.00,1142,34.00,3725,3.00,1357,0.00,1145,0.00,1343,0.00,1491,0.00,1751,3.00,1588,0.00,896,-4.00,5,0.16
11579,20.00,2273,20.00,3285,20.00,1833,20.00,1510,20.00,1454,5.00,2893,-3.00,5861,20.00,4676,-4.00,1522,20.00,2015,20.00,2737,40.00,2334,-2.00,1143,34.00,3725,1.00,1357,0.00,1145,0.00,1343,0.00,1491,0.00,1751,2.00,1588,-1.00,896,-3.00,5,0.00
11615,20.00,2273,20.00,3285,20.00,1833,20.00,1510,20.00,1454,5.00,2893,-2.00,5861,20.00,4676,-2.00,1522,20.00,2015,20.00,2737,39.00,2334,-1.00,1142,34.00,3725,3.00,1357,0.00,1145,0.00,1343,0.00,1491,0.00,1751,3.00,1588,-1.00,896,-5.00,5,0.24
11650,20.00,2273,20.00,3285,20.00,1833,20.00,1510,20.00,1454,5.00,2893,-2.00,5861,20.00,4676,-3.00,1522,20.00,2015,19.00,2737,40.00,2334,5.00,1143,34.00,3725,3.00,1357,0.00,1145,0.00,1343,0.00,1491,0.00,1751,3.00,1588,-1.00,896,-4.00,5,0.16
11686,20.00,2273,20.00,3285,20.00,1833,20.00,1510,20.00,1454,5.00,2893,-2.00,5861,20.00,4676,-2.00,1522,20.00,2015,20.00,2737,40.00,2335,4.00,1143,33.00,3725,5.00,1357,0.00,1145,0.00,1343,0.00,1491,0.00,1751,3.00,1588,-1.00,896,-5.00,5,0.16
11722,20.00,2273,20.00,3285,20.00,1833,20.00,1510,20.00,1454,5.00,2893,-2.00,5861,20.00,4676,-4.00,1522,20.00,2015,20.00,2737,40.00,2334,6.00,1143,34.00,3725,2.00,1357,0.00,1145,0.00,1343,0.00,1491,0.00,1751,4.00,1588,-1.00,896,-4.00,5,0.00
11757,21.00,2273,20.00,3285,20.00,1833,20.00,1510,20.00,1454,4.00,2893,-1.00,5861,20.00,4676,-2.00,1522,20.00,2015,20.00,2737,40.00,2335,5.00,1142,34.00,3725,4.00,1357,0.00,1145,0.00,1343,0.00,1491,0.00,1751,5.00,1588,-1.00,896,-5.00,5,0.08
11793,21.00,2273,20.00,3285,21.00,1833,20.00,1510,19.00,1454,5.00,2893,-1.00,5861,20.00,4676,-4.00,1522,20.00,2015,20.00,2737,39.00,2334,3.00,1143,34.00,3725,4.00,1357,0.00,1145,0.00,1343,0.00,1491,0.00,1751,2.00,1588,-1.00,896,-3.00,5,0.00
11829,20.00,2273,20.00,3285,20.00,1833,20.00,1510,20.00,1454,5.00,2893,-2.00,5861,20.00,4676,-4.00,1522,19.00,2015,20.00,2737,40.00,2334,0.00,1143,34.00,3725,4.00,1357,0.00,1145,0.00,1343,0.00,1491,0.00,1751,4.00,1588,-1.00,896,-5.00,5,0.08
11865,18.00,2273,20.00,3285,20.00,1833,20.00,1510,20.00,1454,5.00,2893,-3.00,5861,20.00,4676,-3.00,1522,20.00,2015,20.00,2737,40.00,2334,-1.00,1143,33.00,3725,4.00,1357,0.00,1145,0.00,1343,0.00,1491,0.00,1751,4.00,1588,-1.00,896,-3.00,5,0.00
11900,20.00,2273,19.00,3285,20.00,1833,19.00,1510,20.00,1454,5.00,2893,-2.00,5861,20.00,4676,-4.00,1522,20.00,2015,20.00,2737,40.00,2334,1.00,1143,34.00,3725,2.00,1357,0.00,1145,0.00,1343,0.00,1491,0.00,1751,5.00,1588,-1.00,896,-5.00,5,0.00
11936,20.00,2273,20.00,3285,20.00,1833,20.00,1510,20.00,1454,4.00,2893,-2.00,5861,20.00,4676,-3.00,1522,20.00,2015,20.00,2737,40.00,2334,6.00,1142,34.00,3725,2.00,1357,0.00,1145,0.00,1343,0.00,1491,0.00,1751,2.00,1588,0.00,896,-5.00,5,0.08
11972,21.00,2273,20.00,3285,20.00,1833,20.00,1510,20.00,1454,5.00,2893,-2.00,5861,20.00,4676,-2.00,1522,20.00,2015,20.00,2737,40.00,2334,0.00,1143,34.00,3725,2.00,1357,0.00,1145,0.00,1343,0.00,1491,0.00,1751,5.00,1588,-1.00,896,-4.00,5,0.08
12007,20.00,2273,20.00,3285,21.00,1833,20.00,1510,20.00,1454,5.00,2893,-2.00,5861,20.00,4676,-4.00,1522,20.00,2015,20.00,2737,40.00,2334,-3.00,1143,33.00,3725,4.00,1357,0.00,1145,0.00,1343,0.00,1491,0.00,1751,4.00,1588,-1.00,896,-5.00,5,0.16
12043,21.00,2273,20.00,3285,20.00,1833,20.00,1510,20.00,1454,5.00,2893,-3.00,5861,20.00,4676,-4.00,1522,20.00,2015,20.00,2737,40.00,2334,-1.00,1143,34.00,3725,3.00,1357,0.00,1145,0.00,1343,0.00,1491,0.00,1751,2.00,1588,-1.00,896,-4.00,5,0.16
12079,20.00,2273,20.00,3285,20.00,1833,19.00,1510,20.00,1454,5.00,2893,-2.00,5861,19.00,4676,-2.00,1522,20.00,2015,20.00,2737,40.00,2334,-1.00,1143,34.00,3725,3.00,1357,0.00,1145,0.00,1343,0.00,1491,0.00,1751,3.00,1588,-1.00,896,-4.00,5,0.08
12115,20.00,2273,20.00,3285,20.00,1833,19.00,1510,20.00,1454,5.00,2893,-2.00,5861,20.00,4676,-4.00,1522,20.00,2015,20.00,2737,40.00,2334,6.00,1143,34.00,3725,1.00,1357,0.00,1145,0.00,1343,0.00,1491,0.00,1751,4.00,1588,-1.00,896,-5.00,5,0.00
12151,20.00,2273,19.00,3285,20.00,1833,20.00,1510,20.00,1454,5.00,2893,-2.00,5861,20.00,4676,-4.00,1522,20.00,2015,20.00,2737,41.00,2334,0.00,1143,34.00,3725,2.00,1357,0.00,1145,0.00,1343,0.00,1491,0.00,1751,4.00,1588,0.00,896,-3.00,5,0.00
12186,20.00,2273,20.00,3285,20.00,1833,21.00,1510,20.00,1454,5.00,2893,-2.00,5861,20.00,4676,-5.00,1522,21.00,2015,20.00,2737,40.00,2334,0.00,1142,34.00,3725,2.00,1357,0.00,1145,0.00,1343,0.00,1491,0.00,1751,4.00,1588,-2.00,896,-5.00,5,0.32
12222,20.00,2273,20.00,3285,20.00,1833,20.00,1510,20.00,1454,4.00,2893,-1.00,5861,20.00,4676,-2.00,1522,20.00,2015,20.00,2737,40.00,2334,-2.00,1143,34.00,3725,2.00,1357,0.00,1145,0.00,1343,0.00,1491,0.00,1751,2.00,1588,-1.00,896,-4.00,5,0.00
12258,20.00,2273,20.00,3285,20.00,1833,20.00,1510,20.00,1454,5.00,2893,-2.00,5861,20.00,4676,-4.00,1522,20.00,2015,20.00,2737,40.00,2334,0.00,1143,34.00,3725,2.00,1357,0.00,1145,0.00,1343,0.00,1491,0.00,1751,2.00,1588,-1.00,896,-4.00,5,0.08
12294,21.00,2273,20.00,3285,20.00,1833,20.00,1510,20.00,1454,5.00,2893,-2.00,5861,20.00,4676,-3.00,1522,20.00,2015,20.00,2737,40.00,2334,4.00,1143,34.00,3725,2.00,1357,0.00,1145,0.00,1343,0.00,1491,0.00,1751,3.00,1588,0.00,896,-4.00,5,0.08
12329,20.00,2273,20.00,3285,21.00,1833,21.00,1510,20.00,1454,5.00,2893,-2.00,5861,20.00,4676,-2.00,1522,20.00,2015,20.00,2737,40.00,2334,-1.00,1143,34.00,3725,3.00,1357,0.00,1145,0.00,1343,0.00,1491,0.00,1751,2.00,1588,-1.00,896,-4.00,5,0.00
12365,21.00,2273,20.00,3285,20.00,1833,20.00,1510,20.00,1454,6.00,2893,-2.00,5861,20.00,4676,-2.00,1522,20.00,2015,20.00,2737,40.00,2334,0.00,1143,34.00,3725,4.00,1357,0.00,1145,0.00,1343,0.00,1491,0.00,1751,2.00,1588,-1.00,896,-4.00,5,0.00
12401,21.00,2273,20.00,3285,19.00,1833,21.00,1510,20.00,1454,5.00,2893,-1.00,5861,21.00,4676,-4.00,1522,20.00,2015,20.00,2737,40.00,2334,-1.00,1142,35.00,3725,2.00,1357,0.00,1145,0.00,1343,0.00,1491,0.00,1751,4.00,1588,-1.00,896,-4.00,5,0.00
12437,20.00,2273,20.00,3285,21.00,1833,20.00,1510,20.00,1454,5.00,2893,-1.00,5861,20.00,4676,-2.00,1522,20.00,2015,20.00,2737,40.00,2334,3.00,1143,34.00,3725,3.00,1357,0.00,1145,0.00,1343,0.00,1491,0.00,1751,3.00,1588,-1.00,896,-4.00,5,0.24
12472,20.00,2273,19.00,3285,20.00,1833,20.00,1510,20.00,1454,5.00,2893,-2.00,5861,21.00,4676,-2.00,1522,20.00,2015,20.00,2737,40.00,2335,-1.00,1143,34.00,3725,3.00,1357,0.00,1145,0.00,1343,0.00,1490,0.00,1751,4.00,1588,-1.00,896,-3.00,5,0.16
12508,19.00,2273,20.00,3285,20.00,1833,20.00,1510,21.00,1454,5.00,2893,-2.00,5861,20.00,4676,-4.00,1522,20.00,2015,19.00,2737,41.00,2334,-1.00,1143,33.00,3725,1.00,1357,0.00,1145,0.00,1343,0.00,1491,0.00,1751,1.00,1588,-2.00,896,-5.00,5,0.00
12544,21.00,2274,20.00,3285,20.00,1833,20.00,1510,20.00,1454,5.00,2893,-1.00,5861,20.00,4676,-4.00,1522,20.00,2015,20.00,2737,40.00,2334,0.00,1143,34.00,3725,4.00,1357,0.00,1145,0.00,1343,0.00,1490,0.00,1751,4.00,1588,-1.00,896,-4.00,5,0.00
12579,20.00,2273,20.00,3285,20.00,1833,20.00,1510,20.00,1454,5.00,2893,-1.00,5861,19.00,4676,-2.00,1522,20.00,2015,20.00,2737,40.00,2334,1.00,1143,34.00,3725,2.00,1357,0.00,1145,0.00,1343,0.00,1491,0.00,1751,3.00,1588,-1.00,896,-3.00,5,0.08
12615,21.00,2273,20.00,3285,20.00,1833,20.00,1510,20.00,1454,5.00,2893,-2.00,5861,21.00,4676,-4.00,1522,20.00,2015,20.00,2737,40.00,2335,-4.00,1143,34.00,3725,2.00,1357,0.00,1145,0.00,1343,0.00,1491,0.00,1751,5.00,1588,0.00,896,-3.00,5,0.08
12651,20.00,2273,20.00,3285,20.00,1833,20.00,1510,20.00,1454,5.00,2893,-2.00,5861,20.00,4676,-3.00,1522,20.00,2015,20.00,2737,40.00,2335,-1.00,1143,33.00,3725,1.00,1357,0.00,1145,0.00,1343,0.00,1491,0.00,1751,3.00,1588,-1.00,896,-5.00,5,0.08
12687,20.00,2273,20.00,3285,19.00,1833,20.00,1510,20.00,1454,5.00,2893,-2.00,5861,20.00,4676,-2.00,1522,20.00,2015,20.00,2737,40.00,2334,1.00,1143,34.00,3725,3.00,1357,0.00,1145,0.00,1343,0.00,1491,0.00,1751,2.00,1588,-1.00,896,-4.00,5,0.08
12722,19.00,2273,19.00,3285,20.00,1833,20.00,1510,20.00,1454,5.00,2893,-2.00,5861,20.00,4676,-2.00,1522,20.00,2015,20.00,2737,40.00,2334,-1.00,1143,34.00,3725,1.00,1357,0.00,1145,0.00,1343,0.00,1491,0.00,1751,2.00,1588,0.00,896,-4.00,5,0.08
12758,19.00,2273,20.00,3285,20.00,1833,20.00,1510,20.00,1454,5.00,2893,-1.00,5861,20.00,4676,-2.00,1522,20.00,2015,20.00,2737,40.00,2334,1.00,1143,34.00,3725,3.00,1357,0.00,1145,0.00,1343,0.00,1491,0.00,1751,4.00,1588,-2.00,896,-3.00,5,0.00
12794,20.00,2274,20.00,3285,19.00,1833,20.00,1510,20.00,1454,6.00,2893,-2.00,5861,20.00,4676,-2.00,1522,21.00,2015,20.00,2737,40.00,2334,0.00,1143,34.00,3725,2.00,1357,0.00,1145,0.00,1343,0.00,1491,0.00,1751,3.00,1588,-1.00,896,-5.00,5,0.08
12830,20.00,2273,20.00,3285,20.00,1833,19.00,1510,20.00,1454,5.00,2893,-1.00,5861,20.00,4676,-2.00,1522,20.00,2015,20.00,2737,40.00,2334,0.00,1143,34.00,3725,3.00,1357,0.00,1145,0.00,1343,0.00,1491,0.00,1751,5.00,1588,-1.00,896,-3.00,5,0.08
12865,20.00,2273,20.00,3285,20.00,1833,19.00,1510,20.00,1454,5.00,2893,-2.00,5861,20.00,4676,-3.00,1522,20.00,2015,21.00,2737,40.00,2335,0.00,1143,34.00,3725,1.00,1357,0.00,1145,0.00,1344,0.00,1491,0.00,1751,1.00,1588,-1.00,896,-4.00,5,0.08
12901,20.00,2273,19.00,3285,20.00,1833,20.00,1510,20.00,1454,5.00,2893,-2.00,5861,20.00,4676,-4.00,1522,20.00,2015,20.00,2737,40.00,2334,-1.00,1142,34.00,3725,2.00,1357,0.00,1145,0.00,1343,0.00,1491,0.00,1751,3.00,1588,-1.00,896,-5.00,5,0.16
12937,20.00,2273,20.00,3285,20.00,1833,20.00,1510,20.00,1454,5.00,2893,-1.00,5861,20.00,4676,-2.00,1522,20.00,2015,20.00,2737,41.00,2334,-1.00,1143,34.00,3725,4.00,1357,0.00,1145,0.00,1343,0.00,1491,0.00,1751,3.00,1588,-1.00,896,-5.00,5,0.40
12973,20.00,2273,20.00,3285,20.00,1833,20.00,1510,20.00,1454,4.00,2893,-2.00,5861,20.00,4676,-4.00,1522,20.00,2015,20.00,2737,40.00,2334,-1.00,1143,34.00,3725,2.00,1357,0.00,1145,0.00,1343,0.00,1491,0.00,1751,3.00,1588,-1.00,896,-5.00,5,0.16
13008,20.00,2273,20.00,3285,20.00,1833,20.00,1510,20.00,1454,6.00,2893,-2.00,5861,20.00,4676,-2.00,1522,20.00,2015,20.00,2737,39.00,2334,0.00,1143,34.00,3725,2.00,1357,0.00,1145,0.00,1343,0.00,1491,0.00,1751,4.00,1588,-1.00,896,-5.00,5,0.16
13044,20.00,2273,19.00,3285,20.00,1833,20.00,1510,20.00,1454,5.00,2893,-2.00,5861,20.00,4676,-4.00,1522,20.00,2015,20.00,2737,39.00,2334,-1.00,1143,33.00,3725,4.00,1357,0.00,1145,0.00,1343,0.00,1491,0.00,1751,2.00,1588,-1.00,896,-3.00,5,0.00
13080,20.00,2273,20.00,3285,20.00,1833,20.00,1510,20.00,1454,6.00,2893,-2.00,5861,20.00,4676,-4.00,1522,20.00,2015,20.00,2737,40.00,2334,-1.00,1143,35.00,3725,4.00,1357,0.00,1145,0.00,1343,0.00,1491,0.00,1751,4.00,1588,-1.00,896,-5.00,5,0.00
13116,20.00,2273,20.00,3285,20.00,1833,20.00,1510,20.00,1454,5.00,2893,-2.00,5861,20.00,4676,-4.00,1522,20.00,2015,19.00,2737,40.00,2334,1.00,1143,34.00,3725,2.00,1357,0.00,1145,0.00,1343,0.00,1491,0.00,1751,3.00,1588,-1.00,896,-5.00,5,0.08
13151,19.00,2273,20.00,3285,20.00,1833,20.00,1510,20.00,1454,5.00,2893,-2.00,5861,20.00,4676,-3.00,1522,20.00,2015,20.00,2737,40.00,2334,-1.00,1143,34.00,3725,2.00,1357,0.00,1145,0.00,1343,0.00,1491,0.00,1751,3.00,1588,-1.00,896,-4.00,5,0.00
13187,19.00,2273,20.00,3285,20.00,1833,21.00,1510,20.00,1454,5.00,2893,-2.00,5861,20.00,4676,-2.00,1522,20.00,2015,20.00,2737,40.00,2334,-1.00,1143,34.00,3725,3.00,1357,0.00,1145,0.00,1343,0.00,1490,0.00,1751,4.00,1588,-1.00,896,-3.00,5,0.24
13223,20.00,2273,20.00,3285,20.00,1833,20.00,1510,20.00,1454,5.00,2893,-3.00,5861,20.00,4676,-3.00,1522,20.00,2015,21.00,2737,39.00,2334,3.00,1143,34.00,3725,4.00,1357,0.00,1145,0.00,1343,0.00,1491,0.00,1751,3.00,1588,0.00,896,-4.00,5,0.00
13258,19.00,2273,20.00,3285,20.00,1833,20.00,1510,20.00,1454,5.00,2893,-2.00,5861,20.00,4676,-2.00,1522,20.00,2015,20.00,2737,39.00,2334,0.00,1143,33.00,3725,3.00,1357,0.00,1145,0.00,1343,0.00,1491,0.00,1751,2.00,1588,-1.00,896,-4.00,5,0.16
13294,21.00,2273,20.00,3285,20.00,1833,20.00,1510,20.00,1454,5.00,2893,-3.00,5861,20.00,4676,-2.00,1522,20.00,2015,20.00,2737,40.00,2334,-1.00,1143,34.00,3725,4.00,1357,0.00,1145,0.00,1343,0.00,1491,0.00,1751,2.00,1588,-1.00,896,-2.00,5,0.08
13330,19.00,2273,20.00,3285,20.00,1833,20.00,1510,20.00,1454,5.00,2893,-1.00,5861,20.00,4676,-4.00,1522,19.00,2015,20.00,2737,40.00,2334,-2.00,1143,34.00,3725,2.00,1357,0.00,1145,0.00,1343,0.00,1491,0.00,1751,4.00,1588,-1.00,896,-4.00,5,0.16
13366,20.00,2273,21.00,3285,20.00,1833,20.00,1510,20.00,1454,8.00,2893,-2.00,5861,20.00,4676,-3.00,1522,20.00,2015,20.00,2737,40.00,2334,-10.00,1143,34.00,3725,3.00,1357,0.00,1145,0.00,1343,0.00,1491,0.00,1751,3.00,1588,-1.00,896,-5.00,5,0.16
13401,20.00,2273,20.00,3285,20.00,1833,20.00,1510,20.00,1454,6.00,2893,-2.00,5861,20.00,4676,-4.00,1522,20.00,2015,20.00,2737,40.00,2334,-3.00,1143,34.00,3725,2.00,1357,0.00,1145,0.00,1343,0.00,1491,0.00,1751,2.00,1588,-2.00,896,-4.00,5,0.40
13437,20.00,2274,20.00,3285,19.00,1833,20.00,1510,19.00,1454,5.00,2893,-3.00,5861,20.00,4676,-2.00,1522,20.00,2015,20.00,2737,40.00,2334,-2.00,1143,34.00,3725,4.00,1357,0.00,1145,0.00,1343,0.00,1491,0.00,1751,3.00,1588,-2.00,896,-3.00,5,0.32
13473,20.00,2274,20.00,3285,20.00,1833,20.00,1510,20.00,1454,5.00,2893,-3.00,5861,20.00,4676,-4.00,1522,20.00,2015,20.00,2737,40.00,2334,-2.00,1143,34.00,3725,4.00,1357,0.00,1145,0.00,1343,0.00,1490,0.00,1751,2.00,1588,0.00,896,-6.00,5,0.00
13509,21.00,2273,20.00,3285,20.00,1833,20.00,1510,20.00,1454,5.00,2893,-2.00,5861,21.00,4676,-4.00,1522,20.00,2015,20.00,2737,40.00,2334,-1.00,1143,34.00,3725,4.00,1357,0.00,1145,0.00,1343,0.00,1490,0.00,1751,2.00,1588,-1.00,896,-5.00,5,0.08
13544,19.00,2273,20.00,3285,20.00,1833,20.00,1510,20.00,1454,5.00,2893,-2.00,5861,20.00,4676,-2.00,1522,21.00,2015,20.00,2737,40.00,2334,-2.00,1143,34.00,3725,4.00,1357,0.00,1145,0.00,1343,0.00,1491,0.00,1751,2.00,1588,-1.00,896,-3.00,5,0.08
13580,20.00,2273,21.00,3285,20.00,1833,20.00,1510,20.00,1454,5.00,2893,-2.00,5861,20.00,4676,-3.00,1522,20.00,2015,21.00,2737,40.00,2334,0.00,1143,34.00,3725,4.00,1357,0.00,1145,0.00,1343,0.00,1491,0.00,1751,4.00,1588,-1.00,896,-3.00,5,0.08
13616,20.00,2273,20.00,3285,20.00,1833,20.00,1510,20.00,1454,5.00,2893,-2.00,5861,20.00,4676,-4.00,1522,20.00,2015,20.00,2737,41.00,2334,-2.00,1143,34.00,3725,4.00,1357,0.00,1145,0.00,1343,0.00,1491,0.00,1751,2.00,1588,-1.00,896,-4.00,5,0.08
13651,20.00,2273,20.00,3285,20.00,1833,20.00,1510,20.00,1454,5.00,2893,-1.00,5861,20.00,4676,-3.00,1522,20.00,2015,20.00,2737,40.00,2334,-1.00,1143,34.00,3725,3.00,1357,0.00,1145,0.00,1343,0.00,1491,0.00,1751,3.00,1588,-1.00,896,-5.00,5,0.00
13687,21.00,2273,20.00,3285,20.00,1833,20.00,1510,20.00,1454,5.00,2893,-3.00,5861,20.00,4676,-3.00,1522,20.00,2015,20.00,2737,40.00,2334,0.00,1143,34.00,3725,4.00,1357,0.00,1145,0.00,1343,0.00,1491,0.00,1751,4.00,1588,-1.00,896,-4.00,5,0.16
13723,21.00,2273,21.00,3285,20.00,1833,19.00,1510,20.00,1454,5.00,2893,-2.00,5861,20.00,4676,-4.00,1522,20.00,2015,20.00,2737,40.00,2335,-2.00,1143,34.00,3725,2.00,1357,0.00,1145,0.00,1343,0.00,1490,0.00,1751,2.00,1588,-1.00,896,-2.00,5,0.08
13759,20.00,2273,19.00,3285,21.00,1833,20.00,1510,20.00,1454,5.00,2893,-2.00,5861,20.00,4676,-4.00,1522,20.00,2015,20.00,2737,40.00,2334,0.00,1143,34.00,3725,3.00,1357,0.00,1145,0.00,1343,0.00,1491,0.00,1751,3.00,1588,-1.00,896,-5.00,5,0.32
13794,20.00,2273,20.00,3285,20.00,1833,20.00,1510,20.00,1454,5.00,2893,-2.00,5861,20.00,4676,-3.00,1522,20.00,2015,20.00,2737,40.00,2335,-1.00,1143,33.00,3725,1.00,1357,0.00,1145,0.00,1343,0.00,1491,0.00,1751,3.00,1588,-2.00,896,-4.00,5,0.00
13830,20.00,2273,20.00,3285,20.00,1833,20.00,1510,20.00,1454,6.00,2893,-2.00,5861,20.00,4676,-2.00,1522,20.00,2015,20.00,2737,40.00,2334,0.00,1143,34.00,3725,3.00,1357,0.00,1145,0.00,1343,0.00,1491,0.00,1751,2.00,1588,-1.00,896,-4.00,5,0.00
13866,19.00,2273,20.00,3285,20.00,1833,20.00,1510,20.00,1454,5.00,2893,-1.00,5861,20.00,4676,-3.00,1522,20.00,2015,20.00,2737,41.00,2335,4.00,1143,34.00,3725,1.00,1357,0.00,1145,0.00,1343,0.00,1491,0.00,1751,3.00,1588,-1.00,896,-5.00,5,0.24
13902,20.00,2273,20.00,3285,20.00,1833,20.00,1510,20.00,1454,6.00,2893,-2.00,5861,20.00,4676,-3.00,1522,20.00,2015,20.00,2737,40.00,2334,-2.00,1142,34.00,3725,2.00,1357,0.00,1145,0.00,1343,0.00,1490,0.00,1751,3.00,1588,0.00,896,-4.00,5,0.08
13937,21.00,2273,20.00,3285,20.00,1833,20.00,1510,20.00,1454,5.00,2893,-3.00,5861,20.00,4676,-3.00,1522,20.00,2015,20.00,2737,40.00,2334,-1.00,1143,34.00,3725,5.00,1357,0.00,1145,0.00,1343,0.00,1490,0.00,1751,3.00,1588,-1.00,896,-4.00,5,0.08
13973,20.00,2273,20.00,3285,20.00,1833,20.00,1510,20.00,1454,6.00,2893,-2.00,5861,20.00,4676,-3.00,1522,21.00,2015,20.00,2737,40.00,2335,-1.00,1143,34.00,3725,2.00,1357,0.00,1145,0.00,1343,0.00,1490,0.00,1751,5.00,1588,-1.00,896,-3.00,5,0.00
14009,20.00,2273,20.00,3285,20.00,1833,20.00,1510,20.00,1454,5.00,2893,-2.00,5861,20.00,4676,-2.00,1522,20.00,2015,21.00,2737,40.00,2334,0.00,1143,34.00,3725,4.00,1357,0.00,1145,0.00,1343,0.00,1491,0.00,1751,2.00,1588,-1.00,896,-3.00,5,0.08
14044,20.00,2273,21.00,3285,20.00,1833,20.00,1510,20.00,1454,7.00,2893,-3.00,5861,20.00,4676,-2.00,1522,20.00,2015,20.00,2737,40.00,2334,3.00,1143,33.00,3725,4.00,1357,0.00,1145,0.00,1343,0.00,1491,0.00,1751,3.00,1588,-1.00,896,-4.00,5,0.00
14080,21.00,2274,20.00,3285,20.00,1833,20.00,1510,19.00,1454,5.00,2893,-3.00,5861,20.00,4676,-3.00,1522,20.00,2015,20.00,2737,40.00,2334,-5.00,1143,34.00,3725,4.00,1357,0.00,1145,0.00,1343,0.00,1491,0.00,1751,4.00,1588,-1.00,896,-5.00,5,0.08
14116,21.00,2273,19.00,3285,20.00,1833,20.00,1510,20.00,1454,6.00,2893,-3.00,5861,20.00,4676,-4.00,1522,20.00,2015,19.00,2737,40.00,2334,-1.00,1143,34.00,3725,4.00,1357,0.00,1145,0.00,1343,0.00,1491,0.00,1751,4.00,1588,-1.00,896,-4.00,5,0.24
14151,20.00,2273,20.00,3285,20.00,1833,20.00,1510,19.00,1454,4.00,2893,-1.00,5861,20.00,4676,-4.00,1522,20.00,2015,20.00,2737,40.00,2334,-3.00,1143,34.00,3725,1.00,1357,0.00,1145,0.00,1343,0.00,1491,0.00,1751,3.00,1588,-1.00,896,-5.00,5,0.00
14187,20.00,2273,21.00,3285,20.00,1833,20.00,1510,20.00,1454,5.00,2893,-2.00,5861,20.00,4676,-3.00,1522,20.00,2015,20.00,2737,40.00,2335,0.00,1142,34.00,3725,3.00,1357,0.00,1145,0.00,1343,0.00,1491,0.00,1751,2.00,1588,-1.00,896,-4.00,5,0.08
14223,20.00,2273,20.00,3285,20.00,1833,20.00,1510,20.00,1454,5.00,2893,-1.00,5861,20.00,4676,-2.00,1522,21.00,2015,20.00,2737,39.00,2334,0.00,1143,34.00,3725,1.00,1357,0.00,1145,0.00,1343,0.00,1491,0.00,1751,5.00,1588,-1.00,896,-5.00,5,0.08
14259,20.00,2273,20.00,3285,20.00,1833,20.00,1510,20.00,1454,5.00,2893,-1.00,5861,20.00,4676,-4.00,1522,20.00,2015,20.00,2737,40.00,2335,0.00,1143,34.00,3725,5.00,1357,0.00,1145,0.00,1343,0.00,1491,0.00,1751,2.00,1588,-1.00,896,-4.00,5,0.16
14295,20.00,2273,20.00,3285,20.00,1833,20.00,1510,20.00,1454,5.00,2893,-2.00,5861,20.00,4676,-4.00,1522,20.00,2015,20.00,2737,40.00,2335,-1.00,1143,34.00,3725,3.00,1357,0.00,1145,0.00,1343,0.00,1491,0.00,1751,4.00,1588,-1.00,896,-3.00,5,0.00
14330,20.00,2273,20.00,3285,20.00,1833,20.00,1510,20.00,1454,5.00,2893,-3.00,5861,20.00,4676,-4.00,1522,21.00,2015,19.00,2737,40.00,2334,-1.00,1143,34.00,3725,3.00,1357,0.00,1145,0.00,1343,0.00,1491,0.00,1751,3.00,1588,-1.00,896,-3.00,5,0.16
14366,20.00,2273,20.00,3285,20.00,1833,20.00,1510,20.00,1454,5.00,2893,-2.00,5861,20.00,4676,-4.00,1522,20.00,2015,20.00,2737,40.00,2334,0.00,1143,35.00,3725,4.00,1357,0.00,1145,0.00,1343,0.00,1491,0.00,1751,3.00,1588,-1.00,896,-5.00,5,0.16
14402,20.00,2273,19.00,3285,20.00,1833,20.00,1510,20.00,1454,5.00,2893,-2.00,5861,21.00,4676,-3.00,1522,20.00,2015,20.00,2737,40.00,2334,-1.00,1143,35.00,3725,3.00,1357,0.00,1145,0.00,1343,0.00,1491,0.00,1751,4.00,1588,-1.00,896,-4.00,5,0.08
14438,20.00,2273,20.00,3285,20.00,1832,21.00,1510,20.00,1454,5.00,2893,-2.00,5861,20.00,4676,-3.00,1522,20.00,2015,20.00,2737,40.00,2334,-3.00,1143,34.00,3725,1.00,1357,0.00,1145,0.00,1343,0.00,1491,0.00,1751,3.00,1588,-1.00,896,-4.00,5,0.08
14473,20.00,2273,20.00,3285,21.00,1833,20.00,1510,20.00,1454,5.00,2893,-2.00,5861,20.00,4676,-3.00,1522,20.00,2015,20.00,2737,40.00,2334,-2.00,1143,34.00,3725,4.00,1357,0.00,1145,0.00,1343,0.00,1490,0.00,1751,3.00,1588,-1.00,896,-4.00,5,0.08
14509,20.00,2273,20.00,3285,20.00,1833,20.00,1510,20.00,1454,5.00,2893,-2.00,5861,20.00,4676,-4.00,1522,20.00,2015,20.00,2737,40.00,2334,0.00,1143,34.00,3725,4.00,1357,0.00,1145,0.00,1343,0.00,1491,0.00,1751,1.00,1588,-1.00,896,-5.00,5,0.16
14545,20.00,2273,20.00,3285,20.00,1833,20.00,1510,20.00,1454,5.00,2893,-1.00,5861,20.00,4676,-4.00,1522,21.00,2015,20.00,2737,40.00,2334,-1.00,1143,34.00,3725,3.00,1357,0.00,1145,0.00,1343,0.00,1491,0.00,1751,2.00,1588,-1.00,896,-3.00,5,0.00
14581,20.00,2273,20.00,3285,20.00,1833,20.00,1510,20.00,1454,5.00,2893,-3.00,5861,20.00,4676,-4.00,1522,20.00,2015,20.00,2737,40.00,2334,-1.00,1143,34.00,3725,2.00,1357,0.00,1145,0.00,1343,0.00,1491,0.00,1751,3.00,1588,-1.00,896,-3.00,5,0.08
14616,19.00,2273,20.00,3285,20.00,1833,20.00,1510,19.00,1454,5.00,2893,-2.00,5861,20.00,4676,-3.00,1522,20.00,2015,21.00,2737,40.00,2334,-3.00,1143,34.00,3725,4.00,1357,0.00,1145,0.00,1343,0.00,1491,0.00,1751,3.00,1588,-2.00,896,-4.00,5,0.00
14652,20.00,2273,20.00,3285,20.00,1833,20.00,1510,20.00,1454,5.00,2893,-2.00,5861,20.00,4676,-1.00,1522,20.00,2015,20.00,2737,40.00,2334,0.00,1142,34.00,3725,2.00,1357,0.00,1145,0.00,1343,0.00,1491,0.00,1751,1.00,1588,0.00,896,-5.00,5,0.00
14688,20.00,2273,20.00,3285,20.00,1833,21.00,1510,20.00,1454,5.00,2893,-3.00,5861,20.00,4676,-3.00,1522,20.00,2015,20.00,2737,40.00,2334,0.00,1143,34.00,3725,3.00,1357,0.00,1145,0.00,1343,0.00,1491,0.00,1751,3.00,1588,-1.00,896,-3.00,5,0.00
14724,19.00,2273,20.00,3285,20.00,1833,20.00,1510,20.00,1454,5.00,2893,-3.00,5861,20.00,4676,-4.00,1522,20.00,2015,20.00,2737,40.00,2334,-3.00,1143,34.00,3725,2.00,1357,0.00,1145,0.00,1343,0.00,1491,0.00,1751,3.00,1588,-1.00,896,-5.00,5,0.00
14759,20.00,2273,20.00,3285,20.00,1833,20.00,1510,20.00,1454,5.00,2893,-3.00,5861,20.00,4676,-2.00,1522,20.00,2015,20.00,2737,40.00,2334,0.00,1143,35.00,3725,4.00,1357,0.00,1145,0.00,1343,0.00,1491,0.00,1751,4.00,1588,-2.00,896,-3.00,5,0.24
14795,20.00,2273,21.00,3285,20.00,1833,20.00,1510,20.00,1454,6.00,2893,-1.00,5861,20.00,4676,-2.00,1522,20.00,2015,20.00,2737,40.00,2334,-1.00,1143,34.00,3725,1.00,1357,0.00,1145,0.00,1343,0.00,1491,0.00,1751,4.00,1588,-2.00,896,-5.00,5,0.32
14831,20.00,2273,20.00,3285,20.00,1833,20.00,1510,20.00,1454,5.00,2893,-1.00,5861,20.00,4676,-2.00,1522,20.00,2015,20.00,2737,40.00,2334,5.00,1143,34.00,3725,3.00,1357,0.00,1145,0.00,1343,0.00,1491,0.00,1751,1.00,1588,-1.00,896,-4.00,5,0.00
14866,21.00,2273,21.00,3285,20.00,1833,20.00,1510,20.00,1454,5.00,2893,-3.00,5861,20.00,4676,-4.00,1522,19.00,2015,20.00,2737,41.00,2334,-1.00,1142,34.00,3725,3.00,1357,0.00,1145,0.00,1343,0.00,1491,0.00,1751,4.00,1588,-1.00,896,-4.00,5,0.08
14902,20.00,2273,20.00,3285,20.00,1833,20.00,1510,20.00,1454,5.00,2893,-2.00,5861,20.00,4676,-3.00,1522,20.00,2015,20.00,2737,40.00,2334,-1.00,1143,34.00,3725,2.00,1357,0.00,1145,0.00,1343,0.00,1491,0.00,1751,3.00,1588,0.00,896,-4.00,5,0.00
14938,19.00,2273,21.00,3285,20.00,1833,20.00,1510,20.00,1454,5.00,2893,-3.00,5861,20.00,4676,-3.00,1522,20.00,2015,20.00,2737,40.00,2334,-1.00,1143,34.00,3725,4.00,1357,0.00,1145,0.00,1343,0.00,1491,0.00,1751,3.00,1588,-1.00,896,-3.00,5,0.16
14974,20.00,2273,20.00,3285,19.00,1833,20.00,1510,20.00,1454,5.00,2893,-2.00,5861,20.00,4676,-4.00,1522,20.00,2015,20.00,2737,40.00,2334,-4.00,1143,34.00,3725,4.00,1357,0.00,1145,0.00,1343,0.00,1490,0.00,1751,4.00,1588,-1.00,896,-5.00,5,0.08
15010,20.00,2273,19.00,3285,20.00,1833,20.00,1510,20.00,1454,5.00,2893,-2.00,5861,20.00,4676,-2.00,1522,20.00,2015,19.00,2737,40.00,2334,-2.00,1142,34.00,3725,3.00,1357,0.00,1145,0.00,1343,0.00,1491,0.00,1751,4.00,1588,-1.00,896,-2.00,5,0.48
15045,20.00,2273,21.00,3285,20.00,1833,20.00,1510,20.00,1454,5.00,2893,-2.00,5861,20.00,4676,-3.00,1522,20.00,2015,20.00,2737,40.00,2335,-2.00,1143,33.00,3725,4.00,1357,0.00,1145,0.00,1343,0.00,1490,0.00,1751,4.00,1588,-1.00,896,-3.00,5,0.00
15081,20.00,2273,20.00,3285,20.00,1833,24.00,1510,20.00,1454,6.00,2893,-2.00,5861,21.00,4676,-3.00,1522,20.00,2015,21.00,2737,40.00,2335,6.00,1143,34.00,3725,2.00,1357,0.00,1145,0.00,1343,0.00,1490,0.00,1751,2.00,1588,-2.00,896,-5.00,5,0.08
15117,20.00,2273,20.00,3285,20.00,1833,20.00,1510,20.00,1454,5.00,2893,-2.00,5861,20.00,4676,-2.00,1522,20.00,2015,20.00,2737,40.00,2334,-1.00,1143,34.00,3725,3.00,1357,0.00,1145,0.00,1343,0.00,1491,0.00,1751,1.00,1588,-1.00,896,-4.00,5,0.08
15153,20.00,2273,20.00,3285,20.00,1833,20.00,1510,20.00,1454,4.00,2893,-3.00,5861,20.00,4676,-3.00,1522,20.00,2015,20.00,2737,40.00,2335,0.00,1143,34.00,3725,5.00,1357,0.00,1145,0.00,1343,0.00,1491,0.00,1751,3.00,1588,-1.00,896,-3.00,5,0.00
15188,19.00,2273,20.00,3285,20.00,1833,20.00,1510,20.00,1454,6.00,2893,-3.00,5861,20.00,4676,-4.00,1522,20.00,2015,20.00,2737,40.00,2335,0.00,1142,35.00,3725,3.00,1357,0.00,1145,0.00,1343,0.00,1491,0.00,1751,5.00,1588,-1.00,896,-5.00,5,0.08
15224,20.00,2274,20.00,3285,20.00,1833,20.00,1510,20.00,1454,5.00,2893,-2.00,5861,20.00,4676,-2.00,1522,20.00,2015,20.00,2737,40.00,2334,-3.00,1143,34.00,3725,4.00,1357,0.00,1145,0.00,1343,0.00,1491,0.00,1751,3.00,1588,-1.00,896,-4.00,5,0.00
15260,20.00,2274,20.00,3285,20.00,1833,20.00,1510,20.00,1454,6.00,2893,-2.00,5861,20.00,4676,-2.00,1522,20.00,2015,20.00,2737,40.00,2334,0.00,1143,33.00,3725,3.00,1357,0.00,1145,0.00,1343,0.00,1491,0.00,1751,1.00,1588,-1.00,896,-5.00,5,0.24
15295,20.00,2273,21.00,3285,20.00,1833,20.00,1510,20.00,1454,5.00,2893,-1.00,5861,20.00,4676,-1.00,1522,20.00,2015,20.00,2737,40.00,2334,0.00,1143,34.00,3725,3.00,1357,0.00,1145,0.00,1343,0.00,1491,0.00,1751,3.00,1588,-1.00,896,-4.00,5,0.16
15331,20.00,2273,20.00,3285,21.00,1833,20.00,1510,20.00,1454,5.00,2893,-1.00,5861,20.00,4676,-3.00,1522,20.00,2015,20.00,2737,40.00,2334,-1.00,1143,34.00,3725,4.00,1357,0.00,1145,0.00,1343,0.00,1491,0.00,1751,4.00,1588,-1.00,896,-3.00,5,0.08
15367,20.00,2273,20.00,3285,20.00,1833,20.00,1510,20.00,1454,6.00,2893,-2.00,5861,20.00,4676,-3.00,1522,20.00,2015,20.00,2737,40.00,2334,-3.00,1143,34.00,3725,2.00,1357,0.00,1145,0.00,1343,0.00,1491,0.00,1751,1.00,1588,-1.00,896,-5.00,5,0.08
15403,19.00,2273,20.00,3285,20.00,1833,20.00,1510,20.00,1454,5.00,2893,-3.00,5861,20.00,4676,-2.00,1522,20.00,2015,20.00,2737,40.00,2334,-5.00,1143,34.00,3725,2.00,1357,0.00,1145,0.00,1343,0.00,1490,0.00,1751,3.00,1588,-1.00,896,-4.00,5,0.08
15438,20.00,2273,20.00,3285,20.00,1833,20.00,1510,20.00,1454,4.00,2893,-3.00,5861,20.00,4676,-4.00,1522,20.00,2015,20.00,2737,39.00,2334,9.00,1143,33.00,3725,4.00,1357,0.00,1145,0.00,1343,0.00,1491,0.00,1751,2.00,1588,-1.00,896,-5.00,5,0.00
15474,20.00,2273,20.00,3285,20.00,1833,20.00,1510,20.00,1454,5.00,2893,-3.00,5861,20.00,4676,-4.00,1522,20.00,2015,20.00,2737,40.00,2335,1.00,1143,34.00,3725,4.00,1357,0.00,1145,0.00,1343,0.00,1491,0.00,1751,1.00,1588,-1.00,896,-5.00,5,0.16
15510,20.00,2273,20.00,3285,19.00,1833,20.00,1510,20.00,1454,5.00,2893,-2.00,5861,20.00,4676,-2.00,1522,20.00,2015,20.00,2737,40.00,2334,-1.00,1142,34.00,3725,4.00,1357,0.00,1145,0.00,1343,0.00,1491,0.00,1751,3.00,1588,-1.00,896,-4.00,5,0.40