35,20.00,2345,23.00,3318,19.00,1866,19.00,1505,20.00,1498,5.00,2893,-2.00,5861,13.00,4683,-3.00,1521,20.00,2071,20.00,2534,40.00,2262,1.00,1141,25.00,3734,2.00,1357,0.00,1252,0.00,884,0.00,1599,0.00,1712,3.00,1588,-3.00,897,-2.00,4,0.08
71,20.00,2345,20.00,3318,19.00,1866,20.00,1505,20.00,1498,5.00,2893,-1.00,5861,12.00,4683,-3.00,1521,20.00,2071,20.00,2534,40.00,2262,0.00,1141,25.00,3734,4.00,1357,0.00,1252,0.00,884,0.00,1599,0.00,1712,3.00,1588,-2.00,897,-3.00,4,0.00
107,21.00,2345,20.00,3318,20.00,1866,20.00,1505,20.00,1498,5.00,2893,-2.00,5861,13.00,4683,-1.00,1521,20.00,2071,20.00,2534,40.00,2262,2.00,1141,25.00,3734,3.00,1357,0.00,1253,0.00,884,0.00,1599,0.00,1712,1.00,1588,-1.00,897,-3.00,4,0.16
142,20.00,2345,19.00,3318,20.00,1866,20.00,1505,20.00,1498,5.00,2893,-2.00,5861,13.00,4683,-2.00,1521,20.00,2071,20.00,2534,40.00,2262,0.00,1141,25.00,3734,3.00,1357,0.00,1252,0.00,884,0.00,1599,0.00,1712,4.00,1588,-2.00,897,-4.00,4,0.16
178,20.00,2345,21.00,3318,21.00,1866,20.00,1505,20.00,1498,4.00,2893,-2.00,5861,13.00,4683,-3.00,1521,20.00,2071,20.00,2534,40.00,2262,1.00,1141,25.00,3734,3.00,1357,0.00,1253,0.00,884,0.00,1599,0.00,1712,2.00,1588,-3.00,897,-3.00,4,0.40
214,20.00,2345,20.00,3318,20.00,1866,20.00,1505,20.00,1498,5.00,2893,-3.00,5861,13.00,4683,-2.00,1521,20.00,2071,21.00,2534,40.00,2262,1.00,1141,25.00,3734,5.00,1357,0.00,1252,0.00,884,0.00,1599,0.00,1712,4.00,1588,-2.00,897,-3.00,4,0.00
249,20.00,2345,21.00,3318,20.00,1866,20.00,1505,20.00,1498,5.00,2893,-2.00,5861,13.00,4683,-1.00,1521,20.00,2071,20.00,2534,40.00,2262,1.00,1141,25.00,3734,3.00,1357,0.00,1253,0.00,884,0.00,1599,0.00,1712,4.00,1588,-1.00,897,-2.00,4,0.32
285,20.00,2345,21.00,3319,21.00,1866,20.00,1505,20.00,1498,5.00,2893,-2.00,5861,13.00,4683,-3.00,1521,20.00,2071,20.00,2534,40.00,2262,3.00,1141,25.00,3734,1.00,1357,0.00,1252,0.00,884,0.00,1599,0.00,1712,4.00,1588,-2.00,897,-2.00,4,0.16
321,19.00,2345,20.00,3321,20.00,1866,20.00,1505,20.00,1498,4.00,2893,-3.00,5861,13.00,4683,-3.00,1521,20.00,2071,20.00,2534,40.00,2262,1.00,1141,25.00,3734,4.00,1357,0.00,1252,0.00,884,0.00,1599,0.00,1712,3.00,1588,-2.00,897,-2.00,4,0.08
357,21.00,2345,21.00,3322,21.00,1866,21.00,1505,20.00,1498,5.00,2893,-2.00,5861,13.00,4683,-2.00,1521,20.00,2071,20.00,2534,40.00,2262,1.00,1141,24.00,3734,3.00,1357,0.00,1252,0.00,884,0.00,1599,0.00,1712,2.00,1588,-3.00,897,-4.00,4,0.16
393,20.00,2345,20.00,3322,20.00,1866,20.00,1505,20.00,1498,5.00,2893,-2.00,5861,13.00,4683,-2.00,1521,21.00,2071,20.00,2534,40.00,2262,2.00,1141,25.00,3734,2.00,1357,0.00,1252,0.00,884,0.00,1599,0.00,1712,4.00,1588,-1.00,897,-2.00,4,0.16
428,20.00,2345,20.00,3322,20.00,1866,20.00,1505,20.00,1498,5.00,2893,-1.00,5861,13.00,4683,-2.00,1521,20.00,2071,20.00,2534,40.00,2262,2.00,1141,25.00,3734,4.00,1358,0.00,1252,0.00,884,0.00,1599,0.00,1712,2.00,1588,-2.00,897,-4.00,4,0.08
464,20.00,2345,20.00,3323,20.00,1866,20.00,1505,20.00,1498,5.00,2893,-1.00,5861,13.00,4683,-2.00,1521,21.00,2071,20.00,2534,40.00,2262,1.00,1141,25.00,3734,4.00,1357,0.00,1252,0.00,884,0.00,1599,0.00,1712,4.00,1588,-2.00,897,-2.00,4,0.08
500,20.00,2345,20.00,3323,20.00,1866,20.00,1505,20.00,1498,5.00,2893,-1.00,5861,13.00,4683,-1.00,1521,20.00,2071,20.00,2534,40.00,2262,2.00,1141,25.00,3734,2.00,1357,0.00,1252,0.00,884,0.00,1599,0.00,1712,3.00,1588,-2.00,897,-3.00,4,0.00
535,20.00,2345,19.00,3322,20.00,1866,20.00,1505,20.00,1498,5.00,2893,-2.00,5861,13.00,4683,-2.00,1521,20.00,2071,20.00,2534,40.00,2262,0.00,1141,25.00,3734,3.00,1357,0.00,1252,0.00,884,0.00,1599,0.00,1712,3.00,1588,-2.00,897,-2.00,4,0.08
571,20.00,2345,20.00,3323,20.00,1866,20.00,1505,20.00,1498,4.00,2893,-3.00,5861,13.00,4683,-2.00,1521,20.00,2071,20.00,2534,40.00,2262,1.00,1141,26.00,3734,4.00,1357,0.00,1253,0.00,884,0.00,1599,0.00,1712,2.00,1588,-1.00,897,-2.00,4,0.08
607,20.00,2345,20.00,3323,19.00,1866,20.00,1505,20.00,1498,5.00,2893,-2.00,5861,14.00,4683,-3.00,1521,20.00,2071,20.00,2534,40.00,2262,0.00,1141,25.00,3734,4.00,1357,0.00,1252,0.00,884,0.00,1599,0.00,1712,4.00,1588,-2.00,897,-2.00,4,0.32
643,21.00,2345,20.00,3322,20.00,1866,20.00,1505,20.00,1498,5.00,2893,-2.00,5861,13.00,4683,-3.00,1521,20.00,2071,20.00,2534,41.00,2262,1.00,1141,25.00,3734,2.00,1357,0.00,1252,0.00,884,0.00,1599,0.00,1712,3.00,1588,-2.00,897,-4.00,4,0.08
678,20.00,2345,21.00,3322,20.00,1866,20.00,1505,21.00,1498,5.00,2893,-2.00,5861,13.00,4683,-3.00,1521,20.00,2071,20.00,2534,40.00,2262,1.00,1141,25.00,3734,4.00,1357,0.00,1252,0.00,884,0.00,1599,0.00,1712,4.00,1588,-2.00,897,-3.00,4,0.08
714,19.00,2345,20.00,3322,20.00,1866,20.00,1505,20.00,1498,5.00,2893,-3.00,5861,13.00,4683,-1.00,1521,20.00,2071,19.00,2534,40.00,2262,2.00,1141,25.00,3734,2.00,1357,0.00,1252,0.00,884,0.00,1599,0.00,1712,4.00,1588,-1.00,897,-4.00,4,0.32
750,21.00,2345,20.00,3323,20.00,1866,20.00,1505,20.00,1498,5.00,2893,-2.00,5861,13.00,4683,-1.00,1521,20.00,2071,20.00,2534,40.00,2262,1.00,1141,25.00,3734,4.00,1357,0.00,1252,0.00,884,0.00,1599,0.00,1712,3.00,1588,-2.00,897,-2.00,4,0.24
786,20.00,2345,20.00,3323,20.00,1866,20.00,1505,20.00,1498,5.00,2893,-2.00,5861,13.00,4683,-1.00,1521,20.00,2071,20.00,2534,39.00,2262,2.00,1141,24.00,3734,3.00,1357,0.00,1252,0.00,884,0.00,1599,0.00,1712,3.00,1588,-1.00,897,-4.00,4,0.08
821,20.00,2345,20.00,3323,20.00,1866,20.00,1505,20.00,1498,5.00,2893,-2.00,5861,13.00,4683,-3.00,1521,20.00,2071,20.00,2534,40.00,2262,1.00,1141,25.00,3734,6.00,1357,0.00,1252,0.00,884,0.00,1599,0.00,1712,4.00,1588,-3.00,897,-3.00,4,0.00
857,20.00,2345,20.00,3323,20.00,1866,20.00,1505,20.00,1498,5.00,2893,-2.00,5861,13.00,4683,-2.00,1521,20.00,2071,20.00,2534,40.00,2262,2.00,1141,25.00,3734,2.00,1357,0.00,1252,0.00,884,0.00,1599,0.00,1712,3.00,1588,-3.00,897,-2.00,4,0.08
892,20.00,2345,20.00,3323,19.00,1866,21.00,1505,20.00,1498,5.00,2893,-2.00,5861,13.00,4683,-1.00,1521,20.00,2071,20.00,2534,41.00,2262,0.00,1141,25.00,3734,4.00,1357,0.00,1252,0.00,884,0.00,1599,0.00,1712,2.00,1588,-1.00,897,-2.00,4,0.00
928,20.00,2345,19.00,3323,20.00,1866,20.00,1505,20.00,1498,5.00,2893,-3.00,5861,13.00,4683,-3.00,1521,20.00,2071,20.00,2534,40.00,2262,2.00,1141,25.00,3734,4.00,1357,0.00,1252,0.00,884,0.00,1599,0.00,1712,2.00,1588,-2.00,897,-3.00,4,0.65
964,19.00,2345,20.00,3323,20.00,1866,20.00,1505,20.00,1498,5.00,2893,-2.00,5861,13.00,4683,-3.00,1521,20.00,2071,20.00,2534,40.00,2262,1.00,1141,25.00,3734,2.00,1357,0.00,1252,0.00,884,0.00,1599,0.00,1712,4.00,1588,-2.00,897,-2.00,4,0.08
1000,20.00,2345,20.00,3323,20.00,1866,20.00,1505,20.00,1498,5.00,2893,-2.00,5861,13.00,4683,-2.00,1521,19.00,2071,19.00,2534,40.00,2262,2.00,1141,25.00,3734,2.00,1357,0.00,1252,0.00,884,0.00,1599,0.00,1712,2.00,1588,-3.00,897,-2.00,4,0.08
1035,20.00,2345,20.00,3322,20.00,1866,20.00,1505,20.00,1498,5.00,2893,-2.00,5861,13.00,4683,-2.00,1521,20.00,2071,20.00,2534,40.00,2262,1.00,1141,25.00,3734,5.00,1357,0.00,1252,0.00,884,0.00,1599,0.00,1712,4.00,1588,-1.00,897,-4.00,4,0.00
1071,20.00,2345,17.00,3323,20.00,1866,20.00,1505,20.00,1498,5.00,2893,-2.00,5861,13.00,4683,-2.00,1521,20.00,2071,20.00,2534,40.00,2262,1.00,1141,25.00,3734,4.00,1357,0.00,1252,0.00,884,0.00,1599,0.00,1712,5.00,1588,-1.00,897,-4.00,4,0.16
1107,20.00,2345,19.00,3323,20.00,1866,20.00,1505,20.00,1498,5.00,2893,-2.00,5861,14.00,4683,-2.00,1521,20.00,2071,20.00,2534,40.00,2262,0.00,1141,25.00,3734,4.00,1357,0.00,1252,0.00,884,0.00,1599,0.00,1712,3.00,1588,-3.00,897,-2.00,4,0.08
1143,20.00,2345,19.00,3323,19.00,1866,20.00,1505,20.00,1498,6.00,2893,-2.00,5861,13.00,4683,-1.00,1521,20.00,2071,20.00,2534,40.00,2262,2.00,1141,25.00,3734,2.00,1357,0.00,1252,0.00,884,0.00,1599,0.00,1712,3.00,1588,-2.00,897,-3.00,4,0.16
1178,20.00,2345,20.00,3323,21.00,1866,20.00,1505,20.00,1498,5.00,2893,-1.00,5861,13.00,4683,-3.00,1521,20.00,2071,20.00,2534,40.00,2262,1.00,1141,25.00,3734,2.00,1357,0.00,1252,0.00,884,0.00,1599,0.00,1712,2.00,1588,-2.00,897,-3.00,4,0.32
1214,20.00,2345,20.00,3323,20.00,1866,20.00,1505,21.00,1498,5.00,2893,-2.00,5861,14.00,4683,-1.00,1521,20.00,2071,21.00,2534,40.00,2262,1.00,1141,25.00,3734,2.00,1357,0.00,1252,0.00,884,0.00,1599,0.00,1712,4.00,1588,-2.00,897,-2.00,4,0.00
1250,21.00,2345,20.00,3323,20.00,1866,20.00,1505,20.00,1498,5.00,2893,-2.00,5861,13.00,4683,-3.00,1521,20.00,2071,20.00,2534,39.00,2262,0.00,1141,25.00,3734,1.00,1357,0.00,1252,0.00,884,0.00,1599,0.00,1712,3.00,1588,-2.00,897,-2.00,4,0.08
1285,20.00,2345,20.00,3323,20.00,1866,20.00,1505,20.00,1498,5.00,2893,-2.00,5861,13.00,4683,-2.00,1521,20.00,2071,20.00,2534,41.00,2262,1.00,1141,25.00,3734,4.00,1357,0.00,1252,0.00,884,0.00,1599,0.00,1712,3.00,1588,-1.00,897,-4.00,4,0.00
1321,20.00,2345,20.00,3323,20.00,1866,20.00,1505,20.00,1498,5.00,2893,-2.00,5861,13.00,4683,-2.00,1521,20.00,2071,20.00,2534,40.00,2262,2.00,1141,25.00,3734,2.00,1358,0.00,1252,0.00,884,0.00,1599,0.00,1712,2.00,1588,-3.00,897,-4.00,4,0.08
1357,20.00,2345,20.00,3323,20.00,1866,20.00,1505,20.00,1498,5.00,2893,-2.00,5861,12.00,4683,-2.00,1521,20.00,2071,20.00,2534,40.00,2262,1.00,1141,25.00,3734,2.00,1357,0.00,1252,0.00,884,0.00,1599,0.00,1712,3.00,1588,-2.00,897,-5.00,4,0.24
1393,20.00,2345,20.00,3323,20.00,1866,21.00,1505,21.00,1498,5.00,2893,-2.00,5861,13.00,4683,-1.00,1521,20.00,2071,19.00,2534,40.00,2262,1.00,1141,25.00,3734,2.00,1357,0.00,1252,0.00,884,0.00,1599,0.00,1712,3.00,1588,-1.00,897,-4.00,4,0.08
1429,19.00,2345,20.00,3323,19.00,1866,20.00,1505,20.00,1498,5.00,2893,-1.00,5861,13.00,4683,-2.00,1521,21.00,2071,20.00,2534,40.00,2262,1.00,1141,25.00,3734,3.00,1357,0.00,1252,0.00,884,0.00,1599,0.00,1712,2.00,1588,-1.00,897,-4.00,4,0.08
1465,20.00,2345,20.00,3323,20.00,1866,20.00,1505,20.00,1498,5.00,2893,-3.00,5861,13.00,4683,-3.00,1521,20.00,2071,20.00,2534,40.00,2262,2.00,1141,25.00,3734,3.00,1357,0.00,1252,0.00,884,0.00,1599,0.00,1712,4.00,1588,-2.00,897,-3.00,4,0.16
1500,20.00,2345,21.00,3323,20.00,1866,19.00,1505,20.00,1498,5.00,2893,-3.00,5861,13.00,4683,-1.00,1521,20.00,2071,20.00,2534,40.00,2262,0.00,1141,25.00,3734,3.00,1357,0.00,1252,0.00,884,0.00,1599,0.00,1712,4.00,1588,-2.00,897,-3.00,4,0.16
1536,20.00,2345,20.00,3323,20.00,1866,20.00,1505,20.00,1498,5.00,2893,-3.00,5861,13.00,4683,-1.00,1521,20.00,2071,20.00,2534,40.00,2262,2.00,1141,25.00,3734,3.00,1357,0.00,1252,0.00,884,0.00,1599,0.00,1712,2.00,1588,-3.00,897,-4.00,4,0.00
1572,20.00,2345,21.00,3323,20.00,1866,20.00,1505,20.00,1498,5.00,2893,-2.00,5861,13.00,4683,-1.00,1521,20.00,2071,20.00,2534,40.00,2262,1.00,1141,26.00,3734,2.00,1357,0.00,1252,0.00,884,0.00,1599,0.00,1712,3.00,1588,-2.00,897,-2.00,4,0.16
1608,20.00,2345,21.00,3323,21.00,1866,20.00,1505,20.00,1498,5.00,2893,-2.00,5861,13.00,4683,-2.00,1521,20.00,2071,20.00,2534,40.00,2262,1.00,1141,25.00,3734,2.00,1357,0.00,1253,0.00,884,0.00,1599,0.00,1712,2.00,1588,-2.00,897,-2.00,4,0.16
1643,20.00,2345,20.00,3323,21.00,1866,20.00,1505,20.00,1498,5.00,2893,-1.00,5861,13.00,4683,-1.00,1521,20.00,2071,20.00,2534,40.00,2262,1.00,1141,24.00,3734,3.00,1357,0.00,1252,0.00,884,0.00,1599,0.00,1712,3.00,1588,-2.00,897,-3.00,4,0.08
1679,20.00,2345,21.00,3323,20.00,1866,20.00,1505,20.00,1498,5.00,2893,-1.00,5861,13.00,4683,-1.00,1521,20.00,2071,20.00,2534,40.00,2262,1.00,1141,25.00,3734,4.00,1357,0.00,1252,0.00,884,0.00,1599,0.00,1712,2.00,1588,-2.00,897,-3.00,4,0.08
1715,21.00,2345,20.00,3323,20.00,1866,21.00,1505,20.00,1498,5.00,2893,-2.00,5861,13.00,4683,-1.00,1521,20.00,2071,20.00,2534,40.00,2262,1.00,1141,25.00,3734,4.00,1357,0.00,1252,0.00,884,0.00,1599,0.00,1712,3.00,1588,-2.00,897,-4.00,4,0.24
1751,20.00,2345,20.00,3323,20.00,1866,20.00,1505,20.00,1498,5.00,2893,-1.00,5861,13.00,4683,-2.00,1521,20.00,2071,20.00,2534,40.00,2262,0.00,1141,25.00,3734,1.00,1357,0.00,1252,0.00,884,0.00,1599,0.00,1712,2.00,1588,-2.00,897,-2.00,4,0.00
1786,21.00,2345,20.00,3323,20.00,1866,20.00,1505,20.00,1498,5.00,2893,-3.00,5861,13.00,4683,-3.00,1521,20.00,2071,20.00,2534,40.00,2262,0.00,1141,25.00,3734,3.00,1357,0.00,1252,0.00,884,0.00,1599,0.00,1712,2.00,1588,-2.00,897,-3.00,4,0.08
1822,20.00,2345,19.00,3323,19.00,1866,20.00,1505,20.00,1498,5.00,2893,-2.00,5861,13.00,4683,-1.00,1521,20.00,2071,20.00,2534,40.00,2262,1.00,1141,25.00,3734,3.00,1357,0.00,1252,0.00,884,0.00,1599,0.00,1712,2.00,1588,-2.00,897,-4.00,4,0.08
1858,20.00,2345,20.00,3323,20.00,1866,20.00,1505,20.00,1498,5.00,2893,-2.00,5861,13.00,4683,-6.00,1521,20.00,2071,20.00,2534,40.00,2262,2.00,1141,25.00,3734,3.00,1357,0.00,1252,0.00,884,0.00,1599,0.00,1712,2.00,1588,-1.00,897,-4.00,4,0.40
1894,21.00,2345,20.00,3323,20.00,1866,20.00,1505,20.00,1498,5.00,2893,-1.00,5861,13.00,4683,-1.00,1521,20.00,2071,21.00,2534,40.00,2262,1.00,1141,25.00,3734,2.00,1357,0.00,1252,0.00,884,0.00,1599,0.00,1712,4.00,1588,-3.00,897,-3.00,4,0.16
1929,20.00,2345,20.00,3323,20.00,1866,20.00,1505,19.00,1498,5.00,2893,-2.00,5861,13.00,4683,-1.00,1521,20.00,2071,20.00,2534,40.00,2262,1.00,1141,25.00,3734,5.00,1357,0.00,1252,0.00,884,0.00,1599,0.00,1712,2.00,1588,-1.00,897,-4.00,4,0.08
1965,19.00,2345,20.00,3323,20.00,1866,20.00,1505,20.00,1498,5.00,2893,-2.00,5861,14.00,4683,-2.00,1521,20.00,2071,20.00,2534,40.00,2262,1.00,1141,25.00,3734,2.00,1357,0.00,1252,0.00,884,0.00,1599,0.00,1712,1.00,1588,-2.00,897,-4.00,4,0.00
2001,21.00,2345,19.00,3323,20.00,1866,20.00,1505,20.00,1498,5.00,2893,-2.00,5861,13.00,4683,-2.00,1521,20.00,2071,20.00,2534,40.00,2262,2.00,1141,25.00,3734,4.00,1357,0.00,1252,0.00,884,0.00,1599,0.00,1712,2.00,1588,-2.00,897,-3.00,4,0.16
2037,20.00,2345,20.00,3323,20.00,1866,20.00,1505,20.00,1498,5.00,2893,-2.00,5861,13.00,4683,-3.00,1521,20.00,2071,20.00,2534,40.00,2262,1.00,1141,25.00,3734,4.00,1357,0.00,1253,0.00,884,0.00,1599,0.00,1712,3.00,1588,-3.00,897,-2.00,4,0.00
2073,19.00,2345,20.00,3323,20.00,1866,20.00,1505,20.00,1498,5.00,2893,-2.00,5861,13.00,4683,-1.00,1521,20.00,2071,20.00,2534,40.00,2262,1.00,1141,25.00,3734,3.00,1357,0.00,1252,0.00,884,0.00,1599,0.00,1712,2.00,1588,-2.00,897,-4.00,4,0.00
2108,20.00,2345,20.00,3323,21.00,1866,20.00,1505,20.00,1498,5.00,2893,-3.00,5861,12.00,4683,-2.00,1521,20.00,2071,20.00,2534,40.00,2262,2.00,1141,25.00,3734,5.00,1357,0.00,1252,0.00,884,0.00,1599,0.00,1712,2.00,1588,-1.00,897,-2.00,4,0.97
2144,21.00,2345,20.00,3323,20.00,1866,20.00,1505,20.00,1498,5.00,2893,-2.00,5861,13.00,4683,-2.00,1521,19.00,2071,20.00,2534,41.00,2262,3.00,1141,25.00,3734,4.00,1357,0.00,1253,0.00,884,0.00,1599,0.00,1712,2.00,1588,-2.00,897,-4.00,4,0.00
2180,21.00,2345,20.00,3323,19.00,1866,20.00,1505,19.00,1498,5.00,2893,-2.00,5861,13.00,4683,-1.00,1521,19.00,2071,20.00,2534,40.00,2262,0.00,1141,25.00,3734,3.00,1357,0.00,1252,0.00,884,0.00,1599,0.00,1712,4.00,1588,-2.00,897,-4.00,4,0.08
2216,21.00,2345,20.00,3323,20.00,1866,20.00,1505,20.00,1498,4.00,2893,-2.00,5861,13.00,4683,-2.00,1521,20.00,2071,20.00,2534,40.00,2262,1.00,1141,25.00,3734,-7.00,1357,0.00,1253,0.00,884,0.00,1599,0.00,1712,2.00,1588,-2.00,897,-3.00,4,0.16
2251,21.00,2345,21.00,3323,19.00,1866,20.00,1505,20.00,1498,4.00,2893,-3.00,5861,13.00,4683,-2.00,1521,21.00,2071,20.00,2534,40.00,2262,1.00,1141,25.00,3734,2.00,1357,0.00,1253,0.00,884,0.00,1599,0.00,1712,5.00,1588,-2.00,897,-2.00,4,0.16
2287,20.00,2345,20.00,3323,19.00,1866,20.00,1505,20.00,1498,6.00,2893,-2.00,5861,13.00,4683,-3.00,1521,20.00,2071,20.00,2534,40.00,2262,1.00,1141,25.00,3734,3.00,1357,0.00,1252,0.00,884,0.00,1599,0.00,1712,3.00,1588,-3.00,897,-3.00,4,0.24
2323,19.00,2345,19.00,3323,19.00,1866,20.00,1505,20.00,1498,5.00,2893,-2.00,5861,13.00,4683,-1.00,1521,20.00,2071,20.00,2534,40.00,2262,0.00,1141,25.00,3734,3.00,1357,0.00,1253,0.00,884,0.00,1599,0.00,1712,2.00,1588,-3.00,897,-2.00,4,0.08
2359,21.00,2345,20.00,3323,20.00,1866,19.00,1505,20.00,1498,5.00,2893,-2.00,5861,13.00,4683,-1.00,1521,20.00,2071,20.00,2534,39.00,2262,1.00,1141,25.00,3734,2.00,1357,0.00,1252,0.00,884,0.00,1599,0.00,1712,4.00,1588,-1.00,897,-4.00,4,0.24
2395,20.00,2345,20.00,3323,20.00,1866,20.00,1505,20.00,1498,5.00,2893,-3.00,5861,13.00,4683,-3.00,1521,20.00,2071,20.00,2534,40.00,2262,2.00,1141,25.00,3734,2.00,1357,0.00,1253,0.00,884,0.00,1599,0.00,1712,2.00,1588,-1.00,897,-3.00,4,0.08
2431,20.00,2345,20.00,3323,19.00,1866,20.00,1505,20.00,1498,5.00,2893,-2.00,5861,13.00,4683,-1.00,1521,20.00,2071,20.00,2534,41.00,2262,1.00,1141,25.00,3734,3.00,1357,0.00,1253,0.00,884,0.00,1599,0.00,1712,1.00,1588,-1.00,897,-3.00,4,0.16
2466,20.00,2345,20.00,3323,20.00,1866,20.00,1505,20.00,1498,5.00,2893,-2.00,5861,13.00,4683,-2.00,1521,20.00,2071,20.00,2534,40.00,2262,2.00,1141,25.00,3734,2.00,1357,0.00,1252,0.00,884,0.00,1599,0.00,1712,1.00,1588,-3.00,897,-3.00,4,0.16
2502,20.00,2345,20.00,3323,20.00,1866,20.00,1505,20.00,1498,5.00,2893,-1.00,5861,12.00,4683,-3.00,1521,20.00,2071,20.00,2534,40.00,2262,1.00,1141,25.00,3734,3.00,1357,0.00,1252,0.00,884,0.00,1599,0.00,1712,4.00,1588,-2.00,897,-3.00,4,0.56
2538,20.00,2345,20.00,3323,21.00,1866,20.00,1505,20.00,1498,5.00,2893,-2.00,5861,13.00,4683,-1.00,1521,20.00,2071,20.00,2534,39.00,2262,1.00,1141,25.00,3734,4.00,1357,0.00,1252,0.00,884,0.00,1599,0.00,1712,3.00,1588,-3.00,897,-2.00,4,0.08
2574,20.00,2345,21.00,3323,19.00,1866,20.00,1505,20.00,1498,5.00,2893,-2.00,5861,13.00,4683,-3.00,1521,20.00,2071,20.00,2534,40.00,2262,2.00,1141,25.00,3734,3.00,1357,0.00,1252,0.00,884,0.00,1599,0.00,1712,4.00,1588,-2.00,897,-3.00,4,0.00
2609,20.00,2345,20.00,3323,20.00,1866,20.00,1505,20.00,1498,5.00,2893,-2.00,5861,13.00,4683,-3.00,1521,20.00,2071,20.00,2534,40.00,2262,1.00,1141,25.00,3734,4.00,1357,0.00,1253,0.00,884,0.00,1599,0.00,1712,2.00,1588,-2.00,897,-3.00,4,0.00
2645,19.00,2345,20.00,3323,20.00,1866,20.00,1505,20.00,1498,4.00,2893,-1.00,5861,12.00,4683,-1.00,1521,20.00,2071,21.00,2534,40.00,2262,2.00,1141,26.00,3734,3.00,1357,0.00,1253,0.00,884,0.00,1599,0.00,1712,3.00,1588,-2.00,897,-3.00,4,0.00
2681,20.00,2345,20.00,3323,20.00,1866,20.00,1505,20.00,1498,5.00,2893,-2.00,5861,12.00,4683,-3.00,1521,20.00,2071,20.00,2534,40.00,2262,1.00,1141,25.00,3734,2.00,1357,0.00,1252,0.00,884,0.00,1599,0.00,1712,3.00,1588,-1.00,897,-3.00,4,0.16
2717,20.00,2345,20.00,3323,20.00,1866,20.00,1505,20.00,1498,5.00,2893,-2.00,5861,13.00,4683,-2.00,1521,20.00,2071,20.00,2534,41.00,2262,2.00,1141,25.00,3734,4.00,1357,0.00,1252,0.00,884,0.00,1599,0.00,1712,3.00,1588,-1.00,897,-3.00,4,0.00
2753,19.00,2345,19.00,3323,20.00,1866,20.00,1505,20.00,1498,5.00,2893,-2.00,5861,13.00,4683,-1.00,1521,20.00,2071,20.00,2534,40.00,2262,1.00,1141,25.00,3734,3.00,1357,0.00,1253,0.00,884,0.00,1599,0.00,1712,2.00,1588,-3.00,897,-3.00,4,0.08
2788,20.00,2345,20.00,3323,21.00,1866,20.00,1505,20.00,1498,5.00,2893,-2.00,5861,13.00,4683,-2.00,1521,20.00,2071,21.00,2534,40.00,2262,1.00,1141,25.00,3734,1.00,1357,0.00,1253,0.00,884,0.00,1599,0.00,1712,2.00,1588,-2.00,897,-2.00,4,0.08
2824,20.00,2345,19.00,3323,20.00,1866,20.00,1505,20.00,1498,5.00,2893,-3.00,5861,13.00,4683,-4.00,1521,20.00,2071,20.00,2534,39.00,2262,2.00,1141,25.00,3734,3.00,1357,0.00,1252,0.00,884,0.00,1599,0.00,1712,2.00,1588,-2.00,897,-2.00,4,0.00
2860,20.00,2345,20.00,3323,20.00,1866,20.00,1505,20.00,1498,5.00,2893,-2.00,5861,13.00,4683,-1.00,1521,20.00,2071,19.00,2534,40.00,2262,1.00,1141,25.00,3734,3.00,1357,0.00,1252,0.00,884,0.00,1599,0.00,1712,2.00,1588,-2.00,897,-2.00,4,0.08
2896,19.00,2345,20.00,3323,20.00,1866,20.00,1505,20.00,1498,5.00,2893,-1.00,5861,13.00,4683,6.00,1521,21.00,2071,20.00,2534,40.00,2262,1.00,1141,25.00,3734,-3.00,1357,0.00,1252,0.00,884,0.00,1599,0.00,1712,3.00,1588,-2.00,897,-3.00,4,0.16
2931,21.00,2345,20.00,3323,20.00,1866,21.00,1505,20.00,1498,5.00,2893,-1.00,5861,13.00,4683,-4.00,1521,20.00,2071,20.00,2534,41.00,2262,0.00,1141,25.00,3734,4.00,1357,0.00,1252,0.00,884,0.00,1599,0.00,1712,3.00,1588,-1.00,897,-2.00,4,0.16
2967,20.00,2345,20.00,3323,20.00,1866,21.00,1505,20.00,1498,5.00,2893,-2.00,5861,13.00,4683,-4.00,1521,20.00,2071,20.00,2534,40.00,2262,2.00,1141,25.00,3734,2.00,1357,0.00,1252,0.00,884,0.00,1599,0.00,1712,4.00,1588,-2.00,897,-2.00,4,0.16
3003,21.00,2345,21.00,3323,20.00,1866,20.00,1505,20.00,1498,5.00,2893,-2.00,5861,13.00,4683,-2.00,1521,20.00,2071,20.00,2534,39.00,2262,1.00,1141,25.00,3734,2.00,1357,0.00,1253,0.00,884,0.00,1599,0.00,1712,2.00,1588,-3.00,897,-2.00,4,0.40
3038,20.00,2345,21.00,3323,20.00,1866,20.00,1505,21.00,1498,5.00,2893,-2.00,5861,13.00,4683,-2.00,1521,21.00,2071,20.00,2534,40.00,2262,2.00,1141,25.00,3734,3.00,1357,0.00,1252,0.00,884,0.00,1599,0.00,1712,4.00,1588,-1.00,897,-2.00,4,0.24
3074,20.00,2345,20.00,3323,21.00,1866,20.00,1505,20.00,1498,5.00,2893,-2.00,5861,13.00,4683,-3.00,1521,19.00,2071,20.00,2534,39.00,2262,2.00,1141,25.00,3734,2.00,1357,0.00,1253,0.00,884,0.00,1599,0.00,1712,4.00,1588,-3.00,897,-2.00,4,0.16
3110,20.00,2345,19.00,3323,20.00,1866,20.00,1505,20.00,1498,5.00,2893,-2.00,5861,13.00,4683,-1.00,1521,20.00,2071,20.00,2534,40.00,2262,0.00,1141,25.00,3734,3.00,1357,0.00,1253,0.00,884,0.00,1599,0.00,1712,3.00,1588,-3.00,897,-4.00,4,0.32
3145,20.00,2345,20.00,3323,19.00,1866,19.00,1505,20.00,1498,5.00,2893,-2.00,5861,13.00,4683,-1.00,1521,20.00,2071,20.00,2534,40.00,2262,1.00,1141,25.00,3734,2.00,1357,0.00,1253,0.00,884,0.00,1599,0.00,1712,3.00,1588,-1.00,897,-3.00,4,0.16
3181,20.00,2345,20.00,3323,20.00,1866,20.00,1505,20.00,1498,5.00,2893,-1.00,5861,13.00,4683,-2.00,1521,20.00,2071,19.00,2534,40.00,2262,0.00,1141,25.00,3734,4.00,1357,0.00,1252,0.00,884,0.00,1599,0.00,1712,4.00,1588,-2.00,897,-3.00,4,0.16
3217,20.00,2345,20.00,3323,20.00,1866,20.00,1505,20.00,1498,5.00,2893,-1.00,5861,13.00,4683,-1.00,1521,20.00,2071,20.00,2534,40.00,2262,2.00,1141,24.00,3734,2.00,1357,0.00,1252,0.00,884,0.00,1599,0.00,1712,3.00,1588,-2.00,897,-2.00,4,0.56
3252,20.00,2345,20.00,3323,20.00,1866,20.00,1505,20.00,1498,5.00,2893,-3.00,5861,12.00,4683,-2.00,1521,20.00,2071,20.00,2534,39.00,2262,0.00,1141,25.00,3735,4.00,1357,0.00,1252,0.00,884,0.00,1599,0.00,1712,1.00,1588,-3.00,897,-4.00,4,0.48
3288,21.00,2345,20.00,3323,20.00,1866,20.00,1505,20.00,1498,5.00,2893,-2.00,5861,13.00,4683,-2.00,1521,20.00,2071,20.00,2534,40.00,2262,1.00,1141,25.00,3734,3.00,1357,0.00,1253,0.00,884,0.00,1599,0.00,1712,4.00,1588,-2.00,897,-4.00,4,0.81
3324,21.00,2345,19.00,3323,20.00,1866,20.00,1505,20.00,1498,5.00,2893,-2.00,5861,13.00,4683,-6.00,1521,20.00,2071,20.00,2534,40.00,2262,2.00,1141,25.00,3734,4.00,1357,0.00,1252,0.00,884,0.00,1599,0.00,1712,2.00,1588,-1.00,897,-2.00,4,0.48
3360,20.00,2345,20.00,3323,20.00,1866,20.00,1505,20.00,1498,5.00,2893,-2.00,5861,13.00,4683,2.00,1522,20.00,2071,20.00,2534,40.00,2262,1.00,1141,25.00,3735,3.00,1357,0.00,1252,0.00,884,0.00,1599,0.00,1712,2.00,1588,-2.00,897,-2.00,4,0.48
3395,20.00,2345,21.00,3323,20.00,1866,20.00,1505,20.00,1498,5.00,2893,-2.00,5861,13.00,4683,0.00,1521,20.00,2071,20.00,2534,40.00,2262,1.00,1141,25.00,3734,4.00,1357,0.00,1252,0.00,884,0.00,1599,0.00,1712,4.00,1588,-1.00,897,-4.00,4,0.73
3431,20.00,2345,19.00,3323,20.00,1866,20.00,1505,20.00,1498,5.00,2893,-2.00,5861,13.00,4683,-11.00,1521,20.00,2071,20.00,2534,40.00,2262,1.00,1141,25.00,3734,4.00,1357,0.00,1253,0.00,884,0.00,1599,0.00,1712,2.00,1588,-3.00,897,-2.00,4,0.89
3467,20.00,2345,20.00,3323,20.00,1866,20.00,1505,20.00,1498,5.00,2893,-3.00,5861,13.00,4683,-3.00,1522,20.00,2071,20.00,2534,40.00,2262,0.00,1141,25.00,3734,4.00,1357,0.00,1252,0.00,884,0.00,1599,0.00,1712,3.00,1588,-2.00,897,-3.00,4,0.97
3502,20.00,2345,20.00,3323,20.00,1866,20.00,1505,20.00,1498,5.00,2893,-2.00,5861,13.00,4683,-3.00,1521,20.00,2071,20.00,2534,40.00,2262,1.00,1141,25.00,3734,2.00,1357,0.00,1252,0.00,884,0.00,1599,0.00,1712,2.00,1588,-1.00,897,-2.00,4,0.97
3538,19.00,2345,20.00,3323,20.00,1866,20.00,1505,20.00,1498,5.00,2893,-3.00,5861,13.00,4683,-5.00,1521,20.00,2071,21.00,2534,40.00,2262,1.00,1141,25.00,3734,2.00,1357,0.00,1253,0.00,884,0.00,1599,0.00,1712,3.00,1588,-2.00,897,-3.00,4,1.13
3574,21.00,2345,20.00,3323,20.00,1866,21.00,1505,20.00,1498,5.00,2893,-2.00,5861,13.00,4683,-1.00,1522,20.00,2071,20.00,2534,40.00,2262,1.00,1141,25.00,3734,4.00,1357,0.00,1253,0.00,884,0.00,1599,0.00,1712,3.00,1588,-3.00,897,-3.00,4,1.21
3610,20.00,2345,20.00,3323,20.00,1866,21.00,1505,20.00,1498,5.00,2893,-2.00,5861,13.00,4683,-3.00,1521,20.00,2071,20.00,2534,40.00,2262,1.00,1141,25.00,3734,4.00,1357,0.00,1252,0.00,884,0.00,1599,0.00,1712,3.00,1588,-2.00,897,-2.00,4,0.97
3645,20.00,2345,21.00,3323,20.00,1866,20.00,1505,20.00,1498,5.00,2893,-3.00,5861,13.00,4683,-1.00,1521,20.00,2071,20.00,2534,40.00,2262,0.00,1141,25.00,3734,4.00,1357,0.00,1252,0.00,884,0.00,1599,0.00,1712,2.00,1588,-1.00,897,-3.00,4,1.05
3681,20.00,2345,20.00,3323,20.00,1866,20.00,1505,20.00,1498,4.00,2893,-2.00,5861,13.00,4683,-1.00,1521,20.00,2071,20.00,2534,40.00,2262,1.00,1141,25.00,3734,4.00,1357,0.00,1253,0.00,884,0.00,1599,0.00,1712,3.00,1588,-3.00,897,-3.00,4,1.05
3717,20.00,2345,21.00,3323,20.00,1866,20.00,1505,20.00,1498,5.00,2893,-1.00,5861,13.00,4683,4.00,1521,20.00,2071,20.00,2534,40.00,2262,1.00,1141,25.00,3734,4.00,1357,0.00,1252,0.00,884,0.00,1599,0.00,1712,3.00,1588,-2.00,897,-4.00,4,1.21
3752,19.00,2345,20.00,3323,19.00,1866,20.00,1505,20.00,1498,5.00,2893,-1.00,5861,13.00,4683,-1.00,1521,20.00,2071,20.00,2534,40.00,2262,1.00,1141,25.00,3734,2.00,1357,0.00,1253,0.00,884,0.00,1599,0.00,1712,4.00,1588,-3.00,897,-3.00,4,0.97
3788,20.00,2345,19.00,3324,19.00,1866,20.00,1505,20.00,1498,5.00,2893,-2.00,5861,13.00,4683,0.00,1521,20.00,2071,20.00,2534,40.00,2262,1.00,1141,25.00,3734,3.00,1357,0.00,1252,0.00,884,0.00,1599,0.00,1712,3.00,1588,-1.00,897,-3.00,4,1.45
3824,20.00,2345,20.00,3329,20.00,1866,20.00,1505,20.00,1498,5.00,2893,-3.00,5861,13.00,4683,-1.00,1521,20.00,2071,20.00,2534,40.00,2262,1.00,1141,25.00,3734,3.00,1357,0.00,1252,0.00,884,0.00,1599,0.00,1712,3.00,1588,-1.00,897,-3.00,4,1.37
3860,20.00,2345,22.00,3334,20.00,1866,21.00,1505,20.00,1498,5.00,2893,-2.00,5861,13.00,4683,4.00,1521,20.00,2071,20.00,2534,40.00,2262,2.00,1141,25.00,3734,3.00,1358,0.00,1253,0.00,884,0.00,1599,0.00,1712,2.00,1588,-2.00,897,-4.00,4,1.37
3895,20.00,2345,19.00,3339,20.00,1866,20.00,1505,20.00,1498,5.00,2893,-2.00,5861,13.00,4683,-1.00,1521,20.00,2071,20.00,2534,40.00,2262,1.00,1141,25.00,3734,4.00,1357,0.00,1253,0.00,883,0.00,1599,0.00,1712,1.00,1588,-2.00,897,-2.00,4,1.53
3931,21.00,2345,20.00,3344,19.00,1866,20.00,1505,20.00,1498,5.00,2893,-2.00,5861,13.00,4683,-2.00,1522,20.00,2071,20.00,2534,40.00,2262,1.00,1141,24.00,3734,2.00,1357,0.00,1253,0.00,884,0.00,1599,0.00,1712,2.00,1588,-1.00,897,-4.00,4,1.85
3967,20.00,2345,22.00,3346,19.00,1866,20.00,1505,20.00,1498,5.00,2893,-2.00,5861,13.00,4683,-6.00,1522,20.00,2071,19.00,2534,40.00,2262,0.00,1141,25.00,3734,3.00,1358,0.00,1253,0.00,884,0.00,1599,0.00,1712,4.00,1588,-2.00,897,-2.00,4,1.53
4002,20.00,2345,21.00,3347,20.00,1866,20.00,1505,20.00,1498,5.00,2893,-2.00,5861,13.00,4683,-4.00,1522,20.00,2071,20.00,2534,41.00,2262,1.00,1141,25.00,3734,-6.00,1357,0.00,1252,0.00,884,0.00,1599,0.00,1712,5.00,1588,-2.00,897,-4.00,4,1.77
4038,20.00,2345,20.00,3349,21.00,1866,20.00,1505,20.00,1498,5.00,2893,-2.00,5861,14.00,4683,4.00,1521,20.00,2071,20.00,2534,40.00,2262,0.00,1141,25.00,3734,4.00,1357,0.00,1252,0.00,884,0.00,1599,0.00,1712,4.00,1589,-2.00,897,-3.00,4,1.77
4074,19.00,2345,21.00,3351,20.00,1866,20.00,1505,20.00,1498,5.00,2893,-2.00,5861,13.00,4683,-5.00,1522,20.00,2071,20.00,2536,40.00,2262,1.00,1141,25.00,3734,5.00,1357,0.00,1253,0.00,884,0.00,1599,0.00,1712,4.00,1588,-2.00,897,-3.00,4,1.94
4110,19.00,2345,20.00,3351,20.00,1866,20.00,1505,20.00,1498,5.00,2893,-2.00,5861,13.00,4683,-5.00,1522,20.00,2071,18.00,2541,40.00,2262,1.00,1141,25.00,3734,3.00,1357,0.00,1252,0.00,884,0.00,1599,0.00,1713,4.00,1588,-1.00,897,-3.00,4,2.02
4145,20.00,2345,20.00,3351,20.00,1866,20.00,1505,20.00,1498,5.00,2893,-2.00,5861,13.00,4683,1.00,1522,20.00,2071,19.00,2549,40.00,2262,2.00,1141,25.00,3734,3.00,1357,0.00,1252,0.00,884,0.00,1599,0.00,1712,3.00,1588,-1.00,897,-3.00,4,2.10
4181,19.00,2345,19.00,3353,20.00,1866,20.00,1505,21.00,1498,5.00,2893,-2.00,5861,13.00,4683,-4.00,1522,20.00,2071,20.00,2558,40.00,2262,3.00,1141,25.00,3734,3.00,1357,0.00,1252,0.00,884,0.00,1599,0.00,1712,2.00,1588,-1.00,897,-2.00,4,1.85
4217,20.00,2345,19.00,3355,20.00,1866,20.00,1505,20.00,1498,5.00,2893,-2.00,5861,14.00,4683,7.00,1522,20.00,2071,21.00,2567,40.00,2262,0.00,1141,26.00,3734,4.00,1357,0.00,1253,0.00,884,0.00,1599,0.00,1712,2.00,1588,-1.00,897,-3.00,4,2.10
4253,20.00,2345,21.00,3355,20.00,1866,19.00,1505,20.00,1498,5.00,2893,-2.00,5861,13.00,4683,-6.00,1522,20.00,2071,20.00,2574,40.00,2262,1.00,1141,25.00,3734,4.00,1357,0.00,1252,0.00,884,0.00,1599,0.00,1712,5.00,1588,-2.00,897,-2.00,4,1.94
4288,19.00,2345,20.00,3355,20.00,1866,20.00,1505,20.00,1498,5.00,2893,-2.00,5861,13.00,4683,-4.00,1522,20.00,2071,21.00,2580,40.00,2262,0.00,1141,20.00,3734,1.00,1357,0.00,1253,0.00,884,0.00,1599,0.00,1713,5.00,1588,-2.00,897,-4.00,4,2.18
4324,20.00,2345,20.00,3355,20.00,1866,20.00,1505,20.00,1498,6.00,2893,-2.00,5861,14.00,4683,-3.00,1522,20.00,2071,21.00,2583,40.00,2262,2.00,1141,22.00,3734,2.00,1357,0.00,1252,0.00,884,0.00,1598,0.00,1713,3.00,1588,-2.00,897,-2.00,4,2.18
4360,20.00,2345,20.00,3355,20.00,1866,20.00,1505,20.00,1498,5.00,2893,-1.00,5861,13.00,4683,-2.00,1522,20.00,2071,20.00,2586,40.00,2262,1.00,1141,25.00,3735,5.00,1357,0.00,1253,0.00,884,0.00,1598,0.00,1713,3.00,1588,-2.00,897,-3.00,4,2.18
4395,20.00,2345,20.00,3355,20.00,1866,20.00,1505,20.00,1498,5.00,2893,-2.00,5861,13.00,4683,-4.00,1522,20.00,2071,20.00,2586,40.00,2262,1.00,1141,27.00,3735,3.00,1357,0.00,1252,0.00,884,0.00,1598,0.00,1713,3.00,1588,-2.00,897,-4.00,4,2.42
4431,20.00,2345,19.00,3355,20.00,1866,20.00,1505,20.00,1498,5.00,2893,-2.00,5861,12.00,4683,-5.00,1522,20.00,2071,20.00,2586,40.00,2262,2.00,1141,23.00,3735,3.00,1358,0.00,1252,0.00,884,0.00,1598,0.00,1713,2.00,1588,-2.00,897,-3.00,4,2.18
4467,20.00,2345,19.00,3355,20.00,1866,20.00,1505,20.00,1498,5.00,2893,-2.00,5861,13.00,4683,-3.00,1522,20.00,2071,20.00,2586,40.00,2262,0.00,1141,25.00,3735,4.00,1357,0.00,1252,0.00,884,0.00,1598,0.00,1713,3.00,1588,-2.00,897,-3.00,4,2.50
4503,20.00,2345,20.00,3355,19.00,1866,20.00,1505,20.00,1497,5.00,2893,-2.00,5861,12.00,4683,0.00,1522,20.00,2071,20.00,2586,40.00,2262,1.00,1141,29.00,3735,3.00,1357,0.00,1252,0.00,883,0.00,1598,0.00,1713,3.00,1588,-3.00,897,-2.00,4,2.26
4538,20.00,2345,20.00,3355,19.00,1866,20.00,1505,20.00,1497,5.00,2893,-2.00,5861,13.00,4683,-3.00,1522,20.00,2071,20.00,2586,40.00,2262,1.00,1141,25.00,3734,2.00,1357,0.00,1252,0.00,883,0.00,1598,0.00,1713,4.00,1588,-1.00,897,-2.00,4,2.34
4574,20.00,2345,20.00,3355,20.00,1866,21.00,1505,20.00,1498,5.00,2893,-3.00,5861,13.00,4683,-2.00,1522,20.00,2071,20.00,2586,40.00,2262,1.00,1141,24.00,3735,0.00,1357,0.00,1252,0.00,884,0.00,1598,0.00,1713,2.00,1588,-1.00,897,-3.00,4,2.34
4610,21.00,2345,20.00,3355,20.00,1866,20.00,1505,20.00,1497,6.00,2893,-3.00,5861,13.00,4683,-1.00,1522,20.00,2071,20.00,2587,40.00,2262,0.00,1141,24.00,3735,4.00,1357,0.00,1252,0.00,884,0.00,1598,0.00,1713,5.00,1588,-2.00,897,-3.00,4,2.42
4645,20.00,2345,20.00,3355,21.00,1866,20.00,1505,20.00,1498,5.00,2893,-2.00,5861,13.00,4683,-3.00,1522,20.00,2071,20.00,2589,40.00,2262,0.00,1141,23.00,3735,2.00,1357,0.00,1252,0.00,884,0.00,1596,0.00,1713,3.00,1588,-1.00,897,-2.00,4,2.18
4681,20.00,2345,21.00,3355,21.00,1866,21.00,1505,20.00,1497,5.00,2893,-1.00,5861,13.00,4683,-4.00,1522,20.00,2071,21.00,2593,40.00,2262,1.00,1141,28.00,3735,4.00,1357,0.00,1252,0.00,884,0.00,1592,0.00,1713,3.00,1588,-1.00,897,-2.00,4,2.50
4717,20.00,2345,21.00,3355,20.00,1866,20.00,1505,20.00,1497,5.00,2893,-2.00,5861,13.00,4683,-4.00,1522,20.00,2071,20.00,2598,39.00,2263,0.00,1141,23.00,3734,3.00,1357,0.00,1252,0.00,884,0.00,1587,0.00,1713,3.00,1588,-3.00,897,-2.00,4,2.66
4753,20.00,2345,20.00,3355,20.00,1866,20.00,1505,20.00,1498,5.00,2893,-1.00,5861,13.00,4683,-3.00,1522,20.00,2071,20.00,2603,40.00,2262,1.00,1141,22.00,3735,3.00,1357,0.00,1252,0.00,884,0.00,1581,0.00,1713,3.00,1588,-1.00,897,-2.00,4,2.66
4788,20.00,2345,20.00,3355,20.00,1866,20.00,1505,20.00,1497,5.00,2893,-2.00,5861,13.00,4683,-4.00,1522,20.00,2071,21.00,2608,40.00,2262,1.00,1141,22.00,3735,0.00,1357,0.00,1252,0.00,884,0.00,1574,0.00,1713,4.00,1588,-2.00,897,-2.00,4,2.66
4824,19.00,2345,19.00,3355,20.00,1866,20.00,1505,20.00,1497,5.00,2893,-3.00,5861,13.00,4683,-3.00,1522,20.00,2071,20.00,2612,40.00,2263,2.00,1141,23.00,3735,5.00,1357,0.00,1252,0.00,884,0.00,1566,0.00,1713,1.00,1588,-3.00,897,-4.00,4,2.74
4860,20.00,2345,20.00,3355,20.00,1866,20.00,1505,20.00,1497,5.00,2893,-2.00,5861,13.00,4683,-4.00,1522,20.00,2071,19.00,2617,40.00,2263,1.00,1141,23.00,3735,5.00,1357,0.00,1252,0.00,883,0.00,1558,0.00,1713,4.00,1588,-2.00,897,-3.00,4,2.58
4895,21.00,2345,20.00,3355,20.00,1866,20.00,1505,20.00,1497,5.00,2893,-2.00,5861,13.00,4683,-4.00,1522,20.00,2071,19.00,2622,40.00,2262,2.00,1141,24.00,3735,4.00,1357,0.00,1252,0.00,884,0.00,1548,0.00,1713,4.00,1588,-2.00,897,-3.00,4,2.66
4931,20.00,2345,21.00,3355,20.00,1866,20.00,1505,20.00,1497,6.00,2893,-2.00,5861,13.00,4683,-3.00,1522,20.00,2071,20.00,2628,40.00,2263,2.00,1141,26.00,3735,6.00,1357,0.00,1252,0.00,884,0.00,1539,0.00,1713,3.00,1588,-3.00,897,-2.00,4,2.66
4967,20.00,2345,20.00,3355,20.00,1866,20.00,1505,20.00,1497,6.00,2893,-2.00,5861,13.00,4683,-4.00,1522,20.00,2071,20.00,2633,40.00,2262,-1.00,1141,24.00,3735,4.00,1357,0.00,1252,0.00,883,0.00,1529,0.00,1713,4.00,1588,-2.00,897,-4.00,4,2.74
5003,20.00,2345,20.00,3355,21.00,1866,20.00,1505,20.00,1497,5.00,2893,-2.00,5861,13.00,4683,-4.00,1522,20.00,2071,20.00,2638,40.00,2263,-1.00,1141,24.00,3735,7.00,1357,0.00,1252,0.00,884,0.00,1521,0.00,1713,2.00,1588,-3.00,897,-2.00,4,2.58
5038,19.00,2345,19.00,3355,20.00,1866,20.00,1505,20.00,1497,5.00,2893,-2.00,5861,13.00,4683,-2.00,1522,20.00,2071,20.00,2644,40.00,2263,4.00,1140,24.00,3735,4.00,1358,0.00,1252,0.00,884,0.00,1513,0.00,1713,1.00,1588,-2.00,897,-3.00,4,2.66
5074,21.00,2345,20.00,3355,20.00,1866,20.00,1505,20.00,1497,5.00,2893,-2.00,5861,14.00,4683,-2.00,1522,20.00,2071,21.00,2650,40.00,2263,1.00,1141,24.00,3735,5.00,1357,0.00,1252,0.00,883,0.00,1506,0.00,1713,2.00,1588,-3.00,897,-4.00,4,2.98
5110,20.00,2345,20.00,3355,20.00,1866,20.00,1505,20.00,1497,5.00,2893,-2.00,5861,13.00,4683,-1.00,1522,20.00,2071,21.00,2654,40.00,2263,-1.00,1141,22.00,3735,-6.00,1358,0.00,1252,0.00,884,0.00,1501,0.00,1713,1.00,1588,-1.00,897,-4.00,4,2.50
5146,20.00,2345,19.00,3355,20.00,1866,21.00,1505,20.00,1497,5.00,2893,-1.00,5861,13.00,4683,-2.00,1522,20.00,2071,21.00,2659,40.00,2263,1.00,1141,24.00,3735,5.00,1357,0.00,1252,0.00,884,0.00,1497,0.00,1713,3.00,1588,-3.00,897,-3.00,4,2.34
5181,20.00,2345,20.00,3355,21.00,1866,20.00,1505,21.00,1497,5.00,2893,-2.00,5861,12.00,4683,-2.00,1522,20.00,2071,21.00,2663,40.00,2263,0.00,1141,26.00,3735,4.00,1357,0.00,1252,0.00,883,0.00,1494,0.00,1713,4.00,1588,-2.00,897,-4.00,4,2.74
5217,20.00,2345,20.00,3355,20.00,1866,21.00,1505,20.00,1497,5.00,2893,-2.00,5861,13.00,4683,-3.00,1522,20.00,2071,20.00,2666,41.00,2263,1.00,1141,24.00,3735,1.00,1358,0.00,1252,0.00,884,0.00,1493,0.00,1713,4.00,1588,-3.00,897,-3.00,4,2.50
5253,21.00,2344,20.00,3355,20.00,1866,20.00,1505,20.00,1497,5.00,2893,-1.00,5861,13.00,4683,-2.00,1522,20.00,2071,20.00,2668,40.00,2263,1.00,1141,24.00,3735,6.00,1357,0.00,1252,0.00,883,0.00,1493,0.00,1713,4.00,1588,-1.00,897,-4.00,4,2.66
5288,21.00,2344,20.00,3355,20.00,1866,20.00,1505,21.00,1497,5.00,2893,-2.00,5861,13.00,4683,-4.00,1522,20.00,2071,20.00,2670,40.00,2263,1.00,1141,25.00,3735,3.00,1357,0.00,1252,0.00,884,0.00,1493,0.00,1713,2.00,1588,-1.00,897,-3.00,4,2.90
5324,20.00,2345,20.00,3355,20.00,1866,20.00,1505,20.00,1497,5.00,2893,-3.00,5861,13.00,4683,-3.00,1522,20.00,2071,20.00,2670,40.00,2263,0.00,1140,23.00,3735,8.00,1357,0.00,1252,0.00,883,0.00,1493,0.00,1713,1.00,1588,-1.00,897,-2.00,4,2.90
5360,19.00,2345,20.00,3355,20.00,1866,20.00,1505,20.00,1497,5.00,2893,-2.00,5861,13.00,4683,-3.00,1522,20.00,2071,20.00,2670,40.00,2263,1.00,1141,22.00,3735,0.00,1357,0.00,1252,0.00,884,0.00,1493,0.00,1713,4.00,1588,-2.00,897,-2.00,4,2.58
5396,20.00,2345,19.00,3355,20.00,1866,20.00,1505,20.00,1497,5.00,2893,-1.00,5861,12.00,4683,-2.00,1522,20.00,2071,20.00,2670,40.00,2263,0.00,1140,24.00,3735,4.00,1358,0.00,1252,0.00,884,0.00,1493,0.00,1713,4.00,1588,-2.00,897,-4.00,4,2.82
5431,20.00,2344,20.00,3355,20.00,1866,20.00,1505,20.00,1497,5.00,2893,-3.00,5861,13.00,4683,-3.00,1522,20.00,2071,20.00,2670,40.00,2263,1.00,1141,23.00,3735,-6.00,1358,0.00,1252,0.00,884,0.00,1493,0.00,1713,5.00,1588,-2.00,897,-4.00,4,2.74
5467,20.00,2345,20.00,3355,20.00,1866,20.00,1505,20.00,1497,5.00,2893,-2.00,5861,13.00,4683,-3.00,1522,20.00,2071,21.00,2670,40.00,2263,6.00,1140,23.00,3734,-7.00,1357,0.00,1252,0.00,884,0.00,1493,0.00,1713,4.00,1588,-1.00,897,-2.00,4,2.82
5503,20.00,2345,20.00,3355,20.00,1865,20.00,1505,20.00,1497,5.00,2893,-2.00,5861,13.00,4683,-4.00,1522,20.00,2071,21.00,2670,40.00,2263,6.00,1140,24.00,3735,3.00,1357,0.00,1252,0.00,884,0.00,1493,0.00,1713,2.00,1588,-2.00,897,-3.00,4,2.66
5539,19.00,2344,20.00,3355,21.00,1865,20.00,1505,20.00,1497,6.00,2893,-2.00,5861,13.00,4683,-3.00,1522,20.00,2071,20.00,2670,40.00,2263,5.00,1140,24.00,3735,4.00,1357,0.00,1252,0.00,884,0.00,1493,0.00,1713,4.00,1588,-2.00,897,-4.00,4,2.82
5574,20.00,2344,20.00,3355,20.00,1866,20.00,1505,20.00,1497,5.00,2893,-2.00,5861,13.00,4683,-3.00,1522,19.00,2071,19.00,2670,40.00,2263,4.00,1140,22.00,3735,5.00,1358,0.00,1252,0.00,884,0.00,1493,0.00,1713,5.00,1588,-2.00,897,-2.00,4,2.66
5610,20.00,2345,21.00,3355,20.00,1865,20.00,1505,20.00,1497,6.00,2893,-2.00,5861,13.00,4683,-4.00,1522,20.00,2071,20.00,2670,41.00,2263,3.00,1140,23.00,3735,5.00,1358,0.00,1252,0.00,883,0.00,1493,0.00,1713,2.00,1588,-3.00,897,-2.00,4,2.82
5646,20.00,2344,21.00,3355,20.00,1866,20.00,1505,20.00,1497,5.00,2893,-2.00,5861,12.00,4683,-3.00,1522,20.00,2071,20.00,2670,40.00,2263,5.00,1141,24.00,3735,6.00,1357,0.00,1252,0.00,884,0.00,1493,0.00,1713,2.00,1588,-2.00,897,-3.00,4,2.74
5682,20.00,2345,20.00,3355,20.00,1866,20.00,1505,20.00,1497,6.00,2893,-2.00,5861,13.00,4683,-3.00,1522,20.00,2071,20.00,2670,40.00,2263,4.00,1141,22.00,3735,4.00,1357,0.00,1252,0.00,884,0.00,1493,0.00,1713,2.00,1588,-1.00,897,-2.00,4,2.82
5717,20.00,2344,20.00,3355,20.00,1866,20.00,1505,20.00,1497,5.00,2893,-1.00,5861,13.00,4683,-4.00,1522,20.00,2071,20.00,2670,40.00,2263,-1.00,1140,24.00,3735,4.00,1357,0.00,1252,0.00,883,0.00,1493,0.00,1713,4.00,1588,-1.00,897,-3.00,4,3.06
5753,21.00,2345,20.00,3355,20.00,1866,20.00,1505,20.00,1497,5.00,2893,-3.00,5861,13.00,4683,-2.00,1522,20.00,2071,20.00,2670,40.00,2263,4.00,1140,24.00,3735,7.00,1357,0.00,1252,0.00,883,0.00,1493,0.00,1713,3.00,1588,-1.00,897,-2.00,4,2.90
5789,21.00,2344,20.00,3355,20.00,1865,20.00,1505,21.00,1497,5.00,2893,-3.00,5861,13.00,4683,-4.00,1522,20.00,2071,20.00,2670,40.00,2263,8.00,1140,24.00,3735,5.00,1358,0.00,1252,0.00,884,0.00,1493,0.00,1713,4.00,1588,-3.00,897,-3.00,4,3.15
5825,20.00,2345,21.00,3355,20.00,1866,20.00,1505,20.00,1497,5.00,2893,-2.00,5861,13.00,4683,-3.00,1522,20.00,2071,20.00,2671,40.00,2263,4.00,1140,24.00,3735,4.00,1357,0.00,1252,0.00,883,0.00,1493,0.00,1713,3.00,1588,-2.00,897,-3.00,4,2.82
5860,20.00,2344,20.00,3355,20.00,1865,20.00,1505,19.00,1497,5.00,2893,-3.00,5861,12.00,4683,-5.00,1522,20.00,2071,20.00,2670,40.00,2263,1.00,1140,24.00,3735,6.00,1358,0.00,1252,0.00,884,0.00,1493,0.00,1713,2.00,1588,-1.00,897,-4.00,4,2.82
5896,20.00,2344,20.00,3355,20.00,1865,19.00,1505,20.00,1497,5.00,2893,-2.00,5861,13.00,4683,-4.00,1522,20.00,2071,19.00,2671,40.00,2263,2.00,1140,23.00,3735,4.00,1357,0.00,1251,0.00,884,0.00,1493,0.00,1713,4.00,1588,-2.00,897,-2.00,4,2.98
5932,20.00,2345,20.00,3355,20.00,1865,20.00,1505,20.00,1497,5.00,2893,-2.00,5861,13.00,4683,-4.00,1522,20.00,2071,20.00,2671,40.00,2263,3.00,1140,24.00,3735,-5.00,1357,0.00,1252,0.00,884,0.00,1492,0.00,1713,4.00,1588,-2.00,897,-3.00,4,2.82
5967,20.00,2344,20.00,3355,20.00,1865,20.00,1505,20.00,1497,5.00,2893,-2.00,5861,13.00,4683,-2.00,1522,20.00,2071,19.00,2673,39.00,2265,3.00,1140,24.00,3735,-6.00,1357,0.00,1252,0.00,884,0.00,1492,0.00,1713,4.00,1588,-1.00,897,-2.00,4,2.98
6003,20.00,2345,20.00,3356,19.00,1865,20.00,1505,20.00,1497,5.00,2893,-1.00,5861,13.00,4683,-4.00,1522,20.00,2071,20.00,2678,39.00,2268,1.00,1140,24.00,3735,4.00,1357,0.00,1251,0.00,884,0.00,1492,0.00,1713,2.00,1588,-2.00,897,-2.00,4,2.90
6039,20.00,2344,20.00,3357,20.00,1865,20.00,1505,20.00,1497,5.00,2893,-3.00,5861,13.00,4683,-2.00,1522,20.00,2071,20.00,2682,40.00,2272,1.00,1140,24.00,3735,-1.00,1358,0.00,1252,0.00,884,0.00,1492,0.00,1713,2.00,1588,-1.00,897,-4.00,4,2.82
6074,20.00,2344,19.00,3359,20.00,1865,20.00,1505,20.00,1497,5.00,2893,-2.00,5861,12.00,4683,-3.00,1522,21.00,2071,20.00,2686,41.00,2273,3.00,1140,24.00,3735,3.00,1357,0.00,1252,0.00,883,0.00,1492,0.00,1713,1.00,1588,-3.00,897,-3.00,4,2.90
6110,20.00,2345,20.00,3360,20.00,1865,20.00,1505,20.00,1497,6.00,2893,-2.00,5861,13.00,4683,-4.00,1522,20.00,2071,20.00,2690,40.00,2273,3.00,1140,24.00,3735,5.00,1358,0.00,1251,0.00,884,0.00,1492,0.00,1713,2.00,1588,-1.00,897,-2.00,4,3.23
6146,20.00,2345,19.00,3362,21.00,1865,20.00,1505,20.00,1497,5.00,2893,-2.00,5861,14.00,4683,-4.00,1522,20.00,2071,20.00,2694,40.00,2273,2.00,1140,24.00,3735,5.00,1357,0.00,1251,0.00,884,0.00,1492,0.00,1713,3.00,1588,-3.00,897,-4.00,4,3.06
6182,20.00,2344,19.00,3364,20.00,1865,20.00,1505,20.00,1497,5.00,2893,-2.00,5861,13.00,4683,-4.00,1522,20.00,2071,19.00,2697,40.00,2273,2.00,1140,24.00,3735,11.00,1357,0.00,1251,0.00,884,0.00,1492,0.00,1713,2.00,1588,-3.00,897,-4.00,4,2.74
6217,20.00,2344,21.00,3364,20.00,1865,20.00,1505,19.00,1497,5.00,2893,-3.00,5861,13.00,4683,-2.00,1522,20.00,2071,20.00,2701,39.00,2273,3.00,1140,24.00,3735,4.00,1358,0.00,1251,0.00,884,0.00,1492,0.00,1713,5.00,1588,-2.00,897,-3.00,4,3.06
6253,20.00,2344,20.00,3365,20.00,1865,20.00,1505,20.00,1497,6.00,2893,-2.00,5861,13.00,4683,-3.00,1522,20.00,2071,19.00,2704,39.00,2276,1.00,1140,24.00,3735,-6.00,1357,0.00,1251,0.00,884,0.00,1491,0.00,1713,2.00,1588,-1.00,897,-3.00,4,2.90
6289,20.00,2344,20.00,3364,20.00,1865,20.00,1505,20.00,1497,4.00,2893,-2.00,5861,13.00,4683,-2.00,1522,20.00,2071,21.00,2707,41.00,2278,2.00,1140,24.00,3735,4.00,1358,0.00,1251,0.00,883,0.00,1491,0.00,1713,3.00,1588,-2.00,897,-5.00,4,3.15
6325,20.00,2344,20.00,3365,20.00,1865,20.00,1505,20.00,1497,5.00,2893,-3.00,5861,13.00,4683,-3.00,1522,19.00,2071,20.00,2708,40.00,2278,2.00,1140,23.00,3735,11.00,1357,0.00,1251,0.00,884,0.00,1491,0.00,1713,4.00,1588,-3.00,897,-2.00,4,3.06
6360,20.00,2345,20.00,3364,20.00,1865,20.00,1505,20.00,1497,5.00,2893,-1.00,5861,13.00,4683,-4.00,1522,20.00,2071,21.00,2708,39.00,2280,2.00,1140,24.00,3735,5.00,1357,0.00,1251,0.00,884,0.00,1491,0.00,1713,3.00,1588,-3.00,897,-4.00,4,3.06
6396,21.00,2344,20.00,3365,20.00,1865,20.00,1505,20.00,1497,5.00,2893,-2.00,5861,13.00,4683,-3.00,1522,20.00,2071,20.00,2708,42.00,2281,2.00,1140,26.00,3735,4.00,1358,0.00,1251,0.00,884,0.00,1492,0.00,1713,1.00,1588,-2.00,897,-2.00,4,3.15
6432,20.00,2344,20.00,3364,21.00,1865,20.00,1505,21.00,1497,5.00,2893,-1.00,5861,13.00,4683,-2.00,1522,20.00,2071,20.00,2708,40.00,2282,3.00,1140,24.00,3735,-3.00,1358,0.00,1251,0.00,884,0.00,1491,0.00,1713,2.00,1588,-1.00,897,-4.00,4,2.98
6468,20.00,2344,20.00,3364,20.00,1865,21.00,1505,20.00,1497,5.00,2893,-2.00,5861,13.00,4683,-3.00,1522,20.00,2071,20.00,2708,40.00,2282,2.00,1140,24.00,3735,2.00,1358,0.00,1251,0.00,884,0.00,1491,0.00,1713,2.00,1588,-1.00,897,-2.00,4,2.90
6503,20.00,2344,20.00,3364,20.00,1865,20.00,1505,20.00,1497,5.00,2893,-2.00,5861,13.00,4683,-4.00,1522,20.00,2071,20.00,2708,39.00,2282,3.00,1140,24.00,3735,2.00,1357,0.00,1251,0.00,884,0.00,1491,0.00,1713,4.00,1588,-1.00,897,-4.00,4,2.50
6539,20.00,2344,20.00,3364,20.00,1865,20.00,1505,20.00,1497,5.00,2893,-2.00,5861,13.00,4683,-4.00,1522,20.00,2071,19.00,2708,40.00,2282,2.00,1140,24.00,3735,0.00,1358,0.00,1251,0.00,883,0.00,1491,0.00,1713,4.00,1588,-2.00,897,-4.00,4,2.34
6575,20.00,2344,20.00,3364,20.00,1865,20.00,1505,21.00,1497,6.00,2893,-2.00,5861,14.00,4683,-3.00,1522,20.00,2071,20.00,2708,40.00,2282,2.00,1140,24.00,3735,4.00,1358,0.00,1251,0.00,884,0.00,1491,0.00,1713,4.00,1588,-2.00,897,-4.00,4,2.34
6610,20.00,2344,20.00,3365,20.00,1865,19.00,1505,20.00,1497,4.00,2893,-1.00,5861,13.00,4683,-4.00,1522,20.00,2071,20.00,2708,40.00,2282,1.00,1140,24.00,3735,1.00,1357,0.00,1251,0.00,884,0.00,1491,0.00,1713,2.00,1588,-3.00,897,-3.00,4,2.18
6646,20.00,2344,19.00,3365,20.00,1865,19.00,1505,20.00,1497,5.00,2893,-2.00,5861,13.00,4683,-2.00,1522,20.00,2071,20.00,2708,40.00,2282,-2.00,1141,24.00,3735,6.00,1358,0.00,1251,0.00,884,0.00,1491,0.00,1713,3.00,1588,-3.00,897,-3.00,4,1.61
6682,20.00,2344,20.00,3364,20.00,1865,20.00,1505,20.00,1497,5.00,2893,-3.00,5861,13.00,4683,-2.00,1522,19.00,2071,20.00,2708,40.00,2282,7.00,1140,31.00,3735,6.00,1357,0.00,1251,0.00,884,0.00,1491,0.00,1713,1.00,1588,-2.00,897,-2.00,4,2.02
6718,20.00,2344,20.00,3364,20.00,1865,20.00,1505,20.00,1497,5.00,2893,-2.00,5861,13.00,4683,-3.00,1522,19.00,2071,20.00,2708,41.00,2282,-6.00,1141,24.00,3735,-3.00,1358,0.00,1251,0.00,884,0.00,1491,0.00,1713,3.00,1588,-1.00,897,-3.00,4,1.61
6754,20.00,2344,20.00,3365,20.00,1865,20.00,1505,20.00,1497,5.00,2893,-2.00,5861,13.00,4683,-4.00,1522,20.00,2071,20.00,2708,40.00,2282,1.00,1141,23.00,3735,9.00,1357,0.00,1251,0.00,883,0.00,1491,0.00,1713,3.00,1588,-1.00,897,-2.00,4,1.29
6789,21.00,2344,20.00,3364,21.00,1865,20.00,1505,20.00,1497,5.00,2893,-3.00,5861,13.00,4683,-3.00,1522,20.00,2071,20.00,2708,41.00,2282,1.00,1141,23.00,3735,8.00,1357,0.00,1251,0.00,883,0.00,1491,0.00,1713,5.00,1588,-2.00,897,-3.00,4,1.45
6825,21.00,2344,20.00,3364,20.00,1865,20.00,1505,20.00,1497,5.00,2893,-2.00,5861,13.00,4683,-4.00,1522,20.00,2071,19.00,2708,39.00,2282,1.00,1141,23.00,3734,-1.00,1357,0.00,1251,0.00,883,0.00,1491,0.00,1713,4.00,1588,-2.00,897,-4.00,4,1.53
6861,19.00,2345,20.00,3364,19.00,1865,20.00,1505,20.00,1497,5.00,2893,-2.00,5861,13.00,4683,-4.00,1522,20.00,2071,20.00,2708,40.00,2282,1.00,1141,22.00,3735,3.00,1358,0.00,1251,0.00,883,0.00,1491,0.00,1713,5.00,1588,-1.00,897,-4.00,4,1.05
6897,20.00,2344,20.00,3365,20.00,1865,20.00,1505,20.00,1497,5.00,2893,-2.00,5861,13.00,4683,-2.00,1522,20.00,2071,20.00,2708,40.00,2282,1.00,1141,20.00,3735,0.00,1357,0.00,1251,0.00,883,0.00,1491,0.00,1713,3.00,1588,-1.00,897,-3.00,4,0.97
6933,20.00,2344,20.00,3364,20.00,1865,20.00,1505,20.00,1497,5.00,2893,-2.00,5861,13.00,4683,-4.00,1522,20.00,2071,20.00,2708,40.00,2282,0.00,1141,23.00,3735,6.00,1358,0.00,1251,0.00,884,0.00,1491,0.00,1713,3.00,1588,-2.00,897,-4.00,4,1.13
6968,20.00,2344,20.00,3365,20.00,1865,20.00,1505,20.00,1497,6.00,2893,-2.00,5861,13.00,4683,-3.00,1522,20.00,2071,20.00,2708,40.00,2282,1.00,1141,23.00,3735,0.00,1357,0.00,1251,0.00,884,0.00,1491,0.00,1713,2.00,1588,-1.00,897,-2.00,4,0.97
7004,19.00,2345,20.00,3365,19.00,1865,20.00,1505,20.00,1497,5.00,2893,-2.00,5861,12.00,4683,-4.00,1522,20.00,2071,20.00,2708,40.00,2282,1.00,1141,29.00,3735,5.00,1357,0.00,1251,0.00,884,0.00,1491,0.00,1713,3.00,1588,-2.00,897,-3.00,4,0.73
7040,20.00,2344,20.00,3365,20.00,1865,20.00,1505,20.00,1497,5.00,2893,-1.00,5861,13.00,4683,-2.00,1522,20.00,2071,20.00,2708,40.00,2282,2.00,1141,26.00,3735,7.00,1357,0.00,1250,0.00,883,0.00,1491,0.00,1713,5.00,1588,-2.00,897,-2.00,4,0.81
7076,20.00,2345,20.00,3365,20.00,1865,20.00,1505,20.00,1497,5.00,2893,-1.00,5861,13.00,4683,-2.00,1522,20.00,2071,20.00,2708,40.00,2282,0.00,1141,24.00,3735,4.00,1357,0.00,1250,0.00,883,0.00,1491,0.00,1713,3.00,1588,-2.00,897,-2.00,4,0.65
7111,20.00,2344,20.00,3365,20.00,1865,20.00,1505,20.00,1497,4.00,2893,-2.00,5861,13.00,4683,-2.00,1522,20.00,2071,19.00,2708,40.00,2282,2.00,1141,24.00,3735,5.00,1358,0.00,1250,0.00,883,0.00,1491,0.00,1713,3.00,1588,-2.00,897,-2.00,4,0.65
7147,20.00,2345,20.00,3365,21.00,1865,20.00,1505,20.00,1497,5.00,2893,-1.00,5861,13.00,4683,-3.00,1522,20.00,2071,20.00,2708,39.00,2282,1.00,1141,24.00,3735,3.00,1357,0.00,1250,0.00,883,0.00,1491,0.00,1713,5.00,1588,-3.00,897,-3.00,4,0.65
7183,20.00,2345,20.00,3365,20.00,1865,20.00,1505,20.00,1497,5.00,2893,-1.00,5861,13.00,4683,-3.00,1522,20.00,2071,20.00,2708,40.00,2282,1.00,1141,24.00,3735,-3.00,1358,0.00,1251,0.00,884,0.00,1491,0.00,1713,3.00,1588,-3.00,897,-2.00,4,0.16
7219,20.00,2345,20.00,3365,20.00,1865,20.00,1505,21.00,1497,6.00,2893,-3.00,5861,13.00,4683,-3.00,1522,20.00,2071,20.00,2708,40.00,2282,0.00,1141,21.00,3735,4.00,1357,0.00,1250,0.00,884,0.00,1491,0.00,1713,4.00,1588,-2.00,897,-4.00,4,0.24
7255,20.00,2345,20.00,3365,20.00,1865,20.00,1505,20.00,1497,5.00,2893,-3.00,5861,13.00,4683,-2.00,1522,20.00,2071,19.00,2708,40.00,2282,1.00,1141,25.00,3735,4.00,1357,0.00,1250,0.00,884,0.00,1491,0.00,1713,1.00,1588,-3.00,897,-3.00,4,0.65
7290,19.00,2345,20.00,3365,20.00,1865,20.00,1505,20.00,1497,5.00,2893,-2.00,5861,13.00,4683,-4.00,1522,19.00,2071,20.00,2708,40.00,2282,1.00,1141,23.00,3735,1.00,1357,0.00,1250,0.00,884,0.00,1491,0.00,1713,4.00,1588,-1.00,897,-3.00,4,0.32
7326,21.00,2345,20.00,3365,21.00,1866,20.00,1505,20.00,1497,5.00,2893,-1.00,5861,13.00,4683,-4.00,1522,20.00,2071,20.00,2708,40.00,2282,1.00,1141,24.00,3735,6.00,1357,0.00,1250,0.00,884,0.00,1491,0.00,1713,5.00,1588,-3.00,897,-4.00,4,0.32
7362,20.00,2345,20.00,3365,20.00,1865,20.00,1505,21.00,1497,6.00,2893,-2.00,5861,13.00,4683,-2.00,1522,20.00,2071,20.00,2708,40.00,2282,0.00,1141,24.00,3735,4.00,1357,0.00,1250,0.00,884,0.00,1491,0.00,1713,1.00,1588,-2.00,897,-4.00,4,0.24
7398,20.00,2345,20.00,3365,20.00,1865,20.00,1505,20.00,1497,5.00,2893,-1.00,5861,13.00,4683,-2.00,1522,20.00,2071,20.00,2708,40.00,2282,1.00,1141,24.00,3735,1.00,1358,0.00,1250,0.00,884,0.00,1491,0.00,1713,4.00,1588,-1.00,897,-3.00,4,0.24
7433,20.00,2345,20.00,3365,20.00,1865,20.00,1505,20.00,1497,5.00,2893,-1.00,5861,13.00,4683,-2.00,1522,20.00,2071,20.00,2708,40.00,2282,0.00,1141,24.00,3735,4.00,1357,0.00,1250,0.00,884,0.00,1491,0.00,1713,2.00,1588,-3.00,897,-4.00,4,0.24
7469,20.00,2345,20.00,3365,20.00,1865,20.00,1505,20.00,1497,5.00,2893,-2.00,5861,13.00,4683,-2.00,1522,19.00,2071,20.00,2708,40.00,2282,1.00,1141,24.00,3735,5.00,1357,0.00,1250,0.00,883,0.00,1491,0.00,1713,3.00,1588,-2.00,897,-4.00,4,0.16
7505,20.00,2345,20.00,3365,21.00,1865,20.00,1505,20.00,1497,4.00,2893,-2.00,5861,13.00,4683,-4.00,1522,20.00,2071,20.00,2708,40.00,2282,0.00,1141,24.00,3735,4.00,1357,0.00,1250,0.00,884,0.00,1491,0.00,1713,2.00,1588,-2.00,897,-4.00,4,0.32
7541,20.00,2345,19.00,3365,21.00,1865,20.00,1505,20.00,1497,5.00,2893,-2.00,5861,13.00,4683,-3.00,1522,20.00,2071,20.00,2708,40.00,2282,1.00,1141,24.00,3735,4.00,1357,0.00,1250,0.00,884,0.00,1491,0.00,1713,2.00,1588,-1.00,897,-3.00,4,0.08
7576,20.00,2345,20.00,3365,19.00,1865,19.00,1505,20.00,1497,5.00,2893,-1.00,5861,13.00,4683,-4.00,1522,20.00,2071,20.00,2708,40.00,2282,1.00,1141,24.00,3735,4.00,1358,0.00,1250,0.00,884,0.00,1491,0.00,1713,4.00,1588,-2.00,897,-3.00,4,0.24
7612,20.00,2345,20.00,3365,20.00,1865,20.00,1505,20.00,1497,4.00,2893,-3.00,5861,13.00,4683,-3.00,1522,20.00,2071,19.00,2708,40.00,2282,2.00,1141,24.00,3735,6.00,1358,0.00,1250,0.00,884,0.00,1491,0.00,1713,4.00,1588,-2.00,897,-2.00,4,0.16
7648,21.00,2345,21.00,3365,19.00,1865,20.00,1505,20.00,1497,5.00,2893,-3.00,5861,14.00,4683,-2.00,1522,20.00,2071,20.00,2708,40.00,2282,0.00,1141,23.00,3735,5.00,1357,0.00,1250,0.00,884,0.00,1491,0.00,1713,4.00,1588,-2.00,897,-2.00,4,0.08
7683,20.00,2345,21.00,3365,19.00,1865,20.00,1505,20.00,1497,5.00,2893,-2.00,5861,13.00,4683,-4.00,1522,21.00,2071,20.00,2708,40.00,2282,0.00,1141,23.00,3735,4.00,1357,0.00,1250,0.00,884,0.00,1491,0.00,1713,3.00,1588,-2.00,897,-3.00,4,0.00
7719,21.00,2345,20.00,3365,20.00,1865,20.00,1505,20.00,1498,4.00,2893,-2.00,5861,13.00,4683,-3.00,1522,20.00,2071,20.00,2708,40.00,2282,2.00,1141,23.00,3735,4.00,1357,0.00,1250,0.00,884,0.00,1491,0.00,1713,4.00,1588,-1.00,897,-3.00,4,0.00
7755,20.00,2345,20.00,3365,20.00,1865,20.00,1505,20.00,1497,4.00,2893,-2.00,5861,13.00,4683,-3.00,1522,20.00,2071,20.00,2708,40.00,2282,1.00,1141,24.00,3735,4.00,1357,0.00,1250,0.00,884,0.00,1491,0.00,1713,3.00,1588,-2.00,897,-3.00,4,0.08
7791,20.00,2345,20.00,3365,20.00,1865,20.00,1505,20.00,1498,6.00,2893,-1.00,5861,13.00,4683,-4.00,1522,20.00,2071,20.00,2708,40.00,2282,1.00,1141,24.00,3735,4.00,1357,0.00,1250,0.00,883,0.00,1491,0.00,1713,3.00,1588,-3.00,897,-2.00,4,0.73
7826,20.00,2345,20.00,3365,20.00,1865,20.00,1505,20.00,1498,5.00,2893,-2.00,5861,13.00,4683,-2.00,1522,20.00,2071,20.00,2708,40.00,2282,0.00,1141,29.00,3735,-1.00,1358,0.00,1250,0.00,883,0.00,1491,0.00,1713,2.00,1588,-2.00,897,-3.00,4,0.08
7862,19.00,2345,20.00,3365,20.00,1865,20.00,1505,21.00,1498,5.00,2893,-2.00,5861,13.00,4683,-2.00,1522,19.00,2071,20.00,2708,40.00,2282,1.00,1141,24.00,3735,3.00,1357,0.00,1250,0.00,884,0.00,1491,0.00,1713,2.00,1588,-2.00,897,-3.00,4,0.08
7898,21.00,2345,21.00,3365,19.00,1865,20.00,1505,20.00,1498,5.00,2893,-2.00,5861,13.00,4683,-2.00,1522,20.00,2071,21.00,2708,40.00,2282,1.00,1141,24.00,3735,4.00,1357,0.00,1250,0.00,884,0.00,1491,0.00,1713,4.00,1588,-2.00,897,-3.00,4,0.24
7934,20.00,2345,19.00,3365,20.00,1865,21.00,1505,20.00,1498,5.00,2893,-1.00,5861,14.00,4683,-4.00,1522,20.00,2071,20.00,2708,40.00,2282,0.00,1141,24.00,3735,-3.00,1357,0.00,1250,0.00,884,0.00,1491,0.00,1713,2.00,1588,-2.00,897,-4.00,4,0.08
7969,20.00,2345,20.00,3365,20.00,1865,20.00,1505,20.00,1498,5.00,2893,-2.00,5861,13.00,4683,-2.00,1522,20.00,2071,20.00,2708,41.00,2282,2.00,1141,23.00,3735,-7.00,1357,0.00,1250,0.00,883,0.00,1491,0.00,1713,3.00,1588,-1.00,897,-3.00,4,0.32
8005,21.00,2345,19.00,3365,20.00,1865,21.00,1505,20.00,1498,5.00,2893,-3.00,5861,13.00,4683,-3.00,1522,20.00,2071,20.00,2708,40.00,2282,2.00,1141,24.00,3735,4.00,1357,0.00,1250,0.00,884,0.00,1491,0.00,1713,3.00,1588,-1.00,897,-3.00,4,0.08
8041,20.00,2345,20.00,3365,20.00,1865,20.00,1505,20.00,1498,5.00,2893,-1.00,5861,13.00,4683,-4.00,1522,20.00,2071,19.00,2708,40.00,2282,1.00,1141,24.00,3735,3.00,1357,0.00,1250,0.00,884,0.00,1491,0.00,1713,3.00,1588,-2.00,897,-2.00,4,0.00
8076,20.00,2345,20.00,3365,19.00,1865,20.00,1505,20.00,1498,5.00,2893,-2.00,5861,13.00,4683,-3.00,1522,20.00,2071,20.00,2708,40.00,2282,1.00,1141,24.00,3735,5.00,1358,0.00,1250,0.00,883,0.00,1491,0.00,1713,4.00,1588,-1.00,897,-2.00,4,0.48
8112,20.00,2345,20.00,3365,20.00,1865,20.00,1505,20.00,1497,6.00,2893,-1.00,5861,13.00,4683,-2.00,1522,20.00,2071,20.00,2708,40.00,2282,1.00,1141,23.00,3735,-1.00,1357,0.00,1250,0.00,884,0.00,1491,0.00,1713,4.00,1588,-1.00,897,-2.00,4,0.24
8148,20.00,2345,20.00,3365,20.00,1865,20.00,1505,20.00,1498,5.00,2893,-2.00,5861,13.00,4683,-2.00,1522,20.00,2071,20.00,2708,40.00,2282,0.00,1141,23.00,3735,6.00,1357,0.00,1250,0.00,884,0.00,1491,0.00,1713,3.00,1588,-1.00,897,-4.00,4,0.08
8184,21.00,2345,19.00,3365,20.00,1865,20.00,1505,20.00,1498,4.00,2893,-1.00,5861,13.00,4683,-2.00,1522,20.00,2071,20.00,2708,40.00,2282,1.00,1141,24.00,3735,3.00,1357,0.00,1250,0.00,884,0.00,1491,0.00,1713,1.00,1588,-2.00,897,-3.00,4,0.00
8219,20.00,2345,19.00,3365,21.00,1865,20.00,1505,20.00,1498,5.00,2893,-3.00,5861,13.00,4683,-4.00,1522,20.00,2071,20.00,2708,40.00,2282,1.00,1141,24.00,3734,4.00,1357,0.00,1250,0.00,884,0.00,1491,0.00,1713,4.00,1588,-3.00,897,-4.00,4,0.56
8255,20.00,2345,20.00,3365,20.00,1865,20.00,1505,20.00,1498,5.00,2893,-3.00,5861,13.00,4683,-4.00,1522,20.00,2071,20.00,2708,40.00,2282,1.00,1141,23.00,3735,4.00,1357,0.00,1250,0.00,884,0.00,1491,0.00,1713,2.00,1588,-3.00,897,-4.00,4,0.16
8291,20.00,2345,20.00,3365,20.00,1865,20.00,1505,20.00,1498,5.00,2893,-2.00,5861,13.00,4683,-1.00,1522,20.00,2071,20.00,2708,40.00,2282,1.00,1141,23.00,3735,4.00,1357,0.00,1250,0.00,883,0.00,1491,0.00,1713,4.00,1588,-1.00,897,-4.00,4,0.00
8327,19.00,2345,20.00,3365,20.00,1865,20.00,1505,20.00,1498,5.00,2893,-2.00,5861,14.00,4683,-3.00,1522,20.00,2071,20.00,2708,40.00,2282,1.00,1141,30.00,3735,2.00,1357,0.00,1250,0.00,884,0.00,1491,0.00,1713,2.00,1588,-2.00,897,-4.00,4,0.00
8362,19.00,2345,21.00,3365,20.00,1865,20.00,1505,20.00,1498,5.00,2893,-2.00,5861,13.00,4683,-3.00,1522,20.00,2071,20.00,2708,40.00,2282,2.00,1141,23.00,3735,5.00,1357,0.00,1250,0.00,884,0.00,1491,0.00,1713,3.00,1588,-1.00,897,-3.00,4,0.16
8398,19.00,2345,20.00,3365,20.00,1865,20.00,1505,20.00,1498,5.00,2893,-2.00,5861,13.00,4683,-2.00,1522,20.00,2071,21.00,2708,40.00,2282,1.00,1141,24.00,3735,3.00,1357,0.00,1250,0.00,884,0.00,1491,0.00,1713,3.00,1588,-2.00,897,-4.00,4,0.08
8434,20.00,2345,20.00,3365,20.00,1865,20.00,1505,20.00,1498,6.00,2893,-2.00,5861,13.00,4683,-3.00,1522,20.00,2071,21.00,2708,40.00,2282,1.00,1141,24.00,3734,3.00,1357,0.00,1250,0.00,883,0.00,1491,0.00,1713,2.00,1588,-3.00,897,-4.00,4,0.40
8470,20.00,2345,20.00,3365,20.00,1866,20.00,1505,20.00,1498,5.00,2893,-2.00,5861,13.00,4683,-4.00,1522,20.00,2071,20.00,2708,40.00,2282,1.00,1141,24.00,3735,4.00,1357,0.00,1250,0.00,884,0.00,1491,0.00,1713,4.00,1588,-2.00,897,-4.00,4,0.40
8505,20.00,2345,20.00,3365,20.00,1865,20.00,1505,20.00,1498,5.00,2893,-2.00,5861,12.00,4683,-4.00,1522,20.00,2071,19.00,2708,40.00,2282,1.00,1141,27.00,3735,3.00,1357,0.00,1250,0.00,884,0.00,1491,0.00,1713,5.00,1588,-2.00,897,-3.00,4,0.08
8541,21.00,2345,19.00,3365,19.00,1866,20.00,1505,20.00,1497,5.00,2893,-2.00,5861,13.00,4683,-4.00,1522,20.00,2071,20.00,2708,40.00,2282,0.00,1141,24.00,3735,2.00,1357,0.00,1250,0.00,884,0.00,1491,0.00,1713,3.00,1588,-1.00,897,-3.00,4,0.16
8577,20.00,2345,20.00,3365,21.00,1866,20.00,1505,20.00,1497,5.00,2893,-2.00,5861,13.00,4683,-3.00,1522,20.00,2071,20.00,2708,40.00,2282,2.00,1141,24.00,3735,5.00,1357,0.00,1250,0.00,884,0.00,1491,0.00,1713,2.00,1588,-1.00,897,-4.00,4,0.08
8613,20.00,2345,21.00,3365,20.00,1865,20.00,1505,20.00,1497,5.00,2893,-1.00,5861,13.00,4683,-2.00,1522,20.00,2071,20.00,2708,40.00,2282,2.00,1141,27.00,3734,3.00,1357,0.00,1250,0.00,884,0.00,1491,0.00,1713,3.00,1588,-1.00,897,-2.00,4,0.08
8649,21.00,2345,20.00,3365,20.00,1866,20.00,1505,20.00,1498,6.00,2893,-2.00,5861,13.00,4683,-2.00,1522,20.00,2071,20.00,2708,40.00,2282,2.00,1141,23.00,3735,2.00,1357,0.00,1250,0.00,883,0.00,1491,0.00,1713,5.00,1588,-1.00,897,-3.00,4,0.08
8684,20.00,2345,21.00,3365,20.00,1866,20.00,1505,20.00,1497,4.00,2893,-1.00,5861,13.00,4683,-2.00,1522,20.00,2071,20.00,2708,40.00,2282,1.00,1141,24.00,3735,2.00,1357,0.00,1250,0.00,883,0.00,1491,0.00,1713,2.00,1588,-1.00,897,-4.00,4,0.00
8720,21.00,2345,20.00,3365,20.00,1866,20.00,1505,20.00,1498,4.00,2893,-1.00,5861,13.00,4683,-4.00,1522,20.00,2071,20.00,2708,40.00,2282,0.00,1141,24.00,3735,4.00,1357,0.00,1250,0.00,884,0.00,1491,0.00,1713,3.00,1588,-2.00,897,-3.00,4,0.16
8756,20.00,2345,20.00,3365,20.00,1866,20.00,1505,20.00,1497,5.00,2893,-2.00,5861,13.00,4683,-3.00,1522,20.00,2071,20.00,2708,40.00,2282,2.00,1141,23.00,3735,0.00,1357,0.00,1250,0.00,883,0.00,1491,0.00,1713,4.00,1588,-2.00,897,-4.00,4,0.16
8792,20.00,2345,20.00,3365,20.00,1865,20.00,1505,20.00,1498,5.00,2893,-2.00,5861,13.00,4683,-3.00,1522,20.00,2071,19.00,2708,40.00,2282,2.00,1141,24.00,3735,5.00,1357,0.00,1250,0.00,884,0.00,1491,0.00,1713,4.00,1588,-2.00,897,-2.00,4,0.16
8827,19.00,2345,20.00,3365,20.00,1865,20.00,1505,20.00,1498,5.00,2893,-2.00,5861,13.00,4683,-2.00,1522,20.00,2071,20.00,2708,40.00,2282,-6.00,1141,24.00,3735,4.00,1357,0.00,1250,0.00,884,0.00,1491,0.00,1713,5.00,1588,-2.00,897,-4.00,4,0.08
8863,21.00,2345,20.00,3365,20.00,1866,20.00,1505,20.00,1498,6.00,2893,-3.00,5861,13.00,4683,-4.00,1522,20.00,2071,20.00,2708,40.00,2282,1.00,1141,23.00,3735,3.00,1357,0.00,1250,0.00,883,0.00,1491,0.00,1713,3.00,1588,-1.00,897,-3.00,4,0.32
8899,20.00,2345,20.00,3365,20.00,1866,20.00,1505,20.00,1498,6.00,2893,-1.00,5861,13.00,4683,-4.00,1522,20.00,2071,19.00,2708,40.00,2282,0.00,1141,24.00,3735,3.00,1357,0.00,1250,0.00,884,0.00,1491,0.00,1713,3.00,1588,-3.00,897,-3.00,4,0.08
8935,21.00,2345,20.00,3365,20.00,1866,20.00,1505,21.00,1498,5.00,2893,-2.00,5861,12.00,4683,-2.00,1522,20.00,2071,20.00,2708,40.00,2282,1.00,1141,24.00,3735,3.00,1357,0.00,1250,0.00,884,0.00,1491,0.00,1713,3.00,1588,-2.00,897,-3.00,4,0.08
8971,20.00,2345,20.00,3365,20.00,1866,20.00,1505,20.00,1497,5.00,2893,-4.00,5861,13.00,4683,-2.00,1522,20.00,2071,20.00,2708,40.00,2282,-1.00,1141,25.00,3735,3.00,1357,0.00,1250,0.00,884,0.00,1491,0.00,1713,2.00,1588,-2.00,897,-3.00,4,0.16
9007,20.00,2345,20.00,3365,20.00,1866,21.00,1505,20.00,1498,4.00,2893,-3.00,5861,12.00,4683,-3.00,1522,21.00,2071,20.00,2708,40.00,2282,3.00,1141,24.00,3735,4.00,1357,0.00,1250,0.00,883,0.00,1491,0.00,1713,5.00,1588,-3.00,897,-4.00,4,0.32
9042,20.00,2345,21.00,3365,20.00,1866,20.00,1505,20.00,1498,5.00,2893,-2.00,5861,12.00,4683,-2.00,1522,20.00,2071,20.00,2708,40.00,2282,-3.00,1141,29.00,3735,5.00,1357,0.00,1250,0.00,884,0.00,1491,0.00,1713,4.00,1588,-2.00,897,-4.00,4,0.00
9078,21.00,2345,20.00,3365,20.00,1866,20.00,1505,20.00,1498,5.00,2893,-1.00,5861,12.00,4683,-2.00,1522,20.00,2071,19.00,2708,39.00,2282,2.00,1141,22.00,3734,3.00,1357,0.00,1250,0.00,884,0.00,1491,0.00,1713,2.00,1588,-3.00,897,-2.00,4,0.16
9114,19.00,2345,21.00,3365,20.00,1866,20.00,1505,20.00,1498,6.00,2893,-2.00,5861,13.00,4683,-4.00,1522,20.00,2071,20.00,2708,40.00,2282,1.00,1141,23.00,3735,4.00,1357,0.00,1250,0.00,884,0.00,1491,0.00,1713,4.00,1588,-2.00,897,-2.00,4,0.08
9150,20.00,2345,20.00,3365,20.00,1866,20.00,1505,20.00,1498,5.00,2893,-2.00,5861,13.00,4683,-4.00,1522,20.00,2071,20.00,2708,40.00,2282,2.00,1141,24.00,3735,3.00,1357,0.00,1250,0.00,883,0.00,1491,0.00,1713,4.00,1588,-2.00,897,-2.00,4,0.16
9185,20.00,2345,20.00,3365,20.00,1866,20.00,1505,20.00,1498,5.00,2893,-2.00,5861,14.00,4683,-2.00,1522,20.00,2071,20.00,2708,40.00,2282,-3.00,1141,24.00,3735,2.00,1357,0.00,1251,0.00,884,0.00,1491,0.00,1713,5.00,1588,-2.00,897,-4.00,4,0.08
9221,21.00,2345,19.00,3365,20.00,1866,20.00,1505,20.00,1497,6.00,2893,-2.00,5861,13.00,4683,-2.00,1522,19.00,2071,20.00,2708,40.00,2282,0.00,1141,24.00,3735,3.00,1357,0.00,1250,0.00,884,0.00,1491,0.00,1713,3.00,1588,-2.00,897,-2.00,4,0.16
9257,20.00,2345,20.00,3365,20.00,1866,20.00,1505,20.00,1498,5.00,2893,-2.00,5861,13.00,4683,-2.00,1522,20.00,2071,21.00,2708,40.00,2282,2.00,1141,25.00,3735,4.00,1357,0.00,1250,0.00,884,0.00,1491,0.00,1713,1.00,1588,-3.00,897,-3.00,4,0.08
9293,20.00,2345,20.00,3365,20.00,1866,20.00,1505,20.00,1497,5.00,2893,-2.00,5861,13.00,4683,-4.00,1522,20.00,2071,20.00,2708,40.00,2282,2.00,1142,24.00,3735,5.00,1357,0.00,1250,0.00,883,0.00,1491,0.00,1713,3.00,1588,-2.00,897,-3.00,4,0.16
9328,20.00,2345,21.00,3365,21.00,1866,20.00,1505,20.00,1497,5.00,2893,-1.00,5861,14.00,4683,-2.00,1522,20.00,2071,20.00,2708,40.00,2282,1.00,1142,24.00,3735,3.00,1357,0.00,1250,0.00,884,0.00,1491,0.00,1713,4.00,1588,-1.00,897,-2.00,4,0.16
9364,20.00,2345,20.00,3365,20.00,1866,20.00,1505,20.00,1498,4.00,2893,-2.00,5861,14.00,4683,-4.00,1522,20.00,2071,20.00,2708,40.00,2282,1.00,1141,24.00,3735,3.00,1357,0.00,1250,0.00,884,0.00,1491,0.00,1713,4.00,1588,-1.00,897,-4.00,4,0.00
9400,20.00,2345,20.00,3365,20.00,1866,20.00,1505,20.00,1497,6.00,2893,-2.00,5861,13.00,4683,-2.00,1522,20.00,2071,19.00,2708,40.00,2282,0.00,1141,24.00,3735,5.00,1357,0.00,1250,0.00,884,0.00,1491,0.00,1713,2.00,1588,-2.00,897,-2.00,4,0.08
9436,20.00,2345,21.00,3365,20.00,1866,20.00,1505,20.00,1498,5.00,2893,-2.00,5861,12.00,4683,-4.00,1522,20.00,2071,20.00,2708,40.00,2282,1.00,1141,24.00,3735,3.00,1357,0.00,1250,0.00,884,0.00,1491,0.00,1713,3.00,1588,-2.00,897,-2.00,4,0.00
9471,21.00,2345,19.00,3365,20.00,1866,20.00,1505,20.00,1497,5.00,2893,-2.00,5861,13.00,4683,-3.00,1522,20.00,2071,19.00,2708,40.00,2282,3.00,1141,24.00,3734,2.00,1357,0.00,1250,0.00,883,0.00,1491,0.00,1713,4.00,1588,-1.00,897,-2.00,4,0.00
9507,21.00,2345,20.00,3365,19.00,1866,20.00,1505,20.00,1498,5.00,2893,-3.00,5861,13.00,4683,-2.00,1522,20.00,2071,20.00,2708,40.00,2282,1.00,1141,23.00,3735,3.00,1357,0.00,1250,0.00,884,0.00,1491,0.00,1713,2.00,1588,-2.00,897,-3.00,4,0.08
9543,20.00,2345,20.00,3365,20.00,1866,20.00,1505,20.00,1498,5.00,2893,-2.00,5861,14.00,4683,-2.00,1522,20.00,2071,20.00,2708,40.00,2282,2.00,1141,23.00,3735,4.00,1357,0.00,1250,0.00,884,0.00,1491,0.00,1713,2.00,1588,-2.00,897,-4.00,4,0.08
9578,19.00,2345,21.00,3365,20.00,1866,21.00,1505,20.00,1498,4.00,2893,-2.00,5861,13.00,4683,-2.00,1522,20.00,2071,21.00,2708,40.00,2282,3.00,1141,24.00,3735,3.00,1357,0.00,1251,0.00,883,0.00,1491,0.00,1713,4.00,1588,-2.00,897,-2.00,4,0.08
9614,20.00,2345,20.00,3365,20.00,1866,20.00,1505,20.00,1498,5.00,2893,-2.00,5861,13.00,4683,-3.00,1522,21.00,2071,20.00,2708,40.00,2282,2.00,1141,24.00,3735,-6.00,1357,0.00,1250,0.00,883,0.00,1491,0.00,1713,2.00,1588,-1.00,897,-3.00,4,0.08
9650,19.00,2345,20.00,3365,20.00,1866,20.00,1505,20.00,1497,4.00,2893,-2.00,5861,13.00,4683,-4.00,1522,20.00,2071,20.00,2708,40.00,2282,3.00,1141,23.00,3735,4.00,1357,0.00,1250,0.00,884,0.00,1491,0.00,1713,4.00,1588,-2.00,897,-4.00,4,0.40
9686,20.00,2345,20.00,3365,20.00,1866,20.00,1505,20.00,1498,5.00,2893,-2.00,5861,13.00,4683,-3.00,1522,20.00,2071,20.00,2708,40.00,2282,-1.00,1141,24.00,3735,5.00,1357,0.00,1250,0.00,884,0.00,1491,0.00,1713,4.00,1588,-2.00,897,-2.00,4,0.08
9721,21.00,2345,20.00,3365,20.00,1866,20.00,1505,21.00,1498,5.00,2893,-2.00,5861,13.00,4683,-2.00,1522,20.00,2071,20.00,2708,40.00,2282,1.00,1141,24.00,3735,4.00,1357,0.00,1250,0.00,884,0.00,1491,0.00,1713,4.00,1588,-3.00,897,-3.00,4,0.24
9757,20.00,2345,20.00,3365,19.00,1866,20.00,1505,20.00,1497,5.00,2893,-3.00,5861,14.00,4683,-3.00,1522,20.00,2071,20.00,2708,40.00,2282,-7.00,1141,24.00,3735,2.00,1357,0.00,1250,0.00,883,0.00,1491,0.00,1713,3.00,1588,-2.00,897,-2.00,4,0.16
9793,20.00,2345,20.00,3365,20.00,1866,20.00,1505,20.00,1498,4.00,2893,-2.00,5861,14.00,4683,-4.00,1522,20.00,2071,20.00,2708,40.00,2282,2.00,1141,29.00,3735,3.00,1357,0.00,1250,0.00,884,0.00,1491,0.00,1713,4.00,1588,-2.00,897,-4.00,4,0.08
9829,20.00,2345,20.00,3365,20.00,1866,20.00,1505,20.00,1498,4.00,2893,-2.00,5861,12.00,4683,-3.00,1522,20.00,2071,20.00,2708,41.00,2282,2.00,1141,24.00,3735,4.00,1357,0.00,1250,0.00,884,0.00,1491,0.00,1713,4.00,1588,-1.00,897,-2.00,4,0.16
9865,20.00,2345,20.00,3365,20.00,1866,20.00,1505,20.00,1498,5.00,2893,-2.00,5861,13.00,4683,-2.00,1522,19.00,2071,20.00,2708,39.00,2282,2.00,1141,23.00,3735,5.00,1357,0.00,1250,0.00,883,0.00,1491,0.00,1713,4.00,1588,-1.00,897,-4.00,4,0.16
9900,20.00,2345,20.00,3365,20.00,1866,20.00,1505,20.00,1498,5.00,2893,-1.00,5861,13.00,4683,-4.00,1522,20.00,2071,20.00,2708,39.00,2282,3.00,1142,24.00,3735,5.00,1357,0.00,1250,0.00,883,0.00,1491,0.00,1713,3.00,1588,-2.00,897,-3.00,4,0.73
9936,20.00,2345,20.00,3365,20.00,1866,19.00,1505,20.00,1498,5.00,2893,-1.00,5861,13.00,4683,-2.00,1522,20.00,2071,20.00,2708,40.00,2282,5.00,1142,22.00,3735,5.00,1358,0.00,1250,0.00,884,0.00,1491,0.00,1713,4.00,1588,-2.00,897,-3.00,4,0.32
9972,20.00,2345,20.00,3365,21.00,1866,20.00,1505,21.00,1497,5.00,2893,-2.00,5861,13.00,4683,-3.00,1522,20.00,2071,20.00,2708,40.00,2282,2.00,1141,24.00,3735,2.00,1357,0.00,1250,0.00,883,0.00,1491,0.00,1713,4.00,1588,-3.00,897,-3.00,4,0.16
10007,21.00,2345,20.00,3365,20.00,1866,20.00,1505,20.00,1497,5.00,2893,-2.00,5861,13.00,4683,-3.00,1522,20.00,2071,19.00,2708,41.00,2282,-8.00,1141,26.00,3735,5.00,1357,0.00,1250,0.00,884,0.00,1491,0.00,1713,2.00,1588,-2.00,897,-3.00,4,0.08
10043,20.00,2345,20.00,3365,20.00,1866,20.00,1505,20.00,1498,5.00,2893,-2.00,5861,13.00,4683,6.00,1522,20.00,2071,21.00,2708,40.00,2282,3.00,1141,24.00,3735,-9.00,1358,0.00,1250,0.00,884,0.00,1491,0.00,1713,4.00,1588,-2.00,897,-4.00,4,0.16
10079,20.00,2345,20.00,3365,20.00,1866,20.00,1505,20.00,1498,4.00,2893,-2.00,5861,13.00,4683,-2.00,1521,20.00,2071,19.00,2708,40.00,2282,2.00,1141,23.00,3735,4.00,1357,0.00,1250,0.00,884,0.00,1492,0.00,1713,2.00,1588,-3.00,897,-2.00,4,0.00
10115,20.00,2345,19.00,3365,20.00,1866,20.00,1505,20.00,1498,5.00,2893,-3.00,5861,13.00,4683,-3.00,1522,20.00,2071,20.00,2708,40.00,2282,-3.00,1142,29.00,3735,1.00,1357,0.00,1250,0.00,884,0.00,1491,0.00,1713,1.00,1588,-1.00,897,-3.00,4,0.16
10151,20.00,2345,20.00,3365,20.00,1866,20.00,1505,20.00,1498,5.00,2893,-2.00,5861,14.00,4683,-4.00,1522,20.00,2071,20.00,2708,40.00,2282,1.00,1141,23.00,3734,3.00,1357,0.00,1250,0.00,884,0.00,1491,0.00,1713,1.00,1588,-2.00,897,-2.00,4,0.32
10186,19.00,2345,21.00,3365,21.00,1866,20.00,1505,20.00,1497,6.00,2893,-3.00,5861,13.00,4683,-2.00,1522,20.00,2071,20.00,2708,40.00,2282,6.00,1141,23.00,3735,2.00,1357,0.00,1250,0.00,884,0.00,1491,0.00,1713,2.00,1588,-3.00,897,-4.00,4,0.16
10222,20.00,2345,20.00,3365,20.00,1866,20.00,1505,20.00,1498,5.00,2893,-2.00,5861,13.00,4683,-2.00,1522,20.00,2071,21.00,2708,39.00,2282,5.00,1141,26.00,3734,1.00,1357,0.00,1250,0.00,884,0.00,1491,0.00,1713,1.00,1588,-3.00,897,-2.00,4,0.08
10258,20.00,2345,20.00,3365,20.00,1866,20.00,1505,20.00,1498,5.00,2893,-2.00,5861,13.00,4683,-2.00,1522,20.00,2071,20.00,2708,40.00,2282,-8.00,1141,26.00,3735,6.00,1357,0.00,1251,0.00,884,0.00,1491,0.00,1713,3.00,1588,-2.00,897,-2.00,4,0.08
10294,20.00,2345,20.00,3365,20.00,1866,20.00,1505,20.00,1498,5.00,2893,-1.00,5861,13.00,4683,-4.00,1522,20.00,2071,20.00,2708,40.00,2282,-1.00,1141,23.00,3735,2.00,1357,0.00,1250,0.00,884,0.00,1491,0.00,1713,3.00,1588,-2.00,897,-3.00,4,0.08
10329,20.00,2345,20.00,3365,19.00,1866,20.00,1505,20.00,1497,5.00,2893,-2.00,5861,13.00,4683,-4.00,1522,20.00,2071,20.00,2708,40.00,2282,2.00,1141,26.00,3735,2.00,1357,0.00,1250,0.00,884,0.00,1491,0.00,1713,2.00,1588,-1.00,897,-4.00,4,0.08
10365,20.00,2345,20.00,3365,20.00,1866,20.00,1505,20.00,1498,5.00,2893,-2.00,5861,13.00,4683,-4.00,1522,20.00,2071,20.00,2708,39.00,2282,2.00,1141,22.00,3735,4.00,1357,0.00,1250,0.00,884,0.00,1491,0.00,1713,4.00,1588,-1.00,897,-2.00,4,0.00
10401,20.00,2345,20.00,3365,20.00,1866,20.00,1505,20.00,1498,5.00,2893,-1.00,5861,13.00,4683,-4.00,1522,20.00,2071,21.00,2708,40.00,2282,2.00,1141,24.00,3734,5.00,1357,0.00,1250,0.00,884,0.00,1491,0.00,1713,2.00,1588,-3.00,897,-4.00,4,0.00
10436,20.00,2345,20.00,3365,20.00,1866,20.00,1505,20.00,1498,5.00,2893,-3.00,5861,13.00,4683,-4.00,1522,20.00,2071,20.00,2708,41.00,2282,-5.00,1141,24.00,3735,2.00,1357,0.00,1250,0.00,884,0.00,1491,0.00,1713,3.00,1588,-3.00,897,-2.00,4,0.00
10472,20.00,2345,20.00,3365,20.00,1866,20.00,1505,20.00,1498,5.00,2893,-2.00,5861,13.00,4683,-3.00,1522,20.00,2071,20.00,2708,40.00,2282,2.00,1141,24.00,3735,3.00,1357,0.00,1250,0.00,884,0.00,1491,0.00,1713,3.00,1588,-1.00,897,-4.00,4,0.32
10508,20.00,2345,20.00,3365,20.00,1866,20.00,1505,20.00,1498,4.00,2893,-1.00,5861,13.00,4683,-3.00,1522,19.00,2071,20.00,2708,40.00,2282,2.00,1141,23.00,3735,4.00,1357,0.00,1251,0.00,884,0.00,1491,0.00,1713,3.00,1588,-1.00,897,-2.00,4,0.16
10543,20.00,2345,21.00,3365,20.00,1866,20.00,1505,20.00,1498,6.00,2893,-2.00,5861,13.00,4683,-4.00,1522,20.00,2071,20.00,2708,40.00,2282,1.00,1141,30.00,3735,4.00,1357,0.00,1250,0.00,883,0.00,1491,0.00,1713,4.00,1588,-1.00,897,-4.00,4,0.08
10579,20.00,2345,20.00,3365,20.00,1866,20.00,1505,20.00,1498,5.00,2893,-2.00,5861,13.00,4683,-4.00,1522,20.00,2071,20.00,2708,40.00,2282,1.00,1141,29.00,3735,2.00,1357,0.00,1250,0.00,884,0.00,1491,0.00,1713,3.00,1588,-3.00,897,-4.00,4,0.00
10615,20.00,2345,20.00,3365,20.00,1866,20.00,1505,20.00,1498,4.00,2893,-2.00,5861,13.00,4683,-2.00,1522,20.00,2071,20.00,2708,39.00,2282,1.00,1141,23.00,3735,3.00,1357,0.00,1250,0.00,884,0.00,1491,0.00,1713,3.00,1588,-1.00,897,-3.00,4,0.08
10650,21.00,2345,21.00,3365,20.00,1866,20.00,1505,20.00,1498,5.00,2893,-1.00,5861,13.00,4683,-4.00,1522,20.00,2071,20.00,2708,40.00,2282,1.00,1141,23.00,3735,4.00,1357,0.00,1250,0.00,883,0.00,1491,0.00,1713,3.00,1588,-2.00,897,-3.00,4,0.24
10686,20.00,2345,20.00,3365,20.00,1866,20.00,1505,20.00,1498,5.00,2893,-1.00,5861,13.00,4683,-3.00,1522,20.00,2071,20.00,2708,40.00,2282,1.00,1141,23.00,3734,3.00,1357,0.00,1250,0.00,884,0.00,1491,0.00,1713,4.00,1588,-2.00,897,-2.00,4,0.00
10722,20.00,2345,20.00,3365,20.00,1866,20.00,1505,20.00,1498,5.00,2893,-2.00,5861,13.00,4683,-3.00,1522,20.00,2071,21.00,2708,40.00,2282,2.00,1141,28.00,3735,5.00,1357,0.00,1250,0.00,884,0.00,1491,0.00,1713,3.00,1588,-2.00,897,-4.00,4,0.08
10758,20.00,2345,20.00,3365,20.00,1866,20.00,1505,21.00,1498,5.00,2893,-3.00,5861,14.00,4683,-3.00,1522,20.00,2071,21.00,2708,40.00,2282,1.00,1141,25.00,3735,4.00,1357,0.00,1250,0.00,884,0.00,1491,0.00,1713,3.00,1588,-2.00,897,-4.00,4,0.00
10794,20.00,2345,20.00,3365,20.00,1866,20.00,1505,20.00,1498,5.00,2893,-2.00,5861,13.00,4683,-3.00,1522,20.00,2071,20.00,2708,40.00,2282,0.00,1141,29.00,3735,3.00,1357,0.00,1250,0.00,884,0.00,1491,0.00,1713,4.00,1588,-3.00,897,-4.00,4,0.08
10829,20.00,2345,20.00,3365,20.00,1866,20.00,1505,20.00,1498,5.00,2893,-2.00,5861,13.00,4683,-3.00,1522,20.00,2071,18.00,2708,40.00,2282,2.00,1141,23.00,3735,2.00,1357,0.00,1250,0.00,883,0.00,1491,0.00,1713,2.00,1588,-2.00,897,-2.00,4,0.08
10865,20.00,2345,19.00,3365,20.00,1866,20.00,1505,20.00,1498,5.00,2893,-2.00,5861,13.00,4683,-3.00,1522,20.00,2071,20.00,2708,40.00,2282,0.00,1141,23.00,3735,4.00,1357,0.00,1250,0.00,884,0.00,1491,0.00,1713,4.00,1588,-1.00,897,-3.00,4,0.08
10901,20.00,2345,20.00,3365,20.00,1866,20.00,1505,20.00,1498,5.00,2893,-2.00,5861,13.00,4683,1.00,1522,20.00,2071,20.00,2708,40.00,2282,1.00,1141,22.00,3735,4.00,1357,0.00,1250,0.00,884,0.00,1491,0.00,1713,3.00,1588,-1.00,897,-3.00,4,0.08
10937,19.00,2345,20.00,3365,20.00,1866,20.00,1505,20.00,1498,5.00,2893,-3.00,5861,12.00,4683,-3.00,1522,20.00,2071,20.00,2708,40.00,2282,1.00,1141,24.00,3735,4.00,1357,0.00,1250,0.00,884,0.00,1491,0.00,1713,3.00,1588,-1.00,897,-4.00,4,0.08
10973,20.00,2345,20.00,3365,20.00,1866,20.00,1505,20.00,1498,5.00,2893,-2.00,5861,13.00,4683,-4.00,1522,20.00,2071,20.00,2708,40.00,2282,0.00,1141,24.00,3735,5.00,1357,0.00,1250,0.00,884,0.00,1491,0.00,1713,4.00,1588,-2.00,897,-3.00,4,0.00
11008,20.00,2345,20.00,3365,20.00,1866,20.00,1505,20.00,1498,5.00,2893,-2.00,5861,12.00,4683,-2.00,1522,20.00,2071,20.00,2708,40.00,2282,1.00,1141,24.00,3735,4.00,1357,0.00,1250,0.00,884,0.00,1491,0.00,1713,4.00,1588,-3.00,897,-4.00,4,0.00
11044,19.00,2345,19.00,3365,20.00,1866,20.00,1505,20.00,1498,5.00,2893,-3.00,5861,13.00,4683,-2.00,1522,20.00,2071,20.00,2708,39.00,2282,1.00,1141,24.00,3735,2.00,1357,0.00,1250,0.00,883,0.00,1491,0.00,1713,2.00,1588,-3.00,897,-3.00,4,0.08
11079,20.00,2345,19.00,3365,20.00,1866,20.00,1505,20.00,1498,4.00,2893,-2.00,5861,12.00,4683,-4.00,1522,20.00,2071,20.00,2708,42.00,2282,0.00,1141,23.00,3735,2.00,1357,0.00,1250,0.00,883,0.00,1491,0.00,1713,2.00,1588,-1.00,897,-5.00,4,0.00
11115,20.00,2345,19.00,3365,20.00,1866,20.00,1505,20.00,1498,5.00,2893,-2.00,5861,13.00,4683,-3.00,1522,20.00,2071,20.00,2708,40.00,2282,2.00,1141,23.00,3735,5.00,1357,0.00,1250,0.00,884,0.00,1491,0.00,1713,4.00,1588,-2.00,897,-3.00,4,0.00
11151,20.00,2345,20.00,3365,20.00,1866,20.00,1505,20.00,1498,4.00,2893,-2.00,5861,13.00,4683,-4.00,1522,20.00,2071,20.00,2708,40.00,2282,1.00,1141,24.00,3735,3.00,1357,0.00,1250,0.00,884,0.00,1491,0.00,1713,2.00,1588,-1.00,897,-4.00,4,0.32
11187,20.00,2345,20.00,3365,20.00,1866,19.00,1505,20.00,1498,5.00,2893,-2.00,5861,13.00,4683,-3.00,1522,20.00,2071,20.00,2708,40.00,2282,1.00,1141,23.00,3735,4.00,1357,0.00,1250,0.00,884,0.00,1491,0.00,1713,3.00,1588,-1.00,897,-4.00,4,0.08
11222,21.00,2345,20.00,3365,20.00,1866,20.00,1505,21.00,1498,5.00,2893,-1.00,5861,14.00,4683,-3.00,1522,20.00,2071,20.00,2708,40.00,2282,2.00,1141,29.00,3735,4.00,1357,0.00,1250,0.00,884,0.00,1491,0.00,1713,5.00,1588,-2.00,897,-3.00,4,0.08
11258,20.00,2345,20.00,3365,20.00,1866,20.00,1505,20.00,1498,5.00,2893,-2.00,5861,13.00,4683,-3.00,1522,20.00,2071,20.00,2708,40.00,2282,1.00,1141,24.00,3735,3.00,1357,0.00,1251,0.00,884,0.00,1491,0.00,1713,2.00,1588,-2.00,897,-2.00,4,0.00
11294,21.00,2345,20.00,3365,20.00,1866,20.00,1505,20.00,1498,5.00,2893,-2.00,5861,13.00,4683,-5.00,1522,20.00,2071,20.00,2708,40.00,2282,2.00,1141,25.00,3734,5.00,1357,0.00,1251,0.00,884,0.00,1491,0.00,1713,4.00,1588,-3.00,897,-4.00,4,0.24
11330,20.00,2345,20.00,3365,20.00,1866,20.00,1505,20.00,1498,5.00,2893,-2.00,5861,13.00,4683,-4.00,1522,20.00,2071,20.00,2708,40.00,2282,2.00,1141,26.00,3735,4.00,1357,0.00,1250,0.00,883,0.00,1491,0.00,1713,1.00,1588,-2.00,897,-2.00,4,0.16
11366,20.00,2345,19.00,3365,20.00,1866,20.00,1505,20.00,1498,5.00,2893,-2.00,5861,13.00,4683,-3.00,1522,20.00,2071,19.00,2708,40.00,2282,0.00,1141,28.00,3735,2.00,1357,0.00,1250,0.00,883,0.00,1491,0.00,1713,4.00,1588,-1.00,897,-2.00,4,0.08
11401,20.00,2345,20.00,3365,20.00,1866,20.00,1505,20.00,1498,4.00,2893,-3.00,5861,12.00,4683,-4.00,1522,20.00,2071,20.00,2708,40.00,2282,1.00,1141,18.00,3735,3.00,1357,0.00,1250,0.00,883,0.00,1491,0.00,1713,5.00,1588,-3.00,897,-4.00,4,0.08
11437,21.00,2345,20.00,3365,20.00,1866,20.00,1505,21.00,1498,5.00,2893,-3.00,5861,13.00,4683,-2.00,1522,20.00,2071,21.00,2708,40.00,2282,0.00,1141,22.00,3735,2.00,1357,0.00,1250,0.00,884,0.00,1491,0.00,1713,3.00,1588,-2.00,897,-2.00,4,0.08
11473,20.00,2345,20.00,3365,20.00,1866,20.00,1505,20.00,1498,4.00,2893,-3.00,5861,14.00,4683,-4.00,1522,20.00,2071,20.00,2708,40.00,2282,1.00,1141,24.00,3735,1.00,1357,0.00,1250,0.00,884,0.00,1491,0.00,1713,4.00,1588,-3.00,897,-4.00,4,0.00
11509,21.00,2345,21.00,3365,20.00,1866,20.00,1505,21.00,1498,6.00,2893,-2.00,5861,13.00,4683,-4.00,1522,20.00,2071,20.00,2708,40.00,2282,3.00,1141,24.00,3735,4.00,1357,0.00,1250,0.00,884,0.00,1491,0.00,1713,3.00,1588,-1.00,897,-2.00,4,0.08
11544,20.00,2345,20.00,3365,20.00,1866,20.00,1505,20.00,1498,5.00,2893,-3.00,5861,13.00,4683,-3.00,1522,20.00,2071,20.00,2708,40.00,2282,0.00,1141,24.00,3735,3.00,1357,0.00,1250,0.00,884,0.00,1491,0.00,1713,3.00,1588,-1.00,897,-4.00,4,0.00
11580,20.00,2345,20.00,3365,20.00,1866,20.00,1505,20.00,1498,5.00,2893,-1.00,5861,13.00,4683,-5.00,1522,21.00,2071,20.00,2708,40.00,2282,1.00,1141,22.00,3735,4.00,1357,0.00,1250,0.00,884,0.00,1491,0.00,1713,4.00,1588,-3.00,897,-2.00,4,0.08
11616,19.00,2345,21.00,3365,20.00,1866,20.00,1505,20.00,1498,5.00,2893,-2.00,5861,12.00,4683,-5.00,1522,19.00,2071,20.00,2708,40.00,2282,2.00,1141,24.00,3735,4.00,1357,0.00,1250,0.00,883,0.00,1491,0.00,1713,3.00,1588,-2.00,897,-4.00,4,0.00
11651,21.00,2345,20.00,3365,20.00,1866,20.00,1506,20.00,1498,5.00,2893,-3.00,5861,13.00,4683,-5.00,1522,20.00,2071,20.00,2708,40.00,2282,0.00,1141,21.00,3735,2.00,1357,0.00,1250,0.00,883,0.00,1491,0.00,1713,2.00,1588,-2.00,897,-4.00,4,0.08
11687,20.00,2345,20.00,3365,19.00,1866,21.00,1505,20.00,1498,5.00,2893,-3.00,5861,12.00,4683,-2.00,1522,20.00,2071,20.00,2708,40.00,2282,0.00,1141,23.00,3735,6.00,1357,0.00,1250,0.00,884,0.00,1491,0.00,1713,4.00,1588,-2.00,897,-2.00,4,0.16
11723,20.00,2345,20.00,3365,19.00,1866,20.00,1505,20.00,1498,5.00,2893,-1.00,5861,13.00,4683,-4.00,1522,20.00,2071,20.00,2708,40.00,2282,2.00,1141,21.00,3735,3.00,1357,0.00,1250,0.00,883,0.00,1491,0.00,1713,4.00,1588,-3.00,897,-2.00,4,0.16
11759,19.00,2345,20.00,3365,20.00,1866,20.00,1505,20.00,1498,5.00,2893,-2.00,5861,13.00,4683,-2.00,1522,20.00,2071,20.00,2708,40.00,2282,1.00,1141,24.00,3735,3.00,1357,0.00,1250,0.00,884,0.00,1491,0.00,1713,2.00,1588,-1.00,897,-4.00,4,0.00
11795,20.00,2345,20.00,3365,20.00,1866,20.00,1505,20.00,1498,5.00,2893,-2.00,5861,13.00,4683,-2.00,1522,20.00,2071,20.00,2708,39.00,2282,3.00,1141,29.00,3735,4.00,1357,0.00,1250,0.00,884,0.00,1491,0.00,1713,4.00,1588,-2.00,897,-2.00,4,0.00
11830,19.00,2345,20.00,3365,20.00,1866,20.00,1505,20.00,1498,5.00,2893,-1.00,5861,12.00,4683,-2.00,1522,21.00,2071,20.00,2708,40.00,2282,0.00,1141,24.00,3735,4.00,1357,0.00,1250,0.00,883,0.00,1491,0.00,1713,3.00,1588,-3.00,897,-3.00,4,0.97
11866,19.00,2345,20.00,3365,20.00,1866,20.00,1505,20.00,1498,5.00,2893,-2.00,5861,13.00,4683,-5.00,1522,20.00,2071,20.00,2708,41.00,2282,0.00,1141,27.00,3735,4.00,1357,0.00,1250,0.00,884,0.00,1491,0.00,1713,4.00,1588,-3.00,897,-4.00,4,0.00
11902,20.00,2345,20.00,3365,21.00,1866,20.00,1505,20.00,1498,5.00,2893,-1.00,5861,13.00,4683,-4.00,1522,20.00,2071,21.00,2708,40.00,2282,2.00,1141,29.00,3735,2.00,1357,0.00,1250,0.00,884,0.00,1491,0.00,1713,5.00,1588,-3.00,897,-2.00,4,0.24
11937,20.00,2345,20.00,3365,20.00,1866,21.00,1505,20.00,1498,5.00,2893,-1.00,5861,13.00,4683,-4.00,1522,20.00,2071,20.00,2708,40.00,2282,1.00,1141,23.00,3735,2.00,1357,0.00,1250,0.00,884,0.00,1491,0.00,1713,4.00,1588,-2.00,897,-2.00,4,0.00
11973,20.00,2345,20.00,3365,20.00,1866,20.00,1505,20.00,1498,5.00,2893,-2.00,5861,13.00,4683,-4.00,1522,20.00,2071,20.00,2708,40.00,2282,1.00,1141,24.00,3735,2.00,1357,0.00,1250,0.00,883,0.00,1491,0.00,1713,3.00,1588,-1.00,897,-4.00,4,0.00
12009,21.00,2345,20.00,3365,20.00,1866,20.00,1505,20.00,1498,5.00,2893,-2.00,5861,13.00,4683,-4.00,1522,19.00,2071,20.00,2708,41.00,2282,-5.00,1141,22.00,3735,4.00,1357,0.00,1250,0.00,884,0.00,1491,0.00,1713,2.00,1588,-2.00,897,-2.00,4,0.08
12044,20.00,2345,20.00,3365,20.00,1866,19.00,1505,20.00,1498,5.00,2893,-2.00,5861,13.00,4683,-4.00,1522,21.00,2071,21.00,2708,40.00,2282,1.00,1141,23.00,3735,3.00,1358,0.00,1250,0.00,883,0.00,1491,0.00,1713,3.00,1588,-3.00,897,-3.00,4,0.00
12080,20.00,2345,20.00,3365,19.00,1866,21.00,1505,20.00,1498,5.00,2893,-3.00,5861,13.00,4683,-4.00,1522,20.00,2071,20.00,2708,40.00,2282,2.00,1141,25.00,3734,6.00,1357,0.00,1251,0.00,884,0.00,1491,0.00,1713,2.00,1588,-2.00,897,-4.00,4,0.08
12116,20.00,2345,20.00,3365,19.00,1866,20.00,1505,20.00,1498,6.00,2893,-2.00,5861,13.00,4683,-4.00,1522,20.00,2071,20.00,2708,40.00,2282,1.00,1141,24.00,3735,3.00,1357,0.00,1250,0.00,883,0.00,1491,0.00,1713,2.00,1588,-2.00,897,-2.00,4,0.08
12152,21.00,2345,20.00,3365,20.00,1866,20.00,1505,20.00,1498,5.00,2893,-3.00,5861,13.00,4683,-5.00,1522,20.00,2071,20.00,2708,40.00,2282,2.00,1141,24.00,3734,4.00,1358,0.00,1250,0.00,884,0.00,1491,0.00,1713,3.00,1588,-2.00,897,-4.00,4,0.16
12187,20.00,2345,20.00,3365,20.00,1866,21.00,1505,20.00,1498,5.00,2893,-1.00,5861,13.00,4683,-3.00,1522,20.00,2071,20.00,2708,40.00,2282,0.00,1141,28.00,3735,5.00,1357,0.00,1250,0.00,884,0.00,1491,0.00,1713,3.00,1588,-2.00,897,-3.00,4,0.08
12223,20.00,2345,20.00,3365,20.00,1866,20.00,1505,20.00,1498,5.00,2893,-3.00,5861,14.00,4683,-3.00,1522,20.00,2071,20.00,2708,40.00,2282,0.00,1141,23.00,3735,-6.00,1357,0.00,1250,0.00,883,0.00,1491,0.00,1713,2.00,1588,-1.00,897,-4.00,4,0.08
12259,20.00,2345,20.00,3365,20.00,1866,20.00,1505,20.00,1498,4.00,2893,-2.00,5861,13.00,4683,-3.00,1522,20.00,2071,21.00,2708,40.00,2282,0.00,1141,23.00,3735,2.00,1357,0.00,1250,0.00,884,0.00,1491,0.00,1713,2.00,1588,-1.00,897,-2.00,4,0.16
12295,20.00,2345,20.00,3365,20.00,1866,20.00,1505,19.00,1498,5.00,2893,-2.00,5861,13.00,4683,-4.00,1522,20.00,2071,20.00,2708,40.00,2282,0.00,1141,24.00,3734,4.00,1357,0.00,1250,0.00,884,0.00,1491,0.00,1713,4.00,1588,-2.00,897,-4.00,4,0.08
12330,21.00,2345,20.00,3365,20.00,1866,20.00,1505,20.00,1498,5.00,2893,-2.00,5861,13.00,4683,-3.00,1522,20.00,2071,20.00,2708,40.00,2282,2.00,1141,24.00,3735,3.00,1357,0.00,1250,0.00,884,0.00,1491,0.00,1713,2.00,1588,-3.00,897,-3.00,4,0.00
12366,20.00,2345,20.00,3365,20.00,1866,20.00,1505,20.00,1498,5.00,2893,-2.00,5861,12.00,4683,-3.00,1522,20.00,2071,20.00,2708,40.00,2282,0.00,1141,30.00,3734,3.00,1357,0.00,1250,0.00,884,0.00,1491,0.00,1713,3.00,1588,-1.00,897,-3.00,4,0.00
12402,20.00,2345,20.00,3365,20.00,1866,21.00,1505,20.00,1498,5.00,2893,-3.00,5861,13.00,4683,-2.00,1522,20.00,2071,20.00,2708,40.00,2282,1.00,1141,23.00,3735,4.00,1357,0.00,1250,0.00,884,0.00,1491,0.00,1713,4.00,1588,-2.00,897,-3.00,4,0.08
12438,20.00,2345,20.00,3365,20.00,1866,20.00,1505,21.00,1498,5.00,2893,-2.00,5861,13.00,4683,-3.00,1522,20.00,2071,19.00,2708,40.00,2282,2.00,1141,27.00,3735,2.00,1357,0.00,1250,0.00,884,0.00,1491,0.00,1713,4.00,1588,-1.00,897,-4.00,4,0.08
12474,21.00,2345,20.00,3365,20.00,1866,20.00,1505,21.00,1498,5.00,2893,-2.00,5861,13.00,4683,-3.00,1522,20.00,2071,20.00,2708,39.00,2282,1.00,1141,22.00,3734,3.00,1358,0.00,1250,0.00,884,0.00,1491,0.00,1713,2.00,1588,-2.00,897,-4.00,4,0.00
12509,21.00,2345,20.00,3365,20.00,1866,20.00,1505,19.00,1498,5.00,2893,-2.00,5861,13.00,4683,-3.00,1522,20.00,2071,20.00,2708,40.00,2282,0.00,1141,23.00,3735,4.00,1357,0.00,1250,0.00,883,0.00,1491,0.00,1713,2.00,1588,-2.00,897,-4.00,4,0.08
12545,20.00,2345,20.00,3365,19.00,1866,20.00,1505,20.00,1498,5.00,2893,-2.00,5861,13.00,4683,-3.00,1522,20.00,2071,20.00,2708,40.00,2282,1.00,1141,23.00,3735,4.00,1357,0.00,1250,0.00,884,0.00,1491,0.00,1713,4.00,1588,-3.00,897,-3.00,4,0.00
12581,20.00,2345,20.00,3365,20.00,1866,21.00,1505,20.00,1498,4.00,2893,-2.00,5861,13.00,4683,-5.00,1522,20.00,2071,20.00,2708,40.00,2282,2.00,1141,26.00,3735,3.00,1357,0.00,1250,0.00,884,0.00,1491,0.00,1713,3.00,1588,-2.00,897,-3.00,4,0.24
12616,20.00,2345,20.00,3365,20.00,1866,19.00,1505,20.00,1498,5.00,2893,-3.00,5861,13.00,4683,-5.00,1522,19.00,2071,20.00,2708,40.00,2282,1.00,1141,27.00,3735,3.00,1358,0.00,1250,0.00,883,0.00,1491,0.00,1713,1.00,1588,-2.00,897,-4.00,4,0.08
12652,21.00,2345,20.00,3365,20.00,1866,20.00,1505,20.00,1498,5.00,2893,-2.00,5861,13.00,4683,-4.00,1522,20.00,2071,20.00,2708,40.00,2282,1.00,1141,23.00,3735,3.00,1357,0.00,1250,0.00,884,0.00,1491,0.00,1713,3.00,1588,-2.00,897,-5.00,4,0.16
12688,20.00,2345,20.00,3365,20.00,1866,19.00,1505,20.00,1498,5.00,2893,-3.00,5861,13.00,4683,-3.00,1522,20.00,2071,20.00,2708,40.00,2282,2.00,1141,22.00,3735,5.00,1357,0.00,1250,0.00,884,0.00,1491,0.00,1713,3.00,1588,-2.00,897,-2.00,4,0.00
12724,19.00,2345,20.00,3365,20.00,1866,20.00,1505,21.00,1498,5.00,2893,-3.00,5861,13.00,4683,-2.00,1522,20.00,2071,19.00,2708,40.00,2282,0.00,1141,23.00,3734,2.00,1357,0.00,1250,0.00,884,0.00,1491,0.00,1713,3.00,1588,-1.00,897,-4.00,4,0.00
12759,21.00,2345,20.00,3365,20.00,1866,20.00,1505,20.00,1498,5.00,2893,-2.00,5861,13.00,4683,-4.00,1522,20.00,2071,20.00,2708,40.00,2282,1.00,1141,23.00,3735,2.00,1357,0.00,1250,0.00,884,0.00,1491,0.00,1713,4.00,1588,-2.00,897,-3.00,4,0.16
12795,19.00,2345,21.00,3365,19.00,1866,20.00,1505,20.00,1498,5.00,2893,-3.00,5861,13.00,4683,-2.00,1522,20.00,2071,21.00,2708,40.00,2282,0.00,1141,22.00,3735,4.00,1357,0.00,1250,0.00,884,0.00,1491,0.00,1713,2.00,1588,-1.00,897,-3.00,4,0.16
12831,19.00,2345,21.00,3365,20.00,1866,20.00,1505,20.00,1498,5.00,2893,-2.00,5861,13.00,4683,-2.00,1522,20.00,2071,20.00,2708,40.00,2282,2.00,1141,23.00,3734,2.00,1357,0.00,1250,0.00,884,0.00,1491,0.00,1713,3.00,1588,-3.00,897,-3.00,4,0.24
12866,20.00,2345,20.00,3365,20.00,1866,21.00,1505,20.00,1498,5.00,2893,-2.00,5861,13.00,4683,-3.00,1522,20.00,2071,20.00,2708,40.00,2282,3.00,1141,24.00,3735,2.00,1357,0.00,1250,0.00,884,0.00,1491,0.00,1713,2.00,1588,-1.00,897,-3.00,4,0.24
12902,19.00,2345,20.00,3365,20.00,1866,20.00,1505,20.00,1498,5.00,2893,-2.00,5861,13.00,4683,-4.00,1522,20.00,2071,20.00,2708,40.00,2282,0.00,1141,30.00,3735,4.00,1357,0.00,1250,0.00,884,0.00,1491,0.00,1713,4.00,1588,-3.00,897,-4.00,4,0.08
12938,20.00,2345,21.00,3365,20.00,1866,20.00,1505,20.00,1498,5.00,2893,-2.00,5861,13.00,4683,-2.00,1522,20.00,2071,20.00,2708,40.00,2282,0.00,1141,24.00,3734,4.00,1357,0.00,1250,0.00,883,0.00,1491,0.00,1713,2.00,1588,-1.00,897,-4.00,4,0.00
12973,20.00,2345,18.00,3365,20.00,1866,21.00,1505,20.00,1498,5.00,2893,-2.00,5861,13.00,4683,-4.00,1522,20.00,2071,20.00,2708,40.00,2282,1.00,1141,27.00,3735,3.00,1357,0.00,1250,0.00,884,0.00,1491,0.00,1713,3.00,1588,-2.00,897,-4.00,4,0.16
13009,20.00,2345,20.00,3365,19.00,1866,20.00,1505,20.00,1498,5.00,2893,-1.00,5861,13.00,4683,-2.00,1522,20.00,2071,19.00,2708,40.00,2282,1.00,1141,23.00,3735,2.00,1357,0.00,1250,0.00,883,0.00,1491,0.00,1713,5.00,1588,-1.00,897,-4.00,4,0.16
13045,20.00,2345,20.00,3365,20.00,1866,20.00,1505,20.00,1498,5.00,2893,-2.00,5861,13.00,4683,-5.00,1521,20.00,2071,20.00,2708,40.00,2282,1.00,1141,25.00,3735,4.00,1357,0.00,1251,0.00,884,0.00,1491,0.00,1713,3.00,1588,-3.00,897,-4.00,4,0.08
13080,21.00,2345,21.00,3365,20.00,1866,20.00,1505,20.00,1498,5.00,2893,-1.00,5861,13.00,4683,-4.00,1522,20.00,2071,20.00,2708,39.00,2282,1.00,1141,23.00,3735,4.00,1357,0.00,1250,0.00,884,0.00,1491,0.00,1713,2.00,1588,-1.00,897,-2.00,4,0.32
13116,20.00,2345,20.00,3365,20.00,1866,20.00,1505,20.00,1498,5.00,2893,-2.00,5861,13.00,4683,-4.00,1522,20.00,2071,20.00,2708,40.00,2282,1.00,1141,23.00,3735,2.00,1357,0.00,1250,0.00,884,0.00,1491,0.00,1713,3.00,1588,-3.00,897,-3.00,4,0.08
13152,20.00,2345,21.00,3365,20.00,1866,20.00,1505,20.00,1498,6.00,2893,-3.00,5861,12.00,4683,-4.00,1522,20.00,2071,20.00,2708,40.00,2282,1.00,1141,29.00,3735,4.00,1357,0.00,1250,0.00,884,0.00,1491,0.00,1713,3.00,1588,-1.00,897,-3.00,4,0.08
13188,20.00,2345,20.00,3365,20.00,1866,20.00,1505,20.00,1498,5.00,2893,-2.00,5861,13.00,4683,-4.00,1522,20.00,2071,20.00,2708,39.00,2282,1.00,1141,24.00,3734,5.00,1357,0.00,1250,0.00,884,0.00,1491,0.00,1713,3.00,1588,-1.00,897,-4.00,4,0.08
13223,21.00,2345,20.00,3365,20.00,1866,20.00,1505,20.00,1498,5.00,2893,-2.00,5861,13.00,4683,-4.00,1522,20.00,2071,19.00,2708,39.00,2282,2.00,1141,23.00,3735,4.00,1357,0.00,1250,0.00,884,0.00,1491,0.00,1713,4.00,1588,-1.00,897,-4.00,4,0.16
13259,20.00,2345,21.00,3365,20.00,1866,20.00,1505,20.00,1498,5.00,2893,-2.00,5861,13.00,4683,-5.00,1522,20.00,2071,20.00,2708,40.00,2282,0.00,1141,23.00,3734,3.00,1357,0.00,1251,0.00,884,0.00,1491,0.00,1713,3.00,1588,-2.00,897,-3.00,4,0.08
13295,20.00,2345,20.00,3365,20.00,1866,20.00,1505,20.00,1498,6.00,2893,-2.00,5861,13.00,4683,-3.00,1522,20.00,2071,20.00,2708,40.00,2282,1.00,1141,25.00,3735,4.00,1357,0.00,1250,0.00,884,0.00,1491,0.00,1713,4.00,1588,-2.00,897,-3.00,4,0.08
13331,20.00,2345,20.00,3365,20.00,1866,20.00,1505,20.00,1498,5.00,2893,-3.00,5861,13.00,4683,-4.00,1521,20.00,2071,20.00,2708,40.00,2282,1.00,1141,24.00,3735,4.00,1357,0.00,1250,0.00,883,0.00,1491,0.00,1713,2.00,1588,-2.00,897,-3.00,4,0.00
13366,20.00,2345,20.00,3365,20.00,1866,20.00,1505,20.00,1498,5.00,2893,-2.00,5861,13.00,4683,-4.00,1522,20.00,2071,20.00,2708,40.00,2282,1.00,1141,23.00,3735,3.00,1357,0.00,1250,0.00,884,0.00,1491,0.00,1713,5.00,1588,-2.00,897,-2.00,4,0.16
13402,21.00,2345,20.00,3365,20.00,1866,19.00,1505,20.00,1498,5.00,2893,-1.00,5861,13.00,4683,-5.00,1522,20.00,2071,20.00,2708,40.00,2282,0.00,1141,23.00,3735,5.00,1357,0.00,1250,0.00,884,0.00,1491,0.00,1713,2.00,1588,-1.00,897,-2.00,4,0.08
13438,20.00,2345,20.00,3365,20.00,1866,21.00,1505,20.00,1498,5.00,2893,-3.00,5861,13.00,4683,-4.00,1522,20.00,2071,20.00,2708,40.00,2282,1.00,1141,23.00,3735,-9.00,1357,0.00,1250,0.00,884,0.00,1491,0.00,1713,2.00,1588,-3.00,897,-4.00,4,0.08
13474,20.00,2345,20.00,3365,19.00,1866,20.00,1505,20.00,1498,5.00,2893,-3.00,5861,13.00,4683,-3.00,1522,20.00,2071,20.00,2708,40.00,2282,2.00,1141,23.00,3735,4.00,1357,0.00,1250,0.00,883,0.00,1491,0.00,1713,4.00,1588,-1.00,897,-3.00,4,0.00
13509,20.00,2345,20.00,3365,19.00,1866,20.00,1505,20.00,1498,5.00,2893,-3.00,5861,13.00,4683,-4.00,1522,19.00,2071,20.00,2708,39.00,2282,2.00,1141,23.00,3735,3.00,1357,0.00,1250,0.00,883,0.00,1491,0.00,1713,1.00,1588,-3.00,897,-2.00,4,0.40
13545,20.00,2345,20.00,3365,20.00,1866,20.00,1505,20.00,1498,5.00,2893,-2.00,5861,13.00,4683,-3.00,1522,20.00,2071,21.00,2708,40.00,2282,0.00,1141,24.00,3735,4.00,1357,0.00,1250,0.00,883,0.00,1491,0.00,1713,1.00,1588,-2.00,897,-4.00,4,0.08
13581,20.00,2345,20.00,3365,20.00,1866,20.00,1505,20.00,1498,5.00,2893,-2.00,5861,13.00,4683,-2.00,1522,20.00,2071,19.00,2708,40.00,2282,1.00,1141,23.00,3735,4.00,1357,0.00,1250,0.00,884,0.00,1491,0.00,1713,3.00,1588,-2.00,897,-3.00,4,0.16
13616,19.00,2345,20.00,3365,20.00,1866,20.00,1505,20.00,1498,5.00,2893,-2.00,5861,13.00,4683,-4.00,1522,20.00,2071,20.00,2708,40.00,2282,-6.00,1141,23.00,3735,3.00,1357,0.00,1250,0.00,884,0.00,1491,0.00,1713,2.00,1588,-2.00,897,-4.00,4,0.24
13652,20.00,2345,20.00,3365,21.00,1866,21.00,1505,20.00,1498,5.00,2893,-1.00,5861,13.00,4683,-3.00,1522,20.00,2071,20.00,2708,40.00,2282,1.00,1141,25.00,3734,5.00,1357,0.00,1250,0.00,883,0.00,1491,0.00,1713,1.00,1588,-2.00,897,-2.00,4,0.00
13688,20.00,2345,20.00,3365,19.00,1866,20.00,1505,20.00,1498,5.00,2893,-1.00,5861,13.00,4683,-4.00,1522,20.00,2071,20.00,2708,40.00,2282,0.00,1141,24.00,3735,2.00,1358,0.00,1250,0.00,883,0.00,1491,0.00,1713,3.00,1588,-1.00,897,-3.00,4,0.00
13724,20.00,2345,20.00,3365,19.00,1866,20.00,1505,22.00,1498,5.00,2893,-2.00,5861,13.00,4683,-2.00,1522,20.00,2071,20.00,2708,40.00,2282,1.00,1141,29.00,3735,3.00,1357,0.00,1251,0.00,883,0.00,1491,0.00,1713,2.00,1588,-2.00,897,-2.00,4,0.08
13759,20.00,2345,20.00,3365,20.00,1866,20.00,1505,20.00,1498,5.00,2893,-1.00,5861,13.00,4683,-4.00,1522,20.00,2071,21.00,2708,41.00,2282,2.00,1141,23.00,3735,4.00,1357,0.00,1250,0.00,884,0.00,1491,0.00,1713,4.00,1588,-2.00,897,-4.00,4,0.16
13795,20.00,2345,20.00,3365,20.00,1866,19.00,1505,20.00,1498,5.00,2893,-2.00,5861,13.00,4683,-3.00,1522,20.00,2071,21.00,2708,41.00,2282,1.00,1141,24.00,3735,4.00,1357,0.00,1250,0.00,884,0.00,1491,0.00,1713,4.00,1588,-3.00,897,-4.00,4,0.08
13831,20.00,2345,20.00,3365,20.00,1866,20.00,1505,20.00,1498,5.00,2893,-3.00,5861,13.00,4683,-4.00,1521,20.00,2071,20.00,2708,40.00,2282,1.00,1141,22.00,3735,2.00,1357,0.00,1250,0.00,884,0.00,1491,0.00,1713,2.00,1588,-1.00,897,-2.00,4,0.16
13867,20.00,2345,20.00,3365,20.00,1866,20.00,1505,20.00,1498,5.00,2893,-3.00,5861,14.00,4683,-4.00,1522,20.00,2071,20.00,2708,40.00,2282,1.00,1141,23.00,3735,2.00,1357,0.00,1250,0.00,884,0.00,1491,0.00,1713,4.00,1588,-3.00,897,-3.00,4,0.08
13903,20.00,2345,20.00,3365,21.00,1865,20.00,1505,20.00,1498,5.00,2893,-2.00,5861,14.00,4683,-2.00,1522,20.00,2071,20.00,2708,40.00,2282,0.00,1141,24.00,3735,3.00,1357,0.00,1250,0.00,883,0.00,1491,0.00,1713,2.00,1588,-2.00,897,-3.00,4,0.08
13938,20.00,2345,20.00,3365,20.00,1866,20.00,1505,20.00,1498,5.00,2893,-2.00,5861,13.00,4683,-3.00,1522,20.00,2071,20.00,2708,40.00,2282,0.00,1141,21.00,3734,-4.00,1357,0.00,1251,0.00,883,0.00,1491,0.00,1713,2.00,1588,-2.00,897,-4.00,4,0.08
13974,20.00,2345,20.00,3365,20.00,1866,20.00,1505,20.00,1498,5.00,2893,-2.00,5861,13.00,4683,-2.00,1522,20.00,2071,20.00,2708,40.00,2282,2.00,1141,23.00,3735,3.00,1357,0.00,1250,0.00,884,0.00,1491,0.00,1713,2.00,1588,-1.00,897,-4.00,4,0.08
14010,20.00,2345,20.00,3365,20.00,1866,20.00,1505,20.00,1498,5.00,2893,-2.00,5861,13.00,4683,-3.00,1522,20.00,2071,20.00,2708,40.00,2282,1.00,1141,23.00,3735,3.00,1357,0.00,1250,0.00,883,0.00,1491,0.00,1713,4.00,1588,-2.00,897,-3.00,4,0.00
14046,20.00,2345,20.00,3365,20.00,1866,21.00,1505,20.00,1498,5.00,2893,-1.00,5861,13.00,4683,-5.00,1522,20.00,2071,20.00,2708,40.00,2282,0.00,1141,27.00,3735,2.00,1357,0.00,1250,0.00,883,0.00,1491,0.00,1713,3.00,1588,-3.00,897,-2.00,4,0.08
14081,20.00,2345,20.00,3365,20.00,1866,20.00,1505,20.00,1498,5.00,2893,-2.00,5861,13.00,4683,-3.00,1522,20.00,2071,20.00,2708,40.00,2282,1.00,1141,24.00,3735,3.00,1357,0.00,1250,0.00,884,0.00,1491,0.00,1713,4.00,1588,-1.00,897,-4.00,4,0.24
14117,20.00,2345,20.00,3365,19.00,1866,20.00,1505,20.00,1498,5.00,2893,-2.00,5861,13.00,4683,-2.00,1522,20.00,2071,20.00,2708,40.00,2282,0.00,1141,24.00,3735,3.00,1357,0.00,1250,0.00,884,0.00,1491,0.00,1713,2.00,1588,-1.00,897,-4.00,4,0.08
14153,20.00,2345,20.00,3365,20.00,1866,20.00,1505,20.00,1498,5.00,2893,-1.00,5861,13.00,4683,-3.00,1522,20.00,2071,20.00,2708,40.00,2282,1.00,1141,23.00,3735,4.00,1357,0.00,1250,0.00,884,0.00,1491,0.00,1713,3.00,1588,-2.00,897,-3.00,4,0.08
14188,20.00,2345,20.00,3365,19.00,1866,20.00,1505,20.00,1498,5.00,2893,-2.00,5861,13.00,4683,4.00,1522,20.00,2071,20.00,2708,40.00,2282,0.00,1141,24.00,3735,4.00,1357,0.00,1250,0.00,884,0.00,1491,0.00,1713,4.00,1588,-1.00,897,-2.00,4,0.08
14224,20.00,2345,20.00,3365,21.00,1866,20.00,1505,20.00,1498,5.00,2893,-1.00,5861,13.00,4683,-4.00,1522,20.00,2071,21.00,2708,40.00,2282,1.00,1141,24.00,3735,4.00,1357,0.00,1250,0.00,883,0.00,1491,0.00,1713,1.00,1588,-1.00,897,-4.00,4,0.08
14260,20.00,2345,20.00,3365,20.00,1866,20.00,1505,20.00,1498,6.00,2893,-1.00,5861,13.00,4683,-4.00,1522,20.00,2071,20.00,2708,40.00,2282,1.00,1141,24.00,3735,4.00,1357,0.00,1250,0.00,883,0.00,1491,0.00,1713,3.00,1588,-2.00,897,-2.00,4,0.08
14296,20.00,2345,20.00,3365,20.00,1866,20.00,1505,20.00,1498,5.00,2893,-2.00,5861,13.00,4683,-5.00,1522,20.00,2071,20.00,2708,40.00,2282,2.00,1141,23.00,3735,2.00,1357,0.00,1250,0.00,883,0.00,1491,0.00,1713,5.00,1588,-2.00,897,-3.00,4,0.00
14331,19.00,2345,20.00,3365,20.00,1866,20.00,1505,20.00,1498,5.00,2893,-3.00,5861,13.00,4683,-3.00,1522,20.00,2071,20.00,2708,41.00,2282,2.00,1141,23.00,3735,2.00,1357,0.00,1250,0.00,884,0.00,1491,0.00,1713,5.00,1588,-2.00,897,-4.00,4,0.40
14367,20.00,2345,20.00,3365,19.00,1866,20.00,1505,19.00,1498,5.00,2893,-2.00,5861,13.00,4683,-4.00,1522,20.00,2071,20.00,2708,40.00,2282,0.00,1141,25.00,3735,3.00,1357,0.00,1250,0.00,883,0.00,1491,0.00,1713,4.00,1588,-2.00,897,-3.00,4,0.08
14403,20.00,2345,20.00,3365,19.00,1866,20.00,1505,20.00,1498,4.00,2893,-2.00,5861,13.00,4683,-3.00,1522,20.00,2071,20.00,2708,40.00,2282,1.00,1141,29.00,3735,3.00,1357,0.00,1251,0.00,884,0.00,1491,0.00,1713,4.00,1588,-1.00,897,-4.00,4,0.16
14439,20.00,2345,21.00,3365,20.00,1866,21.00,1505,20.00,1498,5.00,2893,-3.00,5861,13.00,4683,-7.00,1522,20.00,2071,20.00,2708,40.00,2282,0.00,1141,24.00,3734,4.00,1357,0.00,1250,0.00,883,0.00,1491,0.00,1713,4.00,1588,-3.00,897,-2.00,4,0.00
14474,20.00,2345,20.00,3365,20.00,1866,20.00,1505,20.00,1498,5.00,2893,-2.00,5861,13.00,4683,-4.00,1522,19.00,2071,21.00,2708,40.00,2282,0.00,1141,23.00,3735,4.00,1357,0.00,1251,0.00,884,0.00,1491,0.00,1713,1.00,1588,-2.00,897,-2.00,4,0.00
14510,20.00,2345,20.00,3365,20.00,1866,20.00,1505,20.00,1498,5.00,2893,-2.00,5861,13.00,4683,-3.00,1522,20.00,2071,20.00,2708,40.00,2282,2.00,1141,23.00,3735,2.00,1357,0.00,1250,0.00,884,0.00,1491,0.00,1713,3.00,1588,-1.00,897,-4.00,4,0.16
14546,20.00,2345,20.00,3365,20.00,1866,20.00,1505,20.00,1498,5.00,2893,-2.00,5861,13.00,4683,-2.00,1522,20.00,2071,20.00,2708,40.00,2282,2.00,1141,24.00,3735,4.00,1357,0.00,1250,0.00,884,0.00,1491,0.00,1713,5.00,1588,-1.00,897,-4.00,4,0.16
14581,19.00,2345,19.00,3365,20.00,1866,20.00,1505,19.00,1498,5.00,2893,-3.00,5861,13.00,4683,-2.00,1522,20.00,2071,20.00,2708,40.00,2282,1.00,1141,20.00,3735,7.00,1357,0.00,1250,0.00,884,0.00,1491,0.00,1713,2.00,1588,-2.00,897,-3.00,4,0.16
14617,20.00,2345,20.00,3365,20.00,1866,20.00,1505,20.00,1498,5.00,2893,-2.00,5861,13.00,4683,-4.00,1522,20.00,2071,20.00,2708,40.00,2282,0.00,1141,24.00,3735,5.00,1357,0.00,1250,0.00,884,0.00,1491,0.00,1713,2.00,1588,-3.00,897,-3.00,4,0.00
14653,20.00,2345,20.00,3365,21.00,1866,20.00,1505,20.00,1498,5.00,2893,-1.00,5861,13.00,4683,-3.00,1522,20.00,2071,20.00,2708,40.00,2282,0.00,1141,20.00,3735,4.00,1357,0.00,1250,0.00,883,0.00,1491,0.00,1713,2.00,1588,-3.00,897,-2.00,4,0.08
14688,21.00,2345,21.00,3365,20.00,1866,20.00,1505,20.00,1498,5.00,2893,-3.00,5861,13.00,4683,-2.00,1522,20.00,2071,20.00,2708,40.00,2282,0.00,1141,24.00,3735,1.00,1357,0.00,1250,0.00,884,0.00,1491,0.00,1713,4.00,1588,-3.00,897,-4.00,4,0.08
14724,19.00,2345,20.00,3365,20.00,1866,21.00,1505,20.00,1498,5.00,2893,-2.00,5861,13.00,4683,-4.00,1522,20.00,2071,20.00,2708,40.00,2282,2.00,1141,24.00,3735,5.00,1357,0.00,1250,0.00,884,0.00,1491,0.00,1713,4.00,1588,-2.00,897,-3.00,4,0.08
14760,20.00,2345,21.00,3365,19.00,1866,20.00,1506,20.00,1498,5.00,2893,-2.00,5861,13.00,4683,-4.00,1522,20.00,2071,20.00,2708,39.00,2282,1.00,1141,24.00,3735,4.00,1357,0.00,1250,0.00,884,0.00,1491,0.00,1713,4.00,1588,-3.00,897,-4.00,4,0.08
14795,20.00,2345,20.00,3365,20.00,1866,20.00,1505,20.00,1498,5.00,2893,-3.00,5861,13.00,4683,-3.00,1522,20.00,2071,20.00,2708,40.00,2282,2.00,1141,24.00,3735,3.00,1357,0.00,1250,0.00,884,0.00,1491,0.00,1713,3.00,1588,-1.00,897,-2.00,4,0.08
14831,20.00,2345,19.00,3365,20.00,1866,19.00,1505,19.00,1498,5.00,2893,-2.00,5861,12.00,4683,-2.00,1522,20.00,2071,20.00,2708,40.00,2282,2.00,1141,24.00,3735,4.00,1357,0.00,1250,0.00,883,0.00,1491,0.00,1713,4.00,1588,-1.00,897,-4.00,4,0.48
14867,20.00,2345,20.00,3365,21.00,1866,20.00,1505,20.00,1498,5.00,2893,-2.00,5861,13.00,4683,-2.00,1522,20.00,2071,21.00,2708,40.00,2282,2.00,1141,24.00,3735,4.00,1357,0.00,1250,0.00,884,0.00,1491,0.00,1713,3.00,1588,-2.00,897,-4.00,4,0.08
14903,20.00,2345,20.00,3365,20.00,1866,20.00,1505,20.00,1498,4.00,2893,-2.00,5861,13.00,4683,-3.00,1522,20.00,2071,20.00,2708,40.00,2282,1.00,1141,24.00,3735,2.00,1357,0.00,1250,0.00,883,0.00,1491,0.00,1713,1.00,1588,-2.00,897,-3.00,4,0.24
14938,20.00,2345,20.00,3365,19.00,1866,20.00,1505,21.00,1498,5.00,2893,-3.00,5861,13.00,4683,-4.00,1521,20.00,2071,20.00,2708,40.00,2282,1.00,1141,23.00,3735,3.00,1357,0.00,1250,0.00,883,0.00,1491,0.00,1713,3.00,1588,-2.00,897,-3.00,4,0.08
14974,20.00,2345,20.00,3365,20.00,1866,20.00,1505,20.00,1498,5.00,2893,-2.00,5861,13.00,4683,-4.00,1522,20.00,2071,20.00,2708,40.00,2282,3.00,1141,24.00,3735,5.00,1357,0.00,1250,0.00,884,0.00,1491,0.00,1713,4.00,1588,-3.00,897,-3.00,4,0.00
15010,20.00,2345,20.00,3365,20.00,1866,21.00,1505,20.00,1498,5.00,2893,-3.00,5861,13.00,4683,-4.00,1522,20.00,2071,20.00,2708,40.00,2282,1.00,1141,26.00,3735,2.00,1357,0.00,1250,0.00,884,0.00,1491,0.00,1713,3.00,1588,-2.00,897,-2.00,4,0.16
15046,21.00,2345,20.00,3365,20.00,1866,20.00,1505,20.00,1498,5.00,2893,-2.00,5861,13.00,4683,-3.00,1522,20.00,2071,19.00,2708,40.00,2282,0.00,1141,28.00,3734,4.00,1357,0.00,1250,0.00,884,0.00,1491,0.00,1713,1.00,1588,-1.00,897,-4.00,4,0.24
15081,20.00,2345,20.00,3365,20.00,1866,20.00,1505,20.00,1498,5.00,2893,-1.00,5861,13.00,4683,-2.00,1522,20.00,2071,20.00,2708,40.00,2282,2.00,1141,23.00,3735,1.00,1357,0.00,1250,0.00,883,0.00,1491,0.00,1713,1.00,1588,-3.00,897,-4.00,4,0.08
15117,21.00,2345,20.00,3365,20.00,1866,20.00,1505,20.00,1498,5.00,2893,-2.00,5861,13.00,4683,-1.00,1522,20.00,2071,20.00,2708,40.00,2282,2.00,1141,23.00,3735,4.00,1357,0.00,1250,0.00,884,0.00,1491,0.00,1713,5.00,1588,-2.00,897,-4.00,4,0.00
15153,19.00,2345,20.00,3365,20.00,1866,20.00,1505,20.00,1498,5.00,2893,-2.00,5861,13.00,4683,-2.00,1522,20.00,2071,20.00,2708,40.00,2282,0.00,1141,28.00,3735,3.00,1357,0.00,1250,0.00,883,0.00,1491,0.00,1713,3.00,1588,-3.00,897,-4.00,4,0.00
15188,20.00,2345,20.00,3365,20.00,1866,19.00,1505,19.00,1498,4.00,2893,-3.00,5861,13.00,4683,1.00,1522,20.00,2071,19.00,2708,40.00,2282,1.00,1141,25.00,3735,4.00,1357,0.00,1250,0.00,883,0.00,1491,0.00,1713,4.00,1588,-1.00,897,-4.00,4,0.08
15224,20.00,2345,19.00,3365,21.00,1866,19.00,1505,20.00,1498,5.00,2893,-2.00,5861,13.00,4683,-4.00,1522,20.00,2071,20.00,2708,40.00,2282,2.00,1141,23.00,3734,5.00,1357,0.00,1250,0.00,884,0.00,1491,0.00,1713,2.00,1588,-2.00,897,-2.00,4,0.08
15260,20.00,2345,20.00,3365,20.00,1866,20.00,1505,20.00,1498,5.00,2893,-3.00,5861,13.00,4683,-2.00,1522,20.00,2071,20.00,2708,40.00,2282,1.00,1141,23.00,3735,3.00,1357,0.00,1250,0.00,884,0.00,1491,0.00,1713,4.00,1588,-3.00,897,-3.00,4,0.08
15296,19.00,2345,20.00,3365,21.00,1866,20.00,1505,19.00,1498,5.00,2893,-2.00,5861,13.00,4683,-5.00,1522,21.00,2071,20.00,2708,40.00,2282,3.00,1141,24.00,3734,5.00,1357,0.00,1250,0.00,884,0.00,1491,0.00,1713,3.00,1588,-3.00,897,-3.00,4,0.00
15331,20.00,2345,20.00,3365,20.00,1866,20.00,1505,20.00,1498,5.00,2893,-2.00,5861,13.00,4683,-4.00,1522,20.00,2071,20.00,2708,40.00,2282,0.00,1141,23.00,3735,3.00,1357,0.00,1250,0.00,884,0.00,1491,0.00,1713,4.00,1588,-2.00,897,-2.00,4,0.08
15367,20.00,2345,20.00,3365,20.00,1866,20.00,1505,20.00,1498,5.00,2893,-3.00,5861,13.00,4683,-4.00,1522,20.00,2071,20.00,2708,40.00,2282,1.00,1141,24.00,3735,2.00,1357,0.00,1250,0.00,884,0.00,1491,0.00,1713,3.00,1588,-2.00,897,-2.00,4,0.08
15403,20.00,2345,20.00,3365,21.00,1866,20.00,1506,20.00,1498,5.00,2893,-1.00,5861,13.00,4683,4.00,1522,20.00,2071,21.00,2708,40.00,2282,0.00,1141,22.00,3735,6.00,1357,0.00,1250,0.00,884,0.00,1491,0.00,1713,3.00,1588,-1.00,897,-3.00,4,0.08
15439,21.00,2345,20.00,3365,20.00,1866,20.00,1505,20.00,1498,5.00,2893,-2.00,5861,13.00,4683,-3.00,1522,21.00,2071,20.00,2708,39.00,2282,1.00,1141,28.00,3735,2.00,1357,0.00,1250,0.00,884,0.00,1491,0.00,1713,2.00,1588,-1.00,897,-4.00,4,0.08
15474,20.00,2345,20.00,3365,20.00,1866,20.00,1505,20.00,1498,5.00,2893,-2.00,5861,13.00,4683,-2.00,1522,20.00,2071,19.00,2708,40.00,2282,0.00,1141,24.00,3735,2.00,1357,0.00,1250,0.00,884,0.00,1491,0.00,1713,4.00,1588,-3.00,897,-2.00,4,0.00
15510,20.00,2345,19.00,3365,20.00,1866,20.00,1505,20.00,1498,4.00,2893,-3.00,5861,13.00,4683,-4.00,1522,20.00,2071,21.00,2708,40.00,2282,1.00,1141,23.00,3735,2.00,1357,0.00,1250,0.00,884,0.00,1491,0.00,1713,4.00,1588,-1.00,897,-3.00,4,0.24