35,20.00,2430,20.00,3149,20.00,1781,20.00,1447,20.00,1349,4.00,2894,-2.00,5861,27.00,4669,-4.00,1522,20.00,1859,20.00,2495,40.00,2272,-1.00,1144,99.00,3656,4.00,1357,0.00,1277,0.00,1061,0.00,1625,0.00,1781,3.00,1588,-1.00,896,-4.00,5,0.16
71,21.00,2430,19.00,3149,20.00,1781,20.00,1447,20.00,1349,3.00,2894,-1.00,5861,27.00,4669,-2.00,1522,20.00,1859,20.00,2495,40.00,2272,-1.00,1144,100.00,3656,2.00,1357,0.00,1277,0.00,1060,0.00,1625,0.00,1781,3.00,1588,0.00,896,-5.00,5,0.08
107,19.00,2430,20.00,3148,20.00,1781,20.00,1447,20.00,1349,4.00,2894,-2.00,5861,27.00,4669,-2.00,1522,20.00,1859,20.00,2495,39.00,2272,-2.00,1144,101.00,3656,4.00,1357,0.00,1277,0.00,1060,0.00,1625,0.00,1781,1.00,1588,0.00,896,-4.00,5,0.16
142,19.00,2430,20.00,3149,20.00,1781,20.00,1447,20.00,1349,4.00,2894,-1.00,5861,27.00,4669,-3.00,1522,20.00,1859,20.00,2495,40.00,2272,-1.00,1144,100.00,3656,2.00,1357,0.00,1277,0.00,1061,0.00,1625,0.00,1781,4.00,1588,-1.00,896,-5.00,5,0.08
178,20.00,2430,20.00,3149,20.00,1781,20.00,1447,20.00,1349,3.00,2894,-2.00,5861,27.00,4669,-2.00,1522,20.00,1859,20.00,2495,39.00,2272,-2.00,1144,100.00,3656,4.00,1357,0.00,1277,0.00,1060,0.00,1625,0.00,1781,1.00,1588,-1.00,896,-4.00,5,0.00
214,20.00,2430,20.00,3149,19.00,1781,20.00,1447,21.00,1349,4.00,2894,-1.00,5861,27.00,4669,-4.00,1522,19.00,1859,21.00,2495,40.00,2272,-1.00,1144,99.00,3656,4.00,1357,0.00,1277,0.00,1060,0.00,1625,0.00,1781,3.00,1588,-1.00,896,-4.00,5,0.32
250,20.00,2430,20.00,3148,20.00,1781,20.00,1447,20.00,1349,4.00,2894,-1.00,5861,26.00,4669,-2.00,1522,20.00,1859,20.00,2495,39.00,2272,-1.00,1144,100.00,3656,3.00,1357,0.00,1277,0.00,1060,0.00,1625,0.00,1781,3.00,1588,-1.00,896,-5.00,5,0.08
285,20.00,2430,20.00,3148,20.00,1781,21.00,1447,20.00,1349,4.00,2894,-2.00,5861,28.00,4669,-4.00,1522,20.00,1859,19.00,2495,41.00,2272,-1.00,1144,100.00,3656,2.00,1357,0.00,1277,0.00,1060,0.00,1625,0.00,1781,2.00,1588,0.00,896,-4.00,5,0.08
321,20.00,2430,20.00,3149,20.00,1781,20.00,1447,20.00,1349,4.00,2894,-2.00,5861,27.00,4669,-3.00,1522,20.00,1859,20.00,2495,40.00,2272,-1.00,1144,100.00,3656,2.00,1357,0.00,1277,0.00,1061,0.00,1625,0.00,1781,3.00,1588,-1.00,896,-5.00,5,0.08
357,20.00,2430,20.00,3149,19.00,1781,20.00,1447,21.00,1349,5.00,2894,-1.00,5861,27.00,4669,-3.00,1522,20.00,1859,20.00,2495,39.00,2272,-1.00,1144,101.00,3656,4.00,1357,0.00,1277,0.00,1060,0.00,1625,0.00,1781,3.00,1588,-1.00,896,-5.00,5,0.08
393,21.00,2430,19.00,3149,20.00,1781,20.00,1447,20.00,1349,5.00,2894,-2.00,5861,27.00,4669,-5.00,1522,20.00,1859,19.00,2495,40.00,2272,-1.00,1144,100.00,3656,3.00,1357,0.00,1277,0.00,1060,0.00,1625,0.00,1781,3.00,1588,-1.00,896,-5.00,5,0.00
428,20.00,2430,20.00,3148,20.00,1781,20.00,1447,20.00,1349,4.00,2894,-2.00,5861,27.00,4669,-2.00,1522,20.00,1859,21.00,2495,40.00,2272,-1.00,1144,100.00,3656,3.00,1357,0.00,1277,0.00,1060,0.00,1625,0.00,1781,1.00,1588,-1.00,896,-5.00,5,0.16
464,20.00,2430,20.00,3149,20.00,1781,20.00,1447,20.00,1349,4.00,2894,-3.00,5861,27.00,4669,-2.00,1522,20.00,1859,20.00,2495,40.00,2272,-2.00,1144,100.00,3656,2.00,1357,0.00,1277,0.00,1061,0.00,1625,0.00,1781,5.00,1588,-1.00,896,-4.00,5,0.16
500,20.00,2430,19.00,3149,20.00,1781,21.00,1447,20.00,1349,4.00,2894,-2.00,5861,27.00,4669,-4.00,1522,21.00,1859,20.00,2495,40.00,2272,-1.00,1144,100.00,3656,4.00,1357,0.00,1277,0.00,1060,0.00,1625,0.00,1781,4.00,1588,-1.00,896,-5.00,5,0.00
536,19.00,2430,21.00,3149,19.00,1781,20.00,1447,20.00,1349,4.00,2894,-2.00,5861,27.00,4669,-3.00,1522,20.00,1859,20.00,2495,39.00,2272,-1.00,1144,100.00,3656,3.00,1357,0.00,1277,0.00,1060,0.00,1625,0.00,1781,3.00,1588,-1.00,896,-4.00,5,0.08
572,19.00,2430,20.00,3149,19.00,1781,20.00,1447,19.00,1349,4.00,2894,-3.00,5861,27.00,4669,-3.00,1522,20.00,1859,20.00,2495,40.00,2272,-1.00,1144,100.00,3656,3.00,1357,0.00,1277,0.00,1060,0.00,1625,0.00,1781,3.00,1588,-1.00,896,-4.00,5,0.24
607,21.00,2430,20.00,3149,20.00,1781,20.00,1447,20.00,1349,4.00,2894,-1.00,5861,27.00,4669,-3.00,1522,20.00,1859,20.00,2495,40.00,2272,-1.00,1144,99.00,3656,3.00,1357,0.00,1277,0.00,1060,0.00,1625,0.00,1781,3.00,1588,-1.00,896,-5.00,5,0.00
643,20.00,2430,21.00,3149,20.00,1781,20.00,1447,20.00,1349,4.00,2894,-2.00,5861,27.00,4669,-2.00,1522,19.00,1859,20.00,2495,41.00,2272,0.00,1144,101.00,3656,4.00,1357,0.00,1277,0.00,1060,0.00,1625,0.00,1781,4.00,1588,-1.00,896,-4.00,5,0.32
679,20.00,2430,20.00,3149,19.00,1781,20.00,1447,20.00,1349,4.00,2894,-1.00,5861,28.00,4669,-4.00,1522,20.00,1859,20.00,2495,40.00,2272,-1.00,1144,100.00,3656,3.00,1357,0.00,1277,0.00,1061,0.00,1625,0.00,1781,3.00,1588,-1.00,896,-4.00,5,0.00
715,19.00,2430,20.00,3148,17.00,1781,20.00,1447,20.00,1349,5.00,2894,-1.00,5861,26.00,4669,-4.00,1522,20.00,1859,20.00,2495,39.00,2272,-1.00,1144,100.00,3656,5.00,1357,0.00,1277,0.00,1060,0.00,1625,0.00,1781,3.00,1588,-1.00,896,-4.00,5,0.00
750,20.00,2430,20.00,3149,20.00,1781,20.00,1447,20.00,1349,5.00,2894,-2.00,5861,27.00,4669,-3.00,1522,20.00,1859,20.00,2495,41.00,2272,-1.00,1144,99.00,3656,4.00,1357,0.00,1277,0.00,1061,0.00,1625,0.00,1781,2.00,1588,-2.00,896,-4.00,5,0.00
786,20.00,2430,20.00,3149,20.00,1781,20.00,1447,20.00,1349,4.00,2894,-2.00,5861,27.00,4669,-4.00,1522,20.00,1859,19.00,2495,40.00,2272,-1.00,1144,99.00,3656,2.00,1357,0.00,1277,0.00,1060,0.00,1625,0.00,1781,2.00,1588,-1.00,896,-5.00,5,0.24
822,19.00,2430,20.00,3149,20.00,1781,19.00,1447,20.00,1349,4.00,2894,-2.00,5861,27.00,4669,-4.00,1522,20.00,1859,19.00,2495,40.00,2272,-2.00,1144,100.00,3656,3.00,1357,0.00,1277,0.00,1060,0.00,1625,0.00,1781,3.00,1588,-1.00,896,-3.00,5,0.08
857,20.00,2430,20.00,3149,21.00,1781,20.00,1447,21.00,1349,4.00,2894,-1.00,5861,27.00,4669,-2.00,1522,20.00,1859,20.00,2495,40.00,2272,-1.00,1144,100.00,3656,4.00,1357,0.00,1277,0.00,1060,0.00,1625,0.00,1781,1.00,1588,-1.00,896,-3.00,5,0.08
893,19.00,2430,20.00,3149,20.00,1781,20.00,1447,20.00,1349,4.00,2894,-1.00,5861,27.00,4669,-3.00,1522,20.00,1859,19.00,2495,40.00,2272,0.00,1144,98.00,3656,4.00,1357,0.00,1277,0.00,1060,0.00,1625,0.00,1781,2.00,1588,-1.00,896,-4.00,5,0.16
929,21.00,2430,20.00,3149,20.00,1781,20.00,1447,21.00,1349,5.00,2894,-2.00,5861,27.00,4669,-2.00,1522,20.00,1859,20.00,2495,40.00,2272,0.00,1144,100.00,3656,3.00,1357,0.00,1277,0.00,1060,0.00,1625,0.00,1781,2.00,1588,0.00,896,-5.00,5,0.08
965,19.00,2430,20.00,3148,20.00,1781,20.00,1447,20.00,1349,4.00,2894,-1.00,5861,27.00,4669,-3.00,1522,20.00,1859,20.00,2495,40.00,2272,-2.00,1144,101.00,3656,3.00,1357,0.00,1277,0.00,1060,0.00,1625,0.00,1781,3.00,1588,-1.00,896,-4.00,5,0.65
1000,20.00,2430,20.00,3149,20.00,1781,20.00,1447,20.00,1349,4.00,2894,-3.00,5861,27.00,4669,-4.00,1522,20.00,1859,20.00,2495,40.00,2272,-1.00,1144,101.00,3656,4.00,1357,0.00,1277,0.00,1060,0.00,1625,0.00,1781,3.00,1588,-1.00,896,-5.00,5,0.16
1036,20.00,2430,21.00,3149,20.00,1781,20.00,1447,20.00,1349,5.00,2894,-2.00,5861,27.00,4669,-4.00,1522,20.00,1859,20.00,2495,40.00,2272,-1.00,1144,99.00,3656,2.00,1357,0.00,1277,0.00,1060,0.00,1625,0.00,1781,3.00,1588,-1.00,896,-3.00,5,0.08
1072,20.00,2430,20.00,3149,20.00,1781,20.00,1447,20.00,1349,4.00,2894,-1.00,5861,27.00,4669,-4.00,1522,20.00,1859,20.00,2495,39.00,2272,0.00,1144,101.00,3656,4.00,1357,0.00,1276,0.00,1060,0.00,1625,0.00,1781,4.00,1588,-1.00,896,-3.00,5,0.08
1108,21.00,2430,20.00,3149,20.00,1781,20.00,1447,20.00,1349,3.00,2894,-1.00,5861,27.00,4669,-3.00,1522,20.00,1859,20.00,2495,40.00,2272,-1.00,1144,100.00,3656,4.00,1357,0.00,1277,0.00,1061,0.00,1625,0.00,1781,3.00,1588,-1.00,896,-5.00,5,0.00
1143,20.00,2430,20.00,3149,20.00,1781,20.00,1447,20.00,1349,3.00,2894,-1.00,5861,27.00,4669,-4.00,1522,20.00,1859,20.00,2495,40.00,2272,-1.00,1144,100.00,3656,2.00,1357,0.00,1277,0.00,1060,0.00,1625,0.00,1781,3.00,1588,-1.00,896,-4.00,5,0.16
1179,20.00,2430,20.00,3149,20.00,1781,20.00,1447,20.00,1349,4.00,2894,-2.00,5861,26.00,4669,-2.00,1522,20.00,1859,20.00,2495,40.00,2272,-1.00,1144,100.00,3656,3.00,1357,0.00,1277,0.00,1060,0.00,1625,0.00,1781,3.00,1588,-1.00,896,-5.00,5,0.00
1215,20.00,2430,20.00,3149,20.00,1781,20.00,1447,21.00,1349,4.00,2894,-3.00,5861,26.00,4669,-2.00,1522,20.00,1859,20.00,2495,40.00,2272,-1.00,1144,101.00,3656,2.00,1357,0.00,1277,0.00,1060,0.00,1625,0.00,1781,2.00,1588,-1.00,896,-3.00,5,0.24
1251,21.00,2430,20.00,3148,20.00,1781,20.00,1447,20.00,1349,4.00,2894,-2.00,5861,27.00,4669,-4.00,1522,20.00,1859,21.00,2495,40.00,2272,-1.00,1144,100.00,3656,2.00,1357,0.00,1277,0.00,1060,0.00,1625,0.00,1781,5.00,1588,-1.00,896,-3.00,5,0.00
1286,21.00,2430,20.00,3149,20.00,1781,20.00,1447,21.00,1349,5.00,2894,-2.00,5861,27.00,4669,-4.00,1522,20.00,1859,20.00,2495,40.00,2272,-1.00,1144,100.00,3656,4.00,1357,0.00,1277,0.00,1060,0.00,1625,0.00,1781,2.00,1588,-1.00,896,-3.00,5,0.08
1322,20.00,2430,20.00,3149,20.00,1781,20.00,1447,20.00,1349,5.00,2894,-2.00,5861,26.00,4669,-2.00,1522,20.00,1859,20.00,2495,40.00,2272,-1.00,1144,100.00,3656,3.00,1357,0.00,1277,0.00,1060,0.00,1625,0.00,1781,3.00,1588,-1.00,896,-4.00,5,0.08
1358,20.00,2430,20.00,3149,20.00,1781,20.00,1447,20.00,1349,4.00,2894,-2.00,5861,27.00,4669,-4.00,1522,20.00,1859,20.00,2495,40.00,2272,-1.00,1144,101.00,3656,3.00,1357,0.00,1277,0.00,1060,0.00,1625,0.00,1781,5.00,1588,-1.00,896,-4.00,5,0.00
1393,20.00,2430,21.00,3149,19.00,1781,20.00,1447,19.00,1349,4.00,2894,-2.00,5861,30.00,4669,-3.00,1522,20.00,1859,20.00,2495,41.00,2272,0.00,1144,99.00,3656,1.00,1357,0.00,1277,0.00,1060,0.00,1625,0.00,1781,4.00,1588,-1.00,896,-4.00,5,0.08
1429,20.00,2430,20.00,3149,20.00,1781,20.00,1447,20.00,1349,5.00,2894,-3.00,5861,27.00,4669,-3.00,1522,20.00,1859,20.00,2495,40.00,2272,-1.00,1144,99.00,3656,2.00,1357,0.00,1277,0.00,1060,0.00,1625,0.00,1781,4.00,1588,-1.00,896,-3.00,5,0.00
1465,20.00,2430,20.00,3149,20.00,1781,20.00,1447,20.00,1349,3.00,2894,-2.00,5861,27.00,4669,-3.00,1522,20.00,1859,20.00,2495,40.00,2272,-1.00,1144,99.00,3656,3.00,1357,0.00,1277,0.00,1060,0.00,1625,0.00,1781,2.00,1588,-2.00,896,-5.00,5,0.32
1501,20.00,2430,20.00,3149,19.00,1781,19.00,1447,20.00,1349,4.00,2894,-2.00,5861,27.00,4669,-2.00,1522,20.00,1859,20.00,2495,40.00,2272,-1.00,1144,100.00,3656,2.00,1357,0.00,1277,0.00,1060,0.00,1625,0.00,1781,2.00,1588,-1.00,896,-5.00,5,0.00
1536,20.00,2430,19.00,3149,21.00,1781,20.00,1447,20.00,1349,5.00,2894,-3.00,5861,27.00,4669,-2.00,1522,20.00,1859,20.00,2495,40.00,2272,-1.00,1144,100.00,3656,4.00,1357,0.00,1277,0.00,1061,0.00,1625,0.00,1781,4.00,1588,-1.00,896,-5.00,5,0.08
1572,21.00,2430,20.00,3148,20.00,1781,20.00,1447,20.00,1349,4.00,2894,-2.00,5861,26.00,4669,-2.00,1522,20.00,1859,20.00,2495,39.00,2272,-1.00,1144,99.00,3656,2.00,1357,0.00,1277,0.00,1060,0.00,1625,0.00,1781,5.00,1588,-1.00,896,-4.00,5,0.08
1608,20.00,2430,20.00,3148,19.00,1781,20.00,1447,20.00,1349,4.00,2894,-3.00,5861,27.00,4669,-4.00,1522,20.00,1859,20.00,2495,40.00,2272,-1.00,1144,101.00,3656,4.00,1357,0.00,1277,0.00,1060,0.00,1625,0.00,1781,3.00,1588,-1.00,896,-3.00,5,0.08
1643,20.00,2430,20.00,3148,20.00,1781,20.00,1447,20.00,1349,4.00,2894,-2.00,5861,26.00,4669,-2.00,1522,20.00,1859,21.00,2495,40.00,2272,-2.00,1144,101.00,3656,3.00,1357,0.00,1277,0.00,1060,0.00,1625,0.00,1781,5.00,1588,0.00,896,-4.00,5,0.08
1679,20.00,2430,20.00,3149,20.00,1781,19.00,1447,20.00,1349,5.00,2894,-2.00,5861,27.00,4669,-3.00,1522,20.00,1859,20.00,2495,41.00,2272,-1.00,1144,101.00,3656,2.00,1357,0.00,1277,0.00,1061,0.00,1625,0.00,1781,2.00,1588,-1.00,896,-3.00,5,0.08
1715,19.00,2430,20.00,3148,20.00,1781,20.00,1447,19.00,1349,4.00,2894,-2.00,5861,27.00,4669,-4.00,1522,20.00,1859,19.00,2495,39.00,2272,0.00,1144,100.00,3656,3.00,1357,0.00,1277,0.00,1061,0.00,1625,0.00,1781,2.00,1588,-1.00,896,-4.00,5,0.16
1751,20.00,2430,20.00,3149,20.00,1781,20.00,1447,20.00,1349,4.00,2894,-2.00,5861,27.00,4669,-3.00,1522,20.00,1859,19.00,2495,40.00,2272,-1.00,1144,100.00,3656,4.00,1357,0.00,1277,0.00,1060,0.00,1625,0.00,1781,3.00,1588,-1.00,896,-4.00,5,0.08
1786,21.00,2430,20.00,3149,20.00,1781,20.00,1447,20.00,1349,5.00,2894,-2.00,5861,28.00,4669,-3.00,1522,20.00,1859,20.00,2495,40.00,2272,-2.00,1144,101.00,3656,4.00,1357,0.00,1277,0.00,1060,0.00,1625,0.00,1781,4.00,1588,-1.00,896,-4.00,5,0.00
1822,20.00,2430,21.00,3149,20.00,1781,20.00,1447,20.00,1349,4.00,2894,-2.00,5861,27.00,4669,-4.00,1522,20.00,1859,20.00,2495,40.00,2272,-2.00,1144,100.00,3656,4.00,1357,0.00,1277,0.00,1061,0.00,1625,0.00,1781,5.00,1588,-1.00,896,-3.00,5,0.08
1858,20.00,2430,20.00,3149,20.00,1781,20.00,1447,20.00,1349,4.00,2894,-2.00,5861,27.00,4669,-3.00,1522,20.00,1859,20.00,2495,40.00,2272,-1.00,1144,100.00,3656,4.00,1357,0.00,1277,0.00,1060,0.00,1625,0.00,1781,4.00,1588,-1.00,896,-4.00,5,0.08
1894,19.00,2430,20.00,3148,20.00,1781,20.00,1447,20.00,1349,4.00,2894,-2.00,5861,28.00,4669,-2.00,1522,20.00,1859,20.00,2495,39.00,2272,-3.00,1144,101.00,3656,3.00,1357,0.00,1277,0.00,1060,0.00,1625,0.00,1781,4.00,1588,-2.00,896,-3.00,5,0.08
1930,20.00,2430,20.00,3149,20.00,1781,20.00,1447,20.00,1349,5.00,2894,-2.00,5861,27.00,4669,-3.00,1522,20.00,1859,20.00,2495,40.00,2272,0.00,1144,100.00,3656,3.00,1357,0.00,1277,0.00,1060,0.00,1625,0.00,1781,3.00,1588,-1.00,896,-5.00,5,0.56
1966,20.00,2430,19.00,3149,21.00,1781,21.00,1447,20.00,1349,4.00,2894,-1.00,5861,28.00,4669,-3.00,1522,20.00,1859,20.00,2495,40.00,2272,-1.00,1144,101.00,3656,2.00,1357,0.00,1277,0.00,1060,0.00,1625,0.00,1781,2.00,1588,0.00,896,-4.00,5,0.32
2002,20.00,2430,21.00,3149,20.00,1781,20.00,1447,20.00,1349,4.00,2894,-2.00,5861,27.00,4669,-2.00,1522,20.00,1859,21.00,2495,40.00,2272,-1.00,1144,98.00,3656,4.00,1357,0.00,1277,0.00,1060,0.00,1625,0.00,1781,3.00,1588,-1.00,896,-5.00,5,0.08
2037,20.00,2430,20.00,3149,20.00,1781,19.00,1447,20.00,1349,4.00,2894,-2.00,5861,27.00,4669,-4.00,1522,20.00,1859,20.00,2495,40.00,2272,0.00,1144,100.00,3656,3.00,1357,0.00,1277,0.00,1060,0.00,1625,0.00,1781,3.00,1588,0.00,896,-4.00,5,0.16
2073,20.00,2430,20.00,3149,20.00,1781,20.00,1447,19.00,1349,6.00,2894,-2.00,5861,28.00,4669,-4.00,1522,20.00,1859,20.00,2495,40.00,2272,0.00,1144,100.00,3656,3.00,1357,0.00,1277,0.00,1060,0.00,1625,0.00,1781,4.00,1588,-1.00,896,-3.00,5,0.16
2109,20.00,2430,21.00,3149,20.00,1781,20.00,1447,20.00,1349,4.00,2894,-2.00,5861,28.00,4669,-4.00,1522,20.00,1859,20.00,2495,40.00,2272,0.00,1144,100.00,3656,4.00,1357,0.00,1277,0.00,1061,0.00,1625,0.00,1781,3.00,1588,-1.00,896,-3.00,5,0.00
2145,20.00,2430,20.00,3149,20.00,1781,20.00,1447,20.00,1349,3.00,2894,-2.00,5861,27.00,4669,-3.00,1522,21.00,1859,19.00,2495,40.00,2272,-1.00,1144,100.00,3656,4.00,1357,0.00,1277,0.00,1060,0.00,1625,0.00,1781,3.00,1588,-1.00,896,-3.00,5,0.00
2180,19.00,2430,20.00,3149,21.00,1781,20.00,1447,20.00,1349,4.00,2894,-3.00,5861,27.00,4669,-4.00,1522,20.00,1859,20.00,2495,40.00,2272,-1.00,1144,100.00,3656,2.00,1357,0.00,1277,0.00,1061,0.00,1625,0.00,1781,3.00,1588,-1.00,896,-4.00,5,0.00
2216,20.00,2430,19.00,3149,20.00,1781,20.00,1447,20.00,1349,4.00,2894,-3.00,5861,27.00,4669,-3.00,1522,20.00,1859,20.00,2495,39.00,2272,-2.00,1144,101.00,3656,1.00,1357,0.00,1277,0.00,1060,0.00,1625,0.00,1781,3.00,1588,-1.00,896,-5.00,5,0.24
2252,21.00,2430,20.00,3149,20.00,1781,20.00,1447,20.00,1349,3.00,2894,-3.00,5861,27.00,4669,-3.00,1522,20.00,1859,20.00,2495,40.00,2272,-1.00,1144,100.00,3656,3.00,1357,0.00,1277,0.00,1061,0.00,1625,0.00,1781,3.00,1588,-1.00,896,-4.00,5,0.08
2287,20.00,2430,20.00,3149,20.00,1781,20.00,1447,20.00,1349,3.00,2894,-2.00,5861,27.00,4669,-4.00,1522,20.00,1859,20.00,2495,40.00,2272,-3.00,1144,100.00,3656,3.00,1357,0.00,1277,0.00,1060,0.00,1625,0.00,1781,3.00,1588,-2.00,896,-4.00,5,0.00
2323,20.00,2430,21.00,3149,20.00,1781,20.00,1447,21.00,1349,5.00,2894,-2.00,5861,27.00,4669,-2.00,1522,20.00,1859,20.00,2495,40.00,2272,-1.00,1144,100.00,3656,4.00,1357,0.00,1277,0.00,1060,0.00,1625,0.00,1781,3.00,1588,-1.00,896,-5.00,5,0.16
2359,21.00,2430,20.00,3149,20.00,1781,19.00,1447,20.00,1349,4.00,2894,-1.00,5861,27.00,4669,-4.00,1522,20.00,1859,20.00,2495,40.00,2272,-2.00,1144,100.00,3656,2.00,1357,0.00,1277,0.00,1061,0.00,1625,0.00,1781,2.00,1588,-1.00,896,-4.00,5,0.08
2395,20.00,2430,19.00,3149,20.00,1781,20.00,1447,20.00,1349,4.00,2894,-2.00,5861,27.00,4669,-2.00,1522,20.00,1859,20.00,2495,40.00,2272,-1.00,1144,100.00,3656,2.00,1357,0.00,1277,0.00,1060,0.00,1625,0.00,1781,2.00,1588,-1.00,896,-3.00,5,0.16
2431,21.00,2430,19.00,3149,21.00,1781,20.00,1447,20.00,1349,4.00,2894,-3.00,5861,28.00,4669,-3.00,1522,20.00,1859,20.00,2495,40.00,2272,-1.00,1144,99.00,3656,4.00,1357,0.00,1277,0.00,1060,0.00,1625,0.00,1781,4.00,1588,-1.00,896,-3.00,5,0.08
2466,20.00,2430,19.00,3149,20.00,1781,20.00,1447,20.00,1349,4.00,2894,-2.00,5861,26.00,4669,-2.00,1522,20.00,1859,20.00,2495,40.00,2272,-1.00,1144,100.00,3656,4.00,1357,0.00,1277,0.00,1060,0.00,1625,0.00,1781,1.00,1588,-1.00,896,-3.00,5,0.24
2502,20.00,2430,20.00,3150,19.00,1781,21.00,1447,20.00,1349,4.00,2894,-2.00,5861,27.00,4669,-3.00,1522,20.00,1859,20.00,2495,40.00,2272,-2.00,1144,100.00,3656,4.00,1357,0.00,1277,0.00,1060,0.00,1625,0.00,1781,3.00,1588,0.00,896,-4.00,5,0.32
2538,20.00,2430,20.00,3153,20.00,1781,20.00,1447,20.00,1349,4.00,2894,-2.00,5861,27.00,4669,-4.00,1522,20.00,1859,20.00,2495,40.00,2272,-1.00,1144,100.00,3656,4.00,1357,0.00,1277,0.00,1061,0.00,1625,0.00,1781,2.00,1588,0.00,896,-4.00,5,0.32
2574,21.00,2430,20.00,3156,21.00,1781,20.00,1447,20.00,1349,4.00,2894,-2.00,5861,27.00,4669,-3.00,1522,20.00,1859,20.00,2495,40.00,2272,-2.00,1144,99.00,3656,2.00,1357,0.00,1277,0.00,1060,0.00,1625,0.00,1781,3.00,1588,0.00,896,-4.00,5,0.24
2609,20.00,2430,21.00,3158,20.00,1781,19.00,1447,20.00,1349,4.00,2894,-2.00,5861,27.00,4669,-3.00,1522,20.00,1859,20.00,2495,40.00,2272,-1.00,1144,99.00,3656,4.00,1357,0.00,1277,0.00,1060,0.00,1625,0.00,1781,5.00,1588,-1.00,896,-4.00,5,0.16
2645,20.00,2430,20.00,3159,20.00,1781,21.00,1447,20.00,1349,4.00,2894,-1.00,5861,27.00,4669,-3.00,1522,20.00,1859,20.00,2495,41.00,2272,-2.00,1144,100.00,3656,2.00,1357,0.00,1277,0.00,1061,0.00,1625,0.00,1781,3.00,1588,0.00,896,-5.00,5,0.32
2681,21.00,2430,20.00,3160,20.00,1781,20.00,1447,19.00,1349,4.00,2894,-2.00,5861,27.00,4669,-4.00,1522,20.00,1859,20.00,2495,41.00,2272,-1.00,1144,100.00,3656,4.00,1357,0.00,1277,0.00,1060,0.00,1625,0.00,1781,2.00,1588,-1.00,896,-4.00,5,0.40
2717,20.00,2430,18.00,3161,20.00,1781,20.00,1447,20.00,1349,4.00,2894,-2.00,5861,27.00,4669,-2.00,1522,20.00,1859,20.00,2495,39.00,2272,-2.00,1144,100.00,3656,3.00,1357,0.00,1277,0.00,1060,0.00,1625,0.00,1781,3.00,1588,-1.00,896,-4.00,5,0.40
2752,19.00,2430,21.00,3162,20.00,1781,20.00,1447,20.00,1349,3.00,2894,-2.00,5861,27.00,4669,-2.00,1522,20.00,1859,20.00,2495,40.00,2272,0.00,1144,100.00,3656,2.00,1357,0.00,1276,0.00,1061,0.00,1625,0.00,1781,4.00,1588,-1.00,896,-4.00,5,0.56
2788,19.00,2430,20.00,3162,19.00,1781,20.00,1447,21.00,1349,3.00,2894,-3.00,5861,27.00,4669,-2.00,1522,20.00,1859,20.00,2495,40.00,2272,-1.00,1144,99.00,3656,3.00,1357,0.00,1277,0.00,1061,0.00,1625,0.00,1781,4.00,1588,-1.00,896,-5.00,5,0.56
2824,20.00,2430,20.00,3162,20.00,1781,20.00,1447,20.00,1349,4.00,2894,-2.00,5861,27.00,4669,-2.00,1522,20.00,1859,20.00,2495,40.00,2272,-2.00,1144,100.00,3656,3.00,1357,0.00,1277,0.00,1060,0.00,1625,0.00,1781,4.00,1588,-1.00,896,-5.00,5,0.73
2859,20.00,2430,20.00,3162,20.00,1781,21.00,1447,20.00,1349,5.00,2894,-2.00,5861,27.00,4669,-3.00,1522,20.00,1859,19.00,2495,40.00,2272,-1.00,1144,99.00,3656,4.00,1357,0.00,1277,0.00,1060,0.00,1625,0.00,1781,4.00,1588,-2.00,896,-4.00,5,1.05
2895,20.00,2430,20.00,3162,20.00,1781,20.00,1447,20.00,1349,4.00,2894,-2.00,5861,28.00,4669,-4.00,1522,20.00,1859,20.00,2495,40.00,2273,-1.00,1144,99.00,3656,3.00,1357,0.00,1277,0.00,1060,0.00,1625,0.00,1781,1.00,1588,-1.00,896,-3.00,5,0.97
2931,21.00,2430,20.00,3162,20.00,1781,20.00,1447,20.00,1349,3.00,2894,-1.00,5861,27.00,4669,-3.00,1522,20.00,1859,20.00,2495,40.00,2273,-1.00,1144,100.00,3656,3.00,1357,0.00,1277,0.00,1060,0.00,1625,0.00,1781,4.00,1588,-1.00,896,-4.00,5,1.05
2966,20.00,2430,21.00,3162,19.00,1781,20.00,1447,20.00,1349,3.00,2894,-2.00,5861,27.00,4669,-3.00,1522,20.00,1859,20.00,2495,39.00,2276,-1.00,1144,100.00,3656,1.00,1357,0.00,1277,0.00,1061,0.00,1625,0.00,1781,3.00,1588,-1.00,896,-4.00,5,1.05
3002,20.00,2430,20.00,3162,20.00,1781,20.00,1447,20.00,1349,4.00,2894,-2.00,5861,27.00,4669,-3.00,1522,20.00,1859,21.00,2495,38.00,2287,-1.00,1144,100.00,3656,2.00,1357,0.00,1277,0.00,1060,0.00,1625,0.00,1781,2.00,1588,-2.00,896,-4.00,5,1.29
3038,20.00,2430,20.00,3162,20.00,1781,20.00,1447,20.00,1349,5.00,2894,-2.00,5861,27.00,4669,-4.00,1522,20.00,1859,20.00,2495,38.00,2301,-2.00,1144,101.00,3656,4.00,1357,0.00,1277,0.00,1060,0.00,1625,0.00,1781,5.00,1588,-1.00,896,-4.00,5,1.05
3074,19.00,2430,19.00,3162,20.00,1781,20.00,1447,20.00,1349,5.00,2894,-3.00,5861,27.00,4669,-4.00,1522,20.00,1861,20.00,2495,40.00,2315,0.00,1144,100.00,3656,4.00,1357,0.00,1276,0.00,1060,0.00,1625,0.00,1781,2.00,1588,-2.00,896,-4.00,5,1.21
3109,21.00,2430,20.00,3162,20.00,1781,20.00,1447,21.00,1349,4.00,2894,-2.00,5861,27.00,4669,-4.00,1522,20.00,1869,21.00,2495,40.00,2327,0.00,1144,100.00,3656,2.00,1357,0.00,1276,0.00,1061,0.00,1625,0.00,1781,2.00,1588,-1.00,896,-3.00,5,1.37
3145,20.00,2430,20.00,3162,20.00,1781,20.00,1447,20.00,1349,4.00,2894,-2.00,5861,27.00,4669,-3.00,1522,19.00,1878,19.00,2495,40.00,2335,-1.00,1144,100.00,3656,3.00,1357,0.00,1276,0.00,1060,0.00,1625,0.00,1781,2.00,1588,-2.00,896,-4.00,5,1.21
3181,21.00,2430,20.00,3162,20.00,1781,20.00,1447,20.00,1349,4.00,2894,-3.00,5861,27.00,4669,-4.00,1522,20.00,1889,20.00,2495,40.00,2340,-1.00,1144,99.00,3656,2.00,1357,0.00,1276,0.00,1060,0.00,1625,0.00,1781,2.00,1588,-1.00,896,-5.00,5,1.45
3217,20.00,2430,20.00,3162,20.00,1781,20.00,1447,20.00,1349,4.00,2894,-3.00,5861,27.00,4669,-4.00,1522,20.00,1900,20.00,2495,40.00,2345,-2.00,1144,99.00,3656,2.00,1357,0.00,1276,0.00,1060,0.00,1625,0.00,1781,3.00,1588,-1.00,896,-5.00,5,1.37
3252,20.00,2430,20.00,3162,20.00,1781,19.00,1447,20.00,1349,4.00,2894,-1.00,5861,27.00,4669,-2.00,1522,21.00,1909,20.00,2495,40.00,2349,-1.00,1144,101.00,3656,3.00,1357,0.00,1276,0.00,1060,0.00,1625,0.00,1781,4.00,1588,-1.00,896,-3.00,5,1.21
3288,20.00,2430,20.00,3162,19.00,1781,21.00,1447,20.00,1349,4.00,2894,-2.00,5861,26.00,4669,-2.00,1522,21.00,1916,20.00,2495,38.00,2352,-1.00,1144,101.00,3656,4.00,1357,0.00,1276,0.00,1060,0.00,1625,0.00,1781,2.00,1588,-1.00,896,-5.00,5,1.45
3324,20.00,2430,20.00,3162,20.00,1781,20.00,1447,20.00,1349,4.00,2894,-2.00,5861,27.00,4669,-4.00,1522,19.00,1922,20.00,2495,41.00,2354,-1.00,1144,101.00,3656,2.00,1357,0.00,1276,0.00,1060,0.00,1625,0.00,1781,1.00,1588,-1.00,896,-5.00,5,1.53
3360,20.00,2430,19.00,3162,20.00,1781,20.00,1447,20.00,1349,5.00,2894,-2.00,5861,27.00,4669,-3.00,1522,21.00,1926,20.00,2495,41.00,2358,-1.00,1143,100.00,3656,3.00,1357,0.00,1276,0.00,1060,0.00,1625,0.00,1781,2.00,1588,-1.00,896,-5.00,5,1.45
3395,20.00,2430,20.00,3162,20.00,1781,20.00,1447,20.00,1349,4.00,2894,-2.00,5861,27.00,4669,-4.00,1522,20.00,1928,20.00,2495,40.00,2361,-3.00,1144,100.00,3656,4.00,1357,0.00,1276,0.00,1060,0.00,1625,0.00,1781,3.00,1588,-2.00,896,-4.00,5,1.53
3431,20.00,2430,20.00,3161,21.00,1781,20.00,1447,20.00,1349,4.00,2894,-2.00,5861,27.00,4669,-2.00,1522,21.00,1930,20.00,2495,41.00,2363,0.00,1144,99.00,3656,4.00,1357,0.00,1276,0.00,1060,0.00,1625,0.00,1781,3.00,1588,-1.00,896,-5.00,5,1.29
3467,20.00,2430,20.00,3162,20.00,1781,20.00,1447,20.00,1349,4.00,2894,-2.00,5861,27.00,4669,-3.00,1522,20.00,1930,20.00,2495,40.00,2363,-1.00,1144,101.00,3656,3.00,1357,0.00,1275,0.00,1060,0.00,1625,0.00,1781,2.00,1588,-1.00,896,-5.00,5,1.13
3503,20.00,2430,20.00,3162,19.00,1781,20.00,1447,20.00,1349,4.00,2894,-2.00,5861,27.00,4669,-3.00,1522,20.00,1931,20.00,2495,41.00,2363,-1.00,1144,101.00,3656,4.00,1357,0.00,1275,0.00,1060,0.00,1625,0.00,1781,3.00,1588,-1.00,896,-5.00,5,1.53
3539,19.00,2430,21.00,3161,20.00,1781,20.00,1447,20.00,1349,4.00,2894,-2.00,5861,27.00,4669,-4.00,1522,20.00,1931,21.00,2495,40.00,2363,-1.00,1144,99.00,3656,4.00,1357,0.00,1275,0.00,1060,0.00,1625,0.00,1781,2.00,1588,-1.00,896,-3.00,5,1.45
3574,19.00,2430,20.00,3162,20.00,1781,20.00,1447,20.00,1349,4.00,2894,-2.00,5861,27.00,4669,-3.00,1522,20.00,1931,20.00,2495,40.00,2363,-1.00,1144,100.00,3656,3.00,1357,0.00,1275,0.00,1058,0.00,1625,0.00,1781,4.00,1588,-1.00,896,-4.00,5,1.53
3610,20.00,2430,20.00,3162,20.00,1781,20.00,1447,20.00,1349,4.00,2894,-2.00,5861,27.00,4669,-4.00,1522,20.00,1931,20.00,2495,41.00,2363,-1.00,1144,101.00,3656,2.00,1357,0.00,1275,0.00,1057,0.00,1625,0.00,1781,3.00,1588,-1.00,896,-3.00,5,1.13
3646,21.00,2430,20.00,3162,21.00,1781,20.00,1447,20.00,1349,3.00,2894,-2.00,5861,27.00,4669,-4.00,1522,20.00,1931,20.00,2495,40.00,2363,0.00,1144,100.00,3656,3.00,1357,0.00,1275,0.00,1055,0.00,1625,0.00,1781,2.00,1588,0.00,896,-4.00,5,1.69
3682,21.00,2430,20.00,3162,19.00,1781,20.00,1447,21.00,1349,5.00,2894,-2.00,5861,27.00,4669,-4.00,1522,20.00,1931,20.00,2495,40.00,2363,-1.00,1144,100.00,3656,3.00,1357,0.00,1275,0.00,1055,0.00,1625,0.00,1781,4.00,1588,-1.00,896,-5.00,5,1.53
3717,20.00,2430,20.00,3162,21.00,1781,19.00,1447,20.00,1349,4.00,2894,-2.00,5861,27.00,4669,-2.00,1522,20.00,1931,20.00,2495,40.00,2364,-1.00,1144,100.00,3656,4.00,1357,0.00,1274,0.00,1054,0.00,1625,0.00,1781,5.00,1588,-1.00,896,-5.00,5,1.69
3753,19.00,2430,21.00,3162,21.00,1781,21.00,1447,20.00,1349,4.00,2894,-2.00,5861,27.00,4669,-4.00,1522,19.00,1931,20.00,2495,40.00,2364,-3.00,1144,100.00,3656,3.00,1357,0.00,1274,0.00,1054,0.00,1625,0.00,1781,2.00,1588,-2.00,896,-4.00,5,1.69
3789,20.00,2430,20.00,3162,21.00,1781,20.00,1447,20.00,1349,4.00,2894,-2.00,5861,27.00,4669,-2.00,1522,20.00,1931,20.00,2495,39.00,2370,-1.00,1144,100.00,3656,4.00,1357,0.00,1274,0.00,1053,0.00,1625,0.00,1781,2.00,1588,-1.00,896,-5.00,5,1.69
3825,21.00,2430,20.00,3162,21.00,1781,20.00,1447,20.00,1349,5.00,2894,-2.00,5861,27.00,4669,-4.00,1522,20.00,1931,20.00,2495,40.00,2378,-1.00,1144,100.00,3656,3.00,1357,0.00,1274,0.00,1053,0.00,1625,0.00,1781,3.00,1588,-1.00,896,-3.00,5,1.61
3861,20.00,2430,20.00,3162,20.00,1781,20.00,1447,20.00,1349,4.00,2894,-3.00,5861,27.00,4669,-2.00,1522,20.00,1931,20.00,2495,40.00,2384,-1.00,1144,100.00,3656,2.00,1357,0.00,1274,0.00,1053,0.00,1625,0.00,1781,3.00,1588,-2.00,896,-5.00,5,1.77
3896,20.00,2430,20.00,3162,20.00,1781,20.00,1447,20.00,1349,4.00,2894,-2.00,5861,27.00,4669,-2.00,1522,20.00,1931,20.00,2495,40.00,2388,-2.00,1144,100.00,3656,4.00,1357,0.00,1274,0.00,1053,0.00,1625,0.00,1781,2.00,1588,-1.00,896,-5.00,5,1.53
3932,20.00,2430,19.00,3162,20.00,1781,20.00,1447,20.00,1349,4.00,2894,-2.00,5861,27.00,4669,-4.00,1522,19.00,1935,20.00,2495,41.00,2391,-1.00,1144,100.00,3656,4.00,1357,0.00,1274,0.00,1053,0.00,1625,0.00,1781,1.00,1588,0.00,896,-3.00,5,1.69
3968,20.00,2430,20.00,3162,20.00,1781,19.00,1447,20.00,1349,4.00,2894,-1.00,5861,27.00,4669,-3.00,1522,20.00,1941,21.00,2495,40.00,2392,-1.00,1144,100.00,3656,4.00,1357,0.00,1274,0.00,1053,0.00,1625,0.00,1781,2.00,1588,-1.00,896,-3.00,5,1.85
4003,19.00,2430,20.00,3162,20.00,1781,20.00,1447,20.00,1349,3.00,2894,-2.00,5861,27.00,4669,-4.00,1522,21.00,1948,20.00,2495,40.00,2392,-3.00,1144,100.00,3656,3.00,1357,0.00,1273,0.00,1053,0.00,1625,0.00,1781,1.00,1588,-1.00,896,-5.00,5,1.69
4039,20.00,2430,20.00,3162,20.00,1781,20.00,1447,20.00,1349,3.00,2894,-3.00,5861,27.00,4669,-3.00,1522,21.00,1955,20.00,2495,40.00,2392,-1.00,1144,100.00,3656,3.00,1357,0.00,1274,0.00,1052,0.00,1625,0.00,1781,2.00,1588,-2.00,896,-3.00,5,1.94
4075,20.00,2430,20.00,3161,20.00,1781,20.00,1447,20.00,1349,4.00,2894,-2.00,5861,26.00,4669,-3.00,1522,20.00,1962,21.00,2495,40.00,2392,-1.00,1144,100.00,3656,2.00,1357,0.00,1274,0.00,1052,0.00,1625,0.00,1781,3.00,1588,-1.00,896,-3.00,5,1.53
4111,19.00,2430,20.00,3162,20.00,1781,20.00,1447,20.00,1349,5.00,2894,-1.00,5861,27.00,4669,-3.00,1522,20.00,1966,20.00,2495,40.00,2392,-1.00,1144,100.00,3656,2.00,1357,0.00,1274,0.00,1052,0.00,1625,0.00,1781,2.00,1588,-1.00,896,-3.00,5,1.94
4146,20.00,2430,20.00,3162,20.00,1781,19.00,1447,20.00,1349,4.00,2894,-3.00,5861,27.00,4669,-5.00,1522,20.00,1969,20.00,2495,40.00,2393,-1.00,1144,99.00,3656,3.00,1357,0.00,1274,0.00,1052,0.00,1625,0.00,1781,3.00,1588,-1.00,896,-5.00,5,2.18
4182,20.00,2430,20.00,3162,20.00,1781,20.00,1447,20.00,1348,4.00,2894,-3.00,5861,27.00,4669,-3.00,1522,20.00,1970,20.00,2495,39.00,2395,-2.00,1144,101.00,3656,2.00,1357,0.00,1274,0.00,1052,0.00,1625,0.00,1781,2.00,1588,-2.00,896,-3.00,5,1.94
4218,21.00,2430,20.00,3162,20.00,1781,20.00,1447,20.00,1348,4.00,2894,-3.00,5861,27.00,4669,-2.00,1522,20.00,1970,20.00,2495,40.00,2403,-1.00,1144,99.00,3656,2.00,1357,0.00,1273,0.00,1052,0.00,1625,0.00,1781,3.00,1588,-1.00,896,-4.00,5,1.85
4254,21.00,2430,20.00,3162,20.00,1781,21.00,1447,20.00,1348,4.00,2894,-3.00,5861,27.00,4669,-2.00,1522,20.00,1971,19.00,2495,40.00,2412,-1.00,1144,100.00,3656,2.00,1357,0.00,1274,0.00,1052,0.00,1625,0.00,1781,2.00,1588,-1.00,896,-5.00,5,2.02
4290,20.00,2430,20.00,3161,20.00,1781,21.00,1447,20.00,1348,4.00,2894,-2.00,5861,28.00,4669,-3.00,1522,20.00,1971,21.00,2495,39.00,2419,-2.00,1144,100.00,3656,2.00,1357,0.00,1273,0.00,1052,0.00,1625,0.00,1781,2.00,1588,0.00,896,-3.00,5,2.02
4325,20.00,2430,21.00,3162,20.00,1781,20.00,1447,21.00,1348,4.00,2894,-1.00,5861,26.00,4669,-4.00,1522,20.00,1971,20.00,2495,41.00,2424,-1.00,1144,100.00,3656,2.00,1357,0.00,1272,0.00,1052,0.00,1625,0.00,1781,3.00,1588,-1.00,896,-4.00,5,2.02
4361,19.00,2430,21.00,3162,19.00,1781,20.00,1447,20.00,1348,5.00,2894,-2.00,5861,27.00,4669,-2.00,1522,20.00,1971,21.00,2495,41.00,2424,0.00,1144,101.00,3656,2.00,1357,0.00,1265,0.00,1052,0.00,1625,0.00,1781,1.00,1588,0.00,896,-5.00,5,2.26
4397,20.00,2430,19.00,3162,19.00,1781,20.00,1447,20.00,1348,5.00,2894,-2.00,5861,27.00,4669,-4.00,1522,20.00,1974,20.00,2495,40.00,2425,-2.00,1144,101.00,3656,2.00,1357,0.00,1254,0.00,1052,0.00,1625,0.00,1781,1.00,1588,-1.00,896,-2.00,5,2.02
4433,20.00,2430,20.00,3162,20.00,1781,20.00,1447,20.00,1348,4.00,2894,-2.00,5861,27.00,4669,-4.00,1522,20.00,1978,20.00,2495,40.00,2426,-1.00,1144,100.00,3656,4.00,1357,0.00,1238,0.00,1052,0.00,1625,0.00,1781,3.00,1588,-2.00,896,-5.00,5,2.26
4468,19.00,2430,20.00,3162,20.00,1781,20.00,1447,20.00,1348,4.00,2894,-2.00,5861,27.00,4669,-2.00,1522,19.00,1983,20.00,2495,38.00,2432,-1.00,1144,100.00,3656,3.00,1357,0.00,1221,0.00,1052,0.00,1625,0.00,1781,4.00,1588,-1.00,896,-5.00,5,1.77
4504,20.00,2430,20.00,3161,20.00,1781,20.00,1447,20.00,1348,3.00,2894,-1.00,5861,27.00,4669,-2.00,1522,20.00,1989,21.00,2495,40.00,2441,-2.00,1144,100.00,3656,4.00,1357,0.00,1205,0.00,1052,0.00,1625,0.00,1781,3.00,1588,-2.00,896,-3.00,5,2.18
4540,19.00,2430,20.00,3162,20.00,1781,20.00,1447,20.00,1348,4.00,2894,-3.00,5861,27.00,4669,-3.00,1522,20.00,1995,20.00,2495,40.00,2450,-1.00,1144,100.00,3656,3.00,1357,0.00,1189,0.00,1052,0.00,1625,0.00,1781,4.00,1588,-1.00,896,-3.00,5,2.18
4576,20.00,2430,20.00,3161,20.00,1781,20.00,1447,21.00,1348,5.00,2894,-2.00,5861,28.00,4669,-4.00,1522,20.00,2001,19.00,2495,40.00,2459,-2.00,1144,98.00,3657,2.00,1357,0.00,1176,0.00,1052,0.00,1625,0.00,1781,3.00,1588,-1.00,896,-2.00,5,2.10
4611,20.00,2429,20.00,3161,20.00,1781,20.00,1447,20.00,1348,4.00,2894,-2.00,5861,27.00,4669,-2.00,1522,20.00,2006,20.00,2495,40.00,2465,0.00,1144,96.00,3661,4.00,1357,0.00,1165,0.00,1051,0.00,1625,0.00,1781,5.00,1588,-1.00,896,-4.00,5,2.42
4647,20.00,2429,20.00,3162,20.00,1781,20.00,1447,20.00,1348,4.00,2894,-3.00,5861,26.00,4669,-2.00,1522,20.00,2011,20.00,2495,40.00,2470,-2.00,1144,95.00,3661,2.00,1357,0.00,1157,0.00,1052,0.00,1625,0.00,1781,4.00,1588,-1.00,896,-5.00,5,2.42
4683,20.00,2430,20.00,3161,20.00,1780,20.00,1447,20.00,1348,4.00,2894,-1.00,5861,27.00,4669,-3.00,1522,21.00,2015,20.00,2495,41.00,2471,0.00,1144,96.00,3661,4.00,1357,0.00,1152,0.00,1052,0.00,1625,0.00,1781,3.00,1588,-1.00,896,-3.00,5,2.42
4719,20.00,2429,20.00,3162,20.00,1780,19.00,1447,20.00,1348,5.00,2894,-1.00,5861,27.00,4669,-3.00,1522,20.00,2017,20.00,2495,40.00,2471,-3.00,1144,96.00,3661,4.00,1357,0.00,1149,0.00,1051,0.00,1625,0.00,1781,2.00,1588,0.00,896,-5.00,5,2.42
4754,19.00,2429,20.00,3161,19.00,1780,20.00,1447,20.00,1348,4.00,2894,-2.00,5861,27.00,4669,-4.00,1522,20.00,2019,17.00,2495,41.00,2472,-1.00,1144,95.00,3661,2.00,1357,0.00,1149,0.00,1051,0.00,1625,0.00,1781,2.00,1588,0.00,896,-3.00,5,2.50
4790,20.00,2429,20.00,3162,21.00,1780,20.00,1447,20.00,1348,3.00,2894,-2.00,5861,27.00,4669,-4.00,1522,21.00,2019,20.00,2495,39.00,2474,-1.00,1144,96.00,3661,4.00,1357,0.00,1149,0.00,1051,0.00,1625,0.00,1781,2.00,1588,-2.00,896,-3.00,5,2.50
4826,20.00,2429,20.00,3162,20.00,1780,19.00,1447,21.00,1348,3.00,2894,-2.00,5861,27.00,4669,-3.00,1522,20.00,2019,20.00,2498,41.00,2476,-1.00,1144,96.00,3661,3.00,1357,0.00,1148,0.00,1051,0.00,1625,0.00,1781,3.00,1588,-1.00,896,-4.00,5,2.26
4862,20.00,2429,21.00,3161,20.00,1780,20.00,1447,20.00,1348,4.00,2894,-2.00,5861,27.00,4669,-4.00,1522,20.00,2019,19.00,2503,39.00,2478,-1.00,1144,95.00,3661,3.00,1357,0.00,1148,0.00,1051,0.00,1625,0.00,1781,5.00,1588,-1.00,896,-3.00,5,1.77
4897,20.00,2429,20.00,3161,20.00,1780,20.00,1447,20.00,1348,3.00,2894,-2.00,5861,27.00,4669,-3.00,1522,19.00,2019,19.00,2510,39.00,2480,-2.00,1144,95.00,3661,2.00,1357,0.00,1148,0.00,1051,0.00,1625,0.00,1781,3.00,1588,-2.00,896,-4.00,5,2.74
4933,21.00,2429,21.00,3161,21.00,1780,20.00,1447,20.00,1348,5.00,2894,-1.00,5861,27.00,4669,-3.00,1522,20.00,2019,20.00,2517,40.00,2480,-1.00,1144,95.00,3661,4.00,1357,0.00,1148,0.00,1051,0.00,1625,0.00,1781,1.00,1588,-1.00,896,-5.00,5,2.58
4969,21.00,2429,20.00,3161,21.00,1780,20.00,1447,20.00,1348,4.00,2894,-2.00,5861,27.00,4669,-3.00,1522,20.00,2019,21.00,2524,40.00,2480,-2.00,1144,95.00,3661,3.00,1357,0.00,1148,0.00,1051,0.00,1625,0.00,1781,3.00,1588,-1.00,896,-4.00,5,2.58
5005,20.00,2429,20.00,3162,19.00,1780,20.00,1447,20.00,1348,4.00,2894,-1.00,5861,27.00,4669,-2.00,1522,20.00,2019,20.00,2528,40.00,2480,-1.00,1144,97.00,3661,4.00,1357,0.00,1148,0.00,1051,0.00,1625,0.00,1782,2.00,1588,-2.00,896,-3.00,5,2.66
5040,21.00,2429,20.00,3161,20.00,1780,20.00,1447,20.00,1348,4.00,2894,-2.00,5861,27.00,4669,-2.00,1522,20.00,2020,20.00,2531,40.00,2480,-1.00,1144,96.00,3661,2.00,1357,0.00,1148,0.00,1051,0.00,1625,0.00,1781,3.00,1588,-2.00,896,-4.00,5,2.50
5076,19.00,2429,20.00,3161,20.00,1780,20.00,1447,20.00,1348,3.00,2894,-3.00,5861,27.00,4669,-3.00,1522,20.00,2019,21.00,2535,40.00,2480,-1.00,1144,96.00,3661,4.00,1357,0.00,1148,0.00,1051,0.00,1625,0.00,1782,4.00,1588,-1.00,896,-4.00,5,2.74
5112,20.00,2429,21.00,3161,20.00,1780,20.00,1447,20.00,1348,3.00,2893,-2.00,5861,27.00,4669,-3.00,1522,20.00,2020,20.00,2537,39.00,2481,-1.00,1144,96.00,3661,4.00,1357,0.00,1148,0.00,1051,0.00,1625,0.00,1782,2.00,1588,-1.00,896,-5.00,5,2.66
5148,20.00,2429,20.00,3161,20.00,1780,20.00,1447,20.00,1348,8.00,2893,-1.00,5861,27.00,4669,-3.00,1522,20.00,2019,19.00,2539,38.00,2485,-2.00,1144,96.00,3661,3.00,1357,0.00,1148,0.00,1051,0.00,1625,0.00,1782,5.00,1588,0.00,896,-3.00,5,3.31
5183,20.00,2429,20.00,3161,20.00,1780,20.00,1447,20.00,1348,7.00,2893,-3.00,5861,27.00,4669,-2.00,1522,20.00,2020,21.00,2539,40.00,2494,-1.00,1144,96.00,3661,4.00,1357,0.00,1148,0.00,1051,0.00,1625,0.00,1782,5.00,1588,0.00,896,-3.00,5,2.90
5219,20.00,2429,20.00,3161,20.00,1780,20.00,1447,20.00,1348,6.00,2893,-3.00,5861,26.00,4669,-3.00,1522,20.00,2020,20.00,2539,41.00,2503,-1.00,1144,96.00,3661,2.00,1357,0.00,1148,0.00,1051,0.00,1625,0.00,1782,3.00,1588,-2.00,896,-5.00,5,2.98
5255,20.00,2429,20.00,3161,19.00,1780,20.00,1447,20.00,1348,5.00,2893,-2.00,5861,27.00,4669,-2.00,1522,20.00,2021,20.00,2539,41.00,2510,-1.00,1144,96.00,3661,3.00,1357,0.00,1148,0.00,1051,0.00,1625,0.00,1782,2.00,1588,0.00,896,-4.00,5,2.98
5291,20.00,2429,20.00,3161,20.00,1780,20.00,1447,20.00,1348,6.00,2893,-3.00,5861,27.00,4669,-4.00,1522,20.00,2024,19.00,2539,41.00,2515,-1.00,1144,96.00,3661,3.00,1357,0.00,1148,0.00,1051,0.00,1625,0.00,1782,4.00,1588,0.00,896,-3.00,5,2.98
5327,20.00,2429,21.00,3161,20.00,1780,20.00,1447,20.00,1348,5.00,2893,-1.00,5861,27.00,4669,-4.00,1522,20.00,2030,20.00,2539,39.00,2517,-1.00,1144,95.00,3661,2.00,1357,0.00,1148,0.00,1051,0.00,1625,0.00,1782,4.00,1588,-1.00,896,-5.00,5,2.98
5362,20.00,2429,20.00,3161,20.00,1780,20.00,1447,20.00,1348,5.00,2893,-3.00,5861,27.00,4669,-2.00,1522,19.00,2036,20.00,2539,40.00,2517,0.00,1144,96.00,3661,3.00,1357,0.00,1148,0.00,1051,0.00,1625,0.00,1782,1.00,1588,-1.00,896,-5.00,5,2.90
5398,20.00,2429,20.00,3161,20.00,1780,20.00,1447,20.00,1348,5.00,2893,-2.00,5861,27.00,4669,-3.00,1522,20.00,2042,20.00,2539,40.00,2518,-1.00,1144,96.00,3661,2.00,1357,0.00,1148,0.00,1051,0.00,1625,0.00,1782,3.00,1588,-1.00,896,-3.00,5,2.98
5434,19.00,2429,20.00,3161,20.00,1780,20.00,1447,20.00,1348,5.00,2893,-3.00,5861,27.00,4669,-3.00,1522,21.00,2047,20.00,2539,39.00,2518,-1.00,1144,97.00,3661,4.00,1357,0.00,1148,0.00,1051,0.00,1625,0.00,1782,3.00,1588,-1.00,896,-4.00,5,3.06
5470,21.00,2429,20.00,3161,20.00,1780,20.00,1447,20.00,1348,5.00,2893,-2.00,5861,27.00,4669,-4.00,1522,21.00,2051,21.00,2539,40.00,2518,-1.00,1144,96.00,3661,3.00,1357,0.00,1148,0.00,1051,0.00,1625,0.00,1782,5.00,1588,-1.00,896,-3.00,5,2.90
5505,20.00,2429,19.00,3161,20.00,1780,20.00,1447,20.00,1348,5.00,2893,-2.00,5861,27.00,4669,-2.00,1522,23.00,2053,20.00,2539,40.00,2518,0.00,1144,96.00,3661,2.00,1357,0.00,1148,0.00,1051,0.00,1625,0.00,1782,2.00,1588,0.00,896,-4.00,5,3.23
5541,20.00,2429,20.00,3161,20.00,1780,20.00,1447,20.00,1348,5.00,2893,-2.00,5861,27.00,4669,-3.00,1522,21.00,2053,20.00,2539,40.00,2518,-1.00,1144,96.00,3661,2.00,1357,0.00,1148,0.00,1051,0.00,1625,0.00,1782,2.00,1588,-1.00,896,-3.00,5,3.15
5577,19.00,2429,20.00,3161,20.00,1780,21.00,1447,20.00,1348,5.00,2893,-1.00,5861,28.00,4669,-2.00,1522,20.00,2053,20.00,2539,40.00,2518,-2.00,1144,97.00,3661,2.00,1357,0.00,1148,0.00,1051,0.00,1625,0.00,1782,3.00,1588,-2.00,896,-5.00,5,3.06
5613,20.00,2429,20.00,3161,21.00,1780,20.00,1447,20.00,1348,5.00,2893,-1.00,5861,27.00,4669,-3.00,1522,20.00,2053,20.00,2539,40.00,2518,-1.00,1144,96.00,3661,1.00,1357,0.00,1148,0.00,1051,0.00,1625,0.00,1782,2.00,1588,-1.00,896,-4.00,5,2.90
5648,19.00,2429,20.00,3161,20.00,1780,20.00,1447,20.00,1348,5.00,2893,-2.00,5861,27.00,4669,-3.00,1522,20.00,2053,20.00,2539,39.00,2518,-1.00,1144,96.00,3661,4.00,1357,0.00,1148,0.00,1051,0.00,1625,0.00,1782,3.00,1588,-1.00,896,-3.00,5,3.39
5684,21.00,2429,20.00,3161,21.00,1779,20.00,1447,20.00,1347,5.00,2893,-2.00,5861,28.00,4669,-4.00,1522,20.00,2053,20.00,2539,40.00,2518,-1.00,1144,96.00,3661,4.00,1357,0.00,1148,0.00,1051,0.00,1625,0.00,1782,4.00,1588,-1.00,896,-3.00,5,3.55
5719,19.00,2429,21.00,3161,20.00,1780,20.00,1447,20.00,1348,4.00,2893,-2.00,5861,27.00,4669,-2.00,1522,20.00,2053,21.00,2540,40.00,2518,-1.00,1144,96.00,3661,4.00,1357,0.00,1147,0.00,1051,0.00,1625,0.00,1782,3.00,1588,-1.00,896,-4.00,5,3.47
5755,20.00,2429,20.00,3161,20.00,1780,20.00,1447,20.00,1347,5.00,2893,-2.00,5861,27.00,4669,-3.00,1522,20.00,2053,19.00,2543,38.00,2522,-2.00,1144,96.00,3661,3.00,1357,0.00,1147,0.00,1051,0.00,1625,0.00,1782,4.00,1588,-1.00,896,-4.00,5,3.47
5791,20.00,2429,20.00,3161,19.00,1780,20.00,1447,20.00,1347,5.00,2893,-1.00,5861,26.00,4669,-2.00,1522,20.00,2053,19.00,2548,39.00,2532,-1.00,1144,96.00,3661,5.00,1357,0.00,1146,0.00,1051,0.00,1625,0.00,1782,4.00,1588,-1.00,896,-5.00,5,3.47
5827,20.00,2429,19.00,3161,20.00,1779,20.00,1447,20.00,1347,5.00,2893,-2.00,5861,27.00,4669,-1.00,1522,20.00,2053,20.00,2554,40.00,2542,0.00,1144,95.00,3661,3.00,1357,0.00,1141,0.00,1051,0.00,1625,0.00,1782,4.00,1588,-1.00,896,-3.00,5,3.39
5862,21.00,2429,20.00,3161,21.00,1779,20.00,1446,20.00,1347,5.00,2893,-2.00,5861,27.00,4669,-3.00,1522,20.00,2053,20.00,2559,41.00,2549,-1.00,1144,96.00,3661,5.00,1357,0.00,1132,0.00,1051,0.00,1625,0.00,1782,2.00,1588,-1.00,896,-4.00,5,3.79
5898,21.00,2429,20.00,3161,20.00,1779,20.00,1447,20.00,1347,5.00,2893,-2.00,5861,27.00,4669,-3.00,1522,20.00,2053,20.00,2565,40.00,2554,-1.00,1144,96.00,3661,3.00,1357,0.00,1121,0.00,1050,0.00,1625,0.00,1782,4.00,1588,-2.00,896,-3.00,5,3.71
5934,20.00,2429,21.00,3161,20.00,1779,20.00,1447,20.00,1347,5.00,2893,-1.00,5861,27.00,4669,-4.00,1522,19.00,2054,21.00,2570,41.00,2556,-1.00,1144,95.00,3661,4.00,1357,0.00,1107,0.00,1049,0.00,1625,0.00,1782,2.00,1588,-1.00,896,-3.00,5,3.63
5970,21.00,2429,21.00,3161,20.00,1779,19.00,1446,21.00,1347,5.00,2893,-3.00,5861,27.00,4669,-4.00,1522,19.00,2058,20.00,2574,40.00,2556,-1.00,1144,96.00,3661,4.00,1357,0.00,1092,0.00,1042,0.00,1626,0.00,1782,3.00,1588,-2.00,896,-4.00,5,2.98
6005,20.00,2429,20.00,3161,19.00,1779,20.00,1446,21.00,1347,5.00,2893,-1.00,5861,27.00,4669,-3.00,1522,19.00,2063,20.00,2577,40.00,2556,-1.00,1144,95.00,3661,1.00,1357,0.00,1077,0.00,1029,0.00,1625,0.00,1782,4.00,1588,-1.00,896,-4.00,5,3.47
6041,20.00,2429,20.00,3161,20.00,1779,19.00,1447,20.00,1347,6.00,2893,-1.00,5861,27.00,4669,-5.00,1522,20.00,2068,20.00,2579,40.00,2556,-1.00,1144,96.00,3661,4.00,1357,0.00,1065,0.00,1012,0.00,1625,0.00,1782,4.00,1588,-1.00,896,-5.00,5,3.55
6077,21.00,2429,20.00,3161,20.00,1779,20.00,1446,21.00,1347,5.00,2893,-2.00,5861,27.00,4669,-2.00,1522,21.00,2073,21.00,2579,40.00,2556,0.00,1144,96.00,3661,2.00,1357,0.00,1056,0.00,994,0.00,1625,0.00,1782,2.00,1588,-1.00,896,-5.00,5,2.82
6113,20.00,2429,21.00,3161,20.00,1779,20.00,1446,20.00,1347,6.00,2892,-1.00,5861,27.00,4669,-3.00,1522,20.00,2076,20.00,2579,40.00,2558,0.00,1144,97.00,3661,3.00,1357,0.00,1051,0.00,978,0.00,1625,0.00,1782,2.00,1588,0.00,896,-5.00,5,3.23
6148,20.00,2429,20.00,3161,20.00,1779,20.00,1446,20.00,1347,5.00,2893,-2.00,5861,28.00,4669,-4.00,1522,21.00,2076,21.00,2579,40.00,2563,-2.00,1144,96.00,3661,4.00,1357,0.00,1048,0.00,963,0.00,1625,0.00,1782,3.00,1588,0.00,896,-5.00,5,3.55
6184,20.00,2429,20.00,3161,20.00,1779,20.00,1446,20.00,1347,4.00,2893,-2.00,5861,27.00,4669,-4.00,1522,20.00,2076,20.00,2579,40.00,2569,8.00,1143,96.00,3661,2.00,1357,0.00,1048,0.00,951,0.00,1625,0.00,1782,3.00,1588,-1.00,896,-4.00,5,3.06
6220,21.00,2429,20.00,3161,20.00,1779,20.00,1447,20.00,1347,5.00,2892,-2.00,5861,28.00,4669,-2.00,1522,20.00,2076,20.00,2579,40.00,2574,-1.00,1144,96.00,3661,4.00,1357,0.00,1048,0.00,942,0.00,1625,0.00,1782,4.00,1588,-1.00,896,-4.00,5,3.06
6256,20.00,2429,20.00,3161,20.00,1779,20.00,1447,20.00,1347,4.00,2893,-1.00,5861,27.00,4669,-2.00,1522,20.00,2076,20.00,2579,42.00,2575,-3.00,1144,96.00,3661,1.00,1357,0.00,1048,0.00,937,0.00,1625,0.00,1782,2.00,1588,-1.00,896,-4.00,5,3.06
6291,20.00,2429,20.00,3161,20.00,1779,20.00,1447,20.00,1347,3.00,2892,-3.00,5861,28.00,4669,-3.00,1522,20.00,2076,20.00,2579,40.00,2575,-3.00,1144,96.00,3661,2.00,1357,0.00,1048,0.00,934,0.00,1625,0.00,1782,4.00,1588,-1.00,896,-4.00,5,3.06
6327,20.00,2429,20.00,3161,20.00,1779,20.00,1446,20.00,1347,7.00,2892,-2.00,5861,26.00,4669,-2.00,1522,20.00,2076,19.00,2579,41.00,2575,-1.00,1144,96.00,3661,3.00,1357,0.00,1048,0.00,934,0.00,1625,0.00,1782,3.00,1588,-1.00,896,-4.00,5,2.98
6362,20.00,2429,20.00,3161,20.00,1779,20.00,1446,20.00,1347,7.00,2892,-3.00,5861,27.00,4669,-2.00,1522,20.00,2076,20.00,2579,39.00,2575,-1.00,1144,96.00,3661,4.00,1357,0.00,1048,0.00,934,0.00,1625,0.00,1782,4.00,1588,-1.00,896,-4.00,5,3.15
6398,21.00,2429,20.00,3161,20.00,1779,19.00,1446,20.00,1347,8.00,2892,-3.00,5861,28.00,4669,-3.00,1522,20.00,2076,20.00,2579,40.00,2575,-2.00,1144,96.00,3661,3.00,1357,0.00,1048,0.00,934,0.00,1625,0.00,1782,3.00,1588,-1.00,896,-3.00,5,3.06
6434,21.00,2429,20.00,3161,20.00,1779,20.00,1446,20.00,1347,6.00,2893,-1.00,5861,27.00,4669,-3.00,1522,20.00,2076,20.00,2579,40.00,2575,-1.00,1144,96.00,3661,1.00,1357,0.00,1048,0.00,934,0.00,1625,0.00,1782,3.00,1588,-1.00,896,-3.00,5,2.74
6470,20.00,2429,21.00,3161,20.00,1779,20.00,1446,20.00,1347,1.00,2893,-2.00,5861,27.00,4669,-4.00,1522,20.00,2076,20.00,2579,40.00,2575,-2.00,1144,96.00,3661,4.00,1357,0.00,1048,0.00,934,0.00,1625,0.00,1782,4.00,1588,-1.00,896,-3.00,5,2.74
6506,20.00,2429,20.00,3161,20.00,1779,20.00,1446,20.00,1347,1.00,2892,-3.00,5861,28.00,4669,-4.00,1522,20.00,2076,20.00,2579,40.00,2575,-1.00,1144,96.00,3661,4.00,1357,0.00,1048,0.00,934,0.00,1625,0.00,1782,2.00,1588,-1.00,896,-4.00,5,2.58
6541,20.00,2429,20.00,3161,20.00,1779,20.00,1447,20.00,1347,1.00,2892,-2.00,5861,27.00,4669,-4.00,1522,20.00,2076,20.00,2579,40.00,2575,-1.00,1144,95.00,3661,3.00,1357,0.00,1048,0.00,934,0.00,1625,0.00,1782,2.00,1588,0.00,896,-5.00,5,2.50
6577,20.00,2429,21.00,3161,20.00,1779,20.00,1447,19.00,1347,4.00,2892,-2.00,5861,27.00,4669,-4.00,1522,20.00,2076,20.00,2579,40.00,2575,-1.00,1144,95.00,3661,4.00,1357,0.00,1048,0.00,934,0.00,1625,0.00,1782,3.00,1588,-1.00,896,-4.00,5,2.50
6613,20.00,2429,20.00,3161,21.00,1779,20.00,1447,20.00,1347,7.00,2893,-2.00,5861,26.00,4669,-1.00,1522,20.00,2076,20.00,2579,40.00,2575,-1.00,1144,96.00,3661,4.00,1357,0.00,1048,0.00,934,0.00,1625,0.00,1782,3.00,1588,-1.00,896,-4.00,5,2.26
6649,20.00,2429,20.00,3161,20.00,1779,20.00,1446,20.00,1347,-1.00,2892,-2.00,5861,27.00,4669,-4.00,1522,20.00,2076,20.00,2579,40.00,2575,0.00,1144,96.00,3661,3.00,1357,0.00,1048,0.00,934,0.00,1625,0.00,1782,5.00,1588,-2.00,896,-5.00,5,2.34
6684,20.00,2429,19.00,3161,20.00,1779,20.00,1447,20.00,1347,4.00,2893,-2.00,5861,27.00,4669,-3.00,1522,19.00,2076,24.00,2579,40.00,2575,-2.00,1144,96.00,3661,5.00,1357,0.00,1048,0.00,934,0.00,1625,0.00,1782,2.00,1588,-1.00,896,-4.00,5,2.10
6720,20.00,2429,20.00,3161,21.00,1779,20.00,1446,20.00,1347,8.00,2892,-2.00,5861,26.00,4669,-4.00,1522,20.00,2076,19.00,2579,40.00,2575,-1.00,1144,96.00,3661,4.00,1357,0.00,1048,0.00,934,0.00,1625,0.00,1782,3.00,1588,-1.00,896,-5.00,5,1.85
6756,20.00,2429,20.00,3161,20.00,1779,20.00,1446,20.00,1347,8.00,2892,-2.00,5861,27.00,4669,-4.00,1522,20.00,2076,20.00,2579,39.00,2575,-1.00,1144,96.00,3661,2.00,1357,0.00,1048,0.00,934,0.00,1625,0.00,1782,3.00,1588,-1.00,896,-3.00,5,1.69
6792,19.00,2429,20.00,3161,20.00,1779,20.00,1446,20.00,1347,6.00,2892,-2.00,5861,27.00,4669,-3.00,1522,20.00,2076,20.00,2579,40.00,2575,0.00,1144,97.00,3661,4.00,1357,0.00,1048,0.00,934,0.00,1625,0.00,1782,2.00,1588,0.00,896,-5.00,5,1.53
6827,21.00,2429,20.00,3161,20.00,1779,20.00,1446,20.00,1347,-2.00,2892,-3.00,5861,27.00,4669,-4.00,1522,20.00,2076,20.00,2579,40.00,2575,0.00,1145,96.00,3661,4.00,1357,0.00,1048,0.00,934,0.00,1625,0.00,1782,3.00,1588,-2.00,896,-3.00,5,1.61
6863,19.00,2429,20.00,3161,20.00,1779,20.00,1446,20.00,1347,8.00,2892,-2.00,5861,27.00,4669,-2.00,1522,20.00,2076,20.00,2579,40.00,2575,5.00,1144,96.00,3661,5.00,1357,0.00,1048,0.00,934,0.00,1625,0.00,1782,3.00,1588,-1.00,896,-5.00,5,1.13
6899,20.00,2429,20.00,3161,20.00,1779,19.00,1446,21.00,1347,6.00,2892,-2.00,5861,27.00,4669,-4.00,1522,20.00,2076,21.00,2579,40.00,2575,-1.00,1145,95.00,3661,1.00,1357,0.00,1048,0.00,934,0.00,1625,0.00,1782,4.00,1588,-2.00,896,-4.00,5,1.53
6934,20.00,2429,20.00,3161,21.00,1779,20.00,1446,19.00,1347,7.00,2893,-3.00,5861,27.00,4669,-3.00,1522,20.00,2076,20.00,2579,40.00,2575,-1.00,1145,96.00,3661,2.00,1357,0.00,1048,0.00,934,0.00,1625,0.00,1782,3.00,1588,-1.00,896,-4.00,5,1.37
6970,19.00,2429,19.00,3161,20.00,1779,20.00,1447,20.00,1347,7.00,2892,-1.00,5861,27.00,4669,-3.00,1522,20.00,2076,20.00,2579,40.00,2575,-3.00,1144,95.00,3661,3.00,1357,0.00,1048,0.00,934,0.00,1625,0.00,1782,2.00,1588,-2.00,896,-3.00,5,0.81
7006,20.00,2429,20.00,3161,20.00,1779,20.00,1447,20.00,1347,7.00,2892,-3.00,5861,27.00,4669,-3.00,1522,20.00,2076,20.00,2579,40.00,2575,-5.00,1144,96.00,3661,3.00,1357,0.00,1048,0.00,934,0.00,1625,0.00,1782,2.00,1588,-1.00,896,-4.00,5,0.56
7042,20.00,2429,20.00,3161,19.00,1779,20.00,1447,20.00,1347,-1.00,2892,-1.00,5861,27.00,4669,-3.00,1522,20.00,2076,20.00,2579,40.00,2575,2.00,1145,96.00,3661,4.00,1357,0.00,1048,0.00,935,0.00,1625,0.00,1782,3.00,1588,-2.00,896,-5.00,5,0.56
7077,21.00,2429,20.00,3161,20.00,1779,20.00,1447,20.00,1347,8.00,2892,-3.00,5861,27.00,4669,-4.00,1522,20.00,2076,20.00,2579,40.00,2575,-1.00,1145,96.00,3661,3.00,1357,0.00,1048,0.00,934,0.00,1625,0.00,1782,3.00,1588,-1.00,896,-4.00,5,0.40
7113,20.00,2429,21.00,3161,20.00,1779,20.00,1447,19.00,1347,1.00,2893,-3.00,5861,27.00,4669,-3.00,1522,20.00,2076,20.00,2579,40.00,2575,-2.00,1144,96.00,3661,3.00,1357,0.00,1048,0.00,935,0.00,1625,0.00,1782,4.00,1588,-1.00,896,-4.00,5,0.32
7149,20.00,2429,20.00,3161,21.00,1779,19.00,1447,20.00,1348,3.00,2892,-2.00,5861,26.00,4669,-2.00,1522,20.00,2076,19.00,2579,40.00,2575,-1.00,1144,95.00,3661,4.00,1357,0.00,1048,0.00,935,0.00,1625,0.00,1782,3.00,1588,-1.00,896,-4.00,5,0.16
7185,21.00,2429,20.00,3161,19.00,1779,19.00,1447,21.00,1348,8.00,2893,-2.00,5861,27.00,4669,-2.00,1522,20.00,2076,20.00,2579,40.00,2575,-2.00,1144,96.00,3661,4.00,1357,0.00,1048,0.00,935,0.00,1625,0.00,1782,1.00,1588,-1.00,896,-4.00,5,0.16
7220,20.00,2429,20.00,3161,20.00,1779,21.00,1447,20.00,1348,10.00,2893,-2.00,5861,27.00,4669,-3.00,1522,20.00,2076,20.00,2579,40.00,2575,0.00,1144,96.00,3661,3.00,1357,0.00,1048,0.00,935,0.00,1625,0.00,1782,2.00,1588,-1.00,896,-5.00,5,0.16
7256,20.00,2429,21.00,3161,20.00,1779,20.00,1447,20.00,1348,-2.00,2893,-2.00,5861,27.00,4669,-3.00,1522,20.00,2076,20.00,2579,40.00,2575,0.00,1144,96.00,3661,4.00,1357,0.00,1048,0.00,935,0.00,1625,0.00,1782,4.00,1588,-1.00,896,-4.00,5,0.08
7292,20.00,2429,20.00,3161,21.00,1779,20.00,1447,20.00,1348,6.00,2893,-2.00,5861,27.00,4669,-4.00,1522,20.00,2076,20.00,2579,40.00,2575,-1.00,1144,96.00,3661,3.00,1357,0.00,1049,0.00,935,0.00,1625,0.00,1782,3.00,1588,-1.00,896,-2.00,5,0.08
7328,20.00,2429,20.00,3161,19.00,1779,20.00,1447,20.00,1348,8.00,2892,-2.00,5861,27.00,4669,-2.00,1522,20.00,2076,20.00,2579,40.00,2575,0.00,1144,97.00,3661,2.00,1357,0.00,1049,0.00,935,0.00,1625,0.00,1782,4.00,1588,-1.00,896,-5.00,5,0.00
7364,21.00,2429,20.00,3161,20.00,1779,20.00,1447,20.00,1348,5.00,2893,-2.00,5861,27.00,4669,-3.00,1522,20.00,2076,20.00,2579,40.00,2575,-2.00,1144,96.00,3661,4.00,1357,0.00,1048,0.00,935,0.00,1625,0.00,1782,5.00,1588,-1.00,896,-5.00,5,0.08
7399,21.00,2429,20.00,3161,20.00,1779,20.00,1447,19.00,1348,4.00,2892,-2.00,5861,27.00,4669,-2.00,1522,20.00,2076,20.00,2579,40.00,2575,-1.00,1144,96.00,3661,2.00,1357,0.00,1049,0.00,935,0.00,1625,0.00,1782,4.00,1588,-1.00,896,-3.00,5,0.08
7435,20.00,2429,19.00,3161,21.00,1779,20.00,1447,20.00,1348,6.00,2893,-3.00,5861,27.00,4669,-3.00,1522,20.00,2076,20.00,2579,40.00,2575,-1.00,1144,96.00,3661,2.00,1357,0.00,1048,0.00,935,0.00,1625,0.00,1782,3.00,1588,-2.00,896,-3.00,5,0.16
7471,20.00,2429,20.00,3161,21.00,1779,20.00,1447,20.00,1348,5.00,2893,-1.00,5861,27.00,4669,-2.00,1522,20.00,2076,19.00,2579,40.00,2575,-1.00,1144,96.00,3661,3.00,1357,0.00,1049,0.00,935,0.00,1625,0.00,1782,2.00,1588,-1.00,896,-4.00,5,0.24
7507,20.00,2429,20.00,3161,21.00,1779,20.00,1447,20.00,1348,3.00,2893,-2.00,5861,27.00,4669,-3.00,1522,19.00,2076,20.00,2579,40.00,2575,-1.00,1144,95.00,3661,1.00,1357,0.00,1049,0.00,935,0.00,1625,0.00,1782,2.00,1588,-1.00,896,-4.00,5,0.00
7542,20.00,2429,20.00,3161,20.00,1779,20.00,1447,20.00,1348,5.00,2893,-2.00,5861,27.00,4669,-4.00,1522,20.00,2076,20.00,2579,40.00,2575,-1.00,1144,96.00,3661,3.00,1357,0.00,1049,0.00,935,0.00,1625,0.00,1782,3.00,1588,0.00,896,-5.00,5,0.65
7578,20.00,2429,19.00,3161,20.00,1779,20.00,1447,20.00,1348,5.00,2893,-1.00,5861,27.00,4669,-2.00,1522,20.00,2076,20.00,2579,40.00,2575,0.00,1144,97.00,3661,4.00,1357,0.00,1049,0.00,935,0.00,1625,0.00,1782,5.00,1588,-1.00,896,-5.00,5,0.08
7614,19.00,2429,20.00,3161,19.00,1779,20.00,1447,20.00,1348,6.00,2893,-2.00,5861,27.00,4669,-4.00,1522,20.00,2076,20.00,2579,40.00,2575,0.00,1144,96.00,3661,3.00,1357,0.00,1049,0.00,935,0.00,1625,0.00,1782,2.00,1588,0.00,896,-5.00,5,0.08
7649,19.00,2429,20.00,3161,19.00,1779,20.00,1447,20.00,1348,5.00,2893,-2.00,5861,26.00,4669,-3.00,1522,20.00,2076,20.00,2579,40.00,2575,-1.00,1144,97.00,3661,2.00,1357,0.00,1049,0.00,935,0.00,1625,0.00,1782,4.00,1588,-1.00,896,-5.00,5,0.40
7685,20.00,2429,20.00,3161,19.00,1779,20.00,1447,20.00,1348,5.00,2893,-2.00,5861,27.00,4669,-3.00,1522,20.00,2076,20.00,2579,40.00,2575,-1.00,1144,97.00,3661,2.00,1357,0.00,1049,0.00,935,0.00,1625,0.00,1782,4.00,1588,-1.00,896,-4.00,5,0.16
7721,19.00,2429,21.00,3161,20.00,1779,20.00,1447,20.00,1348,2.00,2893,-3.00,5861,28.00,4669,-2.00,1522,20.00,2076,20.00,2579,40.00,2575,-2.00,1144,96.00,3661,4.00,1357,0.00,1048,0.00,935,0.00,1625,0.00,1782,4.00,1588,0.00,896,-5.00,5,0.08
7756,20.00,2429,20.00,3161,20.00,1779,20.00,1447,20.00,1348,5.00,2893,-2.00,5861,27.00,4669,-4.00,1522,20.00,2076,19.00,2579,40.00,2575,-1.00,1144,96.00,3661,2.00,1357,0.00,1049,0.00,935,0.00,1625,0.00,1782,4.00,1588,-1.00,896,-4.00,5,0.08
7792,19.00,2429,20.00,3161,20.00,1779,20.00,1447,20.00,1348,5.00,2893,-3.00,5861,27.00,4669,-3.00,1522,20.00,2076,19.00,2579,39.00,2575,-1.00,1144,96.00,3661,2.00,1357,0.00,1049,0.00,935,0.00,1625,0.00,1782,5.00,1588,0.00,896,-3.00,5,0.32
7828,19.00,2429,20.00,3162,20.00,1779,20.00,1447,20.00,1348,5.00,2893,-2.00,5861,27.00,4669,-2.00,1522,20.00,2076,20.00,2579,40.00,2575,-2.00,1144,96.00,3661,2.00,1357,0.00,1049,0.00,935,0.00,1625,0.00,1782,1.00,1588,-1.00,896,-4.00,5,0.08
7864,20.00,2429,20.00,3161,21.00,1779,20.00,1447,20.00,1348,5.00,2893,-3.00,5861,27.00,4669,-3.00,1522,20.00,2076,20.00,2579,41.00,2575,-1.00,1144,96.00,3661,2.00,1357,0.00,1049,0.00,935,0.00,1625,0.00,1782,2.00,1588,-1.00,896,-3.00,5,0.32
7899,21.00,2429,21.00,3161,20.00,1779,20.00,1447,20.00,1348,4.00,2893,-1.00,5861,27.00,4669,-3.00,1522,20.00,2076,20.00,2579,41.00,2575,-1.00,1144,96.00,3661,3.00,1357,0.00,1049,0.00,935,0.00,1625,0.00,1782,3.00,1588,-1.00,896,-4.00,5,0.00
7935,21.00,2429,20.00,3162,19.00,1779,20.00,1447,20.00,1348,5.00,2893,-2.00,5861,27.00,4669,-3.00,1522,20.00,2076,20.00,2579,40.00,2575,-1.00,1144,96.00,3661,4.00,1357,0.00,1049,0.00,935,0.00,1625,0.00,1782,2.00,1588,-2.00,896,-5.00,5,0.08
7971,20.00,2429,20.00,3162,20.00,1779,20.00,1447,20.00,1348,5.00,2893,-2.00,5861,27.00,4669,-3.00,1522,20.00,2076,20.00,2579,40.00,2575,-1.00,1144,96.00,3661,4.00,1357,0.00,1048,0.00,935,0.00,1625,0.00,1782,3.00,1588,-1.00,896,-3.00,5,0.16
8006,20.00,2429,19.00,3162,20.00,1779,20.00,1447,20.00,1348,6.00,2893,-1.00,5861,27.00,4669,-3.00,1522,20.00,2076,20.00,2579,40.00,2575,-1.00,1144,95.00,3661,3.00,1357,0.00,1049,0.00,935,0.00,1625,0.00,1782,2.00,1588,-1.00,896,-4.00,5,0.16
8042,20.00,2429,20.00,3162,19.00,1779,20.00,1447,20.00,1348,5.00,2893,-2.00,5861,27.00,4669,-3.00,1522,20.00,2076,19.00,2579,40.00,2575,-1.00,1144,96.00,3661,3.00,1357,0.00,1048,0.00,935,0.00,1625,0.00,1782,3.00,1588,-1.00,896,-3.00,5,0.00
8078,20.00,2429,20.00,3161,20.00,1779,20.00,1447,20.00,1348,4.00,2893,-2.00,5861,27.00,4669,-4.00,1522,20.00,2076,20.00,2579,40.00,2575,-1.00,1144,97.00,3661,4.00,1357,0.00,1049,0.00,935,0.00,1625,0.00,1782,2.00,1588,0.00,896,-4.00,5,0.00
8114,20.00,2429,20.00,3161,20.00,1779,20.00,1447,20.00,1348,6.00,2893,-2.00,5861,27.00,4669,-3.00,1522,20.00,2076,20.00,2579,40.00,2575,-1.00,1144,96.00,3661,3.00,1357,0.00,1049,0.00,935,0.00,1625,0.00,1782,3.00,1588,-1.00,896,-5.00,5,0.00
8149,19.00,2429,20.00,3162,21.00,1779,20.00,1447,20.00,1348,5.00,2893,-2.00,5861,27.00,4669,-4.00,1522,20.00,2076,21.00,2579,40.00,2575,0.00,1144,96.00,3661,4.00,1357,0.00,1048,0.00,935,0.00,1625,0.00,1782,4.00,1588,-2.00,896,-3.00,5,0.08
8185,20.00,2429,20.00,3161,20.00,1779,20.00,1447,20.00,1348,5.00,2893,-2.00,5861,27.00,4669,-2.00,1522,20.00,2076,20.00,2579,40.00,2575,0.00,1144,97.00,3661,1.00,1357,0.00,1048,0.00,935,0.00,1625,0.00,1782,2.00,1588,-1.00,896,-3.00,5,0.24
8220,20.00,2429,20.00,3161,20.00,1779,20.00,1447,20.00,1348,6.00,2893,-2.00,5861,27.00,4669,-3.00,1522,20.00,2076,20.00,2579,40.00,2575,-2.00,1144,96.00,3661,4.00,1357,0.00,1048,0.00,935,0.00,1625,0.00,1782,2.00,1588,-1.00,896,-4.00,5,0.08
8256,20.00,2429,20.00,3162,20.00,1779,20.00,1447,20.00,1348,5.00,2893,-2.00,5861,27.00,4669,-2.00,1522,20.00,2076,20.00,2579,40.00,2575,-2.00,1144,95.00,3661,4.00,1357,0.00,1049,0.00,935,0.00,1625,0.00,1782,4.00,1588,-1.00,896,-5.00,5,0.08
8292,20.00,2429,20.00,3161,20.00,1779,20.00,1447,20.00,1348,5.00,2893,-1.00,5861,26.00,4669,-3.00,1522,20.00,2076,20.00,2579,40.00,2575,-1.00,1144,96.00,3661,1.00,1357,0.00,1048,0.00,935,0.00,1625,0.00,1782,4.00,1588,-2.00,896,-4.00,5,0.16
8328,20.00,2429,19.00,3162,20.00,1779,20.00,1447,20.00,1348,5.00,2893,-2.00,5861,27.00,4669,-2.00,1522,21.00,2076,20.00,2579,40.00,2575,-1.00,1144,96.00,3661,4.00,1357,0.00,1049,0.00,935,0.00,1625,0.00,1782,3.00,1588,-2.00,896,-5.00,5,0.40
8363,20.00,2429,19.00,3161,20.00,1779,20.00,1447,20.00,1348,5.00,2893,-3.00,5861,27.00,4669,-2.00,1522,20.00,2076,20.00,2579,40.00,2575,0.00,1144,96.00,3661,3.00,1357,0.00,1048,0.00,935,0.00,1625,0.00,1782,4.00,1588,-1.00,896,-4.00,5,0.16
8399,19.00,2429,20.00,3161,20.00,1779,20.00,1447,20.00,1348,6.00,2893,-2.00,5861,27.00,4669,-3.00,1522,20.00,2076,20.00,2579,40.00,2575,-2.00,1144,96.00,3661,3.00,1357,0.00,1049,0.00,935,0.00,1625,0.00,1782,5.00,1588,-1.00,896,-4.00,5,0.16
8435,20.00,2429,20.00,3161,20.00,1779,20.00,1447,20.00,1348,5.00,2892,-2.00,5861,28.00,4669,-5.00,1522,20.00,2076,19.00,2579,40.00,2575,-1.00,1144,96.00,3661,3.00,1357,0.00,1048,0.00,935,0.00,1625,0.00,1782,1.00,1588,-1.00,896,-4.00,5,0.08
8471,20.00,2429,20.00,3161,20.00,1779,20.00,1447,21.00,1348,5.00,2893,-2.00,5861,27.00,4669,-4.00,1522,20.00,2076,20.00,2579,40.00,2575,-1.00,1144,95.00,3661,2.00,1357,0.00,1049,0.00,935,0.00,1625,0.00,1782,1.00,1588,-1.00,896,-4.00,5,0.00
8506,20.00,2429,20.00,3161,20.00,1779,20.00,1447,20.00,1348,5.00,2893,-1.00,5861,27.00,4669,-4.00,1522,21.00,2076,20.00,2579,40.00,2575,-2.00,1144,96.00,3661,2.00,1357,0.00,1048,0.00,935,0.00,1625,0.00,1782,2.00,1588,-1.00,896,-4.00,5,0.08
8542,20.00,2429,19.00,3161,20.00,1779,20.00,1447,20.00,1348,5.00,2893,-2.00,5861,27.00,4669,-2.00,1522,20.00,2076,20.00,2579,40.00,2575,-1.00,1144,96.00,3661,2.00,1357,0.00,1049,0.00,935,0.00,1625,0.00,1782,4.00,1588,-1.00,896,-4.00,5,0.00
8578,20.00,2429,21.00,3162,20.00,1779,19.00,1447,20.00,1348,6.00,2893,-2.00,5861,27.00,4669,-2.00,1522,20.00,2076,20.00,2579,40.00,2575,-2.00,1144,96.00,3661,4.00,1357,0.00,1048,0.00,935,0.00,1625,0.00,1782,4.00,1588,-2.00,896,-3.00,5,0.08
8613,20.00,2429,21.00,3162,20.00,1779,20.00,1447,20.00,1348,5.00,2893,-2.00,5861,27.00,4669,-2.00,1522,20.00,2076,20.00,2579,40.00,2575,0.00,1144,96.00,3661,3.00,1357,0.00,1049,0.00,935,0.00,1625,0.00,1782,5.00,1588,-2.00,896,-3.00,5,0.00
8649,20.00,2429,20.00,3162,20.00,1779,20.00,1447,20.00,1348,4.00,2893,-3.00,5861,27.00,4669,-4.00,1522,19.00,2076,20.00,2579,40.00,2575,0.00,1144,96.00,3661,3.00,1357,0.00,1049,0.00,935,0.00,1625,0.00,1782,4.00,1588,-1.00,896,-3.00,5,0.08
8685,21.00,2429,20.00,3161,20.00,1779,21.00,1447,20.00,1348,4.00,2893,-1.00,5861,27.00,4669,-2.00,1522,20.00,2076,19.00,2579,40.00,2575,-1.00,1144,96.00,3661,2.00,1357,0.00,1049,0.00,935,0.00,1625,0.00,1782,5.00,1588,-1.00,896,-4.00,5,0.00
8720,19.00,2429,20.00,3162,20.00,1779,20.00,1447,20.00,1348,5.00,2893,-1.00,5861,27.00,4669,-4.00,1522,20.00,2076,20.00,2579,40.00,2575,-1.00,1144,96.00,3661,4.00,1357,0.00,1049,0.00,935,0.00,1625,0.00,1782,4.00,1588,-1.00,896,-5.00,5,0.24
8756,20.00,2429,20.00,3162,20.00,1779,21.00,1447,20.00,1348,5.00,2893,-2.00,5861,26.00,4669,-2.00,1522,20.00,2076,20.00,2579,40.00,2575,-1.00,1144,96.00,3661,4.00,1357,0.00,1049,0.00,935,0.00,1625,0.00,1782,3.00,1588,-1.00,896,-2.00,5,0.08
8792,21.00,2429,20.00,3161,20.00,1779,20.00,1447,20.00,1348,5.00,2893,-1.00,5861,27.00,4669,-2.00,1522,20.00,2076,20.00,2579,40.00,2575,-1.00,1144,95.00,3661,4.00,1357,0.00,1048,0.00,935,0.00,1625,0.00,1782,1.00,1588,-1.00,896,-5.00,5,0.08
8827,20.00,2429,20.00,3162,20.00,1779,20.00,1447,20.00,1348,5.00,2893,-3.00,5861,27.00,4669,-2.00,1522,20.00,2076,20.00,2579,40.00,2575,-1.00,1144,96.00,3661,4.00,1357,0.00,1048,0.00,935,0.00,1625,0.00,1782,4.00,1588,-1.00,896,-4.00,5,0.08
8863,20.00,2429,21.00,3161,20.00,1779,20.00,1447,20.00,1348,5.00,2893,-2.00,5861,27.00,4669,-3.00,1522,21.00,2076,20.00,2579,40.00,2575,-1.00,1144,97.00,3661,2.00,1357,0.00,1049,0.00,935,0.00,1625,0.00,1782,3.00,1588,-1.00,896,-3.00,5,0.16
8899,20.00,2429,20.00,3162,20.00,1779,20.00,1447,20.00,1348,5.00,2893,-2.00,5861,27.00,4669,-4.00,1522,20.00,2076,20.00,2579,40.00,2575,-1.00,1144,96.00,3661,4.00,1357,0.00,1049,0.00,935,0.00,1625,0.00,1782,4.00,1588,-1.00,896,-4.00,5,0.16
8935,20.00,2429,20.00,3162,20.00,1779,20.00,1447,20.00,1348,5.00,2893,-3.00,5861,27.00,4669,-3.00,1522,20.00,2076,20.00,2579,40.00,2575,-2.00,1144,96.00,3661,3.00,1357,0.00,1049,0.00,935,0.00,1625,0.00,1782,2.00,1588,-1.00,896,-5.00,5,0.24
8971,20.00,2429,20.00,3161,19.00,1779,20.00,1447,19.00,1348,5.00,2893,-1.00,5861,27.00,4669,-3.00,1522,20.00,2076,20.00,2579,40.00,2575,-1.00,1144,96.00,3661,3.00,1357,0.00,1048,0.00,935,0.00,1625,0.00,1782,4.00,1588,-1.00,896,-3.00,5,0.16
9006,20.00,2429,20.00,3161,20.00,1779,19.00,1447,20.00,1348,6.00,2893,-2.00,5861,27.00,4669,-4.00,1522,20.00,2076,21.00,2579,40.00,2575,-1.00,1144,96.00,3661,3.00,1357,0.00,1049,0.00,935,0.00,1625,0.00,1782,2.00,1588,-1.00,896,-3.00,5,0.00
9042,20.00,2429,20.00,3161,20.00,1779,20.00,1447,20.00,1348,5.00,2893,-3.00,5861,27.00,4669,-2.00,1522,20.00,2076,20.00,2579,40.00,2575,-1.00,1144,96.00,3661,4.00,1357,0.00,1049,0.00,935,0.00,1625,0.00,1782,2.00,1588,0.00,896,-5.00,5,0.00
9078,21.00,2429,20.00,3161,20.00,1779,21.00,1447,20.00,1348,5.00,2893,-3.00,5861,27.00,4669,-2.00,1522,20.00,2076,20.00,2579,40.00,2575,-2.00,1144,96.00,3661,2.00,1357,0.00,1048,0.00,935,0.00,1625,0.00,1782,2.00,1588,-1.00,896,-4.00,5,0.08
9113,20.00,2429,20.00,3161,20.00,1779,20.00,1447,20.00,1348,5.00,2893,-3.00,5861,27.00,4669,-3.00,1522,20.00,2076,20.00,2579,40.00,2575,0.00,1144,96.00,3661,3.00,1357,0.00,1048,0.00,935,0.00,1625,0.00,1782,4.00,1588,-1.00,896,-5.00,5,0.00
9149,20.00,2429,20.00,3162,20.00,1779,20.00,1447,20.00,1348,5.00,2893,-3.00,5861,28.00,4669,-4.00,1522,20.00,2076,21.00,2579,40.00,2575,-1.00,1144,96.00,3661,3.00,1357,0.00,1049,0.00,935,0.00,1625,0.00,1782,4.00,1588,-1.00,896,-4.00,5,0.24
9185,20.00,2429,20.00,3162,20.00,1779,20.00,1447,21.00,1348,6.00,2893,-3.00,5861,27.00,4669,-2.00,1522,19.00,2076,21.00,2579,40.00,2575,-1.00,1144,96.00,3661,3.00,1357,0.00,1049,0.00,935,0.00,1625,0.00,1782,1.00,1588,-1.00,896,-5.00,5,0.08
9221,20.00,2429,20.00,3161,21.00,1779,20.00,1447,20.00,1348,5.00,2893,-2.00,5861,27.00,4669,-3.00,1522,20.00,2076,20.00,2579,40.00,2575,-2.00,1144,96.00,3661,3.00,1357,0.00,1048,0.00,935,0.00,1625,0.00,1782,3.00,1588,-1.00,896,-3.00,5,0.08
9256,20.00,2429,21.00,3161,20.00,1779,19.00,1447,20.00,1348,5.00,2892,-2.00,5861,27.00,4669,-2.00,1522,20.00,2076,20.00,2579,40.00,2575,-1.00,1144,96.00,3661,3.00,1357,0.00,1048,0.00,935,0.00,1625,0.00,1782,3.00,1588,-1.00,896,-5.00,5,0.00
9292,20.00,2429,20.00,3161,20.00,1779,20.00,1447,20.00,1348,6.00,2893,-2.00,5861,27.00,4669,-2.00,1522,20.00,2076,21.00,2579,40.00,2575,-1.00,1144,96.00,3661,3.00,1357,0.00,1049,0.00,935,0.00,1625,0.00,1782,2.00,1588,-1.00,896,-4.00,5,0.08
9328,20.00,2429,20.00,3161,21.00,1779,20.00,1447,20.00,1348,5.00,2893,-2.00,5861,27.00,4669,-3.00,1522,20.00,2076,19.00,2579,40.00,2575,-1.00,1144,96.00,3661,3.00,1357,0.00,1049,0.00,935,0.00,1625,0.00,1782,3.00,1588,-1.00,896,-3.00,5,0.00
9364,20.00,2429,20.00,3161,19.00,1779,20.00,1447,20.00,1348,5.00,2893,-2.00,5861,27.00,4669,-3.00,1522,20.00,2076,20.00,2579,40.00,2575,0.00,1144,96.00,3661,2.00,1357,0.00,1049,0.00,935,0.00,1625,0.00,1782,2.00,1588,-1.00,896,-3.00,5,0.16
9399,20.00,2429,20.00,3161,20.00,1779,20.00,1447,20.00,1348,4.00,2893,-1.00,5861,27.00,4669,-2.00,1522,20.00,2076,20.00,2579,40.00,2575,-1.00,1144,96.00,3661,1.00,1357,0.00,1048,0.00,935,0.00,1625,0.00,1782,4.00,1588,-1.00,896,-6.00,5,0.40
9435,20.00,2429,20.00,3161,20.00,1779,20.00,1447,20.00,1348,5.00,2893,-2.00,5861,28.00,4669,-3.00,1522,20.00,2076,20.00,2579,40.00,2575,-1.00,1144,96.00,3661,4.00,1357,0.00,1048,0.00,935,0.00,1625,0.00,1782,3.00,1588,-1.00,896,-4.00,5,0.08
9471,20.00,2429,20.00,3162,20.00,1779,20.00,1447,20.00,1348,5.00,2893,-2.00,5861,27.00,4669,-2.00,1522,20.00,2076,20.00,2579,40.00,2575,-2.00,1144,96.00,3661,2.00,1357,0.00,1048,0.00,935,0.00,1625,0.00,1782,3.00,1588,0.00,896,-4.00,5,0.08
9507,20.00,2429,20.00,3162,20.00,1779,20.00,1447,20.00,1348,5.00,2893,-1.00,5861,27.00,4669,-3.00,1522,20.00,2076,20.00,2579,40.00,2575,-1.00,1144,96.00,3661,3.00,1357,0.00,1048,0.00,935,0.00,1625,0.00,1782,4.00,1588,0.00,896,-5.00,5,0.16
9543,20.00,2429,20.00,3161,20.00,1779,20.00,1447,20.00,1348,5.00,2893,-2.00,5861,27.00,4669,-2.00,1522,20.00,2076,20.00,2579,40.00,2575,-1.00,1144,96.00,3661,5.00,1357,0.00,1049,0.00,935,0.00,1625,0.00,1782,3.00,1588,-1.00,896,-5.00,5,0.08
9578,19.00,2429,21.00,3161,20.00,1779,20.00,1447,20.00,1348,6.00,2893,-2.00,5861,27.00,4669,-3.00,1522,20.00,2076,20.00,2579,40.00,2575,-1.00,1144,96.00,3661,4.00,1357,0.00,1048,0.00,935,0.00,1625,0.00,1782,2.00,1588,-1.00,896,-5.00,5,0.00
9614,20.00,2429,21.00,3162,20.00,1779,20.00,1447,19.00,1348,5.00,2893,-2.00,5861,27.00,4669,-3.00,1522,20.00,2076,20.00,2579,40.00,2575,-1.00,1144,96.00,3661,2.00,1357,0.00,1048,0.00,935,0.00,1625,0.00,1782,4.00,1588,-1.00,896,-5.00,5,0.00
9650,20.00,2429,20.00,3161,20.00,1779,20.00,1447,20.00,1348,5.00,2893,-2.00,5861,27.00,4669,-2.00,1522,20.00,2076,21.00,2579,41.00,2575,-2.00,1144,96.00,3661,3.00,1357,0.00,1049,0.00,935,0.00,1625,0.00,1782,4.00,1588,-1.00,896,-4.00,5,0.16
9686,20.00,2429,20.00,3161,20.00,1779,21.00,1447,20.00,1348,5.00,2892,-2.00,5861,27.00,4669,-2.00,1522,20.00,2076,20.00,2579,40.00,2575,-1.00,1144,96.00,3661,1.00,1357,0.00,1048,0.00,935,0.00,1625,0.00,1782,4.00,1588,0.00,896,-4.00,5,0.00
9721,21.00,2429,20.00,3161,20.00,1779,20.00,1447,20.00,1348,5.00,2893,-2.00,5861,27.00,4669,-2.00,1522,20.00,2076,21.00,2579,40.00,2575,-1.00,1144,96.00,3661,3.00,1357,0.00,1048,0.00,935,0.00,1625,0.00,1782,3.00,1588,-1.00,896,-4.00,5,0.00
9757,20.00,2429,21.00,3162,20.00,1779,20.00,1447,20.00,1348,5.00,2893,-1.00,5861,27.00,4669,-4.00,1522,20.00,2076,20.00,2579,40.00,2575,-1.00,1144,96.00,3661,3.00,1357,0.00,1049,0.00,935,0.00,1625,0.00,1782,2.00,1588,-1.00,896,-4.00,5,0.08
9793,19.00,2429,19.00,3161,20.00,1779,20.00,1447,20.00,1348,4.00,2893,-2.00,5861,28.00,4669,-3.00,1522,20.00,2076,20.00,2579,39.00,2575,-1.00,1144,96.00,3661,4.00,1357,0.00,1049,0.00,935,0.00,1625,0.00,1782,4.00,1588,-2.00,896,-3.00,5,0.00
9829,20.00,2429,20.00,3162,21.00,1779,20.00,1447,20.00,1348,5.00,2893,-1.00,5861,27.00,4669,-4.00,1522,20.00,2076,20.00,2579,40.00,2575,0.00,1144,96.00,3661,4.00,1357,0.00,1049,0.00,935,0.00,1625,0.00,1782,2.00,1588,-1.00,896,-3.00,5,0.24
9865,21.00,2429,19.00,3161,20.00,1779,20.00,1447,20.00,1348,5.00,2893,-1.00,5861,26.00,4669,-2.00,1522,20.00,2076,20.00,2579,40.00,2575,-1.00,1144,96.00,3661,2.00,1357,0.00,1049,0.00,935,0.00,1625,0.00,1782,2.00,1588,-1.00,896,-4.00,5,0.08
9900,21.00,2429,20.00,3161,20.00,1779,19.00,1447,20.00,1348,5.00,2893,-2.00,5861,26.00,4669,-2.00,1522,20.00,2076,20.00,2579,40.00,2575,-1.00,1144,96.00,3661,4.00,1357,0.00,1048,0.00,935,0.00,1625,0.00,1782,2.00,1588,-1.00,896,-5.00,5,0.32
9936,21.00,2429,20.00,3162,20.00,1779,20.00,1447,20.00,1348,5.00,2893,-3.00,5861,27.00,4669,-4.00,1522,20.00,2076,20.00,2579,40.00,2575,-1.00,1144,96.00,3661,4.00,1357,0.00,1049,0.00,935,0.00,1625,0.00,1782,4.00,1588,-1.00,896,-4.00,5,0.08
9972,20.00,2429,20.00,3162,20.00,1779,20.00,1447,21.00,1348,5.00,2893,-2.00,5861,26.00,4669,-3.00,1522,20.00,2076,20.00,2579,40.00,2575,0.00,1144,96.00,3661,2.00,1357,0.00,1049,0.00,935,0.00,1625,0.00,1782,1.00,1588,-1.00,896,-4.00,5,0.08
10008,20.00,2429,20.00,3162,20.00,1779,20.00,1447,20.00,1348,5.00,2893,-2.00,5861,27.00,4669,-2.00,1522,20.00,2076,19.00,2579,39.00,2575,-1.00,1144,96.00,3661,2.00,1357,0.00,1048,0.00,935,0.00,1625,0.00,1782,4.00,1588,-1.00,896,-4.00,5,0.08
10044,20.00,2429,20.00,3162,20.00,1779,20.00,1447,20.00,1348,5.00,2893,-2.00,5861,27.00,4669,-2.00,1522,20.00,2076,20.00,2579,41.00,2575,-1.00,1144,96.00,3661,4.00,1357,0.00,1049,0.00,935,0.00,1625,0.00,1782,4.00,1588,-1.00,896,-3.00,5,0.08
10079,20.00,2429,21.00,3162,20.00,1779,20.00,1447,20.00,1348,5.00,2893,-2.00,5861,27.00,4669,-4.00,1522,20.00,2076,19.00,2579,40.00,2575,-2.00,1144,96.00,3661,2.00,1357,0.00,1049,0.00,935,0.00,1625,0.00,1782,2.00,1588,0.00,896,-4.00,5,0.08
10115,21.00,2429,20.00,3162,19.00,1779,20.00,1447,20.00,1348,6.00,2893,-2.00,5861,27.00,4669,-3.00,1522,20.00,2076,21.00,2579,40.00,2575,-1.00,1144,96.00,3661,3.00,1357,0.00,1049,0.00,935,0.00,1625,0.00,1782,5.00,1588,0.00,896,-5.00,5,0.00
10151,20.00,2429,20.00,3161,20.00,1779,19.00,1447,20.00,1348,5.00,2893,-2.00,5861,27.00,4669,-4.00,1522,20.00,2076,20.00,2579,40.00,2575,0.00,1144,96.00,3661,4.00,1357,0.00,1048,0.00,935,0.00,1625,0.00,1782,2.00,1588,-1.00,896,-4.00,5,0.56
10186,20.00,2429,20.00,3162,20.00,1779,19.00,1447,19.00,1348,5.00,2893,-2.00,5861,27.00,4669,-2.00,1522,20.00,2076,20.00,2579,40.00,2575,-1.00,1144,96.00,3661,5.00,1357,0.00,1048,0.00,935,0.00,1625,0.00,1782,3.00,1588,-1.00,896,-4.00,5,0.08
10222,20.00,2429,20.00,3162,20.00,1779,20.00,1447,20.00,1348,4.00,2893,-2.00,5861,27.00,4669,-4.00,1522,19.00,2076,20.00,2579,40.00,2575,-1.00,1144,96.00,3661,3.00,1357,0.00,1048,0.00,935,0.00,1625,0.00,1782,3.00,1588,-1.00,896,-4.00,5,0.00
10258,20.00,2429,20.00,3161,19.00,1779,20.00,1447,20.00,1348,5.00,2893,-2.00,5861,27.00,4669,-2.00,1522,20.00,2076,20.00,2579,40.00,2575,-1.00,1144,96.00,3661,2.00,1357,0.00,1049,0.00,935,0.00,1625,0.00,1782,3.00,1588,-1.00,896,-4.00,5,0.08
10294,20.00,2429,20.00,3162,20.00,1779,20.00,1447,20.00,1348,5.00,2893,-1.00,5861,27.00,4669,-4.00,1522,20.00,2076,20.00,2579,40.00,2575,-1.00,1144,96.00,3661,3.00,1357,0.00,1049,0.00,935,0.00,1625,0.00,1782,1.00,1588,0.00,896,-4.00,5,0.00
10329,20.00,2429,20.00,3162,20.00,1779,20.00,1447,20.00,1348,6.00,2893,-2.00,5861,26.00,4669,-2.00,1522,20.00,2076,20.00,2579,40.00,2575,-2.00,1144,96.00,3661,4.00,1357,0.00,1048,0.00,935,0.00,1625,0.00,1782,2.00,1588,-1.00,896,-3.00,5,0.16
10365,20.00,2429,20.00,3161,20.00,1779,20.00,1447,20.00,1348,6.00,2893,-2.00,5861,27.00,4669,-2.00,1522,20.00,2076,20.00,2579,40.00,2575,-2.00,1144,96.00,3661,4.00,1357,0.00,1049,0.00,935,0.00,1625,0.00,1782,2.00,1588,-1.00,896,-5.00,5,0.00
10401,20.00,2429,20.00,3162,19.00,1779,20.00,1447,19.00,1348,5.00,2893,-1.00,5861,27.00,4669,-4.00,1522,20.00,2076,20.00,2579,40.00,2575,0.00,1144,96.00,3661,3.00,1357,0.00,1049,0.00,935,0.00,1625,0.00,1782,4.00,1588,0.00,896,-4.00,5,0.00
10437,20.00,2429,20.00,3161,19.00,1779,20.00,1447,20.00,1348,6.00,2893,-2.00,5861,27.00,4669,-2.00,1522,20.00,2076,20.00,2579,40.00,2575,-1.00,1144,96.00,3661,4.00,1357,0.00,1048,0.00,935,0.00,1625,0.00,1782,4.00,1588,-1.00,896,-5.00,5,0.40
10472,21.00,2429,19.00,3162,20.00,1780,20.00,1447,20.00,1348,5.00,2893,-2.00,5861,27.00,4669,-2.00,1522,20.00,2076,20.00,2579,40.00,2575,-1.00,1144,95.00,3661,2.00,1357,0.00,1048,0.00,935,0.00,1625,0.00,1782,4.00,1588,-1.00,896,-3.00,5,0.08
10508,20.00,2429,20.00,3161,21.00,1779,20.00,1447,20.00,1348,-3.00,2893,-2.00,5861,27.00,4669,-4.00,1522,20.00,2076,20.00,2579,40.00,2575,-1.00,1144,97.00,3661,2.00,1357,0.00,1049,0.00,935,0.00,1625,0.00,1782,1.00,1588,-1.00,896,-5.00,5,0.40
10544,20.00,2429,20.00,3161,20.00,1779,20.00,1447,20.00,1348,4.00,2893,-3.00,5861,27.00,4669,-3.00,1522,19.00,2076,20.00,2579,40.00,2575,0.00,1144,96.00,3661,3.00,1357,0.00,1049,0.00,935,0.00,1625,0.00,1782,5.00,1588,-2.00,896,-4.00,5,0.08
10580,19.00,2429,20.00,3161,20.00,1779,20.00,1447,19.00,1348,4.00,2893,-2.00,5861,27.00,4669,-2.00,1522,20.00,2076,20.00,2579,40.00,2575,-1.00,1144,97.00,3661,4.00,1357,0.00,1048,0.00,935,0.00,1625,0.00,1782,3.00,1588,0.00,896,-5.00,5,0.40
10615,20.00,2429,20.00,3161,20.00,1779,20.00,1447,21.00,1348,5.00,2893,-2.00,5861,27.00,4669,-3.00,1522,20.00,2076,20.00,2579,40.00,2575,-1.00,1144,96.00,3661,3.00,1357,0.00,1049,0.00,935,0.00,1625,0.00,1782,4.00,1588,-1.00,896,-5.00,5,0.08
10651,20.00,2429,19.00,3161,20.00,1779,20.00,1447,20.00,1348,5.00,2893,-3.00,5861,27.00,4669,-2.00,1522,20.00,2076,19.00,2579,40.00,2575,-1.00,1144,97.00,3661,4.00,1357,0.00,1049,0.00,935,0.00,1625,0.00,1782,5.00,1588,-1.00,896,-3.00,5,0.24
10687,19.00,2429,20.00,3162,19.00,1779,21.00,1447,20.00,1348,5.00,2893,-3.00,5861,28.00,4669,-3.00,1522,19.00,2076,20.00,2579,40.00,2575,-1.00,1144,96.00,3661,3.00,1357,0.00,1049,0.00,935,0.00,1625,0.00,1782,4.00,1588,-1.00,896,-5.00,5,0.08
10722,20.00,2429,20.00,3161,20.00,1780,21.00,1447,20.00,1348,5.00,2893,-2.00,5861,26.00,4669,-4.00,1522,20.00,2076,20.00,2579,40.00,2575,0.00,1144,97.00,3661,2.00,1357,0.00,1049,0.00,935,0.00,1625,0.00,1782,4.00,1588,-1.00,896,-4.00,5,0.24
10758,20.00,2429,20.00,3161,20.00,1779,20.00,1447,20.00,1348,5.00,2893,-3.00,5861,27.00,4669,-3.00,1522,20.00,2076,19.00,2579,40.00,2575,-1.00,1144,96.00,3661,3.00,1357,0.00,1049,0.00,935,0.00,1625,0.00,1782,3.00,1588,-1.00,896,-5.00,5,0.00
10794,19.00,2429,20.00,3161,20.00,1779,20.00,1447,20.00,1348,5.00,2893,-2.00,5861,27.00,4669,-4.00,1522,20.00,2076,20.00,2579,40.00,2575,0.00,1144,96.00,3661,3.00,1357,0.00,1048,0.00,935,0.00,1625,0.00,1782,2.00,1588,-1.00,896,-3.00,5,0.16
10830,19.00,2429,20.00,3161,20.00,1779,21.00,1447,20.00,1348,5.00,2893,-1.00,5861,27.00,4669,-3.00,1522,20.00,2076,20.00,2579,40.00,2575,-1.00,1144,96.00,3661,4.00,1357,0.00,1048,0.00,935,0.00,1625,0.00,1782,2.00,1588,0.00,896,-3.00,5,0.16
10866,20.00,2429,20.00,3162,20.00,1779,20.00,1447,20.00,1348,5.00,2893,-2.00,5861,27.00,4669,-4.00,1522,20.00,2076,20.00,2579,39.00,2575,-2.00,1144,96.00,3661,3.00,1357,0.00,1049,0.00,935,0.00,1625,0.00,1782,3.00,1588,-1.00,896,-3.00,5,0.08
10901,20.00,2429,21.00,3161,21.00,1779,19.00,1447,20.00,1348,5.00,2893,-2.00,5861,27.00,4669,-4.00,1522,19.00,2076,20.00,2579,40.00,2575,-2.00,1144,96.00,3661,3.00,1357,0.00,1048,0.00,935,0.00,1625,0.00,1782,2.00,1588,-1.00,896,-3.00,5,0.24
10937,21.00,2429,20.00,3161,19.00,1779,20.00,1447,20.00,1348,5.00,2893,-3.00,5861,27.00,4669,-4.00,1522,20.00,2076,20.00,2579,40.00,2575,-1.00,1144,96.00,3661,1.00,1357,0.00,1049,0.00,935,0.00,1625,0.00,1782,4.00,1588,-1.00,896,-4.00,5,0.08
10973,20.00,2429,20.00,3161,20.00,1779,20.00,1447,20.00,1348,5.00,2893,-2.00,5861,27.00,4669,-2.00,1522,20.00,2076,20.00,2579,40.00,2575,0.00,1144,97.00,3661,4.00,1357,0.00,1049,0.00,935,0.00,1625,0.00,1782,4.00,1588,-1.00,896,-3.00,5,0.48
11009,20.00,2429,20.00,3162,20.00,1779,20.00,1447,20.00,1348,5.00,2893,-3.00,5861,27.00,4669,-3.00,1522,19.00,2076,20.00,2579,40.00,2575,-1.00,1144,96.00,3661,2.00,1357,0.00,1049,0.00,935,0.00,1625,0.00,1782,4.00,1588,0.00,896,-5.00,5,0.08
11044,20.00,2429,20.00,3161,21.00,1779,20.00,1447,20.00,1348,4.00,2893,-2.00,5861,27.00,4669,-2.00,1522,20.00,2076,20.00,2579,40.00,2575,-1.00,1144,96.00,3661,2.00,1357,0.00,1049,0.00,935,0.00,1625,0.00,1782,4.00,1588,0.00,896,-4.00,5,0.16
11080,21.00,2429,20.00,3161,19.00,1779,20.00,1447,20.00,1348,5.00,2893,-2.00,5861,27.00,4669,-4.00,1522,20.00,2076,20.00,2579,40.00,2575,0.00,1144,96.00,3661,2.00,1357,0.00,1049,0.00,935,0.00,1625,0.00,1782,2.00,1588,-1.00,896,-4.00,5,0.16
11116,20.00,2429,20.00,3161,20.00,1779,19.00,1447,20.00,1348,5.00,2893,-2.00,5861,27.00,4669,-2.00,1522,20.00,2076,19.00,2579,40.00,2575,-2.00,1144,96.00,3661,4.00,1357,0.00,1049,0.00,935,0.00,1625,0.00,1782,4.00,1588,-1.00,896,-4.00,5,0.00
11151,20.00,2429,21.00,3161,20.00,1779,20.00,1447,20.00,1348,6.00,2893,-2.00,5861,27.00,4669,-4.00,1522,20.00,2076,20.00,2579,40.00,2575,-1.00,1144,97.00,3661,2.00,1357,0.00,1048,0.00,935,0.00,1625,0.00,1782,2.00,1588,-1.00,896,-4.00,5,0.24
11187,20.00,2429,20.00,3162,20.00,1779,20.00,1447,20.00,1348,5.00,2893,-2.00,5861,27.00,4669,-4.00,1522,20.00,2076,20.00,2579,40.00,2575,-1.00,1144,95.00,3661,4.00,1357,0.00,1048,0.00,935,0.00,1625,0.00,1782,3.00,1588,0.00,896,-4.00,5,0.08
11223,19.00,2429,20.00,3162,20.00,1779,20.00,1447,20.00,1348,5.00,2893,-3.00,5861,27.00,4669,-4.00,1522,20.00,2076,20.00,2579,40.00,2575,-1.00,1144,96.00,3661,1.00,1357,0.00,1048,0.00,935,0.00,1625,0.00,1782,2.00,1588,-2.00,896,-4.00,5,0.24
11259,19.00,2429,20.00,3162,20.00,1779,20.00,1447,20.00,1348,5.00,2893,-2.00,5861,27.00,4669,-3.00,1522,18.00,2076,20.00,2579,40.00,2575,-1.00,1144,96.00,3661,4.00,1357,0.00,1048,0.00,935,0.00,1625,0.00,1782,3.00,1588,-1.00,896,-3.00,5,0.08
11294,20.00,2429,20.00,3161,20.00,1779,20.00,1447,20.00,1348,5.00,2893,-1.00,5861,27.00,4669,-4.00,1522,20.00,2076,20.00,2579,40.00,2575,-1.00,1144,96.00,3661,3.00,1357,0.00,1048,0.00,935,0.00,1625,0.00,1782,2.00,1588,-1.00,896,-4.00,5,0.08
11330,20.00,2429,20.00,3161,20.00,1779,20.00,1447,20.00,1348,5.00,2893,-1.00,5861,27.00,4669,-3.00,1522,20.00,2076,20.00,2579,40.00,2575,0.00,1144,96.00,3661,3.00,1357,0.00,1048,0.00,935,0.00,1625,0.00,1782,3.00,1588,-1.00,896,-4.00,5,0.08
11366,19.00,2429,20.00,3161,20.00,1779,20.00,1447,20.00,1348,5.00,2893,-2.00,5861,27.00,4669,-4.00,1522,20.00,2076,21.00,2579,40.00,2575,-2.00,1144,96.00,3661,3.00,1357,0.00,1049,0.00,935,0.00,1625,0.00,1782,3.00,1588,0.00,896,-3.00,5,0.08
11402,20.00,2429,20.00,3161,20.00,1779,19.00,1447,21.00,1348,5.00,2893,-2.00,5861,27.00,4669,-4.00,1522,20.00,2076,20.00,2579,40.00,2575,-2.00,1144,96.00,3661,3.00,1357,0.00,1049,0.00,935,0.00,1625,0.00,1782,3.00,1588,0.00,896,-4.00,5,0.24
11437,20.00,2429,20.00,3162,20.00,1779,20.00,1447,20.00,1348,5.00,2893,-2.00,5861,27.00,4669,-3.00,1522,20.00,2076,20.00,2579,40.00,2575,0.00,1144,96.00,3661,4.00,1357,0.00,1048,0.00,935,0.00,1625,0.00,1782,3.00,1588,-1.00,896,-3.00,5,0.00
11473,20.00,2429,20.00,3161,20.00,1780,20.00,1447,20.00,1348,5.00,2893,-1.00,5861,26.00,4669,-2.00,1522,20.00,2076,20.00,2579,40.00,2575,-2.00,1144,96.00,3661,4.00,1357,0.00,1048,0.00,935,0.00,1625,0.00,1782,3.00,1588,-1.00,896,-5.00,5,0.00
11509,20.00,2429,20.00,3162,20.00,1779,20.00,1447,20.00,1348,5.00,2893,-2.00,5861,27.00,4669,-3.00,1522,20.00,2076,21.00,2579,40.00,2575,0.00,1144,97.00,3661,2.00,1357,0.00,1048,0.00,935,0.00,1625,0.00,1782,3.00,1588,-2.00,896,-4.00,5,0.08
11545,20.00,2429,20.00,3162,20.00,1779,20.00,1447,21.00,1348,5.00,2893,-2.00,5861,27.00,4669,-2.00,1522,20.00,2076,20.00,2579,40.00,2575,-1.00,1144,96.00,3661,2.00,1357,0.00,1049,0.00,935,0.00,1625,0.00,1782,3.00,1588,-1.00,896,-4.00,5,0.08
11580,20.00,2429,20.00,3161,20.00,1779,20.00,1447,20.00,1348,5.00,2893,-1.00,5861,27.00,4669,-5.00,1522,20.00,2076,20.00,2579,40.00,2575,0.00,1144,96.00,3661,4.00,1357,0.00,1048,0.00,935,0.00,1625,0.00,1782,1.00,1588,-1.00,896,-5.00,5,0.16
11616,20.00,2429,20.00,3161,20.00,1779,20.00,1447,20.00,1348,5.00,2893,-1.00,5861,27.00,4669,-4.00,1522,20.00,2076,20.00,2579,40.00,2575,-1.00,1144,96.00,3661,4.00,1357,0.00,1049,0.00,935,0.00,1625,0.00,1782,3.00,1588,-1.00,896,-4.00,5,0.08
11652,20.00,2429,20.00,3162,20.00,1779,20.00,1447,21.00,1348,5.00,2893,-2.00,5861,28.00,4669,-4.00,1522,20.00,2076,20.00,2579,40.00,2575,-1.00,1144,96.00,3661,4.00,1357,0.00,1048,0.00,935,0.00,1625,0.00,1782,3.00,1588,-2.00,896,-4.00,5,0.40
11688,20.00,2429,21.00,3162,20.00,1779,20.00,1447,20.00,1348,5.00,2893,-2.00,5861,27.00,4669,-3.00,1522,20.00,2076,20.00,2579,40.00,2575,-1.00,1144,96.00,3661,3.00,1357,0.00,1048,0.00,935,0.00,1625,0.00,1782,4.00,1588,-1.00,896,-3.00,5,0.24
11723,20.00,2429,19.00,3161,20.00,1779,20.00,1447,20.00,1348,5.00,2893,-1.00,5861,27.00,4669,-4.00,1522,19.00,2076,20.00,2579,40.00,2575,0.00,1144,96.00,3661,2.00,1357,0.00,1048,0.00,935,0.00,1625,0.00,1782,5.00,1588,-2.00,896,-4.00,5,0.08
11759,20.00,2429,20.00,3162,20.00,1779,20.00,1447,20.00,1348,4.00,2893,-2.00,5861,26.00,4669,-2.00,1522,20.00,2076,20.00,2579,40.00,2575,-1.00,1144,96.00,3661,4.00,1357,0.00,1049,0.00,935,0.00,1625,0.00,1782,3.00,1588,-2.00,896,-4.00,5,0.16
11795,20.00,2429,20.00,3161,20.00,1779,20.00,1447,20.00,1348,6.00,2893,-1.00,5861,27.00,4669,-2.00,1522,20.00,2076,20.00,2579,40.00,2575,0.00,1144,96.00,3661,2.00,1357,0.00,1048,0.00,935,0.00,1625,0.00,1782,2.00,1588,-1.00,896,-5.00,5,0.08
11831,19.00,2429,20.00,3161,20.00,1779,20.00,1447,20.00,1348,5.00,2893,-2.00,5861,27.00,4669,-3.00,1522,21.00,2076,20.00,2579,40.00,2575,-1.00,1144,96.00,3661,2.00,1357,0.00,1049,0.00,935,0.00,1625,0.00,1782,4.00,1588,-1.00,896,-5.00,5,0.24
11866,20.00,2429,21.00,3162,20.00,1779,20.00,1447,20.00,1348,5.00,2893,-1.00,5861,27.00,4669,-2.00,1522,20.00,2076,20.00,2579,40.00,2575,-3.00,1144,96.00,3661,4.00,1357,0.00,1049,0.00,935,0.00,1625,0.00,1782,5.00,1588,-1.00,896,-5.00,5,0.08
11902,20.00,2429,20.00,3162,20.00,1779,20.00,1447,20.00,1348,5.00,2893,-2.00,5861,27.00,4669,-3.00,1522,20.00,2076,20.00,2579,40.00,2575,-1.00,1144,96.00,3661,4.00,1357,0.00,1049,0.00,935,0.00,1625,0.00,1782,3.00,1588,-1.00,896,-4.00,5,0.16
11938,21.00,2429,20.00,3162,20.00,1779,20.00,1447,20.00,1348,5.00,2893,-3.00,5861,27.00,4669,-3.00,1522,20.00,2076,20.00,2579,41.00,2575,-2.00,1144,96.00,3661,4.00,1357,0.00,1048,0.00,935,0.00,1625,0.00,1782,4.00,1588,0.00,896,-4.00,5,0.00
11973,20.00,2429,20.00,3161,21.00,1779,20.00,1447,20.00,1348,5.00,2893,-2.00,5861,27.00,4669,-4.00,1522,20.00,2076,20.00,2579,40.00,2575,-1.00,1144,96.00,3661,5.00,1357,0.00,1049,0.00,935,0.00,1625,0.00,1782,3.00,1588,-1.00,896,-3.00,5,0.00
12009,21.00,2429,20.00,3161,20.00,1779,19.00,1447,20.00,1348,4.00,2893,-2.00,5861,27.00,4669,-2.00,1522,20.00,2076,20.00,2579,40.00,2575,-1.00,1144,96.00,3661,3.00,1357,0.00,1049,0.00,935,0.00,1625,0.00,1782,3.00,1588,-1.00,896,-4.00,5,0.00
12045,20.00,2429,20.00,3161,21.00,1779,20.00,1447,20.00,1348,5.00,2893,-1.00,5861,28.00,4669,-2.00,1522,20.00,2076,20.00,2579,40.00,2575,0.00,1144,97.00,3661,2.00,1357,0.00,1049,0.00,935,0.00,1625,0.00,1782,4.00,1588,-1.00,896,-5.00,5,0.00
12081,20.00,2429,19.00,3162,20.00,1779,20.00,1447,20.00,1348,5.00,2893,-2.00,5861,27.00,4669,-3.00,1522,20.00,2076,20.00,2579,40.00,2575,-1.00,1144,96.00,3661,2.00,1357,0.00,1048,0.00,935,0.00,1625,0.00,1782,5.00,1588,-2.00,896,-5.00,5,0.08
12117,20.00,2429,20.00,3161,20.00,1779,20.00,1447,19.00,1348,5.00,2893,-2.00,5861,27.00,4669,-3.00,1522,21.00,2076,21.00,2579,40.00,2575,0.00,1144,96.00,3661,4.00,1357,0.00,1049,0.00,935,0.00,1625,0.00,1782,3.00,1588,-1.00,896,-5.00,5,0.16
12153,20.00,2429,20.00,3162,20.00,1779,20.00,1447,20.00,1348,5.00,2893,-2.00,5861,27.00,4669,-4.00,1522,20.00,2076,20.00,2579,40.00,2575,0.00,1144,96.00,3661,4.00,1357,0.00,1048,0.00,935,0.00,1625,0.00,1782,3.00,1588,-1.00,896,-3.00,5,0.16
12189,19.00,2429,20.00,3162,19.00,1779,20.00,1447,20.00,1348,4.00,2893,-1.00,5861,27.00,4669,-3.00,1522,20.00,2076,20.00,2579,40.00,2575,-1.00,1144,96.00,3661,3.00,1357,0.00,1048,0.00,935,0.00,1625,0.00,1782,4.00,1588,-1.00,896,-3.00,5,0.00
12224,20.00,2429,20.00,3161,21.00,1780,20.00,1447,20.00,1348,5.00,2893,-2.00,5861,27.00,4669,-3.00,1522,20.00,2076,20.00,2579,40.00,2575,-1.00,1144,96.00,3661,4.00,1357,0.00,1049,0.00,935,0.00,1625,0.00,1782,4.00,1588,-1.00,896,-4.00,5,0.08
12260,20.00,2429,20.00,3161,20.00,1779,20.00,1447,20.00,1348,5.00,2893,-2.00,5861,27.00,4669,-4.00,1522,20.00,2076,20.00,2579,41.00,2575,-1.00,1144,96.00,3661,4.00,1357,0.00,1049,0.00,935,0.00,1625,0.00,1782,2.00,1588,-1.00,896,-5.00,5,0.08
12296,20.00,2429,21.00,3161,20.00,1779,20.00,1447,19.00,1348,5.00,2893,-2.00,5861,26.00,4669,-4.00,1522,20.00,2076,19.00,2579,41.00,2575,-1.00,1144,96.00,3661,2.00,1357,0.00,1049,0.00,935,0.00,1625,0.00,1782,2.00,1588,-1.00,896,-3.00,5,0.08
12332,20.00,2429,20.00,3162,20.00,1779,20.00,1447,20.00,1348,5.00,2893,-3.00,5861,27.00,4669,-2.00,1522,20.00,2076,19.00,2579,40.00,2575,-1.00,1144,96.00,3661,3.00,1357,0.00,1048,0.00,935,0.00,1625,0.00,1782,2.00,1588,0.00,896,-5.00,5,0.00
12367,20.00,2429,21.00,3161,20.00,1779,19.00,1447,20.00,1348,5.00,2893,-1.00,5861,28.00,4669,-3.00,1522,20.00,2076,20.00,2579,40.00,2575,0.00,1144,96.00,3661,3.00,1357,0.00,1049,0.00,935,0.00,1625,0.00,1782,3.00,1588,-1.00,896,-5.00,5,0.08
12403,20.00,2429,20.00,3162,20.00,1779,20.00,1447,20.00,1348,5.00,2893,-1.00,5861,27.00,4669,-2.00,1522,20.00,2076,20.00,2579,40.00,2575,0.00,1144,97.00,3661,3.00,1357,0.00,1049,0.00,935,0.00,1625,0.00,1782,4.00,1588,-1.00,896,-3.00,5,0.56
12439,21.00,2429,20.00,3161,19.00,1779,20.00,1447,20.00,1348,5.00,2893,-2.00,5861,27.00,4669,-3.00,1522,20.00,2076,20.00,2579,40.00,2575,-1.00,1144,96.00,3661,2.00,1357,0.00,1049,0.00,935,0.00,1625,0.00,1782,5.00,1588,-1.00,896,-5.00,5,0.08
12475,20.00,2429,20.00,3161,20.00,1779,20.00,1447,20.00,1348,5.00,2893,-1.00,5861,27.00,4669,-3.00,1522,20.00,2076,20.00,2579,40.00,2575,-1.00,1144,96.00,3661,4.00,1357,0.00,1049,0.00,935,0.00,1625,0.00,1782,4.00,1588,-1.00,896,-3.00,5,0.08
12510,21.00,2429,20.00,3161,20.00,1779,20.00,1447,20.00,1348,5.00,2893,-2.00,5861,26.00,4669,-3.00,1522,20.00,2076,20.00,2579,40.00,2575,-1.00,1144,97.00,3661,4.00,1357,0.00,1048,0.00,935,0.00,1625,0.00,1782,4.00,1588,-1.00,896,-5.00,5,0.00
12546,20.00,2429,20.00,3162,20.00,1779,20.00,1447,20.00,1348,5.00,2893,-2.00,5861,27.00,4669,-2.00,1522,20.00,2076,20.00,2579,40.00,2575,-1.00,1144,96.00,3661,4.00,1357,0.00,1048,0.00,935,0.00,1625,0.00,1782,2.00,1588,-1.00,896,-5.00,5,0.08
12582,20.00,2429,20.00,3161,20.00,1779,20.00,1447,20.00,1348,5.00,2893,-3.00,5861,27.00,4669,-4.00,1522,20.00,2076,21.00,2579,40.00,2575,0.00,1144,96.00,3661,4.00,1357,0.00,1049,0.00,935,0.00,1625,0.00,1782,2.00,1588,-1.00,896,-3.00,5,0.08
12618,20.00,2429,21.00,3162,20.00,1779,20.00,1447,20.00,1348,5.00,2893,-3.00,5861,27.00,4669,-3.00,1522,20.00,2076,20.00,2579,41.00,2575,-1.00,1144,95.00,3661,3.00,1357,0.00,1049,0.00,935,0.00,1625,0.00,1782,4.00,1588,-1.00,896,-4.00,5,0.08
12653,19.00,2429,20.00,3162,20.00,1780,20.00,1447,20.00,1348,5.00,2893,-2.00,5861,27.00,4669,-4.00,1522,20.00,2076,20.00,2579,40.00,2575,-2.00,1144,96.00,3661,4.00,1357,0.00,1048,0.00,935,0.00,1625,0.00,1782,1.00,1588,-1.00,896,-3.00,5,0.08
12689,20.00,2429,20.00,3162,20.00,1779,20.00,1447,20.00,1348,5.00,2893,-3.00,5861,28.00,4669,-4.00,1522,20.00,2076,20.00,2579,40.00,2575,-1.00,1144,96.00,3661,2.00,1357,0.00,1049,0.00,935,0.00,1625,0.00,1782,4.00,1588,-1.00,896,-3.00,5,0.16
12725,20.00,2429,20.00,3161,21.00,1779,20.00,1447,20.00,1348,5.00,2893,-2.00,5861,27.00,4669,-5.00,1522,20.00,2076,20.00,2579,40.00,2575,0.00,1144,96.00,3661,2.00,1357,0.00,1049,0.00,935,0.00,1625,0.00,1782,4.00,1588,0.00,896,-3.00,5,0.00
12760,20.00,2429,20.00,3161,20.00,1780,20.00,1447,20.00,1348,5.00,2893,-3.00,5861,27.00,4669,-2.00,1522,20.00,2076,20.00,2579,41.00,2575,-2.00,1144,96.00,3661,2.00,1357,0.00,1049,0.00,935,0.00,1625,0.00,1782,3.00,1588,-1.00,896,-4.00,5,0.08
12796,20.00,2429,20.00,3162,20.00,1779,20.00,1447,20.00,1348,5.00,2893,-1.00,5861,27.00,4669,-2.00,1522,20.00,2076,20.00,2579,40.00,2575,-2.00,1144,96.00,3661,3.00,1357,0.00,1049,0.00,935,0.00,1625,0.00,1782,3.00,1588,-1.00,896,-4.00,5,0.16
12832,20.00,2429,20.00,3162,19.00,1779,20.00,1447,20.00,1348,5.00,2893,-2.00,5861,27.00,4669,-2.00,1522,20.00,2076,20.00,2579,40.00,2575,-1.00,1144,96.00,3661,1.00,1357,0.00,1049,0.00,935,0.00,1625,0.00,1782,3.00,1588,-1.00,896,-5.00,5,0.16
12868,20.00,2429,20.00,3161,20.00,1779,20.00,1447,20.00,1348,5.00,2893,-3.00,5861,27.00,4669,-4.00,1522,20.00,2076,20.00,2579,40.00,2575,-1.00,1144,96.00,3661,3.00,1357,0.00,1049,0.00,935,0.00,1625,0.00,1782,2.00,1588,-1.00,896,-5.00,5,0.00
12903,21.00,2429,20.00,3161,20.00,1779,20.00,1447,20.00,1348,5.00,2893,-2.00,5861,27.00,4669,-3.00,1522,20.00,2076,20.00,2579,40.00,2575,-2.00,1144,95.00,3661,3.00,1357,0.00,1049,0.00,935,0.00,1625,0.00,1782,4.00,1588,0.00,896,-5.00,5,0.16
12939,20.00,2429,20.00,3161,20.00,1779,20.00,1447,21.00,1348,5.00,2893,-2.00,5861,27.00,4669,-2.00,1522,20.00,2076,20.00,2579,40.00,2575,-1.00,1144,96.00,3661,4.00,1357,0.00,1048,0.00,935,0.00,1625,0.00,1782,2.00,1588,-1.00,896,-5.00,5,0.08
12975,20.00,2429,20.00,3162,20.00,1779,19.00,1447,20.00,1348,5.00,2893,-2.00,5861,27.00,4669,-4.00,1522,20.00,2076,19.00,2579,40.00,2575,-1.00,1144,95.00,3661,4.00,1357,0.00,1049,0.00,935,0.00,1625,0.00,1782,2.00,1588,0.00,896,-3.00,5,0.08
13011,19.00,2429,20.00,3162,19.00,1779,20.00,1447,20.00,1348,5.00,2893,-2.00,5861,27.00,4669,-4.00,1522,20.00,2076,20.00,2579,40.00,2575,-1.00,1144,96.00,3661,2.00,1357,0.00,1048,0.00,935,0.00,1625,0.00,1782,3.00,1588,-1.00,896,-4.00,5,0.08
13046,20.00,2429,21.00,3162,21.00,1779,20.00,1447,19.00,1348,5.00,2893,-2.00,5861,27.00,4669,-4.00,1522,20.00,2076,20.00,2579,40.00,2575,-1.00,1144,95.00,3661,2.00,1357,0.00,1048,0.00,935,0.00,1625,0.00,1782,4.00,1588,-1.00,896,-3.00,5,0.08
13082,20.00,2429,20.00,3161,20.00,1779,19.00,1447,20.00,1348,5.00,2893,-3.00,5861,28.00,4669,-1.00,1522,20.00,2076,20.00,2579,40.00,2575,-1.00,1144,96.00,3661,4.00,1357,0.00,1049,0.00,935,0.00,1625,0.00,1782,4.00,1588,0.00,896,-4.00,5,0.08
13118,20.00,2429,21.00,3162,20.00,1779,20.00,1447,19.00,1348,5.00,2893,-1.00,5861,27.00,4669,-2.00,1522,20.00,2076,20.00,2579,41.00,2575,0.00,1144,95.00,3661,3.00,1357,0.00,1049,0.00,935,0.00,1625,0.00,1782,4.00,1588,-1.00,896,-3.00,5,0.08
13154,20.00,2429,20.00,3161,21.00,1779,20.00,1447,20.00,1348,5.00,2893,-2.00,5861,26.00,4669,-4.00,1522,20.00,2076,19.00,2579,40.00,2575,-1.00,1144,97.00,3661,3.00,1357,0.00,1048,0.00,935,0.00,1625,0.00,1782,5.00,1588,-2.00,896,-4.00,5,0.08
13189,20.00,2429,21.00,3161,20.00,1779,20.00,1447,20.00,1348,4.00,2893,-2.00,5861,27.00,4669,-2.00,1522,20.00,2076,20.00,2579,41.00,2575,-1.00,1144,95.00,3661,3.00,1357,0.00,1049,0.00,935,0.00,1625,0.00,1782,4.00,1588,0.00,896,-5.00,5,0.00
13225,20.00,2429,19.00,3161,19.00,1779,20.00,1447,20.00,1348,6.00,2893,-2.00,5861,27.00,4669,-2.00,1522,20.00,2076,20.00,2579,40.00,2575,0.00,1144,97.00,3661,3.00,1357,0.00,1049,0.00,935,0.00,1625,0.00,1782,4.00,1588,-1.00,896,-4.00,5,0.24
13261,19.00,2429,20.00,3161,20.00,1779,20.00,1447,20.00,1348,5.00,2893,-2.00,5861,28.00,4669,-3.00,1522,20.00,2076,20.00,2579,40.00,2575,-1.00,1144,96.00,3661,4.00,1357,0.00,1049,0.00,935,0.00,1625,0.00,1782,4.00,1588,-1.00,896,-4.00,5,0.08
13296,19.00,2429,20.00,3162,20.00,1779,20.00,1447,19.00,1348,5.00,2893,-2.00,5861,27.00,4669,-2.00,1522,20.00,2076,20.00,2579,40.00,2575,-1.00,1144,96.00,3661,4.00,1357,0.00,1048,0.00,935,0.00,1625,0.00,1782,4.00,1588,0.00,896,-5.00,5,0.08
13332,20.00,2429,19.00,3162,21.00,1779,20.00,1447,20.00,1348,5.00,2893,-2.00,5861,27.00,4669,-4.00,1522,20.00,2076,20.00,2579,40.00,2575,0.00,1144,96.00,3661,4.00,1357,0.00,1049,0.00,935,0.00,1625,0.00,1782,2.00,1588,0.00,896,-4.00,5,0.16
13368,20.00,2429,20.00,3161,20.00,1779,20.00,1447,20.00,1348,5.00,2893,-2.00,5861,28.00,4669,-2.00,1522,21.00,2076,20.00,2579,40.00,2575,0.00,1144,96.00,3661,4.00,1357,0.00,1048,0.00,935,0.00,1625,0.00,1782,2.00,1588,-1.00,896,-4.00,5,0.00
13404,20.00,2429,20.00,3161,20.00,1779,20.00,1447,20.00,1348,5.00,2893,-2.00,5861,27.00,4669,-3.00,1522,20.00,2076,20.00,2579,40.00,2575,-1.00,1144,96.00,3661,4.00,1357,0.00,1048,0.00,935,0.00,1625,0.00,1782,3.00,1588,-1.00,896,-5.00,5,0.32
13439,20.00,2429,21.00,3162,21.00,1779,20.00,1447,20.00,1348,5.00,2893,-1.00,5861,27.00,4669,-3.00,1522,20.00,2076,20.00,2579,40.00,2575,-1.00,1144,96.00,3661,3.00,1357,0.00,1048,0.00,935,0.00,1625,0.00,1782,3.00,1588,0.00,896,-4.00,5,0.00
13475,20.00,2429,20.00,3162,21.00,1779,20.00,1447,20.00,1348,5.00,2893,-2.00,5861,27.00,4669,-2.00,1522,20.00,2076,20.00,2579,40.00,2575,-1.00,1144,96.00,3661,2.00,1357,0.00,1048,0.00,935,0.00,1625,0.00,1782,4.00,1588,-1.00,896,-4.00,5,0.16
13511,20.00,2429,20.00,3162,19.00,1780,20.00,1447,20.00,1348,6.00,2893,-3.00,5861,26.00,4669,-2.00,1522,20.00,2076,20.00,2579,40.00,2575,-1.00,1144,96.00,3661,2.00,1357,0.00,1049,0.00,935,0.00,1625,0.00,1782,4.00,1588,-1.00,896,-5.00,5,0.08
13546,20.00,2429,21.00,3162,20.00,1779,20.00,1447,21.00,1348,8.00,2893,-1.00,5861,27.00,4669,-3.00,1522,20.00,2076,19.00,2579,40.00,2575,-1.00,1144,96.00,3661,3.00,1357,0.00,1049,0.00,935,0.00,1625,0.00,1782,4.00,1588,-1.00,896,-4.00,5,0.08
13582,20.00,2429,20.00,3161,20.00,1779,20.00,1447,20.00,1348,5.00,2893,-2.00,5861,27.00,4669,-3.00,1522,20.00,2076,20.00,2579,40.00,2575,-1.00,1144,95.00,3661,3.00,1357,0.00,1049,0.00,935,0.00,1625,0.00,1782,4.00,1588,0.00,896,-3.00,5,0.08
13618,20.00,2429,20.00,3161,20.00,1779,20.00,1447,19.00,1348,5.00,2893,-2.00,5861,27.00,4669,-4.00,1522,20.00,2076,20.00,2579,40.00,2575,0.00,1144,95.00,3661,2.00,1357,0.00,1049,0.00,935,0.00,1625,0.00,1782,2.00,1588,-1.00,896,-4.00,5,0.08
13654,20.00,2429,20.00,3162,20.00,1779,20.00,1447,20.00,1348,5.00,2893,-2.00,5861,27.00,4669,-4.00,1522,20.00,2076,20.00,2579,40.00,2575,-2.00,1144,96.00,3661,2.00,1357,0.00,1048,0.00,935,0.00,1625,0.00,1782,3.00,1588,-1.00,896,-4.00,5,0.08
13690,20.00,2429,19.00,3161,20.00,1779,20.00,1447,20.00,1348,5.00,2893,-2.00,5861,26.00,4669,-3.00,1522,20.00,2076,20.00,2579,40.00,2575,-1.00,1144,96.00,3661,4.00,1357,0.00,1049,0.00,935,0.00,1625,0.00,1782,3.00,1588,-1.00,896,-4.00,5,0.08
13725,20.00,2429,21.00,3162,21.00,1779,20.00,1447,20.00,1348,5.00,2893,-1.00,5861,27.00,4669,-2.00,1522,20.00,2076,20.00,2579,40.00,2575,-1.00,1144,95.00,3661,2.00,1357,0.00,1049,0.00,935,0.00,1625,0.00,1782,4.00,1588,-1.00,896,-5.00,5,0.08
13761,21.00,2429,20.00,3161,21.00,1779,20.00,1447,20.00,1348,5.00,2893,-3.00,5861,27.00,4669,-4.00,1522,21.00,2076,20.00,2579,40.00,2575,-1.00,1144,96.00,3661,4.00,1357,0.00,1049,0.00,935,0.00,1625,0.00,1782,2.00,1588,-1.00,896,-4.00,5,0.00
13797,20.00,2429,20.00,3161,20.00,1779,20.00,1447,20.00,1348,5.00,2893,-2.00,5861,27.00,4669,-3.00,1522,20.00,2076,20.00,2579,40.00,2575,-1.00,1144,97.00,3661,2.00,1357,0.00,1048,0.00,935,0.00,1625,0.00,1782,2.00,1588,-1.00,896,-5.00,5,0.08
13832,20.00,2429,20.00,3162,20.00,1779,21.00,1447,20.00,1348,5.00,2893,-1.00,5861,27.00,4669,-2.00,1522,20.00,2076,20.00,2579,40.00,2575,0.00,1144,96.00,3661,4.00,1357,0.00,1049,0.00,935,0.00,1625,0.00,1782,4.00,1588,-1.00,896,-5.00,5,0.00
13868,20.00,2429,20.00,3161,20.00,1779,20.00,1447,20.00,1348,6.00,2893,-3.00,5861,28.00,4669,-4.00,1522,20.00,2076,20.00,2579,40.00,2575,-2.00,1144,96.00,3661,4.00,1357,0.00,1049,0.00,935,0.00,1625,0.00,1782,3.00,1588,-1.00,896,-4.00,5,0.00
13904,20.00,2429,20.00,3161,20.00,1780,21.00,1447,20.00,1348,5.00,2893,-1.00,5861,27.00,4669,-2.00,1522,19.00,2076,20.00,2579,40.00,2575,-1.00,1144,96.00,3661,2.00,1357,0.00,1048,0.00,935,0.00,1625,0.00,1782,4.00,1588,-1.00,896,-4.00,5,0.16
13940,19.00,2429,20.00,3162,20.00,1779,20.00,1447,20.00,1348,5.00,2893,-2.00,5861,28.00,4669,-2.00,1522,20.00,2076,19.00,2579,41.00,2575,0.00,1144,96.00,3661,3.00,1357,0.00,1049,0.00,935,0.00,1625,0.00,1782,4.00,1588,-2.00,896,-4.00,5,0.16
13975,21.00,2429,21.00,3162,21.00,1779,20.00,1447,20.00,1348,5.00,2893,-1.00,5861,27.00,4669,-4.00,1522,20.00,2076,20.00,2579,40.00,2575,-1.00,1144,96.00,3661,3.00,1357,0.00,1048,0.00,935,0.00,1625,0.00,1782,2.00,1588,-1.00,896,-3.00,5,0.00
14011,19.00,2429,20.00,3161,19.00,1779,20.00,1447,20.00,1348,5.00,2893,-2.00,5861,27.00,4669,-3.00,1522,19.00,2076,20.00,2579,40.00,2575,-1.00,1144,96.00,3661,1.00,1357,0.00,1048,0.00,935,0.00,1625,0.00,1781,4.00,1588,-1.00,896,-4.00,5,0.16
14047,20.00,2429,20.00,3162,19.00,1779,20.00,1447,20.00,1348,5.00,2893,-1.00,5861,26.00,4669,-2.00,1522,20.00,2076,20.00,2579,40.00,2575,-2.00,1144,97.00,3661,2.00,1357,0.00,1048,0.00,935,0.00,1625,0.00,1782,3.00,1588,0.00,896,-3.00,5,0.08
14083,20.00,2429,20.00,3161,17.00,1779,20.00,1447,20.00,1348,4.00,2893,-2.00,5861,27.00,4669,-2.00,1522,20.00,2076,21.00,2579,40.00,2575,-1.00,1144,96.00,3661,4.00,1357,0.00,1049,0.00,935,0.00,1625,0.00,1782,3.00,1588,-1.00,896,-5.00,5,0.08
14118,20.00,2429,20.00,3161,20.00,1779,20.00,1447,20.00,1348,5.00,2893,-2.00,5861,28.00,4669,-2.00,1522,20.00,2076,20.00,2579,40.00,2575,-1.00,1144,96.00,3661,4.00,1357,0.00,1049,0.00,935,0.00,1625,0.00,1782,3.00,1588,-1.00,896,-4.00,5,0.00
14154,20.00,2429,20.00,3161,20.00,1779,20.00,1447,20.00,1348,5.00,2893,-2.00,5861,27.00,4669,-2.00,1522,20.00,2076,19.00,2579,39.00,2575,-1.00,1144,97.00,3661,2.00,1357,0.00,1049,0.00,935,0.00,1625,0.00,1782,2.00,1588,-2.00,896,-4.00,5,0.24
14190,20.00,2429,20.00,3161,20.00,1779,20.00,1447,20.00,1348,5.00,2893,-2.00,5861,27.00,4669,-2.00,1522,20.00,2076,20.00,2579,40.00,2575,0.00,1144,96.00,3661,1.00,1357,0.00,1048,0.00,935,0.00,1625,0.00,1782,4.00,1588,-1.00,896,-4.00,5,0.08
14226,19.00,2429,20.00,3162,20.00,1779,20.00,1447,19.00,1348,5.00,2893,-1.00,5861,27.00,4669,-2.00,1522,20.00,2076,20.00,2579,40.00,2575,-1.00,1144,96.00,3661,2.00,1357,0.00,1049,0.00,935,0.00,1625,0.00,1782,2.00,1588,-1.00,896,-5.00,5,0.08
14261,20.00,2429,20.00,3162,20.00,1779,20.00,1447,20.00,1348,5.00,2893,-2.00,5861,27.00,4669,-4.00,1522,20.00,2076,20.00,2579,40.00,2575,-1.00,1144,96.00,3661,4.00,1357,0.00,1048,0.00,935,0.00,1625,0.00,1782,5.00,1588,-1.00,896,-3.00,5,0.08
14297,20.00,2429,20.00,3162,20.00,1779,20.00,1447,20.00,1348,5.00,2893,-3.00,5861,27.00,4669,-3.00,1522,20.00,2076,20.00,2579,40.00,2575,-1.00,1144,97.00,3661,3.00,1357,0.00,1049,0.00,935,0.00,1625,0.00,1782,3.00,1588,-1.00,896,-3.00,5,0.08
14333,21.00,2429,20.00,3162,20.00,1779,20.00,1447,20.00,1348,5.00,2893,-2.00,5861,26.00,4669,-3.00,1522,20.00,2076,20.00,2579,40.00,2575,-1.00,1144,96.00,3661,3.00,1357,0.00,1049,0.00,935,0.00,1625,0.00,1782,3.00,1588,-2.00,896,-3.00,5,0.08
14369,20.00,2429,21.00,3161,21.00,1779,20.00,1447,20.00,1348,5.00,2893,-2.00,5861,27.00,4669,-3.00,1522,20.00,2076,20.00,2579,40.00,2575,-2.00,1144,96.00,3661,2.00,1357,0.00,1049,0.00,935,0.00,1625,0.00,1782,2.00,1588,-1.00,896,-5.00,5,0.00
14404,20.00,2429,21.00,3161,20.00,1779,20.00,1447,21.00,1348,5.00,2893,-3.00,5861,27.00,4669,-4.00,1522,20.00,2076,21.00,2579,40.00,2575,-2.00,1144,96.00,3661,4.00,1357,0.00,1048,0.00,935,0.00,1625,0.00,1782,2.00,1588,-1.00,896,-4.00,5,0.08
14440,20.00,2429,20.00,3161,21.00,1779,20.00,1447,20.00,1348,5.00,2893,-1.00,5861,26.00,4669,-3.00,1522,19.00,2076,20.00,2579,39.00,2575,-2.00,1144,96.00,3661,2.00,1357,0.00,1048,0.00,935,0.00,1625,0.00,1782,4.00,1588,-1.00,896,-3.00,5,0.00
14476,20.00,2429,20.00,3161,20.00,1779,21.00,1447,20.00,1348,5.00,2893,-2.00,5861,27.00,4669,-2.00,1522,20.00,2076,20.00,2579,40.00,2575,-2.00,1144,96.00,3661,4.00,1357,0.00,1049,0.00,935,0.00,1625,0.00,1782,4.00,1588,-1.00,896,-3.00,5,0.08
14512,21.00,2429,21.00,3162,20.00,1779,20.00,1447,20.00,1348,5.00,2893,-2.00,5861,27.00,4669,-3.00,1522,20.00,2076,21.00,2579,40.00,2575,-1.00,1144,96.00,3661,4.00,1357,0.00,1049,0.00,935,0.00,1625,0.00,1782,4.00,1588,-2.00,896,-5.00,5,0.08
14547,20.00,2429,20.00,3162,20.00,1779,19.00,1447,20.00,1348,5.00,2893,-2.00,5861,27.00,4669,-2.00,1522,20.00,2076,21.00,2579,40.00,2575,-1.00,1144,95.00,3661,4.00,1357,0.00,1048,0.00,935,0.00,1625,0.00,1782,4.00,1588,-1.00,896,-4.00,5,0.00
14583,20.00,2429,19.00,3162,19.00,1779,20.00,1447,20.00,1348,5.00,2893,-2.00,5861,28.00,4669,-2.00,1522,21.00,2076,20.00,2579,41.00,2575,-1.00,1144,96.00,3661,3.00,1357,0.00,1049,0.00,935,0.00,1625,0.00,1782,2.00,1588,-1.00,896,-3.00,5,0.08
14619,20.00,2429,20.00,3161,20.00,1779,20.00,1447,20.00,1348,5.00,2893,-2.00,5861,27.00,4669,-3.00,1522,20.00,2076,20.00,2579,40.00,2575,-1.00,1144,96.00,3661,4.00,1357,0.00,1049,0.00,935,0.00,1625,0.00,1782,2.00,1588,-1.00,896,-5.00,5,0.16
14655,20.00,2429,20.00,3162,20.00,1779,20.00,1447,20.00,1348,5.00,2893,-1.00,5861,27.00,4669,-3.00,1522,20.00,2076,21.00,2579,40.00,2575,-1.00,1144,96.00,3661,4.00,1357,0.00,1048,0.00,935,0.00,1625,0.00,1782,3.00,1588,-1.00,896,-4.00,5,0.24
14690,20.00,2429,21.00,3161,20.00,1780,19.00,1447,20.00,1348,4.00,2893,-1.00,5861,27.00,4669,-4.00,1522,21.00,2076,20.00,2579,40.00,2575,-2.00,1144,96.00,3661,5.00,1357,0.00,1048,0.00,935,0.00,1625,0.00,1782,3.00,1588,-2.00,896,-5.00,5,0.08
14726,20.00,2429,21.00,3161,20.00,1779,20.00,1447,20.00,1348,6.00,2893,-2.00,5861,26.00,4669,-3.00,1522,20.00,2076,19.00,2579,40.00,2575,0.00,1144,95.00,3661,4.00,1357,0.00,1049,0.00,935,0.00,1625,0.00,1782,3.00,1588,-1.00,896,-3.00,5,0.08
14762,19.00,2429,20.00,3162,19.00,1779,20.00,1447,20.00,1348,5.00,2893,-1.00,5861,27.00,4669,-3.00,1522,20.00,2076,20.00,2579,40.00,2575,0.00,1144,96.00,3661,4.00,1357,0.00,1048,0.00,935,0.00,1625,0.00,1782,5.00,1588,-1.00,896,-4.00,5,0.08
14798,20.00,2429,20.00,3162,20.00,1779,21.00,1447,20.00,1348,6.00,2893,-2.00,5861,27.00,4669,-3.00,1522,20.00,2076,19.00,2579,40.00,2575,-2.00,1144,96.00,3661,4.00,1357,0.00,1049,0.00,935,0.00,1625,0.00,1782,5.00,1588,0.00,896,-3.00,5,0.24
14833,21.00,2429,20.00,3161,19.00,1779,20.00,1447,20.00,1348,5.00,2893,-2.00,5861,27.00,4669,-2.00,1522,20.00,2076,21.00,2579,40.00,2575,0.00,1144,96.00,3661,4.00,1357,0.00,1048,0.00,935,0.00,1625,0.00,1782,4.00,1588,-1.00,896,-4.00,5,0.16
14869,20.00,2429,20.00,3161,20.00,1779,20.00,1447,20.00,1348,5.00,2893,-3.00,5861,27.00,4669,-2.00,1522,20.00,2076,19.00,2579,40.00,2575,-2.00,1144,96.00,3661,3.00,1357,0.00,1048,0.00,935,0.00,1625,0.00,1782,4.00,1588,-1.00,896,-3.00,5,0.00
14905,20.00,2429,20.00,3161,20.00,1779,21.00,1447,20.00,1348,5.00,2893,-3.00,5861,27.00,4669,-2.00,1522,20.00,2076,20.00,2579,40.00,2575,-2.00,1144,96.00,3661,4.00,1357,0.00,1048,0.00,935,0.00,1625,0.00,1782,2.00,1588,-1.00,896,-4.00,5,0.32
14941,20.00,2429,20.00,3162,20.00,1779,20.00,1447,20.00,1348,5.00,2893,-1.00,5861,29.00,4669,-2.00,1522,20.00,2076,20.00,2579,40.00,2575,0.00,1144,96.00,3661,3.00,1357,0.00,1049,0.00,935,0.00,1625,0.00,1782,2.00,1588,-1.00,896,-3.00,5,0.00
14976,20.00,2429,19.00,3161,20.00,1779,20.00,1447,20.00,1348,5.00,2893,-2.00,5861,27.00,4669,-4.00,1522,20.00,2076,20.00,2579,41.00,2575,0.00,1144,96.00,3661,4.00,1357,0.00,1049,0.00,935,0.00,1625,0.00,1782,2.00,1588,-1.00,896,-4.00,5,0.08
15012,20.00,2429,20.00,3162,20.00,1779,20.00,1447,19.00,1348,5.00,2893,-1.00,5861,27.00,4669,-4.00,1522,20.00,2076,20.00,2579,40.00,2575,-1.00,1144,97.00,3661,3.00,1357,0.00,1049,0.00,935,0.00,1625,0.00,1782,3.00,1588,-1.00,896,-5.00,5,0.00
15048,20.00,2429,20.00,3162,20.00,1779,20.00,1447,20.00,1348,5.00,2893,-2.00,5861,27.00,4669,-5.00,1522,20.00,2076,20.00,2579,40.00,2575,-1.00,1144,97.00,3661,4.00,1357,0.00,1049,0.00,935,0.00,1625,0.00,1782,4.00,1588,-2.00,896,-3.00,5,0.16
15084,19.00,2429,20.00,3162,20.00,1779,20.00,1447,20.00,1348,5.00,2893,-3.00,5861,27.00,4669,-3.00,1522,20.00,2076,20.00,2579,40.00,2575,-1.00,1144,96.00,3661,2.00,1357,0.00,1048,0.00,935,0.00,1625,0.00,1782,2.00,1588,-2.00,896,-2.00,5,0.00
15120,20.00,2429,19.00,3161,20.00,1779,20.00,1447,20.00,1348,5.00,2893,-2.00,5861,27.00,4669,-4.00,1522,20.00,2076,20.00,2579,40.00,2575,0.00,1144,96.00,3661,3.00,1357,0.00,1048,0.00,935,0.00,1625,0.00,1782,2.00,1588,-1.00,896,-3.00,5,0.40
15156,20.00,2429,20.00,3162,20.00,1779,20.00,1447,19.00,1348,5.00,2893,-2.00,5861,27.00,4669,-2.00,1522,20.00,2076,20.00,2579,40.00,2575,0.00,1144,96.00,3661,1.00,1357,0.00,1049,0.00,935,0.00,1625,0.00,1781,2.00,1588,-2.00,896,-4.00,5,0.32
15191,19.00,2429,20.00,3161,20.00,1779,21.00,1447,20.00,1348,5.00,2893,-1.00,5861,27.00,4669,-4.00,1522,20.00,2076,20.00,2579,40.00,2575,-1.00,1144,96.00,3661,2.00,1357,0.00,1049,0.00,935,0.00,1625,0.00,1782,3.00,1588,-1.00,896,-5.00,5,0.08
15227,20.00,2429,20.00,3162,20.00,1779,20.00,1447,20.00,1348,5.00,2893,-1.00,5861,27.00,4669,-3.00,1522,20.00,2076,20.00,2579,40.00,2575,-2.00,1144,96.00,3661,2.00,1357,0.00,1049,0.00,935,0.00,1625,0.00,1782,2.00,1588,-1.00,896,-3.00,5,0.08
15263,19.00,2429,20.00,3161,19.00,1779,20.00,1447,20.00,1348,5.00,2893,-2.00,5861,27.00,4669,-3.00,1522,20.00,2076,19.00,2579,41.00,2575,-2.00,1144,96.00,3661,2.00,1357,0.00,1048,0.00,935,0.00,1625,0.00,1782,4.00,1588,-1.00,896,-5.00,5,0.00
15298,20.00,2429,19.00,3161,20.00,1779,20.00,1447,20.00,1348,5.00,2893,-2.00,5861,28.00,4669,-3.00,1522,20.00,2076,20.00,2579,40.00,2575,-1.00,1144,96.00,3661,2.00,1357,0.00,1049,0.00,935,0.00,1625,0.00,1782,5.00,1588,0.00,896,-3.00,5,0.00
15334,20.00,2429,20.00,3162,19.00,1779,19.00,1447,20.00,1348,5.00,2893,-2.00,5861,27.00,4669,-3.00,1522,20.00,2076,20.00,2579,40.00,2575,-1.00,1144,96.00,3661,5.00,1357,0.00,1048,0.00,935,0.00,1625,0.00,1782,4.00,1588,-1.00,896,-4.00,5,0.00
15370,20.00,2429,20.00,3161,20.00,1779,20.00,1447,20.00,1348,5.00,2893,-2.00,5861,26.00,4669,-4.00,1522,20.00,2076,19.00,2579,40.00,2575,-2.00,1144,96.00,3661,4.00,1357,0.00,1049,0.00,935,0.00,1625,0.00,1782,1.00,1588,-2.00,896,-3.00,5,0.08
15405,20.00,2429,20.00,3161,20.00,1779,20.00,1447,20.00,1348,4.00,2893,-2.00,5861,27.00,4669,-4.00,1522,20.00,2076,20.00,2579,40.00,2575,-2.00,1144,96.00,3661,4.00,1357,0.00,1048,0.00,935,0.00,1625,0.00,1782,4.00,1588,-1.00,896,-5.00,5,0.32
15441,20.00,2429,19.00,3161,20.00,1779,20.00,1447,20.00,1348,5.00,2893,-2.00,5861,27.00,4669,-3.00,1522,20.00,2076,20.00,2579,40.00,2575,-3.00,1144,96.00,3661,3.00,1357,0.00,1049,0.00,935,0.00,1625,0.00,1782,2.00,1588,-2.00,896,-4.00,5,0.00
15477,20.00,2429,20.00,3162,21.00,1779,20.00,1447,20.00,1348,5.00,2893,-2.00,5861,27.00,4669,-2.00,1522,21.00,2076,20.00,2579,40.00,2575,-1.00,1144,96.00,3661,3.00,1357,0.00,1048,0.00,935,0.00,1625,0.00,1782,3.00,1588,0.00,896,-4.00,5,0.08
15513,21.00,2429,21.00,3161,20.00,1779,20.00,1447,20.00,1348,5.00,2893,-3.00,5861,27.00,4669,-2.00,1522,19.00,2076,20.00,2579,40.00,2575,-1.00,1144,96.00,3661,4.00,1357,0.00,1049,0.00,935,0.00,1625,0.00,1782,4.00,1588,-1.00,896,-3.00,5,0.00