Format Version,1.24,Take Name,Push_180_deg_003,Take Notes,,Capture Frame Rate,100.000000,Export Frame Rate,100.000000,Capture Start Time,2025-02-02 01.41.25.884 午後,Capture Start Frame,760156,Total Frames in Take,1501,Total Exported Frames,1501,Rotation Type,Quaternion,Length Units,Millimeters,Coordinate Space,Local

,Type,Rigid Body,Rigid Body,Rigid Body,Rigid Body,Rigid Body,Rigid Body,Rigid Body
,Name,Rigid Body 002,Rigid Body 002,Rigid Body 002,Rigid Body 002,Rigid Body 002,Rigid Body 002,Rigid Body 002
,ID,7081C4A4E11211EF3C28FEC2583C42A9,7081C4A4E11211EF3C28FEC2583C42A9,7081C4A4E11211EF3C28FEC2583C42A9,7081C4A4E11211EF3C28FEC2583C42A9,7081C4A4E11211EF3C28FEC2583C42A9,7081C4A4E11211EF3C28FEC2583C42A9,7081C4A4E11211EF3C28FEC2583C42A9
,,Rotation,Rotation,Rotation,Rotation,Position,Position,Position
Frame,Time (Seconds),X,Y,Z,W,X,Y,Z
0,0.000000,0.009518,0.014427,0.002151,0.999848,108.207634,415.443451,49.174393
1,0.010000,0.009503,0.014493,0.002027,0.999848,108.197433,415.443542,49.177395
2,0.020000,0.009505,0.014376,0.002128,0.999849,108.202103,415.442291,49.177826
3,0.030000,0.009501,0.014469,0.002047,0.999848,108.191849,415.442535,49.180046
4,0.040000,0.009471,0.014455,0.001983,0.999849,108.195236,415.440308,49.177364
5,0.050000,0.009468,0.014457,0.001945,0.999849,108.197495,415.441986,49.173759
6,0.060000,0.009488,0.014430,0.002134,0.999849,108.198349,415.445770,49.168640
7,0.070000,0.009464,0.014370,0.002099,0.999850,108.210670,415.446228,49.163311
8,0.080000,0.009459,0.014335,0.002125,0.999850,108.215912,415.449127,49.159832
9,0.090000,0.009451,0.014345,0.002115,0.999850,108.215706,415.449768,49.157658
10,0.100000,0.009448,0.014379,0.002084,0.999850,108.208557,415.448578,49.156696
11,0.110000,0.009431,0.014342,0.002136,0.999850,108.198662,415.447784,49.154945
12,0.120000,0.009421,0.014328,0.002175,0.999851,108.185425,415.446136,49.152878
13,0.130000,0.009407,0.014267,0.002179,0.999852,108.163956,415.441376,49.150093
14,0.140000,0.009427,0.014308,0.002266,0.999851,108.140434,415.438599,49.149410
15,0.150000,0.009416,0.014335,0.002269,0.999850,108.128761,415.437286,49.147713
16,0.160000,0.009412,0.014337,0.002249,0.999850,108.121979,415.436340,49.146782
17,0.170000,0.009413,0.014332,0.002234,0.999851,108.118973,415.436432,49.147339
18,0.180000,0.009427,0.014283,0.002283,0.999851,108.118111,415.434845,49.149490
19,0.190000,0.009439,0.014353,0.002167,0.999850,108.114082,415.430176,49.151615
20,0.200000,0.009488,0.014105,0.002611,0.999852,108.106323,415.427948,49.158787
21,0.210000,0.009517,0.014130,0.002553,0.999852,108.103340,415.424316,49.164814
22,0.220000,0.009531,0.014144,0.002554,0.999851,108.098282,415.422333,49.169785
23,0.230000,0.009541,0.014147,0.002553,0.999851,108.089478,415.419678,49.173817
24,0.240000,0.009557,0.014133,0.002590,0.999851,108.074005,415.414520,49.177952
25,0.250000,0.009567,0.014157,0.002570,0.999851,108.059174,415.408386,49.181465
26,0.260000,0.009561,0.014093,0.002640,0.999852,108.044334,415.405121,49.187634
27,0.270000,0.009560,0.014111,0.002641,0.999851,108.033195,415.403076,49.190834
28,0.280000,0.009569,0.014089,0.002657,0.999851,108.025208,415.403381,49.193554
29,0.290000,0.009590,0.014164,0.002595,0.999850,108.017120,415.404236,49.197723
30,0.300000,0.009590,0.014157,0.002590,0.999851,108.015099,415.406494,49.197762
31,0.310000,0.009585,0.014153,0.002570,0.999851,108.014557,415.408020,49.196918
32,0.320000,0.009560,0.014138,0.002569,0.999851,108.014305,415.408997,49.192234
33,0.330000,0.009546,0.014086,0.002609,0.999852,108.013527,415.409088,49.189873
34,0.340000,0.009547,0.014144,0.002579,0.999851,108.008698,415.408752,49.190750
35,0.350000,0.009550,0.014171,0.002557,0.999851,108.003899,415.409668,49.192970
36,0.360000,0.009557,0.014087,0.002624,0.999852,107.999657,415.408691,49.194290
37,0.370000,0.009593,0.014072,0.002681,0.999851,107.981819,415.407013,49.201756
38,0.380000,,,,,,,
39,0.390000,0.009583,0.014217,0.002556,0.999850,107.964912,415.402100,49.204147
40,0.400000,0.009561,0.014266,0.002506,0.999849,107.959381,415.403717,49.200211
41,0.410000,0.009534,0.014010,0.002714,0.999853,107.958038,415.408386,49.195065
42,0.420000,0.009529,0.014255,0.002536,0.999850,107.963547,415.412018,49.187885
43,0.430000,0.009510,0.014211,0.002523,0.999851,107.971169,415.413696,49.182140
44,0.440000,0.009514,0.014267,0.002470,0.999850,107.974701,415.418640,49.177635
45,0.450000,,,,,,,
46,0.460000,0.009514,0.014246,0.002459,0.999850,107.977486,415.420258,49.175205
47,0.470000,,,,,,,
48,0.480000,0.009477,0.014209,0.002520,0.999851,107.959785,415.414520,49.174965
49,0.490000,0.009485,0.014320,0.002510,0.999849,107.935417,415.415344,49.173691
50,0.500000,0.009390,0.013911,0.002994,0.999855,107.925636,415.419586,49.176022
51,0.510000,0.009365,0.014126,0.002842,0.999852,107.916512,415.424347,49.170998
52,0.520000,0.009341,0.014159,0.002777,0.999852,107.911674,415.428772,49.163021
53,0.530000,,,,,,,
54,0.540000,0.009320,0.014176,0.002763,0.999852,107.913757,415.434204,49.151024
55,0.550000,0.009333,0.014189,0.002740,0.999852,107.922447,415.433441,49.143692
56,0.560000,0.009319,0.014188,0.002734,0.999852,107.926498,415.434662,49.137215
57,0.570000,0.009305,0.014137,0.002762,0.999853,107.928062,415.436493,49.130932
58,0.580000,0.009288,0.014151,0.002741,0.999853,107.923828,415.439972,49.125904
59,0.590000,,,,,,,
60,0.600000,0.009232,0.014137,0.002770,0.999854,107.898827,415.443298,49.110283
61,0.610000,0.009214,0.014167,0.002757,0.999853,107.876038,415.442322,49.103592
62,0.620000,0.009194,0.014184,0.002739,0.999853,107.855957,415.445312,49.097290
63,0.630000,0.009154,0.014206,0.002746,0.999853,107.831543,415.444061,49.089741
64,0.640000,0.009149,0.014383,0.002453,0.999852,107.769501,415.426025,49.080360
65,0.650000,,,,,,,
66,0.660000,0.009100,0.014310,0.002478,0.999853,107.661980,415.417633,49.068451
67,0.670000,0.009097,0.014472,0.002151,0.999852,107.603821,415.427948,49.061638
68,0.680000,0.009069,0.014564,0.002027,0.999851,107.529182,415.434662,49.057980
69,0.690000,0.009035,0.014596,0.001983,0.999851,107.442337,415.432526,49.061718
70,0.700000,,,,,,,
71,0.710000,0.009096,0.014251,0.002329,0.999854,107.184616,415.392792,49.061508
72,0.720000,0.009091,0.014071,0.002512,0.999857,107.038216,415.380310,49.058823
73,0.730000,,,,,,,
74,0.740000,0.009104,0.014552,0.002314,0.999850,106.697800,415.399200,49.052101
75,0.750000,0.009025,0.014417,0.002543,0.999852,106.510918,415.407776,49.050716
76,0.760000,0.008935,0.014397,0.002807,0.999853,106.302948,415.400543,49.041435
77,0.770000,0.008913,0.014544,0.002413,0.999852,106.103752,415.392761,49.042530
78,0.780000,0.008891,0.014586,0.002372,0.999851,105.887863,415.388397,49.059948
79,0.790000,0.008926,0.014649,0.002158,0.999851,105.690292,415.381805,49.071331
80,0.800000,0.009035,0.014669,0.001944,0.999850,105.475273,415.377594,49.077965
81,0.810000,0.009070,0.014263,0.002311,0.999855,105.268250,415.373627,49.075691
82,0.820000,0.009080,0.014042,0.002942,0.999856,105.041077,415.364960,49.090660
83,0.830000,0.009071,0.013986,0.003232,0.999856,104.854210,415.356476,49.100250
84,0.840000,0.008996,0.014214,0.003064,0.999854,104.681030,415.352295,49.098366
85,0.850000,0.009001,0.014607,0.002381,0.999850,104.507278,415.350891,49.086632
86,0.860000,0.008945,0.014510,0.002292,0.999852,104.360626,415.363159,49.087730
87,0.870000,0.008960,0.014428,0.002402,0.999853,104.222717,415.368774,49.093014
88,0.880000,0.008955,0.014472,0.002358,0.999852,104.109695,415.366791,49.093552
89,0.890000,0.008917,0.014465,0.002325,0.999853,103.997879,415.360718,49.095707
90,0.900000,0.008933,0.014313,0.002682,0.999854,103.898941,415.354370,49.101192
91,0.910000,0.008872,0.014206,0.002920,0.999856,103.835976,415.353485,49.108963
92,0.920000,0.008858,0.014331,0.002814,0.999854,103.767365,415.347595,49.102646
93,0.930000,0.008842,0.014418,0.002667,0.999853,103.731361,415.351501,49.101406
94,0.940000,0.008846,0.014421,0.002612,0.999853,103.702965,415.352386,49.104343
95,0.950000,0.008868,0.014301,0.002813,0.999854,103.689568,415.346588,49.106079
96,0.960000,0.008886,0.014440,0.002744,0.999853,103.687012,415.334045,49.105515
97,0.970000,0.008897,0.014466,0.002682,0.999852,103.685013,415.328033,49.106945
98,0.980000,0.008943,0.014399,0.002716,0.999853,103.682571,415.323151,49.116535
99,0.990000,0.008949,0.014384,0.002741,0.999853,103.671646,415.323212,49.120697
100,1.000000,0.008928,0.014404,0.002685,0.999853,103.648468,415.321594,49.116508
101,1.010000,0.008900,0.014255,0.002796,0.999855,103.612930,415.322327,49.110104
102,1.020000,0.008888,0.014271,0.002775,0.999855,103.574127,415.324951,49.099155
103,1.030000,0.008806,0.014277,0.002746,0.999856,103.531837,415.339325,49.083145
104,1.040000,0.008774,0.014245,0.002666,0.999857,103.489265,415.354797,49.069088
105,1.050000,0.008763,0.014382,0.002336,0.999856,103.432686,415.365509,49.055378
106,1.060000,0.008789,0.014535,0.002249,0.999853,103.366287,415.376404,49.051392
107,1.070000,0.008786,0.014755,0.001880,0.999851,103.289749,415.384033,49.048401
108,1.080000,0.008783,0.014488,0.002110,0.999854,103.207573,415.383942,49.044632
109,1.090000,0.008826,0.014725,0.002080,0.999851,103.106422,415.378387,49.047176
110,1.100000,0.008816,0.014781,0.002023,0.999850,103.019630,415.372467,49.046692
111,1.110000,0.008828,0.014735,0.002053,0.999850,102.923515,415.366608,49.045551
112,1.120000,0.008788,0.014497,0.002227,0.999854,102.806404,415.361633,49.056293
113,1.130000,0.008742,0.014484,0.002439,0.999854,102.679283,415.360931,49.055004
114,1.140000,0.008705,0.014849,0.002119,0.999850,102.575813,415.371277,49.048538
115,1.150000,0.008602,0.014579,0.002295,0.999854,102.488968,415.383362,49.047295
116,1.160000,0.008631,0.014676,0.002037,0.999853,102.325317,415.378937,49.044258
117,1.170000,0.008648,0.014777,0.001854,0.999852,102.226440,415.373871,49.028408
118,1.180000,0.008624,0.014189,0.002470,0.999859,102.064178,415.387573,49.026070
119,1.190000,0.008579,0.014103,0.002492,0.999861,101.938553,415.388855,49.029621
120,1.200000,0.008600,0.014250,0.002418,0.999859,101.810890,415.387604,49.042908
121,1.210000,0.008661,0.014031,0.002604,0.999861,101.679443,415.379761,49.051750
122,1.220000,0.008659,0.014149,0.002440,0.999859,101.573364,415.363953,49.064186
123,1.230000,0.008707,0.014099,0.002500,0.999860,101.461922,415.348480,49.081776
124,1.240000,0.008693,0.014345,0.002254,0.999857,101.365250,415.340149,49.092030
125,1.250000,0.008730,0.014477,0.002252,0.999855,101.279388,415.339935,49.097252
126,1.260000,0.008788,0.014670,0.002100,0.999852,101.214043,415.340912,49.103836
127,1.270000,0.008789,0.014771,0.001969,0.999850,101.157890,415.341705,49.107079
128,1.280000,0.008757,0.014454,0.002171,0.999855,101.105560,415.345276,49.104485
129,1.290000,0.008759,0.014431,0.002216,0.999855,101.065010,415.344574,49.105453
130,1.300000,0.008811,0.014380,0.002299,0.999855,101.030167,415.335846,49.108356
131,1.310000,0.008837,0.014339,0.002342,0.999855,101.002190,415.327454,49.113995
132,1.320000,0.008838,0.014360,0.002358,0.999855,100.979614,415.322540,49.113091
133,1.330000,0.008836,0.014356,0.002355,0.999855,100.958084,415.323273,49.113010
134,1.340000,0.008823,0.014330,0.002383,0.999856,100.940468,415.325653,49.108627
135,1.350000,0.008807,0.014332,0.002360,0.999856,100.925606,415.329468,49.101593
136,1.360000,0.008790,0.014339,0.002367,0.999856,100.908875,415.333954,49.094063
137,1.370000,0.008787,0.014349,0.002448,0.999856,100.887383,415.336365,49.090199
138,1.380000,0.008793,0.014344,0.002488,0.999855,100.865967,415.333191,49.094761
139,1.390000,0.008824,0.014228,0.002709,0.999856,100.841080,415.330688,49.102989
140,1.400000,0.008860,0.014010,0.002915,0.999858,100.814659,415.325897,49.111179
141,1.410000,0.008861,0.014101,0.002817,0.999857,100.794083,415.325623,49.115135
142,1.420000,0.008857,0.014030,0.002865,0.999858,100.763031,415.323273,49.117908
143,1.430000,0.008853,0.014038,0.002859,0.999858,100.735497,415.322632,49.114624
144,1.440000,0.008837,0.014027,0.002864,0.999858,100.698959,415.325653,49.108192
145,1.450000,0.008839,0.014119,0.002799,0.999857,100.653999,415.331970,49.107330
146,1.460000,0.008814,0.014218,0.002563,0.999857,100.598953,415.339386,49.108612
147,1.470000,0.008813,0.014224,0.002508,0.999857,100.534492,415.342529,49.107700
148,1.480000,0.008816,0.014376,0.002393,0.999855,100.455330,415.337799,49.107349
149,1.490000,0.008822,0.014493,0.002084,0.999854,100.356163,415.340393,49.104073
150,1.500000,0.008826,0.014505,0.002062,0.999854,100.262161,415.340729,49.102596
151,1.510000,0.008801,0.014528,0.002010,0.999854,100.162537,415.343628,49.099285
152,1.520000,0.008747,0.014616,0.001997,0.999853,100.039017,415.341248,49.090042
153,1.530000,0.008781,0.014179,0.002506,0.999858,99.902229,415.344116,49.094631
154,1.540000,0.008807,0.014031,0.002690,0.999859,99.772156,415.344147,49.098465
155,1.550000,0.008731,0.013976,0.002770,0.999860,99.624702,415.341034,49.109272
156,1.560000,0.008748,0.014283,0.002548,0.999857,99.465752,415.338104,49.125340
157,1.570000,0.008756,0.014430,0.002425,0.999855,99.320969,415.331635,49.137245
158,1.580000,0.008799,0.014568,0.002250,0.999853,99.170113,415.325562,49.143440
159,1.590000,0.008854,0.014290,0.002508,0.999856,98.981293,415.315643,49.141277
160,1.600000,0.008865,0.014462,0.002131,0.999854,98.767548,415.314392,49.142109
161,1.610000,0.008854,0.014361,0.002454,0.999855,98.521248,415.310272,49.133667
162,1.620000,0.008760,0.014362,0.002214,0.999856,98.322510,415.312500,49.140301
163,1.630000,0.008758,0.014206,0.002495,0.999858,98.119209,415.317261,49.138573
164,1.640000,0.008807,0.013980,0.002936,0.999859,97.915436,415.314453,49.142319
165,1.650000,0.008884,0.013868,0.002893,0.999860,97.690704,415.307343,49.154537
166,1.660000,0.008926,0.014054,0.002754,0.999858,97.500549,415.296326,49.167671
167,1.670000,0.008885,0.014374,0.002062,0.999855,97.297691,415.290283,49.170605
168,1.680000,0.008869,0.014217,0.002224,0.999857,97.098511,415.292938,49.167305
169,1.690000,0.008811,0.014605,0.002039,0.999853,96.910637,415.295166,49.176327
170,1.700000,0.008781,0.013911,0.002919,0.999861,96.708939,415.299255,49.180294
171,1.710000,0.008838,0.013756,0.002897,0.999862,96.508743,415.294586,49.177753
172,1.720000,0.008854,0.014018,0.002396,0.999860,96.333595,415.291199,49.181244
173,1.730000,0.008853,0.014419,0.002211,0.999854,96.154404,415.288300,49.187897
174,1.740000,0.008894,0.014327,0.002436,0.999855,95.985672,415.281586,49.195724
175,1.750000,0.008905,0.014515,0.002294,0.999852,95.787422,415.279999,49.193344
176,1.760000,0.008867,0.014388,0.002352,0.999854,95.622223,415.278229,49.197411
177,1.770000,0.008820,0.014264,0.002402,0.999857,95.446053,415.280548,49.205688
178,1.780000,0.008720,0.014571,0.001940,0.999854,95.302559,415.278809,49.206661
179,1.790000,0.008635,0.014859,0.001595,0.999851,95.157745,415.278809,49.199528
180,1.800000,0.008674,0.014674,0.001785,0.999853,95.002586,415.276520,49.191460
181,1.810000,0.008782,0.014297,0.002547,0.999856,94.844185,415.282928,49.195110
182,1.820000,0.008818,0.014228,0.002772,0.999856,94.728828,415.281525,49.197372
183,1.830000,0.008825,0.014188,0.002741,0.999857,94.617142,415.280060,49.202240
184,1.840000,0.008880,0.013912,0.003060,0.999859,94.494736,415.269653,49.205421
185,1.850000,0.008933,0.013977,0.002768,0.999859,94.368675,415.263031,49.210880
186,1.860000,0.008914,0.014078,0.002566,0.999858,94.254463,415.253540,49.210415
187,1.870000,0.008863,0.014175,0.002268,0.999858,94.137917,415.251587,49.218861
188,1.880000,0.008848,0.014204,0.002218,0.999858,94.030914,415.252380,49.224514
189,1.890000,0.008837,0.014133,0.002340,0.999858,93.914619,415.252441,49.238449
190,1.900000,0.008835,0.014186,0.002355,0.999858,93.807060,415.252502,49.244156
191,1.910000,0.008793,0.014506,0.002114,0.999854,93.702881,415.255798,49.245667
192,1.920000,0.008798,0.014427,0.002122,0.999855,93.581902,415.259369,49.236450
193,1.930000,0.008751,0.014530,0.002076,0.999854,93.457062,415.266937,49.224922
194,1.940000,0.008743,0.013890,0.002712,0.999862,93.322388,415.273895,49.218533
195,1.950000,0.008724,0.013835,0.002811,0.999862,93.203178,415.275208,49.213310
196,1.960000,0.008711,0.014101,0.002380,0.999860,93.069016,415.275024,49.211765
197,1.970000,0.008801,0.014083,0.002485,0.999859,92.914009,415.271454,49.215126
198,1.980000,0.008844,0.013982,0.002793,0.999859,92.770714,415.270782,49.224911
199,1.990000,0.008868,0.014106,0.002641,0.999858,92.630280,415.267059,49.228680
200,2.000000,0.008834,0.014153,0.002624,0.999857,92.490730,415.261810,49.231773
201,2.010000,0.008833,0.014021,0.002681,0.999859,92.347443,415.258636,49.239155
202,2.020000,0.008812,0.013800,0.002843,0.999862,92.197914,415.260071,49.244644
203,2.030000,0.008802,0.014124,0.002525,0.999858,92.048668,415.264343,49.253155
204,2.040000,0.008859,0.014456,0.001907,0.999854,91.867516,415.259827,49.258942
205,2.050000,0.008819,0.014670,0.001754,0.999852,91.714203,415.252441,49.260433
206,2.060000,0.008802,0.014441,0.002124,0.999855,91.550781,415.243469,49.257095
207,2.070000,0.008825,0.014614,0.001870,0.999853,91.398422,415.237000,49.255978
208,2.080000,0.008746,0.014543,0.001904,0.999854,91.238182,415.237946,49.266865
209,2.090000,0.008705,0.014448,0.002234,0.999855,91.091576,415.242249,49.278000
210,2.100000,0.008802,0.014169,0.002562,0.999858,90.943275,415.242401,49.278553
211,2.110000,0.008816,0.014053,0.002671,0.999859,90.796623,415.241028,49.275875
212,2.120000,0.008865,0.014210,0.002449,0.999857,90.641609,415.237793,49.265388
213,2.130000,0.008879,0.014172,0.002462,0.999857,90.505852,415.235962,49.264046
214,2.140000,0.008880,0.014495,0.002172,0.999853,90.386230,415.234131,49.275902
215,2.150000,0.008921,0.014209,0.002544,0.999856,90.247047,415.226318,49.279133
216,2.160000,0.008915,0.014010,0.002652,0.999859,90.102928,415.224243,49.286514
217,2.170000,0.008884,0.014128,0.002624,0.999857,89.963631,415.220642,49.291313
218,2.180000,0.008840,0.014150,0.002355,0.999858,89.823151,415.227600,49.296398
219,2.190000,0.008760,0.013954,0.002431,0.999861,89.676155,415.234131,49.291759
220,2.200000,0.008727,0.013965,0.002406,0.999862,89.532425,415.237061,49.286823
221,2.210000,0.008735,0.013973,0.002243,0.999862,89.374374,415.240784,49.278580
222,2.220000,0.008756,0.014043,0.002246,0.999861,89.220886,415.244141,49.276085
223,2.230000,0.008856,0.014065,0.002335,0.999859,89.044968,415.239777,49.277905
224,2.240000,0.008859,0.013977,0.002788,0.999859,88.869431,415.237366,49.277466
225,2.250000,0.008808,0.014132,0.002705,0.999858,88.706329,415.233978,49.282307
226,2.260000,0.008790,0.014283,0.002438,0.999856,88.543503,415.228516,49.285027
227,2.270000,0.008759,0.014570,0.001904,0.999854,88.371765,415.231873,49.278702
228,2.280000,0.008685,0.014427,0.001943,0.999856,88.214050,415.238068,49.274048
229,2.290000,0.008668,0.014112,0.002279,0.999860,88.051254,415.241150,49.277950
230,2.300000,0.008674,0.013886,0.002489,0.999863,87.903671,415.242157,49.280655
231,2.310000,0.008714,0.013742,0.002800,0.999864,87.762672,415.243073,49.293217
232,2.320000,0.008716,0.013859,0.002680,0.999862,87.637215,415.235718,49.304344
233,2.330000,0.008725,0.014094,0.002451,0.999860,87.513947,415.229034,49.319046
234,2.340000,0.008763,0.014344,0.002085,0.999857,87.401138,415.218567,49.334770
235,2.350000,0.008852,0.014380,0.002186,0.999855,87.289406,415.206207,49.343910
236,2.360000,0.008934,0.014216,0.002410,0.999856,87.184113,415.189941,49.349659
237,2.370000,0.008969,0.014340,0.002127,0.999855,87.080582,415.182922,49.354729
238,2.380000,0.009042,0.014115,0.002435,0.999857,86.982620,415.186249,49.362679
239,2.390000,0.009030,0.013963,0.002716,0.999858,86.889328,415.193176,49.373611
240,2.400000,0.009056,0.014114,0.002405,0.999857,86.804276,415.194733,49.383854
241,2.410000,0.009025,0.014220,0.002134,0.999856,86.732964,415.186768,49.398224
242,2.420000,0.009069,0.014018,0.002474,0.999858,86.657890,415.179016,49.405640
243,2.430000,0.009051,0.014146,0.002141,0.999857,86.579346,415.171661,49.409298
244,2.440000,0.009055,0.014138,0.002244,0.999857,86.513542,415.167450,49.406231
245,2.450000,0.009031,0.014192,0.002104,0.999856,86.453346,415.166321,49.408020
246,2.460000,0.009020,0.014214,0.002088,0.999856,86.395325,415.168549,49.407684
247,2.470000,0.009002,0.014295,0.002168,0.999855,86.337013,415.174164,49.412159
248,2.480000,0.009017,0.014353,0.002187,0.999854,86.271217,415.175201,49.414043
249,2.490000,0.009029,0.014370,0.002254,0.999853,86.203629,415.168823,49.416142
250,2.500000,0.009033,0.014402,0.002309,0.999853,86.137825,415.160065,49.419930
251,2.510000,0.009034,0.014384,0.002473,0.999853,86.066467,415.159485,49.420811
252,2.520000,0.009052,0.013955,0.002786,0.999858,85.972107,415.162994,49.408073
253,2.530000,0.009015,0.013717,0.003114,0.999861,85.874985,415.172028,49.405594
254,2.540000,0.009032,0.013636,0.002962,0.999862,85.782715,415.173340,49.396290
255,2.550000,0.009052,0.013645,0.002976,0.999862,85.687691,415.167572,49.388382
256,2.560000,0.009013,0.013711,0.002834,0.999861,85.590439,415.165100,49.390663
257,2.570000,0.009038,0.013740,0.002814,0.999861,85.487144,415.160492,49.388863
258,2.580000,0.009097,0.013836,0.002969,0.999858,85.364861,415.166840,49.392204
259,2.590000,0.009022,0.013999,0.002498,0.999858,85.242111,415.172729,49.393986
260,2.600000,0.008990,0.014207,0.002236,0.999856,85.125580,415.170837,49.399899
261,2.610000,0.009091,0.014169,0.002259,0.999856,84.980446,415.160614,49.412434
262,2.620000,0.009116,0.014292,0.002168,0.999854,84.838409,415.148743,49.426434
263,2.630000,0.009139,0.014082,0.002312,0.999856,84.666771,415.138062,49.441307
264,2.640000,0.009173,0.013766,0.002349,0.999860,84.495270,415.133728,49.458385
265,2.650000,0.009110,0.014033,0.002404,0.999857,84.306519,415.138885,49.460625
266,2.660000,0.009032,0.013815,0.002655,0.999860,84.118538,415.147339,49.445194
267,2.670000,0.009056,0.013677,0.002917,0.999861,83.939682,415.166382,49.413513
268,2.680000,0.008931,0.013866,0.002486,0.999861,83.776146,415.188232,49.390854
269,2.690000,0.008905,0.013814,0.002578,0.999862,83.606415,415.183807,49.386292
270,2.700000,0.008974,0.014088,0.002167,0.999858,83.444466,415.158203,49.392799
271,2.710000,0.008991,0.014357,0.001936,0.999855,83.260628,415.142578,49.405689
272,2.720000,0.008966,0.014233,0.002113,0.999856,83.081421,415.146393,49.418034
273,2.730000,0.008946,0.014252,0.002245,0.999856,82.908623,415.164703,49.419312
274,2.740000,0.008891,0.014183,0.002226,0.999857,82.740402,415.178223,49.410927
275,2.750000,0.008845,0.013662,0.002642,0.999864,82.550232,415.180023,49.388985
276,2.760000,0.008751,0.013807,0.002276,0.999864,82.360634,415.178619,49.376755
277,2.770000,0.008716,0.013939,0.002218,0.999862,82.168564,415.175934,49.373749
278,2.780000,0.008738,0.013974,0.002344,0.999861,81.973106,415.171692,49.381191
279,2.790000,0.008742,0.014057,0.002496,0.999860,81.791206,415.175629,49.391697
280,2.800000,0.008731,0.013929,0.002677,0.999861,81.618202,415.175018,49.407185
281,2.810000,0.008815,0.013899,0.002717,0.999861,81.447762,415.156677,49.407070
282,2.820000,0.008837,0.013824,0.002826,0.999861,81.261818,415.147125,49.411030
283,2.830000,0.008828,0.014259,0.002186,0.999857,81.073418,415.136566,49.411243
284,2.840000,0.008894,0.014101,0.002455,0.999858,80.903603,415.138580,49.420864
285,2.850000,0.008862,0.014126,0.002219,0.999858,80.744720,415.148376,49.429581
286,2.860000,0.008862,0.013883,0.002139,0.999862,80.586212,415.151215,49.429100
287,2.870000,0.008833,0.013836,0.002361,0.999863,80.434769,415.151215,49.424816
288,2.880000,0.008864,0.013806,0.002549,0.999862,80.288750,415.141602,49.427238
289,2.890000,0.008889,0.013484,0.002911,0.999865,80.139847,415.133301,49.435532
290,2.900000,0.008819,0.013871,0.002455,0.999862,80.002373,415.135834,49.444675
291,2.910000,0.008867,0.014167,0.002089,0.999858,79.854462,415.136566,49.453232
292,2.920000,0.008913,0.014252,0.002048,0.999857,79.721115,415.131287,49.468437
293,2.930000,0.008984,0.014313,0.001999,0.999855,79.587517,415.119598,49.479465
294,2.940000,0.009032,0.014344,0.002072,0.999854,79.448586,415.110321,49.489716
295,2.950000,0.009096,0.014201,0.002208,0.999855,79.296608,415.104340,49.499134
296,2.960000,0.009102,0.014242,0.002164,0.999855,79.148651,415.097900,49.511772
297,2.970000,0.009088,0.013676,0.002761,0.999861,78.987366,415.102997,49.516087
298,2.980000,0.009098,0.013735,0.002622,0.999861,78.854034,415.101776,49.521137
299,2.990000,0.009132,0.013588,0.002934,0.999862,78.700859,415.096680,49.517506
300,3.000000,0.009119,0.013543,0.002926,0.999862,78.557625,415.097656,49.521961
301,3.010000,0.009121,0.013704,0.002650,0.999861,78.410828,415.100067,49.524368
302,3.020000,0.009113,0.013665,0.002696,0.999861,78.271599,415.101318,49.526600
303,3.030000,0.009064,0.013763,0.002593,0.999861,78.143806,415.107391,49.532734
304,3.040000,0.009096,0.013851,0.002471,0.999860,78.011826,415.103882,49.540462
305,3.050000,0.009103,0.013814,0.002374,0.999860,77.883751,415.099670,49.547283
306,3.060000,0.009168,0.013719,0.002637,0.999860,77.747169,415.091400,49.556198
307,3.070000,0.009212,0.013635,0.002690,0.999861,77.608734,415.082123,49.561764
308,3.080000,0.009194,0.013763,0.002626,0.999860,77.478981,415.078430,49.569687
309,3.090000,0.009156,0.013757,0.002609,0.999860,77.359657,415.076904,49.576397
310,3.100000,0.009137,0.014197,0.002155,0.999855,77.226273,415.072693,49.574764
311,3.110000,0.009207,0.014208,0.002248,0.999854,77.100281,415.069550,49.573891
312,3.120000,0.009221,0.014058,0.002335,0.999856,76.975357,415.063354,49.573471
313,3.130000,0.009220,0.014106,0.002234,0.999856,76.870270,415.061371,49.571529
314,3.140000,0.009186,0.013865,0.002401,0.999859,76.768349,415.072906,49.572071
315,3.150000,0.009179,0.013690,0.002585,0.999861,76.667709,415.085663,49.573280
316,3.160000,0.009167,0.013709,0.002650,0.999861,76.561310,415.080444,49.580421
317,3.170000,0.009253,0.013418,0.003004,0.999863,76.434090,415.059906,49.583393
318,3.180000,0.009248,0.013630,0.002720,0.999861,76.314766,415.047272,49.586563
319,3.190000,0.009209,0.013789,0.002507,0.999859,76.208313,415.056305,49.590740
320,3.200000,0.009198,0.014028,0.002091,0.999857,76.098053,415.065033,49.592785
321,3.210000,0.009158,0.013839,0.002225,0.999860,75.964668,415.074463,49.588448
322,3.220000,0.009153,0.013614,0.002620,0.999862,75.822693,415.070435,49.584946
323,3.230000,0.009117,0.013565,0.002659,0.999863,75.671486,415.055847,49.581406
324,3.240000,0.009092,0.013461,0.002684,0.999864,75.527115,415.053223,49.573891
325,3.250000,0.009135,0.013507,0.002724,0.999863,75.389664,415.055817,49.561718
326,3.260000,0.009132,0.013776,0.002491,0.999860,75.252464,415.064026,49.556961
327,3.270000,0.009121,0.013818,0.002602,0.999860,75.114220,415.071960,49.566822
328,3.280000,0.009143,0.013533,0.002988,0.999862,74.953072,415.072510,49.574158
329,3.290000,0.009144,0.013848,0.002448,0.999859,74.791222,415.065613,49.575817
330,3.300000,0.009137,0.013873,0.002331,0.999859,74.647430,415.061005,49.589485
331,3.310000,0.009113,0.014044,0.002145,0.999858,74.492294,415.055878,49.604317
332,3.320000,0.009117,0.013849,0.002436,0.999860,74.319344,415.057098,49.609188
333,3.330000,0.009179,0.013816,0.002213,0.999860,74.151474,415.051361,49.607185
334,3.340000,0.009213,0.013669,0.002502,0.999861,73.991776,415.049805,49.615601
335,3.350000,0.009199,0.013540,0.002638,0.999863,73.824028,415.046448,49.630116
336,3.360000,0.009187,0.013340,0.002740,0.999865,73.672325,415.049377,49.625954
337,3.370000,0.009181,0.013712,0.002434,0.999861,73.497169,415.048615,49.628544
338,3.380000,0.009146,0.014025,0.002088,0.999858,73.328911,415.035492,49.634750
339,3.390000,0.009153,0.013913,0.002331,0.999859,73.155251,415.033966,49.635372
340,3.400000,0.009176,0.013613,0.002781,0.999861,72.985313,415.040833,49.628357
341,3.410000,0.009149,0.013585,0.002680,0.999862,72.838898,415.052673,49.631866
342,3.420000,0.009156,0.013646,0.002746,0.999861,72.688553,415.068298,49.640129
343,3.430000,0.009100,0.013597,0.002725,0.999862,72.540710,415.069244,49.643826
344,3.440000,0.009080,0.013861,0.002649,0.999859,72.384560,415.060974,49.644066
345,3.450000,0.009169,0.013835,0.002457,0.999859,72.229774,415.043732,49.643818
346,3.460000,0.009186,0.013910,0.002306,0.999858,72.081398,415.034332,49.651859
347,3.470000,0.009275,0.013430,0.002911,0.999863,71.915115,415.037445,49.652817
348,3.480000,0.009226,0.013425,0.002732,0.999864,71.787430,415.053772,49.660664
349,3.490000,0.009233,0.013466,0.002598,0.999863,71.655556,415.063019,49.660679
350,3.500000,0.009220,0.013687,0.002547,0.999861,71.497971,415.053436,49.667179
351,3.510000,0.009187,0.013800,0.002528,0.999859,71.340874,415.036163,49.666733
352,3.520000,0.009111,0.013674,0.002620,0.999862,71.185204,415.035187,49.656803
353,3.530000,0.009086,0.013907,0.002082,0.999860,71.050659,415.042755,49.661491
354,3.540000,0.009127,0.013785,0.002242,0.999861,70.892242,415.053833,49.667656
355,3.550000,0.009162,0.013534,0.002476,0.999863,70.752525,415.046082,49.667179
356,3.560000,0.009171,0.013450,0.002660,0.999864,70.597046,415.037018,49.661068
357,3.570000,0.009213,0.013466,0.002828,0.999863,70.424881,415.030945,49.667271
358,3.580000,0.009203,0.013700,0.002387,0.999861,70.275345,415.020203,49.669521
359,3.590000,0.009130,0.013613,0.002628,0.999862,70.127060,415.018524,49.664833
360,3.600000,0.009074,0.013766,0.002384,0.999861,69.989929,415.017151,49.660412
361,3.610000,0.009084,0.013854,0.002204,0.999860,69.850494,415.019318,49.663078
362,3.620000,0.009139,0.013638,0.002153,0.999863,69.686562,415.023193,49.670620
363,3.630000,0.009148,0.013703,0.002082,0.999862,69.548073,415.021179,49.673512
364,3.640000,0.009176,0.014026,0.002072,0.999857,69.387924,415.014435,49.679031
365,3.650000,0.009146,0.013751,0.002382,0.999861,69.233910,415.009796,49.677929
366,3.660000,0.009100,0.013312,0.002825,0.999866,69.047264,415.012573,49.686855
367,3.670000,0.009076,0.013334,0.002905,0.999866,68.869308,415.015350,49.687977
368,3.680000,0.009015,0.013439,0.002972,0.999865,68.679649,415.024719,49.693996
369,3.690000,0.009106,0.013384,0.002900,0.999865,68.497307,415.020325,49.687626
370,3.700000,0.009182,0.013301,0.002974,0.999865,68.320480,415.014526,49.690823
371,3.710000,0.009184,0.013386,0.002947,0.999864,68.166084,415.010803,49.691174
372,3.720000,0.009179,0.013658,0.002515,0.999861,68.000610,415.011444,49.686287
373,3.730000,0.009122,0.013764,0.002428,0.999861,67.848213,415.011871,49.694065
374,3.740000,0.009122,0.013725,0.002578,0.999861,67.707748,415.013702,49.700802
375,3.750000,0.009056,0.013731,0.002520,0.999862,67.562843,415.013855,49.708775
376,3.760000,0.009051,0.013408,0.002797,0.999865,67.427956,415.014526,49.712223
377,3.770000,0.009117,0.013686,0.002533,0.999862,67.289391,415.007904,49.711922
378,3.780000,0.009092,0.013589,0.002633,0.999863,67.163887,415.002563,49.712940
379,3.790000,0.009101,0.013606,0.002622,0.999863,67.051811,415.001251,49.714275
380,3.800000,0.009105,0.013642,0.002597,0.999862,66.947838,414.998688,49.719109
381,3.810000,0.009145,0.013425,0.002776,0.999864,66.838257,414.996002,49.724213
382,3.820000,0.009164,0.013393,0.002686,0.999865,66.729553,415.004089,49.728382
383,3.830000,0.009178,0.013353,0.002563,0.999866,66.638359,415.015991,49.734913
384,3.840000,0.009405,0.012996,0.001964,0.999869,66.598259,415.052704,49.753517
385,3.850000,0.009494,0.012874,0.001926,0.999870,66.513283,415.057861,49.765774
386,3.860000,0.009512,0.012947,0.002067,0.999869,66.408669,415.038666,49.780113
387,3.870000,0.009538,0.013117,0.002079,0.999866,66.303085,415.005920,49.786736
388,3.880000,0.009552,0.013112,0.002219,0.999866,66.212112,414.985229,49.791584
389,3.890000,0.009543,0.013027,0.002384,0.999867,66.126038,414.981201,49.795471
390,3.900000,0.009547,0.013019,0.002408,0.999867,66.045113,414.990082,49.795307
391,3.910000,0.009574,0.012915,0.002368,0.999868,65.950348,414.996368,49.788746
392,3.920000,0.009577,0.013007,0.002303,0.999867,65.855896,414.995728,49.788364
393,3.930000,0.009573,0.012766,0.002688,0.999869,65.754379,414.990784,49.791702
394,3.940000,0.009562,0.012550,0.002846,0.999871,65.635773,414.995728,49.786404
395,3.950000,0.009538,0.012759,0.002611,0.999870,65.535233,415.002594,49.776752
396,3.960000,0.009438,0.012942,0.002272,0.999869,65.428505,415.012177,49.763542
397,3.970000,0.009365,0.012974,0.002306,0.999869,65.331764,415.017609,49.754780
398,3.980000,0.009389,0.013032,0.002426,0.999868,65.218346,415.019714,49.750042
399,3.990000,0.009396,0.013047,0.002519,0.999868,65.112015,415.014038,49.754753
400,4.000000,0.009445,0.013047,0.002591,0.999867,64.987335,414.994293,49.765980
401,4.010000,0.009409,0.012985,0.002576,0.999868,64.850914,414.980835,49.774612
402,4.020000,0.009449,0.012906,0.002442,0.999869,64.705490,414.973083,49.775314
403,4.030000,0.009486,0.012684,0.002887,0.999870,64.541290,414.980347,49.780796
404,4.040000,0.009484,0.012836,0.002746,0.999869,64.388641,414.983643,49.773327
405,4.050000,0.009385,0.013173,0.002297,0.999867,64.231087,414.998688,49.767593
406,4.060000,0.009354,0.013133,0.002244,0.999868,64.067940,415.022858,49.766960
407,4.070000,0.009314,0.013378,0.002155,0.999865,63.898964,415.031006,49.768742
408,4.080000,0.009307,0.013356,0.002432,0.999865,63.718193,415.011139,49.782658
409,4.090000,0.009350,0.013143,0.002886,0.999866,63.492344,414.966675,49.792675
410,4.100000,0.009429,0.013014,0.003084,0.999866,63.289040,414.935638,49.801208
411,4.110000,0.009399,0.013381,0.002426,0.999863,63.092724,414.928223,49.812901
412,4.120000,0.009429,0.013441,0.002278,0.999863,62.902874,414.941772,49.815891
413,4.130000,0.009393,0.013456,0.002323,0.999863,62.708557,414.940918,49.817959
414,4.140000,0.009373,0.013329,0.002695,0.999864,62.509529,414.927673,49.823441
415,4.150000,0.009407,0.013399,0.002952,0.999862,62.280842,414.908142,49.833675
416,4.160000,0.009442,0.013234,0.003039,0.999863,62.068020,414.894073,49.843845
417,4.170000,0.009404,0.013374,0.002623,0.999863,61.862988,414.899200,49.843517
418,4.180000,0.009355,0.013064,0.002851,0.999867,61.665733,414.914215,49.841496
419,4.190000,0.009389,0.012867,0.003181,0.999868,61.460865,414.923065,49.836170
420,4.200000,0.009367,0.012999,0.003364,0.999866,61.272701,414.923645,49.833107
421,4.210000,0.009382,0.012878,0.003515,0.999867,61.105690,414.906281,49.830158
422,4.220000,0.009354,0.012569,0.003844,0.999870,60.951973,414.893341,49.834568
423,4.230000,0.009323,0.012741,0.003437,0.999869,60.825481,414.897430,49.836964
424,4.240000,0.009266,0.012931,0.002934,0.999869,60.715363,414.911041,49.841030
425,4.250000,0.009274,0.012978,0.002747,0.999869,60.612827,414.925537,49.837753
426,4.260000,0.009288,0.013155,0.002552,0.999867,60.516376,414.931061,49.837193
427,4.270000,0.009309,0.013041,0.002876,0.999868,60.409279,414.929596,49.837124
428,4.280000,0.009341,0.013105,0.002842,0.999866,60.314514,414.917938,49.833492
429,4.290000,0.009278,0.013153,0.002864,0.999866,60.232426,414.911743,49.835690
430,4.300000,0.009312,0.013247,0.002968,0.999865,60.145130,414.911957,49.841156
431,4.310000,0.009276,0.013092,0.003196,0.999866,60.064537,414.916016,49.840939
432,4.320000,0.009288,0.013166,0.003071,0.999866,59.989456,414.913177,49.840607
433,4.330000,0.009327,0.013005,0.003226,0.999867,59.914993,414.904694,49.841587
434,4.340000,0.009354,0.013001,0.003320,0.999866,59.852009,414.895355,49.845131
435,4.350000,0.009375,0.013011,0.003337,0.999866,59.798428,414.887451,49.851185
436,4.360000,0.009364,0.013116,0.003144,0.999865,59.750450,414.886169,49.856373
437,4.370000,0.009371,0.012898,0.003320,0.999867,59.711155,414.889740,49.865250
438,4.380000,0.009425,0.012698,0.003573,0.999869,59.665333,414.893372,49.873863
439,4.390000,0.009427,0.012720,0.003556,0.999868,59.633781,414.890839,49.870327
440,4.400000,0.009426,0.012715,0.003592,0.999868,59.594555,414.883942,49.867542
441,4.410000,0.009406,0.012829,0.003463,0.999868,59.550468,414.874115,49.870564
442,4.420000,0.009427,0.013036,0.003095,0.999866,59.506516,414.865997,49.875118
443,4.430000,0.009411,0.013034,0.003036,0.999866,59.466682,414.865509,49.883701
444,4.440000,0.009414,0.013023,0.003019,0.999866,59.435154,414.869873,49.888836
445,4.450000,0.009453,0.012844,0.003334,0.999867,59.393742,414.878876,49.891872
446,4.460000,0.009417,0.012822,0.003241,0.999868,59.357586,414.886169,49.888161
447,4.470000,0.009375,0.012719,0.003312,0.999870,59.312721,414.890778,49.878731
448,4.480000,0.009371,0.012679,0.003254,0.999870,59.261845,414.893677,49.864368
449,4.490000,0.009331,0.012809,0.003150,0.999869,59.209965,414.898560,49.855663
450,4.500000,0.009306,0.012974,0.003111,0.999868,59.148010,414.904114,49.850998
451,4.510000,0.009297,0.012949,0.003178,0.999868,59.098961,414.900818,49.852047
452,4.520000,0.009324,0.012932,0.003193,0.999868,59.045547,414.885925,49.858635
453,4.530000,0.009356,0.012890,0.003301,0.999868,58.993122,414.870087,49.871376
454,4.540000,0.009409,0.012916,0.003319,0.999867,58.941246,414.859772,49.878853
455,4.550000,0.009416,0.012930,0.003375,0.999866,58.886555,414.857086,49.883575
456,4.560000,0.009424,0.013141,0.003246,0.999864,58.823887,414.866577,49.882961
457,4.570000,0.009409,0.013133,0.003218,0.999864,58.763741,414.875031,49.881493
458,4.580000,0.009394,0.013122,0.003207,0.999865,58.700008,414.882385,49.879047
459,4.590000,0.009435,0.012836,0.003456,0.999867,58.625980,414.887878,49.876450
460,4.600000,0.009439,0.012718,0.003523,0.999868,58.545692,414.888184,49.883373
461,4.610000,0.009473,0.012689,0.003567,0.999868,58.468266,414.878143,49.894875
462,4.620000,0.009511,0.012715,0.003522,0.999868,58.367065,414.869080,49.912060
463,4.630000,0.009545,0.012654,0.003602,0.999868,58.260693,414.855164,49.934647
464,4.640000,0.009582,0.012683,0.003629,0.999867,58.174698,414.843903,49.948177
465,4.650000,0.009612,0.012780,0.003390,0.999866,58.072819,414.835205,49.952427
466,4.660000,0.009634,0.012601,0.003614,0.999868,57.966568,414.845886,49.956707
467,4.670000,0.009642,0.012547,0.003570,0.999869,57.856518,414.856384,49.951427
468,4.680000,0.009623,0.012569,0.003477,0.999869,57.744816,414.865143,49.946033
469,4.690000,0.009538,0.012575,0.003425,0.999870,57.622746,414.880554,49.932682
470,4.700000,0.009506,0.012464,0.003535,0.999871,57.493587,414.885742,49.925613
471,4.710000,0.009515,0.012390,0.003720,0.999871,57.345886,414.879395,49.922134
472,4.720000,0.009581,0.012107,0.004225,0.999872,57.167332,414.867157,49.936317
473,4.730000,0.009559,0.012087,0.004100,0.999873,56.991035,414.852203,49.944141
474,4.740000,0.009612,0.012173,0.003976,0.999872,56.806484,414.841583,49.946228
475,4.750000,0.009653,0.012181,0.003719,0.999872,56.612762,414.835815,49.958332
476,4.760000,0.009654,0.012129,0.003808,0.999873,56.420158,414.839355,49.966599
477,4.770000,0.009655,0.012012,0.004076,0.999873,56.205925,414.845032,49.971657
478,4.780000,0.009629,0.011630,0.004346,0.999877,55.993893,414.847504,49.967690
479,4.790000,0.009600,0.011583,0.004340,0.999877,55.777336,414.848969,49.973038
480,4.800000,0.009630,0.011905,0.004023,0.999875,55.559040,414.842773,49.969669
481,4.810000,0.009422,0.014919,0.001130,0.999844,55.383125,414.856659,49.932755
482,4.820000,0.009659,0.012052,0.004102,0.999872,55.044281,414.831573,49.956726
483,4.830000,0.009399,0.014814,0.001424,0.999845,54.872738,414.836914,49.932320
484,4.840000,0.009489,0.012388,0.003862,0.999871,54.552315,414.828430,49.967915
485,4.850000,0.009312,0.015053,0.001189,0.999843,54.382317,414.841705,49.941898
486,4.860000,0.009336,0.015019,0.001158,0.999843,54.134483,414.844086,49.939892
487,4.870000,0.009367,0.014663,0.001726,0.999847,53.892689,414.844055,49.942883
488,4.880000,0.009350,0.014631,0.001670,0.999848,53.657242,414.840515,49.943249
489,4.890000,0.009307,0.014817,0.001556,0.999846,53.418991,414.842072,49.940323
490,4.900000,0.009253,0.015019,0.001051,0.999844,53.164772,414.838409,49.936459
491,4.910000,0.009308,0.014956,0.001308,0.999844,52.902565,414.836029,49.944218
492,4.920000,0.009295,0.015028,0.001335,0.999843,52.660255,414.826111,49.960274
493,4.930000,0.009305,0.014869,0.001410,0.999845,52.412380,414.818390,49.973194
494,4.940000,0.009305,0.015076,0.001239,0.999842,52.180923,414.805817,49.985100
495,4.950000,0.009366,0.014925,0.001694,0.999843,51.939014,414.798248,49.992435
496,4.960000,0.009409,0.014889,0.001697,0.999843,51.698139,414.784973,49.993046
497,4.970000,0.009333,0.015137,0.001462,0.999841,51.444218,414.775574,49.989452
498,4.980000,0.009217,0.015270,0.001117,0.999840,51.192642,414.777924,49.991726
499,4.990000,0.009308,0.014976,0.001728,0.999843,50.914932,414.778534,50.000999
500,5.000000,0.009381,0.014841,0.002075,0.999844,50.647316,414.773499,50.011402
501,5.010000,0.009403,0.014947,0.001933,0.999842,50.389103,414.760895,50.019039
502,5.020000,0.009414,0.015085,0.001778,0.999840,50.111397,414.742340,50.017982
503,5.030000,0.009402,0.015008,0.001979,0.999841,49.829842,414.737671,50.023033
504,5.040000,0.009330,0.014940,0.002227,0.999842,49.542019,414.736115,50.026627
505,5.050000,0.009369,0.014944,0.001856,0.999843,49.222973,414.732330,50.023365
506,5.060000,0.009410,0.015429,0.001405,0.999836,48.904346,414.723816,50.023529
507,5.070000,0.009402,0.014845,0.002081,0.999843,48.573109,414.720612,50.031319
508,5.080000,0.008936,0.015471,0.000720,0.999840,48.219036,414.729584,50.074364
509,5.090000,0.008844,0.016036,0.000272,0.999832,47.885536,414.729614,50.072010
510,5.100000,0.009029,0.013512,0.002317,0.999865,47.470394,414.713043,50.095554
511,5.110000,0.009065,0.012301,0.003776,0.999876,47.087868,414.711151,50.115314
512,5.120000,0.008909,0.015438,0.000820,0.999841,46.814270,414.706085,50.093826
513,5.130000,0.009120,0.013449,0.002570,0.999865,46.373520,414.687744,50.139305
514,5.140000,0.009166,0.012650,0.003373,0.999872,45.982208,414.685760,50.154961
515,5.150000,0.009217,0.012963,0.003360,0.999868,45.605415,414.684967,50.157898
516,5.160000,0.009193,0.013532,0.002725,0.999863,45.262424,414.685211,50.158192
517,5.170000,0.009164,0.013571,0.002467,0.999863,44.890102,414.688721,50.157272
518,5.180000,0.009114,0.013243,0.002860,0.999867,44.535324,414.700836,50.145004
519,5.190000,0.009041,0.013693,0.002228,0.999863,44.219597,414.708740,50.132751
520,5.200000,0.009029,0.013703,0.002275,0.999863,43.925644,414.716614,50.122162
521,5.210000,0.008984,0.013924,0.001989,0.999861,43.667671,414.717316,50.113064
522,5.220000,0.008953,0.014188,0.001788,0.999858,43.434971,414.716156,50.110504
523,5.230000,0.009014,0.013756,0.002169,0.999862,43.251251,414.709991,50.105579
524,5.240000,0.009015,0.013719,0.002118,0.999863,43.138138,414.709015,50.106529
525,5.250000,0.008969,0.013805,0.002131,0.999862,43.088596,414.711639,50.112099
526,5.260000,0.008986,0.013803,0.002152,0.999862,43.074142,414.710358,50.122005
527,5.270000,0.009012,0.013856,0.002065,0.999861,43.105045,414.710876,50.128727
528,5.280000,0.009050,0.013796,0.001969,0.999862,43.145000,414.720642,50.130268
529,5.290000,0.009046,0.014047,0.001751,0.999859,43.192757,414.743866,50.130932
530,5.300000,0.009020,0.013994,0.001698,0.999860,43.241154,414.762024,50.124161
531,5.310000,0.009023,0.013850,0.001889,0.999862,43.265015,414.776398,50.117462
532,5.320000,0.008983,0.013940,0.001787,0.999861,43.288826,414.783478,50.104904
533,5.330000,0.008934,0.014038,0.001698,0.999860,43.282124,414.789673,50.088829
534,5.340000,0.008882,0.014015,0.001688,0.999861,43.263676,414.794464,50.076595
535,5.350000,0.008850,0.013984,0.001674,0.999862,43.240284,414.793335,50.069908
536,5.360000,0.008843,0.013971,0.001647,0.999862,43.220409,414.785400,50.067799
537,5.370000,0.008859,0.013975,0.001586,0.999862,43.210922,414.782318,50.070824
538,5.380000,0.008866,0.013945,0.001514,0.999862,43.209156,414.784973,50.075321
539,5.390000,0.008890,0.013974,0.001422,0.999862,43.215240,414.785187,50.083996
540,5.400000,0.008915,0.013975,0.001387,0.999862,43.225323,414.777100,50.089417
541,5.410000,0.008927,0.013915,0.001333,0.999862,43.242031,414.775543,50.091412
542,5.420000,0.008946,0.014510,0.001852,0.999853,43.337341,414.807373,50.062683
543,5.430000,0.009004,0.014344,0.002216,0.999854,43.365105,414.819061,50.067822
544,5.440000,0.008991,0.014381,0.002188,0.999854,43.365269,414.815247,50.073711
545,5.450000,0.008998,0.014513,0.001970,0.999852,43.348949,414.805359,50.079903
546,5.460000,0.008979,0.014571,0.001945,0.999852,43.335152,414.804413,50.078220
547,5.470000,0.008947,0.014515,0.002118,0.999852,43.320751,414.811188,50.076111
548,5.480000,0.008892,0.014562,0.002123,0.999852,43.316288,414.816772,50.064148
549,5.490000,0.008850,0.014524,0.002133,0.999853,43.316380,414.819763,50.046593
550,5.500000,0.008816,0.014518,0.002181,0.999853,43.334854,414.832367,50.028667
551,5.510000,0.008738,0.014676,0.001844,0.999852,43.359295,414.851410,50.018589
552,5.520000,0.008711,0.014868,0.001592,0.999850,43.397881,414.869293,50.015053
553,5.530000,0.008734,0.014902,0.001515,0.999850,43.438908,414.877686,50.017780
554,5.540000,0.008745,0.014731,0.001857,0.999852,43.476273,414.877014,50.023029
555,5.550000,0.008729,0.014573,0.001866,0.999854,43.510296,414.873077,50.025539
556,5.560000,0.008773,0.014691,0.001894,0.999852,43.506927,414.877136,50.034977
557,5.570000,0.008768,0.014694,0.001914,0.999852,43.501659,414.879486,50.037666
558,5.580000,0.008747,0.014768,0.001873,0.999851,43.486382,414.878540,50.035118
559,5.590000,0.008729,0.014783,0.001902,0.999851,43.471424,414.875183,50.035721
560,5.600000,0.008730,0.014589,0.002137,0.999853,43.450829,414.871826,50.040012
561,5.610000,0.008732,0.014847,0.001779,0.999850,43.443470,414.869995,50.036785
562,5.620000,0.008715,0.014896,0.001695,0.999850,43.453545,414.874054,50.033371
563,5.630000,0.008704,0.014916,0.001611,0.999850,43.479988,414.884338,50.033581
564,5.640000,0.008655,0.014793,0.001484,0.999852,43.524525,414.894623,50.033401
565,5.650000,0.008658,0.014803,0.001388,0.999852,43.561905,414.906189,50.036907
566,5.660000,0.008670,0.014755,0.001419,0.999853,43.597504,414.910248,50.037941
567,5.670000,0.008674,0.014792,0.001536,0.999852,43.637829,414.908051,50.045918
568,5.680000,0.008723,0.014900,0.001450,0.999850,43.667160,414.898132,50.054195
569,5.690000,0.008761,0.014921,0.001443,0.999849,43.687489,414.891663,50.066402
570,5.700000,0.008825,0.014952,0.001406,0.999848,43.701904,414.884033,50.078121
571,5.710000,0.008856,0.014942,0.001422,0.999848,43.719765,414.877228,50.089329
572,5.720000,0.008869,0.014947,0.001437,0.999848,43.742226,414.874023,50.098293
573,5.730000,0.008859,0.014844,0.001545,0.999849,43.774895,414.875977,50.106453
574,5.740000,0.008810,0.014990,0.001385,0.999848,43.820778,414.882782,50.102867
575,5.750000,0.008799,0.015032,0.001254,0.999848,43.874493,414.891724,50.097847
576,5.760000,0.008769,0.015157,0.001064,0.999846,43.956589,414.898438,50.091274
577,5.770000,0.008779,0.015217,0.000973,0.999845,44.041325,414.906982,50.091194
578,5.780000,0.008814,0.015322,0.000748,0.999844,44.161118,414.909607,50.093906
579,5.790000,0.008936,0.015064,0.001224,0.999846,44.277687,414.910858,50.100197
580,5.800000,0.009027,0.015291,0.000918,0.999842,44.440804,414.905853,50.111389
581,5.810000,0.009034,0.015125,0.000943,0.999844,44.613552,414.897125,50.123077
582,5.820000,0.009023,0.014785,0.001430,0.999849,44.813881,414.899231,50.146656
583,5.830000,0.009042,0.015154,0.001177,0.999844,45.039661,414.889343,50.152000
584,5.840000,0.009005,0.015053,0.001397,0.999845,45.263390,414.890503,50.158016
585,5.850000,0.009019,0.015078,0.001110,0.999845,45.510254,414.908905,50.139538
586,5.860000,0.009088,0.014992,0.001053,0.999846,45.788372,414.938354,50.117901
587,5.870000,0.009056,0.015046,0.000966,0.999845,46.092979,414.963379,50.111076
588,5.880000,0.009061,0.015501,0.000562,0.999839,46.411625,414.970673,50.118439
589,5.890000,0.009079,0.015092,0.000976,0.999844,46.727352,414.967224,50.118526
590,5.900000,0.009088,0.014649,0.001325,0.999851,47.073444,414.956970,50.106552
591,5.910000,0.009090,0.014912,0.001130,0.999847,47.443153,414.960846,50.095306
592,5.920000,0.008978,0.015242,0.000922,0.999843,47.864185,414.977783,50.100342
593,5.930000,0.008999,0.014892,0.001073,0.999848,48.279186,414.993927,50.094387
594,5.940000,0.009016,0.015352,0.000474,0.999841,48.713402,414.997101,50.064629
595,5.950000,0.008923,0.015081,0.000802,0.999846,49.201530,415.004272,50.051559
596,5.960000,0.008897,0.015281,0.000377,0.999844,49.728485,415.015930,50.039646
597,5.970000,0.008914,0.015298,0.000297,0.999843,50.270073,415.039429,50.034561
598,5.980000,0.008827,0.015471,0.000140,0.999841,50.847103,415.060089,50.008709
599,5.990000,0.008891,0.015400,0.000109,0.999842,51.428444,415.078735,49.980774
600,6.000000,0.008773,0.015265,0.000283,0.999845,52.041492,415.086456,49.972897
601,6.010000,0.008905,0.015284,0.000531,0.999843,52.683701,415.081451,49.959095
602,6.020000,0.008691,0.015416,-0.000072,0.999843,53.331497,415.086121,49.944866
603,6.030000,0.008832,0.015241,0.000106,0.999845,53.967918,415.085236,49.931255
604,6.040000,0.008754,0.015652,-0.000439,0.999839,54.675732,415.101624,49.931915
605,6.050000,0.008747,0.015927,-0.000846,0.999835,55.369633,415.117584,49.932919
606,6.060000,0.008826,0.015981,-0.000860,0.999833,56.059914,415.124969,49.929672
607,6.070000,0.008789,0.016420,-0.001786,0.999825,56.810574,415.123596,49.908257
608,6.080000,0.008802,0.016366,-0.001915,0.999826,57.561142,415.120392,49.900429
609,6.090000,0.008670,0.016205,-0.001917,0.999829,58.320187,415.135864,49.896957
610,6.100000,0.008849,0.016359,-0.002439,0.999824,59.126614,415.145416,49.871971
611,6.110000,0.008738,0.016847,-0.002816,0.999816,59.959866,415.161194,49.858841
612,6.120000,0.008970,0.014553,0.002167,0.999852,60.893459,415.198547,49.817265
613,6.130000,0.009133,0.014627,0.002034,0.999849,61.787731,415.203247,49.796185
614,6.140000,0.009131,0.014282,0.002740,0.999853,62.670448,415.207825,49.785862
615,6.150000,0.009136,0.014050,0.003129,0.999855,63.568905,415.210419,49.780037
616,6.160000,0.009127,0.014526,0.002260,0.999850,64.468117,415.214447,49.767174
617,6.170000,0.009116,0.014523,0.002238,0.999851,65.409012,415.231964,49.744736
618,6.180000,0.009142,0.014563,0.002398,0.999849,66.365318,415.250061,49.723431
619,6.190000,0.009114,0.014343,0.002899,0.999851,67.305077,415.257080,49.703758
620,6.200000,0.009137,0.014554,0.002449,0.999849,68.274139,415.258728,49.682476
621,6.210000,0.009151,0.014642,0.002208,0.999849,69.245590,415.262421,49.669613
622,6.220000,0.009098,0.014785,0.002064,0.999847,70.234413,415.266266,49.657753
623,6.230000,0.009144,0.014781,0.002070,0.999847,71.242645,415.277161,49.644768
624,6.240000,0.009097,0.015074,0.001783,0.999843,72.267754,415.291840,49.632484
625,6.250000,0.009134,0.014875,0.001887,0.999846,73.274483,415.311859,49.611343
626,6.260000,0.009120,0.014755,0.002215,0.999847,74.285637,415.318542,49.582050
627,6.270000,0.009174,0.014667,0.002241,0.999848,75.296715,415.322540,49.557217
628,6.280000,0.009150,0.015019,0.001810,0.999844,76.291061,415.321167,49.544064
629,6.290000,0.009180,0.014819,0.002253,0.999846,77.320160,415.322998,49.545856
630,6.300000,0.009202,0.015111,0.001763,0.999842,78.310547,415.328094,49.536667
631,6.310000,0.009234,0.014816,0.001896,0.999846,79.318642,415.347382,49.534519
632,6.320000,0.009205,0.015212,0.001641,0.999841,80.313370,415.355896,49.531124
633,6.330000,0.009201,0.014916,0.001714,0.999845,81.294426,415.359833,49.507484
634,6.340000,0.009168,0.015047,0.001701,0.999843,82.233940,415.358429,49.480999
635,6.350000,0.009192,0.015098,0.001717,0.999842,83.201973,415.362915,49.460175
636,6.360000,0.009111,0.015240,0.001702,0.999841,84.117920,415.374573,49.434582
637,6.370000,0.009143,0.015597,0.001470,0.999835,85.046822,415.381653,49.413574
638,6.380000,0.009051,0.015220,0.001644,0.999842,85.913918,415.408081,49.395752
639,6.390000,0.009071,0.014770,0.002040,0.999848,86.781448,415.432953,49.365211
640,6.400000,0.009104,0.014845,0.001941,0.999847,87.639343,415.438538,49.358608
641,6.410000,0.009085,0.014999,0.001934,0.999844,88.418228,415.442719,49.348141
642,6.420000,0.009132,0.015348,0.001508,0.999839,89.206741,415.434631,49.340595
643,6.430000,0.009084,0.014918,0.001885,0.999846,89.945976,415.437286,49.318737
644,6.440000,0.009122,0.015121,0.001660,0.999843,90.674561,415.440918,49.311096
645,6.450000,0.009172,0.014880,0.001913,0.999846,91.368179,415.448242,49.313469
646,6.460000,0.009164,0.014859,0.002158,0.999845,92.063423,415.448242,49.308773
647,6.470000,0.009110,0.015181,0.001712,0.999842,92.713158,415.458862,49.289352
648,6.480000,0.009165,0.015324,0.001235,0.999840,93.326256,415.449982,49.280968
649,6.490000,0.009159,0.015406,0.001426,0.999838,93.953453,415.449005,49.304485
650,6.500000,0.009139,0.015059,0.001656,0.999843,94.547432,415.459503,49.291233
651,6.510000,0.009166,0.014729,0.001861,0.999848,95.116043,415.471741,49.276775
652,6.520000,0.009088,0.015209,0.001231,0.999842,95.694420,415.480591,49.278919
653,6.530000,0.009167,0.014961,0.001445,0.999845,96.221603,415.473572,49.261230
654,6.540000,0.009141,0.014609,0.002179,0.999849,96.757370,415.477844,49.260242
655,6.550000,0.009113,0.014738,0.001803,0.999848,97.269730,415.479187,49.250217
656,6.560000,0.009245,0.014797,0.001774,0.999846,97.784561,415.470245,49.243042
657,6.570000,0.009171,0.014975,0.001390,0.999845,98.310616,415.475433,49.240726
658,6.580000,0.009165,0.014805,0.001822,0.999847,98.810944,415.489716,49.241299
659,6.590000,0.009167,0.015290,0.001257,0.999840,99.323174,415.481903,49.221603
660,6.600000,0.009201,0.014741,0.001918,0.999847,99.820343,415.482422,49.219746
661,6.610000,0.009182,0.015115,0.001513,0.999843,100.339287,415.476776,49.200279
662,6.620000,0.009108,0.014857,0.001829,0.999847,100.876495,415.482117,49.195957
663,6.630000,0.009099,0.014750,0.002045,0.999848,101.418625,415.510132,49.179245
664,6.640000,0.009113,0.014646,0.001663,0.999850,101.902840,415.528351,49.154903
665,6.650000,0.009017,0.014572,0.002085,0.999851,102.443001,415.538788,49.145847
666,6.660000,0.009037,0.014766,0.001880,0.999848,102.946762,415.524170,49.141693
667,6.670000,0.009063,0.014860,0.001906,0.999847,103.422523,415.525909,49.117279
668,6.680000,0.009085,0.014399,0.002190,0.999853,103.904449,415.535492,49.116528
669,6.690000,0.009122,0.014606,0.001812,0.999850,104.408043,415.536377,49.114853
670,6.700000,0.009116,0.015030,0.001378,0.999845,104.885880,415.549683,49.109554
671,6.710000,0.009050,0.014541,0.001855,0.999852,105.367233,415.562469,49.099087
672,6.720000,0.009044,0.014716,0.001719,0.999849,105.839653,415.559875,49.084984
673,6.730000,0.009103,0.014977,0.001321,0.999846,106.316231,415.546051,49.072472
674,6.740000,0.009039,0.014833,0.001898,0.999847,106.798737,415.554993,49.067539
675,6.750000,0.008975,0.014844,0.001584,0.999848,107.294922,415.573639,49.051861
676,6.760000,0.009085,0.014917,0.001514,0.999846,107.775681,415.584320,49.032131
677,6.770000,0.009050,0.014607,0.001908,0.999851,108.273338,415.580963,49.031975
678,6.780000,0.008989,0.014615,0.001891,0.999851,108.754211,415.577362,49.024960
679,6.790000,0.009003,0.014583,0.001893,0.999851,109.248734,415.576721,49.015820
680,6.800000,0.008996,0.014660,0.001928,0.999850,109.753227,415.577209,49.011799
681,6.810000,0.009069,0.014637,0.001754,0.999850,110.225136,415.583313,49.008583
682,6.820000,0.009003,0.014631,0.001842,0.999851,110.707108,415.594360,48.979561
683,6.830000,0.008965,0.014825,0.001862,0.999848,111.201630,415.601593,48.964100
684,6.840000,0.008910,0.014945,0.001465,0.999848,111.692474,415.606140,48.955635
685,6.850000,0.008997,0.014882,0.001698,0.999847,112.165932,415.608643,48.942951
686,6.860000,0.008908,0.014716,0.001817,0.999850,112.654480,415.607452,48.915859
687,6.870000,0.008861,0.014476,0.002171,0.999854,113.168404,415.622437,48.913769
688,6.880000,0.008814,0.014872,0.001662,0.999849,113.673424,415.629913,48.920708
689,6.890000,0.008893,0.015067,0.001134,0.999846,114.172234,415.622711,48.915627
690,6.900000,0.008870,0.015107,0.001088,0.999846,114.690498,415.624786,48.915974
691,6.910000,0.008856,0.014898,0.001298,0.999849,115.202446,415.621674,48.928585
692,6.920000,0.008904,0.015223,0.000733,0.999844,115.708717,415.608765,48.934628
693,6.930000,0.008980,0.015517,0.000296,0.999839,116.242836,415.601807,48.934856
694,6.940000,0.009027,0.015224,0.000821,0.999843,116.756729,415.586395,48.938858
695,6.950000,0.009036,0.015007,0.001126,0.999846,117.279579,415.580505,48.930485
696,6.960000,0.009049,0.015279,0.000753,0.999842,117.802864,415.577942,48.940666
697,6.970000,0.009031,0.013817,-0.002405,0.999861,118.461838,415.592896,48.923161
698,6.980000,0.008919,0.012314,-0.002655,0.999881,118.640938,415.751495,48.901581
699,6.990000,0.008620,0.011565,-0.004401,0.999886,118.983688,415.844269,48.852547
700,7.000000,0.008732,0.011898,-0.003951,0.999883,118.967766,415.870728,48.858452
701,7.010000,0.008861,0.013237,-0.003590,0.999867,118.975990,415.858002,48.849171
702,7.020000,0.008778,0.011759,-0.003743,0.999885,118.952637,415.822968,48.806271
703,7.030000,0.008637,0.011245,-0.003093,0.999895,118.757370,415.831299,48.785957
704,7.040000,0.008725,0.012895,-0.003175,0.999874,118.574402,415.840546,48.825951
705,7.050000,0.008700,0.011847,-0.002577,0.999889,118.334076,415.805176,48.880711
706,7.060000,0.008626,0.011500,-0.002661,0.999893,118.216988,415.742401,48.900200
707,7.070000,0.008676,0.012276,-0.002526,0.999884,118.111351,415.714447,48.922554
708,7.080000,0.008723,0.011995,-0.002303,0.999887,118.039658,415.702209,48.960148
709,7.090000,0.008702,0.011493,-0.002151,0.999894,118.021591,415.697479,48.953251
710,7.100000,0.008630,0.011899,-0.002550,0.999889,118.057632,415.693481,48.927475
711,7.110000,0.008612,0.012151,-0.002759,0.999885,118.150307,415.699890,48.912514
712,7.120000,0.008591,0.011823,-0.002847,0.999889,118.215019,415.704315,48.906029
713,7.130000,0.008556,0.011689,-0.002516,0.999892,118.243530,415.729462,48.880180
714,7.140000,0.008478,0.011809,-0.002453,0.999891,118.258774,415.744293,48.867199
715,7.150000,0.008398,0.011695,-0.002425,0.999893,118.254189,415.736786,48.869850
716,7.160000,0.008358,0.011645,-0.002434,0.999894,118.236420,415.734467,48.872139
717,7.170000,0.008318,0.011776,-0.002333,0.999893,118.185204,415.742462,48.870007
718,7.180000,0.008301,0.011777,-0.002204,0.999894,118.122139,415.746979,48.872364
719,7.190000,0.008285,0.011694,-0.002178,0.999895,118.095070,415.743927,48.870342
720,7.200000,0.008228,0.011921,-0.002230,0.999893,118.095314,415.747314,48.852207
721,7.210000,0.008214,0.011913,-0.002268,0.999893,118.094551,415.746490,48.843746
722,7.220000,0.008247,0.011782,-0.002313,0.999894,118.098183,415.743652,48.841953
723,7.230000,0.008280,0.011701,-0.002335,0.999895,118.123238,415.742218,48.841614
724,7.240000,0.008323,0.011680,-0.002395,0.999894,118.163605,415.735931,48.846024
725,7.250000,0.008345,0.011619,-0.002422,0.999895,118.189758,415.733795,48.853424
726,7.260000,0.008348,0.011682,-0.002468,0.999894,118.183609,415.743622,48.857948
727,7.270000,0.008335,0.011699,-0.002363,0.999894,118.150558,415.752533,48.850658
728,7.280000,0.008285,0.011767,-0.002335,0.999894,118.124405,415.747437,48.843540
729,7.290000,0.008294,0.011800,-0.002321,0.999893,118.108543,415.739197,48.847321
730,7.300000,0.008311,0.011767,-0.002238,0.999894,118.090271,415.736694,48.856682
731,7.310000,0.008316,0.011788,-0.002188,0.999894,118.072693,415.736877,48.866806
732,7.320000,0.008346,0.011679,-0.002140,0.999895,118.095337,415.733002,48.877861
733,7.330000,0.008353,0.011690,-0.002158,0.999894,118.146126,415.733521,48.878296
734,7.340000,0.008336,0.011665,-0.002220,0.999895,118.197662,415.740234,48.865013
735,7.350000,0.008277,0.011522,-0.002190,0.999897,118.231560,415.752686,48.838318
736,7.360000,0.008221,0.011600,-0.002256,0.999896,118.248306,415.760773,48.814484
737,7.370000,0.008165,0.011552,-0.002291,0.999897,118.260468,415.758453,48.800392
738,7.380000,0.008132,0.011584,-0.002355,0.999897,118.249405,415.756500,48.806358
739,7.390000,0.008212,0.011607,-0.002341,0.999896,118.191742,415.754059,48.826778
740,7.400000,0.008272,0.011707,-0.002344,0.999894,118.121452,415.752289,48.850357
741,7.410000,0.008269,0.011767,-0.002316,0.999894,118.055283,415.741119,48.861584
742,7.420000,0.008259,0.011786,-0.002233,0.999894,118.013992,415.727142,48.866631
743,7.430000,0.008218,0.011996,-0.002480,0.999891,117.980186,415.721283,48.872948
744,7.440000,0.008197,0.012025,-0.002482,0.999891,117.969177,415.724274,48.868969
745,7.450000,0.008207,0.011881,-0.002175,0.999893,118.005180,415.727295,48.853233
746,7.460000,0.008210,0.011834,-0.002195,0.999894,118.076134,415.730804,48.845284
747,7.470000,0.008208,0.011826,-0.002325,0.999894,118.156960,415.738281,48.840885
748,7.480000,0.008192,0.011561,-0.002265,0.999897,118.225113,415.753906,48.831463
749,7.490000,0.008161,0.011565,-0.002265,0.999897,118.266098,415.770844,48.827141
750,7.500000,0.008154,0.011548,-0.002257,0.999898,118.286415,415.770081,48.824802
751,7.510000,0.008159,0.011552,-0.002269,0.999897,118.281624,415.760834,48.826241
752,7.520000,0.008156,0.011651,-0.002319,0.999896,118.236229,415.755219,48.822968
753,7.530000,0.008174,0.011859,-0.002367,0.999894,118.156143,415.756653,48.827198
754,7.540000,0.008186,0.011886,-0.002325,0.999893,118.089897,415.751953,48.834846
755,7.550000,0.008203,0.011920,-0.002315,0.999893,118.045425,415.741119,48.845646
756,7.560000,0.008212,0.011953,-0.002327,0.999892,118.014084,415.731171,48.857414
757,7.570000,0.008236,0.011922,-0.002304,0.999892,117.999725,415.728577,48.866745
758,7.580000,0.008244,0.011903,-0.002280,0.999893,118.012833,415.726013,48.869179
759,7.590000,0.008234,0.011883,-0.002302,0.999893,118.050987,415.726257,48.859829
760,7.600000,0.008214,0.011836,-0.002356,0.999893,118.114265,415.732849,48.842628
761,7.610000,0.008186,0.011680,-0.002303,0.999896,118.160492,415.743683,48.826202
762,7.620000,0.008160,0.011681,-0.002351,0.999896,118.190071,415.756134,48.816360
763,7.630000,0.008154,0.011662,-0.002339,0.999896,118.209198,415.759003,48.816349
764,7.640000,0.008168,0.011651,-0.002363,0.999896,118.217117,415.752594,48.826763
765,7.650000,0.008208,0.011644,-0.002267,0.999896,118.196327,415.749786,48.840424
766,7.660000,0.008206,0.011801,-0.002319,0.999894,118.152504,415.747437,48.846958
767,7.670000,0.008198,0.011867,-0.002277,0.999893,118.109085,415.747559,48.848183
768,7.680000,0.008186,0.011872,-0.002227,0.999894,118.086769,415.745117,48.847309
769,7.690000,0.008176,0.011874,-0.002210,0.999894,118.079849,415.742188,48.846233
770,7.700000,0.008189,0.011878,-0.002248,0.999893,118.078476,415.744141,48.847321
771,7.710000,0.008202,0.011827,-0.002236,0.999894,118.085167,415.746613,48.848194
772,7.720000,0.008213,0.011806,-0.002289,0.999894,118.112465,415.745880,48.847443
773,7.730000,0.008222,0.011782,-0.002347,0.999894,118.145729,415.743896,48.843956
774,7.740000,0.008208,0.011666,-0.002305,0.999896,118.167137,415.743652,48.838249
775,7.750000,0.008207,0.011574,-0.002241,0.999897,118.166573,415.748444,48.833694
776,7.760000,0.008189,0.011661,-0.002265,0.999896,118.153564,415.750000,48.829628
777,7.770000,0.008184,0.011822,-0.002328,0.999894,118.134850,415.748138,48.831177
778,7.780000,0.008187,0.011847,-0.002308,0.999894,118.114143,415.745239,48.836369
779,7.790000,0.008197,0.011842,-0.002262,0.999894,118.086243,415.744873,48.842289
780,7.800000,0.008201,0.011827,-0.002210,0.999894,118.066643,415.743713,48.848293
781,7.810000,0.008203,0.011832,-0.002220,0.999894,118.073341,415.739685,48.852863
782,7.820000,0.008212,0.011817,-0.002238,0.999894,118.099091,415.739471,48.854309
783,7.830000,0.008205,0.011783,-0.002248,0.999894,118.127625,415.743439,48.850998
784,7.840000,0.008194,0.011771,-0.002265,0.999895,118.152122,415.749847,48.843945
785,7.850000,0.008162,0.011779,-0.002321,0.999895,118.179939,415.753052,48.831249
786,7.860000,0.008151,0.011669,-0.002274,0.999896,118.204681,415.752777,48.822510
787,7.870000,0.008148,0.011637,-0.002315,0.999897,118.207283,415.751495,48.820827
788,7.880000,0.008165,0.011659,-0.002309,0.999896,118.183304,415.751801,48.825577
789,7.890000,0.008200,0.011768,-0.002336,0.999894,118.142342,415.749054,48.836567
790,7.900000,0.008215,0.011791,-0.002313,0.999894,118.108147,415.743103,48.845848
791,7.910000,0.008220,0.011808,-0.002287,0.999894,118.075920,415.737640,48.852039
792,7.920000,0.008219,0.011817,-0.002249,0.999894,118.043137,415.735901,48.852802
793,7.930000,0.008200,0.011830,-0.002200,0.999894,118.022186,415.736145,48.848541
794,7.940000,0.008186,0.011844,-0.002185,0.999894,118.031822,415.734161,48.842880
795,7.950000,0.008184,0.011873,-0.002281,0.999893,118.064835,415.732025,48.840405
796,7.960000,0.008196,0.011888,-0.002353,0.999893,118.111633,415.736511,48.840523
797,7.970000,0.008205,0.011848,-0.002352,0.999893,118.148933,415.743439,48.839977
798,7.980000,0.008194,0.011597,-0.002223,0.999897,118.190689,415.747772,48.837372
799,7.990000,0.008190,0.011556,-0.002232,0.999897,118.221054,415.750031,48.832962
800,8.000000,0.008176,0.011538,-0.002223,0.999898,118.230576,415.750946,48.829262
801,8.010000,0.008164,0.011633,-0.002291,0.999896,118.213722,415.754730,48.826878
802,8.020000,0.008173,0.011748,-0.002292,0.999895,118.173546,415.755707,48.829559
803,8.030000,0.008183,0.011823,-0.002300,0.999894,118.133919,415.749969,48.836292
804,8.040000,0.008198,0.011844,-0.002285,0.999894,118.101173,415.743195,48.843605
805,8.050000,0.008210,0.011869,-0.002290,0.999893,118.065727,415.739838,48.849411
806,8.060000,0.008217,0.011854,-0.002263,0.999893,118.041962,415.738190,48.850220
807,8.070000,0.008211,0.011854,-0.002267,0.999894,118.039139,415.733368,48.849083
808,8.080000,0.008211,0.011846,-0.002286,0.999894,118.059555,415.733978,48.844078
809,8.090000,0.008207,0.011832,-0.002304,0.999894,118.089500,415.735626,48.838192
810,8.100000,0.008197,0.011827,-0.002322,0.999894,118.115265,415.741241,48.832710
811,8.110000,0.008198,0.011794,-0.002305,0.999894,118.139488,415.747406,48.828953
812,8.120000,0.008186,0.011678,-0.002244,0.999896,118.164551,415.748901,48.828083
813,8.130000,0.008190,0.011589,-0.002232,0.999897,118.185341,415.746582,48.833851
814,8.140000,0.008199,0.011748,-0.002318,0.999895,118.178772,415.746185,48.840054
815,8.150000,0.008210,0.011807,-0.002285,0.999894,118.155334,415.748383,48.845356
816,8.160000,0.008205,0.011819,-0.002257,0.999894,118.135368,415.747498,48.846806
817,8.170000,0.008192,0.011856,-0.002303,0.999894,118.123032,415.742920,48.845592
818,8.180000,0.008185,0.011866,-0.002297,0.999894,118.111473,415.741974,48.843410
819,8.190000,0.008187,0.011837,-0.002258,0.999894,118.097954,415.742920,48.839767
820,8.200000,0.008194,0.011802,-0.002242,0.999894,118.093040,415.743835,48.838409
821,8.210000,0.008206,0.011805,-0.002280,0.999894,118.103722,415.741882,48.838535
822,8.220000,0.008210,0.011803,-0.002324,0.999894,118.116661,415.739899,48.839317
823,8.230000,0.008214,0.011797,-0.002327,0.999894,118.120346,415.739746,48.837528
824,8.240000,0.008205,0.011813,-0.002349,0.999894,118.117317,415.743042,48.834293
825,8.250000,0.008199,0.011799,-0.002328,0.999894,118.115196,415.743744,48.830910
826,8.260000,0.008190,0.011827,-0.002342,0.999894,118.117104,415.742889,48.830872
827,8.270000,0.008189,0.011826,-0.002277,0.999894,118.111359,415.742188,48.835342
828,8.280000,0.008194,0.011820,-0.002248,0.999894,118.104515,415.742828,48.841381
829,8.290000,0.008209,0.011843,-0.002272,0.999894,118.102524,415.744202,48.847740
830,8.300000,0.008204,0.011827,-0.002277,0.999894,118.116371,415.742310,48.850441
831,8.310000,0.008203,0.011823,-0.002306,0.999894,118.131622,415.743103,48.849117
832,8.320000,0.008199,0.011801,-0.002294,0.999894,118.142876,415.745819,48.844692
833,8.330000,0.008191,0.011806,-0.002311,0.999894,118.151588,415.748077,48.837833
834,8.340000,0.008172,0.011794,-0.002321,0.999894,118.161613,415.750214,48.830032
835,8.350000,0.008157,0.011713,-0.002295,0.999896,118.168999,415.747955,48.825718
836,8.360000,0.008161,0.011710,-0.002306,0.999896,118.159081,415.746033,48.825298
837,8.370000,0.008192,0.011802,-0.002320,0.999894,118.131157,415.746429,48.829449
838,8.380000,0.008198,0.011812,-0.002320,0.999894,118.106964,415.743134,48.833778
839,8.390000,0.008207,0.011843,-0.002321,0.999894,118.087120,415.738434,48.840286
840,8.400000,0.008216,0.011819,-0.002280,0.999894,118.073090,415.736237,48.845570
841,8.410000,0.008216,0.011828,-0.002257,0.999894,118.061081,415.736969,48.848335
842,8.420000,0.008209,0.011830,-0.002243,0.999894,118.062813,415.738922,48.847843
843,8.430000,0.008204,0.011853,-0.002270,0.999894,118.082642,415.739960,48.844856
844,8.440000,0.008199,0.011834,-0.002288,0.999894,118.110916,415.741730,48.842216
845,8.450000,0.008192,0.011827,-0.002309,0.999894,118.138184,415.745422,48.839748
846,8.460000,0.008189,0.011789,-0.002313,0.999894,118.161026,415.748962,48.838303
847,8.470000,0.008182,0.011759,-0.002343,0.999895,118.181290,415.750916,48.835377
848,8.480000,0.008166,0.011683,-0.002318,0.999896,118.193733,415.748505,48.832100
849,8.490000,0.008188,0.011789,-0.002330,0.999894,118.179810,415.749939,48.832039
850,8.500000,0.008184,0.011802,-0.002310,0.999894,118.153694,415.749939,48.830475
851,8.510000,0.008190,0.011808,-0.002277,0.999894,118.122902,415.748474,48.831635
852,8.520000,0.008193,0.011829,-0.002295,0.999894,118.097923,415.743103,48.836487
853,8.530000,0.008207,0.011829,-0.002277,0.999894,118.079102,415.737976,48.842350
854,8.540000,0.008217,0.011823,-0.002260,0.999894,118.062012,415.735626,48.847958
855,8.550000,0.008221,0.011841,-0.002272,0.999894,118.055061,415.736572,48.850517
856,8.560000,0.008217,0.011840,-0.002286,0.999894,118.064720,415.737091,48.848866
857,8.570000,0.008209,0.011838,-0.002311,0.999894,118.087646,415.738617,48.844734
858,8.580000,0.008195,0.011815,-0.002330,0.999894,118.116119,415.741913,48.839764
859,8.590000,0.008192,0.011812,-0.002322,0.999894,118.135002,415.747772,48.835846
860,8.600000,0.008185,0.011803,-0.002313,0.999894,118.154762,415.750305,48.834408
861,8.610000,0.008184,0.011799,-0.002343,0.999894,118.172844,415.749023,48.834480
862,8.620000,0.008183,0.011803,-0.002343,0.999894,118.176331,415.748291,48.836136
863,8.630000,0.008187,0.011813,-0.002319,0.999894,118.163437,415.749634,48.836285
864,8.640000,0.008185,0.011818,-0.002327,0.999894,118.144730,415.748962,48.837807
865,8.650000,0.008192,0.011840,-0.002312,0.999894,118.123215,415.746979,48.838600
866,8.660000,0.008184,0.011851,-0.002317,0.999894,118.110779,415.742432,48.840408
867,8.670000,0.008191,0.011844,-0.002292,0.999894,118.094963,415.739716,48.841587
868,8.680000,0.008201,0.011839,-0.002283,0.999894,118.083237,415.740997,48.842987
869,8.690000,0.008204,0.011825,-0.002296,0.999894,118.082420,415.740753,48.842873
870,8.700000,0.008207,0.011835,-0.002342,0.999894,118.091461,415.739716,48.843449
871,8.710000,0.008211,0.011812,-0.002327,0.999894,118.103363,415.740326,48.843033
872,8.720000,0.008210,0.011815,-0.002338,0.999894,118.112480,415.742432,48.842815
873,8.730000,0.008207,0.011808,-0.002314,0.999894,118.120491,415.745026,48.841793
874,8.740000,0.008183,0.011820,-0.002323,0.999894,118.129761,415.745361,48.838440
875,8.750000,0.008183,0.011837,-0.002344,0.999894,118.137032,415.745911,48.838223
876,8.760000,0.008186,0.011849,-0.002329,0.999894,118.135139,415.746429,48.837547
877,8.770000,0.008185,0.011824,-0.002320,0.999894,118.131332,415.745728,48.837826
878,8.780000,0.008180,0.011827,-0.002310,0.999894,118.129692,415.746338,48.839066
879,8.790000,0.008186,0.011837,-0.002298,0.999894,118.130363,415.745850,48.839485
880,8.800000,0.008185,0.011817,-0.002299,0.999894,118.130516,415.744965,48.839577
881,8.810000,0.008189,0.011818,-0.002299,0.999894,118.123871,415.746368,48.838177
882,8.820000,0.008184,0.011847,-0.002338,0.999894,118.121155,415.745972,48.837021
883,8.830000,0.008189,0.011820,-0.002311,0.999894,118.123009,415.744141,48.836575
884,8.840000,0.008189,0.011833,-0.002330,0.999894,118.122665,415.742706,48.838551
885,8.850000,0.008207,0.011817,-0.002325,0.999894,118.115913,415.743469,48.841988
886,8.860000,0.008215,0.011790,-0.002290,0.999894,118.107758,415.743591,48.844986
887,8.870000,0.008211,0.011807,-0.002320,0.999894,118.103294,415.742249,48.846458
888,8.880000,0.008211,0.011818,-0.002311,0.999894,118.104332,415.741333,48.846279
889,8.890000,0.008196,0.011819,-0.002329,0.999894,118.103210,415.739838,48.845036
890,8.900000,0.008193,0.011832,-0.002309,0.999894,118.101227,415.742920,48.841789
891,8.910000,0.008192,0.011846,-0.002304,0.999894,118.107193,415.745514,48.839428
892,8.920000,0.008181,0.011829,-0.002306,0.999894,118.120766,415.746368,48.837090
893,8.930000,0.008184,0.011831,-0.002316,0.999894,118.134560,415.746552,48.835819
894,8.940000,0.008177,0.011822,-0.002346,0.999894,118.142395,415.747772,48.835423
895,8.950000,0.008185,0.011823,-0.002333,0.999894,118.144295,415.749146,48.834702
896,8.960000,0.008178,0.011789,-0.002324,0.999894,118.148376,415.747284,48.835625
897,8.970000,0.008188,0.011821,-0.002330,0.999894,118.143845,415.746002,48.837681
898,8.980000,0.008195,0.011828,-0.002323,0.999894,118.134041,415.745422,48.840469
899,8.990000,0.008199,0.011831,-0.002321,0.999894,118.117805,415.746399,48.842751
900,9.000000,0.008206,0.011825,-0.002298,0.999894,118.105621,415.745056,48.844711
901,9.010000,0.008207,0.011815,-0.002279,0.999894,118.097923,415.741821,48.847095
902,9.020000,0.008201,0.011829,-0.002302,0.999894,118.092957,415.739807,48.847092
903,9.030000,0.008204,0.011839,-0.002309,0.999894,118.088394,415.740662,48.847290
904,9.040000,0.008202,0.011852,-0.002318,0.999893,118.091599,415.741913,48.844967
905,9.050000,0.008198,0.011850,-0.002325,0.999894,118.105011,415.742493,48.842422
906,9.060000,0.008187,0.011835,-0.002336,0.999894,118.122765,415.744873,48.837955
907,9.070000,0.008181,0.011823,-0.002326,0.999894,118.131508,415.747803,48.834415
908,9.080000,0.008178,0.011820,-0.002335,0.999894,118.137764,415.749054,48.832508
909,9.090000,0.008179,0.011847,-0.002357,0.999894,118.142372,415.748566,48.833263
910,9.100000,0.008181,0.011825,-0.002332,0.999894,118.146126,415.746277,48.835327
911,9.110000,0.008180,0.011817,-0.002335,0.999894,118.141335,415.744720,48.838413
912,9.120000,0.008194,0.011845,-0.002333,0.999894,118.125259,415.745911,48.841053
913,9.130000,0.008181,0.011851,-0.002307,0.999894,118.114128,415.746582,48.842720
914,9.140000,0.008201,0.011843,-0.002308,0.999894,118.108078,415.745544,48.844425
915,9.150000,0.008194,0.011832,-0.002321,0.999894,118.105858,415.741882,48.846062
916,9.160000,0.008198,0.011844,-0.002319,0.999894,118.101234,415.742065,48.846653
917,9.170000,0.008203,0.011827,-0.002298,0.999894,118.100403,415.742920,48.845394
918,9.180000,0.008188,0.011836,-0.002314,0.999894,118.106750,415.742188,48.841934
919,9.190000,0.008193,0.011821,-0.002330,0.999894,118.119286,415.744019,48.839264
920,9.200000,0.008192,0.011835,-0.002344,0.999894,118.125778,415.746613,48.836185
921,9.210000,0.008183,0.011829,-0.002344,0.999894,118.127930,415.748077,48.833378
922,9.220000,0.008182,0.011823,-0.002328,0.999894,118.129860,415.747131,48.833549
923,9.230000,0.008184,0.011832,-0.002335,0.999894,118.129707,415.745453,48.835247
924,9.240000,0.008183,0.011828,-0.002320,0.999894,118.125908,415.744629,48.836945
925,9.250000,0.008186,0.011820,-0.002309,0.999894,118.118484,415.744141,48.839405
926,9.260000,0.008183,0.011852,-0.002316,0.999894,118.110397,415.745148,48.840801
927,9.270000,0.008190,0.011845,-0.002306,0.999894,118.112633,415.745667,48.842949
928,9.280000,0.008190,0.011840,-0.002317,0.999894,118.115906,415.744293,48.844036
929,9.290000,0.008196,0.011827,-0.002301,0.999894,118.117279,415.744751,48.844681
930,9.300000,0.008195,0.011820,-0.002305,0.999894,118.119194,415.744202,48.843834
931,9.310000,0.008194,0.011817,-0.002332,0.999894,118.121811,415.743958,48.841476
932,9.320000,0.008185,0.011821,-0.002347,0.999894,118.126060,415.744781,48.839352
933,9.330000,0.008192,0.011822,-0.002350,0.999894,118.126671,415.744629,48.837902
934,9.340000,0.008189,0.011835,-0.002346,0.999894,118.121552,415.745422,48.837692
935,9.350000,0.008188,0.011833,-0.002333,0.999894,118.115097,415.745422,48.837429
936,9.360000,0.008189,0.011845,-0.002350,0.999894,118.111267,415.742920,48.837578
937,9.370000,0.008192,0.011839,-0.002326,0.999894,118.106735,415.742279,48.839031
938,9.380000,0.008180,0.011842,-0.002300,0.999894,118.102844,415.742950,48.837524
939,9.390000,0.008176,0.011842,-0.002296,0.999894,118.102661,415.743317,48.838085
940,9.400000,0.008187,0.011840,-0.002307,0.999894,118.109406,415.744781,48.839321
941,9.410000,0.008182,0.011834,-0.002296,0.999894,118.117661,415.744324,48.839809
942,9.420000,0.008174,0.011844,-0.002363,0.999894,118.129196,415.744293,48.840828
943,9.430000,0.008180,0.011813,-0.002341,0.999894,118.134155,415.745667,48.841190
944,9.440000,0.008182,0.011807,-0.002347,0.999894,118.138977,415.746124,48.840740
945,9.450000,0.008192,0.011823,-0.002345,0.999894,118.138771,415.747437,48.839996
946,9.460000,0.008192,0.011821,-0.002342,0.999894,118.136009,415.746429,48.839832
947,9.470000,0.008193,0.011829,-0.002350,0.999894,118.126869,415.746277,48.841011
948,9.480000,0.008195,0.011847,-0.002344,0.999894,118.116486,415.745605,48.841206
949,9.490000,0.008187,0.011831,-0.002311,0.999894,118.108215,415.742554,48.840691
950,9.500000,0.008186,0.011844,-0.002324,0.999894,118.102119,415.741486,48.840717
951,9.510000,0.008196,0.011843,-0.002308,0.999894,118.096046,415.742584,48.840618
952,9.520000,0.008191,0.011838,-0.002309,0.999894,118.096092,415.744019,48.839550
953,9.530000,0.008184,0.011832,-0.002323,0.999894,118.102554,415.743988,48.839302
954,9.540000,0.008174,0.011866,-0.002341,0.999894,118.113556,415.743225,48.838360
955,9.550000,0.008186,0.011853,-0.002353,0.999894,118.124573,415.744354,48.839432
956,9.560000,0.008183,0.011830,-0.002336,0.999894,118.130424,415.746033,48.838749
957,9.570000,0.008180,0.011827,-0.002337,0.999894,118.136208,415.747711,48.838696
958,9.580000,0.008183,0.011830,-0.002356,0.999894,118.141533,415.747192,48.839031
959,9.590000,0.008183,0.011813,-0.002358,0.999894,118.143471,415.746521,48.839264
960,9.600000,0.008183,0.011800,-0.002327,0.999894,118.137581,415.746704,48.840122
961,9.610000,0.008181,0.011830,-0.002347,0.999894,118.126350,415.746216,48.841118
962,9.620000,0.008187,0.011839,-0.002325,0.999894,118.117805,415.746094,48.841091
963,9.630000,0.008183,0.011830,-0.002332,0.999894,118.113274,415.742645,48.842079
964,9.640000,0.008189,0.011842,-0.002336,0.999894,118.105629,415.741943,48.842384
965,9.650000,0.008195,0.011859,-0.002336,0.999893,118.100571,415.743591,48.842419
966,9.660000,0.008185,0.011826,-0.002302,0.999894,118.101181,415.743164,48.840412
967,9.670000,0.008196,0.011821,-0.002329,0.999894,118.106644,415.743805,48.841038
968,9.680000,0.008198,0.011824,-0.002335,0.999894,118.113007,415.744110,48.840916
969,9.690000,0.008197,0.011826,-0.002339,0.999894,118.115448,415.744629,48.840389
970,9.700000,0.008192,0.011817,-0.002334,0.999894,118.118294,415.745178,48.840038
971,9.710000,0.008191,0.011845,-0.002353,0.999894,118.123344,415.745056,48.839905
972,9.720000,0.008187,0.011834,-0.002325,0.999894,118.127197,415.745056,48.840179
973,9.730000,0.008173,0.011842,-0.002361,0.999894,118.130127,415.745392,48.839527
974,9.740000,0.008173,0.011839,-0.002341,0.999894,118.129646,415.746704,48.840076
975,9.750000,0.008181,0.011854,-0.002351,0.999894,118.128891,415.748322,48.839779
976,9.760000,0.008181,0.011843,-0.002349,0.999894,118.130203,415.747192,48.840126
977,9.770000,0.008182,0.011849,-0.002348,0.999894,118.129883,415.745575,48.840286
978,9.780000,0.008177,0.011849,-0.002331,0.999894,118.126122,415.744843,48.839405
979,9.790000,0.008191,0.011834,-0.002337,0.999894,118.122383,415.745361,48.839752
980,9.800000,0.008188,0.011825,-0.002351,0.999894,118.121254,415.744934,48.839188
981,9.810000,0.008189,0.011815,-0.002337,0.999894,118.117287,415.744141,48.838970
982,9.820000,0.008196,0.011838,-0.002363,0.999894,118.109985,415.744293,48.840961
983,9.830000,0.008198,0.011837,-0.002351,0.999894,118.102371,415.743378,48.842278
984,9.840000,0.008197,0.011850,-0.002355,0.999893,118.098923,415.742249,48.844048
985,9.850000,0.008197,0.011839,-0.002326,0.999894,118.097824,415.741089,48.844982
986,9.860000,0.008196,0.011837,-0.002320,0.999894,118.100060,415.742096,48.845436
987,9.870000,0.008194,0.011831,-0.002335,0.999894,118.104568,415.743622,48.843620
988,9.880000,0.008184,0.011854,-0.002352,0.999894,118.113579,415.744904,48.842457
989,9.890000,0.008183,0.011848,-0.002358,0.999894,118.125565,415.747070,48.840206
990,9.900000,0.008178,0.011836,-0.002333,0.999894,118.136658,415.747742,48.838474
991,9.910000,0.008169,0.011832,-0.002367,0.999894,118.145210,415.747955,48.837128
992,9.920000,0.008171,0.011815,-0.002369,0.999894,118.148605,415.748016,48.836914
993,9.930000,0.008171,0.011830,-0.002372,0.999894,118.148827,415.747894,48.835674
994,9.940000,0.008172,0.011826,-0.002384,0.999894,118.143837,415.746185,48.836468
995,9.950000,0.008179,0.011831,-0.002352,0.999894,118.132751,415.746552,48.837017
996,9.960000,0.008183,0.011855,-0.002367,0.999894,118.119598,415.746521,48.839569
997,9.970000,0.008187,0.011810,-0.002319,0.999894,118.107971,415.743835,48.841206
998,9.980000,0.008190,0.011833,-0.002330,0.999894,118.100204,415.741730,48.843899
999,9.990000,0.008200,0.011837,-0.002347,0.999894,118.094368,415.740967,48.845467
1000,10.000000,0.008200,0.011831,-0.002341,0.999894,118.090439,415.741608,48.846302
1001,10.010000,0.008195,0.011848,-0.002342,0.999894,118.093582,415.742249,48.845394
1002,10.020000,0.008190,0.011854,-0.002358,0.999893,118.104485,415.742920,48.844074
1003,10.030000,0.008189,0.011855,-0.002363,0.999893,118.115776,415.744324,48.842384
1004,10.040000,0.008185,0.011805,-0.002334,0.999894,118.126083,415.745392,48.840702
1005,10.050000,0.008182,0.011833,-0.002343,0.999894,118.132668,415.747162,48.839020
1006,10.060000,0.008174,0.011800,-0.002342,0.999894,118.140839,415.747864,48.838673
1007,10.070000,0.008174,0.011834,-0.002376,0.999894,118.143814,415.746460,48.837399
1008,10.080000,0.008172,0.011839,-0.002374,0.999894,118.140511,415.746246,48.837421
1009,10.090000,0.008177,0.011859,-0.002369,0.999894,118.131927,415.747955,48.837067
1010,10.100000,0.008176,0.011851,-0.002351,0.999894,118.124214,415.747833,48.837543
1011,10.110000,0.008170,0.011836,-0.002348,0.999894,118.120804,415.744965,48.838326
1012,10.120000,0.008171,0.011858,-0.002343,0.999894,118.113968,415.743622,48.839108
1013,10.130000,0.008181,0.011848,-0.002350,0.999894,118.108734,415.743286,48.841377
1014,10.140000,0.008189,0.011834,-0.002327,0.999894,118.105194,415.743683,48.843010
1015,10.150000,0.008197,0.011834,-0.002331,0.999894,118.104195,415.742432,48.844616
1016,10.160000,0.008200,0.011821,-0.002337,0.999894,118.108849,415.742737,48.845146
1017,10.170000,0.008195,0.011840,-0.002359,0.999894,118.109367,415.742920,48.844101
1018,10.180000,0.008194,0.011832,-0.002356,0.999894,118.111855,415.743805,48.842876
1019,10.190000,0.008190,0.011842,-0.002360,0.999894,118.114983,415.745392,48.841270
1020,10.200000,0.008176,0.011832,-0.002381,0.999894,118.121750,415.743805,48.839481
1021,10.210000,0.008173,0.011822,-0.002361,0.999894,118.124329,415.744171,48.838097
1022,10.220000,0.008173,0.011860,-0.002365,0.999894,118.124260,415.746338,48.837955
1023,10.230000,0.008173,0.011853,-0.002364,0.999894,118.126701,415.747559,48.837616
1024,10.240000,0.008175,0.011840,-0.002342,0.999894,118.129646,415.747162,48.838051
1025,10.250000,0.008175,0.011849,-0.002358,0.999894,118.130898,415.746796,48.838680
1026,10.260000,0.008179,0.011837,-0.002352,0.999894,118.129967,415.746002,48.839672
1027,10.270000,0.008184,0.011828,-0.002343,0.999894,118.126640,415.745850,48.840115
1028,10.280000,0.008173,0.011841,-0.002351,0.999894,118.121323,415.744781,48.840107
1029,10.290000,0.008189,0.011822,-0.002337,0.999894,118.117455,415.745087,48.842007
1030,10.300000,0.008193,0.011851,-0.002377,0.999893,118.112602,415.744049,48.843563
1031,10.310000,0.008190,0.011850,-0.002364,0.999894,118.105919,415.743286,48.844418
1032,10.320000,0.008194,0.011857,-0.002359,0.999893,118.101952,415.743835,48.844120
1033,10.330000,0.008193,0.011870,-0.002375,0.999893,118.102867,415.743408,48.843136
1034,10.340000,0.008187,0.011860,-0.002353,0.999893,118.106255,415.743652,48.842030
1035,10.350000,0.008177,0.011869,-0.002367,0.999893,118.110527,415.744568,48.839626
1036,10.360000,0.008175,0.011829,-0.002346,0.999894,118.118347,415.745911,48.837799
1037,10.370000,0.008172,0.011857,-0.002371,0.999894,118.128242,415.746582,48.837105
1038,10.380000,0.008176,0.011822,-0.002346,0.999894,118.136909,415.748108,48.836498
1039,10.390000,0.008175,0.011820,-0.002357,0.999894,118.140991,415.748260,48.836277
1040,10.400000,0.008172,0.011822,-0.002382,0.999894,118.144218,415.747314,48.836945
1041,10.410000,0.008180,0.011834,-0.002370,0.999894,118.138023,415.747223,48.838398
1042,10.420000,0.008190,0.011838,-0.002360,0.999894,118.131279,415.747040,48.839355
1043,10.430000,0.008188,0.011855,-0.002389,0.999893,118.119606,415.744812,48.841347
1044,10.440000,0.008192,0.011852,-0.002357,0.999893,118.108376,415.744293,48.843037
1045,10.450000,0.008190,0.011841,-0.002353,0.999894,118.098129,415.742157,48.844345
1046,10.460000,0.008194,0.011846,-0.002356,0.999894,118.092873,415.741302,48.845455
1047,10.470000,0.008193,0.011865,-0.002366,0.999893,118.092384,415.741272,48.845299
1048,10.480000,0.008193,0.011861,-0.002393,0.999893,118.096031,415.742523,48.843857
1049,10.490000,0.008191,0.011833,-0.002350,0.999894,118.102516,415.744049,48.841629
1050,10.500000,0.008182,0.011831,-0.002366,0.999894,118.114120,415.745117,48.839291
1051,10.510000,0.008177,0.011839,-0.002384,0.999894,118.125618,415.745361,48.836769
1052,10.520000,0.008176,0.011832,-0.002351,0.999894,118.135414,415.747101,48.835209
1053,10.530000,0.008172,0.011851,-0.002384,0.999894,118.139915,415.747986,48.834274
1054,10.540000,0.008172,0.011847,-0.002383,0.999894,118.142097,415.749207,48.834023
1055,10.550000,0.008170,0.011858,-0.002378,0.999894,118.140236,415.747955,48.836456
1056,10.560000,0.008178,0.011844,-0.002366,0.999894,118.134247,415.746979,48.839191
1057,10.570000,0.008178,0.011828,-0.002367,0.999894,118.126549,415.745697,48.842281
1058,10.580000,0.008183,0.011846,-0.002354,0.999894,118.115570,415.744781,48.843182
1059,10.590000,0.008196,0.011839,-0.002334,0.999894,118.107620,415.743591,48.844170
1060,10.600000,0.008194,0.011847,-0.002352,0.999894,118.103500,415.742615,48.843903
1061,10.610000,0.008188,0.011851,-0.002360,0.999894,118.100647,415.742065,48.843578
1062,10.620000,0.008187,0.011858,-0.002367,0.999893,118.101425,415.743530,48.842228
1063,10.630000,0.008181,0.011837,-0.002373,0.999894,118.105530,415.743988,48.842323
1064,10.640000,0.008189,0.011845,-0.002354,0.999894,118.111404,415.744324,48.841331
1065,10.650000,0.008192,0.011850,-0.002381,0.999893,118.117714,415.744598,48.840588
1066,10.660000,0.008182,0.011862,-0.002397,0.999893,118.122978,415.744843,48.838936
1067,10.670000,0.008174,0.011872,-0.002391,0.999893,118.126572,415.746155,48.837650
1068,10.680000,0.008173,0.011867,-0.002367,0.999893,118.128738,415.747986,48.836491
1069,10.690000,0.008164,0.011862,-0.002400,0.999894,118.134697,415.747131,48.835728
1070,10.700000,0.008168,0.011864,-0.002376,0.999893,118.133636,415.747925,48.836815
1071,10.710000,0.008169,0.011850,-0.002380,0.999894,118.131813,415.746765,48.838978
1072,10.720000,0.008176,0.011855,-0.002363,0.999894,118.127678,415.746735,48.840225
1073,10.730000,0.008176,0.011861,-0.002375,0.999893,118.125603,415.745972,48.841705
1074,10.740000,0.008178,0.011847,-0.002383,0.999894,118.123177,415.743286,48.843117
1075,10.750000,0.008177,0.011845,-0.002357,0.999894,118.115234,415.743744,48.842045
1076,10.760000,0.008196,0.011840,-0.002361,0.999894,118.110016,415.744812,48.842346
1077,10.770000,0.008187,0.011826,-0.002374,0.999894,118.107437,415.743103,48.841450
1078,10.780000,0.008190,0.011856,-0.002391,0.999893,118.104530,415.742737,48.841320
1079,10.790000,0.008190,0.011879,-0.002392,0.999893,118.103928,415.742676,48.840683
1080,10.800000,0.008178,0.011879,-0.002402,0.999893,118.104462,415.742157,48.840073
1081,10.810000,0.008185,0.011859,-0.002380,0.999893,118.106369,415.742859,48.839882
1082,10.820000,0.008178,0.011851,-0.002382,0.999894,118.111519,415.744141,48.839909
1083,10.830000,0.008183,0.011854,-0.002372,0.999894,118.116776,415.746521,48.838696
1084,10.840000,0.008171,0.011867,-0.002383,0.999893,118.122246,415.746735,48.837994
1085,10.850000,0.008174,0.011852,-0.002377,0.999894,118.129585,415.746765,48.838264
1086,10.860000,0.008166,0.011851,-0.002394,0.999894,118.136749,415.746735,48.838127
1087,10.870000,0.008172,0.011853,-0.002386,0.999894,118.136749,415.746338,48.837898
1088,10.880000,0.008177,0.011857,-0.002398,0.999893,118.135063,415.747284,48.838215
1089,10.890000,0.008175,0.011845,-0.002369,0.999894,118.132111,415.747223,48.839340
1090,10.900000,0.008170,0.011853,-0.002363,0.999894,118.127235,415.745972,48.839455
1091,10.910000,0.008178,0.011843,-0.002363,0.999894,118.122093,415.745300,48.841492
1092,10.920000,0.008179,0.011863,-0.002383,0.999893,118.114624,415.745117,48.842022
1093,10.930000,0.008187,0.011849,-0.002373,0.999894,118.106056,415.743225,48.841904
1094,10.940000,0.008187,0.011859,-0.002393,0.999893,118.100822,415.742615,48.840935
1095,10.950000,0.008188,0.011850,-0.002389,0.999893,118.099091,415.741638,48.840176
1096,10.960000,0.008187,0.011842,-0.002364,0.999894,118.100159,415.742462,48.839966
1097,10.970000,0.008187,0.011857,-0.002368,0.999893,118.101715,415.743805,48.840328
1098,10.980000,0.008185,0.011875,-0.002398,0.999893,118.106667,415.744537,48.840416
1099,10.990000,0.008187,0.011867,-0.002381,0.999893,118.113571,415.745422,48.841434
1100,11.000000,0.008183,0.011860,-0.002376,0.999893,118.120567,415.745575,48.840885
1101,11.010000,0.008174,0.011854,-0.002395,0.999894,118.128433,415.745056,48.840828
1102,11.020000,0.008172,0.011868,-0.002385,0.999893,118.132309,415.747101,48.839729
1103,11.030000,0.008168,0.011864,-0.002397,0.999893,118.138153,415.746368,48.839439
1104,11.040000,0.008170,0.011848,-0.002376,0.999894,118.140839,415.747528,48.838799
1105,11.050000,0.008172,0.011837,-0.002403,0.999894,118.141220,415.748962,48.839077
1106,11.060000,0.008169,0.011827,-0.002391,0.999894,118.137947,415.749084,48.839455
1107,11.070000,0.008181,0.011848,-0.002404,0.999894,118.130379,415.748505,48.840557
1108,11.080000,0.008179,0.011854,-0.002416,0.999893,118.123886,415.745483,48.841579
1109,11.090000,0.008187,0.011869,-0.002405,0.999893,118.112259,415.743835,48.841812
1110,11.100000,0.008189,0.011874,-0.002396,0.999893,118.100571,415.741852,48.841736
1111,11.110000,0.008186,0.011867,-0.002379,0.999893,118.093307,415.741791,48.842140
1112,11.120000,0.008187,0.011871,-0.002390,0.999893,118.092850,415.742432,48.842548
1113,11.130000,0.008187,0.011853,-0.002365,0.999893,118.096863,415.742981,48.843403
1114,11.140000,0.008184,0.011861,-0.002395,0.999893,118.103790,415.744141,48.845554
1115,11.150000,0.008185,0.011859,-0.002393,0.999893,118.110535,415.744965,48.846050
1116,11.160000,0.008192,0.011856,-0.002399,0.999893,118.121712,415.745972,48.847153
1117,11.170000,0.008188,0.011856,-0.002408,0.999893,118.133553,415.745453,48.846104
1118,11.180000,0.008179,0.011849,-0.002422,0.999893,118.142387,415.746490,48.843098
1119,11.190000,0.008170,0.011860,-0.002414,0.999893,118.145996,415.748840,48.838905
1120,11.200000,0.008165,0.011875,-0.002427,0.999893,118.142220,415.750397,48.836445
1121,11.210000,0.008164,0.011849,-0.002438,0.999894,118.141121,415.750275,48.837036
1122,11.220000,0.008174,0.011862,-0.002423,0.999893,118.132706,415.749451,48.839806
1123,11.230000,0.008179,0.011856,-0.002419,0.999893,118.123680,415.745361,48.843761
1124,11.240000,0.008188,0.011865,-0.002411,0.999893,118.113594,415.744019,48.846310
1125,11.250000,0.008191,0.011837,-0.002377,0.999894,118.106567,415.743011,48.846786
1126,11.260000,0.008182,0.011855,-0.002400,0.999893,118.105659,415.743469,48.844234
1127,11.270000,0.008182,0.011866,-0.002405,0.999893,118.107224,415.745392,48.841522
1128,11.280000,0.008176,0.011883,-0.002422,0.999893,118.110580,415.746246,48.839531
1129,11.290000,0.008184,0.011861,-0.002421,0.999893,118.116280,415.747192,48.840385
1130,11.300000,0.008181,0.011855,-0.002428,0.999893,118.121796,415.746216,48.843029
1131,11.310000,0.008186,0.011832,-0.002415,0.999894,118.125320,415.744904,48.847717
1132,11.320000,0.008207,0.011789,-0.002397,0.999894,118.128830,415.745361,48.852016
1133,11.330000,0.008199,0.011862,-0.002433,0.999893,118.126282,415.745636,48.852097
1134,11.340000,0.008189,0.011855,-0.002437,0.999893,118.127708,415.744781,48.851601
1135,11.350000,0.008183,0.011860,-0.002437,0.999893,118.127716,415.746246,48.849663
1136,11.360000,0.008174,0.011884,-0.002446,0.999893,118.127823,415.748291,48.846802
1137,11.370000,0.008178,0.011855,-0.002394,0.999893,118.125481,415.749390,48.844940
1138,11.380000,0.008176,0.011872,-0.002413,0.999893,118.125969,415.748840,48.844276
1139,11.390000,0.008175,0.011856,-0.002429,0.999893,118.131470,415.746521,48.844589
1140,11.400000,0.008173,0.011858,-0.002448,0.999893,118.134399,415.746094,48.843498
1141,11.410000,0.008180,0.011854,-0.002419,0.999893,118.132553,415.747498,48.841839
1142,11.420000,0.008179,0.011858,-0.002428,0.999893,118.128937,415.746826,48.840843
1143,11.430000,0.008182,0.011853,-0.002439,0.999893,118.122169,415.746826,48.840126
1144,11.440000,0.008177,0.011851,-0.002451,0.999893,118.115952,415.746429,48.840107
1145,11.450000,0.008187,0.011837,-0.002428,0.999894,118.109306,415.745880,48.842152
1146,11.460000,0.008187,0.011871,-0.002415,0.999893,118.102959,415.744781,48.846935
1147,11.470000,0.008192,0.011882,-0.002412,0.999893,118.101593,415.744049,48.850155
1148,11.480000,0.008191,0.011853,-0.002393,0.999893,118.105339,415.742584,48.853477
1149,11.490000,0.008193,0.011860,-0.002418,0.999893,118.111298,415.744629,48.853386
1150,11.500000,0.008181,0.011866,-0.002445,0.999893,118.121765,415.746246,48.851906
1151,11.510000,0.008176,0.011857,-0.002410,0.999893,118.132576,415.748230,48.848007
1152,11.520000,0.008170,0.011844,-0.002427,0.999894,118.146294,415.749115,48.845169
1153,11.530000,0.008170,0.011841,-0.002442,0.999894,118.154099,415.749451,48.842407
1154,11.540000,0.008177,0.011825,-0.002455,0.999894,118.153778,415.749847,48.842239
1155,11.550000,0.008176,0.011818,-0.002453,0.999894,118.147690,415.749573,48.841660
1156,11.560000,0.008180,0.011832,-0.002451,0.999894,118.137482,415.748871,48.842449
1157,11.570000,0.008177,0.011872,-0.002465,0.999893,118.123871,415.744965,48.842316
1158,11.580000,0.008182,0.011895,-0.002437,0.999893,118.106361,415.743896,48.843079
1159,11.590000,0.008185,0.011871,-0.002387,0.999893,118.092834,415.742859,48.843857
1160,11.600000,0.008184,0.011887,-0.002403,0.999893,118.084984,415.742188,48.846252
1161,11.610000,0.008185,0.011870,-0.002389,0.999893,118.086975,415.742218,48.848351
1162,11.620000,0.008191,0.011875,-0.002410,0.999893,118.098907,415.744110,48.851791
1163,11.630000,0.008195,0.011862,-0.002433,0.999893,118.113068,415.745972,48.852554
1164,11.640000,0.008191,0.011841,-0.002443,0.999893,118.131668,415.745758,48.852753
1165,11.650000,0.008200,0.011783,-0.002403,0.999894,118.149162,415.748077,48.850716
1166,11.660000,0.008180,0.011835,-0.002464,0.999894,118.159210,415.749268,48.845612
1167,11.670000,0.008175,0.011770,-0.002433,0.999894,118.162910,415.749573,48.841736
1168,11.680000,0.008167,0.011860,-0.002445,0.999893,118.153770,415.750977,48.837883
1169,11.690000,0.008166,0.011870,-0.002443,0.999893,118.142563,415.751373,48.837940
1170,11.700000,0.008172,0.011878,-0.002433,0.999893,118.127571,415.747742,48.840542
1171,11.710000,0.008186,0.011883,-0.002423,0.999893,118.110825,415.744781,48.845261
1172,11.720000,0.008191,0.011890,-0.002441,0.999893,118.095413,415.743683,48.849579
1173,11.730000,0.008196,0.011872,-0.002396,0.999893,118.089981,415.743103,48.849346
1174,11.740000,0.008185,0.011878,-0.002390,0.999893,118.090088,415.739044,48.852425
1175,11.750000,0.008192,0.011872,-0.002410,0.999893,118.100578,415.744659,48.845051
1176,11.760000,0.008179,0.011875,-0.002407,0.999893,118.110977,415.749176,48.844200
1177,11.770000,0.008180,0.011850,-0.002423,0.999893,118.120003,415.744873,48.842358
1178,11.780000,0.008189,0.011865,-0.002456,0.999893,118.132828,415.745514,48.847847
1179,11.790000,0.008191,0.011861,-0.002446,0.999893,118.143387,415.749542,48.845718
1180,11.800000,0.008175,0.011857,-0.002498,0.999893,118.147949,415.744904,48.847183
1181,11.810000,0.008181,0.011860,-0.002475,0.999893,118.143890,415.744965,48.847595
1182,11.820000,0.008180,0.011866,-0.002434,0.999893,118.134918,415.751251,48.846687
1183,11.830000,0.008176,0.011876,-0.002439,0.999893,118.122025,415.747192,48.841305
1184,11.840000,0.008160,0.011867,-0.002424,0.999893,118.113670,415.744171,48.842270
1185,11.850000,0.008183,0.011888,-0.002392,0.999893,118.105385,415.746613,48.843616
1186,11.860000,0.008175,0.011875,-0.002404,0.999893,118.103294,415.742493,48.845913
1187,11.870000,0.008178,0.011876,-0.002408,0.999893,118.106445,415.743225,48.844280
1188,11.880000,0.008195,0.011763,-0.002366,0.999894,118.117249,415.743134,48.849812
1189,11.890000,0.008194,0.011859,-0.002432,0.999893,118.120209,415.745270,48.849342
1190,11.900000,0.008176,0.011857,-0.002459,0.999893,118.130363,415.745026,48.846218
1191,11.910000,0.008172,0.011865,-0.002453,0.999893,118.133629,415.746399,48.843582
1192,11.920000,0.008174,0.011869,-0.002446,0.999893,118.136971,415.747559,48.842934
1193,11.930000,0.008162,0.011878,-0.002460,0.999893,118.132530,415.744446,48.840225
1194,11.940000,0.008173,0.011855,-0.002435,0.999893,118.125198,415.743805,48.845436
1195,11.950000,0.008195,0.011855,-0.002441,0.999893,118.119774,415.752075,48.841404
1196,11.960000,0.008186,0.011873,-0.002439,0.999893,118.112518,415.746124,48.850769
1197,11.970000,0.008191,0.011844,-0.002442,0.999893,118.111031,415.739471,48.848106
1198,11.980000,0.008189,0.011887,-0.002412,0.999893,118.105133,415.745300,48.852455
1199,11.990000,0.008175,0.011907,-0.002437,0.999893,118.104134,415.743317,48.842915
1200,12.000000,0.008168,0.011896,-0.002430,0.999893,118.105614,415.741089,48.844318
1201,12.010000,0.008169,0.011869,-0.002421,0.999893,118.115776,415.747742,48.840195
1202,12.020000,0.008177,0.011866,-0.002432,0.999893,118.125389,415.751099,48.844780
1203,12.030000,0.008177,0.011855,-0.002430,0.999893,118.135902,415.749939,48.843166
1204,12.040000,0.008185,0.011874,-0.002451,0.999893,118.142708,415.747101,48.853218
1205,12.050000,0.008200,0.011784,-0.002403,0.999894,118.149689,415.742920,48.851761
1206,12.060000,0.008175,0.011777,-0.002403,0.999894,118.146767,415.744965,48.849758
1207,12.070000,0.008178,0.011854,-0.002459,0.999893,118.134644,415.749725,48.841534
1208,12.080000,0.008175,0.011869,-0.002458,0.999893,118.124153,415.751556,48.841618
1209,12.090000,0.008177,0.011855,-0.002420,0.999893,118.114120,415.742737,48.844769
1210,12.100000,0.008185,0.011855,-0.002414,0.999893,118.108597,415.744232,48.841049
1211,12.110000,0.008175,0.011881,-0.002416,0.999893,118.097687,415.746277,48.846676
1212,12.120000,0.008187,0.011898,-0.002461,0.999893,118.096153,415.738098,48.845734
1213,12.130000,0.008194,0.011844,-0.002410,0.999893,118.095238,415.742462,48.851971
1214,12.140000,0.008190,0.011869,-0.002435,0.999893,118.105492,415.748810,48.846169
1215,12.150000,0.008184,0.011883,-0.002477,0.999893,118.114601,415.743103,48.847149
1216,12.160000,0.008174,0.011895,-0.002458,0.999893,118.127609,415.745392,48.845100
1217,12.170000,0.008170,0.011883,-0.002437,0.999893,118.138176,415.751434,48.842720
1218,12.180000,0.008158,0.011857,-0.002469,0.999893,118.149223,415.747833,48.839691
1219,12.190000,0.008163,0.011843,-0.002473,0.999894,118.150566,415.746765,48.843803
1220,12.200000,0.008189,0.011801,-0.002467,0.999894,118.151932,415.749237,48.848736
1221,12.210000,0.008183,0.011886,-0.002486,0.999893,118.135666,415.748535,48.847954
1222,12.220000,0.008171,0.011840,-0.002470,0.999894,118.127876,415.743408,48.847256
1223,12.230000,0.008189,0.011890,-0.002480,0.999893,118.113396,415.743713,48.848946
1224,12.240000,0.008183,0.011876,-0.002418,0.999893,118.101562,415.747162,48.844631
1225,12.250000,0.008169,0.011864,-0.002415,0.999893,118.091873,415.741272,48.843246
1226,12.260000,0.008166,0.011900,-0.002419,0.999893,118.089539,415.740875,48.844101
1227,12.270000,0.008181,0.011894,-0.002418,0.999893,118.099365,415.745911,48.847290
1228,12.280000,0.008176,0.011847,-0.002436,0.999893,118.110893,415.741638,48.846134
1229,12.290000,0.008185,0.011860,-0.002439,0.999893,118.121811,415.747009,48.847347
1230,12.300000,0.008191,0.011857,-0.002430,0.999893,118.135849,415.751038,48.848614
1231,12.310000,0.008181,0.011871,-0.002491,0.999893,118.147316,415.747742,48.846977
1232,12.320000,0.008158,0.011856,-0.002485,0.999893,118.153244,415.748077,48.841518
1233,12.330000,0.008167,0.011867,-0.002489,0.999893,118.150864,415.748291,48.841843
1234,12.340000,0.008166,0.011878,-0.002482,0.999893,118.140289,415.745819,48.841476
1235,12.350000,0.008164,0.011884,-0.002479,0.999893,118.126892,415.745544,48.842503
1236,12.360000,0.008176,0.011904,-0.002492,0.999893,118.115433,415.747345,48.845615
1237,12.370000,0.008188,0.011899,-0.002453,0.999893,118.106445,415.748138,48.851303
1238,12.380000,0.008192,0.011891,-0.002431,0.999893,118.095741,415.743378,48.853607
1239,12.390000,0.008187,0.011869,-0.002436,0.999893,118.096031,415.740356,48.851086
1240,12.400000,0.008183,0.011886,-0.002429,0.999893,118.100449,415.742798,48.847191
1241,12.410000,0.008169,0.011871,-0.002435,0.999893,118.108879,415.741974,48.842072
1242,12.420000,0.008159,0.011869,-0.002455,0.999893,118.118690,415.746429,48.836285
1243,12.430000,0.008166,0.011879,-0.002462,0.999893,118.128296,415.752106,48.835976
1244,12.440000,0.008168,0.011848,-0.002462,0.999893,118.140564,415.749329,48.841137
1245,12.450000,0.008177,0.011884,-0.002502,0.999893,118.145149,415.747406,48.847034
1246,12.460000,0.008189,0.011853,-0.002449,0.999893,118.142914,415.746826,48.850876
1247,12.470000,0.008198,0.011799,-0.002429,0.999894,118.137695,415.745972,48.852951
1248,12.480000,0.008176,0.011856,-0.002453,0.999893,118.126526,415.743073,48.849186
1249,12.490000,0.008171,0.011890,-0.002459,0.999893,118.117195,415.744232,48.845551
1250,12.500000,0.008165,0.011909,-0.002457,0.999893,118.110260,415.747742,48.842682
1251,12.510000,0.008161,0.011899,-0.002448,0.999893,118.105652,415.747894,48.841969
1252,12.520000,0.008180,0.011880,-0.002427,0.999893,118.106667,415.744324,48.846962
1253,12.530000,0.008193,0.011867,-0.002432,0.999893,118.115379,415.746063,48.848534
1254,12.540000,0.008188,0.011852,-0.002441,0.999893,118.119835,415.744110,48.849255
1255,12.550000,0.008185,0.011831,-0.002460,0.999894,118.125061,415.742340,48.845913
1256,12.560000,0.008178,0.011872,-0.002469,0.999893,118.124657,415.746826,48.844257
1257,12.570000,0.008171,0.011877,-0.002464,0.999893,118.126503,415.749115,48.838993
1258,12.580000,0.008155,0.011850,-0.002481,0.999894,118.130455,415.745697,48.837475
1259,12.590000,0.008169,0.011873,-0.002445,0.999893,118.123909,415.748199,48.838856
1260,12.600000,0.008175,0.011895,-0.002477,0.999893,118.118263,415.747040,48.843437
1261,12.610000,0.008166,0.011924,-0.002490,0.999892,118.110718,415.744110,48.846111
1262,12.620000,0.008182,0.011889,-0.002460,0.999893,118.110497,415.742310,48.850693
1263,12.630000,0.008204,0.011811,-0.002423,0.999894,118.117073,415.742676,48.854599
1264,12.640000,0.008183,0.011897,-0.002467,0.999893,118.117027,415.746246,48.851574
1265,12.650000,0.008175,0.011886,-0.002450,0.999893,118.123207,415.748627,48.848232
1266,12.660000,0.008164,0.011894,-0.002488,0.999893,118.134010,415.749084,48.845768
1267,12.670000,0.008170,0.011880,-0.002472,0.999893,118.140587,415.749023,48.843235
1268,12.680000,0.008169,0.011860,-0.002477,0.999893,118.143356,415.747131,48.840382
1269,12.690000,0.008170,0.011838,-0.002479,0.999894,118.138535,415.747559,48.840824
1270,12.700000,0.008179,0.011866,-0.002502,0.999893,118.133453,415.747101,48.842247
1271,12.710000,0.008174,0.011862,-0.002485,0.999893,118.125847,415.744629,48.843857
1272,12.720000,0.008181,0.011867,-0.002457,0.999893,118.114235,415.745758,48.843708
1273,12.730000,0.008180,0.011909,-0.002476,0.999893,118.103386,415.744873,48.844471
1274,12.740000,0.008177,0.011909,-0.002464,0.999893,118.094032,415.743073,48.845627
1275,12.750000,0.008179,0.011888,-0.002433,0.999893,118.091484,415.742584,48.845737
1276,12.760000,0.008177,0.011905,-0.002459,0.999893,118.096642,415.742096,48.847439
1277,12.770000,0.008184,0.011893,-0.002470,0.999893,118.107666,415.744080,48.850433
1278,12.780000,0.008183,0.011865,-0.002473,0.999893,118.124481,415.746368,48.850361
1279,12.790000,0.008185,0.011870,-0.002487,0.999893,118.138206,415.748016,48.848431
1280,12.800000,0.008182,0.011796,-0.002458,0.999894,118.154060,415.749451,48.845718
1281,12.810000,0.008166,0.011873,-0.002553,0.999893,118.158867,415.748535,48.840294
1282,12.820000,0.008156,0.011889,-0.002550,0.999893,118.154625,415.749207,48.837250
1283,12.830000,0.008161,0.011873,-0.002482,0.999893,118.143234,415.749115,48.836815
1284,12.840000,0.008174,0.011911,-0.002510,0.999893,118.129440,415.747009,48.840405
1285,12.850000,0.008182,0.011896,-0.002474,0.999893,118.113205,415.744873,48.844711
1286,12.860000,0.008179,0.011875,-0.002455,0.999893,118.097870,415.742798,48.848534
1287,12.870000,0.008194,0.011891,-0.002434,0.999893,118.085854,415.741913,48.851646
1288,12.880000,0.008189,0.011883,-0.002437,0.999893,118.085014,415.740875,48.852196
1289,12.890000,0.008184,0.011883,-0.002458,0.999893,118.091820,415.741089,48.851009
1290,12.900000,0.008175,0.011872,-0.002459,0.999893,118.105141,415.743164,48.848381
1291,12.910000,0.008175,0.011915,-0.002484,0.999893,118.120651,415.746735,48.845284
1292,12.920000,0.008167,0.011906,-0.002512,0.999893,118.138565,415.748718,48.842705
1293,12.930000,0.008160,0.011891,-0.002541,0.999893,118.155144,415.749115,48.841373
1294,12.940000,0.008181,0.011787,-0.002471,0.999894,118.162239,415.749268,48.842598
1295,12.950000,0.008176,0.011781,-0.002480,0.999894,118.159622,415.748657,48.844303
1296,12.960000,0.008183,0.011774,-0.002424,0.999894,118.148415,415.748322,48.844612
1297,12.970000,0.008168,0.011867,-0.002507,0.999893,118.133652,415.746155,48.844032
1298,12.980000,0.008167,0.011906,-0.002474,0.999893,118.113045,415.744141,48.843269
1299,12.990000,0.008178,0.011901,-0.002470,0.999893,118.099518,415.744446,48.845394
1300,13.000000,0.008179,0.011893,-0.002447,0.999893,118.089958,415.743958,48.846828
1301,13.010000,0.008181,0.011908,-0.002464,0.999893,118.088089,415.742767,48.848835
1302,13.020000,0.008188,0.011894,-0.002459,0.999893,118.096771,415.742126,48.850422
1303,13.030000,0.008180,0.011879,-0.002489,0.999893,118.109619,415.741425,48.849895
1304,13.040000,0.008184,0.011881,-0.002491,0.999893,118.120560,415.744049,48.847347
1305,13.050000,0.008177,0.011890,-0.002505,0.999893,118.132591,415.747375,48.843708
1306,13.060000,0.008170,0.011885,-0.002525,0.999893,118.144775,415.748322,48.841488
1307,13.070000,0.008171,0.011898,-0.002544,0.999893,118.148430,415.748505,48.840515
1308,13.080000,0.008172,0.011890,-0.002523,0.999893,118.143578,415.748718,48.842606
1309,13.090000,0.008177,0.011878,-0.002497,0.999893,118.135223,415.747986,48.845131
1310,13.100000,0.008182,0.011871,-0.002476,0.999893,118.123947,415.746002,48.847233
1311,13.110000,0.008174,0.011882,-0.002483,0.999893,118.116028,415.743103,48.847168
1312,13.120000,0.008167,0.011902,-0.002489,0.999893,118.107956,415.742798,48.846680
1313,13.130000,0.008166,0.011908,-0.002468,0.999893,118.101082,415.744385,48.844704
1314,13.140000,0.008171,0.011908,-0.002453,0.999893,118.102928,415.746460,48.844212
1315,13.150000,0.008178,0.011884,-0.002439,0.999893,118.110435,415.745941,48.844711
1316,13.160000,0.008181,0.011877,-0.002480,0.999893,118.122475,415.745117,48.845665
1317,13.170000,0.008184,0.011885,-0.002518,0.999893,118.131317,415.745880,48.846378
1318,13.180000,0.008175,0.011870,-0.002543,0.999893,118.139290,415.746490,48.845947
1319,13.190000,0.008180,0.011880,-0.002528,0.999893,118.141220,415.746979,48.845741
1320,13.200000,0.008180,0.011792,-0.002480,0.999894,118.142807,415.746063,48.846100
1321,13.210000,0.008166,0.011895,-0.002535,0.999893,118.131790,415.745422,48.845211
1322,13.220000,0.008174,0.011900,-0.002500,0.999893,118.118446,415.745422,48.844349
1323,13.230000,0.008176,0.011918,-0.002498,0.999892,118.107170,415.745483,48.845650
1324,13.240000,0.008173,0.011890,-0.002445,0.999893,118.101814,415.743530,48.846806
1325,13.250000,0.008178,0.011914,-0.002494,0.999892,118.100838,415.742554,48.847694
1326,13.260000,0.008177,0.011898,-0.002469,0.999893,118.104454,415.744141,48.847546
1327,13.270000,0.008177,0.011891,-0.002478,0.999893,118.113121,415.745300,48.847076
1328,13.280000,0.008172,0.011880,-0.002512,0.999893,118.126236,415.745514,48.845745
1329,13.290000,0.008162,0.011894,-0.002537,0.999893,118.137505,415.747498,48.842922
1330,13.300000,0.008167,0.011874,-0.002505,0.999893,118.144432,415.748596,48.840916
1331,13.310000,0.008165,0.011865,-0.002513,0.999893,118.148094,415.748383,48.840454
1332,13.320000,0.008170,0.011879,-0.002505,0.999893,118.144524,415.748749,48.842060
1333,13.330000,0.008179,0.011889,-0.002523,0.999893,118.137627,415.746857,48.845379
1334,13.340000,0.008181,0.011893,-0.002523,0.999893,118.126450,415.745056,48.848572
1335,13.350000,0.008185,0.011893,-0.002506,0.999893,118.112869,415.743530,48.850132
1336,13.360000,0.008179,0.011894,-0.002471,0.999893,118.100746,415.743011,48.850212
1337,13.370000,0.008180,0.011901,-0.002480,0.999893,118.094780,415.743256,48.848267
1338,13.380000,0.008177,0.011888,-0.002468,0.999893,118.094521,415.743042,48.846554
1339,13.390000,0.008175,0.011914,-0.002491,0.999893,118.099915,415.744812,48.845657
1340,13.400000,0.008172,0.011893,-0.002500,0.999893,118.109673,415.744202,48.845329
1341,13.410000,0.008175,0.011890,-0.002505,0.999893,118.122078,415.744843,48.844341
1342,13.420000,0.008175,0.011859,-0.002484,0.999893,118.133606,415.746429,48.843609
1343,13.430000,0.008165,0.011862,-0.002526,0.999893,118.141685,415.746674,48.842857
1344,13.440000,0.008166,0.011879,-0.002529,0.999893,118.144226,415.747772,48.842346
1345,13.450000,0.008176,0.011813,-0.002445,0.999894,118.144485,415.748352,48.843933
1346,13.460000,0.008165,0.011883,-0.002515,0.999893,118.139763,415.747162,48.844872
1347,13.470000,0.008168,0.011923,-0.002539,0.999892,118.132530,415.746399,48.847313
1348,13.480000,0.008175,0.011918,-0.002510,0.999892,118.122566,415.746063,48.848957
1349,13.490000,0.008173,0.011910,-0.002527,0.999892,118.116608,415.744537,48.849983
1350,13.500000,0.008177,0.011906,-0.002502,0.999893,118.112389,415.744446,48.849545
1351,13.510000,0.008179,0.011908,-0.002504,0.999893,118.110832,415.744720,48.848221
1352,13.520000,0.008176,0.011904,-0.002516,0.999893,118.111290,415.743896,48.845901
1353,13.530000,0.008181,0.011868,-0.002482,0.999893,118.113152,415.744690,48.843483
1354,13.540000,0.008179,0.011870,-0.002490,0.999893,118.114861,415.744934,48.842175
1355,13.550000,0.008171,0.011872,-0.002498,0.999893,118.117813,415.744141,48.841465
1356,13.560000,0.008175,0.011893,-0.002521,0.999893,118.117493,415.744354,48.843262
1357,13.570000,0.008176,0.011891,-0.002515,0.999893,118.117607,415.745361,48.845600
1358,13.580000,0.008176,0.011889,-0.002516,0.999893,118.116318,415.745544,48.846405
1359,13.590000,0.008180,0.011912,-0.002519,0.999892,118.117027,415.743927,48.849449
1360,13.600000,0.008176,0.011899,-0.002514,0.999893,118.123100,415.745575,48.847698
1361,13.610000,0.008163,0.011911,-0.002493,0.999893,118.125122,415.747498,48.849506
1362,13.620000,0.008163,0.011912,-0.002522,0.999893,118.134018,415.746979,48.845818
1363,13.630000,0.008165,0.011901,-0.002503,0.999893,118.139549,415.750092,48.848072
1364,13.640000,0.008160,0.011887,-0.002552,0.999893,118.146187,415.748322,48.843124
1365,13.650000,0.008178,0.011813,-0.002483,0.999894,118.147293,415.747162,48.846176
1366,13.660000,0.008174,0.011864,-0.002510,0.999893,118.138931,415.747009,48.843143
1367,13.670000,0.008186,0.011893,-0.002523,0.999893,118.128212,415.746796,48.844913
1368,13.680000,0.008183,0.011873,-0.002525,0.999893,118.115868,415.745117,48.841724
1369,13.690000,0.008188,0.011886,-0.002536,0.999893,118.101593,415.743500,48.843781
1370,13.700000,0.008178,0.011905,-0.002501,0.999893,118.086327,415.740479,48.844761
1371,13.710000,0.008176,0.011909,-0.002481,0.999893,118.079292,415.740967,48.846844
1372,13.720000,0.008183,0.011903,-0.002461,0.999893,118.082329,415.741028,48.847706
1373,13.730000,0.008171,0.011925,-0.002476,0.999892,118.092842,415.742188,48.849644
1374,13.740000,0.008172,0.011892,-0.002501,0.999893,118.110573,415.743744,48.850281
1375,13.750000,0.008172,0.011890,-0.002529,0.999893,118.131691,415.746582,48.848972
1376,13.760000,0.008176,0.011816,-0.002499,0.999894,118.153625,415.749420,48.848068
1377,13.770000,0.008177,0.011788,-0.002493,0.999894,118.172005,415.751099,48.845371
1378,13.780000,0.008168,0.011782,-0.002486,0.999894,118.177933,415.750519,48.843254
1379,13.790000,0.008163,0.011875,-0.002573,0.999893,118.170860,415.750427,48.840244
1380,13.800000,0.008167,0.011909,-0.002581,0.999892,118.154770,415.749481,48.840336
1381,13.810000,0.008166,0.011924,-0.002582,0.999892,118.134567,415.747162,48.841476
1382,13.820000,0.008158,0.011933,-0.002531,0.999892,118.108498,415.743835,48.842857
1383,13.830000,0.008185,0.011883,-0.002497,0.999893,118.086212,415.742554,48.846741
1384,13.840000,0.008183,0.011910,-0.002477,0.999893,118.067238,415.738647,48.849876
1385,13.850000,0.008187,0.011918,-0.002488,0.999892,118.063217,415.738403,48.851395
1386,13.860000,0.008188,0.011901,-0.002480,0.999893,118.069870,415.739594,48.851051
1387,13.870000,0.008170,0.011927,-0.002523,0.999892,118.087463,415.740936,48.848396
1388,13.880000,0.008171,0.011917,-0.002543,0.999892,118.112274,415.744934,48.846977
1389,13.890000,0.008170,0.011892,-0.002553,0.999893,118.139175,415.748505,48.844246
1390,13.900000,0.008164,0.011887,-0.002588,0.999893,118.161575,415.749634,48.842911
1391,13.910000,0.008167,0.011692,-0.002439,0.999895,118.177856,415.750641,48.842857
1392,13.920000,0.008158,0.011781,-0.002507,0.999894,118.176483,415.750305,48.842182
1393,13.930000,0.008163,0.011855,-0.002551,0.999893,118.164894,415.749573,48.843384
1394,13.940000,0.008166,0.011901,-0.002572,0.999893,118.145844,415.747131,48.845440
1395,13.950000,0.008170,0.011918,-0.002575,0.999892,118.124359,415.745636,48.847054
1396,13.960000,0.008173,0.011925,-0.002543,0.999892,118.102989,415.744720,48.847923
1397,13.970000,0.008180,0.011921,-0.002498,0.999892,118.084496,415.742798,48.848755
1398,13.980000,0.008177,0.011922,-0.002506,0.999892,118.077240,415.740570,48.848858
1399,13.990000,0.008184,0.011922,-0.002503,0.999892,118.078262,415.740448,48.847908
1400,14.000000,0.008178,0.011927,-0.002540,0.999892,118.086166,415.741272,48.845982
1401,14.010000,0.008180,0.011918,-0.002545,0.999892,118.103333,415.744019,48.844547
1402,14.020000,0.008183,0.011907,-0.002551,0.999892,118.120560,415.746002,48.843948
1403,14.030000,0.008188,0.011823,-0.002506,0.999894,118.139015,415.747406,48.845123
1404,14.040000,0.008181,0.011785,-0.002500,0.999894,118.152451,415.747345,48.846008
1405,14.050000,0.008185,0.011803,-0.002507,0.999894,118.153091,415.749664,48.846931
1406,14.060000,0.008176,0.011824,-0.002527,0.999894,118.149902,415.748444,48.848019
1407,14.070000,0.008166,0.011895,-0.002554,0.999893,118.138603,415.747223,48.846802
1408,14.080000,0.008165,0.011912,-0.002557,0.999892,118.128670,415.744934,48.847279
1409,14.090000,0.008163,0.011938,-0.002554,0.999892,118.118523,415.744507,48.847614
1410,14.100000,0.008165,0.011928,-0.002522,0.999892,118.109840,415.745636,48.847374
1411,14.110000,0.008175,0.011921,-0.002520,0.999892,118.105743,415.746307,48.847553
1412,14.120000,0.008177,0.011905,-0.002524,0.999893,118.109352,415.744690,48.847023
1413,14.130000,0.008182,0.011909,-0.002536,0.999892,118.111641,415.744263,48.845985
1414,14.140000,0.008174,0.011892,-0.002538,0.999893,118.115486,415.743958,48.843651
1415,14.150000,0.008174,0.011882,-0.002537,0.999893,118.118614,415.744110,48.842388
1416,14.160000,0.008171,0.011888,-0.002539,0.999893,118.122330,415.745239,48.842274
1417,14.170000,0.008173,0.011904,-0.002563,0.999892,118.124794,415.745453,48.843204
1418,14.180000,0.008171,0.011909,-0.002564,0.999892,118.122505,415.746307,48.845127
1419,14.190000,0.008177,0.011917,-0.002563,0.999892,118.119972,415.746124,48.847450
1420,14.200000,0.008180,0.011907,-0.002550,0.999892,118.116386,415.744720,48.849472
1421,14.210000,0.008172,0.011948,-0.002568,0.999892,118.115265,415.743927,48.850082
1422,14.220000,0.008175,0.011952,-0.002588,0.999892,118.115906,415.744537,48.849026
1423,14.230000,0.008161,0.011951,-0.002555,0.999892,118.116211,415.745575,48.846088
1424,14.240000,0.008163,0.011908,-0.002568,0.999892,118.124161,415.746674,48.845295
1425,14.250000,0.008165,0.011918,-0.002569,0.999892,118.129868,415.748322,48.843258
1426,14.260000,0.008168,0.011876,-0.002539,0.999893,118.135872,415.746887,48.843124
1427,14.270000,0.008171,0.011896,-0.002558,0.999893,118.134666,415.746521,48.843090
1428,14.280000,0.008179,0.011900,-0.002544,0.999893,118.129944,415.746643,48.844177
1429,14.290000,0.008173,0.011916,-0.002570,0.999892,118.124466,415.745544,48.844906
1430,14.300000,0.008172,0.011896,-0.002562,0.999893,118.118004,415.743835,48.845970
1431,14.310000,0.008177,0.011921,-0.002526,0.999892,118.108704,415.744812,48.846901
1432,14.320000,0.008177,0.011927,-0.002534,0.999892,118.102783,415.744812,48.848038
1433,14.330000,0.008179,0.011941,-0.002546,0.999892,118.099495,415.744141,48.848248
1434,14.340000,0.008177,0.011926,-0.002550,0.999892,118.103394,415.743713,48.848919
1435,14.350000,0.008180,0.011905,-0.002525,0.999892,118.109421,415.744965,48.849251
1436,14.360000,0.008173,0.011889,-0.002558,0.999893,118.120605,415.744141,48.848564
1437,14.370000,0.008182,0.011827,-0.002514,0.999893,118.131897,415.746460,48.847900
1438,14.380000,0.008168,0.011884,-0.002578,0.999893,118.140144,415.747437,48.844769
1439,14.390000,0.008166,0.011894,-0.002564,0.999893,118.145012,415.748596,48.842159
1440,14.400000,0.008165,0.011912,-0.002572,0.999892,118.142159,415.748779,48.841602
1441,14.410000,0.008164,0.011920,-0.002574,0.999892,118.135101,415.747620,48.842518
1442,14.420000,0.008166,0.011894,-0.002558,0.999893,118.126732,415.744141,48.845516
1443,14.430000,0.008178,0.011923,-0.002551,0.999892,118.116516,415.745209,48.847229
1444,14.440000,0.008171,0.011926,-0.002563,0.999892,118.109047,415.743866,48.850693
1445,14.450000,0.008189,0.011941,-0.002557,0.999892,118.100311,415.742523,48.851398
1446,14.460000,0.008179,0.011914,-0.002539,0.999892,118.099731,415.743774,48.851254
1447,14.470000,0.008172,0.011923,-0.002540,0.999892,118.102158,415.744385,48.848675
1448,14.480000,0.008173,0.011923,-0.002562,0.999892,118.109299,415.741150,48.845821
1449,14.490000,0.008169,0.011931,-0.002585,0.999892,118.117195,415.745056,48.844658
1450,14.500000,0.008171,0.011923,-0.002587,0.999892,118.123840,415.749207,48.840843
1451,14.510000,0.008162,0.011917,-0.002595,0.999892,118.130676,415.746094,48.840900
1452,14.520000,0.008167,0.011898,-0.002567,0.999893,118.134247,415.747284,48.842010
1453,14.530000,0.008169,0.011918,-0.002583,0.999892,118.134109,415.746704,48.843983
1454,14.540000,0.008166,0.011910,-0.002545,0.999893,118.127190,415.746277,48.845249
1455,14.550000,0.008172,0.011888,-0.002539,0.999893,118.118332,415.745026,48.847176
1456,14.560000,0.008178,0.011896,-0.002541,0.999893,118.116493,415.744934,48.850338
1457,14.570000,0.008167,0.011915,-0.002548,0.999892,118.115082,415.746826,48.848320
1458,14.580000,0.008160,0.011919,-0.002542,0.999892,118.117065,415.742859,48.852150
1459,14.590000,0.008175,0.011922,-0.002563,0.999892,118.125206,415.744934,48.848595
1460,14.600000,0.008165,0.011914,-0.002558,0.999892,118.127159,415.748596,48.850449
1461,14.610000,0.008174,0.011909,-0.002601,0.999892,118.129089,415.742767,48.842228
1462,14.620000,0.008174,0.011892,-0.002592,0.999893,118.126373,415.744629,48.845646
1463,14.630000,0.008178,0.011901,-0.002590,0.999892,118.121506,415.747925,48.840622
1464,14.640000,0.008170,0.011900,-0.002567,0.999893,118.118469,415.743469,48.842937
1465,14.650000,0.008161,0.011924,-0.002544,0.999892,118.112648,415.745056,48.841816
1466,14.660000,0.008171,0.011931,-0.002549,0.999892,118.109131,415.745026,48.845741
1467,14.670000,0.008165,0.011900,-0.002513,0.999893,118.098190,415.741364,48.844292
1468,14.680000,0.008162,0.011914,-0.002543,0.999892,118.092323,415.741608,48.847408
1469,14.690000,0.008190,0.011934,-0.002531,0.999892,118.101486,415.745422,48.848820
1470,14.700000,0.008172,0.011939,-0.002520,0.999892,118.114380,415.748352,48.850899
1471,14.710000,0.008165,0.011907,-0.002538,0.999893,118.130188,415.743622,48.850498
1472,14.720000,0.008167,0.011909,-0.002587,0.999892,118.147400,415.748016,48.849094
1473,14.730000,0.008166,0.011869,-0.002531,0.999893,118.151009,415.752655,48.847103
1474,14.740000,0.008166,0.011881,-0.002617,0.999893,118.154083,415.745636,48.843170
1475,14.750000,0.008178,0.011821,-0.002548,0.999894,118.145561,415.748566,48.845417
1476,14.760000,0.008164,0.011923,-0.002581,0.999892,118.132446,415.749878,48.841862
1477,14.770000,0.008163,0.011913,-0.002578,0.999892,118.121353,415.741760,48.845490
1478,14.780000,0.008169,0.011919,-0.002533,0.999892,118.103905,415.743683,48.846149
1479,14.790000,0.008176,0.011932,-0.002552,0.999892,118.094345,415.743805,48.847450
1480,14.800000,0.008174,0.011919,-0.002521,0.999892,118.082649,415.740417,48.847542
1481,14.810000,0.008169,0.011924,-0.002525,0.999892,118.081825,415.741577,48.847645
1482,14.820000,0.008187,0.011909,-0.002524,0.999892,118.093742,415.743866,48.848957
1483,14.830000,0.008177,0.011895,-0.002525,0.999893,118.106522,415.745728,48.848534
1484,14.840000,0.008168,0.011903,-0.002595,0.999892,118.127998,415.744598,48.847214
1485,14.850000,0.008172,0.011898,-0.002595,0.999892,118.140060,415.746735,48.846592
1486,14.860000,0.008167,0.011895,-0.002588,0.999893,118.149902,415.749207,48.844749
1487,14.870000,0.008168,0.011812,-0.002562,0.999894,118.156860,415.745728,48.844582
1488,14.880000,0.008170,0.011835,-0.002550,0.999893,118.150192,415.748566,48.844307
1489,14.890000,0.008162,0.011917,-0.002598,0.999892,118.138496,415.748352,48.845669
1490,14.900000,0.008166,0.011951,-0.002607,0.999892,118.122787,415.746521,48.846195
1491,14.910000,0.008172,0.011935,-0.002560,0.999892,118.110855,415.748627,48.846344
1492,14.920000,0.008174,0.011934,-0.002556,0.999892,118.103218,415.744049,48.848621
1493,14.930000,0.008168,0.011936,-0.002551,0.999892,118.097450,415.741241,48.849129
1494,14.940000,0.008170,0.011885,-0.002524,0.999893,118.099716,415.740906,48.848171
1495,14.950000,0.008176,0.011886,-0.002522,0.999893,118.101631,415.741760,48.845814
1496,14.960000,0.008176,0.011920,-0.002579,0.999892,118.108047,415.744415,48.845711
1497,14.970000,0.008178,0.011925,-0.002582,0.999892,118.113701,415.745056,48.844254
1498,14.980000,0.008176,0.011909,-0.002580,0.999892,118.121124,415.747009,48.843094
1499,14.990000,0.008155,0.011938,-0.002608,0.999892,118.123489,415.745026,48.842598
1500,15.000000,0.008160,0.011930,-0.002623,0.999892,118.126076,415.742737,48.845673
