Format Version,1.24,Take Name,Push_270_deg_005,Take Notes,,Capture Frame Rate,100.000000,Export Frame Rate,100.000000,Capture Start Time,2025-02-02 02.15.26.920 午後,Capture Start Frame,964258,Total Frames in Take,1501,Total Exported Frames,1501,Rotation Type,Quaternion,Length Units,Millimeters,Coordinate Space,Local

,Type,Rigid Body,Rigid Body,Rigid Body,Rigid Body,Rigid Body,Rigid Body,Rigid Body
,Name,Rigid Body 002,Rigid Body 002,Rigid Body 002,Rigid Body 002,Rigid Body 002,Rigid Body 002,Rigid Body 002
,ID,7081C4A4E11211EF3C28FEC2583C42A9,7081C4A4E11211EF3C28FEC2583C42A9,7081C4A4E11211EF3C28FEC2583C42A9,7081C4A4E11211EF3C28FEC2583C42A9,7081C4A4E11211EF3C28FEC2583C42A9,7081C4A4E11211EF3C28FEC2583C42A9,7081C4A4E11211EF3C28FEC2583C42A9
,,Rotation,Rotation,Rotation,Rotation,Position,Position,Position
Frame,Time (Seconds),X,Y,Z,W,X,Y,Z
0,0.000000,0.011676,0.005107,-0.016632,0.999780,116.439934,415.781738,100.617584
1,0.010000,0.011671,0.005170,-0.016731,0.999779,116.448616,415.783569,100.619156
2,0.020000,0.011669,0.005189,-0.016791,0.999777,116.457207,415.783875,100.618523
3,0.030000,0.011634,0.005786,-0.017384,0.999765,116.485664,415.785950,100.621284
4,0.040000,0.011670,0.005200,-0.016898,0.999776,116.474495,415.788422,100.615044
5,0.050000,,,,,,,
6,0.060000,0.011694,0.005071,-0.016965,0.999775,116.484207,415.798889,100.609375
7,0.070000,0.011653,0.005129,-0.017223,0.999771,116.497459,415.796478,100.604034
8,0.080000,0.011735,0.005104,-0.017080,0.999772,116.486374,415.800262,100.609375
9,0.090000,0.011751,0.005090,-0.017105,0.999772,116.482918,415.801575,100.610260
10,0.100000,0.011746,0.005139,-0.017169,0.999770,116.476723,415.802765,100.609734
11,0.110000,0.011738,0.005056,-0.017041,0.999773,116.466934,415.800110,100.608253
12,0.120000,0.011746,0.005105,-0.017123,0.999771,116.466484,415.798248,100.610695
13,0.130000,0.011737,0.005111,-0.017085,0.999772,116.469719,415.797302,100.612198
14,0.140000,0.011736,0.005119,-0.017123,0.999771,116.472702,415.797516,100.611343
15,0.150000,0.011733,0.005128,-0.017132,0.999771,116.478844,415.800110,100.610352
16,0.160000,0.011689,0.005122,-0.017279,0.999769,116.494446,415.799072,100.606880
17,0.170000,0.011728,0.005133,-0.017108,0.999772,116.490234,415.801422,100.610451
18,0.180000,0.011643,0.005744,-0.017843,0.999757,116.523590,415.800354,100.610329
19,0.190000,0.011674,0.005098,-0.017185,0.999771,116.506584,415.799286,100.609116
20,0.200000,0.011673,0.005749,-0.017642,0.999760,116.513443,415.799103,100.615616
21,0.210000,0.011645,0.005124,-0.017159,0.999772,116.499405,415.792755,100.602852
22,0.220000,0.011597,0.005563,-0.017586,0.999763,116.507050,415.790802,100.599243
23,0.230000,0.011627,0.005130,-0.017183,0.999772,116.491638,415.793854,100.595001
24,0.240000,0.011583,0.005699,-0.017702,0.999760,116.506233,415.795013,100.598969
25,0.250000,0.011655,0.005161,-0.017130,0.999772,116.489151,415.789825,100.604263
26,0.260000,0.011698,0.005713,-0.017480,0.999762,116.493088,415.784119,100.621620
27,0.270000,0.011728,0.005835,-0.017510,0.999761,116.488914,415.775391,100.635262
28,0.280000,0.011660,0.005805,-0.017584,0.999761,116.495926,415.774658,100.631783
29,0.290000,0.011685,0.005279,-0.016954,0.999774,116.467384,415.783112,100.624634
30,0.300000,0.011674,0.005795,-0.017432,0.999763,116.479233,415.788025,100.626495
31,0.310000,0.011682,0.005277,-0.016888,0.999775,116.461136,415.782196,100.618469
32,0.320000,0.011647,0.005173,-0.016886,0.999776,116.462868,415.775665,100.610733
33,0.330000,0.011646,0.005810,-0.017382,0.999764,116.473053,415.780182,100.616203
34,0.340000,0.011664,0.005836,-0.017486,0.999762,116.478813,415.783813,100.623146
35,0.350000,0.011778,0.005877,-0.017624,0.999758,116.500648,415.787994,100.640823
36,0.360000,0.010503,0.008117,-0.016380,0.999778,116.810486,415.922241,100.729774
37,0.370000,0.011996,0.005890,-0.017743,0.999753,116.581970,415.792328,100.673058
38,0.380000,,,,,,,
39,0.390000,0.012421,0.005542,-0.017951,0.999746,116.606850,415.755066,100.702766
40,0.400000,0.012391,0.005707,-0.017928,0.999746,116.653038,415.762848,100.730057
41,0.410000,0.012281,0.005857,-0.017861,0.999748,116.683815,415.778351,100.741615
42,0.420000,0.012283,0.005828,-0.017810,0.999749,116.670509,415.779419,100.742134
43,0.430000,0.012266,0.005837,-0.017717,0.999751,116.636734,415.773102,100.735291
44,0.440000,0.012238,0.005900,-0.017646,0.999752,116.587532,415.760956,100.725693
45,0.450000,,,,,,,
46,0.460000,0.012123,0.005967,-0.017650,0.999753,116.499039,415.751038,100.679466
47,0.470000,0.012064,0.005936,-0.017621,0.999754,116.470398,415.752594,100.660881
48,0.480000,,,,,,,
49,0.490000,0.012010,0.005649,-0.017230,0.999764,116.420914,415.736542,100.636200
50,0.500000,0.012006,0.005477,-0.017061,0.999767,116.417953,415.734467,100.625221
51,0.510000,0.012022,0.005294,-0.016724,0.999774,116.420464,415.732239,100.613770
52,0.520000,0.011998,0.005407,-0.016778,0.999773,116.418198,415.731903,100.609428
53,0.530000,0.011994,0.005393,-0.016768,0.999773,116.411430,415.732971,100.607155
54,0.540000,0.011957,0.005499,-0.016996,0.999769,116.391319,415.728973,100.604912
55,0.550000,0.011937,0.005473,-0.016938,0.999770,116.363785,415.717682,100.598541
56,0.560000,,,,,,,
57,0.570000,0.011886,0.005483,-0.016866,0.999772,116.313492,415.709351,100.581108
58,0.580000,0.011865,0.005490,-0.016886,0.999772,116.288391,415.712616,100.569633
59,0.590000,,,,,,,
60,0.600000,0.011862,0.005731,-0.017169,0.999766,116.237686,415.710968,100.559517
61,0.610000,0.011880,0.005756,-0.017240,0.999764,116.229408,415.709900,100.561317
62,0.620000,0.011934,0.005590,-0.017230,0.999765,116.235352,415.714783,100.567024
63,0.630000,,,,,,,
64,0.640000,0.012042,0.005502,-0.017279,0.999763,116.271355,415.723022,100.596184
65,0.650000,0.012079,0.005474,-0.017271,0.999763,116.289131,415.722504,100.608170
66,0.660000,0.012084,0.005427,-0.017254,0.999763,116.300522,415.723541,100.610031
67,0.670000,0.012052,0.005432,-0.017250,0.999764,116.306725,415.729431,100.603127
68,0.680000,0.011989,0.005444,-0.017259,0.999764,116.312965,415.738678,100.588005
69,0.690000,,,,,,,
70,0.700000,0.012902,-0.003776,-0.008277,0.999875,116.041756,415.656067,100.478241
71,0.710000,0.011659,0.004805,-0.016420,0.999786,116.289757,415.754669,100.490356
72,0.720000,0.011545,0.005062,-0.016774,0.999780,116.282722,415.770538,100.468582
73,0.730000,0.010087,0.007013,-0.015066,0.999811,116.549225,415.916138,100.524338
74,0.740000,0.009952,0.007202,-0.014983,0.999812,116.568672,415.931915,100.525764
75,0.750000,0.009975,0.007228,-0.015019,0.999811,116.565353,415.924530,100.527885
76,0.760000,0.010096,0.007081,-0.015096,0.999810,116.537537,415.903015,100.527962
77,0.770000,0.011536,0.005131,-0.016869,0.999778,116.248291,415.752502,100.463242
78,0.780000,0.011656,0.004984,-0.017032,0.999775,116.214279,415.738159,100.464645
79,0.790000,0.010095,0.007226,-0.015302,0.999806,116.499725,415.887634,100.547585
80,0.800000,,,,,,,
81,0.810000,0.009864,0.007510,-0.014950,0.999811,116.514984,415.906189,100.555634
82,0.820000,,,,,,,
83,0.830000,0.010194,0.007188,-0.015069,0.999809,116.446800,415.883057,100.549377
84,0.840000,0.011669,0.005204,-0.016922,0.999775,116.176270,415.746155,100.481384
85,0.850000,,,,,,,
86,0.860000,0.011980,0.004830,-0.017226,0.999768,116.150116,415.723175,100.482445
87,0.870000,,,,,,,
88,0.880000,0.012017,0.004771,-0.017246,0.999768,116.150177,415.721710,100.482658
89,0.890000,0.011910,0.004919,-0.017113,0.999771,116.161240,415.732941,100.484169
90,0.900000,0.011857,0.005060,-0.017069,0.999771,116.162209,415.744385,100.485855
91,0.910000,0.011888,0.005054,-0.017073,0.999771,116.134972,415.739655,100.484535
92,0.920000,0.010522,0.007017,-0.015342,0.999802,116.375389,415.872284,100.558937
93,0.930000,0.010439,0.007145,-0.015256,0.999804,116.359779,415.887238,100.568893
94,0.940000,0.010468,0.007100,-0.015347,0.999802,116.317360,415.896545,100.571304
95,0.950000,0.010682,0.006867,-0.015836,0.999794,116.232796,415.897827,100.562279
96,0.960000,0.012059,0.004891,-0.017470,0.999763,115.927536,415.775513,100.487701
97,0.970000,0.012203,0.004651,-0.017430,0.999763,115.838371,415.744385,100.480888
98,0.980000,0.013391,-0.004478,-0.008569,0.999864,115.473213,415.602722,100.431488
99,0.990000,0.013453,-0.005589,-0.007060,0.999869,115.362663,415.569702,100.433563
100,1.000000,0.013431,-0.005595,-0.007106,0.999869,115.274467,415.578979,100.430626
101,1.010000,0.013407,-0.005798,-0.007003,0.999869,115.180328,415.604431,100.437668
102,1.020000,0.013355,-0.005767,-0.007033,0.999870,115.095428,415.613190,100.434639
103,1.030000,0.012330,0.002996,-0.015178,0.999804,115.226395,415.695099,100.489304
104,1.040000,0.012171,0.004401,-0.016395,0.999782,115.133797,415.675537,100.498116
105,1.050000,0.012190,0.004431,-0.016304,0.999783,115.017082,415.654175,100.507156
106,1.060000,0.012132,0.004520,-0.016728,0.999776,114.896408,415.650818,100.517029
107,1.070000,0.012131,0.004819,-0.017029,0.999770,114.802879,415.676331,100.521492
108,1.080000,0.012091,0.004765,-0.017073,0.999770,114.686310,415.688995,100.515038
109,1.090000,0.012055,0.005119,-0.017318,0.999764,114.567726,415.689453,100.501320
110,1.100000,0.010405,0.007667,-0.014917,0.999805,114.640350,415.818359,100.520950
111,1.110000,0.010297,0.007362,-0.014042,0.999821,114.497841,415.817261,100.496735
112,1.120000,0.010411,0.007001,-0.013769,0.999827,114.322617,415.809265,100.486511
113,1.130000,0.012806,-0.003575,-0.006957,0.999887,113.688599,415.600403,100.377892
114,1.140000,0.013209,-0.005148,-0.006194,0.999880,113.472984,415.571228,100.376030
115,1.150000,0.013204,-0.005076,-0.006630,0.999878,113.290260,415.563416,100.387016
116,1.160000,0.012109,0.003599,-0.014951,0.999808,113.343719,415.643555,100.437859
117,1.170000,0.011977,0.004942,-0.016147,0.999786,113.172218,415.644836,100.440796
118,1.180000,0.011928,0.005349,-0.016369,0.999781,112.966545,415.649750,100.436333
119,1.190000,0.010501,0.007036,-0.014506,0.999815,113.027756,415.788635,100.508736
120,1.200000,0.011688,0.005183,-0.015560,0.999797,112.572372,415.691528,100.446350
121,1.210000,0.010709,0.006517,-0.014338,0.999819,112.517952,415.786560,100.507523
122,1.220000,0.012932,-0.003655,-0.007388,0.999882,111.802475,415.576813,100.416977
123,1.230000,0.013250,-0.004920,-0.006747,0.999877,111.464104,415.526123,100.407196
124,1.240000,0.012278,0.003437,-0.014882,0.999808,111.418953,415.608765,100.458443
125,1.250000,0.010693,0.006695,-0.014708,0.999812,111.443344,415.754333,100.522781
126,1.260000,0.010589,0.007245,-0.014650,0.999810,111.176506,415.778748,100.527527
127,1.270000,0.012094,0.004975,-0.015996,0.999787,110.558731,415.645386,100.441696
128,1.280000,0.013091,-0.003957,-0.006851,0.999883,109.938934,415.500214,100.397209
129,1.290000,0.011968,0.004565,-0.014395,0.999814,109.877747,415.580383,100.461670
130,1.300000,0.010353,0.007883,-0.014167,0.999815,109.867058,415.713623,100.543770
131,1.310000,0.010385,0.008350,-0.014960,0.999799,109.578835,415.702789,100.545258
132,1.320000,0.011947,0.005229,-0.015477,0.999795,108.973068,415.562195,100.484497
133,1.330000,0.013212,-0.004064,-0.006908,0.999881,108.408470,415.461182,100.431656
134,1.340000,0.013133,-0.004905,-0.005748,0.999885,108.100105,415.454956,100.411118
135,1.350000,0.010858,0.005514,-0.012348,0.999850,108.278168,415.657532,100.510620
136,1.360000,0.010512,0.007424,-0.013392,0.999828,108.013809,415.692535,100.540108
137,1.370000,0.010512,0.007641,-0.013920,0.999819,107.710449,415.678802,100.527931
138,1.380000,0.011831,0.005311,-0.015239,0.999800,107.165863,415.546326,100.446869
139,1.390000,0.013097,-0.003523,-0.007174,0.999882,106.600510,415.444519,100.390945
140,1.400000,0.013133,-0.004859,-0.005739,0.999886,106.317879,415.436096,100.383621
141,1.410000,0.010786,0.005675,-0.012339,0.999850,106.517952,415.643372,100.487816
142,1.420000,0.009542,0.002730,-0.002826,0.999947,106.519508,415.751221,100.565086
143,1.430000,0.011451,0.004529,-0.013029,0.999839,105.868881,415.570343,100.441986
144,1.440000,0.011877,0.005191,-0.014949,0.999804,105.530319,415.541138,100.429802
145,1.450000,0.012918,-0.003342,-0.006873,0.999887,105.052956,415.448242,100.376183
146,1.460000,0.013019,-0.004899,-0.005670,0.999887,104.773750,415.437927,100.378868
147,1.470000,0.010877,0.005402,-0.011986,0.999854,104.966774,415.629700,100.491890
148,1.480000,0.010592,0.007132,-0.013313,0.999830,104.753967,415.651306,100.491936
149,1.490000,0.011836,0.005523,-0.015489,0.999795,104.248245,415.540466,100.413551
150,1.500000,0.011904,0.005285,-0.015391,0.999797,103.978996,415.534943,100.406998
151,1.510000,0.011909,0.004930,-0.014930,0.999806,103.704330,415.535522,100.395691
152,1.520000,0.010774,0.006523,-0.013173,0.999834,103.649879,415.638519,100.452049
153,1.530000,0.010756,-0.005922,0.004777,0.999913,103.377312,415.660675,100.462929
154,1.540000,0.010516,0.005562,-0.011086,0.999868,103.182869,415.661316,100.473526
155,1.550000,0.011669,0.004937,-0.014956,0.999808,102.644279,415.534241,100.399544
156,1.560000,0.011988,0.002652,-0.013171,0.999838,102.254028,415.514465,100.424652
157,1.570000,0.011997,0.001796,-0.012091,0.999853,101.965752,415.514679,100.428093
158,1.580000,0.009939,-0.000683,-0.000332,0.999950,102.120560,415.702484,100.529091
159,1.590000,0.010549,0.004221,-0.010337,0.999882,101.673096,415.628265,100.467201
160,1.600000,0.010544,0.004051,-0.010188,0.999884,101.354828,415.642822,100.462555
161,1.610000,0.011665,0.002371,-0.011752,0.999860,100.858200,415.528320,100.392578
162,1.620000,0.011816,0.001789,-0.011407,0.999864,100.568459,415.513153,100.380890
163,1.630000,0.009849,-0.000427,-0.001006,0.999951,100.729057,415.696320,100.492188
164,1.640000,0.009671,-0.000982,0.000862,0.999952,100.505051,415.719421,100.502632
165,1.650000,0.010450,0.002940,-0.008451,0.999905,100.052849,415.638977,100.444313
166,1.660000,0.010446,0.003801,-0.010086,0.999887,99.799896,415.627289,100.435532
167,1.670000,0.011641,0.002072,-0.011854,0.999860,99.358925,415.516022,100.358864
168,1.680000,0.011717,0.002272,-0.012296,0.999853,99.164352,415.512573,100.349281
169,1.690000,0.011821,0.002137,-0.012055,0.999855,98.949242,415.511353,100.353645
170,1.700000,0.009853,-0.000706,-0.000223,0.999951,99.164421,415.697906,100.466522
171,1.710000,0.009602,-0.001228,0.001296,0.999952,99.044128,415.716370,100.474358
172,1.720000,0.010537,0.002489,-0.007878,0.999910,98.672523,415.641052,100.426811
173,1.730000,0.010664,0.002524,-0.009038,0.999899,98.464211,415.632996,100.417854
174,1.740000,0.010694,0.002908,-0.009381,0.999895,98.295937,415.639465,100.420601
175,1.750000,0.010849,0.002937,-0.009374,0.999893,98.095589,415.633820,100.422005
176,1.760000,0.012066,0.000984,-0.011049,0.999866,97.680214,415.514069,100.372765
177,1.770000,0.012226,0.000507,-0.010788,0.999867,97.477592,415.502075,100.392883
178,1.780000,0.011194,-0.003302,-0.001455,0.999931,97.531189,415.604309,100.468346
179,1.790000,0.010303,-0.001885,0.000708,0.999945,97.565018,415.685608,100.564339
180,1.800000,0.010149,-0.002527,0.000667,0.999945,97.339325,415.665710,100.623642
181,1.810000,0.011041,0.002121,-0.010429,0.999882,96.946419,415.570068,100.584160
182,1.820000,0.011118,0.002058,-0.010615,0.999880,96.781349,415.567139,100.571709
183,1.830000,0.011109,0.001875,-0.010459,0.999882,96.622063,415.570190,100.566612
184,1.840000,0.011095,0.001397,-0.010090,0.999887,96.451302,415.578949,100.555832
185,1.850000,0.011085,0.000444,-0.009693,0.999892,96.269249,415.565399,100.563759
186,1.860000,0.010229,-0.003812,0.000367,0.999940,96.291779,415.658417,100.605759
187,1.870000,0.010083,-0.004453,0.001710,0.999938,96.153870,415.665161,100.604874
188,1.880000,0.010092,-0.004717,0.002276,0.999935,95.982613,415.659943,100.608047
189,1.890000,0.010889,0.000499,-0.008879,0.999901,95.608200,415.566223,100.560585
190,1.900000,0.011017,0.000737,-0.008923,0.999899,95.450905,415.565521,100.561996
191,1.910000,0.011081,0.000841,-0.009378,0.999894,95.287682,415.564667,100.557076
192,1.920000,0.011141,0.001134,-0.009530,0.999892,95.124153,415.564117,100.565453
193,1.930000,0.011170,0.000975,-0.009521,0.999892,94.976593,415.556458,100.561188
194,1.940000,0.011113,0.001130,-0.009777,0.999890,94.845764,415.553772,100.561806
195,1.950000,0.011120,0.000689,-0.009352,0.999894,94.708984,415.551758,100.557785
196,1.960000,0.011051,0.000921,-0.009751,0.999891,94.565262,415.545868,100.557243
197,1.970000,0.011142,0.000585,-0.009222,0.999895,94.413918,415.546783,100.565781
198,1.980000,0.011149,0.000532,-0.009189,0.999896,94.289062,415.542847,100.568443
199,1.990000,0.010933,0.000866,-0.009246,0.999897,94.178513,415.552063,100.567490
200,2.000000,0.010931,0.001128,-0.009318,0.999896,94.027153,415.556000,100.567451
201,2.010000,0.010997,0.001071,-0.009335,0.999895,93.900620,415.551270,100.550575
202,2.020000,0.011077,0.001189,-0.009475,0.999893,93.774223,415.549866,100.545029
203,2.030000,0.011145,0.001076,-0.009254,0.999894,93.645851,415.558777,100.549507
204,2.040000,0.011137,0.001314,-0.009696,0.999890,93.529678,415.560974,100.560638
205,2.050000,0.011206,0.000891,-0.009152,0.999895,93.400978,415.562622,100.564651
206,2.060000,0.011210,0.000747,-0.009050,0.999896,93.283226,415.557343,100.562607
207,2.070000,0.010342,-0.003396,0.000588,0.999941,93.347115,415.634796,100.594360
208,2.080000,0.010243,-0.004123,0.001906,0.999937,93.237030,415.639252,100.575073
209,2.090000,0.010199,-0.004163,0.002333,0.999937,93.093277,415.646606,100.566986
210,2.100000,0.010210,-0.004006,0.002347,0.999937,92.954300,415.651184,100.565277
211,2.110000,0.011054,0.000871,-0.008482,0.999903,92.588074,415.569702,100.520889
212,2.120000,0.011094,0.000883,-0.008933,0.999898,92.412468,415.564941,100.540199
213,2.130000,0.011199,0.000830,-0.008930,0.999897,92.224037,415.558014,100.563354
214,2.140000,0.011265,0.001095,-0.009297,0.999893,92.039062,415.545013,100.565987
215,2.150000,0.011258,0.001546,-0.009379,0.999892,91.842323,415.525421,100.569481
216,2.160000,0.011237,0.001720,-0.009461,0.999891,91.664818,415.518463,100.558388
217,2.170000,0.011190,0.001364,-0.009103,0.999895,91.489708,415.521606,100.539261
218,2.180000,0.010389,-0.002895,0.000180,0.999942,91.503654,415.601074,100.563026
219,2.190000,0.010228,-0.003742,0.001502,0.999940,91.337013,415.634064,100.555099
220,2.200000,0.011003,0.000828,-0.008677,0.999901,90.961975,415.559937,100.501038
221,2.210000,0.010942,0.001192,-0.009252,0.999897,90.819748,415.557678,100.508553
222,2.220000,0.011036,0.001276,-0.009225,0.999896,90.659859,415.548462,100.516914
223,2.230000,0.011071,0.000978,-0.008966,0.999898,90.531876,415.543182,100.510017
224,2.240000,0.011053,0.001204,-0.009086,0.999897,90.410576,415.544586,100.496635
225,2.250000,0.010992,0.001216,-0.009054,0.999898,90.307480,415.546448,100.478485
226,2.260000,0.010144,-0.003077,0.000409,0.999944,90.386299,415.626587,100.497864
227,2.270000,0.009999,-0.003583,0.001673,0.999942,90.306549,415.635864,100.477676
228,2.280000,0.009943,-0.003673,0.001840,0.999942,90.221848,415.638763,100.464699
229,2.290000,0.009930,-0.003584,0.001655,0.999943,90.149971,415.639526,100.462257
230,2.300000,0.010034,-0.003119,0.001494,0.999944,90.061432,415.647308,100.472839
231,2.310000,0.010052,-0.003487,0.001828,0.999942,89.981293,415.650055,100.466164
232,2.320000,0.010792,0.000799,-0.007921,0.999910,89.714645,415.573059,100.419128
233,2.330000,0.010811,0.001102,-0.008665,0.999903,89.601089,415.568909,100.418671
234,2.340000,0.010820,0.001033,-0.008605,0.999904,89.525070,415.555206,100.416634
235,2.350000,0.010764,0.001086,-0.008761,0.999903,89.448685,415.547913,100.416298
236,2.360000,0.010735,0.001225,-0.008970,0.999901,89.379616,415.546448,100.419113
237,2.370000,0.010849,0.001286,-0.008913,0.999901,89.293205,415.556854,100.441521
238,2.380000,0.010794,0.001398,-0.009051,0.999900,89.215263,415.556610,100.447639
239,2.390000,0.010841,0.001457,-0.009303,0.999897,89.127655,415.554657,100.444283
240,2.400000,0.010852,0.001459,-0.009285,0.999897,89.044731,415.552429,100.440849
241,2.410000,0.010884,0.001851,-0.009811,0.999891,88.943947,415.548340,100.437210
242,2.420000,0.010900,0.001791,-0.009480,0.999894,88.832054,415.544098,100.435249
243,2.430000,0.010080,-0.003036,0.000821,0.999944,88.918938,415.622192,100.476822
244,2.440000,0.010955,0.000967,-0.008526,0.999903,88.617294,415.528381,100.428406
245,2.450000,0.010956,0.001175,-0.008749,0.999901,88.503120,415.517914,100.426819
246,2.460000,0.010880,0.000934,-0.008482,0.999904,88.382507,415.520630,100.428841
247,2.470000,0.010963,0.000912,-0.008279,0.999905,88.236542,415.526489,100.433891
248,2.480000,0.010194,-0.003194,0.000667,0.999943,88.275070,415.599884,100.472527
249,2.490000,0.010860,0.000549,-0.007837,0.999910,88.064903,415.546021,100.424820
250,2.500000,0.010759,0.000755,-0.008581,0.999905,87.861450,415.568237,100.421616
251,2.510000,0.010748,0.000867,-0.008530,0.999906,87.727913,415.559753,100.412231
252,2.520000,0.010757,0.000963,-0.008714,0.999904,87.628769,415.536163,100.409988
253,2.530000,0.010817,0.000993,-0.008726,0.999903,87.502502,415.530762,100.415344
254,2.540000,0.010803,0.001211,-0.009071,0.999900,87.404121,415.536591,100.407150
255,2.550000,0.010860,0.001050,-0.008957,0.999900,87.277306,415.545044,100.395363
256,2.560000,0.010134,-0.003041,0.000398,0.999944,87.346260,415.639923,100.436218
257,2.570000,0.010074,-0.003274,0.001654,0.999943,87.243027,415.656952,100.451576
258,2.580000,0.010057,-0.003155,0.001508,0.999943,87.135506,415.646240,100.455345
259,2.590000,0.010086,-0.003542,0.001470,0.999942,87.038658,415.636963,100.463837
260,2.600000,0.010093,-0.003634,0.001423,0.999941,86.966957,415.653412,100.475601
261,2.610000,0.010904,0.000781,-0.008072,0.999908,86.720108,415.584076,100.448402
262,2.620000,0.011061,0.001560,-0.009629,0.999891,86.617142,415.556610,100.457390
263,2.630000,0.011112,0.001625,-0.009654,0.999890,86.576004,415.534973,100.472603
264,2.640000,0.011040,0.001854,-0.009654,0.999891,86.519516,415.524963,100.463303
265,2.650000,0.011062,0.001804,-0.009650,0.999891,86.499588,415.518219,100.453789
266,2.660000,0.011007,0.001688,-0.009449,0.999893,86.486061,415.529266,100.437782
267,2.670000,0.010952,0.001917,-0.009615,0.999892,86.490753,415.534851,100.426208
268,2.680000,0.010929,0.001710,-0.009370,0.999895,86.486809,415.526550,100.416817
269,2.690000,0.010896,0.001844,-0.009442,0.999894,86.503540,415.521423,100.423508
270,2.700000,0.010917,0.001867,-0.009478,0.999894,86.523331,415.521545,100.436630
271,2.710000,0.010961,0.001976,-0.009789,0.999890,86.527565,415.525848,100.444359
272,2.720000,0.011053,0.001902,-0.009836,0.999889,86.537880,415.524658,100.460945
273,2.730000,0.011083,0.001871,-0.009731,0.999889,86.519669,415.517853,100.462502
274,2.740000,0.011078,0.001868,-0.009650,0.999890,86.506042,415.506409,100.455826
275,2.750000,0.011040,0.001797,-0.009391,0.999893,86.486832,415.501251,100.443604
276,2.760000,0.011010,0.001830,-0.009395,0.999894,86.473419,415.500031,100.433960
277,2.770000,0.010273,-0.002121,-0.000571,0.999945,86.628777,415.574585,100.467751
278,2.780000,0.010959,0.001684,-0.009175,0.999896,86.431313,415.511200,100.415298
279,2.790000,0.010969,0.001923,-0.009515,0.999893,86.401947,415.507874,100.412804
280,2.800000,0.010976,0.001942,-0.009598,0.999892,86.372688,415.510956,100.414505
281,2.810000,0.011031,0.001889,-0.009754,0.999890,86.329330,415.514374,100.412544
282,2.820000,0.011021,0.001878,-0.009814,0.999889,86.282166,415.519684,100.411247
283,2.830000,0.011010,0.001600,-0.009254,0.999895,86.228004,415.523041,100.420578
284,2.840000,0.011030,0.001537,-0.009225,0.999895,86.159676,415.511871,100.416428
285,2.850000,0.011026,0.001573,-0.009277,0.999895,86.099274,415.500580,100.411018
286,2.860000,0.011038,0.001623,-0.009122,0.999896,86.026688,415.516815,100.413445
287,2.870000,0.011026,0.001542,-0.009063,0.999897,85.960716,415.516815,100.409843
288,2.880000,0.011043,0.001223,-0.008732,0.999900,85.876663,415.500488,100.397003
289,2.890000,0.011053,0.001315,-0.008696,0.999900,85.788536,415.477325,100.399292
290,2.900000,0.011033,0.001345,-0.008760,0.999900,85.712029,415.471802,100.410904
291,2.910000,0.011088,0.001278,-0.008663,0.999900,85.616081,415.482330,100.429085
292,2.920000,0.011022,0.001255,-0.008969,0.999898,85.526543,415.491821,100.450455
293,2.930000,0.011049,0.001256,-0.009019,0.999897,85.440002,415.489777,100.462173
294,2.940000,0.011117,0.001538,-0.009245,0.999894,85.354240,415.475281,100.468185
295,2.950000,0.010435,-0.002387,-0.000415,0.999943,85.447495,415.534393,100.516609
296,2.960000,0.010350,-0.003131,0.001034,0.999941,85.395760,415.544189,100.527817
297,2.970000,0.011114,0.001029,-0.007781,0.999907,85.147827,415.471893,100.489082
298,2.980000,0.010400,-0.002909,0.000994,0.999941,85.263321,415.529663,100.524429
299,2.990000,0.010372,-0.003590,0.002256,0.999937,85.224648,415.536407,100.526237
300,3.000000,0.010372,-0.003614,0.002288,0.999937,85.185715,415.538696,100.525291
301,3.010000,0.010423,-0.003253,0.001475,0.999939,85.136139,415.533295,100.517746
302,3.020000,0.011248,0.001461,-0.008957,0.999896,84.903656,415.449371,100.462265
303,3.030000,0.010413,-0.003070,0.001242,0.999940,85.079987,415.531006,100.507912
304,3.040000,0.010319,-0.003592,0.002170,0.999938,85.071014,415.545807,100.510368
305,3.050000,0.010309,-0.003606,0.002122,0.999938,85.045464,415.554199,100.502823
306,3.060000,0.010360,-0.003239,0.001276,0.999940,85.013908,415.556091,100.490913
307,3.070000,0.010377,-0.003500,0.001476,0.999939,84.994179,415.560211,100.480110
308,3.080000,0.010368,-0.003530,0.001491,0.999939,84.983650,415.563690,100.474045
309,3.090000,0.010353,-0.003565,0.001522,0.999939,84.972931,415.566040,100.467003
310,3.100000,0.010355,-0.003583,0.001575,0.999939,84.964882,415.566254,100.467804
311,3.110000,0.010372,-0.003567,0.001546,0.999939,84.956200,415.563812,100.474014
312,3.120000,0.010376,-0.003587,0.001523,0.999939,84.945518,415.563446,100.479271
313,3.130000,0.011159,0.000503,-0.007744,0.999908,84.747902,415.486023,100.435684
314,3.140000,0.011256,0.001077,-0.008859,0.999897,84.721451,415.475372,100.439522
315,3.150000,0.011343,0.001327,-0.009246,0.999892,84.694313,415.469452,100.451553
316,3.160000,0.011395,0.001317,-0.009298,0.999891,84.684509,415.470520,100.466293
317,3.170000,0.011402,0.001252,-0.009280,0.999891,84.663300,415.473145,100.477028
318,3.180000,0.011392,0.001092,-0.009065,0.999893,84.648415,415.474487,100.481308
319,3.190000,0.011394,0.001086,-0.009061,0.999894,84.626419,415.475952,100.482437
320,3.200000,0.011393,0.001144,-0.009144,0.999893,84.603065,415.475739,100.478653
321,3.210000,0.011375,0.001107,-0.009176,0.999893,84.578835,415.481110,100.470505
322,3.220000,0.011345,0.001089,-0.009189,0.999893,84.556908,415.485443,100.463287
323,3.230000,0.011319,0.001104,-0.009233,0.999893,84.528763,415.486023,100.462959
324,3.240000,0.011320,0.001124,-0.009252,0.999893,84.492615,415.472137,100.464836
325,3.250000,0.011336,0.001141,-0.009187,0.999893,84.450562,415.450287,100.465363
326,3.260000,0.011317,0.001148,-0.009155,0.999893,84.407097,415.442505,100.461166
327,3.270000,0.011235,0.001088,-0.009143,0.999894,84.359566,415.449768,100.453232
328,3.280000,0.011166,0.001074,-0.009204,0.999895,84.309166,415.463959,100.437485
329,3.290000,0.011080,0.001298,-0.009359,0.999894,84.241989,415.474365,100.418129
330,3.300000,0.011039,0.001432,-0.009510,0.999893,84.161201,415.467987,100.400131
331,3.310000,0.010221,-0.002567,-0.000548,0.999944,84.260193,415.540375,100.436089
332,3.320000,0.010035,-0.003223,0.000534,0.999944,84.186668,415.549744,100.435570
333,3.330000,0.010036,-0.003636,0.000901,0.999943,84.094124,415.549805,100.429581
334,3.340000,0.010057,-0.003586,0.000958,0.999943,84.001877,415.562378,100.429230
335,3.350000,0.011011,0.000924,-0.008670,0.999901,83.658974,415.487518,100.384102
336,3.360000,0.010955,0.001213,-0.009031,0.999899,83.565842,415.483978,100.366341
337,3.370000,0.010941,0.001290,-0.009117,0.999898,83.461731,415.474701,100.352203
338,3.380000,0.010919,0.001525,-0.009140,0.999897,83.352844,415.464172,100.348022
339,3.390000,0.010954,0.001736,-0.009365,0.999895,83.232948,415.458740,100.354034
340,3.400000,0.010929,0.001984,-0.009630,0.999892,83.139618,415.458191,100.361992
341,3.410000,0.010239,-0.002061,-0.000725,0.999945,83.232140,415.525391,100.410713
342,3.420000,0.011056,0.001249,-0.008919,0.999898,82.960915,415.446533,100.377480
343,3.430000,0.011098,0.001204,-0.008908,0.999898,82.859428,415.428345,100.367653
344,3.440000,0.011048,0.001225,-0.009002,0.999898,82.779907,415.428894,100.356071
345,3.450000,0.010973,0.001288,-0.009155,0.999897,82.710022,415.445251,100.342072
346,3.460000,0.010878,0.001477,-0.009555,0.999894,82.641418,415.463135,100.329704
347,3.470000,0.010883,0.001535,-0.009578,0.999894,82.589645,415.461182,100.323524
348,3.480000,0.010848,0.001629,-0.009757,0.999892,82.536469,415.458252,100.330513
349,3.490000,0.010903,0.001778,-0.009667,0.999892,82.473129,415.455017,100.336777
350,3.500000,0.010949,0.001596,-0.009295,0.999896,82.415596,415.450439,100.338295
351,3.510000,0.010240,-0.002447,-0.000340,0.999945,82.535805,415.514740,100.380981
352,3.520000,0.010164,-0.003019,0.000816,0.999943,82.513809,415.523529,100.388191
353,3.530000,0.010936,0.001261,-0.008864,0.999900,82.274628,415.455872,100.344154
354,3.540000,0.010168,-0.003003,0.000643,0.999944,82.410446,415.543488,100.389343
355,3.550000,0.010103,-0.003494,0.001598,0.999942,82.377022,415.550568,100.395767
356,3.560000,0.010102,-0.003460,0.001544,0.999942,82.335487,415.549591,100.398460
357,3.570000,0.010941,0.001383,-0.009132,0.999898,82.074799,415.461792,100.342827
358,3.580000,0.010160,-0.002972,0.000663,0.999944,82.217056,415.524597,100.380005
359,3.590000,0.010101,-0.003391,0.001546,0.999942,82.185150,415.529938,100.380646
360,3.600000,0.010096,-0.003426,0.001485,0.999942,82.140762,415.544373,100.381149
361,3.610000,0.010900,0.001221,-0.009147,0.999898,81.884407,415.484650,100.326370
362,3.620000,0.010303,-0.002452,-0.001129,0.999943,81.998779,415.551331,100.366806
363,3.630000,0.010270,-0.003036,0.000076,0.999943,81.974861,415.552643,100.385185
364,3.640000,0.011003,0.000877,-0.008612,0.999902,81.754120,415.465057,100.359360
365,3.650000,0.011023,0.001432,-0.009455,0.999894,81.695015,415.432159,100.366119
366,3.660000,0.011107,0.001359,-0.009504,0.999892,81.665550,415.438965,100.371895
367,3.670000,0.011124,0.001368,-0.009585,0.999891,81.635582,415.451599,100.372261
368,3.680000,0.011113,0.001406,-0.009676,0.999890,81.610710,415.458099,100.368561
369,3.690000,0.011001,0.001422,-0.009679,0.999892,81.582413,415.457153,100.357094
370,3.700000,0.010972,0.001389,-0.009687,0.999892,81.563042,415.459869,100.346443
371,3.710000,0.010950,0.001479,-0.009847,0.999891,81.531898,415.456726,100.335716
372,3.720000,0.010933,0.001494,-0.009832,0.999891,81.502800,415.449188,100.328903
373,3.730000,0.010887,0.001452,-0.009664,0.999893,81.465889,415.440308,100.320854
374,3.740000,0.010857,0.001418,-0.009534,0.999895,81.421463,415.425323,100.311882
375,3.750000,0.010887,0.001568,-0.009433,0.999895,81.360954,415.424530,100.312469
376,3.760000,0.010866,0.001483,-0.009368,0.999896,81.320633,415.431335,100.307571
377,3.770000,0.010871,0.001463,-0.009574,0.999894,81.262398,415.438965,100.293045
378,3.780000,0.010818,0.001562,-0.009950,0.999891,81.201500,415.449738,100.288704
379,3.790000,0.010795,0.001766,-0.009868,0.999892,81.118851,415.449371,100.283203
380,3.800000,0.010105,-0.002016,-0.000858,0.999947,81.204887,415.525513,100.336288
381,3.810000,0.010049,-0.002895,0.000508,0.999945,81.145653,415.540131,100.335953
382,3.820000,0.010088,-0.003102,0.000605,0.999944,81.073303,415.553864,100.333893
383,3.830000,0.010929,0.001518,-0.009710,0.999892,80.783226,415.478516,100.285370
384,3.840000,0.010942,0.001865,-0.010053,0.999888,80.682007,415.482025,100.291656
385,3.850000,0.010923,0.001869,-0.010060,0.999888,80.582428,415.478516,100.294090
386,3.860000,0.010935,0.002011,-0.010343,0.999885,80.505997,415.488647,100.304375
387,3.870000,0.010976,0.001871,-0.010195,0.999886,80.411591,415.506287,100.318748
388,3.880000,0.011053,0.002078,-0.010136,0.999885,80.307915,415.509827,100.339699
389,3.890000,0.011182,0.001968,-0.010054,0.999885,80.203758,415.506622,100.346184
390,3.900000,0.010476,-0.001867,-0.001460,0.999942,80.284576,415.567474,100.388840
391,3.910000,0.010367,-0.002642,-0.000022,0.999943,80.215988,415.561157,100.381706
392,3.920000,0.011111,0.001522,-0.009533,0.999892,79.947853,415.478394,100.315109
393,3.930000,0.011071,0.001892,-0.010011,0.999887,79.895081,415.493195,100.297798
394,3.940000,0.011043,0.001751,-0.009736,0.999890,79.833740,415.502533,100.284286
395,3.950000,0.011015,0.001706,-0.009621,0.999892,79.781029,415.500000,100.277222
396,3.960000,0.011033,0.001938,-0.009929,0.999888,79.722794,415.483826,100.278183
397,3.970000,0.011005,0.002088,-0.010154,0.999886,79.677887,415.473297,100.286484
398,3.980000,0.010965,0.002116,-0.010294,0.999885,79.650528,415.487274,100.289795
399,3.990000,0.010932,0.002126,-0.010380,0.999884,79.623360,415.500488,100.291084
400,4.000000,0.010905,0.002130,-0.010413,0.999884,79.596901,415.507690,100.285309
401,4.010000,0.010868,0.002113,-0.010333,0.999885,79.574493,415.513184,100.278770
402,4.020000,0.010872,0.002187,-0.010366,0.999885,79.559898,415.510468,100.278152
403,4.030000,0.010998,0.002230,-0.010351,0.999884,79.549629,415.490295,100.279770
404,4.040000,0.011036,0.002219,-0.010339,0.999883,79.544609,415.477417,100.290512
405,4.050000,0.011031,0.002166,-0.010338,0.999883,79.545479,415.470245,100.301193
406,4.060000,0.011040,0.002179,-0.010381,0.999883,79.542389,415.467834,100.310760
407,4.070000,0.011025,0.002139,-0.010379,0.999883,79.536278,415.470886,100.309090
408,4.080000,0.010961,0.002155,-0.010330,0.999884,79.525223,415.475616,100.299019
409,4.090000,0.010904,0.002112,-0.010123,0.999887,79.512383,415.475739,100.284485
410,4.100000,0.010182,-0.001788,-0.001420,0.999946,79.666504,415.546814,100.313004
411,4.110000,0.010816,0.001871,-0.009843,0.999891,79.501572,415.499664,100.264427
412,4.120000,0.010810,0.002122,-0.010295,0.999886,79.504082,415.518890,100.263069
413,4.130000,0.010803,0.002084,-0.010287,0.999887,79.494179,415.518707,100.259926
414,4.140000,0.010124,-0.001822,-0.001589,0.999946,79.645401,415.570190,100.304695
415,4.150000,0.010851,0.001850,-0.009938,0.999890,79.458374,415.489258,100.266121
416,4.160000,0.010831,0.002128,-0.010207,0.999887,79.434448,415.487305,100.268150
417,4.170000,0.010792,0.002082,-0.010228,0.999887,79.408234,415.493164,100.255943
418,4.180000,0.010054,-0.001831,-0.001597,0.999947,79.543404,415.571045,100.286247
419,4.190000,0.010762,0.001892,-0.010142,0.999889,79.331329,415.510162,100.233238
420,4.200000,0.010725,0.002366,-0.010669,0.999883,79.290672,415.519135,100.225662
421,4.210000,0.009963,-0.001667,-0.001769,0.999947,79.411545,415.595245,100.260178
422,4.220000,0.010627,0.001927,-0.010208,0.999890,79.187172,415.539276,100.218742
423,4.230000,0.010602,0.002072,-0.010536,0.999886,79.139091,415.550354,100.225639
424,4.240000,0.009973,-0.001909,-0.001891,0.999947,79.262093,415.631561,100.273415
425,4.250000,0.010754,0.001741,-0.010182,0.999889,79.017685,415.584717,100.237595
426,4.260000,0.010270,-0.001677,-0.001968,0.999944,79.075363,415.646423,100.284439
427,4.270000,0.010742,0.001951,-0.009773,0.999893,78.835991,415.532532,100.236588
428,4.280000,0.010751,0.002404,-0.009982,0.999889,78.709602,415.455017,100.235931
429,4.290000,0.010758,0.002470,-0.009943,0.999890,78.641327,415.439087,100.245544
430,4.300000,0.010791,0.002435,-0.010263,0.999886,78.591309,415.470978,100.257660
431,4.310000,0.010778,0.002389,-0.010336,0.999886,78.545570,415.486298,100.251022
432,4.320000,0.010774,0.002486,-0.010460,0.999884,78.493561,415.490692,100.249413
433,4.330000,0.010777,0.002495,-0.010387,0.999885,78.436813,415.493469,100.251991
434,4.340000,0.010813,0.002583,-0.010232,0.999886,78.370667,415.499359,100.256989
435,4.350000,0.010758,0.002755,-0.010472,0.999884,78.311165,415.500824,100.252518
436,4.360000,0.010704,0.002697,-0.010381,0.999885,78.260811,415.502411,100.248299
437,4.370000,0.010687,0.002656,-0.010387,0.999885,78.206902,415.496277,100.246887
438,4.380000,0.010661,0.002667,-0.010290,0.999887,78.161797,415.482117,100.246780
439,4.390000,0.010700,0.002655,-0.010319,0.999886,78.127617,415.467224,100.239555
440,4.400000,0.010711,0.002646,-0.010274,0.999886,78.106720,415.461517,100.236633
441,4.410000,0.010765,0.002540,-0.010179,0.999887,78.092377,415.454468,100.235619
442,4.420000,0.010759,0.002497,-0.010111,0.999888,78.086372,415.455170,100.240105
443,4.430000,0.010029,-0.001394,-0.001431,0.999948,78.263893,415.532898,100.284851
444,4.440000,0.009942,-0.001995,-0.000336,0.999949,78.284691,415.548340,100.293884
445,4.450000,0.009920,-0.002052,-0.000326,0.999949,78.285873,415.558716,100.298103
446,4.460000,0.009913,-0.002027,-0.000452,0.999949,78.281120,415.569183,100.294502
447,4.470000,0.010705,0.002379,-0.010267,0.999887,78.077171,415.497131,100.240913
448,4.480000,0.010076,-0.001332,-0.002288,0.999946,78.204369,415.558319,100.267014
449,4.490000,0.009964,-0.002272,-0.000407,0.999948,78.214005,415.573059,100.264160
450,4.500000,0.010680,0.001611,-0.009085,0.999900,78.023750,415.509552,100.215218
451,4.510000,0.009909,-0.002093,-0.000816,0.999948,78.173317,415.594299,100.253487
452,4.520000,0.009890,-0.002125,-0.000778,0.999949,78.143280,415.606567,100.252625
453,4.530000,0.009875,-0.002106,-0.000875,0.999949,78.113976,415.611359,100.247894
454,4.540000,0.010615,0.002008,-0.009463,0.999897,77.877731,415.541382,100.204544
455,4.550000,0.010702,0.002798,-0.010955,0.999879,77.778297,415.516052,100.183311
456,4.560000,0.010592,0.003057,-0.011259,0.999876,77.730049,415.536560,100.170502
457,4.570000,0.010544,0.002892,-0.011054,0.999879,77.666275,415.570923,100.160660
458,4.580000,0.010497,0.002825,-0.010974,0.999881,77.585381,415.591034,100.154121
459,4.590000,0.010517,0.002744,-0.011018,0.999880,77.511513,415.587036,100.151649
460,4.600000,0.010526,0.002545,-0.010813,0.999883,77.421593,415.583679,100.162560
461,4.610000,0.010590,0.002350,-0.010520,0.999886,77.350464,415.592499,100.173180
462,4.620000,0.010625,0.002445,-0.010964,0.999881,77.273087,415.602997,100.177666
463,4.630000,0.010687,0.002455,-0.011150,0.999878,77.221626,415.621429,100.182983
464,4.640000,0.009956,-0.001537,-0.002314,0.999947,77.335640,415.711487,100.225212
465,4.650000,0.009837,-0.002107,-0.001158,0.999949,77.293472,415.722229,100.222549
466,4.660000,0.009835,-0.002450,-0.000522,0.999949,77.199516,415.681580,100.211357
467,4.670000,0.010645,0.001905,-0.010079,0.999891,76.913498,415.535034,100.159401
468,4.680000,0.010662,0.002181,-0.010306,0.999888,76.839821,415.507294,100.162926
469,4.690000,0.010629,0.002163,-0.010379,0.999887,76.777618,415.505646,100.170425
470,4.700000,0.010642,0.002233,-0.010523,0.999886,76.736267,415.514618,100.177292
471,4.710000,0.010702,0.002517,-0.010591,0.999884,76.687958,415.534668,100.192131
472,4.720000,0.010712,0.002551,-0.010748,0.999882,76.676064,415.538239,100.197075
473,4.730000,0.010706,0.002401,-0.010752,0.999882,76.672043,415.545502,100.191292
474,4.740000,0.010679,0.002443,-0.010896,0.999881,76.669716,415.560242,100.182594
475,4.750000,0.010660,0.002417,-0.010915,0.999881,76.670700,415.572479,100.169746
476,4.760000,0.010578,0.002170,-0.010952,0.999882,76.677513,415.576538,100.155190
477,4.770000,0.010568,0.002149,-0.010957,0.999882,76.667313,415.577240,100.152855
478,4.780000,0.010607,0.002297,-0.010998,0.999881,76.640511,415.574005,100.162041
479,4.790000,0.010678,0.002437,-0.010917,0.999880,76.605011,415.572296,100.178642
480,4.800000,0.010687,0.002345,-0.010901,0.999881,76.578491,415.574493,100.189911
481,4.810000,0.010686,0.002367,-0.011025,0.999879,76.550003,415.577576,100.191589
482,4.820000,0.010698,0.002460,-0.011140,0.999878,76.505890,415.573425,100.183441
483,4.830000,0.010632,0.002483,-0.011149,0.999878,76.462730,415.576538,100.173439
484,4.840000,0.010575,0.002607,-0.011298,0.999877,76.421837,415.582520,100.159805
485,4.850000,0.010514,0.002641,-0.011315,0.999877,76.388596,415.593964,100.146614
486,4.860000,0.010521,0.002642,-0.011472,0.999875,76.359451,415.600189,100.128967
487,4.870000,0.010503,0.002721,-0.011584,0.999874,76.343674,415.601562,100.113800
488,4.880000,0.010540,0.002924,-0.011586,0.999873,76.302422,415.603943,100.110062
489,4.890000,0.010469,0.002823,-0.011496,0.999875,76.294571,415.590454,100.097672
490,4.900000,0.010472,0.002456,-0.011104,0.999881,76.254700,415.576294,100.093811
491,4.910000,0.010476,0.002433,-0.011079,0.999881,76.219009,415.568634,100.097183
492,4.920000,0.010512,0.002461,-0.011080,0.999880,76.167976,415.596008,100.106956
493,4.930000,0.010530,0.002312,-0.011004,0.999881,76.108757,415.629822,100.110893
494,4.940000,0.010483,0.002273,-0.011167,0.999880,76.037132,415.662750,100.102814
495,4.950000,0.010423,0.002253,-0.011228,0.999880,75.921585,415.672638,100.097321
496,4.960000,0.010400,0.002313,-0.011064,0.999882,75.767288,415.634064,100.086403
497,4.970000,0.010385,0.002411,-0.010815,0.999885,75.577835,415.561432,100.070198
498,4.980000,0.010373,0.002177,-0.010616,0.999888,75.376495,415.527191,100.056824
499,4.990000,0.010347,0.002312,-0.010649,0.999887,75.162994,415.554688,100.051163
500,5.000000,0.010273,0.002348,-0.010820,0.999886,74.972664,415.600983,100.049713
501,5.010000,0.010203,0.002329,-0.011067,0.999884,74.766052,415.601501,100.057640
502,5.020000,0.010271,0.002209,-0.010949,0.999885,74.540886,415.562195,100.072464
503,5.030000,0.010359,0.002173,-0.011083,0.999883,74.264893,415.526764,100.084702
504,5.040000,0.010503,0.002494,-0.009813,0.999894,74.102882,415.541504,100.052681
505,5.050000,0.010443,0.002411,-0.009668,0.999896,73.890999,415.545898,100.051109
506,5.060000,0.010325,0.002613,-0.009780,0.999895,73.669716,415.559235,100.053375
507,5.070000,0.010219,0.002536,-0.009381,0.999901,73.459129,415.570984,100.041603
508,5.080000,0.010252,0.002441,-0.009303,0.999901,73.216469,415.561829,100.012169
509,5.090000,0.010173,0.002925,-0.009444,0.999899,72.950401,415.565186,100.003098
510,5.100000,0.010116,0.003028,-0.009500,0.999899,72.733963,415.552612,99.995071
511,5.110000,0.010096,0.002680,-0.009259,0.999903,72.522545,415.543884,99.992096
512,5.120000,0.009437,-0.001526,-0.000932,0.999954,72.454414,415.605042,100.027657
513,5.130000,0.009257,0.001164,-0.002599,0.999953,72.308525,415.626526,99.983818
514,5.140000,0.009935,0.005443,-0.010942,0.999876,71.926216,415.567749,99.947845
515,5.150000,0.009963,0.006538,-0.012572,0.999850,71.658096,415.545410,99.951782
516,5.160000,0.010100,0.005742,-0.011616,0.999865,71.382683,415.536041,99.959885
517,5.170000,0.010326,0.005035,-0.011502,0.999868,71.124565,415.559662,99.966431
518,5.180000,0.010360,0.005753,-0.011799,0.999860,70.820587,415.557617,99.988861
519,5.190000,0.010440,0.006108,-0.012156,0.999853,70.532944,415.537750,100.007767
520,5.200000,0.010513,0.005527,-0.011693,0.999861,70.214218,415.527191,100.024353
521,5.210000,0.010627,0.005405,-0.011134,0.999867,69.880165,415.533478,100.034767
522,5.220000,0.010566,0.005698,-0.011389,0.999863,69.561348,415.535492,100.037918
523,5.230000,0.010348,0.005951,-0.011653,0.999861,69.217308,415.489044,100.006180
524,5.240000,0.009656,0.002558,-0.004139,0.999942,69.032753,415.517944,100.036743
525,5.250000,0.010446,0.005741,-0.010960,0.999869,68.528221,415.466492,100.010765
526,5.260000,0.010351,0.005691,-0.011079,0.999869,68.178421,415.462524,100.018013
527,5.270000,0.010427,0.005526,-0.011035,0.999870,67.855049,415.442261,100.014740
528,5.280000,0.010390,0.006307,-0.011734,0.999857,67.538055,415.455719,100.022354
529,5.290000,0.010436,0.005437,-0.010618,0.999874,67.189812,415.467377,100.019295
530,5.300000,0.009821,0.001645,-0.002684,0.999947,66.997963,415.485840,100.040970
531,5.310000,0.010328,0.005549,-0.010496,0.999876,66.524719,415.387268,99.968102
532,5.320000,0.010263,0.005817,-0.010699,0.999873,66.201614,415.376312,99.955276
533,5.330000,0.010403,0.005966,-0.010678,0.999871,65.874878,415.378174,99.965042
534,5.340000,0.009769,0.002295,-0.002849,0.999946,65.751137,415.436462,100.013771
535,5.350000,0.009582,0.001197,-0.000850,0.999953,65.505608,415.467163,100.044022
536,5.360000,0.010271,0.005093,-0.009800,0.999886,65.078407,415.405518,100.011787
537,5.370000,0.010453,0.005962,-0.011391,0.999863,64.782074,415.418030,100.013924
538,5.380000,0.010503,0.006152,-0.011212,0.999863,64.527069,415.440796,100.018074
539,5.390000,0.010474,0.005942,-0.010828,0.999869,64.287827,415.434509,100.012527
540,5.400000,0.010567,0.005360,-0.010033,0.999879,64.037285,415.393616,100.010002
541,5.410000,0.009932,0.001752,-0.002225,0.999947,63.970009,415.423187,100.035423
542,5.420000,0.009757,0.001567,-0.001583,0.999950,63.802883,415.433472,100.023460
543,5.430000,0.010342,0.004846,-0.009087,0.999894,63.442795,415.385193,99.978439
544,5.440000,0.010315,0.005959,-0.010913,0.999870,63.245625,415.384552,99.968277
545,5.450000,0.010407,0.005818,-0.010776,0.999871,63.066772,415.398102,99.966187
546,5.460000,0.010327,0.006114,-0.011078,0.999867,62.917412,415.437683,99.959808
547,5.470000,0.010328,0.006218,-0.011493,0.999861,62.745609,415.450348,99.949760
548,5.480000,0.009737,0.002300,-0.003438,0.999944,62.696964,415.480194,99.983269
549,5.490000,0.009567,0.001638,-0.001486,0.999952,62.517673,415.450653,99.974602
550,5.500000,0.009627,0.001665,-0.001961,0.999950,62.292179,415.423126,99.951569
551,5.510000,0.010161,0.004972,-0.009390,0.999892,61.962975,415.410706,99.903923
552,5.520000,0.010253,0.005499,-0.010790,0.999874,61.750938,415.451691,99.897972
553,5.530000,0.010345,0.005713,-0.011039,0.999869,61.549969,415.462463,99.906120
554,5.540000,0.010399,0.005922,-0.011145,0.999866,61.356396,415.447998,99.913803
555,5.550000,0.010475,0.005913,-0.011087,0.999866,61.154076,415.416168,99.910408
556,5.560000,0.010366,0.005672,-0.010877,0.999871,60.941849,415.398285,99.902504
557,5.570000,0.009787,0.001548,-0.002297,0.999948,60.878475,415.455627,99.938103
558,5.580000,0.010261,0.005200,-0.010432,0.999879,60.550732,415.425568,99.873550
559,5.590000,0.010145,0.005872,-0.011177,0.999869,60.351570,415.454773,99.855629
560,5.600000,0.010175,0.005819,-0.011153,0.999869,60.145634,415.470398,99.832809
561,5.610000,0.010188,0.006178,-0.011691,0.999861,59.935036,415.466187,99.817932
562,5.620000,0.010200,0.005827,-0.011062,0.999870,59.712032,415.466766,99.817436
563,5.630000,0.009502,0.002465,-0.003479,0.999946,59.655224,415.527710,99.851196
564,5.640000,0.009358,0.001372,-0.001911,0.999954,59.477074,415.551361,99.842300
565,5.650000,0.010013,0.004514,-0.009334,0.999896,59.131382,415.509583,99.803825
566,5.660000,0.010049,0.005362,-0.010778,0.999877,58.953411,415.517303,99.802841
567,5.670000,0.010091,0.005540,-0.011397,0.999869,58.821301,415.522491,99.798180
568,5.680000,0.010112,0.005811,-0.011725,0.999863,58.701721,415.527039,99.795059
569,5.690000,0.010147,0.005821,-0.011684,0.999863,58.581413,415.499420,99.792084
570,5.700000,0.010124,0.005913,-0.011669,0.999863,58.458118,415.458771,99.789810
571,5.710000,0.010134,0.006141,-0.011808,0.999860,58.371365,415.451447,99.799950
572,5.720000,0.010147,0.006231,-0.011964,0.999858,58.317070,415.463379,99.815598
573,5.730000,0.010191,0.006480,-0.012147,0.999853,58.264515,415.473267,99.823616
574,5.740000,0.010218,0.006262,-0.012008,0.999856,58.223797,415.471405,99.815636
575,5.750000,0.010156,0.006230,-0.012000,0.999857,58.194538,415.482971,99.797775
576,5.760000,0.010078,0.006187,-0.011993,0.999858,58.169899,415.497711,99.767845
577,5.770000,0.010031,0.006322,-0.012171,0.999856,58.142117,415.511353,99.738426
578,5.780000,0.009307,0.002321,-0.003659,0.999947,58.264381,415.583252,99.757210
579,5.790000,0.009296,0.002036,-0.003295,0.999949,58.219593,415.582855,99.741760
580,5.800000,0.009290,0.002145,-0.003419,0.999949,58.174809,415.576965,99.735504
581,5.810000,0.009313,0.002094,-0.003641,0.999948,58.107487,415.576965,99.736809
582,5.820000,0.009316,0.002191,-0.003811,0.999947,58.047047,415.585205,99.739738
583,5.830000,0.009324,0.001831,-0.003503,0.999949,57.965260,415.586792,99.749557
584,5.840000,0.009293,0.001936,-0.003613,0.999948,57.882286,415.577759,99.746765
585,5.850000,0.009988,0.005087,-0.010322,0.999884,57.611858,415.523926,99.712288
586,5.860000,0.010091,0.005549,-0.011198,0.999871,57.487759,415.522980,99.700653
587,5.870000,0.010019,0.005753,-0.011587,0.999866,57.369137,415.539307,99.691826
588,5.880000,0.009911,0.006103,-0.012122,0.999859,57.262871,415.552216,99.681023
589,5.890000,0.009862,0.006139,-0.012106,0.999859,57.144253,415.539673,99.665298
590,5.900000,0.009805,0.006149,-0.012048,0.999861,57.040546,415.528870,99.649002
591,5.910000,0.009825,0.005812,-0.011667,0.999867,56.926395,415.540253,99.637238
592,5.920000,0.009803,0.005765,-0.011673,0.999867,56.843552,415.555359,99.629349
593,5.930000,0.009786,0.005828,-0.011783,0.999866,56.773113,415.562653,99.625221
594,5.940000,0.009163,0.002432,-0.004246,0.999946,56.831596,415.613983,99.663185
595,5.950000,0.009125,0.001771,-0.003053,0.999952,56.771358,415.607422,99.663422
596,5.960000,0.009119,0.001753,-0.003037,0.999952,56.713932,415.597260,99.659424
597,5.970000,0.009121,0.001488,-0.002777,0.999954,56.655502,415.594849,99.655609
598,5.980000,0.009095,0.001337,-0.002674,0.999954,56.610600,415.604309,99.649361
599,5.990000,0.009048,0.001517,-0.002793,0.999954,56.561802,415.610474,99.632767
600,6.000000,0.009024,0.001514,-0.002736,0.999954,56.511063,415.613342,99.619942
601,6.010000,0.009016,0.001532,-0.002796,0.999954,56.466732,415.617523,99.613129
602,6.020000,0.008987,0.001542,-0.002760,0.999955,56.399406,415.619568,99.606674
603,6.030000,0.009000,0.001568,-0.002813,0.999954,56.356194,415.617950,99.599648
604,6.040000,0.009630,0.005244,-0.010919,0.999880,56.163139,415.565216,99.556046
605,6.050000,0.009736,0.005983,-0.012444,0.999857,56.096432,415.563049,99.551682
606,6.060000,0.009808,0.005840,-0.012192,0.999861,56.025311,415.574341,99.561935
607,6.070000,0.009790,0.005956,-0.012293,0.999859,55.964508,415.583496,99.558777
608,6.080000,0.009808,0.005757,-0.011755,0.999866,55.886242,415.599182,99.559303
609,6.090000,0.009761,0.005807,-0.011764,0.999866,55.822071,415.603058,99.550728
610,6.100000,0.009772,0.005803,-0.011789,0.999866,55.748829,415.599762,99.542694
611,6.110000,0.009705,0.005865,-0.012138,0.999862,55.647240,415.597351,99.538521
612,6.120000,0.009769,0.005879,-0.012259,0.999860,55.530724,415.594452,99.529373
613,6.130000,0.009764,0.005657,-0.012062,0.999864,55.408257,415.592896,99.521011
614,6.140000,0.009166,0.001612,-0.003448,0.999951,55.416595,415.656830,99.558990
615,6.150000,0.009050,0.001067,-0.002298,0.999956,55.305492,415.669189,99.557770
616,6.160000,0.009129,0.001451,-0.003199,0.999952,55.165108,415.647522,99.552238
617,6.170000,0.009125,0.001580,-0.003429,0.999951,55.042831,415.636658,99.552719
618,6.180000,0.009175,0.001826,-0.003527,0.999950,54.916386,415.635529,99.554008
619,6.190000,0.009213,0.001955,-0.003595,0.999949,54.790825,415.630249,99.557228
620,6.200000,0.009238,0.001784,-0.003335,0.999950,54.682205,415.623169,99.550140
621,6.210000,0.009251,0.001685,-0.003389,0.999950,54.563858,415.618622,99.539917
622,6.220000,0.009785,0.005052,-0.010755,0.999882,54.317047,415.568298,99.488930
623,6.230000,0.009823,0.005037,-0.010992,0.999879,54.168121,415.572205,99.477608
624,6.240000,0.009751,0.005255,-0.011387,0.999874,54.069721,415.585327,99.466705
625,6.250000,0.009661,0.005556,-0.011749,0.999869,53.967525,415.592804,99.463127
626,6.260000,0.009665,0.005726,-0.011911,0.999866,53.875984,415.591034,99.473206
627,6.270000,0.009763,0.005493,-0.011639,0.999870,53.795475,415.569000,99.492233
628,6.280000,0.009827,0.005379,-0.011449,0.999872,53.739616,415.538605,99.514328
629,6.290000,0.009957,0.005492,-0.011515,0.999869,53.692558,415.523621,99.539955
630,6.300000,0.010026,0.005538,-0.011657,0.999866,53.669380,415.518494,99.556755
631,6.310000,0.010074,0.005647,-0.011681,0.999865,53.646008,415.523254,99.565865
632,6.320000,0.010078,0.005653,-0.011667,0.999865,53.633236,415.527222,99.563866
633,6.330000,0.010057,0.005720,-0.011673,0.999865,53.633850,415.525787,99.559326
634,6.340000,0.010006,0.005616,-0.011685,0.999866,53.653324,415.524170,99.547493
635,6.350000,0.009992,0.005584,-0.011665,0.999866,53.662479,415.528809,99.535744
636,6.360000,0.009991,0.005559,-0.011645,0.999867,53.671272,415.531982,99.526245
637,6.370000,0.010000,0.005496,-0.011607,0.999868,53.671341,415.534149,99.521210
638,6.380000,0.010023,0.005512,-0.011635,0.999867,53.669388,415.533691,99.525772
639,6.390000,0.010086,0.005460,-0.011613,0.999867,53.659927,415.525269,99.541176
640,6.400000,0.010156,0.005500,-0.011524,0.999867,53.634830,415.515045,99.557800
641,6.410000,0.010266,0.005393,-0.011446,0.999867,53.610023,415.495544,99.563667
642,6.420000,0.010208,0.005483,-0.011556,0.999866,53.582451,415.502167,99.556870
643,6.430000,0.010163,0.005607,-0.011754,0.999864,53.553391,415.507843,99.540123
644,6.440000,0.010123,0.005646,-0.011712,0.999864,53.527283,415.525635,99.528229
645,6.450000,0.010131,0.005417,-0.011533,0.999868,53.484509,415.531799,99.513962
646,6.460000,0.010111,0.005479,-0.011680,0.999866,53.438862,415.534180,99.508896
647,6.470000,0.010092,0.005559,-0.011757,0.999865,53.390533,415.534332,99.511047
648,6.480000,0.010088,0.005623,-0.011850,0.999863,53.337330,415.532257,99.516579
649,6.490000,0.009473,0.002074,-0.004106,0.999945,53.434048,415.587952,99.558884
650,6.500000,0.009440,0.001080,-0.002262,0.999952,53.381618,415.606781,99.570869
651,6.510000,0.009433,0.001107,-0.002281,0.999952,53.336273,415.610077,99.568390
652,6.520000,0.009406,0.001056,-0.002322,0.999953,53.299267,415.609467,99.567162
653,6.530000,0.009380,0.001045,-0.002287,0.999953,53.275127,415.609100,99.562485
654,6.540000,0.009362,0.001055,-0.002249,0.999953,53.260876,415.607727,99.558182
655,6.550000,0.009364,0.001054,-0.002233,0.999953,53.247719,415.598846,99.556747
656,6.560000,0.009366,0.001001,-0.002130,0.999953,53.239449,415.591553,99.556442
657,6.570000,0.009385,0.000948,-0.002025,0.999954,53.228745,415.585541,99.556496
658,6.580000,0.009408,0.000930,-0.001995,0.999953,53.217926,415.579895,99.562210
659,6.590000,0.009435,0.000840,-0.001863,0.999954,53.208260,415.573059,99.569046
660,6.600000,0.009459,0.000847,-0.001807,0.999953,53.192734,415.564636,99.578552
661,6.610000,0.009489,0.000331,-0.001230,0.999954,53.164570,415.550446,99.593422
662,6.620000,0.009554,0.000717,-0.001537,0.999953,53.152130,415.523193,99.598946
663,6.630000,0.009609,0.000323,-0.001031,0.999953,53.135971,415.511292,99.613098
664,6.640000,0.009590,0.000655,-0.001456,0.999953,53.163967,415.532745,99.617142
665,6.650000,0.009579,0.000396,-0.001286,0.999953,53.196575,415.565613,99.628639
666,6.660000,0.009608,0.000365,-0.001371,0.999953,53.243763,415.593628,99.640182
667,6.670000,0.009623,0.000409,-0.001544,0.999952,53.300369,415.619659,99.650276
668,6.680000,0.009680,0.000364,-0.001639,0.999952,53.365818,415.642487,99.665947
669,6.690000,0.009687,0.000407,-0.001838,0.999951,53.431049,415.671448,99.674072
670,6.700000,0.009688,0.000690,-0.002241,0.999950,53.491032,415.701599,99.687340
671,6.710000,0.009692,0.000578,-0.002247,0.999950,53.540497,415.721436,99.691162
672,6.720000,0.009722,0.000518,-0.002232,0.999950,53.576183,415.730347,99.705826
673,6.730000,0.009731,0.000533,-0.002258,0.999950,53.608940,415.743073,99.720764
674,6.740000,0.009734,0.000630,-0.002374,0.999950,53.638199,415.754242,99.731514
675,6.750000,0.009730,0.000598,-0.002342,0.999950,53.666836,415.758392,99.731140
676,6.760000,0.009766,0.000498,-0.002246,0.999950,53.696072,415.756866,99.732864
677,6.770000,0.009823,0.000477,-0.002216,0.999949,53.741989,415.755920,99.750458
678,6.780000,0.009762,0.000084,-0.001492,0.999951,53.814724,415.770447,99.771980
679,6.790000,0.009759,0.000164,-0.001309,0.999952,53.886017,415.772827,99.799889
680,6.800000,0.010393,0.003688,-0.008997,0.999899,53.829414,415.704956,99.778824
681,6.810000,0.010448,0.004759,-0.010381,0.999880,53.946053,415.686432,99.784691
682,6.820000,0.010425,0.004684,-0.010102,0.999884,54.096081,415.686371,99.774963
683,6.830000,0.010214,0.005148,-0.010886,0.999875,54.328754,415.691376,99.745705
684,6.840000,0.010201,0.004639,-0.010394,0.999883,54.560688,415.689026,99.731689
685,6.850000,0.009600,0.000849,-0.001912,0.999952,55.008205,415.753357,99.761795
686,6.860000,0.009485,0.000799,-0.001527,0.999954,55.357334,415.767731,99.762878
687,6.870000,0.010040,0.004345,-0.009271,0.999897,55.569588,415.718658,99.730911
688,6.880000,0.010122,0.004355,-0.009622,0.999893,55.990913,415.727325,99.746971
689,6.890000,0.010152,0.004926,-0.010043,0.999886,56.453133,415.733063,99.742096
690,6.900000,0.009388,0.001151,-0.002273,0.999953,57.125023,415.791107,99.777885
691,6.910000,0.010111,0.004389,-0.009743,0.999892,57.480904,415.738831,99.750786
692,6.920000,0.010073,0.004558,-0.009899,0.999890,58.053154,415.729980,99.746658
693,6.930000,0.009486,0.001379,-0.002545,0.999951,58.780853,415.777008,99.796898
694,6.940000,0.010111,0.003954,-0.009075,0.999900,59.282314,415.728363,99.773827
695,6.950000,0.009450,0.001391,-0.002016,0.999952,60.146351,415.811951,99.837578
696,6.960000,0.010077,0.003748,-0.008056,0.999910,60.701832,415.785706,99.833847
697,6.970000,0.010246,0.005308,-0.010530,0.999878,61.451054,415.801788,99.841110
698,6.980000,0.010285,0.004809,-0.010191,0.999884,62.229874,415.804230,99.869270
699,6.990000,0.010364,0.005130,-0.010557,0.999877,63.052021,415.798431,99.882133
700,7.000000,0.010489,0.004803,-0.010365,0.999880,63.883305,415.791290,99.905304
701,7.010000,0.010446,0.004841,-0.010569,0.999878,64.787918,415.782959,99.923523
702,7.020000,0.010471,0.004847,-0.010365,0.999880,65.682167,415.799500,99.930862
703,7.030000,0.009748,0.001006,-0.002148,0.999950,66.817299,415.868439,99.979752
704,7.040000,0.010246,0.004892,-0.010408,0.999881,67.692139,415.829132,99.939026
705,7.050000,0.009920,0.001097,-0.002384,0.999947,68.816109,415.899963,100.002510
706,7.060000,0.010563,0.004375,-0.010312,0.999882,69.730713,415.863556,99.974518
707,7.070000,0.010530,0.004435,-0.011199,0.999872,70.744347,415.866425,100.016678
708,7.080000,0.009911,-0.000431,-0.001437,0.999950,71.968422,415.939880,100.064110
709,7.090000,0.010594,0.002299,-0.008533,0.999905,72.939743,415.897736,100.033394
710,7.100000,0.010618,0.002230,-0.008724,0.999903,74.011963,415.889099,100.039848
711,7.110000,0.010511,0.003970,-0.009516,0.999892,75.064293,415.909851,100.010559
712,7.120000,0.010479,0.004184,-0.009475,0.999891,76.198845,415.902344,100.018051
713,7.130000,0.010346,0.007399,-0.012521,0.999841,77.461433,415.943237,100.002197
714,7.140000,0.010316,0.007134,-0.012714,0.999841,78.601379,415.960907,100.011261
715,7.150000,0.010403,0.007121,-0.013016,0.999836,79.718994,415.986938,100.021469
716,7.160000,0.010393,0.007180,-0.013265,0.999832,80.814743,416.010010,100.028152
717,7.170000,0.010417,0.007171,-0.013558,0.999828,81.902748,416.014923,100.023834
718,7.180000,0.010305,0.007909,-0.014694,0.999808,82.983864,416.038635,100.016434
719,7.190000,0.010345,0.007986,-0.014805,0.999805,83.972687,416.021729,100.026131
720,7.200000,0.010395,0.007680,-0.014421,0.999813,84.934525,415.998566,100.047394
721,7.210000,0.010421,0.007724,-0.014271,0.999814,85.901581,415.982086,100.071655
722,7.220000,0.010678,0.005490,-0.012907,0.999845,86.935684,415.960724,100.132576
723,7.230000,0.010126,0.000825,-0.003422,0.999943,88.025124,416.012054,100.208466
724,7.240000,0.010804,0.004662,-0.011847,0.999861,88.764999,415.976898,100.167480
725,7.250000,0.009999,0.000538,-0.002835,0.999946,89.824036,416.038422,100.221504
726,7.260000,0.010661,0.004058,-0.010747,0.999877,90.487778,415.997955,100.180389
727,7.270000,0.010926,0.005280,-0.012907,0.999843,91.271896,415.985046,100.168289
728,7.280000,0.010793,0.004839,-0.012796,0.999848,92.017319,415.980011,100.172966
729,7.290000,0.010108,0.000843,-0.003446,0.999943,92.886703,416.054199,100.226059
730,7.300000,0.010888,0.004654,-0.012231,0.999855,93.398857,415.968933,100.209793
731,7.310000,0.012167,0.002959,-0.014505,0.999816,93.825371,415.830811,100.159477
732,7.320000,0.011252,0.004581,-0.012724,0.999845,94.635925,415.915619,100.233612
733,7.330000,0.010216,0.000506,-0.002853,0.999944,95.458328,416.001068,100.297607
734,7.340000,0.010904,0.004529,-0.011487,0.999864,95.906853,415.934326,100.284958
735,7.350000,0.011047,0.005044,-0.012839,0.999844,96.471237,415.920959,100.290901
736,7.360000,0.012233,0.003055,-0.014000,0.999823,96.747345,415.785950,100.232155
737,7.370000,0.011290,0.004412,-0.012218,0.999852,97.488518,415.856659,100.276596
738,7.380000,0.011093,0.005203,-0.012485,0.999847,98.056747,415.858917,100.293289
739,7.390000,0.012345,0.002681,-0.013532,0.999829,98.364197,415.729156,100.265862
740,7.400000,0.012794,-0.004316,-0.004953,0.999897,98.792000,415.706299,100.274017
741,7.410000,0.010232,0.000100,-0.001566,0.999946,99.902542,415.918976,100.452148
742,7.420000,0.012073,0.002617,-0.011889,0.999853,100.016151,415.744049,100.364876
743,7.430000,0.011229,0.004730,-0.012034,0.999853,100.735664,415.810059,100.399719
744,7.440000,0.012457,0.003298,-0.014189,0.999816,100.994453,415.690216,100.334709
745,7.450000,0.012462,0.003261,-0.014571,0.999811,101.522499,415.694305,100.330940
746,7.460000,0.011198,0.005139,-0.012361,0.999848,102.292366,415.835327,100.388718
747,7.470000,0.012226,0.003557,-0.013811,0.999824,102.591560,415.725281,100.338875
748,7.480000,0.012390,0.003519,-0.013958,0.999820,103.049461,415.713745,100.348297
749,7.490000,0.012717,-0.004677,-0.004381,0.999899,103.468452,415.698151,100.344078
750,7.500000,0.010565,0.004435,-0.006012,0.999916,104.539528,415.877045,100.448441
751,7.510000,0.009687,0.004831,-0.004532,0.999931,105.117958,415.944885,100.505096
752,7.520000,0.009447,0.004957,-0.004412,0.999933,105.623222,415.973419,100.504494
753,7.530000,0.012402,-0.004160,-0.003615,0.999908,105.415916,415.732758,100.353813
754,7.540000,0.012604,0.001754,-0.012709,0.999838,105.840782,415.685974,100.351662
755,7.550000,0.012454,0.003587,-0.014544,0.999810,106.333305,415.690826,100.355568
756,7.560000,0.010945,0.005384,-0.012616,0.999846,107.068031,415.828552,100.424881
757,7.570000,0.013249,-0.005360,-0.005173,0.999885,107.035767,415.640900,100.328117
758,7.580000,0.012673,0.002427,-0.013654,0.999824,107.692352,415.700256,100.376396
759,7.590000,0.010998,0.006082,-0.013304,0.999833,108.421463,415.834473,100.448189
760,7.600000,0.013279,-0.005319,-0.005378,0.999883,108.378479,415.631714,100.340019
761,7.610000,0.013665,-0.006826,-0.004551,0.999873,108.787384,415.597809,100.323601
762,7.620000,0.012652,0.001662,-0.012930,0.999835,109.456383,415.691589,100.386787
763,7.630000,0.010954,0.005740,-0.013198,0.999836,110.243172,415.847870,100.462219
764,7.640000,0.013236,-0.005093,-0.005890,0.999882,110.210449,415.654938,100.346802
765,7.650000,0.013701,-0.006830,-0.004707,0.999872,110.561562,415.621216,100.329918
766,7.660000,0.011406,0.003965,-0.011630,0.999860,111.471107,415.828857,100.450478
767,7.670000,0.012459,0.004419,-0.015194,0.999797,111.670258,415.744873,100.370331
768,7.680000,0.013669,-0.004649,-0.007007,0.999871,111.798866,415.637512,100.308601
769,7.690000,0.012553,0.003703,-0.014397,0.999811,112.465172,415.731079,100.379372
770,7.700000,0.011141,0.007121,-0.014034,0.999814,113.121490,415.861450,100.480873
771,7.710000,0.011800,0.006767,-0.015609,0.999786,113.363663,415.778259,100.467346
772,7.720000,0.013459,-0.004020,-0.006428,0.999881,113.353111,415.637024,100.390251
773,7.730000,0.013551,-0.005437,-0.005004,0.999881,113.652374,415.629883,100.388313
774,7.740000,0.011408,0.005265,-0.012041,0.999849,114.415886,415.828552,100.504448
775,7.750000,0.011248,0.007245,-0.014271,0.999809,114.783127,415.835724,100.507271
776,7.760000,0.011903,0.006331,-0.015188,0.999794,114.943535,415.784882,100.461601
777,7.770000,0.012571,0.004377,-0.015422,0.999792,115.056778,415.720245,100.405899
778,7.780000,0.013765,-0.004245,-0.007819,0.999866,115.069527,415.607513,100.352760
779,7.790000,0.013946,-0.005427,-0.006634,0.999866,115.285934,415.589203,100.369347
780,7.800000,0.011397,0.005409,-0.012743,0.999839,116.027184,415.817383,100.520370
781,7.810000,0.011190,0.007761,-0.014605,0.999801,116.327835,415.830627,100.552185
782,7.820000,0.011865,0.006489,-0.015182,0.999793,116.399712,415.778992,100.526222
783,7.830000,0.012148,0.005240,-0.015018,0.999800,116.524544,415.752960,100.488167
784,7.840000,0.012224,0.005173,-0.015813,0.999787,116.777046,415.764374,100.497185
785,7.850000,0.012128,0.005517,-0.016309,0.999778,116.958153,415.780151,100.465538
786,7.860000,0.010969,0.006931,-0.014997,0.999803,117.288612,415.897827,100.494781
787,7.870000,0.012593,-0.002625,-0.007241,0.999891,117.062286,415.754150,100.395248
788,7.880000,0.013150,-0.005024,-0.006320,0.999881,117.015106,415.704956,100.359879
789,7.890000,0.013209,-0.005262,-0.006520,0.999878,117.030495,415.708832,100.360863
790,7.900000,0.012106,0.003692,-0.015179,0.999805,117.289024,415.812653,100.431114
791,7.910000,0.011920,0.004914,-0.016585,0.999779,117.281006,415.833038,100.439774
792,7.920000,0.011803,0.005124,-0.016877,0.999775,117.215126,415.845978,100.429497
793,7.930000,0.011650,0.004937,-0.016628,0.999782,117.144646,415.850922,100.415359
794,7.940000,0.011503,0.005544,-0.017110,0.999772,117.099548,415.850555,100.423531
795,7.950000,0.011599,0.005504,-0.016918,0.999775,117.019028,415.831726,100.438965
796,7.960000,0.010405,0.007178,-0.015515,0.999800,117.175583,415.919800,100.510368
797,7.970000,0.010443,0.006497,-0.014511,0.999819,117.141502,415.903748,100.520294
798,7.980000,0.011267,0.006078,-0.016354,0.999784,117.011276,415.827332,100.489944
799,7.990000,0.011615,0.005465,-0.016884,0.999775,116.963669,415.815186,100.456070
800,8.000000,0.011486,0.005634,-0.016927,0.999775,117.024300,415.840271,100.434433
801,8.010000,0.011423,0.005709,-0.017223,0.999770,117.079308,415.847504,100.420685
802,8.020000,0.011450,0.005741,-0.017295,0.999768,117.110138,415.848694,100.421272
803,8.030000,0.011527,0.005536,-0.017252,0.999769,117.116180,415.845001,100.417496
804,8.040000,0.011467,0.005554,-0.017199,0.999771,117.137878,415.853485,100.421944
805,8.050000,0.011448,0.005585,-0.017151,0.999772,117.135178,415.858612,100.431442
806,8.060000,0.011482,0.005641,-0.016979,0.999774,117.096725,415.855194,100.446548
807,8.070000,0.011557,0.005032,-0.016232,0.999789,117.039925,415.832031,100.446266
808,8.080000,0.011479,0.005563,-0.016679,0.999780,117.016472,415.824951,100.442856
809,8.090000,0.010340,0.007176,-0.015531,0.999800,117.192528,415.928223,100.487106
810,8.100000,0.010834,0.007040,-0.017055,0.999771,117.098778,415.882263,100.467751
811,8.110000,0.011998,0.006204,-0.017807,0.999750,116.994453,415.960144,100.288269
812,8.120000,0.011799,0.005376,-0.019495,0.999726,116.854965,416.000824,100.286507
813,8.130000,0.010283,0.003270,-0.023996,0.999654,116.452881,416.184509,100.279404
814,8.140000,0.009694,0.003712,-0.027042,0.999580,116.344833,416.239288,100.309326
815,8.150000,0.011237,0.003832,-0.014593,0.999823,117.071327,416.150970,100.128632
816,8.160000,0.010368,0.002736,-0.021117,0.999720,116.629951,416.190521,100.243507
817,8.170000,0.010288,0.002577,-0.021908,0.999704,116.557335,416.188904,100.256126
818,8.180000,0.010323,0.002509,-0.021741,0.999707,116.534912,416.178192,100.257935
819,8.190000,0.010335,0.002423,-0.021921,0.999703,116.472412,416.159119,100.278397
820,8.200000,0.010357,0.002415,-0.021914,0.999703,116.461044,416.152252,100.286308
821,8.210000,0.010354,0.002475,-0.022013,0.999701,116.463478,416.156677,100.293526
822,8.220000,0.010417,0.002496,-0.021643,0.999708,116.497200,416.167572,100.284119
823,8.230000,0.010389,0.002500,-0.021583,0.999710,116.512665,416.168030,100.275948
824,8.240000,0.010375,0.002479,-0.021513,0.999712,116.531105,416.170135,100.264709
825,8.250000,0.010299,0.002532,-0.021727,0.999708,116.563522,416.177551,100.251488
826,8.260000,0.010295,0.002548,-0.021750,0.999707,116.582390,416.189423,100.247810
827,8.270000,0.010180,0.002678,-0.022312,0.999696,116.563538,416.194763,100.265488
828,8.280000,0.010184,0.002743,-0.022304,0.999696,116.554985,416.190002,100.275726
829,8.290000,0.010365,0.002692,-0.021651,0.999708,116.542358,416.176788,100.275681
830,8.300000,0.010425,0.002632,-0.021501,0.999711,116.514969,416.163666,100.279556
831,8.310000,0.010556,0.002051,-0.021021,0.999721,116.470932,416.149109,100.273178
832,8.320000,0.010405,0.002578,-0.021463,0.999712,116.477135,416.166107,100.271553
833,8.330000,0.010401,0.002452,-0.021391,0.999714,116.473770,416.167755,100.265404
834,8.340000,0.010401,0.002421,-0.021407,0.999714,116.483894,416.168518,100.262611
835,8.350000,0.010177,0.002447,-0.022672,0.999688,116.445381,416.162720,100.293221
836,8.360000,0.010321,0.002386,-0.022062,0.999701,116.508392,416.170013,100.276764
837,8.370000,0.010332,0.002416,-0.021801,0.999706,116.574158,416.181580,100.263153
838,8.380000,0.010317,0.002456,-0.021857,0.999705,116.596710,416.187531,100.263046
839,8.390000,0.010328,0.002462,-0.021832,0.999705,116.594048,416.186920,100.262062
840,8.400000,0.010374,0.002518,-0.021681,0.999708,116.568748,416.184967,100.261452
841,8.410000,0.010350,0.002474,-0.021660,0.999709,116.550560,416.179321,100.255997
842,8.420000,0.010393,0.002466,-0.021429,0.999713,116.513802,416.176849,100.257217
843,8.430000,0.010415,0.002470,-0.021348,0.999715,116.485733,416.170532,100.261200
844,8.440000,0.010443,0.002417,-0.021224,0.999717,116.470581,416.161957,100.267265
845,8.450000,0.010462,0.002417,-0.021207,0.999718,116.467888,416.156830,100.274887
846,8.460000,0.010460,0.002410,-0.021278,0.999716,116.482780,416.159485,100.277061
847,8.470000,0.010432,0.002435,-0.021380,0.999714,116.506241,416.169006,100.274086
848,8.480000,0.010354,0.002445,-0.021664,0.999709,116.544067,416.178741,100.261742
849,8.490000,0.010317,0.002459,-0.021778,0.999707,116.568794,416.186676,100.252548
850,8.500000,0.010252,0.002416,-0.022321,0.999695,116.554382,416.184113,100.258171
851,8.510000,0.010316,0.002419,-0.021843,0.999705,116.583748,416.189056,100.248726
852,8.520000,0.010321,0.002441,-0.021788,0.999706,116.577698,416.187500,100.254929
853,8.530000,0.010337,0.002366,-0.021997,0.999702,116.515495,416.176086,100.280083
854,8.540000,0.010411,0.002381,-0.021541,0.999711,116.512489,416.171204,100.276207
855,8.550000,0.010437,0.002331,-0.021344,0.999715,116.493256,416.166748,100.276115
856,8.560000,0.010440,0.002352,-0.021286,0.999716,116.477089,416.164795,100.270691
857,8.570000,0.010439,0.002352,-0.021261,0.999717,116.473587,416.165558,100.265091
858,8.580000,0.010429,0.002371,-0.021274,0.999717,116.483231,416.167755,100.261414
859,8.590000,0.010599,0.002444,-0.020682,0.999727,116.540405,416.172150,100.237862
860,8.600000,0.010446,0.002377,-0.021409,0.999713,116.528305,416.174622,100.260796
861,8.610000,0.010240,0.002490,-0.022158,0.999699,116.543343,416.182831,100.276749
862,8.620000,0.010336,0.002503,-0.021764,0.999707,116.580101,416.187469,100.264549
863,8.630000,0.010391,0.002467,-0.021553,0.999711,116.572098,416.188477,100.263069
864,8.640000,0.010356,0.002436,-0.021661,0.999709,116.569046,416.183807,100.257484
865,8.650000,0.010255,0.002468,-0.021997,0.999702,116.514153,416.182953,100.272125
866,8.660000,0.010355,0.002401,-0.021489,0.999713,116.511421,416.179901,100.260254
867,8.670000,0.010392,0.002364,-0.021406,0.999714,116.491638,416.173035,100.260910
868,8.680000,0.010420,0.002348,-0.021348,0.999715,116.482559,416.168060,100.265083
869,8.690000,0.010418,0.002337,-0.021300,0.999716,116.483635,416.164185,100.269348
870,8.700000,0.010431,0.002345,-0.021328,0.999715,116.494217,416.166870,100.271317
871,8.710000,0.010431,0.002376,-0.021380,0.999714,116.519539,416.174042,100.268570
872,8.720000,0.010368,0.002347,-0.021908,0.999704,116.509102,416.174805,100.275612
873,8.730000,0.010366,0.002375,-0.021629,0.999710,116.562904,416.181335,100.255310
874,8.740000,0.010348,0.002390,-0.021610,0.999710,116.574669,416.185364,100.249962
875,8.750000,0.010210,0.002452,-0.022136,0.999700,116.549995,416.188782,100.265862
876,8.760000,0.010338,0.002401,-0.021633,0.999710,116.561554,416.186462,100.256363
877,8.770000,0.010420,0.002389,-0.021423,0.999713,116.535004,416.180267,100.262550
878,8.780000,0.010434,0.002369,-0.021339,0.999715,116.513680,416.171051,100.267082
879,8.790000,0.010436,0.002362,-0.021329,0.999715,116.495926,416.165131,100.268669
880,8.800000,0.010443,0.002325,-0.021290,0.999716,116.486626,416.165314,100.265717
881,8.810000,0.010415,0.002358,-0.021377,0.999715,116.487541,416.170013,100.260513
882,8.820000,0.010351,0.002280,-0.021808,0.999706,116.469994,416.168701,100.267754
883,8.830000,0.010408,0.002330,-0.021391,0.999714,116.516243,416.176086,100.254990
884,8.840000,0.010371,0.002336,-0.021522,0.999712,116.549141,416.178864,100.252365
885,8.850000,0.010369,0.002343,-0.021602,0.999710,116.566460,416.181702,100.258141
886,8.860000,0.010370,0.002359,-0.021633,0.999709,116.575745,416.184448,100.261078
887,8.870000,0.010369,0.002380,-0.021627,0.999710,116.573509,416.184296,100.262642
888,8.880000,0.010376,0.002376,-0.021588,0.999710,116.560455,416.180420,100.260590
889,8.890000,0.010378,0.002345,-0.021539,0.999711,116.540970,416.176819,100.257973
890,8.900000,0.010418,0.002352,-0.021357,0.999715,116.512840,416.176056,100.258934
891,8.910000,0.010429,0.002311,-0.021297,0.999716,116.496010,416.173645,100.259750
892,8.920000,0.010428,0.002302,-0.021264,0.999717,116.489975,416.169373,100.263206
893,8.930000,0.010441,0.002310,-0.021282,0.999716,116.493614,416.168396,100.266022
894,8.940000,0.010421,0.002290,-0.021331,0.999716,116.505638,416.168671,100.266762
895,8.950000,0.010421,0.002312,-0.021392,0.999714,116.522339,416.176056,100.263809
896,8.960000,0.010361,0.002337,-0.021596,0.999710,116.550735,416.181061,100.255989
897,8.970000,0.010345,0.002346,-0.021644,0.999710,116.563271,416.184723,100.250610
898,8.980000,0.010213,0.002431,-0.022150,0.999700,116.545326,416.186798,100.262657
899,8.990000,0.010195,0.002472,-0.022144,0.999700,116.543480,416.187805,100.265350
900,9.000000,0.010328,0.002414,-0.021656,0.999709,116.551430,416.183472,100.257080
901,9.010000,0.010314,0.002397,-0.021848,0.999705,116.507118,416.179016,100.276184
902,9.020000,0.010429,0.002360,-0.021346,0.999715,116.509865,416.173340,100.270248
903,9.030000,0.010460,0.002269,-0.021189,0.999718,116.499252,416.167175,100.268677
904,9.040000,0.010461,0.002252,-0.021176,0.999719,116.495331,416.166565,100.267326
905,9.050000,0.010447,0.002278,-0.021263,0.999717,116.501953,416.173187,100.262955
906,9.060000,0.010430,0.002292,-0.021324,0.999716,116.514053,416.177612,100.259521
907,9.070000,0.010378,0.002257,-0.021492,0.999713,116.539444,416.178955,100.253090
908,9.080000,0.010358,0.002280,-0.021566,0.999711,116.554161,416.180511,100.252670
909,9.090000,0.010309,0.002245,-0.022087,0.999700,116.535065,416.177216,100.266731
910,9.100000,0.010232,0.002393,-0.022182,0.999699,116.543655,416.185608,100.272133
911,9.110000,0.010325,0.002366,-0.021685,0.999709,116.560638,416.186005,100.260727
912,9.120000,0.010370,0.002323,-0.021569,0.999711,116.546173,416.179169,100.258255
913,9.130000,0.010299,0.002351,-0.021825,0.999706,116.491791,416.175995,100.273605
914,9.140000,0.010403,0.002316,-0.021360,0.999715,116.496490,416.174927,100.261528
915,9.150000,0.010434,0.002284,-0.021236,0.999718,116.490158,416.172089,100.259567
916,9.160000,0.010450,0.002283,-0.021228,0.999718,116.491135,416.170166,100.262131
917,9.170000,0.010459,0.002263,-0.021190,0.999718,116.500946,416.170013,100.266014
918,9.180000,0.010456,0.002278,-0.021250,0.999717,116.521576,416.173767,100.266174
919,9.190000,0.010436,0.002303,-0.021316,0.999716,116.539261,416.180023,100.264015
920,9.200000,0.010419,0.002304,-0.021395,0.999714,116.553261,416.186432,100.260902
921,9.210000,0.010369,0.002288,-0.021574,0.999711,116.570793,416.187439,100.254028
922,9.220000,0.010356,0.002294,-0.021611,0.999710,116.567116,416.185486,100.250648
923,9.230000,0.010359,0.002248,-0.021541,0.999712,116.558548,416.183197,100.250740
924,9.240000,0.010404,0.002259,-0.021374,0.999715,116.535347,416.182831,100.256012
925,9.250000,0.010379,0.002171,-0.021761,0.999707,116.485756,416.172668,100.272774
926,9.260000,0.010431,0.002220,-0.021361,0.999715,116.493782,416.169159,100.265968
927,9.270000,0.010447,0.002216,-0.021245,0.999717,116.489265,416.167175,100.266617
928,9.280000,0.010452,0.002227,-0.021240,0.999717,116.489067,416.167572,100.265083
929,9.290000,0.010442,0.002251,-0.021252,0.999717,116.497719,416.171204,100.260857
930,9.300000,0.010424,0.002279,-0.021286,0.999717,116.511795,416.175415,100.257469
931,9.310000,0.010429,0.002274,-0.021292,0.999716,116.529015,416.180847,100.256462
932,9.320000,0.010266,0.002318,-0.021966,0.999703,116.536789,416.182098,100.268555
933,9.330000,0.010240,0.002372,-0.022013,0.999703,116.549637,416.185822,100.271332
934,9.340000,0.010240,0.002370,-0.022040,0.999702,116.550606,416.189636,100.274651
935,9.350000,0.010280,0.002383,-0.021919,0.999704,116.534523,416.190216,100.277405
936,9.360000,0.010409,0.002297,-0.021404,0.999714,116.538261,416.183197,100.264366
937,9.370000,0.010446,0.002234,-0.021292,0.999716,116.520981,416.176544,100.260445
938,9.380000,0.010448,0.002185,-0.021210,0.999718,116.506256,416.174774,100.258522
939,9.390000,0.010388,0.002131,-0.021682,0.999709,116.468590,416.168915,100.269302
940,9.400000,0.010442,0.002170,-0.021319,0.999716,116.489876,416.172455,100.261169
941,9.410000,0.010406,0.002147,-0.021695,0.999708,116.473885,416.166687,100.272957
942,9.420000,0.010396,0.002180,-0.021755,0.999707,116.484581,416.167358,100.273926
943,9.430000,0.010421,0.002268,-0.021410,0.999714,116.525620,416.175385,100.261902
944,9.440000,0.010387,0.002275,-0.021517,0.999712,116.550438,416.182037,100.256790
945,9.450000,0.010251,0.002345,-0.022023,0.999702,116.537773,416.185638,100.268127
946,9.460000,0.010346,0.002315,-0.021620,0.999710,116.556015,416.184326,100.254982
947,9.470000,0.010268,0.002305,-0.021950,0.999704,116.530807,416.181580,100.266884
948,9.480000,0.010297,0.002366,-0.021838,0.999706,116.511559,416.184113,100.273666
949,9.490000,0.010421,0.002286,-0.021334,0.999716,116.520523,416.181213,100.263687
950,9.500000,0.010347,0.002259,-0.021675,0.999709,116.489525,416.175140,100.277885
951,9.510000,0.010436,0.002231,-0.021271,0.999717,116.502899,416.171631,100.267159
952,9.520000,0.010327,0.002253,-0.021739,0.999708,116.483604,416.170715,100.277962
953,9.530000,0.010426,0.002204,-0.021239,0.999718,116.513779,416.176453,100.258797
954,9.540000,0.010408,0.002177,-0.021386,0.999715,116.534927,416.180145,100.251762
955,9.550000,0.010386,0.002194,-0.021473,0.999713,116.545044,416.181549,100.251717
956,9.560000,0.010384,0.002231,-0.021511,0.999712,116.552414,416.181091,100.251755
957,9.570000,0.010427,0.002252,-0.021383,0.999715,116.547287,416.183411,100.256134
958,9.580000,0.010433,0.002273,-0.021389,0.999714,116.543686,416.184143,100.258568
959,9.590000,0.010437,0.002273,-0.021347,0.999715,116.535675,416.182678,100.261391
960,9.600000,0.010441,0.002254,-0.021270,0.999717,116.524223,416.178223,100.261475
961,9.610000,0.010328,0.002269,-0.021698,0.999709,116.488411,416.175446,100.275391
962,9.620000,0.010428,0.002236,-0.021282,0.999717,116.501122,416.173523,100.262772
963,9.630000,0.010457,0.002171,-0.021194,0.999718,116.499641,416.174316,100.260468
964,9.640000,0.010333,0.002229,-0.021683,0.999709,116.486305,416.177429,100.274666
965,9.650000,0.010306,0.002294,-0.021760,0.999708,116.500206,416.180237,100.276306
966,9.660000,0.010409,0.002232,-0.021316,0.999716,116.532204,416.179413,100.263611
967,9.670000,0.010400,0.002177,-0.021426,0.999714,116.552086,416.179291,100.256943
968,9.680000,0.010395,0.002205,-0.021511,0.999712,116.562859,416.184845,100.254425
969,9.690000,0.010252,0.002269,-0.022043,0.999702,116.540405,416.187531,100.267624
970,9.700000,0.010350,0.002230,-0.021594,0.999711,116.554108,416.185455,100.255592
971,9.710000,0.010417,0.002159,-0.021309,0.999716,116.533531,416.181671,100.255569
972,9.720000,0.010435,0.002197,-0.021277,0.999717,116.520615,416.178345,100.257019
973,9.730000,0.010335,0.002231,-0.021700,0.999709,116.486893,416.177887,100.275612
974,9.740000,0.010437,0.002219,-0.021264,0.999717,116.500130,416.175629,100.267204
975,9.750000,0.010454,0.002184,-0.021184,0.999719,116.497505,416.169495,100.264915
976,9.760000,0.010471,0.002172,-0.021165,0.999719,116.503845,416.170288,100.263298
977,9.770000,0.010460,0.002221,-0.021240,0.999717,116.515739,416.176575,100.260132
978,9.780000,0.010444,0.002200,-0.021242,0.999717,116.528893,416.182800,100.256973
979,9.790000,0.010261,0.002243,-0.021932,0.999704,116.529488,416.184296,100.266296
980,9.800000,0.010364,0.002195,-0.021457,0.999714,116.559532,416.183655,100.253197
981,9.810000,0.010266,0.002237,-0.021961,0.999704,116.538361,416.182587,100.268715
982,9.820000,0.010297,0.002260,-0.021832,0.999706,116.526421,416.187927,100.273392
983,9.830000,0.010291,0.002260,-0.021755,0.999708,116.519386,416.188232,100.275795
984,9.840000,0.010418,0.002213,-0.021291,0.999717,116.526337,416.182068,100.262543
985,9.850000,0.010464,0.002155,-0.021181,0.999719,116.514633,416.175232,100.260178
986,9.860000,0.010455,0.002156,-0.021156,0.999719,116.505699,416.171722,100.257133
987,9.870000,0.010461,0.002172,-0.021184,0.999719,116.504738,416.176178,100.258026
988,9.880000,0.010334,0.002218,-0.021682,0.999709,116.487808,416.178467,100.273064
989,9.890000,0.010450,0.002208,-0.021210,0.999718,116.519829,416.178528,100.260429
990,9.900000,0.010300,0.002230,-0.021896,0.999705,116.513374,416.175415,100.271210
991,9.910000,0.010308,0.002285,-0.021780,0.999707,116.515953,416.183289,100.275932
992,9.920000,0.010254,0.002294,-0.021965,0.999704,116.534668,416.185333,100.272087
993,9.930000,0.010249,0.002291,-0.021973,0.999703,116.535690,416.187927,100.270210
994,9.940000,0.010252,0.002293,-0.021983,0.999703,116.529221,416.185425,100.268265
995,9.950000,0.010294,0.002269,-0.021797,0.999707,116.512596,416.183441,100.271759
996,9.960000,0.010308,0.002253,-0.021751,0.999708,116.502548,416.181488,100.272903
997,9.970000,0.010431,0.002181,-0.021263,0.999717,116.515488,416.179901,100.261421
998,9.980000,0.010422,0.002128,-0.021330,0.999716,116.519012,416.173218,100.257965
999,9.990000,0.010331,0.002176,-0.021674,0.999709,116.489525,416.173828,100.277405
1000,10.000000,0.010438,0.002177,-0.021264,0.999717,116.514473,416.176422,100.264297
1001,10.010000,0.010448,0.002143,-0.021214,0.999718,116.523033,416.177887,100.259338
1002,10.020000,0.010327,0.002228,-0.021745,0.999708,116.512062,416.184540,100.269585
1003,10.030000,0.010259,0.002232,-0.021874,0.999706,116.532104,416.186676,100.267975
1004,10.040000,0.010374,0.002210,-0.021493,0.999713,116.554832,416.184540,100.254501
1005,10.050000,0.010407,0.002163,-0.021406,0.999714,116.552330,416.179901,100.253464
1006,10.060000,0.010293,0.002203,-0.021900,0.999705,116.521751,416.180298,100.270569
1007,10.070000,0.010315,0.002272,-0.021745,0.999708,116.506310,416.184723,100.276382
1008,10.080000,0.010315,0.002291,-0.021731,0.999708,116.497925,416.182709,100.276443
1009,10.090000,0.010439,0.002203,-0.021257,0.999717,116.508766,416.177551,100.261848
1010,10.100000,0.010364,0.002180,-0.021627,0.999710,116.483528,416.174011,100.272163
1011,10.110000,0.010318,0.002237,-0.021726,0.999708,116.489555,416.179810,100.273308
1012,10.120000,0.010264,0.002201,-0.021875,0.999706,116.509491,416.181335,100.270096
1013,10.130000,0.010307,0.002223,-0.021733,0.999708,116.509819,416.184723,100.273392
1014,10.140000,0.010272,0.002201,-0.021891,0.999705,116.529427,416.182648,100.270660
1015,10.150000,0.010395,0.002079,-0.021723,0.999708,116.516670,416.178284,100.270599
1016,10.160000,0.010322,0.002157,-0.021907,0.999704,116.532295,416.182831,100.268456
1017,10.170000,0.010294,0.002255,-0.021777,0.999707,116.525116,416.188995,100.271790
1018,10.180000,0.010425,0.002230,-0.021297,0.999716,116.538208,416.186096,100.258530
1019,10.190000,0.010345,0.002183,-0.021613,0.999711,116.504456,416.178986,100.269875
1020,10.200000,0.010418,0.002130,-0.021325,0.999716,116.523567,416.175598,100.256821
1021,10.210000,0.010354,0.002149,-0.021613,0.999711,116.485443,416.177277,100.274811
1022,10.220000,0.010457,0.002131,-0.021193,0.999718,116.502396,416.177155,100.264458
1023,10.230000,0.010356,0.002127,-0.021598,0.999711,116.486900,416.174988,100.276527
1024,10.240000,0.010463,0.002142,-0.021182,0.999719,116.517097,416.176025,100.260254
1025,10.250000,0.010339,0.002172,-0.021696,0.999709,116.501839,416.178864,100.272720
1026,10.260000,0.010370,0.002133,-0.021567,0.999711,116.537933,416.182129,100.257767
1027,10.270000,0.010356,0.002050,-0.021888,0.999705,116.523407,416.178833,100.263641
1028,10.280000,0.010399,0.002095,-0.021505,0.999713,116.549545,416.180908,100.253105
1029,10.290000,0.010286,0.002171,-0.021904,0.999705,116.532166,416.182648,100.267998
1030,10.300000,0.010382,0.002162,-0.021484,0.999713,116.547447,416.182404,100.258331
1031,10.310000,0.010345,0.002178,-0.021695,0.999709,116.510521,416.182404,100.274040
1032,10.320000,0.010329,0.002204,-0.021690,0.999709,116.501518,416.182434,100.275597
1033,10.330000,0.010445,0.002150,-0.021176,0.999719,116.515038,416.178345,100.262276
1034,10.340000,0.010357,0.002133,-0.021539,0.999712,116.489990,416.174316,100.271492
1035,10.350000,0.010469,0.002120,-0.021139,0.999720,116.513901,416.177948,100.257889
1036,10.360000,0.010311,0.002120,-0.021800,0.999707,116.504753,416.177979,100.268585
1037,10.370000,0.010318,0.002209,-0.021705,0.999709,116.504646,416.184143,100.273186
1038,10.380000,0.010314,0.002231,-0.021712,0.999709,116.512039,416.184845,100.273384
1039,10.390000,0.010272,0.002228,-0.021929,0.999704,116.530205,416.183289,100.269730
1040,10.400000,0.010385,0.002155,-0.021494,0.999713,116.550529,416.183319,100.255829
1041,10.410000,0.010338,0.002163,-0.021720,0.999708,116.519096,416.185364,100.269173
1042,10.420000,0.010311,0.002204,-0.021723,0.999708,116.511841,416.185974,100.271553
1043,10.430000,0.010301,0.002217,-0.021712,0.999709,116.506950,416.182373,100.271736
1044,10.440000,0.010429,0.002142,-0.021237,0.999718,116.519531,416.178284,100.258453
1045,10.450000,0.010368,0.002114,-0.021609,0.999711,116.495346,416.178223,100.271431
1046,10.460000,0.010338,0.002145,-0.021627,0.999710,116.497169,416.181000,100.275482
1047,10.470000,0.010331,0.002177,-0.021656,0.999710,116.500191,416.181488,100.275696
1048,10.480000,0.010318,0.002165,-0.021637,0.999710,116.505241,416.180664,100.274567
1049,10.490000,0.010327,0.002173,-0.021673,0.999709,116.512749,416.184479,100.272644
1050,10.500000,0.010440,0.002156,-0.021274,0.999717,116.537506,416.186493,100.257538
1051,10.510000,0.010356,0.002150,-0.021661,0.999710,116.519753,416.186646,100.267204
1052,10.520000,0.010278,0.002198,-0.021891,0.999705,116.526962,416.184082,100.268196
1053,10.530000,0.010308,0.002202,-0.021735,0.999708,116.515602,416.183929,100.270912
1054,10.540000,0.010432,0.002168,-0.021287,0.999717,116.528015,416.182587,100.259628
1055,10.550000,0.010470,0.002094,-0.021197,0.999718,116.520180,416.180115,100.257828
1056,10.560000,0.010476,0.002105,-0.021178,0.999719,116.516449,416.179047,100.259094
1057,10.570000,0.010350,0.002137,-0.021637,0.999710,116.490158,416.177399,100.274117
1058,10.580000,0.010319,0.002169,-0.021642,0.999710,116.495636,416.177734,100.272850
1059,10.590000,0.010319,0.002163,-0.021655,0.999710,116.501266,416.182220,100.272171
1060,10.600000,0.010318,0.002176,-0.021681,0.999709,116.509995,416.186249,100.272186
1061,10.610000,0.010323,0.002195,-0.021724,0.999708,116.517120,416.187286,100.271713
1062,10.620000,0.010285,0.002175,-0.021854,0.999706,116.533508,416.184082,100.270332
1063,10.630000,0.010324,0.002197,-0.021719,0.999708,116.524002,416.186066,100.273003
1064,10.640000,0.010294,0.002200,-0.021868,0.999705,116.530701,416.185852,100.270294
1065,10.650000,0.010281,0.002151,-0.021835,0.999706,116.526871,416.185730,100.269379
1066,10.660000,0.010291,0.002158,-0.021821,0.999707,116.519157,416.182770,100.269661
1067,10.670000,0.010442,0.002120,-0.021218,0.999718,116.520477,416.179840,100.258789
1068,10.680000,0.010476,0.002066,-0.021106,0.999720,116.512238,416.174530,100.256752
1069,10.690000,0.010484,0.002047,-0.021082,0.999721,116.510025,416.177307,100.257095
1070,10.700000,0.010482,0.002058,-0.021091,0.999721,116.513565,416.179779,100.258148
1071,10.710000,0.010481,0.002070,-0.021136,0.999720,116.519386,416.179047,100.258682
1072,10.720000,0.010475,0.002063,-0.021135,0.999720,116.526817,416.178436,100.258163
1073,10.730000,0.010428,0.002063,-0.021325,0.999716,116.544334,416.179108,100.253853
1074,10.740000,0.010333,0.002131,-0.021700,0.999709,116.517807,416.186432,100.270523
1075,10.750000,0.010267,0.002158,-0.021867,0.999706,116.534729,416.188965,100.267784
1076,10.760000,0.010269,0.002165,-0.021871,0.999706,116.531525,416.186584,100.268394
1077,10.770000,0.010284,0.002173,-0.021852,0.999706,116.527153,416.183655,100.269402
1078,10.780000,0.010334,0.002138,-0.021651,0.999710,116.510536,416.183624,100.273659
1079,10.790000,0.010337,0.002149,-0.021642,0.999710,116.502472,416.183990,100.274475
1080,10.800000,0.010333,0.002140,-0.021624,0.999711,116.496559,416.181763,100.275253
1081,10.810000,0.010338,0.002147,-0.021609,0.999711,116.493668,416.179596,100.274971
1082,10.820000,0.010450,0.002101,-0.021160,0.999719,116.513680,416.176239,100.259315
1083,10.830000,0.010378,0.002073,-0.021532,0.999712,116.497986,416.178223,100.269005
1084,10.840000,0.010430,0.002099,-0.021354,0.999715,116.518829,416.183594,100.259872
1085,10.850000,0.010345,0.002114,-0.021692,0.999709,116.508781,416.185547,100.270752
1086,10.860000,0.010414,0.002079,-0.021358,0.999716,116.549438,416.182281,100.254234
1087,10.870000,0.010446,0.002062,-0.021334,0.999716,116.534027,416.180237,100.259453
1088,10.880000,0.010331,0.002110,-0.021656,0.999710,116.513573,416.183044,100.271965
1089,10.890000,0.010320,0.002143,-0.021670,0.999710,116.514282,416.188446,100.272217
1090,10.900000,0.010318,0.002160,-0.021664,0.999710,116.508804,416.187408,100.272423
1091,10.910000,0.010320,0.002156,-0.021643,0.999710,116.502174,416.182526,100.272041
1092,10.920000,0.010336,0.002126,-0.021619,0.999711,116.497246,416.180725,100.272789
1093,10.930000,0.010428,0.002070,-0.021303,0.999717,116.508064,416.177856,100.263344
1094,10.940000,0.010367,0.002094,-0.021647,0.999710,116.495819,416.181763,100.273499
1095,10.950000,0.010461,0.002070,-0.021220,0.999718,116.521484,416.182312,100.261353
1096,10.960000,0.010326,0.002060,-0.021758,0.999708,116.515717,416.177185,100.270424
1097,10.970000,0.010441,0.002049,-0.021248,0.999718,116.532036,416.181396,100.258957
1098,10.980000,0.010314,0.002072,-0.021820,0.999707,116.524620,416.183044,100.267746
1099,10.990000,0.010280,0.002112,-0.021843,0.999706,116.528740,416.187714,100.267326
1100,11.000000,0.010309,0.002151,-0.021689,0.999709,116.517860,416.188782,100.271332
1101,11.010000,0.010444,0.002075,-0.021184,0.999719,116.529938,416.183441,100.258568
1102,11.020000,0.010484,0.002034,-0.021099,0.999720,116.523788,416.178680,100.257225
1103,11.030000,0.010490,0.002036,-0.021105,0.999720,116.521027,416.180115,100.257904
1104,11.040000,0.010488,0.002034,-0.021088,0.999721,116.518074,416.180908,100.258858
1105,11.050000,0.010361,0.002090,-0.021607,0.999711,116.496277,416.179596,100.273697
1106,11.060000,0.010286,0.002118,-0.021754,0.999708,116.510536,416.177673,100.270142
1107,11.070000,0.010442,0.002075,-0.021200,0.999719,116.526543,416.181580,100.258469
1108,11.080000,0.010324,0.002052,-0.021787,0.999707,116.517693,416.181061,100.267593
1109,11.090000,0.010288,0.002102,-0.021831,0.999707,116.526222,416.186096,100.269096
1110,11.100000,0.010403,0.002096,-0.021398,0.999715,116.549263,416.184052,100.255852
1111,11.110000,0.010352,0.002084,-0.021604,0.999711,116.517807,416.181458,100.269798
1112,11.120000,0.010298,0.002086,-0.021790,0.999707,116.524750,416.183105,100.269226
1113,11.130000,0.010331,0.002136,-0.021675,0.999709,116.509354,416.187439,100.272850
1114,11.140000,0.010336,0.002124,-0.021632,0.999710,116.503784,416.186646,100.272552
1115,11.150000,0.010465,0.002058,-0.021145,0.999720,116.517319,416.180969,100.258835
1116,11.160000,0.010377,0.002050,-0.021530,0.999712,116.493431,416.176086,100.269867
1117,11.170000,0.010464,0.002017,-0.021137,0.999720,116.512627,416.178162,100.258820
1118,11.180000,0.010366,0.002082,-0.021643,0.999710,116.497162,416.182037,100.272469
1119,11.190000,0.010476,0.002061,-0.021149,0.999719,116.528244,416.182922,100.258209
1120,11.200000,0.010437,0.002004,-0.021356,0.999716,116.533112,416.177643,100.258064
1121,11.210000,0.010442,0.001987,-0.021245,0.999718,116.525261,416.178772,100.260635
1122,11.220000,0.010309,0.002064,-0.021801,0.999707,116.524277,416.182983,100.267807
1123,11.230000,0.010327,0.002110,-0.021666,0.999710,116.516953,416.190430,100.270615
1124,11.240000,0.010328,0.002148,-0.021666,0.999710,116.513458,416.189209,100.272156
1125,11.250000,0.010422,0.002035,-0.021297,0.999717,116.536102,416.181000,100.256203
1126,11.260000,0.010392,0.002035,-0.021555,0.999712,116.501923,416.178192,100.270729
1127,11.270000,0.010481,0.002029,-0.021152,0.999719,116.517319,416.180939,100.259651
1128,11.280000,0.010371,0.002049,-0.021601,0.999711,116.494881,416.181122,100.272804
1129,11.290000,0.010345,0.002078,-0.021616,0.999711,116.498840,416.182739,100.273689
1130,11.300000,0.010300,0.002086,-0.021767,0.999708,116.512581,416.179718,100.269997
1131,11.310000,0.010320,0.002119,-0.021663,0.999710,116.508453,416.182129,100.270226
1132,11.320000,0.010449,0.002067,-0.021246,0.999718,116.532120,416.185333,100.257195
1133,11.330000,0.010373,0.002035,-0.021565,0.999712,116.516472,416.187073,100.268135
1134,11.340000,0.010404,0.002052,-0.021501,0.999713,116.539093,416.181641,100.257965
1135,11.350000,0.010423,0.002005,-0.021443,0.999714,116.537918,416.177185,100.257599
1136,11.360000,0.010362,0.002054,-0.021634,0.999710,116.506905,416.182068,100.271660
1137,11.370000,0.010335,0.002114,-0.021656,0.999710,116.506531,416.186279,100.272552
1138,11.380000,0.010300,0.002093,-0.021775,0.999708,116.513000,416.183716,100.270279
1139,11.390000,0.010340,0.002111,-0.021651,0.999710,116.500198,416.182739,100.271988
1140,11.400000,0.010342,0.002076,-0.021588,0.999711,116.496925,416.180084,100.272881
1141,11.410000,0.010346,0.002076,-0.021611,0.999711,116.498642,416.180847,100.272438
1142,11.420000,0.010341,0.002101,-0.021647,0.999710,116.504395,416.185699,100.272438
1143,11.430000,0.010298,0.002083,-0.021799,0.999707,116.520668,416.185150,100.270233
1144,11.440000,0.010440,0.002063,-0.021256,0.999717,116.535355,416.182556,100.258476
1145,11.450000,0.010331,0.002021,-0.021764,0.999708,116.523888,416.179993,100.267822
1146,11.460000,0.010295,0.002074,-0.021814,0.999707,116.526550,416.185150,100.267944
1147,11.470000,0.010287,0.002094,-0.021822,0.999707,116.526192,416.187561,100.267937
1148,11.480000,0.010329,0.002100,-0.021665,0.999710,116.512665,416.188446,100.271675
1149,11.490000,0.010416,0.001977,-0.021586,0.999711,116.496201,416.175873,100.270096
1150,11.500000,0.010501,0.001977,-0.021129,0.999720,116.515778,416.175995,100.258186
1151,11.510000,0.010459,0.001927,-0.021496,0.999712,116.488846,416.172577,100.268501
1152,11.520000,0.010377,0.002044,-0.021605,0.999711,116.493813,416.181824,100.272537
1153,11.530000,0.010336,0.002087,-0.021583,0.999711,116.500610,416.185272,100.273430
1154,11.540000,0.010327,0.002071,-0.021583,0.999712,116.504044,416.182526,100.272095
1155,11.550000,0.010346,0.002077,-0.021617,0.999711,116.508286,416.183380,100.271172
1156,11.560000,0.010341,0.002119,-0.021667,0.999710,116.512970,416.186523,100.270851
1157,11.570000,0.010342,0.002087,-0.021659,0.999710,116.515945,416.190063,100.271278
1158,11.580000,0.010294,0.002084,-0.021804,0.999707,116.527748,416.186676,100.268654
1159,11.590000,0.010295,0.002077,-0.021799,0.999707,116.524376,416.183105,100.269592
1160,11.600000,0.010421,0.001994,-0.021291,0.999717,116.540169,416.180634,100.256142
1161,11.610000,0.010379,0.002006,-0.021551,0.999712,116.506775,416.182434,100.269981
1162,11.620000,0.010343,0.002071,-0.021608,0.999711,116.502769,416.185669,100.272614
1163,11.630000,0.010327,0.002095,-0.021605,0.999711,116.499504,416.182831,100.272850
1164,11.640000,0.010463,0.002024,-0.021133,0.999720,116.518082,416.180054,100.259232
1165,11.650000,0.010473,0.001958,-0.021194,0.999719,116.511543,416.177643,100.260590
1166,11.660000,0.010365,0.002011,-0.021578,0.999711,116.501244,416.183380,100.270981
1167,11.670000,0.010404,0.002000,-0.021430,0.999714,116.531418,416.182220,100.259399
1168,11.680000,0.010423,0.001971,-0.021409,0.999715,116.534492,416.179108,100.257721
1169,11.690000,0.010365,0.002039,-0.021606,0.999711,116.509209,416.181854,100.271027
1170,11.700000,0.010298,0.002052,-0.021775,0.999708,116.523262,416.183655,100.269379
1171,11.710000,0.010327,0.002091,-0.021648,0.999710,116.511375,416.188690,100.272392
1172,11.720000,0.010335,0.002079,-0.021619,0.999711,116.508858,416.188690,100.272400
1173,11.730000,0.010423,0.001953,-0.021565,0.999711,116.497009,416.177765,100.270256
1174,11.740000,0.010448,0.001916,-0.021530,0.999712,116.490250,416.172668,100.270126
1175,11.750000,0.010379,0.002002,-0.021560,0.999712,116.500008,416.180695,100.272469
1176,11.760000,0.010341,0.002083,-0.021625,0.999711,116.503761,416.185974,100.273445
1177,11.770000,0.010396,0.001983,-0.021427,0.999714,116.525383,416.181610,100.261818
1178,11.780000,0.010376,0.001994,-0.021581,0.999711,116.503090,416.181458,100.271400
1179,11.790000,0.010330,0.002043,-0.021575,0.999712,116.508049,416.182587,100.270790
1180,11.800000,0.010335,0.002104,-0.021650,0.999710,116.512260,416.187408,100.270645
1181,11.810000,0.010340,0.002081,-0.021645,0.999710,116.512184,416.189545,100.271263
1182,11.820000,0.010304,0.002056,-0.021799,0.999707,116.521896,416.184723,100.269089
1183,11.830000,0.010334,0.002081,-0.021655,0.999710,116.509926,416.183594,100.272423
1184,11.840000,0.010348,0.002047,-0.021584,0.999711,116.505569,416.182373,100.272247
1185,11.850000,0.010345,0.002084,-0.021616,0.999711,116.502617,416.183319,100.272766
1186,11.860000,0.010308,0.002046,-0.021752,0.999708,116.510551,416.183655,100.269897
1187,11.870000,0.010465,0.002004,-0.021164,0.999719,116.521767,416.182983,100.258522
1188,11.880000,0.010469,0.001936,-0.021194,0.999719,116.531479,416.176575,100.253723
1189,11.890000,0.010334,0.001973,-0.021730,0.999709,116.512321,416.177826,100.269707
1190,11.900000,0.010341,0.002060,-0.021628,0.999711,116.510353,416.186218,100.272850
1191,11.910000,0.010339,0.002087,-0.021642,0.999710,116.513466,416.189636,100.273232
1192,11.920000,0.010303,0.002056,-0.021771,0.999708,116.525421,416.185699,100.269218
1193,11.930000,0.010340,0.002065,-0.021640,0.999710,116.518173,416.185730,100.271523
1194,11.940000,0.010343,0.002050,-0.021621,0.999711,116.512161,416.185669,100.271538
1195,11.950000,0.010339,0.002073,-0.021650,0.999710,116.508400,416.186920,100.271698
1196,11.960000,0.010341,0.002052,-0.021608,0.999711,116.505264,416.185791,100.272675
1197,11.970000,0.010464,0.002009,-0.021135,0.999720,116.520332,416.181152,100.259232
1198,11.980000,0.010374,0.001990,-0.021558,0.999712,116.492958,416.176453,100.271973
1199,11.990000,0.010460,0.001974,-0.021240,0.999718,116.509583,416.179016,100.262733
1200,12.000000,0.010499,0.001965,-0.021072,0.999721,116.520203,416.182495,100.257126
1201,12.010000,0.010364,0.002007,-0.021565,0.999712,116.502678,416.184052,100.271942
1202,12.020000,0.010301,0.002037,-0.021762,0.999708,116.519051,416.182434,100.269875
1203,12.030000,0.010340,0.002071,-0.021623,0.999711,116.512573,416.185303,100.271645
1204,12.040000,0.010307,0.002042,-0.021745,0.999708,116.523453,416.184479,100.269188
1205,12.050000,0.010338,0.002040,-0.021619,0.999711,116.516273,416.188873,100.272278
1206,12.060000,0.010304,0.002033,-0.021760,0.999708,116.524574,416.186340,100.269875
1207,12.070000,0.010435,0.001988,-0.021326,0.999716,116.523003,416.182831,100.262749
1208,12.080000,0.010472,0.001954,-0.021256,0.999717,116.518410,416.179382,100.260765
1209,12.090000,0.010465,0.001920,-0.021173,0.999719,116.533173,416.178284,100.254761
1210,12.100000,0.010372,0.002021,-0.021610,0.999711,116.497406,416.182312,100.272690
1211,12.110000,0.010389,0.001902,-0.021698,0.999709,116.499130,416.174255,100.267563
1212,12.120000,0.010383,0.001976,-0.021596,0.999711,116.496758,416.177948,100.270439
1213,12.130000,0.010449,0.001951,-0.021250,0.999718,116.514175,416.179596,100.261894
1214,12.140000,0.010367,0.002004,-0.021597,0.999711,116.504013,416.184174,100.271614
1215,12.150000,0.010338,0.002072,-0.021617,0.999711,116.510345,416.188812,100.272369
1216,12.160000,0.010290,0.002051,-0.021777,0.999708,116.523819,416.184021,100.268845
1217,12.170000,0.010344,0.002087,-0.021669,0.999710,116.512985,416.185089,100.272621
1218,12.180000,0.010470,0.001997,-0.021159,0.999719,116.530731,416.183380,100.258926
1219,12.190000,0.010331,0.001948,-0.021703,0.999709,116.515182,416.181183,100.268730
1220,12.200000,0.010346,0.002016,-0.021589,0.999711,116.506599,416.187866,100.272453
1221,12.210000,0.010343,0.002052,-0.021570,0.999712,116.505127,416.186951,100.273651
1222,12.220000,0.010472,0.001987,-0.021110,0.999720,116.521957,416.182404,100.260490
1223,12.230000,0.010329,0.001956,-0.021691,0.999710,116.508919,416.176697,100.268501
1224,12.240000,0.010354,0.002032,-0.021589,0.999711,116.502686,416.184784,100.273338
1225,12.250000,0.010439,0.001999,-0.021286,0.999717,116.518181,416.185364,100.263985
1226,12.260000,0.010466,0.001967,-0.021223,0.999718,116.518997,416.182373,100.261444
1227,12.270000,0.010471,0.001951,-0.021207,0.999718,116.519569,416.181091,100.260490
1228,12.280000,0.010325,0.001981,-0.021707,0.999709,116.518661,416.182007,100.268089
1229,12.290000,0.010301,0.002042,-0.021757,0.999708,116.522697,416.186737,100.269531
1230,12.300000,0.010335,0.002049,-0.021606,0.999711,116.511597,416.188568,100.272446
1231,12.310000,0.010346,0.002025,-0.021564,0.999712,116.507965,416.185516,100.272972
1232,12.320000,0.010446,0.001975,-0.021267,0.999717,116.514793,416.180267,100.264572
1233,12.330000,0.010475,0.001923,-0.021222,0.999718,116.513634,416.179657,100.262100
1234,12.340000,0.010372,0.001968,-0.021537,0.999712,116.499977,416.184235,100.272202
1235,12.350000,0.010428,0.001955,-0.021284,0.999717,116.513504,416.183899,100.263199
1236,12.360000,0.010454,0.001916,-0.021235,0.999718,116.513916,416.179840,100.261780
1237,12.370000,0.010483,0.001952,-0.021110,0.999720,116.524879,416.178894,100.257271
1238,12.380000,0.010330,0.001963,-0.021714,0.999709,116.518417,416.181763,100.268814
1239,12.390000,0.010335,0.002072,-0.021642,0.999710,116.512230,416.189392,100.272049
1240,12.400000,0.010339,0.002055,-0.021579,0.999712,116.513947,416.189392,100.272797
1241,12.410000,0.010345,0.002057,-0.021585,0.999711,116.510605,416.186646,100.272110
1242,12.420000,0.010350,0.002038,-0.021563,0.999712,116.508202,416.184998,100.272522
1243,12.430000,0.010347,0.002039,-0.021597,0.999711,116.505592,416.185822,100.272453
1244,12.440000,0.010440,0.002003,-0.021308,0.999716,116.514328,416.184540,100.263138
1245,12.450000,0.010381,0.001984,-0.021520,0.999713,116.499718,416.182251,100.271385
1246,12.460000,0.010455,0.001925,-0.021214,0.999718,116.510887,416.178864,100.263611
1247,12.470000,0.010374,0.001957,-0.021524,0.999713,116.500114,416.180511,100.271866
1248,12.480000,0.010347,0.002028,-0.021582,0.999712,116.506264,416.186249,100.273079
1249,12.490000,0.010336,0.002046,-0.021606,0.999711,116.509888,416.189209,100.272430
1250,12.500000,0.010306,0.002008,-0.021735,0.999709,116.522690,416.185364,100.269394
1251,12.510000,0.010397,0.001860,-0.021689,0.999709,116.513123,416.174377,100.266212
1252,12.520000,0.010392,0.001940,-0.021579,0.999711,116.508553,416.180420,100.269676
1253,12.530000,0.010321,0.001988,-0.021715,0.999709,116.520157,416.184570,100.269035
1254,12.540000,0.010465,0.001958,-0.021146,0.999720,116.530045,416.186646,100.258423
1255,12.550000,0.010392,0.001967,-0.021521,0.999713,116.503532,416.182770,100.270317
1256,12.560000,0.010326,0.001986,-0.021702,0.999709,116.512062,416.180176,100.270210
1257,12.570000,0.010439,0.001957,-0.021288,0.999717,116.515419,416.180878,100.262871
1258,12.580000,0.010383,0.001969,-0.021539,0.999712,116.500298,416.182861,100.271141
1259,12.590000,0.010352,0.002056,-0.021606,0.999711,116.504562,416.186401,100.272125
1260,12.600000,0.010439,0.001983,-0.021282,0.999717,116.516541,416.182892,100.263214
1261,12.610000,0.010450,0.001868,-0.021525,0.999712,116.496307,416.174072,100.268204
1262,12.620000,0.010365,0.001968,-0.021568,0.999712,116.505104,416.181946,100.270760
1263,12.630000,0.010436,0.001959,-0.021289,0.999717,116.523170,416.186340,100.262344
1264,12.640000,0.010462,0.001928,-0.021253,0.999718,116.523529,416.185394,100.261375
1265,12.650000,0.010367,0.001974,-0.021572,0.999712,116.507347,416.183838,100.271446
1266,12.660000,0.010414,0.001925,-0.021382,0.999715,116.530632,416.178284,100.259720
1267,12.670000,0.010473,0.001915,-0.021246,0.999718,116.518608,416.179962,100.259743
1268,12.680000,0.010373,0.001960,-0.021554,0.999712,116.502075,416.185120,100.271172
1269,12.690000,0.010427,0.001958,-0.021295,0.999717,116.512985,416.182831,100.263794
1270,12.700000,0.010381,0.001962,-0.021557,0.999712,116.499001,416.181580,100.272469
1271,12.710000,0.010320,0.001946,-0.021672,0.999710,116.514351,416.180573,100.270126
1272,12.720000,0.010457,0.001931,-0.021130,0.999720,116.528168,416.183533,100.258331
1273,12.730000,0.010474,0.001894,-0.021224,0.999718,116.520065,416.183014,100.259857
1274,12.740000,0.010334,0.001944,-0.021698,0.999709,116.517975,416.183563,100.268852
1275,12.750000,0.010341,0.002027,-0.021615,0.999711,116.510773,416.185974,100.271782
1276,12.760000,0.010344,0.002040,-0.021597,0.999711,116.511597,416.185944,100.271904
1277,12.770000,0.010407,0.001938,-0.021401,0.999715,116.529221,416.182556,100.260307
1278,12.780000,0.010471,0.001917,-0.021266,0.999717,116.518074,416.183075,100.261116
1279,12.790000,0.010478,0.001919,-0.021260,0.999717,116.514175,416.180817,100.261192
1280,12.800000,0.010413,0.001824,-0.021659,0.999710,116.502197,416.171356,100.267647
1281,12.810000,0.010382,0.001965,-0.021574,0.999711,116.498817,416.180298,100.273384
1282,12.820000,0.010465,0.001950,-0.021090,0.999721,116.523453,416.183960,100.259995
1283,12.830000,0.010336,0.001929,-0.021704,0.999709,116.512444,416.182709,100.269447
1284,12.840000,0.010355,0.001979,-0.021592,0.999711,116.506767,416.186615,100.273544
1285,12.850000,0.010352,0.002014,-0.021580,0.999712,116.508278,416.185150,100.273376
1286,12.860000,0.010352,0.001981,-0.021562,0.999712,116.511253,416.185242,100.272560
1287,12.870000,0.010445,0.001925,-0.021286,0.999717,116.523529,416.185913,100.263947
1288,12.880000,0.010372,0.001948,-0.021581,0.999711,116.508209,416.186920,100.273758
1289,12.890000,0.010473,0.001929,-0.021143,0.999720,116.527885,416.184814,100.261070
1290,12.900000,0.010439,0.001859,-0.021300,0.999717,116.529099,416.177917,100.261627
1291,12.910000,0.010472,0.001882,-0.021173,0.999719,116.518951,416.180481,100.262627
1292,12.920000,0.010369,0.001934,-0.021498,0.999713,116.505455,416.184845,100.273804
1293,12.930000,0.010346,0.001992,-0.021534,0.999713,116.508698,416.188293,100.274559
1294,12.940000,0.010415,0.001867,-0.021481,0.999713,116.498955,416.177734,100.272598
1295,12.950000,0.010464,0.001888,-0.021212,0.999718,116.515526,416.177734,100.264259
1296,12.960000,0.010485,0.001902,-0.021045,0.999722,116.528427,416.181396,100.259819
1297,12.970000,0.010437,0.001835,-0.021514,0.999712,116.501427,416.180298,100.271446
1298,12.980000,0.010475,0.001897,-0.021249,0.999718,116.518776,416.183472,100.264954
1299,12.990000,0.010469,0.001902,-0.021186,0.999719,116.520439,416.182068,100.264381
1300,13.000000,0.010362,0.001956,-0.021536,0.999713,116.503860,416.182770,100.276169
1301,13.010000,0.010435,0.001931,-0.021279,0.999717,116.515053,416.183472,100.267883
1302,13.020000,0.010443,0.001813,-0.021494,0.999713,116.494919,416.178040,100.273178
1303,13.030000,0.010471,0.001839,-0.021236,0.999718,116.511833,416.180725,100.266556
1304,13.040000,0.010468,0.001859,-0.021210,0.999719,116.516525,416.180878,100.265900
1305,13.050000,0.010468,0.001852,-0.021182,0.999719,116.519470,416.180084,100.265007
1306,13.060000,0.010425,0.001859,-0.021349,0.999716,116.534500,416.181549,100.262535
1307,13.070000,0.010459,0.001906,-0.021216,0.999718,116.528328,416.186768,100.265015
1308,13.080000,0.010421,0.001862,-0.021349,0.999716,116.539909,416.183258,100.261742
1309,13.090000,0.010424,0.001875,-0.021328,0.999716,116.540779,416.180634,100.261627
1310,13.100000,0.010422,0.001872,-0.021330,0.999716,116.536896,416.178955,100.261284
1311,13.110000,0.010329,0.001943,-0.021711,0.999709,116.519905,416.184082,100.272812
1312,13.120000,0.010348,0.002032,-0.021580,0.999712,116.511024,416.188721,100.276474
1313,13.130000,0.010450,0.001954,-0.021220,0.999718,116.516518,416.184357,100.269394
1314,13.140000,0.010475,0.001876,-0.021156,0.999720,116.512405,416.177704,100.268204
1315,13.150000,0.010480,0.001838,-0.021137,0.999720,116.512238,416.178375,100.267899
1316,13.160000,0.010437,0.001805,-0.021469,0.999713,116.492439,416.175293,100.273537
1317,13.170000,0.010469,0.001891,-0.021264,0.999717,116.514275,416.182373,100.266724
1318,13.180000,0.010415,0.001870,-0.021331,0.999716,116.528931,416.179565,100.262566
1319,13.190000,0.010457,0.001865,-0.021224,0.999718,116.525490,416.182251,100.264061
1320,13.200000,0.010411,0.001844,-0.021360,0.999716,116.536240,416.180084,100.261757
1321,13.210000,0.010414,0.001866,-0.021385,0.999715,116.539734,416.183411,100.263458
1322,13.220000,0.010419,0.001895,-0.021408,0.999715,116.539261,416.184052,100.263786
1323,13.230000,0.010367,0.001935,-0.021544,0.999712,116.512512,416.185394,100.275833
1324,13.240000,0.010336,0.001972,-0.021506,0.999713,116.511620,416.183411,100.275749
1325,13.250000,0.010335,0.001993,-0.021524,0.999713,116.508430,416.184479,100.276489
1326,13.260000,0.010434,0.001944,-0.021243,0.999718,116.517860,416.183441,100.266594
1327,13.270000,0.010474,0.001890,-0.021153,0.999720,116.516586,416.182709,100.264923
1328,13.280000,0.010343,0.001902,-0.021583,0.999712,116.513123,416.179932,100.273911
1329,13.290000,0.010464,0.001915,-0.021169,0.999719,116.519890,416.181244,100.267853
1330,13.300000,0.010487,0.001857,-0.021106,0.999721,116.521011,416.181030,100.267464
1331,13.310000,0.010473,0.001849,-0.021170,0.999719,116.521576,416.181549,100.268265
1332,13.320000,0.010449,0.001875,-0.021169,0.999720,116.524742,416.179932,100.270798
1333,13.330000,0.010424,0.001858,-0.021148,0.999720,116.524818,416.184204,100.276337
1334,13.340000,0.010374,0.001717,-0.021597,0.999712,116.513618,416.190369,100.274651
1335,13.350000,0.010416,0.001778,-0.021121,0.999721,116.521530,416.187561,100.274483
1336,13.360000,0.010449,0.001837,-0.021161,0.999720,116.526382,416.172913,100.274086
1337,13.370000,0.010502,0.001877,-0.021120,0.999720,116.522240,416.176453,100.279648
1338,13.380000,0.010385,0.001794,-0.021272,0.999718,116.524101,416.173737,100.251602
1339,13.390000,0.010363,0.001806,-0.021249,0.999719,116.526505,416.174774,100.258736
1340,13.400000,0.010305,0.001906,-0.021609,0.999712,116.521935,416.199158,100.276619
1341,13.410000,0.010411,0.001894,-0.021209,0.999719,116.532951,416.202698,100.279884
1342,13.420000,0.010383,0.001872,-0.021379,0.999716,116.524216,416.186249,100.288589
1343,13.430000,0.010383,0.001871,-0.021350,0.999716,116.522964,416.178528,100.291824
1344,13.440000,0.010469,0.001802,-0.021358,0.999716,116.509140,416.167145,100.289413
1345,13.450000,0.010460,0.001820,-0.021209,0.999719,116.513382,416.178589,100.272240
1346,13.460000,0.010360,0.001792,-0.021246,0.999719,116.523674,416.187592,100.259888
1347,13.470000,0.010412,0.001744,-0.021409,0.999715,116.501495,416.191650,100.282944
1348,13.480000,0.010429,0.001702,-0.021290,0.999718,116.510399,416.179779,100.286163
1349,13.490000,0.010444,0.001725,-0.021140,0.999721,116.535019,416.173340,100.283096
1350,13.500000,0.010468,0.001708,-0.021445,0.999714,116.511337,416.177704,100.287575
1351,13.510000,0.010449,0.001859,-0.021336,0.999716,116.526108,416.182007,100.279488
1352,13.520000,0.010394,0.001794,-0.021525,0.999713,116.502815,416.173309,100.279633
1353,13.530000,0.010347,0.001722,-0.021565,0.999713,116.515869,416.183228,100.269638
1354,13.540000,0.010354,0.001778,-0.021249,0.999719,116.540016,416.188293,100.263000
1355,13.550000,0.010390,0.001786,-0.021150,0.999721,116.546860,416.187500,100.267647
1356,13.560000,0.010362,0.001886,-0.021404,0.999716,116.515182,416.188507,100.285492
1357,13.570000,0.010354,0.001957,-0.021457,0.999714,116.503174,416.183716,100.289894
1358,13.580000,0.010338,0.001938,-0.021388,0.999716,116.495293,416.176514,100.290092
1359,13.590000,0.010426,0.001864,-0.021062,0.999722,116.507721,416.174744,100.282516
1360,13.600000,0.010363,0.001859,-0.021276,0.999718,116.498917,416.185699,100.289597
1361,13.610000,0.010424,0.001824,-0.021035,0.999723,116.524406,416.191315,100.276367
1362,13.620000,0.010424,0.001701,-0.021310,0.999717,116.503487,416.178772,100.283714
1363,13.630000,0.010442,0.001707,-0.021389,0.999715,116.508415,416.176544,100.284203
1364,13.640000,0.010423,0.001696,-0.021491,0.999713,116.511147,416.175049,100.285072
1365,13.650000,0.010406,0.001686,-0.021493,0.999713,116.516647,416.180725,100.284439
1366,13.660000,0.010351,0.001683,-0.021606,0.999712,116.533791,416.181396,100.286644
1367,13.670000,0.010390,0.001722,-0.021468,0.999714,116.531395,416.183380,100.294106
1368,13.680000,0.010408,0.001674,-0.021378,0.999716,116.527977,416.181793,100.291862
1369,13.690000,0.010383,0.001635,-0.021475,0.999714,116.529335,416.178680,100.285690
1370,13.700000,0.010440,0.001683,-0.021393,0.999715,116.508507,416.181091,100.286385
1371,13.710000,0.010473,0.001774,-0.021148,0.999720,116.520195,416.182648,100.278893
1372,13.720000,0.010457,0.001803,-0.021100,0.999721,116.518120,416.179932,100.277580
1373,13.730000,0.010432,0.001794,-0.021040,0.999723,116.521446,416.180969,100.279030
1374,13.740000,0.010430,0.001808,-0.021017,0.999723,116.523178,416.183289,100.280960
1375,13.750000,0.010429,0.001805,-0.020991,0.999724,116.525002,416.185669,100.278458
1376,13.760000,0.010435,0.001829,-0.021062,0.999722,116.519569,416.185394,100.272354
1377,13.770000,0.010398,0.001830,-0.021262,0.999718,116.525940,416.180786,100.265831
1378,13.780000,0.010443,0.001867,-0.021188,0.999719,116.513885,416.182343,100.270386
1379,13.790000,0.010441,0.001869,-0.021156,0.999720,116.515732,416.184387,100.276840
1380,13.800000,0.010414,0.001715,-0.021309,0.999717,116.501808,416.180115,100.292412
1381,13.810000,0.010447,0.001733,-0.021050,0.999722,116.524010,416.179993,100.292427
1382,13.820000,0.010465,0.001676,-0.020975,0.999724,116.531395,416.178040,100.295036
1383,13.830000,0.010571,0.001047,-0.020894,0.999725,116.493759,416.162140,100.291626
1384,13.840000,0.010401,0.001597,-0.021524,0.999713,116.531044,416.179810,100.288155
1385,13.850000,0.010389,0.001663,-0.021308,0.999718,116.556602,416.188446,100.277740
1386,13.860000,0.010381,0.001663,-0.021230,0.999719,116.565346,416.189545,100.276817
1387,13.870000,0.010402,0.001699,-0.021110,0.999722,116.555832,416.190308,100.278343
1388,13.880000,0.010353,0.001608,-0.021495,0.999714,116.537743,416.180328,100.283356
1389,13.890000,0.010424,0.001735,-0.021142,0.999721,116.533623,416.188141,100.281555
1390,13.900000,0.010431,0.001721,-0.021342,0.999716,116.502548,416.182373,100.289322
1391,13.910000,0.010451,0.001756,-0.021051,0.999722,116.502113,416.177155,100.281982
1392,13.920000,0.010452,0.001784,-0.020990,0.999723,116.496231,416.175201,100.281273
1393,13.930000,0.010449,0.001768,-0.020912,0.999725,116.493599,416.176971,100.279610
1394,13.940000,0.010430,0.001796,-0.020963,0.999724,116.497810,416.178497,100.279457
1395,13.950000,0.010428,0.001769,-0.020945,0.999725,116.506195,416.179016,100.278229
1396,13.960000,0.010447,0.001753,-0.020963,0.999724,116.518661,416.181091,100.281372
1397,13.970000,0.010446,0.001750,-0.021067,0.999722,116.535896,416.180786,100.281853
1398,13.980000,0.010443,0.001741,-0.021160,0.999720,116.555557,416.185944,100.288910
1399,13.990000,0.010402,0.001705,-0.021311,0.999717,116.576439,416.193451,100.285011
1400,14.000000,0.010391,0.001665,-0.021293,0.999718,116.579720,416.191742,100.286430
1401,14.010000,0.010403,0.001627,-0.021389,0.999716,116.538918,416.184875,100.290405
1402,14.020000,0.010360,0.001556,-0.021468,0.999715,116.534920,416.179230,100.284973
1403,14.030000,0.010395,0.001574,-0.021346,0.999717,116.509605,416.179901,100.285332
1404,14.040000,0.010415,0.001616,-0.021364,0.999716,116.497437,416.181274,100.286995
1405,14.050000,0.010418,0.001631,-0.021332,0.999717,116.486694,416.175476,100.291191
1406,14.060000,0.010453,0.001676,-0.021030,0.999723,116.499130,416.174927,100.289146
1407,14.070000,0.010455,0.001717,-0.021003,0.999723,116.501419,416.173950,100.288261
1408,14.080000,0.010447,0.001758,-0.021026,0.999723,116.505646,416.176819,100.285217
1409,14.090000,0.010437,0.001774,-0.021062,0.999722,116.513672,416.182251,100.279724
1410,14.100000,0.010442,0.001784,-0.021090,0.999721,116.523270,416.186035,100.276970
1411,14.110000,0.010432,0.001766,-0.021069,0.999722,116.531616,416.184906,100.277321
1412,14.120000,0.010441,0.001776,-0.021117,0.999721,116.541290,416.187317,100.280144
1413,14.130000,0.010445,0.001749,-0.021103,0.999721,116.543579,416.187958,100.284691
1414,14.140000,0.010446,0.001724,-0.021094,0.999721,116.545456,416.188080,100.288010
1415,14.150000,0.010399,0.001642,-0.021173,0.999721,116.552628,416.183777,100.286255
1416,14.160000,0.010422,0.001604,-0.021335,0.999717,116.517624,416.177856,100.291878
1417,14.170000,0.010556,0.001134,-0.020724,0.999729,116.506477,416.169250,100.278870
1418,14.180000,0.010431,0.001565,-0.021293,0.999718,116.512337,416.179779,100.287750
1419,14.190000,0.010415,0.001589,-0.021333,0.999717,116.511719,416.183319,100.289230
1420,14.200000,0.010436,0.001677,-0.021133,0.999721,116.527313,416.184753,100.284660
1421,14.210000,0.010420,0.001633,-0.021301,0.999718,116.512497,416.179016,100.291473
1422,14.220000,0.010434,0.001690,-0.021089,0.999722,116.524193,416.182495,100.287132
1423,14.230000,0.010427,0.001719,-0.021087,0.999722,116.523453,416.183563,100.284485
1424,14.240000,0.010415,0.001677,-0.021346,0.999717,116.499908,416.178772,100.289703
1425,14.250000,0.010437,0.001730,-0.021129,0.999721,116.510162,416.179718,100.283081
1426,14.260000,0.010430,0.001745,-0.021070,0.999722,116.510811,416.180267,100.282013
1427,14.270000,0.010430,0.001736,-0.021045,0.999723,116.511665,416.182526,100.280640
1428,14.280000,0.010414,0.001673,-0.021336,0.999717,116.494812,416.179443,100.290062
1429,14.290000,0.010444,0.001706,-0.021086,0.999722,116.518539,416.182922,100.285332
1430,14.300000,0.010448,0.001707,-0.021042,0.999723,116.528084,416.181061,100.286201
1431,14.310000,0.010434,0.001657,-0.021070,0.999722,116.535797,416.179871,100.285812
1432,14.320000,0.010439,0.001684,-0.021093,0.999722,116.543869,416.186920,100.284988
1433,14.330000,0.010391,0.001645,-0.021233,0.999719,116.558525,416.189270,100.280312
1434,14.340000,0.010367,0.001579,-0.021491,0.999714,116.539825,416.184448,100.283890
1435,14.350000,0.010416,0.001579,-0.021317,0.999717,116.526154,416.183167,100.285255
1436,14.360000,0.010451,0.001665,-0.021092,0.999722,116.537849,416.185822,100.282433
1437,14.370000,0.010446,0.001679,-0.021056,0.999722,116.532692,416.185822,100.284119
1438,14.380000,0.010436,0.001631,-0.021350,0.999716,116.503693,416.178467,100.295074
1439,14.390000,0.010433,0.001662,-0.021347,0.999716,116.492714,416.175171,100.295227
1440,14.400000,0.010464,0.001702,-0.021073,0.999722,116.503731,416.178436,100.289154
1441,14.410000,0.010435,0.001641,-0.021301,0.999717,116.483482,416.174713,100.290016
1442,14.420000,0.010435,0.001680,-0.021102,0.999721,116.502502,416.181183,100.281853
1443,14.430000,0.010374,0.001645,-0.021514,0.999713,116.501183,416.177917,100.284584
1444,14.440000,0.010420,0.001647,-0.021326,0.999717,116.500267,416.179016,100.289803
1445,14.450000,0.010418,0.001671,-0.021358,0.999716,116.507217,416.177094,100.290138
1446,14.460000,0.010435,0.001728,-0.021154,0.999720,116.533875,416.183289,100.286278
1447,14.470000,0.010427,0.001696,-0.021101,0.999722,116.544609,416.189178,100.285126
1448,14.480000,0.010428,0.001683,-0.021057,0.999723,116.549026,416.191132,100.283318
1449,14.490000,0.010427,0.001638,-0.021040,0.999723,116.548462,416.186279,100.280319
1450,14.500000,0.010444,0.001626,-0.020973,0.999724,116.542900,416.185394,100.278992
1451,14.510000,0.010406,0.001634,-0.021141,0.999721,116.548370,416.182861,100.278305
1452,14.520000,0.010447,0.001655,-0.021019,0.999723,116.535820,416.186493,100.284004
1453,14.530000,0.010454,0.001680,-0.021008,0.999723,116.529861,416.185730,100.287491
1454,14.540000,0.010455,0.001699,-0.021001,0.999723,116.524689,416.181152,100.288254
1455,14.550000,0.010452,0.001678,-0.021004,0.999723,116.517342,416.179596,100.286621
1456,14.560000,0.010438,0.001718,-0.021070,0.999722,116.512138,416.181702,100.283218
1457,14.570000,0.010422,0.001734,-0.021132,0.999721,116.507339,416.183563,100.280998
1458,14.580000,0.010404,0.001663,-0.021358,0.999716,116.490494,416.178375,100.286697
1459,14.590000,0.010422,0.001723,-0.021134,0.999721,116.509590,416.179688,100.281059
1460,14.600000,0.010408,0.001649,-0.021326,0.999717,116.499489,416.175598,100.287804
1461,14.610000,0.010430,0.001668,-0.021084,0.999722,116.523453,416.182526,100.284935
1462,14.620000,0.010420,0.001615,-0.021285,0.999718,116.517227,416.181976,100.292183
1463,14.630000,0.010551,0.001148,-0.020697,0.999729,116.521362,416.172089,100.282928
1464,14.640000,0.010456,0.001568,-0.020963,0.999724,116.546883,416.182648,100.285255
1465,14.650000,0.010446,0.001658,-0.021028,0.999723,116.552750,416.187225,100.283104
1466,14.660000,0.010435,0.001658,-0.021039,0.999723,116.553673,416.189270,100.281654
1467,14.670000,0.010445,0.001664,-0.020999,0.999724,116.550316,416.192261,100.280777
1468,14.680000,0.010449,0.001669,-0.020985,0.999724,116.540001,416.188995,100.281631
1469,14.690000,0.010457,0.001683,-0.020985,0.999724,116.527405,416.181580,100.282852
1470,14.700000,0.010452,0.001704,-0.021023,0.999723,116.513939,416.179596,100.286293
1471,14.710000,0.010435,0.001655,-0.021341,0.999716,116.483101,416.176544,100.294228
1472,14.720000,0.010451,0.001696,-0.021076,0.999722,116.495712,416.180908,100.287254
1473,14.730000,0.010420,0.001645,-0.021249,0.999719,116.480598,416.174438,100.290031
1474,14.740000,0.010408,0.001630,-0.021315,0.999717,116.485161,416.172546,100.288429
1475,14.750000,0.010406,0.001624,-0.021325,0.999717,116.496277,416.177063,100.287369
1476,14.760000,0.010364,0.001608,-0.021536,0.999713,116.521393,416.178864,100.285919
1477,14.770000,0.010368,0.001606,-0.021564,0.999713,116.535683,416.181641,100.288551
1478,14.780000,0.010379,0.001608,-0.021539,0.999713,116.544777,416.181061,100.290962
1479,14.790000,0.010411,0.001589,-0.021372,0.999716,116.542427,416.181305,100.292366
1480,14.800000,0.010406,0.001639,-0.021218,0.999719,116.565300,416.187195,100.282501
1481,14.810000,0.010409,0.001628,-0.021135,0.999721,116.561394,416.189758,100.280006
1482,14.820000,0.010449,0.001643,-0.020990,0.999724,116.539261,416.189209,100.281578
1483,14.830000,0.010424,0.001626,-0.021059,0.999723,116.532639,416.180267,100.279549
1484,14.840000,0.010464,0.001642,-0.020901,0.999726,116.513550,416.177734,100.284119
1485,14.850000,0.010470,0.001647,-0.020886,0.999726,116.508301,416.178802,100.286537
1486,14.860000,0.010453,0.001655,-0.020941,0.999725,116.507446,416.179840,100.288002
1487,14.870000,0.010428,0.001618,-0.021291,0.999718,116.489967,416.176514,100.295181
1488,14.880000,0.010434,0.001710,-0.021116,0.999721,116.514328,416.179779,100.286377
1489,14.890000,0.010405,0.001629,-0.021339,0.999717,116.506943,416.178192,100.289375
1490,14.900000,0.010428,0.001700,-0.021161,0.999720,116.533340,416.188324,100.281158
1491,14.910000,0.010371,0.001704,-0.021279,0.999718,116.551552,416.190155,100.278023
1492,14.920000,0.010376,0.001695,-0.021295,0.999718,116.552536,416.187897,100.280640
1493,14.930000,0.010421,0.001673,-0.021097,0.999722,116.541580,416.186218,100.285019
1494,14.940000,0.010438,0.001650,-0.021033,0.999723,116.535400,416.184479,100.286476
1495,14.950000,0.010441,0.001634,-0.021011,0.999723,116.532463,416.182922,100.287445
1496,14.960000,0.010402,0.001570,-0.021403,0.999716,116.515099,416.176300,100.291359
1497,14.970000,0.010466,0.001607,-0.021013,0.999723,116.519241,416.179565,100.286209
1498,14.980000,0.010466,0.001630,-0.020957,0.999724,116.519981,416.180084,100.284088
1499,14.990000,0.010454,0.001655,-0.020960,0.999724,116.524155,416.181885,100.283195
1500,15.000000,0.010444,0.001671,-0.020983,0.999724,116.531761,416.186462,100.283249
