Format Version,1.24,Take Name,Wrist_006,Take Notes,,Capture Frame Rate,100.000000,Export Frame Rate,100.000000,Capture Start Time,2025-08-03 03.46.10.115 午後,Capture Start Frame,166629,Total Frames in Take,601,Total Exported Frames,601,Rotation Type,Quaternion,Length Units,Millimeters,Coordinate Space,Local

,Type,Rigid Body,Rigid Body,Rigid Body,Rigid Body,Rigid Body,Rigid Body,Rigid Body,Rigid Body,Rigid Body,Rigid Body,Rigid Body,Rigid Body,Rigid Body,Rigid Body,Rigid Body,Rigid Body,Rigid Body,Rigid Body,Rigid Body,Rigid Body,Rigid Body,Rigid Body,Rigid Body,Rigid Body,Rigid Body,Rigid Body,Rigid Body,Rigid Body,Rigid Body,Rigid Body,Rigid Body,Rigid Body,Rigid Body,Rigid Body,Rigid Body
,Name,Lunate,Lunate,Lunate,Lunate,Lunate,Lunate,Lunate,Scafoid,Scafoid,Scafoid,Scafoid,Scafoid,Scafoid,Scafoid,ForceGage,ForceGage,ForceGage,ForceGage,ForceGage,ForceGage,ForceGage,Radius,Radius,Radius,Radius,Radius,Radius,Radius,Capitate,Capitate,Capitate,Capitate,Capitate,Capitate,Capitate
,ID,4C6F3CA668EE11F03C28FEC2583C50A9,4C6F3CA668EE11F03C28FEC2583C50A9,4C6F3CA668EE11F03C28FEC2583C50A9,4C6F3CA668EE11F03C28FEC2583C50A9,4C6F3CA668EE11F03C28FEC2583C50A9,4C6F3CA668EE11F03C28FEC2583C50A9,4C6F3CA668EE11F03C28FEC2583C50A9,8259AD1D68EE11F03C28FEC2583C50A9,8259AD1D68EE11F03C28FEC2583C50A9,8259AD1D68EE11F03C28FEC2583C50A9,8259AD1D68EE11F03C28FEC2583C50A9,8259AD1D68EE11F03C28FEC2583C50A9,8259AD1D68EE11F03C28FEC2583C50A9,8259AD1D68EE11F03C28FEC2583C50A9,5A5084686DA011F03C28FEC2583C50A9,5A5084686DA011F03C28FEC2583C50A9,5A5084686DA011F03C28FEC2583C50A9,5A5084686DA011F03C28FEC2583C50A9,5A5084686DA011F03C28FEC2583C50A9,5A5084686DA011F03C28FEC2583C50A9,5A5084686DA011F03C28FEC2583C50A9,68F0D2CD6DA111F03C28FEC2583C50A9,68F0D2CD6DA111F03C28FEC2583C50A9,68F0D2CD6DA111F03C28FEC2583C50A9,68F0D2CD6DA111F03C28FEC2583C50A9,68F0D2CD6DA111F03C28FEC2583C50A9,68F0D2CD6DA111F03C28FEC2583C50A9,68F0D2CD6DA111F03C28FEC2583C50A9,F719E5E4703211F03C28FEC2583C50A9,F719E5E4703211F03C28FEC2583C50A9,F719E5E4703211F03C28FEC2583C50A9,F719E5E4703211F03C28FEC2583C50A9,F719E5E4703211F03C28FEC2583C50A9,F719E5E4703211F03C28FEC2583C50A9,F719E5E4703211F03C28FEC2583C50A9
,,Rotation,Rotation,Rotation,Rotation,Position,Position,Position,Rotation,Rotation,Rotation,Rotation,Position,Position,Position,Rotation,Rotation,Rotation,Rotation,Position,Position,Position,Rotation,Rotation,Rotation,Rotation,Position,Position,Position,Rotation,Rotation,Rotation,Rotation,Position,Position,Position
Frame,Time (Seconds),X,Y,Z,W,X,Y,Z,X,Y,Z,W,X,Y,Z,X,Y,Z,W,X,Y,Z,X,Y,Z,W,X,Y,Z,X,Y,Z,W,X,Y,Z
0,0.000000,-0.080598,0.016632,-0.010028,0.996557,198.387512,212.823761,-201.631851,-0.078529,0.034670,-0.003634,0.996302,239.205688,206.164352,-197.975388,-0.022124,0.493629,0.003842,0.869383,99.935097,324.269836,-75.568375,0.010588,-0.010839,0.001968,0.999883,223.370728,162.598068,-179.612427,-0.009870,-0.009133,0.011892,0.999839,221.527115,193.641556,-202.002548
1,0.010000,-0.080911,0.016614,-0.010112,0.996532,198.405304,212.824615,-201.636337,-0.078421,0.034948,-0.003671,0.996301,239.223740,206.163055,-197.978561,-0.021984,0.493680,0.004053,0.869356,99.934860,324.268890,-75.576653,0.010638,-0.010888,0.001946,0.999882,223.387085,162.596664,-179.613541,-0.009511,-0.008170,0.011165,0.999859,221.539337,193.633057,-202.004425
2,0.020000,-0.081024,0.016569,-0.010228,0.996522,198.420151,212.823837,-201.644760,-0.078905,0.033470,-0.004192,0.996311,239.245865,206.163712,-198.005341,-0.022138,0.493548,0.003870,0.869428,99.928940,324.264984,-75.573662,0.010673,-0.010941,0.001921,0.999881,223.402008,162.593719,-179.619415,-0.009889,-0.007429,0.011103,0.999862,221.578522,193.642120,-202.004807
3,0.030000,-0.081202,0.016570,-0.010331,0.996506,198.428665,212.821671,-201.656631,-0.079592,0.032083,-0.004698,0.996300,239.254166,206.160736,-198.026093,-0.021993,0.493625,0.004106,0.869387,99.931190,324.266205,-75.579475,0.010645,-0.011012,0.001897,0.999881,223.409103,162.591751,-179.628860,-0.010028,-0.007200,0.010484,0.999869,221.578735,193.634094,-202.010330
4,0.040000,-0.081437,0.016429,-0.010452,0.996488,198.428253,212.818420,-201.667786,-0.079723,0.031959,-0.004763,0.996293,239.255295,206.157578,-198.039261,-0.022162,0.493522,0.003844,0.869442,99.928635,324.266113,-75.572525,0.010755,-0.011057,0.002030,0.999879,223.414230,162.588501,-179.637970,-0.009908,-0.006155,0.010735,0.999874,221.562622,193.637344,-202.029266
5,0.050000,-0.081469,0.016423,-0.010454,0.996486,198.426559,212.814667,-201.672653,-0.079847,0.031846,-0.004837,0.996287,239.252548,206.154205,-198.043152,-0.022061,0.493625,0.004037,0.869385,99.929222,324.270721,-75.578064,0.010607,-0.011049,0.001937,0.999881,223.407745,162.588669,-179.638626,-0.009891,-0.005690,0.010639,0.999878,221.562241,193.633362,-202.032547
6,0.060000,-0.081429,0.016531,-0.010432,0.996487,198.424240,212.811005,-201.675339,-0.079580,0.032596,-0.004404,0.996286,239.248016,206.144699,-198.037689,-0.022164,0.493613,0.004202,0.869389,99.906700,324.276123,-75.579353,0.010740,-0.011043,0.002080,0.999879,223.409515,162.586655,-179.642197,-0.009848,-0.005913,0.010728,0.999876,221.561111,193.629013,-202.035431
7,0.070000,-0.081287,0.016630,-0.010461,0.996497,198.419739,212.808441,-201.679871,-0.079180,0.033359,-0.004080,0.996294,239.242691,206.147583,-198.043243,-0.022127,0.493664,0.003941,0.869362,99.927498,324.292999,-75.565552,0.010685,-0.011035,0.002090,0.999880,223.406189,162.588760,-179.648331,-0.009937,-0.006135,0.010749,0.999874,221.558304,193.629562,-202.038803
8,0.080000,-0.081031,0.016629,-0.010310,0.996520,198.415985,212.812851,-201.678894,-0.079411,0.032598,-0.004498,0.996299,239.239746,206.158310,-198.053787,-0.022115,0.493701,0.004129,0.869341,99.938774,324.281067,-75.578918,0.010483,-0.010972,0.001973,0.999883,223.395828,162.591400,-179.649704,-0.010067,-0.006737,0.010916,0.999867,221.552078,193.630905,-202.041458
9,0.090000,-0.080778,0.016674,-0.010296,0.996539,198.412628,212.811157,-201.671234,-0.079308,0.032732,-0.004286,0.996303,239.235931,206.151917,-198.041290,-0.022206,0.493716,0.004083,0.869330,99.933784,324.274902,-75.592384,0.010437,-0.010867,0.001954,0.999885,223.394592,162.592728,-179.645691,-0.010205,-0.007591,0.011260,0.999856,221.551559,193.630142,-202.035797
10,0.100000,-0.080566,0.016709,-0.010251,0.996557,198.414841,212.812775,-201.656082,-0.079124,0.033088,-0.004108,0.996307,239.239990,206.154770,-198.017487,-0.022297,0.493775,0.004201,0.869294,99.906631,324.270660,-75.599823,0.010524,-0.010884,0.001948,0.999884,223.396851,162.595627,-179.633270,-0.010352,-0.008649,0.011767,0.999840,221.558701,193.629028,-202.025528
11,0.110000,-0.080307,0.016919,-0.010217,0.996574,198.430649,212.820862,-201.643204,-0.079030,0.032970,-0.004131,0.996318,239.253418,206.161224,-198.005249,-0.022341,0.493719,0.004120,0.869325,99.903381,324.270905,-75.616028,0.010562,-0.010797,0.001866,0.999884,223.416046,162.596985,-179.624008,-0.010474,-0.009841,0.012189,0.999822,221.595978,193.636353,-202.010223
12,0.120000,-0.080317,0.016419,-0.010342,0.996581,198.453674,212.817520,-201.628311,-0.078428,0.033198,-0.003693,0.996360,239.283569,206.169250,-197.999451,-0.022350,0.493659,0.004119,0.869359,99.904884,324.257751,-75.627190,0.010653,-0.010926,0.001858,0.999882,223.437317,162.595245,-179.615906,-0.010692,-0.010602,0.012004,0.999815,221.612381,193.630936,-202.000977
13,0.130000,-0.080059,0.016249,-0.009388,0.996614,198.494263,212.837677,-201.624878,-0.078454,0.032376,-0.004362,0.996382,239.317169,206.189697,-197.997452,-0.022359,0.493638,0.004085,0.869370,99.909203,324.251099,-75.639755,0.010754,-0.010959,0.001811,0.999881,223.463135,162.595123,-179.607208,-0.011181,-0.010572,0.011254,0.999818,221.643494,193.640976,-201.996780
14,0.140000,-0.080326,0.016520,-0.009092,0.996590,198.536163,212.837570,-201.629349,-0.078789,0.031599,-0.004753,0.996379,239.350998,206.182098,-198.007904,-0.022263,0.493655,0.004074,0.869363,99.920509,324.251801,-75.640251,0.010650,-0.010877,0.001871,0.999882,223.493362,162.598099,-179.612061,-0.012092,-0.009887,0.010559,0.999822,221.671204,193.648972,-201.995453
15,0.150000,-0.080736,0.016194,-0.010037,0.996554,198.573059,212.848724,-201.647919,-0.078883,0.031865,-0.004838,0.996363,239.380081,206.177383,-198.028824,-0.022225,0.493651,0.004101,0.869367,99.934456,324.249542,-75.646767,0.010324,-0.010533,0.001694,0.999890,223.529633,162.594131,-179.638428,-0.013356,-0.008747,0.009766,0.999825,221.691528,193.655823,-202.001129
16,0.160000,-0.081488,0.015579,-0.010740,0.996495,198.594421,212.847061,-201.678406,-0.078922,0.032193,-0.004920,0.996349,239.404541,206.171738,-198.060333,-0.022136,0.493654,0.004096,0.869367,99.960770,324.254333,-75.648323,0.010400,-0.010602,0.001710,0.999888,223.552612,162.586227,-179.666412,-0.014825,-0.007394,0.008840,0.999824,221.706299,193.659729,-202.010345
17,0.170000,-0.082496,0.012543,-0.011149,0.996450,198.608978,212.835800,-201.732895,-0.079600,0.031550,-0.004424,0.996318,239.434448,206.150879,-198.089127,-0.022145,0.493614,0.004087,0.869390,99.963837,324.255341,-75.655457,0.010311,-0.010648,0.001685,0.999889,223.561707,162.581985,-179.690079,-0.017771,-0.005430,0.008614,0.999790,221.703735,193.669220,-202.045593
18,0.180000,-0.083780,0.009468,-0.011965,0.996367,198.607712,212.823990,-201.761551,-0.079642,0.031347,-0.004619,0.996320,239.439011,206.137863,-198.117874,-0.022194,0.493596,0.004116,0.869398,99.947823,324.251038,-75.665268,0.010185,-0.010649,0.001706,0.999890,223.559692,162.578537,-179.707123,-0.017072,-0.005620,0.007434,0.999811,221.702515,193.650192,-202.023636
19,0.190000,-0.083731,0.009454,-0.011937,0.996372,198.599884,212.814301,-201.782013,-0.080248,0.031154,-0.004693,0.996277,239.429962,206.125778,-198.130219,-0.022221,0.493582,0.004132,0.869405,99.936905,324.251801,-75.672707,0.010044,-0.010666,0.001733,0.999891,223.548645,162.577423,-179.721237,-0.013030,-0.003695,0.009231,0.999866,221.723923,193.652420,-202.076187
20,0.200000,-0.083348,0.009900,-0.011703,0.996403,198.583115,212.808258,-201.801849,-0.083321,0.023596,-0.007240,0.996217,239.432571,206.132202,-198.217804,-0.022199,0.493593,0.004074,0.869400,99.934006,324.259491,-75.669052,0.009944,-0.010612,0.001794,0.999893,223.526733,162.580399,-179.736984,-0.011218,0.002680,0.009222,0.999891,221.707703,193.649612,-202.144470
21,0.210000,-0.083035,0.009713,-0.011340,0.996435,198.549759,212.802795,-201.810471,-0.086276,0.015242,-0.009930,0.996105,239.414398,206.132309,-198.248367,-0.022232,0.493634,0.004112,0.869376,99.915680,324.266388,-75.652252,0.010022,-0.010788,0.001740,0.999890,223.502655,162.573959,-179.740601,-0.008909,0.002896,0.008153,0.999923,221.691818,193.633652,-202.123627
22,0.220000,-0.082424,0.010655,-0.010646,0.996484,198.507645,212.798065,-201.807510,-0.083584,0.022112,-0.007137,0.996230,239.359726,206.129288,-198.172684,-0.022175,0.493629,0.004073,0.869380,99.921333,324.275177,-75.627335,0.010305,-0.011119,0.001916,0.999883,223.470291,162.572998,-179.733017,-0.008990,-0.000085,0.008972,0.999919,221.664948,193.631668,-202.128372
23,0.230000,-0.081900,0.011849,-0.010089,0.996519,198.470627,212.799271,-201.799301,-0.080810,0.029890,-0.004186,0.996273,239.307785,206.133743,-198.147629,-0.022047,0.493699,0.004124,0.869344,99.938606,324.284241,-75.599373,0.010317,-0.011107,0.002051,0.999883,223.435440,162.574005,-179.733231,-0.009279,-0.002814,0.009033,0.999912,221.602219,193.619446,-202.131912
24,0.240000,-0.082081,0.014462,-0.010861,0.996462,198.412643,212.800018,-201.764404,-0.083456,0.023451,-0.007384,0.996208,239.255386,206.151917,-198.222519,-0.022001,0.493701,0.004149,0.869344,99.933662,324.290497,-75.579277,0.010341,-0.011035,0.002093,0.999884,223.402771,162.570862,-179.732712,-0.009389,-0.005066,0.011147,0.999881,221.562592,193.633698,-202.134598
25,0.250000,-0.081690,0.016617,-0.010424,0.996465,198.351227,212.802200,-201.755478,-0.086136,0.015865,-0.010374,0.996103,239.184265,206.156326,-198.252655,-0.022056,0.493616,0.004260,0.869390,99.905510,324.292572,-75.579056,0.010326,-0.010936,0.002173,0.999885,223.359573,162.566803,-179.733322,-0.009414,-0.007995,0.011012,0.999863,221.492508,193.617508,-202.135147
26,0.260000,-0.081242,0.016578,-0.009879,0.996508,198.284058,212.800156,-201.746399,-0.083163,0.023870,-0.007421,0.996222,239.099213,206.145294,-198.166672,-0.022190,0.493601,0.004511,0.869393,99.855232,324.296478,-75.599739,0.009213,-0.010570,0.002146,0.999899,223.276535,162.554977,-179.719284,-0.009663,-0.010451,0.011184,0.999836,221.429291,193.615234,-202.135468
27,0.270000,-0.081738,0.016426,-0.010092,0.996467,198.235550,212.789062,-201.720444,-0.079854,0.034367,-0.003369,0.996208,239.047760,206.130768,-198.106583,-0.022231,0.493571,0.004922,0.869407,99.786598,324.318665,-75.645943,0.009246,-0.010521,0.002197,0.999900,223.240021,162.558350,-179.680954,-0.011886,-0.011690,0.012624,0.999781,221.382309,193.612076,-202.132858
28,0.280000,-0.081283,0.015357,-0.010129,0.996521,198.216431,212.774551,-201.662689,-0.079070,0.035685,-0.002496,0.996227,239.032700,206.134094,-198.026230,-0.021971,0.493575,0.005149,0.869411,99.782448,324.388123,-75.746605,0.010327,-0.010644,0.002370,0.999887,223.228806,162.575989,-179.631027,-0.013331,-0.014926,0.014038,0.999701,221.374908,193.606689,-202.085266
29,0.290000,-0.080471,0.014946,-0.009342,0.996601,198.229401,212.780182,-201.592102,-0.078778,0.034996,-0.002818,0.996274,239.037872,206.147156,-197.928726,-0.022085,0.493260,0.004949,0.869587,99.885635,324.469452,-75.966385,0.009617,-0.010686,0.002150,0.999894,223.222412,162.592209,-179.536758,-0.013360,-0.021197,0.015137,0.999571,221.398254,193.602493,-202.007462
30,0.300000,-0.079467,0.014410,-0.009410,0.996689,198.254929,212.795715,-201.515518,-0.081245,0.027144,-0.005909,0.996307,239.089966,206.182297,-197.924011,-0.022066,0.493420,0.004650,0.869499,100.141800,324.432770,-76.328957,0.009327,-0.010882,0.002263,0.999895,223.251144,162.615280,-179.465134,-0.015642,-0.026247,0.017221,0.999385,221.436569,193.628464,-201.944839
31,0.310000,-0.079398,0.013972,-0.009781,0.996697,198.296783,212.812317,-201.468079,-0.083548,0.018651,-0.008292,0.996295,239.157745,206.212234,-197.904572,-0.022459,0.493435,0.004164,0.869483,100.552750,324.305664,-76.905731,0.009490,-0.011074,0.002071,0.999892,223.293350,162.617447,-179.426666,-0.015876,-0.029519,0.018307,0.999270,221.489822,193.659042,-201.893219
32,0.320000,-0.079316,0.013986,-0.010247,0.996699,198.352783,212.840118,-201.415939,-0.083154,0.018539,-0.008909,0.996324,239.213806,206.221207,-197.861893,-0.022463,0.493638,0.004173,0.869368,101.006287,324.222839,-77.678543,0.009495,-0.010858,0.001967,0.999894,223.351501,162.617691,-179.394806,-0.014685,-0.032768,0.020076,0.999153,221.547089,193.682693,-201.827194
33,0.330000,-0.079756,0.014208,-0.010940,0.996653,198.418335,212.869965,-201.347992,-0.083380,0.018761,-0.009325,0.996298,239.272293,206.240128,-197.796570,-0.022402,0.493889,0.004119,0.869227,101.546204,324.270599,-78.543159,0.009455,-0.010804,0.001770,0.999895,223.401016,162.628998,-179.358276,-0.014195,-0.035212,0.020546,0.999068,221.584778,193.684326,-201.778320
34,0.340000,-0.076054,0.026708,-0.008929,0.996706,198.461380,212.910995,-201.157822,-0.084300,0.018233,-0.009025,0.996233,239.335159,206.248596,-197.734406,-0.022385,0.493712,0.004126,0.869327,102.201714,324.421936,-79.645950,0.009228,-0.010596,0.001881,0.999900,223.457550,162.641022,-179.320801,-0.015965,-0.045657,0.021142,0.998606,221.706650,193.760086,-201.786774
35,0.350000,-0.073456,0.024313,-0.006531,0.996981,198.564758,212.917786,-201.213638,-0.084325,0.016965,-0.009361,0.996250,239.421829,206.268066,-197.702011,-0.022223,0.494022,0.004960,0.869151,102.869308,324.554230,-80.797104,0.009250,-0.010547,0.001877,0.999900,223.513962,162.646866,-179.291946,-0.019711,-0.061882,0.025905,0.997553,221.791672,193.773163,-201.764236
36,0.360000,-0.075912,0.016620,-0.009431,0.996931,198.642639,212.937302,-201.194748,-0.084183,0.016979,-0.008989,0.996265,239.493195,206.279404,-197.672195,-0.022212,0.493957,0.005155,0.869187,103.630417,324.667206,-82.136681,0.009451,-0.010700,0.001808,0.999897,223.580338,162.651840,-179.275543,-0.021770,-0.064831,0.030011,0.997207,221.824799,193.716003,-201.720779
37,0.370000,-0.076380,0.015578,-0.009773,0.996909,198.698059,212.940170,-201.177490,-0.083826,0.017050,-0.009356,0.996291,239.552048,206.285797,-197.655670,-0.022225,0.493911,0.005324,0.869212,104.449135,324.723633,-83.530167,0.009622,-0.009917,0.001771,0.999903,223.635315,162.655609,-179.257889,-0.021721,-0.064505,0.030542,0.997213,221.899368,193.723236,-201.695847
38,0.380000,-0.076411,0.015677,-0.009837,0.996905,198.758728,212.941742,-201.165436,-0.083756,0.016854,-0.009729,0.996296,239.608078,206.289642,-197.648926,-0.022663,0.493598,0.004885,0.869381,105.333160,324.739777,-85.047836,0.009628,-0.009840,0.001654,0.999904,223.688797,162.659027,-179.254593,-0.021476,-0.063573,0.030317,0.997285,221.955017,193.727448,-201.681091
39,0.390000,-0.076544,0.016056,-0.009910,0.996888,198.838318,212.950027,-201.169891,-0.083692,0.016940,-0.010093,0.996297,239.671600,206.289383,-197.648682,-0.022538,0.493666,0.004981,0.869345,106.172859,324.743744,-86.532188,0.009459,-0.009757,0.001674,0.999906,223.746353,162.664948,-179.262466,-0.019671,-0.060999,0.028495,0.997537,222.029266,193.729248,-201.662918
40,0.400000,-0.077471,0.016254,-0.010277,0.996809,198.903580,212.959290,-201.182449,-0.083548,0.016809,-0.010603,0.996306,239.741226,206.291763,-197.647705,-0.022953,0.493290,0.004422,0.869551,107.048447,324.729187,-88.016205,0.009438,-0.010030,0.001605,0.999904,223.810089,162.663116,-179.266418,-0.018802,-0.057371,0.027342,0.997801,222.085556,193.736343,-201.664291
41,0.410000,-0.077559,0.015730,-0.009376,0.996820,198.956146,212.964630,-201.208664,-0.082979,0.016517,-0.010161,0.996363,239.791992,206.293396,-197.671555,-0.022957,0.493351,0.004534,0.869516,107.902313,324.721527,-89.468269,0.009454,-0.010248,0.001577,0.999902,223.849167,162.656281,-179.272888,-0.018241,-0.053228,0.025360,0.998094,222.129257,193.745224,-201.681107
42,0.420000,-0.078375,0.014598,-0.009969,0.996767,198.981049,212.968765,-201.238632,-0.083007,0.016604,-0.010268,0.996358,239.806320,206.286270,-197.692535,-0.022732,0.493523,0.004616,0.869423,108.729729,324.716522,-90.877457,0.009542,-0.010479,0.001553,0.999898,223.863770,162.644623,-179.281876,-0.017285,-0.049367,0.024111,0.998340,222.136612,193.744141,-201.699936
43,0.430000,-0.079567,0.014161,-0.009752,0.996681,198.961700,212.952591,-201.261429,-0.083212,0.016480,-0.010242,0.996343,239.794601,206.274658,-197.721466,-0.022554,0.493727,0.004743,0.869312,109.547729,324.719025,-92.293907,0.009634,-0.010623,0.001558,0.999896,223.858124,162.633774,-179.290649,-0.016691,-0.046570,0.023054,0.998510,222.126389,193.741165,-201.721558
44,0.440000,-0.080389,0.014601,-0.010140,0.996605,198.931290,212.937881,-201.287460,-0.083453,0.016465,-0.010101,0.996325,239.772141,206.261276,-197.743301,-0.022549,0.493551,0.004615,0.869412,110.326233,324.718475,-93.649162,0.009690,-0.010698,0.001479,0.999895,223.833755,162.627716,-179.304153,-0.016957,-0.053333,0.023092,0.998166,222.151337,193.765549,-201.817780
45,0.450000,-0.081163,0.014620,-0.011162,0.996531,198.886047,212.927841,-201.316055,-0.084232,0.016448,-0.010587,0.996254,239.725342,206.249390,-197.757965,-0.022551,0.493675,0.004932,0.869340,111.069221,324.741028,-94.965050,0.009704,-0.010734,0.001534,0.999894,223.795898,162.625046,-179.324585,-0.017966,-0.063759,0.026389,0.997455,222.109314,193.761963,-201.843994
46,0.460000,-0.081134,0.014787,-0.012232,0.996518,198.834885,212.912949,-201.359161,-0.084350,0.016714,-0.010172,0.996244,239.675354,206.243362,-197.787338,-0.022620,0.494037,0.004869,0.869133,111.779305,324.763123,-96.189194,0.009461,-0.011225,0.001532,0.999891,223.754990,162.619415,-179.364426,-0.019434,-0.065708,0.028329,0.997247,222.054474,193.763199,-201.892944
47,0.470000,-0.079815,0.014939,-0.011785,0.996628,198.787964,212.904419,-201.402084,-0.084353,0.017039,-0.009818,0.996242,239.636612,206.241333,-197.820251,-0.022687,0.494086,0.004915,0.869103,112.442619,324.782562,-97.425301,0.009494,-0.011142,0.001671,0.999892,223.711151,162.623642,-179.402985,-0.020588,-0.064227,0.030248,0.997264,221.991333,193.703094,-201.908829
48,0.480000,-0.078097,0.015598,-0.010952,0.996764,198.751007,212.900131,-201.428024,-0.084394,0.016803,-0.009614,0.996244,239.603195,206.241669,-197.849182,-0.023074,0.494115,0.004572,0.869078,113.126251,324.781006,-98.625954,0.009367,-0.011108,0.001793,0.999893,223.676102,162.628525,-179.435440,-0.020242,-0.063192,0.030294,0.997336,221.957840,193.688492,-201.925842
49,0.490000,-0.076701,0.016384,-0.010179,0.996868,198.735992,212.890793,-201.441895,-0.084364,0.016498,-0.009537,0.996253,239.594055,206.242157,-197.858276,-0.023203,0.493881,0.004320,0.869209,113.786850,324.750732,-99.762115,0.009397,-0.011114,0.001819,0.999892,223.666885,162.631287,-179.447525,-0.019353,-0.063509,0.029558,0.997356,221.940582,193.663879,-201.929962
50,0.500000,-0.076457,0.016378,-0.009849,0.996890,198.754578,212.887512,-201.428238,-0.084213,0.016614,-0.009485,0.996264,239.609329,206.242996,-197.843750,-0.023111,0.493972,0.004383,0.869159,114.460777,324.748840,-100.921257,0.009435,-0.011155,0.001835,0.999892,223.677826,162.633545,-179.440292,-0.020198,-0.063595,0.030471,0.997306,221.966599,193.683136,-201.918243
51,0.510000,-0.076937,0.016387,-0.010570,0.996845,198.791428,212.896255,-201.402252,-0.084096,0.016831,-0.009637,0.996269,239.639893,206.246094,-197.806396,-0.023176,0.493843,0.004305,0.869232,115.103424,324.756378,-102.012314,0.009389,-0.011122,0.001753,0.999893,223.708282,162.635040,-179.409058,-0.021299,-0.065267,0.031292,0.997150,222.002350,193.685944,-201.888138
52,0.520000,-0.078178,0.016173,-0.011456,0.996742,198.845459,212.908707,-201.354568,-0.084043,0.016847,-0.009883,0.996271,239.678207,206.251892,-197.764847,-0.023174,0.493864,0.004354,0.869220,115.765747,324.790405,-103.111694,0.009394,-0.011218,0.001656,0.999892,223.749222,162.636749,-179.371613,-0.021030,-0.068510,0.031138,0.996943,222.055191,193.692825,-201.836105
53,0.530000,-0.078316,0.015550,-0.010178,0.996755,198.910843,212.931641,-201.310196,-0.084148,0.016303,-0.010500,0.996265,239.730789,206.261978,-197.728729,-0.023076,0.493728,0.004299,0.869299,116.426414,324.834991,-104.203888,0.009348,-0.011226,0.001651,0.999892,223.804703,162.644043,-179.332108,-0.019735,-0.069782,0.029014,0.996945,222.127945,193.765060,-201.806046
54,0.540000,-0.078735,0.014781,-0.009398,0.996742,198.966080,212.953049,-201.263672,-0.083476,0.015868,-0.010085,0.996332,239.805481,206.281967,-197.693390,-0.022753,0.493551,0.004632,0.869407,117.054573,324.893341,-105.308479,0.009634,-0.010914,0.001680,0.999893,223.853943,162.647949,-179.282593,-0.020297,-0.065647,0.029466,0.997201,222.155167,193.722458,-201.763229
55,0.550000,-0.079393,0.013743,-0.010399,0.996695,199.013641,212.979538,-201.223129,-0.082755,0.016489,-0.009945,0.996384,239.849243,206.290741,-197.651031,-0.023112,0.493291,0.004193,0.869547,117.675323,324.936218,-106.356781,0.010325,-0.011521,0.001457,0.999879,223.891602,162.646011,-179.233978,-0.020156,-0.062356,0.028718,0.997437,222.185303,193.737579,-201.728806
56,0.560000,-0.079669,0.011957,-0.011587,0.996682,199.036011,212.991730,-201.179565,-0.083545,0.016439,-0.009305,0.996325,239.883530,206.294708,-197.605804,-0.022875,0.493570,0.004549,0.869394,118.280594,324.943939,-107.352013,0.009980,-0.011688,0.001516,0.999881,223.923874,162.655273,-179.195145,-0.019651,-0.060931,0.027873,0.997559,222.215469,193.757202,-201.700760
57,0.570000,-0.079660,0.012899,-0.011355,0.996674,199.047485,212.998138,-201.142059,-0.083622,0.016753,-0.009253,0.996314,239.893311,206.303574,-197.574890,-0.023362,0.492373,0.003451,0.870064,118.833542,324.948029,-108.405266,0.010004,-0.011822,0.001552,0.999879,223.935028,162.658218,-179.180130,-0.021168,-0.058590,0.028227,0.997658,222.221237,193.779099,-201.709839
58,0.580000,-0.079495,0.013903,-0.010869,0.996679,199.057510,213.008041,-201.127731,-0.083340,0.017117,-0.009121,0.996332,239.899689,206.311676,-197.556137,-0.023783,0.492279,0.003052,0.870107,119.392448,324.913300,-109.370468,0.009963,-0.011909,0.001609,0.999878,223.944687,162.660629,-179.168350,-0.021722,-0.055412,0.027514,0.997848,222.224838,193.792435,-201.689758
59,0.590000,-0.079301,0.013914,-0.010772,0.996696,199.065384,213.008881,-201.121704,-0.083011,0.017387,-0.009257,0.996354,239.911789,206.316559,-197.536407,-0.023459,0.493246,0.003799,0.869565,119.924126,324.887268,-110.287025,0.010143,-0.012269,0.001781,0.999872,223.948059,162.666077,-179.152222,-0.021483,-0.053814,0.027042,0.997954,222.233719,193.798569,-201.676346
60,0.600000,-0.079261,0.013711,-0.010761,0.996702,199.074585,213.008636,-201.117676,-0.082801,0.017652,-0.009120,0.996368,239.921539,206.319702,-197.516296,-0.023420,0.493454,0.004078,0.869447,120.451286,324.874725,-111.233688,0.010171,-0.012475,0.001833,0.999869,223.955383,162.670486,-179.138565,-0.021348,-0.052486,0.026164,0.998051,222.251007,193.808167,-201.660873
61,0.610000,-0.079693,0.013625,-0.011018,0.996666,199.087463,213.010376,-201.114471,-0.082781,0.017714,-0.009095,0.996369,239.927887,206.320724,-197.497208,-0.023507,0.493392,0.004064,0.869480,120.972137,324.875031,-112.170433,0.010296,-0.012706,0.001885,0.999865,223.956741,162.672165,-179.121994,-0.021349,-0.051251,0.026124,0.998116,222.251465,193.805923,-201.647919
62,0.620000,-0.079881,0.013515,-0.011074,0.996651,199.086090,213.007935,-201.108643,-0.082645,0.017769,-0.009016,0.996380,239.925385,206.320251,-197.481003,-0.023617,0.493482,0.004003,0.869426,121.492043,324.895538,-113.070213,0.010300,-0.012764,0.002006,0.999864,223.961761,162.680481,-179.103958,-0.019729,-0.052431,0.025511,0.998104,222.254517,193.795609,-201.606720
63,0.630000,-0.079919,0.013217,-0.010943,0.996654,199.076401,213.006439,-201.103012,-0.082732,0.017795,-0.008984,0.996372,239.919983,206.321259,-197.472656,-0.023530,0.493542,0.004038,0.869394,122.028008,324.935272,-113.970749,0.010347,-0.012744,0.001900,0.999864,223.947815,162.676529,-179.095886,-0.019274,-0.053407,0.025736,0.998055,222.257553,193.786331,-201.588486
64,0.640000,-0.080086,0.013111,-0.010914,0.996642,199.068527,213.007263,-201.101425,-0.082760,0.017826,-0.008981,0.996370,239.913483,206.321320,-197.476685,-0.023553,0.493320,0.003787,0.869521,122.536743,324.971649,-114.803391,0.010342,-0.012737,0.001863,0.999864,223.941742,162.676575,-179.098648,-0.020862,-0.051247,0.025839,0.998134,222.239120,193.806824,-201.621048
65,0.650000,-0.080063,0.013287,-0.010847,0.996642,199.064774,213.010635,-201.109268,-0.082782,0.017789,-0.009012,0.996368,239.909271,206.324066,-197.488907,-0.023498,0.493421,0.003956,0.869464,123.034447,325.005371,-115.599167,0.010407,-0.012757,0.001881,0.999863,223.937820,162.675888,-179.113846,-0.020318,-0.047668,0.024887,0.998347,222.228806,193.813675,-201.632019
66,0.660000,-0.079889,0.013612,-0.010716,0.996653,199.059158,213.014328,-201.117874,-0.082779,0.017676,-0.009045,0.996370,239.904663,206.328552,-197.503143,-0.023682,0.493180,0.003633,0.869597,123.486038,325.032043,-116.350395,0.010313,-0.012682,0.001858,0.999865,223.932846,162.674362,-179.132462,-0.019344,-0.045457,0.023797,0.998496,222.230331,193.824188,-201.639618
67,0.670000,-0.079404,0.013763,-0.010512,0.996692,199.055496,212.999390,-201.138306,-0.082775,0.017385,-0.009012,0.996376,239.909348,206.324051,-197.531525,-0.022928,0.494373,0.004936,0.868934,123.801987,325.069885,-116.861481,0.010307,-0.012587,0.001797,0.999866,223.932449,162.673309,-179.148849,-0.018945,-0.042591,0.023163,0.998644,222.225861,193.804306,-201.655914
68,0.680000,-0.078738,0.014162,-0.010381,0.996741,199.285187,212.867874,-201.517426,-0.084138,0.017001,-0.009331,0.996265,240.100952,206.200638,-197.782516,-0.023769,0.492864,0.003530,0.869775,124.167412,325.229095,-117.668015,0.009012,-0.011917,0.001276,0.999888,224.074081,162.632965,-179.364929,-0.014474,-0.033699,0.018509,0.999156,222.398727,193.703461,-201.769653
69,0.690000,-0.076400,0.025589,-0.007603,0.996720,199.460861,212.800140,-201.721741,-0.086024,0.015300,-0.009586,0.996130,240.327133,206.066635,-198.142426,-0.022629,0.493718,0.005507,0.869310,124.312737,325.271393,-117.914322,0.009748,-0.012174,0.000867,0.999878,224.242020,162.584824,-179.647736,-0.009684,0.001096,0.006794,0.999929,222.563126,193.653839,-202.020111
70,0.700000,-0.078449,0.021641,-0.007097,0.996658,199.699371,212.623840,-202.112930,-0.087100,0.014921,-0.010916,0.996028,240.488892,205.902847,-198.366394,-0.022745,0.493713,0.004840,0.869314,124.685356,325.356232,-118.416138,0.009252,-0.012052,0.000423,0.999884,224.373993,162.542984,-179.795639,-0.006572,0.030734,-0.002885,0.999502,222.739838,193.454025,-202.103867
71,0.710000,-0.084875,0.011242,-0.012255,0.996253,199.816650,212.534439,-202.283066,-0.095372,0.018379,-0.008909,0.995232,240.615036,205.728043,-198.321045,-0.022340,0.493731,0.005750,0.869309,124.854912,325.371155,-118.719673,0.009068,-0.012270,0.000085,0.999884,224.467438,162.508362,-179.879852,-0.004902,0.045735,-0.008443,0.998906,222.854294,193.347092,-202.207169
72,0.720000,-0.083411,0.024692,-0.012865,0.996126,199.927719,212.459778,-202.304001,-0.088691,0.023206,-0.008178,0.995755,240.737808,205.703857,-198.476242,-0.022366,0.493607,0.005334,0.869381,125.041428,325.443726,-119.102455,0.008853,-0.012631,-0.000148,0.999881,224.560760,162.496338,-179.936829,-0.003943,0.051944,-0.013530,0.998551,223.012451,193.276840,-202.276474
73,0.730000,-0.077577,0.039209,-0.008595,0.996178,200.051773,212.409378,-202.399582,-0.083990,0.030288,-0.006593,0.995984,240.836380,205.689926,-198.564651,-0.022173,0.494286,0.005829,0.868997,125.175926,325.484131,-119.331093,0.008093,-0.012817,-0.000151,0.999885,224.647736,162.491806,-179.993576,-0.001476,0.057745,-0.016201,0.998199,223.125778,193.210419,-202.393082
74,0.740000,-0.076067,0.042353,-0.005582,0.996187,200.144257,212.357803,-202.490677,-0.086914,0.023311,-0.009783,0.995895,240.935638,205.649170,-198.702759,-0.022191,0.493639,0.005632,0.869365,125.341934,325.518951,-119.586464,0.007792,-0.012807,-0.000330,0.999888,224.700180,162.475082,-180.036011,-0.001688,0.060457,-0.017085,0.998023,223.218094,193.150421,-202.443466
75,0.750000,-0.079084,0.029677,-0.006277,0.996406,200.207657,212.311752,-202.650314,-0.090011,0.015184,-0.012618,0.995745,241.001068,205.607391,-198.759232,-0.021842,0.493905,0.006202,0.869219,125.445869,325.560852,-119.756569,0.007753,-0.012690,-0.000420,0.999889,224.729462,162.468735,-180.055649,-0.002592,0.058827,-0.016323,0.998132,223.266769,193.120178,-202.486145
76,0.760000,-0.084785,0.013388,-0.010156,0.996258,200.187820,212.279892,-202.677109,-0.090913,0.013470,-0.012352,0.995691,240.994354,205.594147,-198.731384,-0.021848,0.494128,0.006401,0.869091,125.505257,325.612976,-119.902435,0.007701,-0.012728,-0.000479,0.999889,224.717911,162.472275,-180.031830,-0.005113,0.051451,-0.012768,0.998581,223.276199,193.081299,-202.486664
77,0.770000,-0.085811,0.009260,-0.011266,0.996205,200.158768,212.250641,-202.642929,-0.089685,0.019943,-0.009540,0.995725,240.933807,205.571304,-198.598648,-0.021731,0.494053,0.006732,0.869134,125.530853,325.657471,-119.983742,0.007829,-0.012650,-0.000427,0.999889,224.682343,162.481750,-179.973419,-0.005633,0.039473,-0.008396,0.999170,223.294342,193.027969,-202.430588
78,0.780000,-0.085693,0.008781,-0.011149,0.996221,200.146332,212.216782,-202.635422,-0.088231,0.026174,-0.006847,0.995733,240.902466,205.566360,-198.538956,-0.021805,0.493841,0.006704,0.869253,125.583244,325.682678,-120.045807,0.007768,-0.012764,-0.000313,0.999888,224.653015,162.497650,-179.941559,-0.008185,0.029741,-0.004624,0.999513,223.284225,193.009155,-202.417084
79,0.790000,-0.086081,0.009002,-0.011327,0.996183,200.142624,212.186615,-202.643295,-0.091107,0.019257,-0.008995,0.995614,240.909042,205.571777,-198.611542,-0.021885,0.493912,0.006515,0.869212,125.622002,325.678955,-120.058495,0.007775,-0.012736,-0.000285,0.999889,224.649963,162.499054,-179.934723,-0.009418,0.024679,-0.002573,0.999648,223.276611,193.001984,-202.424347
80,0.800000,-0.086736,0.009405,-0.012031,0.996114,200.143448,212.173355,-202.640732,-0.093756,0.011157,-0.011869,0.995462,240.919754,205.573578,-198.627335,-0.021937,0.493781,0.006506,0.869285,125.619438,325.653259,-120.066414,0.007849,-0.012776,-0.000330,0.999888,224.643799,162.496246,-179.916229,-0.009971,0.021693,-0.001832,0.999713,223.275482,192.993515,-202.423035
81,0.810000,-0.084564,0.022633,-0.010920,0.996101,200.112381,212.189087,-202.506027,-0.090382,0.018921,-0.008976,0.995687,240.871719,205.585632,-198.526230,-0.021897,0.493699,0.006564,0.869332,125.582336,325.634674,-120.043213,0.007982,-0.012634,-0.000337,0.999888,224.628571,162.495789,-179.885132,-0.010575,0.018316,-0.001401,0.999775,223.264252,192.985321,-202.411453
82,0.820000,-0.079263,0.039508,-0.006701,0.996048,200.054214,212.204865,-202.419556,-0.086716,0.028666,-0.005374,0.995806,240.818375,205.613983,-198.460770,-0.021890,0.493700,0.006585,0.869332,125.549141,325.636017,-120.000153,0.008086,-0.012571,-0.000450,0.999888,224.595016,162.497635,-179.845108,-0.011455,0.014020,-0.000674,0.999836,223.238846,192.985352,-202.395615
83,0.830000,-0.079406,0.041685,-0.007375,0.995943,199.970612,212.183853,-202.367157,-0.086214,0.030203,-0.004643,0.995808,240.760239,205.616760,-198.431259,-0.021669,0.493810,0.006846,0.869273,125.533028,325.648834,-119.957024,0.008063,-0.012489,-0.000433,0.999889,224.547134,162.498932,-179.815506,-0.011249,0.008900,0.000279,0.999897,223.172333,192.949249,-202.371063
84,0.840000,-0.079391,0.039875,-0.006938,0.996022,199.920334,212.182007,-202.337692,-0.086339,0.029414,-0.004949,0.995819,240.698105,205.609802,-198.403061,-0.021618,0.493760,0.006802,0.869303,125.503777,325.653717,-119.921211,0.008649,-0.012460,-0.000394,0.999885,224.489227,162.493164,-179.793198,-0.011642,0.005156,0.001575,0.999918,223.110260,192.937698,-202.361572
85,0.850000,-0.079085,0.038516,-0.005701,0.996107,199.863754,212.176102,-202.291550,-0.086463,0.028994,-0.005040,0.995820,240.677887,205.593399,-198.352066,-0.021635,0.493830,0.006845,0.869262,125.469772,325.653839,-119.903763,0.008724,-0.012411,-0.000275,0.999885,224.461166,162.501434,-179.752029,-0.016106,0.002583,0.002561,0.999864,223.083359,192.957901,-202.305679
86,0.860000,-0.079589,0.037524,-0.005275,0.996107,199.845062,212.186508,-202.237595,-0.089474,0.021469,-0.007642,0.995728,240.681931,205.589386,-198.355179,-0.021639,0.493773,0.006919,0.869294,125.442368,325.655304,-119.889633,0.008029,-0.012443,-0.000150,0.999890,224.443665,162.521500,-179.677277,-0.019215,-0.004555,0.005376,0.999791,223.075027,192.953049,-202.252213
87,0.870000,-0.080690,0.037602,-0.004805,0.996018,199.846786,212.176346,-202.180954,-0.092799,0.012934,-0.010495,0.995546,240.695435,205.593399,-198.300522,-0.021692,0.493717,0.006935,0.869325,125.430870,325.665466,-119.886803,0.007769,-0.012476,-0.000232,0.999892,224.442886,162.538055,-179.611526,-0.020348,-0.009033,0.007198,0.999726,223.080826,192.947525,-202.203094
88,0.880000,-0.081589,0.038066,-0.004992,0.995926,199.910309,212.160980,-202.150436,-0.092241,0.012265,-0.010783,0.995603,240.736237,205.612091,-198.236755,-0.021729,0.493702,0.006925,0.869332,125.429703,325.666809,-119.895325,0.007802,-0.012613,-0.000138,0.999890,224.470108,162.549530,-179.561417,-0.020924,-0.011450,0.008717,0.999678,223.132324,192.939697,-202.149933
89,0.890000,-0.084906,0.026315,-0.007510,0.996013,199.975449,212.146957,-202.237762,-0.091231,0.012435,-0.011570,0.995685,240.765320,205.620605,-198.185806,-0.021751,0.493736,0.006968,0.869312,125.426994,325.651917,-119.921707,0.007747,-0.012603,-0.000245,0.999891,224.478714,162.560120,-179.526855,-0.021208,-0.012907,0.009492,0.999647,223.150436,192.946899,-202.117111
90,0.900000,-0.089672,0.014194,-0.012040,0.995797,199.986969,212.150894,-202.241043,-0.091384,0.012737,-0.011503,0.995668,240.778641,205.621078,-198.145477,-0.021822,0.493803,0.006965,0.869272,125.418945,325.645142,-119.946922,0.007758,-0.012523,-0.000276,0.999892,224.481812,162.567551,-179.514587,-0.021081,-0.013022,0.009745,0.999645,223.156494,192.954330,-202.104660
91,0.910000,-0.090417,0.013118,-0.013060,0.995732,199.999817,212.154480,-202.236542,-0.091344,0.012793,-0.011318,0.995673,240.791000,205.619354,-198.139877,-0.021860,0.493844,0.006968,0.869248,125.421837,325.638367,-119.970329,0.007754,-0.012476,-0.000284,0.999892,224.487701,162.568207,-179.515137,-0.020757,-0.011949,0.009823,0.999665,223.165466,192.956573,-202.097778
92,0.920000,-0.087584,0.024647,-0.010811,0.995794,199.991653,212.164780,-202.144516,-0.090986,0.012921,-0.010844,0.995709,240.801544,205.616425,-198.160583,-0.021918,0.493820,0.006872,0.869261,125.440849,325.626129,-119.990974,0.007750,-0.012469,-0.000279,0.999892,224.498810,162.568985,-179.529251,-0.019843,-0.009634,0.009661,0.999710,223.179764,192.951965,-202.105667
93,0.930000,-0.082498,0.036742,-0.006887,0.995890,199.988297,212.158264,-202.148346,-0.091146,0.013306,-0.010303,0.995695,240.806900,205.616165,-198.186417,-0.022111,0.493584,0.006547,0.869392,125.465843,325.612366,-120.024200,0.007646,-0.012363,-0.000290,0.999894,224.507568,162.566940,-179.548752,-0.020156,-0.007063,0.008858,0.999733,223.186905,192.946136,-202.112061
94,0.940000,-0.081360,0.037849,-0.005567,0.995950,199.993240,212.163040,-202.163559,-0.091571,0.012682,-0.010346,0.995664,240.814651,205.623535,-198.204544,-0.022145,0.493576,0.006523,0.869396,125.483261,325.603027,-120.050507,0.007697,-0.012464,-0.000280,0.999893,224.514557,162.565811,-179.561310,-0.019817,-0.005019,0.008243,0.999757,223.200836,192.936935,-202.121704
95,0.950000,-0.081646,0.037664,-0.005489,0.995934,199.992249,212.165634,-202.167450,-0.091632,0.012750,-0.010280,0.995658,240.819260,205.614014,-198.202759,-0.022169,0.493602,0.006536,0.869380,125.489410,325.597626,-120.071625,0.007719,-0.012477,-0.000326,0.999892,224.516602,162.564026,-179.568939,-0.018512,-0.005769,0.006913,0.999788,223.221252,192.928467,-202.109116
96,0.960000,-0.081852,0.037519,-0.005773,0.995921,199.978668,212.158371,-202.168976,-0.091345,0.013038,-0.010330,0.995680,240.807999,205.613297,-198.201187,-0.022189,0.493623,0.006522,0.869369,125.490532,325.592926,-120.089371,0.007687,-0.012512,-0.000303,0.999892,224.504684,162.565704,-179.562943,-0.018527,-0.006560,0.005968,0.999789,223.218033,192.923813,-202.109894
97,0.970000,-0.082119,0.037636,-0.005822,0.995895,199.979752,212.147614,-202.164886,-0.091181,0.013155,-0.010399,0.995693,240.797485,205.609085,-198.195999,-0.022206,0.493614,0.006560,0.869373,125.487137,325.588898,-120.107254,0.007666,-0.012506,-0.000291,0.999892,224.497452,162.566757,-179.544098,-0.018993,-0.008102,0.005716,0.999771,223.214096,192.918823,-202.104736
98,0.980000,-0.082538,0.038032,-0.005889,0.995845,199.987335,212.127060,-202.150055,-0.091085,0.013375,-0.010451,0.995698,240.794083,205.604187,-198.167221,-0.022214,0.493622,0.006606,0.869368,125.478256,325.586395,-120.117828,0.007704,-0.012539,-0.000275,0.999892,224.492065,162.567780,-179.509659,-0.019425,-0.010203,0.006112,0.999741,223.217056,192.909760,-202.088608
99,0.990000,-0.083061,0.039137,-0.006276,0.995756,200.000443,212.109116,-202.112320,-0.091147,0.013354,-0.010420,0.995694,240.805847,205.597504,-198.117111,-0.022148,0.493632,0.006672,0.869363,125.474960,325.599243,-120.129059,0.007719,-0.012498,-0.000379,0.999892,224.494110,162.577103,-179.454697,-0.020085,-0.013497,0.006847,0.999684,223.242355,192.913620,-202.054016
100,1.000000,-0.086734,0.026799,-0.008754,0.995832,200.046600,212.083893,-202.188263,-0.091462,0.013171,-0.010491,0.995666,240.826553,205.588364,-198.061844,-0.022072,0.493646,0.006757,0.869357,125.482277,325.616974,-120.138962,0.008416,-0.012608,-0.000428,0.999885,224.503784,162.584213,-179.366470,-0.020847,-0.016369,0.009387,0.999605,223.257172,192.897324,-202.019440
101,1.010000,-0.092023,0.013338,-0.012581,0.995588,200.075394,212.081345,-202.167114,-0.089615,0.020403,-0.007384,0.995740,240.842133,205.563522,-197.917999,-0.022018,0.493600,0.006759,0.869384,125.501068,325.638336,-120.148399,0.008496,-0.012511,-0.000411,0.999886,224.515793,162.596344,-179.315521,-0.022052,-0.018648,0.012180,0.999509,223.278519,192.869370,-201.977066
102,1.020000,-0.091210,0.011422,-0.011064,0.995705,200.123016,212.084686,-202.161331,-0.087343,0.027852,-0.004764,0.995777,240.870270,205.552444,-197.861420,-0.021805,0.493752,0.007137,0.869300,125.527275,325.647858,-120.174744,0.008912,-0.012469,-0.000334,0.999883,224.538208,162.598007,-179.295029,-0.022286,-0.019943,0.013778,0.999458,223.310989,192.863464,-201.952560
103,1.030000,-0.090775,0.010070,-0.011023,0.995760,200.153946,212.088989,-202.167801,-0.086783,0.028966,-0.004651,0.995795,240.893127,205.553894,-197.842285,-0.021720,0.493786,0.007171,0.869283,125.544769,325.652039,-120.205421,0.009015,-0.012524,-0.000374,0.999881,224.548019,162.598251,-179.289276,-0.021381,-0.020900,0.012633,0.999473,223.345169,192.853531,-201.921082
104,1.040000,-0.091012,0.009153,-0.011286,0.995744,200.155518,212.083847,-202.179703,-0.086815,0.028646,-0.004822,0.995801,240.888336,205.556885,-197.859344,-0.021756,0.493843,0.007083,0.869250,125.566322,325.654694,-120.238464,0.008949,-0.012506,-0.000398,0.999882,224.548889,162.597305,-179.299774,-0.020959,-0.021031,0.011631,0.999491,223.350296,192.847351,-201.920197
105,1.050000,-0.091799,0.006251,-0.011889,0.995687,200.164001,212.072525,-202.213959,-0.086722,0.028581,-0.004969,0.995810,240.895081,205.554474,-197.872086,-0.021754,0.493931,0.007105,0.869200,125.598518,325.653961,-120.271423,0.008808,-0.012561,-0.000512,0.999882,224.556351,162.601425,-179.306763,-0.020805,-0.020038,0.010450,0.999528,223.361740,192.838318,-201.918564
106,1.060000,-0.092790,0.003340,-0.012945,0.995596,200.176407,212.062057,-202.210861,-0.086995,0.028686,-0.004744,0.995784,240.917618,205.541290,-197.850296,-0.021844,0.493932,0.006920,0.869198,125.631660,325.663361,-120.300255,0.008689,-0.012622,-0.000604,0.999882,224.567932,162.606201,-179.295212,-0.020716,-0.020407,0.009721,0.999530,223.393234,192.826050,-201.900620
107,1.070000,-0.092172,0.002500,-0.013258,0.995652,200.212341,212.043900,-202.176086,-0.087295,0.028193,-0.004562,0.995773,240.950821,205.541702,-197.813278,-0.021842,0.493959,0.006938,0.869183,125.647247,325.670868,-120.316109,0.008821,-0.012484,-0.000442,0.999883,224.584473,162.609131,-179.242386,-0.020098,-0.021262,0.008949,0.999532,223.417847,192.791519,-201.871719
108,1.080000,-0.090586,0.004465,-0.012366,0.995802,200.277435,212.032150,-202.113495,-0.087124,0.027704,-0.004525,0.995802,240.997452,205.547089,-197.734421,-0.021879,0.493906,0.006908,0.869212,125.664574,325.681702,-120.338364,0.009042,-0.012936,-0.000342,0.999875,224.626175,162.620361,-179.168243,-0.019608,-0.022832,0.010005,0.999497,223.481888,192.776871,-201.829453
109,1.090000,-0.089348,0.007047,-0.011558,0.995909,200.347412,212.029984,-202.057068,-0.087645,0.026641,-0.005364,0.995781,241.055634,205.550919,-197.642593,-0.021892,0.493928,0.006925,0.869200,125.674232,325.683258,-120.361771,0.009135,-0.013282,-0.000310,0.999870,224.677979,162.643784,-179.109192,-0.018126,-0.025848,0.010801,0.999443,223.565674,192.768127,-201.770447
110,1.100000,-0.087003,0.020687,-0.010836,0.995934,200.394638,212.042328,-201.922058,-0.088143,0.025827,-0.004428,0.995763,241.136871,205.561142,-197.555252,-0.021932,0.493939,0.006949,0.869192,125.681625,325.680939,-120.395279,0.008970,-0.013520,-0.000353,0.999868,224.713272,162.656906,-179.057755,-0.017973,-0.027545,0.012493,0.999381,223.635712,192.770126,-201.732834
111,1.110000,-0.082261,0.035630,-0.007944,0.995942,200.452255,212.056931,-201.876923,-0.090955,0.018397,-0.006425,0.995664,241.226166,205.582947,-197.571259,-0.022002,0.493961,0.006969,0.869178,125.683632,325.672577,-120.433609,0.009025,-0.013654,-0.000437,0.999866,224.754242,162.662827,-179.021011,-0.018440,-0.028296,0.013634,0.999337,223.721191,192.776474,-201.697479
112,1.120000,-0.080819,0.036607,-0.005316,0.996042,200.515366,212.057159,-201.883606,-0.093202,0.010718,-0.009268,0.995546,241.286819,205.585770,-197.554871,-0.022058,0.493999,0.006996,0.869155,125.686722,325.663696,-120.480003,0.008942,-0.013693,-0.000422,0.999866,224.776276,162.668991,-179.004211,-0.017898,-0.029782,0.014250,0.999295,223.764465,192.792404,-201.667801
113,1.130000,-0.079582,0.036169,-0.004197,0.996163,200.570099,212.053207,-201.902985,-0.093185,0.010016,-0.009757,0.995551,241.313324,205.588821,-197.546127,-0.022219,0.493734,0.006777,0.869303,125.700249,325.656738,-120.528267,0.008999,-0.013857,-0.000250,0.999864,224.804733,162.673248,-178.996597,-0.019137,-0.029688,0.013038,0.999291,223.798615,192.800110,-201.666748
114,1.140000,-0.079711,0.036258,-0.003954,0.996151,200.587830,212.044098,-201.912201,-0.093112,0.010171,-0.009975,0.995554,241.333267,205.585312,-197.546066,-0.022112,0.493730,0.006828,0.869308,125.720573,325.658600,-120.568672,0.009009,-0.013965,-0.000341,0.999862,224.821838,162.672119,-178.993073,-0.021081,-0.027552,0.012105,0.999325,223.802460,192.782654,-201.670837
115,1.150000,-0.083049,0.022684,-0.006134,0.996268,200.632568,212.019852,-202.046036,-0.093016,0.010209,-0.010069,0.995561,241.353165,205.576202,-197.548965,-0.022049,0.493721,0.006842,0.869314,125.748337,325.660065,-120.600830,0.008947,-0.014002,-0.000379,0.999862,224.834778,162.668854,-178.993118,-0.020856,-0.027822,0.010469,0.999340,223.829025,192.777191,-201.648270
116,1.160000,-0.088122,0.008506,-0.009905,0.996024,200.662338,212.009750,-202.073944,-0.092861,0.010138,-0.010309,0.995574,241.375504,205.564011,-197.545380,-0.021959,0.493645,0.006818,0.869360,125.775070,325.665588,-120.637566,0.008903,-0.014065,-0.000399,0.999861,224.846130,162.667007,-178.993256,-0.021659,-0.028321,0.009967,0.999315,223.843765,192.772293,-201.640747
117,1.170000,-0.089329,0.006888,-0.010781,0.995920,200.675903,211.994659,-202.078690,-0.092879,0.009955,-0.010417,0.995573,241.389938,205.555176,-197.541412,-0.021958,0.493628,0.006829,0.869369,125.794380,325.668823,-120.671684,0.008931,-0.014187,-0.000421,0.999859,224.854172,162.665375,-178.989731,-0.022614,-0.028345,0.009738,0.999295,223.859070,192.768295,-201.632675
118,1.180000,-0.089797,0.007015,-0.011298,0.995871,200.698502,211.980179,-202.079712,-0.092940,0.009781,-0.010492,0.995568,241.401627,205.552673,-197.528763,-0.021774,0.493760,0.007120,0.869296,125.811798,325.674530,-120.712364,0.008884,-0.014469,-0.000370,0.999856,224.859421,162.671829,-178.969666,-0.023346,-0.028594,0.009697,0.999271,223.878159,192.761139,-201.619675
119,1.190000,-0.089923,0.007108,-0.011697,0.995855,200.727722,211.970917,-202.072098,-0.092861,0.009779,-0.010522,0.995576,241.421967,205.555176,-197.506332,-0.021732,0.493826,0.007169,0.869260,125.839874,325.686005,-120.754028,0.008917,-0.014703,-0.000360,0.999852,224.875717,162.677414,-178.943954,-0.023995,-0.028959,0.010145,0.999241,223.911285,192.749084,-201.598602
120,1.200000,-0.087047,0.019421,-0.009971,0.995965,200.735474,211.972382,-201.948380,-0.092572,0.009842,-0.010605,0.995601,241.453186,205.555161,-197.469421,-0.021753,0.493880,0.007194,0.869228,125.864937,325.692413,-120.789108,0.008715,-0.014932,-0.000352,0.999851,224.896637,162.684326,-178.907227,-0.024331,-0.029725,0.010573,0.999206,223.947769,192.735565,-201.572235
121,1.210000,-0.081912,0.032403,-0.007406,0.996085,200.779053,211.973434,-201.897079,-0.092543,0.009647,-0.010098,0.995611,241.494171,205.559280,-197.426025,-0.021753,0.493940,0.007229,0.869194,125.886543,325.697418,-120.817711,0.009447,-0.015954,-0.000491,0.999828,224.923813,162.688766,-178.848938,-0.024844,-0.031078,0.011571,0.999141,224.000702,192.713898,-201.535889
122,1.220000,-0.081914,0.032873,-0.007321,0.996070,200.819336,211.959610,-201.868851,-0.092544,0.008549,-0.010549,0.995616,241.538498,205.565643,-197.383347,-0.021789,0.493983,0.007217,0.869169,125.906364,325.702545,-120.848755,0.009579,-0.016227,-0.000373,0.999822,224.952942,162.699280,-178.814667,-0.025188,-0.032556,0.012552,0.999074,224.041031,192.709610,-201.508163
123,1.230000,-0.082016,0.032904,-0.007189,0.996062,200.867813,211.965988,-201.843384,-0.093507,0.006691,-0.010318,0.995543,241.597458,205.573761,-197.330383,-0.021811,0.494034,0.007206,0.869139,125.923706,325.703705,-120.880295,0.009646,-0.016439,-0.000409,0.999818,224.977493,162.706879,-178.791702,-0.024351,-0.034921,0.012339,0.999017,224.092331,192.708649,-201.466812
124,1.240000,-0.080899,0.032849,-0.005294,0.996167,200.917465,211.971329,-201.837784,-0.093430,0.006497,-0.010053,0.995554,241.638153,205.581009,-197.301620,-0.021814,0.494050,0.007183,0.869130,125.942947,325.700531,-120.912102,0.009717,-0.016584,-0.000461,0.999815,224.998367,162.711975,-178.776520,-0.028446,-0.037366,0.013936,0.998800,224.155823,192.776291,-201.427475
125,1.250000,-0.080384,0.032873,-0.004861,0.996210,200.948273,211.976730,-201.832596,-0.092757,0.006997,-0.009815,0.995616,241.679199,205.595139,-197.271362,-0.021782,0.494151,0.007215,0.869073,125.962036,325.700714,-120.943840,0.009790,-0.016699,-0.000487,0.999813,225.012589,162.716339,-178.764603,-0.031272,-0.041132,0.012926,0.998581,224.151535,192.744675,-201.380493
126,1.260000,-0.080565,0.032384,-0.005511,0.996208,200.979691,211.983292,-201.836884,-0.092214,0.007360,-0.009974,0.995662,241.699905,205.596939,-197.251816,-0.021778,0.494192,0.007334,0.869049,125.977814,325.702637,-120.975494,0.008909,-0.016864,-0.000562,0.999818,225.026169,162.724152,-178.739731,-0.034200,-0.043143,0.012927,0.998400,224.162598,192.753662,-201.347824
127,1.270000,-0.081200,0.031690,-0.005707,0.996178,200.996231,211.978241,-201.843948,-0.103475,0.003294,-0.011213,0.994563,241.719406,205.530792,-197.104599,-0.021863,0.494070,0.007194,0.869117,125.993195,325.704193,-121.018059,0.009678,-0.016958,-0.000542,0.999809,225.026184,162.718903,-178.752777,-0.037420,-0.043470,0.011696,0.998285,224.179062,192.763840,-201.330353
128,1.280000,-0.081471,0.032260,-0.005498,0.996138,201.003922,211.959473,-201.857605,-0.107182,-0.003198,-0.013386,0.994144,241.733383,205.520386,-197.103333,-0.021989,0.493823,0.006939,0.869257,126.003815,325.702972,-121.064133,0.008965,-0.017118,-0.000550,0.999813,225.037018,162.720230,-178.739334,-0.039874,-0.043003,0.010831,0.998220,224.182327,192.768127,-201.311523
129,1.290000,-0.081944,0.032968,-0.005453,0.996077,201.017410,211.949692,-201.871277,-0.107388,-0.003763,-0.013657,0.994116,241.745621,205.512207,-197.109177,-0.021854,0.493846,0.006958,0.869247,126.022400,325.705017,-121.097496,0.009068,-0.017165,-0.000578,0.999811,225.053986,162.713287,-178.734238,-0.041810,-0.042898,0.009950,0.998155,224.187439,192.769455,-201.294586
130,1.300000,-0.082261,0.033250,-0.005565,0.996041,201.034058,211.939804,-201.867615,-0.107170,-0.003531,-0.013567,0.994142,241.757843,205.504044,-197.098068,-0.021813,0.493884,0.006914,0.869227,126.057144,325.712524,-121.120293,0.009112,-0.017307,-0.000581,0.999809,225.061783,162.714798,-178.715759,-0.043634,-0.042982,0.009030,0.998082,224.198181,192.763229,-201.271927
131,1.310000,-0.083203,0.033076,-0.005776,0.995967,201.050156,211.933365,-201.843170,-0.107718,-0.003734,-0.013323,0.994085,241.772476,205.492188,-197.056778,-0.021723,0.493880,0.006917,0.869231,126.081940,325.721649,-121.138000,0.008847,-0.017154,-0.000740,0.999813,225.079330,162.723862,-178.690643,-0.044536,-0.043711,0.008851,0.998012,224.214874,192.754517,-201.240128
132,1.320000,-0.084586,0.030531,-0.005923,0.995931,201.089371,211.921646,-201.821152,-0.094711,0.008320,-0.008807,0.995431,241.778610,205.534409,-197.026703,-0.021568,0.493895,0.007170,0.869224,126.105743,325.732239,-121.174774,0.008753,-0.017430,-0.000854,0.999809,225.101852,162.731796,-178.635910,-0.045434,-0.045177,0.010020,0.997895,224.268448,192.734406,-201.190689
133,1.330000,-0.085878,0.028233,-0.006271,0.995886,201.150452,211.913177,-201.788269,-0.086259,0.023604,-0.003882,0.995986,241.828873,205.560547,-196.934937,-0.021562,0.494049,0.007348,0.869136,126.107887,325.738617,-121.212982,0.008880,-0.017330,-0.000903,0.999810,225.139038,162.744675,-178.576172,-0.043095,-0.048083,0.009876,0.997864,224.335236,192.714783,-201.104050
134,1.340000,-0.086083,0.027307,-0.006599,0.995892,201.234436,211.924835,-201.771027,-0.089446,0.016134,-0.005884,0.995844,241.913666,205.577194,-196.930420,-0.021687,0.493928,0.007283,0.869202,126.123383,325.740967,-121.269562,0.008855,-0.017658,-0.000802,0.999805,225.192719,162.759323,-178.525040,-0.041691,-0.053265,0.010817,0.997651,224.424088,192.740738,-201.041656
135,1.350000,-0.085404,0.026599,-0.006289,0.995972,201.315262,211.935501,-201.760178,-0.092462,0.006893,-0.009200,0.995650,242.003159,205.591217,-196.886978,-0.021776,0.494088,0.007386,0.869108,126.130791,325.739807,-121.332314,0.009003,-0.018141,-0.000549,0.999795,225.243591,162.778381,-178.494614,-0.042196,-0.054593,0.011821,0.997547,224.498093,192.748276,-200.999130
136,1.360000,-0.084970,0.025154,-0.006780,0.996043,201.386429,211.941681,-201.766403,-0.089376,0.013658,-0.006197,0.995885,242.053024,205.595566,-196.779877,-0.021828,0.494069,0.007305,0.869118,126.151222,325.742462,-121.405281,0.008957,-0.018338,-0.000596,0.999792,225.288376,162.792480,-178.485229,-0.058508,-0.057666,0.011237,0.996557,224.518692,192.798355,-200.865906
137,1.370000,-0.084328,0.025565,-0.007667,0.996081,201.452774,211.932434,-201.775375,-0.086960,0.020347,-0.003971,0.995996,242.097610,205.600616,-196.761627,-0.021856,0.494130,0.007269,0.869083,126.180603,325.739288,-121.474426,0.008982,-0.018484,-0.000467,0.999789,225.330460,162.799042,-178.491959,-0.065565,-0.062858,0.011735,0.995797,224.566513,192.814514,-200.851944
138,1.380000,-0.083947,0.025949,-0.007842,0.996101,201.509018,211.929611,-201.797531,-0.086709,0.020349,-0.003665,0.996019,242.154404,205.598083,-196.773758,-0.022009,0.493924,0.007015,0.869198,126.228363,325.738281,-121.552361,0.008967,-0.018602,-0.000503,0.999787,225.366455,162.797165,-178.504974,-0.064280,-0.062207,0.010121,0.995940,224.615326,192.813431,-200.837326
139,1.390000,-0.084327,0.025751,-0.007798,0.996075,201.557678,211.911148,-201.817688,-0.086796,0.019977,-0.003936,0.996018,242.204651,205.583435,-196.786102,-0.021933,0.494018,0.007069,0.869146,126.292183,325.749298,-121.621529,0.008848,-0.018479,-0.000675,0.999790,225.407654,162.786438,-178.510178,-0.061136,-0.060523,0.007369,0.996266,224.655441,192.794632,-200.804428
140,1.400000,-0.085393,0.026147,-0.008346,0.995969,201.613434,211.897354,-201.826141,-0.086902,0.019792,-0.004519,0.996010,242.251816,205.567001,-196.783676,-0.021728,0.494116,0.007326,0.869094,126.349274,325.762878,-121.692467,0.008832,-0.018594,-0.000740,0.999788,225.437653,162.781967,-178.503113,-0.061739,-0.057503,0.005345,0.996420,224.695480,192.781769,-200.802505
141,1.410000,-0.085597,0.026925,-0.007212,0.995940,201.668716,211.876358,-201.815948,-0.086871,0.020046,-0.004441,0.996008,242.291107,205.548172,-196.759583,-0.021556,0.494288,0.007509,0.868998,126.406715,325.787201,-121.768944,0.008983,-0.018975,-0.000736,0.999779,225.466858,162.788193,-178.467972,-0.062580,-0.055947,0.004871,0.996459,224.735275,192.746155,-200.769531
142,1.420000,-0.085194,0.027801,-0.006045,0.995958,201.734085,211.867996,-201.800461,-0.087766,0.019716,-0.004034,0.995938,242.348572,205.525528,-196.695694,-0.021276,0.494500,0.007921,0.868881,126.462486,325.817474,-121.840965,0.008931,-0.019301,-0.000758,0.999774,225.509140,162.791260,-178.421677,-0.063157,-0.056696,0.004775,0.996381,224.798767,192.727493,-200.731491
143,1.430000,-0.085602,0.027618,-0.006290,0.995927,201.804703,211.853333,-201.772766,-0.099752,0.014852,-0.005430,0.994887,242.412399,205.462540,-196.474670,-0.021215,0.494482,0.007942,0.868892,126.506523,325.840332,-121.915611,0.009486,-0.020370,-0.000698,0.999747,225.550293,162.803696,-178.333466,-0.066140,-0.057605,0.008087,0.996113,224.894012,192.707443,-200.656693
144,1.440000,-0.088401,0.014429,-0.008291,0.995946,201.907074,211.822937,-201.864990,-0.107816,-0.003746,-0.010883,0.994104,242.539413,205.467438,-196.449219,-0.021198,0.494302,0.007846,0.868996,126.535194,325.859406,-122.009224,0.010209,-0.021098,-0.000630,0.999725,225.576965,162.821640,-178.263992,-0.067011,-0.060343,0.007359,0.995899,224.983963,192.700424,-200.595551
145,1.450000,-0.093504,-0.000356,-0.011839,0.995549,201.990143,211.819763,-201.863922,-0.109956,-0.011048,-0.013991,0.993777,242.586060,205.475311,-196.404572,-0.021247,0.494267,0.007857,0.869015,126.562447,325.866760,-122.095871,0.010347,-0.021441,-0.000677,0.999716,225.610275,162.830383,-178.218307,-0.067727,-0.061970,0.007028,0.995753,225.046417,192.695023,-200.552078
146,1.460000,-0.095784,-0.005921,-0.013661,0.995291,202.073074,211.801346,-201.897049,-0.099581,-0.007411,-0.011754,0.994932,242.668961,205.522079,-196.483963,-0.021288,0.494162,0.007912,0.869073,126.607910,325.868866,-122.206444,0.010272,-0.021643,-0.000760,0.999713,225.644455,162.839264,-178.198517,-0.067564,-0.060453,0.009091,0.995840,225.156250,192.675720,-200.513290
147,1.470000,-0.095416,-0.007651,-0.013132,0.995322,202.154572,211.792694,-201.927246,-0.093946,-0.000137,-0.009463,0.995532,242.723938,205.536301,-196.507324,-0.021349,0.494236,0.007967,0.869029,126.659782,325.867737,-122.317932,0.010014,-0.021397,-0.000840,0.999721,225.694305,162.829788,-178.202225,-0.067537,-0.057650,0.008554,0.996013,225.214813,192.669464,-200.504761
148,1.480000,-0.094427,-0.005561,-0.012372,0.995439,202.209137,211.774170,-201.956100,-0.093856,0.000715,-0.009395,0.995541,242.772034,205.527023,-196.522583,-0.021380,0.494266,0.008049,0.869010,126.725555,325.863281,-122.436172,0.010123,-0.021494,-0.000909,0.999717,225.726334,162.830475,-178.225113,-0.065739,-0.055255,0.006176,0.996287,225.267975,192.662155,-200.496124
149,1.490000,-0.092032,0.007039,-0.011301,0.995667,202.235062,211.768845,-201.908783,-0.105018,-0.003486,-0.010729,0.994406,242.808502,205.447983,-196.424057,-0.021508,0.494179,0.007897,0.869058,126.787361,325.868164,-122.555298,0.010032,-0.021574,-0.000931,0.999717,225.747253,162.825027,-178.259369,-0.064971,-0.051531,0.004369,0.996546,225.294937,192.649536,-200.516159
150,1.500000,-0.086993,0.020798,-0.007583,0.995963,202.256195,211.751114,-201.944717,-0.108926,-0.010086,-0.013141,0.993912,242.839523,205.420319,-196.461868,-0.021354,0.494488,0.008160,0.868884,126.850960,325.879150,-122.680504,0.010041,-0.021650,-0.000901,0.999715,225.762589,162.816711,-178.299515,-0.062476,-0.046727,0.001773,0.996950,225.306931,192.630920,-200.563095
151,1.510000,-0.086031,0.022672,-0.006590,0.996013,202.276642,211.726059,-201.994431,-0.106809,-0.003088,-0.011220,0.994211,242.843307,205.384491,-196.428818,-0.021307,0.494495,0.008299,0.868880,126.915962,325.888580,-122.803528,0.009811,-0.021573,-0.001024,0.999719,225.776062,162.807861,-178.337952,-0.062462,-0.041702,-0.000976,0.997175,225.335022,192.608582,-200.592682
152,1.520000,-0.086343,0.023079,-0.006402,0.995978,202.281708,211.680817,-202.036285,-0.104718,0.003982,-0.008993,0.994453,242.851822,205.358078,-196.447037,-0.021295,0.494480,0.008222,0.868889,126.983597,325.898865,-122.922363,0.009679,-0.021568,-0.001052,0.999720,225.784012,162.803696,-178.361328,-0.062193,-0.038661,-0.002075,0.997313,225.353943,192.583542,-200.610886
153,1.530000,-0.086846,0.023998,-0.006710,0.995910,202.309860,211.643402,-202.078354,-0.105224,0.003597,-0.009064,0.994401,242.875870,205.331970,-196.480728,-0.021313,0.494202,0.007977,0.869049,127.055344,325.915649,-123.039757,0.009732,-0.021694,-0.000883,0.999717,225.809296,162.802338,-178.375122,-0.063295,-0.035527,-0.004073,0.997354,225.384079,192.549286,-200.646973
154,1.540000,-0.088046,0.025066,-0.006927,0.995777,202.335175,211.606735,-202.116989,-0.106030,0.002296,-0.009680,0.994313,242.902802,205.294891,-196.499100,-0.021246,0.494274,0.008009,0.869010,127.126022,325.936523,-123.148186,0.009603,-0.021744,-0.000771,0.999717,225.828827,162.800339,-178.376938,-0.063711,-0.034253,-0.005621,0.997365,225.401276,192.517441,-200.652756
155,1.550000,-0.089186,0.023819,-0.006883,0.995706,202.351685,211.569077,-202.154190,-0.106428,0.001928,-0.009949,0.994269,242.912674,205.272522,-196.506119,-0.021239,0.494260,0.008042,0.869017,127.202377,325.967651,-123.264145,0.009636,-0.021798,-0.001021,0.999716,225.824173,162.801392,-178.376099,-0.064240,-0.034936,-0.005447,0.997308,225.407623,192.480972,-200.657852
156,1.560000,-0.089698,0.022745,-0.007105,0.995684,202.364838,211.536301,-202.174759,-0.106556,0.001920,-0.009828,0.994256,242.915634,205.257263,-196.508408,-0.021075,0.494443,0.008221,0.868916,127.272873,326.002136,-123.378777,0.009646,-0.021818,-0.000977,0.999715,225.816818,162.799316,-178.368820,-0.064360,-0.037094,-0.005839,0.997220,225.413574,192.429428,-200.639908
157,1.570000,-0.089725,0.023626,-0.006798,0.995663,202.385941,211.507187,-202.192734,-0.106560,0.001957,-0.009732,0.994257,242.925430,205.242599,-196.513504,-0.021241,0.494163,0.007827,0.869074,127.349960,326.030640,-123.501770,0.009632,-0.021886,-0.001063,0.999714,225.820129,162.800781,-178.370316,-0.065376,-0.038627,-0.005772,0.997096,225.427307,192.403839,-200.638443
158,1.580000,-0.088935,0.025658,-0.006366,0.995687,202.413879,211.479248,-202.230591,-0.106135,0.002111,-0.009286,0.994306,242.947464,205.232376,-196.537430,-0.021114,0.494340,0.008250,0.868973,127.425774,326.045349,-123.615913,0.009569,-0.021892,-0.001099,0.999714,225.827347,162.797363,-178.383408,-0.065022,-0.036503,-0.002712,0.997212,225.477112,192.344559,-200.641647
159,1.590000,-0.089195,0.027073,-0.006746,0.995623,202.443802,211.448929,-202.287079,-0.106477,0.002335,-0.008261,0.994278,242.983994,205.200516,-196.572220,-0.021018,0.494477,0.008560,0.868895,127.496971,326.048676,-123.748146,0.009433,-0.021839,-0.001150,0.999716,225.840393,162.791000,-178.415665,-0.064688,-0.033732,-0.002780,0.997332,225.498352,192.318008,-200.662338
160,1.600000,-0.089128,0.027446,-0.006468,0.995621,202.469193,211.410187,-202.357254,-0.106988,0.002104,-0.008033,0.994226,243.003418,205.181824,-196.627106,-0.021150,0.494421,0.008440,0.868924,127.567276,326.046204,-123.889442,0.009250,-0.021841,-0.001223,0.999718,225.861389,162.779922,-178.465363,-0.064133,-0.030313,-0.004351,0.997471,225.518936,192.296021,-200.700638
161,1.610000,-0.091163,0.013703,-0.007871,0.995711,202.540604,211.359909,-202.561981,-0.107063,0.002503,-0.007640,0.994220,243.031906,205.147659,-196.692902,-0.021329,0.494367,0.008347,0.868951,127.630920,326.036407,-124.043472,0.008966,-0.021779,-0.001345,0.999722,225.885849,162.761749,-178.523758,-0.062077,-0.026064,-0.006659,0.997709,225.540619,192.273148,-200.755737
162,1.620000,-0.096335,-0.001448,-0.012277,0.995272,202.587128,211.335144,-202.652908,-0.109987,-0.004117,-0.010263,0.993872,243.087326,205.126831,-196.829987,-0.021167,0.494478,0.008667,0.868889,127.703789,326.033813,-124.199623,0.009215,-0.021405,-0.001306,0.999728,225.910690,162.752792,-178.596817,-0.062464,-0.020370,-0.009831,0.997791,225.575897,192.241714,-200.815735
163,1.630000,-0.098410,-0.004336,-0.013106,0.995050,202.629166,211.302628,-202.708023,-0.100901,-0.005491,-0.011064,0.994820,243.129318,205.159531,-197.049149,-0.021215,0.494490,0.008639,0.868881,127.776611,326.038422,-124.341293,0.008952,-0.021933,-0.001276,0.999719,225.938873,162.744629,-178.653931,-0.062131,-0.017289,-0.011716,0.997850,225.628952,192.215042,-200.841873
164,1.640000,-0.099004,-0.006926,-0.012819,0.994980,202.686432,211.263336,-202.781799,-0.097359,-0.001224,-0.009525,0.995203,243.180435,205.145233,-197.112717,-0.021326,0.494370,0.008498,0.868948,127.865685,326.053467,-124.490303,0.008815,-0.022070,-0.001313,0.999717,225.966431,162.739441,-178.679443,-0.062970,-0.016090,-0.013216,0.997798,225.681351,192.186844,-200.872162
165,1.650000,-0.097128,0.004812,-0.011068,0.995199,202.730301,211.226410,-202.706024,-0.097855,-0.001350,-0.009650,0.995153,243.222427,205.111557,-197.117920,-0.020995,0.494689,0.009028,0.868770,127.951202,326.087036,-124.646019,0.008782,-0.022141,-0.001388,0.999715,225.997223,162.738190,-178.677185,-0.064391,-0.015971,-0.014515,0.997691,225.728500,192.132294,-200.874771
166,1.660000,-0.094151,0.019020,-0.008651,0.995339,202.787140,211.185806,-202.703735,-0.111294,-0.006287,-0.011042,0.993706,243.277679,205.006104,-196.936356,-0.020856,0.494822,0.009092,0.868696,128.055832,326.133514,-124.793320,0.008830,-0.022149,-0.001437,0.999715,226.022781,162.737900,-178.659744,-0.066235,-0.017312,-0.014361,0.997551,225.759338,192.077515,-200.858109
167,1.670000,-0.094471,0.021540,-0.008567,0.995258,202.836838,211.133789,-202.717468,-0.115846,-0.014246,-0.014201,0.993064,243.333817,204.976120,-196.909485,-0.020720,0.494730,0.009023,0.868753,128.171036,326.200928,-124.947418,0.008730,-0.021418,-0.001578,0.999731,226.055527,162.741852,-178.633209,-0.065005,-0.016892,-0.010012,0.997692,225.876801,192.019943,-200.852203
168,1.680000,-0.094574,0.022277,-0.008259,0.995234,202.895660,211.086227,-202.746262,-0.114955,-0.014307,-0.012859,0.993185,243.398193,204.946579,-196.916718,-0.020342,0.494948,0.009542,0.868632,128.292923,326.257660,-125.103905,0.009216,-0.021827,-0.001713,0.999718,226.081741,162.741241,-178.610596,-0.063941,-0.018489,-0.010083,0.997731,225.923111,191.969360,-200.824005
169,1.690000,-0.094907,0.022323,-0.008683,0.995198,202.945816,211.057449,-202.792816,-0.114749,-0.013313,-0.012536,0.993226,243.431503,204.928253,-196.942200,-0.020054,0.495210,0.009879,0.868486,128.397720,326.308105,-125.256073,0.008781,-0.021471,-0.001724,0.999729,226.102966,162.740570,-178.642776,-0.066292,-0.017844,-0.011670,0.997572,225.965881,191.933365,-200.856094
170,1.700000,-0.095035,0.021984,-0.008906,0.995191,202.990204,211.027023,-202.862076,-0.115825,-0.013490,-0.012673,0.993097,243.463760,204.898560,-196.980743,-0.020082,0.495048,0.009622,0.868580,128.523804,326.352203,-125.446930,0.008519,-0.021899,-0.001761,0.999722,226.125809,162.733200,-178.698517,-0.065686,-0.015372,-0.013340,0.997633,226.006729,191.894028,-200.888062
171,1.710000,-0.094644,0.021248,-0.008500,0.995248,203.040573,210.983780,-202.954346,-0.116257,-0.013822,-0.012654,0.993042,243.500351,204.870132,-197.048157,-0.020031,0.495150,0.009838,0.868521,128.633942,326.369690,-125.624268,0.008383,-0.022011,-0.001801,0.999721,226.145401,162.723877,-178.755875,-0.065715,-0.012578,-0.015460,0.997639,226.060883,191.858154,-200.927902
172,1.720000,-0.094824,0.019779,-0.009033,0.995257,203.081207,210.934006,-203.069992,-0.104585,-0.003134,-0.009106,0.994469,243.502106,204.868210,-197.174835,-0.019961,0.495290,0.009965,0.868441,128.738892,326.386017,-125.810204,0.008560,-0.022241,-0.001950,0.999714,226.162994,162.706711,-178.815994,-0.066621,-0.008052,-0.017432,0.997594,226.075577,191.809265,-200.987259
173,1.730000,-0.097034,0.006071,-0.011296,0.995198,203.141022,210.866608,-203.303268,-0.097242,0.010957,-0.004512,0.995190,243.512222,204.841614,-197.263962,-0.019873,0.495373,0.010072,0.868394,128.839386,326.400940,-126.002701,0.008464,-0.022342,-0.001916,0.999713,226.164841,162.691895,-178.873596,-0.066553,-0.005660,-0.020923,0.997548,226.067993,191.772308,-201.043625
174,1.740000,-0.103211,-0.005922,-0.015077,0.994528,203.158340,210.794846,-203.412643,-0.096470,0.013331,-0.004354,0.995237,243.509171,204.803558,-197.326279,-0.019700,0.495496,0.010145,0.868328,128.937119,326.436676,-126.198547,0.008309,-0.022372,-0.001962,0.999713,226.165710,162.681458,-178.912277,-0.065943,-0.000869,-0.019132,0.997640,226.136368,191.687988,-201.112320
175,1.750000,-0.105290,-0.007181,-0.015293,0.994298,203.176132,210.722885,-203.468491,-0.097154,0.013077,-0.004585,0.995173,243.512558,204.756546,-197.353195,-0.019707,0.495317,0.010110,0.868430,129.054749,326.484985,-126.409531,0.008143,-0.022157,-0.002060,0.999719,226.169571,162.673935,-178.924622,-0.066725,0.002519,-0.020744,0.997553,226.130936,191.611969,-201.124527
176,1.760000,-0.106746,-0.009965,-0.015896,0.994109,203.202194,210.656174,-203.526917,-0.098975,0.012015,-0.004005,0.995009,243.537949,204.708282,-197.343582,-0.019477,0.495453,0.010247,0.868356,129.167465,326.543365,-126.591492,0.008275,-0.022406,-0.001979,0.999713,226.169617,162.673996,-178.914658,-0.067047,-0.000285,-0.019596,0.997557,226.172836,191.538193,-201.107330
177,1.770000,-0.108484,-0.011162,-0.016747,0.993894,203.242905,210.592804,-203.552536,-0.099107,0.012011,-0.002847,0.995000,243.573334,204.664658,-197.356857,-0.019129,0.495711,0.010604,0.868212,129.283463,326.603821,-126.769722,0.008228,-0.022269,-0.002084,0.999716,226.180115,162.666641,-178.911469,-0.057987,0.030588,-0.031708,0.997345,226.105072,191.568085,-200.818771
178,1.780000,-0.108421,-0.010010,-0.015767,0.993930,203.295319,210.531601,-203.609650,-0.099631,0.011670,-0.002793,0.994952,243.604126,204.631088,-197.384033,-0.018826,0.495821,0.010997,0.868151,129.395935,326.654205,-126.956749,0.008235,-0.022353,-0.002064,0.999714,226.210770,162.664749,-178.921341,-0.037286,0.116973,-0.068683,0.990055,226.032272,191.619171,-200.572159
179,1.790000,-0.106158,0.002598,-0.013698,0.994252,203.331924,210.481720,-203.559341,-0.100060,0.011479,-0.002872,0.994911,243.638535,204.604416,-197.417282,-0.018842,0.495702,0.010924,0.868220,129.503448,326.686493,-127.131134,0.008249,-0.022403,-0.002143,0.999713,226.237701,162.659256,-178.944519,-0.025025,0.185811,-0.098289,0.977337,226.025391,191.638168,-200.420227
180,1.800000,-0.102086,0.017720,-0.009654,0.994571,203.371658,210.436630,-203.591034,-0.102970,0.004448,-0.005197,0.994661,243.695969,204.583023,-197.543732,-0.018582,0.496026,0.011162,0.868037,129.619492,326.697998,-127.317863,0.007911,-0.022255,-0.002285,0.999718,226.265549,162.644501,-178.977234,-0.019585,0.224303,-0.115631,0.967437,226.026093,191.649994,-200.299850
181,1.810000,-0.100637,0.019622,-0.008805,0.994691,203.406174,210.382141,-203.664383,-0.106682,-0.004630,-0.008445,0.994247,243.744293,204.548553,-197.631516,-0.018718,0.496128,0.011207,0.867975,129.733978,326.707977,-127.507401,0.008213,-0.022214,-0.002362,0.999717,226.284470,162.638290,-179.025436,-0.018651,0.244515,-0.126056,0.961236,226.028671,191.647293,-200.217133
182,1.820000,-0.101212,0.018109,-0.008882,0.994660,203.441574,210.320236,-203.746231,-0.107705,-0.006578,-0.009098,0.994120,243.764633,204.517731,-197.682709,-0.018729,0.496296,0.011243,0.867879,129.824814,326.719788,-127.671806,0.008058,-0.022147,-0.002500,0.999719,226.298508,162.627716,-179.065842,-0.021822,0.255220,-0.133648,0.957353,226.036987,191.620392,-200.182816
183,1.830000,-0.103505,0.017705,-0.009479,0.994426,203.476959,210.255188,-203.831558,-0.108244,-0.006783,-0.009016,0.994060,243.776901,204.486343,-197.726349,-0.018596,0.496113,0.011274,0.867986,129.928192,326.746674,-127.857674,0.007937,-0.022098,-0.002545,0.999721,226.304718,162.623596,-179.094315,-0.025521,0.258563,-0.137791,0.955776,226.042542,191.584229,-200.155319
184,1.840000,-0.104469,0.018233,-0.009951,0.994311,203.493622,210.192688,-203.887207,-0.108664,-0.006894,-0.008914,0.994015,243.777588,204.453766,-197.755219,-0.018307,0.496477,0.011636,0.867779,130.036987,326.799927,-128.016647,0.007896,-0.022082,-0.002538,0.999722,226.303436,162.621078,-179.114273,-0.029692,0.257170,-0.139234,0.955822,226.042679,191.534912,-200.141998
185,1.850000,-0.104275,0.018271,-0.009843,0.994332,203.511215,210.138428,-203.932312,-0.108244,-0.006779,-0.009363,0.994057,243.766464,204.430466,-197.788773,-0.018168,0.496607,0.011725,0.867706,130.136993,326.848389,-128.159470,0.007611,-0.022025,-0.002450,0.999726,226.299362,162.614990,-179.123917,-0.034417,0.249766,-0.140197,0.957485,226.064056,191.467026,-200.132935
186,1.860000,-0.104218,0.017995,-0.009641,0.994345,203.526093,210.086060,-203.969818,-0.108918,-0.006325,-0.008404,0.993995,243.771393,204.382523,-197.803619,-0.018136,0.496421,0.011629,0.867815,130.233734,326.899628,-128.320236,0.007720,-0.022053,-0.002504,0.999724,226.296768,162.616516,-179.132812,-0.039600,0.240047,-0.137498,0.960158,226.075150,191.394836,-200.134369
187,1.870000,-0.104862,0.017719,-0.009714,0.994282,203.540955,210.036499,-204.001114,-0.109774,-0.006069,-0.007350,0.993911,243.784119,204.340439,-197.808548,-0.018144,0.496506,0.011640,0.867766,130.321838,326.937500,-128.469818,0.007599,-0.022111,-0.002444,0.999724,226.293869,162.610916,-179.132416,-0.044758,0.229169,-0.134244,0.963046,226.090363,191.338989,-200.151794
188,1.880000,-0.105748,0.017386,-0.010220,0.994188,203.558548,209.986771,-204.041046,-0.110210,-0.006250,-0.007878,0.993857,243.782120,204.320572,-197.826508,-0.018065,0.496693,0.011616,0.867661,130.419907,326.967987,-128.617035,0.007575,-0.022119,-0.002441,0.999724,226.295288,162.607986,-179.138077,-0.050508,0.220518,-0.131999,0.965089,226.122040,191.276016,-200.184891
189,1.890000,-0.106465,0.015925,-0.010289,0.994136,203.581024,209.921112,-204.109711,-0.110636,-0.006584,-0.008084,0.993806,243.790009,204.295731,-197.856171,-0.017707,0.497047,0.012236,0.867456,130.505310,326.986755,-128.762878,0.007720,-0.022230,-0.002496,0.999720,226.297150,162.607132,-179.157074,-0.055164,0.211651,-0.129573,0.967146,226.145309,191.223068,-200.224838
190,1.900000,-0.107652,0.014387,-0.010940,0.994024,203.606323,209.867828,-204.177505,-0.111225,-0.006819,-0.008138,0.993739,243.797760,204.265076,-197.890167,-0.017721,0.496842,0.012031,0.867577,130.593155,327.010223,-128.913757,0.007498,-0.022324,-0.002545,0.999719,226.288712,162.589401,-179.179688,-0.060089,0.201224,-0.125742,0.969581,226.154434,191.156662,-200.272949
191,1.910000,-0.111622,0.000202,-0.013722,0.993656,203.639191,209.809509,-204.354340,-0.111514,-0.007580,-0.008081,0.993701,243.805725,204.226395,-197.947083,-0.017616,0.496871,0.012141,0.867560,130.677246,327.028534,-129.048370,0.007347,-0.022578,-0.002573,0.999715,226.288483,162.582214,-179.215042,-0.065423,0.192118,-0.123308,0.971394,226.174545,191.097153,-200.341782
192,1.920000,-0.110865,0.003319,-0.012075,0.993757,203.659790,209.769653,-204.337646,-0.109191,0.000238,-0.005692,0.994005,243.805237,204.181870,-197.904907,-0.017344,0.495574,0.011417,0.868317,130.722351,327.009888,-129.154633,0.007188,-0.022745,-0.002589,0.999712,226.291824,162.575851,-179.245682,-0.068995,0.183725,-0.120065,0.973175,226.191193,191.039917,-200.392914
193,1.930000,-0.107581,0.013327,-0.009882,0.994058,203.666565,209.712402,-204.358215,-0.107030,0.008442,-0.003017,0.994215,243.816696,204.146851,-197.907852,-0.017426,0.496689,0.012046,0.867670,130.857513,327.069336,-129.347809,0.007853,-0.022879,-0.002553,0.999704,226.303391,162.575836,-179.275757,-0.070302,0.172555,-0.116275,0.975583,226.231369,190.969498,-200.410950
194,1.940000,-0.108434,0.012990,-0.009995,0.993969,203.700470,209.660843,-204.390411,-0.107206,0.009350,-0.002805,0.994189,243.839645,204.120163,-197.912628,-0.017461,0.497037,0.012302,0.867466,130.954697,327.109131,-129.503342,0.007901,-0.022975,-0.002599,0.999702,226.314301,162.577637,-179.271088,-0.071413,0.160807,-0.112116,0.977993,226.294037,190.898254,-200.425995
195,1.950000,-0.109884,0.013168,-0.009518,0.993812,203.732468,209.603821,-204.412262,-0.107549,0.009261,-0.002822,0.994153,243.867599,204.094376,-197.904221,-0.017274,0.495679,0.011535,0.868258,130.993362,327.098663,-129.609802,0.006974,-0.022604,-0.002819,0.999716,226.335617,162.579071,-179.247818,-0.074631,0.152696,-0.108080,0.979507,226.339478,190.826080,-200.468445
196,1.960000,-0.110992,0.012967,-0.009686,0.993689,203.782211,209.551407,-204.436081,-0.108449,0.008873,-0.002809,0.994058,243.902603,204.060486,-197.884644,-0.017293,0.495486,0.011583,0.868367,131.078354,327.131409,-129.749832,0.006932,-0.022573,-0.002866,0.999717,226.352692,162.580612,-179.231964,-0.076363,0.145360,-0.104410,0.980886,226.394150,190.766418,-200.498047
197,1.970000,-0.111815,0.013007,-0.010894,0.993584,203.828720,209.507507,-204.463257,-0.109322,0.007277,-0.003308,0.993974,243.943878,204.039810,-197.878387,-0.017025,0.495822,0.011865,0.868176,131.170822,327.185547,-129.890045,0.006850,-0.022456,-0.002927,0.999720,226.365372,162.582687,-179.226852,-0.077822,0.137790,-0.100662,0.982255,226.442993,190.710114,-200.530106
198,1.980000,-0.112312,0.013388,-0.011513,0.993516,203.861740,209.477112,-204.502579,-0.110184,0.005499,-0.003686,0.993889,243.959534,204.018631,-197.900269,-0.016894,0.495709,0.011768,0.868245,131.266068,327.237244,-130.043503,0.006808,-0.022370,-0.002932,0.999722,226.370270,162.581375,-179.244308,-0.080466,0.132125,-0.099225,0.982966,226.495346,190.656128,-200.591263
199,1.990000,-0.112380,0.013301,-0.011634,0.993508,203.875961,209.436478,-204.564056,-0.109819,0.005596,-0.003525,0.993930,243.964584,203.992279,-197.960571,-0.016884,0.495642,0.011624,0.868285,131.366211,327.280609,-130.195084,0.007330,-0.022402,-0.002862,0.999718,226.368118,162.576309,-179.297699,-0.082009,0.127358,-0.097123,0.983678,226.507324,190.605942,-200.645157
200,2.000000,-0.112307,0.013174,-0.011604,0.993519,203.878006,209.393585,-204.635620,-0.110165,0.006257,-0.002925,0.993889,243.947449,203.963776,-198.025406,-0.016781,0.495585,0.011605,0.868320,131.462524,327.316803,-130.364166,0.007054,-0.022380,-0.002862,0.999721,226.356049,162.567856,-179.355347,-0.083453,0.122023,-0.095065,0.984433,226.510040,190.557251,-200.706421
201,2.010000,-0.112672,0.013403,-0.010825,0.993483,203.865295,209.343964,-204.713242,-0.111217,0.006527,-0.002582,0.993771,243.921249,203.929398,-198.096237,-0.016551,0.495984,0.012033,0.868091,131.574020,327.349762,-130.525787,0.006062,-0.022241,-0.002910,0.999730,226.335831,162.565063,-179.438553,-0.084777,0.115826,-0.092983,0.985267,226.490463,190.473404,-200.753723
202,2.020000,-0.113127,0.014446,-0.010943,0.993415,203.866486,209.284805,-204.785690,-0.114664,-0.001016,-0.005004,0.993391,243.932465,203.905777,-198.221893,-0.016419,0.495927,0.011866,0.868128,131.683212,327.393097,-130.682831,0.006115,-0.022258,-0.002814,0.999730,226.330917,162.555328,-179.471985,-0.086371,0.110361,-0.090770,0.985962,226.505646,190.408371,-200.804535
203,2.030000,-0.114189,0.013554,-0.011372,0.993302,203.872559,209.219910,-204.831787,-0.118562,-0.010810,-0.008053,0.992855,243.955963,203.858490,-198.272232,-0.016308,0.495812,0.011779,0.868197,131.780609,327.434479,-130.843246,0.005889,-0.022280,-0.002913,0.999730,226.331818,162.552170,-179.459702,-0.088544,0.106749,-0.089669,0.986268,226.529480,190.334396,-200.862915
204,2.040000,-0.115782,0.013326,-0.011055,0.993124,203.919235,209.154602,-204.826645,-0.119249,-0.011608,-0.008460,0.992761,243.997116,203.810913,-198.251968,-0.015969,0.495874,0.012274,0.868161,131.865997,327.465820,-130.983002,0.006111,-0.021942,-0.002923,0.999736,226.350281,162.549515,-179.417953,-0.089015,0.101943,-0.086917,0.986980,226.580109,190.267044,-200.884232
205,2.050000,-0.119534,-0.000863,-0.013973,0.992731,204.007751,209.078934,-204.939255,-0.118776,-0.010486,-0.008210,0.992832,244.054550,203.784622,-198.212433,-0.015800,0.495875,0.012443,0.868161,131.959122,327.510284,-131.122284,0.006746,-0.022535,-0.003012,0.999719,226.382019,162.549667,-179.360855,-0.089419,0.095489,-0.082948,0.987930,226.657120,190.203751,-200.893631
206,2.060000,-0.120600,0.001290,-0.014397,0.992596,204.082901,209.068359,-204.840775,-0.116270,-0.002296,-0.004641,0.993204,244.095398,203.751740,-198.090210,-0.015749,0.495558,0.012104,0.868348,132.064224,327.563751,-131.261917,0.007047,-0.022651,-0.003107,0.999714,226.407578,162.551773,-179.321747,-0.090128,0.089208,-0.078540,0.988813,226.730972,190.136475,-200.901123
207,2.070000,-0.117731,0.011389,-0.012278,0.992904,204.118927,209.040649,-204.825882,-0.113613,0.006437,-0.001908,0.993502,244.115173,203.732788,-198.037704,-0.015300,0.495771,0.012485,0.868229,132.164948,327.622498,-131.413193,0.007276,-0.022697,-0.003146,0.999711,226.414246,162.553543,-179.290878,-0.088863,0.080864,-0.075594,0.989874,226.785873,190.076111,-200.892975
208,2.080000,-0.118304,0.012339,-0.011373,0.992836,204.133850,208.986526,-204.841919,-0.113582,0.007217,-0.001522,0.993501,244.119904,203.718674,-198.025711,-0.015246,0.495691,0.012435,0.868276,132.252869,327.674286,-131.569046,0.007300,-0.022640,-0.003158,0.999712,226.408127,162.554199,-179.281036,-0.088043,0.072656,-0.073043,0.990775,226.826660,190.029739,-200.902573
209,2.090000,-0.118435,0.011915,-0.011649,0.992822,204.132401,208.939224,-204.901718,-0.114005,0.006892,-0.001182,0.993456,244.109634,203.698334,-198.051895,-0.015331,0.495709,0.012187,0.868268,132.351273,327.717316,-131.714340,0.007177,-0.022539,-0.003152,0.999715,226.392975,162.550339,-179.303299,-0.089857,0.068483,-0.070753,0.991075,226.834259,189.963165,-200.942947
210,2.100000,-0.119077,0.012079,-0.011934,0.992740,204.124863,208.891800,-204.992493,-0.117329,-0.001014,-0.003662,0.993086,244.112717,203.671448,-198.190048,-0.015020,0.495994,0.012473,0.868106,132.457611,327.744171,-131.877289,0.006752,-0.022439,-0.003107,0.999721,226.376144,162.539780,-179.357849,-0.092285,0.067098,-0.069458,0.991038,226.818710,189.915833,-201.005508
211,2.110000,-0.118816,0.010259,-0.012119,0.992789,204.133820,208.837723,-205.079956,-0.120519,-0.010487,-0.007224,0.992629,244.113922,203.629074,-198.299957,-0.014881,0.496303,0.012648,0.867930,132.563416,327.752899,-132.028259,0.005983,-0.021817,-0.003041,0.999739,226.373825,162.533569,-179.415115,-0.095059,0.066621,-0.070005,0.990770,226.830338,189.856369,-201.067474
212,2.120000,-0.120363,0.009312,-0.013369,0.992596,204.276947,208.786942,-205.147430,-0.121384,-0.012102,-0.006436,0.992511,244.230164,203.583328,-198.308395,-0.015121,0.495863,0.012225,0.868183,132.678024,327.758026,-132.205078,0.005793,-0.022984,-0.002966,0.999715,226.443832,162.532715,-179.445633,-0.095335,0.064461,-0.070503,0.990851,226.937057,189.822189,-201.075897
213,2.130000,-0.122122,0.009289,-0.014123,0.992371,204.322754,208.742142,-205.136185,-0.122623,-0.012390,-0.006787,0.992353,244.273117,203.552567,-198.256409,-0.014882,0.496207,0.012638,0.867985,132.777740,327.767517,-132.367065,0.006473,-0.023380,-0.003055,0.999701,226.464218,162.537292,-179.390686,-0.095486,0.058372,-0.068073,0.991383,227.017914,189.759491,-201.073227
214,2.140000,-0.122145,0.008722,-0.012917,0.992390,204.360443,208.716965,-205.131256,-0.122913,-0.012975,-0.006945,0.992308,244.284897,203.548676,-198.201538,-0.014898,0.496315,0.012736,0.867921,132.854065,327.806213,-132.514343,0.006588,-0.023413,-0.003120,0.999699,226.465988,162.547028,-179.346451,-0.095814,0.052007,-0.064192,0.991965,227.053009,189.712341,-201.081863
215,2.150000,-0.122586,0.007919,-0.012506,0.992348,204.412857,208.689423,-205.120468,-0.123134,-0.012801,-0.006617,0.992285,244.315918,203.544479,-198.141052,-0.014857,0.496205,0.012764,0.867985,132.942444,327.852692,-132.658600,0.006338,-0.023668,-0.003341,0.999694,226.484406,162.549194,-179.276642,-0.094326,0.043928,-0.060789,0.992712,227.111862,189.656052,-201.053711
216,2.160000,-0.121948,0.007967,-0.011818,0.992434,204.463699,208.651199,-205.114487,-0.120150,-0.004995,-0.003630,0.992737,244.344376,203.534912,-198.010773,-0.014655,0.496099,0.012946,0.868046,133.023560,327.889038,-132.804031,0.006499,-0.023834,-0.003345,0.999689,226.496704,162.553360,-179.235565,-0.094782,0.037110,-0.057015,0.993171,227.175232,189.609055,-201.049210
217,2.170000,-0.122334,0.008068,-0.012855,0.992373,204.505615,208.601700,-205.137253,-0.121591,-0.007876,-0.004441,0.992539,244.402878,203.515503,-198.064941,-0.014548,0.496153,0.012967,0.868016,133.121307,327.899811,-132.952698,0.006555,-0.023896,-0.003356,0.999687,226.513306,162.549652,-179.215561,-0.094914,0.030868,-0.054631,0.993506,227.238754,189.560181,-201.037903
218,2.180000,-0.122904,0.005917,-0.013415,0.992310,204.551041,208.556519,-205.181610,-0.123916,-0.014904,-0.006938,0.992157,244.446747,203.493042,-198.084564,-0.014570,0.495925,0.012848,0.868148,133.209152,327.891479,-133.103104,0.006710,-0.024163,-0.003300,0.999680,226.529251,162.543549,-179.223267,-0.096042,0.026678,-0.052957,0.993610,227.281448,189.524673,-201.054077
219,2.190000,-0.123599,0.005137,-0.013457,0.992228,204.614517,208.515839,-205.243912,-0.124551,-0.015911,-0.007412,0.992058,244.469116,203.468155,-198.116867,-0.014290,0.495959,0.012917,0.868132,133.302628,327.890198,-133.275497,0.007310,-0.024428,-0.003262,0.999670,226.543884,162.539734,-179.262253,-0.098659,0.025430,-0.052656,0.993402,227.309006,189.480453,-201.089767
220,2.200000,-0.124544,0.005527,-0.013151,0.992112,204.662338,208.468475,-205.307312,-0.124315,-0.015635,-0.007583,0.992091,244.508377,203.443039,-198.152405,-0.014233,0.495975,0.012942,0.868124,133.392883,327.891083,-133.438416,0.007677,-0.023872,-0.003377,0.999680,226.497711,162.577805,-179.281113,-0.100551,0.024149,-0.052929,0.993230,227.342911,189.443542,-201.118515
221,2.210000,-0.125348,0.006122,-0.013315,0.992005,204.709290,208.426483,-205.378799,-0.124015,-0.014595,-0.006982,0.992149,244.544388,203.404556,-198.203033,-0.014469,0.495785,0.012486,0.868235,133.515427,327.912720,-133.651596,0.007646,-0.023693,-0.003410,0.999684,226.506500,162.581177,-179.313354,-0.103216,0.023982,-0.054057,0.992899,227.385895,189.399017,-201.158447
222,2.220000,-0.125067,0.006381,-0.013536,0.992035,204.774628,208.386246,-205.444946,-0.123600,-0.013790,-0.006996,0.992212,244.605072,203.374908,-198.231689,-0.014259,0.496249,0.013082,0.867965,133.631104,327.925262,-133.841339,0.007463,-0.023405,-0.003132,0.999693,226.564285,162.573883,-179.342316,-0.105578,0.022496,-0.054335,0.992671,227.456650,189.360443,-201.182343
223,2.230000,-0.124911,0.006918,-0.012392,0.992067,204.861664,208.343689,-205.501144,-0.124592,-0.014098,-0.005789,0.992091,244.684937,203.344025,-198.238052,-0.014312,0.496211,0.012941,0.867988,133.754639,327.946594,-134.053192,0.007372,-0.023507,-0.003228,0.999691,226.608551,162.570755,-179.356506,-0.107259,0.020203,-0.053138,0.992605,227.529556,189.311310,-201.190353
224,2.240000,-0.124616,0.006294,-0.011428,0.992119,204.952194,208.294601,-205.541809,-0.125209,-0.014918,-0.005679,0.992002,244.749847,203.315521,-198.233154,-0.013888,0.496185,0.013266,0.868004,133.863495,327.978363,-134.273743,0.007356,-0.023630,-0.003296,0.999688,226.643692,162.572632,-179.357071,-0.108002,0.015402,-0.051149,0.992715,227.618576,189.247086,-201.170197
225,2.250000,-0.123818,0.006141,-0.012428,0.992208,205.036896,208.243790,-205.587189,-0.125808,-0.016542,-0.005710,0.991900,244.818985,203.277374,-198.243546,-0.013988,0.496126,0.013089,0.868039,133.987259,328.012390,-134.480453,0.007278,-0.023712,-0.003364,0.999687,226.664047,162.576828,-179.356247,-0.107919,0.008846,-0.049594,0.992883,227.687149,189.187943,-201.147446
226,2.260000,-0.124395,0.006099,-0.013556,0.992121,205.094177,208.183914,-205.631577,-0.127295,-0.017823,-0.006203,0.991685,244.865326,203.236359,-198.228287,-0.013981,0.496432,0.013508,0.867858,134.108841,328.031738,-134.669281,0.007328,-0.023659,-0.003483,0.999687,226.676590,162.580597,-179.352966,-0.110510,0.005413,-0.048145,0.992693,227.736572,189.120377,-201.162018
227,2.270000,-0.125757,0.005762,-0.014544,0.991938,205.126526,208.119141,-205.663681,-0.128496,-0.019119,-0.006790,0.991502,244.896378,203.192123,-198.225021,-0.013601,0.496666,0.013799,0.867725,134.235260,328.093842,-134.895645,0.007261,-0.023696,-0.003512,0.999687,226.685654,162.579269,-179.355835,-0.113299,0.004411,-0.048194,0.992382,227.779373,189.051453,-201.186859
228,2.280000,-0.128144,0.004660,-0.014795,0.991634,205.185074,208.057022,-205.712051,-0.129202,-0.019699,-0.006943,0.991398,244.927048,203.161575,-198.240173,-0.013758,0.496438,0.013381,0.867860,134.385956,328.140320,-135.097382,0.007233,-0.023744,-0.003512,0.999686,226.696472,162.573700,-179.364960,-0.114872,0.002610,-0.047540,0.992239,227.820389,188.993423,-201.198364
229,2.290000,-0.129562,0.002652,-0.014607,0.991460,205.253448,207.988388,-205.788849,-0.129715,-0.019453,-0.006701,0.991338,244.981445,203.123505,-198.259186,-0.013790,0.496536,0.013554,0.867801,134.529785,328.140442,-135.281982,0.006935,-0.023455,-0.003648,0.999694,226.722794,162.569931,-179.386734,-0.116678,-0.000014,-0.046984,0.992058,227.876831,188.940216,-201.215347
230,2.300000,-0.130779,0.002519,-0.014550,0.991302,205.332077,207.923019,-205.849579,-0.129391,-0.019095,-0.006519,0.991388,245.026154,203.083817,-198.298294,-0.013486,0.496347,0.013390,0.867916,134.664566,328.178040,-135.513519,0.006488,-0.024113,-0.003760,0.999681,226.753967,162.566055,-179.422394,-0.118790,-0.002693,-0.045612,0.991867,227.944046,188.877548,-201.223572
231,2.310000,-0.131010,0.003134,-0.014336,0.991273,205.412140,207.870407,-205.914673,-0.126918,-0.011044,-0.004045,0.991843,245.052963,203.038422,-198.243637,-0.013304,0.496465,0.013591,0.867849,134.824188,328.203857,-135.756699,0.006250,-0.024191,-0.003868,0.999680,226.784683,162.556549,-179.451126,-0.118501,-0.008162,-0.045117,0.991895,228.013138,188.810806,-201.197693
232,2.320000,-0.131370,0.003032,-0.014373,0.991225,205.460785,207.811157,-205.965363,-0.124608,-0.002713,-0.001095,0.992202,245.092178,203.004379,-198.249588,-0.013500,0.496562,0.013480,0.867792,134.957947,328.205811,-135.933304,0.006415,-0.024472,-0.004244,0.999671,226.817017,162.543411,-179.467682,-0.121104,-0.010327,-0.044612,0.991583,228.059021,188.748703,-201.223709
233,2.330000,-0.132128,0.002893,-0.014123,0.991128,205.513245,207.747589,-206.045212,-0.125372,-0.003368,-0.000343,0.992104,245.146118,202.963608,-198.288666,-0.013026,0.496355,0.013800,0.867912,135.075439,328.229218,-136.172745,0.006296,-0.024621,-0.004242,0.999668,226.835968,162.540314,-179.490479,-0.124049,-0.010092,-0.045351,0.991188,228.112747,188.685181,-201.255585
234,2.340000,-0.132836,0.001751,-0.015021,0.991023,205.566788,207.676834,-206.111984,-0.126166,-0.004182,-0.000288,0.992000,245.181320,202.918671,-198.311890,-0.013029,0.496214,0.013751,0.867994,135.193466,328.253632,-136.397995,0.006209,-0.024637,-0.004430,0.999667,226.835373,162.537994,-179.515396,-0.125918,-0.011781,-0.045243,0.990938,228.144043,188.630463,-201.277451
235,2.350000,-0.134514,-0.000940,-0.016085,0.990781,205.600006,207.607346,-206.175949,-0.126493,-0.003866,0.000107,0.991960,245.177338,202.870758,-198.319534,-0.013103,0.496218,0.013868,0.867988,135.305725,328.268890,-136.629898,0.006184,-0.024692,-0.004434,0.999666,226.827881,162.535660,-179.522507,-0.127006,-0.014669,-0.044139,0.990811,228.165161,188.562180,-201.292587
236,2.360000,-0.136493,-0.002031,-0.016913,0.990495,205.607620,207.526505,-206.206406,-0.127553,-0.004216,-0.000033,0.991823,245.176224,202.835541,-198.312180,-0.013099,0.496231,0.013882,0.867981,135.416229,328.292175,-136.848633,0.006210,-0.024624,-0.004369,0.999668,226.813416,162.533707,-179.511932,-0.128225,-0.018151,-0.041799,0.990698,228.162125,188.475220,-201.303406
237,2.370000,-0.137187,-0.002201,-0.017349,0.990391,205.619797,207.467804,-206.229721,-0.128449,-0.005113,-0.000218,0.991703,245.175842,202.799133,-198.299728,-0.013043,0.496262,0.013916,0.867964,135.525909,328.312927,-137.062393,0.006031,-0.024307,-0.004138,0.999678,226.793945,162.536377,-179.504822,-0.127125,-0.023742,-0.041073,0.990752,228.197296,188.415848,-201.287155
238,2.380000,-0.137364,-0.002013,-0.017712,0.990360,205.632111,207.401550,-206.261749,-0.129419,-0.005840,-0.000953,0.991572,245.184601,202.751144,-198.293152,-0.012902,0.496512,0.014278,0.867816,135.633942,328.329651,-137.248077,0.006106,-0.024265,-0.004096,0.999679,226.784592,162.532623,-179.500443,-0.129556,-0.025057,-0.040855,0.990413,228.212097,188.341858,-201.321594
239,2.390000,-0.136843,-0.002009,-0.016649,0.990451,205.667465,207.341675,-206.324280,-0.130037,-0.006188,-0.001574,0.991489,245.202835,202.715042,-198.318253,-0.013262,0.496527,0.014060,0.867806,135.752304,328.333282,-137.414688,0.006095,-0.024200,-0.004085,0.999680,226.783585,162.527267,-179.515961,-0.131088,-0.026290,-0.039824,0.990222,228.227127,188.269302,-201.336761
240,2.400000,-0.136518,-0.002444,-0.016078,0.990504,205.698425,207.294876,-206.392990,-0.130832,-0.006694,-0.001721,0.991380,245.219208,202.683685,-198.361664,-0.013214,0.496449,0.013907,0.867854,135.889069,328.329987,-137.647339,0.006219,-0.023800,-0.004085,0.999689,226.782471,162.525192,-179.541611,-0.132452,-0.028497,-0.038896,0.990016,228.243622,188.225479,-201.364365
241,2.410000,-0.137099,-0.002721,-0.016693,0.990413,205.753235,207.242432,-206.456741,-0.133500,-0.014078,-0.003839,0.990941,245.261658,202.653229,-198.477051,-0.013181,0.496645,0.013896,0.867742,136.011581,328.287933,-137.839539,0.005957,-0.023360,-0.004059,0.999701,226.793076,162.524338,-179.567413,-0.133320,-0.030146,-0.038554,0.989864,228.283234,188.180191,-201.385773
242,2.420000,-0.137455,-0.002443,-0.016469,0.990368,205.791626,207.187973,-206.489471,-0.136527,-0.022223,-0.005800,0.990370,245.323303,202.616135,-198.507004,-0.013184,0.496446,0.013829,0.867857,136.136490,328.241119,-138.037506,0.005497,-0.024292,-0.004134,0.999681,226.821152,162.520264,-179.595169,-0.134016,-0.031875,-0.037324,0.989763,228.331833,188.128860,-201.395050
243,2.430000,-0.138228,-0.002632,-0.016093,0.990266,205.828232,207.137177,-206.508118,-0.137487,-0.023869,-0.006230,0.990196,245.345215,202.586243,-198.506287,-0.013436,0.496258,0.013472,0.867966,136.259018,328.207092,-138.234268,0.005558,-0.024660,-0.004296,0.999671,226.837219,162.516815,-179.587341,-0.134669,-0.035107,-0.035041,0.989648,228.373535,188.065323,-201.394806
244,2.440000,-0.139224,-0.003749,-0.016491,0.990116,205.839005,207.076904,-206.499481,-0.138100,-0.024536,-0.006374,0.990094,245.350418,202.562332,-198.477539,-0.013636,0.496502,0.013379,0.867825,136.393661,328.194183,-138.444717,0.006115,-0.024713,-0.004101,0.999668,226.846741,162.501556,-179.539871,-0.132513,-0.041929,-0.033911,0.989713,228.417419,188.007904,-201.359009
245,2.450000,-0.140282,-0.004608,-0.017280,0.989950,205.845322,207.028992,-206.499100,-0.138794,-0.024928,-0.006650,0.989985,245.341415,202.534073,-198.433792,-0.013492,0.496585,0.013584,0.867777,136.503815,328.180176,-138.660583,0.005917,-0.024685,-0.003865,0.999670,226.828506,162.510529,-179.517685,-0.132917,-0.046531,-0.031155,0.989544,228.433914,187.939453,-201.358276
246,2.460000,-0.141177,-0.004593,-0.018076,0.989809,205.855087,206.980377,-206.501953,-0.139361,-0.024818,-0.005374,0.989916,245.340714,202.503906,-198.384201,-0.013661,0.496532,0.013376,0.867808,136.641693,328.163055,-138.863281,0.005956,-0.024824,-0.003617,0.999668,226.799316,162.518158,-179.486359,-0.133864,-0.048851,-0.030208,0.989334,228.451477,187.875519,-201.370270
247,2.470000,-0.141287,-0.004584,-0.017783,0.989798,205.871933,206.922394,-206.529160,-0.140192,-0.025390,-0.005246,0.989785,245.346283,202.459503,-198.353149,-0.013699,0.496422,0.013181,0.867873,136.742828,328.161713,-139.068359,0.005989,-0.025050,-0.003547,0.999662,226.778992,162.521347,-179.468338,-0.133974,-0.050782,-0.029342,0.989248,228.463943,187.813370,-201.373337
248,2.480000,-0.141425,-0.004876,-0.017257,0.989787,205.875885,206.870667,-206.568970,-0.140702,-0.026428,-0.005404,0.989684,245.339630,202.429810,-198.351471,-0.013584,0.496603,0.013503,0.867767,136.855225,328.174377,-139.275757,0.005993,-0.025141,-0.003445,0.999660,226.757462,162.521561,-179.471329,-0.133894,-0.053387,-0.028323,0.989151,228.466629,187.769165,-201.383011
249,2.490000,-0.141392,-0.005873,-0.016526,0.989798,205.892242,206.811066,-206.618561,-0.140458,-0.026584,-0.004727,0.989718,245.340515,202.381760,-198.348282,-0.013697,0.496574,0.013445,0.867782,136.972107,328.184357,-139.486084,0.006162,-0.025598,-0.003336,0.999648,226.732697,162.521362,-179.464813,-0.134499,-0.055752,-0.026539,0.988988,228.455124,187.698120,-201.390381
250,2.500000,-0.142774,-0.005643,-0.016731,0.989598,205.913605,206.747040,-206.677979,-0.140634,-0.026827,-0.004593,0.989688,245.347275,202.336884,-198.352890,-0.013540,0.496621,0.013604,0.867755,137.104370,328.199951,-139.706406,0.006203,-0.025846,-0.003265,0.999641,226.722580,162.517075,-179.469131,-0.133822,-0.059417,-0.026288,0.988873,228.475189,187.637939,-201.375107
251,2.510000,-0.143994,-0.005682,-0.017956,0.989399,205.952072,206.688385,-206.729065,-0.141014,-0.027326,-0.004946,0.989618,245.372757,202.284760,-198.358109,-0.013422,0.496536,0.013621,0.867805,137.219681,328.210968,-139.936020,0.006230,-0.026072,-0.003206,0.999636,226.730865,162.513199,-179.476959,-0.134158,-0.061428,-0.025705,0.988720,228.502182,187.595093,-201.380539
252,2.520000,-0.145613,-0.006037,-0.018607,0.989148,206.008545,206.627655,-206.758636,-0.141130,-0.027056,-0.004960,0.989609,245.430206,202.236847,-198.362076,-0.013304,0.496426,0.013695,0.867869,137.340652,328.217407,-140.173553,0.006109,-0.026171,-0.003263,0.999634,226.759186,162.510330,-179.482010,-0.135450,-0.062488,-0.025093,0.988493,228.558624,187.541138,-201.380753
253,2.530000,-0.145230,-0.006408,-0.017657,0.989220,206.124252,206.577682,-206.808640,-0.142254,-0.026967,-0.005633,0.989447,245.502258,202.183121,-198.344376,-0.013524,0.496404,0.013458,0.867882,137.481567,328.218719,-140.408432,0.006146,-0.026481,-0.003269,0.999625,226.801575,162.507095,-179.478424,-0.138162,-0.061243,-0.025641,0.988182,228.623306,187.478287,-201.397430
254,2.540000,-0.145143,-0.007515,-0.016952,0.989237,206.220886,206.512405,-206.864243,-0.143407,-0.028075,-0.006419,0.989245,245.598343,202.129440,-198.331970,-0.013309,0.496472,0.013695,0.867843,137.613953,328.230042,-140.639023,0.006174,-0.027140,-0.003423,0.999607,226.873520,162.499771,-179.473495,-0.139962,-0.060753,-0.026463,0.987937,228.724915,187.430527,-201.394760
255,2.550000,-0.146318,-0.009880,-0.018250,0.989020,206.323135,206.451248,-206.924332,-0.143897,-0.029369,-0.006639,0.989134,245.691589,202.078827,-198.344925,-0.013132,0.496400,0.013825,0.867884,137.742935,328.260681,-140.851013,0.006043,-0.027757,-0.003583,0.999590,226.935928,162.484940,-179.487549,-0.140668,-0.061870,-0.026697,0.987761,228.812637,187.373169,-201.381165
256,2.560000,-0.148394,-0.012484,-0.019735,0.988653,206.402512,206.402374,-206.964005,-0.141478,-0.021088,-0.003526,0.989710,245.748077,202.020111,-198.267776,-0.013284,0.496370,0.013796,0.867900,137.914047,328.289185,-141.080231,0.005951,-0.027965,-0.003604,0.999585,226.995911,162.482239,-179.496796,-0.141926,-0.062390,-0.026178,0.987562,228.877762,187.319046,-201.382187
257,2.570000,-0.148683,-0.011527,-0.019446,0.988627,206.483292,206.350357,-207.002655,-0.138961,-0.012251,-0.001324,0.990221,245.798767,201.971390,-198.245270,-0.013196,0.496510,0.013799,0.867821,138.056076,328.323547,-141.302002,0.005959,-0.028037,-0.003656,0.999582,227.028488,162.481079,-179.503830,-0.141270,-0.063957,-0.026571,0.987546,228.935471,187.259705,-201.359451
258,2.580000,-0.149217,-0.009850,-0.019431,0.988565,206.556732,206.300308,-207.065628,-0.138786,-0.011392,-0.001000,0.990256,245.846436,201.927155,-198.264862,-0.013037,0.496790,0.014183,0.867657,138.185272,328.353210,-141.539337,0.005923,-0.028011,-0.003681,0.999583,227.051559,162.479080,-179.523743,-0.141998,-0.065633,-0.034312,0.987093,229.038452,187.145508,-201.328629
259,2.590000,-0.149254,-0.010511,-0.018272,0.988574,206.620026,206.238007,-207.141418,-0.139180,-0.011305,-0.001766,0.990201,245.893387,201.872742,-198.294342,-0.013139,0.496858,0.014201,0.867616,138.315857,328.374908,-141.766159,0.005678,-0.027904,-0.003611,0.999588,227.078140,162.476883,-179.556015,-0.145087,-0.062392,-0.029661,0.987004,229.033447,187.134903,-201.391479
260,2.600000,-0.150435,-0.009614,-0.018107,0.988407,206.668243,206.175659,-207.207748,-0.140174,-0.012357,-0.002197,0.990047,245.925827,201.819061,-198.337875,-0.013280,0.496680,0.013937,0.867720,138.438950,328.404785,-141.983704,0.005655,-0.027616,-0.003617,0.999596,227.097626,162.470825,-179.589722,-0.146905,-0.063035,-0.028326,0.986734,229.063553,187.082977,-201.409332
261,2.610000,-0.151983,-0.009228,-0.018729,0.988163,206.682861,206.106232,-207.257919,-0.140935,-0.014215,-0.002850,0.989913,245.959503,201.743149,-198.382370,-0.013183,0.496679,0.014203,0.867718,138.533600,328.421783,-142.210007,0.005564,-0.027342,-0.003633,0.999604,227.099945,162.467148,-179.618988,-0.147080,-0.064378,-0.029305,0.986592,229.111893,187.030518,-201.409378
262,2.620000,-0.151944,-0.010437,-0.019998,0.988132,206.711136,206.035126,-207.331268,-0.144555,-0.021976,-0.005317,0.989238,245.997635,201.687256,-198.489227,-0.013219,0.497033,0.014381,0.867512,138.647568,328.445831,-142.428253,0.005617,-0.027295,-0.003705,0.999605,227.101425,162.457031,-179.644531,-0.148346,-0.066212,-0.028687,0.986299,229.119247,186.958984,-201.423996
263,2.630000,-0.152282,-0.010933,-0.019128,0.988092,206.736954,205.967667,-207.414703,-0.148131,-0.030401,-0.006795,0.988477,246.031494,201.618546,-198.551056,-0.013125,0.497146,0.014637,0.867444,138.770569,328.472717,-142.655869,0.005538,-0.027222,-0.003706,0.999607,227.106674,162.447769,-179.676987,-0.148688,-0.067981,-0.028786,0.986125,229.138824,186.891724,-201.424973
264,2.640000,-0.152858,-0.012414,-0.018806,0.987991,206.775711,205.897186,-207.498245,-0.149415,-0.032019,-0.007332,0.988229,246.048920,201.561325,-198.599625,-0.013065,0.496832,0.014441,0.867629,138.866745,328.497559,-142.873932,0.004781,-0.026935,-0.003760,0.999619,227.124954,162.428482,-179.731079,-0.150354,-0.067475,-0.029807,0.985877,229.166748,186.840591,-201.457031
265,2.650000,-0.155071,-0.013212,-0.020223,0.987608,206.825775,205.822296,-207.561279,-0.147762,-0.024507,-0.005922,0.988702,246.073334,201.493103,-198.552673,-0.012893,0.496630,0.014502,0.867745,138.988281,328.513123,-143.098999,0.004590,-0.026859,-0.003693,0.999622,227.143738,162.419708,-179.754517,-0.152462,-0.065315,-0.030888,0.985665,229.194382,186.774673,-201.487549
266,2.660000,-0.155303,-0.013195,-0.020788,0.987560,206.893799,205.760132,-207.605713,-0.146333,-0.017582,-0.004345,0.989070,246.109131,201.423553,-198.557846,-0.012708,0.496792,0.014502,0.867655,139.140701,328.550415,-143.306412,0.004614,-0.026972,-0.003707,0.999619,227.166779,162.412094,-179.758102,-0.153638,-0.064791,-0.031228,0.985506,229.239777,186.705353,-201.498459
267,2.670000,-0.156218,-0.012285,-0.021256,0.987417,206.946167,205.701538,-207.644836,-0.149447,-0.024839,-0.006571,0.988436,246.175446,201.377213,-198.648071,-0.012332,0.496695,0.014779,0.867712,139.273346,328.589020,-143.511230,0.004504,-0.026790,-0.003822,0.999624,227.198257,162.403152,-179.769165,-0.153995,-0.066581,-0.037824,0.985100,229.322937,186.578934,-201.464600
268,2.680000,-0.157658,-0.011622,-0.020628,0.987210,206.987305,205.639465,-207.680618,-0.152623,-0.033068,-0.009105,0.987689,246.222092,201.316177,-198.688217,-0.012197,0.496657,0.014800,0.867735,139.398453,328.623596,-143.692917,0.004489,-0.026906,-0.003864,0.999620,227.219086,162.395966,-179.774719,-0.154049,-0.066227,-0.041938,0.984949,229.378220,186.502960,-201.459579
269,2.690000,-0.158749,-0.010975,-0.019582,0.987064,207.031097,205.569077,-207.728271,-0.154086,-0.033791,-0.008902,0.987439,246.267044,201.256195,-198.686127,-0.012401,0.496298,0.014348,0.867945,139.515472,328.652863,-143.889130,0.004457,-0.026930,-0.003891,0.999620,227.235321,162.392105,-179.785110,-0.155241,-0.065508,-0.041491,0.984829,229.390976,186.429794,-201.470215
270,2.700000,-0.160146,-0.011342,-0.020246,0.986821,207.075546,205.507309,-207.797821,-0.153780,-0.033897,-0.008621,0.987486,246.309784,201.198059,-198.707397,-0.012139,0.496514,0.014815,0.867817,139.609177,328.670013,-144.090134,0.004452,-0.026855,-0.003899,0.999622,227.245987,162.388718,-179.804169,-0.156840,-0.063568,-0.034517,0.984972,229.370316,186.447556,-201.533691
271,2.710000,-0.159772,-0.012506,-0.020733,0.986857,207.106415,205.456192,-207.868057,-0.151150,-0.025357,-0.006596,0.988164,246.311691,201.126205,-198.658920,-0.012190,0.496695,0.014880,0.867712,139.701126,328.680145,-144.270416,0.004450,-0.026733,-0.003968,0.999625,227.245056,162.380859,-179.837677,-0.157827,-0.065017,-0.032416,0.984791,229.399857,186.422836,-201.556442
272,2.720000,-0.159576,-0.013208,-0.021419,0.986865,207.118256,205.409149,-207.937546,-0.152759,-0.028195,-0.007553,0.987832,246.335297,201.078125,-198.792007,-0.013091,0.496127,0.013611,0.868045,139.832108,328.714355,-144.519669,0.004432,-0.026542,-0.003934,0.999630,227.243286,162.376541,-179.883270,-0.158383,-0.064768,-0.032894,0.984702,229.407974,186.382614,-201.582245
273,2.730000,-0.159698,-0.013875,-0.021737,0.986829,207.133652,205.356567,-208.005203,-0.155478,-0.034781,-0.010142,0.987175,246.342590,201.036942,-198.864456,-0.013275,0.496227,0.013389,0.867988,139.953125,328.729095,-144.718018,0.005073,-0.026408,-0.003764,0.999631,227.243637,162.367416,-179.942032,-0.159600,-0.064439,-0.032514,0.984540,229.413315,186.317764,-201.605362
274,2.740000,-0.159680,-0.013951,-0.021923,0.986827,207.164505,205.310684,-208.060349,-0.156207,-0.035926,-0.010028,0.987020,246.380722,200.991776,-198.910309,-0.013241,0.496304,0.013311,0.867946,140.050766,328.728394,-144.895767,0.004969,-0.026481,-0.003849,0.999630,227.264801,162.365189,-179.975296,-0.160600,-0.064026,-0.032610,0.984401,229.435730,186.269089,-201.631424
275,2.750000,-0.160112,-0.014130,-0.022240,0.986747,207.219910,205.259003,-208.109802,-0.156741,-0.036133,-0.010540,0.986922,246.422180,200.942017,-198.934723,-0.012994,0.496404,0.013556,0.867888,140.170914,328.751068,-145.081726,0.005216,-0.026638,-0.003836,0.999624,227.303513,162.353836,-180.003174,-0.162299,-0.062706,-0.033131,0.984190,229.469009,186.215164,-201.664978
276,2.760000,-0.160136,-0.014110,-0.021608,0.986758,207.302948,205.217285,-208.151443,-0.157524,-0.036250,-0.009950,0.986800,246.478027,200.892319,-198.938644,-0.013075,0.496410,0.013229,0.867889,140.326202,328.786316,-145.247406,0.005163,-0.026829,-0.003983,0.999619,227.334839,162.353806,-180.018906,-0.161431,-0.064867,-0.041209,0.983887,229.576111,186.109177,-201.624954
277,2.770000,-0.160282,-0.013941,-0.021875,0.986730,207.354706,205.182526,-208.178543,-0.158576,-0.035881,-0.010854,0.986635,246.537994,200.839157,-198.932343,-0.013031,0.496512,0.013341,0.867829,140.448883,328.802765,-145.388245,0.005104,-0.027028,-0.004061,0.999613,227.361359,162.350906,-180.030121,-0.161584,-0.064088,-0.045248,0.983736,229.639404,186.029129,-201.620941
278,2.780000,-0.161015,-0.013692,-0.022540,0.986599,207.387711,205.146866,-208.206390,-0.158494,-0.036119,-0.010174,0.986647,246.585693,200.791809,-198.957870,-0.012862,0.496480,0.013621,0.867846,140.546478,328.811249,-145.551331,0.005103,-0.027173,-0.004069,0.999609,227.375778,162.347336,-180.040421,-0.161529,-0.064943,-0.045720,0.983667,229.673416,185.986771,-201.627731
279,2.790000,-0.162108,-0.013382,-0.022911,0.986416,207.410110,205.107986,-208.244980,-0.158829,-0.036053,-0.010439,0.986592,246.599564,200.748276,-198.960648,-0.012800,0.496248,0.013352,0.867984,140.625946,328.805359,-145.722122,0.005074,-0.027327,-0.004068,0.999605,227.377396,162.342819,-180.051514,-0.161885,-0.066448,-0.045424,0.983521,229.689880,185.955276,-201.644745
280,2.800000,-0.163307,-0.013539,-0.022966,0.986215,207.426544,205.065598,-208.289246,-0.159183,-0.036063,-0.010502,0.986534,246.603149,200.704254,-198.963486,-0.013054,0.496261,0.013051,0.867977,140.704407,328.798889,-145.899811,0.005026,-0.027471,-0.004047,0.999602,227.369110,162.338104,-180.057922,-0.161815,-0.067815,-0.044754,0.983470,229.699997,185.910889,-201.651657
281,2.810000,-0.165125,-0.014603,-0.023267,0.985890,207.425888,205.005630,-208.309891,-0.159426,-0.036047,-0.010664,0.986494,246.604233,200.647217,-198.953506,-0.013093,0.496196,0.013111,0.868013,140.775528,328.785889,-146.071304,0.005013,-0.027622,-0.004021,0.999598,227.358566,162.334198,-180.053467,-0.161591,-0.069182,-0.044432,0.983427,229.706467,185.864563,-201.655334
282,2.820000,-0.165606,-0.014788,-0.022818,0.985817,207.441574,204.944885,-208.331314,-0.160776,-0.036918,-0.011080,0.986238,246.620636,200.590561,-198.931458,-0.012981,0.496347,0.013413,0.867924,140.845200,328.784485,-146.229996,0.004727,-0.027712,-0.004035,0.999597,227.356827,162.334808,-180.035034,-0.161608,-0.071171,-0.043573,0.983320,229.725571,185.806107,-201.645233
283,2.830000,-0.166125,-0.014935,-0.022197,0.985742,207.478149,204.903397,-208.350449,-0.161783,-0.038283,-0.011673,0.986014,246.643051,200.546280,-198.917603,-0.012860,0.496381,0.013473,0.867905,140.934662,328.799377,-146.384186,0.004730,-0.027801,-0.004040,0.999594,227.361771,162.334167,-180.023102,-0.162951,-0.069661,-0.036402,0.983498,229.698593,185.824356,-201.702377
284,2.840000,-0.167037,-0.015879,-0.022344,0.985570,207.528473,204.852753,-208.392578,-0.162511,-0.039070,-0.012146,0.985858,246.669968,200.497894,-198.907578,-0.012574,0.496209,0.013535,0.868006,141.050278,328.824554,-146.557266,0.004825,-0.027660,-0.003871,0.999598,227.372025,162.326309,-180.018723,-0.163993,-0.071792,-0.032482,0.983309,229.724564,185.789307,-201.708542
285,2.850000,-0.168086,-0.017246,-0.023850,0.985333,207.560455,204.804504,-208.421738,-0.162956,-0.039597,-0.012521,0.985759,246.695068,200.459763,-198.911026,-0.012688,0.496103,0.013382,0.868068,141.167160,328.833130,-146.723083,0.004768,-0.027946,-0.003998,0.999590,227.382004,162.328018,-180.033096,-0.165152,-0.071885,-0.031167,0.983151,229.728836,185.726700,-201.718689
286,2.860000,-0.168511,-0.017138,-0.024707,0.985241,207.579483,204.781219,-208.439545,-0.163450,-0.039565,-0.012773,0.985675,246.703979,200.419846,-198.921112,-0.012968,0.495854,0.013068,0.868211,141.270859,328.822662,-146.916504,0.004779,-0.027893,-0.004077,0.999591,227.383774,162.325851,-180.043549,-0.164246,-0.073079,-0.031632,0.983200,229.740738,185.681107,-201.711227
287,2.870000,-0.168788,-0.016753,-0.025478,0.985181,207.599289,204.747299,-208.483704,-0.163494,-0.038949,-0.013280,0.985686,246.722641,200.374435,-198.942139,-0.012777,0.496292,0.013537,0.867956,141.391327,328.834015,-147.127151,0.004978,-0.027975,-0.004040,0.999588,227.390015,162.319702,-180.070724,-0.164260,-0.074221,-0.031746,0.983109,229.752380,185.645523,-201.727234
288,2.880000,-0.168727,-0.016628,-0.025278,0.985198,207.617386,204.701080,-208.534073,-0.163267,-0.038765,-0.013578,0.985727,246.743240,200.314865,-198.995117,-0.012621,0.496701,0.013741,0.867721,141.515137,328.870422,-147.334427,0.004761,-0.027879,-0.004143,0.999591,227.405212,162.313904,-180.106476,-0.164287,-0.075611,-0.038831,0.982744,229.811401,185.540253,-201.697678
289,2.890000,-0.168979,-0.017987,-0.025245,0.985132,207.662064,204.644836,-208.579269,-0.163744,-0.038373,-0.012920,0.985672,246.783447,200.250336,-199.018967,-0.012546,0.496541,0.013867,0.867812,141.641312,328.900543,-147.551102,0.004584,-0.027874,-0.004180,0.999592,227.425095,162.309418,-180.129684,-0.164376,-0.073108,-0.043715,0.982713,229.857758,185.469482,-201.697449
290,2.900000,-0.168629,-0.020028,-0.023758,0.985190,207.730484,204.588837,-208.628464,-0.164253,-0.038831,-0.013195,0.985565,246.831894,200.179840,-199.034988,-0.012660,0.496354,0.013742,0.867919,141.764206,328.927612,-147.774017,0.004508,-0.028261,-0.004174,0.999582,227.469467,162.293915,-180.139954,-0.165455,-0.071164,-0.044115,0.982657,229.897217,185.398071,-201.699707
291,2.910000,-0.169721,-0.020084,-0.024763,0.984976,207.785614,204.512115,-208.682541,-0.165808,-0.039855,-0.013631,0.985258,246.882111,200.110794,-199.052490,-0.012426,0.496551,0.013940,0.867807,141.908356,328.959106,-148.023331,0.004175,-0.028951,-0.004214,0.999563,227.506195,162.286240,-180.175049,-0.166540,-0.070442,-0.044117,0.982525,229.939697,185.342438,-201.703079
292,2.920000,-0.170746,-0.021975,-0.026259,0.984720,207.849472,204.437836,-208.754303,-0.166660,-0.039664,-0.014218,0.985114,246.967545,200.043549,-199.092072,-0.012544,0.496602,0.013947,0.867775,142.056091,328.979401,-148.251175,0.003968,-0.029070,-0.004270,0.999560,227.546127,162.279388,-180.212814,-0.167645,-0.069883,-0.045381,0.982320,229.994293,185.291367,-201.707260
293,2.930000,-0.171346,-0.022403,-0.026467,0.984600,207.925415,204.375092,-208.820648,-0.167518,-0.039873,-0.014364,0.984958,247.030334,199.983261,-199.141907,-0.012526,0.496346,0.013824,0.867924,142.204330,328.991302,-148.498001,0.003408,-0.029603,-0.004382,0.999546,227.595795,162.267395,-180.262741,-0.169192,-0.069062,-0.047426,0.982016,230.066269,185.220657,-201.699417
294,2.940000,-0.171678,-0.020167,-0.025954,0.984605,207.996964,204.302292,-208.887955,-0.165097,-0.032303,-0.012750,0.985666,247.060287,199.914291,-199.099060,-0.012427,0.496396,0.013783,0.867898,142.346161,329.025055,-148.738693,0.003412,-0.029740,-0.004415,0.999542,227.633301,162.257629,-180.292511,-0.170292,-0.068294,-0.049126,0.981796,230.114410,185.163635,-201.701477
295,2.950000,-0.172715,-0.018010,-0.025824,0.984469,208.057129,204.242569,-208.949493,-0.163257,-0.025135,-0.010189,0.986211,247.109665,199.836746,-199.103256,-0.012376,0.496432,0.013983,0.867875,142.462418,329.048126,-148.982788,0.003435,-0.029804,-0.004415,0.999540,227.663193,162.251541,-180.313004,-0.171251,-0.066741,-0.050635,0.981659,230.150375,185.098206,-201.703644
296,2.960000,-0.172244,-0.017561,-0.025159,0.984576,208.123520,204.166504,-209.020004,-0.163827,-0.024380,-0.010511,0.986132,247.143738,199.764221,-199.124390,-0.012327,0.496444,0.014122,0.867866,142.591980,329.072876,-149.231628,0.003206,-0.029576,-0.004642,0.999547,227.689102,162.241394,-180.338425,-0.172600,-0.065910,-0.051425,0.981438,230.196304,185.027359,-201.702042
297,2.970000,-0.172544,-0.017537,-0.024513,0.984541,208.150909,204.093887,-209.075546,-0.164959,-0.024560,-0.010958,0.985934,247.175537,199.695175,-199.147598,-0.012089,0.496606,0.014486,0.867771,142.732193,329.101105,-149.484009,0.003081,-0.029551,-0.004716,0.999547,227.703705,162.233307,-180.365036,-0.173918,-0.065484,-0.051929,0.981207,230.219498,184.955795,-201.705765
298,2.980000,-0.173602,-0.018555,-0.025219,0.984318,208.186951,204.009644,-209.146194,-0.168319,-0.032693,-0.013999,0.985091,247.230164,199.612686,-199.265625,-0.011968,0.496802,0.014556,0.867659,142.877014,329.142944,-149.742325,0.002962,-0.029583,-0.004740,0.999547,227.711731,162.221634,-180.400879,-0.175551,-0.064733,-0.052653,0.980928,230.220062,184.863831,-201.708313
299,2.990000,-0.175648,-0.020535,-0.025297,0.983914,208.222046,203.929398,-209.227798,-0.172395,-0.042353,-0.016502,0.983979,247.248489,199.519180,-199.343384,-0.011960,0.496715,0.014584,0.867709,143.032349,329.166199,-150.020966,0.002885,-0.029596,-0.004833,0.999546,227.711945,162.211182,-180.434769,-0.177351,-0.063599,-0.053663,0.980623,230.232559,184.787933,-201.721619
300,3.000000,-0.177494,-0.021490,-0.026489,0.983531,208.279709,203.836304,-209.311859,-0.173525,-0.043829,-0.017424,0.983699,247.278931,199.420242,-199.383942,-0.011891,0.496684,0.014545,0.867728,143.181259,329.204407,-150.281570,0.002918,-0.029646,-0.004953,0.999544,227.718674,162.201065,-180.460541,-0.178061,-0.061927,-0.055077,0.980523,230.252411,184.721191,-201.726303
301,3.010000,-0.179236,-0.023188,-0.027571,0.983146,208.314621,203.748703,-209.375885,-0.174502,-0.043258,-0.017141,0.983557,247.316055,199.332733,-199.413986,-0.011805,0.496641,0.014787,0.867750,143.350433,329.235138,-150.571762,0.002841,-0.029645,-0.004982,0.999544,227.725403,162.194519,-180.486618,-0.179432,-0.061316,-0.055708,0.980276,230.279480,184.634460,-201.727951
302,3.020000,-0.180239,-0.022727,-0.026684,0.982998,208.344589,203.659775,-209.429214,-0.175859,-0.043154,-0.017569,0.983312,247.350693,199.240585,-199.445663,-0.011825,0.496629,0.014720,0.867758,143.508026,329.263000,-150.848877,0.002656,-0.029394,-0.004833,0.999553,227.745377,162.194946,-180.520645,-0.180590,-0.060986,-0.056524,0.980037,230.306671,184.557434,-201.730774
303,3.030000,-0.181231,-0.020624,-0.025942,0.982882,208.396088,203.587326,-209.501587,-0.176914,-0.043775,-0.018254,0.983083,247.403397,199.158600,-199.478271,-0.011673,0.496708,0.015012,0.867710,143.665833,329.281830,-151.112488,0.002516,-0.029197,-0.005035,0.999558,227.766052,162.180023,-180.562576,-0.182501,-0.059041,-0.058625,0.979679,230.341827,184.472076,-201.737793
304,3.040000,-0.183089,-0.020112,-0.026515,0.982533,208.447327,203.490753,-209.572464,-0.177924,-0.044268,-0.018616,0.982872,247.452744,199.080200,-199.523239,-0.011662,0.496664,0.014935,0.867736,143.822845,329.286407,-151.380798,0.001922,-0.028620,-0.005040,0.999576,227.788422,162.169739,-180.616013,-0.183193,-0.057512,-0.061038,0.979493,230.396362,184.416168,-201.747467
305,3.050000,-0.183183,-0.020738,-0.025635,0.982526,208.509613,203.406799,-209.664337,-0.178471,-0.044168,-0.018622,0.982777,247.498489,199.003754,-199.569458,-0.011634,0.496895,0.015030,0.867602,143.961197,329.306915,-151.664246,0.002522,-0.028661,-0.004939,0.999574,227.807343,162.162582,-180.677551,-0.184532,-0.056957,-0.061830,0.979225,230.432251,184.340759,-201.754410
306,3.060000,-0.182462,-0.021688,-0.025579,0.982641,208.541779,203.334015,-209.745941,-0.179038,-0.044636,-0.018155,0.982661,247.539459,198.906296,-199.630646,-0.011624,0.496940,0.015104,0.867576,144.125473,329.323944,-151.937424,0.002321,-0.028443,-0.005059,0.999580,227.815857,162.152115,-180.729950,-0.186098,-0.056866,-0.062084,0.978917,230.456329,184.262207,-201.768356
307,3.070000,-0.182353,-0.022819,-0.026450,0.982612,208.567841,203.268295,-209.828461,-0.180794,-0.045867,-0.018359,0.982279,247.545258,198.814789,-199.663452,-0.011655,0.496929,0.015143,0.867581,144.274490,329.331146,-152.189285,0.002128,-0.028560,-0.005134,0.999577,227.810028,162.137314,-180.775131,-0.187162,-0.056371,-0.062875,0.978693,230.463409,184.183105,-201.786362
308,3.080000,-0.182414,-0.024948,-0.027465,0.982521,208.583908,203.158829,-209.902756,-0.181859,-0.046398,-0.018785,0.982050,247.548828,198.738495,-199.692688,-0.011566,0.496821,0.015187,0.867643,144.414703,329.346802,-152.463028,0.001993,-0.028716,-0.005137,0.999572,227.797424,162.130280,-180.807587,-0.188125,-0.056256,-0.063116,0.978499,230.459854,184.084351,-201.795868
309,3.090000,-0.183445,-0.026516,-0.027771,0.982280,208.616791,203.079636,-209.964447,-0.182481,-0.045987,-0.019164,0.981946,247.578735,198.655853,-199.724838,-0.011547,0.497196,0.015383,0.867425,144.565292,329.369202,-152.715149,0.002078,-0.028892,-0.005227,0.999567,227.801239,162.118469,-180.826706,-0.189106,-0.056281,-0.063723,0.978269,230.477356,184.006271,-201.810959
310,3.100000,-0.185067,-0.026199,-0.027536,0.981991,208.661972,202.991974,-210.012222,-0.182959,-0.045799,-0.019663,0.981856,247.614975,198.573898,-199.742447,-0.011431,0.497233,0.015493,0.867403,144.719376,329.393127,-152.987610,0.001926,-0.028869,-0.005136,0.999568,227.818939,162.112946,-180.848526,-0.189833,-0.055750,-0.064902,0.978081,230.506821,183.930130,-201.825607
311,3.110000,-0.187108,-0.024589,-0.027939,0.981634,208.714432,202.924225,-210.068008,-0.184180,-0.046821,-0.020910,0.981554,247.671555,198.479050,-199.760117,-0.011392,0.496845,0.015214,0.867632,144.844788,329.397339,-153.234802,0.001634,-0.029599,-0.005029,0.999548,227.859497,162.103989,-180.880280,-0.190786,-0.056004,-0.064936,0.977879,230.548447,183.848053,-201.829010
312,3.120000,-0.188903,-0.024917,-0.028500,0.981266,208.784332,202.844131,-210.136841,-0.182253,-0.039815,-0.018684,0.982268,247.719116,198.389755,-199.706100,-0.011565,0.496538,0.015092,0.867807,144.998230,329.395081,-153.514297,0.001500,-0.029564,-0.005106,0.999549,227.901489,162.095810,-180.907516,-0.191540,-0.057304,-0.064345,0.977695,230.586456,183.751724,-201.824020
313,3.130000,-0.190026,-0.026978,-0.028647,0.980990,208.879608,202.761841,-210.219818,-0.180562,-0.032889,-0.017199,0.982863,247.782913,198.309723,-199.721252,-0.011609,0.496602,0.015066,0.867770,145.138092,329.397888,-153.777451,0.001498,-0.029323,-0.005200,0.999555,227.949280,162.079330,-180.947189,-0.192957,-0.057007,-0.065423,0.977363,230.640244,183.683456,-201.841873
314,3.140000,-0.189930,-0.028268,-0.028511,0.980976,208.965637,202.694473,-210.308548,-0.177613,-0.040444,-0.019253,0.983080,247.817032,198.190491,-199.683731,-0.011460,0.496578,0.015233,0.867783,145.279755,329.402802,-154.040817,0.001592,-0.029407,-0.005309,0.999552,227.997574,162.071426,-180.998032,-0.194161,-0.055788,-0.066946,0.977091,230.696594,183.628372,-201.864120
315,3.150000,-0.190553,-0.028594,-0.029114,0.980828,209.008636,202.627655,-210.381683,-0.180029,-0.048132,-0.021718,0.982243,247.865417,198.104233,-199.753021,-0.011631,0.496614,0.015066,0.867763,145.433502,329.424774,-154.303772,0.001523,-0.029438,-0.005265,0.999552,228.018707,162.057083,-181.051865,-0.194747,-0.053569,-0.069687,0.976907,230.744019,183.574020,-201.894424
316,3.160000,-0.190751,-0.027841,-0.029923,0.980787,209.018723,202.554703,-210.452423,-0.183693,-0.055535,-0.024143,0.981117,247.892624,198.018631,-199.879074,-0.011441,0.496962,0.015428,0.867560,145.578232,329.438690,-154.559021,0.001681,-0.029373,-0.005070,0.999554,228.014847,162.045181,-181.105072,-0.195939,-0.052490,-0.070149,0.976694,230.741562,183.483688,-201.924942
317,3.170000,-0.191854,-0.027098,-0.030752,0.980567,209.010239,202.452499,-210.524506,-0.186842,-0.063789,-0.025772,0.979978,247.911179,197.928436,-199.949905,-0.011404,0.497092,0.015393,0.867486,145.736099,329.465759,-154.812988,0.001585,-0.029328,-0.005022,0.999556,228.007935,162.038620,-181.145370,-0.198597,-0.051804,-0.070949,0.976136,230.712616,183.374512,-201.971817
318,3.180000,-0.192632,-0.026085,-0.029675,0.980475,209.014069,202.365997,-210.594055,-0.191806,-0.056793,-0.024940,0.979471,247.923279,197.863342,-200.086685,-0.011403,0.497013,0.015528,0.867529,145.877090,329.483307,-155.075348,0.001386,-0.029334,-0.005120,0.999556,227.999466,162.037216,-181.185806,-0.199383,-0.051400,-0.070601,0.976023,230.689957,183.281860,-201.998062
319,3.190000,-0.194065,-0.025052,-0.029329,0.980230,209.035706,202.296249,-210.674881,-0.192731,-0.049593,-0.024133,0.979701,247.922516,197.772659,-200.157043,-0.011640,0.497038,0.015339,0.867515,146.009613,329.500397,-155.325592,0.002311,-0.030586,-0.004670,0.999519,227.970108,162.025528,-181.200424,-0.201745,-0.049735,-0.072410,0.975491,230.686584,183.178894,-202.042282
320,3.200000,-0.195153,-0.024632,-0.029359,0.980024,209.046677,202.213043,-210.746964,-0.193427,-0.049668,-0.024409,0.979553,247.946838,197.693787,-200.206375,-0.011377,0.497164,0.015598,0.867442,146.159332,329.521118,-155.592545,0.002135,-0.030536,-0.004631,0.999521,227.983154,162.013062,-181.248306,-0.202407,-0.047445,-0.074873,0.975282,230.700516,183.106201,-202.077423
321,3.210000,-0.195871,-0.026882,-0.029703,0.979811,209.080322,202.142700,-210.838821,-0.194449,-0.050431,-0.024671,0.979305,247.983444,197.607407,-200.260300,-0.011411,0.497148,0.015635,0.867450,146.301422,329.515076,-155.825500,0.002713,-0.030443,-0.004594,0.999522,228.006958,162.000336,-181.317841,-0.203466,-0.046879,-0.075258,0.975059,230.725281,183.034027,-202.111237
322,3.220000,-0.196578,-0.028810,-0.030584,0.979588,209.133301,202.057083,-210.937668,-0.191063,-0.057471,-0.026446,0.979537,247.991241,197.487183,-200.226715,-0.011392,0.497043,0.015612,0.867511,146.453125,329.513214,-156.068481,0.002228,-0.030061,-0.004619,0.999535,228.035034,161.984039,-181.382248,-0.204956,-0.047361,-0.074137,0.974810,230.720062,182.945938,-202.142731
323,3.230000,-0.198210,-0.029171,-0.030963,0.979236,209.161224,201.973343,-210.983276,-0.192417,-0.063568,-0.028565,0.978836,248.038864,197.377975,-200.257462,-0.011377,0.497085,0.015470,0.867490,146.603012,329.518982,-156.324997,0.002103,-0.030054,-0.004641,0.999535,228.053009,161.974716,-181.409637,-0.205284,-0.048437,-0.073941,0.974703,230.746338,182.865692,-202.157883
324,3.240000,-0.198831,-0.030257,-0.031450,0.979062,209.170578,201.886581,-211.007629,-0.193561,-0.064586,-0.028931,0.978533,248.049744,197.297333,-200.274536,-0.011421,0.496888,0.015389,0.867603,146.738083,329.519257,-156.571960,0.002037,-0.030133,-0.004648,0.999533,228.058594,161.968231,-181.424683,-0.205542,-0.048992,-0.075697,0.974486,230.781448,182.789795,-202.180832
325,3.250000,-0.198891,-0.029626,-0.031255,0.979075,209.179596,201.814728,-211.026688,-0.194650,-0.065010,-0.029344,0.978276,248.057861,197.224899,-200.280869,-0.010806,0.497573,0.016655,0.867195,146.828171,329.494720,-156.769638,0.002017,-0.030118,-0.004538,0.999534,228.051086,161.962708,-181.431305,-0.205216,-0.049565,-0.076832,0.974437,230.794006,182.712402,-202.200104
326,3.260000,-0.199326,-0.028424,-0.031349,0.979019,209.185059,201.741272,-211.064957,-0.196134,-0.065299,-0.029364,0.977960,248.053741,197.129593,-200.277603,-0.010507,0.497570,0.016970,0.867194,146.951141,329.495209,-157.036407,0.001998,-0.030237,-0.004570,0.999530,228.030594,161.954300,-181.445190,-0.205093,-0.050535,-0.075573,0.974511,230.787338,182.626465,-202.210449
327,3.270000,-0.200452,-0.027899,-0.032109,0.978780,209.190918,201.667465,-211.131149,-0.197013,-0.065625,-0.029827,0.977747,248.042099,197.038162,-200.303162,-0.010560,0.497753,0.016840,0.867091,147.101135,329.490601,-157.303192,0.001921,-0.030272,-0.004436,0.999530,228.020508,161.949341,-181.475006,-0.205862,-0.053328,-0.073046,0.974393,230.744476,182.525558,-202.228592
328,3.280000,-0.202610,-0.027619,-0.031032,0.978378,209.183441,201.576630,-211.215057,-0.198396,-0.066887,-0.030301,0.977367,248.037857,196.946396,-200.357437,-0.010556,0.497887,0.017029,0.867011,147.244217,329.474762,-157.567001,0.001184,-0.030274,-0.004613,0.999530,228.001740,161.931198,-181.511200,-0.206742,-0.054810,-0.072370,0.974175,230.739624,182.460526,-202.257950
329,3.290000,-0.204996,-0.027117,-0.030973,0.977897,209.183578,201.502625,-211.290695,-0.197128,-0.060112,-0.029101,0.978100,248.033142,196.872437,-200.335175,-0.011186,0.497337,0.016369,0.867331,147.401123,329.441986,-157.832825,0.001098,-0.030426,-0.004558,0.999526,227.996872,161.914810,-181.561844,-0.207196,-0.054450,-0.072844,0.974063,230.734756,182.392838,-202.289917
330,3.300000,-0.205306,-0.026942,-0.030912,0.977838,209.202148,201.427780,-211.365921,-0.196320,-0.061364,-0.031607,0.978107,248.022644,196.789963,-200.504532,-0.011664,0.496962,0.015219,0.867561,147.591492,329.439148,-158.149658,0.001134,-0.030463,-0.004762,0.999524,228.006119,161.898544,-181.605103,-0.207520,-0.053831,-0.073572,0.973974,230.737564,182.324005,-202.317261
331,3.310000,-0.205941,-0.026888,-0.031456,0.977689,209.230423,201.360092,-211.429565,-0.198431,-0.066407,-0.033168,0.977300,248.044998,196.706345,-200.554993,-0.011782,0.497049,0.015038,0.867512,147.753036,329.413696,-158.400696,0.000868,-0.030814,-0.004825,0.999513,228.020996,161.886948,-181.655502,-0.208342,-0.054153,-0.073425,0.973791,230.753540,182.252487,-202.336792
332,3.320000,-0.206141,-0.027316,-0.032802,0.977591,209.255356,201.278183,-211.484680,-0.198863,-0.066865,-0.033838,0.977158,248.059128,196.627625,-200.588669,-0.011731,0.497029,0.015026,0.867524,147.916519,329.412537,-158.645126,0.000794,-0.030829,-0.004881,0.999512,228.039383,161.880371,-181.692490,-0.210218,-0.054864,-0.072641,0.973407,230.755173,182.161346,-202.355988
333,3.330000,-0.205909,-0.027838,-0.032216,0.977644,209.307297,201.207703,-211.537766,-0.199459,-0.067246,-0.034267,0.976995,248.089127,196.562698,-200.611755,-0.012149,0.496940,0.014959,0.867571,148.098648,329.405609,-158.879181,0.000779,-0.030782,-0.004902,0.999514,228.053497,161.876678,-181.720062,-0.211729,-0.054689,-0.073682,0.973011,230.783524,182.090805,-202.382751
334,3.340000,-0.206216,-0.029247,-0.032244,0.977538,209.344269,201.143524,-211.599716,-0.200444,-0.066769,-0.034940,0.976803,248.123489,196.484772,-200.642990,-0.010833,0.500589,0.018543,0.865419,148.273621,329.439636,-159.155869,0.000609,-0.030937,-0.004957,0.999509,228.071228,161.869888,-181.765320,-0.212271,-0.054354,-0.074486,0.972851,230.803146,182.030762,-202.405090
335,3.350000,-0.206937,-0.030499,-0.032898,0.977325,209.379639,201.083725,-211.668320,-0.201686,-0.067427,-0.035256,0.976490,248.149719,196.408630,-200.688080,-0.010954,0.500944,0.018514,0.865212,148.445663,329.449738,-159.424057,0.000793,-0.030901,-0.004780,0.999511,228.100403,161.863266,-181.816742,-0.212778,-0.054151,-0.074826,0.972725,230.823486,181.972351,-202.431778
336,3.360000,-0.207808,-0.031152,-0.032972,0.977117,209.396286,201.009140,-211.729813,-0.203212,-0.068679,-0.035454,0.976080,248.184570,196.336578,-200.734100,-0.010745,0.501140,0.018736,0.865097,148.586990,329.424377,-159.669998,0.000649,-0.030708,-0.004929,0.999516,228.122559,161.853531,-181.862991,-0.213060,-0.054014,-0.075031,0.972655,230.839096,181.913574,-202.456650
337,3.370000,-0.209731,-0.032377,-0.034118,0.976627,209.413620,200.922394,-211.803757,-0.203843,-0.068191,-0.035807,0.975969,248.197678,196.249084,-200.778595,-0.011045,0.500785,0.018191,0.865310,148.750137,329.391907,-159.911880,0.000614,-0.030666,-0.004968,0.999517,228.119965,161.834213,-181.905182,-0.213757,-0.054525,-0.074827,0.972490,230.854675,181.844925,-202.478683
338,3.380000,-0.210775,-0.033339,-0.034474,0.976358,209.431793,200.864960,-211.864822,-0.203887,-0.067440,-0.035000,0.976041,248.205658,196.191833,-200.832184,-0.010973,0.500735,0.018220,0.865339,148.890381,329.366394,-160.161743,0.000526,-0.030644,-0.004982,0.999518,228.122299,161.825333,-181.944031,-0.215097,-0.056016,-0.073445,0.972215,230.832840,181.759430,-202.500519
339,3.390000,-0.211041,-0.033416,-0.033803,0.976321,209.445282,200.808533,-211.927933,-0.204457,-0.067671,-0.036808,0.975840,248.204117,196.119370,-200.850128,-0.011656,0.500297,0.016902,0.865611,149.066162,329.363525,-160.414429,0.000409,-0.030693,-0.004964,0.999516,228.112259,161.821289,-181.968643,-0.215412,-0.057563,-0.072678,0.972112,230.832123,181.703110,-202.522873
340,3.400000,-0.210592,-0.032935,-0.034019,0.976427,209.440613,200.751953,-211.958252,-0.211994,-0.069766,-0.035240,0.974140,248.214844,196.012741,-200.760117,-0.012112,0.500010,0.016040,0.865786,149.238907,329.328522,-160.655075,0.000299,-0.030612,-0.004933,0.999519,228.095535,161.817612,-181.989105,-0.215329,-0.058902,-0.072189,0.972087,230.822937,181.654282,-202.546783
341,3.410000,-0.211224,-0.031933,-0.032843,0.976364,209.426636,200.689636,-211.979218,-0.216053,-0.074031,-0.035535,0.972922,248.207916,195.935074,-200.739456,-0.012063,0.499934,0.016032,0.865831,149.356873,329.241302,-160.839401,0.000335,-0.030713,-0.004890,0.999516,228.083145,161.814194,-181.995377,-0.215138,-0.060340,-0.071464,0.972095,230.822861,181.603989,-202.563446
342,3.420000,-0.211670,-0.030382,-0.032147,0.976340,209.415268,200.641266,-212.008423,-0.216742,-0.074909,-0.035660,0.972697,248.203812,195.890686,-200.760773,-0.012373,0.499463,0.015399,0.866110,149.458603,329.202087,-161.009216,0.000615,-0.030603,-0.004901,0.999519,228.072021,161.804550,-182.026291,-0.215234,-0.061533,-0.071041,0.972030,230.817108,181.561890,-202.586441
343,3.430000,-0.211896,-0.029639,-0.032574,0.976299,209.401428,200.610397,-212.038986,-0.217094,-0.075133,-0.035663,0.972601,248.203583,195.865753,-200.791229,-0.011113,0.500293,0.017610,0.865606,149.455719,329.124878,-161.036163,0.001274,-0.030546,-0.004855,0.999521,228.065216,161.797180,-182.071396,-0.214871,-0.062359,-0.070924,0.972066,230.807251,181.530182,-202.614365
344,3.440000,-0.212092,-0.029055,-0.032702,0.976270,209.396194,200.598236,-212.074570,-0.217342,-0.075062,-0.035576,0.972555,248.197159,195.840500,-200.834320,-0.011727,0.499799,0.016654,0.865902,149.532883,329.127350,-161.138245,0.000679,-0.029799,-0.004985,0.999543,228.069885,161.791428,-182.129166,-0.214940,-0.062800,-0.070862,0.972027,230.802261,181.518814,-202.649170
345,3.450000,-0.212026,-0.028820,-0.032840,0.976287,209.388199,200.601303,-212.106293,-0.216373,-0.074480,-0.035632,0.972813,248.189133,195.820770,-200.892242,-0.011807,0.499829,0.016500,0.865886,149.571259,329.105408,-161.175751,0.000529,-0.029651,-0.004977,0.999548,228.072952,161.787430,-182.171707,-0.215648,-0.062586,-0.071555,0.971833,230.803696,181.513702,-202.692123
346,3.460000,-0.211931,-0.028718,-0.032604,0.976318,209.376022,200.613876,-212.130554,-0.216217,-0.073982,-0.035474,0.972892,248.181732,195.818268,-200.938675,-0.011789,0.499940,0.016401,0.865824,149.586945,329.078339,-161.164825,0.000474,-0.029556,-0.004974,0.999551,228.077881,161.782593,-182.209488,-0.216438,-0.061859,-0.072369,0.971643,230.800247,181.520889,-202.743073
347,3.470000,-0.211764,-0.028933,-0.032462,0.976353,209.355484,200.633972,-212.143295,-0.216339,-0.073799,-0.035404,0.972881,248.164398,195.823029,-200.972061,-0.011248,0.500300,0.017172,0.865609,149.570465,329.047699,-161.081512,0.000441,-0.029398,-0.005005,0.999555,228.075058,161.779968,-182.237671,-0.215159,-0.062392,-0.071439,0.971962,230.772659,181.554672,-202.780746
348,3.480000,-0.211175,-0.029653,-0.033572,0.976421,209.299210,200.660797,-212.142273,-0.216095,-0.073376,-0.035332,0.972970,248.128174,195.836685,-200.991959,-0.011118,0.500449,0.017164,0.865525,149.573822,329.043396,-160.966003,0.000505,-0.029148,-0.005021,0.999562,228.056030,161.779221,-182.253372,-0.214339,-0.064130,-0.069790,0.972150,230.735565,181.577133,-202.823227
349,3.490000,-0.211765,-0.030168,-0.033829,0.976269,209.212051,200.704468,-212.121643,-0.217457,-0.073649,-0.035386,0.972644,248.073746,195.857681,-200.981827,-0.011317,0.500404,0.017036,0.865551,149.578537,329.035797,-160.803162,0.000613,-0.028804,-0.005107,0.999572,228.001663,161.776138,-182.258041,-0.214083,-0.066927,-0.067408,0.972186,230.665771,181.588104,-202.864822
350,3.500000,-0.211819,-0.028733,-0.033594,0.976309,209.112457,200.761856,-212.089905,-0.214984,-0.074237,-0.036286,0.973116,247.993805,195.905823,-201.044907,-0.012809,0.499285,0.014474,0.866222,149.592377,329.042419,-160.644974,0.000778,-0.028469,-0.005085,0.999582,227.945663,161.774261,-182.276169,-0.213946,-0.069177,-0.064581,0.972250,230.585739,181.619965,-202.915344
351,3.510000,-0.210751,-0.026494,-0.032634,0.976636,208.974030,200.828400,-212.087799,-0.207148,-0.071067,-0.037793,0.974993,247.864899,195.988235,-201.232758,-0.012552,0.499845,0.014905,0.865896,149.500854,328.973724,-160.362061,0.001069,-0.027949,-0.005010,0.999596,227.883377,161.765244,-182.327744,-0.213523,-0.068938,-0.064782,0.972347,230.492096,181.698212,-203.005112
352,3.520000,-0.210439,-0.026181,-0.032030,0.976731,208.741150,200.923340,-212.092072,-0.205105,-0.065833,-0.037371,0.975808,247.690170,196.041534,-201.368393,-0.012729,0.500288,0.015264,0.865631,149.313934,328.860199,-159.960541,0.001130,-0.027347,-0.004836,0.999614,227.812637,161.757141,-182.411072,-0.213696,-0.066427,-0.065908,0.972408,230.320953,181.797394,-203.127319
353,3.530000,-0.208397,-0.024733,-0.031402,0.977227,208.521103,201.064270,-212.096329,-0.203599,-0.064059,-0.036125,0.976288,247.513351,196.129791,-201.501328,-0.012871,0.497385,0.013753,0.867326,148.984131,328.658905,-159.331924,0.000898,-0.026629,-0.004543,0.999635,227.711899,161.751251,-182.510406,-0.213003,-0.064997,-0.066563,0.972612,230.148392,181.943207,-203.257660
354,3.540000,-0.206182,-0.023240,-0.030474,0.977763,208.263412,201.254791,-212.038208,-0.209768,-0.065584,-0.034594,0.974936,247.345490,196.180710,-201.480606,-0.013726,0.496346,0.012453,0.867927,148.656601,328.487213,-158.702515,0.000892,-0.026000,-0.004232,0.999653,227.585007,161.752991,-182.560410,-0.210805,-0.065684,-0.064158,0.973206,229.936752,182.092865,-203.369461
355,3.550000,-0.202321,-0.023854,-0.029627,0.978580,207.965851,201.430954,-211.926895,-0.202308,-0.063031,-0.036040,0.976627,247.067047,196.363815,-201.607056,-0.014687,0.496054,0.011478,0.868092,148.294373,328.338196,-158.059204,0.000840,-0.025236,-0.004050,0.999673,227.441589,161.757156,-182.572968,-0.209265,-0.068485,-0.059668,0.973631,229.697006,182.231262,-203.484512
356,3.560000,-0.198151,-0.021372,-0.028389,0.979527,207.656937,201.629776,-211.765259,-0.203970,-0.051336,-0.031394,0.977126,246.842667,196.562164,-201.620056,-0.015110,0.496561,0.011953,0.867788,147.822647,328.143402,-157.324417,0.000556,-0.024552,-0.003357,0.999693,227.248642,161.793594,-182.533661,-0.203665,-0.073676,-0.054936,0.974718,229.470093,182.427292,-203.564560
357,3.570000,-0.197320,-0.018965,-0.027393,0.979773,207.309937,201.863266,-211.555161,-0.204610,-0.058331,-0.030227,0.976637,246.516602,196.660736,-201.285950,-0.016903,0.495578,0.009763,0.868344,147.331024,327.988312,-156.555069,0.000182,-0.023270,-0.003812,0.999722,227.028854,161.822357,-182.462357,-0.195607,-0.080206,-0.049458,0.976145,229.223282,182.625824,-203.612198
358,3.580000,-0.194064,-0.019505,-0.026670,0.980432,206.930099,202.114151,-211.309082,-0.197136,-0.060620,-0.032040,0.977976,246.160065,196.921082,-201.218445,-0.017175,0.495591,0.010279,0.868326,146.632965,327.786346,-155.577225,0.000366,-0.022792,-0.003323,0.999735,226.782242,161.862106,-182.360168,-0.186804,-0.095862,-0.038159,0.976964,228.924377,182.831741,-203.645081
359,3.590000,-0.190487,-0.017198,-0.026005,0.981195,206.509537,202.391678,-211.057251,-0.203410,-0.051398,-0.029733,0.977292,245.816864,197.131470,-201.101044,-0.017602,0.495568,0.010250,0.868330,146.013931,327.601105,-154.583313,0.002805,-0.022758,-0.002723,0.999733,226.506897,161.880417,-182.254578,-0.180174,-0.107191,-0.030501,0.977301,228.607697,183.058563,-203.711227
360,3.600000,-0.187756,-0.014756,-0.025293,0.981779,206.130463,202.692642,-210.814545,-0.196509,-0.046463,-0.028603,0.978983,245.514053,197.380447,-201.148651,-0.018673,0.494709,0.009031,0.868811,145.331848,327.379700,-153.485947,0.002240,-0.022056,-0.002311,0.999752,226.312912,161.901443,-182.180954,-0.173525,-0.113417,-0.023328,0.977999,228.291718,183.310104,-203.777283
361,3.610000,-0.187283,-0.013289,-0.025582,0.981883,205.814178,202.972839,-210.583435,-0.198780,-0.041832,-0.025803,0.978811,245.240601,197.543854,-200.985794,-0.020339,0.493512,0.006934,0.869474,144.680313,327.126862,-152.363770,0.002659,-0.021936,-0.002181,0.999754,226.190994,161.913315,-182.096268,-0.166298,-0.118018,-0.018752,0.978808,228.046890,183.600281,-203.826080
362,3.620000,-0.185016,-0.012559,-0.025564,0.982323,205.526978,203.284576,-210.278275,-0.196037,-0.043059,-0.027818,0.979256,245.024933,197.786606,-200.868973,-0.021204,0.492852,0.006171,0.869833,143.967850,326.851685,-151.112854,0.003280,-0.021920,-0.001866,0.999753,226.083313,161.954117,-181.964066,-0.158112,-0.122280,-0.015616,0.979696,227.849823,183.913467,-203.852631
363,3.630000,-0.181043,-0.009771,-0.022853,0.983161,205.313705,203.630585,-209.931747,-0.191779,-0.042084,-0.027793,0.980142,244.889526,198.022522,-200.680344,-0.022006,0.492421,0.005330,0.870062,143.203674,326.601013,-149.777420,0.003603,-0.021626,-0.001570,0.999758,226.023529,162.003372,-181.807236,-0.149972,-0.125736,-0.011524,0.980595,227.703522,184.224411,-203.841278
364,3.640000,-0.176755,-0.010633,-0.023269,0.983922,205.087097,203.956253,-209.544189,-0.189510,-0.040164,-0.026602,0.980696,244.700989,198.262985,-200.438049,-0.022403,0.492406,0.004567,0.870065,142.406006,326.441925,-148.358353,0.003968,-0.021133,-0.001429,0.999768,225.954742,162.045868,-181.622971,-0.144821,-0.130393,0.005319,0.980814,227.500626,184.638077,-203.922302
365,3.650000,-0.172131,-0.009176,-0.021114,0.984805,204.860199,204.355606,-209.128769,-0.186003,-0.039334,-0.027026,0.981390,244.530136,198.592789,-200.143768,-0.021736,0.493186,0.005669,0.869634,141.499664,326.303650,-146.828506,0.005057,-0.021122,-0.000968,0.999764,225.834503,162.123688,-181.352890,-0.131561,-0.143259,0.007254,0.980875,227.384888,184.919632,-203.797623
366,3.660000,-0.166125,-0.008040,-0.020227,0.985864,204.599091,204.740753,-208.622131,-0.183767,-0.039434,-0.026335,0.981825,244.361954,198.911255,-199.735718,-0.021571,0.493620,0.006188,0.869388,140.565720,326.234222,-145.220245,0.005113,-0.020876,-0.000397,0.999769,225.725418,162.203125,-181.077637,-0.118042,-0.154504,0.012247,0.980839,227.259781,185.254044,-203.702759
367,3.670000,-0.162088,-0.007234,-0.020004,0.986547,204.334335,205.108734,-208.163879,-0.178219,-0.032064,-0.023935,0.983177,244.102356,199.237930,-199.301559,-0.022084,0.493176,0.005665,0.869631,139.543854,326.216217,-143.472748,0.005000,-0.019916,-0.000330,0.999789,225.585556,162.287888,-180.798630,-0.106974,-0.164097,0.030654,0.980148,227.026932,185.678146,-203.678223
368,3.680000,-0.156219,-0.005611,-0.018502,0.987533,203.987152,205.498245,-207.666550,-0.171751,-0.023531,-0.020881,0.984638,243.799469,199.613922,-198.959000,-0.022159,0.493350,0.005894,0.869529,138.527649,326.204742,-141.750839,0.006842,-0.019369,0.000089,0.999789,225.409698,162.358414,-180.485840,-0.094740,-0.174682,0.039922,0.979243,226.776489,186.020370,-203.616776
369,3.690000,-0.151856,-0.006634,-0.019343,0.988191,203.656540,205.887161,-207.178223,-0.171476,-0.030360,-0.021978,0.984475,243.532639,199.954163,-198.726456,-0.022134,0.493524,0.005943,0.869430,137.469437,326.176636,-139.933624,0.008067,-0.018928,0.000719,0.999788,225.244141,162.430206,-180.253265,-0.079534,-0.181927,0.045061,0.979054,226.564667,186.359772,-203.502686
370,3.700000,-0.147447,-0.004779,-0.017321,0.988907,203.403000,206.233917,-206.727081,-0.169169,-0.035099,-0.023412,0.984684,243.337799,200.299149,-198.442947,-0.022225,0.493591,0.005876,0.869390,136.385895,326.141754,-137.998566,0.007536,-0.019251,0.000965,0.999786,225.121643,162.493057,-180.008408,-0.066564,-0.190988,0.044038,0.978342,226.416473,186.590729,-203.378052
371,3.710000,-0.143897,-0.004023,-0.017097,0.989437,203.232925,206.543167,-206.377350,-0.165144,-0.034594,-0.022212,0.985412,243.217087,200.587341,-198.236771,-0.022085,0.493786,0.006171,0.869281,135.312943,326.119659,-136.088730,0.008214,-0.018696,0.001104,0.999791,225.089508,162.531113,-179.814819,-0.057000,-0.191950,0.050545,0.978443,226.274643,186.970551,-203.313873
372,3.720000,-0.139904,-0.002713,-0.015688,0.990037,203.088440,206.856064,-206.088913,-0.159245,-0.027114,-0.020277,0.986658,243.098907,200.890854,-198.039215,-0.022165,0.493795,0.005919,0.869276,134.204697,326.064117,-134.158478,0.008998,-0.019007,0.001159,0.999778,225.093185,162.562195,-179.696014,-0.049473,-0.189622,0.055917,0.979014,226.138077,187.307541,-203.276001
373,3.730000,-0.136116,0.000982,-0.014348,0.990588,202.996353,207.160233,-205.837387,-0.156585,-0.026361,-0.020102,0.987108,243.024963,201.174530,-198.018723,-0.021962,0.493769,0.005558,0.869298,133.072601,326.015900,-132.278244,0.009509,-0.019321,0.001223,0.999767,225.121384,162.581894,-179.615921,-0.042668,-0.183397,0.055436,0.980547,226.054825,187.637482,-203.233978
374,3.740000,-0.134187,0.004040,-0.013906,0.990850,202.964417,207.397690,-205.646103,-0.155977,-0.030431,-0.021330,0.987061,243.012985,201.369705,-197.961960,-0.021891,0.493584,0.005469,0.869405,131.865601,325.936859,-130.282562,0.009760,-0.019700,0.001212,0.999758,225.155975,162.592941,-179.557358,-0.038409,-0.174584,0.053179,0.982455,226.007935,187.874084,-203.181030
375,3.750000,-0.132809,0.002992,-0.012362,0.991060,202.996460,207.574951,-205.538467,-0.151065,-0.022381,-0.018551,0.988096,242.997681,201.507202,-197.821625,-0.021492,0.493711,0.006126,0.869339,130.560242,325.878448,-128.142593,0.009734,-0.019901,0.001115,0.999754,225.205536,162.603485,-179.527618,-0.034991,-0.165195,0.050527,0.984344,226.013062,188.102646,-203.123947
376,3.760000,-0.131044,0.003208,-0.012040,0.991298,203.048462,207.686447,-205.512863,-0.145372,-0.011814,-0.015278,0.989189,243.060181,201.625809,-197.844009,-0.021447,0.493570,0.006260,0.869419,129.324677,325.883881,-126.155991,0.009569,-0.019922,0.000881,0.999755,225.289719,162.600845,-179.553238,-0.035647,-0.154392,0.046480,0.986272,226.050583,188.236496,-203.078125
377,3.770000,-0.130536,0.004649,-0.013548,0.991340,203.116684,207.707077,-205.531769,-0.144347,-0.008849,-0.014709,0.989378,243.122879,201.647232,-197.881699,-0.021290,0.493198,0.006180,0.869635,128.025391,325.847778,-124.018555,0.009606,-0.020375,0.000745,0.999746,225.369415,162.588074,-179.569199,-0.036568,-0.142100,0.039246,0.988398,226.095612,188.315842,-203.024506
378,3.780000,-0.131481,0.005040,-0.014852,0.991195,203.180038,207.664169,-205.586685,-0.144883,-0.009028,-0.015683,0.989283,243.196198,201.591324,-197.945801,-0.021423,0.493435,0.006320,0.869496,126.836540,325.778534,-122.049194,0.009548,-0.020754,0.000587,0.999739,225.420059,162.582611,-179.588211,-0.038949,-0.129633,0.034039,0.990212,226.136902,188.295471,-202.957275
379,3.790000,-0.133919,0.006071,-0.015408,0.990854,203.237183,207.559967,-205.726349,-0.145755,-0.008951,-0.015712,0.989156,243.248001,201.465393,-198.040695,-0.021755,0.492906,0.005752,0.869791,125.601128,325.683838,-119.966713,0.009013,-0.021732,0.000623,0.999723,225.516678,162.523544,-179.654831,-0.043130,-0.117997,0.028524,0.991667,226.147614,188.226593,-202.911606
380,3.800000,-0.136239,0.005378,-0.014388,0.990557,203.333298,207.374069,-205.956863,-0.147238,-0.008765,-0.014935,0.988950,243.308228,201.326935,-198.176987,-0.021927,0.493409,0.006430,0.869497,124.445274,325.609680,-117.893929,0.008608,-0.021660,0.000570,0.999728,225.535767,162.506012,-179.740479,-0.051554,-0.102628,0.022231,0.993134,226.128433,188.082779,-202.909760
381,3.810000,-0.136345,0.006560,-0.013580,0.990547,203.390289,207.184845,-206.193970,-0.152850,-0.016975,-0.017886,0.987942,243.375458,201.160690,-198.441574,-0.021789,0.493655,0.006293,0.869362,123.293053,325.614502,-115.885567,0.008383,-0.021332,0.000669,0.999737,225.545685,162.477493,-179.860748,-0.059528,-0.088285,0.013578,0.994222,226.140015,187.925705,-202.895889
382,3.820000,-0.137824,0.004510,-0.013857,0.990350,203.454575,206.997467,-206.459641,-0.158723,-0.026443,-0.019977,0.986767,243.445221,200.987656,-198.652206,-0.021621,0.493979,0.006495,0.869180,122.146538,325.577576,-113.833961,0.007988,-0.021475,0.000524,0.999737,225.556244,162.452057,-180.052902,-0.066948,-0.076925,0.006757,0.994764,226.157135,187.792648,-202.887573
383,3.830000,-0.139219,0.001951,-0.014943,0.990147,203.516953,206.810394,-206.737823,-0.157437,-0.021076,-0.018969,0.987122,243.478210,200.850235,-198.770035,-0.021855,0.494197,0.006489,0.869051,121.028038,325.515564,-111.879646,0.008056,-0.020196,0.000221,0.999764,225.498383,162.466721,-180.210312,-0.075285,-0.067242,-0.000503,0.994892,226.171051,187.646179,-202.892609
384,3.840000,-0.141062,0.000346,-0.016726,0.989859,203.596451,206.658249,-207.029144,-0.159120,-0.024670,-0.020452,0.986739,243.502533,200.736115,-199.055908,-0.021854,0.494090,0.006673,0.869110,119.916824,325.410370,-109.977371,0.007860,-0.019372,0.000277,0.999781,225.484024,162.446564,-180.366287,-0.084447,-0.058687,-0.006070,0.994680,226.180756,187.530716,-202.920761
385,3.850000,-0.142307,-0.002213,-0.016156,0.989688,203.642578,206.520081,-207.279083,-0.162914,-0.030445,-0.021617,0.985933,243.544464,200.613205,-199.252411,-0.022197,0.494311,0.006457,0.868978,118.845665,325.338654,-108.157692,0.007328,-0.019064,0.000407,0.999791,225.469650,162.419632,-180.522690,-0.093250,-0.052351,-0.011840,0.994195,226.167007,187.433426,-202.967056
386,3.860000,-0.142697,-0.000941,-0.016012,0.989636,203.626144,206.369553,-207.483597,-0.165214,-0.031794,-0.021882,0.985502,243.532883,200.515900,-199.413239,-0.023151,0.491337,0.005047,0.870647,117.661354,325.251099,-106.253464,0.006032,-0.018984,0.000158,0.999802,225.423279,162.381271,-180.665390,-0.101833,-0.047195,-0.015127,0.993566,226.104767,187.326614,-203.019363
387,3.870000,-0.144290,0.000816,-0.016514,0.989397,203.566803,206.253387,-207.611313,-0.167308,-0.032496,-0.021684,0.985130,243.487076,200.422409,-199.505493,-0.022960,0.492001,0.005342,0.870276,116.658485,325.229065,-104.542152,0.005465,-0.019138,0.000077,0.999802,225.370361,162.356400,-180.737061,-0.107707,-0.046140,-0.017730,0.992953,226.061127,187.237503,-203.043610
388,3.880000,-0.146444,0.001104,-0.016934,0.989074,203.507736,206.173965,-207.639816,-0.165796,-0.026607,-0.020135,0.985596,243.422562,200.362076,-199.462921,-0.022474,0.492744,0.005933,0.869864,115.681168,325.210297,-102.911232,0.005441,-0.019192,0.000031,0.999801,225.317642,162.342834,-180.723358,-0.111159,-0.049470,-0.016901,0.992427,226.000839,187.173172,-203.048157
389,3.890000,-0.148588,0.001749,-0.016161,0.988766,203.439392,206.148071,-207.592194,-0.161617,-0.017763,-0.017633,0.986536,243.324921,200.340652,-199.421448,-0.022245,0.492890,0.006310,0.869784,114.735672,325.172974,-101.309959,0.005639,-0.018722,0.000138,0.999809,225.253632,162.342850,-180.672714,-0.113118,-0.056246,-0.014443,0.991883,225.945480,187.149277,-203.046677
390,3.900000,-0.149211,0.001674,-0.015753,0.988679,203.369232,206.153076,-207.490448,-0.159964,-0.014369,-0.016394,0.986882,243.252640,200.356934,-199.339020,-0.021972,0.492558,0.006279,0.869980,113.859764,325.131012,-99.827454,0.005891,-0.018752,0.000251,0.999807,225.191544,162.351685,-180.575409,-0.113459,-0.064811,-0.010060,0.991375,225.885590,187.146774,-203.026718
391,3.910000,-0.149914,0.001407,-0.015392,0.988578,203.291016,206.210236,-207.350098,-0.160220,-0.012951,-0.015660,0.986872,243.174255,200.403320,-199.200500,-0.021937,0.492521,0.006261,0.870002,113.065872,325.088715,-98.442078,0.006926,-0.019644,0.000486,0.999783,225.131378,162.362473,-180.459747,-0.113013,-0.074174,-0.005447,0.990806,225.837936,187.173569,-203.003448
392,3.920000,-0.150560,0.002072,-0.015863,0.988471,203.170609,206.285767,-207.197388,-0.161555,-0.020532,-0.018322,0.986480,243.093521,200.498047,-199.177261,-0.021496,0.492466,0.006398,0.870043,112.337334,325.079285,-97.188156,0.007668,-0.020072,0.000867,0.999769,225.065933,162.384415,-180.360947,-0.109416,-0.086182,-0.000146,0.990253,225.777588,187.243301,-202.954819
393,3.930000,-0.149400,0.002895,-0.014704,0.988663,203.075409,206.383057,-207.077347,-0.162145,-0.027905,-0.019794,0.986174,243.014175,200.612106,-199.110168,-0.021752,0.492220,0.005933,0.870179,111.620819,325.063629,-95.963951,0.007940,-0.020202,0.001066,0.999764,225.007660,162.403351,-180.297211,-0.107797,-0.095416,0.004071,0.989575,225.714203,187.323349,-202.940186
394,3.940000,-0.145585,0.003898,-0.013882,0.989241,202.980957,206.514069,-206.950485,-0.160693,-0.027845,-0.019303,0.986423,242.935394,200.707367,-199.034286,-0.021680,0.492539,0.006086,0.869999,110.995407,325.058624,-94.910095,0.007259,-0.020912,0.000988,0.999754,225.017975,162.372787,-180.266464,-0.108429,-0.098063,0.008249,0.989221,225.624146,187.422897,-202.970291
395,3.950000,-0.143200,0.005057,-0.012866,0.989597,202.880798,206.615784,-206.858292,-0.158180,-0.026421,-0.018897,0.986876,242.830383,200.806076,-198.983856,-0.021613,0.492553,0.006169,0.869993,110.457535,325.026764,-93.993317,0.007285,-0.020830,0.001015,0.999756,224.955521,162.386978,-180.247559,-0.105015,-0.101525,0.010043,0.989224,225.555405,187.521179,-202.942734
396,3.960000,-0.142798,0.005263,-0.013493,0.989646,202.772339,206.696823,-206.774826,-0.158188,-0.026542,-0.019929,0.986851,242.726791,200.881653,-198.937866,-0.021782,0.492520,0.006177,0.870006,109.957573,325.015656,-93.149033,0.007192,-0.020766,0.001060,0.999758,224.878067,162.416168,-180.229172,-0.101136,-0.109963,0.005043,0.988764,225.511856,187.509613,-202.865799
397,3.970000,-0.142122,0.004186,-0.013750,0.989745,202.659225,206.758255,-206.701050,-0.159250,-0.027757,-0.020145,0.986642,242.630966,200.932739,-198.875748,-0.021928,0.492881,0.006027,0.869800,109.526939,324.990173,-92.377213,0.008538,-0.019361,0.001043,0.999776,224.722748,162.476578,-180.215057,-0.101724,-0.110681,0.012085,0.988563,225.380707,187.634811,-202.913330
398,3.980000,-0.141116,0.004121,-0.014588,0.989877,202.558411,206.804108,-206.649185,-0.159215,-0.028174,-0.020176,0.986636,242.545929,200.968262,-198.849518,-0.021946,0.493066,0.006064,0.869694,109.156334,324.984436,-91.687576,0.008794,-0.018769,0.001263,0.999784,224.637680,162.490448,-180.187637,-0.101844,-0.111972,0.016278,0.988345,225.282089,187.652817,-202.900772
399,3.990000,-0.139435,0.004339,-0.014213,0.990120,202.482712,206.803543,-206.627335,-0.159872,-0.028298,-0.020228,0.986525,242.482208,200.967743,-198.837631,-0.022069,0.493118,0.005975,0.869662,108.839249,324.971436,-91.086861,0.008699,-0.018410,0.001307,0.999792,224.595978,162.491714,-180.183090,-0.101549,-0.111120,0.016799,0.988463,225.204697,187.658630,-202.883057
400,4.000000,-0.138626,0.004500,-0.013352,0.990245,202.460983,206.794449,-206.646439,-0.159586,-0.028317,-0.020117,0.986573,242.445267,200.949036,-198.879105,-0.021928,0.493184,0.005920,0.869629,108.581375,324.979797,-90.551628,0.008723,-0.018198,0.001228,0.999796,224.577469,162.482620,-180.192612,-0.102182,-0.108728,0.015664,0.988682,225.168762,187.658203,-202.865845
401,4.010000,-0.138256,0.004621,-0.012331,0.990309,202.455078,206.766953,-206.687500,-0.159910,-0.027128,-0.020033,0.986555,242.442337,200.920807,-198.929214,-0.021471,0.493202,0.006250,0.869628,108.345871,324.996857,-90.102760,0.008489,-0.017863,0.001143,0.999804,224.578537,162.472702,-180.225540,-0.104088,-0.105114,0.013531,0.988905,225.150879,187.654388,-202.859497
402,4.020000,-0.138910,0.003546,-0.012270,0.990223,202.472351,206.735962,-206.757919,-0.160478,-0.026673,-0.019912,0.986478,242.474808,200.875885,-199.000214,-0.021821,0.492892,0.005652,0.869799,108.120094,324.991455,-89.639168,0.008273,-0.017628,0.000942,0.999810,224.599731,162.455734,-180.269852,-0.106677,-0.100392,0.010583,0.989156,225.152985,187.647980,-202.857391
403,4.030000,-0.140723,0.003163,-0.013409,0.989953,202.527969,206.686661,-206.840485,-0.161086,-0.026838,-0.020428,0.986364,242.517242,200.837402,-199.075806,-0.021749,0.492931,0.005727,0.869778,107.920685,324.965485,-89.288887,0.008211,-0.017666,0.000995,0.999810,224.635361,162.439224,-180.320099,-0.109796,-0.095100,0.007398,0.989367,225.172791,187.636307,-202.857742
404,4.040000,-0.142234,0.003129,-0.014513,0.989722,202.564606,206.638977,-206.912842,-0.160332,-0.026064,-0.020452,0.986507,242.558090,200.798508,-199.162582,-0.021268,0.493213,0.006321,0.869626,107.731392,324.954437,-89.012939,0.007306,-0.016778,0.000921,0.999832,224.672928,162.432999,-180.381958,-0.112488,-0.090582,0.004612,0.989505,225.187103,187.616714,-202.853241
405,4.050000,-0.143429,0.002777,-0.014759,0.989547,202.583023,206.604553,-206.970627,-0.160662,-0.025308,-0.019453,0.986493,242.582169,200.741608,-199.215607,-0.021705,0.493013,0.005657,0.869733,107.546211,324.927429,-88.709854,0.007120,-0.016717,0.000856,0.999835,224.683853,162.424255,-180.413422,-0.115994,-0.086010,0.002294,0.989516,225.190414,187.590393,-202.863480
406,4.060000,-0.144655,0.003578,-0.014499,0.989369,202.574402,206.578003,-207.013641,-0.161198,-0.025338,-0.019157,0.986411,242.571609,200.719147,-199.249527,-0.021582,0.493217,0.006015,0.869618,107.371147,324.920746,-88.489525,0.007018,-0.016743,0.000842,0.999835,224.674591,162.417679,-180.430359,-0.119161,-0.081879,-0.000288,0.989493,225.179733,187.567307,-202.879669
407,4.070000,-0.145719,0.004232,-0.014444,0.989212,202.546494,206.560730,-207.027817,-0.161697,-0.025687,-0.018969,0.986324,242.535980,200.705841,-199.269608,-0.021653,0.493135,0.005987,0.869663,107.211502,324.926575,-88.258934,0.007455,-0.017291,0.000933,0.999822,224.638840,162.409409,-180.418304,-0.119996,-0.080940,-0.001047,0.989469,225.133286,187.538818,-202.873840
408,4.080000,-0.145924,0.004291,-0.014362,0.989182,202.526001,206.548309,-207.018143,-0.158667,-0.017600,-0.017222,0.987025,242.476883,200.705215,-199.177673,-0.021726,0.492990,0.005745,0.869745,107.088058,324.939667,-88.062614,0.007378,-0.017154,0.001123,0.999825,224.624237,162.416748,-180.404526,-0.120427,-0.082419,-0.000535,0.989295,225.111664,187.527954,-202.861298
409,4.090000,-0.145642,0.003789,-0.014085,0.989230,202.535019,206.539749,-206.979950,-0.149706,-0.015050,-0.017613,0.988459,242.494003,200.788910,-199.303497,-0.021384,0.492825,0.006103,0.869844,106.956665,324.950989,-87.852417,0.007974,-0.017752,0.001025,0.999810,224.637024,162.418137,-180.344421,-0.120358,-0.084498,0.000694,0.989128,225.129364,187.523499,-202.830673
410,4.100000,-0.144070,0.003726,-0.014415,0.989456,202.572205,206.547150,-206.895493,-0.148909,-0.017071,-0.018842,0.988524,242.543152,200.820328,-199.241745,-0.021472,0.493203,0.006209,0.869627,106.828293,324.976776,-87.570129,0.007838,-0.017441,0.001004,0.999817,224.673843,162.435043,-180.296402,-0.118637,-0.088459,0.003236,0.988984,225.172638,187.540039,-202.774033
411,4.110000,-0.141887,0.005641,-0.013591,0.989773,202.626343,206.584686,-206.782104,-0.157238,-0.020233,-0.018513,0.987180,242.611252,200.791138,-199.031830,-0.021495,0.493393,0.006109,0.869520,106.683022,325.009521,-87.277077,0.007950,-0.017437,0.000760,0.999816,224.709076,162.456818,-180.236343,-0.117411,-0.093628,0.005533,0.988645,225.255035,187.570206,-202.716995
412,4.120000,-0.141557,0.006292,-0.012966,0.989825,202.698914,206.656418,-206.704025,-0.150519,-0.021548,-0.019526,0.988179,242.664352,200.885452,-199.067139,-0.021199,0.493304,0.006356,0.869575,106.526863,325.029480,-86.973480,0.007280,-0.017529,0.000800,0.999820,224.763763,162.481888,-180.162964,-0.115596,-0.097801,0.006226,0.988450,225.337692,187.612640,-202.658920
413,4.130000,-0.141881,0.005430,-0.013284,0.989780,202.738831,206.709549,-206.636017,-0.157028,-0.023417,-0.019636,0.987121,242.717255,200.871964,-198.916000,-0.021422,0.493506,0.006207,0.869456,106.328293,325.035187,-86.577370,0.007248,-0.017586,0.000503,0.999819,224.822098,162.492172,-180.116577,-0.115009,-0.098832,0.007231,0.988409,225.390366,187.647949,-202.623795
414,4.140000,-0.141822,0.003372,-0.013785,0.989790,202.753799,206.759186,-206.580597,-0.160896,-0.027322,-0.020066,0.986389,242.750259,200.887634,-198.848633,-0.021679,0.493468,0.005882,0.869474,106.094521,325.025146,-86.138168,0.007300,-0.017258,0.000313,0.999824,224.855759,162.503036,-180.093475,-0.114605,-0.098772,0.007745,0.988458,225.411865,187.683807,-202.600449
415,4.150000,-0.141256,0.003769,-0.014298,0.989863,202.733673,206.811874,-206.537659,-0.162546,-0.029127,-0.020429,0.986059,242.738388,200.920181,-198.806854,-0.021518,0.493663,0.006107,0.869365,105.821838,325.019501,-85.666283,0.007266,-0.017017,0.000360,0.999829,224.857437,162.509933,-180.083878,-0.114209,-0.098826,0.007835,0.988498,225.400177,187.714493,-202.586472
416,4.160000,-0.140569,0.004542,-0.014226,0.989958,202.691345,206.837387,-206.511276,-0.161192,-0.029175,-0.020519,0.986278,242.696686,200.936707,-198.811935,-0.021489,0.493707,0.006127,0.869341,105.532623,325.003876,-85.188072,0.007280,-0.017028,0.000251,0.999829,224.809280,162.511932,-180.090897,-0.113551,-0.099262,0.007578,0.988532,225.358063,187.737152,-202.576340
417,4.170000,-0.140020,0.005008,-0.014892,0.990024,202.545380,206.851456,-206.544296,-0.160700,-0.028264,-0.021100,0.986373,242.542038,200.965317,-198.856964,-0.021508,0.493745,0.006070,0.869320,105.232903,324.977905,-84.699493,0.007679,-0.016772,0.000644,0.999830,224.654831,162.503098,-180.163635,-0.114396,-0.098757,0.008013,0.988482,225.188889,187.765030,-202.624817
418,4.180000,-0.139125,0.005907,-0.014468,0.990151,202.342407,206.835770,-206.604416,-0.160665,-0.027982,-0.020538,0.986399,242.372528,200.958405,-198.924149,-0.021499,0.493439,0.006033,0.869494,104.912216,324.956635,-84.189445,0.007751,-0.017818,0.001037,0.999811,224.584595,162.434326,-180.246536,-0.114987,-0.097987,0.006983,0.988498,225.006409,187.764801,-202.669296
419,4.190000,-0.139757,0.005704,-0.014007,0.990070,202.202957,206.783447,-206.632675,-0.161120,-0.027424,-0.019042,0.986370,242.230942,200.935776,-198.964066,-0.021221,0.493146,0.006142,0.869666,104.621162,324.944366,-83.720917,0.007360,-0.017828,0.001265,0.999813,224.468018,162.432526,-180.262146,-0.116076,-0.095799,0.006305,0.988590,224.869598,187.740585,-202.697647
420,4.200000,-0.140773,0.006095,-0.012141,0.989949,202.069931,206.734665,-206.680771,-0.159330,-0.025584,-0.019187,0.986707,242.082230,200.904541,-199.019470,-0.022152,0.492636,0.004544,0.869942,104.278198,324.958710,-83.124062,0.007571,-0.017887,0.001387,0.999810,224.359940,162.424728,-180.257431,-0.116220,-0.094362,0.006390,0.988710,224.724747,187.708679,-202.711731
421,4.210000,-0.142765,0.007594,-0.011663,0.989659,201.956924,206.690491,-206.708557,-0.155918,-0.016501,-0.016052,0.987502,241.966110,200.870087,-198.961670,-0.021683,0.492327,0.004770,0.870127,103.936592,324.954437,-82.614822,0.007740,-0.018165,0.001463,0.999804,224.267349,162.412369,-180.257797,-0.116547,-0.094083,0.005689,0.988703,224.622406,187.684570,-202.721191
422,4.220000,-0.143814,0.008302,-0.011899,0.989498,201.884964,206.643143,-206.746384,-0.152732,-0.006618,-0.012902,0.988161,241.914642,200.846237,-198.969986,-0.021841,0.492162,0.004465,0.870218,103.608826,324.942505,-82.095764,0.007271,-0.017675,0.001449,0.999816,224.207779,162.403351,-180.294754,-0.118553,-0.092980,0.005415,0.988570,224.550003,187.677246,-202.747437
423,4.230000,-0.144679,0.007793,-0.012195,0.989373,201.869293,206.610275,-206.799637,-0.152961,-0.006239,-0.012602,0.988132,241.907852,200.814728,-199.025818,-0.021551,0.492282,0.004887,0.870155,103.267235,324.934509,-81.581444,0.007317,-0.017627,0.001780,0.999816,224.194748,162.388870,-180.329361,-0.120525,-0.090488,0.003998,0.988569,224.531021,187.669678,-202.757126
424,4.240000,-0.145741,0.006674,-0.012666,0.989219,201.872910,206.593842,-206.852219,-0.154127,-0.006704,-0.013651,0.987934,241.901962,200.791382,-199.082748,-0.021289,0.492289,0.005209,0.870156,102.950081,324.916748,-81.102158,0.007178,-0.017627,0.001747,0.999817,224.182938,162.385880,-180.371735,-0.122215,-0.087921,0.002284,0.988599,224.517044,187.665710,-202.768860
425,4.250000,-0.146334,0.006175,-0.013400,0.989125,201.868134,206.577820,-206.884064,-0.158152,-0.015476,-0.016383,0.987158,241.899124,200.770004,-199.209152,-0.021073,0.492203,0.005310,0.870209,102.688927,324.903687,-80.651939,0.006942,-0.017528,0.001675,0.999821,224.177658,162.385620,-180.397675,-0.124277,-0.084409,0.001048,0.988650,224.475616,187.643326,-202.787888
426,4.260000,-0.145827,0.006221,-0.013381,0.989200,201.885361,206.570267,-206.876801,-0.157378,-0.013727,-0.015953,0.987314,241.909363,200.761383,-199.127487,-0.021178,0.492527,0.005430,0.870023,102.432953,324.866058,-80.222061,0.007002,-0.017170,0.001648,0.999827,224.190628,162.387711,-180.388519,-0.124716,-0.084004,0.000399,0.988630,224.506836,187.638260,-202.769287
427,4.270000,-0.145373,0.005643,-0.013730,0.989266,201.902023,206.583374,-206.847717,-0.155048,-0.008769,-0.014008,0.987769,241.938644,200.781219,-199.100113,-0.021332,0.492535,0.005278,0.870015,102.236603,324.835876,-79.887367,0.007064,-0.016946,0.001586,0.999830,224.208878,162.398499,-180.372604,-0.124059,-0.086495,0.001834,0.988496,224.529541,187.627060,-202.734024
428,4.280000,-0.144508,0.004556,-0.014338,0.989389,201.931046,206.609161,-206.826996,-0.154881,-0.009023,-0.014331,0.987788,241.962585,200.800018,-199.069763,-0.021782,0.492179,0.004674,0.870209,102.060707,324.809052,-79.585686,0.007068,-0.016813,0.001420,0.999833,224.227615,162.412582,-180.364029,-0.123242,-0.089552,0.002217,0.988325,224.560410,187.636169,-202.702774
429,4.290000,-0.144075,0.004223,-0.014235,0.989455,201.949707,206.641266,-206.808350,-0.154945,-0.009810,-0.014687,0.987765,241.969086,200.824341,-199.042328,-0.021770,0.492805,0.005025,0.869853,101.904427,324.797363,-79.287003,0.006932,-0.016644,0.001292,0.999837,224.229919,162.425537,-180.356094,-0.122660,-0.091123,0.002788,0.988253,224.587341,187.666077,-202.685516
430,4.300000,-0.143451,0.003787,-0.014126,0.989549,201.936050,206.663559,-206.776703,-0.155322,-0.011048,-0.014314,0.987699,241.947128,200.849121,-199.015411,-0.021820,0.493058,0.004985,0.869709,101.802490,324.815552,-79.026062,0.006930,-0.016487,0.001349,0.999839,224.227585,162.436661,-180.339066,-0.121925,-0.092446,0.003602,0.988218,224.578583,187.679398,-202.669586
431,4.310000,-0.142468,0.003093,-0.013870,0.989698,201.905533,206.677643,-206.727509,-0.155279,-0.010416,-0.014542,0.987709,241.916962,200.866287,-198.959015,-0.021702,0.493142,0.005133,0.869663,101.704079,324.827484,-78.821442,0.006072,-0.016334,0.001260,0.999847,224.211700,162.443970,-180.289886,-0.122048,-0.092833,0.005425,0.988158,224.554565,187.686508,-202.666534
432,4.320000,-0.142344,0.004364,-0.013870,0.989711,201.892288,206.697525,-206.673157,-0.154764,-0.009897,-0.015237,0.987784,241.888580,200.887695,-198.917145,-0.021476,0.492971,0.005069,0.869766,101.645813,324.838806,-78.677811,0.006134,-0.016353,0.001366,0.999847,224.201096,162.452927,-180.248764,-0.121277,-0.093851,0.006358,0.988152,224.546967,187.692093,-202.646835
433,4.330000,-0.142205,0.006151,-0.013438,0.989727,201.877335,206.709641,-206.626968,-0.154443,-0.009621,-0.015214,0.987838,241.872711,200.900711,-198.872894,-0.021321,0.492863,0.004972,0.869832,101.613960,324.843231,-78.562660,0.006500,-0.016704,0.001272,0.999839,224.189651,162.449615,-180.207489,-0.120571,-0.094931,0.007017,0.988130,224.538452,187.701324,-202.630829
434,4.340000,-0.141331,0.005656,-0.013416,0.989855,201.858185,206.715210,-206.584213,-0.153944,-0.009324,-0.014875,0.987924,241.853256,200.912430,-198.836044,-0.021275,0.493051,0.004939,0.869726,101.586510,324.845917,-78.450066,0.006992,-0.017412,0.001170,0.999823,224.167801,162.447876,-180.162857,-0.120039,-0.096006,0.006753,0.988093,224.517090,187.711807,-202.622528
435,4.350000,-0.142055,0.006135,-0.013073,0.989753,201.826263,206.716095,-206.552414,-0.154649,-0.009421,-0.015056,0.987810,241.829788,200.919312,-198.804688,-0.021183,0.492913,0.004920,0.869807,101.567276,324.847382,-78.412506,0.007203,-0.017709,0.001153,0.999817,224.145187,162.444397,-180.135193,-0.119702,-0.096386,0.006851,0.988096,224.496490,187.717545,-202.614304
436,4.360000,-0.143042,0.006788,-0.013102,0.989607,201.797424,206.719971,-206.543991,-0.154529,-0.008835,-0.014805,0.987838,241.801651,200.915756,-198.797592,-0.021120,0.492858,0.004856,0.869840,101.566353,324.840546,-78.425468,0.006972,-0.017575,0.001384,0.999820,224.116470,162.446594,-180.133591,-0.119729,-0.096217,0.006730,0.988110,224.474747,187.723679,-202.611954
437,4.370000,-0.143640,0.007241,-0.013079,0.989517,201.779510,206.716385,-206.561752,-0.154937,-0.008963,-0.015034,0.987769,241.778381,200.910278,-198.822525,-0.021182,0.492832,0.004719,0.869854,101.576866,324.819489,-78.487427,0.007091,-0.017624,0.001423,0.999819,224.105209,162.441605,-180.149063,-0.120243,-0.095106,0.006088,0.988160,224.455292,187.731705,-202.616608
438,4.380000,-0.143602,0.007776,-0.012305,0.989528,201.775116,206.700943,-206.614594,-0.153859,-0.008113,-0.014528,0.987953,241.769089,200.897964,-198.865311,-0.021108,0.492680,0.004794,0.869941,101.590622,324.798340,-78.581169,0.007077,-0.017575,0.001458,0.999819,224.105270,162.435425,-180.179840,-0.121196,-0.092282,0.004837,0.988318,224.425369,187.735657,-202.631866
439,4.390000,-0.143435,0.008141,-0.011919,0.989555,201.785370,206.692200,-206.668732,-0.153572,-0.007245,-0.014348,0.988007,241.783524,200.888367,-198.919464,-0.021178,0.492623,0.004828,0.869972,101.608658,324.780640,-78.665833,0.006432,-0.017099,0.001525,0.999832,224.111008,162.432190,-180.244476,-0.122303,-0.089259,0.003225,0.988466,224.424362,187.739441,-202.640808
440,4.400000,-0.142880,0.008044,-0.012086,0.989634,201.803558,206.686447,-206.728287,-0.153948,-0.007362,-0.014396,0.987947,241.804504,200.878525,-198.974426,-0.021261,0.492588,0.004715,0.869990,101.641785,324.782410,-78.727882,0.007097,-0.016882,0.001525,0.999831,224.135239,162.426682,-180.313217,-0.123691,-0.086574,0.001655,0.988536,224.431763,187.742615,-202.651428
441,4.410000,-0.143150,0.006626,-0.012295,0.989602,201.832275,206.666718,-206.793839,-0.154609,-0.008363,-0.013808,0.987844,241.858994,200.866028,-199.043259,-0.021152,0.492694,0.004975,0.869931,101.659920,324.788544,-78.772034,0.007116,-0.016754,0.001675,0.999833,224.167175,162.420303,-180.370758,-0.125416,-0.084623,-0.000012,0.988489,224.466888,187.741501,-202.657288
442,4.420000,-0.143484,0.004888,-0.012922,0.989556,201.874268,206.652710,-206.842545,-0.155055,-0.009937,-0.013729,0.987761,241.913681,200.843063,-199.110886,-0.021324,0.492993,0.004929,0.869758,101.660881,324.794250,-78.758820,0.006949,-0.016755,0.001634,0.999834,224.201553,162.410980,-180.414658,-0.126906,-0.082898,-0.001343,0.988444,224.486496,187.733459,-202.663116
443,4.430000,-0.143358,0.004295,-0.013755,0.989566,201.902527,206.637955,-206.874359,-0.155487,-0.010105,-0.014422,0.987681,241.947144,200.829605,-199.140930,-0.021304,0.492969,0.004882,0.869772,101.670937,324.807739,-78.756355,0.006790,-0.016937,0.001489,0.999832,224.226578,162.411530,-180.444214,-0.128005,-0.081511,-0.002344,0.988415,224.507172,187.723618,-202.665497
444,4.440000,-0.143092,0.003760,-0.014114,0.989602,201.915970,206.630997,-206.885361,-0.155872,-0.010378,-0.014690,0.987614,241.958847,200.823074,-199.151062,-0.021239,0.493062,0.004917,0.869721,101.680809,324.826752,-78.718338,0.006682,-0.016894,0.001443,0.999834,224.230911,162.414276,-180.455994,-0.128559,-0.081230,-0.002709,0.988366,224.515930,187.713028,-202.663910
445,4.450000,-0.142990,0.003316,-0.014353,0.989615,201.916550,206.626144,-206.876419,-0.156075,-0.010991,-0.014761,0.987574,241.953476,200.820709,-199.135315,-0.021175,0.493196,0.005002,0.869646,101.678619,324.838379,-78.674713,0.006780,-0.016650,0.001387,0.999838,224.226028,162.419586,-180.439575,-0.128473,-0.081750,-0.002490,0.988335,224.518051,187.701889,-202.657043
446,4.460000,-0.142907,0.003118,-0.014469,0.989625,201.898788,206.628784,-206.848969,-0.155950,-0.011297,-0.014719,0.987591,241.938004,200.823593,-199.107880,-0.021426,0.493331,0.004744,0.869565,101.676773,324.832092,-78.624519,0.006857,-0.016539,0.001415,0.999839,224.212463,162.424545,-180.413040,-0.127900,-0.083764,-0.001246,0.988243,224.510239,187.700684,-202.647217
447,4.470000,-0.142701,0.003191,-0.013969,0.989662,201.872375,206.642136,-206.811981,-0.156356,-0.011996,-0.014763,0.987518,241.899811,200.835464,-199.061508,-0.021364,0.493369,0.004758,0.869545,101.684502,324.820404,-78.608902,0.006733,-0.016313,0.001424,0.999843,224.176880,162.430099,-180.379227,-0.127035,-0.086295,0.000364,0.988137,224.493332,187.705276,-202.637817
448,4.480000,-0.142390,0.003458,-0.013402,0.989714,201.839661,206.657364,-206.766357,-0.156053,-0.011989,-0.014725,0.987566,241.860519,200.863098,-199.009750,-0.021229,0.493270,0.004721,0.869605,101.721268,324.811676,-78.672508,0.006750,-0.016183,0.001454,0.999845,224.150162,162.435776,-180.339554,-0.126099,-0.088703,0.001852,0.988042,224.475143,187.715469,-202.629257
449,4.490000,-0.142387,0.003921,-0.012944,0.989719,201.815491,206.678925,-206.724945,-0.155454,-0.011128,-0.015607,0.987657,241.814499,200.888245,-198.967911,-0.021216,0.493131,0.004547,0.869684,101.725517,324.783417,-78.708145,0.006115,-0.016371,0.001528,0.999846,224.131134,162.441391,-180.292130,-0.125258,-0.089750,0.002752,0.988053,224.437668,187.730927,-202.631119
450,4.500000,-0.142323,0.004284,-0.012650,0.989730,201.797165,206.702087,-206.698456,-0.155057,-0.010694,-0.015525,0.987726,241.802048,200.906906,-198.946106,-0.021219,0.493059,0.004428,0.869726,101.748833,324.748322,-78.751358,0.006171,-0.016402,0.001545,0.999845,224.126236,162.442993,-180.274811,-0.124680,-0.089958,0.003062,0.988106,224.427917,187.750488,-202.629929
451,4.510000,-0.142176,0.005876,-0.012331,0.989747,201.792694,206.718918,-206.672180,-0.154641,-0.010071,-0.015068,0.987805,241.793900,200.916458,-198.933884,-0.021115,0.493050,0.004380,0.869734,101.795769,324.690399,-78.819687,0.006306,-0.016536,0.001540,0.999842,224.135025,162.438675,-180.273575,-0.124487,-0.089639,0.002954,0.988160,224.425522,187.768219,-202.630737
452,4.520000,-0.141801,0.007787,-0.011935,0.989793,201.803940,206.729477,-206.667664,-0.154383,-0.009922,-0.015175,0.987845,241.813690,200.928131,-198.940735,-0.021267,0.492928,0.003968,0.869801,101.835907,324.613251,-78.891373,0.007106,-0.016620,0.001631,0.999835,224.152802,162.435471,-180.290405,-0.124623,-0.089392,0.002586,0.988166,224.453354,187.781693,-202.624161
453,4.530000,-0.141901,0.008298,-0.011914,0.989774,201.825104,206.728622,-206.678802,-0.153860,-0.009615,-0.015119,0.987930,241.848663,200.931458,-198.958420,-0.021561,0.492853,0.003515,0.869838,101.859406,324.527008,-78.964760,0.007173,-0.016680,0.001626,0.999834,224.172226,162.431091,-180.300171,-0.125179,-0.088761,0.002117,0.988154,224.467850,187.786835,-202.624512
454,4.540000,-0.142113,0.008224,-0.012134,0.989742,201.847717,206.723877,-206.698700,-0.153615,-0.009090,-0.015027,0.987975,241.871063,200.925964,-198.977295,-0.022040,0.492893,0.002955,0.869806,101.880959,324.462158,-78.999481,0.007171,-0.016744,0.001378,0.999833,224.194839,162.426163,-180.313660,-0.125729,-0.086917,0.001096,0.988249,224.481506,187.785568,-202.625153
455,4.550000,-0.142420,0.007328,-0.012424,0.989701,201.872330,206.712982,-206.742355,-0.153693,-0.008936,-0.015053,0.987964,241.893845,200.916092,-199.014114,-0.022042,0.492838,0.002827,0.869837,101.895203,324.441010,-79.027222,0.007281,-0.016760,0.001457,0.999832,224.217834,162.423355,-180.343277,-0.126699,-0.084801,-0.000152,0.988310,224.493759,187.783417,-202.632706
456,4.560000,-0.143064,0.005949,-0.012883,0.989612,201.890717,206.701859,-206.799393,-0.156540,-0.016390,-0.016076,0.987405,241.946136,200.898773,-199.149551,-0.022075,0.492959,0.002869,0.869768,101.900520,324.450562,-79.032104,0.007150,-0.016857,0.001466,0.999831,224.231644,162.419312,-180.391891,-0.127715,-0.082847,-0.001360,0.988344,224.499420,187.780869,-202.643463
457,4.570000,-0.143180,0.004978,-0.013336,0.989594,201.890717,206.685165,-206.847305,-0.156564,-0.015246,-0.015507,0.987428,241.943878,200.871002,-199.138916,-0.021828,0.492893,0.003079,0.869811,101.905136,324.477753,-79.049118,0.006940,-0.017011,0.001500,0.999830,224.229553,162.416199,-180.435211,-0.128751,-0.081320,-0.002404,0.988334,224.494781,187.771637,-202.655624
458,4.580000,-0.143045,0.004192,-0.013513,0.989615,201.885254,206.671768,-206.876892,-0.159044,-0.021059,-0.017099,0.986899,241.952271,200.863983,-199.246658,-0.021962,0.493151,0.002992,0.869661,101.909859,324.483337,-79.017616,0.006791,-0.016889,0.001569,0.999833,224.216263,162.414413,-180.461151,-0.129335,-0.080496,-0.003009,0.988324,224.487411,187.760971,-202.663300
459,4.590000,-0.143033,0.003621,-0.013951,0.989613,201.870483,206.657135,-206.897095,-0.161410,-0.026950,-0.018711,0.986342,241.939972,200.853668,-199.277298,-0.022040,0.493240,0.002947,0.869609,101.921082,324.477875,-79.026215,0.006754,-0.016721,0.001646,0.999836,224.199829,162.418198,-180.475632,-0.129602,-0.080556,-0.003073,0.988284,224.480225,187.749374,-202.666168
460,4.600000,-0.142405,0.003033,-0.014510,0.989698,201.855820,206.658020,-206.908401,-0.161471,-0.027142,-0.018676,0.986327,241.929611,200.853134,-199.278793,-0.022057,0.493305,0.002957,0.869572,101.925407,324.478394,-79.038048,0.006714,-0.016669,0.001651,0.999837,224.189102,162.421249,-180.484985,-0.129669,-0.081227,-0.002843,0.988221,224.472687,187.747849,-202.669815
461,4.610000,-0.142408,0.002728,-0.014304,0.989701,201.849136,206.659576,-206.906158,-0.161942,-0.027706,-0.018545,0.986237,241.909241,200.855118,-199.273712,-0.022099,0.493293,0.002910,0.869578,101.931732,324.482208,-79.056305,0.006687,-0.016798,0.001676,0.999835,224.175186,162.427475,-180.491547,-0.129542,-0.081125,-0.002574,0.988247,224.445755,187.747238,-202.679749
462,4.620000,-0.142077,0.002675,-0.014081,0.989752,201.842102,206.672867,-206.898682,-0.159427,-0.020451,-0.016328,0.986863,241.881195,200.852097,-199.187576,-0.022122,0.493250,0.002866,0.869602,101.937119,324.474335,-79.069664,0.006697,-0.016740,0.001696,0.999836,224.171646,162.426605,-180.485504,-0.129142,-0.081215,-0.002381,0.988292,224.440689,187.752014,-202.681610
463,4.630000,-0.142184,0.003031,-0.013982,0.989737,201.838684,206.678146,-206.874817,-0.157240,-0.012916,-0.014929,0.987363,241.867416,200.866852,-199.139938,-0.022133,0.493091,0.002781,0.869692,101.937782,324.462891,-79.081001,0.006786,-0.016662,0.001724,0.999837,224.172989,162.425491,-180.463135,-0.128667,-0.081862,-0.001870,0.988302,224.440460,187.754532,-202.678436
464,4.640000,-0.142700,0.003340,-0.013741,0.989665,201.844055,206.683121,-206.840851,-0.156545,-0.011756,-0.014938,0.987488,241.877396,200.872360,-199.104584,-0.022098,0.493040,0.002792,0.869721,101.936661,324.456543,-79.066528,0.006909,-0.016501,0.001654,0.999839,224.187393,162.423111,-180.429337,-0.127969,-0.082700,-0.001274,0.988323,224.448502,187.757675,-202.669510
465,4.650000,-0.142948,0.004388,-0.013331,0.989631,201.860855,206.692596,-206.802719,-0.155548,-0.010992,-0.014570,0.987660,241.891693,200.877716,-199.066086,-0.021963,0.493051,0.002857,0.869718,101.932930,324.463287,-79.039642,0.007013,-0.016579,0.001650,0.999837,224.197830,162.420120,-180.397018,-0.127363,-0.084303,-0.000737,0.988267,224.478622,187.761703,-202.653870
466,4.660000,-0.142972,0.005373,-0.013009,0.989627,201.865189,206.696869,-206.769913,-0.154643,-0.009558,-0.014130,0.987823,241.894882,200.881790,-199.032410,-0.021922,0.493021,0.002902,0.869736,101.916618,324.460083,-79.000778,0.007025,-0.016670,0.001438,0.999835,224.200455,162.418350,-180.363724,-0.126922,-0.085436,-0.000006,0.988226,224.486115,187.763702,-202.644806
467,4.670000,-0.142900,0.005719,-0.012682,0.989639,201.858673,206.701508,-206.746384,-0.153801,-0.008421,-0.014743,0.987956,241.872223,200.895508,-199.009064,-0.021841,0.493088,0.003047,0.869700,101.895401,324.458435,-78.961540,0.007098,-0.016616,0.001371,0.999836,224.194443,162.420761,-180.338303,-0.126359,-0.086044,0.000390,0.988246,224.483170,187.766403,-202.638733
468,4.680000,-0.142829,0.005716,-0.012553,0.989651,201.840836,206.704773,-206.728638,-0.154165,-0.008837,-0.015266,0.987888,241.846786,200.899475,-198.993607,-0.021550,0.493080,0.003388,0.869710,101.873276,324.467896,-78.953377,0.007009,-0.016473,0.001434,0.999839,224.172989,162.422791,-180.325668,-0.125714,-0.086708,0.000791,0.988270,224.468231,187.765442,-202.633667
469,4.690000,-0.142600,0.006369,-0.012552,0.989680,201.809555,206.709335,-206.714493,-0.154427,-0.009448,-0.015226,0.987842,241.819687,200.901810,-198.983932,-0.021488,0.493077,0.003470,0.869713,101.853264,324.473694,-78.938416,0.007077,-0.016537,0.001570,0.999837,224.149124,162.430832,-180.316818,-0.125179,-0.086350,0.001053,0.988369,224.427765,187.763260,-202.639038
470,4.700000,-0.142132,0.005739,-0.012642,0.989750,201.780930,206.711578,-206.726334,-0.154467,-0.009205,-0.014913,0.987843,241.787994,200.900269,-198.977570,-0.021525,0.493090,0.003452,0.869705,101.851036,324.476044,-78.941010,0.006966,-0.016452,0.001459,0.999839,224.114899,162.433823,-180.322601,-0.124619,-0.085920,0.000971,0.988477,224.404968,187.763687,-202.639801
471,4.710000,-0.142349,0.005099,-0.012425,0.989725,201.758392,206.716797,-206.736176,-0.153895,-0.008791,-0.014674,0.987939,241.757339,200.913284,-198.996719,-0.021539,0.493136,0.003468,0.869679,101.857849,324.476898,-78.955154,0.007051,-0.016492,0.001507,0.999838,224.088806,162.442383,-180.329498,-0.124490,-0.085676,0.000995,0.988514,224.388107,187.765869,-202.642761
472,4.720000,-0.142154,0.005016,-0.012296,0.989755,201.748062,206.717880,-206.752106,-0.154064,-0.008863,-0.014580,0.987914,241.745621,200.914825,-199.013000,-0.021592,0.493153,0.003415,0.869668,101.882614,324.476501,-78.989601,0.007017,-0.016352,0.001425,0.999841,224.079620,162.441025,-180.346130,-0.124348,-0.085014,0.000620,0.988590,224.375046,187.769882,-202.645950
473,4.730000,-0.142090,0.004827,-0.012346,0.989765,201.752151,206.716995,-206.775177,-0.154490,-0.009714,-0.014702,0.987837,241.751465,200.921417,-199.046097,-0.021726,0.492997,0.003163,0.869754,101.914047,324.473267,-79.033569,0.006937,-0.016372,0.001430,0.999841,224.087616,162.439987,-180.372437,-0.124744,-0.083735,-0.000034,0.988649,224.375793,187.775757,-202.652649
474,4.740000,-0.142177,0.004363,-0.012738,0.989750,201.773605,206.715500,-206.803314,-0.155004,-0.010995,-0.015166,0.987736,241.779633,200.921143,-199.085068,-0.022008,0.493106,0.002862,0.869686,101.934502,324.467102,-79.045502,0.006885,-0.016443,0.001593,0.999840,224.115738,162.436951,-180.398926,-0.125391,-0.081991,-0.001014,0.988713,224.387619,187.781509,-202.659393
475,4.750000,-0.141956,0.003951,-0.013342,0.989775,201.809555,206.710144,-206.827240,-0.156340,-0.011717,-0.014507,0.987527,241.836426,200.893005,-199.095764,-0.022126,0.493040,0.002659,0.869721,101.951767,324.460236,-79.073654,0.006950,-0.016458,0.001706,0.999839,224.154831,162.430130,-180.430069,-0.126149,-0.080046,-0.002045,0.988775,224.413361,187.783478,-202.662842
476,4.760000,-0.142227,0.004172,-0.013279,0.989736,201.853958,206.700729,-206.843338,-0.156488,-0.011823,-0.015057,0.987494,241.881470,200.882935,-199.120056,-0.022223,0.492934,0.002423,0.869780,101.968925,324.463440,-79.099411,0.006869,-0.016533,0.001704,0.999838,224.195145,162.419250,-180.449982,-0.126930,-0.078196,-0.003103,0.988820,224.443344,187.781555,-202.664932
477,4.770000,-0.142506,0.004105,-0.013394,0.989695,201.889481,206.694778,-206.860916,-0.155818,-0.012309,-0.014712,0.987600,241.939987,200.876465,-199.159363,-0.022227,0.492878,0.002493,0.869811,101.966080,324.457062,-79.101364,0.006812,-0.016766,0.001561,0.999835,224.225525,162.416779,-180.464157,-0.127588,-0.077533,-0.003965,0.988784,224.489502,187.779053,-202.659760
478,4.780000,-0.142506,0.003940,-0.013546,0.989693,201.905792,206.682205,-206.874420,-0.158333,-0.018966,-0.017069,0.987056,241.980133,200.869308,-199.245163,-0.022093,0.493082,0.002786,0.869698,101.946060,324.461456,-79.089027,0.006780,-0.016853,0.001444,0.999834,224.241241,162.415604,-180.472504,-0.128113,-0.077275,-0.004262,0.988735,224.503662,187.772964,-202.660858
479,4.790000,-0.142658,0.003978,-0.013642,0.989670,201.903625,206.676346,-206.876953,-0.160896,-0.026230,-0.019214,0.986436,241.980179,200.862549,-199.265976,-0.022062,0.493070,0.002878,0.869705,101.924591,324.457703,-79.061264,0.006788,-0.016908,0.001429,0.999833,224.239716,162.413635,-180.470581,-0.128228,-0.077329,-0.004324,0.988716,224.501587,187.764297,-202.661697
480,4.800000,-0.142800,0.004122,-0.013466,0.989651,201.881912,206.672119,-206.870789,-0.158306,-0.019072,-0.016565,0.987067,241.934692,200.853195,-199.174820,-0.021996,0.493131,0.002961,0.869672,101.914284,324.461792,-79.037231,0.006804,-0.016841,0.001584,0.999834,224.210632,162.412064,-180.457748,-0.127859,-0.077948,-0.004049,0.988716,224.484970,187.758347,-202.661209
481,4.810000,-0.142589,0.004101,-0.013538,0.989681,201.834183,206.676453,-206.857208,-0.157108,-0.012919,-0.014967,0.987384,241.868454,200.854385,-199.130341,-0.021714,0.493022,0.003199,0.869740,101.910507,324.466888,-79.034187,0.006858,-0.016699,0.001671,0.999836,224.170059,162.419724,-180.436035,-0.127276,-0.078992,-0.003080,0.988712,224.434433,187.755463,-202.669052
482,4.820000,-0.142853,0.004284,-0.012965,0.989650,201.790085,206.682800,-206.835068,-0.156014,-0.011229,-0.014333,0.987587,241.808228,200.870010,-199.101013,-0.021614,0.493005,0.003255,0.869752,101.903999,324.469696,-79.019096,0.006985,-0.016614,0.001708,0.999836,224.135025,162.423935,-180.410370,-0.126533,-0.080292,-0.002272,0.988705,224.400711,187.754974,-202.670044
483,4.830000,-0.142780,0.004831,-0.012439,0.989664,201.753983,206.697754,-206.804657,-0.154560,-0.008903,-0.014318,0.987840,241.744293,200.893982,-199.072296,-0.021593,0.493023,0.003259,0.869742,101.898590,324.469482,-79.006538,0.007014,-0.016484,0.001487,0.999838,224.085953,162.426895,-180.385559,-0.125534,-0.082067,-0.001246,0.988688,224.368027,187.759811,-202.666855
484,4.840000,-0.142507,0.005179,-0.012181,0.989705,201.725693,206.709213,-206.772110,-0.154336,-0.008628,-0.014159,0.987879,241.716141,200.907455,-199.037903,-0.021608,0.493027,0.003221,0.869740,101.896744,324.469147,-79.002007,0.007015,-0.016398,0.001457,0.999840,224.062485,162.433807,-180.361115,-0.124620,-0.083655,-0.000398,0.988672,224.348419,187.766647,-202.661453
485,4.850000,-0.142279,0.005157,-0.012065,0.989740,201.713959,206.722198,-206.741302,-0.154309,-0.008916,-0.014235,0.987880,241.703918,200.920517,-199.010727,-0.021562,0.493159,0.003339,0.869666,101.892609,324.468872,-78.999298,0.007113,-0.016471,0.001581,0.999838,224.053253,162.442841,-180.339294,-0.123700,-0.084797,0.001137,0.988689,224.332047,187.768906,-202.648026
486,4.860000,-0.142037,0.005067,-0.012167,0.989774,201.718216,206.734756,-206.720901,-0.154427,-0.009771,-0.014518,0.987849,241.715118,200.939743,-198.995880,-0.021692,0.492981,0.003159,0.869764,101.897163,324.467957,-79.013153,0.006994,-0.016468,0.001527,0.999839,224.061356,162.451263,-180.327072,-0.123373,-0.085220,0.001700,0.988693,224.341385,187.779266,-202.639938
487,4.870000,-0.142092,0.004925,-0.012610,0.989761,201.745697,206.750153,-206.713058,-0.154099,-0.009694,-0.014754,0.987898,241.742157,200.940628,-198.985397,-0.021743,0.492948,0.003109,0.869781,101.901817,324.467102,-79.025528,0.007161,-0.016457,0.001526,0.999838,224.081345,162.453140,-180.330215,-0.123470,-0.084792,0.001112,0.988718,224.369797,187.794205,-202.635315
488,4.880000,-0.141747,0.004982,-0.013194,0.989802,201.772247,206.756454,-206.712708,-0.154060,-0.010513,-0.015451,0.987885,241.781891,200.949936,-198.994812,-0.021801,0.492921,0.003069,0.869795,101.908699,324.467255,-79.040054,0.006973,-0.016301,0.001476,0.999842,224.115906,162.448334,-180.341217,-0.123803,-0.083101,0.000179,0.988821,224.395462,187.800995,-202.631149
489,4.890000,-0.141926,0.004750,-0.012993,0.989781,201.802567,206.745621,-206.728546,-0.155094,-0.011413,-0.015724,0.987709,241.820694,200.937973,-199.008652,-0.022030,0.493121,0.002899,0.869677,101.914864,324.461792,-79.025490,0.006995,-0.016227,0.001474,0.999843,224.150711,162.444443,-180.352692,-0.124318,-0.081335,-0.000856,0.988903,224.417862,187.804749,-202.629562
490,4.900000,-0.142038,0.004812,-0.012962,0.989765,201.831131,206.737579,-206.749237,-0.155282,-0.011512,-0.015913,0.987675,241.845520,200.929672,-199.034439,-0.022081,0.493095,0.002795,0.869691,101.923981,324.462006,-79.034866,0.007010,-0.016275,0.001436,0.999842,224.173676,162.440384,-180.371185,-0.125067,-0.079569,-0.001869,0.988951,224.434845,187.803925,-202.631454
491,4.910000,-0.142195,0.004841,-0.012995,0.989742,201.845169,206.728851,-206.778244,-0.155069,-0.011309,-0.015679,0.987715,241.864380,200.924728,-199.068787,-0.022062,0.493067,0.002795,0.869707,101.927307,324.459839,-79.038048,0.007038,-0.016382,0.001580,0.999840,224.191315,162.431824,-180.397430,-0.125763,-0.078803,-0.002797,0.988922,224.461838,187.802368,-202.628769
492,4.920000,-0.142343,0.004704,-0.013084,0.989720,201.848495,206.717163,-206.807434,-0.158472,-0.018370,-0.017105,0.987044,241.891144,200.903198,-199.164413,-0.022008,0.493116,0.002807,0.869681,101.934433,324.463409,-79.046623,0.006998,-0.016476,0.001571,0.999839,224.191803,162.426331,-180.419952,-0.126557,-0.077846,-0.003306,0.988895,224.441772,187.795654,-202.641479
493,4.930000,-0.142179,0.004841,-0.013283,0.989740,201.837219,206.706711,-206.836075,-0.161378,-0.026350,-0.019171,0.986355,241.887787,200.890717,-199.213318,-0.022008,0.493145,0.002846,0.869664,101.932602,324.460022,-79.044014,0.006920,-0.016591,0.001626,0.999837,224.175232,162.426086,-180.438049,-0.126962,-0.076359,-0.004110,0.988956,224.424805,187.788834,-202.649414
494,4.940000,-0.142245,0.004519,-0.013382,0.989731,201.817108,206.700974,-206.854111,-0.159319,-0.019694,-0.016898,0.986886,241.848557,200.877975,-199.146713,-0.021989,0.493160,0.002887,0.869656,101.924797,324.459167,-79.042671,0.006787,-0.016592,0.001694,0.999838,224.156418,162.423325,-180.449493,-0.127236,-0.075886,-0.004360,0.988956,224.407272,187.784164,-202.656891
495,4.950000,-0.142583,0.004148,-0.013010,0.989689,201.785782,206.694748,-206.860626,-0.156600,-0.012710,-0.014753,0.987470,241.806747,200.885117,-199.151566,-0.021991,0.493144,0.002906,0.869665,101.915268,324.459045,-79.039230,0.006881,-0.016570,0.001649,0.999838,224.131424,162.424561,-180.453354,-0.127296,-0.076058,-0.004338,0.988935,224.386749,187.778854,-202.661636
496,4.960000,-0.142887,0.003424,-0.012922,0.989649,201.762939,206.695038,-206.863083,-0.156287,-0.011750,-0.014278,0.987539,241.785507,200.887787,-199.142075,-0.021960,0.493199,0.002993,0.869634,101.910271,324.456726,-79.029701,0.006876,-0.016542,0.001420,0.999839,224.103836,162.426407,-180.444000,-0.126961,-0.076826,-0.003904,0.988920,224.368729,187.777191,-202.661545
497,4.970000,-0.143238,0.002777,-0.012991,0.989599,201.753876,206.705154,-206.847229,-0.155629,-0.011522,-0.015190,0.987631,241.754837,200.905167,-199.132904,-0.021772,0.492932,0.003054,0.869790,101.910652,324.464783,-79.056969,0.006909,-0.016485,0.001428,0.999839,224.089340,162.428604,-180.429031,-0.126501,-0.077900,-0.003465,0.988897,224.359100,187.779053,-202.658829
498,4.980000,-0.142984,0.003505,-0.012772,0.989636,201.748352,206.712845,-206.818573,-0.155297,-0.011222,-0.015149,0.987688,241.752914,200.914368,-199.100769,-0.021729,0.492921,0.003079,0.869797,101.911217,324.466858,-79.054047,0.006965,-0.016426,0.001453,0.999840,224.082413,162.429489,-180.410477,-0.126091,-0.078804,-0.002896,0.988880,224.355667,187.782516,-202.654663
499,4.990000,-0.142467,0.004624,-0.012506,0.989710,201.747742,206.722931,-206.787903,-0.155107,-0.011126,-0.015123,0.987719,241.753418,200.924057,-199.073059,-0.021715,0.492989,0.003134,0.869759,101.914429,324.463257,-79.045128,0.007067,-0.016404,0.001438,0.999840,224.084747,162.432037,-180.388519,-0.125525,-0.079605,-0.002328,0.988889,224.359344,187.788574,-202.646912
500,5.000000,-0.142144,0.004981,-0.012450,0.989755,201.751602,206.733292,-206.763290,-0.154688,-0.011065,-0.015511,0.987780,241.764771,200.933258,-199.050537,-0.021711,0.492969,0.003116,0.869770,101.916466,324.461304,-79.040031,0.007049,-0.016373,0.001381,0.999840,224.092407,162.436493,-180.371567,-0.125150,-0.080193,-0.001902,0.988890,224.365768,187.797073,-202.641083
501,5.010000,-0.142071,0.005188,-0.012469,0.989764,201.757935,206.741043,-206.745224,-0.154588,-0.010945,-0.015532,0.987796,241.773254,200.939133,-199.035385,-0.021905,0.493102,0.002970,0.869691,101.910683,324.454651,-79.007401,0.007063,-0.016337,0.001374,0.999841,224.102203,162.438782,-180.360260,-0.125016,-0.080260,-0.001671,0.988902,224.375473,187.802841,-202.636307
502,5.020000,-0.142018,0.005160,-0.012886,0.989767,201.770859,206.751709,-206.737747,-0.154474,-0.011135,-0.015445,0.987813,241.780823,200.945450,-199.028015,-0.021799,0.493017,0.003044,0.869741,101.917900,324.461212,-79.035805,0.006970,-0.016310,0.001439,0.999842,224.116714,162.438553,-180.354889,-0.124762,-0.080207,-0.001631,0.988938,224.383484,187.808243,-202.630707
503,5.030000,-0.141698,0.004923,-0.013308,0.989808,201.779861,206.752335,-206.736176,-0.154456,-0.011448,-0.015780,0.987807,241.788513,200.944870,-199.024704,-0.021991,0.493160,0.002923,0.869656,101.913612,324.457581,-79.014725,0.006948,-0.016332,0.001475,0.999841,224.124008,162.440582,-180.354736,-0.124754,-0.079954,-0.001666,0.988960,224.389008,187.809799,-202.627823
504,5.040000,-0.141620,0.004398,-0.013542,0.989819,201.779526,206.751266,-206.744858,-0.154745,-0.011408,-0.015751,0.987763,241.789612,200.942108,-199.038544,-0.022030,0.493191,0.002906,0.869637,101.913742,324.457520,-79.015022,0.006921,-0.016305,0.001477,0.999842,224.125107,162.440765,-180.364014,-0.124885,-0.079386,-0.001919,0.988988,224.389053,187.809357,-202.628525
505,5.050000,-0.141813,0.004552,-0.013006,0.989798,201.772812,206.743881,-206.761200,-0.154656,-0.011189,-0.015815,0.987778,241.789841,200.936264,-199.049667,-0.022044,0.493135,0.002852,0.869669,101.913521,324.461426,-79.022820,0.006912,-0.016356,0.001505,0.999841,224.122192,162.439194,-180.374542,-0.125092,-0.078750,-0.002375,0.989012,224.385864,187.808105,-202.631088
506,5.060000,-0.141949,0.004610,-0.012803,0.989781,201.768555,206.736938,-206.779404,-0.154992,-0.011329,-0.015416,0.987730,241.780319,200.933304,-199.071106,-0.021826,0.492944,0.002986,0.869782,101.921013,324.467224,-79.057617,0.006872,-0.016376,0.001500,0.999841,224.117462,162.438141,-180.386719,-0.125351,-0.078077,-0.002820,0.989031,224.378220,187.805176,-202.635727
507,5.070000,-0.141956,0.004597,-0.012706,0.989781,201.765305,206.729767,-206.798447,-0.155089,-0.011312,-0.015364,0.987716,241.775513,200.927551,-199.088226,-0.021993,0.493146,0.002918,0.869664,101.917938,324.455200,-79.024597,0.007128,-0.016430,0.001580,0.999838,224.114990,162.435394,-180.402603,-0.125653,-0.077403,-0.003267,0.989045,224.370743,187.802750,-202.641205
508,5.080000,-0.142257,0.004545,-0.012652,0.989739,201.763809,206.723328,-206.812256,-0.155089,-0.011199,-0.015340,0.987718,241.772446,200.921555,-199.102646,-0.021798,0.492967,0.002987,0.869770,101.925644,324.462402,-79.063530,0.007128,-0.016494,0.001609,0.999837,224.114075,162.430130,-180.413483,-0.125944,-0.076861,-0.003742,0.989048,224.365540,187.799576,-202.645813
509,5.090000,-0.142438,0.004756,-0.012531,0.989713,201.762360,206.718521,-206.819397,-0.155041,-0.010918,-0.015262,0.987730,241.772293,200.916397,-199.111633,-0.021748,0.492917,0.003004,0.869799,101.926384,324.462494,-79.065742,0.007089,-0.016491,0.001613,0.999838,224.114853,162.426926,-180.418427,-0.126210,-0.076438,-0.003948,0.989046,224.364319,187.796951,-202.647964
510,5.100000,-0.142408,0.004811,-0.012559,0.989717,201.764099,206.715210,-206.819977,-0.154985,-0.010656,-0.015155,0.987743,241.774673,200.913300,-199.111023,-0.021729,0.492930,0.003029,0.869792,101.923843,324.460815,-79.061371,0.007005,-0.016488,0.001433,0.999839,224.106583,162.421951,-180.416794,-0.126369,-0.076229,-0.004042,0.989042,224.365372,187.794662,-202.648651
511,5.110000,-0.142540,0.004854,-0.012537,0.989698,201.765823,206.716110,-206.814362,-0.154915,-0.010740,-0.015244,0.987752,241.777328,200.914017,-199.105469,-0.021926,0.493092,0.002904,0.869696,101.914055,324.454712,-79.027061,0.007036,-0.016501,0.001413,0.999838,224.107391,162.421280,-180.411087,-0.126282,-0.076395,-0.003940,0.989041,224.368652,187.794205,-202.645432
512,5.120000,-0.142476,0.004983,-0.012485,0.989707,201.765381,206.719635,-206.802963,-0.154760,-0.010598,-0.015182,0.987779,241.775955,200.917557,-199.094849,-0.021936,0.493165,0.002960,0.869654,101.908516,324.453705,-79.014977,0.007043,-0.016491,0.001389,0.999838,224.107315,162.423126,-180.403870,-0.126147,-0.076773,-0.003637,0.989030,224.369781,187.795959,-202.642548
513,5.130000,-0.142421,0.005008,-0.012504,0.989715,201.761276,206.727127,-206.791000,-0.154687,-0.010522,-0.015120,0.987792,241.771149,200.924866,-199.081100,-0.021713,0.492919,0.003134,0.869798,101.904251,324.459167,-79.035797,0.006987,-0.016438,0.001364,0.999840,224.101456,162.430710,-180.392303,-0.125913,-0.077272,-0.003473,0.989021,224.366943,187.799103,-202.640564
514,5.140000,-0.142288,0.004909,-0.012504,0.989734,201.753723,206.733383,-206.776443,-0.154628,-0.010716,-0.015145,0.987799,241.763580,200.931961,-199.067795,-0.021716,0.492934,0.003119,0.869790,101.906731,324.462952,-79.041275,0.007004,-0.016384,0.001370,0.999840,224.095993,162.435791,-180.383011,-0.125631,-0.077804,-0.003118,0.989017,224.363739,187.804520,-202.638077
515,5.150000,-0.142258,0.004885,-0.012489,0.989739,201.743851,206.741577,-206.763260,-0.154678,-0.010892,-0.015171,0.987788,241.754700,200.938828,-199.057922,-0.021753,0.492965,0.003095,0.869771,101.909546,324.463867,-79.046150,0.007020,-0.016356,0.001381,0.999841,224.089630,162.439346,-180.374741,-0.125326,-0.078389,-0.002804,0.989010,224.357910,187.808685,-202.635406
516,5.160000,-0.142110,0.004925,-0.012447,0.989760,201.737198,206.747040,-206.755890,-0.154625,-0.010628,-0.014927,0.987803,241.744003,200.942642,-199.048996,-0.021786,0.492878,0.003002,0.869821,101.911018,324.463989,-79.053719,0.007023,-0.016300,0.001388,0.999842,224.085754,162.441269,-180.372284,-0.125009,-0.078821,-0.002614,0.989016,224.353378,187.811737,-202.632233
517,5.170000,-0.141986,0.004921,-0.012446,0.989778,201.733673,206.749435,-206.754654,-0.154675,-0.010581,-0.014899,0.987796,241.740524,200.945374,-199.049927,-0.022001,0.493050,0.002835,0.869718,101.913330,324.458282,-79.033257,0.007025,-0.016249,0.001400,0.999842,224.083862,162.441391,-180.375366,-0.124935,-0.078861,-0.002467,0.989023,224.350922,187.815750,-202.631256
518,5.180000,-0.141891,0.004862,-0.012399,0.989793,201.734879,206.749313,-206.759018,-0.154773,-0.010916,-0.014861,0.987778,241.741684,200.947098,-199.053772,-0.022052,0.493086,0.002792,0.869697,101.918045,324.456635,-79.036400,0.007006,-0.016318,0.001385,0.999841,224.087631,162.440231,-180.381744,-0.124980,-0.078679,-0.002534,0.989031,224.350876,187.818008,-202.631165
519,5.190000,-0.141875,0.004677,-0.012463,0.989795,201.739807,206.748169,-206.765976,-0.154913,-0.011226,-0.015169,0.987748,241.752930,200.945328,-199.067627,-0.022077,0.493142,0.002768,0.869665,101.925362,324.459381,-79.042786,0.006992,-0.016280,0.001367,0.999842,224.092453,162.439087,-180.389145,-0.125240,-0.077983,-0.002851,0.989053,224.354248,187.817490,-202.632217
520,5.200000,-0.141860,0.004557,-0.012683,0.989795,201.751266,206.741943,-206.780197,-0.155049,-0.011516,-0.015326,0.987721,241.764587,200.939590,-199.076126,-0.022065,0.493091,0.002774,0.869694,101.922028,324.456848,-79.039345,0.006916,-0.016290,0.001371,0.999843,224.099472,162.437988,-180.398773,-0.125564,-0.077163,-0.003245,0.989075,224.360260,187.816635,-202.633362
521,5.210000,-0.141870,0.004452,-0.012712,0.989794,201.761200,206.738831,-206.791351,-0.155210,-0.011555,-0.015435,0.987693,241.773514,200.934875,-199.087463,-0.022066,0.493143,0.002789,0.869664,101.923355,324.459900,-79.039581,0.006938,-0.016306,0.001345,0.999842,224.105927,162.435867,-180.405945,-0.125803,-0.076592,-0.003651,0.989087,224.365555,187.813950,-202.632690
522,5.220000,-0.141824,0.004342,-0.012737,0.989800,201.767563,206.733871,-206.801239,-0.155124,-0.011439,-0.015458,0.987708,241.780380,200.929565,-199.098633,-0.022056,0.493129,0.002797,0.869672,101.919769,324.459564,-79.037743,0.006987,-0.016375,0.001712,0.999840,224.127548,162.432114,-180.413040,-0.126140,-0.076115,-0.003936,0.989080,224.369217,187.810730,-202.633575
523,5.230000,-0.142035,0.004309,-0.012787,0.989770,201.768478,206.730225,-206.808044,-0.155097,-0.011158,-0.015372,0.987717,241.780853,200.924789,-199.104126,-0.022014,0.493091,0.002842,0.869695,101.913132,324.456451,-79.031044,0.006976,-0.016373,0.001469,0.999841,224.112854,162.427765,-180.417648,-0.126254,-0.075813,-0.004107,0.989088,224.368668,187.808975,-202.633743
524,5.240000,-0.142112,0.004447,-0.012643,0.989760,201.764450,206.727524,-206.810272,-0.155102,-0.011021,-0.015325,0.987718,241.775543,200.922226,-199.106461,-0.021818,0.492938,0.002975,0.869786,101.917694,324.460907,-79.058281,0.007017,-0.016419,0.001431,0.999840,224.108444,162.425949,-180.418488,-0.126417,-0.075676,-0.004292,0.989077,224.364975,187.806763,-202.636078
525,5.250000,-0.142341,0.004756,-0.012599,0.989726,201.755402,206.725754,-206.806396,-0.155043,-0.010983,-0.015309,0.987728,241.766464,200.921051,-199.104111,-0.021755,0.492902,0.003012,0.869808,101.915833,324.460297,-79.062401,0.007020,-0.016383,0.001401,0.999840,224.097992,162.427490,-180.412231,-0.126332,-0.075817,-0.004289,0.989077,224.357666,187.805527,-202.636078
526,5.260000,-0.142402,0.004800,-0.012432,0.989719,201.744476,206.726974,-206.799637,-0.155084,-0.011119,-0.015270,0.987721,241.749146,200.924026,-199.103287,-0.021926,0.493082,0.002890,0.869702,101.910507,324.453064,-79.029358,0.007031,-0.016378,0.001407,0.999840,224.089478,162.426895,-180.403564,-0.126224,-0.076198,-0.004123,0.989062,224.347488,187.806717,-202.637451
527,5.270000,-0.142389,0.004925,-0.012327,0.989722,201.733398,206.730820,-206.788330,-0.155089,-0.010956,-0.015061,0.987725,241.732254,200.925751,-199.091721,-0.021940,0.493090,0.002865,0.869697,101.907532,324.451996,-79.020363,0.007062,-0.016399,0.001428,0.999840,224.080734,162.427872,-180.392609,-0.125960,-0.076861,-0.003830,0.989046,224.339355,187.808289,-202.635498
528,5.280000,-0.142262,0.005036,-0.012204,0.989741,201.723846,206.735138,-206.772919,-0.154936,-0.010815,-0.014965,0.987752,241.722839,200.931183,-199.076965,-0.021941,0.493141,0.002918,0.869668,101.905418,324.450806,-79.012642,0.007015,-0.016386,0.001423,0.999840,224.074020,162.432297,-180.381744,-0.125615,-0.077625,-0.003369,0.989032,224.333374,187.811401,-202.631851
529,5.290000,-0.142126,0.004922,-0.012200,0.989761,201.717743,206.741608,-206.761185,-0.154798,-0.010687,-0.014937,0.987775,241.722977,200.936783,-199.057098,-0.021931,0.493158,0.002932,0.869659,101.903008,324.453064,-79.007263,0.006978,-0.016312,0.001419,0.999842,224.069092,162.436188,-180.371674,-0.125349,-0.078278,-0.002918,0.989016,224.330551,187.814011,-202.627640
530,5.300000,-0.142088,0.004813,-0.012614,0.989762,201.721466,206.751236,-206.751999,-0.154741,-0.010839,-0.014871,0.987784,241.722382,200.944565,-199.044006,-0.021745,0.492967,0.003075,0.869771,101.902039,324.456818,-79.029305,0.007021,-0.016323,0.001415,0.999841,224.068268,162.439453,-180.365829,-0.125128,-0.078747,-0.002670,0.989007,224.332718,187.817505,-202.622131
531,5.310000,-0.141992,0.004568,-0.013032,0.989772,201.727158,206.760345,-206.748520,-0.154767,-0.010821,-0.014925,0.987779,241.725098,200.946701,-199.038895,-0.021924,0.493132,0.002967,0.869673,101.899971,324.453949,-79.007027,0.007012,-0.016274,0.001403,0.999842,224.070023,162.442276,-180.364578,-0.125057,-0.078878,-0.002499,0.989006,224.335388,187.820053,-202.618195
532,5.320000,-0.141705,0.004640,-0.013149,0.989811,201.728439,206.763474,-206.746368,-0.154734,-0.010984,-0.014855,0.987783,241.729065,200.952652,-199.039322,-0.021972,0.493158,0.002935,0.869658,101.904388,324.454742,-79.011719,0.006798,-0.016243,0.001346,0.999844,224.073807,162.446716,-180.363022,-0.125080,-0.078748,-0.001949,0.989015,224.329208,187.818100,-202.613861
533,5.330000,-0.141638,0.004764,-0.013235,0.989819,201.733231,206.765182,-206.751877,-0.154735,-0.011048,-0.014906,0.987782,241.735779,200.952332,-199.047287,-0.022001,0.493154,0.002911,0.869659,101.913109,324.454803,-79.022255,0.006992,-0.016298,0.001372,0.999842,224.080109,162.444672,-180.372849,-0.125279,-0.078571,-0.002455,0.989002,224.340820,187.825958,-202.615341
534,5.340000,-0.141727,0.004553,-0.012860,0.989812,201.737259,206.757553,-206.763763,-0.154732,-0.011142,-0.015003,0.987780,241.745163,200.951309,-199.060516,-0.022040,0.493144,0.002855,0.869664,101.922043,324.453369,-79.033936,0.006997,-0.016283,0.001379,0.999842,224.087509,162.443390,-180.385529,-0.125766,-0.077560,-0.003126,0.989019,224.345718,187.827347,-202.619354
535,5.350000,-0.141766,0.004223,-0.012704,0.989810,201.744324,206.753754,-206.780655,-0.154962,-0.011292,-0.015247,0.987738,241.757385,200.946304,-199.079849,-0.022060,0.493087,0.002777,0.869696,101.926407,324.454132,-79.047951,0.007050,-0.016311,0.001401,0.999841,224.095184,162.437363,-180.401413,-0.126119,-0.076631,-0.003658,0.989044,224.350327,187.827744,-202.621613
536,5.360000,-0.141766,0.004226,-0.012783,0.989809,201.750259,206.747238,-206.795334,-0.155282,-0.011508,-0.015307,0.987685,241.762680,200.940857,-199.097260,-0.022065,0.493090,0.002757,0.869694,101.931091,324.453156,-79.053879,0.007096,-0.016314,0.001583,0.999840,224.112198,162.436783,-180.417358,-0.126589,-0.075919,-0.004086,0.989037,224.353104,187.825333,-202.624924
537,5.370000,-0.141810,0.004164,-0.012716,0.989804,201.755356,206.741089,-206.809235,-0.155221,-0.011396,-0.015391,0.987694,241.767624,200.934662,-199.110260,-0.022044,0.493092,0.002776,0.869694,101.931114,324.451813,-79.053566,0.007078,-0.016373,0.001578,0.999840,224.116898,162.431488,-180.427475,-0.126939,-0.075414,-0.004489,0.989029,224.354584,187.822266,-202.627350
538,5.380000,-0.142125,0.004145,-0.012819,0.989757,201.755661,206.735031,-206.819763,-0.155175,-0.011306,-0.015382,0.987703,241.768372,200.929016,-199.121719,-0.022032,0.493122,0.002799,0.869677,101.929451,324.453247,-79.053314,0.007050,-0.016374,0.001576,0.999840,224.116547,162.429871,-180.434647,-0.127162,-0.075154,-0.004805,0.989019,224.353302,187.819748,-202.630157
539,5.390000,-0.142198,0.004204,-0.012759,0.989747,201.752625,206.731445,-206.823715,-0.155162,-0.011168,-0.015332,0.987707,241.764938,200.924530,-199.125381,-0.021990,0.493087,0.002854,0.869698,101.918465,324.450592,-79.044357,0.006919,-0.016390,0.001395,0.999841,224.101135,162.427444,-180.435226,-0.127431,-0.075023,-0.004888,0.988994,224.348663,187.817780,-202.634247
540,5.400000,-0.142357,0.004233,-0.012689,0.989725,201.745468,206.730087,-206.820206,-0.155253,-0.011310,-0.015256,0.987692,241.750244,200.924072,-199.129135,-0.021752,0.492861,0.003011,0.869831,101.914368,324.455475,-79.065056,0.006926,-0.016389,0.001402,0.999841,224.093674,162.425369,-180.428787,-0.127332,-0.075310,-0.004902,0.988985,224.340988,187.815536,-202.634750
541,5.410000,-0.142431,0.004382,-0.012566,0.989715,201.734863,206.731888,-206.809799,-0.155126,-0.011015,-0.015042,0.987719,241.735733,200.923721,-199.117599,-0.021933,0.493090,0.002902,0.869697,101.906540,324.452393,-79.025681,0.006971,-0.016359,0.001386,0.999841,224.083389,162.428787,-180.418320,-0.127165,-0.075823,-0.004650,0.988968,224.333786,187.814560,-202.634369
542,5.420000,-0.142436,0.004744,-0.012484,0.989714,201.724503,206.734131,-206.792847,-0.154921,-0.010603,-0.014928,0.987757,241.723068,200.928268,-199.098907,-0.021906,0.493123,0.002971,0.869679,101.898354,324.447327,-79.007965,0.007036,-0.016345,0.001412,0.999841,224.074051,162.429382,-180.402084,-0.126846,-0.076533,-0.004273,0.988956,224.326782,187.814270,-202.632172
543,5.430000,-0.142472,0.004973,-0.012296,0.989710,201.714279,206.739838,-206.774429,-0.154685,-0.010197,-0.014849,0.987800,241.718796,200.933060,-199.071152,-0.021880,0.493145,0.002980,0.869667,101.902740,324.449982,-79.004845,0.007057,-0.016278,0.001455,0.999842,224.065643,162.429871,-180.388458,-0.126279,-0.077542,-0.003668,0.988953,224.319138,187.816406,-202.626297
544,5.440000,-0.142374,0.005332,-0.012085,0.989725,201.705429,206.745697,-206.752441,-0.154491,-0.010003,-0.014759,0.987833,241.710342,200.938828,-199.050903,-0.021872,0.493109,0.002967,0.869688,101.899437,324.447540,-78.996712,0.007028,-0.016294,0.001439,0.999842,224.059570,162.433121,-180.372253,-0.125874,-0.078430,-0.002451,0.988938,224.304611,187.814926,-202.619965
545,5.450000,-0.141963,0.005160,-0.012186,0.989784,201.697174,206.756561,-206.733963,-0.154405,-0.010038,-0.014760,0.987846,241.707657,200.945724,-199.037674,-0.021879,0.493127,0.002960,0.869677,101.899704,324.447723,-78.994972,0.007059,-0.016253,0.001424,0.999842,224.058655,162.436234,-180.363342,-0.125475,-0.079231,-0.001858,0.988926,224.302505,187.819016,-202.613770
546,5.460000,-0.141638,0.005049,-0.012209,0.989830,201.696609,206.763763,-206.724762,-0.154450,-0.010400,-0.014706,0.987836,241.706680,200.955261,-199.025986,-0.021918,0.493175,0.002938,0.869649,101.905571,324.450806,-79.000473,0.007042,-0.016198,0.001416,0.999843,224.058838,162.440308,-180.358322,-0.125197,-0.079623,-0.001566,0.988931,224.302734,187.824570,-202.608231
547,5.470000,-0.141780,0.004932,-0.012568,0.989806,201.696701,206.771774,-206.717285,-0.154563,-0.010642,-0.014828,0.987814,241.710648,200.958298,-199.024445,-0.021963,0.493121,0.002856,0.869679,101.908424,324.455048,-79.010353,0.007050,-0.016135,0.001412,0.999844,224.062622,162.443558,-180.358627,-0.125188,-0.079504,-0.001511,0.988941,224.307831,187.829102,-202.604752
548,5.480000,-0.142043,0.004967,-0.013253,0.989759,201.711609,206.775848,-206.725281,-0.154649,-0.010773,-0.014900,0.987798,241.718079,200.959930,-199.029617,-0.021989,0.493137,0.002890,0.869669,101.908714,324.451508,-79.011696,0.007132,-0.016300,0.001523,0.999841,224.066895,162.449127,-180.363480,-0.125351,-0.078986,-0.001729,0.988962,224.313416,187.832565,-202.603317
549,5.490000,-0.141724,0.005005,-0.013137,0.989806,201.722778,206.773254,-206.737350,-0.154615,-0.010922,-0.014872,0.987803,241.726501,200.959885,-199.041199,-0.022031,0.493210,0.002878,0.869627,101.918022,324.453705,-79.026741,0.006983,-0.016137,0.001388,0.999845,224.076340,162.445816,-180.377655,-0.125713,-0.078206,-0.002805,0.988975,224.330658,187.840469,-202.605850
550,5.500000,-0.141645,0.004913,-0.013111,0.989819,201.730957,206.769669,-206.753235,-0.154665,-0.010941,-0.014895,0.987794,241.734283,200.956085,-199.057083,-0.022075,0.493165,0.002792,0.869651,101.924454,324.456177,-79.040131,0.006916,-0.016119,0.001360,0.999845,224.083298,162.445267,-180.391144,-0.126074,-0.077204,-0.003472,0.989006,224.334549,187.839447,-202.607681
551,5.510000,-0.141876,0.004398,-0.013215,0.989787,201.738907,206.763733,-206.774124,-0.154826,-0.010881,-0.015011,0.987768,241.743210,200.948898,-199.076523,-0.022064,0.493166,0.002820,0.869651,101.928207,324.451324,-79.043549,0.006936,-0.016145,0.001375,0.999845,224.087585,162.442734,-180.406158,-0.126684,-0.076217,-0.004005,0.989003,224.338196,187.837814,-202.613113
552,5.520000,-0.142156,0.004311,-0.012866,0.989751,201.738480,206.751694,-206.789825,-0.155087,-0.011332,-0.015167,0.987719,241.745178,200.944809,-199.104660,-0.022075,0.493100,0.002748,0.869688,101.930405,324.452057,-79.052040,0.006993,-0.016173,0.001391,0.999844,224.091324,162.437820,-180.420746,-0.127214,-0.075435,-0.004623,0.988992,224.339066,187.836365,-202.618607
553,5.530000,-0.142154,0.004505,-0.012693,0.989753,201.740646,206.745163,-206.807831,-0.155089,-0.011317,-0.015243,0.987718,241.753128,200.939697,-199.115402,-0.022062,0.493089,0.002743,0.869695,101.930748,324.451202,-79.053894,0.006959,-0.016229,0.001395,0.999843,224.092346,162.434814,-180.434723,-0.127593,-0.074877,-0.005027,0.988983,224.336548,187.833710,-202.624252
554,5.540000,-0.142282,0.004425,-0.012670,0.989735,201.739151,206.739487,-206.817795,-0.155233,-0.011287,-0.015215,0.987696,241.743652,200.933456,-199.132401,-0.022023,0.493109,0.002783,0.869684,101.927780,324.449341,-79.053062,0.006930,-0.016274,0.001390,0.999843,224.089462,162.431168,-180.438675,-0.127850,-0.074649,-0.005249,0.988966,224.332031,187.829132,-202.627777
555,5.550000,-0.142443,0.004273,-0.012671,0.989713,201.735474,206.737930,-206.818390,-0.155312,-0.011568,-0.015288,0.987679,241.740921,200.932175,-199.135773,-0.022003,0.493086,0.002802,0.869698,101.921768,324.447876,-79.047279,0.006916,-0.016283,0.001381,0.999843,224.086014,162.429962,-180.437332,-0.127937,-0.074794,-0.005174,0.988945,224.329056,187.827957,-202.629608
556,5.560000,-0.142555,0.004350,-0.012613,0.989697,201.729355,206.738342,-206.813889,-0.155149,-0.011262,-0.015120,0.987711,241.731323,200.931351,-199.128464,-0.021987,0.493060,0.002828,0.869713,101.909920,324.450409,-79.038864,0.006916,-0.016261,0.001387,0.999843,224.081909,162.432587,-180.429306,-0.127952,-0.075169,-0.005054,0.988915,224.323990,187.826584,-202.631470
557,5.570000,-0.142702,0.003852,-0.012646,0.989677,201.717270,206.739151,-206.810608,-0.154988,-0.010831,-0.014979,0.987743,241.718933,200.932053,-199.114105,-0.021960,0.493049,0.002869,0.869720,101.903610,324.448273,-79.032455,0.006996,-0.016309,0.001420,0.999842,224.071259,162.431320,-180.419083,-0.127615,-0.075786,-0.004775,0.988913,224.315826,187.826065,-202.630447
558,5.580000,-0.142990,0.003347,-0.012597,0.989638,201.705933,206.744827,-206.795959,-0.154888,-0.010813,-0.014949,0.987760,241.708984,200.938370,-199.101715,-0.021940,0.493075,0.002920,0.869705,101.901611,324.442841,-79.024750,0.007051,-0.016358,0.001441,0.999840,224.062561,162.432571,-180.405960,-0.127324,-0.076513,-0.004349,0.988896,224.308701,187.829514,-202.630112
559,5.590000,-0.142669,0.004250,-0.012492,0.989683,201.699493,206.750534,-206.772034,-0.154811,-0.010755,-0.014890,0.987773,241.700119,200.943161,-199.084824,-0.021925,0.493034,0.002896,0.869729,101.893990,324.447601,-79.022186,0.007030,-0.016324,0.001436,0.999841,224.055359,162.438400,-180.389771,-0.126788,-0.077512,-0.003219,0.988891,224.290848,187.827194,-202.623718
560,5.600000,-0.141857,0.005065,-0.011730,0.989805,201.683701,206.755676,-206.751556,-0.154683,-0.010631,-0.014830,0.987796,241.691360,200.950531,-199.066101,-0.021933,0.493012,0.002858,0.869741,101.895058,324.449524,-79.021126,0.007041,-0.016280,0.001441,0.999842,224.050446,162.440430,-180.376282,-0.126417,-0.078508,-0.002505,0.988863,224.285919,187.831680,-202.620041
561,5.610000,-0.142092,0.004802,-0.012495,0.989763,201.679825,206.770218,-206.739243,-0.154605,-0.010793,-0.014772,0.987807,241.685120,200.959030,-199.053787,-0.021933,0.493007,0.002817,0.869744,101.899414,324.447998,-79.022217,0.007127,-0.016306,0.001427,0.999841,224.047058,162.440201,-180.369537,-0.126124,-0.079059,-0.002126,0.988857,224.282074,187.835129,-202.616394
562,5.620000,-0.142199,0.004654,-0.012806,0.989744,201.676590,206.773697,-206.732635,-0.154655,-0.010913,-0.014796,0.987797,241.686432,200.961121,-199.052719,-0.021975,0.493023,0.002821,0.869734,101.897713,324.446564,-79.027832,0.007077,-0.016304,0.001450,0.999841,224.048294,162.440048,-180.369598,-0.125949,-0.079274,-0.002024,0.988862,224.281647,187.839035,-202.613571
563,5.630000,-0.142125,0.004810,-0.012834,0.989754,201.680283,206.777527,-206.737000,-0.154677,-0.010998,-0.014810,0.987793,241.688828,200.962814,-199.056488,-0.022004,0.493038,0.002795,0.869725,101.901337,324.447998,-79.033134,0.007114,-0.016298,0.001430,0.999841,224.051620,162.440643,-180.373856,-0.125987,-0.079153,-0.002099,0.988867,224.285248,187.841156,-202.611588
564,5.640000,-0.142000,0.004682,-0.012847,0.989772,201.685852,206.777786,-206.743500,-0.154686,-0.011224,-0.014859,0.987788,241.696396,200.962265,-199.064804,-0.022007,0.493101,0.002835,0.869689,101.913116,324.446381,-79.036919,0.007055,-0.016249,0.001430,0.999842,224.056213,162.441147,-180.382385,-0.126197,-0.078598,-0.002310,0.988884,224.289093,187.841858,-202.611237
565,5.650000,-0.141698,0.004476,-0.012684,0.989819,201.697754,206.773651,-206.759003,-0.154849,-0.011540,-0.014972,0.987757,241.704880,200.960342,-199.079285,-0.022062,0.493057,0.002752,0.869713,101.915985,324.448059,-79.046478,0.007095,-0.016224,0.001457,0.999842,224.063583,162.439529,-180.397141,-0.126539,-0.077890,-0.002712,0.988895,224.296021,187.841705,-202.611511
566,5.660000,-0.141777,0.004197,-0.013179,0.989802,201.718109,206.771347,-206.778152,-0.155023,-0.011508,-0.015134,0.987728,241.717896,200.952698,-199.094757,-0.022101,0.493080,0.002730,0.869699,101.918823,324.449738,-79.053909,0.007059,-0.016198,0.001437,0.999843,224.071243,162.438904,-180.409348,-0.127099,-0.076943,-0.003844,0.988894,224.315292,187.844254,-202.615936
567,5.670000,-0.141731,0.003914,-0.012935,0.989813,201.722534,206.759399,-206.791870,-0.155155,-0.011306,-0.015168,0.987709,241.733490,200.947708,-199.101044,-0.022104,0.493115,0.002720,0.869679,101.928627,324.451599,-79.055931,0.006991,-0.016212,0.001422,0.999843,224.077393,162.437347,-180.421631,-0.127456,-0.075962,-0.004491,0.988921,224.321167,187.842545,-202.617798
568,5.680000,-0.141762,0.003662,-0.012849,0.989811,201.729553,206.755066,-206.800812,-0.155417,-0.011783,-0.015347,0.987660,241.738113,200.944839,-199.119827,-0.022097,0.493122,0.002709,0.869676,101.935387,324.452271,-79.055191,0.006966,-0.016201,0.001397,0.999844,224.083664,162.435364,-180.432739,-0.127875,-0.075370,-0.004719,0.988911,224.326065,187.838181,-202.619553
569,5.690000,-0.141995,0.003692,-0.013017,0.989775,201.735809,206.751572,-206.808685,-0.155622,-0.012247,-0.015456,0.987620,241.742920,200.941589,-199.128662,-0.022104,0.493141,0.002701,0.869664,101.936104,324.452087,-79.055443,0.006938,-0.016215,0.001388,0.999844,224.088974,162.433640,-180.438217,-0.128016,-0.075229,-0.004892,0.988903,224.331146,187.836517,-202.618591
570,5.700000,-0.142017,0.003797,-0.013007,0.989772,201.735138,206.750519,-206.808685,-0.155679,-0.012226,-0.015455,0.987611,241.742722,200.941360,-199.128036,-0.022096,0.493145,0.002723,0.869662,101.931595,324.452087,-79.053688,0.006930,-0.016253,0.001379,0.999843,224.089981,162.432678,-180.439240,-0.128060,-0.075349,-0.004940,0.988888,224.329697,187.835617,-202.619110
571,5.710000,-0.142088,0.003934,-0.012765,0.989764,201.728928,206.751450,-206.802841,-0.155531,-0.011909,-0.015324,0.987640,241.734070,200.939957,-199.122269,-0.022058,0.493135,0.002749,0.869669,101.928337,324.452087,-79.049843,0.007002,-0.016258,0.001389,0.999842,224.084869,162.432831,-180.435150,-0.128067,-0.075567,-0.004833,0.988871,224.325806,187.836441,-202.620560
572,5.720000,-0.142129,0.004166,-0.012589,0.989759,201.718658,206.754303,-206.797607,-0.155157,-0.011277,-0.015111,0.987710,241.721909,200.943665,-199.113403,-0.022048,0.493104,0.002766,0.869687,101.921303,324.450165,-79.048904,0.007053,-0.016268,0.001409,0.999842,224.076645,162.433807,-180.426682,-0.127881,-0.076002,-0.004629,0.988862,224.316376,187.840088,-202.622025
573,5.730000,-0.142145,0.004452,-0.012535,0.989756,201.706314,206.758041,-206.787125,-0.154858,-0.010958,-0.014984,0.987762,241.709076,200.947540,-199.104568,-0.021831,0.492893,0.002922,0.869811,101.915298,324.454437,-79.079994,0.007087,-0.016296,0.001446,0.999841,224.065323,162.435852,-180.415421,-0.127602,-0.076577,-0.004378,0.988855,224.303802,187.843750,-202.624191
574,5.740000,-0.142085,0.003645,-0.012243,0.989772,201.683304,206.759903,-206.779083,-0.154746,-0.010822,-0.014888,0.987783,241.695770,200.951645,-199.092056,-0.022001,0.493040,0.002819,0.869724,101.907509,324.450165,-79.057373,0.007129,-0.016301,0.001470,0.999841,224.053497,162.436127,-180.403702,-0.127261,-0.077212,-0.003483,0.988853,224.280640,187.839279,-202.622375
575,5.750000,-0.142319,0.003095,-0.012071,0.989742,201.669388,206.761658,-206.771881,-0.154611,-0.010696,-0.014882,0.987805,241.682556,200.955032,-199.083176,-0.021818,0.492835,0.002937,0.869844,101.904434,324.450989,-79.077797,0.007196,-0.016359,0.001495,0.999839,224.043549,162.435593,-180.392471,-0.126934,-0.077913,-0.003046,0.988842,224.270432,187.842224,-202.621613
576,5.760000,-0.142795,0.003035,-0.012938,0.989663,201.664459,206.772675,-206.764587,-0.154416,-0.010512,-0.014767,0.987840,241.675583,200.955582,-199.078613,-0.021761,0.492797,0.002969,0.869867,101.901062,324.451080,-79.078094,0.007215,-0.016347,0.001521,0.999839,224.038559,162.435181,-180.387192,-0.126801,-0.078232,-0.002851,0.988834,224.264343,187.843689,-202.620789
577,5.770000,-0.142655,0.002875,-0.012601,0.989688,201.666214,206.767197,-206.766968,-0.154266,-0.010149,-0.014671,0.987868,241.674240,200.954712,-199.077087,-0.021984,0.492980,0.002816,0.869758,101.894669,324.444489,-79.043129,0.007198,-0.016364,0.001504,0.999839,224.038330,162.433273,-180.386246,-0.126750,-0.078299,-0.002918,0.988835,224.260971,187.843964,-202.620651
578,5.780000,-0.142533,0.002947,-0.012624,0.989705,201.672516,206.767456,-206.770554,-0.154362,-0.010221,-0.014678,0.987853,241.676987,200.952896,-199.080215,-0.021981,0.493005,0.002906,0.869744,101.901848,324.439423,-79.040993,0.007185,-0.016322,0.001490,0.999840,224.042404,162.430664,-180.387604,-0.126865,-0.078138,-0.002926,0.988833,224.261490,187.843307,-202.620483
579,5.790000,-0.142495,0.002870,-0.012760,0.989709,201.678696,206.765762,-206.775482,-0.154422,-0.010269,-0.014757,0.987841,241.683960,200.949051,-199.085632,-0.021961,0.493008,0.002839,0.869743,101.900719,324.443726,-79.037445,0.007091,-0.016312,0.001450,0.999841,224.046463,162.431076,-180.390289,-0.126955,-0.077849,-0.003107,0.988844,224.268921,187.841812,-202.617325
580,5.800000,-0.142263,0.003727,-0.012132,0.989748,201.684021,206.756210,-206.771484,-0.154561,-0.010368,-0.014792,0.987818,241.693848,200.947098,-199.089493,-0.021953,0.493079,0.002881,0.869703,101.903214,324.443909,-79.031761,0.007025,-0.016249,0.001428,0.999842,224.054123,162.431107,-180.395233,-0.127206,-0.077565,-0.003195,0.988834,224.276794,187.839554,-202.615555
581,5.810000,-0.142131,0.004897,-0.012291,0.989759,201.701309,206.755646,-206.777542,-0.154771,-0.010658,-0.014895,0.987781,241.703918,200.944260,-199.093079,-0.021967,0.493116,0.002898,0.869681,101.908440,324.445404,-79.029686,0.007083,-0.016250,0.001459,0.999842,224.061081,162.428482,-180.402191,-0.127465,-0.077014,-0.003406,0.988843,224.286240,187.836548,-202.612793
582,5.820000,-0.142120,0.004717,-0.012427,0.989760,201.708618,206.754959,-206.778992,-0.154892,-0.010848,-0.014981,0.987758,241.710922,200.943741,-199.096817,-0.021992,0.493159,0.002893,0.869656,101.914078,324.446045,-79.028236,0.007055,-0.016234,0.001435,0.999842,224.067947,162.429337,-180.406708,-0.127525,-0.076810,-0.003520,0.988851,224.294647,187.835373,-202.608688
583,5.830000,-0.141892,0.004446,-0.012530,0.989793,201.713867,206.755478,-206.778763,-0.154960,-0.010949,-0.015011,0.987746,241.715958,200.943436,-199.094223,-0.022007,0.493181,0.002880,0.869644,101.920166,324.448212,-79.027107,0.007023,-0.016208,0.001408,0.999843,224.071655,162.432739,-180.406509,-0.127645,-0.076798,-0.004037,0.988834,224.310364,187.839478,-202.607849
584,5.840000,-0.141867,0.004240,-0.012864,0.989793,201.719116,206.761368,-206.775467,-0.154901,-0.011107,-0.015050,0.987753,241.717133,200.946045,-199.089493,-0.022019,0.493202,0.002868,0.869631,101.926346,324.450043,-79.027794,0.007027,-0.016168,0.001424,0.999844,224.072144,162.434967,-180.405228,-0.127608,-0.076702,-0.003596,0.988848,224.302933,187.835526,-202.603622
585,5.850000,-0.141831,0.004217,-0.013085,0.989795,201.717346,206.764771,-206.768768,-0.155028,-0.011257,-0.015038,0.987731,241.716629,200.948593,-199.084641,-0.022019,0.493204,0.002855,0.869630,101.930054,324.448334,-79.029861,0.007040,-0.016125,0.001421,0.999844,224.070770,162.436310,-180.402679,-0.127529,-0.077036,-0.003980,0.988831,224.311356,187.843018,-202.603653
586,5.860000,-0.142109,0.004536,-0.012946,0.989756,201.705627,206.764969,-206.757919,-0.155075,-0.011519,-0.015004,0.987722,241.712753,200.954056,-199.077026,-0.022035,0.493203,0.002836,0.869631,101.929878,324.446869,-79.031517,0.006973,-0.016135,0.001414,0.999845,224.068604,162.439987,-180.397141,-0.127381,-0.077119,-0.003428,0.988845,224.300705,187.842300,-202.600052
587,5.870000,-0.142203,0.004731,-0.013256,0.989738,201.702286,206.772736,-206.748749,-0.154870,-0.011275,-0.014987,0.987757,241.713181,200.956604,-199.063354,-0.022012,0.493179,0.002837,0.869645,101.927094,324.445404,-79.029449,0.006998,-0.016096,0.001414,0.999845,224.065460,162.439667,-180.391678,-0.127273,-0.077579,-0.002981,0.988825,224.294342,187.841644,-202.597794
588,5.880000,-0.142272,0.004950,-0.013334,0.989726,201.696472,206.776306,-206.740616,-0.154790,-0.011176,-0.014909,0.987772,241.700195,200.958755,-199.061447,-0.021988,0.493156,0.002860,0.869658,101.920486,324.444122,-79.026657,0.006994,-0.016117,0.001410,0.999845,224.061249,162.439331,-180.385040,-0.127022,-0.078064,-0.002811,0.988819,224.289368,187.844391,-202.594925
589,5.890000,-0.142093,0.004875,-0.012822,0.989758,201.682800,206.774719,-206.733582,-0.154560,-0.010951,-0.014865,0.987811,241.698608,200.959061,-199.051727,-0.021975,0.493119,0.002863,0.869680,101.910782,324.440582,-79.024422,0.007061,-0.016182,0.001415,0.999843,224.055649,162.438507,-180.378891,-0.126977,-0.078266,-0.002765,0.988809,224.281067,187.844757,-202.595474
590,5.900000,-0.142140,0.005061,-0.012696,0.989752,201.675583,206.774857,-206.732956,-0.154481,-0.010807,-0.014774,0.987826,241.686569,200.959915,-199.057495,-0.021947,0.493117,0.003005,0.869681,101.906563,324.436798,-79.020515,0.007091,-0.016217,0.001436,0.999842,224.049423,162.437607,-180.375992,-0.127000,-0.078259,-0.002805,0.988807,224.273895,187.845978,-202.596375
591,5.910000,-0.142094,0.004790,-0.012274,0.989766,201.663101,206.779053,-206.732269,-0.154431,-0.010617,-0.014690,0.987837,241.678421,200.958435,-199.060181,-0.021895,0.493092,0.003048,0.869697,101.901222,324.436829,-79.015617,0.007160,-0.016296,0.001455,0.999841,224.041946,162.436523,-180.374527,-0.127125,-0.078122,-0.002949,0.988801,224.263931,187.847839,-202.600159
592,5.920000,-0.142466,0.004906,-0.012649,0.989707,201.664642,206.772705,-206.742691,-0.154346,-0.010526,-0.014707,0.987851,241.672104,200.957703,-199.064926,-0.021883,0.493044,0.002956,0.869724,101.895576,324.438904,-79.015213,0.007097,-0.016305,0.001460,0.999841,224.035614,162.436081,-180.375793,-0.127225,-0.077872,-0.003222,0.988807,224.255630,187.848907,-202.602707
593,5.930000,-0.142826,0.004170,-0.012911,0.989655,201.658859,206.770706,-206.759033,-0.154304,-0.010183,-0.014697,0.987862,241.668106,200.951996,-199.073624,-0.021888,0.493045,0.002933,0.869724,101.893433,324.437958,-79.017776,0.007102,-0.016387,0.001457,0.999840,224.032837,162.435104,-180.380920,-0.127447,-0.077556,-0.003400,0.988803,224.249832,187.846985,-202.605789
594,5.940000,-0.142686,0.003445,-0.012040,0.989689,201.656586,206.756241,-206.768707,-0.154382,-0.010105,-0.014668,0.987851,241.669281,200.948853,-199.081482,-0.021885,0.493013,0.002888,0.869742,101.895203,324.439392,-79.022575,0.007126,-0.016329,0.001511,0.999840,224.034073,162.429871,-180.388611,-0.127573,-0.077335,-0.003695,0.988803,224.249344,187.845551,-202.606430
595,5.950000,-0.142361,0.003401,-0.011848,0.989738,201.659973,206.751465,-206.772995,-0.154576,-0.010465,-0.014805,0.987815,241.674210,200.944489,-199.085831,-0.021913,0.493066,0.002903,0.869711,101.905731,324.433929,-79.022911,0.007134,-0.016345,0.001488,0.999840,224.037857,162.426834,-180.394394,-0.127634,-0.077348,-0.003698,0.988794,224.252411,187.841812,-202.603516
596,5.960000,-0.142285,0.003212,-0.011967,0.989748,201.670166,206.755447,-206.776398,-0.154754,-0.010711,-0.014897,0.987783,241.684830,200.947342,-199.090240,-0.021891,0.493150,0.002912,0.869664,101.912064,324.438019,-79.024673,0.007097,-0.016270,0.001473,0.999841,224.045990,162.431335,-180.400223,-0.127915,-0.077150,-0.003687,0.988773,224.262405,187.844040,-202.603546
597,5.970000,-0.141980,0.003768,-0.011989,0.989790,201.681259,206.754944,-206.769012,-0.154918,-0.010862,-0.014993,0.987754,241.692276,200.945602,-199.090546,-0.021938,0.493158,0.002913,0.869658,101.913841,324.441162,-79.025887,0.006978,-0.016225,0.001420,0.999843,224.050858,162.432785,-180.399979,-0.128027,-0.077034,-0.003734,0.988767,224.271072,187.840820,-202.599396
598,5.980000,-0.141908,0.004382,-0.012910,0.989786,201.707260,206.766937,-206.768646,-0.155001,-0.011294,-0.015081,0.987735,241.702026,200.947754,-199.087112,-0.021967,0.493190,0.002862,0.869640,101.926842,324.437103,-79.022232,0.006965,-0.016183,0.001389,0.999844,224.059418,162.434769,-180.399673,-0.128040,-0.077041,-0.003625,0.988766,224.283569,187.840668,-202.594147
599,5.990000,-0.142293,0.004573,-0.013560,0.989721,201.705963,206.774658,-206.759018,-0.155160,-0.011504,-0.015136,0.987706,241.710220,200.951172,-199.084579,-0.021999,0.493219,0.002809,0.869622,101.926987,324.442505,-79.024986,0.006994,-0.016103,0.001425,0.999845,224.066055,162.435959,-180.401657,-0.128167,-0.077021,-0.003529,0.988751,224.290344,187.845367,-202.593430
600,6.000000,-0.142177,0.004626,-0.013580,0.989737,201.707642,206.774689,-206.746384,-0.155014,-0.011229,-0.015121,0.987733,241.719391,200.951752,-199.064133,-0.022001,0.493197,0.002863,0.869635,101.920166,324.445282,-79.018623,0.006930,-0.016107,0.001375,0.999845,224.067932,162.438126,-180.389847,-0.127881,-0.077247,-0.003296,0.988771,224.295959,187.843628,-202.585632
