Format Version,1.24,Take Name,Wrist_019,Take Notes,,Capture Frame Rate,100.000000,Export Frame Rate,100.000000,Capture Start Time,2025-08-03 04.05.16.995 午後,Capture Start Frame,281316,Total Frames in Take,601,Total Exported Frames,601,Rotation Type,Quaternion,Length Units,Millimeters,Coordinate Space,Local

,Type,Rigid Body,Rigid Body,Rigid Body,Rigid Body,Rigid Body,Rigid Body,Rigid Body,Rigid Body,Rigid Body,Rigid Body,Rigid Body,Rigid Body,Rigid Body,Rigid Body,Rigid Body,Rigid Body,Rigid Body,Rigid Body,Rigid Body,Rigid Body,Rigid Body,Rigid Body,Rigid Body,Rigid Body,Rigid Body,Rigid Body,Rigid Body,Rigid Body,Rigid Body,Rigid Body,Rigid Body,Rigid Body,Rigid Body,Rigid Body,Rigid Body
,Name,Lunate,Lunate,Lunate,Lunate,Lunate,Lunate,Lunate,Scafoid,Scafoid,Scafoid,Scafoid,Scafoid,Scafoid,Scafoid,ForceGage,ForceGage,ForceGage,ForceGage,ForceGage,ForceGage,ForceGage,Radius,Radius,Radius,Radius,Radius,Radius,Radius,Capitate,Capitate,Capitate,Capitate,Capitate,Capitate,Capitate
,ID,4C6F3CA668EE11F03C28FEC2583C50A9,4C6F3CA668EE11F03C28FEC2583C50A9,4C6F3CA668EE11F03C28FEC2583C50A9,4C6F3CA668EE11F03C28FEC2583C50A9,4C6F3CA668EE11F03C28FEC2583C50A9,4C6F3CA668EE11F03C28FEC2583C50A9,4C6F3CA668EE11F03C28FEC2583C50A9,8259AD1D68EE11F03C28FEC2583C50A9,8259AD1D68EE11F03C28FEC2583C50A9,8259AD1D68EE11F03C28FEC2583C50A9,8259AD1D68EE11F03C28FEC2583C50A9,8259AD1D68EE11F03C28FEC2583C50A9,8259AD1D68EE11F03C28FEC2583C50A9,8259AD1D68EE11F03C28FEC2583C50A9,5A5084686DA011F03C28FEC2583C50A9,5A5084686DA011F03C28FEC2583C50A9,5A5084686DA011F03C28FEC2583C50A9,5A5084686DA011F03C28FEC2583C50A9,5A5084686DA011F03C28FEC2583C50A9,5A5084686DA011F03C28FEC2583C50A9,5A5084686DA011F03C28FEC2583C50A9,68F0D2CD6DA111F03C28FEC2583C50A9,68F0D2CD6DA111F03C28FEC2583C50A9,68F0D2CD6DA111F03C28FEC2583C50A9,68F0D2CD6DA111F03C28FEC2583C50A9,68F0D2CD6DA111F03C28FEC2583C50A9,68F0D2CD6DA111F03C28FEC2583C50A9,68F0D2CD6DA111F03C28FEC2583C50A9,F719E5E4703211F03C28FEC2583C50A9,F719E5E4703211F03C28FEC2583C50A9,F719E5E4703211F03C28FEC2583C50A9,F719E5E4703211F03C28FEC2583C50A9,F719E5E4703211F03C28FEC2583C50A9,F719E5E4703211F03C28FEC2583C50A9,F719E5E4703211F03C28FEC2583C50A9
,,Rotation,Rotation,Rotation,Rotation,Position,Position,Position,Rotation,Rotation,Rotation,Rotation,Position,Position,Position,Rotation,Rotation,Rotation,Rotation,Position,Position,Position,Rotation,Rotation,Rotation,Rotation,Position,Position,Position,Rotation,Rotation,Rotation,Rotation,Position,Position,Position
Frame,Time (Seconds),X,Y,Z,W,X,Y,Z,X,Y,Z,W,X,Y,Z,X,Y,Z,W,X,Y,Z,X,Y,Z,W,X,Y,Z,X,Y,Z,W,X,Y,Z
0,0.000000,-0.098704,0.038391,-0.019810,0.994179,197.311310,211.012009,-201.343628,-0.121967,0.019562,-0.020403,0.992132,238.780228,203.458603,-198.773926,-0.022673,0.494662,0.005031,0.868775,99.667564,324.341766,-75.065750,0.006657,-0.000457,0.000269,0.999978,223.455582,162.568726,-179.318146,-0.100422,0.001098,-0.043846,0.993978,212.770248,195.561844,-200.291443
1,0.010000,-0.100042,0.037461,-0.020987,0.994056,197.291702,211.007095,-201.326324,-0.122272,0.019313,-0.020499,0.992097,238.769867,203.461884,-198.751602,-0.022665,0.494703,0.005049,0.868752,99.673286,324.343842,-75.043221,0.006728,-0.000146,0.000290,0.999977,223.441483,162.571289,-179.295120,-0.100422,0.001098,-0.043846,0.993978,212.770248,195.561844,-200.291443
2,0.020000,-0.100424,0.037077,-0.021275,0.994026,197.278122,211.007507,-201.310501,-0.122411,0.018721,-0.020562,0.992090,238.751419,203.467743,-198.734802,-0.022602,0.494853,0.005173,0.868667,99.675117,324.346100,-75.009521,0.006836,-0.000050,0.000319,0.999977,223.429352,162.574005,-179.276794,-0.100422,0.001098,-0.043846,0.993978,212.770248,195.561844,-200.291443
3,0.030000,-0.097976,0.047040,-0.020876,0.993857,197.241653,211.040985,-201.205200,-0.122475,0.018306,-0.020632,0.992088,238.740601,203.472214,-198.724319,-0.022571,0.494754,0.005094,0.868725,99.670525,324.358521,-74.991531,0.006889,-0.000009,0.000326,0.999976,223.412582,162.573257,-179.268951,-0.100422,0.001098,-0.043846,0.993978,212.770248,195.561844,-200.291443
4,0.040000,-0.093930,0.057594,-0.018791,0.993734,197.218399,211.055710,-201.179459,-0.122427,0.018175,-0.020549,0.992098,238.725784,203.477448,-198.716431,-0.022587,0.494767,0.005116,0.868717,99.661720,324.364349,-74.973083,0.006965,-0.000028,0.000282,0.999976,223.397537,162.572006,-179.264832,-0.100422,0.001098,-0.043846,0.993978,212.770248,195.561844,-200.291443
5,0.050000,,,,,,,,,,,,,,,,,,,,,,,,,,,,,,,,,,,
6,0.060000,-0.093033,0.058828,-0.018239,0.993756,197.179062,211.067245,-201.167755,-0.122396,0.017930,-0.020387,0.992110,238.687775,203.488266,-198.712616,-0.022614,0.494723,0.005184,0.868741,99.641731,324.375916,-74.960373,0.007005,0.000030,0.000306,0.999975,223.364639,162.574768,-179.263992,-0.100422,0.001098,-0.043846,0.993978,212.770248,195.561844,-200.291443
7,0.070000,-0.092970,0.058449,-0.018357,0.993782,197.153229,211.058044,-201.169022,-0.122543,0.017675,-0.020242,0.992099,238.666687,203.490662,-198.717163,-0.022615,0.494634,0.005158,0.868792,99.628372,324.376373,-74.967766,0.007005,0.000008,0.000289,0.999975,223.347412,162.574066,-179.266464,-0.100422,0.001098,-0.043846,0.993978,212.770248,195.561844,-200.291443
8,0.080000,-0.093105,0.058556,-0.018339,0.993764,197.137192,211.053802,-201.177368,-0.122739,0.017631,-0.020191,0.992077,238.650467,203.487534,-198.721832,-0.022617,0.494715,0.005215,0.868746,99.615715,324.369873,-74.972977,0.006964,-0.000002,0.000329,0.999976,223.334091,162.573105,-179.269348,-0.100422,0.001098,-0.043846,0.993978,212.770248,195.561844,-200.291443
9,0.090000,-0.093129,0.058719,-0.018073,0.993757,197.126419,211.045639,-201.186462,-0.122742,0.017693,-0.020059,0.992078,238.641876,203.482605,-198.726883,-0.022643,0.494496,0.005116,0.868870,99.617676,324.372406,-74.992836,0.006964,-0.000070,0.000358,0.999976,223.326248,162.570892,-179.272873,-0.100422,0.001098,-0.043846,0.993978,212.770248,195.561844,-200.291443
10,0.100000,-0.094973,0.051187,-0.017962,0.994001,197.154282,211.010223,-201.273849,-0.122782,0.017933,-0.020005,0.992070,238.645813,203.474884,-198.739868,-0.022648,0.494466,0.005135,0.868887,99.617226,324.376709,-74.998558,0.006934,-0.000124,0.000371,0.999976,223.330063,162.568451,-179.282318,-0.100422,0.001098,-0.043846,0.993978,212.770248,195.561844,-200.291443
11,0.110000,-0.098025,0.043516,-0.019586,0.994039,197.171097,210.999359,-201.300278,-0.122867,0.018189,-0.019994,0.992055,238.657272,203.465149,-198.753006,-0.022650,0.494504,0.005130,0.868865,99.620384,324.372986,-74.998039,0.006862,-0.000160,0.000357,0.999976,223.338684,162.564529,-179.292252,-0.100422,0.001098,-0.043846,0.993978,212.770248,195.561844,-200.291443
12,0.120000,-0.098709,0.042685,-0.020185,0.993996,197.190445,210.994675,-201.312546,-0.122926,0.018521,-0.020102,0.992039,238.673828,203.459473,-198.767075,-0.022575,0.494581,0.005225,0.868823,99.624146,324.373077,-75.003166,0.006824,-0.000179,0.000326,0.999977,223.352585,162.562698,-179.301620,-0.100422,0.001098,-0.043846,0.993978,212.770248,195.561844,-200.291443
13,0.130000,-0.099422,0.040169,-0.020823,0.994016,197.215027,210.991714,-201.345047,-0.122834,0.018609,-0.020237,0.992046,238.695053,203.452347,-198.773560,-0.022580,0.494524,0.005149,0.868855,99.631599,324.378021,-75.004074,0.006766,-0.000252,0.000254,0.999977,223.372223,162.561951,-179.308899,-0.100422,0.001098,-0.043846,0.993978,212.770248,195.561844,-200.291443
14,0.140000,-0.100528,0.037502,-0.021612,0.993992,197.237610,210.993149,-201.349472,-0.122801,0.018806,-0.020331,0.992045,238.716354,203.453308,-198.778412,-0.022648,0.494484,0.005074,0.868877,99.638161,324.391571,-75.006363,0.006768,-0.000286,0.000234,0.999977,223.390076,162.563370,-179.313812,-0.100422,0.001098,-0.043846,0.993978,212.770248,195.561844,-200.291443
15,0.150000,-0.100596,0.037163,-0.021554,0.993999,197.258804,211.001328,-201.347488,-0.122727,0.018874,-0.020533,0.992049,238.737442,203.459946,-198.779022,-0.022551,0.494651,0.005333,0.868783,99.634216,324.393585,-74.997543,0.006717,-0.000230,0.000219,0.999977,223.410339,162.567642,-179.317062,-0.100422,0.001098,-0.043846,0.993978,212.770248,195.561844,-200.291443
16,0.160000,-0.100323,0.037165,-0.021461,0.994029,197.271683,211.005081,-201.342514,-0.122616,0.018890,-0.020560,0.992061,238.747299,203.464569,-198.775070,-0.022568,0.494753,0.005406,0.868724,99.637924,324.395294,-74.993134,0.006677,-0.000168,0.000229,0.999978,223.422516,162.573608,-179.317169,-0.100422,0.001098,-0.043846,0.993978,212.770248,195.561844,-200.291443
17,0.170000,-0.099876,0.037301,-0.021335,0.994072,197.273666,211.009491,-201.334747,-0.122456,0.018859,-0.020571,0.992082,238.751465,203.470825,-198.770645,-0.022622,0.494735,0.005359,0.868733,99.633064,324.397797,-75.000076,0.006754,-0.000142,0.000244,0.999977,223.425110,162.576569,-179.315765,-0.100422,0.001098,-0.043846,0.993978,212.770248,195.561844,-200.291443
18,0.180000,-0.099603,0.037581,-0.021116,0.994093,197.269394,211.015518,-201.328735,-0.122409,0.018761,-0.020537,0.992090,238.744690,203.474365,-198.763672,-0.022655,0.494753,0.005351,0.868722,99.633362,324.399933,-75.004471,0.006763,-0.000055,0.000266,0.999977,223.419632,162.577026,-179.311218,-0.100422,0.001098,-0.043846,0.993978,212.770248,195.561844,-200.291443
19,0.190000,-0.098798,0.040222,-0.020669,0.994079,197.257324,211.020981,-201.296295,-0.122396,0.018546,-0.020510,0.992096,238.731628,203.478531,-198.752136,-0.022687,0.494746,0.005333,0.868725,99.631889,324.399139,-75.008377,0.006782,-0.000044,0.000300,0.999977,223.403854,162.577271,-179.301254,-0.100422,0.001098,-0.043846,0.993978,212.770248,195.561844,-200.291443
20,0.200000,-0.097703,0.043009,-0.020026,0.994084,197.241425,211.017410,-201.274231,-0.122320,0.018281,-0.020460,0.992111,238.719559,203.482727,-198.731430,-0.022733,0.494646,0.005253,0.868781,99.626381,324.396698,-75.014633,0.006854,-0.000077,0.000291,0.999977,223.391449,162.577805,-179.282944,-0.100422,0.001098,-0.043846,0.993978,212.770248,195.561844,-200.291443
21,0.210000,-0.097650,0.043135,-0.019737,0.994090,197.227798,211.025116,-201.252747,-0.122435,0.017810,-0.020470,0.992106,238.704071,203.486191,-198.705719,-0.022707,0.494622,0.005278,0.868796,99.622482,324.395721,-75.010315,0.006980,-0.000117,0.000299,0.999976,223.378281,162.579895,-179.261734,-0.100422,0.001098,-0.043846,0.993978,212.770248,195.561844,-200.291443
22,0.220000,-0.096233,0.050249,-0.019755,0.993893,197.191666,211.057312,-201.168671,-0.122431,0.017369,-0.020553,0.992112,238.692459,203.491669,-198.690063,-0.022691,0.494555,0.005269,0.868834,99.615883,324.396210,-75.000015,0.007052,-0.000108,0.000339,0.999975,223.367706,162.580383,-179.246033,-0.100422,0.001098,-0.043846,0.993978,212.770248,195.561844,-200.291443
23,0.230000,-0.093775,0.057847,-0.018412,0.993741,197.175064,211.065430,-201.145142,-0.122532,0.017204,-0.020514,0.992103,238.684052,203.492798,-198.680740,-0.022595,0.494584,0.005479,0.868819,99.597290,324.397095,-74.985146,0.007096,-0.000140,0.000345,0.999975,223.361542,162.579880,-179.236877,-0.100422,0.001098,-0.043846,0.993978,212.770248,195.561844,-200.291443
24,0.240000,-0.093612,0.058948,-0.018010,0.993699,197.170120,211.067444,-201.138489,-0.122587,0.017219,-0.020480,0.992097,238.678497,203.494125,-198.674118,-0.022570,0.494508,0.005404,0.868863,99.580063,324.406769,-74.966454,0.007129,-0.000153,0.000340,0.999975,223.356140,162.579330,-179.230103,-0.100422,0.001098,-0.043846,0.993978,212.770248,195.561844,-200.291443
25,0.250000,-0.093820,0.059282,-0.017986,0.993660,197.165070,211.065460,-201.135300,-0.122484,0.017333,-0.020503,0.992107,238.673920,203.493942,-198.667450,-0.022492,0.494559,0.005498,0.868835,99.575531,324.414154,-74.945290,0.007149,-0.000196,0.000332,0.999974,223.352997,162.577850,-179.224808,-0.100422,0.001098,-0.043846,0.993978,212.770248,195.561844,-200.291443
26,0.260000,-0.093992,0.059289,-0.017996,0.993643,197.163239,211.066147,-201.137985,-0.122570,0.017307,-0.020488,0.992097,238.671707,203.491714,-198.672043,-0.022437,0.494553,0.005550,0.868840,99.565918,324.421570,-74.929520,0.007125,-0.000198,0.000317,0.999975,223.350342,162.576324,-179.227051,-0.100422,0.001098,-0.043846,0.993978,212.770248,195.561844,-200.291443
27,0.270000,-0.094005,0.059293,-0.017967,0.993642,197.165070,211.062576,-201.142303,-0.122640,0.017223,-0.020524,0.992090,238.673309,203.488678,-198.673813,-0.022429,0.494523,0.005562,0.868858,99.557831,324.427185,-74.918159,0.007141,-0.000242,0.000342,0.999974,223.349823,162.574402,-179.226852,-0.100422,0.001098,-0.043846,0.993978,212.770248,195.561844,-200.291443
28,0.280000,-0.094006,0.059336,-0.017951,0.993640,197.168503,211.058411,-201.148453,-0.122604,0.017191,-0.020520,0.992095,238.675613,203.484985,-198.672562,-0.022432,0.494520,0.005590,0.868859,99.555641,324.435242,-74.915405,0.007136,-0.000279,0.000356,0.999974,223.351028,162.574524,-179.228180,-0.100422,0.001098,-0.043846,0.993978,212.770248,195.561844,-200.291443
29,0.290000,-0.093792,0.059056,-0.017995,0.993676,197.173874,211.055664,-201.157974,-0.122513,0.017228,-0.020539,0.992105,238.678787,203.483948,-198.676071,-0.022438,0.494536,0.005619,0.868849,99.558029,324.440643,-74.921364,0.007110,-0.000271,0.000362,0.999975,223.352463,162.575165,-179.233322,-0.100422,0.001098,-0.043846,0.993978,212.770248,195.561844,-200.291443
30,0.300000,-0.093545,0.059016,-0.018239,0.993697,197.176697,211.047638,-201.168839,-0.122560,0.017242,-0.020554,0.992099,238.684830,203.485687,-198.681595,-0.022464,0.494564,0.005628,0.868832,99.560417,324.441803,-74.941643,0.007064,-0.000298,0.000369,0.999975,223.356628,162.577347,-179.239777,-0.100422,0.001098,-0.043846,0.993978,212.770248,195.561844,-200.291443
31,0.310000,-0.093459,0.058679,-0.018215,0.993726,197.187683,211.055298,-201.172562,-0.122412,0.017148,-0.020555,0.992118,238.692612,203.490265,-198.679413,-0.022581,0.494532,0.005577,0.868848,99.568634,324.436584,-74.976273,0.007037,-0.000335,0.000387,0.999975,223.362152,162.579849,-179.242661,-0.100422,0.001098,-0.043846,0.993978,212.770248,195.561844,-200.291443
32,0.320000,-0.093248,0.058115,-0.018141,0.993780,197.199265,211.059677,-201.168228,-0.122333,0.016993,-0.020630,0.992129,238.703613,203.496155,-198.669647,-0.022599,0.494621,0.005701,0.868796,99.586075,324.432465,-75.010773,0.006997,-0.000358,0.000383,0.999975,223.370483,162.582947,-179.240067,-0.100422,0.001098,-0.043846,0.993978,212.770248,195.561844,-200.291443
33,0.330000,-0.093022,0.057876,-0.017953,0.993818,197.217789,211.068329,-201.158768,-0.122248,0.017006,-0.020671,0.992139,238.717377,203.504608,-198.653931,-0.022642,0.494637,0.005691,0.868786,99.601601,324.430084,-75.044151,0.007080,-0.000503,0.000418,0.999975,223.383209,162.586960,-179.230545,-0.100422,0.001098,-0.043846,0.993978,212.770248,195.561844,-200.291443
34,0.340000,-0.093070,0.057643,-0.017774,0.993831,197.236023,211.073425,-201.146378,-0.122164,0.017043,-0.020082,0.992160,238.748474,203.506866,-198.627762,-0.022531,0.494426,0.005637,0.868910,99.626282,324.437317,-75.107018,0.007040,-0.000496,0.000473,0.999975,223.400665,162.593811,-179.220459,-0.100422,0.001098,-0.043846,0.993978,212.770248,195.561844,-200.291443
35,0.350000,-0.093787,0.057309,-0.017812,0.993782,197.253357,211.073700,-201.124969,-0.122720,0.016927,-0.019598,0.992103,238.770767,203.513535,-198.597580,-0.022499,0.494453,0.005681,0.868894,99.639938,324.436646,-75.139999,0.007071,-0.000564,0.000533,0.999975,223.413788,162.597260,-179.208130,-0.100422,0.001098,-0.043846,0.993978,212.770248,195.561844,-200.291443
36,0.360000,-0.094080,0.057007,-0.017758,0.993773,197.261093,211.077377,-201.110336,-0.122692,0.016831,-0.019279,0.992115,238.786713,203.521347,-198.580063,-0.022653,0.494209,0.005416,0.869031,99.656898,324.438019,-75.186806,0.007088,-0.000564,0.000508,0.999975,223.422516,162.597336,-179.197662,-0.100422,0.001098,-0.043846,0.993978,212.770248,195.561844,-200.291443
37,0.370000,-0.093836,0.056937,-0.017024,0.993813,197.283981,211.081863,-201.100983,-0.122495,0.017429,-0.019063,0.992133,238.801590,203.523590,-198.557892,-0.022730,0.494058,0.005227,0.869116,99.684402,324.455841,-75.252014,0.007056,-0.000620,0.000676,0.999975,223.450058,162.600342,-179.182846,-0.100422,0.001098,-0.043846,0.993978,212.770248,195.561844,-200.291443
38,0.380000,-0.093860,0.057046,-0.016984,0.993805,197.300751,211.085175,-201.083923,-0.122077,0.018345,-0.018660,0.992176,238.815903,203.533585,-198.536270,-0.022644,0.494163,0.005457,0.869057,99.718025,324.486938,-75.337784,0.007054,-0.000655,0.000665,0.999975,223.460678,162.601913,-179.165192,-0.100422,0.001098,-0.043846,0.993978,212.770248,195.561844,-200.291443
39,0.390000,-0.093266,0.056573,-0.017507,0.993879,197.321259,211.084946,-201.052734,-0.120439,0.022613,-0.017198,0.992314,238.817886,203.529465,-198.465134,-0.022318,0.494306,0.005953,0.868981,99.769249,324.528717,-75.464035,0.007177,-0.000825,0.000545,0.999974,223.473541,162.601440,-179.137177,-0.100422,0.001098,-0.043846,0.993978,212.770248,195.561844,-200.291443
40,0.400000,-0.093213,0.055590,-0.017781,0.993934,197.332275,211.089081,-201.022369,-0.119326,0.026985,-0.016516,0.992351,238.829681,203.537643,-198.414978,-0.022632,0.494328,0.005736,0.868962,99.863007,324.541046,-75.641129,0.007216,-0.000796,0.000619,0.999974,223.480515,162.608673,-179.114349,-0.100422,0.001098,-0.043846,0.993978,212.770248,195.561844,-200.291443
41,0.410000,-0.093392,0.055228,-0.017856,0.993936,197.338806,211.096558,-200.999115,-0.119155,0.027268,-0.016402,0.992366,238.831696,203.544708,-198.384415,-0.022599,0.494605,0.005970,0.868804,100.030525,324.528137,-75.958488,0.007447,-0.000770,0.000492,0.999972,223.489700,162.605713,-179.082474,-0.100422,0.001098,-0.043846,0.993978,212.770248,195.561844,-200.291443
42,0.420000,-0.093014,0.054774,-0.017930,0.993995,197.331573,211.097458,-200.966812,-0.118676,0.027121,-0.016472,0.992426,238.821396,203.553101,-198.349380,-0.022566,0.494542,0.005904,0.868841,100.275719,324.483459,-76.436409,0.007493,-0.000724,0.000468,0.999972,223.483307,162.611404,-179.055435,-0.100422,0.001098,-0.043846,0.993978,212.770248,195.561844,-200.291443
43,0.430000,-0.093271,0.054532,-0.017657,0.993989,197.323059,211.120728,-200.937012,-0.118254,0.027282,-0.016335,0.992474,238.803665,203.569611,-198.305969,-0.022835,0.494583,0.005607,0.868812,100.588837,324.442841,-76.999962,0.006550,-0.000871,0.000410,0.999978,223.446976,162.620773,-179.013351,-0.100422,0.001098,-0.043846,0.993978,212.770248,195.561844,-200.291443
44,0.440000,-0.093649,0.054177,-0.018770,0.993953,197.276825,211.117371,-200.896072,-0.117579,0.028019,-0.016797,0.992526,238.758926,203.591949,-198.265747,-0.022982,0.494483,0.005395,0.868867,100.958809,324.472412,-77.644928,0.006500,-0.000727,0.000435,0.999979,223.412445,162.626160,-178.982941,-0.100422,0.001098,-0.043846,0.993978,212.770248,195.561844,-200.291443
45,0.450000,-0.093653,0.053187,-0.019082,0.994000,197.234512,211.117874,-200.861755,-0.117244,0.028044,-0.016542,0.992569,238.724533,203.599518,-198.226990,-0.022576,0.494599,0.005890,0.868808,101.385330,324.538239,-78.388763,0.006632,-0.000909,0.000636,0.999977,223.379517,162.638367,-178.947968,-0.100422,0.001098,-0.043846,0.993978,212.770248,195.561844,-200.291443
46,0.460000,-0.093393,0.052802,-0.018853,0.994049,197.195007,211.118958,-200.827713,-0.117010,0.028258,-0.016279,0.992595,238.677826,203.604401,-198.178726,-0.022592,0.494641,0.005906,0.868783,101.878799,324.584961,-79.228302,0.006699,-0.000929,0.000548,0.999977,223.333023,162.641037,-178.910889,-0.100422,0.001098,-0.043846,0.993978,212.770248,195.561844,-200.291443
47,0.470000,-0.092415,0.051937,-0.018444,0.994194,197.157181,211.112701,-200.778412,-0.118986,0.023838,-0.017759,0.992451,238.640549,203.612015,-198.160721,-0.022498,0.494728,0.006115,0.868735,102.462982,324.604584,-80.246246,0.007234,-0.001476,0.000578,0.999973,223.299789,162.642929,-178.848434,-0.100422,0.001098,-0.043846,0.993978,212.770248,195.561844,-200.291443
48,0.480000,-0.092065,0.051453,-0.018202,0.994256,197.133850,211.110840,-200.715286,-0.121119,0.018614,-0.019452,0.992273,238.626022,203.619370,-198.089859,-0.022552,0.494465,0.005964,0.868885,103.074265,324.610046,-81.322693,0.007481,-0.001419,0.000594,0.999971,223.279617,162.648193,-178.767609,-0.100422,0.001098,-0.043846,0.993978,212.770248,195.561844,-200.291443
49,0.490000,-0.091792,0.052021,-0.017432,0.994266,197.137848,211.122864,-200.636993,-0.121071,0.017819,-0.019617,0.992290,238.636047,203.633484,-197.999023,-0.022708,0.494337,0.005645,0.868955,103.749344,324.629791,-82.466759,0.007772,-0.001514,0.000619,0.999969,223.269958,162.660690,-178.685364,-0.100422,0.001098,-0.043846,0.993978,212.770248,195.561844,-200.291443
50,0.500000,-0.092931,0.051092,-0.018016,0.994198,197.155533,211.144882,-200.567322,-0.121288,0.017467,-0.019978,0.992263,238.661224,203.665558,-197.916504,-0.022810,0.494267,0.005756,0.868992,104.444939,324.659241,-83.666412,0.007861,-0.001344,0.000788,0.999968,223.292419,162.671921,-178.613937,-0.100422,0.001098,-0.043846,0.993978,212.770248,195.561844,-200.291443
51,0.510000,-0.095930,0.043274,-0.018763,0.994270,197.244461,211.171753,-200.573074,-0.120517,0.017435,-0.018919,0.992378,238.735672,203.705353,-197.849350,-0.022870,0.494315,0.005665,0.868963,105.158730,324.685608,-84.905258,0.007803,-0.001283,0.000724,0.999969,223.347198,162.680069,-178.566376,-0.100422,0.001098,-0.043846,0.993978,212.770248,195.561844,-200.291443
52,0.520000,-0.096492,0.045971,-0.019726,0.994076,197.288040,211.233856,-200.452499,-0.118808,0.021430,-0.017283,0.992535,238.785751,203.742737,-197.746368,-0.022879,0.494298,0.005708,0.868973,105.902412,324.727966,-86.192322,0.007907,-0.001319,0.000679,0.999968,223.378220,162.688110,-178.535339,-0.100422,0.001098,-0.043846,0.993978,212.770248,195.561844,-200.291443
53,0.530000,-0.092615,0.051159,-0.017517,0.994233,197.317245,211.263397,-200.422043,-0.116427,0.025442,-0.016496,0.992736,238.819565,203.771271,-197.692047,-0.023048,0.494243,0.005458,0.869001,106.711304,324.766327,-87.574265,0.008065,-0.001275,0.000536,0.999967,223.397522,162.697632,-178.510422,-0.100422,0.001098,-0.043846,0.993978,212.770248,195.561844,-200.291443
54,0.540000,-0.091667,0.050181,-0.017655,0.994368,197.332260,211.272705,-200.384384,-0.115927,0.026048,-0.016253,0.992783,238.830551,203.783356,-197.663010,-0.022895,0.494129,0.005726,0.869068,107.472870,324.783966,-88.931900,0.008106,-0.001161,0.000445,0.999966,223.406998,162.704636,-178.496689,-0.100422,0.001098,-0.043846,0.993978,212.770248,195.561844,-200.291443
55,0.550000,-0.091786,0.049264,-0.018889,0.994380,197.312958,211.283524,-200.371811,-0.115675,0.026507,-0.015986,0.992805,238.817841,203.799698,-197.657684,-0.023002,0.494330,0.005878,0.868950,108.284203,324.824341,-90.304901,0.008157,-0.001163,0.000517,0.999966,223.407715,162.706909,-178.490631,-0.100422,0.001098,-0.043846,0.993978,212.770248,195.561844,-200.291443
56,0.560000,-0.091728,0.048873,-0.018169,0.994418,197.335464,211.285400,-200.371613,-0.115518,0.026628,-0.015995,0.992820,238.829346,203.807739,-197.652267,-0.023088,0.494353,0.005721,0.868936,109.101448,324.867523,-91.701439,0.008140,-0.001170,0.000541,0.999966,223.416855,162.709488,-178.489182,-0.100422,0.001098,-0.043846,0.993978,212.770248,195.561844,-200.291443
57,0.570000,,,,,,,,,,,,,,,,,,,,,,,,,,,,,,,,,,,
58,0.580000,-0.091658,0.048944,-0.017865,0.994427,197.372833,211.276505,-200.374527,-0.115337,0.026765,-0.015458,0.992845,238.873688,203.818329,-197.614899,-0.023276,0.493998,0.005463,0.869134,110.708328,324.933685,-94.510834,0.008120,-0.001418,0.000556,0.999966,223.430649,162.713318,-178.463089,-0.100422,0.001098,-0.043846,0.993978,212.770248,195.561844,-200.291443
59,0.590000,-0.092069,0.048892,-0.017923,0.994390,197.393661,211.269623,-200.348633,-0.115465,0.026354,-0.015520,0.992841,238.905731,203.812134,-197.572449,-0.023077,0.494365,0.005632,0.868930,111.509415,324.955902,-95.876411,0.008193,-0.001384,0.000452,0.999965,223.440933,162.720093,-178.424026,-0.100422,0.001098,-0.043846,0.993978,212.770248,195.561844,-200.291443
60,0.600000,-0.092609,0.048527,-0.018106,0.994354,197.418335,211.263763,-200.317871,-0.115752,0.025636,-0.015778,0.992822,238.929352,203.809860,-197.527298,-0.023093,0.494143,0.005524,0.869057,112.336937,324.956726,-97.266563,0.007421,-0.001331,0.000405,0.999972,223.460007,162.728378,-178.371445,-0.100422,0.001098,-0.043846,0.993978,212.770248,195.561844,-200.291443
61,0.610000,-0.092603,0.048288,-0.018045,0.994368,197.439926,211.266159,-200.291031,-0.115567,0.025450,-0.015925,0.992846,238.941605,203.819336,-197.500580,-0.023387,0.493681,0.005331,0.869312,113.164200,324.953583,-98.650375,0.007411,-0.001296,0.000369,0.999972,223.478378,162.730225,-178.348450,-0.100422,0.001098,-0.043846,0.993978,212.770248,195.561844,-200.291443
62,0.620000,-0.091652,0.047804,-0.016946,0.994499,197.497131,211.292603,-200.284637,-0.114952,0.025665,-0.016113,0.992909,238.988022,203.851456,-197.473602,-0.023532,0.493034,0.004990,0.869677,113.950203,324.955963,-100.023003,0.007572,-0.001580,0.000445,0.999970,223.525223,162.734879,-178.341599,-0.100422,0.001098,-0.043846,0.993978,212.770248,195.561844,-200.291443
63,0.630000,-0.091078,0.049065,-0.017704,0.994477,197.590485,211.329544,-200.282654,-0.114946,0.025041,-0.015967,0.992928,239.066711,203.864029,-197.457947,-0.024012,0.492548,0.004492,0.869942,114.721985,324.961578,-101.381187,0.007565,-0.002062,0.000636,0.999969,223.598984,162.740891,-178.340561,-0.100422,0.001098,-0.043846,0.993978,212.770248,195.561844,-200.291443
64,0.640000,-0.090809,0.049972,-0.017610,0.994458,197.608948,211.352127,-200.268921,-0.114234,0.025364,-0.016004,0.993001,239.088577,203.877335,-197.424698,-0.023149,0.495145,0.005665,0.868483,115.599030,324.989685,-102.769691,0.007580,-0.002249,0.000509,0.999969,223.610245,162.745392,-178.331207,-0.100422,0.001098,-0.043846,0.993978,212.770248,195.561844,-200.291443
65,0.650000,-0.090873,0.049593,-0.017507,0.994473,197.613525,211.362106,-200.222610,-0.115899,0.021650,-0.017279,0.992875,239.117950,203.901581,-197.388443,-0.023132,0.495310,0.005624,0.868390,116.395294,325.017670,-104.123024,0.008120,-0.002658,0.000417,0.999963,223.608978,162.750732,-178.272675,-0.100422,0.001098,-0.043846,0.993978,212.770248,195.561844,-200.291443
66,0.660000,-0.091130,0.048738,-0.017488,0.994492,197.587555,211.368240,-200.177856,-0.116735,0.017707,-0.019400,0.992816,239.082153,203.925674,-197.355499,-0.023027,0.495466,0.005703,0.868303,117.173912,325.054169,-105.483070,0.007992,-0.002864,0.000551,0.999964,223.577927,162.768372,-178.221359,-0.100422,0.001098,-0.043846,0.993978,212.770248,195.561844,-200.291443
67,0.670000,-0.090893,0.048536,-0.017193,0.994529,197.540009,211.366913,-200.159042,-0.116872,0.017033,-0.019501,0.992810,239.040375,203.934799,-197.343521,-0.023051,0.495718,0.005847,0.868158,117.970497,325.073517,-106.829933,0.008007,-0.002795,0.000689,0.999964,223.537888,162.773468,-178.199677,-0.100422,0.001098,-0.043846,0.993978,212.770248,195.561844,-200.291443
68,0.680000,-0.090714,0.048385,-0.016770,0.994560,197.505371,211.367828,-200.149963,-0.117148,0.016258,-0.018570,0.992808,239.001282,203.955673,-197.335129,-0.023166,0.495605,0.005666,0.868221,118.764565,325.072205,-108.117714,0.008125,-0.002834,0.000651,0.999963,223.511765,162.775314,-178.196564,-0.100422,0.001098,-0.043846,0.993978,212.770248,195.561844,-200.291443
69,0.690000,-0.090643,0.048379,-0.016277,0.994574,197.477966,211.375015,-200.143936,-0.117268,0.015744,-0.018393,0.992805,238.974365,203.967255,-197.324356,-0.023393,0.495372,0.005329,0.868349,119.572380,325.076324,-109.434937,0.008261,-0.002863,0.000906,0.999961,223.477493,162.779037,-178.187988,-0.100422,0.001098,-0.043846,0.993978,212.770248,195.561844,-200.291443
70,0.700000,-0.089883,0.049176,-0.016204,0.994606,197.449844,211.376633,-200.116623,-0.117192,0.015617,-0.018190,0.992820,238.948853,203.975479,-197.307770,-0.023162,0.495475,0.005489,0.868296,120.294441,325.097076,-110.687004,0.008334,-0.002880,0.000957,0.999961,223.444305,162.778488,-178.173737,-0.100422,0.001098,-0.043846,0.993978,212.770248,195.561844,-200.291443
71,0.710000,-0.090714,0.044024,-0.015696,0.994780,197.447571,211.351013,-200.153656,-0.117320,0.015247,-0.017970,0.992815,238.923737,203.974792,-197.291260,-0.023044,0.495465,0.005362,0.868306,121.010864,325.108276,-111.895363,0.008422,-0.002881,0.000980,0.999960,223.420578,162.780106,-178.154816,-0.100422,0.001098,-0.043846,0.993978,212.770248,195.561844,-200.291443
72,0.720000,-0.093220,0.039116,-0.017394,0.994725,197.423431,211.339951,-200.142471,-0.117137,0.015654,-0.017549,0.992837,238.913452,203.984344,-197.271744,-0.023111,0.495469,0.005232,0.868302,121.685097,325.130524,-113.042404,0.008487,-0.002902,0.001033,0.999959,223.407562,162.780548,-178.136475,-0.100422,0.001098,-0.043846,0.993978,212.770248,195.561844,-200.291443
73,0.730000,-0.093243,0.038230,-0.016953,0.994765,197.435944,211.349091,-200.132904,-0.117180,0.015485,-0.017534,0.992835,238.917130,203.988754,-197.262085,-0.023303,0.495072,0.004943,0.868525,122.312080,325.153320,-114.156761,0.008530,-0.003002,0.001064,0.999959,223.408417,162.783829,-178.118790,-0.100422,0.001098,-0.043846,0.993978,212.770248,195.561844,-200.291443
74,0.740000,-0.091350,0.045298,-0.016414,0.994653,197.431702,211.383255,-200.051056,-0.118073,0.014629,-0.017955,0.992735,238.940247,203.994431,-197.230591,-0.023553,0.495041,0.005012,0.868536,122.919846,325.183441,-115.179848,0.008605,-0.003145,0.000974,0.999958,223.423294,162.790451,-178.099686,-0.100422,0.001098,-0.043846,0.993978,212.770248,195.561844,-200.291443
75,0.750000,-0.088453,0.052683,-0.014821,0.994576,197.452698,211.400482,-200.027191,-0.118136,0.014329,-0.018555,0.992721,238.969772,204.000748,-197.214218,-0.023465,0.495130,0.004978,0.868488,123.487732,325.210632,-116.146477,0.008679,-0.003144,0.000939,0.999957,223.441620,162.794952,-178.089249,-0.100422,0.001098,-0.043846,0.993978,212.770248,195.561844,-200.291443
76,0.760000,-0.088050,0.053472,-0.015115,0.994565,197.489639,211.411499,-200.024841,-0.118056,0.014284,-0.018720,0.992728,238.996414,204.008911,-197.213943,-0.023359,0.495243,0.005116,0.868425,124.023170,325.224670,-117.076180,0.008679,-0.003108,0.000896,0.999957,223.463425,162.798035,-178.091690,-0.100422,0.001098,-0.043846,0.993978,212.770248,195.561844,-200.291443
77,0.770000,-0.088164,0.053297,-0.015424,0.994560,197.513184,211.419266,-200.035080,-0.117767,0.014413,-0.019053,0.992754,239.027313,204.014343,-197.222733,-0.022603,0.495418,0.005403,0.868344,124.479752,325.240753,-117.961723,0.008579,-0.003082,0.000996,0.999958,223.494873,162.798065,-178.104019,-0.100422,0.001098,-0.043846,0.993978,212.770248,195.561844,-200.291443
78,0.780000,-0.088285,0.053238,-0.015534,0.994550,197.526398,211.422302,-200.049866,-0.116958,0.014862,-0.019060,0.992843,239.043701,204.021683,-197.249054,-0.022467,0.495603,0.005279,0.868243,124.929153,325.257202,-118.740639,0.008444,-0.002940,0.000850,0.999960,223.512711,162.793121,-178.124390,-0.100422,0.001098,-0.043846,0.993978,212.770248,195.561844,-200.291443
79,0.790000,-0.088342,0.053151,-0.015534,0.994550,197.533356,211.421005,-200.064301,-0.116675,0.015641,-0.018857,0.992868,239.052338,204.018188,-197.260406,-0.022518,0.495333,0.005091,0.868396,125.327248,325.250610,-119.424355,0.008436,-0.002940,0.000912,0.999960,223.513748,162.794510,-178.140411,-0.100422,0.001098,-0.043846,0.993978,212.770248,195.561844,-200.291443
80,0.800000,-0.088753,0.051438,-0.015707,0.994601,197.529739,211.412872,-200.092667,-0.116619,0.015611,-0.018802,0.992876,239.037125,204.014542,-197.272293,-0.022572,0.495399,0.004980,0.868358,125.698578,325.251709,-120.040550,0.008410,-0.002828,0.000674,0.999960,223.496979,162.790253,-178.153076,-0.100422,0.001098,-0.043846,0.993978,212.770248,195.561844,-200.291443
81,0.810000,-0.089552,0.050205,-0.016430,0.994580,197.511307,211.399658,-200.097076,-0.116864,0.015375,-0.018480,0.992857,239.010712,204.011292,-197.271133,-0.022718,0.495484,0.004876,0.868306,126.039490,325.243652,-120.613434,0.008471,-0.002911,0.000800,0.999960,223.472229,162.792511,-178.143112,-0.100422,0.001098,-0.043846,0.993978,212.770248,195.561844,-200.291443
82,0.820000,-0.089623,0.049969,-0.016046,0.994592,197.474289,211.388199,-200.077896,-0.117632,0.014920,-0.018301,0.992777,238.983200,204.003189,-197.237839,-0.022856,0.495570,0.004768,0.868254,126.357170,325.224548,-121.138046,0.008446,-0.002982,0.000903,0.999959,223.440155,162.794281,-178.107666,-0.100422,0.001098,-0.043846,0.993978,212.770248,195.561844,-200.291443
83,0.830000,-0.088787,0.051073,-0.015324,0.994622,197.437317,211.384552,-200.023666,-0.117291,0.014933,-0.017978,0.992823,238.951263,204.008453,-197.179123,-0.022866,0.495655,0.004915,0.868204,126.651016,325.217621,-121.628090,0.008207,-0.003194,0.001005,0.999961,223.403687,162.806763,-178.046402,-0.100422,0.001098,-0.043846,0.993978,212.770248,195.561844,-200.291443
84,0.840000,-0.089616,0.044450,-0.014813,0.994874,197.435410,211.358826,-200.033524,-0.115667,0.018919,-0.016649,0.992968,238.910828,204.018723,-197.058807,-0.022948,0.495635,0.004825,0.868214,126.889481,325.219635,-122.033722,0.008683,-0.003077,0.001256,0.999957,223.363815,162.812134,-177.953308,-0.100422,0.001098,-0.043846,0.993978,212.770248,195.561844,-200.291443
85,0.850000,-0.091532,0.038124,-0.016368,0.994938,197.424805,211.378876,-199.970871,-0.113844,0.023330,-0.015029,0.993111,238.877472,204.037018,-196.952271,-0.023181,0.495402,0.004310,0.868344,127.106682,325.250641,-122.404617,0.008754,-0.002807,0.001367,0.999957,223.339249,162.824142,-177.879013,-0.100422,0.001098,-0.043846,0.993978,212.770248,195.561844,-200.291443
86,0.860000,-0.092768,0.036921,-0.016964,0.994858,197.410736,211.406174,-199.878799,-0.113663,0.023336,-0.015029,0.993132,238.872849,204.066742,-196.841278,-0.023183,0.495555,0.004345,0.868256,127.288162,325.277771,-122.705414,0.008819,-0.002830,0.001400,0.999956,223.325897,162.837006,-177.803635,-0.100422,0.001098,-0.043846,0.993978,212.770248,195.561844,-200.291443
87,0.870000,-0.093049,0.035086,-0.018195,0.994877,197.388000,211.437302,-199.764359,-0.114239,0.019858,-0.016181,0.993123,238.867065,204.120804,-196.783371,-0.023038,0.495307,0.004232,0.868402,127.449394,325.297455,-123.010422,0.008895,-0.002712,0.001377,0.999956,223.316727,162.849197,-177.735107,-0.100422,0.001098,-0.043846,0.993978,212.770248,195.561844,-200.291443
88,0.880000,-0.091436,0.041044,-0.018370,0.994795,197.344742,211.495926,-199.597366,-0.114598,0.016316,-0.017460,0.993124,238.833801,204.173203,-196.704071,-0.023224,0.495052,0.004045,0.868544,127.617371,325.302979,-123.319611,0.009000,-0.002550,0.001290,0.999955,223.300537,162.862686,-177.666946,-0.100422,0.001098,-0.043846,0.993978,212.770248,195.561844,-200.291443
89,0.890000,-0.088900,0.048582,-0.015911,0.994728,197.423340,211.459457,-199.571854,-0.114952,0.016057,-0.016550,0.993103,238.945923,204.118179,-196.628357,-0.022756,0.495163,0.004787,0.868489,127.659798,325.303375,-123.422379,0.009837,-0.002761,0.001318,0.999947,223.318604,162.873367,-177.622589,-0.100422,0.001098,-0.043846,0.993978,212.770248,195.561844,-200.291443
90,0.900000,-0.089001,0.050369,-0.016540,0.994620,197.573425,211.420547,-199.701462,-0.115826,0.015288,-0.017264,0.993002,239.070847,204.064819,-196.677460,-0.023222,0.495098,0.004169,0.868517,127.841248,325.410828,-123.805923,0.009540,-0.002944,0.001380,0.999949,223.411758,162.863831,-177.663727,-0.100422,0.001098,-0.043846,0.993978,212.770248,195.561844,-200.291443
91,0.910000,-0.089909,0.049754,-0.017326,0.994556,197.621078,211.392578,-199.767624,-0.116568,0.014094,-0.017917,0.992921,239.126236,204.061844,-196.728699,-0.022775,0.495258,0.004796,0.868434,127.938927,325.445129,-123.964554,0.008942,-0.003195,0.001341,0.999954,223.472397,162.863693,-177.684586,-0.100422,0.001098,-0.043846,0.993978,212.770248,195.561844,-200.291443
92,0.920000,-0.089963,0.047917,-0.017443,0.994639,197.720352,211.335403,-199.885849,-0.115783,0.017836,-0.016967,0.992969,239.199371,204.006516,-196.763809,-0.022952,0.494792,0.004570,0.868697,128.085007,325.474243,-124.245407,0.008847,-0.003628,0.001134,0.999954,223.545700,162.849838,-177.712418,-0.100422,0.001098,-0.043846,0.993978,212.770248,195.561844,-200.291443
93,0.930000,-0.088398,0.045022,-0.015571,0.994945,197.873322,211.274506,-200.017044,-0.114207,0.022917,-0.014544,0.993086,239.336105,203.946625,-196.829544,-0.022650,0.495288,0.005124,0.868418,128.194717,325.494812,-124.489700,0.008639,-0.004030,0.000745,0.999954,223.652420,162.835693,-177.750305,-0.100422,0.001098,-0.043846,0.993978,212.770248,195.561844,-200.291443
94,0.940000,-0.089864,0.045938,-0.015728,0.994770,198.017044,211.221024,-200.088974,-0.114993,0.022912,-0.014648,0.992994,239.487503,203.892319,-196.866409,-0.022489,0.495417,0.005515,0.868347,128.335022,325.538025,-124.751534,0.008293,-0.004218,0.000331,0.999957,223.753357,162.834396,-177.788269,-0.100422,0.001098,-0.043846,0.993978,212.770248,195.561844,-200.291443
95,0.950000,-0.091667,0.044421,-0.016134,0.994668,198.172836,211.195343,-200.219879,-0.117395,0.018293,-0.016382,0.992782,239.641113,203.859406,-197.012970,-0.022340,0.495394,0.005736,0.868362,128.502792,325.599701,-125.007568,0.007657,-0.003852,0.000226,0.999963,223.881851,162.829117,-177.861954,-0.100422,0.001098,-0.043846,0.993978,212.770248,195.561844,-200.291443
96,0.960000,-0.091647,0.044779,-0.016104,0.994654,198.311905,211.165695,-200.323212,-0.119627,0.013480,-0.017899,0.992566,239.800293,203.818802,-197.112976,-0.022311,0.495250,0.005811,0.868445,128.668549,325.652802,-125.284821,0.007560,-0.004244,-0.000052,0.999962,223.996307,162.818237,-177.935043,-0.100422,0.001098,-0.043846,0.993978,212.770248,195.561844,-200.291443
97,0.970000,-0.091938,0.045906,-0.018200,0.994540,198.452148,211.118378,-200.465164,-0.120058,0.013186,-0.018132,0.992514,239.925476,203.785736,-197.213516,-0.022125,0.495568,0.006109,0.868266,128.843140,325.706818,-125.552567,0.007411,-0.004759,-0.000268,0.999961,224.092087,162.806046,-178.040680,-0.100422,0.001098,-0.043846,0.993978,212.770248,195.561844,-200.291443
98,0.980000,-0.092650,0.045903,-0.017671,0.994483,198.574585,211.080338,-200.621857,-0.118846,0.016606,-0.016842,0.992631,240.003723,203.737610,-197.302078,-0.022068,0.495662,0.006147,0.868213,129.015930,325.751862,-125.817490,0.007521,-0.005079,-0.000309,0.999959,224.167801,162.791428,-178.147675,-0.100422,0.001098,-0.043846,0.993978,212.770248,195.561844,-200.291443
99,0.990000,-0.092935,0.044323,-0.018026,0.994522,198.641815,211.029572,-200.760117,-0.117160,0.019480,-0.015752,0.992797,240.054260,203.703064,-197.433456,-0.021966,0.495850,0.006220,0.868108,129.176819,325.783295,-126.053902,0.008185,-0.005014,-0.000266,0.999954,224.209976,162.780716,-178.255692,-0.100422,0.001098,-0.043846,0.993978,212.770248,195.561844,-200.291443
100,1.000000,-0.092905,0.041398,-0.018849,0.994636,198.692505,210.986206,-200.888031,-0.117595,0.019457,-0.016200,0.992739,240.101120,203.670212,-197.524933,-0.022005,0.495681,0.006275,0.868203,129.328323,325.810730,-126.265976,0.007946,-0.005053,-0.000451,0.999956,224.252228,162.761108,-178.331253,-0.100422,0.001098,-0.043846,0.993978,212.770248,195.561844,-200.291443
101,1.010000,-0.092901,0.041277,-0.019226,0.994634,198.727310,210.942917,-200.944183,-0.119828,0.015979,-0.017861,0.992505,240.143509,203.623917,-197.619934,-0.021994,0.495808,0.006370,0.868130,129.433594,325.824829,-126.419518,0.007515,-0.004905,-0.000520,0.999960,224.273987,162.754761,-178.380356,-0.100422,0.001098,-0.043846,0.993978,212.770248,195.561844,-200.291443
102,1.020000,-0.093055,0.042848,-0.019550,0.994547,198.769943,210.895432,-200.991119,-0.121804,0.012647,-0.019516,0.992282,240.184967,203.581848,-197.655228,-0.021662,0.496159,0.006729,0.867935,129.507263,325.844147,-126.586586,0.007337,-0.004869,-0.000596,0.999961,224.297791,162.751038,-178.400253,-0.100422,0.001098,-0.043846,0.993978,212.770248,195.561844,-200.291443
103,1.030000,-0.093353,0.043835,-0.018814,0.994490,198.788849,210.863770,-201.018082,-0.122336,0.012343,-0.018376,0.992242,240.226974,203.545349,-197.664581,-0.021735,0.496027,0.006559,0.868010,129.575806,325.854126,-126.717598,0.007262,-0.004893,-0.000639,0.999961,224.308243,162.747635,-178.403381,-0.100422,0.001098,-0.043846,0.993978,212.770248,195.561844,-200.291443
104,1.040000,-0.093557,0.043523,-0.018338,0.994493,198.793777,210.845184,-201.030655,-0.122705,0.011966,-0.018366,0.992201,240.236618,203.527512,-197.667755,-0.021760,0.495909,0.006605,0.868077,129.613373,325.859192,-126.809151,0.007295,-0.004953,-0.000652,0.999961,224.302612,162.748642,-178.397156,-0.100422,0.001098,-0.043846,0.993978,212.770248,195.561844,-200.291443
105,1.050000,-0.094447,0.043898,-0.017715,0.994404,198.772339,210.829147,-201.045975,-0.123287,0.010966,-0.019570,0.992118,240.209793,203.517303,-197.666397,-0.021795,0.495893,0.006635,0.868085,129.629028,325.869507,-126.870529,0.007352,-0.005020,-0.000641,0.999960,224.280182,162.748138,-178.384537,-0.100422,0.001098,-0.043846,0.993978,212.770248,195.561844,-200.291443
106,1.060000,-0.095152,0.044999,-0.017625,0.994289,198.745438,210.821594,-201.051270,-0.122959,0.011050,-0.019163,0.992165,240.186172,203.517487,-197.658081,-0.021755,0.495843,0.006712,0.868114,129.638687,325.876160,-126.898643,0.007441,-0.005086,-0.000603,0.999959,224.254654,162.745193,-178.381912,-0.100422,0.001098,-0.043846,0.993978,212.770248,195.561844,-200.291443
107,1.070000,-0.094905,0.045902,-0.017814,0.994268,198.717300,210.817291,-201.058792,-0.122579,0.012278,-0.019362,0.992194,240.135666,203.523209,-197.655670,-0.021756,0.495745,0.006717,0.868170,129.643005,325.875854,-126.905945,0.007620,-0.005349,-0.000657,0.999956,224.227753,162.739609,-178.373169,-0.100422,0.001098,-0.043846,0.993978,212.770248,195.561844,-200.291443
108,1.080000,-0.094672,0.046848,-0.017355,0.994254,198.683975,210.804214,-201.045105,-0.122796,0.011836,-0.018484,0.992189,240.088058,203.532135,-197.641830,-0.021742,0.495686,0.006708,0.868204,129.631958,325.872223,-126.885307,0.007984,-0.005777,-0.000528,0.999951,224.192520,162.739029,-178.348770,-0.100422,0.001098,-0.043846,0.993978,212.770248,195.561844,-200.291443
109,1.090000,-0.094695,0.047562,-0.016869,0.994227,198.657669,210.793579,-201.004623,-0.120995,0.016459,-0.016661,0.992377,240.045685,203.525681,-197.545319,-0.021700,0.495633,0.006698,0.868235,129.618011,325.876282,-126.857193,0.007886,-0.005817,-0.000363,0.999952,224.178665,162.751022,-178.291367,-0.100422,0.001098,-0.043846,0.993978,212.770248,195.561844,-200.291443
110,1.100000,-0.094914,0.048094,-0.016429,0.994187,198.644760,210.791397,-200.934937,-0.119573,0.020832,-0.015363,0.992488,240.035553,203.524033,-197.438019,-0.021558,0.495610,0.006754,0.868251,129.589142,325.887817,-126.806068,0.008090,-0.005561,-0.000421,0.999952,224.161911,162.765198,-178.209595,-0.100422,0.001098,-0.043846,0.993978,212.770248,195.561844,-200.291443
111,1.110000,-0.094842,0.047087,-0.016298,0.994245,198.635483,210.809387,-200.825134,-0.119235,0.021600,-0.014769,0.992521,240.028427,203.526398,-197.329681,-0.021517,0.495586,0.006751,0.868266,129.573975,325.906860,-126.756714,0.007226,-0.005381,-0.000543,0.999959,224.153778,162.774628,-178.115585,-0.100422,0.001098,-0.043846,0.993978,212.770248,195.561844,-200.291443
112,1.120000,-0.096574,0.037562,-0.015802,0.994491,198.669052,210.795456,-200.806015,-0.118940,0.021364,-0.014705,0.992563,240.066620,203.565414,-197.228897,-0.021431,0.495521,0.006966,0.868304,129.535583,325.913452,-126.706558,0.007176,-0.005041,-0.000565,0.999961,224.148804,162.792206,-178.027496,-0.100422,0.001098,-0.043846,0.993978,212.770248,195.561844,-200.291443
113,1.130000,-0.099671,0.027980,-0.017253,0.994477,198.693329,210.800140,-200.753677,-0.121108,0.016444,-0.015285,0.992385,240.113953,203.587616,-197.188400,-0.021417,0.495552,0.007025,0.868286,129.518677,325.918884,-126.679108,0.007203,-0.004910,-0.000587,0.999962,224.152649,162.804047,-177.965195,-0.100422,0.001098,-0.043846,0.993978,212.770248,195.561844,-200.291443
114,1.140000,-0.100066,0.027215,-0.017576,0.994453,198.717712,210.811737,-200.713440,-0.122712,0.011028,-0.017003,0.992235,240.134064,203.601990,-197.145279,-0.021436,0.495660,0.007012,0.868224,129.509430,325.922485,-126.670319,0.007305,-0.005020,-0.000535,0.999961,224.148514,162.817474,-177.917114,-0.100422,0.001098,-0.043846,0.993978,212.770248,195.561844,-200.291443
115,1.150000,-0.098176,0.035834,-0.017843,0.994364,198.699005,210.834702,-200.615005,-0.122732,0.010453,-0.017290,0.992234,240.144699,203.603943,-197.116226,-0.021476,0.495682,0.007066,0.868210,129.516022,325.927429,-126.670647,0.007385,-0.005054,-0.000507,0.999960,224.147736,162.824509,-177.899277,-0.100422,0.001098,-0.043846,0.993978,212.770248,195.561844,-200.291443
116,1.160000,-0.098148,0.032988,-0.017351,0.994474,198.714935,210.806885,-200.694138,-0.122621,0.010550,-0.017371,0.992245,240.138245,203.600983,-197.117401,-0.021455,0.495816,0.007134,0.868133,129.544037,325.931519,-126.680420,0.007338,-0.004997,-0.000506,0.999961,224.140488,162.826721,-177.899323,-0.100422,0.001098,-0.043846,0.993978,212.770248,195.561844,-200.291443
117,1.170000,-0.099701,0.027756,-0.018570,0.994457,198.711075,210.795609,-200.719849,-0.122567,0.010632,-0.017354,0.992252,240.131516,203.596329,-197.134567,-0.021521,0.495937,0.006956,0.868064,129.588684,325.935364,-126.704559,0.007221,-0.004975,-0.000511,0.999961,224.132980,162.826431,-177.915329,-0.100422,0.001098,-0.043846,0.993978,212.770248,195.561844,-200.291443
118,1.180000,-0.099529,0.027936,-0.018892,0.994463,198.712616,210.780960,-200.742538,-0.122563,0.010858,-0.017114,0.992254,240.119019,203.591599,-197.153320,-0.021536,0.496004,0.006925,0.868026,129.608414,325.927795,-126.729500,0.007099,-0.005001,-0.000520,0.999962,224.126816,162.824966,-177.930618,-0.100422,0.001098,-0.043846,0.993978,212.770248,195.561844,-200.291443
119,1.190000,-0.100573,0.027991,-0.019584,0.994343,198.705353,210.761475,-200.740433,-0.122713,0.011036,-0.016857,0.992238,240.119873,203.582596,-197.148117,-0.021495,0.496070,0.006969,0.867988,129.618759,325.919830,-126.760658,0.007078,-0.005030,-0.000513,0.999962,224.124069,162.824493,-177.928848,-0.100422,0.001098,-0.043846,0.993978,212.770248,195.561844,-200.291443
120,1.200000,-0.101608,0.027649,-0.019808,0.994243,198.709732,210.755035,-200.728043,-0.122745,0.010785,-0.017031,0.992234,240.128174,203.572098,-197.126404,-0.021502,0.496048,0.006953,0.868001,129.618973,325.914581,-126.794312,0.007125,-0.005094,-0.000526,0.999961,224.124680,162.825775,-177.913803,-0.100422,0.001098,-0.043846,0.993978,212.770248,195.561844,-200.291443
121,1.210000,-0.102217,0.027365,-0.019755,0.994189,198.727280,210.750092,-200.717041,-0.122993,0.010151,-0.017279,0.992205,240.152969,203.565063,-197.097351,-0.021491,0.495959,0.006922,0.868052,129.617401,325.904205,-126.821938,0.007250,-0.005141,-0.000524,0.999960,224.132767,162.828842,-177.891296,-0.100422,0.001098,-0.043846,0.993978,212.770248,195.561844,-200.291443
122,1.220000,-0.101843,0.026913,-0.018722,0.994260,198.761887,210.750687,-200.708252,-0.123022,0.009696,-0.017818,0.992197,240.182709,203.563156,-197.065674,-0.021539,0.495918,0.006909,0.868075,129.618683,325.892670,-126.853851,0.007411,-0.005290,-0.000547,0.999958,224.148056,162.832748,-177.864334,-0.100422,0.001098,-0.043846,0.993978,212.770248,195.561844,-200.291443
123,1.230000,-0.100065,0.035309,-0.018128,0.994189,198.778152,210.771530,-200.618668,-0.122954,0.009496,-0.017984,0.992204,240.208313,203.568039,-197.034698,-0.021647,0.495836,0.006860,0.868119,129.626343,325.879395,-126.876221,0.007446,-0.005351,-0.000473,0.999958,224.169540,162.843842,-177.836365,-0.100422,0.001098,-0.043846,0.993978,212.770248,195.561844,-200.291443
124,1.240000,-0.096940,0.044303,-0.016008,0.994175,198.804642,210.777756,-200.571274,-0.122683,0.009469,-0.018367,0.992231,240.236343,203.571548,-196.993179,-0.021667,0.495851,0.006885,0.868110,129.630707,325.873596,-126.891495,0.007459,-0.005522,-0.000334,0.999957,224.191910,162.848343,-177.801193,-0.100422,0.001098,-0.043846,0.993978,212.770248,195.561844,-200.291443
125,1.250000,-0.096762,0.046117,-0.016253,0.994106,198.834305,210.774094,-200.552063,-0.122478,0.009291,-0.018435,0.992257,240.255417,203.576599,-196.956039,-0.021660,0.495861,0.006887,0.868104,129.635742,325.872314,-126.899765,0.008116,-0.006191,-0.000367,0.999948,224.202866,162.854614,-177.756653,-0.100422,0.001098,-0.043846,0.993978,212.770248,195.561844,-200.291443
126,1.260000,-0.096746,0.046075,-0.016917,0.994098,198.855698,210.774536,-200.534286,-0.122601,0.008877,-0.018481,0.992244,240.267944,203.584045,-196.916656,-0.021633,0.495889,0.006917,0.868089,129.637054,325.870819,-126.908165,0.008259,-0.006342,-0.000375,0.999946,224.205704,162.860535,-177.734039,-0.100422,0.001098,-0.043846,0.993978,212.770248,195.561844,-200.291443
127,1.270000,-0.096338,0.045145,-0.016470,0.994188,198.857208,210.777252,-200.518555,-0.121033,0.012920,-0.016984,0.992419,240.257019,203.578918,-196.849655,-0.021647,0.495921,0.006905,0.868070,129.638123,325.870758,-126.920166,0.008305,-0.006191,-0.000353,0.999946,224.198349,162.864471,-177.720139,-0.100422,0.001098,-0.043846,0.993978,212.770248,195.561844,-200.291443
128,1.280000,-0.095970,0.043894,-0.016132,0.994285,198.837326,210.766541,-200.509064,-0.120105,0.016867,-0.015674,0.992494,240.237366,203.570358,-196.815765,-0.021596,0.496004,0.006897,0.868025,129.635223,325.876190,-126.941399,0.008239,-0.006078,-0.000352,0.999948,224.180130,162.867218,-177.708054,-0.100422,0.001098,-0.043846,0.993978,212.770248,195.561844,-200.291443
129,1.290000,-0.095388,0.043093,-0.016051,0.994377,198.815567,210.749832,-200.483276,-0.120162,0.016835,-0.015624,0.992489,240.220581,203.564026,-196.782852,-0.021483,0.496023,0.006930,0.868016,129.634827,325.877197,-126.950043,0.008342,-0.006092,-0.000427,0.999947,224.161179,162.874008,-177.677826,-0.100422,0.001098,-0.043846,0.993978,212.770248,195.561844,-200.291443
130,1.300000,-0.095299,0.042873,-0.016067,0.994395,198.776260,210.745453,-200.438248,-0.120036,0.016489,-0.015564,0.992511,240.191391,203.563995,-196.736481,-0.021474,0.496122,0.007031,0.867959,129.637695,325.886505,-126.959084,0.008385,-0.005915,-0.000416,0.999947,224.128281,162.882446,-177.631119,-0.100422,0.001098,-0.043846,0.993978,212.770248,195.561844,-200.291443
131,1.310000,-0.095160,0.042952,-0.015809,0.994409,198.734909,210.747711,-200.380417,-0.120247,0.017514,-0.015269,0.992472,240.147339,203.547623,-196.648193,-0.021621,0.496109,0.007095,0.867962,129.647415,325.886597,-126.958176,0.008867,-0.005977,-0.000551,0.999943,224.081909,162.887955,-177.575195,-0.100422,0.001098,-0.043846,0.993978,212.770248,195.561844,-200.291443
132,1.320000,-0.095012,0.042251,-0.015535,0.994458,198.703217,210.751465,-200.323257,-0.119949,0.018952,-0.015260,0.992482,240.106491,203.552704,-196.546371,-0.021463,0.496177,0.007192,0.867926,129.646149,325.888763,-126.967461,0.008011,-0.005973,-0.000644,0.999950,224.046341,162.900482,-177.486771,-0.100422,0.001098,-0.043846,0.993978,212.770248,195.561844,-200.291443
133,1.330000,-0.095029,0.041413,-0.015441,0.994493,198.679916,210.746353,-200.266403,-0.121465,0.014861,-0.016849,0.992341,240.071640,203.576736,-196.520279,-0.021360,0.496109,0.007183,0.867968,129.645096,325.887878,-126.965385,0.007968,-0.005968,-0.000444,0.999950,224.008286,162.910751,-177.406631,-0.100422,0.001098,-0.043846,0.993978,212.770248,195.561844,-200.291443
134,1.340000,-0.095235,0.041265,-0.015432,0.994479,198.670746,210.740738,-200.223801,-0.123630,0.010343,-0.017468,0.992121,240.074493,203.576874,-196.467957,-0.021187,0.496190,0.007467,0.867923,129.647202,325.897858,-126.974091,0.007922,-0.006237,-0.000375,0.999949,223.988083,162.920914,-177.353592,-0.100422,0.001098,-0.043846,0.993978,212.770248,195.561844,-200.291443
135,1.350000,-0.095111,0.040609,-0.015834,0.994512,198.675217,210.738922,-200.187958,-0.123973,0.009715,-0.017480,0.992084,240.076065,203.579422,-196.428055,-0.021133,0.496177,0.007557,0.867931,129.649811,325.912720,-126.983063,0.008133,-0.006505,-0.000324,0.999946,223.975525,162.926514,-177.313004,-0.100422,0.001098,-0.043846,0.993978,212.770248,195.561844,-200.291443
136,1.360000,-0.096014,0.039813,-0.016238,0.994451,198.693512,210.735977,-200.164368,-0.123957,0.009439,-0.017436,0.992090,240.086319,203.583832,-196.389923,-0.021079,0.496111,0.007605,0.867970,129.655334,325.919495,-126.999619,0.008119,-0.006696,-0.000370,0.999945,223.978409,162.932190,-177.285675,-0.100422,0.001098,-0.043846,0.993978,212.770248,195.561844,-200.291443
137,1.370000,-0.096515,0.039428,-0.016313,0.994417,198.718842,210.728409,-200.148651,-0.123984,0.008869,-0.017423,0.992092,240.109009,203.583221,-196.356720,-0.021061,0.496074,0.007610,0.867991,129.666016,325.923615,-127.026794,0.007637,-0.006910,-0.000391,0.999947,223.991440,162.940613,-177.248108,-0.100422,0.001098,-0.043846,0.993978,212.770248,195.561844,-200.291443
138,1.380000,-0.097078,0.039087,-0.016404,0.994374,198.748444,210.719101,-200.132385,-0.123938,0.008478,-0.017452,0.992100,240.125336,203.583099,-196.320526,-0.021005,0.496104,0.007754,0.867974,129.682480,325.924866,-127.066193,0.007737,-0.006653,-0.000374,0.999948,223.999664,162.946487,-177.209122,-0.100422,0.001098,-0.043846,0.993978,212.770248,195.561844,-200.291443
139,1.390000,-0.097562,0.038532,-0.016581,0.994345,198.771103,210.706848,-200.120117,-0.123773,0.008218,-0.016885,0.992133,240.154816,203.583023,-196.283096,-0.021062,0.496068,0.007684,0.867994,129.703766,325.929962,-127.108917,0.007651,-0.006686,-0.000236,0.999948,224.014877,162.951080,-177.176025,-0.100422,0.001098,-0.043846,0.993978,212.770248,195.561844,-200.291443
140,1.400000,-0.097530,0.038823,-0.016686,0.994335,198.794571,210.687576,-200.112335,-0.123839,0.007636,-0.017051,0.992126,240.179932,203.582016,-196.262115,-0.021135,0.495894,0.007535,0.868093,129.728775,325.936920,-127.177132,0.007493,-0.006661,-0.000146,0.999950,224.026093,162.963593,-177.162384,-0.100422,0.001098,-0.043846,0.993978,212.770248,195.561844,-200.291443
141,1.410000,-0.097250,0.039391,-0.016205,0.994348,198.812408,210.664581,-200.115753,-0.123931,0.007006,-0.017353,0.992114,240.197098,203.573715,-196.246185,-0.021146,0.495951,0.007659,0.868059,129.759674,325.941833,-127.235619,0.007489,-0.006636,-0.000179,0.999950,224.039398,162.965546,-177.144699,-0.100422,0.001098,-0.043846,0.993978,212.770248,195.561844,-200.291443
142,1.420000,-0.097151,0.039131,-0.016166,0.994369,198.832214,210.651657,-200.128357,-0.123606,0.006987,-0.016855,0.992164,240.222229,203.567856,-196.237534,-0.021177,0.496043,0.007698,0.868006,129.792389,325.951263,-127.303001,0.007762,-0.006997,-0.000076,0.999945,224.033035,162.970367,-177.133301,-0.100422,0.001098,-0.043846,0.993978,212.770248,195.561844,-200.291443
143,1.430000,-0.097227,0.038653,-0.016151,0.994380,198.840576,210.637100,-200.152969,-0.123429,0.007232,-0.016700,0.992187,240.230392,203.559174,-196.248260,-0.021172,0.496157,0.007730,0.867940,129.831787,325.967560,-127.382622,0.007798,-0.006853,-0.000061,0.999946,224.029877,162.971817,-177.138962,-0.100422,0.001098,-0.043846,0.993978,212.770248,195.561844,-200.291443
144,1.440000,-0.097194,0.038824,-0.016259,0.994375,198.857208,210.615082,-200.197357,-0.123866,0.006936,-0.016780,0.992133,240.237610,203.544693,-196.278030,-0.021146,0.496279,0.007983,0.867869,129.886749,325.978790,-127.465248,0.007500,-0.006493,-0.000155,0.999951,224.038300,162.971161,-177.169479,-0.100422,0.001098,-0.043846,0.993978,212.770248,195.561844,-200.291443
145,1.450000,-0.097080,0.039512,-0.016815,0.994350,198.881470,210.588394,-200.254181,-0.124820,0.006160,-0.016365,0.992025,240.278625,203.510681,-196.321457,-0.021085,0.496462,0.008207,0.867763,129.942688,325.990143,-127.562180,0.007253,-0.006724,-0.000349,0.999951,224.058731,162.962967,-177.210876,-0.100422,0.001098,-0.043846,0.993978,212.770248,195.561844,-200.291443
146,1.460000,-0.097127,0.040076,-0.017097,0.994318,198.916443,210.562988,-200.306168,-0.125307,0.006049,-0.016952,0.991955,240.315643,203.485916,-196.359192,-0.021096,0.496464,0.008094,0.867763,130.033020,325.994659,-127.692192,0.007132,-0.006904,-0.000334,0.999951,224.089371,162.961288,-177.242859,-0.100422,0.001098,-0.043846,0.993978,212.770248,195.561844,-200.291443
147,1.470000,-0.097951,0.040225,-0.017505,0.994224,198.965759,210.537567,-200.334564,-0.125650,0.006030,-0.017079,0.991909,240.347198,203.463547,-196.373627,-0.020999,0.496444,0.008161,0.867777,130.092560,326.001312,-127.788231,0.006916,-0.007195,-0.000423,0.999950,224.116394,162.957855,-177.256042,-0.100422,0.001098,-0.043846,0.993978,212.770248,195.561844,-200.291443
148,1.480000,-0.098050,0.040008,-0.016875,0.994234,199.033218,210.503830,-200.348770,-0.125497,0.005847,-0.017689,0.991919,240.394012,203.436569,-196.360809,-0.020692,0.496421,0.008412,0.867794,130.152740,326.019745,-127.899452,0.006864,-0.007440,-0.000489,0.999949,224.148178,162.958374,-177.244690,-0.100422,0.001098,-0.043846,0.993978,212.770248,195.561844,-200.291443
149,1.490000,-0.099215,0.037347,-0.016950,0.994221,199.090912,210.468552,-200.377823,-0.125619,0.005519,-0.018282,0.991895,240.446472,203.417374,-196.338181,-0.020508,0.496285,0.008589,0.867875,130.221771,326.048950,-128.019699,0.007024,-0.007127,-0.000920,0.999950,224.192657,162.956406,-177.216049,-0.100422,0.001098,-0.043846,0.993978,212.770248,195.561844,-200.291443
150,1.500000,-0.100756,0.034631,-0.017108,0.994161,199.134430,210.438889,-200.395889,-0.126226,0.005295,-0.018129,0.991822,240.488647,203.386230,-196.324585,-0.020486,0.496027,0.008488,0.868024,130.296249,326.073090,-128.136597,0.007034,-0.007058,-0.001052,0.999950,224.221161,162.955536,-177.203094,-0.100422,0.001098,-0.043846,0.993978,212.770248,195.561844,-200.291443
151,1.510000,-0.099962,0.035532,-0.016575,0.994219,199.176575,210.408722,-200.427017,-0.126189,0.005349,-0.017808,0.991832,240.524994,203.374573,-196.333237,-0.020539,0.496050,0.008395,0.868010,130.386292,326.101898,-128.267029,0.007114,-0.007033,-0.001058,0.999949,224.240555,162.955902,-177.204117,-0.100422,0.001098,-0.043846,0.993978,212.770248,195.561844,-200.291443
152,1.520000,-0.099013,0.036590,-0.016004,0.994284,199.198029,210.370850,-200.463348,-0.126475,0.004922,-0.017987,0.991795,240.552750,203.358704,-196.356339,-0.020497,0.496129,0.008489,0.867966,130.473724,326.122375,-128.391388,0.007209,-0.006983,-0.001044,0.999949,224.253586,162.950043,-177.224030,-0.100422,0.001098,-0.043846,0.993978,212.770248,195.561844,-200.291443
153,1.530000,-0.099565,0.037432,-0.016086,0.994197,199.226700,210.331680,-200.521225,-0.126897,0.004539,-0.018198,0.991739,240.578644,203.335709,-196.397934,-0.020181,0.496441,0.008961,0.867790,130.543884,326.140076,-128.530914,0.006954,-0.007332,-0.001101,0.999948,224.268494,162.947205,-177.262573,-0.100422,0.001098,-0.043846,0.993978,212.770248,195.561844,-200.291443
154,1.540000,-0.100738,0.038620,-0.017290,0.994013,199.276230,210.305145,-200.586960,-0.126851,0.004770,-0.017768,0.991751,240.620621,203.307053,-196.450775,-0.020229,0.496383,0.008934,0.867822,130.621964,326.150879,-128.670578,0.006832,-0.007416,-0.001156,0.999949,224.294571,162.943161,-177.304550,-0.100422,0.001098,-0.043846,0.993978,212.770248,195.561844,-200.291443
155,1.550000,-0.102340,0.038110,-0.018234,0.993852,199.337112,210.280258,-200.652008,-0.127686,0.003862,-0.017889,0.991646,240.690857,203.263031,-196.514450,-0.020193,0.496450,0.009092,0.867783,130.707504,326.159851,-128.819855,0.006659,-0.007393,-0.001279,0.999950,224.333740,162.931946,-177.349991,-0.100422,0.001098,-0.043846,0.993978,212.770248,195.561844,-200.291443
156,1.560000,-0.103489,0.034541,-0.018396,0.993860,199.413681,210.246796,-200.742401,-0.128534,0.002751,-0.018240,0.991534,240.746216,203.230988,-196.561325,-0.020696,0.496587,0.009595,0.867687,130.853790,326.151978,-128.981735,0.006792,-0.007418,-0.001294,0.999949,224.372620,162.925461,-177.392868,-0.100422,0.001098,-0.043846,0.993978,212.770248,195.561844,-200.291443
157,1.570000,-0.103633,0.033188,-0.018845,0.993883,199.471680,210.217331,-200.811783,-0.129047,0.002913,-0.017791,0.991475,240.806335,203.198593,-196.605804,-0.020971,0.496501,0.009419,0.867732,130.954803,326.170776,-129.157135,0.007049,-0.007565,-0.001240,0.999946,224.413040,162.918594,-177.436722,-0.100422,0.001098,-0.043846,0.993978,212.770248,195.561844,-200.291443
158,1.580000,-0.102850,0.033895,-0.017714,0.993961,199.526886,210.190536,-200.875565,-0.129206,0.003067,-0.018229,0.991446,240.850800,203.174515,-196.654541,-0.020673,0.496616,0.009695,0.867670,131.033524,326.196014,-129.336395,0.007017,-0.007467,-0.001416,0.999947,224.448059,162.914047,-177.491608,-0.100422,0.001098,-0.043846,0.993978,212.770248,195.561844,-200.291443
159,1.590000,-0.102742,0.035688,-0.016758,0.993926,199.548645,210.150894,-200.958496,-0.129077,0.003359,-0.018859,0.991450,240.869522,203.151962,-196.721603,-0.020554,0.496714,0.010036,0.867613,131.126831,326.221375,-129.506927,0.006932,-0.007759,-0.001470,0.999945,224.465668,162.907059,-177.546036,-0.100422,0.001098,-0.043846,0.993978,212.770248,195.561844,-200.291443
160,1.600000,-0.103329,0.037075,-0.017265,0.993806,199.578903,210.102997,-201.047287,-0.129342,0.004077,-0.018635,0.991417,240.883881,203.116364,-196.775787,-0.020533,0.496761,0.009943,0.867588,131.235382,326.248901,-129.674301,0.006845,-0.007686,-0.001427,0.999946,224.473755,162.903473,-177.591690,-0.100422,0.001098,-0.043846,0.993978,212.770248,195.561844,-200.291443
161,1.610000,-0.104261,0.038661,-0.017112,0.993651,199.603622,210.063248,-201.118042,-0.130026,0.003961,-0.018401,0.991332,240.899460,203.083130,-196.831100,-0.020382,0.496639,0.009960,0.867660,131.345703,326.278229,-129.852905,0.006853,-0.007849,-0.001536,0.999945,224.481689,162.894257,-177.620590,-0.100422,0.001098,-0.043846,0.993978,212.770248,195.561844,-200.291443
162,1.620000,-0.105231,0.036770,-0.017533,0.993613,199.638184,210.018661,-201.190201,-0.130938,0.003282,-0.018541,0.991212,240.924591,203.040634,-196.872299,-0.020168,0.496596,0.010029,0.867690,131.442108,326.314789,-130.021484,0.006914,-0.007877,-0.001473,0.999944,224.490784,162.889313,-177.645508,-0.100422,0.001098,-0.043846,0.993978,212.770248,195.561844,-200.291443
163,1.630000,-0.106826,0.033368,-0.018300,0.993549,199.669739,209.975632,-201.248306,-0.131588,0.002727,-0.017992,0.991137,240.961533,203.001740,-196.898056,-0.020244,0.496399,0.009807,0.867803,131.543503,326.351990,-130.189896,0.006851,-0.007912,-0.001463,0.999944,224.505432,162.884796,-177.657623,-0.100422,0.001098,-0.043846,0.993978,212.770248,195.561844,-200.291443
164,1.640000,-0.106969,0.031969,-0.018852,0.993569,199.715439,209.939148,-201.312332,-0.131555,0.002782,-0.018221,0.991138,241.007874,202.968643,-196.926788,-0.019999,0.496664,0.010313,0.867651,131.661011,326.379120,-130.352356,0.006762,-0.008027,-0.001439,0.999944,224.526962,162.874908,-177.672546,-0.100422,0.001098,-0.043846,0.993978,212.770248,195.561844,-200.291443
165,1.650000,-0.106288,0.033292,-0.017619,0.993622,199.771378,209.905258,-201.357605,-0.132270,0.002695,-0.017915,0.991048,241.055664,202.939438,-196.959778,-0.019923,0.496484,0.010195,0.867757,131.772736,326.405396,-130.526901,0.006702,-0.008126,-0.001499,0.999943,224.554840,162.869186,-177.698898,-0.100422,0.001098,-0.043846,0.993978,212.770248,195.561844,-200.291443
166,1.660000,-0.105364,0.034903,-0.016677,0.993681,199.824692,209.867844,-201.410538,-0.132604,0.002570,-0.018055,0.991001,241.096878,202.914337,-196.998566,-0.019772,0.496521,0.010495,0.867736,131.876862,326.416656,-130.704636,0.006563,-0.008207,-0.001551,0.999944,224.583267,162.864349,-177.729614,-0.100422,0.001098,-0.043846,0.993978,212.770248,195.561844,-200.291443
167,1.670000,-0.105765,0.035711,-0.017464,0.993596,199.877457,209.823868,-201.475403,-0.131062,0.006349,-0.016971,0.991209,241.132431,202.886276,-197.002380,-0.019763,0.496473,0.010582,0.867763,131.965256,326.426331,-130.866409,0.006413,-0.008304,-0.001488,0.999944,224.621948,162.852142,-177.768799,-0.100422,0.001098,-0.043846,0.993978,212.770248,195.561844,-200.291443
168,1.680000,-0.106631,0.035029,-0.018023,0.993518,199.930695,209.787384,-201.542694,-0.130017,0.010262,-0.015845,0.991332,241.177094,202.855835,-197.040649,-0.019977,0.496421,0.010431,0.867789,132.069000,326.443024,-131.047226,0.006186,-0.008548,-0.001466,0.999943,224.661774,162.848328,-177.812988,-0.100422,0.001098,-0.043846,0.993978,212.770248,195.561844,-200.291443
169,1.690000,-0.107709,0.033044,-0.019309,0.993446,199.989700,209.749924,-201.604431,-0.130965,0.010007,-0.015419,0.991217,241.231537,202.816086,-197.075867,-0.020015,0.496317,0.010328,0.867849,132.171799,326.470428,-131.226013,0.006220,-0.008205,-0.001699,0.999946,224.705826,162.832458,-177.834854,-0.100422,0.001098,-0.043846,0.993978,212.770248,195.561844,-200.291443
170,1.700000,-0.109757,0.030310,-0.020019,0.993295,200.037491,209.709396,-201.666473,-0.131714,0.009320,-0.015794,0.991118,241.286087,202.780746,-197.103210,-0.019764,0.496481,0.010576,0.867758,132.264420,326.498779,-131.391785,0.006096,-0.007970,-0.001766,0.999948,224.740204,162.826828,-177.850510,-0.100422,0.001098,-0.043846,0.993978,212.770248,195.561844,-200.291443
171,1.710000,-0.110983,0.030265,-0.020581,0.993148,200.106827,209.676819,-201.691422,-0.132204,0.009431,-0.015249,0.991060,241.345917,202.734558,-197.109543,-0.019691,0.496552,0.010712,0.867717,132.366150,326.524597,-131.549942,0.005986,-0.008031,-0.001919,0.999948,224.772400,162.828873,-177.857590,-0.100422,0.001098,-0.043846,0.993978,212.770248,195.561844,-200.291443
172,1.720000,-0.111295,0.031358,-0.019602,0.993099,200.151382,209.621017,-201.708481,-0.132644,0.009230,-0.015595,0.990998,241.406662,202.704437,-197.114044,-0.019527,0.496802,0.010956,0.867575,132.467407,326.559052,-131.699646,0.005790,-0.008020,-0.002144,0.999949,224.810104,162.829559,-177.861450,-0.100422,0.001098,-0.043846,0.993978,212.770248,195.561844,-200.291443
173,1.730000,-0.110340,0.031599,-0.018033,0.993228,200.216614,209.593491,-201.745636,-0.133093,0.009091,-0.015305,0.990944,241.464523,202.681717,-197.108063,-0.019324,0.496717,0.010979,0.867628,132.565536,326.599243,-131.847717,0.005787,-0.008020,-0.002232,0.999949,224.837799,162.830414,-177.861237,-0.100422,0.001098,-0.043846,0.993978,212.770248,195.561844,-200.291443
174,1.740000,-0.110966,0.032749,-0.018732,0.993108,200.278137,209.547119,-201.785751,-0.133198,0.009161,-0.015156,0.990931,241.508698,202.665344,-197.117889,-0.019337,0.496351,0.010540,0.867843,132.670761,326.634888,-132.009247,0.005833,-0.008204,-0.002455,0.999946,224.867523,162.825134,-177.858170,-0.100422,0.001098,-0.043846,0.993978,212.770248,195.561844,-200.291443
175,1.750000,-0.111301,0.034780,-0.018939,0.992997,200.336243,209.510223,-201.817688,-0.133790,0.008274,-0.015816,0.990849,241.551315,202.638382,-197.132629,-0.019343,0.496483,0.010932,0.867762,132.785049,326.648376,-132.166122,0.005895,-0.008346,-0.002538,0.999945,224.899811,162.823257,-177.862961,-0.100422,0.001098,-0.043846,0.993978,212.770248,195.561844,-200.291443
176,1.760000,-0.112173,0.033116,-0.019723,0.992941,200.400269,209.478760,-201.874222,-0.134054,0.007533,-0.016518,0.990808,241.604645,202.607391,-197.160843,-0.019256,0.496557,0.011045,0.867720,132.894592,326.677673,-132.328400,0.005736,-0.008333,-0.002597,0.999946,224.936478,162.821533,-177.880478,-0.100422,0.001098,-0.043846,0.993978,212.770248,195.561844,-200.291443
177,1.770000,-0.113617,0.030249,-0.020623,0.992850,200.469009,209.433823,-201.945114,-0.134517,0.007374,-0.016725,0.990743,241.661499,202.572495,-197.191559,-0.018987,0.496376,0.010989,0.867830,133.011780,326.710114,-132.520508,0.005828,-0.008445,-0.002504,0.999944,224.984451,162.815994,-177.908722,-0.100422,0.001098,-0.043846,0.993978,212.770248,195.561844,-200.291443
178,1.780000,-0.113003,0.031262,-0.019610,0.992909,200.539612,209.399765,-201.988922,-0.134954,0.007315,-0.016880,0.990681,241.711517,202.546432,-197.218597,-0.018907,0.496486,0.011084,0.867768,133.121201,326.732941,-132.696198,0.005754,-0.008526,-0.002645,0.999944,225.020599,162.811218,-177.933731,-0.100422,0.001098,-0.043846,0.993978,212.770248,195.561844,-200.291443
179,1.790000,-0.112391,0.032423,-0.018586,0.992961,200.579239,209.361343,-202.039948,-0.135279,0.006970,-0.017137,0.990635,241.754868,202.519257,-197.245041,-0.018890,0.496527,0.011137,0.867745,133.220016,326.750244,-132.861191,0.005560,-0.008614,-0.002844,0.999943,225.046280,162.804596,-177.962189,-0.100422,0.001098,-0.043846,0.993978,212.770248,195.561844,-200.291443
180,1.800000,-0.112553,0.032082,-0.018763,0.992951,200.618729,209.321762,-202.109711,-0.135435,0.006905,-0.017556,0.990607,241.802917,202.490143,-197.282242,-0.018896,0.496389,0.011082,0.867824,133.315552,326.769196,-133.046921,0.005485,-0.008744,-0.002871,0.999943,225.064789,162.801620,-177.988602,-0.100422,0.001098,-0.043846,0.993978,212.770248,195.561844,-200.291443
181,1.810000,-0.113286,0.032556,-0.019265,0.992842,200.651245,209.277237,-202.180923,-0.137712,0.002830,-0.017913,0.990306,241.846375,202.458786,-197.357956,-0.018799,0.496508,0.011306,0.867755,133.400787,326.790070,-133.224533,0.004918,-0.008204,-0.002880,0.999950,225.077087,162.797028,-178.030914,-0.100422,0.001098,-0.043846,0.993978,212.770248,195.561844,-200.291443
182,1.820000,-0.114015,0.032755,-0.019698,0.992743,200.670822,209.243378,-202.244354,-0.139817,-0.001227,-0.018913,0.989996,241.866043,202.424728,-197.407883,-0.018875,0.496494,0.011117,0.867764,133.496109,326.817200,-133.391556,0.004741,-0.008175,-0.002886,0.999951,225.084778,162.790283,-178.065384,-0.100422,0.001098,-0.043846,0.993978,212.770248,195.561844,-200.291443
183,1.830000,-0.114129,0.032429,-0.019738,0.992740,200.683838,209.202499,-202.306076,-0.139982,-0.001311,-0.018664,0.989977,241.881027,202.400543,-197.458145,-0.018714,0.496726,0.011366,0.867631,133.594635,326.841156,-133.568283,0.004279,-0.008557,-0.002924,0.999950,225.081924,162.780945,-178.109329,-0.100422,0.001098,-0.043846,0.993978,212.770248,195.561844,-200.291443
184,1.840000,-0.114616,0.030552,-0.020077,0.992737,200.695419,209.157761,-202.385880,-0.140396,-0.000811,-0.018531,0.989922,241.868744,202.362366,-197.507431,-0.018671,0.496862,0.011448,0.867553,133.687683,326.864838,-133.731674,0.004433,-0.008718,-0.002834,0.999948,225.082993,162.772217,-178.156097,-0.100422,0.001098,-0.043846,0.993978,212.770248,195.561844,-200.291443
185,1.850000,-0.114458,0.029344,-0.020143,0.992790,200.706345,209.107498,-202.438919,-0.140508,-0.001097,-0.018276,0.989910,241.872620,202.328064,-197.559113,-0.018449,0.496997,0.011662,0.867478,133.767090,326.883270,-133.880051,0.004461,-0.008711,-0.002841,0.999948,225.079590,162.767181,-178.186295,-0.100422,0.001098,-0.043846,0.993978,212.770248,195.561844,-200.291443
186,1.860000,-0.114548,0.029434,-0.020548,0.992769,200.731689,209.071716,-202.494843,-0.140990,-0.001140,-0.018472,0.989838,241.881668,202.287338,-197.593979,-0.018462,0.496736,0.011498,0.867629,133.866531,326.898926,-134.040573,0.004476,-0.008708,-0.002827,0.999948,225.079010,162.761383,-178.208481,-0.100422,0.001098,-0.043846,0.993978,212.770248,195.561844,-200.291443
187,1.870000,-0.114884,0.030064,-0.021259,0.992696,200.762665,209.019409,-202.554871,-0.141333,-0.001675,-0.018112,0.989795,241.896820,202.259293,-197.630569,-0.018441,0.496586,0.011472,0.867716,133.955963,326.915741,-134.185211,0.004467,-0.008738,-0.002842,0.999948,225.085052,162.757614,-178.227676,-0.100422,0.001098,-0.043846,0.993978,212.770248,195.561844,-200.291443
188,1.880000,-0.115765,0.030900,-0.021717,0.992558,200.800522,208.970245,-202.604141,-0.141907,-0.002903,-0.018632,0.989700,241.936386,202.221878,-197.649216,-0.018437,0.496687,0.011374,0.867659,134.059738,326.942535,-134.340607,0.004424,-0.008800,-0.002876,0.999947,225.095917,162.753418,-178.242798,-0.100422,0.001098,-0.043846,0.993978,212.770248,195.561844,-200.291443
189,1.890000,-0.116573,0.030350,-0.022019,0.992474,200.832077,208.927902,-202.626877,-0.142830,-0.003570,-0.018839,0.989561,241.961777,202.188690,-197.650772,-0.018423,0.496666,0.011405,0.867671,134.149094,326.961182,-134.498642,0.004414,-0.008885,-0.002904,0.999947,225.113113,162.752197,-178.242538,-0.100422,0.001098,-0.043846,0.993978,212.770248,195.561844,-200.291443
190,1.900000,-0.117166,0.028776,-0.021000,0.992473,200.907516,208.889038,-202.648010,-0.143249,-0.003817,-0.019223,0.989493,242.005234,202.160782,-197.631927,-0.018141,0.496846,0.011640,0.867571,134.230194,326.984772,-134.652649,0.004455,-0.009035,-0.002926,0.999945,225.136795,162.753265,-178.224274,-0.100422,0.001098,-0.043846,0.993978,212.770248,195.561844,-200.291443
191,1.910000,-0.118797,0.027457,-0.021925,0.992297,200.963043,208.844940,-202.657806,-0.143629,-0.003879,-0.019795,0.989426,242.061066,202.134781,-197.608627,-0.018104,0.496813,0.011621,0.867591,134.330002,327.012817,-134.803101,0.004775,-0.009246,-0.002984,0.999941,225.173859,162.754196,-178.204468,-0.100422,0.001098,-0.043846,0.993978,212.770248,195.561844,-200.291443
192,1.920000,-0.119696,0.026286,-0.021433,0.992231,200.994385,208.794662,-202.687057,-0.144020,-0.003987,-0.019263,0.989379,242.103699,202.111008,-197.602829,-0.018125,0.496589,0.011451,0.867721,134.441528,327.046906,-134.981735,0.004693,-0.008972,-0.003188,0.999944,225.208572,162.752228,-178.204514,-0.100422,0.001098,-0.043846,0.993978,212.770248,195.561844,-200.291443
193,1.930000,-0.119879,0.026796,-0.021233,0.992200,201.034149,208.755066,-202.721741,-0.144370,-0.003894,-0.019084,0.989332,242.129959,202.089035,-197.610703,-0.018139,0.496470,0.011438,0.867789,134.531128,327.064941,-135.140564,0.004614,-0.008895,-0.003212,0.999945,225.222076,162.750397,-178.214584,-0.100422,0.001098,-0.043846,0.993978,212.770248,195.561844,-200.291443
194,1.940000,-0.120242,0.027992,-0.021033,0.992127,201.063477,208.703796,-202.774017,-0.144628,-0.003906,-0.019037,0.989295,242.147491,202.066818,-197.623627,-0.017975,0.496579,0.011461,0.867730,134.609390,327.091370,-135.315964,0.004516,-0.008917,-0.003203,0.999945,225.227921,162.747375,-178.230698,-0.100422,0.001098,-0.043846,0.993978,212.770248,195.561844,-200.291443
195,1.950000,-0.121002,0.028813,-0.021812,0.991994,201.093628,208.651093,-202.824997,-0.143432,0.000198,-0.017809,0.989500,242.154205,202.036392,-197.592361,-0.017893,0.496646,0.011578,0.867691,134.712967,327.113800,-135.489075,0.004504,-0.008930,-0.003197,0.999945,225.230042,162.744232,-178.244537,-0.100422,0.001098,-0.043846,0.993978,212.770248,195.561844,-200.291443
196,1.960000,-0.121276,0.029269,-0.021560,0.991953,201.115219,208.602997,-202.868637,-0.142458,0.004196,-0.016661,0.989652,242.159897,202.008591,-197.599091,-0.017892,0.496691,0.011628,0.867665,134.813995,327.138245,-135.647766,0.004414,-0.008920,-0.003081,0.999946,225.222595,162.743057,-178.258392,-0.100422,0.001098,-0.043846,0.993978,212.770248,195.561844,-200.291443
197,1.970000,-0.121869,0.027193,-0.021939,0.991931,201.151382,208.562531,-202.923553,-0.142816,0.004404,-0.016593,0.989600,242.174271,201.980103,-197.610916,-0.017899,0.496807,0.011508,0.867600,134.937851,327.171326,-135.801376,0.004361,-0.008813,-0.003157,0.999947,225.236359,162.739670,-178.262924,-0.100422,0.001098,-0.043846,0.993978,212.770248,195.561844,-200.291443
198,1.980000,-0.123055,0.025567,-0.022923,0.991806,201.178802,208.510635,-202.963425,-0.143465,0.003472,-0.016241,0.989516,242.205658,201.943588,-197.619354,-0.017551,0.496905,0.011851,0.867546,135.034241,327.199280,-135.964951,0.004321,-0.008801,-0.003167,0.999947,225.244232,162.738968,-178.261047,-0.100422,0.001098,-0.043846,0.993978,212.770248,195.561844,-200.291443
199,1.990000,-0.123222,0.024383,-0.022990,0.991813,201.199326,208.460785,-202.987595,-0.144284,0.002613,-0.016513,0.989395,242.222809,201.909805,-197.605515,-0.017602,0.496726,0.011552,0.867652,135.131516,327.209900,-136.116714,0.004283,-0.008862,-0.003237,0.999946,225.241638,162.736282,-178.254517,-0.100422,0.001098,-0.043846,0.993978,212.770248,195.561844,-200.291443
200,2.000000,-0.123459,0.024267,-0.023028,0.991786,201.222900,208.414352,-203.003922,-0.144216,0.003231,-0.016165,0.989409,242.227310,201.879227,-197.598877,-0.017670,0.496662,0.011504,0.867688,135.213821,327.227966,-136.287079,0.004287,-0.008932,-0.003259,0.999946,225.237473,162.735245,-178.248703,-0.100422,0.001098,-0.043846,0.993978,212.770248,195.561844,-200.291443
201,2.010000,-0.125040,0.025569,-0.023558,0.991542,201.231415,208.351685,-203.037903,-0.143987,0.004029,-0.015471,0.989451,242.238403,201.857635,-197.601395,-0.017587,0.496754,0.011655,0.867635,135.311646,327.247345,-136.466553,0.004289,-0.009126,-0.003069,0.999944,225.229523,162.738388,-178.251740,-0.100422,0.001098,-0.043846,0.993978,212.770248,195.561844,-200.291443
202,2.020000,-0.126074,0.026819,-0.023356,0.991383,201.243805,208.305923,-203.079498,-0.144774,0.003589,-0.015574,0.989336,242.248062,201.822357,-197.607529,-0.017305,0.496901,0.011929,0.867552,135.388077,327.269653,-136.620132,0.004207,-0.009219,-0.003143,0.999944,225.216080,162.731110,-178.256866,-0.100422,0.001098,-0.043846,0.993978,212.770248,195.561844,-200.291443
203,2.030000,-0.127067,0.026945,-0.023716,0.991244,201.259933,208.255951,-203.122162,-0.145566,0.002958,-0.015898,0.989216,242.246216,201.783478,-197.621017,-0.017201,0.496774,0.011912,0.867628,135.486664,327.299164,-136.773117,0.004259,-0.009329,-0.003065,0.999943,225.216675,162.731125,-178.264572,-0.100422,0.001098,-0.043846,0.993978,212.770248,195.561844,-200.291443
204,2.040000,-0.127474,0.027385,-0.023160,0.991193,201.272919,208.195206,-203.152664,-0.146184,0.002538,-0.015771,0.989129,242.253616,201.749268,-197.627258,-0.017126,0.496525,0.011878,0.867772,135.565765,327.329407,-136.931885,0.004794,-0.008207,-0.003354,0.999949,225.154358,162.769470,-178.238647,-0.100422,0.001098,-0.043846,0.993978,212.770248,195.561844,-200.291443
205,2.050000,-0.128119,0.027603,-0.022759,0.991113,201.299347,208.143814,-203.174026,-0.146715,0.002416,-0.016193,0.989043,242.282242,201.715591,-197.625793,-0.017072,0.496630,0.011998,0.867711,135.662750,327.357025,-137.088455,0.005073,-0.007638,-0.003394,0.999952,225.149368,162.777695,-178.218231,-0.100422,0.001098,-0.043846,0.993978,212.770248,195.561844,-200.291443
206,2.060000,-0.128154,0.027445,-0.021915,0.991132,201.356796,208.107635,-203.201172,-0.146813,0.002505,-0.015442,0.989041,242.346344,201.672852,-197.612671,-0.016904,0.496507,0.011772,0.867788,135.750870,327.400391,-137.249939,0.005092,-0.007716,-0.003501,0.999951,225.180786,162.776108,-178.214096,-0.100422,0.001098,-0.043846,0.993978,212.770248,195.561844,-200.291443
207,2.070000,-0.128762,0.025877,-0.022001,0.991094,201.410690,208.072708,-203.246078,-0.146832,0.002507,-0.015219,0.989041,242.402145,201.647522,-197.629791,-0.016990,0.496502,0.011932,0.867787,135.857956,327.401337,-137.383850,0.005011,-0.007834,-0.003556,0.999951,225.216843,162.773773,-178.221710,-0.100422,0.001098,-0.043846,0.993978,212.770248,195.561844,-200.291443
208,2.080000,-0.129012,0.025644,-0.021404,0.991080,201.480698,208.034027,-203.283646,-0.147498,0.002336,-0.015265,0.988942,242.447617,201.629166,-197.638901,-0.017013,0.496567,0.011806,0.867751,135.959595,327.418030,-137.524811,0.004990,-0.007907,-0.003610,0.999950,225.246399,162.771759,-178.235077,-0.100422,0.001098,-0.043846,0.993978,212.770248,195.561844,-200.291443
209,2.090000,-0.129289,0.025919,-0.021850,0.991027,201.536041,208.011810,-203.338486,-0.148073,0.001373,-0.015767,0.988850,242.484299,201.616898,-197.664429,-0.017025,0.496843,0.011985,0.867591,136.054871,327.431335,-137.665237,0.005490,-0.007873,-0.003575,0.999948,225.271210,162.773895,-178.265213,-0.100422,0.001098,-0.043846,0.993978,212.770248,195.561844,-200.291443
210,2.100000,-0.130055,0.026244,-0.022885,0.990895,201.567062,207.978577,-203.391388,-0.148940,0.000023,-0.016094,0.988715,242.500290,201.593079,-197.700272,-0.016873,0.496928,0.012281,0.867541,136.141647,327.442108,-137.818222,0.004863,-0.007793,-0.003657,0.999951,225.269867,162.766876,-178.274658,-0.100422,0.001098,-0.043846,0.993978,212.770248,195.561844,-200.291443
211,2.110000,-0.129153,0.026013,-0.022856,0.991020,201.588989,207.943832,-203.447876,-0.149499,-0.000482,-0.016202,0.988629,242.507767,201.567673,-197.729858,-0.016917,0.496839,0.012163,0.867593,136.228485,327.453979,-137.963409,0.004754,-0.007618,-0.003662,0.999953,225.270050,162.763855,-178.295853,-0.100422,0.001098,-0.043846,0.993978,212.770248,195.561844,-200.291443
212,2.120000,-0.128882,0.022902,-0.022844,0.991132,201.595551,207.888199,-203.516815,-0.149951,-0.000471,-0.016246,0.988560,242.517746,201.539825,-197.766449,-0.017101,0.496719,0.011843,0.867662,136.339218,327.480530,-138.127869,0.004687,-0.007556,-0.003605,0.999954,225.268738,162.760406,-178.323578,-0.100422,0.001098,-0.043846,0.993978,212.770248,195.561844,-200.291443
213,2.130000,-0.129665,0.020213,-0.022985,0.991085,201.606232,207.838959,-203.566589,-0.150518,-0.001255,-0.016927,0.988462,242.533279,201.498871,-197.820099,-0.016935,0.496963,0.012161,0.867521,136.429276,327.506622,-138.281708,0.004702,-0.007544,-0.003640,0.999954,225.266968,162.752274,-178.350571,-0.100422,0.001098,-0.043846,0.993978,212.770248,195.561844,-200.291443
214,2.140000,-0.130914,0.021066,-0.023586,0.990889,201.621719,207.792648,-203.590546,-0.152335,-0.004962,-0.017907,0.988154,242.558136,201.457504,-197.887604,-0.016856,0.497196,0.012313,0.867387,136.538437,327.542633,-138.442978,0.004510,-0.007425,-0.003754,0.999955,225.277832,162.747162,-178.368149,-0.100422,0.001098,-0.043846,0.993978,212.770248,195.561844,-200.291443
215,2.150000,-0.132237,0.020159,-0.024434,0.990712,201.664276,207.745972,-203.630814,-0.154511,-0.009043,-0.018782,0.987771,242.595612,201.417480,-197.903732,-0.016648,0.497203,0.012408,0.867386,136.626251,327.572235,-138.590088,0.004460,-0.007433,-0.003830,0.999955,225.294464,162.744934,-178.375519,-0.100422,0.001098,-0.043846,0.993978,212.770248,195.561844,-200.291443
216,2.160000,-0.133251,0.019456,-0.024961,0.990577,201.703262,207.704239,-203.660233,-0.155120,-0.009194,-0.019284,0.987665,242.645630,201.377747,-197.902359,-0.016474,0.497077,0.012358,0.867462,136.732651,327.598236,-138.734055,0.004445,-0.007518,-0.003867,0.999954,225.317276,162.741760,-178.377625,-0.100422,0.001098,-0.043846,0.993978,212.770248,195.561844,-200.291443
217,2.170000,-0.132929,0.019541,-0.024401,0.990633,201.762772,207.673706,-203.696899,-0.155470,-0.009209,-0.018779,0.987619,242.676620,201.347214,-197.919250,-0.016465,0.496789,0.012221,0.867629,136.816727,327.616364,-138.870224,0.004439,-0.007599,-0.003903,0.999954,225.337448,162.738113,-178.384354,-0.100422,0.001098,-0.043846,0.993978,212.770248,195.561844,-200.291443
218,2.180000,-0.133646,0.020434,-0.024616,0.990513,201.808380,207.638443,-203.733032,-0.156071,-0.009732,-0.018209,0.987530,242.717438,201.317215,-197.930374,-0.016409,0.496848,0.012269,0.867596,136.897903,327.635071,-139.002075,0.004357,-0.007633,-0.003885,0.999954,225.356369,162.737045,-178.395065,-0.100422,0.001098,-0.043846,0.993978,212.770248,195.561844,-200.291443
219,2.190000,-0.134446,0.021105,-0.024788,0.990386,201.841797,207.609650,-203.767319,-0.156908,-0.011001,-0.018606,0.987377,242.748535,201.287933,-197.950684,-0.016412,0.496721,0.012316,0.867668,136.972275,327.646454,-139.139908,0.004371,-0.007721,-0.003904,0.999953,225.375519,162.733917,-178.407394,-0.100422,0.001098,-0.043846,0.993978,212.770248,195.561844,-200.291443
220,2.200000,-0.134841,0.020824,-0.025139,0.990329,201.875214,207.569687,-203.813766,-0.157588,-0.011733,-0.018923,0.987254,242.770004,201.261093,-197.977356,-0.016175,0.496533,0.012423,0.867778,137.048126,327.661102,-139.298508,0.004526,-0.007858,-0.003884,0.999951,225.389984,162.725510,-178.433746,-0.100422,0.001098,-0.043846,0.993978,212.770248,195.561844,-200.291443
221,2.210000,-0.135841,0.021947,-0.025211,0.990167,201.902740,207.530701,-203.866974,-0.158072,-0.011929,-0.018963,0.987173,242.782944,201.231216,-198.014481,-0.016204,0.496580,0.012277,0.867753,137.138855,327.684387,-139.448593,0.004485,-0.007874,-0.003894,0.999951,225.399429,162.719376,-178.460083,-0.100422,0.001098,-0.043846,0.993978,212.770248,195.561844,-200.291443
222,2.220000,-0.136245,0.022699,-0.025166,0.990095,201.919357,207.487900,-203.922272,-0.158226,-0.012323,-0.018835,0.987146,242.807846,201.203705,-198.051437,-0.016063,0.496926,0.012621,0.867553,137.226334,327.704987,-139.594482,0.004478,-0.007846,-0.003922,0.999952,225.406403,162.713867,-178.486832,-0.100422,0.001098,-0.043846,0.993978,212.770248,195.561844,-200.291443
223,2.230000,-0.136477,0.021074,-0.025270,0.990097,201.942642,207.446823,-203.987167,-0.158664,-0.012481,-0.019120,0.987069,242.818756,201.156982,-198.092438,-0.015878,0.497207,0.012935,0.867390,137.313629,327.724701,-139.734634,0.004405,-0.007827,-0.003933,0.999952,225.411514,162.707550,-178.515945,-0.100422,0.001098,-0.043846,0.993978,212.770248,195.561844,-200.291443
224,2.240000,-0.136752,0.020056,-0.025943,0.990063,201.964813,207.412323,-204.043488,-0.157276,-0.007699,-0.017819,0.987364,242.818069,201.121109,-198.080215,-0.015883,0.497097,0.012988,0.867452,137.400726,327.732635,-139.876495,0.004417,-0.007747,-0.004059,0.999952,225.416077,162.697601,-178.548553,-0.100422,0.001098,-0.043846,0.993978,212.770248,195.561844,-200.291443
225,2.250000,-0.136647,0.020223,-0.026029,0.990071,201.989548,207.380737,-204.092468,-0.155509,-0.002041,-0.016883,0.987688,242.839096,201.086609,-198.115280,-0.015968,0.496767,0.012481,0.867648,137.484711,327.744354,-140.020111,0.004414,-0.007741,-0.004158,0.999952,225.431427,162.691635,-178.581146,-0.100422,0.001098,-0.043846,0.993978,212.770248,195.561844,-200.291443
226,2.260000,-0.137068,0.020178,-0.026705,0.989996,202.026550,207.347946,-204.147079,-0.154840,-0.001026,-0.016598,0.987800,242.869736,201.052826,-198.152374,-0.016029,0.496684,0.012362,0.867695,137.567398,327.752930,-140.171707,0.004399,-0.007782,-0.004173,0.999951,225.450516,162.684921,-178.615250,-0.100422,0.001098,-0.043846,0.993978,212.770248,195.561844,-200.291443
227,2.270000,-0.137296,0.019834,-0.026847,0.989968,202.053635,207.306900,-204.199753,-0.155155,-0.001349,-0.016861,0.987745,242.905045,201.025162,-198.192505,-0.016097,0.496800,0.012325,0.867628,137.659760,327.754272,-140.313065,0.004126,-0.007483,-0.004241,0.999955,225.480026,162.677322,-178.658035,-0.100422,0.001098,-0.043846,0.993978,212.770248,195.561844,-200.291443
228,2.280000,-0.136463,0.019458,-0.025788,0.990118,202.100204,207.279709,-204.258286,-0.155739,-0.001891,-0.016464,0.987659,242.951828,200.987137,-198.227264,-0.016017,0.497121,0.012559,0.867442,137.737915,327.757385,-140.440491,0.004024,-0.007602,-0.004389,0.999953,225.505508,162.674805,-178.696686,-0.100422,0.001098,-0.043846,0.993978,212.770248,195.561844,-200.291443
229,2.290000,-0.136283,0.019376,-0.025532,0.990151,202.134247,207.255341,-204.302338,-0.156544,-0.002717,-0.016562,0.987528,242.978012,200.958603,-198.265778,-0.015997,0.497244,0.012670,0.867371,137.813721,327.762207,-140.553391,0.004056,-0.007686,-0.004565,0.999952,225.528961,162.665497,-178.722565,-0.100422,0.001098,-0.043846,0.993978,212.770248,195.561844,-200.291443
230,2.300000,-0.136654,0.019395,-0.025676,0.990096,202.156464,207.225693,-204.336777,-0.157154,-0.003412,-0.016918,0.987423,242.995697,200.936615,-198.287018,-0.015884,0.497224,0.012887,0.867381,137.888138,327.763763,-140.672180,0.004167,-0.007734,-0.004399,0.999952,225.550049,162.660583,-178.740860,-0.100422,0.001098,-0.043846,0.993978,212.770248,195.561844,-200.291443
231,2.310000,-0.137022,0.019411,-0.025851,0.990040,202.170059,207.204681,-204.369446,-0.157299,-0.004086,-0.017365,0.987390,243.015213,200.907288,-198.300827,-0.015928,0.496791,0.012398,0.867636,137.946625,327.787872,-140.797562,0.004424,-0.007759,-0.004531,0.999950,225.543198,162.654648,-178.761871,-0.100422,0.001098,-0.043846,0.993978,212.770248,195.561844,-200.291443
232,2.320000,-0.137462,0.018833,-0.025902,0.989989,202.177338,207.172424,-204.418045,-0.158192,-0.004863,-0.017656,0.987239,243.012146,200.878281,-198.313232,-0.015932,0.496756,0.012399,0.867656,137.994217,327.794647,-140.901367,0.004527,-0.007772,-0.004450,0.999950,225.537292,162.648193,-178.779434,-0.100422,0.001098,-0.043846,0.993978,212.770248,195.561844,-200.291443
233,2.330000,-0.137963,0.019873,-0.025255,0.989916,202.181046,207.142807,-204.452408,-0.158511,-0.004742,-0.017496,0.987191,243.006912,200.845322,-198.319153,-0.015987,0.496836,0.012351,0.867609,138.046204,327.801697,-141.012085,0.004507,-0.007813,-0.004397,0.999950,225.523514,162.644211,-178.784882,-0.100422,0.001098,-0.043846,0.993978,212.770248,195.561844,-200.291443
234,2.340000,-0.138955,0.021670,-0.024671,0.989754,202.184036,207.109818,-204.478958,-0.159043,-0.004662,-0.017708,0.987102,242.990707,200.808517,-198.329544,-0.015846,0.496962,0.012594,0.867536,138.104660,327.803711,-141.131866,0.004447,-0.008041,-0.004346,0.999948,225.521774,162.636978,-178.786606,-0.100422,0.001098,-0.043846,0.993978,212.770248,195.561844,-200.291443
235,2.350000,-0.139989,0.021313,-0.025077,0.989606,202.184006,207.055603,-204.478546,-0.159228,-0.004001,-0.017528,0.987078,242.991455,200.772598,-198.322403,-0.015851,0.496873,0.012560,0.867588,138.169983,327.804962,-141.256790,0.004479,-0.007978,-0.004209,0.999949,225.523926,162.629593,-178.775696,-0.100422,0.001098,-0.043846,0.993978,212.770248,195.561844,-200.291443
236,2.360000,-0.141276,0.021491,-0.025953,0.989397,202.220673,207.013824,-204.500824,-0.159294,-0.003122,-0.017755,0.987067,243.022339,200.740158,-198.317596,-0.015680,0.496975,0.012706,0.867530,138.256180,327.809326,-141.379364,0.004427,-0.008104,-0.004364,0.999948,225.534424,162.632599,-178.771942,-0.100422,0.001098,-0.043846,0.993978,212.770248,195.561844,-200.291443
237,2.370000,-0.142264,0.019802,-0.026998,0.989262,202.258377,206.983322,-204.542221,-0.159525,-0.003449,-0.018164,0.987021,243.061279,200.719772,-198.323303,-0.015540,0.496949,0.012604,0.867549,138.352692,327.840546,-141.505890,0.004473,-0.008182,-0.004412,0.999947,225.550323,162.631729,-178.777130,-0.100422,0.001098,-0.043846,0.993978,212.770248,195.561844,-200.291443
238,2.380000,-0.143636,0.017491,-0.027343,0.989098,202.293152,206.961212,-204.571457,-0.159365,-0.003549,-0.017738,0.987054,243.091843,200.690781,-198.343674,-0.015356,0.497228,0.012854,0.867389,138.440933,327.861938,-141.632538,0.004444,-0.008148,-0.004436,0.999947,225.562729,162.629578,-178.793488,-0.100422,0.001098,-0.043846,0.993978,212.770248,195.561844,-200.291443
239,2.390000,-0.143625,0.017294,-0.027502,0.989099,202.317062,206.934830,-204.606812,-0.161010,-0.007672,-0.018873,0.986742,243.116562,200.670074,-198.410522,-0.015403,0.497127,0.012757,0.867447,138.515274,327.877747,-141.767807,0.004395,-0.008078,-0.004437,0.999948,225.570328,162.625580,-178.816238,-0.100422,0.001098,-0.043846,0.993978,212.770248,195.561844,-200.291443
240,2.400000,-0.143147,0.017385,-0.027401,0.989169,202.327545,206.893066,-204.650238,-0.162806,-0.012099,-0.019994,0.986381,243.116913,200.648483,-198.447968,-0.015448,0.497225,0.012836,0.867389,138.586853,327.880585,-141.904510,0.004337,-0.007991,-0.004443,0.999949,225.565964,162.623962,-178.835297,-0.100422,0.001098,-0.043846,0.993978,212.770248,195.561844,-200.291443
241,2.410000,-0.142771,0.017594,-0.027343,0.989222,202.334183,206.861069,-204.687149,-0.163424,-0.013321,-0.020217,0.986259,243.114594,200.619873,-198.470673,-0.015724,0.497251,0.012610,0.867372,138.671463,327.866425,-142.060776,0.004017,-0.007624,-0.004370,0.999953,225.552887,162.622757,-178.855042,-0.100422,0.001098,-0.043846,0.993978,212.770248,195.561844,-200.291443
242,2.420000,-0.143023,0.018180,-0.027672,0.989165,202.345306,206.818359,-204.707504,-0.163702,-0.013638,-0.020177,0.986209,243.112442,200.593430,-198.457520,-0.015786,0.497367,0.012831,0.867302,138.772522,327.838470,-142.242249,0.003942,-0.007616,-0.004338,0.999954,225.540329,162.624908,-178.844742,-0.100422,0.001098,-0.043846,0.993978,212.770248,195.561844,-200.291443
243,2.430000,-0.143353,0.018540,-0.026971,0.989130,202.367355,206.759827,-204.710327,-0.164434,-0.013677,-0.019351,0.986103,243.154221,200.549683,-198.414825,-0.015875,0.497477,0.012846,0.867237,138.866653,327.815918,-142.407364,0.004262,-0.007748,-0.004264,0.999952,225.540543,162.619293,-178.809845,-0.100422,0.001098,-0.043846,0.993978,212.770248,195.561844,-200.291443
244,2.440000,-0.143886,0.018381,-0.026793,0.989061,202.395264,206.717819,-204.711166,-0.165207,-0.014087,-0.019320,0.985969,243.173080,200.505386,-198.380646,-0.015638,0.497503,0.012979,0.867224,138.945587,327.823120,-142.560791,0.004235,-0.007763,-0.004274,0.999952,225.545837,162.620956,-178.784302,-0.100422,0.001098,-0.043846,0.993978,212.770248,195.561844,-200.291443
245,2.450000,-0.143715,0.018287,-0.025562,0.989120,202.425766,206.682373,-204.715454,-0.165991,-0.015192,-0.019848,0.985811,243.206375,200.459702,-198.359573,-0.015455,0.497282,0.012980,0.867354,139.054901,327.855225,-142.703995,0.004009,-0.007812,-0.004403,0.999952,225.555847,162.623825,-178.758514,-0.100422,0.001098,-0.043846,0.993978,212.770248,195.561844,-200.291443
246,2.460000,-0.144301,0.019470,-0.025756,0.989007,202.464355,206.636200,-204.728424,-0.166355,-0.015913,-0.020448,0.985726,243.232773,200.424759,-198.345047,-0.015565,0.497013,0.012715,0.867510,139.171204,327.885071,-142.842972,0.004102,-0.007857,-0.004183,0.999952,225.578781,162.621490,-178.745621,-0.100422,0.001098,-0.043846,0.993978,212.770248,195.561844,-200.291443
247,2.470000,-0.145720,0.019582,-0.026461,0.988778,202.485443,206.592407,-204.740509,-0.166822,-0.015404,-0.020557,0.985652,243.253738,200.383957,-198.340164,-0.015604,0.497087,0.012630,0.867468,139.276077,327.910217,-142.988251,0.003834,-0.007922,-0.004322,0.999952,225.585403,162.623230,-178.737915,-0.100422,0.001098,-0.043846,0.993978,212.770248,195.561844,-200.291443
248,2.480000,-0.147073,0.018900,-0.027104,0.988574,202.502884,206.550613,-204.775345,-0.167202,-0.015100,-0.020634,0.985591,243.264282,200.348465,-198.350784,-0.015303,0.497262,0.012988,0.867368,139.348557,327.927673,-143.130630,0.004167,-0.008089,-0.004345,0.999949,225.587845,162.622162,-178.759476,-0.100422,0.001098,-0.043846,0.993978,212.770248,195.561844,-200.291443
249,2.490000,-0.146439,0.017902,-0.026829,0.988694,202.514984,206.507797,-204.824585,-0.167789,-0.015247,-0.020401,0.985494,243.262497,200.316635,-198.386459,-0.015235,0.497261,0.013064,0.867369,139.425674,327.945648,-143.280441,0.004328,-0.007844,-0.004335,0.999951,225.574249,162.608780,-178.794647,-0.100422,0.001098,-0.043846,0.993978,212.770248,195.561844,-200.291443
250,2.500000,-0.145912,0.015901,-0.026682,0.988810,202.523117,206.458313,-204.914551,-0.166607,-0.010738,-0.019599,0.985770,243.260391,200.274765,-198.384903,-0.015485,0.497303,0.012969,0.867342,139.515274,327.946472,-143.422272,0.004224,-0.007703,-0.004320,0.999952,225.567963,162.600693,-178.831940,-0.100422,0.001098,-0.043846,0.993978,212.770248,195.561844,-200.291443
251,2.510000,-0.146318,0.014696,-0.026679,0.988769,202.530151,206.415253,-204.972656,-0.165827,-0.006507,-0.018794,0.985954,243.257446,200.224380,-198.418198,-0.015645,0.497162,0.012719,0.867424,139.598755,327.955322,-143.574814,0.003398,-0.007260,-0.004350,0.999958,225.573654,162.586578,-178.887711,-0.100422,0.001098,-0.043846,0.993978,212.770248,195.561844,-200.291443
252,2.520000,-0.146860,0.013697,-0.026176,0.988716,202.543900,206.363708,-205.019348,-0.166401,-0.006675,-0.018944,0.985854,243.256485,200.185776,-198.450989,-0.015451,0.497165,0.012863,0.867423,139.681976,327.964294,-143.734528,0.003055,-0.007495,-0.004354,0.999958,225.579727,162.580536,-178.914520,-0.100422,0.001098,-0.043846,0.993978,212.770248,195.561844,-200.291443
253,2.530000,-0.148040,0.012272,-0.026976,0.988537,202.552155,206.314682,-205.045578,-0.167421,-0.008001,-0.019239,0.985665,243.261261,200.136139,-198.469650,-0.015361,0.497210,0.013041,0.867396,139.750198,327.971741,-143.861282,0.003042,-0.007513,-0.004358,0.999958,225.580261,162.578110,-178.915497,-0.100422,0.001098,-0.043846,0.993978,212.770248,195.561844,-200.291443
254,2.540000,-0.149447,0.011310,-0.027998,0.988309,202.573746,206.260361,-205.098145,-0.168264,-0.009180,-0.019612,0.985504,243.272552,200.097794,-198.473358,-0.015387,0.497209,0.013065,0.867396,139.818512,327.988953,-143.990021,0.003074,-0.007494,-0.004375,0.999958,225.579697,162.576218,-178.912231,-0.100422,0.001098,-0.043846,0.993978,212.770248,195.561844,-200.291443
255,2.550000,-0.150517,0.011099,-0.027885,0.988152,202.581818,206.216415,-205.124634,-0.168727,-0.009169,-0.019630,0.985425,243.279800,200.058746,-198.480698,-0.015279,0.497275,0.013229,0.867357,139.906799,327.998932,-144.126907,0.003395,-0.007853,-0.004213,0.999955,225.570999,162.577835,-178.908066,-0.100422,0.001098,-0.043846,0.993978,212.770248,195.561844,-200.291443
256,2.560000,-0.150609,0.012112,-0.027681,0.988132,202.592667,206.181244,-205.151733,-0.170347,-0.012481,-0.019843,0.985105,243.298615,200.017365,-198.533539,-0.015358,0.497100,0.013012,0.867460,139.989914,328.012787,-144.268509,0.003035,-0.007450,-0.004370,0.999958,225.572250,162.569946,-178.924896,-0.100422,0.001098,-0.043846,0.993978,212.770248,195.561844,-200.291443
257,2.570000,-0.151368,0.013069,-0.028401,0.987983,202.598450,206.134811,-205.187088,-0.172249,-0.017110,-0.021015,0.984681,243.316147,199.974380,-198.566269,-0.015256,0.497455,0.013268,0.867254,140.072495,328.025696,-144.400177,0.002945,-0.007386,-0.004370,0.999959,225.566254,162.565475,-178.939117,-0.100422,0.001098,-0.043846,0.993978,212.770248,195.561844,-200.291443
258,2.580000,-0.152269,0.014874,-0.028711,0.987810,202.590759,206.093994,-205.206833,-0.172986,-0.018285,-0.021321,0.984524,243.311890,199.934830,-198.588959,-0.015118,0.497425,0.013370,0.867272,140.139313,328.033936,-144.508469,0.002920,-0.007414,-0.004337,0.999959,225.557846,162.560806,-178.954239,-0.100422,0.001098,-0.043846,0.993978,212.770248,195.561844,-200.291443
259,2.590000,-0.152077,0.015562,-0.027686,0.987858,202.589798,206.048523,-205.247345,-0.173005,-0.018158,-0.021475,0.984519,243.306778,199.893311,-198.605835,-0.014898,0.497488,0.013482,0.867238,140.191818,328.038300,-144.622650,0.002871,-0.007346,-0.004449,0.999959,225.551239,162.551498,-178.969925,-0.100422,0.001098,-0.043846,0.993978,212.770248,195.561844,-200.291443
260,2.600000,-0.152284,0.015650,-0.027495,0.987830,202.594101,206.016068,-205.273209,-0.173252,-0.017732,-0.021976,0.984473,243.310272,199.846527,-198.616241,-0.015015,0.497282,0.013279,0.867357,140.250427,328.036987,-144.729034,0.002882,-0.007269,-0.004397,0.999960,225.543350,162.545502,-178.976273,-0.100422,0.001098,-0.043846,0.993978,212.770248,195.561844,-200.291443
261,2.610000,-0.152600,0.015209,-0.028122,0.987771,202.595978,205.970749,-205.278610,-0.173658,-0.017774,-0.022031,0.984399,243.319321,199.811005,-198.611298,-0.015067,0.497235,0.013304,0.867383,140.308182,328.045105,-144.836090,0.002789,-0.007260,-0.004375,0.999960,225.544266,162.544449,-178.968781,-0.100422,0.001098,-0.043846,0.993978,212.770248,195.561844,-200.291443
262,2.620000,-0.153311,0.013739,-0.028958,0.987658,202.622543,205.923218,-205.278976,-0.174529,-0.017946,-0.022189,0.984238,243.332321,199.772522,-198.588135,-0.015184,0.497103,0.013125,0.867460,140.369904,328.063293,-144.953445,0.002739,-0.007770,-0.004309,0.999957,225.564682,162.539047,-178.954239,-0.100422,0.001098,-0.043846,0.993978,212.770248,195.561844,-200.291443
263,2.630000,-0.153618,0.012376,-0.028605,0.987639,202.660294,205.892395,-205.286850,-0.175165,-0.018284,-0.022341,0.984116,243.353012,199.732697,-198.561096,-0.015107,0.497270,0.013263,0.867363,140.442566,328.081848,-145.070648,0.002683,-0.007778,-0.004273,0.999957,225.575363,162.543655,-178.937164,-0.100422,0.001098,-0.043846,0.993978,212.770248,195.561844,-200.291443
264,2.640000,-0.153892,0.011726,-0.028681,0.987602,202.685425,205.855194,-205.292435,-0.175703,-0.018845,-0.022565,0.984004,243.372208,199.698120,-198.553787,-0.015069,0.497275,0.013370,0.867359,140.518570,328.093262,-145.185867,0.002737,-0.007757,-0.004294,0.999957,225.583435,162.544418,-178.926392,-0.100422,0.001098,-0.043846,0.993978,212.770248,195.561844,-200.291443
265,2.650000,-0.154540,0.012162,-0.029564,0.987469,202.710541,205.818298,-205.321198,-0.176091,-0.019312,-0.022816,0.983920,243.385910,199.666473,-198.553482,-0.014929,0.497244,0.013388,0.867379,140.582932,328.099274,-145.305557,0.002734,-0.007785,-0.004293,0.999957,225.584213,162.542770,-178.927536,-0.100422,0.001098,-0.043846,0.993978,212.770248,195.561844,-200.291443
266,2.660000,-0.154697,0.012649,-0.029499,0.987441,202.721542,205.781647,-205.360016,-0.176388,-0.019184,-0.022857,0.983868,243.390045,199.634521,-198.567856,-0.014959,0.497283,0.013282,0.867358,140.660812,328.093292,-145.428497,0.002720,-0.007755,-0.004262,0.999957,225.581207,162.540131,-178.939621,-0.100422,0.001098,-0.043846,0.993978,212.770248,195.561844,-200.291443
267,2.670000,-0.154691,0.011763,-0.028917,0.987470,202.732025,205.742294,-205.406387,-0.176986,-0.019439,-0.022882,0.983755,243.391403,199.605957,-198.597595,-0.014859,0.497456,0.013558,0.867256,140.737610,328.091827,-145.555664,0.002663,-0.007749,-0.004255,0.999957,225.577713,162.536880,-178.955017,-0.100422,0.001098,-0.043846,0.993978,212.770248,195.561844,-200.291443
268,2.680000,-0.155232,0.012127,-0.027723,0.987415,202.727295,205.701492,-205.457306,-0.177309,-0.019825,-0.022905,0.983689,243.393204,199.566910,-198.639343,-0.014974,0.497477,0.013380,0.867245,140.813721,328.102753,-145.691513,0.003190,-0.007541,-0.004327,0.999957,225.572647,162.525421,-178.995178,-0.100422,0.001098,-0.043846,0.993978,212.770248,195.561844,-200.291443
269,2.690000,-0.156577,0.012831,-0.028457,0.987172,202.726990,205.653107,-205.486160,-0.176349,-0.015654,-0.021766,0.983963,243.397995,199.518295,-198.604538,-0.015116,0.497445,0.013228,0.867263,140.882019,328.105804,-145.830368,0.003212,-0.007433,-0.004276,0.999958,225.571198,162.520325,-179.009903,-0.100422,0.001098,-0.043846,0.993978,212.770248,195.561844,-200.291443
270,2.700000,-0.157093,0.013173,-0.028499,0.987085,202.749893,205.601135,-205.508026,-0.177341,-0.017124,-0.022627,0.983740,243.422287,199.471680,-198.637726,-0.015052,0.497513,0.013435,0.867222,140.954681,328.112274,-145.972870,0.002463,-0.007450,-0.004304,0.999960,225.582809,162.524048,-178.992157,-0.100422,0.001098,-0.043846,0.993978,212.770248,195.561844,-200.291443
271,2.710000,-0.156652,0.013682,-0.028304,0.987153,202.774887,205.558945,-205.529007,-0.177020,-0.014339,-0.021418,0.983870,243.441452,199.416931,-198.574265,-0.014941,0.497616,0.013620,0.867162,141.044525,328.119141,-146.126816,0.003238,-0.007474,-0.004298,0.999958,225.581238,162.517456,-179.000641,-0.100422,0.001098,-0.043846,0.993978,212.770248,195.561844,-200.291443
272,2.720000,-0.157073,0.013528,-0.028340,0.987088,202.796509,205.512497,-205.556900,-0.178772,-0.016787,-0.022695,0.983486,243.462280,199.356003,-198.616074,-0.014798,0.497571,0.013610,0.867190,141.132599,328.129089,-146.288864,0.003250,-0.007476,-0.004378,0.999957,225.583130,162.516251,-179.004623,-0.100422,0.001098,-0.043846,0.993978,212.770248,195.561844,-200.291443
273,2.730000,-0.157254,0.012866,-0.028520,0.987063,202.805847,205.460678,-205.590866,-0.180247,-0.020646,-0.023867,0.983115,243.465744,199.315536,-198.645050,-0.014958,0.497461,0.013334,0.867255,141.240402,328.147156,-146.460709,0.003276,-0.007497,-0.004380,0.999957,225.578568,162.508041,-179.011368,-0.100422,0.001098,-0.043846,0.993978,212.770248,195.561844,-200.291443
274,2.740000,-0.158231,0.013249,-0.029199,0.986881,202.816971,205.414093,-205.634338,-0.180768,-0.020789,-0.024066,0.983012,243.466156,199.269058,-198.663513,-0.014842,0.497546,0.013606,0.867204,141.336243,328.150421,-146.624512,0.003138,-0.007517,-0.004322,0.999958,225.565598,162.501907,-179.023727,-0.100422,0.001098,-0.043846,0.993978,212.770248,195.561844,-200.291443
275,2.750000,-0.159596,0.013096,-0.028906,0.986672,202.811432,205.360199,-205.691177,-0.181637,-0.021099,-0.024111,0.982844,243.462601,199.213898,-198.694733,-0.014884,0.497396,0.013451,0.867292,141.441971,328.156006,-146.800827,0.003065,-0.007484,-0.004402,0.999958,225.538879,162.489685,-179.043747,-0.100422,0.001098,-0.043846,0.993978,212.770248,195.561844,-200.291443
276,2.760000,-0.160807,0.012202,-0.029880,0.986458,202.795090,205.298309,-205.749619,-0.182570,-0.021410,-0.024252,0.982661,243.456802,199.155380,-198.736969,-0.014691,0.497636,0.013602,0.867155,141.535889,328.173615,-146.987579,0.002977,-0.007522,-0.004358,0.999958,225.519928,162.482498,-179.069763,-0.100422,0.001098,-0.043846,0.993978,212.770248,195.561844,-200.291443
277,2.770000,-0.162403,0.010499,-0.030948,0.986183,202.799820,205.243073,-205.795380,-0.183177,-0.021580,-0.024294,0.982543,243.459976,199.094406,-198.766830,-0.014613,0.497774,0.013779,0.867074,141.646667,328.192688,-147.185837,0.002889,-0.007562,-0.004355,0.999958,225.511993,162.478134,-179.088272,-0.100422,0.001098,-0.043846,0.993978,212.770248,195.561844,-200.291443
278,2.780000,-0.164033,0.010641,-0.031343,0.985900,202.806717,205.171982,-205.814163,-0.184497,-0.022004,-0.024412,0.982283,243.468872,199.018433,-198.756058,-0.014631,0.497678,0.013808,0.867129,141.746826,328.199310,-147.379929,0.002850,-0.007604,-0.004345,0.999958,225.502365,162.475662,-179.082230,-0.100422,0.001098,-0.043846,0.993978,212.770248,195.561844,-200.291443
279,2.790000,-0.164408,0.010533,-0.030986,0.985849,202.834976,205.103790,-205.830704,-0.185190,-0.022523,-0.024915,0.982129,243.475662,198.949814,-198.730713,-0.014497,0.497595,0.013909,0.867177,141.876694,328.206665,-147.585846,0.002817,-0.007711,-0.004351,0.999957,225.500473,162.477280,-179.057236,-0.100422,0.001098,-0.043846,0.993978,212.770248,195.561844,-200.291443
280,2.800000,-0.165176,0.007505,-0.030125,0.985775,202.880997,205.035049,-205.865128,-0.186655,-0.024204,-0.025150,0.981805,243.513977,198.881851,-198.695282,-0.014383,0.497686,0.013846,0.867128,142.009521,328.239410,-147.804718,0.002774,-0.007777,-0.004257,0.999957,225.522919,162.485367,-179.028732,-0.100422,0.001098,-0.043846,0.993978,212.770248,195.561844,-200.291443
281,2.810000,-0.166472,0.005058,-0.030896,0.985549,202.933151,204.967026,-205.867279,-0.186237,-0.023183,-0.024824,0.981918,243.578903,198.812164,-198.660690,-0.014404,0.497746,0.013928,0.867091,142.136429,328.273621,-148.005310,0.002800,-0.007803,-0.004404,0.999956,225.547897,162.488190,-178.998627,-0.100422,0.001098,-0.043846,0.993978,212.770248,195.561844,-200.291443
282,2.820000,-0.165723,0.007164,-0.030576,0.985672,202.998352,204.915009,-205.863205,-0.187276,-0.023562,-0.024430,0.981721,243.635330,198.754150,-198.618347,-0.014219,0.497636,0.014057,0.867156,142.284393,328.301758,-148.201935,0.002866,-0.007833,-0.004463,0.999955,225.570816,162.489014,-178.967880,-0.100422,0.001098,-0.043846,0.993978,212.770248,195.561844,-200.291443
283,2.830000,-0.164952,0.008519,-0.031114,0.985774,203.056534,204.864166,-205.876663,-0.187854,-0.023478,-0.024188,0.981618,243.668396,198.704956,-198.591354,-0.014169,0.497505,0.013767,0.867236,142.419785,328.325256,-148.413635,0.002875,-0.007770,-0.004479,0.999956,225.589249,162.490921,-178.953506,-0.100422,0.001098,-0.043846,0.993978,212.770248,195.561844,-200.291443
284,2.840000,-0.166203,0.007696,-0.032387,0.985530,203.096741,204.807968,-205.908173,-0.188095,-0.023098,-0.024070,0.981584,243.696320,198.663605,-198.593750,-0.014069,0.497516,0.013960,0.867228,142.526596,328.325012,-148.615417,0.002001,-0.007832,-0.004522,0.999957,225.603302,162.495285,-178.942902,-0.100422,0.001098,-0.043846,0.993978,212.770248,195.561844,-200.291443
285,2.850000,-0.167605,0.007148,-0.032793,0.985283,203.122589,204.747498,-205.957031,-0.188449,-0.023510,-0.024388,0.981499,243.724670,198.605103,-198.602539,-0.014258,0.497371,0.013850,0.867311,142.644226,328.313416,-148.821136,0.002475,-0.007914,-0.004518,0.999955,225.608002,162.479828,-178.974594,-0.100422,0.001098,-0.043846,0.993978,212.770248,195.561844,-200.291443
286,2.860000,-0.167747,0.006673,-0.031751,0.985296,203.149338,204.677841,-206.013321,-0.189265,-0.024958,-0.024822,0.981295,243.731964,198.537369,-198.630905,-0.014256,0.497867,0.013978,0.867023,142.779846,328.329865,-149.061890,0.002574,-0.007980,-0.004568,0.999954,225.606949,162.470901,-178.999405,-0.100422,0.001098,-0.043846,0.993978,212.770248,195.561844,-200.291443
287,2.870000,-0.168819,0.005809,-0.031672,0.985121,203.182144,204.607285,-206.070450,-0.190170,-0.024961,-0.025245,0.981109,243.764740,198.477814,-198.650192,-0.014174,0.497817,0.014101,0.867052,142.875961,328.327789,-149.261902,0.002480,-0.008000,-0.004503,0.999955,225.608673,162.466537,-179.017120,-0.100422,0.001098,-0.043846,0.993978,212.770248,195.561844,-200.291443
288,2.880000,-0.169839,0.005476,-0.032197,0.984931,203.204208,204.548782,-206.110260,-0.190899,-0.024770,-0.025921,0.980955,243.786377,198.421356,-198.663177,-0.014306,0.497622,0.013827,0.867166,142.988846,328.335449,-149.461197,0.002349,-0.008069,-0.004510,0.999955,225.614258,162.466415,-179.022568,-0.100422,0.001098,-0.043846,0.993978,212.770248,195.561844,-200.291443
289,2.890000,-0.170696,0.004218,-0.032668,0.984773,203.239899,204.492538,-206.142090,-0.192203,-0.025293,-0.025928,0.980687,243.816345,198.352539,-198.630081,-0.014159,0.497816,0.014163,0.867051,143.093628,328.332397,-149.662323,0.002320,-0.008149,-0.004462,0.999954,225.619888,162.470245,-179.011459,-0.100422,0.001098,-0.043846,0.993978,212.770248,195.561844,-200.291443
290,2.900000,-0.172069,0.003196,-0.033444,0.984512,203.280045,204.433228,-206.153091,-0.191603,-0.021765,-0.024930,0.980914,243.836075,198.288300,-198.539505,-0.014233,0.497805,0.014017,0.867059,143.210312,328.333984,-149.872406,0.001688,-0.008321,-0.004518,0.999954,225.628403,162.480103,-178.971863,-0.100422,0.001098,-0.043846,0.993978,212.770248,195.561844,-200.291443
291,2.910000,-0.172791,0.002669,-0.033680,0.984379,203.319992,204.369095,-206.145874,-0.192808,-0.024522,-0.025768,0.980592,243.874741,198.251556,-198.523743,-0.013860,0.497905,0.014438,0.867001,143.305618,328.347748,-150.068451,0.001682,-0.008615,-0.004486,0.999951,225.633347,162.483383,-178.930435,-0.100422,0.001098,-0.043846,0.993978,212.770248,195.561844,-200.291443
292,2.920000,-0.173351,0.002802,-0.033010,0.984303,203.384109,204.305527,-206.148911,-0.193653,-0.026892,-0.026263,0.980350,243.939880,198.181732,-198.463486,-0.013928,0.497745,0.014271,0.867094,143.413055,328.371918,-150.247391,0.002105,-0.008868,-0.004442,0.999949,225.651932,162.493683,-178.877625,-0.100422,0.001098,-0.043846,0.993978,212.770248,195.561844,-200.291443
293,2.930000,-0.173084,0.003193,-0.031519,0.984397,203.478149,204.252365,-206.148026,-0.193381,-0.026091,-0.026177,0.980428,244.004181,198.134064,-198.417038,-0.014066,0.497705,0.014074,0.867118,143.542679,328.396362,-150.435898,0.002481,-0.009783,-0.004311,0.999940,225.695618,162.498550,-178.817993,-0.100422,0.001098,-0.043846,0.993978,212.770248,195.561844,-200.291443
294,2.940000,-0.174175,0.005651,-0.031460,0.984196,203.559921,204.199051,-206.165527,-0.194691,-0.026714,-0.026013,0.980156,244.079437,198.078751,-198.374207,-0.013893,0.497795,0.014269,0.867066,143.656906,328.396820,-150.630432,0.002609,-0.010034,-0.004281,0.999937,225.732025,162.498428,-178.796982,-0.100422,0.001098,-0.043846,0.993978,212.770248,195.561844,-200.291443
295,2.950000,-0.175588,0.006673,-0.031907,0.983924,203.630173,204.149292,-206.186218,-0.195726,-0.027970,-0.026409,0.979904,244.144073,198.029984,-198.355713,-0.013929,0.497683,0.013971,0.867135,143.789825,328.391022,-150.837952,0.002773,-0.010278,-0.004388,0.999934,225.770508,162.498642,-178.792343,-0.100422,0.001098,-0.043846,0.993978,212.770248,195.561844,-200.291443
296,2.960000,-0.175856,0.006393,-0.031915,0.983878,203.701080,204.123795,-206.223389,-0.196123,-0.028784,-0.027163,0.979780,244.201218,197.990112,-198.352753,-0.013795,0.497795,0.014180,0.867069,143.904251,328.382446,-151.020309,0.002738,-0.010290,-0.004419,0.999934,225.790604,162.500809,-178.794449,-0.100422,0.001098,-0.043846,0.993978,212.770248,195.561844,-200.291443
297,2.970000,-0.175888,0.006179,-0.032198,0.983864,203.737076,204.078476,-206.245056,-0.196325,-0.028680,-0.027272,0.979740,244.216476,197.943512,-198.323196,-0.014006,0.497614,0.014062,0.867172,144.022141,328.390869,-151.196640,0.002471,-0.010195,-0.004424,0.999935,225.785019,162.507050,-178.781784,-0.100422,0.001098,-0.043846,0.993978,212.770248,195.561844,-200.291443
298,2.980000,-0.175587,0.005150,-0.032311,0.983920,203.750366,204.026245,-206.259598,-0.196591,-0.029231,-0.027984,0.979650,244.234009,197.886429,-198.301559,-0.014156,0.497647,0.013895,0.867153,144.130096,328.415955,-151.382385,0.002422,-0.010034,-0.004416,0.999937,225.775101,162.511230,-178.774826,-0.100422,0.001098,-0.043846,0.993978,212.770248,195.561844,-200.291443
299,2.990000,-0.177092,0.002164,-0.033413,0.983625,203.763977,203.952164,-206.288727,-0.197252,-0.030171,-0.028528,0.979473,244.255692,197.821045,-198.284500,-0.014042,0.497897,0.014191,0.867006,144.226959,328.430725,-151.569687,0.002370,-0.009868,-0.004414,0.999939,225.767578,162.513596,-178.780823,-0.100422,0.001098,-0.043846,0.993978,212.770248,195.561844,-200.291443
300,3.000000,-0.177878,-0.000097,-0.033562,0.983480,203.787109,203.889435,-206.331375,-0.198276,-0.030637,-0.028694,0.979247,244.266205,197.759048,-198.282867,-0.014102,0.498132,0.014296,0.866869,144.326065,328.435486,-151.761490,0.002231,-0.009867,-0.004407,0.999939,225.771011,162.508911,-178.793045,-0.100422,0.001098,-0.043846,0.993978,212.770248,195.561844,-200.291443
301,3.010000,-0.178226,0.000142,-0.034365,0.983389,203.826340,203.832779,-206.359619,-0.198954,-0.031049,-0.028782,0.979094,244.296860,197.706543,-198.277206,-0.014179,0.498067,0.014259,0.866906,144.428436,328.429871,-151.945145,0.002141,-0.009914,-0.004420,0.999939,225.779175,162.507050,-178.795731,-0.100422,0.001098,-0.043846,0.993978,212.770248,195.561844,-200.291443
302,3.020000,-0.177952,0.000317,-0.034102,0.983448,203.879364,203.790070,-206.388641,-0.199377,-0.030533,-0.028721,0.979026,244.317520,197.651001,-198.266083,-0.014155,0.498013,0.014221,0.866937,144.540771,328.428925,-152.121338,0.002208,-0.009958,-0.004436,0.999938,225.785019,162.505371,-178.789841,-0.100422,0.001098,-0.043846,0.993978,212.770248,195.561844,-200.291443
303,3.030000,-0.178533,0.001537,-0.033855,0.983350,203.915405,203.734695,-206.400406,-0.199918,-0.030374,-0.027913,0.978944,244.362198,197.579437,-198.242218,-0.014205,0.497792,0.014099,0.867066,144.649689,328.431305,-152.294571,0.002235,-0.010090,-0.004454,0.999937,225.789200,162.503693,-178.777756,-0.100422,0.001098,-0.043846,0.993978,212.770248,195.561844,-200.291443
304,3.040000,-0.179218,0.002304,-0.033711,0.983229,203.958572,203.683258,-206.429459,-0.200300,-0.030496,-0.028267,0.978852,244.386459,197.537628,-198.227554,-0.014025,0.497753,0.014042,0.867092,144.746704,328.443970,-152.464355,0.002299,-0.010170,-0.004470,0.999936,225.791077,162.500931,-178.771851,-0.100422,0.001098,-0.043846,0.993978,212.770248,195.561844,-200.291443
305,3.050000,-0.179069,0.002547,-0.033030,0.983279,203.997009,203.626266,-206.455902,-0.200596,-0.030869,-0.028917,0.978761,244.420685,197.480469,-198.207642,-0.013855,0.497782,0.014270,0.867074,144.856384,328.448334,-152.658707,0.002331,-0.010309,-0.004461,0.999934,225.792633,162.497253,-178.770935,-0.100422,0.001098,-0.043846,0.993978,212.770248,195.561844,-200.291443
306,3.060000,-0.179148,0.002343,-0.032495,0.983283,204.032913,203.577866,-206.494125,-0.201764,-0.031480,-0.029431,0.978486,244.456726,197.412659,-198.200226,-0.013921,0.497813,0.014216,0.867056,144.958313,328.445160,-152.845978,0.002344,-0.010334,-0.004467,0.999934,225.792831,162.492157,-178.778641,-0.100422,0.001098,-0.043846,0.993978,212.770248,195.561844,-200.291443
307,3.070000,-0.179682,0.000673,-0.032168,0.983198,204.054947,203.522430,-206.555313,-0.202929,-0.033005,-0.030330,0.978167,244.464279,197.347672,-198.212463,-0.013895,0.497739,0.014333,0.867097,145.048248,328.442749,-153.039963,0.002335,-0.010407,-0.004470,0.999933,225.782990,162.487259,-178.798553,-0.100422,0.001098,-0.043846,0.993978,212.770248,195.561844,-200.291443
308,3.080000,-0.182552,-0.001008,-0.034089,0.982605,204.057297,203.456955,-206.609802,-0.203702,-0.033090,-0.030451,0.978000,244.465027,197.292999,-198.240631,-0.013823,0.497658,0.014331,0.867145,145.119446,328.452515,-153.239029,0.002342,-0.010174,-0.004554,0.999935,225.771210,162.479111,-178.835159,-0.100422,0.001098,-0.043846,0.993978,212.770248,195.561844,-200.291443
309,3.090000,-0.184242,-0.001515,-0.035469,0.982240,204.066910,203.406296,-206.681519,-0.203875,-0.032862,-0.030380,0.977974,244.463638,197.241547,-198.275208,-0.013977,0.497635,0.014328,0.867155,145.205643,328.451080,-153.436722,0.002079,-0.009913,-0.004485,0.999939,225.755478,162.472855,-178.878128,-0.100422,0.001098,-0.043846,0.993978,212.770248,195.561844,-200.291443
310,3.100000,-0.185411,-0.003478,-0.035560,0.982011,204.078384,203.349731,-206.776367,-0.204085,-0.032934,-0.030622,0.977920,244.463974,197.198883,-198.325333,-0.014071,0.497641,0.014245,0.867152,145.317276,328.445129,-153.647766,0.001507,-0.009555,-0.004395,0.999944,225.745697,162.461853,-178.949036,-0.100422,0.001098,-0.043846,0.993978,212.770248,195.561844,-200.291443
311,3.110000,-0.185628,-0.005261,-0.035383,0.981969,204.088989,203.294434,-206.849045,-0.204558,-0.033350,-0.030823,0.977800,244.475906,197.147217,-198.371796,-0.014119,0.497734,0.014304,0.867097,145.427826,328.445435,-153.841202,0.001358,-0.009512,-0.004428,0.999944,225.737656,162.456131,-178.994171,-0.100422,0.001098,-0.043846,0.993978,212.770248,195.561844,-200.291443
312,3.120000,-0.185565,-0.004661,-0.035804,0.981968,204.115738,203.248901,-206.904221,-0.205182,-0.033877,-0.031040,0.977645,244.480865,197.094238,-198.406082,-0.014162,0.497794,0.014344,0.867061,145.524185,328.459442,-154.033981,0.001306,-0.009374,-0.004456,0.999945,225.721985,162.444809,-179.023300,-0.100422,0.001098,-0.043846,0.993978,212.770248,195.561844,-200.291443
313,3.130000,-0.185106,-0.004806,-0.036125,0.982043,204.137375,203.182663,-206.952713,-0.205337,-0.033650,-0.031106,0.977618,244.518707,197.015182,-198.398041,-0.014139,0.497830,0.014319,0.867041,145.639145,328.477905,-154.251266,0.001292,-0.009353,-0.004461,0.999946,225.712463,162.443176,-179.036972,-0.100422,0.001098,-0.043846,0.993978,212.770248,195.561844,-200.291443
314,3.140000,-0.184805,-0.003937,-0.036572,0.982087,204.174988,203.126358,-206.978119,-0.206298,-0.034185,-0.031340,0.977390,244.540604,196.939987,-198.381439,-0.014166,0.497978,0.014502,0.866953,145.749451,328.491699,-154.446777,0.001257,-0.009377,-0.004471,0.999945,225.709641,162.442764,-179.037140,-0.100422,0.001098,-0.043846,0.993978,212.770248,195.561844,-200.291443
315,3.150000,-0.185258,-0.002367,-0.036961,0.981992,204.230576,203.077438,-206.997009,-0.206818,-0.035018,-0.031403,0.977248,244.584152,196.898117,-198.368698,-0.013996,0.498207,0.014858,0.866818,145.862579,328.504578,-154.639954,0.001232,-0.009407,-0.004547,0.999945,225.725815,162.444183,-179.034134,-0.100422,0.001098,-0.043846,0.993978,212.770248,195.561844,-200.291443
316,3.160000,-0.185610,-0.002351,-0.035449,0.981981,204.307800,203.022675,-207.017441,-0.207040,-0.035055,-0.030336,0.977234,244.661942,196.840622,-198.341232,-0.014000,0.497961,0.014670,0.866962,145.977051,328.520935,-154.846909,0.001233,-0.009471,-0.004574,0.999944,225.757278,162.443222,-179.027496,-0.100422,0.001098,-0.043846,0.993978,212.770248,195.561844,-200.291443
317,3.170000,-0.185329,-0.002386,-0.034482,0.982068,204.395691,202.969589,-207.049026,-0.207575,-0.035300,-0.030709,0.977100,244.735901,196.789642,-198.331451,-0.014110,0.497762,0.014363,0.867080,146.120773,328.529572,-155.055695,0.001412,-0.009691,-0.004688,0.999941,225.807373,162.439240,-179.027817,-0.100422,0.001098,-0.043846,0.993978,212.770248,195.561844,-200.291443
318,3.180000,-0.186629,-0.002704,-0.035513,0.981785,204.479309,202.923050,-207.100800,-0.208557,-0.036165,-0.031741,0.976826,244.823776,196.738541,-198.350586,-0.013900,0.497953,0.014615,0.866969,146.274780,328.529938,-155.267929,0.001359,-0.009834,-0.004778,0.999939,225.858521,162.434387,-179.050339,-0.100422,0.001098,-0.043846,0.993978,212.770248,195.561844,-200.291443
319,3.190000,-0.188956,-0.005202,-0.036610,0.981289,204.580643,202.868500,-207.189484,-0.210318,-0.036994,-0.032642,0.976387,244.900452,196.659500,-198.366486,-0.013968,0.497939,0.014387,0.866980,146.411316,328.541870,-155.475922,0.001353,-0.009985,-0.004982,0.999937,225.900772,162.426437,-179.080734,-0.100422,0.001098,-0.043846,0.993978,212.770248,195.561844,-200.291443
320,3.200000,-0.189754,-0.005766,-0.036752,0.981127,204.639114,202.822693,-207.252609,-0.210674,-0.037639,-0.033402,0.976260,244.942841,196.601913,-198.384216,-0.013733,0.498012,0.014700,0.866937,146.521332,328.548004,-155.702942,0.001336,-0.010080,-0.005031,0.999936,225.911346,162.419266,-179.114685,-0.100422,0.001098,-0.043846,0.993978,212.770248,195.561844,-200.291443
321,3.210000,-0.190820,-0.005005,-0.037001,0.980915,204.677856,202.775085,-207.320526,-0.209050,-0.033878,-0.032454,0.976779,244.969315,196.544785,-198.358154,-0.013791,0.498167,0.014863,0.866844,146.623505,328.559784,-155.924362,0.001279,-0.010118,-0.005021,0.999935,225.900421,162.412415,-179.142212,-0.100422,0.001098,-0.043846,0.993978,212.770248,195.561844,-200.291443
322,3.220000,-0.191041,-0.004905,-0.037100,0.980868,204.699524,202.716324,-207.372269,-0.208143,-0.029491,-0.031888,0.977134,244.961441,196.465408,-198.342850,-0.013502,0.500628,0.016592,0.865398,146.777695,328.633148,-156.230774,0.001256,-0.010014,-0.004915,0.999937,225.873657,162.406967,-179.157333,-0.100422,0.001098,-0.043846,0.993978,212.770248,195.561844,-200.291443
323,3.230000,-0.190666,-0.005326,-0.036835,0.980949,204.720612,202.653275,-207.421158,-0.208423,-0.029871,-0.032349,0.977047,244.982086,196.393433,-198.347992,-0.013574,0.500993,0.016685,0.865184,146.905151,328.671265,-156.471603,0.001224,-0.009955,-0.004848,0.999938,225.858154,162.398590,-179.173813,-0.100422,0.001098,-0.043846,0.993978,212.770248,195.561844,-200.291443
324,3.240000,-0.191056,-0.006345,-0.036943,0.980863,204.753342,202.595016,-207.474777,-0.209838,-0.030753,-0.032456,0.976713,245.004166,196.309769,-198.356918,-0.013344,0.500914,0.016844,0.865230,147.030899,328.685760,-156.682983,0.001686,-0.009944,-0.004858,0.999937,225.850510,162.389664,-179.206512,-0.100422,0.001098,-0.043846,0.993978,212.770248,195.561844,-200.291443
325,3.250000,-0.191836,-0.006604,-0.037752,0.980678,204.808258,202.511276,-207.517395,-0.208040,-0.037361,-0.033853,0.976820,245.025009,196.190033,-198.322433,-0.013399,0.500561,0.016651,0.865438,147.153107,328.691437,-156.896362,0.001798,-0.010035,-0.004842,0.999936,225.862823,162.388992,-179.229416,-0.100422,0.001098,-0.043846,0.993978,212.770248,195.561844,-200.291443
326,3.260000,-0.192189,-0.006567,-0.037213,0.980630,204.846344,202.449341,-207.557480,-0.211318,-0.047709,-0.036716,0.975562,245.074921,196.107819,-198.370941,-0.013495,0.500332,0.016249,0.865576,147.280243,328.706329,-157.101974,0.001867,-0.010239,-0.004870,0.999934,225.887344,162.379242,-179.253189,-0.100422,0.001098,-0.043846,0.993978,212.770248,195.561844,-200.291443
327,3.270000,-0.192610,-0.006522,-0.037608,0.980533,204.901062,202.405640,-207.605957,-0.212917,-0.051073,-0.037880,0.974999,245.122574,196.052826,-198.391907,-0.013273,0.500325,0.016404,0.865581,147.407303,328.725220,-157.311905,0.001565,-0.009979,-0.004980,0.999937,225.913574,162.374603,-179.284668,-0.100422,0.001098,-0.043846,0.993978,212.770248,195.561844,-200.291443
328,3.280000,-0.194083,-0.008493,-0.038326,0.980199,204.948242,202.338272,-207.680435,-0.212905,-0.050677,-0.037771,0.975027,245.160553,195.977844,-198.418167,-0.013232,0.500362,0.016457,0.865559,147.524323,328.744019,-157.515533,0.001499,-0.010013,-0.005010,0.999936,225.936050,162.368744,-179.320099,-0.100422,0.001098,-0.043846,0.993978,212.770248,195.561844,-200.291443
329,3.290000,-0.196160,-0.010009,-0.039801,0.979713,205.004395,202.291595,-207.755737,-0.212666,-0.050059,-0.037351,0.975127,245.224518,195.923096,-198.465012,-0.013292,0.500052,0.016175,0.865742,147.653458,328.756927,-157.728516,0.001344,-0.010213,-0.005159,0.999934,225.956619,162.366241,-179.365829,-0.100422,0.001098,-0.043846,0.993978,212.770248,195.561844,-200.291443
330,3.300000,-0.196511,-0.009860,-0.039349,0.979662,205.071838,202.223633,-207.830429,-0.213738,-0.050413,-0.038330,0.974836,245.271118,195.846924,-198.496521,-0.013171,0.500085,0.016254,0.865723,147.771210,328.770386,-157.950333,0.001267,-0.010300,-0.005221,0.999933,225.973297,162.359772,-179.399765,-0.100422,0.001098,-0.043846,0.993978,212.770248,195.561844,-200.291443
331,3.310000,-0.196839,-0.008097,-0.038362,0.979652,205.113678,202.153229,-207.888062,-0.214938,-0.051502,-0.038606,0.974504,245.299103,195.776001,-198.510193,-0.013119,0.500097,0.016388,0.865715,147.882187,328.772095,-158.165512,0.001367,-0.010319,-0.005170,0.999933,225.987305,162.353699,-179.425705,-0.100422,0.001098,-0.043846,0.993978,212.770248,195.561844,-200.291443
332,3.320000,-0.197569,-0.006023,-0.037585,0.979550,205.133453,202.100403,-207.934006,-0.215554,-0.052034,-0.038910,0.974328,245.316406,195.704758,-198.519684,-0.013237,0.499971,0.016111,0.865791,148.006241,328.786652,-158.368774,0.002387,-0.011575,-0.004558,0.999920,225.959641,162.357224,-179.413193,-0.100422,0.001098,-0.043846,0.993978,212.770248,195.561844,-200.291443
333,3.330000,-0.197609,-0.005622,-0.037357,0.979553,205.159698,202.039413,-207.980728,-0.216530,-0.052351,-0.038824,0.974098,245.337921,195.629517,-198.526443,-0.013221,0.500212,0.016164,0.865651,148.130066,328.807343,-158.560760,0.002287,-0.011535,-0.004601,0.999920,225.961502,162.352585,-179.437729,-0.100422,0.001098,-0.043846,0.993978,212.770248,195.561844,-200.291443
334,3.340000,-0.197429,-0.005693,-0.037471,0.979584,205.188309,201.990677,-208.031815,-0.216983,-0.052994,-0.039676,0.973928,245.357590,195.548508,-198.547241,-0.013026,0.500091,0.016350,0.865721,148.240494,328.829163,-158.765152,0.002315,-0.011489,-0.004600,0.999921,225.969086,162.344086,-179.472824,-0.100422,0.001098,-0.043846,0.993978,212.770248,195.561844,-200.291443
335,3.350000,-0.198028,-0.005506,-0.038064,0.979442,205.232666,201.938095,-208.087631,-0.217351,-0.052895,-0.039384,0.973863,245.403076,195.470306,-198.584656,-0.013082,0.499994,0.016080,0.865781,148.353882,328.843414,-158.954865,0.002144,-0.011445,-0.004644,0.999921,225.985870,162.335144,-179.510269,-0.100422,0.001098,-0.043846,0.993978,212.770248,195.561844,-200.291443
336,3.360000,-0.199370,-0.006449,-0.038305,0.979154,205.269135,201.861160,-208.139740,-0.218440,-0.053131,-0.039957,0.973583,245.440781,195.399673,-198.602036,-0.013147,0.500048,0.016035,0.865750,148.461411,328.844788,-159.132339,0.002694,-0.011400,-0.004632,0.999921,226.000992,162.326828,-179.545105,-0.100422,0.001098,-0.043846,0.993978,212.770248,195.561844,-200.291443
337,3.370000,-0.200574,-0.007207,-0.039386,0.978860,205.303299,201.807953,-208.163727,-0.219228,-0.053823,-0.040512,0.973345,245.471603,195.340134,-198.601746,-0.013038,0.499954,0.016127,0.865804,148.561142,328.851868,-159.313049,0.002690,-0.011357,-0.004690,0.999921,226.016724,162.321808,-179.561722,-0.100422,0.001098,-0.043846,0.993978,212.770248,195.561844,-200.291443
338,3.380000,-0.200812,-0.007669,-0.039723,0.978794,205.334335,201.749374,-208.183167,-0.219467,-0.053576,-0.040559,0.973303,245.500763,195.293060,-198.596191,-0.012940,0.500070,0.016045,0.865740,148.679657,328.877991,-159.494827,0.002701,-0.011423,-0.004691,0.999920,226.023956,162.319305,-179.563705,-0.100422,0.001098,-0.043846,0.993978,212.770248,195.561844,-200.291443
339,3.390000,-0.200931,-0.008592,-0.040763,0.978719,205.376572,201.703857,-208.211060,-0.219747,-0.053786,-0.040845,0.973216,245.522247,195.245621,-198.585953,-0.012795,0.499890,0.016156,0.865844,148.776199,328.886963,-159.651505,0.002696,-0.011463,-0.004706,0.999920,226.027344,162.318863,-179.562500,-0.100422,0.001098,-0.043846,0.993978,212.770248,195.561844,-200.291443
340,3.400000,-0.201202,-0.008411,-0.039784,0.978705,205.379852,201.638947,-208.223709,-0.220405,-0.053676,-0.040824,0.973075,245.529144,195.190384,-198.575470,-0.012001,0.500483,0.017419,0.865488,148.854645,328.891449,-159.775742,0.002680,-0.011485,-0.004721,0.999919,226.027908,162.317932,-179.562653,-0.100422,0.001098,-0.043846,0.993978,212.770248,195.561844,-200.291443
341,3.410000,-0.201647,-0.007990,-0.039367,0.978634,205.415482,201.580963,-208.252930,-0.221834,-0.054136,-0.040965,0.972718,245.544067,195.118881,-198.560043,-0.012628,0.499912,0.016130,0.865834,148.975082,328.922363,-159.996582,0.002660,-0.011524,-0.004721,0.999919,226.030426,162.316315,-179.564545,-0.100422,0.001098,-0.043846,0.993978,212.770248,195.561844,-200.291443
342,3.420000,-0.202040,-0.008049,-0.038669,0.978581,205.455048,201.515198,-208.290619,-0.222765,-0.054440,-0.041113,0.972482,245.562057,195.056213,-198.557663,-0.012731,0.499912,0.016023,0.865834,149.088608,328.936066,-160.178497,0.002653,-0.011565,-0.004736,0.999918,226.037781,162.313690,-179.569351,-0.100422,0.001098,-0.043846,0.993978,212.770248,195.561844,-200.291443
343,3.430000,-0.202668,-0.008865,-0.038374,0.978455,205.489029,201.465393,-208.328979,-0.223232,-0.055320,-0.041887,0.972293,245.610229,194.988373,-198.572617,-0.011775,0.500845,0.017838,0.865273,149.146439,328.919769,-160.295517,0.002515,-0.011664,-0.004880,0.999917,226.056046,162.304016,-179.587814,-0.100422,0.001098,-0.043846,0.993978,212.770248,195.561844,-200.291443
344,3.440000,-0.204992,-0.010485,-0.040269,0.977879,205.532761,201.413422,-208.363342,-0.224128,-0.056420,-0.042358,0.972003,245.643921,194.935364,-198.588409,-0.012750,0.500246,0.016341,0.865635,149.267242,328.940521,-160.521942,0.002419,-0.011721,-0.004941,0.999916,226.073563,162.300003,-179.603683,-0.100422,0.001098,-0.043846,0.993978,212.770248,195.561844,-200.291443
345,3.450000,-0.205389,-0.011054,-0.040265,0.977789,205.576157,201.360992,-208.406281,-0.224570,-0.056387,-0.041882,0.971923,245.677231,194.877335,-198.595322,-0.012792,0.500208,0.016357,0.865656,149.350677,328.938019,-160.691833,0.002317,-0.011743,-0.005045,0.999916,226.084351,162.290253,-179.628662,-0.100422,0.001098,-0.043846,0.993978,212.770248,195.561844,-200.291443
346,3.460000,-0.206446,-0.010764,-0.040598,0.977556,205.614670,201.324417,-208.461014,-0.224812,-0.056122,-0.041901,0.971882,245.696747,194.833359,-198.616119,-0.011979,0.500977,0.017951,0.865192,149.437988,328.925232,-160.814194,0.002193,-0.011633,-0.005112,0.999917,226.094788,162.285614,-179.660446,-0.100422,0.001098,-0.043846,0.993978,212.770248,195.561844,-200.291443
347,3.470000,-0.207912,-0.012609,-0.041527,0.977184,205.625870,201.269974,-208.514877,-0.225204,-0.055412,-0.041828,0.971835,245.698196,194.780197,-198.642715,-0.011977,0.501140,0.018030,0.865095,149.534607,328.927124,-160.971008,0.001930,-0.011306,-0.005111,0.999921,226.091995,162.282547,-179.694183,-0.100422,0.001098,-0.043846,0.993978,212.770248,195.561844,-200.291443
348,3.480000,-0.208546,-0.013580,-0.041966,0.977018,205.610443,201.214188,-208.550964,-0.225960,-0.054941,-0.041727,0.971691,245.677765,194.715210,-198.658432,-0.012752,0.500411,0.016715,0.865533,149.648010,328.957062,-161.183365,0.001772,-0.011132,-0.005088,0.999924,226.071625,162.278748,-179.717621,-0.100422,0.001098,-0.043846,0.993978,212.770248,195.561844,-200.291443
349,3.490000,-0.208776,-0.013453,-0.041919,0.976972,205.607239,201.167465,-208.579971,-0.226708,-0.055137,-0.042141,0.971487,245.656509,194.648834,-198.668488,-0.011909,0.500947,0.018013,0.865209,149.704849,328.959167,-161.293213,0.001944,-0.011112,-0.005043,0.999924,226.053131,162.272766,-179.737839,-0.100422,0.001098,-0.043846,0.993978,212.770248,195.561844,-200.291443
350,3.500000,-0.209294,-0.013763,-0.041799,0.976862,205.626740,201.096939,-208.611481,-0.227476,-0.055295,-0.042039,0.971303,245.655823,194.589523,-198.665726,-0.011794,0.500911,0.017882,0.865234,149.786118,328.968292,-161.463455,0.001932,-0.011034,-0.004993,0.999925,226.043701,162.268784,-179.742493,-0.100422,0.001098,-0.043846,0.993978,212.770248,195.561844,-200.291443
351,3.510000,-0.210095,-0.014091,-0.041843,0.976684,205.650024,201.042496,-208.632507,-0.228185,-0.055507,-0.042525,0.971104,245.684128,194.536362,-198.661041,-0.012610,0.500375,0.016578,0.865558,149.916000,328.991394,-161.675949,0.001938,-0.011056,-0.004963,0.999925,226.045959,162.266464,-179.743698,-0.100422,0.001098,-0.043846,0.993978,212.770248,195.561844,-200.291443
352,3.520000,-0.209847,-0.013747,-0.042126,0.976730,205.688995,200.989258,-208.659332,-0.229122,-0.057186,-0.043288,0.970752,245.725967,194.482391,-198.666550,-0.011916,0.500800,0.017638,0.865301,149.988525,328.976685,-161.791168,0.001922,-0.011115,-0.004977,0.999924,226.067245,162.263260,-179.749817,-0.100422,0.001098,-0.043846,0.993978,212.770248,195.561844,-200.291443
353,3.530000,-0.210494,-0.012742,-0.042727,0.976578,205.737549,200.934708,-208.672546,-0.229328,-0.058876,-0.044012,0.970570,245.785721,194.423889,-198.665985,-0.011766,0.500898,0.018005,0.865239,150.081009,328.966827,-161.924667,0.001884,-0.011211,-0.005069,0.999923,226.095963,162.262726,-179.756882,-0.100422,0.001098,-0.043846,0.993978,212.770248,195.561844,-200.291443
354,3.540000,-0.211417,-0.013160,-0.044005,0.976316,205.801788,200.904861,-208.695511,-0.229978,-0.059179,-0.044401,0.970380,245.821457,194.371475,-198.661957,-0.011937,0.500746,0.017733,0.865330,150.199173,328.977386,-162.070038,0.001445,-0.010678,-0.005420,0.999927,226.132263,162.256546,-179.781830,-0.100422,0.001098,-0.043846,0.993978,212.770248,195.561844,-200.291443
355,3.550000,-0.212024,-0.014234,-0.044410,0.976151,205.836411,200.864410,-208.718979,-0.229985,-0.058399,-0.043889,0.970448,245.851685,194.325150,-198.660263,-0.012583,0.500557,0.016753,0.865450,150.329651,329.003723,-162.283249,0.001224,-0.010452,-0.005440,0.999930,226.150543,162.256683,-179.800003,-0.100422,0.001098,-0.043846,0.993978,212.770248,195.561844,-200.291443
356,3.560000,-0.212244,-0.014955,-0.044123,0.976106,205.852493,200.819626,-208.740555,-0.230228,-0.057472,-0.043632,0.970458,245.858963,194.287704,-198.660492,-0.011795,0.501263,0.018191,0.865023,150.365601,328.990021,-162.375366,0.001172,-0.010365,-0.005457,0.999931,226.150406,162.255676,-179.810745,-0.100422,0.001098,-0.043846,0.993978,212.770248,195.561844,-200.291443
357,3.570000,-0.212047,-0.015546,-0.045257,0.976087,205.847198,200.761139,-208.770309,-0.231098,-0.057313,-0.043590,0.970262,245.859589,194.242920,-198.657043,-0.011750,0.501368,0.018399,0.864959,150.411194,328.990387,-162.509659,0.001182,-0.010387,-0.005511,0.999930,226.134750,162.250732,-179.821274,-0.100422,0.001098,-0.043846,0.993978,212.770248,195.561844,-200.291443
358,3.580000,-0.212114,-0.016376,-0.045640,0.976041,205.842194,200.720383,-208.805847,-0.230823,-0.056903,-0.042735,0.970390,245.854523,194.199509,-198.673660,-0.012012,0.500917,0.017982,0.865225,150.456650,328.989349,-162.636475,0.001198,-0.010323,-0.005407,0.999931,226.107712,162.245758,-179.837143,-0.100422,0.001098,-0.043846,0.993978,212.770248,195.561844,-200.291443
359,3.590000,-0.212159,-0.017387,-0.045620,0.976015,205.844818,200.673080,-208.844223,-0.231336,-0.056325,-0.042249,0.970323,245.842606,194.142181,-198.683594,-0.012901,0.500309,0.016518,0.865593,150.559967,329.008148,-162.829422,0.001113,-0.010280,-0.005403,0.999932,226.092728,162.240509,-179.852432,-0.100422,0.001098,-0.043846,0.993978,212.770248,195.561844,-200.291443
360,3.600000,-0.212876,-0.018304,-0.045812,0.975833,205.855560,200.632187,-208.879547,-0.231940,-0.056603,-0.043028,0.970128,245.855560,194.089630,-198.686890,-0.012233,0.500766,0.017636,0.865316,150.605194,328.999054,-162.909332,0.001113,-0.010328,-0.005341,0.999932,226.083267,162.235672,-179.863693,-0.100422,0.001098,-0.043846,0.993978,212.770248,195.561844,-200.291443
361,3.610000,-0.214203,-0.018071,-0.045837,0.975546,205.871597,200.589981,-208.894943,-0.233084,-0.058366,-0.043480,0.969729,245.865448,194.042252,-198.695343,-0.011909,0.501032,0.018006,0.865159,150.685944,329.007080,-163.025940,0.001135,-0.010425,-0.005337,0.999931,226.086349,162.232147,-179.869797,-0.100422,0.001098,-0.043846,0.993978,212.770248,195.561844,-200.291443
362,3.620000,-0.215063,-0.017370,-0.046031,0.975360,205.899429,200.556122,-208.900696,-0.234102,-0.059883,-0.044312,0.969354,245.883911,193.987778,-198.669846,-0.012009,0.500794,0.017733,0.865301,150.760040,329.028046,-163.137054,0.001158,-0.010575,-0.005370,0.999929,226.098175,162.229538,-179.865707,-0.100422,0.001098,-0.043846,0.993978,212.770248,195.561844,-200.291443
363,3.630000,-0.215339,-0.017618,-0.045200,0.975334,205.951752,200.518127,-208.908524,-0.234744,-0.060373,-0.045047,0.969134,245.914276,193.949036,-198.645645,-0.011801,0.500723,0.017951,0.865341,150.837280,329.038147,-163.257538,0.001217,-0.010691,-0.005387,0.999928,226.113190,162.229340,-179.852737,-0.100422,0.001098,-0.043846,0.993978,212.770248,195.561844,-200.291443
364,3.640000,-0.216180,-0.017130,-0.045269,0.975153,205.980164,200.471954,-208.910568,-0.234558,-0.060229,-0.044888,0.969196,245.948303,193.923981,-198.625320,-0.011760,0.500870,0.018080,0.865254,150.919708,329.049408,-163.384384,0.001280,-0.010730,-0.005446,0.999927,226.125931,162.228851,-179.845230,-0.100422,0.001098,-0.043846,0.993978,212.770248,195.561844,-200.291443
365,3.650000,-0.216509,-0.016915,-0.045242,0.975085,205.996765,200.435013,-208.930405,-0.234590,-0.059826,-0.044638,0.969224,245.962280,193.884659,-198.622635,-0.011873,0.500952,0.017937,0.865208,150.993073,329.056824,-163.510254,0.001206,-0.010827,-0.005424,0.999926,226.129547,162.224731,-179.855026,-0.100422,0.001098,-0.043846,0.993978,212.770248,195.561844,-200.291443
366,3.660000,-0.216624,-0.017222,-0.045298,0.975052,206.010925,200.402405,-208.970367,-0.235266,-0.060052,-0.044749,0.969041,245.963211,193.845520,-198.642136,-0.011801,0.500947,0.017999,0.865211,151.049057,329.061493,-163.634430,0.001191,-0.010848,-0.005375,0.999926,226.121490,162.221313,-179.880417,-0.100422,0.001098,-0.043846,0.993978,212.770248,195.561844,-200.291443
367,3.670000,-0.217507,-0.016487,-0.045891,0.974840,206.025436,200.366928,-209.019791,-0.235856,-0.060347,-0.045076,0.968865,245.962143,193.809875,-198.666443,-0.011678,0.500935,0.018169,0.865216,151.097412,329.061340,-163.764328,0.001062,-0.011001,-0.005364,0.999925,226.119522,162.213501,-179.907013,-0.100422,0.001098,-0.043846,0.993978,212.770248,195.561844,-200.291443
368,3.680000,-0.217730,-0.016248,-0.045839,0.974797,206.039597,200.328262,-209.062515,-0.236541,-0.060147,-0.045059,0.968711,245.959991,193.773407,-198.684250,-0.012501,0.500309,0.016851,0.865593,151.172104,329.082581,-163.932053,0.000954,-0.010981,-0.005362,0.999925,226.113617,162.211090,-179.925232,-0.100422,0.001098,-0.043846,0.993978,212.770248,195.561844,-200.291443
369,3.690000,-0.218374,-0.015927,-0.046593,0.974622,206.074493,200.290756,-209.087875,-0.236921,-0.059765,-0.045054,0.968642,245.969696,193.735764,-198.682465,-0.011933,0.500838,0.017877,0.865274,151.225082,329.078644,-164.007492,0.000910,-0.011016,-0.005341,0.999925,226.119720,162.208603,-179.932205,-0.100422,0.001098,-0.043846,0.993978,212.770248,195.561844,-200.291443
370,3.700000,-0.218173,-0.016472,-0.047017,0.974638,206.104202,200.246552,-209.085510,-0.237051,-0.059251,-0.045845,0.968604,246.002243,193.694641,-198.663528,-0.011812,0.500887,0.017958,0.865246,151.312836,329.092682,-164.107681,0.000909,-0.011048,-0.005344,0.999924,226.134033,162.208145,-179.927704,-0.100422,0.001098,-0.043846,0.993978,212.770248,195.561844,-200.291443
371,3.710000,-0.218276,-0.016972,-0.046185,0.974646,206.156189,200.220200,-209.090088,-0.238131,-0.060430,-0.046511,0.968235,246.044342,193.643570,-198.646729,-0.011848,0.500853,0.017905,0.865266,151.407516,329.106079,-164.235718,0.000940,-0.010996,-0.005381,0.999925,226.154144,162.209503,-179.924088,-0.100422,0.001098,-0.043846,0.993978,212.770248,195.561844,-200.291443
372,3.720000,-0.218609,-0.018062,-0.047218,0.974502,206.217514,200.200562,-209.111877,-0.240585,-0.064643,-0.052605,0.967043,246.033676,193.625381,-198.637604,-0.011576,0.500974,0.018054,0.865197,151.492538,329.119659,-164.356461,0.000848,-0.011009,-0.005379,0.999925,226.194153,162.211563,-179.934525,-0.100422,0.001098,-0.043846,0.993978,212.770248,195.561844,-200.291443
373,3.730000,-0.218886,-0.019043,-0.047268,0.974419,206.258484,200.151749,-209.149765,-0.241703,-0.067346,-0.053663,0.966522,246.083115,193.596268,-198.652008,-0.012348,0.500332,0.016714,0.865584,151.581985,329.136871,-164.513397,0.000763,-0.011044,-0.005455,0.999924,226.222733,162.208313,-179.955963,-0.100422,0.001098,-0.043846,0.993978,212.770248,195.561844,-200.291443
374,3.740000,-0.219153,-0.019232,-0.047330,0.974352,206.287094,200.126129,-209.195236,-0.241681,-0.067339,-0.053753,0.966523,246.108505,193.564804,-198.681213,-0.011723,0.500706,0.017618,0.865359,151.630585,329.119568,-164.588898,0.000683,-0.011003,-0.005481,0.999924,226.240295,162.201324,-179.990448,-0.100422,0.001098,-0.043846,0.993978,212.770248,195.561844,-200.291443
375,3.750000,-0.219249,-0.018909,-0.047951,0.974307,206.305557,200.095917,-209.254837,-0.241616,-0.066666,-0.053530,0.966598,246.115417,193.528076,-198.732925,-0.011603,0.500960,0.017855,0.865209,151.707077,329.125336,-164.712372,0.000665,-0.011035,-0.005452,0.999924,226.247208,162.193161,-180.035721,-0.100422,0.001098,-0.043846,0.993978,212.770248,195.561844,-200.291443
376,3.760000,-0.219778,-0.020885,-0.048536,0.974118,206.308853,200.063736,-209.330215,-0.241574,-0.065481,-0.053208,0.966707,246.106064,193.489792,-198.798508,-0.011663,0.500974,0.017917,0.865198,151.753860,329.120453,-164.818344,0.000817,-0.011156,-0.005300,0.999923,226.254013,162.180389,-180.090027,-0.100422,0.001098,-0.043846,0.993978,212.770248,195.561844,-200.291443
377,3.770000,-0.220652,-0.023021,-0.049097,0.973844,206.317154,200.025009,-209.376633,-0.241881,-0.064663,-0.052218,0.966740,246.118927,193.436981,-198.834198,-0.011668,0.501002,0.017973,0.865181,151.804169,329.106384,-164.920120,0.000733,-0.011308,-0.005268,0.999922,226.267227,162.171677,-180.125824,-0.100422,0.001098,-0.043846,0.993978,212.770248,195.561844,-200.291443
378,3.780000,-0.221375,-0.023105,-0.048643,0.973701,206.350372,199.987381,-209.414154,-0.242188,-0.064503,-0.052295,0.966669,246.134811,193.401443,-198.867371,-0.011811,0.500847,0.017843,0.865272,151.866257,329.105835,-165.031921,0.000733,-0.011386,-0.005263,0.999921,226.282455,162.165604,-180.152084,-0.100422,0.001098,-0.043846,0.993978,212.770248,195.561844,-200.291443
379,3.790000,-0.222475,-0.023005,-0.048690,0.973450,206.383545,199.960556,-209.451202,-0.242389,-0.064097,-0.052980,0.966609,246.156906,193.369720,-198.891190,-0.011785,0.500738,0.017701,0.865338,151.927963,329.111572,-165.140411,0.000608,-0.011632,-0.005278,0.999918,226.295670,162.158539,-180.185532,-0.100422,0.001098,-0.043846,0.993978,212.770248,195.561844,-200.291443
380,3.800000,-0.223120,-0.022207,-0.048431,0.973334,206.403503,199.938995,-209.499908,-0.242930,-0.064910,-0.053365,0.966398,246.186295,193.332352,-198.926544,-0.011634,0.500653,0.017811,0.865387,151.994843,329.115997,-165.259262,0.001177,-0.011698,-0.005224,0.999917,226.309006,162.151245,-180.235474,-0.100422,0.001098,-0.043846,0.993978,212.770248,195.561844,-200.291443
381,3.810000,-0.223150,-0.020844,-0.047608,0.973398,206.411438,199.903305,-209.558685,-0.243940,-0.066869,-0.053723,0.965990,246.202728,193.298355,-199.002350,-0.011517,0.501077,0.018046,0.865138,152.081558,329.119232,-165.386597,0.001222,-0.011785,-0.005236,0.999916,226.325378,162.141876,-180.286224,-0.100422,0.001098,-0.043846,0.993978,212.770248,195.561844,-200.291443
382,3.820000,-0.223185,-0.018437,-0.047105,0.973463,206.425034,199.860718,-209.631683,-0.244478,-0.066921,-0.053828,0.965844,246.221436,193.262238,-199.067764,-0.011637,0.500882,0.017835,0.865254,152.150040,329.101135,-165.512619,0.000965,-0.011650,-0.005307,0.999918,226.338501,162.121689,-180.353592,-0.100422,0.001098,-0.043846,0.993978,212.770248,195.561844,-200.291443
383,3.830000,-0.223068,-0.017535,-0.047337,0.973495,206.449829,199.835236,-209.725372,-0.243218,-0.062959,-0.053244,0.966461,246.240326,193.231720,-199.101044,-0.011785,0.500778,0.017700,0.865315,152.228333,329.090027,-165.637909,0.000676,-0.011464,-0.005364,0.999920,226.363205,162.108414,-180.429352,-0.100422,0.001098,-0.043846,0.993978,212.770248,195.561844,-200.291443
384,3.840000,-0.223886,-0.019056,-0.049049,0.973194,206.480682,199.815430,-209.812210,-0.244048,-0.064069,-0.053425,0.966168,246.262451,193.182816,-199.233032,-0.011844,0.500576,0.017612,0.865433,152.307571,329.088257,-165.776093,0.000078,-0.010913,-0.005416,0.999926,226.388565,162.097397,-180.519974,-0.100422,0.001098,-0.043846,0.993978,212.770248,195.561844,-200.291443
385,3.850000,-0.224053,-0.019843,-0.049922,0.973095,206.509674,199.790710,-209.895218,-0.245570,-0.066019,-0.054607,0.965585,246.297043,193.146530,-199.328003,-0.011805,0.500653,0.017574,0.865389,152.397446,329.082001,-165.892227,-0.000049,-0.010999,-0.005364,0.999925,226.423569,162.080978,-180.602936,-0.100422,0.001098,-0.043846,0.993978,212.770248,195.561844,-200.291443
386,3.860000,-0.224377,-0.020745,-0.050381,0.972978,206.540359,199.768158,-209.982910,-0.246461,-0.066449,-0.055007,0.965306,246.328873,193.116135,-199.418198,-0.011778,0.500689,0.017426,0.865372,152.484894,329.083099,-166.009872,0.000118,-0.011218,-0.005318,0.999923,226.461075,162.066071,-180.695160,-0.100422,0.001098,-0.043846,0.993978,212.770248,195.561844,-200.291443
387,3.870000,-0.224390,-0.021964,-0.050772,0.972928,206.569336,199.754852,-210.072586,-0.247115,-0.067798,-0.055414,0.965022,246.366089,193.090988,-199.535065,-0.011892,0.500797,0.017259,0.865311,152.550995,329.064911,-166.092529,0.000166,-0.011397,-0.005167,0.999922,226.518143,162.055466,-180.789917,-0.100422,0.001098,-0.043846,0.993978,212.770248,195.561844,-200.291443
388,3.880000,-0.223433,-0.021637,-0.050562,0.973167,206.603775,199.759659,-210.164993,-0.246777,-0.067176,-0.055196,0.965164,246.404968,193.064590,-199.651672,-0.012152,0.500548,0.016941,0.865458,152.600281,329.029358,-166.127335,-0.000085,-0.011363,-0.005217,0.999922,226.583115,162.034088,-180.886215,-0.100422,0.001098,-0.043846,0.993978,212.770248,195.561844,-200.291443
389,3.890000,-0.222632,-0.019357,-0.048304,0.973513,206.667709,199.763733,-210.250168,-0.245908,-0.065646,-0.054354,0.965539,246.470795,193.045532,-199.757660,-0.012239,0.500344,0.016681,0.865579,152.648895,328.996338,-166.129913,0.000219,-0.011448,-0.005559,0.999919,226.694122,162.012161,-180.981323,-0.100422,0.001098,-0.043846,0.993978,212.770248,195.561844,-200.291443
390,3.900000,-0.222866,-0.017178,-0.048131,0.973509,206.729950,199.797928,-210.313599,-0.245384,-0.064337,-0.054392,0.965758,246.532974,193.044327,-199.862839,-0.012463,0.500164,0.016377,0.865686,152.721344,328.973450,-166.092026,-0.000131,-0.011364,-0.005915,0.999918,226.782761,161.985397,-181.069824,-0.100422,0.001098,-0.043846,0.993978,212.770248,195.561844,-200.291443
391,3.910000,-0.222219,-0.016606,-0.048339,0.973656,206.761597,199.837677,-210.366257,-0.245056,-0.063042,-0.054367,0.965928,246.583710,193.046799,-199.966064,-0.012379,0.500059,0.016106,0.865753,152.777725,328.967194,-166.013626,-0.000655,-0.011450,-0.005784,0.999918,226.855606,161.971542,-181.166855,-0.100422,0.001098,-0.043846,0.993978,212.770248,195.561844,-200.291443
392,3.920000,-0.221222,-0.016153,-0.048732,0.973871,206.753098,199.885208,-210.426697,-0.244205,-0.061397,-0.054051,0.966267,246.583115,193.071747,-200.086548,-0.012404,0.499981,0.015868,0.865802,152.792908,328.959015,-165.908524,-0.000960,-0.011352,-0.005957,0.999917,226.890488,161.957825,-181.273727,-0.100422,0.001098,-0.043846,0.993978,212.770248,195.561844,-200.291443
393,3.930000,-0.219783,-0.016066,-0.049219,0.974174,206.683167,199.938919,-210.482635,-0.243894,-0.061339,-0.054446,0.966327,246.516983,193.126434,-200.202271,-0.012599,0.499867,0.015444,0.865873,152.748428,328.938202,-165.759735,-0.001431,-0.010513,-0.006026,0.999926,226.876297,161.948318,-181.378998,-0.100422,0.001098,-0.043846,0.993978,212.770248,195.561844,-200.291443
394,3.940000,-0.220288,-0.015646,-0.050288,0.974012,206.531967,199.980347,-210.493958,-0.242996,-0.061168,-0.053670,0.966608,246.414612,193.170166,-200.277725,-0.012847,0.499965,0.015315,0.865815,152.652237,328.887573,-165.536102,-0.001414,-0.010262,-0.005878,0.999929,226.809158,161.945343,-181.431824,-0.100422,0.001098,-0.043846,0.993978,212.770248,195.561844,-200.291443
395,3.950000,-0.219388,-0.015952,-0.049456,0.974253,206.339020,200.071487,-210.487885,-0.242486,-0.061254,-0.054113,0.966706,246.233810,193.230545,-200.345566,-0.013027,0.499855,0.014765,0.865885,152.490158,328.875854,-165.226318,-0.001045,-0.010226,-0.005645,0.999931,226.705978,161.940002,-181.475571,-0.100422,0.001098,-0.043846,0.993978,212.770248,195.561844,-200.291443
396,3.960000,-0.219048,-0.015904,-0.049583,0.974324,206.077393,200.196442,-210.442490,-0.241187,-0.059658,-0.052702,0.967209,246.021393,193.323334,-200.433319,-0.013213,0.499682,0.014519,0.865986,152.237381,328.828827,-164.744339,-0.001175,-0.010222,-0.005388,0.999933,226.615005,161.935867,-181.508698,-0.100422,0.001098,-0.043846,0.993978,212.770248,195.561844,-200.291443
397,3.970000,-0.217272,-0.012718,-0.048708,0.974812,205.835876,200.325012,-210.356247,-0.239797,-0.056322,-0.052253,0.967778,245.807968,193.442642,-200.495605,-0.013484,0.499382,0.014343,0.866158,151.929214,328.746643,-164.171860,-0.000638,-0.010666,-0.004782,0.999932,226.540985,161.936920,-181.518829,-0.100422,0.001098,-0.043846,0.993978,212.770248,195.561844,-200.291443
398,3.980000,-0.214677,-0.010823,-0.047688,0.975460,205.553574,200.486084,-210.164764,-0.239187,-0.057099,-0.052054,0.967894,245.590210,193.583786,-200.468369,-0.013819,0.499320,0.014137,0.866192,151.531967,328.626007,-163.468765,-0.000441,-0.010795,-0.004526,0.999931,226.439896,161.956070,-181.462158,-0.100422,0.001098,-0.043846,0.993978,212.770248,195.561844,-200.291443
399,3.990000,-0.213182,-0.013134,-0.047365,0.975775,205.324493,200.691498,-209.974686,-0.236887,-0.056233,-0.051258,0.968553,245.375946,193.768387,-200.364395,-0.014425,0.498914,0.013524,0.866426,151.046616,328.473694,-162.660095,-0.000167,-0.010869,-0.003822,0.999934,226.311310,161.988419,-181.357697,-0.100422,0.001098,-0.043846,0.993978,212.770248,195.561844,-200.291443
400,4.000000,-0.210073,-0.012684,-0.045618,0.976539,205.169922,200.892624,-209.705322,-0.233472,-0.053318,-0.050452,0.969589,245.235077,193.948608,-200.198883,-0.014944,0.498609,0.013306,0.866596,150.461334,328.307800,-161.720291,0.000050,-0.011004,-0.003776,0.999932,226.228439,162.026413,-181.210358,-0.100422,0.001098,-0.043846,0.993978,212.770248,195.561844,-200.291443
401,4.010000,-0.207159,-0.009931,-0.043401,0.977294,205.086029,201.141968,-209.450363,-0.229677,-0.051854,-0.045242,0.970831,245.187790,194.117020,-200.029236,-0.015844,0.498175,0.012523,0.866841,149.840973,328.118927,-160.690353,0.001310,-0.011566,-0.003443,0.999926,226.178024,162.065643,-181.039124,-0.100422,0.001098,-0.043846,0.993978,212.770248,195.561844,-200.291443
402,4.020000,-0.203718,-0.007776,-0.042171,0.978090,204.979156,201.397537,-209.161652,-0.226204,-0.050627,-0.044129,0.971762,245.068909,194.313324,-199.858734,-0.016679,0.498232,0.012084,0.866799,149.137039,327.895233,-159.579590,0.001755,-0.011413,-0.003097,0.999929,226.142044,162.109146,-180.874786,-0.100422,0.001098,-0.043846,0.993978,212.770248,195.561844,-200.291443
403,4.030000,-0.200538,-0.005948,-0.041554,0.978786,204.851624,201.662872,-208.870483,-0.223589,-0.048975,-0.044208,0.972448,244.941544,194.524841,-199.674500,-0.017461,0.498904,0.012026,0.866398,148.417435,327.635651,-158.396896,0.001770,-0.011018,-0.003056,0.999933,226.090759,162.155273,-180.728149,-0.100422,0.001098,-0.043846,0.993978,212.770248,195.561844,-200.291443
404,4.040000,-0.198519,-0.004647,-0.041323,0.979215,204.686234,201.924469,-208.591980,-0.224294,-0.040742,-0.042477,0.972743,244.804092,194.788254,-199.585220,-0.018798,0.496344,0.009911,0.867866,147.571518,327.309479,-157.018982,0.002589,-0.011388,-0.002435,0.999929,226.011887,162.198090,-180.581451,-0.100422,0.001098,-0.043846,0.993978,212.770248,195.561844,-200.291443
405,4.050000,-0.196648,-0.006080,-0.040792,0.979606,204.525482,202.188965,-208.343063,-0.225188,-0.035987,-0.039565,0.972846,244.631180,194.910385,-199.404526,-0.019834,0.495812,0.008891,0.868158,146.664429,327.031342,-155.536179,0.003119,-0.011307,-0.002209,0.999929,225.936386,162.230621,-180.462677,-0.100422,0.001098,-0.043846,0.993978,212.770248,195.561844,-200.291443
406,4.060000,-0.193669,-0.004938,-0.038940,0.980281,204.341232,202.471466,-208.062042,-0.218978,-0.040611,-0.039607,0.974080,244.409821,195.078003,-199.217270,-0.020647,0.496016,0.008417,0.868027,145.789017,326.772675,-154.017883,0.003910,-0.011063,-0.001778,0.999930,225.849716,162.285217,-180.324158,-0.100422,0.001098,-0.043846,0.993978,212.770248,195.561844,-200.291443
407,4.070000,-0.187637,-0.006546,-0.038432,0.981465,204.092957,202.780518,-207.745651,-0.219070,-0.036500,-0.039026,0.974245,244.202713,195.366257,-199.124481,-0.021143,0.496307,0.008045,0.867853,144.883575,326.583405,-152.435883,0.004639,-0.010465,-0.001516,0.999933,225.736435,162.322189,-180.192184,-0.100422,0.001098,-0.043846,0.993978,212.770248,195.561844,-200.291443
408,4.080000,-0.184157,-0.007650,-0.038894,0.982097,203.785751,203.074921,-207.429977,-0.216827,-0.033248,-0.040020,0.974823,243.862427,195.612640,-199.033279,-0.023029,0.494797,0.004895,0.868689,143.984802,326.473907,-150.786224,0.004201,-0.009857,-0.001479,0.999942,225.571884,162.357162,-180.044083,-0.100422,0.001098,-0.043846,0.993978,212.770248,195.561844,-200.291443
409,4.090000,-0.181661,-0.006420,-0.037114,0.982640,203.520905,203.354889,-207.086884,-0.214713,-0.032479,-0.039635,0.975332,243.570541,195.842606,-198.851868,-0.023798,0.494476,0.003555,0.868858,142.975739,326.380219,-148.925735,0.002766,-0.007230,-0.000773,0.999970,225.449387,162.483261,-179.910416,-0.100422,0.001098,-0.043846,0.993978,212.770248,195.561844,-200.291443
410,4.100000,-0.177161,-0.005689,-0.035181,0.983536,203.144989,203.667114,-206.679672,-0.212412,-0.030374,-0.038657,0.975943,243.216293,196.109650,-198.626465,-0.023963,0.494646,0.003666,0.868757,141.878830,326.273712,-147.029953,0.005600,-0.008332,-0.000231,0.999950,225.213654,162.486313,-179.652222,-0.100422,0.001098,-0.043846,0.993978,212.770248,195.561844,-200.291443
411,4.110000,-0.174863,-0.003391,-0.036267,0.983919,202.694183,204.006104,-206.208008,-0.209010,-0.028662,-0.038301,0.976743,242.809937,196.417679,-198.450287,-0.024227,0.494260,0.003041,0.868971,140.731567,326.182983,-145.103485,0.005887,-0.008081,-0.000001,0.999950,225.009964,162.529572,-179.391220,-0.100422,0.001098,-0.043846,0.993978,212.770248,195.561844,-200.291443
412,4.120000,-0.169640,0.002532,-0.033914,0.984919,202.274521,204.375977,-205.710098,-0.205896,-0.026791,-0.037743,0.977479,242.482651,196.774994,-198.211700,-0.023426,0.495127,0.004392,0.868494,139.550720,326.049164,-143.127716,0.007176,-0.007266,0.000369,0.999948,224.808487,162.599686,-179.126114,-0.100422,0.001098,-0.043846,0.993978,212.770248,195.561844,-200.291443
413,4.130000,-0.163926,0.005645,-0.032084,0.985935,201.970734,204.832932,-205.236237,-0.200763,-0.023065,-0.035424,0.978727,242.201065,197.206787,-197.969482,-0.023511,0.495020,0.004442,0.868552,138.357864,325.943634,-141.091263,0.007713,-0.006727,0.000480,0.999948,224.693161,162.645538,-178.894791,-0.100422,0.001098,-0.043846,0.993978,212.770248,195.561844,-200.291443
414,4.140000,-0.161446,0.008018,-0.031702,0.986340,201.667007,205.252197,-204.743118,-0.195485,-0.019589,-0.034304,0.979911,241.954208,197.611145,-197.690430,-0.023610,0.494417,0.003955,0.868895,137.112183,325.864594,-138.985199,0.008573,-0.006363,0.001062,0.999943,224.546616,162.707550,-178.620163,-0.100422,0.001098,-0.043846,0.993978,212.770248,195.561844,-200.291443
415,4.150000,-0.157806,0.008529,-0.030093,0.986975,201.523560,205.574432,-204.334579,-0.188692,-0.016870,-0.031718,0.981379,241.848679,197.949570,-197.398453,-0.022900,0.495012,0.005113,0.868569,135.821747,325.882080,-136.814972,0.010014,-0.006816,0.001562,0.999925,224.454956,162.760864,-178.374557,-0.100422,0.001098,-0.043846,0.993978,212.770248,195.561844,-200.291443
416,4.160000,-0.154262,0.009915,-0.029372,0.987544,201.624298,205.818283,-204.096497,-0.189019,-0.018191,-0.032675,0.981261,241.918549,198.202881,-197.111359,-0.022202,0.495029,0.005805,0.868573,134.415192,326.041962,-134.507584,0.009586,-0.005755,0.001006,0.999937,224.503159,162.794373,-178.257263,-0.100422,0.001098,-0.043846,0.993978,212.770248,195.561844,-200.291443
417,4.170000,-0.153468,0.008694,-0.028826,0.987695,201.772232,206.002563,-204.004959,-0.187545,-0.020855,-0.033433,0.981465,242.089661,198.405624,-197.020432,-0.021305,0.495242,0.006998,0.868465,133.033295,326.210663,-132.128250,0.009338,-0.005406,0.000966,0.999941,224.616150,162.811035,-178.215775,-0.100422,0.001098,-0.043846,0.993978,212.770248,195.561844,-200.291443
418,4.180000,-0.151472,0.007994,-0.029920,0.987976,202.070633,206.077438,-204.010849,-0.185694,-0.020921,-0.033608,0.981810,242.341202,198.483994,-196.960800,-0.021301,0.495041,0.006924,0.868581,131.715576,326.251526,-129.801498,0.009497,-0.005563,0.000537,0.999939,224.782532,162.805038,-178.211136,-0.100422,0.001098,-0.043846,0.993978,212.770248,195.561844,-200.291443
419,4.190000,-0.150678,0.008023,-0.029482,0.988111,202.366287,206.054276,-204.111313,-0.187139,-0.022373,-0.033890,0.981494,242.612000,198.451813,-196.946152,-0.021396,0.494967,0.006932,0.868621,130.331940,326.080322,-127.509209,0.008666,-0.005654,-0.000385,0.999946,224.974030,162.798615,-178.250519,-0.100422,0.001098,-0.043846,0.993978,212.770248,195.561844,-200.291443
420,4.200000,-0.151889,0.007045,-0.030058,0.987915,202.602432,205.952286,-204.299103,-0.187462,-0.022455,-0.034247,0.981418,242.877350,198.318314,-197.116791,-0.021909,0.495198,0.006423,0.868480,129.010071,325.883850,-125.324089,0.008277,-0.005692,-0.000802,0.999949,225.151840,162.770462,-178.365707,-0.100422,0.001098,-0.043846,0.993978,212.770248,195.561844,-200.291443
421,4.210000,-0.154217,0.005494,-0.031501,0.987519,202.783264,205.758102,-204.641342,-0.189232,-0.022142,-0.035417,0.981044,243.039536,198.116928,-197.424133,-0.021897,0.495712,0.006333,0.868188,127.642586,325.787994,-123.003494,0.008861,-0.006031,-0.000741,0.999942,225.297714,162.732208,-178.560089,-0.100422,0.001098,-0.043846,0.993978,212.770248,195.561844,-200.291443
422,4.220000,-0.156655,0.006419,-0.032491,0.987098,202.959381,205.499863,-205.060226,-0.193147,-0.022639,-0.036484,0.980230,243.205353,197.856995,-197.726883,-0.022697,0.492788,0.004908,0.869839,126.175629,325.769623,-120.520500,0.007920,-0.005057,-0.001194,0.999955,225.419647,162.688843,-178.852264,-0.100422,0.001098,-0.043846,0.993978,212.770248,195.561844,-200.291443
423,4.230000,-0.158635,0.006162,-0.033839,0.986738,203.118927,205.196579,-205.508179,-0.194584,-0.023535,-0.037060,0.979903,243.324524,197.554535,-198.173462,-0.021961,0.494703,0.006055,0.868763,124.920189,325.802734,-118.207733,0.007663,-0.006801,-0.000755,0.999947,225.485428,162.618134,-179.144119,-0.100422,0.001098,-0.043846,0.993978,212.770248,195.561844,-200.291443
424,4.240000,-0.161286,0.003854,-0.034882,0.986284,203.223053,204.874161,-205.965210,-0.197847,-0.023567,-0.036469,0.979271,243.419388,197.264832,-198.502075,-0.022009,0.495108,0.006104,0.868531,123.595398,325.776031,-115.896065,0.007506,-0.006934,-0.001189,0.999947,225.528809,162.567673,-179.438889,-0.100422,0.001098,-0.043846,0.993978,212.770248,195.561844,-200.291443
425,4.250000,-0.164843,0.002430,-0.035966,0.985661,203.269791,204.536606,-206.360641,-0.198914,-0.020377,-0.034742,0.979189,243.469452,197.000977,-198.762115,-0.022357,0.495053,0.005921,0.868555,122.273453,325.682007,-113.612411,0.005937,-0.006163,-0.001464,0.999962,225.541824,162.506775,-179.681122,-0.100422,0.001098,-0.043846,0.993978,212.770248,195.561844,-200.291443
426,4.260000,-0.167360,0.000634,-0.035087,0.985271,203.301041,204.264008,-206.688980,-0.202330,-0.022356,-0.036617,0.978377,243.451172,196.791031,-199.013824,-0.022402,0.495330,0.005970,0.868396,120.938614,325.596924,-111.310791,0.005002,-0.006665,-0.001705,0.999964,225.507034,162.468063,-179.849487,-0.100422,0.001098,-0.043846,0.993978,212.770248,195.561844,-200.291443
427,4.270000,-0.170121,-0.000021,-0.035314,0.984790,203.271667,204.024673,-206.940552,-0.205949,-0.025823,-0.036586,0.977538,243.389175,196.633286,-199.137924,-0.022346,0.495100,0.006072,0.868527,119.621811,325.560913,-109.044090,0.004581,-0.007401,-0.001516,0.999961,225.403534,162.443466,-179.969772,-0.100422,0.001098,-0.043846,0.993978,212.770248,195.561844,-200.291443
428,4.280000,-0.172700,-0.000544,-0.033440,0.984407,203.229675,203.817184,-207.132767,-0.207575,-0.026395,-0.036399,0.977185,243.337509,196.511169,-199.238464,-0.022235,0.495180,0.006216,0.868484,118.260246,325.516479,-106.728127,0.004502,-0.007796,-0.001227,0.999959,225.315765,162.413330,-180.037354,-0.100422,0.001098,-0.043846,0.993978,212.770248,195.561844,-200.291443
429,4.290000,-0.175425,-0.002607,-0.035323,0.983856,203.163544,203.662506,-207.286179,-0.207113,-0.025694,-0.034779,0.977361,243.282669,196.393066,-199.321686,-0.022373,0.494790,0.006162,0.868703,116.932106,325.472260,-104.507118,0.004086,-0.007899,-0.001133,0.999960,225.231064,162.388580,-180.086456,-0.100422,0.001098,-0.043846,0.993978,212.770248,195.561844,-200.291443
430,4.300000,-0.177532,-0.004427,-0.036308,0.983435,203.074615,203.581421,-207.376541,-0.207389,-0.025303,-0.034361,0.977328,243.166428,196.333496,-199.392441,-0.022139,0.494734,0.006407,0.868739,115.593201,325.389221,-102.237556,0.002782,-0.006759,-0.000052,0.999973,225.193359,162.441040,-180.184464,-0.100422,0.001098,-0.043846,0.993978,212.770248,195.561844,-200.291443
431,4.310000,-0.178069,-0.003284,-0.035406,0.983375,202.931641,203.514343,-207.393997,-0.206347,-0.025407,-0.034088,0.977555,243.019043,196.313828,-199.446014,-0.022103,0.494346,0.006115,0.868963,114.327103,325.338348,-100.084251,0.004717,-0.009286,-0.000426,0.999946,224.964081,162.348373,-180.158035,-0.100422,0.001098,-0.043846,0.993978,212.770248,195.561844,-200.291443
432,4.320000,-0.180431,-0.001914,-0.035071,0.982960,202.744751,203.539352,-207.364120,-0.207645,-0.025372,-0.035252,0.977240,242.826965,196.341812,-199.433472,-0.021612,0.494161,0.006621,0.869077,113.077965,325.263214,-97.980186,0.003297,-0.007299,0.000315,0.999968,224.898346,162.411438,-180.171844,-0.100422,0.001098,-0.043846,0.993978,212.770248,195.561844,-200.291443
433,4.330000,-0.180621,0.000675,-0.033121,0.982995,202.561691,203.579010,-207.256439,-0.205895,-0.024281,-0.034394,0.977668,242.665482,196.405579,-199.399796,-0.022468,0.493913,0.005042,0.869207,111.856293,325.241455,-95.882545,0.005060,-0.008946,0.000185,0.999947,224.679550,162.362381,-180.073959,-0.100422,0.001098,-0.043846,0.993978,212.770248,195.561844,-200.291443
434,4.340000,-0.180384,0.005597,-0.032369,0.983047,202.353134,203.685974,-207.088577,-0.204848,-0.023241,-0.033118,0.977957,242.500061,196.493469,-199.306290,-0.022382,0.493241,0.004712,0.869592,110.696976,325.182281,-93.965172,0.005852,-0.008737,0.000153,0.999945,224.552963,162.372025,-179.984787,-0.100422,0.001098,-0.043846,0.993978,212.770248,195.561844,-200.291443
435,4.350000,-0.178519,0.005776,-0.031710,0.983408,202.203278,203.822281,-206.924347,-0.204514,-0.022969,-0.034324,0.977992,242.357437,196.618713,-199.207565,-0.022660,0.493228,0.004483,0.869593,109.587730,325.117523,-92.060745,0.006224,-0.008471,0.000240,0.999945,224.470337,162.388885,-179.909042,-0.100422,0.001098,-0.043846,0.993978,212.770248,195.561844,-200.291443
436,4.360000,-0.176377,0.005302,-0.031232,0.983813,202.079208,203.956924,-206.767624,-0.203129,-0.022304,-0.034103,0.978304,242.269348,196.723022,-199.140945,-0.022978,0.493255,0.004276,0.869571,108.575401,325.070465,-90.331543,0.006391,-0.008191,0.000395,0.999946,224.434601,162.413071,-179.848312,-0.100422,0.001098,-0.043846,0.993978,212.770248,195.561844,-200.291443
437,4.370000,-0.175905,0.004811,-0.031292,0.983898,202.043854,204.098892,-206.642197,-0.201687,-0.022371,-0.033206,0.978631,242.233521,196.822372,-199.080582,-0.022582,0.493182,0.005084,0.869618,107.566643,325.028076,-88.685463,0.006687,-0.007719,0.000375,0.999948,224.417068,162.436493,-179.791565,-0.100422,0.001098,-0.043846,0.993978,212.770248,195.561844,-200.291443
438,4.380000,-0.173447,0.004544,-0.031177,0.984339,202.013809,204.215683,-206.504456,-0.200021,-0.021582,-0.032706,0.979008,242.225739,196.912750,-199.028442,-0.022915,0.493396,0.004980,0.869489,106.634865,325.006073,-87.124557,0.006892,-0.007421,0.000301,0.999949,224.430771,162.454880,-179.746658,-0.100422,0.001098,-0.043846,0.993978,212.770248,195.561844,-200.291443
439,4.390000,-0.170426,0.003996,-0.032146,0.984838,202.007812,204.336212,-206.391647,-0.198518,-0.016812,-0.033396,0.979384,242.220352,197.029724,-198.889267,-0.022709,0.493635,0.005392,0.869356,105.784233,325.003143,-85.683876,0.006884,-0.007155,0.000129,0.999951,224.457626,162.473343,-179.713272,-0.100422,0.001098,-0.043846,0.993978,212.770248,195.561844,-200.291443
440,4.400000,-0.168057,0.003735,-0.032974,0.985219,202.037186,204.423782,-206.305862,-0.199019,-0.019143,-0.033721,0.979228,242.245041,197.064789,-198.870499,-0.022838,0.493709,0.005499,0.869310,105.000771,324.984741,-84.314102,0.006780,-0.006803,-0.000004,0.999954,224.511963,162.481644,-179.681076,-0.100422,0.001098,-0.043846,0.993978,212.770248,195.561844,-200.291443
441,4.410000,-0.166147,0.005391,-0.032795,0.985541,202.082001,204.476868,-206.232529,-0.197935,-0.017306,-0.033732,0.979482,242.283951,197.128983,-198.784866,-0.023229,0.493465,0.005017,0.869441,104.276886,324.950043,-83.011612,0.005944,-0.006437,-0.000122,0.999962,224.560394,162.494675,-179.632141,-0.100422,0.001098,-0.043846,0.993978,212.770248,195.561844,-200.291443
442,4.420000,-0.166761,0.005341,-0.032924,0.985433,202.129257,204.504761,-206.192703,-0.198982,-0.019440,-0.034409,0.979206,242.338348,197.134949,-198.780106,-0.023119,0.493681,0.005088,0.869321,103.601814,324.922913,-81.830627,0.005898,-0.005871,-0.000176,0.999965,224.606506,162.511169,-179.599945,-0.100422,0.001098,-0.043846,0.993978,212.770248,195.561844,-200.291443
443,4.430000,-0.166832,0.004388,-0.032313,0.985446,202.189026,204.509155,-206.207321,-0.198879,-0.021294,-0.034878,0.979172,242.401260,197.143616,-198.785995,-0.022844,0.493815,0.005281,0.869251,103.008499,324.905548,-80.765709,0.005936,-0.005674,-0.000210,0.999966,224.645874,162.515015,-179.595566,-0.100422,0.001098,-0.043846,0.993978,212.770248,195.561844,-200.291443
444,4.440000,-0.167140,0.004220,-0.032749,0.985380,202.242157,204.491455,-206.252045,-0.199072,-0.021623,-0.035308,0.979110,242.452484,197.116898,-198.812027,-0.022503,0.493803,0.005602,0.869265,102.471069,324.881073,-79.766510,0.005968,-0.005796,-0.000346,0.999965,224.691055,162.508591,-179.614410,-0.100422,0.001098,-0.043846,0.993978,212.770248,195.561844,-200.291443
445,4.450000,-0.167179,0.004850,-0.032155,0.985390,202.290863,204.464447,-206.326401,-0.197959,-0.021548,-0.033902,0.979387,242.507675,197.070709,-198.892593,-0.022081,0.493966,0.005916,0.869181,101.976387,324.866547,-78.859825,0.005938,-0.006064,-0.000344,0.999964,224.714935,162.497986,-179.648453,-0.100422,0.001098,-0.043846,0.993978,212.770248,195.561844,-200.291443
446,4.460000,-0.168295,0.006419,-0.031119,0.985225,202.305847,204.401535,-206.412750,-0.198128,-0.020202,-0.033297,0.979402,242.511749,197.008087,-198.957092,-0.021718,0.493983,0.006340,0.869177,101.498100,324.847900,-78.059097,0.005719,-0.006713,-0.000275,0.999961,224.729431,162.480347,-179.696167,-0.100422,0.001098,-0.043846,0.993978,212.770248,195.561844,-200.291443
447,4.470000,-0.169368,0.006113,-0.030851,0.985051,202.316605,204.352585,-206.489639,-0.198876,-0.020596,-0.033104,0.979249,242.505951,196.958374,-199.022125,-0.021702,0.494156,0.006452,0.869079,101.045982,324.839844,-77.345474,0.005524,-0.006998,-0.000076,0.999960,224.707581,162.463745,-179.746201,-0.100422,0.001098,-0.043846,0.993978,212.770248,195.561844,-200.291443
448,4.480000,-0.170758,0.004691,-0.032219,0.984775,202.285080,204.290009,-206.549271,-0.199657,-0.021001,-0.033414,0.979071,242.480804,196.915741,-199.066437,-0.021642,0.493980,0.006526,0.869179,100.662300,324.831909,-76.719902,0.006315,-0.007222,-0.000130,0.999954,224.656158,162.446075,-179.794006,-0.100422,0.001098,-0.043846,0.993978,212.770248,195.561844,-200.291443
449,4.490000,-0.172083,0.003653,-0.033663,0.984500,202.225067,204.234222,-206.594681,-0.200750,-0.021159,-0.033622,0.978837,242.433136,196.877350,-199.091644,-0.021493,0.493682,0.006715,0.869351,100.314156,324.822571,-76.246811,0.006435,-0.007267,-0.000115,0.999953,224.593124,162.446106,-179.819778,-0.100422,0.001098,-0.043846,0.993978,212.770248,195.561844,-200.291443
450,4.500000,-0.172017,0.004199,-0.033292,0.984522,202.164185,204.202866,-206.631607,-0.200841,-0.021661,-0.033649,0.978806,242.357056,196.867386,-199.140717,-0.021634,0.493967,0.006709,0.869186,99.998772,324.806946,-75.768265,0.006495,-0.007208,0.000057,0.999953,224.524460,162.436417,-179.843338,-0.100422,0.001098,-0.043846,0.993978,212.770248,195.561844,-200.291443
451,4.510000,-0.172505,0.006009,-0.033210,0.984430,202.085068,204.179352,-206.668427,-0.200856,-0.021502,-0.033253,0.978820,242.290527,196.857330,-199.172562,-0.021585,0.493659,0.006645,0.869362,99.719925,324.789825,-75.402893,0.006415,-0.006868,0.000058,0.999956,224.473724,162.432892,-179.877350,-0.100422,0.001098,-0.043846,0.993978,212.770248,195.561844,-200.291443
452,4.520000,-0.172681,0.006940,-0.031861,0.984438,202.015213,204.175003,-206.690414,-0.201221,-0.021509,-0.032947,0.978755,242.233948,196.850433,-199.203308,-0.021822,0.493933,0.006573,0.869201,99.491486,324.782257,-75.006294,0.006327,-0.006528,0.000197,0.999959,224.425995,162.429871,-179.898148,-0.100422,0.001098,-0.043846,0.993978,212.770248,195.561844,-200.291443
453,4.530000,-0.172709,0.006699,-0.031654,0.984441,201.957230,204.180618,-206.675156,-0.200337,-0.021514,-0.033608,0.978914,242.178543,196.859146,-199.223999,-0.021780,0.493643,0.006540,0.869367,99.297676,324.807068,-74.669510,0.006246,-0.006370,0.000390,0.999960,224.387421,162.434937,-179.900223,-0.100422,0.001098,-0.043846,0.993978,212.770248,195.561844,-200.291443
454,4.540000,-0.172356,0.006106,-0.031550,0.984510,201.929306,204.187454,-206.651169,-0.200001,-0.021495,-0.033650,0.978982,242.158081,196.868225,-199.216187,-0.020800,0.494055,0.007971,0.869146,99.138435,324.909637,-74.384102,0.006301,-0.006304,0.000390,0.999960,224.373077,162.434509,-179.887955,-0.100422,0.001098,-0.043846,0.993978,212.770248,195.561844,-200.291443
455,4.550000,-0.172440,0.006438,-0.031606,0.984492,201.903336,204.193100,-206.579544,-0.199723,-0.020990,-0.033353,0.979060,242.133148,196.863281,-199.161697,-0.020763,0.493548,0.007991,0.869434,99.079521,324.984833,-74.262955,0.006352,-0.006409,0.000309,0.999959,224.352905,162.437637,-179.829559,-0.100422,0.001098,-0.043846,0.993978,212.770248,195.561844,-200.291443
456,4.560000,-0.172114,0.006427,-0.032228,0.984529,201.872910,204.222275,-206.479477,-0.200168,-0.020170,-0.033015,0.978997,242.101227,196.896851,-199.038147,-0.021201,0.493596,0.007081,0.869404,99.129807,325.022278,-74.292679,0.006607,-0.006788,0.000356,0.999955,224.328491,162.451614,-179.743713,-0.100422,0.001098,-0.043846,0.993978,212.770248,195.561844,-200.291443
457,4.570000,-0.171094,0.005886,-0.031365,0.984738,201.886261,204.253296,-206.379333,-0.198549,-0.015817,-0.032397,0.979428,242.090759,196.904449,-198.886246,-0.020416,0.494323,0.007984,0.869002,99.140823,325.031860,-74.149063,0.006689,-0.006859,0.000360,0.999954,224.325531,162.463608,-179.662079,-0.100422,0.001098,-0.043846,0.993978,212.770248,195.561844,-200.291443
458,4.580000,-0.171099,0.005353,-0.031131,0.984748,201.900787,204.284851,-206.293747,-0.200318,-0.017989,-0.033274,0.979001,242.096176,196.939590,-198.832779,-0.020949,0.492635,0.007110,0.869955,99.234215,325.022156,-74.248756,0.006885,-0.006768,0.000295,0.999953,224.354202,162.467834,-179.607849,-0.100422,0.001098,-0.043846,0.993978,212.770248,195.561844,-200.291443
459,4.590000,-0.171089,0.005333,-0.031138,0.984749,201.935425,204.298752,-206.242355,-0.200431,-0.021352,-0.034001,0.978885,242.152588,196.972717,-198.808121,-0.020203,0.493976,0.007920,0.869205,99.271088,325.016724,-74.134926,0.006879,-0.006790,0.000128,0.999953,224.417435,162.460739,-179.581696,-0.100422,0.001098,-0.043846,0.993978,212.770248,195.561844,-200.291443
460,4.600000,-0.170496,0.005456,-0.032070,0.984821,201.998123,204.334061,-206.215759,-0.200267,-0.021699,-0.034281,0.978901,242.221786,197.010727,-198.796555,-0.020585,0.493970,0.007415,0.869204,99.387619,325.031616,-74.264076,0.006900,-0.006599,0.000107,0.999954,224.491501,162.471817,-179.577667,-0.100422,0.001098,-0.043846,0.993978,212.770248,195.561844,-200.291443
461,4.610000,-0.169675,0.005319,-0.033337,0.984922,202.076431,204.361740,-206.218231,-0.200455,-0.021748,-0.034531,0.978853,242.287567,197.027344,-198.812607,-0.020324,0.493597,0.007753,0.869418,99.405838,325.023590,-74.263016,0.005657,-0.006132,-0.000173,0.999965,224.565674,162.479462,-179.583786,-0.100422,0.001098,-0.043846,0.993978,212.770248,195.561844,-200.291443
462,4.620000,-0.170030,0.004880,-0.034437,0.984825,202.168045,204.400024,-206.231689,-0.201182,-0.021858,-0.034680,0.978696,242.354401,197.033234,-198.817154,-0.020908,0.494449,0.007160,0.868925,99.460625,325.023651,-74.354660,0.005587,-0.005545,-0.000287,0.999969,224.631561,162.493301,-179.597839,-0.100422,0.001098,-0.043846,0.993978,212.770248,195.561844,-200.291443
463,4.630000,-0.168161,0.004068,-0.033846,0.985170,202.252853,204.427948,-206.284988,-0.198937,-0.020721,-0.033586,0.979218,242.462753,197.036255,-198.876053,-0.021022,0.494241,0.007274,0.869040,99.429199,325.009033,-74.357956,0.005635,-0.005260,-0.000498,0.999970,224.696472,162.496414,-179.633469,-0.100422,0.001098,-0.043846,0.993978,212.770248,195.561844,-200.291443
464,4.640000,-0.166295,0.004098,-0.032257,0.985540,202.316589,204.440430,-206.347977,-0.198754,-0.020017,-0.033581,0.979269,242.524323,197.037903,-198.934174,-0.021254,0.494240,0.007047,0.869037,99.485558,325.016876,-74.503952,0.005696,-0.005265,-0.000557,0.999970,224.743515,162.502167,-179.676529,-0.100422,0.001098,-0.043846,0.993978,212.770248,195.561844,-200.291443
465,4.650000,-0.166070,0.004048,-0.032182,0.985581,202.342285,204.430450,-206.405960,-0.199637,-0.021350,-0.033961,0.979049,242.551270,197.023026,-198.991272,-0.021268,0.494667,0.007240,0.868792,99.478981,325.007080,-74.537804,0.005705,-0.005212,-0.000601,0.999970,224.763443,162.498596,-179.721603,-0.100422,0.001098,-0.043846,0.993978,212.770248,195.561844,-200.291443
466,4.660000,-0.166574,0.004303,-0.031211,0.985526,202.344391,204.403442,-206.470917,-0.200087,-0.021624,-0.033816,0.978956,242.545334,196.993469,-199.045013,-0.021464,0.494375,0.006987,0.868955,99.501808,324.998810,-74.629601,0.005545,-0.005778,-0.000501,0.999968,224.764526,162.485001,-179.774948,-0.100422,0.001098,-0.043846,0.993978,212.770248,195.561844,-200.291443
467,4.670000,-0.167807,0.004294,-0.031641,0.985303,202.331390,204.371918,-206.523849,-0.200341,-0.021447,-0.033332,0.978924,242.524719,196.969696,-199.089310,-0.021437,0.494036,0.006855,0.869150,99.524918,324.990265,-74.675499,0.005463,-0.006056,-0.000445,0.999967,224.757767,162.479218,-179.813461,-0.100422,0.001098,-0.043846,0.993978,212.770248,195.561844,-200.291443
468,4.680000,-0.169369,0.003020,-0.032098,0.985025,202.308090,204.344498,-206.583115,-0.200309,-0.021096,-0.033184,0.978943,242.513016,196.955582,-199.137726,-0.021365,0.494296,0.006868,0.869004,99.542900,324.983002,-74.676598,0.005389,-0.006113,-0.000070,0.999967,224.734390,162.469910,-179.851517,-0.100422,0.001098,-0.043846,0.993978,212.770248,195.561844,-200.291443
469,4.690000,-0.170832,0.003206,-0.033193,0.984736,202.298553,204.310669,-206.631378,-0.200066,-0.020170,-0.033595,0.978999,242.508957,196.935059,-199.179657,-0.021244,0.494218,0.006813,0.869051,99.580635,324.982574,-74.700195,0.006086,-0.006228,-0.000019,0.999962,224.719696,162.454926,-179.896362,-0.100422,0.001098,-0.043846,0.993978,212.770248,195.561844,-200.291443
470,4.700000,-0.170517,0.004406,-0.033114,0.984788,202.282669,204.294510,-206.671188,-0.200722,-0.020059,-0.033953,0.978854,242.476212,196.913589,-199.219315,-0.021112,0.493958,0.006699,0.869204,99.595139,324.975739,-74.680420,0.006139,-0.006288,-0.000021,0.999961,224.709885,162.448669,-179.926437,-0.100422,0.001098,-0.043846,0.993978,212.770248,195.561844,-200.291443
471,4.710000,-0.170399,0.005098,-0.032953,0.984811,202.266861,204.287979,-206.702576,-0.200995,-0.020544,-0.034118,0.978782,242.460983,196.905518,-199.255447,-0.021104,0.494173,0.006551,0.869082,99.601883,324.979034,-74.678940,0.006231,-0.006158,-0.000180,0.999962,224.673096,162.449234,-179.954437,-0.100422,0.001098,-0.043846,0.993978,212.770248,195.561844,-200.291443
472,4.720000,-0.170595,0.005329,-0.032711,0.984784,202.244888,204.281937,-206.719742,-0.200467,-0.020445,-0.034297,0.978886,242.438324,196.905502,-199.284790,-0.021030,0.494185,0.006586,0.869077,99.586342,324.969879,-74.659042,0.006143,-0.006034,-0.000234,0.999963,224.650742,162.443909,-179.969254,-0.100422,0.001098,-0.043846,0.993978,212.770248,195.561844,-200.291443
473,4.730000,-0.170493,0.005443,-0.032484,0.984808,202.212006,204.280884,-206.718826,-0.200316,-0.020134,-0.034071,0.978932,242.408875,196.904083,-199.288025,-0.021104,0.493925,0.006472,0.869224,99.593307,324.949341,-74.694618,0.006133,-0.006037,-0.000213,0.999963,224.622711,162.444717,-179.970764,-0.100422,0.001098,-0.043846,0.993978,212.770248,195.561844,-200.291443
474,4.740000,-0.170256,0.005400,-0.031778,0.984873,202.148026,204.281448,-206.718109,-0.200360,-0.020290,-0.033890,0.978926,242.361237,196.913086,-199.292816,-0.021149,0.494100,0.006401,0.869124,99.597755,324.927979,-74.703384,0.006268,-0.006066,-0.000120,0.999962,224.564636,162.438339,-179.975418,-0.100422,0.001098,-0.043846,0.993978,212.770248,195.561844,-200.291443
475,4.750000,-0.170256,0.005632,-0.030819,0.984902,202.047028,204.291504,-206.733246,-0.199766,-0.020391,-0.033821,0.979047,242.270081,196.927994,-199.329285,-0.021283,0.494094,0.006092,0.869126,99.635574,324.895966,-74.738579,0.005867,-0.005491,-0.000109,0.999968,224.503525,162.441208,-180.006104,-0.100422,0.001098,-0.043846,0.993978,212.770248,195.561844,-200.291443
476,4.760000,-0.169701,0.006432,-0.031268,0.984978,201.933670,204.290848,-206.755280,-0.200381,-0.020726,-0.033322,0.978932,242.159073,196.926758,-199.359528,-0.021296,0.494217,0.005984,0.869057,99.682587,324.830597,-74.769257,0.005476,-0.004929,0.000182,0.999973,224.412552,162.444550,-180.043579,-0.100422,0.001098,-0.043846,0.993978,212.770248,195.561844,-200.291443
477,4.770000,-0.169068,0.006333,-0.031618,0.985077,201.830353,204.295395,-206.785583,-0.199906,-0.020276,-0.032929,0.979052,242.061935,196.935135,-199.398514,-0.021429,0.494428,0.005687,0.868936,99.730431,324.765472,-74.798820,0.005377,-0.004625,0.000142,0.999975,224.334747,162.443710,-180.073868,-0.100422,0.001098,-0.043846,0.993978,212.770248,195.561844,-200.291443
478,4.780000,-0.168471,0.005156,-0.031612,0.985186,201.764252,204.283295,-206.802689,-0.200083,-0.019420,-0.032313,0.979054,242.002090,196.930695,-199.442719,-0.021546,0.494547,0.005407,0.868867,99.785782,324.703278,-74.840179,0.004999,-0.004654,0.000219,0.999977,224.306458,162.433914,-180.104935,-0.100422,0.001098,-0.043846,0.993978,212.770248,195.561844,-200.291443
479,4.790000,-0.167649,0.004628,-0.030853,0.985353,201.754059,204.257050,-206.811325,-0.200946,-0.019294,-0.032286,0.978880,241.988525,196.910370,-199.494202,-0.021642,0.494513,0.005215,0.868885,99.829895,324.660309,-74.872871,0.004795,-0.004331,0.000155,0.999979,224.314194,162.431305,-180.127731,-0.100422,0.001098,-0.043846,0.993978,212.770248,195.561844,-200.291443
480,4.800000,-0.167868,0.004461,-0.031192,0.985306,201.801971,204.246185,-206.827286,-0.201532,-0.019021,-0.032615,0.978754,242.027817,196.894196,-199.527832,-0.021751,0.494596,0.005045,0.868836,99.833687,324.630035,-74.904823,0.004874,-0.003632,-0.000065,0.999982,224.356491,162.434280,-180.135788,-0.100422,0.001098,-0.043846,0.993978,212.770248,195.561844,-200.291443
481,4.810000,-0.168718,0.004883,-0.032423,0.985119,201.877502,204.228149,-206.820908,-0.201701,-0.018661,-0.033741,0.978688,242.130325,196.874283,-199.536545,-0.021871,0.494603,0.005000,0.868829,99.826096,324.613007,-74.942558,0.004773,-0.003519,-0.000147,0.999982,224.437622,162.436508,-180.143875,-0.100422,0.001098,-0.043846,0.993978,212.770248,195.561844,-200.291443
482,4.820000,-0.170100,0.006013,-0.032784,0.984863,201.977753,204.244110,-206.845200,-0.201641,-0.018226,-0.033495,0.978717,242.218872,196.873352,-199.554153,-0.021933,0.494466,0.004944,0.868906,99.827698,324.608063,-74.973083,0.005001,-0.003748,-0.000361,0.999980,224.512833,162.431641,-180.156387,-0.100422,0.001098,-0.043846,0.993978,212.770248,195.561844,-200.291443
483,4.830000,-0.170562,0.006330,-0.033135,0.984769,202.034439,204.260696,-206.865311,-0.201267,-0.017720,-0.033595,0.978800,242.270035,196.876572,-199.568466,-0.021988,0.494516,0.004938,0.868876,99.829987,324.599365,-74.996078,0.005156,-0.004040,-0.000474,0.999978,224.555206,162.433487,-180.171692,-0.100422,0.001098,-0.043846,0.993978,212.770248,195.561844,-200.291443
484,4.840000,-0.170809,0.006120,-0.033190,0.984726,202.026489,204.272964,-206.890991,-0.200926,-0.017530,-0.033572,0.978874,242.263947,196.883743,-199.592667,-0.022040,0.494558,0.004887,0.868852,99.823494,324.585327,-75.012505,0.005241,-0.004411,-0.000600,0.999976,224.546158,162.441574,-180.198883,-0.100422,0.001098,-0.043846,0.993978,212.770248,195.561844,-200.291443
485,4.850000,-0.170660,0.005510,-0.032972,0.984763,201.949463,204.274597,-206.931824,-0.199786,-0.014517,-0.033314,0.979166,242.175308,196.897217,-199.596909,-0.022014,0.494582,0.004851,0.868839,99.819450,324.571930,-75.014374,0.005161,-0.004388,-0.000349,0.999977,224.474503,162.444946,-180.229660,-0.100422,0.001098,-0.043846,0.993978,212.770248,195.561844,-200.291443
486,4.860000,-0.170518,0.004142,-0.032141,0.984822,201.811386,204.275467,-206.979431,-0.198580,-0.011186,-0.031868,0.979503,242.045593,196.899109,-199.640533,-0.021947,0.494608,0.004770,0.868826,99.820183,324.565155,-74.999710,0.005886,-0.005148,-0.000111,0.999969,224.364258,162.438751,-180.303680,-0.100422,0.001098,-0.043846,0.993978,212.770248,195.561844,-200.291443
487,4.870000,-0.170888,0.006008,-0.032314,0.984742,201.605820,204.255905,-207.022675,-0.199466,-0.015274,-0.032761,0.979238,241.866364,196.901306,-199.756927,-0.021819,0.494685,0.004837,0.868785,99.802887,324.562714,-74.980621,0.005886,-0.005574,0.000051,0.999967,224.217072,162.437042,-180.352737,-0.100422,0.001098,-0.043846,0.993978,212.770248,195.561844,-200.291443
488,4.880000,-0.170970,0.006671,-0.032123,0.984730,201.401199,204.229950,-207.096802,-0.199113,-0.015443,-0.031391,0.979352,241.656296,196.892914,-199.800537,-0.021760,0.494617,0.004907,0.868825,99.781464,324.558502,-74.967720,0.004872,-0.005086,0.000036,0.999975,224.028732,162.421082,-180.389526,-0.100422,0.001098,-0.043846,0.993978,212.770248,195.561844,-200.291443
489,4.890000,-0.171208,0.006297,-0.031001,0.984727,201.168304,204.185806,-207.149963,-0.200208,-0.016923,-0.031028,0.979116,241.451935,196.867828,-199.909439,-0.021862,0.494366,0.004822,0.868966,99.759995,324.547729,-74.957779,0.004746,-0.005150,0.000250,0.999975,223.865845,162.393005,-180.457138,-0.100422,0.001098,-0.043846,0.993978,212.770248,195.561844,-200.291443
490,4.900000,-0.172670,0.007669,-0.030769,0.984469,201.016937,204.159042,-207.236649,-0.202252,-0.019700,-0.033376,0.978566,241.270874,196.874100,-200.003708,-0.021762,0.494331,0.004924,0.868988,99.743660,324.543945,-74.962433,0.004129,-0.004301,0.000508,0.999982,223.712021,162.391708,-180.544220,-0.100422,0.001098,-0.043846,0.993978,212.770248,195.561844,-200.291443
491,4.910000,-0.172365,0.008825,-0.029726,0.984545,200.887558,204.102783,-207.325592,-0.203178,-0.020267,-0.033795,0.978349,241.155273,196.841995,-200.101730,-0.021895,0.494210,0.004810,0.869054,99.735001,324.536407,-74.971146,0.004268,-0.004040,0.000782,0.999982,223.629745,162.377426,-180.608612,-0.100422,0.001098,-0.043846,0.993978,212.770248,195.561844,-200.291443
492,4.920000,-0.171917,0.008968,-0.029383,0.984632,200.845642,204.073120,-207.396912,-0.201793,-0.018202,-0.031618,0.978749,241.119843,196.790329,-200.195129,-0.021828,0.494288,0.004881,0.869010,99.732094,324.531555,-74.981483,0.004916,-0.003932,0.000817,0.999980,223.589264,162.362946,-180.674713,-0.100422,0.001098,-0.043846,0.993978,212.770248,195.561844,-200.291443
493,4.930000,-0.172294,0.009364,-0.029640,0.984555,200.863815,204.039337,-207.450516,-0.201579,-0.016515,-0.031076,0.978840,241.146774,196.756912,-200.245758,-0.021895,0.494309,0.004797,0.868997,99.748810,324.524689,-74.986397,0.004879,-0.003954,0.000798,0.999980,223.596146,162.357513,-180.705246,-0.100422,0.001098,-0.043846,0.993978,212.770248,195.561844,-200.291443
494,4.940000,-0.172692,0.010100,-0.029225,0.984490,200.954590,203.998978,-207.467102,-0.202030,-0.016386,-0.031426,0.978738,241.217590,196.728394,-200.251251,-0.021837,0.494423,0.004793,0.868934,99.780876,324.525360,-74.984238,0.004790,-0.003997,0.000745,0.999980,223.653442,162.358215,-180.709747,-0.100422,0.001098,-0.043846,0.993978,212.770248,195.561844,-200.291443
495,4.950000,-0.173464,0.010248,-0.029797,0.984336,201.069519,203.970642,-207.443420,-0.202231,-0.015857,-0.031871,0.978691,241.338303,196.707779,-200.223206,-0.021885,0.494329,0.004627,0.868987,99.816299,324.527283,-74.976379,0.004223,-0.004132,0.000465,0.999982,223.752823,162.366791,-180.679260,-0.100422,0.001098,-0.043846,0.993978,212.770248,195.561844,-200.291443
496,4.960000,-0.174095,0.010485,-0.030229,0.984209,201.225586,203.985184,-207.424042,-0.202627,-0.016268,-0.032765,0.978572,241.460098,196.703690,-200.173981,-0.021913,0.494426,0.004629,0.868931,99.831085,324.530640,-74.979523,0.003987,-0.004123,0.000396,0.999984,223.862335,162.377380,-180.648758,-0.100422,0.001098,-0.043846,0.993978,212.770248,195.561844,-200.291443
497,4.970000,-0.172358,0.008936,-0.030692,0.984516,201.339569,204.003876,-207.372955,-0.202733,-0.017674,-0.033668,0.978496,241.557938,196.719162,-200.105759,-0.022045,0.494512,0.004624,0.868879,99.827766,324.528687,-75.001305,0.003860,-0.004179,-0.000016,0.999984,223.964539,162.387619,-180.614868,-0.100422,0.001098,-0.043846,0.993978,212.770248,195.561844,-200.291443
498,4.980000,-0.171619,0.006086,-0.032235,0.984617,201.383850,204.039520,-207.323868,-0.203139,-0.018296,-0.032790,0.978430,241.637573,196.737045,-200.040588,-0.022154,0.494578,0.004601,0.868838,99.817467,324.523682,-75.022697,0.003882,-0.004273,-0.000315,0.999983,224.007431,162.395233,-180.576263,-0.100422,0.001098,-0.043846,0.993978,212.770248,195.561844,-200.291443
499,4.990000,-0.171821,0.004901,-0.032953,0.984565,201.374603,204.071777,-207.272400,-0.203007,-0.018596,-0.032641,0.978456,241.635925,196.763611,-200.002136,-0.022240,0.494691,0.004611,0.868772,99.815094,324.521820,-75.037285,0.003878,-0.003637,-0.000294,0.999986,224.009689,162.418915,-180.539841,-0.100422,0.001098,-0.043846,0.993978,212.770248,195.561844,-200.291443
500,5.000000,-0.170914,0.004974,-0.031496,0.984770,201.317139,204.108978,-207.202499,-0.203283,-0.018824,-0.032840,0.978388,241.583069,196.778946,-199.951645,-0.022282,0.494743,0.004610,0.868742,99.816963,324.522034,-75.032562,0.004082,-0.003622,-0.000337,0.999985,223.975449,162.423523,-180.488953,-0.100422,0.001098,-0.043846,0.993978,212.770248,195.561844,-200.291443
501,5.010000,-0.169879,0.005573,-0.031207,0.984955,201.208405,204.133133,-207.088013,-0.202431,-0.018951,-0.031992,0.978590,241.499207,196.822617,-199.887283,-0.022243,0.494781,0.004582,0.868721,99.826096,324.527344,-75.011185,0.004643,-0.004171,0.000063,0.999981,223.918610,162.435562,-180.398865,-0.100422,0.001098,-0.043846,0.993978,212.770248,195.561844,-200.291443
502,5.020000,-0.169811,0.004749,-0.031082,0.984975,201.114151,204.176163,-207.030838,-0.203694,-0.019705,-0.032999,0.978280,241.375610,196.884659,-199.802414,-0.022160,0.494758,0.004581,0.868736,99.829445,324.529022,-74.977745,0.004552,-0.004613,0.000253,0.999979,223.831619,162.445663,-180.340927,-0.100422,0.001098,-0.043846,0.993978,212.770248,195.561844,-200.291443
503,5.030000,-0.169965,0.004297,-0.031034,0.984952,200.948456,204.180161,-206.986115,-0.201807,-0.018407,-0.032444,0.978715,241.202469,196.923676,-199.764435,-0.022049,0.494684,0.004567,0.868781,99.818077,324.528412,-74.946243,0.004773,-0.004406,0.000535,0.999979,223.676331,162.460983,-180.310242,-0.100422,0.001098,-0.043846,0.993978,212.770248,195.561844,-200.291443
504,5.040000,-0.170982,0.005490,-0.030855,0.984776,200.819473,204.181015,-206.955399,-0.200687,-0.016629,-0.032196,0.978985,241.081421,196.932556,-199.735153,-0.021909,0.494680,0.004718,0.868786,99.786667,324.523010,-74.914871,0.004940,-0.004644,0.000596,0.999977,223.570221,162.443817,-180.264816,-0.100422,0.001098,-0.043846,0.993978,212.770248,195.561844,-200.291443
505,5.050000,-0.172012,0.006022,-0.029213,0.984643,200.738174,204.188324,-206.923813,-0.200512,-0.016882,-0.031556,0.979037,241.006699,196.938843,-199.714584,-0.021834,0.494459,0.004719,0.868914,99.741722,324.512634,-74.888107,0.004859,-0.004560,0.000735,0.999978,223.494736,162.451813,-180.225479,-0.100422,0.001098,-0.043846,0.993978,212.770248,195.561844,-200.291443
506,5.060000,-0.172696,0.006063,-0.028937,0.984531,200.691437,204.181015,-206.917877,-0.200302,-0.017005,-0.031279,0.979087,240.958420,196.937103,-199.703506,-0.021813,0.494331,0.004746,0.868987,99.699097,324.504456,-74.874619,0.004870,-0.004582,0.000800,0.999977,223.450165,162.450470,-180.207779,-0.100422,0.001098,-0.043846,0.993978,212.770248,195.561844,-200.291443
507,5.070000,-0.173108,0.006368,-0.028599,0.984467,200.679398,204.173676,-206.927322,-0.200174,-0.016533,-0.031067,0.979128,240.934601,196.925537,-199.709869,-0.021734,0.494335,0.004966,0.868986,99.668655,324.494843,-74.873314,0.005122,-0.005008,0.001003,0.999974,223.427353,162.452515,-180.200974,-0.100422,0.001098,-0.043846,0.993978,212.770248,195.561844,-200.291443
508,5.080000,-0.173060,0.006652,-0.028676,0.984471,200.711014,204.151718,-206.953873,-0.200017,-0.016006,-0.031308,0.979161,240.973953,196.915848,-199.722580,-0.021724,0.494237,0.004945,0.869042,99.659683,324.493866,-74.874573,0.004806,-0.005152,0.000789,0.999975,223.458084,162.442963,-180.222107,-0.100422,0.001098,-0.043846,0.993978,212.770248,195.561844,-200.291443
509,5.090000,-0.173496,0.007609,-0.028731,0.984386,200.765839,204.130737,-206.979767,-0.200171,-0.016027,-0.032085,0.979104,241.037659,196.901199,-199.754974,-0.021758,0.494199,0.004818,0.869063,99.676811,324.499268,-74.877647,0.004905,-0.005288,0.000751,0.999974,223.507782,162.436707,-180.245773,-0.100422,0.001098,-0.043846,0.993978,212.770248,195.561844,-200.291443
510,5.100000,-0.173281,0.008722,-0.029506,0.984392,200.842606,204.128372,-207.020081,-0.200661,-0.016747,-0.032695,0.978972,241.105988,196.886551,-199.793869,-0.021703,0.494305,0.004881,0.869004,99.702896,324.500824,-74.894104,0.004866,-0.005412,0.000521,0.999973,223.572617,162.431808,-180.280533,-0.100422,0.001098,-0.043846,0.993978,212.770248,195.561844,-200.291443
511,5.110000,-0.172368,0.008643,-0.029113,0.984564,200.922058,204.128143,-207.067566,-0.201554,-0.018803,-0.032595,0.978754,241.187057,196.876312,-199.843887,-0.021836,0.494347,0.004690,0.868978,99.734390,324.502991,-74.919037,0.004579,-0.005457,0.000432,0.999975,223.655670,162.422470,-180.340073,-0.100422,0.001098,-0.043846,0.993978,212.770248,195.561844,-200.291443
512,5.120000,-0.171903,0.008304,-0.029693,0.984631,200.992844,204.125809,-207.102982,-0.202500,-0.020064,-0.033336,0.978509,241.249817,196.866211,-199.882782,-0.021888,0.494570,0.004672,0.868850,99.781464,324.505371,-74.960236,0.004551,-0.005356,0.000522,0.999975,223.724579,162.419922,-180.400406,-0.100422,0.001098,-0.043846,0.993978,212.770248,195.561844,-200.291443
513,5.130000,-0.171106,0.007978,-0.029152,0.984789,201.046463,204.135590,-207.143356,-0.203042,-0.020127,-0.033654,0.978385,241.282745,196.850830,-199.910370,-0.022066,0.494598,0.004499,0.868830,99.814583,324.502167,-75.002815,0.004270,-0.004933,0.000579,0.999979,223.764084,162.421661,-180.438049,-0.100422,0.001098,-0.043846,0.993978,212.770248,195.561844,-200.291443
514,5.140000,-0.171331,0.007107,-0.030890,0.984704,201.052460,204.132141,-207.171173,-0.203376,-0.020277,-0.033736,0.978309,241.290726,196.850616,-199.935104,-0.022151,0.494826,0.004507,0.868698,99.828667,324.492767,-75.040123,0.003632,-0.003999,0.000472,0.999985,223.774002,162.422501,-180.481720,-0.100422,0.001098,-0.043846,0.993978,212.770248,195.561844,-200.291443
515,5.150000,-0.171064,0.006648,-0.031222,0.984743,201.028564,204.124756,-207.178070,-0.203649,-0.020559,-0.033644,0.978250,241.276550,196.855011,-199.947250,-0.021999,0.494690,0.004647,0.868778,99.845573,324.491180,-75.096024,0.003554,-0.003578,0.000454,0.999987,223.761353,162.429199,-180.498306,-0.100422,0.001098,-0.043846,0.993978,212.770248,195.561844,-200.291443
516,5.160000,-0.170416,0.006487,-0.031019,0.984862,200.995728,204.123932,-207.170792,-0.203843,-0.020556,-0.033278,0.978222,241.248093,196.862900,-199.944412,-0.022037,0.494714,0.004622,0.868764,99.850555,324.492950,-75.099831,0.003677,-0.003508,0.000336,0.999987,223.725479,162.433273,-180.495941,-0.100422,0.001098,-0.043846,0.993978,212.770248,195.561844,-200.291443
517,5.170000,-0.169541,0.006934,-0.030072,0.985040,200.951126,204.124588,-207.153366,-0.203430,-0.020612,-0.032837,0.978322,241.210617,196.876678,-199.920715,-0.022106,0.494660,0.004498,0.868794,99.845329,324.495026,-75.080429,0.003772,-0.003462,0.000517,0.999987,223.677811,162.443680,-180.474274,-0.100422,0.001098,-0.043846,0.993978,212.770248,195.561844,-200.291443
518,5.180000,-0.169076,0.007973,-0.029167,0.985139,200.911591,204.132187,-207.121918,-0.203508,-0.020144,-0.033085,0.978307,241.152557,196.877625,-199.879639,-0.022172,0.494827,0.004518,0.868697,99.831543,324.489624,-75.029404,0.003633,-0.003595,0.000383,0.999987,223.640976,162.449860,-180.438431,-0.100422,0.001098,-0.043846,0.993978,212.770248,195.561844,-200.291443
519,5.190000,-0.170489,0.007691,-0.030131,0.984869,200.861786,204.134277,-207.081924,-0.202691,-0.019622,-0.033176,0.978484,241.119873,196.888138,-199.855530,-0.022112,0.494708,0.004448,0.868766,99.811043,324.487427,-74.986099,0.004624,-0.004832,0.000530,0.999978,223.607025,162.437790,-180.378647,-0.100422,0.001098,-0.043846,0.993978,212.770248,195.561844,-200.291443
520,5.200000,-0.171620,0.006960,-0.029898,0.984685,200.827713,204.134567,-207.042191,-0.201915,-0.019004,-0.033118,0.978659,241.098297,196.893692,-199.819977,-0.021856,0.494720,0.004677,0.868765,99.781563,324.480377,-74.954018,0.004772,-0.004901,0.000525,0.999977,223.573242,162.437469,-180.332626,-0.100422,0.001098,-0.043846,0.993978,212.770248,195.561844,-200.291443
521,5.210000,-0.171957,0.007370,-0.029361,0.984639,200.813690,204.135468,-207.008942,-0.201315,-0.017950,-0.032761,0.978814,241.081894,196.898132,-199.787598,-0.021773,0.494434,0.004719,0.868930,99.738922,324.471497,-74.927216,0.004981,-0.005131,0.000668,0.999974,223.551910,162.434097,-180.294479,-0.100422,0.001098,-0.043846,0.993978,212.770248,195.561844,-200.291443
522,5.220000,-0.172393,0.008195,-0.029268,0.984559,200.806992,204.145920,-206.990372,-0.200757,-0.016611,-0.032489,0.978961,241.069794,196.901260,-199.763763,-0.021703,0.494311,0.004747,0.869001,99.712036,324.463531,-74.913231,0.004921,-0.005268,0.000687,0.999974,223.539154,162.433762,-180.263168,-0.100422,0.001098,-0.043846,0.993978,212.770248,195.561844,-200.291443
523,5.230000,-0.172562,0.008306,-0.029608,0.984519,200.806076,204.146393,-206.976196,-0.200324,-0.016183,-0.032339,0.979062,241.066696,196.901993,-199.753220,-0.021661,0.494298,0.004856,0.869009,99.692917,324.457489,-74.905014,0.004977,-0.005352,0.000692,0.999973,223.534973,162.432755,-180.247482,-0.100422,0.001098,-0.043846,0.993978,212.770248,195.561844,-200.291443
524,5.240000,-0.172831,0.008665,-0.029441,0.984473,200.800812,204.149612,-206.976639,-0.200071,-0.015610,-0.032217,0.979127,241.065750,196.901642,-199.745163,-0.021668,0.494224,0.004787,0.869051,99.687355,324.453522,-74.910103,0.004990,-0.005424,0.000724,0.999973,223.534958,162.434296,-180.244064,-0.100422,0.001098,-0.043846,0.993978,212.770248,195.561844,-200.291443
525,5.250000,-0.172626,0.008327,-0.029721,0.984504,200.807449,204.146286,-206.985748,-0.200292,-0.015863,-0.032323,0.979074,241.069839,196.901047,-199.759857,-0.021740,0.494291,0.004791,0.869012,99.697517,324.463043,-74.918594,0.004974,-0.005390,0.000713,0.999973,223.534988,162.434708,-180.253021,-0.100422,0.001098,-0.043846,0.993978,212.770248,195.561844,-200.291443
526,5.260000,-0.172143,0.008083,-0.030054,0.984580,200.813629,204.147400,-207.005951,-0.200658,-0.016405,-0.032386,0.978988,241.077057,196.899887,-199.779831,-0.021769,0.494379,0.004729,0.868961,99.721901,324.466248,-74.932945,0.004827,-0.005313,0.000653,0.999974,223.540939,162.434845,-180.275818,-0.100422,0.001098,-0.043846,0.993978,212.770248,195.561844,-200.291443
527,5.270000,-0.171814,0.007589,-0.029760,0.984651,200.821274,204.139694,-207.032776,-0.201167,-0.017181,-0.032641,0.978862,241.091629,196.901123,-199.811142,-0.021836,0.494512,0.004662,0.868884,99.751396,324.469879,-74.956490,0.004832,-0.005069,0.000651,0.999975,223.555511,162.435074,-180.317123,-0.100422,0.001098,-0.043846,0.993978,212.770248,195.561844,-200.291443
528,5.280000,-0.171723,0.007279,-0.030260,0.984654,200.849319,204.137482,-207.064621,-0.201764,-0.018571,-0.033034,0.978701,241.112091,196.893982,-199.839615,-0.021901,0.494765,0.004693,0.868738,99.784866,324.475189,-74.983223,0.004717,-0.004754,0.000507,0.999977,223.582733,162.435272,-180.353851,-0.100422,0.001098,-0.043846,0.993978,212.770248,195.561844,-200.291443
529,5.290000,-0.171465,0.007056,-0.030628,0.984689,200.872025,204.135025,-207.090256,-0.202314,-0.019071,-0.033153,0.978574,241.134186,196.889221,-199.868240,-0.022047,0.494831,0.004514,0.868698,99.810486,324.477356,-75.001877,0.004530,-0.004712,0.000414,0.999979,223.613617,162.428894,-180.390182,-0.100422,0.001098,-0.043846,0.993978,212.770248,195.561844,-200.291443
530,5.300000,-0.169934,0.007285,-0.029549,0.984985,200.912262,204.136215,-207.115494,-0.203099,-0.019549,-0.033108,0.978403,241.161240,196.879547,-199.879944,-0.022135,0.494830,0.004493,0.868696,99.834229,324.475586,-75.026909,0.003734,-0.003665,0.000646,0.999986,223.660294,162.442169,-180.439026,-0.100422,0.001098,-0.043846,0.993978,212.770248,195.561844,-200.291443
531,5.310000,-0.168865,0.008059,-0.029112,0.985176,200.937668,204.133698,-207.128998,-0.203329,-0.021027,-0.032993,0.978329,241.201035,196.879898,-199.903976,-0.022186,0.494882,0.004476,0.868665,99.840446,324.474762,-75.038895,0.003800,-0.003641,0.000525,0.999986,223.689423,162.430267,-180.458054,-0.100422,0.001098,-0.043846,0.993978,212.770248,195.561844,-200.291443
532,5.320000,-0.169507,0.007585,-0.029782,0.985050,200.959076,204.134674,-207.131805,-0.203219,-0.020844,-0.032996,0.978355,241.211227,196.882385,-199.903290,-0.022211,0.494886,0.004463,0.868663,99.841095,324.474884,-75.042320,0.003866,-0.003697,0.000465,0.999986,223.705780,162.435959,-180.462540,-0.100422,0.001098,-0.043846,0.993978,212.770248,195.561844,-200.291443
533,5.330000,-0.170464,0.006832,-0.030534,0.984867,200.961227,204.141266,-207.126770,-0.203169,-0.021201,-0.033058,0.978356,241.210678,196.882736,-199.901855,-0.022189,0.494853,0.004481,0.868682,99.835373,324.475494,-75.038040,0.003908,-0.003830,0.000472,0.999985,223.704407,162.437408,-180.456024,-0.100422,0.001098,-0.043846,0.993978,212.770248,195.561844,-200.291443
534,5.340000,-0.170101,0.007701,-0.029702,0.984949,200.934235,204.138718,-207.113037,-0.202848,-0.020808,-0.032876,0.978437,241.190475,196.887436,-199.891296,-0.022050,0.494869,0.004605,0.868676,99.817802,324.472504,-75.024178,0.004527,-0.004542,0.000658,0.999979,223.669922,162.440552,-180.424408,-0.100422,0.001098,-0.043846,0.993978,212.770248,195.561844,-200.291443
535,5.350000,-0.170162,0.008133,-0.029179,0.984950,200.906921,204.140213,-207.097870,-0.203029,-0.020351,-0.033196,0.978398,241.155396,196.879730,-199.866241,-0.021977,0.494745,0.004637,0.868748,99.796844,324.467743,-75.007164,0.004570,-0.004867,0.000677,0.999978,223.645844,162.441971,-180.390991,-0.100422,0.001098,-0.043846,0.993978,212.770248,195.561844,-200.291443
536,5.360000,-0.171432,0.008221,-0.029862,0.984709,200.857361,204.135239,-207.070801,-0.202128,-0.019754,-0.033367,0.978591,241.120224,196.889328,-199.849365,-0.021873,0.494586,0.004626,0.868841,99.773727,324.459473,-74.987534,0.004779,-0.005247,0.000594,0.999975,223.608688,162.429169,-180.359131,-0.100422,0.001098,-0.043846,0.993978,212.770248,195.561844,-200.291443
537,5.370000,-0.172381,0.008193,-0.028965,0.984570,200.810257,204.133484,-207.050812,-0.201503,-0.018480,-0.033000,0.978757,241.086746,196.893967,-199.833221,-0.021789,0.494511,0.004669,0.868886,99.752937,324.452209,-74.969833,0.004883,-0.005227,0.000670,0.999974,223.555008,162.427979,-180.328842,-0.100422,0.001098,-0.043846,0.993978,212.770248,195.561844,-200.291443
538,5.380000,-0.172659,0.008358,-0.028401,0.984537,200.777115,204.133896,-207.038635,-0.201204,-0.017980,-0.032839,0.978834,241.056396,196.898499,-199.820221,-0.021750,0.494332,0.004646,0.868989,99.727486,324.445892,-74.952499,0.004931,-0.005209,0.000725,0.999974,223.529648,162.426453,-180.309311,-0.100422,0.001098,-0.043846,0.993978,212.770248,195.561844,-200.291443
539,5.390000,-0.172938,0.008369,-0.028301,0.984491,200.757935,204.134689,-207.026184,-0.199381,-0.013628,-0.031908,0.979307,241.034149,196.906799,-199.760391,-0.021731,0.494349,0.004725,0.868979,99.715401,324.439789,-74.938293,0.005045,-0.005331,0.000884,0.999973,223.517944,162.430130,-180.295853,-0.100422,0.001098,-0.043846,0.993978,212.770248,195.561844,-200.291443
540,5.400000,-0.172777,0.008278,-0.028257,0.984521,200.750061,204.135147,-207.021835,-0.199715,-0.014287,-0.031838,0.979233,241.027328,196.898422,-199.792648,-0.021714,0.494359,0.004715,0.868974,99.713074,324.446075,-74.930405,0.004960,-0.005295,0.000819,0.999973,223.505508,162.428360,-180.291122,-0.100422,0.001098,-0.043846,0.993978,212.770248,195.561844,-200.291443
541,5.410000,-0.172537,0.008029,-0.028386,0.984561,200.757141,204.137329,-207.023636,-0.200795,-0.016915,-0.032417,0.978951,241.033020,196.901016,-199.794739,-0.021750,0.494467,0.004748,0.868911,99.721886,324.450317,-74.924019,0.004897,-0.005191,0.000800,0.999974,223.507324,162.431854,-180.293350,-0.100422,0.001098,-0.043846,0.993978,212.770248,195.561844,-200.291443
542,5.420000,-0.172131,0.007921,-0.028686,0.984625,200.777405,204.140747,-207.025955,-0.200992,-0.017171,-0.032493,0.978903,241.047546,196.904694,-199.798233,-0.021852,0.494527,0.004640,0.868875,99.739639,324.461639,-74.936348,0.004850,-0.005046,0.000760,0.999975,223.519302,162.436935,-180.303406,-0.100422,0.001098,-0.043846,0.993978,212.770248,195.561844,-200.291443
543,5.430000,-0.171513,0.007592,-0.029121,0.984722,200.803909,204.144455,-207.035233,-0.199772,-0.013692,-0.031873,0.979228,241.073517,196.915314,-199.762787,-0.021875,0.494830,0.004749,0.868701,99.765312,324.465942,-74.950897,0.004775,-0.004855,0.000693,0.999977,223.541214,162.440186,-180.320679,-0.100422,0.001098,-0.043846,0.993978,212.770248,195.561844,-200.291443
544,5.440000,-0.171161,0.007279,-0.030124,0.984756,200.840179,204.147964,-207.047455,-0.200847,-0.015890,-0.032408,0.978958,241.103836,196.908600,-199.820236,-0.021970,0.494877,0.004667,0.868673,99.788895,324.471436,-74.978600,0.004762,-0.004630,0.000499,0.999978,223.575562,162.441437,-180.343414,-0.100422,0.001098,-0.043846,0.993978,212.770248,195.561844,-200.291443
545,5.450000,-0.170912,0.006592,-0.030864,0.984781,200.870071,204.148819,-207.061554,-0.202720,-0.018983,-0.032945,0.978498,241.136703,196.899765,-199.832291,-0.022024,0.494873,0.004600,0.868674,99.812622,324.468018,-75.006447,0.004457,-0.004267,0.000506,0.999981,223.617950,162.442505,-180.370560,-0.100422,0.001098,-0.043846,0.993978,212.770248,195.561844,-200.291443
546,5.460000,-0.169800,0.006274,-0.029666,0.985012,200.908920,204.154022,-207.081665,-0.202988,-0.019854,-0.033188,0.978417,241.160583,196.896576,-199.848053,-0.022084,0.494923,0.004545,0.868644,99.829865,324.464874,-75.032509,0.003692,-0.003695,0.000478,0.999986,223.673431,162.436325,-180.414886,-0.100422,0.001098,-0.043846,0.993978,212.770248,195.561844,-200.291443
547,5.470000,-0.168907,0.007496,-0.029194,0.985171,200.926117,204.150635,-207.091125,-0.202809,-0.020489,-0.032855,0.978453,241.185303,196.899612,-199.875519,-0.022108,0.494965,0.004517,0.868620,99.836998,324.458740,-75.050529,0.003691,-0.003736,0.000491,0.999986,223.691971,162.438248,-180.429276,-0.100422,0.001098,-0.043846,0.993978,212.770248,195.561844,-200.291443
548,5.480000,-0.169675,0.007925,-0.029183,0.985036,200.931580,204.143326,-207.096756,-0.202889,-0.020797,-0.032910,0.978428,241.190292,196.896423,-199.885498,-0.022161,0.494861,0.004417,0.868678,99.840591,324.453705,-75.055672,0.003647,-0.003809,0.000417,0.999986,223.691147,162.432220,-180.434921,-0.100422,0.001098,-0.043846,0.993978,212.770248,195.561844,-200.291443
549,5.490000,-0.169671,0.008241,-0.029044,0.985038,200.921158,204.143570,-207.107239,-0.203378,-0.021049,-0.033400,0.978304,241.174683,196.884262,-199.884201,-0.022069,0.494903,0.004521,0.868656,99.827705,324.453918,-75.044266,0.003998,-0.003835,0.000630,0.999985,223.669373,162.438538,-180.437210,-0.100422,0.001098,-0.043846,0.993978,212.770248,195.561844,-200.291443
550,5.500000,-0.169780,0.009082,-0.028636,0.985024,200.900116,204.138809,-207.107346,-0.203229,-0.020504,-0.033325,0.978349,241.152008,196.881195,-199.877472,-0.021986,0.494786,0.004546,0.868725,99.809631,324.452911,-75.021858,0.004523,-0.004695,0.000540,0.999979,223.630478,162.430634,-180.410889,-0.100422,0.001098,-0.043846,0.993978,212.770248,195.561844,-200.291443
551,5.510000,-0.171219,0.008830,-0.029745,0.984744,200.858231,204.128525,-207.100739,-0.202177,-0.019596,-0.033355,0.978585,241.119965,196.885117,-199.876999,-0.021935,0.494709,0.004597,0.868769,99.783920,324.449768,-75.000465,0.004857,-0.005182,0.000558,0.999975,223.594849,162.421173,-180.392303,-0.100422,0.001098,-0.043846,0.993978,212.770248,195.561844,-200.291443
552,5.520000,-0.172298,0.008266,-0.029158,0.984579,200.812439,204.126404,-207.088623,-0.201893,-0.018984,-0.033093,0.978664,241.086884,196.884430,-199.866913,-0.021871,0.494608,0.004633,0.868829,99.754944,324.444641,-74.979881,0.004760,-0.005057,0.000638,0.999976,223.557922,162.426895,-180.364548,-0.100422,0.001098,-0.043846,0.993978,212.770248,195.561844,-200.291443
553,5.530000,-0.172456,0.008205,-0.028649,0.984566,200.778320,204.129227,-207.076477,-0.201691,-0.018891,-0.032952,0.978712,241.041550,196.891663,-199.864197,-0.021839,0.494435,0.004631,0.868928,99.733780,324.437653,-74.958969,0.004853,-0.005076,0.000724,0.999975,223.528839,162.425659,-180.346283,-0.100422,0.001098,-0.043846,0.993978,212.770248,195.561844,-200.291443
554,5.540000,-0.172713,0.008210,-0.028461,0.984527,200.755783,204.131027,-207.061493,-0.201522,-0.018650,-0.032887,0.978754,241.018036,196.895142,-199.850571,-0.021767,0.494419,0.004688,0.868938,99.724464,324.437286,-74.951302,0.004990,-0.005208,0.000790,0.999974,223.509277,162.426971,-180.330048,-0.100422,0.001098,-0.043846,0.993978,212.770248,195.561844,-200.291443
555,5.550000,-0.172527,0.008295,-0.028305,0.984563,200.744308,204.135651,-207.045151,-0.201341,-0.018297,-0.032766,0.978802,241.008942,196.901505,-199.833115,-0.021859,0.494347,0.004615,0.868977,99.723106,324.431915,-74.952827,0.005020,-0.005186,0.000872,0.999974,223.505890,162.431442,-180.317719,-0.100422,0.001098,-0.043846,0.993978,212.770248,195.561844,-200.291443
556,5.560000,-0.172222,0.008089,-0.028361,0.984617,200.746140,204.141312,-207.032837,-0.199645,-0.014141,-0.031914,0.979246,241.019699,196.913925,-199.767044,-0.021820,0.494491,0.004656,0.868897,99.731361,324.438263,-74.954613,0.004915,-0.005095,0.000795,0.999975,223.502869,162.430496,-180.310059,-0.100422,0.001098,-0.043846,0.993978,212.770248,195.561844,-200.291443
557,5.570000,-0.171969,0.007768,-0.029060,0.984643,200.763336,204.155502,-207.027847,-0.198349,-0.010208,-0.031060,0.979586,241.034149,196.922989,-199.751648,-0.021834,0.494693,0.004699,0.868781,99.752708,324.443359,-74.967239,0.004876,-0.004980,0.000769,0.999975,223.514801,162.433502,-180.311996,-0.100422,0.001098,-0.043846,0.993978,212.770248,195.561844,-200.291443
558,5.580000,-0.171636,0.007252,-0.029642,0.984688,200.794525,204.160965,-207.028717,-0.198444,-0.010004,-0.031025,0.979570,241.059540,196.925156,-199.751434,-0.021931,0.494711,0.004605,0.868769,99.776993,324.451080,-74.986519,0.004801,-0.004813,0.000704,0.999977,223.535858,162.437210,-180.320786,-0.100422,0.001098,-0.043846,0.993978,212.770248,195.561844,-200.291443
559,5.590000,-0.171084,0.006815,-0.030192,0.984770,200.823456,204.162796,-207.033142,-0.200116,-0.013969,-0.031820,0.979156,241.088196,196.920059,-199.805267,-0.021985,0.494771,0.004562,0.868733,99.794647,324.453735,-75.000969,0.004791,-0.004654,0.000525,0.999978,223.568192,162.438492,-180.335403,-0.100422,0.001098,-0.043846,0.993978,212.770248,195.561844,-200.291443
560,5.600000,-0.170829,0.006498,-0.030608,0.984804,200.854797,204.157822,-207.045135,-0.201677,-0.018638,-0.033111,0.978715,241.125275,196.920380,-199.829224,-0.022029,0.494843,0.004561,0.868691,99.808449,324.454803,-75.015388,0.004489,-0.004271,0.000535,0.999981,223.598404,162.447433,-180.357681,-0.100422,0.001098,-0.043846,0.993978,212.770248,195.561844,-200.291443
561,5.610000,-0.169887,0.006444,-0.029483,0.985001,200.894318,204.162415,-207.069565,-0.202859,-0.019355,-0.033124,0.978456,241.146729,196.908051,-199.836731,-0.022134,0.494792,0.004430,0.868718,99.823738,324.454712,-75.029869,0.004456,-0.004206,0.000522,0.999981,223.636200,162.446213,-180.379730,-0.100422,0.001098,-0.043846,0.993978,212.770248,195.561844,-200.291443
562,5.620000,-0.169239,0.006773,-0.029121,0.985121,200.906372,204.160309,-207.083206,-0.203153,-0.019807,-0.033336,0.978379,241.162628,196.905151,-199.851196,-0.022151,0.494798,0.004414,0.868714,99.827438,324.452393,-75.035439,0.004239,-0.004482,0.000516,0.999981,223.660675,162.434326,-180.400757,-0.100422,0.001098,-0.043846,0.993978,212.770248,195.561844,-200.291443
563,5.630000,-0.169194,0.007419,-0.028903,0.985131,200.906296,204.154922,-207.090134,-0.203233,-0.020236,-0.033257,0.978356,241.156128,196.893875,-199.860413,-0.022109,0.494879,0.004472,0.868669,99.822731,324.450256,-75.034698,0.003664,-0.003870,0.000373,0.999986,223.648575,162.434143,-180.423462,-0.100422,0.001098,-0.043846,0.993978,212.770248,195.561844,-200.291443
564,5.640000,-0.169252,0.008298,-0.028602,0.985123,200.895554,204.148483,-207.098770,-0.203200,-0.020384,-0.033323,0.978358,241.149841,196.889969,-199.871460,-0.022070,0.494883,0.004493,0.868668,99.816490,324.447754,-75.026443,0.003939,-0.003836,0.000480,0.999985,223.640121,162.434097,-180.430435,-0.100422,0.001098,-0.043846,0.993978,212.770248,195.561844,-200.291443
565,5.650000,-0.170606,0.008087,-0.029759,0.984857,200.861298,204.137665,-207.097305,-0.202561,-0.019961,-0.033416,0.978496,241.125748,196.891113,-199.877106,-0.021994,0.494825,0.004529,0.868703,99.805534,324.445374,-75.013893,0.004751,-0.004895,0.000448,0.999977,223.609146,162.422638,-180.400452,-0.100422,0.001098,-0.043846,0.993978,212.770248,195.561844,-200.291443
566,5.660000,-0.171889,0.007556,-0.029384,0.984649,200.823471,204.134003,-207.090973,-0.202120,-0.019183,-0.033045,0.978615,241.098129,196.892075,-199.873199,-0.021954,0.494745,0.004535,0.868749,99.789268,324.443268,-74.999397,0.004608,-0.005150,0.000603,0.999976,223.581116,162.423767,-180.383850,-0.100422,0.001098,-0.043846,0.993978,212.770248,195.561844,-200.291443
567,5.670000,-0.172163,0.007849,-0.028911,0.984613,200.798340,204.134140,-207.083557,-0.201849,-0.018906,-0.033019,0.978677,241.074356,196.891739,-199.861313,-0.021875,0.494723,0.004625,0.868763,99.769157,324.436005,-74.983231,0.004813,-0.005115,0.000685,0.999975,223.547623,162.428772,-180.364990,-0.100422,0.001098,-0.043846,0.993978,212.770248,195.561844,-200.291443
568,5.680000,-0.172427,0.008030,-0.028694,0.984572,200.771561,204.136795,-207.071365,-0.201650,-0.018805,-0.032896,0.978725,241.037079,196.900497,-199.860764,-0.021858,0.494516,0.004587,0.868881,99.746407,324.430756,-74.969055,0.004946,-0.005141,0.000806,0.999974,223.531021,162.433411,-180.344467,-0.100422,0.001098,-0.043846,0.993978,212.770248,195.561844,-200.291443
569,5.690000,-0.172470,0.007900,-0.028642,0.984567,200.758347,204.140564,-207.054901,-0.201360,-0.018495,-0.032757,0.978795,241.021927,196.905411,-199.846527,-0.021875,0.494402,0.004574,0.868946,99.733284,324.425537,-74.966713,0.004946,-0.005209,0.000810,0.999974,223.511856,162.431747,-180.328003,-0.100422,0.001098,-0.043846,0.993978,212.770248,195.561844,-200.291443
570,5.700000,-0.172573,0.007935,-0.028639,0.984548,200.750931,204.145767,-207.041199,-0.201086,-0.018027,-0.032638,0.978864,241.017990,196.912048,-199.832565,-0.021881,0.494353,0.004565,0.868974,99.730995,324.425598,-74.968979,0.005051,-0.005307,0.000878,0.999973,223.512772,162.437347,-180.316498,-0.100422,0.001098,-0.043846,0.993978,212.770248,195.561844,-200.291443
571,5.710000,-0.172415,0.007961,-0.028631,0.984576,200.752792,204.150040,-207.033218,-0.201048,-0.018055,-0.032698,0.978869,241.032623,196.915756,-199.816147,-0.021911,0.494321,0.004502,0.868992,99.735641,324.428253,-74.975426,0.004994,-0.005262,0.000810,0.999973,223.510666,162.436371,-180.312210,-0.100422,0.001098,-0.043846,0.993978,212.770248,195.561844,-200.291443
572,5.720000,-0.172371,0.007633,-0.029245,0.984568,200.769196,204.160492,-207.031326,-0.201189,-0.018117,-0.032724,0.978838,241.045456,196.920441,-199.816132,-0.021918,0.494437,0.004495,0.868926,99.749298,324.434967,-74.981682,0.005071,-0.005211,0.000861,0.999973,223.527206,162.440689,-180.318222,-0.100422,0.001098,-0.043846,0.993978,212.770248,195.561844,-200.291443
573,5.730000,-0.171908,0.007502,-0.029129,0.984654,200.786118,204.157394,-207.033524,-0.201237,-0.018297,-0.032784,0.978823,241.061539,196.923737,-199.820251,-0.021898,0.494716,0.004631,0.868766,99.770676,324.437927,-74.991676,0.004973,-0.005042,0.000806,0.999975,223.543488,162.443390,-180.327606,-0.100422,0.001098,-0.043846,0.993978,212.770248,195.561844,-200.291443
574,5.740000,-0.171518,0.007456,-0.029156,0.984721,200.805771,204.158463,-207.043045,-0.201692,-0.018890,-0.033042,0.978709,241.087128,196.923904,-199.829422,-0.021965,0.494772,0.004570,0.868733,99.792694,324.445892,-75.006241,0.004897,-0.004896,0.000672,0.999976,223.557465,162.441345,-180.343338,-0.100422,0.001098,-0.043846,0.993978,212.770248,195.561844,-200.291443
575,5.750000,-0.171240,0.007324,-0.030000,0.984745,200.833939,204.158203,-207.056458,-0.201931,-0.018807,-0.032936,0.978665,241.100494,196.919342,-199.841873,-0.022005,0.494832,0.004543,0.868698,99.807472,324.447601,-75.015244,0.004781,-0.004718,0.000580,0.999977,223.575012,162.441574,-180.362244,-0.100422,0.001098,-0.043846,0.993978,212.770248,195.561844,-200.291443
576,5.760000,-0.170967,0.006899,-0.030576,0.984778,200.851578,204.155777,-207.069962,-0.202059,-0.018711,-0.033080,0.978636,241.118027,196.914749,-199.854996,-0.022061,0.494872,0.004504,0.868674,99.816444,324.448242,-75.024063,0.004787,-0.004535,0.000514,0.999978,223.599060,162.443680,-180.377426,-0.100422,0.001098,-0.043846,0.993978,212.770248,195.561844,-200.291443
577,5.770000,-0.170795,0.006667,-0.030780,0.984803,200.860580,204.152802,-207.082535,-0.202213,-0.019268,-0.033260,0.978587,241.130402,196.913452,-199.868256,-0.022114,0.494890,0.004472,0.868663,99.820297,324.448486,-75.031006,0.004192,-0.003796,0.000388,0.999984,223.611832,162.441513,-180.405731,-0.100422,0.001098,-0.043846,0.993978,212.770248,195.561844,-200.291443
578,5.780000,-0.170942,0.006552,-0.030821,0.984777,200.864273,204.149689,-207.092468,-0.202424,-0.019628,-0.033262,0.978536,241.128021,196.904602,-199.873764,-0.022090,0.494900,0.004511,0.868657,99.818092,324.446991,-75.030426,0.003892,-0.003906,0.000301,0.999985,223.618011,162.430466,-180.418015,-0.100422,0.001098,-0.043846,0.993978,212.770248,195.561844,-200.291443
579,5.790000,-0.171047,0.006657,-0.030684,0.984763,200.857498,204.146774,-207.093933,-0.202358,-0.019600,-0.033247,0.978551,241.122253,196.900833,-199.874710,-0.022056,0.494944,0.004579,0.868633,99.813339,324.443085,-75.021500,0.003874,-0.004028,0.000324,0.999984,223.614395,162.427124,-180.419449,-0.100422,0.001098,-0.043846,0.993978,212.770248,195.561844,-200.291443
580,5.800000,-0.171153,0.007081,-0.030448,0.984748,200.846420,204.143967,-207.090698,-0.202253,-0.019357,-0.033206,0.978579,241.111237,196.898483,-199.871246,-0.022000,0.494832,0.004560,0.868698,99.801857,324.442596,-75.011711,0.004463,-0.004857,0.000554,0.999978,223.592621,162.428314,-180.395218,-0.100422,0.001098,-0.043846,0.993978,212.770248,195.561844,-200.291443
581,5.810000,-0.171563,0.007109,-0.029645,0.984701,200.821136,204.142258,-207.080963,-0.202099,-0.019084,-0.033072,0.978621,241.093018,196.901169,-199.862610,-0.021964,0.494759,0.004550,0.868741,99.790924,324.439758,-75.001350,0.004692,-0.004808,0.000591,0.999977,223.567932,162.432892,-180.374390,-0.100422,0.001098,-0.043846,0.993978,212.770248,195.561844,-200.291443
582,5.820000,-0.171916,0.007606,-0.029101,0.984652,200.800278,204.142914,-207.067749,-0.201779,-0.018897,-0.032927,0.978695,241.077286,196.901901,-199.850266,-0.021889,0.494734,0.004605,0.868757,99.775078,324.433533,-74.984390,0.004787,-0.004883,0.000651,0.999976,223.549850,162.431549,-180.355347,-0.100422,0.001098,-0.043846,0.993978,212.770248,195.561844,-200.291443
583,5.830000,-0.171998,0.008214,-0.028756,0.984643,200.781555,204.145508,-207.053177,-0.201415,-0.018448,-0.032910,0.978779,241.055206,196.909424,-199.840683,-0.021845,0.494672,0.004631,0.868793,99.760132,324.430817,-74.974297,0.004990,-0.005091,0.000785,0.999974,223.537704,162.433960,-180.337646,-0.100422,0.001098,-0.043846,0.993978,212.770248,195.561844,-200.291443
584,5.840000,-0.172153,0.008122,-0.028552,0.984623,200.760757,204.149094,-207.042862,-0.201187,-0.018223,-0.032762,0.978835,241.040070,196.912445,-199.827515,-0.021903,0.494409,0.004520,0.868942,99.741753,324.423706,-74.965622,0.004924,-0.005162,0.000774,0.999974,223.519592,162.432175,-180.323242,-0.100422,0.001098,-0.043846,0.993978,212.770248,195.561844,-200.291443
585,5.850000,-0.172236,0.008210,-0.029143,0.984590,200.755722,204.161530,-207.033356,-0.201110,-0.017942,-0.032717,0.978858,241.029678,196.915848,-199.815079,-0.021901,0.494385,0.004522,0.868955,99.734177,324.422974,-74.963310,0.004989,-0.005217,0.000786,0.999974,223.509521,162.433289,-180.313141,-0.100422,0.001098,-0.043846,0.993978,212.770248,195.561844,-200.291443
586,5.860000,-0.172184,0.007958,-0.028793,0.984612,200.748108,204.157837,-207.028656,-0.200956,-0.017950,-0.032617,0.978893,241.027298,196.920334,-199.814285,-0.021904,0.494413,0.004546,0.868939,99.734261,324.423553,-74.967384,0.005043,-0.005200,0.000873,0.999973,223.512375,162.438858,-180.312744,-0.100422,0.001098,-0.043846,0.993978,212.770248,195.561844,-200.291443
587,5.870000,-0.172026,0.007701,-0.029312,0.984626,200.757538,204.167007,-207.031754,-0.201082,-0.018118,-0.032694,0.978861,241.030701,196.923264,-199.814697,-0.021908,0.494481,0.004560,0.868900,99.741692,324.428528,-74.972382,0.004978,-0.005055,0.000866,0.999974,223.516464,162.441635,-180.319000,-0.100422,0.001098,-0.043846,0.993978,212.770248,195.561844,-200.291443
588,5.880000,-0.171834,0.007037,-0.029688,0.984653,200.768951,204.169739,-207.039642,-0.201304,-0.018314,-0.032731,0.978811,241.042603,196.925415,-199.823135,-0.021921,0.494644,0.004565,0.868807,99.760445,324.435822,-74.989716,0.004934,-0.004945,0.000836,0.999975,223.527771,162.444412,-180.332626,-0.100422,0.001098,-0.043846,0.993978,212.770248,195.561844,-200.291443
589,5.890000,-0.171536,0.007112,-0.029299,0.984717,200.784332,204.162827,-207.048615,-0.201547,-0.018440,-0.032777,0.978757,241.058609,196.927338,-199.836136,-0.021986,0.494761,0.004529,0.868739,99.782333,324.440613,-75.007996,0.004880,-0.004796,0.000806,0.999976,223.542206,162.445099,-180.348846,-0.100422,0.001098,-0.043846,0.993978,212.770248,195.561844,-200.291443
590,5.900000,-0.171116,0.007186,-0.029303,0.984789,200.803970,204.160355,-207.064835,-0.202007,-0.019104,-0.033046,0.978640,241.086761,196.924026,-199.853088,-0.022026,0.494841,0.004527,0.868693,99.802116,324.442871,-75.021584,0.004747,-0.004652,0.000625,0.999978,223.556961,162.442139,-180.368103,-0.100422,0.001098,-0.043846,0.993978,212.770248,195.561844,-200.291443
591,5.910000,-0.170887,0.007007,-0.030158,0.984804,200.832748,204.158585,-207.079254,-0.202235,-0.019447,-0.033158,0.978583,241.105148,196.921066,-199.867416,-0.022091,0.494911,0.004476,0.868652,99.817146,324.443298,-75.037842,0.004609,-0.004460,0.000542,0.999979,223.576370,162.441116,-180.386032,-0.100422,0.001098,-0.043846,0.993978,212.770248,195.561844,-200.291443
592,5.920000,-0.170663,0.006827,-0.030640,0.984829,200.849991,204.155945,-207.090225,-0.202322,-0.019750,-0.033307,0.978553,241.119675,196.914764,-199.879105,-0.022112,0.494928,0.004453,0.868641,99.824982,324.441681,-75.044815,0.004053,-0.003730,0.000326,0.999985,223.599564,162.436798,-180.413559,-0.100422,0.001098,-0.043846,0.993978,212.770248,195.561844,-200.291443
593,5.930000,-0.170799,0.006272,-0.031236,0.984791,200.862686,204.158676,-207.105865,-0.202325,-0.019480,-0.033194,0.978562,241.124466,196.907166,-199.883224,-0.022148,0.494829,0.004372,0.868697,99.830948,324.435150,-75.046989,0.004092,-0.003877,0.000302,0.999984,223.617447,162.427856,-180.432068,-0.100422,0.001098,-0.043846,0.993978,212.770248,195.561844,-200.291443
594,5.940000,-0.171332,0.005859,-0.031431,0.984694,200.863434,204.156036,-207.107864,-0.202472,-0.019811,-0.033390,0.978518,241.129150,196.906723,-199.889160,-0.022096,0.494906,0.004475,0.868654,99.821274,324.437683,-75.040810,0.003949,-0.003997,0.000352,0.999984,223.622879,162.428024,-180.431198,-0.100422,0.001098,-0.043846,0.993978,212.770248,195.561844,-200.291443
595,5.950000,-0.171322,0.006518,-0.030790,0.984712,200.851456,204.148605,-207.099350,-0.202532,-0.020002,-0.033529,0.978497,241.119659,196.907150,-199.882416,-0.022074,0.494846,0.004469,0.868689,99.809105,324.437103,-75.028603,0.004266,-0.003912,0.000404,0.999983,223.590988,162.430267,-180.420822,-0.100422,0.001098,-0.043846,0.993978,212.770248,195.561844,-200.291443
596,5.960000,-0.171703,0.007518,-0.029901,0.984666,200.830002,204.148041,-207.090210,-0.202262,-0.019545,-0.033131,0.978576,241.099518,196.902451,-199.872025,-0.021984,0.494852,0.004582,0.868687,99.795448,324.432312,-75.008598,0.004709,-0.004643,0.000576,0.999978,223.569717,162.430038,-180.382065,-0.100422,0.001098,-0.043846,0.993978,212.770248,195.561844,-200.291443
597,5.970000,-0.171696,0.007602,-0.029204,0.984688,200.800201,204.147095,-207.071548,-0.201834,-0.018773,-0.032915,0.978687,241.077744,196.906097,-199.854416,-0.021927,0.494799,0.004626,0.868718,99.777695,324.430603,-74.990997,0.004736,-0.004821,0.000653,0.999977,223.550186,162.431396,-180.364349,-0.100422,0.001098,-0.043846,0.993978,212.770248,195.561844,-200.291443
598,5.980000,-0.171816,0.007286,-0.028991,0.984675,200.771561,204.150818,-207.056519,-0.201469,-0.018479,-0.032888,0.978768,241.051041,196.913284,-199.839142,-0.021910,0.494672,0.004590,0.868792,99.762711,324.424469,-74.980347,0.004838,-0.005005,0.000723,0.999976,223.530090,162.430939,-180.342743,-0.100422,0.001098,-0.043846,0.993978,212.770248,195.561844,-200.291443
599,5.990000,-0.172128,0.007382,-0.028800,0.984626,200.751190,204.153671,-207.041000,-0.201190,-0.018392,-0.032761,0.978832,241.031479,196.917053,-199.824661,-0.021847,0.494660,0.004623,0.868800,99.751755,324.425018,-74.969429,0.004909,-0.005102,0.000773,0.999975,223.512558,162.431244,-180.325333,-0.100422,0.001098,-0.043846,0.993978,212.770248,195.561844,-200.291443
600,6.000000,-0.172238,0.007402,-0.029177,0.984595,200.744003,204.164139,-207.029694,-0.199378,-0.014082,-0.031825,0.979305,241.015488,196.928192,-199.765762,-0.021904,0.494404,0.004500,0.868945,99.739479,324.417816,-74.963898,0.004962,-0.005152,0.000803,0.999974,223.500885,162.431290,-180.311142,-0.100422,0.001098,-0.043846,0.993978,212.770248,195.561844,-200.291443
