Format Version,1.24,Take Name,Wrist_010,Take Notes,,Capture Frame Rate,100.000000,Export Frame Rate,100.000000,Capture Start Time,2025-08-03 03.50.34.116 午後,Capture Start Frame,193029,Total Frames in Take,601,Total Exported Frames,601,Rotation Type,Quaternion,Length Units,Millimeters,Coordinate Space,Local

,Type,Rigid Body,Rigid Body,Rigid Body,Rigid Body,Rigid Body,Rigid Body,Rigid Body,Rigid Body,Rigid Body,Rigid Body,Rigid Body,Rigid Body,Rigid Body,Rigid Body,Rigid Body,Rigid Body,Rigid Body,Rigid Body,Rigid Body,Rigid Body,Rigid Body,Rigid Body,Rigid Body,Rigid Body,Rigid Body,Rigid Body,Rigid Body,Rigid Body,Rigid Body,Rigid Body,Rigid Body,Rigid Body,Rigid Body,Rigid Body,Rigid Body
,Name,Lunate,Lunate,Lunate,Lunate,Lunate,Lunate,Lunate,Scafoid,Scafoid,Scafoid,Scafoid,Scafoid,Scafoid,Scafoid,ForceGage,ForceGage,ForceGage,ForceGage,ForceGage,ForceGage,ForceGage,Radius,Radius,Radius,Radius,Radius,Radius,Radius,Capitate,Capitate,Capitate,Capitate,Capitate,Capitate,Capitate
,ID,4C6F3CA668EE11F03C28FEC2583C50A9,4C6F3CA668EE11F03C28FEC2583C50A9,4C6F3CA668EE11F03C28FEC2583C50A9,4C6F3CA668EE11F03C28FEC2583C50A9,4C6F3CA668EE11F03C28FEC2583C50A9,4C6F3CA668EE11F03C28FEC2583C50A9,4C6F3CA668EE11F03C28FEC2583C50A9,8259AD1D68EE11F03C28FEC2583C50A9,8259AD1D68EE11F03C28FEC2583C50A9,8259AD1D68EE11F03C28FEC2583C50A9,8259AD1D68EE11F03C28FEC2583C50A9,8259AD1D68EE11F03C28FEC2583C50A9,8259AD1D68EE11F03C28FEC2583C50A9,8259AD1D68EE11F03C28FEC2583C50A9,5A5084686DA011F03C28FEC2583C50A9,5A5084686DA011F03C28FEC2583C50A9,5A5084686DA011F03C28FEC2583C50A9,5A5084686DA011F03C28FEC2583C50A9,5A5084686DA011F03C28FEC2583C50A9,5A5084686DA011F03C28FEC2583C50A9,5A5084686DA011F03C28FEC2583C50A9,68F0D2CD6DA111F03C28FEC2583C50A9,68F0D2CD6DA111F03C28FEC2583C50A9,68F0D2CD6DA111F03C28FEC2583C50A9,68F0D2CD6DA111F03C28FEC2583C50A9,68F0D2CD6DA111F03C28FEC2583C50A9,68F0D2CD6DA111F03C28FEC2583C50A9,68F0D2CD6DA111F03C28FEC2583C50A9,F719E5E4703211F03C28FEC2583C50A9,F719E5E4703211F03C28FEC2583C50A9,F719E5E4703211F03C28FEC2583C50A9,F719E5E4703211F03C28FEC2583C50A9,F719E5E4703211F03C28FEC2583C50A9,F719E5E4703211F03C28FEC2583C50A9,F719E5E4703211F03C28FEC2583C50A9
,,Rotation,Rotation,Rotation,Rotation,Position,Position,Position,Rotation,Rotation,Rotation,Rotation,Position,Position,Position,Rotation,Rotation,Rotation,Rotation,Position,Position,Position,Rotation,Rotation,Rotation,Rotation,Position,Position,Position,Rotation,Rotation,Rotation,Rotation,Position,Position,Position
Frame,Time (Seconds),X,Y,Z,W,X,Y,Z,X,Y,Z,W,X,Y,Z,X,Y,Z,W,X,Y,Z,X,Y,Z,W,X,Y,Z,X,Y,Z,W,X,Y,Z
0,0.000000,-0.044421,0.022755,-0.009737,0.998706,196.995758,215.260956,-199.801544,-0.048314,0.026667,-0.007080,0.998451,238.295212,208.529358,-197.433701,-0.022184,0.494161,0.003815,0.869079,99.771507,324.280212,-75.182213,0.008330,-0.007197,0.001407,0.999938,223.012238,162.586487,-179.301941,-0.029849,-0.025380,0.010423,0.999178,220.329132,194.839264,-201.921021
1,0.010000,-0.044221,0.022428,-0.009417,0.998726,197.023712,215.264465,-199.793945,-0.047881,0.026951,-0.006849,0.998466,238.327408,208.531250,-197.424072,-0.022168,0.494189,0.003824,0.869064,99.778412,324.280884,-75.183304,0.008331,-0.007186,0.001344,0.999939,223.030136,162.585678,-179.291779,-0.029211,-0.024838,0.010407,0.999210,220.351669,194.834900,-201.915192
2,0.020000,-0.044356,0.021873,-0.009122,0.998735,197.062469,215.260468,-199.780869,-0.047368,0.027149,-0.006904,0.998485,238.371613,208.535355,-197.398651,-0.022260,0.493989,0.003645,0.869176,99.780449,324.283173,-75.185524,0.008282,-0.006887,0.001643,0.999941,223.067398,162.595749,-179.274368,-0.028755,-0.024428,0.010533,0.999233,220.388184,194.832153,-201.906525
3,0.030000,-0.044785,0.021501,-0.010356,0.998712,197.106216,215.278702,-199.778885,-0.047211,0.027217,-0.007098,0.998489,238.401581,208.539932,-197.392410,-0.022229,0.494176,0.003773,0.869070,99.779221,324.281586,-75.182877,0.008296,-0.006807,0.001638,0.999941,223.095108,162.596786,-179.276154,-0.029001,-0.025211,0.010254,0.999209,220.447906,194.826447,-201.905151
4,0.040000,,,,,,,,,,,,,,,,,,,,,,,,,,,,,,,,,,,
5,0.050000,-0.044052,0.021343,-0.010955,0.998741,197.124252,215.298843,-199.809082,-0.044474,0.032565,-0.005053,0.998467,238.408524,208.553482,-197.386337,-0.022358,0.494051,0.003633,0.869138,99.786797,324.285889,-75.191467,0.008037,-0.006639,0.001415,0.999945,223.127213,162.591614,-179.343964,-0.029458,-0.026325,0.010234,0.999167,220.466782,194.848206,-201.933365
6,0.060000,-0.043082,0.021691,-0.010443,0.998782,197.106186,215.302017,-199.828293,-0.042180,0.038441,-0.002635,0.998367,238.389267,208.558655,-197.408157,-0.022324,0.494188,0.003738,0.869061,99.784004,324.284851,-75.189964,0.007967,-0.006705,0.001420,0.999945,223.118179,162.588593,-179.380753,-0.029440,-0.026029,0.009758,0.999180,220.442688,194.869263,-201.957352
7,0.070000,-0.042234,0.021929,-0.010072,0.998816,197.089737,215.304031,-199.852844,-0.042021,0.038656,-0.002132,0.998366,238.361694,208.565201,-197.437180,-0.022387,0.494122,0.003611,0.869097,99.791443,324.286987,-75.192291,0.007931,-0.006786,0.001456,0.999944,223.103714,162.586227,-179.407684,-0.028800,-0.023795,0.008627,0.999265,220.405182,194.893845,-201.978012
8,0.080000,-0.041669,0.022567,-0.009586,0.998831,197.077927,215.302048,-199.872528,-0.042195,0.038523,-0.001805,0.998365,238.347290,208.569305,-197.452850,-0.022314,0.494254,0.003749,0.869023,99.792145,324.285095,-75.185837,0.008223,-0.007205,0.001638,0.999939,223.087936,162.581131,-179.413330,-0.028406,-0.022196,0.007876,0.999319,220.391785,194.900162,-201.993088
9,0.090000,-0.041694,0.023209,-0.008509,0.998825,197.065460,215.286560,-199.878967,-0.042139,0.038555,-0.001670,0.998366,238.348648,208.565781,-197.454056,-0.022363,0.494052,0.003578,0.869137,99.797112,324.286102,-75.187393,0.007877,-0.006913,0.001559,0.999944,223.098511,162.577988,-179.423386,-0.028131,-0.022134,0.007800,0.999329,220.390869,194.901459,-201.999680
10,0.100000,-0.042149,0.022971,-0.009241,0.998805,197.083252,215.296555,-199.878983,-0.042269,0.038224,-0.001816,0.998373,238.360855,208.559982,-197.446930,-0.022320,0.494032,0.003592,0.869150,99.796356,324.286041,-75.186401,0.007871,-0.006991,0.001541,0.999943,223.103317,162.576508,-179.414917,-0.012833,-0.034249,0.011669,0.999263,220.400696,194.956070,-201.814926
11,0.110000,-0.043417,0.022136,-0.009907,0.998763,197.086594,215.298462,-199.860001,-0.042101,0.038263,-0.002179,0.998378,238.363922,208.562454,-197.426575,-0.022259,0.494189,0.003737,0.869061,99.787735,324.282532,-75.183098,0.008156,-0.007394,0.001615,0.999938,223.097733,162.574417,-179.390640,-0.024522,-0.033594,0.012878,0.999052,220.399933,194.912094,-201.982025
12,0.120000,-0.044294,0.021486,-0.010572,0.998732,197.084702,215.307724,-199.830215,-0.041802,0.038635,-0.002079,0.998376,238.365494,208.566177,-197.398361,-0.022290,0.493980,0.003625,0.869180,99.776543,324.282074,-75.186249,0.007942,-0.007084,0.001507,0.999942,223.103973,162.577042,-179.376236,-0.026323,-0.023217,0.009104,0.999342,220.399002,194.898132,-201.993378
13,0.130000,-0.044729,0.020821,-0.011009,0.998722,197.078384,215.318542,-199.803238,-0.041368,0.039242,-0.001976,0.998371,238.366898,208.577515,-197.365005,-0.022189,0.494076,0.003816,0.869127,99.764175,324.278656,-75.180984,0.008283,-0.007431,0.001618,0.999937,223.093018,162.577911,-179.351196,-0.024380,-0.019737,0.009075,0.999467,220.380020,194.907516,-201.986023
14,0.140000,-0.044483,0.021067,-0.009970,0.998738,197.054214,215.316391,-199.786285,-0.043135,0.033936,-0.003896,0.998485,238.372528,208.606094,-197.405838,-0.022161,0.494060,0.003832,0.869137,99.757988,324.277649,-75.178703,0.008388,-0.007486,0.001683,0.999935,223.084747,162.580612,-179.347672,-0.022367,-0.016475,0.007953,0.999583,220.364731,194.950806,-201.965637
15,0.150000,-0.043915,0.021491,-0.009423,0.998760,197.041046,215.328064,-199.783310,-0.044817,0.029014,-0.005698,0.998558,238.362305,208.636230,-197.415695,-0.022175,0.494048,0.003824,0.869143,99.753708,324.277832,-75.177444,0.008416,-0.007529,0.001734,0.999935,223.081009,162.581375,-179.357300,-0.020690,-0.010292,0.006298,0.999713,220.351105,194.992508,-201.977844
16,0.160000,-0.043573,0.021270,-0.009334,0.998780,197.035873,215.341888,-199.786758,-0.044479,0.028868,-0.005397,0.998579,238.366547,208.659195,-197.418503,-0.022146,0.494126,0.003870,0.869100,99.755074,324.277588,-75.177567,0.008529,-0.007627,0.001655,0.999933,223.074844,162.582230,-179.372696,-0.019816,-0.008153,0.005795,0.999754,220.352051,195.038071,-201.986954
17,0.170000,-0.042601,0.021301,-0.008692,0.998827,197.039261,215.358322,-199.797424,-0.044225,0.028917,-0.005325,0.998589,238.367813,208.670288,-197.421295,-0.022183,0.494074,0.003812,0.869128,99.758446,324.277466,-75.175804,0.008495,-0.007701,0.001657,0.999933,223.075546,162.581024,-179.383453,-0.019693,-0.008061,0.005911,0.999756,220.353821,195.056152,-201.997177
18,0.180000,-0.041723,0.021710,-0.008424,0.998858,197.044800,215.363815,-199.792450,-0.044116,0.028802,-0.005441,0.998596,238.377029,208.679779,-197.411469,-0.022194,0.494110,0.003804,0.869107,99.767899,324.278107,-75.178902,0.008380,-0.007749,0.001803,0.999933,223.083572,162.581039,-179.377228,-0.019519,-0.008325,0.006275,0.999755,220.362030,195.064484,-201.996307
19,0.190000,-0.041376,0.021711,-0.008448,0.998872,197.042770,215.367752,-199.780258,-0.044019,0.028735,-0.005429,0.998603,238.375351,208.685547,-197.395874,-0.022210,0.494134,0.003784,0.869094,99.777153,324.279785,-75.181244,0.008372,-0.007696,0.001892,0.999934,223.077835,162.588470,-179.365555,-0.018658,-0.008226,0.006422,0.999772,220.361816,195.068375,-201.985611
20,0.200000,-0.041168,0.021531,-0.008407,0.998885,197.031525,215.366928,-199.765869,-0.043941,0.028823,-0.005301,0.998604,238.364914,208.686661,-197.382248,-0.022266,0.494175,0.003750,0.869069,99.785309,324.282166,-75.180328,0.008341,-0.007628,0.001908,0.999934,223.064011,162.590057,-179.352493,-0.017536,-0.007755,0.006467,0.999795,220.349655,195.066605,-201.975922
21,0.210000,-0.041308,0.021089,-0.009532,0.998878,197.033508,215.381622,-199.749634,-0.043642,0.028738,-0.005282,0.998620,238.354965,208.686600,-197.359772,-0.022289,0.494195,0.003733,0.869057,99.788467,324.283630,-75.180801,0.008455,-0.007595,0.001840,0.999934,223.049118,162.593948,-179.338089,-0.016571,-0.007314,0.006551,0.999814,220.341583,195.063263,-201.964874
22,0.220000,-0.042171,0.019277,-0.010238,0.998872,197.014435,215.385956,-199.717087,-0.043561,0.028881,-0.005054,0.998621,238.343933,208.696396,-197.341202,-0.022287,0.494214,0.003752,0.869046,99.790100,324.283997,-75.181313,0.008497,-0.007597,0.001864,0.999933,223.040115,162.597443,-179.323502,-0.015469,-0.006759,0.006636,0.999835,220.332123,195.069153,-201.953171
23,0.230000,-0.041189,0.018465,-0.009936,0.998931,197.011429,215.398544,-199.709351,-0.043461,0.028723,-0.004652,0.998631,238.330734,208.712036,-197.324692,-0.022348,0.494060,0.003594,0.869133,99.791016,324.286621,-75.184471,0.008478,-0.007729,0.001796,0.999933,223.031097,162.598587,-179.307678,-0.014047,-0.007100,0.007133,0.999851,220.326645,195.088654,-201.940628
24,0.240000,-0.040786,0.018609,-0.009795,0.998947,197.003998,215.406738,-199.699707,-0.043141,0.029084,-0.004443,0.998636,238.324265,208.722610,-197.307983,-0.022333,0.494092,0.003623,0.869115,99.790733,324.287018,-75.188530,0.008584,-0.007615,0.001923,0.999932,223.028244,162.601440,-179.309677,-0.013327,-0.008014,0.007725,0.999849,220.320938,195.100769,-201.939438
25,0.250000,-0.041008,0.018533,-0.009919,0.998938,196.997864,215.413834,-199.688339,-0.042781,0.029501,-0.004231,0.998640,238.319489,208.727646,-197.296417,-0.022354,0.494009,0.003590,0.869162,99.780991,324.283203,-75.184830,0.008444,-0.007620,0.001910,0.999933,223.023788,162.604340,-179.300491,-0.012981,-0.007821,0.007819,0.999855,220.315536,195.109726,-201.935074
26,0.260000,-0.040813,0.017933,-0.010168,0.998954,196.998871,215.419495,-199.671722,-0.042734,0.029562,-0.004240,0.998640,238.320145,208.730728,-197.286041,-0.022272,0.494119,0.003733,0.869101,99.774071,324.279755,-75.177017,0.008556,-0.007715,0.001846,0.999932,223.024155,162.599976,-179.288452,-0.012552,-0.007040,0.007736,0.999867,220.316269,195.115875,-201.931488
27,0.270000,-0.040489,0.019800,-0.009995,0.998934,197.010681,215.425217,-199.639648,-0.043059,0.029421,-0.004521,0.998629,238.331192,208.735962,-197.271103,-0.022194,0.494156,0.003790,0.869082,99.772369,324.278778,-75.176071,0.008400,-0.007689,0.002001,0.999933,223.042770,162.602097,-179.279770,-0.012451,-0.006977,0.007797,0.999868,220.332352,195.123306,-201.930145
28,0.280000,-0.040056,0.021689,-0.009654,0.998915,197.035767,215.424850,-199.635391,-0.043250,0.029142,-0.004803,0.998628,238.353806,208.736526,-197.265549,-0.022251,0.493946,0.003644,0.869200,99.772049,324.279602,-75.172020,0.008394,-0.007763,0.002010,0.999933,223.066544,162.600754,-179.275879,-0.012641,-0.007112,0.007981,0.999863,220.355957,195.124725,-201.927399
29,0.290000,-0.040181,0.022188,-0.009815,0.998898,197.072311,215.427139,-199.633408,-0.043362,0.028855,-0.005127,0.998629,238.383987,208.733536,-197.262756,-0.022177,0.494056,0.003786,0.869139,99.764984,324.277771,-75.166077,0.008556,-0.007602,0.002008,0.999933,223.095428,162.600540,-179.264740,-0.013003,-0.008033,0.008395,0.999848,220.406631,195.120651,-201.921768
30,0.300000,-0.040219,0.022652,-0.009877,0.998885,197.102249,215.426270,-199.624359,-0.043696,0.027889,-0.005762,0.998639,238.421219,208.736847,-197.254562,-0.022177,0.494092,0.003814,0.869118,99.762344,324.278625,-75.163345,0.008459,-0.007476,0.001910,0.999935,223.127686,162.601776,-179.259186,-0.013504,-0.009950,0.008323,0.999825,220.456665,195.117661,-201.916245
31,0.310000,-0.040140,0.023022,-0.009838,0.998880,197.126526,215.427170,-199.618973,-0.043567,0.027243,-0.006547,0.998658,238.449890,208.734283,-197.242233,-0.022205,0.494144,0.003828,0.869088,99.761452,324.280334,-75.165359,0.008489,-0.007486,0.001962,0.999934,223.152527,162.606705,-179.253525,-0.013126,-0.010751,0.007382,0.999829,220.493958,195.114182,-201.904007
32,0.320000,-0.040234,0.023512,-0.010259,0.998861,197.144684,215.424835,-199.615402,-0.043417,0.027312,-0.006852,0.998660,238.465790,208.734116,-197.235336,-0.022267,0.494167,0.003799,0.869073,99.766144,324.282318,-75.166679,0.008471,-0.007444,0.001950,0.999935,223.164062,162.609833,-179.249695,-0.012726,-0.010270,0.007182,0.999840,220.507233,195.115021,-201.896088
33,0.330000,-0.039772,0.023360,-0.009903,0.998887,197.137848,215.433350,-199.598663,-0.043372,0.026988,-0.006524,0.998673,238.458954,208.744247,-197.225616,-0.022279,0.494205,0.003800,0.869052,99.772980,324.284088,-75.170570,0.008453,-0.007355,0.001974,0.999935,223.158798,162.614410,-179.244598,-0.012013,-0.009869,0.007296,0.999853,220.505600,195.116623,-201.888062
34,0.340000,-0.039256,0.023245,-0.009828,0.998910,197.123825,215.436874,-199.585907,-0.042977,0.027009,-0.006461,0.998690,238.446075,208.751556,-197.205109,-0.022401,0.494369,0.004113,0.868954,99.776367,324.282990,-75.197296,0.008479,-0.007307,0.002014,0.999935,223.146912,162.617752,-179.237640,-0.011366,-0.009598,0.007495,0.999861,220.494049,195.120850,-201.881561
35,0.350000,-0.039116,0.023176,-0.010310,0.998913,197.108383,215.451477,-199.570953,-0.042722,0.027065,-0.006228,0.998701,238.422531,208.760422,-197.190918,-0.022677,0.494194,0.004038,0.869047,99.756386,324.277802,-75.312904,0.008675,-0.007447,0.002133,0.999932,223.124710,162.620605,-179.225372,-0.010725,-0.008879,0.009411,0.999859,220.453918,195.127975,-201.877960
36,0.360000,-0.038908,0.023557,-0.009522,0.998920,197.078766,215.446091,-199.551880,-0.042670,0.027203,-0.005617,0.998703,238.393585,208.762848,-197.171844,-0.022807,0.494015,0.004274,0.869144,99.677467,324.294373,-75.462387,0.008711,-0.007474,0.002102,0.999932,223.101501,162.618668,-179.213287,-0.009743,-0.008029,0.010021,0.999870,220.433884,195.130234,-201.867447
37,0.370000,-0.038399,0.025794,-0.008867,0.998890,197.064575,215.453964,-199.508743,-0.042459,0.027178,-0.005416,0.998714,238.381073,208.770233,-197.139374,-0.022553,0.494554,0.004400,0.868843,99.793694,324.318695,-75.684425,0.009273,-0.008036,0.002384,0.999922,223.085037,162.633240,-179.172684,-0.009765,-0.007080,0.012259,0.999852,220.400482,195.080215,-201.843231
38,0.380000,-0.038008,0.027833,-0.007997,0.998858,197.071014,215.456970,-199.468307,-0.042373,0.026644,-0.005772,0.998730,238.393600,208.775681,-197.085129,-0.022602,0.494163,0.004045,0.869066,100.153687,324.275787,-76.105942,0.009488,-0.008199,0.002526,0.999918,223.095322,162.638977,-179.126877,-0.006758,-0.003818,0.008768,0.999932,220.434372,195.139816,-201.788055
39,0.390000,-0.038612,0.027897,-0.007834,0.998834,197.096909,215.470810,-199.423050,-0.042437,0.026068,-0.005953,0.998741,238.418762,208.780853,-197.017105,-0.022759,0.493906,0.003421,0.869211,100.577972,324.231567,-76.717644,0.009968,-0.008646,0.002507,0.999910,223.124664,162.644653,-179.068100,-0.003511,0.004736,0.005310,0.999969,220.471634,195.153397,-201.737762
40,0.400000,-0.038848,0.026970,-0.008033,0.998849,197.146652,215.498779,-199.380554,-0.043075,0.025896,-0.004910,0.998724,238.474884,208.790375,-196.933014,-0.022856,0.494076,0.003695,0.869110,101.006256,324.232056,-77.589867,0.010570,-0.009178,0.002452,0.999899,223.153656,162.650879,-179.005493,-0.002074,0.009297,0.003282,0.999949,220.524780,195.166733,-201.698578
41,0.410000,-0.038631,0.026732,-0.008308,0.998861,197.197845,215.521896,-199.332031,-0.041310,0.031514,-0.003353,0.998644,238.493286,208.800903,-196.799896,-0.022664,0.493822,0.003445,0.869261,101.598923,324.315399,-78.523415,0.010867,-0.009280,0.002459,0.999895,223.186829,162.655334,-178.955078,-0.001361,0.011892,0.002914,0.999924,220.563538,195.181229,-201.664429
42,0.420000,-0.037820,0.026197,-0.007536,0.998913,197.222549,215.533218,-199.289276,-0.039071,0.037430,-0.001346,0.998534,238.522156,208.806595,-196.731766,-0.022350,0.494177,0.003522,0.869067,102.226250,324.411713,-79.481613,0.010762,-0.009028,0.002335,0.999899,223.211151,162.656158,-178.930176,-0.000902,0.012941,0.003040,0.999911,220.589828,195.190140,-201.638611
43,0.430000,-0.036676,0.026216,-0.006876,0.998960,197.219727,215.546249,-199.255753,-0.038523,0.038083,-0.001549,0.998531,238.509979,208.825455,-196.705612,-0.022404,0.494330,0.003731,0.868978,102.798340,324.459503,-80.420219,0.009988,-0.008975,0.002274,0.999907,223.213303,162.659042,-178.895538,-0.000625,0.013285,0.003253,0.999906,220.592957,195.201691,-201.621628
44,0.440000,-0.035475,0.025698,-0.006630,0.999018,197.208862,215.557053,-199.214615,-0.038226,0.038472,-0.001416,0.998527,238.496002,208.840759,-196.676544,-0.022264,0.494725,0.004045,0.868755,103.366348,324.491058,-81.353363,0.009827,-0.008894,0.002297,0.999910,223.202408,162.665375,-178.873596,0.000124,0.014550,0.003329,0.999889,220.581223,195.212463,-201.601486
45,0.450000,-0.034261,0.025539,-0.006299,0.999067,197.187439,215.559174,-199.177841,-0.037765,0.038703,-0.000939,0.998536,238.473785,208.869507,-196.643753,-0.022196,0.494669,0.003514,0.868791,104.010010,324.499512,-82.296188,0.009886,-0.009043,0.002528,0.999907,223.171387,162.673706,-178.838806,0.001465,0.016542,0.002657,0.999859,220.567108,195.223907,-201.575073
46,0.460000,-0.033992,0.025068,-0.006798,0.999085,197.164520,215.555038,-199.131180,-0.037483,0.038378,-0.000830,0.998560,238.453766,208.877899,-196.606171,-0.022154,0.494758,0.003224,0.868743,104.674828,324.473511,-83.293922,0.009826,-0.008934,0.002578,0.999909,223.150436,162.676895,-178.813004,0.005025,0.014819,0.004300,0.999868,220.537537,195.220139,-201.517303
47,0.470000,-0.033205,0.025999,-0.005732,0.999094,197.128052,215.550659,-199.108292,-0.037111,0.037473,-0.000801,0.998608,238.431015,208.895996,-196.565430,-0.022311,0.494891,0.003144,0.868663,105.287331,324.437164,-84.348763,0.009839,-0.008947,0.002628,0.999908,223.128052,162.684418,-178.789886,0.007754,0.011036,0.006498,0.999888,220.520615,195.242737,-201.479919
48,0.480000,-0.033629,0.024077,-0.007221,0.999118,197.113174,215.577194,-199.088272,-0.037148,0.036609,-0.000899,0.998639,238.413116,208.910522,-196.542404,-0.022584,0.494839,0.002983,0.868686,105.884079,324.409607,-85.454521,0.009858,-0.008842,0.002677,0.999909,223.112305,162.693222,-178.781158,0.008343,0.008958,0.007380,0.999898,220.507690,195.255142,-201.465652
49,0.490000,-0.033851,0.021822,-0.008448,0.999153,197.110260,215.584564,-199.085480,-0.037014,0.036354,-0.000870,0.998653,238.409454,208.918274,-196.535568,-0.023124,0.494321,0.002548,0.868968,106.532394,324.422852,-86.580025,0.009881,-0.008857,0.002682,0.999908,223.110962,162.693008,-178.787216,0.008119,0.008145,0.007582,0.999905,220.506500,195.261765,-201.462540
50,0.500000,-0.033092,0.021805,-0.008243,0.999180,197.116287,215.594757,-199.104141,-0.037012,0.036296,-0.000858,0.998655,238.414871,208.923904,-196.547989,-0.022964,0.494601,0.002969,0.868811,107.126778,324.462158,-87.709595,0.009844,-0.008982,0.002734,0.999907,223.117691,162.690796,-178.807907,0.007145,0.007554,0.007570,0.999917,220.511581,195.273880,-201.471893
51,0.510000,-0.033827,0.022383,-0.008007,0.999145,197.127228,215.599960,-199.137039,-0.036936,0.036571,-0.000837,0.998648,238.428253,208.925995,-196.567337,-0.022972,0.494883,0.003412,0.868649,107.691040,324.488739,-88.813148,0.009896,-0.009147,0.002740,0.999905,223.131683,162.688644,-178.827835,0.005987,0.006694,0.007576,0.999931,220.522202,195.285309,-201.485672
52,0.520000,-0.033567,0.023855,-0.007294,0.999125,197.154572,215.593246,-199.167526,-0.037053,0.037493,-0.000780,0.998609,238.450958,208.916168,-196.597305,-0.023203,0.494218,0.003088,0.869023,108.278656,324.495880,-89.905037,0.010012,-0.009392,0.002730,0.999902,223.151672,162.682556,-178.843185,0.004182,0.006561,0.006202,0.999951,220.547501,195.289597,-201.510315
53,0.530000,-0.034670,0.024846,-0.006621,0.999068,197.183151,215.584442,-199.198044,-0.039318,0.032835,-0.002895,0.998683,238.488754,208.913895,-196.678391,-0.022817,0.494280,0.003379,0.868997,108.934204,324.505890,-90.965492,0.010235,-0.009771,0.002570,0.999897,223.174698,162.670822,-178.849503,0.000154,0.008146,0.004797,0.999955,220.568054,195.285294,-201.562393
54,0.540000,-0.036216,0.024136,-0.006982,0.999028,197.210358,215.575134,-199.220215,-0.038367,0.036038,-0.001883,0.998612,238.502243,208.885681,-196.639877,-0.022457,0.494202,0.003341,0.869051,109.537796,324.502167,-92.008545,0.010370,-0.009936,0.002600,0.999894,223.201294,162.662048,-178.851349,-0.002475,0.011097,0.002996,0.999931,220.588898,195.265030,-201.582977
55,0.550000,-0.038174,0.025011,-0.007505,0.998930,197.247665,215.567459,-199.247925,-0.037143,0.039879,-0.000601,0.998514,238.537170,208.868683,-196.638062,-0.022574,0.493974,0.003338,0.869177,110.103592,324.475464,-93.066856,0.010162,-0.009775,0.002478,0.999898,223.232086,162.655411,-178.855179,-0.003354,0.012173,0.002342,0.999918,220.614624,195.256378,-201.589645
56,0.560000,-0.038587,0.025208,-0.006619,0.998915,197.295395,215.568573,-199.269409,-0.037228,0.040008,-0.000752,0.998505,238.565155,208.860367,-196.638107,-0.022125,0.493693,0.003008,0.869350,110.656509,324.472992,-94.105927,0.010125,-0.009942,0.002352,0.999897,223.260437,162.653000,-178.857361,-0.040777,0.001812,-0.005530,0.999151,220.498108,195.409637,-201.221283
57,0.570000,-0.037520,0.024897,-0.006691,0.998963,197.321915,215.575424,-199.266052,-0.037510,0.039317,-0.000532,0.998522,238.598236,208.860184,-196.643600,-0.022386,0.493541,0.002016,0.869432,111.245697,324.501984,-95.127113,0.010912,-0.009973,0.002382,0.999888,223.278427,162.654510,-178.877853,-0.057310,-0.018166,-0.001364,0.998190,220.504288,195.438721,-201.179367
58,0.580000,-0.036633,0.024627,-0.006839,0.999002,197.327332,215.582932,-199.262909,-0.037506,0.038705,-0.001309,0.998546,238.594131,208.877869,-196.648239,-0.022492,0.493162,0.002253,0.869644,111.849411,324.507874,-96.181076,0.010848,-0.009877,0.002508,0.999889,223.288879,162.658432,-178.889236,-0.058104,-0.024809,0.001417,0.998001,220.506836,195.435135,-201.165405
59,0.590000,-0.035747,0.024897,-0.006751,0.999028,197.327881,215.588852,-199.251740,-0.037527,0.038290,-0.001462,0.998561,238.593826,208.888870,-196.647003,-0.022767,0.493208,0.002284,0.869610,112.438553,324.497620,-97.190247,0.010855,-0.009750,0.002386,0.999891,223.284317,162.668091,-178.895447,-0.058932,-0.031776,0.003724,0.997749,220.559464,195.398041,-201.188873
60,0.600000,-0.033686,0.025738,-0.006258,0.999081,197.321976,215.597046,-199.205765,-0.039541,0.032522,-0.003702,0.998682,238.604462,208.913391,-196.686356,-0.022728,0.494245,0.002955,0.869020,113.043640,324.483917,-98.139160,0.009786,-0.009445,0.002549,0.999904,223.284119,162.679840,-178.872009,-0.059723,-0.043040,0.008997,0.997246,220.575394,195.416534,-201.188049
61,0.610000,-0.030990,0.027318,-0.005549,0.999131,197.321808,215.605545,-199.170059,-0.041052,0.026944,-0.005840,0.998777,238.597916,208.941040,-196.669800,-0.023266,0.493577,0.001792,0.869389,113.646492,324.549530,-99.169868,0.009609,-0.009310,0.002520,0.999907,223.284485,162.691864,-178.855423,-0.054563,-0.050304,0.011118,0.997180,220.595993,195.428864,-201.121002
62,0.620000,-0.029880,0.028107,-0.005308,0.999144,197.340714,215.614563,-199.146179,-0.041163,0.026015,-0.006185,0.998795,238.619766,208.957443,-196.646729,-0.023005,0.494335,0.002787,0.868963,114.215996,324.574097,-100.073540,0.009458,-0.009207,0.002705,0.999909,223.299652,162.702042,-178.847565,-0.051576,-0.048958,0.011083,0.997407,220.618698,195.447937,-201.077713
63,0.630000,-0.029234,0.028702,-0.004997,0.999148,197.375916,215.619720,-199.129684,-0.040573,0.025017,-0.006559,0.998842,238.659927,208.968277,-196.614349,-0.023272,0.494591,0.002748,0.868810,114.725960,324.613312,-100.995651,0.009471,-0.009263,0.002814,0.999908,223.337204,162.707596,-178.837692,-0.050155,-0.044998,0.009737,0.997680,220.656204,195.451523,-201.070908
64,0.640000,-0.029461,0.028243,-0.004516,0.999157,197.407166,215.620621,-199.129974,-0.040459,0.024836,-0.006162,0.998854,238.697708,208.976044,-196.600586,-0.023322,0.494642,0.002778,0.868780,115.258812,324.638184,-101.917847,0.009592,-0.009482,0.002660,0.999906,223.365128,162.704361,-178.830231,-0.049270,-0.044102,0.009472,0.997766,220.689392,195.473633,-201.073318
65,0.650000,-0.029727,0.027625,-0.004225,0.999167,197.436554,215.624573,-199.139389,-0.041292,0.024703,-0.005347,0.998827,238.743820,208.963928,-196.580368,-0.023308,0.494618,0.002847,0.868793,115.789627,324.659668,-102.833008,0.009808,-0.009804,0.002512,0.999901,223.395676,162.696793,-178.824402,-0.048776,-0.043911,0.009333,0.997800,220.711182,195.478439,-201.079498
66,0.660000,-0.030477,0.027025,-0.005236,0.999156,197.458511,215.636337,-199.150864,-0.041730,0.024722,-0.005489,0.998808,238.755707,208.953369,-196.585373,-0.023395,0.494449,0.002718,0.868888,116.331886,324.673950,-103.744576,0.009882,-0.009968,0.002443,0.999899,223.407944,162.691086,-178.823761,-0.048723,-0.043711,0.009356,0.997812,220.720963,195.473465,-201.093491
67,0.670000,-0.031986,0.026540,-0.005280,0.999122,197.429855,215.617462,-199.160324,-0.041133,0.025389,-0.006155,0.998812,238.738815,208.943817,-196.616516,-0.023233,0.494317,0.002833,0.868967,116.810051,324.666229,-104.618958,0.009761,-0.009896,0.002548,0.999900,223.386032,162.685593,-178.829926,-0.048378,-0.043379,0.009257,0.997844,220.709229,195.470261,-201.108368
68,0.680000,-0.032983,0.026263,-0.005353,0.999097,197.405884,215.610260,-199.180023,-0.040936,0.025643,-0.006154,0.998814,238.709442,208.936569,-196.631943,-0.023073,0.494228,0.002925,0.869021,117.307381,324.659851,-105.506844,0.009553,-0.010065,0.002527,0.999901,223.365509,162.680695,-178.823318,-0.051142,-0.040172,0.008376,0.997848,220.690369,195.455963,-201.167755
69,0.690000,-0.034182,0.025921,-0.005993,0.999062,197.371414,215.610229,-199.190460,-0.041393,0.025701,-0.006596,0.998791,238.661819,208.936584,-196.630371,-0.022964,0.494302,0.003030,0.868982,117.793045,324.658417,-106.362518,0.009626,-0.010248,0.002512,0.999898,223.329437,162.674484,-178.817642,-0.051047,-0.034727,0.006301,0.998073,220.660934,195.445618,-201.192963
70,0.700000,-0.034946,0.025442,-0.006195,0.999046,197.335663,215.608704,-199.201813,-0.041976,0.025306,-0.006567,0.998776,238.620361,208.938766,-196.626938,-0.022930,0.494204,0.003165,0.869038,118.254227,324.662903,-107.198471,0.009691,-0.010408,0.002578,0.999896,223.296722,162.671860,-178.814774,-0.049828,-0.032089,0.005493,0.998227,220.633408,195.444473,-201.208267
71,0.710000,-0.036422,0.024372,-0.007469,0.999011,197.289795,215.602371,-199.213699,-0.041849,0.025681,-0.006120,0.998775,238.587082,208.938675,-196.627609,-0.023070,0.494086,0.002926,0.869102,118.702934,324.669067,-108.019600,0.009938,-0.010620,0.002492,0.999891,223.262192,162.671021,-178.816254,-0.048827,-0.031164,0.005746,0.998304,220.585892,195.445084,-201.229721
72,0.720000,-0.037963,0.023183,-0.007824,0.998980,197.258438,215.600357,-199.224930,-0.041582,0.026343,-0.005677,0.998772,238.564209,208.940887,-196.630310,-0.022931,0.494212,0.003160,0.869033,119.143623,324.691559,-108.801674,0.010045,-0.010760,0.002522,0.999889,223.243774,162.673813,-178.821671,-0.047991,-0.030913,0.005774,0.998353,220.569290,195.445404,-201.244141
73,0.730000,-0.037770,0.023424,-0.007613,0.998983,197.253983,215.605255,-199.234833,-0.041076,0.026726,-0.005260,0.998785,238.556580,208.946411,-196.645798,-0.023071,0.493977,0.002761,0.869164,119.605774,324.716583,-109.538483,0.010144,-0.010488,0.002827,0.999890,223.234604,162.676834,-178.845337,-0.048066,-0.032976,0.007053,0.998275,220.566010,195.426346,-201.272491
74,0.740000,-0.037372,0.023786,-0.007841,0.998988,197.270142,215.610580,-199.242950,-0.040947,0.026503,-0.005459,0.998795,238.575577,208.952866,-196.660675,-0.022974,0.494181,0.002947,0.869050,120.024361,324.744873,-110.238907,0.010298,-0.010569,0.002668,0.999888,223.251053,162.677856,-178.863525,-0.047162,-0.032618,0.006849,0.998331,220.582932,195.449005,-201.264038
75,0.750000,-0.036044,0.023210,-0.007376,0.999053,197.323944,215.627502,-199.263641,-0.041056,0.026229,-0.005730,0.998796,238.608292,208.961548,-196.676453,-0.023177,0.494267,0.002872,0.868996,120.422440,324.771912,-110.889175,0.010894,-0.010417,0.002850,0.999882,223.292206,162.683990,-178.899734,-0.046146,-0.030133,0.005656,0.998464,220.640854,195.447983,-201.260361
76,0.760000,-0.034351,0.024133,-0.006613,0.999097,197.385468,215.625992,-199.272980,-0.040879,0.025922,-0.006173,0.998809,238.665924,208.966888,-196.697205,-0.023412,0.494251,0.002380,0.869001,120.790039,324.796173,-111.507507,0.010770,-0.010318,0.002783,0.999885,223.336792,162.686707,-178.924377,-0.045562,-0.028620,0.004878,0.998540,220.675095,195.458862,-201.266418
77,0.770000,-0.033670,0.025141,-0.006316,0.999097,197.432693,215.626617,-199.287796,-0.040862,0.024949,-0.005518,0.998838,238.744125,208.980606,-196.733444,-0.023476,0.494428,0.002294,0.868898,121.132515,324.799622,-112.054085,0.010662,-0.010381,0.002912,0.999885,223.397141,162.694412,-178.954132,-0.045365,-0.028387,0.004311,0.998558,220.729050,195.463486,-201.277298
78,0.780000,-0.033939,0.023443,-0.006682,0.999127,197.465637,215.621399,-199.324432,-0.039190,0.029676,-0.002951,0.998787,238.776794,208.962540,-196.704788,-0.023351,0.494539,0.002510,0.868838,121.415718,324.789062,-112.554909,0.010504,-0.010341,0.002825,0.999887,223.421890,162.693604,-178.980347,-0.045328,-0.028744,0.004276,0.998549,220.754837,195.461182,-201.290680
79,0.790000,-0.034703,0.021823,-0.007302,0.999133,197.478973,215.616943,-199.347733,-0.036734,0.035123,-0.000517,0.998708,238.790710,208.945984,-196.730682,-0.023432,0.494471,0.002236,0.868875,121.683533,324.781647,-112.969818,0.010330,-0.010248,0.002700,0.999891,223.439270,162.687820,-179.003998,-0.045292,-0.028897,0.004357,0.998546,220.767456,195.454987,-201.310654
80,0.800000,-0.035192,0.021612,-0.007563,0.999118,197.487320,215.609131,-199.365753,-0.036213,0.036272,-0.000053,0.998686,238.800507,208.937164,-196.746750,-0.023217,0.494533,0.002698,0.868844,121.936623,324.775757,-113.340210,0.010481,-0.010466,0.002556,0.999887,223.456757,162.676514,-179.011948,-0.045590,-0.028904,0.003666,0.998535,220.783203,195.440735,-201.335037
81,0.810000,-0.035537,0.021156,-0.008221,0.999111,197.511002,215.616653,-199.377762,-0.035975,0.037392,0.000449,0.998653,238.808441,208.923660,-196.740204,-0.023302,0.494433,0.002502,0.868900,122.143425,324.777252,-113.672989,0.010512,-0.010675,0.002552,0.999885,223.470200,162.671783,-179.010727,-0.045591,-0.028587,0.003182,0.998546,220.799896,195.427246,-201.354736
82,0.820000,-0.036345,0.020504,-0.008663,0.999091,197.520889,215.614731,-199.369446,-0.036079,0.037583,0.000419,0.998642,238.817032,208.925995,-196.727982,-0.023345,0.494452,0.002469,0.868888,122.296326,324.773956,-113.974693,0.010572,-0.010785,0.002561,0.999883,223.478226,162.668182,-178.991699,-0.044583,-0.028074,0.002793,0.998607,220.825333,195.426682,-201.355453
83,0.830000,-0.036791,0.020194,-0.008723,0.999081,197.526871,215.612854,-199.347870,-0.035776,0.038435,0.000814,0.998620,238.817947,208.913940,-196.687836,-0.023298,0.494371,0.002527,0.868935,122.445518,324.768524,-114.263878,0.010628,-0.010852,0.002524,0.999882,223.479462,162.666107,-178.952347,-0.042224,-0.025119,0.002269,0.998790,220.831696,195.425980,-201.340317
84,0.840000,-0.037017,0.020523,-0.008084,0.999071,197.526428,215.607788,-199.315186,-0.035110,0.039506,0.001129,0.998602,238.817429,208.909882,-196.641144,-0.023434,0.494067,0.002208,0.869105,122.574478,324.778778,-114.533951,0.010793,-0.010859,0.002534,0.999880,223.479095,162.665588,-178.913757,-0.039806,-0.023054,0.003247,0.998936,220.831802,195.414169,-201.319336
85,0.850000,-0.037559,0.020484,-0.007716,0.999055,197.523544,215.614716,-199.271744,-0.038193,0.033052,-0.000923,0.998723,238.842697,208.931274,-196.631165,-0.023145,0.494285,0.002750,0.868988,122.691727,324.784698,-114.778793,0.010628,-0.010817,0.002379,0.999882,223.472321,162.671906,-178.868210,-0.038050,-0.022251,0.004667,0.999017,220.823822,195.416183,-201.306015
86,0.860000,-0.038584,0.020468,-0.008410,0.999010,197.588684,215.603287,-199.271545,-0.041343,0.025914,-0.004178,0.998800,238.906952,208.905533,-196.616028,-0.022687,0.494529,0.003471,0.868858,122.725494,324.785675,-114.893860,0.009793,-0.011008,0.002232,0.999889,223.497025,162.672913,-178.822495,-0.037864,-0.020062,0.002709,0.999078,220.903839,195.376083,-201.294586
87,0.870000,-0.039107,0.021346,-0.009397,0.998963,197.742813,215.584747,-199.387466,-0.040311,0.030321,-0.003475,0.998721,238.999084,208.851669,-196.643082,-0.022979,0.494195,0.002957,0.869043,122.873268,324.842682,-115.178459,0.010533,-0.011367,0.002288,0.999877,223.600235,162.646301,-178.908752,-0.040832,-0.021942,0.002001,0.998923,221.025833,195.342865,-201.333893
88,0.880000,-0.039876,0.022073,-0.010126,0.998909,197.816650,215.561310,-199.473602,-0.041632,0.026069,-0.005841,0.998776,239.108505,208.848495,-196.796722,-0.022780,0.494228,0.003354,0.869028,122.961937,324.867706,-115.281876,0.010368,-0.011305,0.002182,0.999880,223.685120,162.646347,-178.992416,-0.046386,-0.026503,0.006372,0.998552,221.072220,195.259995,-201.375992
89,0.890000,-0.040086,0.021933,-0.011134,0.998893,197.925995,215.539856,-199.592148,-0.043171,0.022076,-0.006713,0.998801,239.230743,208.833847,-196.947067,-0.023136,0.494086,0.002936,0.869100,123.076843,324.885712,-115.510826,0.009092,-0.011621,0.002228,0.999889,223.789001,162.637878,-179.081772,-0.025647,-0.023874,0.007800,0.999355,221.270325,195.241119,-201.712494
90,0.900000,-0.040176,0.022434,-0.010902,0.998881,197.992584,215.510742,-199.678131,-0.043238,0.022370,-0.006485,0.998793,239.314682,208.810211,-197.026718,-0.023074,0.494499,0.003210,0.868866,123.143661,324.881195,-115.649277,0.009511,-0.011742,0.002237,0.999883,223.846756,162.625854,-179.171555,0.001492,-0.005025,0.007148,0.999961,221.404221,195.175659,-201.965271
91,0.910000,-0.040110,0.021175,-0.009543,0.998925,198.066284,215.504257,-199.783783,-0.043025,0.023215,-0.006133,0.998785,239.361343,208.789993,-197.105835,-0.023111,0.494655,0.003277,0.868776,123.222168,324.900177,-115.782486,0.009438,-0.011778,0.002040,0.999884,223.884964,162.619080,-179.229462,0.039606,-0.001986,0.011755,0.999144,221.493866,195.184128,-201.929596
92,0.920000,-0.039143,0.021002,-0.008934,0.998973,198.101807,215.496094,-199.863342,-0.043530,0.024471,-0.005906,0.998735,239.391724,208.769547,-197.193192,-0.023120,0.494632,0.003138,0.868790,123.320091,324.940765,-115.885658,0.008472,-0.011196,0.001881,0.999900,223.916702,162.612534,-179.318970,0.038467,0.022632,0.008957,0.998963,221.549744,195.083633,-202.319748
93,0.930000,-0.038253,0.021066,-0.010004,0.998996,198.143555,215.483017,-199.948212,-0.044130,0.024118,-0.005860,0.998717,239.417816,208.748169,-197.273041,-0.022914,0.494667,0.003302,0.868774,123.403351,324.971527,-115.995842,0.008153,-0.011003,0.001811,0.999905,223.939438,162.607407,-179.383133,0.047387,0.056518,0.001454,0.997275,221.597137,195.014069,-202.481674
94,0.940000,-0.037306,0.021527,-0.009223,0.999030,198.167114,215.454971,-200.022919,-0.042742,0.028829,-0.004294,0.998661,239.437698,208.719681,-197.295746,-0.023016,0.494469,0.003193,0.868885,123.476402,324.984497,-116.113113,0.007990,-0.010908,0.001772,0.999907,223.965439,162.601807,-179.437958,0.057434,0.074326,-0.000881,0.995578,221.648773,194.961029,-202.601913
95,0.950000,-0.036225,0.022528,-0.008342,0.999055,198.202820,215.426590,-200.078171,-0.040743,0.033646,-0.001771,0.998601,239.474625,208.701080,-197.339890,-0.022886,0.494627,0.003504,0.868797,123.529823,324.988556,-116.221008,0.007779,-0.010872,0.001677,0.999909,223.993011,162.594513,-179.472946,0.065615,0.084357,-0.001169,0.994272,221.699585,194.917313,-202.691498
96,0.960000,-0.035560,0.022871,-0.009336,0.999062,198.256989,215.407455,-200.122314,-0.042939,0.028477,-0.004101,0.998663,239.514023,208.678329,-197.417313,-0.022870,0.494773,0.003578,0.868714,123.576645,325.005615,-116.318733,0.007618,-0.010786,0.001494,0.999912,224.016510,162.584686,-179.483078,0.072259,0.091211,-0.000495,0.993206,221.772644,194.853317,-202.751419
97,0.970000,-0.036094,0.023978,-0.009645,0.999014,198.295166,215.379654,-200.133133,-0.042739,0.029357,-0.004235,0.998646,239.540817,208.644104,-197.370560,-0.022802,0.494720,0.003734,0.868745,123.597916,325.030396,-116.396721,0.007631,-0.010907,0.001440,0.999910,224.038132,162.579315,-179.472260,0.077679,0.095836,0.000177,0.992362,221.823944,194.798981,-202.804779
98,0.980000,-0.037571,0.024035,-0.009683,0.998958,198.338196,215.362061,-200.137863,-0.044332,0.025697,-0.006159,0.998667,239.591202,208.630951,-197.406815,-0.022533,0.494728,0.004100,0.868746,123.622658,325.059967,-116.475830,0.007390,-0.011265,0.001549,0.999908,224.064590,162.582199,-179.443970,0.083002,0.099996,-0.000459,0.991520,221.887314,194.766846,-202.833649
99,0.990000,-0.039131,0.023483,-0.010237,0.998906,198.376892,215.351059,-200.155685,-0.045979,0.021546,-0.008424,0.998675,239.638123,208.616074,-197.424210,-0.022433,0.494704,0.004231,0.868762,123.654274,325.073486,-116.538033,0.007334,-0.011370,0.001414,0.999907,224.095047,162.573624,-179.440277,0.086355,0.105963,0.001696,0.990612,221.897385,194.683167,-202.856003
100,1.000000,-0.038935,0.022547,-0.009855,0.998939,198.424164,215.338974,-200.181641,-0.045842,0.021316,-0.007008,0.998697,239.693695,208.588074,-197.437286,-0.022487,0.494218,0.003865,0.869039,123.692184,325.077148,-116.600960,0.007361,-0.011560,0.001279,0.999905,224.130966,162.563034,-179.441956,0.089113,0.110601,0.001915,0.989860,221.933670,194.663330,-202.890259
101,1.010000,-0.039254,0.022223,-0.009666,0.998935,198.442200,215.332489,-200.210190,-0.045935,0.021406,-0.007004,0.998691,239.716980,208.578262,-197.454605,-0.022447,0.494202,0.003898,0.869048,123.720337,325.082184,-116.654938,0.007408,-0.011688,0.001232,0.999904,224.147491,162.558014,-179.454224,0.091282,0.113766,0.001995,0.989303,221.955551,194.649368,-202.924744
102,1.020000,-0.039782,0.022340,-0.008581,0.998922,198.433975,215.316544,-200.234390,-0.046191,0.021015,-0.006814,0.998688,239.709457,208.570404,-197.468170,-0.022415,0.494226,0.003947,0.869036,123.733505,325.088409,-116.700775,0.007474,-0.011829,0.001330,0.999901,224.133362,162.555344,-179.468231,0.093246,0.115672,0.002255,0.988899,221.958771,194.633499,-202.955475
103,1.030000,-0.040182,0.021262,-0.008554,0.998930,198.417297,215.305756,-200.255600,-0.046393,0.020726,-0.006840,0.998685,239.694962,208.564087,-197.479614,-0.022436,0.494282,0.004035,0.869003,123.738480,325.095947,-116.737991,0.007305,-0.011844,0.001340,0.999902,224.112457,162.558716,-179.466904,0.095032,0.116594,0.002731,0.988619,221.948212,194.614532,-202.981827
104,1.040000,-0.041446,0.020225,-0.010564,0.998880,198.373886,215.281723,-200.268936,-0.046291,0.020814,-0.007292,0.998685,239.652451,208.559280,-197.494736,-0.022523,0.494263,0.004032,0.869011,123.750938,325.106171,-116.772797,0.007673,-0.011712,0.001374,0.999901,224.082596,162.556381,-179.484039,0.096676,0.116986,0.003251,0.988412,221.926926,194.597092,-203.006042
105,1.050000,-0.041828,0.020892,-0.010938,0.998847,198.346252,215.273758,-200.301575,-0.046395,0.021117,-0.006924,0.998676,239.621429,208.559738,-197.521698,-0.022610,0.494380,0.004147,0.868942,123.768005,325.119965,-116.808380,0.007680,-0.011637,0.001399,0.999902,224.057724,162.559006,-179.500214,0.097363,0.118085,0.004468,0.988209,221.890549,194.589157,-203.038086
106,1.060000,-0.042782,0.021501,-0.011338,0.998789,198.333298,215.266556,-200.339722,-0.045392,0.022041,-0.006980,0.998702,239.593124,208.553314,-197.551514,-0.022657,0.494509,0.004209,0.868867,123.789848,325.124908,-116.840225,0.007586,-0.011537,0.001428,0.999904,224.044388,162.559509,-179.516418,0.097823,0.113676,0.003754,0.988683,221.915146,194.622498,-203.102448
107,1.070000,-0.043683,0.019066,-0.011673,0.998795,198.337158,215.254959,-200.381546,-0.044825,0.023075,-0.006622,0.998706,239.596222,208.545837,-197.569717,-0.022652,0.494535,0.004191,0.868852,123.822960,325.119720,-116.867798,0.007506,-0.011452,0.001432,0.999905,224.045441,162.559860,-179.531448,0.097890,0.107051,0.004955,0.989411,221.929214,194.617676,-203.120148
108,1.080000,-0.044295,0.017643,-0.011904,0.998792,198.359985,215.247131,-200.382874,-0.045058,0.023026,-0.006465,0.998698,239.612473,208.543976,-197.579712,-0.022596,0.494588,0.004211,0.868824,123.865112,325.119995,-116.903580,0.008344,-0.011462,0.001469,0.999898,224.062988,162.557449,-179.556091,0.097951,0.104992,0.005849,0.989620,221.952347,194.608475,-203.130630
109,1.090000,-0.043358,0.017108,-0.010522,0.998858,198.423447,215.247528,-200.380844,-0.044305,0.027618,-0.004187,0.998627,239.659149,208.525116,-197.487198,-0.022548,0.494653,0.004233,0.868788,123.886780,325.125305,-116.931259,0.007643,-0.011554,0.001359,0.999903,224.102371,162.560349,-179.532394,0.098837,0.104626,0.005345,0.989574,222.017288,194.596283,-203.113297
110,1.100000,-0.042162,0.015995,-0.010541,0.998927,198.486588,215.243073,-200.346954,-0.045234,0.025134,-0.005071,0.998647,239.744736,208.532654,-197.482758,-0.022521,0.494701,0.004335,0.868761,123.896835,325.136200,-116.957352,0.007052,-0.011594,0.001296,0.999907,224.155212,162.569931,-179.491760,0.099053,0.105906,0.007682,0.989401,222.045700,194.524933,-203.079666
111,1.110000,-0.040808,0.016271,-0.010983,0.998974,198.549057,215.250977,-200.288742,-0.045964,0.021915,-0.006577,0.998681,239.810532,208.537308,-197.415527,-0.022476,0.494676,0.004455,0.868775,123.901108,325.152557,-116.980270,0.006955,-0.011970,0.001339,0.999903,224.207413,162.578903,-179.432846,0.100057,0.106725,0.008858,0.989202,222.105713,194.510620,-203.049484
112,1.120000,-0.040806,0.016374,-0.011025,0.998972,198.588089,215.250122,-200.252960,-0.045249,0.022149,-0.006621,0.998708,239.853378,208.534286,-197.356262,-0.022411,0.494642,0.004582,0.868796,123.899910,325.172577,-117.005798,0.007624,-0.013025,0.001357,0.999885,224.240997,162.590591,-179.366776,0.100827,0.106345,0.009633,0.989157,222.155670,194.506088,-203.026138
113,1.130000,-0.041779,0.016716,-0.010928,0.998927,198.621506,215.253723,-200.234970,-0.042798,0.028560,-0.004205,0.998667,239.855057,208.515564,-197.249405,-0.022478,0.494383,0.004537,0.868942,123.897141,325.190094,-117.036644,0.007750,-0.013293,0.001372,0.999881,224.251999,162.592529,-179.322098,0.103250,0.112056,0.006348,0.988303,222.202911,194.568329,-202.956253
114,1.140000,-0.042973,0.017307,-0.011436,0.998861,198.638550,215.237411,-200.222076,-0.040774,0.034502,-0.002086,0.998570,239.863937,208.509109,-197.202744,-0.022409,0.494364,0.004629,0.868954,123.901764,325.207458,-117.058670,0.007972,-0.013144,0.001381,0.999881,224.255341,162.595291,-179.270706,0.106269,0.122718,0.002233,0.986733,222.230270,194.565063,-202.917099
115,1.150000,-0.043898,0.016986,-0.011856,0.998821,198.637497,215.222504,-200.197510,-0.041268,0.035207,-0.001779,0.998526,239.851974,208.485443,-197.159027,-0.022349,0.494315,0.004659,0.868983,123.906654,325.225159,-117.081345,0.008084,-0.013002,0.001371,0.999882,224.245972,162.596802,-179.225372,0.107493,0.125712,0.001032,0.986226,222.232162,194.535477,-202.889130
116,1.160000,-0.044620,0.016440,-0.012018,0.998796,198.620621,215.206726,-200.184311,-0.041782,0.034674,-0.002073,0.998523,239.838028,208.476547,-197.136856,-0.022283,0.494375,0.004740,0.868950,123.917587,325.237488,-117.104675,0.008094,-0.013029,0.001390,0.999882,224.223953,162.596848,-179.192978,0.106882,0.126507,0.001806,0.986189,222.204453,194.520248,-202.879471
117,1.170000,-0.041587,0.028947,-0.009670,0.998669,198.570129,215.200104,-200.062088,-0.041923,0.034565,-0.001842,0.998521,239.812988,208.461365,-197.121277,-0.022126,0.494502,0.004885,0.868881,123.935471,325.244537,-117.137390,0.008100,-0.013128,0.001441,0.999880,224.195999,162.596848,-179.174500,0.106533,0.128021,0.001629,0.986032,222.180161,194.505615,-202.865921
118,1.180000,-0.041430,0.024121,-0.008958,0.998810,198.583252,215.179764,-200.184875,-0.041984,0.034742,-0.001659,0.998513,239.802505,208.452591,-197.120377,-0.022064,0.494677,0.004989,0.868782,123.962173,325.249268,-117.173676,0.008062,-0.013122,0.001454,0.999880,224.183105,162.598328,-179.170929,0.105941,0.128478,0.001126,0.986037,222.167206,194.494217,-202.860565
119,1.190000,-0.043071,0.016884,-0.009837,0.998881,198.578278,215.154633,-200.220703,-0.042215,0.034600,-0.001633,0.998508,239.803833,208.447556,-197.144791,-0.022115,0.494682,0.004933,0.868779,123.992134,325.249725,-117.221992,0.007939,-0.013104,0.001453,0.999882,224.186813,162.596817,-179.188446,0.122969,0.112535,0.007643,0.985980,222.167740,194.532684,-202.639297
120,1.200000,-0.042288,0.017544,-0.008823,0.998913,198.600449,215.141052,-200.255615,-0.042235,0.034570,-0.001775,0.998508,239.821228,208.442368,-197.170898,-0.022213,0.494632,0.004891,0.868805,124.026779,325.243500,-117.284149,0.007866,-0.013158,0.001423,0.999882,224.203186,162.596161,-179.210052,0.123176,0.088550,0.012800,0.988344,222.192200,194.529434,-202.641937
121,1.210000,-0.042116,0.017810,-0.008683,0.998916,198.624954,215.132050,-200.282028,-0.042155,0.034578,-0.001727,0.998511,239.843613,208.438202,-197.193436,-0.022143,0.494706,0.005050,0.868764,124.064217,325.254272,-117.373810,0.007830,-0.013175,0.001420,0.999882,224.226517,162.596664,-179.229034,0.119407,0.082431,0.013505,0.989326,222.208267,194.508133,-202.655640
122,1.220000,-0.043196,0.019085,-0.009648,0.998838,198.682449,215.137863,-200.314117,-0.042517,0.033650,-0.002285,0.998526,239.884369,208.434769,-197.216614,-0.022140,0.494744,0.005126,0.868742,124.094994,325.267303,-117.434853,0.007818,-0.013597,0.001388,0.999876,224.267303,162.597443,-179.243515,0.119231,0.079178,0.012876,0.989621,222.255386,194.505783,-202.640900
123,1.230000,-0.043816,0.020206,-0.009910,0.998786,198.726151,215.132965,-200.334381,-0.042556,0.032753,-0.001849,0.998555,239.936462,208.436172,-197.227890,-0.022130,0.494938,0.005151,0.868631,124.140877,325.290070,-117.498634,0.007820,-0.013712,0.001363,0.999874,224.297485,162.597748,-179.252930,0.116956,0.079584,0.014460,0.989838,222.265198,194.432693,-202.631622
124,1.240000,-0.044629,0.020862,-0.010140,0.998734,198.785355,215.125732,-200.351028,-0.042379,0.032976,-0.001815,0.998556,239.982361,208.428772,-197.232986,-0.022221,0.494848,0.005068,0.868681,124.182404,325.308319,-117.563889,0.007629,-0.014123,0.001334,0.999870,224.328674,162.596512,-179.266281,0.115407,0.080845,0.014179,0.989921,222.301529,194.424469,-202.632706
125,1.250000,-0.044628,0.021075,-0.009546,0.998736,198.846207,215.112595,-200.367905,-0.043240,0.033121,-0.001520,0.998514,240.044174,208.411194,-197.214447,-0.022099,0.494933,0.005239,0.868635,124.226936,325.321228,-117.627823,0.007664,-0.013976,0.001315,0.999872,224.366196,162.597336,-179.254593,0.114243,0.080310,0.013655,0.990107,222.361710,194.423935,-202.623474
126,1.260000,-0.044739,0.020329,-0.009515,0.998747,198.915314,215.092880,-200.372437,-0.043855,0.033084,-0.001724,0.998489,240.105179,208.400238,-197.183060,-0.021983,0.494886,0.005305,0.868663,124.273125,325.337708,-117.692719,0.008368,-0.014164,0.001299,0.999864,224.422195,162.593292,-179.235138,0.113231,0.080402,0.014686,0.990201,222.420990,194.386230,-202.594696
127,1.270000,-0.045061,0.019616,-0.009552,0.998746,198.999298,215.073074,-200.352081,-0.044224,0.031890,-0.002733,0.998509,240.190262,208.397781,-197.137543,-0.022012,0.494764,0.005158,0.868733,124.315109,325.355957,-117.757515,0.008216,-0.014358,0.001243,0.999862,224.500977,162.604935,-179.171844,0.038297,0.048183,-0.002894,0.998100,222.295517,194.615875,-201.849304
128,1.280000,-0.044944,0.016559,-0.009962,0.998803,199.104950,215.067932,-200.360077,-0.044649,0.029561,-0.003669,0.998559,240.311035,208.397354,-197.039703,-0.021829,0.494981,0.005466,0.868612,124.351448,325.375580,-117.831940,0.008351,-0.014918,0.001221,0.999853,224.593887,162.619446,-179.101761,0.001401,-0.012220,0.006204,0.999905,222.362747,194.645996,-201.660721
129,1.290000,-0.045892,0.013134,-0.011779,0.998791,199.211441,215.058624,-200.340942,-0.046069,0.024092,-0.005381,0.998633,240.409836,208.411499,-197.036163,-0.021693,0.495207,0.005754,0.868485,124.388863,325.394348,-117.903046,0.008391,-0.015274,0.001176,0.999848,224.651413,162.628479,-179.055084,-0.001827,-0.024943,0.009937,0.999638,222.440338,194.660843,-201.600510
130,1.300000,-0.045601,0.012102,-0.011889,0.998816,199.281769,215.056427,-200.356415,-0.047746,0.018599,-0.007646,0.998657,240.461166,208.417908,-197.037277,-0.021566,0.495333,0.005984,0.868415,124.433777,325.409180,-117.975090,0.008360,-0.015485,0.001135,0.999845,224.688675,162.632217,-179.045380,-0.002154,-0.019238,0.007812,0.999782,222.485458,194.670746,-201.556976
131,1.310000,-0.045299,0.012137,-0.012195,0.998825,199.327484,215.040878,-200.408783,-0.046654,0.023426,-0.005177,0.998623,240.491455,208.400223,-196.996918,-0.021587,0.495262,0.005957,0.868455,124.490044,325.419464,-118.062668,0.008322,-0.015829,0.001178,0.999839,224.725677,162.639435,-179.080444,0.001703,-0.009577,0.004482,0.999943,222.535263,194.658569,-201.565247
132,1.320000,-0.044998,0.012215,-0.012142,0.998839,199.364090,215.027374,-200.479019,-0.043752,0.029036,-0.002665,0.998617,240.517120,208.377686,-197.072952,-0.021452,0.495390,0.006191,0.868384,124.549820,325.421051,-118.159660,0.008185,-0.016012,0.001075,0.999838,224.751144,162.632950,-179.144608,0.004798,0.001679,0.000896,0.999987,222.556061,194.655319,-201.596100
133,1.330000,-0.044947,0.013878,-0.011644,0.998825,199.385544,215.000015,-200.557129,-0.043000,0.030091,-0.002249,0.998619,240.544235,208.358597,-197.169525,-0.021499,0.495488,0.006115,0.868327,124.630737,325.428955,-118.272209,0.007678,-0.015730,0.000641,0.999847,224.769409,162.609924,-179.227982,0.006197,0.011608,-0.002315,0.999911,222.570618,194.656357,-201.636581
134,1.340000,-0.045358,0.015390,-0.011148,0.998790,199.412231,214.977295,-200.634354,-0.045482,0.024467,-0.004537,0.998655,240.589645,208.341339,-197.312897,-0.021632,0.495402,0.006046,0.868373,124.710258,325.438141,-118.401573,0.007603,-0.015844,0.000574,0.999846,224.798340,162.592636,-179.305618,0.006320,0.019727,-0.005307,0.999771,222.591034,194.642319,-201.675613
135,1.350000,-0.045726,0.015050,-0.011289,0.998777,199.439255,214.949509,-200.691757,-0.048404,0.017544,-0.007477,0.998646,240.628372,208.306717,-197.389755,-0.021852,0.495128,0.005649,0.868527,124.801384,325.451813,-118.541321,0.007437,-0.016237,0.000528,0.999840,224.817139,162.583038,-179.356506,0.002765,-0.005264,0.000590,0.999982,222.722229,194.572815,-201.972290
136,1.360000,-0.046262,0.014995,-0.011470,0.998751,199.460022,214.925552,-200.733505,-0.049202,0.016371,-0.008279,0.998620,240.643616,208.279160,-197.414001,-0.021778,0.495259,0.005879,0.868452,124.850624,325.470612,-118.658615,0.007378,-0.016410,0.000483,0.999838,224.826797,162.580780,-179.373749,-0.005601,-0.047416,0.012490,0.998781,222.784348,194.527771,-202.038010
137,1.370000,-0.047105,0.012460,-0.011361,0.998748,199.491211,214.900253,-200.790558,-0.049624,0.016449,-0.008513,0.998596,240.671082,208.249832,-197.428101,-0.021665,0.495281,0.006190,0.868441,124.898964,325.502228,-118.783707,0.007280,-0.016445,0.000523,0.999838,224.839279,162.579987,-179.379318,-0.009452,-0.059590,0.016752,0.998038,222.798477,194.491577,-202.057800
138,1.380000,-0.049719,0.011687,-0.012133,0.998621,199.530823,214.875870,-200.837631,-0.050043,0.016327,-0.008086,0.998581,240.700272,208.228775,-197.431610,-0.021528,0.495333,0.006423,0.868413,124.951843,325.527832,-118.898865,0.007281,-0.016589,0.000520,0.999836,224.850800,162.578232,-179.369629,-0.010187,-0.059935,0.016480,0.998014,222.824402,194.460587,-202.065552
139,1.390000,-0.050356,0.012300,-0.011805,0.998586,199.572083,214.842163,-200.873825,-0.050376,0.016155,-0.008071,0.998567,240.737457,208.203049,-197.439758,-0.021596,0.495253,0.006344,0.868457,125.019012,325.541809,-119.026527,0.007280,-0.016759,0.000491,0.999833,224.868088,162.575821,-179.363602,-0.010564,-0.058807,0.016127,0.998083,222.853729,194.430099,-202.076065
140,1.400000,-0.051841,0.013069,-0.012410,0.998493,199.617691,214.803009,-200.910095,-0.050176,0.016446,-0.007747,0.998575,240.786636,208.184372,-197.456787,-0.021670,0.495106,0.006214,0.868540,125.072777,325.546753,-119.160934,0.007072,-0.017085,0.000623,0.999829,224.919891,162.560318,-179.365906,-0.011889,-0.056554,0.018529,0.998157,222.864594,194.336136,-202.077545
141,1.410000,-0.052904,0.013743,-0.011947,0.998434,199.706818,214.759415,-200.953491,-0.050539,0.017072,-0.005856,0.998559,240.875641,208.139908,-197.465225,-0.021439,0.495291,0.006606,0.868438,125.146912,325.551056,-119.293488,0.006709,-0.016937,0.000407,0.999834,224.979004,162.552719,-179.373383,-0.011457,-0.053630,0.018550,0.998323,222.928604,194.307724,-202.088013
142,1.420000,-0.053706,0.013406,-0.011848,0.998397,199.779144,214.730713,-200.978271,-0.050650,0.017526,-0.005818,0.998546,240.939468,208.123505,-197.467438,-0.021404,0.495464,0.006638,0.868339,125.217644,325.565613,-119.427589,0.006759,-0.016806,0.000226,0.999836,225.051254,162.553421,-179.351685,-0.009315,-0.053167,0.017575,0.998388,223.006912,194.272751,-202.064178
143,1.430000,-0.053846,0.012941,-0.012439,0.998388,199.857147,214.703629,-200.996750,-0.051063,0.017041,-0.006335,0.998530,241.014374,208.113068,-197.468262,-0.021531,0.495224,0.006418,0.868475,125.281441,325.580841,-119.554474,0.006833,-0.017072,0.000290,0.999831,225.109390,162.556656,-179.342896,-0.007710,-0.053375,0.016949,0.998401,223.107849,194.237244,-202.040146
144,1.440000,-0.053118,0.013143,-0.012592,0.998422,199.950821,214.690613,-201.026154,-0.052001,0.015358,-0.006419,0.998508,241.098724,208.102127,-197.461807,-0.021183,0.495523,0.006975,0.868309,125.343338,325.596649,-119.677338,0.006822,-0.017275,0.000190,0.999828,225.170700,162.556229,-179.342392,-0.007871,-0.052276,0.016172,0.998471,223.192276,194.221512,-202.039734
145,1.450000,-0.052041,0.009855,-0.012087,0.998523,200.042725,214.673340,-201.081024,-0.052502,0.014315,-0.007156,0.998493,241.166367,208.093262,-197.454849,-0.021147,0.495643,0.007193,0.868239,125.414970,325.608215,-119.785149,0.006660,-0.017390,0.000197,0.999827,225.221756,162.560699,-179.344147,-0.007488,-0.049655,0.014711,0.998630,223.276077,194.218735,-202.039215
146,1.460000,-0.049052,0.019750,-0.011134,0.998539,200.104797,214.676941,-201.002182,-0.051965,0.014570,-0.007301,0.998516,241.246826,208.090576,-197.449036,-0.021171,0.495812,0.007169,0.868142,125.502853,325.632141,-119.898628,0.006365,-0.018077,0.000309,0.999816,225.279236,162.560806,-179.352493,-0.007397,-0.047356,0.013701,0.998757,223.346237,194.200256,-202.037384
147,1.470000,-0.044899,0.031564,-0.008681,0.998455,200.162704,214.666260,-201.005447,-0.052622,0.014467,-0.007589,0.998481,241.299744,208.078629,-197.445770,-0.021355,0.495646,0.006978,0.868234,125.582817,325.656403,-120.018333,0.006374,-0.018299,0.000291,0.999812,225.328629,162.560471,-179.355698,-0.007328,-0.045150,0.013815,0.998858,223.423340,194.166199,-202.028824
148,1.480000,-0.044411,0.032826,-0.007948,0.998442,200.209763,214.646667,-201.038300,-0.053081,0.013419,-0.008323,0.998465,241.363358,208.063965,-197.449677,-0.021301,0.495931,0.007074,0.868072,125.672119,325.680511,-120.140892,0.006304,-0.018497,0.000177,0.999809,225.365479,162.563690,-179.366058,-0.007457,-0.042771,0.011912,0.998986,223.498093,194.130600,-202.030624
149,1.490000,-0.044293,0.033802,-0.008118,0.998414,200.265701,214.621628,-201.077927,-0.054095,0.012404,-0.008946,0.998419,241.404526,208.044510,-197.466431,-0.021212,0.495907,0.007257,0.868086,125.753525,325.709290,-120.272240,0.006379,-0.018756,0.000162,0.999804,225.397461,162.563370,-179.376312,-0.008163,-0.039137,0.011072,0.999139,223.522781,194.096222,-202.051102
150,1.500000,-0.043872,0.035230,-0.008077,0.998383,200.297760,214.590805,-201.118805,-0.054069,0.012680,-0.008420,0.998421,241.436600,208.019394,-197.488449,-0.021147,0.496002,0.007441,0.868032,125.826729,325.736694,-120.387512,0.006008,-0.018440,0.000022,0.999812,225.424698,162.560745,-179.394089,-0.008187,-0.036410,0.010469,0.999249,223.551056,194.070511,-202.065308
151,1.510000,-0.043207,0.035570,-0.007229,0.998407,200.336273,214.565704,-201.154068,-0.054039,0.013091,-0.008197,0.998419,241.463333,207.998444,-197.504715,-0.021273,0.495850,0.007213,0.868117,125.906792,325.763275,-120.504631,0.005924,-0.018515,0.000026,0.999811,225.446350,162.557159,-179.396790,-0.008932,-0.034011,0.009366,0.999338,223.588882,194.048721,-202.081924
152,1.520000,-0.046294,0.024879,-0.007370,0.998591,200.392395,214.503479,-201.301208,-0.054249,0.013285,-0.008098,0.998406,241.482986,207.979416,-197.508865,-0.021008,0.496096,0.007602,0.867980,125.964027,325.784576,-120.608139,0.005900,-0.018649,-0.000006,0.999809,225.462875,162.553375,-179.391434,-0.008774,-0.032540,0.008890,0.999392,223.614182,194.018982,-202.086380
153,1.530000,-0.047630,0.029262,-0.007818,0.998406,200.393204,214.491196,-201.218613,-0.054693,0.013103,-0.007200,0.998391,241.513885,207.952850,-197.499405,-0.021007,0.495983,0.007712,0.868044,126.005035,325.799042,-120.702255,0.005512,-0.018880,-0.000006,0.999807,225.477921,162.553406,-179.366348,-0.008917,-0.032387,0.008647,0.999398,223.634918,193.990616,-202.084793
154,1.540000,-0.045333,0.038263,-0.005149,0.998226,200.421478,214.474121,-201.210297,-0.055024,0.012966,-0.006469,0.998380,241.547165,207.928726,-197.477524,-0.020879,0.496179,0.007896,0.867933,126.054512,325.807190,-120.800003,0.005570,-0.019365,0.000130,0.999797,225.485626,162.557663,-179.332855,-0.009475,-0.032667,0.008665,0.999384,223.659882,193.965637,-202.074738
155,1.550000,-0.046516,0.036970,-0.005314,0.998219,200.470734,214.447189,-201.237732,-0.055103,0.012730,-0.006571,0.998378,241.576797,207.912552,-197.451630,-0.020624,0.496305,0.008197,0.867865,126.096664,325.814728,-120.896538,0.005754,-0.019324,0.000123,0.999797,225.501556,162.560715,-179.294205,-0.010023,-0.033271,0.008774,0.999358,223.695572,193.944275,-202.065262
156,1.560000,-0.050788,0.021888,-0.007696,0.998440,200.536880,214.400848,-201.373489,-0.055031,0.012641,-0.006517,0.998383,241.614578,207.894333,-197.421127,-0.020771,0.496044,0.007912,0.868013,126.147423,325.819824,-120.992310,0.005754,-0.019486,0.000119,0.999794,225.525177,162.562164,-179.264389,-0.011061,-0.033065,0.008924,0.999352,223.727798,193.920456,-202.056030
157,1.570000,-0.057174,0.009472,-0.012705,0.998239,200.601959,214.378265,-201.372757,-0.054411,0.012648,-0.006125,0.998420,241.669617,207.891281,-197.394241,-0.020626,0.496121,0.008131,0.867970,126.188782,325.824799,-121.081512,0.005724,-0.019675,0.000112,0.999790,225.559448,162.568390,-179.234879,-0.010136,-0.034686,0.008696,0.999309,223.793503,193.871475,-202.001541
158,1.580000,-0.057863,0.009207,-0.012750,0.998201,200.657318,214.361710,-201.377304,-0.054808,0.012570,-0.005841,0.998401,241.722458,207.881989,-197.364883,-0.020579,0.496010,0.008186,0.868035,126.228783,325.834961,-121.185852,0.006314,-0.020543,0.000014,0.999769,225.599030,162.571060,-179.203735,-0.009384,-0.037820,0.008674,0.999203,223.864944,193.852036,-201.959183
159,1.590000,-0.057818,0.010149,-0.012146,0.998202,200.721069,214.340027,-201.404510,-0.055099,0.011965,-0.005931,0.998392,241.757935,207.868149,-197.371475,-0.020390,0.496207,0.008539,0.867923,126.289398,325.858429,-121.305809,0.006204,-0.020695,0.000128,0.999767,225.632217,162.570175,-179.208801,-0.010154,-0.038233,0.008734,0.999179,223.904282,193.841599,-201.948410
160,1.600000,-0.055697,0.011252,-0.010158,0.998333,200.762039,214.329544,-201.459381,-0.055678,0.010653,-0.006530,0.998371,241.781525,207.861008,-197.406769,-0.020504,0.496147,0.008513,0.867955,126.355797,325.890686,-121.417557,0.006109,-0.020674,0.000134,0.999768,225.644684,162.567810,-179.238098,-0.010109,-0.035125,0.007816,0.999301,223.936142,193.818848,-201.991959
161,1.610000,-0.053104,0.012379,-0.009783,0.998464,200.776672,214.301620,-201.524124,-0.056180,0.009642,-0.006896,0.998350,241.796295,207.851654,-197.448395,-0.020587,0.496147,0.008590,0.867952,126.423973,325.928650,-121.557747,0.005402,-0.020419,0.000204,0.999777,225.648102,162.567337,-179.300171,-0.008932,-0.028178,0.004610,0.999552,223.961212,193.804169,-202.023758
162,1.620000,-0.052432,0.011689,-0.010438,0.998502,200.795624,214.275269,-201.589417,-0.054725,0.014783,-0.005056,0.998379,241.797043,207.829529,-197.438828,-0.020440,0.496645,0.008983,0.867667,126.515282,325.955322,-121.696037,0.005225,-0.020267,0.000055,0.999781,225.659363,162.561905,-179.343231,-0.008461,-0.022387,0.002343,0.999711,223.980377,193.780823,-202.061813
163,1.630000,-0.052606,0.010955,-0.010024,0.998505,200.816925,214.236603,-201.645172,-0.053443,0.020060,-0.003496,0.998363,241.826035,207.802032,-197.470749,-0.020430,0.496706,0.008898,0.867633,126.598297,325.972870,-121.829391,0.005119,-0.020296,0.000066,0.999781,225.672867,162.558273,-179.383270,-0.007463,-0.017850,0.000815,0.999813,224.001633,193.753204,-202.095123
164,1.640000,-0.053102,0.009781,-0.010677,0.998484,200.857239,214.216492,-201.713684,-0.053723,0.020524,-0.003491,0.998339,241.849197,207.782303,-197.524734,-0.020855,0.494602,0.007203,0.868839,126.623604,325.913635,-121.889557,0.005403,-0.020333,0.000071,0.999779,225.689331,162.551010,-179.431610,-0.007318,-0.013877,0.000384,0.999877,224.022659,193.708557,-202.123871
165,1.650000,-0.055338,0.005271,-0.012086,0.998381,200.887787,214.188019,-201.805008,-0.053897,0.020698,-0.003829,0.998325,241.876801,207.754227,-197.581100,-0.020781,0.494370,0.007249,0.868973,126.694229,325.895325,-122.010696,0.005380,-0.020458,0.000060,0.999776,225.707703,162.543228,-179.472839,-0.003283,-0.008410,-0.000258,0.999959,224.052826,193.656754,-202.186707
166,1.660000,-0.057186,0.004042,-0.012902,0.998272,200.903870,214.154709,-201.859024,-0.056463,0.015348,-0.005809,0.998270,241.906479,207.738754,-197.686249,-0.020876,0.494102,0.006950,0.869125,126.760918,325.889374,-122.129005,0.005430,-0.020671,0.000056,0.999772,225.721497,162.533371,-179.502304,-0.002386,-0.004185,-0.001744,0.999987,224.071945,193.631165,-202.217957
167,1.670000,-0.058505,0.005652,-0.013187,0.998184,200.922607,214.121429,-201.916245,-0.057771,0.009743,-0.006761,0.998259,241.938980,207.694275,-197.739304,-0.020900,0.493966,0.006780,0.869204,126.820831,325.898224,-122.256447,0.005424,-0.020796,0.000034,0.999769,225.726456,162.525864,-179.517563,-0.002671,-0.002760,-0.002381,0.999990,224.088226,193.601166,-202.245117
168,1.680000,-0.056250,0.019262,-0.010591,0.998175,200.914825,214.099213,-201.842484,-0.057931,0.009466,-0.006721,0.998253,241.940613,207.668747,-197.760757,-0.020833,0.493785,0.006727,0.869309,126.890305,325.924866,-122.388351,0.005413,-0.020865,0.000020,0.999768,225.722275,162.520599,-179.521881,-0.004672,-0.001881,-0.003939,0.999980,224.097153,193.563843,-202.279129
169,1.690000,-0.051863,0.035219,-0.005464,0.998018,200.897247,214.052719,-201.841095,-0.058627,0.009446,-0.006757,0.998212,241.938339,207.645432,-197.771790,-0.020600,0.493699,0.006841,0.869362,126.970116,325.962097,-122.530273,0.005398,-0.020889,0.000022,0.999767,225.714935,162.515778,-179.522705,-0.006431,0.000282,-0.004794,0.999968,224.093124,193.513474,-202.305115
170,1.700000,-0.051460,0.037371,-0.004980,0.997963,200.906982,214.008636,-201.875900,-0.059419,0.008908,-0.006832,0.998170,241.940460,207.612869,-197.790283,-0.020464,0.493707,0.006952,0.869360,127.056541,326.005463,-122.666122,0.005512,-0.021096,-0.000148,0.999762,225.715103,162.506439,-179.518478,-0.007103,0.000550,-0.005022,0.999962,224.100113,193.476151,-202.317062
171,1.710000,-0.052958,0.036932,-0.006107,0.997895,200.925644,213.963470,-201.911499,-0.060579,0.008472,-0.007220,0.998101,241.947922,207.573135,-197.803802,-0.020408,0.493629,0.006981,0.869405,127.148331,326.043030,-122.818550,0.005528,-0.021180,-0.000180,0.999760,225.720581,162.500977,-179.522018,-0.008068,0.000438,-0.004562,0.999957,224.110382,193.435318,-202.328705
172,1.720000,-0.054482,0.036012,-0.007119,0.997840,200.962601,213.930283,-201.951004,-0.061144,0.007791,-0.007356,0.998071,241.975204,207.544296,-197.830948,-0.020049,0.493869,0.007634,0.869272,127.229408,326.061951,-122.961349,0.005530,-0.021274,-0.000210,0.999758,225.736176,162.496460,-179.532333,-0.006285,-0.000518,-0.004893,0.999968,224.140945,193.387238,-202.320862
173,1.730000,-0.058197,0.020822,-0.009544,0.998042,201.042694,213.878525,-202.139374,-0.061086,0.007919,-0.006963,0.998077,242.015869,207.526596,-197.865616,-0.020036,0.493790,0.007667,0.869316,127.316711,326.074158,-123.091331,0.005570,-0.021274,-0.000218,0.999758,225.767014,162.489319,-179.557755,-0.006227,-0.000307,-0.005332,0.999966,224.182037,193.353714,-202.335068
174,1.740000,-0.061297,0.005648,-0.012084,0.998030,201.127731,213.857498,-202.230408,-0.061188,0.007700,-0.007182,0.998071,242.066620,207.500153,-197.909927,-0.020147,0.493711,0.007522,0.869360,127.411499,326.077606,-123.234436,0.005493,-0.021323,-0.000290,0.999758,225.798248,162.484283,-179.588989,-0.005880,0.001685,-0.005957,0.999964,224.222504,193.324921,-202.356689
175,1.750000,-0.060909,0.005919,-0.012611,0.998046,201.179214,213.820969,-202.287201,-0.061509,0.007422,-0.007651,0.998050,242.117554,207.478653,-197.953766,-0.020297,0.493657,0.007415,0.869388,127.512428,326.081177,-123.401604,0.005461,-0.020806,-0.000593,0.999768,225.850128,162.467178,-179.633072,-0.007663,0.004653,-0.008279,0.999926,224.280579,193.298203,-202.408859
176,1.760000,-0.060334,0.006721,-0.012967,0.998071,201.242126,213.792557,-202.345978,-0.061682,0.007640,-0.008333,0.998032,242.164948,207.458038,-197.994431,-0.020404,0.493704,0.007345,0.869360,127.612663,326.096039,-123.555550,0.005402,-0.020672,-0.000659,0.999772,225.883942,162.459518,-179.671829,-0.006496,0.008786,-0.011253,0.999877,224.353317,193.233444,-202.401886
177,1.770000,-0.058988,0.007203,-0.012986,0.998148,201.285019,213.765671,-202.402557,-0.062075,0.007680,-0.008416,0.998007,242.189758,207.441849,-198.031754,-0.020256,0.494027,0.007512,0.869178,127.713562,326.113098,-123.700455,0.005347,-0.020692,-0.000600,0.999771,225.906921,162.458649,-179.700638,-0.007506,0.011419,-0.012007,0.999835,224.374313,193.190781,-202.433517
178,1.780000,-0.058568,0.009747,-0.012010,0.998164,201.296967,213.723511,-202.452332,-0.059834,0.013132,-0.005453,0.998107,242.197525,207.405182,-198.017441,-0.020200,0.494101,0.007561,0.869137,127.817032,326.145355,-123.850479,0.005275,-0.020607,-0.000601,0.999774,225.912369,162.457718,-179.723236,-0.007860,0.012703,-0.012553,0.999810,224.389038,193.157532,-202.453339
179,1.790000,-0.058562,0.009755,-0.012025,0.998164,201.312912,213.693939,-202.492645,-0.058414,0.019088,-0.002805,0.998106,242.202957,207.379944,-198.027313,-0.020034,0.494393,0.007797,0.868973,127.913963,326.178864,-123.982376,0.005226,-0.020724,-0.000711,0.999771,225.916428,162.458130,-179.740875,-0.008257,0.012695,-0.012634,0.999806,224.401962,193.121750,-202.468857
180,1.800000,-0.059203,0.009033,-0.012502,0.998127,201.334656,213.661392,-202.534821,-0.058268,0.019921,-0.002158,0.998100,242.221512,207.365585,-198.057281,-0.019882,0.494472,0.007913,0.868930,128.005707,326.212921,-124.112556,0.005218,-0.020786,-0.000747,0.999770,225.921722,162.456116,-179.755341,-0.008848,0.012609,-0.012932,0.999798,224.417099,193.087708,-202.484451
181,1.810000,-0.060332,0.006877,-0.012893,0.998071,201.364777,213.627792,-202.600357,-0.058818,0.019377,-0.002238,0.998078,242.240814,207.341324,-198.095016,-0.019908,0.494167,0.007767,0.869105,128.090240,326.234528,-124.245026,0.004982,-0.020728,-0.000870,0.999772,225.940857,162.447021,-179.779221,-0.010062,0.012936,-0.013528,0.999774,224.438202,193.053864,-202.504486
182,1.820000,-0.062576,0.005076,-0.014003,0.997929,201.405594,213.598358,-202.651947,-0.059570,0.018618,-0.002825,0.998047,242.264694,207.307007,-198.130692,-0.019673,0.494109,0.007992,0.869141,128.166153,326.252228,-124.391876,0.004995,-0.020824,-0.000910,0.999770,225.959900,162.440887,-179.795303,-0.012590,0.014393,-0.015142,0.999703,224.469925,193.011765,-202.535767
183,1.830000,-0.064091,0.005482,-0.015019,0.997816,201.446655,213.552750,-202.705307,-0.060079,0.018308,-0.002975,0.998021,242.295502,207.278839,-198.159012,-0.019643,0.493941,0.007903,0.869238,128.248672,326.272797,-124.547287,0.004950,-0.020892,-0.000977,0.999769,225.982285,162.434113,-179.810303,-0.014354,0.016876,-0.015400,0.999636,224.484970,192.958084,-202.547348
184,1.840000,-0.063998,0.006370,-0.014206,0.997829,201.506409,213.508652,-202.757431,-0.060122,0.018172,-0.002514,0.998022,242.344635,207.251694,-198.184692,-0.019511,0.494064,0.008138,0.869169,128.330521,326.295227,-124.717690,0.004931,-0.020980,-0.001015,0.999767,226.006516,162.427078,-179.824142,-0.016416,0.017994,-0.016148,0.999573,224.521133,192.921097,-202.567825
185,1.850000,-0.061470,0.018702,-0.012542,0.997855,201.525452,213.480560,-202.702057,-0.060184,0.019182,-0.002095,0.998001,242.374054,207.213272,-198.203644,-0.019430,0.494199,0.008287,0.869092,128.407211,326.319855,-124.876488,0.005130,-0.021086,-0.000895,0.999764,226.039398,162.422836,-179.842178,-0.016133,0.017380,-0.017604,0.999564,224.561966,192.870895,-202.549866
186,1.860000,-0.057267,0.031677,-0.008892,0.997817,201.559418,213.439117,-202.738693,-0.062578,0.013740,-0.004217,0.997937,242.415710,207.189865,-198.303391,-0.019272,0.494136,0.008336,0.869131,128.496231,326.356873,-125.040215,0.005068,-0.021158,-0.000940,0.999763,226.054901,162.415863,-179.871613,-0.017763,0.017617,-0.019009,0.999506,224.598251,192.836090,-202.566208
187,1.870000,-0.056812,0.032023,-0.008370,0.997836,201.584854,213.392944,-202.821671,-0.065003,0.008446,-0.006556,0.997828,242.439346,207.157150,-198.369873,-0.019181,0.494059,0.008391,0.869176,128.592880,326.391235,-125.212746,0.004950,-0.021151,-0.001135,0.999763,226.052673,162.401932,-179.907547,-0.019970,0.018693,-0.019377,0.999438,224.609695,192.779770,-202.576904
188,1.880000,-0.058265,0.030000,-0.008465,0.997814,201.599075,213.346451,-202.912079,-0.065272,0.008013,-0.005112,0.997822,242.441223,207.109909,-198.440613,-0.019157,0.493905,0.008246,0.869266,128.687485,326.426392,-125.368935,0.005176,-0.021051,-0.001250,0.999764,226.045715,162.386765,-179.955566,-0.023019,0.020327,-0.021260,0.999302,224.618393,192.733276,-202.611923
189,1.890000,-0.059799,0.027882,-0.009067,0.997780,201.596664,213.287430,-202.978973,-0.065459,0.008414,-0.004891,0.997808,242.437866,207.076752,-198.492111,-0.019204,0.493969,0.008195,0.869229,128.792068,326.457306,-125.528053,0.005053,-0.021024,-0.001241,0.999765,226.039612,162.377380,-179.989639,-0.024792,0.022749,-0.023225,0.999164,224.615494,192.684235,-202.629211
190,1.900000,-0.061772,0.029548,-0.010047,0.997602,201.613083,213.217148,-203.052292,-0.066286,0.007870,-0.004988,0.997757,242.442093,207.039963,-198.543869,-0.019056,0.493932,0.008288,0.869253,128.912430,326.492340,-125.705093,0.004872,-0.021001,-0.001256,0.999767,226.036407,162.369598,-180.017654,-0.027432,0.024098,-0.024125,0.999042,224.610306,192.622208,-202.653625
191,1.910000,-0.065091,0.017554,-0.010929,0.997665,201.654877,213.126221,-203.243683,-0.067681,0.006998,-0.005568,0.997667,242.439194,206.992340,-198.595184,-0.018900,0.494171,0.008573,0.869117,129.020798,326.519592,-125.869957,0.004680,-0.020983,-0.001241,0.999768,226.036743,162.361191,-180.048950,-0.029511,0.025934,-0.024949,0.998917,224.607819,192.565033,-202.666870
192,1.920000,-0.069393,0.006693,-0.013677,0.997473,201.671005,213.062012,-203.317963,-0.069251,0.006074,-0.005908,0.997563,242.439621,206.946655,-198.642471,-0.018789,0.494319,0.008479,0.869036,129.139954,326.553894,-126.052872,0.004008,-0.020352,-0.001215,0.999784,226.035416,162.357376,-180.090195,-0.029349,0.024508,-0.025991,0.998931,224.618439,192.503036,-202.650589
193,1.930000,-0.068475,0.006023,-0.014022,0.997536,201.689499,213.006073,-203.384369,-0.067575,0.011447,-0.004692,0.997638,242.429626,206.900528,-198.649338,-0.018589,0.494326,0.008716,0.869034,129.250641,326.581177,-126.244057,0.004508,-0.020817,-0.001118,0.999773,226.042389,162.345078,-180.140686,-0.032277,0.025204,-0.027673,0.998778,224.637863,192.445480,-202.675262
194,1.940000,-0.068414,0.006701,-0.014861,0.997524,201.720963,212.945267,-203.457932,-0.066239,0.016772,-0.003075,0.997658,242.446518,206.859467,-198.688034,-0.018612,0.494075,0.008547,0.869178,129.360794,326.607117,-126.427490,0.004348,-0.020879,-0.001141,0.999772,226.053040,162.339722,-180.169418,-0.036022,0.027695,-0.028546,0.998559,224.648422,192.364029,-202.691345
195,1.950000,-0.066876,0.017063,-0.013523,0.997524,201.725113,212.896622,-203.436188,-0.066687,0.017243,-0.003098,0.997620,242.469635,206.812164,-198.736084,-0.018221,0.494300,0.008921,0.869055,129.474701,326.640167,-126.616966,0.004240,-0.020973,-0.001135,0.999770,226.068588,162.332062,-180.197037,-0.038168,0.028919,-0.029545,0.998416,224.669159,192.320770,-202.703674
196,1.960000,-0.063939,0.029938,-0.010331,0.997451,201.760757,212.824860,-203.499451,-0.067241,0.017027,-0.003218,0.997586,242.492737,206.777832,-198.781204,-0.018173,0.494282,0.008943,0.869066,129.593460,326.680634,-126.811531,0.004154,-0.021016,-0.001178,0.999770,226.085007,162.326996,-180.222519,-0.040314,0.029397,-0.029994,0.998304,224.695297,192.275345,-202.714722
197,1.970000,-0.063581,0.031929,-0.009564,0.997420,201.802826,212.771606,-203.565933,-0.067282,0.017055,-0.002270,0.997586,242.536789,206.731720,-198.831131,-0.018130,0.494374,0.009182,0.869012,129.711655,326.713959,-126.979515,0.004099,-0.021059,-0.001210,0.999769,226.106888,162.321655,-180.244339,-0.042582,0.029811,-0.031114,0.998163,224.723480,192.227203,-202.725266
198,1.980000,-0.063623,0.031512,-0.008472,0.997440,201.857727,212.730759,-203.626984,-0.067949,0.016410,-0.002444,0.997551,242.566528,206.686584,-198.879608,-0.018068,0.494274,0.009194,0.869070,129.822205,326.743439,-127.144379,0.004066,-0.021100,-0.001253,0.999768,226.128387,162.315826,-180.264130,-0.044470,0.029773,-0.033377,0.998009,224.771530,192.176071,-202.732758
199,1.990000,-0.065088,0.029545,-0.009572,0.997396,201.902771,212.674438,-203.695450,-0.070697,0.010731,-0.004621,0.997429,242.611969,206.659256,-198.971771,-0.018075,0.494166,0.009150,0.869132,129.935272,326.777191,-127.320793,0.003761,-0.020844,-0.001441,0.999775,226.157440,162.310623,-180.284286,-0.046591,0.029923,-0.033548,0.997902,224.815369,192.115067,-202.728073
200,2.000000,-0.067545,0.025095,-0.011217,0.997338,201.954529,212.614868,-203.769638,-0.072980,0.004608,-0.006433,0.997302,242.668869,206.632828,-199.014008,-0.018023,0.494115,0.009166,0.869162,130.039673,326.804932,-127.503128,0.003661,-0.020806,-0.001465,0.999776,226.183929,162.309601,-180.297348,-0.048077,0.029356,-0.035223,0.997791,224.865677,192.055954,-202.723755
201,2.010000,-0.072604,0.011450,-0.014012,0.997197,202.023865,212.534821,-203.931259,-0.073800,0.003678,-0.006784,0.997243,242.712189,206.598297,-199.045135,-0.018047,0.494028,0.009047,0.869212,130.146881,326.821747,-127.674995,0.003590,-0.020868,-0.001520,0.999775,226.211395,162.306534,-180.310501,-0.050073,0.028809,-0.036055,0.997679,224.909744,192.013702,-202.728455
202,2.020000,-0.074240,0.015036,-0.014687,0.997019,202.062622,212.494080,-203.876999,-0.075160,0.003029,-0.005899,0.997149,242.770020,206.561188,-199.067764,-0.017919,0.494190,0.009234,0.869120,130.252762,326.835297,-127.852921,0.003582,-0.020734,-0.001621,0.999777,226.240326,162.297684,-180.338394,-0.052168,0.028467,-0.036051,0.997581,224.959763,191.966049,-202.728851
203,2.030000,-0.075051,0.007408,-0.014320,0.997049,202.134460,212.444809,-204.057938,-0.075772,0.002908,-0.006207,0.997102,242.807999,206.527725,-199.113541,-0.017778,0.494286,0.009287,0.869068,130.374069,326.858337,-128.044266,0.003550,-0.020707,-0.001670,0.999778,226.257797,162.292160,-180.367935,-0.048735,0.031458,-0.034845,0.997708,225.022049,191.906509,-202.793121
204,2.040000,-0.078744,-0.000244,-0.016753,0.996754,202.173752,212.402161,-204.138123,-0.075307,0.003645,-0.006825,0.997130,242.820694,206.503693,-199.173279,-0.017548,0.494301,0.009418,0.869062,130.479828,326.876556,-128.230392,0.003462,-0.020680,-0.001740,0.999779,226.274811,162.284775,-180.403839,-0.046231,0.038422,-0.038552,0.997447,225.054108,191.852295,-202.864365
205,2.050000,-0.078700,0.000574,-0.017271,0.996749,202.205093,212.339203,-204.224014,-0.076567,0.003833,-0.005909,0.997040,242.851807,206.453339,-199.229340,-0.017583,0.494282,0.009261,0.869075,130.616821,326.907440,-128.417648,0.003382,-0.020620,-0.001819,0.999780,226.289200,162.276810,-180.442383,-0.045957,0.042019,-0.040615,0.997233,225.077438,191.804230,-202.893646
206,2.060000,-0.074655,0.011483,-0.014094,0.997044,202.222961,212.295441,-204.235504,-0.074443,0.010024,-0.003433,0.997169,242.860458,206.398697,-199.228500,-0.017484,0.494383,0.009355,0.869018,130.752777,326.950836,-128.609955,0.003327,-0.020720,-0.002035,0.999778,226.310593,162.264053,-180.476135,-0.047929,0.042944,-0.041230,0.997075,225.092712,191.744156,-202.932602
207,2.070000,-0.069691,0.025470,-0.010143,0.997192,202.267181,212.248138,-204.277847,-0.072887,0.015917,-0.001578,0.997212,242.884003,206.349670,-199.255417,-0.017470,0.494381,0.009295,0.869020,130.881485,326.997101,-128.793991,0.003229,-0.020711,-0.002121,0.999778,226.324265,162.257324,-180.499786,-0.049796,0.044353,-0.041069,0.996929,225.118759,191.679596,-202.956802
208,2.080000,-0.069347,0.026399,-0.008972,0.997203,202.312027,212.193146,-204.339386,-0.073265,0.016298,-0.001517,0.997178,242.905167,206.317368,-199.288635,-0.017107,0.494673,0.009782,0.868856,130.986084,327.039886,-128.978210,0.003112,-0.020729,-0.002198,0.999778,226.339020,162.251434,-180.520279,-0.049550,0.042729,-0.042270,0.996962,225.161026,191.622070,-202.956863
209,2.090000,-0.069906,0.024923,-0.009401,0.997198,202.344452,212.141357,-204.386826,-0.073775,0.016568,-0.001470,0.997136,242.927353,206.278717,-199.320221,-0.016934,0.494611,0.010018,0.868892,131.095413,327.080902,-129.164093,0.002971,-0.020724,-0.002271,0.999778,226.356735,162.244705,-180.539246,-0.050318,0.044407,-0.040781,0.996912,225.228790,191.531525,-202.998535
210,2.100000,-0.070808,0.025179,-0.010611,0.997116,202.378830,212.077774,-204.435669,-0.074236,0.016262,-0.001930,0.997106,242.965485,206.238235,-199.352188,-0.017040,0.494417,0.009791,0.869003,131.235565,327.114960,-129.366394,0.002907,-0.020744,-0.002158,0.999778,226.400436,162.236023,-180.555603,-0.049784,0.043647,-0.041940,0.996924,225.274979,191.483994,-203.001404
211,2.110000,-0.072032,0.025956,-0.011222,0.997001,202.433243,212.023407,-204.489258,-0.076530,0.010167,-0.004399,0.997006,243.036774,206.207626,-199.451050,-0.017017,0.494384,0.009800,0.869022,131.345886,327.145752,-129.563766,0.002770,-0.020754,-0.002367,0.999778,226.432037,162.225891,-180.570801,-0.050755,0.043342,-0.043120,0.996838,225.324432,191.425217,-203.035141
212,2.120000,-0.073284,0.025859,-0.011800,0.996906,202.485825,211.962509,-204.563461,-0.076399,0.011894,-0.002916,0.997002,243.083191,206.150162,-199.433319,-0.016879,0.494381,0.010011,0.869024,131.462250,327.172668,-129.756760,0.002843,-0.020973,-0.002670,0.999772,226.451736,162.211716,-180.586853,-0.051699,0.044015,-0.044226,0.996712,225.368561,191.375702,-203.060974
213,2.130000,-0.075220,0.026363,-0.011806,0.996749,202.539627,211.907272,-204.631836,-0.078408,0.006293,-0.004714,0.996890,243.139053,206.118164,-199.571198,-0.016706,0.494374,0.009995,0.869031,131.592651,327.212219,-129.972717,0.002826,-0.021132,-0.002707,0.999769,226.476532,162.204285,-180.610809,-0.052794,0.043879,-0.044725,0.996638,225.407410,191.327866,-203.085098
214,2.140000,-0.074615,0.026781,-0.010087,0.996802,202.601807,211.864731,-204.705322,-0.081199,0.000217,-0.006927,0.996674,243.174469,206.075714,-199.624191,-0.016506,0.494318,0.009954,0.869067,131.720444,327.242310,-130.172119,0.002650,-0.020960,-0.002865,0.999773,226.505234,162.197922,-180.642319,-0.055817,0.044826,-0.045011,0.996418,225.432846,191.259537,-203.124756
215,2.150000,-0.078061,0.013953,-0.012851,0.996768,202.661575,211.787643,-204.873245,-0.081869,0.000162,-0.007087,0.996618,243.191956,206.045975,-199.650986,-0.016239,0.494350,0.010195,0.869052,131.842575,327.264618,-130.363541,0.002807,-0.020911,-0.002795,0.999774,226.515793,162.191055,-180.670059,-0.056851,0.044440,-0.045737,0.996344,225.470764,191.216827,-203.142502
216,2.160000,-0.083823,0.001323,-0.016790,0.996338,202.685043,211.721924,-204.935669,-0.082327,0.000266,-0.007036,0.996581,243.205872,206.013824,-199.674286,-0.016397,0.494248,0.009873,0.869110,131.967819,327.297668,-130.576767,0.002797,-0.020938,-0.002852,0.999773,226.517380,162.187790,-180.679855,-0.056929,0.042917,-0.046325,0.996379,225.495911,191.146149,-203.140930
217,2.170000,-0.084620,0.000100,-0.016865,0.996271,202.713470,211.667984,-204.992218,-0.082992,0.000449,-0.006941,0.996526,243.216965,205.973831,-199.703613,-0.016297,0.494364,0.009962,0.869045,132.097778,327.322754,-130.779373,0.002659,-0.020863,-0.002802,0.999775,226.518311,162.187775,-180.691513,-0.058807,0.040323,-0.044812,0.996448,225.518250,191.066956,-203.148560
218,2.180000,-0.082849,0.008948,-0.015934,0.996395,202.731232,211.623322,-204.978821,-0.084324,0.000245,-0.006774,0.996415,243.236755,205.932297,-199.729782,-0.016221,0.494669,0.010211,0.868870,132.218475,327.342316,-130.985901,0.002573,-0.020905,-0.002851,0.999774,226.524368,162.184555,-180.703156,-0.060789,0.038736,-0.045168,0.996376,225.557251,191.018646,-203.170151
219,2.190000,-0.079840,0.019257,-0.013860,0.996525,202.772858,211.574951,-205.025284,-0.085242,0.000487,-0.007099,0.996335,243.261871,205.887787,-199.775269,-0.016197,0.494624,0.010313,0.868895,132.328049,327.353302,-131.196304,0.002506,-0.020922,-0.002879,0.999774,226.531036,162.181458,-180.724640,-0.063475,0.039403,-0.046436,0.996124,225.592209,190.964325,-203.203049
220,2.200000,-0.079074,0.021364,-0.013799,0.996544,202.800308,211.507767,-205.098022,-0.086052,0.000144,-0.007200,0.996265,243.284866,205.847672,-199.826019,-0.016318,0.494374,0.010055,0.869038,132.478745,327.369965,-131.444382,0.002352,-0.020891,-0.002935,0.999775,226.545013,162.174805,-180.754562,-0.065439,0.039546,-0.047224,0.995954,225.616806,190.913239,-203.224457
221,2.210000,-0.079611,0.021557,-0.014086,0.996493,202.832672,211.451553,-205.172607,-0.084959,0.004718,-0.004722,0.996362,243.308945,205.795547,-199.817474,-0.016494,0.494200,0.009931,0.869135,132.611099,327.388672,-131.645264,0.002951,-0.020827,-0.002893,0.999775,226.558365,162.168213,-180.801224,-0.067288,0.038767,-0.046895,0.995877,225.638184,190.860092,-203.243195
222,2.220000,-0.079982,0.022411,-0.014090,0.996445,202.864685,211.393036,-205.254440,-0.083163,0.009453,-0.002919,0.996487,243.339310,205.733780,-199.855331,-0.016171,0.494548,0.010439,0.868937,132.739975,327.416046,-131.862259,0.002833,-0.020797,-0.002899,0.999775,226.571289,162.160461,-180.834320,-0.069261,0.037789,-0.047870,0.995733,225.664703,190.796707,-203.260681
223,2.230000,-0.080306,0.021148,-0.013520,0.996454,202.883499,211.325195,-205.329895,-0.083513,0.010384,-0.002513,0.996449,243.355179,205.687149,-199.900848,-0.016116,0.494633,0.010470,0.868889,132.870422,327.443787,-132.058716,0.002652,-0.020736,-0.002837,0.999777,226.577820,162.150681,-180.862167,-0.069406,0.035918,-0.048907,0.995741,225.691376,190.738403,-203.256897
224,2.240000,-0.081533,0.022203,-0.013408,0.996333,202.911499,211.263428,-205.399338,-0.083865,0.010627,-0.001990,0.996419,243.379990,205.646530,-199.953247,-0.015838,0.494643,0.010681,0.868886,132.993118,327.477631,-132.241821,0.002405,-0.020528,-0.002951,0.999782,226.592148,162.139267,-180.895248,-0.073094,0.034649,-0.049050,0.995515,225.713333,190.664963,-203.290176
225,2.250000,-0.080561,0.024145,-0.012437,0.996380,202.951767,211.193710,-205.472412,-0.084582,0.010923,-0.002027,0.996355,243.400436,205.602066,-199.995728,-0.015717,0.494289,0.010477,0.869093,133.098801,327.514832,-132.423218,0.002174,-0.020836,-0.003019,0.999776,226.605225,162.132156,-180.922882,-0.075033,0.033516,-0.048836,0.995420,225.731827,190.617294,-203.308395
226,2.260000,-0.082198,0.024661,-0.012695,0.996230,202.982666,211.133331,-205.516937,-0.085105,0.010891,-0.002306,0.996310,243.431198,205.556976,-200.031586,-0.015786,0.494242,0.010261,0.869121,133.211624,327.543976,-132.597824,0.002035,-0.020968,-0.003076,0.999773,226.620346,162.126297,-180.936188,-0.076572,0.031486,-0.048301,0.995396,225.755447,190.568176,-203.322342
227,2.270000,-0.086088,0.011732,-0.014174,0.996118,203.046936,211.061417,-205.676819,-0.085861,0.010602,-0.002564,0.996247,243.458511,205.510315,-200.070084,-0.015555,0.494373,0.010637,0.869045,133.326096,327.559479,-132.782120,0.001941,-0.020937,-0.003129,0.999774,226.636032,162.120331,-180.948639,-0.079383,0.030855,-0.048628,0.995179,225.798630,190.507660,-203.342590
228,2.280000,-0.091893,-0.001795,-0.017881,0.995607,203.085754,211.008728,-205.743820,-0.088611,0.004686,-0.003798,0.996048,243.511505,205.470001,-200.161392,-0.015419,0.494358,0.010719,0.869056,133.431366,327.587952,-132.965927,0.001485,-0.020399,-0.003124,0.999786,226.649536,162.116501,-180.970886,-0.081625,0.030208,-0.047940,0.995051,225.818100,190.437469,-203.355621
229,2.290000,-0.095198,-0.005988,-0.019351,0.995252,203.142899,210.945480,-205.832367,-0.092215,-0.002192,-0.006546,0.995715,243.549026,205.409683,-200.202667,-0.015208,0.494449,0.010980,0.869004,133.541962,327.623291,-133.163864,0.001324,-0.020448,-0.003178,0.999785,226.665817,162.111847,-180.989197,-0.084903,0.030165,-0.048371,0.994757,225.845596,190.372360,-203.386612
230,2.300000,-0.094141,0.005758,-0.018290,0.995374,203.158661,210.890167,-205.795303,-0.092813,-0.003355,-0.006903,0.995654,243.571686,205.357773,-200.254028,-0.015193,0.494403,0.010926,0.869031,133.655136,327.671600,-133.356979,0.001423,-0.020500,-0.003041,0.999784,226.688721,162.106567,-181.011780,-0.085267,0.028373,-0.049962,0.994700,225.891678,190.318069,-203.385178
231,2.310000,-0.090772,0.018630,-0.014857,0.995587,203.174225,210.832657,-205.836304,-0.093079,-0.002556,-0.006724,0.995633,243.587708,205.317062,-200.300537,-0.014990,0.494357,0.010979,0.869060,133.781738,327.723541,-133.554977,0.001300,-0.020263,-0.003072,0.999789,226.697021,162.101532,-181.037201,-0.086900,0.025338,-0.049407,0.994668,225.926147,190.262161,-203.395477
232,2.320000,-0.090096,0.020936,-0.014610,0.995606,203.187332,210.772110,-205.906219,-0.095307,-0.002930,-0.007459,0.995416,243.596802,205.281204,-200.345016,-0.014868,0.494406,0.010949,0.869035,133.900711,327.770172,-133.746063,0.001129,-0.020232,-0.003119,0.999790,226.702881,162.096191,-181.072189,-0.106343,0.018433,-0.051994,0.992798,225.885452,190.254105,-203.268555
233,2.330000,-0.089964,0.020831,-0.014561,0.995621,203.206894,210.716965,-205.979492,-0.096313,-0.003818,-0.008282,0.995309,243.618851,205.235123,-200.409180,-0.014800,0.494581,0.010935,0.868937,134.034897,327.811768,-133.947021,0.000787,-0.020056,-0.003279,0.999793,226.704926,162.085022,-181.110336,-0.113065,0.007484,-0.047811,0.992408,225.898666,190.193466,-203.300690
234,2.340000,-0.089490,0.020896,-0.014461,0.995663,203.232422,210.647949,-206.056824,-0.095201,0.000530,-0.006921,0.995434,243.624924,205.178391,-200.408371,-0.014476,0.494871,0.011388,0.868771,134.174606,327.844818,-134.148376,0.000691,-0.020207,-0.003287,0.999790,226.727081,162.079453,-181.137680,-0.114418,0.008639,-0.048461,0.992212,225.926117,190.126648,-203.348267
235,2.350000,-0.090009,0.020034,-0.014421,0.995635,203.266083,210.555023,-206.127487,-0.094614,0.005395,-0.003902,0.995492,243.661621,205.107819,-200.429886,-0.014370,0.494739,0.011411,0.868848,134.298523,327.881531,-134.349319,0.000563,-0.020263,-0.003315,0.999789,226.742859,162.073883,-181.156616,-0.114023,0.010686,-0.049291,0.992197,225.955124,190.070755,-203.372192
236,2.360000,-0.090123,0.018441,-0.014471,0.995655,203.308548,210.492477,-206.192444,-0.095378,0.006002,-0.003755,0.995416,243.685669,205.047012,-200.458115,-0.014113,0.494989,0.011789,0.868704,134.423889,327.920654,-134.543396,0.000416,-0.020473,-0.003421,0.999785,226.775238,162.062729,-181.168747,-0.113682,0.011252,-0.048816,0.992253,225.989258,190.008957,-203.391815
237,2.370000,-0.089475,0.017723,-0.013560,0.995739,203.369385,210.444077,-206.248672,-0.094712,0.006336,-0.003840,0.995477,243.720367,204.999680,-200.488693,-0.013889,0.495121,0.012023,0.868630,134.529251,327.953522,-134.718765,0.000539,-0.020610,-0.003297,0.999782,226.805206,162.061935,-181.171570,-0.112451,0.010995,-0.049040,0.992386,226.028473,189.932968,-203.401871
238,2.380000,-0.090266,0.017731,-0.013954,0.995662,203.393341,210.392166,-206.291992,-0.095914,0.006391,-0.003335,0.995364,243.744858,204.953369,-200.495636,-0.014014,0.494819,0.011540,0.868807,134.652298,328.002533,-134.905792,0.000491,-0.020605,-0.003326,0.999782,226.808807,162.058685,-181.177139,-0.113553,0.010399,-0.048383,0.992299,226.052887,189.858429,-203.411652
239,2.390000,-0.094698,0.006609,-0.015615,0.995362,203.430511,210.332748,-206.460800,-0.096716,0.006211,-0.003159,0.995288,243.740799,204.921051,-200.527634,-0.013736,0.495067,0.011912,0.868665,134.760712,328.035126,-135.079865,0.000409,-0.020664,-0.003374,0.999781,226.793045,162.050140,-181.190781,-0.116782,0.009775,-0.048817,0.991909,226.064346,189.804626,-203.451309
240,2.400000,-0.096446,0.010173,-0.016126,0.995156,203.395233,210.277130,-206.436584,-0.096970,0.006366,-0.003735,0.995260,243.726044,204.882675,-200.565353,-0.013567,0.495026,0.011948,0.868690,134.843613,328.066986,-135.242264,0.000196,-0.020767,-0.003376,0.999779,226.761581,162.044067,-181.211319,-0.117771,0.008562,-0.048800,0.991804,226.057632,189.756134,-203.475021
241,2.410000,-0.095770,0.016417,-0.015504,0.995147,203.375626,210.203796,-206.508286,-0.097486,0.007023,-0.003977,0.995204,243.720657,204.836609,-200.613052,-0.013492,0.494641,0.011658,0.868915,134.953934,328.094604,-135.435303,0.000143,-0.020744,-0.003449,0.999779,226.729263,162.026215,-181.242294,-0.118437,0.006955,-0.048293,0.991762,226.050369,189.703629,-203.507751
242,2.420000,-0.096394,0.016780,-0.014897,0.995090,203.391052,210.145737,-206.581299,-0.100432,0.000909,-0.005863,0.994926,243.727463,204.787491,-200.748199,-0.013498,0.494697,0.011692,0.868882,135.061295,328.109894,-135.614639,0.000011,-0.020656,-0.003459,0.999781,226.725616,162.013016,-181.274475,-0.119645,0.007806,-0.048342,0.991608,226.039200,189.636490,-203.554703
243,2.430000,-0.096506,0.017984,-0.015075,0.995056,203.406342,210.085205,-206.667542,-0.103474,-0.006628,-0.008124,0.994577,243.755859,204.729645,-200.851395,-0.013673,0.494521,0.011409,0.868983,135.176727,328.119110,-135.809387,-0.000007,-0.020616,-0.003507,0.999781,226.728699,162.000763,-181.317017,-0.119761,0.009307,-0.049059,0.991546,226.041016,189.575211,-203.604065
244,2.440000,-0.096893,0.017851,-0.015105,0.995020,203.416595,210.031418,-206.752365,-0.103620,-0.006475,-0.007214,0.994570,243.777283,204.669739,-200.931946,-0.013238,0.494828,0.011999,0.868807,135.280304,328.127350,-136.018433,-0.000028,-0.020607,-0.003540,0.999781,226.729553,161.989059,-181.365753,-0.119257,0.010910,-0.051658,0.991459,226.059402,189.506302,-203.649658
245,2.450000,-0.097941,0.017698,-0.015651,0.994912,203.428848,209.954926,-206.844879,-0.104175,-0.006091,-0.007272,0.994514,243.777466,204.616226,-201.010040,-0.013300,0.494580,0.011744,0.868951,135.389725,328.132416,-136.240585,-0.000107,-0.020390,-0.003828,0.999785,226.745071,161.970840,-181.423233,-0.119060,0.012528,-0.052778,0.991404,226.073212,189.457230,-203.697937
246,2.460000,-0.098613,0.017434,-0.015464,0.994853,203.445862,209.891129,-206.944229,-0.103162,-0.001054,-0.005603,0.994648,243.780777,204.569641,-201.028152,-0.013178,0.494773,0.012132,0.868838,135.511017,328.137756,-136.463455,-0.000254,-0.020349,-0.003853,0.999785,226.749191,161.958252,-181.477295,-0.119392,0.012347,-0.052047,0.991405,226.082321,189.386841,-203.734390
247,2.470000,-0.100397,0.017957,-0.015578,0.994664,203.458206,209.828018,-207.038925,-0.102026,0.004878,-0.003381,0.994764,243.775070,204.509857,-201.064316,-0.013439,0.494752,0.011874,0.868849,135.648132,328.145325,-136.695831,-0.000265,-0.020226,-0.003830,0.999788,226.742615,161.950653,-181.520065,-0.121123,0.012721,-0.051938,0.991196,226.080902,189.319565,-203.788010
248,2.480000,-0.101032,0.016806,-0.015792,0.994616,203.465942,209.763733,-207.106796,-0.103657,0.004691,-0.003708,0.994595,243.769730,204.440887,-201.105637,-0.013374,0.494894,0.011949,0.868768,135.785583,328.156250,-136.968765,0.000353,-0.020062,-0.003702,0.999792,226.731003,161.947159,-181.562286,-0.120206,0.013125,-0.051849,0.991307,226.090561,189.252014,-203.836029
249,2.490000,-0.101356,0.015418,-0.016169,0.994599,203.457520,209.694595,-207.174301,-0.103317,0.004783,-0.004108,0.994628,243.735443,204.401260,-201.143585,-0.013468,0.494892,0.011729,0.868771,135.909225,328.149078,-137.200623,0.000453,-0.019931,-0.003716,0.999794,226.692566,161.945419,-181.577286,-0.121771,0.012739,-0.052378,0.991093,226.088730,189.191330,-203.873383
250,2.500000,-0.101788,0.015172,-0.015936,0.994563,203.469116,209.628723,-207.212921,-0.104925,0.003485,-0.003871,0.994467,243.754715,204.357544,-201.125641,-0.013671,0.494874,0.011605,0.868780,136.029831,328.111023,-137.448853,-0.000369,-0.019921,-0.003794,0.999794,226.662659,161.945450,-181.550629,-0.123996,0.008984,-0.050260,0.990968,226.081665,189.104065,-203.867905
251,2.510000,-0.101828,0.015612,-0.015854,0.994553,203.491806,209.571152,-207.271927,-0.105298,0.002317,-0.004843,0.994426,243.763702,204.311691,-201.182236,-0.013582,0.494949,0.011729,0.868737,136.173828,328.101471,-137.675125,0.000091,-0.019512,-0.003649,0.999803,226.670486,161.944717,-181.585983,-0.123985,0.003355,-0.048787,0.991078,226.106323,189.038757,-203.866348
252,2.520000,-0.102266,0.015788,-0.016002,0.994503,203.528091,209.515182,-207.328461,-0.105830,0.002083,-0.003682,0.994375,243.818344,204.252121,-201.220093,-0.013418,0.495228,0.012091,0.868576,136.322266,328.130920,-137.896530,-0.000020,-0.019456,-0.003688,0.999804,226.695389,161.938599,-181.612671,-0.125416,0.000969,-0.048373,0.990924,226.167725,188.987747,-203.887634
253,2.530000,-0.103016,0.015339,-0.016384,0.994426,203.601440,209.455093,-207.401520,-0.106354,0.002606,-0.003785,0.994318,243.875824,204.207077,-201.262970,-0.013269,0.495335,0.012300,0.868513,136.483887,328.171265,-138.090744,-0.000358,-0.019360,-0.003761,0.999806,226.752029,161.935226,-181.636200,-0.127377,0.001947,-0.048435,0.990669,226.211121,188.926346,-203.921158
254,2.540000,-0.103763,0.014127,-0.016471,0.994365,203.691757,209.394974,-207.471497,-0.109109,-0.002426,-0.005124,0.994014,243.960236,204.160904,-201.342667,-0.013598,0.494609,0.011467,0.868933,136.637344,328.214264,-138.304443,-0.000458,-0.019413,-0.003942,0.999804,226.802612,161.929749,-181.651520,-0.130026,0.004414,-0.049869,0.990246,226.284454,188.865417,-203.960144
255,2.550000,-0.106005,0.012833,-0.017404,0.994130,203.789459,209.332687,-207.519012,-0.111661,-0.007945,-0.007875,0.993683,244.053024,204.109879,-201.382187,-0.013117,0.495023,0.012019,0.868698,136.785812,328.254150,-138.528458,-0.000728,-0.019045,-0.004078,0.999810,226.858383,161.920135,-181.679718,-0.129662,0.004211,-0.050956,0.990239,226.370300,188.811798,-203.964020
256,2.560000,-0.107286,0.013955,-0.017113,0.993983,203.868195,209.297272,-207.601761,-0.112852,-0.009889,-0.008881,0.993523,244.116287,204.058807,-201.435272,-0.013008,0.495199,0.012227,0.868596,136.914383,328.285370,-138.748734,-0.001052,-0.018954,-0.004338,0.999810,226.897400,161.910706,-181.720520,-0.130227,0.002812,-0.050423,0.990197,226.436844,188.753082,-203.989731
257,2.570000,-0.107707,0.015592,-0.017116,0.993913,203.908203,209.230698,-207.687576,-0.113532,-0.010532,-0.008254,0.993444,244.159760,203.993866,-201.505859,-0.013001,0.495289,0.012096,0.868547,137.057510,328.323822,-138.975174,-0.001391,-0.019237,-0.004416,0.999804,226.915283,161.900665,-181.775162,-0.129923,0.002818,-0.049663,0.990276,226.470398,188.695358,-204.035477
258,2.580000,-0.107385,0.014446,-0.017407,0.993960,203.926804,209.158066,-207.783951,-0.113698,-0.010505,-0.007603,0.993431,244.179642,203.950882,-201.583466,-0.012846,0.495383,0.012219,0.868494,137.192673,328.359741,-139.216095,-0.001666,-0.019383,-0.004445,0.999801,226.917221,161.888947,-181.833466,-0.131021,0.004096,-0.050959,0.990061,226.485886,188.634552,-204.106262
259,2.590000,-0.108179,0.013178,-0.018323,0.993875,203.917557,209.079971,-207.895844,-0.112182,-0.004396,-0.005837,0.993661,244.163925,203.879807,-201.612427,-0.012588,0.495503,0.012643,0.868423,137.318771,328.387909,-139.453842,-0.001899,-0.019380,-0.004426,0.999801,226.899307,161.876358,-181.894821,-0.126885,0.008712,-0.054200,0.990397,226.505035,188.542953,-204.202408
260,2.600000,-0.108410,0.011674,-0.017845,0.993878,203.898987,209.004990,-208.003113,-0.110153,0.002339,-0.004404,0.993902,244.118378,203.815994,-201.710922,-0.012704,0.495395,0.012277,0.868488,137.457352,328.425049,-139.684952,-0.002430,-0.019434,-0.004544,0.999798,226.864471,161.853226,-181.935440,-0.125939,0.011113,-0.055082,0.990445,226.474930,188.464066,-204.263535
261,2.610000,-0.109527,0.011727,-0.017816,0.993755,203.877518,208.927750,-208.097549,-0.111405,0.001847,-0.004556,0.993763,244.110428,203.739822,-201.789459,-0.012390,0.495490,0.012626,0.868433,137.580215,328.458557,-139.913635,-0.002572,-0.019306,-0.004520,0.999800,226.841812,161.840347,-181.968674,-0.127121,0.009008,-0.053602,0.990397,226.448639,188.387985,-204.304855
262,2.620000,-0.110370,0.013752,-0.017587,0.993640,203.882767,208.845276,-208.186127,-0.113237,0.001015,-0.005488,0.993552,244.103165,203.665131,-201.850677,-0.012371,0.495348,0.012605,0.868515,137.683655,328.481354,-140.120132,-0.002755,-0.019079,-0.004666,0.999803,226.842392,161.825638,-181.996796,-0.129567,0.007692,-0.052718,0.990138,226.445389,188.305328,-204.359695
263,2.630000,-0.112051,0.014190,-0.017540,0.993446,203.920593,208.767746,-208.263504,-0.114084,0.000885,-0.005035,0.993458,244.119934,203.596786,-201.907928,-0.012336,0.495234,0.012709,0.868579,137.810516,328.501434,-140.343048,-0.002737,-0.019076,-0.004737,0.999803,226.852783,161.816284,-182.017654,-0.132249,0.008218,-0.053202,0.989754,226.461044,188.228607,-204.412445
264,2.640000,-0.114350,0.013697,-0.018356,0.993177,203.951324,208.696762,-208.313522,-0.117564,-0.004548,-0.005984,0.993037,244.168976,203.529709,-202.003235,-0.012190,0.495114,0.012601,0.868651,137.932861,328.535431,-140.551559,-0.002744,-0.019178,-0.004828,0.999801,226.872849,161.808548,-182.037491,-0.133995,0.006565,-0.053624,0.989508,226.503693,188.174820,-204.442734
265,2.650000,-0.115468,0.013728,-0.018681,0.993041,203.986496,208.648941,-208.367584,-0.120179,-0.010212,-0.007701,0.992670,244.212921,203.490204,-202.061188,-0.012026,0.495212,0.012819,0.868594,138.051361,328.557709,-140.759872,-0.002724,-0.019168,-0.004852,0.999801,226.891342,161.802155,-182.066666,-0.133902,0.002259,-0.053469,0.989549,226.542023,188.117355,-204.448853
266,2.660000,-0.115439,0.013408,-0.018698,0.993048,204.052277,208.601089,-208.445190,-0.120323,-0.010667,-0.008826,0.992638,244.247879,203.423599,-202.122940,-0.011993,0.495193,0.012910,0.868604,138.166245,328.564636,-140.957855,-0.002717,-0.019162,-0.004900,0.999801,226.907608,161.795609,-182.100281,-0.136358,0.000068,-0.051677,0.989311,226.586014,188.031662,-204.477386
267,2.670000,-0.115345,0.013791,-0.018112,0.993065,204.071030,208.534775,-208.506516,-0.120996,-0.011249,-0.009222,0.992546,244.285858,203.373520,-202.173676,-0.012262,0.494909,0.012556,0.868768,138.291367,328.573853,-141.161484,-0.002568,-0.019155,-0.004960,0.999801,226.926285,161.787354,-182.137451,-0.137589,-0.000911,-0.051194,0.989165,226.617493,187.977646,-204.518539
268,2.680000,-0.116447,0.013329,-0.018619,0.992933,204.113586,208.470581,-208.591187,-0.121883,-0.011872,-0.009355,0.992429,244.312775,203.328049,-202.219864,-0.012067,0.495300,0.012952,0.868542,138.400665,328.590576,-141.386536,-0.002692,-0.018922,-0.004986,0.999805,226.939285,161.780991,-182.181702,-0.138429,-0.000149,-0.051800,0.989017,226.650543,187.918976,-204.577072
269,2.690000,-0.116359,0.013147,-0.018363,0.992950,204.149185,208.412766,-208.661102,-0.122092,-0.011652,-0.009555,0.992404,244.329742,203.277191,-202.259491,-0.012127,0.495506,0.013027,0.868422,138.501129,328.601898,-141.580811,-0.002830,-0.018753,-0.004937,0.999808,226.947281,161.774017,-182.220505,-0.138113,-0.000159,-0.051863,0.989058,226.675110,187.860229,-204.614319
270,2.700000,-0.115796,0.013401,-0.018138,0.993017,204.171204,208.360794,-208.719559,-0.122490,-0.011138,-0.008560,0.992370,244.355530,203.215714,-202.295227,-0.012566,0.495555,0.013455,0.868382,138.653122,328.594849,-141.764709,-0.003004,-0.018596,-0.005041,0.999810,226.953888,161.767044,-182.246185,-0.138086,-0.001341,-0.049863,0.989163,226.684723,187.780701,-204.651611
271,2.710000,-0.116353,0.012286,-0.018758,0.992955,204.179626,208.288284,-208.771927,-0.121150,-0.005524,-0.006757,0.992596,244.357834,203.164429,-202.259872,-0.012709,0.495492,0.013437,0.868415,138.777359,328.611572,-141.941666,-0.003066,-0.018546,-0.005063,0.999811,226.956192,161.765106,-182.257141,-0.138816,-0.004253,-0.048486,0.989121,226.706436,187.721130,-204.670273
272,2.720000,-0.117004,0.010976,-0.018685,0.992895,204.190979,208.223053,-208.810959,-0.119932,-0.000166,-0.005164,0.992769,244.357254,203.120560,-202.259735,-0.012552,0.495587,0.013415,0.868364,138.875900,328.639160,-142.127014,-0.003596,-0.017949,-0.005028,0.999820,226.948410,161.765900,-182.269989,-0.140345,-0.008636,-0.047432,0.988928,226.726273,187.637939,-204.666901
273,2.730000,-0.117915,0.010369,-0.019128,0.992785,204.200928,208.168823,-208.849396,-0.120921,0.000262,-0.005874,0.992645,244.358322,203.059784,-202.254120,-0.012569,0.495442,0.013365,0.868447,138.990463,328.650146,-142.333572,-0.003696,-0.017967,-0.005009,0.999819,226.933136,161.764465,-182.264984,-0.143273,-0.011731,-0.046735,0.988509,226.735184,187.574631,-204.689377
274,2.740000,-0.121367,0.009466,-0.019965,0.992362,204.210251,208.099213,-208.897171,-0.122098,-0.000884,-0.006034,0.992499,244.362396,203.007324,-202.265869,-0.012530,0.495601,0.013455,0.868356,139.110977,328.653381,-142.527985,-0.003709,-0.017995,-0.005003,0.999819,226.918808,161.761414,-182.257462,-0.144951,-0.015222,-0.045439,0.988278,226.741837,187.513062,-204.690918
275,2.750000,-0.122481,0.008131,-0.020066,0.992235,204.214584,208.041458,-208.946213,-0.122080,-0.001025,-0.005735,0.992503,244.348389,202.951004,-202.287598,-0.012467,0.495619,0.013682,0.868343,139.239059,328.648590,-142.724289,-0.003291,-0.018452,-0.005176,0.999811,226.895279,161.754425,-182.248856,-0.146451,-0.019440,-0.043641,0.988064,226.738312,187.460480,-204.697861
276,2.760000,-0.122713,0.008699,-0.019222,0.992218,204.207474,207.988281,-208.969193,-0.124576,-0.006643,-0.007294,0.992161,244.345093,202.910858,-202.357880,-0.012076,0.495517,0.013909,0.868403,139.333221,328.626923,-142.943893,-0.003263,-0.018626,-0.005191,0.999808,226.876755,161.749161,-182.245071,-0.148639,-0.023558,-0.041373,0.987745,226.709885,187.392441,-204.702682
277,2.770000,-0.123273,0.009772,-0.018773,0.992147,204.205566,207.907928,-209.005493,-0.127367,-0.012673,-0.009230,0.991732,244.362228,202.852325,-202.383987,-0.012658,0.495028,0.012954,0.868688,139.415009,328.580719,-143.124771,-0.003197,-0.018747,-0.005191,0.999806,226.869431,161.744202,-182.245255,-0.149242,-0.028163,-0.040512,0.987569,226.727203,187.327682,-204.683029
278,2.780000,-0.123369,0.010865,-0.018900,0.992121,204.231674,207.849686,-209.064026,-0.128273,-0.013222,-0.009413,0.991606,244.379608,202.798508,-202.420197,-0.012611,0.494964,0.013065,0.868724,139.517593,328.566589,-143.333252,-0.003271,-0.018855,-0.005097,0.999804,226.873032,161.734543,-182.266220,-0.151571,-0.028873,-0.040001,0.987215,226.746155,187.259079,-204.706573
279,2.790000,-0.123429,0.011906,-0.018430,0.992111,204.262314,207.799774,-209.117630,-0.128958,-0.013343,-0.009561,0.991514,244.389557,202.753616,-202.455460,-0.012471,0.494996,0.013403,0.868702,139.630310,328.583313,-143.543930,-0.003565,-0.018542,-0.005051,0.999809,226.882233,161.731400,-182.303711,-0.153555,-0.027516,-0.041118,0.986901,226.767899,187.206390,-204.737793
280,2.800000,-0.123475,0.011409,-0.018286,0.992114,204.286850,207.736145,-209.148422,-0.130125,-0.014300,-0.010343,0.991341,244.411957,202.698151,-202.457367,-0.012508,0.495117,0.013523,0.868631,139.733139,328.606171,-143.726196,-0.003467,-0.018603,-0.005006,0.999808,226.892838,161.727829,-182.308517,-0.154475,-0.027631,-0.041421,0.986741,226.791733,187.150711,-204.742462
281,2.810000,-0.123685,0.011367,-0.018626,0.992082,204.334030,207.675217,-209.201904,-0.130824,-0.014790,-0.009924,0.991246,244.453308,202.637009,-202.465607,-0.012355,0.495185,0.013652,0.868592,139.836227,328.630737,-143.940308,-0.003526,-0.018709,-0.005074,0.999806,226.910339,161.727661,-182.316040,-0.154561,-0.028137,-0.040892,0.986736,226.833832,187.090851,-204.754501
282,2.820000,-0.125264,0.010138,-0.019615,0.991878,204.390503,207.602432,-209.268799,-0.129582,-0.009403,-0.008705,0.991486,244.493210,202.576218,-202.440338,-0.012644,0.494797,0.013119,0.868818,139.973480,328.661743,-144.192764,-0.003540,-0.018800,-0.005150,0.999804,226.928818,161.724792,-182.338028,-0.149157,-0.013377,-0.049367,0.987490,226.795547,187.172699,-204.709549
283,2.830000,-0.127169,0.008456,-0.019567,0.991652,204.446671,207.556671,-209.350296,-0.128847,-0.004644,-0.007325,0.991627,244.537003,202.531921,-202.485748,-0.012584,0.495328,0.013575,0.868509,140.088608,328.680023,-144.377747,-0.003719,-0.018751,-0.004969,0.999805,226.954453,161.719833,-182.374969,-0.140301,0.013664,-0.063976,0.987945,226.813950,187.150681,-204.750229
284,2.840000,-0.128242,0.008260,-0.020126,0.991504,204.487793,207.504684,-209.418915,-0.128637,-0.004508,-0.006960,0.991657,244.576248,202.483215,-202.558685,-0.012551,0.495532,0.013706,0.868391,140.209183,328.698883,-144.580429,-0.003911,-0.018829,-0.005069,0.999802,226.975235,161.714798,-182.418350,-0.141508,0.020029,-0.065054,0.987594,226.909271,186.949738,-204.727158
285,2.850000,-0.128361,0.006850,-0.019835,0.991506,204.531647,207.450256,-209.502350,-0.129256,-0.004652,-0.007135,0.991575,244.604813,202.432861,-202.616608,-0.012425,0.495337,0.013941,0.868500,140.360260,328.727997,-144.822205,-0.004110,-0.018507,-0.005140,0.999807,226.998215,161.706833,-182.470261,-0.143509,0.016537,-0.070182,0.987019,226.981705,186.798264,-204.722107
286,2.860000,-0.129205,0.005643,-0.020528,0.991389,204.577271,207.393448,-209.579178,-0.129856,-0.004111,-0.007173,0.991498,244.637375,202.374924,-202.660507,-0.012365,0.495617,0.014221,0.868337,140.491486,328.757050,-145.031662,-0.003088,-0.017837,-0.005527,0.999821,226.957077,161.747940,-182.509933,-0.143078,0.016322,-0.065475,0.987408,226.984085,186.804825,-204.776672
287,2.870000,-0.128786,0.005312,-0.019759,0.991461,204.624420,207.318939,-209.634384,-0.130380,-0.003730,-0.006283,0.991437,244.694489,202.301437,-202.693039,-0.012382,0.495508,0.014056,0.868401,140.611420,328.782867,-145.251678,-0.002822,-0.017484,-0.005604,0.999828,226.963226,161.747849,-182.529755,-0.143980,0.012773,-0.061539,0.987583,227.019943,186.761566,-204.809158
288,2.880000,-0.128713,0.005684,-0.020046,0.991463,204.680618,207.261856,-209.685364,-0.133577,-0.009739,-0.008469,0.990954,244.758286,202.235077,-202.770706,-0.012226,0.495692,0.014278,0.868295,140.727112,328.799835,-145.447372,-0.002848,-0.017596,-0.005620,0.999825,226.995728,161.742035,-182.544678,-0.145710,0.009414,-0.060240,0.987447,227.067154,186.704834,-204.831635
289,2.890000,-0.129040,0.006053,-0.020885,0.991401,204.748306,207.217972,-209.735870,-0.136269,-0.016009,-0.010903,0.990483,244.811539,202.187607,-202.802063,-0.012316,0.495650,0.014108,0.868320,140.849213,328.816406,-145.637497,-0.003848,-0.017646,-0.005920,0.999819,227.036011,161.744919,-182.548309,-0.149476,0.008509,-0.059525,0.986935,227.122375,186.615341,-204.864365
290,2.900000,-0.129576,0.006906,-0.020793,0.991327,204.817688,207.167725,-209.780853,-0.136708,-0.016766,-0.011714,0.990400,244.873596,202.138397,-202.807846,-0.012114,0.495570,0.014362,0.868365,140.962997,328.830322,-145.826645,-0.003864,-0.017814,-0.006167,0.999815,227.076065,161.736130,-182.550568,-0.150321,0.007107,-0.058565,0.986875,227.183014,186.558746,-204.889801
291,2.910000,-0.129497,0.007644,-0.019586,0.991357,204.899124,207.115372,-209.850113,-0.136456,-0.017110,-0.012219,0.990423,244.929443,202.090393,-202.836731,-0.012019,0.495553,0.014284,0.868377,141.065109,328.848663,-146.018036,-0.003861,-0.017956,-0.006240,0.999812,227.115372,161.726944,-182.565262,-0.148138,0.010061,-0.063689,0.986863,227.201385,186.632889,-204.950470
292,2.920000,-0.130791,0.007782,-0.018781,0.991202,204.948975,207.055664,-209.908142,-0.137092,-0.017506,-0.012291,0.990327,244.977936,202.046570,-202.867981,-0.012199,0.495469,0.013957,0.868428,141.188202,328.861267,-146.210861,-0.003957,-0.018045,-0.006223,0.999810,227.155960,161.708115,-182.587738,-0.144710,0.016351,-0.069693,0.986881,227.243362,186.604935,-204.963165
293,2.930000,-0.132642,0.006434,-0.019810,0.990945,204.979889,206.995071,-209.947571,-0.137543,-0.018361,-0.012677,0.990245,245.040573,201.996964,-202.906906,-0.012091,0.495596,0.014391,0.868350,141.267532,328.849884,-146.375381,-0.004273,-0.017800,-0.006368,0.999812,227.182861,161.694534,-182.610550,-0.144268,0.018673,-0.070129,0.986874,227.271332,186.543472,-204.968979
294,2.940000,-0.133678,0.005244,-0.020991,0.990789,205.002655,206.947266,-209.981125,-0.138417,-0.019031,-0.011983,0.990119,245.065933,201.936111,-202.923416,-0.012152,0.495633,0.014540,0.868325,141.343628,328.837738,-146.521942,-0.004304,-0.017785,-0.006382,0.999812,227.184219,161.690094,-182.618347,-0.143222,0.017864,-0.070216,0.987035,227.304169,186.492554,-204.966797
295,2.950000,-0.133979,0.005266,-0.020898,0.990750,204.999298,206.902512,-210.008682,-0.139276,-0.019152,-0.011985,0.989996,245.060562,201.877350,-202.922318,-0.012342,0.495328,0.014135,0.868503,141.424545,328.834900,-146.683060,-0.004086,-0.018004,-0.006254,0.999810,227.167892,161.692230,-182.616455,-0.143949,0.018486,-0.070382,0.986906,227.298416,186.439880,-204.976944
296,2.960000,-0.133907,0.005327,-0.020568,0.990766,204.999603,206.861572,-210.039856,-0.140275,-0.019260,-0.012397,0.989848,245.041443,201.834213,-202.932602,-0.012328,0.495356,0.014282,0.868485,141.496307,328.826660,-146.856613,-0.003493,-0.017948,-0.006222,0.999813,227.146271,161.685730,-182.634903,-0.145422,0.020538,-0.071895,0.986540,227.298874,186.388199,-204.993332
297,2.970000,-0.133537,0.004932,-0.020365,0.990822,204.993073,206.814697,-210.094177,-0.140914,-0.019118,-0.012416,0.989760,245.029419,201.785248,-202.953217,-0.012375,0.495316,0.014036,0.868511,141.574753,328.823059,-147.027176,-0.003452,-0.017954,-0.006202,0.999814,227.129471,161.683289,-182.648438,-0.149014,0.019764,-0.067921,0.986302,227.332886,186.238770,-204.956924
298,2.980000,-0.133502,0.005670,-0.018931,0.990851,204.984772,206.758453,-210.145950,-0.139421,-0.013123,-0.010691,0.990089,245.013535,201.742493,-202.911087,-0.012495,0.495600,0.014114,0.868346,141.654877,328.803986,-147.209274,-0.003569,-0.017917,-0.006113,0.999814,227.115967,161.678116,-182.663910,-0.151448,0.015070,-0.064617,0.986236,227.331116,186.186813,-204.959213
299,2.990000,-0.133634,0.006732,-0.018673,0.990832,204.982666,206.701874,-210.183487,-0.137950,-0.007293,-0.009046,0.990371,245.011032,201.702530,-202.907852,-0.012329,0.495852,0.014375,0.868200,141.735489,328.774719,-147.372269,-0.003658,-0.017934,-0.006080,0.999814,227.107162,161.676971,-182.671585,-0.151486,0.010690,-0.063824,0.986339,227.339172,186.137497,-204.941147
300,3.000000,-0.134317,0.006860,-0.019082,0.990731,205.002014,206.651886,-210.217438,-0.138262,-0.007000,-0.009124,0.990329,245.019821,201.661819,-202.910706,-0.012364,0.495836,0.014327,0.868210,141.829758,328.738403,-147.524857,-0.003655,-0.017960,-0.006070,0.999814,227.105881,161.674179,-182.673874,-0.152931,0.007059,-0.061616,0.986289,227.350220,186.075638,-204.937363
301,3.010000,-0.135098,0.006281,-0.019218,0.990626,205.036316,206.598175,-210.267410,-0.138177,-0.007662,-0.009602,0.990331,245.040009,201.614624,-202.935455,-0.012565,0.495541,0.013818,0.868384,141.936905,328.728516,-147.683624,-0.003647,-0.017969,-0.006099,0.999813,227.110565,161.669571,-182.684921,-0.154510,0.004293,-0.060274,0.986142,227.366028,186.036026,-204.950012
302,3.020000,-0.136227,0.005879,-0.019306,0.990472,205.052597,206.561722,-210.303650,-0.138852,-0.008053,-0.009649,0.990233,245.043274,201.572067,-202.960648,-0.012486,0.495548,0.013854,0.868381,142.047226,328.736847,-147.849136,-0.003666,-0.018020,-0.006114,0.999812,227.113464,161.664139,-182.699585,-0.152922,0.006167,-0.063890,0.986152,227.329269,186.087982,-205.019196
303,3.030000,-0.137055,0.004599,-0.019652,0.990358,205.059204,206.506287,-210.337921,-0.139400,-0.008657,-0.009425,0.990153,245.061020,201.533096,-202.992065,-0.012338,0.495722,0.014070,0.868280,142.139267,328.743042,-147.999451,-0.003827,-0.017867,-0.006242,0.999814,227.118286,161.655930,-182.716888,-0.152598,0.012844,-0.069704,0.985743,227.334824,186.051224,-205.056396
304,3.040000,-0.139024,0.001630,-0.020309,0.990079,205.076538,206.451126,-210.391403,-0.140444,-0.008870,-0.009857,0.990000,245.090179,201.468842,-203.006058,-0.012308,0.495671,0.013987,0.868311,142.234772,328.750854,-148.164841,-0.003817,-0.017873,-0.006270,0.999813,227.118866,161.650970,-182.734497,-0.151466,0.016202,-0.071719,0.985724,227.350845,185.998627,-205.079544
305,3.050000,-0.140146,0.000226,-0.021537,0.989897,205.089050,206.410553,-210.451813,-0.142902,-0.013989,-0.010720,0.989580,245.123566,201.416489,-203.104523,-0.012251,0.495755,0.014104,0.868261,142.330109,328.772461,-148.347031,-0.003830,-0.017680,-0.006195,0.999817,227.120636,161.640808,-182.760788,-0.151511,0.016401,-0.071620,0.985721,227.357529,185.949570,-205.108505
306,3.060000,-0.141009,0.000735,-0.021566,0.989773,205.106430,206.360596,-210.522339,-0.145319,-0.018987,-0.012422,0.989125,245.132889,201.361526,-203.173691,-0.012320,0.495641,0.014089,0.868326,142.413010,328.795807,-148.516541,-0.003997,-0.017634,-0.006423,0.999816,227.126434,161.636536,-182.804657,-0.152035,0.015103,-0.071205,0.985691,227.367691,185.904099,-205.149323
307,3.070000,-0.141576,0.001741,-0.022452,0.989671,205.119400,206.300369,-210.593689,-0.146012,-0.018942,-0.012340,0.989024,245.128540,201.305344,-203.232773,-0.012451,0.495556,0.014043,0.868374,142.500381,328.810150,-148.704575,-0.004147,-0.017475,-0.006396,0.999818,227.127350,161.625320,-182.848679,-0.151334,0.012243,-0.071421,0.985823,227.382538,185.840546,-205.173447
308,3.080000,-0.141628,0.001499,-0.022348,0.989667,205.140991,206.241455,-210.667206,-0.146829,-0.019061,-0.012674,0.988897,245.144791,201.252090,-203.290161,-0.012204,0.495781,0.014309,0.868244,142.597748,328.826630,-148.903366,-0.004305,-0.017422,-0.006406,0.999819,227.131134,161.614059,-182.894333,-0.153933,0.012780,-0.072089,0.985365,227.391541,185.770294,-205.246078
309,3.090000,-0.141843,0.000927,-0.022346,0.989636,205.159943,206.180679,-210.737335,-0.147598,-0.020634,-0.013179,0.988744,245.164398,201.181061,-203.358871,-0.012230,0.495937,0.014358,0.868154,142.706055,328.848969,-149.096069,-0.004530,-0.017487,-0.006413,0.999816,227.144119,161.600021,-182.940369,-0.155245,0.013353,-0.072055,0.985154,227.396820,185.699020,-205.281174
310,3.100000,-0.141611,0.001743,-0.021365,0.989690,205.167419,206.110809,-210.796432,-0.148292,-0.021534,-0.014310,0.988606,245.210648,201.119751,-203.419495,-0.012128,0.495908,0.014483,0.868170,142.818069,328.874329,-149.285248,-0.004449,-0.017478,-0.006319,0.999817,227.160461,161.588608,-182.982025,-0.156996,0.011079,-0.067484,0.985229,227.476440,185.535751,-205.265244
311,3.110000,-0.140886,0.002281,-0.019828,0.989825,205.208908,206.059464,-210.874695,-0.149128,-0.022078,-0.014628,0.988463,245.239975,201.067612,-203.476044,-0.012046,0.495843,0.014548,0.868207,142.933456,328.890717,-149.475418,-0.004353,-0.017244,-0.006267,0.999822,227.184494,161.573349,-183.052231,-0.159135,0.004778,-0.071074,0.984684,227.559921,185.395477,-205.256577
312,3.120000,-0.141469,0.003105,-0.019311,0.989749,205.256561,206.002823,-210.948090,-0.148285,-0.016605,-0.012642,0.988724,245.273956,200.997009,-203.454712,-0.012042,0.495660,0.014383,0.868314,143.041977,328.911713,-149.681198,-0.004433,-0.017428,-0.006323,0.999818,227.209320,161.563080,-183.082703,-0.159647,0.004814,-0.073445,0.984427,227.601776,185.326447,-205.278656
313,3.130000,-0.143146,0.002984,-0.019708,0.989501,205.313568,205.932678,-211.025208,-0.147280,-0.011157,-0.011238,0.988968,245.311905,200.936462,-203.481750,-0.012035,0.495778,0.014454,0.868246,143.177734,328.935577,-149.892120,-0.004739,-0.017243,-0.006502,0.999819,227.237411,161.553223,-183.120575,-0.160224,0.005449,-0.074363,0.984260,227.643753,185.265427,-205.317581
314,3.140000,-0.144748,0.001635,-0.019358,0.989278,205.348526,205.862061,-211.096420,-0.147623,-0.010486,-0.011653,0.988919,245.336761,200.861877,-203.516098,-0.011886,0.495947,0.014790,0.868146,143.281052,328.952850,-150.087387,-0.004989,-0.017027,-0.006707,0.999820,227.251984,161.540268,-183.155380,-0.160034,0.005240,-0.074508,0.984282,227.673325,185.202805,-205.350677
315,3.150000,-0.146464,0.001692,-0.020021,0.989012,205.369736,205.789642,-211.153564,-0.150867,-0.016713,-0.014210,0.988311,245.386703,200.784302,-203.613098,-0.011607,0.495865,0.014871,0.868195,143.389877,328.978180,-150.306946,-0.005057,-0.017018,-0.006745,0.999820,227.263260,161.533890,-183.176651,-0.161020,0.003321,-0.074094,0.984160,227.717407,185.116699,-205.352737
316,3.160000,-0.148074,0.001662,-0.021051,0.988751,205.406128,205.728394,-211.221939,-0.153560,-0.022617,-0.015728,0.987755,245.402130,200.712311,-203.678345,-0.011850,0.496147,0.014910,0.868030,143.507965,328.991302,-150.472595,-0.005231,-0.017320,-0.006717,0.999814,227.284225,161.517609,-183.209305,-0.163106,-0.000676,-0.072072,0.983972,227.715332,185.046661,-205.381989
317,3.170000,-0.148291,0.001108,-0.021094,0.988718,205.433228,205.673340,-211.281967,-0.154579,-0.022739,-0.015810,0.987592,245.426819,200.646591,-203.729660,-0.012163,0.496060,0.014636,0.868080,143.631531,329.022095,-150.691971,-0.005326,-0.017373,-0.006765,0.999812,227.297302,161.509872,-183.243683,-0.164326,-0.003109,-0.070941,0.983847,227.732956,184.982819,-205.417480
318,3.180000,-0.148906,0.000764,-0.022040,0.988605,205.477966,205.610565,-211.348114,-0.155247,-0.022088,-0.015060,0.987514,245.463013,200.576553,-203.775711,-0.011774,0.496387,0.015052,0.867891,143.748795,329.044617,-150.921158,-0.005426,-0.017336,-0.006849,0.999812,227.315109,161.503159,-183.277618,-0.166554,-0.004049,-0.070181,0.983523,227.760117,184.890930,-205.449524
319,3.190000,-0.149414,-0.001062,-0.022443,0.988520,205.504227,205.530319,-211.410797,-0.155966,-0.022307,-0.015246,0.987393,245.474487,200.503098,-203.822845,-0.011886,0.496261,0.014931,0.867964,143.866379,329.055420,-151.125961,-0.005547,-0.017305,-0.006923,0.999811,227.332047,161.495041,-183.312378,-0.167445,-0.001387,-0.063423,0.983838,227.747604,184.894302,-205.560211
320,3.200000,-0.149935,-0.000862,-0.022354,0.988443,205.522949,205.462936,-211.469727,-0.156714,-0.022620,-0.016385,0.987249,245.505463,200.434158,-203.875549,-0.011821,0.496231,0.015068,0.867979,143.987000,329.072449,-151.321594,-0.005720,-0.017518,-0.006994,0.999806,227.346298,161.486450,-183.352142,-0.163838,0.001176,-0.066493,0.984243,227.712143,184.936279,-205.631760
321,3.210000,-0.150390,0.000742,-0.022784,0.988364,205.545105,205.399063,-211.530670,-0.157611,-0.023013,-0.016593,0.987094,245.528778,200.369308,-203.918518,-0.011952,0.495965,0.014805,0.868134,144.088486,329.086639,-151.517715,-0.005756,-0.017541,-0.007013,0.999805,227.355164,161.477310,-183.387390,-0.162023,0.005717,-0.069995,0.984285,227.724838,184.891663,-205.673798
322,3.220000,-0.150148,0.000688,-0.021554,0.988428,205.575546,205.351410,-211.594498,-0.157841,-0.023189,-0.017012,0.987046,245.543549,200.306885,-203.965942,-0.011792,0.496131,0.015031,0.868037,144.199142,329.105652,-151.717255,-0.005973,-0.017431,-0.007176,0.999804,227.366898,161.466263,-183.419998,-0.163592,0.007907,-0.071180,0.983925,227.735443,184.815948,-205.710999
323,3.230000,-0.150163,0.000333,-0.020804,0.988442,205.599823,205.297791,-211.657013,-0.157968,-0.022540,-0.016577,0.987048,245.569031,200.242050,-204.015762,-0.011602,0.496626,0.015479,0.867749,144.320114,329.123474,-151.913361,-0.005760,-0.017458,-0.007132,0.999806,227.378891,161.455307,-183.456894,-0.163654,0.009691,-0.071965,0.983842,227.747757,184.749588,-205.756516
324,3.240000,-0.151166,0.001179,-0.020431,0.988297,205.626465,205.228333,-211.722351,-0.156542,-0.016221,-0.014090,0.987438,245.588867,200.168732,-203.995712,-0.011791,0.496355,0.015135,0.867908,144.429977,329.133728,-152.102676,-0.005846,-0.017471,-0.007168,0.999805,227.395294,161.448547,-183.484802,-0.163715,0.010914,-0.072622,0.983770,227.762619,184.694550,-205.785461
325,3.250000,-0.152634,0.001422,-0.021078,0.988057,205.650787,205.166153,-211.774139,-0.156137,-0.011028,-0.013088,0.987587,245.606613,200.090256,-204.029633,-0.011715,0.496189,0.015186,0.868003,144.553894,329.144470,-152.314880,-0.005905,-0.017516,-0.007214,0.999803,227.413574,161.442017,-183.510986,-0.163880,0.012163,-0.072500,0.983737,227.762085,184.622681,-205.806564
326,3.260000,-0.153438,0.000930,-0.021377,0.987927,205.688690,205.107025,-211.837891,-0.158688,-0.016655,-0.015438,0.987068,245.648285,200.013290,-204.142487,-0.011601,0.496403,0.015259,0.867880,144.664551,329.165161,-152.521576,-0.005994,-0.017596,-0.007239,0.999801,227.434509,161.437943,-183.541443,-0.164070,0.012452,-0.072955,0.983669,227.787628,184.564774,-205.838852
327,3.270000,-0.153507,0.000452,-0.021555,0.987912,205.714645,205.054169,-211.894897,-0.161991,-0.023238,-0.017681,0.986360,245.676376,199.946289,-204.207199,-0.011321,0.496673,0.015662,0.867722,144.785172,329.180939,-152.733871,-0.006064,-0.017695,-0.007290,0.999798,227.451324,161.431503,-183.572495,-0.163045,0.011094,-0.073350,0.983826,227.817261,184.494690,-205.855408
328,3.280000,-0.154253,-0.000472,-0.021107,0.987806,205.728699,204.983047,-211.978500,-0.162800,-0.023980,-0.019087,0.986183,245.682678,199.886871,-204.270905,-0.011459,0.496486,0.015389,0.867833,144.915619,329.192657,-152.950134,-0.006223,-0.017725,-0.007261,0.999797,227.461990,161.420624,-183.608002,-0.168008,0.008700,-0.069639,0.983284,227.894394,184.317093,-205.839905
329,3.290000,-0.155289,-0.000509,-0.021563,0.987634,205.755554,204.915985,-212.067307,-0.163374,-0.023669,-0.019199,0.986093,245.700027,199.819839,-204.332108,-0.011577,0.496238,0.015108,0.867978,145.045258,329.183014,-153.184113,-0.006271,-0.018088,-0.007251,0.999790,227.487808,161.400528,-183.653687,-0.170326,-0.001340,-0.072382,0.982725,227.954315,184.168289,-205.799377
330,3.300000,-0.156253,0.000524,-0.022438,0.987462,205.764923,204.829269,-212.139496,-0.164103,-0.023860,-0.019170,0.985968,245.724838,199.734497,-204.390137,-0.011519,0.496460,0.015382,0.867847,145.176270,329.164337,-153.421738,-0.006654,-0.017892,-0.007402,0.999790,227.498215,161.389709,-183.700302,-0.171333,-0.004025,-0.073746,0.982441,227.963043,184.095551,-205.829941
331,3.310000,-0.157459,-0.000252,-0.022729,0.987264,205.765518,204.752899,-212.196426,-0.165251,-0.024087,-0.019184,0.985771,245.722488,199.646744,-204.426376,-0.011814,0.496207,0.014892,0.867996,145.311905,329.134705,-153.658142,-0.006761,-0.017798,-0.007409,0.999791,227.501740,161.379105,-183.735748,-0.172273,-0.004866,-0.072772,0.982346,227.946274,184.017975,-205.859863
332,3.320000,-0.158662,-0.002067,-0.022882,0.987066,205.789978,204.680176,-212.261261,-0.164565,-0.019423,-0.018483,0.986002,245.727386,199.566711,-204.405945,-0.011582,0.496495,0.015246,0.867828,145.445450,329.126343,-153.889969,-0.006048,-0.017790,-0.007371,0.999796,227.512970,161.372925,-183.777634,-0.174173,-0.007143,-0.072258,0.982035,227.950043,183.932343,-205.886063
333,3.330000,-0.160368,-0.001978,-0.022594,0.986797,205.804047,204.616989,-212.318558,-0.164114,-0.014780,-0.017733,0.986171,245.746933,199.491058,-204.442276,-0.011532,0.496486,0.015190,0.867835,145.562302,329.150146,-154.113617,-0.006143,-0.017733,-0.007418,0.999796,227.524414,161.364578,-183.806183,-0.175189,-0.008722,-0.071908,0.981867,227.964096,183.862823,-205.909119
334,3.340000,-0.160995,-0.001429,-0.023248,0.986680,205.823227,204.552444,-212.371124,-0.166951,-0.019420,-0.019220,0.985587,245.769791,199.415680,-204.525909,-0.011510,0.496556,0.015407,0.867791,145.709412,329.163055,-154.377747,-0.006442,-0.017491,-0.007553,0.999798,227.521622,161.354279,-183.836227,-0.176353,-0.011398,-0.071004,0.981697,227.995850,183.788177,-205.925369
335,3.350000,-0.161707,-0.000734,-0.024061,0.986545,205.867554,204.475693,-212.435043,-0.169503,-0.024566,-0.021396,0.984991,245.809097,199.322113,-204.581909,-0.011850,0.496466,0.015200,0.867842,145.878052,329.171204,-154.640182,-0.006772,-0.017717,-0.007581,0.999791,227.532211,161.344208,-183.868774,-0.178092,-0.014038,-0.069859,0.981431,228.018570,183.712311,-205.945999
336,3.360000,-0.162838,-0.001498,-0.024595,0.986345,205.899918,204.394196,-212.501968,-0.171037,-0.024800,-0.021015,0.984728,245.828674,199.229324,-204.644501,-0.011526,0.496610,0.015474,0.867759,146.028641,329.188782,-154.901474,-0.007386,-0.017139,-0.007870,0.999795,227.570969,161.320541,-183.919647,-0.181606,-0.014725,-0.069384,0.980810,228.016403,183.611252,-205.981354
337,3.370000,-0.163219,-0.001762,-0.023835,0.986300,205.904694,204.299835,-212.575180,-0.172083,-0.024265,-0.020777,0.984564,245.852982,199.137955,-204.718903,-0.011745,0.496440,0.015182,0.867859,146.181473,329.215759,-155.168900,-0.007579,-0.016991,-0.007987,0.999795,227.589340,161.308411,-183.966751,-0.183464,-0.015845,-0.070422,0.980373,228.025299,183.537827,-206.010284
338,3.380000,-0.164085,-0.002233,-0.023608,0.986161,205.910690,204.228012,-212.666168,-0.172869,-0.024118,-0.021207,0.984421,245.863312,199.054932,-204.781326,-0.011539,0.496875,0.015587,0.867605,146.320511,329.235901,-155.399567,-0.007834,-0.016716,-0.008185,0.999796,227.597809,161.292084,-184.019547,-0.184977,-0.016942,-0.070672,0.980052,228.027206,183.476822,-206.045654
339,3.390000,-0.165664,-0.002333,-0.024857,0.985866,205.913803,204.152023,-212.749985,-0.173940,-0.024341,-0.022401,0.984200,245.870026,198.966507,-204.860443,-0.011353,0.497040,0.015761,0.867510,146.444199,329.247589,-155.614777,-0.008006,-0.016678,-0.008255,0.999795,227.600769,161.279709,-184.069687,-0.187030,-0.018036,-0.070298,0.979670,228.023346,183.392441,-206.080002
340,3.400000,-0.166307,-0.002755,-0.025508,0.985740,205.914246,204.087555,-212.841141,-0.173603,-0.020314,-0.021293,0.984376,245.862900,198.886368,-204.878967,-0.011425,0.496848,0.015673,0.867621,146.569214,329.251953,-155.833115,-0.008114,-0.016756,-0.008259,0.999793,227.597870,161.268234,-184.120712,-0.188901,-0.018676,-0.069991,0.979321,227.988251,183.317673,-206.126205
341,3.410000,-0.166699,-0.002286,-0.024651,0.985697,205.918625,204.014572,-212.921646,-0.176105,-0.023572,-0.022274,0.983837,245.871048,198.794312,-205.001068,-0.011493,0.496641,0.015482,0.867742,146.680664,329.250793,-156.023544,-0.008255,-0.016976,-0.008290,0.999788,227.598007,161.261017,-184.162064,-0.190114,-0.019522,-0.069650,0.979094,227.974014,183.249786,-206.161591
342,3.420000,-0.167535,-0.001784,-0.023590,0.985582,205.921616,203.947678,-212.966843,-0.177636,-0.026816,-0.022302,0.983478,245.892563,198.713303,-205.050659,-0.011649,0.496561,0.015202,0.867790,146.790665,329.247253,-156.224945,-0.008365,-0.017039,-0.008326,0.999785,227.604141,161.256363,-184.186142,-0.190741,-0.021053,-0.069056,0.978982,227.977112,183.184906,-206.187775
343,3.430000,-0.168738,-0.001973,-0.024570,0.985353,205.924835,203.877014,-212.985428,-0.178926,-0.026142,-0.022857,0.983249,245.889999,198.636581,-205.056564,-0.011244,0.496900,0.015706,0.867593,146.900192,329.253143,-156.431595,-0.008394,-0.017030,-0.008354,0.999785,227.612000,161.251404,-184.192139,-0.190717,-0.023105,-0.068637,0.978970,227.989349,183.113602,-206.199326
344,3.440000,-0.168924,-0.002585,-0.024767,0.985315,205.966385,203.827286,-213.011688,-0.179926,-0.026097,-0.023255,0.983059,245.902039,198.558395,-205.067245,-0.011386,0.496721,0.015607,0.867696,147.018051,329.258301,-156.625992,-0.008375,-0.016996,-0.008367,0.999785,227.623306,161.249207,-184.194244,-0.191586,-0.025169,-0.066931,0.978868,228.004349,183.015503,-206.205811
345,3.450000,-0.168854,-0.002294,-0.024649,0.985330,205.983459,203.766861,-213.035568,-0.180869,-0.026346,-0.024219,0.982856,245.932175,198.483994,-205.082611,-0.011471,0.496537,0.015471,0.867802,147.145660,329.263885,-156.816498,-0.008479,-0.017291,-0.008378,0.999780,227.645218,161.239777,-184.206024,-0.192400,-0.026894,-0.066127,0.978717,228.020203,182.941528,-206.221405
346,3.460000,-0.169204,-0.001271,-0.024329,0.985280,206.007233,203.696411,-213.065521,-0.182254,-0.027208,-0.024584,0.982568,245.942169,198.406754,-205.094467,-0.011479,0.496584,0.015614,0.867772,147.246628,329.264709,-157.009293,-0.008843,-0.017294,-0.008456,0.999776,227.652451,161.233185,-184.207581,-0.192466,-0.027942,-0.065356,0.978726,228.031815,182.875931,-206.234253
347,3.470000,-0.168813,-0.000921,-0.023717,0.985362,206.006760,203.631683,-213.089935,-0.183196,-0.028016,-0.025051,0.982358,245.952042,198.344925,-205.109100,-0.011636,0.496608,0.015449,0.867759,147.356003,329.251526,-157.203598,-0.008492,-0.017232,-0.008392,0.999780,227.653015,161.231781,-184.218079,-0.192251,-0.029271,-0.064574,0.978781,228.036148,182.820297,-206.249680
348,3.480000,-0.169268,-0.000985,-0.023229,0.985296,205.994186,203.565643,-213.119537,-0.183737,-0.027847,-0.024778,0.982268,245.933380,198.270996,-205.117996,-0.011387,0.496874,0.015744,0.867605,147.452148,329.222290,-157.387558,-0.008727,-0.017121,-0.008376,0.999780,227.633209,161.225800,-184.216278,-0.191611,-0.030952,-0.064333,0.978871,228.030273,182.756592,-206.258606
349,3.490000,-0.171431,-0.002510,-0.025089,0.984873,205.975433,203.492523,-213.162506,-0.182183,-0.022879,-0.023551,0.982716,245.908401,198.202209,-205.088486,-0.011480,0.496920,0.015480,0.867582,147.570084,329.197357,-157.564743,-0.008906,-0.016880,-0.008445,0.999782,227.619293,161.218552,-184.232407,-0.191844,-0.031255,-0.064700,0.978792,228.014984,182.689835,-206.281723
350,3.500000,-0.173635,-0.005462,-0.026381,0.984441,205.943848,203.431473,-213.190857,-0.183606,-0.024156,-0.023847,0.982414,245.883759,198.132431,-205.168289,-0.011654,0.496952,0.015277,0.867566,147.673477,329.188141,-157.741226,-0.008954,-0.016790,-0.008421,0.999783,227.600845,161.214020,-184.248123,-0.192209,-0.031686,-0.063330,0.978796,227.976288,182.607971,-206.294495
351,3.510000,-0.174178,-0.004909,-0.026370,0.984349,205.920822,203.374603,-213.186417,-0.185976,-0.027718,-0.025552,0.981831,245.854843,198.072571,-205.152298,-0.011576,0.496958,0.015462,0.867560,147.791443,329.160431,-157.926880,-0.008685,-0.016717,-0.008341,0.999788,227.571228,161.221741,-184.224915,-0.191702,-0.034555,-0.061384,0.978922,227.961029,182.540497,-206.294449
352,3.520000,-0.174369,-0.003348,-0.025028,0.984357,205.917557,203.299149,-213.167191,-0.186694,-0.028336,-0.026399,0.981655,245.856674,198.004105,-205.108673,-0.012781,0.496083,0.013302,0.868079,147.980911,329.152679,-158.194214,-0.008740,-0.016625,-0.008347,0.999789,227.555206,161.227051,-184.181274,-0.190769,-0.037503,-0.059288,0.979125,227.965881,182.469345,-206.276291
353,3.530000,-0.174781,-0.002970,-0.024640,0.984295,205.926529,203.243668,-213.150009,-0.187347,-0.028624,-0.026331,0.981524,245.854294,197.956528,-205.051788,-0.011984,0.497063,0.014855,0.867504,148.056183,329.052673,-158.355499,-0.008753,-0.016530,-0.008321,0.999790,227.536835,161.232224,-184.140564,-0.189442,-0.040641,-0.058107,0.979328,227.986328,182.401276,-206.245117
354,3.540000,-0.175458,-0.002657,-0.025577,0.984151,205.952301,203.177078,-213.163223,-0.188319,-0.028783,-0.026665,0.981324,245.873535,197.885117,-205.038727,-0.011766,0.497163,0.015164,0.867445,148.174850,329.013580,-158.557327,-0.008728,-0.016493,-0.008341,0.999791,227.534454,161.229126,-184.127197,-0.189779,-0.043110,-0.056167,0.979271,228.006210,182.319199,-206.222916
355,3.550000,-0.177216,-0.002154,-0.026668,0.983808,205.942474,203.113892,-213.206924,-0.189337,-0.029118,-0.026542,0.981122,245.871140,197.834641,-205.066589,-0.011925,0.496711,0.014629,0.867711,148.296295,329.043213,-158.765472,-0.008690,-0.016494,-0.008318,0.999792,227.531250,161.224030,-184.147598,-0.190655,-0.044341,-0.055590,0.979078,228.004517,182.270279,-206.227386
356,3.560000,-0.178237,-0.001930,-0.026834,0.983620,205.932419,203.075882,-213.239380,-0.190420,-0.029339,-0.026552,0.980905,245.859314,197.775909,-205.086838,-0.012458,0.496090,0.013507,0.868077,148.461258,329.103241,-158.982040,-0.007214,-0.013255,-0.007983,0.999854,227.512207,161.201416,-184.091690,-0.191722,-0.043949,-0.056003,0.978864,227.995239,182.201294,-206.229218
357,3.570000,-0.179056,-0.003099,-0.026832,0.983468,205.928009,203.010239,-213.287430,-0.191598,-0.030608,-0.027357,0.980615,245.865204,197.696045,-205.109543,-0.012714,0.495945,0.013106,0.868162,148.594223,329.136139,-159.203201,-0.008447,-0.015396,-0.008302,0.999811,227.498932,161.205948,-184.168686,-0.192839,-0.043223,-0.056912,0.978624,227.987427,182.132370,-206.230789
358,3.580000,-0.179790,-0.004278,-0.026154,0.983348,205.933899,202.928772,-213.348801,-0.192377,-0.031624,-0.027847,0.980416,245.871689,197.610718,-205.160080,-0.012668,0.495813,0.013101,0.868238,148.713745,329.147980,-159.422668,-0.007299,-0.013149,-0.007979,0.999855,227.503387,161.186310,-184.147385,-0.194057,-0.042680,-0.058134,0.978336,227.991135,182.067810,-206.231812
359,3.590000,-0.180300,-0.004540,-0.026252,0.983251,205.957352,202.866531,-213.406769,-0.191237,-0.026400,-0.026862,0.980821,245.884689,197.547134,-205.141251,-0.012535,0.495803,0.013376,0.868242,148.823975,329.158966,-159.641174,-0.007402,-0.013125,-0.007907,0.999855,227.512329,161.175323,-184.178497,-0.195347,-0.040928,-0.059730,0.978058,228.008041,182.011169,-206.234360
360,3.600000,-0.180592,-0.004953,-0.026109,0.983199,205.982361,202.797012,-213.458740,-0.192536,-0.027452,-0.027010,0.980534,245.913696,197.453079,-205.219620,-0.012549,0.496186,0.013452,0.868021,148.960953,329.183594,-159.878738,-0.008700,-0.015838,-0.008338,0.999802,227.528534,161.182724,-184.267899,-0.197028,-0.040849,-0.059249,0.977753,228.026840,181.930771,-206.223251
361,3.610000,-0.180974,-0.003953,-0.025674,0.983145,206.028366,202.728256,-213.499527,-0.194602,-0.030413,-0.027527,0.980024,245.943085,197.379333,-205.228516,-0.012337,0.496200,0.013643,0.868014,149.104721,329.213562,-160.124008,-0.008899,-0.016482,-0.008288,0.999790,227.569641,161.180588,-184.287415,-0.198916,-0.041085,-0.058558,0.977402,228.050613,181.851212,-206.209030
362,3.620000,-0.182662,-0.002623,-0.025645,0.982838,206.067566,202.638046,-213.536087,-0.195133,-0.029838,-0.028214,0.979917,245.985123,197.298798,-205.231110,-0.012471,0.496208,0.013592,0.868008,149.255585,329.243042,-160.371964,-0.008918,-0.016485,-0.008418,0.999789,227.601044,161.180832,-184.292694,-0.199557,-0.042073,-0.059314,0.977184,228.105576,181.775330,-206.183411
363,3.630000,-0.183371,-0.003430,-0.024697,0.982727,206.153503,202.570602,-213.595078,-0.196212,-0.030142,-0.028108,0.979695,246.055389,197.210251,-205.235291,-0.011504,0.497100,0.015437,0.867480,149.342865,329.237366,-160.601120,-0.008806,-0.016505,-0.008467,0.999789,227.635925,161.176270,-184.298233,-0.201309,-0.041759,-0.060827,0.976745,228.157623,181.697662,-206.172440
364,3.640000,-0.184203,-0.004817,-0.025865,0.982536,206.213699,202.495575,-213.641022,-0.197263,-0.030408,-0.028796,0.979456,246.126038,197.128098,-205.245285,-0.011470,0.496914,0.015395,0.867587,149.502045,329.250793,-160.894165,-0.008894,-0.016572,-0.008595,0.999786,227.669479,161.172333,-184.307068,-0.202497,-0.041178,-0.062520,0.976417,228.204636,181.627594,-206.157120
365,3.650000,-0.186337,-0.005865,-0.027358,0.982087,206.267242,202.412445,-213.694351,-0.198588,-0.031135,-0.029040,0.979158,246.168304,197.050354,-205.273483,-0.010990,0.500256,0.017579,0.865629,149.730850,329.325562,-161.263275,-0.008873,-0.016614,-0.008612,0.999785,227.691010,161.163040,-184.327911,-0.204314,-0.040691,-0.062594,0.976054,228.245422,181.537643,-206.142059
366,3.660000,-0.187013,-0.005863,-0.027255,0.981962,206.294830,202.323441,-213.761353,-0.200365,-0.031364,-0.028955,0.978791,246.175537,196.956085,-205.323990,-0.010766,0.501046,0.018160,0.865163,149.904175,329.365967,-161.590530,-0.009045,-0.016574,-0.008701,0.999784,227.707458,161.153885,-184.364807,-0.205997,-0.040280,-0.063481,0.975660,228.270309,181.459595,-206.139450
367,3.670000,-0.187616,-0.007797,-0.027145,0.981836,206.321167,202.224228,-213.839767,-0.201266,-0.031164,-0.028933,0.978613,246.208817,196.866409,-205.366745,-0.010912,0.500834,0.017937,0.865289,150.050934,329.379913,-161.877213,-0.009226,-0.016554,-0.008769,0.999782,227.720245,161.143616,-184.403442,-0.208053,-0.039254,-0.066059,0.975094,228.297043,181.370956,-206.146500
368,3.680000,-0.188957,-0.009379,-0.027734,0.981549,206.358231,202.133667,-213.910690,-0.201594,-0.031105,-0.028800,0.978552,246.238541,196.769135,-205.408417,-0.011401,0.500190,0.016686,0.865680,150.243500,329.411987,-162.171158,-0.009312,-0.016513,-0.008882,0.999781,227.729111,161.130096,-184.437729,-0.208842,-0.036775,-0.068775,0.974835,228.316559,181.294342,-206.149658
369,3.690000,-0.189232,-0.008696,-0.027949,0.981496,206.383072,202.048798,-213.941391,-0.202623,-0.031988,-0.029520,0.978289,246.279419,196.675293,-205.433533,-0.011844,0.499783,0.015946,0.865923,150.429611,329.425507,-162.487045,-0.009396,-0.016590,-0.008911,0.999779,227.746780,161.122223,-184.453339,-0.209971,-0.036847,-0.067467,0.974681,228.327881,181.195969,-206.134811
370,3.700000,-0.189779,-0.007186,-0.027371,0.981419,206.448334,201.968033,-213.988205,-0.204121,-0.032770,-0.029772,0.977944,246.313187,196.580292,-205.434479,-0.010305,0.500820,0.018561,0.865291,150.493515,329.365479,-162.678467,-0.009331,-0.016770,-0.008954,0.999776,227.772324,161.120148,-184.453613,-0.210885,-0.038082,-0.066038,0.974534,228.361313,181.110352,-206.118759
371,3.710000,-0.189937,-0.006304,-0.026437,0.981420,206.507401,201.891510,-214.018127,-0.205177,-0.032615,-0.029978,0.977722,246.362549,196.509064,-205.428207,-0.011612,0.499670,0.016148,0.865988,150.719833,329.402405,-163.014725,-0.009315,-0.016906,-0.008986,0.999773,227.803650,161.118881,-184.447983,-0.212468,-0.037467,-0.068332,0.974056,228.430664,181.018433,-206.113022
372,3.720000,-0.191733,-0.006479,-0.028096,0.981024,206.582581,201.811905,-214.035782,-0.205833,-0.032706,-0.030218,0.977574,246.442642,196.429794,-205.418274,-0.011801,0.499405,0.016047,0.866140,150.889313,329.404144,-163.290802,-0.008806,-0.017799,-0.008595,0.999766,227.839432,161.124847,-184.423172,-0.212974,-0.036562,-0.069175,0.973920,228.498627,180.926620,-206.082504
373,3.730000,-0.194185,-0.008595,-0.028164,0.980523,206.654984,201.721817,-214.081131,-0.206629,-0.032388,-0.030315,0.977413,246.528107,196.353714,-205.394852,-0.011832,0.499004,0.015604,0.866378,151.054291,329.396332,-163.535828,-0.008740,-0.017819,-0.008619,0.999766,227.880127,161.122665,-184.415161,-0.213372,-0.037415,-0.068552,0.973845,228.563492,180.849731,-206.055908
374,3.740000,-0.195628,-0.008953,-0.028406,0.980226,206.724228,201.657181,-214.121765,-0.207191,-0.033350,-0.030739,0.977249,246.584290,196.276291,-205.405136,-0.010250,0.500617,0.018483,0.865411,151.149307,329.378754,-163.743011,-0.008758,-0.017798,-0.008736,0.999765,227.922043,161.124069,-184.423920,-0.214475,-0.038635,-0.068023,0.973592,228.621902,180.778168,-206.042664
375,3.750000,-0.195488,-0.008011,-0.027962,0.980275,206.775879,201.587097,-214.152695,-0.208592,-0.034489,-0.031003,0.976903,246.626938,196.200073,-205.419815,-0.009759,0.500918,0.019379,0.865223,151.265533,329.388397,-163.974670,-0.007907,-0.017652,-0.008672,0.999775,227.961319,161.126144,-184.461502,-0.215299,-0.038470,-0.068897,0.973355,228.671844,180.710358,-206.034180
376,3.760000,-0.195006,-0.006365,-0.028449,0.980369,206.835541,201.517776,-214.205032,-0.207469,-0.029603,-0.029958,0.977335,246.666595,196.139771,-205.384476,-0.011462,0.499690,0.016522,0.865971,151.485489,329.452881,-164.302017,-0.008047,-0.017520,-0.008906,0.999775,228.008804,161.122574,-184.485214,-0.215835,-0.037661,-0.069722,0.973209,228.710022,180.647400,-206.030319
377,3.770000,-0.193930,-0.006882,-0.028143,0.980587,206.891861,201.455917,-214.257706,-0.206712,-0.025199,-0.029222,0.977641,246.709213,196.075699,-205.401367,-0.011600,0.499815,0.016414,0.865899,151.633835,329.476501,-164.584885,-0.008220,-0.017386,-0.009038,0.999774,228.038635,161.118515,-184.516769,-0.216647,-0.036334,-0.070541,0.973020,228.744049,180.588425,-206.036148
378,3.780000,-0.193642,-0.007898,-0.027797,0.980646,206.931839,201.386765,-214.323166,-0.208921,-0.029431,-0.030271,0.977021,246.745651,196.004257,-205.497696,-0.011758,0.499484,0.016160,0.866092,151.754593,329.478027,-164.829285,-0.008546,-0.017139,-0.009099,0.999775,228.066452,161.112137,-184.563934,-0.218688,-0.035674,-0.070871,0.972564,228.774185,180.505783,-206.045822
379,3.790000,-0.195480,-0.008216,-0.028894,0.980247,206.970795,201.312836,-214.383865,-0.211320,-0.034734,-0.031847,0.976280,246.788925,195.921799,-205.564453,-0.010470,0.500571,0.018451,0.865436,151.829208,329.429291,-164.979034,-0.008680,-0.016960,-0.009164,0.999777,228.094421,161.099533,-184.614426,-0.220485,-0.035796,-0.070921,0.972150,228.809998,180.433777,-206.052078
380,3.800000,-0.197650,-0.009502,-0.030473,0.979753,207.019257,201.259537,-214.441299,-0.212715,-0.035391,-0.032359,0.975937,246.826050,195.836349,-205.596237,-0.009908,0.500882,0.019350,0.865243,151.936935,329.418488,-165.211258,-0.008794,-0.016977,-0.009244,0.999775,228.118759,161.091812,-184.643204,-0.221695,-0.036332,-0.070567,0.971881,228.825912,180.368668,-206.055557
381,3.810000,-0.198395,-0.010743,-0.030560,0.979587,207.060944,201.197311,-214.489838,-0.212990,-0.034910,-0.032794,0.975880,246.848434,195.764557,-205.614288,-0.009935,0.500898,0.018990,0.865241,152.085617,329.443024,-165.437073,-0.009379,-0.016441,-0.009562,0.999775,228.143616,161.078812,-184.674347,-0.222272,-0.036967,-0.070792,0.971708,228.847153,180.310425,-206.061813
382,3.820000,-0.199023,-0.009995,-0.029890,0.979488,207.063782,201.123093,-214.522110,-0.211002,-0.040563,-0.033907,0.976055,246.838272,195.666458,-205.559677,-0.009795,0.500998,0.019281,0.865178,152.208755,329.466705,-165.652527,-0.009495,-0.016514,-0.009634,0.999772,228.150635,161.072617,-184.688446,-0.222524,-0.037894,-0.070733,0.971619,228.858810,180.256119,-206.068161
383,3.830000,-0.199465,-0.008611,-0.028520,0.979452,207.061737,201.053482,-214.550934,-0.212813,-0.045870,-0.035342,0.975376,246.840683,195.586777,-205.565262,-0.011003,0.500154,0.017095,0.865698,152.388779,329.543793,-165.932495,-0.010018,-0.016606,-0.009724,0.999765,228.142807,161.063263,-184.685211,-0.222398,-0.039080,-0.070438,0.971622,228.858383,180.192368,-206.072495
384,3.840000,-0.199873,-0.009541,-0.028116,0.979372,207.071198,200.986862,-214.585785,-0.213831,-0.046247,-0.035709,0.975122,246.843903,195.522980,-205.574097,-0.011115,0.500015,0.016723,0.865784,152.516342,329.578705,-166.138275,-0.010060,-0.016727,-0.009718,0.999762,228.128174,161.058945,-184.684219,-0.222410,-0.041279,-0.069188,0.971619,228.860184,180.122849,-206.068130
385,3.850000,-0.201297,-0.009306,-0.028456,0.979073,207.065903,200.930649,-214.617340,-0.217667,-0.040436,-0.034473,0.974576,246.854324,195.478989,-205.647751,-0.010417,0.500675,0.018003,0.865385,152.595337,329.578827,-166.294098,-0.010082,-0.016828,-0.009721,0.999760,228.115280,161.054474,-184.693176,-0.223406,-0.043407,-0.067501,0.971416,228.829315,180.035065,-206.069229
386,3.860000,-0.203498,-0.008860,-0.029450,0.978592,207.065140,200.870316,-214.654007,-0.218086,-0.036566,-0.033910,0.974655,246.831146,195.414566,-205.686493,-0.009752,0.501227,0.019342,0.865045,152.646179,329.536346,-166.448303,-0.010118,-0.016968,-0.009728,0.999758,228.102982,161.051041,-184.711578,-0.223450,-0.044073,-0.067788,0.971356,228.812546,179.983795,-206.081635
387,3.870000,-0.204729,-0.008689,-0.029999,0.978320,207.080551,200.798828,-214.699509,-0.218592,-0.036274,-0.033851,0.974554,246.832901,195.345535,-205.697922,-0.009280,0.501187,0.019801,0.865062,152.738449,329.512665,-166.656265,-0.010204,-0.017030,-0.009744,0.999755,228.103210,161.046097,-184.729874,-0.223496,-0.043524,-0.068563,0.971316,228.813416,179.922424,-206.088074
388,3.880000,-0.205247,-0.008468,-0.030503,0.978198,207.099777,200.734314,-214.743820,-0.219181,-0.035873,-0.033967,0.974433,246.854523,195.281113,-205.719788,-0.009548,0.500999,0.019356,0.865179,152.867737,329.516541,-166.883331,-0.010234,-0.017049,-0.009757,0.999755,228.116852,161.042297,-184.754807,-0.224743,-0.043299,-0.069290,0.970986,228.839142,179.850861,-206.094040
389,3.890000,-0.205401,-0.008046,-0.029586,0.978198,207.119217,200.672256,-214.785492,-0.219807,-0.035528,-0.034044,0.974302,246.877487,195.217194,-205.751343,-0.009539,0.501141,0.019581,0.865092,152.993149,329.518372,-167.093735,-0.010170,-0.017138,-0.009752,0.999754,228.137421,161.035629,-184.789124,-0.226377,-0.043192,-0.069161,0.970621,228.872055,179.795624,-206.098846
390,3.900000,-0.205769,-0.007860,-0.029341,0.978129,207.155746,200.630981,-214.830505,-0.220142,-0.035671,-0.034912,0.974190,246.924255,195.155777,-205.773178,-0.009825,0.501043,0.019257,0.865152,153.133713,329.508606,-167.318954,-0.010224,-0.017240,-0.009807,0.999751,228.157990,161.030823,-184.821838,-0.227114,-0.044240,-0.068052,0.970480,228.878510,179.732132,-206.103577
391,3.910000,-0.206590,-0.009158,-0.029886,0.977928,207.181015,200.586136,-214.882797,-0.221393,-0.036121,-0.034596,0.973901,246.938354,195.084595,-205.794907,-0.009801,0.501070,0.019141,0.865139,153.249054,329.481140,-167.525711,-0.010278,-0.017323,-0.009844,0.999749,228.167114,161.025848,-184.847839,-0.227871,-0.045048,-0.067438,0.970308,228.883347,179.668991,-206.103912
392,3.920000,-0.207763,-0.011839,-0.030769,0.977623,207.195953,200.532349,-214.945038,-0.221873,-0.037074,-0.035324,0.973730,246.925690,195.025040,-205.830978,-0.009607,0.501281,0.019524,0.865011,153.359222,329.463043,-167.752609,-0.010325,-0.017389,-0.009762,0.999748,228.149521,161.019119,-184.877640,-0.228299,-0.045699,-0.067425,0.970178,228.881302,179.617188,-206.113235
393,3.930000,-0.207962,-0.012309,-0.030797,0.977575,207.169434,200.470795,-214.995728,-0.222559,-0.038234,-0.035808,0.973511,246.908218,194.973282,-205.864532,-0.009824,0.501115,0.019268,0.865110,153.458420,329.457123,-167.964020,-0.010185,-0.017802,-0.009810,0.999742,228.114471,161.009720,-184.921005,-0.228806,-0.046213,-0.067802,0.970008,228.861145,179.568420,-206.132248
394,3.940000,-0.208210,-0.012779,-0.031489,0.977494,207.135223,200.396072,-215.026169,-0.223072,-0.037774,-0.035696,0.973416,246.878510,194.914246,-205.885834,-0.009733,0.501379,0.019330,0.864957,153.601654,329.464691,-168.187363,-0.010173,-0.018092,-0.009630,0.999738,228.077850,160.999405,-184.953568,-0.228757,-0.046065,-0.068508,0.969977,228.818954,179.517410,-206.154526
395,3.950000,-0.208453,-0.012491,-0.031306,0.977451,207.110413,200.321213,-215.053238,-0.224117,-0.037518,-0.035220,0.973203,246.855789,194.835419,-205.897110,-0.009678,0.501382,0.019372,0.864955,153.705627,329.488220,-168.420242,-0.010189,-0.018420,-0.009593,0.999732,228.050537,160.993881,-184.963577,-0.228993,-0.046970,-0.067968,0.969916,228.791336,179.429047,-206.155746
396,3.960000,-0.208929,-0.011788,-0.031763,0.977344,207.117661,200.248383,-215.081711,-0.222302,-0.043420,-0.036187,0.973338,246.827377,194.708374,-205.819962,-0.009588,0.501447,0.019502,0.864916,153.854553,329.517975,-168.684555,-0.009678,-0.018534,-0.009611,0.999735,228.039719,160.982849,-184.975189,-0.229052,-0.049218,-0.066880,0.969866,228.773026,179.329544,-206.138535
397,3.970000,-0.209520,-0.011276,-0.031147,0.977243,207.143906,200.163208,-215.105972,-0.224280,-0.048696,-0.037129,0.972599,246.850433,194.604126,-205.819748,-0.009583,0.501436,0.019480,0.864922,154.002472,329.541504,-168.939774,-0.010458,-0.018955,-0.009477,0.999721,228.061264,160.970459,-184.970154,-0.229115,-0.050385,-0.066797,0.969797,228.788239,179.251343,-206.125275
398,3.980000,-0.211271,-0.010509,-0.032085,0.976844,207.190521,200.079514,-215.153671,-0.225388,-0.049665,-0.038244,0.972251,246.888077,194.508682,-205.842133,-0.009401,0.501343,0.019561,0.864976,154.174561,329.567047,-169.223221,-0.009976,-0.019081,-0.009596,0.999722,228.085297,160.961792,-185.001663,-0.230102,-0.049740,-0.068108,0.969505,228.817383,179.178833,-206.124969
399,3.990000,-0.214538,-0.009691,-0.032193,0.976137,207.242416,199.985260,-215.224854,-0.226473,-0.050433,-0.038276,0.971958,246.931290,194.415344,-205.864197,-0.009588,0.501079,0.019239,0.865134,154.357025,329.560181,-169.505051,-0.009917,-0.019336,-0.009631,0.999718,228.110504,160.945389,-185.037720,-0.230667,-0.047823,-0.069985,0.969334,228.852859,179.109848,-206.122131
400,4.000000,-0.216198,-0.009995,-0.033198,0.975734,207.299164,199.908447,-215.305206,-0.227225,-0.050596,-0.038800,0.971753,246.973434,194.327026,-205.907486,-0.009572,0.501156,0.019318,0.865088,154.550339,329.558716,-169.823502,-0.009919,-0.019497,-0.009688,0.999714,228.134674,160.934891,-185.084000,-0.230028,-0.042492,-0.064115,0.970140,228.957748,179.029938,-206.172913
401,4.010000,-0.215864,-0.012402,-0.032392,0.975807,207.356476,199.831024,-215.413055,-0.228193,-0.050195,-0.039001,0.971539,247.001602,194.242111,-205.956116,-0.009552,0.501343,0.019495,0.864976,154.731216,329.546082,-170.130951,-0.009985,-0.019413,-0.009750,0.999714,228.154175,160.926147,-185.139664,-0.220592,-0.039146,-0.069412,0.972105,228.933502,178.887573,-206.247620
402,4.020000,-0.216469,-0.015274,-0.033927,0.975580,207.402664,199.744492,-215.510269,-0.228893,-0.050258,-0.039526,0.971350,247.025909,194.136505,-206.018433,-0.009677,0.501425,0.019274,0.864933,154.924820,329.547241,-170.465424,-0.009102,-0.019199,-0.009758,0.999727,228.166367,160.918289,-185.217133,-0.215671,-0.033833,-0.073163,0.973133,228.957413,178.801605,-206.308228
403,4.030000,-0.216437,-0.014093,-0.033853,0.975608,207.427490,199.660416,-215.579163,-0.228658,-0.046878,-0.039408,0.971579,247.039719,194.054031,-206.035156,-0.009595,0.501464,0.019425,0.864908,155.094589,329.558044,-170.757294,-0.009376,-0.018927,-0.009769,0.999729,228.177139,160.904282,-185.275040,-0.214105,-0.031265,-0.074640,0.973453,228.970093,178.714050,-206.362854
404,4.040000,-0.215771,-0.013508,-0.033768,0.975766,207.444351,199.583206,-215.647064,-0.230291,-0.047977,-0.039450,0.971138,247.045670,193.939423,-206.116730,-0.009812,0.501594,0.019390,0.864830,155.268188,329.572571,-171.040009,-0.009740,-0.018865,-0.009815,0.999726,228.177429,160.897537,-185.326981,-0.224598,-0.031287,-0.069920,0.971436,228.998535,178.665710,-206.325668
405,4.050000,-0.217034,-0.014187,-0.033713,0.975479,207.436768,199.495605,-215.691559,-0.232328,-0.050361,-0.040258,0.970498,247.052811,193.846939,-206.145447,-0.009726,0.501446,0.019343,0.864918,155.421448,329.586456,-171.346375,-0.010388,-0.018324,-0.009905,0.999729,228.179245,160.891312,-185.376984,-0.232253,-0.038334,-0.065531,0.969688,229.021164,178.586182,-206.339249
406,4.060000,-0.218272,-0.016339,-0.034374,0.975146,207.445999,199.387054,-215.736267,-0.233107,-0.050767,-0.041093,0.970255,247.079422,193.756134,-206.163528,-0.009677,0.501966,0.019625,0.864610,155.596680,329.568878,-171.647186,-0.010561,-0.018280,-0.009939,0.999728,228.182648,160.885269,-185.406250,-0.234978,-0.042988,-0.063485,0.968972,229.036377,178.506866,-206.345688
407,4.070000,-0.220256,-0.017490,-0.036115,0.974617,207.515945,199.298248,-215.811646,-0.234350,-0.051481,-0.040271,0.969953,247.130737,193.660522,-206.187103,-0.009584,0.501709,0.019540,0.864762,155.753738,329.559723,-171.955856,-0.010644,-0.018358,-0.009930,0.999726,228.198059,160.875565,-185.431625,-0.232821,-0.047673,-0.067575,0.968997,228.985184,178.378418,-206.353027
408,4.080000,-0.221888,-0.016210,-0.036223,0.974264,207.571945,199.214615,-215.887421,-0.235482,-0.051950,-0.040526,0.969643,247.172455,193.554840,-206.204758,-0.009695,0.501886,0.019603,0.864657,155.948151,329.565186,-172.289963,-0.010691,-0.018453,-0.009965,0.999723,228.221588,160.863403,-185.464417,-0.233683,-0.047498,-0.061356,0.969212,229.057739,178.294205,-206.381561
409,4.090000,-0.222962,-0.015102,-0.036239,0.974036,207.620880,199.143585,-215.941849,-0.234866,-0.047440,-0.040254,0.970034,247.204727,193.465912,-206.173553,-0.009868,0.501522,0.019410,0.864871,156.117096,329.568359,-172.575241,-0.010797,-0.018715,-0.010066,0.999716,228.248978,160.853394,-185.501785,-0.235953,-0.048293,-0.059080,0.968764,229.104050,178.232056,-206.389252
410,4.100000,-0.224069,-0.015126,-0.036176,0.973784,207.667770,199.057251,-216.012878,-0.237028,-0.050099,-0.041464,0.969324,247.266129,193.351837,-206.259796,-0.009531,0.501469,0.019391,0.864906,156.305008,329.572479,-172.871124,-0.010829,-0.018899,-0.010120,0.999712,228.277954,160.842072,-185.549667,-0.233891,-0.052099,-0.063942,0.968758,229.058884,178.116882,-206.405472
411,4.110000,-0.225800,-0.016134,-0.037917,0.973302,207.729492,198.981491,-216.094543,-0.239092,-0.054628,-0.042368,0.968533,247.322693,193.255890,-206.320206,-0.009764,0.501406,0.019191,0.864944,156.446014,329.564178,-173.137482,-0.010810,-0.019025,-0.010018,0.999710,228.308441,160.826126,-185.608887,-0.237323,-0.048365,-0.062159,0.968233,229.170044,178.084015,-206.442276
412,4.120000,-0.226074,-0.017163,-0.037021,0.973255,207.774277,198.920807,-216.176727,-0.239934,-0.055103,-0.042553,0.968290,247.346985,193.185760,-206.371994,-0.009789,0.501279,0.019128,0.865019,156.577423,329.552795,-173.378937,-0.010901,-0.019171,-0.010071,0.999706,228.327286,160.815735,-185.672073,-0.238640,-0.045848,-0.062629,0.968001,229.195770,178.032791,-206.485809
413,4.130000,-0.225485,-0.016880,-0.036494,0.973417,207.795242,198.880280,-216.240860,-0.240428,-0.054684,-0.042476,0.968194,247.355377,193.125305,-206.419006,-0.009497,0.501558,0.019376,0.864855,156.675186,329.546570,-173.560043,-0.011034,-0.019308,-0.010362,0.999699,228.331467,160.795609,-185.733963,-0.235014,-0.048810,-0.067530,0.968414,229.103043,177.923035,-206.526215
414,4.140000,-0.226046,-0.016877,-0.036150,0.973299,207.795654,198.851135,-216.297913,-0.240638,-0.054129,-0.042447,0.968174,247.335999,193.073486,-206.467926,-0.009606,0.501724,0.019280,0.864760,156.738876,329.539612,-173.671875,-0.011185,-0.019378,-0.010413,0.999695,228.333679,160.785751,-185.787842,-0.235683,-0.049915,-0.068560,0.968123,229.077515,177.860672,-206.565659
415,4.150000,-0.226289,-0.016798,-0.036665,0.973225,207.774216,198.832169,-216.328064,-0.240721,-0.053406,-0.042839,0.968177,247.330200,193.035324,-206.506790,-0.009687,0.501659,0.019118,0.864800,156.781281,329.524872,-173.716599,-0.011200,-0.019182,-0.010415,0.999699,228.325256,160.782898,-185.827271,-0.237459,-0.052671,-0.067121,0.967643,229.058853,177.844788,-206.600510
416,4.160000,-0.225884,-0.016766,-0.037031,0.973306,207.755951,198.837173,-216.342545,-0.240467,-0.051752,-0.042700,0.968336,247.317139,193.023758,-206.543915,-0.009722,0.501606,0.018942,0.864834,156.799561,329.510651,-173.701645,-0.011096,-0.018839,-0.010481,0.999706,228.320862,160.787201,-185.859360,-0.239172,-0.055545,-0.065450,0.967175,229.044830,177.844574,-206.633057
417,4.170000,-0.226392,-0.016879,-0.037670,0.973161,207.735748,198.852585,-216.316589,-0.240056,-0.050853,-0.042497,0.968494,247.310440,193.027145,-206.546951,-0.009822,0.501350,0.018602,0.864989,156.796539,329.504913,-173.633987,-0.011212,-0.018489,-0.010443,0.999712,228.322800,160.787964,-185.859146,-0.239945,-0.057976,-0.063872,0.966946,229.034302,177.862061,-206.655273
418,4.180000,-0.226862,-0.016784,-0.038399,0.973025,207.709534,198.892349,-216.245972,-0.239776,-0.051413,-0.041902,0.968560,247.285980,193.054779,-206.508286,-0.010240,0.501154,0.018310,0.865104,156.784424,329.492798,-173.474655,-0.011130,-0.018044,-0.010479,0.999720,228.311569,160.802017,-185.822403,-0.239141,-0.060462,-0.062834,0.967062,229.034622,177.900253,-206.661102
419,4.190000,-0.226410,-0.017222,-0.038371,0.973124,207.666260,198.944580,-216.148056,-0.239703,-0.051712,-0.042056,0.968556,247.249313,193.106766,-206.423569,-0.010443,0.500946,0.017798,0.865233,156.723679,329.477112,-173.231537,-0.010974,-0.017694,-0.010242,0.999731,228.274017,160.827560,-185.755798,-0.242375,-0.060778,-0.057299,0.966580,229.093597,178.000702,-206.632431
420,4.200000,-0.224683,-0.017021,-0.037634,0.973556,207.600800,199.060471,-216.056458,-0.238648,-0.051716,-0.041958,0.968820,247.201218,193.187958,-206.349365,-0.011136,0.500155,0.016459,0.865708,156.612091,329.469421,-172.902771,-0.010418,-0.017242,-0.010075,0.999746,228.230026,160.855637,-185.701691,-0.244592,-0.068813,-0.049760,0.965900,229.045044,178.096390,-206.612473
421,4.210000,-0.221331,-0.016464,-0.036039,0.974394,207.489334,199.196960,-215.949402,-0.237028,-0.050873,-0.043265,0.969205,247.085739,193.309097,-206.282471,-0.010770,0.500277,0.016979,0.865632,156.316040,329.359924,-172.352890,-0.010141,-0.016818,-0.009792,0.999759,228.158386,160.872345,-185.662903,-0.244550,-0.076011,-0.045408,0.965586,228.959244,178.205109,-206.609375
422,4.220000,-0.218887,-0.016397,-0.037031,0.974909,207.324539,199.354950,-215.811661,-0.233846,-0.048057,-0.041991,0.970177,246.975677,193.453278,-206.184921,-0.011127,0.500199,0.016409,0.865683,156.011215,329.241425,-171.742477,-0.010098,-0.016411,-0.009766,0.999767,228.063950,160.886169,-185.636200,-0.240461,-0.081835,-0.048764,0.965973,228.776382,178.299286,-206.644897
423,4.230000,-0.216383,-0.015645,-0.035264,0.975546,207.167999,199.563538,-215.690842,-0.229385,-0.040861,-0.039951,0.971657,246.816696,193.618088,-206.095703,-0.012046,0.499314,0.014747,0.866212,155.630936,329.104004,-171.027405,-0.010021,-0.015939,-0.009459,0.999778,227.957352,160.909256,-185.591751,-0.244030,-0.081286,-0.043309,0.965384,228.679001,178.544189,-206.626083
424,4.240000,-0.214779,-0.015409,-0.033854,0.975954,206.922379,199.810074,-215.482620,-0.228991,-0.045407,-0.041496,0.971483,246.611465,193.793976,-206.026321,-0.012846,0.498776,0.013381,0.866533,155.135162,328.961456,-170.114868,-0.009654,-0.015336,-0.009229,0.999793,227.800278,160.938049,-185.503006,-0.240977,-0.091282,-0.042483,0.965294,228.421631,178.717819,-206.617554
425,4.250000,-0.211869,-0.015150,-0.034483,0.976572,206.617523,200.062790,-215.167480,-0.227360,-0.048611,-0.041038,0.971731,246.350937,194.011414,-205.813614,-0.012833,0.499133,0.014503,0.866309,154.505295,328.797302,-169.013763,-0.008775,-0.015335,-0.008571,0.999807,227.604385,160.992508,-185.316467,-0.235360,-0.101007,-0.036586,0.965953,228.188477,178.954559,-206.574905
426,4.260000,-0.207590,-0.011936,-0.032430,0.977605,206.220520,200.372940,-214.741974,-0.224401,-0.047377,-0.041503,0.972459,245.976685,194.284012,-205.490860,-0.013374,0.498746,0.014428,0.866525,153.774277,328.671204,-167.737869,-0.008378,-0.015651,-0.007824,0.999812,227.336838,161.060623,-185.032379,-0.227531,-0.111001,-0.030436,0.966945,227.892288,179.178665,-206.524734
427,4.270000,-0.206492,-0.009570,-0.032581,0.977859,205.718506,200.709702,-214.254456,-0.222472,-0.037097,-0.039660,0.973426,245.590469,194.625076,-205.171265,-0.014581,0.498205,0.013027,0.866839,153.067307,328.574890,-166.462936,-0.007284,-0.015358,-0.007306,0.999829,227.019501,161.132477,-184.742004,-0.216254,-0.121360,-0.022537,0.968503,227.538071,179.459656,-206.468536
428,4.280000,-0.203669,-0.009922,-0.032114,0.978463,205.303375,201.084717,-213.795288,-0.217707,-0.031712,-0.037152,0.974791,245.155167,194.973495,-204.862808,-0.014967,0.498205,0.013429,0.866826,152.158722,328.361267,-164.916962,-0.006902,-0.015425,-0.006047,0.999839,226.672394,161.210693,-184.463196,-0.204388,-0.134372,-0.011887,0.969551,227.199554,179.757568,-206.394455
429,4.290000,-0.198304,-0.008835,-0.029453,0.979658,204.919525,201.528427,-213.344986,-0.207897,-0.035310,-0.038392,0.976759,244.773224,195.334412,-204.380630,-0.016057,0.497339,0.012027,0.867325,151.279648,328.168579,-163.405899,-0.006088,-0.015502,-0.005880,0.999844,226.409851,161.281174,-184.239395,-0.192815,-0.145059,-0.003211,0.970448,226.861664,180.115799,-206.338928
430,4.300000,-0.191568,-0.006704,-0.030359,0.980987,204.600586,202.026840,-212.911942,-0.207244,-0.033124,-0.037071,0.977025,244.514816,195.754120,-204.168304,-0.017264,0.497090,0.010849,0.867459,150.324387,327.883545,-161.732224,-0.005084,-0.015426,-0.005660,0.999852,226.186279,161.338455,-184.064026,-0.180581,-0.151250,0.000990,0.971861,226.624954,180.549545,-206.281418
431,4.310000,-0.187418,-0.005601,-0.028357,0.981855,204.308762,202.517517,-212.512650,-0.201300,-0.026320,-0.033276,0.978610,244.249664,196.179626,-203.819000,-0.018430,0.497865,0.010780,0.866992,149.355942,327.584290,-159.988312,-0.004531,-0.015300,-0.004885,0.999861,225.961990,161.387299,-183.836868,-0.168510,-0.154976,0.004145,0.973432,226.382935,181.021530,-206.235764
432,4.320000,-0.179171,-0.004212,-0.027746,0.983418,204.069977,203.025055,-212.059494,-0.194796,-0.024999,-0.031917,0.980006,244.032242,196.591385,-203.557465,-0.019923,0.493732,0.007212,0.869356,148.249710,327.187195,-158.041992,-0.003849,-0.014716,-0.004314,0.999875,225.791672,161.459915,-183.635391,-0.157236,-0.157640,0.008568,0.974861,226.151459,181.525528,-206.194763
433,4.330000,-0.173891,-0.003280,-0.027823,0.984366,203.772156,203.531250,-211.584488,-0.188295,-0.021499,-0.031721,0.981365,243.763336,197.009583,-203.223236,-0.020849,0.493039,0.005991,0.869737,147.102158,326.898438,-155.976364,-0.003120,-0.014176,-0.003836,0.999887,225.619125,161.524582,-183.427460,-0.146238,-0.161630,0.013406,0.975864,225.923035,182.055908,-206.154770
434,4.340000,-0.168718,-0.003965,-0.026724,0.985294,203.441238,204.060883,-211.088684,-0.179934,-0.015344,-0.029039,0.983130,243.449692,197.521378,-202.861893,-0.021569,0.493036,0.005131,0.869727,145.932312,326.646759,-153.881592,-0.002254,-0.014862,-0.003425,0.999881,225.418243,161.594894,-183.146729,-0.134344,-0.164494,0.017294,0.977033,225.656143,182.586151,-206.109451
435,4.350000,-0.160379,-0.002449,-0.026190,0.986705,203.118484,204.614731,-210.479645,-0.174459,-0.018659,-0.029471,0.984047,243.169800,198.016083,-202.541809,-0.021848,0.493264,0.004625,0.869593,144.678146,326.415680,-151.707748,-0.000918,-0.013354,-0.002556,0.999907,225.215561,161.699265,-182.849014,-0.118912,-0.171365,0.024750,0.977692,225.409531,183.146988,-206.029404
436,4.360000,-0.152933,0.000620,-0.024343,0.987937,202.780991,205.158188,-209.886215,-0.170177,-0.021267,-0.029704,0.984736,242.884811,198.535995,-202.134689,-0.022401,0.493225,0.003825,0.869605,143.294006,326.219818,-149.505325,0.001791,-0.008928,-0.002320,0.999956,225.001709,161.796265,-182.476196,-0.104709,-0.178463,0.032093,0.977833,225.154678,183.708542,-205.956619
437,4.370000,-0.147374,0.001199,-0.023569,0.988799,202.371918,205.723816,-209.256638,-0.162185,-0.015306,-0.026775,0.986278,242.540604,199.087646,-201.720551,-0.023987,0.492209,0.001532,0.870145,141.897293,326.024780,-147.299271,0.000899,-0.011753,-0.001983,0.999929,224.806900,161.883850,-182.209427,-0.089941,-0.184935,0.040002,0.977808,224.859299,184.266937,-205.887955
438,4.380000,-0.143174,0.001885,-0.022239,0.989446,201.941803,206.309998,-208.634949,-0.153287,-0.006392,-0.023466,0.987882,242.117340,199.692825,-201.343582,-0.023585,0.493411,0.002766,0.869472,140.410889,325.831665,-144.862732,0.001594,-0.012265,-0.001321,0.999923,224.589554,161.955902,-181.940384,-0.075654,-0.188328,0.052460,0.977782,224.498001,184.882706,-205.854050
439,4.390000,-0.134096,0.005601,-0.021104,0.990728,201.516678,206.910767,-207.918488,-0.147887,-0.010341,-0.023152,0.988679,241.778229,200.276642,-200.971878,-0.023765,0.493404,0.002408,0.869472,138.993881,325.693695,-142.475601,0.001484,-0.011543,-0.000794,0.999932,224.398682,162.038666,-181.611206,-0.056816,-0.199957,0.063632,0.976084,224.219330,185.465958,-205.736572
440,4.400000,-0.123985,0.007365,-0.017987,0.992094,201.174438,207.549728,-207.140961,-0.140873,-0.012308,-0.022744,0.989690,241.478516,200.943314,-200.370422,-0.024102,0.493154,0.001767,0.869606,137.544922,325.566315,-139.935501,0.002862,-0.013201,-0.000242,0.999909,224.235931,162.080444,-181.211517,-0.035590,-0.208261,0.069849,0.974927,224.014084,186.035889,-205.550461
441,4.410000,-0.117578,0.008977,-0.016470,0.992887,200.887589,208.168091,-206.344772,-0.131164,-0.010937,-0.020097,0.991097,241.213043,201.587463,-199.691422,-0.023865,0.493322,0.001792,0.869518,136.107056,325.438629,-137.399063,0.003208,-0.014217,0.000062,0.999894,224.046021,162.173019,-180.740814,-0.009401,-0.224754,0.077508,0.971282,223.904877,186.594238,-205.278214
442,4.420000,-0.114404,0.009329,-0.015981,0.993262,200.763916,208.616119,-205.686859,-0.124254,-0.009383,-0.019210,0.992020,241.125320,202.085373,-199.060318,-0.023184,0.493297,0.002303,0.869549,134.562210,325.420258,-134.771667,0.003733,-0.013817,0.000247,0.999898,223.925598,162.266541,-180.333130,0.010240,-0.233767,0.082483,0.968733,223.885406,187.009247,-205.009781
443,4.430000,-0.109171,0.009279,-0.014560,0.993873,200.800537,208.973221,-205.319412,-0.119900,-0.008824,-0.018741,0.992570,241.167648,202.393997,-198.748276,-0.022939,0.492914,0.002769,0.869771,132.944153,325.564453,-132.080612,0.004763,-0.014001,0.000359,0.999891,223.978577,162.292877,-180.134460,0.020816,-0.230535,0.081984,0.969381,223.922455,187.363861,-204.817566
444,4.440000,-0.106704,0.010926,-0.014745,0.994121,200.923096,209.270248,-205.155411,-0.116516,-0.009207,-0.018117,0.992981,241.289978,202.680847,-198.615585,-0.022132,0.492816,0.003883,0.869843,131.268265,325.740051,-129.367920,0.005713,-0.014539,0.000416,0.999878,224.110886,162.294815,-180.098389,0.025767,-0.209177,0.075570,0.974613,224.016159,187.703094,-204.713913
445,4.450000,-0.104330,0.011574,-0.014283,0.994373,201.166016,209.480148,-205.102203,-0.110742,-0.003176,-0.015874,0.993717,241.512650,202.856094,-198.525864,-0.021860,0.492541,0.004339,0.870004,129.711823,325.770172,-126.764862,0.005659,-0.014745,0.000267,0.999875,224.304520,162.303665,-180.151703,0.031473,-0.184500,0.066888,0.980049,224.188995,187.949814,-204.545685
446,4.460000,-0.102630,0.013745,-0.014357,0.994521,201.474396,209.521469,-205.196686,-0.107731,0.004743,-0.014334,0.994065,241.834412,202.851303,-198.646805,-0.022174,0.492492,0.004262,0.870024,128.214600,325.600281,-124.295486,0.006503,-0.014963,-0.000097,0.999867,224.570511,162.283752,-180.252502,0.025920,-0.154763,0.057694,0.985925,224.406631,188.046539,-204.471268
447,4.470000,-0.104126,0.013597,-0.015360,0.994353,201.788467,209.471695,-205.445206,-0.108635,0.005394,-0.013604,0.993974,242.160858,202.748871,-198.898224,-0.022799,0.492662,0.003665,0.869914,126.731125,325.360168,-121.877975,0.005633,-0.014351,-0.000756,0.999881,224.846664,162.258240,-180.426254,0.016892,-0.119332,0.044142,0.991729,224.623901,188.063812,-204.427429
448,4.480000,-0.105814,0.012717,-0.015968,0.994176,202.114471,209.302963,-205.840637,-0.111647,0.005888,-0.014561,0.993624,242.432892,202.564468,-199.242004,-0.022945,0.492685,0.003671,0.869897,125.264656,325.261536,-119.468277,0.004097,-0.013713,-0.001509,0.999896,225.109787,162.212402,-180.673477,0.007921,-0.086593,0.028153,0.995814,224.785797,187.958481,-204.376389
449,4.490000,-0.106455,0.011931,-0.016422,0.994110,202.330719,208.987854,-206.293655,-0.117063,0.000281,-0.017752,0.992966,242.678162,202.250336,-199.729324,-0.022613,0.493961,0.004555,0.869178,123.915413,325.297791,-117.067482,0.004377,-0.014064,-0.001668,0.999890,225.278351,162.166122,-180.920349,-0.007597,-0.053226,0.012538,0.998475,224.879639,187.742493,-204.406311
450,4.500000,-0.110587,0.011546,-0.017329,0.993648,202.445053,208.652283,-206.708450,-0.120853,0.000422,-0.018853,0.992491,242.745331,201.892441,-200.004395,-0.022593,0.494161,0.004502,0.869065,122.543991,325.351379,-114.660583,0.003433,-0.014143,-0.001730,0.999893,225.321243,162.115845,-181.148529,-0.019255,-0.026764,-0.002160,0.999454,224.903473,187.460938,-204.392715
451,4.510000,-0.114217,0.009215,-0.018561,0.993240,202.490891,208.290634,-207.154861,-0.126737,-0.004109,-0.020745,0.991711,242.779770,201.565796,-200.363922,-0.022554,0.494275,0.004623,0.869001,121.226646,325.339600,-112.294327,0.002069,-0.013352,-0.001647,0.999907,225.309311,162.077271,-181.345947,-0.030476,-0.009120,-0.013628,0.999401,224.859009,187.173721,-204.402283
452,4.520000,-0.117432,0.007052,-0.019443,0.992866,202.523804,207.943207,-207.581238,-0.130212,-0.003370,-0.020933,0.991260,242.777191,201.234741,-200.647186,-0.022674,0.494490,0.004845,0.868874,119.973251,325.231445,-110.045425,0.001615,-0.013477,-0.001385,0.999907,225.245560,162.042084,-181.539780,-0.044624,0.006423,-0.030861,0.998506,224.841003,186.785416,-204.422974
453,4.530000,-0.120953,0.005195,-0.019355,0.992456,202.482681,207.597565,-208.008148,-0.133600,-0.000940,-0.020421,0.990824,242.742645,200.946625,-200.978394,-0.022853,0.494350,0.004389,0.868951,118.760162,325.102966,-107.906525,0.000665,-0.013197,-0.001377,0.999912,225.169724,161.991272,-181.785599,-0.057844,0.020723,-0.042236,0.997217,224.750046,186.532303,-204.494324
454,4.540000,-0.123993,0.003785,-0.019898,0.992076,202.451645,207.302719,-208.348907,-0.138476,-0.005924,-0.020992,0.990126,242.671066,200.697067,-201.280472,-0.023148,0.494446,0.004184,0.868890,117.574577,325.024200,-105.800194,-0.000146,-0.013228,-0.001319,0.999912,225.096710,161.955704,-181.940689,-0.067468,0.026287,-0.040663,0.996546,224.615845,186.385147,-204.552200
455,4.550000,-0.127443,0.003373,-0.019451,0.991650,202.365173,207.086838,-208.572708,-0.143418,-0.013132,-0.023102,0.989305,242.590912,200.500061,-201.455231,-0.022899,0.494038,0.004312,0.869128,116.413109,325.035278,-103.817932,0.000291,-0.013365,-0.000990,0.999910,224.973846,161.930756,-182.028793,-0.069997,0.046853,-0.051038,0.995138,224.380814,186.354309,-204.495758
456,4.560000,-0.129639,0.004382,-0.019650,0.991357,202.253662,206.919159,-208.667969,-0.143960,-0.009448,-0.021955,0.989295,242.461075,200.406372,-201.467957,-0.022760,0.494278,0.004563,0.868994,115.239624,325.061371,-101.851967,0.000867,-0.012452,-0.001124,0.999922,224.795319,161.962540,-182.032059,-0.066165,0.078350,-0.068674,0.992355,224.256226,186.276245,-204.458969
457,4.570000,-0.131059,0.003691,-0.019648,0.991173,202.105515,206.845337,-208.710266,-0.142708,-0.004194,-0.020523,0.989543,242.313980,200.379044,-201.431976,-0.022370,0.494592,0.005050,0.868823,114.141319,325.043030,-100.056976,0.001270,-0.012533,-0.000824,0.999920,224.641022,161.962677,-182.011368,-0.065885,0.086735,-0.073889,0.991301,224.143906,186.223953,-204.426880
458,4.580000,-0.133117,0.004555,-0.019271,0.990903,201.970642,206.834442,-208.706833,-0.142096,-0.002724,-0.019733,0.989653,242.180557,200.389801,-201.394409,-0.022412,0.494279,0.004983,0.869000,113.070282,324.963226,-98.282066,0.000707,-0.014000,-0.000420,0.999902,224.588165,161.909470,-182.011993,-0.068098,0.085652,-0.071478,0.991422,224.096863,186.119400,-204.353622
459,4.590000,-0.134686,0.005946,-0.018865,0.990691,201.830719,206.870026,-208.637833,-0.141716,-0.002158,-0.018536,0.989731,242.050262,200.434662,-201.332901,-0.022227,0.494087,0.004874,0.869114,112.100273,324.879486,-96.677826,0.000997,-0.014206,-0.000482,0.999899,224.476349,161.914429,-181.979904,-0.071344,0.080495,-0.067135,0.991929,223.950180,186.140823,-204.352219
460,4.600000,-0.135664,0.005548,-0.018356,0.990569,201.675995,206.961166,-208.518555,-0.141180,-0.001388,-0.018437,0.989811,241.906235,200.506104,-201.230301,-0.022044,0.493516,0.004570,0.869445,111.208939,324.817841,-95.160728,0.001352,-0.014252,-0.000437,0.999897,224.379227,161.920120,-181.922363,-0.071956,0.072346,-0.063721,0.992738,223.825836,186.218643,-204.343262
461,4.610000,-0.133559,0.005892,-0.016883,0.990880,201.540176,207.101791,-208.355911,-0.138961,-0.001243,-0.018291,0.990128,241.766388,200.639755,-201.133011,-0.021941,0.493742,0.004645,0.869319,110.379417,324.797577,-93.698128,0.001835,-0.014410,-0.000209,0.999894,224.285141,161.936844,-181.852219,-0.072383,0.063203,-0.057929,0.993685,223.721344,186.334976,-204.337708
462,4.620000,-0.131336,0.008800,-0.015401,0.991179,201.473328,207.263626,-208.181137,-0.139962,-0.007398,-0.019667,0.989934,241.707718,200.764130,-201.078751,-0.021944,0.493865,0.004891,0.869248,109.596451,324.784393,-92.333862,0.001926,-0.013503,-0.000256,0.999907,224.176895,161.993713,-181.737305,-0.064031,0.076972,-0.064669,0.992871,223.568817,186.603699,-204.174622
463,4.630000,-0.129067,0.011470,-0.016288,0.991436,201.417786,207.396271,-207.968918,-0.140140,-0.012883,-0.021014,0.989825,241.687195,200.892120,-200.957031,-0.021888,0.493740,0.004969,0.869320,108.823235,324.783112,-91.018936,0.001474,-0.014102,-0.000107,0.999900,224.231140,161.981186,-181.655334,-0.050448,0.115558,-0.076941,0.989030,223.533585,186.714996,-203.924423
464,4.640000,-0.128024,0.009537,-0.017721,0.991567,201.418335,207.537170,-207.789856,-0.138563,-0.013525,-0.021558,0.990027,241.695221,201.029129,-200.828430,-0.021684,0.493345,0.005177,0.869548,108.132477,324.802399,-89.843681,0.002090,-0.014791,-0.000343,0.999888,224.270157,162.000046,-181.558655,-0.042545,0.145694,-0.086387,0.984632,223.539032,186.863266,-203.767960
465,4.650000,-0.127024,0.006291,-0.018485,0.991707,201.478683,207.661392,-207.641296,-0.136388,-0.013044,-0.021547,0.990335,241.740585,201.139679,-200.678833,-0.021734,0.493864,0.005139,0.869252,107.464088,324.783691,-88.700356,0.002448,-0.014408,-0.000476,0.999893,224.313553,162.023239,-181.461899,-0.038240,0.162688,-0.093391,0.981503,223.581284,186.993759,-203.621628
466,4.660000,-0.124059,0.007547,-0.017331,0.992095,201.541107,207.792099,-207.449371,-0.135177,-0.012168,-0.020790,0.990529,241.816544,201.254608,-200.536240,-0.021973,0.493962,0.005141,0.869191,106.850311,324.766663,-87.644768,0.002474,-0.014064,-0.000370,0.999898,224.380676,162.056473,-181.363678,-0.034272,0.168394,-0.095489,0.980485,223.651199,187.122635,-203.464325
467,4.670000,-0.120664,0.009523,-0.016666,0.992508,201.612625,207.880692,-207.304123,-0.134425,-0.011628,-0.020932,0.990634,241.897522,201.335785,-200.410980,-0.021980,0.493622,0.005105,0.869384,106.286415,324.770660,-86.638550,0.002201,-0.013831,-0.000552,0.999902,224.458771,162.076340,-181.271881,-0.033646,0.168584,-0.097178,0.980308,223.731277,187.200272,-203.335815
468,4.680000,-0.118898,0.008995,-0.017896,0.992704,201.685120,207.946518,-207.228714,-0.133172,-0.011508,-0.021616,0.990790,241.979691,201.389221,-200.336044,-0.022177,0.493735,0.004889,0.869316,105.758575,324.764771,-85.688042,0.002011,-0.013464,-0.000782,0.999907,224.531677,162.094604,-181.238495,-0.035602,0.169341,-0.098282,0.979999,223.795258,187.262695,-203.241226
469,4.690000,-0.118019,0.007132,-0.017972,0.992823,201.735428,207.984009,-207.202286,-0.132743,-0.011650,-0.021337,0.990852,242.042084,201.417343,-200.326004,-0.022427,0.494175,0.004747,0.869060,105.243286,324.746460,-84.733353,0.001804,-0.013140,-0.000813,0.999912,224.583160,162.105499,-181.244873,-0.037645,0.169197,-0.099429,0.979831,223.834305,187.331818,-203.162247
470,4.700000,-0.117708,0.006183,-0.018297,0.992860,201.762329,207.997040,-207.233627,-0.132770,-0.011293,-0.021226,0.990855,242.066086,201.421982,-200.362915,-0.022390,0.494180,0.004658,0.869059,104.751694,324.725159,-83.856606,0.001768,-0.013090,-0.000824,0.999913,224.609329,162.104309,-181.278732,-0.041804,0.169277,-0.101430,0.979443,223.839966,187.366440,-203.121368
471,4.710000,-0.118897,0.007430,-0.018035,0.992715,201.767822,207.988663,-207.308807,-0.132873,-0.010752,-0.021021,0.990852,242.064133,201.407135,-200.432556,-0.022304,0.494415,0.004916,0.868926,104.298004,324.699280,-83.042801,0.001833,-0.013174,-0.000800,0.999911,224.601120,162.089813,-181.349854,-0.048029,0.170160,-0.105112,0.978616,223.814560,187.377029,-203.120743
472,4.720000,-0.118922,0.008414,-0.017743,0.992710,201.742249,207.950714,-207.415634,-0.133157,-0.010672,-0.021140,0.990812,242.018143,201.364349,-200.547531,-0.022347,0.494274,0.004886,0.869005,103.870270,324.671448,-82.336601,0.001775,-0.013573,-0.000876,0.999906,224.583435,162.068359,-181.408859,-0.054635,0.170374,-0.108588,0.977853,223.738678,187.354294,-203.129730
473,4.730000,-0.119429,0.008485,-0.017213,0.992657,201.712234,207.894409,-207.507401,-0.133660,-0.011443,-0.021158,0.990735,241.983398,201.304932,-200.640747,-0.021948,0.494173,0.005387,0.869070,103.474258,324.649231,-81.733559,0.002100,-0.013636,-0.000911,0.999904,224.555054,162.041992,-181.476791,-0.059487,0.169241,-0.110990,0.977497,223.682602,187.333298,-203.136551
474,4.740000,-0.119924,0.007619,-0.016784,0.992612,201.669479,207.804688,-207.603058,-0.134814,-0.012329,-0.021162,0.990568,241.951508,201.246490,-200.711136,-0.022117,0.493931,0.004840,0.869206,103.115028,324.613495,-81.135139,0.001865,-0.013800,-0.000682,0.999903,224.508896,162.031326,-181.518463,-0.065699,0.164428,-0.111553,0.977856,223.616714,187.290543,-203.150055
475,4.750000,-0.121409,0.007062,-0.016704,0.992437,201.627655,207.735901,-207.684830,-0.133187,-0.007460,-0.020091,0.990859,241.894119,201.198746,-200.711258,-0.021763,0.493722,0.004979,0.869333,102.823898,324.585754,-80.675049,0.001596,-0.014237,-0.000590,0.999897,224.466812,162.019150,-181.550827,-0.073632,0.161164,-0.111300,0.977863,223.552795,187.237000,-203.191895
476,4.760000,-0.124975,0.006882,-0.017618,0.991980,201.593582,207.674728,-207.752731,-0.132036,-0.001246,-0.018305,0.991075,241.853958,201.139847,-200.731491,-0.021665,0.493879,0.005134,0.869246,102.518997,324.536041,-80.201645,0.001641,-0.014478,-0.000711,0.999894,224.423309,162.005905,-181.572174,-0.080277,0.157366,-0.111681,0.977916,223.527084,187.190384,-203.227982
477,4.770000,-0.127059,0.007589,-0.018318,0.991697,201.558228,207.637894,-207.791748,-0.131944,0.000840,-0.017641,0.991100,241.820755,201.101486,-200.753448,-0.021461,0.493814,0.005026,0.869288,102.305779,324.512909,-79.839760,0.002027,-0.014899,-0.000528,0.999887,224.380722,161.997681,-181.579071,-0.084501,0.150115,-0.110584,0.978824,223.485489,187.153885,-203.255402
478,4.780000,-0.127274,0.008356,-0.018092,0.991667,201.521835,207.627655,-207.822388,-0.132364,0.000576,-0.018313,0.991032,241.765381,201.083252,-200.793839,-0.021935,0.493566,0.004479,0.869420,102.118790,324.490356,-79.461395,0.001931,-0.014787,-0.000479,0.999889,224.344772,161.997803,-181.603500,-0.088515,0.140935,-0.107891,0.980134,223.446884,187.135376,-203.290527
479,4.790000,-0.126074,0.008470,-0.017496,0.991830,201.469208,207.623184,-207.851929,-0.132370,-0.000347,-0.018631,0.991025,241.721802,201.096451,-200.839371,-0.021837,0.493701,0.004389,0.869347,101.974373,324.504974,-79.157173,0.001834,-0.014570,-0.000438,0.999892,224.307571,161.999786,-181.636948,-0.092389,0.131506,-0.103723,0.981536,223.395706,187.126648,-203.328247
480,4.800000,-0.125162,0.008489,-0.018243,0.991932,201.411224,207.630707,-207.864670,-0.132288,-0.000521,-0.017929,0.991049,241.674606,201.115173,-200.866623,-0.021518,0.493868,0.004851,0.869257,101.879013,324.529510,-78.959999,0.001505,-0.013768,-0.000332,0.999904,224.272049,162.005005,-181.683136,-0.095400,0.121254,-0.100026,0.982950,223.361359,187.134018,-203.368225
481,4.810000,-0.123025,0.008047,-0.017149,0.992223,201.364426,207.651703,-207.869904,-0.132038,-0.000317,-0.017435,0.991091,241.635330,201.137741,-200.879059,-0.021687,0.493958,0.004696,0.869203,101.790184,324.531250,-78.772324,0.001335,-0.013500,-0.000150,0.999908,224.227158,162.014969,-181.705704,-0.099366,0.112151,-0.094842,0.984151,223.309006,187.136475,-203.421860
482,4.820000,-0.121207,0.008035,-0.016168,0.992463,201.326889,207.674515,-207.868301,-0.132330,-0.001035,-0.017902,0.991043,241.593658,201.164398,-200.878754,-0.021766,0.494007,0.004588,0.869174,101.720055,324.524536,-78.616356,0.001328,-0.013245,-0.000078,0.999911,224.197021,162.024551,-181.721497,-0.101644,0.102422,-0.090298,0.985406,223.293747,187.140457,-203.450867
483,4.830000,-0.121058,0.007829,-0.017099,0.992467,201.285339,207.691360,-207.860764,-0.132387,-0.002255,-0.018145,0.991030,241.567886,201.191147,-200.877136,-0.022777,0.493694,0.003058,0.869332,101.656174,324.548370,-78.428375,0.001296,-0.013031,-0.000013,0.999914,224.170197,162.033081,-181.734497,-0.103678,0.092954,-0.086019,0.986515,223.285324,187.146027,-203.481354
484,4.840000,-0.120401,0.008939,-0.017486,0.992531,201.262558,207.712875,-207.848068,-0.132359,-0.002822,-0.018135,0.991032,241.548019,201.209030,-200.880264,-0.023083,0.493361,0.002498,0.869515,101.596291,324.551849,-78.326469,0.001286,-0.012888,0.000023,0.999916,224.151260,162.037949,-181.746063,-0.105551,0.084148,-0.082031,0.987446,223.277786,187.146820,-203.510483
485,4.850000,-0.119113,0.009527,-0.017077,0.992688,201.239853,207.719772,-207.837051,-0.132156,-0.002388,-0.017875,0.991065,241.526703,201.211166,-200.877289,-0.023310,0.493619,0.002346,0.869363,101.532707,324.541656,-78.220581,0.001236,-0.012850,0.000036,0.999917,224.136566,162.038513,-181.746155,-0.107374,0.076022,-0.078287,0.988212,223.270996,187.139618,-203.538513
486,4.860000,-0.118837,0.009471,-0.016910,0.992725,201.232132,207.718506,-207.829498,-0.132520,-0.001791,-0.017575,0.991023,241.511520,201.214600,-200.860596,-0.023364,0.493644,0.002393,0.869347,101.514519,324.531036,-78.210091,0.001195,-0.012787,0.000028,0.999918,224.129532,162.038956,-181.736954,-0.107842,0.067051,-0.073568,0.989172,223.265625,187.135132,-203.546509
487,4.870000,-0.119219,0.009752,-0.016719,0.992679,201.234650,207.715347,-207.824646,-0.132775,-0.002095,-0.017636,0.990987,241.521774,201.208130,-200.851044,-0.023339,0.493520,0.002163,0.869418,101.540848,324.520782,-78.221931,0.001467,-0.013170,0.000167,0.999912,224.132050,162.040848,-181.718094,-0.109530,0.058988,-0.069622,0.989786,223.274811,187.124283,-203.567169
488,4.880000,-0.120202,0.010335,-0.016822,0.992553,201.265823,207.706848,-207.840195,-0.132391,-0.002414,-0.017973,0.991032,241.555252,201.203918,-200.873459,-0.023041,0.493525,0.002315,0.869423,101.589867,324.502319,-78.281281,0.001375,-0.013129,0.000053,0.999913,224.160889,162.032181,-181.724564,-0.112934,0.054495,-0.068231,0.989758,223.307800,187.112335,-203.610031
489,4.890000,-0.121127,0.009581,-0.015766,0.992465,201.332520,207.700317,-207.877792,-0.131992,-0.001717,-0.017607,0.991093,241.608276,201.197769,-200.900665,-0.022970,0.493528,0.002351,0.869423,101.619682,324.484100,-78.340179,0.001432,-0.013363,-0.000053,0.999910,224.212952,162.025574,-181.738693,-0.115368,0.050889,-0.067075,0.989748,223.354126,187.108963,-203.638962
490,4.900000,-0.122012,0.009610,-0.016095,0.992352,201.429733,207.703430,-207.916306,-0.131619,-0.000301,-0.017525,0.991146,241.681595,201.183060,-200.921280,-0.022906,0.493213,0.002249,0.869604,101.662209,324.471100,-78.448799,0.001553,-0.013463,-0.000255,0.999908,224.288437,162.019897,-181.756592,-0.116862,0.045610,-0.066428,0.989874,223.450485,187.110458,-203.645966
491,4.910000,-0.122520,0.010515,-0.016265,0.992277,201.511337,207.707062,-207.941666,-0.131299,0.000694,-0.017518,0.991188,241.760849,201.182358,-200.948029,-0.021857,0.493844,0.004025,0.869266,101.703522,324.432953,-78.592888,0.001555,-0.013631,-0.000387,0.999906,224.361938,162.018204,-181.788010,-0.119534,0.041442,-0.065485,0.989801,223.536545,187.113678,-203.676331
492,4.920000,-0.123306,0.011108,-0.016626,0.992167,201.587128,207.718719,-207.981735,-0.131568,0.001320,-0.017522,0.991152,241.864899,201.162018,-200.984406,-0.021845,0.493970,0.004146,0.869195,101.720131,324.422424,-78.652382,0.002049,-0.013314,-0.000549,0.999909,224.428772,162.015121,-181.847305,-0.121888,0.038113,-0.064364,0.989721,223.592346,187.118011,-203.709625
493,4.930000,-0.123662,0.011156,-0.017058,0.992115,201.628113,207.723297,-208.016541,-0.131476,0.001550,-0.017336,0.991167,241.910187,201.162582,-201.025238,-0.022084,0.493966,0.003914,0.869192,101.730484,324.424408,-78.677017,0.002103,-0.013222,-0.000596,0.999910,224.466003,162.017471,-181.885376,-0.123546,0.034643,-0.063600,0.989693,223.648712,187.126389,-203.740829
494,4.940000,-0.123361,0.010597,-0.017454,0.992152,201.637421,207.725540,-208.040558,-0.131601,0.001437,-0.017431,0.991148,241.917267,201.162338,-201.056183,-0.022112,0.494063,0.003924,0.869136,101.738983,324.439911,-78.662262,0.002083,-0.013086,-0.000631,0.999912,224.470932,162.022797,-181.914810,-0.124687,0.030354,-0.061791,0.989805,223.661469,187.116165,-203.771133
495,4.950000,-0.122954,0.009591,-0.017813,0.992206,201.602875,207.728088,-208.058487,-0.131748,0.001225,-0.017398,0.991130,241.882492,201.165741,-201.075974,-0.022150,0.494210,0.003949,0.869051,101.734604,324.459015,-78.633743,0.002029,-0.012933,-0.000632,0.999914,224.438293,162.029785,-181.935577,-0.125673,0.024374,-0.058618,0.990038,223.622314,187.091446,-203.805496
496,4.960000,-0.121805,0.008442,-0.017656,0.992361,201.515442,207.725784,-208.071671,-0.131784,0.000296,-0.017124,0.991130,241.787338,201.179184,-201.096512,-0.022232,0.494374,0.003978,0.868956,101.724327,324.468201,-78.601128,0.001931,-0.012712,-0.000597,0.999917,224.347183,162.038193,-181.952332,-0.125847,0.017502,-0.055620,0.990335,223.555969,187.080017,-203.845535
497,4.970000,-0.121656,0.006678,-0.018780,0.992372,201.360138,207.729477,-208.094986,-0.131101,-0.000698,-0.017914,0.991207,241.628036,201.207657,-201.142700,-0.023199,0.493841,0.002304,0.869240,101.715202,324.499817,-78.519798,0.001857,-0.012957,-0.000163,0.999914,224.216125,162.050003,-181.969788,-0.126301,0.012452,-0.051705,0.990565,223.421158,187.081833,-203.911194
498,4.980000,-0.122135,0.006141,-0.018467,0.992323,201.211990,207.724518,-208.131454,-0.130932,-0.000800,-0.018451,0.991219,241.482162,201.219543,-201.169098,-0.023296,0.493731,0.002083,0.869300,101.715546,324.508026,-78.498329,0.001861,-0.012850,-0.000135,0.999916,224.094116,162.050278,-181.990509,-0.126247,0.006508,-0.048410,0.990796,223.291611,187.064743,-203.962418
499,4.990000,-0.121470,0.005823,-0.016940,0.992434,201.055450,207.720749,-208.113220,-0.131468,-0.000757,-0.017511,0.991166,241.327606,201.227402,-201.169998,-0.023141,0.493756,0.002247,0.869290,101.713806,324.499146,-78.501740,0.001932,-0.012918,0.000204,0.999915,223.984268,162.053864,-181.980042,-0.126373,0.001588,-0.045725,0.990927,223.161301,187.065048,-204.026947
500,5.000000,-0.122589,0.006571,-0.016943,0.992291,200.929230,207.699249,-208.064026,-0.133811,-0.005716,-0.018467,0.990818,241.235001,201.219116,-201.203751,-0.023081,0.493654,0.002313,0.869349,101.705307,324.476868,-78.522369,0.002318,-0.013376,0.000557,0.999908,223.890533,162.051208,-181.947708,-0.125942,-0.004040,-0.040993,0.991182,223.078018,187.027237,-204.039139
501,5.010000,-0.123367,0.008278,-0.016637,0.992187,200.894104,207.690750,-208.018295,-0.135775,-0.010773,-0.019715,0.990485,241.217026,201.209885,-201.171814,-0.022930,0.493480,0.002363,0.869452,101.695930,324.458923,-78.540154,0.001151,-0.013261,0.000708,0.999911,223.861908,162.054947,-181.889709,-0.125864,-0.010178,-0.037423,0.991289,223.062546,187.016022,-204.049515
502,5.020000,-0.123523,0.010180,-0.015954,0.992161,200.924515,207.680359,-207.974884,-0.136920,-0.011992,-0.020406,0.990299,241.249054,201.208633,-201.116440,-0.022829,0.493274,0.002360,0.869571,101.686813,324.443054,-78.542892,0.001384,-0.013430,0.000515,0.999909,223.890732,162.045044,-181.829300,-0.125918,-0.014467,-0.034963,0.991319,223.100555,187.007721,-204.045364
503,5.030000,-0.122192,0.010761,-0.015166,0.992332,201.044800,207.690948,-207.927261,-0.136878,-0.012309,-0.020910,0.990291,241.349670,201.204819,-201.046021,-0.022831,0.493109,0.002298,0.869665,101.668541,324.422424,-78.540199,0.001519,-0.013197,0.000296,0.999912,223.987442,162.043472,-181.777130,-0.125327,-0.019201,-0.034414,0.991333,223.233704,187.008850,-204.011063
504,5.040000,-0.121403,0.011727,-0.015785,0.992409,201.182526,207.705368,-207.851334,-0.134139,-0.006290,-0.019606,0.990749,241.459213,201.211319,-200.911819,-0.022994,0.492887,0.002024,0.869787,101.657059,324.401642,-78.534775,0.001419,-0.013049,-0.000108,0.999914,224.088379,162.041183,-181.724228,-0.124411,-0.023822,-0.031052,0.991459,223.351273,187.016739,-203.965515
505,5.050000,-0.121261,0.011157,-0.014615,0.992450,201.306839,207.738159,-207.781326,-0.132177,-0.001209,-0.017863,0.991065,241.598816,201.223877,-200.829391,-0.023081,0.492842,0.001981,0.869810,101.652092,324.392365,-78.526657,0.001488,-0.013200,-0.000231,0.999912,224.197311,162.045532,-181.668106,-0.124763,-0.027929,-0.028405,0.991387,223.469345,187.024506,-203.936127
506,5.060000,-0.122499,0.011126,-0.015682,0.992282,201.433685,207.774506,-207.724304,-0.131207,-0.000899,-0.018333,0.991185,241.705933,201.236649,-200.767792,-0.021954,0.493662,0.003860,0.869368,101.663002,324.375153,-78.559387,0.001343,-0.013162,-0.000615,0.999912,224.289261,162.056396,-181.619308,-0.122593,-0.033569,-0.027251,0.991515,223.599884,187.062988,-203.884933
507,5.070000,-0.122524,0.010367,-0.015713,0.992287,201.503723,207.835938,-207.681213,-0.130547,-0.000139,-0.018114,0.991277,241.773758,201.270813,-200.714386,-0.021885,0.493867,0.003998,0.869253,101.678764,324.388397,-78.550812,0.001896,-0.013585,-0.000784,0.999906,224.341354,162.066818,-181.577026,-0.122530,-0.037448,-0.025662,0.991426,223.672958,187.085800,-203.872681
508,5.080000,-0.121536,0.009246,-0.016436,0.992408,201.519135,207.871552,-207.633545,-0.132435,-0.005983,-0.019609,0.990980,241.796661,201.314651,-200.741470,-0.021954,0.494071,0.003978,0.869135,101.701927,324.400238,-78.551430,0.001970,-0.013384,-0.000787,0.999908,224.352753,162.080475,-181.562012,-0.121820,-0.040518,-0.024471,0.991423,223.704819,187.112610,-203.863235
509,5.090000,-0.119743,0.007678,-0.017103,0.992628,201.483017,207.903519,-207.603500,-0.134099,-0.012152,-0.021171,0.990667,241.770370,201.349609,-200.737579,-0.022135,0.494226,0.003847,0.869043,101.734261,324.408752,-78.573273,0.001431,-0.012414,-0.000729,0.999922,224.328339,162.096863,-181.578171,-0.120889,-0.044211,-0.021690,0.991444,223.675110,187.120270,-203.854248
510,5.100000,-0.118883,0.006345,-0.018296,0.992719,201.408020,207.922028,-207.586487,-0.133379,-0.011889,-0.021244,0.990766,241.709015,201.387527,-200.729919,-0.022296,0.494526,0.003739,0.868869,101.772964,324.420349,-78.607956,0.001942,-0.012441,-0.000263,0.999921,224.284058,162.117050,-181.585739,-0.120880,-0.047872,-0.019238,0.991326,223.623306,187.125229,-203.862518
511,5.110000,-0.118041,0.006431,-0.017745,0.992829,201.344330,207.935913,-207.606903,-0.132865,-0.011360,-0.020897,0.990849,241.663452,201.413803,-200.743896,-0.022442,0.494649,0.003637,0.868796,101.799477,324.423645,-78.645760,0.001811,-0.012155,-0.000139,0.999925,224.241028,162.124222,-181.615463,-0.123904,-0.047173,-0.024462,0.990870,223.613998,187.077057,-203.889450
512,5.120000,-0.116818,0.006151,-0.017308,0.992983,201.287949,207.934647,-207.632065,-0.133287,-0.011573,-0.020678,0.990794,241.613724,201.431564,-200.763596,-0.022522,0.494712,0.003568,0.868758,101.821487,324.419647,-78.681992,0.001711,-0.012019,-0.000002,0.999926,224.198563,162.126999,-181.643692,-0.122826,-0.047383,-0.019413,0.991106,223.528214,187.163834,-203.921600
513,5.130000,-0.116491,0.006037,-0.017157,0.993025,201.253601,207.932709,-207.654358,-0.133783,-0.012754,-0.020096,0.990725,241.560104,201.441116,-200.793655,-0.022488,0.494652,0.003564,0.868793,101.828537,324.413788,-78.698387,0.001530,-0.011873,0.000290,0.999928,224.156906,162.126724,-181.660599,-0.124064,-0.048768,-0.017091,0.990928,223.474609,187.177902,-203.956375
514,5.140000,-0.117458,0.006769,-0.017035,0.992909,201.213013,207.922684,-207.669098,-0.134407,-0.013910,-0.020433,0.990618,241.521057,201.421463,-200.806244,-0.022404,0.494535,0.003562,0.868862,101.828049,324.410004,-78.702454,0.001185,-0.012209,0.000304,0.999925,224.112106,162.130051,-181.662643,-0.124404,-0.048800,-0.017273,0.990880,223.438644,187.171616,-203.967194
515,5.150000,-0.118828,0.007910,-0.016571,0.992745,201.205704,207.903198,-207.679062,-0.134833,-0.013660,-0.020465,0.990563,241.512558,201.392365,-200.817429,-0.022271,0.494381,0.003652,0.868952,101.806892,324.398804,-78.682709,0.001409,-0.012432,0.000346,0.999922,224.109680,162.116547,-181.663727,-0.125152,-0.049047,-0.017412,0.990772,223.428482,187.160767,-203.975922
516,5.160000,-0.120064,0.008595,-0.016169,0.992597,201.211411,207.878387,-207.688400,-0.132900,-0.007524,-0.018741,0.990924,241.504654,201.362137,-200.763611,-0.022150,0.494159,0.003696,0.869081,101.772873,324.385345,-78.654282,0.001543,-0.012717,0.000046,0.999918,224.119629,162.095352,-181.651794,-0.125884,-0.048962,-0.017726,0.990677,223.427338,187.145950,-203.982147
517,5.170000,-0.121472,0.009713,-0.015086,0.992433,201.205292,207.851135,-207.695526,-0.130844,-0.000560,-0.016760,0.991261,241.494873,201.335678,-200.746262,-0.021990,0.493856,0.003840,0.869257,101.710854,324.373077,-78.603683,0.001644,-0.012997,-0.000013,0.999914,224.112961,162.083542,-181.638657,-0.126448,-0.049140,-0.018039,0.990591,223.416260,187.133224,-203.990601
518,5.180000,-0.122133,0.009808,-0.014977,0.992352,201.185455,207.827667,-207.685577,-0.130717,0.000816,-0.016421,0.991283,241.479492,201.313965,-200.734726,-0.021833,0.493672,0.004014,0.869365,101.666245,324.365387,-78.566429,0.001808,-0.013357,-0.000036,0.999909,224.096756,162.074295,-181.616867,-0.125378,-0.050750,-0.018680,0.990634,223.405960,187.111572,-203.973877
519,5.190000,-0.122690,0.010061,-0.014900,0.992282,201.170197,207.813934,-207.667801,-0.130706,0.001173,-0.016266,0.991287,241.463211,201.300644,-200.715103,-0.021726,0.493651,0.004071,0.869379,101.632729,324.368958,-78.526878,0.001639,-0.013506,-0.000056,0.999907,224.082794,162.072525,-181.585892,-0.125100,-0.052967,-0.018017,0.990565,223.395462,187.097473,-203.971344
520,5.200000,-0.123100,0.010004,-0.014805,0.992233,201.154968,207.812561,-207.643158,-0.132939,-0.004701,-0.017932,0.990951,241.456482,201.299255,-200.754959,-0.022000,0.493758,0.003761,0.869313,101.616539,324.370697,-78.464050,0.001927,-0.013797,-0.000085,0.999903,224.071259,162.072220,-181.555756,-0.124714,-0.054861,-0.017068,0.990528,223.386108,187.090805,-203.966858
521,5.210000,-0.123258,0.009574,-0.015554,0.992207,201.136871,207.831375,-207.619965,-0.134854,-0.011258,-0.019210,0.990615,241.430298,201.317108,-200.744278,-0.021978,0.493935,0.003825,0.869212,101.619499,324.377655,-78.453629,0.002155,-0.013872,-0.000080,0.999902,224.040710,162.081680,-181.539398,-0.123985,-0.056941,-0.016031,0.990519,223.372849,187.093323,-203.961807
522,5.220000,-0.122089,0.008911,-0.016220,0.992347,201.111710,207.855652,-207.608368,-0.134621,-0.011885,-0.019192,0.990640,241.410828,201.340103,-200.728821,-0.021854,0.493870,0.003998,0.869252,101.648811,324.384491,-78.513336,0.001784,-0.013234,0.000193,0.999911,224.014938,162.099670,-181.554977,-0.123436,-0.058857,-0.015046,0.990491,223.359772,187.102524,-203.960068
523,5.230000,-0.121368,0.008140,-0.016374,0.992439,201.109268,207.872635,-207.595001,-0.134308,-0.012198,-0.019179,0.990679,241.407959,201.367279,-200.723328,-0.021991,0.493958,0.003907,0.869199,101.688568,324.384399,-78.560738,0.001647,-0.012977,0.000225,0.999914,224.013657,162.111420,-181.563995,-0.123100,-0.060203,-0.014246,0.990464,223.362976,187.115646,-203.956497
524,5.240000,-0.120498,0.007470,-0.016566,0.992547,201.125076,207.890625,-207.588562,-0.134155,-0.012237,-0.019197,0.990699,241.425446,201.391174,-200.724594,-0.022200,0.494136,0.003731,0.869093,101.733559,324.387512,-78.602531,0.001504,-0.012693,0.000396,0.999918,224.040039,162.121826,-181.574707,-0.124151,-0.059269,-0.013128,0.990405,223.377594,187.136932,-203.972321
525,5.250000,-0.119391,0.006388,-0.016933,0.992682,201.161377,207.907684,-207.588333,-0.133675,-0.012072,-0.019323,0.990763,241.472961,201.418793,-200.727371,-0.022311,0.494369,0.003629,0.868958,101.781792,324.393585,-78.644730,0.001423,-0.012351,0.000372,0.999923,224.076401,162.130463,-181.588409,-0.124667,-0.058663,-0.012573,0.990383,223.414459,187.150955,-203.968109
526,5.260000,-0.118871,0.006442,-0.016554,0.992751,201.221909,207.931396,-207.601120,-0.133643,-0.012523,-0.019728,0.990754,241.524139,201.432831,-200.735474,-0.022380,0.494520,0.003568,0.868871,101.818336,324.398438,-78.671127,0.001403,-0.012211,0.000272,0.999924,224.119324,162.134842,-181.601685,-0.125132,-0.058184,-0.012540,0.990353,223.457657,187.160110,-203.963364
527,5.270000,-0.117892,0.006082,-0.017075,0.992861,201.272476,207.934937,-207.607605,-0.133619,-0.012591,-0.020160,0.990748,241.585403,201.428482,-200.734955,-0.022418,0.494591,0.003540,0.868829,101.840050,324.402679,-78.684929,0.001605,-0.012045,0.000183,0.999926,224.170212,162.130722,-181.615051,-0.124706,-0.058340,-0.013547,0.990385,223.512604,187.165222,-203.944351
528,5.280000,-0.117351,0.005817,-0.017591,0.992918,201.316376,207.934921,-207.616379,-0.133466,-0.011958,-0.020938,0.990760,241.639236,201.417770,-200.746902,-0.022407,0.494588,0.003550,0.868831,101.840164,324.403076,-78.682060,0.001725,-0.012097,-0.000068,0.999925,224.213593,162.123535,-181.623413,-0.127369,-0.057562,-0.019911,0.989983,223.601425,187.084259,-203.923065
529,5.290000,-0.117733,0.006568,-0.017579,0.992868,201.335724,207.923553,-207.629715,-0.133464,-0.012235,-0.020971,0.990756,241.662750,201.402969,-200.774933,-0.022362,0.494500,0.003562,0.868882,101.820854,324.400848,-78.668289,0.001646,-0.012133,-0.000272,0.999925,224.233978,162.112854,-181.633133,-0.126529,-0.055680,-0.015935,0.990271,223.576096,187.147980,-203.939133
530,5.300000,-0.118238,0.007196,-0.016878,0.992816,201.322296,207.908813,-207.649841,-0.133880,-0.012486,-0.020746,0.990702,241.639740,201.391617,-200.794220,-0.022310,0.494394,0.003619,0.868944,101.789055,324.394531,-78.650246,0.001660,-0.012306,-0.000289,0.999923,224.224930,162.105804,-181.634796,-0.127053,-0.057653,-0.014384,0.990115,223.558029,187.140640,-203.947983
531,5.310000,-0.119253,0.007457,-0.016101,0.992705,201.287628,207.890869,-207.656387,-0.134504,-0.012726,-0.021046,0.990608,241.599411,201.372772,-200.793900,-0.022192,0.494158,0.003706,0.869081,101.745621,324.386414,-78.620224,0.001777,-0.012527,-0.000130,0.999920,224.185272,162.094070,-181.622955,-0.127651,-0.056994,-0.014525,0.990074,223.501846,187.141647,-203.978348
532,5.320000,-0.120945,0.008285,-0.015407,0.992505,201.226303,207.887527,-207.653961,-0.134928,-0.013415,-0.021095,0.990540,241.540497,201.364517,-200.788101,-0.022062,0.493925,0.003810,0.869216,101.708908,324.381744,-78.591545,0.001739,-0.012882,0.000016,0.999916,224.126785,162.093750,-181.613434,-0.127481,-0.056891,-0.014523,0.990102,223.447830,187.134247,-203.992966
533,5.330000,-0.121725,0.008676,-0.016133,0.992395,201.147324,207.867599,-207.634979,-0.134978,-0.013195,-0.019889,0.990561,241.459396,201.355408,-200.771500,-0.022009,0.493683,0.003797,0.869355,101.685089,324.372131,-78.573387,0.002018,-0.013279,0.000216,0.999910,224.066055,162.092590,-181.591721,-0.126941,-0.058310,-0.014074,0.990095,223.388321,187.129486,-204.005157
534,5.340000,-0.121765,0.009118,-0.016264,0.992384,201.084824,207.866776,-207.626083,-0.134599,-0.012499,-0.019733,0.990625,241.382065,201.352875,-200.756393,-0.021860,0.493707,0.003956,0.869344,101.673691,324.365814,-78.569885,0.001735,-0.013279,0.000263,0.999910,223.999069,162.095917,-181.574814,-0.125439,-0.061604,-0.013391,0.990096,223.325272,187.106369,-203.991791
535,5.350000,-0.122710,0.008964,-0.016879,0.992259,201.020279,207.857452,-207.602356,-0.134584,-0.012072,-0.020224,0.990622,241.322876,201.367233,-200.745865,-0.021825,0.493612,0.003989,0.869399,101.659523,324.362061,-78.560410,0.001817,-0.013521,0.000381,0.999907,223.960571,162.098175,-181.555817,-0.124796,-0.064239,-0.011607,0.990033,223.275848,187.102737,-203.991226
536,5.360000,-0.123127,0.008308,-0.017145,0.992208,200.996033,207.863785,-207.583633,-0.134447,-0.012038,-0.020176,0.990642,241.304840,201.377335,-200.733002,-0.021754,0.493724,0.004079,0.869337,101.658897,324.365845,-78.555435,0.001859,-0.013466,0.000383,0.999908,223.947830,162.099823,-181.545975,-0.124552,-0.065604,-0.010709,0.989984,223.265274,187.107040,-203.988068
537,5.370000,-0.122984,0.008217,-0.017517,0.992220,201.013428,207.876419,-207.568344,-0.134197,-0.012171,-0.020547,0.990667,241.319885,201.390869,-200.718018,-0.021866,0.493695,0.003982,0.869351,101.672073,324.365814,-78.567673,0.001805,-0.013356,0.000337,0.999909,223.957794,162.104233,-181.540253,-0.125525,-0.064619,-0.009651,0.989937,223.274414,187.121368,-204.000229
538,5.380000,-0.121859,0.008033,-0.016854,0.992372,201.071182,207.896408,-207.569214,-0.133921,-0.012167,-0.020153,0.990712,241.366333,201.411560,-200.705948,-0.021958,0.493905,0.003884,0.869230,101.694199,324.375671,-78.574608,0.001714,-0.013053,0.000258,0.999913,223.998947,162.113815,-181.546143,-0.126039,-0.063632,-0.010143,0.989931,223.328751,187.136017,-203.993347
539,5.390000,-0.121007,0.007476,-0.016684,0.992483,201.136902,207.906708,-207.565048,-0.133552,-0.011902,-0.019861,0.990771,241.431976,201.422043,-200.701401,-0.022087,0.493943,0.003782,0.869205,101.713539,324.381470,-78.585968,0.001646,-0.012856,0.000368,0.999916,224.053925,162.121017,-181.553726,-0.125821,-0.062973,-0.010887,0.989992,223.395065,187.155304,-203.977707
540,5.400000,-0.120589,0.007058,-0.016199,0.992545,201.205414,207.929672,-207.572800,-0.133566,-0.012309,-0.019770,0.990766,241.509689,201.423325,-200.704971,-0.022227,0.494228,0.003658,0.869040,101.759232,324.392181,-78.613167,0.001527,-0.012571,0.000306,0.999920,224.101151,162.127380,-181.565857,-0.126182,-0.062262,-0.011111,0.989989,223.447586,187.159073,-203.967087
541,5.410000,-0.119665,0.006532,-0.016698,0.992652,201.252380,207.934982,-207.575241,-0.133674,-0.012559,-0.020061,0.990743,241.561646,201.423935,-200.712631,-0.022318,0.494340,0.003593,0.868975,101.784637,324.395508,-78.632668,0.001557,-0.012240,0.000204,0.999924,224.151184,162.127045,-181.574799,-0.126478,-0.061717,-0.011365,0.989982,223.488953,187.162659,-203.958923
542,5.420000,-0.118908,0.005936,-0.017395,0.992735,201.278839,207.941177,-207.584503,-0.133572,-0.012413,-0.020265,0.990754,241.597107,201.425690,-200.721786,-0.022383,0.494443,0.003563,0.868915,101.803535,324.398956,-78.647980,0.001792,-0.012128,0.000149,0.999925,224.179581,162.127411,-181.596634,-0.126461,-0.062513,-0.011662,0.989931,223.532471,187.153961,-203.939545
543,5.430000,-0.118610,0.005788,-0.017648,0.992767,201.287811,207.935562,-207.602310,-0.133638,-0.012444,-0.020351,0.990743,241.608032,201.424652,-200.735779,-0.022398,0.494479,0.003552,0.868894,101.815254,324.398560,-78.657692,0.001894,-0.012234,-0.000025,0.999923,224.192184,162.121780,-181.606155,-0.126867,-0.063223,-0.011409,0.989837,223.542847,187.151459,-203.939453
544,5.440000,-0.118408,0.006129,-0.017527,0.992792,201.277710,207.928268,-207.616547,-0.133567,-0.012211,-0.020776,0.990747,241.609055,201.416458,-200.744949,-0.022376,0.494456,0.003544,0.868907,101.815262,324.396454,-78.658913,0.001870,-0.012281,-0.000016,0.999923,224.184265,162.118576,-181.614456,-0.126927,-0.062918,-0.012048,0.989841,223.519531,187.159119,-203.955673
545,5.450000,-0.118802,0.007265,-0.016491,0.992754,201.246399,207.922729,-207.626999,-0.134157,-0.012982,-0.020545,0.990662,241.561417,201.408768,-200.764664,-0.022310,0.494360,0.003563,0.868963,101.799507,324.390045,-78.648048,0.001820,-0.012547,0.000107,0.999920,224.148026,162.114548,-181.614716,-0.127601,-0.061521,-0.011891,0.989844,223.478897,187.156403,-203.980438
546,5.460000,-0.119616,0.008081,-0.015760,0.992662,201.208328,207.916138,-207.628418,-0.134617,-0.014036,-0.020545,0.990585,241.513626,201.400589,-200.766846,-0.022251,0.494239,0.003607,0.869034,101.776337,324.385193,-78.635323,0.001820,-0.012644,0.000228,0.999918,224.109558,162.109528,-181.611542,-0.127499,-0.061598,-0.011883,0.989853,223.441208,187.150787,-203.992523
547,5.470000,-0.120644,0.008608,-0.016155,0.992527,201.161514,207.904541,-207.622910,-0.134743,-0.014048,-0.019955,0.990580,241.462402,201.390732,-200.761353,-0.022144,0.494014,0.003699,0.869164,101.737778,324.378265,-78.610710,0.001765,-0.012729,0.000416,0.999917,224.067520,162.109222,-181.603287,-0.127253,-0.062465,-0.011675,0.989833,223.401566,187.146225,-204.004471
548,5.480000,-0.121769,0.008883,-0.016194,0.992387,201.119293,207.899658,-207.610672,-0.134586,-0.013396,-0.019588,0.990618,241.421112,201.384277,-200.747131,-0.022058,0.493799,0.003774,0.869288,101.700577,324.372742,-78.584427,0.001953,-0.012917,0.000295,0.999915,224.025513,162.103333,-181.587448,-0.126781,-0.063636,-0.011315,0.989823,223.368759,187.143433,-204.011215
549,5.490000,-0.122137,0.009400,-0.016231,0.992336,201.087021,207.899414,-207.598633,-0.134182,-0.012752,-0.020664,0.990659,241.369583,201.390747,-200.730316,-0.022033,0.493603,0.003751,0.869400,101.674339,324.365845,-78.567322,0.001790,-0.013110,0.000232,0.999913,223.998352,162.104614,-181.560928,-0.126737,-0.064561,-0.010303,0.989780,223.329285,187.129562,-204.018448
550,5.500000,-0.122375,0.009207,-0.016961,0.992296,201.055618,207.888229,-207.570557,-0.134053,-0.012406,-0.020607,0.990682,241.349854,201.395950,-200.711441,-0.021894,0.493597,0.003941,0.869406,101.660881,324.363007,-78.559471,0.001765,-0.013195,0.000247,0.999911,223.981400,162.105469,-181.540771,-0.126459,-0.065484,-0.009783,0.989760,223.316513,187.131409,-204.021744
551,5.510000,-0.122276,0.008948,-0.016379,0.992321,201.060349,207.898743,-207.560730,-0.133980,-0.012235,-0.020550,0.990695,241.347321,201.403061,-200.697830,-0.021850,0.493588,0.003980,0.869412,101.659081,324.363892,-78.556335,0.002172,-0.013679,0.000186,0.999904,223.980774,162.105484,-181.521729,-0.126151,-0.066139,-0.009328,0.989760,223.316238,187.135834,-204.021332
552,5.520000,-0.122800,0.009589,-0.016119,0.992254,201.074982,207.915451,-207.559555,-0.133908,-0.012267,-0.020575,0.990704,241.357574,201.411285,-200.690125,-0.021854,0.493658,0.003999,0.869372,101.668732,324.366577,-78.561989,0.002224,-0.013628,0.000168,0.999905,223.994339,162.109726,-181.521271,-0.125952,-0.066519,-0.008913,0.989763,223.328339,187.139908,-204.018051
553,5.530000,-0.123019,0.009285,-0.016151,0.992229,201.098938,207.920273,-207.553726,-0.133673,-0.012167,-0.019891,0.990751,241.389420,201.426651,-200.687241,-0.022047,0.493694,0.003757,0.869348,101.688377,324.369720,-78.576225,0.001801,-0.013085,0.000191,0.999913,224.011627,162.114746,-181.537308,-0.125677,-0.066617,-0.009241,0.989789,223.360977,187.155609,-204.014862
554,5.540000,-0.122676,0.008590,-0.016515,0.992272,201.124680,207.930008,-207.554413,-0.133319,-0.011761,-0.020051,0.990801,241.427383,201.434387,-200.691513,-0.022093,0.493890,0.003755,0.869235,101.713219,324.375916,-78.594902,0.001720,-0.012907,0.000362,0.999915,224.045609,162.118942,-181.550156,-0.125586,-0.066413,-0.009261,0.989814,223.391495,187.160706,-204.008728
555,5.550000,-0.121848,0.007430,-0.016884,0.992377,201.160233,207.936920,-207.567673,-0.133205,-0.011970,-0.020257,0.990809,241.460892,201.440659,-200.706299,-0.022206,0.494075,0.003662,0.869128,101.745132,324.383087,-78.621490,0.001631,-0.012693,0.000350,0.999918,224.073563,162.123489,-181.567856,-0.125852,-0.066070,-0.009262,0.989803,223.421997,187.162613,-204.005371
556,5.560000,-0.120331,0.006982,-0.016333,0.992575,201.197952,207.942245,-207.587250,-0.133444,-0.012686,-0.019775,0.990778,241.509781,201.437439,-200.724609,-0.022302,0.494326,0.003612,0.868983,101.778801,324.388184,-78.648613,0.001453,-0.012383,0.000336,0.999922,224.099594,162.126556,-181.589386,-0.126200,-0.065254,-0.009495,0.989811,223.450485,187.162933,-204.004303
557,5.570000,-0.119351,0.006752,-0.016498,0.992692,201.221985,207.944992,-207.600266,-0.133722,-0.012916,-0.019951,0.990734,241.534210,201.435959,-200.741089,-0.022362,0.494380,0.003555,0.868951,101.797897,324.389038,-78.661911,0.001398,-0.012286,0.000252,0.999924,224.123871,162.129059,-181.604401,-0.126382,-0.064594,-0.009806,0.989828,223.472076,187.162323,-204.003708
558,5.580000,-0.118613,0.006866,-0.016460,0.992780,201.238419,207.939148,-207.617188,-0.133882,-0.012978,-0.020236,0.990706,241.543793,201.427505,-200.753128,-0.022389,0.494420,0.003542,0.868927,101.808617,324.391815,-78.666481,0.001617,-0.012194,0.000280,0.999924,224.136505,162.126251,-181.621689,-0.126512,-0.064173,-0.010019,0.989836,223.483536,187.160553,-204.005783
559,5.590000,-0.118256,0.007072,-0.016279,0.992825,201.240662,207.932724,-207.623199,-0.133884,-0.012999,-0.020155,0.990707,241.550400,201.428802,-200.759842,-0.022372,0.494427,0.003552,0.868924,101.810249,324.392181,-78.662064,0.001644,-0.012248,0.000273,0.999924,224.140015,162.124313,-181.624390,-0.127594,-0.064015,-0.016581,0.989620,223.525497,187.085068,-203.985779
560,5.600000,-0.118920,0.007251,-0.016204,0.992745,201.231415,207.928665,-207.620529,-0.133968,-0.013031,-0.020325,0.990691,241.537811,201.416916,-200.758911,-0.022308,0.494340,0.003566,0.868975,101.801392,324.388916,-78.646439,0.001804,-0.012465,0.000134,0.999921,224.135315,162.116913,-181.615234,-0.126421,-0.061998,-0.012286,0.989961,223.477570,187.152512,-204.013550
561,5.610000,-0.119809,0.007588,-0.015830,0.992642,201.208252,207.924377,-207.613342,-0.134232,-0.013241,-0.020346,0.990653,241.513596,201.408447,-200.750031,-0.022228,0.494259,0.003618,0.869023,101.779457,324.384979,-78.625038,0.001704,-0.012474,0.000358,0.999921,224.107498,162.115768,-181.606155,-0.126168,-0.064097,-0.010099,0.989884,223.456024,187.150192,-204.016464
562,5.620000,-0.120792,0.007949,-0.016280,0.992513,201.171616,207.916733,-207.596451,-0.133953,-0.012848,-0.019771,0.990707,241.484634,201.408447,-200.731995,-0.022139,0.494088,0.003705,0.869122,101.744011,324.377441,-78.596283,0.001813,-0.012711,0.000383,0.999918,224.079819,162.111603,-181.587006,-0.125775,-0.065047,-0.009768,0.989876,223.427521,187.148834,-204.021912
563,5.630000,-0.121981,0.008310,-0.016277,0.992364,201.131500,207.915543,-207.574265,-0.133912,-0.012103,-0.019194,0.990734,241.433624,201.402252,-200.706024,-0.022007,0.493909,0.003822,0.869227,101.709717,324.372925,-78.571571,0.001709,-0.012935,0.000369,0.999915,224.048325,162.110977,-181.556198,-0.125105,-0.065877,-0.009344,0.989910,223.396545,187.150314,-204.025421
564,5.640000,-0.123015,0.008702,-0.016438,0.992231,201.093567,207.920074,-207.549042,-0.133594,-0.011766,-0.019656,0.990771,241.390564,201.424942,-200.684769,-0.022026,0.493673,0.003747,0.869361,101.685814,324.365540,-78.561493,0.001739,-0.013088,0.000221,0.999913,224.009537,162.110962,-181.532471,-0.124352,-0.066970,-0.008957,0.989935,223.365585,187.152069,-204.027847
565,5.650000,-0.123453,0.009184,-0.016622,0.992169,201.061951,207.926498,-207.532867,-0.133445,-0.011770,-0.020147,0.990782,241.355545,201.431793,-200.666916,-0.021908,0.493651,0.003909,0.869375,101.669083,324.361206,-78.559181,0.002200,-0.013543,0.000204,0.999906,223.986145,162.109726,-181.505142,-0.124159,-0.067761,-0.007990,0.989914,223.328857,187.142258,-204.030441
566,5.660000,-0.123234,0.008475,-0.017272,0.992191,201.023178,207.920334,-207.506332,-0.133297,-0.011631,-0.020148,0.990803,241.338089,201.441177,-200.652420,-0.021897,0.493668,0.003919,0.869366,101.666283,324.362396,-78.562630,0.002434,-0.013817,0.000296,0.999902,223.969025,162.112106,-181.490051,-0.123669,-0.068748,-0.006561,0.989917,223.303619,187.140411,-204.024796
567,5.670000,-0.123902,0.008262,-0.017389,0.992108,201.025375,207.934036,-207.506516,-0.133178,-0.011544,-0.020073,0.990822,241.339539,201.448044,-200.650711,-0.021903,0.493651,0.003939,0.869375,101.666512,324.362091,-78.568405,0.002420,-0.013724,0.000302,0.999903,223.972076,162.115433,-181.492996,-0.123586,-0.069438,-0.006048,0.989883,223.304459,187.145798,-204.022034
568,5.680000,-0.123376,0.008486,-0.016901,0.992180,201.056992,207.946609,-207.521790,-0.133475,-0.011759,-0.019968,0.990781,241.355774,201.449219,-200.653198,-0.022001,0.493711,0.003849,0.869339,101.685188,324.364288,-78.588463,0.002202,-0.013483,0.000227,0.999907,223.988190,162.117966,-181.507370,-0.124016,-0.069146,-0.006805,0.989845,223.330139,187.156403,-204.024155
569,5.690000,-0.122712,0.008239,-0.016568,0.992270,201.090790,207.948456,-207.532516,-0.133204,-0.011724,-0.019647,0.990825,241.390488,201.456985,-200.672592,-0.022160,0.493749,0.003640,0.869315,101.708801,324.368713,-78.603149,0.001827,-0.012955,0.000230,0.999914,224.010147,162.122223,-181.534424,-0.124225,-0.068051,-0.008034,0.989885,223.370468,187.174164,-204.022293
570,5.700000,-0.122089,0.007678,-0.016767,0.992348,201.125626,207.950485,-207.552643,-0.132856,-0.011330,-0.019825,0.990872,241.428467,201.457123,-200.693344,-0.022187,0.494085,0.003618,0.869123,101.749077,324.380005,-78.627747,0.001684,-0.012755,0.000368,0.999917,224.050064,162.125458,-181.559830,-0.124769,-0.066694,-0.008590,0.989904,223.399933,187.176285,-204.020477
571,5.710000,-0.121112,0.007125,-0.016954,0.992468,201.164200,207.950348,-207.575485,-0.132918,-0.011698,-0.020151,0.990853,241.468018,201.457153,-200.719696,-0.022262,0.494223,0.003574,0.869043,101.775513,324.382446,-78.645554,0.001506,-0.012464,0.000350,0.999921,224.081085,162.126648,-181.585144,-0.125306,-0.065751,-0.009148,0.989895,223.430313,187.175644,-204.017502
572,5.720000,-0.120046,0.006799,-0.016515,0.992608,201.202301,207.953140,-207.597458,-0.133354,-0.012485,-0.019773,0.990793,241.514908,201.446304,-200.743546,-0.022327,0.494329,0.003541,0.868981,101.794266,324.384613,-78.659248,0.001647,-0.012267,0.000378,0.999923,224.107666,162.123978,-181.611877,-0.125957,-0.064813,-0.009592,0.989870,223.456207,187.173569,-204.018341
573,5.730000,-0.118704,0.006983,-0.016334,0.992771,201.223328,207.948975,-207.616104,-0.133731,-0.012947,-0.019972,0.990732,241.535095,201.440399,-200.758118,-0.022360,0.494390,0.003533,0.868946,101.806976,324.386414,-78.666527,0.001614,-0.012200,0.000284,0.999924,224.128250,162.123627,-181.625610,-0.126334,-0.064190,-0.009836,0.989860,223.472885,187.169403,-204.018387
574,5.740000,-0.118354,0.007127,-0.016411,0.992810,201.227997,207.946594,-207.621262,-0.133776,-0.013091,-0.020043,0.990722,241.541458,201.437531,-200.764114,-0.022386,0.494422,0.003524,0.868926,101.810463,324.388824,-78.667076,0.001577,-0.012196,0.000264,0.999924,224.131470,162.124130,-181.628571,-0.126369,-0.064200,-0.009923,0.989854,223.477356,187.165634,-204.018997
575,5.750000,-0.118316,0.007190,-0.016200,0.992818,201.220230,207.940582,-207.621231,-0.133764,-0.013147,-0.020026,0.990724,241.534180,201.435760,-200.761292,-0.022345,0.494393,0.003554,0.868944,101.803741,324.386383,-78.657288,0.001357,-0.012248,0.000210,0.999924,224.124451,162.125366,-181.619675,-0.126267,-0.064614,-0.009764,0.989842,223.471008,187.163345,-204.021851
576,5.760000,-0.119500,0.007371,-0.016742,0.992666,201.192078,207.938248,-207.604324,-0.133740,-0.013007,-0.019878,0.990732,241.513870,201.433380,-200.748917,-0.022306,0.494297,0.003560,0.869000,101.788452,324.383453,-78.642899,0.001636,-0.012314,0.000375,0.999923,224.100815,162.120575,-181.611771,-0.125860,-0.065480,-0.009274,0.989841,223.451935,187.161026,-204.023788
577,5.770000,-0.120710,0.007312,-0.016872,0.992518,201.157532,207.939240,-207.581726,-0.133353,-0.012389,-0.020339,0.990782,241.460831,201.442322,-200.723999,-0.022237,0.494187,0.003602,0.869064,101.764435,324.378113,-78.619980,0.001474,-0.012547,0.000317,0.999920,224.073273,162.121475,-181.582764,-0.125326,-0.066623,-0.008733,0.989838,223.426025,187.161713,-204.027252
578,5.780000,-0.121451,0.007488,-0.016778,0.992427,201.121262,207.940277,-207.556778,-0.133067,-0.011895,-0.020118,0.990831,241.421890,201.445663,-200.696960,-0.022122,0.494019,0.003698,0.869161,101.734375,324.373657,-78.593811,0.001948,-0.012720,0.000445,0.999917,224.044052,162.115570,-181.563049,-0.124533,-0.067992,-0.008154,0.989850,223.395355,187.162384,-204.028549
579,5.790000,-0.122424,0.007845,-0.016637,0.992307,201.086319,207.942276,-207.527481,-0.133111,-0.011500,-0.019571,0.990841,241.386154,201.449951,-200.668274,-0.022013,0.493868,0.003793,0.869250,101.702400,324.366852,-78.569061,0.001775,-0.012889,0.000230,0.999915,224.009094,162.116272,-181.530807,-0.123856,-0.069280,-0.007501,0.989850,223.368866,187.164871,-204.029953
580,5.800000,-0.123075,0.008172,-0.017059,0.992217,201.039429,207.941971,-207.498245,-0.133481,-0.011621,-0.019778,0.990786,241.355255,201.447891,-200.639679,-0.021928,0.493723,0.003884,0.869334,101.683723,324.359619,-78.561012,0.002194,-0.013337,0.000185,0.999909,223.986710,162.115677,-181.496445,-0.123560,-0.070190,-0.006367,0.989831,223.335220,187.154678,-204.029694
581,5.810000,-0.123582,0.008390,-0.017173,0.992150,201.022202,207.946594,-207.481613,-0.133123,-0.011646,-0.020020,0.990829,241.337814,201.459290,-200.628448,-0.021892,0.493695,0.003930,0.869351,101.672729,324.359100,-78.555008,0.002475,-0.013648,0.000238,0.999904,223.967377,162.114578,-181.475296,-0.122921,-0.071380,-0.004907,0.989834,223.310181,187.152557,-204.021591
582,5.820000,-0.123742,0.008345,-0.017150,0.992131,201.018661,207.951355,-207.475784,-0.133117,-0.011418,-0.019850,0.990836,241.335373,201.459991,-200.622635,-0.021904,0.493744,0.003921,0.869323,101.673691,324.363647,-78.559097,0.002490,-0.013658,0.000248,0.999904,223.963684,162.117722,-181.472672,-0.122859,-0.071901,-0.004503,0.989806,223.307190,187.157196,-204.020966
583,5.830000,-0.123658,0.008224,-0.017330,0.992139,201.025574,207.955917,-207.481400,-0.133379,-0.011624,-0.019851,0.990798,241.343567,201.464767,-200.625122,-0.021939,0.493737,0.003922,0.869326,101.675140,324.364380,-78.566902,0.002484,-0.013609,0.000233,0.999904,223.971573,162.121323,-181.482697,-0.121699,-0.072718,-0.003860,0.989892,223.309448,187.168686,-204.003571
584,5.840000,-0.122625,0.007950,-0.016651,0.992281,201.052094,207.962524,-207.501038,-0.133119,-0.011701,-0.019603,0.990837,241.368713,201.472061,-200.645798,-0.021949,0.493905,0.003961,0.869230,101.691452,324.369141,-78.582855,0.002239,-0.013328,0.000184,0.999909,223.991592,162.125427,-181.503403,-0.123362,-0.071685,-0.005118,0.989756,223.337708,187.171448,-204.019455
585,5.850000,-0.122052,0.007718,-0.016571,0.992355,201.092514,207.965057,-207.526581,-0.132801,-0.011338,-0.019802,0.990880,241.398651,201.471725,-200.668503,-0.022209,0.493821,0.003632,0.869272,101.719810,324.373810,-78.609215,0.001725,-0.012773,0.000367,0.999917,224.023239,162.129807,-181.537231,-0.123955,-0.069431,-0.007146,0.989830,223.376907,187.187408,-204.020782
586,5.860000,-0.121523,0.007393,-0.016772,0.992419,201.125397,207.964203,-207.550644,-0.132754,-0.011352,-0.019848,0.990885,241.428238,201.471451,-200.695358,-0.022275,0.494121,0.003575,0.869101,101.759689,324.380859,-78.636543,0.001572,-0.012596,0.000356,0.999919,224.050552,162.129578,-181.567596,-0.124360,-0.067697,-0.008441,0.989889,223.406830,187.190506,-204.019104
587,5.870000,-0.120592,0.007004,-0.016896,0.992534,201.157349,207.961563,-207.576385,-0.132856,-0.011744,-0.020108,0.990862,241.462097,201.470200,-200.724365,-0.022324,0.494257,0.003546,0.869022,101.785019,324.382202,-78.659180,0.001462,-0.012399,0.000328,0.999922,224.077621,162.128860,-181.595169,-0.125173,-0.066237,-0.009115,0.989879,223.433151,187.188965,-204.020065
588,5.880000,-0.119839,0.006926,-0.017036,0.992623,201.183929,207.958817,-207.598206,-0.133191,-0.012590,-0.020572,0.990797,241.493484,201.468369,-200.750458,-0.022365,0.494350,0.003507,0.868968,101.803871,324.384186,-78.674530,0.001649,-0.012279,0.000370,0.999923,224.100937,162.125122,-181.620361,-0.125819,-0.065186,-0.009710,0.989862,223.452744,187.187027,-204.021530
589,5.890000,-0.118976,0.006885,-0.016467,0.992737,201.207260,207.958298,-207.616241,-0.133495,-0.012965,-0.019923,0.990764,241.523087,201.450989,-200.762238,-0.022377,0.494379,0.003502,0.868951,101.813095,324.384796,-78.679779,0.001577,-0.012215,0.000356,0.999924,224.115540,162.123718,-181.631119,-0.126379,-0.064445,-0.009837,0.989838,223.459900,187.180695,-204.023514
590,5.900000,-0.118527,0.007183,-0.016206,0.992793,201.210953,207.955994,-207.617889,-0.133664,-0.013021,-0.019912,0.990741,241.528412,201.446701,-200.763916,-0.022349,0.494375,0.003534,0.868954,101.809784,324.384369,-78.672989,0.001310,-0.012203,0.000270,0.999925,224.117844,162.126175,-181.627869,-0.126614,-0.064250,-0.009894,0.989820,223.461761,187.177887,-204.026062
591,5.910000,-0.119024,0.007340,-0.016117,0.992733,201.200027,207.954529,-207.609192,-0.133699,-0.013056,-0.019929,0.990736,241.515076,201.444626,-200.754761,-0.022314,0.494326,0.003553,0.868983,101.797600,324.383453,-78.658379,0.001591,-0.012281,0.000339,0.999923,224.109253,162.121353,-181.622452,-0.126401,-0.064608,-0.009776,0.989825,223.453629,187.175430,-204.026550
592,5.920000,-0.120046,0.007496,-0.016657,0.992600,201.171539,207.949203,-207.590103,-0.133439,-0.012725,-0.020375,0.990766,241.476715,201.452759,-200.736282,-0.022276,0.494224,0.003566,0.869042,101.773354,324.380646,-78.634857,0.001417,-0.012481,0.000303,0.999921,224.084686,162.123871,-181.596176,-0.125924,-0.065726,-0.009260,0.989817,223.434097,187.173233,-204.026993
593,5.930000,-0.121283,0.007472,-0.016802,0.992448,201.134140,207.950531,-207.562576,-0.133117,-0.012081,-0.020149,0.990822,241.438629,201.453888,-200.708435,-0.022187,0.494058,0.003666,0.869138,101.740540,324.375488,-78.608002,0.001578,-0.012692,0.000334,0.999918,224.056564,162.121628,-181.569138,-0.125228,-0.067288,-0.008547,0.989807,223.406769,187.173798,-204.026794
594,5.940000,-0.122010,0.007725,-0.016723,0.992358,201.095627,207.953110,-207.531174,-0.132904,-0.011463,-0.019896,0.990863,241.400208,201.459045,-200.672348,-0.022097,0.493890,0.003731,0.869236,101.711975,324.370880,-78.582047,0.001705,-0.012808,0.000207,0.999917,224.017975,162.121262,-181.539551,-0.124486,-0.068983,-0.007738,0.989790,223.376022,187.175430,-204.027344
595,5.950000,-0.122236,0.008000,-0.016324,0.992335,201.048355,207.957016,-207.500549,-0.133315,-0.011698,-0.019892,0.990805,241.357346,201.461304,-200.639145,-0.021984,0.493770,0.003867,0.869306,101.691879,324.363525,-78.569519,0.002179,-0.013327,0.000199,0.999909,223.989853,162.118362,-181.502213,-0.124036,-0.070330,-0.006454,0.989761,223.335785,187.165833,-204.027039
596,5.960000,-0.123038,0.008276,-0.016937,0.992223,201.012589,207.959076,-207.471817,-0.133042,-0.011720,-0.019890,0.990842,241.330368,201.467804,-200.620193,-0.022025,0.493658,0.003738,0.869369,101.678207,324.362640,-78.553986,0.002470,-0.013613,0.000267,0.999904,223.962601,162.118881,-181.476089,-0.121969,-0.072077,-0.004560,0.989903,223.298279,187.170868,-204.005585
597,5.970000,-0.123600,0.008334,-0.017243,0.992147,201.001236,207.965134,-207.458160,-0.133033,-0.011774,-0.020117,0.990838,241.314926,201.469467,-200.606796,-0.022008,0.493721,0.003751,0.869334,101.678551,324.364624,-78.555214,0.002602,-0.013684,0.000294,0.999903,223.952972,162.119476,-181.464584,-0.121495,-0.074929,-0.002847,0.989756,223.288635,187.178314,-203.999512
598,5.980000,-0.123655,0.008250,-0.017227,0.992141,201.002975,207.968842,-207.452774,-0.133069,-0.011994,-0.020056,0.990831,241.317902,201.476501,-200.602905,-0.021918,0.493738,0.003928,0.869326,101.678154,324.362335,-78.562027,0.002555,-0.013628,0.000262,0.999904,223.959045,162.120544,-181.465607,-0.121495,-0.075357,-0.002512,0.989724,223.292633,187.183044,-203.992950
599,5.990000,-0.123333,0.008062,-0.017343,0.992181,201.017838,207.973114,-207.460358,-0.133073,-0.011789,-0.020121,0.990832,241.345917,201.481354,-200.607391,-0.022078,0.493729,0.003717,0.869327,101.690002,324.365356,-78.571037,0.002498,-0.013522,0.000277,0.999905,223.975601,162.124649,-181.477600,-0.121752,-0.074628,-0.002713,0.989747,223.306107,187.187286,-203.987656
600,6.000000,-0.122714,0.007403,-0.016483,0.992278,201.055603,207.978027,-207.478134,-0.132753,-0.011677,-0.019889,0.990881,241.376984,201.488007,-200.625671,-0.022167,0.493774,0.003643,0.869300,101.708527,324.368286,-78.590820,0.002212,-0.013142,0.000170,0.999911,224.001114,162.125992,-181.502060,-0.122302,-0.073923,-0.004168,0.989727,223.348373,187.207642,-203.988831
