35,20.00,2664,20.00,3260,20.00,1991,19.00,1529,21.00,1489,5.00,2894,-1.00,5861,5.00,4691,1.00,1517,20.00,1968,20.00,2368,39.00,2348,0.00,1142,16.00,3743,1.00,1359,0.00,1397,20.00,1507,20.00,1803,20.00,1507,4.00,1588,0.00,895,-2.00,3,0.24
71,20.00,2664,21.00,3260,20.00,1991,20.00,1529,20.00,1489,3.00,2894,-2.00,5861,5.00,4691,1.00,1517,20.00,1968,20.00,2368,40.00,2348,0.00,1142,16.00,3743,2.00,1359,0.00,1397,20.00,1507,20.00,1803,20.00,1507,4.00,1588,0.00,895,-3.00,3,0.08
107,20.00,2664,21.00,3260,20.00,1991,20.00,1529,20.00,1489,4.00,2894,-2.00,5861,6.00,4691,2.00,1517,20.00,1968,20.00,2368,40.00,2348,0.00,1142,16.00,3743,1.00,1359,0.00,1397,20.00,1507,20.00,1803,20.00,1507,2.00,1588,0.00,895,-2.00,3,0.08
142,20.00,2664,20.00,3261,19.00,1991,20.00,1529,20.00,1489,4.00,2894,-2.00,5861,5.00,4691,1.00,1517,20.00,1968,20.00,2368,40.00,2348,0.00,1142,16.00,3743,1.00,1359,0.00,1397,20.00,1507,21.00,1803,20.00,1507,4.00,1588,0.00,895,-3.00,3,0.08
178,20.00,2664,21.00,3260,20.00,1991,20.00,1529,20.00,1489,5.00,2894,-3.00,5861,5.00,4691,1.00,1517,20.00,1968,20.00,2368,40.00,2348,0.00,1142,16.00,3743,1.00,1359,0.00,1397,20.00,1507,20.00,1803,20.00,1507,4.00,1588,0.00,895,-2.00,3,0.08
214,20.00,2664,20.00,3260,20.00,1991,19.00,1529,20.00,1489,4.00,2894,-2.00,5861,5.00,4691,1.00,1517,20.00,1968,20.00,2367,40.00,2348,0.00,1142,16.00,3743,1.00,1359,0.00,1397,19.00,1507,20.00,1803,20.00,1507,4.00,1588,0.00,895,-1.00,3,0.16
250,20.00,2664,19.00,3260,20.00,1991,20.00,1529,21.00,1489,4.00,2894,-2.00,5861,5.00,4691,1.00,1517,20.00,1968,20.00,2368,40.00,2348,0.00,1142,16.00,3743,2.00,1359,0.00,1397,20.00,1507,20.00,1803,20.00,1507,3.00,1588,0.00,895,-3.00,3,0.08
285,20.00,2664,19.00,3260,20.00,1991,20.00,1529,20.00,1489,4.00,2894,-2.00,5861,5.00,4691,1.00,1517,20.00,1968,20.00,2368,40.00,2348,0.00,1142,16.00,3743,2.00,1359,0.00,1397,20.00,1507,20.00,1803,20.00,1507,1.00,1588,0.00,895,-1.00,3,0.08
321,21.00,2664,20.00,3260,20.00,1991,20.00,1529,19.00,1489,4.00,2894,-2.00,5861,5.00,4691,1.00,1517,20.00,1968,21.00,2368,40.00,2348,0.00,1142,16.00,3743,1.00,1359,0.00,1397,20.00,1507,20.00,1803,20.00,1507,4.00,1588,0.00,895,-3.00,3,0.08
357,20.00,2664,20.00,3260,19.00,1991,20.00,1529,20.00,1489,4.00,2894,-2.00,5861,5.00,4691,0.00,1517,20.00,1968,20.00,2368,40.00,2348,0.00,1142,16.00,3743,0.00,1359,0.00,1397,20.00,1507,20.00,1803,20.00,1507,4.00,1588,0.00,895,-3.00,3,0.08
393,20.00,2664,19.00,3260,21.00,1991,20.00,1529,20.00,1489,4.00,2894,-1.00,5861,5.00,4691,1.00,1517,20.00,1968,20.00,2368,40.00,2348,0.00,1142,16.00,3743,2.00,1359,0.00,1397,20.00,1507,20.00,1803,20.00,1507,2.00,1588,0.00,895,-3.00,3,0.00
428,20.00,2664,20.00,3260,20.00,1991,21.00,1529,20.00,1489,3.00,2894,-2.00,5861,5.00,4691,1.00,1517,20.00,1968,20.00,2368,40.00,2348,0.00,1142,15.00,3743,2.00,1359,0.00,1397,20.00,1507,20.00,1803,20.00,1507,4.00,1588,0.00,895,-2.00,3,0.08
464,20.00,2664,19.00,3260,19.00,1991,20.00,1529,20.00,1489,4.00,2894,-3.00,5861,6.00,4691,2.00,1517,20.00,1968,21.00,2368,40.00,2348,0.00,1142,16.00,3743,0.00,1359,0.00,1397,20.00,1507,20.00,1803,20.00,1507,2.00,1588,0.00,895,-3.00,3,0.00
500,19.00,2664,20.00,3260,20.00,1991,20.00,1529,20.00,1489,4.00,2894,-1.00,5861,5.00,4691,0.00,1517,20.00,1968,20.00,2368,40.00,2348,0.00,1142,16.00,3743,1.00,1359,0.00,1397,20.00,1507,20.00,1803,20.00,1507,2.00,1588,0.00,895,-2.00,3,0.08
536,20.00,2664,20.00,3260,20.00,1991,20.00,1529,20.00,1489,3.00,2894,-1.00,5861,5.00,4691,0.00,1517,20.00,1968,20.00,2368,40.00,2348,0.00,1142,16.00,3743,0.00,1359,0.00,1397,20.00,1507,20.00,1803,19.00,1507,3.00,1588,0.00,895,-3.00,3,0.40
571,20.00,2664,20.00,3260,20.00,1991,20.00,1529,20.00,1489,5.00,2894,-1.00,5861,5.00,4691,1.00,1517,20.00,1968,20.00,2368,40.00,2348,0.00,1142,16.00,3743,1.00,1359,0.00,1397,20.00,1507,20.00,1803,20.00,1507,2.00,1588,0.00,895,-1.00,3,0.24
607,20.00,2664,20.00,3260,20.00,1991,20.00,1529,21.00,1489,4.00,2894,-3.00,5861,5.00,4691,1.00,1517,20.00,1968,20.00,2368,40.00,2348,0.00,1142,16.00,3743,1.00,1359,0.00,1397,20.00,1507,19.00,1803,20.00,1507,1.00,1588,0.00,895,-3.00,3,0.00
643,20.00,2664,20.00,3260,20.00,1991,20.00,1529,20.00,1489,4.00,2894,-1.00,5861,4.00,4691,1.00,1517,20.00,1968,20.00,2368,40.00,2348,0.00,1142,16.00,3743,0.00,1359,0.00,1397,20.00,1507,20.00,1803,19.00,1507,4.00,1588,0.00,895,-2.00,3,0.16
679,20.00,2664,20.00,3260,20.00,1991,19.00,1529,20.00,1489,4.00,2894,-2.00,5861,5.00,4691,3.00,1517,20.00,1968,21.00,2368,40.00,2348,0.00,1142,16.00,3743,0.00,1359,0.00,1397,20.00,1507,20.00,1803,20.00,1507,4.00,1588,0.00,895,-2.00,3,0.16
714,20.00,2664,21.00,3261,20.00,1991,21.00,1529,20.00,1489,4.00,2894,-1.00,5861,5.00,4691,1.00,1517,20.00,1968,20.00,2368,40.00,2348,0.00,1142,16.00,3743,2.00,1359,0.00,1397,20.00,1507,20.00,1803,20.00,1507,3.00,1588,0.00,895,-2.00,3,0.16
750,21.00,2664,20.00,3260,20.00,1991,20.00,1529,20.00,1489,4.00,2894,-2.00,5861,5.00,4691,1.00,1517,20.00,1968,20.00,2368,40.00,2348,0.00,1142,16.00,3743,1.00,1359,0.00,1397,20.00,1507,21.00,1803,19.00,1507,5.00,1588,0.00,895,-2.00,3,0.08
786,20.00,2664,20.00,3260,20.00,1991,20.00,1529,20.00,1489,4.00,2894,-2.00,5861,5.00,4691,0.00,1517,20.00,1968,20.00,2368,40.00,2348,0.00,1142,16.00,3743,1.00,1359,0.00,1397,20.00,1507,19.00,1803,20.00,1507,5.00,1588,0.00,895,-2.00,3,0.16
821,20.00,2664,21.00,3261,20.00,1991,20.00,1529,20.00,1489,4.00,2894,-1.00,5861,5.00,4691,1.00,1517,20.00,1968,20.00,2368,40.00,2348,0.00,1142,16.00,3743,1.00,1359,0.00,1397,20.00,1507,19.00,1803,20.00,1507,4.00,1588,0.00,895,-1.00,3,0.08
857,20.00,2664,20.00,3260,20.00,1991,21.00,1529,20.00,1489,5.00,2894,-3.00,5861,5.00,4691,2.00,1517,20.00,1968,20.00,2368,40.00,2348,0.00,1142,16.00,3743,1.00,1359,0.00,1397,20.00,1507,20.00,1803,20.00,1507,2.00,1588,0.00,895,-1.00,3,0.16
893,20.00,2664,20.00,3261,20.00,1991,20.00,1529,20.00,1489,3.00,2894,-2.00,5861,5.00,4691,0.00,1517,20.00,1968,18.00,2368,41.00,2348,0.00,1142,16.00,3743,1.00,1359,0.00,1397,20.00,1507,20.00,1803,19.00,1507,2.00,1588,0.00,895,-3.00,3,0.08
929,20.00,2664,20.00,3260,20.00,1991,20.00,1529,20.00,1489,3.00,2894,-2.00,5861,6.00,4691,1.00,1517,20.00,1968,20.00,2368,40.00,2348,0.00,1142,16.00,3743,1.00,1359,0.00,1397,20.00,1507,20.00,1803,20.00,1507,4.00,1588,0.00,895,-2.00,3,0.08
964,20.00,2664,20.00,3260,20.00,1991,20.00,1529,20.00,1489,4.00,2894,-2.00,5861,5.00,4691,1.00,1517,20.00,1968,20.00,2368,40.00,2348,0.00,1142,16.00,3743,1.00,1359,0.00,1397,20.00,1507,20.00,1803,20.00,1507,3.00,1588,0.00,895,-2.00,3,0.08
1000,20.00,2664,20.00,3260,20.00,1991,20.00,1529,20.00,1489,4.00,2894,-3.00,5861,5.00,4691,1.00,1517,19.00,1968,20.00,2368,40.00,2348,0.00,1142,16.00,3743,1.00,1359,0.00,1397,20.00,1507,20.00,1803,20.00,1507,2.00,1588,0.00,895,-1.00,3,0.08
1036,20.00,2664,20.00,3260,20.00,1991,20.00,1529,20.00,1490,-1.00,2894,-2.00,5861,5.00,4691,1.00,1517,20.00,1968,21.00,2368,40.00,2348,0.00,1142,16.00,3743,2.00,1359,0.00,1397,20.00,1507,20.00,1803,20.00,1507,3.00,1588,0.00,895,-2.00,3,0.48
1072,20.00,2664,20.00,3260,20.00,1991,20.00,1529,19.00,1494,3.00,2894,-1.00,5861,5.00,4691,1.00,1517,20.00,1968,20.00,2368,40.00,2348,0.00,1142,16.00,3743,2.00,1359,0.00,1397,20.00,1507,20.00,1803,20.00,1507,3.00,1588,0.00,895,-1.00,3,0.08
1107,21.00,2664,20.00,3260,20.00,1991,20.00,1529,20.00,1499,4.00,2894,-3.00,5861,5.00,4691,1.00,1517,20.00,1968,20.00,2368,40.00,2348,0.00,1142,16.00,3743,2.00,1359,0.00,1397,20.00,1507,20.00,1803,20.00,1507,3.00,1588,0.00,895,-1.00,3,0.16
1143,19.00,2664,20.00,3260,20.00,1991,20.00,1529,19.00,1503,5.00,2894,-2.00,5861,5.00,4691,1.00,1517,20.00,1968,20.00,2368,40.00,2348,0.00,1142,16.00,3743,0.00,1359,0.00,1397,20.00,1507,21.00,1803,19.00,1507,1.00,1588,0.00,895,-3.00,3,0.00
1179,20.00,2664,20.00,3260,20.00,1991,20.00,1529,20.00,1505,3.00,2894,-2.00,5861,9.00,4691,2.00,1517,20.00,1968,19.00,2368,40.00,2348,0.00,1142,16.00,3743,2.00,1359,0.00,1397,20.00,1507,20.00,1803,20.00,1507,2.00,1588,0.00,895,-2.00,3,0.08
1215,20.00,2664,20.00,3260,20.00,1991,20.00,1529,21.00,1507,4.00,2894,-2.00,5861,4.00,4691,0.00,1517,20.00,1968,20.00,2368,40.00,2348,0.00,1142,16.00,3743,0.00,1359,0.00,1397,20.00,1507,20.00,1803,20.00,1507,1.00,1588,0.00,895,-2.00,3,0.24
1250,19.00,2664,20.00,3260,21.00,1991,20.00,1529,20.00,1507,4.00,2894,-3.00,5861,5.00,4691,2.00,1517,20.00,1968,20.00,2368,39.00,2348,0.00,1142,16.00,3743,1.00,1359,0.00,1397,21.00,1507,20.00,1803,20.00,1507,2.00,1588,0.00,895,-2.00,3,0.08
1286,20.00,2664,20.00,3261,20.00,1991,20.00,1529,20.00,1507,4.00,2894,-2.00,5861,4.00,4691,1.00,1517,20.00,1968,20.00,2368,41.00,2348,0.00,1142,16.00,3743,1.00,1359,0.00,1397,20.00,1507,20.00,1803,20.00,1507,3.00,1588,0.00,895,-3.00,3,0.16
1322,20.00,2664,20.00,3260,21.00,1991,20.00,1529,20.00,1507,4.00,2894,-3.00,5861,5.00,4691,0.00,1517,21.00,1968,19.00,2368,40.00,2348,0.00,1142,16.00,3743,2.00,1359,0.00,1397,20.00,1507,20.00,1803,20.00,1507,2.00,1588,0.00,895,-1.00,3,0.00
1358,20.00,2664,20.00,3260,19.00,1991,20.00,1529,20.00,1507,4.00,2894,-2.00,5861,4.00,4691,1.00,1517,20.00,1968,20.00,2368,40.00,2348,0.00,1142,16.00,3743,1.00,1359,0.00,1397,20.00,1507,20.00,1803,21.00,1507,2.00,1588,0.00,895,-1.00,3,0.00
1394,20.00,2664,21.00,3261,20.00,1991,20.00,1529,20.00,1507,4.00,2894,-3.00,5861,6.00,4691,1.00,1517,20.00,1968,20.00,2368,40.00,2348,0.00,1142,16.00,3743,1.00,1359,0.00,1397,20.00,1507,20.00,1803,20.00,1507,2.00,1588,0.00,895,-3.00,3,0.00
1429,20.00,2664,20.00,3260,20.00,1991,20.00,1529,20.00,1507,4.00,2894,-3.00,5861,6.00,4691,1.00,1517,20.00,1968,21.00,2368,40.00,2348,0.00,1142,16.00,3743,0.00,1359,0.00,1397,20.00,1507,21.00,1803,21.00,1507,5.00,1588,0.00,895,-4.00,3,0.16
1465,20.00,2664,20.00,3261,19.00,1991,21.00,1529,20.00,1507,5.00,2894,-1.00,5861,4.00,4691,1.00,1517,20.00,1968,20.00,2368,40.00,2348,0.00,1142,16.00,3743,0.00,1359,0.00,1397,21.00,1507,20.00,1803,20.00,1507,5.00,1588,0.00,895,-2.00,3,0.08
1501,20.00,2664,20.00,3260,20.00,1991,20.00,1529,20.00,1507,4.00,2894,-2.00,5861,6.00,4691,1.00,1517,20.00,1968,21.00,2368,40.00,2348,0.00,1142,16.00,3743,2.00,1359,0.00,1397,20.00,1507,20.00,1803,20.00,1507,3.00,1588,0.00,895,-3.00,3,0.08
1537,20.00,2664,20.00,3260,21.00,1991,20.00,1529,19.00,1507,4.00,2894,-1.00,5861,6.00,4691,1.00,1517,20.00,1968,20.00,2368,40.00,2348,0.00,1142,17.00,3743,1.00,1359,0.00,1397,20.00,1507,20.00,1803,19.00,1507,1.00,1588,0.00,895,-3.00,3,0.08
1573,20.00,2664,20.00,3261,20.00,1991,20.00,1529,20.00,1507,3.00,2894,-2.00,5861,5.00,4691,1.00,1517,20.00,1968,21.00,2368,40.00,2348,0.00,1142,15.00,3743,0.00,1359,0.00,1397,20.00,1507,19.00,1803,20.00,1507,3.00,1588,0.00,895,-1.00,3,0.08
1608,20.00,2664,20.00,3261,21.00,1991,20.00,1529,20.00,1507,4.00,2894,-2.00,5861,4.00,4691,1.00,1517,20.00,1968,19.00,2368,41.00,2348,0.00,1142,16.00,3743,2.00,1359,0.00,1397,20.00,1507,20.00,1803,21.00,1507,2.00,1588,0.00,895,-2.00,3,0.16
1644,20.00,2664,20.00,3261,21.00,1991,20.00,1529,21.00,1507,4.00,2894,-1.00,5861,4.00,4691,0.00,1517,20.00,1968,20.00,2368,40.00,2348,0.00,1142,16.00,3743,2.00,1359,0.00,1397,20.00,1507,19.00,1803,20.00,1507,4.00,1588,0.00,895,-1.00,3,0.08
1680,20.00,2664,21.00,3261,20.00,1991,19.00,1529,20.00,1507,5.00,2894,-2.00,5861,4.00,4691,1.00,1517,20.00,1968,19.00,2368,40.00,2348,0.00,1142,16.00,3743,0.00,1359,0.00,1397,20.00,1507,20.00,1803,20.00,1507,3.00,1588,0.00,895,-3.00,3,0.00
1716,20.00,2664,19.00,3261,20.00,1991,21.00,1529,19.00,1507,4.00,2894,-2.00,5861,5.00,4691,0.00,1517,20.00,1968,20.00,2368,40.00,2348,0.00,1142,16.00,3743,1.00,1359,0.00,1397,20.00,1507,20.00,1803,20.00,1507,4.00,1588,0.00,895,-3.00,3,0.56
1751,20.00,2664,20.00,3260,20.00,1991,21.00,1529,20.00,1507,3.00,2894,-3.00,5861,6.00,4691,0.00,1517,20.00,1968,21.00,2368,40.00,2348,0.00,1142,16.00,3743,0.00,1359,0.00,1397,20.00,1507,20.00,1803,20.00,1507,3.00,1588,0.00,895,-2.00,3,0.08
1787,20.00,2664,20.00,3260,20.00,1991,20.00,1529,20.00,1507,4.00,2894,-1.00,5861,5.00,4691,1.00,1517,20.00,1968,20.00,2368,41.00,2348,0.00,1142,16.00,3743,0.00,1359,0.00,1397,20.00,1507,20.00,1803,20.00,1507,2.00,1588,0.00,895,-1.00,3,0.16
1823,20.00,2664,20.00,3260,21.00,1991,20.00,1529,20.00,1507,5.00,2894,-3.00,5861,6.00,4691,0.00,1517,20.00,1968,20.00,2368,40.00,2348,0.00,1142,16.00,3743,1.00,1359,0.00,1397,20.00,1507,20.00,1803,20.00,1507,2.00,1588,0.00,895,-3.00,3,0.08
1859,19.00,2664,20.00,3261,20.00,1991,20.00,1529,20.00,1507,4.00,2894,-3.00,5861,5.00,4691,2.00,1517,20.00,1968,20.00,2368,40.00,2348,0.00,1142,16.00,3743,0.00,1359,0.00,1397,20.00,1507,21.00,1803,21.00,1507,4.00,1588,0.00,895,-2.00,3,0.00
1895,20.00,2664,20.00,3260,20.00,1991,21.00,1529,20.00,1507,4.00,2894,-2.00,5861,5.00,4691,2.00,1517,20.00,1968,20.00,2368,40.00,2348,0.00,1142,16.00,3743,1.00,1359,0.00,1397,20.00,1507,20.00,1803,21.00,1507,2.00,1588,0.00,895,-3.00,3,0.16
1930,19.00,2664,20.00,3261,20.00,1991,20.00,1529,20.00,1507,5.00,2894,-2.00,5861,4.00,4691,1.00,1517,21.00,1968,20.00,2368,40.00,2348,0.00,1142,16.00,3743,0.00,1359,0.00,1397,20.00,1507,20.00,1803,20.00,1507,4.00,1588,0.00,895,-1.00,3,0.08
1966,21.00,2664,20.00,3261,20.00,1991,20.00,1529,20.00,1507,5.00,2894,-2.00,5861,5.00,4691,0.00,1517,20.00,1968,20.00,2368,40.00,2348,0.00,1142,16.00,3743,2.00,1359,0.00,1397,20.00,1507,20.00,1803,20.00,1507,3.00,1588,0.00,895,-3.00,3,0.24
2002,20.00,2664,20.00,3260,20.00,1991,20.00,1529,20.00,1507,4.00,2894,-2.00,5861,6.00,4691,0.00,1517,20.00,1968,20.00,2368,40.00,2348,0.00,1142,16.00,3743,1.00,1359,0.00,1397,20.00,1507,20.00,1803,21.00,1507,2.00,1588,0.00,895,-3.00,3,0.00
2038,20.00,2664,20.00,3261,21.00,1991,20.00,1529,20.00,1507,4.00,2894,-3.00,5861,5.00,4691,1.00,1517,20.00,1968,20.00,2368,40.00,2348,0.00,1142,16.00,3743,1.00,1359,0.00,1397,19.00,1507,20.00,1803,20.00,1507,2.00,1588,0.00,895,-1.00,3,0.08
2073,20.00,2664,21.00,3261,21.00,1991,20.00,1529,20.00,1507,4.00,2894,-1.00,5861,5.00,4691,0.00,1517,20.00,1968,20.00,2368,40.00,2348,0.00,1142,16.00,3743,1.00,1359,0.00,1397,20.00,1507,20.00,1803,21.00,1507,3.00,1588,0.00,895,-3.00,3,0.16
2109,20.00,2664,20.00,3261,20.00,1991,20.00,1529,20.00,1507,5.00,2894,-2.00,5861,4.00,4691,0.00,1517,20.00,1968,20.00,2368,40.00,2348,0.00,1142,16.00,3743,1.00,1359,0.00,1397,20.00,1507,20.00,1803,20.00,1507,4.00,1588,0.00,895,-2.00,3,0.08
2145,20.00,2664,20.00,3261,20.00,1991,20.00,1529,20.00,1507,4.00,2894,-2.00,5861,6.00,4691,0.00,1517,20.00,1968,20.00,2368,40.00,2348,0.00,1142,16.00,3743,2.00,1359,0.00,1397,20.00,1507,21.00,1803,20.00,1507,4.00,1588,0.00,895,-3.00,3,0.08
2180,20.00,2664,21.00,3261,20.00,1991,20.00,1529,20.00,1507,4.00,2894,-1.00,5861,5.00,4691,0.00,1517,20.00,1968,21.00,2368,40.00,2348,0.00,1142,16.00,3743,0.00,1359,0.00,1397,20.00,1507,20.00,1803,20.00,1507,2.00,1588,0.00,895,-2.00,3,0.00
2216,20.00,2664,20.00,3261,20.00,1991,20.00,1529,21.00,1507,4.00,2894,-2.00,5861,5.00,4691,2.00,1517,20.00,1968,20.00,2368,39.00,2348,0.00,1142,16.00,3743,2.00,1359,0.00,1397,20.00,1507,20.00,1803,20.00,1507,5.00,1588,0.00,895,-3.00,3,0.48
2252,20.00,2664,20.00,3260,19.00,1991,21.00,1529,20.00,1507,4.00,2894,-2.00,5861,5.00,4691,1.00,1517,20.00,1968,20.00,2368,40.00,2348,0.00,1142,16.00,3743,1.00,1359,0.00,1397,20.00,1507,20.00,1803,20.00,1507,2.00,1588,0.00,895,-2.00,3,0.16
2288,20.00,2664,20.00,3261,20.00,1991,20.00,1529,20.00,1507,4.00,2894,-2.00,5861,6.00,4691,0.00,1517,20.00,1968,20.00,2368,40.00,2348,0.00,1142,16.00,3743,0.00,1359,0.00,1397,20.00,1507,21.00,1803,21.00,1507,2.00,1588,0.00,895,-2.00,3,0.08
2324,20.00,2664,20.00,3261,20.00,1991,20.00,1529,20.00,1507,4.00,2894,-3.00,5861,5.00,4691,0.00,1517,20.00,1968,20.00,2368,40.00,2348,0.00,1142,16.00,3743,2.00,1359,0.00,1397,20.00,1507,20.00,1803,20.00,1507,4.00,1588,0.00,895,-2.00,3,0.16
2360,20.00,2664,20.00,3261,20.00,1991,20.00,1529,20.00,1507,4.00,2894,-2.00,5861,5.00,4691,1.00,1517,21.00,1968,20.00,2368,40.00,2348,0.00,1142,16.00,3743,0.00,1359,0.00,1397,20.00,1507,20.00,1803,20.00,1507,2.00,1588,0.00,895,-2.00,3,0.08
2395,20.00,2664,20.00,3261,20.00,1991,20.00,1529,20.00,1507,3.00,2894,-1.00,5861,5.00,4691,1.00,1517,20.00,1968,20.00,2368,40.00,2348,0.00,1142,16.00,3743,1.00,1359,0.00,1397,20.00,1507,20.00,1803,20.00,1507,2.00,1588,0.00,895,-3.00,3,0.00
2431,20.00,2664,21.00,3261,20.00,1991,20.00,1529,20.00,1507,5.00,2894,-1.00,5861,6.00,4691,3.00,1517,20.00,1968,20.00,2368,40.00,2348,0.00,1142,16.00,3743,1.00,1359,0.00,1397,20.00,1507,20.00,1803,20.00,1507,3.00,1588,0.00,895,-2.00,3,0.08
2467,20.00,2664,20.00,3261,20.00,1991,20.00,1529,20.00,1507,4.00,2894,-2.00,5861,4.00,4691,1.00,1517,20.00,1968,19.00,2368,41.00,2348,0.00,1142,16.00,3743,2.00,1359,0.00,1397,20.00,1507,20.00,1803,20.00,1507,4.00,1588,0.00,895,-2.00,3,0.08
2502,20.00,2664,20.00,3261,20.00,1991,20.00,1529,20.00,1507,3.00,2894,-3.00,5861,5.00,4691,1.00,1517,20.00,1968,20.00,2368,39.00,2348,0.00,1142,16.00,3743,0.00,1359,0.00,1397,19.00,1507,20.00,1803,20.00,1507,3.00,1588,0.00,895,-1.00,3,0.08
2538,20.00,2664,20.00,3261,19.00,1991,20.00,1529,20.00,1507,3.00,2894,-1.00,5861,5.00,4691,2.00,1517,20.00,1968,19.00,2368,40.00,2348,0.00,1142,16.00,3743,0.00,1359,0.00,1397,18.00,1507,20.00,1803,20.00,1507,2.00,1588,0.00,895,-3.00,3,0.08
2574,20.00,2664,20.00,3261,20.00,1991,20.00,1529,20.00,1507,3.00,2894,-2.00,5861,5.00,4691,1.00,1517,20.00,1968,20.00,2368,40.00,2348,0.00,1142,15.00,3743,0.00,1359,0.00,1397,20.00,1507,20.00,1803,20.00,1507,4.00,1588,0.00,895,-1.00,3,0.08
2610,20.00,2664,20.00,3261,20.00,1991,20.00,1529,20.00,1507,3.00,2894,-3.00,5861,5.00,4691,1.00,1517,20.00,1968,20.00,2368,40.00,2348,0.00,1142,16.00,3743,1.00,1359,0.00,1397,20.00,1507,20.00,1803,19.00,1507,2.00,1588,0.00,895,-2.00,3,0.24
2645,20.00,2664,19.00,3261,20.00,1991,20.00,1529,20.00,1507,4.00,2894,-2.00,5861,4.00,4691,1.00,1517,20.00,1968,20.00,2368,41.00,2348,0.00,1142,16.00,3743,1.00,1359,0.00,1397,20.00,1507,20.00,1803,20.00,1507,2.00,1588,0.00,895,-2.00,3,0.24
2681,20.00,2664,20.00,3261,20.00,1991,20.00,1529,20.00,1507,4.00,2894,-2.00,5861,5.00,4691,2.00,1517,20.00,1968,20.00,2368,41.00,2348,0.00,1142,16.00,3743,2.00,1359,0.00,1397,20.00,1507,20.00,1803,20.00,1507,4.00,1588,0.00,895,-1.00,3,0.08
2717,20.00,2664,20.00,3261,21.00,1991,19.00,1529,20.00,1507,5.00,2894,-1.00,5861,4.00,4691,1.00,1517,20.00,1968,20.00,2368,40.00,2348,0.00,1142,16.00,3743,1.00,1359,0.00,1397,20.00,1507,20.00,1803,20.00,1507,4.00,1588,0.00,895,-1.00,3,0.73
2753,20.00,2664,20.00,3261,21.00,1991,20.00,1529,20.00,1507,4.00,2894,-2.00,5861,5.00,4691,1.00,1517,20.00,1968,20.00,2368,40.00,2348,0.00,1142,16.00,3743,2.00,1359,0.00,1397,20.00,1507,20.00,1803,20.00,1507,1.00,1588,0.00,895,-1.00,3,0.08
2788,21.00,2664,21.00,3261,19.00,1991,19.00,1529,20.00,1507,4.00,2894,-2.00,5861,4.00,4691,2.00,1517,20.00,1968,20.00,2368,40.00,2348,0.00,1142,16.00,3743,1.00,1359,0.00,1397,20.00,1507,19.00,1803,20.00,1507,3.00,1588,0.00,895,-1.00,3,0.16
2824,21.00,2664,20.00,3261,20.00,1991,20.00,1529,20.00,1507,4.00,2894,-2.00,5861,5.00,4691,0.00,1517,20.00,1968,20.00,2368,40.00,2348,0.00,1142,16.00,3743,1.00,1359,0.00,1397,20.00,1507,20.00,1803,20.00,1507,3.00,1588,0.00,895,-3.00,3,0.32
2860,19.00,2664,20.00,3261,20.00,1991,20.00,1529,20.00,1507,3.00,2894,-2.00,5861,6.00,4691,1.00,1517,20.00,1968,20.00,2368,39.00,2348,0.00,1142,16.00,3743,2.00,1359,0.00,1397,20.00,1507,20.00,1803,20.00,1507,2.00,1588,0.00,895,-2.00,3,0.24
2896,21.00,2664,20.00,3261,20.00,1991,20.00,1529,20.00,1507,4.00,2894,-2.00,5861,4.00,4691,0.00,1517,20.00,1968,21.00,2368,40.00,2348,0.00,1142,16.00,3743,2.00,1359,0.00,1397,20.00,1507,19.00,1803,20.00,1507,2.00,1588,0.00,895,-2.00,3,0.16
2931,20.00,2664,19.00,3261,20.00,1991,20.00,1529,20.00,1507,4.00,2894,-1.00,5861,5.00,4691,1.00,1517,20.00,1968,20.00,2368,40.00,2348,0.00,1142,16.00,3743,1.00,1359,0.00,1397,20.00,1507,20.00,1803,20.00,1507,3.00,1588,0.00,895,-3.00,3,0.32
2967,20.00,2664,20.00,3261,20.00,1991,20.00,1529,20.00,1507,5.00,2894,-2.00,5861,4.00,4691,1.00,1517,19.00,1968,19.00,2368,40.00,2348,0.00,1142,16.00,3743,1.00,1359,0.00,1397,19.00,1507,20.00,1803,20.00,1507,3.00,1588,0.00,895,-2.00,3,0.48
3003,20.00,2664,19.00,3261,20.00,1991,20.00,1529,20.00,1507,3.00,2894,-3.00,5861,5.00,4691,1.00,1517,20.00,1968,20.00,2368,40.00,2348,0.00,1142,16.00,3743,1.00,1359,0.00,1397,20.00,1507,20.00,1803,20.00,1507,1.00,1588,0.00,895,-3.00,3,0.32
3039,20.00,2664,21.00,3261,19.00,1991,21.00,1529,20.00,1507,5.00,2894,-2.00,5861,5.00,4691,1.00,1517,20.00,1968,19.00,2368,40.00,2348,0.00,1142,16.00,3743,1.00,1359,0.00,1397,21.00,1507,21.00,1803,20.00,1507,5.00,1588,0.00,895,-3.00,3,0.56
3074,20.00,2664,20.00,3261,20.00,1991,20.00,1529,20.00,1507,4.00,2894,-2.00,5861,5.00,4691,0.00,1517,20.00,1968,20.00,2368,40.00,2348,0.00,1142,16.00,3743,1.00,1359,0.00,1397,19.00,1507,20.00,1803,20.00,1507,4.00,1588,0.00,895,-2.00,3,0.56
3110,19.00,2664,20.00,3261,20.00,1991,20.00,1529,20.00,1507,5.00,2894,-1.00,5861,5.00,4691,0.00,1517,20.00,1968,20.00,2368,40.00,2348,0.00,1142,16.00,3743,3.00,1359,0.00,1397,20.00,1507,20.00,1803,20.00,1507,5.00,1588,0.00,895,-3.00,3,0.48
3146,21.00,2664,20.00,3261,20.00,1991,20.00,1529,20.00,1507,4.00,2894,-2.00,5861,4.00,4691,1.00,1517,20.00,1968,20.00,2368,40.00,2348,0.00,1142,16.00,3743,2.00,1359,0.00,1397,20.00,1507,20.00,1803,20.00,1507,3.00,1588,0.00,895,-2.00,3,0.81
3181,20.00,2664,20.00,3261,20.00,1991,20.00,1529,20.00,1507,3.00,2894,-2.00,5861,5.00,4691,1.00,1517,20.00,1968,20.00,2368,41.00,2348,0.00,1142,16.00,3743,1.00,1359,0.00,1397,20.00,1507,20.00,1803,20.00,1507,3.00,1588,0.00,895,-1.00,3,0.65
3217,20.00,2665,21.00,3261,20.00,1991,20.00,1529,20.00,1507,4.00,2894,-3.00,5861,5.00,4691,0.00,1517,20.00,1968,20.00,2368,40.00,2348,0.00,1142,16.00,3743,0.00,1359,0.00,1397,20.00,1507,20.00,1803,20.00,1507,4.00,1588,0.00,895,-1.00,3,0.89
3253,20.00,2667,20.00,3261,20.00,1991,20.00,1529,20.00,1507,4.00,2894,-2.00,5861,4.00,4691,1.00,1517,20.00,1968,20.00,2368,40.00,2348,-2.00,1142,16.00,3743,0.00,1359,0.00,1397,20.00,1507,19.00,1803,20.00,1507,5.00,1588,0.00,895,-3.00,3,0.73
3289,21.00,2668,20.00,3261,20.00,1991,20.00,1529,20.00,1507,4.00,2894,-3.00,5861,6.00,4691,0.00,1517,20.00,1968,20.00,2368,40.00,2348,0.00,1142,16.00,3743,1.00,1359,0.00,1397,20.00,1507,20.00,1803,20.00,1507,3.00,1588,0.00,895,-2.00,3,0.65
3324,20.00,2668,20.00,3261,20.00,1991,20.00,1529,20.00,1507,3.00,2894,-2.00,5861,6.00,4691,1.00,1517,20.00,1968,20.00,2368,40.00,2348,-1.00,1142,16.00,3743,2.00,1359,0.00,1397,20.00,1507,20.00,1803,21.00,1507,4.00,1588,0.00,895,-2.00,3,0.97
3360,20.00,2668,20.00,3261,20.00,1991,20.00,1529,20.00,1507,4.00,2894,-2.00,5861,5.00,4691,2.00,1517,21.00,1968,19.00,2371,40.00,2349,0.00,1142,16.00,3743,1.00,1359,0.00,1397,20.00,1507,20.00,1803,22.00,1507,4.00,1588,0.00,895,-3.00,3,0.89
3396,19.00,2668,19.00,3261,20.00,1991,20.00,1529,20.00,1507,3.00,2894,-1.00,5861,5.00,4691,0.00,1517,20.00,1968,19.00,2377,40.00,2348,0.00,1142,16.00,3743,0.00,1359,0.00,1397,20.00,1507,20.00,1803,19.00,1507,3.00,1588,0.00,895,-2.00,3,1.29
3431,20.00,2668,20.00,3261,20.00,1991,20.00,1529,20.00,1507,4.00,2894,-3.00,5861,4.00,4691,0.00,1517,20.00,1968,19.00,2385,40.00,2349,0.00,1142,16.00,3743,0.00,1359,0.00,1397,20.00,1507,20.00,1803,19.00,1508,2.00,1588,0.00,895,-1.00,3,1.13
3467,20.00,2668,20.00,3261,20.00,1991,20.00,1529,20.00,1507,3.00,2894,-2.00,5861,4.00,4691,2.00,1517,20.00,1968,20.00,2393,40.00,2349,0.00,1142,16.00,3743,0.00,1359,0.00,1397,21.00,1507,20.00,1803,20.00,1513,4.00,1588,0.00,895,-3.00,3,1.21
3503,20.00,2668,19.00,3261,20.00,1991,21.00,1529,19.00,1507,4.00,2894,-1.00,5861,5.00,4691,1.00,1517,21.00,1968,20.00,2401,39.00,2349,0.00,1142,16.00,3743,1.00,1359,0.00,1397,20.00,1507,19.00,1803,19.00,1521,3.00,1588,0.00,895,-2.00,3,1.05
3538,20.00,2668,20.00,3261,20.00,1991,19.00,1529,20.00,1507,4.00,2894,-2.00,5861,4.00,4691,1.00,1517,20.00,1968,20.00,2408,38.00,2355,0.00,1142,16.00,3743,3.00,1359,0.00,1397,20.00,1507,20.00,1803,21.00,1531,1.00,1588,0.00,895,-3.00,3,1.53
3574,19.00,2668,20.00,3261,20.00,1991,20.00,1529,20.00,1507,4.00,2894,-3.00,5861,4.00,4691,0.00,1517,22.00,1968,20.00,2414,39.00,2364,0.00,1142,16.00,3743,0.00,1359,0.00,1397,19.00,1507,21.00,1803,21.00,1539,2.00,1588,0.00,895,-2.00,3,1.53
3610,20.00,2668,21.00,3261,20.00,1991,19.00,1529,20.00,1507,4.00,2894,-1.00,5861,4.00,4691,1.00,1517,20.00,1968,20.00,2419,41.00,2374,0.00,1142,16.00,3743,1.00,1359,0.00,1397,20.00,1507,20.00,1803,20.00,1547,3.00,1588,0.00,895,-2.00,3,1.37
3645,20.00,2668,21.00,3261,19.00,1991,20.00,1529,20.00,1507,5.00,2894,-2.00,5861,5.00,4691,1.00,1517,20.00,1968,20.00,2423,41.00,2379,1.00,1142,16.00,3743,1.00,1359,0.00,1397,20.00,1507,20.00,1803,19.00,1555,2.00,1588,0.00,895,-2.00,3,1.61
3681,20.00,2668,21.00,3261,21.00,1991,20.00,1529,18.00,1507,4.00,2894,-2.00,5861,5.00,4691,0.00,1517,20.00,1969,20.00,2426,41.00,2381,0.00,1142,16.00,3743,2.00,1359,0.00,1397,20.00,1507,20.00,1803,20.00,1563,4.00,1588,0.00,895,-2.00,3,1.45
3717,20.00,2668,21.00,3261,20.00,1991,21.00,1529,20.00,1507,4.00,2894,-3.00,5861,5.00,4691,0.00,1517,19.00,1971,20.00,2430,40.00,2382,7.00,1142,16.00,3743,2.00,1359,0.00,1397,20.00,1507,20.00,1803,21.00,1570,3.00,1588,0.00,895,-3.00,3,1.45
3753,20.00,2668,20.00,3261,19.00,1991,20.00,1529,20.00,1507,4.00,2894,-2.00,5861,4.00,4691,0.00,1517,19.00,1977,20.00,2433,41.00,2382,0.00,1142,15.00,3743,0.00,1359,0.00,1397,20.00,1507,20.00,1803,21.00,1575,2.00,1588,0.00,895,-2.00,3,1.37
3788,21.00,2668,19.00,3261,20.00,1991,20.00,1529,20.00,1507,4.00,2894,-1.00,5861,5.00,4691,1.00,1517,20.00,1984,20.00,2435,40.00,2382,0.00,1142,17.00,3743,2.00,1359,0.00,1397,20.00,1507,20.00,1803,20.00,1579,4.00,1588,0.00,895,-2.00,3,1.61
3824,20.00,2668,21.00,3261,20.00,1991,20.00,1529,20.00,1507,3.00,2894,-2.00,5861,5.00,4691,2.00,1517,20.00,1990,20.00,2437,40.00,2382,0.00,1142,16.00,3743,2.00,1359,0.00,1397,20.00,1507,20.00,1803,20.00,1581,2.00,1588,0.00,895,-2.00,3,1.69
3860,20.00,2668,20.00,3261,20.00,1991,21.00,1529,20.00,1507,4.00,2894,-3.00,5861,6.00,4691,1.00,1517,20.00,1996,21.00,2438,40.00,2382,0.00,1142,16.00,3743,2.00,1359,0.00,1396,20.00,1507,20.00,1803,20.00,1582,5.00,1588,0.00,895,-2.00,3,1.85
3895,20.00,2668,20.00,3261,20.00,1991,20.00,1529,20.00,1507,4.00,2894,-2.00,5861,5.00,4691,0.00,1517,21.00,2000,20.00,2438,39.00,2382,-1.00,1142,16.00,3743,0.00,1359,0.00,1396,20.00,1507,20.00,1803,20.00,1582,3.00,1588,0.00,895,-2.00,3,1.53
3931,20.00,2668,20.00,3261,20.00,1991,20.00,1529,20.00,1507,5.00,2894,-3.00,5861,6.00,4691,1.00,1517,21.00,2002,20.00,2439,40.00,2382,0.00,1142,16.00,3743,1.00,1359,0.00,1396,20.00,1507,20.00,1803,20.00,1582,4.00,1588,0.00,895,-1.00,3,1.53
3967,20.00,2668,19.00,3261,19.00,1991,20.00,1529,20.00,1507,5.00,2894,-1.00,5861,5.00,4691,2.00,1517,20.00,2003,20.00,2439,40.00,2382,0.00,1142,16.00,3743,0.00,1359,0.00,1396,20.00,1507,20.00,1803,20.00,1582,4.00,1588,0.00,895,-1.00,3,1.69
4003,20.00,2668,21.00,3261,20.00,1991,20.00,1529,20.00,1507,4.00,2894,-3.00,5861,5.00,4691,2.00,1517,20.00,2004,21.00,2439,41.00,2383,0.00,1142,16.00,3743,0.00,1359,0.00,1396,20.00,1507,20.00,1803,20.00,1582,4.00,1588,0.00,895,-2.00,3,1.77
4038,20.00,2668,20.00,3261,20.00,1991,20.00,1529,20.00,1507,4.00,2894,-2.00,5861,6.00,4691,0.00,1517,21.00,2004,20.00,2439,39.00,2384,0.00,1141,16.00,3743,1.00,1359,0.00,1396,20.00,1507,20.00,1803,20.00,1582,3.00,1588,0.00,895,-2.00,3,1.77
4074,19.00,2668,19.00,3261,21.00,1991,20.00,1529,20.00,1507,4.00,2894,-2.00,5861,5.00,4691,1.00,1517,20.00,2005,20.00,2439,40.00,2390,0.00,1142,16.00,3743,2.00,1359,0.00,1396,20.00,1507,21.00,1803,19.00,1582,4.00,1588,0.00,895,-2.00,3,1.77
4110,19.00,2668,20.00,3261,20.00,1991,20.00,1529,20.00,1507,3.00,2894,-3.00,5861,5.00,4691,1.00,1517,20.00,2004,21.00,2439,40.00,2397,0.00,1141,16.00,3743,3.00,1359,0.00,1396,20.00,1507,20.00,1803,20.00,1582,2.00,1588,0.00,895,-2.00,3,2.02
4146,20.00,2668,20.00,3261,20.00,1991,20.00,1529,20.00,1507,3.00,2894,-3.00,5861,5.00,4691,-9.00,1518,20.00,2005,20.00,2439,39.00,2402,8.00,1141,16.00,3743,2.00,1359,0.00,1396,20.00,1507,20.00,1803,20.00,1582,3.00,1588,0.00,895,-3.00,3,1.94
4181,20.00,2668,20.00,3261,20.00,1991,20.00,1529,20.00,1507,3.00,2894,-2.00,5861,5.00,4691,3.00,1517,21.00,2005,20.00,2439,40.00,2405,-7.00,1142,16.00,3743,1.00,1359,0.00,1396,20.00,1507,20.00,1803,20.00,1583,4.00,1588,0.00,895,-2.00,3,1.85
4217,20.00,2668,20.00,3261,21.00,1991,20.00,1529,20.00,1507,0.00,2894,-1.00,5861,5.00,4691,0.00,1517,20.00,2005,20.00,2439,40.00,2406,0.00,1141,16.00,3743,1.00,1359,0.00,1396,20.00,1507,21.00,1803,20.00,1582,2.00,1588,0.00,895,-2.00,3,1.77
4253,20.00,2668,22.00,3261,20.00,1991,20.00,1529,20.00,1507,3.00,2894,-3.00,5861,5.00,4691,2.00,1517,20.00,2005,20.00,2439,40.00,2406,0.00,1142,16.00,3743,1.00,1359,0.00,1396,20.00,1507,20.00,1803,20.00,1583,4.00,1588,0.00,895,-2.00,3,1.69
4289,21.00,2668,20.00,3261,21.00,1991,19.00,1529,20.00,1507,3.00,2894,-3.00,5861,5.00,4691,2.00,1517,20.00,2005,20.00,2439,40.00,2406,6.00,1141,16.00,3743,0.00,1359,0.00,1396,20.00,1506,20.00,1803,20.00,1583,5.00,1588,0.00,895,-2.00,3,1.94
4324,20.00,2668,21.00,3261,19.00,1991,20.00,1529,20.00,1507,5.00,2894,-3.00,5861,5.00,4691,2.00,1517,20.00,2005,20.00,2439,40.00,2406,1.00,1141,16.00,3743,0.00,1359,0.00,1396,20.00,1506,20.00,1803,20.00,1584,4.00,1588,0.00,895,-3.00,3,2.18
4360,20.00,2668,19.00,3261,21.00,1991,20.00,1529,20.00,1507,3.00,2894,-2.00,5861,5.00,4691,2.00,1517,20.00,2005,20.00,2439,38.00,2410,-4.00,1141,16.00,3743,1.00,1359,0.00,1396,20.00,1506,19.00,1803,19.00,1588,2.00,1588,0.00,895,-2.00,3,2.26
4396,20.00,2668,20.00,3261,20.00,1991,19.00,1529,20.00,1507,4.00,2894,-1.00,5861,5.00,4691,1.00,1517,20.00,2005,20.00,2439,40.00,2415,-3.00,1142,16.00,3743,1.00,1359,0.00,1396,19.00,1506,21.00,1803,20.00,1593,3.00,1588,0.00,895,-2.00,3,1.85
4432,20.00,2668,20.00,3261,20.00,1991,20.00,1529,20.00,1507,4.00,2894,-3.00,5861,6.00,4691,1.00,1517,20.00,2005,20.00,2439,40.00,2421,-3.00,1142,16.00,3743,2.00,1359,0.00,1396,20.00,1506,20.00,1803,21.00,1598,2.00,1588,0.00,895,-2.00,3,2.18
4467,20.00,2668,20.00,3261,20.00,1991,20.00,1529,20.00,1507,4.00,2894,-2.00,5861,6.00,4691,1.00,1518,19.00,2005,20.00,2439,40.00,2424,0.00,1142,16.00,3743,1.00,1359,0.00,1396,20.00,1506,20.00,1803,19.00,1602,4.00,1588,0.00,895,-2.00,3,2.18
4503,20.00,2668,20.00,3261,19.00,1991,20.00,1529,20.00,1507,3.00,2894,-2.00,5861,5.00,4691,-2.00,1517,20.00,2006,20.00,2441,40.00,2424,-3.00,1141,16.00,3743,1.00,1359,0.00,1396,21.00,1506,20.00,1803,20.00,1606,2.00,1588,0.00,895,-2.00,3,2.02
4539,19.00,2668,20.00,3261,20.00,1991,20.00,1529,20.00,1507,4.00,2894,-3.00,5861,6.00,4691,2.00,1518,20.00,2006,20.00,2447,40.00,2424,3.00,1141,16.00,3743,1.00,1359,0.00,1396,20.00,1506,19.00,1803,20.00,1610,3.00,1588,0.00,895,-1.00,3,2.42
4575,20.00,2668,20.00,3261,21.00,1991,20.00,1529,20.00,1507,4.00,2894,-2.00,5861,5.00,4691,2.00,1517,20.00,2007,19.00,2454,39.00,2426,2.00,1142,16.00,3743,1.00,1359,0.00,1396,20.00,1506,20.00,1803,20.00,1613,3.00,1588,0.00,895,-3.00,3,2.58
4610,20.00,2668,20.00,3261,20.00,1991,21.00,1529,20.00,1507,4.00,2894,-2.00,5861,5.00,4691,-7.00,1518,19.00,2011,19.00,2461,40.00,2431,2.00,1141,16.00,3743,1.00,1359,0.00,1396,20.00,1506,21.00,1803,20.00,1617,4.00,1588,0.00,895,-2.00,3,2.58
4646,21.00,2668,20.00,3261,20.00,1991,21.00,1529,19.00,1507,4.00,2894,-2.00,5861,5.00,4691,4.00,1517,19.00,2017,20.00,2468,41.00,2436,3.00,1141,16.00,3743,1.00,1359,0.00,1396,21.00,1506,20.00,1803,20.00,1621,5.00,1588,0.00,895,-1.00,3,2.26
4682,20.00,2668,20.00,3261,20.00,1991,19.00,1529,21.00,1506,4.00,2894,-2.00,5861,6.00,4691,-1.00,1518,20.00,2023,20.00,2473,41.00,2440,1.00,1141,15.00,3743,2.00,1359,0.00,1396,20.00,1506,19.00,1803,19.00,1624,2.00,1588,0.00,895,-3.00,3,2.42
4717,21.00,2668,20.00,3261,20.00,1991,20.00,1529,20.00,1507,5.00,2894,-1.00,5861,6.00,4691,1.00,1517,20.00,2027,20.00,2477,41.00,2444,-5.00,1141,15.00,3743,1.00,1359,0.00,1395,20.00,1506,20.00,1803,20.00,1627,3.00,1588,0.00,895,-1.00,3,2.34
4753,20.00,2668,20.00,3261,20.00,1991,20.00,1529,20.00,1506,4.00,2894,-2.00,5861,5.00,4691,1.00,1518,20.00,2031,20.00,2479,40.00,2447,2.00,1141,16.00,3743,0.00,1359,0.00,1390,20.00,1506,21.00,1803,19.00,1630,2.00,1588,0.00,895,-2.00,3,2.74
4789,21.00,2668,20.00,3261,20.00,1991,20.00,1529,20.00,1506,4.00,2894,-2.00,5861,5.00,4691,3.00,1517,19.00,2034,20.00,2481,40.00,2447,2.00,1141,15.00,3743,1.00,1359,0.00,1380,20.00,1506,20.00,1803,20.00,1633,4.00,1588,0.00,895,-2.00,3,2.66
4825,20.00,2668,20.00,3261,20.00,1991,20.00,1529,20.00,1506,4.00,2894,-3.00,5861,5.00,4691,4.00,1518,20.00,2034,20.00,2481,40.00,2447,2.00,1141,16.00,3743,2.00,1359,0.00,1367,19.00,1506,20.00,1803,20.00,1635,4.00,1588,0.00,895,-1.00,3,2.66
4860,19.00,2668,20.00,3261,20.00,1991,20.00,1529,20.00,1506,4.00,2894,-2.00,5861,5.00,4691,1.00,1517,20.00,2034,20.00,2481,40.00,2447,1.00,1141,16.00,3743,1.00,1359,0.00,1351,19.00,1506,20.00,1803,21.00,1635,4.00,1588,0.00,895,-4.00,3,2.50
4896,20.00,2668,19.00,3261,20.00,1991,20.00,1529,20.00,1506,4.00,2894,-1.00,5861,4.00,4691,4.00,1518,20.00,2034,20.00,2481,40.00,2447,2.00,1141,16.00,3743,1.00,1359,0.00,1334,20.00,1506,20.00,1803,20.00,1635,1.00,1588,0.00,895,-3.00,3,2.50
4932,20.00,2668,20.00,3261,20.00,1991,20.00,1529,20.00,1506,4.00,2894,-3.00,5861,4.00,4691,0.00,1518,19.00,2034,20.00,2481,40.00,2447,1.00,1141,16.00,3743,2.00,1359,0.00,1320,20.00,1506,20.00,1803,20.00,1635,1.00,1588,0.00,895,5.00,3,2.66
4968,19.00,2668,20.00,3261,20.00,1991,20.00,1529,20.00,1506,4.00,2894,-2.00,5861,5.00,4691,-5.00,1517,20.00,2034,20.00,2481,40.00,2448,2.00,1141,16.00,3743,1.00,1359,0.00,1307,19.00,1506,20.00,1803,20.00,1635,3.00,1588,0.00,895,0.00,3,2.66
5004,20.00,2668,21.00,3261,20.00,1991,20.00,1529,20.00,1506,3.00,2894,-2.00,5861,5.00,4691,-1.00,1518,20.00,2034,20.00,2482,40.00,2448,0.00,1141,16.00,3743,0.00,1359,0.00,1297,20.00,1505,20.00,1803,20.00,1635,3.00,1588,0.00,895,0.00,3,2.50
5039,20.00,2668,20.00,3261,20.00,1990,20.00,1529,20.00,1506,5.00,2894,-1.00,5861,6.00,4691,0.00,1517,20.00,2034,20.00,2482,40.00,2453,0.00,1141,16.00,3743,2.00,1359,0.00,1289,19.00,1505,21.00,1803,19.00,1636,5.00,1588,0.00,895,-8.00,2,2.58
5075,20.00,2668,20.00,3261,19.00,1991,20.00,1529,20.00,1506,3.00,2894,-3.00,5861,5.00,4691,1.00,1517,20.00,2034,20.00,2482,41.00,2460,3.00,1141,16.00,3743,2.00,1359,0.00,1285,20.00,1505,20.00,1803,19.00,1639,1.00,1588,0.00,895,0.00,3,2.74
5111,20.00,2668,20.00,3261,20.00,1991,20.00,1529,20.00,1506,3.00,2894,-2.00,5861,6.00,4691,-1.00,1518,20.00,2034,20.00,2482,40.00,2466,1.00,1141,16.00,3743,0.00,1359,0.00,1282,20.00,1505,20.00,1803,20.00,1645,2.00,1588,0.00,895,-1.00,2,2.82
5146,20.00,2668,20.00,3261,20.00,1991,20.00,1529,20.00,1506,5.00,2894,-2.00,5861,5.00,4691,6.00,1518,19.00,2034,20.00,2482,40.00,2471,1.00,1141,16.00,3743,0.00,1359,0.00,1282,20.00,1505,19.00,1803,20.00,1652,1.00,1588,0.00,895,-1.00,2,2.66
5182,21.00,2667,19.00,3261,20.00,1990,20.00,1529,20.00,1506,5.00,2894,-2.00,5861,5.00,4691,2.00,1518,20.00,2034,19.00,2486,40.00,2474,1.00,1141,16.00,3743,1.00,1359,0.00,1282,20.00,1505,20.00,1803,20.00,1658,2.00,1588,0.00,895,0.00,3,2.82
5218,20.00,2668,20.00,3261,20.00,1990,20.00,1529,20.00,1506,4.00,2894,-2.00,5861,5.00,4691,0.00,1518,19.00,2036,19.00,2492,41.00,2475,2.00,1141,16.00,3743,1.00,1359,0.00,1282,20.00,1505,20.00,1803,20.00,1662,3.00,1588,0.00,895,1.00,3,2.82
5253,19.00,2667,20.00,3261,20.00,1990,20.00,1529,20.00,1506,3.00,2894,-2.00,5861,5.00,4691,0.00,1518,20.00,2039,20.00,2500,40.00,2475,0.00,1141,16.00,3743,2.00,1359,0.00,1282,20.00,1505,20.00,1803,21.00,1665,3.00,1588,0.00,895,-2.00,3,2.90
5289,20.00,2667,20.00,3261,20.00,1991,20.00,1529,20.00,1506,3.00,2894,-3.00,5861,6.00,4691,1.00,1518,20.00,2043,20.00,2506,40.00,2475,0.00,1141,17.00,3743,2.00,1359,0.00,1282,20.00,1505,20.00,1803,21.00,1668,3.00,1588,0.00,895,-3.00,2,2.90
5325,21.00,2667,20.00,3261,20.00,1990,20.00,1529,20.00,1506,5.00,2894,-2.00,5861,5.00,4691,-1.00,1518,20.00,2047,21.00,2513,40.00,2475,2.00,1141,16.00,3743,0.00,1359,0.00,1282,20.00,1505,20.00,1803,20.00,1671,3.00,1588,0.00,895,-3.00,3,2.98
5361,20.00,2667,20.00,3261,21.00,1990,20.00,1529,20.00,1506,4.00,2894,-2.00,5861,5.00,4691,-3.00,1518,20.00,2049,21.00,2518,40.00,2475,2.00,1141,16.00,3743,1.00,1359,0.00,1282,21.00,1505,19.00,1803,21.00,1672,2.00,1588,0.00,895,-4.00,3,2.90
5396,21.00,2667,19.00,3261,20.00,1990,20.00,1529,20.00,1506,3.00,2894,-2.00,5861,6.00,4691,-1.00,1518,20.00,2052,20.00,2523,40.00,2475,0.00,1141,16.00,3743,1.00,1359,0.00,1281,20.00,1505,19.00,1803,20.00,1672,3.00,1588,0.00,895,-5.00,2,2.98
5432,20.00,2668,20.00,3261,20.00,1990,20.00,1529,20.00,1506,4.00,2894,-2.00,5861,6.00,4691,0.00,1518,20.00,2052,22.00,2525,40.00,2476,1.00,1141,16.00,3743,1.00,1359,0.00,1281,20.00,1505,20.00,1803,20.00,1672,1.00,1588,0.00,895,6.00,2,3.15
5468,21.00,2667,20.00,3261,20.00,1990,20.00,1529,20.00,1506,4.00,2894,-1.00,5861,5.00,4691,0.00,1518,20.00,2053,20.00,2528,40.00,2477,1.00,1141,16.00,3743,1.00,1359,0.00,1281,20.00,1505,20.00,1803,19.00,1673,5.00,1588,0.00,895,-1.00,3,2.98
5504,20.00,2667,21.00,3261,20.00,1990,20.00,1529,20.00,1506,4.00,2894,-2.00,5861,5.00,4691,-1.00,1518,21.00,2053,21.00,2529,40.00,2482,1.00,1141,16.00,3743,1.00,1359,0.00,1281,20.00,1505,20.00,1803,20.00,1677,4.00,1588,0.00,895,-1.00,2,2.74
5539,19.00,2667,20.00,3261,20.00,1990,20.00,1529,20.00,1506,3.00,2894,-3.00,5861,4.00,4691,0.00,1518,21.00,2053,20.00,2529,40.00,2488,2.00,1141,16.00,3743,1.00,1359,0.00,1281,20.00,1504,20.00,1803,20.00,1680,3.00,1588,0.00,895,-5.00,3,2.98
5575,21.00,2668,20.00,3261,20.00,1990,20.00,1529,20.00,1506,4.00,2894,-1.00,5861,5.00,4691,1.00,1517,20.00,2053,20.00,2529,40.00,2492,1.00,1141,16.00,3743,3.00,1359,0.00,1281,20.00,1505,21.00,1803,21.00,1684,1.00,1588,0.00,895,8.00,3,3.06
5611,20.00,2668,20.00,3261,20.00,1990,20.00,1529,19.00,1506,3.00,2894,-1.00,5861,5.00,4691,0.00,1518,20.00,2052,20.00,2529,41.00,2494,2.00,1141,16.00,3743,1.00,1359,0.00,1281,20.00,1504,20.00,1803,21.00,1687,4.00,1588,0.00,895,2.00,2,3.15
5647,20.00,2668,20.00,3261,20.00,1990,20.00,1529,20.00,1506,4.00,2894,-2.00,5861,6.00,4691,0.00,1518,20.00,2053,20.00,2529,40.00,2494,1.00,1141,16.00,3743,1.00,1359,0.00,1281,20.00,1504,20.00,1803,20.00,1691,5.00,1588,0.00,895,-1.00,2,3.06
5683,21.00,2667,20.00,3261,20.00,1990,20.00,1529,20.00,1506,4.00,2894,-1.00,5861,5.00,4691,0.00,1518,20.00,2053,20.00,2529,40.00,2495,0.00,1141,16.00,3743,1.00,1359,0.00,1279,20.00,1504,20.00,1803,20.00,1693,2.00,1588,0.00,895,0.00,3,3.15
5718,21.00,2668,20.00,3261,20.00,1990,20.00,1529,20.00,1506,4.00,2894,-2.00,5861,5.00,4691,0.00,1518,19.00,2053,20.00,2529,38.00,2499,1.00,1141,16.00,3743,1.00,1359,0.00,1281,20.00,1504,20.00,1803,19.00,1696,4.00,1588,0.00,895,-2.00,2,3.23
5754,20.00,2667,20.00,3261,20.00,1990,20.00,1529,20.00,1506,4.00,2894,-1.00,5861,5.00,4691,-2.00,1518,20.00,2053,20.00,2529,39.00,2503,2.00,1141,16.00,3743,0.00,1359,0.00,1279,20.00,1504,20.00,1803,20.00,1698,3.00,1588,0.00,895,-7.00,2,3.23
5790,20.00,2667,19.00,3261,21.00,1990,20.00,1529,20.00,1506,5.00,2894,-2.00,5861,5.00,4691,0.00,1518,20.00,2053,20.00,2530,39.00,2506,1.00,1141,16.00,3743,1.00,1359,0.00,1279,19.00,1504,21.00,1803,21.00,1701,4.00,1588,0.00,895,2.00,2,3.31
5825,20.00,2667,20.00,3261,20.00,1990,20.00,1529,20.00,1506,4.00,2894,-3.00,5861,6.00,4691,1.00,1518,20.00,2053,20.00,2530,40.00,2508,1.00,1141,16.00,3743,2.00,1359,0.00,1279,20.00,1504,20.00,1803,20.00,1703,3.00,1588,0.00,895,-7.00,2,3.31
5861,20.00,2667,20.00,3261,20.00,1990,20.00,1529,20.00,1506,3.00,2894,-1.00,5861,4.00,4691,0.00,1518,20.00,2053,20.00,2530,39.00,2511,1.00,1141,16.00,3743,1.00,1359,0.00,1279,20.00,1504,20.00,1803,20.00,1706,3.00,1588,0.00,895,-5.00,2,3.39
5897,20.00,2667,20.00,3261,21.00,1990,20.00,1529,20.00,1506,4.00,2894,-2.00,5861,6.00,4691,0.00,1518,20.00,2053,19.00,2534,41.00,2513,1.00,1141,16.00,3743,1.00,1359,0.00,1279,20.00,1504,20.00,1803,21.00,1708,4.00,1588,0.00,895,-3.00,2,3.31
5933,20.00,2667,19.00,3261,20.00,1990,20.00,1529,20.00,1506,5.00,2894,-3.00,5861,4.00,4691,0.00,1518,20.00,2053,19.00,2540,40.00,2513,1.00,1141,16.00,3743,0.00,1359,0.00,1279,20.00,1504,20.00,1803,20.00,1711,3.00,1588,0.00,895,0.00,2,3.23
5968,20.00,2667,20.00,3261,20.00,1990,20.00,1529,20.00,1506,4.00,2894,-2.00,5861,5.00,4691,1.00,1518,20.00,2053,20.00,2546,40.00,2513,2.00,1141,16.00,3743,0.00,1359,0.00,1279,20.00,1504,20.00,1803,20.00,1715,3.00,1588,0.00,895,-1.00,3,3.31
6004,21.00,2667,21.00,3261,20.00,1990,20.00,1529,20.00,1506,4.00,2894,-2.00,5861,4.00,4691,0.00,1518,19.00,2054,20.00,2552,40.00,2513,1.00,1141,15.00,3743,1.00,1359,0.00,1279,21.00,1504,20.00,1803,20.00,1717,3.00,1588,0.00,895,0.00,2,3.31
6040,21.00,2667,20.00,3261,20.00,1990,20.00,1529,20.00,1506,3.00,2894,-2.00,5861,6.00,4691,0.00,1518,20.00,2057,20.00,2555,40.00,2513,0.00,1141,16.00,3743,0.00,1359,0.00,1279,20.00,1504,20.00,1803,19.00,1720,3.00,1588,0.00,895,0.00,2,3.79
6076,20.00,2667,20.00,3261,20.00,1990,20.00,1529,20.00,1506,4.00,2894,-2.00,5861,4.00,4691,0.00,1518,20.00,2062,20.00,2558,39.00,2515,0.00,1141,16.00,3743,0.00,1359,0.00,1279,21.00,1504,20.00,1803,20.00,1721,3.00,1588,0.00,895,-1.00,3,3.23
6111,20.00,2667,20.00,3261,19.00,1990,20.00,1528,20.00,1506,4.00,2894,-2.00,5861,5.00,4691,0.00,1518,21.00,2067,20.00,2561,41.00,2519,1.00,1141,16.00,3743,1.00,1359,0.00,1279,20.00,1504,19.00,1803,20.00,1723,4.00,1588,0.00,895,-8.00,2,3.39
6147,21.00,2667,20.00,3261,20.00,1990,21.00,1529,20.00,1506,4.00,2894,-2.00,5861,4.00,4691,4.00,1517,20.00,2069,21.00,2562,40.00,2522,1.00,1141,16.00,3743,0.00,1359,0.00,1278,21.00,1504,20.00,1803,21.00,1725,2.00,1588,0.00,895,9.00,2,3.15
6183,20.00,2667,20.00,3261,19.00,1990,20.00,1529,19.00,1506,4.00,2894,-2.00,5861,5.00,4691,0.00,1518,20.00,2071,21.00,2562,41.00,2526,1.00,1141,16.00,3743,1.00,1359,0.00,1278,20.00,1504,19.00,1803,19.00,1727,5.00,1588,0.00,895,-3.00,2,3.31
6219,20.00,2667,20.00,3261,21.00,1990,20.00,1529,20.00,1506,4.00,2894,-3.00,5861,4.00,4691,0.00,1518,21.00,2071,20.00,2562,41.00,2527,1.00,1141,16.00,3743,2.00,1359,0.00,1278,20.00,1504,20.00,1803,22.00,1729,4.00,1588,0.00,895,1.00,2,3.55
6255,20.00,2667,20.00,3261,20.00,1990,20.00,1529,20.00,1506,4.00,2894,-3.00,5861,6.00,4691,0.00,1518,20.00,2071,20.00,2562,41.00,2527,1.00,1141,16.00,3743,0.00,1359,0.00,1278,20.00,1504,20.00,1803,21.00,1729,4.00,1588,0.00,895,0.00,2,3.47
6291,19.00,2667,20.00,3261,20.00,1990,20.00,1529,20.00,1506,4.00,2894,-2.00,5861,5.00,4691,0.00,1518,20.00,2071,21.00,2562,40.00,2527,2.00,1141,15.00,3743,1.00,1359,0.00,1278,21.00,1504,20.00,1803,20.00,1729,3.00,1588,0.00,895,0.00,3,3.31
6326,21.00,2667,19.00,3261,21.00,1990,20.00,1529,20.00,1506,4.00,2894,-2.00,5861,5.00,4691,0.00,1518,21.00,2071,20.00,2562,40.00,2527,1.00,1141,16.00,3743,0.00,1359,0.00,1278,20.00,1504,20.00,1803,21.00,1729,4.00,1588,0.00,895,2.00,2,3.63
6362,21.00,2667,20.00,3261,19.00,1990,20.00,1529,20.00,1506,3.00,2894,-1.00,5861,6.00,4691,0.00,1518,20.00,2071,20.00,2562,40.00,2527,2.00,1141,16.00,3743,1.00,1359,0.00,1278,20.00,1504,20.00,1803,20.00,1729,4.00,1588,0.00,895,-1.00,2,3.47
6398,20.00,2667,19.00,3261,21.00,1990,20.00,1529,20.00,1506,4.00,2894,-2.00,5861,5.00,4691,0.00,1518,20.00,2071,20.00,2563,40.00,2527,1.00,1141,16.00,3743,3.00,1359,0.00,1278,20.00,1504,20.00,1803,20.00,1729,3.00,1588,0.00,895,5.00,3,3.55
6433,21.00,2667,20.00,3261,20.00,1990,20.00,1529,20.00,1506,3.00,2894,-2.00,5861,5.00,4691,0.00,1518,19.00,2071,20.00,2563,40.00,2527,2.00,1141,16.00,3743,1.00,1359,0.00,1278,20.00,1504,20.00,1803,20.00,1730,5.00,1588,0.00,895,-4.00,2,3.71
6469,21.00,2667,20.00,3261,20.00,1990,20.00,1529,20.00,1506,3.00,2894,-3.00,5861,5.00,4691,0.00,1518,20.00,2071,20.00,2563,40.00,2527,1.00,1141,16.00,3743,2.00,1359,0.00,1278,20.00,1504,20.00,1803,18.00,1733,2.00,1588,0.00,895,-9.00,2,3.63
6505,20.00,2667,20.00,3261,20.00,1990,20.00,1529,20.00,1506,5.00,2894,-2.00,5861,5.00,4691,0.00,1518,20.00,2071,19.00,2563,40.00,2527,1.00,1141,16.00,3743,0.00,1359,0.00,1278,20.00,1504,21.00,1803,20.00,1738,1.00,1588,0.00,895,0.00,2,3.71
6541,20.00,2667,20.00,3261,20.00,1989,20.00,1529,20.00,1506,4.00,2894,-3.00,5861,4.00,4691,0.00,1518,20.00,2071,20.00,2563,40.00,2527,2.00,1141,16.00,3743,2.00,1359,0.00,1278,20.00,1504,20.00,1803,20.00,1742,2.00,1588,0.00,895,-1.00,2,3.71
6576,20.00,2667,20.00,3261,21.00,1990,20.00,1529,19.00,1506,4.00,2894,-2.00,5861,5.00,4691,0.00,1518,20.00,2071,20.00,2563,40.00,2527,1.00,1141,16.00,3743,1.00,1359,0.00,1278,20.00,1504,20.00,1803,20.00,1747,4.00,1588,0.00,895,-2.00,2,3.87
6612,20.00,2667,21.00,3261,20.00,1990,19.00,1528,20.00,1506,4.00,2894,-2.00,5861,4.00,4691,0.00,1518,20.00,2071,21.00,2563,40.00,2528,1.00,1141,16.00,3743,2.00,1359,0.00,1278,19.00,1504,20.00,1803,20.00,1750,4.00,1588,0.00,895,-5.00,2,3.63
6648,21.00,2667,20.00,3261,19.00,1990,20.00,1529,20.00,1506,4.00,2894,-2.00,5861,4.00,4691,0.00,1518,22.00,2071,21.00,2563,39.00,2534,1.00,1141,16.00,3743,0.00,1359,0.00,1278,20.00,1504,20.00,1803,20.00,1753,2.00,1588,0.00,895,-2.00,3,3.55
6683,20.00,2667,20.00,3261,20.00,1989,20.00,1528,20.00,1506,4.00,2894,-1.00,5861,4.00,4691,0.00,1518,20.00,2072,20.00,2564,40.00,2541,2.00,1141,16.00,3743,2.00,1359,0.00,1278,20.00,1504,20.00,1803,19.00,1755,5.00,1588,0.00,895,-5.00,2,3.47
6719,20.00,2667,20.00,3261,20.00,1989,20.00,1529,20.00,1506,5.00,2894,-2.00,5861,5.00,4691,0.00,1518,20.00,2071,19.00,2569,40.00,2546,1.00,1141,16.00,3743,1.00,1359,0.00,1278,21.00,1504,20.00,1803,21.00,1757,4.00,1588,0.00,895,-1.00,2,3.87
6755,21.00,2667,20.00,3261,20.00,1989,21.00,1529,20.00,1506,4.00,2894,-2.00,5861,5.00,4691,0.00,1518,20.00,2072,20.00,2575,41.00,2550,0.00,1141,16.00,3743,1.00,1359,0.00,1278,20.00,1504,20.00,1803,20.00,1757,4.00,1588,0.00,895,-2.00,2,3.63
6791,20.00,2667,20.00,3261,20.00,1989,21.00,1529,20.00,1506,4.00,2894,-3.00,5861,5.00,4691,0.00,1518,20.00,2072,20.00,2581,40.00,2551,2.00,1141,16.00,3743,1.00,1359,0.00,1275,20.00,1504,20.00,1803,20.00,1757,3.00,1588,0.00,895,-1.00,2,3.87
6827,20.00,2667,20.00,3261,20.00,1989,20.00,1529,20.00,1506,5.00,2894,-2.00,5861,4.00,4691,0.00,1518,20.00,2072,20.00,2587,40.00,2551,0.00,1141,16.00,3743,0.00,1359,0.00,1267,20.00,1504,21.00,1803,20.00,1757,2.00,1588,0.00,895,-1.00,2,4.03
6862,20.00,2667,20.00,3261,20.00,1989,20.00,1528,20.00,1505,4.00,2894,-2.00,5861,5.00,4691,0.00,1518,20.00,2073,20.00,2592,40.00,2551,1.00,1141,16.00,3743,1.00,1359,0.00,1253,20.00,1504,21.00,1803,21.00,1758,2.00,1588,0.00,895,-1.00,2,3.55
6898,19.00,2667,20.00,3261,20.00,1989,20.00,1528,20.00,1506,3.00,2894,-2.00,5861,6.00,4691,0.00,1518,19.00,2077,20.00,2596,40.00,2551,2.00,1141,16.00,3743,0.00,1359,0.00,1234,20.00,1504,20.00,1803,19.00,1763,2.00,1588,0.00,895,-1.00,3,3.95
6934,20.00,2667,20.00,3261,20.00,1989,20.00,1528,20.00,1505,3.00,2894,-2.00,5861,5.00,4691,0.00,1518,20.00,2083,20.00,2600,39.00,2553,2.00,1141,16.00,3743,0.00,1359,0.00,1216,20.00,1503,20.00,1803,20.00,1770,2.00,1588,0.00,895,1.00,2,3.87
6970,20.00,2667,20.00,3261,21.00,1989,20.00,1528,20.00,1505,4.00,2894,-1.00,5861,5.00,4691,0.00,1518,20.00,2089,20.00,2603,39.00,2561,1.00,1141,17.00,3743,1.00,1359,0.00,1201,20.00,1503,20.00,1803,20.00,1777,2.00,1588,0.00,895,0.00,2,3.63
7005,20.00,2667,20.00,3261,20.00,1989,20.00,1529,20.00,1506,3.00,2894,-2.00,5861,4.00,4691,0.00,1518,21.00,2096,21.00,2606,40.00,2569,1.00,1141,16.00,3743,1.00,1359,0.00,1186,20.00,1503,20.00,1803,21.00,1784,5.00,1588,0.00,895,-2.00,2,3.63
7041,20.00,2667,20.00,3261,20.00,1989,20.00,1528,20.00,1505,4.00,2894,-1.00,5861,5.00,4691,0.00,1518,20.00,2100,20.00,2610,40.00,2575,0.00,1141,16.00,3743,0.00,1359,0.00,1175,20.00,1503,19.00,1803,20.00,1790,4.00,1588,0.00,895,-1.00,2,3.63
7077,20.00,2667,21.00,3261,20.00,1989,20.00,1528,21.00,1505,4.00,2894,-3.00,5861,5.00,4691,0.00,1518,21.00,2103,20.00,2613,42.00,2577,1.00,1141,16.00,3743,1.00,1359,0.00,1168,20.00,1503,20.00,1803,20.00,1795,5.00,1588,0.00,895,-1.00,2,3.47
7113,20.00,2667,20.00,3261,20.00,1989,19.00,1528,20.00,1505,5.00,2894,-2.00,5861,5.00,4691,0.00,1518,21.00,2104,20.00,2616,41.00,2579,1.00,1141,16.00,3743,1.00,1359,0.00,1164,20.00,1503,20.00,1803,21.00,1799,1.00,1588,0.00,895,-1.00,2,3.39
7148,19.00,2667,20.00,3261,20.00,1989,20.00,1528,20.00,1505,4.00,2894,-2.00,5861,5.00,4691,0.00,1518,20.00,2104,21.00,2618,40.00,2579,1.00,1141,17.00,3743,1.00,1359,0.00,1163,20.00,1503,21.00,1803,21.00,1800,3.00,1588,0.00,895,-1.00,2,3.39
7184,20.00,2667,20.00,3261,20.00,1989,20.00,1529,20.00,1505,4.00,2894,-2.00,5861,5.00,4691,0.00,1518,20.00,2104,21.00,2619,40.00,2579,1.00,1141,16.00,3743,0.00,1359,0.00,1163,20.00,1503,20.00,1803,20.00,1803,4.00,1588,0.00,895,-1.00,2,3.39
7220,20.00,2667,20.00,3261,20.00,1989,20.00,1528,20.00,1506,4.00,2894,-2.00,5861,5.00,4691,0.00,1518,20.00,2104,20.00,2620,40.00,2579,1.00,1141,16.00,3743,1.00,1359,0.00,1163,18.00,1503,20.00,1803,20.00,1804,3.00,1588,0.00,895,-1.00,2,3.47
7255,19.00,2667,20.00,3261,21.00,1989,20.00,1529,20.00,1505,4.00,2894,-3.00,5861,5.00,4691,0.00,1518,20.00,2104,20.00,2622,40.00,2579,1.00,1141,17.00,3743,1.00,1359,0.00,1163,20.00,1503,21.00,1803,20.00,1804,5.00,1588,0.00,895,0.00,2,3.55
7291,20.00,2667,20.00,3261,20.00,1989,20.00,1529,20.00,1505,3.00,2894,-2.00,5861,5.00,4691,0.00,1518,20.00,2104,21.00,2623,40.00,2579,0.00,1140,16.00,3743,0.00,1359,0.00,1163,20.00,1503,21.00,1803,20.00,1804,2.00,1588,0.00,895,-1.00,2,3.55
7327,20.00,2667,20.00,3261,20.00,1989,20.00,1529,20.00,1505,4.00,2894,-2.00,5861,5.00,4691,0.00,1518,20.00,2104,20.00,2623,40.00,2579,1.00,1141,16.00,3743,2.00,1359,0.00,1163,20.00,1503,20.00,1803,20.00,1804,2.00,1588,0.00,895,0.00,2,3.71
7362,20.00,2667,21.00,3261,20.00,1989,20.00,1528,20.00,1505,3.00,2894,-3.00,5861,5.00,4691,0.00,1518,20.00,2104,20.00,2623,40.00,2579,3.00,1140,16.00,3743,1.00,1359,0.00,1163,20.00,1503,20.00,1803,20.00,1804,3.00,1588,0.00,895,-1.00,2,3.55
7398,19.00,2667,21.00,3261,19.00,1989,20.00,1528,20.00,1505,4.00,2894,-2.00,5861,5.00,4691,0.00,1518,20.00,2104,19.00,2623,40.00,2579,1.00,1141,16.00,3743,1.00,1359,0.00,1163,19.00,1503,20.00,1803,20.00,1804,3.00,1588,0.00,895,-1.00,2,3.55
7434,20.00,2667,20.00,3261,20.00,1989,20.00,1528,20.00,1505,3.00,2894,-3.00,5861,6.00,4691,0.00,1518,20.00,2104,20.00,2623,40.00,2579,0.00,1141,16.00,3743,1.00,1359,0.00,1163,20.00,1503,20.00,1803,20.00,1804,3.00,1588,0.00,895,-2.00,2,3.47
7470,20.00,2667,20.00,3261,20.00,1988,20.00,1528,19.00,1506,4.00,2894,-3.00,5861,5.00,4691,0.00,1518,20.00,2104,20.00,2623,40.00,2579,1.00,1141,16.00,3743,1.00,1359,0.00,1163,20.00,1503,19.00,1803,19.00,1804,2.00,1588,0.00,895,0.00,2,3.23
7505,20.00,2667,20.00,3261,20.00,1989,20.00,1528,20.00,1505,5.00,2894,-3.00,5861,6.00,4691,0.00,1518,20.00,2104,20.00,2623,39.00,2579,0.00,1141,16.00,3743,3.00,1359,0.00,1163,20.00,1503,21.00,1803,20.00,1804,4.00,1588,0.00,895,-1.00,2,3.15
7541,20.00,2667,20.00,3261,20.00,1989,20.00,1528,20.00,1506,4.00,2894,-2.00,5861,5.00,4691,0.00,1518,20.00,2104,20.00,2623,40.00,2579,1.00,1141,16.00,3743,2.00,1359,0.00,1163,19.00,1503,19.00,1803,20.00,1804,3.00,1588,0.00,895,-1.00,2,2.74
7577,20.00,2667,21.00,3261,20.00,1989,20.00,1528,20.00,1505,4.00,2894,-2.00,5861,3.00,4691,0.00,1518,20.00,2105,20.00,2623,40.00,2579,1.00,1141,16.00,3743,2.00,1359,0.00,1163,20.00,1503,20.00,1803,20.00,1804,3.00,1588,0.00,895,-1.00,2,2.66
7613,20.00,2667,20.00,3261,20.00,1989,19.00,1528,20.00,1506,4.00,2894,-3.00,5861,5.00,4691,0.00,1518,20.00,2105,21.00,2623,39.00,2579,1.00,1141,16.00,3743,2.00,1359,0.00,1163,20.00,1503,20.00,1803,20.00,1804,3.00,1588,0.00,895,-2.00,2,2.50
7648,21.00,2667,20.00,3261,20.00,1989,20.00,1528,20.00,1505,4.00,2894,-2.00,5861,5.00,4691,0.00,1518,20.00,2105,20.00,2623,40.00,2579,1.00,1141,16.00,3743,1.00,1359,0.00,1163,20.00,1503,19.00,1803,20.00,1804,4.00,1588,0.00,895,-1.00,2,2.50
7684,20.00,2667,20.00,3261,21.00,1989,20.00,1529,20.00,1505,4.00,2894,-2.00,5861,5.00,4691,0.00,1518,20.00,2105,19.00,2623,40.00,2579,1.00,1141,16.00,3743,1.00,1359,0.00,1163,20.00,1503,20.00,1803,20.00,1804,2.00,1588,0.00,895,-1.00,2,1.94
7720,20.00,2667,19.00,3261,20.00,1989,20.00,1529,20.00,1505,4.00,2894,-2.00,5861,5.00,4691,0.00,1518,19.00,2107,20.00,2623,40.00,2579,0.00,1141,16.00,3743,2.00,1359,0.00,1163,20.00,1503,20.00,1803,20.00,1804,4.00,1588,0.00,895,-1.00,2,1.61
7756,20.00,2667,20.00,3261,20.00,1989,20.00,1529,20.00,1505,5.00,2894,-1.00,5861,5.00,4691,0.00,1518,21.00,2108,20.00,2623,40.00,2579,-2.00,1142,16.00,3743,2.00,1359,0.00,1163,20.00,1503,20.00,1803,20.00,1804,4.00,1588,0.00,895,-7.00,3,1.37
7791,20.00,2667,20.00,3261,20.00,1989,20.00,1528,20.00,1506,4.00,2894,-1.00,5861,6.00,4691,0.00,1518,20.00,2108,20.00,2623,40.00,2579,-1.00,1142,16.00,3743,0.00,1359,0.00,1163,20.00,1504,19.00,1803,20.00,1804,4.00,1588,0.00,895,-5.00,3,0.97
7827,20.00,2667,19.00,3261,20.00,1989,19.00,1529,20.00,1506,4.00,2894,-2.00,5861,5.00,4691,0.00,1518,18.00,2108,20.00,2623,40.00,2579,0.00,1142,16.00,3743,2.00,1359,0.00,1163,20.00,1504,20.00,1803,20.00,1804,4.00,1588,0.00,895,-3.00,3,0.65
7863,20.00,2667,21.00,3261,20.00,1989,21.00,1529,20.00,1506,4.00,2894,-2.00,5861,5.00,4691,0.00,1518,20.00,2108,20.00,2623,40.00,2579,0.00,1142,16.00,3743,1.00,1359,0.00,1163,20.00,1504,20.00,1803,20.00,1804,4.00,1588,0.00,895,-3.00,2,0.65
7899,20.00,2667,20.00,3261,20.00,1989,20.00,1529,20.00,1506,4.00,2894,-2.00,5861,5.00,4691,0.00,1518,20.00,2108,20.00,2623,40.00,2579,0.00,1142,16.00,3743,1.00,1359,0.00,1163,20.00,1504,20.00,1803,21.00,1804,1.00,1588,0.00,895,-1.00,3,0.24
7934,20.00,2667,20.00,3261,20.00,1989,19.00,1529,20.00,1506,4.00,2894,-2.00,5861,4.00,4691,0.00,1518,20.00,2108,19.00,2623,40.00,2579,0.00,1142,16.00,3743,0.00,1359,0.00,1163,19.00,1505,20.00,1803,20.00,1804,3.00,1588,0.00,895,1.00,2,0.08
7970,19.00,2667,20.00,3261,20.00,1989,19.00,1529,20.00,1506,4.00,2894,-2.00,5861,5.00,4691,0.00,1518,20.00,2108,21.00,2623,40.00,2579,7.00,1142,16.00,3743,1.00,1359,0.00,1163,20.00,1505,20.00,1803,20.00,1804,4.00,1588,0.00,895,2.00,2,0.00
8006,19.00,2667,21.00,3261,20.00,1989,20.00,1529,20.00,1506,3.00,2894,-2.00,5861,6.00,4691,0.00,1518,20.00,2108,20.00,2623,40.00,2579,6.00,1142,16.00,3743,0.00,1359,0.00,1163,20.00,1505,21.00,1803,20.00,1804,2.00,1588,0.00,895,-2.00,2,0.24
8042,20.00,2667,20.00,3261,19.00,1989,20.00,1529,20.00,1506,4.00,2894,-2.00,5861,5.00,4691,0.00,1518,20.00,2108,20.00,2623,40.00,2579,0.00,1142,16.00,3743,2.00,1359,0.00,1163,20.00,1505,20.00,1803,20.00,1804,2.00,1588,0.00,895,-1.00,3,0.08
8077,19.00,2667,20.00,3261,20.00,1989,20.00,1529,20.00,1506,4.00,2894,-3.00,5861,6.00,4691,0.00,1518,20.00,2108,20.00,2623,40.00,2579,0.00,1142,16.00,3743,1.00,1359,0.00,1164,20.00,1505,20.00,1803,20.00,1804,4.00,1588,0.00,895,4.00,3,0.16
8113,20.00,2667,20.00,3261,21.00,1989,20.00,1529,20.00,1506,5.00,2894,-3.00,5861,5.00,4691,0.00,1518,20.00,2108,20.00,2623,40.00,2579,0.00,1142,16.00,3743,2.00,1359,0.00,1163,20.00,1505,20.00,1803,20.00,1804,4.00,1588,0.00,895,-4.00,3,0.00
8149,20.00,2667,19.00,3261,20.00,1989,20.00,1529,20.00,1506,4.00,2894,-2.00,5861,5.00,4691,0.00,1518,20.00,2108,20.00,2623,40.00,2579,-1.00,1142,16.00,3743,1.00,1359,0.00,1163,19.00,1505,20.00,1803,20.00,1804,3.00,1588,0.00,895,0.00,2,0.40
8185,19.00,2667,21.00,3261,20.00,1989,20.00,1529,20.00,1506,4.00,2894,-2.00,5861,5.00,4691,0.00,1518,20.00,2108,20.00,2623,42.00,2579,0.00,1142,16.00,3743,0.00,1359,0.00,1164,21.00,1505,20.00,1803,20.00,1804,4.00,1588,0.00,895,-2.00,3,0.00
8220,20.00,2667,21.00,3261,20.00,1989,20.00,1529,20.00,1506,4.00,2894,-1.00,5861,5.00,4691,0.00,1518,20.00,2108,19.00,2623,40.00,2579,0.00,1142,16.00,3743,1.00,1359,0.00,1163,20.00,1505,20.00,1803,20.00,1804,3.00,1588,0.00,895,3.00,2,0.00
8256,19.00,2667,20.00,3261,20.00,1989,20.00,1529,20.00,1506,3.00,2894,-1.00,5861,5.00,4691,0.00,1518,20.00,2108,20.00,2623,39.00,2579,0.00,1142,16.00,3743,0.00,1359,0.00,1163,20.00,1505,20.00,1803,20.00,1804,5.00,1588,0.00,895,-1.00,3,0.08
8292,20.00,2667,20.00,3261,20.00,1989,20.00,1529,20.00,1506,5.00,2894,-3.00,5861,5.00,4691,0.00,1518,20.00,2108,20.00,2623,40.00,2579,1.00,1142,16.00,3743,0.00,1359,0.00,1163,20.00,1505,21.00,1803,20.00,1804,5.00,1588,0.00,895,1.00,3,0.08
8328,20.00,2667,20.00,3261,20.00,1989,20.00,1529,20.00,1506,4.00,2894,-1.00,5861,5.00,4691,0.00,1518,20.00,2108,19.00,2623,40.00,2579,0.00,1142,16.00,3743,1.00,1359,0.00,1163,20.00,1505,20.00,1803,19.00,1804,4.00,1588,0.00,895,-3.00,3,0.08
8363,21.00,2667,20.00,3261,21.00,1989,19.00,1529,21.00,1506,4.00,2894,-3.00,5861,5.00,4691,0.00,1518,20.00,2108,20.00,2623,40.00,2579,0.00,1142,16.00,3743,0.00,1359,0.00,1163,20.00,1505,20.00,1803,19.00,1804,3.00,1588,0.00,895,-6.00,2,0.08
8399,20.00,2667,20.00,3261,20.00,1989,20.00,1529,20.00,1506,4.00,2894,-2.00,5861,5.00,4691,0.00,1518,20.00,2108,20.00,2623,40.00,2579,0.00,1142,16.00,3743,1.00,1359,0.00,1164,21.00,1505,20.00,1803,20.00,1804,4.00,1588,0.00,895,-4.00,3,0.89
8435,20.00,2667,20.00,3261,20.00,1989,20.00,1529,20.00,1506,4.00,2894,-1.00,5861,4.00,4691,0.00,1518,20.00,2108,20.00,2623,40.00,2579,0.00,1142,16.00,3743,0.00,1359,0.00,1163,20.00,1505,20.00,1803,20.00,1804,1.00,1588,0.00,895,7.00,3,0.08
8470,20.00,2667,20.00,3261,20.00,1989,20.00,1529,20.00,1506,4.00,2894,-1.00,5861,4.00,4691,0.00,1518,20.00,2108,19.00,2623,40.00,2579,0.00,1142,16.00,3743,2.00,1359,0.00,1163,20.00,1505,21.00,1803,20.00,1804,3.00,1588,0.00,895,-8.00,3,0.00
8506,20.00,2667,20.00,3261,21.00,1989,20.00,1529,20.00,1506,4.00,2894,-3.00,5861,5.00,4691,0.00,1518,20.00,2108,20.00,2623,39.00,2579,0.00,1142,16.00,3743,0.00,1359,0.00,1163,21.00,1505,20.00,1803,20.00,1804,3.00,1588,0.00,895,-3.00,3,0.00
8542,20.00,2667,20.00,3261,20.00,1989,21.00,1529,20.00,1506,5.00,2894,-2.00,5861,5.00,4691,0.00,1518,20.00,2108,20.00,2623,40.00,2579,0.00,1142,16.00,3743,0.00,1359,0.00,1163,20.00,1505,20.00,1803,20.00,1804,3.00,1588,0.00,895,-3.00,3,0.16
8577,20.00,2667,21.00,3261,20.00,1989,20.00,1529,20.00,1506,4.00,2894,-1.00,5861,5.00,4691,0.00,1518,20.00,2108,20.00,2623,40.00,2579,0.00,1142,16.00,3743,2.00,1359,0.00,1163,20.00,1505,20.00,1803,20.00,1804,4.00,1588,0.00,895,-4.00,2,0.00
8613,20.00,2667,20.00,3261,19.00,1989,20.00,1529,20.00,1506,4.00,2894,-2.00,5861,5.00,4691,0.00,1518,19.00,2108,20.00,2623,40.00,2579,0.00,1142,16.00,3743,0.00,1359,0.00,1163,20.00,1505,20.00,1803,20.00,1804,3.00,1588,0.00,895,-1.00,2,0.08
8649,20.00,2667,20.00,3261,20.00,1989,20.00,1529,20.00,1506,4.00,2894,-2.00,5861,5.00,4691,0.00,1518,20.00,2108,20.00,2623,40.00,2579,-1.00,1142,16.00,3743,1.00,1359,0.00,1163,20.00,1505,19.00,1803,21.00,1804,4.00,1588,0.00,895,-4.00,3,0.32
8685,20.00,2667,20.00,3261,20.00,1989,20.00,1529,20.00,1506,4.00,2894,-3.00,5861,5.00,4691,0.00,1518,20.00,2108,20.00,2623,40.00,2579,0.00,1142,15.00,3743,1.00,1359,0.00,1164,20.00,1505,20.00,1803,20.00,1804,4.00,1588,0.00,895,-2.00,2,0.00
8721,19.00,2667,20.00,3261,20.00,1989,20.00,1529,20.00,1506,4.00,2894,-2.00,5861,5.00,4691,0.00,1518,20.00,2108,20.00,2623,40.00,2579,0.00,1142,16.00,3743,2.00,1359,0.00,1164,20.00,1505,20.00,1803,20.00,1804,2.00,1588,0.00,895,-2.00,3,0.16
8756,20.00,2667,19.00,3261,21.00,1989,20.00,1529,20.00,1506,4.00,2894,-2.00,5861,5.00,4691,0.00,1518,20.00,2108,20.00,2623,40.00,2579,0.00,1142,16.00,3743,1.00,1359,0.00,1163,20.00,1505,20.00,1803,20.00,1804,4.00,1588,0.00,895,-1.00,3,0.00
8792,20.00,2667,19.00,3261,20.00,1989,20.00,1529,20.00,1506,4.00,2894,-2.00,5861,5.00,4691,0.00,1518,19.00,2108,20.00,2623,40.00,2579,0.00,1142,16.00,3743,3.00,1359,0.00,1164,20.00,1505,20.00,1803,20.00,1804,4.00,1588,0.00,895,-4.00,3,0.16
8828,20.00,2667,20.00,3261,20.00,1989,19.00,1529,20.00,1506,4.00,2894,-2.00,5861,5.00,4691,0.00,1518,20.00,2108,20.00,2623,40.00,2579,0.00,1142,16.00,3743,1.00,1359,0.00,1163,20.00,1505,21.00,1803,20.00,1804,4.00,1588,0.00,895,-5.00,2,0.16
8864,20.00,2667,20.00,3261,20.00,1989,20.00,1529,20.00,1506,4.00,2894,-2.00,5861,4.00,4691,0.00,1518,20.00,2108,20.00,2623,40.00,2579,0.00,1142,16.00,3743,0.00,1359,0.00,1163,20.00,1505,20.00,1803,20.00,1804,4.00,1588,0.00,895,-4.00,3,0.00
8899,20.00,2667,20.00,3261,20.00,1989,20.00,1529,20.00,1506,4.00,2894,-2.00,5861,5.00,4691,0.00,1518,20.00,2108,19.00,2623,40.00,2579,0.00,1142,16.00,3743,3.00,1359,0.00,1164,20.00,1505,20.00,1803,20.00,1804,3.00,1588,0.00,895,-5.00,3,0.16
8935,21.00,2667,20.00,3261,20.00,1989,20.00,1529,20.00,1506,5.00,2894,-2.00,5861,5.00,4691,0.00,1518,20.00,2108,19.00,2623,40.00,2579,6.00,1142,16.00,3743,1.00,1359,0.00,1163,20.00,1505,20.00,1803,21.00,1804,4.00,1588,0.00,895,-2.00,3,0.00
8971,19.00,2667,20.00,3261,20.00,1989,20.00,1529,20.00,1506,4.00,2894,-3.00,5861,5.00,4691,1.00,1518,20.00,2108,20.00,2623,40.00,2579,0.00,1142,17.00,3743,0.00,1359,0.00,1163,20.00,1505,20.00,1803,20.00,1804,5.00,1588,0.00,895,-3.00,2,0.16
9007,20.00,2667,20.00,3261,20.00,1989,20.00,1529,20.00,1506,4.00,2894,-2.00,5861,4.00,4691,0.00,1518,20.00,2108,20.00,2623,40.00,2579,0.00,1142,16.00,3743,1.00,1359,0.00,1164,20.00,1505,20.00,1803,20.00,1804,4.00,1588,0.00,895,3.00,3,0.08
9042,21.00,2667,20.00,3261,20.00,1989,21.00,1529,20.00,1506,5.00,2894,-3.00,5861,5.00,4691,0.00,1518,20.00,2108,20.00,2623,40.00,2579,0.00,1142,16.00,3743,1.00,1359,0.00,1163,20.00,1505,20.00,1803,20.00,1804,5.00,1588,0.00,895,-4.00,3,0.08
9078,20.00,2667,21.00,3261,20.00,1989,20.00,1529,20.00,1506,4.00,2894,-3.00,5861,4.00,4691,0.00,1518,20.00,2108,20.00,2623,40.00,2579,0.00,1142,16.00,3743,0.00,1359,0.00,1164,20.00,1505,20.00,1803,20.00,1804,1.00,1588,0.00,895,3.00,3,0.08
9114,20.00,2667,19.00,3261,20.00,1989,20.00,1529,20.00,1506,4.00,2894,-2.00,5861,5.00,4691,0.00,1518,20.00,2108,20.00,2623,40.00,2579,-1.00,1142,16.00,3743,0.00,1359,0.00,1163,20.00,1505,20.00,1803,20.00,1804,4.00,1588,0.00,895,-3.00,2,0.16
9149,20.00,2667,20.00,3261,21.00,1989,20.00,1529,21.00,1506,4.00,2894,-3.00,5861,4.00,4691,0.00,1518,20.00,2108,20.00,2623,40.00,2579,0.00,1142,16.00,3743,0.00,1359,0.00,1164,20.00,1505,20.00,1803,20.00,1804,4.00,1588,0.00,895,-3.00,3,0.16
9185,20.00,2667,20.00,3261,20.00,1989,20.00,1529,20.00,1506,3.00,2894,-3.00,5861,5.00,4691,0.00,1518,20.00,2108,20.00,2623,40.00,2579,0.00,1142,16.00,3743,1.00,1359,0.00,1163,20.00,1505,20.00,1803,19.00,1804,4.00,1588,0.00,895,3.00,3,0.08
9221,20.00,2667,20.00,3261,19.00,1989,20.00,1529,20.00,1506,4.00,2894,-3.00,5861,5.00,4691,0.00,1518,20.00,2108,20.00,2623,40.00,2579,0.00,1142,16.00,3743,3.00,1359,0.00,1163,20.00,1505,20.00,1803,20.00,1804,2.00,1588,0.00,895,1.00,3,0.08
9257,20.00,2667,20.00,3261,20.00,1989,20.00,1529,20.00,1506,4.00,2894,-2.00,5861,5.00,4691,0.00,1518,20.00,2108,20.00,2623,40.00,2579,0.00,1142,16.00,3743,1.00,1359,0.00,1163,20.00,1505,20.00,1803,21.00,1804,4.00,1588,0.00,895,-5.00,3,0.08
9292,20.00,2667,20.00,3261,21.00,1989,20.00,1529,20.00,1506,3.00,2894,-2.00,5861,6.00,4691,0.00,1518,21.00,2108,20.00,2623,41.00,2579,0.00,1142,17.00,3743,1.00,1359,0.00,1163,20.00,1505,20.00,1803,21.00,1804,5.00,1588,0.00,895,-4.00,3,0.00
9328,20.00,2667,20.00,3261,21.00,1989,21.00,1529,20.00,1506,4.00,2894,-3.00,5861,5.00,4691,0.00,1518,20.00,2108,20.00,2623,40.00,2579,6.00,1142,16.00,3743,0.00,1359,0.00,1163,20.00,1505,20.00,1803,20.00,1804,2.00,1588,0.00,895,-3.00,3,0.08
9364,20.00,2667,20.00,3261,20.00,1989,20.00,1529,19.00,1506,5.00,2894,-2.00,5861,6.00,4691,0.00,1518,20.00,2108,20.00,2623,40.00,2579,0.00,1142,16.00,3743,1.00,1359,0.00,1163,20.00,1505,20.00,1803,20.00,1804,1.00,1588,0.00,895,-4.00,3,0.00
9400,20.00,2667,21.00,3261,20.00,1989,20.00,1529,20.00,1506,3.00,2894,-2.00,5861,5.00,4691,0.00,1518,20.00,2108,20.00,2623,40.00,2579,0.00,1142,16.00,3743,0.00,1359,0.00,1163,20.00,1505,20.00,1803,20.00,1804,3.00,1588,0.00,895,-3.00,3,0.24
9435,21.00,2667,19.00,3261,20.00,1989,20.00,1529,20.00,1506,5.00,2894,-3.00,5861,4.00,4691,0.00,1518,20.00,2108,20.00,2623,40.00,2579,0.00,1142,16.00,3743,1.00,1359,0.00,1163,20.00,1505,20.00,1803,20.00,1804,1.00,1588,0.00,895,-3.00,3,0.16
9471,20.00,2667,20.00,3261,19.00,1989,20.00,1529,20.00,1506,4.00,2894,-3.00,5861,5.00,4691,0.00,1518,20.00,2108,20.00,2623,40.00,2579,0.00,1142,17.00,3743,1.00,1359,0.00,1164,20.00,1505,20.00,1803,20.00,1804,3.00,1588,0.00,895,-3.00,3,0.08
9507,20.00,2667,20.00,3261,20.00,1989,20.00,1529,20.00,1506,4.00,2894,-2.00,5861,4.00,4691,0.00,1518,20.00,2108,20.00,2623,40.00,2579,0.00,1142,17.00,3743,1.00,1359,0.00,1163,20.00,1505,20.00,1803,20.00,1804,4.00,1588,0.00,895,-3.00,3,0.00
9543,21.00,2667,20.00,3261,21.00,1989,20.00,1529,20.00,1506,4.00,2894,-2.00,5861,5.00,4691,0.00,1518,20.00,2108,20.00,2623,41.00,2579,0.00,1142,17.00,3743,0.00,1359,0.00,1164,20.00,1505,20.00,1803,20.00,1804,2.00,1588,0.00,895,-3.00,3,0.00
9578,20.00,2667,20.00,3261,20.00,1989,20.00,1529,21.00,1506,5.00,2894,-2.00,5861,6.00,4691,0.00,1518,20.00,2108,20.00,2623,40.00,2579,0.00,1142,16.00,3743,1.00,1359,0.00,1163,21.00,1505,20.00,1803,20.00,1804,2.00,1588,0.00,895,-2.00,3,0.08
9614,20.00,2667,21.00,3261,19.00,1989,20.00,1529,20.00,1506,4.00,2894,-1.00,5861,4.00,4691,0.00,1518,20.00,2108,20.00,2623,40.00,2579,0.00,1142,16.00,3743,3.00,1359,0.00,1163,20.00,1505,21.00,1803,20.00,1804,4.00,1588,0.00,895,-2.00,3,0.08
9650,20.00,2667,20.00,3261,20.00,1989,20.00,1529,20.00,1506,4.00,2894,-2.00,5861,6.00,4691,0.00,1518,20.00,2108,20.00,2623,40.00,2579,0.00,1142,16.00,3743,2.00,1359,0.00,1163,19.00,1505,20.00,1803,20.00,1804,3.00,1588,0.00,895,-2.00,3,0.00
9686,20.00,2667,20.00,3261,20.00,1989,20.00,1529,20.00,1506,3.00,2894,-2.00,5861,6.00,4691,0.00,1518,20.00,2108,19.00,2623,40.00,2579,0.00,1142,16.00,3743,0.00,1359,0.00,1163,21.00,1505,20.00,1803,21.00,1804,2.00,1588,0.00,895,-3.00,3,0.08
9722,19.00,2667,20.00,3261,20.00,1989,21.00,1529,20.00,1506,5.00,2894,-3.00,5861,5.00,4691,0.00,1518,20.00,2108,20.00,2623,40.00,2579,0.00,1142,16.00,3743,1.00,1359,0.00,1163,19.00,1505,20.00,1803,19.00,1804,4.00,1588,0.00,895,1.00,3,0.00
9758,20.00,2667,20.00,3261,20.00,1989,20.00,1529,20.00,1506,4.00,2894,-2.00,5861,5.00,4691,0.00,1518,20.00,2108,21.00,2623,40.00,2579,0.00,1142,16.00,3743,2.00,1359,0.00,1164,19.00,1505,20.00,1803,20.00,1805,2.00,1588,0.00,895,-1.00,3,0.00
9793,20.00,2667,20.00,3261,20.00,1989,20.00,1529,20.00,1506,4.00,2894,-2.00,5861,4.00,4691,0.00,1518,20.00,2108,20.00,2623,39.00,2579,0.00,1142,16.00,3743,0.00,1359,0.00,1163,20.00,1505,20.00,1803,20.00,1804,3.00,1588,0.00,895,-2.00,2,0.24
9829,20.00,2667,20.00,3261,21.00,1989,20.00,1529,20.00,1506,4.00,2894,-1.00,5861,4.00,4691,0.00,1518,20.00,2108,20.00,2623,40.00,2579,1.00,1142,16.00,3743,2.00,1359,0.00,1163,20.00,1505,20.00,1803,21.00,1804,4.00,1588,0.00,895,-2.00,3,0.48
9865,20.00,2667,19.00,3261,20.00,1989,20.00,1529,20.00,1506,4.00,2894,-2.00,5861,5.00,4691,0.00,1518,20.00,2108,20.00,2623,40.00,2579,0.00,1142,16.00,3743,1.00,1359,0.00,1163,20.00,1505,20.00,1803,20.00,1804,2.00,1588,0.00,895,2.00,2,0.00
9901,19.00,2667,20.00,3261,20.00,1989,20.00,1529,20.00,1506,4.00,2894,-2.00,5861,4.00,4691,0.00,1518,20.00,2108,20.00,2623,40.00,2579,-1.00,1142,16.00,3743,0.00,1359,0.00,1163,20.00,1505,20.00,1803,21.00,1804,4.00,1588,0.00,895,-3.00,3,0.81
9936,19.00,2667,20.00,3261,20.00,1989,20.00,1529,20.00,1506,4.00,2894,-2.00,5861,5.00,4691,0.00,1518,20.00,2108,20.00,2623,41.00,2579,0.00,1142,16.00,3743,2.00,1359,0.00,1163,20.00,1505,20.00,1803,21.00,1804,3.00,1588,0.00,895,-7.00,3,0.08
9972,20.00,2667,20.00,3261,20.00,1989,20.00,1529,20.00,1506,4.00,2894,-2.00,5861,6.00,4691,0.00,1518,20.00,2108,20.00,2623,40.00,2579,-1.00,1142,16.00,3743,1.00,1359,0.00,1163,20.00,1505,20.00,1803,21.00,1804,3.00,1588,0.00,895,-2.00,3,0.08
10008,20.00,2667,21.00,3261,20.00,1989,20.00,1529,20.00,1506,4.00,2894,-1.00,5861,5.00,4691,0.00,1518,20.00,2108,19.00,2623,40.00,2579,0.00,1142,16.00,3743,3.00,1359,0.00,1163,20.00,1505,20.00,1803,20.00,1804,2.00,1588,0.00,895,-3.00,3,0.00
10044,20.00,2667,19.00,3261,19.00,1989,20.00,1529,20.00,1506,4.00,2894,-2.00,5861,5.00,4691,0.00,1518,20.00,2108,19.00,2623,40.00,2579,0.00,1142,16.00,3743,0.00,1359,0.00,1163,20.00,1505,20.00,1803,20.00,1804,3.00,1588,0.00,895,-9.00,3,0.08
10079,21.00,2667,20.00,3261,20.00,1989,21.00,1529,20.00,1506,4.00,2894,-2.00,5861,4.00,4691,0.00,1518,20.00,2108,20.00,2623,41.00,2579,1.00,1142,16.00,3743,1.00,1359,0.00,1163,20.00,1505,20.00,1803,20.00,1804,2.00,1588,0.00,895,-2.00,2,0.32
10115,21.00,2667,21.00,3261,20.00,1989,20.00,1529,20.00,1506,4.00,2894,-2.00,5861,6.00,4691,0.00,1518,20.00,2108,20.00,2623,40.00,2579,0.00,1142,16.00,3743,1.00,1359,0.00,1163,20.00,1505,20.00,1803,20.00,1804,4.00,1588,0.00,895,-3.00,3,0.00
10151,20.00,2667,20.00,3261,20.00,1989,20.00,1529,19.00,1506,4.00,2894,-2.00,5861,5.00,4691,0.00,1518,20.00,2108,20.00,2623,40.00,2579,0.00,1142,16.00,3743,1.00,1359,0.00,1163,20.00,1505,20.00,1803,20.00,1805,4.00,1588,0.00,895,4.00,2,0.00
10187,19.00,2667,20.00,3261,21.00,1989,20.00,1529,20.00,1506,4.00,2894,-2.00,5861,5.00,4691,0.00,1518,20.00,2108,19.00,2623,40.00,2579,2.00,1142,16.00,3743,2.00,1359,0.00,1163,20.00,1505,20.00,1803,20.00,1805,3.00,1588,0.00,895,4.00,3,0.00
10222,21.00,2667,20.00,3261,20.00,1989,20.00,1529,20.00,1506,3.00,2894,-1.00,5861,5.00,4691,0.00,1518,20.00,2108,20.00,2623,40.00,2579,0.00,1142,16.00,3743,0.00,1359,0.00,1163,20.00,1505,20.00,1803,19.00,1806,4.00,1588,0.00,895,-4.00,3,0.00
10258,20.00,2667,21.00,3261,19.00,1989,20.00,1529,20.00,1506,4.00,2894,-3.00,5861,6.00,4691,0.00,1518,20.00,2108,20.00,2623,40.00,2579,0.00,1142,16.00,3743,1.00,1359,0.00,1163,20.00,1505,20.00,1803,20.00,1806,3.00,1588,0.00,895,-2.00,2,0.00
10294,20.00,2667,20.00,3261,20.00,1989,21.00,1529,20.00,1506,4.00,2894,-2.00,5861,5.00,4691,0.00,1518,19.00,2108,20.00,2623,40.00,2579,0.00,1142,16.00,3743,2.00,1359,0.00,1163,20.00,1505,20.00,1803,20.00,1806,3.00,1588,0.00,895,3.00,3,0.16
10330,20.00,2667,20.00,3261,20.00,1989,20.00,1529,20.00,1506,4.00,2894,-1.00,5861,6.00,4691,0.00,1518,20.00,2108,20.00,2623,40.00,2579,0.00,1142,16.00,3743,0.00,1359,0.00,1164,20.00,1505,20.00,1803,20.00,1806,3.00,1588,0.00,895,4.00,3,0.81
10365,20.00,2667,20.00,3261,21.00,1989,20.00,1529,20.00,1506,4.00,2894,-2.00,5861,5.00,4691,0.00,1518,20.00,2108,20.00,2623,40.00,2579,0.00,1142,15.00,3743,2.00,1359,0.00,1163,20.00,1505,20.00,1803,20.00,1806,3.00,1588,0.00,895,-4.00,3,0.16
10401,20.00,2667,20.00,3261,20.00,1989,20.00,1529,20.00,1506,4.00,2894,-2.00,5861,4.00,4691,0.00,1518,20.00,2108,20.00,2623,40.00,2579,0.00,1142,16.00,3743,1.00,1359,0.00,1163,20.00,1505,20.00,1803,20.00,1806,2.00,1588,0.00,895,-4.00,3,0.08
10437,20.00,2667,20.00,3261,21.00,1989,20.00,1529,20.00,1506,4.00,2894,-2.00,5861,5.00,4691,0.00,1518,20.00,2108,20.00,2623,40.00,2579,-1.00,1142,16.00,3743,1.00,1359,0.00,1163,20.00,1505,19.00,1803,20.00,1806,3.00,1588,0.00,895,-1.00,3,0.00
10473,20.00,2667,20.00,3261,20.00,1989,20.00,1529,20.00,1506,4.00,2894,-2.00,5861,5.00,4691,0.00,1518,20.00,2108,20.00,2623,39.00,2579,0.00,1142,16.00,3743,0.00,1359,0.00,1163,20.00,1505,21.00,1803,20.00,1806,2.00,1588,0.00,895,-1.00,3,0.08
10508,20.00,2667,20.00,3261,21.00,1989,20.00,1529,20.00,1506,3.00,2894,-2.00,5861,5.00,4691,0.00,1518,20.00,2108,20.00,2623,40.00,2579,0.00,1142,16.00,3743,0.00,1359,0.00,1163,20.00,1505,20.00,1803,20.00,1806,4.00,1588,0.00,895,4.00,3,0.00
10544,19.00,2667,20.00,3261,20.00,1989,20.00,1529,20.00,1506,4.00,2894,-1.00,5861,5.00,4691,0.00,1518,20.00,2108,20.00,2623,40.00,2579,0.00,1142,16.00,3743,0.00,1359,0.00,1163,20.00,1505,20.00,1803,20.00,1806,3.00,1588,0.00,895,-4.00,3,0.00
10580,20.00,2667,20.00,3261,20.00,1989,20.00,1529,20.00,1506,4.00,2894,-1.00,5861,5.00,4691,0.00,1518,20.00,2108,20.00,2623,40.00,2579,0.00,1142,16.00,3743,1.00,1359,0.00,1163,20.00,1505,20.00,1803,20.00,1806,3.00,1588,0.00,895,-3.00,2,0.32
10616,20.00,2667,20.00,3261,20.00,1989,20.00,1529,20.00,1506,3.00,2894,-2.00,5861,5.00,4691,0.00,1518,20.00,2108,19.00,2623,40.00,2579,0.00,1142,16.00,3743,0.00,1359,0.00,1163,20.00,1505,20.00,1803,20.00,1806,2.00,1588,0.00,895,5.00,3,0.24
10651,20.00,2667,20.00,3261,19.00,1989,19.00,1529,20.00,1506,3.00,2894,-3.00,5861,5.00,4691,0.00,1518,20.00,2108,20.00,2623,40.00,2579,-1.00,1142,16.00,3743,0.00,1359,0.00,1163,20.00,1505,20.00,1803,20.00,1806,4.00,1588,0.00,895,4.00,3,0.00
10687,20.00,2667,20.00,3261,20.00,1989,20.00,1529,20.00,1506,4.00,2894,-1.00,5861,5.00,4691,0.00,1518,20.00,2108,20.00,2623,40.00,2579,0.00,1142,16.00,3743,1.00,1359,0.00,1163,20.00,1505,20.00,1803,20.00,1806,3.00,1588,0.00,895,6.00,3,0.08
10723,20.00,2667,20.00,3261,20.00,1989,20.00,1529,20.00,1506,4.00,2894,-2.00,5861,5.00,4691,0.00,1518,20.00,2108,20.00,2623,40.00,2579,0.00,1142,16.00,3743,2.00,1359,0.00,1163,19.00,1505,20.00,1803,20.00,1806,2.00,1588,0.00,895,-1.00,3,0.08
10759,20.00,2667,20.00,3261,20.00,1989,20.00,1529,20.00,1506,4.00,2894,-2.00,5861,6.00,4691,0.00,1518,20.00,2108,20.00,2623,40.00,2579,0.00,1142,16.00,3743,2.00,1359,0.00,1163,20.00,1505,20.00,1803,20.00,1806,4.00,1588,0.00,895,-3.00,3,0.08
10794,20.00,2667,20.00,3261,20.00,1989,20.00,1529,20.00,1506,4.00,2894,-2.00,5861,6.00,4691,0.00,1518,20.00,2108,21.00,2623,40.00,2579,1.00,1142,16.00,3743,0.00,1359,0.00,1163,20.00,1505,20.00,1803,20.00,1806,1.00,1588,0.00,895,-3.00,3,0.08
10830,19.00,2667,20.00,3261,20.00,1989,20.00,1529,20.00,1506,4.00,2894,-1.00,5861,5.00,4691,0.00,1518,20.00,2108,20.00,2623,40.00,2579,0.00,1142,16.00,3743,0.00,1359,0.00,1164,21.00,1505,20.00,1803,20.00,1806,5.00,1588,0.00,895,-4.00,3,0.24
10866,20.00,2667,20.00,3261,20.00,1989,20.00,1529,20.00,1506,4.00,2894,-1.00,5861,6.00,4691,0.00,1518,20.00,2108,20.00,2623,40.00,2579,0.00,1142,16.00,3743,0.00,1359,0.00,1163,20.00,1505,20.00,1803,20.00,1806,2.00,1588,0.00,895,-4.00,3,0.08
10902,21.00,2667,20.00,3261,20.00,1989,21.00,1529,20.00,1506,4.00,2894,-1.00,5861,5.00,4691,0.00,1518,20.00,2108,20.00,2623,40.00,2579,0.00,1142,16.00,3743,0.00,1359,0.00,1163,20.00,1505,20.00,1803,20.00,1806,4.00,1588,0.00,895,3.00,3,0.16
10937,20.00,2667,20.00,3261,19.00,1989,19.00,1529,20.00,1506,4.00,2894,-1.00,5861,6.00,4691,0.00,1518,20.00,2108,20.00,2623,40.00,2579,0.00,1142,16.00,3743,0.00,1359,0.00,1163,20.00,1505,20.00,1803,21.00,1806,2.00,1588,0.00,895,3.00,3,0.00
10973,20.00,2667,20.00,3261,20.00,1989,20.00,1529,19.00,1506,5.00,2894,-3.00,5861,5.00,4691,0.00,1518,20.00,2108,20.00,2623,40.00,2579,-1.00,1142,16.00,3743,0.00,1359,0.00,1163,20.00,1505,21.00,1803,20.00,1806,4.00,1588,0.00,895,1.00,3,0.00
11009,19.00,2667,20.00,3261,21.00,1989,20.00,1529,20.00,1506,3.00,2894,-1.00,5861,5.00,4691,0.00,1518,20.00,2108,20.00,2623,40.00,2579,0.00,1142,16.00,3743,0.00,1359,0.00,1163,21.00,1505,20.00,1803,19.00,1806,3.00,1588,0.00,895,-3.00,3,0.00
11045,21.00,2667,20.00,3261,20.00,1989,19.00,1529,20.00,1506,4.00,2894,-2.00,5861,5.00,4691,0.00,1518,20.00,2108,20.00,2623,40.00,2579,0.00,1142,16.00,3743,1.00,1359,0.00,1164,20.00,1505,20.00,1803,20.00,1806,4.00,1588,0.00,895,4.00,2,0.16
11080,20.00,2667,21.00,3261,21.00,1989,19.00,1529,20.00,1506,5.00,2894,-3.00,5861,5.00,4691,0.00,1518,20.00,2108,20.00,2623,41.00,2579,0.00,1142,16.00,3743,0.00,1359,0.00,1163,21.00,1505,21.00,1803,20.00,1806,1.00,1588,0.00,895,3.00,3,0.32
11116,20.00,2667,19.00,3261,20.00,1989,20.00,1529,20.00,1506,4.00,2894,-2.00,5861,4.00,4691,0.00,1518,20.00,2108,20.00,2623,41.00,2579,0.00,1142,16.00,3743,1.00,1359,0.00,1164,20.00,1505,20.00,1803,20.00,1806,3.00,1588,0.00,895,4.00,3,0.00
11152,20.00,2667,20.00,3261,19.00,1989,20.00,1529,20.00,1506,3.00,2894,-2.00,5861,5.00,4691,0.00,1518,20.00,2108,20.00,2623,39.00,2579,0.00,1142,16.00,3743,0.00,1359,0.00,1163,20.00,1505,20.00,1803,20.00,1806,2.00,1588,0.00,895,5.00,3,0.00
11187,20.00,2667,19.00,3261,20.00,1989,20.00,1529,20.00,1506,5.00,2894,-1.00,5861,5.00,4691,0.00,1518,20.00,2108,20.00,2623,40.00,2579,-1.00,1142,16.00,3743,1.00,1359,0.00,1163,20.00,1505,20.00,1803,19.00,1806,4.00,1588,0.00,895,-4.00,3,0.00
11223,19.00,2667,21.00,3261,20.00,1989,20.00,1529,20.00,1506,4.00,2894,-2.00,5861,6.00,4691,0.00,1518,21.00,2108,21.00,2623,40.00,2579,0.00,1141,16.00,3743,0.00,1359,0.00,1163,20.00,1505,20.00,1803,19.00,1806,1.00,1588,0.00,895,3.00,3,0.08
11259,20.00,2667,20.00,3261,20.00,1989,20.00,1529,20.00,1506,3.00,2894,-3.00,5861,5.00,4691,0.00,1518,21.00,2108,20.00,2623,40.00,2579,0.00,1142,16.00,3743,0.00,1359,0.00,1163,20.00,1505,20.00,1803,20.00,1806,4.00,1588,0.00,895,-4.00,3,0.08
11294,21.00,2667,20.00,3261,20.00,1989,20.00,1529,20.00,1506,3.00,2894,-2.00,5861,5.00,4691,0.00,1518,20.00,2108,20.00,2623,40.00,2579,4.00,1142,16.00,3743,1.00,1359,0.00,1163,20.00,1505,20.00,1803,20.00,1806,5.00,1588,0.00,895,1.00,3,0.00
11330,20.00,2667,21.00,3261,20.00,1989,20.00,1529,20.00,1506,4.00,2894,-2.00,5861,6.00,4691,0.00,1518,20.00,2108,20.00,2623,40.00,2579,0.00,1142,16.00,3743,1.00,1359,0.00,1163,20.00,1505,19.00,1803,20.00,1806,2.00,1588,0.00,895,1.00,3,0.24
11366,20.00,2667,19.00,3261,20.00,1989,20.00,1529,20.00,1506,5.00,2894,-1.00,5861,5.00,4691,0.00,1518,20.00,2108,20.00,2623,40.00,2579,0.00,1142,16.00,3743,1.00,1359,0.00,1163,20.00,1505,20.00,1803,20.00,1806,4.00,1588,0.00,895,8.00,2,0.08
11402,19.00,2667,21.00,3261,20.00,1989,20.00,1529,21.00,1506,5.00,2894,-2.00,5861,6.00,4691,0.00,1518,20.00,2108,20.00,2623,39.00,2579,0.00,1142,16.00,3743,3.00,1359,0.00,1163,20.00,1505,20.00,1803,21.00,1806,4.00,1588,0.00,895,-5.00,3,0.00
11437,20.00,2667,20.00,3261,20.00,1989,20.00,1529,22.00,1506,5.00,2894,-2.00,5861,6.00,4691,0.00,1518,20.00,2108,20.00,2623,40.00,2579,0.00,1142,16.00,3743,0.00,1359,0.00,1164,20.00,1505,20.00,1803,20.00,1806,3.00,1588,0.00,895,-1.00,3,0.08
11473,19.00,2667,21.00,3261,20.00,1989,20.00,1529,20.00,1506,4.00,2894,-2.00,5861,5.00,4691,0.00,1518,20.00,2108,19.00,2623,40.00,2579,0.00,1142,16.00,3743,0.00,1359,0.00,1163,20.00,1505,20.00,1803,20.00,1806,3.00,1588,0.00,895,-9.00,3,0.00
11509,20.00,2667,20.00,3261,21.00,1989,20.00,1529,20.00,1506,3.00,2894,-3.00,5861,5.00,4691,0.00,1518,20.00,2108,19.00,2623,41.00,2579,0.00,1142,16.00,3743,1.00,1359,0.00,1163,20.00,1505,20.00,1803,20.00,1806,3.00,1588,0.00,895,3.00,3,0.24
11545,21.00,2667,20.00,3261,20.00,1989,20.00,1529,20.00,1506,4.00,2894,-2.00,5861,5.00,4691,0.00,1518,20.00,2108,20.00,2623,40.00,2579,0.00,1142,15.00,3743,0.00,1359,0.00,1163,19.00,1505,20.00,1803,20.00,1806,4.00,1588,0.00,895,-3.00,3,0.00
11580,21.00,2667,20.00,3261,19.00,1989,20.00,1529,19.00,1506,3.00,2894,-2.00,5861,5.00,4691,0.00,1518,20.00,2108,20.00,2623,40.00,2579,-1.00,1142,16.00,3743,1.00,1359,0.00,1163,20.00,1505,20.00,1803,20.00,1806,5.00,1588,0.00,895,-2.00,3,0.08
11616,21.00,2667,20.00,3261,20.00,1989,20.00,1529,20.00,1506,5.00,2894,-3.00,5861,4.00,4691,0.00,1518,20.00,2108,20.00,2623,40.00,2579,0.00,1142,16.00,3743,1.00,1359,0.00,1163,20.00,1505,20.00,1803,20.00,1806,1.00,1588,0.00,895,-3.00,3,0.00
11652,19.00,2667,20.00,3261,21.00,1989,20.00,1529,20.00,1506,4.00,2894,-1.00,5861,6.00,4691,0.00,1518,20.00,2108,20.00,2623,40.00,2579,0.00,1142,16.00,3743,0.00,1359,0.00,1164,20.00,1505,20.00,1803,20.00,1806,4.00,1588,0.00,895,-2.00,3,0.08
11688,21.00,2667,20.00,3261,20.00,1989,20.00,1529,20.00,1506,4.00,2894,-3.00,5861,4.00,4691,0.00,1518,20.00,2108,20.00,2623,40.00,2579,0.00,1142,16.00,3743,2.00,1359,0.00,1163,19.00,1505,20.00,1803,20.00,1806,3.00,1588,0.00,895,-4.00,3,0.08
11723,20.00,2667,20.00,3261,19.00,1989,20.00,1529,20.00,1506,4.00,2894,-1.00,5861,6.00,4691,0.00,1518,21.00,2108,20.00,2623,40.00,2579,-1.00,1142,16.00,3743,1.00,1359,0.00,1163,20.00,1505,20.00,1803,20.00,1806,3.00,1588,0.00,895,-4.00,3,0.00
11759,20.00,2667,21.00,3261,20.00,1989,20.00,1529,20.00,1506,3.00,2894,-2.00,5861,5.00,4691,0.00,1518,20.00,2108,20.00,2623,40.00,2579,0.00,1142,16.00,3743,0.00,1359,0.00,1163,21.00,1505,20.00,1803,20.00,1806,4.00,1588,0.00,895,-3.00,3,0.00
11795,20.00,2667,20.00,3261,20.00,1989,20.00,1529,20.00,1506,4.00,2894,-1.00,5861,4.00,4691,0.00,1518,20.00,2108,20.00,2623,40.00,2579,0.00,1142,16.00,3743,0.00,1359,0.00,1164,20.00,1505,19.00,1803,20.00,1806,4.00,1588,0.00,895,-4.00,3,0.40
11831,21.00,2667,19.00,3261,20.00,1989,20.00,1529,20.00,1506,3.00,2894,-1.00,5861,4.00,4691,0.00,1518,20.00,2108,21.00,2623,40.00,2579,0.00,1142,16.00,3743,1.00,1359,0.00,1164,20.00,1505,21.00,1803,21.00,1806,3.00,1588,0.00,895,-2.00,3,0.16
11867,21.00,2667,20.00,3261,20.00,1989,21.00,1529,20.00,1506,4.00,2894,-1.00,5861,5.00,4691,0.00,1518,20.00,2108,20.00,2623,41.00,2579,0.00,1142,16.00,3743,1.00,1359,0.00,1164,19.00,1505,20.00,1803,20.00,1806,2.00,1588,0.00,895,-3.00,3,0.08
11902,20.00,2667,20.00,3261,20.00,1989,20.00,1529,20.00,1506,4.00,2894,-2.00,5861,5.00,4691,0.00,1518,20.00,2108,20.00,2623,40.00,2579,0.00,1142,16.00,3743,0.00,1359,0.00,1163,20.00,1505,20.00,1803,20.00,1806,1.00,1588,0.00,895,-3.00,3,0.00
11938,19.00,2667,20.00,3261,20.00,1989,20.00,1529,20.00,1506,4.00,2894,-3.00,5861,5.00,4691,0.00,1518,20.00,2108,20.00,2623,41.00,2579,0.00,1142,16.00,3743,2.00,1359,0.00,1163,19.00,1505,20.00,1803,21.00,1806,2.00,1588,0.00,895,-2.00,2,0.08
11974,20.00,2667,20.00,3261,20.00,1989,20.00,1529,20.00,1506,4.00,2894,-2.00,5861,5.00,4691,0.00,1518,21.00,2108,20.00,2623,40.00,2579,0.00,1142,16.00,3743,2.00,1359,0.00,1164,20.00,1505,20.00,1803,20.00,1806,5.00,1588,0.00,895,-2.00,3,0.08
12010,20.00,2667,21.00,3261,19.00,1989,20.00,1529,20.00,1506,3.00,2894,-3.00,5861,5.00,4691,0.00,1518,20.00,2108,20.00,2623,40.00,2579,0.00,1142,15.00,3743,0.00,1359,0.00,1163,20.00,1505,20.00,1803,20.00,1806,2.00,1588,0.00,895,-3.00,3,0.08
12046,20.00,2667,20.00,3261,19.00,1989,20.00,1529,20.00,1506,3.00,2894,-2.00,5861,6.00,4691,0.00,1518,20.00,2108,20.00,2623,40.00,2579,0.00,1142,16.00,3743,2.00,1359,0.00,1163,20.00,1505,20.00,1803,20.00,1806,2.00,1588,0.00,895,5.00,3,0.08
12081,20.00,2667,20.00,3261,19.00,1989,20.00,1529,20.00,1506,4.00,2894,-2.00,5861,5.00,4691,0.00,1518,20.00,2108,20.00,2623,40.00,2579,0.00,1142,16.00,3743,0.00,1359,0.00,1163,20.00,1505,20.00,1803,20.00,1806,2.00,1588,0.00,895,5.00,3,0.08
12117,20.00,2667,21.00,3261,20.00,1989,20.00,1529,20.00,1506,4.00,2894,-1.00,5861,5.00,4691,0.00,1518,20.00,2108,20.00,2623,40.00,2579,0.00,1142,16.00,3743,3.00,1359,0.00,1164,19.00,1505,20.00,1803,20.00,1806,1.00,1588,0.00,895,2.00,2,0.00
12153,20.00,2667,20.00,3261,20.00,1989,20.00,1529,20.00,1506,4.00,2894,-2.00,5861,6.00,4691,0.00,1518,20.00,2108,20.00,2623,40.00,2579,0.00,1142,16.00,3743,3.00,1359,0.00,1163,20.00,1505,20.00,1803,20.00,1806,2.00,1588,0.00,895,-3.00,2,0.24
12188,20.00,2667,20.00,3261,20.00,1989,20.00,1529,20.00,1506,4.00,2894,-2.00,5861,5.00,4691,0.00,1518,20.00,2108,20.00,2623,39.00,2579,0.00,1142,17.00,3743,0.00,1359,0.00,1163,21.00,1505,20.00,1803,20.00,1806,4.00,1588,0.00,895,-5.00,3,0.16
12224,20.00,2667,20.00,3261,20.00,1989,20.00,1529,20.00,1506,5.00,2894,-2.00,5861,4.00,4691,0.00,1518,20.00,2108,20.00,2623,40.00,2579,0.00,1142,16.00,3743,2.00,1359,0.00,1163,21.00,1505,20.00,1803,21.00,1806,3.00,1588,0.00,895,-6.00,3,0.00
12260,21.00,2667,20.00,3261,20.00,1989,20.00,1529,20.00,1506,3.00,2894,-1.00,5861,5.00,4691,0.00,1518,20.00,2108,20.00,2623,40.00,2579,0.00,1141,16.00,3743,1.00,1359,0.00,1163,20.00,1505,19.00,1803,19.00,1806,2.00,1588,0.00,895,-2.00,3,0.08
12295,20.00,2667,20.00,3261,20.00,1989,20.00,1529,20.00,1506,3.00,2894,-2.00,5861,6.00,4691,0.00,1518,20.00,2108,20.00,2623,40.00,2579,-2.00,1142,16.00,3743,2.00,1359,0.00,1163,20.00,1505,20.00,1803,20.00,1806,1.00,1588,0.00,895,-3.00,2,0.00
12331,20.00,2667,20.00,3261,20.00,1989,20.00,1529,20.00,1506,5.00,2894,-2.00,5861,4.00,4691,0.00,1518,20.00,2108,20.00,2623,41.00,2579,0.00,1142,15.00,3743,1.00,1359,0.00,1163,20.00,1505,21.00,1803,19.00,1806,3.00,1588,0.00,895,-3.00,3,0.24
12367,20.00,2667,20.00,3261,20.00,1989,20.00,1529,20.00,1506,5.00,2894,-1.00,5861,6.00,4691,0.00,1518,20.00,2108,20.00,2623,40.00,2579,0.00,1142,16.00,3743,2.00,1359,0.00,1163,19.00,1505,20.00,1803,20.00,1806,4.00,1588,0.00,895,0.00,3,0.08
12403,20.00,2667,20.00,3261,20.00,1989,20.00,1529,20.00,1506,5.00,2894,-2.00,5861,4.00,4691,0.00,1518,20.00,2108,20.00,2623,40.00,2579,1.00,1142,16.00,3743,2.00,1359,0.00,1163,20.00,1505,20.00,1803,20.00,1806,3.00,1588,0.00,895,-2.00,3,0.08
12438,20.00,2667,21.00,3261,20.00,1989,20.00,1529,19.00,1506,4.00,2894,-2.00,5861,5.00,4691,0.00,1518,20.00,2108,20.00,2623,40.00,2579,0.00,1142,16.00,3743,1.00,1359,0.00,1163,20.00,1505,21.00,1803,20.00,1806,4.00,1588,0.00,895,-3.00,3,0.16
12474,20.00,2667,20.00,3261,20.00,1989,20.00,1529,20.00,1506,4.00,2894,-2.00,5861,6.00,4691,0.00,1518,20.00,2108,21.00,2623,40.00,2579,-2.00,1142,15.00,3743,2.00,1359,0.00,1163,20.00,1505,20.00,1803,20.00,1806,4.00,1588,0.00,895,-3.00,3,0.00
12510,20.00,2667,21.00,3261,20.00,1989,21.00,1529,20.00,1506,5.00,2894,-2.00,5861,5.00,4691,0.00,1518,18.00,2108,20.00,2623,40.00,2579,0.00,1142,17.00,3743,0.00,1359,0.00,1163,20.00,1505,20.00,1803,20.00,1806,2.00,1588,0.00,895,-2.00,3,0.16
12546,20.00,2667,20.00,3261,20.00,1989,20.00,1529,20.00,1506,5.00,2894,-2.00,5861,5.00,4691,0.00,1518,20.00,2108,20.00,2623,40.00,2579,0.00,1142,16.00,3743,1.00,1359,0.00,1163,20.00,1505,20.00,1803,20.00,1806,2.00,1588,0.00,895,0.00,2,0.16
12582,20.00,2667,20.00,3261,20.00,1989,20.00,1529,20.00,1506,4.00,2894,-3.00,5861,4.00,4691,0.00,1518,20.00,2108,20.00,2623,40.00,2579,-1.00,1142,17.00,3743,0.00,1359,0.00,1163,20.00,1505,20.00,1803,20.00,1806,3.00,1588,0.00,895,-3.00,3,0.08
12617,20.00,2667,20.00,3261,20.00,1989,20.00,1529,20.00,1506,4.00,2894,-2.00,5861,4.00,4691,0.00,1518,20.00,2108,20.00,2623,40.00,2579,-2.00,1142,16.00,3743,1.00,1359,0.00,1163,20.00,1505,21.00,1803,20.00,1806,4.00,1588,0.00,895,-5.00,3,0.16
12653,20.00,2667,20.00,3261,20.00,1989,21.00,1529,20.00,1506,3.00,2894,-3.00,5861,5.00,4691,0.00,1518,20.00,2108,20.00,2623,40.00,2579,0.00,1142,16.00,3743,1.00,1359,0.00,1164,20.00,1505,20.00,1803,20.00,1806,3.00,1588,0.00,895,-3.00,3,0.08
12689,20.00,2667,20.00,3261,20.00,1989,20.00,1529,20.00,1506,5.00,2894,-2.00,5861,5.00,4691,0.00,1518,21.00,2108,20.00,2623,40.00,2579,0.00,1142,16.00,3743,1.00,1359,0.00,1164,20.00,1505,20.00,1803,20.00,1806,1.00,1588,0.00,895,2.00,3,0.08
12724,20.00,2667,20.00,3261,19.00,1989,20.00,1529,20.00,1506,4.00,2894,-2.00,5861,6.00,4691,0.00,1518,20.00,2108,19.00,2623,40.00,2579,0.00,1142,16.00,3743,0.00,1359,0.00,1164,21.00,1505,19.00,1803,20.00,1806,5.00,1588,0.00,895,3.00,3,0.00
12760,19.00,2667,20.00,3261,19.00,1989,20.00,1529,20.00,1506,4.00,2894,-2.00,5861,5.00,4691,0.00,1518,20.00,2108,20.00,2623,40.00,2579,0.00,1142,16.00,3743,1.00,1359,0.00,1164,20.00,1505,20.00,1803,19.00,1806,3.00,1588,0.00,895,-4.00,2,0.08
12796,20.00,2667,20.00,3261,20.00,1989,20.00,1529,20.00,1506,4.00,2894,-1.00,5861,5.00,4691,0.00,1518,20.00,2108,20.00,2623,40.00,2579,0.00,1142,16.00,3743,2.00,1359,0.00,1164,20.00,1505,20.00,1803,20.00,1806,2.00,1588,0.00,895,-4.00,3,0.00
12832,20.00,2667,20.00,3261,20.00,1989,20.00,1529,20.00,1506,3.00,2894,-3.00,5861,5.00,4691,0.00,1518,20.00,2108,20.00,2623,40.00,2579,0.00,1142,16.00,3743,2.00,1359,0.00,1163,20.00,1505,20.00,1803,20.00,1806,2.00,1588,0.00,895,7.00,3,0.00
12868,20.00,2667,20.00,3261,20.00,1989,20.00,1529,20.00,1506,4.00,2894,-1.00,5861,6.00,4691,0.00,1518,20.00,2108,20.00,2623,39.00,2579,0.00,1142,16.00,3743,2.00,1359,0.00,1163,20.00,1505,20.00,1803,20.00,1806,3.00,1588,0.00,895,6.00,3,0.16
12904,20.00,2667,20.00,3261,20.00,1989,20.00,1529,20.00,1506,5.00,2894,-2.00,5861,4.00,4691,0.00,1518,20.00,2108,20.00,2623,40.00,2579,0.00,1142,16.00,3743,0.00,1359,0.00,1163,20.00,1505,20.00,1803,20.00,1806,2.00,1588,0.00,895,2.00,2,0.00
12939,20.00,2667,20.00,3261,20.00,1989,20.00,1529,20.00,1506,4.00,2894,-3.00,5861,6.00,4691,0.00,1518,20.00,2108,19.00,2623,40.00,2579,1.00,1142,16.00,3743,1.00,1359,0.00,1163,20.00,1505,20.00,1803,20.00,1806,2.00,1588,0.00,895,-4.00,3,0.00
12975,20.00,2667,20.00,3261,20.00,1989,19.00,1529,20.00,1506,3.00,2894,-2.00,5861,5.00,4691,0.00,1518,20.00,2108,21.00,2623,40.00,2579,0.00,1142,16.00,3743,1.00,1359,0.00,1163,20.00,1505,20.00,1803,20.00,1806,4.00,1588,0.00,895,-2.00,3,0.00
13011,20.00,2667,20.00,3261,20.00,1989,20.00,1529,20.00,1506,3.00,2894,-2.00,5861,5.00,4691,0.00,1518,20.00,2108,20.00,2623,40.00,2579,0.00,1142,16.00,3743,1.00,1359,0.00,1163,20.00,1505,21.00,1803,20.00,1806,2.00,1588,0.00,895,1.00,3,0.32
13046,20.00,2667,20.00,3261,19.00,1989,20.00,1529,20.00,1506,3.00,2894,-3.00,5861,6.00,4691,0.00,1518,20.00,2108,20.00,2623,41.00,2579,0.00,1142,16.00,3743,2.00,1359,0.00,1163,20.00,1505,20.00,1803,20.00,1806,4.00,1588,0.00,895,5.00,2,0.08
13082,20.00,2667,20.00,3261,20.00,1989,20.00,1529,20.00,1506,3.00,2894,-3.00,5861,5.00,4691,0.00,1518,20.00,2108,20.00,2623,40.00,2579,0.00,1142,16.00,3743,0.00,1359,0.00,1163,20.00,1505,20.00,1803,20.00,1806,4.00,1588,0.00,895,-5.00,3,0.00
13118,20.00,2667,20.00,3261,20.00,1989,20.00,1529,20.00,1506,4.00,2894,-2.00,5861,5.00,4691,0.00,1518,20.00,2108,20.00,2623,40.00,2579,0.00,1142,16.00,3743,1.00,1359,0.00,1163,20.00,1505,20.00,1803,20.00,1806,5.00,1588,0.00,895,-4.00,3,0.00
13154,19.00,2667,19.00,3261,20.00,1989,20.00,1529,21.00,1506,4.00,2894,-1.00,5861,5.00,4691,0.00,1518,20.00,2108,20.00,2623,40.00,2579,0.00,1142,16.00,3743,1.00,1359,0.00,1163,20.00,1505,20.00,1803,21.00,1806,1.00,1588,0.00,895,-3.00,3,0.08
13190,20.00,2667,19.00,3261,20.00,1989,20.00,1529,20.00,1506,4.00,2894,-3.00,5861,6.00,4691,0.00,1518,20.00,2108,20.00,2623,40.00,2579,0.00,1142,16.00,3743,1.00,1359,0.00,1163,20.00,1505,20.00,1803,20.00,1806,2.00,1588,0.00,895,2.00,2,0.00
13226,19.00,2667,20.00,3261,20.00,1989,20.00,1529,20.00,1506,3.00,2894,-3.00,5861,6.00,4691,0.00,1518,20.00,2108,21.00,2623,40.00,2579,0.00,1142,16.00,3743,0.00,1359,0.00,1163,20.00,1505,21.00,1803,20.00,1806,3.00,1588,0.00,895,-3.00,3,0.00
13261,20.00,2667,20.00,3261,20.00,1989,20.00,1529,20.00,1506,4.00,2894,-3.00,5861,4.00,4691,0.00,1518,20.00,2108,20.00,2623,40.00,2579,0.00,1142,16.00,3743,1.00,1359,0.00,1163,20.00,1505,20.00,1803,20.00,1806,3.00,1588,0.00,895,-2.00,3,0.24
13297,20.00,2667,20.00,3261,21.00,1989,20.00,1529,20.00,1506,3.00,2894,-1.00,5861,5.00,4691,0.00,1518,20.00,2108,20.00,2623,40.00,2579,0.00,1142,16.00,3743,3.00,1359,0.00,1163,20.00,1505,20.00,1803,20.00,1806,3.00,1588,0.00,895,-2.00,3,0.00
13333,21.00,2667,20.00,3261,19.00,1989,20.00,1529,20.00,1506,4.00,2894,-2.00,5861,6.00,4691,0.00,1518,20.00,2108,20.00,2623,40.00,2579,0.00,1142,16.00,3743,1.00,1359,0.00,1163,20.00,1505,20.00,1803,20.00,1806,3.00,1588,0.00,895,4.00,3,0.08
13368,20.00,2667,20.00,3261,20.00,1989,20.00,1529,20.00,1506,3.00,2894,-3.00,5861,5.00,4691,0.00,1518,20.00,2108,20.00,2623,40.00,2579,-1.00,1142,16.00,3743,2.00,1359,0.00,1163,20.00,1505,20.00,1803,20.00,1806,4.00,1588,0.00,895,2.00,3,0.00
13404,20.00,2667,20.00,3261,20.00,1989,20.00,1529,20.00,1506,5.00,2894,-3.00,5861,4.00,4691,0.00,1518,20.00,2108,19.00,2623,40.00,2579,0.00,1142,16.00,3743,2.00,1359,0.00,1163,20.00,1505,20.00,1803,20.00,1806,4.00,1588,0.00,895,-5.00,3,0.08
13440,20.00,2667,20.00,3261,20.00,1989,20.00,1529,20.00,1506,5.00,2894,-1.00,5861,5.00,4691,0.00,1518,20.00,2108,20.00,2623,40.00,2579,0.00,1142,15.00,3743,0.00,1359,0.00,1163,20.00,1505,20.00,1803,20.00,1806,3.00,1588,0.00,895,-2.00,3,0.00
13476,20.00,2667,21.00,3261,20.00,1989,20.00,1529,19.00,1506,5.00,2894,-2.00,5861,4.00,4691,0.00,1518,20.00,2108,20.00,2623,40.00,2579,0.00,1142,16.00,3743,1.00,1359,0.00,1163,20.00,1505,19.00,1803,20.00,1806,3.00,1588,0.00,895,-3.00,3,0.08
13511,20.00,2667,20.00,3261,20.00,1989,20.00,1529,20.00,1506,4.00,2894,-2.00,5861,4.00,4691,0.00,1518,20.00,2108,20.00,2623,40.00,2579,0.00,1142,16.00,3743,2.00,1359,0.00,1163,20.00,1505,21.00,1803,20.00,1806,2.00,1588,0.00,895,-4.00,3,0.32
13547,20.00,2667,20.00,3261,20.00,1989,20.00,1529,20.00,1506,4.00,2894,-2.00,5861,5.00,4691,0.00,1518,20.00,2108,20.00,2623,40.00,2579,0.00,1142,16.00,3743,1.00,1359,0.00,1163,20.00,1505,20.00,1803,19.00,1806,2.00,1588,0.00,895,-5.00,3,0.08
13583,20.00,2667,20.00,3261,20.00,1989,20.00,1529,20.00,1506,5.00,2894,-2.00,5861,6.00,4691,0.00,1518,20.00,2108,20.00,2623,40.00,2579,0.00,1142,16.00,3743,1.00,1359,0.00,1163,20.00,1505,20.00,1803,20.00,1806,1.00,1588,0.00,895,-4.00,2,0.08
13619,20.00,2667,20.00,3261,19.00,1989,20.00,1529,20.00,1506,4.00,2894,-3.00,5861,4.00,4691,0.00,1518,20.00,2108,20.00,2623,40.00,2579,0.00,1142,16.00,3743,2.00,1359,0.00,1163,20.00,1505,20.00,1803,20.00,1806,1.00,1588,0.00,895,-2.00,2,0.16
13654,20.00,2667,20.00,3261,20.00,1989,20.00,1529,20.00,1506,5.00,2894,-3.00,5861,6.00,4691,0.00,1518,20.00,2108,20.00,2623,40.00,2579,0.00,1142,17.00,3743,0.00,1359,0.00,1163,20.00,1505,20.00,1803,20.00,1806,4.00,1588,0.00,895,0.00,2,0.73
13690,21.00,2667,20.00,3261,20.00,1989,20.00,1529,20.00,1506,4.00,2894,-1.00,5861,5.00,4691,0.00,1518,20.00,2108,20.00,2623,40.00,2579,0.00,1142,16.00,3743,1.00,1359,0.00,1163,20.00,1505,20.00,1803,20.00,1806,4.00,1588,0.00,895,3.00,3,0.32
13726,20.00,2667,20.00,3261,20.00,1989,20.00,1529,19.00,1506,3.00,2894,-2.00,5861,4.00,4691,0.00,1518,20.00,2108,20.00,2623,40.00,2579,0.00,1142,16.00,3743,1.00,1359,0.00,1163,20.00,1505,20.00,1803,20.00,1806,4.00,1588,0.00,895,-5.00,3,0.08
13762,20.00,2667,20.00,3261,20.00,1989,22.00,1529,20.00,1506,4.00,2894,-3.00,5861,5.00,4691,0.00,1518,20.00,2108,20.00,2623,40.00,2579,-2.00,1142,16.00,3743,2.00,1359,0.00,1163,19.00,1505,20.00,1803,20.00,1806,3.00,1588,0.00,895,7.00,3,0.16
13797,20.00,2667,19.00,3261,20.00,1989,20.00,1529,20.00,1506,3.00,2894,-2.00,5861,5.00,4691,0.00,1518,20.00,2108,20.00,2623,40.00,2579,0.00,1142,16.00,3743,2.00,1359,0.00,1164,20.00,1505,20.00,1803,20.00,1806,3.00,1588,0.00,895,0.00,3,0.16
13833,20.00,2667,19.00,3261,21.00,1989,20.00,1529,20.00,1506,4.00,2894,-2.00,5861,5.00,4691,0.00,1518,20.00,2108,19.00,2623,40.00,2579,-1.00,1142,16.00,3743,1.00,1359,0.00,1163,20.00,1505,21.00,1803,20.00,1806,3.00,1588,0.00,895,4.00,3,0.00
13869,20.00,2667,20.00,3261,20.00,1989,20.00,1529,20.00,1506,3.00,2894,-3.00,5861,6.00,4691,0.00,1518,20.00,2108,20.00,2623,40.00,2579,0.00,1142,15.00,3743,0.00,1359,0.00,1163,19.00,1505,20.00,1803,20.00,1806,4.00,1588,0.00,895,-2.00,3,0.00
13905,20.00,2667,20.00,3261,21.00,1989,20.00,1529,20.00,1506,5.00,2894,-2.00,5861,4.00,4691,0.00,1518,20.00,2108,20.00,2623,40.00,2579,0.00,1142,16.00,3743,1.00,1359,0.00,1164,20.00,1505,20.00,1803,20.00,1806,4.00,1588,0.00,895,-4.00,3,0.08
13940,19.00,2667,20.00,3261,20.00,1989,20.00,1529,20.00,1506,5.00,2894,-3.00,5861,5.00,4691,0.00,1518,20.00,2108,20.00,2623,40.00,2579,0.00,1142,16.00,3743,3.00,1359,0.00,1163,19.00,1505,20.00,1803,20.00,1806,3.00,1588,0.00,895,-2.00,3,0.00
13976,20.00,2667,20.00,3261,19.00,1989,20.00,1529,20.00,1506,4.00,2894,-3.00,5861,6.00,4691,0.00,1518,20.00,2108,20.00,2623,40.00,2579,-1.00,1142,16.00,3743,1.00,1359,0.00,1163,20.00,1505,20.00,1803,20.00,1806,3.00,1588,0.00,895,-1.00,3,0.00
14012,20.00,2667,20.00,3261,20.00,1989,20.00,1529,20.00,1506,4.00,2894,-2.00,5861,4.00,4691,0.00,1518,20.00,2108,20.00,2623,40.00,2579,0.00,1142,16.00,3743,1.00,1359,0.00,1163,20.00,1505,20.00,1803,20.00,1806,1.00,1588,0.00,895,-2.00,3,0.40
14048,20.00,2667,20.00,3261,20.00,1989,20.00,1529,20.00,1506,4.00,2894,-2.00,5861,4.00,4691,0.00,1518,20.00,2108,19.00,2623,40.00,2579,0.00,1142,16.00,3743,2.00,1359,0.00,1163,20.00,1505,20.00,1803,20.00,1806,3.00,1588,0.00,895,-4.00,3,0.16
14083,20.00,2667,20.00,3261,20.00,1989,20.00,1529,20.00,1506,4.00,2894,-2.00,5861,5.00,4691,0.00,1518,20.00,2108,20.00,2623,40.00,2579,0.00,1142,16.00,3743,2.00,1359,0.00,1164,20.00,1505,20.00,1803,19.00,1806,2.00,1588,0.00,895,-9.00,3,0.08
14119,20.00,2667,20.00,3261,20.00,1989,20.00,1529,20.00,1506,4.00,2894,-2.00,5861,4.00,4691,0.00,1518,20.00,2108,20.00,2623,40.00,2579,0.00,1142,16.00,3743,2.00,1359,0.00,1163,20.00,1505,20.00,1803,19.00,1806,3.00,1588,0.00,895,-3.00,3,0.00
14155,20.00,2667,20.00,3261,20.00,1989,20.00,1529,19.00,1506,3.00,2894,-2.00,5861,5.00,4691,0.00,1518,20.00,2108,20.00,2623,40.00,2579,0.00,1142,15.00,3743,0.00,1359,0.00,1163,20.00,1505,20.00,1803,21.00,1806,4.00,1588,0.00,895,-3.00,3,0.16
14190,19.00,2667,20.00,3261,20.00,1989,20.00,1529,20.00,1506,4.00,2894,-2.00,5861,5.00,4691,0.00,1518,20.00,2108,20.00,2623,40.00,2579,0.00,1142,16.00,3743,1.00,1359,0.00,1163,20.00,1505,20.00,1803,20.00,1806,4.00,1588,0.00,895,-1.00,2,0.00
14226,20.00,2667,19.00,3261,20.00,1989,21.00,1529,20.00,1506,4.00,2894,-1.00,5861,6.00,4691,0.00,1518,20.00,2108,20.00,2623,40.00,2579,1.00,1142,16.00,3743,0.00,1359,0.00,1163,19.00,1505,20.00,1803,20.00,1806,3.00,1588,0.00,895,6.00,3,0.08
14262,20.00,2667,20.00,3261,20.00,1989,20.00,1529,20.00,1506,5.00,2894,-2.00,5861,5.00,4691,0.00,1518,20.00,2108,21.00,2623,39.00,2579,0.00,1142,15.00,3743,1.00,1359,0.00,1163,20.00,1505,20.00,1803,20.00,1806,1.00,1588,0.00,895,-7.00,3,0.16
14298,20.00,2667,20.00,3261,20.00,1989,20.00,1529,20.00,1506,4.00,2894,-3.00,5861,5.00,4691,0.00,1518,20.00,2108,20.00,2623,40.00,2579,0.00,1142,16.00,3743,2.00,1359,0.00,1163,20.00,1505,20.00,1803,20.00,1806,4.00,1588,0.00,895,-2.00,3,0.08
14334,20.00,2667,20.00,3261,20.00,1989,20.00,1529,19.00,1506,5.00,2894,-3.00,5861,5.00,4691,0.00,1518,20.00,2108,20.00,2623,40.00,2579,0.00,1142,16.00,3743,2.00,1359,0.00,1163,20.00,1505,20.00,1803,20.00,1806,3.00,1588,0.00,895,-3.00,3,0.08
14369,19.00,2667,20.00,3261,20.00,1989,20.00,1529,20.00,1506,4.00,2894,-3.00,5861,5.00,4691,0.00,1518,20.00,2108,20.00,2623,40.00,2579,0.00,1142,16.00,3743,1.00,1359,0.00,1163,20.00,1505,20.00,1803,20.00,1806,4.00,1588,0.00,895,-1.00,3,0.16
14405,19.00,2667,19.00,3261,20.00,1989,20.00,1529,20.00,1506,4.00,2894,-2.00,5861,4.00,4691,0.00,1518,20.00,2108,20.00,2623,41.00,2579,0.00,1142,16.00,3743,1.00,1359,0.00,1163,20.00,1505,20.00,1803,21.00,1806,2.00,1588,0.00,895,-1.00,3,0.00
14441,20.00,2667,20.00,3261,20.00,1989,20.00,1529,20.00,1506,4.00,2894,-2.00,5861,5.00,4691,0.00,1518,20.00,2108,20.00,2623,40.00,2579,0.00,1142,16.00,3743,2.00,1359,0.00,1163,21.00,1505,19.00,1803,20.00,1806,5.00,1588,0.00,895,-3.00,3,0.00
14477,20.00,2667,20.00,3261,20.00,1989,20.00,1529,20.00,1506,5.00,2894,-2.00,5861,5.00,4691,0.00,1518,20.00,2108,20.00,2623,40.00,2579,0.00,1142,17.00,3743,0.00,1359,0.00,1163,20.00,1505,20.00,1803,20.00,1806,4.00,1588,0.00,895,-4.00,3,0.00
14512,19.00,2667,20.00,3261,21.00,1989,20.00,1529,20.00,1506,4.00,2894,-3.00,5861,4.00,4691,0.00,1518,20.00,2108,20.00,2623,41.00,2579,0.00,1142,16.00,3743,0.00,1359,0.00,1163,20.00,1505,19.00,1803,20.00,1806,2.00,1588,0.00,895,1.00,3,0.08
14548,20.00,2667,20.00,3261,20.00,1989,20.00,1529,20.00,1506,4.00,2894,-2.00,5861,6.00,4691,0.00,1518,20.00,2108,20.00,2623,40.00,2579,0.00,1142,16.00,3743,1.00,1359,0.00,1163,20.00,1505,20.00,1803,20.00,1806,2.00,1588,0.00,895,-4.00,3,0.08
14584,20.00,2667,20.00,3261,21.00,1989,20.00,1529,20.00,1506,4.00,2894,-1.00,5861,5.00,4691,0.00,1518,20.00,2108,20.00,2623,40.00,2579,0.00,1142,16.00,3743,3.00,1359,0.00,1163,20.00,1505,20.00,1803,21.00,1806,3.00,1588,0.00,895,-7.00,3,0.16
14620,21.00,2667,20.00,3261,21.00,1989,20.00,1529,20.00,1506,4.00,2894,-2.00,5861,5.00,4691,0.00,1518,20.00,2108,19.00,2623,40.00,2579,0.00,1142,16.00,3743,1.00,1359,0.00,1163,20.00,1505,20.00,1803,20.00,1806,2.00,1588,0.00,895,-4.00,3,0.00
14655,19.00,2667,19.00,3261,20.00,1989,20.00,1529,20.00,1506,4.00,2894,-2.00,5861,5.00,4691,0.00,1518,20.00,2108,20.00,2623,40.00,2579,0.00,1142,16.00,3743,2.00,1359,0.00,1163,20.00,1505,19.00,1803,19.00,1806,3.00,1588,0.00,895,4.00,3,0.08
14691,20.00,2667,20.00,3261,20.00,1989,20.00,1529,20.00,1506,4.00,2894,-1.00,5861,5.00,4691,0.00,1518,20.00,2108,21.00,2623,40.00,2579,0.00,1142,16.00,3743,0.00,1359,0.00,1163,20.00,1505,20.00,1803,20.00,1806,3.00,1588,0.00,895,-6.00,3,0.40
14727,20.00,2667,20.00,3261,20.00,1989,20.00,1529,20.00,1506,5.00,2894,-3.00,5861,5.00,4691,0.00,1518,20.00,2108,20.00,2623,40.00,2579,0.00,1142,16.00,3743,1.00,1359,0.00,1163,20.00,1505,20.00,1803,20.00,1806,3.00,1588,0.00,895,-4.00,3,0.24
14763,20.00,2667,20.00,3261,20.00,1989,20.00,1529,20.00,1506,3.00,2894,-2.00,5861,6.00,4691,0.00,1518,20.00,2108,20.00,2623,40.00,2579,0.00,1142,16.00,3743,1.00,1359,0.00,1163,20.00,1505,20.00,1803,20.00,1806,3.00,1588,0.00,895,-4.00,3,0.00
14799,20.00,2667,20.00,3261,20.00,1989,20.00,1529,20.00,1506,4.00,2894,-2.00,5861,5.00,4691,0.00,1518,20.00,2108,20.00,2623,40.00,2579,0.00,1142,16.00,3743,1.00,1359,0.00,1163,20.00,1505,21.00,1803,21.00,1806,2.00,1588,0.00,895,-5.00,3,0.00
14834,20.00,2667,20.00,3261,20.00,1989,20.00,1529,20.00,1506,3.00,2894,-1.00,5861,5.00,4691,0.00,1518,20.00,2108,20.00,2623,40.00,2579,0.00,1142,16.00,3743,2.00,1359,0.00,1163,20.00,1505,20.00,1803,20.00,1806,3.00,1588,0.00,895,-3.00,3,0.24
14870,20.00,2667,21.00,3261,20.00,1989,20.00,1529,21.00,1506,4.00,2894,-3.00,5861,5.00,4691,0.00,1518,20.00,2108,20.00,2623,40.00,2579,0.00,1142,15.00,3743,1.00,1359,0.00,1163,19.00,1505,20.00,1803,20.00,1806,3.00,1588,0.00,895,8.00,3,0.08
14906,20.00,2667,20.00,3261,20.00,1989,19.00,1529,20.00,1506,5.00,2894,-3.00,5861,5.00,4691,0.00,1518,20.00,2108,20.00,2623,40.00,2579,-1.00,1142,16.00,3743,0.00,1359,0.00,1163,20.00,1505,20.00,1803,20.00,1806,4.00,1588,0.00,895,-7.00,3,0.00
14942,20.00,2667,20.00,3261,21.00,1989,20.00,1529,20.00,1506,4.00,2894,-1.00,5861,5.00,4691,0.00,1518,20.00,2108,20.00,2623,40.00,2579,-1.00,1142,16.00,3743,3.00,1359,0.00,1163,20.00,1505,20.00,1803,20.00,1806,1.00,1588,0.00,895,-1.00,3,0.08
14977,20.00,2667,20.00,3261,21.00,1989,20.00,1529,20.00,1506,4.00,2894,-2.00,5861,5.00,4691,0.00,1518,20.00,2108,20.00,2623,40.00,2579,0.00,1142,16.00,3743,2.00,1359,0.00,1163,20.00,1505,20.00,1803,20.00,1806,3.00,1588,0.00,895,-3.00,3,0.08
15013,20.00,2667,19.00,3261,21.00,1989,20.00,1529,20.00,1506,5.00,2894,-2.00,5861,5.00,4691,0.00,1518,21.00,2108,20.00,2623,40.00,2579,0.00,1142,16.00,3743,0.00,1359,0.00,1163,19.00,1505,20.00,1803,20.00,1806,3.00,1588,0.00,895,-2.00,3,0.00
15049,21.00,2667,20.00,3261,20.00,1989,20.00,1529,20.00,1506,5.00,2894,-2.00,5861,5.00,4691,0.00,1518,20.00,2108,20.00,2623,40.00,2579,0.00,1142,16.00,3743,2.00,1359,0.00,1163,20.00,1505,20.00,1803,20.00,1806,2.00,1588,0.00,895,-5.00,3,0.00
15084,20.00,2667,19.00,3261,20.00,1989,19.00,1529,20.00,1506,4.00,2894,-3.00,5861,5.00,4691,0.00,1518,20.00,2108,20.00,2623,40.00,2579,0.00,1142,16.00,3743,2.00,1359,0.00,1164,20.00,1505,21.00,1803,19.00,1806,1.00,1588,0.00,895,-3.00,2,0.16
15120,21.00,2667,20.00,3261,20.00,1989,20.00,1529,20.00,1506,3.00,2894,-2.00,5861,5.00,4691,0.00,1518,20.00,2108,20.00,2623,40.00,2579,0.00,1142,16.00,3743,2.00,1359,0.00,1163,20.00,1505,20.00,1803,20.00,1806,3.00,1588,0.00,895,1.00,2,0.00
15156,21.00,2667,21.00,3261,20.00,1989,20.00,1529,20.00,1506,5.00,2894,-3.00,5861,4.00,4691,0.00,1518,20.00,2108,20.00,2623,40.00,2579,0.00,1142,16.00,3743,2.00,1359,0.00,1163,20.00,1505,20.00,1803,19.00,1806,3.00,1588,0.00,895,-4.00,2,0.00
15191,19.00,2667,20.00,3261,20.00,1989,20.00,1529,20.00,1506,4.00,2894,-2.00,5861,5.00,4691,0.00,1518,20.00,2108,20.00,2623,40.00,2579,1.00,1142,16.00,3743,0.00,1359,0.00,1163,20.00,1505,20.00,1803,20.00,1806,5.00,1588,0.00,895,6.00,3,0.08
15227,20.00,2667,20.00,3261,20.00,1989,20.00,1529,20.00,1506,5.00,2894,-1.00,5861,6.00,4691,0.00,1518,20.00,2108,20.00,2623,40.00,2579,0.00,1142,16.00,3743,0.00,1359,0.00,1163,20.00,1505,20.00,1803,20.00,1806,4.00,1588,0.00,895,-1.00,3,0.08
15263,19.00,2667,21.00,3261,20.00,1989,20.00,1529,20.00,1506,4.00,2894,-3.00,5861,5.00,4691,0.00,1518,19.00,2108,19.00,2623,40.00,2579,0.00,1142,16.00,3743,1.00,1359,0.00,1163,21.00,1505,21.00,1803,21.00,1806,4.00,1588,0.00,895,-3.00,3,0.00
15299,19.00,2667,20.00,3261,20.00,1989,20.00,1529,20.00,1506,4.00,2894,-2.00,5861,4.00,4691,0.00,1518,20.00,2108,20.00,2623,39.00,2579,0.00,1142,16.00,3743,2.00,1359,0.00,1164,20.00,1505,20.00,1803,20.00,1806,2.00,1588,0.00,895,-2.00,3,0.08
15334,20.00,2667,20.00,3261,20.00,1989,20.00,1529,20.00,1506,4.00,2894,-2.00,5861,5.00,4691,0.00,1518,20.00,2108,20.00,2623,40.00,2579,0.00,1142,16.00,3743,2.00,1359,0.00,1163,20.00,1505,20.00,1803,20.00,1806,4.00,1588,0.00,895,-6.00,3,0.00
15370,20.00,2667,20.00,3261,20.00,1989,20.00,1529,20.00,1506,5.00,2894,-2.00,5861,5.00,4691,0.00,1518,19.00,2108,21.00,2623,40.00,2579,0.00,1142,16.00,3743,2.00,1359,0.00,1163,20.00,1505,20.00,1803,20.00,1806,3.00,1588,0.00,895,3.00,3,0.08
15406,20.00,2667,20.00,3261,20.00,1989,19.00,1529,20.00,1506,4.00,2894,-3.00,5861,4.00,4691,0.00,1518,20.00,2108,21.00,2623,40.00,2579,-1.00,1142,16.00,3743,2.00,1359,0.00,1163,20.00,1505,20.00,1803,20.00,1806,5.00,1588,0.00,895,3.00,3,0.00
15442,21.00,2667,20.00,3261,20.00,1989,20.00,1529,20.00,1506,3.00,2894,-2.00,5861,5.00,4691,0.00,1518,20.00,2108,20.00,2623,40.00,2579,0.00,1142,16.00,3743,2.00,1359,0.00,1163,20.00,1505,20.00,1803,20.00,1806,4.00,1588,0.00,895,-3.00,3,0.08
15477,20.00,2667,19.00,3261,20.00,1989,20.00,1529,21.00,1506,3.00,2894,-2.00,5861,5.00,4691,0.00,1518,20.00,2108,21.00,2623,40.00,2579,0.00,1142,16.00,3743,2.00,1359,0.00,1163,20.00,1505,19.00,1803,19.00,1806,3.00,1588,0.00,895,-5.00,3,0.00
15513,19.00,2667,20.00,3261,20.00,1989,20.00,1529,20.00,1506,4.00,2894,-3.00,5861,5.00,4691,0.00,1518,20.00,2108,20.00,2623,40.00,2579,0.00,1142,16.00,3743,2.00,1359,0.00,1163,20.00,1505,20.00,1803,20.00,1806,3.00,1588,0.00,895,1.00,3,0.00