36,20.00,2373,20.00,3290,21.00,1947,20.00,1500,19.00,1539,4.00,2894,-3.00,5861,4.00,4691,0.00,1517,20.00,2292,20.00,2567,40.00,2367,0.00,1142,34.00,3725,1.00,1359,20.00,1302,19.00,1484,20.00,1721,20.00,1558,2.00,1588,1.00,894,-5.00,5,0.24
72,19.00,2373,20.00,3290,20.00,1947,20.00,1500,20.00,1539,3.00,2894,-2.00,5861,5.00,4691,10.00,1517,20.00,2292,21.00,2567,40.00,2367,0.00,1142,34.00,3725,0.00,1359,20.00,1302,20.00,1484,20.00,1721,20.00,1558,3.00,1588,2.00,893,-6.00,5,0.24
108,20.00,2373,19.00,3290,20.00,1947,20.00,1500,20.00,1539,4.00,2894,-2.00,5861,5.00,4691,6.00,1517,20.00,2292,20.00,2567,40.00,2367,0.00,1142,34.00,3725,1.00,1359,20.00,1302,20.00,1484,20.00,1721,20.00,1558,1.00,1588,0.00,893,-5.00,5,0.08
144,21.00,2373,20.00,3290,20.00,1947,20.00,1500,19.00,1539,3.00,2894,-1.00,5861,6.00,4691,1.00,1517,20.00,2292,20.00,2567,40.00,2367,0.00,1142,34.00,3725,0.00,1359,20.00,1302,20.00,1484,20.00,1721,20.00,1558,3.00,1588,1.00,893,-4.00,5,0.73
179,20.00,2373,20.00,3290,21.00,1947,20.00,1500,20.00,1539,5.00,2894,-2.00,5861,6.00,4691,1.00,1517,20.00,2292,20.00,2567,40.00,2367,0.00,1142,34.00,3725,2.00,1359,20.00,1302,19.00,1484,20.00,1721,20.00,1558,4.00,1588,-2.00,893,-3.00,5,0.08
215,20.00,2373,20.00,3290,19.00,1947,20.00,1500,20.00,1539,4.00,2894,-2.00,5861,6.00,4691,1.00,1517,20.00,2292,20.00,2567,40.00,2367,0.00,1142,34.00,3725,3.00,1359,20.00,1302,20.00,1484,20.00,1721,20.00,1558,2.00,1588,-2.00,894,-5.00,5,0.00
251,20.00,2373,20.00,3290,20.00,1947,20.00,1500,20.00,1539,4.00,2894,-2.00,5861,4.00,4691,1.00,1517,20.00,2292,20.00,2567,40.00,2367,0.00,1142,35.00,3725,0.00,1359,20.00,1302,20.00,1484,19.00,1721,20.00,1558,1.00,1588,1.00,893,-3.00,5,0.24
287,20.00,2373,20.00,3290,20.00,1947,20.00,1500,19.00,1539,3.00,2894,-2.00,5861,6.00,4691,-3.00,1517,20.00,2292,20.00,2567,40.00,2367,0.00,1142,34.00,3725,1.00,1359,20.00,1302,20.00,1484,20.00,1721,20.00,1558,4.00,1588,-1.00,893,-5.00,5,0.24
322,20.00,2373,20.00,3290,20.00,1947,20.00,1500,19.00,1539,4.00,2894,-2.00,5861,5.00,4691,-2.00,1517,20.00,2292,20.00,2567,40.00,2367,0.00,1142,34.00,3725,2.00,1359,20.00,1302,20.00,1484,19.00,1721,20.00,1558,2.00,1588,-2.00,893,-4.00,5,0.08
358,20.00,2373,20.00,3290,20.00,1947,20.00,1500,20.00,1539,4.00,2894,-2.00,5861,4.00,4691,-3.00,1517,20.00,2292,20.00,2567,40.00,2367,0.00,1142,34.00,3725,0.00,1359,21.00,1302,20.00,1484,20.00,1721,20.00,1558,2.00,1588,2.00,894,-5.00,5,0.00
394,20.00,2373,20.00,3290,21.00,1947,21.00,1500,20.00,1539,4.00,2894,-3.00,5861,4.00,4691,-1.00,1517,20.00,2292,20.00,2567,40.00,2367,0.00,1142,34.00,3725,1.00,1359,20.00,1302,20.00,1484,20.00,1721,20.00,1558,4.00,1588,0.00,893,-3.00,5,0.16
429,20.00,2373,20.00,3290,20.00,1947,20.00,1500,20.00,1539,5.00,2894,-2.00,5861,6.00,4691,-1.00,1517,20.00,2292,20.00,2567,40.00,2367,0.00,1142,34.00,3725,0.00,1359,20.00,1302,20.00,1484,20.00,1721,20.00,1558,2.00,1588,-1.00,893,-4.00,5,0.24
465,20.00,2373,20.00,3290,20.00,1947,19.00,1500,20.00,1539,4.00,2894,-3.00,5861,5.00,4691,-3.00,1516,20.00,2292,20.00,2567,40.00,2367,0.00,1142,34.00,3725,2.00,1359,20.00,1302,20.00,1484,20.00,1721,20.00,1558,2.00,1588,3.00,894,-4.00,5,0.24
501,20.00,2373,20.00,3290,20.00,1947,21.00,1500,20.00,1539,5.00,2894,-2.00,5861,5.00,4691,-7.00,1517,20.00,2292,20.00,2567,40.00,2367,0.00,1142,34.00,3725,1.00,1359,21.00,1302,20.00,1484,20.00,1721,20.00,1558,4.00,1588,-1.00,894,-3.00,5,0.00
537,20.00,2373,20.00,3290,19.00,1947,20.00,1500,21.00,1539,4.00,2894,-2.00,5861,5.00,4691,0.00,1516,20.00,2292,20.00,2567,39.00,2367,0.00,1142,34.00,3725,1.00,1359,20.00,1302,20.00,1484,20.00,1721,20.00,1558,4.00,1588,-3.00,893,-5.00,5,0.40
572,20.00,2373,20.00,3290,20.00,1947,20.00,1500,20.00,1539,6.00,2894,-3.00,5861,5.00,4691,4.00,1516,20.00,2292,20.00,2567,41.00,2367,0.00,1142,34.00,3725,1.00,1359,20.00,1302,20.00,1484,20.00,1721,20.00,1558,4.00,1588,-1.00,894,-4.00,5,0.00
608,20.00,2373,20.00,3290,20.00,1947,20.00,1500,20.00,1539,4.00,2894,-2.00,5861,6.00,4691,1.00,1517,20.00,2292,20.00,2567,40.00,2367,0.00,1142,34.00,3725,0.00,1359,20.00,1302,20.00,1484,20.00,1721,20.00,1558,1.00,1588,4.00,893,-4.00,5,0.00
644,20.00,2373,20.00,3290,20.00,1947,20.00,1500,20.00,1539,4.00,2894,-2.00,5861,5.00,4691,6.00,1517,20.00,2292,20.00,2567,40.00,2367,0.00,1142,34.00,3725,1.00,1359,21.00,1302,20.00,1484,20.00,1721,21.00,1558,2.00,1588,1.00,894,-5.00,5,0.08
679,20.00,2373,20.00,3290,20.00,1947,19.00,1500,20.00,1539,3.00,2894,-3.00,5861,6.00,4691,1.00,1517,20.00,2292,20.00,2567,40.00,2367,0.00,1142,34.00,3725,1.00,1359,20.00,1302,20.00,1484,20.00,1721,19.00,1558,3.00,1588,-1.00,894,-5.00,5,0.08
715,21.00,2373,20.00,3290,20.00,1947,20.00,1500,20.00,1539,3.00,2894,-2.00,5861,5.00,4691,0.00,1517,20.00,2292,20.00,2567,40.00,2367,0.00,1142,35.00,3725,2.00,1359,20.00,1302,20.00,1484,20.00,1721,20.00,1558,3.00,1588,-4.00,894,-3.00,5,0.08
751,20.00,2373,20.00,3290,20.00,1947,20.00,1500,20.00,1539,3.00,2895,-2.00,5861,5.00,4691,0.00,1517,20.00,2292,20.00,2567,40.00,2367,0.00,1142,34.00,3725,1.00,1359,20.00,1302,20.00,1484,20.00,1721,20.00,1558,4.00,1588,4.00,893,-5.00,5,0.08
787,20.00,2373,20.00,3290,20.00,1947,20.00,1500,20.00,1539,4.00,2894,-2.00,5861,6.00,4691,0.00,1516,20.00,2292,20.00,2567,41.00,2367,0.00,1142,34.00,3725,1.00,1359,20.00,1302,20.00,1484,20.00,1721,20.00,1558,4.00,1588,4.00,893,-3.00,5,0.08
823,20.00,2373,20.00,3290,20.00,1947,20.00,1500,20.00,1539,5.00,2894,-2.00,5861,5.00,4691,-1.00,1517,20.00,2292,20.00,2567,40.00,2367,0.00,1142,34.00,3725,0.00,1359,20.00,1302,20.00,1484,20.00,1721,20.00,1558,2.00,1588,-3.00,893,-5.00,5,0.08
858,20.00,2373,20.00,3290,20.00,1947,20.00,1500,20.00,1539,4.00,2894,-2.00,5861,5.00,4691,-8.00,1516,20.00,2292,20.00,2567,40.00,2367,0.00,1142,34.00,3725,2.00,1359,20.00,1302,20.00,1484,20.00,1721,21.00,1558,2.00,1588,-1.00,894,-3.00,5,0.08
894,20.00,2373,20.00,3290,20.00,1947,20.00,1500,20.00,1539,3.00,2894,-2.00,5861,6.00,4691,-6.00,1517,20.00,2292,20.00,2567,40.00,2367,0.00,1142,34.00,3725,1.00,1359,19.00,1302,20.00,1484,20.00,1721,20.00,1558,3.00,1588,-1.00,894,-5.00,5,0.08
930,20.00,2373,21.00,3290,20.00,1947,20.00,1500,20.00,1539,5.00,2894,-2.00,5861,5.00,4691,1.00,1517,20.00,2292,20.00,2567,40.00,2367,0.00,1142,33.00,3725,1.00,1359,20.00,1302,20.00,1484,20.00,1721,20.00,1558,2.00,1588,-1.00,894,-5.00,5,0.08
966,21.00,2373,20.00,3290,20.00,1947,20.00,1500,20.00,1539,5.00,2894,-1.00,5861,5.00,4691,9.00,1517,20.00,2292,20.00,2567,40.00,2367,0.00,1142,34.00,3725,1.00,1359,20.00,1302,20.00,1484,20.00,1721,19.00,1558,2.00,1588,4.00,893,-3.00,5,0.08
1001,20.00,2373,20.00,3290,19.00,1947,20.00,1500,19.00,1539,4.00,2894,-2.00,5861,5.00,4691,4.00,1517,20.00,2292,20.00,2567,40.00,2367,0.00,1142,34.00,3725,2.00,1359,20.00,1302,20.00,1484,20.00,1721,20.00,1558,3.00,1588,2.00,894,-5.00,5,0.08
1037,20.00,2373,20.00,3290,19.00,1947,19.00,1500,19.00,1539,3.00,2894,-2.00,5861,5.00,4691,7.00,1517,20.00,2292,20.00,2567,40.00,2367,0.00,1142,34.00,3725,1.00,1359,20.00,1302,20.00,1484,21.00,1721,19.00,1558,4.00,1588,2.00,894,-4.00,5,0.00
1073,20.00,2373,20.00,3290,20.00,1947,20.00,1500,19.00,1539,4.00,2894,-1.00,5861,4.00,4691,1.00,1516,20.00,2292,20.00,2567,40.00,2367,0.00,1142,34.00,3725,0.00,1359,20.00,1302,19.00,1484,20.00,1721,20.00,1558,4.00,1588,-1.00,893,-5.00,5,0.08
1109,20.00,2373,20.00,3290,19.00,1947,20.00,1500,20.00,1539,4.00,2894,-2.00,5861,5.00,4691,0.00,1517,20.00,2292,20.00,2567,40.00,2367,0.00,1142,34.00,3725,1.00,1359,20.00,1302,20.00,1484,20.00,1721,20.00,1558,3.00,1588,2.00,894,-5.00,5,0.16
1145,20.00,2373,20.00,3290,20.00,1947,20.00,1500,20.00,1539,5.00,2894,-2.00,5861,6.00,4691,0.00,1517,20.00,2292,21.00,2567,41.00,2367,0.00,1142,34.00,3725,1.00,1359,19.00,1302,20.00,1484,20.00,1721,20.00,1558,4.00,1588,-2.00,894,-4.00,5,0.08
1180,20.00,2373,20.00,3290,20.00,1947,20.00,1500,20.00,1539,4.00,2894,-3.00,5861,5.00,4691,-5.00,1517,20.00,2292,19.00,2567,40.00,2367,0.00,1142,34.00,3725,0.00,1359,20.00,1302,20.00,1484,21.00,1721,20.00,1558,2.00,1588,0.00,894,-4.00,5,0.16
1216,20.00,2373,20.00,3290,20.00,1947,20.00,1500,20.00,1539,4.00,2894,-2.00,5861,5.00,4691,7.00,1517,20.00,2292,20.00,2567,40.00,2367,0.00,1142,34.00,3725,1.00,1359,20.00,1302,20.00,1484,20.00,1721,21.00,1558,3.00,1588,-1.00,894,-5.00,5,0.16
1252,20.00,2373,20.00,3290,21.00,1947,19.00,1500,20.00,1539,4.00,2894,-2.00,5861,5.00,4691,4.00,1517,20.00,2292,20.00,2567,40.00,2367,0.00,1142,34.00,3725,2.00,1359,20.00,1302,20.00,1484,20.00,1721,20.00,1558,3.00,1588,-1.00,894,-3.00,5,0.24
1287,21.00,2373,20.00,3290,20.00,1947,20.00,1500,20.00,1539,5.00,2894,-3.00,5861,6.00,4691,-2.00,1516,20.00,2292,20.00,2567,40.00,2367,0.00,1142,33.00,3725,0.00,1359,20.00,1302,20.00,1484,20.00,1721,20.00,1558,4.00,1588,3.00,893,-4.00,5,0.24
1323,20.00,2374,21.00,3290,19.00,1947,20.00,1500,19.00,1539,4.00,2894,-2.00,5861,5.00,4691,3.00,1517,20.00,2292,20.00,2567,40.00,2367,0.00,1142,35.00,3725,1.00,1359,20.00,1302,19.00,1484,20.00,1721,20.00,1558,1.00,1588,4.00,894,-3.00,5,0.00
1358,20.00,2374,20.00,3290,20.00,1947,20.00,1500,20.00,1539,4.00,2894,-2.00,5861,5.00,4691,-4.00,1516,20.00,2292,20.00,2567,40.00,2367,0.00,1142,34.00,3725,1.00,1359,19.00,1302,21.00,1484,20.00,1721,19.00,1558,4.00,1588,6.00,894,-5.00,5,0.08
1394,20.00,2376,20.00,3290,20.00,1947,20.00,1500,20.00,1539,4.00,2894,-1.00,5861,5.00,4691,2.00,1516,20.00,2292,21.00,2567,41.00,2367,0.00,1142,35.00,3725,1.00,1359,20.00,1302,20.00,1484,20.00,1721,20.00,1558,4.00,1588,0.00,894,-4.00,5,0.16
1430,21.00,2378,20.00,3290,20.00,1948,20.00,1500,20.00,1539,5.00,2894,-1.00,5861,6.00,4691,9.00,1517,20.00,2292,20.00,2567,40.00,2367,-1.00,1142,34.00,3725,1.00,1359,21.00,1302,20.00,1484,21.00,1721,20.00,1558,5.00,1588,-2.00,894,-5.00,5,0.08
1466,21.00,2378,20.00,3290,20.00,1948,20.00,1500,20.00,1539,8.00,2894,-3.00,5861,4.00,4691,3.00,1516,20.00,2292,20.00,2567,40.00,2367,-3.00,1142,33.00,3725,1.00,1359,20.00,1302,19.00,1484,20.00,1721,21.00,1558,3.00,1588,6.00,893,-3.00,5,0.16
1501,20.00,2380,19.00,3290,20.00,1948,20.00,1500,20.00,1539,5.00,2894,-3.00,5861,6.00,4691,-4.00,1516,20.00,2292,20.00,2567,40.00,2367,1.00,1142,34.00,3725,1.00,1359,20.00,1302,20.00,1484,20.00,1721,20.00,1558,2.00,1588,1.00,894,-5.00,5,0.08
1537,20.00,2382,19.00,3290,21.00,1947,20.00,1500,20.00,1539,3.00,2894,-3.00,5861,5.00,4691,5.00,1516,20.00,2292,20.00,2567,40.00,2367,4.00,1142,34.00,3725,1.00,1359,20.00,1302,20.00,1484,20.00,1721,20.00,1558,3.00,1588,0.00,894,-3.00,5,0.24
1573,21.00,2383,21.00,3290,20.00,1947,20.00,1500,20.00,1539,6.00,2894,-3.00,5861,4.00,4691,-1.00,1516,20.00,2292,20.00,2567,40.00,2367,1.00,1142,34.00,3725,0.00,1359,20.00,1302,20.00,1484,20.00,1721,20.00,1558,1.00,1588,2.00,893,-4.00,5,0.16
1608,20.00,2382,19.00,3290,19.00,1947,20.00,1500,20.00,1539,4.00,2894,-1.00,5861,6.00,4691,4.00,1516,20.00,2292,20.00,2567,40.00,2367,1.00,1142,34.00,3725,1.00,1359,20.00,1302,20.00,1484,20.00,1721,20.00,1558,3.00,1588,1.00,894,-5.00,5,0.24
1644,20.00,2383,20.00,3290,20.00,1948,21.00,1500,20.00,1539,6.00,2894,-3.00,5861,5.00,4691,-13.00,1516,20.00,2292,20.00,2567,40.00,2367,-1.00,1142,34.00,3725,1.00,1359,20.00,1302,19.00,1484,20.00,1721,20.00,1558,4.00,1588,4.00,894,-5.00,5,0.08
1680,21.00,2383,20.00,3290,19.00,1948,20.00,1500,20.00,1540,3.00,2894,-2.00,5861,5.00,4691,4.00,1517,20.00,2292,21.00,2567,40.00,2367,0.00,1142,34.00,3725,0.00,1359,20.00,1302,20.00,1484,20.00,1721,19.00,1558,2.00,1588,-1.00,893,-4.00,5,0.24
1716,19.00,2383,20.00,3290,20.00,1947,19.00,1500,20.00,1540,4.00,2894,-3.00,5861,5.00,4691,2.00,1517,19.00,2292,20.00,2567,40.00,2367,0.00,1142,34.00,3725,1.00,1359,21.00,1302,20.00,1484,21.00,1721,20.00,1558,3.00,1588,0.00,894,-4.00,5,0.24
1751,20.00,2383,20.00,3290,20.00,1948,20.00,1500,20.00,1540,3.00,2894,-2.00,5861,4.00,4691,4.00,1517,20.00,2292,20.00,2567,40.00,2367,0.00,1142,34.00,3725,2.00,1359,20.00,1302,20.00,1484,20.00,1721,20.00,1558,2.00,1588,2.00,893,-3.00,5,0.24
1787,20.00,2383,20.00,3290,20.00,1948,20.00,1500,20.00,1540,4.00,2894,-2.00,5861,5.00,4691,4.00,1516,20.00,2292,20.00,2567,40.00,2367,3.00,1142,34.00,3725,0.00,1359,20.00,1302,20.00,1484,20.00,1721,20.00,1558,4.00,1588,-3.00,894,-4.00,5,0.40
1823,21.00,2383,20.00,3290,20.00,1948,20.00,1500,19.00,1540,1.00,2894,-1.00,5861,5.00,4691,5.00,1516,20.00,2292,20.00,2567,39.00,2367,1.00,1142,34.00,3725,1.00,1359,20.00,1303,20.00,1484,20.00,1721,20.00,1558,3.00,1588,3.00,893,-3.00,5,0.97
1859,19.00,2387,20.00,3290,20.00,1948,20.00,1500,20.00,1540,5.00,2894,-3.00,5861,5.00,4691,3.00,1516,20.00,2292,20.00,2567,40.00,2367,0.00,1143,34.00,3725,1.00,1359,19.00,1303,19.00,1484,20.00,1721,19.00,1558,3.00,1588,-2.00,894,-3.00,5,0.73
1894,19.00,2389,20.00,3290,20.00,1948,20.00,1501,20.00,1542,3.00,2894,-3.00,5861,5.00,4691,-2.00,1517,20.00,2292,20.00,2567,40.00,2367,1.00,1142,34.00,3725,1.00,1359,19.00,1306,20.00,1484,20.00,1721,20.00,1558,4.00,1588,-5.00,894,-4.00,5,0.65
1930,19.00,2392,20.00,3290,20.00,1948,19.00,1502,19.00,1548,4.00,2894,-1.00,5861,5.00,4691,-4.00,1516,20.00,2292,20.00,2567,40.00,2367,1.00,1143,34.00,3725,1.00,1359,19.00,1312,19.00,1485,20.00,1721,20.00,1558,3.00,1588,-5.00,893,-4.00,5,0.89
1966,19.00,2393,20.00,3290,19.00,1949,20.00,1508,19.00,1555,4.00,2894,-2.00,5861,5.00,4691,3.00,1517,20.00,2291,20.00,2567,40.00,2367,0.00,1142,34.00,3725,2.00,1359,20.00,1319,19.00,1486,20.00,1721,20.00,1558,4.00,1588,2.00,893,-3.00,5,0.56
2002,19.00,2396,20.00,3290,19.00,1955,19.00,1517,20.00,1563,4.00,2894,-2.00,5861,5.00,4691,1.00,1516,20.00,2291,20.00,2567,40.00,2367,0.00,1142,34.00,3725,0.00,1359,20.00,1325,20.00,1493,20.00,1721,20.00,1559,3.00,1588,6.00,893,-4.00,5,0.81
2037,19.00,2400,18.00,3292,19.00,1962,19.00,1526,20.00,1569,3.00,2894,-2.00,5861,5.00,4691,3.00,1517,20.00,2291,20.00,2567,40.00,2367,-1.00,1142,34.00,3725,1.00,1359,20.00,1331,20.00,1503,20.00,1721,19.00,1558,1.00,1588,0.00,893,-3.00,5,0.81
2073,20.00,2404,20.00,3298,19.00,1969,20.00,1535,20.00,1576,5.00,2894,-3.00,5861,5.00,4691,-2.00,1517,20.00,2291,19.00,2567,40.00,2367,0.00,1142,34.00,3725,0.00,1359,20.00,1336,18.00,1514,20.00,1721,19.00,1558,2.00,1588,0.00,893,-4.00,5,0.81
2109,19.00,2411,18.00,3307,19.00,1976,21.00,1544,20.00,1583,4.00,2894,-1.00,5861,6.00,4691,3.00,1517,20.00,2291,20.00,2567,40.00,2367,2.00,1142,34.00,3725,0.00,1359,20.00,1340,19.00,1528,20.00,1721,20.00,1558,4.00,1588,-5.00,894,-3.00,5,0.81
2145,20.00,2417,19.00,3317,19.00,1983,21.00,1552,20.00,1590,5.00,2894,-2.00,5861,6.00,4691,0.00,1517,20.00,2291,20.00,2567,40.00,2367,0.00,1142,33.00,3725,0.00,1359,19.00,1347,20.00,1540,19.00,1721,20.00,1558,4.00,1588,6.00,894,-3.00,5,1.13
2180,20.00,2424,20.00,3326,21.00,1990,21.00,1560,20.00,1598,4.00,2894,-2.00,5861,5.00,4691,-3.00,1517,20.00,2291,20.00,2567,40.00,2367,0.00,1142,35.00,3725,1.00,1359,20.00,1352,21.00,1554,21.00,1721,20.00,1559,5.00,1588,4.00,893,-4.00,5,0.97
2216,20.00,2431,19.00,3334,20.00,1997,20.00,1567,19.00,1607,4.00,2894,-2.00,5861,6.00,4691,1.00,1517,20.00,2291,20.00,2567,41.00,2367,0.00,1142,29.00,3730,2.00,1359,21.00,1357,20.00,1566,20.00,1721,21.00,1558,3.00,1588,1.00,894,-5.00,5,0.97
2252,21.00,2437,20.00,3342,20.00,2003,20.00,1575,19.00,1616,3.00,2894,-2.00,5861,4.00,4691,1.00,1517,20.00,2291,20.00,2567,40.00,2366,0.00,1141,22.00,3734,0.00,1359,20.00,1362,20.00,1579,20.00,1721,20.00,1559,3.00,1588,2.00,894,-5.00,5,1.21
2288,20.00,2443,23.00,3348,20.00,2010,19.00,1584,20.00,1625,4.00,2894,-1.00,5861,4.00,4691,1.00,1517,20.00,2291,20.00,2567,40.00,2366,-5.00,1141,23.00,3735,0.00,1359,20.00,1366,21.00,1591,20.00,1720,20.00,1559,4.00,1588,-9.00,893,-5.00,5,0.89
2324,21.00,2448,19.00,3354,20.00,2017,21.00,1592,20.00,1632,4.00,2894,-2.00,5861,5.00,4691,2.00,1517,20.00,2291,20.00,2567,40.00,2366,2.00,1141,23.00,3735,0.00,1359,20.00,1372,20.00,1600,20.00,1721,20.00,1558,3.00,1588,5.00,893,-4.00,5,1.21
2359,19.00,2451,20.00,3360,20.00,2023,20.00,1599,20.00,1639,4.00,2894,-2.00,5861,5.00,4691,0.00,1517,20.00,2291,20.00,2567,40.00,2366,2.00,1141,24.00,3735,1.00,1359,20.00,1377,22.00,1607,20.00,1720,20.00,1558,4.00,1588,2.00,894,-5.00,5,1.37
2395,20.00,2455,20.00,3365,19.00,2028,20.00,1606,20.00,1645,4.00,2894,-1.00,5861,5.00,4691,1.00,1517,19.00,2291,20.00,2567,40.00,2366,0.00,1141,23.00,3735,0.00,1359,20.00,1382,21.00,1614,20.00,1720,21.00,1558,2.00,1588,-2.00,893,-4.00,5,0.97
2431,20.00,2458,20.00,3369,20.00,2032,21.00,1611,20.00,1650,4.00,2894,-2.00,5861,4.00,4691,2.00,1517,20.00,2291,20.00,2567,40.00,2366,2.00,1141,24.00,3735,1.00,1359,20.00,1386,21.00,1619,20.00,1721,20.00,1558,2.00,1588,-4.00,894,-5.00,5,1.13
2467,20.00,2462,20.00,3372,20.00,2034,20.00,1616,20.00,1654,5.00,2894,-2.00,5861,5.00,4691,0.00,1517,20.00,2291,20.00,2567,40.00,2366,1.00,1141,24.00,3735,1.00,1359,20.00,1390,20.00,1621,20.00,1720,20.00,1558,4.00,1588,6.00,894,-5.00,5,1.13
2502,23.00,2463,22.00,3374,21.00,2037,21.00,1620,20.00,1656,3.00,2894,-1.00,5861,5.00,4691,0.00,1517,20.00,2291,20.00,2567,41.00,2366,1.00,1141,24.00,3735,0.00,1359,20.00,1393,22.00,1622,20.00,1720,20.00,1559,4.00,1588,-2.00,894,-4.00,5,1.13
2538,20.00,2463,21.00,3374,21.00,2038,20.00,1623,24.00,1658,4.00,2894,-1.00,5861,4.00,4691,0.00,1517,20.00,2290,19.00,2567,40.00,2366,1.00,1141,24.00,3735,1.00,1359,20.00,1395,21.00,1623,20.00,1720,20.00,1559,2.00,1588,-1.00,894,-5.00,5,1.45
2574,20.00,2463,20.00,3374,21.00,2038,20.00,1626,20.00,1658,4.00,2894,-3.00,5861,4.00,4691,2.00,1517,20.00,2291,20.00,2567,40.00,2366,1.00,1141,24.00,3735,1.00,1359,21.00,1398,20.00,1623,20.00,1720,20.00,1558,3.00,1588,3.00,893,-4.00,5,1.21
2609,20.00,2463,20.00,3374,20.00,2038,20.00,1628,20.00,1658,4.00,2894,-2.00,5861,6.00,4691,1.00,1517,20.00,2291,20.00,2567,40.00,2366,0.00,1141,24.00,3735,1.00,1359,21.00,1399,20.00,1622,20.00,1720,20.00,1559,5.00,1588,-2.00,894,-4.00,5,1.21
2645,20.00,2463,20.00,3374,21.00,2038,20.00,1628,20.00,1658,4.00,2894,-2.00,5861,5.00,4691,0.00,1517,20.00,2291,20.00,2567,40.00,2366,0.00,1141,24.00,3735,1.00,1359,20.00,1399,21.00,1623,20.00,1720,20.00,1558,2.00,1588,3.00,893,-3.00,5,1.05
2681,20.00,2463,20.00,3374,19.00,2038,20.00,1628,20.00,1658,4.00,2894,-2.00,5861,6.00,4691,0.00,1517,20.00,2291,21.00,2567,40.00,2366,0.00,1141,24.00,3735,0.00,1359,20.00,1399,19.00,1623,20.00,1720,20.00,1558,2.00,1588,6.00,894,-5.00,5,1.45
2716,20.00,2463,20.00,3374,20.00,2038,20.00,1628,20.00,1658,4.00,2894,-3.00,5861,5.00,4691,1.00,1517,20.00,2291,19.00,2567,40.00,2366,1.00,1141,23.00,3735,1.00,1359,20.00,1399,19.00,1622,20.00,1720,20.00,1558,2.00,1588,0.00,893,-3.00,5,1.29
2752,20.00,2463,20.00,3374,20.00,2038,20.00,1628,20.00,1658,3.00,2894,-2.00,5861,5.00,4691,2.00,1517,20.00,2291,20.00,2567,40.00,2366,1.00,1141,25.00,3735,0.00,1359,20.00,1399,20.00,1623,20.00,1721,20.00,1558,2.00,1588,-1.00,893,-4.00,5,1.29
2788,21.00,2463,20.00,3374,20.00,2038,19.00,1628,20.00,1658,5.00,2894,-1.00,5861,6.00,4691,1.00,1517,20.00,2291,20.00,2567,40.00,2366,2.00,1141,24.00,3735,2.00,1359,20.00,1399,20.00,1623,20.00,1720,20.00,1559,4.00,1588,2.00,894,-8.00,5,1.37
2824,20.00,2463,20.00,3374,20.00,2038,20.00,1628,20.00,1658,3.00,2894,-2.00,5861,5.00,4691,2.00,1517,20.00,2291,20.00,2567,41.00,2366,1.00,1141,23.00,3735,0.00,1359,20.00,1399,20.00,1623,20.00,1720,22.00,1559,4.00,1588,0.00,893,-5.00,5,1.45
2859,20.00,2463,20.00,3374,20.00,2038,20.00,1628,20.00,1658,4.00,2894,-2.00,5861,4.00,4691,1.00,1517,19.00,2291,19.00,2567,40.00,2366,1.00,1141,24.00,3735,0.00,1359,20.00,1399,20.00,1623,20.00,1720,20.00,1558,4.00,1588,1.00,894,-5.00,5,1.94
2895,21.00,2463,20.00,3374,20.00,2038,19.00,1628,20.00,1658,3.00,2894,-2.00,5861,5.00,4691,1.00,1517,20.00,2290,20.00,2567,40.00,2365,1.00,1141,24.00,3735,0.00,1359,20.00,1399,20.00,1623,20.00,1720,20.00,1559,2.00,1588,-2.00,894,-5.00,5,1.77
2931,20.00,2463,20.00,3374,20.00,2038,21.00,1628,20.00,1658,5.00,2894,-1.00,5861,5.00,4691,1.00,1517,20.00,2290,20.00,2567,41.00,2366,0.00,1141,24.00,3735,0.00,1359,20.00,1399,20.00,1623,20.00,1720,20.00,1559,4.00,1588,-1.00,894,-6.00,5,1.61
2966,19.00,2463,19.00,3374,20.00,2038,20.00,1628,19.00,1659,5.00,2894,-2.00,5861,5.00,4691,1.00,1517,20.00,2290,19.00,2567,40.00,2365,0.00,1141,24.00,3735,2.00,1359,20.00,1399,19.00,1623,20.00,1721,21.00,1559,5.00,1588,4.00,893,-5.00,5,1.69
3002,20.00,2463,19.00,3377,20.00,2038,20.00,1628,20.00,1659,4.00,2894,-2.00,5861,5.00,4691,1.00,1517,20.00,2290,20.00,2567,39.00,2365,1.00,1141,25.00,3735,2.00,1359,20.00,1399,20.00,1623,20.00,1720,20.00,1558,3.00,1588,2.00,894,-4.00,4,1.94
3038,20.00,2463,19.00,3382,19.00,2038,20.00,1628,19.00,1662,4.00,2894,-2.00,5861,5.00,4691,2.00,1517,20.00,2290,19.00,2567,40.00,2365,2.00,1141,24.00,3735,0.00,1359,20.00,1400,18.00,1626,20.00,1720,20.00,1558,4.00,1588,-1.00,894,-2.00,5,1.77
3074,20.00,2464,20.00,3389,20.00,2039,19.00,1633,18.00,1671,4.00,2894,-2.00,5861,6.00,4691,1.00,1517,20.00,2290,20.00,2567,40.00,2365,0.00,1141,24.00,3735,2.00,1359,19.00,1402,17.00,1636,20.00,1720,20.00,1558,3.00,1588,5.00,894,5.00,4,1.85
3109,20.00,2468,19.00,3397,20.00,2039,19.00,1640,20.00,1681,4.00,2894,-1.00,5861,4.00,4691,1.00,1517,20.00,2290,20.00,2567,40.00,2365,1.00,1141,24.00,3735,2.00,1359,20.00,1406,20.00,1649,20.00,1720,21.00,1558,4.00,1588,0.00,894,-2.00,5,1.77
3145,20.00,2473,19.00,3404,19.00,2044,19.00,1648,21.00,1692,4.00,2894,-2.00,5861,5.00,4691,0.00,1517,20.00,2290,20.00,2567,40.00,2365,2.00,1141,24.00,3735,0.00,1359,20.00,1413,21.00,1663,20.00,1720,20.00,1558,5.00,1588,0.00,893,-6.00,5,1.85
3181,20.00,2479,18.00,3412,20.00,2051,20.00,1656,19.00,1703,3.00,2894,-1.00,5861,5.00,4691,0.00,1517,20.00,2290,20.00,2567,40.00,2365,0.00,1141,24.00,3735,0.00,1359,20.00,1419,19.00,1680,21.00,1720,20.00,1558,3.00,1588,-1.00,894,-4.00,5,1.77
3216,20.00,2486,23.00,3419,19.00,2060,21.00,1666,19.00,1714,3.00,2894,-2.00,5861,6.00,4691,1.00,1517,20.00,2290,19.00,2567,40.00,2365,2.00,1141,24.00,3735,0.00,1359,20.00,1424,21.00,1697,20.00,1720,20.00,1558,2.00,1588,-1.00,894,-4.00,4,1.85
3252,20.00,2493,20.00,3427,20.00,2069,21.00,1675,21.00,1726,4.00,2894,-2.00,5861,5.00,4691,2.00,1517,20.00,2290,20.00,2567,41.00,2365,0.00,1141,24.00,3735,1.00,1359,20.00,1428,20.00,1713,20.00,1720,20.00,1558,1.00,1588,-2.00,894,-8.00,5,1.69
3288,20.00,2499,20.00,3435,20.00,2077,20.00,1685,20.00,1735,4.00,2894,-1.00,5861,4.00,4691,1.00,1517,21.00,2290,20.00,2567,40.00,2365,2.00,1141,24.00,3735,1.00,1359,20.00,1432,22.00,1729,20.00,1720,21.00,1559,2.00,1588,0.00,894,-6.00,5,1.69
3324,21.00,2505,21.00,3443,20.00,2084,20.00,1694,21.00,1743,4.00,2894,-2.00,5861,6.00,4691,1.00,1517,20.00,2290,20.00,2567,40.00,2365,0.00,1141,24.00,3735,1.00,1359,20.00,1436,19.00,1744,21.00,1720,20.00,1558,3.00,1588,0.00,894,-4.00,5,1.77
3360,20.00,2510,21.00,3449,21.00,2089,20.00,1703,20.00,1751,5.00,2894,-2.00,5861,5.00,4691,1.00,1517,20.00,2290,20.00,2567,40.00,2365,1.00,1141,24.00,3735,1.00,1359,21.00,1439,18.00,1757,20.00,1720,21.00,1558,2.00,1588,0.00,893,-4.00,4,1.94
3395,20.00,2516,21.00,3456,21.00,2094,20.00,1711,20.00,1758,4.00,2894,-1.00,5861,6.00,4691,1.00,1517,20.00,2290,20.00,2567,40.00,2365,1.00,1141,24.00,3735,1.00,1359,20.00,1443,21.00,1769,20.00,1720,20.00,1558,4.00,1588,0.00,894,-6.00,5,2.26
3431,20.00,2521,20.00,3461,20.00,2099,20.00,1719,20.00,1764,4.00,2894,-1.00,5861,6.00,4691,1.00,1517,20.00,2290,20.00,2567,40.00,2365,1.00,1141,24.00,3735,1.00,1359,19.00,1447,19.00,1780,20.00,1720,20.00,1558,3.00,1588,0.00,894,-5.00,5,1.85
3467,20.00,2525,21.00,3467,20.00,2104,20.00,1725,22.00,1770,4.00,2894,-2.00,5861,6.00,4691,0.00,1517,20.00,2290,20.00,2567,40.00,2365,0.00,1141,24.00,3735,2.00,1359,20.00,1450,20.00,1791,21.00,1720,20.00,1558,1.00,1588,-1.00,894,-5.00,5,2.10
3502,20.00,2529,18.00,3473,20.00,2109,20.00,1731,20.00,1776,4.00,2894,-2.00,5861,5.00,4691,0.00,1517,20.00,2290,20.00,2567,40.00,2365,2.00,1141,24.00,3735,0.00,1359,21.00,1454,21.00,1801,20.00,1720,21.00,1559,4.00,1588,0.00,894,-5.00,5,1.85
3538,19.00,2534,19.00,3478,20.00,2113,20.00,1736,20.00,1781,4.00,2894,-1.00,5861,5.00,4691,2.00,1517,20.00,2289,20.00,2567,40.00,2365,2.00,1141,24.00,3735,2.00,1359,20.00,1457,20.00,1808,20.00,1720,20.00,1558,3.00,1588,0.00,894,-4.00,4,2.10
3574,21.00,2538,20.00,3483,19.00,2119,20.00,1742,20.00,1786,4.00,2894,-3.00,5861,5.00,4691,2.00,1517,20.00,2290,20.00,2567,40.00,2364,0.00,1141,24.00,3735,1.00,1359,20.00,1460,20.00,1816,20.00,1720,20.00,1558,3.00,1588,0.00,894,-1.00,5,2.26
3610,20.00,2542,21.00,3487,20.00,2123,20.00,1747,20.00,1790,4.00,2894,-2.00,5861,6.00,4691,2.00,1517,20.00,2289,20.00,2567,40.00,2364,0.00,1141,24.00,3735,1.00,1359,20.00,1462,20.00,1823,20.00,1720,21.00,1559,3.00,1588,-1.00,893,-6.00,5,1.94
3646,20.00,2547,20.00,3492,20.00,2127,20.00,1752,20.00,1795,5.00,2894,-1.00,5861,5.00,4691,0.00,1517,20.00,2289,20.00,2567,40.00,2364,1.00,1141,20.00,3736,1.00,1359,21.00,1462,21.00,1829,21.00,1720,20.00,1558,4.00,1588,-1.00,894,-6.00,5,2.02
3681,20.00,2550,20.00,3496,21.00,2130,20.00,1755,20.00,1799,5.00,2894,-2.00,5861,5.00,4691,1.00,1517,20.00,2289,20.00,2567,40.00,2364,1.00,1141,23.00,3736,0.00,1359,20.00,1463,20.00,1834,20.00,1720,20.00,1558,3.00,1588,0.00,894,-4.00,5,2.26
3717,20.00,2552,20.00,3499,21.00,2132,20.00,1758,20.00,1803,4.00,2894,-2.00,5861,4.00,4691,2.00,1517,20.00,2289,20.00,2567,40.00,2364,1.00,1141,23.00,3736,1.00,1359,19.00,1464,22.00,1837,20.00,1720,20.00,1559,4.00,1588,0.00,894,-5.00,4,2.26
3753,20.00,2555,21.00,3500,20.00,2132,19.00,1761,20.00,1806,4.00,2894,-2.00,5861,4.00,4691,1.00,1517,20.00,2289,20.00,2567,40.00,2364,1.00,1141,23.00,3737,1.00,1359,19.00,1467,20.00,1841,20.00,1720,19.00,1559,2.00,1588,0.00,894,-6.00,5,2.02
3788,19.00,2557,20.00,3500,20.00,2132,20.00,1763,20.00,1808,4.00,2894,-3.00,5861,5.00,4691,0.00,1517,20.00,2289,20.00,2567,40.00,2364,0.00,1141,21.00,3737,1.00,1359,19.00,1469,20.00,1844,20.00,1720,20.00,1558,5.00,1588,0.00,894,-4.00,5,2.26
3824,20.00,2557,20.00,3502,20.00,2133,20.00,1765,21.00,1809,4.00,2894,-3.00,5861,5.00,4691,2.00,1517,22.00,2289,21.00,2567,40.00,2364,1.00,1141,21.00,3737,0.00,1359,19.00,1471,20.00,1847,20.00,1720,20.00,1558,1.00,1588,0.00,893,-5.00,5,2.34
3860,21.00,2557,19.00,3505,20.00,2134,21.00,1767,20.00,1809,4.00,2894,-3.00,5861,5.00,4691,1.00,1517,20.00,2289,20.00,2567,40.00,2364,2.00,1141,22.00,3737,0.00,1359,20.00,1472,19.00,1851,19.00,1720,20.00,1558,4.00,1588,0.00,894,-5.00,5,2.34
3896,21.00,2557,19.00,3509,20.00,2137,20.00,1770,20.00,1809,4.00,2894,-1.00,5861,5.00,4691,1.00,1517,20.00,2289,20.00,2567,40.00,2364,1.00,1141,21.00,3737,2.00,1359,20.00,1472,20.00,1853,21.00,1720,20.00,1559,3.00,1588,0.00,894,-4.00,5,2.58
3932,19.00,2558,20.00,3511,19.00,2141,20.00,1772,20.00,1809,5.00,2895,-2.00,5861,4.00,4691,1.00,1517,20.00,2289,20.00,2567,40.00,2364,0.00,1141,23.00,3737,3.00,1359,20.00,1473,21.00,1857,20.00,1720,20.00,1558,5.00,1588,0.00,894,4.00,5,2.34
3967,20.00,2560,18.00,3514,20.00,2144,19.00,1775,20.00,1809,5.00,2894,-2.00,5861,5.00,4691,0.00,1517,19.00,2289,20.00,2567,40.00,2364,2.00,1141,22.00,3737,1.00,1359,21.00,1476,20.00,1860,20.00,1719,20.00,1558,2.00,1588,-4.00,894,-6.00,5,2.66
4003,19.00,2563,20.00,3514,20.00,2147,19.00,1777,19.00,1810,4.00,2894,-1.00,5861,5.00,4691,0.00,1517,20.00,2289,20.00,2567,40.00,2364,1.00,1141,22.00,3737,0.00,1359,20.00,1478,19.00,1864,20.00,1720,19.00,1558,5.00,1588,0.00,894,-5.00,5,2.34
4038,20.00,2566,19.00,3515,20.00,2151,20.00,1780,20.00,1811,3.00,2894,-1.00,5861,5.00,4691,1.00,1517,20.00,2289,20.00,2567,40.00,2364,1.00,1141,22.00,3737,3.00,1359,19.00,1482,20.00,1866,20.00,1720,20.00,1558,2.00,1588,6.00,894,-4.00,5,2.58
4074,20.00,2569,19.00,3519,20.00,2153,20.00,1783,18.00,1815,3.00,2894,-2.00,5861,5.00,4691,3.00,1517,19.00,2289,20.00,2567,40.00,2364,1.00,1141,22.00,3737,2.00,1359,20.00,1485,20.00,1870,20.00,1720,20.00,1558,3.00,1588,-3.00,894,-4.00,5,2.58
4110,20.00,2572,20.00,3521,19.00,2156,20.00,1786,20.00,1822,4.00,2894,-2.00,5861,6.00,4691,1.00,1517,20.00,2289,19.00,2567,40.00,2364,0.00,1141,22.00,3737,3.00,1359,20.00,1487,20.00,1875,20.00,1719,20.00,1559,2.00,1588,-1.00,893,-6.00,5,2.66
4146,20.00,2575,20.00,3524,20.00,2159,20.00,1789,20.00,1829,4.00,2894,-1.00,5861,5.00,4691,1.00,1517,20.00,2289,20.00,2567,40.00,2364,1.00,1141,22.00,3737,1.00,1359,20.00,1489,20.00,1879,20.00,1719,20.00,1558,4.00,1588,-1.00,894,-6.00,5,2.66
4181,20.00,2578,20.00,3527,20.00,2162,20.00,1794,20.00,1834,5.00,2894,-2.00,5861,4.00,4691,0.00,1517,20.00,2289,20.00,2567,40.00,2364,0.00,1141,21.00,3737,1.00,1359,21.00,1490,19.00,1883,20.00,1719,20.00,1558,4.00,1588,0.00,894,-5.00,4,2.58
4217,21.00,2580,21.00,3531,20.00,2164,20.00,1798,20.00,1839,5.00,2894,-2.00,5861,5.00,4691,2.00,1517,20.00,2289,20.00,2567,40.00,2364,1.00,1141,22.00,3737,1.00,1359,20.00,1491,20.00,1888,21.00,1719,20.00,1558,4.00,1588,-1.00,894,-5.00,5,2.90
4253,20.00,2582,20.00,3534,19.00,2166,20.00,1802,19.00,1843,4.00,2894,-2.00,5861,4.00,4691,0.00,1517,20.00,2289,20.00,2567,40.00,2364,1.00,1141,22.00,3737,0.00,1359,20.00,1490,19.00,1892,20.00,1719,20.00,1558,3.00,1588,0.00,894,-9.00,4,2.58
4289,21.00,2584,20.00,3538,20.00,2166,20.00,1806,20.00,1846,4.00,2894,-1.00,5861,6.00,4691,2.00,1517,20.00,2289,20.00,2567,40.00,2364,1.00,1141,21.00,3737,1.00,1359,20.00,1491,19.00,1896,20.00,1719,21.00,1559,4.00,1588,0.00,894,-7.00,5,2.82
4324,20.00,2584,21.00,3540,20.00,2166,20.00,1809,20.00,1848,5.00,2894,-2.00,5861,5.00,4691,0.00,1517,20.00,2289,20.00,2567,40.00,2364,1.00,1141,23.00,3737,0.00,1359,21.00,1491,20.00,1900,20.00,1719,20.00,1558,4.00,1588,0.00,894,-5.00,5,2.74
4360,20.00,2585,21.00,3541,20.00,2166,19.00,1812,20.00,1850,4.00,2894,-2.00,5861,5.00,4691,1.00,1517,20.00,2289,20.00,2567,40.00,2364,1.00,1141,21.00,3737,0.00,1359,20.00,1491,21.00,1903,20.00,1719,20.00,1558,4.00,1588,0.00,894,-5.00,5,2.58
4396,20.00,2587,20.00,3541,20.00,2166,20.00,1812,21.00,1852,5.00,2894,-3.00,5861,4.00,4691,3.00,1517,20.00,2289,20.00,2567,40.00,2364,0.00,1141,22.00,3737,2.00,1359,20.00,1491,19.00,1906,20.00,1719,20.00,1558,3.00,1588,0.00,894,-6.00,5,2.82
4431,20.00,2588,20.00,3541,20.00,2166,20.00,1812,20.00,1852,4.00,2894,-2.00,5861,5.00,4691,2.00,1517,20.00,2289,20.00,2567,40.00,2364,2.00,1141,22.00,3737,1.00,1359,20.00,1490,23.00,1907,20.00,1719,20.00,1559,1.00,1588,-1.00,894,-7.00,4,2.98
4467,20.00,2588,20.00,3541,20.00,2167,20.00,1812,20.00,1852,3.00,2894,-3.00,5861,5.00,4691,3.00,1517,19.00,2289,20.00,2567,41.00,2364,1.00,1141,21.00,3737,3.00,1359,20.00,1491,20.00,1907,20.00,1719,20.00,1558,3.00,1588,-1.00,894,-6.00,4,2.74
4503,21.00,2589,20.00,3541,21.00,2167,19.00,1812,20.00,1852,4.00,2894,-3.00,5861,5.00,4691,1.00,1517,20.00,2289,21.00,2567,39.00,2364,1.00,1141,23.00,3737,0.00,1359,20.00,1490,20.00,1907,20.00,1719,20.00,1558,4.00,1588,0.00,894,-8.00,4,2.98
4539,20.00,2589,20.00,3541,20.00,2167,19.00,1812,20.00,1852,4.00,2894,-2.00,5861,5.00,4691,2.00,1517,19.00,2289,20.00,2567,40.00,2364,2.00,1141,22.00,3737,1.00,1359,20.00,1491,20.00,1907,21.00,1719,20.00,1558,5.00,1588,0.00,894,7.00,4,3.06
4575,19.00,2589,20.00,3541,19.00,2167,20.00,1812,20.00,1852,4.00,2894,-2.00,5861,5.00,4691,2.00,1517,20.00,2289,20.00,2567,41.00,2364,2.00,1141,22.00,3737,1.00,1359,21.00,1491,20.00,1907,19.00,1719,20.00,1558,2.00,1588,0.00,894,-7.00,4,2.98
4610,21.00,2589,19.00,3541,21.00,2167,20.00,1813,20.00,1852,4.00,2894,-2.00,5861,6.00,4691,2.00,1517,20.00,2289,20.00,2567,40.00,2364,1.00,1141,22.00,3737,2.00,1359,20.00,1491,20.00,1907,20.00,1719,20.00,1558,4.00,1588,0.00,893,-6.00,4,3.15
4646,21.00,2588,20.00,3541,20.00,2166,20.00,1817,20.00,1852,4.00,2894,-3.00,5861,5.00,4691,3.00,1517,20.00,2289,20.00,2567,40.00,2364,1.00,1141,22.00,3737,0.00,1359,19.00,1491,20.00,1907,21.00,1719,20.00,1558,3.00,1588,2.00,894,-6.00,4,3.15
4682,20.00,2589,20.00,3541,21.00,2167,19.00,1820,20.00,1852,4.00,2894,-3.00,5861,5.00,4691,0.00,1517,20.00,2289,20.00,2566,40.00,2364,1.00,1141,22.00,3737,0.00,1359,20.00,1491,20.00,1907,20.00,1719,20.00,1558,3.00,1588,0.00,894,-8.00,4,2.98
4718,20.00,2589,20.00,3541,20.00,2167,21.00,1822,20.00,1852,4.00,2894,-1.00,5861,5.00,4691,1.00,1517,20.00,2289,20.00,2566,40.00,2364,2.00,1141,23.00,3737,3.00,1359,20.00,1491,20.00,1907,20.00,1719,20.00,1558,2.00,1588,0.00,894,-4.00,4,3.55
4753,20.00,2589,19.00,3541,20.00,2167,20.00,1824,19.00,1853,5.00,2894,-3.00,5861,5.00,4691,1.00,1517,19.00,2289,20.00,2567,40.00,2364,2.00,1141,22.00,3737,0.00,1359,20.00,1491,20.00,1907,21.00,1719,20.00,1559,3.00,1588,0.00,894,-2.00,4,3.15
4789,20.00,2589,20.00,3541,20.00,2167,20.00,1826,20.00,1857,4.00,2894,-3.00,5861,4.00,4691,2.00,1517,20.00,2289,20.00,2566,40.00,2363,1.00,1141,22.00,3737,2.00,1359,20.00,1491,20.00,1907,20.00,1719,21.00,1558,3.00,1588,0.00,894,-2.00,4,3.23
4825,20.00,2589,20.00,3541,20.00,2167,20.00,1826,20.00,1862,3.00,2894,-1.00,5861,5.00,4691,2.00,1517,20.00,2289,20.00,2567,40.00,2364,0.00,1141,22.00,3737,0.00,1359,20.00,1491,20.00,1907,20.00,1719,20.00,1558,3.00,1588,0.00,894,-7.00,4,3.23
4861,20.00,2589,20.00,3541,20.00,2167,20.00,1826,20.00,1866,4.00,2894,-3.00,5861,6.00,4691,1.00,1517,20.00,2289,20.00,2566,40.00,2363,1.00,1141,22.00,3737,0.00,1359,20.00,1491,20.00,1907,20.00,1719,20.00,1558,2.00,1588,0.00,893,-8.00,4,3.15
4897,20.00,2589,20.00,3541,20.00,2167,20.00,1826,20.00,1870,4.00,2894,-2.00,5861,6.00,4691,0.00,1517,20.00,2289,20.00,2566,40.00,2364,1.00,1141,23.00,3737,3.00,1359,20.00,1491,20.00,1908,21.00,1719,20.00,1558,2.00,1588,0.00,894,-9.00,4,3.23
4932,19.00,2589,19.00,3543,20.00,2167,20.00,1827,20.00,1870,4.00,2894,-2.00,5861,6.00,4691,1.00,1517,20.00,2289,20.00,2566,40.00,2363,1.00,1141,23.00,3737,2.00,1359,19.00,1493,18.00,1912,20.00,1719,20.00,1558,4.00,1588,0.00,894,8.00,4,3.23
4968,21.00,2589,20.00,3548,20.00,2167,19.00,1827,21.00,1871,4.00,2894,-2.00,5861,4.00,4691,2.00,1517,20.00,2289,19.00,2566,40.00,2363,2.00,1141,23.00,3737,2.00,1359,20.00,1497,20.00,1919,20.00,1719,20.00,1558,5.00,1588,-1.00,894,-5.00,4,3.06
5004,20.00,2589,20.00,3554,20.00,2167,20.00,1828,20.00,1871,4.00,2894,-3.00,5861,5.00,4691,1.00,1517,20.00,2289,20.00,2566,40.00,2363,0.00,1141,22.00,3737,0.00,1359,20.00,1502,20.00,1928,20.00,1719,20.00,1558,2.00,1588,-1.00,894,1.00,4,3.31
5040,21.00,2589,20.00,3558,21.00,2167,19.00,1832,20.00,1871,5.00,2894,-2.00,5861,5.00,4691,2.00,1517,20.00,2289,20.00,2566,40.00,2363,0.00,1141,22.00,3737,1.00,1359,21.00,1507,19.00,1937,20.00,1719,21.00,1558,4.00,1588,0.00,894,-3.00,4,2.82
5076,20.00,2589,20.00,3562,20.00,2167,20.00,1836,20.00,1871,5.00,2894,-1.00,5861,4.00,4691,0.00,1517,20.00,2289,20.00,2566,40.00,2363,2.00,1141,22.00,3737,1.00,1359,20.00,1510,21.00,1944,20.00,1719,21.00,1559,2.00,1588,0.00,894,-2.00,4,2.74
5112,20.00,2589,22.00,3566,20.00,2167,20.00,1840,19.00,1873,0.00,2894,-1.00,5861,5.00,4691,1.00,1517,20.00,2289,20.00,2566,40.00,2363,4.00,1141,22.00,3737,0.00,1359,20.00,1514,20.00,1950,20.00,1719,20.00,1558,4.00,1588,0.00,894,4.00,4,3.47
5147,20.00,2589,21.00,3569,19.00,2167,20.00,1844,20.00,1879,5.00,2894,-3.00,5861,5.00,4691,2.00,1517,20.00,2289,20.00,2566,40.00,2363,2.00,1141,18.00,3737,0.00,1359,20.00,1514,20.00,1955,20.00,1718,19.00,1558,4.00,1588,0.00,894,-1.00,4,3.47
5183,20.00,2589,21.00,3571,20.00,2167,20.00,1848,20.00,1886,4.00,2894,-2.00,5861,5.00,4691,0.00,1517,20.00,2289,20.00,2566,40.00,2363,0.00,1141,22.00,3737,1.00,1359,20.00,1514,20.00,1960,20.00,1718,20.00,1558,2.00,1588,0.00,894,-5.00,4,3.31
5219,20.00,2589,19.00,3576,20.00,2167,21.00,1852,19.00,1892,4.00,2894,-3.00,5861,5.00,4691,0.00,1517,20.00,2289,20.00,2566,40.00,2363,1.00,1141,21.00,3738,0.00,1359,20.00,1514,19.00,1964,20.00,1718,20.00,1558,2.00,1588,-1.00,894,-10.00,4,3.23
5255,20.00,2589,19.00,3580,20.00,2167,20.00,1855,20.00,1897,4.00,2894,-2.00,5861,5.00,4691,1.00,1517,20.00,2289,20.00,2566,40.00,2363,1.00,1141,23.00,3737,1.00,1359,19.00,1515,20.00,1968,20.00,1718,20.00,1558,2.00,1588,-1.00,894,-3.00,4,3.39
5290,20.00,2589,20.00,3585,20.00,2167,21.00,1859,20.00,1902,4.00,2894,-2.00,5861,5.00,4691,1.00,1517,20.00,2289,20.00,2566,40.00,2363,1.00,1141,16.00,3738,1.00,1359,20.00,1518,19.00,1972,20.00,1718,20.00,1558,3.00,1588,-1.00,894,-3.00,4,3.31
5326,20.00,2589,21.00,3589,20.00,2167,20.00,1861,20.00,1906,5.00,2894,-2.00,5861,6.00,4691,2.00,1517,20.00,2289,20.00,2566,40.00,2363,2.00,1141,20.00,3738,0.00,1359,20.00,1521,21.00,1977,20.00,1718,20.00,1558,-3.00,1588,0.00,894,-2.00,5,3.39
5362,19.00,2589,20.00,3592,20.00,2167,20.00,1863,21.00,1909,4.00,2894,-2.00,5861,4.00,4691,1.00,1517,20.00,2289,20.00,2566,40.00,2363,-1.00,1141,21.00,3738,0.00,1359,20.00,1523,19.00,1981,20.00,1718,20.00,1558,-2.00,1588,0.00,894,-5.00,4,3.63
5397,20.00,2589,21.00,3595,20.00,2167,21.00,1864,20.00,1912,3.00,2894,-2.00,5861,5.00,4691,1.00,1517,20.00,2289,20.00,2566,40.00,2363,0.00,1141,21.00,3739,1.00,1359,21.00,1526,20.00,1985,19.00,1718,20.00,1558,7.00,1587,0.00,894,-5.00,5,3.47
5433,19.00,2589,20.00,3598,20.00,2167,20.00,1865,22.00,1913,5.00,2894,-2.00,5861,5.00,4691,1.00,1517,20.00,2289,20.00,2566,40.00,2363,0.00,1141,20.00,3739,0.00,1359,21.00,1527,21.00,1988,19.00,1718,20.00,1558,-1.00,1587,0.00,894,3.00,4,3.23
5469,19.00,2589,23.00,3599,20.00,2167,19.00,1868,20.00,1913,4.00,2894,-2.00,5861,4.00,4691,1.00,1517,20.00,2289,21.00,2566,40.00,2363,1.00,1141,20.00,3739,1.00,1359,21.00,1527,20.00,1991,20.00,1718,20.00,1558,5.00,1587,0.00,894,-2.00,4,3.39
5505,21.00,2589,21.00,3599,20.00,2167,20.00,1869,20.00,1913,4.00,2894,-2.00,5861,5.00,4691,0.00,1517,20.00,2289,20.00,2566,40.00,2363,2.00,1141,20.00,3739,0.00,1359,20.00,1528,21.00,1991,20.00,1718,20.00,1558,3.00,1587,-1.00,894,0.00,5,3.47
5540,21.00,2589,20.00,3599,20.00,2167,20.00,1869,20.00,1913,4.00,2894,-2.00,5861,5.00,4691,1.00,1517,20.00,2289,20.00,2566,40.00,2363,1.00,1141,19.00,3739,1.00,1359,20.00,1528,20.00,1991,20.00,1718,19.00,1558,4.00,1587,0.00,894,-9.00,4,3.39
5576,19.00,2589,20.00,3599,20.00,2167,20.00,1869,20.00,1913,4.00,2894,-3.00,5861,4.00,4691,0.00,1517,20.00,2289,20.00,2566,40.00,2363,2.00,1141,21.00,3739,1.00,1359,20.00,1530,20.00,1991,20.00,1718,20.00,1558,4.00,1587,0.00,894,-3.00,4,3.63
5612,20.00,2589,20.00,3599,20.00,2167,20.00,1869,19.00,1913,5.00,2894,-1.00,5861,4.00,4691,0.00,1517,20.00,2289,20.00,2566,40.00,2363,1.00,1141,20.00,3739,2.00,1359,20.00,1531,21.00,1991,21.00,1718,20.00,1558,2.00,1587,0.00,894,0.00,5,3.55
5648,20.00,2589,20.00,3599,20.00,2167,20.00,1869,20.00,1913,4.00,2894,-1.00,5861,5.00,4691,2.00,1517,20.00,2289,20.00,2566,41.00,2363,1.00,1141,20.00,3739,0.00,1359,23.00,1532,20.00,1991,20.00,1718,20.00,1558,4.00,1587,0.00,894,-3.00,5,3.63
5684,20.00,2589,20.00,3599,20.00,2167,20.00,1869,20.00,1914,4.00,2894,-2.00,5861,5.00,4691,0.00,1517,20.00,2289,20.00,2566,40.00,2363,2.00,1141,20.00,3739,1.00,1359,20.00,1532,20.00,1991,20.00,1718,20.00,1558,2.00,1587,0.00,894,-2.00,4,3.63
5719,20.00,2589,20.00,3599,20.00,2167,20.00,1869,20.00,1919,4.00,2894,-2.00,5861,6.00,4691,1.00,1517,20.00,2289,21.00,2566,40.00,2362,1.00,1141,21.00,3739,2.00,1359,20.00,1532,20.00,1991,20.00,1718,20.00,1559,5.00,1587,6.00,894,-3.00,4,3.87
5755,19.00,2589,20.00,3599,20.00,2167,20.00,1869,20.00,1925,4.00,2894,-3.00,5861,5.00,4691,2.00,1517,20.00,2289,20.00,2566,40.00,2362,1.00,1141,20.00,3739,1.00,1359,20.00,1532,20.00,1991,20.00,1718,20.00,1558,5.00,1587,0.00,894,-7.00,4,3.71
5791,20.00,2589,20.00,3599,20.00,2167,20.00,1869,20.00,1931,3.00,2894,-2.00,5861,4.00,4691,0.00,1517,20.00,2289,20.00,2566,40.00,2362,1.00,1141,20.00,3739,2.00,1359,21.00,1532,20.00,1992,20.00,1718,20.00,1558,5.00,1587,0.00,894,-3.00,4,3.47
5826,19.00,2589,21.00,3599,20.00,2167,20.00,1869,20.00,1936,3.00,2894,-2.00,5861,6.00,4691,0.00,1517,20.00,2289,20.00,2566,40.00,2362,2.00,1141,20.00,3739,1.00,1359,20.00,1532,21.00,1992,20.00,1718,20.00,1558,4.00,1587,0.00,894,-8.00,4,3.71
5862,19.00,2589,20.00,3599,19.00,2167,20.00,1869,20.00,1939,4.00,2894,-1.00,5861,5.00,4691,1.00,1517,20.00,2289,20.00,2566,40.00,2362,2.00,1141,20.00,3739,1.00,1359,20.00,1532,19.00,1996,21.00,1718,20.00,1558,4.00,1587,0.00,894,-2.00,4,3.47
5898,20.00,2589,20.00,3599,20.00,2167,20.00,1869,22.00,1941,4.00,2894,-3.00,5861,5.00,4691,0.00,1517,21.00,2289,20.00,2566,40.00,2362,0.00,1141,20.00,3739,1.00,1359,21.00,1532,20.00,2002,20.00,1717,20.00,1558,5.00,1587,1.00,894,-3.00,4,3.47
5934,21.00,2589,20.00,3599,20.00,2167,20.00,1869,20.00,1941,3.00,2894,-2.00,5861,5.00,4691,2.00,1517,20.00,2289,20.00,2566,40.00,2362,1.00,1141,20.00,3739,2.00,1359,20.00,1532,20.00,2009,20.00,1718,20.00,1558,5.00,1587,-2.00,894,7.00,4,3.63
5969,21.00,2589,19.00,3599,20.00,2167,20.00,1869,21.00,1941,4.00,2894,-3.00,5861,5.00,4691,0.00,1517,20.00,2289,20.00,2566,40.00,2362,1.00,1141,20.00,3739,0.00,1359,20.00,1532,20.00,2015,19.00,1718,19.00,1558,5.00,1587,0.00,894,-4.00,5,3.55
6005,20.00,2589,20.00,3599,21.00,2167,20.00,1869,20.00,1941,4.00,2894,-1.00,5861,6.00,4691,0.00,1517,20.00,2289,20.00,2566,40.00,2362,1.00,1141,20.00,3739,0.00,1359,20.00,1532,21.00,2019,20.00,1717,21.00,1558,4.00,1587,0.00,894,-3.00,4,3.47
6041,20.00,2589,19.00,3599,20.00,2167,20.00,1869,20.00,1941,5.00,2894,-2.00,5861,5.00,4691,0.00,1517,20.00,2289,20.00,2566,40.00,2362,1.00,1141,20.00,3739,0.00,1359,20.00,1532,20.00,2020,20.00,1717,19.00,1558,3.00,1587,0.00,894,-1.00,4,3.55
6077,20.00,2589,20.00,3599,20.00,2167,20.00,1869,20.00,1941,5.00,2894,-2.00,5861,5.00,4691,0.00,1517,20.00,2289,20.00,2566,40.00,2362,0.00,1141,20.00,3739,2.00,1359,20.00,1533,20.00,2020,20.00,1717,19.00,1558,4.00,1587,-2.00,894,-7.00,4,3.55
6112,20.00,2589,20.00,3599,20.00,2167,21.00,1869,20.00,1941,4.00,2894,-2.00,5861,5.00,4691,1.00,1517,20.00,2289,20.00,2566,40.00,2362,2.00,1141,20.00,3739,1.00,1359,19.00,1536,20.00,2020,20.00,1717,20.00,1558,3.00,1587,0.00,894,-6.00,4,3.55
6148,20.00,2589,19.00,3601,20.00,2167,20.00,1869,20.00,1941,4.00,2894,-2.00,5861,5.00,4691,2.00,1517,20.00,2289,20.00,2566,40.00,2362,0.00,1141,20.00,3739,2.00,1359,21.00,1540,20.00,2020,20.00,1717,20.00,1558,2.00,1587,0.00,894,1.00,4,3.55
6184,20.00,2589,19.00,3604,20.00,2167,20.00,1869,20.00,1941,4.00,2894,-1.00,5861,6.00,4691,1.00,1517,20.00,2289,20.00,2566,40.00,2362,1.00,1141,20.00,3739,0.00,1359,20.00,1544,20.00,2022,20.00,1717,20.00,1558,5.00,1587,0.00,894,-4.00,5,3.55
6220,20.00,2589,21.00,3608,20.00,2167,20.00,1869,20.00,1941,5.00,2894,-2.00,5861,5.00,4691,2.00,1517,19.00,2289,20.00,2566,40.00,2362,1.00,1141,20.00,3739,2.00,1359,21.00,1546,21.00,2025,20.00,1718,21.00,1558,4.00,1587,0.00,894,-2.00,4,3.39
6255,21.00,2589,20.00,3611,19.00,2167,20.00,1869,20.00,1941,4.00,2894,-2.00,5861,5.00,4691,0.00,1517,20.00,2289,20.00,2566,40.00,2362,0.00,1141,20.00,3739,1.00,1359,20.00,1548,21.00,2028,19.00,1717,20.00,1558,5.00,1587,0.00,894,-6.00,4,2.98
6291,20.00,2589,20.00,3612,20.00,2168,20.00,1869,20.00,1941,4.00,2894,-2.00,5861,4.00,4691,0.00,1517,20.00,2289,20.00,2566,40.00,2362,2.00,1141,20.00,3739,1.00,1359,20.00,1549,20.00,2029,20.00,1717,20.00,1558,3.00,1587,0.00,894,-4.00,4,2.98
6327,20.00,2589,22.00,3613,20.00,2168,20.00,1869,20.00,1941,4.00,2894,-2.00,5861,5.00,4691,2.00,1517,20.00,2289,20.00,2566,40.00,2362,1.00,1141,20.00,3739,1.00,1359,20.00,1549,20.00,2029,20.00,1717,20.00,1558,3.00,1587,0.00,894,-10.00,4,3.23
6363,21.00,2589,20.00,3613,20.00,2168,20.00,1869,20.00,1941,4.00,2894,-2.00,5861,6.00,4691,3.00,1517,20.00,2289,20.00,2566,39.00,2362,1.00,1141,21.00,3739,3.00,1359,20.00,1549,20.00,2029,20.00,1717,20.00,1558,5.00,1587,0.00,894,-6.00,5,2.66
6398,21.00,2589,19.00,3613,20.00,2168,20.00,1869,20.00,1941,3.00,2894,-3.00,5861,5.00,4691,1.00,1517,20.00,2289,20.00,2566,40.00,2362,1.00,1141,20.00,3739,0.00,1359,20.00,1549,19.00,2031,20.00,1717,20.00,1558,5.00,1587,0.00,894,-4.00,4,2.98
6434,20.00,2589,20.00,3613,20.00,2168,20.00,1869,20.00,1941,3.00,2894,-2.00,5861,5.00,4691,0.00,1517,20.00,2289,20.00,2566,40.00,2362,2.00,1141,20.00,3739,0.00,1359,20.00,1549,20.00,2033,20.00,1717,20.00,1558,4.00,1587,0.00,894,-1.00,4,2.98
6470,20.00,2589,19.00,3613,20.00,2168,20.00,1869,20.00,1941,4.00,2894,-1.00,5861,5.00,4691,3.00,1517,20.00,2289,20.00,2566,40.00,2362,2.00,1141,21.00,3739,1.00,1359,21.00,1549,21.00,2033,20.00,1717,20.00,1558,4.00,1587,0.00,894,-8.00,4,2.66
6505,19.00,2589,20.00,3613,20.00,2168,20.00,1869,19.00,1942,5.00,2894,-2.00,5861,6.00,4691,0.00,1517,20.00,2289,19.00,2566,40.00,2362,1.00,1141,19.00,3739,0.00,1359,20.00,1549,21.00,2033,21.00,1717,20.00,1558,3.00,1587,0.00,894,-3.00,4,2.66
6541,20.00,2589,20.00,3613,20.00,2168,20.00,1869,20.00,1942,5.00,2894,-1.00,5861,5.00,4691,1.00,1517,20.00,2289,20.00,2566,40.00,2362,1.00,1141,20.00,3739,0.00,1359,20.00,1549,20.00,2033,21.00,1717,20.00,1558,4.00,1587,0.00,894,-2.00,4,2.50
6577,20.00,2589,20.00,3613,20.00,2168,20.00,1869,20.00,1942,4.00,2894,-2.00,5861,5.00,4691,1.00,1517,20.00,2289,20.00,2566,40.00,2362,0.00,1141,20.00,3739,2.00,1359,20.00,1549,20.00,2033,20.00,1717,20.00,1558,5.00,1587,0.00,894,-4.00,4,2.34
6613,20.00,2589,20.00,3613,20.00,2168,20.00,1869,19.00,1944,4.00,2894,-2.00,5861,5.00,4691,2.00,1517,20.00,2289,19.00,2566,40.00,2362,1.00,1141,21.00,3739,2.00,1359,20.00,1549,20.00,2033,20.00,1717,20.00,1559,2.00,1587,-2.00,894,-2.00,4,2.34
6648,20.00,2589,20.00,3613,20.00,2168,19.00,1869,22.00,1945,4.00,2894,-3.00,5861,5.00,4691,1.00,1517,20.00,2289,20.00,2566,39.00,2362,3.00,1141,20.00,3739,1.00,1359,20.00,1549,20.00,2033,20.00,1717,20.00,1558,4.00,1587,-1.00,894,-4.00,4,2.02
6684,20.00,2589,21.00,3613,20.00,2168,20.00,1869,20.00,1946,4.00,2894,-2.00,5861,5.00,4691,0.00,1517,20.00,2289,20.00,2566,40.00,2362,7.00,1141,20.00,3739,1.00,1359,20.00,1549,20.00,2033,20.00,1717,20.00,1558,3.00,1587,0.00,894,-2.00,4,1.94
6720,20.00,2589,20.00,3613,19.00,2168,20.00,1869,20.00,1945,4.00,2894,-3.00,5861,5.00,4691,2.00,1517,20.00,2289,20.00,2566,40.00,2362,1.00,1141,20.00,3739,2.00,1359,20.00,1549,20.00,2033,20.00,1717,20.00,1558,4.00,1587,0.00,894,11.00,4,1.53
6755,18.00,2589,20.00,3613,20.00,2168,20.00,1869,20.00,1945,4.00,2894,-2.00,5861,5.00,4691,3.00,1517,20.00,2289,20.00,2566,40.00,2362,-1.00,1141,19.00,3739,1.00,1359,20.00,1549,20.00,2033,20.00,1717,20.00,1558,2.00,1587,-2.00,894,-4.00,4,1.61
6791,19.00,2589,20.00,3613,20.00,2168,20.00,1869,20.00,1945,4.00,2894,-1.00,5861,5.00,4691,0.00,1517,21.00,2289,20.00,2566,40.00,2362,0.00,1141,20.00,3739,1.00,1359,20.00,1549,20.00,2033,20.00,1717,20.00,1558,2.00,1587,0.00,894,-3.00,4,1.21
6827,21.00,2589,19.00,3613,20.00,2168,20.00,1869,20.00,1945,4.00,2894,-2.00,5861,5.00,4691,1.00,1517,20.00,2289,20.00,2566,40.00,2362,1.00,1141,20.00,3739,3.00,1359,20.00,1549,19.00,2033,21.00,1717,20.00,1558,5.00,1587,-1.00,894,-11.00,4,0.65
6863,20.00,2589,20.00,3613,20.00,2168,20.00,1869,19.00,1945,5.00,2894,-2.00,5861,4.00,4691,2.00,1517,20.00,2289,20.00,2566,40.00,2362,1.00,1141,20.00,3739,1.00,1359,20.00,1549,20.00,2033,19.00,1717,21.00,1558,4.00,1587,0.00,894,-3.00,4,0.89
6898,20.00,2589,20.00,3613,20.00,2168,20.00,1869,20.00,1945,5.00,2894,-2.00,5861,5.00,4691,1.00,1517,20.00,2289,21.00,2566,40.00,2362,2.00,1141,20.00,3739,0.00,1359,20.00,1549,20.00,2033,20.00,1717,20.00,1558,4.00,1587,0.00,894,4.00,4,0.81
6934,20.00,2589,20.00,3613,20.00,2168,20.00,1869,20.00,1945,4.00,2894,-2.00,5861,5.00,4691,1.00,1517,20.00,2289,20.00,2566,40.00,2362,1.00,1141,20.00,3739,2.00,1359,20.00,1549,20.00,2033,20.00,1717,19.00,1558,3.00,1587,-1.00,894,-6.00,4,0.56
6970,21.00,2589,20.00,3613,21.00,2168,20.00,1869,20.00,1945,4.00,2894,-2.00,5861,5.00,4691,1.00,1517,20.00,2289,20.00,2566,40.00,2362,1.00,1141,20.00,3739,1.00,1359,20.00,1549,20.00,2033,21.00,1717,20.00,1558,4.00,1587,0.00,894,0.00,5,0.73
7006,20.00,2588,21.00,3613,20.00,2168,20.00,1869,20.00,1945,4.00,2894,-3.00,5861,5.00,4691,1.00,1517,20.00,2289,19.00,2566,40.00,2362,1.00,1141,20.00,3739,0.00,1359,20.00,1549,20.00,2033,20.00,1717,20.00,1558,4.00,1587,0.00,894,-5.00,5,0.48
7042,20.00,2589,20.00,3613,20.00,2168,20.00,1869,20.00,1945,4.00,2894,-2.00,5861,5.00,4691,1.00,1517,19.00,2289,20.00,2566,40.00,2362,1.00,1141,20.00,3739,2.00,1359,20.00,1549,20.00,2033,20.00,1717,20.00,1559,3.00,1587,0.00,894,-4.00,4,0.40
7078,20.00,2589,20.00,3613,20.00,2168,20.00,1869,21.00,1945,4.00,2894,-2.00,5861,6.00,4691,2.00,1517,19.00,2289,19.00,2566,40.00,2362,2.00,1141,20.00,3739,1.00,1359,20.00,1549,20.00,2033,20.00,1717,20.00,1558,4.00,1587,1.00,894,-4.00,4,0.56
7113,20.00,2589,20.00,3613,20.00,2168,20.00,1869,20.00,1945,5.00,2894,-2.00,5861,5.00,4691,1.00,1517,20.00,2289,20.00,2566,40.00,2362,1.00,1141,19.00,3739,2.00,1359,20.00,1549,21.00,2033,20.00,1717,20.00,1559,3.00,1587,0.00,894,-5.00,5,0.40
7149,20.00,2588,19.00,3613,21.00,2168,20.00,1869,22.00,1945,3.00,2894,-2.00,5861,5.00,4691,2.00,1517,20.00,2289,20.00,2566,40.00,2362,1.00,1141,20.00,3739,0.00,1359,19.00,1549,20.00,2033,19.00,1717,19.00,1559,5.00,1587,0.00,894,-8.00,4,0.40
7185,19.00,2588,20.00,3613,19.00,2168,20.00,1869,20.00,1945,3.00,2894,-2.00,5861,5.00,4691,1.00,1517,20.00,2289,20.00,2566,40.00,2362,1.00,1141,20.00,3739,2.00,1359,20.00,1549,20.00,2033,20.00,1717,20.00,1558,4.00,1587,0.00,894,-3.00,4,0.32
7220,20.00,2589,21.00,3613,20.00,2168,20.00,1869,20.00,1945,3.00,2894,-2.00,5861,5.00,4691,1.00,1517,20.00,2289,20.00,2566,40.00,2362,1.00,1141,20.00,3739,0.00,1359,20.00,1549,20.00,2033,20.00,1717,20.00,1559,4.00,1587,-1.00,894,-1.00,5,0.16
7256,20.00,2589,20.00,3613,20.00,2168,20.00,1869,20.00,1945,3.00,2894,-3.00,5861,5.00,4691,0.00,1517,20.00,2289,20.00,2566,40.00,2363,1.00,1141,20.00,3739,0.00,1359,20.00,1549,20.00,2033,20.00,1717,19.00,1559,4.00,1587,0.00,894,6.00,4,0.16
7292,20.00,2588,20.00,3613,21.00,2168,20.00,1869,20.00,1945,4.00,2894,-1.00,5861,5.00,4691,2.00,1517,21.00,2289,20.00,2566,39.00,2363,1.00,1141,20.00,3739,2.00,1359,20.00,1550,20.00,2033,20.00,1717,20.00,1559,2.00,1587,0.00,894,-8.00,5,0.08
7328,20.00,2589,20.00,3613,20.00,2168,20.00,1869,20.00,1945,3.00,2894,-2.00,5861,5.00,4691,2.00,1517,20.00,2289,19.00,2566,40.00,2363,1.00,1141,21.00,3739,1.00,1359,20.00,1549,19.00,2033,20.00,1717,20.00,1559,3.00,1587,0.00,894,-3.00,4,0.08
7363,20.00,2589,19.00,3612,20.00,2168,20.00,1869,20.00,1945,4.00,2894,-2.00,5861,6.00,4691,0.00,1517,20.00,2289,20.00,2566,40.00,2363,1.00,1141,20.00,3739,2.00,1359,20.00,1549,20.00,2033,20.00,1717,21.00,1559,4.00,1587,0.00,894,5.00,5,0.16
7399,20.00,2589,20.00,3613,21.00,2168,21.00,1869,20.00,1945,3.00,2894,-3.00,5861,5.00,4691,1.00,1517,20.00,2289,20.00,2566,40.00,2363,2.00,1141,20.00,3739,2.00,1359,20.00,1549,20.00,2033,20.00,1717,20.00,1559,4.00,1587,0.00,894,-9.00,4,0.16
7435,20.00,2588,20.00,3613,20.00,2168,20.00,1869,20.00,1945,4.00,2894,-3.00,5861,5.00,4691,0.00,1517,20.00,2289,21.00,2566,40.00,2363,1.00,1141,19.00,3739,1.00,1359,20.00,1549,20.00,2033,20.00,1717,20.00,1559,3.00,1587,0.00,894,-7.00,5,0.08
7471,19.00,2588,20.00,3613,19.00,2168,20.00,1869,21.00,1945,3.00,2894,-2.00,5861,5.00,4691,0.00,1517,20.00,2289,20.00,2566,40.00,2363,2.00,1141,20.00,3739,1.00,1359,20.00,1549,20.00,2033,20.00,1717,20.00,1560,5.00,1587,0.00,894,3.00,5,0.00
7506,21.00,2588,20.00,3612,20.00,2168,20.00,1869,20.00,1945,4.00,2894,-2.00,5861,4.00,4691,1.00,1517,20.00,2289,21.00,2566,40.00,2363,1.00,1141,20.00,3739,1.00,1359,20.00,1549,20.00,2033,20.00,1717,20.00,1563,3.00,1587,-2.00,894,-8.00,4,0.08
7542,20.00,2588,20.00,3613,20.00,2168,20.00,1869,20.00,1945,4.00,2894,-2.00,5861,4.00,4691,2.00,1517,20.00,2289,21.00,2566,41.00,2363,1.00,1141,20.00,3739,0.00,1359,20.00,1549,20.00,2033,21.00,1717,20.00,1567,5.00,1587,0.00,894,-8.00,5,0.16
7578,21.00,2589,20.00,3613,21.00,2168,20.00,1869,20.00,1945,4.00,2894,-2.00,5861,6.00,4691,1.00,1517,20.00,2289,20.00,2566,40.00,2363,1.00,1141,19.00,3739,2.00,1359,20.00,1549,20.00,2033,20.00,1717,20.00,1571,3.00,1587,-1.00,894,-2.00,5,0.08
7614,20.00,2588,21.00,3613,20.00,2168,20.00,1869,20.00,1945,5.00,2894,-2.00,5861,4.00,4691,1.00,1517,19.00,2289,20.00,2566,40.00,2363,1.00,1141,20.00,3739,0.00,1359,20.00,1549,20.00,2033,20.00,1717,21.00,1574,3.00,1587,5.00,894,-5.00,5,0.08
7650,20.00,2588,20.00,3613,20.00,2168,20.00,1869,20.00,1945,4.00,2894,-2.00,5861,5.00,4691,0.00,1517,20.00,2289,21.00,2566,40.00,2363,2.00,1141,20.00,3739,2.00,1359,20.00,1549,20.00,2033,20.00,1717,20.00,1576,4.00,1587,0.00,894,-5.00,5,0.24
7685,20.00,2588,20.00,3613,21.00,2168,21.00,1869,20.00,1945,3.00,2894,-3.00,5861,6.00,4691,1.00,1517,20.00,2289,20.00,2566,41.00,2362,2.00,1141,20.00,3739,1.00,1359,20.00,1549,20.00,2033,20.00,1717,21.00,1577,4.00,1587,-1.00,894,-6.00,5,0.00
7721,20.00,2588,20.00,3613,20.00,2168,20.00,1869,20.00,1945,4.00,2894,-2.00,5861,5.00,4691,2.00,1517,20.00,2289,21.00,2566,39.00,2363,1.00,1141,20.00,3739,0.00,1359,20.00,1549,21.00,2033,20.00,1717,20.00,1577,5.00,1587,0.00,894,-7.00,5,0.00
7757,20.00,2589,20.00,3613,19.00,2168,21.00,1869,20.00,1945,3.00,2894,-2.00,5861,5.00,4691,0.00,1517,20.00,2289,20.00,2566,40.00,2363,0.00,1141,20.00,3739,0.00,1359,20.00,1549,19.00,2033,24.00,1717,20.00,1577,2.00,1587,0.00,894,-2.00,5,0.08
7792,20.00,2589,20.00,3613,20.00,2168,20.00,1869,20.00,1945,4.00,2894,-2.00,5861,5.00,4691,2.00,1517,20.00,2289,20.00,2566,40.00,2363,1.00,1141,20.00,3739,0.00,1359,20.00,1549,20.00,2033,20.00,1717,21.00,1577,5.00,1587,0.00,894,-7.00,5,0.08
7828,20.00,2588,21.00,3613,20.00,2168,20.00,1869,20.00,1945,4.00,2894,-2.00,5861,5.00,4691,2.00,1517,20.00,2289,20.00,2566,40.00,2363,0.00,1141,20.00,3739,0.00,1359,20.00,1549,21.00,2033,20.00,1717,21.00,1577,2.00,1587,0.00,894,-2.00,5,0.08
7864,19.00,2589,20.00,3613,20.00,2168,21.00,1869,20.00,1945,4.00,2894,-2.00,5861,5.00,4691,1.00,1517,20.00,2289,20.00,2566,40.00,2363,3.00,1141,20.00,3739,1.00,1359,20.00,1549,20.00,2033,19.00,1717,20.00,1577,4.00,1587,0.00,894,-5.00,5,0.08
7899,20.00,2588,20.00,3613,20.00,2168,20.00,1869,20.00,1945,4.00,2894,-2.00,5861,5.00,4691,1.00,1517,20.00,2289,20.00,2566,40.00,2363,1.00,1141,20.00,3739,2.00,1359,20.00,1549,20.00,2033,20.00,1717,20.00,1577,5.00,1587,-1.00,894,-5.00,5,0.32
7935,19.00,2588,20.00,3613,20.00,2168,19.00,1869,20.00,1945,5.00,2894,-2.00,5861,5.00,4691,1.00,1517,20.00,2289,20.00,2566,40.00,2363,0.00,1141,20.00,3739,0.00,1359,21.00,1549,20.00,2033,20.00,1717,20.00,1577,5.00,1587,-5.00,894,-7.00,5,0.08
7971,21.00,2588,21.00,3613,20.00,2168,20.00,1869,20.00,1945,4.00,2894,-2.00,5861,5.00,4691,0.00,1517,20.00,2289,20.00,2566,40.00,2363,-2.00,1141,20.00,3739,2.00,1359,20.00,1549,20.00,2033,20.00,1717,20.00,1577,5.00,1587,-1.00,894,-3.00,5,0.00
8007,19.00,2588,20.00,3613,20.00,2168,20.00,1869,20.00,1945,4.00,2894,-2.00,5861,5.00,4691,2.00,1517,20.00,2289,20.00,2566,40.00,2362,1.00,1141,20.00,3739,1.00,1359,20.00,1549,20.00,2033,20.00,1717,20.00,1577,4.00,1587,0.00,894,-4.00,5,0.08
8043,21.00,2588,20.00,3613,20.00,2168,19.00,1869,20.00,1945,4.00,2894,-2.00,5861,5.00,4691,2.00,1517,19.00,2289,20.00,2566,40.00,2363,2.00,1141,20.00,3739,3.00,1359,18.00,1549,20.00,2033,20.00,1717,20.00,1577,5.00,1587,-1.00,894,-6.00,5,0.24
8079,20.00,2588,20.00,3613,21.00,2168,20.00,1869,20.00,1945,5.00,2894,-1.00,5861,5.00,4691,0.00,1517,21.00,2289,20.00,2566,40.00,2363,0.00,1141,20.00,3739,1.00,1359,20.00,1549,20.00,2033,20.00,1717,19.00,1577,4.00,1587,4.00,894,-5.00,5,0.08
8114,18.00,2588,20.00,3613,20.00,2168,20.00,1869,21.00,1945,1.00,2894,-2.00,5861,5.00,4691,1.00,1517,20.00,2289,20.00,2566,40.00,2363,2.00,1141,20.00,3739,3.00,1359,20.00,1549,21.00,2033,20.00,1717,20.00,1577,5.00,1587,-1.00,894,-4.00,5,0.08
8150,19.00,2589,21.00,3613,20.00,2168,19.00,1869,20.00,1945,5.00,2894,-3.00,5861,6.00,4691,0.00,1517,20.00,2289,20.00,2566,40.00,2363,0.00,1141,20.00,3739,0.00,1359,20.00,1549,20.00,2033,20.00,1717,20.00,1577,3.00,1587,0.00,894,-3.00,5,0.00
8186,20.00,2588,20.00,3613,20.00,2168,20.00,1869,20.00,1945,5.00,2894,-2.00,5861,5.00,4691,1.00,1517,20.00,2289,20.00,2566,40.00,2363,-9.00,1141,20.00,3739,1.00,1359,20.00,1549,20.00,2033,20.00,1717,20.00,1577,5.00,1587,0.00,894,-6.00,5,0.16
8222,21.00,2588,20.00,3613,20.00,2168,20.00,1869,20.00,1945,4.00,2894,-2.00,5861,5.00,4691,1.00,1517,20.00,2289,20.00,2566,40.00,2363,3.00,1141,20.00,3739,1.00,1359,20.00,1549,20.00,2033,21.00,1717,20.00,1577,4.00,1587,0.00,894,-3.00,5,0.16
8258,20.00,2588,21.00,3613,21.00,2168,20.00,1869,20.00,1945,5.00,2894,-1.00,5861,5.00,4691,1.00,1517,20.00,2289,20.00,2566,40.00,2363,3.00,1141,20.00,3739,3.00,1359,20.00,1550,20.00,2033,20.00,1717,21.00,1577,5.00,1587,0.00,894,-6.00,5,0.24
8293,20.00,2588,20.00,3613,20.00,2168,20.00,1869,20.00,1945,4.00,2894,-2.00,5861,5.00,4691,2.00,1517,20.00,2289,20.00,2566,40.00,2363,1.00,1141,20.00,3739,0.00,1359,20.00,1549,20.00,2033,20.00,1717,20.00,1577,2.00,1587,1.00,893,-3.00,5,0.16
8329,20.00,2589,20.00,3613,20.00,2168,20.00,1869,20.00,1945,4.00,2894,-2.00,5861,5.00,4691,2.00,1517,20.00,2289,20.00,2566,40.00,2363,0.00,1141,20.00,3739,0.00,1359,20.00,1549,19.00,2033,20.00,1717,20.00,1577,4.00,1587,-2.00,894,-4.00,5,0.40
8365,20.00,2588,20.00,3612,20.00,2168,20.00,1869,20.00,1945,4.00,2894,-2.00,5861,5.00,4691,3.00,1517,20.00,2289,20.00,2566,40.00,2363,2.00,1141,20.00,3739,1.00,1359,20.00,1549,21.00,2033,21.00,1717,20.00,1577,4.00,1587,-1.00,894,-6.00,5,0.08
8401,20.00,2588,20.00,3613,20.00,2168,20.00,1869,20.00,1945,4.00,2894,-2.00,5861,5.00,4691,0.00,1517,20.00,2289,20.00,2566,40.00,2363,0.00,1142,20.00,3739,2.00,1359,20.00,1549,21.00,2033,20.00,1717,19.00,1577,4.00,1587,0.00,894,-5.00,5,0.16
8436,20.00,2588,20.00,3613,20.00,2168,20.00,1869,20.00,1945,4.00,2894,-2.00,5861,5.00,4691,2.00,1517,19.00,2289,20.00,2566,40.00,2363,2.00,1141,20.00,3739,1.00,1359,20.00,1549,20.00,2033,20.00,1717,20.00,1577,4.00,1587,-4.00,894,5.00,5,0.32
8472,20.00,2588,20.00,3613,20.00,2168,20.00,1869,20.00,1945,4.00,2894,-2.00,5861,5.00,4691,1.00,1517,20.00,2289,21.00,2566,40.00,2363,2.00,1141,20.00,3739,0.00,1359,20.00,1549,20.00,2033,20.00,1717,20.00,1577,4.00,1587,0.00,894,-4.00,5,0.08
8508,21.00,2588,20.00,3613,21.00,2168,20.00,1869,20.00,1945,-2.00,2894,-2.00,5861,5.00,4691,2.00,1517,21.00,2289,20.00,2566,40.00,2363,2.00,1141,20.00,3739,1.00,1359,20.00,1549,19.00,2033,21.00,1717,20.00,1577,5.00,1587,1.00,894,-5.00,5,0.24
8544,20.00,2589,20.00,3613,20.00,2168,20.00,1869,20.00,1945,4.00,2894,-2.00,5861,4.00,4691,0.00,1517,20.00,2289,20.00,2566,40.00,2363,0.00,1141,20.00,3739,0.00,1359,20.00,1549,21.00,2033,20.00,1717,21.00,1577,5.00,1587,-1.00,894,-4.00,5,0.00
8579,21.00,2588,20.00,3613,20.00,2168,20.00,1869,20.00,1945,5.00,2894,-3.00,5861,5.00,4691,0.00,1517,20.00,2289,20.00,2566,40.00,2363,2.00,1141,20.00,3739,2.00,1359,20.00,1549,19.00,2033,20.00,1717,20.00,1577,2.00,1587,0.00,894,-4.00,5,0.24
8615,20.00,2588,20.00,3613,20.00,2168,20.00,1869,20.00,1945,4.00,2894,-2.00,5861,4.00,4691,0.00,1517,20.00,2289,20.00,2566,40.00,2363,2.00,1141,20.00,3739,1.00,1359,20.00,1549,20.00,2033,20.00,1717,20.00,1577,5.00,1587,0.00,894,-4.00,5,0.32
8651,20.00,2589,21.00,3612,20.00,2168,19.00,1869,19.00,1945,5.00,2894,-2.00,5861,5.00,4691,1.00,1517,20.00,2289,20.00,2566,40.00,2363,3.00,1141,20.00,3739,0.00,1359,20.00,1550,20.00,2033,20.00,1717,21.00,1577,4.00,1587,-1.00,894,-5.00,5,0.08
8686,20.00,2588,20.00,3613,19.00,2168,20.00,1869,20.00,1945,5.00,2894,-2.00,5861,5.00,4691,1.00,1517,20.00,2289,20.00,2566,40.00,2363,3.00,1141,20.00,3739,2.00,1359,21.00,1549,21.00,2033,21.00,1717,20.00,1577,5.00,1587,0.00,894,-4.00,5,0.08
8722,20.00,2588,20.00,3613,20.00,2168,20.00,1869,20.00,1945,3.00,2894,-2.00,5861,4.00,4691,1.00,1517,20.00,2289,21.00,2566,40.00,2363,1.00,1141,20.00,3739,0.00,1359,20.00,1549,20.00,2033,20.00,1717,20.00,1577,4.00,1587,0.00,894,-4.00,5,0.00
8758,20.00,2588,20.00,3613,20.00,2168,21.00,1869,20.00,1945,4.00,2894,-2.00,5861,5.00,4691,0.00,1517,20.00,2289,20.00,2566,40.00,2363,1.00,1141,20.00,3739,0.00,1359,20.00,1549,20.00,2033,20.00,1717,20.00,1577,4.00,1587,0.00,894,-4.00,5,0.00
8794,20.00,2589,20.00,3613,20.00,2168,20.00,1869,19.00,1945,3.00,2894,-1.00,5861,5.00,4691,1.00,1517,20.00,2289,20.00,2566,39.00,2363,-1.00,1141,20.00,3739,2.00,1359,20.00,1549,20.00,2033,20.00,1717,20.00,1577,4.00,1587,0.00,894,-5.00,5,0.08
8830,20.00,2588,19.00,3612,20.00,2168,20.00,1869,20.00,1945,5.00,2894,-2.00,5861,6.00,4691,1.00,1517,20.00,2289,19.00,2566,40.00,2363,1.00,1141,20.00,3739,0.00,1359,20.00,1549,20.00,2033,20.00,1717,20.00,1577,3.00,1587,0.00,893,-5.00,5,0.00
8865,20.00,2589,19.00,3613,20.00,2168,20.00,1869,20.00,1945,4.00,2894,-1.00,5861,5.00,4691,1.00,1517,20.00,2289,20.00,2566,40.00,2363,1.00,1141,20.00,3739,0.00,1359,20.00,1549,20.00,2033,21.00,1717,20.00,1577,3.00,1587,0.00,894,-4.00,5,0.00
8901,20.00,2588,21.00,3613,20.00,2168,19.00,1869,20.00,1945,4.00,2894,-1.00,5861,5.00,4691,1.00,1517,20.00,2289,20.00,2566,40.00,2363,2.00,1141,20.00,3739,1.00,1359,20.00,1549,20.00,2033,20.00,1717,20.00,1577,5.00,1587,0.00,894,-3.00,5,0.00
8937,20.00,2588,20.00,3613,20.00,2168,20.00,1869,20.00,1945,4.00,2894,-3.00,5861,6.00,4691,0.00,1517,20.00,2289,20.00,2566,40.00,2363,3.00,1141,20.00,3739,0.00,1359,20.00,1550,20.00,2033,20.00,1717,20.00,1577,2.00,1587,-1.00,894,-4.00,5,0.16
8973,20.00,2588,20.00,3613,20.00,2168,20.00,1869,21.00,1945,4.00,2894,-1.00,5861,5.00,4691,1.00,1517,21.00,2289,20.00,2566,40.00,2363,-6.00,1141,20.00,3739,0.00,1359,20.00,1549,20.00,2033,20.00,1717,20.00,1577,5.00,1587,-1.00,894,-5.00,5,0.00
9008,20.00,2588,20.00,3613,19.00,2168,20.00,1869,20.00,1945,4.00,2894,-3.00,5861,5.00,4691,2.00,1517,20.00,2289,20.00,2566,40.00,2363,1.00,1141,20.00,3739,0.00,1359,20.00,1549,20.00,2033,20.00,1717,20.00,1577,2.00,1587,0.00,894,-5.00,5,0.08
9044,20.00,2588,20.00,3613,20.00,2168,20.00,1869,20.00,1945,4.00,2894,-1.00,5861,5.00,4691,1.00,1517,20.00,2289,20.00,2566,40.00,2363,-5.00,1142,20.00,3739,1.00,1359,20.00,1549,20.00,2033,20.00,1717,19.00,1577,5.00,1587,3.00,893,-6.00,5,0.00
9080,20.00,2589,20.00,3613,20.00,2168,20.00,1869,20.00,1945,3.00,2894,-2.00,5861,5.00,4691,0.00,1517,20.00,2289,20.00,2566,40.00,2363,1.00,1141,20.00,3739,1.00,1359,20.00,1549,20.00,2033,20.00,1717,20.00,1577,4.00,1587,0.00,894,-4.00,5,0.16
9116,20.00,2588,20.00,3613,20.00,2168,20.00,1869,20.00,1945,4.00,2894,-1.00,5861,4.00,4691,0.00,1517,20.00,2289,20.00,2566,40.00,2363,3.00,1141,20.00,3739,2.00,1359,20.00,1549,20.00,2033,20.00,1717,20.00,1577,4.00,1587,0.00,894,-4.00,5,0.08
9151,21.00,2589,20.00,3613,20.00,2168,20.00,1869,20.00,1945,4.00,2894,-2.00,5861,5.00,4691,1.00,1517,20.00,2289,20.00,2566,40.00,2363,2.00,1141,20.00,3739,2.00,1359,20.00,1550,20.00,2033,20.00,1717,20.00,1577,5.00,1587,0.00,894,-5.00,5,0.08
9187,20.00,2588,20.00,3613,20.00,2168,20.00,1869,20.00,1945,4.00,2894,-2.00,5861,5.00,4691,0.00,1517,20.00,2289,20.00,2566,40.00,2363,0.00,1141,20.00,3739,1.00,1359,20.00,1549,20.00,2033,20.00,1717,19.00,1577,5.00,1587,2.00,894,-6.00,5,0.00
9223,20.00,2589,20.00,3613,20.00,2168,20.00,1869,20.00,1945,4.00,2894,-1.00,5861,4.00,4691,1.00,1517,20.00,2289,20.00,2566,40.00,2363,0.00,1141,20.00,3739,0.00,1359,20.00,1549,20.00,2033,20.00,1717,20.00,1577,5.00,1587,6.00,894,-4.00,5,0.16
9258,20.00,2588,20.00,3613,21.00,2168,20.00,1869,20.00,1945,4.00,2894,-1.00,5861,4.00,4691,1.00,1517,20.00,2289,20.00,2566,39.00,2363,2.00,1141,20.00,3739,0.00,1359,20.00,1549,20.00,2033,20.00,1717,20.00,1577,3.00,1587,0.00,894,-4.00,5,0.08
9294,20.00,2588,20.00,3612,20.00,2168,20.00,1869,20.00,1945,4.00,2894,-2.00,5861,6.00,4691,1.00,1517,20.00,2289,20.00,2566,40.00,2363,2.00,1141,20.00,3739,1.00,1359,20.00,1549,20.00,2033,20.00,1717,20.00,1577,5.00,1587,0.00,894,-4.00,5,0.08
9330,20.00,2588,20.00,3612,20.00,2168,20.00,1869,20.00,1945,5.00,2894,-3.00,5861,5.00,4691,1.00,1517,20.00,2289,20.00,2566,40.00,2363,0.00,1141,19.00,3739,1.00,1359,20.00,1549,20.00,2033,20.00,1717,20.00,1577,3.00,1587,1.00,894,-5.00,5,0.24
9366,20.00,2588,20.00,3613,20.00,2168,20.00,1869,20.00,1945,5.00,2894,-2.00,5861,5.00,4691,1.00,1517,20.00,2289,20.00,2566,40.00,2363,2.00,1141,20.00,3739,1.00,1359,19.00,1549,20.00,2033,20.00,1717,20.00,1577,3.00,1587,5.00,894,-4.00,5,0.00
9401,19.00,2588,20.00,3613,20.00,2168,20.00,1869,20.00,1945,4.00,2894,-2.00,5861,5.00,4691,0.00,1517,20.00,2289,20.00,2566,40.00,2363,1.00,1141,20.00,3739,1.00,1359,20.00,1549,20.00,2033,20.00,1717,20.00,1577,4.00,1587,0.00,894,-5.00,5,0.08
9437,20.00,2589,20.00,3613,20.00,2168,20.00,1869,20.00,1945,4.00,2894,-2.00,5861,5.00,4691,1.00,1517,20.00,2289,20.00,2566,40.00,2363,3.00,1141,20.00,3739,1.00,1359,20.00,1549,20.00,2033,20.00,1717,20.00,1577,2.00,1587,0.00,894,-4.00,5,0.08
9473,20.00,2588,21.00,3613,21.00,2168,20.00,1869,20.00,1945,4.00,2894,-1.00,5861,4.00,4691,2.00,1517,19.00,2289,20.00,2566,40.00,2363,1.00,1141,20.00,3739,1.00,1359,20.00,1549,20.00,2033,19.00,1717,20.00,1577,4.00,1587,0.00,894,-4.00,5,0.00
9509,20.00,2588,20.00,3613,20.00,2168,20.00,1869,20.00,1945,3.00,2894,-2.00,5861,5.00,4691,1.00,1517,21.00,2289,20.00,2566,40.00,2363,1.00,1141,20.00,3739,2.00,1359,20.00,1549,20.00,2033,20.00,1717,20.00,1577,5.00,1587,-5.00,894,-6.00,5,0.32
9545,21.00,2588,20.00,3613,20.00,2168,20.00,1869,19.00,1945,4.00,2894,-2.00,5861,5.00,4691,0.00,1517,20.00,2289,20.00,2566,40.00,2363,2.00,1142,20.00,3739,1.00,1359,20.00,1549,20.00,2033,20.00,1717,20.00,1577,3.00,1587,0.00,894,-3.00,5,0.16
9581,20.00,2588,20.00,3613,20.00,2168,20.00,1869,20.00,1945,4.00,2894,-2.00,5861,4.00,4691,1.00,1517,20.00,2289,20.00,2566,40.00,2363,1.00,1141,20.00,3739,2.00,1359,20.00,1549,20.00,2033,20.00,1717,20.00,1577,3.00,1587,-1.00,894,-5.00,5,0.08
9616,20.00,2588,20.00,3613,20.00,2168,20.00,1869,20.00,1945,4.00,2894,-1.00,5861,5.00,4691,1.00,1517,20.00,2289,19.00,2566,39.00,2363,0.00,1142,20.00,3739,2.00,1359,20.00,1549,20.00,2033,20.00,1717,20.00,1577,4.00,1587,1.00,894,-3.00,5,0.00
9652,20.00,2588,19.00,3613,19.00,2168,20.00,1869,20.00,1945,4.00,2894,-2.00,5861,4.00,4691,2.00,1517,20.00,2289,19.00,2566,40.00,2363,2.00,1141,20.00,3739,2.00,1359,20.00,1549,20.00,2033,20.00,1717,19.00,1577,5.00,1587,0.00,894,-5.00,5,0.24
9688,20.00,2588,20.00,3612,20.00,2168,20.00,1869,20.00,1945,3.00,2894,-2.00,5861,5.00,4691,1.00,1517,20.00,2289,20.00,2566,40.00,2363,-6.00,1141,20.00,3739,2.00,1359,20.00,1549,20.00,2033,19.00,1717,20.00,1577,4.00,1587,-1.00,894,-4.00,5,0.08
9723,20.00,2588,20.00,3613,20.00,2168,20.00,1869,20.00,1945,4.00,2894,-3.00,5861,6.00,4691,1.00,1517,20.00,2289,20.00,2566,40.00,2363,1.00,1141,20.00,3739,1.00,1359,20.00,1549,21.00,2033,20.00,1717,20.00,1577,4.00,1587,0.00,894,-3.00,5,0.08
9759,20.00,2589,20.00,3613,20.00,2168,20.00,1869,19.00,1945,3.00,2894,-2.00,5861,5.00,4691,3.00,1517,20.00,2289,20.00,2566,40.00,2363,2.00,1141,20.00,3739,0.00,1359,20.00,1549,20.00,2033,20.00,1717,20.00,1577,4.00,1587,0.00,894,-3.00,5,0.08
9795,20.00,2588,20.00,3612,20.00,2168,20.00,1869,20.00,1945,3.00,2894,-2.00,5861,5.00,4691,1.00,1517,20.00,2289,20.00,2566,40.00,2363,3.00,1141,20.00,3739,1.00,1359,20.00,1549,20.00,2033,20.00,1717,20.00,1577,5.00,1587,-1.00,894,-2.00,5,0.08
9830,21.00,2589,20.00,3613,20.00,2168,20.00,1869,20.00,1945,4.00,2894,-3.00,5861,4.00,4691,0.00,1517,20.00,2289,19.00,2566,40.00,2363,1.00,1141,20.00,3739,3.00,1359,20.00,1549,20.00,2033,20.00,1717,19.00,1577,5.00,1587,5.00,894,-5.00,5,0.08
9866,21.00,2588,20.00,3613,20.00,2168,20.00,1869,20.00,1945,4.00,2894,-3.00,5861,6.00,4691,0.00,1517,20.00,2289,20.00,2566,40.00,2363,2.00,1141,20.00,3739,1.00,1359,20.00,1549,20.00,2033,20.00,1717,20.00,1577,5.00,1587,7.00,894,-4.00,5,0.40
9902,20.00,2589,20.00,3613,20.00,2168,20.00,1869,20.00,1945,4.00,2894,-2.00,5861,5.00,4691,1.00,1517,20.00,2289,20.00,2566,40.00,2363,2.00,1141,20.00,3739,1.00,1359,19.00,1549,20.00,2033,21.00,1717,20.00,1577,5.00,1587,0.00,894,-3.00,5,0.08
9938,20.00,2588,20.00,3613,21.00,2168,20.00,1869,19.00,1945,4.00,2894,-2.00,5861,4.00,4691,0.00,1517,20.00,2289,20.00,2566,40.00,2363,4.00,1141,20.00,3739,1.00,1359,20.00,1549,20.00,2033,20.00,1717,20.00,1577,3.00,1587,1.00,894,-3.00,5,0.08
9974,20.00,2588,20.00,3613,20.00,2168,20.00,1869,20.00,1945,4.00,2894,-3.00,5861,4.00,4691,1.00,1517,20.00,2289,19.00,2566,40.00,2363,2.00,1141,19.00,3739,0.00,1359,20.00,1550,20.00,2033,20.00,1717,20.00,1577,4.00,1587,1.00,894,-6.00,5,0.08
10009,20.00,2588,19.00,3613,20.00,2168,20.00,1869,20.00,1945,3.00,2894,-1.00,5861,5.00,4691,0.00,1517,20.00,2289,20.00,2566,40.00,2363,2.00,1141,20.00,3739,2.00,1359,20.00,1549,19.00,2033,20.00,1717,20.00,1577,4.00,1587,0.00,894,-3.00,5,0.00
10045,20.00,2588,20.00,3613,20.00,2168,20.00,1869,20.00,1945,5.00,2894,-2.00,5861,5.00,4691,0.00,1517,20.00,2289,20.00,2566,40.00,2363,2.00,1141,21.00,3739,0.00,1359,20.00,1550,20.00,2033,20.00,1717,20.00,1577,4.00,1587,0.00,894,-5.00,5,0.08
10081,20.00,2589,20.00,3613,20.00,2168,21.00,1869,20.00,1945,4.00,2894,-2.00,5861,5.00,4691,1.00,1517,20.00,2289,20.00,2566,40.00,2363,2.00,1142,20.00,3739,2.00,1359,20.00,1549,20.00,2033,20.00,1717,20.00,1577,3.00,1587,-1.00,894,-4.00,5,0.16
10117,20.00,2588,19.00,3613,20.00,2168,19.00,1869,20.00,1945,4.00,2894,-2.00,5861,5.00,4691,1.00,1517,21.00,2289,20.00,2566,40.00,2363,0.00,1141,20.00,3739,1.00,1359,20.00,1549,20.00,2033,19.00,1717,19.00,1577,5.00,1587,-6.00,894,-4.00,5,0.16
10152,20.00,2589,20.00,3613,20.00,2168,20.00,1869,19.00,1945,4.00,2894,-2.00,5861,5.00,4691,0.00,1517,20.00,2289,20.00,2566,40.00,2363,1.00,1141,21.00,3739,0.00,1359,20.00,1549,20.00,2033,20.00,1717,20.00,1577,3.00,1587,0.00,894,-3.00,5,0.08
10188,21.00,2588,20.00,3613,20.00,2168,20.00,1869,21.00,1945,3.00,2894,-2.00,5861,5.00,4691,1.00,1517,20.00,2289,20.00,2566,40.00,2363,2.00,1141,20.00,3739,0.00,1359,20.00,1549,20.00,2033,20.00,1717,20.00,1577,4.00,1587,0.00,894,8.00,5,0.08
10224,20.00,2588,19.00,3613,20.00,2168,20.00,1869,20.00,1945,4.00,2894,-3.00,5861,5.00,4691,0.00,1517,20.00,2289,20.00,2566,40.00,2363,2.00,1141,20.00,3739,1.00,1359,20.00,1550,20.00,2033,20.00,1717,20.00,1577,5.00,1587,-1.00,894,-3.00,5,0.08
10259,20.00,2588,20.00,3613,19.00,2168,20.00,1869,20.00,1945,3.00,2894,-2.00,5861,5.00,4691,3.00,1517,20.00,2289,20.00,2566,40.00,2363,1.00,1141,20.00,3739,2.00,1359,19.00,1549,21.00,2033,20.00,1717,20.00,1577,4.00,1587,-1.00,894,-3.00,5,0.16
10295,20.00,2588,20.00,3613,20.00,2168,20.00,1869,20.00,1945,4.00,2894,-2.00,5861,5.00,4691,0.00,1517,20.00,2289,20.00,2566,40.00,2363,0.00,1141,20.00,3739,1.00,1359,20.00,1549,19.00,2033,20.00,1717,20.00,1578,5.00,1587,0.00,894,-3.00,5,0.08
10331,20.00,2589,20.00,3613,20.00,2168,20.00,1869,20.00,1945,3.00,2894,-2.00,5861,5.00,4691,1.00,1517,20.00,2289,20.00,2566,40.00,2363,0.00,1141,20.00,3739,2.00,1359,19.00,1549,20.00,2033,20.00,1717,20.00,1577,4.00,1587,0.00,894,-3.00,5,0.08
10367,20.00,2588,20.00,3613,20.00,2168,20.00,1869,20.00,1945,4.00,2894,-3.00,5861,6.00,4691,0.00,1517,20.00,2289,20.00,2566,40.00,2363,6.00,1141,20.00,3739,1.00,1359,20.00,1549,21.00,2033,20.00,1717,21.00,1577,5.00,1587,-4.00,894,-4.00,5,0.08
10402,20.00,2588,20.00,3613,21.00,2168,20.00,1869,20.00,1945,4.00,2894,-3.00,5861,5.00,4691,2.00,1517,20.00,2289,19.00,2566,40.00,2363,2.00,1141,20.00,3739,1.00,1359,20.00,1549,19.00,2033,20.00,1717,20.00,1577,4.00,1587,1.00,894,-3.00,5,0.08
10438,20.00,2589,20.00,3613,20.00,2168,20.00,1869,20.00,1945,4.00,2894,-3.00,5861,6.00,4691,1.00,1517,20.00,2289,20.00,2566,40.00,2363,1.00,1141,20.00,3739,1.00,1359,20.00,1549,20.00,2033,20.00,1717,20.00,1577,2.00,1587,0.00,894,-3.00,5,0.00
10474,20.00,2589,19.00,3613,20.00,2168,20.00,1869,20.00,1945,5.00,2895,-2.00,5861,5.00,4691,1.00,1517,20.00,2289,20.00,2566,40.00,2363,-8.00,1141,20.00,3739,1.00,1359,20.00,1549,20.00,2033,20.00,1717,20.00,1578,2.00,1587,0.00,894,-3.00,5,0.16
10509,20.00,2588,20.00,3613,20.00,2168,21.00,1869,20.00,1945,5.00,2894,-2.00,5861,5.00,4691,1.00,1517,20.00,2289,19.00,2566,40.00,2363,-9.00,1142,20.00,3739,1.00,1359,21.00,1549,20.00,2033,20.00,1717,20.00,1577,5.00,1587,0.00,894,-5.00,5,0.08
10545,20.00,2588,20.00,3613,20.00,2168,20.00,1869,20.00,1945,4.00,2894,-1.00,5861,5.00,4691,0.00,1517,20.00,2289,20.00,2566,40.00,2363,3.00,1141,20.00,3739,0.00,1359,20.00,1549,20.00,2033,20.00,1717,20.00,1578,4.00,1587,-1.00,894,-5.00,5,0.08
10581,21.00,2588,20.00,3613,21.00,2168,21.00,1869,20.00,1945,5.00,2894,-2.00,5861,5.00,4691,1.00,1517,20.00,2289,20.00,2566,40.00,2363,2.00,1141,19.00,3739,2.00,1359,20.00,1549,20.00,2033,20.00,1717,20.00,1577,5.00,1587,-1.00,894,-3.00,5,0.08
10617,20.00,2589,21.00,3613,20.00,2168,20.00,1869,20.00,1945,5.00,2894,-1.00,5861,6.00,4691,2.00,1517,20.00,2289,20.00,2566,40.00,2363,2.00,1142,21.00,3739,2.00,1359,20.00,1549,20.00,2033,20.00,1717,19.00,1578,5.00,1587,-1.00,894,-5.00,5,0.08
10652,20.00,2588,20.00,3613,20.00,2168,20.00,1869,20.00,1945,4.00,2894,-2.00,5861,5.00,4691,1.00,1517,20.00,2289,20.00,2566,40.00,2363,2.00,1141,20.00,3739,2.00,1359,20.00,1549,20.00,2033,20.00,1717,20.00,1577,4.00,1587,0.00,894,-4.00,5,0.00
10688,20.00,2588,19.00,3613,20.00,2168,20.00,1869,20.00,1945,4.00,2894,-3.00,5861,5.00,4691,1.00,1517,20.00,2289,20.00,2566,39.00,2363,-4.00,1141,20.00,3739,2.00,1359,20.00,1549,20.00,2033,19.00,1717,20.00,1577,5.00,1587,4.00,894,-3.00,5,0.08
10724,20.00,2589,20.00,3613,20.00,2168,20.00,1869,20.00,1945,4.00,2894,-2.00,5861,5.00,4691,1.00,1517,20.00,2289,19.00,2566,40.00,2363,4.00,1141,20.00,3739,3.00,1359,20.00,1549,20.00,2033,20.00,1717,20.00,1577,5.00,1587,0.00,894,-4.00,5,0.16
10760,20.00,2589,20.00,3613,20.00,2168,20.00,1869,20.00,1945,3.00,2894,-2.00,5861,6.00,4691,1.00,1517,20.00,2289,20.00,2566,41.00,2363,1.00,1141,20.00,3739,0.00,1359,20.00,1549,20.00,2033,20.00,1717,20.00,1577,2.00,1587,0.00,894,-4.00,5,0.08
10795,19.00,2588,20.00,3613,20.00,2168,20.00,1869,20.00,1945,4.00,2894,-2.00,5861,4.00,4691,0.00,1517,20.00,2289,21.00,2566,40.00,2363,1.00,1141,20.00,3739,2.00,1359,20.00,1549,20.00,2033,20.00,1717,20.00,1577,4.00,1587,0.00,894,-3.00,5,0.08
10831,20.00,2588,19.00,3613,21.00,2168,20.00,1869,20.00,1945,4.00,2894,-3.00,5861,5.00,4691,1.00,1517,20.00,2289,20.00,2566,40.00,2363,1.00,1141,20.00,3739,3.00,1359,20.00,1549,21.00,2033,20.00,1717,21.00,1578,2.00,1587,0.00,894,-5.00,5,0.08
10867,20.00,2588,20.00,3613,20.00,2168,20.00,1869,21.00,1945,4.00,2894,-2.00,5861,6.00,4691,2.00,1517,20.00,2289,20.00,2566,40.00,2363,3.00,1141,20.00,3739,0.00,1359,20.00,1549,20.00,2033,20.00,1717,20.00,1577,4.00,1587,-1.00,893,-5.00,5,0.08
10902,20.00,2588,20.00,3613,20.00,2168,20.00,1869,20.00,1945,4.00,2894,-1.00,5861,5.00,4691,2.00,1517,20.00,2289,20.00,2566,40.00,2363,1.00,1141,20.00,3739,2.00,1359,20.00,1549,20.00,2033,21.00,1717,20.00,1577,5.00,1587,1.00,894,-4.00,5,0.08
10938,20.00,2589,20.00,3613,19.00,2168,21.00,1869,20.00,1945,4.00,2894,-2.00,5861,5.00,4691,1.00,1517,20.00,2289,19.00,2566,40.00,2363,-1.00,1142,20.00,3739,1.00,1359,20.00,1549,20.00,2033,20.00,1717,20.00,1577,5.00,1587,0.00,894,-5.00,5,0.08
10974,19.00,2588,20.00,3613,20.00,2168,20.00,1869,20.00,1945,4.00,2894,-2.00,5861,5.00,4691,3.00,1517,20.00,2289,20.00,2566,40.00,2363,1.00,1141,20.00,3739,0.00,1359,20.00,1549,20.00,2033,20.00,1717,20.00,1577,5.00,1587,0.00,894,-4.00,5,0.08
11009,20.00,2589,20.00,3613,20.00,2168,20.00,1869,20.00,1945,3.00,2894,-1.00,5861,5.00,4691,2.00,1517,20.00,2289,20.00,2566,40.00,2363,3.00,1141,21.00,3739,2.00,1359,20.00,1549,20.00,2033,20.00,1717,20.00,1578,4.00,1587,0.00,894,-6.00,5,0.32
11045,20.00,2589,20.00,3612,20.00,2168,20.00,1869,20.00,1945,4.00,2894,-3.00,5861,5.00,4691,1.00,1517,20.00,2289,20.00,2566,40.00,2363,0.00,1141,19.00,3739,0.00,1359,21.00,1550,20.00,2033,20.00,1717,20.00,1577,4.00,1587,0.00,894,-3.00,5,0.08
11081,20.00,2588,20.00,3613,20.00,2168,20.00,1869,20.00,1945,4.00,2894,-2.00,5861,5.00,4691,2.00,1517,20.00,2289,20.00,2566,40.00,2363,2.00,1141,20.00,3739,3.00,1359,20.00,1549,20.00,2033,20.00,1717,20.00,1577,3.00,1587,0.00,894,-4.00,5,0.08
11117,20.00,2589,20.00,3613,20.00,2168,20.00,1869,19.00,1945,4.00,2894,-1.00,5861,5.00,4691,1.00,1517,20.00,2289,20.00,2566,40.00,2363,3.00,1141,20.00,3739,1.00,1359,20.00,1549,20.00,2033,20.00,1717,19.00,1577,4.00,1587,2.00,893,-5.00,5,0.24
11153,20.00,2588,20.00,3613,21.00,2168,20.00,1869,20.00,1945,4.00,2894,-2.00,5861,5.00,4691,0.00,1517,20.00,2289,20.00,2566,40.00,2363,4.00,1141,20.00,3739,0.00,1359,20.00,1550,20.00,2033,20.00,1717,20.00,1577,3.00,1587,0.00,894,-4.00,5,0.08
11188,21.00,2589,20.00,3613,20.00,2168,20.00,1869,20.00,1945,3.00,2894,-1.00,5861,5.00,4691,2.00,1517,20.00,2289,21.00,2566,40.00,2363,1.00,1141,20.00,3739,2.00,1359,20.00,1549,19.00,2033,20.00,1717,20.00,1577,5.00,1587,0.00,894,-6.00,5,0.32
11224,20.00,2589,20.00,3613,20.00,2168,20.00,1869,20.00,1945,4.00,2894,-3.00,5861,5.00,4691,0.00,1517,20.00,2289,20.00,2566,40.00,2363,1.00,1141,20.00,3739,0.00,1359,19.00,1550,20.00,2033,20.00,1717,20.00,1578,5.00,1587,0.00,894,-4.00,5,0.08
11260,20.00,2589,20.00,3613,21.00,2168,20.00,1869,21.00,1945,4.00,2894,-1.00,5861,5.00,4691,1.00,1517,20.00,2289,20.00,2566,40.00,2363,1.00,1142,20.00,3739,0.00,1359,20.00,1549,20.00,2033,20.00,1717,20.00,1577,5.00,1587,2.00,894,-8.00,5,0.40
11296,20.00,2588,20.00,3613,20.00,2168,20.00,1869,20.00,1945,4.00,2894,-2.00,5861,5.00,4691,0.00,1517,20.00,2289,19.00,2566,40.00,2363,1.00,1141,20.00,3739,1.00,1359,20.00,1549,20.00,2033,21.00,1717,20.00,1577,4.00,1587,0.00,894,-4.00,5,0.16
11332,20.00,2588,21.00,3613,19.00,2168,20.00,1869,20.00,1945,4.00,2894,-2.00,5861,5.00,4691,0.00,1517,20.00,2289,20.00,2566,40.00,2363,1.00,1141,20.00,3739,0.00,1359,20.00,1549,20.00,2033,20.00,1717,20.00,1577,5.00,1587,0.00,894,-5.00,5,0.00
11367,20.00,2588,20.00,3613,19.00,2168,20.00,1869,21.00,1945,3.00,2894,-3.00,5861,6.00,4691,2.00,1517,20.00,2289,20.00,2566,40.00,2363,2.00,1141,20.00,3739,1.00,1359,20.00,1550,20.00,2033,21.00,1717,20.00,1577,4.00,1587,3.00,894,-5.00,5,0.08
11403,19.00,2588,20.00,3613,20.00,2168,20.00,1869,20.00,1945,4.00,2894,-2.00,5861,5.00,4691,1.00,1517,20.00,2289,20.00,2566,40.00,2363,1.00,1141,20.00,3739,3.00,1359,20.00,1549,21.00,2033,20.00,1717,20.00,1578,3.00,1587,0.00,894,-3.00,5,0.24
11439,20.00,2588,21.00,3613,20.00,2168,20.00,1869,20.00,1945,4.00,2894,-3.00,5861,6.00,4691,1.00,1517,20.00,2289,20.00,2566,41.00,2363,1.00,1141,20.00,3739,0.00,1359,20.00,1549,20.00,2033,20.00,1717,20.00,1577,4.00,1587,0.00,894,-5.00,5,0.00
11475,21.00,2588,20.00,3613,20.00,2168,20.00,1869,20.00,1945,4.00,2894,-2.00,5861,5.00,4691,2.00,1517,20.00,2289,20.00,2566,41.00,2363,1.00,1141,20.00,3739,0.00,1359,20.00,1549,20.00,2033,20.00,1717,20.00,1578,4.00,1587,3.00,894,-4.00,5,0.08
11510,20.00,2588,20.00,3612,19.00,2168,20.00,1869,20.00,1945,3.00,2894,-2.00,5861,5.00,4691,1.00,1517,20.00,2289,20.00,2566,40.00,2363,1.00,1141,20.00,3739,0.00,1359,20.00,1549,20.00,2033,20.00,1717,19.00,1577,5.00,1587,0.00,894,-3.00,5,0.08
11546,20.00,2588,20.00,3613,20.00,2168,21.00,1869,20.00,1945,3.00,2894,-2.00,5861,4.00,4691,1.00,1517,20.00,2289,19.00,2566,40.00,2363,-5.00,1141,20.00,3739,2.00,1359,20.00,1549,20.00,2033,20.00,1717,20.00,1577,4.00,1587,0.00,894,-4.00,5,0.08
11582,21.00,2588,20.00,3613,20.00,2168,20.00,1869,20.00,1945,3.00,2894,-2.00,5861,6.00,4691,0.00,1517,20.00,2289,20.00,2566,41.00,2363,2.00,1141,20.00,3739,1.00,1359,20.00,1549,20.00,2033,20.00,1717,20.00,1577,3.00,1587,0.00,894,-5.00,4,0.00
11618,20.00,2588,20.00,3613,20.00,2168,20.00,1869,20.00,1945,5.00,2894,-2.00,5861,5.00,4691,1.00,1517,20.00,2289,20.00,2566,40.00,2363,3.00,1141,20.00,3739,1.00,1359,20.00,1549,19.00,2033,20.00,1717,20.00,1578,5.00,1587,-1.00,894,-4.00,5,0.00
11653,19.00,2588,20.00,3613,19.00,2168,20.00,1869,20.00,1945,4.00,2894,-2.00,5861,5.00,4691,0.00,1517,20.00,2289,20.00,2566,40.00,2363,1.00,1141,19.00,3739,1.00,1359,20.00,1549,20.00,2033,20.00,1717,20.00,1577,5.00,1587,0.00,893,-4.00,5,0.00
11689,20.00,2588,20.00,3613,20.00,2168,21.00,1869,21.00,1945,4.00,2894,-2.00,5861,5.00,4691,2.00,1517,19.00,2289,20.00,2566,40.00,2363,2.00,1141,20.00,3739,2.00,1359,20.00,1549,20.00,2033,20.00,1717,20.00,1577,5.00,1587,0.00,894,-5.00,5,0.08
11725,20.00,2589,21.00,3613,20.00,2168,20.00,1869,21.00,1945,-1.00,2894,-3.00,5861,5.00,4691,0.00,1517,20.00,2289,20.00,2566,40.00,2363,2.00,1141,20.00,3739,1.00,1359,20.00,1549,20.00,2033,20.00,1717,20.00,1577,5.00,1587,0.00,894,-3.00,5,0.00
11761,19.00,2588,21.00,3613,20.00,2168,20.00,1869,20.00,1945,4.00,2894,-2.00,5861,4.00,4691,1.00,1517,20.00,2289,20.00,2566,40.00,2363,3.00,1141,20.00,3739,0.00,1359,21.00,1549,20.00,2033,20.00,1717,20.00,1578,4.00,1587,0.00,894,-5.00,5,0.16
11796,20.00,2588,20.00,3613,20.00,2168,20.00,1869,20.00,1945,4.00,2894,-3.00,5861,5.00,4691,1.00,1517,20.00,2289,20.00,2566,40.00,2363,1.00,1141,20.00,3739,0.00,1359,20.00,1550,21.00,2033,20.00,1717,20.00,1578,5.00,1587,0.00,894,-5.00,5,0.08
11832,20.00,2588,20.00,3613,20.00,2168,20.00,1869,20.00,1945,4.00,2894,-1.00,5861,4.00,4691,1.00,1517,20.00,2289,20.00,2566,40.00,2363,5.00,1141,20.00,3739,0.00,1359,20.00,1549,20.00,2033,20.00,1717,20.00,1577,5.00,1587,-2.00,893,-5.00,5,0.08
11868,20.00,2589,19.00,3613,20.00,2168,20.00,1869,20.00,1945,4.00,2894,-1.00,5861,6.00,4691,1.00,1517,20.00,2289,20.00,2566,40.00,2363,3.00,1141,19.00,3739,1.00,1359,20.00,1549,19.00,2033,20.00,1717,20.00,1578,5.00,1587,0.00,894,-5.00,5,0.00
11904,20.00,2588,21.00,3613,20.00,2168,20.00,1869,20.00,1945,4.00,2894,-3.00,5861,5.00,4691,0.00,1517,20.00,2289,20.00,2566,40.00,2363,1.00,1141,20.00,3739,1.00,1359,20.00,1549,20.00,2033,20.00,1717,20.00,1577,4.00,1587,0.00,894,-3.00,5,0.08
11939,19.00,2589,19.00,3613,20.00,2168,21.00,1869,20.00,1945,3.00,2894,-1.00,5861,4.00,4691,2.00,1517,20.00,2289,19.00,2566,40.00,2363,-4.00,1141,20.00,3739,2.00,1359,20.00,1549,20.00,2033,20.00,1717,20.00,1577,3.00,1587,5.00,894,-4.00,5,0.56
11975,20.00,2589,20.00,3613,20.00,2168,20.00,1869,20.00,1945,5.00,2894,-2.00,5861,5.00,4691,1.00,1517,20.00,2289,20.00,2566,40.00,2363,0.00,1141,19.00,3739,1.00,1359,20.00,1549,20.00,2033,21.00,1717,20.00,1578,4.00,1587,-1.00,894,-5.00,5,0.08
12011,20.00,2588,21.00,3613,21.00,2168,20.00,1869,20.00,1945,4.00,2894,-2.00,5861,4.00,4691,2.00,1517,20.00,2289,20.00,2566,40.00,2363,1.00,1141,20.00,3739,1.00,1359,20.00,1549,20.00,2033,20.00,1717,20.00,1578,3.00,1587,-1.00,894,-5.00,5,0.08
12047,21.00,2588,21.00,3613,20.00,2168,20.00,1869,20.00,1945,4.00,2894,-2.00,5861,5.00,4691,2.00,1517,20.00,2289,20.00,2566,40.00,2363,1.00,1142,20.00,3739,0.00,1359,20.00,1549,20.00,2033,20.00,1717,20.00,1578,2.00,1587,0.00,894,-4.00,5,0.08
12083,21.00,2588,20.00,3613,20.00,2168,21.00,1869,20.00,1945,3.00,2894,-2.00,5861,5.00,4691,1.00,1517,20.00,2289,20.00,2566,40.00,2363,0.00,1141,20.00,3739,0.00,1359,20.00,1549,20.00,2033,20.00,1717,20.00,1578,3.00,1587,-1.00,894,-3.00,5,0.08
12119,20.00,2588,20.00,3613,20.00,2168,20.00,1869,20.00,1945,4.00,2894,-2.00,5861,5.00,4691,1.00,1517,20.00,2289,20.00,2566,40.00,2363,1.00,1141,20.00,3739,0.00,1359,20.00,1550,20.00,2033,21.00,1717,20.00,1578,4.00,1587,0.00,894,-4.00,5,0.08
12154,21.00,2588,21.00,3613,20.00,2168,20.00,1869,20.00,1945,5.00,2894,-3.00,5861,5.00,4691,1.00,1517,20.00,2289,20.00,2566,40.00,2363,2.00,1141,20.00,3739,0.00,1359,20.00,1549,20.00,2033,20.00,1717,20.00,1578,4.00,1587,-1.00,894,-3.00,5,0.08
12190,20.00,2589,21.00,3613,20.00,2168,20.00,1869,19.00,1945,5.00,2894,-2.00,5861,5.00,4691,2.00,1517,20.00,2289,21.00,2566,40.00,2363,2.00,1141,20.00,3739,1.00,1359,19.00,1549,20.00,2033,20.00,1717,20.00,1578,5.00,1587,-2.00,894,-4.00,5,0.32
12226,20.00,2589,20.00,3613,20.00,2168,20.00,1869,20.00,1945,4.00,2894,-2.00,5861,5.00,4691,0.00,1517,20.00,2289,20.00,2566,41.00,2363,1.00,1141,20.00,3739,0.00,1359,20.00,1549,20.00,2033,19.00,1717,19.00,1578,3.00,1587,-1.00,894,-5.00,5,0.00
12262,20.00,2588,21.00,3613,19.00,2168,20.00,1869,20.00,1945,3.00,2894,-2.00,5861,5.00,4691,1.00,1517,20.00,2289,20.00,2566,40.00,2363,3.00,1141,20.00,3739,0.00,1359,19.00,1549,20.00,2033,20.00,1717,20.00,1577,5.00,1587,0.00,894,-5.00,5,0.00
12297,20.00,2588,20.00,3613,20.00,2168,20.00,1869,20.00,1945,5.00,2894,-1.00,5861,5.00,4691,1.00,1517,20.00,2289,20.00,2566,40.00,2363,1.00,1141,21.00,3739,1.00,1359,20.00,1549,20.00,2033,21.00,1717,20.00,1578,2.00,1587,0.00,894,-4.00,5,0.08
12333,20.00,2589,19.00,3613,20.00,2168,21.00,1869,20.00,1945,4.00,2894,-2.00,5861,5.00,4691,1.00,1517,20.00,2289,20.00,2566,40.00,2363,1.00,1141,20.00,3739,1.00,1359,20.00,1549,19.00,2033,20.00,1717,20.00,1578,4.00,1587,-1.00,894,-4.00,5,0.00
12369,21.00,2588,20.00,3613,20.00,2168,20.00,1869,19.00,1945,4.00,2894,-2.00,5861,6.00,4691,1.00,1517,20.00,2289,20.00,2566,40.00,2363,1.00,1141,20.00,3739,0.00,1359,20.00,1549,20.00,2033,20.00,1717,20.00,1577,4.00,1587,0.00,893,-4.00,5,0.00
12405,19.00,2589,20.00,3613,19.00,2168,20.00,1869,20.00,1945,4.00,2894,-2.00,5861,6.00,4691,1.00,1517,20.00,2289,20.00,2566,40.00,2363,2.00,1141,20.00,3739,1.00,1359,20.00,1549,20.00,2033,20.00,1717,20.00,1578,5.00,1587,-2.00,894,-3.00,5,0.16
12441,20.00,2589,20.00,3613,20.00,2168,20.00,1869,20.00,1945,5.00,2894,-2.00,5861,4.00,4691,1.00,1517,20.00,2289,20.00,2566,41.00,2363,0.00,1141,19.00,3739,0.00,1359,21.00,1549,20.00,2033,20.00,1717,20.00,1578,5.00,1587,0.00,894,-4.00,5,0.24
12476,21.00,2588,20.00,3613,19.00,2168,20.00,1869,20.00,1945,4.00,2894,-2.00,5861,5.00,4691,0.00,1517,21.00,2289,20.00,2566,40.00,2363,0.00,1141,21.00,3739,1.00,1359,20.00,1549,19.00,2033,20.00,1717,20.00,1577,5.00,1587,0.00,894,-3.00,5,0.08
12512,20.00,2589,21.00,3613,20.00,2168,19.00,1869,20.00,1945,4.00,2894,-2.00,5861,6.00,4691,1.00,1517,20.00,2289,20.00,2566,40.00,2363,0.00,1141,20.00,3739,1.00,1359,20.00,1549,20.00,2033,20.00,1717,19.00,1577,4.00,1587,0.00,894,-5.00,5,0.00
12548,20.00,2588,20.00,3613,20.00,2168,20.00,1869,20.00,1945,3.00,2894,-2.00,5861,4.00,4691,0.00,1517,20.00,2289,19.00,2566,40.00,2363,2.00,1141,19.00,3739,2.00,1359,20.00,1549,20.00,2033,20.00,1717,20.00,1578,3.00,1587,-1.00,894,-3.00,5,0.16
12584,20.00,2588,20.00,3613,20.00,2168,20.00,1869,20.00,1945,5.00,2894,-2.00,5861,5.00,4691,0.00,1517,20.00,2289,20.00,2566,40.00,2363,2.00,1141,21.00,3739,1.00,1359,20.00,1550,21.00,2033,20.00,1717,20.00,1577,5.00,1587,0.00,894,-5.00,5,0.08
12620,20.00,2588,20.00,3613,20.00,2168,20.00,1869,20.00,1945,4.00,2894,-1.00,5861,4.00,4691,0.00,1517,20.00,2289,19.00,2566,40.00,2363,3.00,1141,19.00,3739,0.00,1359,20.00,1549,21.00,2033,20.00,1717,20.00,1578,3.00,1587,4.00,894,-3.00,5,0.08
12655,21.00,2589,21.00,3613,20.00,2168,20.00,1869,20.00,1945,4.00,2894,-2.00,5861,5.00,4691,2.00,1517,20.00,2289,20.00,2566,40.00,2363,0.00,1141,20.00,3739,0.00,1359,20.00,1549,20.00,2033,20.00,1717,20.00,1578,3.00,1587,-1.00,894,-5.00,5,0.08
12691,20.00,2588,20.00,3613,20.00,2168,20.00,1869,20.00,1945,4.00,2894,-1.00,5861,4.00,4691,1.00,1517,20.00,2289,21.00,2566,40.00,2363,2.00,1141,20.00,3739,1.00,1359,20.00,1549,20.00,2033,21.00,1717,20.00,1577,4.00,1587,0.00,894,-5.00,5,0.08
12727,20.00,2588,19.00,3613,20.00,2168,20.00,1869,20.00,1945,4.00,2894,-3.00,5861,5.00,4691,1.00,1517,20.00,2289,20.00,2566,40.00,2363,1.00,1141,20.00,3739,1.00,1359,20.00,1549,20.00,2033,21.00,1717,20.00,1578,2.00,1587,0.00,894,5.00,5,0.08
12763,20.00,2588,19.00,3613,20.00,2168,20.00,1869,20.00,1945,4.00,2894,-1.00,5861,5.00,4691,1.00,1517,20.00,2289,20.00,2566,40.00,2363,2.00,1141,20.00,3739,0.00,1359,21.00,1549,20.00,2033,20.00,1717,20.00,1577,4.00,1587,0.00,894,-3.00,5,0.08
12798,20.00,2588,20.00,3613,20.00,2168,20.00,1869,20.00,1945,6.00,2894,-2.00,5861,5.00,4691,1.00,1517,20.00,2289,20.00,2566,40.00,2363,2.00,1141,20.00,3739,1.00,1359,21.00,1549,20.00,2033,21.00,1717,19.00,1578,4.00,1587,0.00,894,-3.00,5,0.16
12834,20.00,2588,20.00,3613,20.00,2168,20.00,1869,20.00,1945,4.00,2894,-3.00,5861,5.00,4691,2.00,1517,20.00,2289,21.00,2566,40.00,2363,2.00,1141,20.00,3739,1.00,1359,20.00,1549,20.00,2033,20.00,1717,20.00,1578,5.00,1587,4.00,894,-3.00,5,0.08
12870,21.00,2589,20.00,3613,21.00,2168,20.00,1869,20.00,1945,4.00,2894,-2.00,5861,5.00,4691,1.00,1517,20.00,2289,20.00,2566,39.00,2363,0.00,1141,20.00,3739,1.00,1359,19.00,1550,20.00,2033,20.00,1717,20.00,1577,5.00,1587,0.00,894,-3.00,5,0.08
12906,20.00,2588,20.00,3613,20.00,2168,20.00,1869,20.00,1945,4.00,2894,-2.00,5861,5.00,4691,2.00,1517,20.00,2289,19.00,2566,40.00,2363,3.00,1141,20.00,3739,3.00,1359,20.00,1550,20.00,2033,20.00,1717,20.00,1577,5.00,1587,0.00,894,-5.00,5,0.08
12941,20.00,2588,20.00,3613,20.00,2168,20.00,1869,20.00,1945,4.00,2895,-2.00,5861,6.00,4691,1.00,1517,20.00,2289,20.00,2566,40.00,2363,0.00,1141,20.00,3739,1.00,1359,20.00,1549,20.00,2033,20.00,1717,19.00,1578,3.00,1587,1.00,894,-6.00,5,0.32
12977,19.00,2588,19.00,3613,20.00,2168,20.00,1869,20.00,1945,5.00,2894,-2.00,5861,6.00,4691,1.00,1517,20.00,2289,20.00,2566,40.00,2363,0.00,1141,20.00,3739,1.00,1359,21.00,1549,20.00,2033,20.00,1717,20.00,1577,4.00,1587,0.00,894,-3.00,5,0.00
13013,19.00,2588,20.00,3613,21.00,2168,20.00,1869,20.00,1945,4.00,2894,-3.00,5861,6.00,4691,1.00,1517,20.00,2289,20.00,2566,40.00,2363,1.00,1141,20.00,3739,1.00,1359,20.00,1549,20.00,2033,20.00,1717,20.00,1577,4.00,1587,0.00,894,-4.00,5,0.08
13048,21.00,2588,20.00,3613,20.00,2168,20.00,1869,20.00,1945,4.00,2894,-1.00,5861,5.00,4691,2.00,1517,20.00,2289,20.00,2566,41.00,2363,-9.00,1141,20.00,3739,1.00,1359,20.00,1549,20.00,2033,20.00,1717,20.00,1577,3.00,1587,0.00,894,-4.00,5,0.24
13084,20.00,2588,21.00,3613,20.00,2168,20.00,1869,20.00,1945,5.00,2894,-2.00,5861,6.00,4691,1.00,1517,20.00,2289,20.00,2566,40.00,2363,0.00,1141,20.00,3739,1.00,1359,20.00,1549,21.00,2033,20.00,1717,21.00,1578,5.00,1587,0.00,894,-4.00,5,0.16
13120,20.00,2588,20.00,3613,21.00,2168,20.00,1869,21.00,1945,4.00,2894,-2.00,5861,5.00,4691,0.00,1517,20.00,2289,20.00,2566,40.00,2363,0.00,1141,20.00,3739,2.00,1359,20.00,1549,20.00,2033,20.00,1717,20.00,1578,5.00,1587,0.00,894,-5.00,5,0.00
13155,21.00,2588,20.00,3613,20.00,2168,20.00,1869,20.00,1945,4.00,2894,-2.00,5861,4.00,4691,1.00,1517,20.00,2289,20.00,2566,40.00,2363,1.00,1141,20.00,3739,0.00,1359,20.00,1549,21.00,2033,21.00,1717,20.00,1577,5.00,1587,0.00,894,-5.00,5,0.08
13191,20.00,2589,20.00,3613,20.00,2168,20.00,1869,20.00,1945,4.00,2894,-2.00,5861,5.00,4691,0.00,1517,20.00,2289,19.00,2566,40.00,2363,2.00,1141,20.00,3739,1.00,1359,20.00,1549,21.00,2033,20.00,1717,20.00,1577,3.00,1587,0.00,894,-5.00,5,0.56
13227,20.00,2588,20.00,3613,20.00,2168,20.00,1869,20.00,1945,5.00,2894,-3.00,5861,5.00,4691,1.00,1517,20.00,2289,21.00,2566,40.00,2363,4.00,1141,21.00,3739,1.00,1359,20.00,1549,19.00,2033,20.00,1717,21.00,1577,5.00,1587,-3.00,894,-5.00,5,0.08
13263,19.00,2588,20.00,3613,20.00,2168,20.00,1869,20.00,1945,4.00,2894,-1.00,5861,4.00,4691,2.00,1517,20.00,2289,20.00,2566,40.00,2363,0.00,1142,20.00,3739,2.00,1359,20.00,1549,20.00,2033,20.00,1717,20.00,1577,3.00,1587,-1.00,894,-4.00,5,0.00
13299,20.00,2588,20.00,3613,20.00,2168,20.00,1869,21.00,1945,4.00,2894,-3.00,5861,6.00,4691,1.00,1517,20.00,2289,20.00,2566,40.00,2363,0.00,1141,20.00,3739,2.00,1359,20.00,1549,20.00,2033,20.00,1717,20.00,1577,4.00,1587,-1.00,894,-4.00,5,0.00
13334,19.00,2589,20.00,3613,20.00,2168,20.00,1869,20.00,1945,4.00,2894,-2.00,5861,5.00,4691,1.00,1517,20.00,2289,20.00,2566,40.00,2363,2.00,1141,20.00,3739,0.00,1359,20.00,1549,20.00,2033,20.00,1717,20.00,1577,3.00,1587,3.00,894,-5.00,5,0.08
13370,20.00,2589,20.00,3613,20.00,2168,20.00,1869,20.00,1945,-3.00,2894,-1.00,5861,5.00,4691,0.00,1517,20.00,2289,20.00,2566,40.00,2363,2.00,1141,20.00,3739,1.00,1359,20.00,1549,20.00,2033,20.00,1717,20.00,1578,4.00,1587,-1.00,894,-4.00,5,0.40
13406,20.00,2588,20.00,3613,19.00,2168,20.00,1869,20.00,1945,4.00,2894,-2.00,5861,5.00,4691,0.00,1517,20.00,2289,20.00,2566,40.00,2363,2.00,1141,19.00,3739,1.00,1359,21.00,1549,20.00,2033,20.00,1717,20.00,1577,3.00,1587,0.00,894,-4.00,5,0.40
13441,21.00,2588,20.00,3613,20.00,2168,21.00,1869,20.00,1945,5.00,2894,-3.00,5861,4.00,4691,2.00,1517,20.00,2289,21.00,2566,41.00,2363,9.00,1141,21.00,3739,2.00,1359,21.00,1549,20.00,2033,20.00,1717,20.00,1578,2.00,1587,-5.00,894,-4.00,5,0.16
13477,19.00,2588,20.00,3613,20.00,2168,20.00,1869,20.00,1945,4.00,2894,-3.00,5861,5.00,4691,1.00,1517,21.00,2289,20.00,2566,39.00,2363,1.00,1141,20.00,3739,0.00,1359,20.00,1549,20.00,2033,20.00,1717,20.00,1577,2.00,1587,2.00,894,-5.00,5,0.08
13513,19.00,2588,20.00,3613,19.00,2168,20.00,1869,20.00,1945,4.00,2894,-2.00,5861,4.00,4691,1.00,1517,20.00,2289,20.00,2566,40.00,2363,2.00,1141,20.00,3739,1.00,1359,20.00,1549,19.00,2033,20.00,1717,20.00,1578,4.00,1587,0.00,894,-4.00,5,0.00
13548,19.00,2589,20.00,3613,21.00,2168,20.00,1869,20.00,1945,4.00,2894,-2.00,5861,5.00,4691,2.00,1517,20.00,2289,20.00,2566,39.00,2363,2.00,1141,20.00,3739,0.00,1359,20.00,1549,20.00,2033,20.00,1717,20.00,1578,5.00,1587,-1.00,894,-4.00,5,0.08
13584,19.00,2588,20.00,3613,20.00,2168,20.00,1869,20.00,1945,5.00,2894,-3.00,5861,4.00,4691,1.00,1517,20.00,2289,20.00,2566,40.00,2363,1.00,1141,20.00,3739,2.00,1359,20.00,1549,20.00,2033,20.00,1717,20.00,1578,3.00,1587,0.00,894,-4.00,5,0.00
13620,20.00,2588,20.00,3613,20.00,2168,20.00,1869,21.00,1945,3.00,2894,-3.00,5861,5.00,4691,0.00,1517,20.00,2289,20.00,2566,40.00,2363,3.00,1141,20.00,3739,1.00,1359,20.00,1549,20.00,2033,20.00,1717,20.00,1578,4.00,1587,0.00,893,-4.00,5,0.16
13655,20.00,2588,20.00,3613,20.00,2168,20.00,1869,20.00,1945,-1.00,2894,-2.00,5861,5.00,4691,0.00,1517,20.00,2289,20.00,2566,40.00,2363,1.00,1141,20.00,3739,0.00,1359,20.00,1549,20.00,2033,20.00,1717,19.00,1578,6.00,1587,0.00,894,-4.00,5,0.00
13691,20.00,2588,20.00,3613,20.00,2168,20.00,1869,20.00,1945,4.00,2894,-2.00,5861,5.00,4691,2.00,1517,20.00,2289,20.00,2566,40.00,2363,1.00,1141,20.00,3739,2.00,1359,20.00,1549,19.00,2033,20.00,1717,20.00,1578,5.00,1587,0.00,894,-6.00,5,0.32
13727,20.00,2588,20.00,3613,20.00,2168,20.00,1869,20.00,1945,4.00,2894,-2.00,5861,5.00,4691,1.00,1517,20.00,2289,20.00,2566,40.00,2363,1.00,1141,19.00,3739,0.00,1359,20.00,1549,20.00,2033,20.00,1717,20.00,1578,3.00,1587,0.00,894,-5.00,5,0.00
13763,20.00,2588,20.00,3613,20.00,2168,20.00,1869,20.00,1945,4.00,2894,-2.00,5861,5.00,4691,1.00,1517,20.00,2289,20.00,2566,40.00,2363,-1.00,1141,20.00,3739,1.00,1359,20.00,1549,21.00,2033,20.00,1717,20.00,1578,3.00,1587,-1.00,894,-4.00,5,0.08
13798,20.00,2589,20.00,3613,20.00,2168,20.00,1869,20.00,1945,3.00,2894,-3.00,5861,5.00,4691,1.00,1517,20.00,2289,20.00,2566,40.00,2363,-4.00,1141,20.00,3739,2.00,1359,20.00,1549,20.00,2033,20.00,1717,20.00,1577,5.00,1587,-2.00,894,-3.00,5,0.00
13834,21.00,2588,20.00,3613,21.00,2168,20.00,1869,20.00,1945,4.00,2894,-2.00,5861,6.00,4691,0.00,1517,20.00,2289,20.00,2566,40.00,2363,2.00,1141,19.00,3739,1.00,1359,20.00,1549,20.00,2033,21.00,1717,20.00,1577,4.00,1587,1.00,894,-4.00,5,0.16
13870,20.00,2588,20.00,3612,20.00,2168,20.00,1869,20.00,1945,3.00,2894,-2.00,5861,5.00,4691,1.00,1517,19.00,2289,20.00,2566,40.00,2363,-5.00,1141,20.00,3739,1.00,1359,20.00,1549,20.00,2033,20.00,1717,20.00,1577,5.00,1587,0.00,894,-4.00,5,0.00
13906,20.00,2588,20.00,3613,20.00,2168,21.00,1869,20.00,1945,4.00,2894,-1.00,5861,6.00,4691,1.00,1517,20.00,2289,20.00,2566,39.00,2363,3.00,1141,20.00,3739,1.00,1359,20.00,1549,20.00,2033,20.00,1717,20.00,1578,3.00,1587,-1.00,894,-5.00,5,0.08
13941,20.00,2588,20.00,3613,19.00,2168,21.00,1869,20.00,1945,5.00,2894,-2.00,5861,5.00,4691,1.00,1517,20.00,2289,20.00,2566,40.00,2363,-9.00,1141,21.00,3739,2.00,1359,20.00,1549,20.00,2033,20.00,1717,20.00,1578,3.00,1587,-1.00,894,-4.00,5,0.24
13977,21.00,2588,20.00,3613,20.00,2168,20.00,1869,20.00,1945,4.00,2894,-2.00,5861,5.00,4691,3.00,1517,20.00,2289,21.00,2566,40.00,2363,2.00,1141,20.00,3739,1.00,1359,20.00,1549,20.00,2033,21.00,1717,20.00,1578,5.00,1587,-1.00,894,-3.00,5,0.08
14013,20.00,2588,20.00,3613,20.00,2168,20.00,1869,20.00,1945,4.00,2894,-2.00,5861,5.00,4691,2.00,1517,20.00,2289,20.00,2566,40.00,2363,2.00,1141,20.00,3739,2.00,1359,20.00,1549,20.00,2033,20.00,1717,20.00,1578,5.00,1587,0.00,894,-5.00,5,0.00
14049,21.00,2588,20.00,3613,19.00,2168,20.00,1869,20.00,1945,4.00,2894,-1.00,5861,5.00,4691,0.00,1517,20.00,2289,20.00,2566,40.00,2363,1.00,1141,20.00,3739,3.00,1359,20.00,1549,20.00,2033,20.00,1717,21.00,1578,5.00,1587,6.00,894,-4.00,5,0.08
14085,20.00,2588,20.00,3613,20.00,2168,20.00,1869,20.00,1945,4.00,2894,-3.00,5861,5.00,4691,1.00,1517,20.00,2289,19.00,2566,40.00,2363,1.00,1141,20.00,3739,0.00,1359,20.00,1549,20.00,2033,20.00,1717,20.00,1578,2.00,1587,0.00,894,-5.00,5,0.08
14120,19.00,2588,19.00,3613,20.00,2168,20.00,1869,20.00,1945,4.00,2894,-2.00,5861,6.00,4691,1.00,1517,20.00,2289,20.00,2566,40.00,2363,0.00,1141,20.00,3739,2.00,1359,20.00,1549,20.00,2033,20.00,1717,20.00,1578,4.00,1587,0.00,894,-6.00,5,0.00
14156,20.00,2589,20.00,3613,20.00,2168,20.00,1869,20.00,1945,4.00,2894,-2.00,5861,5.00,4691,1.00,1517,20.00,2289,20.00,2566,40.00,2363,1.00,1141,20.00,3739,1.00,1359,21.00,1549,21.00,2033,20.00,1717,20.00,1578,2.00,1587,0.00,894,-3.00,5,0.00
14192,20.00,2588,20.00,3613,19.00,2168,20.00,1869,20.00,1945,4.00,2894,-3.00,5861,5.00,4691,2.00,1517,20.00,2289,20.00,2566,40.00,2363,1.00,1141,20.00,3739,2.00,1359,21.00,1549,21.00,2033,20.00,1717,20.00,1578,5.00,1587,0.00,894,-4.00,4,0.24
14228,20.00,2589,20.00,3613,20.00,2168,20.00,1869,20.00,1945,4.00,2894,-3.00,5861,5.00,4691,2.00,1517,20.00,2289,20.00,2566,40.00,2363,1.00,1141,20.00,3739,2.00,1359,20.00,1549,19.00,2033,20.00,1717,20.00,1577,5.00,1587,0.00,894,-4.00,5,0.00
14263,20.00,2588,20.00,3613,20.00,2168,20.00,1869,20.00,1945,4.00,2894,-3.00,5861,3.00,4691,1.00,1517,20.00,2289,20.00,2566,40.00,2363,1.00,1141,20.00,3739,2.00,1359,20.00,1549,20.00,2033,20.00,1717,20.00,1577,3.00,1587,0.00,894,-4.00,5,0.08
14299,20.00,2588,20.00,3613,20.00,2168,20.00,1869,20.00,1945,4.00,2894,-2.00,5861,5.00,4691,1.00,1517,20.00,2289,19.00,2566,40.00,2363,2.00,1141,20.00,3739,0.00,1359,20.00,1549,20.00,2033,20.00,1717,20.00,1578,3.00,1587,0.00,894,-5.00,5,0.00
14335,20.00,2588,20.00,3613,20.00,2168,20.00,1869,20.00,1945,4.00,2894,-3.00,5861,6.00,4691,1.00,1517,20.00,2289,20.00,2566,40.00,2363,1.00,1141,20.00,3739,2.00,1359,20.00,1549,20.00,2033,20.00,1717,21.00,1578,2.00,1587,0.00,894,-5.00,5,0.08
14371,20.00,2588,20.00,3613,20.00,2168,20.00,1869,20.00,1945,4.00,2894,-2.00,5861,5.00,4691,1.00,1517,20.00,2289,20.00,2566,40.00,2363,2.00,1141,20.00,3739,2.00,1359,20.00,1549,20.00,2033,20.00,1717,20.00,1577,5.00,1587,0.00,894,-3.00,5,0.08
14406,20.00,2589,20.00,3613,20.00,2168,20.00,1869,20.00,1945,5.00,2894,-2.00,5861,4.00,4691,2.00,1517,20.00,2289,20.00,2566,41.00,2363,-3.00,1141,20.00,3739,1.00,1359,20.00,1549,20.00,2033,19.00,1717,21.00,1578,5.00,1587,0.00,894,-5.00,5,0.08
14442,20.00,2589,20.00,3613,20.00,2168,19.00,1869,20.00,1945,4.00,2894,-3.00,5861,5.00,4691,1.00,1517,24.00,2289,20.00,2566,39.00,2363,2.00,1141,20.00,3739,1.00,1359,19.00,1549,19.00,2033,20.00,1717,20.00,1577,4.00,1587,-1.00,894,-3.00,5,0.56
14478,20.00,2588,20.00,3613,21.00,2168,20.00,1869,20.00,1945,4.00,2894,-2.00,5861,6.00,4691,2.00,1517,19.00,2289,20.00,2566,40.00,2363,2.00,1141,20.00,3739,1.00,1359,20.00,1549,20.00,2033,20.00,1717,20.00,1578,4.00,1587,0.00,894,-3.00,5,0.00
14513,20.00,2588,20.00,3613,20.00,2168,19.00,1869,20.00,1945,3.00,2894,-2.00,5861,5.00,4691,2.00,1517,20.00,2289,19.00,2566,40.00,2363,2.00,1141,20.00,3739,1.00,1359,20.00,1549,20.00,2033,20.00,1717,21.00,1578,5.00,1587,0.00,894,-5.00,5,0.16
14549,20.00,2588,20.00,3613,20.00,2168,20.00,1869,21.00,1945,4.00,2894,-2.00,5861,6.00,4691,1.00,1517,20.00,2289,20.00,2566,40.00,2363,3.00,1141,20.00,3739,2.00,1359,20.00,1549,20.00,2033,20.00,1717,20.00,1578,4.00,1587,0.00,894,-5.00,5,0.08
14585,21.00,2588,19.00,3612,20.00,2168,20.00,1869,20.00,1945,3.00,2894,-2.00,5861,4.00,4691,2.00,1517,20.00,2289,20.00,2566,40.00,2363,1.00,1141,20.00,3739,1.00,1359,20.00,1550,20.00,2033,20.00,1717,20.00,1578,3.00,1587,-1.00,894,-2.00,5,0.08
14621,20.00,2589,19.00,3613,20.00,2168,21.00,1869,20.00,1945,5.00,2894,-2.00,5861,6.00,4691,1.00,1517,20.00,2289,20.00,2566,39.00,2363,1.00,1141,20.00,3739,2.00,1359,20.00,1550,20.00,2033,19.00,1717,20.00,1578,3.00,1587,0.00,894,-3.00,5,0.08
14656,20.00,2588,20.00,3613,20.00,2168,20.00,1869,20.00,1945,5.00,2894,-1.00,5861,6.00,4691,1.00,1517,20.00,2289,20.00,2566,40.00,2363,0.00,1141,20.00,3739,0.00,1359,20.00,1550,19.00,2033,19.00,1717,20.00,1578,5.00,1587,0.00,894,-5.00,5,0.00
14692,20.00,2589,20.00,3613,20.00,2168,20.00,1869,20.00,1945,4.00,2894,-2.00,5861,4.00,4691,1.00,1517,20.00,2289,20.00,2566,40.00,2363,0.00,1141,20.00,3739,0.00,1359,20.00,1549,20.00,2033,20.00,1717,20.00,1578,4.00,1587,8.00,894,-4.00,5,0.16
14728,19.00,2588,20.00,3613,20.00,2168,20.00,1869,20.00,1945,5.00,2894,-2.00,5861,5.00,4691,0.00,1517,20.00,2289,20.00,2566,40.00,2363,1.00,1142,19.00,3739,2.00,1359,20.00,1549,20.00,2033,21.00,1717,20.00,1577,4.00,1587,0.00,894,-4.00,5,0.08
14764,20.00,2588,20.00,3612,20.00,2168,20.00,1869,20.00,1945,4.00,2894,-2.00,5861,4.00,4691,1.00,1517,21.00,2289,21.00,2566,41.00,2363,1.00,1141,20.00,3739,1.00,1359,20.00,1549,20.00,2033,21.00,1717,20.00,1578,3.00,1587,1.00,894,-5.00,5,0.00
14799,20.00,2588,19.00,3613,20.00,2168,20.00,1869,20.00,1945,4.00,2894,-2.00,5861,5.00,4691,2.00,1517,20.00,2289,20.00,2566,40.00,2363,2.00,1141,20.00,3739,0.00,1359,21.00,1550,21.00,2033,20.00,1717,20.00,1578,3.00,1587,0.00,894,-3.00,5,0.08
14835,20.00,2588,19.00,3613,20.00,2168,20.00,1869,20.00,1945,5.00,2894,-2.00,5861,4.00,4691,1.00,1517,20.00,2289,20.00,2566,40.00,2363,1.00,1141,20.00,3739,1.00,1359,20.00,1549,20.00,2033,20.00,1717,20.00,1578,2.00,1587,5.00,894,-3.00,5,0.00
14871,20.00,2589,20.00,3613,20.00,2168,20.00,1869,20.00,1945,4.00,2894,-2.00,5861,6.00,4691,1.00,1517,20.00,2289,20.00,2566,40.00,2363,1.00,1141,20.00,3739,0.00,1359,20.00,1549,20.00,2033,21.00,1717,21.00,1578,5.00,1587,0.00,894,-5.00,5,0.08
14907,20.00,2589,20.00,3613,20.00,2168,20.00,1869,20.00,1945,4.00,2894,-2.00,5861,4.00,4691,1.00,1517,20.00,2289,20.00,2566,40.00,2363,3.00,1141,20.00,3739,2.00,1359,19.00,1549,20.00,2033,20.00,1717,20.00,1578,4.00,1587,0.00,894,-5.00,5,0.00
14943,20.00,2588,20.00,3613,21.00,2168,20.00,1869,20.00,1945,4.00,2894,-2.00,5861,5.00,4691,0.00,1517,20.00,2289,19.00,2566,40.00,2363,2.00,1141,20.00,3739,1.00,1359,20.00,1549,20.00,2033,20.00,1717,20.00,1578,2.00,1587,0.00,894,-7.00,5,0.08
14979,19.00,2588,20.00,3613,20.00,2168,20.00,1869,20.00,1945,4.00,2894,-3.00,5861,6.00,4691,1.00,1517,20.00,2289,20.00,2566,40.00,2363,3.00,1141,20.00,3739,2.00,1359,20.00,1549,21.00,2033,20.00,1717,20.00,1578,5.00,1587,4.00,894,-4.00,5,0.08
15014,20.00,2589,20.00,3613,20.00,2168,20.00,1869,20.00,1945,5.00,2894,-2.00,5861,5.00,4691,1.00,1517,21.00,2289,20.00,2566,40.00,2363,2.00,1142,20.00,3739,1.00,1359,20.00,1549,21.00,2033,20.00,1717,20.00,1578,2.00,1587,0.00,894,1.00,5,0.16
15050,20.00,2588,20.00,3613,20.00,2168,20.00,1869,20.00,1945,4.00,2894,-2.00,5861,5.00,4691,0.00,1517,20.00,2289,20.00,2566,40.00,2363,3.00,1141,20.00,3739,1.00,1359,20.00,1549,20.00,2033,20.00,1717,20.00,1577,4.00,1587,-1.00,894,-4.00,5,0.00
15086,19.00,2589,20.00,3613,21.00,2168,20.00,1869,20.00,1945,4.00,2894,-2.00,5861,5.00,4691,2.00,1517,20.00,2289,20.00,2566,40.00,2363,4.00,1141,20.00,3739,3.00,1359,20.00,1549,21.00,2033,19.00,1717,20.00,1578,5.00,1587,0.00,894,-4.00,5,0.16
15122,20.00,2588,20.00,3613,21.00,2168,19.00,1869,19.00,1945,5.00,2894,-2.00,5861,5.00,4691,1.00,1517,20.00,2289,20.00,2566,40.00,2363,3.00,1141,20.00,3739,0.00,1359,20.00,1549,20.00,2033,20.00,1717,20.00,1578,6.00,1587,5.00,894,-4.00,5,0.08
15157,20.00,2589,20.00,3612,20.00,2168,20.00,1869,20.00,1945,4.00,2894,-2.00,5861,5.00,4691,2.00,1517,20.00,2289,21.00,2566,40.00,2363,0.00,1141,20.00,3739,1.00,1359,20.00,1549,20.00,2033,20.00,1717,20.00,1578,5.00,1587,3.00,894,-3.00,5,0.00
15193,20.00,2588,20.00,3613,20.00,2168,21.00,1869,20.00,1945,4.00,2894,-2.00,5861,4.00,4691,2.00,1517,20.00,2289,20.00,2566,40.00,2363,3.00,1141,20.00,3739,2.00,1359,20.00,1549,20.00,2033,20.00,1717,20.00,1578,3.00,1587,-1.00,894,-4.00,5,0.00
15229,20.00,2588,20.00,3613,20.00,2168,20.00,1869,20.00,1945,4.00,2894,-2.00,5861,5.00,4691,3.00,1517,20.00,2289,20.00,2566,40.00,2363,5.00,1141,20.00,3739,0.00,1359,20.00,1549,21.00,2033,20.00,1717,19.00,1578,4.00,1587,0.00,894,-3.00,5,0.08
15265,20.00,2588,20.00,3613,19.00,2168,20.00,1869,19.00,1945,4.00,2894,-2.00,5861,5.00,4691,2.00,1517,20.00,2289,20.00,2566,40.00,2363,2.00,1141,20.00,3739,0.00,1359,20.00,1549,20.00,2033,21.00,1717,20.00,1578,2.00,1587,-1.00,894,-4.00,5,0.08
15300,20.00,2589,20.00,3613,20.00,2168,17.00,1869,20.00,1945,5.00,2894,-2.00,5861,5.00,4691,1.00,1517,21.00,2289,20.00,2566,40.00,2363,2.00,1141,20.00,3739,0.00,1359,20.00,1549,20.00,2033,20.00,1717,19.00,1577,4.00,1587,-2.00,894,-4.00,5,0.00
15336,20.00,2588,20.00,3613,19.00,2168,20.00,1869,20.00,1945,5.00,2894,-3.00,5861,6.00,4691,2.00,1517,20.00,2289,20.00,2566,40.00,2363,2.00,1141,20.00,3739,2.00,1359,19.00,1549,20.00,2033,20.00,1717,20.00,1578,4.00,1587,-1.00,894,-4.00,5,0.08
15372,21.00,2588,20.00,3613,20.00,2168,20.00,1869,20.00,1945,3.00,2894,-2.00,5861,6.00,4691,1.00,1517,20.00,2289,20.00,2566,40.00,2363,3.00,1141,20.00,3739,0.00,1359,20.00,1549,20.00,2033,21.00,1717,21.00,1577,5.00,1587,-1.00,894,-3.00,5,0.08
15407,20.00,2589,20.00,3613,19.00,2168,20.00,1869,20.00,1945,5.00,2894,-1.00,5861,5.00,4691,1.00,1517,20.00,2289,20.00,2566,40.00,2363,2.00,1141,20.00,3739,1.00,1359,20.00,1549,21.00,2033,19.00,1717,19.00,1578,5.00,1587,0.00,894,-5.00,5,0.16
15443,20.00,2588,20.00,3613,20.00,2168,20.00,1869,20.00,1945,5.00,2894,-2.00,5861,5.00,4691,1.00,1517,20.00,2289,20.00,2566,40.00,2363,3.00,1141,20.00,3739,0.00,1359,20.00,1549,20.00,2033,20.00,1717,19.00,1578,4.00,1587,2.00,894,-3.00,5,0.00
15479,20.00,2588,20.00,3613,21.00,2168,20.00,1869,20.00,1945,4.00,2894,-2.00,5861,5.00,4691,2.00,1517,21.00,2289,20.00,2566,40.00,2363,1.00,1141,20.00,3739,0.00,1359,19.00,1549,20.00,2033,20.00,1717,20.00,1578,5.00,1587,0.00,894,-5.00,5,0.16
15515,20.00,2588,20.00,3613,20.00,2168,20.00,1869,20.00,1945,4.00,2894,-2.00,5861,5.00,4691,2.00,1517,20.00,2289,21.00,2566,40.00,2363,1.00,1141,19.00,3739,2.00,1359,20.00,1549,20.00,2033,20.00,1717,20.00,1578,4.00,1587,0.00,894,-5.00,5,0.08