Format Version,1.24,Take Name,Push_330_deg_003,Take Notes,,Capture Frame Rate,100.000000,Export Frame Rate,100.000000,Capture Start Time,2025-02-02 10.50.16.805 午後,Capture Start Frame,4053267,Total Frames in Take,1501,Total Exported Frames,1501,Rotation Type,Quaternion,Length Units,Millimeters,Coordinate Space,Local

,Type,Rigid Body,Rigid Body,Rigid Body,Rigid Body,Rigid Body,Rigid Body,Rigid Body
,Name,Rigid Body 002,Rigid Body 002,Rigid Body 002,Rigid Body 002,Rigid Body 002,Rigid Body 002,Rigid Body 002
,ID,7081C4A4E11211EF3C28FEC2583C42A9,7081C4A4E11211EF3C28FEC2583C42A9,7081C4A4E11211EF3C28FEC2583C42A9,7081C4A4E11211EF3C28FEC2583C42A9,7081C4A4E11211EF3C28FEC2583C42A9,7081C4A4E11211EF3C28FEC2583C42A9,7081C4A4E11211EF3C28FEC2583C42A9
,,Rotation,Rotation,Rotation,Rotation,Position,Position,Position
Frame,Time (Seconds),X,Y,Z,W,X,Y,Z
0,0.000000,0.018549,-0.017534,-0.006582,0.999653,152.119354,420.016602,106.994553
1,0.010000,0.018371,-0.017533,-0.006481,0.999657,152.127838,420.029968,106.951546
2,0.020000,0.018259,-0.017462,-0.006567,0.999659,152.137466,420.034943,106.928116
3,0.030000,,,,,,,
4,0.040000,0.018154,-0.017469,-0.006611,0.999661,152.146759,420.044403,106.895760
5,0.050000,0.018127,-0.017731,-0.006397,0.999658,152.134476,420.046967,106.878578
6,0.060000,,,,,,,
7,0.070000,0.018077,-0.017228,-0.006670,0.999666,152.138351,420.042664,106.871727
8,0.080000,0.018085,-0.017604,-0.006331,0.999661,152.099747,420.036163,106.876450
9,0.090000,0.018157,-0.017671,-0.006358,0.999659,152.094925,420.035095,106.888603
10,0.100000,0.018231,-0.017608,-0.006463,0.999658,152.087952,420.037079,106.904060
11,0.110000,0.018291,-0.017785,-0.006181,0.999655,152.063309,420.033966,106.912331
12,0.120000,0.018272,-0.017531,-0.006484,0.999658,152.058212,420.037994,106.922295
13,0.130000,0.018280,-0.017725,-0.006325,0.999656,152.032898,420.037628,106.916374
14,0.140000,0.018276,-0.017778,-0.006313,0.999655,152.008881,420.040619,106.914391
15,0.150000,0.018257,-0.017691,-0.006480,0.999656,151.989227,420.051514,106.905998
16,0.160000,0.018214,-0.017582,-0.006638,0.999658,151.972427,420.069427,106.891068
17,0.170000,0.017027,-0.009971,-0.013539,0.999714,152.394836,420.312866,107.004967
18,0.180000,0.018071,-0.017456,-0.006662,0.999662,151.899475,420.103394,106.860626
19,0.190000,0.018029,-0.017691,-0.006482,0.999660,151.848740,420.110443,106.848694
20,0.200000,0.017725,-0.017247,-0.006146,0.999675,151.866638,420.149872,106.859047
21,0.210000,0.017675,-0.017170,-0.006189,0.999677,151.833374,420.168976,106.852997
22,0.220000,0.016620,-0.009343,-0.013688,0.999725,152.262115,420.408569,106.982422
23,0.230000,0.017577,-0.016918,-0.006582,0.999681,151.760101,420.214050,106.837273
24,0.240000,0.017843,-0.017589,-0.006801,0.999663,151.639328,420.199615,106.799858
25,0.250000,0.017846,-0.017484,-0.006911,0.999664,151.557281,420.185791,106.783134
26,0.260000,0.017797,-0.017381,-0.006920,0.999667,151.479874,420.168488,106.765503
27,0.270000,0.017517,-0.016759,-0.006818,0.999683,151.441879,420.180511,106.766632
28,0.280000,0.017450,-0.016589,-0.007022,0.999685,151.347626,420.189972,106.753738
29,0.290000,0.016394,-0.008681,-0.014489,0.999723,151.706131,420.415161,106.871010
30,0.300000,,,,,,,
31,0.310000,0.017350,-0.016384,-0.007233,0.999689,150.992538,420.211334,106.710541
32,0.320000,0.017326,-0.016426,-0.007270,0.999689,150.844147,420.195282,106.709152
33,0.330000,0.017324,-0.016709,-0.006975,0.999686,150.681808,420.181702,106.702820
34,0.340000,0.017338,-0.016873,-0.006537,0.999686,150.485703,420.170166,106.691612
35,0.350000,0.017362,-0.016897,-0.006374,0.999686,150.312515,420.171753,106.681618
36,0.360000,0.017346,-0.016882,-0.006344,0.999687,150.137451,420.176666,106.670670
37,0.370000,,,,,,,
38,0.380000,,,,,,,
39,0.390000,0.017231,-0.017034,-0.006481,0.999685,149.530136,420.177155,106.622330
40,0.400000,,,,,,,
41,0.410000,0.017245,-0.016617,-0.006951,0.999689,149.097626,420.180054,106.575737
42,0.420000,0.017189,-0.016680,-0.006588,0.999691,148.866760,420.172272,106.544769
43,0.430000,,,,,,,
44,0.440000,0.016995,-0.016334,-0.006926,0.999698,148.410065,420.164673,106.500168
45,0.450000,0.017018,-0.016309,-0.006906,0.999698,148.160828,420.160400,106.486977
46,0.460000,,,,,,,
47,0.470000,0.016971,-0.015721,-0.008343,0.999698,147.758636,420.193115,106.461220
48,0.480000,0.015813,-0.006115,-0.017958,0.999695,148.085587,420.471344,106.615883
49,0.490000,,,,,,,
50,0.500000,0.014962,0.004755,-0.028049,0.999483,148.213440,420.666504,106.786682
51,0.510000,0.015937,-0.005541,-0.018637,0.999684,147.303482,420.457947,106.651497
52,0.520000,0.017087,-0.014728,-0.009590,0.999700,146.466461,420.202362,106.506668
53,0.530000,0.017427,-0.018407,-0.004597,0.999668,145.930222,420.077881,106.511681
54,0.540000,0.016605,-0.011180,-0.011220,0.999737,146.079758,420.257599,106.659622
55,0.550000,0.017594,-0.018000,-0.004855,0.999671,145.371613,420.061523,106.521263
56,0.560000,0.017502,-0.017829,-0.004851,0.999676,145.085281,420.064026,106.491882
57,0.570000,0.017359,-0.017964,-0.004791,0.999676,144.763992,420.067230,106.456268
58,0.580000,0.017259,-0.016698,-0.006931,0.999688,144.551071,420.129852,106.410858
59,0.590000,0.017057,-0.015115,-0.009440,0.999696,144.349457,420.190399,106.355904
60,0.600000,,,,,,,
61,0.610000,0.016690,-0.013427,-0.012471,0.999693,143.728577,420.188965,106.310211
62,0.620000,0.016734,-0.013039,-0.012538,0.999696,143.327713,420.172699,106.291611
63,0.630000,0.016772,-0.013473,-0.012089,0.999696,142.907730,420.147278,106.276779
64,0.640000,0.016715,-0.013803,-0.011573,0.999698,142.431793,420.123718,106.275024
65,0.650000,0.015817,-0.010898,-0.012378,0.999739,142.268677,420.257965,106.323578
66,0.660000,,,,,,,
67,0.670000,,,,,,,
68,0.680000,0.014774,-0.003500,-0.020229,0.999680,141.364410,420.481720,106.412804
69,0.690000,0.016711,-0.012725,-0.012941,0.999696,140.182968,420.160278,106.216087
70,0.700000,0.016891,-0.013877,-0.011761,0.999692,139.595779,420.107361,106.158325
71,0.710000,0.015833,-0.005211,-0.021180,0.999637,139.651169,420.359009,106.278656
72,0.720000,0.016784,-0.012747,-0.013158,0.999691,138.666183,420.137939,106.138580
73,0.730000,0.016932,-0.013579,-0.012247,0.999689,138.118576,420.093079,106.113930
74,0.740000,0.016900,-0.014750,-0.011036,0.999688,137.554749,420.036713,106.127022
75,0.750000,0.016890,-0.014905,-0.010696,0.999689,137.032715,420.017761,106.114204
76,0.760000,0.016854,-0.015008,-0.010398,0.999691,136.517685,420.005066,106.110123
77,0.770000,0.015762,-0.005326,-0.020964,0.999642,136.657669,420.269348,106.245979
78,0.780000,0.016942,-0.014582,-0.011142,0.999688,135.577560,420.012024,106.075905
79,0.790000,0.017011,-0.016138,-0.009525,0.999680,135.018341,419.973785,106.031166
80,0.800000,0.015800,-0.005641,-0.020607,0.999647,135.194244,420.271820,106.160431
81,0.810000,0.016976,-0.014578,-0.011296,0.999686,134.148438,420.036041,105.980804
82,0.820000,0.016190,-0.013815,-0.010110,0.999722,133.842499,420.127258,105.988579
83,0.830000,,,,,,,
84,0.840000,0.016915,-0.016127,-0.009497,0.999682,132.697968,419.997559,105.892944
85,0.850000,0.015958,-0.014207,-0.008919,0.999732,132.449615,420.109375,105.916946
86,0.860000,,,,,,,
87,0.870000,0.015555,-0.007026,-0.017875,0.999695,131.961914,420.249359,106.015114
88,0.880000,0.017013,-0.015992,-0.009684,0.999681,130.898270,419.992096,105.820366
89,0.890000,0.015802,-0.014348,-0.007748,0.999742,130.726883,420.105408,105.886307
90,0.900000,0.015638,-0.008260,-0.016674,0.999705,130.585602,420.229340,105.951378
91,0.910000,0.016455,-0.015431,-0.008192,0.999712,129.706696,420.019684,105.839600
92,0.920000,0.016533,-0.016877,-0.006343,0.999701,129.197876,419.985138,105.791931
93,0.930000,0.016915,-0.018107,-0.005710,0.999677,128.634262,419.944244,105.728249
94,0.940000,0.015323,-0.008654,-0.014252,0.999744,128.901184,420.230804,105.900238
95,0.950000,0.015137,-0.015565,-0.003965,0.999756,128.152664,420.117554,105.774773
96,0.960000,0.016142,-0.019259,-0.001499,0.999683,127.415092,419.973816,105.674690
97,0.970000,0.016124,-0.019392,-0.001310,0.999681,126.953125,419.948456,105.644180
98,0.980000,0.016307,-0.003647,-0.025173,0.999544,127.214256,420.220642,105.815575
99,0.990000,0.017341,-0.011507,-0.017598,0.999629,126.259583,419.991241,105.633644
100,1.000000,0.017359,-0.012573,-0.016097,0.999641,125.805855,419.968048,105.589890
101,1.010000,0.016152,-0.003462,-0.025707,0.999533,125.984863,420.233154,105.718117
102,1.020000,0.016250,-0.003356,-0.025729,0.999531,125.600990,420.228241,105.707863
103,1.030000,0.017141,-0.011430,-0.016969,0.999644,124.717209,420.016479,105.562569
104,1.040000,0.016022,-0.004985,-0.023006,0.999595,124.752998,420.199341,105.660385
105,1.050000,0.016188,-0.010029,-0.015524,0.999698,124.107460,420.104034,105.573601
106,1.060000,0.016021,-0.005539,-0.021551,0.999624,123.932106,420.170685,105.644905
107,1.070000,0.016110,-0.010696,-0.014263,0.999711,123.288086,420.078644,105.553139
108,1.080000,0.016908,-0.013787,-0.012241,0.999687,122.639511,419.951324,105.495903
109,1.090000,0.016207,-0.012313,-0.011737,0.999724,122.412544,420.038269,105.520607
110,1.100000,0.015910,-0.005925,-0.020353,0.999649,122.366814,420.172241,105.632439
111,1.110000,0.014757,-0.013552,-0.008622,0.999762,121.641930,420.092133,105.625092
112,1.120000,0.014039,-0.015719,-0.004002,0.999770,121.197845,420.091980,105.636559
113,1.130000,0.014028,-0.016960,-0.001843,0.999756,120.753204,420.069305,105.620148
114,1.140000,0.013262,-0.010080,-0.008186,0.999828,120.793846,420.235748,105.716072
115,1.150000,0.013970,-0.016910,-0.000116,0.999759,119.968369,420.074463,105.556358
116,1.160000,0.013204,-0.011697,-0.004932,0.999832,119.892921,420.220642,105.640327
117,1.170000,0.013762,-0.018187,0.002639,0.999736,119.059143,420.062042,105.495209
118,1.180000,0.013682,-0.018990,0.004490,0.999716,118.552299,420.040436,105.450752
119,1.190000,0.012743,-0.012759,-0.001477,0.999836,118.496750,420.228912,105.535530
120,1.200000,0.012611,-0.010627,-0.003185,0.999859,118.175598,420.276001,105.572113
121,1.210000,0.012576,-0.011648,-0.001382,0.999852,117.688560,420.259705,105.523178
122,1.220000,0.012358,-0.011789,-0.000369,0.999854,117.215973,420.254395,105.482857
123,1.230000,0.012232,-0.011799,0.000903,0.999855,116.766800,420.262024,105.455681
124,1.240000,0.012328,-0.012584,0.002121,0.999843,116.233398,420.243713,105.382988
125,1.250000,0.014678,-0.002105,-0.020702,0.999676,115.841202,420.245667,105.392578
126,1.260000,0.014711,-0.004477,-0.018331,0.999714,115.185127,420.215027,105.303726
127,1.270000,0.014024,-0.005273,-0.013996,0.999790,114.800209,420.217072,105.340836
128,1.280000,0.014682,-0.002161,-0.020845,0.999673,114.306625,420.227264,105.298851
129,1.290000,0.014676,-0.001453,-0.021241,0.999666,113.808289,420.226196,105.274467
130,1.300000,0.014525,-0.000650,-0.022236,0.999647,113.333389,420.237183,105.260391
131,1.310000,0.014647,-0.001141,-0.021601,0.999659,112.774231,420.219025,105.215134
132,1.320000,0.014680,-0.003167,-0.019784,0.999691,112.134544,420.201630,105.134811
133,1.330000,0.014530,-0.000221,-0.022750,0.999636,111.786316,420.221008,105.167862
134,1.340000,0.015411,-0.004650,-0.021377,0.999642,110.833809,420.114746,105.043320
135,1.350000,0.015456,-0.004087,-0.022199,0.999626,110.323875,420.120941,105.024734
136,1.360000,0.014520,-0.000402,-0.023936,0.999608,110.194687,420.233734,105.111534
137,1.370000,0.015325,-0.000807,-0.025438,0.999559,109.555939,420.156494,105.055481
138,1.380000,0.015377,-0.003284,-0.023327,0.999604,108.908234,420.134277,104.982605
139,1.390000,0.015350,-0.000405,-0.026323,0.999536,108.603714,420.156494,105.019440
140,1.400000,0.015285,0.000782,-0.027855,0.999495,108.198914,420.180695,105.018906
141,1.410000,0.015448,-0.002310,-0.024307,0.999583,107.517296,420.133209,104.947540
142,1.420000,0.015313,-0.002479,-0.024165,0.999588,107.066925,420.139526,104.930580
143,1.430000,0.015103,0.002549,-0.029878,0.999436,106.964218,420.209839,104.997559
144,1.440000,0.015065,0.003600,-0.031140,0.999395,106.581017,420.226410,104.983620
145,1.450000,0.015416,-0.002638,-0.024524,0.999577,105.751015,420.121613,104.883766
146,1.460000,0.015481,-0.008744,-0.015353,0.999724,105.034187,420.000092,104.773666
147,1.470000,0.016321,-0.011649,-0.013807,0.999704,104.326401,419.872253,104.692032
148,1.480000,0.016348,-0.012124,-0.013512,0.999702,103.895302,419.860870,104.652794
149,1.490000,0.015389,-0.003452,-0.023311,0.999604,104.117569,420.101105,104.775101
150,1.500000,0.014622,-0.002272,-0.022624,0.999635,103.969856,420.175537,104.785904
151,1.510000,0.016004,-0.010666,-0.015068,0.999701,102.998138,419.906342,104.599258
152,1.520000,0.016259,-0.012008,-0.013685,0.999702,102.582886,419.859955,104.565689
153,1.530000,0.017030,-0.019203,-0.002433,0.999668,101.739594,419.645294,104.595741
154,1.540000,0.017202,-0.019815,-0.001336,0.999655,101.416504,419.616455,104.600052
155,1.550000,0.015632,-0.012419,-0.005960,0.999783,101.707954,419.868927,104.754173
156,1.560000,0.015589,-0.011384,-0.007154,0.999788,101.489342,419.891754,104.773308
157,1.570000,0.016370,-0.012706,-0.008344,0.999751,101.054550,419.799286,104.720535
158,1.580000,0.017157,-0.019195,-0.002271,0.999666,100.440979,419.624939,104.595558
159,1.590000,0.017169,-0.019938,-0.001140,0.999653,100.169838,419.600525,104.568962
160,1.600000,0.017236,-0.019637,-0.001606,0.999657,99.966949,419.594055,104.565384
161,1.610000,0.017245,-0.019799,-0.001421,0.999654,99.744934,419.588074,104.550339
162,1.620000,0.015690,-0.012562,-0.006354,0.999778,100.098129,419.842621,104.688721
163,1.630000,0.015518,-0.011104,-0.007654,0.999789,99.987663,419.883362,104.707054
164,1.640000,0.016505,-0.013162,-0.007885,0.999746,99.541924,419.779663,104.656876
165,1.650000,0.016651,-0.013308,-0.007784,0.999743,99.323402,419.766663,104.674393
166,1.660000,0.017382,-0.019668,-0.001556,0.999654,98.762756,419.593689,104.569565
167,1.670000,0.017471,-0.020398,-0.000886,0.999639,98.544662,419.568481,104.550896
168,1.680000,0.017413,-0.020248,-0.001302,0.999643,98.367905,419.568634,104.544685
169,1.690000,0.017289,-0.017993,-0.003092,0.999684,98.188423,419.593689,104.529358
170,1.700000,0.016546,-0.016515,-0.002539,0.999723,98.146919,419.652405,104.556999
171,1.710000,0.015488,-0.009560,-0.008475,0.999798,98.359055,419.847473,104.676392
172,1.720000,0.016110,-0.010042,-0.010242,0.999767,98.017799,419.781555,104.633980
173,1.730000,0.016252,-0.010415,-0.010130,0.999762,97.769653,419.768555,104.616333
174,1.740000,0.016311,-0.010452,-0.009950,0.999763,97.531807,419.767731,104.608742
175,1.750000,0.017004,-0.016626,-0.003988,0.999709,96.921432,419.606262,104.485184
176,1.760000,0.017156,-0.017804,-0.002931,0.999690,96.620964,419.576508,104.451851
177,1.770000,0.016635,-0.017970,-0.000955,0.999700,96.455574,419.625061,104.457832
178,1.780000,0.015437,-0.010209,-0.007955,0.999797,96.730713,419.825470,104.588722
179,1.790000,0.015259,-0.008985,-0.009268,0.999800,96.591278,419.831360,104.587654
180,1.800000,0.016048,-0.010009,-0.010149,0.999770,96.230553,419.744965,104.536392
181,1.810000,0.016243,-0.010928,-0.009489,0.999763,96.009293,419.713196,104.526558
182,1.820000,0.016293,-0.010834,-0.009902,0.999759,95.862526,419.719574,104.536713
183,1.830000,0.016411,-0.011134,-0.009596,0.999757,95.697044,419.723297,104.534019
184,1.840000,0.017121,-0.017662,-0.003348,0.999692,95.186417,419.565460,104.427162
185,1.850000,0.016557,-0.017989,-0.001384,0.999700,95.133018,419.622314,104.430199
186,1.860000,0.016478,-0.017468,-0.001494,0.999711,95.015381,419.635590,104.430359
187,1.870000,0.016558,-0.017325,-0.001656,0.999711,94.883034,419.627960,104.424385
188,1.880000,0.016526,-0.017237,-0.001692,0.999713,94.782135,419.620850,104.415665
189,1.890000,0.015551,-0.010005,-0.008482,0.999793,95.127792,419.808075,104.539215
190,1.900000,0.015438,-0.009241,-0.009237,0.999795,95.091614,419.823364,104.541504
191,1.910000,0.015406,-0.009245,-0.009190,0.999796,95.018822,419.820557,104.523888
192,1.920000,0.015425,-0.009909,-0.008429,0.999796,94.915733,419.801636,104.489189
193,1.930000,0.016157,-0.011242,-0.009295,0.999763,94.681412,419.723755,104.421974
194,1.940000,0.016227,-0.011527,-0.009091,0.999761,94.610146,419.724091,104.407234
195,1.950000,0.016207,-0.011545,-0.009077,0.999761,94.566261,419.727051,104.394867
196,1.960000,0.016174,-0.011423,-0.009173,0.999762,94.533546,419.726715,104.388168
197,1.970000,0.016118,-0.011311,-0.009095,0.999765,94.515228,419.723541,104.388710
198,1.980000,0.016123,-0.011192,-0.009224,0.999765,94.493340,419.717987,104.391853
199,1.990000,0.016130,-0.011169,-0.009274,0.999765,94.474197,419.715088,104.393478
200,2.000000,0.016151,-0.011389,-0.009116,0.999763,94.446754,419.712402,104.396400
201,2.010000,0.016222,-0.011794,-0.008560,0.999762,94.402039,419.710968,104.401443
202,2.020000,0.016221,-0.011746,-0.008778,0.999761,94.389832,419.717468,104.410561
203,2.030000,0.016238,-0.011709,-0.008887,0.999760,94.384354,419.720978,104.415985
204,2.040000,0.016247,-0.011744,-0.008886,0.999760,94.376801,419.720886,104.418785
205,2.050000,0.016256,-0.011789,-0.008806,0.999760,94.366684,419.719421,104.422256
206,2.060000,0.016267,-0.011797,-0.008799,0.999759,94.355270,419.719879,104.427917
207,2.070000,0.016289,-0.011816,-0.008770,0.999759,94.339714,419.719208,104.436447
208,2.080000,0.016311,-0.011599,-0.008930,0.999760,94.324341,419.722382,104.443970
209,2.090000,0.016349,-0.012238,-0.008361,0.999757,94.277977,419.708832,104.435028
210,2.100000,0.016386,-0.012123,-0.008454,0.999757,94.257019,419.710114,104.439941
211,2.110000,0.016411,-0.012086,-0.008531,0.999756,94.240639,419.711914,104.445580
212,2.120000,0.016450,-0.011875,-0.008985,0.999754,94.228844,419.719055,104.449883
213,2.130000,0.016465,-0.011934,-0.009043,0.999752,94.208305,419.722961,104.449387
214,2.140000,0.016471,-0.011923,-0.009092,0.999752,94.187546,419.724915,104.451622
215,2.150000,0.016470,-0.011914,-0.009130,0.999752,94.161400,419.725403,104.455688
216,2.160000,0.016468,-0.012071,-0.008922,0.999752,94.112755,419.724335,104.458244
217,2.170000,0.016492,-0.012068,-0.008778,0.999753,94.064064,419.726166,104.456306
218,2.180000,0.016513,-0.011985,-0.008892,0.999752,94.023941,419.729034,104.452820
219,2.190000,0.016498,-0.011909,-0.009008,0.999752,93.983971,419.730591,104.448158
220,2.200000,0.016460,-0.011853,-0.009136,0.999753,93.940651,419.730957,104.442596
221,2.210000,0.017144,-0.017924,-0.003112,0.999688,93.534378,419.570007,104.333099
222,2.220000,0.016623,-0.017869,-0.001584,0.999701,93.562492,419.622437,104.329308
223,2.230000,0.016508,-0.018289,-0.001009,0.999696,93.493942,419.630768,104.310982
224,2.240000,0.016492,-0.018343,-0.000959,0.999695,93.436234,419.628876,104.301361
225,2.250000,0.016509,-0.018419,-0.000862,0.999694,93.360558,419.620361,104.289986
226,2.260000,0.016497,-0.018240,-0.001285,0.999697,93.296928,419.615967,104.288689
227,2.270000,0.015707,-0.020812,0.004963,0.999648,93.272377,419.618774,104.304443
228,2.280000,0.016570,-0.018059,-0.001351,0.999699,93.186272,419.613129,104.304924
229,2.290000,0.016553,-0.017831,-0.001661,0.999703,93.141975,419.615112,104.309532
230,2.300000,0.016621,-0.018242,-0.000932,0.999695,93.051186,419.607483,104.307968
231,2.310000,0.015562,-0.010632,-0.007990,0.999790,93.466095,419.813721,104.435837
232,2.320000,0.015516,-0.009893,-0.008998,0.999790,93.440880,419.827515,104.433662
233,2.330000,0.015513,-0.009881,-0.009018,0.999790,93.376701,419.828461,104.419739
234,2.340000,0.016278,-0.011707,-0.009381,0.999755,93.103760,419.739227,104.347656
235,2.350000,0.016327,-0.011981,-0.009275,0.999752,93.016075,419.735199,104.332954
236,2.360000,0.016281,-0.012204,-0.009242,0.999750,92.925209,419.736633,104.328140
237,2.370000,0.016217,-0.012051,-0.009102,0.999754,92.840744,419.738159,104.322266
238,2.380000,0.016216,-0.012130,-0.009127,0.999753,92.748161,419.732086,104.306313
239,2.390000,0.016287,-0.012647,-0.008502,0.999751,92.608025,419.715668,104.286720
240,2.400000,0.016315,-0.012739,-0.008510,0.999750,92.503731,419.712677,104.280945
241,2.410000,0.016303,-0.012909,-0.008502,0.999748,92.391525,419.713043,104.287300
242,2.420000,0.015657,-0.011710,-0.007529,0.999781,92.447060,419.805817,104.342628
243,2.430000,0.016568,-0.018699,-0.001076,0.999687,91.900429,419.624207,104.218773
244,2.440000,0.016759,-0.019659,0.000077,0.999666,91.722359,419.602386,104.217720
245,2.450000,0.016788,-0.020323,0.000749,0.999652,91.560478,419.590637,104.205795
246,2.460000,0.016795,-0.019364,-0.000383,0.999671,91.465469,419.597900,104.208466
247,2.470000,0.016787,-0.019306,-0.000304,0.999673,91.338936,419.594025,104.195152
248,2.480000,0.015750,-0.011904,-0.007099,0.999780,91.640045,419.791534,104.318565
249,2.490000,0.016310,-0.012278,-0.008868,0.999752,91.384384,419.734497,104.275818
250,2.500000,0.016271,-0.012063,-0.007374,0.999768,91.056442,419.636322,104.303551
251,2.510000,0.016296,-0.012908,-0.008142,0.999751,91.023239,419.683624,104.255836
252,2.520000,0.016285,-0.012874,-0.008838,0.999746,90.938049,419.725983,104.225868
253,2.530000,0.016317,-0.012613,-0.009206,0.999745,90.872604,419.740479,104.223366
254,2.540000,0.015588,-0.011962,-0.007198,0.999781,90.901634,419.807281,104.259018
255,2.550000,0.014909,-0.015033,-0.000518,0.999776,90.783745,419.783905,104.246567
256,2.560000,0.014886,-0.014824,-0.000727,0.999779,90.722595,419.784882,104.246483
257,2.570000,0.015553,-0.012039,-0.006990,0.999782,90.667610,419.794403,104.247910
258,2.580000,0.016508,-0.018592,-0.001211,0.999690,90.190933,419.611938,104.121208
259,2.590000,0.016578,-0.019235,-0.000561,0.999677,90.115616,419.596954,104.107819
260,2.600000,0.016626,-0.019172,-0.000441,0.999678,90.079079,419.594879,104.111588
261,2.610000,0.016563,-0.018498,-0.001023,0.999691,90.098854,419.608826,104.119041
262,2.620000,0.016560,-0.018544,-0.000993,0.999690,90.087120,419.611694,104.107933
263,2.630000,0.016529,-0.018609,-0.001116,0.999690,90.100952,419.616150,104.097107
264,2.640000,0.016527,-0.018617,-0.001125,0.999689,90.107697,419.620209,104.093971
265,2.650000,0.016573,-0.018529,-0.001066,0.999690,90.105736,419.620819,104.104668
266,2.660000,0.016593,-0.018540,-0.001028,0.999690,90.108017,419.621368,104.116821
267,2.670000,0.016596,-0.018674,-0.000906,0.999688,90.106003,419.619537,104.123680
268,2.680000,0.016632,-0.018843,-0.000803,0.999684,90.099007,419.617889,104.125931
269,2.690000,0.016628,-0.018714,-0.000878,0.999686,90.087524,419.616852,104.125145
270,2.700000,0.016621,-0.018677,-0.000914,0.999687,90.077011,419.616547,104.121155
271,2.710000,0.016616,-0.018656,-0.000940,0.999687,90.066277,419.620270,104.114738
272,2.720000,0.016618,-0.018561,-0.001047,0.999689,90.057816,419.626129,104.112389
273,2.730000,0.016632,-0.018510,-0.001118,0.999690,90.056702,419.628143,104.118080
274,2.740000,0.016666,-0.018492,-0.001150,0.999689,90.059502,419.631348,104.131393
275,2.750000,0.016708,-0.018698,-0.001062,0.999685,90.066132,419.638702,104.142578
276,2.760000,0.016726,-0.018743,-0.001086,0.999684,90.072418,419.647552,104.149567
277,2.770000,0.016716,-0.019037,-0.000858,0.999679,90.058037,419.652100,104.147789
278,2.780000,0.016743,-0.018777,-0.001087,0.999683,90.069801,419.650452,104.151154
279,2.790000,0.016745,-0.018763,-0.001080,0.999683,90.061249,419.651398,104.146179
280,2.800000,0.016722,-0.019088,-0.000796,0.999678,90.027245,419.651855,104.135193
281,2.810000,0.016719,-0.019094,-0.000772,0.999678,90.011620,419.651917,104.134079
282,2.820000,0.016720,-0.019088,-0.000794,0.999678,89.995605,419.654297,104.138809
283,2.830000,0.016704,-0.019003,-0.000819,0.999680,89.968216,419.658722,104.139793
284,2.840000,0.016710,-0.019096,-0.000775,0.999678,89.935860,419.658569,104.132172
285,2.850000,0.016767,-0.019506,-0.000501,0.999669,89.880264,419.648804,104.114899
286,2.860000,0.016549,-0.013750,-0.007782,0.999738,90.104607,419.771973,104.198357
287,2.870000,0.016505,-0.013555,-0.008088,0.999739,90.089432,419.786926,104.184761
288,2.880000,0.016476,-0.013495,-0.008246,0.999739,90.069061,419.801300,104.167221
289,2.890000,0.016478,-0.013460,-0.008120,0.999741,90.029602,419.803009,104.158653
290,2.900000,0.016483,-0.013406,-0.008193,0.999741,90.009651,419.804474,104.163467
291,2.910000,0.016486,-0.013101,-0.008647,0.999741,89.995430,419.812195,104.181572
292,2.920000,0.016520,-0.013149,-0.008703,0.999739,89.975273,419.816650,104.202827
293,2.930000,0.016545,-0.013209,-0.008693,0.999738,89.952713,419.817078,104.219627
294,2.940000,0.016579,-0.013231,-0.008702,0.999737,89.922096,419.815674,104.234734
295,2.950000,0.016596,-0.013467,-0.008483,0.999736,89.873199,419.811127,104.240952
296,2.960000,0.016595,-0.013591,-0.008317,0.999735,89.825783,419.805847,104.235840
297,2.970000,0.016630,-0.014018,-0.007971,0.999732,89.752304,419.797607,104.225258
298,2.980000,0.016623,-0.014003,-0.008107,0.999731,89.704498,419.805054,104.219025
299,2.990000,0.016689,-0.014369,-0.007595,0.999729,89.624672,419.802734,104.218239
300,3.000000,0.016003,-0.016958,-0.001409,0.999727,89.575378,419.817841,104.215553
301,3.010000,0.015278,-0.015927,-0.000189,0.999756,89.676147,419.894104,104.264297
302,3.020000,0.015778,-0.013006,-0.006174,0.999772,89.654877,419.931274,104.270355
303,3.030000,0.015910,-0.012496,-0.007391,0.999768,89.590157,419.937408,104.264717
304,3.040000,0.015973,-0.012263,-0.007600,0.999768,89.516647,419.943939,104.270149
305,3.050000,0.016027,-0.012064,-0.007816,0.999768,89.453339,419.953888,104.282684
306,3.060000,0.017023,-0.019342,-0.001142,0.999667,88.940208,419.781067,104.157661
307,3.070000,0.017110,-0.019959,-0.000634,0.999654,88.847710,419.786072,104.151390
308,3.080000,0.017121,-0.020288,-0.000477,0.999648,88.776054,419.812317,104.149559
309,3.090000,0.016761,-0.013582,-0.009147,0.999725,89.025322,419.980133,104.253830
310,3.100000,0.016763,-0.013607,-0.009416,0.999723,88.965080,420.005096,104.249252
311,3.110000,0.016782,-0.013536,-0.009431,0.999723,88.900871,420.029999,104.237648
312,3.120000,0.016753,-0.013474,-0.009592,0.999723,88.849678,420.047150,104.224716
313,3.130000,0.016064,-0.016417,-0.003403,0.999730,88.780418,420.056061,104.202217
314,3.140000,0.015338,-0.015715,-0.001989,0.999757,88.871147,420.117126,104.252518
315,3.150000,0.015276,-0.015539,-0.001735,0.999761,88.826363,420.119476,104.258354
316,3.160000,0.015352,-0.015723,-0.001232,0.999758,88.753510,420.120148,104.260269
317,3.170000,0.015930,-0.013011,-0.007064,0.999763,88.724297,420.138763,104.256073
318,3.180000,0.016063,-0.012603,-0.008034,0.999759,88.662514,420.137878,104.248299
319,3.190000,0.016074,-0.012454,-0.008245,0.999759,88.614487,420.140259,104.246490
320,3.200000,0.016075,-0.012298,-0.008531,0.999759,88.565239,420.144379,104.246399
321,3.210000,0.016036,-0.012225,-0.008585,0.999760,88.504128,420.132355,104.237457
322,3.220000,0.016091,-0.011934,-0.008707,0.999761,88.408157,420.090424,104.236961
323,3.230000,0.016078,-0.011968,-0.008624,0.999762,88.331223,420.041382,104.235703
324,3.240000,0.016123,-0.012065,-0.008240,0.999763,88.219505,420.020416,104.240036
325,3.250000,0.016110,-0.012021,-0.008373,0.999763,88.150375,420.032196,104.234116
326,3.260000,0.016188,-0.012638,-0.007796,0.999759,88.024849,420.033569,104.222504
327,3.270000,0.017095,-0.019609,-0.001370,0.999661,87.516335,419.860870,104.092621
328,3.280000,0.016965,-0.019807,-0.000907,0.999660,87.378044,419.829498,104.089989
329,3.290000,0.016895,-0.019111,-0.001889,0.999673,87.297729,419.836182,104.098770
330,3.300000,0.016640,-0.013366,-0.009455,0.999727,87.464005,419.972809,104.177505
331,3.310000,0.016848,-0.014585,-0.008609,0.999715,87.310287,420.010162,104.171844
332,3.320000,0.016865,-0.014358,-0.009054,0.999714,87.229233,420.046661,104.170250
333,3.330000,0.016071,-0.012178,-0.008770,0.999758,87.320206,420.158142,104.222328
334,3.340000,0.015981,-0.011673,-0.009119,0.999763,87.238663,420.182037,104.217926
335,3.350000,0.016086,-0.012304,-0.008638,0.999758,87.057419,420.151184,104.180763
336,3.360000,0.016144,-0.012312,-0.008790,0.999755,86.887840,420.106781,104.156136
337,3.370000,0.016142,-0.012315,-0.008725,0.999756,86.741707,420.077362,104.147209
338,3.380000,0.016157,-0.012369,-0.008543,0.999757,86.577248,420.074707,104.144844
339,3.390000,0.016132,-0.011934,-0.008887,0.999759,86.432175,420.091736,104.136513
340,3.400000,0.017595,-0.020337,-0.002786,0.999635,85.652534,419.865662,103.965126
341,3.410000,0.016104,-0.016867,-0.002412,0.999725,85.838394,420.053375,104.073128
342,3.420000,0.016066,-0.012880,-0.008127,0.999755,85.814056,420.164062,104.117302
343,3.430000,0.016051,-0.012352,-0.008998,0.999754,85.648178,420.184998,104.104652
344,3.440000,0.015995,-0.012130,-0.009124,0.999757,85.453598,420.165344,104.086296
345,3.450000,0.016132,-0.012700,-0.008512,0.999753,85.197487,420.108734,104.082108
346,3.460000,0.016305,-0.012839,-0.008217,0.999751,84.957916,420.086639,104.093063
347,3.470000,0.016281,-0.012405,-0.008744,0.999752,84.768135,420.103912,104.100807
348,3.480000,0.017599,-0.020507,-0.003047,0.999630,83.996704,419.896667,103.936646
349,3.490000,0.016864,-0.013791,-0.009630,0.999716,84.189247,420.112305,104.055634
350,3.500000,0.016119,-0.012526,-0.008834,0.999753,84.185570,420.220154,104.086044
351,3.510000,0.016191,-0.012946,-0.008446,0.999749,83.951485,420.201416,104.055138
352,3.520000,0.016178,-0.012683,-0.008600,0.999752,83.769524,420.169403,104.035851
353,3.530000,0.016209,-0.012277,-0.008810,0.999754,83.593300,420.145935,104.040054
354,3.540000,0.016259,-0.012323,-0.009157,0.999750,83.403496,420.131531,104.040970
355,3.550000,0.016309,-0.012072,-0.009166,0.999752,83.236931,420.134003,104.047539
356,3.560000,0.016309,-0.016689,-0.003017,0.999723,82.896576,420.074036,103.996452
357,3.570000,0.016349,-0.017157,-0.002383,0.999716,82.745758,420.059113,104.004700
358,3.580000,0.016536,-0.017376,-0.001828,0.999711,82.586914,420.036957,104.030029
359,3.590000,0.017856,-0.020504,-0.002141,0.999628,82.134018,419.879272,103.945793
360,3.600000,0.017170,-0.013733,-0.009368,0.999714,82.421867,420.055939,104.039406
361,3.610000,0.016285,-0.010819,-0.010197,0.999757,82.613419,420.173920,104.109131
362,3.620000,0.016309,-0.010684,-0.010134,0.999759,82.569969,420.173035,104.127998
363,3.630000,0.016170,-0.010182,-0.010414,0.999763,82.528114,420.146912,104.155251
364,3.640000,0.017087,-0.011973,-0.010897,0.999723,82.283173,420.030914,104.108780
365,3.650000,0.016238,-0.010122,-0.010510,0.999762,82.461937,420.116730,104.153229
366,3.660000,0.017317,-0.012427,-0.010606,0.999717,82.248611,420.027405,104.090729
367,3.670000,0.017214,-0.012040,-0.010883,0.999720,82.209152,419.994354,104.095604
368,3.680000,0.017169,-0.012058,-0.010595,0.999724,82.189423,419.981293,104.096748
369,3.690000,0.017200,-0.012116,-0.010518,0.999723,82.172569,419.973022,104.097984
370,3.700000,0.017227,-0.012103,-0.010583,0.999722,82.164604,419.974518,104.104630
371,3.710000,0.017247,-0.012033,-0.010736,0.999721,82.163986,419.984406,104.116852
372,3.720000,0.016705,-0.010760,-0.010209,0.999750,82.376320,420.105377,104.172287
373,3.730000,0.016684,-0.010589,-0.010282,0.999752,82.394402,420.125183,104.182098
374,3.740000,0.016654,-0.010383,-0.010675,0.999750,82.408066,420.143463,104.193451
375,3.750000,0.016661,-0.010343,-0.010810,0.999749,82.418411,420.157928,104.196709
376,3.760000,0.016715,-0.010498,-0.010757,0.999747,82.427261,420.176941,104.186218
377,3.770000,0.016573,-0.010516,-0.010740,0.999750,82.429733,420.191772,104.157669
378,3.780000,0.016538,-0.010739,-0.010532,0.999750,82.421692,420.192657,104.128571
379,3.790000,0.016453,-0.011243,-0.010015,0.999751,82.395027,420.179565,104.094086
380,3.800000,0.016399,-0.011449,-0.009804,0.999752,82.384354,420.185486,104.073257
381,3.810000,0.015923,-0.010800,-0.010420,0.999761,82.404259,420.216705,104.026299
382,3.820000,0.015730,-0.010714,-0.010474,0.999764,82.396004,420.231354,103.992302
383,3.830000,0.015705,-0.010780,-0.010354,0.999765,82.379395,420.222656,103.987228
384,3.840000,0.015695,-0.010788,-0.010303,0.999766,82.366920,420.220367,103.983398
385,3.850000,0.015668,-0.010798,-0.010295,0.999766,82.348946,420.219788,103.973267
386,3.860000,0.015649,-0.010854,-0.010246,0.999766,82.330650,420.215485,103.963921
387,3.870000,0.015673,-0.010832,-0.010255,0.999766,82.322098,420.213409,103.970024
388,3.880000,0.015704,-0.010829,-0.010256,0.999765,82.315384,420.212433,103.986877
389,3.890000,0.015772,-0.010680,-0.010409,0.999764,82.308159,420.216217,104.005264
390,3.900000,0.015805,-0.010677,-0.010432,0.999764,82.290253,420.215302,104.011833
391,3.910000,0.015859,-0.010802,-0.010331,0.999763,82.259651,420.203583,104.013229
392,3.920000,0.015856,-0.010790,-0.010291,0.999763,82.236801,420.195465,104.014076
393,3.930000,0.015858,-0.010825,-0.010228,0.999763,82.209206,420.191193,104.011681
394,3.940000,0.015909,-0.010805,-0.010601,0.999759,82.168800,420.188507,104.006279
395,3.950000,0.015970,-0.011297,-0.009841,0.999760,82.108589,420.185364,104.000656
396,3.960000,0.015944,-0.010885,-0.009546,0.999768,82.129883,420.205658,103.986816
397,3.970000,0.016013,-0.010954,-0.009498,0.999767,82.086639,420.196899,103.992508
398,3.980000,0.016050,-0.011099,-0.009467,0.999765,82.029930,420.184784,104.003250
399,3.990000,0.016061,-0.011080,-0.009558,0.999764,81.987640,420.183624,104.007103
400,4.000000,0.016068,-0.011035,-0.009650,0.999763,81.941765,420.187164,104.005875
401,4.010000,0.016057,-0.010986,-0.009742,0.999763,81.898758,420.189514,104.001831
402,4.020000,0.016085,-0.011330,-0.009137,0.999765,81.822556,420.179810,103.997925
403,4.030000,0.016060,-0.011488,-0.009029,0.999764,81.761116,420.182281,103.987900
404,4.040000,0.016019,-0.011436,-0.009214,0.999764,81.718140,420.197815,103.972374
405,4.050000,0.015950,-0.011128,-0.009567,0.999765,81.676620,420.213745,103.956284
406,4.060000,0.015937,-0.011108,-0.008763,0.999773,81.626579,420.213165,103.960297
407,4.070000,0.015913,-0.011108,-0.008732,0.999774,81.582100,420.216003,103.958061
408,4.080000,0.015886,-0.011122,-0.008822,0.999773,81.535149,420.225616,103.957664
409,4.090000,0.015864,-0.011111,-0.008904,0.999773,81.495827,420.237610,103.953094
410,4.100000,0.015840,-0.010909,-0.009163,0.999773,81.456123,420.254913,103.951073
411,4.110000,0.015779,-0.011208,-0.009465,0.999768,81.354263,420.276825,103.923264
412,4.120000,0.015744,-0.011195,-0.009511,0.999768,81.305779,420.269287,103.909111
413,4.130000,0.015724,-0.011138,-0.009455,0.999770,81.250046,420.254791,103.898598
414,4.140000,0.015752,-0.011156,-0.009560,0.999768,81.199020,420.246399,103.886726
415,4.150000,0.015766,-0.011100,-0.009688,0.999767,81.158447,420.245850,103.879745
416,4.160000,0.015748,-0.011178,-0.009678,0.999767,81.118950,420.256989,103.868233
417,4.170000,0.015721,-0.011184,-0.009724,0.999767,81.077301,420.262421,103.856606
418,4.180000,0.015755,-0.011091,-0.009636,0.999768,81.017120,420.259491,103.858276
419,4.190000,0.015780,-0.010894,-0.009839,0.999768,80.974464,420.258759,103.869743
420,4.200000,0.015747,-0.010991,-0.009818,0.999767,80.920609,420.263000,103.875870
421,4.210000,0.015741,-0.011009,-0.009859,0.999767,80.873322,420.268372,103.877419
422,4.220000,0.015788,-0.011110,-0.009748,0.999766,80.808670,420.272308,103.884613
423,4.230000,0.015777,-0.010972,-0.010038,0.999765,80.749893,420.277374,103.894890
424,4.240000,0.015796,-0.011193,-0.009786,0.999765,80.655869,420.270752,103.882988
425,4.250000,0.015788,-0.011281,-0.009788,0.999764,80.583603,420.273804,103.875603
426,4.260000,0.015742,-0.011215,-0.009953,0.999764,80.518211,420.288361,103.872765
427,4.270000,0.015758,-0.011184,-0.010072,0.999763,80.452728,420.297272,103.877724
428,4.280000,0.015823,-0.011348,-0.009590,0.999764,80.349045,420.308716,103.882431
429,4.290000,0.015818,-0.011611,-0.008825,0.999769,80.261932,420.310150,103.885254
430,4.300000,0.015346,-0.013976,-0.003542,0.999778,80.153641,420.274994,103.875160
431,4.310000,0.015246,-0.014434,-0.002799,0.999776,80.035667,420.237152,103.870033
432,4.320000,0.015672,-0.011947,-0.008093,0.999773,79.937454,420.248840,103.883919
433,4.330000,0.015840,-0.011461,-0.009687,0.999762,79.797279,420.269806,103.850868
434,4.340000,0.015778,-0.011918,-0.009342,0.999761,79.652809,420.283142,103.823624
435,4.350000,0.015695,-0.011724,-0.009422,0.999764,79.530624,420.292297,103.813766
436,4.360000,0.015614,-0.011584,-0.009395,0.999767,79.387886,420.282745,103.800522
437,4.370000,0.015605,-0.011494,-0.009684,0.999765,79.234283,420.274536,103.777763
438,4.380000,0.015692,-0.011420,-0.009789,0.999764,79.075035,420.267151,103.758583
439,4.390000,0.015709,-0.011298,-0.009775,0.999765,78.931175,420.283417,103.762123
440,4.400000,0.015755,-0.012114,-0.009193,0.999760,78.738449,420.282318,103.747459
441,4.410000,0.015845,-0.011648,-0.009546,0.999761,78.607925,420.297089,103.753342
442,4.420000,0.015814,-0.010770,-0.009985,0.999767,78.505020,420.292542,103.770958
443,4.430000,0.015837,-0.011244,-0.010124,0.999760,78.281906,420.278290,103.755089
444,4.440000,0.015861,-0.011206,-0.010183,0.999760,78.132591,420.267059,103.761284
445,4.450000,0.015889,-0.010917,-0.010331,0.999761,77.982193,420.273804,103.770538
446,4.460000,0.015871,-0.011611,-0.009602,0.999761,77.786621,420.281250,103.760101
447,4.470000,0.015778,-0.011748,-0.009533,0.999761,77.618774,420.299347,103.743912
448,4.480000,0.015642,-0.011355,-0.009874,0.999765,77.468452,420.318420,103.728645
449,4.490000,0.015140,-0.013732,-0.004624,0.999780,77.258842,420.304016,103.689354
450,4.500000,0.015946,-0.012367,-0.008966,0.999756,77.082520,420.306580,103.630623
451,4.510000,0.016033,-0.012615,-0.009244,0.999749,76.893791,420.281616,103.590111
452,4.520000,0.015638,-0.011379,-0.009689,0.999766,76.792542,420.271332,103.609764
453,4.530000,0.015827,-0.012372,-0.009330,0.999755,76.624977,420.319336,103.595276
454,4.540000,0.015879,-0.012225,-0.009456,0.999754,76.487198,420.339172,103.592072
455,4.550000,0.015847,-0.012036,-0.009794,0.999754,76.376244,420.344055,103.602333
456,4.560000,0.015437,-0.014343,-0.004414,0.999768,76.222763,420.313263,103.621475
457,4.570000,0.016034,-0.011846,-0.009490,0.999756,76.117195,420.301514,103.636665
458,4.580000,0.015957,-0.011372,-0.010323,0.999755,76.043068,420.329742,103.633301
459,4.590000,0.015995,-0.011779,-0.009981,0.999753,75.922539,420.340210,103.617195
460,4.600000,0.015943,-0.012385,-0.009270,0.999753,75.824120,420.345856,103.613266
461,4.610000,0.015952,-0.012356,-0.009244,0.999754,75.751221,420.335571,103.623039
462,4.620000,0.015942,-0.011974,-0.009503,0.999756,75.689377,420.329041,103.629631
463,4.630000,0.015926,-0.011836,-0.009798,0.999755,75.643341,420.340149,103.627716
464,4.640000,0.015905,-0.011718,-0.009993,0.999755,75.604744,420.356659,103.622711
465,4.650000,0.015940,-0.011565,-0.009960,0.999757,75.561790,420.366333,103.627449
466,4.660000,0.015937,-0.011550,-0.009899,0.999757,75.528641,420.359955,103.627579
467,4.670000,0.015921,-0.011554,-0.009984,0.999757,75.487114,420.352692,103.609825
468,4.680000,0.015881,-0.011451,-0.010028,0.999758,75.451042,420.348480,103.592644
469,4.690000,0.015861,-0.011405,-0.010018,0.999759,75.419891,420.346436,103.583862
470,4.700000,0.015907,-0.011623,-0.009597,0.999760,75.381798,420.342255,103.589813
471,4.710000,0.015929,-0.011592,-0.009676,0.999759,75.372429,420.347229,103.601967
472,4.720000,0.015967,-0.012068,-0.009415,0.999755,75.352104,420.346893,103.615822
473,4.730000,0.016015,-0.011938,-0.009543,0.999755,75.345932,420.350555,103.635704
474,4.740000,0.016054,-0.011872,-0.009616,0.999754,75.346344,420.353516,103.654335
475,4.750000,0.016110,-0.011810,-0.009542,0.999755,75.332191,420.358398,103.664070
476,4.760000,0.015963,-0.011482,-0.009344,0.999763,75.370789,420.364502,103.669785
477,4.770000,0.016101,-0.011409,-0.010009,0.999755,75.305733,420.329437,103.618271
478,4.780000,0.016080,-0.011563,-0.010026,0.999754,75.252495,420.284912,103.605011
479,4.790000,0.016065,-0.011196,-0.010278,0.999755,75.253319,420.266541,103.615158
480,4.800000,0.016057,-0.011512,-0.010044,0.999754,75.224052,420.279663,103.623016
481,4.810000,0.016067,-0.011824,-0.009753,0.999753,75.195045,420.302124,103.615128
482,4.820000,0.016038,-0.011503,-0.009931,0.999756,75.189598,420.313629,103.619286
483,4.830000,0.016096,-0.011812,-0.009824,0.999752,75.110756,420.294342,103.612366
484,4.840000,0.016751,-0.013073,-0.010574,0.999718,74.887352,420.209442,103.570328
485,4.850000,0.016260,-0.012564,-0.009434,0.999744,74.946114,420.261322,103.584579
486,4.860000,0.016079,-0.012414,-0.009426,0.999749,74.928017,420.299347,103.566208
487,4.870000,0.016011,-0.012256,-0.009756,0.999749,74.888954,420.319824,103.561523
488,4.880000,0.015973,-0.012150,-0.009807,0.999751,74.844131,420.324524,103.561867
489,4.890000,0.015932,-0.011888,-0.010021,0.999752,74.798836,420.329041,103.553467
490,4.900000,0.015917,-0.012016,-0.009762,0.999754,74.733704,420.335876,103.534729
491,4.910000,0.015891,-0.011948,-0.009869,0.999754,74.701202,420.345215,103.522079
492,4.920000,0.015873,-0.011883,-0.009906,0.999754,74.668259,420.359558,103.527718
493,4.930000,0.015873,-0.011777,-0.010023,0.999754,74.641136,420.371124,103.533737
494,4.940000,0.015838,-0.011727,-0.010167,0.999754,74.606834,420.389343,103.534012
495,4.950000,0.015789,-0.011709,-0.010404,0.999753,74.561333,420.413605,103.519760
496,4.960000,0.015819,-0.011855,-0.010471,0.999750,74.489990,420.410217,103.493614
497,4.970000,0.015814,-0.011658,-0.010432,0.999753,74.428192,420.384430,103.480965
498,4.980000,0.015726,-0.011619,-0.010415,0.999755,74.349602,420.367706,103.466499
499,4.990000,0.015700,-0.011546,-0.010463,0.999755,74.270088,420.364990,103.449982
500,5.000000,0.015741,-0.011926,-0.010146,0.999754,74.161415,420.365204,103.422318
501,5.010000,0.015764,-0.011934,-0.010164,0.999753,74.065338,420.361237,103.424561
502,5.020000,0.015750,-0.011995,-0.009947,0.999755,73.939331,420.338074,103.435555
503,5.030000,0.015822,-0.011586,-0.010256,0.999755,73.833763,420.327606,103.452484
504,5.040000,0.015841,-0.011290,-0.010662,0.999754,73.727531,420.325623,103.456802
505,5.050000,0.015885,-0.011157,-0.010754,0.999754,73.603943,420.324402,103.466385
506,5.060000,0.015854,-0.011342,-0.010587,0.999754,73.443268,420.346405,103.467552
507,5.070000,0.015795,-0.010991,-0.010915,0.999755,73.338821,420.368103,103.464233
508,5.080000,0.015806,-0.011493,-0.010486,0.999754,73.189026,420.374634,103.424911
509,5.090000,0.015716,-0.011448,-0.010543,0.999755,73.056694,420.385559,103.388626
510,5.100000,0.015675,-0.011256,-0.010652,0.999757,72.938507,420.376373,103.373779
511,5.110000,0.015588,-0.010960,-0.010953,0.999758,72.819740,420.385468,103.363464
512,5.120000,0.015577,-0.010569,-0.011420,0.999758,72.669197,420.413330,103.358612
513,5.130000,0.015533,-0.010923,-0.011059,0.999759,72.510124,420.431030,103.341743
514,5.140000,0.015530,-0.010595,-0.011407,0.999758,72.385803,420.440979,103.343025
515,5.150000,0.015501,-0.010976,-0.011019,0.999759,72.221336,420.429871,103.330711
516,5.160000,0.015587,-0.011162,-0.010590,0.999760,72.048630,420.389648,103.320610
517,5.170000,0.015572,-0.011072,-0.010437,0.999763,71.903702,420.340790,103.305740
518,5.180000,0.015567,-0.010847,-0.010465,0.999765,71.788597,420.310791,103.322151
519,5.190000,0.015629,-0.010994,-0.010629,0.999761,71.659462,420.315491,103.341499
520,5.200000,0.015716,-0.010681,-0.010916,0.999760,71.567596,420.340271,103.359421
521,5.210000,0.015691,-0.010586,-0.011159,0.999759,71.469498,420.357483,103.356461
522,5.220000,0.015675,-0.010410,-0.011281,0.999759,71.361763,420.356812,103.347900
523,5.230000,0.015661,-0.010831,-0.010811,0.999760,71.231880,420.341675,103.311348
524,5.240000,0.015592,-0.010783,-0.010891,0.999761,71.132637,420.344177,103.303589
525,5.250000,0.015546,-0.010943,-0.010668,0.999762,71.033783,420.335724,103.288612
526,5.260000,0.015537,-0.011032,-0.010563,0.999763,70.936806,420.320709,103.283211
527,5.270000,0.015576,-0.011173,-0.010154,0.999765,70.829872,420.304688,103.283791
528,5.280000,0.015620,-0.010962,-0.010540,0.999762,70.744789,420.293976,103.285034
529,5.290000,0.015627,-0.010751,-0.010810,0.999762,70.672661,420.297638,103.278183
530,5.300000,0.015598,-0.010538,-0.010987,0.999762,70.594177,420.323944,103.265091
531,5.310000,0.015602,-0.010382,-0.011068,0.999763,70.504463,420.329285,103.254578
532,5.320000,0.015553,-0.010146,-0.011215,0.999765,70.433998,420.333466,103.254204
533,5.330000,0.015655,-0.010326,-0.010738,0.999767,70.296600,420.325378,103.250816
534,5.340000,0.015608,-0.010124,-0.011052,0.999766,70.204224,420.329468,103.243942
535,5.350000,0.015539,-0.009966,-0.011232,0.999767,70.111160,420.341400,103.230888
536,5.360000,0.015504,-0.009661,-0.011680,0.999765,70.017410,420.349976,103.222755
537,5.370000,0.015470,-0.009828,-0.011531,0.999766,69.878777,420.345367,103.218201
538,5.380000,0.015356,-0.007644,-0.015450,0.999734,69.890770,420.409180,103.211998
539,5.390000,0.015090,-0.005285,-0.019434,0.999683,69.904030,420.470764,103.196854
540,5.400000,0.015120,-0.006153,-0.018310,0.999699,69.676712,420.450409,103.183403
541,5.410000,0.015217,-0.006051,-0.017802,0.999708,69.471870,420.443542,103.198921
542,5.420000,0.015190,-0.005895,-0.017787,0.999709,69.286385,420.436554,103.196014
543,5.430000,0.015340,-0.006985,-0.015925,0.999731,69.008110,420.403961,103.193024
544,5.440000,0.015319,-0.007408,-0.015335,0.999738,68.783714,420.393921,103.179817
545,5.450000,0.015340,-0.008327,-0.014188,0.999747,68.530807,420.376038,103.170883
546,5.460000,0.015409,-0.008413,-0.013914,0.999749,68.350021,420.367737,103.185562
547,5.470000,0.015360,-0.008509,-0.013809,0.999751,68.146004,420.362488,103.187294
548,5.480000,0.015404,-0.008220,-0.013999,0.999750,68.008316,420.369324,103.195671
549,5.490000,0.015428,-0.007784,-0.014279,0.999749,67.868217,420.398285,103.211143
550,5.500000,0.015413,-0.007476,-0.015055,0.999740,67.724968,420.426056,103.216011
551,5.510000,0.015398,-0.007174,-0.015348,0.999738,67.608574,420.445953,103.204224
552,5.520000,0.015440,-0.007709,-0.014842,0.999741,67.442451,420.436523,103.173103
553,5.530000,0.015422,-0.007395,-0.015141,0.999739,67.329941,420.441620,103.160309
554,5.540000,0.015302,-0.007429,-0.015085,0.999742,67.213638,420.449921,103.145515
555,5.550000,0.015311,-0.007656,-0.014552,0.999748,67.083923,420.434906,103.124519
556,5.560000,0.015252,-0.007520,-0.014417,0.999752,66.986061,420.401031,103.105606
557,5.570000,0.015348,-0.007694,-0.014133,0.999753,66.848274,420.352356,103.105003
558,5.580000,0.015339,-0.007609,-0.014087,0.999754,66.782494,420.325623,103.105934
559,5.590000,0.015343,-0.007624,-0.014115,0.999754,66.746605,420.325043,103.111397
560,5.600000,0.015365,-0.007712,-0.014130,0.999752,66.718102,420.336914,103.112854
561,5.610000,0.015330,-0.007619,-0.014237,0.999752,66.707527,420.350403,103.116196
562,5.620000,0.015393,-0.008172,-0.013830,0.999753,66.646454,420.339355,103.111954
563,5.630000,0.015406,-0.008155,-0.013898,0.999752,66.621307,420.336761,103.113197
564,5.640000,0.015412,-0.008450,-0.013582,0.999753,66.586838,420.332184,103.120644
565,5.650000,0.015430,-0.008337,-0.013846,0.999750,66.570236,420.350647,103.134727
566,5.660000,0.015462,-0.008435,-0.013900,0.999748,66.551460,420.366608,103.139038
567,5.670000,0.015456,-0.008419,-0.014038,0.999747,66.520142,420.379364,103.136131
568,5.680000,0.015450,-0.008415,-0.013876,0.999749,66.461342,420.382324,103.131493
569,5.690000,0.015437,-0.008362,-0.013870,0.999750,66.412605,420.378143,103.123726
570,5.700000,0.015401,-0.008278,-0.013818,0.999752,66.342964,420.375580,103.111313
571,5.710000,0.015369,-0.008084,-0.014015,0.999751,66.284775,420.384094,103.110283
572,5.720000,0.015376,-0.008090,-0.014146,0.999749,66.225060,420.399170,103.114166
573,5.730000,0.015350,-0.007805,-0.014615,0.999745,66.151512,420.412415,103.116615
574,5.740000,0.015331,-0.007503,-0.014737,0.999746,66.048058,420.389832,103.098625
575,5.750000,0.015365,-0.007500,-0.014841,0.999744,65.919640,420.346497,103.072945
576,5.760000,0.015374,-0.007321,-0.014869,0.999744,65.807793,420.326782,103.072144
577,5.770000,0.015445,-0.007669,-0.014425,0.999747,65.665901,420.323181,103.061394
578,5.780000,0.015474,-0.007862,-0.014120,0.999750,65.550606,420.327789,103.054375
579,5.790000,0.015477,-0.007836,-0.014100,0.999750,65.436630,420.326569,103.059189
580,5.800000,0.015496,-0.008157,-0.013724,0.999752,65.304443,420.309601,103.078766
581,5.810000,0.015496,-0.008205,-0.013606,0.999754,65.186371,420.303436,103.095467
582,5.820000,0.015485,-0.008334,-0.013604,0.999753,65.069496,420.301239,103.093941
583,5.830000,0.015495,-0.008166,-0.013855,0.999751,64.975037,420.305664,103.082390
584,5.840000,0.015469,-0.007945,-0.013922,0.999752,64.872055,420.320526,103.079887
585,5.850000,0.015485,-0.007915,-0.014145,0.999749,64.771774,420.329407,103.084282
586,5.860000,0.015499,-0.007660,-0.014323,0.999748,64.683533,420.349304,103.089233
587,5.870000,0.015483,-0.007895,-0.014240,0.999748,64.561432,420.366791,103.060783
588,5.880000,0.015458,-0.007612,-0.014646,0.999744,64.468163,420.382904,103.042900
589,5.890000,0.015483,-0.007742,-0.014260,0.999749,64.332130,420.359619,103.031036
590,5.900000,0.015475,-0.007692,-0.014123,0.999751,64.209976,420.330841,103.021011
591,5.910000,0.015495,-0.007326,-0.014384,0.999750,64.095299,420.318542,103.020309
592,5.920000,0.015510,-0.007274,-0.014520,0.999748,63.994965,420.329285,103.018730
593,5.930000,0.015501,-0.006955,-0.014832,0.999746,63.900558,420.357880,103.033600
594,5.940000,0.015584,-0.007812,-0.014315,0.999746,63.713924,420.346436,103.036400
595,5.950000,0.015580,-0.008004,-0.014295,0.999744,63.572632,420.336151,103.037987
596,5.960000,0.015582,-0.008096,-0.013904,0.999749,63.394062,420.333954,103.022179
597,5.970000,0.015509,-0.007950,-0.013926,0.999751,63.234821,420.328491,102.987343
598,5.980000,0.015402,-0.007712,-0.014053,0.999753,63.093975,420.332489,102.965508
599,5.990000,0.015334,-0.007846,-0.013959,0.999754,62.907158,420.335266,102.948860
600,6.000000,0.015451,-0.008320,-0.013663,0.999753,62.719299,420.330719,102.929268
601,6.010000,0.015441,-0.008026,-0.014101,0.999749,62.566055,420.352539,102.920395
602,6.020000,0.015461,-0.007634,-0.014384,0.999748,62.402374,420.362946,102.912086
603,6.030000,0.015491,-0.007211,-0.014698,0.999746,62.246655,420.355927,102.919960
604,6.040000,0.015367,-0.007680,-0.014055,0.999754,62.010777,420.358398,102.920815
605,6.050000,0.015472,-0.007715,-0.014241,0.999749,61.799946,420.344360,102.916183
606,6.060000,0.015433,-0.007720,-0.014444,0.999747,61.632412,420.374481,102.909859
607,6.070000,0.015419,-0.007628,-0.014510,0.999747,61.435730,420.418671,102.919228
608,6.080000,0.015368,-0.007465,-0.014785,0.999745,61.267731,420.438995,102.902626
609,6.090000,0.015330,-0.006985,-0.015201,0.999743,61.056881,420.417206,102.874054
610,6.100000,0.015426,-0.007369,-0.014731,0.999745,60.781433,420.364868,102.837067
611,6.110000,0.015459,-0.007225,-0.014801,0.999745,60.556240,420.324432,102.825745
612,6.120000,0.015442,-0.007304,-0.014519,0.999749,60.345448,420.324982,102.822754
613,6.130000,0.015297,-0.007438,-0.014201,0.999754,60.093502,420.366455,102.814445
614,6.140000,0.015283,-0.007757,-0.014303,0.999751,59.865860,420.390289,102.777336
615,6.150000,0.015362,-0.007527,-0.014456,0.999749,59.646770,420.387115,102.756371
616,6.160000,0.015387,-0.007398,-0.014432,0.999750,59.429337,420.367645,102.761459
617,6.170000,0.015337,-0.007347,-0.014577,0.999749,59.183815,420.354858,102.759239
618,6.180000,0.015429,-0.007592,-0.014558,0.999746,58.929127,420.334167,102.735550
619,6.190000,0.015401,-0.007683,-0.014442,0.999748,58.726723,420.340240,102.733200
620,6.200000,0.015367,-0.007421,-0.014703,0.999746,58.525307,420.370361,102.778130
621,6.210000,0.015444,-0.006899,-0.015065,0.999744,58.361603,420.402222,102.821800
622,6.220000,0.015054,-0.008524,-0.011457,0.999785,58.194851,420.424744,102.806488
623,6.230000,0.015530,-0.007708,-0.014860,0.999739,57.930603,420.418457,102.734444
624,6.240000,0.015519,-0.007494,-0.014859,0.999741,57.737286,420.375885,102.703209
625,6.250000,0.015488,-0.007180,-0.014997,0.999742,57.579887,420.349670,102.727562
626,6.260000,0.015462,-0.007848,-0.014224,0.999749,57.381458,420.367218,102.743088
627,6.270000,0.015414,-0.007708,-0.014344,0.999749,57.245766,420.393860,102.708633
628,6.280000,0.015336,-0.007777,-0.014373,0.999749,57.089832,420.401672,102.681618
629,6.290000,0.015413,-0.008260,-0.014110,0.999748,56.912952,420.367584,102.674545
630,6.300000,0.015458,-0.008034,-0.014193,0.999748,56.797695,420.346497,102.684097
631,6.310000,0.015434,-0.007824,-0.014401,0.999747,56.689812,420.344025,102.662712
632,6.320000,0.015400,-0.007565,-0.014765,0.999744,56.614182,420.362549,102.645363
633,6.330000,0.015399,-0.007475,-0.014899,0.999743,56.529442,420.380066,102.660118
634,6.340000,0.015021,-0.009437,-0.010461,0.999788,56.458057,420.382812,102.678650
635,6.350000,0.015343,-0.007290,-0.014604,0.999749,56.397537,420.411438,102.684319
636,6.360000,0.015339,-0.007108,-0.015393,0.999739,56.305916,420.430939,102.645744
637,6.370000,0.015375,-0.007212,-0.015519,0.999735,56.196960,420.427032,102.612381
638,6.380000,0.015323,-0.007060,-0.015105,0.999744,56.060848,420.420410,102.571442
639,6.390000,0.015437,-0.007244,-0.014756,0.999746,55.900875,420.409668,102.587425
640,6.400000,0.015479,-0.007165,-0.014810,0.999745,55.779095,420.412506,102.604240
641,6.410000,0.015375,-0.007437,-0.014509,0.999749,55.631126,420.429443,102.592934
642,6.420000,0.015316,-0.006818,-0.015192,0.999744,55.496342,420.443512,102.606995
643,6.430000,0.015315,-0.006777,-0.015160,0.999745,55.340050,420.445343,102.619125
644,6.440000,0.015355,-0.007065,-0.014912,0.999746,55.169704,420.454956,102.617653
645,6.450000,0.014989,-0.009139,-0.010880,0.999787,54.975056,420.447144,102.562996
646,6.460000,0.015387,-0.007472,-0.014828,0.999744,54.804531,420.438293,102.525520
647,6.470000,0.015366,-0.007294,-0.014850,0.999745,54.653454,420.441132,102.545708
648,6.480000,0.015418,-0.007270,-0.014632,0.999748,54.510403,420.451477,102.574448
649,6.490000,0.015430,-0.006979,-0.014926,0.999745,54.410500,420.481903,102.564774
650,6.500000,0.015415,-0.006984,-0.015019,0.999744,54.290279,420.505707,102.539253
651,6.510000,0.015393,-0.007379,-0.014702,0.999746,54.138794,420.498627,102.526344
652,6.520000,0.015382,-0.007303,-0.015020,0.999742,53.998348,420.464661,102.523354
653,6.530000,0.015496,-0.007006,-0.015250,0.999739,53.858295,420.424835,102.537292
654,6.540000,0.015482,-0.007048,-0.015038,0.999742,53.739105,420.422607,102.555138
655,6.550000,0.015413,-0.007166,-0.015025,0.999743,53.622723,420.442261,102.566315
656,6.560000,0.015431,-0.007248,-0.015105,0.999741,53.485874,420.445618,102.555954
657,6.570000,0.015455,-0.006918,-0.015106,0.999743,53.380096,420.429871,102.535728
658,6.580000,0.015162,-0.008333,-0.011693,0.999782,53.266953,420.413330,102.536423
659,6.590000,0.015546,-0.007035,-0.014648,0.999747,53.140308,420.421478,102.550667
660,6.600000,0.015498,-0.006841,-0.014870,0.999746,53.055775,420.413940,102.537247
661,6.610000,0.015514,-0.007092,-0.014732,0.999746,52.966183,420.406525,102.525047
662,6.620000,0.015477,-0.006860,-0.014628,0.999750,52.908100,420.412231,102.543106
663,6.630000,0.015528,-0.006631,-0.014774,0.999748,52.873646,420.406952,102.568741
664,6.640000,0.015518,-0.006747,-0.014807,0.999747,52.823185,420.399445,102.550194
665,6.650000,0.015526,-0.006869,-0.014780,0.999747,52.756977,420.386353,102.509293
666,6.660000,0.015423,-0.006946,-0.014642,0.999750,52.708763,420.383026,102.478592
667,6.670000,0.015396,-0.007061,-0.014664,0.999749,52.670326,420.383728,102.477264
668,6.680000,0.015387,-0.006942,-0.014833,0.999748,52.635780,420.397491,102.475731
669,6.690000,0.015390,-0.006834,-0.014866,0.999748,52.595615,420.410645,102.464554
670,6.700000,0.015458,-0.007168,-0.014324,0.999752,52.524761,420.406677,102.465042
671,6.710000,0.015463,-0.007485,-0.014114,0.999753,52.463268,420.405701,102.480354
672,6.720000,0.015522,-0.007389,-0.014192,0.999752,52.429329,420.415466,102.499931
673,6.730000,0.015529,-0.006989,-0.014775,0.999746,52.402203,420.439117,102.518044
674,6.740000,0.015535,-0.006840,-0.015083,0.999742,52.349949,420.453156,102.524574
675,6.750000,0.015517,-0.007283,-0.014739,0.999744,52.251789,420.437622,102.504662
676,6.760000,0.015465,-0.007039,-0.015043,0.999743,52.187691,420.403717,102.469841
677,6.770000,0.015481,-0.006808,-0.015014,0.999744,52.098354,420.360687,102.457344
678,6.780000,0.015553,-0.006962,-0.014512,0.999749,51.989761,420.342712,102.467049
679,6.790000,0.015551,-0.006900,-0.014618,0.999748,51.916916,420.350220,102.480515
680,6.800000,0.015545,-0.006915,-0.014831,0.999745,51.834412,420.366455,102.479294
681,6.810000,0.015581,-0.006987,-0.014626,0.999747,51.728775,420.376495,102.482697
682,6.820000,0.015235,-0.008614,-0.010941,0.999787,51.635796,420.376373,102.481903
683,6.830000,0.015171,-0.008539,-0.010741,0.999791,51.560097,420.392731,102.482529
684,6.840000,0.015161,-0.008634,-0.010762,0.999790,51.470753,420.406281,102.476753
685,6.850000,0.015503,-0.006906,-0.014700,0.999748,51.383198,420.426361,102.479706
686,6.860000,0.015581,-0.006636,-0.015167,0.999742,51.314774,420.415833,102.497910
687,6.870000,0.015594,-0.006867,-0.014923,0.999744,51.228275,420.407257,102.520744
688,6.880000,0.015568,-0.006762,-0.014992,0.999744,51.172783,420.405609,102.527817
689,6.890000,0.015535,-0.006712,-0.015026,0.999744,51.129692,420.401428,102.506226
690,6.900000,0.015535,-0.006835,-0.014861,0.999746,51.092800,420.396790,102.478371
691,6.910000,0.015469,-0.006688,-0.015040,0.999745,51.082676,420.404419,102.442986
692,6.920000,0.015504,-0.007022,-0.014689,0.999747,51.043091,420.381470,102.414574
693,6.930000,0.015517,-0.006984,-0.014605,0.999749,51.022038,420.361481,102.411293
694,6.940000,0.015502,-0.006755,-0.014781,0.999748,51.022144,420.372833,102.426476
695,6.950000,0.015404,-0.006239,-0.015290,0.999745,51.047890,420.398712,102.434456
696,6.960000,0.015430,-0.006714,-0.014940,0.999747,51.019775,420.393402,102.413460
697,6.970000,0.015423,-0.006744,-0.014928,0.999747,50.990356,420.391724,102.404099
698,6.980000,0.015414,-0.006645,-0.014925,0.999748,50.963989,420.393982,102.407806
699,6.990000,0.015405,-0.006867,-0.014771,0.999749,50.922581,420.392975,102.418404
700,7.000000,0.015416,-0.006833,-0.014837,0.999748,50.899872,420.404541,102.423897
701,7.010000,0.015478,-0.006717,-0.014801,0.999748,50.860405,420.424133,102.432777
702,7.020000,0.015541,-0.006723,-0.014993,0.999744,50.819031,420.423035,102.435638
703,7.030000,0.015486,-0.006426,-0.015383,0.999741,50.782059,420.430756,102.439224
704,7.040000,0.015466,-0.006352,-0.015514,0.999740,50.739609,420.436127,102.426285
705,7.050000,0.015452,-0.006476,-0.015484,0.999740,50.694508,420.440338,102.405716
706,7.060000,0.015451,-0.006388,-0.015526,0.999740,50.653629,420.442657,102.400406
707,7.070000,0.015449,-0.006370,-0.015638,0.999738,50.619381,420.447083,102.409523
708,7.080000,0.015518,-0.006220,-0.015734,0.999736,50.591606,420.456238,102.431252
709,7.090000,0.015548,-0.006376,-0.015606,0.999737,50.551655,420.455841,102.447166
710,7.100000,0.015584,-0.006612,-0.015225,0.999741,50.492306,420.448425,102.455345
711,7.110000,0.015572,-0.006756,-0.015025,0.999743,50.438122,420.437988,102.446793
712,7.120000,0.015535,-0.006663,-0.015092,0.999743,50.390457,420.437561,102.425156
713,7.130000,0.015350,-0.006067,-0.014037,0.999765,50.442791,420.492828,102.357773
714,7.140000,0.014885,-0.007336,-0.010770,0.999804,50.435196,420.510803,102.328766
715,7.150000,0.014931,-0.007542,-0.010708,0.999803,50.352081,420.516418,102.312386
716,7.160000,0.015311,-0.005899,-0.014467,0.999761,50.288857,420.524628,102.323593
717,7.170000,0.015005,-0.003777,-0.016352,0.999747,50.346504,420.592621,102.370331
718,7.180000,0.015143,-0.004198,-0.017553,0.999723,50.173897,420.555695,102.411003
719,7.190000,0.015177,-0.004616,-0.017142,0.999727,50.054806,420.551270,102.397186
720,7.200000,0.015151,-0.004822,-0.017226,0.999725,49.925591,420.554230,102.374039
721,7.210000,0.015142,-0.004527,-0.017452,0.999723,49.832378,420.564880,102.362541
722,7.220000,0.015105,-0.004502,-0.017524,0.999722,49.741444,420.575623,102.348686
723,7.230000,0.015085,-0.004471,-0.017553,0.999722,49.642563,420.594757,102.334251
724,7.240000,0.014981,-0.004092,-0.016597,0.999742,49.617962,420.642059,102.309334
725,7.250000,0.014927,-0.004251,-0.016480,0.999744,49.485329,420.651581,102.316261
726,7.260000,0.015001,-0.004862,-0.015972,0.999748,49.300983,420.593140,102.304932
727,7.270000,0.015000,-0.005710,-0.015435,0.999752,49.110806,420.539215,102.288132
728,7.280000,0.015222,-0.006134,-0.014574,0.999759,48.876259,420.523804,102.276909
729,7.290000,0.014866,-0.007525,-0.011617,0.999794,48.747662,420.557465,102.306610
730,7.300000,0.015046,-0.007324,-0.011609,0.999793,48.616982,420.556915,102.317886
731,7.310000,0.015477,-0.005577,-0.015208,0.999749,48.415066,420.570404,102.334137
732,7.320000,0.015286,-0.005511,-0.015638,0.999746,48.236118,420.597778,102.352165
733,7.330000,0.015258,-0.006017,-0.015028,0.999753,48.013325,420.612396,102.351089
734,7.340000,0.015426,-0.006220,-0.015198,0.999746,47.788132,420.610901,102.329536
735,7.350000,0.015293,-0.006338,-0.014889,0.999752,47.569229,420.646149,102.338684
736,7.360000,0.014972,-0.007512,-0.012049,0.999787,47.363380,420.648682,102.346962
737,7.370000,0.014987,-0.007584,-0.011734,0.999790,47.128223,420.645172,102.358665
738,7.380000,0.015390,-0.006192,-0.015144,0.999748,46.876076,420.642914,102.343491
739,7.390000,0.015555,-0.006123,-0.015595,0.999739,46.567535,420.641602,102.296692
740,7.400000,0.015444,-0.006307,-0.015242,0.999745,46.221031,420.629486,102.219109
741,7.410000,0.015365,-0.006482,-0.015494,0.999741,45.867809,420.582916,102.140282
742,7.420000,0.015157,-0.007077,-0.012591,0.999781,45.506966,420.534912,102.134689
743,7.430000,0.015267,-0.006348,-0.015278,0.999747,45.086571,420.545959,102.144432
744,7.440000,0.015349,-0.006961,-0.015240,0.999742,44.704407,420.525848,102.138596
745,7.450000,0.015468,-0.006861,-0.014727,0.999748,44.301266,420.501831,102.106812
746,7.460000,0.015537,-0.006834,-0.014888,0.999745,43.898098,420.483398,102.128761
747,7.470000,0.015411,-0.007559,-0.013202,0.999766,43.540825,420.466980,102.166832
748,7.480000,0.015567,-0.008212,-0.012508,0.999767,43.153809,420.453918,102.175262
749,7.490000,0.015643,-0.007395,-0.014124,0.999751,42.837414,420.470734,102.154343
750,7.500000,0.015562,-0.006955,-0.014806,0.999745,42.573986,420.485657,102.144020
751,7.510000,0.015400,-0.007677,-0.013338,0.999763,42.315735,420.481232,102.165550
752,7.520000,0.015397,-0.008344,-0.012161,0.999773,42.042187,420.472931,102.146011
753,7.530000,0.015343,-0.008381,-0.012070,0.999774,41.813782,420.470612,102.079651
754,7.540000,0.015341,-0.008034,-0.012802,0.999768,41.626003,420.467194,102.017326
755,7.550000,0.015444,-0.007405,-0.014104,0.999754,41.469170,420.471954,102.010063
756,7.560000,0.015471,-0.007390,-0.013840,0.999757,41.344608,420.485596,102.049202
757,7.570000,0.015485,-0.007346,-0.013647,0.999760,41.255028,420.504089,102.061928
758,7.580000,0.015422,-0.007564,-0.013483,0.999762,41.171982,420.521179,102.037903
759,7.590000,0.015419,-0.007581,-0.013332,0.999764,41.093807,420.531006,102.015656
760,7.600000,0.015363,-0.007344,-0.013715,0.999761,41.039478,420.533661,102.013054
761,7.610000,0.015356,-0.007417,-0.013769,0.999760,40.985020,420.525818,102.006256
762,7.620000,0.015400,-0.007771,-0.013431,0.999761,40.932510,420.510590,101.991158
763,7.630000,0.015408,-0.007889,-0.013273,0.999762,40.919727,420.502655,101.984550
764,7.640000,0.015422,-0.007939,-0.013204,0.999762,40.923878,420.497650,102.000084
765,7.650000,0.015430,-0.007642,-0.013431,0.999762,40.958729,420.503876,102.015831
766,7.660000,0.015443,-0.007595,-0.013418,0.999762,40.985733,420.512085,102.012703
767,7.670000,0.015481,-0.007815,-0.013135,0.999763,41.006187,420.515930,101.994308
768,7.680000,0.015468,-0.007840,-0.013164,0.999763,41.019157,420.519348,101.990150
769,7.690000,0.015411,-0.007695,-0.013468,0.999761,41.016155,420.526917,101.998978
770,7.700000,0.015410,-0.007567,-0.013515,0.999761,41.008926,420.525574,102.006706
771,7.710000,0.015408,-0.007505,-0.013538,0.999762,41.001434,420.523895,102.010071
772,7.720000,0.015422,-0.007498,-0.013608,0.999760,40.982586,420.524017,102.014221
773,7.730000,0.015417,-0.007481,-0.013673,0.999760,40.958847,420.522705,102.016777
774,7.740000,0.015419,-0.007492,-0.013693,0.999759,40.928303,420.514404,102.020821
775,7.750000,0.015418,-0.007543,-0.013589,0.999760,40.908287,420.505951,102.030212
776,7.760000,0.015426,-0.007539,-0.013539,0.999761,40.903275,420.501434,102.037529
777,7.770000,0.015424,-0.007479,-0.013544,0.999761,40.913338,420.507874,102.033073
778,7.780000,0.015423,-0.007467,-0.013598,0.999761,40.922077,420.519989,102.017258
779,7.790000,0.015429,-0.007494,-0.013724,0.999759,40.933319,420.535126,101.998924
780,7.800000,0.015426,-0.007545,-0.013766,0.999758,40.952274,420.543793,101.989807
781,7.810000,0.015422,-0.007531,-0.013822,0.999757,40.977074,420.548950,101.993988
782,7.820000,0.015420,-0.007479,-0.013809,0.999758,40.989059,420.550995,102.007385
783,7.830000,0.015427,-0.007432,-0.013794,0.999758,40.987431,420.548828,102.022148
784,7.840000,0.015443,-0.007357,-0.013861,0.999758,40.966980,420.545227,102.033440
785,7.850000,0.015458,-0.007345,-0.013893,0.999757,40.932835,420.540405,102.035553
786,7.860000,0.015487,-0.007595,-0.013703,0.999757,40.875271,420.530762,102.028297
787,7.870000,0.015464,-0.007679,-0.013758,0.999756,40.822136,420.528168,102.028297
788,7.880000,0.015318,-0.008268,-0.012505,0.999770,40.772938,420.527466,102.024818
789,7.890000,0.015272,-0.008247,-0.012391,0.999773,40.728134,420.533600,102.017036
790,7.900000,0.015365,-0.007332,-0.014078,0.999756,40.684406,420.551300,102.006996
791,7.910000,0.015298,-0.007150,-0.014311,0.999755,40.635857,420.570709,101.991287
792,7.920000,0.015359,-0.007026,-0.014752,0.999749,40.588097,420.577667,101.979393
793,7.930000,0.015390,-0.007003,-0.014866,0.999747,40.554169,420.580750,101.977280
794,7.940000,0.015404,-0.007099,-0.014891,0.999745,40.530495,420.579956,101.986160
795,7.950000,0.015424,-0.007083,-0.014954,0.999744,40.519714,420.575531,102.000198
796,7.960000,0.015468,-0.007233,-0.014675,0.999747,40.487602,420.569122,102.015396
797,7.970000,0.015458,-0.007111,-0.014735,0.999747,40.462463,420.569458,102.021935
798,7.980000,0.015489,-0.006946,-0.014728,0.999747,40.417461,420.577179,102.019249
799,7.990000,0.015358,-0.006276,-0.015528,0.999742,40.409660,420.609344,102.018051
800,8.000000,0.015307,-0.007282,-0.013955,0.999759,40.330700,420.604156,101.994408
801,8.010000,0.015375,-0.007145,-0.014707,0.999748,40.260277,420.619476,101.987343
802,8.020000,0.015404,-0.007158,-0.014641,0.999749,40.170502,420.634094,101.984344
803,8.030000,0.015384,-0.007097,-0.014632,0.999749,40.088387,420.641449,101.984482
804,8.040000,0.015385,-0.007360,-0.014215,0.999754,39.970623,420.633911,101.985641
805,8.050000,0.015364,-0.007420,-0.014010,0.999756,39.868065,420.626770,101.981216
806,8.060000,0.015391,-0.007656,-0.013649,0.999759,39.749950,420.617157,101.972122
807,8.070000,0.015443,-0.007554,-0.013997,0.999754,39.647728,420.619965,101.975601
808,8.080000,0.015439,-0.007329,-0.014469,0.999749,39.561607,420.626984,101.991127
809,8.090000,0.015481,-0.006996,-0.014859,0.999745,39.487667,420.631836,102.008110
810,8.100000,0.015488,-0.006917,-0.015125,0.999742,39.412128,420.632141,102.019096
811,8.110000,0.015542,-0.007151,-0.014869,0.999743,39.317852,420.629730,102.021561
812,8.120000,0.015518,-0.007104,-0.014993,0.999742,39.251259,420.632660,102.017670
813,8.130000,0.015525,-0.007012,-0.014936,0.999743,39.193203,420.637939,102.007278
814,8.140000,0.015367,-0.007457,-0.013770,0.999759,39.146641,420.643707,101.984642
815,8.150000,0.015225,-0.007666,-0.013551,0.999763,39.107418,420.649231,101.950638
816,8.160000,0.015174,-0.007679,-0.013608,0.999763,39.053455,420.631317,101.913788
817,8.170000,0.015212,-0.007798,-0.013246,0.999766,38.985779,420.579010,101.873367
818,8.180000,0.015247,-0.007938,-0.012956,0.999768,38.928131,420.537354,101.867043
819,8.190000,0.015294,-0.008233,-0.012169,0.999775,38.847816,420.525299,101.889793
820,8.200000,0.015279,-0.008178,-0.012330,0.999774,38.825642,420.532288,101.903534
821,8.210000,0.015283,-0.007977,-0.012642,0.999772,38.798279,420.547516,101.896523
822,8.220000,0.015252,-0.008032,-0.012621,0.999772,38.744179,420.556183,101.884552
823,8.230000,0.015275,-0.007917,-0.012716,0.999771,38.694424,420.550476,101.889450
824,8.240000,0.015309,-0.008033,-0.012628,0.999771,38.643795,420.543701,101.890434
825,8.250000,0.015596,-0.007755,-0.013221,0.999761,38.592735,420.606720,101.822815
826,8.260000,0.015759,-0.007694,-0.013360,0.999757,38.549717,420.629395,101.786415
827,8.270000,0.015816,-0.007738,-0.013264,0.999757,38.499676,420.623718,101.796211
828,8.280000,0.015715,-0.007888,-0.013063,0.999760,38.448177,420.606079,101.820198
829,8.290000,0.015660,-0.007826,-0.013019,0.999762,38.424107,420.601440,101.819801
830,8.300000,0.015602,-0.007702,-0.013060,0.999763,38.405167,420.602966,101.795952
831,8.310000,0.015518,-0.007967,-0.012650,0.999768,38.381199,420.588562,101.772408
832,8.320000,0.015508,-0.008076,-0.012410,0.999770,38.365940,420.571075,101.767059
833,8.330000,0.015556,-0.008195,-0.012168,0.999771,38.350349,420.557953,101.784599
834,8.340000,0.015608,-0.008512,-0.011748,0.999773,38.341522,420.535645,101.803329
835,8.350000,0.015636,-0.008344,-0.011827,0.999773,38.366047,420.528290,101.817886
836,8.360000,0.015626,-0.008429,-0.011728,0.999774,38.383694,420.523163,101.821388
837,8.370000,0.015635,-0.008460,-0.011669,0.999774,38.398937,420.519684,101.821747
838,8.380000,0.015644,-0.008488,-0.011656,0.999774,38.409462,420.517944,101.819748
839,8.390000,0.015701,-0.008507,-0.011683,0.999772,38.414352,420.519775,101.820488
840,8.400000,0.015709,-0.008912,-0.011375,0.999772,38.408104,420.513184,101.823105
841,8.410000,0.015724,-0.008908,-0.011304,0.999773,38.428314,420.510254,101.839325
842,8.420000,0.015707,-0.009951,-0.008617,0.999790,38.463326,420.463135,101.856186
843,8.430000,0.015667,-0.010268,-0.008284,0.999790,38.469788,420.454529,101.874641
844,8.440000,0.015665,-0.010309,-0.008257,0.999790,38.488419,420.453552,101.877602
845,8.450000,0.015669,-0.010330,-0.008230,0.999790,38.511574,420.453094,101.877487
846,8.460000,0.015672,-0.010135,-0.008398,0.999791,38.551773,420.455963,101.881561
847,8.470000,0.015674,-0.010105,-0.008380,0.999791,38.585033,420.454712,101.891075
848,8.480000,0.015688,-0.010354,-0.008083,0.999791,38.603802,420.443573,101.904770
849,8.490000,0.015701,-0.010245,-0.008088,0.999792,38.646385,420.428192,101.916237
850,8.500000,0.015743,-0.008999,-0.010838,0.999777,38.678402,420.443542,101.915901
851,8.510000,0.015749,-0.009189,-0.010507,0.999779,38.715546,420.411682,101.896080
852,8.520000,0.015630,-0.009187,-0.010504,0.999780,38.769760,420.377075,101.877052
853,8.530000,0.015573,-0.009257,-0.010218,0.999784,38.827637,420.351105,101.858902
854,8.540000,0.015514,-0.009172,-0.010220,0.999785,38.931309,420.348419,101.848946
855,8.550000,0.015500,-0.008974,-0.010614,0.999783,39.061729,420.354309,101.847458
856,8.560000,0.015499,-0.009393,-0.009794,0.999788,39.194279,420.362946,101.861488
857,8.570000,0.015607,-0.009433,-0.010076,0.999783,39.354584,420.391724,101.890678
858,8.580000,0.015617,-0.010518,-0.007424,0.999795,39.554890,420.379822,101.921257
859,8.590000,0.015589,-0.010672,-0.007391,0.999794,39.731808,420.408539,101.940414
860,8.600000,0.015502,-0.010507,-0.007896,0.999793,39.942837,420.443970,101.944481
861,8.610000,0.015539,-0.011062,-0.007572,0.999789,40.117332,420.454773,101.922943
862,8.620000,0.015622,-0.009396,-0.011013,0.999773,40.337456,420.509155,101.910561
863,8.630000,0.015654,-0.009413,-0.011216,0.999770,40.540932,420.499756,101.890419
864,8.640000,0.015677,-0.009851,-0.010857,0.999770,40.723110,420.474182,101.891167
865,8.650000,0.015720,-0.009997,-0.010445,0.999772,40.931213,420.454071,101.927063
866,8.660000,0.015743,-0.009691,-0.010226,0.999777,41.170986,420.436951,101.992714
867,8.670000,0.015702,-0.010159,-0.009503,0.999780,41.399529,420.412567,102.036690
868,8.680000,0.015697,-0.011579,-0.006532,0.999788,41.637196,420.343170,102.060150
869,8.690000,0.015667,-0.010220,-0.009480,0.999780,41.913231,420.380035,102.051933
870,8.700000,0.015673,-0.009862,-0.010077,0.999778,42.186501,420.409760,102.033226
871,8.710000,0.015591,-0.010482,-0.009313,0.999780,42.450829,420.432709,102.019402
872,8.720000,0.015677,-0.010538,-0.009422,0.999777,42.728168,420.455688,102.024605
873,8.730000,0.015654,-0.012194,-0.006405,0.999783,43.028152,420.426483,102.050095
874,8.740000,0.015394,-0.011124,-0.009080,0.999778,43.323940,420.433533,102.158882
875,8.750000,0.015327,-0.010529,-0.009563,0.999781,43.671680,420.447296,102.212234
876,8.760000,0.015547,-0.009987,-0.010952,0.999769,43.981068,420.417267,102.238258
877,8.770000,0.015520,-0.009446,-0.011487,0.999769,44.314716,420.367401,102.247650
878,8.780000,0.015498,-0.009988,-0.010503,0.999775,44.578537,420.291138,102.233406
879,8.790000,0.015512,-0.009679,-0.010434,0.999778,44.913330,420.211334,102.251320
880,8.800000,0.015507,-0.009858,-0.009958,0.999782,45.239372,420.161621,102.278229
881,8.810000,0.015539,-0.009768,-0.009736,0.999784,45.566227,420.138245,102.304192
882,8.820000,0.015572,-0.009607,-0.010109,0.999782,45.924408,420.128296,102.322388
883,8.830000,0.015535,-0.009624,-0.010219,0.999781,46.293858,420.190063,102.359215
884,8.840000,0.015384,-0.009748,-0.010452,0.999780,46.641712,420.295685,102.368263
885,8.850000,0.015424,-0.009324,-0.010983,0.999777,47.032494,420.409149,102.356575
886,8.860000,0.015361,-0.009449,-0.011307,0.999773,47.396255,420.497528,102.324890
887,8.870000,0.015322,-0.009440,-0.011702,0.999770,47.725662,420.525055,102.318489
888,8.880000,0.015408,-0.008675,-0.012188,0.999769,48.074001,420.491516,102.345551
889,8.890000,0.015253,-0.010009,-0.009218,0.999791,48.335701,420.431213,102.379082
890,8.900000,0.015526,-0.009134,-0.011415,0.999773,48.630466,420.401611,102.420532
891,8.910000,0.015602,-0.008751,-0.011953,0.999769,48.947529,420.396545,102.484177
892,8.920000,0.015668,-0.008837,-0.011976,0.999767,49.249855,420.405975,102.542160
893,8.930000,0.015741,-0.008694,-0.012119,0.999765,49.550137,420.420288,102.577385
894,8.940000,0.015852,-0.008227,-0.012508,0.999762,49.848133,420.440979,102.587997
895,8.950000,0.015498,-0.009403,-0.009646,0.999789,50.093300,420.453613,102.584534
896,8.960000,0.015681,-0.007938,-0.012840,0.999763,50.342125,420.460388,102.572357
897,8.970000,0.015622,-0.008235,-0.012816,0.999762,50.546959,420.448853,102.552261
898,8.980000,0.015565,-0.008328,-0.012636,0.999764,50.732742,420.439209,102.545227
899,8.990000,0.015518,-0.008364,-0.012650,0.999765,50.920090,420.433014,102.555984
900,9.000000,0.015519,-0.007786,-0.013104,0.999763,51.141312,420.428345,102.579758
901,9.010000,0.015320,-0.009192,-0.009658,0.999794,51.332298,420.404114,102.607582
902,9.020000,0.015418,-0.009562,-0.009095,0.999794,51.513012,420.389435,102.637711
903,9.030000,0.015770,-0.008326,-0.012145,0.999767,51.678097,420.391144,102.663651
904,9.040000,0.015805,-0.008111,-0.012733,0.999761,51.866535,420.398224,102.688408
905,9.050000,0.015852,-0.007899,-0.012929,0.999760,52.041290,420.398529,102.694519
906,9.060000,0.015802,-0.007582,-0.013434,0.999756,52.231270,420.395233,102.688881
907,9.070000,0.015792,-0.007829,-0.013239,0.999757,52.395817,420.393860,102.682083
908,9.080000,0.015825,-0.008011,-0.013039,0.999758,52.558945,420.407043,102.694420
909,9.090000,0.015787,-0.008331,-0.012500,0.999763,52.740417,420.427002,102.715057
910,9.100000,0.015710,-0.007805,-0.013252,0.999758,52.966309,420.450806,102.734131
911,9.110000,0.015416,-0.009323,-0.009571,0.999792,53.148701,420.446075,102.748367
912,9.120000,0.015599,-0.007669,-0.013058,0.999764,53.327789,420.479187,102.770630
913,9.130000,0.015643,-0.008477,-0.011923,0.999771,53.405518,420.410889,102.777016
914,9.140000,0.015627,-0.008748,-0.011473,0.999774,53.530487,420.381287,102.772728
915,9.150000,0.015632,-0.008847,-0.011201,0.999776,53.686607,420.355194,102.774551
916,9.160000,0.015792,-0.008903,-0.010984,0.999775,53.848755,420.318085,102.768448
917,9.170000,0.015861,-0.008974,-0.010767,0.999776,54.020950,420.312866,102.777458
918,9.180000,0.015771,-0.008721,-0.011391,0.999773,54.251942,420.339233,102.795349
919,9.190000,0.015478,-0.010309,-0.008005,0.999795,54.454624,420.345306,102.810524
920,9.200000,0.015532,-0.010535,-0.007329,0.999797,54.701290,420.371979,102.836456
921,9.210000,0.015941,-0.008730,-0.011097,0.999773,54.933945,420.407867,102.860245
922,9.220000,0.015961,-0.008296,-0.011890,0.999767,55.210884,420.408417,102.866661
923,9.230000,0.016102,-0.008846,-0.012598,0.999752,55.370415,420.349213,102.895317
924,9.240000,0.015909,-0.008640,-0.012817,0.999754,55.652748,420.340515,102.896729
925,9.250000,0.015737,-0.008556,-0.011479,0.999774,55.998741,420.377167,102.874107
926,9.260000,0.015332,-0.010612,-0.007063,0.999801,56.280228,420.379913,102.862862
927,9.270000,0.015881,-0.009303,-0.011365,0.999766,56.500793,420.372681,102.883301
928,9.280000,0.015762,-0.008749,-0.012820,0.999755,56.840038,420.406982,102.894295
929,9.290000,0.015846,-0.009089,-0.012506,0.999755,57.102562,420.413452,102.906952
930,9.300000,0.015708,-0.008924,-0.011339,0.999772,57.438808,420.452301,102.892769
931,9.310000,0.015818,-0.009030,-0.012028,0.999762,57.666725,420.424927,102.928642
932,9.320000,0.015915,-0.009400,-0.011834,0.999759,57.920082,420.415253,102.943588
933,9.330000,0.015912,-0.009002,-0.012601,0.999754,58.251625,420.422241,102.967857
934,9.340000,0.015950,-0.008697,-0.012923,0.999752,58.581776,420.427460,103.014305
935,9.350000,0.015946,-0.008788,-0.012646,0.999754,58.888905,420.421082,103.054520
936,9.360000,0.016095,-0.009468,-0.011961,0.999754,59.172745,420.394409,103.076347
937,9.370000,0.016109,-0.009207,-0.012057,0.999755,59.533024,420.396210,103.095169
938,9.380000,0.015941,-0.008636,-0.012968,0.999752,59.926579,420.416901,103.078506
939,9.390000,0.015975,-0.008971,-0.012671,0.999752,60.266434,420.439972,103.068375
940,9.400000,0.015827,-0.009210,-0.012258,0.999757,60.654373,420.476898,103.070473
941,9.410000,0.015849,-0.009320,-0.012336,0.999755,61.037212,420.491760,103.062988
942,9.420000,0.015816,-0.008939,-0.012921,0.999752,61.460384,420.517151,103.060585
943,9.430000,0.015649,-0.008493,-0.013329,0.999753,61.925468,420.539642,103.086868
944,9.440000,0.015789,-0.009075,-0.012440,0.999757,62.296215,420.515167,103.100899
945,9.450000,0.015725,-0.009047,-0.012545,0.999757,62.747879,420.512115,103.122330
946,9.460000,0.015765,-0.009088,-0.012742,0.999753,63.213982,420.503052,103.142502
947,9.470000,0.015700,-0.008682,-0.012835,0.999757,63.715405,420.518616,103.190506
948,9.480000,0.015702,-0.008784,-0.011682,0.999770,64.254128,420.545105,103.194557
949,9.490000,0.015753,-0.008281,-0.012267,0.999766,64.800598,420.569427,103.226433
950,9.500000,0.015764,-0.008546,-0.012526,0.999761,65.335999,420.590973,103.227844
951,9.510000,0.015605,-0.008677,-0.012396,0.999764,65.844719,420.621979,103.249451
952,9.520000,0.015704,-0.007860,-0.013159,0.999759,66.418457,420.643036,103.280579
953,9.530000,0.015667,-0.008463,-0.012752,0.999760,66.957817,420.642578,103.274834
954,9.540000,0.015547,-0.008038,-0.013597,0.999754,67.520508,420.708038,103.297218
955,9.550000,0.015577,-0.007455,-0.014402,0.999747,68.088013,420.708038,103.324280
956,9.560000,0.015576,-0.007489,-0.013817,0.999755,68.604630,420.698395,103.370880
957,9.570000,0.015686,-0.008612,-0.012831,0.999758,69.046112,420.677277,103.385513
958,9.580000,0.015570,-0.008067,-0.013478,0.999755,69.581673,420.686584,103.410995
959,9.590000,0.015752,-0.008407,-0.013101,0.999755,70.062607,420.662994,103.428261
960,9.600000,0.015715,-0.008695,-0.012504,0.999761,70.533592,420.658783,103.453194
961,9.610000,0.015699,-0.008548,-0.012854,0.999758,71.018600,420.662689,103.480774
962,9.620000,0.015728,-0.008058,-0.013064,0.999759,71.535362,420.666199,103.526726
963,9.630000,0.015815,-0.008163,-0.012975,0.999757,71.991539,420.665405,103.583023
964,9.640000,0.015995,-0.008321,-0.012919,0.999754,72.461670,420.651398,103.626236
965,9.650000,0.016043,-0.008175,-0.013044,0.999753,72.961983,420.644348,103.680992
966,9.660000,0.016168,-0.008450,-0.012571,0.999755,73.440048,420.627563,103.717644
967,9.670000,0.016176,-0.008251,-0.012928,0.999752,73.959908,420.633209,103.747452
968,9.680000,0.016236,-0.008588,-0.012567,0.999752,74.441200,420.618866,103.763184
969,9.690000,0.015701,-0.010451,-0.007952,0.999791,74.975357,420.616852,103.799278
970,9.700000,0.016190,-0.008858,-0.012245,0.999755,75.478493,420.611511,103.803101
971,9.710000,0.016127,-0.008577,-0.011965,0.999762,76.030571,420.623505,103.838264
972,9.720000,0.016050,-0.008644,-0.012692,0.999753,76.545372,420.644287,103.838387
973,9.730000,0.016078,-0.008434,-0.013014,0.999751,77.079666,420.665100,103.868767
974,9.740000,0.016084,-0.008125,-0.013294,0.999749,77.631706,420.667603,103.896072
975,9.750000,0.016056,-0.008610,-0.012751,0.999753,78.123215,420.662018,103.910919
976,9.760000,0.015990,-0.008464,-0.013158,0.999750,78.685829,420.666016,103.924873
977,9.770000,0.016023,-0.008794,-0.012897,0.999750,79.225479,420.657135,103.941231
978,9.780000,0.015535,-0.011002,-0.007581,0.999790,79.746140,420.633179,103.975136
979,9.790000,0.015939,-0.008248,-0.013068,0.999754,80.375984,420.654816,104.013901
980,9.800000,0.016172,-0.011761,-0.008486,0.999764,80.795578,420.574677,104.005943
981,9.810000,0.016235,-0.008993,-0.012361,0.999751,81.511055,420.620789,104.077553
982,9.820000,0.016026,-0.008401,-0.012956,0.999752,82.187370,420.671570,104.120422
983,9.830000,0.016136,-0.011403,-0.008761,0.999766,82.670174,420.636871,104.095200
984,9.840000,0.016183,-0.008821,-0.012355,0.999754,83.390457,420.712769,104.154907
985,9.850000,0.015953,-0.008280,-0.013680,0.999745,84.077087,420.768097,104.168930
986,9.860000,0.016724,-0.017513,-0.003324,0.999701,84.200195,420.554535,104.012619
987,9.870000,0.016062,-0.008627,-0.013091,0.999748,85.287247,420.737457,104.212868
988,9.880000,0.016810,-0.008678,-0.015027,0.999708,85.782455,420.681854,104.231049
989,9.890000,0.016390,-0.008740,-0.013501,0.999736,86.461647,420.698242,104.295204
990,9.900000,0.016183,-0.008303,-0.013562,0.999743,87.075447,420.727478,104.341179
991,9.910000,0.016743,-0.008402,-0.015276,0.999708,87.605072,420.680908,104.321327
992,9.920000,0.016263,-0.008558,-0.013600,0.999739,88.266541,420.710938,104.365913
993,9.930000,0.016022,-0.008152,-0.013451,0.999748,88.895882,420.744476,104.366180
994,9.940000,0.016528,-0.009618,-0.014175,0.999717,89.311722,420.698944,104.302643
995,9.950000,0.016645,-0.013950,-0.008921,0.999724,89.669128,420.637024,104.212502
996,9.960000,0.015633,-0.008516,-0.013253,0.999754,90.600998,420.810822,104.332062
997,9.970000,0.016321,-0.009123,-0.014802,0.999716,90.975220,420.760742,104.322372
998,9.980000,0.016583,-0.014118,-0.008499,0.999727,91.263046,420.660919,104.266747
999,9.990000,0.015744,-0.008455,-0.013240,0.999753,92.166069,420.790070,104.437637
1000,10.000000,0.016674,-0.009567,-0.015195,0.999700,92.449379,420.699707,104.407295
1001,10.010000,0.016782,-0.014011,-0.008902,0.999721,92.760078,420.600433,104.385780
1002,10.020000,0.016688,-0.008934,-0.014652,0.999713,93.512978,420.682068,104.528526
1003,10.030000,0.016737,-0.009017,-0.014558,0.999713,94.010666,420.674194,104.591774
1004,10.040000,0.017047,-0.014064,-0.008247,0.999722,94.263107,420.565277,104.548622
1005,10.050000,0.017112,-0.009442,-0.013974,0.999711,94.968117,420.627747,104.670906
1006,10.060000,0.017151,-0.009302,-0.014624,0.999703,95.487930,420.640381,104.733315
1007,10.070000,0.017407,-0.014230,-0.008207,0.999714,95.729462,420.568359,104.678192
1008,10.080000,0.018121,-0.016134,-0.007965,0.999674,96.067329,420.474396,104.664871
1009,10.090000,0.017429,-0.009967,-0.013897,0.999702,96.920883,420.634613,104.795670
1010,10.100000,0.016511,-0.007381,-0.014336,0.999734,97.691284,420.747559,104.892822
1011,10.110000,0.017791,-0.014814,-0.008963,0.999692,97.676888,420.498016,104.749817
1012,10.120000,0.017211,-0.008613,-0.015073,0.999701,98.581314,420.626434,104.876419
1013,10.130000,0.017384,-0.014590,-0.007187,0.999717,98.847885,420.507050,104.816132
1014,10.140000,0.018130,-0.016166,-0.007540,0.999677,99.237892,420.415161,104.818787
1015,10.150000,0.017309,-0.009579,-0.014055,0.999705,100.202400,420.592529,104.937622
1016,10.160000,0.017267,-0.014822,-0.007481,0.999713,100.614494,420.551270,104.852493
1017,10.170000,0.017978,-0.016018,-0.008229,0.999676,101.086082,420.482178,104.838470
1018,10.180000,0.017017,-0.009306,-0.014703,0.999704,102.094902,420.677094,104.942604
1019,10.190000,0.017604,-0.015567,-0.008473,0.999688,102.375633,420.530914,104.821220
1020,10.200000,0.017425,-0.015985,-0.008052,0.999688,102.997002,420.541809,104.803276
1021,10.210000,0.015669,-0.008197,-0.013498,0.999753,104.234444,420.803131,104.966797
1022,10.220000,0.017311,-0.015666,-0.008337,0.999693,104.359596,420.547455,104.841026
1023,10.230000,0.016623,-0.014611,-0.007463,0.999727,105.207710,420.626343,104.901627
1024,10.240000,0.017381,-0.016052,-0.007788,0.999690,105.737198,420.524719,104.908157
1025,10.250000,0.017494,-0.016044,-0.008241,0.999684,106.466965,420.523651,104.943573
1026,10.260000,0.017525,-0.016277,-0.007853,0.999683,107.199356,420.524139,104.984146
1027,10.270000,0.017406,-0.016070,-0.007843,0.999689,108.016800,420.543823,105.017097
1028,10.280000,0.016584,-0.008673,-0.015020,0.999712,109.233475,420.748444,105.158142
1029,10.290000,0.017228,-0.015680,-0.008356,0.999694,109.683769,420.578125,105.051727
1030,10.300000,0.016308,-0.008106,-0.015624,0.999712,110.961815,420.781433,105.204460
1031,10.310000,0.017289,-0.015859,-0.008516,0.999689,111.345200,420.583588,105.092590
1032,10.320000,0.016395,-0.008981,-0.014620,0.999718,112.639488,420.769196,105.242958
1033,10.330000,0.017213,-0.015605,-0.008576,0.999693,113.097420,420.592102,105.156715
1034,10.340000,0.016840,-0.015560,-0.007244,0.999711,114.064819,420.640900,105.206238
1035,10.350000,0.017263,-0.015998,-0.008226,0.999689,114.882996,420.604492,105.239792
1036,10.360000,0.017186,-0.015883,-0.008421,0.999691,115.792549,420.614044,105.282738
1037,10.370000,0.017353,-0.016530,-0.007920,0.999681,116.680725,420.614105,105.321831
1038,10.380000,0.017332,-0.016043,-0.008276,0.999687,117.604630,420.627533,105.375580
1039,10.390000,0.017332,-0.015831,-0.008581,0.999688,118.489235,420.637146,105.419357
1040,10.400000,0.017519,-0.016637,-0.008319,0.999673,119.350418,420.624420,105.437347
1041,10.410000,0.017693,-0.016687,-0.008658,0.999667,120.219040,420.613220,105.472725
1042,10.420000,0.017439,-0.010327,-0.015098,0.999681,121.458694,420.764313,105.551079
1043,10.430000,0.017592,-0.009849,-0.016519,0.999660,122.355034,420.761841,105.558189
1044,10.440000,0.017577,-0.010136,-0.016408,0.999660,123.242119,420.764160,105.601746
1045,10.450000,0.018490,-0.016458,-0.011352,0.999629,123.714928,420.570923,105.558800
1046,10.460000,0.018637,-0.017083,-0.011309,0.999616,124.565788,420.553528,105.605591
1047,10.470000,0.017767,-0.016654,-0.008178,0.999670,125.644371,420.600006,105.736229
1048,10.480000,0.016816,-0.015183,-0.007504,0.999715,126.765862,420.716888,105.807961
1049,10.490000,0.016544,-0.008996,-0.015147,0.999708,127.965256,420.844116,105.967155
1050,10.500000,0.015710,-0.007097,-0.014655,0.999744,129.132828,420.948883,106.089249
1051,10.510000,0.016711,-0.014213,-0.008281,0.999725,129.597000,420.780640,105.994492
1052,10.520000,0.016761,-0.008942,-0.015496,0.999699,130.734467,420.873444,106.108131
1053,10.530000,0.017712,-0.016455,-0.008736,0.999670,131.201981,420.693512,106.009438
1054,10.540000,0.017708,-0.016830,-0.008295,0.999667,132.069931,420.701630,106.049400
1055,10.550000,0.017795,-0.016600,-0.008686,0.999666,132.948608,420.707977,106.093384
1056,10.560000,0.017789,-0.016563,-0.008707,0.999667,133.792313,420.711639,106.128746
1057,10.570000,0.017753,-0.016686,-0.008612,0.999666,134.637985,420.714050,106.156464
1058,10.580000,0.017770,-0.016717,-0.008558,0.999666,135.427002,420.709625,106.184731
1059,10.590000,0.017745,-0.016410,-0.008899,0.999668,136.202744,420.716492,106.209709
1060,10.600000,0.017654,-0.016841,-0.008518,0.999666,136.938812,420.701141,106.230118
1061,10.610000,0.017619,-0.016715,-0.008635,0.999668,137.680557,420.709747,106.245689
1062,10.620000,0.017625,-0.016660,-0.008799,0.999667,138.396301,420.715546,106.278008
1063,10.630000,0.017630,-0.016753,-0.008653,0.999667,139.067673,420.713013,106.302422
1064,10.640000,0.017628,-0.016853,-0.008592,0.999666,139.702789,420.714264,106.330421
1065,10.650000,0.017614,-0.016569,-0.008846,0.999668,140.315216,420.719849,106.357132
1066,10.660000,0.017570,-0.016608,-0.009066,0.999667,140.884155,420.725098,106.374260
1067,10.670000,0.017570,-0.016579,-0.008771,0.999670,141.420654,420.718506,106.378960
1068,10.680000,0.017466,-0.016823,-0.008603,0.999669,141.898270,420.708191,106.381409
1069,10.690000,0.016492,-0.009467,-0.015379,0.999701,142.800339,420.896851,106.509155
1070,10.700000,0.017387,-0.016708,-0.008751,0.999671,142.790741,420.689178,106.393234
1071,10.710000,0.017365,-0.016769,-0.008305,0.999674,143.180176,420.672394,106.396187
1072,10.720000,0.017338,-0.016492,-0.008443,0.999678,143.566483,420.663116,106.408707
1073,10.730000,0.017312,-0.016828,-0.008327,0.999674,143.913162,420.648773,106.427017
1074,10.740000,0.017282,-0.016763,-0.008318,0.999676,144.249100,420.637238,106.443024
1075,10.750000,0.017394,-0.017006,-0.008046,0.999672,144.577667,420.631500,106.467690
1076,10.760000,0.017448,-0.016715,-0.008347,0.999673,144.909271,420.639465,106.495560
1077,10.770000,0.016499,-0.009216,-0.015538,0.999701,145.651474,420.852539,106.653381
1078,10.780000,0.017529,-0.016430,-0.008752,0.999673,145.516602,420.655792,106.566063
1079,10.790000,0.017643,-0.016692,-0.008475,0.999669,145.797836,420.648193,106.599648
1080,10.800000,0.017715,-0.016614,-0.008796,0.999666,146.093536,420.647064,106.635437
1081,10.810000,0.017768,-0.016562,-0.008744,0.999667,146.366699,420.644958,106.660843
1082,10.820000,0.016745,-0.009382,-0.015475,0.999696,147.063690,420.850616,106.806137
1083,10.830000,0.017518,-0.016429,-0.008651,0.999674,146.895630,420.648804,106.665543
1084,10.840000,0.017590,-0.016519,-0.008606,0.999672,147.159256,420.617706,106.657623
1085,10.850000,0.017654,-0.016674,-0.008239,0.999671,147.394714,420.580200,106.666237
1086,10.860000,0.017581,-0.016740,-0.008082,0.999673,147.633667,420.579529,106.671181
1087,10.870000,0.017437,-0.016460,-0.008471,0.999677,147.896545,420.581329,106.669632
1088,10.880000,0.017459,-0.016516,-0.008564,0.999675,148.133377,420.591370,106.679153
1089,10.890000,0.017581,-0.016625,-0.008364,0.999672,148.364914,420.597748,106.705383
1090,10.900000,0.017726,-0.016779,-0.008113,0.999669,148.567627,420.582794,106.741440
1091,10.910000,0.017765,-0.016590,-0.008398,0.999669,148.775970,420.584290,106.751732
1092,10.920000,0.017647,-0.016940,-0.008311,0.999666,148.961380,420.590027,106.736534
1093,10.930000,0.017601,-0.016531,-0.008706,0.999671,149.156540,420.593506,106.726669
1094,10.940000,0.017531,-0.016725,-0.008247,0.999672,149.329285,420.593658,106.719833
1095,10.950000,0.017497,-0.016758,-0.008073,0.999674,149.487869,420.593048,106.706459
1096,10.960000,0.017445,-0.016881,-0.007916,0.999674,149.647507,420.587524,106.697975
1097,10.970000,0.017343,-0.017022,-0.007766,0.999675,149.802673,420.582184,106.692955
1098,10.980000,0.017328,-0.017100,-0.007711,0.999674,149.947922,420.575226,106.701790
1099,10.990000,0.017350,-0.016732,-0.008091,0.999677,150.118271,420.570312,106.714691
1100,11.000000,0.016414,-0.009015,-0.015491,0.999705,150.743774,420.780060,106.864586
1101,11.010000,0.017440,-0.016489,-0.008437,0.999676,150.454254,420.561005,106.748680
1102,11.020000,0.016352,-0.008531,-0.015874,0.999704,151.094788,420.781281,106.899345
1103,11.030000,0.017433,-0.016493,-0.008219,0.999678,150.769165,420.545990,106.764610
1104,11.040000,0.017452,-0.016707,-0.007983,0.999676,150.910797,420.540283,106.778397
1105,11.050000,0.017380,-0.016562,-0.008247,0.999678,151.078918,420.540314,106.786789
1106,11.060000,0.017365,-0.016301,-0.008521,0.999680,151.247208,420.537598,106.790100
1107,11.070000,0.017348,-0.016448,-0.008147,0.999681,151.402298,420.528992,106.786003
1108,11.080000,0.017324,-0.016750,-0.007765,0.999679,151.566803,420.513092,106.781403
1109,11.090000,0.017366,-0.016788,-0.007567,0.999680,151.754669,420.491730,106.786446
1110,11.100000,0.017351,-0.016670,-0.007623,0.999681,151.945923,420.477722,106.789658
1111,11.110000,0.016338,-0.009088,-0.014738,0.999717,152.584991,420.681335,106.927368
1112,11.120000,0.017197,-0.016360,-0.007928,0.999687,152.360962,420.480865,106.797447
1113,11.130000,0.016265,-0.009454,-0.014543,0.999717,153.004166,420.673248,106.920090
1114,11.140000,0.016137,-0.008000,-0.016120,0.999708,153.318359,420.727783,106.953590
1115,11.150000,0.017144,-0.015557,-0.008864,0.999693,153.104477,420.518219,106.819160
1116,11.160000,0.017220,-0.016502,-0.007878,0.999685,153.280365,420.496033,106.803246
1117,11.170000,0.017205,-0.016342,-0.008022,0.999686,153.528778,420.503723,106.804649
1118,11.180000,0.017210,-0.016567,-0.007688,0.999685,153.739288,420.500732,106.804886
1119,11.190000,0.017175,-0.016660,-0.007606,0.999685,153.963150,420.491943,106.807243
1120,11.200000,0.016158,-0.009005,-0.014784,0.999720,154.612610,420.703552,106.953209
1121,11.210000,0.016002,-0.008202,-0.015633,0.999716,154.839691,420.720825,106.988434
1122,11.220000,0.017032,-0.015500,-0.008765,0.999696,154.563828,420.490234,106.867393
1123,11.230000,0.017158,-0.016387,-0.007782,0.999688,154.672165,420.440491,106.862228
1124,11.240000,0.017185,-0.016537,-0.007615,0.999687,154.797852,420.422211,106.871552
1125,11.250000,0.016144,-0.008584,-0.015063,0.999719,155.374634,420.623566,107.005913
1126,11.260000,0.016007,-0.007569,-0.015978,0.999716,155.529343,420.645782,107.026878
1127,11.270000,0.016014,-0.007830,-0.015731,0.999717,155.609436,420.639587,107.031700
1128,11.280000,0.017014,-0.015445,-0.008515,0.999700,155.235764,420.418701,106.905090
1129,11.290000,0.017138,-0.016571,-0.007416,0.999688,155.243317,420.385498,106.896385
1130,11.300000,0.017153,-0.016581,-0.007396,0.999688,155.286987,420.379883,106.906265
1131,11.310000,0.017163,-0.016622,-0.007305,0.999688,155.316879,420.370636,106.913727
1132,11.320000,0.017158,-0.016643,-0.007252,0.999688,155.326538,420.362610,106.917580
1133,11.330000,0.017142,-0.016708,-0.007169,0.999688,155.314774,420.354156,106.918983
1134,11.340000,0.016238,-0.015369,-0.006236,0.999731,155.470932,420.457153,106.952423
1135,11.350000,0.017120,-0.016886,-0.006828,0.999688,155.246811,420.323059,106.913643
1136,11.360000,0.017029,-0.017022,-0.006660,0.999688,155.209763,420.309448,106.895340
1137,11.370000,0.016911,-0.017087,-0.006513,0.999690,155.163712,420.295410,106.867218
1138,11.380000,0.016772,-0.017220,-0.006311,0.999691,155.099380,420.273743,106.828773
1139,11.390000,0.015575,-0.009562,-0.013433,0.999743,155.490082,420.462860,106.919502
1140,11.400000,0.016314,-0.016384,-0.006850,0.999709,154.989227,420.228760,106.762894
1141,11.410000,0.016325,-0.017381,-0.005520,0.999700,154.831787,420.154327,106.732887
1142,11.420000,0.016341,-0.017180,-0.005617,0.999703,154.778458,420.135010,106.751869
1143,11.430000,0.016314,-0.017130,-0.005537,0.999705,154.726364,420.125671,106.759094
1144,11.440000,0.016236,-0.017031,-0.005565,0.999708,154.698013,420.118011,106.749863
1145,11.450000,0.016236,-0.017037,-0.005491,0.999708,154.681519,420.099792,106.748940
1146,11.460000,0.016265,-0.017001,-0.005611,0.999708,154.705338,420.078918,106.762123
1147,11.470000,0.016279,-0.017068,-0.005481,0.999707,154.734909,420.067169,106.763527
1148,11.480000,0.016224,-0.017054,-0.005610,0.999707,154.780212,420.076477,106.752388
1149,11.490000,0.016169,-0.017255,-0.005360,0.999706,154.815811,420.093445,106.730553
1150,11.500000,0.016141,-0.017233,-0.005482,0.999706,154.844696,420.111542,106.717308
1151,11.510000,0.016156,-0.017280,-0.005492,0.999705,154.855209,420.114929,106.708260
1152,11.520000,0.016149,-0.017431,-0.005268,0.999704,154.842758,420.106659,106.698479
1153,11.530000,0.016145,-0.017447,-0.005210,0.999704,154.823105,420.097961,106.699562
1154,11.540000,0.016219,-0.017445,-0.005168,0.999703,154.792694,420.083649,106.720230
1155,11.550000,0.016271,-0.017458,-0.005132,0.999702,154.768250,420.074036,106.740532
1156,11.560000,0.015223,-0.009798,-0.012489,0.999758,155.192810,420.292542,106.884590
1157,11.570000,0.016250,-0.017134,-0.005542,0.999706,154.719589,420.076843,106.758789
1158,11.580000,0.016240,-0.017343,-0.005388,0.999703,154.712875,420.066742,106.746735
1159,11.590000,0.016234,-0.017359,-0.005374,0.999703,154.711380,420.065979,106.732292
1160,11.600000,0.016230,-0.017495,-0.005173,0.999702,154.721832,420.065338,106.713417
1161,11.610000,0.016191,-0.017464,-0.005270,0.999703,154.738739,420.075958,106.701401
1162,11.620000,0.016181,-0.017510,-0.005174,0.999702,154.757248,420.080261,106.703041
1163,11.630000,0.016196,-0.017519,-0.005178,0.999702,154.772858,420.079620,106.710876
1164,11.640000,0.016216,-0.017494,-0.005165,0.999702,154.781616,420.077820,106.719872
1165,11.650000,0.016221,-0.017521,-0.005167,0.999702,154.782059,420.077148,106.723885
1166,11.660000,0.016235,-0.017507,-0.005145,0.999702,154.774048,420.075867,106.728874
1167,11.670000,0.016232,-0.017508,-0.005104,0.999702,154.757858,420.072540,106.727882
1168,11.680000,0.016211,-0.017384,-0.005303,0.999703,154.745621,420.072876,106.729050
1169,11.690000,0.016203,-0.017354,-0.005293,0.999704,154.738144,420.069580,106.728073
1170,11.700000,0.016207,-0.017474,-0.005052,0.999703,154.735443,420.066589,106.723450
1171,11.710000,0.016210,-0.017490,-0.005022,0.999703,154.740723,420.067688,106.720955
1172,11.720000,0.016205,-0.017508,-0.005080,0.999703,154.752792,420.069885,106.719200
1173,11.730000,0.016215,-0.017514,-0.005113,0.999702,154.762955,420.071503,106.719208
1174,11.740000,0.016219,-0.017498,-0.005173,0.999702,154.771774,420.073669,106.720184
1175,11.750000,0.016210,-0.017512,-0.005162,0.999702,154.773041,420.075989,106.715492
1176,11.760000,0.016182,-0.017520,-0.005141,0.999702,154.767517,420.075287,106.709396
1177,11.770000,0.016178,-0.017529,-0.005099,0.999703,154.755875,420.073059,106.704483
1178,11.780000,0.016176,-0.017469,-0.005234,0.999703,154.738525,420.074493,106.702789
1179,11.790000,0.016191,-0.017502,-0.005099,0.999703,154.722610,420.065674,106.708473
1180,11.800000,0.016200,-0.017387,-0.005293,0.999704,154.708679,420.063416,106.723244
1181,11.810000,0.016217,-0.017350,-0.005301,0.999704,154.707062,420.058594,106.737366
1182,11.820000,0.016218,-0.017371,-0.005304,0.999704,154.710663,420.057404,106.746796
1183,11.830000,0.016217,-0.017380,-0.005245,0.999704,154.727798,420.060883,106.743446
1184,11.840000,0.016212,-0.017497,-0.005035,0.999703,154.744888,420.063049,106.731094
1185,11.850000,0.016192,-0.017532,-0.005029,0.999703,154.764679,420.068390,106.715637
1186,11.860000,0.016161,-0.017513,-0.005096,0.999703,154.783432,420.075256,106.702377
1187,11.870000,0.015119,-0.009828,-0.012402,0.999761,155.251328,420.300476,106.827690
1188,11.880000,0.016143,-0.017310,-0.005387,0.999705,154.804062,420.086029,106.696747
1189,11.890000,0.016168,-0.017518,-0.005118,0.999703,154.784378,420.076172,106.702873
1190,11.900000,0.016178,-0.017515,-0.005090,0.999703,154.765152,420.070374,106.710617
1191,11.910000,0.016196,-0.017519,-0.005070,0.999703,154.739777,420.063904,106.719177
1192,11.920000,0.016190,-0.017389,-0.005303,0.999704,154.716293,420.062103,106.727631
1193,11.930000,0.016203,-0.017388,-0.005267,0.999704,154.694016,420.055511,106.730988
1194,11.940000,0.016211,-0.017359,-0.005279,0.999704,154.683533,420.051849,106.731071
1195,11.950000,0.015173,-0.009719,-0.012503,0.999760,155.137848,420.272125,106.859474
1196,11.960000,0.016170,-0.017151,-0.005503,0.999707,154.706284,420.063690,106.722610
1197,11.970000,0.016190,-0.017497,-0.005005,0.999703,154.721115,420.058075,106.715019
1198,11.980000,0.016177,-0.017497,-0.005071,0.999703,154.749878,420.062775,106.711594
1199,11.990000,0.016185,-0.017506,-0.005096,0.999703,154.775787,420.068146,106.712471
1200,12.000000,0.016180,-0.017508,-0.005124,0.999703,154.793182,420.072601,106.712646
1201,12.010000,0.016180,-0.017501,-0.005148,0.999703,154.799988,420.075104,106.711975
1202,12.020000,0.016169,-0.017532,-0.005087,0.999703,154.790344,420.073517,106.708824
1203,12.030000,0.016165,-0.017511,-0.005069,0.999703,154.774063,420.069580,106.705605
1204,12.040000,0.016169,-0.017522,-0.005029,0.999703,154.747253,420.063385,106.705330
1205,12.050000,0.016182,-0.017495,-0.005029,0.999703,154.722580,420.058807,106.711113
1206,12.060000,0.016184,-0.017399,-0.005215,0.999704,154.701721,420.056641,106.720581
1207,12.070000,0.016200,-0.017374,-0.005251,0.999704,154.690308,420.051117,106.729774
1208,12.080000,0.016211,-0.017369,-0.005247,0.999704,154.691010,420.049438,106.733734
1209,12.090000,0.016201,-0.017370,-0.005271,0.999704,154.697342,420.051636,106.731255
1210,12.100000,0.016186,-0.017396,-0.005260,0.999704,154.712173,420.056793,106.723045
1211,12.110000,0.016183,-0.017514,-0.005034,0.999703,154.732544,420.058838,106.709938
1212,12.120000,0.016166,-0.017527,-0.005049,0.999703,154.751389,420.062927,106.700447
1213,12.130000,0.016153,-0.017529,-0.005070,0.999703,154.765747,420.067413,106.696312
1214,12.140000,0.016154,-0.017544,-0.005063,0.999703,154.773132,420.068939,106.696442
1215,12.150000,0.016171,-0.017522,-0.005058,0.999703,154.770462,420.067688,106.705231
1216,12.160000,0.016177,-0.017511,-0.005050,0.999703,154.762177,420.063538,106.711609
1217,12.170000,0.016194,-0.017533,-0.005013,0.999703,154.746536,420.059174,106.719124
1218,12.180000,0.016209,-0.017530,-0.004974,0.999703,154.730392,420.053375,106.724396
1219,12.190000,0.016194,-0.017397,-0.005217,0.999704,154.717178,420.053864,106.729439
1220,12.200000,0.016191,-0.017373,-0.005214,0.999704,154.710922,420.052155,106.728584
1221,12.210000,0.016208,-0.017503,-0.004967,0.999703,154.706619,420.048523,106.719757
1222,12.220000,0.016187,-0.017492,-0.004997,0.999704,154.713196,420.052765,106.712601
1223,12.230000,0.016184,-0.017527,-0.005013,0.999703,154.722214,420.054993,106.706612
1224,12.240000,0.016166,-0.017528,-0.005043,0.999703,154.735016,420.057373,106.703720
1225,12.250000,0.016168,-0.017536,-0.005048,0.999703,154.745209,420.058502,106.705101
1226,12.260000,0.016180,-0.017540,-0.005041,0.999703,154.752274,420.060913,106.708771
1227,12.270000,0.016185,-0.017504,-0.005088,0.999703,154.752686,420.060791,106.711227
1228,12.280000,0.016182,-0.017510,-0.005057,0.999703,154.745712,420.059509,106.710388
1229,12.290000,0.016178,-0.017491,-0.005050,0.999703,154.734039,420.057037,106.709915
1230,12.300000,0.016179,-0.017500,-0.004999,0.999703,154.723740,420.054535,106.710030
1231,12.310000,0.016185,-0.017474,-0.005014,0.999704,154.717392,420.052032,106.713737
1232,12.320000,0.016176,-0.017370,-0.005215,0.999705,154.714600,420.053101,106.720604
1233,12.330000,0.016205,-0.017470,-0.005017,0.999704,154.719131,420.048309,106.724113
1234,12.340000,0.016186,-0.017413,-0.005174,0.999704,154.726532,420.053467,106.726387
1235,12.350000,0.016194,-0.017506,-0.005021,0.999703,154.736420,420.054230,106.720695
1236,12.360000,0.016176,-0.017532,-0.005006,0.999703,154.748291,420.057404,106.712456
1237,12.370000,0.016160,-0.017541,-0.005018,0.999703,154.755478,420.059448,106.704742
1238,12.380000,0.016151,-0.017491,-0.005076,0.999704,154.758835,420.061401,106.701469
1239,12.390000,0.016157,-0.017517,-0.005048,0.999703,154.750916,420.060211,106.699867
1240,12.400000,0.016155,-0.017524,-0.005034,0.999703,154.740814,420.058411,106.701950
1241,12.410000,0.016177,-0.017545,-0.005003,0.999703,154.726562,420.054535,106.707031
1242,12.420000,0.016190,-0.017516,-0.005005,0.999703,154.713577,420.049072,106.714455
1243,12.430000,0.016173,-0.017401,-0.005225,0.999704,154.703094,420.050629,106.722504
1244,12.440000,0.016181,-0.017370,-0.005242,0.999705,154.700760,420.049255,106.725929
1245,12.450000,0.016181,-0.017366,-0.005226,0.999705,154.702927,420.048676,106.727364
1246,12.460000,0.016176,-0.017370,-0.005230,0.999705,154.712830,420.050446,106.722603
1247,12.470000,0.016161,-0.017488,-0.004952,0.999704,154.718964,420.049286,106.710533
1248,12.480000,0.016164,-0.017529,-0.004972,0.999703,154.737869,420.055450,106.704529
1249,12.490000,0.016150,-0.017528,-0.005016,0.999703,154.755173,420.059967,106.700066
1250,12.500000,0.016125,-0.017480,-0.005020,0.999705,154.762650,420.061188,106.698265
1251,12.510000,0.016128,-0.017474,-0.005016,0.999705,154.765808,420.060211,106.701591
1252,12.520000,0.016164,-0.017529,-0.005028,0.999703,154.762939,420.059662,106.708084
1253,12.530000,0.016163,-0.017487,-0.005000,0.999704,154.745880,420.056030,106.710739
1254,12.540000,0.016182,-0.017526,-0.004988,0.999703,154.730576,420.052429,106.713966
1255,12.550000,0.016192,-0.017523,-0.004981,0.999703,154.711426,420.047760,106.715126
1256,12.560000,0.015141,-0.009781,-0.012397,0.999761,155.153137,420.267365,106.850037
1257,12.570000,0.015000,-0.008724,-0.013446,0.999759,155.203400,420.296356,106.869316
1258,12.580000,0.014990,-0.008703,-0.013483,0.999759,155.203796,420.296936,106.871048
1259,12.590000,0.016060,-0.016455,-0.006016,0.999718,154.756668,420.073669,106.734581
1260,12.600000,0.016189,-0.017518,-0.004988,0.999703,154.715668,420.047272,106.716621
1261,12.610000,0.016171,-0.017510,-0.005020,0.999703,154.733521,420.051575,106.711403
1262,12.620000,0.016132,-0.017506,-0.004977,0.999704,154.745422,420.055389,106.703140
1263,12.630000,0.016146,-0.017546,-0.005004,0.999703,154.759247,420.058502,106.700455
1264,12.640000,0.016134,-0.017561,-0.004974,0.999703,154.759460,420.058594,106.697052
1265,12.650000,0.016125,-0.017487,-0.004986,0.999705,154.757034,420.058899,106.698044
1266,12.660000,0.016131,-0.017476,-0.004977,0.999705,154.744156,420.055267,106.700874
1267,12.670000,0.016148,-0.017488,-0.004948,0.999705,154.727585,420.050781,106.706581
1268,12.680000,0.016180,-0.017509,-0.004941,0.999704,154.718811,420.047333,106.713951
1269,12.690000,0.016177,-0.017415,-0.005192,0.999704,154.707199,420.047729,106.721970
1270,12.700000,0.016171,-0.017459,-0.004956,0.999705,154.697800,420.042236,106.721481
1271,12.710000,0.016173,-0.017419,-0.005153,0.999704,154.699722,420.045959,106.723671
1272,12.720000,0.016192,-0.017496,-0.005009,0.999703,154.704865,420.043701,106.718224
1273,12.730000,0.016158,-0.017491,-0.004936,0.999704,154.710495,420.046722,106.708389
1274,12.740000,0.016166,-0.017515,-0.004996,0.999703,154.723465,420.051453,106.703682
1275,12.750000,0.016146,-0.017521,-0.005012,0.999704,154.736725,420.053375,106.700279
1276,12.760000,0.016149,-0.017534,-0.005002,0.999703,154.744308,420.054535,106.699783
1277,12.770000,0.016156,-0.017562,-0.004994,0.999703,154.747025,420.053833,106.704300
1278,12.780000,0.016157,-0.017525,-0.005008,0.999703,154.745743,420.053772,106.708214
1279,12.790000,0.016176,-0.017526,-0.004988,0.999703,154.735550,420.052307,106.712036
1280,12.800000,0.016157,-0.017478,-0.004947,0.999705,154.722321,420.047577,106.711639
1281,12.810000,0.016170,-0.017522,-0.004929,0.999704,154.716980,420.044586,106.712173
1282,12.820000,0.015131,-0.009856,-0.012124,0.999763,155.161438,420.263092,106.842987
1283,12.830000,0.014964,-0.008751,-0.013373,0.999760,155.219421,420.297821,106.864052
1284,12.840000,0.016043,-0.016437,-0.006026,0.999718,154.773666,420.077393,106.729691
1285,12.850000,0.016149,-0.017455,-0.004963,0.999705,154.722946,420.046417,106.709885
1286,12.860000,0.016179,-0.017555,-0.004961,0.999703,154.730591,420.049408,106.710045
1287,12.870000,0.016164,-0.017572,-0.004976,0.999703,154.737930,420.051788,106.706810
1288,12.880000,0.016164,-0.017557,-0.004980,0.999703,154.741272,420.053284,106.706284
1289,12.890000,0.016162,-0.017538,-0.005000,0.999703,154.741058,420.053467,106.705368
1290,12.900000,0.016157,-0.017508,-0.005014,0.999704,154.736725,420.051300,106.705566
1291,12.910000,0.016162,-0.017525,-0.004969,0.999703,154.725235,420.048676,106.706299
1292,12.920000,0.016157,-0.017494,-0.004925,0.999704,154.709183,420.045898,106.707359
1293,12.930000,0.015146,-0.009847,-0.012200,0.999762,155.161682,420.264557,106.844269
1294,12.940000,0.015014,-0.008837,-0.013213,0.999761,155.216599,420.292084,106.866524
1295,12.950000,0.016040,-0.016405,-0.005973,0.999719,154.761368,420.071136,106.732430
1296,12.960000,0.016139,-0.017316,-0.005181,0.999706,154.712479,420.047150,106.719749
1297,12.970000,0.016158,-0.017456,-0.004954,0.999705,154.721359,420.045685,106.714592
1298,12.980000,0.016152,-0.017549,-0.004873,0.999704,154.730911,420.048615,106.708565
1299,12.990000,0.016134,-0.017529,-0.004905,0.999704,154.740326,420.052368,106.702187
1300,13.000000,0.016116,-0.017484,-0.004967,0.999705,154.748993,420.054749,106.696922
1301,13.010000,0.016123,-0.017534,-0.004963,0.999704,154.747894,420.054321,106.694901
1302,13.020000,0.016125,-0.017499,-0.004965,0.999705,154.744125,420.052307,106.698059
1303,13.030000,0.016135,-0.017478,-0.004974,0.999705,154.733749,420.050049,106.703865
1304,13.040000,0.016150,-0.017491,-0.004933,0.999704,154.720871,420.047180,106.709763
1305,13.050000,0.016158,-0.017381,-0.005216,0.999705,154.712753,420.048889,106.719139
1306,13.060000,0.016164,-0.017468,-0.004906,0.999705,154.697144,420.039795,106.717064
1307,13.070000,0.015141,-0.009762,-0.012379,0.999761,155.149445,420.262268,106.852936
1308,13.080000,0.016154,-0.017182,-0.005409,0.999707,154.706329,420.050415,106.721832
1309,13.090000,0.016133,-0.017377,-0.005124,0.999706,154.700775,420.045349,106.715347
1310,13.100000,0.016144,-0.017473,-0.004934,0.999705,154.710236,420.044739,106.708618
1311,13.110000,0.016135,-0.017496,-0.004922,0.999705,154.725494,420.048340,106.705612
1312,13.120000,0.016125,-0.017538,-0.004925,0.999704,154.736160,420.051300,106.700951
1313,13.130000,0.016123,-0.017502,-0.004959,0.999705,154.746460,420.054932,106.700897
1314,13.140000,0.016117,-0.017535,-0.004932,0.999704,154.750214,420.053650,106.700539
1315,13.150000,0.016117,-0.017527,-0.004919,0.999704,154.748413,420.051758,106.702438
1316,13.160000,0.016130,-0.017542,-0.004893,0.999704,154.739655,420.050507,106.705574
1317,13.170000,0.016133,-0.017519,-0.004880,0.999705,154.729538,420.049530,106.708694
1318,13.180000,0.016145,-0.017488,-0.004879,0.999705,154.718399,420.045898,106.712082
1319,13.190000,0.016149,-0.017484,-0.004887,0.999705,154.709641,420.042603,106.715836
1320,13.200000,0.016151,-0.017392,-0.005124,0.999705,154.710861,420.045929,106.724113
1321,13.210000,0.016136,-0.017333,-0.005154,0.999706,154.708725,420.046875,106.724258
1322,13.220000,0.016157,-0.017459,-0.004909,0.999705,154.711334,420.043732,106.720100
1323,13.230000,0.016175,-0.017521,-0.004915,0.999704,154.721329,420.044769,106.718819
1324,13.240000,0.016138,-0.017466,-0.004941,0.999705,154.727554,420.048492,106.711830
1325,13.250000,0.016153,-0.017550,-0.004942,0.999703,154.735214,420.050018,106.707405
1326,13.260000,0.016135,-0.017562,-0.004965,0.999703,154.737900,420.051178,106.701920
1327,13.270000,0.016116,-0.017495,-0.004926,0.999705,154.734558,420.050507,106.700401
1328,13.280000,0.016116,-0.017434,-0.004985,0.999706,154.731613,420.050720,106.702240
1329,13.290000,0.016129,-0.017508,-0.004896,0.999705,154.725815,420.047363,106.707016
1330,13.300000,0.016143,-0.017558,-0.004840,0.999704,154.718216,420.044861,106.711243
1331,13.310000,0.016147,-0.017530,-0.004852,0.999704,154.714035,420.044250,106.714737
1332,13.320000,0.016144,-0.017504,-0.004880,0.999705,154.712250,420.042572,106.716164
1333,13.330000,0.016143,-0.017475,-0.004874,0.999705,154.714294,420.042603,106.714447
1334,13.340000,0.016136,-0.017453,-0.004909,0.999705,154.717636,420.044922,106.712791
1335,13.350000,0.016134,-0.017499,-0.004884,0.999705,154.721832,420.046295,106.709908
1336,13.360000,0.016133,-0.017527,-0.004885,0.999704,154.726654,420.047791,106.708138
1337,13.370000,0.016135,-0.017550,-0.004870,0.999704,154.731445,420.049103,106.707809
1338,13.380000,0.016135,-0.017530,-0.004903,0.999704,154.733398,420.049225,106.709679
1339,13.390000,0.016140,-0.017494,-0.004950,0.999705,154.734665,420.047821,106.711136
1340,13.400000,0.016140,-0.017520,-0.004905,0.999704,154.728928,420.046967,106.711586
1341,13.410000,0.016143,-0.017509,-0.004914,0.999704,154.721329,420.045563,106.711235
1342,13.420000,0.016135,-0.017466,-0.004924,0.999705,154.715240,420.045319,106.710022
1343,13.430000,0.015106,-0.009881,-0.012100,0.999764,155.163086,420.263733,106.840446
1344,13.440000,0.014962,-0.008798,-0.013141,0.999763,155.219604,420.292908,106.858658
1345,13.450000,0.016007,-0.016462,-0.005907,0.999719,154.766068,420.072540,106.724930
1346,13.460000,0.016136,-0.017455,-0.004925,0.999705,154.715012,420.043701,106.711327
1347,13.470000,0.016139,-0.017522,-0.004871,0.999704,154.721100,420.044830,106.711105
1348,13.480000,0.016137,-0.017541,-0.004883,0.999704,154.729172,420.045807,106.711334
1349,13.490000,0.016154,-0.017576,-0.004900,0.999703,154.740036,420.049011,106.711128
1350,13.500000,0.016133,-0.017502,-0.004922,0.999705,154.741409,420.049896,106.708130
1351,13.510000,0.016121,-0.017562,-0.004851,0.999704,154.736313,420.048859,106.704247
1352,13.520000,0.016125,-0.017456,-0.004934,0.999705,154.734268,420.049530,106.706245
1353,13.530000,0.016139,-0.017500,-0.004884,0.999705,154.727798,420.046722,106.709450
1354,13.540000,0.016146,-0.017486,-0.004878,0.999705,154.718735,420.043213,106.713425
1355,13.550000,0.016154,-0.017441,-0.004919,0.999705,154.711578,420.041138,106.717484
1356,13.560000,0.016156,-0.017502,-0.004868,0.999705,154.703705,420.039917,106.718315
1357,13.570000,0.016148,-0.017522,-0.004837,0.999704,154.700089,420.039825,106.717133
1358,13.580000,0.015095,-0.009795,-0.012285,0.999763,155.156921,420.262756,106.848198
1359,13.590000,0.016114,-0.017283,-0.005120,0.999708,154.720566,420.048370,106.710793
1360,13.600000,0.016124,-0.017523,-0.004869,0.999705,154.719238,420.045105,106.704391
1361,13.610000,0.016111,-0.017563,-0.004843,0.999704,154.725616,420.047943,106.699814
1362,13.620000,0.016099,-0.017562,-0.004847,0.999704,154.733368,420.049713,106.698456
1363,13.630000,0.016103,-0.017552,-0.004852,0.999705,154.741058,420.052002,106.702858
1364,13.640000,0.016118,-0.017538,-0.004873,0.999704,154.743683,420.052032,106.707138
1365,13.650000,0.016132,-0.017530,-0.004882,0.999704,154.742722,420.047729,106.715683
1366,13.660000,0.016147,-0.017550,-0.004821,0.999704,154.734726,420.046539,106.716682
1367,13.670000,0.016129,-0.017386,-0.005020,0.999706,154.735992,420.042206,106.724297
1368,13.680000,0.016143,-0.017511,-0.004866,0.999705,154.719040,420.039948,106.719177
1369,13.690000,0.016124,-0.017392,-0.005033,0.999706,154.709702,420.045044,106.725174
1370,13.700000,0.016136,-0.017514,-0.004836,0.999705,154.706757,420.039734,106.714661
1371,13.710000,0.016124,-0.017422,-0.005005,0.999706,154.706680,420.042633,106.720993
1372,13.720000,0.016134,-0.017471,-0.004871,0.999705,154.707550,420.044067,106.715294
1373,13.730000,0.016132,-0.017533,-0.004819,0.999705,154.711121,420.044220,106.715782
1374,13.740000,0.016109,-0.017418,-0.005083,0.999706,154.716553,420.043640,106.717545
1375,13.750000,0.016116,-0.017509,-0.004903,0.999705,154.722427,420.045715,106.709961
1376,13.760000,0.016115,-0.017530,-0.004842,0.999705,154.728912,420.045929,106.708832
1377,13.770000,0.016088,-0.017574,-0.004850,0.999704,154.727112,420.044800,106.696541
1378,13.780000,0.016095,-0.017507,-0.004846,0.999705,154.731659,420.051880,106.704132
1379,13.790000,0.016110,-0.017543,-0.004857,0.999705,154.733688,420.050079,106.700394
1380,13.800000,0.016101,-0.017513,-0.004842,0.999705,154.733414,420.047363,106.709427
1381,13.810000,0.016150,-0.017533,-0.004830,0.999704,154.733810,420.043762,106.713493
1382,13.820000,0.016149,-0.017514,-0.004861,0.999704,154.730591,420.044647,106.722260
1383,13.830000,0.016166,-0.017533,-0.004845,0.999704,154.727112,420.038971,106.721550
1384,13.840000,0.016118,-0.017402,-0.005093,0.999706,154.724030,420.045593,106.725090
1385,13.850000,0.016129,-0.017488,-0.004894,0.999705,154.723694,420.045349,106.718353
1386,13.860000,0.016111,-0.017507,-0.004828,0.999705,154.722122,420.045624,106.717308
1387,13.870000,0.016093,-0.017512,-0.004809,0.999706,154.722931,420.052185,106.710213
1388,13.880000,0.016100,-0.017473,-0.004861,0.999706,154.717010,420.056519,106.712517
1389,13.890000,0.015094,-0.009826,-0.012139,0.999764,155.161041,420.263611,106.840012
1390,13.900000,0.016133,-0.017316,-0.005131,0.999707,154.711716,420.036865,106.716362
1391,13.910000,0.016150,-0.017522,-0.004826,0.999704,154.708664,420.034058,106.712265
1392,13.920000,0.016113,-0.017486,-0.004868,0.999705,154.713760,420.040253,106.711922
1393,13.930000,0.016106,-0.017494,-0.004848,0.999705,154.723770,420.047668,106.710403
1394,13.940000,0.016083,-0.017396,-0.005053,0.999707,154.729935,420.061920,106.715218
1395,13.950000,0.016110,-0.017505,-0.004830,0.999705,154.734192,420.051483,106.713806
1396,13.960000,0.016126,-0.017397,-0.005055,0.999706,154.747559,420.041138,106.718872
1397,13.970000,0.016147,-0.017249,-0.005175,0.999708,154.756943,420.040527,106.722260
1398,13.980000,0.016131,-0.017490,-0.004873,0.999705,154.741318,420.043945,106.716263
1399,13.990000,0.016110,-0.017495,-0.004891,0.999705,154.736099,420.048218,106.709351
1400,14.000000,0.016080,-0.017525,-0.004860,0.999705,154.735657,420.055267,106.707047
1401,14.010000,0.016103,-0.017544,-0.004808,0.999705,154.730515,420.054352,106.708595
1402,14.020000,0.016122,-0.017509,-0.004884,0.999705,154.723404,420.045441,106.707909
1403,14.030000,0.016129,-0.017503,-0.004876,0.999705,154.707642,420.036438,106.708008
1404,14.040000,0.015134,-0.009884,-0.012141,0.999763,155.155594,420.255066,106.845352
1405,14.050000,0.014932,-0.008700,-0.013395,0.999761,155.200882,420.289337,106.866676
1406,14.060000,0.014921,-0.008719,-0.013325,0.999762,155.200638,420.292999,106.867706
1407,14.070000,0.015974,-0.016361,-0.006099,0.999720,154.762146,420.080414,106.739243
1408,14.080000,0.016121,-0.017483,-0.004806,0.999706,154.716553,420.041809,106.723152
1409,14.090000,0.016140,-0.017492,-0.004833,0.999705,154.725403,420.040436,106.722305
1410,14.100000,0.016140,-0.017565,-0.004808,0.999704,154.728851,420.042877,106.716621
1411,14.110000,0.016121,-0.017560,-0.004813,0.999704,154.736893,420.045471,106.712387
1412,14.120000,0.016111,-0.017512,-0.004859,0.999705,154.751343,420.047455,106.711952
1413,14.130000,0.016090,-0.017546,-0.004796,0.999705,154.763931,420.052734,106.710815
1414,14.140000,0.016089,-0.017516,-0.004808,0.999706,154.769165,420.057312,106.711655
1415,14.150000,0.016099,-0.017506,-0.004824,0.999706,154.763947,420.055786,106.712219
1416,14.160000,0.016114,-0.017526,-0.004841,0.999705,154.744583,420.049713,106.712219
1417,14.170000,0.016127,-0.017544,-0.004840,0.999704,154.720001,420.043304,106.711845
1418,14.180000,0.015102,-0.009874,-0.012092,0.999764,155.155014,420.257172,106.843895
1419,14.190000,0.016082,-0.017145,-0.005349,0.999709,154.697739,420.047455,106.717873
1420,14.200000,0.015175,-0.010313,-0.011749,0.999763,155.098495,420.238159,106.840622
1421,14.210000,0.014917,-0.008680,-0.013316,0.999762,155.194794,420.288361,106.869720
1422,14.220000,0.014944,-0.008846,-0.013064,0.999764,155.198532,420.288116,106.866447
1423,14.230000,0.014935,-0.008782,-0.013284,0.999762,155.205902,420.294769,106.867867
1424,14.240000,0.016001,-0.016471,-0.005909,0.999719,154.767670,420.070923,106.730621
1425,14.250000,0.016122,-0.017486,-0.004877,0.999705,154.734360,420.043427,106.715454
1426,14.260000,0.016111,-0.017513,-0.004826,0.999705,154.750931,420.046997,106.713982
1427,14.270000,0.016088,-0.017516,-0.004846,0.999705,154.762711,420.053528,106.711929
1428,14.280000,0.016097,-0.017489,-0.004872,0.999706,154.765884,420.056549,106.710655
1429,14.290000,0.016092,-0.017539,-0.004835,0.999705,154.757263,420.056366,106.706779
1430,14.300000,0.016118,-0.017537,-0.004836,0.999705,154.745651,420.048615,106.709320
1431,14.310000,0.016122,-0.017558,-0.004834,0.999704,154.723083,420.042114,106.711548
1432,14.320000,0.015098,-0.009926,-0.011984,0.999765,155.160446,420.257477,106.848656
1433,14.330000,0.014937,-0.008772,-0.013258,0.999762,155.204742,420.287689,106.874786
1434,14.340000,0.014931,-0.008793,-0.013188,0.999763,155.199905,420.286102,106.874596
1435,14.350000,0.014930,-0.008793,-0.013204,0.999763,155.200195,420.287872,106.874001
1436,14.360000,0.014953,-0.008896,-0.013007,0.999764,155.204208,420.287781,106.864685
1437,14.370000,0.014944,-0.008877,-0.013077,0.999763,155.214828,420.290802,106.859665
1438,14.380000,0.015996,-0.016487,-0.005861,0.999719,154.774857,420.073578,106.723816
1439,14.390000,0.016091,-0.017502,-0.004847,0.999706,154.736130,420.048309,106.707809
1440,14.400000,0.016082,-0.017541,-0.004809,0.999705,154.746841,420.049530,106.706757
1441,14.410000,0.016081,-0.017536,-0.004828,0.999705,154.752563,420.051575,106.706825
1442,14.420000,0.016091,-0.017525,-0.004848,0.999705,154.749725,420.049561,106.708206
1443,14.430000,0.016115,-0.017525,-0.004866,0.999705,154.738953,420.047272,106.713211
1444,14.440000,0.016132,-0.017535,-0.004827,0.999705,154.726349,420.045593,106.716957
1445,14.450000,0.016134,-0.017518,-0.004794,0.999705,154.715027,420.039886,106.723373
1446,14.460000,0.016134,-0.017478,-0.004779,0.999706,154.709167,420.035797,106.726715
1447,14.470000,0.016119,-0.017478,-0.004749,0.999706,154.706436,420.035675,106.725670
1448,14.480000,0.015098,-0.009963,-0.011906,0.999766,155.151627,420.255066,106.850700
1449,14.490000,0.016099,-0.017297,-0.005035,0.999708,154.718964,420.048737,106.717133
1450,14.500000,0.016114,-0.017520,-0.004831,0.999705,154.719574,420.044556,106.711693
1451,14.510000,0.016111,-0.017514,-0.004852,0.999705,154.729523,420.045502,106.708763
1452,14.520000,0.016099,-0.017539,-0.004842,0.999705,154.734207,420.046478,106.704926
1453,14.530000,0.016082,-0.017546,-0.004840,0.999705,154.736481,420.047180,106.703163
1454,14.540000,0.016079,-0.017559,-0.004827,0.999705,154.733932,420.048553,106.703140
1455,14.550000,0.016085,-0.017530,-0.004826,0.999705,154.729950,420.046356,106.706230
1456,14.560000,0.016108,-0.017511,-0.004815,0.999705,154.722733,420.043365,106.712296
1457,14.570000,0.016124,-0.017519,-0.004768,0.999705,154.713882,420.041901,106.718544
1458,14.580000,0.015100,-0.009892,-0.012092,0.999764,155.155899,420.259796,106.856010
1459,14.590000,0.016096,-0.017184,-0.005254,0.999709,154.716873,420.047607,106.729095
1460,14.600000,0.016122,-0.017476,-0.004810,0.999706,154.712341,420.037689,106.725029
1461,14.610000,0.016115,-0.017495,-0.004831,0.999705,154.718079,420.040741,106.720642
1462,14.620000,0.016107,-0.017510,-0.004828,0.999705,154.725449,420.044586,106.714767
1463,14.630000,0.016101,-0.017524,-0.004832,0.999705,154.733414,420.047821,106.711174
1464,14.640000,0.016110,-0.017543,-0.004846,0.999705,154.738281,420.047302,106.709846
1465,14.650000,0.016108,-0.017526,-0.004865,0.999705,154.741486,420.045990,106.709244
1466,14.660000,0.016099,-0.017532,-0.004850,0.999705,154.735321,420.046783,106.708771
1467,14.670000,0.016096,-0.017528,-0.004813,0.999705,154.728149,420.046356,106.710144
1468,14.680000,0.016103,-0.017509,-0.004809,0.999705,154.720856,420.043488,106.711761
1469,14.690000,0.016111,-0.017479,-0.004825,0.999706,154.713699,420.040710,106.715485
1470,14.700000,0.015079,-0.009838,-0.012174,0.999764,155.156586,420.260284,106.850105
1471,14.710000,0.014946,-0.008790,-0.013234,0.999762,155.212280,420.289642,106.870232
1472,14.720000,0.014938,-0.008801,-0.013225,0.999762,155.215118,420.290619,106.870026
1473,14.730000,0.015988,-0.016459,-0.005864,0.999720,154.769669,420.070343,106.731339
1474,14.740000,0.016101,-0.017482,-0.004870,0.999706,154.721771,420.043518,106.713570
1475,14.750000,0.016100,-0.017546,-0.004804,0.999705,154.727722,420.045258,106.710663
1476,14.760000,0.016107,-0.017526,-0.004824,0.999705,154.735519,420.046570,106.711304
1477,14.770000,0.016110,-0.017515,-0.004841,0.999705,154.738174,420.046600,106.712074
1478,14.780000,0.016113,-0.017541,-0.004815,0.999705,154.736282,420.046173,106.712502
1479,14.790000,0.016110,-0.017525,-0.004822,0.999705,154.732208,420.046722,106.713646
1480,14.800000,0.016113,-0.017544,-0.004799,0.999705,154.721436,420.044525,106.713387
1481,14.810000,0.016105,-0.017503,-0.004797,0.999706,154.714783,420.039368,106.716682
1482,14.820000,0.016112,-0.017508,-0.004794,0.999705,154.708313,420.036987,106.717880
1483,14.830000,0.016122,-0.017482,-0.004793,0.999706,154.705841,420.036621,106.720978
1484,14.840000,0.016098,-0.017383,-0.005047,0.999707,154.709656,420.042267,106.721283
1485,14.850000,0.016098,-0.017401,-0.005040,0.999706,154.714172,420.044586,106.720772
1486,14.860000,0.016109,-0.017527,-0.004807,0.999705,154.721512,420.043121,106.712227
1487,14.870000,0.016092,-0.017516,-0.004833,0.999705,154.730484,420.045715,106.710434
1488,14.880000,0.016096,-0.017537,-0.004836,0.999705,154.733826,420.047180,106.705635
1489,14.890000,0.016085,-0.017514,-0.004827,0.999706,154.737076,420.048187,106.706757
1490,14.900000,0.016099,-0.017530,-0.004821,0.999705,154.733948,420.046417,106.707268
1491,14.910000,0.016101,-0.017518,-0.004810,0.999705,154.728836,420.045258,106.711967
1492,14.920000,0.016111,-0.017521,-0.004809,0.999705,154.722824,420.043060,106.715431
1493,14.930000,0.016125,-0.017515,-0.004808,0.999705,154.716995,420.040955,106.720207
1494,14.940000,0.015082,-0.009868,-0.012144,0.999764,155.159897,420.258392,106.853706
1495,14.950000,0.016097,-0.017027,-0.005428,0.999711,154.723923,420.047272,106.728287
1496,14.960000,0.014994,-0.008971,-0.012986,0.999763,155.208328,420.279114,106.872177
1497,14.970000,0.015899,-0.015801,-0.006450,0.999728,154.810684,420.088409,106.748283
1498,14.980000,0.016100,-0.017216,-0.005177,0.999709,154.735123,420.046204,106.722946
1499,14.990000,0.016098,-0.017454,-0.004908,0.999706,154.735229,420.045990,106.712196
1500,15.000000,0.016097,-0.017518,-0.004834,0.999705,154.739288,420.047791,106.708488
