Format Version,1.24,Take Name,Push_270_deg_003,Take Notes,,Capture Frame Rate,100.000000,Export Frame Rate,100.000000,Capture Start Time,2025-02-02 10.12.14.787 午後,Capture Start Frame,3825061,Total Frames in Take,1501,Total Exported Frames,1501,Rotation Type,Quaternion,Length Units,Millimeters,Coordinate Space,Local

,Type,Rigid Body,Rigid Body,Rigid Body,Rigid Body,Rigid Body,Rigid Body,Rigid Body
,Name,Rigid Body 002,Rigid Body 002,Rigid Body 002,Rigid Body 002,Rigid Body 002,Rigid Body 002,Rigid Body 002
,ID,7081C4A4E11211EF3C28FEC2583C42A9,7081C4A4E11211EF3C28FEC2583C42A9,7081C4A4E11211EF3C28FEC2583C42A9,7081C4A4E11211EF3C28FEC2583C42A9,7081C4A4E11211EF3C28FEC2583C42A9,7081C4A4E11211EF3C28FEC2583C42A9,7081C4A4E11211EF3C28FEC2583C42A9
,,Rotation,Rotation,Rotation,Rotation,Position,Position,Position
Frame,Time (Seconds),X,Y,Z,W,X,Y,Z
0,0.000000,0.010285,-0.004418,-0.009309,0.999894,144.385849,420.651733,100.910103
1,0.010000,0.010366,-0.004302,-0.009158,0.999895,144.398239,420.637756,100.918671
2,0.020000,0.010332,-0.004365,-0.009282,0.999894,144.384003,420.644165,100.916321
3,0.030000,0.010334,-0.004390,-0.009221,0.999894,144.371216,420.639679,100.916527
4,0.040000,0.010296,-0.002180,-0.011447,0.999879,144.494049,420.643311,100.957909
5,0.050000,0.010319,-0.004351,-0.009342,0.999894,144.332443,420.624878,100.912521
6,0.060000,0.010341,-0.004552,-0.009052,0.999895,144.293472,420.612793,100.913536
7,0.070000,0.010357,-0.004554,-0.009045,0.999895,144.268204,420.601074,100.931061
8,0.080000,0.010405,-0.004305,-0.009276,0.999894,144.269958,420.594238,100.951439
9,0.090000,0.010434,-0.004381,-0.009213,0.999894,144.263107,420.588013,100.961372
10,0.100000,,,,,,,
11,0.110000,0.010447,-0.004350,-0.009283,0.999893,144.270523,420.584076,100.963379
12,0.120000,0.010413,-0.004402,-0.009283,0.999893,144.277069,420.586823,100.948387
13,0.130000,0.010384,-0.004357,-0.009288,0.999894,144.276932,420.590088,100.936501
14,0.140000,,,,,,,
15,0.150000,0.010372,-0.004351,-0.009199,0.999894,144.262512,420.590668,100.930634
16,0.160000,0.010397,-0.004295,-0.009227,0.999894,144.249939,420.583923,100.938553
17,0.170000,0.010443,-0.004386,-0.009106,0.999894,144.230835,420.568298,100.952591
18,0.180000,0.010500,-0.004444,-0.009039,0.999894,144.220779,420.551605,100.970444
19,0.190000,0.010620,-0.004429,-0.008956,0.999894,144.208282,420.534882,100.982651
20,0.200000,0.010648,-0.004455,-0.008915,0.999894,144.210678,420.533813,100.987747
21,0.210000,0.010572,-0.004443,-0.009024,0.999894,144.230057,420.546600,100.988594
22,0.220000,0.010550,-0.004411,-0.009084,0.999893,144.241791,420.553040,100.980583
23,0.230000,0.010535,-0.004340,-0.009134,0.999893,144.253082,420.555573,100.969971
24,0.240000,0.010526,-0.004325,-0.009198,0.999893,144.260071,420.558594,100.964355
25,0.250000,,,,,,,
26,0.260000,0.010562,-0.004348,-0.009201,0.999892,144.259888,420.559753,100.976646
27,0.270000,0.010575,-0.004431,-0.009139,0.999893,144.243607,420.556091,100.983047
28,0.280000,0.010605,-0.004394,-0.009056,0.999893,144.214050,420.551544,100.988121
29,0.290000,0.010613,-0.004378,-0.009048,0.999893,144.186432,420.546539,100.986275
30,0.300000,0.010702,-0.004282,-0.008764,0.999895,144.178802,420.525726,100.987343
31,0.310000,0.010721,-0.004259,-0.008748,0.999895,144.157761,420.523895,100.988693
32,0.320000,0.010756,-0.004243,-0.008798,0.999894,144.140839,420.525360,100.997734
33,0.330000,0.010788,-0.004239,-0.008899,0.999893,144.127960,420.531250,101.012634
34,0.340000,0.010886,-0.004328,-0.009094,0.999890,144.130981,420.541443,101.028778
35,0.350000,0.010903,-0.004369,-0.009206,0.999889,144.126236,420.551971,101.032333
36,0.360000,0.010898,-0.004395,-0.009183,0.999889,144.119354,420.555420,101.028137
37,0.370000,0.010851,-0.004249,-0.008982,0.999892,144.082794,420.529999,101.018860
38,0.380000,,,,,,,
39,0.390000,0.010894,-0.004266,-0.009122,0.999890,143.916718,420.467133,100.981758
40,0.400000,0.010933,-0.004176,-0.008999,0.999891,143.875290,420.463318,100.992401
41,0.410000,0.010913,-0.004301,-0.008881,0.999892,143.799881,420.483643,101.003929
42,0.420000,0.010790,-0.004383,-0.009339,0.999889,143.692642,420.520081,100.991852
43,0.430000,0.010869,-0.002813,-0.010768,0.999879,143.664749,420.515564,101.021950
44,0.440000,,,,,,,
45,0.450000,0.010972,-0.004078,-0.009229,0.999889,143.342773,420.456055,101.005470
46,0.460000,0.010919,-0.004219,-0.009018,0.999891,143.183212,420.454498,100.995544
47,0.470000,,,,,,,
48,0.480000,0.010880,-0.004342,-0.008772,0.999893,142.860977,420.478638,100.995110
49,0.490000,0.010869,-0.004675,-0.008787,0.999891,142.666428,420.481659,100.984818
50,0.500000,,,,,,,
51,0.510000,0.010898,-0.004351,-0.008485,0.999895,142.352722,420.450348,101.010017
52,0.520000,0.010858,-0.004430,-0.008997,0.999891,142.142899,420.454193,101.008293
53,0.530000,,,,,,,
54,0.540000,0.010941,-0.002714,-0.010570,0.999881,141.901123,420.452454,101.014816
55,0.550000,0.011011,-0.004175,-0.009059,0.999890,141.653610,420.431335,100.976166
56,0.560000,0.010964,-0.004109,-0.008908,0.999892,141.455109,420.427765,100.967262
57,0.570000,0.010974,-0.004618,-0.008459,0.999893,141.227814,420.409119,100.947861
58,0.580000,0.010925,-0.004914,-0.008446,0.999893,140.995972,420.404633,100.936546
59,0.590000,0.010943,-0.002257,-0.010514,0.999882,140.922165,420.398071,100.988472
60,0.600000,0.010730,-0.004507,-0.008792,0.999894,140.566299,420.405304,100.943268
61,0.610000,,,,,,,
62,0.620000,0.010606,-0.001822,-0.010505,0.999887,140.391907,420.404816,101.004295
63,0.630000,0.010718,-0.004325,-0.008665,0.999896,140.050705,420.394562,100.937286
64,0.640000,0.010961,-0.004446,-0.008113,0.999897,139.895233,420.360779,100.928764
65,0.650000,0.010922,-0.004105,-0.008521,0.999896,139.790909,420.362549,100.936668
66,0.660000,0.010908,-0.004232,-0.008278,0.999897,139.653915,420.362610,100.927162
67,0.670000,0.010951,-0.004435,-0.008206,0.999897,139.538467,420.362518,100.914711
68,0.680000,0.010880,-0.004697,-0.008210,0.999896,139.425308,420.376953,100.903702
69,0.690000,0.010856,-0.004863,-0.008168,0.999896,139.330872,420.376984,100.896614
70,0.700000,,,,,,,
71,0.710000,0.010918,-0.004772,-0.007962,0.999897,139.211044,420.344421,100.901360
72,0.720000,0.010946,-0.002810,-0.009758,0.999889,139.275940,420.341797,100.943886
73,0.730000,,,,,,,
74,0.740000,0.010909,-0.002768,-0.009796,0.999889,139.194290,420.339478,100.926552
75,0.750000,0.010845,-0.004226,-0.008384,0.999897,139.085495,420.341644,100.885056
76,0.760000,0.010832,-0.004325,-0.008389,0.999897,139.066086,420.349823,100.874664
77,0.770000,0.010802,-0.004390,-0.008285,0.999898,139.051926,420.353699,100.865669
78,0.780000,0.010821,-0.004147,-0.008540,0.999896,139.059677,420.359100,100.872108
79,0.790000,0.010800,-0.004271,-0.008452,0.999897,139.051865,420.355164,100.871849
80,0.800000,0.010794,-0.004453,-0.008246,0.999898,139.025482,420.350037,100.865662
81,0.810000,0.010800,-0.004363,-0.008262,0.999898,139.002472,420.348907,100.861710
82,0.820000,0.010778,-0.004437,-0.008199,0.999899,138.977890,420.344208,100.856155
83,0.830000,0.010692,-0.004586,-0.008453,0.999897,138.926285,420.360840,100.844360
84,0.840000,0.010744,-0.004228,-0.008363,0.999898,138.926834,420.352905,100.853577
85,0.850000,,,,,,,
86,0.860000,0.010818,-0.002455,-0.009932,0.999889,138.956970,420.358002,100.898697
87,0.870000,0.010825,-0.002421,-0.010068,0.999888,138.913452,420.359467,100.897224
88,0.880000,0.010771,-0.002708,-0.009755,0.999891,138.852203,420.362183,100.900375
89,0.890000,0.010761,-0.002649,-0.009797,0.999891,138.800446,420.362946,100.900490
90,0.900000,0.010788,-0.004320,-0.008132,0.999900,138.615814,420.354401,100.860275
91,0.910000,0.010804,-0.004459,-0.007904,0.999900,138.539124,420.350128,100.860008
92,0.920000,0.010796,-0.004316,-0.008044,0.999900,138.470169,420.346924,100.870422
93,0.930000,0.010762,-0.004186,-0.008278,0.999899,138.396469,420.347473,100.888054
94,0.940000,0.010739,-0.004062,-0.008402,0.999899,138.334030,420.350616,100.895012
95,0.950000,0.010723,-0.004156,-0.008284,0.999900,138.264481,420.347107,100.896057
96,0.960000,0.010719,-0.004117,-0.008341,0.999899,138.206909,420.345459,100.896324
97,0.970000,0.010734,-0.004056,-0.008438,0.999899,138.154526,420.346558,100.899261
98,0.980000,0.010801,-0.004109,-0.008989,0.999893,138.063522,420.352875,100.891273
99,0.990000,0.010757,-0.002127,-0.010832,0.999881,138.133057,420.366791,100.938660
100,1.000000,0.010852,-0.004205,-0.008736,0.999894,137.948517,420.328644,100.878288
101,1.010000,0.010883,-0.002843,-0.009997,0.999887,137.982559,420.321564,100.902229
102,1.020000,0.010898,-0.004289,-0.008603,0.999894,137.844757,420.317841,100.870903
103,1.030000,0.010884,-0.004535,-0.008342,0.999896,137.776947,420.322601,100.859085
104,1.040000,0.010833,-0.004635,-0.008277,0.999896,137.730804,420.326874,100.846085
105,1.050000,0.010877,-0.002672,-0.010186,0.999885,137.802597,420.335999,100.883278
106,1.060000,0.010830,-0.004476,-0.008457,0.999896,137.653183,420.331696,100.838760
107,1.070000,0.010823,-0.004811,-0.007971,0.999898,137.599350,420.329559,100.826683
108,1.080000,0.010860,-0.002969,-0.009744,0.999889,137.687912,420.329132,100.859863
109,1.090000,0.010936,-0.002698,-0.009693,0.999890,137.701630,420.311432,100.869141
110,1.100000,0.010915,-0.002519,-0.010057,0.999887,137.702652,420.315338,100.872902
111,1.110000,0.010958,-0.002696,-0.009756,0.999889,137.680710,420.311432,100.879745
112,1.120000,0.010943,-0.002344,-0.010345,0.999884,137.695755,420.317200,100.888977
113,1.130000,0.010962,-0.002352,-0.010374,0.999883,137.694626,420.316254,100.894615
114,1.140000,0.010902,-0.002593,-0.010476,0.999882,137.668503,420.332001,100.886047
115,1.150000,0.010987,-0.002585,-0.010112,0.999885,137.679520,420.316711,100.888283
116,1.160000,0.010989,-0.002678,-0.009820,0.999888,137.681015,420.308990,100.885574
117,1.170000,0.010940,-0.002325,-0.010368,0.999884,137.694778,420.315643,100.882019
118,1.180000,0.010947,-0.002460,-0.010106,0.999886,137.671646,420.314850,100.879547
119,1.190000,0.010949,-0.002529,-0.010003,0.999887,137.649979,420.310852,100.878952
120,1.200000,0.010898,-0.004043,-0.008668,0.999895,137.537201,420.303802,100.844299
121,1.210000,0.010966,-0.002839,-0.009693,0.999889,137.583847,420.294647,100.873253
122,1.220000,0.010982,-0.002685,-0.009853,0.999888,137.569366,420.289032,100.877388
123,1.230000,0.010983,-0.002722,-0.009826,0.999888,137.548935,420.288696,100.876556
124,1.240000,0.010930,-0.004302,-0.008307,0.999897,137.432831,420.291565,100.844688
125,1.250000,0.010937,-0.004496,-0.008138,0.999897,137.401611,420.293060,100.842331
126,1.260000,0.010964,-0.004514,-0.008148,0.999897,137.378677,420.290619,100.846313
127,1.270000,0.010997,-0.002531,-0.010028,0.999886,137.477646,420.285980,100.902267
128,1.280000,0.010997,-0.004164,-0.008452,0.999895,137.353958,420.271027,100.876709
129,1.290000,0.011000,-0.004320,-0.008344,0.999895,137.323990,420.261627,100.877663
130,1.300000,0.010983,-0.004298,-0.008161,0.999897,137.290558,420.253906,100.874962
131,1.310000,0.010930,-0.004210,-0.008271,0.999897,137.279633,420.251678,100.865570
132,1.320000,0.010923,-0.004173,-0.008252,0.999898,137.269196,420.252258,100.862129
133,1.330000,0.010919,-0.004301,-0.008013,0.999899,137.251556,420.252716,100.857056
134,1.340000,0.010935,-0.002263,-0.010002,0.999888,137.365875,420.260132,100.896362
135,1.350000,0.010960,-0.002152,-0.010167,0.999886,137.345734,420.260437,100.900429
136,1.360000,0.010946,-0.002217,-0.010129,0.999886,137.311249,420.255432,100.900345
137,1.370000,0.010950,-0.002230,-0.010149,0.999886,137.273880,420.253235,100.903732
138,1.380000,0.010847,-0.002227,-0.009932,0.999889,137.216797,420.257782,100.904160
139,1.390000,0.010835,-0.002436,-0.009632,0.999892,137.144363,420.256042,100.902565
140,1.400000,0.010855,-0.002602,-0.009337,0.999894,137.070068,420.252167,100.902260
141,1.410000,0.010873,-0.002581,-0.009217,0.999895,137.000992,420.253326,100.903984
142,1.420000,0.010891,-0.004397,-0.007472,0.999903,136.823212,420.246338,100.866943
143,1.430000,0.010931,-0.004627,-0.007185,0.999904,136.737427,420.243927,100.870621
144,1.440000,0.010957,-0.004587,-0.007277,0.999903,136.682724,420.242279,100.877464
145,1.450000,0.010982,-0.004469,-0.007455,0.999902,136.640289,420.246338,100.881767
146,1.460000,0.010895,-0.004355,-0.007672,0.999902,136.590622,420.256378,100.888878
147,1.470000,0.010842,-0.004144,-0.007799,0.999902,136.537674,420.257324,100.886276
148,1.480000,0.010825,-0.004040,-0.007940,0.999902,136.478394,420.260468,100.883263
149,1.490000,0.010835,-0.004194,-0.008318,0.999898,136.372360,420.267914,100.868401
150,1.500000,0.010882,-0.004435,-0.008065,0.999898,136.272995,420.258850,100.863235
151,1.510000,0.010905,-0.004459,-0.008016,0.999899,136.183563,420.255066,100.867661
152,1.520000,0.010931,-0.004480,-0.008084,0.999898,136.071609,420.250977,100.864204
153,1.530000,0.011016,-0.004610,-0.007527,0.999900,135.955627,420.231445,100.874168
154,1.540000,0.011037,-0.002878,-0.009586,0.999889,135.923080,420.241486,100.898735
155,1.550000,0.011085,-0.002568,-0.009670,0.999889,135.826904,420.227509,100.901825
156,1.560000,0.011046,-0.004067,-0.008285,0.999896,135.600586,420.225159,100.858917
157,1.570000,0.010997,-0.002406,-0.009871,0.999888,135.551254,420.231812,100.883888
158,1.580000,0.010905,-0.001999,-0.010205,0.999887,135.400345,420.235016,100.875488
159,1.590000,0.010926,-0.004013,-0.008127,0.999899,135.118927,420.224579,100.831978
160,1.600000,0.010908,-0.004022,-0.008402,0.999897,134.909027,420.241272,100.823021
161,1.610000,0.010993,-0.004343,-0.007630,0.999901,134.725296,420.223511,100.827377
162,1.620000,0.010942,-0.004682,-0.007815,0.999899,134.501541,420.231842,100.821274
163,1.630000,0.010896,-0.004760,-0.007271,0.999903,134.330795,420.217560,100.828331
164,1.640000,0.010901,-0.001926,-0.010146,0.999887,134.308014,420.223541,100.866684
165,1.650000,0.010984,-0.004387,-0.007470,0.999902,133.949951,420.202057,100.811455
166,1.660000,0.010900,-0.002171,-0.009678,0.999891,133.914200,420.212891,100.853287
167,1.670000,0.011007,-0.001962,-0.010094,0.999887,133.745499,420.195801,100.853027
168,1.680000,0.010922,-0.004079,-0.008388,0.999897,133.419754,420.204071,100.799919
169,1.690000,0.010966,-0.004310,-0.008288,0.999896,133.241058,420.203583,100.791550
170,1.700000,0.011040,-0.004335,-0.007691,0.999900,133.106293,420.189606,100.801682
171,1.710000,0.011081,-0.004425,-0.007615,0.999900,132.958328,420.185638,100.792824
172,1.720000,0.011026,-0.002245,-0.009658,0.999890,132.977371,420.200287,100.835556
173,1.730000,0.010993,-0.002049,-0.009808,0.999889,132.872940,420.199768,100.825684
174,1.740000,0.010911,-0.001960,-0.009891,0.999890,132.778961,420.197357,100.805977
175,1.750000,0.010842,-0.001865,-0.009947,0.999890,132.678665,420.195831,100.799614
176,1.760000,0.010841,-0.001850,-0.009968,0.999890,132.585541,420.197479,100.801598
177,1.770000,0.010807,-0.003952,-0.007928,0.999902,132.352158,420.193817,100.763031
178,1.780000,0.010777,-0.002368,-0.009429,0.999895,132.335114,420.210052,100.798271
179,1.790000,0.010741,-0.002580,-0.009945,0.999890,132.175079,420.220520,100.799370
180,1.800000,0.010860,-0.004801,-0.007660,0.999900,131.929977,420.194214,100.751434
181,1.810000,0.010874,-0.004802,-0.007644,0.999900,131.810226,420.195618,100.747910
182,1.820000,0.010853,-0.004763,-0.007721,0.999900,131.702301,420.197784,100.739059
183,1.830000,0.010890,-0.004400,-0.007644,0.999902,131.612701,420.176239,100.744278
184,1.840000,0.010980,-0.004066,-0.007916,0.999900,131.492233,420.164886,100.741272
185,1.850000,0.011016,-0.002348,-0.009675,0.999890,131.471909,420.169220,100.787346
186,1.860000,0.011090,-0.001958,-0.010025,0.999886,131.340515,420.172241,100.806984
187,1.870000,0.011114,-0.002156,-0.009727,0.999889,131.177185,420.168732,100.814789
188,1.880000,0.011105,-0.002165,-0.009791,0.999888,131.028961,420.162567,100.816681
189,1.890000,0.011098,-0.002179,-0.009812,0.999888,130.863602,420.152466,100.810738
190,1.900000,0.010994,-0.002342,-0.010042,0.999886,130.655273,420.162537,100.791039
191,1.910000,0.010975,-0.002291,-0.010097,0.999886,130.466873,420.157562,100.796349
192,1.920000,0.011067,-0.004280,-0.007975,0.999898,130.163559,420.132080,100.757027
193,1.930000,0.011070,-0.004510,-0.007752,0.999899,130.025955,420.124146,100.764755
194,1.940000,0.011011,-0.004618,-0.007166,0.999903,129.822510,420.124451,100.772995
195,1.950000,0.011030,-0.004341,-0.007685,0.999900,129.739426,420.115387,100.784241
196,1.960000,0.011146,-0.002818,-0.009191,0.999892,129.645157,420.094177,100.815834
197,1.970000,0.011162,-0.004188,-0.007808,0.999898,129.457336,420.072144,100.770309
198,1.980000,0.011178,-0.002165,-0.009614,0.999889,129.459564,420.083954,100.805664
199,1.990000,0.011229,-0.002573,-0.009232,0.999891,129.339920,420.091095,100.806091
200,2.000000,0.011168,-0.002638,-0.009531,0.999889,129.261963,420.112305,100.793472
201,2.010000,0.011180,-0.002503,-0.009549,0.999889,129.181717,420.115143,100.794678
202,2.020000,0.011183,-0.002515,-0.009689,0.999887,129.155487,420.103577,100.796707
203,2.030000,0.011147,-0.002470,-0.009674,0.999888,129.099365,420.095245,100.802475
204,2.040000,0.011153,-0.002356,-0.009792,0.999887,129.097961,420.085754,100.805992
205,2.050000,0.011146,-0.002352,-0.009777,0.999887,129.070114,420.083954,100.807449
206,2.060000,0.011138,-0.001992,-0.009501,0.999891,129.112686,420.071930,100.829559
207,2.070000,0.011163,-0.001837,-0.009569,0.999890,129.123627,420.071899,100.843666
208,2.080000,0.011190,-0.001913,-0.009507,0.999890,129.116959,420.068481,100.851128
209,2.090000,0.011218,-0.002102,-0.010115,0.999884,129.084442,420.070526,100.840652
210,2.100000,0.011248,-0.002193,-0.009985,0.999884,129.070175,420.060913,100.846428
211,2.110000,0.011246,-0.001980,-0.009648,0.999888,129.109512,420.045105,100.865326
212,2.120000,0.011235,-0.001900,-0.009630,0.999889,129.108917,420.045685,100.867722
213,2.130000,0.011248,-0.002082,-0.010092,0.999884,129.063324,420.059540,100.850388
214,2.140000,0.011241,-0.002082,-0.010073,0.999884,129.049210,420.059113,100.848900
215,2.150000,0.011239,-0.002070,-0.010086,0.999884,129.034729,420.054596,100.848442
216,2.160000,0.011227,-0.001856,-0.009731,0.999888,129.060562,420.036621,100.863373
217,2.170000,0.011245,-0.001848,-0.009669,0.999888,129.050079,420.026337,100.867920
218,2.180000,0.011228,-0.001964,-0.009568,0.999889,129.040802,420.014191,100.870750
219,2.190000,0.011236,-0.001956,-0.009533,0.999890,129.030548,420.007568,100.876869
220,2.200000,0.011252,-0.001781,-0.009596,0.999889,129.024826,420.008057,100.883919
221,2.210000,0.011235,-0.001643,-0.009674,0.999889,129.024216,420.007965,100.892006
222,2.220000,0.011664,0.000184,-0.014177,0.999832,129.010956,420.011963,100.889130
223,2.230000,0.011720,0.000692,-0.015362,0.999813,129.000687,420.006866,100.901390
224,2.240000,0.011871,0.000598,-0.015313,0.999812,128.978119,419.984741,100.894104
225,2.250000,0.011673,0.000280,-0.014228,0.999831,128.978790,419.988190,100.912369
226,2.260000,0.011245,-0.001631,-0.009927,0.999886,128.976273,419.975067,100.923241
227,2.270000,0.011351,-0.001997,-0.009381,0.999890,128.957352,419.961548,100.912704
228,2.280000,0.011362,-0.001824,-0.009521,0.999889,128.964737,419.954620,100.913841
229,2.290000,0.011371,-0.001897,-0.009410,0.999889,128.943085,419.944550,100.913185
230,2.300000,0.011399,-0.001941,-0.009309,0.999890,128.929047,419.926361,100.917679
231,2.310000,0.011425,-0.001913,-0.009261,0.999890,128.923325,419.912140,100.932182
232,2.320000,0.011470,-0.003531,-0.007662,0.999899,128.814804,419.891876,100.911354
233,2.330000,0.011512,-0.003713,-0.007401,0.999900,128.796432,419.881042,100.921333
234,2.340000,0.011471,-0.003653,-0.007387,0.999900,128.786316,419.874725,100.930481
235,2.350000,0.011496,-0.004033,-0.006946,0.999902,128.741867,419.855469,100.933235
236,2.360000,0.011483,-0.004042,-0.006865,0.999902,128.715057,419.847046,100.932068
237,2.370000,0.011498,-0.004310,-0.006592,0.999903,128.663971,419.840851,100.925690
238,2.380000,0.011415,-0.001528,-0.009231,0.999891,128.794754,419.876312,100.989601
239,2.390000,0.011446,-0.001196,-0.009795,0.999886,128.766251,419.877045,101.010994
240,2.400000,0.011528,-0.001317,-0.009438,0.999888,128.678513,419.861786,101.029594
241,2.410000,0.011670,-0.001858,-0.008932,0.999890,128.550781,419.831146,101.016289
242,2.420000,0.011702,-0.001741,-0.009024,0.999889,128.438202,419.818726,101.021606
243,2.430000,0.011684,-0.001933,-0.009212,0.999887,128.288055,419.824463,101.015274
244,2.440000,0.011671,-0.001651,-0.009276,0.999888,128.179794,419.824860,101.012962
245,2.450000,0.011616,-0.001397,-0.009500,0.999887,128.068298,419.832642,101.012901
246,2.460000,0.011581,-0.001188,-0.009708,0.999885,127.961723,419.833160,101.020561
247,2.470000,0.011545,-0.003045,-0.007865,0.999898,127.730728,419.820221,100.991867
248,2.480000,0.011609,-0.003739,-0.007098,0.999900,127.565979,419.804382,100.984039
249,2.490000,0.011564,-0.003710,-0.006717,0.999904,127.466339,419.794830,100.988792
250,2.500000,0.011607,-0.003736,-0.006877,0.999902,127.330345,419.791046,100.978439
251,2.510000,0.011624,-0.003755,-0.006721,0.999903,127.185356,419.795013,100.972397
252,2.520000,0.011621,-0.003338,-0.006976,0.999903,127.014145,419.801361,100.969009
253,2.530000,0.011584,-0.000955,-0.009569,0.999887,126.941559,419.820892,101.010231
254,2.540000,0.011512,-0.000843,-0.009618,0.999887,126.733887,419.795593,101.020157
255,2.550000,0.011612,-0.001712,-0.008820,0.999892,126.487267,419.758850,101.005981
256,2.560000,0.011714,-0.001538,-0.008840,0.999891,126.277451,419.754669,101.025253
257,2.570000,0.011691,-0.001352,-0.008425,0.999895,126.112518,419.723267,101.048950
258,2.580000,0.011656,-0.003299,-0.006731,0.999904,125.842705,419.734406,101.009727
259,2.590000,0.011589,-0.003573,-0.006671,0.999904,125.683578,419.772125,100.995598
260,2.600000,0.011577,-0.003434,-0.006492,0.999906,125.545723,419.754486,100.999329
261,2.610000,0.011623,-0.003253,-0.006273,0.999907,125.355286,419.683563,101.004265
262,2.620000,0.011606,-0.003175,-0.006285,0.999908,125.217140,419.646667,100.995132
263,2.630000,0.010782,-0.006584,0.001032,0.999920,125.110939,419.646027,100.988457
264,2.640000,0.011616,-0.003692,-0.006659,0.999904,125.018356,419.694275,100.979118
265,2.650000,0.011675,-0.003394,-0.006715,0.999904,124.993454,419.693024,100.998085
266,2.660000,0.011601,-0.001114,-0.009240,0.999889,125.033958,419.717010,101.039169
267,2.670000,0.011627,-0.000912,-0.009379,0.999888,124.974998,419.696838,101.051758
268,2.680000,0.011630,-0.000750,-0.009373,0.999888,124.918137,419.678955,101.071648
269,2.690000,0.011631,-0.000811,-0.009364,0.999888,124.878181,419.683105,101.086601
270,2.700000,0.011697,-0.000936,-0.009336,0.999888,124.853844,419.689148,101.094482
271,2.710000,0.011713,-0.000944,-0.009383,0.999887,124.841248,419.688416,101.103416
272,2.720000,0.011715,-0.000885,-0.009321,0.999888,124.823883,419.682648,101.106064
273,2.730000,0.011673,-0.000802,-0.009360,0.999888,124.805771,419.678314,101.093742
274,2.740000,0.011603,-0.000644,-0.009449,0.999888,124.778969,419.674774,101.086113
275,2.750000,0.011578,-0.000602,-0.009482,0.999888,124.757385,419.672394,101.083702
276,2.760000,0.011637,-0.000760,-0.009167,0.999890,124.716782,419.672821,101.089790
277,2.770000,0.011767,-0.001345,-0.008629,0.999893,124.654404,419.661072,101.080185
278,2.780000,0.011818,-0.001413,-0.008589,0.999892,124.620865,419.665619,101.085213
279,2.790000,0.011838,-0.001280,-0.008832,0.999890,124.581146,419.671234,101.095459
280,2.800000,0.011832,-0.001082,-0.009019,0.999889,124.538536,419.660278,101.099220
281,2.810000,0.011790,-0.000961,-0.008930,0.999890,124.482300,419.645294,101.095467
282,2.820000,0.011774,-0.000921,-0.008921,0.999891,124.435799,419.640350,101.094780
283,2.830000,0.011766,-0.001222,-0.008634,0.999893,124.365913,419.638123,101.093468
284,2.840000,0.011767,-0.001160,-0.008325,0.999895,124.338074,419.629578,101.104668
285,2.850000,0.011843,-0.003242,-0.006476,0.999904,124.155472,419.628357,101.057770
286,2.860000,0.011851,-0.003417,-0.006465,0.999903,124.086479,419.638031,101.053040
287,2.870000,0.011849,-0.003403,-0.006523,0.999903,124.026276,419.642914,101.052849
288,2.880000,0.011770,-0.003324,-0.006620,0.999903,123.963203,419.645905,101.039162
289,2.890000,0.011692,-0.003446,-0.006383,0.999905,123.886810,419.646179,101.018112
290,2.900000,0.011647,-0.003425,-0.006283,0.999907,123.814156,419.641022,100.998932
291,2.910000,0.011577,-0.003345,-0.006270,0.999908,123.745850,419.635437,100.980820
292,2.920000,0.011534,-0.003373,-0.006148,0.999909,123.674309,419.629242,100.963242
293,2.930000,0.011548,-0.003518,-0.006591,0.999905,123.567223,419.638153,100.944450
294,2.940000,0.011623,-0.003185,-0.006836,0.999904,123.491524,419.640198,100.958755
295,2.950000,0.011677,-0.003142,-0.006586,0.999905,123.395027,419.635742,100.976585
296,2.960000,0.011741,-0.003291,-0.006163,0.999907,123.321671,419.616272,100.978554
297,2.970000,0.011716,-0.003415,-0.006404,0.999905,123.218086,419.622375,100.965210
298,2.980000,0.011623,-0.003258,-0.006666,0.999905,123.137123,419.619141,100.955704
299,2.990000,0.011526,-0.000881,-0.008940,0.999893,123.191101,419.629364,100.990578
300,3.000000,0.011486,-0.000599,-0.009237,0.999891,123.112457,419.625275,100.979080
301,3.010000,0.011443,-0.000641,-0.009235,0.999892,123.022728,419.623352,100.973701
302,3.020000,0.011369,-0.000260,-0.009585,0.999889,122.961189,419.633698,100.984360
303,3.030000,0.011324,-0.000538,-0.009283,0.999893,122.850632,419.628723,100.981392
304,3.040000,0.011320,-0.000980,-0.008430,0.999900,122.759109,419.606873,100.993866
305,3.050000,0.011465,-0.003209,-0.006203,0.999910,122.528168,419.575012,100.943611
306,3.060000,0.011499,-0.003448,-0.005808,0.999911,122.422272,419.567322,100.944504
307,3.070000,0.011497,-0.003592,-0.005648,0.999912,122.331825,419.561157,100.941124
308,3.080000,0.010671,-0.006849,0.001782,0.999918,122.253311,419.546967,100.938637
309,3.090000,0.011497,-0.003735,-0.005327,0.999913,122.180870,419.546478,100.928116
310,3.100000,0.011466,-0.003463,-0.005639,0.999912,122.125946,419.542206,100.928871
311,3.110000,0.011507,-0.003436,-0.005764,0.999911,122.081116,419.537323,100.930649
312,3.120000,0.011547,-0.003517,-0.005691,0.999911,122.040268,419.533936,100.942833
313,3.130000,0.011591,-0.003553,-0.005747,0.999910,122.010124,419.534607,100.959373
314,3.140000,0.011598,-0.003482,-0.005970,0.999909,121.983231,419.536438,100.978699
315,3.150000,0.011654,-0.003493,-0.006075,0.999908,121.949539,419.529602,100.982391
316,3.160000,0.011650,-0.003449,-0.006022,0.999908,121.915947,419.526001,100.976791
317,3.170000,0.011557,-0.003321,-0.006531,0.999906,121.858162,419.545227,100.951401
318,3.180000,0.011543,-0.003357,-0.006545,0.999906,121.845673,419.562164,100.939262
319,3.190000,0.011525,-0.003346,-0.006558,0.999907,121.827141,419.564880,100.928383
320,3.200000,0.011528,-0.003276,-0.006655,0.999906,121.817451,419.564484,100.929504
321,3.210000,0.011534,-0.003240,-0.006691,0.999906,121.798370,419.558258,100.934364
322,3.220000,0.011539,-0.003231,-0.006670,0.999906,121.770058,419.548859,100.940201
323,3.230000,0.011513,-0.003232,-0.006654,0.999906,121.737350,419.540894,100.939819
324,3.240000,0.011543,-0.003054,-0.006769,0.999906,121.700020,419.535431,100.942162
325,3.250000,0.011573,-0.003235,-0.006644,0.999906,121.656258,419.534851,100.935455
326,3.260000,0.011582,-0.003039,-0.006613,0.999907,121.647110,419.531708,100.944649
327,3.270000,0.011614,-0.003135,-0.006536,0.999906,121.609688,419.534912,100.948830
328,3.280000,0.011616,-0.003162,-0.006582,0.999906,121.573029,419.542053,100.948395
329,3.290000,0.011620,-0.003111,-0.006536,0.999906,121.518883,419.550446,100.946960
330,3.300000,0.011546,-0.003126,-0.006675,0.999906,121.474670,419.562073,100.934860
331,3.310000,0.011526,-0.003248,-0.007045,0.999904,121.388702,419.580170,100.907761
332,3.320000,0.011392,-0.000837,-0.009262,0.999892,121.458656,419.600983,100.948502
333,3.330000,0.011363,-0.000746,-0.009441,0.999891,121.389175,419.605164,100.938492
334,3.340000,0.011326,-0.000444,-0.009304,0.999892,121.367020,419.625214,100.946205
335,3.350000,0.011411,-0.003165,-0.006605,0.999908,121.133308,419.624420,100.898628
336,3.360000,0.011442,-0.003605,-0.006132,0.999909,121.027039,419.619812,100.898102
337,3.370000,0.011461,-0.003572,-0.006093,0.999909,120.937332,419.596985,100.906219
338,3.380000,0.011481,-0.003661,-0.005780,0.999911,120.826439,419.564880,100.910431
339,3.390000,0.011472,-0.003522,-0.005968,0.999910,120.739243,419.557800,100.918823
340,3.400000,0.011470,-0.003525,-0.006529,0.999907,120.620567,419.586548,100.903938
341,3.410000,0.011435,-0.002972,-0.006650,0.999908,120.575424,419.603027,100.903534
342,3.420000,0.011383,-0.003054,-0.007246,0.999904,120.458000,419.619110,100.877602
343,3.430000,0.011354,-0.002892,-0.007160,0.999906,120.356697,419.605988,100.865845
344,3.440000,0.011341,-0.002935,-0.007072,0.999906,120.262527,419.588654,100.857307
345,3.450000,0.011385,-0.003235,-0.006800,0.999907,120.150063,419.572266,100.853577
346,3.460000,0.011388,-0.003235,-0.006852,0.999907,120.055779,419.573364,100.856445
347,3.470000,0.011488,-0.003494,-0.006531,0.999907,119.936363,419.576141,100.861435
348,3.480000,0.011482,-0.003518,-0.006042,0.999910,119.854729,419.569519,100.875046
349,3.490000,0.011299,-0.001032,-0.008190,0.999902,119.909325,419.595276,100.941406
350,3.500000,0.011382,-0.000748,-0.008643,0.999898,119.792145,419.587860,100.941483
351,3.510000,0.011374,-0.000732,-0.008647,0.999898,119.681099,419.581696,100.936302
352,3.520000,0.011379,-0.002871,-0.006570,0.999910,119.425247,419.568573,100.887825
353,3.530000,0.011361,-0.003101,-0.006488,0.999910,119.296501,419.560669,100.877205
354,3.540000,0.011322,-0.003389,-0.006643,0.999908,119.167000,419.564850,100.847610
355,3.550000,0.011350,-0.003417,-0.006721,0.999907,119.116211,419.557007,100.836510
356,3.560000,0.011346,-0.003293,-0.006509,0.999909,119.096245,419.546478,100.834106
357,3.570000,0.011309,-0.003323,-0.006474,0.999910,119.049362,419.554260,100.822098
358,3.580000,0.011291,-0.003294,-0.006624,0.999909,118.996132,419.565918,100.823349
359,3.590000,0.011311,-0.003494,-0.006955,0.999906,118.913979,419.568878,100.812805
360,3.600000,0.011286,-0.003460,-0.006410,0.999910,118.867325,419.555603,100.812263
361,3.610000,0.011271,-0.003584,-0.006769,0.999907,118.788422,419.573944,100.791878
362,3.620000,0.011282,-0.003388,-0.006956,0.999906,118.732674,419.588989,100.796776
363,3.630000,0.011277,-0.003303,-0.007091,0.999906,118.680794,419.590393,100.793022
364,3.640000,0.011253,-0.003383,-0.007097,0.999906,118.616959,419.594208,100.778458
365,3.650000,0.011238,-0.003487,-0.006960,0.999907,118.553001,419.595856,100.764915
366,3.660000,0.011230,-0.003490,-0.006959,0.999907,118.490852,419.596893,100.759430
367,3.670000,0.011233,-0.003754,-0.006680,0.999908,118.409401,419.589996,100.746628
368,3.680000,0.011214,-0.003808,-0.006586,0.999908,118.331924,419.580536,100.737747
369,3.690000,0.011155,-0.003689,-0.006099,0.999912,118.258759,419.557220,100.743477
370,3.700000,0.011054,-0.000868,-0.008653,0.999901,118.339996,419.571106,100.808708
371,3.710000,0.010991,-0.000370,-0.008930,0.999900,118.277786,419.595825,100.831688
372,3.720000,0.011037,-0.002981,-0.006719,0.999912,118.013565,419.581238,100.768211
373,3.730000,0.011077,-0.003425,-0.006396,0.999912,117.899101,419.588074,100.757950
374,3.740000,0.011121,-0.003569,-0.006813,0.999909,117.763458,419.602905,100.738914
375,3.750000,0.011150,-0.003678,-0.006846,0.999908,117.644264,419.593079,100.723572
376,3.760000,0.011185,-0.003988,-0.006413,0.999909,117.513962,419.570160,100.697998
377,3.770000,0.011169,-0.003762,-0.006081,0.999912,117.441338,419.549103,100.688263
378,3.780000,0.011116,-0.003884,-0.006012,0.999913,117.342094,419.554077,100.668724
379,3.790000,0.011111,-0.003905,-0.006291,0.999911,117.230423,419.570557,100.654015
380,3.800000,0.011055,-0.004041,-0.007011,0.999906,117.102531,419.631287,100.616730
381,3.810000,0.010880,-0.001552,-0.009125,0.999898,117.168762,419.708588,100.657928
382,3.820000,0.010940,-0.003984,-0.007507,0.999904,116.873177,419.754211,100.593071
383,3.830000,0.010919,-0.004322,-0.007387,0.999904,116.691238,419.759125,100.580223
384,3.840000,0.010996,-0.003956,-0.007514,0.999904,116.496216,419.684723,100.588707
385,3.850000,0.010939,-0.003969,-0.007331,0.999905,116.283936,419.642670,100.586601
386,3.860000,0.010165,-0.006050,-0.002469,0.999927,116.059509,419.593536,100.616653
387,3.870000,0.010194,-0.006723,-0.000914,0.999925,115.835388,419.561493,100.633377
388,3.880000,0.010327,-0.006770,-0.000393,0.999924,115.625961,419.529327,100.637703
389,3.890000,0.010388,-0.006751,-0.000128,0.999923,115.391441,419.512360,100.637680
390,3.900000,0.010431,-0.006990,0.000352,0.999921,115.157089,419.501312,100.631981
391,3.910000,0.010328,-0.005073,-0.001849,0.999932,115.004639,419.541992,100.666649
392,3.920000,0.010259,-0.006793,0.000364,0.999924,114.713257,419.529938,100.616318
393,3.930000,0.010107,-0.007622,0.001242,0.999919,114.448883,419.529999,100.580078
394,3.940000,0.010033,-0.007518,0.000852,0.999921,114.221283,419.520325,100.545418
395,3.950000,0.009948,-0.004670,-0.001000,0.999939,114.240768,419.501801,100.601959
396,3.960000,0.009974,-0.007355,0.001913,0.999921,113.905510,419.469910,100.524437
397,3.970000,0.010190,-0.008198,0.002009,0.999913,113.656456,419.479401,100.489555
398,3.980000,0.010224,-0.007918,0.001978,0.999915,113.549980,419.480713,100.510536
399,3.990000,0.010262,-0.008452,0.002007,0.999910,113.358429,419.480377,100.506821
400,4.000000,0.010286,-0.008648,0.002299,0.999907,113.216820,419.455475,100.520599
401,4.010000,0.010303,-0.008671,0.002571,0.999906,113.111725,419.433319,100.547165
402,4.020000,0.010201,-0.008670,0.003681,0.999904,113.059265,419.410431,100.586395
403,4.030000,0.010111,-0.008279,0.003362,0.999909,113.022789,419.419189,100.596291
404,4.040000,0.010092,-0.008805,0.003872,0.999903,112.960556,419.418396,100.571640
405,4.050000,0.010070,-0.008855,0.003885,0.999903,112.957443,419.419281,100.552109
406,4.060000,0.010022,-0.008733,0.003732,0.999905,112.977264,419.416016,100.539650
407,4.070000,0.010083,-0.008642,0.003533,0.999906,112.997978,419.408569,100.519691
408,4.080000,0.010070,-0.008587,0.003478,0.999906,113.021355,419.406128,100.513924
409,4.090000,0.010060,-0.008552,0.003513,0.999907,113.042587,419.406158,100.513428
410,4.100000,0.010018,-0.008090,0.003056,0.999913,113.081680,419.411835,100.521156
411,4.110000,0.010005,-0.008115,0.003050,0.999912,113.086929,419.414642,100.516579
412,4.120000,0.010025,-0.008143,0.003018,0.999912,113.085136,419.422943,100.519287
413,4.130000,0.010112,-0.008693,0.003366,0.999905,113.045860,419.426941,100.518898
414,4.140000,0.010032,-0.008865,0.003598,0.999904,113.017212,419.431702,100.542259
415,4.150000,0.010070,-0.008987,0.003938,0.999901,112.967812,419.416443,100.555923
416,4.160000,0.010030,-0.008590,0.003800,0.999906,112.954414,419.397461,100.573448
417,4.170000,0.010060,-0.009091,0.004430,0.999898,112.892128,419.365631,100.553574
418,4.180000,0.009985,-0.008944,0.004438,0.999900,112.853104,419.365234,100.540764
419,4.190000,0.010200,-0.008906,0.003065,0.999904,112.777840,419.380157,100.480034
420,4.200000,0.009990,-0.009405,0.003848,0.999899,112.742744,419.403412,100.466423
421,4.210000,0.009961,-0.009256,0.003747,0.999901,112.715790,419.416046,100.466248
422,4.220000,0.009974,-0.009294,0.003766,0.999900,112.673851,419.424347,100.468498
423,4.230000,0.010123,-0.006833,0.000908,0.999925,112.743095,419.437653,100.507462
424,4.240000,0.010199,-0.006248,0.000287,0.999928,112.721344,419.434753,100.529320
425,4.250000,0.010288,-0.008613,0.002521,0.999907,112.541824,419.412598,100.487183
426,4.260000,0.010192,-0.006524,0.000560,0.999927,112.601776,419.442291,100.529449
427,4.270000,0.010159,-0.006423,0.000531,0.999928,112.542572,419.435181,100.526146
428,4.280000,0.010176,-0.008294,0.003200,0.999909,112.386955,419.384521,100.503616
429,4.290000,0.010159,-0.008612,0.003642,0.999905,112.290520,419.371979,100.491951
430,4.300000,0.010130,-0.008723,0.003511,0.999905,112.201607,419.386444,100.463982
431,4.310000,0.010202,-0.008752,0.003390,0.999904,112.101311,419.392059,100.448761
432,4.320000,0.010190,-0.008774,0.003326,0.999904,112.014915,419.389099,100.434715
433,4.330000,0.010141,-0.008853,0.003416,0.999904,111.899513,419.381073,100.409325
434,4.340000,0.010136,-0.009436,0.003396,0.999898,111.731133,419.377930,100.369888
435,4.350000,0.010084,-0.009500,0.003481,0.999898,111.612221,419.363007,100.361404
436,4.360000,0.010133,-0.009394,0.003764,0.999897,111.514671,419.337555,100.382858
437,4.370000,0.010055,-0.009644,0.004319,0.999894,111.351593,419.344757,100.404823
438,4.380000,0.010074,-0.009593,0.004162,0.999895,111.209175,419.356964,100.415916
439,4.390000,0.010312,-0.009597,0.003001,0.999896,110.997627,419.362579,100.392014
440,4.400000,0.010272,-0.007272,0.000793,0.999921,110.955688,419.382935,100.441467
441,4.410000,0.010259,-0.009270,0.002849,0.999900,110.655701,419.354736,100.390343
442,4.420000,0.010119,-0.009425,0.003814,0.999897,110.502571,419.339020,100.385399
443,4.430000,0.010055,-0.009607,0.004487,0.999893,110.315994,419.334137,100.373642
444,4.440000,0.010166,-0.009848,0.003855,0.999892,110.079369,419.343933,100.336296
445,4.450000,0.010132,-0.009864,0.003677,0.999893,109.876358,419.330933,100.317139
446,4.460000,0.009948,-0.009624,0.004221,0.999895,109.726135,419.316895,100.324898
447,4.470000,0.009862,-0.009924,0.004533,0.999892,109.523354,419.305603,100.303337
448,4.480000,0.009957,-0.009759,0.003946,0.999895,109.354836,419.288513,100.289070
449,4.490000,0.010082,-0.010128,0.003629,0.999891,109.136597,419.290527,100.269493
450,4.500000,0.010067,-0.010157,0.003827,0.999890,108.975998,419.298309,100.270752
451,4.510000,0.009999,-0.010012,0.004475,0.999890,108.893623,419.277344,100.291786
452,4.520000,0.009985,-0.010030,0.004790,0.999888,108.768677,419.256226,100.296112
453,4.530000,0.010042,-0.009973,0.004458,0.999890,108.629211,419.240540,100.286652
454,4.540000,0.010067,-0.010492,0.004126,0.999886,108.456604,419.249695,100.251823
455,4.550000,0.010014,-0.008319,0.001830,0.999914,108.483551,419.304657,100.288452
456,4.560000,0.009971,-0.007717,0.001114,0.999920,108.438049,419.334595,100.310089
457,4.570000,0.010067,-0.010065,0.003274,0.999893,108.221069,419.317230,100.255630
458,4.580000,0.010051,-0.010372,0.003522,0.999889,108.130211,419.324768,100.244530
459,4.590000,0.010040,-0.010016,0.003312,0.999894,108.066681,419.336456,100.265732
460,4.600000,0.010106,-0.009939,0.003476,0.999894,108.013443,419.322418,100.294571
461,4.610000,0.010068,-0.009551,0.003750,0.999897,108.009682,419.305420,100.331375
462,4.620000,0.010060,-0.009619,0.003790,0.999896,107.955528,419.294952,100.336899
463,4.630000,0.010081,-0.009612,0.003771,0.999896,107.913963,419.284119,100.341728
464,4.640000,0.010076,-0.009598,0.003779,0.999896,107.882317,419.281281,100.346031
465,4.650000,0.010048,-0.009629,0.003863,0.999896,107.858330,419.282379,100.342102
466,4.660000,0.010015,-0.009642,0.003926,0.999896,107.835052,419.286194,100.333672
467,4.670000,0.010054,-0.009639,0.003988,0.999895,107.804840,419.271423,100.335175
468,4.680000,0.010205,-0.009444,0.003642,0.999897,107.769814,419.239441,100.335770
469,4.690000,0.010212,-0.009338,0.003561,0.999898,107.728767,419.217987,100.346504
470,4.700000,0.010277,-0.009512,0.003648,0.999895,107.682014,419.200989,100.359756
471,4.710000,0.010314,-0.009517,0.003603,0.999895,107.633850,419.190613,100.380257
472,4.720000,0.010348,-0.009489,0.003595,0.999895,107.608047,419.184998,100.387138
473,4.730000,0.010290,-0.009536,0.003475,0.999896,107.584129,419.193329,100.381828
474,4.740000,0.010247,-0.009536,0.003691,0.999895,107.554031,419.204803,100.377739
475,4.750000,0.010223,-0.009562,0.003668,0.999895,107.528000,419.203491,100.375656
476,4.760000,0.010257,-0.010123,0.004208,0.999887,107.455399,419.185303,100.352036
477,4.770000,0.010282,-0.010222,0.003739,0.999888,107.374886,419.183105,100.319237
478,4.780000,0.010216,-0.009882,0.003968,0.999891,107.375717,419.167694,100.334953
479,4.790000,0.010217,-0.009805,0.004190,0.999891,107.338600,419.149445,100.350639
480,4.800000,0.010274,-0.010036,0.003927,0.999889,107.246414,419.139252,100.337791
481,4.810000,0.010211,-0.009572,0.004295,0.999893,107.260338,419.122437,100.367104
482,4.820000,0.010258,-0.009650,0.004201,0.999892,107.217979,419.116302,100.371628
483,4.830000,0.010354,-0.010363,0.004170,0.999884,107.115845,419.122009,100.346962
484,4.840000,0.010357,-0.010430,0.004121,0.999884,107.074768,419.124908,100.340996
485,4.850000,0.010302,-0.010471,0.004109,0.999884,107.032547,419.137817,100.319473
486,4.860000,0.010280,-0.010401,0.004429,0.999883,107.018517,419.137268,100.318298
487,4.870000,0.010269,-0.010615,0.004705,0.999880,106.920998,419.155457,100.314926
488,4.880000,0.010327,-0.010843,0.004292,0.999879,106.788391,419.176971,100.309235
489,4.890000,0.010342,-0.010633,0.004228,0.999881,106.712074,419.158539,100.343864
490,4.900000,0.010376,-0.010793,0.004460,0.999878,106.609062,419.103180,100.358940
491,4.910000,0.010262,-0.010721,0.005304,0.999876,106.581306,419.058075,100.388313
492,4.920000,0.010397,-0.008313,0.002567,0.999908,106.646339,419.065247,100.434402
493,4.930000,0.010406,-0.008425,0.002045,0.999908,106.562569,419.085876,100.409592
494,4.940000,0.010388,-0.008535,0.001778,0.999908,106.470917,419.091309,100.366119
495,4.950000,0.010407,-0.010759,0.004041,0.999880,106.254387,419.055481,100.291122
496,4.960000,0.010397,-0.010830,0.004498,0.999877,106.141205,419.029205,100.286728
497,4.970000,0.010356,-0.010408,0.004745,0.999881,106.091660,418.999420,100.308289
498,4.980000,0.010295,-0.010220,0.004603,0.999884,105.987251,419.003723,100.308060
499,4.990000,0.010328,-0.010415,0.004659,0.999882,105.877205,419.019897,100.302078
500,5.000000,0.010385,-0.010377,0.004530,0.999882,105.774834,419.040955,100.312317
501,5.010000,0.010354,-0.010949,0.005107,0.999874,105.644058,419.067108,100.314545
502,5.020000,0.010317,-0.010752,0.004970,0.999877,105.541565,419.069427,100.317146
503,5.030000,0.010330,-0.010704,0.005158,0.999876,105.411621,419.026367,100.327660
504,5.040000,0.010298,-0.011232,0.005200,0.999870,105.220078,418.956238,100.310097
505,5.050000,0.010288,-0.010548,0.005201,0.999878,105.145866,418.910187,100.321106
506,5.060000,0.010299,-0.010230,0.004841,0.999883,105.047508,418.912598,100.302299
507,5.070000,0.010376,-0.010024,0.004432,0.999886,104.952553,418.919128,100.295410
508,5.080000,0.010399,-0.010565,0.004868,0.999878,104.844666,418.929169,100.279366
509,5.090000,0.010309,-0.008562,0.002134,0.999908,104.840408,418.987823,100.308929
510,5.100000,0.010336,-0.008592,0.002103,0.999907,104.728165,418.995056,100.324677
511,5.110000,0.010356,-0.008898,0.002327,0.999904,104.601402,418.981415,100.334572
512,5.120000,0.010369,-0.009211,0.002642,0.999900,104.469849,418.957336,100.329788
513,5.130000,0.010456,-0.011424,0.004799,0.999869,104.233177,418.907379,100.265503
514,5.140000,0.010431,-0.011934,0.005349,0.999860,104.109222,418.899719,100.248726
515,5.150000,0.010391,-0.011514,0.005474,0.999865,104.076241,418.913086,100.276138
516,5.160000,0.010423,-0.011428,0.005447,0.999866,103.974922,418.945251,100.286865
517,5.170000,0.010387,-0.010944,0.004644,0.999875,103.904320,418.990448,100.299171
518,5.180000,0.010455,-0.011102,0.004585,0.999873,103.760109,418.990082,100.290077
519,5.190000,0.010501,-0.011499,0.004541,0.999869,103.560654,418.960144,100.257843
520,5.200000,0.010264,-0.011124,0.004860,0.999874,103.460007,418.933655,100.259323
521,5.210000,0.010331,-0.010495,0.004168,0.999883,103.338326,418.928131,100.235039
522,5.220000,0.010452,-0.011399,0.004447,0.999871,103.129585,418.932678,100.199310
523,5.230000,0.010463,-0.011672,0.004533,0.999867,103.001816,418.931915,100.205368
524,5.240000,0.010397,-0.009710,0.002456,0.999896,102.977463,418.955139,100.252625
525,5.250000,0.010529,-0.011754,0.004396,0.999866,102.697548,418.919464,100.210815
526,5.260000,0.010517,-0.012025,0.004570,0.999862,102.516151,418.905365,100.202431
527,5.270000,0.010448,-0.011856,0.005065,0.999862,102.379631,418.895172,100.205528
528,5.280000,0.010507,-0.012300,0.005804,0.999852,102.186378,418.877502,100.184044
529,5.290000,0.010445,-0.012553,0.006216,0.999847,102.030083,418.856781,100.174744
530,5.300000,0.010295,-0.012141,0.005718,0.999857,101.906136,418.863190,100.174370
531,5.310000,0.010451,-0.012104,0.004199,0.999863,101.703598,418.893829,100.140388
532,5.320000,0.010450,-0.011882,0.003889,0.999867,101.551727,418.915283,100.132736
533,5.330000,0.010442,-0.012330,0.004186,0.999861,101.378784,418.907806,100.100708
534,5.340000,0.010353,-0.010111,0.002612,0.999892,101.372276,418.904022,100.139412
535,5.350000,0.010321,-0.010483,0.002582,0.999889,101.185196,418.891388,100.119118
536,5.360000,0.010454,-0.012681,0.005027,0.999852,100.899300,418.855469,100.090820
537,5.370000,0.010517,-0.012973,0.005382,0.999846,100.734787,418.844879,100.105064
538,5.380000,0.010324,-0.012415,0.005369,0.999855,100.679092,418.849518,100.140335
539,5.390000,0.010387,-0.012255,0.005159,0.999858,100.547623,418.855316,100.145844
540,5.400000,0.010477,-0.012446,0.004926,0.999856,100.407066,418.856262,100.137016
541,5.410000,0.010443,-0.012214,0.004588,0.999860,100.318359,418.874268,100.131882
542,5.420000,0.010437,-0.012235,0.004686,0.999860,100.211197,418.870789,100.124252
543,5.430000,0.010545,-0.012333,0.004237,0.999859,100.056816,418.863312,100.109459
544,5.440000,0.010597,-0.012452,0.004507,0.999856,99.948776,418.854370,100.121124
545,5.450000,0.010640,-0.012370,0.004423,0.999857,99.861824,418.840820,100.135353
546,5.460000,0.010715,-0.012249,0.004376,0.999858,99.782349,418.827087,100.146942
547,5.470000,0.010681,-0.012439,0.004388,0.999856,99.717735,418.818451,100.144897
548,5.480000,0.010652,-0.012440,0.004186,0.999857,99.647675,418.813263,100.153297
549,5.490000,0.010695,-0.012637,0.004860,0.999851,99.537498,418.801544,100.164314
550,5.500000,0.010660,-0.012543,0.004863,0.999853,99.460419,418.797333,100.173546
551,5.510000,0.010689,-0.012681,0.004875,0.999851,99.375145,418.785248,100.175804
552,5.520000,0.010611,-0.012098,0.005121,0.999857,99.366501,418.776062,100.207542
553,5.530000,0.010545,-0.010487,0.003601,0.999883,99.403938,418.786316,100.243256
554,5.540000,0.010613,-0.012353,0.005407,0.999853,99.261612,418.757233,100.189583
555,5.550000,0.010554,-0.012526,0.005649,0.999850,99.249977,418.740814,100.185944
556,5.560000,0.010539,-0.012547,0.005721,0.999849,99.241562,418.735901,100.190056
557,5.570000,0.010484,-0.010425,0.003758,0.999884,99.346313,418.768921,100.243378
558,5.580000,0.010591,-0.012697,0.005843,0.999846,99.193695,418.756927,100.182518
559,5.590000,0.010591,-0.012779,0.005768,0.999846,99.204231,418.760864,100.172813
560,5.600000,0.010582,-0.012844,0.005810,0.999845,99.209038,418.757935,100.166626
561,5.610000,0.010566,-0.012883,0.005918,0.999844,99.214500,418.753754,100.165421
562,5.620000,0.010525,-0.012825,0.005941,0.999845,99.227692,418.740479,100.166885
563,5.630000,0.010478,-0.012489,0.005830,0.999850,99.224503,418.722687,100.181625
564,5.640000,0.010566,-0.012692,0.005480,0.999849,99.154205,418.704956,100.168678
565,5.650000,0.010494,-0.012338,0.005232,0.999855,99.144806,418.688965,100.176453
566,5.660000,0.010474,-0.012305,0.005248,0.999856,99.116615,418.678558,100.169373
567,5.670000,0.010464,-0.012327,0.005316,0.999855,99.093498,418.666107,100.155807
568,5.680000,0.010431,-0.012336,0.005424,0.999855,99.070183,418.656677,100.142311
569,5.690000,0.010408,-0.012436,0.005446,0.999854,99.054039,418.656219,100.135155
570,5.700000,0.010347,-0.012180,0.005579,0.999857,99.080383,418.656097,100.147034
571,5.710000,0.010394,-0.012559,0.005169,0.999854,99.002312,418.664154,100.113548
572,5.720000,0.010440,-0.012543,0.004971,0.999855,98.941513,418.653168,100.092552
573,5.730000,0.010433,-0.012494,0.004982,0.999855,98.881432,418.639526,100.063370
574,5.740000,0.010384,-0.012716,0.005615,0.999850,98.825127,418.635956,100.043083
575,5.750000,0.010324,-0.012785,0.005879,0.999848,98.759651,418.669464,100.033867
576,5.760000,0.010314,-0.010531,0.003623,0.999885,98.808945,418.748932,100.092186
577,5.770000,0.010403,-0.010138,0.002716,0.999891,98.688065,418.781281,100.109619
578,5.780000,0.010457,-0.010070,0.002741,0.999891,98.492523,418.749878,100.121635
579,5.790000,0.010545,-0.012656,0.004638,0.999854,98.066887,418.705170,100.066254
580,5.800000,0.010438,-0.013058,0.005101,0.999847,97.781044,418.659729,100.064384
581,5.810000,0.010479,-0.013491,0.006092,0.999836,97.452950,418.606293,100.069031
582,5.820000,0.010662,-0.013209,0.005310,0.999842,97.142212,418.576508,100.068108
583,5.830000,0.010643,-0.013482,0.006165,0.999834,96.863266,418.553650,100.084724
584,5.840000,0.010436,-0.011219,0.004112,0.999874,96.701881,418.579559,100.164421
585,5.850000,0.010319,-0.010725,0.003740,0.999882,96.435913,418.600800,100.176735
586,5.860000,0.010543,-0.013606,0.005655,0.999836,95.979851,418.579742,100.092812
587,5.870000,0.010599,-0.013534,0.005248,0.999838,95.698441,418.559845,100.080673
588,5.880000,0.010631,-0.013676,0.006165,0.999831,95.431358,418.517029,100.082565
589,5.890000,0.010593,-0.014179,0.006534,0.999822,95.189568,418.516846,100.046806
590,5.900000,0.010489,-0.014095,0.006751,0.999823,94.979340,418.530487,100.050133
591,5.910000,0.010397,-0.011938,0.004552,0.999864,94.943237,418.546997,100.106789
592,5.920000,0.010369,-0.011426,0.004067,0.999873,94.816963,418.560760,100.099602
593,5.930000,0.010488,-0.013771,0.005454,0.999835,94.515739,418.569855,100.016029
594,5.940000,0.010582,-0.013303,0.003858,0.999848,94.396858,418.604675,99.989334
595,5.950000,0.010479,-0.014026,0.005563,0.999831,94.273544,418.601990,99.967445
596,5.960000,0.010347,-0.013793,0.006159,0.999832,94.203369,418.607727,99.961967
597,5.970000,0.010311,-0.013736,0.006353,0.999832,94.091110,418.583618,99.960068
598,5.980000,0.010365,-0.014070,0.006708,0.999825,93.917648,418.527466,99.956985
599,5.990000,0.010446,-0.014126,0.006333,0.999826,93.801254,418.513916,99.947418
600,6.000000,0.010534,-0.013967,0.005885,0.999830,93.707001,418.517578,99.970802
601,6.010000,0.010658,-0.014226,0.005878,0.999825,93.654877,418.506897,100.016388
602,6.020000,0.010671,-0.014197,0.005800,0.999825,93.615585,418.502869,100.042236
603,6.030000,0.010672,-0.014221,0.005842,0.999825,93.593124,418.504944,100.040726
604,6.040000,0.010658,-0.014136,0.005853,0.999826,93.621956,418.518524,100.046440
605,6.050000,0.010661,-0.014143,0.005897,0.999826,93.667610,418.536896,100.036339
606,6.060000,0.010573,-0.013844,0.005730,0.999832,93.700935,418.554047,99.997040
607,6.070000,0.010515,-0.013852,0.005933,0.999831,93.700089,418.536224,99.960526
608,6.080000,0.010481,-0.013900,0.006173,0.999829,93.702888,418.510040,99.957336
609,6.090000,0.010481,-0.013953,0.006133,0.999829,93.696465,418.497314,99.959335
610,6.100000,0.010481,-0.014004,0.006084,0.999829,93.674339,418.490417,99.960464
611,6.110000,0.010505,-0.014036,0.006101,0.999828,93.641998,418.485077,99.974800
612,6.120000,0.010534,-0.013990,0.006041,0.999828,93.610909,418.488403,99.992920
613,6.130000,0.010526,-0.013925,0.006033,0.999830,93.590324,418.497192,99.998642
614,6.140000,0.010483,-0.013901,0.006010,0.999830,93.577499,418.498047,99.985710
615,6.150000,0.010461,-0.013908,0.006046,0.999830,93.566223,418.498322,99.964478
616,6.160000,0.010463,-0.013976,0.006004,0.999830,93.541939,418.499359,99.947159
617,6.170000,0.010447,-0.013981,0.005935,0.999830,93.508614,418.491364,99.934837
618,6.180000,0.010438,-0.014036,0.005949,0.999829,93.465721,418.481384,99.921669
619,6.190000,0.010425,-0.014084,0.005883,0.999829,93.425056,418.485931,99.909126
620,6.200000,0.010374,-0.014554,0.006454,0.999819,93.364326,418.493103,99.910728
621,6.210000,0.010296,-0.014651,0.006968,0.999815,93.334846,418.479126,99.932877
622,6.220000,0.010263,-0.014200,0.006750,0.999824,93.349419,418.471344,99.960121
623,6.230000,0.010272,-0.014240,0.006715,0.999823,93.350853,418.469666,99.966545
624,6.240000,0.010282,-0.014306,0.006585,0.999823,93.346489,418.475891,99.962433
625,6.250000,0.010309,-0.014899,0.006799,0.999813,93.324997,418.491760,99.928848
626,6.260000,0.010466,-0.015485,0.006363,0.999805,93.258720,418.516174,99.860733
627,6.270000,0.010268,-0.012517,0.004114,0.999861,93.460945,418.550751,99.911560
628,6.280000,0.010152,-0.011919,0.003879,0.999870,93.481339,418.547241,99.914444
629,6.290000,0.010130,-0.011943,0.003887,0.999870,93.435516,418.542267,99.895370
630,6.300000,0.010101,-0.012298,0.003982,0.999866,93.370667,418.549316,99.868706
631,6.310000,0.010034,-0.012381,0.003956,0.999865,93.314598,418.553131,99.861832
632,6.320000,0.010052,-0.013238,0.004241,0.999853,93.159927,418.542664,99.832428
633,6.330000,0.009999,-0.013172,0.004209,0.999854,93.065247,418.531769,99.814873
634,6.340000,0.010019,-0.013451,0.004554,0.999849,92.942558,418.511169,99.798538
635,6.350000,0.010030,-0.013435,0.004603,0.999849,92.833626,418.499512,99.814781
636,6.360000,0.010267,-0.014662,0.005095,0.999827,92.564751,418.484039,99.786598
637,6.370000,0.010402,-0.014592,0.004542,0.999829,92.387733,418.464020,99.772293
638,6.380000,0.010233,-0.015507,0.006738,0.999805,92.281113,418.444641,99.772461
639,6.390000,0.010298,-0.015554,0.006850,0.999803,92.144363,418.457550,99.775688
640,6.400000,0.010288,-0.015517,0.006354,0.999806,92.028488,418.475922,99.768280
641,6.410000,0.010189,-0.015485,0.006234,0.999809,91.885429,418.499329,99.729919
642,6.420000,0.010236,-0.016109,0.006119,0.999799,91.653618,418.529480,99.673363
643,6.430000,0.010254,-0.016177,0.005927,0.999799,91.503090,418.547974,99.676315
644,6.440000,0.010114,-0.013815,0.003908,0.999846,91.489075,418.582764,99.743614
645,6.450000,0.010262,-0.014935,0.003997,0.999828,91.177971,418.557312,99.691803
646,6.460000,0.010151,-0.015939,0.006380,0.999801,90.959030,418.498474,99.689339
647,6.470000,0.010079,-0.016213,0.007613,0.999789,90.821884,418.480255,99.716949
648,6.480000,0.010254,-0.016066,0.006020,0.999800,90.608932,418.514435,99.686432
649,6.490000,0.010207,-0.016033,0.006418,0.999799,90.498978,418.505035,99.692047
650,6.500000,0.010245,-0.015594,0.005728,0.999810,90.343010,418.499207,99.686119
651,6.510000,0.010277,-0.015844,0.005841,0.999805,90.145546,418.488464,99.680710
652,6.520000,0.010210,-0.016753,0.006198,0.999788,89.876091,418.488861,99.651459
653,6.530000,0.010290,-0.015982,0.004896,0.999807,89.655022,418.506317,99.647995
654,6.540000,0.010207,-0.016778,0.006538,0.999786,89.424171,418.480286,99.657768
655,6.550000,0.010128,-0.016734,0.006903,0.999785,89.191597,418.459534,99.670166
656,6.560000,0.010055,-0.016469,0.007275,0.999787,88.994354,418.425110,99.682693
657,6.570000,0.010142,-0.016259,0.006612,0.999795,88.743279,418.413086,99.676353
658,6.580000,0.010194,-0.016634,0.006695,0.999787,88.497650,418.395569,99.674622
659,6.590000,0.010213,-0.016547,0.006865,0.999787,88.284798,418.373016,99.704605
660,6.600000,0.010308,-0.016780,0.006892,0.999782,88.029518,418.372528,99.700668
661,6.610000,0.010436,-0.016372,0.005165,0.999798,87.804703,418.401917,99.674629
662,6.620000,0.010310,-0.014639,0.004807,0.999828,87.732430,418.416168,99.735031
663,6.630000,0.010258,-0.014026,0.004334,0.999840,87.554169,418.393005,99.734329
664,6.640000,0.010254,-0.016253,0.006437,0.999795,87.227501,418.334320,99.643257
665,6.650000,0.010200,-0.016121,0.006807,0.999795,87.062607,418.298706,99.608864
666,6.660000,0.010139,-0.016026,0.006860,0.999797,86.908035,418.298553,99.596222
667,6.670000,0.010104,-0.016310,0.007698,0.999786,86.705132,418.305878,99.607315
668,6.680000,0.010094,-0.016538,0.008132,0.999779,86.490723,418.303955,99.611595
669,6.690000,0.010323,-0.015974,0.005839,0.999802,86.258766,418.326996,99.601128
670,6.700000,0.010350,-0.015419,0.005357,0.999813,86.093269,418.321228,99.638657
671,6.710000,0.010418,-0.015104,0.005215,0.999818,85.960510,418.296356,99.665756
672,6.720000,0.010411,-0.015185,0.005647,0.999815,85.818954,418.257721,99.663528
673,6.730000,0.010382,-0.015126,0.005731,0.999815,85.732605,418.243530,99.658745
674,6.740000,0.010386,-0.014834,0.005784,0.999819,85.684654,418.247986,99.668510
675,6.750000,0.010324,-0.014706,0.005824,0.999822,85.675545,418.251892,99.663086
676,6.760000,0.010239,-0.014756,0.005897,0.999821,85.687996,418.257812,99.636467
677,6.770000,0.010106,-0.015518,0.007663,0.999799,85.705307,418.251617,99.623596
678,6.780000,0.010104,-0.015135,0.007152,0.999809,85.761635,418.266327,99.626968
679,6.790000,0.010189,-0.015271,0.007302,0.999805,85.759087,418.265656,99.633659
680,6.800000,0.010248,-0.015293,0.007219,0.999805,85.755280,418.268433,99.640610
681,6.810000,0.010392,-0.014634,0.005626,0.999823,85.739822,418.282898,99.654900
682,6.820000,0.010454,-0.014501,0.005650,0.999824,85.722443,418.284912,99.679840
683,6.830000,0.010365,-0.015163,0.007215,0.999805,85.715576,418.276245,99.690849
684,6.840000,0.010301,-0.015269,0.007505,0.999802,85.703484,418.286652,99.675606
685,6.850000,0.010236,-0.015840,0.008161,0.999789,85.658310,418.295197,99.629303
686,6.860000,0.010118,-0.016118,0.008417,0.999784,85.628555,418.307373,99.576271
687,6.870000,0.009969,-0.013395,0.005734,0.999844,85.735466,418.342834,99.609039
688,6.880000,0.010056,-0.015621,0.008068,0.999795,85.515945,418.304260,99.554733
689,6.890000,0.010062,-0.015799,0.008210,0.999791,85.415489,418.286438,99.548653
690,6.900000,0.010120,-0.015310,0.007395,0.999804,85.334267,418.280518,99.557930
691,6.910000,0.010001,-0.014985,0.007717,0.999808,85.295311,418.272552,99.596985
692,6.920000,0.010103,-0.015053,0.007418,0.999808,85.197929,418.277527,99.591583
693,6.930000,0.010074,-0.015399,0.007417,0.999803,85.087418,418.310242,99.565422
694,6.940000,0.010140,-0.014721,0.005071,0.999827,84.944244,418.366150,99.523651
695,6.950000,0.010205,-0.015348,0.005807,0.999813,84.740402,418.347168,99.504044
696,6.960000,0.010258,-0.015429,0.006119,0.999810,84.542992,418.311249,99.514557
697,6.970000,0.010304,-0.015330,0.006348,0.999809,84.322189,418.284515,99.527557
698,6.980000,0.010280,-0.015020,0.006207,0.999815,84.142136,418.251434,99.525352
699,6.990000,0.010113,-0.015655,0.007803,0.999796,83.986122,418.218597,99.527931
700,7.000000,0.010097,-0.015532,0.007986,0.999796,83.849480,418.227783,99.527077
701,7.010000,0.009991,-0.016290,0.008577,0.999781,83.666039,418.264343,99.473434
702,7.020000,0.009754,-0.015552,0.009057,0.999790,83.590141,418.280884,99.469795
703,7.030000,0.009662,-0.015571,0.008696,0.999794,83.399017,418.275726,99.444260
704,7.040000,0.009914,-0.014482,0.006015,0.999828,83.213257,418.274384,99.422867
705,7.050000,0.010156,-0.015063,0.006491,0.999814,82.941650,418.231903,99.412727
706,7.060000,0.010133,-0.015323,0.006841,0.999808,82.776848,418.199402,99.389244
707,7.070000,0.010104,-0.015230,0.006686,0.999811,82.673851,418.191986,99.383316
708,7.080000,0.010132,-0.015045,0.006557,0.999814,82.611633,418.204742,99.392731
709,7.090000,0.010187,-0.014976,0.006422,0.999815,82.594887,418.226196,99.404175
710,7.100000,0.010204,-0.014961,0.006405,0.999816,82.602036,418.245422,99.411430
711,7.110000,0.010214,-0.014991,0.006403,0.999815,82.605606,418.244385,99.424850
712,7.120000,0.010211,-0.014955,0.006394,0.999816,82.630844,418.233765,99.439301
713,7.130000,0.010161,-0.014987,0.006518,0.999815,82.656990,418.239044,99.444656
714,7.140000,0.010086,-0.014977,0.006623,0.999815,82.698982,418.235107,99.439049
715,7.150000,0.010090,-0.015177,0.006776,0.999811,82.766472,418.238708,99.442062
716,7.160000,0.010015,-0.014614,0.006289,0.999823,82.872253,418.268402,99.460678
717,7.170000,0.010008,-0.014261,0.005837,0.999831,82.956757,418.305603,99.467598
718,7.180000,0.010086,-0.014312,0.005678,0.999831,82.992737,418.334320,99.474319
719,7.190000,0.010263,-0.014355,0.005449,0.999830,83.036636,418.370483,99.500732
720,7.200000,0.010220,-0.015100,0.006928,0.999810,83.055031,418.401154,99.550560
721,7.210000,0.010249,-0.015322,0.007006,0.999806,83.028000,418.422180,99.577362
722,7.220000,0.010240,-0.015390,0.007058,0.999804,82.973755,418.414612,99.568611
723,7.230000,0.010186,-0.015277,0.007150,0.999806,82.931427,418.423889,99.552750
724,7.240000,0.010143,-0.015118,0.007178,0.999808,82.930382,418.426697,99.551064
725,7.250000,0.010113,-0.014945,0.007140,0.999812,82.955559,418.430725,99.554688
726,7.260000,0.010086,-0.014688,0.007103,0.999816,82.991165,418.435822,99.550316
727,7.270000,0.010080,-0.014559,0.006971,0.999819,83.029526,418.444153,99.546181
728,7.280000,0.010063,-0.014721,0.007267,0.999815,83.079498,418.468964,99.560913
729,7.290000,0.010118,-0.014767,0.007534,0.999811,83.104141,418.509827,99.576752
730,7.300000,0.010114,-0.014720,0.007504,0.999812,83.127876,418.539154,99.573776
731,7.310000,0.009952,-0.012239,0.005419,0.999861,83.256966,418.592987,99.611877
732,7.320000,0.009905,-0.012141,0.005380,0.999863,83.269279,418.611023,99.601929
733,7.330000,0.010055,-0.014637,0.007912,0.999811,83.141602,418.586609,99.549278
734,7.340000,0.010033,-0.015007,0.008521,0.999801,83.169067,418.598724,99.565552
735,7.350000,0.009923,-0.011975,0.005538,0.999864,83.388931,418.658691,99.660110
736,7.360000,0.010073,-0.014090,0.007710,0.999820,83.318550,418.650604,99.647728
737,7.370000,0.010142,-0.013930,0.007477,0.999824,83.397690,418.675049,99.682404
738,7.380000,0.010260,-0.013618,0.007141,0.999829,83.476585,418.707581,99.715294
739,7.390000,0.010237,-0.013284,0.006987,0.999835,83.570671,418.748596,99.739594
740,7.400000,0.010282,-0.013021,0.006823,0.999839,83.662277,418.756775,99.753738
741,7.410000,0.010217,-0.012593,0.006959,0.999844,83.793694,418.755890,99.773170
742,7.420000,0.010240,-0.011639,0.005364,0.999865,83.947487,418.769867,99.780052
743,7.430000,0.010183,-0.011122,0.005203,0.999873,84.166435,418.768219,99.800766
744,7.440000,0.010132,-0.010856,0.005086,0.999877,84.383415,418.788696,99.816849
745,7.450000,0.009946,-0.011343,0.007565,0.999858,84.702705,418.775360,99.863258
746,7.460000,0.010021,-0.010968,0.006606,0.999868,84.956070,418.810394,99.870239
747,7.470000,0.009930,-0.010733,0.007275,0.999867,85.354805,418.856934,99.927032
748,7.480000,0.010119,-0.011386,0.007435,0.999856,85.620605,418.911621,99.943871
749,7.490000,0.010141,-0.011219,0.006490,0.999865,86.017387,418.967102,99.972191
750,7.500000,0.010227,-0.010462,0.005256,0.999879,86.415276,419.029877,100.002563
751,7.510000,0.010313,-0.009434,0.003570,0.999896,86.800461,419.085236,100.008400
752,7.520000,0.010182,-0.010430,0.006505,0.999873,87.185585,419.056976,100.030991
753,7.530000,0.010166,-0.009808,0.005998,0.999882,87.612328,419.071472,100.060852
754,7.540000,0.010261,-0.010174,0.006127,0.999877,87.916954,419.100922,100.040466
755,7.550000,0.010326,-0.009237,0.004250,0.999895,88.293350,419.134888,100.031593
756,7.560000,0.010256,-0.009587,0.005856,0.999884,88.704689,419.116364,100.069115
757,7.570000,0.010173,-0.009140,0.006370,0.999886,89.138817,419.130157,100.127922
758,7.580000,0.010248,-0.009560,0.006092,0.999883,89.498734,419.177521,100.136894
759,7.590000,0.010322,-0.007935,0.003140,0.999910,89.956070,419.253143,100.152382
760,7.600000,0.010334,-0.008619,0.004735,0.999898,90.324730,419.250977,100.180519
761,7.610000,0.010336,-0.008426,0.005353,0.999897,90.739326,419.245728,100.217209
762,7.620000,0.010062,-0.008543,0.005671,0.999897,91.143425,419.258301,100.211113
763,7.630000,0.010116,-0.008641,0.005411,0.999897,91.470879,419.274261,100.193939
764,7.640000,0.010183,-0.009228,0.006180,0.999887,91.809349,419.266052,100.187790
765,7.650000,0.010190,-0.008874,0.005807,0.999892,92.207420,419.277832,100.176971
766,7.660000,0.010012,-0.007909,0.005670,0.999903,92.706329,419.307465,100.203056
767,7.670000,0.010007,-0.007887,0.004789,0.999907,93.122070,419.354187,100.190491
768,7.680000,0.010087,-0.006737,0.002866,0.999922,93.576096,419.409088,100.214645
769,7.690000,0.010135,-0.008195,0.004859,0.999903,93.980721,419.394592,100.225655
770,7.700000,0.010005,-0.007654,0.005096,0.999908,94.503487,419.413940,100.260933
771,7.710000,0.010045,-0.007455,0.004543,0.999911,94.910957,419.438965,100.271881
772,7.720000,0.010052,-0.007471,0.004669,0.999911,95.350616,419.441437,100.301140
773,7.730000,0.010135,-0.007645,0.004603,0.999909,95.757027,419.414886,100.313850
774,7.740000,0.010099,-0.007642,0.004899,0.999908,96.202385,419.401703,100.339867
775,7.750000,0.010041,-0.007047,0.004716,0.999914,96.656242,419.413757,100.364029
776,7.760000,0.009987,-0.007044,0.004766,0.999914,97.094849,419.437134,100.364334
777,7.770000,0.009980,-0.006813,0.004889,0.999915,97.537796,419.451477,100.354996
778,7.780000,0.009784,-0.006648,0.005300,0.999916,97.983002,419.486816,100.347183
779,7.790000,0.009975,-0.006066,0.003140,0.999927,98.374008,419.539398,100.341682
780,7.800000,0.009844,-0.006494,0.004063,0.999922,98.819893,419.525146,100.375816
781,7.810000,0.009939,-0.005801,0.003224,0.999929,99.282104,419.521057,100.415733
782,7.820000,0.009952,-0.006801,0.004730,0.999916,99.641685,419.502899,100.437447
783,7.830000,0.009970,-0.006467,0.004597,0.999919,100.098831,419.517792,100.485130
784,7.840000,0.010069,-0.006052,0.003752,0.999924,100.566833,419.550385,100.507042
785,7.850000,0.010078,-0.006282,0.005001,0.999917,101.030350,419.564331,100.535629
786,7.860000,0.010048,-0.006512,0.004352,0.999919,101.453468,419.604279,100.523552
787,7.870000,0.010056,-0.006382,0.004168,0.999920,101.910614,419.619995,100.541481
788,7.880000,0.010111,-0.005769,0.003296,0.999927,102.393066,419.638794,100.564880
789,7.890000,0.010143,-0.005986,0.004308,0.999921,102.894966,419.640442,100.619949
790,7.900000,0.010293,-0.006146,0.003904,0.999921,103.310661,419.662750,100.634407
791,7.910000,0.010258,-0.006452,0.003965,0.999919,103.793861,419.656616,100.651375
792,7.920000,0.010091,-0.005962,0.003630,0.999925,104.273720,419.692352,100.675926
793,7.930000,0.010157,-0.006049,0.004284,0.999921,104.773720,419.687683,100.682236
794,7.940000,0.010231,-0.006130,0.004006,0.999921,105.236168,419.716064,100.682945
795,7.950000,0.010207,-0.005607,0.003568,0.999926,105.778191,419.730194,100.708878
796,7.960000,0.010248,-0.006110,0.003534,0.999923,106.229691,419.746338,100.713303
797,7.970000,0.010273,-0.005950,0.003343,0.999924,106.748650,419.753448,100.729622
798,7.980000,0.010407,-0.005626,0.002805,0.999926,107.283661,419.758484,100.753311
799,7.990000,0.010224,-0.006381,0.003535,0.999921,107.837463,419.766083,100.754898
800,8.000000,0.010276,-0.006315,0.003638,0.999921,108.393753,419.782715,100.762215
801,8.010000,0.010321,-0.006200,0.003435,0.999922,108.990677,419.797241,100.765762
802,8.020000,0.010127,-0.005506,0.003349,0.999928,109.657341,419.813477,100.810875
803,8.030000,0.010241,-0.006192,0.003386,0.999923,110.238113,419.821442,100.792374
804,8.040000,0.010251,-0.005814,0.002682,0.999927,110.858185,419.839417,100.792465
805,8.050000,0.010178,-0.006109,0.003277,0.999924,111.483017,419.846283,100.813240
806,8.060000,0.010183,-0.005552,0.003147,0.999928,112.179825,419.859619,100.838898
807,8.070000,0.010201,-0.005853,0.002806,0.999927,112.832283,419.882965,100.821243
808,8.080000,0.010206,-0.006076,0.003215,0.999924,113.485130,419.898773,100.836708
809,8.090000,0.010201,-0.005833,0.002762,0.999927,114.210175,419.923218,100.863914
810,8.100000,0.010041,-0.005610,0.003417,0.999928,114.936356,419.929779,100.924866
811,8.110000,0.010255,-0.006069,0.002607,0.999926,115.598839,419.936157,100.910179
812,8.120000,0.010111,-0.002815,-0.000145,0.999945,116.517860,419.969757,101.003342
813,8.130000,0.010317,-0.005420,0.001988,0.999930,117.057030,419.971283,100.974632
814,8.140000,0.010356,-0.005514,0.002643,0.999928,117.858040,419.974213,100.999329
815,8.150000,0.009994,-0.005702,0.002339,0.999931,118.595337,419.998596,101.017181
816,8.160000,0.010326,-0.005780,0.002843,0.999926,119.374222,419.981842,101.032730
817,8.170000,0.010102,-0.006151,0.003123,0.999925,120.145721,420.009247,101.050758
818,8.180000,0.010230,-0.005288,0.002293,0.999931,121.022736,420.010040,101.070068
819,8.190000,0.010127,-0.006531,0.003451,0.999921,121.800735,420.032043,101.088432
820,8.200000,0.010216,-0.003466,-0.000093,0.999942,122.779785,420.070312,101.165169
821,8.210000,0.010379,-0.005830,0.001916,0.999927,123.527710,420.049561,101.120720
822,8.220000,0.010277,-0.003872,0.000014,0.999940,124.517517,420.091431,101.199646
823,8.230000,0.010448,-0.005580,0.001922,0.999928,125.304955,420.081085,101.199890
824,8.240000,0.010207,-0.004037,0.000145,0.999940,126.252892,420.125946,101.240875
825,8.250000,0.010378,-0.005544,0.001789,0.999929,127.021851,420.104065,101.216209
826,8.260000,0.010075,-0.003440,0.000150,0.999943,128.034744,420.143005,101.289215
827,8.270000,0.010232,-0.005378,0.001824,0.999932,128.771835,420.122223,101.227791
828,8.280000,0.009977,-0.003433,0.000364,0.999944,129.765762,420.159149,101.292671
829,8.290000,0.010271,-0.005635,0.001428,0.999930,130.457153,420.172882,101.242325
830,8.300000,0.010041,-0.005646,0.002393,0.999931,131.331802,420.186432,101.294197
831,8.310000,0.010177,-0.005626,0.001186,0.999932,132.140274,420.211304,101.292526
832,8.320000,0.010111,-0.006031,0.002488,0.999928,133.016174,420.226135,101.311012
833,8.330000,0.010196,-0.005845,0.000948,0.999931,133.795425,420.267670,101.304588
834,8.340000,0.009987,-0.006213,0.001719,0.999929,134.621796,420.287048,101.317146
835,8.350000,0.010169,-0.005595,0.001303,0.999932,135.459885,420.286774,101.360527
836,8.360000,0.010231,-0.006301,0.001712,0.999926,136.167267,420.284363,101.355385
837,8.370000,0.010192,-0.004074,0.000080,0.999940,137.068619,420.279938,101.438416
838,8.380000,0.010253,-0.005802,0.001165,0.999930,137.686783,420.276459,101.429550
839,8.390000,0.010320,-0.003757,-0.000859,0.999939,138.546951,420.298920,101.522339
840,8.400000,0.010313,-0.005905,0.001368,0.999929,139.094711,420.309296,101.490082
841,8.410000,0.010409,-0.005060,-0.000149,0.999933,139.840714,420.315155,101.507179
842,8.420000,0.010168,-0.005963,0.001172,0.999930,140.418579,420.337524,101.515808
843,8.430000,0.010238,-0.005835,0.001244,0.999930,141.041321,420.340240,101.515862
844,8.440000,0.010313,-0.005748,0.000596,0.999930,141.651993,420.346436,101.515198
845,8.450000,0.010344,-0.005321,0.000669,0.999932,142.251404,420.352173,101.540398
846,8.460000,0.010116,-0.005915,0.001255,0.999931,142.789825,420.370300,101.554985
847,8.470000,0.010250,-0.004121,-0.001072,0.999938,143.451035,420.383240,101.597115
848,8.480000,0.010380,-0.005170,0.000406,0.999933,143.902466,420.348053,101.587090
849,8.490000,0.010081,-0.005639,0.001234,0.999933,144.369598,420.375275,101.604294
850,8.500000,0.010212,-0.005840,0.000922,0.999930,144.806854,420.379395,101.598320
851,8.510000,0.010324,-0.005541,0.000523,0.999931,145.289139,420.378235,101.607033
852,8.520000,0.010428,-0.005412,0.000680,0.999931,145.679184,420.368561,101.619240
853,8.530000,0.010306,-0.005421,0.000133,0.999932,146.043289,420.382782,101.625305
854,8.540000,0.010100,-0.005110,0.000765,0.999936,146.422974,420.378143,101.656845
855,8.550000,0.010193,-0.005742,0.000945,0.999931,146.717804,420.373901,101.668198
856,8.560000,0.010350,-0.005572,0.000730,0.999931,147.006454,420.361847,101.682968
857,8.570000,0.010323,-0.005054,0.000581,0.999934,147.318436,420.356445,101.702927
858,8.580000,0.010334,-0.005037,0.000249,0.999934,147.576813,420.376282,101.697472
859,8.590000,0.010381,-0.005571,0.000423,0.999931,147.828568,420.371765,101.689949
860,8.600000,0.010462,-0.005280,0.000262,0.999931,148.129272,420.358826,101.705727
861,8.610000,0.010469,-0.003886,-0.001097,0.999937,148.473022,420.376587,101.736061
862,8.620000,0.010489,-0.005325,0.000613,0.999931,148.694443,420.360138,101.727013
863,8.630000,0.010366,-0.005551,0.001224,0.999930,148.945663,420.376648,101.739410
864,8.640000,0.010355,-0.005348,0.000550,0.999932,149.208939,420.401947,101.746185
865,8.650000,0.010412,-0.005640,0.000632,0.999930,149.455643,420.403107,101.750160
866,8.660000,0.010411,-0.005615,0.000525,0.999930,149.754074,420.409302,101.756927
867,8.670000,0.010603,-0.005016,0.000254,0.999931,150.092560,420.400055,101.777786
868,8.680000,0.010709,-0.005607,0.000231,0.999927,150.423752,420.412445,101.780487
869,8.690000,0.010298,-0.005810,0.000578,0.999930,150.728088,420.454132,101.782440
870,8.700000,0.010325,-0.005913,0.000715,0.999929,150.998566,420.458557,101.775581
871,8.710000,0.010375,-0.005723,0.000297,0.999930,151.297562,420.465363,101.774529
872,8.720000,0.010536,-0.003882,-0.001225,0.999936,151.703598,420.449921,101.828308
873,8.730000,0.010525,-0.005389,-0.000135,0.999930,151.857315,420.459991,101.805618
874,8.740000,0.010649,-0.005439,-0.000086,0.999929,152.145691,420.445923,101.810379
875,8.750000,0.010452,-0.005583,0.000184,0.999930,152.400436,420.457947,101.823524
876,8.760000,0.010404,-0.004267,-0.000873,0.999936,152.753036,420.466705,101.860687
877,8.770000,0.010350,-0.003767,-0.000690,0.999939,153.075256,420.464966,101.893471
878,8.780000,0.010389,-0.005213,-0.000010,0.999932,153.235062,420.482666,101.845573
879,8.790000,0.010515,-0.005642,-0.000115,0.999929,153.458115,420.491058,101.833633
880,8.800000,0.010572,-0.005723,0.000017,0.999928,153.674149,420.496033,101.832909
881,8.810000,0.010533,-0.005468,-0.000305,0.999930,153.921524,420.504547,101.849579
882,8.820000,0.010369,-0.005686,0.000095,0.999930,154.101654,420.511353,101.850166
883,8.830000,0.010469,-0.003521,-0.001874,0.999937,154.405731,420.509918,101.902534
884,8.840000,0.010555,-0.003194,-0.002244,0.999937,154.578140,420.513977,101.919136
885,8.850000,0.010574,-0.003134,-0.002319,0.999937,154.722733,420.519012,101.933388
886,8.860000,0.010500,-0.005363,0.000024,0.999931,154.748672,420.522125,101.906517
887,8.870000,0.010429,-0.005768,0.000385,0.999929,154.842972,420.538269,101.907272
888,8.880000,0.010480,-0.005884,0.000277,0.999928,154.931534,420.548248,101.907944
889,8.890000,0.010532,-0.005896,0.000193,0.999927,154.989151,420.551208,101.910416
890,8.900000,0.010540,-0.005864,0.000019,0.999927,155.025482,420.556366,101.910934
891,8.910000,0.010520,-0.005806,-0.000151,0.999928,155.031693,420.566315,101.905563
892,8.920000,0.010502,-0.005789,-0.000141,0.999928,155.012131,420.574646,101.900764
893,8.930000,0.010453,-0.005762,-0.000062,0.999929,154.985611,420.575470,101.889977
894,8.940000,0.010395,-0.005782,0.000124,0.999929,154.945023,420.573547,101.875778
895,8.950000,0.010391,-0.004517,-0.000901,0.999936,154.981567,420.576233,101.894028
896,8.960000,0.010352,-0.004465,-0.000894,0.999936,154.962341,420.579376,101.893608
897,8.970000,0.010351,-0.004468,-0.000940,0.999936,154.950546,420.583191,101.889282
898,8.980000,0.010357,-0.004479,-0.000998,0.999936,154.963211,420.585419,101.888611
899,8.990000,0.010341,-0.004396,-0.001310,0.999936,154.997757,420.593903,101.883888
900,9.000000,0.010342,-0.004401,-0.001461,0.999936,155.021652,420.605255,101.880089
901,9.010000,0.010354,-0.004209,-0.001278,0.999937,155.072205,420.606262,101.888138
902,9.020000,0.010365,-0.004374,-0.001157,0.999936,155.073013,420.611145,101.877129
903,9.030000,0.010364,-0.004377,-0.001321,0.999936,155.069153,420.618774,101.869781
904,9.040000,0.010364,-0.004262,-0.001445,0.999936,155.069901,420.626038,101.874084
905,9.050000,0.010365,-0.004174,-0.001516,0.999936,155.054733,420.622864,101.878326
906,9.060000,0.010362,-0.004193,-0.001314,0.999937,155.029984,420.611694,101.885231
907,9.070000,0.010340,-0.004085,-0.001415,0.999937,155.016617,420.608978,101.888283
908,9.080000,0.010303,-0.004118,-0.001506,0.999937,155.007370,420.620117,101.878593
909,9.090000,0.010284,-0.004124,-0.001589,0.999937,155.007828,420.632019,101.870834
910,9.100000,0.010294,-0.004182,-0.001546,0.999937,155.012054,420.632812,101.871025
911,9.110000,0.010288,-0.004159,-0.001504,0.999937,155.028503,420.629272,101.875214
912,9.120000,0.010286,-0.004196,-0.001557,0.999937,155.042984,420.635040,101.872673
913,9.130000,0.010294,-0.004323,-0.001615,0.999936,155.047913,420.649170,101.867897
914,9.140000,0.010303,-0.004405,-0.001749,0.999936,155.054092,420.666901,101.860542
915,9.150000,0.010242,-0.004557,-0.001781,0.999936,155.059418,420.679108,101.835320
916,9.160000,0.010204,-0.004568,-0.001829,0.999936,155.065109,420.691254,101.819885
917,9.170000,0.010162,-0.004491,-0.001972,0.999936,155.065903,420.708923,101.811882
918,9.180000,0.010077,-0.005668,-0.000861,0.999933,154.973724,420.726990,101.780190
919,9.190000,0.010054,-0.005822,-0.000805,0.999932,154.944153,420.733826,101.769249
920,9.200000,0.009939,-0.006037,-0.001002,0.999932,154.893997,420.756042,101.744301
921,9.210000,0.009942,-0.005976,-0.001069,0.999932,154.870865,420.763275,101.729843
922,9.220000,0.009958,-0.005920,-0.000870,0.999933,154.875916,420.752563,101.718544
923,9.230000,0.009883,-0.006055,-0.001261,0.999932,154.845261,420.779816,101.690842
924,9.240000,0.009869,-0.006116,-0.001355,0.999932,154.844803,420.789886,101.679596
925,9.250000,0.009748,-0.006092,-0.001434,0.999933,154.853790,420.807129,101.660744
926,9.260000,0.009757,-0.006083,-0.001433,0.999933,154.854904,420.805573,101.654961
927,9.270000,0.009721,-0.006460,-0.001022,0.999931,154.833389,420.800354,101.625015
928,9.280000,0.009713,-0.006596,-0.000898,0.999931,154.826065,420.799683,101.610146
929,9.290000,0.009711,-0.006685,-0.000911,0.999930,154.817139,420.803802,101.609360
930,9.300000,0.009737,-0.006708,-0.000862,0.999930,154.798080,420.799591,101.632507
931,9.310000,0.009703,-0.006757,-0.000953,0.999930,154.769196,420.796936,101.657524
932,9.320000,0.009700,-0.007013,-0.000769,0.999928,154.701965,420.774353,101.666077
933,9.330000,0.009655,-0.007160,-0.000507,0.999928,154.638657,420.745148,101.650574
934,9.340000,0.009554,-0.007308,-0.000247,0.999928,154.578079,420.721252,101.617523
935,9.350000,0.009454,-0.007116,-0.000266,0.999930,154.539230,420.728943,101.578873
936,9.360000,0.009366,-0.007111,-0.000193,0.999931,154.515305,420.740051,101.548454
937,9.370000,0.009324,-0.007212,-0.000102,0.999931,154.504333,420.732971,101.541275
938,9.380000,0.009373,-0.007330,-0.000028,0.999929,154.497253,420.713379,101.557457
939,9.390000,0.009427,-0.007483,-0.000080,0.999928,154.502350,420.692627,101.580673
940,9.400000,0.009438,-0.007483,-0.000327,0.999927,154.506638,420.689087,101.588356
941,9.410000,0.009364,-0.007391,-0.000551,0.999929,154.494339,420.704956,101.569138
942,9.420000,0.009190,-0.007495,-0.000309,0.999930,154.453598,420.714447,101.518707
943,9.430000,0.008969,-0.007630,0.000038,0.999931,154.399002,420.712463,101.453186
944,9.440000,0.008905,-0.007898,0.001131,0.999929,154.334991,420.679016,101.401955
945,9.450000,0.008876,-0.008315,0.001067,0.999925,154.228500,420.679840,101.358025
946,9.460000,0.008860,-0.008292,0.001052,0.999926,154.191711,420.673615,101.357758
947,9.470000,0.008931,-0.008278,0.000864,0.999925,154.180542,420.664215,101.379318
948,9.480000,0.009149,-0.008286,0.000637,0.999924,154.191711,420.641937,101.404213
949,9.490000,0.009198,-0.008295,0.000527,0.999923,154.216751,420.635040,101.423035
950,9.500000,0.009072,-0.007954,0.000788,0.999927,154.303528,420.642181,101.437370
951,9.510000,0.009021,-0.008085,0.001017,0.999926,154.336884,420.658752,101.406982
952,9.520000,0.008954,-0.008008,0.000986,0.999927,154.356476,420.682922,101.374886
953,9.530000,0.009003,-0.008008,0.000359,0.999927,154.331207,420.703827,101.333054
954,9.540000,0.009009,-0.008183,0.000383,0.999926,154.313416,420.701782,101.324951
955,9.550000,0.008951,-0.008054,0.000967,0.999927,154.317337,420.679077,101.363785
956,9.560000,0.009010,-0.008098,0.001052,0.999926,154.289810,420.649841,101.402229
957,9.570000,0.009241,-0.008279,0.000894,0.999923,154.233780,420.618927,101.413841
958,9.580000,0.009178,-0.008415,0.000738,0.999922,154.186615,420.630188,101.410606
959,9.590000,0.009103,-0.008360,0.000745,0.999923,154.181473,420.643127,101.394241
960,9.600000,0.008972,-0.008264,0.000837,0.999925,154.182434,420.662384,101.375313
961,9.610000,0.008897,-0.008358,0.000912,0.999925,154.203323,420.668671,101.343849
962,9.620000,0.008887,-0.008359,0.000927,0.999925,154.222015,420.674652,101.329552
963,9.630000,0.008912,-0.008425,0.000784,0.999925,154.251770,420.676025,101.335510
964,9.640000,0.008993,-0.008441,0.000642,0.999924,154.275436,420.672760,101.356972
965,9.650000,0.009059,-0.008368,0.000425,0.999924,154.287460,420.668488,101.380272
966,9.660000,0.009076,-0.008379,0.000375,0.999924,154.284363,420.667572,101.382523
967,9.670000,0.009049,-0.008087,0.000757,0.999926,154.300018,420.660339,101.386147
968,9.680000,0.008987,-0.008346,0.000787,0.999925,154.238358,420.670624,101.353676
969,9.690000,0.008896,-0.008407,0.000897,0.999925,154.207809,420.668701,101.333229
970,9.700000,0.008878,-0.008361,0.001033,0.999925,154.178894,420.664978,101.330124
971,9.710000,0.008891,-0.008421,0.001013,0.999925,154.169907,420.658417,101.340775
972,9.720000,0.009037,-0.008438,0.000895,0.999923,154.169144,420.641541,101.357674
973,9.730000,0.009103,-0.008497,0.000826,0.999922,154.181778,420.636108,101.372688
974,9.740000,0.009128,-0.008486,0.000682,0.999922,154.207794,420.641113,101.372337
975,9.750000,0.009011,-0.008530,0.000707,0.999923,154.239212,420.663330,101.357216
976,9.760000,0.008969,-0.008366,0.000732,0.999925,154.264420,420.675842,101.335510
977,9.770000,0.009014,-0.008293,0.000474,0.999925,154.278915,420.679077,101.311859
978,9.780000,0.009040,-0.008267,0.000497,0.999925,154.281677,420.675934,101.303299
979,9.790000,0.009026,-0.008193,0.000318,0.999926,154.271118,420.676086,101.316940
980,9.800000,0.008988,-0.008381,0.000708,0.999924,154.235657,420.670197,101.343826
981,9.810000,0.009099,-0.008443,0.000656,0.999923,154.206909,420.649048,101.355003
982,9.820000,0.009093,-0.008443,0.000705,0.999923,154.178467,420.636536,101.363701
983,9.830000,0.009080,-0.008472,0.000838,0.999923,154.161057,420.632843,101.355476
984,9.840000,0.009026,-0.008462,0.000935,0.999923,154.158646,420.640167,101.336838
985,9.850000,0.008870,-0.008421,0.000975,0.999925,154.170685,420.659363,101.325867
986,9.860000,0.008878,-0.008433,0.001003,0.999925,154.186447,420.667572,101.316650
987,9.870000,0.008906,-0.008349,0.000845,0.999925,154.219772,420.670227,101.318146
988,9.880000,0.008954,-0.008476,0.000823,0.999924,154.240036,420.669159,101.329887
989,9.890000,0.008998,-0.008485,0.000720,0.999923,154.259399,420.669891,101.343987
990,9.900000,0.009003,-0.008551,0.000675,0.999923,154.270859,420.667755,101.350349
991,9.910000,0.008984,-0.008556,0.000717,0.999923,154.262863,420.667206,101.345985
992,9.920000,0.008961,-0.008512,0.000876,0.999923,154.237656,420.667603,101.335777
993,9.930000,0.008890,-0.008527,0.000957,0.999924,154.211868,420.667480,101.319992
994,9.940000,0.008873,-0.008406,0.000969,0.999925,154.182190,420.666473,101.314758
995,9.950000,0.008863,-0.008445,0.000994,0.999925,154.165909,420.659332,101.317772
996,9.960000,0.009011,-0.008524,0.000971,0.999923,154.155960,420.641571,101.326180
997,9.970000,0.009068,-0.008529,0.000890,0.999922,154.161133,420.634857,101.340172
998,9.980000,0.009095,-0.008518,0.000769,0.999922,154.181808,420.637634,101.346062
999,9.990000,0.009099,-0.008452,0.000754,0.999923,154.200180,420.645813,101.338852
1000,10.000000,0.008961,-0.008461,0.000797,0.999924,154.225388,420.665894,101.325996
1001,10.010000,0.009002,-0.008311,0.000428,0.999925,154.249435,420.672913,101.302788
1002,10.020000,0.009030,-0.008279,0.000454,0.999925,154.258606,420.672729,101.290009
1003,10.030000,0.009012,-0.008303,0.000436,0.999925,154.248856,420.672241,101.299316
1004,10.040000,0.008954,-0.008498,0.000871,0.999923,154.226791,420.666870,101.322342
1005,10.050000,0.008989,-0.008521,0.000902,0.999923,154.201828,420.657471,101.342789
1006,10.060000,0.009092,-0.008565,0.000805,0.999922,154.186569,420.640808,101.341759
1007,10.070000,0.009083,-0.008572,0.000866,0.999922,154.172958,420.637756,101.336746
1008,10.080000,0.009042,-0.008542,0.000927,0.999922,154.169113,420.640564,101.323685
1009,10.090000,0.008867,-0.008498,0.001002,0.999924,154.175522,420.657318,101.314056
1010,10.100000,0.008949,-0.008316,0.000917,0.999925,154.191986,420.657440,101.301239
1011,10.110000,0.008880,-0.008444,0.000996,0.999924,154.201965,420.666687,101.308853
1012,10.120000,0.008920,-0.008501,0.000910,0.999924,154.217728,420.666351,101.317657
1013,10.130000,0.008945,-0.008535,0.000760,0.999923,154.233109,420.663635,101.327522
1014,10.140000,0.009109,-0.008514,0.000687,0.999922,154.231476,420.654388,101.327995
1015,10.150000,0.009013,-0.008537,0.000789,0.999923,154.225815,420.662415,101.330177
1016,10.160000,0.009060,-0.008307,0.000424,0.999924,154.212524,420.661285,101.316803
1017,10.170000,0.008914,-0.008491,0.000843,0.999924,154.201004,420.662170,101.310204
1018,10.180000,0.008886,-0.008482,0.001015,0.999924,154.180084,420.661957,101.307289
1019,10.190000,0.008879,-0.008423,0.001003,0.999925,154.168091,420.660065,101.311623
1020,10.200000,0.008990,-0.008486,0.000913,0.999923,154.169510,420.646942,101.313431
1021,10.210000,0.009035,-0.008525,0.000867,0.999923,154.175125,420.640930,101.323112
1022,10.220000,0.009060,-0.008550,0.000823,0.999922,154.187714,420.640137,101.327843
1023,10.230000,0.008981,-0.008540,0.000906,0.999923,154.198715,420.653748,101.331726
1024,10.240000,0.009058,-0.008247,0.000388,0.999925,154.221848,420.662262,101.316422
1025,10.250000,0.009020,-0.008337,0.000431,0.999925,154.235519,420.668152,101.298813
1026,10.260000,0.008993,-0.008360,0.000493,0.999925,154.240753,420.670410,101.289963
1027,10.270000,0.009006,-0.008344,0.000441,0.999925,154.235901,420.669586,101.291145
1028,10.280000,0.009043,-0.008218,0.000343,0.999925,154.223434,420.665283,101.304298
1029,10.290000,0.009044,-0.008552,0.000813,0.999922,154.200714,420.647980,101.317589
1030,10.300000,0.008965,-0.008590,0.000896,0.999923,154.185471,420.648987,101.332939
1031,10.310000,0.009041,-0.008572,0.000903,0.999922,154.171936,420.638245,101.327850
1032,10.320000,0.009034,-0.008512,0.000979,0.999923,154.160599,420.640717,101.319405
1033,10.330000,0.008882,-0.008447,0.001005,0.999924,154.161972,420.656799,101.310371
1034,10.340000,0.008861,-0.008334,0.000908,0.999926,154.177353,420.662201,101.301132
1035,10.350000,0.008873,-0.008477,0.001021,0.999924,154.186783,420.662262,101.301346
1036,10.360000,0.009022,-0.008254,0.000466,0.999925,154.210556,420.661621,101.304230
1037,10.370000,0.008967,-0.008529,0.000815,0.999923,154.219055,420.663055,101.316879
1038,10.380000,0.009088,-0.008362,0.000370,0.999924,154.227966,420.660461,101.317917
1039,10.390000,0.009082,-0.008247,0.000279,0.999925,154.235489,420.661987,101.315353
1040,10.400000,0.009054,-0.008312,0.000378,0.999924,154.225296,420.664124,101.307220
1041,10.410000,0.008918,-0.008382,0.000774,0.999925,154.218521,420.666656,101.302856
1042,10.420000,0.008975,-0.008140,0.000424,0.999927,154.202652,420.664856,101.294838
1043,10.430000,0.008869,-0.008450,0.001010,0.999925,154.174698,420.660522,101.302727
1044,10.440000,0.008869,-0.008506,0.000969,0.999924,154.167770,420.654633,101.310089
1045,10.450000,0.009002,-0.008601,0.000979,0.999922,154.162415,420.640472,101.314140
1046,10.460000,0.009063,-0.008571,0.000943,0.999922,154.161926,420.638306,101.319519
1047,10.470000,0.009062,-0.008552,0.000919,0.999922,154.173477,420.640991,101.316360
1048,10.480000,0.009036,-0.008232,0.000267,0.999925,154.206070,420.655945,101.305641
1049,10.490000,0.009016,-0.008352,0.000507,0.999924,154.208908,420.664490,101.296097
1050,10.500000,0.008986,-0.008354,0.000496,0.999925,154.224991,420.666748,101.286339
1051,10.510000,0.008993,-0.008345,0.000462,0.999925,154.228592,420.666626,101.287827
1052,10.520000,0.009011,-0.008478,0.000555,0.999923,154.215942,420.662598,101.295845
1053,10.530000,0.009051,-0.008355,0.000439,0.999924,154.205826,420.659729,101.308319
1054,10.540000,0.009059,-0.008545,0.000860,0.999922,154.190964,420.648102,101.314949
1055,10.550000,0.008942,-0.008612,0.000919,0.999923,154.182938,420.651245,101.320145
1056,10.560000,0.009014,-0.008524,0.000974,0.999923,154.169495,420.643768,101.310547
1057,10.570000,0.009001,-0.008494,0.001001,0.999923,154.166306,420.645874,101.299767
1058,10.580000,0.008879,-0.008362,0.000891,0.999925,154.179047,420.660248,101.296799
1059,10.590000,0.008973,-0.008166,0.000444,0.999926,154.189636,420.661469,101.290726
1060,10.600000,0.009002,-0.008141,0.000357,0.999926,154.202591,420.660645,101.294846
1061,10.610000,0.009053,-0.008199,0.000304,0.999925,154.213608,420.658325,101.304184
1062,10.620000,0.009064,-0.008339,0.000374,0.999924,154.213486,420.659302,101.309692
1063,10.630000,0.009154,-0.008358,0.000398,0.999923,154.211090,420.649994,101.304108
1064,10.640000,0.008926,-0.008535,0.000873,0.999923,154.205231,420.661865,101.308243
1065,10.650000,0.008968,-0.008435,0.000520,0.999924,154.207611,420.659790,101.292877
1066,10.660000,0.008971,-0.008327,0.000577,0.999925,154.184204,420.660034,101.290688
1067,10.670000,0.008985,-0.008296,0.000588,0.999925,154.172211,420.657074,101.291992
1068,10.680000,0.008995,-0.008500,0.001001,0.999923,154.165695,420.646851,101.297226
1069,10.690000,0.009023,-0.008508,0.000961,0.999923,154.167374,420.642944,101.306618
1070,10.700000,0.009034,-0.008609,0.000881,0.999922,154.179245,420.641235,101.309296
1071,10.710000,0.009047,-0.008575,0.000900,0.999922,154.186127,420.644470,101.308746
1072,10.720000,0.009137,-0.008333,0.000455,0.999923,154.197083,420.647308,101.294846
1073,10.730000,0.009002,-0.008326,0.000420,0.999925,154.216461,420.661469,101.289658
1074,10.740000,0.009025,-0.008329,0.000448,0.999925,154.225769,420.663055,101.278542
1075,10.750000,0.009028,-0.008303,0.000428,0.999925,154.224396,420.662842,101.278534
1076,10.760000,0.009003,-0.008332,0.000407,0.999925,154.214615,420.662262,101.287758
1077,10.770000,0.009052,-0.008207,0.000290,0.999925,154.200806,420.657562,101.301910
1078,10.780000,0.009044,-0.008469,0.000792,0.999923,154.180328,420.645386,101.307167
1079,10.790000,0.009030,-0.008620,0.000882,0.999922,154.174530,420.641022,101.305428
1080,10.800000,0.009018,-0.008539,0.000941,0.999923,154.165375,420.642273,101.302750
1081,10.810000,0.008977,-0.008537,0.000933,0.999923,154.170273,420.645111,101.293907
1082,10.820000,0.008875,-0.008340,0.000860,0.999925,154.179718,420.659241,101.295815
1083,10.830000,0.008991,-0.008134,0.000370,0.999926,154.190125,420.659485,101.289673
1084,10.840000,0.009022,-0.008201,0.000360,0.999926,154.201126,420.659973,101.293716
1085,10.850000,0.008926,-0.008467,0.000830,0.999924,154.209106,420.661011,101.303780
1086,10.860000,0.009164,-0.008201,0.000217,0.999924,154.216415,420.648315,101.297485
1087,10.870000,0.009168,-0.008232,0.000280,0.999924,154.216812,420.648834,101.295914
1088,10.880000,0.008938,-0.008417,0.000721,0.999924,154.215179,420.663513,101.301880
1089,10.890000,0.009011,-0.008167,0.000322,0.999926,154.206467,420.661713,101.289703
1090,10.900000,0.009004,-0.008140,0.000326,0.999926,154.197266,420.661743,101.284698
1091,10.910000,0.008995,-0.008115,0.000346,0.999927,154.186920,420.659576,101.285332
1092,10.920000,0.009097,-0.008215,0.000392,0.999925,154.172348,420.647125,101.285370
1093,10.930000,0.009129,-0.008249,0.000397,0.999924,154.168884,420.642456,101.294601
1094,10.940000,0.009033,-0.008584,0.000878,0.999922,154.174164,420.640137,101.302414
1095,10.950000,0.009025,-0.008634,0.000883,0.999922,154.180969,420.641937,101.302483
1096,10.960000,0.009041,-0.008392,0.000494,0.999924,154.186035,420.654236,101.300041
1097,10.970000,0.009020,-0.008383,0.000445,0.999924,154.200851,420.658508,101.289589
1098,10.980000,0.008990,-0.008334,0.000432,0.999925,154.209488,420.662506,101.281647
1099,10.990000,0.008988,-0.008341,0.000473,0.999925,154.214417,420.662750,101.279999
1100,11.000000,0.008992,-0.008319,0.000423,0.999925,154.211273,420.660797,101.284996
1101,11.010000,0.009139,-0.008221,0.000298,0.999924,154.203171,420.649048,101.289413
1102,11.020000,0.009058,-0.008501,0.000781,0.999923,154.187546,420.647400,101.300240
1103,11.030000,0.009048,-0.008547,0.000858,0.999922,154.177551,420.644775,101.302040
1104,11.040000,0.009027,-0.008571,0.000935,0.999922,154.168808,420.643311,101.297508
1105,11.050000,0.009006,-0.008261,0.000435,0.999925,154.169235,420.654449,101.293640
1106,11.060000,0.008988,-0.008301,0.000524,0.999925,154.170502,420.656372,101.288155
1107,11.070000,0.009074,-0.008326,0.000493,0.999924,154.182770,420.647705,101.278465
1108,11.080000,0.009116,-0.008207,0.000341,0.999925,154.194031,420.648407,101.283798
1109,11.090000,0.009151,-0.008224,0.000278,0.999924,154.203796,420.648499,101.290604
1110,11.100000,0.009159,-0.008394,0.000312,0.999923,154.210373,420.647675,101.291588
1111,11.110000,0.009178,-0.008264,0.000215,0.999924,154.212936,420.649078,101.295532
1112,11.120000,0.009039,-0.008581,0.000740,0.999922,154.209183,420.650330,101.294159
1113,11.130000,0.008914,-0.008590,0.000817,0.999923,154.201660,420.659790,101.296135
1114,11.140000,0.009109,-0.008290,0.000282,0.999924,154.189453,420.648224,101.281570
1115,11.150000,0.009005,-0.008336,0.000672,0.999925,154.179947,420.651001,101.288795
1116,11.160000,0.008989,-0.008472,0.000849,0.999923,154.166473,420.647064,101.292732
1117,11.170000,0.009021,-0.008511,0.000832,0.999923,154.164001,420.643951,101.298607
1118,11.180000,0.009040,-0.008610,0.000915,0.999922,154.166885,420.642029,101.302567
1119,11.190000,0.009053,-0.008630,0.000896,0.999921,154.176529,420.643494,101.303322
1120,11.200000,0.009052,-0.008627,0.000847,0.999922,154.188049,420.647064,101.300064
1121,11.210000,0.009044,-0.008406,0.000320,0.999924,154.210464,420.659271,101.293915
1122,11.220000,0.008938,-0.008563,0.000661,0.999923,154.219177,420.666199,101.293449
1123,11.230000,0.009049,-0.008224,0.000220,0.999925,154.218948,420.665527,101.291908
1124,11.240000,0.009139,-0.008357,0.000267,0.999923,154.213547,420.651489,101.285324
1125,11.250000,0.009065,-0.008433,0.000615,0.999923,154.201477,420.649109,101.296875
1126,11.260000,0.009065,-0.008461,0.000667,0.999923,154.187042,420.645081,101.302429
1127,11.270000,0.009075,-0.008497,0.000748,0.999923,154.168091,420.644409,101.305237
1128,11.280000,0.009047,-0.008529,0.000763,0.999923,154.159424,420.643250,101.302017
1129,11.290000,0.009028,-0.008532,0.000793,0.999923,154.159103,420.644043,101.297218
1130,11.300000,0.009025,-0.008399,0.000701,0.999924,154.172287,420.646301,101.293457
1131,11.310000,0.009020,-0.008412,0.000708,0.999924,154.184113,420.648865,101.290581
1132,11.320000,0.009025,-0.008565,0.000748,0.999922,154.196472,420.649933,101.289894
1133,11.330000,0.009158,-0.008246,0.000183,0.999924,154.210159,420.650848,101.290863
1134,11.340000,0.009190,-0.008185,0.000023,0.999924,154.218643,420.652100,101.294373
1135,11.350000,0.009178,-0.008347,0.000123,0.999923,154.217941,420.650299,101.293243
1136,11.360000,0.009171,-0.008364,0.000152,0.999923,154.212494,420.649658,101.292145
1137,11.370000,0.008946,-0.008485,0.000704,0.999924,154.201492,420.661041,101.303505
1138,11.380000,0.009019,-0.008547,0.000724,0.999923,154.186829,420.648773,101.292130
1139,11.390000,0.009033,-0.008438,0.000696,0.999923,154.173218,420.646637,101.293793
1140,11.400000,0.009040,-0.008514,0.000735,0.999923,154.156433,420.643951,101.295799
1141,11.410000,0.009068,-0.008402,0.000628,0.999923,154.153717,420.644470,101.302910
1142,11.420000,0.009063,-0.008533,0.000708,0.999922,154.160614,420.642700,101.303551
1143,11.430000,0.009064,-0.008610,0.000767,0.999922,154.173889,420.643372,101.302307
1144,11.440000,0.009054,-0.008606,0.000737,0.999922,154.187820,420.648407,101.299164
1145,11.450000,0.009168,-0.008217,0.000130,0.999924,154.209457,420.652740,101.289772
1146,11.460000,0.009035,-0.008597,0.000672,0.999922,154.216675,420.655304,101.288063
1147,11.470000,0.009046,-0.008421,0.000269,0.999924,154.219833,420.662842,101.290024
1148,11.480000,0.008947,-0.008613,0.000683,0.999923,154.216934,420.662903,101.296608
1149,11.490000,0.009144,-0.008442,0.000272,0.999923,154.207031,420.648956,101.291245
1150,11.500000,0.009099,-0.008357,0.000470,0.999924,154.194824,420.650757,101.301353
1151,11.510000,0.009068,-0.008594,0.000715,0.999922,154.169464,420.645844,101.303261
1152,11.520000,0.009060,-0.008591,0.000734,0.999922,154.158340,420.643616,101.302879
1153,11.530000,0.009040,-0.008540,0.000727,0.999923,154.152817,420.642761,101.300941
1154,11.540000,0.009031,-0.008532,0.000757,0.999923,154.155365,420.641968,101.298805
1155,11.550000,0.009026,-0.008523,0.000788,0.999923,154.160172,420.642670,101.296509
1156,11.560000,0.009036,-0.008554,0.000740,0.999922,154.171997,420.645996,101.294937
1157,11.570000,0.009045,-0.008598,0.000691,0.999922,154.189743,420.647705,101.293167
1158,11.580000,0.009054,-0.008628,0.000693,0.999922,154.205521,420.649902,101.293442
1159,11.590000,0.009057,-0.008648,0.000684,0.999921,154.215652,420.651855,101.293068
1160,11.600000,0.009062,-0.008451,0.000251,0.999923,154.221695,420.660950,101.293083
1161,11.610000,0.009061,-0.008429,0.000214,0.999923,154.220505,420.661163,101.289940
1162,11.620000,0.008944,-0.008611,0.000662,0.999923,154.212906,420.661926,101.291786
1163,11.630000,0.009142,-0.008366,0.000184,0.999923,154.200546,420.648834,101.280891
1164,11.640000,0.009069,-0.008327,0.000459,0.999924,154.186417,420.648834,101.289276
1165,11.650000,0.009055,-0.008470,0.000632,0.999923,154.168915,420.646362,101.295181
1166,11.660000,0.009067,-0.008529,0.000696,0.999922,154.160660,420.643463,101.300354
1167,11.670000,0.009054,-0.008584,0.000780,0.999922,154.157669,420.640930,101.303322
1168,11.680000,0.009050,-0.008561,0.000779,0.999922,154.157791,420.640381,101.302139
1169,11.690000,0.009046,-0.008549,0.000739,0.999922,154.163940,420.643524,101.297707
1170,11.700000,0.009045,-0.008601,0.000744,0.999922,154.176300,420.647949,101.292015
1171,11.710000,0.009043,-0.008621,0.000685,0.999922,154.196075,420.650787,101.286949
1172,11.720000,0.009159,-0.008410,0.000196,0.999923,154.206787,420.650391,101.282898
1173,11.730000,0.009068,-0.008575,0.000571,0.999922,154.212143,420.652313,101.288902
1174,11.740000,0.009051,-0.008601,0.000635,0.999922,154.210541,420.651367,101.291603
1175,11.750000,0.009059,-0.008474,0.000603,0.999923,154.202026,420.650391,101.297173
1176,11.760000,0.009052,-0.008587,0.000716,0.999922,154.184158,420.647552,101.297386
1177,11.770000,0.009035,-0.008601,0.000739,0.999922,154.179764,420.644928,101.293686
1178,11.780000,0.009037,-0.008579,0.000788,0.999922,154.167404,420.646027,101.294563
1179,11.790000,0.009035,-0.008590,0.000810,0.999922,154.163467,420.645844,101.293419
1180,11.800000,0.009035,-0.008426,0.000635,0.999924,154.174210,420.646149,101.292374
1181,11.810000,0.009046,-0.008641,0.000760,0.999922,154.181061,420.645416,101.290329
1182,11.820000,0.009054,-0.008658,0.000723,0.999921,154.190887,420.646606,101.290604
1183,11.830000,0.009054,-0.008649,0.000692,0.999921,154.201218,420.648468,101.291786
1184,11.840000,0.009174,-0.008376,0.000116,0.999923,154.209915,420.648438,101.286751
1185,11.850000,0.009169,-0.008382,0.000145,0.999923,154.208817,420.648865,101.285927
1186,11.860000,0.009162,-0.008354,0.000132,0.999923,154.205765,420.649841,101.284355
1187,11.870000,0.009043,-0.008567,0.000643,0.999922,154.193436,420.649567,101.288445
1188,11.880000,0.009040,-0.008447,0.000669,0.999923,154.172867,420.649567,101.293709
1189,11.890000,0.009032,-0.008543,0.000762,0.999923,154.157898,420.643585,101.295494
1190,11.900000,0.009047,-0.008575,0.000770,0.999922,154.152161,420.641632,101.297501
1191,11.910000,0.009057,-0.008581,0.000738,0.999922,154.155167,420.642029,101.298256
1192,11.920000,0.009066,-0.008508,0.000663,0.999923,154.169540,420.642975,101.296341
1193,11.930000,0.009025,-0.008674,0.000780,0.999921,154.176163,420.645447,101.289909
1194,11.940000,0.009140,-0.008350,0.000200,0.999923,154.198608,420.647614,101.280319
1195,11.950000,0.009152,-0.008334,0.000129,0.999923,154.211090,420.651459,101.278374
1196,11.960000,0.009046,-0.008378,0.000179,0.999924,154.218613,420.662048,101.285995
1197,11.970000,0.009149,-0.008390,0.000169,0.999923,154.218033,420.651703,101.282249
1198,11.980000,0.009171,-0.008409,0.000196,0.999923,154.211105,420.647614,101.283646
1199,11.990000,0.009174,-0.008425,0.000200,0.999922,154.194672,420.645477,101.286621
1200,12.000000,0.009062,-0.008750,0.000787,0.999920,154.172577,420.645386,101.291061
1201,12.010000,0.009033,-0.008748,0.000864,0.999921,154.158844,420.643005,101.290962
1202,12.020000,0.009035,-0.008625,0.000845,0.999922,154.151749,420.642090,101.292130
1203,12.030000,0.009034,-0.008558,0.000799,0.999922,154.152802,420.642731,101.292557
1204,12.040000,0.009021,-0.008525,0.000749,0.999923,154.159485,420.643829,101.292221
1205,12.050000,0.009018,-0.008525,0.000666,0.999923,154.177643,420.645020,101.289436
1206,12.060000,0.009057,-0.008413,0.000546,0.999923,154.189270,420.649658,101.291954
1207,12.070000,0.009151,-0.008357,0.000160,0.999923,154.199814,420.648071,101.285004
1208,12.080000,0.009042,-0.008598,0.000641,0.999922,154.204529,420.650574,101.286720
1209,12.090000,0.009059,-0.008440,0.000543,0.999923,154.206879,420.654358,101.288971
1210,12.100000,0.009151,-0.008416,0.000226,0.999923,154.204102,420.649261,101.280365
1211,12.110000,0.009047,-0.008589,0.000646,0.999922,154.197754,420.649353,101.283501
1212,12.120000,0.009043,-0.008421,0.000584,0.999923,154.188248,420.650726,101.288216
1213,12.130000,0.009045,-0.008430,0.000602,0.999923,154.177948,420.647949,101.290283
1214,12.140000,0.009046,-0.008414,0.000578,0.999924,154.172241,420.645844,101.292793
1215,12.150000,0.009034,-0.008573,0.000719,0.999922,154.172424,420.643463,101.291481
1216,12.160000,0.009025,-0.008559,0.000751,0.999922,154.169815,420.643951,101.292892
1217,12.170000,0.009037,-0.008412,0.000612,0.999924,154.181366,420.646301,101.291603
1218,12.180000,0.009035,-0.008398,0.000553,0.999924,154.187424,420.649353,101.288422
1219,12.190000,0.009129,-0.008363,0.000221,0.999923,154.190369,420.648041,101.279594
1220,12.200000,0.009152,-0.008356,0.000148,0.999923,154.195251,420.648102,101.279007
1221,12.210000,0.009052,-0.008408,0.000536,0.999924,154.195724,420.651764,101.287140
1222,12.220000,0.009031,-0.008575,0.000689,0.999922,154.192612,420.648193,101.287148
1223,12.230000,0.009039,-0.008605,0.000711,0.999922,154.188538,420.645081,101.288094
1224,12.240000,0.009040,-0.008639,0.000753,0.999922,154.182831,420.645264,101.288254
1225,12.250000,0.009044,-0.008435,0.000601,0.999923,154.178909,420.648163,101.289459
1226,12.260000,0.009020,-0.008519,0.000647,0.999923,154.176529,420.646484,101.286758
1227,12.270000,0.009007,-0.008707,0.000868,0.999921,154.167938,420.644836,101.285210
1228,12.280000,0.009132,-0.008362,0.000235,0.999923,154.177292,420.642059,101.280907
1229,12.290000,0.009042,-0.008526,0.000628,0.999923,154.182098,420.644714,101.285057
1230,12.300000,0.009020,-0.008570,0.000688,0.999922,154.187775,420.646545,101.285622
1231,12.310000,0.009041,-0.008660,0.000735,0.999921,154.194687,420.647614,101.285187
1232,12.320000,0.009043,-0.008663,0.000706,0.999921,154.200073,420.649200,101.284500
1233,12.330000,0.009142,-0.008436,0.000250,0.999923,154.203659,420.649292,101.280396
1234,12.340000,0.009052,-0.008431,0.000547,0.999923,154.200912,420.653870,101.286697
1235,12.350000,0.009132,-0.008352,0.000194,0.999923,154.194992,420.647552,101.279488
1236,12.360000,0.009022,-0.008723,0.000819,0.999921,154.177917,420.645355,101.285461
1237,12.370000,0.009023,-0.008571,0.000681,0.999922,154.173859,420.644562,101.286011
1238,12.380000,0.009023,-0.008529,0.000708,0.999923,154.159088,420.643677,101.290146
1239,12.390000,0.009034,-0.008387,0.000571,0.999924,154.162994,420.644318,101.291183
1240,12.400000,0.009036,-0.008548,0.000733,0.999922,154.158844,420.644287,101.290543
1241,12.410000,0.009031,-0.008582,0.000721,0.999922,154.171310,420.642944,101.286095
1242,12.420000,0.009138,-0.008391,0.000256,0.999923,154.179779,420.643127,101.280411
1243,12.430000,0.009034,-0.008569,0.000660,0.999922,154.189392,420.647278,101.282089
1244,12.440000,0.009140,-0.008429,0.000256,0.999923,154.199615,420.647308,101.276764
1245,12.450000,0.009149,-0.008387,0.000160,0.999923,154.208832,420.649200,101.276558
1246,12.460000,0.009170,-0.008278,0.000139,0.999924,154.208664,420.651550,101.280327
1247,12.470000,0.009163,-0.008175,0.000037,0.999925,154.205399,420.653046,101.281052
1248,12.480000,0.009040,-0.008512,0.000580,0.999923,154.196106,420.650238,101.284065
1249,12.490000,0.009045,-0.008498,0.000657,0.999923,154.185135,420.648224,101.287048
1250,12.500000,0.009020,-0.008597,0.000756,0.999922,154.173721,420.643555,101.284981
1251,12.510000,0.009015,-0.008725,0.000864,0.999921,154.157974,420.640717,101.283928
1252,12.520000,0.009029,-0.008411,0.000635,0.999924,154.161804,420.643311,101.287399
1253,12.530000,0.009059,-0.008309,0.000507,0.999924,154.165100,420.646393,101.288132
1254,12.540000,0.009019,-0.008630,0.000759,0.999922,154.165482,420.644135,101.284874
1255,12.550000,0.009026,-0.008598,0.000727,0.999922,154.182724,420.646210,101.283142
1256,12.560000,0.009155,-0.008258,0.000151,0.999924,154.193359,420.647827,101.281372
1257,12.570000,0.009159,-0.008153,0.000027,0.999925,154.199005,420.650208,101.280052
1258,12.580000,0.009134,-0.008304,0.000139,0.999924,154.201462,420.648743,101.277237
1259,12.590000,0.009163,-0.008247,0.000130,0.999924,154.200485,420.650208,101.279861
1260,12.600000,0.009137,-0.008338,0.000182,0.999923,154.196930,420.648010,101.277428
1261,12.610000,0.009138,-0.008379,0.000251,0.999923,154.188034,420.645508,101.278038
1262,12.620000,0.009025,-0.008593,0.000720,0.999922,154.179199,420.645660,101.283539
1263,12.630000,0.009040,-0.008394,0.000626,0.999924,154.172867,420.647888,101.288315
1264,12.640000,0.009025,-0.008574,0.000729,0.999922,154.168961,420.644073,101.285088
1265,12.650000,0.009020,-0.008720,0.000834,0.999921,154.165009,420.642975,101.283897
1266,12.660000,0.009017,-0.008720,0.000845,0.999921,154.169403,420.643372,101.282394
1267,12.670000,0.009037,-0.008409,0.000592,0.999924,154.184769,420.648560,101.283340
1268,12.680000,0.009135,-0.008509,0.000325,0.999922,154.182617,420.645844,101.275124
1269,12.690000,0.009136,-0.008386,0.000206,0.999923,154.192978,420.647125,101.273880
1270,12.700000,0.009133,-0.008345,0.000161,0.999923,154.194458,420.646912,101.275078
1271,12.710000,0.009027,-0.008571,0.000662,0.999922,154.192902,420.647888,101.280800
1272,12.720000,0.009017,-0.008616,0.000732,0.999922,154.188660,420.647430,101.282593
1273,12.730000,0.009023,-0.008630,0.000749,0.999922,154.183075,420.646240,101.282913
1274,12.740000,0.009124,-0.008397,0.000278,0.999923,154.178940,420.644135,101.279243
1275,12.750000,0.009029,-0.008446,0.000652,0.999923,154.177521,420.646301,101.285233
1276,12.760000,0.009006,-0.008577,0.000768,0.999922,154.174606,420.644897,101.283127
1277,12.770000,0.009013,-0.008574,0.000721,0.999922,154.176559,420.645477,101.282051
1278,12.780000,0.009013,-0.008558,0.000714,0.999923,154.180115,420.646271,101.282730
1279,12.790000,0.009135,-0.008359,0.000223,0.999923,154.184570,420.643829,101.277344
1280,12.800000,0.009143,-0.008324,0.000141,0.999924,154.187668,420.643707,101.276054
1281,12.810000,0.009151,-0.008341,0.000121,0.999923,154.189941,420.645447,101.274864
1282,12.820000,0.009061,-0.008391,0.000476,0.999924,154.190079,420.650604,101.280815
1283,12.830000,0.009143,-0.008365,0.000182,0.999923,154.190201,420.646912,101.274643
1284,12.840000,0.009039,-0.008564,0.000616,0.999922,154.187622,420.646729,101.277977
1285,12.850000,0.009127,-0.008382,0.000241,0.999923,154.184723,420.643982,101.274368
1286,12.860000,0.009007,-0.008527,0.000640,0.999923,154.182327,420.645721,101.279724
1287,12.870000,0.009109,-0.008367,0.000270,0.999923,154.180664,420.644318,101.277275
1288,12.880000,0.009047,-0.008322,0.000501,0.999924,154.177887,420.649078,101.285027
1289,12.890000,0.009017,-0.008542,0.000689,0.999923,154.177231,420.645874,101.282394
1290,12.900000,0.009009,-0.008721,0.000862,0.999921,154.170593,420.644531,101.281662
1291,12.910000,0.009015,-0.008622,0.000760,0.999922,154.178024,420.644806,101.281479
1292,12.920000,0.009016,-0.008632,0.000777,0.999922,154.181473,420.644989,101.279549
1293,12.930000,0.009015,-0.008613,0.000749,0.999922,154.187134,420.646973,101.279366
1294,12.940000,0.009015,-0.008612,0.000720,0.999922,154.190277,420.648468,101.279152
1295,12.950000,0.009039,-0.008385,0.000228,0.999924,154.191559,420.656128,101.281403
1296,12.960000,0.009044,-0.008398,0.000539,0.999924,154.190704,420.650635,101.283081
1297,12.970000,0.009138,-0.008241,0.000172,0.999924,154.188843,420.647339,101.279808
1298,12.980000,0.009140,-0.008362,0.000201,0.999923,154.184708,420.644592,101.276482
1299,12.990000,0.009130,-0.008351,0.000232,0.999923,154.181671,420.643585,101.274284
1300,13.000000,0.009119,-0.008371,0.000296,0.999923,154.179779,420.640564,101.275658
1301,13.010000,0.009131,-0.008362,0.000241,0.999923,154.173920,420.639679,101.274353
1302,13.020000,0.009048,-0.008545,0.000573,0.999922,154.173065,420.646393,101.279373
1303,13.030000,0.009037,-0.008405,0.000530,0.999924,154.174759,420.649963,101.278145
1304,13.040000,0.009120,-0.008314,0.000176,0.999924,154.175446,420.643250,101.275238
1305,13.050000,0.009015,-0.008566,0.000706,0.999923,154.181915,420.644226,101.276665
1306,13.060000,0.008996,-0.008580,0.000757,0.999923,154.183762,420.643982,101.276520
1307,13.070000,0.008995,-0.008573,0.000735,0.999923,154.186523,420.645782,101.275230
1308,13.080000,0.009126,-0.008373,0.000229,0.999923,154.188950,420.649475,101.272987
1309,13.090000,0.009136,-0.008360,0.000181,0.999923,154.189270,420.647003,101.272118
1310,13.100000,0.009140,-0.008365,0.000180,0.999923,154.190552,420.645020,101.275002
1311,13.110000,0.009030,-0.008610,0.000732,0.999922,154.186722,420.647949,101.279434
1312,13.120000,0.009135,-0.008321,0.000288,0.999924,154.184067,420.643738,101.279625
1313,13.130000,0.009119,-0.008420,0.000375,0.999923,154.186020,420.642151,101.273636
1314,13.140000,0.009012,-0.008623,0.000814,0.999922,154.183044,420.642517,101.278824
1315,13.150000,0.009122,-0.008415,0.000300,0.999923,154.180679,420.645203,101.270271
1316,13.160000,0.008992,-0.008585,0.000750,0.999923,154.179947,420.647247,101.278419
1317,13.170000,0.009116,-0.008355,0.000228,0.999924,154.180847,420.643890,101.271088
1318,13.180000,0.009122,-0.008376,0.000292,0.999923,154.173935,420.643066,101.276123
1319,13.190000,0.009107,-0.008314,0.000227,0.999924,154.175156,420.638763,101.271088
1320,13.200000,0.009036,-0.008431,0.000626,0.999923,154.167343,420.640533,101.282982
1321,13.210000,0.009010,-0.008541,0.000669,0.999923,154.169708,420.646576,101.274712
1322,13.220000,0.009025,-0.008573,0.000625,0.999922,154.170563,420.644104,101.276192
1323,13.230000,0.009129,-0.008435,0.000282,0.999923,154.179382,420.644684,101.269501
1324,13.240000,0.009132,-0.008424,0.000271,0.999923,154.188782,420.647919,101.269806
1325,13.250000,0.009135,-0.008407,0.000253,0.999923,154.193970,420.647186,101.272469
1326,13.260000,0.009114,-0.008440,0.000332,0.999923,154.198441,420.647705,101.270218
1327,13.270000,0.009117,-0.008397,0.000307,0.999923,154.201935,420.643250,101.272972
1328,13.280000,0.009165,-0.008219,0.000103,0.999924,154.204208,420.648071,101.278564
1329,13.290000,0.009141,-0.008408,0.000212,0.999923,154.196106,420.651093,101.270447
1330,13.300000,0.009131,-0.008398,0.000205,0.999923,154.187943,420.645081,101.270607
1331,13.310000,0.009045,-0.008562,0.000614,0.999922,154.180740,420.645142,101.276649
1332,13.320000,0.009122,-0.008267,0.000248,0.999924,154.168564,420.643890,101.276886
1333,13.330000,0.009116,-0.008336,0.000228,0.999924,154.162979,420.637939,101.271866
1334,13.340000,0.009037,-0.008448,0.000626,0.999923,154.159637,420.642578,101.281219
1335,13.350000,0.009036,-0.008399,0.000574,0.999924,154.162170,420.644409,101.281326
1336,13.360000,0.009035,-0.008403,0.000518,0.999924,154.167892,420.642609,101.279404
1337,13.370000,0.009114,-0.008342,0.000158,0.999924,154.175522,420.644226,101.269112
1338,13.380000,0.009141,-0.008318,0.000083,0.999924,154.186218,420.648468,101.267052
1339,13.390000,0.009143,-0.008406,0.000212,0.999923,154.192184,420.645660,101.269012
1340,13.400000,0.009126,-0.008417,0.000250,0.999923,154.196884,420.645905,101.267120
1341,13.410000,0.009142,-0.008382,0.000183,0.999923,154.197327,420.647705,101.269997
1342,13.420000,0.009153,-0.008383,0.000177,0.999923,154.193710,420.648560,101.271530
1343,13.430000,0.009143,-0.008386,0.000167,0.999923,154.190201,420.647369,101.271599
1344,13.440000,0.009143,-0.008388,0.000202,0.999923,154.182755,420.643524,101.273270
1345,13.450000,0.009023,-0.008436,0.000668,0.999923,154.179352,420.647583,101.280685
1346,13.460000,0.008998,-0.008586,0.000803,0.999922,154.175797,420.645264,101.277916
1347,13.470000,0.008999,-0.008634,0.000819,0.999922,154.175323,420.646545,101.275841
1348,13.480000,0.009107,-0.008405,0.000302,0.999923,154.178802,420.645081,101.269203
1349,13.490000,0.009137,-0.008370,0.000182,0.999923,154.180878,420.641876,101.268501
1350,13.500000,0.009136,-0.008337,0.000138,0.999924,154.183807,420.644531,101.268379
1351,13.510000,0.009156,-0.008137,-0.000039,0.999925,154.184128,420.650299,101.272095
1352,13.520000,0.009136,-0.008297,0.000116,0.999924,154.183060,420.646210,101.269615
1353,13.530000,0.009122,-0.008316,0.000159,0.999924,154.180557,420.641632,101.270256
1354,13.540000,0.009009,-0.008540,0.000658,0.999923,154.174606,420.643768,101.275604
1355,13.550000,0.009007,-0.008546,0.000665,0.999923,154.169861,420.645386,101.275368
1356,13.560000,0.009011,-0.008584,0.000708,0.999922,154.164780,420.645233,101.275757
1357,13.570000,0.009116,-0.008415,0.000344,0.999923,154.166687,420.642151,101.274025
1358,13.580000,0.009019,-0.008479,0.000715,0.999923,154.172256,420.644073,101.281227
1359,13.590000,0.009106,-0.008408,0.000366,0.999923,154.179123,420.642700,101.274673
1360,13.600000,0.009123,-0.008429,0.000322,0.999923,154.186356,420.644989,101.271469
1361,13.610000,0.009127,-0.008425,0.000283,0.999923,154.194916,420.647430,101.269272
1362,13.620000,0.009137,-0.008412,0.000237,0.999923,154.201950,420.648041,101.265259
1363,13.630000,0.009125,-0.008394,0.000209,0.999923,154.204742,420.650452,101.265091
1364,13.640000,0.009120,-0.008395,0.000229,0.999923,154.201691,420.649994,101.265778
1365,13.650000,0.009129,-0.008347,0.000200,0.999923,154.194031,420.645508,101.268333
1366,13.660000,0.009126,-0.008333,0.000185,0.999924,154.181824,420.643463,101.269188
1367,13.670000,0.009136,-0.008336,0.000160,0.999924,154.169006,420.642822,101.269547
1368,13.680000,0.009047,-0.008366,0.000481,0.999924,154.157288,420.645691,101.276932
1369,13.690000,0.009003,-0.008617,0.000764,0.999922,154.144333,420.640228,101.275513
1370,13.700000,0.009016,-0.008421,0.000666,0.999924,154.150070,420.639618,101.279457
1371,13.710000,0.009118,-0.008326,0.000231,0.999924,154.158798,420.638092,101.272041
1372,13.720000,0.009031,-0.008562,0.000652,0.999922,154.169540,420.644470,101.275398
1373,13.730000,0.009127,-0.008404,0.000247,0.999923,154.183289,420.647675,101.270218
1374,13.740000,0.009133,-0.008423,0.000236,0.999923,154.195862,420.646881,101.269089
1375,13.750000,0.009157,-0.008388,0.000205,0.999923,154.208649,420.646332,101.265953
1376,13.760000,0.009126,-0.008404,0.000262,0.999923,154.211594,420.650482,101.267426
1377,13.770000,0.009121,-0.008362,0.000172,0.999923,154.207092,420.650726,101.264030
1378,13.780000,0.009123,-0.008352,0.000188,0.999924,154.196716,420.647766,101.267670
1379,13.790000,0.009126,-0.008374,0.000209,0.999923,154.183868,420.646057,101.266068
1380,13.800000,0.009135,-0.008341,0.000164,0.999923,154.171753,420.643158,101.269341
1381,13.810000,0.009127,-0.008350,0.000213,0.999923,154.159775,420.641571,101.268974
1382,13.820000,0.009122,-0.008325,0.000209,0.999924,154.152420,420.638763,101.270203
1383,13.830000,0.009004,-0.008655,0.000809,0.999922,154.144928,420.636627,101.274315
1384,13.840000,0.009110,-0.008307,0.000185,0.999924,154.158585,420.638367,101.267883
1385,13.850000,0.009131,-0.008297,0.000125,0.999924,154.168427,420.642303,101.266426
1386,13.860000,0.009134,-0.008314,0.000117,0.999924,154.182526,420.646881,101.265823
1387,13.870000,0.009005,-0.008618,0.000742,0.999922,154.193207,420.648712,101.269913
1388,13.880000,0.009109,-0.008448,0.000347,0.999923,154.201538,420.647522,101.268692
1389,13.890000,0.009136,-0.008424,0.000257,0.999923,154.201187,420.648804,101.269432
1390,13.900000,0.009135,-0.008401,0.000229,0.999923,154.197098,420.648285,101.271042
1391,13.910000,0.009025,-0.008600,0.000710,0.999922,154.189224,420.647461,101.275269
1392,13.920000,0.009014,-0.008644,0.000788,0.999922,154.179871,420.644836,101.274376
1393,13.930000,0.009007,-0.008648,0.000806,0.999922,154.170868,420.644562,101.273453
1394,13.940000,0.009112,-0.008415,0.000311,0.999923,154.165817,420.643921,101.268341
1395,13.950000,0.009013,-0.008565,0.000690,0.999923,154.164658,420.645386,101.272110
1396,13.960000,0.009117,-0.008341,0.000208,0.999924,154.166656,420.639832,101.267159
1397,13.970000,0.009126,-0.008332,0.000165,0.999924,154.171814,420.639679,101.267067
1398,13.980000,0.009126,-0.008305,0.000095,0.999924,154.178299,420.642914,101.265518
1399,13.990000,0.009155,-0.008175,0.000013,0.999925,154.184311,420.648438,101.266525
1400,14.000000,0.009146,-0.008320,0.000095,0.999924,154.189987,420.645935,101.261902
1401,14.010000,0.009124,-0.008390,0.000193,0.999923,154.190201,420.647003,101.262665
1402,14.020000,0.009125,-0.008380,0.000219,0.999923,154.187836,420.647186,101.264381
1403,14.030000,0.009127,-0.008390,0.000235,0.999923,154.182175,420.645905,101.267334
1404,14.040000,0.009132,-0.008393,0.000255,0.999923,154.176544,420.643158,101.270699
1405,14.050000,0.009034,-0.008599,0.000696,0.999922,154.171936,420.643280,101.276756
1406,14.060000,0.009013,-0.008774,0.000905,0.999920,154.162888,420.642426,101.278046
1407,14.070000,0.009118,-0.008466,0.000380,0.999923,154.171082,420.643158,101.273376
1408,14.080000,0.009118,-0.008391,0.000289,0.999923,154.175690,420.643555,101.271042
1409,14.090000,0.009123,-0.008400,0.000274,0.999923,154.179703,420.643860,101.268387
1410,14.100000,0.009125,-0.008386,0.000232,0.999923,154.184265,420.645538,101.265846
1411,14.110000,0.009124,-0.008362,0.000173,0.999923,154.187775,420.647339,101.264809
1412,14.120000,0.009149,-0.008183,0.000022,0.999925,154.188095,420.648926,101.266632
1413,14.130000,0.009135,-0.008324,0.000099,0.999924,154.186554,420.645599,101.264961
1414,14.140000,0.009138,-0.008329,0.000112,0.999924,154.181961,420.644775,101.266006
1415,14.150000,0.009027,-0.008397,0.000549,0.999924,154.177826,420.649963,101.273598
1416,14.160000,0.009121,-0.008345,0.000191,0.999924,154.172424,420.644806,101.265045
1417,14.170000,0.009133,-0.008353,0.000183,0.999923,154.167374,420.641479,101.264862
1418,14.180000,0.009116,-0.008332,0.000207,0.999924,154.167389,420.640594,101.266319
1419,14.190000,0.009126,-0.008358,0.000220,0.999923,154.168427,420.641846,101.267128
1420,14.200000,0.009128,-0.008388,0.000241,0.999923,154.174667,420.644714,101.268761
1421,14.210000,0.009131,-0.008392,0.000238,0.999923,154.182755,420.645630,101.269188
1422,14.220000,0.009130,-0.008415,0.000249,0.999923,154.190125,420.645111,101.268867
1423,14.230000,0.009134,-0.008426,0.000264,0.999923,154.195877,420.646912,101.266655
1424,14.240000,0.009146,-0.008257,0.000127,0.999924,154.196548,420.650665,101.268303
1425,14.250000,0.009124,-0.008360,0.000195,0.999923,154.194107,420.649414,101.265045
1426,14.260000,0.009121,-0.008381,0.000233,0.999923,154.188385,420.646210,101.264969
1427,14.270000,0.009121,-0.008359,0.000225,0.999923,154.180832,420.644348,101.266487
1428,14.280000,0.009125,-0.008364,0.000242,0.999923,154.169510,420.643402,101.268288
1429,14.290000,0.009018,-0.008573,0.000700,0.999922,154.162552,420.644287,101.274254
1430,14.300000,0.009019,-0.008449,0.000646,0.999923,154.159134,420.644287,101.276558
1431,14.310000,0.008997,-0.008576,0.000746,0.999923,154.159515,420.641083,101.273056
1432,14.320000,0.009100,-0.008377,0.000278,0.999923,154.164429,420.640900,101.266785
1433,14.330000,0.009126,-0.008345,0.000183,0.999924,154.172852,420.644165,101.264305
1434,14.340000,0.009136,-0.008210,0.000118,0.999925,154.182816,420.648895,101.265266
1435,14.350000,0.009125,-0.008321,0.000144,0.999924,154.190994,420.648193,101.263412
1436,14.360000,0.009128,-0.008379,0.000183,0.999923,154.197327,420.648773,101.264282
1437,14.370000,0.009135,-0.008393,0.000188,0.999923,154.197937,420.648712,101.264938
1438,14.380000,0.009134,-0.008402,0.000225,0.999923,154.193115,420.646912,101.266441
1439,14.390000,0.009131,-0.008399,0.000259,0.999923,154.189224,420.645203,101.267433
1440,14.400000,0.009127,-0.008394,0.000228,0.999923,154.181274,420.643921,101.267960
1441,14.410000,0.009007,-0.008630,0.000770,0.999922,154.174774,420.646088,101.271729
1442,14.420000,0.009124,-0.008288,0.000260,0.999924,154.169724,420.646271,101.269943
1443,14.430000,0.009127,-0.008379,0.000249,0.999923,154.166855,420.643372,101.267242
1444,14.440000,0.009003,-0.008573,0.000696,0.999923,154.166916,420.644592,101.272583
1445,14.450000,0.009002,-0.008615,0.000749,0.999922,154.167969,420.644409,101.272278
1446,14.460000,0.009133,-0.008362,0.000157,0.999923,154.173248,420.642456,101.266930
1447,14.470000,0.009146,-0.008345,0.000149,0.999923,154.179825,420.640991,101.265991
1448,14.480000,0.009054,-0.008390,0.000479,0.999924,154.182434,420.648682,101.271271
1449,14.490000,0.009122,-0.008345,0.000156,0.999924,154.185196,420.650970,101.263390
1450,14.500000,0.009137,-0.008200,0.000068,0.999925,154.186920,420.652496,101.264397
1451,14.510000,0.009123,-0.008358,0.000219,0.999923,154.185272,420.644318,101.262794
1452,14.520000,0.009129,-0.008417,0.000277,0.999923,154.180283,420.639221,101.264847
1453,14.530000,0.009131,-0.008410,0.000247,0.999923,154.178925,420.642334,101.266464
1454,14.540000,0.009131,-0.008416,0.000243,0.999923,154.177673,420.647125,101.266518
1455,14.550000,0.009126,-0.008354,0.000174,0.999923,154.178299,420.646515,101.265945
1456,14.560000,0.009126,-0.008368,0.000204,0.999923,154.178741,420.644257,101.265129
1457,14.570000,0.009121,-0.008382,0.000252,0.999923,154.180466,420.642426,101.263779
1458,14.580000,0.009128,-0.008373,0.000197,0.999923,154.178497,420.644257,101.264328
1459,14.590000,0.009125,-0.008382,0.000218,0.999923,154.179321,420.645996,101.265198
1460,14.600000,0.009011,-0.008616,0.000725,0.999922,154.179352,420.644287,101.270546
1461,14.610000,0.009134,-0.008398,0.000225,0.999923,154.179703,420.642883,101.266342
1462,14.620000,0.009145,-0.008360,0.000151,0.999923,154.178925,420.646698,101.267365
1463,14.630000,0.009134,-0.008383,0.000175,0.999923,154.176392,420.647186,101.266403
1464,14.640000,0.009126,-0.008378,0.000214,0.999923,154.175934,420.643799,101.266090
1465,14.650000,0.009124,-0.008401,0.000291,0.999923,154.176514,420.640961,101.265991
1466,14.660000,0.009122,-0.008402,0.000264,0.999923,154.176163,420.642365,101.263680
1467,14.670000,0.009118,-0.008371,0.000224,0.999923,154.176910,420.644440,101.261948
1468,14.680000,0.009115,-0.008329,0.000142,0.999924,154.176804,420.645721,101.261505
1469,14.690000,0.009120,-0.008337,0.000150,0.999924,154.178696,420.645416,101.262360
1470,14.700000,0.009126,-0.008346,0.000153,0.999924,154.179153,420.645264,101.263535
1471,14.710000,0.009007,-0.008575,0.000654,0.999923,154.178940,420.648041,101.267853
1472,14.720000,0.009127,-0.008378,0.000230,0.999923,154.178818,420.644196,101.265343
1473,14.730000,0.009018,-0.008549,0.000652,0.999923,154.178192,420.642059,101.268654
1474,14.740000,0.009122,-0.008383,0.000230,0.999923,154.178467,420.642792,101.263855
1475,14.750000,0.009120,-0.008369,0.000199,0.999923,154.179382,420.648132,101.262886
1476,14.760000,0.009125,-0.008375,0.000197,0.999923,154.179779,420.649048,101.263367
1477,14.770000,0.009119,-0.008381,0.000249,0.999923,154.180618,420.645325,101.265701
1478,14.780000,0.009123,-0.008420,0.000305,0.999923,154.180893,420.642548,101.266907
1479,14.790000,0.009019,-0.008630,0.000735,0.999922,154.178436,420.643768,101.271523
1480,14.800000,0.009115,-0.008400,0.000246,0.999923,154.178543,420.644775,101.266968
1481,14.810000,0.009132,-0.008383,0.000193,0.999923,154.176407,420.644531,101.264282
1482,14.820000,0.009126,-0.008371,0.000199,0.999923,154.174637,420.643860,101.262886
1483,14.830000,0.009119,-0.008356,0.000190,0.999924,154.174942,420.645325,101.261200
1484,14.840000,0.009114,-0.008366,0.000219,0.999923,154.174088,420.645874,101.261215
1485,14.850000,0.009119,-0.008379,0.000233,0.999923,154.173126,420.644135,101.261414
1486,14.860000,0.009109,-0.008344,0.000201,0.999924,154.173737,420.640594,101.262703
1487,14.870000,0.009124,-0.008380,0.000201,0.999923,154.175369,420.641266,101.263359
1488,14.880000,0.009126,-0.008371,0.000169,0.999923,154.177628,420.646088,101.262978
1489,14.890000,0.009137,-0.008199,0.000060,0.999925,154.181610,420.650543,101.264885
1490,14.900000,0.009119,-0.008354,0.000190,0.999924,154.183990,420.647278,101.261864
1491,14.910000,0.009121,-0.008401,0.000274,0.999923,154.186035,420.644684,101.261627
1492,14.920000,0.009118,-0.008392,0.000260,0.999923,154.183777,420.645416,101.262993
1493,14.930000,0.009117,-0.008398,0.000252,0.999923,154.180389,420.645782,101.263977
1494,14.940000,0.009006,-0.008607,0.000729,0.999922,154.176010,420.646057,101.270493
1495,14.950000,0.009115,-0.008423,0.000290,0.999923,154.172821,420.642120,101.267746
1496,14.960000,0.009120,-0.008368,0.000207,0.999923,154.171616,420.643127,101.266830
1497,14.970000,0.009015,-0.008593,0.000688,0.999922,154.169632,420.647247,101.269440
1498,14.980000,0.009117,-0.008408,0.000282,0.999923,154.170013,420.644562,101.263412
1499,14.990000,0.009116,-0.008407,0.000284,0.999923,154.171402,420.641113,101.261841
1500,15.000000,0.009111,-0.008405,0.000273,0.999923,154.172928,420.641937,101.260902
