Format Version,1.24,Take Name,Push_330_deg_001,Take Notes,,Capture Frame Rate,100.000000,Export Frame Rate,100.000000,Capture Start Time,2025-02-02 10.47.05.457 午後,Capture Start Frame,4034132,Total Frames in Take,1501,Total Exported Frames,1501,Rotation Type,Quaternion,Length Units,Millimeters,Coordinate Space,Local

,Type,Rigid Body,Rigid Body,Rigid Body,Rigid Body,Rigid Body,Rigid Body,Rigid Body
,Name,Rigid Body 002,Rigid Body 002,Rigid Body 002,Rigid Body 002,Rigid Body 002,Rigid Body 002,Rigid Body 002
,ID,7081C4A4E11211EF3C28FEC2583C42A9,7081C4A4E11211EF3C28FEC2583C42A9,7081C4A4E11211EF3C28FEC2583C42A9,7081C4A4E11211EF3C28FEC2583C42A9,7081C4A4E11211EF3C28FEC2583C42A9,7081C4A4E11211EF3C28FEC2583C42A9,7081C4A4E11211EF3C28FEC2583C42A9
,,Rotation,Rotation,Rotation,Rotation,Position,Position,Position
Frame,Time (Seconds),X,Y,Z,W,X,Y,Z
0,0.000000,0.014634,-0.013350,-0.002726,0.999800,149.393036,420.542389,107.009956
1,0.010000,0.014628,-0.013172,-0.002918,0.999802,149.380219,420.542847,107.023521
2,0.020000,0.014607,-0.013112,-0.002950,0.999803,149.360306,420.543640,107.025375
3,0.030000,0.014620,-0.013120,-0.002943,0.999803,149.335526,420.544189,107.026474
4,0.040000,0.014620,-0.013105,-0.003003,0.999803,149.306870,420.549469,107.023849
5,0.050000,0.014617,-0.013135,-0.003042,0.999802,149.278046,420.559418,107.017342
6,0.060000,0.014586,-0.014088,-0.002310,0.999792,149.192383,420.571625,106.989197
7,0.070000,0.014597,-0.013177,-0.003064,0.999802,149.210297,420.587463,106.994019
8,0.080000,0.014551,-0.013042,-0.003222,0.999804,149.180573,420.601715,106.978104
9,0.090000,0.014452,-0.014080,-0.002369,0.999794,149.083939,420.618317,106.943237
10,0.100000,0.014488,-0.013252,-0.003080,0.999803,149.101654,420.620758,106.946426
11,0.110000,0.014623,-0.012610,-0.004205,0.999805,149.067307,420.626190,106.940117
12,0.120000,0.014470,-0.011961,-0.004890,0.999812,149.068512,420.655792,106.955559
13,0.130000,0.014496,-0.011968,-0.005223,0.999810,149.049164,420.668304,106.965157
14,0.140000,0.014503,-0.011990,-0.005359,0.999809,149.024246,420.674866,106.969254
15,0.150000,0.014447,-0.011928,-0.005290,0.999811,148.994980,420.677948,106.966843
16,0.160000,0.014437,-0.011966,-0.005186,0.999811,148.978302,420.678955,106.966240
17,0.170000,0.014552,-0.012435,-0.004684,0.999806,148.936539,420.662323,106.953552
18,0.180000,0.014453,-0.012823,-0.003703,0.999806,148.924698,420.660217,106.953827
19,0.190000,,,,,,,
20,0.200000,0.014475,-0.013009,-0.003310,0.999805,148.894196,420.655701,106.955002
21,0.210000,0.014506,-0.013036,-0.003331,0.999804,148.880630,420.657776,106.958138
22,0.220000,0.014535,-0.013051,-0.003385,0.999803,148.870544,420.664673,106.964172
23,0.230000,0.014544,-0.012966,-0.003602,0.999804,148.866486,420.675171,106.971405
24,0.240000,0.014535,-0.012913,-0.003772,0.999804,148.859360,420.686432,106.975555
25,0.250000,0.014646,-0.012521,-0.004817,0.999803,148.840439,420.691376,106.970673
26,0.260000,0.014613,-0.012492,-0.004958,0.999803,148.818619,420.694580,106.961067
27,0.270000,0.014460,-0.011919,-0.005521,0.999809,148.830612,420.714508,106.959732
28,0.280000,0.014530,-0.012389,-0.005115,0.999805,148.781891,420.701508,106.928612
29,0.290000,0.014411,-0.012118,-0.005288,0.999809,148.785202,420.717285,106.921494
30,0.300000,0.014485,-0.012509,-0.004896,0.999805,148.744278,420.703735,106.900391
31,0.310000,0.014366,-0.012937,-0.003871,0.999806,148.723892,420.702454,106.897209
32,0.320000,0.014346,-0.013096,-0.003604,0.999805,148.694046,420.697815,106.898148
33,0.330000,0.014344,-0.013125,-0.003539,0.999805,148.663086,420.693481,106.903236
34,0.340000,0.014298,-0.013072,-0.003489,0.999806,148.635666,420.692719,106.906204
35,0.350000,0.014292,-0.013315,-0.003060,0.999805,148.580841,420.686188,106.900833
36,0.360000,0.014255,-0.013418,-0.002918,0.999804,148.534134,420.685516,106.890213
37,0.370000,0.014190,-0.014293,-0.002093,0.999795,148.427444,420.690063,106.861832
38,0.380000,0.014290,-0.012712,-0.003945,0.999809,148.426773,420.699524,106.865936
39,0.390000,,,,,,,
40,0.400000,0.014303,-0.013327,-0.003255,0.999804,148.254013,420.695557,106.841644
41,0.410000,0.014342,-0.013252,-0.003130,0.999804,148.179535,420.691833,106.844215
42,0.420000,,,,,,,
43,0.430000,0.014414,-0.013343,-0.002926,0.999803,148.039612,420.680756,106.849113
44,0.440000,,,,,,,
45,0.450000,0.014444,-0.014505,-0.001861,0.999789,147.812134,420.670776,106.848221
46,0.460000,0.014490,-0.013235,-0.002943,0.999803,147.789566,420.663330,106.885429
47,0.470000,0.014512,-0.013456,-0.002860,0.999800,147.674576,420.653625,106.886269
48,0.480000,,,,,,,
49,0.490000,0.014481,-0.013396,-0.002721,0.999802,147.407486,420.651764,106.876678
50,0.500000,0.014400,-0.013139,-0.002787,0.999806,147.239487,420.662048,106.851784
51,0.510000,,,,,,,
52,0.520000,0.014310,-0.012345,-0.003941,0.999814,146.863358,420.684082,106.803703
53,0.530000,0.014355,-0.013942,-0.002395,0.999797,146.528671,420.658051,106.731194
54,0.540000,0.014358,-0.012949,-0.003218,0.999808,146.331894,420.647766,106.723068
55,0.550000,0.014315,-0.013588,-0.002309,0.999803,146.013901,420.626953,106.712044
56,0.560000,0.014230,-0.013531,-0.002257,0.999805,145.738525,420.612640,106.700890
57,0.570000,0.014361,-0.014197,-0.002141,0.999794,145.400055,420.595825,106.672256
58,0.580000,0.014359,-0.012858,-0.003074,0.999810,145.163101,420.592346,106.703911
59,0.590000,0.014254,-0.013715,-0.002345,0.999802,144.784393,420.576965,106.674759
60,0.600000,0.014490,-0.012607,-0.004098,0.999807,144.471542,420.540100,106.664894
61,0.610000,0.014548,-0.012474,-0.004009,0.999808,144.134583,420.526978,106.647873
62,0.620000,,,,,,,
63,0.630000,0.014479,-0.013099,-0.003422,0.999804,143.452927,420.533905,106.625008
64,0.640000,0.013715,-0.011384,-0.003372,0.999835,143.237335,420.599609,106.669777
65,0.650000,0.014460,-0.012004,-0.004409,0.999814,142.734375,420.545685,106.578728
66,0.660000,0.014586,-0.012384,-0.004481,0.999807,142.328629,420.514526,106.542068
67,0.670000,0.014651,-0.012739,-0.003935,0.999804,141.949524,420.493927,106.528450
68,0.680000,0.014535,-0.013475,-0.003492,0.999798,141.510422,420.475586,106.485886
69,0.690000,0.014517,-0.012427,-0.004035,0.999809,141.187180,420.458221,106.498055
70,0.700000,0.014497,-0.012417,-0.003679,0.999811,140.805313,420.445129,106.493797
71,0.710000,,,,,,,
72,0.720000,0.014907,-0.012034,-0.004754,0.999805,140.081787,420.399048,106.456734
73,0.730000,0.014849,-0.012305,-0.004311,0.999805,139.712311,420.393707,106.437004
74,0.740000,0.014838,-0.012537,-0.004058,0.999803,139.386063,420.393005,106.420280
75,0.750000,0.014783,-0.012490,-0.003837,0.999805,139.065262,420.392059,106.413521
76,0.760000,0.014781,-0.012529,-0.003542,0.999806,138.757065,420.389038,106.407394
77,0.770000,0.014881,-0.011887,-0.004696,0.999808,138.492325,420.392090,106.419762
78,0.780000,,,,,,,
79,0.790000,0.015051,-0.012622,-0.003744,0.999800,137.902527,420.376465,106.387344
80,0.800000,,,,,,,
81,0.810000,0.015030,-0.012473,-0.003860,0.999802,137.393631,420.382751,106.357658
82,0.820000,0.014206,-0.012822,-0.001585,0.999816,137.185806,420.433380,106.380386
83,0.830000,0.014884,-0.012960,-0.002668,0.999802,136.832870,420.385895,106.333755
84,0.840000,0.015048,-0.012657,-0.003493,0.999801,136.566605,420.378052,106.310516
85,0.850000,,,,,,,
86,0.860000,0.014973,-0.012264,-0.003677,0.999806,136.082275,420.379211,106.306511
87,0.870000,0.015031,-0.012246,-0.003433,0.999806,135.843826,420.378113,106.305672
88,0.880000,0.015093,-0.013969,-0.001633,0.999787,135.482910,420.349701,106.252716
89,0.890000,0.016173,-0.007631,-0.015414,0.999721,135.267166,420.344879,106.325180
90,0.900000,0.016185,-0.008896,-0.014166,0.999729,134.937622,420.346771,106.295212
91,0.910000,0.016266,-0.007459,-0.015745,0.999716,134.797195,420.358215,106.327087
92,0.920000,0.016270,-0.007759,-0.015340,0.999720,134.541168,420.359680,106.314697
93,0.930000,0.016288,-0.007899,-0.015304,0.999719,134.307480,420.367035,106.310722
94,0.940000,0.016289,-0.009290,-0.014056,0.999725,133.985260,420.375214,106.275398
95,0.950000,0.016327,-0.009686,-0.013748,0.999725,133.727005,420.376801,106.275223
96,0.960000,0.016336,-0.007339,-0.016178,0.999709,133.621719,420.393463,106.324203
97,0.970000,0.016383,-0.007047,-0.016310,0.999708,133.392685,420.400604,106.329857
98,0.980000,0.015225,-0.004804,-0.016031,0.999744,133.426208,420.528748,106.408630
99,0.990000,0.015231,-0.004664,-0.016140,0.999743,133.207840,420.533661,106.410912
100,1.000000,0.016262,-0.009126,-0.014046,0.999728,132.595108,420.411530,106.264290
101,1.010000,0.016432,-0.009629,-0.013915,0.999722,132.295715,420.395416,106.225044
102,1.020000,0.016422,-0.009456,-0.014231,0.999719,132.057159,420.402893,106.209465
103,1.030000,0.016371,-0.007228,-0.016366,0.999706,131.926208,420.423920,106.242775
104,1.040000,0.016364,-0.007500,-0.016289,0.999705,131.661758,420.435364,106.235153
105,1.050000,0.016356,-0.009433,-0.014324,0.999719,131.287918,420.434357,106.175804
106,1.060000,0.016341,-0.007209,-0.016506,0.999704,131.146637,420.455017,106.215179
107,1.070000,0.016415,-0.009625,-0.014110,0.999719,130.731384,420.444550,106.170921
108,1.080000,0.015243,-0.004841,-0.016138,0.999742,130.875397,420.598633,106.309410
109,1.090000,0.016440,-0.006431,-0.017251,0.999695,130.368713,420.487305,106.224968
110,1.100000,0.016534,-0.006345,-0.017740,0.999686,130.105087,420.488434,106.224388
111,1.110000,0.016560,-0.009525,-0.014825,0.999708,129.651520,420.474670,106.155853
112,1.120000,0.016410,-0.005923,-0.018094,0.999684,129.603424,420.523499,106.225609
113,1.130000,0.016408,-0.005113,-0.018822,0.999675,129.372421,420.550385,106.233543
114,1.140000,0.015295,-0.003481,-0.017941,0.999716,129.334534,420.674225,106.305496
115,1.150000,0.016264,-0.005297,-0.018213,0.999688,128.872467,420.594788,106.227196
116,1.160000,0.016394,-0.009342,-0.014677,0.999714,128.359055,420.561920,106.111298
117,1.170000,0.016391,-0.009805,-0.014566,0.999712,128.083328,420.566376,106.074326
118,1.180000,0.015040,-0.002729,-0.018898,0.999705,128.392365,420.736053,106.241089
119,1.190000,0.016192,-0.004578,-0.019691,0.999664,127.932610,420.619598,106.125282
120,1.200000,0.016288,-0.004724,-0.019787,0.999660,127.703102,420.619263,106.098427
121,1.210000,0.016228,-0.004709,-0.019749,0.999662,127.504227,420.629028,106.091858
122,1.220000,0.016172,-0.004247,-0.019938,0.999661,127.336266,420.643585,106.104591
123,1.230000,0.016162,-0.004296,-0.019964,0.999661,127.148407,420.636993,106.099205
124,1.240000,0.016067,-0.008922,-0.015691,0.999708,126.679672,420.566864,106.006264
125,1.250000,0.014777,-0.001669,-0.019983,0.999690,127.019005,420.736328,106.196686
126,1.260000,0.015979,-0.003801,-0.020250,0.999660,126.575317,420.601227,106.101868
127,1.270000,0.015977,-0.003844,-0.020477,0.999655,126.353889,420.590698,106.077354
128,1.280000,0.015747,-0.003118,-0.020928,0.999652,126.145470,420.610107,106.056137
129,1.290000,0.015780,-0.003047,-0.021191,0.999646,125.913307,420.617645,106.044395
130,1.300000,0.015763,-0.002780,-0.021502,0.999641,125.682724,420.628174,106.031624
131,1.310000,0.015844,-0.008260,-0.016118,0.999711,125.085876,420.576508,105.889191
132,1.320000,0.014305,-0.013414,-0.008804,0.999769,124.616913,420.721436,105.781845
133,1.330000,0.015652,-0.023660,-0.001379,0.999597,123.640366,420.487885,105.533638
134,1.340000,0.015834,-0.025679,0.000563,0.999545,123.190598,420.438354,105.498894
135,1.350000,0.014914,-0.023947,0.000979,0.999601,123.097824,420.539185,105.537621
136,1.360000,0.015957,-0.025951,0.000899,0.999536,122.604095,420.408417,105.473351
137,1.370000,0.015968,-0.025623,0.000658,0.999544,122.298744,420.404114,105.482903
138,1.380000,0.016020,-0.025836,0.000663,0.999538,121.970245,420.392639,105.482849
139,1.390000,0.016433,-0.022617,-0.002563,0.999606,121.835297,420.371613,105.479507
140,1.400000,0.016528,-0.019889,-0.004974,0.999653,121.660873,420.375458,105.480118
141,1.410000,0.016647,-0.016422,-0.007945,0.999695,121.498703,420.385986,105.490219
142,1.420000,0.016450,-0.019836,-0.004912,0.999656,120.945847,420.363861,105.435425
143,1.430000,0.016482,-0.020689,-0.003978,0.999642,120.533920,420.354095,105.400398
144,1.440000,0.016533,-0.019724,-0.004970,0.999656,120.266739,420.359039,105.382500
145,1.450000,0.016517,-0.019531,-0.005113,0.999660,119.927490,420.353363,105.362556
146,1.460000,0.016582,-0.015930,-0.008544,0.999699,119.796135,420.363037,105.374596
147,1.470000,0.016320,-0.019305,-0.005308,0.999666,119.249413,420.330322,105.319107
148,1.480000,0.016591,-0.016035,-0.008278,0.999700,119.123062,420.340149,105.330795
149,1.490000,0.016380,-0.019204,-0.005552,0.999666,118.624237,420.325897,105.295547
150,1.500000,0.016413,-0.019297,-0.005543,0.999664,118.298615,420.324615,105.290436
151,1.510000,0.016480,-0.019613,-0.005246,0.999658,117.982597,420.312500,105.270729
152,1.520000,0.016499,-0.019812,-0.004900,0.999656,117.667679,420.300812,105.258194
153,1.530000,0.016480,-0.019542,-0.005095,0.999660,117.351990,420.295654,105.250977
154,1.540000,0.016652,-0.015965,-0.008734,0.999696,117.268013,420.313873,105.285652
155,1.550000,0.016593,-0.019692,-0.005324,0.999654,116.726433,420.291962,105.248756
156,1.560000,0.016522,-0.019674,-0.005081,0.999657,116.422974,420.279999,105.243568
157,1.570000,0.016565,-0.019251,-0.005693,0.999661,116.154739,420.283020,105.247864
158,1.580000,0.016572,-0.019367,-0.005823,0.999658,115.853439,420.281982,105.242867
159,1.590000,0.016362,-0.020233,-0.005614,0.999646,115.595894,420.301941,105.170761
160,1.600000,0.016636,-0.016600,-0.008886,0.999684,115.539948,420.321075,105.200249
161,1.610000,0.016599,-0.019994,-0.005978,0.999645,115.103233,420.311035,105.172005
162,1.620000,0.016701,-0.018931,-0.005079,0.999668,114.714966,420.222992,105.284531
163,1.630000,0.016820,-0.018954,-0.004575,0.999668,114.456657,420.196533,105.313698
164,1.640000,0.016681,-0.019367,-0.004233,0.999664,114.245880,420.201874,105.276611
165,1.650000,0.016626,-0.019252,-0.004412,0.999667,114.071465,420.202545,105.249557
166,1.660000,0.016603,-0.019180,-0.004494,0.999668,113.907310,420.205139,105.222557
167,1.670000,0.016550,-0.019376,-0.004336,0.999666,113.754990,420.204407,105.196274
168,1.680000,0.016570,-0.015481,-0.007879,0.999712,113.853615,420.232239,105.203735
169,1.690000,0.016470,-0.018860,-0.004600,0.999676,113.554031,420.214020,105.169853
170,1.700000,0.016477,-0.018886,-0.004823,0.999674,113.485809,420.209900,105.168495
171,1.710000,0.016508,-0.018802,-0.004966,0.999675,113.417503,420.208099,105.181374
172,1.720000,0.016531,-0.018569,-0.005047,0.999678,113.343109,420.203705,105.203163
173,1.730000,0.016586,-0.018539,-0.004919,0.999678,113.273781,420.204010,105.214317
174,1.740000,0.016566,-0.018516,-0.004942,0.999679,113.211273,420.205841,105.211258
175,1.750000,0.016544,-0.018531,-0.004936,0.999679,113.142830,420.205139,105.197556
176,1.760000,0.016528,-0.018526,-0.005018,0.999679,113.051109,420.207123,105.172470
177,1.770000,0.016468,-0.018569,-0.004908,0.999680,112.961830,420.206055,105.146255
178,1.780000,0.016415,-0.018649,-0.004749,0.999680,112.855148,420.212677,105.122154
179,1.790000,0.016345,-0.018707,-0.004674,0.999681,112.738472,420.220612,105.102325
180,1.800000,0.016294,-0.019011,-0.004440,0.999677,112.612694,420.225433,105.084557
181,1.810000,0.016293,-0.019153,-0.004328,0.999674,112.484627,420.224335,105.073593
182,1.820000,0.016321,-0.019489,-0.004067,0.999669,112.334045,420.225677,105.066048
183,1.830000,0.016449,-0.015773,-0.007663,0.999711,112.407303,420.246399,105.091484
184,1.840000,0.016593,-0.013285,-0.009836,0.999726,112.358093,420.250214,105.116409
185,1.850000,0.016346,-0.018088,-0.005258,0.999689,111.868416,420.216614,105.071350
186,1.860000,0.016347,-0.018775,-0.004784,0.999679,111.627708,420.208588,105.067490
187,1.870000,0.016356,-0.018607,-0.005015,0.999681,111.418762,420.207886,105.067444
188,1.880000,0.016428,-0.018763,-0.004936,0.999677,111.144516,420.201721,105.065964
189,1.890000,0.016501,-0.018763,-0.004660,0.999677,110.842995,420.189667,105.063171
190,1.900000,0.016391,-0.018482,-0.004892,0.999683,110.554657,420.194641,105.056610
191,1.910000,0.016557,-0.014898,-0.008274,0.999718,110.462059,420.218903,105.068481
192,1.920000,0.016425,-0.018148,-0.005216,0.999687,109.940308,420.202118,105.018494
193,1.930000,0.016650,-0.017554,-0.007248,0.999681,109.582779,420.204407,104.996758
194,1.940000,0.016624,-0.017899,-0.006697,0.999679,109.263580,420.196472,104.981430
195,1.950000,0.016605,-0.017806,-0.006781,0.999681,108.908165,420.193390,104.967720
196,1.960000,0.016726,-0.014019,-0.010287,0.999709,108.798050,420.211945,104.991119
197,1.970000,0.016682,-0.017397,-0.006963,0.999685,108.261124,420.188324,104.965630
198,1.980000,0.016754,-0.017745,-0.006761,0.999679,107.883987,420.170868,104.973732
199,1.990000,0.016757,-0.017672,-0.006674,0.999681,107.581642,420.164795,104.978012
200,2.000000,0.016834,-0.018176,-0.005621,0.999677,107.210365,420.157928,104.987488
201,2.010000,0.017050,-0.014885,-0.008638,0.999707,107.070473,420.169647,105.025230
202,2.020000,0.016095,-0.017163,-0.004438,0.999713,106.688873,420.243378,105.041443
203,2.030000,0.016919,-0.019054,-0.004267,0.999666,106.086945,420.131561,104.991432
204,2.040000,0.016906,-0.018903,-0.004436,0.999669,105.738892,420.121216,104.986290
205,2.050000,0.016926,-0.019041,-0.004202,0.999667,105.365616,420.105164,104.976219
206,2.060000,0.016318,-0.014023,-0.006315,0.999749,105.360939,420.210785,105.052277
207,2.070000,0.016752,-0.018693,-0.003470,0.999679,104.638245,420.125549,104.971245
208,2.080000,0.016765,-0.019207,-0.003214,0.999670,104.232811,420.119202,104.937798
209,2.090000,0.016785,-0.019346,-0.002663,0.999668,103.885048,420.116577,104.932648
210,2.100000,0.015946,-0.014554,-0.004805,0.999755,103.965706,420.217926,104.981453
211,2.110000,0.016786,-0.013403,-0.008056,0.999737,103.605110,420.159729,104.934753
212,2.120000,0.016624,-0.018858,-0.003368,0.999678,102.972427,420.123962,104.865547
213,2.130000,0.016579,-0.019813,-0.001768,0.999665,102.608391,420.123718,104.853325
214,2.140000,0.016605,-0.019999,-0.001454,0.999661,102.304771,420.123383,104.844154
215,2.150000,0.015921,-0.015015,-0.003969,0.999753,102.441582,420.224426,104.914406
216,2.160000,0.015757,-0.012628,-0.005649,0.999780,102.334152,420.245911,104.938095
217,2.170000,0.016329,-0.019432,-0.000915,0.999677,101.596069,420.132782,104.831345
218,2.180000,0.016255,-0.020854,0.000317,0.999650,101.286751,420.115082,104.784416
219,2.190000,0.016237,-0.020516,-0.000054,0.999658,101.057816,420.120667,104.761375
220,2.200000,0.016161,-0.020508,0.000074,0.999659,100.841133,420.122345,104.739441
221,2.210000,0.016103,-0.020557,0.000178,0.999659,100.646919,420.134003,104.721542
222,2.220000,0.015414,-0.015709,-0.002577,0.999755,100.844666,420.243591,104.790749
223,2.230000,0.015841,-0.007405,-0.011176,0.999785,101.030777,420.283997,104.872269
224,2.240000,0.015775,-0.005866,-0.012571,0.999779,100.869453,420.304382,104.903145
225,2.250000,0.016157,-0.019284,-0.000392,0.999683,99.842690,420.148315,104.733528
226,2.260000,0.016188,-0.021296,0.001563,0.999641,99.504089,420.113647,104.719177
227,2.270000,0.015874,-0.031775,0.012493,0.999291,98.641586,420.012054,104.659683
228,2.280000,0.014783,-0.035886,0.019531,0.999056,98.223671,420.029572,104.664993
229,2.290000,0.014469,-0.041160,0.025615,0.998719,97.706711,419.966278,104.581421
230,2.300000,0.015085,-0.044661,0.028203,0.998490,97.213661,419.835571,104.485542
231,2.310000,0.015297,-0.042531,0.025742,0.998646,97.051003,419.851074,104.496857
232,2.320000,0.015904,-0.025121,0.007541,0.999529,97.783569,420.040588,104.624496
233,2.330000,0.016612,-0.025779,0.002855,0.999526,97.235359,420.024323,104.621262
234,2.340000,0.015785,-0.029401,0.006811,0.999420,96.855995,420.084076,104.623184
235,2.350000,0.015078,-0.034947,0.016093,0.999146,96.567551,420.030731,104.585945
236,2.360000,0.014438,-0.037306,0.022782,0.998940,96.343636,420.015991,104.567490
237,2.370000,0.014816,-0.040618,0.026041,0.998726,96.008141,419.907959,104.449471
238,2.380000,0.015444,-0.022899,0.008460,0.999583,96.887833,420.088654,104.591194
239,2.390000,0.016800,-0.005953,-0.015751,0.999717,97.402779,420.195557,104.745018
240,2.400000,0.016687,-0.002988,-0.019678,0.999663,97.412125,420.252838,104.776398
241,2.410000,0.016293,-0.018168,-0.002814,0.999698,96.570801,420.145233,104.592361
242,2.420000,0.015906,-0.022177,0.003760,0.999620,96.369728,420.119354,104.553215
243,2.430000,0.015779,-0.022908,0.005288,0.999599,96.310394,420.109924,104.543762
244,2.440000,0.015807,-0.022639,0.004647,0.999608,96.281601,420.103424,104.538757
245,2.450000,0.015927,-0.022052,0.003339,0.999624,96.264893,420.100739,104.537811
246,2.460000,0.016017,-0.021534,0.002326,0.999637,96.263794,420.101349,104.537285
247,2.470000,0.016019,-0.021458,0.002024,0.999639,96.264938,420.109070,104.531258
248,2.480000,0.015982,-0.021158,0.001862,0.999647,96.285812,420.120880,104.523277
249,2.490000,0.015990,-0.021343,0.002085,0.999642,96.302528,420.124756,104.521385
250,2.500000,0.016029,-0.021647,0.002389,0.999634,96.309654,420.122162,104.528488
251,2.510000,0.016086,-0.021363,0.002089,0.999640,96.337463,420.121979,104.543709
252,2.520000,0.016128,-0.021520,0.002181,0.999636,96.336906,420.121613,104.552338
253,2.530000,0.016183,-0.021387,0.001871,0.999639,96.342834,420.123810,104.564331
254,2.540000,0.016200,-0.021222,0.001593,0.999642,96.341934,420.125458,104.568481
255,2.550000,0.016216,-0.021169,0.001488,0.999643,96.322227,420.121857,104.567459
256,2.560000,0.016272,-0.021154,0.001408,0.999643,96.298332,420.116516,104.570969
257,2.570000,0.016309,-0.021105,0.001299,0.999643,96.275940,420.112854,104.575058
258,2.580000,0.016354,-0.021026,0.001172,0.999645,96.252907,420.109802,104.581093
259,2.590000,0.016427,-0.020973,0.001013,0.999645,96.226349,420.111359,104.595779
260,2.600000,0.016435,-0.020931,0.000790,0.999646,96.197273,420.125702,104.607956
261,2.610000,0.015688,-0.019723,0.001705,0.999681,96.341812,420.212250,104.676064
262,2.620000,0.015632,-0.019758,0.002106,0.999680,96.328636,420.226013,104.689507
263,2.630000,0.015702,-0.019810,0.002277,0.999678,96.283638,420.229950,104.700241
264,2.640000,0.015904,-0.020253,0.002385,0.999666,96.227028,420.223450,104.704170
265,2.650000,0.015993,-0.020164,0.002116,0.999667,96.198456,420.227448,104.717270
266,2.660000,0.016090,-0.020214,0.002148,0.999664,96.153297,420.232666,104.734024
267,2.670000,0.016111,-0.019647,0.001652,0.999676,96.137779,420.238220,104.749504
268,2.680000,0.016175,-0.019488,0.001461,0.999678,96.112251,420.233856,104.764465
269,2.690000,0.016274,-0.019477,0.001386,0.999677,96.081154,420.226807,104.778763
270,2.700000,0.016372,-0.019664,0.001582,0.999671,96.033958,420.217957,104.787849
271,2.710000,0.016409,-0.019543,0.001276,0.999674,96.001450,420.222229,104.793365
272,2.720000,0.016498,-0.019893,0.001661,0.999665,95.945724,420.222076,104.793266
273,2.730000,0.016468,-0.019809,0.001536,0.999667,95.919441,420.231171,104.788826
274,2.740000,0.016543,-0.016105,-0.002058,0.999731,96.113297,420.261505,104.812462
275,2.750000,0.016249,-0.006714,-0.010894,0.999786,96.605789,420.363586,104.911018
276,2.760000,0.016451,-0.010130,-0.009202,0.999771,96.285698,420.303528,104.909737
277,2.770000,0.016712,-0.013537,-0.006446,0.999748,96.033150,420.205444,104.918686
278,2.780000,0.016724,-0.013950,-0.005962,0.999745,95.979462,420.189484,104.914818
279,2.790000,0.016700,-0.013941,-0.006004,0.999745,95.956841,420.194275,104.911774
280,2.800000,0.016678,-0.013550,-0.006273,0.999749,95.962105,420.207275,104.911446
281,2.810000,0.016621,-0.013546,-0.006302,0.999750,95.939049,420.207306,104.903221
282,2.820000,0.016617,-0.013504,-0.006363,0.999751,95.911812,420.203339,104.900383
283,2.830000,0.016687,-0.013504,-0.006436,0.999749,95.886902,420.197784,104.905586
284,2.840000,0.016705,-0.013411,-0.006561,0.999749,95.866188,420.198608,104.905327
285,2.850000,0.016705,-0.013402,-0.006678,0.999748,95.848274,420.205566,104.904388
286,2.860000,0.016708,-0.013422,-0.006719,0.999748,95.826591,420.212036,104.904121
287,2.870000,0.016691,-0.013277,-0.006965,0.999748,95.802750,420.217529,104.903770
288,2.880000,0.016665,-0.013519,-0.006867,0.999746,95.763840,420.222107,104.899612
289,2.890000,0.016606,-0.013267,-0.007155,0.999749,95.750412,420.238770,104.886719
290,2.900000,0.016558,-0.013378,-0.007221,0.999747,95.711769,420.252563,104.871429
291,2.910000,0.016486,-0.013303,-0.007323,0.999749,95.670860,420.260223,104.852112
292,2.920000,0.017327,-0.020044,-0.001185,0.999648,95.215240,420.088226,104.710274
293,2.930000,0.017403,-0.020728,-0.000456,0.999634,95.110008,420.071228,104.687759
294,2.940000,0.017208,-0.020559,-0.000742,0.999640,95.078255,420.069458,104.658455
295,2.950000,0.017131,-0.020721,-0.000486,0.999638,95.002441,420.046722,104.626289
296,2.960000,0.017086,-0.020591,-0.000609,0.999642,94.958923,420.033295,104.610893
297,2.970000,0.017129,-0.020398,-0.001015,0.999645,94.934532,420.046112,104.613945
298,2.980000,0.016375,-0.018951,-0.000213,0.999686,95.073463,420.157166,104.678993
299,2.990000,0.016355,-0.019319,0.000297,0.999680,95.029549,420.166290,104.690002
300,3.000000,0.016430,-0.018939,-0.000190,0.999686,95.006149,420.161865,104.709076
301,3.010000,0.016593,-0.018731,-0.000437,0.999687,94.952080,420.139709,104.735634
302,3.020000,0.016700,-0.018479,-0.000615,0.999690,94.894585,420.123138,104.750679
303,3.030000,0.016695,-0.018435,-0.000682,0.999691,94.842537,420.120270,104.753044
304,3.040000,0.016438,-0.019146,0.001033,0.999681,94.789291,420.133240,104.748024
305,3.050000,0.016592,-0.019130,0.000491,0.999679,94.710304,420.127380,104.741432
306,3.060000,0.016732,-0.018523,-0.000944,0.999688,94.649254,420.127686,104.733849
307,3.070000,0.016738,-0.018207,-0.001565,0.999693,94.586151,420.132599,104.719521
308,3.080000,0.015931,-0.011490,-0.007917,0.999776,94.930733,420.312714,104.834229
309,3.090000,0.016586,-0.012916,-0.008567,0.999742,94.697998,420.282532,104.771774
310,3.100000,0.016636,-0.013029,-0.008546,0.999740,94.614838,420.302551,104.757515
311,3.110000,0.016610,-0.012648,-0.008961,0.999742,94.558395,420.329224,104.738678
312,3.120000,0.016483,-0.012477,-0.009237,0.999744,94.487320,420.344879,104.725883
313,3.130000,0.016409,-0.012273,-0.009362,0.999746,94.427048,420.358429,104.718346
314,3.140000,0.016355,-0.012250,-0.009445,0.999747,94.355019,420.372986,104.708405
315,3.150000,0.016375,-0.017561,-0.002881,0.999708,94.050682,420.297638,104.614967
316,3.160000,0.015969,-0.019398,0.000621,0.999684,93.949371,420.307007,104.590454
317,3.170000,0.016137,-0.018942,-0.000559,0.999690,93.869194,420.308228,104.583099
318,3.180000,0.016220,-0.018655,-0.001898,0.999693,93.771187,420.320770,104.574913
319,3.190000,0.016232,-0.018590,-0.002238,0.999693,93.694504,420.330627,104.560768
320,3.200000,0.015527,-0.012396,-0.008286,0.999768,93.991341,420.493652,104.667343
321,3.210000,0.016080,-0.012418,-0.009982,0.999744,93.811638,420.478088,104.633286
322,3.220000,0.016140,-0.012079,-0.010359,0.999743,93.726768,420.488312,104.625908
323,3.230000,0.016039,-0.012020,-0.010242,0.999747,93.615257,420.444122,104.590805
324,3.240000,0.015726,-0.009093,-0.012726,0.999754,93.640625,420.424347,104.634651
325,3.250000,0.016659,-0.015187,-0.007100,0.999721,93.153633,420.197083,104.533096
326,3.260000,0.016650,-0.010608,-0.013261,0.999717,93.279106,420.300354,104.628845
327,3.270000,0.016750,-0.010209,-0.014008,0.999710,93.228302,420.400421,104.654472
328,3.280000,0.016738,-0.010253,-0.014430,0.999703,93.151413,420.449158,104.654663
329,3.290000,0.016745,-0.010297,-0.014420,0.999703,93.039864,420.434204,104.667984
330,3.300000,0.016959,-0.010838,-0.013907,0.999701,92.882881,420.398438,104.690430
331,3.310000,0.016364,-0.009734,-0.012721,0.999738,92.886818,420.472687,104.722946
332,3.320000,0.016942,-0.015835,-0.007026,0.999706,92.393814,420.340363,104.542488
333,3.330000,0.016917,-0.016508,-0.006401,0.999700,92.203522,420.296204,104.494911
334,3.340000,0.016923,-0.015916,-0.006851,0.999707,92.064171,420.256622,104.504875
335,3.350000,0.016936,-0.015740,-0.006897,0.999709,91.925507,420.239105,104.517303
336,3.360000,0.016935,-0.016253,-0.006724,0.999702,91.761986,420.276245,104.487198
337,3.370000,0.016725,-0.011377,-0.012734,0.999714,91.846954,420.414276,104.540756
338,3.380000,0.016697,-0.010583,-0.013732,0.999710,91.731895,420.423706,104.533112
339,3.390000,0.016716,-0.010323,-0.013844,0.999711,91.572304,420.380676,104.536751
340,3.400000,0.016750,-0.009973,-0.014423,0.999706,91.400909,420.354675,104.520386
341,3.410000,0.016018,-0.012983,-0.007594,0.999759,91.249039,420.375183,104.491096
342,3.420000,0.015973,-0.009665,-0.012534,0.999747,91.261635,420.483093,104.531128
343,3.430000,0.016689,-0.015519,-0.007883,0.999709,90.809135,420.390472,104.418678
344,3.440000,0.016787,-0.016477,-0.006575,0.999702,90.610466,420.397430,104.401283
345,3.450000,0.016733,-0.016622,-0.006371,0.999702,90.482536,420.388000,104.378616
346,3.460000,0.016503,-0.011207,-0.013159,0.999714,90.615601,420.490784,104.438774
347,3.470000,0.016433,-0.010289,-0.014301,0.999710,90.584007,420.511353,104.424248
348,3.480000,0.016520,-0.010853,-0.013663,0.999711,90.476692,420.471161,104.395195
349,3.490000,0.016527,-0.011302,-0.013161,0.999713,90.421570,420.409088,104.373817
350,3.500000,0.016696,-0.018106,-0.004110,0.999688,90.011665,420.184082,104.263596
351,3.510000,0.016805,-0.019188,-0.002564,0.999671,89.943253,420.156830,104.266441
352,3.520000,0.016614,-0.013089,-0.010156,0.999725,90.200157,420.303314,104.382500
353,3.530000,0.016617,-0.012874,-0.010459,0.999724,90.214645,420.319763,104.391876
354,3.540000,0.016677,-0.013316,-0.009760,0.999725,90.162758,420.303986,104.386841
355,3.550000,0.016894,-0.018783,-0.002943,0.999677,89.908218,420.178406,104.298210
356,3.560000,0.017430,-0.020108,-0.003071,0.999641,89.752899,420.110352,104.264427
357,3.570000,0.016851,-0.014798,-0.009405,0.999704,90.125725,420.308807,104.336327
358,3.580000,0.016748,-0.013859,-0.010714,0.999706,90.184555,420.363129,104.350197
359,3.590000,0.016767,-0.013824,-0.010803,0.999705,90.156288,420.378326,104.370544
360,3.600000,0.016797,-0.013559,-0.011027,0.999706,90.118690,420.393280,104.391937
361,3.610000,0.016835,-0.013372,-0.011362,0.999704,90.072586,420.406555,104.397408
362,3.620000,0.016776,-0.013206,-0.011604,0.999705,89.998383,420.416351,104.382515
363,3.630000,0.016830,-0.013141,-0.011753,0.999703,89.929855,420.424713,104.373558
364,3.640000,0.016041,-0.011520,-0.011189,0.999742,90.063782,420.522491,104.424873
365,3.650000,0.016001,-0.011404,-0.011242,0.999744,90.002960,420.537689,104.437416
366,3.660000,0.016027,-0.011577,-0.011385,0.999740,89.901878,420.559326,104.448639
367,3.670000,0.016022,-0.011433,-0.011686,0.999738,89.822800,420.580261,104.452187
368,3.680000,0.016995,-0.018816,-0.004895,0.999667,89.249489,420.384247,104.301826
369,3.690000,0.017037,-0.019137,-0.004281,0.999663,89.089935,420.329163,104.272690
370,3.700000,0.016145,-0.011819,-0.011167,0.999738,89.407814,420.454498,104.391335
371,3.710000,0.016095,-0.011362,-0.011118,0.999744,89.294083,420.423279,104.400589
372,3.720000,0.016198,-0.011692,-0.010700,0.999743,89.152374,420.401672,104.405891
373,3.730000,0.017140,-0.018558,-0.004179,0.999672,88.614998,420.248657,104.297302
374,3.740000,0.017056,-0.013955,-0.010537,0.999702,88.737579,420.376648,104.385223
375,3.750000,0.016920,-0.012385,-0.012523,0.999702,88.712662,420.452972,104.417053
376,3.760000,0.016821,-0.012243,-0.012598,0.999704,88.589844,420.448212,104.400459
377,3.770000,0.016086,-0.013347,-0.007199,0.999756,88.446526,420.437531,104.358368
378,3.780000,0.015996,-0.013314,-0.006566,0.999762,88.313004,420.408630,104.336220
379,3.790000,0.016786,-0.010547,-0.013487,0.999713,88.177238,420.353607,104.365257
380,3.800000,0.016018,-0.009389,-0.012426,0.999750,88.248413,420.455292,104.429214
381,3.810000,0.016120,-0.009551,-0.012102,0.999751,88.145424,420.488190,104.444122
382,3.820000,0.016193,-0.009350,-0.012379,0.999749,88.054291,420.506653,104.452950
383,3.830000,0.016248,-0.009191,-0.012473,0.999748,87.956566,420.498535,104.462334
384,3.840000,0.016312,-0.009121,-0.012576,0.999746,87.864395,420.487305,104.469376
385,3.850000,0.016363,-0.009089,-0.012649,0.999745,87.777077,420.490570,104.471733
386,3.860000,0.016384,-0.008965,-0.012869,0.999743,87.711800,420.516388,104.470558
387,3.870000,0.017841,-0.017342,-0.007012,0.999666,87.055206,420.301300,104.304276
388,3.880000,0.016481,-0.014736,-0.006377,0.999735,87.307907,420.484070,104.384613
389,3.890000,0.016338,-0.013923,-0.006772,0.999747,87.288734,420.536255,104.407104
390,3.900000,0.017039,-0.010258,-0.014425,0.999698,87.251740,420.546906,104.425293
391,3.910000,0.016979,-0.010127,-0.014460,0.999700,87.178925,420.516052,104.404060
392,3.920000,0.017083,-0.010476,-0.013801,0.999704,87.059425,420.440765,104.392548
393,3.930000,0.017889,-0.016995,-0.007020,0.999671,86.590286,420.212555,104.302750
394,3.940000,0.018008,-0.018103,-0.005689,0.999658,86.451302,420.183044,104.302742
395,3.950000,0.017179,-0.011128,-0.012728,0.999709,86.808632,420.397980,104.421608
396,3.960000,0.017116,-0.011001,-0.013091,0.999707,86.771698,420.439270,104.417831
397,3.970000,0.016356,-0.009376,-0.012728,0.999741,86.898003,420.552216,104.468132
398,3.980000,0.016347,-0.009081,-0.012950,0.999741,86.862915,420.576935,104.474121
399,3.990000,0.016378,-0.008840,-0.013327,0.999738,86.799988,420.594940,104.474533
400,4.000000,0.016397,-0.008664,-0.013511,0.999737,86.726608,420.609436,104.469604
401,4.010000,0.016607,-0.009357,-0.012982,0.999734,86.594559,420.595001,104.471291
402,4.020000,0.016729,-0.009580,-0.012673,0.999734,86.505577,420.601135,104.489441
403,4.030000,0.016948,-0.009765,-0.012554,0.999730,86.380135,420.599182,104.513573
404,4.040000,0.016978,-0.009593,-0.013027,0.999725,86.296074,420.614471,104.524544
405,4.050000,0.018372,-0.017565,-0.007271,0.999651,85.606735,420.390869,104.372406
406,4.060000,0.018498,-0.018556,-0.006575,0.999635,85.416443,420.353394,104.343163
407,4.070000,0.017896,-0.021180,-0.000696,0.999615,85.248375,420.299500,104.296745
408,4.080000,0.017719,-0.021371,0.000091,0.999615,85.093086,420.261292,104.271767
409,4.090000,0.016721,-0.014411,-0.006232,0.999737,85.359116,420.459900,104.398384
410,4.100000,0.016868,-0.009441,-0.013155,0.999727,85.400185,420.614349,104.468567
411,4.110000,0.016957,-0.009041,-0.013830,0.999720,85.260094,420.695618,104.487511
412,4.120000,0.016958,-0.008816,-0.014252,0.999716,85.111313,420.739929,104.487411
413,4.130000,0.017529,-0.009655,-0.015407,0.999681,84.755707,420.689789,104.451492
414,4.140000,0.018266,-0.016646,-0.008713,0.999657,84.104500,420.514832,104.322868
415,4.150000,0.016894,-0.010408,-0.013050,0.999718,84.338959,420.704926,104.410126
416,4.160000,0.016616,-0.009231,-0.013851,0.999723,84.178741,420.696869,104.385498
417,4.170000,0.016449,-0.008817,-0.014009,0.999728,83.987144,420.677917,104.360489
418,4.180000,0.016506,-0.009866,-0.012820,0.999733,83.735023,420.690979,104.325905
419,4.190000,0.016734,-0.009581,-0.013286,0.999726,83.532639,420.731018,104.336418
420,4.200000,0.017270,-0.010209,-0.014814,0.999689,83.216507,420.715729,104.307739
421,4.210000,0.017317,-0.010597,-0.014712,0.999686,82.968315,420.675293,104.283852
422,4.220000,0.017878,-0.015981,-0.009009,0.999672,82.388443,420.478882,104.153130
423,4.230000,0.016572,-0.010133,-0.012939,0.999728,82.608879,420.647766,104.260872
424,4.240000,0.016438,-0.009598,-0.013146,0.999732,82.442749,420.664276,104.274292
425,4.250000,0.016472,-0.009465,-0.013216,0.999732,82.274582,420.680389,104.273613
426,4.260000,0.016577,-0.009624,-0.013032,0.999731,82.131172,420.706451,104.290436
427,4.270000,0.016677,-0.008846,-0.014043,0.999723,82.020691,420.748322,104.336617
428,4.280000,0.016274,-0.012188,-0.007668,0.999764,81.840019,420.719940,104.341515
429,4.290000,0.016907,-0.009338,-0.013680,0.999720,81.720627,420.717468,104.331253
430,4.300000,0.016921,-0.009014,-0.014384,0.999713,81.574600,420.672394,104.310600
431,4.310000,0.016933,-0.009780,-0.013014,0.999724,81.401070,420.617920,104.309029
432,4.320000,0.016969,-0.009548,-0.012876,0.999728,81.293480,420.616180,104.317245
433,4.330000,0.017526,-0.010528,-0.013827,0.999695,81.076614,420.593445,104.275436
434,4.340000,0.016888,-0.009378,-0.013606,0.999721,81.154930,420.698547,104.302612
435,4.350000,0.016817,-0.009959,-0.012881,0.999726,81.050674,420.703583,104.287354
436,4.360000,0.016777,-0.009214,-0.013689,0.999723,80.995003,420.692322,104.293785
437,4.370000,0.016881,-0.009584,-0.013151,0.999725,80.856789,420.633331,104.268440
438,4.380000,0.016925,-0.009494,-0.013242,0.999724,80.720772,420.580048,104.255264
439,4.390000,0.016951,-0.009368,-0.013297,0.999724,80.633682,420.581177,104.265480
440,4.400000,0.016998,-0.009007,-0.013849,0.999719,80.562683,420.636688,104.302467
441,4.410000,0.017067,-0.008878,-0.014375,0.999712,80.499535,420.687561,104.323021
442,4.420000,0.017208,-0.009348,-0.013675,0.999715,80.355301,420.695282,104.331985
443,4.430000,0.017121,-0.009203,-0.013581,0.999719,80.227753,420.665192,104.313591
444,4.440000,0.017018,-0.009142,-0.013453,0.999723,80.072289,420.617432,104.289101
445,4.450000,0.017038,-0.009590,-0.012892,0.999726,79.898201,420.565033,104.255264
446,4.460000,0.017069,-0.009841,-0.012663,0.999726,79.730927,420.541351,104.251419
447,4.470000,0.017095,-0.009797,-0.012780,0.999724,79.624992,420.556458,104.262039
448,4.480000,0.017144,-0.009369,-0.013416,0.999719,79.531776,420.596832,104.274231
449,4.490000,0.017549,-0.009024,-0.015665,0.999683,79.348442,420.602142,104.228371
450,4.500000,0.016786,-0.007382,-0.015632,0.999710,79.377068,420.683350,104.253288
451,4.510000,0.016712,-0.008039,-0.014720,0.999720,79.160515,420.659882,104.217346
452,4.520000,0.016515,-0.007858,-0.014982,0.999721,79.027519,420.682922,104.156456
453,4.530000,0.016466,-0.008450,-0.014459,0.999724,78.829819,420.676178,104.122337
454,4.540000,0.016448,-0.008411,-0.014624,0.999722,78.694061,420.693390,104.118347
455,4.550000,0.016501,-0.007909,-0.015089,0.999719,78.565712,420.725922,104.125465
456,4.560000,0.016549,-0.007864,-0.015232,0.999716,78.413612,420.748932,104.123802
457,4.570000,0.016612,-0.008322,-0.014812,0.999718,78.220123,420.731537,104.097679
458,4.580000,0.017215,-0.009568,-0.015586,0.999685,77.873680,420.667084,104.040695
459,4.590000,0.016525,-0.008158,-0.014971,0.999718,77.848190,420.744232,104.079048
460,4.600000,0.016360,-0.007800,-0.015320,0.999718,77.695206,420.753326,104.063179
461,4.610000,0.016278,-0.008303,-0.014421,0.999729,77.451035,420.734619,104.021393
462,4.620000,0.016233,-0.008482,-0.014410,0.999729,77.265137,420.735413,104.001656
463,4.630000,0.016216,-0.008499,-0.014368,0.999729,77.080467,420.754700,104.002953
464,4.640000,0.016234,-0.008705,-0.014573,0.999724,76.879723,420.762543,103.978424
465,4.650000,0.016164,-0.008844,-0.014177,0.999730,76.650909,420.759857,103.949783
466,4.660000,0.015946,-0.009737,-0.013403,0.999736,76.417450,420.763092,103.912956
467,4.670000,0.016045,-0.009620,-0.013308,0.999736,76.231560,420.759155,103.929886
468,4.680000,0.016168,-0.009683,-0.013261,0.999734,76.039818,420.766693,103.946045
469,4.690000,0.015736,-0.011367,-0.007829,0.999781,75.952652,420.779541,103.914162
470,4.700000,0.016220,-0.009035,-0.013398,0.999738,75.767960,420.797394,103.936859
471,4.710000,0.016237,-0.008638,-0.014259,0.999729,75.609894,420.802094,103.939995
472,4.720000,0.016258,-0.008026,-0.014405,0.999732,75.534836,420.810608,103.916084
473,4.730000,0.016383,-0.008382,-0.013793,0.999736,75.326988,420.746948,103.896301
474,4.740000,0.016407,-0.008325,-0.013861,0.999735,75.192711,420.707733,103.892700
475,4.750000,0.016476,-0.007996,-0.014348,0.999729,75.077209,420.711334,103.903419
476,4.760000,0.016505,-0.008676,-0.013609,0.999734,74.920967,420.737244,103.917801
477,4.770000,0.016453,-0.008704,-0.013912,0.999730,74.800873,420.769257,103.922569
478,4.780000,0.016446,-0.008424,-0.014201,0.999729,74.706055,420.777527,103.931900
479,4.790000,0.016467,-0.008311,-0.014347,0.999727,74.597397,420.774261,103.946266
480,4.800000,0.016510,-0.008004,-0.014671,0.999724,74.488617,420.782806,103.954636
481,4.810000,0.016588,-0.008417,-0.014491,0.999722,74.338951,420.781769,103.926941
482,4.820000,0.016603,-0.008544,-0.014250,0.999724,74.220192,420.793365,103.919411
483,4.830000,0.016595,-0.008741,-0.014273,0.999722,74.104889,420.797760,103.914131
484,4.840000,0.016703,-0.008771,-0.014384,0.999719,73.980286,420.766846,103.907974
485,4.850000,0.016693,-0.008665,-0.014468,0.999718,73.885010,420.741455,103.903076
486,4.860000,0.016742,-0.008293,-0.014608,0.999719,73.802895,420.733215,103.935036
487,4.870000,0.016863,-0.008516,-0.014347,0.999719,73.696251,420.737823,103.982628
488,4.880000,0.016813,-0.008444,-0.014741,0.999714,73.584320,420.760590,103.990395
489,4.890000,0.016574,-0.008442,-0.014806,0.999717,73.444946,420.755371,103.942970
490,4.900000,0.016445,-0.009109,-0.014208,0.999722,73.253242,420.711853,103.879623
491,4.910000,0.016501,-0.008569,-0.014288,0.999725,73.113716,420.697693,103.888184
492,4.920000,0.016114,-0.010935,-0.009061,0.999769,72.998375,420.705109,103.880089
493,4.930000,0.016539,-0.008898,-0.013771,0.999729,72.891403,420.744995,103.868263
494,4.940000,0.016513,-0.008440,-0.014609,0.999721,72.757828,420.751434,103.841629
495,4.950000,0.016422,-0.008347,-0.014719,0.999722,72.628403,420.733490,103.833984
496,4.960000,0.016595,-0.009024,-0.013843,0.999726,72.447235,420.702545,103.839401
497,4.970000,0.016735,-0.008738,-0.014073,0.999723,72.365852,420.705872,103.851601
498,4.980000,0.016760,-0.008763,-0.014269,0.999719,72.274605,420.720184,103.838722
499,4.990000,0.016765,-0.008882,-0.014409,0.999716,72.147217,420.709991,103.823509
500,5.000000,0.016710,-0.008602,-0.014588,0.999717,72.041573,420.707672,103.829346
501,5.010000,0.016705,-0.008337,-0.014680,0.999718,71.912338,420.714172,103.852318
502,5.020000,0.016676,-0.008053,-0.015068,0.999715,71.811729,420.724213,103.842659
503,5.030000,0.016575,-0.007872,-0.015326,0.999714,71.717613,420.741638,103.812630
504,5.040000,0.016520,-0.008264,-0.014971,0.999717,71.578186,420.747345,103.768806
505,5.050000,0.016507,-0.008152,-0.015216,0.999715,71.487221,420.777069,103.779823
506,5.060000,0.016658,-0.008912,-0.014109,0.999722,71.299850,420.780518,103.817345
507,5.070000,0.016623,-0.008849,-0.014273,0.999721,71.158646,420.773865,103.814636
508,5.080000,0.016624,-0.008801,-0.014509,0.999718,71.007355,420.740051,103.784760
509,5.090000,0.016285,-0.006748,-0.017859,0.999685,71.041229,420.781311,103.745010
510,5.100000,0.016024,-0.004623,-0.021147,0.999637,71.071281,420.835815,103.716644
511,5.110000,0.016145,-0.004355,-0.021150,0.999637,70.971115,420.866028,103.717583
512,5.120000,0.016273,-0.006054,-0.018779,0.999673,70.727394,420.855835,103.701447
513,5.130000,0.016212,-0.006139,-0.018501,0.999679,70.551254,420.849548,103.683174
514,5.140000,0.016148,-0.006352,-0.018235,0.999683,70.413857,420.819611,103.662941
515,5.150000,0.016188,-0.006892,-0.017728,0.999688,70.235970,420.783783,103.652252
516,5.160000,0.016159,-0.006234,-0.018234,0.999684,70.204727,420.804901,103.650513
517,5.170000,0.016310,-0.006336,-0.017865,0.999687,70.043205,420.844574,103.676216
518,5.180000,0.016392,-0.006471,-0.018076,0.999681,69.934067,420.848755,103.708229
519,5.190000,0.016248,-0.006668,-0.017756,0.999688,69.801964,420.841858,103.690948
520,5.200000,0.016224,-0.007217,-0.017172,0.999695,69.606476,420.810577,103.661606
521,5.210000,0.016209,-0.006943,-0.017050,0.999699,69.467720,420.797485,103.646835
522,5.220000,0.016148,-0.006824,-0.017361,0.999696,69.320953,420.794434,103.608246
523,5.230000,0.016036,-0.006612,-0.017641,0.999694,69.198631,420.807556,103.561752
524,5.240000,0.015839,-0.006495,-0.017887,0.999694,69.058922,420.839661,103.512939
525,5.250000,0.015880,-0.006752,-0.017603,0.999696,68.893776,420.855713,103.490410
526,5.260000,0.015838,-0.006555,-0.017638,0.999698,68.748970,420.887604,103.490776
527,5.270000,0.015773,-0.006315,-0.017993,0.999694,68.614311,420.931213,103.491341
528,5.280000,0.015781,-0.006683,-0.017963,0.999692,68.412651,420.942596,103.472641
529,5.290000,0.015710,-0.006554,-0.018308,0.999687,68.221512,420.931091,103.452477
530,5.300000,0.015737,-0.007214,-0.017487,0.999697,67.954430,420.879456,103.429749
531,5.310000,0.015828,-0.007136,-0.017165,0.999702,67.720863,420.848206,103.434486
532,5.320000,0.015833,-0.006671,-0.017476,0.999700,67.545494,420.859253,103.444870
533,5.330000,0.015835,-0.006231,-0.018385,0.999686,67.350395,420.880829,103.440117
534,5.340000,0.015760,-0.005740,-0.018851,0.999682,67.153770,420.890228,103.425308
535,5.350000,0.015867,-0.005953,-0.018515,0.999685,66.920753,420.873688,103.407379
536,5.360000,0.015782,-0.006389,-0.017800,0.999697,66.634453,420.888184,103.415482
537,5.370000,0.015805,-0.006766,-0.017761,0.999694,66.382141,420.873077,103.412376
538,5.380000,0.015760,-0.006648,-0.017997,0.999692,66.181450,420.869202,103.395325
539,5.390000,0.015760,-0.006985,-0.017664,0.999695,65.944145,420.859772,103.371582
540,5.400000,0.015794,-0.006519,-0.017980,0.999692,65.778717,420.869141,103.380630
541,5.410000,0.015825,-0.005998,-0.018269,0.999690,65.610619,420.883484,103.392181
542,5.420000,0.015930,-0.006133,-0.018291,0.999687,65.417809,420.876434,103.385391
543,5.430000,0.015949,-0.006097,-0.018531,0.999683,65.245468,420.859650,103.374161
544,5.440000,0.015995,-0.006771,-0.017942,0.999688,65.047554,420.828644,103.382324
545,5.450000,0.016059,-0.006773,-0.017868,0.999689,64.898209,420.819824,103.412300
546,5.460000,0.016051,-0.006478,-0.017914,0.999690,64.757072,420.835602,103.418053
547,5.470000,0.015995,-0.006083,-0.018355,0.999685,64.643974,420.851746,103.400536
548,5.480000,0.015906,-0.006289,-0.018259,0.999687,64.465317,420.838501,103.358604
549,5.490000,0.015987,-0.006136,-0.018294,0.999686,64.345505,420.820404,103.350174
550,5.500000,0.015988,-0.005877,-0.018503,0.999684,64.246185,420.843628,103.351608
551,5.510000,0.016120,-0.006697,-0.017825,0.999689,64.091347,420.842377,103.349976
552,5.520000,0.016156,-0.006702,-0.017861,0.999688,63.986012,420.843964,103.353661
553,5.530000,0.016069,-0.006619,-0.017941,0.999688,63.863823,420.852264,103.338715
554,5.540000,0.016103,-0.006200,-0.018224,0.999685,63.761086,420.853394,103.340416
555,5.550000,0.015966,-0.006253,-0.018335,0.999685,63.613758,420.869202,103.334145
556,5.560000,0.016027,-0.006392,-0.018656,0.999677,63.462952,420.867004,103.321327
557,5.570000,0.015976,-0.006401,-0.018729,0.999676,63.294941,420.848114,103.288261
558,5.580000,0.015990,-0.006763,-0.018418,0.999680,63.131824,420.815582,103.272568
559,5.590000,0.015971,-0.006604,-0.018164,0.999686,62.965469,420.821930,103.295700
560,5.600000,0.016045,-0.006630,-0.017899,0.999689,62.814697,420.820984,103.327034
561,5.610000,0.016022,-0.006418,-0.018035,0.999688,62.696369,420.824982,103.323753
562,5.620000,0.016021,-0.006424,-0.018053,0.999688,62.556393,420.815033,103.309471
563,5.630000,0.016068,-0.006072,-0.018413,0.999683,62.432514,420.797363,103.310234
564,5.640000,0.016139,-0.005995,-0.018296,0.999684,62.329212,420.797272,103.329857
565,5.650000,0.016215,-0.005932,-0.018516,0.999680,62.254616,420.807465,103.332222
566,5.660000,0.016145,-0.006263,-0.018145,0.999685,62.157997,420.809082,103.303238
567,5.670000,0.016096,-0.006449,-0.018065,0.999686,62.091431,420.802551,103.264778
568,5.680000,0.016094,-0.006651,-0.017833,0.999689,62.045612,420.807190,103.261787
569,5.690000,0.016125,-0.006438,-0.017857,0.999690,61.978752,420.829193,103.271179
570,5.700000,0.016101,-0.005897,-0.018439,0.999683,61.964268,420.850677,103.251640
571,5.710000,0.016003,-0.006293,-0.018165,0.999687,61.883770,420.858063,103.238029
572,5.720000,0.016051,-0.006635,-0.017925,0.999689,61.801537,420.848389,103.256714
573,5.730000,0.016123,-0.006340,-0.018307,0.999682,61.758068,420.845551,103.299141
574,5.740000,0.016300,-0.006265,-0.018124,0.999683,61.700130,420.836365,103.338432
575,5.750000,0.016381,-0.006255,-0.018162,0.999681,61.633125,420.831055,103.345451
576,5.760000,0.016255,-0.006268,-0.018211,0.999682,61.547810,420.808319,103.313171
577,5.770000,0.016104,-0.006228,-0.018226,0.999685,61.492004,420.795715,103.277946
578,5.780000,0.016135,-0.006199,-0.018322,0.999683,61.409191,420.799622,103.255592
579,5.790000,0.016200,-0.006134,-0.018490,0.999679,61.339729,420.809113,103.249649
580,5.800000,0.016172,-0.005594,-0.018852,0.999676,61.291630,420.821289,103.239845
581,5.810000,0.016092,-0.006072,-0.018348,0.999684,61.192505,420.824615,103.220024
582,5.820000,0.016128,-0.006133,-0.018390,0.999682,61.117310,420.828644,103.228180
583,5.830000,0.016186,-0.006094,-0.018505,0.999679,61.046730,420.835114,103.239532
584,5.840000,0.016273,-0.005727,-0.018711,0.999676,60.959499,420.844116,103.254494
585,5.850000,0.016271,-0.005568,-0.018870,0.999674,60.871483,420.853088,103.261833
586,5.860000,0.016243,-0.005561,-0.018969,0.999673,60.758301,420.851440,103.253311
587,5.870000,0.016125,-0.005479,-0.019103,0.999673,60.622177,420.828827,103.224518
588,5.880000,0.016070,-0.005564,-0.019199,0.999671,60.477554,420.816772,103.195381
589,5.890000,0.016046,-0.005658,-0.019312,0.999669,60.319893,420.819733,103.192177
590,5.900000,0.015998,-0.005861,-0.018894,0.999676,60.126133,420.820984,103.166908
591,5.910000,0.015937,-0.006057,-0.018619,0.999681,59.950607,420.832214,103.140350
592,5.920000,0.015902,-0.006185,-0.018338,0.999686,59.775776,420.841156,103.119331
593,5.930000,0.015423,-0.007780,-0.014737,0.999742,59.598595,420.856384,103.100990
594,5.940000,0.015856,-0.006131,-0.018345,0.999687,59.409386,420.863007,103.092567
595,5.950000,0.015992,-0.005756,-0.018745,0.999680,59.201973,420.861237,103.081978
596,5.960000,0.015964,-0.005697,-0.018847,0.999679,59.005184,420.867920,103.085724
597,5.970000,0.015941,-0.005626,-0.019021,0.999676,58.805801,420.855591,103.070908
598,5.980000,0.015922,-0.005683,-0.019287,0.999671,58.585011,420.851166,103.064217
599,5.990000,0.016018,-0.006235,-0.018679,0.999678,58.317600,420.846039,103.059952
600,6.000000,0.015659,-0.007750,-0.014959,0.999735,58.102333,420.851929,103.065865
601,6.010000,0.015902,-0.005677,-0.018630,0.999684,57.883747,420.884430,103.068382
602,6.020000,0.015930,-0.004988,-0.019696,0.999667,57.667877,420.880707,103.047028
603,6.030000,0.015966,-0.005065,-0.019639,0.999667,57.415012,420.887421,103.032349
604,6.040000,0.015920,-0.006172,-0.018907,0.999676,57.095818,420.904114,103.026512
605,6.050000,0.015864,-0.006065,-0.018941,0.999676,56.838806,420.901306,102.994339
606,6.060000,0.015828,-0.005452,-0.019179,0.999676,56.636475,420.898712,102.964310
607,6.070000,0.015883,-0.005535,-0.019179,0.999675,56.370972,420.907410,102.951546
608,6.080000,0.015837,-0.005537,-0.019517,0.999669,56.162830,420.911560,102.952072
609,6.090000,0.015791,-0.005188,-0.019757,0.999667,55.965916,420.929077,102.940247
610,6.100000,0.015794,-0.005256,-0.019513,0.999671,55.757133,420.938446,102.929085
611,6.110000,0.015908,-0.004844,-0.020046,0.999661,55.560719,420.945312,102.949608
612,6.120000,0.015872,-0.004847,-0.020048,0.999661,55.400982,420.961365,102.973969
613,6.130000,0.015598,-0.007179,-0.015551,0.999732,55.238220,420.949127,102.976349
614,6.140000,0.016101,-0.005457,-0.019557,0.999664,55.094307,420.965729,102.980904
615,6.150000,0.016157,-0.005292,-0.019826,0.999659,54.977104,420.970673,102.994972
616,6.160000,0.016271,-0.005049,-0.020020,0.999654,54.850868,420.975952,103.034660
617,6.170000,0.016410,-0.005047,-0.019908,0.999654,54.712162,420.983887,103.074142
618,6.180000,0.016431,-0.005087,-0.019934,0.999653,54.549850,420.971497,103.059563
619,6.190000,0.016404,-0.005218,-0.020151,0.999649,54.399635,420.935516,103.022713
620,6.200000,0.016332,-0.005517,-0.019616,0.999659,54.198559,420.916321,103.005455
621,6.210000,0.016404,-0.005183,-0.019883,0.999654,54.055130,420.934967,103.037086
622,6.220000,0.016431,-0.005276,-0.020171,0.999648,53.875797,420.943451,103.031120
623,6.230000,0.016254,-0.005535,-0.019893,0.999655,53.665691,420.916473,102.956818
624,6.240000,0.015710,-0.007228,-0.016093,0.999721,53.451084,420.874176,102.890755
625,6.250000,0.015733,-0.007462,-0.015157,0.999734,53.177029,420.868896,102.903687
626,6.260000,0.016306,-0.005566,-0.019160,0.999668,52.991932,420.875183,102.931046
627,6.270000,0.016342,-0.005263,-0.019689,0.999659,52.817902,420.887665,102.915100
628,6.280000,0.016219,-0.005247,-0.019643,0.999662,52.640530,420.918152,102.918556
629,6.290000,0.016301,-0.004537,-0.020608,0.999645,52.492512,420.941681,102.965912
630,6.300000,0.016440,-0.004362,-0.020713,0.999641,52.291512,420.975037,102.964531
631,6.310000,0.016091,-0.006663,-0.016360,0.999714,52.078743,420.993683,102.919891
632,6.320000,0.016373,-0.004993,-0.019627,0.999661,51.848404,420.993042,102.866615
633,6.330000,0.016216,-0.004600,-0.020043,0.999657,51.677563,420.951996,102.846405
634,6.340000,0.016275,-0.004533,-0.019919,0.999659,51.492607,420.925720,102.877800
635,6.350000,0.016392,-0.005038,-0.019189,0.999669,51.245865,420.926025,102.896423
636,6.360000,0.016444,-0.005038,-0.019263,0.999667,51.057686,420.920868,102.886612
637,6.370000,0.016334,-0.004991,-0.019249,0.999669,50.860943,420.909363,102.864899
638,6.380000,0.016161,-0.004623,-0.019398,0.999671,50.687035,420.898132,102.856667
639,6.390000,0.016227,-0.005029,-0.018862,0.999678,50.468838,420.878082,102.843132
640,6.400000,0.016245,-0.005205,-0.018887,0.999676,50.317184,420.880005,102.818573
641,6.410000,0.015870,-0.006829,-0.015785,0.999726,50.164070,420.890869,102.774658
642,6.420000,0.015684,-0.006685,-0.015492,0.999735,50.050339,420.905243,102.756721
643,6.430000,0.015701,-0.006368,-0.016103,0.999727,49.945377,420.906189,102.743103
644,6.440000,0.015701,-0.006365,-0.016208,0.999725,49.853149,420.912048,102.727333
645,6.450000,0.015930,-0.005183,-0.018779,0.999683,49.793388,420.937866,102.706039
646,6.460000,0.016020,-0.005162,-0.018805,0.999681,49.704380,420.952301,102.703957
647,6.470000,0.016031,-0.004907,-0.019157,0.999676,49.622223,420.967194,102.718178
648,6.480000,0.016014,-0.004762,-0.019149,0.999677,49.527939,420.986908,102.737663
649,6.490000,0.016005,-0.004398,-0.019539,0.999671,49.411873,421.020142,102.757362
650,6.500000,0.016084,-0.004614,-0.019614,0.999668,49.268780,421.028381,102.748528
651,6.510000,0.016072,-0.004536,-0.019967,0.999661,49.123882,421.044678,102.741493
652,6.520000,0.016003,-0.004968,-0.019336,0.999673,48.907135,421.039948,102.711891
653,6.530000,0.015805,-0.005783,-0.017324,0.999708,48.709686,420.993042,102.674133
654,6.540000,0.015761,-0.006127,-0.016754,0.999717,48.461468,420.941040,102.645241
655,6.550000,0.016262,-0.005270,-0.018784,0.999677,48.245735,420.983795,102.596893
656,6.560000,0.016477,-0.004679,-0.019353,0.999666,48.061428,421.049927,102.598381
657,6.570000,0.016563,-0.004504,-0.019445,0.999664,47.877327,421.087372,102.619957
658,6.580000,0.016291,-0.004525,-0.019188,0.999673,47.616447,421.093811,102.601105
659,6.590000,0.016094,-0.005275,-0.017892,0.999697,47.308807,421.031311,102.537643
660,6.600000,0.015910,-0.006625,-0.014797,0.999742,47.070236,420.952637,102.509308
661,6.610000,0.015900,-0.006853,-0.014194,0.999749,46.818542,420.962646,102.504120
662,6.620000,0.016059,-0.005201,-0.017278,0.999708,46.652943,421.026428,102.517273
663,6.630000,0.016005,-0.005129,-0.017566,0.999705,46.458862,421.034790,102.501900
664,6.640000,0.015992,-0.005746,-0.016880,0.999713,46.238613,421.017883,102.484093
665,6.650000,0.015989,-0.005453,-0.017414,0.999706,46.031868,421.022400,102.481506
666,6.660000,0.015962,-0.005342,-0.017146,0.999711,45.835655,421.030884,102.467033
667,6.670000,0.015855,-0.006419,-0.014467,0.999749,45.630432,420.994629,102.440559
668,6.680000,0.015731,-0.006938,-0.013997,0.999754,45.410427,420.982941,102.391403
669,6.690000,0.015653,-0.006995,-0.013745,0.999759,45.223473,420.976868,102.360565
670,6.700000,0.015629,-0.007162,-0.013342,0.999763,45.056595,420.973206,102.353142
671,6.710000,0.015717,-0.006008,-0.016483,0.999723,44.910400,421.018677,102.383148
672,6.720000,0.015724,-0.005660,-0.016826,0.999719,44.803650,421.016785,102.401001
673,6.730000,0.015764,-0.005776,-0.016637,0.999721,44.698078,420.993805,102.407219
674,6.740000,0.015762,-0.005884,-0.016411,0.999724,44.599323,420.962982,102.403908
675,6.750000,0.015758,-0.005989,-0.016103,0.999728,44.522705,420.943268,102.415833
676,6.760000,0.015791,-0.006552,-0.015139,0.999739,44.407745,420.932953,102.431488
677,6.770000,0.015838,-0.007040,-0.014492,0.999745,44.294758,420.912964,102.418922
678,6.780000,0.015882,-0.007302,-0.014396,0.999744,44.183418,420.898682,102.384674
679,6.790000,0.015853,-0.007159,-0.014687,0.999741,44.078201,420.914581,102.373650
680,6.800000,0.015981,-0.007156,-0.014541,0.999741,43.925972,420.930511,102.399292
681,6.810000,0.016062,-0.006875,-0.014919,0.999736,43.775051,420.949829,102.429230
682,6.820000,0.016163,-0.007382,-0.013625,0.999749,43.575272,420.937134,102.429840
683,6.830000,0.015921,-0.007534,-0.013230,0.999757,43.296925,420.947754,102.390877
684,6.840000,0.015789,-0.006519,-0.015404,0.999735,42.976814,420.941071,102.338402
685,6.850000,0.015803,-0.006734,-0.014840,0.999742,42.623779,420.892212,102.298454
686,6.860000,0.015759,-0.007246,-0.014032,0.999751,42.259556,420.862305,102.269958
687,6.870000,0.015792,-0.007617,-0.013019,0.999762,41.920040,420.862213,102.265846
688,6.880000,0.015616,-0.006921,-0.014247,0.999753,41.603405,420.926453,102.278809
689,6.890000,0.015752,-0.007392,-0.013886,0.999752,41.127335,420.946594,102.292152
690,6.900000,0.015682,-0.006822,-0.014437,0.999750,40.727318,420.940674,102.296852
691,6.910000,0.015701,-0.007315,-0.013582,0.999758,40.292179,420.900330,102.266289
692,6.920000,0.015730,-0.007682,-0.012661,0.999767,39.798340,420.880463,102.203796
693,6.930000,0.015554,-0.007492,-0.013252,0.999763,39.329060,420.863403,102.129608
694,6.940000,0.015452,-0.007860,-0.013063,0.999764,38.875065,420.826843,102.088066
695,6.950000,0.015388,-0.007611,-0.012843,0.999770,38.483025,420.813690,102.089340
696,6.960000,0.015412,-0.007545,-0.012483,0.999775,38.112820,420.822845,102.115791
697,6.970000,0.015689,-0.008643,-0.011086,0.999778,37.740845,420.787354,102.124847
698,6.980000,0.015733,-0.006830,-0.015190,0.999738,37.444801,420.757385,102.182663
699,6.990000,0.015977,-0.005545,-0.018150,0.999692,37.140774,420.752991,102.186813
700,7.000000,0.015592,-0.007505,-0.013154,0.999764,36.916969,420.760406,102.131790
701,7.010000,0.015463,-0.007763,-0.012518,0.999772,36.737007,420.755371,102.091949
702,7.020000,0.015388,-0.007935,-0.012190,0.999776,36.585506,420.741516,102.059303
703,7.030000,0.015343,-0.008421,-0.011626,0.999779,36.447670,420.721771,102.037704
704,7.040000,0.015331,-0.008381,-0.011582,0.999780,36.406418,420.719391,102.043839
705,7.050000,0.015482,-0.008456,-0.011354,0.999780,36.427547,420.712830,102.047859
706,7.060000,0.015522,-0.008452,-0.011510,0.999778,36.520058,420.732880,102.046379
707,7.070000,0.015591,-0.008449,-0.011568,0.999776,36.585472,420.749481,102.037682
708,7.080000,0.015497,-0.008190,-0.012583,0.999767,36.633663,420.781189,102.031570
709,7.090000,0.015489,-0.007658,-0.013136,0.999765,36.708035,420.785675,102.032860
710,7.100000,0.015508,-0.007679,-0.012937,0.999767,36.752426,420.778229,102.012672
711,7.110000,0.015462,-0.007948,-0.012673,0.999769,36.775257,420.773651,101.980865
712,7.120000,0.015397,-0.007813,-0.012893,0.999768,36.804440,420.771545,101.952049
713,7.130000,0.015361,-0.007915,-0.012741,0.999770,36.787624,420.759094,101.933578
714,7.140000,0.015376,-0.008064,-0.012521,0.999771,36.761387,420.732300,101.936829
715,7.150000,0.015423,-0.008351,-0.011882,0.999776,36.722603,420.698334,101.951073
716,7.160000,0.015510,-0.008990,-0.011124,0.999777,36.670258,420.656281,101.965080
717,7.170000,0.015510,-0.008855,-0.011075,0.999779,36.672939,420.648560,101.991417
718,7.180000,0.015392,-0.008290,-0.011550,0.999780,36.722145,420.679688,102.012863
719,7.190000,0.015251,-0.008644,-0.010886,0.999787,36.763313,420.692200,101.998779
720,7.200000,0.015196,-0.008733,-0.010654,0.999790,36.788376,420.693756,101.978889
721,7.210000,0.015136,-0.008931,-0.010546,0.999790,36.832016,420.678223,101.955917
722,7.220000,0.015375,-0.009728,-0.009381,0.999790,36.852306,420.616089,101.946991
723,7.230000,0.015295,-0.009692,-0.009562,0.999790,36.920769,420.618958,101.971046
724,7.240000,0.015314,-0.009718,-0.009461,0.999791,37.028244,420.609467,102.003258
725,7.250000,0.015492,-0.009831,-0.009137,0.999790,37.177486,420.563202,102.018822
726,7.260000,0.015500,-0.010224,-0.008821,0.999789,37.315628,420.541504,102.029488
727,7.270000,0.015247,-0.009830,-0.009855,0.999787,37.528408,420.537720,102.088486
728,7.280000,0.015243,-0.010429,-0.008638,0.999792,37.784576,420.625336,102.052956
729,7.290000,0.015250,-0.010406,-0.008926,0.999790,38.060352,420.697937,102.052956
730,7.300000,0.015244,-0.010250,-0.009642,0.999785,38.388775,420.764618,102.068573
731,7.310000,0.015221,-0.010015,-0.010027,0.999784,38.683483,420.781281,102.083015
732,7.320000,0.015151,-0.010116,-0.009974,0.999784,38.968769,420.683899,102.112457
733,7.330000,0.015187,-0.009313,-0.011320,0.999777,39.251541,420.611450,102.103828
734,7.340000,0.015303,-0.008715,-0.012801,0.999763,39.554436,420.555969,102.094498
735,7.350000,0.015397,-0.007447,-0.014718,0.999745,39.919476,420.535065,102.094147
736,7.360000,0.015451,-0.007010,-0.016259,0.999724,40.314705,420.576843,102.111794
737,7.370000,0.014990,-0.009057,-0.012067,0.999774,40.706444,420.657318,102.128830
738,7.380000,0.014837,-0.010548,-0.008795,0.999796,41.215244,420.763306,102.093399
739,7.390000,0.014939,-0.010910,-0.008589,0.999792,41.678074,420.807465,102.101608
740,7.400000,0.014939,-0.011269,-0.008356,0.999790,42.096958,420.808411,102.118073
741,7.410000,0.015088,-0.011110,-0.008222,0.999791,42.590370,420.770844,102.138519
742,7.420000,0.015015,-0.010982,-0.008498,0.999791,43.085075,420.760773,102.144775
743,7.430000,0.015064,-0.011217,-0.008521,0.999787,43.611725,420.718933,102.147362
744,7.440000,0.015193,-0.011170,-0.008089,0.999790,44.191917,420.673248,102.185860
745,7.450000,0.015222,-0.010041,-0.010009,0.999784,44.820385,420.725098,102.246094
746,7.460000,0.015229,-0.010277,-0.009814,0.999783,45.457653,420.754181,102.265175
747,7.470000,0.015191,-0.011095,-0.007506,0.999795,46.160542,420.744202,102.284607
748,7.480000,0.015364,-0.009173,-0.012065,0.999767,46.798649,420.792328,102.335022
749,7.490000,0.015553,-0.009373,-0.012057,0.999762,47.467056,420.794495,102.373825
750,7.500000,0.015617,-0.009126,-0.012897,0.999753,48.131298,420.796722,102.409492
751,7.510000,0.015741,-0.008451,-0.013605,0.999748,48.864578,420.791779,102.438103
752,7.520000,0.015659,-0.009024,-0.012945,0.999753,49.539539,420.773499,102.437256
753,7.530000,0.015661,-0.009144,-0.013197,0.999749,50.211952,420.757385,102.462234
754,7.540000,0.015045,-0.010397,-0.009818,0.999785,50.909657,420.680908,102.602242
755,7.550000,0.015339,-0.009004,-0.013085,0.999756,51.571259,420.667847,102.663216
756,7.560000,0.015155,-0.010407,-0.009935,0.999782,52.222454,420.636444,102.682014
757,7.570000,0.015410,-0.008874,-0.013207,0.999755,52.877823,420.650513,102.732239
758,7.580000,0.015493,-0.008966,-0.012704,0.999759,53.536369,420.673309,102.785645
759,7.590000,0.015507,-0.009048,-0.012878,0.999756,54.147491,420.685394,102.819290
760,7.600000,0.015464,-0.008961,-0.013223,0.999753,54.785271,420.701050,102.834007
761,7.610000,0.015511,-0.009000,-0.012875,0.999756,55.397243,420.715149,102.843300
762,7.620000,0.015456,-0.009031,-0.013233,0.999752,56.014977,420.717224,102.875031
763,7.630000,0.015436,-0.008813,-0.013179,0.999755,56.605518,420.718018,102.937004
764,7.640000,0.015502,-0.008464,-0.013735,0.999750,57.251045,420.694061,102.977684
765,7.650000,0.015463,-0.008312,-0.013589,0.999754,57.811939,420.694092,103.012177
766,7.660000,0.015417,-0.008887,-0.012862,0.999759,58.362461,420.681274,103.021362
767,7.670000,0.015503,-0.008860,-0.013355,0.999751,58.952194,420.658661,103.055374
768,7.680000,0.015445,-0.008634,-0.013924,0.999747,59.520824,420.658600,103.092926
769,7.690000,0.015549,-0.009465,-0.013003,0.999750,59.990894,420.621155,103.104012
770,7.700000,0.015588,-0.008856,-0.013213,0.999752,60.545689,420.631561,103.136917
771,7.710000,0.015585,-0.009175,-0.013142,0.999750,60.990444,420.618744,103.164688
772,7.720000,0.015588,-0.009168,-0.013107,0.999751,61.499340,420.620178,103.218040
773,7.730000,0.015645,-0.009627,-0.012570,0.999752,61.936394,420.613403,103.245224
774,7.740000,0.015600,-0.008865,-0.013333,0.999750,62.428719,420.634491,103.267532
775,7.750000,0.015675,-0.009215,-0.013154,0.999748,62.835796,420.625153,103.266953
776,7.760000,0.015676,-0.009321,-0.012848,0.999751,63.246288,420.610657,103.287094
777,7.770000,0.015641,-0.009352,-0.012703,0.999753,63.704044,420.605408,103.316406
778,7.780000,0.015589,-0.008793,-0.013305,0.999751,64.132965,420.617737,103.353630
779,7.790000,0.015678,-0.009209,-0.012972,0.999751,64.535568,420.615784,103.376167
780,7.800000,0.015778,-0.009758,-0.012509,0.999750,64.908485,420.609924,103.401299
781,7.810000,0.015757,-0.008910,-0.012975,0.999752,65.344170,420.625854,103.453247
782,7.820000,0.015935,-0.008749,-0.013348,0.999746,65.739067,420.623596,103.499321
783,7.830000,0.015899,-0.008678,-0.013446,0.999746,66.149429,420.617889,103.534187
784,7.840000,0.015988,-0.009385,-0.012804,0.999746,66.504158,420.599365,103.562531
785,7.850000,0.016105,-0.009485,-0.012774,0.999744,66.876579,420.600861,103.598534
786,7.860000,0.016083,-0.009347,-0.012889,0.999744,67.281769,420.621552,103.625221
787,7.870000,0.016083,-0.009138,-0.013087,0.999743,67.669144,420.632355,103.633690
788,7.880000,0.016075,-0.008867,-0.013274,0.999743,68.078247,420.646667,103.653351
789,7.890000,0.016044,-0.009619,-0.012776,0.999743,68.456024,420.661591,103.646111
790,7.900000,0.016007,-0.009014,-0.013663,0.999738,68.880318,420.698700,103.660591
791,7.910000,0.016032,-0.009006,-0.013314,0.999742,69.292473,420.729675,103.672264
792,7.920000,0.015922,-0.009238,-0.013222,0.999743,69.695824,420.752014,103.679840
793,7.930000,0.015867,-0.008873,-0.013750,0.999740,70.166298,420.759216,103.685486
794,7.940000,0.015949,-0.009319,-0.013326,0.999741,70.550194,420.751587,103.701035
795,7.950000,0.015855,-0.009111,-0.013581,0.999741,70.996765,420.754974,103.723625
796,7.960000,0.015788,-0.008985,-0.013607,0.999742,71.441399,420.757507,103.737442
797,7.970000,0.015827,-0.008704,-0.014104,0.999737,71.896667,420.758911,103.760803
798,7.980000,0.015842,-0.008692,-0.013731,0.999742,72.295059,420.759277,103.762932
799,7.990000,0.015767,-0.008545,-0.013958,0.999742,72.722466,420.772522,103.776978
800,8.000000,0.015665,-0.008970,-0.013651,0.999744,73.154205,420.783173,103.779289
801,8.010000,0.015803,-0.009353,-0.013192,0.999744,73.531807,420.768555,103.794609
802,8.020000,0.015813,-0.008924,-0.013958,0.999738,73.983452,420.776917,103.827370
803,8.030000,0.015880,-0.009227,-0.013423,0.999741,74.392265,420.769257,103.861267
804,8.040000,0.015913,-0.008949,-0.013685,0.999740,74.826706,420.776154,103.910133
805,8.050000,0.016058,-0.009419,-0.012900,0.999744,75.227745,420.752899,103.943695
806,8.060000,0.016051,-0.008795,-0.014085,0.999733,75.707642,420.758759,103.979164
807,8.070000,0.016061,-0.009147,-0.013275,0.999741,76.127510,420.752594,103.991714
808,8.080000,0.016026,-0.009011,-0.013381,0.999741,76.574486,420.749390,104.001160
809,8.090000,0.016013,-0.008638,-0.013856,0.999739,77.067093,420.763275,104.021835
810,8.100000,0.015936,-0.008356,-0.014036,0.999740,77.542656,420.800049,104.039383
811,8.110000,0.015907,-0.008768,-0.013792,0.999740,78.022316,420.815369,104.046089
812,8.120000,0.016486,-0.009639,-0.014881,0.999707,78.358551,420.778076,104.011742
813,8.130000,0.015793,-0.008509,-0.014508,0.999734,79.029648,420.849426,104.058693
814,8.140000,0.015706,-0.008586,-0.014017,0.999742,79.528854,420.855408,104.070442
815,8.150000,0.016439,-0.010360,-0.014149,0.999711,79.838516,420.769135,104.042015
816,8.160000,0.015776,-0.008420,-0.014243,0.999739,80.562828,420.831970,104.111496
817,8.170000,0.015662,-0.008399,-0.013749,0.999748,81.103531,420.845734,104.145287
818,8.180000,0.016405,-0.009198,-0.015328,0.999706,81.536308,420.765106,104.130539
819,8.190000,0.015931,-0.008939,-0.014015,0.999735,82.218948,420.828339,104.192329
820,8.200000,0.015841,-0.009149,-0.013744,0.999738,82.843475,420.868439,104.232254
821,8.210000,0.016617,-0.017873,-0.004247,0.999693,83.018921,420.681244,104.112648
822,8.220000,0.016024,-0.009714,-0.013070,0.999739,84.111290,420.874084,104.290604
823,8.230000,0.015746,-0.007989,-0.014819,0.999734,84.920769,420.937317,104.346344
824,8.240000,0.015876,-0.008356,-0.014615,0.999732,85.587196,420.925842,104.362724
825,8.250000,0.015754,-0.008413,-0.014628,0.999734,86.309326,420.939484,104.395767
826,8.260000,0.017162,-0.015453,-0.009524,0.999688,86.561584,420.722046,104.281639
827,8.270000,0.015747,-0.008355,-0.014515,0.999736,87.879585,420.944550,104.468834
828,8.280000,0.017376,-0.016431,-0.009009,0.999673,88.108208,420.685608,104.351974
829,8.290000,0.016208,-0.009822,-0.013248,0.999733,89.381058,420.885284,104.547401
830,8.300000,0.017113,-0.015247,-0.008194,0.999704,89.891747,420.757233,104.506493
831,8.310000,0.015595,-0.010981,-0.007958,0.999786,91.228745,420.948639,104.720497
832,8.320000,0.017308,-0.015263,-0.008449,0.999698,91.684021,420.809448,104.648705
833,8.330000,0.017449,-0.010391,-0.014839,0.999684,92.746811,420.891724,104.770012
834,8.340000,0.017369,-0.014807,-0.008684,0.999702,93.546036,420.825317,104.737923
835,8.350000,0.016624,-0.007860,-0.013970,0.999733,94.885818,420.973999,104.954468
836,8.360000,0.017670,-0.014423,-0.008848,0.999701,95.384605,420.805725,104.862831
837,8.370000,0.016876,-0.008186,-0.014018,0.999726,96.728256,420.964355,105.071785
838,8.380000,0.017796,-0.013594,-0.009629,0.999703,97.291176,420.834198,105.015472
839,8.390000,0.017147,-0.007961,-0.014862,0.999711,98.548256,420.992188,105.202316
840,8.400000,0.018069,-0.013308,-0.009967,0.999699,99.114685,420.847778,105.159325
841,8.410000,0.018090,-0.015062,-0.008940,0.999683,99.961357,420.821655,105.143478
842,8.420000,0.017086,-0.008205,-0.015005,0.999708,101.264282,420.985352,105.287506
843,8.430000,0.017699,-0.014849,-0.009043,0.999692,101.757378,420.834076,105.148750
844,8.440000,0.016681,-0.007703,-0.015709,0.999708,103.115685,421.004639,105.300034
845,8.450000,0.017339,-0.013838,-0.009894,0.999705,103.571327,420.883209,105.165085
846,8.460000,0.016480,-0.007521,-0.015246,0.999720,104.867256,421.065338,105.296928
847,8.470000,0.017782,-0.014967,-0.010431,0.999676,105.202042,420.823364,105.166656
848,8.480000,0.016255,-0.011362,-0.009704,0.999756,106.496773,420.993439,105.293175
849,8.490000,0.016457,-0.021260,0.003699,0.999632,106.948006,420.811829,105.165108
850,8.500000,0.013619,-0.021727,0.015889,0.999545,108.366531,420.972809,105.304474
851,8.510000,0.014678,-0.030107,0.022512,0.999185,108.681320,420.760406,105.138763
852,8.520000,0.013537,-0.021720,0.013769,0.999578,109.979767,420.984924,105.298668
853,8.530000,0.014507,-0.027388,0.016479,0.999384,110.400124,420.813873,105.173141
854,8.540000,0.013397,-0.019332,0.008274,0.999689,111.682526,421.022186,105.355095
855,8.550000,0.014579,-0.025641,0.012914,0.999481,112.103897,420.822479,105.248604
856,8.560000,0.015893,-0.023811,0.006767,0.999567,112.835030,420.774475,105.246071
857,8.570000,0.017022,-0.018623,-0.004364,0.999672,113.638580,420.789978,105.312180
858,8.580000,0.016196,-0.011077,-0.011871,0.999737,114.815201,420.988678,105.462250
859,8.590000,0.016975,-0.017300,-0.006311,0.999686,115.213158,420.813690,105.373329
860,8.600000,0.016204,-0.011217,-0.012221,0.999731,116.304207,420.975555,105.510483
861,8.610000,0.017239,-0.017094,-0.007548,0.999677,116.599785,420.791077,105.423668
862,8.620000,0.017133,-0.016864,-0.007648,0.999682,117.336365,420.785156,105.468262
863,8.630000,0.017200,-0.016347,-0.008261,0.999684,118.000465,420.759338,105.511574
864,8.640000,0.016508,-0.009769,-0.014668,0.999708,119.058586,420.922180,105.669533
865,8.650000,0.016601,-0.008514,-0.016296,0.999693,119.772141,420.932190,105.721497
866,8.660000,0.017470,-0.015056,-0.010550,0.999678,120.012932,420.753174,105.642609
867,8.670000,0.017803,-0.015587,-0.010179,0.999668,120.622795,420.730835,105.686035
868,8.680000,0.017695,-0.016241,-0.008754,0.999673,121.267929,420.732819,105.723862
869,8.690000,0.017766,-0.016591,-0.008477,0.999669,121.894753,420.749023,105.745003
870,8.700000,0.016805,-0.009722,-0.015092,0.999698,122.940384,420.949493,105.873016
871,8.710000,0.016736,-0.014858,-0.008293,0.999715,123.327835,420.871185,105.813179
872,8.720000,0.017662,-0.016692,-0.008231,0.999671,123.741608,420.733429,105.818138
873,8.730000,0.016884,-0.009822,-0.015188,0.999694,124.750526,420.904175,105.973251
874,8.740000,0.017729,-0.016350,-0.008760,0.999671,124.952156,420.723511,105.885399
875,8.750000,0.016751,-0.015147,-0.007907,0.999714,125.730949,420.828796,105.931160
876,8.760000,0.016525,-0.009435,-0.014627,0.999712,126.562340,420.916656,106.033356
877,8.770000,0.017403,-0.015478,-0.009307,0.999685,126.775238,420.716156,105.939751
878,8.780000,0.016749,-0.009211,-0.015284,0.999700,127.733025,420.871918,106.078690
879,8.790000,0.017552,-0.015685,-0.009160,0.999681,127.930077,420.709900,106.003319
880,8.800000,0.016784,-0.009703,-0.014955,0.999700,128.867050,420.870117,106.135323
881,8.810000,0.016605,-0.008641,-0.016246,0.999693,129.510178,420.917938,106.170319
882,8.820000,0.017513,-0.016001,-0.009081,0.999677,129.611130,420.730194,106.073776
883,8.830000,0.016721,-0.008704,-0.015800,0.999698,130.608749,420.909424,106.222328
884,8.840000,0.016567,-0.008372,-0.016458,0.999692,131.178391,420.921997,106.230965
885,8.850000,0.017446,-0.015644,-0.009692,0.999678,131.287704,420.734528,106.100235
886,8.860000,0.016524,-0.008646,-0.016169,0.999695,132.257080,420.938904,106.242416
887,8.870000,0.016452,-0.008485,-0.016384,0.999694,132.783264,420.957825,106.273987
888,8.880000,0.017338,-0.015572,-0.009756,0.999681,132.872589,420.769714,106.153404
889,8.890000,0.016415,-0.008645,-0.016222,0.999696,133.809906,420.952484,106.279556
890,8.900000,0.016256,-0.008146,-0.016669,0.999696,134.356674,420.957764,106.291313
891,8.910000,0.017187,-0.015824,-0.009281,0.999684,134.407684,420.741821,106.182304
892,8.920000,0.016459,-0.008702,-0.016038,0.999698,135.350830,420.914642,106.341789
893,8.930000,0.017460,-0.016578,-0.008630,0.999673,135.399109,420.686005,106.227638
894,8.940000,0.017458,-0.016860,-0.008253,0.999671,135.883850,420.677002,106.265862
895,8.950000,0.016633,-0.009579,-0.015230,0.999700,136.837311,420.868988,106.437279
896,8.960000,0.017570,-0.016457,-0.008783,0.999672,136.927444,420.667999,106.349419
897,8.970000,0.017561,-0.017114,-0.008253,0.999665,137.386887,420.669281,106.369095
898,8.980000,0.016692,-0.009658,-0.015276,0.999697,138.308121,420.882935,106.516586
899,8.990000,0.017609,-0.016564,-0.008784,0.999669,138.345016,420.692841,106.410431
900,9.000000,0.017602,-0.016845,-0.008420,0.999668,138.762985,420.692169,106.420532
901,9.010000,0.017497,-0.016859,-0.008490,0.999669,139.218704,420.698212,106.419876
902,9.020000,0.015514,-0.008276,-0.014007,0.999747,140.232071,421.008545,106.619370
903,9.030000,0.017471,-0.016443,-0.008980,0.999672,140.027740,420.709961,106.460899
904,9.040000,0.017429,-0.016313,-0.008868,0.999676,140.412491,420.706696,106.468292
905,9.050000,0.017449,-0.016870,-0.008377,0.999670,140.752319,420.699188,106.476868
906,9.060000,0.016461,-0.009142,-0.015844,0.999697,141.579987,420.912750,106.616226
907,9.070000,0.017431,-0.016351,-0.008858,0.999675,141.508682,420.706390,106.496834
908,9.080000,0.017420,-0.016927,-0.008265,0.999671,141.806686,420.693604,106.505478
909,9.090000,0.017322,-0.016503,-0.008846,0.999675,142.129532,420.699310,106.504654
910,9.100000,0.016348,-0.009036,-0.015968,0.999698,142.865997,420.906921,106.642426
911,9.110000,0.017284,-0.015644,-0.009476,0.999683,142.741882,420.709900,106.548462
912,9.120000,0.017430,-0.016985,-0.008071,0.999671,142.932968,420.658539,106.556824
913,9.130000,0.017323,-0.016785,-0.008428,0.999673,143.195160,420.651184,106.568138
914,9.140000,0.017293,-0.016608,-0.008639,0.999675,143.448303,420.645020,106.579765
915,9.150000,0.017360,-0.016487,-0.008581,0.999677,143.701019,420.634644,106.602203
916,9.160000,0.017401,-0.016434,-0.008450,0.999678,143.958511,420.630859,106.612373
917,9.170000,0.017376,-0.016495,-0.008669,0.999675,144.225372,420.636169,106.615242
918,9.180000,0.017351,-0.016736,-0.008439,0.999674,144.438919,420.638214,106.623238
919,9.190000,0.017361,-0.016653,-0.008459,0.999675,144.671753,420.639801,106.647186
920,9.200000,0.017432,-0.016616,-0.008493,0.999674,144.904861,420.646637,106.665596
921,9.210000,0.017428,-0.016604,-0.008564,0.999674,145.124939,420.646393,106.668365
922,9.220000,0.017422,-0.016656,-0.008387,0.999674,145.313080,420.643829,106.669136
923,9.230000,0.017399,-0.016813,-0.008246,0.999673,145.476624,420.642212,106.670853
924,9.240000,0.017340,-0.017008,-0.008189,0.999671,145.623093,420.639191,106.663162
925,9.250000,0.017310,-0.016589,-0.008626,0.999675,145.770355,420.640686,106.653175
926,9.260000,0.017290,-0.016644,-0.008701,0.999674,145.902512,420.643036,106.641891
927,9.270000,0.017265,-0.016493,-0.008850,0.999676,146.014191,420.642212,106.641319
928,9.280000,0.017268,-0.016475,-0.008724,0.999677,146.096649,420.636963,106.637833
929,9.290000,0.017247,-0.016804,-0.008422,0.999675,146.168991,420.628326,106.634689
930,9.300000,0.017271,-0.016975,-0.008130,0.999674,146.247879,420.625031,106.643723
931,9.310000,0.017275,-0.016733,-0.008243,0.999677,146.342377,420.626953,106.661591
932,9.320000,0.017285,-0.016672,-0.008276,0.999677,146.423370,420.629913,106.676018
933,9.330000,0.016268,-0.009107,-0.015391,0.999708,146.946991,420.844818,106.809464
934,9.340000,0.017237,-0.016381,-0.008653,0.999680,146.590988,420.639130,106.680054
935,9.350000,0.016154,-0.008399,-0.016119,0.999704,147.148682,420.860565,106.821609
936,9.360000,0.016962,-0.015096,-0.009763,0.999695,146.815674,420.675751,106.691261
937,9.370000,0.017122,-0.016434,-0.008516,0.999682,146.810623,420.627991,106.646820
938,9.380000,0.017080,-0.016183,-0.008867,0.999684,146.894577,420.621155,106.638763
939,9.390000,0.017074,-0.016223,-0.008575,0.999686,146.975021,420.609802,106.640457
940,9.400000,0.016148,-0.008796,-0.015766,0.999707,147.498764,420.808899,106.783394
941,9.410000,0.017142,-0.016342,-0.008647,0.999682,147.106705,420.599823,106.673447
942,9.420000,0.017181,-0.016508,-0.008445,0.999681,147.152985,420.590881,106.699059
943,9.430000,0.017252,-0.016619,-0.008299,0.999679,147.176407,420.569855,106.726059
944,9.440000,0.017244,-0.016628,-0.008182,0.999680,147.191345,420.550415,106.735512
945,9.450000,0.017230,-0.016614,-0.008062,0.999681,147.187485,420.531006,106.732758
946,9.460000,0.017223,-0.016645,-0.007951,0.999681,147.173843,420.516815,106.721626
947,9.470000,0.017199,-0.016673,-0.007878,0.999682,147.154984,420.507507,106.703789
948,9.480000,0.017190,-0.016682,-0.007824,0.999682,147.140320,420.502960,106.679436
949,9.490000,0.017120,-0.016645,-0.007806,0.999684,147.130447,420.498291,106.666138
950,9.500000,0.017092,-0.016675,-0.007693,0.999685,147.118866,420.486145,106.666138
951,9.510000,0.017069,-0.017125,-0.007349,0.999681,147.104584,420.469025,106.663521
952,9.520000,0.016980,-0.016864,-0.007372,0.999686,147.067062,420.451935,106.655121
953,9.530000,0.015923,-0.009191,-0.014635,0.999724,147.502380,420.648804,106.778122
954,9.540000,0.016905,-0.016667,-0.007598,0.999689,147.031311,420.425873,106.632484
955,9.550000,0.016877,-0.016777,-0.007553,0.999688,147.007233,420.418091,106.611870
956,9.560000,0.016808,-0.016759,-0.007456,0.999691,147.003357,420.425049,106.592705
957,9.570000,0.016737,-0.016727,-0.007423,0.999692,147.001633,420.428436,106.574089
958,9.580000,0.016631,-0.016631,-0.007391,0.999696,147.000641,420.424683,106.552971
959,9.590000,0.016488,-0.016657,-0.007278,0.999699,146.984329,420.408295,106.525627
960,9.600000,0.016496,-0.016717,-0.007120,0.999699,146.962616,420.377228,106.499687
961,9.610000,0.016447,-0.016852,-0.006818,0.999699,146.928162,420.350677,106.489449
962,9.620000,0.016444,-0.017058,-0.006564,0.999698,146.880844,420.326141,106.492973
963,9.630000,0.016446,-0.016970,-0.006700,0.999698,146.839569,420.312683,106.509041
964,9.640000,0.016462,-0.016966,-0.006726,0.999698,146.784592,420.305115,106.521988
965,9.650000,0.016411,-0.016863,-0.006726,0.999701,146.728653,420.293274,106.524857
966,9.660000,0.016368,-0.017039,-0.006566,0.999699,146.666290,420.270630,106.515724
967,9.670000,0.016357,-0.017145,-0.006357,0.999699,146.615219,420.237030,106.498589
968,9.680000,0.016322,-0.017321,-0.005973,0.999699,146.558258,420.195251,106.478584
969,9.690000,0.015223,-0.009699,-0.012958,0.999753,146.966019,420.358459,106.590714
970,9.700000,0.016148,-0.016459,-0.006286,0.999714,146.531067,420.099335,106.465714
971,9.710000,0.016298,-0.017322,-0.005166,0.999704,146.471268,420.001038,106.460945
972,9.720000,0.016333,-0.017428,-0.005004,0.999702,146.480927,419.974060,106.472527
973,9.730000,0.016287,-0.017301,-0.005194,0.999704,146.508514,420.001495,106.464310
974,9.740000,0.015244,-0.009846,-0.012424,0.999758,146.981369,420.260834,106.569717
975,9.750000,0.016138,-0.016988,-0.005760,0.999709,146.563324,420.083893,106.420906
976,9.760000,0.016218,-0.017248,-0.005371,0.999705,146.538834,420.050964,106.423637
977,9.770000,0.016246,-0.017193,-0.005260,0.999706,146.517395,420.016022,106.434891
978,9.780000,0.016214,-0.017326,-0.005156,0.999705,146.504715,420.006653,106.438850
979,9.790000,0.016194,-0.017321,-0.005189,0.999705,146.497040,420.024323,106.445396
980,9.800000,0.016174,-0.017226,-0.005441,0.999706,146.501511,420.041412,106.454811
981,9.810000,0.016262,-0.017398,-0.005190,0.999703,146.496460,420.036438,106.456146
982,9.820000,0.016219,-0.017372,-0.005157,0.999704,146.481934,420.017303,106.448761
983,9.830000,0.016215,-0.017342,-0.005161,0.999705,146.473969,420.007538,106.439827
984,9.840000,0.016195,-0.017159,-0.005318,0.999708,146.483414,420.016937,106.431595
985,9.850000,0.016185,-0.017280,-0.005232,0.999706,146.486191,420.030579,106.429657
986,9.860000,0.016231,-0.017255,-0.005346,0.999705,146.496460,420.043396,106.429146
987,9.870000,0.015204,-0.009769,-0.012404,0.999760,146.937027,420.244324,106.564117
988,9.880000,0.016208,-0.017122,-0.005422,0.999707,146.487534,420.017700,106.446884
989,9.890000,0.016223,-0.017247,-0.005354,0.999705,146.479935,420.008942,106.458344
990,9.900000,0.016187,-0.017457,-0.005221,0.999703,146.482178,420.016327,106.456787
991,9.910000,0.016175,-0.017287,-0.005326,0.999706,146.486160,420.029541,106.451485
992,9.920000,0.016166,-0.017250,-0.005317,0.999706,146.488480,420.029633,106.444580
993,9.930000,0.016164,-0.017061,-0.005486,0.999709,146.500473,420.027130,106.436722
994,9.940000,0.016169,-0.017174,-0.005286,0.999708,146.502563,420.024750,106.426735
995,9.950000,0.016145,-0.017351,-0.005215,0.999706,146.511444,420.028015,106.422714
996,9.960000,0.016168,-0.017375,-0.005206,0.999705,146.512863,420.032104,106.430847
997,9.970000,0.016229,-0.017269,-0.005320,0.999705,146.522400,420.034576,106.437157
998,9.980000,0.016184,-0.017222,-0.005339,0.999706,146.515305,420.028168,106.437233
999,9.990000,0.016181,-0.017338,-0.005209,0.999705,146.495621,420.024139,106.436234
1000,10.000000,0.016174,-0.017353,-0.005180,0.999705,146.483047,420.023376,106.432854
1001,10.010000,0.016166,-0.017318,-0.005171,0.999706,146.472733,420.022430,106.428780
1002,10.020000,0.016142,-0.017242,-0.005324,0.999707,146.461273,420.022766,106.430237
1003,10.030000,0.016168,-0.017297,-0.005164,0.999706,146.449905,420.016541,106.433083
1004,10.040000,0.016174,-0.017226,-0.005317,0.999707,146.448532,420.014496,106.445198
1005,10.050000,0.016186,-0.017223,-0.005338,0.999706,146.458450,420.014038,106.453239
1006,10.060000,0.016177,-0.017263,-0.005320,0.999706,146.472626,420.019104,106.453362
1007,10.070000,0.016226,-0.017607,-0.005008,0.999701,146.488297,420.022186,106.446808
1008,10.080000,0.016183,-0.017405,-0.005137,0.999704,146.500183,420.026245,106.439232
1009,10.090000,0.016219,-0.017249,-0.005300,0.999706,146.516464,420.030762,106.432610
1010,10.100000,0.016152,-0.017418,-0.005171,0.999705,146.519562,420.025574,106.422173
1011,10.110000,0.016178,-0.017498,-0.005118,0.999703,146.521225,420.029602,106.420502
1012,10.120000,0.016142,-0.017261,-0.005287,0.999707,146.517395,420.035004,106.421608
1013,10.130000,0.016191,-0.017370,-0.005174,0.999705,146.500183,420.032654,106.428665
1014,10.140000,0.016173,-0.017365,-0.005160,0.999705,146.484543,420.022705,106.433968
1015,10.150000,0.016179,-0.017342,-0.005160,0.999705,146.470947,420.015228,106.441231
1016,10.160000,0.016167,-0.017261,-0.005320,0.999706,146.456818,420.015350,106.447388
1017,10.170000,0.016150,-0.017229,-0.005379,0.999707,146.449799,420.017975,106.444420
1018,10.180000,0.016141,-0.017235,-0.005320,0.999707,146.451202,420.018677,106.437492
1019,10.190000,0.016149,-0.017272,-0.005189,0.999707,146.456207,420.017670,106.429672
1020,10.200000,0.016148,-0.017314,-0.005152,0.999706,146.466766,420.019409,106.425568
1021,10.210000,0.016152,-0.017175,-0.005334,0.999708,146.488327,420.025543,106.425911
1022,10.220000,0.016147,-0.017484,-0.005120,0.999704,146.495087,420.022552,106.431496
1023,10.230000,0.016167,-0.017589,-0.004999,0.999702,146.503601,420.020905,106.436958
1024,10.240000,0.016182,-0.017344,-0.005209,0.999705,146.509995,420.025330,106.440384
1025,10.250000,0.016173,-0.017336,-0.005182,0.999705,146.505295,420.025513,106.437637
1026,10.260000,0.016156,-0.017307,-0.005185,0.999706,146.496735,420.024597,106.433151
1027,10.270000,0.016195,-0.017557,-0.005009,0.999702,146.486481,420.021027,106.430481
1028,10.280000,0.016166,-0.017405,-0.005085,0.999705,146.475708,420.019806,106.430069
1029,10.290000,0.016149,-0.017284,-0.005263,0.999706,146.466049,420.020782,106.433929
1030,10.300000,0.016140,-0.017433,-0.005186,0.999704,146.458817,420.015320,106.437759
1031,10.310000,0.016167,-0.017363,-0.005118,0.999705,146.456924,420.012024,106.439804
1032,10.320000,0.016157,-0.017284,-0.005301,0.999706,146.462372,420.016754,106.441566
1033,10.330000,0.016149,-0.017482,-0.005114,0.999704,146.469666,420.016235,106.434929
1034,10.340000,0.016138,-0.017563,-0.005014,0.999703,146.475739,420.018066,106.427895
1035,10.350000,0.016150,-0.017265,-0.005262,0.999707,146.489731,420.024658,106.422470
1036,10.360000,0.016133,-0.017359,-0.005212,0.999706,146.494186,420.023102,106.418236
1037,10.370000,0.016135,-0.017418,-0.005187,0.999705,146.495819,420.023682,106.418175
1038,10.380000,0.016128,-0.017387,-0.005184,0.999705,146.495316,420.024200,106.422028
1039,10.390000,0.016147,-0.017353,-0.005170,0.999706,146.486923,420.022614,106.430420
1040,10.400000,0.016147,-0.017501,-0.005035,0.999704,146.484146,420.016052,106.436745
1041,10.410000,0.016178,-0.017386,-0.005109,0.999705,146.478989,420.015442,106.443344
1042,10.420000,0.016169,-0.017283,-0.005293,0.999706,146.473129,420.017761,106.446823
1043,10.430000,0.016170,-0.017333,-0.005145,0.999706,146.471878,420.017700,106.441200
1044,10.440000,0.016149,-0.017505,-0.005023,0.999704,146.470764,420.014221,106.433029
1045,10.450000,0.016152,-0.017326,-0.005157,0.999706,146.473740,420.017700,106.428436
1046,10.460000,0.016141,-0.017196,-0.005268,0.999708,146.483246,420.021759,106.423492
1047,10.470000,0.016125,-0.017357,-0.005214,0.999706,146.487122,420.020996,106.423401
1048,10.480000,0.016151,-0.017175,-0.005346,0.999708,146.489410,420.023682,106.428596
1049,10.490000,0.016160,-0.017149,-0.005356,0.999708,146.490082,420.021698,106.432274
1050,10.500000,0.016166,-0.017345,-0.005195,0.999705,146.478058,420.018921,106.434059
1051,10.510000,0.016154,-0.017356,-0.005158,0.999706,146.471558,420.019073,106.431259
1052,10.520000,0.016130,-0.017534,-0.005023,0.999704,146.466431,420.015442,106.426064
1053,10.530000,0.016124,-0.017552,-0.004991,0.999704,146.464722,420.012939,106.424248
1054,10.540000,0.016131,-0.017515,-0.005001,0.999704,146.467087,420.012695,106.425827
1055,10.550000,0.016131,-0.017523,-0.004998,0.999704,146.469116,420.013672,106.428146
1056,10.560000,0.016122,-0.017463,-0.005170,0.999704,146.475204,420.018524,106.434166
1057,10.570000,0.016148,-0.017580,-0.004968,0.999703,146.481781,420.015869,106.433441
1058,10.580000,0.016166,-0.017417,-0.005095,0.999705,146.488663,420.018494,106.435310
1059,10.590000,0.016162,-0.017373,-0.005138,0.999705,146.492661,420.019897,106.433708
1060,10.600000,0.016139,-0.017521,-0.005033,0.999704,146.491852,420.019104,106.429779
1061,10.610000,0.016141,-0.017383,-0.005113,0.999706,146.487915,420.022278,106.427528
1062,10.620000,0.016142,-0.017312,-0.005168,0.999707,146.480820,420.020935,106.426506
1063,10.630000,0.016137,-0.017382,-0.005137,0.999705,146.479965,420.017487,106.424454
1064,10.640000,0.016119,-0.017463,-0.005156,0.999704,146.464096,420.015015,106.429825
1065,10.650000,0.016131,-0.017282,-0.005258,0.999707,146.455429,420.014923,106.435738
1066,10.660000,0.016136,-0.017256,-0.005302,0.999707,146.452362,420.014160,106.439522
1067,10.670000,0.016144,-0.017261,-0.005285,0.999707,146.453995,420.014130,106.441780
1068,10.680000,0.016160,-0.017358,-0.005132,0.999706,146.459061,420.013428,106.437149
1069,10.690000,0.016142,-0.017551,-0.005010,0.999703,146.464615,420.011963,106.430595
1070,10.700000,0.016126,-0.017411,-0.005157,0.999705,146.483856,420.017700,106.422096
1071,10.710000,0.016116,-0.017423,-0.005149,0.999705,146.492691,420.020874,106.416656
1072,10.720000,0.016110,-0.017424,-0.005142,0.999705,146.500458,420.023987,106.415520
1073,10.730000,0.016123,-0.017190,-0.005300,0.999708,146.507538,420.028290,106.420296
1074,10.740000,0.016130,-0.017396,-0.005163,0.999705,146.505814,420.023376,106.424438
1075,10.750000,0.016141,-0.017557,-0.005029,0.999703,146.492935,420.017456,106.431793
1076,10.760000,0.016138,-0.017354,-0.005186,0.999706,146.493942,420.018188,106.433464
1077,10.770000,0.016152,-0.017341,-0.005133,0.999706,146.473526,420.016174,106.434975
1078,10.780000,0.016142,-0.017493,-0.005025,0.999704,146.461792,420.011536,106.432503
1079,10.790000,0.016152,-0.017335,-0.005118,0.999706,146.453171,420.011719,106.431953
1080,10.800000,0.016151,-0.017305,-0.005130,0.999707,146.447906,420.010712,106.431473
1081,10.810000,0.016122,-0.017433,-0.005136,0.999705,146.448883,420.010498,106.433113
1082,10.820000,0.016155,-0.017380,-0.005095,0.999705,146.454803,420.012573,106.432198
1083,10.830000,0.016121,-0.017424,-0.005173,0.999705,146.463638,420.014038,106.433426
1084,10.840000,0.016142,-0.017561,-0.005014,0.999703,146.472061,420.013123,106.429390
1085,10.850000,0.016132,-0.017591,-0.004993,0.999703,146.480392,420.016083,106.426445
1086,10.860000,0.016137,-0.017205,-0.005296,0.999708,146.495758,420.024506,106.424263
1087,10.870000,0.016116,-0.017376,-0.005176,0.999706,146.496704,420.022186,106.420052
1088,10.880000,0.016110,-0.017413,-0.005133,0.999705,146.496796,420.021271,106.418571
1089,10.890000,0.016118,-0.017440,-0.005124,0.999705,146.492096,420.020172,106.418846
1090,10.900000,0.016118,-0.017542,-0.004996,0.999704,146.476990,420.016113,106.423286
1091,10.910000,0.016131,-0.017428,-0.005108,0.999705,146.478378,420.015411,106.427025
1092,10.920000,0.016134,-0.017534,-0.004984,0.999704,146.468155,420.011261,106.433075
1093,10.930000,0.016127,-0.017479,-0.005140,0.999704,146.466660,420.012115,106.438393
1094,10.940000,0.016129,-0.017469,-0.005168,0.999704,146.464630,420.012360,106.438629
1095,10.950000,0.016124,-0.017481,-0.005150,0.999704,146.463470,420.013275,106.434700
1096,10.960000,0.016140,-0.017364,-0.005119,0.999706,146.464310,420.015228,106.428482
1097,10.970000,0.016132,-0.017143,-0.005336,0.999709,146.476822,420.019562,106.423431
1098,10.980000,0.016121,-0.017455,-0.005095,0.999705,146.470917,420.015259,106.422249
1099,10.990000,0.016129,-0.017522,-0.005062,0.999704,146.470856,420.014221,106.424278
1100,11.000000,0.016148,-0.017381,-0.005113,0.999705,146.470840,420.016571,106.429497
1101,11.010000,0.016149,-0.017323,-0.005172,0.999706,146.469849,420.016479,106.432892
1102,11.020000,0.016121,-0.017421,-0.005189,0.999705,146.468704,420.014587,106.434555
1103,11.030000,0.016144,-0.017344,-0.005150,0.999706,146.468658,420.014221,106.431816
1104,11.040000,0.016104,-0.017440,-0.005168,0.999705,146.468262,420.014252,106.430000
1105,11.050000,0.016123,-0.017363,-0.005112,0.999706,146.470306,420.015930,106.426758
1106,11.060000,0.016112,-0.017372,-0.005140,0.999706,146.481064,420.017181,106.423004
1107,11.070000,0.016119,-0.017335,-0.005130,0.999707,146.479904,420.018158,106.424797
1108,11.080000,0.016115,-0.017379,-0.005167,0.999706,146.488739,420.018372,106.422897
1109,11.090000,0.016121,-0.017557,-0.005004,0.999703,146.481369,420.015778,106.425194
1110,11.100000,0.016123,-0.017563,-0.005008,0.999703,146.480408,420.015472,106.426285
1111,11.110000,0.016134,-0.017386,-0.005126,0.999706,146.478531,420.016968,106.428383
1112,11.120000,0.016131,-0.017540,-0.005036,0.999703,146.472900,420.014160,106.427628
1113,11.130000,0.016147,-0.017418,-0.005081,0.999705,146.465546,420.013641,106.428650
1114,11.140000,0.016135,-0.017338,-0.005120,0.999706,146.459137,420.013214,106.428032
1115,11.150000,0.016140,-0.017339,-0.005108,0.999706,146.452499,420.011719,106.428665
1116,11.160000,0.016133,-0.017538,-0.004988,0.999704,146.449493,420.008026,106.428970
1117,11.170000,0.016112,-0.017501,-0.005095,0.999704,146.452408,420.008087,106.433975
1118,11.180000,0.016133,-0.017561,-0.004985,0.999703,146.457382,420.007294,106.433296
1119,11.190000,0.016115,-0.017469,-0.005165,0.999704,146.465195,420.012573,106.435783
1120,11.200000,0.016125,-0.017531,-0.005015,0.999704,146.473816,420.013245,106.430244
1121,11.210000,0.016118,-0.017404,-0.005143,0.999705,146.488525,420.017914,106.424004
1122,11.220000,0.016115,-0.017424,-0.005138,0.999705,146.493378,420.018707,106.418655
1123,11.230000,0.016163,-0.017506,-0.005085,0.999703,146.496277,420.020447,106.417274
1124,11.240000,0.016106,-0.017442,-0.005116,0.999705,146.492844,420.019348,106.416718
1125,11.250000,0.016107,-0.017400,-0.005159,0.999706,146.489380,420.019470,106.420052
1126,11.260000,0.016114,-0.017381,-0.005158,0.999706,146.484406,420.016876,106.424393
1127,11.270000,0.016134,-0.017410,-0.005145,0.999705,146.476776,420.014069,106.428467
1128,11.280000,0.016115,-0.017490,-0.005140,0.999704,146.458984,420.011108,106.433449
1129,11.290000,0.016135,-0.017568,-0.004971,0.999703,146.451813,420.006317,106.431801
1130,11.300000,0.016144,-0.017407,-0.005042,0.999705,146.448990,420.007874,106.431503
1131,11.310000,0.016134,-0.017529,-0.004987,0.999704,146.453354,420.007141,106.429062
1132,11.320000,0.016131,-0.017546,-0.005006,0.999703,146.457169,420.008759,106.427399
1133,11.330000,0.016132,-0.017379,-0.005106,0.999706,146.462112,420.013550,106.427956
1134,11.340000,0.016124,-0.017548,-0.004985,0.999704,146.468796,420.012634,106.425369
1135,11.350000,0.016138,-0.017380,-0.005112,0.999706,146.473755,420.016113,106.427185
1136,11.360000,0.016128,-0.017482,-0.005057,0.999704,146.480484,420.012909,106.427040
1137,11.370000,0.016126,-0.017394,-0.005145,0.999705,146.489380,420.014252,106.426933
1138,11.380000,0.016124,-0.017533,-0.005009,0.999704,146.480682,420.016052,106.426666
1139,11.390000,0.016118,-0.017549,-0.004988,0.999704,146.475204,420.016327,106.425323
1140,11.400000,0.016117,-0.017532,-0.005000,0.999704,146.471237,420.012756,106.424797
1141,11.410000,0.016125,-0.017391,-0.005127,0.999706,146.477264,420.011536,106.424103
1142,11.420000,0.016127,-0.017539,-0.004969,0.999704,146.463943,420.006683,106.425133
1143,11.430000,0.016120,-0.017430,-0.005095,0.999705,146.469681,420.011505,106.424568
1144,11.440000,0.016119,-0.017555,-0.004982,0.999704,146.462479,420.012054,106.427536
1145,11.450000,0.016129,-0.017562,-0.004976,0.999703,146.465469,420.011322,106.427681
1146,11.460000,0.016127,-0.017554,-0.004988,0.999703,146.468765,420.010132,106.426788
1147,11.470000,0.016119,-0.017565,-0.004981,0.999703,146.467560,420.010376,106.425026
1148,11.480000,0.016122,-0.017547,-0.005014,0.999704,146.467819,420.013153,106.423164
1149,11.490000,0.016121,-0.017574,-0.004971,0.999703,146.465332,420.010376,106.422256
1150,11.500000,0.016121,-0.017400,-0.005146,0.999705,146.474838,420.012085,106.423462
1151,11.510000,0.016128,-0.017496,-0.005068,0.999704,146.467407,420.011108,106.427467
1152,11.520000,0.016146,-0.017367,-0.005107,0.999706,146.463791,420.013245,106.431709
1153,11.530000,0.016146,-0.017334,-0.005106,0.999706,146.462082,420.012146,106.432755
1154,11.540000,0.016128,-0.017494,-0.005021,0.999704,146.463470,420.008759,106.431519
1155,11.550000,0.016131,-0.017595,-0.004938,0.999703,146.463394,420.007629,106.428741
1156,11.560000,0.016138,-0.017400,-0.005070,0.999705,146.468124,420.013611,106.427856
1157,11.570000,0.016116,-0.017514,-0.005009,0.999704,146.471161,420.012329,106.424210
1158,11.580000,0.016118,-0.017567,-0.004972,0.999703,146.473602,420.011749,106.422562
1159,11.590000,0.016121,-0.017213,-0.005243,0.999708,146.486450,420.019928,106.421494
1160,11.600000,0.016111,-0.017485,-0.005046,0.999705,146.478638,420.017456,106.420601
1161,11.610000,0.016116,-0.017434,-0.005126,0.999705,146.481995,420.016907,106.420479
1162,11.620000,0.016125,-0.017424,-0.005144,0.999705,146.476715,420.012054,106.422462
1163,11.630000,0.016134,-0.017610,-0.004932,0.999703,146.461731,420.005737,106.426186
1164,11.640000,0.016115,-0.017328,-0.005214,0.999706,146.457962,420.012573,106.431870
1165,11.650000,0.016099,-0.017447,-0.005149,0.999705,146.455292,420.013031,106.430443
1166,11.660000,0.016121,-0.017573,-0.004963,0.999703,146.452866,420.008820,106.427879
1167,11.670000,0.016135,-0.017414,-0.005101,0.999705,146.463318,420.008545,106.426979
1168,11.680000,0.016129,-0.017520,-0.005010,0.999704,146.459366,420.006470,106.428078
1169,11.690000,0.016123,-0.017574,-0.004950,0.999703,146.461716,420.008606,106.427986
1170,11.700000,0.016123,-0.017573,-0.004969,0.999703,146.469086,420.010712,106.427803
1171,11.710000,0.016121,-0.017569,-0.004964,0.999703,146.476334,420.011322,106.427231
1172,11.720000,0.016122,-0.017574,-0.004977,0.999703,146.479752,420.012970,106.424881
1173,11.730000,0.016123,-0.017437,-0.005130,0.999705,146.487350,420.017609,106.421265
1174,11.740000,0.016121,-0.017193,-0.005289,0.999708,146.485962,420.021301,106.421349
1175,11.750000,0.016115,-0.017549,-0.004998,0.999704,146.471512,420.011902,106.421349
1176,11.760000,0.016119,-0.017441,-0.005109,0.999705,146.474838,420.009979,106.422585
1177,11.770000,0.016121,-0.017583,-0.004945,0.999703,146.459518,420.007141,106.425575
1178,11.780000,0.016132,-0.017337,-0.005130,0.999706,146.456039,420.012390,106.428627
1179,11.790000,0.016126,-0.017334,-0.005097,0.999707,146.453918,420.011322,106.429192
1180,11.800000,0.016124,-0.017538,-0.004966,0.999704,146.453125,420.006409,106.427849
1181,11.810000,0.016126,-0.017609,-0.004926,0.999703,146.454178,420.006134,106.426300
1182,11.820000,0.016127,-0.017599,-0.004967,0.999703,146.460281,420.008881,106.425301
1183,11.830000,0.016123,-0.017558,-0.004978,0.999703,146.465210,420.009735,106.424515
1184,11.840000,0.016122,-0.017428,-0.005116,0.999705,146.477798,420.012543,106.422638
1185,11.850000,0.016113,-0.017585,-0.004948,0.999703,146.473862,420.011261,106.423096
1186,11.860000,0.016116,-0.017398,-0.005156,0.999705,146.486267,420.017181,106.422615
1187,11.870000,0.016118,-0.017554,-0.005005,0.999703,146.475662,420.014526,106.424500
1188,11.880000,0.016129,-0.017603,-0.004953,0.999703,146.470657,420.010895,106.426750
1189,11.890000,0.016139,-0.017419,-0.005056,0.999705,146.465988,420.010529,106.429115
1190,11.900000,0.016123,-0.017553,-0.004974,0.999704,146.460022,420.007477,106.428543
1191,11.910000,0.016101,-0.017500,-0.005112,0.999704,146.457397,420.010590,106.429718
1192,11.920000,0.016117,-0.017570,-0.004956,0.999703,146.455963,420.007782,106.426086
1193,11.930000,0.016131,-0.017345,-0.005115,0.999706,146.456985,420.011078,106.426651
1194,11.940000,0.016118,-0.017559,-0.004957,0.999704,146.459076,420.009430,106.423790
1195,11.950000,0.016127,-0.017409,-0.005083,0.999705,146.461609,420.013031,106.424797
1196,11.960000,0.016115,-0.017574,-0.004968,0.999703,146.463440,420.009949,106.422714
1197,11.970000,0.016121,-0.017424,-0.005135,0.999705,146.477203,420.010925,106.422287
1198,11.980000,0.016114,-0.017586,-0.004957,0.999703,146.469086,420.009613,106.422539
1199,11.990000,0.016106,-0.017402,-0.005119,0.999706,146.479645,420.016296,106.420792
1200,12.000000,0.016109,-0.017579,-0.004964,0.999703,146.469376,420.013428,106.422089
1201,12.010000,0.016118,-0.017590,-0.004945,0.999703,146.466751,420.010529,106.424294
1202,12.020000,0.016124,-0.017587,-0.004952,0.999703,146.463745,420.008698,106.426765
1203,12.030000,0.016126,-0.017544,-0.004996,0.999704,146.462280,420.006866,106.428940
1204,12.040000,0.016135,-0.017396,-0.005060,0.999706,146.459778,420.008911,106.430458
1205,12.050000,0.016124,-0.017544,-0.004974,0.999704,146.459991,420.007629,106.428886
1206,12.060000,0.016119,-0.017584,-0.004951,0.999703,146.462738,420.008514,106.427422
1207,12.070000,0.016125,-0.017624,-0.004920,0.999703,146.464081,420.010681,106.425323
1208,12.080000,0.016127,-0.017353,-0.005115,0.999706,146.467133,420.015381,106.425217
1209,12.090000,0.016127,-0.017178,-0.005280,0.999708,146.476059,420.016602,106.423370
1210,12.100000,0.016119,-0.017368,-0.005163,0.999706,146.475281,420.011505,106.421318
1211,12.110000,0.016111,-0.017579,-0.004966,0.999703,146.464462,420.009003,106.422798
1212,12.120000,0.016111,-0.017435,-0.005102,0.999705,146.470596,420.013153,106.422173
1213,12.130000,0.016113,-0.017597,-0.004940,0.999703,146.460907,420.010742,106.423317
1214,12.140000,0.016119,-0.017599,-0.004943,0.999703,146.459244,420.007843,106.425003
1215,12.150000,0.016123,-0.017547,-0.004999,0.999704,146.460770,420.007355,106.427208
1216,12.160000,0.016126,-0.017361,-0.005103,0.999706,146.458420,420.010803,106.427773
1217,12.170000,0.016115,-0.017518,-0.004978,0.999704,146.459518,420.008820,106.425697
1218,12.180000,0.016116,-0.017563,-0.004963,0.999704,146.464020,420.008209,106.425377
1219,12.190000,0.016101,-0.017302,-0.005229,0.999707,146.468964,420.014954,106.428429
1220,12.200000,0.016110,-0.017570,-0.004956,0.999704,146.471085,420.011627,106.424141
1221,12.210000,0.016118,-0.017595,-0.004954,0.999703,146.472351,420.012573,106.423943
1222,12.220000,0.016117,-0.017591,-0.004964,0.999703,146.471344,420.012482,106.424088
1223,12.230000,0.016133,-0.017374,-0.005124,0.999706,146.470795,420.013275,106.425583
1224,12.240000,0.016119,-0.017548,-0.004993,0.999704,146.464554,420.008362,106.423950
1225,12.250000,0.016117,-0.017591,-0.004943,0.999703,146.459152,420.008270,106.424118
1226,12.260000,0.016113,-0.017582,-0.004942,0.999703,146.455505,420.008179,106.425179
1227,12.270000,0.016102,-0.017309,-0.005223,0.999707,146.454803,420.012329,106.429276
1228,12.280000,0.016115,-0.017512,-0.004994,0.999704,146.452972,420.008087,106.427132
1229,12.290000,0.016121,-0.017572,-0.004966,0.999703,146.452209,420.006561,106.426453
1230,12.300000,0.016121,-0.017595,-0.004933,0.999703,146.454346,420.006012,106.425919
1231,12.310000,0.016118,-0.017610,-0.004918,0.999703,146.459457,420.006470,106.424118
1232,12.320000,0.016111,-0.017575,-0.004946,0.999704,146.466934,420.009491,106.423439
1233,12.330000,0.016106,-0.017437,-0.005092,0.999705,146.480911,420.014893,106.420341
1234,12.340000,0.016105,-0.017560,-0.005001,0.999704,146.476135,420.014313,106.421455
1235,12.350000,0.016110,-0.017568,-0.004971,0.999704,146.477707,420.013336,106.421867
1236,12.360000,0.016117,-0.017425,-0.005125,0.999705,146.483139,420.013672,106.421478
1237,12.370000,0.016115,-0.017605,-0.004935,0.999703,146.468277,420.010223,106.422562
1238,12.380000,0.016117,-0.017547,-0.004998,0.999704,146.465012,420.010193,106.424866
1239,12.390000,0.016108,-0.017269,-0.005286,0.999707,146.461807,420.013794,106.430786
1240,12.400000,0.016117,-0.017511,-0.004992,0.999704,146.456955,420.006958,106.428246
1241,12.410000,0.016134,-0.017363,-0.005080,0.999706,146.453064,420.008698,106.429688
1242,12.420000,0.016133,-0.017355,-0.005083,0.999706,146.450867,420.009796,106.428398
1243,12.430000,0.016124,-0.017543,-0.004978,0.999704,146.451767,420.006927,106.425476
1244,12.440000,0.016122,-0.017586,-0.004941,0.999703,146.454956,420.005981,106.424446
1245,12.450000,0.016113,-0.017573,-0.004955,0.999703,146.461594,420.007721,106.423401
1246,12.460000,0.016104,-0.017415,-0.005115,0.999706,146.474396,420.013367,106.421249
1247,12.470000,0.016108,-0.017514,-0.005018,0.999704,146.471939,420.012604,106.422318
1248,12.480000,0.016096,-0.017508,-0.005099,0.999704,146.473083,420.013824,106.423820
1249,12.490000,0.016117,-0.017456,-0.005109,0.999705,146.480042,420.013092,106.421165
1250,12.500000,0.016112,-0.017536,-0.005000,0.999704,146.471695,420.011566,106.422676
1251,12.510000,0.016116,-0.017462,-0.005084,0.999705,146.474518,420.013763,106.421349
1252,12.520000,0.016116,-0.017572,-0.004955,0.999703,146.462616,420.009308,106.423676
1253,12.530000,0.016118,-0.017577,-0.004939,0.999703,146.461853,420.004700,106.425407
1254,12.540000,0.016104,-0.017494,-0.005088,0.999704,146.460159,420.006409,106.430199
1255,12.550000,0.016119,-0.017570,-0.004941,0.999704,146.458847,420.009766,106.426514
1256,12.560000,0.016118,-0.017613,-0.004937,0.999703,146.456161,420.011871,106.425148
1257,12.570000,0.016114,-0.017600,-0.004933,0.999703,146.461044,420.009125,106.424072
1258,12.580000,0.016120,-0.017613,-0.004903,0.999703,146.462097,420.004059,106.424171
1259,12.590000,0.016118,-0.017424,-0.005092,0.999705,146.473572,420.007080,106.423141
1260,12.600000,0.016108,-0.017394,-0.005141,0.999706,146.474319,420.013275,106.421562
1261,12.610000,0.016110,-0.017373,-0.005094,0.999706,146.465607,420.017273,106.422890
1262,12.620000,0.016114,-0.017575,-0.004945,0.999703,146.465363,420.012085,106.422287
1263,12.630000,0.016120,-0.017631,-0.004908,0.999703,146.461487,420.006592,106.422752
1264,12.640000,0.016117,-0.017605,-0.004936,0.999703,146.458740,420.005127,106.424248
1265,12.650000,0.016122,-0.017613,-0.004924,0.999703,146.455231,420.005646,106.425262
1266,12.660000,0.016109,-0.017576,-0.004931,0.999704,146.456772,420.006348,106.426735
1267,12.670000,0.016114,-0.017592,-0.004913,0.999703,146.460373,420.006256,106.425117
1268,12.680000,0.016116,-0.017602,-0.004932,0.999703,146.462952,420.010040,106.423691
1269,12.690000,0.016116,-0.017605,-0.004930,0.999703,146.464294,420.011322,106.422363
1270,12.700000,0.016111,-0.017593,-0.004941,0.999703,146.466171,420.010010,106.422089
1271,12.710000,0.016111,-0.017573,-0.004974,0.999703,146.470566,420.008820,106.422119
1272,12.720000,0.016108,-0.017569,-0.004969,0.999704,146.471848,420.009888,106.422661
1273,12.730000,0.016112,-0.017441,-0.005116,0.999705,146.479095,420.013153,106.422066
1274,12.740000,0.016108,-0.017404,-0.005146,0.999706,146.476837,420.013306,106.422546
1275,12.750000,0.016113,-0.017569,-0.004965,0.999704,146.464371,420.008850,106.424812
1276,12.760000,0.016118,-0.017462,-0.005054,0.999705,146.466904,420.009064,106.423744
1277,12.770000,0.016111,-0.017545,-0.005001,0.999704,146.457214,420.008392,106.425499
1278,12.780000,0.016116,-0.017569,-0.004966,0.999703,146.452576,420.007782,106.425201
1279,12.790000,0.016120,-0.017594,-0.004916,0.999703,146.450195,420.003601,106.425720
1280,12.800000,0.016118,-0.017557,-0.004957,0.999704,146.452621,420.002472,106.426620
1281,12.810000,0.016110,-0.017576,-0.004943,0.999704,146.457443,420.007660,106.425140
1282,12.820000,0.016104,-0.017596,-0.004919,0.999703,146.462097,420.011108,106.423775
1283,12.830000,0.016111,-0.017439,-0.005107,0.999705,146.475830,420.014160,106.421097
1284,12.840000,0.016115,-0.017538,-0.005015,0.999704,146.472626,420.010254,106.421387
1285,12.850000,0.016113,-0.017399,-0.005140,0.999706,146.481903,420.011932,106.420357
1286,12.860000,0.016108,-0.017570,-0.004973,0.999704,146.472443,420.011017,106.419609
1287,12.870000,0.016100,-0.017422,-0.005098,0.999706,146.479538,420.014221,106.419754
1288,12.880000,0.016108,-0.017606,-0.004907,0.999703,146.466980,420.009399,106.422035
1289,12.890000,0.016116,-0.017605,-0.004908,0.999703,146.464294,420.008148,106.423607
1290,12.900000,0.016122,-0.017418,-0.005037,0.999706,146.458603,420.010895,106.426064
1291,12.910000,0.016117,-0.017560,-0.004956,0.999704,146.453720,420.006866,106.425941
1292,12.920000,0.016103,-0.017520,-0.005100,0.999704,146.451508,420.006195,106.428940
1293,12.930000,0.016117,-0.017591,-0.004924,0.999703,146.452499,420.002960,106.426338
1294,12.940000,0.016110,-0.017572,-0.004942,0.999704,146.454910,420.006134,106.425095
1295,12.950000,0.016117,-0.017373,-0.005086,0.999706,146.457626,420.012512,106.425072
1296,12.960000,0.016108,-0.017545,-0.004958,0.999704,146.460037,420.009796,106.422691
1297,12.970000,0.016115,-0.017596,-0.004929,0.999703,146.464493,420.007477,106.422218
1298,12.980000,0.016115,-0.017617,-0.004927,0.999703,146.466324,420.008087,106.421822
1299,12.990000,0.016107,-0.017474,-0.005058,0.999705,146.475250,420.012085,106.421028
1300,13.000000,0.016104,-0.017575,-0.004948,0.999704,146.466461,420.009735,106.423195
1301,13.010000,0.016110,-0.017592,-0.004921,0.999703,146.464355,420.008667,106.423126
1302,13.020000,0.016111,-0.017440,-0.005075,0.999705,146.471603,420.010712,106.422417
1303,13.030000,0.016112,-0.017584,-0.004931,0.999703,146.462219,420.007355,106.422997
1304,13.040000,0.016115,-0.017607,-0.004905,0.999703,146.458588,420.006622,106.423340
1305,13.050000,0.016113,-0.017452,-0.005075,0.999705,146.466324,420.010071,106.422798
1306,13.060000,0.016112,-0.017590,-0.004950,0.999703,146.458542,420.007050,106.423973
1307,13.070000,0.016111,-0.017575,-0.004952,0.999704,146.461121,420.007843,106.423431
1308,13.080000,0.016110,-0.017564,-0.004964,0.999704,146.462769,420.008118,106.423737
1309,13.090000,0.016110,-0.017584,-0.004939,0.999703,146.462494,420.007538,106.422462
1310,13.100000,0.016115,-0.017574,-0.004971,0.999703,146.462631,420.007904,106.421944
1311,13.110000,0.016119,-0.017477,-0.005062,0.999705,146.471039,420.011719,106.420830
1312,13.120000,0.016121,-0.017405,-0.005066,0.999706,146.462616,420.013367,106.422722
1313,13.130000,0.016114,-0.017532,-0.005011,0.999704,146.460434,420.008545,106.422928
1314,13.140000,0.016115,-0.017591,-0.004924,0.999703,146.457764,420.004974,106.424355
1315,13.150000,0.016094,-0.017499,-0.005104,0.999704,146.457794,420.008942,106.428207
1316,13.160000,0.016110,-0.017599,-0.004910,0.999703,146.457214,420.007080,106.425011
1317,13.170000,0.016119,-0.017614,-0.004905,0.999703,146.460419,420.007080,106.424187
1318,13.180000,0.016113,-0.017576,-0.004934,0.999704,146.461700,420.007263,106.424446
1319,13.190000,0.016115,-0.017457,-0.005071,0.999705,146.471191,420.010101,106.422112
1320,13.200000,0.016106,-0.017570,-0.004949,0.999704,146.466064,420.010101,106.421936
1321,13.210000,0.016104,-0.017430,-0.005081,0.999705,146.476883,420.012878,106.419762
1322,13.220000,0.016105,-0.017402,-0.005124,0.999706,146.478867,420.012115,106.419518
1323,13.230000,0.016106,-0.017401,-0.005141,0.999706,146.477356,420.011322,106.420113
1324,13.240000,0.016108,-0.017415,-0.005125,0.999705,146.474869,420.012543,106.420204
1325,13.250000,0.016119,-0.017384,-0.005087,0.999706,146.464081,420.012726,106.423286
1326,13.260000,0.016112,-0.017555,-0.004967,0.999704,146.457794,420.007538,106.422974
1327,13.270000,0.016124,-0.017404,-0.005055,0.999706,146.454803,420.008972,106.425156
1328,13.280000,0.016112,-0.017510,-0.004987,0.999705,146.453766,420.007111,106.425011
1329,13.290000,0.016091,-0.017511,-0.005104,0.999704,146.452927,420.008575,106.427223
1330,13.300000,0.016117,-0.017591,-0.004923,0.999703,146.453812,420.004486,106.424614
1331,13.310000,0.016117,-0.017580,-0.004924,0.999703,146.458298,420.004761,106.425018
1332,13.320000,0.016112,-0.017592,-0.004924,0.999703,146.462143,420.007263,106.423828
1333,13.330000,0.016120,-0.017484,-0.005050,0.999705,146.473221,420.012909,106.421173
1334,13.340000,0.016110,-0.017562,-0.004971,0.999704,146.469223,420.011719,106.421913
1335,13.350000,0.016111,-0.017574,-0.004960,0.999703,146.469604,420.009430,106.421448
1336,13.360000,0.016108,-0.017428,-0.005099,0.999705,146.476593,420.010193,106.419861
1337,13.370000,0.016109,-0.017397,-0.005138,0.999706,146.476074,420.011444,106.419991
1338,13.380000,0.016103,-0.017417,-0.005109,0.999706,146.471344,420.012329,106.420578
1339,13.390000,0.016104,-0.017571,-0.004952,0.999704,146.459915,420.008942,106.422508
1340,13.400000,0.016114,-0.017578,-0.004932,0.999703,146.456100,420.006470,106.423759
1341,13.410000,0.016115,-0.017572,-0.004941,0.999704,146.455856,420.005890,106.424332
1342,13.420000,0.016109,-0.017589,-0.004939,0.999703,146.453369,420.006042,106.424438
1343,13.430000,0.016109,-0.017585,-0.004936,0.999703,146.454376,420.005463,106.423912
1344,13.440000,0.016090,-0.017512,-0.005093,0.999704,146.456635,420.008484,106.426025
1345,13.450000,0.016105,-0.017528,-0.005022,0.999704,146.460999,420.008118,106.423981
1346,13.460000,0.016105,-0.017433,-0.005096,0.999705,146.470062,420.011566,106.421547
1347,13.470000,0.016105,-0.017539,-0.004996,0.999704,146.466888,420.009705,106.421722
1348,13.480000,0.016104,-0.017585,-0.004938,0.999704,146.466110,420.009094,106.421562
1349,13.490000,0.016104,-0.017445,-0.005079,0.999705,146.473587,420.011230,106.421310
1350,13.500000,0.016108,-0.017594,-0.004934,0.999703,146.463623,420.008087,106.422493
1351,13.510000,0.016113,-0.017608,-0.004903,0.999703,146.460999,420.007111,106.423325
1352,13.520000,0.016116,-0.017598,-0.004928,0.999703,146.458145,420.005554,106.424126
1353,13.530000,0.016114,-0.017587,-0.004923,0.999703,146.456177,420.005920,106.424393
1354,13.540000,0.016112,-0.017599,-0.004916,0.999703,146.456604,420.007385,106.423073
1355,13.550000,0.016105,-0.017570,-0.004943,0.999704,146.457581,420.007660,106.423485
1356,13.560000,0.016107,-0.017588,-0.004935,0.999703,146.457779,420.006592,106.422279
1357,13.570000,0.016112,-0.017578,-0.004952,0.999703,146.457443,420.005859,106.422264
1358,13.580000,0.016105,-0.017428,-0.005090,0.999705,146.469986,420.010742,106.420593
1359,13.590000,0.016107,-0.017449,-0.005075,0.999705,146.470566,420.011841,106.420425
1360,13.600000,0.016101,-0.017566,-0.004961,0.999704,146.465195,420.010193,106.421257
1361,13.610000,0.016106,-0.017461,-0.005059,0.999705,146.471481,420.010773,106.420029
1362,13.620000,0.016109,-0.017549,-0.004990,0.999704,146.463287,420.008118,106.421539
1363,13.630000,0.016110,-0.017604,-0.004909,0.999703,146.459305,420.006958,106.422462
1364,13.640000,0.016111,-0.017569,-0.004947,0.999704,146.459259,420.006683,106.423630
1365,13.650000,0.016112,-0.017461,-0.005048,0.999705,146.465134,420.007782,106.422493
1366,13.660000,0.016109,-0.017576,-0.004939,0.999704,146.458023,420.006317,106.424019
1367,13.670000,0.016111,-0.017574,-0.004946,0.999704,146.457138,420.007111,106.424698
1368,13.680000,0.016113,-0.017591,-0.004927,0.999703,146.458252,420.006744,106.423935
1369,13.690000,0.016108,-0.017573,-0.004946,0.999704,146.460876,420.006958,106.423782
1370,13.700000,0.016107,-0.017566,-0.004955,0.999704,146.462723,420.007050,106.422577
1371,13.710000,0.016107,-0.017596,-0.004915,0.999703,146.461395,420.007690,106.421074
1372,13.720000,0.016104,-0.017582,-0.004956,0.999703,146.463181,420.009521,106.420486
1373,13.730000,0.016100,-0.017589,-0.004929,0.999704,146.462479,420.009460,106.420517
1374,13.740000,0.016101,-0.017594,-0.004912,0.999704,146.463089,420.007477,106.421074
1375,13.750000,0.016111,-0.017582,-0.004953,0.999703,146.459595,420.006866,106.421410
1376,13.760000,0.016106,-0.017436,-0.005071,0.999705,146.466583,420.009308,106.421310
1377,13.770000,0.016102,-0.017555,-0.004945,0.999704,146.457123,420.006500,106.423225
1378,13.780000,0.016102,-0.017579,-0.004941,0.999704,146.454849,420.006439,106.424019
1379,13.790000,0.016108,-0.017461,-0.005065,0.999705,146.463226,420.008209,106.422867
1380,13.800000,0.016105,-0.017594,-0.004912,0.999703,146.457062,420.006470,106.423332
1381,13.810000,0.016108,-0.017611,-0.004896,0.999703,146.457367,420.006775,106.422493
1382,13.820000,0.016108,-0.017618,-0.004904,0.999703,146.458450,420.006561,106.421738
1383,13.830000,0.016107,-0.017474,-0.005038,0.999705,146.468796,420.009369,106.420937
1384,13.840000,0.016103,-0.017562,-0.004968,0.999704,146.463943,420.008514,106.421944
1385,13.850000,0.016105,-0.017578,-0.004951,0.999704,146.463989,420.008911,106.421944
1386,13.860000,0.016105,-0.017587,-0.004938,0.999703,146.463028,420.008820,106.422394
1387,13.870000,0.016107,-0.017569,-0.004952,0.999704,146.461472,420.007751,106.422218
1388,13.880000,0.016104,-0.017569,-0.004961,0.999704,146.460190,420.007782,106.422768
1389,13.890000,0.016110,-0.017600,-0.004914,0.999703,146.456604,420.005981,106.422081
1390,13.900000,0.016107,-0.017566,-0.004954,0.999704,146.455994,420.006195,106.423477
1391,13.910000,0.016110,-0.017432,-0.005078,0.999705,146.462753,420.006744,106.422112
1392,13.920000,0.016102,-0.017575,-0.004947,0.999704,146.454865,420.006378,106.423103
1393,13.930000,0.016101,-0.017590,-0.004918,0.999704,146.456161,420.007477,106.422134
1394,13.940000,0.016102,-0.017590,-0.004934,0.999703,146.457993,420.007629,106.422005
1395,13.950000,0.016106,-0.017458,-0.005062,0.999705,146.468552,420.009674,106.420738
1396,13.960000,0.016108,-0.017593,-0.004934,0.999703,146.461884,420.007019,106.421768
1397,13.970000,0.016106,-0.017600,-0.004941,0.999703,146.462296,420.008057,106.421318
1398,13.980000,0.016104,-0.017455,-0.005053,0.999705,146.471909,420.011505,106.420013
1399,13.990000,0.016104,-0.017448,-0.005063,0.999705,146.471298,420.010620,106.420090
1400,14.000000,0.016104,-0.017593,-0.004914,0.999703,146.461243,420.006989,106.421959
1401,14.010000,0.016108,-0.017588,-0.004927,0.999703,146.457947,420.007172,106.422630
1402,14.020000,0.016089,-0.017524,-0.005077,0.999704,146.455994,420.009644,106.425560
1403,14.030000,0.016109,-0.017563,-0.004974,0.999704,146.455566,420.006042,106.423828
1404,14.040000,0.016116,-0.017580,-0.004949,0.999703,146.454865,420.004395,106.423515
1405,14.050000,0.016113,-0.017579,-0.004941,0.999703,146.454498,420.005219,106.423080
1406,14.060000,0.016110,-0.017584,-0.004950,0.999703,146.454987,420.006592,106.422134
1407,14.070000,0.016105,-0.017609,-0.004904,0.999703,146.455597,420.007172,106.421738
1408,14.080000,0.016108,-0.017452,-0.005048,0.999705,146.468506,420.009796,106.420052
1409,14.090000,0.016104,-0.017564,-0.004971,0.999704,146.462906,420.007843,106.420761
1410,14.100000,0.016105,-0.017588,-0.004942,0.999703,146.461899,420.007751,106.420532
1411,14.110000,0.016107,-0.017448,-0.005063,0.999705,146.469513,420.010376,106.419724
1412,14.120000,0.016102,-0.017578,-0.004928,0.999704,146.461639,420.008057,106.420494
1413,14.130000,0.016106,-0.017571,-0.004944,0.999704,146.460999,420.007172,106.421532
1414,14.140000,0.016106,-0.017589,-0.004945,0.999703,146.459930,420.007263,106.422058
1415,14.150000,0.016111,-0.017449,-0.005080,0.999705,146.464722,420.009399,106.421852
1416,14.160000,0.016108,-0.017602,-0.004910,0.999703,146.455215,420.006348,106.423409
1417,14.170000,0.016107,-0.017619,-0.004889,0.999703,146.454254,420.004944,106.422966
1418,14.180000,0.016106,-0.017424,-0.005092,0.999705,146.466354,420.008423,106.421509
1419,14.190000,0.016104,-0.017584,-0.004939,0.999704,146.458008,420.007233,106.422691
1420,14.200000,0.016102,-0.017576,-0.004964,0.999704,146.459198,420.007843,106.422035
1421,14.210000,0.016104,-0.017608,-0.004905,0.999703,146.459335,420.007172,106.421120
1422,14.220000,0.016108,-0.017594,-0.004935,0.999703,146.459824,420.007446,106.421585
1423,14.230000,0.016108,-0.017600,-0.004918,0.999703,146.459503,420.006683,106.420891
1424,14.240000,0.016104,-0.017587,-0.004936,0.999703,146.459503,420.007111,106.420937
1425,14.250000,0.016101,-0.017594,-0.004919,0.999703,146.457916,420.006500,106.421402
1426,14.260000,0.016109,-0.017583,-0.004942,0.999703,146.455322,420.006256,106.422180
1427,14.270000,0.016107,-0.017580,-0.004943,0.999704,146.456009,420.006897,106.421982
1428,14.280000,0.016104,-0.017598,-0.004918,0.999703,146.455597,420.006409,106.422478
1429,14.290000,0.016111,-0.017617,-0.004896,0.999703,146.455627,420.005188,106.421761
1430,14.300000,0.016114,-0.017477,-0.005028,0.999705,146.465210,420.007599,106.420807
1431,14.310000,0.016105,-0.017602,-0.004917,0.999703,146.457916,420.006958,106.421501
1432,14.320000,0.016105,-0.017604,-0.004922,0.999703,146.458817,420.007629,106.421104
1433,14.330000,0.016104,-0.017611,-0.004910,0.999703,146.460464,420.007263,106.420364
1434,14.340000,0.016107,-0.017578,-0.004958,0.999703,146.461716,420.007050,106.420639
1435,14.350000,0.016101,-0.017584,-0.004933,0.999704,146.461868,420.007294,106.421165
1436,14.360000,0.016104,-0.017421,-0.005116,0.999705,146.468857,420.011017,106.420311
1437,14.370000,0.016108,-0.017544,-0.004998,0.999704,146.460083,420.008270,106.421677
1438,14.380000,0.016106,-0.017599,-0.004917,0.999703,146.455872,420.005280,106.421783
1439,14.390000,0.016106,-0.017606,-0.004905,0.999703,146.452484,420.004333,106.422737
1440,14.400000,0.016107,-0.017614,-0.004891,0.999703,146.451843,420.004608,106.422485
1441,14.410000,0.016104,-0.017574,-0.004956,0.999704,146.453278,420.006470,106.423248
1442,14.420000,0.016107,-0.017581,-0.004922,0.999704,146.455887,420.005676,106.422905
1443,14.430000,0.016112,-0.017611,-0.004893,0.999703,146.455917,420.005157,106.421944
1444,14.440000,0.016104,-0.017606,-0.004891,0.999703,146.458130,420.006531,106.421288
1445,14.450000,0.016106,-0.017427,-0.005031,0.999706,146.460449,420.010437,106.421181
1446,14.460000,0.016097,-0.017408,-0.005087,0.999706,146.471649,420.011566,106.419731
1447,14.470000,0.016095,-0.017610,-0.004904,0.999703,146.464081,420.007782,106.420067
1448,14.480000,0.016101,-0.017468,-0.005060,0.999705,146.472809,420.009583,106.419037
1449,14.490000,0.016102,-0.017431,-0.005098,0.999705,146.472626,420.010742,106.420113
1450,14.500000,0.016101,-0.017404,-0.005126,0.999706,146.468613,420.010773,106.420860
1451,14.510000,0.016105,-0.017443,-0.005068,0.999705,146.465302,420.008820,106.420708
1452,14.520000,0.016109,-0.017590,-0.004918,0.999703,146.454330,420.005280,106.422356
1453,14.530000,0.016104,-0.017593,-0.004918,0.999703,146.453247,420.005493,106.422913
1454,14.540000,0.016105,-0.017581,-0.004925,0.999704,146.451996,420.005280,106.423615
1455,14.550000,0.016108,-0.017580,-0.004937,0.999704,146.451263,420.004059,106.424423
1456,14.560000,0.016108,-0.017419,-0.005084,0.999706,146.464661,420.008636,106.423973
1457,14.570000,0.016107,-0.017569,-0.004938,0.999704,146.457932,420.007446,106.423218
1458,14.580000,0.016099,-0.017589,-0.004939,0.999704,146.458817,420.008331,106.422272
1459,14.590000,0.016099,-0.017593,-0.004923,0.999704,146.460556,420.007660,106.421059
1460,14.600000,0.016096,-0.017595,-0.004905,0.999704,146.462646,420.006836,106.420883
1461,14.610000,0.016096,-0.017449,-0.005060,0.999705,146.473389,420.011047,106.419701
1462,14.620000,0.016098,-0.017462,-0.005058,0.999705,146.475021,420.012665,106.419769
1463,14.630000,0.016097,-0.017556,-0.004957,0.999704,146.469254,420.011566,106.420906
1464,14.640000,0.016101,-0.017430,-0.005083,0.999706,146.475571,420.011353,106.420013
1465,14.650000,0.016103,-0.017549,-0.004992,0.999704,146.467316,420.008270,106.420509
1466,14.660000,0.016097,-0.017432,-0.005082,0.999706,146.472549,420.010712,106.419472
1467,14.670000,0.016096,-0.017566,-0.004948,0.999704,146.460358,420.008209,106.420403
1468,14.680000,0.016106,-0.017391,-0.005063,0.999706,146.457642,420.009979,106.422676
1469,14.690000,0.016102,-0.017574,-0.004935,0.999704,146.451553,420.005951,106.423134
1470,14.700000,0.016119,-0.017411,-0.005035,0.999706,146.448837,420.008514,106.425819
1471,14.710000,0.016115,-0.017576,-0.004932,0.999704,146.445587,420.005096,106.426155
1472,14.720000,0.016113,-0.017609,-0.004908,0.999703,146.444748,420.002441,106.426575
1473,14.730000,0.016090,-0.017503,-0.005095,0.999704,146.446747,420.005432,106.429276
1474,14.740000,0.016100,-0.017584,-0.004923,0.999704,146.447723,420.004517,106.426590
1475,14.750000,0.016102,-0.017590,-0.004895,0.999704,146.452988,420.006195,106.425079
1476,14.760000,0.016099,-0.017617,-0.004863,0.999703,146.457352,420.008179,106.423187
1477,14.770000,0.016099,-0.017456,-0.005042,0.999705,146.473251,420.010681,106.420700
1478,14.780000,0.016088,-0.017588,-0.004917,0.999704,146.472229,420.010101,106.421532
1479,14.790000,0.016085,-0.017578,-0.004923,0.999704,146.477097,420.013062,106.421928
1480,14.800000,0.016088,-0.017585,-0.004924,0.999704,146.477020,420.013489,106.420944
1481,14.810000,0.016091,-0.017434,-0.005084,0.999706,146.485962,420.014282,106.420303
1482,14.820000,0.016090,-0.017411,-0.005096,0.999706,146.484680,420.013824,106.420326
1483,14.830000,0.016092,-0.017421,-0.005084,0.999706,146.477127,420.013550,106.421570
1484,14.840000,0.016093,-0.017589,-0.004920,0.999704,146.461594,420.010254,106.422707
1485,14.850000,0.016096,-0.017607,-0.004892,0.999703,146.452988,420.007294,106.424431
1486,14.860000,0.016103,-0.017610,-0.004883,0.999703,146.447510,420.004822,106.425880
1487,14.870000,0.016105,-0.017596,-0.004899,0.999704,146.443481,420.002716,106.427811
1488,14.880000,0.016109,-0.017583,-0.004891,0.999704,146.442322,420.002930,106.428894
1489,14.890000,0.016094,-0.017344,-0.005158,0.999707,146.445343,420.010254,106.432663
1490,14.900000,0.016105,-0.017550,-0.004935,0.999704,146.449539,420.006287,106.428841
1491,14.910000,0.016113,-0.017634,-0.004886,0.999703,146.457916,420.005646,106.428223
1492,14.920000,0.016106,-0.017416,-0.005095,0.999706,146.475204,420.011169,106.424973
1493,14.930000,0.016096,-0.017543,-0.004976,0.999704,146.472229,420.010864,106.423874
1494,14.940000,0.016090,-0.017578,-0.004922,0.999704,146.476242,420.011230,106.421356
1495,14.950000,0.016092,-0.017472,-0.005054,0.999705,146.486542,420.015045,106.418465
1496,14.960000,0.016082,-0.017580,-0.004918,0.999704,146.478165,420.013763,106.418694
1497,14.970000,0.016089,-0.017484,-0.005038,0.999705,146.482040,420.015747,106.417816
1498,14.980000,0.016090,-0.017574,-0.004951,0.999704,146.466202,420.011200,106.420959
1499,14.990000,0.016090,-0.017412,-0.005101,0.999706,146.468521,420.011261,106.421936
1500,15.000000,0.016092,-0.017583,-0.004900,0.999704,146.451599,420.005157,106.423538
