ISO-10303-21;
HEADER;
/* Generated by software containing ST-Developer
 * from STEP Tools, Inc. (www.steptools.com) 
 */

FILE_DESCRIPTION(
/* description */ (''),
/* implementation_level */ '2;1');

FILE_NAME(
/* name */ 'bone_ellipsoidal_carpal_distal.step',
/* time_stamp */ '2026-08-19T19:14:22+09:00',
/* author */ (''),
/* organization */ (''),
/* preprocessor_version */ 'ST-DEVELOPER v20.1',
/* originating_system */ 'Autodesk Translation Framework v15.8.0.0',
/* authorisation */ '');

FILE_SCHEMA (('AUTOMOTIVE_DESIGN { 1 0 10303 214 3 1 1 }'));
ENDSEC;

DATA;
#10=MECHANICAL_DESIGN_GEOMETRIC_PRESENTATION_REPRESENTATION('',(#13),#3575);
#11=SHAPE_REPRESENTATION_RELATIONSHIP('SRR','None',#3582,#12);
#12=ADVANCED_BREP_SHAPE_REPRESENTATION('',(#14),#3574);
#13=STYLED_ITEM('',(#3592),#14);
#14=MANIFOLD_SOLID_BREP('\X2\30DC30C730A3\X0\1',#375);
#15=PLANE('',#398);
#16=FACE_BOUND('',#69,.T.);
#17=FACE_BOUND('',#70,.T.);
#18=FACE_BOUND('',#71,.T.);
#19=FACE_BOUND('',#72,.T.);
#20=FACE_BOUND('',#78,.T.);
#21=FACE_BOUND('',#79,.T.);
#22=FACE_BOUND('',#80,.T.);
#23=FACE_BOUND('',#81,.T.);
#24=FACE_BOUND('',#82,.T.);
#25=FACE_BOUND('',#83,.T.);
#26=FACE_BOUND('',#91,.T.);
#27=FACE_BOUND('',#92,.T.);
#28=ELLIPSE('',#391,0.983603952300365,0.893649145111357);
#29=ELLIPSE('',#392,1.25864952026059,0.901129628404889);
#30=ELLIPSE('',#393,31.325,16.325);
#31=ELLIPSE('',#394,31.325,16.325);
#32=ELLIPSE('',#395,31.325,16.325);
#33=ELLIPSE('',#396,1.25958029932265,0.901513693720421);
#34=ELLIPSE('',#397,0.728651299653207,0.509637006987785);
#35=B_SPLINE_SURFACE_WITH_KNOTS('',3,3,((#649,#650,#651,#652,#653,#654,
#655,#656,#657,#658,#659,#660,#661,#662,#663,#664,#665,#666,#667,#668,#669,
#670),(#671,#672,#673,#674,#675,#676,#677,#678,#679,#680,#681,#682,#683,
#684,#685,#686,#687,#688,#689,#690,#691,#692),(#693,#694,#695,#696,#697,
#698,#699,#700,#701,#702,#703,#704,#705,#706,#707,#708,#709,#710,#711,#712,
#713,#714),(#715,#716,#717,#718,#719,#720,#721,#722,#723,#724,#725,#726,
#727,#728,#729,#730,#731,#732,#733,#734,#735,#736),(#737,#738,#739,#740,
#741,#742,#743,#744,#745,#746,#747,#748,#749,#750,#751,#752,#753,#754,#755,
#756,#757,#758),(#759,#760,#761,#762,#763,#764,#765,#766,#767,#768,#769,
#770,#771,#772,#773,#774,#775,#776,#777,#778,#779,#780),(#781,#782,#783,
#784,#785,#786,#787,#788,#789,#790,#791,#792,#793,#794,#795,#796,#797,#798,
#799,#800,#801,#802)),.UNSPECIFIED.,.F.,.T.,.F.,(4,1,1,1,4),(4,1,1,2,1,
2,1,1,1,1,2,1,1,1,2,4),(-0.0013815939155174,0.285714285714286,0.571428571428571,
0.857142857142857,1.),(0.0422033542060554,0.0856865527122439,0.100180952214307,
0.158158550222558,0.231188549549456,0.304218548876354,0.338143546419461,
0.372068543962568,0.389031042734122,0.405993541505676,0.439918539048783,
0.475828602064057,0.511738665079332,0.547648728094606,0.583558791109881,
0.598609891580163),.UNSPECIFIED.);
#36=B_SPLINE_SURFACE_WITH_KNOTS('',3,3,((#1034,#1035,#1036,#1037),(#1038,
#1039,#1040,#1041),(#1042,#1043,#1044,#1045),(#1046,#1047,#1048,#1049),
(#1050,#1051,#1052,#1053),(#1054,#1055,#1056,#1057),(#1058,#1059,#1060,
#1061),(#1062,#1063,#1064,#1065),(#1066,#1067,#1068,#1069),(#1070,#1071,
#1072,#1073),(#1074,#1075,#1076,#1077),(#1078,#1079,#1080,#1081),(#1082,
#1083,#1084,#1085),(#1086,#1087,#1088,#1089)),.UNSPECIFIED.,.T.,.F.,.F.,
(4,1,2,1,2,1,2,1,4),(4,4),(0.,0.125,0.25,0.375,0.5,0.625,0.75,0.875,1.),
(0.0197336262891068,0.779965246181199),.UNSPECIFIED.);
#37=B_SPLINE_SURFACE_WITH_KNOTS('',3,3,((#1246,#1247,#1248,#1249,#1250,
#1251,#1252,#1253,#1254,#1255,#1256,#1257,#1258,#1259,#1260,#1261,#1262,
#1263,#1264,#1265,#1266,#1267,#1268,#1269,#1270,#1271,#1272,#1273,#1274,
#1275,#1276,#1277,#1278,#1279,#1280,#1281,#1282),(#1283,#1284,#1285,#1286,
#1287,#1288,#1289,#1290,#1291,#1292,#1293,#1294,#1295,#1296,#1297,#1298,
#1299,#1300,#1301,#1302,#1303,#1304,#1305,#1306,#1307,#1308,#1309,#1310,
#1311,#1312,#1313,#1314,#1315,#1316,#1317,#1318,#1319),(#1320,#1321,#1322,
#1323,#1324,#1325,#1326,#1327,#1328,#1329,#1330,#1331,#1332,#1333,#1334,
#1335,#1336,#1337,#1338,#1339,#1340,#1341,#1342,#1343,#1344,#1345,#1346,
#1347,#1348,#1349,#1350,#1351,#1352,#1353,#1354,#1355,#1356),(#1357,#1358,
#1359,#1360,#1361,#1362,#1363,#1364,#1365,#1366,#1367,#1368,#1369,#1370,
#1371,#1372,#1373,#1374,#1375,#1376,#1377,#1378,#1379,#1380,#1381,#1382,
#1383,#1384,#1385,#1386,#1387,#1388,#1389,#1390,#1391,#1392,#1393),(#1394,
#1395,#1396,#1397,#1398,#1399,#1400,#1401,#1402,#1403,#1404,#1405,#1406,
#1407,#1408,#1409,#1410,#1411,#1412,#1413,#1414,#1415,#1416,#1417,#1418,
#1419,#1420,#1421,#1422,#1423,#1424,#1425,#1426,#1427,#1428,#1429,#1430),
(#1431,#1432,#1433,#1434,#1435,#1436,#1437,#1438,#1439,#1440,#1441,#1442,
#1443,#1444,#1445,#1446,#1447,#1448,#1449,#1450,#1451,#1452,#1453,#1454,
#1455,#1456,#1457,#1458,#1459,#1460,#1461,#1462,#1463,#1464,#1465,#1466,
#1467),(#1468,#1469,#1470,#1471,#1472,#1473,#1474,#1475,#1476,#1477,#1478,
#1479,#1480,#1481,#1482,#1483,#1484,#1485,#1486,#1487,#1488,#1489,#1490,
#1491,#1492,#1493,#1494,#1495,#1496,#1497,#1498,#1499,#1500,#1501,#1502,
#1503,#1504)),.UNSPECIFIED.,.F.,.T.,.F.,(4,1,1,1,4),(4,1,2,1,1,1,1,2,1,
1,1,1,1,1,1,1,1,1,1,1,1,1,2,1,1,1,1,1,1,2,4),(-0.000616833521314293,0.285714285714286,
0.571428571428571,0.857142857142857,1.),(0.0333299935377741,0.0850364578978832,
0.136742922257992,0.184374812091807,0.200252108703078,0.21612940531435,
0.232006701925621,0.263761295148164,0.298581413707866,0.315991472987717,
0.333401532267567,0.33775404708753,0.342106561907493,0.350811591547418,
0.368221650827269,0.38563171010712,0.394336739747045,0.398689254567008,
0.399777383271999,0.400865511976989,0.40195364068198,0.402497705034475,
0.403041769386971,0.435961731943245,0.452421713221383,0.46888169449952,
0.477111685138589,0.485341675777657,0.501801657055795,0.534721619612069,
0.573269357379228),.UNSPECIFIED.);
#38=B_SPLINE_SURFACE_WITH_KNOTS('',3,3,((#1752,#1753,#1754,#1755),(#1756,
#1757,#1758,#1759),(#1760,#1761,#1762,#1763),(#1764,#1765,#1766,#1767),
(#1768,#1769,#1770,#1771),(#1772,#1773,#1774,#1775),(#1776,#1777,#1778,
#1779),(#1780,#1781,#1782,#1783),(#1784,#1785,#1786,#1787),(#1788,#1789,
#1790,#1791),(#1792,#1793,#1794,#1795),(#1796,#1797,#1798,#1799),(#1800,
#1801,#1802,#1803),(#1804,#1805,#1806,#1807)),.UNSPECIFIED.,.T.,.F.,.F.,
(4,1,2,1,2,1,2,1,4),(4,4),(0.,0.125,0.25,0.375,0.5,0.625,0.75,0.875,1.),
(0.019733626289107,0.779807667417583),.UNSPECIFIED.);
#39=B_SPLINE_SURFACE_WITH_KNOTS('',3,3,((#1840,#1841,#1842,#1843,#1844,
#1845,#1846,#1847,#1848,#1849,#1850,#1851,#1852,#1853,#1854,#1855,#1856,
#1857,#1858,#1859,#1860,#1861),(#1862,#1863,#1864,#1865,#1866,#1867,#1868,
#1869,#1870,#1871,#1872,#1873,#1874,#1875,#1876,#1877,#1878,#1879,#1880,
#1881,#1882,#1883),(#1884,#1885,#1886,#1887,#1888,#1889,#1890,#1891,#1892,
#1893,#1894,#1895,#1896,#1897,#1898,#1899,#1900,#1901,#1902,#1903,#1904,
#1905),(#1906,#1907,#1908,#1909,#1910,#1911,#1912,#1913,#1914,#1915,#1916,
#1917,#1918,#1919,#1920,#1921,#1922,#1923,#1924,#1925,#1926,#1927),(#1928,
#1929,#1930,#1931,#1932,#1933,#1934,#1935,#1936,#1937,#1938,#1939,#1940,
#1941,#1942,#1943,#1944,#1945,#1946,#1947,#1948,#1949)),.UNSPECIFIED.,.F.,
 .T.,.F.,(4,1,4),(4,1,1,2,1,1,2,1,1,1,2,1,1,1,2,4),(-0.000428338060281135,
0.5,1.),(-1.,-0.938139665277411,-0.876279330554823,-0.752558661109646,-0.721036212285484,
-0.626468865812998,-0.50037907051635,-0.438472659490665,-0.376566248464981,
-0.345613042952138,-0.252753426413612,-0.190820393171941,-0.128887359930271,
-0.0669543266886004,-0.00502129344693,0.),.UNSPECIFIED.);
#40=B_SPLINE_SURFACE_WITH_KNOTS('',3,3,((#2140,#2141,#2142,#2143),(#2144,
#2145,#2146,#2147),(#2148,#2149,#2150,#2151),(#2152,#2153,#2154,#2155),
(#2156,#2157,#2158,#2159),(#2160,#2161,#2162,#2163),(#2164,#2165,#2166,
#2167),(#2168,#2169,#2170,#2171),(#2172,#2173,#2174,#2175),(#2176,#2177,
#2178,#2179),(#2180,#2181,#2182,#2183),(#2184,#2185,#2186,#2187),(#2188,
#2189,#2190,#2191),(#2192,#2193,#2194,#2195)),.UNSPECIFIED.,.T.,.F.,.F.,
(4,1,2,1,2,1,2,1,4),(4,4),(0.,0.125,0.25,0.375,0.5,0.625,0.75,0.875,1.),
(0.0197336262891068,0.779910180434252),.UNSPECIFIED.);
#41=B_SPLINE_SURFACE_WITH_KNOTS('',3,3,((#2478,#2479,#2480,#2481,#2482,
#2483,#2484,#2485,#2486,#2487,#2488,#2489,#2490,#2491,#2492,#2493,#2494,
#2495,#2496,#2497,#2498,#2499,#2500,#2501),(#2502,#2503,#2504,#2505,#2506,
#2507,#2508,#2509,#2510,#2511,#2512,#2513,#2514,#2515,#2516,#2517,#2518,
#2519,#2520,#2521,#2522,#2523,#2524,#2525),(#2526,#2527,#2528,#2529,#2530,
#2531,#2532,#2533,#2534,#2535,#2536,#2537,#2538,#2539,#2540,#2541,#2542,
#2543,#2544,#2545,#2546,#2547,#2548,#2549),(#2550,#2551,#2552,#2553,#2554,
#2555,#2556,#2557,#2558,#2559,#2560,#2561,#2562,#2563,#2564,#2565,#2566,
#2567,#2568,#2569,#2570,#2571,#2572,#2573),(#2574,#2575,#2576,#2577,#2578,
#2579,#2580,#2581,#2582,#2583,#2584,#2585,#2586,#2587,#2588,#2589,#2590,
#2591,#2592,#2593,#2594,#2595,#2596,#2597)),.UNSPECIFIED.,.F.,.T.,.F.,(4,
1,4),(4,2,1,1,1,2,1,1,1,2,1,1,1,2,1,1,1,4),(0.,0.5,1.),(-1.,-0.994973613303728,
-0.933008290737373,-0.871042968171018,-0.809077645604663,-0.747112323038308,
-0.716141046173788,-0.623227215580228,-0.561284661851187,-0.499342108122147,
-0.436300676490361,-0.373259244858575,-0.310217813226788,-0.247176381595002,
-0.185382286196251,-0.123588190797501,-0.0617940953987505,0.),
 .UNSPECIFIED.);
#42=B_SPLINE_SURFACE_WITH_KNOTS('',3,3,((#2603,#2604,#2605,#2606,#2607,
#2608,#2609,#2610,#2611,#2612,#2613,#2614,#2615,#2616,#2617,#2618,#2619,
#2620,#2621,#2622,#2623,#2624,#2625,#2626),(#2627,#2628,#2629,#2630,#2631,
#2632,#2633,#2634,#2635,#2636,#2637,#2638,#2639,#2640,#2641,#2642,#2643,
#2644,#2645,#2646,#2647,#2648,#2649,#2650),(#2651,#2652,#2653,#2654,#2655,
#2656,#2657,#2658,#2659,#2660,#2661,#2662,#2663,#2664,#2665,#2666,#2667,
#2668,#2669,#2670,#2671,#2672,#2673,#2674),(#2675,#2676,#2677,#2678,#2679,
#2680,#2681,#2682,#2683,#2684,#2685,#2686,#2687,#2688,#2689,#2690,#2691,
#2692,#2693,#2694,#2695,#2696,#2697,#2698),(#2699,#2700,#2701,#2702,#2703,
#2704,#2705,#2706,#2707,#2708,#2709,#2710,#2711,#2712,#2713,#2714,#2715,
#2716,#2717,#2718,#2719,#2720,#2721,#2722)),.UNSPECIFIED.,.F.,.T.,.F.,(4,
1,4),(4,2,1,1,1,2,1,1,1,2,1,1,1,2,1,1,1,4),(0.,0.5,1.),(-1.,-0.994974833544414,
-0.933009510930348,-0.871044188316282,-0.809078865702215,-0.747113543088149,
-0.716142266592333,-0.623228437104884,-0.561285884113252,-0.499343331121619,
-0.436301899573774,-0.373260468025928,-0.310219036478082,-0.247177604930236,
-0.185383203697677,-0.123588802465118,-0.061794401232559,0.),
 .UNSPECIFIED.);
#43=B_SPLINE_SURFACE_WITH_KNOTS('',3,3,((#2728,#2729,#2730,#2731,#2732,
#2733,#2734,#2735,#2736,#2737,#2738,#2739,#2740,#2741,#2742,#2743,#2744,
#2745,#2746,#2747,#2748,#2749),(#2750,#2751,#2752,#2753,#2754,#2755,#2756,
#2757,#2758,#2759,#2760,#2761,#2762,#2763,#2764,#2765,#2766,#2767,#2768,
#2769,#2770,#2771),(#2772,#2773,#2774,#2775,#2776,#2777,#2778,#2779,#2780,
#2781,#2782,#2783,#2784,#2785,#2786,#2787,#2788,#2789,#2790,#2791,#2792,
#2793),(#2794,#2795,#2796,#2797,#2798,#2799,#2800,#2801,#2802,#2803,#2804,
#2805,#2806,#2807,#2808,#2809,#2810,#2811,#2812,#2813,#2814,#2815),(#2816,
#2817,#2818,#2819,#2820,#2821,#2822,#2823,#2824,#2825,#2826,#2827,#2828,
#2829,#2830,#2831,#2832,#2833,#2834,#2835,#2836,#2837)),.UNSPECIFIED.,.F.,
 .T.,.F.,(4,1,4),(4,1,1,2,1,1,2,1,1,1,2,1,1,1,2,4),(-0.000428340213279693,
0.5,1.),(-1.,-0.938139706272244,-0.876279412544488,-0.752558825088976,-0.721036376308109,
-0.626469029965509,-0.500379234842042,-0.438472823714155,-0.376566412586268,
-0.345613207022324,-0.252753590330494,-0.190820557296987,-0.12888752426348,
-0.0669544912299736,-0.00502145819646687,0.),.UNSPECIFIED.);
#44=B_SPLINE_SURFACE_WITH_KNOTS('',3,3,((#3005,#3006,#3007,#3008),(#3009,
#3010,#3011,#3012),(#3013,#3014,#3015,#3016),(#3017,#3018,#3019,#3020),
(#3021,#3022,#3023,#3024),(#3025,#3026,#3027,#3028),(#3029,#3030,#3031,
#3032),(#3033,#3034,#3035,#3036),(#3037,#3038,#3039,#3040),(#3041,#3042,
#3043,#3044),(#3045,#3046,#3047,#3048),(#3049,#3050,#3051,#3052),(#3053,
#3054,#3055,#3056),(#3057,#3058,#3059,#3060)),.UNSPECIFIED.,.T.,.F.,.F.,
(4,1,2,1,2,1,2,1,4),(4,4),(0.,0.125,0.25,0.375,0.5,0.625,0.75,0.875,1.),
(0.0197336262891068,0.77953042948067),.UNSPECIFIED.);
#45=B_SPLINE_SURFACE_WITH_KNOTS('',3,3,((#3120,#3121,#3122,#3123,#3124,
#3125,#3126,#3127,#3128,#3129,#3130,#3131,#3132,#3133,#3134,#3135,#3136,
#3137,#3138,#3139),(#3140,#3141,#3142,#3143,#3144,#3145,#3146,#3147,#3148,
#3149,#3150,#3151,#3152,#3153,#3154,#3155,#3156,#3157,#3158,#3159),(#3160,
#3161,#3162,#3163,#3164,#3165,#3166,#3167,#3168,#3169,#3170,#3171,#3172,
#3173,#3174,#3175,#3176,#3177,#3178,#3179),(#3180,#3181,#3182,#3183,#3184,
#3185,#3186,#3187,#3188,#3189,#3190,#3191,#3192,#3193,#3194,#3195,#3196,
#3197,#3198,#3199),(#3200,#3201,#3202,#3203,#3204,#3205,#3206,#3207,#3208,
#3209,#3210,#3211,#3212,#3213,#3214,#3215,#3216,#3217,#3218,#3219),(#3220,
#3221,#3222,#3223,#3224,#3225,#3226,#3227,#3228,#3229,#3230,#3231,#3232,
#3233,#3234,#3235,#3236,#3237,#3238,#3239),(#3240,#3241,#3242,#3243,#3244,
#3245,#3246,#3247,#3248,#3249,#3250,#3251,#3252,#3253,#3254,#3255,#3256,
#3257,#3258,#3259)),.UNSPECIFIED.,.F.,.T.,.F.,(4,1,1,1,4),(4,2,1,1,2,1,
1,1,1,2,1,2,1,4),(-0.00134795890196036,0.285714285714286,0.571428571428571,
0.857142857142857,1.),(0.032991607821366,0.0481822961517826,0.10253979662618,
0.12065896345098,0.193135630750177,0.227371171819951,0.244488942354839,
0.261606712889726,0.287283368692057,0.330077795029276,0.403804979310075,
0.477532163590875,0.535969572097393,0.594406980603912),.UNSPECIFIED.);
#46=B_SPLINE_SURFACE_WITH_KNOTS('',3,3,((#3267,#3268,#3269,#3270,#3271,
#3272,#3273,#3274,#3275,#3276,#3277,#3278,#3279,#3280,#3281,#3282,#3283,
#3284,#3285,#3286,#3287,#3288,#3289,#3290,#3291,#3292,#3293,#3294,#3295,
#3296,#3297,#3298,#3299,#3300,#3301,#3302,#3303,#3304,#3305),(#3306,#3307,
#3308,#3309,#3310,#3311,#3312,#3313,#3314,#3315,#3316,#3317,#3318,#3319,
#3320,#3321,#3322,#3323,#3324,#3325,#3326,#3327,#3328,#3329,#3330,#3331,
#3332,#3333,#3334,#3335,#3336,#3337,#3338,#3339,#3340,#3341,#3342,#3343,
#3344),(#3345,#3346,#3347,#3348,#3349,#3350,#3351,#3352,#3353,#3354,#3355,
#3356,#3357,#3358,#3359,#3360,#3361,#3362,#3363,#3364,#3365,#3366,#3367,
#3368,#3369,#3370,#3371,#3372,#3373,#3374,#3375,#3376,#3377,#3378,#3379,
#3380,#3381,#3382,#3383),(#3384,#3385,#3386,#3387,#3388,#3389,#3390,#3391,
#3392,#3393,#3394,#3395,#3396,#3397,#3398,#3399,#3400,#3401,#3402,#3403,
#3404,#3405,#3406,#3407,#3408,#3409,#3410,#3411,#3412,#3413,#3414,#3415,
#3416,#3417,#3418,#3419,#3420,#3421,#3422),(#3423,#3424,#3425,#3426,#3427,
#3428,#3429,#3430,#3431,#3432,#3433,#3434,#3435,#3436,#3437,#3438,#3439,
#3440,#3441,#3442,#3443,#3444,#3445,#3446,#3447,#3448,#3449,#3450,#3451,
#3452,#3453,#3454,#3455,#3456,#3457,#3458,#3459,#3460,#3461),(#3462,#3463,
#3464,#3465,#3466,#3467,#3468,#3469,#3470,#3471,#3472,#3473,#3474,#3475,
#3476,#3477,#3478,#3479,#3480,#3481,#3482,#3483,#3484,#3485,#3486,#3487,
#3488,#3489,#3490,#3491,#3492,#3493,#3494,#3495,#3496,#3497,#3498,#3499,
#3500),(#3501,#3502,#3503,#3504,#3505,#3506,#3507,#3508,#3509,#3510,#3511,
#3512,#3513,#3514,#3515,#3516,#3517,#3518,#3519,#3520,#3521,#3522,#3523,
#3524,#3525,#3526,#3527,#3528,#3529,#3530,#3531,#3532,#3533,#3534,#3535,
#3536,#3537,#3538,#3539)),.UNSPECIFIED.,.F.,.T.,.F.,(4,1,1,1,4),(4,2,1,
1,1,1,1,1,2,1,1,1,1,1,1,1,1,1,1,1,1,1,1,1,1,2,1,1,1,1,2,1,4),(-0.000227535927637749,
0.285714285714286,0.571428571428571,0.857142857142857,1.),(0.0357756290683498,
0.0769229854821848,0.111327897930663,0.128530354154902,0.137131582267021,
0.145732810379141,0.16293526660338,0.180137722827619,0.214542635276096,
0.21511099819932,0.215679361122544,0.216816086968991,0.217952812815439,
0.219089538661886,0.223636442047676,0.228183345433466,0.232730248819256,
0.241824055590836,0.250917862362416,0.269105475905576,0.278199282677156,
0.282746186062946,0.287293089448736,0.305480702991895,0.323668316535055,
0.360043543621375,0.393196844768869,0.426350145916363,0.44292679649011,
0.459503447063857,0.492656748211351,0.546107319200022,0.599557890188693),
 .UNSPECIFIED.);
#47=FACE_OUTER_BOUND('',#64,.T.);
#48=FACE_OUTER_BOUND('',#65,.T.);
#49=FACE_OUTER_BOUND('',#66,.T.);
#50=FACE_OUTER_BOUND('',#67,.T.);
#51=FACE_OUTER_BOUND('',#68,.T.);
#52=FACE_OUTER_BOUND('',#73,.T.);
#53=FACE_OUTER_BOUND('',#74,.T.);
#54=FACE_OUTER_BOUND('',#75,.T.);
#55=FACE_OUTER_BOUND('',#76,.T.);
#56=FACE_OUTER_BOUND('',#77,.T.);
#57=FACE_OUTER_BOUND('',#84,.T.);
#58=FACE_OUTER_BOUND('',#85,.T.);
#59=FACE_OUTER_BOUND('',#86,.T.);
#60=FACE_OUTER_BOUND('',#87,.T.);
#61=FACE_OUTER_BOUND('',#88,.T.);
#62=FACE_OUTER_BOUND('',#89,.T.);
#63=FACE_OUTER_BOUND('',#90,.T.);
#64=EDGE_LOOP('',(#242,#243,#244,#245,#246));
#65=EDGE_LOOP('',(#247,#248,#249,#250,#251));
#66=EDGE_LOOP('',(#252,#253,#254,#255,#256,#257));
#67=EDGE_LOOP('',(#258,#259,#260,#261,#262,#263,#264,#265));
#68=EDGE_LOOP('',(#266,#267,#268,#269,#270));
#69=EDGE_LOOP('',(#271));
#70=EDGE_LOOP('',(#272));
#71=EDGE_LOOP('',(#273));
#72=EDGE_LOOP('',(#274));
#73=EDGE_LOOP('',(#275,#276,#277,#278,#279,#280));
#74=EDGE_LOOP('',(#281,#282,#283,#284,#285,#286,#287,#288));
#75=EDGE_LOOP('',(#289,#290,#291,#292,#293,#294));
#76=EDGE_LOOP('',(#295,#296,#297,#298,#299,#300,#301,#302));
#77=EDGE_LOOP('',(#303));
#78=EDGE_LOOP('',(#304));
#79=EDGE_LOOP('',(#305));
#80=EDGE_LOOP('',(#306));
#81=EDGE_LOOP('',(#307));
#82=EDGE_LOOP('',(#308));
#83=EDGE_LOOP('',(#309));
#84=EDGE_LOOP('',(#310,#311,#312,#313,#314,#315));
#85=EDGE_LOOP('',(#316,#317,#318,#319,#320,#321));
#86=EDGE_LOOP('',(#322,#323,#324,#325,#326,#327));
#87=EDGE_LOOP('',(#328,#329,#330,#331,#332,#333,#334,#335));
#88=EDGE_LOOP('',(#336,#337,#338,#339,#340,#341));
#89=EDGE_LOOP('',(#342,#343,#344,#345,#346,#347));
#90=EDGE_LOOP('',(#348,#349));
#91=EDGE_LOOP('',(#350,#351));
#92=EDGE_LOOP('',(#352,#353));
#93=B_SPLINE_CURVE_WITH_KNOTS('',3,(#448,#449,#450,#451,#452,#453,#454,
#455,#456,#457,#458,#459,#460,#461,#462,#463,#464,#465,#466,#467,#468,#469,
#470,#471,#472,#473,#474,#475,#476,#477,#478,#479,#480,#481),
 .UNSPECIFIED.,.F.,.F.,(4,2,2,2,2,2,2,2,2,2,2,2,2,2,2,2,4),(-0.54707466803631,
-0.524818996788145,-0.503203633178685,-0.47096542449164,-0.440564508317684,
-0.42270295018279,-0.380561764099074,-0.317801252278183,-0.270212241919536,
-0.232836726043254,-0.200467241221465,-0.166849147712279,-0.123963093924113,
-0.0583608178652454,-0.0266066601532488,-0.0136738617626053,-9.99999953732456E-7),
 .UNSPECIFIED.);
#94=B_SPLINE_CURVE_WITH_KNOTS('',3,(#482,#483,#484,#485,#486,#487,#488,
#489,#490,#491,#492,#493,#494,#495,#496,#497,#498,#499,#500,#501,#502,#503,
#504,#505,#506,#507,#508,#509,#510,#511,#512,#513,#514,#515,#516,#517,#518,
#519,#520,#521,#522,#523,#524,#525,#526,#527,#528,#529,#530,#531,#532,#533,
#534,#535,#536,#537,#538,#539,#540,#541,#542,#543,#544,#545,#546,#547,#548,
#549,#550,#551,#552,#553,#554,#555,#556,#557,#558,#559,#560,#561,#562,#563,
#564,#565,#566,#567,#568,#569),.UNSPECIFIED.,.F.,.F.,(4,3,3,3,3,3,3,3,3,
3,3,3,3,3,3,3,3,3,3,3,3,3,3,3,3,3,3,3,3,4),(-0.265410638685859,-0.250161569191931,
-0.234909859554437,-0.217246288071625,-0.209157934320122,-0.195860233268071,
-0.183394508832613,-0.176893698536684,-0.154952398213729,-0.137749530307212,
-0.134081384073807,-0.123719901230359,-0.113626395385591,-0.103847420893029,
-0.102248497486598,-0.0956463086025339,-0.0890081867758764,-0.0857259118505693,
-0.0843757169015538,-0.0834681131577533,-0.0768033699252604,-0.0758790870746479,
-0.065972636630592,-0.0556791164385651,-0.0481546627743346,-0.0375458378764559,
-0.0269370129785773,-0.0156642846501655,-0.0039490975106816,-9.99999781627569E-7),
 .UNSPECIFIED.);
#95=B_SPLINE_CURVE_WITH_KNOTS('',3,(#593,#594,#595,#596,#597,#598,#599,
#600,#601,#602,#603,#604,#605,#606,#607,#608,#609,#610,#611,#612,#613,#614,
#615,#616,#617,#618,#619,#620,#621,#622,#623,#624,#625,#626,#627,#628,#629,
#630),.UNSPECIFIED.,.F.,.F.,(4,2,2,2,2,2,2,2,2,2,2,2,2,2,2,2,2,2,4),(-0.574171726317979,
-0.554121239911918,-0.531461290718574,-0.487797547358313,-0.439682156829495,
-0.405371957899748,-0.375690120475584,-0.343737319985476,-0.300853692677448,
-0.256262373301393,-0.222006893652837,-0.191894971290682,-0.158096940679789,
-0.112354724567311,-0.0721196679946972,-0.0412704318264162,-0.0204898605279994,
-0.0102073903965021,-9.99999966945018E-7),.UNSPECIFIED.);
#96=B_SPLINE_CURVE_WITH_KNOTS('',3,(#631,#632,#633,#634,#635,#636,#637,
#638,#639,#640,#641,#642,#643,#644,#645,#646,#647,#648),.UNSPECIFIED.,.F.,
 .F.,(4,2,2,2,2,2,2,2,4),(-0.221536392708193,-0.208381703630301,-0.196054671198544,
-0.164849646896199,-0.111140390566692,-0.0733456127588826,-0.0441123203849436,
-0.0227694667431018,-1.00000036024062E-6),.UNSPECIFIED.);
#97=B_SPLINE_CURVE_WITH_KNOTS('',3,(#805,#806,#807,#808,#809,#810,#811),
 .UNSPECIFIED.,.F.,.F.,(4,1,1,1,4),(-1.,-0.857142857142857,-0.571428571428571,
-0.285714285714286,-3.22429718379734E-6),.UNSPECIFIED.);
#98=B_SPLINE_CURVE_WITH_KNOTS('',3,(#813,#814,#815,#816,#817,#818,#819,
#820,#821,#822,#823,#824,#825,#826,#827,#828,#829,#830,#831,#832,#833,#834,
#835,#836,#837,#838,#839,#840,#841,#842,#843,#844,#845,#846,#847,#848,#849,
#850,#851,#852,#853,#854,#855,#856,#857,#858,#859,#860,#861,#862,#863,#864,
#865,#866,#867,#868,#869,#870,#871,#872,#873,#874,#875,#876,#877,#878,#879,
#880,#881,#882,#883,#884,#885,#886,#887,#888,#889,#890,#891,#892,#893,#894),
 .UNSPECIFIED.,.F.,.F.,(4,3,3,3,3,3,3,3,3,3,3,3,3,3,3,3,3,3,3,3,3,3,3,3,
3,3,3,4),(0.0422033542060554,0.0539720581322987,0.0656631208414151,0.0772399304270268,
0.0856865527122439,0.0942847667951402,0.100180952214307,0.112570713913193,
0.125059069120469,0.137330179547643,0.149088159522759,0.158155757985871,
0.158158550222558,0.170709280708557,0.183318439246942,0.196015032367126,
0.208762531919047,0.221585411343775,0.226324421567524,0.231188549549456,
0.243579141790392,0.255618956527081,0.267703279728926,0.279132400063828,
0.290408119183918,0.301506058546919,0.303956249334463,0.30410377632592),
 .UNSPECIFIED.);
#99=B_SPLINE_CURVE_WITH_KNOTS('',3,(#896,#897,#898,#899,#900,#901,#902,
#903,#904,#905,#906,#907,#908,#909,#910,#911,#912,#913,#914,#915,#916,#917,
#918,#919,#920,#921,#922,#923,#924,#925,#926,#927,#928,#929,#930,#931,#932,
#933,#934,#935,#936,#937,#938,#939,#940,#941,#942,#943,#944,#945,#946,#947,
#948,#949,#950,#951,#952,#953,#954,#955,#956,#957,#958,#959,#960,#961,#962,
#963,#964,#965,#966,#967,#968,#969,#970,#971,#972,#973,#974,#975,#976,#977,
#978,#979,#980,#981,#982,#983,#984,#985,#986,#987,#988,#989,#990,#991,#992,
#993,#994,#995,#996,#997,#998,#999,#1000,#1001,#1002,#1003,#1004,#1005,
#1006,#1007,#1008,#1009,#1010),.UNSPECIFIED.,.F.,.F.,(4,3,3,3,3,3,3,3,3,
3,3,3,3,3,3,3,3,3,3,3,3,3,3,3,3,3,3,3,3,3,3,3,3,3,3,3,3,3,4),(0.304218548876354,
0.312699798262131,0.321218256474647,0.329752606439921,0.338143546419461,
0.345693417041517,0.353130851421106,0.360491466999262,0.367701251486178,
0.372068543962568,0.381043020086519,0.383060316032367,0.389031042734122,
0.39483510612915,0.400707439469372,0.405993541505676,0.413431725625637,
0.422025725990264,0.430959239173172,0.438768419968025,0.43989275235608,
0.439918539048783,0.448204083563701,0.456924092044558,0.466376347054308,
0.475828602064057,0.484607833605115,0.493534972270581,0.502605919275507,
0.508570119247287,0.511738665079332,0.522412803918916,0.53320484172942,
0.54391865908571,0.547648728094606,0.558808822280593,0.569561727685078,
0.579792944729721,0.583558791109881),.UNSPECIFIED.);
#100=B_SPLINE_CURVE_WITH_KNOTS('',3,(#1012,#1013,#1014,#1015,#1016,#1017,
#1018,#1019,#1020,#1021,#1022,#1023,#1024,#1025,#1026,#1027,#1028,#1029,
#1030,#1031,#1032,#1033),.UNSPECIFIED.,.T.,.F.,(4,2,1,1,1,2,1,1,1,1,2,1,
2,1,1,4),(-0.598609891580163,-0.583558791109881,-0.547648728094606,-0.511738665079332,
-0.475828602064057,-0.439918539048783,-0.405993541505676,-0.389031042734122,
-0.372068543962568,-0.338143546419461,-0.304218548876354,-0.231188549549456,
-0.158158550222558,-0.100180952214307,-0.0856865527122439,-0.0422033542060554),
 .UNSPECIFIED.);
#101=B_SPLINE_CURVE_WITH_KNOTS('',3,(#1091,#1092,#1093,#1094),
 .UNSPECIFIED.,.F.,.F.,(4,4),(0.0390778251411018,0.755369999811991),
 .UNSPECIFIED.);
#102=B_SPLINE_CURVE_WITH_KNOTS('',3,(#1098,#1099,#1100,#1101,#1102,#1103,
#1104,#1105,#1106,#1107,#1108,#1109),.UNSPECIFIED.,.F.,.F.,(4,1,1,1,2,1,
1,1,4),(-0.499342108122147,-0.436300676490361,-0.373259244858575,-0.310217813226788,
-0.247176381595002,-0.185382286196251,-0.123588190797501,-0.0617940953987505,
0.),.UNSPECIFIED.);
#103=B_SPLINE_CURVE_WITH_KNOTS('',3,(#1110,#1111,#1112,#1113,#1114,#1115,
#1116,#1117,#1118,#1119,#1120,#1121),.UNSPECIFIED.,.F.,.F.,(4,1,1,1,2,1,
1,1,4),(-0.994973613303728,-0.933008290737373,-0.871042968171018,-0.809077645604663,
-0.747112323038308,-0.716141046173788,-0.623227215580228,-0.561284661851187,
-0.49935955380697),.UNSPECIFIED.);
#104=B_SPLINE_CURVE_WITH_KNOTS('',3,(#1148,#1149,#1150,#1151,#1152,#1153,
#1154,#1155,#1156,#1157,#1158,#1159,#1160,#1161,#1162,#1163,#1164,#1165,
#1166,#1167,#1168,#1169,#1170,#1171,#1172,#1173,#1174,#1175,#1176,#1177,
#1178,#1179,#1180,#1181,#1182,#1183,#1184),.UNSPECIFIED.,.T.,.F.,(4,2,1,
1,1,1,1,1,2,1,1,1,1,1,1,1,1,1,1,1,1,1,1,2,1,1,1,1,2,1,4),(-0.573269357379228,
-0.534721619612069,-0.501801657055795,-0.485341675777657,-0.477111685138589,
-0.46888169449952,-0.452421713221383,-0.435961731943245,-0.403041769386971,
-0.402497705034475,-0.40195364068198,-0.400865511976989,-0.399777383271999,
-0.398689254567008,-0.394336739747045,-0.38563171010712,-0.368221650827269,
-0.350811591547418,-0.342106561907493,-0.33775404708753,-0.333401532267567,
-0.315991472987717,-0.298581413707866,-0.263761295148164,-0.232006701925621,
-0.21612940531435,-0.200252108703078,-0.184374812091807,-0.136742922257992,
-0.0850364578978832,-0.0333299935377741),.UNSPECIFIED.);
#105=B_SPLINE_CURVE_WITH_KNOTS('',3,(#1186,#1187,#1188,#1189,#1190,#1191,
#1192,#1193,#1194,#1195,#1196,#1197,#1198,#1199,#1200,#1201,#1202,#1203,
#1204,#1205,#1206,#1207,#1208,#1209,#1210,#1211,#1212,#1213,#1214,#1215,
#1216,#1217,#1218,#1219,#1220,#1221,#1222,#1223,#1224),.UNSPECIFIED.,.T.,
 .F.,(4,1,2,1,1,1,1,2,1,1,1,1,1,1,1,1,1,1,1,1,1,1,1,1,2,1,1,1,1,1,1,2,4),
(-0.599557890188693,-0.546107319200022,-0.492656748211351,-0.459503447063857,
-0.44292679649011,-0.426350145916363,-0.393196844768869,-0.360043543621375,
-0.323668316535055,-0.305480702991895,-0.287293089448736,-0.282746186062946,
-0.278199282677156,-0.269105475905576,-0.250917862362416,-0.241824055590836,
-0.232730248819256,-0.228183345433466,-0.223636442047676,-0.219089538661886,
-0.217952812815439,-0.216816086968991,-0.215679361122544,-0.21511099819932,
-0.214542635276096,-0.180137722827619,-0.16293526660338,-0.145732810379141,
-0.137131582267021,-0.128530354154902,-0.111327897930663,-0.0769229854821848,
-0.0357756290683498),.UNSPECIFIED.);
#106=B_SPLINE_CURVE_WITH_KNOTS('',3,(#1226,#1227,#1228,#1229,#1230,#1231,
#1232,#1233,#1234,#1235,#1236,#1237,#1238,#1239,#1240,#1241,#1242,#1243,
#1244,#1245),.UNSPECIFIED.,.T.,.F.,(4,1,2,1,2,1,1,1,1,2,1,1,2,4),(-0.594406980603912,
-0.535969572097393,-0.477532163590875,-0.403804979310075,-0.330077795029276,
-0.287283368692057,-0.261606712889726,-0.244488942354839,-0.227371171819951,
-0.193135630750177,-0.12065896345098,-0.10253979662618,-0.0481822961517826,
-0.032991607821366),.UNSPECIFIED.);
#107=B_SPLINE_CURVE_WITH_KNOTS('',3,(#1506,#1507,#1508,#1509,#1510,#1511,
#1512),.UNSPECIFIED.,.F.,.F.,(4,1,1,1,4),(-1.,-0.857142857142857,-0.571428571428571,
-0.285714285714286,-1.35961907440257E-6),.UNSPECIFIED.);
#108=B_SPLINE_CURVE_WITH_KNOTS('',3,(#1514,#1515,#1516,#1517,#1518,#1519,
#1520,#1521,#1522,#1523,#1524,#1525,#1526,#1527,#1528,#1529,#1530,#1531,
#1532,#1533,#1534,#1535,#1536,#1537,#1538,#1539,#1540,#1541,#1542,#1543,
#1544,#1545,#1546,#1547,#1548,#1549,#1550,#1551,#1552,#1553,#1554,#1555,
#1556,#1557,#1558,#1559,#1560,#1561,#1562,#1563,#1564,#1565,#1566,#1567,
#1568,#1569,#1570,#1571,#1572,#1573,#1574,#1575,#1576,#1577,#1578,#1579,
#1580,#1581,#1582,#1583,#1584,#1585,#1586,#1587,#1588,#1589,#1590,#1591,
#1592,#1593,#1594,#1595),.UNSPECIFIED.,.F.,.F.,(4,3,3,3,3,3,3,3,3,3,3,3,
3,3,3,3,3,3,3,3,3,3,3,3,3,3,3,4),(0.0333299935377741,0.0445310838337944,
0.0559399339111657,0.067725518348315,0.0706005387985786,0.0820488863788318,
0.0850364578978832,0.0969870827839409,0.109228068000494,0.12167816051169,
0.134483873683666,0.136742922257992,0.136842361865767,0.147258972490815,
0.158166368500071,0.169316362152265,0.18059385112692,0.184374812091807,
0.194817317555795,0.198944275840072,0.200252108703078,0.209995847121641,
0.21612940531435,0.227503472877172,0.232006701925621,0.242847000329032,
0.25329154363318,0.263736086937327),.UNSPECIFIED.);
#109=B_SPLINE_CURVE_WITH_KNOTS('',3,(#1597,#1598,#1599,#1600,#1601,#1602,
#1603,#1604,#1605,#1606,#1607,#1608,#1609,#1610,#1611,#1612,#1613,#1614,
#1615,#1616,#1617,#1618,#1619,#1620,#1621,#1622,#1623,#1624,#1625,#1626,
#1627,#1628,#1629,#1630,#1631,#1632,#1633,#1634,#1635,#1636,#1637,#1638,
#1639,#1640,#1641,#1642,#1643,#1644,#1645,#1646,#1647,#1648,#1649,#1650,
#1651,#1652,#1653,#1654,#1655,#1656,#1657,#1658,#1659,#1660,#1661,#1662,
#1663,#1664,#1665,#1666,#1667,#1668,#1669,#1670,#1671,#1672,#1673,#1674,
#1675,#1676,#1677,#1678,#1679,#1680,#1681,#1682,#1683,#1684,#1685,#1686,
#1687,#1688,#1689,#1690,#1691,#1692,#1693,#1694,#1695,#1696,#1697,#1698,
#1699,#1700,#1701,#1702,#1703,#1704,#1705,#1706,#1707,#1708,#1709,#1710,
#1711,#1712,#1713,#1714,#1715,#1716,#1717,#1718,#1719,#1720,#1721,#1722,
#1723,#1724,#1725,#1726,#1727,#1728,#1729,#1730,#1731,#1732,#1733,#1734,
#1735,#1736,#1737,#1738),.UNSPECIFIED.,.F.,.F.,(4,3,3,3,3,3,3,3,3,3,3,3,
3,3,3,3,3,3,3,3,3,3,3,3,3,3,3,3,3,3,3,3,3,3,3,3,3,3,3,3,3,3,3,3,3,3,3,4),
(0.263761295148164,0.274428194288554,0.28540344603505,0.296842135132427,
0.298581413707866,0.308574593019013,0.315991472987717,0.327395740383367,
0.333401532267567,0.336253120978689,0.33775404708753,0.342106561907493,
0.350811591547418,0.360299827306742,0.368221650827269,0.376483477027921,
0.384383555834329,0.38563171010712,0.394336739747045,0.398689254567008,
0.399777383271999,0.400865511976989,0.40195364068198,0.402497705034475,
0.402990936935869,0.403041769386971,0.410251242766427,0.418260341449531,
0.426142830491158,0.433194557901171,0.435961731943245,0.441796555761978,
0.447576532924764,0.452421713221383,0.458042649511498,0.466974899238813,
0.46888169449952,0.475841207405505,0.477111685138589,0.484853800046239,
0.485341675777657,0.492039363947771,0.498863627379062,0.501801657055795,
0.511036770444721,0.520285498406596,0.52949397251034,0.534721619612069),
 .UNSPECIFIED.);
#110=B_SPLINE_CURVE_WITH_KNOTS('',3,(#1739,#1740,#1741,#1742,#1743,#1744,
#1745,#1746,#1747,#1748,#1749,#1750,#1751),.UNSPECIFIED.,.F.,.F.,(4,3,3,
3,4),(0.534722489864715,0.545118631697027,0.555678752659427,0.566587887172404,
0.573269357379228),.UNSPECIFIED.);
#111=B_SPLINE_CURVE_WITH_KNOTS('',3,(#1809,#1810,#1811,#1812),
 .UNSPECIFIED.,.F.,.F.,(4,4),(0.0390778251288305,0.615646818697349),
 .UNSPECIFIED.);
#112=B_SPLINE_CURVE_WITH_KNOTS('',3,(#1816,#1817,#1818,#1819,#1820,#1821,
#1822,#1823,#1824,#1825,#1826,#1827),.UNSPECIFIED.,.F.,.F.,(4,1,1,1,2,1,
1,1,4),(-0.499343331121619,-0.436301899573774,-0.373260468025928,-0.310219036478082,
-0.247177604930236,-0.185383203697677,-0.123588802465118,-0.061794401232559,
0.),.UNSPECIFIED.);
#113=B_SPLINE_CURVE_WITH_KNOTS('',3,(#1828,#1829,#1830,#1831,#1832,#1833,
#1834,#1835,#1836,#1837,#1838,#1839),.UNSPECIFIED.,.F.,.F.,(4,1,1,1,2,1,
1,1,4),(-0.994974833544414,-0.933009510930348,-0.871044188316282,-0.809078865702215,
-0.747113543088149,-0.716142266592333,-0.623228437104884,-0.561285884113252,
-0.499360772543616),.UNSPECIFIED.);
#114=B_SPLINE_CURVE_WITH_KNOTS('',3,(#1952,#1953,#1954,#1955,#1956),
 .UNSPECIFIED.,.F.,.F.,(4,1,4),(-1.,-0.5,-2.28244148517279E-8),
 .UNSPECIFIED.);
#115=B_SPLINE_CURVE_WITH_KNOTS('',3,(#1958,#1959,#1960,#1961,#1962,#1963,
#1964,#1965,#1966,#1967,#1968,#1969,#1970,#1971,#1972,#1973,#1974,#1975,
#1976,#1977,#1978,#1979,#1980,#1981,#1982,#1983,#1984,#1985,#1986,#1987,
#1988,#1989,#1990,#1991,#1992,#1993,#1994,#1995,#1996,#1997,#1998,#1999,
#2000,#2001,#2002,#2003,#2004,#2005,#2006,#2007,#2008,#2009,#2010,#2011,
#2012,#2013,#2014,#2015,#2016,#2017,#2018,#2019,#2020,#2021,#2022,#2023,
#2024,#2025,#2026,#2027,#2028,#2029,#2030,#2031,#2032,#2033),
 .UNSPECIFIED.,.F.,.F.,(4,3,3,3,3,3,3,3,3,3,3,3,3,3,3,3,3,3,3,3,3,3,3,3,
3,4),(-0.999999999956397,-0.977291810086943,-0.954350371678532,-0.938139665277411,
-0.910716152341646,-0.883922420182071,-0.876279330554823,-0.876037736466646,
-0.848003867116866,-0.819140299105441,-0.790275538566499,-0.762086332946182,
-0.752558661109646,-0.752378572575346,-0.729783696037954,-0.721036212285484,
-0.693199577674472,-0.66544237693051,-0.638500557764389,-0.628740143701795,
-0.626468865812998,-0.602368825018833,-0.576871386393212,-0.551759497563618,
-0.526069284039984,-0.50037907051635),.UNSPECIFIED.);
#116=B_SPLINE_CURVE_WITH_KNOTS('',3,(#2035,#2036,#2037,#2038,#2039,#2040,
#2041,#2042,#2043,#2044,#2045,#2046,#2047,#2048,#2049,#2050,#2051,#2052,
#2053,#2054,#2055,#2056,#2057,#2058,#2059,#2060,#2061,#2062,#2063,#2064,
#2065,#2066,#2067,#2068,#2069,#2070,#2071,#2072,#2073,#2074,#2075,#2076,
#2077,#2078,#2079,#2080,#2081,#2082,#2083,#2084,#2085,#2086,#2087,#2088,
#2089,#2090,#2091,#2092,#2093,#2094,#2095,#2096,#2097,#2098,#2099,#2100,
#2101,#2102,#2103,#2104,#2105,#2106,#2107,#2108,#2109,#2110,#2111,#2112,
#2113),.UNSPECIFIED.,.F.,.F.,(4,3,3,3,3,3,3,3,3,3,3,3,3,3,3,3,3,3,3,3,3,
3,3,3,3,3,4),(-0.50031237794766,-0.474868492857371,-0.449873978612443,-0.438472659490665,
-0.411258659899612,-0.383132737596238,-0.376566248464981,-0.374327877677118,
-0.351547520943306,-0.345613042952138,-0.315700271788711,-0.28736950652185,
-0.260621904848735,-0.252824327549454,-0.252753426413612,-0.224444538381762,
-0.19571614060236,-0.190820393171941,-0.158888510598111,-0.131185381125409,
-0.128887359930271,-0.103413583560049,-0.0787565425365447,-0.0669543266886004,
-0.0415546696399443,-0.0157446057918046,-0.00502129344693),
 .UNSPECIFIED.);
#117=B_SPLINE_CURVE_WITH_KNOTS('',3,(#2114,#2115,#2116,#2117),
 .UNSPECIFIED.,.F.,.F.,(4,4),(-0.0050205571553268,0.),.UNSPECIFIED.);
#118=B_SPLINE_CURVE_WITH_KNOTS('',3,(#2118,#2119,#2120,#2121,#2122,#2123,
#2124,#2125,#2126,#2127,#2128,#2129,#2130,#2131,#2132,#2133,#2134,#2135,
#2136,#2137,#2138,#2139),.UNSPECIFIED.,.T.,.F.,(4,2,1,1,1,2,1,1,1,2,1,1,
2,1,1,4),(0.,0.00502129344693,0.0669543266886004,0.128887359930271,0.190820393171941,
0.252753426413612,0.345613042952138,0.376566248464981,0.438472659490665,
0.50037907051635,0.626468865812998,0.721036212285484,0.752558661109646,
0.876279330554823,0.938139665277411,1.),.UNSPECIFIED.);
#119=B_SPLINE_CURVE_WITH_KNOTS('',3,(#2197,#2198,#2199,#2200),
 .UNSPECIFIED.,.F.,.F.,(4,4),(0.0390777733452822,0.755374430380481),
 .UNSPECIFIED.);
#120=B_SPLINE_CURVE_WITH_KNOTS('',3,(#2204,#2205,#2206,#2207,#2208,#2209,
#2210,#2211,#2212,#2213,#2214,#2215,#2216,#2217,#2218,#2219,#2220,#2221,
#2222,#2223,#2224,#2225,#2226,#2227,#2228,#2229,#2230,#2231,#2232,#2233,
#2234,#2235,#2236,#2237,#2238,#2239,#2240,#2241,#2242,#2243,#2244,#2245,
#2246,#2247,#2248,#2249,#2250,#2251,#2252,#2253,#2254,#2255,#2256,#2257,
#2258,#2259,#2260,#2261,#2262,#2263,#2264,#2265,#2266,#2267,#2268,#2269,
#2270,#2271,#2272,#2273,#2274,#2275,#2276,#2277,#2278,#2279,#2280,#2281,
#2282,#2283,#2284,#2285,#2286,#2287,#2288),.UNSPECIFIED.,.F.,.F.,(4,3,3,
3,3,3,3,3,3,3,3,3,3,3,3,3,3,3,3,3,3,3,3,3,3,3,3,3,4),(0.330129940878057,
0.330244559299821,0.341553015380606,0.353005903208774,0.364630310121121,
0.376572877233609,0.388743173816044,0.401309541696061,0.403804979310075,
0.408584559709451,0.421468696969494,0.434398840405589,0.447418730414797,
0.460501313855781,0.473689125732262,0.477532163590875,0.477572201583459,
0.487835724044401,0.498397368028652,0.509329023967397,0.520314782332856,
0.531103080013132,0.535969572097393,0.542071902685234,0.553214674435923,
0.564153368922998,0.57483230489955,0.585083698262273,0.594406980603912),
 .UNSPECIFIED.);
#121=B_SPLINE_CURVE_WITH_KNOTS('',3,(#2289,#2290,#2291,#2292,#2293,#2294,
#2295,#2296,#2297,#2298,#2299,#2300,#2301,#2302,#2303,#2304,#2305,#2306,
#2307,#2308,#2309,#2310,#2311,#2312,#2313,#2314,#2315,#2316,#2317,#2318,
#2319,#2320,#2321,#2322,#2323,#2324,#2325,#2326,#2327,#2328,#2329,#2330,
#2331,#2332,#2333,#2334,#2335,#2336,#2337,#2338,#2339,#2340,#2341,#2342,
#2343,#2344,#2345,#2346,#2347,#2348,#2349,#2350,#2351,#2352,#2353,#2354,
#2355,#2356,#2357,#2358,#2359,#2360,#2361,#2362,#2363,#2364,#2365,#2366,
#2367,#2368,#2369,#2370,#2371,#2372,#2373,#2374,#2375,#2376,#2377,#2378,
#2379,#2380,#2381,#2382,#2383,#2384,#2385,#2386,#2387,#2388,#2389,#2390,
#2391,#2392,#2393,#2394,#2395,#2396,#2397,#2398,#2399,#2400,#2401,#2402,
#2403),.UNSPECIFIED.,.F.,.F.,(4,3,3,3,3,3,3,3,3,3,3,3,3,3,3,3,3,3,3,3,3,
3,3,3,3,3,3,3,3,3,3,3,3,3,3,3,3,3,4),(0.0481833666853136,0.0591644283083421,
0.0708190047161958,0.0829030261686446,0.0956967541693341,0.10253979662618,
0.110797014374951,0.118924651933788,0.12065896345098,0.123867767702471,
0.133767753653665,0.143500697369577,0.153010235460045,0.162254943213249,
0.171053624929271,0.179587568033577,0.187706517887228,0.193135630750177,
0.193224208389561,0.200725502623285,0.209020675920461,0.217206125908045,
0.224570983495334,0.227371171819951,0.233477458384045,0.239517100946289,
0.244488942354839,0.250505075122303,0.259497008503596,0.261606712889726,
0.268710218286897,0.275916212384972,0.283245657934239,0.287283368692057,
0.295864671855059,0.304556394824507,0.313264831709396,0.321887545009477,
0.330077795029276),.UNSPECIFIED.);
#122=B_SPLINE_CURVE_WITH_KNOTS('',3,(#2406,#2407,#2408,#2409,#2410,#2411,
#2412,#2413,#2414,#2415,#2416,#2417,#2418,#2419,#2420,#2421,#2422,#2423,
#2424,#2425,#2426,#2427,#2428,#2429),.UNSPECIFIED.,.T.,.F.,(4,1,1,1,2,1,
1,1,2,1,1,1,2,1,1,1,2,4),(0.,0.0617940953987505,0.123588190797501,0.185382286196251,
0.247176381595002,0.310217813226788,0.373259244858575,0.436300676490361,
0.499342108122147,0.561284661851187,0.623227215580228,0.716141046173788,
0.747112323038308,0.809077645604663,0.871042968171018,0.933008290737373,
0.994973613303728,1.),.UNSPECIFIED.);
#123=B_SPLINE_CURVE_WITH_KNOTS('',3,(#2431,#2432,#2433,#2434,#2435,#2436,
#2437,#2438,#2439,#2440,#2441,#2442,#2443,#2444,#2445,#2446,#2447,#2448,
#2449,#2450,#2451,#2452),.UNSPECIFIED.,.T.,.F.,(4,2,1,1,1,2,1,1,1,2,1,1,
2,1,1,4),(0.,0.00502145819646687,0.0669544912299736,0.12888752426348,0.190820557296987,
0.252753590330494,0.345613207022324,0.376566412586268,0.438472823714155,
0.500379234842042,0.626469029965509,0.721036376308109,0.752558825088976,
0.876279412544488,0.938139706272244,1.),.UNSPECIFIED.);
#124=B_SPLINE_CURVE_WITH_KNOTS('',3,(#2454,#2455,#2456,#2457,#2458,#2459,
#2460,#2461,#2462,#2463,#2464,#2465,#2466,#2467,#2468,#2469,#2470,#2471,
#2472,#2473,#2474,#2475,#2476,#2477),.UNSPECIFIED.,.T.,.F.,(4,1,1,1,2,1,
1,1,2,1,1,1,2,1,1,1,2,4),(0.,0.061794401232559,0.123588802465118,0.185383203697677,
0.247177604930236,0.310219036478082,0.373260468025928,0.436301899573774,
0.499343331121619,0.561285884113252,0.623228437104884,0.716142266592333,
0.747113543088149,0.809078865702215,0.871044188316282,0.933009510930348,
0.994974833544414,1.),.UNSPECIFIED.);
#125=B_SPLINE_CURVE_WITH_KNOTS('',3,(#2598,#2599,#2600,#2601,#2602),
 .UNSPECIFIED.,.F.,.F.,(4,1,4),(-1.,-0.5,0.),.UNSPECIFIED.);
#126=B_SPLINE_CURVE_WITH_KNOTS('',3,(#2723,#2724,#2725,#2726,#2727),
 .UNSPECIFIED.,.F.,.F.,(4,1,4),(-1.,-0.5,0.),.UNSPECIFIED.);
#127=B_SPLINE_CURVE_WITH_KNOTS('',3,(#2839,#2840,#2841,#2842,#2843),
 .UNSPECIFIED.,.F.,.F.,(4,1,4),(-1.,-0.5,-2.28266909093255E-8),
 .UNSPECIFIED.);
#128=B_SPLINE_CURVE_WITH_KNOTS('',3,(#2845,#2846,#2847,#2848,#2849,#2850,
#2851,#2852,#2853,#2854,#2855,#2856,#2857,#2858,#2859,#2860,#2861,#2862,
#2863,#2864,#2865,#2866,#2867,#2868,#2869,#2870,#2871,#2872,#2873,#2874,
#2875,#2876,#2877,#2878,#2879,#2880,#2881,#2882,#2883,#2884,#2885,#2886,
#2887,#2888,#2889,#2890,#2891,#2892,#2893,#2894,#2895,#2896,#2897,#2898,
#2899,#2900,#2901,#2902,#2903,#2904,#2905,#2906,#2907,#2908,#2909,#2910,
#2911,#2912,#2913,#2914,#2915,#2916,#2917,#2918,#2919,#2920),
 .UNSPECIFIED.,.F.,.F.,(4,3,3,3,3,3,3,3,3,3,3,3,3,3,3,3,3,3,3,3,3,3,3,3,
3,4),(-0.999999999956391,-0.977291816242365,-0.95435038503287,-0.938139706272244,
-0.91071617506222,-0.883922421297137,-0.876279412544488,-0.876037900779738,
-0.848004029475238,-0.819140460200942,-0.790275698434603,-0.762086491092964,
-0.752558825088976,-0.752378737812452,-0.729783734351334,-0.721036376308109,
-0.693199779812036,-0.665442617245654,-0.638500837228714,-0.628740308486711,
-0.626469029965509,-0.602369002841578,-0.576871560841694,-0.551759683904226,
-0.526069459373134,-0.500379234842042),.UNSPECIFIED.);
#129=B_SPLINE_CURVE_WITH_KNOTS('',3,(#2922,#2923,#2924,#2925,#2926,#2927,
#2928,#2929,#2930,#2931,#2932,#2933,#2934,#2935,#2936,#2937,#2938,#2939,
#2940,#2941,#2942,#2943,#2944,#2945,#2946,#2947,#2948,#2949,#2950,#2951,
#2952,#2953,#2954,#2955,#2956,#2957,#2958,#2959,#2960,#2961,#2962,#2963,
#2964,#2965,#2966,#2967,#2968,#2969,#2970,#2971,#2972,#2973,#2974,#2975,
#2976,#2977,#2978,#2979,#2980,#2981,#2982,#2983,#2984,#2985,#2986,#2987,
#2988,#2989,#2990,#2991,#2992,#2993,#2994,#2995,#2996,#2997,#2998,#2999,
#3000),.UNSPECIFIED.,.F.,.F.,(4,3,3,3,3,3,3,3,3,3,3,3,3,3,3,3,3,3,3,3,3,
3,3,3,3,3,4),(-0.500312541804536,-0.474868647042345,-0.449874122977022,
-0.438472823714155,-0.411258825882193,-0.383132903698082,-0.376566412586268,
-0.374328040848223,-0.351547642438336,-0.345613207022324,-0.31570040656484,
-0.287369614275285,-0.260621985062573,-0.252824493701263,-0.252753590330494,
-0.22444473044154,-0.195716340360558,-0.190820557296987,-0.158888620607927,
-0.131185543863785,-0.12888752426348,-0.103413780604099,-0.078756767074397,
-0.0669544912299736,-0.0415548055283197,-0.0157447197052348,-0.00502145819646687),
 .UNSPECIFIED.);
#130=B_SPLINE_CURVE_WITH_KNOTS('',3,(#3001,#3002,#3003,#3004),
 .UNSPECIFIED.,.F.,.F.,(4,4),(-0.00502072188475478,0.),.UNSPECIFIED.);
#131=B_SPLINE_CURVE_WITH_KNOTS('',3,(#3062,#3063,#3064,#3065),
 .UNSPECIFIED.,.F.,.F.,(4,4),(0.0390777733436383,0.615650097913003),
 .UNSPECIFIED.);
#132=B_SPLINE_CURVE_WITH_KNOTS('',3,(#3067,#3068,#3069,#3070,#3071,#3072,
#3073,#3074,#3075,#3076,#3077,#3078,#3079),.UNSPECIFIED.,.F.,.F.,(4,3,3,
3,4),(0.0357756290683498,0.0478928834956498,0.0598530336899728,0.0716260052231799,
0.0769222215251245),.UNSPECIFIED.);
#133=B_SPLINE_CURVE_WITH_KNOTS('',3,(#3081,#3082,#3083,#3084,#3085,#3086,
#3087,#3088,#3089,#3090,#3091),.UNSPECIFIED.,.F.,.F.,(4,1,1,1,1,2,1,4),
(0.360043543621375,0.393196844768869,0.426350145916363,0.44292679649011,
0.459503447063857,0.492656748211351,0.546107319200022,0.599557890188693),
 .UNSPECIFIED.);
#134=B_SPLINE_CURVE_WITH_KNOTS('',3,(#3092,#3093,#3094,#3095,#3096,#3097,
#3098,#3099,#3100,#3101,#3102,#3103,#3104,#3105,#3106,#3107,#3108,#3109,
#3110,#3111,#3112,#3113,#3114,#3115,#3116,#3117,#3118,#3119),
 .UNSPECIFIED.,.F.,.F.,(4,1,1,1,1,1,1,2,1,1,1,1,1,1,1,1,1,1,1,1,1,1,1,1,
4),(0.0769229854821848,0.111327897930663,0.128530354154902,0.137131582267021,
0.145732810379141,0.16293526660338,0.180137722827619,0.214542635276096,
0.21511099819932,0.215679361122544,0.216816086968991,0.217952812815439,
0.219089538661886,0.223636442047676,0.228183345433466,0.232730248819256,
0.241824055590836,0.250917862362416,0.269105475905576,0.278199282677156,
0.282746186062946,0.287293089448736,0.305480702991895,0.323668316535055,
0.360036312227874),.UNSPECIFIED.);
#135=B_SPLINE_CURVE_WITH_KNOTS('',3,(#3260,#3261,#3262,#3263,#3264,#3265,
#3266),.UNSPECIFIED.,.F.,.F.,(4,1,1,1,4),(-1.,-0.857142857142857,-0.571428571428571,
-0.285714285714286,-3.21612359770662E-6),.UNSPECIFIED.);
#136=B_SPLINE_CURVE_WITH_KNOTS('',3,(#3540,#3541,#3542,#3543,#3544,#3545,
#3546),.UNSPECIFIED.,.F.,.F.,(4,1,1,1,4),(-1.,-0.857142857142857,-0.571428571428571,
-0.285714285714286,-1.8006800949833E-7),.UNSPECIFIED.);
#137=LINE('',#446,#140);
#138=LINE('',#591,#141);
#139=LINE('',#1143,#142);
#140=VECTOR('',#403,10.);
#141=VECTOR('',#406,10.);
#142=VECTOR('',#413,31.325);
#143=CIRCLE('',#389,1.);
#144=CIRCLE('',#390,1.);
#145=VERTEX_POINT('',#443);
#146=VERTEX_POINT('',#445);
#147=VERTEX_POINT('',#447);
#148=VERTEX_POINT('',#588);
#149=VERTEX_POINT('',#590);
#150=VERTEX_POINT('',#592);
#151=VERTEX_POINT('',#803);
#152=VERTEX_POINT('',#804);
#153=VERTEX_POINT('',#812);
#154=VERTEX_POINT('',#895);
#155=VERTEX_POINT('',#1090);
#156=VERTEX_POINT('',#1095);
#157=VERTEX_POINT('',#1097);
#158=VERTEX_POINT('',#1140);
#159=VERTEX_POINT('',#1142);
#160=VERTEX_POINT('',#1144);
#161=VERTEX_POINT('',#1147);
#162=VERTEX_POINT('',#1185);
#163=VERTEX_POINT('',#1225);
#164=VERTEX_POINT('',#1505);
#165=VERTEX_POINT('',#1513);
#166=VERTEX_POINT('',#1596);
#167=VERTEX_POINT('',#1808);
#168=VERTEX_POINT('',#1813);
#169=VERTEX_POINT('',#1815);
#170=VERTEX_POINT('',#1950);
#171=VERTEX_POINT('',#1951);
#172=VERTEX_POINT('',#1957);
#173=VERTEX_POINT('',#2034);
#174=VERTEX_POINT('',#2196);
#175=VERTEX_POINT('',#2201);
#176=VERTEX_POINT('',#2203);
#177=VERTEX_POINT('',#2405);
#178=VERTEX_POINT('',#2430);
#179=VERTEX_POINT('',#2453);
#180=VERTEX_POINT('',#2838);
#181=VERTEX_POINT('',#2844);
#182=VERTEX_POINT('',#2921);
#183=VERTEX_POINT('',#3061);
#184=VERTEX_POINT('',#3066);
#185=VERTEX_POINT('',#3080);
#186=EDGE_CURVE('',#145,#145,#143,.T.);
#187=EDGE_CURVE('',#145,#146,#137,.T.);
#188=EDGE_CURVE('',#147,#146,#93,.T.);
#189=EDGE_CURVE('',#146,#147,#94,.T.);
#190=EDGE_CURVE('',#148,#148,#144,.T.);
#191=EDGE_CURVE('',#148,#149,#138,.T.);
#192=EDGE_CURVE('',#150,#149,#95,.T.);
#193=EDGE_CURVE('',#149,#150,#96,.T.);
#194=EDGE_CURVE('',#151,#152,#97,.T.);
#195=EDGE_CURVE('',#152,#153,#98,.T.);
#196=EDGE_CURVE('',#153,#154,#99,.T.);
#197=EDGE_CURVE('',#154,#152,#28,.T.);
#198=EDGE_CURVE('',#151,#151,#100,.T.);
#199=EDGE_CURVE('',#155,#154,#101,.T.);
#200=EDGE_CURVE('',#156,#155,#29,.T.);
#201=EDGE_CURVE('',#157,#156,#102,.T.);
#202=EDGE_CURVE('',#155,#157,#103,.T.);
#203=EDGE_CURVE('',#158,#158,#30,.T.);
#204=EDGE_CURVE('',#158,#159,#139,.T.);
#205=EDGE_CURVE('',#159,#160,#31,.T.);
#206=EDGE_CURVE('',#160,#159,#32,.T.);
#207=EDGE_CURVE('',#161,#161,#104,.T.);
#208=EDGE_CURVE('',#162,#162,#105,.T.);
#209=EDGE_CURVE('',#163,#163,#106,.T.);
#210=EDGE_CURVE('',#161,#164,#107,.T.);
#211=EDGE_CURVE('',#164,#165,#108,.T.);
#212=EDGE_CURVE('',#165,#166,#109,.T.);
#213=EDGE_CURVE('',#166,#164,#110,.T.);
#214=EDGE_CURVE('',#167,#166,#111,.T.);
#215=EDGE_CURVE('',#168,#167,#33,.T.);
#216=EDGE_CURVE('',#169,#168,#112,.T.);
#217=EDGE_CURVE('',#167,#169,#113,.T.);
#218=EDGE_CURVE('',#170,#171,#114,.T.);
#219=EDGE_CURVE('',#171,#172,#115,.T.);
#220=EDGE_CURVE('',#172,#173,#116,.T.);
#221=EDGE_CURVE('',#173,#171,#117,.T.);
#222=EDGE_CURVE('',#170,#170,#118,.T.);
#223=EDGE_CURVE('',#173,#174,#119,.T.);
#224=EDGE_CURVE('',#175,#174,#34,.T.);
#225=EDGE_CURVE('',#176,#175,#120,.T.);
#226=EDGE_CURVE('',#174,#176,#121,.T.);
#227=EDGE_CURVE('',#177,#177,#122,.T.);
#228=EDGE_CURVE('',#178,#178,#123,.T.);
#229=EDGE_CURVE('',#179,#179,#124,.T.);
#230=EDGE_CURVE('',#177,#156,#125,.T.);
#231=EDGE_CURVE('',#179,#168,#126,.T.);
#232=EDGE_CURVE('',#178,#180,#127,.T.);
#233=EDGE_CURVE('',#180,#181,#128,.T.);
#234=EDGE_CURVE('',#181,#182,#129,.T.);
#235=EDGE_CURVE('',#182,#180,#130,.T.);
#236=EDGE_CURVE('',#182,#183,#131,.T.);
#237=EDGE_CURVE('',#184,#183,#132,.T.);
#238=EDGE_CURVE('',#185,#184,#133,.T.);
#239=EDGE_CURVE('',#183,#185,#134,.T.);
#240=EDGE_CURVE('',#163,#175,#135,.T.);
#241=EDGE_CURVE('',#162,#184,#136,.T.);
#242=ORIENTED_EDGE('',*,*,#186,.F.);
#243=ORIENTED_EDGE('',*,*,#187,.T.);
#244=ORIENTED_EDGE('',*,*,#188,.F.);
#245=ORIENTED_EDGE('',*,*,#189,.F.);
#246=ORIENTED_EDGE('',*,*,#187,.F.);
#247=ORIENTED_EDGE('',*,*,#190,.F.);
#248=ORIENTED_EDGE('',*,*,#191,.T.);
#249=ORIENTED_EDGE('',*,*,#192,.F.);
#250=ORIENTED_EDGE('',*,*,#193,.F.);
#251=ORIENTED_EDGE('',*,*,#191,.F.);
#252=ORIENTED_EDGE('',*,*,#194,.T.);
#253=ORIENTED_EDGE('',*,*,#195,.T.);
#254=ORIENTED_EDGE('',*,*,#196,.T.);
#255=ORIENTED_EDGE('',*,*,#197,.T.);
#256=ORIENTED_EDGE('',*,*,#194,.F.);
#257=ORIENTED_EDGE('',*,*,#198,.T.);
#258=ORIENTED_EDGE('',*,*,#196,.F.);
#259=ORIENTED_EDGE('',*,*,#195,.F.);
#260=ORIENTED_EDGE('',*,*,#197,.F.);
#261=ORIENTED_EDGE('',*,*,#199,.F.);
#262=ORIENTED_EDGE('',*,*,#200,.F.);
#263=ORIENTED_EDGE('',*,*,#201,.F.);
#264=ORIENTED_EDGE('',*,*,#202,.F.);
#265=ORIENTED_EDGE('',*,*,#199,.T.);
#266=ORIENTED_EDGE('',*,*,#203,.F.);
#267=ORIENTED_EDGE('',*,*,#204,.T.);
#268=ORIENTED_EDGE('',*,*,#205,.T.);
#269=ORIENTED_EDGE('',*,*,#206,.T.);
#270=ORIENTED_EDGE('',*,*,#204,.F.);
#271=ORIENTED_EDGE('',*,*,#207,.F.);
#272=ORIENTED_EDGE('',*,*,#208,.F.);
#273=ORIENTED_EDGE('',*,*,#209,.F.);
#274=ORIENTED_EDGE('',*,*,#198,.F.);
#275=ORIENTED_EDGE('',*,*,#210,.T.);
#276=ORIENTED_EDGE('',*,*,#211,.T.);
#277=ORIENTED_EDGE('',*,*,#212,.T.);
#278=ORIENTED_EDGE('',*,*,#213,.T.);
#279=ORIENTED_EDGE('',*,*,#210,.F.);
#280=ORIENTED_EDGE('',*,*,#207,.T.);
#281=ORIENTED_EDGE('',*,*,#212,.F.);
#282=ORIENTED_EDGE('',*,*,#211,.F.);
#283=ORIENTED_EDGE('',*,*,#213,.F.);
#284=ORIENTED_EDGE('',*,*,#214,.F.);
#285=ORIENTED_EDGE('',*,*,#215,.F.);
#286=ORIENTED_EDGE('',*,*,#216,.F.);
#287=ORIENTED_EDGE('',*,*,#217,.F.);
#288=ORIENTED_EDGE('',*,*,#214,.T.);
#289=ORIENTED_EDGE('',*,*,#218,.T.);
#290=ORIENTED_EDGE('',*,*,#219,.T.);
#291=ORIENTED_EDGE('',*,*,#220,.T.);
#292=ORIENTED_EDGE('',*,*,#221,.T.);
#293=ORIENTED_EDGE('',*,*,#218,.F.);
#294=ORIENTED_EDGE('',*,*,#222,.T.);
#295=ORIENTED_EDGE('',*,*,#220,.F.);
#296=ORIENTED_EDGE('',*,*,#219,.F.);
#297=ORIENTED_EDGE('',*,*,#221,.F.);
#298=ORIENTED_EDGE('',*,*,#223,.T.);
#299=ORIENTED_EDGE('',*,*,#224,.F.);
#300=ORIENTED_EDGE('',*,*,#225,.F.);
#301=ORIENTED_EDGE('',*,*,#226,.F.);
#302=ORIENTED_EDGE('',*,*,#223,.F.);
#303=ORIENTED_EDGE('',*,*,#203,.T.);
#304=ORIENTED_EDGE('',*,*,#186,.T.);
#305=ORIENTED_EDGE('',*,*,#190,.T.);
#306=ORIENTED_EDGE('',*,*,#227,.F.);
#307=ORIENTED_EDGE('',*,*,#228,.F.);
#308=ORIENTED_EDGE('',*,*,#229,.F.);
#309=ORIENTED_EDGE('',*,*,#222,.F.);
#310=ORIENTED_EDGE('',*,*,#230,.T.);
#311=ORIENTED_EDGE('',*,*,#200,.T.);
#312=ORIENTED_EDGE('',*,*,#202,.T.);
#313=ORIENTED_EDGE('',*,*,#201,.T.);
#314=ORIENTED_EDGE('',*,*,#230,.F.);
#315=ORIENTED_EDGE('',*,*,#227,.T.);
#316=ORIENTED_EDGE('',*,*,#231,.T.);
#317=ORIENTED_EDGE('',*,*,#215,.T.);
#318=ORIENTED_EDGE('',*,*,#217,.T.);
#319=ORIENTED_EDGE('',*,*,#216,.T.);
#320=ORIENTED_EDGE('',*,*,#231,.F.);
#321=ORIENTED_EDGE('',*,*,#229,.T.);
#322=ORIENTED_EDGE('',*,*,#232,.T.);
#323=ORIENTED_EDGE('',*,*,#233,.T.);
#324=ORIENTED_EDGE('',*,*,#234,.T.);
#325=ORIENTED_EDGE('',*,*,#235,.T.);
#326=ORIENTED_EDGE('',*,*,#232,.F.);
#327=ORIENTED_EDGE('',*,*,#228,.T.);
#328=ORIENTED_EDGE('',*,*,#234,.F.);
#329=ORIENTED_EDGE('',*,*,#233,.F.);
#330=ORIENTED_EDGE('',*,*,#235,.F.);
#331=ORIENTED_EDGE('',*,*,#236,.T.);
#332=ORIENTED_EDGE('',*,*,#237,.F.);
#333=ORIENTED_EDGE('',*,*,#238,.F.);
#334=ORIENTED_EDGE('',*,*,#239,.F.);
#335=ORIENTED_EDGE('',*,*,#236,.F.);
#336=ORIENTED_EDGE('',*,*,#240,.T.);
#337=ORIENTED_EDGE('',*,*,#224,.T.);
#338=ORIENTED_EDGE('',*,*,#226,.T.);
#339=ORIENTED_EDGE('',*,*,#225,.T.);
#340=ORIENTED_EDGE('',*,*,#240,.F.);
#341=ORIENTED_EDGE('',*,*,#209,.T.);
#342=ORIENTED_EDGE('',*,*,#241,.T.);
#343=ORIENTED_EDGE('',*,*,#237,.T.);
#344=ORIENTED_EDGE('',*,*,#239,.T.);
#345=ORIENTED_EDGE('',*,*,#238,.T.);
#346=ORIENTED_EDGE('',*,*,#241,.F.);
#347=ORIENTED_EDGE('',*,*,#208,.T.);
#348=ORIENTED_EDGE('',*,*,#206,.F.);
#349=ORIENTED_EDGE('',*,*,#205,.F.);
#350=ORIENTED_EDGE('',*,*,#188,.T.);
#351=ORIENTED_EDGE('',*,*,#189,.T.);
#352=ORIENTED_EDGE('',*,*,#192,.T.);
#353=ORIENTED_EDGE('',*,*,#193,.T.);
#354=(
BOUNDED_SURFACE()
B_SPLINE_SURFACE(2,1,((#425,#426),(#427,#428),(#429,#430),(#431,#432),(#433,
#434),(#435,#436),(#437,#438),(#439,#440),(#441,#442)),.UNSPECIFIED.,.T.,
 .F.,.F.)
B_SPLINE_SURFACE_WITH_KNOTS((3,2,2,2,3),(2,2),(-3.14159265358979,-1.5707963267949,
0.,1.5707963267949,3.14159265358979),(0.,1.64997028847027),
 .UNSPECIFIED.)
GEOMETRIC_REPRESENTATION_ITEM()
RATIONAL_B_SPLINE_SURFACE(((1.,1.),(0.707106781186548,0.707106781186548),
(1.,1.),(0.707106781186548,0.707106781186548),(1.,1.),(0.707106781186548,
0.707106781186548),(1.,1.),(0.707106781186548,0.707106781186548),(1.,1.)))
REPRESENTATION_ITEM('')
SURFACE()
);
#355=(
BOUNDED_SURFACE()
B_SPLINE_SURFACE(2,1,((#570,#571),(#572,#573),(#574,#575),(#576,#577),(#578,
#579),(#580,#581),(#582,#583),(#584,#585),(#586,#587)),.UNSPECIFIED.,.T.,
 .F.,.F.)
B_SPLINE_SURFACE_WITH_KNOTS((3,2,2,2,3),(2,2),(-3.14159265358979,-1.5707963267949,
0.,1.5707963267949,3.14159265358979),(0.,1.650991502471),.UNSPECIFIED.)
GEOMETRIC_REPRESENTATION_ITEM()
RATIONAL_B_SPLINE_SURFACE(((1.,1.),(0.707106781186548,0.707106781186548),
(1.,1.),(0.707106781186548,0.707106781186548),(1.,1.),(0.707106781186548,
0.707106781186548),(1.,1.),(0.707106781186548,0.707106781186548),(1.,1.)))
REPRESENTATION_ITEM('')
SURFACE()
);
#356=(
BOUNDED_SURFACE()
B_SPLINE_SURFACE(2,1,((#1122,#1123),(#1124,#1125),(#1126,#1127),(#1128,
#1129),(#1130,#1131),(#1132,#1133),(#1134,#1135),(#1136,#1137),(#1138,#1139)),
 .UNSPECIFIED.,.T.,.F.,.F.)
B_SPLINE_SURFACE_WITH_KNOTS((3,2,2,2,3),(2,2),(-3.14159265358979,-1.5707963267949,
0.,1.5707963267949,3.14159265358979),(0.,0.600000000000001),
 .UNSPECIFIED.)
GEOMETRIC_REPRESENTATION_ITEM()
RATIONAL_B_SPLINE_SURFACE(((1.,1.),(0.707106781186548,0.707106781186548),
(1.,1.),(0.707106781186548,0.707106781186548),(1.,1.),(0.707106781186548,
0.707106781186548),(1.,1.),(0.707106781186548,0.707106781186548),(1.,1.)))
REPRESENTATION_ITEM('')
SURFACE()
);
#357=(
BOUNDED_SURFACE()
B_SPLINE_SURFACE(2,2,((#3547,#3548,#3549,#3550,#3551),(#3552,#3553,#3554,
#3555,#3556),(#3557,#3558,#3559,#3560,#3561),(#3562,#3563,#3564,#3565,#3566),
(#3567,#3568,#3569,#3570,#3571)),.UNSPECIFIED.,.F.,.F.,.F.)
B_SPLINE_SURFACE_WITH_KNOTS((3,2,3),(3,2,3),(-3.14159265358979,-1.5707963267949,
0.),(0.,1.5707963267949,3.14159265358979),.UNSPECIFIED.)
GEOMETRIC_REPRESENTATION_ITEM()
RATIONAL_B_SPLINE_SURFACE(((1.,0.707106781186548,1.,0.707106781186548,1.),
(0.707106781186548,0.5,0.707106781186548,0.5,0.707106781186548),(1.,0.707106781186548,
1.,0.707106781186548,1.),(0.707106781186548,0.5,0.707106781186548,0.5,0.707106781186548),
(1.,0.707106781186548,1.,0.707106781186548,1.)))
REPRESENTATION_ITEM('')
SURFACE()
);
#358=ADVANCED_FACE('',(#47),#354,.F.);
#359=ADVANCED_FACE('',(#48),#355,.F.);
#360=ADVANCED_FACE('',(#49),#35,.F.);
#361=ADVANCED_FACE('',(#50),#36,.T.);
#362=ADVANCED_FACE('',(#51,#16,#17,#18,#19),#356,.T.);
#363=ADVANCED_FACE('',(#52),#37,.F.);
#364=ADVANCED_FACE('',(#53),#38,.T.);
#365=ADVANCED_FACE('',(#54),#39,.F.);
#366=ADVANCED_FACE('',(#55),#40,.T.);
#367=ADVANCED_FACE('',(#56,#20,#21,#22,#23,#24,#25),#15,.T.);
#368=ADVANCED_FACE('',(#57),#41,.F.);
#369=ADVANCED_FACE('',(#58),#42,.F.);
#370=ADVANCED_FACE('',(#59),#43,.F.);
#371=ADVANCED_FACE('',(#60),#44,.T.);
#372=ADVANCED_FACE('',(#61),#45,.F.);
#373=ADVANCED_FACE('',(#62),#46,.F.);
#374=ADVANCED_FACE('',(#63,#26,#27),#357,.T.);
#375=CLOSED_SHELL('',(#358,#359,#360,#361,#362,#363,#364,#365,#366,#367,
#368,#369,#370,#371,#372,#373,#374));
#376=DERIVED_UNIT_ELEMENT(#378,1.);
#377=DERIVED_UNIT_ELEMENT(#3577,-3.);
#378=(
MASS_UNIT()
NAMED_UNIT(*)
SI_UNIT(.KILO.,.GRAM.)
);
#379=DERIVED_UNIT((#376,#377));
#380=MEASURE_REPRESENTATION_ITEM('density measure',
POSITIVE_RATIO_MEASURE(7850.),#379);
#381=PROPERTY_DEFINITION_REPRESENTATION(#386,#383);
#382=PROPERTY_DEFINITION_REPRESENTATION(#387,#384);
#383=REPRESENTATION('material name',(#385),#3574);
#384=REPRESENTATION('density',(#380),#3574);
#385=DESCRIPTIVE_REPRESENTATION_ITEM('\X2\92FC\X0\','\X2\92FC\X0\');
#386=PROPERTY_DEFINITION('material property','material name',#3584);
#387=PROPERTY_DEFINITION('material property','density of part',#3584);
#388=AXIS2_PLACEMENT_3D('',#424,#399,#400);
#389=AXIS2_PLACEMENT_3D('',#444,#401,#402);
#390=AXIS2_PLACEMENT_3D('',#589,#404,#405);
#391=AXIS2_PLACEMENT_3D('',#1011,#407,#408);
#392=AXIS2_PLACEMENT_3D('',#1096,#409,#410);
#393=AXIS2_PLACEMENT_3D('',#1141,#411,#412);
#394=AXIS2_PLACEMENT_3D('',#1145,#414,#415);
#395=AXIS2_PLACEMENT_3D('',#1146,#416,#417);
#396=AXIS2_PLACEMENT_3D('',#1814,#418,#419);
#397=AXIS2_PLACEMENT_3D('',#2202,#420,#421);
#398=AXIS2_PLACEMENT_3D('',#2404,#422,#423);
#399=DIRECTION('axis',(0.,0.,1.));
#400=DIRECTION('refdir',(1.,0.,0.));
#401=DIRECTION('center_axis',(0.,0.,-1.));
#402=DIRECTION('ref_axis',(-1.,-1.11494803614542E-20,0.));
#403=DIRECTION('',(0.,-0.0527411169113572,-0.99860821876597));
#404=DIRECTION('center_axis',(0.,0.,-1.));
#405=DIRECTION('ref_axis',(-2.40265517672183E-20,1.,0.));
#406=DIRECTION('',(0.,0.0527411169112937,-0.998608218765973));
#407=DIRECTION('center_axis',(-0.940277998923676,0.295580489870307,-0.16884744223149));
#408=DIRECTION('ref_axis',(0.316684863951338,0.577633692463644,-0.752362953816134));
#409=DIRECTION('center_axis',(-0.157532893763118,-0.0415970446593239,-0.986637255154207));
#410=DIRECTION('ref_axis',(0.342316357611208,0.934863741462804,-0.0940706979349247));
#411=DIRECTION('center_axis',(0.,0.,1.));
#412=DIRECTION('ref_axis',(0.,-1.,0.));
#413=DIRECTION('',(0.,0.,-1.));
#414=DIRECTION('center_axis',(-1.22464679914735E-16,0.,1.));
#415=DIRECTION('ref_axis',(0.,-1.,0.));
#416=DIRECTION('center_axis',(0.,0.,1.));
#417=DIRECTION('ref_axis',(0.,-1.,0.));
#418=DIRECTION('center_axis',(-0.157532885929425,-0.041596133296529,-0.986637294828005));
#419=DIRECTION('ref_axis',(0.342000844335069,0.934983857106101,-0.0940245150218686));
#420=DIRECTION('center_axis',(0.936443320464211,0.308098675596851,-0.167776975933616));
#421=DIRECTION('ref_axis',(0.215934518752738,-0.129290381537348,0.967810043785944));
#422=DIRECTION('center_axis',(0.,0.,1.));
#423=DIRECTION('ref_axis',(1.,0.,0.));
#424=CARTESIAN_POINT('',(0.,0.,0.));
#425=CARTESIAN_POINT('Ctrl Pts',(1.,28.3281463312904,42.7093731085564));
#426=CARTESIAN_POINT('Ctrl Pts',(1.,27.4579335724456,26.2326342006957));
#427=CARTESIAN_POINT('Ctrl Pts',(1.,27.3309279567034,42.762040821371));
#428=CARTESIAN_POINT('Ctrl Pts',(1.,26.4607151978586,26.2853019135103));
#429=CARTESIAN_POINT('Ctrl Pts',(-1.26970704669873E-20,27.3309279567034,
42.762040821371));
#430=CARTESIAN_POINT('Ctrl Pts',(-1.26970704669873E-20,26.4607151978586,
26.2853019135103));
#431=CARTESIAN_POINT('Ctrl Pts',(-1.,27.3309279567034,42.762040821371));
#432=CARTESIAN_POINT('Ctrl Pts',(-1.,26.4607151978586,26.2853019135103));
#433=CARTESIAN_POINT('Ctrl Pts',(-1.,28.3281463312904,42.7093731085564));
#434=CARTESIAN_POINT('Ctrl Pts',(-1.,27.4579335724456,26.2326342006957));
#435=CARTESIAN_POINT('Ctrl Pts',(-1.,29.3253647058773,42.6567053957419));
#436=CARTESIAN_POINT('Ctrl Pts',(-1.,28.4551519470325,26.1799664878812));
#437=CARTESIAN_POINT('Ctrl Pts',(-1.26660783862282E-20,29.3253647058773,
42.6567053957419));
#438=CARTESIAN_POINT('Ctrl Pts',(-1.26660783862282E-20,28.4551519470325,
26.1799664878812));
#439=CARTESIAN_POINT('Ctrl Pts',(1.,29.3253647058773,42.6567053957419));
#440=CARTESIAN_POINT('Ctrl Pts',(1.,28.4551519470325,26.1799664878812));
#441=CARTESIAN_POINT('Ctrl Pts',(1.,28.3281463312904,42.7093731085564));
#442=CARTESIAN_POINT('Ctrl Pts',(1.,27.4579335724456,26.2326342006957));
#443=CARTESIAN_POINT('',(1.,28.3250000000024,42.6498));
#444=CARTESIAN_POINT('Origin',(0.,28.3250000000024,42.6498));
#445=CARTESIAN_POINT('',(1.,27.6596797739108,30.0525270411635));
#446=CARTESIAN_POINT('',(1.,28.3281463312904,42.7093731085564));
#447=CARTESIAN_POINT('',(-0.688364234136607,28.4258587540431,30.8253011745777));
#448=CARTESIAN_POINT('Ctrl Pts',(-0.688364234136621,28.4258587540431,30.8253011745777));
#449=CARTESIAN_POINT('Ctrl Pts',(-0.729667551141612,28.3844056276708,30.7825725386249));
#450=CARTESIAN_POINT('Ctrl Pts',(-0.76639632363017,28.3404647883283,30.7374497026025));
#451=CARTESIAN_POINT('Ctrl Pts',(-0.830122963055384,28.2510412316114,30.6460097429625));
#452=CARTESIAN_POINT('Ctrl Pts',(-0.857563522703649,28.2053713890831,30.599489612581));
#453=CARTESIAN_POINT('Ctrl Pts',(-0.916471036519532,28.0893462860717,30.4817827536137));
#454=CARTESIAN_POINT('Ctrl Pts',(-0.943591473433673,28.0173076228903,30.4091212462977));
#455=CARTESIAN_POINT('Ctrl Pts',(-0.981186978269931,27.8755765925745,30.2669961078006));
#456=CARTESIAN_POINT('Ctrl Pts',(-0.992655884031662,27.8054897457859,30.1970879906536));
#457=CARTESIAN_POINT('Ctrl Pts',(-1.00024293351683,27.6939165806103,30.0863675972404));
#458=CARTESIAN_POINT('Ctrl Pts',(-1.00074933388707,27.6524430995832,30.0453334257036));
#459=CARTESIAN_POINT('Ctrl Pts',(-0.994654780155876,27.5132337607169,29.9079916173201));
#460=CARTESIAN_POINT('Ctrl Pts',(-0.977422686854992,27.4148602301471,29.8115991131887));
#461=CARTESIAN_POINT('Ctrl Pts',(-0.900208052849466,27.1763364560621,29.5792527140456));
#462=CARTESIAN_POINT('Ctrl Pts',(-0.82580051741326,27.0463402098338,29.453860625082));
#463=CARTESIAN_POINT('Ctrl Pts',(-0.653862195401936,26.8540070798116,29.2692692566871));
#464=CARTESIAN_POINT('Ctrl Pts',(-0.562107658539082,26.7783435949054,29.1970270128514));
#465=CARTESIAN_POINT('Ctrl Pts',(-0.366345815081461,26.673759942014,29.0974170734369));
#466=CARTESIAN_POINT('Ctrl Pts',(-0.270367972960292,26.6390074222989,29.0644164754081));
#467=CARTESIAN_POINT('Ctrl Pts',(-0.0768362328468912,26.6045700552343,29.0317255046382));
#468=CARTESIAN_POINT('Ctrl Pts',(0.0150574196368039,26.6015131207538,29.028827597106));
#469=CARTESIAN_POINT('Ctrl Pts',(0.201323228454843,26.6225022830901,29.0487466246739));
#470=CARTESIAN_POINT('Ctrl Pts',(0.291257158586262,26.6470792013687,29.0720701924129));
#471=CARTESIAN_POINT('Ctrl Pts',(0.480037349539021,26.727287663567,29.1483676298974));
#472=CARTESIAN_POINT('Ctrl Pts',(0.571796749996539,26.7883655402442,29.2065681931845));
#473=CARTESIAN_POINT('Ctrl Pts',(0.766918400113044,26.9636445993778,29.374312847012));
#474=CARTESIAN_POINT('Ctrl Pts',(0.859961906845699,27.0971959700957,29.5026901489565));
#475=CARTESIAN_POINT('Ctrl Pts',(0.949931289053056,27.3207410326636,29.719812171853));
#476=CARTESIAN_POINT('Ctrl Pts',(0.970828480198475,27.3955222348922,29.7927618539202));
#477=CARTESIAN_POINT('Ctrl Pts',(0.989072501067323,27.5010845284661,29.8962549554825));
#478=CARTESIAN_POINT('Ctrl Pts',(0.993047563028113,27.531737289665,29.9263669238459));
#479=CARTESIAN_POINT('Ctrl Pts',(0.998585244934077,27.5948146039108,29.9884605160397));
#480=CARTESIAN_POINT('Ctrl Pts',(0.999999999999999,27.6272716865383,30.0204815421239));
#481=CARTESIAN_POINT('Ctrl Pts',(1.,27.6596797739108,30.0525270411635));
#482=CARTESIAN_POINT('Ctrl Pts',(1.,27.6596797739108,30.0525270411635));
#483=CARTESIAN_POINT('Ctrl Pts',(1.,27.7017586457789,30.0941351259769));
#484=CARTESIAN_POINT('Ctrl Pts',(0.9976142270693,27.7438190820873,30.1358481327545));
#485=CARTESIAN_POINT('Ctrl Pts',(0.9928512214589,27.7856358716189,30.1774469041414));
#486=CARTESIAN_POINT('Ctrl Pts',(0.988087391206798,27.8274599010892,30.2190528777205));
#487=CARTESIAN_POINT('Ctrl Pts',(0.980935293640529,27.8691295346381,30.2606334976889));
#488=CARTESIAN_POINT('Ctrl Pts',(0.971374186966752,27.910407768014,30.3019540247149));
#489=CARTESIAN_POINT('Ctrl Pts',(0.960301114163696,27.9582136234392,30.3498088619875));
#490=CARTESIAN_POINT('Ctrl Pts',(0.945955259198628,28.0056738113723,30.3975010709195));
#491=CARTESIAN_POINT('Ctrl Pts',(0.928242916630237,28.0523606948961,30.4445840185381));
#492=CARTESIAN_POINT('Ctrl Pts',(0.92013223003436,28.0737391590342,30.4661438450077));
#493=CARTESIAN_POINT('Ctrl Pts',(0.911315776815504,28.0949549150683,30.4875759492735));
#494=CARTESIAN_POINT('Ctrl Pts',(0.901785681805761,28.1159631540068,30.5088376452973));
#495=CARTESIAN_POINT('Ctrl Pts',(0.886117678361468,28.1505018610932,30.5437930498545));
#496=CARTESIAN_POINT('Ctrl Pts',(0.868444390586406,28.1846502738435,30.5784796058816));
#497=CARTESIAN_POINT('Ctrl Pts',(0.848682572746175,28.2181623191757,30.612599407062));
#498=CARTESIAN_POINT('Ctrl Pts',(0.830157161881863,28.2495776683961,30.6445844876141));
#499=CARTESIAN_POINT('Ctrl Pts',(0.809795580623335,28.2804336334164,30.6760715215211));
#500=CARTESIAN_POINT('Ctrl Pts',(0.787549796373623,28.3104868830452,30.7068172380488));
#501=CARTESIAN_POINT('Ctrl Pts',(0.775948735878477,28.3261594960269,30.7228509689077));
#502=CARTESIAN_POINT('Ctrl Pts',(0.763835669507348,28.341613124135,30.73868312942));
#503=CARTESIAN_POINT('Ctrl Pts',(0.75120739926567,28.3568088047971,30.7542794530922));
#504=CARTESIAN_POINT('Ctrl Pts',(0.708584917248995,28.4080967178175,30.8069196019424));
#505=CARTESIAN_POINT('Ctrl Pts',(0.661448554066313,28.4548139252106,30.8551248601801));
#506=CARTESIAN_POINT('Ctrl Pts',(0.610489943619527,28.4963649414745,30.8981481415991));
#507=CARTESIAN_POINT('Ctrl Pts',(0.570536329598819,28.5289426207209,30.9318801363425));
#508=CARTESIAN_POINT('Ctrl Pts',(0.528229195765259,28.5583460735711,30.9624265880085));
#509=CARTESIAN_POINT('Ctrl Pts',(0.483917303620981,28.5842755819607,30.9894280987462));
#510=CARTESIAN_POINT('Ctrl Pts',(0.474468733699538,28.5898044989443,30.9951855974637));
#511=CARTESIAN_POINT('Ctrl Pts',(0.464929182963187,28.5951753937549,31.0007819240177));
#512=CARTESIAN_POINT('Ctrl Pts',(0.455302366709568,28.6003852474614,31.0062136001105));
#513=CARTESIAN_POINT('Ctrl Pts',(0.428109314660412,28.6151016208996,31.0215565594871));
#514=CARTESIAN_POINT('Ctrl Pts',(0.399876004754236,28.628721397153,31.0357975848496));
#515=CARTESIAN_POINT('Ctrl Pts',(0.370614082987184,28.6410806518449,31.0487270141646));
#516=CARTESIAN_POINT('Ctrl Pts',(0.342108956563926,28.6531202615567,31.0613220521849));
#517=CARTESIAN_POINT('Ctrl Pts',(0.312627004858238,28.6639629764872,31.0726724985784));
#518=CARTESIAN_POINT('Ctrl Pts',(0.2822206727259,28.6734314597421,31.0825859044475));
#519=CARTESIAN_POINT('Ctrl Pts',(0.252761855253811,28.6826048884453,31.0921903911956));
#520=CARTESIAN_POINT('Ctrl Pts',(0.222434980083611,28.6904874786932,31.100446051933));
#521=CARTESIAN_POINT('Ctrl Pts',(0.191335433139859,28.6969055029296,31.1071785320402));
#522=CARTESIAN_POINT('Ctrl Pts',(0.186250462974985,28.6979548899775,31.108279334587));
#523=CARTESIAN_POINT('Ctrl Pts',(0.181144948829622,28.6989651132951,31.1093394164843));
#524=CARTESIAN_POINT('Ctrl Pts',(0.176019442735287,28.6999354085353,31.11035801585));
#525=CARTESIAN_POINT('Ctrl Pts',(0.154855477516487,28.7039418996674,31.1145639617899));
#526=CARTESIAN_POINT('Ctrl Pts',(0.133351777159577,28.707260494351,31.1180146494317));
#527=CARTESIAN_POINT('Ctrl Pts',(0.111738373607384,28.7098326457691,31.1207011346645));
#528=CARTESIAN_POINT('Ctrl Pts',(0.0900073373726487,28.7124187963276,31.1234022413088));
#529=CARTESIAN_POINT('Ctrl Pts',(0.0681662054174568,28.7142504936566,31.1253307971898));
#530=CARTESIAN_POINT('Ctrl Pts',(0.046441511193556,28.7153209379012,31.1264749276047));
#531=CARTESIAN_POINT('Ctrl Pts',(0.0356995542103743,28.715850228022,31.1270406524694));
#532=CARTESIAN_POINT('Ctrl Pts',(0.0249858754400998,28.7161941979288,31.1274145517322));
#533=CARTESIAN_POINT('Ctrl Pts',(0.0143263285929789,28.7163564537567,31.1275949559921));
#534=CARTESIAN_POINT('Ctrl Pts',(0.00994142280680995,28.7164231992318,31.127669166997));
#535=CARTESIAN_POINT('Ctrl Pts',(0.00556566235836682,28.7164592281356,31.1277106337141));
#536=CARTESIAN_POINT('Ctrl Pts',(0.00120078096959701,28.716464923572,31.1277192329622));
#537=CARTESIAN_POINT('Ctrl Pts',(-0.0017333010254374,28.7164687520556,31.1277250133939));
#538=CARTESIAN_POINT('Ctrl Pts',(-0.0046679200746819,28.7164589043924,31.1277159408833));
#539=CARTESIAN_POINT('Ctrl Pts',(-0.00761011735298343,28.716435248381,31.1276919911432));
#540=CARTESIAN_POINT('Ctrl Pts',(-0.0292153492982685,28.716261536843,31.1275161226885));
#541=CARTESIAN_POINT('Ctrl Pts',(-0.0511059577881747,28.7153391859226,31.1265382429213));
#542=CARTESIAN_POINT('Ctrl Pts',(-0.0730648539726873,28.7136358944634,31.1247476762022));
#543=CARTESIAN_POINT('Ctrl Pts',(-0.0761101672658947,28.7133996778485,31.1244993560414));
#544=CARTESIAN_POINT('Ctrl Pts',(-0.0791567618117303,28.713148517057,31.1242354016314));
#545=CARTESIAN_POINT('Ctrl Pts',(-0.0822040299056514,28.7128824005744,31.1239557805554));
#546=CARTESIAN_POINT('Ctrl Pts',(-0.11486460598599,28.7100301678995,31.1209588058407));
#547=CARTESIAN_POINT('Ctrl Pts',(-0.146977319858742,28.7055141319003,31.1162196758345));
#548=CARTESIAN_POINT('Ctrl Pts',(-0.178417697946055,28.6994787080167,31.109887515781));
#549=CARTESIAN_POINT('Ctrl Pts',(-0.211086530088744,28.693207465056,31.1033079424275));
#550=CARTESIAN_POINT('Ctrl Pts',(-0.243029759157737,28.6852969873809,31.0950083560322));
#551=CARTESIAN_POINT('Ctrl Pts',(-0.274164379968132,28.6759005547602,31.0851565150802));
#552=CARTESIAN_POINT('Ctrl Pts',(-0.296923456287102,28.6690318625592,31.0779549242378));
#553=CARTESIAN_POINT('Ctrl Pts',(-0.319251750266473,28.6613689754686,31.0699239028543));
#554=CARTESIAN_POINT('Ctrl Pts',(-0.341132531532473,28.6529639375638,31.0611293909189));
#555=CARTESIAN_POINT('Ctrl Pts',(-0.371982529078909,28.6411135655142,31.0487298943776));
#556=CARTESIAN_POINT('Ctrl Pts',(-0.401697431786223,28.627880978213,31.0349067265616));
#557=CARTESIAN_POINT('Ctrl Pts',(-0.430215884771858,28.6134971027476,31.0198972809976));
#558=CARTESIAN_POINT('Ctrl Pts',(-0.458734337757494,28.5991132272823,31.0048878354335));
#559=CARTESIAN_POINT('Ctrl Pts',(-0.486057294911333,28.5835788089039,30.9886920727612));
#560=CARTESIAN_POINT('Ctrl Pts',(-0.512174842473189,28.5670987685546,30.9715487600121));
#561=CARTESIAN_POINT('Ctrl Pts',(-0.539926833961712,28.5495874023582,30.9533326136311));
#562=CARTESIAN_POINT('Ctrl Pts',(-0.566359844019385,28.5309811104325,30.9340232646353));
#563=CARTESIAN_POINT('Ctrl Pts',(-0.591453992413298,28.5115086864586,30.9138446598178));
#564=CARTESIAN_POINT('Ctrl Pts',(-0.617533095535098,28.491271962547,30.8928740371997));
#565=CARTESIAN_POINT('Ctrl Pts',(-0.642166881424693,28.4701004709142,30.8709645458789));
#566=CARTESIAN_POINT('Ctrl Pts',(-0.665378566661933,28.448217986612,30.848369295708));
#567=CARTESIAN_POINT('Ctrl Pts',(-0.673201061993661,28.4408434410092,30.8407545431739));
#568=CARTESIAN_POINT('Ctrl Pts',(-0.68086236456088,28.433387833306,30.8330619230432));
#569=CARTESIAN_POINT('Ctrl Pts',(-0.688364234136625,28.4258587540431,30.8253011745777));
#570=CARTESIAN_POINT('Ctrl Pts',(1.,-28.3284480633208,42.7150861481254));
#571=CARTESIAN_POINT('Ctrl Pts',(1.,-27.457696704807,26.2281493133221));
#572=CARTESIAN_POINT('Ctrl Pts',(1.,-29.3256664379077,42.6624184353109));
#573=CARTESIAN_POINT('Ctrl Pts',(1.,-28.4549150793939,26.1754816005076));
#574=CARTESIAN_POINT('Ctrl Pts',(1.49369176456889E-20,-29.3256664379077,
42.6624184353109));
#575=CARTESIAN_POINT('Ctrl Pts',(1.49369176456889E-20,-28.4549150793939,
26.1754816005076));
#576=CARTESIAN_POINT('Ctrl Pts',(-1.,-29.3256664379077,42.6624184353109));
#577=CARTESIAN_POINT('Ctrl Pts',(-1.,-28.4549150793939,26.1754816005076));
#578=CARTESIAN_POINT('Ctrl Pts',(-1.,-28.3284480633208,42.7150861481254));
#579=CARTESIAN_POINT('Ctrl Pts',(-1.,-27.457696704807,26.2281493133221));
#580=CARTESIAN_POINT('Ctrl Pts',(-1.,-27.3312296887338,42.7677538609399));
#581=CARTESIAN_POINT('Ctrl Pts',(-1.,-26.46047833022,26.2808170261366));
#582=CARTESIAN_POINT('Ctrl Pts',(1.49702643004846E-20,-27.3312296887338,
42.7677538609399));
#583=CARTESIAN_POINT('Ctrl Pts',(1.49702643004846E-20,-26.46047833022,26.2808170261366));
#584=CARTESIAN_POINT('Ctrl Pts',(1.,-27.3312296887338,42.7677538609399));
#585=CARTESIAN_POINT('Ctrl Pts',(1.,-26.46047833022,26.2808170261366));
#586=CARTESIAN_POINT('Ctrl Pts',(1.,-28.3284480633208,42.7150861481254));
#587=CARTESIAN_POINT('Ctrl Pts',(1.,-27.457696704807,26.2281493133221));
#588=CARTESIAN_POINT('',(1.,-28.325,42.6498));
#589=CARTESIAN_POINT('Origin',(0.,-28.325,42.6498));
#590=CARTESIAN_POINT('',(1.,-27.6596797739091,30.0525270411618));
#591=CARTESIAN_POINT('',(1.,-28.3284480633208,42.7150861481254));
#592=CARTESIAN_POINT('',(-0.378475171006824,-26.6841481956584,29.1073317278391));
#593=CARTESIAN_POINT('Ctrl Pts',(-0.378475171006824,-26.6841481956584,29.1073317278391));
#594=CARTESIAN_POINT('Ctrl Pts',(-0.435518757407011,-26.7087067462471,29.1306942153049));
#595=CARTESIAN_POINT('Ctrl Pts',(-0.488481831437708,-26.7379845651489,29.1585752341617));
#596=CARTESIAN_POINT('Ctrl Pts',(-0.592200249016373,-26.8075436583611,29.2249418142059));
#597=CARTESIAN_POINT('Ctrl Pts',(-0.641758028543493,-26.8487465762095,29.264322185966));
#598=CARTESIAN_POINT('Ctrl Pts',(-0.771008956120803,-26.9770740710706,29.3872867976996));
#599=CARTESIAN_POINT('Ctrl Pts',(-0.837033482779411,-27.0722136522476,29.4788363157357));
#600=CARTESIAN_POINT('Ctrl Pts',(-0.939604473496778,-27.2785844678189,29.6786593222056));
#601=CARTESIAN_POINT('Ctrl Pts',(-0.973499990791652,-27.3924584744815,29.7896105957967));
#602=CARTESIAN_POINT('Ctrl Pts',(-1.00066776403315,-27.587302866158,29.9809353560884));
#603=CARTESIAN_POINT('Ctrl Pts',(-1.0029172362464,-27.6691389155428,30.0617270912993));
#604=CARTESIAN_POINT('Ctrl Pts',(-0.990621824873584,-27.8200739650735,30.2116157485895));
#605=CARTESIAN_POINT('Ctrl Pts',(-0.978265327763131,-27.8898463910448,30.2812608934232));
#606=CARTESIAN_POINT('Ctrl Pts',(-0.938578089977417,-28.0319397123789,30.4238526242914));
#607=CARTESIAN_POINT('Ctrl Pts',(-0.910008797506574,-28.1046292910974,30.4972310582708));
#608=CARTESIAN_POINT('Ctrl Pts',(-0.823428227817329,-28.2684199395799,30.6635441945896));
#609=CARTESIAN_POINT('Ctrl Pts',(-0.757761697051285,-28.3590261512859,30.7563474775393));
#610=CARTESIAN_POINT('Ctrl Pts',(-0.588230761614069,-28.522905171685,30.9254130290896));
#611=CARTESIAN_POINT('Ctrl Pts',(-0.488487933685046,-28.5899039611357,30.9952104143821));
#612=CARTESIAN_POINT('Ctrl Pts',(-0.29641485871775,-28.6733856878742,31.0824650347689));
#613=CARTESIAN_POINT('Ctrl Pts',(-0.20518008952319,-28.6990843371579,31.1094599520011));
#614=CARTESIAN_POINT('Ctrl Pts',(-0.0227771901309647,-28.7200849508044,
31.1315221717882));
#615=CARTESIAN_POINT('Ctrl Pts',(0.0630604641678411,-28.7182082733069,31.1295463825397));
#616=CARTESIAN_POINT('Ctrl Pts',(0.242069352909355,-28.6899639604787,31.0998855647165));
#617=CARTESIAN_POINT('Ctrl Pts',(0.330284527695058,-28.6613714953098,31.0698767946589));
#618=CARTESIAN_POINT('Ctrl Pts',(0.518816471244643,-28.5715722439543,30.9761085794717));
#619=CARTESIAN_POINT('Ctrl Pts',(0.617524280254341,-28.4999673436968,30.9016170661992));
#620=CARTESIAN_POINT('Ctrl Pts',(0.776286621817079,-28.3344766543901,30.731183287327));
#621=CARTESIAN_POINT('Ctrl Pts',(0.835420908642416,-28.2486864384811,30.6434391121252));
#622=CARTESIAN_POINT('Ctrl Pts',(0.915151625473152,-28.0921692132421,30.4846416157647));
#623=CARTESIAN_POINT('Ctrl Pts',(0.941951376372418,-28.0217679553421,30.4136176713938));
#624=CARTESIAN_POINT('Ctrl Pts',(0.974336261042483,-27.9024451453567,30.293925043316));
#625=CARTESIAN_POINT('Ctrl Pts',(0.984048532179172,-27.8538013092637,30.2453121319868));
#626=CARTESIAN_POINT('Ctrl Pts',(0.993666411042988,-27.7807459848596,30.1725687890487));
#627=CARTESIAN_POINT('Ctrl Pts',(0.996051074912469,-27.7564802631614,30.1484498023456));
#628=CARTESIAN_POINT('Ctrl Pts',(0.999211439509092,-27.7080510329655,30.1003977232188));
#629=CARTESIAN_POINT('Ctrl Pts',(0.999999999999999,-27.6838714607011,30.0764480663969));
#630=CARTESIAN_POINT('Ctrl Pts',(0.999999999999999,-27.6596797739091,30.0525270411618));
#631=CARTESIAN_POINT('Ctrl Pts',(0.999999999999999,-27.6596797739091,30.0525270411618));
#632=CARTESIAN_POINT('Ctrl Pts',(0.999999999999998,-27.6231809420537,30.0164365657281));
#633=CARTESIAN_POINT('Ctrl Pts',(0.998205488189068,-27.586614871841,29.9803721459544));
#634=CARTESIAN_POINT('Ctrl Pts',(0.9912066040628,-27.515915063469,29.9108134094413));
#635=CARTESIAN_POINT('Ctrl Pts',(0.986219258373248,-27.4817308741792,29.8772586667433));
#636=CARTESIAN_POINT('Ctrl Pts',(0.962837144336511,-27.3615390063093,29.7595397480684));
#637=CARTESIAN_POINT('Ctrl Pts',(0.935490896202953,-27.2757418454383,29.675988074065));
#638=CARTESIAN_POINT('Ctrl Pts',(0.82996357918898,-27.0504177961977,29.4576187132834));
#639=CARTESIAN_POINT('Ctrl Pts',(0.733530559075499,-26.9258046730513,29.3380173457112));
#640=CARTESIAN_POINT('Ctrl Pts',(0.531185472213063,-26.7596998658667,29.1792173551164));
#641=CARTESIAN_POINT('Ctrl Pts',(0.432214005194117,-26.7009554940334,29.123299365048));
#642=CARTESIAN_POINT('Ctrl Pts',(0.231446689836518,-26.6298063427617,29.0556681382819));
#643=CARTESIAN_POINT('Ctrl Pts',(0.137842334571184,-26.6108635960682,29.0377010816391));
#644=CARTESIAN_POINT('Ctrl Pts',(-0.0302949720775079,-26.6036608507781,
29.0308667146828));
#645=CARTESIAN_POINT('Ctrl Pts',(-0.100838865838391,-26.6086079561088,29.0355584183371));
#646=CARTESIAN_POINT('Ctrl Pts',(-0.243376419403219,-26.6344644936983,29.0601041698645));
#647=CARTESIAN_POINT('Ctrl Pts',(-0.313238259936682,-26.6560614891445,29.0806129111851));
#648=CARTESIAN_POINT('Ctrl Pts',(-0.378483767789656,-26.6841518968164,29.1073352487416));
#649=CARTESIAN_POINT('Ctrl Pts',(15.3252174761575,-9.56543410623594,38.6340628645963));
#650=CARTESIAN_POINT('Ctrl Pts',(15.344893922626,-9.58935313776474,38.4811338627364));
#651=CARTESIAN_POINT('Ctrl Pts',(15.354005309431,-9.67309026481017,38.2854185726606));
#652=CARTESIAN_POINT('Ctrl Pts',(15.3297423745299,-9.96873799513467,37.9902354039878));
#653=CARTESIAN_POINT('Ctrl Pts',(15.2846487715648,-10.2356599192038,37.9140807790207));
#654=CARTESIAN_POINT('Ctrl Pts',(15.185566270613,-10.7025711383993,37.9729572435961));
#655=CARTESIAN_POINT('Ctrl Pts',(15.0611906469917,-11.1827583410348,38.3093973835832));
#656=CARTESIAN_POINT('Ctrl Pts',(14.9395016216575,-11.3187875370826,38.8779576904702));
#657=CARTESIAN_POINT('Ctrl Pts',(14.8358856261793,-11.3096151745888,39.2866575967337));
#658=CARTESIAN_POINT('Ctrl Pts',(14.7689033698398,-11.2771961621951,39.5481946468057));
#659=CARTESIAN_POINT('Ctrl Pts',(14.7157917699181,-11.166698526549,39.8751082308973));
#660=CARTESIAN_POINT('Ctrl Pts',(14.7190987408984,-11.0011228376109,40.076751110814));
#661=CARTESIAN_POINT('Ctrl Pts',(14.7537278063079,-10.7732885359598,40.1925567315771));
#662=CARTESIAN_POINT('Ctrl Pts',(14.8025160446808,-10.5678160147919,40.1574049557564));
#663=CARTESIAN_POINT('Ctrl Pts',(14.8723114291662,-10.3082229864798,40.0524769746654));
#664=CARTESIAN_POINT('Ctrl Pts',(14.9500948971426,-10.0612368546451,39.8833870355591));
#665=CARTESIAN_POINT('Ctrl Pts',(15.0846861773064,-9.78749735616969,39.5489277132832));
#666=CARTESIAN_POINT('Ctrl Pts',(15.2143996277471,-9.60416607718498,39.1821968979369));
#667=CARTESIAN_POINT('Ctrl Pts',(15.2765995615996,-9.55451013024292,38.9242537239153));
#668=CARTESIAN_POINT('Ctrl Pts',(15.3100318051936,-9.55329085797603,38.741053419152));
#669=CARTESIAN_POINT('Ctrl Pts',(15.3184067496501,-9.55715486829899,38.6869970978378));
#670=CARTESIAN_POINT('Ctrl Pts',(15.3252174761575,-9.56543410623594,38.6340628645963));
#671=CARTESIAN_POINT('Ctrl Pts',(15.3620148903967,-9.56127481852032,38.6322842752209));
#672=CARTESIAN_POINT('Ctrl Pts',(15.3789766187225,-9.5828314898644,38.4772204941899));
#673=CARTESIAN_POINT('Ctrl Pts',(15.3848167911376,-9.66612744617941,38.277544612539));
#674=CARTESIAN_POINT('Ctrl Pts',(15.3558900770817,-9.9658680287929,37.9761510756422));
#675=CARTESIAN_POINT('Ctrl Pts',(15.3094789046039,-10.2381518567095,37.8984660814386));
#676=CARTESIAN_POINT('Ctrl Pts',(15.2108109991231,-10.7138433534209,37.9589673588395));
#677=CARTESIAN_POINT('Ctrl Pts',(15.0894427105834,-11.2017915594168,38.3014526584239));
#678=CARTESIAN_POINT('Ctrl Pts',(14.9815421129747,-11.3325062454726,38.8794893002297));
#679=CARTESIAN_POINT('Ctrl Pts',(14.8888246388898,-11.3064810933962,39.2856527327367));
#680=CARTESIAN_POINT('Ctrl Pts',(14.8278449788017,-11.2597796763907,39.5418698339054));
#681=CARTESIAN_POINT('Ctrl Pts',(14.770439058444,-11.1325082074055,39.845752544891));
#682=CARTESIAN_POINT('Ctrl Pts',(14.7638179910883,-10.9742568026163,40.0225521086012));
#683=CARTESIAN_POINT('Ctrl Pts',(14.7894103557907,-10.7728777130933,40.1225282609715));
#684=CARTESIAN_POINT('Ctrl Pts',(14.8386666791575,-10.5846733879387,40.0943963420454));
#685=CARTESIAN_POINT('Ctrl Pts',(14.9117292503879,-10.3373519175565,40.0009216680905));
#686=CARTESIAN_POINT('Ctrl Pts',(14.9952202608998,-10.0957914873134,39.8474317590295));
#687=CARTESIAN_POINT('Ctrl Pts',(15.134558681086,-9.81361741291865,39.5365600955779));
#688=CARTESIAN_POINT('Ctrl Pts',(15.260954874157,-9.61469389939175,39.1828662758726));
#689=CARTESIAN_POINT('Ctrl Pts',(15.3186133018275,-9.55655927810655,38.9252682478761));
#690=CARTESIAN_POINT('Ctrl Pts',(15.3487427154587,-9.55100357977031,38.7406416508228));
#691=CARTESIAN_POINT('Ctrl Pts',(15.3561438255727,-9.5538132784922,38.685957432389));
#692=CARTESIAN_POINT('Ctrl Pts',(15.3620148903967,-9.56127481852032,38.6322842752209));
#693=CARTESIAN_POINT('Ctrl Pts',(15.4337737729823,-9.53939519613162,38.6263997221123));
#694=CARTESIAN_POINT('Ctrl Pts',(15.444350110696,-9.55850901497327,38.4651334224777));
#695=CARTESIAN_POINT('Ctrl Pts',(15.4430371135867,-9.64370996890611,38.2561366446336));
#696=CARTESIAN_POINT('Ctrl Pts',(15.4040808626354,-9.95618625215085,37.9409067011499));
#697=CARTESIAN_POINT('Ctrl Pts',(15.3547153566784,-10.2412475624705,37.8598347775585));
#698=CARTESIAN_POINT('Ctrl Pts',(15.2559171989815,-10.738744824045,37.9231057044792));
#699=CARTESIAN_POINT('Ctrl Pts',(15.1395888369834,-11.2464976229268,38.2774828141012));
#700=CARTESIAN_POINT('Ctrl Pts',(15.0587606835032,-11.377590136254,38.8771125530062));
#701=CARTESIAN_POINT('Ctrl Pts',(14.9959202120708,-11.3288486763793,39.2863947883319));
#702=CARTESIAN_POINT('Ctrl Pts',(14.9552709457036,-11.2607533068481,39.539185351064));
#703=CARTESIAN_POINT('Ctrl Pts',(14.9103924088998,-11.099693690889,39.8080856348345));
#704=CARTESIAN_POINT('Ctrl Pts',(14.898769578482,-10.9466707484285,39.9410736496678));
#705=CARTESIAN_POINT('Ctrl Pts',(14.9139328507569,-10.7854310049684,40.0126915031199));
#706=CARTESIAN_POINT('Ctrl Pts',(14.9607138679672,-10.6232127663569,39.9994425614372));
#707=CARTESIAN_POINT('Ctrl Pts',(15.033273690212,-10.3904774634025,39.9290134607979));
#708=CARTESIAN_POINT('Ctrl Pts',(15.1177304772469,-10.1503088179892,39.8052776232958));
#709=CARTESIAN_POINT('Ctrl Pts',(15.2492394533431,-9.84362088220506,39.5319862641678));
#710=CARTESIAN_POINT('Ctrl Pts',(15.357952382426,-9.6144193704511,39.1921757584019));
#711=CARTESIAN_POINT('Ctrl Pts',(15.4032192771442,-9.54281294347471,38.9295324144967));
#712=CARTESIAN_POINT('Ctrl Pts',(15.4250584413762,-9.53126911520724,38.7389432697085));
#713=CARTESIAN_POINT('Ctrl Pts',(15.4301129217338,-9.53277921530132,38.6822197942703));
#714=CARTESIAN_POINT('Ctrl Pts',(15.4337737729823,-9.53939519613162,38.6263997221123));
#715=CARTESIAN_POINT('Ctrl Pts',(15.5218361677381,-9.47048156692085,38.6117969760299));
#716=CARTESIAN_POINT('Ctrl Pts',(15.5230649016727,-9.49259791456299,38.4365633841267));
#717=CARTESIAN_POINT('Ctrl Pts',(15.5118121931692,-9.58800037804889,38.2104762600193));
#718=CARTESIAN_POINT('Ctrl Pts',(15.4584866320512,-9.93088304485476,37.8713839137931));
#719=CARTESIAN_POINT('Ctrl Pts',(15.4042190934771,-10.2398734194813,37.7845528394662));
#720=CARTESIAN_POINT('Ctrl Pts',(15.3020463318214,-10.779685051149,37.8506028931697));
#721=CARTESIAN_POINT('Ctrl Pts',(15.1885295683813,-11.327047827712,38.2225479732212));
#722=CARTESIAN_POINT('Ctrl Pts',(15.1365026626789,-11.484792896931,38.8586376807691));
#723=CARTESIAN_POINT('Ctrl Pts',(15.1182594480472,-11.4377834477515,39.2956775360305));
#724=CARTESIAN_POINT('Ctrl Pts',(15.1118747055913,-11.3640924075068,39.5644772754702));
#725=CARTESIAN_POINT('Ctrl Pts',(15.11531031743,-11.176036674885,39.8366177183438));
#726=CARTESIAN_POINT('Ctrl Pts',(15.1286835997131,-11.0035043212752,39.9605910627139));
#727=CARTESIAN_POINT('Ctrl Pts',(15.1535319105267,-10.8329096616128,40.0262282780548));
#728=CARTESIAN_POINT('Ctrl Pts',(15.1937800115287,-10.6646749646551,40.0214926794386));
#729=CARTESIAN_POINT('Ctrl Pts',(15.2542310282045,-10.4171979909935,39.963175523386));
#730=CARTESIAN_POINT('Ctrl Pts',(15.3211051731423,-10.1565834377216,39.8530272804342));
#731=CARTESIAN_POINT('Ctrl Pts',(15.4146309090161,-9.81139971285339,39.5853046756849));
#732=CARTESIAN_POINT('Ctrl Pts',(15.4854648184427,-9.55201497153117,39.2269020601365));
#733=CARTESIAN_POINT('Ctrl Pts',(15.51069965898,-9.47278659297414,38.9415652821889));
#734=CARTESIAN_POINT('Ctrl Pts',(15.5198477473462,-9.46082195679333,38.7341590635649));
#735=CARTESIAN_POINT('Ctrl Pts',(15.5214108586869,-9.4628263027767,38.6724516308876));
#736=CARTESIAN_POINT('Ctrl Pts',(15.5218361677381,-9.47048156692085,38.6117969760299));
#737=CARTESIAN_POINT('Ctrl Pts',(15.5690362649343,-9.39086225592457,38.5964801561627));
#738=CARTESIAN_POINT('Ctrl Pts',(15.5649431804251,-9.41973146439142,38.4071023823884));
#739=CARTESIAN_POINT('Ctrl Pts',(15.5478403793899,-9.5279618394504,38.1651990411444));
#740=CARTESIAN_POINT('Ctrl Pts',(15.4851336122073,-9.90255084048473,37.8046838132668));
#741=CARTESIAN_POINT('Ctrl Pts',(15.4266932446902,-10.2339039816738,37.712721739818));
#742=CARTESIAN_POINT('Ctrl Pts',(15.3190497887248,-10.8136547320324,37.7802378018981));
#743=CARTESIAN_POINT('Ctrl Pts',(15.2027381332162,-11.3987929032301,38.1667301546822));
#744=CARTESIAN_POINT('Ctrl Pts',(15.1593247158091,-11.5914343237899,38.8344695153813));
#745=CARTESIAN_POINT('Ctrl Pts',(15.1608878847065,-11.5668284744769,39.3083154952117));
#746=CARTESIAN_POINT('Ctrl Pts',(15.170984549222,-11.5047030769873,39.6032121104925));
#747=CARTESIAN_POINT('Ctrl Pts',(15.20534636706,-11.314608439664,39.9201565127533));
#748=CARTESIAN_POINT('Ctrl Pts',(15.2438402831181,-11.1079405510458,40.0862844285209));
#749=CARTESIAN_POINT('Ctrl Pts',(15.2884591675502,-10.8746935820184,40.1797407847962));
#750=CARTESIAN_POINT('Ctrl Pts',(15.328945710585,-10.6677807971906,40.1671035016657));
#751=CARTESIAN_POINT('Ctrl Pts',(15.383440308053,-10.3849258976844,40.0962524416769));
#752=CARTESIAN_POINT('Ctrl Pts',(15.4380592983488,-10.0978426902248,39.9683639483283));
#753=CARTESIAN_POINT('Ctrl Pts',(15.5062597261471,-9.72950921849245,39.666538562021));
#754=CARTESIAN_POINT('Ctrl Pts',(15.5547834385126,-9.45997756073474,39.2675609938084));
#755=CARTESIAN_POINT('Ctrl Pts',(15.5688500159731,-9.38342260038813,38.9547216614989));
#756=CARTESIAN_POINT('Ctrl Pts',(15.5708607479314,-9.37686195256296,38.7289377690825));
#757=CARTESIAN_POINT('Ctrl Pts',(15.5704530288408,-9.3808695835348,38.66203062158));
#758=CARTESIAN_POINT('Ctrl Pts',(15.5690362649343,-9.39086225592457,38.5964801561626));
#759=CARTESIAN_POINT('Ctrl Pts',(15.582796176408,-9.33789026915021,38.5867924558332));
#760=CARTESIAN_POINT('Ctrl Pts',(15.5772940824461,-9.37171250130233,38.3885361984072));
#761=CARTESIAN_POINT('Ctrl Pts',(15.5583305710407,-9.48851206630977,38.136902881973));
#762=CARTESIAN_POINT('Ctrl Pts',(15.4918024056596,-9.88330165885946,37.7632980331663));
#763=CARTESIAN_POINT('Ctrl Pts',(15.4309764273687,-10.2284354850139,37.6682086612178));
#764=CARTESIAN_POINT('Ctrl Pts',(15.3190500954598,-10.8326860330155,37.7364681448304));
#765=CARTESIAN_POINT('Ctrl Pts',(15.1986431748236,-11.4408536430918,38.1316873651852));
#766=CARTESIAN_POINT('Ctrl Pts',(15.1528077537083,-11.6552896467851,38.8185582774586));
#767=CARTESIAN_POINT('Ctrl Pts',(15.1548501795327,-11.6459565005669,39.3167127617537));
#768=CARTESIAN_POINT('Ctrl Pts',(15.1660622062916,-11.5922233535497,39.6293456408098));
#769=CARTESIAN_POINT('Ctrl Pts',(15.205068931177,-11.4027586344428,39.9807029518664));
#770=CARTESIAN_POINT('Ctrl Pts',(15.2514781751543,-11.1715058706376,40.1815485688199));
#771=CARTESIAN_POINT('Ctrl Pts',(15.3068301621262,-10.8903737637876,40.2979888055327));
#772=CARTESIAN_POINT('Ctrl Pts',(15.3516312938213,-10.6549311604064,40.2775632323362));
#773=CARTESIAN_POINT('Ctrl Pts',(15.4086001639659,-10.3480879003781,40.1947073400026));
#774=CARTESIAN_POINT('Ctrl Pts',(15.4633278661864,-10.0452382778012,40.0505640279057));
#775=CARTESIAN_POINT('Ctrl Pts',(15.528501669518,-9.66705357131896,39.7213361500207));
#776=CARTESIAN_POINT('Ctrl Pts',(15.5734919838759,-9.39555917342133,39.2938285890607));
#777=CARTESIAN_POINT('Ctrl Pts',(15.5852648764805,-9.32268091080635,38.9631100521057));
#778=CARTESIAN_POINT('Ctrl Pts',(15.5856008184462,-9.32063075503732,38.7256077039267));
#779=CARTESIAN_POINT('Ctrl Pts',(15.5847006492128,-9.3261831769459,38.6554160840825));
#780=CARTESIAN_POINT('Ctrl Pts',(15.582796176408,-9.33789026915021,38.5867924558331));
#781=CARTESIAN_POINT('Ctrl Pts',(15.5857079013837,-9.31996199343595,38.5835634110509));
#782=CARTESIAN_POINT('Ctrl Pts',(15.5799415031824,-9.355467261858,38.3823476526841));
#783=CARTESIAN_POINT('Ctrl Pts',(15.5605384603732,-9.47514945756768,38.1274718335213));
#784=CARTESIAN_POINT('Ctrl Pts',(15.4929504501872,-9.87669968104352,37.7495038052359));
#785=CARTESIAN_POINT('Ctrl Pts',(15.431338721435,-10.2264223737731,37.6533728076502));
#786=CARTESIAN_POINT('Ctrl Pts',(15.3178760573807,-10.8388066531745,37.7218812680759));
#787=CARTESIAN_POINT('Ctrl Pts',(15.1958492571555,-11.4545873433287,38.1200098671733));
#788=CARTESIAN_POINT('Ctrl Pts',(15.1484167509652,-11.6761146362008,38.8132600189514));
#789=CARTESIAN_POINT('Ctrl Pts',(15.1494732652941,-11.6716254585265,39.3195173837293));
#790=CARTESIAN_POINT('Ctrl Pts',(15.1601906838557,-11.6205047782668,39.63806211453));
#791=CARTESIAN_POINT('Ctrl Pts',(15.1994298213143,-11.4309582512195,40.0008629753237));
#792=CARTESIAN_POINT('Ctrl Pts',(15.2477172105989,-11.1913775481126,40.2132198188357));
#793=CARTESIAN_POINT('Ctrl Pts',(15.3063354387206,-10.8943098600738,40.3372758086006));
#794=CARTESIAN_POINT('Ctrl Pts',(15.3528606628793,-10.6494765475771,40.3142835258396));
#795=CARTESIAN_POINT('Ctrl Pts',(15.4111790253109,-10.3347838423457,40.227462724963));
#796=CARTESIAN_POINT('Ctrl Pts',(15.4666648249646,-10.0268370465539,40.077939731242));
#797=CARTESIAN_POINT('Ctrl Pts',(15.5321461247827,-9.64561047862908,39.7396004603361));
#798=CARTESIAN_POINT('Ctrl Pts',(15.5770682779091,-9.37365500198492,39.3025865590379));
#799=CARTESIAN_POINT('Ctrl Pts',(15.5886051090679,-9.30208978408593,38.9659068297393));
#800=CARTESIAN_POINT('Ctrl Pts',(15.5886879559551,-9.30159228100712,38.7244979342485));
#801=CARTESIAN_POINT('Ctrl Pts',(15.587703859401,-9.30767234178651,38.6532114291228));
#802=CARTESIAN_POINT('Ctrl Pts',(15.5857079013837,-9.31996199343595,38.5835634110509));
#803=CARTESIAN_POINT('',(15.5857079013837,-9.31996199343595,38.5835634110509));
#804=CARTESIAN_POINT('',(15.3258087467787,-9.56585009516145,38.6341214886489));
#805=CARTESIAN_POINT('Ctrl Pts',(15.5857079013837,-9.31996199343595,38.5835634110509));
#806=CARTESIAN_POINT('Ctrl Pts',(15.582796176408,-9.33789026915021,38.5867924558332));
#807=CARTESIAN_POINT('Ctrl Pts',(15.5690362649343,-9.39086225592457,38.5964801561627));
#808=CARTESIAN_POINT('Ctrl Pts',(15.5218361677381,-9.47048156692085,38.6117969760299));
#809=CARTESIAN_POINT('Ctrl Pts',(15.4339158194994,-9.53928403698092,38.626376167572));
#810=CARTESIAN_POINT('Ctrl Pts',(15.3623617810297,-9.56116888589753,38.6322557998352));
#811=CARTESIAN_POINT('Ctrl Pts',(15.3257498991542,-9.56537344373963,38.6340370456123));
#812=CARTESIAN_POINT('',(14.8695862249041,-11.3136531333033,39.1563734892956));
#813=CARTESIAN_POINT('Ctrl Pts',(15.3258087467786,-9.56585009516145,38.6341214886489));
#814=CARTESIAN_POINT('Ctrl Pts',(15.3311583438522,-9.57249694225305,38.5927774261334));
#815=CARTESIAN_POINT('Ctrl Pts',(15.3355683238632,-9.58186190291881,38.551913133221));
#816=CARTESIAN_POINT('Ctrl Pts',(15.3390401037454,-9.59395411288737,38.5118814962689));
#817=CARTESIAN_POINT('Ctrl Pts',(15.3424889793879,-9.60596654738485,38.4721139584935));
#818=CARTESIAN_POINT('Ctrl Pts',(15.3450118659741,-9.62067043956213,38.4331681156713));
#819=CARTESIAN_POINT('Ctrl Pts',(15.3466232670983,-9.63805942466648,38.3954368365352));
#820=CARTESIAN_POINT('Ctrl Pts',(15.3482189205,-9.65527847262208,38.3580742934671));
#821=CARTESIAN_POINT('Ctrl Pts',(15.3489206940398,-9.67513045913541,38.3219027204421));
#822=CARTESIAN_POINT('Ctrl Pts',(15.3487573999518,-9.69759306844551,38.2873495710786));
#823=CARTESIAN_POINT('Ctrl Pts',(15.3486382580178,-9.71398214135715,38.2621390500555));
#824=CARTESIAN_POINT('Ctrl Pts',(15.3480588973243,-9.73176062489784,38.2377910302001));
#825=CARTESIAN_POINT('Ctrl Pts',(15.3470361547974,-9.75091399648661,38.2144870769665));
#826=CARTESIAN_POINT('Ctrl Pts',(15.3459950570779,-9.77041111424192,38.1907648869461));
#827=CARTESIAN_POINT('Ctrl Pts',(15.3445044421475,-9.79134294482907,38.1681148265133));
#828=CARTESIAN_POINT('Ctrl Pts',(15.3425840406844,-9.81357738240086,38.1468384834042));
#829=CARTESIAN_POINT('Ctrl Pts',(15.34126713429,-9.82882454481741,38.1322483298206));
#830=CARTESIAN_POINT('Ctrl Pts',(15.3397481872239,-9.844683153421,38.1183037272627));
#831=CARTESIAN_POINT('Ctrl Pts',(15.338031223463,-9.86106857484228,38.1050650081924));
#832=CARTESIAN_POINT('Ctrl Pts',(15.3344233362729,-9.89549955899783,38.0772462469394));
#833=CARTESIAN_POINT('Ctrl Pts',(15.3299581253321,-9.93230825483888,38.0524879899268));
#834=CARTESIAN_POINT('Ctrl Pts',(15.3247195992565,-9.97093906328605,38.0310575002703));
#835=CARTESIAN_POINT('Ctrl Pts',(15.3194393867727,-10.009877282564,38.0094564740681));
#836=CARTESIAN_POINT('Ctrl Pts',(15.3133735765509,-10.0506656468407,37.9912368935438));
#837=CARTESIAN_POINT('Ctrl Pts',(15.3066286114526,-10.0927114768265,37.976631052297));
#838=CARTESIAN_POINT('Ctrl Pts',(15.3000009803375,-10.134025886466,37.9622792911685));
#839=CARTESIAN_POINT('Ctrl Pts',(15.2927177783323,-10.1765533130039,37.9514169292221));
#840=CARTESIAN_POINT('Ctrl Pts',(15.2848977581498,-10.2197248885786,37.9442188632428));
#841=CARTESIAN_POINT('Ctrl Pts',(15.2774047410135,-10.2610911955737,37.9373217925869));
#842=CARTESIAN_POINT('Ctrl Pts',(15.2694190757904,-10.3030480878819,37.9337889978933));
#843=CARTESIAN_POINT('Ctrl Pts',(15.261058891709,-10.3451026384298,37.9337302396829));
#844=CARTESIAN_POINT('Ctrl Pts',(15.2546116284471,-10.3775345509455,37.9336849261291));
#845=CARTESIAN_POINT('Ctrl Pts',(15.2479419187631,-10.410024594552,37.9357048921553));
#846=CARTESIAN_POINT('Ctrl Pts',(15.2411086751257,-10.4423543116739,37.9398211310384));
#847=CARTESIAN_POINT('Ctrl Pts',(15.2411065709265,-10.4423642671458,37.939822398575));
#848=CARTESIAN_POINT('Ctrl Pts',(15.2411044667119,-10.4423742226013,37.939823666311));
#849=CARTESIAN_POINT('Ctrl Pts',(15.241102362482,-10.4423841780403,37.9398249342465));
#850=CARTESIAN_POINT('Ctrl Pts',(15.2316441302631,-10.4871325448703,37.9455241346136));
#851=CARTESIAN_POINT('Ctrl Pts',(15.2219569104279,-10.5314520872082,37.9552013938384));
#852=CARTESIAN_POINT('Ctrl Pts',(15.2120804400738,-10.5748756363517,37.9684544589039));
#853=CARTESIAN_POINT('Ctrl Pts',(15.2021579912862,-10.6185013373466,37.9817692216356));
#854=CARTESIAN_POINT('Ctrl Pts',(15.1920446367148,-10.661222680351,37.9986932348681));
#855=CARTESIAN_POINT('Ctrl Pts',(15.1817884762914,-10.7026159081092,38.0188331355626));
#856=CARTESIAN_POINT('Ctrl Pts',(15.1714611974746,-10.7442961652951,38.0391126906035));
#857=CARTESIAN_POINT('Ctrl Pts',(15.1609892321873,-10.7846298098876,38.0626529469829));
#858=CARTESIAN_POINT('Ctrl Pts',(15.1504279453742,-10.8232349147978,38.0890659956034));
#859=CARTESIAN_POINT('Ctrl Pts',(15.1398243135461,-10.8619948051783,38.1155849461808));
#860=CARTESIAN_POINT('Ctrl Pts',(15.1291307514484,-10.8990122852513,38.1449998241503));
#861=CARTESIAN_POINT('Ctrl Pts',(15.118407947483,-10.9339516908853,38.1769309295821));
#862=CARTESIAN_POINT('Ctrl Pts',(15.1076217362906,-10.9690977039361,38.2090508534293));
#863=CARTESIAN_POINT('Ctrl Pts',(15.0968060446899,-11.0021410045741,38.243716880069));
#864=CARTESIAN_POINT('Ctrl Pts',(15.0860257071055,-11.032791117422,38.2805549416858));
#865=CARTESIAN_POINT('Ctrl Pts',(15.0820415684159,-11.0441186198756,38.2941693526806));
#866=CARTESIAN_POINT('Ctrl Pts',(15.0780622803205,-11.0551197475918,38.308080551249));
#867=CARTESIAN_POINT('Ctrl Pts',(15.0740911752003,-11.0657815848485,38.3222700716083));
#868=CARTESIAN_POINT('Ctrl Pts',(15.0700152262949,-11.0767249123559,38.3368342189241));
#869=CARTESIAN_POINT('Ctrl Pts',(15.0659479087865,-11.0873108419197,38.3516915189822));
#870=CARTESIAN_POINT('Ctrl Pts',(15.0618908904626,-11.097537376234,38.3668132657179));
#871=CARTESIAN_POINT('Ctrl Pts',(15.0515562816793,-11.1235878455466,38.405333509936));
#872=CARTESIAN_POINT('Ctrl Pts',(15.0412241425224,-11.1473110348439,38.4456288521089));
#873=CARTESIAN_POINT('Ctrl Pts',(15.0308419308935,-11.1686568102805,38.4872860508601));
#874=CARTESIAN_POINT('Ctrl Pts',(15.02075363954,-11.1893982870937,38.5277639348596));
#875=CARTESIAN_POINT('Ctrl Pts',(15.0106180610159,-11.2078951202049,38.569527292698));
#876=CARTESIAN_POINT('Ctrl Pts',(15.0003902280213,-11.2241367389512,38.6122304740452));
#877=CARTESIAN_POINT('Ctrl Pts',(14.9901245850472,-11.2404383992792,38.6550915193712));
#878=CARTESIAN_POINT('Ctrl Pts',(14.97976599466,-11.2544680555118,38.6988988378043));
#879=CARTESIAN_POINT('Ctrl Pts',(14.9692724600874,-11.2662516406001,38.7433439310005));
#880=CARTESIAN_POINT('Ctrl Pts',(14.9593478770251,-11.2773963286146,38.7853792448488));
#881=CARTESIAN_POINT('Ctrl Pts',(14.9493026169898,-11.2865321789264,38.8279850472262));
#882=CARTESIAN_POINT('Ctrl Pts',(14.9391040302445,-11.2937118420115,38.8709399246096));
#883=CARTESIAN_POINT('Ctrl Pts',(14.9290423285393,-11.3007951399341,38.9133182632761));
#884=CARTESIAN_POINT('Ctrl Pts',(14.9188314009965,-11.3059744893372,38.9560361519033));
#885=CARTESIAN_POINT('Ctrl Pts',(14.9084424883396,-11.3093289341709,38.9989225712397));
#886=CARTESIAN_POINT('Ctrl Pts',(14.8982173735167,-11.3126304908134,39.0411328175417));
#887=CARTESIAN_POINT('Ctrl Pts',(14.8878198539817,-11.3141643465798,39.0835061686226));
#888=CARTESIAN_POINT('Ctrl Pts',(14.8772248512069,-11.3140322127193,39.1259228330684));
#889=CARTESIAN_POINT('Ctrl Pts',(14.8748856982034,-11.3140030403516,39.1352875373674));
#890=CARTESIAN_POINT('Ctrl Pts',(14.8725369280075,-11.3138927615544,39.1446545274475));
#891=CARTESIAN_POINT('Ctrl Pts',(14.8701782856219,-11.3137026387728,39.1540228155717));
#892=CARTESIAN_POINT('Ctrl Pts',(14.8700362707972,-11.3136911914022,39.154586884039));
#893=CARTESIAN_POINT('Ctrl Pts',(14.8698942095209,-11.3136794545919,39.1551509878708));
#894=CARTESIAN_POINT('Ctrl Pts',(14.8697521017985,-11.3136674289301,39.1557151269048));
#895=CARTESIAN_POINT('',(15.3007304376335,-9.55363542731066,38.7951602375374));
#896=CARTESIAN_POINT('Ctrl Pts',(14.8694203480097,-11.3136388376764,39.1570318516865));
#897=CARTESIAN_POINT('Ctrl Pts',(14.8612464951166,-11.3129216711387,39.189467052209));
#898=CARTESIAN_POINT('Ctrl Pts',(14.8530161057018,-11.3112608072144,39.2219494375648));
#899=CARTESIAN_POINT('Ctrl Pts',(14.8448492662334,-11.308736370221,39.2544773612669));
#900=CARTESIAN_POINT('Ctrl Pts',(14.8366465973133,-11.3062008580506,39.2871479910518));
#901=CARTESIAN_POINT('Ctrl Pts',(14.8285080792205,-11.3027938199027,39.3198651361636));
#902=CARTESIAN_POINT('Ctrl Pts',(14.8205433692603,-11.2985439905302,39.3526192194272));
#903=CARTESIAN_POINT('Ctrl Pts',(14.8125638006017,-11.2942862328172,39.3854344076209));
#904=CARTESIAN_POINT('Ctrl Pts',(14.8047587688386,-11.2891822807597,39.4182871521981));
#905=CARTESIAN_POINT('Ctrl Pts',(14.7972256137206,-11.2832131387731,39.451151996703));
#906=CARTESIAN_POINT('Ctrl Pts',(14.7898190446546,-11.2773443013875,39.4834645851016));
#907=CARTESIAN_POINT('Ctrl Pts',(14.7826753737824,-11.2706388302889,39.5157892089914));
#908=CARTESIAN_POINT('Ctrl Pts',(14.775873493278,-11.2630365452977,39.5480804616779));
#909=CARTESIAN_POINT('Ctrl Pts',(14.7697534020939,-11.2561962785033,39.577134987226));
#910=CARTESIAN_POINT('Ctrl Pts',(14.7638971252332,-11.2486408148084,39.6061452437994));
#911=CARTESIAN_POINT('Ctrl Pts',(14.7584551789013,-11.24029640175,39.6349448370877));
#912=CARTESIAN_POINT('Ctrl Pts',(14.7530942766068,-11.2320762576358,39.6633155332178));
#913=CARTESIAN_POINT('Ctrl Pts',(14.7481355106521,-11.2230904247211,39.6914818549333));
#914=CARTESIAN_POINT('Ctrl Pts',(14.743697960929,-11.2132345458789,39.7192568627757));
#915=CARTESIAN_POINT('Ctrl Pts',(14.7393062451902,-11.2034804651516,39.7467449917426));
#916=CARTESIAN_POINT('Ctrl Pts',(14.7354251241483,-11.1928742309945,39.7738499108574));
#917=CARTESIAN_POINT('Ctrl Pts',(14.7321444300926,-11.1812815890607,39.8003620496303));
#918=CARTESIAN_POINT('Ctrl Pts',(14.7289309628415,-11.1699264993825,39.826330911176));
#919=CARTESIAN_POINT('Ctrl Pts',(14.7262936041378,-11.1576249934624,39.8517311143049));
#920=CARTESIAN_POINT('Ctrl Pts',(14.7242912028612,-11.1442191026118,39.8763374851836));
#921=CARTESIAN_POINT('Ctrl Pts',(14.7230782578632,-11.1360985483348,39.891242676678));
#922=CARTESIAN_POINT('Ctrl Pts',(14.7220977954445,-11.1275721500426,39.9058560485319));
#923=CARTESIAN_POINT('Ctrl Pts',(14.7213581137513,-11.1185989641344,39.9201220130077));
#924=CARTESIAN_POINT('Ctrl Pts',(14.7198381203616,-11.100159703855,39.9494375576535));
#925=CARTESIAN_POINT('Ctrl Pts',(14.7192956487138,-11.0798639448537,39.977303971427));
#926=CARTESIAN_POINT('Ctrl Pts',(14.7198025881302,-11.0575358715161,40.0028984413965));
#927=CARTESIAN_POINT('Ctrl Pts',(14.7199165387179,-11.0525169343436,40.0086516040093));
#928=CARTESIAN_POINT('Ctrl Pts',(14.720083315173,-11.0473953537246,40.014289903439));
#929=CARTESIAN_POINT('Ctrl Pts',(14.7203034280556,-11.0421692061341,40.0198038824031));
#930=CARTESIAN_POINT('Ctrl Pts',(14.7209549109816,-11.0267010250625,40.0361239773806));
#931=CARTESIAN_POINT('Ctrl Pts',(14.7220735293014,-11.0103159157147,40.0513548002893));
#932=CARTESIAN_POINT('Ctrl Pts',(14.7236846302709,-10.9930005141483,40.0652691344598));
#933=CARTESIAN_POINT('Ctrl Pts',(14.7252507599281,-10.9761684443816,40.078795072199));
#934=CARTESIAN_POINT('Ctrl Pts',(14.7272792419025,-10.9584530415173,40.0910790964307));
#935=CARTESIAN_POINT('Ctrl Pts',(14.7297048602206,-10.9399780684578,40.1019876449217));
#936=CARTESIAN_POINT('Ctrl Pts',(14.7321590097277,-10.9212857846434,40.1130245045556));
#937=CARTESIAN_POINT('Ctrl Pts',(14.7350194987252,-10.9018162979955,40.122653055769));
#938=CARTESIAN_POINT('Ctrl Pts',(14.7382416370448,-10.8817373130604,40.1307634680556));
#939=CARTESIAN_POINT('Ctrl Pts',(14.7411421113445,-10.8636628004259,40.1380642230399));
#940=CARTESIAN_POINT('Ctrl Pts',(14.744335912961,-10.8450952150452,40.1441350267216));
#941=CARTESIAN_POINT('Ctrl Pts',(14.7478073865699,-10.8261794388401,40.1489183291641));
#942=CARTESIAN_POINT('Ctrl Pts',(14.7526921692876,-10.7995626567161,40.1556490135179));
#943=CARTESIAN_POINT('Ctrl Pts',(14.758134888482,-10.7722286572706,40.1598334165761));
#944=CARTESIAN_POINT('Ctrl Pts',(14.7639861354389,-10.7444263089121,40.1617102531522));
#945=CARTESIAN_POINT('Ctrl Pts',(14.7707466051544,-10.7123037655498,40.16387873056));
#946=CARTESIAN_POINT('Ctrl Pts',(14.7780531363755,-10.6795565296707,40.1629657673657));
#947=CARTESIAN_POINT('Ctrl Pts',(14.7857326952659,-10.6466040934351,40.1593623307344));
#948=CARTESIAN_POINT('Ctrl Pts',(14.7937156412369,-10.6123498450026,40.1556165374734));
#949=CARTESIAN_POINT('Ctrl Pts',(14.8021043491912,-10.5778757516226,40.148961855908));
#950=CARTESIAN_POINT('Ctrl Pts',(14.8107332055123,-10.5436685829765,40.1398811479961));
#951=CARTESIAN_POINT('Ctrl Pts',(14.8182760722081,-10.5137665770166,40.1319432977486));
#952=CARTESIAN_POINT('Ctrl Pts',(14.8260039187191,-10.4840696096102,40.1221516868525));
#953=CARTESIAN_POINT('Ctrl Pts',(14.8337989686471,-10.4548941304482,40.1108702997166));
#954=CARTESIAN_POINT('Ctrl Pts',(14.8349212665335,-10.4506935699771,40.1092460539382));
#955=CARTESIAN_POINT('Ctrl Pts',(14.8360449258852,-10.4465037893435,40.1075910040758));
#956=CARTESIAN_POINT('Ctrl Pts',(14.83716955914,-10.4423256988804,40.1059063172249));
#957=CARTESIAN_POINT('Ctrl Pts',(14.8371953527331,-10.4422298738948,40.1058676787381));
#958=CARTESIAN_POINT('Ctrl Pts',(14.8372211468712,-10.4421340548068,40.1058290247125));
#959=CARTESIAN_POINT('Ctrl Pts',(14.8372469415484,-10.4420382416274,40.1057903551679));
#960=CARTESIAN_POINT('Ctrl Pts',(14.8455350515688,-10.4112524261805,40.0933654103611));
#961=CARTESIAN_POINT('Ctrl Pts',(14.8539464201795,-10.3809643991521,40.0792410530942));
#962=CARTESIAN_POINT('Ctrl Pts',(14.8625024108089,-10.3512922987706,40.0636942381092));
#963=CARTESIAN_POINT('Ctrl Pts',(14.8715070466197,-10.3200643008392,40.0473322044159));
#964=CARTESIAN_POINT('Ctrl Pts',(14.8806720207631,-10.2895182814091,40.029394610206));
#965=CARTESIAN_POINT('Ctrl Pts',(14.8900155138751,-10.2597565508748,40.0101590851036));
#966=CARTESIAN_POINT('Ctrl Pts',(14.9001436094809,-10.2274956342531,39.9893082924795));
#967=CARTESIAN_POINT('Ctrl Pts',(14.9104817015019,-10.1961560946189,39.9669326793049));
#968=CARTESIAN_POINT('Ctrl Pts',(14.921042045242,-10.1658306538115,39.9433319137821));
#969=CARTESIAN_POINT('Ctrl Pts',(14.931602388982,-10.1355052130041,39.9197311482592));
#970=CARTESIAN_POINT('Ctrl Pts',(14.9423850587254,-10.1061932529386,39.8949048183658));
#971=CARTESIAN_POINT('Ctrl Pts',(14.9533896449014,-10.0779582217147,39.869103185565));
#972=CARTESIAN_POINT('Ctrl Pts',(14.9636106778669,-10.0517335931548,39.8451386915621));
#973=CARTESIAN_POINT('Ctrl Pts',(14.9740213293011,-10.0264553991817,39.8203453672903));
#974=CARTESIAN_POINT('Ctrl Pts',(14.9845764979276,-10.0021112210428,39.7948956572837));
#975=CARTESIAN_POINT('Ctrl Pts',(14.9953094935806,-9.97735690707727,39.7690171861257));
#976=CARTESIAN_POINT('Ctrl Pts',(15.006191988501,-9.953567733768,39.742459758655));
#977=CARTESIAN_POINT('Ctrl Pts',(15.0171584999302,-9.93073234344997,39.7153529166896));
#978=CARTESIAN_POINT('Ctrl Pts',(15.0283016721974,-9.90752909511096,39.6878094073802));
#979=CARTESIAN_POINT('Ctrl Pts',(15.0395316398202,-9.88530997078705,39.6596983763395));
#980=CARTESIAN_POINT('Ctrl Pts',(15.0507602797855,-9.86407430711827,39.631106774384));
#981=CARTESIAN_POINT('Ctrl Pts',(15.0581431753231,-9.85011173578086,39.6123076311982));
#982=CARTESIAN_POINT('Ctrl Pts',(15.0655250944418,-9.83657457845637,39.5932997346386));
#983=CARTESIAN_POINT('Ctrl Pts',(15.0728764083423,-9.82346724654778,39.5740974072747));
#984=CARTESIAN_POINT('Ctrl Pts',(15.0767818734725,-9.8165038345085,39.5638959628861));
#985=CARTESIAN_POINT('Ctrl Pts',(15.0806786452102,-9.809661805673,39.5536395051263));
#986=CARTESIAN_POINT('Ctrl Pts',(15.0845624278235,-9.80293981623945,39.5433314192599));
#987=CARTESIAN_POINT('Ctrl Pts',(15.0976460431585,-9.7802949020437,39.5086057294511));
#988=CARTESIAN_POINT('Ctrl Pts',(15.1106154185261,-9.75908258490533,39.4733473639871));
#989=CARTESIAN_POINT('Ctrl Pts',(15.1233763409668,-9.73929655576734,39.4376640272958));
#990=CARTESIAN_POINT('Ctrl Pts',(15.1362782115107,-9.71929198417744,39.4015865577626));
#991=CARTESIAN_POINT('Ctrl Pts',(15.148966741262,-9.70074485762607,39.3650739350961));
#992=CARTESIAN_POINT('Ctrl Pts',(15.161319595547,-9.68368561265548,39.3282079629088));
#993=CARTESIAN_POINT('Ctrl Pts',(15.1735829166141,-9.66675001271964,39.2916091944823));
#994=CARTESIAN_POINT('Ctrl Pts',(15.1855151254792,-9.65128035233983,39.2546612867583));
#995=CARTESIAN_POINT('Ctrl Pts',(15.1969762306533,-9.63734976101333,39.2174277151838));
#996=CARTESIAN_POINT('Ctrl Pts',(15.2009664716474,-9.63249975608469,39.2044646613253));
#997=CARTESIAN_POINT('Ctrl Pts',(15.2048994475036,-9.62783672369558,39.191466896764));
#998=CARTESIAN_POINT('Ctrl Pts',(15.2087687595227,-9.62336515872343,39.178436941808));
#999=CARTESIAN_POINT('Ctrl Pts',(15.2203454586308,-9.60998656274331,39.139452267744));
#1000=CARTESIAN_POINT('Ctrl Pts',(15.2313389343887,-9.59831548707092,39.1001765207019));
#1001=CARTESIAN_POINT('Ctrl Pts',(15.2416978540804,-9.58852601811739,39.0606608054699));
#1002=CARTESIAN_POINT('Ctrl Pts',(15.2516788167571,-9.57909372911845,39.0225868662362));
#1003=CARTESIAN_POINT('Ctrl Pts',(15.2610706434285,-9.57140806798503,38.9842898118345));
#1004=CARTESIAN_POINT('Ctrl Pts',(15.2698298836975,-9.56566428558143,38.9458416060313));
#1005=CARTESIAN_POINT('Ctrl Pts',(15.2781641603387,-9.56019916873925,38.9092587548156));
#1006=CARTESIAN_POINT('Ctrl Pts',(15.2859257483108,-9.55649202466629,38.8725388249511));
#1007=CARTESIAN_POINT('Ctrl Pts',(15.2930796971729,-9.55474898453482,38.8357720126752));
#1008=CARTESIAN_POINT('Ctrl Pts',(15.2957128807236,-9.55410741654336,38.8222390999909));
#1009=CARTESIAN_POINT('Ctrl Pts',(15.2982637666637,-9.55373233092599,38.8087001392332));
#1010=CARTESIAN_POINT('Ctrl Pts',(15.3007306971975,-9.55363542109667,38.7951607649559));
#1011=CARTESIAN_POINT('Origin',(15.0166611591062,-10.4397142264434,38.8259365773247));
#1012=CARTESIAN_POINT('Ctrl Pts',(15.5857079013837,-9.31996199343595,38.5835634110509));
#1013=CARTESIAN_POINT('Ctrl Pts',(15.587703859401,-9.30767234178651,38.6532114291228));
#1014=CARTESIAN_POINT('Ctrl Pts',(15.5886879559551,-9.30159228100712,38.7244979342485));
#1015=CARTESIAN_POINT('Ctrl Pts',(15.5886051090679,-9.30208978408593,38.9659068297393));
#1016=CARTESIAN_POINT('Ctrl Pts',(15.5770682779091,-9.37365500198492,39.3025865590379));
#1017=CARTESIAN_POINT('Ctrl Pts',(15.5321461247827,-9.64561047862908,39.7396004603361));
#1018=CARTESIAN_POINT('Ctrl Pts',(15.4666648249646,-10.0268370465539,40.077939731242));
#1019=CARTESIAN_POINT('Ctrl Pts',(15.4111790253109,-10.3347838423457,40.227462724963));
#1020=CARTESIAN_POINT('Ctrl Pts',(15.3528606628793,-10.6494765475771,40.3142835258396));
#1021=CARTESIAN_POINT('Ctrl Pts',(15.3063354387206,-10.8943098600738,40.3372758086006));
#1022=CARTESIAN_POINT('Ctrl Pts',(15.2477172105989,-11.1913775481126,40.2132198188357));
#1023=CARTESIAN_POINT('Ctrl Pts',(15.1994298213143,-11.4309582512195,40.0008629753237));
#1024=CARTESIAN_POINT('Ctrl Pts',(15.1601906838557,-11.6205047782668,39.63806211453));
#1025=CARTESIAN_POINT('Ctrl Pts',(15.1494732652941,-11.6716254585265,39.3195173837293));
#1026=CARTESIAN_POINT('Ctrl Pts',(15.1484167509652,-11.6761146362008,38.8132600189514));
#1027=CARTESIAN_POINT('Ctrl Pts',(15.1958492571555,-11.4545873433287,38.1200098671733));
#1028=CARTESIAN_POINT('Ctrl Pts',(15.3178760573807,-10.8388066531745,37.7218812680759));
#1029=CARTESIAN_POINT('Ctrl Pts',(15.431338721435,-10.2264223737731,37.6533728076502));
#1030=CARTESIAN_POINT('Ctrl Pts',(15.4929504501872,-9.87669968104352,37.7495038052359));
#1031=CARTESIAN_POINT('Ctrl Pts',(15.5605384603732,-9.47514945756768,38.1274718335213));
#1032=CARTESIAN_POINT('Ctrl Pts',(15.5799415031824,-9.355467261858,38.3823476526841));
#1033=CARTESIAN_POINT('Ctrl Pts',(15.5857079013837,-9.31996199343595,38.5835634110509));
#1034=CARTESIAN_POINT('Ctrl Pts',(13.3834067422664,-9.73385109935233,42.4895808700561));
#1035=CARTESIAN_POINT('Ctrl Pts',(14.1234477508027,-9.63448716692407,40.4526202552767));
#1036=CARTESIAN_POINT('Ctrl Pts',(14.4864336630999,-9.57365337555472,39.205527532205));
#1037=CARTESIAN_POINT('Ctrl Pts',(15.3864253030796,-9.55134972524429,38.7483027008412));
#1038=CARTESIAN_POINT('Ctrl Pts',(13.2048189885649,-9.73385109935233,42.4819969287267));
#1039=CARTESIAN_POINT('Ctrl Pts',(14.0052138841724,-9.63447374292408,40.3479987407564));
#1040=CARTESIAN_POINT('Ctrl Pts',(14.4424489180413,-9.5737724716361,39.0171042234567));
#1041=CARTESIAN_POINT('Ctrl Pts',(15.3725949599258,-9.55134972524429,38.5273240191386));
#1042=CARTESIAN_POINT('Ctrl Pts',(12.8465409043261,-9.88862090501692,42.4643891699262));
#1043=CARTESIAN_POINT('Ctrl Pts',(13.7394959892581,-9.81725120167345,40.1062183364144));
#1044=CARTESIAN_POINT('Ctrl Pts',(14.3410392242445,-9.76588741160228,38.6271570736241));
#1045=CARTESIAN_POINT('Ctrl Pts',(15.3405320634664,-9.74640243702339,38.0818368380564));
#1046=CARTESIAN_POINT('Ctrl Pts',(12.6969705518068,-10.2572751231235,42.4544100500098));
#1047=CARTESIAN_POINT('Ctrl Pts',(13.6212037966322,-10.2357066358834,39.9702974700389));
#1048=CARTESIAN_POINT('Ctrl Pts',(14.295586013006,-10.217267525596,38.44901138219));
#1049=CARTESIAN_POINT('Ctrl Pts',(15.3260368824847,-10.2099923465625,37.8912935292669));
#1050=CARTESIAN_POINT('Ctrl Pts',(12.6968020968846,-10.6271583724073,42.4544098000254));
#1051=CARTESIAN_POINT('Ctrl Pts',(13.6210407854995,-10.6487256669753,39.9702902208968));
#1052=CARTESIAN_POINT('Ctrl Pts',(14.2955168140095,-10.6674514720406,38.448883517444));
#1053=CARTESIAN_POINT('Ctrl Pts',(15.3260159801201,-10.6747160698333,37.8911035688515));
#1054=CARTESIAN_POINT('Ctrl Pts',(12.8468129918987,-10.9961426126865,42.4643895736997));
#1055=CARTESIAN_POINT('Ctrl Pts',(13.7397547837815,-11.0675184539724,40.1062358312512));
#1056=CARTESIAN_POINT('Ctrl Pts',(14.3411909199447,-11.1191790415344,38.6273122669479));
#1057=CARTESIAN_POINT('Ctrl Pts',(15.3405658248643,-11.1387184711858,38.0821436611974));
#1058=CARTESIAN_POINT('Ctrl Pts',(13.2048467537335,-11.1507323326708,42.4819969699298));
#1059=CARTESIAN_POINT('Ctrl Pts',(14.0052500789905,-11.2501006357714,40.3479879438386));
#1060=CARTESIAN_POINT('Ctrl Pts',(14.442377576405,-11.3112036690759,39.0172316876945));
#1061=CARTESIAN_POINT('Ctrl Pts',(15.3725984051067,-11.3335460954556,38.5273553288973));
#1062=CARTESIAN_POINT('Ctrl Pts',(13.5619667307993,-11.1507323326708,42.4971647701824));
#1063=CARTESIAN_POINT('Ctrl Pts',(14.2416454226148,-11.2501006357714,40.5572525667148));
#1064=CARTESIAN_POINT('Ctrl Pts',(14.5304897497949,-11.3112036690759,39.3938233767156));
#1065=CARTESIAN_POINT('Ctrl Pts',(15.4002522010525,-11.3335460954556,38.9692500727852));
#1066=CARTESIAN_POINT('Ctrl Pts',(13.9140875770837,-10.9961426126865,42.5147721664125));
#1067=CARTESIAN_POINT('Ctrl Pts',(14.4283538625444,-11.0675184539724,40.7990046793021));
#1068=CARTESIAN_POINT('Ctrl Pts',(14.5966046594158,-11.1191790415344,39.7837427974622));
#1069=CARTESIAN_POINT('Ctrl Pts',(15.4205096873211,-11.1387184711858,39.4144617404851));
#1070=CARTESIAN_POINT('Ctrl Pts',(14.0581855565475,-10.6271583724073,42.5247519400867));
#1071=CARTESIAN_POINT('Ctrl Pts',(14.468281005547,-10.6487256669753,40.9349502896565));
#1072=CARTESIAN_POINT('Ctrl Pts',(14.6072070185115,-10.6674514720406,39.9621715469661));
#1073=CARTESIAN_POINT('Ctrl Pts',(15.4232844380916,-10.6747160698332,39.605501832831));
#1074=CARTESIAN_POINT('Ctrl Pts',(14.0580171016253,-10.2572751231235,42.5247516901024));
#1075=CARTESIAN_POINT('Ctrl Pts',(14.4681179944142,-10.2357066358833,40.9349430405144));
#1076=CARTESIAN_POINT('Ctrl Pts',(14.6071378195151,-10.217267525596,39.9620436822201));
#1077=CARTESIAN_POINT('Ctrl Pts',(15.423263535727,-10.2099923465625,39.6053118724156));
#1078=CARTESIAN_POINT('Ctrl Pts',(13.9143596646564,-9.88862090501691,42.514772570186));
#1079=CARTESIAN_POINT('Ctrl Pts',(14.4286126570678,-9.81725120167344,40.7990221741389));
#1080=CARTESIAN_POINT('Ctrl Pts',(14.596756355116,-9.76588741160227,39.7838979907861));
#1081=CARTESIAN_POINT('Ctrl Pts',(15.4205434487191,-9.74640243702338,39.4147685636261));
#1082=CARTESIAN_POINT('Ctrl Pts',(13.5619944959678,-9.73385109935233,42.4971648113854));
#1083=CARTESIAN_POINT('Ctrl Pts',(14.241681617433,-9.63447374292407,40.5572417697969));
#1084=CARTESIAN_POINT('Ctrl Pts',(14.5304184081586,-9.57377247163609,39.3939508409534));
#1085=CARTESIAN_POINT('Ctrl Pts',(15.4002556462334,-9.55134972524429,38.9692813825438));
#1086=CARTESIAN_POINT('Ctrl Pts',(13.3834067422664,-9.73385109935233,42.4895808700561));
#1087=CARTESIAN_POINT('Ctrl Pts',(14.1234477508027,-9.63448716692407,40.4526202552767));
#1088=CARTESIAN_POINT('Ctrl Pts',(14.4864336630999,-9.57365337555472,39.205527532205));
#1089=CARTESIAN_POINT('Ctrl Pts',(15.3864253030796,-9.55134972524429,38.7483027008412));
#1090=CARTESIAN_POINT('',(13.4391811538776,-9.72634126968821,42.335622973898));
#1091=CARTESIAN_POINT('Ctrl Pts',(13.4391807601835,-9.72634095189378,42.3356228471558));
#1092=CARTESIAN_POINT('Ctrl Pts',(14.1189275016894,-9.63456748065123,40.4542666866835));
#1093=CARTESIAN_POINT('Ctrl Pts',(14.4845927672401,-9.57699897470832,39.2741123148538));
#1094=CARTESIAN_POINT('Ctrl Pts',(15.3007301409567,-9.55363543406507,38.7951597316671));
#1095=CARTESIAN_POINT('',(13.4170733739295,-9.72693025502194,42.3391779377227));
#1096=CARTESIAN_POINT('Origin',(13.2488860703304,-10.9450956091435,42.4173898907862));
#1097=CARTESIAN_POINT('',(13.4391500023564,-11.1565759305893,42.3356475373296));
#1098=CARTESIAN_POINT('Ctrl Pts',(13.4391115558309,-11.1565754838365,42.3356536664795));
#1099=CARTESIAN_POINT('Ctrl Pts',(13.3464916203548,-11.1554943355172,42.3504194767499));
#1100=CARTESIAN_POINT('Ctrl Pts',(13.1581945839048,-11.1180153540803,42.3825296730854));
#1101=CARTESIAN_POINT('Ctrl Pts',(12.9111254003627,-10.9637547661611,42.4233221116281));
#1102=CARTESIAN_POINT('Ctrl Pts',(12.7391526840355,-10.7272755751353,42.4488634046143));
#1103=CARTESIAN_POINT('Ctrl Pts',(12.6979102549087,-10.5364271811824,42.4543274789626));
#1104=CARTESIAN_POINT('Ctrl Pts',(12.6979316106289,-10.3485868037075,42.4543300017079));
#1105=CARTESIAN_POINT('Ctrl Pts',(12.7375919516489,-10.1612820533593,42.4490616660906));
#1106=CARTESIAN_POINT('Ctrl Pts',(12.9033823233277,-9.92749523409979,42.4245267986381));
#1107=CARTESIAN_POINT('Ctrl Pts',(13.1425436046112,-9.77210892373857,42.3851845364399));
#1108=CARTESIAN_POINT('Ctrl Pts',(13.3264867673687,-9.73070131689628,42.3538177325998));
#1109=CARTESIAN_POINT('Ctrl Pts',(13.4170733739295,-9.72693025502194,42.3391779377227));
#1110=CARTESIAN_POINT('Ctrl Pts',(13.439181560615,-9.72634190258374,42.3356231376172));
#1111=CARTESIAN_POINT('Ctrl Pts',(13.5300341455069,-9.7253107500832,42.3210981821919));
#1112=CARTESIAN_POINT('Ctrl Pts',(13.7097116471649,-9.75685636687072,42.2948063191383));
#1113=CARTESIAN_POINT('Ctrl Pts',(13.9386091647179,-9.90995842513382,42.2751017943039));
#1114=CARTESIAN_POINT('Ctrl Pts',(14.0865441174995,-10.1508376788883,42.2743667016935));
#1115=CARTESIAN_POINT('Ctrl Pts',(14.1203053098442,-10.3442882749024,42.27652985396));
#1116=CARTESIAN_POINT('Ctrl Pts',(14.1202933164827,-10.4895063112912,42.2765267507409));
#1117=CARTESIAN_POINT('Ctrl Pts',(14.1043610699488,-10.6834257106859,42.2756495625106));
#1118=CARTESIAN_POINT('Ctrl Pts',(13.9770524826964,-10.9468493425823,42.2719934170188));
#1119=CARTESIAN_POINT('Ctrl Pts',(13.7112721765397,-11.1255863508508,42.2945596417478));
#1120=CARTESIAN_POINT('Ctrl Pts',(13.5301680437031,-11.1576287622122,42.3211377528183));
#1121=CARTESIAN_POINT('Ctrl Pts',(13.4391884488819,-11.1565763773421,42.3356414081798));
#1122=CARTESIAN_POINT('Ctrl Pts',(0.,31.325,37.6498));
#1123=CARTESIAN_POINT('Ctrl Pts',(0.,31.325,43.6498));
#1124=CARTESIAN_POINT('Ctrl Pts',(-16.325,31.325,37.6498));
#1125=CARTESIAN_POINT('Ctrl Pts',(-16.325,31.325,43.6498));
#1126=CARTESIAN_POINT('Ctrl Pts',(-16.325,0.,37.6498));
#1127=CARTESIAN_POINT('Ctrl Pts',(-16.325,0.,43.6498));
#1128=CARTESIAN_POINT('Ctrl Pts',(-16.325,-31.325,37.6498));
#1129=CARTESIAN_POINT('Ctrl Pts',(-16.325,-31.325,43.6498));
#1130=CARTESIAN_POINT('Ctrl Pts',(0.,-31.325,37.6498));
#1131=CARTESIAN_POINT('Ctrl Pts',(0.,-31.325,43.6498));
#1132=CARTESIAN_POINT('Ctrl Pts',(16.325,-31.325,37.6498));
#1133=CARTESIAN_POINT('Ctrl Pts',(16.325,-31.325,43.6498));
#1134=CARTESIAN_POINT('Ctrl Pts',(16.325,0.,37.6498));
#1135=CARTESIAN_POINT('Ctrl Pts',(16.325,0.,43.6498));
#1136=CARTESIAN_POINT('Ctrl Pts',(16.325,31.325,37.6498));
#1137=CARTESIAN_POINT('Ctrl Pts',(16.325,31.325,43.6498));
#1138=CARTESIAN_POINT('Ctrl Pts',(0.,31.325,37.6498));
#1139=CARTESIAN_POINT('Ctrl Pts',(0.,31.325,43.6498));
#1140=CARTESIAN_POINT('',(-1.99923589960805E-15,31.325,42.6498));
#1141=CARTESIAN_POINT('Origin',(0.,0.,42.6498));
#1142=CARTESIAN_POINT('',(0.,31.325,37.6498));
#1143=CARTESIAN_POINT('',(-1.99923589960805E-15,31.325,37.6498));
#1144=CARTESIAN_POINT('',(0.,-31.325,37.6498));
#1145=CARTESIAN_POINT('Origin',(1.69878607353177E-16,0.,37.6498));
#1146=CARTESIAN_POINT('Origin',(0.,0.,37.6498));
#1147=CARTESIAN_POINT('',(15.1686419656344,11.579651624728,38.6058190066208));
#1148=CARTESIAN_POINT('Ctrl Pts',(15.1686419656344,11.579651624728,38.6058190066208));
#1149=CARTESIAN_POINT('Ctrl Pts',(15.1555777521018,11.6426617374381,38.7812293520824));
#1150=CARTESIAN_POINT('Ctrl Pts',(15.148761759294,11.6750791814477,38.9713027938372));
#1151=CARTESIAN_POINT('Ctrl Pts',(15.1494183250143,11.6719701490867,39.3178672486226));
#1152=CARTESIAN_POINT('Ctrl Pts',(15.1575767532945,11.6331443612285,39.5610291190835));
#1153=CARTESIAN_POINT('Ctrl Pts',(15.180318331099,11.5233506709304,39.817720209121));
#1154=CARTESIAN_POINT('Ctrl Pts',(15.1975304667738,11.4394526072929,39.9550742501514));
#1155=CARTESIAN_POINT('Ctrl Pts',(15.2174686099013,11.3415966822474,40.0811245275708));
#1156=CARTESIAN_POINT('Ctrl Pts',(15.2477026712451,11.1915309195458,40.2137809276501));
#1157=CARTESIAN_POINT('Ctrl Pts',(15.3060971810979,10.8956378281749,40.338032747663));
#1158=CARTESIAN_POINT('Ctrl Pts',(15.3529629148825,10.6489920072713,40.3145475621898));
#1159=CARTESIAN_POINT('Ctrl Pts',(15.3817246030548,10.4938040175885,40.2717924040235));
#1160=CARTESIAN_POINT('Ctrl Pts',(15.3826590714646,10.488760109354,40.2703851275312));
#1161=CARTESIAN_POINT('Ctrl Pts',(15.384523772084,10.4786868701165,40.267511006938));
#1162=CARTESIAN_POINT('Ctrl Pts',(15.3868468494778,10.4661221860967,40.2638053927802));
#1163=CARTESIAN_POINT('Ctrl Pts',(15.3896218241299,10.4510890339981,40.2591820848846));
#1164=CARTESIAN_POINT('Ctrl Pts',(15.3951454267143,10.4211169557583,40.249586433545));
#1165=CARTESIAN_POINT('Ctrl Pts',(15.4069691077854,10.3566994646684,40.22695851733));
#1166=CARTESIAN_POINT('Ctrl Pts',(15.4316070878893,10.221153263467,40.1692684077352));
#1167=CARTESIAN_POINT('Ctrl Pts',(15.4641084624015,10.0389116366462,40.0654925370576));
#1168=CARTESIAN_POINT('Ctrl Pts',(15.4933983726893,9.87077692870693,39.935682800701));
#1169=CARTESIAN_POINT('Ctrl Pts',(15.5117523867969,9.76375038442224,39.8335095220667));
#1170=CARTESIAN_POINT('Ctrl Pts',(15.5216101988218,9.70584437412976,39.7720360602161));
#1171=CARTESIAN_POINT('Ctrl Pts',(15.5356809700005,9.62278836552041,39.6773461427367));
#1172=CARTESIAN_POINT('Ctrl Pts',(15.5545160433851,9.5102044189148,39.5223756644111));
#1173=CARTESIAN_POINT('Ctrl Pts',(15.5799003777587,9.35604101732328,39.2192944491866));
#1174=CARTESIAN_POINT('Ctrl Pts',(15.5885124933204,9.30254969385166,38.9657061688748));
#1175=CARTESIAN_POINT('Ctrl Pts',(15.5886002245362,9.30197975015015,38.6416665153664));
#1176=CARTESIAN_POINT('Ctrl Pts',(15.5814418568361,9.34635874439972,38.4084848132097));
#1177=CARTESIAN_POINT('Ctrl Pts',(15.5572135307638,9.49380047146198,38.1354256000399));
#1178=CARTESIAN_POINT('Ctrl Pts',(15.5319119226839,9.64529646481747,37.9581268554009));
#1179=CARTESIAN_POINT('Ctrl Pts',(15.4793016705461,9.95448387229605,37.7247644997897));
#1180=CARTESIAN_POINT('Ctrl Pts',(15.423376342065,10.2694683055975,37.6572772261806));
#1181=CARTESIAN_POINT('Ctrl Pts',(15.3352956745422,10.7447512270755,37.7104259059327));
#1182=CARTESIAN_POINT('Ctrl Pts',(15.244489135868,11.2125663619514,37.9386610542093));
#1183=CARTESIAN_POINT('Ctrl Pts',(15.186165803103,11.4951322641665,38.3705302633282));
#1184=CARTESIAN_POINT('Ctrl Pts',(15.1686419656344,11.579651624728,38.6058190066208));
#1185=CARTESIAN_POINT('',(-15.1694189135975,11.5759036182653,38.5954982438549));
#1186=CARTESIAN_POINT('Ctrl Pts',(-15.1694189135975,11.5759036182653,38.5954982438549));
#1187=CARTESIAN_POINT('Ctrl Pts',(-15.1870991273752,11.4905980591058,38.3631212841448));
#1188=CARTESIAN_POINT('Ctrl Pts',(-15.2457743711399,11.2060992316767,37.9349861881482));
#1189=CARTESIAN_POINT('Ctrl Pts',(-15.3355781312932,10.7430828049798,37.7114620685371));
#1190=CARTESIAN_POINT('Ctrl Pts',(-15.4092332478691,10.3455543990864,37.6672808197333));
#1191=CARTESIAN_POINT('Ctrl Pts',(-15.4516811098388,10.1105151901615,37.6903666461416));
#1192=CARTESIAN_POINT('Ctrl Pts',(-15.5004416033369,9.83042375552817,37.8184429919134));
#1193=CARTESIAN_POINT('Ctrl Pts',(-15.5426706524434,9.5823698947569,38.0049988745002));
#1194=CARTESIAN_POINT('Ctrl Pts',(-15.5791689316951,9.36070516414826,38.3308989761006));
#1195=CARTESIAN_POINT('Ctrl Pts',(-15.5886385410778,9.30194218714804,38.6414205585665));
#1196=CARTESIAN_POINT('Ctrl Pts',(-15.5885505850396,9.30248281788369,38.9652729084998));
#1197=CARTESIAN_POINT('Ctrl Pts',(-15.579976705963,9.35568884878839,39.2184539748426));
#1198=CARTESIAN_POINT('Ctrl Pts',(-15.5545280389272,9.51023341006258,39.5221690463494));
#1199=CARTESIAN_POINT('Ctrl Pts',(-15.5358738646575,9.62172843633275,39.675777986127));
#1200=CARTESIAN_POINT('Ctrl Pts',(-15.5217254989241,9.70524815294027,39.7711370722971));
#1201=CARTESIAN_POINT('Ctrl Pts',(-15.5118569798005,9.76321967314751,39.8327251479242));
#1202=CARTESIAN_POINT('Ctrl Pts',(-15.4934574593762,9.87050517123145,39.935124376488));
#1203=CARTESIAN_POINT('Ctrl Pts',(-15.4702058549137,10.0039865954112,40.0383127922171));
#1204=CARTESIAN_POINT('Ctrl Pts',(-15.4448351124017,10.147040723031,40.1267382861231));
#1205=CARTESIAN_POINT('Ctrl Pts',(-15.4279869901017,10.2408971156538,40.1756437294954));
#1206=CARTESIAN_POINT('Ctrl Pts',(-15.4140377296338,10.317867714321,40.210153369543));
#1207=CARTESIAN_POINT('Ctrl Pts',(-15.403336909252,10.3765424174196,40.2336388838882));
#1208=CARTESIAN_POINT('Ctrl Pts',(-15.3951506973666,10.4211420837509,40.2493091272413));
#1209=CARTESIAN_POINT('Ctrl Pts',(-15.3896282854814,10.4511074947321,40.2589010837212));
#1210=CARTESIAN_POINT('Ctrl Pts',(-15.3868546829006,10.4661331640217,40.2635219428184));
#1211=CARTESIAN_POINT('Ctrl Pts',(-15.3845330262278,10.4786901128745,40.2672249666278));
#1212=CARTESIAN_POINT('Ctrl Pts',(-15.3826697654533,10.4887555607231,40.2700968365773));
#1213=CARTESIAN_POINT('Ctrl Pts',(-15.3817359721441,10.4937958191594,40.2715030018373));
#1214=CARTESIAN_POINT('Ctrl Pts',(-15.3529947537441,10.6488732660161,40.3142343092459));
#1215=CARTESIAN_POINT('Ctrl Pts',(-15.3060274849166,10.8960183977945,40.3375984337875));
#1216=CARTESIAN_POINT('Ctrl Pts',(-15.2475060052068,11.1925416710858,40.212733737498));
#1217=CARTESIAN_POINT('Ctrl Pts',(-15.2173604128365,11.3421502713762,40.080240463445));
#1218=CARTESIAN_POINT('Ctrl Pts',(-15.197354808835,11.4403302220295,39.9533618850119));
#1219=CARTESIAN_POINT('Ctrl Pts',(-15.1803107778102,11.5234034649799,39.8172907018991));
#1220=CARTESIAN_POINT('Ctrl Pts',(-15.1574289869268,11.6338725950932,39.5580117759557));
#1221=CARTESIAN_POINT('Ctrl Pts',(-15.1494296414227,11.6719242949702,39.3182160602995));
#1222=CARTESIAN_POINT('Ctrl Pts',(-15.1487599683462,11.6750912540677,38.9668012823124));
#1223=CARTESIAN_POINT('Ctrl Pts',(-15.1558083189055,11.6415736042335,38.7743868395555));
#1224=CARTESIAN_POINT('Ctrl Pts',(-15.1694189135975,11.5759036182653,38.5954982438549));
#1225=CARTESIAN_POINT('',(-15.5857181334632,-9.3198989915298,38.5839207765444));
#1226=CARTESIAN_POINT('Ctrl Pts',(-15.5857181334632,-9.3198989915298,38.5839207765444));
#1227=CARTESIAN_POINT('Ctrl Pts',(-15.5780504877557,-9.36711110359213,38.315879046626));
#1228=CARTESIAN_POINT('Ctrl Pts',(-15.5299712099786,-9.66564064182786,37.8093496715542));
#1229=CARTESIAN_POINT('Ctrl Pts',(-15.430965372013,-10.2292496131954,37.6534799538352));
#1230=CARTESIAN_POINT('Ctrl Pts',(-15.3181816163996,-10.837684874095,37.7215847739795));
#1231=CARTESIAN_POINT('Ctrl Pts',(-15.1961533330783,-11.4531218603158,38.1196136663548));
#1232=CARTESIAN_POINT('Ctrl Pts',(-15.1486168725671,-11.6753822217907,38.8130196224838));
#1233=CARTESIAN_POINT('Ctrl Pts',(-15.1496999966257,-11.6706770026507,39.3586014650469));
#1234=CARTESIAN_POINT('Ctrl Pts',(-15.1628479724015,-11.608222028387,39.6803771089996));
#1235=CARTESIAN_POINT('Ctrl Pts',(-15.2053828613343,-11.4016553486637,40.0268038008351));
#1236=CARTESIAN_POINT('Ctrl Pts',(-15.2477985866676,-11.1911424871408,40.2132922864074));
#1237=CARTESIAN_POINT('Ctrl Pts',(-15.3062348076274,-10.8950487938256,40.3371451531272));
#1238=CARTESIAN_POINT('Ctrl Pts',(-15.3531479032743,-10.6481969146033,40.3144910119935));
#1239=CARTESIAN_POINT('Ctrl Pts',(-15.4409940626353,-10.174188498298,40.182236398654));
#1240=CARTESIAN_POINT('Ctrl Pts',(-15.504554470819,-9.80925031154309,39.9319043870104));
#1241=CARTESIAN_POINT('Ctrl Pts',(-15.5712794898718,-9.41007554088702,39.3853680978803));
#1242=CARTESIAN_POINT('Ctrl Pts',(-15.5885964233474,-9.30214937262879,39.049806091055));
#1243=CARTESIAN_POINT('Ctrl Pts',(-15.5886882073675,-9.30159111771913,38.7247787065449));
#1244=CARTESIAN_POINT('Ctrl Pts',(-15.5877113227429,-9.30762629672542,38.6535976921161));
#1245=CARTESIAN_POINT('Ctrl Pts',(-15.5857181334632,-9.3198989915298,38.5839207765444));
#1246=CARTESIAN_POINT('Ctrl Pts',(14.9773337163007,11.2556921396704,38.7073455048584));
#1247=CARTESIAN_POINT('Ctrl Pts',(15.0231616425829,11.199240115211,38.5148367758054));
#1248=CARTESIAN_POINT('Ctrl Pts',(15.1111368020586,10.9935756047056,38.1545281858117));
#1249=CARTESIAN_POINT('Ctrl Pts',(15.2012940473127,10.6306734207791,37.9635699093249));
#1250=CARTESIAN_POINT('Ctrl Pts',(15.2779060422416,10.2682456509634,37.917243354373));
#1251=CARTESIAN_POINT('Ctrl Pts',(15.3201910742486,10.0277451106485,37.9705645994855));
#1252=CARTESIAN_POINT('Ctrl Pts',(15.3450331290997,9.79788892742487,38.1534033751749));
#1253=CARTESIAN_POINT('Ctrl Pts',(15.3502497383745,9.68740654472097,38.2910942516925));
#1254=CARTESIAN_POINT('Ctrl Pts',(15.343335544138,9.58249037326243,38.5011786261656));
#1255=CARTESIAN_POINT('Ctrl Pts',(15.3217772385142,9.55319544713751,38.678144025871));
#1256=CARTESIAN_POINT('Ctrl Pts',(15.2769773291179,9.554820357152,38.9240329367644));
#1257=CARTESIAN_POINT('Ctrl Pts',(15.2299654208734,9.59176512757532,39.1184389216979));
#1258=CARTESIAN_POINT('Ctrl Pts',(15.1498069337015,9.6963350693958,39.3663870184889));
#1259=CARTESIAN_POINT('Ctrl Pts',(15.1004180583756,9.77370397765397,39.501513384482));
#1260=CARTESIAN_POINT('Ctrl Pts',(15.0673382282138,9.83197680230017,39.5879626211882));
#1261=CARTESIAN_POINT('Ctrl Pts',(15.0451183629206,9.87297828154557,39.6451400557574));
#1262=CARTESIAN_POINT('Ctrl Pts',(15.0062763850734,9.94986772541743,39.7429604255344));
#1263=CARTESIAN_POINT('Ctrl Pts',(14.9520437514999,10.0749110679725,39.8747113327849));
#1264=CARTESIAN_POINT('Ctrl Pts',(14.9020070592374,10.217560470444,39.987227674529));
#1265=CARTESIAN_POINT('Ctrl Pts',(14.8686509953745,10.3269951548067,40.0525147382332));
#1266=CARTESIAN_POINT('Ctrl Pts',(14.8536082421837,10.3796254217943,40.0788342512141));
#1267=CARTESIAN_POINT('Ctrl Pts',(14.8467546208832,10.404214528751,40.0901448232218));
#1268=CARTESIAN_POINT('Ctrl Pts',(14.8433459762391,10.4165669635462,40.0956276844782));
#1269=CARTESIAN_POINT('Ctrl Pts',(14.8405206887343,10.4269064086604,40.1000503691902));
#1270=CARTESIAN_POINT('Ctrl Pts',(14.8382698485556,10.4352042351958,40.1034984923032));
#1271=CARTESIAN_POINT('Ctrl Pts',(14.8371473357397,10.43936205199,40.1051925942576));
#1272=CARTESIAN_POINT('Ctrl Pts',(14.8026970853559,10.567318301403,40.1567878261982));
#1273=CARTESIAN_POINT('Ctrl Pts',(14.7535015909747,10.7742961981791,40.1924663134596));
#1274=CARTESIAN_POINT('Ctrl Pts',(14.7190296391071,11.0007924200354,40.0763661936611));
#1275=CARTESIAN_POINT('Ctrl Pts',(14.7172147615429,11.1046660674653,39.9508586583329));
#1276=CARTESIAN_POINT('Ctrl Pts',(14.7268388127043,11.167981312131,39.8344440324192));
#1277=CARTESIAN_POINT('Ctrl Pts',(14.7431175050624,11.2200762095193,39.7100499058031));
#1278=CARTESIAN_POINT('Ctrl Pts',(14.7855739896468,11.2850229616727,39.4848399049373));
#1279=CARTESIAN_POINT('Ctrl Pts',(14.8360600868107,11.3095942175283,39.2847661643566));
#1280=CARTESIAN_POINT('Ctrl Pts',(14.906638784019,11.3152523303727,39.0041874244558));
#1281=CARTESIAN_POINT('Ctrl Pts',(14.9431684933136,11.2977777446757,38.850862879277));
#1282=CARTESIAN_POINT('Ctrl Pts',(14.9773337163007,11.2556921396704,38.7073455048584));
#1283=CARTESIAN_POINT('Ctrl Pts',(15.0152542243213,11.2696229558709,38.7051783170039));
#1284=CARTESIAN_POINT('Ctrl Pts',(15.0565315051753,11.215707758983,38.5103279763334));
#1285=CARTESIAN_POINT('Ctrl Pts',(15.1381012658496,11.00940077354,38.1439417055013));
#1286=CARTESIAN_POINT('Ctrl Pts',(15.2263100040566,10.6405941444662,37.9492226523143));
#1287=CARTESIAN_POINT('Ctrl Pts',(15.3027182777167,10.2713233664219,37.9017564057935));
#1288=CARTESIAN_POINT('Ctrl Pts',(15.3459714230109,10.026068535337,37.9560877475293));
#1289=CARTESIAN_POINT('Ctrl Pts',(15.3736978794454,9.79255506974772,38.1427799053297));
#1290=CARTESIAN_POINT('Ctrl Pts',(15.3811381219148,9.68091397231941,38.283343879501));
#1291=CARTESIAN_POINT('Ctrl Pts',(15.3777223951351,9.57620351561807,38.4975523547046));
#1292=CARTESIAN_POINT('Ctrl Pts',(15.3593329485268,9.54942971140962,38.677314568277));
#1293=CARTESIAN_POINT('Ctrl Pts',(15.3189577452362,9.55685770026718,38.9251415019659));
#1294=CARTESIAN_POINT('Ctrl Pts',(15.2753818808773,9.60023051896096,39.1192443177942));
#1295=CARTESIAN_POINT('Ctrl Pts',(15.197999741468,9.71466565481311,39.3607252917701));
#1296=CARTESIAN_POINT('Ctrl Pts',(15.1490716007635,9.79724717016151,39.4898906693197));
#1297=CARTESIAN_POINT('Ctrl Pts',(15.1157212833362,9.85841772301526,39.5716232286809));
#1298=CARTESIAN_POINT('Ctrl Pts',(15.0931702993054,9.90118721036769,39.6254584004441));
#1299=CARTESIAN_POINT('Ctrl Pts',(15.0533573178773,9.98064989651952,39.716998152046));
#1300=CARTESIAN_POINT('Ctrl Pts',(14.9966878261762,10.1074420165073,39.8389419509249));
#1301=CARTESIAN_POINT('Ctrl Pts',(14.9435533900857,10.2484899242694,39.9418451556072));
#1302=CARTESIAN_POINT('Ctrl Pts',(14.9081847163987,10.354700691133,40.0009322978031));
#1303=CARTESIAN_POINT('Ctrl Pts',(14.8923161324595,10.4052874708889,40.024579016016));
#1304=CARTESIAN_POINT('Ctrl Pts',(14.8851094084695,10.4288252299342,40.0347049237729));
#1305=CARTESIAN_POINT('Ctrl Pts',(14.8815301632006,10.4406300307178,40.0396057693695));
#1306=CARTESIAN_POINT('Ctrl Pts',(14.8785680149197,10.4504944329982,40.0435523555538));
#1307=CARTESIAN_POINT('Ctrl Pts',(14.8762109821657,10.45840139333,40.0466254169682));
#1308=CARTESIAN_POINT('Ctrl Pts',(14.8750365826814,10.4623594368441,40.0481336796522));
#1309=CARTESIAN_POINT('Ctrl Pts',(14.8390015570228,10.5841776434894,40.0940703646489));
#1310=CARTESIAN_POINT('Ctrl Pts',(14.7893007159093,10.7734912223979,40.1225011119204));
#1311=CARTESIAN_POINT('Ctrl Pts',(14.7638912130705,10.9738613853398,40.0223060973869));
#1312=CARTESIAN_POINT('Ctrl Pts',(14.7681064152575,11.0731646853312,39.9121814106098));
#1313=CARTESIAN_POINT('Ctrl Pts',(14.7811715267832,11.1380575741429,39.8066418375295));
#1314=CARTESIAN_POINT('Ctrl Pts',(14.7997540676967,11.1944091620638,39.692010137032));
#1315=CARTESIAN_POINT('Ctrl Pts',(14.8429000409201,11.2710023228161,39.4796506795175));
#1316=CARTESIAN_POINT('Ctrl Pts',(14.8889927445466,11.3064458940587,39.28381912262));
#1317=CARTESIAN_POINT('Ctrl Pts',(14.9522686760239,11.3235801181616,39.0051352547206));
#1318=CARTESIAN_POINT('Ctrl Pts',(14.9844815575418,11.3098173280257,38.8504413886327));
#1319=CARTESIAN_POINT('Ctrl Pts',(15.0152542243213,11.2696229558709,38.705178317004));
#1320=CARTESIAN_POINT('Ctrl Pts',(15.0853349856877,11.3119925927872,38.6952363757376));
#1321=CARTESIAN_POINT('Ctrl Pts',(15.1168804215758,11.2592048783881,38.4942612904473));
#1322=CARTESIAN_POINT('Ctrl Pts',(15.1862270093916,11.0461199163053,38.1148945440614));
#1323=CARTESIAN_POINT('Ctrl Pts',(15.271275937375,10.6620733619858,37.9127480045412));
#1324=CARTESIAN_POINT('Ctrl Pts',(15.3478939923485,10.2758811753096,37.8633423836747));
#1325=CARTESIAN_POINT('Ctrl Pts',(15.3933478460904,10.019211612115,37.9199613475958));
#1326=CARTESIAN_POINT('Ctrl Pts',(15.4272839340165,9.77538510084679,38.1151792398134));
#1327=CARTESIAN_POINT('Ctrl Pts',(15.4395042262391,9.6593807746934,38.2622461483013));
#1328=CARTESIAN_POINT('Ctrl Pts',(15.4437755986484,9.55202746575571,38.4862484648217));
#1329=CARTESIAN_POINT('Ctrl Pts',(15.4326338206069,9.52763908347226,38.6736395490239));
#1330=CARTESIAN_POINT('Ctrl Pts',(15.4033579770547,9.54310545034345,38.9294920053937));
#1331=CARTESIAN_POINT('Ctrl Pts',(15.3691585736251,9.59673302430155,39.1273353525182));
#1332=CARTESIAN_POINT('Ctrl Pts',(15.3036376674368,9.72961860052229,39.3633061173987));
#1333=CARTESIAN_POINT('Ctrl Pts',(15.2604156091337,9.82313176352603,39.4848847032594));
#1334=CARTESIAN_POINT('Ctrl Pts',(15.2301371766775,9.8910559121119,39.5598650263053));
#1335=CARTESIAN_POINT('Ctrl Pts',(15.2094471724878,9.93817029943552,39.608744582813));
#1336=CARTESIAN_POINT('Ctrl Pts',(15.1723439750074,10.024638267599,39.6905331970975));
#1337=CARTESIAN_POINT('Ctrl Pts',(15.1178589221319,10.1588489593296,39.7960039299497));
#1338=CARTESIAN_POINT('Ctrl Pts',(15.0651177800318,10.3018511424942,39.8813378903037));
#1339=CARTESIAN_POINT('Ctrl Pts',(15.0297551226124,10.4057035937248,39.928527108));
#1340=CARTESIAN_POINT('Ctrl Pts',(15.0139191028378,10.4541957501809,39.9469247500849));
#1341=CARTESIAN_POINT('Ctrl Pts',(15.0067431054966,10.4765664496947,39.954701812506));
#1342=CARTESIAN_POINT('Ctrl Pts',(15.0031827663502,10.4877470070709,39.9584441126961));
#1343=CARTESIAN_POINT('Ctrl Pts',(15.0002398306339,10.4970564356021,39.9614392264096));
#1344=CARTESIAN_POINT('Ctrl Pts',(14.9979003450363,10.5044992678975,39.9637604463839));
#1345=CARTESIAN_POINT('Ctrl Pts',(14.9967356634084,10.5082171483932,39.9648954397666));
#1346=CARTESIAN_POINT('Ctrl Pts',(14.9609971166658,10.622660416456,39.9994529224234));
#1347=CARTESIAN_POINT('Ctrl Pts',(14.9138491262367,10.7851694105693,40.0125948447465));
#1348=CARTESIAN_POINT('Ctrl Pts',(14.8988914717029,10.9459968697131,39.9409438261718));
#1349=CARTESIAN_POINT('Ctrl Pts',(14.9060538607639,11.0419179886643,39.8579322206259));
#1350=CARTESIAN_POINT('Ctrl Pts',(14.9180055603134,11.1124630274701,39.7704985124396));
#1351=CARTESIAN_POINT('Ctrl Pts',(14.9332129253829,11.178422875372,39.6714071707245));
#1352=CARTESIAN_POINT('Ctrl Pts',(14.9651876944971,11.276734699615,39.4774457124476));
#1353=CARTESIAN_POINT('Ctrl Pts',(14.9961565496179,11.328723576553,39.2847298155976));
#1354=CARTESIAN_POINT('Ctrl Pts',(15.0392177277536,11.3614465470245,39.0042285700211));
#1355=CARTESIAN_POINT('Ctrl Pts',(15.0618175163459,11.3513464143483,38.8450655118308));
#1356=CARTESIAN_POINT('Ctrl Pts',(15.0853349856877,11.3119925927872,38.6952363757377));
#1357=CARTESIAN_POINT('Ctrl Pts',(15.1565428334056,11.4087959698558,38.6659386579561));
#1358=CARTESIAN_POINT('Ctrl Pts',(15.1766283306987,11.3473840942579,38.4525541232955));
#1359=CARTESIAN_POINT('Ctrl Pts',(15.2339248758308,11.1112112785965,38.0524929013918));
#1360=CARTESIAN_POINT('Ctrl Pts',(15.3177911592635,10.6965209181522,37.8396549100249));
#1361=CARTESIAN_POINT('Ctrl Pts',(15.3971172882478,10.2775503264143,37.7883135325167));
#1362=CARTESIAN_POINT('Ctrl Pts',(15.4465639641037,9.99935025572456,37.8490204905018));
#1363=CARTESIAN_POINT('Ctrl Pts',(15.4895478708507,9.73271881945059,38.0587944773368));
#1364=CARTESIAN_POINT('Ctrl Pts',(15.5085459378907,9.60497919151305,38.2172876656583));
#1365=CARTESIAN_POINT('Ctrl Pts',(15.523659499445,9.48558439950344,38.4594728284875));
#1366=CARTESIAN_POINT('Ctrl Pts',(15.5229767596413,9.45718233207209,38.6631378262646));
#1367=CARTESIAN_POINT('Ctrl Pts',(15.5107123146294,9.47321061833829,38.9415543878907));
#1368=CARTESIAN_POINT('Ctrl Pts',(15.4916988199719,9.53262426637204,39.1564652544226));
#1369=CARTESIAN_POINT('Ctrl Pts',(15.4499782166491,9.68246406428617,39.4074472948975));
#1370=CARTESIAN_POINT('Ctrl Pts',(15.4210956108151,9.7881908117527,39.5336239953489));
#1371=CARTESIAN_POINT('Ctrl Pts',(15.4002770051155,9.86480340365686,39.609866080899));
#1372=CARTESIAN_POINT('Ctrl Pts',(15.3858940365101,9.91786428608108,39.6591327634993));
#1373=CARTESIAN_POINT('Ctrl Pts',(15.3596736025009,10.0149780906017,39.7403996755392));
#1374=CARTESIAN_POINT('Ctrl Pts',(15.3197772508352,10.1644453258187,39.8418924965004));
#1375=CARTESIAN_POINT('Ctrl Pts',(15.2791150449826,10.320965400364,39.9203623682228));
#1376=CARTESIAN_POINT('Ctrl Pts',(15.2507971339038,10.4329650608692,39.9620877965503));
#1377=CARTESIAN_POINT('Ctrl Pts',(15.2378726440512,10.4848764987941,39.977909428101));
#1378=CARTESIAN_POINT('Ctrl Pts',(15.2319693541522,10.5087518173019,39.9845033208981));
#1379=CARTESIAN_POINT('Ctrl Pts',(15.2290309713888,10.5206699186045,39.9876556534923));
#1380=CARTESIAN_POINT('Ctrl Pts',(15.2265943595565,10.5305813332911,39.990161036985));
#1381=CARTESIAN_POINT('Ctrl Pts',(15.2246525175836,10.5384984789444,39.9920919747712));
#1382=CARTESIAN_POINT('Ctrl Pts',(15.2236844186892,10.5424506089659,39.9930322853826));
#1383=CARTESIAN_POINT('Ctrl Pts',(15.1939322655603,10.6641005732206,40.0216206669425));
#1384=CARTESIAN_POINT('Ctrl Pts',(15.1534795155881,10.8323957901693,40.0260914995485));
#1385=CARTESIAN_POINT('Ctrl Pts',(15.128781540303,11.0027375979764,39.9605514632774));
#1386=CARTESIAN_POINT('Ctrl Pts',(15.1203235056563,11.1107199506373,39.8830140594463));
#1387=CARTESIAN_POINT('Ctrl Pts',(15.1163372199378,11.1917203206383,39.7973209139293));
#1388=CARTESIAN_POINT('Ctrl Pts',(15.1139489701124,11.2679176210447,39.6981060888374));
#1389=CARTESIAN_POINT('Ctrl Pts',(15.1134738075619,11.3811606969647,39.4987403776951));
#1390=CARTESIAN_POINT('Ctrl Pts',(15.1183634802185,11.4376624395814,39.2941187053298));
#1391=CARTESIAN_POINT('Ctrl Pts',(15.1309838871686,11.4694536046402,38.9948953960936));
#1392=CARTESIAN_POINT('Ctrl Pts',(15.1415688743048,11.4545791984257,38.8250191750145));
#1393=CARTESIAN_POINT('Ctrl Pts',(15.1565428334056,11.4087959698558,38.6659386579561));
#1394=CARTESIAN_POINT('Ctrl Pts',(15.1780794488283,11.5041386223179,38.6334847841828));
#1395=CARTESIAN_POINT('Ctrl Pts',(15.1942877138095,11.4301522233893,38.4081160610121));
#1396=CARTESIAN_POINT('Ctrl Pts',(15.2491689526523,11.1684661817009,37.9904149895447));
#1397=CARTESIAN_POINT('Ctrl Pts',(15.3356058910142,10.7244757255502,37.7689824839445));
#1398=CARTESIAN_POINT('Ctrl Pts',(15.4191610845816,10.2745178880442,37.7165686757887));
#1399=CARTESIAN_POINT('Ctrl Pts',(15.4721975564563,9.97611697844363,37.7810020269242));
#1400=CARTESIAN_POINT('Ctrl Pts',(15.5213388095513,9.68639050185165,38.0037826444666));
#1401=CARTESIAN_POINT('Ctrl Pts',(15.544596152123,9.54588146539381,38.1726286046016));
#1402=CARTESIAN_POINT('Ctrl Pts',(15.5661846882058,9.41163106501998,38.4317623064376));
#1403=CARTESIAN_POINT('Ctrl Pts',(15.5714232648787,9.37511129164327,38.651530424944));
#1404=CARTESIAN_POINT('Ctrl Pts',(15.5687407011778,9.38385476029148,38.954606478813));
#1405=CARTESIAN_POINT('Ctrl Pts',(15.5581975321919,9.44118901019348,39.190234833447));
#1406=CARTESIAN_POINT('Ctrl Pts',(15.5303875360597,9.59541141179426,39.4683647344516));
#1407=CARTESIAN_POINT('Ctrl Pts',(15.5102579264407,9.70615326719006,39.6091720946024));
#1408=CARTESIAN_POINT('Ctrl Pts',(15.4954179486375,9.7871272588959,39.6946110447892));
#1409=CARTESIAN_POINT('Ctrl Pts',(15.4850729628368,9.84339395389932,39.7499150803011));
#1410=CARTESIAN_POINT('Ctrl Pts',(15.4659546310317,9.94687558776021,39.841393075845));
#1411=CARTESIAN_POINT('Ctrl Pts',(15.4359398374955,10.1077303078136,39.9563484031647));
#1412=CARTESIAN_POINT('Ctrl Pts',(15.4035647092353,10.2789458949916,40.0464489477849));
#1413=CARTESIAN_POINT('Ctrl Pts',(15.3797282185519,10.4037942792537,40.0953647389531));
#1414=CARTESIAN_POINT('Ctrl Pts',(15.3684870088626,10.4623940192723,40.1142196126223));
#1415=CARTESIAN_POINT('Ctrl Pts',(15.3632764887358,10.4895051158164,40.1221451011446));
#1416=CARTESIAN_POINT('Ctrl Pts',(15.3606671535747,10.503071675612,40.1259486492965));
#1417=CARTESIAN_POINT('Ctrl Pts',(15.3584899318727,10.5143831159918,40.128984302293));
#1418=CARTESIAN_POINT('Ctrl Pts',(15.3567465696166,10.5234356174891,40.1313312504673));
#1419=CARTESIAN_POINT('Ctrl Pts',(15.3558745587894,10.5279617481953,40.1324773271383));
#1420=CARTESIAN_POINT('Ctrl Pts',(15.3290392080583,10.6672437344787,40.1673014763708));
#1421=CARTESIAN_POINT('Ctrl Pts',(15.2883696116968,10.8750523261138,40.1800311116691));
#1422=CARTESIAN_POINT('Ctrl Pts',(15.2438969236805,11.1076133881437,40.0865437516455));
#1423=CARTESIAN_POINT('Ctrl Pts',(15.2197953067555,11.2370038274284,39.9827042988555));
#1424=CARTESIAN_POINT('Ctrl Pts',(15.2032726912254,11.3268656793796,39.8774625258545));
#1425=CARTESIAN_POINT('Ctrl Pts',(15.1886296354669,11.4073609612716,39.7595629869714));
#1426=CARTESIAN_POINT('Ctrl Pts',(15.1685999424948,11.5194502927939,39.5315070977138));
#1427=CARTESIAN_POINT('Ctrl Pts',(15.1609002682818,11.5669411436541,39.306731070298));
#1428=CARTESIAN_POINT('Ctrl Pts',(15.1599354853582,11.5836309746398,38.9823598256806));
#1429=CARTESIAN_POINT('Ctrl Pts',(15.1659960090517,11.5592962963057,38.8014996455588));
#1430=CARTESIAN_POINT('Ctrl Pts',(15.1780794488283,11.5041386223179,38.6334847841828));
#1431=CARTESIAN_POINT('Ctrl Pts',(15.1724917553093,11.5610836733759,38.6127349928394));
#1432=CARTESIAN_POINT('Ctrl Pts',(15.1894537704164,11.4791462277982,38.3799263378997));
#1433=CARTESIAN_POINT('Ctrl Pts',(15.2466347024348,11.2017357330058,37.9515987696875));
#1434=CARTESIAN_POINT('Ctrl Pts',(15.3362321263072,10.7398465237962,37.7250639151578));
#1435=CARTESIAN_POINT('Ctrl Pts',(15.4231384308616,10.2708792046881,37.6720978203895));
#1436=CARTESIAN_POINT('Ctrl Pts',(15.4783573733549,9.96003900440424,37.7388205976173));
#1437=CARTESIAN_POINT('Ctrl Pts',(15.5301907196844,9.65572723489127,37.9695375457451));
#1438=CARTESIAN_POINT('Ctrl Pts',(15.5550688560467,9.50699002418927,38.1447227104616));
#1439=CARTESIAN_POINT('Ctrl Pts',(15.5787904309808,9.36286845385139,38.4143005060754));
#1440=CARTESIAN_POINT('Ctrl Pts',(15.5856507157357,9.3204828538574,38.6441277409679));
#1441=CARTESIAN_POINT('Ctrl Pts',(15.5852224306693,9.32314586090807,38.962926008674));
#1442=CARTESIAN_POINT('Ctrl Pts',(15.5764320225433,9.37764857319363,39.2120229683922));
#1443=CARTESIAN_POINT('Ctrl Pts',(15.5509451499804,9.53191340759142,39.5088683650319));
#1444=CARTESIAN_POINT('Ctrl Pts',(15.5321183269489,9.64409556380429,39.6603002044545));
#1445=CARTESIAN_POINT('Ctrl Pts',(15.5180814128703,9.72667180283912,39.7526802710974));
#1446=CARTESIAN_POINT('Ctrl Pts',(15.5082555489419,9.78419591853115,39.812613651159));
#1447=CARTESIAN_POINT('Ctrl Pts',(15.4899843281219,9.89038673353208,39.9121179883974));
#1448=CARTESIAN_POINT('Ctrl Pts',(15.4609043748819,10.0567763221931,40.038224418973));
#1449=CARTESIAN_POINT('Ctrl Pts',(15.428789758314,10.2363357651793,40.138595996194));
#1450=CARTESIAN_POINT('Ctrl Pts',(15.404567987774,10.3692583931945,40.194104879813));
#1451=CARTESIAN_POINT('Ctrl Pts',(15.3929812311167,10.4322448129293,40.2157954550922));
#1452=CARTESIAN_POINT('Ctrl Pts',(15.3875760770769,10.4615123494202,40.2249763165979));
#1453=CARTESIAN_POINT('Ctrl Pts',(15.3848622174124,10.4761841915795,40.2293960589005));
#1454=CARTESIAN_POINT('Ctrl Pts',(15.3825917052477,10.4884400036315,40.2329353252456));
#1455=CARTESIAN_POINT('Ctrl Pts',(15.3807700120731,10.498261598922,40.2356785647939));
#1456=CARTESIAN_POINT('Ctrl Pts',(15.3798574434678,10.5031778367273,40.2370209958202));
#1457=CARTESIAN_POINT('Ctrl Pts',(15.3517678203551,10.6544431589911,40.2778074258168));
#1458=CARTESIAN_POINT('Ctrl Pts',(15.3066540779963,10.8914679314287,40.2986278075252));
#1459=CARTESIAN_POINT('Ctrl Pts',(15.2515025347191,11.1715459268042,40.1820328988484));
#1460=CARTESIAN_POINT('Ctrl Pts',(15.2224400245427,11.3163799751337,40.0565528112129));
#1461=CARTESIAN_POINT('Ctrl Pts',(15.2030134759918,11.412167588276,39.9356889962966));
#1462=CARTESIAN_POINT('Ctrl Pts',(15.1860735004027,11.4951359174948,39.8031870991973));
#1463=CARTESIAN_POINT('Ctrl Pts',(15.163362257476,11.6053621231941,39.553644232195));
#1464=CARTESIAN_POINT('Ctrl Pts',(15.1547918111778,11.6462417928336,39.3150807820787));
#1465=CARTESIAN_POINT('Ctrl Pts',(15.1534658836227,11.6526185560319,38.9740650513948));
#1466=CARTESIAN_POINT('Ctrl Pts',(15.1598463865253,11.6221689400737,38.7862964051618));
#1467=CARTESIAN_POINT('Ctrl Pts',(15.1724917553093,11.5610836733759,38.6127349928394));
#1468=CARTESIAN_POINT('Ctrl Pts',(15.1686419656344,11.579651624728,38.6058190066208));
#1469=CARTESIAN_POINT('Ctrl Pts',(15.186165803103,11.4951322641665,38.3705302633282));
#1470=CARTESIAN_POINT('Ctrl Pts',(15.244489135868,11.2125663619514,37.9386610542093));
#1471=CARTESIAN_POINT('Ctrl Pts',(15.3352956745422,10.7447512270755,37.7104259059327));
#1472=CARTESIAN_POINT('Ctrl Pts',(15.423376342065,10.2694683055975,37.6572772261806));
#1473=CARTESIAN_POINT('Ctrl Pts',(15.4793016705461,9.95448387229605,37.7247644997897));
#1474=CARTESIAN_POINT('Ctrl Pts',(15.5319119226839,9.64529646481747,37.9581268554009));
#1475=CARTESIAN_POINT('Ctrl Pts',(15.5572135307638,9.49380047146198,38.1354256000399));
#1476=CARTESIAN_POINT('Ctrl Pts',(15.5814418568361,9.34635874439972,38.4084848132097));
#1477=CARTESIAN_POINT('Ctrl Pts',(15.5886002245362,9.30197975015015,38.6416665153664));
#1478=CARTESIAN_POINT('Ctrl Pts',(15.5885124933204,9.30254969385166,38.9657061688748));
#1479=CARTESIAN_POINT('Ctrl Pts',(15.5799003777587,9.35604101732328,39.2192944491866));
#1480=CARTESIAN_POINT('Ctrl Pts',(15.5545160433851,9.5102044189148,39.5223756644111));
#1481=CARTESIAN_POINT('Ctrl Pts',(15.5356809700005,9.62278836552041,39.6773461427367));
#1482=CARTESIAN_POINT('Ctrl Pts',(15.5216101988218,9.70584437412976,39.7720360602161));
#1483=CARTESIAN_POINT('Ctrl Pts',(15.5117523867969,9.76375038442224,39.8335095220667));
#1484=CARTESIAN_POINT('Ctrl Pts',(15.4933983726893,9.87077692870693,39.935682800701));
#1485=CARTESIAN_POINT('Ctrl Pts',(15.4641084624015,10.0389116366462,40.0654925370576));
#1486=CARTESIAN_POINT('Ctrl Pts',(15.4316070878893,10.221153263467,40.1692684077352));
#1487=CARTESIAN_POINT('Ctrl Pts',(15.4069691077854,10.3566994646684,40.22695851733));
#1488=CARTESIAN_POINT('Ctrl Pts',(15.3951454267143,10.4211169557583,40.249586433545));
#1489=CARTESIAN_POINT('Ctrl Pts',(15.3896218241299,10.4510890339981,40.2591820848846));
#1490=CARTESIAN_POINT('Ctrl Pts',(15.3868468494778,10.4661221860967,40.2638053927802));
#1491=CARTESIAN_POINT('Ctrl Pts',(15.384523772084,10.4786868701165,40.267511006938));
#1492=CARTESIAN_POINT('Ctrl Pts',(15.3826590714646,10.488760109354,40.2703851275312));
#1493=CARTESIAN_POINT('Ctrl Pts',(15.3817246030548,10.4938040175885,40.2717924040235));
#1494=CARTESIAN_POINT('Ctrl Pts',(15.3529629148825,10.6489920072713,40.3145475621898));
#1495=CARTESIAN_POINT('Ctrl Pts',(15.3060971810979,10.8956378281749,40.338032747663));
#1496=CARTESIAN_POINT('Ctrl Pts',(15.2477026712451,11.1915309195458,40.2137809276501));
#1497=CARTESIAN_POINT('Ctrl Pts',(15.2174686099013,11.3415966822474,40.0811245275708));
#1498=CARTESIAN_POINT('Ctrl Pts',(15.1975304667738,11.4394526072929,39.9550742501514));
#1499=CARTESIAN_POINT('Ctrl Pts',(15.180318331099,11.5233506709304,39.817720209121));
#1500=CARTESIAN_POINT('Ctrl Pts',(15.1575767532945,11.6331443612285,39.5610291190835));
#1501=CARTESIAN_POINT('Ctrl Pts',(15.1494183250143,11.6719701490867,39.3178672486226));
#1502=CARTESIAN_POINT('Ctrl Pts',(15.148761759294,11.6750791814477,38.9713027938372));
#1503=CARTESIAN_POINT('Ctrl Pts',(15.1555777521018,11.6426617374381,38.7812293520824));
#1504=CARTESIAN_POINT('Ctrl Pts',(15.1686419656344,11.579651624728,38.6058190066208));
#1505=CARTESIAN_POINT('',(14.9779560073887,11.2548179198942,38.7077046713422));
#1506=CARTESIAN_POINT('Ctrl Pts',(15.1686419656344,11.579651624728,38.6058190066208));
#1507=CARTESIAN_POINT('Ctrl Pts',(15.1724917553093,11.5610836733759,38.6127349928394));
#1508=CARTESIAN_POINT('Ctrl Pts',(15.1780794488283,11.5041386223179,38.6334847841828));
#1509=CARTESIAN_POINT('Ctrl Pts',(15.1565428334056,11.4087959698558,38.6659386579561));
#1510=CARTESIAN_POINT('Ctrl Pts',(15.0853863056593,11.3120623596279,38.6952152606766));
#1511=CARTESIAN_POINT('Ctrl Pts',(15.0154056664943,11.2697145570989,38.7051568178519));
#1512=CARTESIAN_POINT('Ctrl Pts',(14.9775792893455,11.2557824719302,38.707331428607));
#1513=CARTESIAN_POINT('',(15.3006389349289,9.55208024329993,38.7952924814844));
#1514=CARTESIAN_POINT('Ctrl Pts',(14.9779560073887,11.2548179198942,38.7077046713422));
#1515=CARTESIAN_POINT('Ctrl Pts',(14.9879090592345,11.2425876588743,38.6660415616087));
#1516=CARTESIAN_POINT('Ctrl Pts',(14.9977428639197,11.2283197739711,38.6249412882481));
#1517=CARTESIAN_POINT('Ctrl Pts',(15.0074958376374,11.2119768011078,38.5846895570185));
#1518=CARTESIAN_POINT('Ctrl Pts',(15.017429711217,11.1953306959262,38.5436912296399));
#1519=CARTESIAN_POINT('Ctrl Pts',(15.0272797392774,11.1765317309816,38.5035735228942));
#1520=CARTESIAN_POINT('Ctrl Pts',(15.0370891024742,11.1555764560175,38.4646793257844));
#1521=CARTESIAN_POINT('Ctrl Pts',(15.0472223829929,11.1339292119203,38.4245007941144));
#1522=CARTESIAN_POINT('Ctrl Pts',(15.0573122905878,11.1099807706305,38.3856282492271));
#1523=CARTESIAN_POINT('Ctrl Pts',(15.0674089203034,11.0837672900511,38.3484781690216));
#1524=CARTESIAN_POINT('Ctrl Pts',(15.0698719306926,11.0773726735482,38.3394156366636));
#1525=CARTESIAN_POINT('Ctrl Pts',(15.0723353513644,11.0708434532945,38.330455765484));
#1526=CARTESIAN_POINT('Ctrl Pts',(15.0747999280194,11.0641805098377,38.3216048938976));
#1527=CARTESIAN_POINT('Ctrl Pts',(15.0846138861018,11.037648631571,38.2863606735302));
#1528=CARTESIAN_POINT('Ctrl Pts',(15.0944457554173,11.0089921394542,38.2528451847674));
#1529=CARTESIAN_POINT('Ctrl Pts',(15.1043174214675,10.9784555996222,38.2213240150009));
#1530=CARTESIAN_POINT('Ctrl Pts',(15.1068935406962,10.9704867555552,38.213098220983));
#1531=CARTESIAN_POINT('Ctrl Pts',(15.1094723965626,10.9623901550333,38.2050082210444));
#1532=CARTESIAN_POINT('Ctrl Pts',(15.1120544321323,10.9541707136272,38.1970586813983));
#1533=CARTESIAN_POINT('Ctrl Pts',(15.1223828672306,10.9212920158654,38.1652596212847));
#1534=CARTESIAN_POINT('Ctrl Pts',(15.132731172889,10.8864004556747,38.1356994060322));
#1535=CARTESIAN_POINT('Ctrl Pts',(15.1430276964092,10.8498065869017,38.1087453399535));
#1536=CARTESIAN_POINT('Ctrl Pts',(15.1535743911131,10.8123236091547,38.0811363799585));
#1537=CARTESIAN_POINT('Ctrl Pts',(15.1640665950996,10.7730546553788,38.0562619618322));
#1538=CARTESIAN_POINT('Ctrl Pts',(15.1744276528356,10.7323882655555,38.0345135113831));
#1539=CARTESIAN_POINT('Ctrl Pts',(15.184965703903,10.6910271899198,38.0123935418482));
#1540=CARTESIAN_POINT('Ctrl Pts',(15.1953678975868,10.648220732411,37.993507458575));
#1541=CARTESIAN_POINT('Ctrl Pts',(15.2055566525754,10.604431591211,37.9782604867828));
#1542=CARTESIAN_POINT('Ctrl Pts',(15.2160364360667,10.5593916702826,37.9625780051197));
#1543=CARTESIAN_POINT('Ctrl Pts',(15.226290167658,10.5133123377643,37.9507457274027));
#1544=CARTESIAN_POINT('Ctrl Pts',(15.2362400284477,10.4667505789484,37.9431942757055));
#1545=CARTESIAN_POINT('Ctrl Pts',(15.2379952777282,10.4585366455689,37.9418621284083));
#1546=CARTESIAN_POINT('Ctrl Pts',(15.2397410922009,10.4503078245892,37.9406631713225));
#1547=CARTESIAN_POINT('Ctrl Pts',(15.2414770744646,10.4420673310696,37.9395997281674));
#1548=CARTESIAN_POINT('Ctrl Pts',(15.2415534895525,10.4417045980798,37.9395529171464));
#1549=CARTESIAN_POINT('Ctrl Pts',(15.2416298841132,10.4413418355454,37.9395063695777));
#1550=CARTESIAN_POINT('Ctrl Pts',(15.2417062580879,10.4409790437824,37.9394600857016));
#1551=CARTESIAN_POINT('Ctrl Pts',(15.2497066713377,10.402975469385,37.9346117045919));
#1552=CARTESIAN_POINT('Ctrl Pts',(15.2574823142001,10.3646690193345,37.9326722946561));
#1553=CARTESIAN_POINT('Ctrl Pts',(15.2649381313729,10.3264420720358,37.9336110684458));
#1554=CARTESIAN_POINT('Ctrl Pts',(15.2727452342209,10.2864140372536,37.9345940731731));
#1555=CARTESIAN_POINT('Ctrl Pts',(15.2802014680083,10.2464738725225,37.9387329621632));
#1556=CARTESIAN_POINT('Ctrl Pts',(15.2872056176691,10.2070794402816,37.9459386283681));
#1557=CARTESIAN_POINT('Ctrl Pts',(15.2943655506349,10.1668088139062,37.9533045599228));
#1558=CARTESIAN_POINT('Ctrl Pts',(15.3010529058825,10.1271094647213,37.9638749986425));
#1559=CARTESIAN_POINT('Ctrl Pts',(15.3071703774251,10.0884764503826,37.9775010079739));
#1560=CARTESIAN_POINT('Ctrl Pts',(15.3133577995911,10.0494016843467,37.9912828247889));
#1561=CARTESIAN_POINT('Ctrl Pts',(15.3189621076017,10.0114189193735,38.0081901137898));
#1562=CARTESIAN_POINT('Ctrl Pts',(15.323895691718,9.9750300443668,38.0280189822953));
#1563=CARTESIAN_POINT('Ctrl Pts',(15.3255497557568,9.96283008422802,38.0346669318491));
#1564=CARTESIAN_POINT('Ctrl Pts',(15.3271285437913,9.9508091209563,38.0416428925027));
#1565=CARTESIAN_POINT('Ctrl Pts',(15.3286291126287,9.93898546326563,38.0489380675616));
#1566=CARTESIAN_POINT('Ctrl Pts',(15.3327734818589,9.90633011157442,38.0690863595224));
#1567=CARTESIAN_POINT('Ctrl Pts',(15.3362957042584,9.87514447174327,38.0917122115304));
#1568=CARTESIAN_POINT('Ctrl Pts',(15.339179476001,9.84582323291783,38.1165859916065));
#1569=CARTESIAN_POINT('Ctrl Pts',(15.3403191647207,9.83423525435338,38.126416300348));
#1570=CARTESIAN_POINT('Ctrl Pts',(15.3413592358586,9.82293809467561,38.1365973129954));
#1571=CARTESIAN_POINT('Ctrl Pts',(15.3422990774801,9.81195441891669,38.1471133860687));
#1572=CARTESIAN_POINT('Ctrl Pts',(15.3425969132405,9.80847369264697,38.150445929072));
#1573=CARTESIAN_POINT('Ctrl Pts',(15.3428846850425,9.80502443972862,38.1538121148123));
#1574=CARTESIAN_POINT('Ctrl Pts',(15.3431623435393,9.80160701116411,38.1572111181327));
#1575=CARTESIAN_POINT('Ctrl Pts',(15.3452309807784,9.77614616602208,38.1825346898018));
#1576=CARTESIAN_POINT('Ctrl Pts',(15.3467259046007,9.7524704998997,38.2096726896242));
#1577=CARTESIAN_POINT('Ctrl Pts',(15.3475883269556,9.73071743921277,38.2382655132006));
#1578=CARTESIAN_POINT('Ctrl Pts',(15.3481312107517,9.71702416689147,38.2562643284157));
#1579=CARTESIAN_POINT('Ctrl Pts',(15.3484236420123,9.7040918161635,38.2748391241927));
#1580=CARTESIAN_POINT('Ctrl Pts',(15.3484527994776,9.69194456345208,38.2938975528275));
#1581=CARTESIAN_POINT('Ctrl Pts',(15.3485068690683,9.66941870346976,38.3292394943439));
#1582=CARTESIAN_POINT('Ctrl Pts',(15.3476526043167,9.64958666963477,38.3662484384289));
#1583=CARTESIAN_POINT('Ctrl Pts',(15.3458577737384,9.63247342775265,38.4044972948403));
#1584=CARTESIAN_POINT('Ctrl Pts',(15.3451471631189,9.62569794066054,38.4196408097096));
#1585=CARTESIAN_POINT('Ctrl Pts',(15.3442893088672,9.61934851720885,38.4349792223729));
#1586=CARTESIAN_POINT('Ctrl Pts',(15.3432829382666,9.61342628259662,38.4504881000707));
#1587=CARTESIAN_POINT('Ctrl Pts',(15.3408603749244,9.5991701144735,38.4878215024665));
#1588=CARTESIAN_POINT('Ctrl Pts',(15.3375952365196,9.58736988716969,38.5261878397852));
#1589=CARTESIAN_POINT('Ctrl Pts',(15.3334975957734,9.57806810098403,38.5651905453429));
#1590=CARTESIAN_POINT('Ctrl Pts',(15.329549550745,9.56910590225052,38.6027693491743));
#1591=CARTESIAN_POINT('Ctrl Pts',(15.3248288219716,9.56246292771313,38.640938483674));
#1592=CARTESIAN_POINT('Ctrl Pts',(15.3193506726584,9.55813830946829,38.6793695523381));
#1593=CARTESIAN_POINT('Ctrl Pts',(15.3138725233452,9.55381369122345,38.7178006210022));
#1594=CARTESIAN_POINT('Ctrl Pts',(15.3076370487376,9.55180750916196,38.7564931155809));
#1595=CARTESIAN_POINT('Ctrl Pts',(15.3006641854259,9.55207923968249,38.7951525227517));
#1596=CARTESIAN_POINT('',(14.8688950219333,11.3121215422578,39.1555226403632));
#1597=CARTESIAN_POINT('Ctrl Pts',(15.3006136844318,9.55208124691738,38.795432440217));
#1598=CARTESIAN_POINT('Ctrl Pts',(15.2934885735131,9.55236997430841,38.8349151267981));
#1599=CARTESIAN_POINT('Ctrl Pts',(15.2856073879378,9.55502603634007,38.8744867126944));
#1600=CARTESIAN_POINT('Ctrl Pts',(15.2770321327908,9.55979809405578,38.9139792717629));
#1601=CARTESIAN_POINT('Ctrl Pts',(15.2682089890834,9.5647080996806,38.954613459092));
#1602=CARTESIAN_POINT('Ctrl Pts',(15.2586510982505,9.57185836744959,38.9951642399411));
#1603=CARTESIAN_POINT('Ctrl Pts',(15.2484272329938,9.58101212131425,39.035490670179));
#1604=CARTESIAN_POINT('Ctrl Pts',(15.2377716581836,9.59055239856259,39.0775199109246));
#1605=CARTESIAN_POINT('Ctrl Pts',(15.2263927638269,9.60226905431944,39.1193056258723));
#1606=CARTESIAN_POINT('Ctrl Pts',(15.2143688681707,9.61593153601109,39.1607299522664));
#1607=CARTESIAN_POINT('Ctrl Pts',(15.212540607613,9.61800894728535,39.1670286148829));
#1608=CARTESIAN_POINT('Ctrl Pts',(15.2106974338846,9.62013141146218,39.1733189948321));
#1609=CARTESIAN_POINT('Ctrl Pts',(15.2088396208156,9.6222981868378,39.1796007539256));
#1610=CARTESIAN_POINT('Ctrl Pts',(15.1981653910591,9.6347475869289,39.2156931579239));
#1611=CARTESIAN_POINT('Ctrl Pts',(15.1870221124595,9.64865672318152,39.2514966264171));
#1612=CARTESIAN_POINT('Ctrl Pts',(15.1755074925194,9.66395251081478,39.2870035705533));
#1613=CARTESIAN_POINT('Ctrl Pts',(15.1669614081031,9.67530495605473,39.3133566194194));
#1614=CARTESIAN_POINT('Ctrl Pts',(15.1582106210826,9.68742246213307,39.3395464026504));
#1615=CARTESIAN_POINT('Ctrl Pts',(15.1492913292401,9.70029277872381,39.3655657778038));
#1616=CARTESIAN_POINT('Ctrl Pts',(15.1355769386095,9.72008230376489,39.4055734242764));
#1617=CARTESIAN_POINT('Ctrl Pts',(15.1214566012648,9.74164672865312,39.4451728906505));
#1618=CARTESIAN_POINT('Ctrl Pts',(15.1071680352123,9.76484992120198,39.4840662293826));
#1619=CARTESIAN_POINT('Ctrl Pts',(15.0996432945992,9.7770693422891,39.5045485006239));
#1620=CARTESIAN_POINT('Ctrl Pts',(15.0920710510036,9.78974320622418,39.5248349357762));
#1621=CARTESIAN_POINT('Ctrl Pts',(15.0844801772694,9.80285136168138,39.5448817895052));
#1622=CARTESIAN_POINT('Ctrl Pts',(15.0808759814755,9.80907519841201,39.554400164915));
#1623=CARTESIAN_POINT('Ctrl Pts',(15.0772679768023,9.81539691614514,39.5638643823286));
#1624=CARTESIAN_POINT('Ctrl Pts',(15.0736505719499,9.82182999652312,39.573291498947));
#1625=CARTESIAN_POINT('Ctrl Pts',(15.0717465605587,9.82521603121387,39.5782534366235));
#1626=CARTESIAN_POINT('Ctrl Pts',(15.069839947337,9.82863294825987,39.5832050707044));
#1627=CARTESIAN_POINT('Ctrl Pts',(15.0679300011947,9.83208260690326,39.588148946632));
#1628=CARTESIAN_POINT('Ctrl Pts',(15.0623913748489,9.84208622419043,39.6024856239113));
#1629=CARTESIAN_POINT('Ctrl Pts',(15.0568244176615,9.85236529338144,39.6167569345485));
#1630=CARTESIAN_POINT('Ctrl Pts',(15.0512541010615,9.86289088003785,39.6309164012714));
#1631=CARTESIAN_POINT('Ctrl Pts',(15.0401134678616,9.88394205335066,39.6592353347171));
#1632=CARTESIAN_POINT('Ctrl Pts',(15.0289618764228,9.90597600194201,39.6871100327624));
#1633=CARTESIAN_POINT('Ctrl Pts',(15.0178913717603,9.92901084065248,39.7144543965874));
#1634=CARTESIAN_POINT('Ctrl Pts',(15.0058248352225,9.95411816244268,39.7442589786959));
#1635=CARTESIAN_POINT('Ctrl Pts',(14.993852117488,9.98040943180694,39.7734288695257));
#1636=CARTESIAN_POINT('Ctrl Pts',(14.9820795863878,10.0078061558118,39.8017127417573));
#1637=CARTESIAN_POINT('Ctrl Pts',(14.972250581699,10.0306799563909,39.825327231319));
#1638=CARTESIAN_POINT('Ctrl Pts',(14.9625605486054,10.0543242268112,39.848323503854));
#1639=CARTESIAN_POINT('Ctrl Pts',(14.9530566376266,10.078685374101,39.8705329732299));
#1640=CARTESIAN_POINT('Ctrl Pts',(14.9431448211705,10.104092095727,39.8936956674653));
#1641=CARTESIAN_POINT('Ctrl Pts',(14.9334425366055,10.130278866031,39.9159965641458));
#1642=CARTESIAN_POINT('Ctrl Pts',(14.9239275777137,10.1572708015112,39.9373218539645));
#1643=CARTESIAN_POINT('Ctrl Pts',(14.9148292351367,10.1830808842038,39.9577134073627));
#1644=CARTESIAN_POINT('Ctrl Pts',(14.9059021721586,10.2096278006255,39.9772130007646));
#1645=CARTESIAN_POINT('Ctrl Pts',(14.8971206362062,10.2369253632719,39.9956741574864));
#1646=CARTESIAN_POINT('Ctrl Pts',(14.8957332181956,10.2412381771424,39.9985908842947));
#1647=CARTESIAN_POINT('Ctrl Pts',(14.8943494194049,10.2455696999452,40.001481588921));
#1648=CARTESIAN_POINT('Ctrl Pts',(14.8929691229696,10.2499199501453,40.0043455772628));
#1649=CARTESIAN_POINT('Ctrl Pts',(14.8833424913565,10.2802599952495,40.0243199537859));
#1650=CARTESIAN_POINT('Ctrl Pts',(14.8738780722674,10.3115175103829,40.0430100399657));
#1651=CARTESIAN_POINT('Ctrl Pts',(14.8645846239548,10.3435272479547,40.0600519925578));
#1652=CARTESIAN_POINT('Ctrl Pts',(14.8599378997985,10.3595321167406,40.0685729688538));
#1653=CARTESIAN_POINT('Ctrl Pts',(14.8553335277793,10.3757250765639,40.0766816424555));
#1654=CARTESIAN_POINT('Ctrl Pts',(14.850766645965,10.3920778932382,40.0843368389549));
#1655=CARTESIAN_POINT('Ctrl Pts',(14.8496249255114,10.3961660974068,40.0862506380797));
#1656=CARTESIAN_POINT('Ctrl Pts',(14.8484855451903,10.4002642866755,40.0881360956566));
#1657=CARTESIAN_POINT('Ctrl Pts',(14.8473485540466,10.404372146185,40.0899923780338));
#1658=CARTESIAN_POINT('Ctrl Pts',(14.8462115629029,10.4084800056945,40.0918486604109));
#1659=CARTESIAN_POINT('Ctrl Pts',(14.8450769602963,10.4125975359464,40.0936757669274));
#1660=CARTESIAN_POINT('Ctrl Pts',(14.8439446335534,10.4167242197527,40.0954730814563));
#1661=CARTESIAN_POINT('Ctrl Pts',(14.8428123068104,10.420850903559,40.0972703959852));
#1662=CARTESIAN_POINT('Ctrl Pts',(14.8416822563463,10.4249867407251,40.0990379189042));
#1663=CARTESIAN_POINT('Ctrl Pts',(14.8405544777654,10.4291313136188,40.1007748718356));
#1664=CARTESIAN_POINT('Ctrl Pts',(14.8399905884749,10.4312036000656,40.1016433483013));
#1665=CARTESIAN_POINT('Ctrl Pts',(14.839427267109,10.4332780703956,40.1025041822553));
#1666=CARTESIAN_POINT('Ctrl Pts',(14.8388644444565,10.4353547566266,40.1033573778731));
#1667=CARTESIAN_POINT('Ctrl Pts',(14.8383542068608,10.4372374160834,40.1041308586109));
#1668=CARTESIAN_POINT('Ctrl Pts',(14.8378443776115,10.4391219146326,40.1048980629902));
#1669=CARTESIAN_POINT('Ctrl Pts',(14.8373352702357,10.4410076086844,40.1056584497646));
#1670=CARTESIAN_POINT('Ctrl Pts',(14.8372828016592,10.4412019482039,40.1057368151814));
#1671=CARTESIAN_POINT('Ctrl Pts',(14.8372303408861,10.4413963014548,40.1058151084016));
#1672=CARTESIAN_POINT('Ctrl Pts',(14.8371778882495,10.4415906677359,40.1058933288861));
#1673=CARTESIAN_POINT('Ctrl Pts',(14.8297386269297,10.4691572811604,40.116987196852));
#1674=CARTESIAN_POINT('Ctrl Pts',(14.8223248621633,10.4972986477967,40.1268226310037));
#1675=CARTESIAN_POINT('Ctrl Pts',(14.8150475630867,10.5257182094151,40.1350559178929));
#1676=CARTESIAN_POINT('Ctrl Pts',(14.8069631159457,10.5572898737451,40.1442023844532));
#1677=CARTESIAN_POINT('Ctrl Pts',(14.7990457768563,10.589203732713,40.1513714988763));
#1678=CARTESIAN_POINT('Ctrl Pts',(14.7914339266537,10.6210388759034,40.156153392315));
#1679=CARTESIAN_POINT('Ctrl Pts',(14.7839424062988,10.6523707619577,40.1608596925019));
#1680=CARTESIAN_POINT('Ctrl Pts',(14.7767447914845,10.6836248070614,40.1632548853546));
#1681=CARTESIAN_POINT('Ctrl Pts',(14.7699866160441,10.7144083066741,40.1629935455917));
#1682=CARTESIAN_POINT('Ctrl Pts',(14.7639407071005,10.7419474312892,40.1627597492921));
#1683=CARTESIAN_POINT('Ctrl Pts',(14.7582456843133,10.7691093470408,40.1604008225718));
#1684=CARTESIAN_POINT('Ctrl Pts',(14.753034990284,10.7956341143549,40.1556903510104));
#1685=CARTESIAN_POINT('Ctrl Pts',(14.7509902576361,10.806042719696,40.1538419110647));
#1686=CARTESIAN_POINT('Ctrl Pts',(14.749020505612,10.816353506086,40.1516315425454));
#1687=CARTESIAN_POINT('Ctrl Pts',(14.747135565543,10.8265520629264,40.1490462181095));
#1688=CARTESIAN_POINT('Ctrl Pts',(14.7431610077291,10.8480565947932,40.1435948397832));
#1689=CARTESIAN_POINT('Ctrl Pts',(14.7395598401096,10.8690769027886,40.136467358133));
#1690=CARTESIAN_POINT('Ctrl Pts',(14.7363487023436,10.8894221167066,40.1277592545894));
#1691=CARTESIAN_POINT('Ctrl Pts',(14.7331677488941,10.9095760880124,40.1191330061924));
#1692=CARTESIAN_POINT('Ctrl Pts',(14.7303696599901,10.9290671264093,40.1089560494834));
#1693=CARTESIAN_POINT('Ctrl Pts',(14.7279951171446,10.9477420740581,40.0973518653062));
#1694=CARTESIAN_POINT('Ctrl Pts',(14.7260046095898,10.9633967186769,40.087624428164));
#1695=CARTESIAN_POINT('Ctrl Pts',(14.724312217736,10.9784783627,40.0768946698265));
#1696=CARTESIAN_POINT('Ctrl Pts',(14.7229540351043,10.9929177630007,40.0652499012476));
#1697=CARTESIAN_POINT('Ctrl Pts',(14.721378395484,11.0096690383278,40.0517407027683));
#1698=CARTESIAN_POINT('Ctrl Pts',(14.7202565544566,11.02555457261,40.0369987289615));
#1699=CARTESIAN_POINT('Ctrl Pts',(14.7195723213366,11.0405816663775,40.0212205255726));
#1700=CARTESIAN_POINT('Ctrl Pts',(14.7184850040669,11.0644612742008,39.9961473267952));
#1701=CARTESIAN_POINT('Ctrl Pts',(14.7185064219882,11.0861737265817,39.9684589319349));
#1702=CARTESIAN_POINT('Ctrl Pts',(14.7196059141155,11.1058914592019,39.9390090313083));
#1703=CARTESIAN_POINT('Ctrl Pts',(14.7198406261356,11.1101006651981,39.9327222689968));
#1704=CARTESIAN_POINT('Ctrl Pts',(14.720124301005,11.1142190423316,39.9263551860383));
#1705=CARTESIAN_POINT('Ctrl Pts',(14.7204563401501,11.1182483849941,39.9199160005061));
#1706=CARTESIAN_POINT('Ctrl Pts',(14.7216682325663,11.1329548733312,39.8964139519441));
#1707=CARTESIAN_POINT('Ctrl Pts',(14.7235370045777,11.1464676014729,39.87195310133));
#1708=CARTESIAN_POINT('Ctrl Pts',(14.7260297665625,11.1589620197629,39.8467536218916));
#1709=CARTESIAN_POINT('Ctrl Pts',(14.7264848269436,11.1612429093079,39.8421533893833));
#1710=CARTESIAN_POINT('Ctrl Pts',(14.7269606143372,11.1634897731568,39.8375284586989));
#1711=CARTESIAN_POINT('Ctrl Pts',(14.7274568388917,11.1657035588258,39.8328800612468));
#1712=CARTESIAN_POINT('Ctrl Pts',(14.7304807624291,11.1791940613222,39.8045533725743));
#1713=CARTESIAN_POINT('Ctrl Pts',(14.7342625632538,11.1914603134203,39.7753571325645));
#1714=CARTESIAN_POINT('Ctrl Pts',(14.7386475669036,11.2026145488105,39.7458134034887));
#1715=CARTESIAN_POINT('Ctrl Pts',(14.7389238915111,11.2033174421174,39.7439516811295));
#1716=CARTESIAN_POINT('Ctrl Pts',(14.7392025959798,11.2040159183464,39.7420885711583));
#1717=CARTESIAN_POINT('Ctrl Pts',(14.7394836353316,11.2047100050866,39.7402242009602));
#1718=CARTESIAN_POINT('Ctrl Pts',(14.7433418185146,11.2142386129876,39.7146296296051));
#1719=CARTESIAN_POINT('Ctrl Pts',(14.7476484519253,11.2229404974199,39.6887965239389));
#1720=CARTESIAN_POINT('Ctrl Pts',(14.7523357668308,11.2309500404287,39.6627856495393));
#1721=CARTESIAN_POINT('Ctrl Pts',(14.7571116642581,11.2391109505917,39.6362832125085));
#1722=CARTESIAN_POINT('Ctrl Pts',(14.7622826124201,11.2465531875044,39.6095960003696));
#1723=CARTESIAN_POINT('Ctrl Pts',(14.7677607420944,11.2533760759724,39.5827596691748));
#1724=CARTESIAN_POINT('Ctrl Pts',(14.7701192248403,11.2563135136903,39.5712059039577));
#1725=CARTESIAN_POINT('Ctrl Pts',(14.772534457379,11.2591356133419,39.5596241629993));
#1726=CARTESIAN_POINT('Ctrl Pts',(14.7749986248906,11.2618478420386,39.5480158561326));
#1727=CARTESIAN_POINT('Ctrl Pts',(14.7827442465769,11.2703731948451,39.5115274465646));
#1728=CARTESIAN_POINT('Ctrl Pts',(14.7909490814704,11.2778256872333,39.4747730594656));
#1729=CARTESIAN_POINT('Ctrl Pts',(14.7994837738817,11.2842227302462,39.4379364592071));
#1730=CARTESIAN_POINT('Ctrl Pts',(14.8080310482926,11.2906292038968,39.4010455537592));
#1731=CARTESIAN_POINT('Ctrl Pts',(14.8169091048915,11.2959773136475,39.3640718696879));
#1732=CARTESIAN_POINT('Ctrl Pts',(14.8259599831605,11.3002471014207,39.3271765320723));
#1733=CARTESIAN_POINT('Ctrl Pts',(14.8349714686857,11.3044983055105,39.2904417765055));
#1734=CARTESIAN_POINT('Ctrl Pts',(14.8441542110339,11.3076807887509,39.2537842007405));
#1735=CARTESIAN_POINT('Ctrl Pts',(14.853325405529,11.309734572716,39.2173456514509));
#1736=CARTESIAN_POINT('Ctrl Pts',(14.8585318890117,11.3109005050597,39.1966595014505));
#1737=CARTESIAN_POINT('Ctrl Pts',(14.8637341658566,11.3117019270643,39.1760436595503));
#1738=CARTESIAN_POINT('Ctrl Pts',(14.8688950219333,11.3121215422578,39.1555226403632));
#1739=CARTESIAN_POINT('Ctrl Pts',(14.8688879636231,11.3121217632444,39.1554645017365));
#1740=CARTESIAN_POINT('Ctrl Pts',(14.8791545223483,11.3129427009005,39.1146670939827));
#1741=CARTESIAN_POINT('Ctrl Pts',(14.8893167262571,11.3122539190324,39.0737681771492));
#1742=CARTESIAN_POINT('Ctrl Pts',(14.8993623320209,11.3099550717129,39.0329517808173));
#1743=CARTESIAN_POINT('Ctrl Pts',(14.909566387883,11.307619964501,38.9914915843842));
#1744=CARTESIAN_POINT('Ctrl Pts',(14.9196501892361,11.3036234658821,38.9501168965123));
#1745=CARTESIAN_POINT('Ctrl Pts',(14.9295923837826,11.2979000720784,38.9090573914904));
#1746=CARTESIAN_POINT('Ctrl Pts',(14.9398631693209,11.2919875192679,38.8666408637901));
#1747=CARTESIAN_POINT('Ctrl Pts',(14.9499828640663,11.2842318361494,38.8245611452261));
#1748=CARTESIAN_POINT('Ctrl Pts',(14.9599182156729,11.2746055809123,38.7831043042565));
#1749=CARTESIAN_POINT('Ctrl Pts',(14.9660032772948,11.2687098302005,38.7577134130288));
#1750=CARTESIAN_POINT('Ctrl Pts',(14.9720189943287,11.2621132922613,38.7325567901138));
#1751=CARTESIAN_POINT('Ctrl Pts',(14.9779560073887,11.2548179198942,38.7077046713422));
#1752=CARTESIAN_POINT('Ctrl Pts',(13.3834067422664,11.149482233981,42.4895808700561));
#1753=CARTESIAN_POINT('Ctrl Pts',(14.1232943570946,11.2488255705208,40.4530424709893));
#1754=CARTESIAN_POINT('Ctrl Pts',(14.4862831694147,11.3096547371942,39.2060445541857));
#1755=CARTESIAN_POINT('Ctrl Pts',(15.385865728754,11.3319697340011,38.7485871196452));
#1756=CARTESIAN_POINT('Ctrl Pts',(13.2048189885649,11.149482233981,42.4819969287267));
#1757=CARTESIAN_POINT('Ctrl Pts',(14.0050479804731,11.2488389917383,40.348441070156));
#1758=CARTESIAN_POINT('Ctrl Pts',(14.4422677146557,11.3095356045989,39.0176558964025));
#1759=CARTESIAN_POINT('Ctrl Pts',(15.3720165722665,11.3319697340011,38.5276287613932));
#1760=CARTESIAN_POINT('Ctrl Pts',(12.8465409043261,10.9947124283164,42.4643891699262));
#1761=CARTESIAN_POINT('Ctrl Pts',(13.7393108999319,11.0660673383399,40.1067071317165));
#1762=CARTESIAN_POINT('Ctrl Pts',(14.3407897828465,11.1174246164453,38.6277703355218));
#1763=CARTESIAN_POINT('Ctrl Pts',(15.3399106438159,11.1369187849937,38.0821759972863));
#1764=CARTESIAN_POINT('Ctrl Pts',(12.6969705518068,10.6260582102098,42.4544100500098));
#1765=CARTESIAN_POINT('Ctrl Pts',(13.6210122240533,10.647622226792,39.9708123702072));
#1766=CARTESIAN_POINT('Ctrl Pts',(14.2953064621006,10.6660581207109,38.4496420436111));
#1767=CARTESIAN_POINT('Ctrl Pts',(15.3253961383878,10.6733364961001,37.8916404894643));
#1768=CARTESIAN_POINT('Ctrl Pts',(12.6968020968846,10.2561749609261,42.4544098000254));
#1769=CARTESIAN_POINT('Ctrl Pts',(13.6208492117922,10.2346121367688,39.9708051225158));
#1770=CARTESIAN_POINT('Ctrl Pts',(14.2952372209244,10.2158895960753,38.4495142330962));
#1771=CARTESIAN_POINT('Ctrl Pts',(15.3253752086509,10.2086218051712,37.8914505642418));
#1772=CARTESIAN_POINT('Ctrl Pts',(12.8468129918987,9.88719072064685,42.4643895736997));
#1773=CARTESIAN_POINT('Ctrl Pts',(13.7395696972107,9.81582967395317,40.1067246230107));
#1774=CARTESIAN_POINT('Ctrl Pts',(14.3409415589161,9.76417568007938,38.6279254255135));
#1775=CARTESIAN_POINT('Ctrl Pts',(15.3399444494255,9.74462703976302,38.0824827635837));
#1776=CARTESIAN_POINT('Ctrl Pts',(13.2048467537335,9.73260100066259,42.4819969699298));
#1777=CARTESIAN_POINT('Ctrl Pts',(14.0050841735439,9.6332532943563,40.3484302754847));
#1778=CARTESIAN_POINT('Ctrl Pts',(14.442196354602,9.57215495468122,39.01778338432));
#1779=CARTESIAN_POINT('Ctrl Pts',(15.372020021959,9.54980116991665,38.5276600653512));
#1780=CARTESIAN_POINT('Ctrl Pts',(13.5619667307993,9.73260100066259,42.4971647701824));
#1781=CARTESIAN_POINT('Ctrl Pts',(14.2415045406453,9.6332532943563,40.557654666494));
#1782=CARTESIAN_POINT('Ctrl Pts',(14.5303699842275,9.57215495468122,39.3943057240515));
#1783=CARTESIAN_POINT('Ctrl Pts',(15.3997114355489,9.54980116991664,38.9695141739391));
#1784=CARTESIAN_POINT('Ctrl Pts',(13.9140875770837,9.88719072064684,42.5147721664125));
#1785=CARTESIAN_POINT('Ctrl Pts',(14.4282472668131,9.81582967395317,40.799360318968));
#1786=CARTESIAN_POINT('Ctrl Pts',(14.5965349157831,9.76417568007938,39.7841636828579));
#1787=CARTESIAN_POINT('Ctrl Pts',(15.4199974248757,9.74462703976302,39.4146914757066));
#1788=CARTESIAN_POINT('Ctrl Pts',(14.0581855565475,10.2561749609261,42.5247519400867));
#1789=CARTESIAN_POINT('Ctrl Pts',(14.4681960020663,10.2346121367688,40.9352798194629));
#1790=CARTESIAN_POINT('Ctrl Pts',(14.6071493896445,10.2158895960753,39.9625748752753));
#1791=CARTESIAN_POINT('Ctrl Pts',(15.4227770824436,10.2086218051711,39.6057236750485));
#1792=CARTESIAN_POINT('Ctrl Pts',(14.0580171016253,10.6260582102098,42.5247516901024));
#1793=CARTESIAN_POINT('Ctrl Pts',(14.4680329898052,10.647622226792,40.9352725717715));
#1794=CARTESIAN_POINT('Ctrl Pts',(14.6070801484683,10.6660581207109,39.9624470647604));
#1795=CARTESIAN_POINT('Ctrl Pts',(15.4227561527066,10.6733364961001,39.6055337498261));
#1796=CARTESIAN_POINT('Ctrl Pts',(13.9143596646564,10.9947124283164,42.514772570186));
#1797=CARTESIAN_POINT('Ctrl Pts',(14.4285060640919,11.0660673383399,40.7993778102622));
#1798=CARTESIAN_POINT('Ctrl Pts',(14.5966866918527,11.1174246164453,39.7843187728497));
#1799=CARTESIAN_POINT('Ctrl Pts',(15.4200312304853,11.1369187849937,39.4149982420041));
#1800=CARTESIAN_POINT('Ctrl Pts',(13.5619944959678,11.149482233981,42.4971648113854));
#1801=CARTESIAN_POINT('Ctrl Pts',(14.2415407337162,11.2488389917383,40.5576438718226));
#1802=CARTESIAN_POINT('Ctrl Pts',(14.5302986241737,11.3095356045989,39.3944332119689));
#1803=CARTESIAN_POINT('Ctrl Pts',(15.3997148852414,11.3319697340011,38.9695454778971));
#1804=CARTESIAN_POINT('Ctrl Pts',(13.3834067422664,11.149482233981,42.4895808700561));
#1805=CARTESIAN_POINT('Ctrl Pts',(14.1232943570946,11.2488255705208,40.4530424709893));
#1806=CARTESIAN_POINT('Ctrl Pts',(14.4862831694147,11.3096547371942,39.2060445541857));
#1807=CARTESIAN_POINT('Ctrl Pts',(15.385865728754,11.3319697340011,38.7485871196452));
#1808=CARTESIAN_POINT('',(13.4391811536484,11.1569920638233,42.3356229739334));
#1809=CARTESIAN_POINT('Ctrl Pts',(13.4391807601486,11.1569923814348,42.3356228472525));
#1810=CARTESIAN_POINT('Ctrl Pts',(13.9863330375244,11.2308641056032,40.8212525017999));
#1811=CARTESIAN_POINT('Ctrl Pts',(14.3299852852942,11.282573709482,39.7612056222849));
#1812=CARTESIAN_POINT('Ctrl Pts',(14.868878747002,11.3121211930712,39.1554822087076));
#1813=CARTESIAN_POINT('',(13.4170787488412,11.156403302046,42.3391770690787));
#1814=CARTESIAN_POINT('Origin',(13.248771410351,9.93729108471968,42.4174469774146));
#1815=CARTESIAN_POINT('',(13.4391500123569,9.72675742877085,42.3356475372754));
#1816=CARTESIAN_POINT('Ctrl Pts',(13.4391115752448,9.7267578754188,42.3356536649245));
#1817=CARTESIAN_POINT('Ctrl Pts',(13.3464916858158,9.72783903289849,42.3504194676239));
#1818=CARTESIAN_POINT('Ctrl Pts',(13.1581946460922,9.76531798765933,42.3825296640638));
#1819=CARTESIAN_POINT('Ctrl Pts',(12.911125515127,9.91957857196427,42.4233220940165));
#1820=CARTESIAN_POINT('Ctrl Pts',(12.7391526939577,10.1560578380122,42.448863403899));
#1821=CARTESIAN_POINT('Ctrl Pts',(12.6979103122855,10.346906181694,42.4543274707246));
#1822=CARTESIAN_POINT('Ctrl Pts',(12.6979316542737,10.5347469256237,42.4543299956419));
#1823=CARTESIAN_POINT('Ctrl Pts',(12.7375923766268,10.7220526394814,42.4490616100166));
#1824=CARTESIAN_POINT('Ctrl Pts',(12.9033842180466,10.9558400947706,42.4245265099453));
#1825=CARTESIAN_POINT('Ctrl Pts',(13.1425474025039,11.1112261493874,42.385183893038));
#1826=CARTESIAN_POINT('Ctrl Pts',(13.3264917193482,11.1526328803386,42.3538168982709));
#1827=CARTESIAN_POINT('Ctrl Pts',(13.4170787488412,11.156403302046,42.3391770690787));
#1828=CARTESIAN_POINT('Ctrl Pts',(13.4391815601877,11.1569914312915,42.3356231375918));
#1829=CARTESIAN_POINT('Ctrl Pts',(13.5300341105598,11.1580225905253,42.3210981872557));
#1830=CARTESIAN_POINT('Ctrl Pts',(13.709711613608,11.1264769364271,42.2948063284226));
#1831=CARTESIAN_POINT('Ctrl Pts',(13.938609069781,10.9733750139582,42.2751018024964));
#1832=CARTESIAN_POINT('Ctrl Pts',(14.0865440172989,10.7324957114554,42.2743667122113));
#1833=CARTESIAN_POINT('Ctrl Pts',(14.1203052695476,10.5390450754278,42.2765298635222));
#1834=CARTESIAN_POINT('Ctrl Pts',(14.1202932694158,10.3938269784363,42.276526760487));
#1835=CARTESIAN_POINT('Ctrl Pts',(14.1043610293917,10.1999076772145,42.2756495732454));
#1836=CARTESIAN_POINT('Ctrl Pts',(13.9770524503145,9.93648398916351,42.2719934262806));
#1837=CARTESIAN_POINT('Ctrl Pts',(13.7112721047458,9.75774698855115,42.2945596536584));
#1838=CARTESIAN_POINT('Ctrl Pts',(13.5301680044343,9.72570458584609,42.3211377606864));
#1839=CARTESIAN_POINT('Ctrl Pts',(13.439188449469,9.72675698212291,42.3356414096263));
#1840=CARTESIAN_POINT('Ctrl Pts',(-13.4170786620666,-9.72692264493998,42.3389707708393));
#1841=CARTESIAN_POINT('Ctrl Pts',(-13.3263908868718,-9.73070779000762,42.3536326385005));
#1842=CARTESIAN_POINT('Ctrl Pts',(-13.1440922796967,-9.77203648882549,42.3847388242394));
#1843=CARTESIAN_POINT('Ctrl Pts',(-12.8229351995175,-9.97779768970633,42.4375698994262));
#1844=CARTESIAN_POINT('Ctrl Pts',(-12.6967997085273,-10.2544383384044,42.4542902037222));
#1845=CARTESIAN_POINT('Ctrl Pts',(-12.6974712078429,-10.4890371534799,42.4542056872535));
#1846=CARTESIAN_POINT('Ctrl Pts',(-12.7168334824069,-10.6795442047226,42.4514887419266));
#1847=CARTESIAN_POINT('Ctrl Pts',(-12.9202296291184,-11.0259358970874,42.4231735743765));
#1848=CARTESIAN_POINT('Ctrl Pts',(-13.2532464611753,-11.1547749506485,42.3654580298725));
#1849=CARTESIAN_POINT('Ctrl Pts',(-13.5300476363856,-11.1580142055479,42.3208476944101));
#1850=CARTESIAN_POINT('Ctrl Pts',(-13.7115226275991,-11.1258951461851,42.2943993635824));
#1851=CARTESIAN_POINT('Ctrl Pts',(-13.9008729940909,-10.9984328556309,42.2780827133179));
#1852=CARTESIAN_POINT('Ctrl Pts',(-14.0693234678253,-10.7794764970081,42.2726308020943));
#1853=CARTESIAN_POINT('Ctrl Pts',(-14.1211040061356,-10.5873900350049,42.276354840564));
#1854=CARTESIAN_POINT('Ctrl Pts',(-14.1209532919296,-10.3448401777371,42.2763308930454));
#1855=CARTESIAN_POINT('Ctrl Pts',(-14.0874712038572,-10.1516136485896,42.2741319337462));
#1856=CARTESIAN_POINT('Ctrl Pts',(-13.9397808473115,-9.91107458432806,42.2748805303488));
#1857=CARTESIAN_POINT('Ctrl Pts',(-13.7116741556214,-9.75722825056223,42.2943459882381));
#1858=CARTESIAN_POINT('Ctrl Pts',(-13.5302298041073,-9.725299520514,42.3208934316982));
#1859=CARTESIAN_POINT('Ctrl Pts',(-13.4318025537917,-9.72641583410658,42.3365935419389));
#1860=CARTESIAN_POINT('Ctrl Pts',(-13.4244399208336,-9.72661539920313,42.3377806456915));
#1861=CARTESIAN_POINT('Ctrl Pts',(-13.4170786620666,-9.72692264493998,42.3389707708393));
#1862=CARTESIAN_POINT('Ctrl Pts',(-13.4171828501775,-9.72982547063871,42.4192984160727));
#1863=CARTESIAN_POINT('Ctrl Pts',(-13.3268158218399,-9.72948602395657,42.4316681486788));
#1864=CARTESIAN_POINT('Ctrl Pts',(-13.1417938311725,-9.76302803129379,42.4572594583354));
#1865=CARTESIAN_POINT('Ctrl Pts',(-12.8083964064813,-9.96361010965287,42.4987658913292));
#1866=CARTESIAN_POINT('Ctrl Pts',(-12.6757445699788,-10.2484648155061,42.5112142088702));
#1867=CARTESIAN_POINT('Ctrl Pts',(-12.6765222092163,-10.4900914768722,42.5111742649963));
#1868=CARTESIAN_POINT('Ctrl Pts',(-12.6967154815472,-10.6861039399727,42.5090603982274));
#1869=CARTESIAN_POINT('Ctrl Pts',(-12.9102568795768,-11.0413648743876,42.4878132748276));
#1870=CARTESIAN_POINT('Ctrl Pts',(-13.2546818102752,-11.1589028593838,42.4418208717349));
#1871=CARTESIAN_POINT('Ctrl Pts',(-13.5297132846375,-11.1491738929101,42.403992079494));
#1872=CARTESIAN_POINT('Ctrl Pts',(-13.7061932576524,-11.1090753308025,42.3809009907463));
#1873=CARTESIAN_POINT('Ctrl Pts',(-13.8853488091945,-10.9810819102016,42.3660241732028));
#1874=CARTESIAN_POINT('Ctrl Pts',(-14.0463702377079,-10.7689175237555,42.3610537422133));
#1875=CARTESIAN_POINT('Ctrl Pts',(-14.0977991044972,-10.5832137836632,42.3644441250479));
#1876=CARTESIAN_POINT('Ctrl Pts',(-14.0976595489313,-10.3473408540992,42.3644180433532));
#1877=CARTESIAN_POINT('Ctrl Pts',(-14.064228769712,-10.1596371561483,42.3624080855091));
#1878=CARTESIAN_POINT('Ctrl Pts',(-13.9219610438272,-9.9277653079495,42.3630822345088));
#1879=CARTESIAN_POINT('Ctrl Pts',(-13.7062320826449,-9.77354408117213,42.3808250816101));
#1880=CARTESIAN_POINT('Ctrl Pts',(-13.5296514445312,-9.73335019855715,42.4039956728057));
#1881=CARTESIAN_POINT('Ctrl Pts',(-13.4318433591408,-9.72998953296854,42.4172906835126));
#1882=CARTESIAN_POINT('Ctrl Pts',(-13.424518073455,-9.72985302402019,42.4182943468648));
#1883=CARTESIAN_POINT('Ctrl Pts',(-13.4171828501775,-9.72982547063871,42.4192984160727));
#1884=CARTESIAN_POINT('Ctrl Pts',(-13.4149417334705,-9.66738484173165,42.5815719966109));
#1885=CARTESIAN_POINT('Ctrl Pts',(-13.3162001731464,-9.66375415977727,42.5859802251727));
#1886=CARTESIAN_POINT('Ctrl Pts',(-13.1123359816386,-9.69498238990254,42.5947678521341));
#1887=CARTESIAN_POINT('Ctrl Pts',(-12.7434401935853,-9.91274511161905,42.6081369355986));
#1888=CARTESIAN_POINT('Ctrl Pts',(-12.5974214152184,-10.2282167438343,42.6118212245349));
#1889=CARTESIAN_POINT('Ctrl Pts',(-12.5982529785763,-10.4957446639924,42.6118183213941));
#1890=CARTESIAN_POINT('Ctrl Pts',(-12.620532489988,-10.7125146751295,42.6111457459787));
#1891=CARTESIAN_POINT('Ctrl Pts',(-12.8557261182146,-11.1062805233392,42.6047514336623));
#1892=CARTESIAN_POINT('Ctrl Pts',(-13.2373826017136,-11.2296019012289,42.5896485864616));
#1893=CARTESIAN_POINT('Ctrl Pts',(-13.5375150012049,-11.2084138992332,42.5760877537231));
#1894=CARTESIAN_POINT('Ctrl Pts',(-13.7276514609183,-11.1568117489335,42.5674769715155));
#1895=CARTESIAN_POINT('Ctrl Pts',(-13.9160705252199,-11.0139806063256,42.5616117702514));
#1896=CARTESIAN_POINT('Ctrl Pts',(-14.0857810292704,-10.7866882480984,42.5596508180638));
#1897=CARTESIAN_POINT('Ctrl Pts',(-14.1411208552677,-10.5913584253207,42.5609920627856));
#1898=CARTESIAN_POINT('Ctrl Pts',(-14.1410226024291,-10.3430061594718,42.5609837049778));
#1899=CARTESIAN_POINT('Ctrl Pts',(-14.1049447080961,-10.1451588099643,42.5601900755047));
#1900=CARTESIAN_POINT('Ctrl Pts',(-13.9545997691071,-9.89896800446769,42.5604541712229));
#1901=CARTESIAN_POINT('Ctrl Pts',(-13.7278698070671,-9.72704381623695,42.5674544106318));
#1902=CARTESIAN_POINT('Ctrl Pts',(-13.537638715105,-9.67536455013222,42.576093402273));
#1903=CARTESIAN_POINT('Ctrl Pts',(-13.43095733483,-9.66809869233301,42.5808554559));
#1904=CARTESIAN_POINT('Ctrl Pts',(-13.4229567297038,-9.66767954947268,42.5812141742796));
#1905=CARTESIAN_POINT('Ctrl Pts',(-13.4149417334705,-9.66738484173165,42.5815719966109));
#1906=CARTESIAN_POINT('Ctrl Pts',(-13.4092056683819,-9.50757008935425,42.6498));
#1907=CARTESIAN_POINT('Ctrl Pts',(-13.2899137206568,-9.50937944266285,42.6497146883303));
#1908=CARTESIAN_POINT('Ctrl Pts',(-13.0506798044131,-9.55994312388866,42.6495957268763));
#1909=CARTESIAN_POINT('Ctrl Pts',(-12.635110285131,-9.83232052187775,42.6494166097277));
#1910=CARTESIAN_POINT('Ctrl Pts',(-12.4762804032986,-10.1960552979891,42.6494076839236));
#1911=CARTESIAN_POINT('Ctrl Pts',(-12.4770279266069,-10.5037862619645,42.6494077544708));
#1912=CARTESIAN_POINT('Ctrl Pts',(-12.5018133986244,-10.7531904232079,42.6494136629446));
#1913=CARTESIAN_POINT('Ctrl Pts',(-12.7591861522851,-11.210360708028,42.6494748166038));
#1914=CARTESIAN_POINT('Ctrl Pts',(-13.1933584752206,-11.3800501185807,42.6496565901383));
#1915=CARTESIAN_POINT('Ctrl Pts',(-13.5578825272547,-11.3737537308095,42.6498797829824));
#1916=CARTESIAN_POINT('Ctrl Pts',(-13.7961297101916,-11.3220691436844,42.6500488838457));
#1917=CARTESIAN_POINT('Ctrl Pts',(-14.0405127388808,-11.1469940060961,42.6501744352402));
#1918=CARTESIAN_POINT('Ctrl Pts',(-14.2556483347244,-10.8621743499653,42.6502092785824));
#1919=CARTESIAN_POINT('Ctrl Pts',(-14.3208775142772,-10.6220110665899,42.6501772366671));
#1920=CARTESIAN_POINT('Ctrl Pts',(-14.3207020512463,-10.3216353888766,42.6501770760314));
#1921=CARTESIAN_POINT('Ctrl Pts',(-14.2784071703303,-10.081302520953,42.6501939251438));
#1922=CARTESIAN_POINT('Ctrl Pts',(-14.0906205489372,-9.77232387579477,42.6502086444242));
#1923=CARTESIAN_POINT('Ctrl Pts',(-13.7963702978439,-9.56105720753473,42.6500501215141));
#1924=CARTESIAN_POINT('Ctrl Pts',(-13.5580274356757,-9.5095907780958,42.6499018631984));
#1925=CARTESIAN_POINT('Ctrl Pts',(-13.4285797936814,-9.50742690592486,42.6498140865527));
#1926=CARTESIAN_POINT('Ctrl Pts',(-13.4188887694849,-9.50742322151151,42.6498069248725));
#1927=CARTESIAN_POINT('Ctrl Pts',(-13.4092056683819,-9.50757008935425,42.6498));
#1928=CARTESIAN_POINT('Ctrl Pts',(-13.4063250153576,-9.42731108903761,42.6498));
#1929=CARTESIAN_POINT('Ctrl Pts',(-13.2766660450567,-9.43196480392877,42.6498));
#1930=CARTESIAN_POINT('Ctrl Pts',(-13.0196641526674,-9.49236721049499,42.6498));
#1931=CARTESIAN_POINT('Ctrl Pts',(-12.5807689941636,-9.79229947885281,42.6498));
#1932=CARTESIAN_POINT('Ctrl Pts',(-12.4155446910782,-10.1801257262872,42.6498));
#1933=CARTESIAN_POINT('Ctrl Pts',(-12.4162423862883,-10.5079842314011,42.6498000000001));
#1934=CARTESIAN_POINT('Ctrl Pts',(-12.4422705625058,-10.7737347716631,42.6498000000001));
#1935=CARTESIAN_POINT('Ctrl Pts',(-12.7106911534709,-11.262662305419,42.6498));
#1936=CARTESIAN_POINT('Ctrl Pts',(-13.1710760268386,-11.455864267154,42.6498));
#1937=CARTESIAN_POINT('Ctrl Pts',(-13.5680638895378,-11.4573870322966,42.6498));
#1938=CARTESIAN_POINT('Ctrl Pts',(-13.8306810255772,-11.4058891712829,42.6498));
#1939=CARTESIAN_POINT('Ctrl Pts',(-14.1035808737562,-11.2146425630544,42.6498));
#1940=CARTESIAN_POINT('Ctrl Pts',(-14.3418351574518,-10.9006178850855,42.6498));
#1941=CARTESIAN_POINT('Ctrl Pts',(-14.4120633948728,-10.6377412354644,42.6498));
#1942=CARTESIAN_POINT('Ctrl Pts',(-14.4118582298008,-10.3110010269639,42.6498));
#1943=CARTESIAN_POINT('Ctrl Pts',(-14.3664395510549,-10.049126857254,42.6498));
#1944=CARTESIAN_POINT('Ctrl Pts',(-14.1596466588592,-9.70827299673528,42.6498));
#1945=CARTESIAN_POINT('Ctrl Pts',(-13.8309919859461,-9.4772643350081,42.6498));
#1946=CARTESIAN_POINT('Ctrl Pts',(-13.5683247918489,-9.42619144923945,42.6498));
#1947=CARTESIAN_POINT('Ctrl Pts',(-13.4273939297215,-9.42671938337091,42.6498));
#1948=CARTESIAN_POINT('Ctrl Pts',(-13.416849622779,-9.42693334022342,42.6498));
#1949=CARTESIAN_POINT('Ctrl Pts',(-13.4063250153577,-9.42731108903761,42.6498));
#1950=CARTESIAN_POINT('',(-13.4063250153577,-9.42731108903761,42.6498));
#1951=CARTESIAN_POINT('',(-13.4170796023625,-9.72694800817971,42.3391764136368));
#1952=CARTESIAN_POINT('Ctrl Pts',(-13.4063250153576,-9.42731108903761,42.6498));
#1953=CARTESIAN_POINT('Ctrl Pts',(-13.4092056683819,-9.50757008935425,42.6498));
#1954=CARTESIAN_POINT('Ctrl Pts',(-13.4149392774166,-9.66731641265372,42.5816012103055));
#1955=CARTESIAN_POINT('Ctrl Pts',(-13.4171809303454,-9.72977198144427,42.4194373626163));
#1956=CARTESIAN_POINT('Ctrl Pts',(-13.4170789269251,-9.72693002426492,42.3391770512921));
#1957=CARTESIAN_POINT('',(-13.4390405739672,-11.1582351464919,42.3357830789212));
#1958=CARTESIAN_POINT('Ctrl Pts',(-13.4170796023625,-9.72694800817971,42.3391764136368));
#1959=CARTESIAN_POINT('Ctrl Pts',(-13.3837923701585,-9.72838598493972,42.3445549598843));
#1960=CARTESIAN_POINT('Ctrl Pts',(-13.350474469356,-9.73217281952076,42.3500493754524));
#1961=CARTESIAN_POINT('Ctrl Pts',(-13.3173931671513,-9.7381530870095,42.3555728404012));
#1962=CARTESIAN_POINT('Ctrl Pts',(-13.2839720683598,-9.74419478117568,42.3611530399526));
#1963=CARTESIAN_POINT('Ctrl Pts',(-13.2507916088858,-9.75247549161558,42.3667628142066));
#1964=CARTESIAN_POINT('Ctrl Pts',(-13.2181392421799,-9.76288161210567,42.3722906269875));
#1965=CARTESIAN_POINT('Ctrl Pts',(-13.195066672773,-9.77023470658199,42.3761966484164));
#1966=CARTESIAN_POINT('Ctrl Pts',(-13.1722580042415,-9.77865000404732,42.380061276329));
#1967=CARTESIAN_POINT('Ctrl Pts',(-13.1498217051042,-9.78810004114945,42.3838390289724));
#1968=CARTESIAN_POINT('Ctrl Pts',(-13.1118664103503,-9.80408658783662,42.3902298207072));
#1969=CARTESIAN_POINT('Ctrl Pts',(-13.0749646647543,-9.82303969624911,42.3963751516265));
#1970=CARTESIAN_POINT('Ctrl Pts',(-13.0397231280174,-9.84482782493096,42.4021652431331));
#1971=CARTESIAN_POINT('Ctrl Pts',(-13.0052909129167,-9.86611558939524,42.4078223652302));
#1972=CARTESIAN_POINT('Ctrl Pts',(-12.9724431771288,-9.89010995538029,42.4131398732269));
#1973=CARTESIAN_POINT('Ctrl Pts',(-12.9417911760305,-9.91669944979088,42.4179986746058));
#1974=CARTESIAN_POINT('Ctrl Pts',(-12.9330474896245,-9.924284279247,42.4193846798924));
#1975=CARTESIAN_POINT('Ctrl Pts',(-12.9244827800457,-9.93208033359927,42.4207332802897));
#1976=CARTESIAN_POINT('Ctrl Pts',(-12.9161119986304,-9.94008514480558,42.4220415495924));
#1977=CARTESIAN_POINT('Ctrl Pts',(-12.9158474025833,-9.94033817272476,42.4220829033047));
#1978=CARTESIAN_POINT('Ctrl Pts',(-12.9155830021203,-9.94059140599856,42.4221242207496));
#1979=CARTESIAN_POINT('Ctrl Pts',(-12.9153187977154,-9.94084484449816,42.4221655019018));
#1980=CARTESIAN_POINT('Ctrl Pts',(-12.8846612935244,-9.97025310460751,42.426955645718));
#1981=CARTESIAN_POINT('Ctrl Pts',(-12.8566448669787,-10.0024288955259,42.4312569050815));
#1982=CARTESIAN_POINT('Ctrl Pts',(-12.8316694129765,-10.0368252604567,42.4350298404636));
#1983=CARTESIAN_POINT('Ctrl Pts',(-12.8059547780749,-10.072239630344,42.4389144407534));
#1984=CARTESIAN_POINT('Ctrl Pts',(-12.7834643430692,-10.1100074789294,42.4422382991025));
#1985=CARTESIAN_POINT('Ctrl Pts',(-12.7646139276797,-10.1494818885442,42.444966992228));
#1986=CARTESIAN_POINT('Ctrl Pts',(-12.7457627334662,-10.1889579290841,42.4476957980921));
#1987=CARTESIAN_POINT('Ctrl Pts',(-12.7305523367717,-10.2301398833546,42.4498286791918));
#1988=CARTESIAN_POINT('Ctrl Pts',(-12.7193705272659,-10.2723415442445,42.4513502546221));
#1989=CARTESIAN_POINT('Ctrl Pts',(-12.7084504184038,-10.3135555115227,42.4528362188868));
#1990=CARTESIAN_POINT('Ctrl Pts',(-12.7013728343124,-10.355741160676,42.4537386113262));
#1991=CARTESIAN_POINT('Ctrl Pts',(-12.6984666350885,-10.3982342667932,42.4540704187587));
#1992=CARTESIAN_POINT('Ctrl Pts',(-12.6974843685831,-10.4125965150897,42.454182566379));
#1993=CARTESIAN_POINT('Ctrl Pts',(-12.6969783321313,-10.4269937271064,42.4542298023262));
#1994=CARTESIAN_POINT('Ctrl Pts',(-12.6969602687346,-10.4413998460481,42.4542135200282));
#1995=CARTESIAN_POINT('Ctrl Pts',(-12.696959927307,-10.4416721451879,42.4542132122662));
#1996=CARTESIAN_POINT('Ctrl Pts',(-12.6969597574988,-10.4419444458138,42.4542128891014));
#1997=CARTESIAN_POINT('Ctrl Pts',(-12.6969597594022,-10.4422167477183,42.4542125504892));
#1998=CARTESIAN_POINT('Ctrl Pts',(-12.696959998213,-10.4763812098703,42.4541700663757));
#1999=CARTESIAN_POINT('Ctrl Pts',(-12.6996807131076,-10.5105287212964,42.4538834821204));
#2000=CARTESIAN_POINT('Ctrl Pts',(-12.7049904714797,-10.5442516399109,42.4532313816902));
#2001=CARTESIAN_POINT('Ctrl Pts',(-12.7070461155994,-10.5573072847239,42.4529789245497));
#2002=CARTESIAN_POINT('Ctrl Pts',(-12.7094892785987,-10.570299408605,42.4526718094011));
#2003=CARTESIAN_POINT('Ctrl Pts',(-12.7123104050115,-10.5832049968924,42.4523035046872));
#2004=CARTESIAN_POINT('Ctrl Pts',(-12.7212879198453,-10.6242737380026,42.4511314689297));
#2005=CARTESIAN_POINT('Ctrl Pts',(-12.7341113014332,-10.664586649669,42.4493640982678));
#2006=CARTESIAN_POINT('Ctrl Pts',(-12.7504404001624,-10.7035001187135,42.447019515105));
#2007=CARTESIAN_POINT('Ctrl Pts',(-12.7667229026175,-10.742302545336,42.4446816223812));
#2008=CARTESIAN_POINT('Ctrl Pts',(-12.786490574553,-10.7797125586279,42.4417704441794));
#2009=CARTESIAN_POINT('Ctrl Pts',(-12.8093692986521,-10.8151229495215,42.4383220727978));
#2010=CARTESIAN_POINT('Ctrl Pts',(-12.8315759488513,-10.8494931425701,42.4349749990406));
#2011=CARTESIAN_POINT('Ctrl Pts',(-12.8567129228376,-10.8819788400598,42.4311224080179));
#2012=CARTESIAN_POINT('Ctrl Pts',(-12.8844123861136,-10.912065207963,42.42680537592));
#2013=CARTESIAN_POINT('Ctrl Pts',(-12.8944472775669,-10.9229648211838,42.4252414124573));
#2014=CARTESIAN_POINT('Ctrl Pts',(-12.9048182784035,-10.9335499721575,42.4236165307377));
#2015=CARTESIAN_POINT('Ctrl Pts',(-12.9155072713187,-10.9437977818464,42.4219327440469));
#2016=CARTESIAN_POINT('Ctrl Pts',(-12.9179946323164,-10.9461824781724,42.4215409217886));
#2017=CARTESIAN_POINT('Ctrl Pts',(-12.9204992115099,-10.9485489112821,42.4211459097196));
#2018=CARTESIAN_POINT('Ctrl Pts',(-12.9230206063405,-10.9508969729134,42.4207477326162));
#2019=CARTESIAN_POINT('Ctrl Pts',(-12.9497745841681,-10.9758117494723,42.4165227610776));
#2020=CARTESIAN_POINT('Ctrl Pts',(-12.978414919617,-10.9986289819167,42.4118599224972));
#2021=CARTESIAN_POINT('Ctrl Pts',(-13.0084986824098,-11.0192915893022,42.4068925328519));
#2022=CARTESIAN_POINT('Ctrl Pts',(-13.0403267984694,-11.0411522810809,42.4016371179879));
#2023=CARTESIAN_POINT('Ctrl Pts',(-13.0737710598387,-11.0606019078666,42.3960413551303));
#2024=CARTESIAN_POINT('Ctrl Pts',(-13.108357187569,-11.0775425483902,42.3902476692735));
#2025=CARTESIAN_POINT('Ctrl Pts',(-13.1424203343564,-11.0942270274776,42.3845415904283));
#2026=CARTESIAN_POINT('Ctrl Pts',(-13.1775920748728,-11.108478123345,42.3786437792226));
#2027=CARTESIAN_POINT('Ctrl Pts',(-13.213454584077,-11.1201669225374,42.3726700036891));
#2028=CARTESIAN_POINT('Ctrl Pts',(-13.2501430038611,-11.132124913795,42.3665586526059));
#2029=CARTESIAN_POINT('Ctrl Pts',(-13.2875552137054,-11.1414018111268,42.3603681301578));
#2030=CARTESIAN_POINT('Ctrl Pts',(-13.3252674485386,-11.1478153154269,42.3541964027135));
#2031=CARTESIAN_POINT('Ctrl Pts',(-13.3629796833717,-11.1542288197269,42.3480246752693));
#2032=CARTESIAN_POINT('Ctrl Pts',(-13.4009928922361,-11.1577793762992,42.3418719239149));
#2033=CARTESIAN_POINT('Ctrl Pts',(-13.4388929892859,-11.1582334097828,42.3358066968707));
#2034=CARTESIAN_POINT('',(-13.4391841652643,-9.72634098470118,42.3356238336334));
#2035=CARTESIAN_POINT('Ctrl Pts',(-13.4391881586485,-11.1582368832009,42.3357594609718));
#2036=CARTESIAN_POINT('Ctrl Pts',(-13.4767247598577,-11.1586706318391,42.3297527059626));
#2037=CARTESIAN_POINT('Ctrl Pts',(-13.5141599779894,-11.1560634324563,42.3239537483388));
#2038=CARTESIAN_POINT('Ctrl Pts',(-13.5510063798709,-11.150491762524,42.3185380213833));
#2039=CARTESIAN_POINT('Ctrl Pts',(-13.5872020281939,-11.1450184952539,42.3132179429418));
#2040=CARTESIAN_POINT('Ctrl Pts',(-13.6228291327007,-11.1366844753515,42.3082676759015));
#2041=CARTESIAN_POINT('Ctrl Pts',(-13.6574399104271,-11.1255830269364,42.3038094850282));
#2042=CARTESIAN_POINT('Ctrl Pts',(-13.6732277156248,-11.1205190695074,42.3017758685172));
#2043=CARTESIAN_POINT('Ctrl Pts',(-13.6888042773683,-11.114879573634,42.2998440299622));
#2044=CARTESIAN_POINT('Ctrl Pts',(-13.7041283208381,-11.1086749189906,42.2980225374246));
#2045=CARTESIAN_POINT('Ctrl Pts',(-13.7407055368836,-11.0938649248902,42.2936747863754));
#2046=CARTESIAN_POINT('Ctrl Pts',(-13.7759026653746,-11.0758026359492,42.2899872291677));
#2047=CARTESIAN_POINT('Ctrl Pts',(-13.8091920212213,-11.0546147480695,42.2869452021246));
#2048=CARTESIAN_POINT('Ctrl Pts',(-13.8435968808576,-11.0327168684035,42.2838012388135));
#2049=CARTESIAN_POINT('Ctrl Pts',(-13.8759644267737,-11.0074801675129,42.2813464161735));
#2050=CARTESIAN_POINT('Ctrl Pts',(-13.9057098568332,-10.979077651681,42.2795198344387));
#2051=CARTESIAN_POINT('Ctrl Pts',(-13.9126544484125,-10.9724465869465,42.2790933869438));
#2052=CARTESIAN_POINT('Ctrl Pts',(-13.9194560872086,-10.9656431094643,42.2787010136886));
#2053=CARTESIAN_POINT('Ctrl Pts',(-13.9261072622645,-10.9586696892104,42.2783416513514));
#2054=CARTESIAN_POINT('Ctrl Pts',(-13.9283745006094,-10.9562926046107,42.2782191526855));
#2055=CARTESIAN_POINT('Ctrl Pts',(-13.9306240524141,-10.9538959850608,42.2781005023764));
#2056=CARTESIAN_POINT('Ctrl Pts',(-13.9328556010228,-10.9514799931655,42.2779856000195));
#2057=CARTESIAN_POINT('Ctrl Pts',(-13.9555665270454,-10.9268919501393,42.2768162152627));
#2058=CARTESIAN_POINT('Ctrl Pts',(-13.9764102508965,-10.9002936209301,42.2760349654282));
#2059=CARTESIAN_POINT('Ctrl Pts',(-13.995255333187,-10.8720706096568,42.275537916415));
#2060=CARTESIAN_POINT('Ctrl Pts',(-14.000164638489,-10.8647182735541,42.275408430891));
#2061=CARTESIAN_POINT('Ctrl Pts',(-14.0049384667946,-10.8572559074063,42.2752982427546));
#2062=CARTESIAN_POINT('Ctrl Pts',(-14.009574833016,-10.849690774028,42.275205554385));
#2063=CARTESIAN_POINT('Ctrl Pts',(-14.0329444641807,-10.8115586748099,42.2747383581138));
#2064=CARTESIAN_POINT('Ctrl Pts',(-14.0528275072758,-10.7707946020157,42.2747466828717));
#2065=CARTESIAN_POINT('Ctrl Pts',(-14.0690690068947,-10.728174958313,42.2749548142406));
#2066=CARTESIAN_POINT('Ctrl Pts',(-14.0844515373453,-10.6878093527693,42.275151938102));
#2067=CARTESIAN_POINT('Ctrl Pts',(-14.0965678999438,-10.6457790508239,42.2755280232572));
#2068=CARTESIAN_POINT('Ctrl Pts',(-14.1052490777038,-10.6027578038779,42.2758717174041));
#2069=CARTESIAN_POINT('Ctrl Pts',(-14.1134451388617,-10.5621406456064,42.2761962054316));
#2070=CARTESIAN_POINT('Ctrl Pts',(-14.1185793783736,-10.5206400762812,42.2764917016788));
#2071=CARTESIAN_POINT('Ctrl Pts',(-14.1204717071171,-10.4788382959601,42.2766039086373));
#2072=CARTESIAN_POINT('Ctrl Pts',(-14.1210233670316,-10.4666520589552,42.2766366196984));
#2073=CARTESIAN_POINT('Ctrl Pts',(-14.1212992429204,-10.4544403327615,42.2766539198336));
#2074=CARTESIAN_POINT('Ctrl Pts',(-14.1212941893099,-10.4422178272221,42.2766524148323));
#2075=CARTESIAN_POINT('Ctrl Pts',(-14.1212941433589,-10.4421066914818,42.2766524011477));
#2076=CARTESIAN_POINT('Ctrl Pts',(-14.1212940743131,-10.4419955548832,42.2766523859118));
#2077=CARTESIAN_POINT('Ctrl Pts',(-14.1212939821744,-10.4418844174374,42.2766523691255));
#2078=CARTESIAN_POINT('Ctrl Pts',(-14.1212571936967,-10.3975102692167,42.2766456668501));
#2079=CARTESIAN_POINT('Ctrl Pts',(-14.1175445862764,-10.3532612604752,42.2763756019759));
#2080=CARTESIAN_POINT('Ctrl Pts',(-14.1103722854753,-10.3098734429524,42.2760291920093));
#2081=CARTESIAN_POINT('Ctrl Pts',(-14.1030936982636,-10.265842660847,42.2756776485893));
#2082=CARTESIAN_POINT('Ctrl Pts',(-14.0922518248057,-10.2226994689784,42.2752479343788));
#2083=CARTESIAN_POINT('Ctrl Pts',(-14.0780484017301,-10.1811842258093,42.2749730810605));
#2084=CARTESIAN_POINT('Ctrl Pts',(-14.0756279266114,-10.1741094092244,42.2749262419559));
#2085=CARTESIAN_POINT('Ctrl Pts',(-14.0731097784686,-10.1670817890118,42.2748839774273));
#2086=CARTESIAN_POINT('Ctrl Pts',(-14.0704948977079,-10.1601049246055,42.2748475315894));
#2087=CARTESIAN_POINT('Ctrl Pts',(-14.0534396744592,-10.1145992243781,42.2746098183025));
#2088=CARTESIAN_POINT('Ctrl Pts',(-14.0322397122657,-10.0711663492172,42.274605919236));
#2089=CARTESIAN_POINT('Ctrl Pts',(-14.007117477268,-10.0307800828189,42.2751137677922));
#2090=CARTESIAN_POINT('Ctrl Pts',(-13.9853221907805,-9.99574218724959,42.2755543617431));
#2091=CARTESIAN_POINT('Ctrl Pts',(-13.9605739412824,-9.96299710659938,42.2763812883304));
#2092=CARTESIAN_POINT('Ctrl Pts',(-13.9330158608422,-9.9331503282528,42.2777852920763));
#2093=CARTESIAN_POINT('Ctrl Pts',(-13.9307298717083,-9.93067448777728,42.277901756549));
#2094=CARTESIAN_POINT('Ctrl Pts',(-13.9284245501532,-9.92821857227505,42.2780221927872));
#2095=CARTESIAN_POINT('Ctrl Pts',(-13.9261001744718,-9.92578272843194,42.2781467119073));
#2096=CARTESIAN_POINT('Ctrl Pts',(-13.9003342561966,-9.89878117532905,42.2795270178098));
#2097=CARTESIAN_POINT('Ctrl Pts',(-13.872265559759,-9.87429020232451,42.2814053395416));
#2098=CARTESIAN_POINT('Ctrl Pts',(-13.8423508376073,-9.85248851131035,42.283839293955));
#2099=CARTESIAN_POINT('Ctrl Pts',(-13.8133952355566,-9.83138582194442,42.2861952113873));
#2100=CARTESIAN_POINT('Ctrl Pts',(-13.7827103675967,-9.8128027406324,42.2890721281168));
#2101=CARTESIAN_POINT('Ctrl Pts',(-13.750723188989,-9.79686096364401,42.2924977038426));
#2102=CARTESIAN_POINT('Ctrl Pts',(-13.7354123661724,-9.78923035245927,42.2941373727744));
#2103=CARTESIAN_POINT('Ctrl Pts',(-13.7198033357032,-9.78220428638924,42.295902337356));
#2104=CARTESIAN_POINT('Ctrl Pts',(-13.7039436683121,-9.77579268910842,42.2977931933031));
#2105=CARTESIAN_POINT('Ctrl Pts',(-13.6698119325577,-9.76199423175387,42.3018625217413));
#2106=CARTESIAN_POINT('Ctrl Pts',(-13.6344631002652,-9.75101395577298,42.3064955639123));
#2107=CARTESIAN_POINT('Ctrl Pts',(-13.5983514765253,-9.74293831646203,42.3115653436647));
#2108=CARTESIAN_POINT('Ctrl Pts',(-13.5616563623904,-9.73473219124425,42.3167170407468));
#2109=CARTESIAN_POINT('Ctrl Pts',(-13.5241736066499,-9.72952508602412,42.3223197557525));
#2110=CARTESIAN_POINT('Ctrl Pts',(-13.4863927913914,-9.72739595091745,42.3281886127801));
#2111=CARTESIAN_POINT('Ctrl Pts',(-13.4706959885844,-9.7265113587325,42.3306269479731));
#2112=CARTESIAN_POINT('Ctrl Pts',(-13.4549478861958,-9.72615795474185,42.3331106129772));
#2113=CARTESIAN_POINT('Ctrl Pts',(-13.4391841652643,-9.72634098470118,42.3356238336334));
#2114=CARTESIAN_POINT('Ctrl Pts',(-13.4391809225735,-9.72634211422693,42.335624299675));
#2115=CARTESIAN_POINT('Ctrl Pts',(-13.4318004983145,-9.72642499313492,42.3368011088118));
#2116=CARTESIAN_POINT('Ctrl Pts',(-13.4244390402279,-9.72662368233012,42.3379875676566));
#2117=CARTESIAN_POINT('Ctrl Pts',(-13.4170789269111,-9.72693002387573,42.3391770403007));
#2118=CARTESIAN_POINT('Ctrl Pts',(-13.4063250153577,-9.42731108903761,42.6498));
#2119=CARTESIAN_POINT('Ctrl Pts',(-13.416849622779,-9.42693334022342,42.6498));
#2120=CARTESIAN_POINT('Ctrl Pts',(-13.4273939297215,-9.42671938337091,42.6498));
#2121=CARTESIAN_POINT('Ctrl Pts',(-13.5683247918489,-9.42619144923945,42.6498));
#2122=CARTESIAN_POINT('Ctrl Pts',(-13.8309919859461,-9.4772643350081,42.6498));
#2123=CARTESIAN_POINT('Ctrl Pts',(-14.1596466588592,-9.70827299673528,42.6498));
#2124=CARTESIAN_POINT('Ctrl Pts',(-14.3664395510549,-10.049126857254,42.6498));
#2125=CARTESIAN_POINT('Ctrl Pts',(-14.4118582298008,-10.3110010269639,42.6498));
#2126=CARTESIAN_POINT('Ctrl Pts',(-14.4120633948728,-10.6377412354644,42.6498));
#2127=CARTESIAN_POINT('Ctrl Pts',(-14.3418351574518,-10.9006178850855,42.6498));
#2128=CARTESIAN_POINT('Ctrl Pts',(-14.1035808737562,-11.2146425630544,42.6498));
#2129=CARTESIAN_POINT('Ctrl Pts',(-13.8306810255772,-11.4058891712829,42.6498));
#2130=CARTESIAN_POINT('Ctrl Pts',(-13.5680638895378,-11.4573870322966,42.6498));
#2131=CARTESIAN_POINT('Ctrl Pts',(-13.1710760268386,-11.455864267154,42.6498));
#2132=CARTESIAN_POINT('Ctrl Pts',(-12.7106911534709,-11.262662305419,42.6498));
#2133=CARTESIAN_POINT('Ctrl Pts',(-12.4422705625058,-10.7737347716631,42.6498000000001));
#2134=CARTESIAN_POINT('Ctrl Pts',(-12.4162423862883,-10.5079842314011,42.6498000000001));
#2135=CARTESIAN_POINT('Ctrl Pts',(-12.4155446910782,-10.1801257262872,42.6498));
#2136=CARTESIAN_POINT('Ctrl Pts',(-12.5807689941636,-9.79229947885281,42.6498));
#2137=CARTESIAN_POINT('Ctrl Pts',(-13.0196641526674,-9.49236721049499,42.6498));
#2138=CARTESIAN_POINT('Ctrl Pts',(-13.2766660450567,-9.43196480392877,42.6498));
#2139=CARTESIAN_POINT('Ctrl Pts',(-13.4063250153576,-9.42731108903761,42.6498));
#2140=CARTESIAN_POINT('Ctrl Pts',(-13.3834067422664,-9.73385109935233,42.4895808700561));
#2141=CARTESIAN_POINT('Ctrl Pts',(-14.1233941475193,-9.63449436413741,40.4527677981502));
#2142=CARTESIAN_POINT('Ctrl Pts',(-14.4863810769096,-9.57366218848729,39.2057081973227));
#2143=CARTESIAN_POINT('Ctrl Pts',(-15.3862297446387,-9.55135457240197,38.7484020675736));
#2144=CARTESIAN_POINT('Ctrl Pts',(-13.5619944959678,-9.73385109935233,42.4971648113854));
#2145=CARTESIAN_POINT('Ctrl Pts',(-14.241632385754,-9.63448094110976,40.5573822839619));
#2146=CARTESIAN_POINT('Ctrl Pts',(-14.5303765535728,-9.57378129733523,39.3941193974621));
#2147=CARTESIAN_POINT('Ctrl Pts',(-15.4000666608075,-9.55135457240197,38.9693736487602));
#2148=CARTESIAN_POINT('Ctrl Pts',(-13.9143596646564,-9.88862090501692,42.514772570186));
#2149=CARTESIAN_POINT('Ctrl Pts',(-14.4285754082552,-9.81725637118485,40.7991464508392));
#2150=CARTESIAN_POINT('Ctrl Pts',(-14.5967320147414,-9.76589485651947,39.7840450258227));
#2151=CARTESIAN_POINT('Ctrl Pts',(-15.4203644353382,-9.74640666837621,39.4148488055908));
#2152=CARTESIAN_POINT('Ctrl Pts',(-14.0580171016253,-10.2572751231235,42.5247516901024));
#2153=CARTESIAN_POINT('Ctrl Pts',(-14.4680882896356,-10.2357081981505,40.9350581948944));
#2154=CARTESIAN_POINT('Ctrl Pts',(-14.6071176690686,-10.2172702117933,39.9621846378375));
#2155=CARTESIAN_POINT('Ctrl Pts',(-15.4230862113845,-10.2099939154925,39.6053893892051));
#2156=CARTESIAN_POINT('Ctrl Pts',(-14.0581855565475,-10.6271583724073,42.5247519400867));
#2157=CARTESIAN_POINT('Ctrl Pts',(-14.4682513011627,-10.6487241047946,40.9350654435295));
#2158=CARTESIAN_POINT('Ctrl Pts',(-14.6071868828059,-10.6674487691586,39.962312483631));
#2159=CARTESIAN_POINT('Ctrl Pts',(-15.4231071233128,-10.6747144830842,39.6055793373244));
#2160=CARTESIAN_POINT('Ctrl Pts',(-13.9140875770837,-10.9961426126865,42.5147721664125));
#2161=CARTESIAN_POINT('Ctrl Pts',(-14.4283166127689,-11.0675132840164,40.7991289572403));
#2162=CARTESIAN_POINT('Ctrl Pts',(-14.596580290952,-11.1191715676156,39.7838898686135));
#2163=CARTESIAN_POINT('Ctrl Pts',(-15.4203306584931,-11.1387142166686,39.4145420023104));
#2164=CARTESIAN_POINT('Ctrl Pts',(-13.5619667307993,-11.1507323326708,42.4971647701824));
#2165=CARTESIAN_POINT('Ctrl Pts',(-14.2415961915465,-11.2500934382415,40.5573930800948));
#2166=CARTESIAN_POINT('Ctrl Pts',(-14.5304479016496,-11.3111948317392,39.3939919249436));
#2167=CARTESIAN_POINT('Ctrl Pts',(-15.4000632140503,-11.3335412280504,38.9693423410283));
#2168=CARTESIAN_POINT('Ctrl Pts',(-13.2048467537335,-11.1507323326708,42.4819969699298));
#2169=CARTESIAN_POINT('Ctrl Pts',(-14.0051921034922,-11.2500934382415,40.3481425162057));
#2170=CARTESIAN_POINT('Ctrl Pts',(-14.4423142521695,-11.3111948317392,39.0174244697018));
#2171=CARTESIAN_POINT('Ctrl Pts',(-15.372396275227,-11.3335412280504,38.5274617941189));
#2172=CARTESIAN_POINT('Ctrl Pts',(-12.8468129918987,-10.9961426126865,42.4643895736997));
#2173=CARTESIAN_POINT('Ctrl Pts',(-13.7396901054579,-11.0675132840164,40.1064066390601));
#2174=CARTESIAN_POINT('Ctrl Pts',(-14.3411037838191,-11.1191715676156,38.627526526032));
#2175=CARTESIAN_POINT('Ctrl Pts',(-15.3403486741599,-11.1387142166686,38.0822621328368));
#2176=CARTESIAN_POINT('Ctrl Pts',(-12.6968020968846,-10.6271583724073,42.4544098000254));
#2177=CARTESIAN_POINT('Ctrl Pts',(-13.6209738402522,-10.6487241047946,39.9704701527709));
#2178=CARTESIAN_POINT('Ctrl Pts',(-14.2954191129173,-10.6674487691586,38.4491039110144));
#2179=CARTESIAN_POINT('Ctrl Pts',(-15.3257920527159,-10.6747144830842,37.8912247978228));
#2180=CARTESIAN_POINT('Ctrl Pts',(-12.6969705518068,-10.2572751231235,42.4544100500098));
#2181=CARTESIAN_POINT('Ctrl Pts',(-13.6211368517793,-10.2357081981505,39.970477401406));
#2182=CARTESIAN_POINT('Ctrl Pts',(-14.2954883266546,-10.2172702117933,38.4492317568079));
#2183=CARTESIAN_POINT('Ctrl Pts',(-15.3258129646442,-10.2099939154925,37.8914147459421));
#2184=CARTESIAN_POINT('Ctrl Pts',(-12.846540904326,-9.88862090501691,42.4643891699262));
#2185=CARTESIAN_POINT('Ctrl Pts',(-13.7394313099716,-9.81725637118484,40.1063891454612));
#2186=CARTESIAN_POINT('Ctrl Pts',(-14.3409520600298,-9.76589485651946,38.6273713688228));
#2187=CARTESIAN_POINT('Ctrl Pts',(-15.3403148973148,-9.7464066683762,38.0819553295564));
#2188=CARTESIAN_POINT('Ctrl Pts',(-13.2048189885649,-9.73385109935233,42.4819969287267));
#2189=CARTESIAN_POINT('Ctrl Pts',(-14.0051559092847,-9.63448094110976,40.3481533123384));
#2190=CARTESIAN_POINT('Ctrl Pts',(-14.4423856002463,-9.57378129733523,39.0172969971833));
#2191=CARTESIAN_POINT('Ctrl Pts',(-15.3723928284698,-9.55135457240197,38.527430486387));
#2192=CARTESIAN_POINT('Ctrl Pts',(-13.3834067422664,-9.73385109935233,42.4895808700561));
#2193=CARTESIAN_POINT('Ctrl Pts',(-14.1233941475193,-9.63449436413741,40.4527677981502));
#2194=CARTESIAN_POINT('Ctrl Pts',(-14.4863810769096,-9.57366218848729,39.2057081973227));
#2195=CARTESIAN_POINT('Ctrl Pts',(-15.3862297446387,-9.55135457240197,38.7484020675736));
#2196=CARTESIAN_POINT('',(-15.3007474723818,-9.55363162566788,38.7951547354115));
#2197=CARTESIAN_POINT('Ctrl Pts',(-13.439180612724,-9.72634097180248,42.3356232552842));
#2198=CARTESIAN_POINT('Ctrl Pts',(-14.1189316533259,-9.63456692131933,40.4542552203797));
#2199=CARTESIAN_POINT('Ctrl Pts',(-14.484597231799,-9.57699826422818,39.2740977500109));
#2200=CARTESIAN_POINT('Ctrl Pts',(-15.3007452854676,-9.55363500052901,38.7951508441779));
#2201=CARTESIAN_POINT('',(-15.3257736289466,-9.56580650863464,38.6343927906378));
#2202=CARTESIAN_POINT('Origin',(-15.1334982874423,-10.0430977258847,38.8298044444123));
#2203=CARTESIAN_POINT('',(-14.8694766036324,-11.3136529396729,39.1559589976922));
#2204=CARTESIAN_POINT('Ctrl Pts',(-14.8695507859775,-11.3136592209198,39.1556628726878));
#2205=CARTESIAN_POINT('Ctrl Pts',(-14.8696594776169,-11.3136683471626,39.1552289530279));
#2206=CARTESIAN_POINT('Ctrl Pts',(-14.8697681429356,-11.3136773018612,39.1547950535336));
#2207=CARTESIAN_POINT('Ctrl Pts',(-14.8698767819297,-11.31368608475,39.1543611742813));
#2208=CARTESIAN_POINT('Ctrl Pts',(-14.8805952971174,-11.3145526200809,39.1115538803618));
#2209=CARTESIAN_POINT('Ctrl Pts',(-14.8911190796746,-11.3137446150591,39.0687625888774));
#2210=CARTESIAN_POINT('Ctrl Pts',(-14.9014722668061,-11.3111542259451,39.0261023475859));
#2211=CARTESIAN_POINT('Ctrl Pts',(-14.9119576849775,-11.3085307523477,38.9828972491407));
#2212=CARTESIAN_POINT('Ctrl Pts',(-14.9222681110635,-11.3040789689861,38.9398267328995));
#2213=CARTESIAN_POINT('Ctrl Pts',(-14.932430714765,-11.2977139226341,38.8970569029503));
#2214=CARTESIAN_POINT('Ctrl Pts',(-14.9427455141839,-11.2912535529945,38.8536465496525));
#2215=CARTESIAN_POINT('Ctrl Pts',(-14.952908015225,-11.2828220902808,38.8105461467338));
#2216=CARTESIAN_POINT('Ctrl Pts',(-14.9629489776833,-11.2723599725194,38.767974401548));
#2217=CARTESIAN_POINT('Ctrl Pts',(-14.9732647614422,-11.2616115064302,38.7242374670264));
#2218=CARTESIAN_POINT('Ctrl Pts',(-14.9834522420534,-11.2487195688893,38.6810586889914));
#2219=CARTESIAN_POINT('Ctrl Pts',(-14.9935475255321,-11.2336521150811,38.6387198180772));
#2220=CARTESIAN_POINT('Ctrl Pts',(-15.0038353131462,-11.2182973442131,38.5955735990829));
#2221=CARTESIAN_POINT('Ctrl Pts',(-15.0140273436072,-11.2006832332298,38.5532999214117));
#2222=CARTESIAN_POINT('Ctrl Pts',(-15.0241648865855,-11.1808107099496,38.5122390270035));
#2223=CARTESIAN_POINT('Ctrl Pts',(-15.0346323467333,-11.1602914533685,38.4698418429152));
#2224=CARTESIAN_POINT('Ctrl Pts',(-15.0450417128528,-11.1373642878573,38.4287379756439));
#2225=CARTESIAN_POINT('Ctrl Pts',(-15.0554417674786,-11.1120684978484,38.3893418489722));
#2226=CARTESIAN_POINT('Ctrl Pts',(-15.0575070171791,-11.1070452432002,38.3815185401783));
#2227=CARTESIAN_POINT('Ctrl Pts',(-15.0595719098891,-11.1019287034235,38.3737626878607));
#2228=CARTESIAN_POINT('Ctrl Pts',(-15.0616368423817,-11.0967193627542,38.3660776981213));
#2229=CARTESIAN_POINT('Ctrl Pts',(-15.0655918644637,-11.0867417690782,38.3513584255891));
#2230=CARTESIAN_POINT('Ctrl Pts',(-15.0695577973084,-11.0764238550057,38.3368904360481));
#2231=CARTESIAN_POINT('Ctrl Pts',(-15.0735329425014,-11.0657678886294,38.3227006537616));
#2232=CARTESIAN_POINT('Ctrl Pts',(-15.0842485936708,-11.0370429960744,38.2844497849838));
#2233=CARTESIAN_POINT('Ctrl Pts',(-15.0950310887577,-11.0058575785763,38.2482204051645));
#2234=CARTESIAN_POINT('Ctrl Pts',(-15.1058117797105,-10.9724898956689,38.2143823450754));
#2235=CARTESIAN_POINT('Ctrl Pts',(-15.1166309659351,-10.9390030647375,38.1804234573577));
#2236=CARTESIAN_POINT('Ctrl Pts',(-15.1274482103809,-10.9033183775549,38.1488730482074));
#2237=CARTESIAN_POINT('Ctrl Pts',(-15.138195543197,-10.8657691430715,38.1201116559481));
#2238=CARTESIAN_POINT('Ctrl Pts',(-15.1490174719598,-10.82795928386,38.0911506343184));
#2239=CARTESIAN_POINT('Ctrl Pts',(-15.1597683798501,-10.7882589216083,38.06501750441));
#2240=CARTESIAN_POINT('Ctrl Pts',(-15.1703822712055,-10.7470607931196,38.0421070398922));
#2241=CARTESIAN_POINT('Ctrl Pts',(-15.1810472706174,-10.7056642872211,38.0190862568047));
#2242=CARTESIAN_POINT('Ctrl Pts',(-15.1915737874384,-10.6627556171546,37.9993192555678));
#2243=CARTESIAN_POINT('Ctrl Pts',(-15.2019003905446,-10.6187853661366,37.9832126071359));
#2244=CARTESIAN_POINT('Ctrl Pts',(-15.2123100546375,-10.5744614448559,37.9669764065078));
#2245=CARTESIAN_POINT('Ctrl Pts',(-15.2225164163415,-10.5290588561314,37.9544596656319));
#2246=CARTESIAN_POINT('Ctrl Pts',(-15.2324644425346,-10.4830911357022,37.9460850571733));
#2247=CARTESIAN_POINT('Ctrl Pts',(-15.2353633799502,-10.4696957603709,37.9436446267472));
#2248=CARTESIAN_POINT('Ctrl Pts',(-15.2382404392644,-10.4562527256061,37.9415559820049));
#2249=CARTESIAN_POINT('Ctrl Pts',(-15.2410944141555,-10.4427755475189,37.9398296838268));
#2250=CARTESIAN_POINT('Ctrl Pts',(-15.241124147775,-10.4426351379846,37.9398116987024));
#2251=CARTESIAN_POINT('Ctrl Pts',(-15.2411538782232,-10.4424947233396,37.9397937533108));
#2252=CARTESIAN_POINT('Ctrl Pts',(-15.2411836054963,-10.4423543036036,37.9397758476674));
#2253=CARTESIAN_POINT('Ctrl Pts',(-15.248804030888,-10.4063584651274,37.9351858329883));
#2254=CARTESIAN_POINT('Ctrl Pts',(-15.2562141129962,-10.3700439631208,37.9332016845717));
#2255=CARTESIAN_POINT('Ctrl Pts',(-15.2633281675054,-10.3337557321767,37.9338172232102));
#2256=CARTESIAN_POINT('Ctrl Pts',(-15.270648861867,-10.2964134476436,37.9344506412189));
#2257=CARTESIAN_POINT('Ctrl Pts',(-15.2776559232672,-10.2590997079307,37.9378369375503));
#2258=CARTESIAN_POINT('Ctrl Pts',(-15.284260890853,-10.2222069725777,37.9439167588677));
#2259=CARTESIAN_POINT('Ctrl Pts',(-15.291097253946,-10.1840217534849,37.9502095779505));
#2260=CARTESIAN_POINT('Ctrl Pts',(-15.2975026864278,-10.1462885274951,37.9593878837172));
#2261=CARTESIAN_POINT('Ctrl Pts',(-15.3033868557206,-10.1094468056463,37.9713309547863));
#2262=CARTESIAN_POINT('Ctrl Pts',(-15.3093001466616,-10.0724227485166,37.9833331339294));
#2263=CARTESIAN_POINT('Ctrl Pts',(-15.3146868893414,-10.0363001425125,37.99812709598));
#2264=CARTESIAN_POINT('Ctrl Pts',(-15.3194652028175,-10.0015134572246,38.0155399478429));
#2265=CARTESIAN_POINT('Ctrl Pts',(-15.3241576297283,-9.9673520362548,38.0326398168832));
#2266=CARTESIAN_POINT('Ctrl Pts',(-15.3282632578507,-9.93447988344965,38.0522646860254));
#2267=CARTESIAN_POINT('Ctrl Pts',(-15.3317150678077,-9.90328223063824,38.0742101401834));
#2268=CARTESIAN_POINT('Ctrl Pts',(-15.3332721444039,-9.88920928465976,38.0841095128287));
#2269=CARTESIAN_POINT('Ctrl Pts',(-15.3346963284738,-9.87547662628324,38.094480580708));
#2270=CARTESIAN_POINT('Ctrl Pts',(-15.3359822210563,-9.86211706230721,38.1053022850258));
#2271=CARTESIAN_POINT('Ctrl Pts',(-15.337594664168,-9.84536485671855,38.1188721452306));
#2272=CARTESIAN_POINT('Ctrl Pts',(-15.3390536979022,-9.82917658718892,38.1331345621223));
#2273=CARTESIAN_POINT('Ctrl Pts',(-15.340342902344,-9.81361642486193,38.1480547002761));
#2274=CARTESIAN_POINT('Ctrl Pts',(-15.3426969719292,-9.78520378239401,38.1752986674037));
#2275=CARTESIAN_POINT('Ctrl Pts',(-15.3444839355197,-9.75888802907241,38.2047365412162));
#2276=CARTESIAN_POINT('Ctrl Pts',(-15.3455946554302,-9.73483887733127,38.2359596614075));
#2277=CARTESIAN_POINT('Ctrl Pts',(-15.3466850327648,-9.7112301801906,38.2666109374407));
#2278=CARTESIAN_POINT('Ctrl Pts',(-15.3471237069956,-9.68980603679008,38.2989815034453));
#2279=CARTESIAN_POINT('Ctrl Pts',(-15.3468209438698,-9.6706810891595,38.3326741608175));
#2280=CARTESIAN_POINT('Ctrl Pts',(-15.3465253703862,-9.65201029699658,38.3655667268712));
#2281=CARTESIAN_POINT('Ctrl Pts',(-15.3455231847074,-9.63553087407331,38.3997183693346));
#2282=CARTESIAN_POINT('Ctrl Pts',(-15.3437436641902,-9.62130329191064,38.434764897274));
#2283=CARTESIAN_POINT('Ctrl Pts',(-15.3420353886786,-9.60764532620411,38.4684083000149));
#2284=CARTESIAN_POINT('Ctrl Pts',(-15.3396108424433,-9.5960623678432,38.5028756923732));
#2285=CARTESIAN_POINT('Ctrl Pts',(-15.3364186072823,-9.58656549950316,38.537861616543));
#2286=CARTESIAN_POINT('Ctrl Pts',(-15.3335153814812,-9.57792843117861,38.5696800862356));
#2287=CARTESIAN_POINT('Ctrl Pts',(-15.3299773066691,-9.57101637454447,38.6019272702422));
#2288=CARTESIAN_POINT('Ctrl Pts',(-15.3257736289466,-9.56580650863464,38.6343927906378));
#2289=CARTESIAN_POINT('Ctrl Pts',(-15.3007515100814,-9.55363484449756,38.795157360984));
#2290=CARTESIAN_POINT('Ctrl Pts',(-15.2936655722468,-9.5539136605454,38.8340874372742));
#2291=CARTESIAN_POINT('Ctrl Pts',(-15.285809224065,-9.55649264307846,38.8731360959539));
#2292=CARTESIAN_POINT('Ctrl Pts',(-15.2772665163597,-9.56113362427008,38.9121356595742));
#2293=CARTESIAN_POINT('Ctrl Pts',(-15.2681998483909,-9.56605925639582,38.9535272307802));
#2294=CARTESIAN_POINT('Ctrl Pts',(-15.2583601336595,-9.57330756702507,38.9948636865679));
#2295=CARTESIAN_POINT('Ctrl Pts',(-15.2478458369949,-9.58263620492218,39.0359869957272));
#2296=CARTESIAN_POINT('Ctrl Pts',(-15.236944112041,-9.59230858223782,39.0786256067488));
#2297=CARTESIAN_POINT('Ctrl Pts',(-15.2253173347386,-9.60421761369134,39.1210354638826));
#2298=CARTESIAN_POINT('Ctrl Pts',(-15.2130712400996,-9.61813581028584,39.1630798825948));
#2299=CARTESIAN_POINT('Ctrl Pts',(-15.2001059201936,-9.6328714363513,39.2075936116599));
#2300=CARTESIAN_POINT('Ctrl Pts',(-15.1864467159093,-9.64985927443191,39.2516980243611));
#2301=CARTESIAN_POINT('Ctrl Pts',(-15.1722109735842,-9.66887408942547,39.29526896487));
#2302=CARTESIAN_POINT('Ctrl Pts',(-15.164596634032,-9.67904463442245,39.3185739621133));
#2303=CARTESIAN_POINT('Ctrl Pts',(-15.1568171890132,-9.68979581199956,39.3417269386226));
#2304=CARTESIAN_POINT('Ctrl Pts',(-15.1488891788166,-9.70109772762497,39.3647125188784));
#2305=CARTESIAN_POINT('Ctrl Pts',(-15.1393227751415,-9.71473528414837,39.392448272741));
#2306=CARTESIAN_POINT('Ctrl Pts',(-15.1295593234644,-9.72916576681602,39.4199209431153));
#2307=CARTESIAN_POINT('Ctrl Pts',(-15.1196820943422,-9.7444321194905,39.4471609626184));
#2308=CARTESIAN_POINT('Ctrl Pts',(-15.1099598681841,-9.75945889789924,39.4739735055782));
#2309=CARTESIAN_POINT('Ctrl Pts',(-15.1001275114706,-9.77529591734102,39.5005611544266));
#2310=CARTESIAN_POINT('Ctrl Pts',(-15.0902523390647,-9.79202107554751,39.5269209530987));
#2311=CARTESIAN_POINT('Ctrl Pts',(-15.0881451307752,-9.79558996432908,39.5325457243926));
#2312=CARTESIAN_POINT('Ctrl Pts',(-15.0860359250705,-9.79919941652965,39.5381599876028));
#2313=CARTESIAN_POINT('Ctrl Pts',(-15.0839252953631,-9.80285038648633,39.5437634869616));
#2314=CARTESIAN_POINT('Ctrl Pts',(-15.0800202313009,-9.80960537127591,39.5541310203531));
#2315=CARTESIAN_POINT('Ctrl Pts',(-15.076108678602,-9.8164862812326,39.5644459502287));
#2316=CARTESIAN_POINT('Ctrl Pts',(-15.0721937326145,-9.82349390774329,39.574704017461));
#2317=CARTESIAN_POINT('Ctrl Pts',(-15.0601151178914,-9.84511423686585,39.6063527917478));
#2318=CARTESIAN_POINT('Ctrl Pts',(-15.0480057115811,-9.86793959510929,39.6374635871244));
#2319=CARTESIAN_POINT('Ctrl Pts',(-15.0359592479301,-9.89192923790388,39.6679461220108));
#2320=CARTESIAN_POINT('Ctrl Pts',(-15.0241160439832,-9.9155141040073,39.697914325787));
#2321=CARTESIAN_POINT('Ctrl Pts',(-15.0123336276596,-9.94022493283211,39.7272755456551));
#2322=CARTESIAN_POINT('Ctrl Pts',(-15.0006811815466,-9.96603322342064,39.7558998370418));
#2323=CARTESIAN_POINT('Ctrl Pts',(-14.9892962004563,-9.99124912208039,39.7838670992802));
#2324=CARTESIAN_POINT('Ctrl Pts',(-14.9780352068936,-10.0175132666058,39.811131065173));
#2325=CARTESIAN_POINT('Ctrl Pts',(-14.9669445931897,-10.044799986144,39.8375248701905));
#2326=CARTESIAN_POINT('Ctrl Pts',(-14.9561628410666,-10.0713268000937,39.863183636322));
#2327=CARTESIAN_POINT('Ctrl Pts',(-14.9455420021886,-10.0988205608315,39.8880201808836));
#2328=CARTESIAN_POINT('Ctrl Pts',(-14.9351087924009,-10.1272504468138,39.9118351582031));
#2329=CARTESIAN_POINT('Ctrl Pts',(-14.9251789498738,-10.1543086864748,39.9345011430133));
#2330=CARTESIAN_POINT('Ctrl Pts',(-14.9154189136125,-10.1822153136811,39.9562417462498));
#2331=CARTESIAN_POINT('Ctrl Pts',(-14.9058390691352,-10.2109304473287,39.9768421065038));
#2332=CARTESIAN_POINT('Ctrl Pts',(-14.8965474672388,-10.2387815873847,39.9968226340431));
#2333=CARTESIAN_POINT('Ctrl Pts',(-14.8874252604715,-10.2673937265312,40.0157306412913));
#2334=CARTESIAN_POINT('Ctrl Pts',(-14.8784716074628,-10.2967116718927,40.0333274952753));
#2335=CARTESIAN_POINT('Ctrl Pts',(-14.8699533575875,-10.3246039281794,40.0500686398238));
#2336=CARTESIAN_POINT('Ctrl Pts',(-14.8615875266382,-10.3531353090864,40.0656230652009));
#2337=CARTESIAN_POINT('Ctrl Pts',(-14.8533657857758,-10.3822360895629,40.0797452685391));
#2338=CARTESIAN_POINT('Ctrl Pts',(-14.8478679369313,-10.4016956778662,40.0891887356351));
#2339=CARTESIAN_POINT('Ctrl Pts',(-14.8424343640307,-10.4214094288383,40.0979909752142));
#2340=CARTESIAN_POINT('Ctrl Pts',(-14.83706101015,-10.4413494430731,40.1060675976836));
#2341=CARTESIAN_POINT('Ctrl Pts',(-14.8369733422355,-10.4416747705133,40.1061993702532));
#2342=CARTESIAN_POINT('Ctrl Pts',(-14.8368856802266,-10.4420001752662,40.1063309646063));
#2343=CARTESIAN_POINT('Ctrl Pts',(-14.836798024358,-10.442325656853,40.1064623799346));
#2344=CARTESIAN_POINT('Ctrl Pts',(-14.8293747912916,-10.4698894208844,40.1175914306879));
#2345=CARTESIAN_POINT('Ctrl Pts',(-14.8219943082305,-10.4980266138006,40.1274284116199));
#2346=CARTESIAN_POINT('Ctrl Pts',(-14.8147602013054,-10.5264433141809,40.135638704255));
#2347=CARTESIAN_POINT('Ctrl Pts',(-14.8067604923587,-10.5578674187212,40.1447179108701));
#2348=CARTESIAN_POINT('Ctrl Pts',(-14.7989384813048,-10.5896322294495,40.1518078173939));
#2349=CARTESIAN_POINT('Ctrl Pts',(-14.791422460583,-10.6213255165765,40.1565168515539));
#2350=CARTESIAN_POINT('Ctrl Pts',(-14.784005857033,-10.6525995849324,40.1611635975862));
#2351=CARTESIAN_POINT('Ctrl Pts',(-14.776885281878,-10.6838024518787,40.1634932259545));
#2352=CARTESIAN_POINT('Ctrl Pts',(-14.7701985184056,-10.714545463106,40.1631752300605));
#2353=CARTESIAN_POINT('Ctrl Pts',(-14.76418210382,-10.7422064835553,40.1628891132951));
#2354=CARTESIAN_POINT('Ctrl Pts',(-14.7585160873538,-10.7694945710658,40.160460563379));
#2355=CARTESIAN_POINT('Ctrl Pts',(-14.7533304547548,-10.7961472004645,40.1556706511593));
#2356=CARTESIAN_POINT('Ctrl Pts',(-14.7513588283265,-10.8062807815661,40.153849481352));
#2357=CARTESIAN_POINT('Ctrl Pts',(-14.7494570299225,-10.8163227752774,40.1516871313737));
#2358=CARTESIAN_POINT('Ctrl Pts',(-14.7476338007091,-10.8262599022654,40.149172186659));
#2359=CARTESIAN_POINT('Ctrl Pts',(-14.7436579395318,-10.8479294965847,40.1436879222666));
#2360=CARTESIAN_POINT('Ctrl Pts',(-14.740053016745,-10.8691113503509,40.1365183695399));
#2361=CARTESIAN_POINT('Ctrl Pts',(-14.7368404850543,-10.8896134233069,40.1277517657225));
#2362=CARTESIAN_POINT('Ctrl Pts',(-14.7336630149294,-10.9098917366714,40.1190808406053));
#2363=CARTESIAN_POINT('Ctrl Pts',(-14.7308695450371,-10.929504560617,40.1088478686775));
#2364=CARTESIAN_POINT('Ctrl Pts',(-14.7285056300345,-10.9482985011755,40.0971683076062));
#2365=CARTESIAN_POINT('Ctrl Pts',(-14.7265596522096,-10.9637696968523,40.087553678136));
#2366=CARTESIAN_POINT('Ctrl Pts',(-14.7249052727299,-10.9786864731094,40.0769593375489));
#2367=CARTESIAN_POINT('Ctrl Pts',(-14.7235795202751,-10.992982977929,40.0654631798153));
#2368=CARTESIAN_POINT('Ctrl Pts',(-14.7219753052309,-11.0102823372684,40.0515523557245));
#2369=CARTESIAN_POINT('Ctrl Pts',(-14.7208529900824,-11.0266768883981,40.0363200568769));
#2370=CARTESIAN_POINT('Ctrl Pts',(-14.7201933532997,-11.0421611057659,40.0199941414049));
#2371=CARTESIAN_POINT('Ctrl Pts',(-14.7192074358948,-11.0653043867429,39.9955928274733));
#2372=CARTESIAN_POINT('Ctrl Pts',(-14.7192583357123,-11.0864140760789,39.968749468207));
#2373=CARTESIAN_POINT('Ctrl Pts',(-14.7203138059587,-11.1056170305645,39.9402938260171));
#2374=CARTESIAN_POINT('Ctrl Pts',(-14.7205614423805,-11.1101224639999,39.933617509524));
#2375=CARTESIAN_POINT('Ctrl Pts',(-14.7208642093783,-11.1145230826878,39.9268524358866));
#2376=CARTESIAN_POINT('Ctrl Pts',(-14.7212213386933,-11.1188207918205,39.9200092919455));
#2377=CARTESIAN_POINT('Ctrl Pts',(-14.7224238152266,-11.1332914447803,39.8969680022562));
#2378=CARTESIAN_POINT('Ctrl Pts',(-14.7242652703758,-11.1465825204333,39.8730356163849));
#2379=CARTESIAN_POINT('Ctrl Pts',(-14.7266963786557,-11.1588721968221,39.8484467235992));
#2380=CARTESIAN_POINT('Ctrl Pts',(-14.7291625627348,-11.1713391874941,39.8235030646048));
#2381=CARTESIAN_POINT('Ctrl Pts',(-14.7322354760723,-11.1827756476762,39.7978836198625));
#2382=CARTESIAN_POINT('Ctrl Pts',(-14.7358363389256,-11.193332730086,39.7718017583211));
#2383=CARTESIAN_POINT('Ctrl Pts',(-14.739498890942,-11.2040706740293,39.7452730682627));
#2384=CARTESIAN_POINT('Ctrl Pts',(-14.7437075638509,-11.2138988547576,39.7182659111687));
#2385=CARTESIAN_POINT('Ctrl Pts',(-14.7483524769376,-11.2229407160303,39.6909743819379));
#2386=CARTESIAN_POINT('Ctrl Pts',(-14.7509113083543,-11.2279217777336,39.6759397793295));
#2387=CARTESIAN_POINT('Ctrl Pts',(-14.7536020638653,-11.2326635856562,39.6608183490861));
#2388=CARTESIAN_POINT('Ctrl Pts',(-14.7564030902354,-11.2371822591145,39.6456387952904));
#2389=CARTESIAN_POINT('Ctrl Pts',(-14.7623560813958,-11.2467857471218,39.613377853184));
#2390=CARTESIAN_POINT('Ctrl Pts',(-14.7687955046937,-11.2553923336279,39.5808486237022));
#2391=CARTESIAN_POINT('Ctrl Pts',(-14.775637613035,-11.2630909183655,39.5481782323147));
#2392=CARTESIAN_POINT('Ctrl Pts',(-14.782567762116,-11.2708885645417,39.5150874550925));
#2393=CARTESIAN_POINT('Ctrl Pts',(-14.7899109238208,-11.2777548565141,39.4818516122897));
#2394=CARTESIAN_POINT('Ctrl Pts',(-14.7975585962214,-11.2837421359958,39.4485745046822));
#2395=CARTESIAN_POINT('Ctrl Pts',(-14.8052209748604,-11.2897409288316,39.4152334062222));
#2396=CARTESIAN_POINT('Ctrl Pts',(-14.8131889419804,-11.2948574981026,39.3818505325081));
#2397=CARTESIAN_POINT('Ctrl Pts',(-14.8213334837102,-11.299102138666,39.3485066047402));
#2398=CARTESIAN_POINT('Ctrl Pts',(-14.8293978526923,-11.3033049960931,39.3154909059137));
#2399=CARTESIAN_POINT('Ctrl Pts',(-14.8376352496945,-11.3066531837771,39.2825129198259));
#2400=CARTESIAN_POINT('Ctrl Pts',(-14.8459023565808,-11.3091127458027,39.249633967648));
#2401=CARTESIAN_POINT('Ctrl Pts',(-14.8537548352593,-11.3114489510349,39.2184040253602));
#2402=CARTESIAN_POINT('Ctrl Pts',(-14.8616339680658,-11.312983377926,39.1872628839303));
#2403=CARTESIAN_POINT('Ctrl Pts',(-14.8694024212873,-11.313646658426,39.1562551226966));
#2404=CARTESIAN_POINT('Origin',(0.,0.,42.6498));
#2405=CARTESIAN_POINT('',(13.4063170760281,-9.42731137402737,42.6498));
#2406=CARTESIAN_POINT('Ctrl Pts',(13.4063170760281,-9.42731137402737,42.6498));
#2407=CARTESIAN_POINT('Ctrl Pts',(13.2768016618945,-9.43196096878127,42.6498));
#2408=CARTESIAN_POINT('Ctrl Pts',(13.0176647500319,-9.49270504712005,42.6498));
#2409=CARTESIAN_POINT('Ctrl Pts',(12.6906354150759,-9.71876339519338,42.6498));
#2410=CARTESIAN_POINT('Ctrl Pts',(12.4693910652664,-10.0500860062,42.6498));
#2411=CARTESIAN_POINT('Ctrl Pts',(12.4169591482166,-10.3115035518029,42.6498000000001));
#2412=CARTESIAN_POINT('Ctrl Pts',(12.4169403811277,-10.5741459672312,42.6498000000001));
#2413=CARTESIAN_POINT('Ctrl Pts',(12.4714315969074,-10.8404903365459,42.6498000000001));
#2414=CARTESIAN_POINT('Ctrl Pts',(12.7010465504923,-11.1758934578041,42.6498000000001));
#2415=CARTESIAN_POINT('Ctrl Pts',(13.039314535018,-11.4005995797169,42.6498000000001));
#2416=CARTESIAN_POINT('Ctrl Pts',(13.3051993073247,-11.4555095532256,42.6498000000001));
#2417=CARTESIAN_POINT('Ctrl Pts',(13.5681067575981,-11.4565706710907,42.6498000000001));
#2418=CARTESIAN_POINT('Ctrl Pts',(13.8304001446624,-11.4054724401393,42.6498));
#2419=CARTESIAN_POINT('Ctrl Pts',(14.2133883665126,-11.1365663179994,42.6498));
#2420=CARTESIAN_POINT('Ctrl Pts',(14.3894015793819,-10.7674236029018,42.6498));
#2421=CARTESIAN_POINT('Ctrl Pts',(14.4110354523064,-10.5061426374206,42.6498));
#2422=CARTESIAN_POINT('Ctrl Pts',(14.411061905163,-10.3103865986861,42.6498));
#2423=CARTESIAN_POINT('Ctrl Pts',(14.3652424905902,-10.0481571262526,42.6498));
#2424=CARTESIAN_POINT('Ctrl Pts',(14.1581044408532,-9.70668041573026,42.6498));
#2425=CARTESIAN_POINT('Ctrl Pts',(13.8281938006419,-9.47665661674793,42.6498));
#2426=CARTESIAN_POINT('Ctrl Pts',(13.5681452675236,-9.42618697052088,42.6498));
#2427=CARTESIAN_POINT('Ctrl Pts',(13.4274019455908,-9.42671996518756,42.6498));
#2428=CARTESIAN_POINT('Ctrl Pts',(13.4168519750401,-9.42693317185347,42.6498));
#2429=CARTESIAN_POINT('Ctrl Pts',(13.4063170760281,-9.42731137402737,42.6498));
#2430=CARTESIAN_POINT('',(-13.4063239762565,11.4560222069998,42.6498));
#2431=CARTESIAN_POINT('Ctrl Pts',(-13.4063239762565,11.4560222069998,42.6498));
#2432=CARTESIAN_POINT('Ctrl Pts',(-13.4168489285975,11.456399979174,42.6498));
#2433=CARTESIAN_POINT('Ctrl Pts',(-13.4273935821182,11.4566139485965,42.6498));
#2434=CARTESIAN_POINT('Ctrl Pts',(-13.5683248021647,11.4571418846835,42.6498));
#2435=CARTESIAN_POINT('Ctrl Pts',(-13.8309919897159,11.406069000342,42.6498));
#2436=CARTESIAN_POINT('Ctrl Pts',(-14.1596466774989,11.1750603305101,42.6498));
#2437=CARTESIAN_POINT('Ctrl Pts',(-14.3664395580689,10.834206482704,42.6498));
#2438=CARTESIAN_POINT('Ctrl Pts',(-14.4118582386223,10.5723323233668,42.6498));
#2439=CARTESIAN_POINT('Ctrl Pts',(-14.412063402403,10.2455921045725,42.6498));
#2440=CARTESIAN_POINT('Ctrl Pts',(-14.3418351551927,9.98271543259861,42.6498000000001));
#2441=CARTESIAN_POINT('Ctrl Pts',(-14.1035808745257,9.66869076492769,42.6498000000001));
#2442=CARTESIAN_POINT('Ctrl Pts',(-13.8306810287518,9.47744415724695,42.6498000000001));
#2443=CARTESIAN_POINT('Ctrl Pts',(-13.568063891648,9.42594629732208,42.6498000000001));
#2444=CARTESIAN_POINT('Ctrl Pts',(-13.1710760147978,9.42746907058265,42.6498000000001));
#2445=CARTESIAN_POINT('Ctrl Pts',(-12.7106911600388,9.62067101325645,42.6498));
#2446=CARTESIAN_POINT('Ctrl Pts',(-12.4422705619094,10.1095985712578,42.6498));
#2447=CARTESIAN_POINT('Ctrl Pts',(-12.4162423881925,10.3753490927176,42.6498));
#2448=CARTESIAN_POINT('Ctrl Pts',(-12.4155446931914,10.7032074320322,42.6498));
#2449=CARTESIAN_POINT('Ctrl Pts',(-12.5807687710038,11.0910334306758,42.6498));
#2450=CARTESIAN_POINT('Ctrl Pts',(-13.019663432267,11.3909657692741,42.6498));
#2451=CARTESIAN_POINT('Ctrl Pts',(-13.2766650967421,11.4513683600999,42.6498));
#2452=CARTESIAN_POINT('Ctrl Pts',(-13.4063239762565,11.4560222069998,42.6498));
#2453=CARTESIAN_POINT('',(13.4063247607637,11.4560222351578,42.6498));
#2454=CARTESIAN_POINT('Ctrl Pts',(13.4063247607637,11.4560222351578,42.6498));
#2455=CARTESIAN_POINT('Ctrl Pts',(13.2768086698291,11.4513736153817,42.6498));
#2456=CARTESIAN_POINT('Ctrl Pts',(13.0176700003769,11.3906308464241,42.6498));
#2457=CARTESIAN_POINT('Ctrl Pts',(12.6906379563247,11.1645727935531,42.6498));
#2458=CARTESIAN_POINT('Ctrl Pts',(12.4693916268687,10.8332492252475,42.6498));
#2459=CARTESIAN_POINT('Ctrl Pts',(12.4169592084764,10.5718303367242,42.6498));
#2460=CARTESIAN_POINT('Ctrl Pts',(12.4169404607108,10.3091874087369,42.6498));
#2461=CARTESIAN_POINT('Ctrl Pts',(12.4714316116419,10.0428431107413,42.6498));
#2462=CARTESIAN_POINT('Ctrl Pts',(12.7010467099436,9.70743988221487,42.6498));
#2463=CARTESIAN_POINT('Ctrl Pts',(13.039314620388,9.48273376568449,42.6498));
#2464=CARTESIAN_POINT('Ctrl Pts',(13.3051994011815,9.42782383250805,42.6498));
#2465=CARTESIAN_POINT('Ctrl Pts',(13.5681067189665,9.42676268860095,42.6498));
#2466=CARTESIAN_POINT('Ctrl Pts',(13.8304000487598,9.47786090737444,42.6498));
#2467=CARTESIAN_POINT('Ctrl Pts',(14.2133883190843,9.74676701743197,42.6498));
#2468=CARTESIAN_POINT('Ctrl Pts',(14.3894015195715,10.1159098058166,42.6498));
#2469=CARTESIAN_POINT('Ctrl Pts',(14.4110353838279,10.3771906385353,42.6498));
#2470=CARTESIAN_POINT('Ctrl Pts',(14.4110618461448,10.5729467582302,42.6498));
#2471=CARTESIAN_POINT('Ctrl Pts',(14.3652423475123,10.8351762902908,42.6498));
#2472=CARTESIAN_POINT('Ctrl Pts',(14.1581043058027,11.1766530670175,42.6498));
#2473=CARTESIAN_POINT('Ctrl Pts',(13.8281937520059,11.4066766733329,42.6498));
#2474=CARTESIAN_POINT('Ctrl Pts',(13.5681452175938,11.4571463734274,42.6498));
#2475=CARTESIAN_POINT('Ctrl Pts',(13.4274045127079,11.4566133778345,42.6498));
#2476=CARTESIAN_POINT('Ctrl Pts',(13.4168571051612,11.4564002643595,42.6498));
#2477=CARTESIAN_POINT('Ctrl Pts',(13.4063247607637,11.4560222351578,42.6498));
#2478=CARTESIAN_POINT('Ctrl Pts',(13.4170733739295,-9.72693025502194,42.3391779377227));
#2479=CARTESIAN_POINT('Ctrl Pts',(13.4244417690996,-9.72662351349407,42.3379871237828));
#2480=CARTESIAN_POINT('Ctrl Pts',(13.4318119512091,-9.7264255456763,42.3368013456809));
#2481=CARTESIAN_POINT('Ctrl Pts',(13.5300341455069,-9.7253107500832,42.3210981821919));
#2482=CARTESIAN_POINT('Ctrl Pts',(13.7097116471649,-9.75685636687072,42.2948063191383));
#2483=CARTESIAN_POINT('Ctrl Pts',(13.9386091647179,-9.90995842513382,42.2751017943039));
#2484=CARTESIAN_POINT('Ctrl Pts',(14.0865441174995,-10.1508376788883,42.2743667016935));
#2485=CARTESIAN_POINT('Ctrl Pts',(14.1203053098442,-10.3442882749024,42.27652985396));
#2486=CARTESIAN_POINT('Ctrl Pts',(14.1202933164827,-10.4895063112912,42.2765267507409));
#2487=CARTESIAN_POINT('Ctrl Pts',(14.1043610699488,-10.6834257106859,42.2756495625106));
#2488=CARTESIAN_POINT('Ctrl Pts',(13.9770524826964,-10.9468493425823,42.2719934170188));
#2489=CARTESIAN_POINT('Ctrl Pts',(13.7112507876314,-11.1256007348717,42.2945614577849));
#2490=CARTESIAN_POINT('Ctrl Pts',(13.5301170292333,-11.1576377866129,42.3211452396822));
#2491=CARTESIAN_POINT('Ctrl Pts',(13.3464916203548,-11.1554943355172,42.3504194767499));
#2492=CARTESIAN_POINT('Ctrl Pts',(13.1581945839048,-11.1180153540803,42.3825296730854));
#2493=CARTESIAN_POINT('Ctrl Pts',(12.9111254003627,-10.9637547661611,42.4233221116281));
#2494=CARTESIAN_POINT('Ctrl Pts',(12.7391526840355,-10.7272755751353,42.4488634046143));
#2495=CARTESIAN_POINT('Ctrl Pts',(12.6979102549087,-10.5364271811824,42.4543274789626));
#2496=CARTESIAN_POINT('Ctrl Pts',(12.6979316106289,-10.3485868037075,42.4543300017079));
#2497=CARTESIAN_POINT('Ctrl Pts',(12.7375919516489,-10.1612820533593,42.4490616660906));
#2498=CARTESIAN_POINT('Ctrl Pts',(12.9033823233277,-9.92749523409979,42.4245267986381));
#2499=CARTESIAN_POINT('Ctrl Pts',(13.1425436046112,-9.77210892373857,42.3851845364399));
#2500=CARTESIAN_POINT('Ctrl Pts',(13.3264867673687,-9.73070131689628,42.3538177325998));
#2501=CARTESIAN_POINT('Ctrl Pts',(13.4170733739295,-9.72693025502194,42.3391779377227));
#2502=CARTESIAN_POINT('Ctrl Pts',(13.4171753912812,-9.72977196924641,42.4194381115772));
#2503=CARTESIAN_POINT('Ctrl Pts',(13.4245183798162,-9.72979972284419,42.4184336124206));
#2504=CARTESIAN_POINT('Ctrl Pts',(13.4318517483061,-9.7299369642053,42.4174312125643));
#2505=CARTESIAN_POINT('Ctrl Pts',(13.5294684665167,-9.73329342940126,42.4041359641829));
#2506=CARTESIAN_POINT('Ctrl Pts',(13.7044067945394,-9.77301204762726,42.3811984021217));
#2507=CARTESIAN_POINT('Ctrl Pts',(13.9209668615678,-9.92662900778998,42.3632531300101));
#2508=CARTESIAN_POINT('Ctrl Pts',(14.0634954889674,-10.158827692017,42.362589774852));
#2509=CARTESIAN_POINT('Ctrl Pts',(14.0972112110725,-10.3468186450718,42.364569243867));
#2510=CARTESIAN_POINT('Ctrl Pts',(14.0972233475114,-10.487981287119,42.3645686377607));
#2511=CARTESIAN_POINT('Ctrl Pts',(14.0811911589585,-10.6768401225909,42.3637667256591));
#2512=CARTESIAN_POINT('Ctrl Pts',(13.957400102676,-10.9298613375382,42.3604354473897));
#2513=CARTESIAN_POINT('Ctrl Pts',(13.706041776829,-11.108734485302,42.3809955046832));
#2514=CARTESIAN_POINT('Ctrl Pts',(13.5297916150092,-11.1490326043954,42.4042133085312));
#2515=CARTESIAN_POINT('Ctrl Pts',(13.3472677721795,-11.1551483195476,42.4289969407339));
#2516=CARTESIAN_POINT('Ctrl Pts',(13.1564118175558,-11.1260289429747,42.4554735810889));
#2517=CARTESIAN_POINT('Ctrl Pts',(12.9001215110042,-10.976057196448,42.4875955859753));
#2518=CARTESIAN_POINT('Ctrl Pts',(12.7202078431655,-10.7356048494886,42.5071307256538));
#2519=CARTESIAN_POINT('Ctrl Pts',(12.6769695976227,-10.5390621395015,42.5112512963307));
#2520=CARTESIAN_POINT('Ctrl Pts',(12.6769696649242,-10.3455614809877,42.5112502136645));
#2521=CARTESIAN_POINT('Ctrl Pts',(12.7185154010344,-10.1526351728564,42.5072711550171));
#2522=CARTESIAN_POINT('Ctrl Pts',(12.8919258113045,-9.91471029096139,42.4885059950506));
#2523=CARTESIAN_POINT('Ctrl Pts',(13.1401390266559,-9.76306494888592,42.4575742852401));
#2524=CARTESIAN_POINT('Ctrl Pts',(13.3269011323619,-9.72943076818639,42.4317873637271));
#2525=CARTESIAN_POINT('Ctrl Pts',(13.4171753912812,-9.72977196924641,42.4194381115772));
#2526=CARTESIAN_POINT('Ctrl Pts',(13.4149332330183,-9.66731619162725,42.5816014770298));
#2527=CARTESIAN_POINT('Ctrl Pts',(13.4229567948599,-9.66761093581769,42.5812434608997));
#2528=CARTESIAN_POINT('Ctrl Pts',(13.4309653794319,-9.66803066984613,42.580885149488));
#2529=CARTESIAN_POINT('Ctrl Pts',(13.5374549887551,-9.6752748972545,42.5761225659694));
#2530=CARTESIAN_POINT('Ctrl Pts',(13.7258895812694,-9.72627400641976,42.5675720911011));
#2531=CARTESIAN_POINT('Ctrl Pts',(13.9535312240853,-9.89757648882246,42.5604959118672));
#2532=CARTESIAN_POINT('Ctrl Pts',(14.1041185201233,-10.1440716382913,42.5602352069585));
#2533=CARTESIAN_POINT('Ctrl Pts',(14.1404740466849,-10.3421412953891,42.5610169539644));
#2534=CARTESIAN_POINT('Ctrl Pts',(14.1404742739418,-10.4907716007193,42.5610163216035));
#2535=CARTESIAN_POINT('Ctrl Pts',(14.1230187624199,-10.689944318743,42.5606969268694));
#2536=CARTESIAN_POINT('Ctrl Pts',(13.9916381997249,-10.9568551593804,42.5593788343083));
#2537=CARTESIAN_POINT('Ctrl Pts',(13.727482657761,-11.1561745268681,42.56748410582));
#2538=CARTESIAN_POINT('Ctrl Pts',(13.5375068548299,-11.2081513871635,42.5761458529396));
#2539=CARTESIAN_POINT('Ctrl Pts',(13.3384754210447,-11.2215708172541,42.5850137929708));
#2540=CARTESIAN_POINT('Ctrl Pts',(13.1283563149618,-11.1953652576932,42.5941465237505));
#2541=CARTESIAN_POINT('Ctrl Pts',(12.8447942751627,-11.0329055151978,42.6045297873767));
#2542=CARTESIAN_POINT('Ctrl Pts',(12.6463235633523,-10.7673741666176,42.6105793689334));
#2543=CARTESIAN_POINT('Ctrl Pts',(12.5987227657703,-10.549885559876,42.6118324509637));
#2544=CARTESIAN_POINT('Ctrl Pts',(12.5987456053941,-10.3356734895403,42.6118336766667));
#2545=CARTESIAN_POINT('Ctrl Pts',(12.6445332975336,-10.1222332384594,42.6106260745248));
#2546=CARTESIAN_POINT('Ctrl Pts',(12.8358487902721,-9.85957697743763,42.6048215530984));
#2547=CARTESIAN_POINT('Ctrl Pts',(13.1105164547761,-9.69503224680868,42.5948485749197));
#2548=CARTESIAN_POINT('Ctrl Pts',(13.3162920468459,-9.66369262429684,42.5860029057768));
#2549=CARTESIAN_POINT('Ctrl Pts',(13.4149332330183,-9.66731619162724,42.5816014770299));
#2550=CARTESIAN_POINT('Ctrl Pts',(13.409198362609,-9.50757020184132,42.6498));
#2551=CARTESIAN_POINT('Ctrl Pts',(13.4188909369264,-9.50742311357725,42.6498069316244));
#2552=CARTESIAN_POINT('Ctrl Pts',(13.4285881014806,-9.50742747699712,42.6498141363588));
#2553=CARTESIAN_POINT('Ctrl Pts',(13.557845344823,-9.50958379984255,42.6499004077208));
#2554=CARTESIAN_POINT('Ctrl Pts',(13.7938505597204,-9.56043098386716,42.6500368991362));
#2555=CARTESIAN_POINT('Ctrl Pts',(14.0892381548101,-9.77084374257109,42.6501928162852));
#2556=CARTESIAN_POINT('Ctrl Pts',(14.2773372108411,-10.0803364816987,42.6501717470612));
#2557=CARTESIAN_POINT('Ctrl Pts',(14.3199973103252,-10.3209962229039,42.6501521170072));
#2558=CARTESIAN_POINT('Ctrl Pts',(14.3199855941518,-10.5008916002924,42.6501500626008));
#2559=CARTESIAN_POINT('Ctrl Pts',(14.2997517855487,-10.7412725966387,42.6501557175104));
#2560=CARTESIAN_POINT('Ctrl Pts',(14.1387605689929,-11.0759510817222,42.6502068835508));
#2561=CARTESIAN_POINT('Ctrl Pts',(13.7959025256547,-11.3215774894138,42.6500286566765));
#2562=CARTESIAN_POINT('Ctrl Pts',(13.5579212886525,-11.3731326017439,42.6498712329716));
#2563=CARTESIAN_POINT('Ctrl Pts',(13.3164229917184,-11.377057266227,42.6497419582469));
#2564=CARTESIAN_POINT('Ctrl Pts',(13.0691772915028,-11.3318826714348,42.6496103468121));
#2565=CARTESIAN_POINT('Ctrl Pts',(12.7491356636447,-11.1280594389356,42.6494768888158));
#2566=CARTESIAN_POINT('Ctrl Pts',(12.5298773280959,-10.8160129150495,42.649425925845));
#2567=CARTESIAN_POINT('Ctrl Pts',(12.4776752637744,-10.5659671290062,42.6494091287835));
#2568=CARTESIAN_POINT('Ctrl Pts',(12.4776874273933,-10.3194719355402,42.6494092605806));
#2569=CARTESIAN_POINT('Ctrl Pts',(12.527898892176,-10.0740472501519,42.6494249585386));
#2570=CARTESIAN_POINT('Ctrl Pts',(12.7391764491257,-9.76565102891158,42.6494709402528));
#2571=CARTESIAN_POINT('Ctrl Pts',(13.0487487494868,-9.56021311633846,42.6496032703982));
#2572=CARTESIAN_POINT('Ctrl Pts',(13.2900384375534,-9.5093784961034,42.6497147830268));
#2573=CARTESIAN_POINT('Ctrl Pts',(13.409198362609,-9.50757020184132,42.6498));
#2574=CARTESIAN_POINT('Ctrl Pts',(13.4063170760281,-9.42731137402737,42.6498));
#2575=CARTESIAN_POINT('Ctrl Pts',(13.4168519750401,-9.42693317185347,42.6498));
#2576=CARTESIAN_POINT('Ctrl Pts',(13.4274019455908,-9.42671996518756,42.6498));
#2577=CARTESIAN_POINT('Ctrl Pts',(13.5681452675236,-9.42618697052088,42.6498));
#2578=CARTESIAN_POINT('Ctrl Pts',(13.8281938006419,-9.47665661674793,42.6498));
#2579=CARTESIAN_POINT('Ctrl Pts',(14.1581044408532,-9.70668041573026,42.6498));
#2580=CARTESIAN_POINT('Ctrl Pts',(14.3652424905902,-10.0481571262526,42.6498));
#2581=CARTESIAN_POINT('Ctrl Pts',(14.411061905163,-10.3103865986861,42.6498));
#2582=CARTESIAN_POINT('Ctrl Pts',(14.4110354523064,-10.5061426374206,42.6498));
#2583=CARTESIAN_POINT('Ctrl Pts',(14.3894015793819,-10.7674236029018,42.6498));
#2584=CARTESIAN_POINT('Ctrl Pts',(14.2133883665126,-11.1365663179994,42.6498));
#2585=CARTESIAN_POINT('Ctrl Pts',(13.8304001446624,-11.4054724401393,42.6498));
#2586=CARTESIAN_POINT('Ctrl Pts',(13.5681067575981,-11.4565706710907,42.6498000000001));
#2587=CARTESIAN_POINT('Ctrl Pts',(13.3051993073247,-11.4555095532256,42.6498000000001));
#2588=CARTESIAN_POINT('Ctrl Pts',(13.039314535018,-11.4005995797169,42.6498000000001));
#2589=CARTESIAN_POINT('Ctrl Pts',(12.7010465504923,-11.1758934578041,42.6498000000001));
#2590=CARTESIAN_POINT('Ctrl Pts',(12.4714315969074,-10.8404903365459,42.6498000000001));
#2591=CARTESIAN_POINT('Ctrl Pts',(12.4169403811277,-10.5741459672312,42.6498000000001));
#2592=CARTESIAN_POINT('Ctrl Pts',(12.4169591482166,-10.3115035518029,42.6498000000001));
#2593=CARTESIAN_POINT('Ctrl Pts',(12.4693910652664,-10.0500860062,42.6498));
#2594=CARTESIAN_POINT('Ctrl Pts',(12.6906354150759,-9.71876339519338,42.6498));
#2595=CARTESIAN_POINT('Ctrl Pts',(13.0176647500319,-9.49270504712005,42.6498));
#2596=CARTESIAN_POINT('Ctrl Pts',(13.2768016618945,-9.43196096878127,42.6498));
#2597=CARTESIAN_POINT('Ctrl Pts',(13.4063170760281,-9.42731137402737,42.6498));
#2598=CARTESIAN_POINT('Ctrl Pts',(13.4063170760281,-9.42731137402737,42.6498));
#2599=CARTESIAN_POINT('Ctrl Pts',(13.409198362609,-9.50757020184132,42.6498));
#2600=CARTESIAN_POINT('Ctrl Pts',(13.4149332330183,-9.66731619162725,42.5816014770298));
#2601=CARTESIAN_POINT('Ctrl Pts',(13.4171753912812,-9.72977196924641,42.4194381115772));
#2602=CARTESIAN_POINT('Ctrl Pts',(13.4170733739295,-9.72693025502194,42.3391779377227));
#2603=CARTESIAN_POINT('Ctrl Pts',(13.4170787488412,11.156403302046,42.3391770690787));
#2604=CARTESIAN_POINT('Ctrl Pts',(13.4244453531426,11.1567099155305,42.3379865473307));
#2605=CARTESIAN_POINT('Ctrl Pts',(13.4318137426847,11.1569078079587,42.3368010592118));
#2606=CARTESIAN_POINT('Ctrl Pts',(13.5300341105598,11.1580225905253,42.3210981872557));
#2607=CARTESIAN_POINT('Ctrl Pts',(13.709711613608,11.1264769364271,42.2948063284226));
#2608=CARTESIAN_POINT('Ctrl Pts',(13.938609069781,10.9733750139582,42.2751018024964));
#2609=CARTESIAN_POINT('Ctrl Pts',(14.0865440172989,10.7324957114554,42.2743667122113));
#2610=CARTESIAN_POINT('Ctrl Pts',(14.1203052695476,10.5390450754278,42.2765298635222));
#2611=CARTESIAN_POINT('Ctrl Pts',(14.1202932694158,10.3938269784363,42.276526760487));
#2612=CARTESIAN_POINT('Ctrl Pts',(14.1043610293917,10.1999076772145,42.2756495732454));
#2613=CARTESIAN_POINT('Ctrl Pts',(13.9770524503145,9.93648398916351,42.2719934262806));
#2614=CARTESIAN_POINT('Ctrl Pts',(13.7112507210609,9.75773260804571,42.294561469252));
#2615=CARTESIAN_POINT('Ctrl Pts',(13.5301170024403,9.72569556365281,42.3211452457195));
#2616=CARTESIAN_POINT('Ctrl Pts',(13.3464916858158,9.72783903289849,42.3504194676239));
#2617=CARTESIAN_POINT('Ctrl Pts',(13.1581946460922,9.76531798765933,42.3825296640638));
#2618=CARTESIAN_POINT('Ctrl Pts',(12.911125515127,9.91957857196427,42.4233220940165));
#2619=CARTESIAN_POINT('Ctrl Pts',(12.7391526939577,10.1560578380122,42.448863403899));
#2620=CARTESIAN_POINT('Ctrl Pts',(12.6979103122855,10.346906181694,42.4543274707246));
#2621=CARTESIAN_POINT('Ctrl Pts',(12.6979316542737,10.5347469256237,42.4543299956419));
#2622=CARTESIAN_POINT('Ctrl Pts',(12.7375923766268,10.7220526394814,42.4490616100166));
#2623=CARTESIAN_POINT('Ctrl Pts',(12.9033842180466,10.9558400947706,42.4245265099453));
#2624=CARTESIAN_POINT('Ctrl Pts',(13.1425474025039,11.1112261493874,42.385183893038));
#2625=CARTESIAN_POINT('Ctrl Pts',(13.3264917193482,11.1526328803386,42.3538168982709));
#2626=CARTESIAN_POINT('Ctrl Pts',(13.4170787488412,11.156403302046,42.3391770690787));
#2627=CARTESIAN_POINT('Ctrl Pts',(13.4171807528209,11.1535613495213,42.4194373794683));
#2628=CARTESIAN_POINT('Ctrl Pts',(13.4245219514688,11.1535335488616,42.4184331258158));
#2629=CARTESIAN_POINT('Ctrl Pts',(13.4318535336099,11.153396313757,42.4174309706038));
#2630=CARTESIAN_POINT('Ctrl Pts',(13.5294684365173,11.1500399181995,42.4041359690307));
#2631=CARTESIAN_POINT('Ctrl Pts',(13.7044067635602,11.110321263954,42.3811984103746));
#2632=CARTESIAN_POINT('Ctrl Pts',(13.920966772635,10.956704433465,42.3632531374869));
#2633=CARTESIAN_POINT('Ctrl Pts',(14.0634953940908,10.7245057017436,42.3625897842682));
#2634=CARTESIAN_POINT('Ctrl Pts',(14.0972111737223,10.5365147089097,42.3645692523856));
#2635=CARTESIAN_POINT('Ctrl Pts',(14.097223303345,10.3953520075314,42.3645686464073));
#2636=CARTESIAN_POINT('Ctrl Pts',(14.0811911210758,10.2064932668575,42.3637667351608));
#2637=CARTESIAN_POINT('Ctrl Pts',(13.9574000718023,9.95347199705688,42.3604354555027));
#2638=CARTESIAN_POINT('Ctrl Pts',(13.706041712886,9.77459885985602,42.380995514696));
#2639=CARTESIAN_POINT('Ctrl Pts',(13.529791589919,9.73430074957145,42.4042133138503));
#2640=CARTESIAN_POINT('Ctrl Pts',(13.3472678387366,9.72818505676552,42.4289969331817));
#2641=CARTESIAN_POINT('Ctrl Pts',(13.1564118835186,9.7573044046381,42.4554735742273));
#2642=CARTESIAN_POINT('Ctrl Pts',(12.9001216302124,9.90727614940587,42.4875955720418));
#2643=CARTESIAN_POINT('Ctrl Pts',(12.7202078547454,10.1477285694555,42.5071307252476));
#2644=CARTESIAN_POINT('Ctrl Pts',(12.6769696585408,10.3442712289289,42.5112512900242));
#2645=CARTESIAN_POINT('Ctrl Pts',(12.6769697122478,10.537772264387,42.5112502091973));
#2646=CARTESIAN_POINT('Ctrl Pts',(12.7185158486546,10.7306995642915,42.5072711129755));
#2647=CARTESIAN_POINT('Ctrl Pts',(12.8919277944167,10.9686250611838,42.4885057736614));
#2648=CARTESIAN_POINT('Ctrl Pts',(13.1401429507479,11.1202700211402,42.4575737727836));
#2649=CARTESIAN_POINT('Ctrl Pts',(13.3269061362918,11.1539032138421,42.4317866725096));
#2650=CARTESIAN_POINT('Ctrl Pts',(13.4171807528209,11.1535613495213,42.4194373794683));
#2651=CARTESIAN_POINT('Ctrl Pts',(13.4149390837138,11.2160169242729,42.5816012173192));
#2652=CARTESIAN_POINT('Ctrl Pts',(13.4229606871816,11.2157221910877,42.5812432882171));
#2653=CARTESIAN_POINT('Ctrl Pts',(13.4309673196812,11.2153025285732,42.5808850640146));
#2654=CARTESIAN_POINT('Ctrl Pts',(13.5374549493364,11.2080584434424,42.5761225688667));
#2655=CARTESIAN_POINT('Ctrl Pts',(13.7258895405642,11.1570592987237,42.5675720949396));
#2656=CARTESIAN_POINT('Ctrl Pts',(13.9535311240122,10.985756954283,42.560495915429));
#2657=CARTESIAN_POINT('Ctrl Pts',(14.1041184140884,10.7392617562976,42.5602352110856));
#2658=CARTESIAN_POINT('Ctrl Pts',(14.1404740022187,10.5411920564827,42.5610169576443));
#2659=CARTESIAN_POINT('Ctrl Pts',(14.1404742223923,10.3925616890171,42.5610163252771));
#2660=CARTESIAN_POINT('Ctrl Pts',(14.1230187178025,10.1933890709817,42.5606969308223));
#2661=CARTESIAN_POINT('Ctrl Pts',(13.9916381622361,9.92647817360786,42.5593788376488));
#2662=CARTESIAN_POINT('Ctrl Pts',(13.7274825851801,9.72715881680092,42.5674841098342));
#2663=CARTESIAN_POINT('Ctrl Pts',(13.5375068240502,9.67518196797075,42.5761458552193));
#2664=CARTESIAN_POINT('Ctrl Pts',(13.3384754901464,9.66176256602509,42.5850137906165));
#2665=CARTESIAN_POINT('Ctrl Pts',(13.1283563843441,9.68796809226474,42.5941465219156));
#2666=CARTESIAN_POINT('Ctrl Pts',(12.8447944026582,9.85042783431807,42.6045297831134));
#2667=CARTESIAN_POINT('Ctrl Pts',(12.6463235719932,10.1159592617755,42.6105793691633));
#2668=CARTESIAN_POINT('Ctrl Pts',(12.5987228284059,10.3334478132616,42.611832449314));
#2669=CARTESIAN_POINT('Ctrl Pts',(12.5987456525599,10.5476603001386,42.6118336757215));
#2670=CARTESIAN_POINT('Ctrl Pts',(12.6445337849213,10.7611016467138,42.6106260623134));
#2671=CARTESIAN_POINT('Ctrl Pts',(12.8358509737851,11.0237585782063,42.6048214848071));
#2672=CARTESIAN_POINT('Ctrl Pts',(13.110520791347,11.1883028192281,42.5948484072132));
#2673=CARTESIAN_POINT('Ctrl Pts',(13.3162975386827,11.2196412541067,42.5860026664533));
#2674=CARTESIAN_POINT('Ctrl Pts',(13.4149390837138,11.2160169242729,42.5816012173192));
#2675=CARTESIAN_POINT('Ctrl Pts',(13.4092054341045,11.3757632403728,42.6498));
#2676=CARTESIAN_POINT('Ctrl Pts',(13.4188956537097,11.3759102186452,42.6498069299625));
#2677=CARTESIAN_POINT('Ctrl Pts',(13.4285904601949,11.3759058185755,42.6498141329825));
#2678=CARTESIAN_POINT('Ctrl Pts',(13.5578453000976,11.3737495455405,42.6499004029633));
#2679=CARTESIAN_POINT('Ctrl Pts',(13.7938505150816,11.3229023132877,42.650036895271));
#2680=CARTESIAN_POINT('Ctrl Pts',(14.089238032751,11.112489728617,42.6501928128232));
#2681=CARTESIAN_POINT('Ctrl Pts',(14.2773370812452,10.8029969289435,42.650171744143));
#2682=CARTESIAN_POINT('Ctrl Pts',(14.319997257081,10.5623371335805,42.6501521144829));
#2683=CARTESIAN_POINT('Ctrl Pts',(14.3199855321864,10.3824416814696,42.6501500602566));
#2684=CARTESIAN_POINT('Ctrl Pts',(14.2997517316113,10.1420608067396,42.6501557153333));
#2685=CARTESIAN_POINT('Ctrl Pts',(14.1387605256119,9.80738225381914,42.6502068815639));
#2686=CARTESIAN_POINT('Ctrl Pts',(13.7959024382935,9.56175585765396,42.6500286547704));
#2687=CARTESIAN_POINT('Ctrl Pts',(13.5579212533804,9.51020075723814,42.6498712310943));
#2688=CARTESIAN_POINT('Ctrl Pts',(13.3164230780291,9.50627611948699,42.6497419564506));
#2689=CARTESIAN_POINT('Ctrl Pts',(13.0691773723089,9.55145067619794,42.6496103450051));
#2690=CARTESIAN_POINT('Ctrl Pts',(12.7491358132536,9.75527390497445,42.6494768869344));
#2691=CARTESIAN_POINT('Ctrl Pts',(12.5298773416717,10.0673205265599,42.6494259238218));
#2692=CARTESIAN_POINT('Ctrl Pts',(12.4776753386843,10.3173662466567,42.6494091265954));
#2693=CARTESIAN_POINT('Ctrl Pts',(12.4776874843881,10.5638619207369,42.6494092580893));
#2694=CARTESIAN_POINT('Ctrl Pts',(12.527899430248,10.8092878667168,42.6494249558916));
#2695=CARTESIAN_POINT('Ctrl Pts',(12.7391788726503,11.1176849494344,42.6494709376172));
#2696=CARTESIAN_POINT('Ctrl Pts',(13.0487536965412,11.3231225005115,42.6496032690693));
#2697=CARTESIAN_POINT('Ctrl Pts',(13.2900449398986,11.3739558506249,42.6497147823483));
#2698=CARTESIAN_POINT('Ctrl Pts',(13.4092054341045,11.3757632403728,42.6498));
#2699=CARTESIAN_POINT('Ctrl Pts',(13.4063247607637,11.4560222351578,42.6498));
#2700=CARTESIAN_POINT('Ctrl Pts',(13.4168571051612,11.4564002643595,42.6498));
#2701=CARTESIAN_POINT('Ctrl Pts',(13.4274045127079,11.4566133778345,42.6498));
#2702=CARTESIAN_POINT('Ctrl Pts',(13.5681452175938,11.4571463734274,42.6498));
#2703=CARTESIAN_POINT('Ctrl Pts',(13.8281937520059,11.4066766733329,42.6498));
#2704=CARTESIAN_POINT('Ctrl Pts',(14.1581043058027,11.1766530670175,42.6498));
#2705=CARTESIAN_POINT('Ctrl Pts',(14.3652423475123,10.8351762902908,42.6498));
#2706=CARTESIAN_POINT('Ctrl Pts',(14.4110618461448,10.5729467582302,42.6498));
#2707=CARTESIAN_POINT('Ctrl Pts',(14.4110353838279,10.3771906385353,42.6498));
#2708=CARTESIAN_POINT('Ctrl Pts',(14.3894015195715,10.1159098058166,42.6498));
#2709=CARTESIAN_POINT('Ctrl Pts',(14.2133883190843,9.74676701743197,42.6498));
#2710=CARTESIAN_POINT('Ctrl Pts',(13.8304000487598,9.47786090737444,42.6498));
#2711=CARTESIAN_POINT('Ctrl Pts',(13.5681067189665,9.42676268860095,42.6498));
#2712=CARTESIAN_POINT('Ctrl Pts',(13.3051994011815,9.42782383250805,42.6498));
#2713=CARTESIAN_POINT('Ctrl Pts',(13.039314620388,9.48273376568449,42.6498));
#2714=CARTESIAN_POINT('Ctrl Pts',(12.7010467099436,9.70743988221487,42.6498));
#2715=CARTESIAN_POINT('Ctrl Pts',(12.4714316116419,10.0428431107413,42.6498));
#2716=CARTESIAN_POINT('Ctrl Pts',(12.4169404607108,10.3091874087369,42.6498));
#2717=CARTESIAN_POINT('Ctrl Pts',(12.4169592084764,10.5718303367242,42.6498));
#2718=CARTESIAN_POINT('Ctrl Pts',(12.4693916268687,10.8332492252475,42.6498));
#2719=CARTESIAN_POINT('Ctrl Pts',(12.6906379563247,11.1645727935531,42.6498));
#2720=CARTESIAN_POINT('Ctrl Pts',(13.0176700003769,11.3906308464241,42.6498));
#2721=CARTESIAN_POINT('Ctrl Pts',(13.2768086698291,11.4513736153817,42.6498));
#2722=CARTESIAN_POINT('Ctrl Pts',(13.4063247607637,11.4560222351578,42.6498));
#2723=CARTESIAN_POINT('Ctrl Pts',(13.4063247607637,11.4560222351578,42.6498));
#2724=CARTESIAN_POINT('Ctrl Pts',(13.4092054341045,11.3757632403728,42.6498));
#2725=CARTESIAN_POINT('Ctrl Pts',(13.4149390837138,11.2160169242729,42.5816012173192));
#2726=CARTESIAN_POINT('Ctrl Pts',(13.4171807528209,11.1535613495213,42.4194373794683));
#2727=CARTESIAN_POINT('Ctrl Pts',(13.4170787488412,11.156403302046,42.3391770690787));
#2728=CARTESIAN_POINT('Ctrl Pts',(-13.4170779352853,11.1564106580979,42.3389708873046));
#2729=CARTESIAN_POINT('Ctrl Pts',(-13.3263902167797,11.1526254263039,42.3536327504464));
#2730=CARTESIAN_POINT('Ctrl Pts',(-13.144091758505,11.1112966043448,42.3847389116686));
#2731=CARTESIAN_POINT('Ctrl Pts',(-12.8229350282908,10.905535344057,42.4375699217977));
#2732=CARTESIAN_POINT('Ctrl Pts',(-12.6967997106409,10.6288948691783,42.4542902025819));
#2733=CARTESIAN_POINT('Ctrl Pts',(-12.6974712095613,10.3942961732503,42.454205686213));
#2734=CARTESIAN_POINT('Ctrl Pts',(-12.7168334823051,10.2037891354955,42.4514887411101));
#2735=CARTESIAN_POINT('Ctrl Pts',(-12.9202296339996,9.85739742592334,42.4231735726785));
#2736=CARTESIAN_POINT('Ctrl Pts',(-13.2532464525163,9.72855838571673,42.3654580300705));
#2737=CARTESIAN_POINT('Ctrl Pts',(-13.5300476377309,9.72531912487246,42.3208476928401));
#2738=CARTESIAN_POINT('Ctrl Pts',(-13.7115226296781,9.75743818322156,42.2943993618135));
#2739=CARTESIAN_POINT('Ctrl Pts',(-13.9008729947137,9.88490047360049,42.2780827117784));
#2740=CARTESIAN_POINT('Ctrl Pts',(-14.069323466318,10.1038568248111,42.2726308004244));
#2741=CARTESIAN_POINT('Ctrl Pts',(-14.1211040116908,10.29594330315,42.2763548388995));
#2742=CARTESIAN_POINT('Ctrl Pts',(-14.12095329838,10.5384931682541,42.2763308912155));
#2743=CARTESIAN_POINT('Ctrl Pts',(-14.0874712090338,10.7317196897951,42.2741319320251));
#2744=CARTESIAN_POINT('Ctrl Pts',(-13.9397808606447,10.9722587452719,42.2748805281109));
#2745=CARTESIAN_POINT('Ctrl Pts',(-13.711674158307,11.1261050846111,42.2943459868796));
#2746=CARTESIAN_POINT('Ctrl Pts',(-13.5302298113995,11.1580338133658,42.3208934295222));
#2747=CARTESIAN_POINT('Ctrl Pts',(-13.4318023110895,11.1569174964641,42.3365935796582));
#2748=CARTESIAN_POINT('Ctrl Pts',(-13.4244394358532,11.1567179211591,42.3377807226866));
#2749=CARTESIAN_POINT('Ctrl Pts',(-13.4170779352853,11.1564106580979,42.3389708873046));
#2750=CARTESIAN_POINT('Ctrl Pts',(-13.4171821252769,11.1535078643743,42.4192985144218));
#2751=CARTESIAN_POINT('Ctrl Pts',(-13.3268151448055,11.1538472212731,42.4316682416038));
#2752=CARTESIAN_POINT('Ctrl Pts',(-13.1417932926547,11.1203050759811,42.4572595280941));
#2753=CARTESIAN_POINT('Ctrl Pts',(-12.8083962251073,10.9197229149171,42.4987659078008));
#2754=CARTESIAN_POINT('Ctrl Pts',(-12.675744572007,10.6348683880364,42.511214208125));
#2755=CARTESIAN_POINT('Ctrl Pts',(-12.6765222106821,10.3932418494547,42.5111742642767));
#2756=CARTESIAN_POINT('Ctrl Pts',(-12.6967154811887,10.1972294002358,42.5090603976935));
#2757=CARTESIAN_POINT('Ctrl Pts',(-12.9102568843198,9.84196844833075,42.4878132735799));
#2758=CARTESIAN_POINT('Ctrl Pts',(-13.2546818012215,9.72443047681156,42.4418208720125));
#2759=CARTESIAN_POINT('Ctrl Pts',(-13.5297132855311,9.73415943773875,42.4039920782701));
#2760=CARTESIAN_POINT('Ctrl Pts',(-13.7061932590572,9.77425799898881,42.3809009893096));
#2761=CARTESIAN_POINT('Ctrl Pts',(-13.8853488091206,9.90225141914384,42.3660241719618));
#2762=CARTESIAN_POINT('Ctrl Pts',(-14.0463702354031,10.1144157983018,42.3610537408446));
#2763=CARTESIAN_POINT('Ctrl Pts',(-14.0977991090097,10.3001195538776,42.3644441236909));
#2764=CARTESIAN_POINT('Ctrl Pts',(-14.0976595542634,10.5359924907956,42.3644180418466));
#2765=CARTESIAN_POINT('Ctrl Pts',(-14.0642287737759,10.7236961812154,42.3624080840873));
#2766=CARTESIAN_POINT('Ctrl Pts',(-13.9219610558525,10.9555680205397,42.3630822326364));
#2767=CARTESIAN_POINT('Ctrl Pts',(-13.7062320844337,11.1097892527841,42.3808250805088));
#2768=CARTESIAN_POINT('Ctrl Pts',(-13.5296514511184,11.1499831338498,42.4039956710592));
#2769=CARTESIAN_POINT('Ctrl Pts',(-13.4318431172988,11.1533438075431,42.4172907155522));
#2770=CARTESIAN_POINT('Ctrl Pts',(-13.4245175902001,11.1534803173586,42.4182944120453));
#2771=CARTESIAN_POINT('Ctrl Pts',(-13.4171821252769,11.1535078643743,42.4192985144218));
#2772=CARTESIAN_POINT('Ctrl Pts',(-13.4149409424453,11.2159485206734,42.5815720316026));
#2773=CARTESIAN_POINT('Ctrl Pts',(-13.3161994300988,11.2195790994541,42.5859802574411));
#2774=CARTESIAN_POINT('Ctrl Pts',(-13.1123353865282,11.1883507041102,42.5947678750212));
#2775=CARTESIAN_POINT('Ctrl Pts',(-12.743439994579,10.9705878792533,42.6081369403116));
#2776=CARTESIAN_POINT('Ctrl Pts',(-12.5974214180518,10.6551164463978,42.6118212243025));
#2777=CARTESIAN_POINT('Ctrl Pts',(-12.5982529807277,10.3875886619798,42.6118183211497));
#2778=CARTESIAN_POINT('Ctrl Pts',(-12.6205324901095,10.1708186662009,42.6111457458012));
#2779=CARTESIAN_POINT('Ctrl Pts',(-12.8557261239099,9.77705279870689,42.6047514332501));
#2780=CARTESIAN_POINT('Ctrl Pts',(-13.2373825922697,9.65373143562604,42.5896485865766));
#2781=CARTESIAN_POINT('Ctrl Pts',(-13.5375150026138,9.67491943195633,42.5760877533198));
#2782=CARTESIAN_POINT('Ctrl Pts',(-13.7276514627657,9.72652158151891,42.567476971031));
#2783=CARTESIAN_POINT('Ctrl Pts',(-13.9160705254888,9.8693527234741,42.5616117698454));
#2784=CARTESIAN_POINT('Ctrl Pts',(-14.0857810270675,10.0966450739786,42.559650817609));
#2785=CARTESIAN_POINT('Ctrl Pts',(-14.1411208604213,10.2919749130685,42.5609920623219));
#2786=CARTESIAN_POINT('Ctrl Pts',(-14.1410226085254,10.5403271866182,42.560983704445));
#2787=CARTESIAN_POINT('Ctrl Pts',(-14.1049447128571,10.7381745281902,42.5601900749945));
#2788=CARTESIAN_POINT('Ctrl Pts',(-13.9545997825088,10.9843653241469,42.5604541705313));
#2789=CARTESIAN_POINT('Ctrl Pts',(-13.7278698096407,11.1562895184417,42.5674544102078));
#2790=CARTESIAN_POINT('Ctrl Pts',(-13.5376387232297,11.207968783053,42.5760934016044));
#2791=CARTESIAN_POINT('Ctrl Pts',(-13.4309570720354,11.2152346588696,42.5808554673229));
#2792=CARTESIAN_POINT('Ctrl Pts',(-13.4229562030693,11.2156538114427,42.5812141975148));
#2793=CARTESIAN_POINT('Ctrl Pts',(-13.4149409424453,11.2159485206734,42.5815720316026));
#2794=CARTESIAN_POINT('Ctrl Pts',(-13.409204712201,11.37576322926,42.6498));
#2795=CARTESIAN_POINT('Ctrl Pts',(-13.2899128407565,11.3739537534994,42.6497146884216));
#2796=CARTESIAN_POINT('Ctrl Pts',(-13.0506791255332,11.3233898941588,42.6495957270821));
#2797=CARTESIAN_POINT('Ctrl Pts',(-12.6351100697095,11.0510124146329,42.649416610201));
#2798=CARTESIAN_POINT('Ctrl Pts',(-12.4762804054032,10.6872778708816,42.6494076843055));
#2799=CARTESIAN_POINT('Ctrl Pts',(-12.4770279283511,10.3795470626555,42.6494077548307));
#2800=CARTESIAN_POINT('Ctrl Pts',(-12.5018133980364,10.1301429190386,42.6494136632877));
#2801=CARTESIAN_POINT('Ctrl Pts',(-12.7591861583594,9.67297261158654,42.6494748169232));
#2802=CARTESIAN_POINT('Ctrl Pts',(-13.1933584638933,9.5032832186216,42.6496565904378));
#2803=CARTESIAN_POINT('Ctrl Pts',(-13.5578825290279,9.50957959907777,42.6498797832848));
#2804=CARTESIAN_POINT('Ctrl Pts',(-13.7961297128567,9.56126418523258,42.6500488841416));
#2805=CARTESIAN_POINT('Ctrl Pts',(-14.0405127394571,9.73633932224247,42.6501744355544));
#2806=CARTESIAN_POINT('Ctrl Pts',(-14.2556483324968,10.0211589689867,42.6502092788884));
#2807=CARTESIAN_POINT('Ctrl Pts',(-14.3208775210059,10.261322272677,42.6501772370386));
#2808=CARTESIAN_POINT('Ctrl Pts',(-14.3207020591322,10.5616979598212,42.6501770764543));
#2809=CARTESIAN_POINT('Ctrl Pts',(-14.2784071765539,10.8020308182108,42.650193925593));
#2810=CARTESIAN_POINT('Ctrl Pts',(-14.0906205657303,11.1110094517369,42.6502086449398));
#2811=CARTESIAN_POINT('Ctrl Pts',(-13.7963703010616,11.3222761274296,42.6500501220636));
#2812=CARTESIAN_POINT('Ctrl Pts',(-13.5580274450381,11.373742555362,42.6499018638531));
#2813=CARTESIAN_POINT('Ctrl Pts',(-13.4285794742638,11.3759064324673,42.6498140870084));
#2814=CARTESIAN_POINT('Ctrl Pts',(-13.4188881312335,11.3759101119588,42.6498069250969));
#2815=CARTESIAN_POINT('Ctrl Pts',(-13.409204712201,11.37576322926,42.6498));
#2816=CARTESIAN_POINT('Ctrl Pts',(-13.4063239762565,11.4560222069998,42.6498));
#2817=CARTESIAN_POINT('Ctrl Pts',(-13.2766650967421,11.4513683600999,42.6498));
#2818=CARTESIAN_POINT('Ctrl Pts',(-13.019663432267,11.3909657692741,42.6498));
#2819=CARTESIAN_POINT('Ctrl Pts',(-12.5807687710038,11.0910334306758,42.6498));
#2820=CARTESIAN_POINT('Ctrl Pts',(-12.4155446931914,10.7032074320322,42.6498));
#2821=CARTESIAN_POINT('Ctrl Pts',(-12.4162423881925,10.3753490927176,42.6498));
#2822=CARTESIAN_POINT('Ctrl Pts',(-12.4422705619094,10.1095985712578,42.6498));
#2823=CARTESIAN_POINT('Ctrl Pts',(-12.7106911600388,9.62067101325645,42.6498));
#2824=CARTESIAN_POINT('Ctrl Pts',(-13.1710760147978,9.42746907058265,42.6498000000001));
#2825=CARTESIAN_POINT('Ctrl Pts',(-13.568063891648,9.42594629732208,42.6498000000001));
#2826=CARTESIAN_POINT('Ctrl Pts',(-13.8306810287518,9.47744415724695,42.6498000000001));
#2827=CARTESIAN_POINT('Ctrl Pts',(-14.1035808745257,9.66869076492769,42.6498000000001));
#2828=CARTESIAN_POINT('Ctrl Pts',(-14.3418351551927,9.98271543259861,42.6498000000001));
#2829=CARTESIAN_POINT('Ctrl Pts',(-14.412063402403,10.2455921045725,42.6498));
#2830=CARTESIAN_POINT('Ctrl Pts',(-14.4118582386223,10.5723323233668,42.6498));
#2831=CARTESIAN_POINT('Ctrl Pts',(-14.3664395580689,10.834206482704,42.6498));
#2832=CARTESIAN_POINT('Ctrl Pts',(-14.1596466774989,11.1750603305101,42.6498));
#2833=CARTESIAN_POINT('Ctrl Pts',(-13.8309919897159,11.406069000342,42.6498));
#2834=CARTESIAN_POINT('Ctrl Pts',(-13.5683248021647,11.4571418846835,42.6498));
#2835=CARTESIAN_POINT('Ctrl Pts',(-13.4273935821182,11.4566139485965,42.6498));
#2836=CARTESIAN_POINT('Ctrl Pts',(-13.4168489285975,11.456399979174,42.6498));
#2837=CARTESIAN_POINT('Ctrl Pts',(-13.4063239762565,11.4560222069998,42.6498));
#2838=CARTESIAN_POINT('',(-13.4170788756517,11.1563852937132,42.3391765310574));
#2839=CARTESIAN_POINT('Ctrl Pts',(-13.4063239762565,11.4560222069998,42.6498));
#2840=CARTESIAN_POINT('Ctrl Pts',(-13.409204712201,11.37576322926,42.6498));
#2841=CARTESIAN_POINT('Ctrl Pts',(-13.4149384863083,11.2160169500768,42.5816012454291));
#2842=CARTESIAN_POINT('Ctrl Pts',(-13.4171802053785,11.1535613538613,42.4194374616099));
#2843=CARTESIAN_POINT('Ctrl Pts',(-13.4170782001499,11.1564032788183,42.3391771687478));
#2844=CARTESIAN_POINT('',(-13.4390405728764,9.72509818664436,42.3357830788084));
#2845=CARTESIAN_POINT('Ctrl Pts',(-13.4170788756517,11.1563852937132,42.3391765310574));
#2846=CARTESIAN_POINT('Ctrl Pts',(-13.3837916513891,11.1549472830041,42.3445550777295));
#2847=CARTESIAN_POINT('Ctrl Pts',(-13.3504737609856,11.1511604170389,42.350049492909));
#2848=CARTESIAN_POINT('Ctrl Pts',(-13.3173924712511,11.1451801203787,42.3555729566736));
#2849=CARTESIAN_POINT('Ctrl Pts',(-13.2839713864861,11.1391383969996,42.3611531547902));
#2850=CARTESIAN_POINT('Ctrl Pts',(-13.2507909431306,11.1308576597958,42.3667629267944));
#2851=CARTESIAN_POINT('Ctrl Pts',(-13.2181385942325,11.1204515145916,42.3722907366109));
#2852=CARTESIAN_POINT('Ctrl Pts',(-13.1950660695093,11.1130984128823,42.3761967505107));
#2853=CARTESIAN_POINT('Ctrl Pts',(-13.1722574457729,11.1046831121605,42.3800613706531));
#2854=CARTESIAN_POINT('Ctrl Pts',(-13.1498211909572,11.0952330755271,42.3838391155358));
#2855=CARTESIAN_POINT('Ctrl Pts',(-13.1118658811728,11.0792464917216,42.3902299092973));
#2856=CARTESIAN_POINT('Ctrl Pts',(-13.0749641242505,11.0602933427885,42.3963752411124));
#2857=CARTESIAN_POINT('Ctrl Pts',(-13.039722581527,11.0385051703915,42.4021653324618));
#2858=CARTESIAN_POINT('Ctrl Pts',(-13.0052903557569,11.0172173602359,42.4078224551973));
#2859=CARTESIAN_POINT('Ctrl Pts',(-12.9724426148428,10.9932229447544,42.4131399627312));
#2860=CARTESIAN_POINT('Ctrl Pts',(-12.9417906159974,10.9666333974704,42.4179987625945));
#2861=CARTESIAN_POINT('Ctrl Pts',(-12.9330470298051,10.9590486393062,42.4193847516652));
#2862=CARTESIAN_POINT('Ctrl Pts',(-12.9244824169651,10.9512526607827,42.4207333366129));
#2863=CARTESIAN_POINT('Ctrl Pts',(-12.9161117283442,10.9432479298705,42.4220415913344));
#2864=CARTESIAN_POINT('Ctrl Pts',(-12.9158472225917,10.9429949880316,42.422082930932));
#2865=CARTESIAN_POINT('Ctrl Pts',(-12.9155829122904,10.942741840978,42.422124234287));
#2866=CARTESIAN_POINT('Ctrl Pts',(-12.9153187979134,10.9424884888384,42.422165501374));
#2867=CARTESIAN_POINT('Ctrl Pts',(-12.8846612915953,10.9130802267494,42.4269556456846));
#2868=CARTESIAN_POINT('Ctrl Pts',(-12.8566448632623,10.8809044334473,42.4312569054313));
#2869=CARTESIAN_POINT('Ctrl Pts',(-12.8316694078949,10.8465080657961,42.435029841081));
#2870=CARTESIAN_POINT('Ctrl Pts',(-12.8059547722557,10.8110936940276,42.4389144415456));
#2871=CARTESIAN_POINT('Ctrl Pts',(-12.7834643367924,10.773325843326,42.4422382999759));
#2872=CARTESIAN_POINT('Ctrl Pts',(-12.7646139213063,10.7338514313936,42.4449669930913));
#2873=CARTESIAN_POINT('Ctrl Pts',(-12.7457627270195,10.6943753885845,42.447695798942));
#2874=CARTESIAN_POINT('Ctrl Pts',(-12.7305523306037,10.6531934318471,42.4498286799381));
#2875=CARTESIAN_POINT('Ctrl Pts',(-12.7193705218369,10.6109917683403,42.4513502551854));
#2876=CARTESIAN_POINT('Ctrl Pts',(-12.708450413494,10.5697777977422,42.4528362192989));
#2877=CARTESIAN_POINT('Ctrl Pts',(-12.7013728305031,10.5275921450895,42.4537386114894));
#2878=CARTESIAN_POINT('Ctrl Pts',(-12.6984666331094,10.4850990353993,42.4540704185969));
#2879=CARTESIAN_POINT('Ctrl Pts',(-12.6974843678837,10.4707367955643,42.4541825660319));
#2880=CARTESIAN_POINT('Ctrl Pts',(-12.6969783321541,10.4563395920481,42.4542298018726));
#2881=CARTESIAN_POINT('Ctrl Pts',(-12.6969602689048,10.4419334815979,42.4542135195454));
#2882=CARTESIAN_POINT('Ctrl Pts',(-12.6969599274821,10.4416611843538,42.4542132117848));
#2883=CARTESIAN_POINT('Ctrl Pts',(-12.6969597576765,10.4413888856236,42.4542128886216));
#2884=CARTESIAN_POINT('Ctrl Pts',(-12.6969597595801,10.441116585615,42.4542125500113));
#2885=CARTESIAN_POINT('Ctrl Pts',(-12.6969599984151,10.4069519308106,42.4541700655966));
#2886=CARTESIAN_POINT('Ctrl Pts',(-12.6996807438665,10.3728042291672,42.4538834784988));
#2887=CARTESIAN_POINT('Ctrl Pts',(-12.7049905607241,10.3390811274264,42.4532313704048));
#2888=CARTESIAN_POINT('Ctrl Pts',(-12.7070461863971,10.3260256726768,42.4529789153437));
#2889=CARTESIAN_POINT('Ctrl Pts',(-12.7094893196428,10.3130337373772,42.4526718037417));
#2890=CARTESIAN_POINT('Ctrl Pts',(-12.7123104054353,10.3001283350708,42.4523035043134));
#2891=CARTESIAN_POINT('Ctrl Pts',(-12.7212879077277,10.2590596518354,42.4511314701376));
#2892=CARTESIAN_POINT('Ctrl Pts',(-12.7341112662229,10.2187467947819,42.4493641026684));
#2893=CARTESIAN_POINT('Ctrl Pts',(-12.750440333017,10.1798333750746,42.4470195242689));
#2894=CARTESIAN_POINT('Ctrl Pts',(-12.7667228035275,10.1410309978881,42.4446816363094));
#2895=CARTESIAN_POINT('Ctrl Pts',(-12.7864904346822,10.1036210287731,42.4417704644361));
#2896=CARTESIAN_POINT('Ctrl Pts',(-12.8093691106747,10.0682106749503,42.438322100795));
#2897=CARTESIAN_POINT('Ctrl Pts',(-12.8315757124553,10.0338405205537,42.434975034811));
#2898=CARTESIAN_POINT('Ctrl Pts',(-12.8567126306636,10.0013548547318,42.4311224529666));
#2899=CARTESIAN_POINT('Ctrl Pts',(-12.8844120321148,9.97126850979946,42.4268054312586));
#2900=CARTESIAN_POINT('Ctrl Pts',(-12.8944470336562,9.96036876099781,42.4252414509116));
#2901=CARTESIAN_POINT('Ctrl Pts',(-12.9048181526618,9.94978348160806,42.4236165508581));
#2902=CARTESIAN_POINT('Ctrl Pts',(-12.9155072711651,9.93953555148881,42.421932744454));
#2903=CARTESIAN_POINT('Ctrl Pts',(-12.9179946328551,9.9371508544932,42.4215409221029));
#2904=CARTESIAN_POINT('Ctrl Pts',(-12.9204992127475,9.93478442072717,42.4211459099397));
#2905=CARTESIAN_POINT('Ctrl Pts',(-12.923020608283,9.9324363584528,42.4207477327405));
#2906=CARTESIAN_POINT('Ctrl Pts',(-12.9497745709651,9.90752159614042,42.4165227637584));
#2907=CARTESIAN_POINT('Ctrl Pts',(-12.9784148888406,9.88470437582721,42.4118599282321));
#2908=CARTESIAN_POINT('Ctrl Pts',(-13.0084986324576,9.86404177812867,42.406892541886));
#2909=CARTESIAN_POINT('Ctrl Pts',(-13.0403267504954,9.84218108130553,42.401637126836));
#2910=CARTESIAN_POINT('Ctrl Pts',(-13.0737710143063,9.82273145010835,42.3960413635911));
#2911=CARTESIAN_POINT('Ctrl Pts',(-13.1083571449348,9.8057908056604,42.3902476771899));
#2912=CARTESIAN_POINT('Ctrl Pts',(-13.1424202739377,9.7891063328172,42.3845416012658));
#2913=CARTESIAN_POINT('Ctrl Pts',(-13.177591995776,9.7748552407202,42.378643793059));
#2914=CARTESIAN_POINT('Ctrl Pts',(-13.2134544862253,9.76316644257084,42.3726700204444));
#2915=CARTESIAN_POINT('Ctrl Pts',(-13.2501429199167,9.75120844159371,42.3665586668348));
#2916=CARTESIAN_POINT('Ctrl Pts',(-13.2875551448929,9.74193153651647,42.3603681416374));
#2917=CARTESIAN_POINT('Ctrl Pts',(-13.325267395782,9.73551802674702,42.3541964113678));
#2918=CARTESIAN_POINT('Ctrl Pts',(-13.3629796466711,9.72910451697756,42.3480246810981));
#2919=CARTESIAN_POINT('Ctrl Pts',(-13.4009928725212,9.72555395720892,42.3418719268432));
#2920=CARTESIAN_POINT('Ctrl Pts',(-13.4388929871524,9.72509992336604,42.3358066969249));
#2921=CARTESIAN_POINT('',(-13.4391841653609,11.1569923486309,42.3356238336671));
#2922=CARTESIAN_POINT('Ctrl Pts',(-13.4391881586004,9.72509644992269,42.3357594606918));
#2923=CARTESIAN_POINT('Ctrl Pts',(-13.4767247754048,9.72466270106958,42.3297527031273));
#2924=CARTESIAN_POINT('Ctrl Pts',(-13.5141600084022,9.7272699027514,42.3239537431744));
#2925=CARTESIAN_POINT('Ctrl Pts',(-13.5510064241149,9.73284157716889,42.318538014289));
#2926=CARTESIAN_POINT('Ctrl Pts',(-13.5872020864873,9.73831484891497,42.3132179338837));
#2927=CARTESIAN_POINT('Ctrl Pts',(-13.6228292040336,9.74664887547787,42.3082676652743));
#2928=CARTESIAN_POINT('Ctrl Pts',(-13.6574399935206,9.75775033255333,42.3038094733432));
#2929=CARTESIAN_POINT('Ctrl Pts',(-13.6732277703807,9.76281428312268,42.301775860691));
#2930=CARTESIAN_POINT('Ctrl Pts',(-13.6888043044229,9.76845377009661,42.2998440256651));
#2931=CARTESIAN_POINT('Ctrl Pts',(-13.7041283210658,9.77465841385843,42.2980225362818));
#2932=CARTESIAN_POINT('Ctrl Pts',(-13.740705534424,9.78946840682408,42.2936747854696));
#2933=CARTESIAN_POINT('Ctrl Pts',(-13.7759026603777,9.80753069414178,42.2899872284565));
#2934=CARTESIAN_POINT('Ctrl Pts',(-13.8091920139178,9.82871857986211,42.2869452015297));
#2935=CARTESIAN_POINT('Ctrl Pts',(-13.8435968732483,9.85061645861904,42.2838012381491));
#2936=CARTESIAN_POINT('Ctrl Pts',(-13.8759644188569,9.87585315843108,42.2813464154392));
#2937=CARTESIAN_POINT('Ctrl Pts',(-13.905709848637,9.90425567289275,42.2795198336121));
#2938=CARTESIAN_POINT('Ctrl Pts',(-13.9126544422752,9.91088673933547,42.2790933859651));
#2939=CARTESIAN_POINT('Ctrl Pts',(-13.9194560830444,9.91769021861531,42.2787010125777));
#2940=CARTESIAN_POINT('Ctrl Pts',(-13.9261072599818,9.92466364075219,42.2783416501268));
#2941=CARTESIAN_POINT('Ctrl Pts',(-13.9283744992467,9.92704072628583,42.2782191514071));
#2942=CARTESIAN_POINT('Ctrl Pts',(-13.9306240519561,9.92943734678411,42.2781005010473));
#2943=CARTESIAN_POINT('Ctrl Pts',(-13.9328556014544,9.9318533396425,42.2779855986429));
#2944=CARTESIAN_POINT('Ctrl Pts',(-13.9555665684386,9.95644142701614,42.2768162117595));
#2945=CARTESIAN_POINT('Ctrl Pts',(-13.9764103264486,9.98303980773803,42.2760349612125));
#2946=CARTESIAN_POINT('Ctrl Pts',(-13.9952554357481,10.0112628761832,42.2755379123722));
#2947=CARTESIAN_POINT('Ctrl Pts',(-14.0001647038844,10.0186151609815,42.275408428059));
#2948=CARTESIAN_POINT('Ctrl Pts',(-14.0049384969784,10.0260774742272,42.2752982408461));
#2949=CARTESIAN_POINT('Ctrl Pts',(-14.009574829988,10.0336425532753,42.2752055531515));
#2950=CARTESIAN_POINT('Ctrl Pts',(-14.0329444842933,10.0717746895526,42.2747383564734));
#2951=CARTESIAN_POINT('Ctrl Pts',(-14.0528275443608,10.1125388057466,42.2747466817413));
#2952=CARTESIAN_POINT('Ctrl Pts',(-14.0690690535538,10.1551584964754,42.2749548136962));
#2953=CARTESIAN_POINT('Ctrl Pts',(-14.0844515926801,10.1955241455291,42.2751519381075));
#2954=CARTESIAN_POINT('Ctrl Pts',(-14.0965679574868,10.2375544941368,42.2755280238665));
#2955=CARTESIAN_POINT('Ctrl Pts',(-14.1052491301455,10.280575788289,42.2758717180902));
#2956=CARTESIAN_POINT('Ctrl Pts',(-14.1134451871083,10.3211929942065,42.2761962062147));
#2957=CARTESIAN_POINT('Ctrl Pts',(-14.1185794154478,10.3626936117858,42.2764917020814));
#2958=CARTESIAN_POINT('Ctrl Pts',(-14.1204717254387,10.4044954385012,42.2766039078203));
#2959=CARTESIAN_POINT('Ctrl Pts',(-14.1210233732386,10.4166815421782,42.2766366181316));
#2960=CARTESIAN_POINT('Ctrl Pts',(-14.1212992430154,10.4288931342709,42.2766539178188));
#2961=CARTESIAN_POINT('Ctrl Pts',(-14.1212941894709,10.4411155054071,42.2766524127873));
#2962=CARTESIAN_POINT('Ctrl Pts',(-14.1212941435185,10.4412266446534,42.2766523991019));
#2963=CARTESIAN_POINT('Ctrl Pts',(-14.1212940744698,10.4413377847579,42.276652383865));
#2964=CARTESIAN_POINT('Ctrl Pts',(-14.1212939823268,10.4414489257098,42.2766523670777));
#2965=CARTESIAN_POINT('Ctrl Pts',(-14.1212571933408,10.4858230309319,42.2766456646001));
#2966=CARTESIAN_POINT('Ctrl Pts',(-14.117544592613,10.5300719954669,42.2763756000947));
#2967=CARTESIAN_POINT('Ctrl Pts',(-14.1103723055233,10.5734597704506,42.2760291905246));
#2968=CARTESIAN_POINT('Ctrl Pts',(-14.1030937269408,10.61749054136,42.2756776472517));
#2969=CARTESIAN_POINT('Ctrl Pts',(-14.0922518641654,10.6606337224743,42.2752479330962));
#2970=CARTESIAN_POINT('Ctrl Pts',(-14.0780484537046,10.7021489566773,42.2749730794326));
#2971=CARTESIAN_POINT('Ctrl Pts',(-14.0756279624699,10.7092238251235,42.2749262399158));
#2972=CARTESIAN_POINT('Ctrl Pts',(-14.0731097967922,10.7162514965365,42.2748839750319));
#2973=CARTESIAN_POINT('Ctrl Pts',(-14.0704948970971,10.7232284114084,42.2748475289223));
#2974=CARTESIAN_POINT('Ctrl Pts',(-14.0534396455822,10.7687341867015,42.2746098151899));
#2975=CARTESIAN_POINT('Ctrl Pts',(-14.0322396415426,10.8121671298814,42.2746059164513));
#2976=CARTESIAN_POINT('Ctrl Pts',(-14.0071173518167,10.8525534529775,42.275113767647));
#2977=CARTESIAN_POINT('Ctrl Pts',(-13.9853220962692,10.8875912716679,42.2755543623027));
#2978=CARTESIAN_POINT('Ctrl Pts',(-13.9605738892533,10.9203362834416,42.2763812885609));
#2979=CARTESIAN_POINT('Ctrl Pts',(-13.933015861522,10.9501830045749,42.2777852899124));
#2980=CARTESIAN_POINT('Ctrl Pts',(-13.9307298739958,10.9526588432986,42.2779017543273));
#2981=CARTESIAN_POINT('Ctrl Pts',(-13.9284245540719,10.9551147570808,42.2780221905031));
#2982=CARTESIAN_POINT('Ctrl Pts',(-13.9261001800444,10.9575505992359,42.278146709556));
#2983=CARTESIAN_POINT('Ctrl Pts',(-13.9003342953064,10.9845521176939,42.2795270138987));
#2984=CARTESIAN_POINT('Ctrl Pts',(-13.8722656377658,11.0090430630942,42.281405332822));
#2985=CARTESIAN_POINT('Ctrl Pts',(-13.842350958369,11.030844733677,42.2838392829086));
#2986=CARTESIAN_POINT('Ctrl Pts',(-13.8133953928077,11.0519474068341,42.2861951965511));
#2987=CARTESIAN_POINT('Ctrl Pts',(-13.7827105643725,11.0705304778029,42.2890721082447));
#2988=CARTESIAN_POINT('Ctrl Pts',(-13.7507234273207,11.0864722503977,42.2924976776094));
#2989=CARTESIAN_POINT('Ctrl Pts',(-13.7354125294903,11.0941029067781,42.2941373536601));
#2990=CARTESIAN_POINT('Ctrl Pts',(-13.719803420777,11.1011290119109,42.2959023266141));
#2991=CARTESIAN_POINT('Ctrl Pts',(-13.7039436726943,11.1075406419592,42.2977931921958));
#2992=CARTESIAN_POINT('Ctrl Pts',(-13.6698118982876,11.1213391152543,42.301862525273));
#2993=CARTESIAN_POINT('Ctrl Pts',(-13.6344630250586,11.1323194006461,42.3064955733621));
#2994=CARTESIAN_POINT('Ctrl Pts',(-13.5983513588189,11.140395042848,42.311565359908));
#2995=CARTESIAN_POINT('Ctrl Pts',(-13.5616562116503,11.148601168733,42.316717062468));
#2996=CARTESIAN_POINT('Ctrl Pts',(-13.5241734216851,11.1538082695555,42.3223197836024));
#2997=CARTESIAN_POINT('Ctrl Pts',(-13.486392571284,11.1559373947119,42.3281886469821));
#2998=CARTESIAN_POINT('Ctrl Pts',(-13.4706958416547,11.1568219778161,42.3306269711787));
#2999=CARTESIAN_POINT('Ctrl Pts',(-13.4549478128594,11.1571753777012,42.3331106247156));
#3000=CARTESIAN_POINT('Ctrl Pts',(-13.4391841653609,11.1569923486309,42.3356238336671));
#3001=CARTESIAN_POINT('Ctrl Pts',(-13.4391809225813,11.1569912190795,42.3356242997217));
#3002=CARTESIAN_POINT('Ctrl Pts',(-13.4318002555559,11.1569083374133,42.3368011475668));
#3003=CARTESIAN_POINT('Ctrl Pts',(-13.4244385552233,11.1567096380428,42.3379876456646));
#3004=CARTESIAN_POINT('Ctrl Pts',(-13.4170782001359,11.1564032792075,42.3391771577554));
#3005=CARTESIAN_POINT('Ctrl Pts',(-13.3834067422664,11.149482233981,42.4895808700561));
#3006=CARTESIAN_POINT('Ctrl Pts',(-14.1230244821814,11.2487893349173,40.4537853008633));
#3007=CARTESIAN_POINT('Ctrl Pts',(-14.4860183180435,11.3096103570442,39.2069543472621));
#3008=CARTESIAN_POINT('Ctrl Pts',(-15.3848815713614,11.3319453003617,38.7490880092524));
#3009=CARTESIAN_POINT('Ctrl Pts',(-13.5619944959678,11.149482233981,42.4971648113854));
#3010=CARTESIAN_POINT('Ctrl Pts',(-14.2412928683941,11.2488027512393,40.5583513144596));
#3011=CARTESIAN_POINT('Ctrl Pts',(-14.5300877925439,11.3094911512824,39.3952820474832));
#3012=CARTESIAN_POINT('Ctrl Pts',(-15.3987638603933,11.3319453077233,38.9700105720646));
#3013=CARTESIAN_POINT('Ctrl Pts',(-13.9143596646564,10.9947124283164,42.514772570186));
#3014=CARTESIAN_POINT('Ctrl Pts',(-14.4283185285633,11.0660413115492,40.8000035026008));
#3015=CARTESIAN_POINT('Ctrl Pts',(-14.5965640623125,11.1173871274808,39.7850592195045));
#3016=CARTESIAN_POINT('Ctrl Pts',(-15.419130459337,11.1368974577626,39.4154027391298));
#3017=CARTESIAN_POINT('Ctrl Pts',(-14.0580171016253,10.6260582102099,42.5247516901024));
#3018=CARTESIAN_POINT('Ctrl Pts',(-14.4678834360081,10.6476143612906,40.9358523362256));
#3019=CARTESIAN_POINT('Ctrl Pts',(-14.6069786250019,10.6660445916333,39.9631568924708));
#3020=CARTESIAN_POINT('Ctrl Pts',(-15.4218639085355,10.6733285917822,39.6059244950076));
#3021=CARTESIAN_POINT('Ctrl Pts',(-14.0581855565475,10.2561749609261,42.5247519400867));
#3022=CARTESIAN_POINT('Ctrl Pts',(-14.4680464502544,10.2346200018353,40.9358595813646));
#3023=CARTESIAN_POINT('Ctrl Pts',(-14.6070479406894,10.2159032021992,39.9632846071855));
#3024=CARTESIAN_POINT('Ctrl Pts',(-15.4218848861993,10.2086298050028,39.6061143586099));
#3025=CARTESIAN_POINT('Ctrl Pts',(-13.9140875770837,9.88719072064685,42.5147721664125));
#3026=CARTESIAN_POINT('Ctrl Pts',(-14.4280597264369,9.81585570298232,40.7999860175392));
#3027=CARTESIAN_POINT('Ctrl Pts',(-14.5964121413644,9.76421331110705,39.7849043157851));
#3028=CARTESIAN_POINT('Ctrl Pts',(-15.4190965787842,9.74464848694354,39.4150960691879));
#3029=CARTESIAN_POINT('Ctrl Pts',(-13.5619667307993,9.73260100066259,42.4971647701824));
#3030=CARTESIAN_POINT('Ctrl Pts',(-14.2412566783973,9.63328953155379,40.5583621051785));
#3031=CARTESIAN_POINT('Ctrl Pts',(-14.530159191152,9.5721994535863,39.3951545099959));
#3032=CARTESIAN_POINT('Ctrl Pts',(-15.3987603976866,9.54982570894705,38.9699792848391));
#3033=CARTESIAN_POINT('Ctrl Pts',(-13.2048467537335,9.73260100066259,42.4819969699298));
#3034=CARTESIAN_POINT('Ctrl Pts',(-14.0047922859655,9.63328953155379,40.3492084965482));
#3035=CARTESIAN_POINT('Ctrl Pts',(-14.4418774449351,9.5721994535863,39.0187541845284));
#3036=CARTESIAN_POINT('Ctrl Pts',(-15.3710027450361,9.54982570894705,38.5281967336658));
#3037=CARTESIAN_POINT('Ctrl Pts',(-12.8468129918987,9.88719072064685,42.4643895736997));
#3038=CARTESIAN_POINT('Ctrl Pts',(-13.7392440631096,9.81585570298231,40.1075845841875));
#3039=CARTESIAN_POINT('Ctrl Pts',(-14.3405027800546,9.76421331110705,38.6290043787392));
#3040=CARTESIAN_POINT('Ctrl Pts',(-15.3388514761855,9.74464848694354,38.0830799493169));
#3041=CARTESIAN_POINT('Ctrl Pts',(-12.6968020968846,10.2561749609261,42.4544098000254));
#3042=CARTESIAN_POINT('Ctrl Pts',(-13.6205121644759,10.2346200018353,39.9717110203621));
#3043=CARTESIAN_POINT('Ctrl Pts',(-14.2947452660614,10.2159032021992,38.4506240873388));
#3044=CARTESIAN_POINT('Ctrl Pts',(-15.3242480810175,10.2086298050028,37.8920616598949));
#3045=CARTESIAN_POINT('Ctrl Pts',(-12.6969705518068,10.6260582102098,42.4544100500098));
#3046=CARTESIAN_POINT('Ctrl Pts',(-13.6206751787222,10.6476143612906,39.9717182655011));
#3047=CARTESIAN_POINT('Ctrl Pts',(-14.2948145817488,10.6660445916333,38.4507518020535));
#3048=CARTESIAN_POINT('Ctrl Pts',(-15.3242690586812,10.6733285917822,37.8922515234973));
#3049=CARTESIAN_POINT('Ctrl Pts',(-12.846540904326,10.9947124283164,42.4643891699262));
#3050=CARTESIAN_POINT('Ctrl Pts',(-13.7389852609832,11.0660413115491,40.107567099126));
#3051=CARTESIAN_POINT('Ctrl Pts',(-14.3403508591065,11.1173871274808,38.6288494750198));
#3052=CARTESIAN_POINT('Ctrl Pts',(-15.3388175956327,11.1368974577626,38.082773279375));
#3053=CARTESIAN_POINT('Ctrl Pts',(-13.2048189885649,11.149482233981,42.4819969287267));
#3054=CARTESIAN_POINT('Ctrl Pts',(-14.0047560959687,11.2488027512393,40.3492192872672));
#3055=CARTESIAN_POINT('Ctrl Pts',(-14.4419488435432,11.3094911512824,39.0186266470411));
#3056=CARTESIAN_POINT('Ctrl Pts',(-15.3709992823294,11.3319453077233,38.5281654464402));
#3057=CARTESIAN_POINT('Ctrl Pts',(-13.3834067422664,11.149482233981,42.4895808700561));
#3058=CARTESIAN_POINT('Ctrl Pts',(-14.1230244821814,11.2487893349173,40.4537853008633));
#3059=CARTESIAN_POINT('Ctrl Pts',(-14.4860183180435,11.3096103570442,39.2069543472621));
#3060=CARTESIAN_POINT('Ctrl Pts',(-15.3848815713614,11.3319453003617,38.7490880092524));
#3061=CARTESIAN_POINT('',(-14.868884895716,11.3121895314993,39.1554804191266));
#3062=CARTESIAN_POINT('Ctrl Pts',(-13.4391806127193,11.1569923615302,42.3356232552972));
#3063=CARTESIAN_POINT('Ctrl Pts',(-13.9863360877028,11.2308645164574,40.8212440792905));
#3064=CARTESIAN_POINT('Ctrl Pts',(-14.329989145906,11.2825742950206,39.761193618745));
#3065=CARTESIAN_POINT('Ctrl Pts',(-14.8688879418331,11.3121216972198,39.1554718736606));
#3066=CARTESIAN_POINT('',(-14.9796674640694,11.253077053193,38.698963063271));
#3067=CARTESIAN_POINT('Ctrl Pts',(-14.9799721132577,11.2523106551152,38.699266331958));
#3068=CARTESIAN_POINT('Ctrl Pts',(-14.9696773280348,11.2652663908325,38.7423487518473));
#3069=CARTESIAN_POINT('Ctrl Pts',(-14.9591933518975,11.276074916988,38.7862283636459));
#3070=CARTESIAN_POINT('Ctrl Pts',(-14.9485298924621,11.2847775021866,38.8306245325524));
#3071=CARTESIAN_POINT('Ctrl Pts',(-14.9380046883243,11.2933672554742,38.8744450903661));
#3072=CARTESIAN_POINT('Ctrl Pts',(-14.927304687905,11.2999053947012,38.918768692377));
#3073=CARTESIAN_POINT('Ctrl Pts',(-14.9164367058498,11.3044599871224,38.9633669807313));
#3074=CARTESIAN_POINT('Ctrl Pts',(-14.9057388098133,11.3089432992923,39.007267297257));
#3075=CARTESIAN_POINT('Ctrl Pts',(-14.8948781835744,11.3115047662037,39.0514336334788));
#3076=CARTESIAN_POINT('Ctrl Pts',(-14.8838581518965,11.31223568499,39.0956911374896));
#3077=CARTESIAN_POINT('Ctrl Pts',(-14.8789006548655,11.3125644978119,39.1156009209767));
#3078=CARTESIAN_POINT('Ctrl Pts',(-14.8739108517317,11.3125232005426,39.1355297503706));
#3079=CARTESIAN_POINT('Ctrl Pts',(-14.8688888097995,11.3121217993771,39.1554647141684));
#3080=CARTESIAN_POINT('',(-15.3006860816602,9.55383590330927,38.795104470139));
#3081=CARTESIAN_POINT('Ctrl Pts',(-15.3006930587807,9.55383564431162,38.7950661216271));
#3082=CARTESIAN_POINT('Ctrl Pts',(-15.3220166726765,9.55304832928738,38.6778569703603));
#3083=CARTESIAN_POINT('Ctrl Pts',(-15.3507252341004,9.59171027615189,38.4422114991157));
#3084=CARTESIAN_POINT('Ctrl Pts',(-15.3502509182442,9.75083620213595,38.1899842683457));
#3085=CARTESIAN_POINT('Ctrl Pts',(-15.3302911831999,9.93533142594647,38.043800479597));
#3086=CARTESIAN_POINT('Ctrl Pts',(-15.2993962104464,10.1466246529446,37.943130564395));
#3087=CARTESIAN_POINT('Ctrl Pts',(-15.265683955178,10.3262951365036,37.9258325688718));
#3088=CARTESIAN_POINT('Ctrl Pts',(-15.2016084592114,10.6294339676711,37.9643600171987));
#3089=CARTESIAN_POINT('Ctrl Pts',(-15.1126534466332,10.988364976931,38.1512965525343));
#3090=CARTESIAN_POINT('Ctrl Pts',(-15.0248670582675,11.1961155576639,38.508657481087));
#3091=CARTESIAN_POINT('Ctrl Pts',(-14.9795886846967,11.2532752364218,38.6988846408828));
#3092=CARTESIAN_POINT('Ctrl Pts',(-14.868884895716,11.3121895314993,39.1554804191266));
#3093=CARTESIAN_POINT('Ctrl Pts',(-14.8362720289117,11.30953589686,39.2849926895724));
#3094=CARTESIAN_POINT('Ctrl Pts',(-14.7864868196954,11.2853749019897,39.4822462921563));
#3095=CARTESIAN_POINT('Ctrl Pts',(-14.7435299237817,11.2199340680999,39.7095461935535));
#3096=CARTESIAN_POINT('Ctrl Pts',(-14.7273736036438,11.1683408632944,39.8327209475695));
#3097=CARTESIAN_POINT('Ctrl Pts',(-14.7175821918137,11.1048319243721,39.9497903366818));
#3098=CARTESIAN_POINT('Ctrl Pts',(-14.7193033205164,11.001349016276,40.0750618007776));
#3099=CARTESIAN_POINT('Ctrl Pts',(-14.7537111134243,10.7745885594104,40.1916316571304));
#3100=CARTESIAN_POINT('Ctrl Pts',(-14.8029929138062,10.5673040155207,40.1561152136844));
#3101=CARTESIAN_POINT('Ctrl Pts',(-14.8374282778699,10.4394774427957,40.1045839379809));
#3102=CARTESIAN_POINT('Ctrl Pts',(-14.8385503120058,10.4353239307885,40.1028923765737));
#3103=CARTESIAN_POINT('Ctrl Pts',(-14.8408000807053,10.4270350277549,40.0994493609774));
#3104=CARTESIAN_POINT('Ctrl Pts',(-14.843624466712,10.4167049952013,40.0950327640161));
#3105=CARTESIAN_POINT('Ctrl Pts',(-14.8470324721011,10.4043621820318,40.0895565821467));
#3106=CARTESIAN_POINT('Ctrl Pts',(-14.8538866355685,10.3797852884872,40.0782575265284));
#3107=CARTESIAN_POINT('Ctrl Pts',(-14.8643053306582,10.343354780516,40.0600447186662));
#3108=CARTESIAN_POINT('Ctrl Pts',(-14.8784987840835,10.295801712428,40.0332604205087));
#3109=CARTESIAN_POINT('Ctrl Pts',(-14.8977924235649,10.2339701195304,39.9945560607129));
#3110=CARTESIAN_POINT('Ctrl Pts',(-14.9226692949399,10.1597187012163,39.9409461991584));
#3111=CARTESIAN_POINT('Ctrl Pts',(-14.9636152326934,10.0491095947219,39.8469541225021));
#3112=CARTESIAN_POINT('Ctrl Pts',(-15.0067110981452,9.94983937702583,39.7423034637859));
#3113=CARTESIAN_POINT('Ctrl Pts',(-15.0456467193395,9.87274280472347,39.6443044023447));
#3114=CARTESIAN_POINT('Ctrl Pts',(-15.0679030081041,9.83168770832535,39.587051840801));
#3115=CARTESIAN_POINT('Ctrl Pts',(-15.1011926258205,9.77307825265434,39.5000547544385));
#3116=CARTESIAN_POINT('Ctrl Pts',(-15.150121940745,9.69642372774605,39.36617787076));
#3117=CARTESIAN_POINT('Ctrl Pts',(-15.2304312346412,9.59153332176363,39.1177516682744));
#3118=CARTESIAN_POINT('Ctrl Pts',(-15.2772847386903,9.5547092340975,38.9237174087535));
#3119=CARTESIAN_POINT('Ctrl Pts',(-15.3006791045396,9.55383616230693,38.7951428186509));
#3120=CARTESIAN_POINT('Ctrl Pts',(-15.3251954526772,-9.56539020485659,38.6343338464344));
#3121=CARTESIAN_POINT('Ctrl Pts',(-15.3183774672079,-9.55712345367234,38.6872899248347));
#3122=CARTESIAN_POINT('Ctrl Pts',(-15.3100086374396,-9.55328920457719,38.7412759340002));
#3123=CARTESIAN_POINT('Ctrl Pts',(-15.2650695340716,-9.55489317575402,38.9878346272364));
#3124=CARTESIAN_POINT('Ctrl Pts',(-15.1937615052895,-9.62834354013346,39.2476964545535));
#3125=CARTESIAN_POINT('Ctrl Pts',(-15.017038536421,-9.90009855840201,39.7233377193865));
#3126=CARTESIAN_POINT('Ctrl Pts',(-14.9071192363963,-10.1747388567371,39.9981255566133));
#3127=CARTESIAN_POINT('Ctrl Pts',(-14.8026717846311,-10.5668082202764,40.1579061290741));
#3128=CARTESIAN_POINT('Ctrl Pts',(-14.7533078511842,-10.7737614686718,40.192659477897));
#3129=CARTESIAN_POINT('Ctrl Pts',(-14.7188358425718,-11.0007669585513,40.0768641919034));
#3130=CARTESIAN_POINT('Ctrl Pts',(-14.7160519278528,-11.1465354284221,39.9001509318183));
#3131=CARTESIAN_POINT('Ctrl Pts',(-14.759479654771,-11.2710865572648,39.5847195086192));
#3132=CARTESIAN_POINT('Ctrl Pts',(-14.8278576174591,-11.3078421267769,39.3179885697557));
#3133=CARTESIAN_POINT('Ctrl Pts',(-14.9393169710501,-11.3179579104929,38.8775671160432));
#3134=CARTESIAN_POINT('Ctrl Pts',(-15.0614352944187,-11.1813027137118,38.3091487826195));
#3135=CARTESIAN_POINT('Ctrl Pts',(-15.185499038908,-10.7013562234513,37.9723807347343));
#3136=CARTESIAN_POINT('Ctrl Pts',(-15.2839024174003,-10.2376579354138,37.9133724266182));
#3137=CARTESIAN_POINT('Ctrl Pts',(-15.3568049877664,-9.80760378000175,38.0382332616279));
#3138=CARTESIAN_POINT('Ctrl Pts',(-15.351423717875,-9.59719176022187,38.4306158898101));
#3139=CARTESIAN_POINT('Ctrl Pts',(-15.3251954526772,-9.5653902048566,38.6343338464344));
#3140=CARTESIAN_POINT('Ctrl Pts',(-15.3619931861997,-9.56123399641471,38.6325589857726));
#3141=CARTESIAN_POINT('Ctrl Pts',(-15.3561152155359,-9.55378583281879,38.6862538452097));
#3142=CARTESIAN_POINT('Ctrl Pts',(-15.3487166429819,-9.55100663175129,38.7408645064759));
#3143=CARTESIAN_POINT('Ctrl Pts',(-15.3082292672628,-9.55844348738859,38.9893800906194));
#3144=CARTESIAN_POINT('Ctrl Pts',(-15.2413888008269,-9.64200601230367,39.2470760638641));
#3145=CARTESIAN_POINT('Ctrl Pts',(-15.0667340195436,-9.93268429143633,39.7015430279729));
#3146=CARTESIAN_POINT('Ctrl Pts',(-14.9483595395766,-10.2103196946186,39.9523059259925));
#3147=CARTESIAN_POINT('Ctrl Pts',(-14.8387538214747,-10.5840546572788,40.0948342387397));
#3148=CARTESIAN_POINT('Ctrl Pts',(-14.78901828949,-10.7731325350928,40.1224577498162));
#3149=CARTESIAN_POINT('Ctrl Pts',(-14.7636093174994,-10.9738167493379,40.0225486030155));
#3150=CARTESIAN_POINT('Ctrl Pts',(-14.7694238520814,-11.1130412936517,39.8675266232955));
#3151=CARTESIAN_POINT('Ctrl Pts',(-14.8188291744328,-11.2505947194381,39.5767740772017));
#3152=CARTESIAN_POINT('Ctrl Pts',(-14.8817468103534,-11.3035744295257,39.3167593451504));
#3153=CARTESIAN_POINT('Ctrl Pts',(-14.9814226068193,-11.3316652776184,38.8790259826724));
#3154=CARTESIAN_POINT('Ctrl Pts',(-15.0897254518782,-11.2004183612699,38.3011520779528));
#3155=CARTESIAN_POINT('Ctrl Pts',(-15.2108177277042,-10.7126553483273,37.9583612949435));
#3156=CARTESIAN_POINT('Ctrl Pts',(-15.308818487605,-10.2402237207116,37.8978035808291));
#3157=CARTESIAN_POINT('Ctrl Pts',(-15.3837391968822,-9.80148446142184,38.0250302832116));
#3158=CARTESIAN_POINT('Ctrl Pts',(-15.3846052868103,-9.58988650834904,38.4259989953776));
#3159=CARTESIAN_POINT('Ctrl Pts',(-15.3619931861997,-9.56123399641471,38.6325589857726));
#3160=CARTESIAN_POINT('Ctrl Pts',(-15.4337584289916,-9.53935859308294,38.6266855623285));
#3161=CARTESIAN_POINT('Ctrl Pts',(-15.4300917400651,-9.53275768155116,38.6825276183629));
#3162=CARTESIAN_POINT('Ctrl Pts',(-15.4250356183061,-9.53128237003218,38.7391708687156));
#3163=CARTESIAN_POINT('Ctrl Pts',(-15.3956982274121,-9.54676067569337,38.9957724452864));
#3164=CARTESIAN_POINT('Ctrl Pts',(-15.3418032343884,-9.64714976326096,39.2558611908357));
#3165=CARTESIAN_POINT('Ctrl Pts',(-15.1883259325652,-9.97721386211808,39.6839833848704));
#3166=CARTESIAN_POINT('Ctrl Pts',(-15.0699797680522,-10.2711461467151,39.8921792941673));
#3167=CARTESIAN_POINT('Ctrl Pts',(-14.9606629772895,-10.6232470238493,39.9997659526219));
#3168=CARTESIAN_POINT('Ctrl Pts',(-14.9136596082734,-10.7852160734118,40.0123674288505));
#3169=CARTESIAN_POINT('Ctrl Pts',(-14.8986780932484,-10.9460337764328,39.9409110963938));
#3170=CARTESIAN_POINT('Ctrl Pts',(-14.908770652842,-11.0803676399541,39.8241249429172));
#3171=CARTESIAN_POINT('Ctrl Pts',(-14.9490513821895,-11.2462539773091,39.5722316770628));
#3172=CARTESIAN_POINT('Ctrl Pts',(-14.9912452912657,-11.3244906599198,39.3177098031157));
#3173=CARTESIAN_POINT('Ctrl Pts',(-15.0587612684367,-11.3767116736261,38.8765644289963));
#3174=CARTESIAN_POINT('Ctrl Pts',(-15.1398877063009,-11.2452384697333,38.2770931116828));
#3175=CARTESIAN_POINT('Ctrl Pts',(-15.2560360449592,-10.7375934856714,37.9224821754299));
#3176=CARTESIAN_POINT('Ctrl Pts',(-15.3542039191546,-10.2434757065727,37.859304030204));
#3177=CARTESIAN_POINT('Ctrl Pts',(-15.4336930082764,-9.78408592258439,37.9917440438266));
#3178=CARTESIAN_POINT('Ctrl Pts',(-15.4478638990006,-9.56475179155481,38.4118654719319));
#3179=CARTESIAN_POINT('Ctrl Pts',(-15.4337584289916,-9.53935859308294,38.6266855623285));
#3180=CARTESIAN_POINT('Ctrl Pts',(-15.521833978623,-9.47044233225821,38.612108195807));
#3181=CARTESIAN_POINT('Ctrl Pts',(-15.5214046564948,-9.46280368747112,38.6727867592124));
#3182=CARTESIAN_POINT('Ctrl Pts',(-15.5198351291054,-9.46084001595646,38.7344030130006));
#3183=CARTESIAN_POINT('Ctrl Pts',(-15.5075603505839,-9.47685888582718,39.0136817047494));
#3184=CARTESIAN_POINT('Ctrl Pts',(-15.4754257143012,-9.58889106897928,39.2955165497174));
#3185=CARTESIAN_POINT('Ctrl Pts',(-15.3732870660883,-9.96278991377028,39.7406566283987));
#3186=CARTESIAN_POINT('Ctrl Pts',(-15.2850898526098,-10.2905743754974,39.9326720266074));
#3187=CARTESIAN_POINT('Ctrl Pts',(-15.1937509748851,-10.6648203954378,40.0217197370048));
#3188=CARTESIAN_POINT('Ctrl Pts',(-15.1534824947707,-10.8325845483825,40.0258298975729));
#3189=CARTESIAN_POINT('Ctrl Pts',(-15.1287588557824,-11.0028186918593,39.9604138730359));
#3190=CARTESIAN_POINT('Ctrl Pts',(-15.1169672144927,-11.1540860651827,39.8513977383834));
#3191=CARTESIAN_POINT('Ctrl Pts',(-15.1115403821404,-11.3472093533128,39.5990859540887));
#3192=CARTESIAN_POINT('Ctrl Pts',(-15.1170132206516,-11.4337356204646,39.3291848661052));
#3193=CARTESIAN_POINT('Ctrl Pts',(-15.1366544955406,-11.4839199203034,38.8581350757637));
#3194=CARTESIAN_POINT('Ctrl Pts',(-15.1888219915588,-11.3257955214846,38.2221084377252));
#3195=CARTESIAN_POINT('Ctrl Pts',(-15.3022937858284,-10.7785649252126,37.8500666136356));
#3196=CARTESIAN_POINT('Ctrl Pts',(-15.4038333893149,-10.2423416827113,37.7842712242766));
#3197=CARTESIAN_POINT('Ctrl Pts',(-15.4910753844951,-9.74437679192224,37.9256285408298));
#3198=CARTESIAN_POINT('Ctrl Pts',(-15.5234855477977,-9.4998276106702,38.3786824339075));
#3199=CARTESIAN_POINT('Ctrl Pts',(-15.521833978623,-9.47044233225821,38.612108195807));
#3200=CARTESIAN_POINT('Ctrl Pts',(-15.5690435222084,-9.39081103753799,38.5968164952042));
#3201=CARTESIAN_POINT('Ctrl Pts',(-15.5704573329397,-9.38083533416176,38.6623935343831));
#3202=CARTESIAN_POINT('Ctrl Pts',(-15.5708583496233,-9.37687127564538,38.7292015852532));
#3203=CARTESIAN_POINT('Ctrl Pts',(-15.5681719392935,-9.38559920186129,39.0332107834814));
#3204=CARTESIAN_POINT('Ctrl Pts',(-15.5482482537448,-9.49715791494619,39.3436404493169));
#3205=CARTESIAN_POINT('Ctrl Pts',(-15.4770551742736,-9.88932910248926,39.8404187990645));
#3206=CARTESIAN_POINT('Ctrl Pts',(-15.4113151067425,-10.240419600328,40.0592918560623));
#3207=CARTESIAN_POINT('Ctrl Pts',(-15.32907267224,-10.6672390413339,40.1673100691861));
#3208=CARTESIAN_POINT('Ctrl Pts',(-15.2884370488216,-10.87487491567,40.1794675412799));
#3209=CARTESIAN_POINT('Ctrl Pts',(-15.243946858406,-11.10746779499,40.0862284776101));
#3210=CARTESIAN_POINT('Ctrl Pts',(-15.2101552449582,-11.2888712562485,39.9402493247924));
#3211=CARTESIAN_POINT('Ctrl Pts',(-15.1735854959262,-11.4900056441229,39.6417812089143));
#3212=CARTESIAN_POINT('Ctrl Pts',(-15.1611329322313,-11.5644311437527,39.3447808720002));
#3213=CARTESIAN_POINT('Ctrl Pts',(-15.1595207717879,-11.5906292290564,38.8340993342652));
#3214=CARTESIAN_POINT('Ctrl Pts',(-15.2030174335297,-11.3974304968209,38.1663045382534));
#3215=CARTESIAN_POINT('Ctrl Pts',(-15.319337709624,-10.8125344047074,37.7798262149513));
#3216=CARTESIAN_POINT('Ctrl Pts',(-15.4263343171596,-10.2365734745143,37.7126553965832));
#3217=CARTESIAN_POINT('Ctrl Pts',(-15.5202435387971,-9.70256548569496,37.862011006756));
#3218=CARTESIAN_POINT('Ctrl Pts',(-15.5636047011715,-9.429186800417,38.3445466741279));
#3219=CARTESIAN_POINT('Ctrl Pts',(-15.5690435222084,-9.39081103753799,38.5968164952042));
#3220=CARTESIAN_POINT('Ctrl Pts',(-15.5828059446,-9.33783025651023,38.5871445648721));
#3221=CARTESIAN_POINT('Ctrl Pts',(-15.5847076416015,-9.32614013072237,38.6557965097054));
#3222=CARTESIAN_POINT('Ctrl Pts',(-15.5856000059111,-9.32063212976467,38.7258842942861));
#3223=CARTESIAN_POINT('Ctrl Pts',(-15.5851701910584,-9.32328284032615,39.0456564254714));
#3224=CARTESIAN_POINT('Ctrl Pts',(-15.5676513201874,-9.43219190471036,39.3749338421531));
#3225=CARTESIAN_POINT('Ctrl Pts',(-15.5009669189143,-9.8298205736249,39.9090380309012));
#3226=CARTESIAN_POINT('Ctrl Pts',(-15.4377446026506,-10.1914613539411,40.1515312919996));
#3227=CARTESIAN_POINT('Ctrl Pts',(-15.3518890594546,-10.6538365822039,40.2777694342193));
#3228=CARTESIAN_POINT('Ctrl Pts',(-15.3067618406313,-10.8909764245149,40.2978213987965));
#3229=CARTESIAN_POINT('Ctrl Pts',(-15.2515766278857,-11.1712135826937,40.1815879550146));
#3230=CARTESIAN_POINT('Ctrl Pts',(-15.2108183131478,-11.3743625510494,40.0051864659806));
#3231=CARTESIAN_POINT('Ctrl Pts',(-15.1688278513823,-11.5793645643459,39.6707226926314));
#3232=CARTESIAN_POINT('Ctrl Pts',(-15.155153533049,-11.6446608096207,39.355141491406));
#3233=CARTESIAN_POINT('Ctrl Pts',(-15.15301618353,-11.6545407641847,38.8182846676969));
#3234=CARTESIAN_POINT('Ctrl Pts',(-15.1989485573394,-11.4394150797334,38.1312830409217));
#3235=CARTESIAN_POINT('Ctrl Pts',(-15.3193613733424,-10.8315663480643,37.7361420712301));
#3236=CARTESIAN_POINT('Ctrl Pts',(-15.4306099994718,-10.2312238216293,37.6682723056538));
#3237=CARTESIAN_POINT('Ctrl Pts',(-15.5283570247649,-9.67501027065018,37.822514000866));
#3238=CARTESIAN_POINT('Ctrl Pts',(-15.5754902626431,-9.38280127041678,38.3230458184737));
#3239=CARTESIAN_POINT('Ctrl Pts',(-15.5828059446,-9.33783025651023,38.5871445648721));
#3240=CARTESIAN_POINT('Ctrl Pts',(-15.5857181334632,-9.3198989915298,38.5839207765444));
#3241=CARTESIAN_POINT('Ctrl Pts',(-15.5877113227429,-9.30762629672542,38.6535976921161));
#3242=CARTESIAN_POINT('Ctrl Pts',(-15.5886882073675,-9.30159111771913,38.7247787065449));
#3243=CARTESIAN_POINT('Ctrl Pts',(-15.5885964233474,-9.30214937262879,39.049806091055));
#3244=CARTESIAN_POINT('Ctrl Pts',(-15.5712794898718,-9.41007554088702,39.3853680978803));
#3245=CARTESIAN_POINT('Ctrl Pts',(-15.504554470819,-9.80925031154309,39.9319043870104));
#3246=CARTESIAN_POINT('Ctrl Pts',(-15.4409940626353,-10.174188498298,40.182236398654));
#3247=CARTESIAN_POINT('Ctrl Pts',(-15.3531479032743,-10.6481969146033,40.3144910119935));
#3248=CARTESIAN_POINT('Ctrl Pts',(-15.3062348076274,-10.8950487938256,40.3371451531272));
#3249=CARTESIAN_POINT('Ctrl Pts',(-15.2477985866676,-11.1911424871408,40.2132922864074));
#3250=CARTESIAN_POINT('Ctrl Pts',(-15.2053828613343,-11.4016553486637,40.0268038008351));
#3251=CARTESIAN_POINT('Ctrl Pts',(-15.1628479724015,-11.608222028387,39.6803771089996));
#3252=CARTESIAN_POINT('Ctrl Pts',(-15.1496999966257,-11.6706770026507,39.3586014650469));
#3253=CARTESIAN_POINT('Ctrl Pts',(-15.1486168725671,-11.6753822217907,38.8130196224838));
#3254=CARTESIAN_POINT('Ctrl Pts',(-15.1961533330783,-11.4531218603158,38.1196136663548));
#3255=CARTESIAN_POINT('Ctrl Pts',(-15.3181816163996,-10.837684874095,37.7215847739795));
#3256=CARTESIAN_POINT('Ctrl Pts',(-15.430965372013,-10.2292496131954,37.6534799538352));
#3257=CARTESIAN_POINT('Ctrl Pts',(-15.5299712099786,-9.66564064182786,37.8093496715542));
#3258=CARTESIAN_POINT('Ctrl Pts',(-15.5780504877557,-9.36711110359213,38.315879046626));
#3259=CARTESIAN_POINT('Ctrl Pts',(-15.5857181334632,-9.3198989915298,38.5839207765444));
#3260=CARTESIAN_POINT('Ctrl Pts',(-15.5857181334632,-9.3198989915298,38.5839207765444));
#3261=CARTESIAN_POINT('Ctrl Pts',(-15.5828059446,-9.33783025651023,38.5871445648721));
#3262=CARTESIAN_POINT('Ctrl Pts',(-15.5690435222084,-9.39081103753799,38.5968164952042));
#3263=CARTESIAN_POINT('Ctrl Pts',(-15.521833978623,-9.47044233225821,38.612108195807));
#3264=CARTESIAN_POINT('Ctrl Pts',(-15.4338970507227,-9.53925012607463,38.6266626190736));
#3265=CARTESIAN_POINT('Ctrl Pts',(-15.3623317010553,-9.56113065448954,38.6325312536212));
#3266=CARTESIAN_POINT('Ctrl Pts',(-15.3257150076405,-9.5653310638446,38.6343087064663));
#3267=CARTESIAN_POINT('Ctrl Pts',(-14.9794987816893,11.2532417055607,38.6988900779195));
#3268=CARTESIAN_POINT('Ctrl Pts',(-14.9446343459524,11.2972488467852,38.845326576062));
#3269=CARTESIAN_POINT('Ctrl Pts',(-14.9077804807374,11.315342906254,39.000584897802));
#3270=CARTESIAN_POINT('Ctrl Pts',(-14.8361457928256,11.3095433476872,39.2849949518931));
#3271=CARTESIAN_POINT('Ctrl Pts',(-14.7863501712513,11.2854079194798,39.4822584270115));
#3272=CARTESIAN_POINT('Ctrl Pts',(-14.7433948033478,11.2199951083864,39.7095891165031));
#3273=CARTESIAN_POINT('Ctrl Pts',(-14.7272438867441,11.1684119915772,39.8327869073219));
#3274=CARTESIAN_POINT('Ctrl Pts',(-14.7174606459768,11.1049069322972,39.9498822973859));
#3275=CARTESIAN_POINT('Ctrl Pts',(-14.7191960881977,11.0014132628414,40.0751903825846));
#3276=CARTESIAN_POINT('Ctrl Pts',(-14.753625513283,10.7745905325411,40.1917983097208));
#3277=CARTESIAN_POINT('Ctrl Pts',(-14.8029061490759,10.5672637499431,40.1562646046795));
#3278=CARTESIAN_POINT('Ctrl Pts',(-14.8373377482282,10.4394225854164,40.1047198445802));
#3279=CARTESIAN_POINT('Ctrl Pts',(-14.8384596592675,10.4352685980714,40.1030278404871));
#3280=CARTESIAN_POINT('Ctrl Pts',(-14.8407091759473,10.4269787653134,40.0995839314265));
#3281=CARTESIAN_POINT('Ctrl Pts',(-14.8435332371247,10.4166476025489,40.0951662001944));
#3282=CARTESIAN_POINT('Ctrl Pts',(-14.8469408375285,10.4043034864452,40.0896886315744));
#3283=CARTESIAN_POINT('Ctrl Pts',(-14.8537941625224,10.3797240906611,40.0783867525431));
#3284=CARTESIAN_POINT('Ctrl Pts',(-14.864211499446,10.3432902167354,40.0601695338319));
#3285=CARTESIAN_POINT('Ctrl Pts',(-14.8784029785081,10.2957334510632,40.0333790391927));
#3286=CARTESIAN_POINT('Ctrl Pts',(-14.8976938381658,10.2338979375558,39.9946660848307));
#3287=CARTESIAN_POINT('Ctrl Pts',(-14.9225670849555,10.1596434360596,39.9410449571412));
#3288=CARTESIAN_POINT('Ctrl Pts',(-14.9635074468467,10.0490329205239,39.8470344384307));
#3289=CARTESIAN_POINT('Ctrl Pts',(-15.0065987332448,9.94976605870205,39.7423652228704));
#3290=CARTESIAN_POINT('Ctrl Pts',(-15.0455320525372,9.87267563594744,39.6443511674286));
#3291=CARTESIAN_POINT('Ctrl Pts',(-15.0677875651201,9.83162477063274,39.587090636461));
#3292=CARTESIAN_POINT('Ctrl Pts',(-15.1010765597163,9.77302228130079,39.5000822595762));
#3293=CARTESIAN_POINT('Ctrl Pts',(-15.1500069941946,9.69638008377325,39.3661913274943));
#3294=CARTESIAN_POINT('Ctrl Pts',(-15.2303309220775,9.59150280558636,39.1177249969643));
#3295=CARTESIAN_POINT('Ctrl Pts',(-15.2771970629931,9.55469466935837,38.9236633292039));
#3296=CARTESIAN_POINT('Ctrl Pts',(-15.3219271238945,9.55305733007023,38.6778589603854));
#3297=CARTESIAN_POINT('Ctrl Pts',(-15.3506457340292,9.59172727744824,38.4422224033129));
#3298=CARTESIAN_POINT('Ctrl Pts',(-15.3501811679011,9.75085066900863,38.1900078131538));
#3299=CARTESIAN_POINT('Ctrl Pts',(-15.3302269620083,9.93533890023808,38.0438313400487));
#3300=CARTESIAN_POINT('Ctrl Pts',(-15.299335881832,10.1466229897793,37.9431663677458));
#3301=CARTESIAN_POINT('Ctrl Pts',(-15.2656246982793,10.3262851995063,37.9258690159578));
#3302=CARTESIAN_POINT('Ctrl Pts',(-15.2015487927134,10.6294103885658,37.9643942134004));
#3303=CARTESIAN_POINT('Ctrl Pts',(-15.1125892049902,10.9883273470757,38.1513218626887));
#3304=CARTESIAN_POINT('Ctrl Pts',(-15.0247878150501,11.1960762633298,38.5086685151882));
#3305=CARTESIAN_POINT('Ctrl Pts',(-14.9794987816893,11.2532417055607,38.6988900779195));
#3306=CARTESIAN_POINT('Ctrl Pts',(-15.0171610818571,11.2672819519698,38.6966147774502));
#3307=CARTESIAN_POINT('Ctrl Pts',(-14.985733978686,11.3094293345644,38.8448557611884));
#3308=CARTESIAN_POINT('Ctrl Pts',(-14.953246114565,11.3238386958792,39.0015515297874));
#3309=CARTESIAN_POINT('Ctrl Pts',(-14.8890250596059,11.3064108732692,39.2840461580539));
#3310=CARTESIAN_POINT('Ctrl Pts',(-14.8435886651738,11.2715636311701,39.4771719697357));
#3311=CARTESIAN_POINT('Ctrl Pts',(-14.7999882042271,11.194411542805,39.6916027254985));
#3312=CARTESIAN_POINT('Ctrl Pts',(-14.7815706302799,11.1386030337692,39.8051489241515));
#3313=CARTESIAN_POINT('Ctrl Pts',(-14.7683613751768,11.0734737961038,39.9113511629105));
#3314=CARTESIAN_POINT('Ctrl Pts',(-14.7640973289487,10.9744902956266,40.0213173655901));
#3315=CARTESIAN_POINT('Ctrl Pts',(-14.7894620601755,10.7737587136735,40.1219762893318));
#3316=CARTESIAN_POINT('Ctrl Pts',(-14.8392319523221,10.5841289486338,40.0936730841787));
#3317=CARTESIAN_POINT('Ctrl Pts',(-14.8752420325701,10.4624021751211,40.0477768595975));
#3318=CARTESIAN_POINT('Ctrl Pts',(-14.8764155532629,10.4584473680897,40.0462702942539));
#3319=CARTESIAN_POINT('Ctrl Pts',(-14.8787707311509,10.450547119177,40.0432006531824));
#3320=CARTESIAN_POINT('Ctrl Pts',(-14.8817309781753,10.440689553969,40.0392580637631));
#3321=CARTESIAN_POINT('Ctrl Pts',(-14.8853083681254,10.4288914186644,40.0343614016719));
#3322=CARTESIAN_POINT('Ctrl Pts',(-14.8925132186326,10.4053605723508,40.0242422473007));
#3323=CARTESIAN_POINT('Ctrl Pts',(-14.9034999485468,10.3703372307052,40.0078727422625));
#3324=CARTESIAN_POINT('Ctrl Pts',(-14.9185191446791,10.3243300771416,39.9836779980914));
#3325=CARTESIAN_POINT('Ctrl Pts',(-14.9389754014074,10.2641378047313,39.9485654124141));
#3326=CARTESIAN_POINT('Ctrl Pts',(-14.9653682380297,10.1911759126979,39.8996638947602));
#3327=CARTESIAN_POINT('Ctrl Pts',(-15.0086464415612,10.0811571801445,39.8133793271137));
#3328=CARTESIAN_POINT('Ctrl Pts',(-15.0536580970302,9.98048578873525,39.7164844908892));
#3329=CARTESIAN_POINT('Ctrl Pts',(-15.0935575240352,9.9008200853978,39.624752479822));
#3330=CARTESIAN_POINT('Ctrl Pts',(-15.1161391782522,9.85799715705915,39.5708309962845));
#3331=CARTESIAN_POINT('Ctrl Pts',(-15.1496906368428,9.79647687728384,39.4885532455224));
#3332=CARTESIAN_POINT('Ctrl Pts',(-15.1981539730896,9.71467098678292,39.3605488381772));
#3333=CARTESIAN_POINT('Ctrl Pts',(-15.2756945642291,9.59992613402358,39.1185498765029));
#3334=CARTESIAN_POINT('Ctrl Pts',(-15.3191268728255,9.55671384936444,38.9247686189374));
#3335=CARTESIAN_POINT('Ctrl Pts',(-15.3594394660938,9.54929260226912,38.6770261480706));
#3336=CARTESIAN_POINT('Ctrl Pts',(-15.383949196337,9.58460976056622,38.4376565559967));
#3337=CARTESIAN_POINT('Ctrl Pts',(-15.3794007539723,9.74479337730777,38.1801474420601));
#3338=CARTESIAN_POINT('Ctrl Pts',(-15.3571305417348,9.93220981886252,38.0309067376087));
#3339=CARTESIAN_POINT('Ctrl Pts',(-15.32460900461,10.147320695992,37.9281713860904));
#3340=CARTESIAN_POINT('Ctrl Pts',(-15.2904489806313,10.3304481927995,37.910604461395));
#3341=CARTESIAN_POINT('Ctrl Pts',(-15.2265448603942,10.6392869271884,37.9500726569416));
#3342=CARTESIAN_POINT('Ctrl Pts',(-15.1395020817809,11.0040883395654,38.1407226789841));
#3343=CARTESIAN_POINT('Ctrl Pts',(-15.0579850072658,11.212532343205,38.5040491811325));
#3344=CARTESIAN_POINT('Ctrl Pts',(-15.0171610818571,11.2672819519698,38.6966147774502));
#3345=CARTESIAN_POINT('Ctrl Pts',(-15.0867540891777,11.3096843609955,38.6864037723558));
#3346=CARTESIAN_POINT('Ctrl Pts',(-15.062659179038,11.3510853452797,38.839326937134));
#3347=CARTESIAN_POINT('Ctrl Pts',(-15.0398443430906,11.3619054446291,39.0006125084674));
#3348=CARTESIAN_POINT('Ctrl Pts',(-14.9961342200266,11.3286674095841,39.284953816655));
#3349=CARTESIAN_POINT('Ctrl Pts',(-14.9656204399468,11.2775183025816,39.4750735635823));
#3350=CARTESIAN_POINT('Ctrl Pts',(-14.9333326873577,11.178487968413,39.6710430277615));
#3351=CARTESIAN_POINT('Ctrl Pts',(-14.9182666245762,11.1131477731597,39.7692182877629));
#3352=CARTESIAN_POINT('Ctrl Pts',(-14.906215877111,11.04228593714,39.8572866800066));
#3353=CARTESIAN_POINT('Ctrl Pts',(-14.899027322257,10.9466008537332,39.940199233968));
#3354=CARTESIAN_POINT('Ctrl Pts',(-14.9139486521581,10.7853666992966,40.0122265303996));
#3355=CARTESIAN_POINT('Ctrl Pts',(-14.9611423240623,10.6226213098249,39.9991769379623));
#3356=CARTESIAN_POINT('Ctrl Pts',(-14.996855906743,10.5082437368341,39.9646419510393));
#3357=CARTESIAN_POINT('Ctrl Pts',(-14.9980196224455,10.5045285528244,39.9635079360125));
#3358=CARTESIAN_POINT('Ctrl Pts',(-15.0003571204034,10.4970911990242,39.9611887144517));
#3359=CARTESIAN_POINT('Ctrl Pts',(-15.0032979590044,10.4877872945919,39.9581959094591));
#3360=CARTESIAN_POINT('Ctrl Pts',(-15.0068561956266,10.4766119274171,39.9544558671475));
#3361=CARTESIAN_POINT('Ctrl Pts',(-15.0140297934352,10.454245857875,39.9466823155572));
#3362=CARTESIAN_POINT('Ctrl Pts',(-15.0249931153534,10.4206690900026,39.9339424448929));
#3363=CARTESIAN_POINT('Ctrl Pts',(-15.0399992420498,10.3759809951497,39.9147675666867));
#3364=CARTESIAN_POINT('Ctrl Pts',(-15.060424904365,10.3167813744354,39.8865082052674));
#3365=CARTESIAN_POINT('Ctrl Pts',(-15.0866778034175,10.2436998336189,39.846367855265));
#3366=CARTESIAN_POINT('Ctrl Pts',(-15.1292678995854,10.1309925678271,39.7739115444142));
#3367=CARTESIAN_POINT('Ctrl Pts',(-15.172538608958,10.0244137730834,39.6900792073062));
#3368=CARTESIAN_POINT('Ctrl Pts',(-15.209721727753,9.93773554519087,39.6081075886198));
#3369=CARTESIAN_POINT('Ctrl Pts',(-15.2304374727925,9.89056105949077,39.5591387003152));
#3370=CARTESIAN_POINT('Ctrl Pts',(-15.260892065462,9.82224571692429,39.4836330567855));
#3371=CARTESIAN_POINT('Ctrl Pts',(-15.3037010354631,9.72961292783968,39.3631221287233));
#3372=CARTESIAN_POINT('Ctrl Pts',(-15.369364660065,9.59639854351234,39.1266425914886));
#3373=CARTESIAN_POINT('Ctrl Pts',(-15.40345050587,9.54296981300149,38.9291015300184));
#3374=CARTESIAN_POINT('Ctrl Pts',(-15.4326877014992,9.52753024813484,38.6733469549911));
#3375=CARTESIAN_POINT('Ctrl Pts',(-15.4475588975472,9.55967241078229,38.4238057494125));
#3376=CARTESIAN_POINT('Ctrl Pts',(-15.4342225214078,9.72558183342865,38.1542535721659));
#3377=CARTESIAN_POINT('Ctrl Pts',(-15.4069845984613,9.92125298878346,37.9982232284243));
#3378=CARTESIAN_POINT('Ctrl Pts',(-15.3708793699312,10.1461716531084,37.8908900687195));
#3379=CARTESIAN_POINT('Ctrl Pts',(-15.3355777448973,10.3377090781983,37.8725698282537));
#3380=CARTESIAN_POINT('Ctrl Pts',(-15.2715002091447,10.6606893203914,37.9136439868308));
#3381=CARTESIAN_POINT('Ctrl Pts',(-15.1875405676422,11.0406525440044,38.111632457979));
#3382=CARTESIAN_POINT('Ctrl Pts',(-15.1180534682174,11.2559043264477,38.4877560052285));
#3383=CARTESIAN_POINT('Ctrl Pts',(-15.0867540891777,11.3096843609955,38.6864037723558));
#3384=CARTESIAN_POINT('Ctrl Pts',(-15.1574300946862,11.4060628288326,38.6565758053535));
#3385=CARTESIAN_POINT('Ctrl Pts',(-15.1419405472796,11.4541091166126,38.8189102567338));
#3386=CARTESIAN_POINT('Ctrl Pts',(-15.1311620906087,11.4698466100466,38.9910298215544));
#3387=CARTESIAN_POINT('Ctrl Pts',(-15.1183500528656,11.4375523276613,39.2943706748887));
#3388=CARTESIAN_POINT('Ctrl Pts',(-15.1135239247609,11.3819845663566,39.4962485115183));
#3389=CARTESIAN_POINT('Ctrl Pts',(-15.113966252494,11.2679471061307,39.6977204839467));
#3390=CARTESIAN_POINT('Ctrl Pts',(-15.1163293666982,11.1924648407353,39.7960194244684));
#3391=CARTESIAN_POINT('Ctrl Pts',(-15.12031614087,11.1111019316425,39.8823689227651));
#3392=CARTESIAN_POINT('Ctrl Pts',(-15.1287330980038,11.0033678987033,39.9598106571541));
#3393=CARTESIAN_POINT('Ctrl Pts',(-15.1534617546348,10.8325730675535,40.0257057851488));
#3394=CARTESIAN_POINT('Ctrl Pts',(-15.1939629312173,10.6640525519104,40.0213207192807));
#3395=CARTESIAN_POINT('Ctrl Pts',(-15.2236974451134,10.5424748296788,39.9927496948588));
#3396=CARTESIAN_POINT('Ctrl Pts',(-15.22466480991,10.5385256897656,39.9918101171968));
#3397=CARTESIAN_POINT('Ctrl Pts',(-15.2266051619977,10.5306146012679,39.989880705602));
#3398=CARTESIAN_POINT('Ctrl Pts',(-15.229040242375,10.5207093752256,39.9873771049832));
#3399=CARTESIAN_POINT('Ctrl Pts',(-15.2319771472383,10.5087971910411,39.9842264540222));
#3400=CARTESIAN_POINT('Ctrl Pts',(-15.2378789928985,10.4849275951193,39.9776353124138));
#3401=CARTESIAN_POINT('Ctrl Pts',(-15.2468275917707,10.4489846714238,39.9666777732896));
#3402=CARTESIAN_POINT('Ctrl Pts',(-15.2589206971274,10.4009112747866,39.9498611923298));
#3403=CARTESIAN_POINT('Ctrl Pts',(-15.2751745129808,10.3369156539731,39.9246716170044));
#3404=CARTESIAN_POINT('Ctrl Pts',(-15.2956664248635,10.2573267216171,39.8881433385801));
#3405=CARTESIAN_POINT('Ctrl Pts',(-15.3280735995903,10.1334385036229,39.8205915549661));
#3406=CARTESIAN_POINT('Ctrl Pts',(-15.3597559787883,10.0147465177584,39.7399061509894));
#3407=CARTESIAN_POINT('Ctrl Pts',(-15.3860378604025,9.917403884147,39.6584584636887));
#3408=CARTESIAN_POINT('Ctrl Pts',(-15.4004389833694,9.86427728277533,39.6090976355668));
#3409=CARTESIAN_POINT('Ctrl Pts',(-15.4213774699326,9.78722692218984,39.5323089103017));
#3410=CARTESIAN_POINT('Ctrl Pts',(-15.4499855688224,9.68250423126161,39.4072320649555));
#3411=CARTESIAN_POINT('Ctrl Pts',(-15.4918073945551,9.53230331042755,39.1557268322322));
#3412=CARTESIAN_POINT('Ctrl Pts',(-15.5107548419071,9.47313116183413,38.941141249445));
#3413=CARTESIAN_POINT('Ctrl Pts',(-15.5230064545179,9.457135663794,38.6628599869783));
#3414=CARTESIAN_POINT('Ctrl Pts',(-15.5239726971712,9.49461898699654,38.39164924185));
#3415=CARTESIAN_POINT('Ctrl Pts',(-15.4983333083448,9.67837038077282,38.1008418327634));
#3416=CARTESIAN_POINT('Ctrl Pts',(-15.4638279473598,9.8923087879102,37.933174878798));
#3417=CARTESIAN_POINT('Ctrl Pts',(-15.4221335728866,10.1370615863025,37.8179467122172));
#3418=CARTESIAN_POINT('Ctrl Pts',(-15.3843710511046,10.3446248918825,37.7979487744095));
#3419=CARTESIAN_POINT('Ctrl Pts',(-15.3180379814999,10.6950176995711,37.8406295091377));
#3420=CARTESIAN_POINT('Ctrl Pts',(-15.2351594596396,11.1053829855141,38.0491166928087));
#3421=CARTESIAN_POINT('Ctrl Pts',(-15.1775510751185,11.3436505200103,38.4457027414769));
#3422=CARTESIAN_POINT('Ctrl Pts',(-15.1574300946862,11.4060628288326,38.6565758053535));
#3423=CARTESIAN_POINT('Ctrl Pts',(-15.1787984599643,11.5008533182697,38.6235977589436));
#3424=CARTESIAN_POINT('Ctrl Pts',(-15.1662007414574,11.5584933471981,38.7949925845513));
#3425=CARTESIAN_POINT('Ctrl Pts',(-15.1599289697818,11.5838227791283,38.9781556353419));
#3426=CARTESIAN_POINT('Ctrl Pts',(-15.1609111428109,11.5668638337926,39.3070329611663));
#3427=CARTESIAN_POINT('Ctrl Pts',(-15.1684683101226,11.5202260001476,39.5287443277808));
#3428=CARTESIAN_POINT('Ctrl Pts',(-15.1886238413852,11.4074012712643,39.7591532620522));
#3429=CARTESIAN_POINT('Ctrl Pts',(-15.2031260386689,11.327679406526,39.8759572982542));
#3430=CARTESIAN_POINT('Ctrl Pts',(-15.2197101113045,11.2374719478822,39.9819420583016));
#3431=CARTESIAN_POINT('Ctrl Pts',(-15.2437446365301,11.1084327823807,40.0856528447156));
#3432=CARTESIAN_POINT('Ctrl Pts',(-15.2883177198309,10.8753288568035,40.1796184112776));
#3433=CARTESIAN_POINT('Ctrl Pts',(-15.3290599144799,10.6671624652488,40.1669907432523));
#3434=CARTESIAN_POINT('Ctrl Pts',(-15.3558776711904,10.5279721977033,40.1321867643965));
#3435=CARTESIAN_POINT('Ctrl Pts',(-15.3567490378208,10.5234494103553,40.1310415879973));
#3436=CARTESIAN_POINT('Ctrl Pts',(-15.358491059508,10.514403877245,40.1286964855617));
#3437=CARTESIAN_POINT('Ctrl Pts',(-15.3606669367989,10.5030994489783,40.1256629747633));
#3438=CARTESIAN_POINT('Ctrl Pts',(-15.3632749776332,10.4895396390875,40.1218614474011));
#3439=CARTESIAN_POINT('Ctrl Pts',(-15.368484319904,10.4624347977788,40.1139391447907));
#3440=CARTESIAN_POINT('Ctrl Pts',(-15.3762674012578,10.4218621579322,40.1008813111492));
#3441=CARTESIAN_POINT('Ctrl Pts',(-15.3865587080636,10.3680459695823,40.0810711221635));
#3442=CARTESIAN_POINT('Ctrl Pts',(-15.4001161140599,10.2969259112723,40.0516683815226));
#3443=CARTESIAN_POINT('Ctrl Pts',(-15.4167340335567,10.2093262481385,40.0094850059747));
#3444=CARTESIAN_POINT('Ctrl Pts',(-15.4421760012781,10.0743397793189,39.9322477862116));
#3445=CARTESIAN_POINT('Ctrl Pts',(-15.4660078904311,9.94662205983288,39.840862886583));
#3446=CARTESIAN_POINT('Ctrl Pts',(-15.4851725677247,9.84289335147132,39.7491822249179));
#3447=CARTESIAN_POINT('Ctrl Pts',(-15.4955296529548,9.78656000129893,39.6937734858188));
#3448=CARTESIAN_POINT('Ctrl Pts',(-15.5104528582726,9.70512870415152,39.6077254128962));
#3449=CARTESIAN_POINT('Ctrl Pts',(-15.5303914389721,9.59544876863783,39.4681500061031));
#3450=CARTESIAN_POINT('Ctrl Pts',(-15.558270703417,9.44084983493517,39.1894403988452));
#3451=CARTESIAN_POINT('Ctrl Pts',(-15.5687751023335,9.38378387463769,38.9541800404148));
#3452=CARTESIAN_POINT('Ctrl Pts',(-15.5714568919435,9.37507232781724,38.651268083872));
#3453=CARTESIAN_POINT('Ctrl Pts',(-15.5645409432931,9.42336768310233,38.3586097139009));
#3454=CARTESIAN_POINT('Ctrl Pts',(-15.5313889158199,9.62739074996351,38.0484868178656));
#3455=CARTESIAN_POINT('Ctrl Pts',(-15.4919480389973,9.85984239453368,37.8704078472097));
#3456=CARTESIAN_POINT('Ctrl Pts',(-15.4460055555041,10.1238926659553,37.7480980863945));
#3457=CARTESIAN_POINT('Ctrl Pts',(-15.4057434047906,10.346552744901,37.7264199147542));
#3458=CARTESIAN_POINT('Ctrl Pts',(-15.3358739861532,10.7228823196884,37.7699907455676));
#3459=CARTESIAN_POINT('Ctrl Pts',(-15.2504033412248,11.1622883697404,37.9868773761155));
#3460=CARTESIAN_POINT('Ctrl Pts',(-15.195162943762,11.4259787035547,38.4009552348141));
#3461=CARTESIAN_POINT('Ctrl Pts',(-15.1787984599643,11.5008533182697,38.6235977589436));
#3462=CARTESIAN_POINT('Ctrl Pts',(-15.1732437644774,11.5574490312837,38.6025226648361));
#3463=CARTESIAN_POINT('Ctrl Pts',(-15.1600618357705,11.6211502118163,38.7795377542853));
#3464=CARTESIAN_POINT('Ctrl Pts',(-15.1534566113179,11.6526741522184,38.9696377255314));
#3465=CARTESIAN_POINT('Ctrl Pts',(-15.1548068665301,11.6461888403489,39.315417644932));
#3466=CARTESIAN_POINT('Ctrl Pts',(-15.1632171041005,11.6061018378488,39.550690098149));
#3467=CARTESIAN_POINT('Ctrl Pts',(-15.186070704535,11.4951864407182,39.8027621504808));
#3468=CARTESIAN_POINT('Ctrl Pts',(-15.2028463890763,11.4130294602158,39.9340278753594));
#3469=CARTESIAN_POINT('Ctrl Pts',(-15.2223411146858,11.3169129268468,40.0556986706267));
#3470=CARTESIAN_POINT('Ctrl Pts',(-15.2513209702376,11.1725098181786,40.1810241461372));
#3471=CARTESIAN_POINT('Ctrl Pts',(-15.3065944686609,10.8918237617532,40.2981983983965));
#3472=CARTESIAN_POINT('Ctrl Pts',(-15.3518039224211,10.654335327188,40.2774942278176));
#3473=CARTESIAN_POINT('Ctrl Pts',(-15.3798740592807,10.5031759375044,40.2367307268596));
#3474=CARTESIAN_POINT('Ctrl Pts',(-15.3807859642196,10.4982632737558,40.2353893547536));
#3475=CARTESIAN_POINT('Ctrl Pts',(-15.3826062533872,10.4884492672795,40.2326482652541));
#3476=CARTESIAN_POINT('Ctrl Pts',(-15.3848753746378,10.4762010125566,40.2291114780292));
#3477=CARTESIAN_POINT('Ctrl Pts',(-15.3875878940816,10.4615364733354,40.2246940781166));
#3478=CARTESIAN_POINT('Ctrl Pts',(-15.3929918697016,10.4322755033824,40.2155167854971));
#3479=CARTESIAN_POINT('Ctrl Pts',(-15.4010141128613,10.3886664262342,40.2004955454488));
#3480=CARTESIAN_POINT('Ctrl Pts',(-15.4115227186873,10.3311845995626,40.1779234836846));
#3481=CARTESIAN_POINT('Ctrl Pts',(-15.4252475323776,10.2556474352602,40.1446836303231));
#3482=CARTESIAN_POINT('Ctrl Pts',(-15.4418673910314,10.1633181596358,40.0974507328089));
#3483=CARTESIAN_POINT('Ctrl Pts',(-15.4669657484828,10.0222216437267,40.0118113020889));
#3484=CARTESIAN_POINT('Ctrl Pts',(-15.4900501192656,9.89012135605457,39.9115657939337));
#3485=CARTESIAN_POINT('Ctrl Pts',(-15.5083665131556,9.7836744505527,39.8118412969302));
#3486=CARTESIAN_POINT('Ctrl Pts',(-15.5182030491659,9.72608446790962,39.7517957999104));
#3487=CARTESIAN_POINT('Ctrl Pts',(-15.5323175214926,9.64304586431464,39.6587615733211));
#3488=CARTESIAN_POINT('Ctrl Pts',(-15.5509629080314,9.53194619815084,39.5086590159375));
#3489=CARTESIAN_POINT('Ctrl Pts',(-15.5765141156705,9.37730114293132,39.2111932914999));
#3490=CARTESIAN_POINT('Ctrl Pts',(-15.5852645133326,9.32307910439202,38.9624939847721));
#3491=CARTESIAN_POINT('Ctrl Pts',(-15.5856914507646,9.32044578550573,38.6438773648162));
#3492=CARTESIAN_POINT('Ctrl Pts',(-15.5766212685333,9.37655435932048,38.3378227697548));
#3493=CARTESIAN_POINT('Ctrl Pts',(-15.5407943494587,9.59378530378617,38.0158673099885));
#3494=CARTESIAN_POINT('Ctrl Pts',(-15.4991829476727,9.83792898322796,37.8314312347041));
#3495=CARTESIAN_POINT('Ctrl Pts',(-15.4510881717428,10.1140077020882,37.7047965602366));
#3496=CARTESIAN_POINT('Ctrl Pts',(-15.4091851057196,10.3459553281926,37.6820633503576));
#3497=CARTESIAN_POINT('Ctrl Pts',(-15.3365137130283,10.7381973459067,37.7260928408972));
#3498=CARTESIAN_POINT('Ctrl Pts',(-15.2479061092093,11.1953405547777,37.9479580277595));
#3499=CARTESIAN_POINT('Ctrl Pts',(-15.1903671395257,11.4747009578016,38.3725793968043));
#3500=CARTESIAN_POINT('Ctrl Pts',(-15.1732437644774,11.5574490312837,38.6025226648361));
#3501=CARTESIAN_POINT('Ctrl Pts',(-15.1694189135975,11.5759036182653,38.5954982438549));
#3502=CARTESIAN_POINT('Ctrl Pts',(-15.1558083189055,11.6415736042335,38.7743868395555));
#3503=CARTESIAN_POINT('Ctrl Pts',(-15.1487599683462,11.6750912540677,38.9668012823124));
#3504=CARTESIAN_POINT('Ctrl Pts',(-15.1494296414227,11.6719242949702,39.3182160602995));
#3505=CARTESIAN_POINT('Ctrl Pts',(-15.1574289869268,11.6338725950932,39.5580117759557));
#3506=CARTESIAN_POINT('Ctrl Pts',(-15.1803107778102,11.5234034649799,39.8172907018991));
#3507=CARTESIAN_POINT('Ctrl Pts',(-15.197354808835,11.4403302220295,39.9533618850119));
#3508=CARTESIAN_POINT('Ctrl Pts',(-15.2173604128365,11.3421502713762,40.080240463445));
#3509=CARTESIAN_POINT('Ctrl Pts',(-15.2475060052068,11.1925416710858,40.212733737498));
#3510=CARTESIAN_POINT('Ctrl Pts',(-15.3060274849166,10.8960183977945,40.3375984337875));
#3511=CARTESIAN_POINT('Ctrl Pts',(-15.3529947537441,10.6488732660161,40.3142343092459));
#3512=CARTESIAN_POINT('Ctrl Pts',(-15.3817359721441,10.4937958191594,40.2715030018373));
#3513=CARTESIAN_POINT('Ctrl Pts',(-15.3826697654533,10.4887555607231,40.2700968365773));
#3514=CARTESIAN_POINT('Ctrl Pts',(-15.3845330262278,10.4786901128745,40.2672249666278));
#3515=CARTESIAN_POINT('Ctrl Pts',(-15.3868546829006,10.4661331640217,40.2635219428184));
#3516=CARTESIAN_POINT('Ctrl Pts',(-15.3896282854814,10.4511074947321,40.2589010837212));
#3517=CARTESIAN_POINT('Ctrl Pts',(-15.3951506973666,10.4211420837509,40.2493091272413));
#3518=CARTESIAN_POINT('Ctrl Pts',(-15.403336909252,10.3765424174196,40.2336388838882));
#3519=CARTESIAN_POINT('Ctrl Pts',(-15.4140377296338,10.317867714321,40.210153369543));
#3520=CARTESIAN_POINT('Ctrl Pts',(-15.4279869901017,10.2408971156538,40.1756437294954));
#3521=CARTESIAN_POINT('Ctrl Pts',(-15.4448351124017,10.147040723031,40.1267382861231));
#3522=CARTESIAN_POINT('Ctrl Pts',(-15.4702058549137,10.0039865954112,40.0383127922171));
#3523=CARTESIAN_POINT('Ctrl Pts',(-15.4934574593762,9.87050517123145,39.935124376488));
#3524=CARTESIAN_POINT('Ctrl Pts',(-15.5118569798005,9.76321967314751,39.8327251479242));
#3525=CARTESIAN_POINT('Ctrl Pts',(-15.5217254989241,9.70524815294027,39.7711370722971));
#3526=CARTESIAN_POINT('Ctrl Pts',(-15.5358738646575,9.62172843633275,39.675777986127));
#3527=CARTESIAN_POINT('Ctrl Pts',(-15.5545280389272,9.51023341006258,39.5221690463494));
#3528=CARTESIAN_POINT('Ctrl Pts',(-15.579976705963,9.35568884878839,39.2184539748426));
#3529=CARTESIAN_POINT('Ctrl Pts',(-15.5885505850396,9.30248281788369,38.9652729084998));
#3530=CARTESIAN_POINT('Ctrl Pts',(-15.5886385410778,9.30194218714804,38.6414205585665));
#3531=CARTESIAN_POINT('Ctrl Pts',(-15.5791689316951,9.36070516414826,38.3308989761006));
#3532=CARTESIAN_POINT('Ctrl Pts',(-15.5426706524434,9.5823698947569,38.0049988745002));
#3533=CARTESIAN_POINT('Ctrl Pts',(-15.5004416033369,9.83042375552817,37.8184429919134));
#3534=CARTESIAN_POINT('Ctrl Pts',(-15.4516811098388,10.1105151901615,37.6903666461416));
#3535=CARTESIAN_POINT('Ctrl Pts',(-15.4092332478691,10.3455543990864,37.6672808197333));
#3536=CARTESIAN_POINT('Ctrl Pts',(-15.3355781312932,10.7430828049798,37.7114620685371));
#3537=CARTESIAN_POINT('Ctrl Pts',(-15.2457743711399,11.2060992316767,37.9349861881482));
#3538=CARTESIAN_POINT('Ctrl Pts',(-15.1870991273752,11.4905980591058,38.3631212841448));
#3539=CARTESIAN_POINT('Ctrl Pts',(-15.1694189135975,11.5759036182653,38.5954982438549));
#3540=CARTESIAN_POINT('Ctrl Pts',(-15.1694189135975,11.5759036182653,38.5954982438549));
#3541=CARTESIAN_POINT('Ctrl Pts',(-15.1732437644774,11.5574490312837,38.6025226648361));
#3542=CARTESIAN_POINT('Ctrl Pts',(-15.1787984599643,11.5008533182697,38.6235977589436));
#3543=CARTESIAN_POINT('Ctrl Pts',(-15.1574300946862,11.4060628288326,38.6565758053535));
#3544=CARTESIAN_POINT('Ctrl Pts',(-15.0867728605944,11.3097099589389,38.6863958501027));
#3545=CARTESIAN_POINT('Ctrl Pts',(-15.0172165222579,11.2673157369607,38.6966066409218));
#3546=CARTESIAN_POINT('Ctrl Pts',(-14.9795887558401,11.2532752629683,38.6988846365758));
#3547=CARTESIAN_POINT('Ctrl Pts',(0.,31.325,37.6498));
#3548=CARTESIAN_POINT('Ctrl Pts',(0.,31.325,37.6498));
#3549=CARTESIAN_POINT('Ctrl Pts',(0.,31.325,37.6498));
#3550=CARTESIAN_POINT('Ctrl Pts',(0.,31.325,37.6498));
#3551=CARTESIAN_POINT('Ctrl Pts',(0.,31.325,37.6498));
#3552=CARTESIAN_POINT('Ctrl Pts',(16.325,31.325,37.6498));
#3553=CARTESIAN_POINT('Ctrl Pts',(16.325,31.325,21.3248));
#3554=CARTESIAN_POINT('Ctrl Pts',(0.,31.325,21.3248));
#3555=CARTESIAN_POINT('Ctrl Pts',(-16.325,31.325,21.3248));
#3556=CARTESIAN_POINT('Ctrl Pts',(-16.325,31.325,37.6498));
#3557=CARTESIAN_POINT('Ctrl Pts',(16.325,-1.91810304916454E-15,37.6498));
#3558=CARTESIAN_POINT('Ctrl Pts',(16.325,-1.91810304916454E-15,21.3248));
#3559=CARTESIAN_POINT('Ctrl Pts',(0.,-2.22044604925031E-15,21.3248));
#3560=CARTESIAN_POINT('Ctrl Pts',(-16.325,-2.52278904933608E-15,21.3248));
#3561=CARTESIAN_POINT('Ctrl Pts',(-16.325,-2.52278904933608E-15,37.6498));
#3562=CARTESIAN_POINT('Ctrl Pts',(16.325,-31.325,37.6498));
#3563=CARTESIAN_POINT('Ctrl Pts',(16.325,-31.325,21.3248));
#3564=CARTESIAN_POINT('Ctrl Pts',(0.,-31.325,21.3248));
#3565=CARTESIAN_POINT('Ctrl Pts',(-16.325,-31.325,21.3248));
#3566=CARTESIAN_POINT('Ctrl Pts',(-16.325,-31.325,37.6498));
#3567=CARTESIAN_POINT('Ctrl Pts',(0.,-31.325,37.6498));
#3568=CARTESIAN_POINT('Ctrl Pts',(0.,-31.325,37.6498));
#3569=CARTESIAN_POINT('Ctrl Pts',(0.,-31.325,37.6498));
#3570=CARTESIAN_POINT('Ctrl Pts',(0.,-31.325,37.6498));
#3571=CARTESIAN_POINT('Ctrl Pts',(0.,-31.325,37.6498));
#3572=UNCERTAINTY_MEASURE_WITH_UNIT(LENGTH_MEASURE(0.01),#3576,
'DISTANCE_ACCURACY_VALUE',
'Maximum model space distance between geometric entities at asserted c
onnectivities');
#3573=UNCERTAINTY_MEASURE_WITH_UNIT(LENGTH_MEASURE(0.01),#3576,
'DISTANCE_ACCURACY_VALUE',
'Maximum model space distance between geometric entities at asserted c
onnectivities');
#3574=(
GEOMETRIC_REPRESENTATION_CONTEXT(3)
GLOBAL_UNCERTAINTY_ASSIGNED_CONTEXT((#3572))
GLOBAL_UNIT_ASSIGNED_CONTEXT((#3576,#3578,#3579))
REPRESENTATION_CONTEXT('','3D')
);
#3575=(
GEOMETRIC_REPRESENTATION_CONTEXT(3)
GLOBAL_UNCERTAINTY_ASSIGNED_CONTEXT((#3573))
GLOBAL_UNIT_ASSIGNED_CONTEXT((#3576,#3578,#3579))
REPRESENTATION_CONTEXT('','3D')
);
#3576=(
LENGTH_UNIT()
NAMED_UNIT(*)
SI_UNIT(.MILLI.,.METRE.)
);
#3577=(
LENGTH_UNIT()
NAMED_UNIT(*)
SI_UNIT($,.METRE.)
);
#3578=(
NAMED_UNIT(*)
PLANE_ANGLE_UNIT()
SI_UNIT($,.RADIAN.)
);
#3579=(
NAMED_UNIT(*)
SI_UNIT($,.STERADIAN.)
SOLID_ANGLE_UNIT()
);
#3580=SHAPE_DEFINITION_REPRESENTATION(#3581,#3582);
#3581=PRODUCT_DEFINITION_SHAPE('',$,#3584);
#3582=SHAPE_REPRESENTATION('',(#388),#3574);
#3583=PRODUCT_DEFINITION_CONTEXT('part definition',#3588,'design');
#3584=PRODUCT_DEFINITION('2026-08-19-19-14-22-209',
'Fusion \X2\30B330F330DD30FC30CD30F330C8\X0\',#3585,#3583);
#3585=PRODUCT_DEFINITION_FORMATION('',$,#3590);
#3586=PRODUCT_RELATED_PRODUCT_CATEGORY('Fusion \X2\30B330F330DD30FC30CD30F330C8\X0\',
'Fusion \X2\30B330F330DD30FC30CD30F330C8\X0\',(#3590));
#3587=APPLICATION_PROTOCOL_DEFINITION('international standard',
'automotive_design',2009,#3588);
#3588=APPLICATION_CONTEXT(
'Core Data for Automotive Mechanical Design Process');
#3589=PRODUCT_CONTEXT('part definition',#3588,'mechanical');
#3590=PRODUCT('2026-08-19-19-14-22-209','Fusion \X2\30B330F330DD30FC30CD30F330C8\X0\',
$,(#3589));
#3591=PRESENTATION_STYLE_ASSIGNMENT((#3593));
#3592=PRESENTATION_STYLE_ASSIGNMENT((#3594));
#3593=SURFACE_STYLE_USAGE(.BOTH.,#3595);
#3594=SURFACE_STYLE_USAGE(.BOTH.,#3596);
#3595=SURFACE_SIDE_STYLE('',(#3597));
#3596=SURFACE_SIDE_STYLE('',(#3598));
#3597=SURFACE_STYLE_FILL_AREA(#3599);
#3598=SURFACE_STYLE_FILL_AREA(#3600);
#3599=FILL_AREA_STYLE('\X2\92FC\X0\ - \X2\30B530C630F3\X0\',(#3601));
#3600=FILL_AREA_STYLE('Opaque(160,160,160)',(#3602));
#3601=FILL_AREA_STYLE_COLOUR('\X2\92FC\X0\ - \X2\30B530C630F3\X0\',#3603);
#3602=FILL_AREA_STYLE_COLOUR('Opaque(160,160,160)',#3604);
#3603=COLOUR_RGB('\X2\92FC\X0\ - \X2\30B530C630F3\X0\',0.627450980392157,
0.627450980392157,0.627450980392157);
#3604=COLOUR_RGB('Opaque(160,160,160)',0.627450980392157,0.627450980392157,
0.627450980392157);
ENDSEC;
END-ISO-10303-21;
