ISO-10303-21;
HEADER;
/* Generated by software containing ST-Developer
 * from STEP Tools, Inc. (www.steptools.com) 
 */

FILE_DESCRIPTION(
/* description */ (''),
/* implementation_level */ '2;1');

FILE_NAME(
/* name */ 'exp_humerus_fixing_jig_2.step',
/* time_stamp */ '2026-08-19T19:48:00+09:00',
/* author */ (''),
/* organization */ (''),
/* preprocessor_version */ 'ST-DEVELOPER v20.1',
/* originating_system */ 'Autodesk Translation Framework v15.8.0.0',
/* authorisation */ '');

FILE_SCHEMA (('AUTOMOTIVE_DESIGN { 1 0 10303 214 3 1 1 }'));
ENDSEC;

DATA;
#10=MECHANICAL_DESIGN_GEOMETRIC_PRESENTATION_REPRESENTATION('',(#13),#4608);
#11=SHAPE_REPRESENTATION_RELATIONSHIP('SRR','None',#4615,#12);
#12=ADVANCED_BREP_SHAPE_REPRESENTATION('',(#14),#4607);
#13=STYLED_ITEM('',(#4625),#14);
#14=MANIFOLD_SOLID_BREP('\X2\30DC30C730A3\X0\1',#1302);
#15=FACE_BOUND('',#196,.T.);
#16=FACE_BOUND('',#199,.T.);
#17=FACE_BOUND('',#203,.T.);
#18=FACE_BOUND('',#206,.T.);
#19=B_SPLINE_SURFACE_WITH_KNOTS('',3,3,((#2735,#2736,#2737,#2738,#2739,
#2740,#2741,#2742,#2743,#2744,#2745,#2746,#2747,#2748,#2749,#2750,#2751,
#2752,#2753,#2754,#2755,#2756,#2757,#2758,#2759,#2760,#2761,#2762,#2763,
#2764,#2765),(#2766,#2767,#2768,#2769,#2770,#2771,#2772,#2773,#2774,#2775,
#2776,#2777,#2778,#2779,#2780,#2781,#2782,#2783,#2784,#2785,#2786,#2787,
#2788,#2789,#2790,#2791,#2792,#2793,#2794,#2795,#2796),(#2797,#2798,#2799,
#2800,#2801,#2802,#2803,#2804,#2805,#2806,#2807,#2808,#2809,#2810,#2811,
#2812,#2813,#2814,#2815,#2816,#2817,#2818,#2819,#2820,#2821,#2822,#2823,
#2824,#2825,#2826,#2827),(#2828,#2829,#2830,#2831,#2832,#2833,#2834,#2835,
#2836,#2837,#2838,#2839,#2840,#2841,#2842,#2843,#2844,#2845,#2846,#2847,
#2848,#2849,#2850,#2851,#2852,#2853,#2854,#2855,#2856,#2857,#2858),(#2859,
#2860,#2861,#2862,#2863,#2864,#2865,#2866,#2867,#2868,#2869,#2870,#2871,
#2872,#2873,#2874,#2875,#2876,#2877,#2878,#2879,#2880,#2881,#2882,#2883,
#2884,#2885,#2886,#2887,#2888,#2889)),.UNSPECIFIED.,.F.,.F.,.F.,(4,1,4),
(4,2,2,1,1,1,1,1,1,2,2,1,2,2,2,2,2,2,4),(0.,0.571428571428571,1.),(-1.15013863981832,
-1.11630748001824,-0.971272959232354,-0.943976050523862,-0.892444397607856,
-0.872737257201731,-0.863890424743025,-0.858486360444304,-0.853030116795606,
-0.833322976389482,-0.708201892202593,-0.673560076756819,-0.601494321286451,
-0.471965533222312,-0.37967916818907,-0.313228880030532,-0.165611999988052,
-0.0858896269670502,0.),.UNSPECIFIED.);
#20=B_SPLINE_SURFACE_WITH_KNOTS('',3,3,((#3269,#3270,#3271,#3272,#3273,
#3274,#3275,#3276,#3277,#3278,#3279,#3280,#3281,#3282,#3283,#3284,#3285,
#3286,#3287,#3288,#3289,#3290,#3291,#3292,#3293),(#3294,#3295,#3296,#3297,
#3298,#3299,#3300,#3301,#3302,#3303,#3304,#3305,#3306,#3307,#3308,#3309,
#3310,#3311,#3312,#3313,#3314,#3315,#3316,#3317,#3318),(#3319,#3320,#3321,
#3322,#3323,#3324,#3325,#3326,#3327,#3328,#3329,#3330,#3331,#3332,#3333,
#3334,#3335,#3336,#3337,#3338,#3339,#3340,#3341,#3342,#3343),(#3344,#3345,
#3346,#3347,#3348,#3349,#3350,#3351,#3352,#3353,#3354,#3355,#3356,#3357,
#3358,#3359,#3360,#3361,#3362,#3363,#3364,#3365,#3366,#3367,#3368),(#3369,
#3370,#3371,#3372,#3373,#3374,#3375,#3376,#3377,#3378,#3379,#3380,#3381,
#3382,#3383,#3384,#3385,#3386,#3387,#3388,#3389,#3390,#3391,#3392,#3393)),
 .UNSPECIFIED.,.F.,.F.,.F.,(4,1,4),(4,2,2,2,2,2,2,2,1,2,2,2,4),(0.,0.571428571428571,
1.),(-0.920829052350842,-0.816520140298598,-0.704859473363778,-0.632549378949639,
-0.609066841622868,-0.565563036080514,-0.495861726412446,-0.428410676155392,
-0.332389909929309,-0.330311157296001,-0.266841901043128,-0.116122710327006,
-4.81038106468705E-12),.UNSPECIFIED.);
#21=B_SPLINE_SURFACE_WITH_KNOTS('',3,3,((#3445,#3446,#3447,#3448,#3449,
#3450),(#3451,#3452,#3453,#3454,#3455,#3456),(#3457,#3458,#3459,#3460,#3461,
#3462),(#3463,#3464,#3465,#3466,#3467,#3468)),.UNSPECIFIED.,.F.,.F.,.F.,
(4,4),(4,2,4),(0.,1.),(-0.501831054563835,-0.256162299213376,0.),
 .UNSPECIFIED.);
#22=B_SPLINE_SURFACE_WITH_KNOTS('',3,3,((#3490,#3491,#3492,#3493),(#3494,
#3495,#3496,#3497),(#3498,#3499,#3500,#3501),(#3502,#3503,#3504,#3505),
(#3506,#3507,#3508,#3509)),.UNSPECIFIED.,.F.,.F.,.F.,(4,1,4),(4,4),(0.,
0.571428571428571,1.),(0.,1.18854198013557),.UNSPECIFIED.);
#23=B_SPLINE_SURFACE_WITH_KNOTS('',3,3,((#3520,#3521,#3522,#3523,#3524,
#3525),(#3526,#3527,#3528,#3529,#3530,#3531),(#3532,#3533,#3534,#3535,#3536,
#3537),(#3538,#3539,#3540,#3541,#3542,#3543)),.UNSPECIFIED.,.F.,.F.,.F.,
(4,4),(4,2,4),(0.,1.00003390217262),(-3.39021726236366E-5,0.36236382714319,
0.397336841573904),.UNSPECIFIED.);
#24=B_SPLINE_SURFACE_WITH_KNOTS('',3,3,((#3566,#3567,#3568,#3569),(#3570,
#3571,#3572,#3573),(#3574,#3575,#3576,#3577),(#3578,#3579,#3580,#3581),
(#3582,#3583,#3584,#3585)),.UNSPECIFIED.,.F.,.F.,.F.,(4,1,4),(4,4),(0.,
0.571428571428571,1.),(0.0539369681878464,0.103150158115846),
 .UNSPECIFIED.);
#25=B_SPLINE_SURFACE_WITH_KNOTS('',3,1,((#3590,#3591),(#3592,#3593),(#3594,
#3595),(#3596,#3597),(#3598,#3599),(#3600,#3601),(#3602,#3603),(#3604,#3605),
(#3606,#3607),(#3608,#3609),(#3610,#3611),(#3612,#3613),(#3614,#3615)),
 .UNSPECIFIED.,.F.,.F.,.F.,(4,3,3,3,4),(2,2),(0.0356502523040109,0.156315974130843,
0.177218893326443,0.31532552351168,0.523512233794756),(0.,2.03943482945309),
 .UNSPECIFIED.);
#26=B_SPLINE_SURFACE_WITH_KNOTS('',3,1,((#3617,#3618),(#3619,#3620),(#3621,
#3622),(#3623,#3624),(#3625,#3626),(#3627,#3628),(#3629,#3630),(#3631,#3632),
(#3633,#3634),(#3635,#3636),(#3637,#3638),(#3639,#3640),(#3641,#3642)),
 .UNSPECIFIED.,.F.,.F.,.F.,(4,3,3,3,4),(2,2),(-0.338964648820148,0.,0.0455751526059829,
0.089757225089915,0.237408658752602),(-0.487763605169505,2.),
 .UNSPECIFIED.);
#27=B_SPLINE_SURFACE_WITH_KNOTS('',3,1,((#3645,#3646),(#3647,#3648),(#3649,
#3650),(#3651,#3652),(#3653,#3654),(#3655,#3656),(#3657,#3658),(#3659,#3660),
(#3661,#3662),(#3663,#3664),(#3665,#3666),(#3667,#3668),(#3669,#3670),(#3671,
#3672),(#3673,#3674),(#3675,#3676),(#3677,#3678),(#3679,#3680),(#3681,#3682),
(#3683,#3684),(#3685,#3686),(#3687,#3688),(#3689,#3690),(#3691,#3692),(#3693,
#3694),(#3695,#3696),(#3697,#3698),(#3699,#3700),(#3701,#3702),(#3703,#3704),
(#3705,#3706),(#3707,#3708),(#3709,#3710),(#3711,#3712),(#3713,#3714),(#3715,
#3716),(#3717,#3718),(#3719,#3720),(#3721,#3722),(#3723,#3724),(#3725,#3726),
(#3727,#3728),(#3729,#3730),(#3731,#3732),(#3733,#3734),(#3735,#3736),(#3737,
#3738),(#3739,#3740),(#3741,#3742),(#3743,#3744),(#3745,#3746),(#3747,#3748),
(#3749,#3750),(#3751,#3752),(#3753,#3754)),.UNSPECIFIED.,.F.,.F.,.F.,(4,
3,3,3,3,3,3,3,3,3,3,3,3,3,3,3,3,3,4),(2,2),(-4.56613251782851,-4.42169654432346,
-4.27487361130675,-4.21333457341757,-4.19514514506924,-4.16112500912295,
-4.10357300257102,-4.05029628719987,-4.00362950071034,-3.97890386610337,
-3.88148968476169,-3.72744935878203,-3.68810072426428,-3.6485324835366,
-3.59415980950097,-3.54823980085615,-3.49175007145278,-3.45372877873569,
-3.43582604770307),(-0.415176440009795,0.73184206819),.UNSPECIFIED.);
#28=B_SPLINE_SURFACE_WITH_KNOTS('',3,1,((#3908,#3909),(#3910,#3911),(#3912,
#3913),(#3914,#3915),(#3916,#3917),(#3918,#3919),(#3920,#3921),(#3922,#3923),
(#3924,#3925),(#3926,#3927),(#3928,#3929),(#3930,#3931),(#3932,#3933),(#3934,
#3935),(#3936,#3937),(#3938,#3939),(#3940,#3941),(#3942,#3943),(#3944,#3945),
(#3946,#3947),(#3948,#3949),(#3950,#3951),(#3952,#3953),(#3954,#3955),(#3956,
#3957),(#3958,#3959),(#3960,#3961),(#3962,#3963),(#3964,#3965),(#3966,#3967),
(#3968,#3969),(#3970,#3971),(#3972,#3973),(#3974,#3975),(#3976,#3977),(#3978,
#3979),(#3980,#3981),(#3982,#3983),(#3984,#3985),(#3986,#3987),(#3988,#3989),
(#3990,#3991),(#3992,#3993),(#3994,#3995),(#3996,#3997),(#3998,#3999),(#4000,
#4001),(#4002,#4003),(#4004,#4005)),.UNSPECIFIED.,.F.,.F.,.F.,(4,3,3,3,
3,3,3,3,3,3,3,3,3,3,3,3,4),(2,2),(-1.11448144736485,-1.10807584669049,-1.10465495179656,
-1.09788354086825,-1.07858292086864,-1.07167609434945,-1.05457191272816,
-1.03460311089875,-1.01369148620559,-0.885087259964777,-0.697915708296599,
-0.484899264129729,-0.382852066204965,-0.31192549344112,-0.164384541945333,
-0.0809593089436884,0.),(-0.415176440009803,0.73184206819),
 .UNSPECIFIED.);
#29=B_SPLINE_SURFACE_WITH_KNOTS('',3,1,((#4159,#4160),(#4161,#4162),(#4163,
#4164),(#4165,#4166),(#4167,#4168),(#4169,#4170),(#4171,#4172)),
 .UNSPECIFIED.,.F.,.F.,.F.,(4,3,4),(2,2),(0.,0.0714888633586179,0.147526799844802),
(0.,2.40000000000002),.UNSPECIFIED.);
#30=B_SPLINE_SURFACE_WITH_KNOTS('',3,1,((#4337,#4338),(#4339,#4340),(#4341,
#4342),(#4343,#4344),(#4345,#4346),(#4347,#4348),(#4349,#4350)),
 .UNSPECIFIED.,.F.,.F.,.F.,(4,3,4),(2,2),(0.,0.118817603688073,0.200754344258404),
(0.,2.4),.UNSPECIFIED.);
#31=B_SPLINE_SURFACE_WITH_KNOTS('',3,1,((#4352,#4353),(#4354,#4355),(#4356,
#4357),(#4358,#4359),(#4360,#4361),(#4362,#4363),(#4364,#4365),(#4366,#4367),
(#4368,#4369),(#4370,#4371)),.UNSPECIFIED.,.F.,.F.,.F.,(4,3,3,4),(2,2),
(0.,0.177879925551105,0.374621318582214,0.488814326688487),(0.,2.4),
 .UNSPECIFIED.);
#32=B_SPLINE_SURFACE_WITH_KNOTS('',3,1,((#4372,#4373),(#4374,#4375),(#4376,
#4377),(#4378,#4379),(#4380,#4381),(#4382,#4383),(#4384,#4385),(#4386,#4387),
(#4388,#4389),(#4390,#4391),(#4392,#4393),(#4394,#4395),(#4396,#4397),(#4398,
#4399),(#4400,#4401),(#4402,#4403),(#4404,#4405),(#4406,#4407),(#4408,#4409),
(#4410,#4411),(#4412,#4413),(#4414,#4415),(#4416,#4417),(#4418,#4419),(#4420,
#4421),(#4422,#4423),(#4424,#4425),(#4426,#4427),(#4428,#4429),(#4430,#4431),
(#4432,#4433),(#4434,#4435),(#4436,#4437),(#4438,#4439),(#4440,#4441),(#4442,
#4443),(#4444,#4445)),.UNSPECIFIED.,.F.,.F.,.F.,(4,3,3,3,3,3,3,3,3,3,3,
3,4),(2,2),(1.27808702974275,1.32862697577422,1.37679160504478,1.44729589046263,
1.47748556126276,1.55497963827979,1.59067444209225,1.61518053534788,1.63259332356708,
1.66172913722177,1.68992795188681,1.75135089671769,1.89341794885372),(0.,
2.40000000000205),.UNSPECIFIED.);
#33=B_SPLINE_SURFACE_WITH_KNOTS('',3,1,((#4450,#4451),(#4452,#4453),(#4454,
#4455),(#4456,#4457),(#4458,#4459),(#4460,#4461),(#4462,#4463),(#4464,#4465),
(#4466,#4467),(#4468,#4469),(#4470,#4471),(#4472,#4473),(#4474,#4475),(#4476,
#4477),(#4478,#4479),(#4480,#4481),(#4482,#4483),(#4484,#4485),(#4486,#4487),
(#4488,#4489),(#4490,#4491),(#4492,#4493),(#4494,#4495),(#4496,#4497),(#4498,
#4499),(#4500,#4501),(#4502,#4503),(#4504,#4505),(#4506,#4507),(#4508,#4509),
(#4510,#4511),(#4512,#4513),(#4514,#4515),(#4516,#4517),(#4518,#4519),(#4520,
#4521),(#4522,#4523)),.UNSPECIFIED.,.F.,.F.,.F.,(4,3,3,3,3,3,3,3,3,3,3,
3,4),(2,2),(0.,0.0777246803268005,0.201477577613397,0.259736455825859,0.354679971002144,
0.484616659036692,0.560728959949333,0.608433557794241,0.715685753335349,
0.863329957305321,0.931352584730344,1.02669047364295,1.12286155211562),
(0.,2.4),.UNSPECIFIED.);
#34=B_SPLINE_SURFACE_WITH_KNOTS('',3,1,((#4527,#4528),(#4529,#4530),(#4531,
#4532),(#4533,#4534),(#4535,#4536),(#4537,#4538),(#4539,#4540)),
 .UNSPECIFIED.,.F.,.F.,.F.,(4,3,4),(2,2),(0.,0.0397344893228492,0.0585084357238875),
(0.,2.4),.UNSPECIFIED.);
#35=B_SPLINE_SURFACE_WITH_KNOTS('',3,1,((#4541,#4542),(#4543,#4544),(#4545,
#4546),(#4547,#4548),(#4549,#4550),(#4551,#4552),(#4553,#4554),(#4555,#4556),
(#4557,#4558),(#4559,#4560),(#4561,#4562),(#4563,#4564),(#4565,#4566),(#4567,
#4568),(#4569,#4570),(#4571,#4572)),.UNSPECIFIED.,.F.,.F.,.F.,(4,3,3,3,
3,4),(2,2),(0.0293913751929273,0.17775542369552,0.314616623596435,0.484892239483686,
0.773060050875586,0.889726964917936),(0.,2.),.UNSPECIFIED.);
#36=B_SPLINE_SURFACE_WITH_KNOTS('',3,1,((#4573,#4574),(#4575,#4576),(#4577,
#4578),(#4579,#4580),(#4581,#4582),(#4583,#4584),(#4585,#4586),(#4587,#4588),
(#4589,#4590),(#4591,#4592),(#4593,#4594),(#4595,#4596),(#4597,#4598),(#4599,
#4600),(#4601,#4602),(#4603,#4604)),.UNSPECIFIED.,.F.,.F.,.F.,(4,3,3,3,
3,4),(2,2),(0.147525457265373,0.267429214327425,0.740978794274047,1.27451571925821,
1.47827119560054,1.68329559925236),(0.,2.4),.UNSPECIFIED.);
#37=ELLIPSE('',#1323,3.70690134260723,2.55542030783327);
#38=ELLIPSE('',#1324,1.04052204872821,1.);
#39=ELLIPSE('',#1325,3.17344407622427,2.22456136260512);
#40=ELLIPSE('',#1329,1.04052204872821,1.);
#41=PLANE('',#1319);
#42=PLANE('',#1320);
#43=PLANE('',#1328);
#44=PLANE('',#1331);
#45=PLANE('',#1338);
#46=PLANE('',#1343);
#47=PLANE('',#1344);
#48=PLANE('',#1345);
#49=PLANE('',#1346);
#50=PLANE('',#1347);
#51=PLANE('',#1348);
#52=PLANE('',#1349);
#53=PLANE('',#1350);
#54=PLANE('',#1351);
#55=PLANE('',#1352);
#56=PLANE('',#1353);
#57=PLANE('',#1354);
#58=PLANE('',#1355);
#59=PLANE('',#1356);
#60=PLANE('',#1357);
#61=PLANE('',#1358);
#62=PLANE('',#1359);
#63=PLANE('',#1360);
#64=PLANE('',#1361);
#65=PLANE('',#1362);
#66=PLANE('',#1363);
#67=PLANE('',#1364);
#68=PLANE('',#1365);
#69=PLANE('',#1366);
#70=PLANE('',#1367);
#71=PLANE('',#1368);
#72=PLANE('',#1369);
#73=PLANE('',#1370);
#74=PLANE('',#1371);
#75=PLANE('',#1375);
#76=PLANE('',#1381);
#77=PLANE('',#1382);
#78=PLANE('',#1383);
#79=PLANE('',#1384);
#80=PLANE('',#1385);
#81=FACE_OUTER_BOUND('',#147,.T.);
#82=FACE_OUTER_BOUND('',#148,.T.);
#83=FACE_OUTER_BOUND('',#149,.T.);
#84=FACE_OUTER_BOUND('',#150,.T.);
#85=FACE_OUTER_BOUND('',#151,.T.);
#86=FACE_OUTER_BOUND('',#152,.T.);
#87=FACE_OUTER_BOUND('',#153,.T.);
#88=FACE_OUTER_BOUND('',#154,.T.);
#89=FACE_OUTER_BOUND('',#155,.T.);
#90=FACE_OUTER_BOUND('',#156,.T.);
#91=FACE_OUTER_BOUND('',#157,.T.);
#92=FACE_OUTER_BOUND('',#158,.T.);
#93=FACE_OUTER_BOUND('',#159,.T.);
#94=FACE_OUTER_BOUND('',#160,.T.);
#95=FACE_OUTER_BOUND('',#161,.T.);
#96=FACE_OUTER_BOUND('',#162,.T.);
#97=FACE_OUTER_BOUND('',#163,.T.);
#98=FACE_OUTER_BOUND('',#164,.T.);
#99=FACE_OUTER_BOUND('',#165,.T.);
#100=FACE_OUTER_BOUND('',#166,.T.);
#101=FACE_OUTER_BOUND('',#167,.T.);
#102=FACE_OUTER_BOUND('',#168,.T.);
#103=FACE_OUTER_BOUND('',#169,.T.);
#104=FACE_OUTER_BOUND('',#170,.T.);
#105=FACE_OUTER_BOUND('',#171,.T.);
#106=FACE_OUTER_BOUND('',#172,.T.);
#107=FACE_OUTER_BOUND('',#173,.T.);
#108=FACE_OUTER_BOUND('',#174,.T.);
#109=FACE_OUTER_BOUND('',#175,.T.);
#110=FACE_OUTER_BOUND('',#176,.T.);
#111=FACE_OUTER_BOUND('',#177,.T.);
#112=FACE_OUTER_BOUND('',#178,.T.);
#113=FACE_OUTER_BOUND('',#179,.T.);
#114=FACE_OUTER_BOUND('',#180,.T.);
#115=FACE_OUTER_BOUND('',#181,.T.);
#116=FACE_OUTER_BOUND('',#182,.T.);
#117=FACE_OUTER_BOUND('',#183,.T.);
#118=FACE_OUTER_BOUND('',#184,.T.);
#119=FACE_OUTER_BOUND('',#185,.T.);
#120=FACE_OUTER_BOUND('',#186,.T.);
#121=FACE_OUTER_BOUND('',#187,.T.);
#122=FACE_OUTER_BOUND('',#188,.T.);
#123=FACE_OUTER_BOUND('',#189,.T.);
#124=FACE_OUTER_BOUND('',#190,.T.);
#125=FACE_OUTER_BOUND('',#191,.T.);
#126=FACE_OUTER_BOUND('',#192,.T.);
#127=FACE_OUTER_BOUND('',#193,.T.);
#128=FACE_OUTER_BOUND('',#194,.T.);
#129=FACE_OUTER_BOUND('',#195,.T.);
#130=FACE_OUTER_BOUND('',#197,.T.);
#131=FACE_OUTER_BOUND('',#198,.T.);
#132=FACE_OUTER_BOUND('',#200,.T.);
#133=FACE_OUTER_BOUND('',#201,.T.);
#134=FACE_OUTER_BOUND('',#202,.T.);
#135=FACE_OUTER_BOUND('',#204,.T.);
#136=FACE_OUTER_BOUND('',#205,.T.);
#137=FACE_OUTER_BOUND('',#207,.T.);
#138=FACE_OUTER_BOUND('',#208,.T.);
#139=FACE_OUTER_BOUND('',#209,.T.);
#140=FACE_OUTER_BOUND('',#210,.T.);
#141=FACE_OUTER_BOUND('',#211,.T.);
#142=FACE_OUTER_BOUND('',#212,.T.);
#143=FACE_OUTER_BOUND('',#213,.T.);
#144=FACE_OUTER_BOUND('',#214,.T.);
#145=FACE_OUTER_BOUND('',#215,.T.);
#146=FACE_OUTER_BOUND('',#216,.T.);
#147=EDGE_LOOP('',(#848,#849,#850,#851,#852,#853,#854));
#148=EDGE_LOOP('',(#855,#856,#857,#858));
#149=EDGE_LOOP('',(#859,#860,#861,#862,#863,#864,#865,#866,#867,#868,#869,
#870,#871,#872,#873,#874,#875,#876,#877,#878,#879,#880,#881,#882,#883,#884,
#885,#886,#887,#888,#889));
#150=EDGE_LOOP('',(#890,#891,#892,#893,#894,#895));
#151=EDGE_LOOP('',(#896,#897,#898,#899,#900,#901,#902,#903,#904,#905,#906,
#907,#908,#909,#910,#911,#912,#913,#914,#915,#916,#917,#918,#919,#920,#921,
#922,#923,#924,#925,#926,#927));
#152=EDGE_LOOP('',(#928,#929,#930,#931,#932,#933,#934,#935,#936));
#153=EDGE_LOOP('',(#937,#938,#939,#940,#941,#942));
#154=EDGE_LOOP('',(#943,#944,#945,#946));
#155=EDGE_LOOP('',(#947,#948,#949,#950));
#156=EDGE_LOOP('',(#951,#952,#953,#954,#955));
#157=EDGE_LOOP('',(#956,#957,#958,#959,#960));
#158=EDGE_LOOP('',(#961,#962,#963,#964));
#159=EDGE_LOOP('',(#965,#966,#967,#968,#969));
#160=EDGE_LOOP('',(#970,#971,#972));
#161=EDGE_LOOP('',(#973,#974,#975));
#162=EDGE_LOOP('',(#976,#977,#978,#979,#980));
#163=EDGE_LOOP('',(#981,#982,#983,#984,#985,#986,#987));
#164=EDGE_LOOP('',(#988,#989,#990,#991));
#165=EDGE_LOOP('',(#992,#993,#994,#995,#996));
#166=EDGE_LOOP('',(#997,#998,#999,#1000,#1001,#1002));
#167=EDGE_LOOP('',(#1003,#1004,#1005,#1006));
#168=EDGE_LOOP('',(#1007,#1008,#1009,#1010));
#169=EDGE_LOOP('',(#1011,#1012,#1013,#1014));
#170=EDGE_LOOP('',(#1015,#1016,#1017,#1018));
#171=EDGE_LOOP('',(#1019,#1020,#1021,#1022));
#172=EDGE_LOOP('',(#1023,#1024,#1025,#1026));
#173=EDGE_LOOP('',(#1027,#1028,#1029,#1030));
#174=EDGE_LOOP('',(#1031,#1032,#1033,#1034));
#175=EDGE_LOOP('',(#1035,#1036,#1037,#1038));
#176=EDGE_LOOP('',(#1039,#1040,#1041,#1042));
#177=EDGE_LOOP('',(#1043,#1044,#1045,#1046));
#178=EDGE_LOOP('',(#1047,#1048,#1049,#1050));
#179=EDGE_LOOP('',(#1051,#1052,#1053,#1054));
#180=EDGE_LOOP('',(#1055,#1056,#1057,#1058));
#181=EDGE_LOOP('',(#1059,#1060,#1061,#1062,#1063,#1064,#1065));
#182=EDGE_LOOP('',(#1066,#1067,#1068,#1069,#1070,#1071,#1072));
#183=EDGE_LOOP('',(#1073,#1074,#1075,#1076,#1077,#1078,#1079));
#184=EDGE_LOOP('',(#1080,#1081,#1082,#1083,#1084,#1085,#1086));
#185=EDGE_LOOP('',(#1087,#1088,#1089,#1090));
#186=EDGE_LOOP('',(#1091,#1092,#1093,#1094));
#187=EDGE_LOOP('',(#1095,#1096,#1097,#1098));
#188=EDGE_LOOP('',(#1099,#1100,#1101,#1102));
#189=EDGE_LOOP('',(#1103,#1104,#1105,#1106));
#190=EDGE_LOOP('',(#1107,#1108,#1109,#1110));
#191=EDGE_LOOP('',(#1111,#1112,#1113,#1114,#1115,#1116,#1117));
#192=EDGE_LOOP('',(#1118,#1119,#1120,#1121,#1122,#1123,#1124));
#193=EDGE_LOOP('',(#1125,#1126,#1127,#1128,#1129,#1130,#1131));
#194=EDGE_LOOP('',(#1132,#1133,#1134,#1135,#1136,#1137,#1138));
#195=EDGE_LOOP('',(#1139));
#196=EDGE_LOOP('',(#1140));
#197=EDGE_LOOP('',(#1141,#1142,#1143,#1144,#1145,#1146));
#198=EDGE_LOOP('',(#1147));
#199=EDGE_LOOP('',(#1148));
#200=EDGE_LOOP('',(#1149,#1150,#1151,#1152));
#201=EDGE_LOOP('',(#1153,#1154,#1155,#1156));
#202=EDGE_LOOP('',(#1157,#1158,#1159,#1160,#1161,#1162,#1163,#1164,#1165,
#1166,#1167,#1168));
#203=EDGE_LOOP('',(#1169));
#204=EDGE_LOOP('',(#1170,#1171,#1172,#1173));
#205=EDGE_LOOP('',(#1174,#1175,#1176,#1177,#1178,#1179,#1180,#1181,#1182,
#1183,#1184,#1185,#1186,#1187));
#206=EDGE_LOOP('',(#1188));
#207=EDGE_LOOP('',(#1189,#1190,#1191,#1192));
#208=EDGE_LOOP('',(#1193,#1194,#1195,#1196));
#209=EDGE_LOOP('',(#1197,#1198,#1199));
#210=EDGE_LOOP('',(#1200,#1201,#1202,#1203));
#211=EDGE_LOOP('',(#1204,#1205,#1206,#1207));
#212=EDGE_LOOP('',(#1208,#1209,#1210,#1211));
#213=EDGE_LOOP('',(#1212,#1213,#1214,#1215));
#214=EDGE_LOOP('',(#1216,#1217,#1218,#1219));
#215=EDGE_LOOP('',(#1220,#1221,#1222,#1223));
#216=EDGE_LOOP('',(#1224,#1225,#1226,#1227));
#217=CIRCLE('',#1317,3.);
#218=CIRCLE('',#1318,3.);
#219=CIRCLE('',#1321,3.);
#220=CIRCLE('',#1322,6.57666668538888);
#221=CIRCLE('',#1327,3.);
#222=CIRCLE('',#1330,6.57666668538888);
#223=CIRCLE('',#1332,3.5);
#224=CIRCLE('',#1333,3.5);
#225=CIRCLE('',#1334,3.5);
#226=CIRCLE('',#1336,3.5);
#227=CIRCLE('',#1337,4.);
#228=CIRCLE('',#1339,2.);
#229=CIRCLE('',#1340,2.);
#230=CIRCLE('',#1341,2.);
#231=CIRCLE('',#1372,1.7);
#232=CIRCLE('',#1374,3.5);
#233=CIRCLE('',#1376,1.7);
#234=CIRCLE('',#1378,1.7);
#235=CIRCLE('',#1380,1.7);
#236=LINE('',#1678,#365);
#237=LINE('',#1682,#366);
#238=LINE('',#1685,#367);
#239=LINE('',#1688,#368);
#240=LINE('',#1690,#369);
#241=LINE('',#1691,#370);
#242=LINE('',#1694,#371);
#243=LINE('',#1698,#372);
#244=LINE('',#1700,#373);
#245=LINE('',#1702,#374);
#246=LINE('',#1704,#375);
#247=LINE('',#1706,#376);
#248=LINE('',#1708,#377);
#249=LINE('',#1870,#378);
#250=LINE('',#2048,#379);
#251=LINE('',#2153,#380);
#252=LINE('',#2168,#381);
#253=LINE('',#2172,#382);
#254=LINE('',#2174,#383);
#255=LINE('',#2176,#384);
#256=LINE('',#2178,#385);
#257=LINE('',#2179,#386);
#258=LINE('',#2184,#387);
#259=LINE('',#2186,#388);
#260=LINE('',#2195,#389);
#261=LINE('',#2198,#390);
#262=LINE('',#2200,#391);
#263=LINE('',#2202,#392);
#264=LINE('',#2204,#393);
#265=LINE('',#2206,#394);
#266=LINE('',#2208,#395);
#267=LINE('',#2223,#396);
#268=LINE('',#2375,#397);
#269=LINE('',#2553,#398);
#270=LINE('',#2715,#399);
#271=LINE('',#2717,#400);
#272=LINE('',#2719,#401);
#273=LINE('',#2721,#402);
#274=LINE('',#2723,#403);
#275=LINE('',#2724,#404);
#276=LINE('',#2725,#405);
#277=LINE('',#2733,#406);
#278=LINE('',#3444,#407);
#279=LINE('',#3616,#408);
#280=LINE('',#3643,#409);
#281=LINE('',#3907,#410);
#282=LINE('',#4173,#411);
#283=LINE('',#4177,#412);
#284=LINE('',#4179,#413);
#285=LINE('',#4181,#414);
#286=LINE('',#4182,#415);
#287=LINE('',#4185,#416);
#288=LINE('',#4187,#417);
#289=LINE('',#4188,#418);
#290=LINE('',#4192,#419);
#291=LINE('',#4194,#420);
#292=LINE('',#4196,#421);
#293=LINE('',#4197,#422);
#294=LINE('',#4200,#423);
#295=LINE('',#4202,#424);
#296=LINE('',#4203,#425);
#297=LINE('',#4207,#426);
#298=LINE('',#4209,#427);
#299=LINE('',#4211,#428);
#300=LINE('',#4212,#429);
#301=LINE('',#4215,#430);
#302=LINE('',#4217,#431);
#303=LINE('',#4218,#432);
#304=LINE('',#4222,#433);
#305=LINE('',#4224,#434);
#306=LINE('',#4226,#435);
#307=LINE('',#4227,#436);
#308=LINE('',#4230,#437);
#309=LINE('',#4232,#438);
#310=LINE('',#4233,#439);
#311=LINE('',#4236,#440);
#312=LINE('',#4238,#441);
#313=LINE('',#4239,#442);
#314=LINE('',#4242,#443);
#315=LINE('',#4244,#444);
#316=LINE('',#4245,#445);
#317=LINE('',#4247,#446);
#318=LINE('',#4248,#447);
#319=LINE('',#4251,#448);
#320=LINE('',#4253,#449);
#321=LINE('',#4254,#450);
#322=LINE('',#4257,#451);
#323=LINE('',#4259,#452);
#324=LINE('',#4260,#453);
#325=LINE('',#4262,#454);
#326=LINE('',#4263,#455);
#327=LINE('',#4265,#456);
#328=LINE('',#4267,#457);
#329=LINE('',#4269,#458);
#330=LINE('',#4271,#459);
#331=LINE('',#4274,#460);
#332=LINE('',#4276,#461);
#333=LINE('',#4277,#462);
#334=LINE('',#4280,#463);
#335=LINE('',#4282,#464);
#336=LINE('',#4283,#465);
#337=LINE('',#4285,#466);
#338=LINE('',#4286,#467);
#339=LINE('',#4289,#468);
#340=LINE('',#4291,#469);
#341=LINE('',#4292,#470);
#342=LINE('',#4295,#471);
#343=LINE('',#4297,#472);
#344=LINE('',#4298,#473);
#345=LINE('',#4300,#474);
#346=LINE('',#4301,#475);
#347=LINE('',#4303,#476);
#348=LINE('',#4305,#477);
#349=LINE('',#4307,#478);
#350=LINE('',#4309,#479);
#351=LINE('',#4315,#480);
#352=LINE('',#4323,#481);
#353=LINE('',#4327,#482);
#354=LINE('',#4329,#483);
#355=LINE('',#4330,#484);
#356=LINE('',#4332,#485);
#357=LINE('',#4333,#486);
#358=LINE('',#4335,#487);
#359=LINE('',#4351,#488);
#360=LINE('',#4446,#489);
#361=LINE('',#4447,#490);
#362=LINE('',#4449,#491);
#363=LINE('',#4524,#492);
#364=LINE('',#4526,#493);
#365=VECTOR('',#1391,10.);
#366=VECTOR('',#1394,10.);
#367=VECTOR('',#1397,10.);
#368=VECTOR('',#1400,10.);
#369=VECTOR('',#1401,10.);
#370=VECTOR('',#1402,10.);
#371=VECTOR('',#1405,10.);
#372=VECTOR('',#1408,10.);
#373=VECTOR('',#1409,10.);
#374=VECTOR('',#1410,10.);
#375=VECTOR('',#1411,10.);
#376=VECTOR('',#1412,10.);
#377=VECTOR('',#1413,10.);
#378=VECTOR('',#1414,10.);
#379=VECTOR('',#1417,10.);
#380=VECTOR('',#1422,10.);
#381=VECTOR('',#1423,10.);
#382=VECTOR('',#1426,10.);
#383=VECTOR('',#1427,10.);
#384=VECTOR('',#1428,10.);
#385=VECTOR('',#1429,10.);
#386=VECTOR('',#1430,10.);
#387=VECTOR('',#1435,10.);
#388=VECTOR('',#1436,10.);
#389=VECTOR('',#1437,10.);
#390=VECTOR('',#1440,10.);
#391=VECTOR('',#1441,10.);
#392=VECTOR('',#1442,10.);
#393=VECTOR('',#1443,10.);
#394=VECTOR('',#1444,10.);
#395=VECTOR('',#1445,10.);
#396=VECTOR('',#1446,10.);
#397=VECTOR('',#1449,10.);
#398=VECTOR('',#1452,10.);
#399=VECTOR('',#1453,10.);
#400=VECTOR('',#1454,10.);
#401=VECTOR('',#1455,10.);
#402=VECTOR('',#1456,10.);
#403=VECTOR('',#1457,10.);
#404=VECTOR('',#1458,10.);
#405=VECTOR('',#1459,10.);
#406=VECTOR('',#1470,3.5);
#407=VECTOR('',#1477,10.);
#408=VECTOR('',#1484,10.);
#409=VECTOR('',#1485,10.);
#410=VECTOR('',#1488,10.);
#411=VECTOR('',#1489,10.);
#412=VECTOR('',#1492,10.);
#413=VECTOR('',#1493,10.);
#414=VECTOR('',#1494,10.);
#415=VECTOR('',#1495,10.);
#416=VECTOR('',#1498,10.);
#417=VECTOR('',#1499,10.);
#418=VECTOR('',#1500,10.);
#419=VECTOR('',#1503,10.);
#420=VECTOR('',#1504,10.);
#421=VECTOR('',#1505,10.);
#422=VECTOR('',#1506,10.);
#423=VECTOR('',#1509,10.);
#424=VECTOR('',#1510,10.);
#425=VECTOR('',#1511,10.);
#426=VECTOR('',#1514,10.);
#427=VECTOR('',#1515,10.);
#428=VECTOR('',#1516,10.);
#429=VECTOR('',#1517,10.);
#430=VECTOR('',#1520,10.);
#431=VECTOR('',#1521,10.);
#432=VECTOR('',#1522,10.);
#433=VECTOR('',#1525,10.);
#434=VECTOR('',#1526,10.);
#435=VECTOR('',#1527,10.);
#436=VECTOR('',#1528,10.);
#437=VECTOR('',#1531,10.);
#438=VECTOR('',#1532,10.);
#439=VECTOR('',#1533,10.);
#440=VECTOR('',#1536,10.);
#441=VECTOR('',#1537,10.);
#442=VECTOR('',#1538,10.);
#443=VECTOR('',#1541,10.);
#444=VECTOR('',#1542,10.);
#445=VECTOR('',#1543,10.);
#446=VECTOR('',#1546,10.);
#447=VECTOR('',#1547,10.);
#448=VECTOR('',#1550,10.);
#449=VECTOR('',#1551,10.);
#450=VECTOR('',#1552,10.);
#451=VECTOR('',#1555,10.);
#452=VECTOR('',#1556,10.);
#453=VECTOR('',#1557,10.);
#454=VECTOR('',#1560,10.);
#455=VECTOR('',#1561,10.);
#456=VECTOR('',#1564,10.);
#457=VECTOR('',#1567,10.);
#458=VECTOR('',#1570,10.);
#459=VECTOR('',#1573,10.);
#460=VECTOR('',#1576,10.);
#461=VECTOR('',#1577,10.);
#462=VECTOR('',#1578,10.);
#463=VECTOR('',#1581,10.);
#464=VECTOR('',#1582,10.);
#465=VECTOR('',#1583,10.);
#466=VECTOR('',#1586,10.);
#467=VECTOR('',#1587,10.);
#468=VECTOR('',#1590,10.);
#469=VECTOR('',#1591,10.);
#470=VECTOR('',#1592,10.);
#471=VECTOR('',#1595,10.);
#472=VECTOR('',#1596,10.);
#473=VECTOR('',#1597,10.);
#474=VECTOR('',#1600,10.);
#475=VECTOR('',#1601,10.);
#476=VECTOR('',#1604,10.);
#477=VECTOR('',#1607,10.);
#478=VECTOR('',#1610,10.);
#479=VECTOR('',#1613,10.);
#480=VECTOR('',#1620,3.5);
#481=VECTOR('',#1631,1.7);
#482=VECTOR('',#1636,1.7);
#483=VECTOR('',#1639,10.);
#484=VECTOR('',#1640,10.);
#485=VECTOR('',#1643,10.);
#486=VECTOR('',#1644,10.);
#487=VECTOR('',#1647,10.);
#488=VECTOR('',#1650,10.);
#489=VECTOR('',#1651,10.);
#490=VECTOR('',#1652,10.);
#491=VECTOR('',#1655,10.);
#492=VECTOR('',#1656,10.);
#493=VECTOR('',#1659,10.);
#494=B_SPLINE_CURVE_WITH_KNOTS('',3,(#1664,#1665,#1666,#1667,#1668,#1669),
 .UNSPECIFIED.,.F.,.F.,(4,2,4),(-1.69110303859845,-1.61582236384621,-1.45558449370496),
 .UNSPECIFIED.);
#495=B_SPLINE_CURVE_WITH_KNOTS('',3,(#1671,#1672,#1673,#1674,#1675,#1676),
 .UNSPECIFIED.,.F.,.F.,(4,2,4),(-1.45558449370496,-1.29534662356371,-1.22006594881148),
 .UNSPECIFIED.);
#496=B_SPLINE_CURVE_WITH_KNOTS('',3,(#1710,#1711,#1712,#1713),
 .UNSPECIFIED.,.F.,.F.,(4,4),(0.0293913751929273,0.0432418797301386),
 .UNSPECIFIED.);
#497=B_SPLINE_CURVE_WITH_KNOTS('',3,(#1715,#1716,#1717,#1718,#1719,#1720,
#1721,#1722,#1723,#1724,#1725,#1726,#1727,#1728,#1729,#1730,#1731,#1732,
#1733,#1734,#1735,#1736,#1737,#1738,#1739,#1740,#1741,#1742,#1743,#1744,
#1745,#1746,#1747,#1748,#1749,#1750,#1751,#1752,#1753,#1754,#1755,#1756,
#1757,#1758,#1759,#1760,#1761,#1762,#1763,#1764,#1765,#1766,#1767,#1768,
#1769,#1770,#1771,#1772,#1773,#1774,#1775,#1776,#1777,#1778,#1779,#1780,
#1781,#1782,#1783,#1784,#1785,#1786,#1787,#1788,#1789,#1790,#1791,#1792,
#1793,#1794,#1795,#1796,#1797,#1798,#1799,#1800,#1801,#1802,#1803,#1804,
#1805,#1806,#1807,#1808,#1809,#1810,#1811,#1812,#1813,#1814,#1815,#1816,
#1817,#1818,#1819,#1820,#1821,#1822,#1823,#1824,#1825,#1826,#1827,#1828,
#1829,#1830,#1831,#1832,#1833,#1834,#1835,#1836,#1837,#1838,#1839,#1840,
#1841,#1842,#1843,#1844,#1845,#1846,#1847,#1848,#1849,#1850,#1851,#1852,
#1853,#1854,#1855,#1856,#1857,#1858,#1859,#1860,#1861,#1862,#1863,#1864,
#1865,#1866,#1867,#1868),.UNSPECIFIED.,.F.,.F.,(4,3,3,3,3,3,3,3,3,3,3,3,
3,3,3,3,3,3,3,3,3,3,3,3,3,3,3,3,3,3,3,3,3,3,3,3,3,3,3,3,3,3,3,3,3,3,3,3,
3,3,3,4),(1.27808702974275,1.31174610126626,1.32862132120262,1.33414058376337,
1.35591706213352,1.37566920506373,1.37679160504478,1.44729589899532,1.46239993746776,
1.46995195670399,1.47417336536376,1.47698200798343,1.47750397594021,1.49300324651062,
1.51023313235157,1.52905226588834,1.54205496906617,1.54855632065509,1.55180699644955,
1.55411537092088,1.555057672244,1.56252630607918,1.5707051148482,1.57888377584886,
1.58642242671355,1.59066018342061,1.5941863317906,1.60288165513079,1.60933869445028,
1.61379093651364,1.6151828686025,1.6238888381902,1.62887888558794,1.6321526146715,
1.6325948077779,1.64804441356584,1.66172313645938,1.66534268617329,1.67885252531966,
1.68892877220398,1.68993236265187,1.7052059528628,1.71775512545374,1.7295097350861,
1.7403907266946,1.75102672349558,1.75277664033868,1.77936813155286,1.80788058587807,
1.83688636581747,1.86608372142336,1.89341794885372),.UNSPECIFIED.);
#498=B_SPLINE_CURVE_WITH_KNOTS('',3,(#1872,#1873,#1874,#1875,#1876,#1877,
#1878,#1879,#1880,#1881,#1882,#1883,#1884,#1885,#1886,#1887,#1888,#1889,
#1890,#1891,#1892,#1893,#1894,#1895,#1896,#1897,#1898,#1899,#1900,#1901,
#1902,#1903,#1904,#1905,#1906,#1907,#1908,#1909,#1910,#1911,#1912,#1913,
#1914,#1915,#1916,#1917,#1918,#1919,#1920,#1921,#1922,#1923,#1924,#1925,
#1926,#1927,#1928,#1929,#1930,#1931,#1932,#1933,#1934,#1935,#1936,#1937,
#1938,#1939,#1940,#1941,#1942,#1943,#1944,#1945,#1946,#1947,#1948,#1949,
#1950,#1951,#1952,#1953,#1954,#1955,#1956,#1957,#1958,#1959,#1960,#1961,
#1962,#1963,#1964,#1965,#1966,#1967,#1968,#1969,#1970,#1971,#1972,#1973,
#1974,#1975,#1976,#1977,#1978,#1979,#1980,#1981,#1982,#1983,#1984,#1985,
#1986,#1987,#1988,#1989,#1990,#1991,#1992,#1993,#1994,#1995,#1996,#1997,
#1998,#1999,#2000,#2001,#2002,#2003,#2004,#2005,#2006,#2007,#2008,#2009,
#2010,#2011,#2012,#2013,#2014,#2015,#2016,#2017,#2018,#2019,#2020,#2021,
#2022,#2023,#2024,#2025,#2026,#2027,#2028,#2029,#2030,#2031),
 .UNSPECIFIED.,.F.,.F.,(4,3,3,3,3,3,3,3,3,3,3,3,3,3,3,3,3,3,3,3,3,3,3,3,
3,3,3,3,3,3,3,3,3,3,3,3,3,3,3,3,3,3,3,3,3,3,3,3,3,3,3,3,3,4),(0.,0.0537190113832632,
0.0777092015197558,0.0883986583282783,0.144964929126001,0.173248064524863,
0.187389632224294,0.195507927963771,0.200820050983339,0.201531199923725,
0.216842878658965,0.232309871046085,0.246588220913708,0.253727395847519,
0.257296983314424,0.259595568209558,0.260596533075902,0.26086657078133,
0.270530040832162,0.280336071239851,0.290389588492621,0.300564017007189,
0.310786417558869,0.320955926187114,0.330895594599943,0.340662053446044,
0.350181694128639,0.354646811449707,0.355874242168072,0.385665944031582,
0.419160472967914,0.45187121745615,0.480915158197381,0.484581961944387,
0.491019129212857,0.535680802429436,0.560703732235965,0.565228411736215,
0.597489172903505,0.608433557794241,0.685926642041061,0.715666230315109,
0.728578928299806,0.784205518013101,0.838248366309936,0.863318995134202,
0.873741236338869,0.931352584730344,0.979027481997962,1.00286493063177,
1.01903289777724,1.02670237926558,1.07672642328121,1.12286155211562),
 .UNSPECIFIED.);
#499=B_SPLINE_CURVE_WITH_KNOTS('',3,(#2035,#2036,#2037,#2038,#2039,#2040,
#2041),.UNSPECIFIED.,.F.,.F.,(4,3,4),(-0.0710283047186396,-0.0227912705107569,
0.),.UNSPECIFIED.);
#500=B_SPLINE_CURVE_WITH_KNOTS('',3,(#2043,#2044,#2045,#2046),
 .UNSPECIFIED.,.F.,.F.,(4,4),(-0.0517507776592366,0.),.UNSPECIFIED.);
#501=B_SPLINE_CURVE_WITH_KNOTS('',3,(#2050,#2051,#2052,#2053,#2054,#2055,
#2056,#2057,#2058,#2059,#2060,#2061,#2062,#2063,#2064,#2065,#2066,#2067,
#2068,#2069,#2070,#2071,#2072,#2073,#2074,#2075,#2076,#2077,#2078,#2079,
#2080,#2081,#2082,#2083,#2084,#2085,#2086,#2087,#2088,#2089,#2090,#2091,
#2092,#2093,#2094,#2095,#2096,#2097,#2098,#2099,#2100,#2101,#2102,#2103,
#2104,#2105,#2106,#2107,#2108,#2109,#2110,#2111,#2112,#2113,#2114,#2115,
#2116,#2117,#2118,#2119,#2120,#2121,#2122,#2123,#2124,#2125,#2126,#2127,
#2128,#2129,#2130,#2131,#2132,#2133,#2134,#2135,#2136,#2137,#2138,#2139,
#2140),.UNSPECIFIED.,.F.,.F.,(4,3,3,3,3,3,3,3,3,3,3,3,3,3,3,3,3,3,3,3,3,
3,3,3,3,3,3,3,3,3,4),(0.147525457265373,0.170770678199036,0.192911252964943,
0.213334711394061,0.232939229878862,0.25146499219415,0.26578840034742,0.26992597349535,
0.318221360150152,0.368537215562387,0.422192142531592,0.478036056565097,
0.535700283724795,0.593955346737752,0.65112017360378,0.696675190358451,
0.721921349546215,0.739266050662425,0.742230207113122,0.820343909578555,
0.900748112454568,0.983399283214428,1.06823724719578,1.1530188059506,1.23593318854359,
1.27445170238617,1.29174815303067,1.3995103996386,1.47826283746188,1.49860887716847,
1.568863727375),.UNSPECIFIED.);
#502=B_SPLINE_CURVE_WITH_KNOTS('',3,(#2144,#2145,#2146,#2147,#2148,#2149),
 .UNSPECIFIED.,.F.,.F.,(4,2,4),(2.42592624127518E-7,0.0684792187957037,
0.138060123139689),.UNSPECIFIED.);
#503=B_SPLINE_CURVE_WITH_KNOTS('',3,(#2155,#2156,#2157,#2158,#2159,#2160,
#2161,#2162,#2163,#2164,#2165,#2166),.UNSPECIFIED.,.F.,.F.,(4,2,2,2,2,4),
(-0.532383245816193,-0.471496321624261,-0.410595730425361,-0.294579215988235,
-0.161559138199892,0.),.UNSPECIFIED.);
#504=B_SPLINE_CURVE_WITH_KNOTS('',3,(#2188,#2189,#2190,#2191,#2192,#2193,
#2194),.UNSPECIFIED.,.F.,.F.,(4,3,4),(-0.0694006218842909,0.,0.0694006218842826),
 .UNSPECIFIED.);
#505=B_SPLINE_CURVE_WITH_KNOTS('',3,(#2210,#2211,#2212,#2213,#2214,#2215,
#2216,#2217,#2218,#2219,#2220,#2221),.UNSPECIFIED.,.F.,.F.,(4,2,2,2,2,4),
(0.,0.161505892712305,0.294282003558577,0.410016507814718,0.470788264073935,
0.531551884487094),.UNSPECIFIED.);
#506=B_SPLINE_CURVE_WITH_KNOTS('',3,(#2227,#2228,#2229,#2230,#2231,#2232,
#2233,#2234,#2235,#2236),.UNSPECIFIED.,.F.,.F.,(4,2,2,2,4),(-0.326814878076606,
-0.213269559686231,-0.135177640788871,-0.0545383403153683,0.),
 .UNSPECIFIED.);
#507=B_SPLINE_CURVE_WITH_KNOTS('',3,(#2238,#2239,#2240,#2241),
 .UNSPECIFIED.,.F.,.F.,(4,4),(0.203398441011929,0.31532552351168),
 .UNSPECIFIED.);
#508=B_SPLINE_CURVE_WITH_KNOTS('',3,(#2243,#2244,#2245,#2246,#2247,#2248,
#2249),.UNSPECIFIED.,.F.,.F.,(4,3,4),(0.,0.0455751526059829,0.089757225089915),
 .UNSPECIFIED.);
#509=B_SPLINE_CURVE_WITH_KNOTS('',3,(#2251,#2252,#2253,#2254,#2255,#2256,
#2257,#2258,#2259,#2260,#2261,#2262,#2263,#2264,#2265,#2266,#2267,#2268,
#2269,#2270,#2271,#2272,#2273,#2274,#2275,#2276,#2277,#2278,#2279,#2280,
#2281),.UNSPECIFIED.,.F.,.F.,(4,3,3,3,3,3,3,3,3,3,4),(0.,0.0320177515878931,
0.0518197633825342,0.0617207692798548,0.0668960803620671,0.0704991518044706,
0.0716217751771754,0.0923252531308586,0.113380629917216,0.13484844464229,
0.147526799844802),.UNSPECIFIED.);
#510=B_SPLINE_CURVE_WITH_KNOTS('',3,(#2283,#2284,#2285,#2286,#2287,#2288,
#2289,#2290,#2291,#2292,#2293,#2294,#2295,#2296,#2297,#2298,#2299,#2300,
#2301,#2302,#2303,#2304,#2305,#2306,#2307,#2308,#2309,#2310,#2311,#2312,
#2313,#2314,#2315,#2316,#2317,#2318,#2319,#2320,#2321,#2322,#2323,#2324,
#2325,#2326,#2327,#2328,#2329,#2330,#2331,#2332,#2333,#2334,#2335,#2336,
#2337,#2338,#2339,#2340,#2341,#2342,#2343,#2344,#2345,#2346,#2347,#2348,
#2349,#2350,#2351,#2352,#2353,#2354,#2355,#2356,#2357,#2358,#2359,#2360,
#2361,#2362,#2363,#2364,#2365,#2366,#2367,#2368,#2369,#2370,#2371,#2372,
#2373),.UNSPECIFIED.,.F.,.F.,(4,3,3,3,3,3,3,3,3,3,3,3,3,3,3,3,3,3,3,3,3,
3,3,3,3,3,3,3,3,3,4),(0.147525457265373,0.170770678199031,0.192911252964952,
0.213334711394072,0.232939229878884,0.251464992194166,0.26578840034742,
0.269925973494424,0.318221360149165,0.368537215561355,0.422192142530534,
0.478036056564012,0.535700283723593,0.593955346736547,0.651120173602591,
0.696675190357857,0.721921349545768,0.739266050662151,0.742230207113122,
0.820343909578609,0.900748112454627,0.983399283214445,1.06823724719578,
1.15301880595072,1.23593318854347,1.27445170238617,1.29174815303069,1.39951039963867,
1.47826283746188,1.49860887716815,1.568863727375),.UNSPECIFIED.);
#511=B_SPLINE_CURVE_WITH_KNOTS('',3,(#2377,#2378,#2379,#2380),
 .UNSPECIFIED.,.F.,.F.,(4,4),(-0.0517507779183356,0.),.UNSPECIFIED.);
#512=B_SPLINE_CURVE_WITH_KNOTS('',3,(#2382,#2383,#2384,#2385,#2386,#2387,
#2388),.UNSPECIFIED.,.F.,.F.,(4,3,4),(-0.0710283047186732,-0.0227912705107677,
0.),.UNSPECIFIED.);
#513=B_SPLINE_CURVE_WITH_KNOTS('',3,(#2392,#2393,#2394,#2395,#2396,#2397,
#2398,#2399,#2400,#2401,#2402,#2403,#2404,#2405,#2406,#2407,#2408,#2409,
#2410,#2411,#2412,#2413,#2414,#2415,#2416,#2417,#2418,#2419,#2420,#2421,
#2422,#2423,#2424,#2425,#2426,#2427,#2428,#2429,#2430,#2431,#2432,#2433,
#2434,#2435,#2436,#2437,#2438,#2439,#2440,#2441,#2442,#2443,#2444,#2445,
#2446,#2447,#2448,#2449,#2450,#2451,#2452,#2453,#2454,#2455,#2456,#2457,
#2458,#2459,#2460,#2461,#2462,#2463,#2464,#2465,#2466,#2467,#2468,#2469,
#2470,#2471,#2472,#2473,#2474,#2475,#2476,#2477,#2478,#2479,#2480,#2481,
#2482,#2483,#2484,#2485,#2486,#2487,#2488,#2489,#2490,#2491,#2492,#2493,
#2494,#2495,#2496,#2497,#2498,#2499,#2500,#2501,#2502,#2503,#2504,#2505,
#2506,#2507,#2508,#2509,#2510,#2511,#2512,#2513,#2514,#2515,#2516,#2517,
#2518,#2519,#2520,#2521,#2522,#2523,#2524,#2525,#2526,#2527,#2528,#2529,
#2530,#2531,#2532,#2533,#2534,#2535,#2536,#2537,#2538,#2539,#2540,#2541,
#2542,#2543,#2544,#2545,#2546,#2547,#2548,#2549,#2550,#2551),
 .UNSPECIFIED.,.F.,.F.,(4,3,3,3,3,3,3,3,3,3,3,3,3,3,3,3,3,3,3,3,3,3,3,3,
3,3,3,3,3,3,3,3,3,3,3,3,3,3,3,3,3,3,3,3,3,3,3,3,3,3,3,3,3,4),(0.,0.0537190113832595,
0.0777092015197558,0.0883986583282686,0.144964929125997,0.173248064524861,
0.187389632224293,0.195507927963768,0.200820050983339,0.201531199923725,
0.216842878658965,0.232309871046083,0.246588220913706,0.253727395847518,
0.257296983314424,0.259595568209557,0.260596533075878,0.26086657078133,
0.270530040832178,0.280336071239856,0.290389588492634,0.300564017007223,
0.310786417558907,0.320955926187177,0.330895594600015,0.340662053446119,
0.350181694128705,0.354646811449707,0.355874242168071,0.38566594403174,
0.419160472968169,0.451871217456278,0.48091515819746,0.484581961944387,
0.491019129212841,0.535680802429367,0.560703732235965,0.565228411736174,
0.597489172903222,0.608433557794241,0.685926642042046,0.715666230315109,
0.728578928299922,0.784205518014668,0.838248366311377,0.863318995134202,
0.873741236338993,0.931352584730344,0.979027481997962,1.00286493063177,
1.01903289777718,1.02670237926558,1.07672642327792,1.12286155211562),
 .UNSPECIFIED.);
#514=B_SPLINE_CURVE_WITH_KNOTS('',3,(#2555,#2556,#2557,#2558,#2559,#2560,
#2561,#2562,#2563,#2564,#2565,#2566,#2567,#2568,#2569,#2570,#2571,#2572,
#2573,#2574,#2575,#2576,#2577,#2578,#2579,#2580,#2581,#2582,#2583,#2584,
#2585,#2586,#2587,#2588,#2589,#2590,#2591,#2592,#2593,#2594,#2595,#2596,
#2597,#2598,#2599,#2600,#2601,#2602,#2603,#2604,#2605,#2606,#2607,#2608,
#2609,#2610,#2611,#2612,#2613,#2614,#2615,#2616,#2617,#2618,#2619,#2620,
#2621,#2622,#2623,#2624,#2625,#2626,#2627,#2628,#2629,#2630,#2631,#2632,
#2633,#2634,#2635,#2636,#2637,#2638,#2639,#2640,#2641,#2642,#2643,#2644,
#2645,#2646,#2647,#2648,#2649,#2650,#2651,#2652,#2653,#2654,#2655,#2656,
#2657,#2658,#2659,#2660,#2661,#2662,#2663,#2664,#2665,#2666,#2667,#2668,
#2669,#2670,#2671,#2672,#2673,#2674,#2675,#2676,#2677,#2678,#2679,#2680,
#2681,#2682,#2683,#2684,#2685,#2686,#2687,#2688,#2689,#2690,#2691,#2692,
#2693,#2694,#2695,#2696,#2697,#2698,#2699,#2700,#2701,#2702,#2703,#2704,
#2705,#2706,#2707,#2708),.UNSPECIFIED.,.F.,.F.,(4,3,3,3,3,3,3,3,3,3,3,3,
3,3,3,3,3,3,3,3,3,3,3,3,3,3,3,3,3,3,3,3,3,3,3,3,3,3,3,3,3,3,3,3,3,3,3,3,
3,3,3,4),(1.27808702974275,1.31174610126626,1.32862132120262,1.33414058376337,
1.35591706213352,1.37566920506373,1.37679160504478,1.44729589899532,1.46239993746776,
1.46995195670399,1.47417336536376,1.47698200798343,1.47750397594021,1.49300324651062,
1.51023313235157,1.52905226588834,1.54205496906617,1.54855632065509,1.55180699644955,
1.55411537092088,1.555057672244,1.56252630607918,1.5707051148482,1.57888377584886,
1.58642242671355,1.59066018342061,1.5941863317906,1.60288165513079,1.60933869445028,
1.61379093651364,1.6151828686025,1.6238888381902,1.62887888558794,1.6321526146715,
1.6325948077779,1.64804441356584,1.66172313645938,1.66534268617337,1.67885252531904,
1.6889287722068,1.68993236265187,1.7052059528628,1.71775512545374,1.72950973508646,
1.74039072669501,1.75102672349558,1.7527766403397,1.77936813155408,1.80788058587899,
1.83688636581837,1.86608372142436,1.89341794885372),.UNSPECIFIED.);
#515=B_SPLINE_CURVE_WITH_KNOTS('',3,(#2710,#2711,#2712,#2713),
 .UNSPECIFIED.,.F.,.F.,(4,4),(0.0293913751929273,0.0432418797301389),
 .UNSPECIFIED.);
#516=B_SPLINE_CURVE_WITH_KNOTS('',3,(#2891,#2892,#2893,#2894,#2895,#2896,
#2897,#2898,#2899,#2900,#2901,#2902,#2903,#2904,#2905,#2906,#2907,#2908,
#2909,#2910,#2911,#2912,#2913,#2914,#2915,#2916,#2917),.UNSPECIFIED.,.F.,
 .F.,(4,2,2,1,1,1,2,2,2,2,2,2,2,2,4),(-1.15013863573061,-1.11630748001824,
-0.971272959232354,-0.892444397607856,-0.872737257201731,-0.853030116795606,
-0.833322976389482,-0.708201892202593,-0.601494321286451,-0.471965533222312,
-0.37967916818907,-0.313228880030532,-0.165611999988052,-0.0858896269670502,
0.),.UNSPECIFIED.);
#517=B_SPLINE_CURVE_WITH_KNOTS('',3,(#2920,#2921,#2922,#2923,#2924,#2925,
#2926,#2927,#2928,#2929,#2930,#2931,#2932,#2933,#2934,#2935,#2936,#2937,
#2938,#2939,#2940,#2941,#2942,#2943,#2944,#2945,#2946,#2947,#2948,#2949,
#2950,#2951,#2952,#2953,#2954,#2955,#2956,#2957,#2958,#2959,#2960,#2961,
#2962,#2963,#2964,#2965,#2966,#2967,#2968,#2969,#2970,#2971,#2972,#2973,
#2974,#2975,#2976,#2977,#2978,#2979,#2980,#2981,#2982,#2983,#2984,#2985,
#2986,#2987,#2988,#2989,#2990,#2991,#2992,#2993,#2994,#2995,#2996,#2997,
#2998,#2999,#3000,#3001,#3002,#3003,#3004,#3005,#3006,#3007,#3008,#3009,
#3010,#3011,#3012,#3013,#3014,#3015,#3016,#3017,#3018,#3019,#3020,#3021,
#3022,#3023,#3024,#3025,#3026,#3027,#3028,#3029,#3030,#3031,#3032,#3033,
#3034,#3035,#3036,#3037,#3038,#3039,#3040,#3041,#3042,#3043,#3044,#3045,
#3046,#3047,#3048,#3049,#3050,#3051,#3052,#3053,#3054,#3055,#3056,#3057,
#3058,#3059,#3060,#3061,#3062,#3063,#3064,#3065,#3066,#3067,#3068,#3069,
#3070,#3071,#3072,#3073,#3074,#3075,#3076,#3077,#3078,#3079,#3080,#3081,
#3082,#3083,#3084,#3085,#3086,#3087,#3088,#3089,#3090,#3091,#3092,#3093,
#3094,#3095,#3096,#3097,#3098,#3099,#3100,#3101,#3102,#3103,#3104,#3105,
#3106,#3107,#3108,#3109,#3110,#3111,#3112,#3113,#3114,#3115,#3116,#3117,
#3118,#3119,#3120,#3121,#3122,#3123,#3124,#3125,#3126,#3127,#3128,#3129,
#3130,#3131,#3132,#3133,#3134,#3135,#3136,#3137,#3138,#3139,#3140,#3141,
#3142,#3143,#3144,#3145,#3146,#3147,#3148,#3149,#3150,#3151,#3152,#3153,
#3154,#3155,#3156,#3157,#3158,#3159,#3160,#3161,#3162,#3163,#3164,#3165,
#3166,#3167,#3168,#3169,#3170,#3171,#3172,#3173,#3174,#3175,#3176,#3177,
#3178,#3179,#3180,#3181,#3182,#3183,#3184,#3185,#3186,#3187,#3188,#3189,
#3190,#3191,#3192,#3193,#3194,#3195,#3196,#3197,#3198,#3199,#3200,#3201,
#3202,#3203,#3204,#3205,#3206,#3207,#3208,#3209,#3210,#3211,#3212,#3213,
#3214,#3215,#3216,#3217,#3218,#3219,#3220,#3221,#3222,#3223,#3224,#3225,
#3226,#3227,#3228,#3229,#3230,#3231,#3232,#3233,#3234,#3235,#3236,#3237,
#3238,#3239,#3240,#3241,#3242,#3243,#3244,#3245,#3246,#3247,#3248,#3249,
#3250,#3251,#3252,#3253,#3254,#3255,#3256,#3257,#3258,#3259,#3260,#3261,
#3262,#3263,#3264,#3265,#3266,#3267,#3268),.UNSPECIFIED.,.F.,.F.,(4,3,3,
3,3,3,3,3,3,3,3,3,3,3,3,3,3,3,3,3,3,3,3,3,3,3,3,3,3,3,3,3,3,3,3,3,3,3,3,
3,3,3,3,3,3,3,3,3,3,3,3,3,3,3,3,3,3,3,3,3,3,3,3,3,3,3,3,3,3,3,3,3,3,3,3,
3,3,3,3,3,3,3,3,3,3,3,3,3,3,3,3,3,3,3,3,3,3,3,3,3,3,3,3,3,3,3,3,3,3,3,3,
3,3,3,3,3,4),(0.,0.0118601039909591,0.0246681662042778,0.0389274962597751,
0.0582434736428892,0.0740334309670716,0.0858889251453245,0.0871774559310683,
0.0961659241156222,0.105749970420527,0.116073730004546,0.128214471762867,
0.143585416101127,0.155046669757624,0.160777296585873,0.163642609999997,
0.165189499927527,0.166373381291767,0.166507923414121,0.222031102013689,
0.281017231090412,0.313216645435344,0.314818070844337,0.327289004495784,
0.341122960333478,0.360409088364494,0.370052152380003,0.374873684387757,
0.377695992272268,0.379516997092211,0.379695216395511,0.402790903763373,
0.421451754528872,0.438884952770203,0.455481459318582,0.463779712592772,
0.467928839229867,0.470003402548414,0.471304121529842,0.472077965866961,
0.480975670092794,0.489649620037393,0.498236535782992,0.506843089019307,
0.515571862519683,0.524542730138526,0.534279769230207,0.544953524174573,
0.557977671625202,0.570276756005659,0.580679726610669,0.59028031875594,
0.599275479632332,0.601494321286451,0.601598214334424,0.611159198092791,
0.621214685531682,0.63228019742265,0.647641903207935,0.66039579174528,0.671085789680711,
0.676376017906499,0.686466202428464,0.696450691339194,0.70434670135563,
0.708421331410135,0.719988015823709,0.731463641908416,0.742936958273975,
0.754529434030871,0.766243311048397,0.778108295916366,0.790144949802358,
0.802454296258131,0.814909428636079,0.824808605562692,0.829758194025998,
0.832232988257651,0.832851686815565,0.83328119749319,0.833532099725806,
0.834707782489305,0.835707802752354,0.836786873210741,0.837927119085304,
0.839137238029787,0.840428007001977,0.841812936983338,0.843308930919105,
0.844936129503776,0.846713696811714,0.848692705912306,0.850708176409576,
0.852728652603445,0.853001834939863,0.853265792494392,0.857042200242798,
0.86118120892426,0.865611873076102,0.870361674373414,0.872329171340157,
0.874007115087802,0.881712846998101,0.889265261165015,0.899911021082682,
0.910346938049717,0.925737217731527,0.937279927492884,0.943374068918131,
0.955679479441068,0.963793768109012,0.967850912442984,0.970712684906868,
0.971908056776956,1.0207303758959,1.07559097358547,1.0989599621952),
 .UNSPECIFIED.);
#518=B_SPLINE_CURVE_WITH_KNOTS('',3,(#3394,#3395,#3396,#3397,#3398,#3399,
#3400,#3401,#3402,#3403,#3404,#3405,#3406,#3407,#3408,#3409,#3410,#3411,
#3412,#3413,#3414,#3415,#3416,#3417,#3418),.UNSPECIFIED.,.F.,.F.,(4,2,2,
2,1,2,2,2,2,2,2,2,4),(4.81038106468705E-12,0.116122710327006,0.266841901043128,
0.330311157296001,0.332389909929309,0.428410676155392,0.495861726412446,
0.565563036080514,0.609066841622868,0.632549378949639,0.704859473363778,
0.816520140298598,0.920829052350842),.UNSPECIFIED.);
#519=B_SPLINE_CURVE_WITH_KNOTS('',3,(#3419,#3420,#3421,#3422,#3423,#3424,
#3425,#3426,#3427,#3428,#3429,#3430,#3431,#3432,#3433,#3434,#3435,#3436,
#3437,#3438,#3439,#3440,#3441,#3442),.UNSPECIFIED.,.F.,.F.,(4,2,2,2,2,2,
2,2,2,2,2,4),(-0.920829052350842,-0.816520140298598,-0.704859473363778,
-0.632549378949639,-0.609066841622868,-0.565563036080514,-0.495861726412446,
-0.428410676155392,-0.330311157296001,-0.266841901043128,-0.116122710327006,
-0.0535302791789843),.UNSPECIFIED.);
#520=B_SPLINE_CURVE_WITH_KNOTS('',3,(#3473,#3474,#3475,#3476,#3477,#3478),
 .UNSPECIFIED.,.F.,.F.,(4,2,4),(0.,0.256162299213376,0.501831054563835),
 .UNSPECIFIED.);
#521=B_SPLINE_CURVE_WITH_KNOTS('',3,(#3482,#3483,#3484,#3485),
 .UNSPECIFIED.,.F.,.F.,(4,4),(-0.501831054563835,-0.256162299213376),
 .UNSPECIFIED.);
#522=B_SPLINE_CURVE_WITH_KNOTS('',3,(#3486,#3487,#3488,#3489),
 .UNSPECIFIED.,.F.,.F.,(4,4),(-0.256161372576738,0.),.UNSPECIFIED.);
#523=B_SPLINE_CURVE_WITH_KNOTS('',3,(#3510,#3511,#3512,#3513),
 .UNSPECIFIED.,.F.,.F.,(4,4),(-1.18854198013557,0.),.UNSPECIFIED.);
#524=B_SPLINE_CURVE_WITH_KNOTS('',3,(#3516,#3517,#3518,#3519),
 .UNSPECIFIED.,.F.,.F.,(4,4),(0.,1.18854198013557),.UNSPECIFIED.);
#525=B_SPLINE_CURVE_WITH_KNOTS('',3,(#3545,#3546,#3547,#3548),
 .UNSPECIFIED.,.F.,.F.,(4,4),(-0.397336841573904,-0.362358395215759),
 .UNSPECIFIED.);
#526=B_SPLINE_CURVE_WITH_KNOTS('',3,(#3549,#3550,#3551,#3552,#3553,#3554,
#3555,#3556,#3557,#3558,#3559,#3560,#3561),.UNSPECIFIED.,.F.,.F.,(4,3,3,
3,4),(-0.362358394508452,-0.362314161678543,-0.236779760219244,-0.105476246648032,
0.),.UNSPECIFIED.);
#527=B_SPLINE_CURVE_WITH_KNOTS('',3,(#3562,#3563,#3564,#3565),
 .UNSPECIFIED.,.F.,.F.,(4,4),(0.,0.346145172779058),.UNSPECIFIED.);
#528=B_SPLINE_CURVE_WITH_KNOTS('',3,(#3586,#3587,#3588,#3589),
 .UNSPECIFIED.,.F.,.F.,(4,4),(0.0539369681878464,0.103150158115846),
 .UNSPECIFIED.);
#529=B_SPLINE_CURVE_WITH_KNOTS('',3,(#3756,#3757,#3758,#3759,#3760,#3761,
#3762,#3763,#3764,#3765,#3766,#3767,#3768,#3769,#3770,#3771,#3772,#3773,
#3774,#3775,#3776,#3777,#3778,#3779,#3780,#3781,#3782,#3783,#3784,#3785,
#3786,#3787,#3788,#3789,#3790,#3791,#3792,#3793,#3794,#3795,#3796,#3797,
#3798,#3799,#3800,#3801,#3802,#3803,#3804,#3805,#3806,#3807,#3808,#3809,
#3810,#3811,#3812,#3813,#3814,#3815,#3816,#3817,#3818,#3819,#3820,#3821,
#3822,#3823,#3824,#3825,#3826,#3827,#3828,#3829,#3830,#3831,#3832,#3833,
#3834,#3835,#3836,#3837,#3838,#3839,#3840,#3841,#3842,#3843,#3844,#3845,
#3846,#3847,#3848,#3849,#3850,#3851,#3852,#3853,#3854,#3855,#3856,#3857,
#3858,#3859,#3860,#3861,#3862,#3863,#3864,#3865,#3866,#3867,#3868,#3869,
#3870,#3871,#3872,#3873,#3874,#3875,#3876,#3877,#3878,#3879,#3880,#3881,
#3882,#3883,#3884,#3885,#3886,#3887,#3888,#3889,#3890,#3891,#3892,#3893,
#3894,#3895,#3896,#3897,#3898,#3899,#3900,#3901,#3902,#3903,#3904,#3905,
#3906),.UNSPECIFIED.,.F.,.F.,(4,3,3,3,3,3,3,3,3,3,3,3,3,3,3,3,3,3,3,3,3,
3,3,3,3,3,3,3,3,3,3,3,3,3,3,3,3,3,3,3,3,3,3,3,3,3,3,3,3,3,4),(0.,0.0780349128412703,
0.119801400790287,0.156069825682541,0.163151036157946,0.19889287208412,
0.256999351265316,0.291228518430329,0.315105830446513,0.348417356618559,
0.365073119704582,0.373401001247594,0.377564942019099,0.380378254534974,
0.381728882790605,0.387918955028821,0.394848135858743,0.400718899539166,
0.401362092491912,0.419820108353005,0.429049116283551,0.433663620248824,
0.436713163240082,0.438278124214097,0.452505947644902,0.469704505917256,
0.485078730549756,0.492765842866006,0.497581716042588,0.500452955182256,
0.516409014428453,0.537239757616932,0.552048284853453,0.558070500805411,
0.583319944507408,0.595944666358407,0.602318683615031,0.606798204541471,
0.608569388209405,0.616695284604941,0.626802521710926,0.635290960915316,
0.642391579551303,0.691659442623236,0.716293374159202,0.728610339927185,
0.734768822811177,0.738666942085963,0.740927305695169,0.791548059703961,
0.820425474485606),.UNSPECIFIED.);
#530=B_SPLINE_CURVE_WITH_KNOTS('',3,(#4007,#4008,#4009,#4010,#4011,#4012,
#4013,#4014,#4015,#4016,#4017,#4018,#4019,#4020,#4021,#4022,#4023,#4024,
#4025,#4026,#4027,#4028,#4029,#4030,#4031,#4032,#4033,#4034,#4035,#4036,
#4037,#4038,#4039,#4040,#4041,#4042,#4043,#4044,#4045,#4046,#4047,#4048,
#4049,#4050,#4051,#4052,#4053,#4054,#4055,#4056,#4057,#4058,#4059,#4060,
#4061,#4062,#4063,#4064,#4065,#4066,#4067,#4068,#4069,#4070,#4071,#4072,
#4073,#4074,#4075,#4076,#4077,#4078,#4079,#4080,#4081,#4082,#4083,#4084,
#4085,#4086,#4087,#4088,#4089,#4090,#4091,#4092,#4093,#4094,#4095,#4096,
#4097,#4098,#4099,#4100,#4101,#4102,#4103,#4104,#4105,#4106,#4107,#4108,
#4109,#4110,#4111,#4112,#4113,#4114,#4115,#4116,#4117,#4118,#4119,#4120,
#4121,#4122,#4123,#4124,#4125,#4126,#4127,#4128,#4129,#4130,#4131,#4132,
#4133,#4134,#4135,#4136,#4137,#4138,#4139,#4140,#4141,#4142,#4143,#4144,
#4145,#4146,#4147,#4148,#4149,#4150,#4151,#4152,#4153,#4154),
 .UNSPECIFIED.,.F.,.F.,(4,3,3,3,3,3,3,3,3,3,3,3,3,3,3,3,3,3,3,3,3,3,3,3,
3,3,3,3,3,3,3,3,3,3,3,3,3,3,3,3,3,3,3,3,3,3,3,3,3,4),(0.0371932785626791,
0.0454849913629369,0.0509020938040099,0.0512670333916853,0.0529792922436798,
0.0550513996716069,0.0575553824081123,0.0593451140295448,0.0609510115801617,
0.062447340742376,0.0638340392469132,0.0651734015923701,0.0664516678989819,
0.0673682673868136,0.0680770398176996,0.0795383006730393,0.0914475485638696,
0.103636116548483,0.116101295245426,0.128838084432764,0.141956865929902,
0.155297451056362,0.168938549889777,0.170340469635519,0.172699196596052,
0.203768074271357,0.240892016872827,0.280488998554484,0.314651598947048,
0.320012880461805,0.327693087833147,0.367982437453011,0.429141787464641,
0.468274395352396,0.490301137476271,0.498827557082698,0.539408171127051,
0.571891914489581,0.581496837626069,0.619350318489579,0.628588353728827,
0.701622568631642,0.746325321485626,0.74928362211294,0.764958317620082,
0.78907774774576,0.803970072959507,0.813197177871438,0.816438051318752,
0.877907950580262),.UNSPECIFIED.);
#531=B_SPLINE_CURVE_WITH_KNOTS('',3,(#4155,#4156,#4157,#4158),
 .UNSPECIFIED.,.F.,.F.,(4,4),(-0.00423079428499953,0.),.UNSPECIFIED.);
#532=VERTEX_POINT('',#1662);
#533=VERTEX_POINT('',#1663);
#534=VERTEX_POINT('',#1670);
#535=VERTEX_POINT('',#1677);
#536=VERTEX_POINT('',#1679);
#537=VERTEX_POINT('',#1681);
#538=VERTEX_POINT('',#1683);
#539=VERTEX_POINT('',#1687);
#540=VERTEX_POINT('',#1689);
#541=VERTEX_POINT('',#1693);
#542=VERTEX_POINT('',#1695);
#543=VERTEX_POINT('',#1697);
#544=VERTEX_POINT('',#1699);
#545=VERTEX_POINT('',#1701);
#546=VERTEX_POINT('',#1703);
#547=VERTEX_POINT('',#1705);
#548=VERTEX_POINT('',#1707);
#549=VERTEX_POINT('',#1709);
#550=VERTEX_POINT('',#1714);
#551=VERTEX_POINT('',#1869);
#552=VERTEX_POINT('',#1871);
#553=VERTEX_POINT('',#2032);
#554=VERTEX_POINT('',#2034);
#555=VERTEX_POINT('',#2042);
#556=VERTEX_POINT('',#2047);
#557=VERTEX_POINT('',#2049);
#558=VERTEX_POINT('',#2141);
#559=VERTEX_POINT('',#2143);
#560=VERTEX_POINT('',#2150);
#561=VERTEX_POINT('',#2152);
#562=VERTEX_POINT('',#2154);
#563=VERTEX_POINT('',#2167);
#564=VERTEX_POINT('',#2169);
#565=VERTEX_POINT('',#2171);
#566=VERTEX_POINT('',#2173);
#567=VERTEX_POINT('',#2175);
#568=VERTEX_POINT('',#2177);
#569=VERTEX_POINT('',#2181);
#570=VERTEX_POINT('',#2182);
#571=VERTEX_POINT('',#2185);
#572=VERTEX_POINT('',#2187);
#573=VERTEX_POINT('',#2197);
#574=VERTEX_POINT('',#2199);
#575=VERTEX_POINT('',#2201);
#576=VERTEX_POINT('',#2203);
#577=VERTEX_POINT('',#2205);
#578=VERTEX_POINT('',#2207);
#579=VERTEX_POINT('',#2209);
#580=VERTEX_POINT('',#2222);
#581=VERTEX_POINT('',#2224);
#582=VERTEX_POINT('',#2226);
#583=VERTEX_POINT('',#2237);
#584=VERTEX_POINT('',#2242);
#585=VERTEX_POINT('',#2250);
#586=VERTEX_POINT('',#2282);
#587=VERTEX_POINT('',#2374);
#588=VERTEX_POINT('',#2376);
#589=VERTEX_POINT('',#2381);
#590=VERTEX_POINT('',#2389);
#591=VERTEX_POINT('',#2391);
#592=VERTEX_POINT('',#2552);
#593=VERTEX_POINT('',#2554);
#594=VERTEX_POINT('',#2709);
#595=VERTEX_POINT('',#2714);
#596=VERTEX_POINT('',#2716);
#597=VERTEX_POINT('',#2718);
#598=VERTEX_POINT('',#2720);
#599=VERTEX_POINT('',#2722);
#600=VERTEX_POINT('',#2727);
#601=VERTEX_POINT('',#2732);
#602=VERTEX_POINT('',#2890);
#603=VERTEX_POINT('',#2918);
#604=VERTEX_POINT('',#3469);
#605=VERTEX_POINT('',#3470);
#606=VERTEX_POINT('',#3472);
#607=VERTEX_POINT('',#3479);
#608=VERTEX_POINT('',#3481);
#609=VERTEX_POINT('',#3514);
#610=VERTEX_POINT('',#3544);
#611=VERTEX_POINT('',#3755);
#612=VERTEX_POINT('',#4006);
#613=VERTEX_POINT('',#4175);
#614=VERTEX_POINT('',#4176);
#615=VERTEX_POINT('',#4178);
#616=VERTEX_POINT('',#4180);
#617=VERTEX_POINT('',#4184);
#618=VERTEX_POINT('',#4186);
#619=VERTEX_POINT('',#4190);
#620=VERTEX_POINT('',#4191);
#621=VERTEX_POINT('',#4193);
#622=VERTEX_POINT('',#4195);
#623=VERTEX_POINT('',#4199);
#624=VERTEX_POINT('',#4201);
#625=VERTEX_POINT('',#4205);
#626=VERTEX_POINT('',#4206);
#627=VERTEX_POINT('',#4208);
#628=VERTEX_POINT('',#4210);
#629=VERTEX_POINT('',#4214);
#630=VERTEX_POINT('',#4216);
#631=VERTEX_POINT('',#4220);
#632=VERTEX_POINT('',#4221);
#633=VERTEX_POINT('',#4223);
#634=VERTEX_POINT('',#4225);
#635=VERTEX_POINT('',#4229);
#636=VERTEX_POINT('',#4231);
#637=VERTEX_POINT('',#4235);
#638=VERTEX_POINT('',#4237);
#639=VERTEX_POINT('',#4241);
#640=VERTEX_POINT('',#4243);
#641=VERTEX_POINT('',#4250);
#642=VERTEX_POINT('',#4252);
#643=VERTEX_POINT('',#4256);
#644=VERTEX_POINT('',#4258);
#645=VERTEX_POINT('',#4273);
#646=VERTEX_POINT('',#4275);
#647=VERTEX_POINT('',#4279);
#648=VERTEX_POINT('',#4281);
#649=VERTEX_POINT('',#4288);
#650=VERTEX_POINT('',#4290);
#651=VERTEX_POINT('',#4294);
#652=VERTEX_POINT('',#4296);
#653=VERTEX_POINT('',#4311);
#654=VERTEX_POINT('',#4314);
#655=VERTEX_POINT('',#4318);
#656=VERTEX_POINT('',#4321);
#657=VERTEX_POINT('',#4325);
#658=EDGE_CURVE('',#532,#533,#494,.T.);
#659=EDGE_CURVE('',#533,#534,#495,.T.);
#660=EDGE_CURVE('',#534,#535,#236,.T.);
#661=EDGE_CURVE('',#535,#536,#217,.T.);
#662=EDGE_CURVE('',#536,#537,#237,.T.);
#663=EDGE_CURVE('',#537,#538,#218,.T.);
#664=EDGE_CURVE('',#538,#532,#238,.T.);
#665=EDGE_CURVE('',#536,#539,#239,.T.);
#666=EDGE_CURVE('',#539,#540,#240,.T.);
#667=EDGE_CURVE('',#537,#540,#241,.T.);
#668=EDGE_CURVE('',#541,#535,#242,.T.);
#669=EDGE_CURVE('',#542,#541,#219,.T.);
#670=EDGE_CURVE('',#543,#542,#243,.T.);
#671=EDGE_CURVE('',#543,#544,#244,.T.);
#672=EDGE_CURVE('',#544,#545,#245,.T.);
#673=EDGE_CURVE('',#545,#546,#246,.T.);
#674=EDGE_CURVE('',#546,#547,#247,.T.);
#675=EDGE_CURVE('',#547,#548,#248,.T.);
#676=EDGE_CURVE('',#549,#548,#496,.T.);
#677=EDGE_CURVE('',#550,#549,#497,.T.);
#678=EDGE_CURVE('',#551,#550,#249,.T.);
#679=EDGE_CURVE('',#552,#551,#498,.T.);
#680=EDGE_CURVE('',#553,#552,#220,.T.);
#681=EDGE_CURVE('',#554,#553,#499,.T.);
#682=EDGE_CURVE('',#555,#554,#500,.T.);
#683=EDGE_CURVE('',#555,#556,#250,.T.);
#684=EDGE_CURVE('',#557,#556,#501,.T.);
#685=EDGE_CURVE('',#558,#557,#37,.T.);
#686=EDGE_CURVE('',#559,#558,#502,.T.);
#687=EDGE_CURVE('',#560,#559,#38,.T.);
#688=EDGE_CURVE('',#560,#561,#251,.T.);
#689=EDGE_CURVE('',#562,#561,#503,.T.);
#690=EDGE_CURVE('',#562,#563,#252,.T.);
#691=EDGE_CURVE('',#564,#563,#39,.T.);
#692=EDGE_CURVE('',#564,#565,#253,.T.);
#693=EDGE_CURVE('',#565,#566,#254,.T.);
#694=EDGE_CURVE('',#566,#567,#255,.T.);
#695=EDGE_CURVE('',#567,#568,#256,.T.);
#696=EDGE_CURVE('',#568,#539,#257,.T.);
#697=EDGE_CURVE('',#569,#570,#221,.T.);
#698=EDGE_CURVE('',#570,#542,#258,.T.);
#699=EDGE_CURVE('',#541,#571,#259,.T.);
#700=EDGE_CURVE('',#571,#572,#504,.T.);
#701=EDGE_CURVE('',#572,#569,#260,.T.);
#702=EDGE_CURVE('',#540,#573,#261,.T.);
#703=EDGE_CURVE('',#573,#574,#262,.T.);
#704=EDGE_CURVE('',#574,#575,#263,.T.);
#705=EDGE_CURVE('',#575,#576,#264,.T.);
#706=EDGE_CURVE('',#576,#577,#265,.T.);
#707=EDGE_CURVE('',#577,#578,#266,.T.);
#708=EDGE_CURVE('',#579,#578,#505,.T.);
#709=EDGE_CURVE('',#579,#580,#267,.T.);
#710=EDGE_CURVE('',#581,#580,#40,.T.);
#711=EDGE_CURVE('',#582,#581,#506,.T.);
#712=EDGE_CURVE('',#582,#583,#507,.T.);
#713=EDGE_CURVE('',#583,#584,#508,.T.);
#714=EDGE_CURVE('',#584,#585,#509,.T.);
#715=EDGE_CURVE('',#585,#586,#510,.T.);
#716=EDGE_CURVE('',#586,#587,#268,.T.);
#717=EDGE_CURVE('',#587,#588,#511,.T.);
#718=EDGE_CURVE('',#588,#589,#512,.T.);
#719=EDGE_CURVE('',#589,#590,#222,.T.);
#720=EDGE_CURVE('',#590,#591,#513,.T.);
#721=EDGE_CURVE('',#591,#592,#269,.T.);
#722=EDGE_CURVE('',#592,#593,#514,.T.);
#723=EDGE_CURVE('',#593,#594,#515,.T.);
#724=EDGE_CURVE('',#594,#595,#270,.T.);
#725=EDGE_CURVE('',#595,#596,#271,.T.);
#726=EDGE_CURVE('',#596,#597,#272,.T.);
#727=EDGE_CURVE('',#597,#598,#273,.T.);
#728=EDGE_CURVE('',#598,#599,#274,.T.);
#729=EDGE_CURVE('',#599,#570,#275,.T.);
#730=EDGE_CURVE('',#569,#538,#276,.T.);
#731=EDGE_CURVE('',#572,#600,#223,.T.);
#732=EDGE_CURVE('',#600,#571,#224,.T.);
#733=EDGE_CURVE('',#534,#532,#225,.T.);
#734=EDGE_CURVE('',#600,#601,#277,.T.);
#735=EDGE_CURVE('',#601,#601,#226,.T.);
#736=EDGE_CURVE('',#561,#602,#516,.T.);
#737=EDGE_CURVE('',#602,#603,#227,.T.);
#738=EDGE_CURVE('',#603,#562,#517,.T.);
#739=EDGE_CURVE('',#578,#603,#518,.T.);
#740=EDGE_CURVE('',#602,#579,#519,.T.);
#741=EDGE_CURVE('',#580,#560,#278,.T.);
#742=EDGE_CURVE('',#604,#605,#228,.T.);
#743=EDGE_CURVE('',#605,#606,#520,.T.);
#744=EDGE_CURVE('',#606,#607,#229,.T.);
#745=EDGE_CURVE('',#607,#608,#521,.T.);
#746=EDGE_CURVE('',#608,#604,#522,.T.);
#747=EDGE_CURVE('',#604,#582,#523,.T.);
#748=EDGE_CURVE('',#582,#609,#230,.T.);
#749=EDGE_CURVE('',#609,#605,#524,.T.);
#750=EDGE_CURVE('',#558,#610,#525,.T.);
#751=EDGE_CURVE('',#610,#607,#526,.T.);
#752=EDGE_CURVE('',#606,#559,#527,.T.);
#753=EDGE_CURVE('',#581,#609,#528,.T.);
#754=EDGE_CURVE('',#604,#583,#279,.T.);
#755=EDGE_CURVE('',#607,#584,#280,.T.);
#756=EDGE_CURVE('',#611,#577,#529,.T.);
#757=EDGE_CURVE('',#611,#603,#281,.T.);
#758=EDGE_CURVE('',#612,#611,#530,.T.);
#759=EDGE_CURVE('',#563,#612,#531,.T.);
#760=EDGE_CURVE('',#557,#585,#282,.T.);
#761=EDGE_CURVE('',#613,#614,#283,.F.);
#762=EDGE_CURVE('',#614,#615,#284,.T.);
#763=EDGE_CURVE('',#615,#616,#285,.F.);
#764=EDGE_CURVE('',#616,#613,#286,.T.);
#765=EDGE_CURVE('',#617,#614,#287,.T.);
#766=EDGE_CURVE('',#618,#617,#288,.T.);
#767=EDGE_CURVE('',#615,#618,#289,.T.);
#768=EDGE_CURVE('',#619,#620,#290,.F.);
#769=EDGE_CURVE('',#620,#621,#291,.T.);
#770=EDGE_CURVE('',#621,#622,#292,.F.);
#771=EDGE_CURVE('',#622,#619,#293,.T.);
#772=EDGE_CURVE('',#623,#620,#294,.T.);
#773=EDGE_CURVE('',#624,#623,#295,.T.);
#774=EDGE_CURVE('',#621,#624,#296,.T.);
#775=EDGE_CURVE('',#625,#626,#297,.F.);
#776=EDGE_CURVE('',#626,#627,#298,.T.);
#777=EDGE_CURVE('',#627,#628,#299,.F.);
#778=EDGE_CURVE('',#628,#625,#300,.T.);
#779=EDGE_CURVE('',#629,#626,#301,.T.);
#780=EDGE_CURVE('',#630,#629,#302,.T.);
#781=EDGE_CURVE('',#627,#630,#303,.T.);
#782=EDGE_CURVE('',#631,#632,#304,.F.);
#783=EDGE_CURVE('',#632,#633,#305,.T.);
#784=EDGE_CURVE('',#633,#634,#306,.F.);
#785=EDGE_CURVE('',#634,#631,#307,.T.);
#786=EDGE_CURVE('',#635,#632,#308,.T.);
#787=EDGE_CURVE('',#636,#635,#309,.T.);
#788=EDGE_CURVE('',#633,#636,#310,.T.);
#789=EDGE_CURVE('',#596,#637,#311,.T.);
#790=EDGE_CURVE('',#637,#638,#312,.T.);
#791=EDGE_CURVE('',#597,#638,#313,.T.);
#792=EDGE_CURVE('',#616,#639,#314,.T.);
#793=EDGE_CURVE('',#639,#640,#315,.T.);
#794=EDGE_CURVE('',#613,#640,#316,.T.);
#795=EDGE_CURVE('',#638,#639,#317,.T.);
#796=EDGE_CURVE('',#640,#637,#318,.T.);
#797=EDGE_CURVE('',#574,#641,#319,.T.);
#798=EDGE_CURVE('',#641,#642,#320,.T.);
#799=EDGE_CURVE('',#575,#642,#321,.T.);
#800=EDGE_CURVE('',#622,#643,#322,.T.);
#801=EDGE_CURVE('',#643,#644,#323,.T.);
#802=EDGE_CURVE('',#619,#644,#324,.T.);
#803=EDGE_CURVE('',#642,#643,#325,.T.);
#804=EDGE_CURVE('',#644,#641,#326,.T.);
#805=EDGE_CURVE('',#617,#595,#327,.T.);
#806=EDGE_CURVE('',#598,#618,#328,.T.);
#807=EDGE_CURVE('',#623,#573,#329,.T.);
#808=EDGE_CURVE('',#576,#624,#330,.T.);
#809=EDGE_CURVE('',#628,#645,#331,.T.);
#810=EDGE_CURVE('',#645,#646,#332,.T.);
#811=EDGE_CURVE('',#625,#646,#333,.T.);
#812=EDGE_CURVE('',#566,#647,#334,.T.);
#813=EDGE_CURVE('',#647,#648,#335,.T.);
#814=EDGE_CURVE('',#567,#648,#336,.T.);
#815=EDGE_CURVE('',#646,#647,#337,.T.);
#816=EDGE_CURVE('',#648,#645,#338,.T.);
#817=EDGE_CURVE('',#634,#649,#339,.T.);
#818=EDGE_CURVE('',#649,#650,#340,.T.);
#819=EDGE_CURVE('',#631,#650,#341,.T.);
#820=EDGE_CURVE('',#545,#651,#342,.T.);
#821=EDGE_CURVE('',#651,#652,#343,.T.);
#822=EDGE_CURVE('',#546,#652,#344,.T.);
#823=EDGE_CURVE('',#650,#651,#345,.T.);
#824=EDGE_CURVE('',#652,#649,#346,.T.);
#825=EDGE_CURVE('',#635,#544,#347,.T.);
#826=EDGE_CURVE('',#547,#636,#348,.T.);
#827=EDGE_CURVE('',#629,#565,#349,.T.);
#828=EDGE_CURVE('',#568,#630,#350,.T.);
#829=EDGE_CURVE('',#653,#653,#231,.T.);
#830=EDGE_CURVE('',#533,#654,#351,.T.);
#831=EDGE_CURVE('',#654,#654,#232,.T.);
#832=EDGE_CURVE('',#655,#655,#233,.T.);
#833=EDGE_CURVE('',#656,#656,#234,.T.);
#834=EDGE_CURVE('',#656,#653,#352,.T.);
#835=EDGE_CURVE('',#657,#657,#235,.T.);
#836=EDGE_CURVE('',#657,#655,#353,.T.);
#837=EDGE_CURVE('',#548,#594,#354,.T.);
#838=EDGE_CURVE('',#599,#543,#355,.T.);
#839=EDGE_CURVE('',#587,#555,#356,.T.);
#840=EDGE_CURVE('',#556,#586,#357,.T.);
#841=EDGE_CURVE('',#612,#564,#358,.T.);
#842=EDGE_CURVE('',#554,#588,#359,.T.);
#843=EDGE_CURVE('',#549,#593,#360,.T.);
#844=EDGE_CURVE('',#550,#592,#361,.T.);
#845=EDGE_CURVE('',#551,#591,#362,.T.);
#846=EDGE_CURVE('',#552,#590,#363,.T.);
#847=EDGE_CURVE('',#553,#589,#364,.T.);
#848=ORIENTED_EDGE('',*,*,#658,.T.);
#849=ORIENTED_EDGE('',*,*,#659,.T.);
#850=ORIENTED_EDGE('',*,*,#660,.T.);
#851=ORIENTED_EDGE('',*,*,#661,.T.);
#852=ORIENTED_EDGE('',*,*,#662,.T.);
#853=ORIENTED_EDGE('',*,*,#663,.T.);
#854=ORIENTED_EDGE('',*,*,#664,.T.);
#855=ORIENTED_EDGE('',*,*,#662,.F.);
#856=ORIENTED_EDGE('',*,*,#665,.T.);
#857=ORIENTED_EDGE('',*,*,#666,.T.);
#858=ORIENTED_EDGE('',*,*,#667,.F.);
#859=ORIENTED_EDGE('',*,*,#661,.F.);
#860=ORIENTED_EDGE('',*,*,#668,.F.);
#861=ORIENTED_EDGE('',*,*,#669,.F.);
#862=ORIENTED_EDGE('',*,*,#670,.F.);
#863=ORIENTED_EDGE('',*,*,#671,.T.);
#864=ORIENTED_EDGE('',*,*,#672,.T.);
#865=ORIENTED_EDGE('',*,*,#673,.T.);
#866=ORIENTED_EDGE('',*,*,#674,.T.);
#867=ORIENTED_EDGE('',*,*,#675,.T.);
#868=ORIENTED_EDGE('',*,*,#676,.F.);
#869=ORIENTED_EDGE('',*,*,#677,.F.);
#870=ORIENTED_EDGE('',*,*,#678,.F.);
#871=ORIENTED_EDGE('',*,*,#679,.F.);
#872=ORIENTED_EDGE('',*,*,#680,.F.);
#873=ORIENTED_EDGE('',*,*,#681,.F.);
#874=ORIENTED_EDGE('',*,*,#682,.F.);
#875=ORIENTED_EDGE('',*,*,#683,.T.);
#876=ORIENTED_EDGE('',*,*,#684,.F.);
#877=ORIENTED_EDGE('',*,*,#685,.F.);
#878=ORIENTED_EDGE('',*,*,#686,.F.);
#879=ORIENTED_EDGE('',*,*,#687,.F.);
#880=ORIENTED_EDGE('',*,*,#688,.T.);
#881=ORIENTED_EDGE('',*,*,#689,.F.);
#882=ORIENTED_EDGE('',*,*,#690,.T.);
#883=ORIENTED_EDGE('',*,*,#691,.F.);
#884=ORIENTED_EDGE('',*,*,#692,.T.);
#885=ORIENTED_EDGE('',*,*,#693,.T.);
#886=ORIENTED_EDGE('',*,*,#694,.T.);
#887=ORIENTED_EDGE('',*,*,#695,.T.);
#888=ORIENTED_EDGE('',*,*,#696,.T.);
#889=ORIENTED_EDGE('',*,*,#665,.F.);
#890=ORIENTED_EDGE('',*,*,#697,.T.);
#891=ORIENTED_EDGE('',*,*,#698,.T.);
#892=ORIENTED_EDGE('',*,*,#669,.T.);
#893=ORIENTED_EDGE('',*,*,#699,.T.);
#894=ORIENTED_EDGE('',*,*,#700,.T.);
#895=ORIENTED_EDGE('',*,*,#701,.T.);
#896=ORIENTED_EDGE('',*,*,#663,.F.);
#897=ORIENTED_EDGE('',*,*,#667,.T.);
#898=ORIENTED_EDGE('',*,*,#702,.T.);
#899=ORIENTED_EDGE('',*,*,#703,.T.);
#900=ORIENTED_EDGE('',*,*,#704,.T.);
#901=ORIENTED_EDGE('',*,*,#705,.T.);
#902=ORIENTED_EDGE('',*,*,#706,.T.);
#903=ORIENTED_EDGE('',*,*,#707,.T.);
#904=ORIENTED_EDGE('',*,*,#708,.F.);
#905=ORIENTED_EDGE('',*,*,#709,.T.);
#906=ORIENTED_EDGE('',*,*,#710,.F.);
#907=ORIENTED_EDGE('',*,*,#711,.F.);
#908=ORIENTED_EDGE('',*,*,#712,.T.);
#909=ORIENTED_EDGE('',*,*,#713,.T.);
#910=ORIENTED_EDGE('',*,*,#714,.T.);
#911=ORIENTED_EDGE('',*,*,#715,.T.);
#912=ORIENTED_EDGE('',*,*,#716,.T.);
#913=ORIENTED_EDGE('',*,*,#717,.T.);
#914=ORIENTED_EDGE('',*,*,#718,.T.);
#915=ORIENTED_EDGE('',*,*,#719,.T.);
#916=ORIENTED_EDGE('',*,*,#720,.T.);
#917=ORIENTED_EDGE('',*,*,#721,.T.);
#918=ORIENTED_EDGE('',*,*,#722,.T.);
#919=ORIENTED_EDGE('',*,*,#723,.T.);
#920=ORIENTED_EDGE('',*,*,#724,.T.);
#921=ORIENTED_EDGE('',*,*,#725,.T.);
#922=ORIENTED_EDGE('',*,*,#726,.T.);
#923=ORIENTED_EDGE('',*,*,#727,.T.);
#924=ORIENTED_EDGE('',*,*,#728,.T.);
#925=ORIENTED_EDGE('',*,*,#729,.T.);
#926=ORIENTED_EDGE('',*,*,#697,.F.);
#927=ORIENTED_EDGE('',*,*,#730,.T.);
#928=ORIENTED_EDGE('',*,*,#664,.F.);
#929=ORIENTED_EDGE('',*,*,#730,.F.);
#930=ORIENTED_EDGE('',*,*,#701,.F.);
#931=ORIENTED_EDGE('',*,*,#731,.T.);
#932=ORIENTED_EDGE('',*,*,#732,.T.);
#933=ORIENTED_EDGE('',*,*,#699,.F.);
#934=ORIENTED_EDGE('',*,*,#668,.T.);
#935=ORIENTED_EDGE('',*,*,#660,.F.);
#936=ORIENTED_EDGE('',*,*,#733,.T.);
#937=ORIENTED_EDGE('',*,*,#731,.F.);
#938=ORIENTED_EDGE('',*,*,#700,.F.);
#939=ORIENTED_EDGE('',*,*,#732,.F.);
#940=ORIENTED_EDGE('',*,*,#734,.T.);
#941=ORIENTED_EDGE('',*,*,#735,.T.);
#942=ORIENTED_EDGE('',*,*,#734,.F.);
#943=ORIENTED_EDGE('',*,*,#689,.T.);
#944=ORIENTED_EDGE('',*,*,#736,.T.);
#945=ORIENTED_EDGE('',*,*,#737,.T.);
#946=ORIENTED_EDGE('',*,*,#738,.T.);
#947=ORIENTED_EDGE('',*,*,#708,.T.);
#948=ORIENTED_EDGE('',*,*,#739,.T.);
#949=ORIENTED_EDGE('',*,*,#737,.F.);
#950=ORIENTED_EDGE('',*,*,#740,.T.);
#951=ORIENTED_EDGE('',*,*,#740,.F.);
#952=ORIENTED_EDGE('',*,*,#736,.F.);
#953=ORIENTED_EDGE('',*,*,#688,.F.);
#954=ORIENTED_EDGE('',*,*,#741,.F.);
#955=ORIENTED_EDGE('',*,*,#709,.F.);
#956=ORIENTED_EDGE('',*,*,#742,.T.);
#957=ORIENTED_EDGE('',*,*,#743,.T.);
#958=ORIENTED_EDGE('',*,*,#744,.T.);
#959=ORIENTED_EDGE('',*,*,#745,.T.);
#960=ORIENTED_EDGE('',*,*,#746,.T.);
#961=ORIENTED_EDGE('',*,*,#742,.F.);
#962=ORIENTED_EDGE('',*,*,#747,.T.);
#963=ORIENTED_EDGE('',*,*,#748,.T.);
#964=ORIENTED_EDGE('',*,*,#749,.T.);
#965=ORIENTED_EDGE('',*,*,#686,.T.);
#966=ORIENTED_EDGE('',*,*,#750,.T.);
#967=ORIENTED_EDGE('',*,*,#751,.T.);
#968=ORIENTED_EDGE('',*,*,#744,.F.);
#969=ORIENTED_EDGE('',*,*,#752,.T.);
#970=ORIENTED_EDGE('',*,*,#711,.T.);
#971=ORIENTED_EDGE('',*,*,#753,.T.);
#972=ORIENTED_EDGE('',*,*,#748,.F.);
#973=ORIENTED_EDGE('',*,*,#747,.F.);
#974=ORIENTED_EDGE('',*,*,#754,.T.);
#975=ORIENTED_EDGE('',*,*,#712,.F.);
#976=ORIENTED_EDGE('',*,*,#746,.F.);
#977=ORIENTED_EDGE('',*,*,#745,.F.);
#978=ORIENTED_EDGE('',*,*,#755,.T.);
#979=ORIENTED_EDGE('',*,*,#713,.F.);
#980=ORIENTED_EDGE('',*,*,#754,.F.);
#981=ORIENTED_EDGE('',*,*,#753,.F.);
#982=ORIENTED_EDGE('',*,*,#710,.T.);
#983=ORIENTED_EDGE('',*,*,#741,.T.);
#984=ORIENTED_EDGE('',*,*,#687,.T.);
#985=ORIENTED_EDGE('',*,*,#752,.F.);
#986=ORIENTED_EDGE('',*,*,#743,.F.);
#987=ORIENTED_EDGE('',*,*,#749,.F.);
#988=ORIENTED_EDGE('',*,*,#739,.F.);
#989=ORIENTED_EDGE('',*,*,#707,.F.);
#990=ORIENTED_EDGE('',*,*,#756,.F.);
#991=ORIENTED_EDGE('',*,*,#757,.T.);
#992=ORIENTED_EDGE('',*,*,#738,.F.);
#993=ORIENTED_EDGE('',*,*,#757,.F.);
#994=ORIENTED_EDGE('',*,*,#758,.F.);
#995=ORIENTED_EDGE('',*,*,#759,.F.);
#996=ORIENTED_EDGE('',*,*,#690,.F.);
#997=ORIENTED_EDGE('',*,*,#751,.F.);
#998=ORIENTED_EDGE('',*,*,#750,.F.);
#999=ORIENTED_EDGE('',*,*,#685,.T.);
#1000=ORIENTED_EDGE('',*,*,#760,.T.);
#1001=ORIENTED_EDGE('',*,*,#714,.F.);
#1002=ORIENTED_EDGE('',*,*,#755,.F.);
#1003=ORIENTED_EDGE('',*,*,#761,.T.);
#1004=ORIENTED_EDGE('',*,*,#762,.T.);
#1005=ORIENTED_EDGE('',*,*,#763,.T.);
#1006=ORIENTED_EDGE('',*,*,#764,.T.);
#1007=ORIENTED_EDGE('',*,*,#762,.F.);
#1008=ORIENTED_EDGE('',*,*,#765,.F.);
#1009=ORIENTED_EDGE('',*,*,#766,.F.);
#1010=ORIENTED_EDGE('',*,*,#767,.F.);
#1011=ORIENTED_EDGE('',*,*,#768,.T.);
#1012=ORIENTED_EDGE('',*,*,#769,.T.);
#1013=ORIENTED_EDGE('',*,*,#770,.T.);
#1014=ORIENTED_EDGE('',*,*,#771,.T.);
#1015=ORIENTED_EDGE('',*,*,#769,.F.);
#1016=ORIENTED_EDGE('',*,*,#772,.F.);
#1017=ORIENTED_EDGE('',*,*,#773,.F.);
#1018=ORIENTED_EDGE('',*,*,#774,.F.);
#1019=ORIENTED_EDGE('',*,*,#775,.T.);
#1020=ORIENTED_EDGE('',*,*,#776,.T.);
#1021=ORIENTED_EDGE('',*,*,#777,.T.);
#1022=ORIENTED_EDGE('',*,*,#778,.T.);
#1023=ORIENTED_EDGE('',*,*,#776,.F.);
#1024=ORIENTED_EDGE('',*,*,#779,.F.);
#1025=ORIENTED_EDGE('',*,*,#780,.F.);
#1026=ORIENTED_EDGE('',*,*,#781,.F.);
#1027=ORIENTED_EDGE('',*,*,#782,.T.);
#1028=ORIENTED_EDGE('',*,*,#783,.T.);
#1029=ORIENTED_EDGE('',*,*,#784,.T.);
#1030=ORIENTED_EDGE('',*,*,#785,.T.);
#1031=ORIENTED_EDGE('',*,*,#783,.F.);
#1032=ORIENTED_EDGE('',*,*,#786,.F.);
#1033=ORIENTED_EDGE('',*,*,#787,.F.);
#1034=ORIENTED_EDGE('',*,*,#788,.F.);
#1035=ORIENTED_EDGE('',*,*,#726,.F.);
#1036=ORIENTED_EDGE('',*,*,#789,.T.);
#1037=ORIENTED_EDGE('',*,*,#790,.T.);
#1038=ORIENTED_EDGE('',*,*,#791,.F.);
#1039=ORIENTED_EDGE('',*,*,#764,.F.);
#1040=ORIENTED_EDGE('',*,*,#792,.T.);
#1041=ORIENTED_EDGE('',*,*,#793,.T.);
#1042=ORIENTED_EDGE('',*,*,#794,.F.);
#1043=ORIENTED_EDGE('',*,*,#795,.F.);
#1044=ORIENTED_EDGE('',*,*,#790,.F.);
#1045=ORIENTED_EDGE('',*,*,#796,.F.);
#1046=ORIENTED_EDGE('',*,*,#793,.F.);
#1047=ORIENTED_EDGE('',*,*,#704,.F.);
#1048=ORIENTED_EDGE('',*,*,#797,.T.);
#1049=ORIENTED_EDGE('',*,*,#798,.T.);
#1050=ORIENTED_EDGE('',*,*,#799,.F.);
#1051=ORIENTED_EDGE('',*,*,#771,.F.);
#1052=ORIENTED_EDGE('',*,*,#800,.T.);
#1053=ORIENTED_EDGE('',*,*,#801,.T.);
#1054=ORIENTED_EDGE('',*,*,#802,.F.);
#1055=ORIENTED_EDGE('',*,*,#803,.F.);
#1056=ORIENTED_EDGE('',*,*,#798,.F.);
#1057=ORIENTED_EDGE('',*,*,#804,.F.);
#1058=ORIENTED_EDGE('',*,*,#801,.F.);
#1059=ORIENTED_EDGE('',*,*,#805,.F.);
#1060=ORIENTED_EDGE('',*,*,#765,.T.);
#1061=ORIENTED_EDGE('',*,*,#761,.F.);
#1062=ORIENTED_EDGE('',*,*,#794,.T.);
#1063=ORIENTED_EDGE('',*,*,#796,.T.);
#1064=ORIENTED_EDGE('',*,*,#789,.F.);
#1065=ORIENTED_EDGE('',*,*,#725,.F.);
#1066=ORIENTED_EDGE('',*,*,#806,.F.);
#1067=ORIENTED_EDGE('',*,*,#727,.F.);
#1068=ORIENTED_EDGE('',*,*,#791,.T.);
#1069=ORIENTED_EDGE('',*,*,#795,.T.);
#1070=ORIENTED_EDGE('',*,*,#792,.F.);
#1071=ORIENTED_EDGE('',*,*,#763,.F.);
#1072=ORIENTED_EDGE('',*,*,#767,.T.);
#1073=ORIENTED_EDGE('',*,*,#807,.F.);
#1074=ORIENTED_EDGE('',*,*,#772,.T.);
#1075=ORIENTED_EDGE('',*,*,#768,.F.);
#1076=ORIENTED_EDGE('',*,*,#802,.T.);
#1077=ORIENTED_EDGE('',*,*,#804,.T.);
#1078=ORIENTED_EDGE('',*,*,#797,.F.);
#1079=ORIENTED_EDGE('',*,*,#703,.F.);
#1080=ORIENTED_EDGE('',*,*,#808,.F.);
#1081=ORIENTED_EDGE('',*,*,#705,.F.);
#1082=ORIENTED_EDGE('',*,*,#799,.T.);
#1083=ORIENTED_EDGE('',*,*,#803,.T.);
#1084=ORIENTED_EDGE('',*,*,#800,.F.);
#1085=ORIENTED_EDGE('',*,*,#770,.F.);
#1086=ORIENTED_EDGE('',*,*,#774,.T.);
#1087=ORIENTED_EDGE('',*,*,#778,.F.);
#1088=ORIENTED_EDGE('',*,*,#809,.T.);
#1089=ORIENTED_EDGE('',*,*,#810,.T.);
#1090=ORIENTED_EDGE('',*,*,#811,.F.);
#1091=ORIENTED_EDGE('',*,*,#694,.F.);
#1092=ORIENTED_EDGE('',*,*,#812,.T.);
#1093=ORIENTED_EDGE('',*,*,#813,.T.);
#1094=ORIENTED_EDGE('',*,*,#814,.F.);
#1095=ORIENTED_EDGE('',*,*,#813,.F.);
#1096=ORIENTED_EDGE('',*,*,#815,.F.);
#1097=ORIENTED_EDGE('',*,*,#810,.F.);
#1098=ORIENTED_EDGE('',*,*,#816,.F.);
#1099=ORIENTED_EDGE('',*,*,#785,.F.);
#1100=ORIENTED_EDGE('',*,*,#817,.T.);
#1101=ORIENTED_EDGE('',*,*,#818,.T.);
#1102=ORIENTED_EDGE('',*,*,#819,.F.);
#1103=ORIENTED_EDGE('',*,*,#673,.F.);
#1104=ORIENTED_EDGE('',*,*,#820,.T.);
#1105=ORIENTED_EDGE('',*,*,#821,.T.);
#1106=ORIENTED_EDGE('',*,*,#822,.F.);
#1107=ORIENTED_EDGE('',*,*,#821,.F.);
#1108=ORIENTED_EDGE('',*,*,#823,.F.);
#1109=ORIENTED_EDGE('',*,*,#818,.F.);
#1110=ORIENTED_EDGE('',*,*,#824,.F.);
#1111=ORIENTED_EDGE('',*,*,#825,.F.);
#1112=ORIENTED_EDGE('',*,*,#786,.T.);
#1113=ORIENTED_EDGE('',*,*,#782,.F.);
#1114=ORIENTED_EDGE('',*,*,#819,.T.);
#1115=ORIENTED_EDGE('',*,*,#823,.T.);
#1116=ORIENTED_EDGE('',*,*,#820,.F.);
#1117=ORIENTED_EDGE('',*,*,#672,.F.);
#1118=ORIENTED_EDGE('',*,*,#826,.F.);
#1119=ORIENTED_EDGE('',*,*,#674,.F.);
#1120=ORIENTED_EDGE('',*,*,#822,.T.);
#1121=ORIENTED_EDGE('',*,*,#824,.T.);
#1122=ORIENTED_EDGE('',*,*,#817,.F.);
#1123=ORIENTED_EDGE('',*,*,#784,.F.);
#1124=ORIENTED_EDGE('',*,*,#788,.T.);
#1125=ORIENTED_EDGE('',*,*,#827,.F.);
#1126=ORIENTED_EDGE('',*,*,#779,.T.);
#1127=ORIENTED_EDGE('',*,*,#775,.F.);
#1128=ORIENTED_EDGE('',*,*,#811,.T.);
#1129=ORIENTED_EDGE('',*,*,#815,.T.);
#1130=ORIENTED_EDGE('',*,*,#812,.F.);
#1131=ORIENTED_EDGE('',*,*,#693,.F.);
#1132=ORIENTED_EDGE('',*,*,#828,.F.);
#1133=ORIENTED_EDGE('',*,*,#695,.F.);
#1134=ORIENTED_EDGE('',*,*,#814,.T.);
#1135=ORIENTED_EDGE('',*,*,#816,.T.);
#1136=ORIENTED_EDGE('',*,*,#809,.F.);
#1137=ORIENTED_EDGE('',*,*,#777,.F.);
#1138=ORIENTED_EDGE('',*,*,#781,.T.);
#1139=ORIENTED_EDGE('',*,*,#735,.F.);
#1140=ORIENTED_EDGE('',*,*,#829,.F.);
#1141=ORIENTED_EDGE('',*,*,#658,.F.);
#1142=ORIENTED_EDGE('',*,*,#733,.F.);
#1143=ORIENTED_EDGE('',*,*,#659,.F.);
#1144=ORIENTED_EDGE('',*,*,#830,.T.);
#1145=ORIENTED_EDGE('',*,*,#831,.T.);
#1146=ORIENTED_EDGE('',*,*,#830,.F.);
#1147=ORIENTED_EDGE('',*,*,#831,.F.);
#1148=ORIENTED_EDGE('',*,*,#832,.F.);
#1149=ORIENTED_EDGE('',*,*,#833,.F.);
#1150=ORIENTED_EDGE('',*,*,#834,.T.);
#1151=ORIENTED_EDGE('',*,*,#829,.T.);
#1152=ORIENTED_EDGE('',*,*,#834,.F.);
#1153=ORIENTED_EDGE('',*,*,#835,.F.);
#1154=ORIENTED_EDGE('',*,*,#836,.T.);
#1155=ORIENTED_EDGE('',*,*,#832,.T.);
#1156=ORIENTED_EDGE('',*,*,#836,.F.);
#1157=ORIENTED_EDGE('',*,*,#805,.T.);
#1158=ORIENTED_EDGE('',*,*,#724,.F.);
#1159=ORIENTED_EDGE('',*,*,#837,.F.);
#1160=ORIENTED_EDGE('',*,*,#675,.F.);
#1161=ORIENTED_EDGE('',*,*,#826,.T.);
#1162=ORIENTED_EDGE('',*,*,#787,.T.);
#1163=ORIENTED_EDGE('',*,*,#825,.T.);
#1164=ORIENTED_EDGE('',*,*,#671,.F.);
#1165=ORIENTED_EDGE('',*,*,#838,.F.);
#1166=ORIENTED_EDGE('',*,*,#728,.F.);
#1167=ORIENTED_EDGE('',*,*,#806,.T.);
#1168=ORIENTED_EDGE('',*,*,#766,.T.);
#1169=ORIENTED_EDGE('',*,*,#833,.T.);
#1170=ORIENTED_EDGE('',*,*,#683,.F.);
#1171=ORIENTED_EDGE('',*,*,#839,.F.);
#1172=ORIENTED_EDGE('',*,*,#716,.F.);
#1173=ORIENTED_EDGE('',*,*,#840,.F.);
#1174=ORIENTED_EDGE('',*,*,#756,.T.);
#1175=ORIENTED_EDGE('',*,*,#706,.F.);
#1176=ORIENTED_EDGE('',*,*,#808,.T.);
#1177=ORIENTED_EDGE('',*,*,#773,.T.);
#1178=ORIENTED_EDGE('',*,*,#807,.T.);
#1179=ORIENTED_EDGE('',*,*,#702,.F.);
#1180=ORIENTED_EDGE('',*,*,#666,.F.);
#1181=ORIENTED_EDGE('',*,*,#696,.F.);
#1182=ORIENTED_EDGE('',*,*,#828,.T.);
#1183=ORIENTED_EDGE('',*,*,#780,.T.);
#1184=ORIENTED_EDGE('',*,*,#827,.T.);
#1185=ORIENTED_EDGE('',*,*,#692,.F.);
#1186=ORIENTED_EDGE('',*,*,#841,.F.);
#1187=ORIENTED_EDGE('',*,*,#758,.T.);
#1188=ORIENTED_EDGE('',*,*,#835,.T.);
#1189=ORIENTED_EDGE('',*,*,#698,.F.);
#1190=ORIENTED_EDGE('',*,*,#729,.F.);
#1191=ORIENTED_EDGE('',*,*,#838,.T.);
#1192=ORIENTED_EDGE('',*,*,#670,.T.);
#1193=ORIENTED_EDGE('',*,*,#839,.T.);
#1194=ORIENTED_EDGE('',*,*,#682,.T.);
#1195=ORIENTED_EDGE('',*,*,#842,.T.);
#1196=ORIENTED_EDGE('',*,*,#717,.F.);
#1197=ORIENTED_EDGE('',*,*,#759,.T.);
#1198=ORIENTED_EDGE('',*,*,#841,.T.);
#1199=ORIENTED_EDGE('',*,*,#691,.T.);
#1200=ORIENTED_EDGE('',*,*,#677,.T.);
#1201=ORIENTED_EDGE('',*,*,#843,.T.);
#1202=ORIENTED_EDGE('',*,*,#722,.F.);
#1203=ORIENTED_EDGE('',*,*,#844,.F.);
#1204=ORIENTED_EDGE('',*,*,#678,.T.);
#1205=ORIENTED_EDGE('',*,*,#844,.T.);
#1206=ORIENTED_EDGE('',*,*,#721,.F.);
#1207=ORIENTED_EDGE('',*,*,#845,.F.);
#1208=ORIENTED_EDGE('',*,*,#679,.T.);
#1209=ORIENTED_EDGE('',*,*,#845,.T.);
#1210=ORIENTED_EDGE('',*,*,#720,.F.);
#1211=ORIENTED_EDGE('',*,*,#846,.F.);
#1212=ORIENTED_EDGE('',*,*,#680,.T.);
#1213=ORIENTED_EDGE('',*,*,#846,.T.);
#1214=ORIENTED_EDGE('',*,*,#719,.F.);
#1215=ORIENTED_EDGE('',*,*,#847,.F.);
#1216=ORIENTED_EDGE('',*,*,#681,.T.);
#1217=ORIENTED_EDGE('',*,*,#847,.T.);
#1218=ORIENTED_EDGE('',*,*,#718,.F.);
#1219=ORIENTED_EDGE('',*,*,#842,.F.);
#1220=ORIENTED_EDGE('',*,*,#837,.T.);
#1221=ORIENTED_EDGE('',*,*,#723,.F.);
#1222=ORIENTED_EDGE('',*,*,#843,.F.);
#1223=ORIENTED_EDGE('',*,*,#676,.T.);
#1224=ORIENTED_EDGE('',*,*,#840,.T.);
#1225=ORIENTED_EDGE('',*,*,#715,.F.);
#1226=ORIENTED_EDGE('',*,*,#760,.F.);
#1227=ORIENTED_EDGE('',*,*,#684,.T.);
#1228=CYLINDRICAL_SURFACE('',#1316,3.);
#1229=CYLINDRICAL_SURFACE('',#1326,3.);
#1230=CYLINDRICAL_SURFACE('',#1335,3.5);
#1231=CYLINDRICAL_SURFACE('',#1342,1.);
#1232=CYLINDRICAL_SURFACE('',#1373,3.5);
#1233=CYLINDRICAL_SURFACE('',#1377,1.7);
#1234=CYLINDRICAL_SURFACE('',#1379,1.7);
#1235=CYLINDRICAL_SURFACE('',#1386,6.57666668538888);
#1236=ADVANCED_FACE('',(#81),#1228,.T.);
#1237=ADVANCED_FACE('',(#82),#41,.T.);
#1238=ADVANCED_FACE('',(#83),#42,.F.);
#1239=ADVANCED_FACE('',(#84),#1229,.T.);
#1240=ADVANCED_FACE('',(#85),#43,.T.);
#1241=ADVANCED_FACE('',(#86),#44,.T.);
#1242=ADVANCED_FACE('',(#87),#1230,.F.);
#1243=ADVANCED_FACE('',(#88),#19,.T.);
#1244=ADVANCED_FACE('',(#89),#20,.T.);
#1245=ADVANCED_FACE('',(#90),#45,.F.);
#1246=ADVANCED_FACE('',(#91),#21,.F.);
#1247=ADVANCED_FACE('',(#92),#22,.F.);
#1248=ADVANCED_FACE('',(#93),#23,.F.);
#1249=ADVANCED_FACE('',(#94),#24,.F.);
#1250=ADVANCED_FACE('',(#95),#25,.T.);
#1251=ADVANCED_FACE('',(#96),#26,.T.);
#1252=ADVANCED_FACE('',(#97),#1231,.F.);
#1253=ADVANCED_FACE('',(#98),#27,.F.);
#1254=ADVANCED_FACE('',(#99),#28,.F.);
#1255=ADVANCED_FACE('',(#100),#29,.T.);
#1256=ADVANCED_FACE('',(#101),#46,.T.);
#1257=ADVANCED_FACE('',(#102),#47,.F.);
#1258=ADVANCED_FACE('',(#103),#48,.T.);
#1259=ADVANCED_FACE('',(#104),#49,.F.);
#1260=ADVANCED_FACE('',(#105),#50,.T.);
#1261=ADVANCED_FACE('',(#106),#51,.F.);
#1262=ADVANCED_FACE('',(#107),#52,.T.);
#1263=ADVANCED_FACE('',(#108),#53,.F.);
#1264=ADVANCED_FACE('',(#109),#54,.F.);
#1265=ADVANCED_FACE('',(#110),#55,.F.);
#1266=ADVANCED_FACE('',(#111),#56,.F.);
#1267=ADVANCED_FACE('',(#112),#57,.F.);
#1268=ADVANCED_FACE('',(#113),#58,.F.);
#1269=ADVANCED_FACE('',(#114),#59,.F.);
#1270=ADVANCED_FACE('',(#115),#60,.F.);
#1271=ADVANCED_FACE('',(#116),#61,.F.);
#1272=ADVANCED_FACE('',(#117),#62,.F.);
#1273=ADVANCED_FACE('',(#118),#63,.F.);
#1274=ADVANCED_FACE('',(#119),#64,.F.);
#1275=ADVANCED_FACE('',(#120),#65,.F.);
#1276=ADVANCED_FACE('',(#121),#66,.F.);
#1277=ADVANCED_FACE('',(#122),#67,.F.);
#1278=ADVANCED_FACE('',(#123),#68,.F.);
#1279=ADVANCED_FACE('',(#124),#69,.F.);
#1280=ADVANCED_FACE('',(#125),#70,.F.);
#1281=ADVANCED_FACE('',(#126),#71,.F.);
#1282=ADVANCED_FACE('',(#127),#72,.F.);
#1283=ADVANCED_FACE('',(#128),#73,.F.);
#1284=ADVANCED_FACE('',(#129,#15),#74,.T.);
#1285=ADVANCED_FACE('',(#130),#1232,.F.);
#1286=ADVANCED_FACE('',(#131,#16),#75,.T.);
#1287=ADVANCED_FACE('',(#132),#1233,.F.);
#1288=ADVANCED_FACE('',(#133),#1234,.F.);
#1289=ADVANCED_FACE('',(#134,#17),#76,.F.);
#1290=ADVANCED_FACE('',(#135),#77,.F.);
#1291=ADVANCED_FACE('',(#136,#18),#78,.F.);
#1292=ADVANCED_FACE('',(#137),#79,.T.);
#1293=ADVANCED_FACE('',(#138),#30,.T.);
#1294=ADVANCED_FACE('',(#139),#31,.T.);
#1295=ADVANCED_FACE('',(#140),#32,.T.);
#1296=ADVANCED_FACE('',(#141),#80,.T.);
#1297=ADVANCED_FACE('',(#142),#33,.T.);
#1298=ADVANCED_FACE('',(#143),#1235,.F.);
#1299=ADVANCED_FACE('',(#144),#34,.T.);
#1300=ADVANCED_FACE('',(#145),#35,.T.);
#1301=ADVANCED_FACE('',(#146),#36,.T.);
#1302=CLOSED_SHELL('',(#1236,#1237,#1238,#1239,#1240,#1241,#1242,#1243,
#1244,#1245,#1246,#1247,#1248,#1249,#1250,#1251,#1252,#1253,#1254,#1255,
#1256,#1257,#1258,#1259,#1260,#1261,#1262,#1263,#1264,#1265,#1266,#1267,
#1268,#1269,#1270,#1271,#1272,#1273,#1274,#1275,#1276,#1277,#1278,#1279,
#1280,#1281,#1282,#1283,#1284,#1285,#1286,#1287,#1288,#1289,#1290,#1291,
#1292,#1293,#1294,#1295,#1296,#1297,#1298,#1299,#1300,#1301));
#1303=DERIVED_UNIT_ELEMENT(#1305,1.);
#1304=DERIVED_UNIT_ELEMENT(#4610,-3.);
#1305=(
MASS_UNIT()
NAMED_UNIT(*)
SI_UNIT(.KILO.,.GRAM.)
);
#1306=DERIVED_UNIT((#1303,#1304));
#1307=MEASURE_REPRESENTATION_ITEM('density measure',
POSITIVE_RATIO_MEASURE(7850.),#1306);
#1308=PROPERTY_DEFINITION_REPRESENTATION(#1313,#1310);
#1309=PROPERTY_DEFINITION_REPRESENTATION(#1314,#1311);
#1310=REPRESENTATION('material name',(#1312),#4607);
#1311=REPRESENTATION('density',(#1307),#4607);
#1312=DESCRIPTIVE_REPRESENTATION_ITEM('\X2\92FC\X0\','\X2\92FC\X0\');
#1313=PROPERTY_DEFINITION('material property','material name',#4617);
#1314=PROPERTY_DEFINITION('material property','density of part',#4617);
#1315=AXIS2_PLACEMENT_3D('',#1660,#1387,#1388);
#1316=AXIS2_PLACEMENT_3D('',#1661,#1389,#1390);
#1317=AXIS2_PLACEMENT_3D('',#1680,#1392,#1393);
#1318=AXIS2_PLACEMENT_3D('',#1684,#1395,#1396);
#1319=AXIS2_PLACEMENT_3D('',#1686,#1398,#1399);
#1320=AXIS2_PLACEMENT_3D('',#1692,#1403,#1404);
#1321=AXIS2_PLACEMENT_3D('',#1696,#1406,#1407);
#1322=AXIS2_PLACEMENT_3D('',#2033,#1415,#1416);
#1323=AXIS2_PLACEMENT_3D('',#2142,#1418,#1419);
#1324=AXIS2_PLACEMENT_3D('',#2151,#1420,#1421);
#1325=AXIS2_PLACEMENT_3D('',#2170,#1424,#1425);
#1326=AXIS2_PLACEMENT_3D('',#2180,#1431,#1432);
#1327=AXIS2_PLACEMENT_3D('',#2183,#1433,#1434);
#1328=AXIS2_PLACEMENT_3D('',#2196,#1438,#1439);
#1329=AXIS2_PLACEMENT_3D('',#2225,#1447,#1448);
#1330=AXIS2_PLACEMENT_3D('',#2390,#1450,#1451);
#1331=AXIS2_PLACEMENT_3D('',#2726,#1460,#1461);
#1332=AXIS2_PLACEMENT_3D('',#2728,#1462,#1463);
#1333=AXIS2_PLACEMENT_3D('',#2729,#1464,#1465);
#1334=AXIS2_PLACEMENT_3D('',#2730,#1466,#1467);
#1335=AXIS2_PLACEMENT_3D('',#2731,#1468,#1469);
#1336=AXIS2_PLACEMENT_3D('',#2734,#1471,#1472);
#1337=AXIS2_PLACEMENT_3D('',#2919,#1473,#1474);
#1338=AXIS2_PLACEMENT_3D('',#3443,#1475,#1476);
#1339=AXIS2_PLACEMENT_3D('',#3471,#1478,#1479);
#1340=AXIS2_PLACEMENT_3D('',#3480,#1480,#1481);
#1341=AXIS2_PLACEMENT_3D('',#3515,#1482,#1483);
#1342=AXIS2_PLACEMENT_3D('',#3644,#1486,#1487);
#1343=AXIS2_PLACEMENT_3D('',#4174,#1490,#1491);
#1344=AXIS2_PLACEMENT_3D('',#4183,#1496,#1497);
#1345=AXIS2_PLACEMENT_3D('',#4189,#1501,#1502);
#1346=AXIS2_PLACEMENT_3D('',#4198,#1507,#1508);
#1347=AXIS2_PLACEMENT_3D('',#4204,#1512,#1513);
#1348=AXIS2_PLACEMENT_3D('',#4213,#1518,#1519);
#1349=AXIS2_PLACEMENT_3D('',#4219,#1523,#1524);
#1350=AXIS2_PLACEMENT_3D('',#4228,#1529,#1530);
#1351=AXIS2_PLACEMENT_3D('',#4234,#1534,#1535);
#1352=AXIS2_PLACEMENT_3D('',#4240,#1539,#1540);
#1353=AXIS2_PLACEMENT_3D('',#4246,#1544,#1545);
#1354=AXIS2_PLACEMENT_3D('',#4249,#1548,#1549);
#1355=AXIS2_PLACEMENT_3D('',#4255,#1553,#1554);
#1356=AXIS2_PLACEMENT_3D('',#4261,#1558,#1559);
#1357=AXIS2_PLACEMENT_3D('',#4264,#1562,#1563);
#1358=AXIS2_PLACEMENT_3D('',#4266,#1565,#1566);
#1359=AXIS2_PLACEMENT_3D('',#4268,#1568,#1569);
#1360=AXIS2_PLACEMENT_3D('',#4270,#1571,#1572);
#1361=AXIS2_PLACEMENT_3D('',#4272,#1574,#1575);
#1362=AXIS2_PLACEMENT_3D('',#4278,#1579,#1580);
#1363=AXIS2_PLACEMENT_3D('',#4284,#1584,#1585);
#1364=AXIS2_PLACEMENT_3D('',#4287,#1588,#1589);
#1365=AXIS2_PLACEMENT_3D('',#4293,#1593,#1594);
#1366=AXIS2_PLACEMENT_3D('',#4299,#1598,#1599);
#1367=AXIS2_PLACEMENT_3D('',#4302,#1602,#1603);
#1368=AXIS2_PLACEMENT_3D('',#4304,#1605,#1606);
#1369=AXIS2_PLACEMENT_3D('',#4306,#1608,#1609);
#1370=AXIS2_PLACEMENT_3D('',#4308,#1611,#1612);
#1371=AXIS2_PLACEMENT_3D('',#4310,#1614,#1615);
#1372=AXIS2_PLACEMENT_3D('',#4312,#1616,#1617);
#1373=AXIS2_PLACEMENT_3D('',#4313,#1618,#1619);
#1374=AXIS2_PLACEMENT_3D('',#4316,#1621,#1622);
#1375=AXIS2_PLACEMENT_3D('',#4317,#1623,#1624);
#1376=AXIS2_PLACEMENT_3D('',#4319,#1625,#1626);
#1377=AXIS2_PLACEMENT_3D('',#4320,#1627,#1628);
#1378=AXIS2_PLACEMENT_3D('',#4322,#1629,#1630);
#1379=AXIS2_PLACEMENT_3D('',#4324,#1632,#1633);
#1380=AXIS2_PLACEMENT_3D('',#4326,#1634,#1635);
#1381=AXIS2_PLACEMENT_3D('',#4328,#1637,#1638);
#1382=AXIS2_PLACEMENT_3D('',#4331,#1641,#1642);
#1383=AXIS2_PLACEMENT_3D('',#4334,#1645,#1646);
#1384=AXIS2_PLACEMENT_3D('',#4336,#1648,#1649);
#1385=AXIS2_PLACEMENT_3D('',#4448,#1653,#1654);
#1386=AXIS2_PLACEMENT_3D('',#4525,#1657,#1658);
#1387=DIRECTION('axis',(0.,0.,1.));
#1388=DIRECTION('refdir',(1.,0.,0.));
#1389=DIRECTION('center_axis',(4.44089209850063E-16,0.,1.));
#1390=DIRECTION('ref_axis',(0.707106781186548,-0.707106781186547,-3.14018491736756E-16));
#1391=DIRECTION('',(-4.44089209850063E-16,0.,-1.));
#1392=DIRECTION('center_axis',(4.92887671329186E-16,0.,1.));
#1393=DIRECTION('ref_axis',(0.707106781186548,-0.707106781186547,-3.48524214760114E-16));
#1394=DIRECTION('',(4.44089209850063E-16,0.,1.));
#1395=DIRECTION('center_axis',(-4.92887671329186E-16,0.,-1.));
#1396=DIRECTION('ref_axis',(0.707106781186548,-0.707106781186547,-3.48524214760114E-16));
#1397=DIRECTION('',(-4.44089209850063E-16,0.,-1.));
#1398=DIRECTION('center_axis',(1.,0.,-4.44089209850063E-16));
#1399=DIRECTION('ref_axis',(0.,1.,0.));
#1400=DIRECTION('',(0.,1.,0.));
#1401=DIRECTION('',(4.44089209850063E-16,6.12323399573676E-17,1.));
#1402=DIRECTION('',(0.,1.,0.));
#1403=DIRECTION('center_axis',(4.92887671329186E-16,0.,1.));
#1404=DIRECTION('ref_axis',(1.,0.,-4.92887671329186E-16));
#1405=DIRECTION('',(1.,0.,-4.92887671329186E-16));
#1406=DIRECTION('center_axis',(4.92887671329186E-16,0.,1.));
#1407=DIRECTION('ref_axis',(-0.707106781186549,-0.707106781186546,3.48524214760114E-16));
#1408=DIRECTION('',(-3.41607084500048E-16,-1.,1.36642833800019E-15));
#1409=DIRECTION('',(1.,-2.31041095935556E-17,-4.92887671329186E-16));
#1410=DIRECTION('',(0.,-1.,0.));
#1411=DIRECTION('',(1.,0.,-4.92887671329186E-16));
#1412=DIRECTION('',(0.,1.,0.));
#1413=DIRECTION('',(1.,-2.31041095935556E-17,-4.92887671329186E-16));
#1414=DIRECTION('',(-0.999991011204712,0.00423998936060059,0.));
#1415=DIRECTION('center_axis',(-4.92887671329186E-16,0.,-1.));
#1416=DIRECTION('ref_axis',(0.976948356119625,0.213475781940628,-6.7524968360747E-16));
#1417=DIRECTION('',(1.,-2.31041095935556E-17,-4.92887671329186E-16));
#1418=DIRECTION('center_axis',(-2.54836578956129E-14,5.18112540190719E-13,
-1.));
#1419=DIRECTION('ref_axis',(0.985733946641726,-0.168310981335525,-1.12324136754052E-13));
#1420=DIRECTION('center_axis',(-4.92887671329186E-16,0.,-1.));
#1421=DIRECTION('ref_axis',(-1.,-5.68302374212017E-11,4.92887671329186E-16));
#1422=DIRECTION('',(1.,1.0565079234354E-10,-4.92887671329186E-16));
#1423=DIRECTION('',(-1.07418924934529E-10,1.,0.));
#1424=DIRECTION('center_axis',(0.,0.,-1.));
#1425=DIRECTION('ref_axis',(0.0204805153347184,0.999790252248753,0.));
#1426=DIRECTION('',(1.,-2.31041095935556E-17,-4.92887671329186E-16));
#1427=DIRECTION('',(0.,-1.,0.));
#1428=DIRECTION('',(1.,0.,-4.92887671329186E-16));
#1429=DIRECTION('',(0.,1.,0.));
#1430=DIRECTION('',(1.,-2.31041095935556E-17,-4.92887671329186E-16));
#1431=DIRECTION('center_axis',(4.44089209850063E-16,0.,1.));
#1432=DIRECTION('ref_axis',(-0.707106781186549,-0.707106781186546,3.14018491736756E-16));
#1433=DIRECTION('center_axis',(-4.92887671329186E-16,0.,-1.));
#1434=DIRECTION('ref_axis',(-0.707106781186549,-0.707106781186546,3.48524214760114E-16));
#1435=DIRECTION('',(-4.44089209850063E-16,0.,-1.));
#1436=DIRECTION('',(4.44089209850063E-16,0.,1.));
#1437=DIRECTION('',(4.44089209850063E-16,0.,1.));
#1438=DIRECTION('center_axis',(4.92887671329186E-16,0.,1.));
#1439=DIRECTION('ref_axis',(1.,0.,-4.92887671329186E-16));
#1440=DIRECTION('',(-1.,2.31041095935556E-17,4.92887671329186E-16));
#1441=DIRECTION('',(0.,-1.,0.));
#1442=DIRECTION('',(-1.,0.,4.92887671329186E-16));
#1443=DIRECTION('',(0.,1.,0.));
#1444=DIRECTION('',(-1.,2.31041095935556E-17,4.92887671329186E-16));
#1445=DIRECTION('',(1.07520736206977E-10,-1.,0.));
#1446=DIRECTION('',(-1.,-1.0565079234354E-10,4.92887671329186E-16));
#1447=DIRECTION('center_axis',(4.92887671329186E-16,0.,1.));
#1448=DIRECTION('ref_axis',(-1.,-5.68302374212017E-11,4.92887671329186E-16));
#1449=DIRECTION('',(-1.,2.31041095935556E-17,4.92887671329186E-16));
#1450=DIRECTION('center_axis',(-4.92887671329186E-16,0.,-1.));
#1451=DIRECTION('ref_axis',(0.976948356119625,0.213475781940628,-6.7524968360747E-16));
#1452=DIRECTION('',(-0.999991011204712,0.00423998936060058,0.));
#1453=DIRECTION('',(-1.,2.31041095935556E-17,4.92887671329186E-16));
#1454=DIRECTION('',(0.,-1.,0.));
#1455=DIRECTION('',(-1.,0.,4.92887671329186E-16));
#1456=DIRECTION('',(0.,1.,0.));
#1457=DIRECTION('',(-1.,2.31041095935556E-17,4.92887671329186E-16));
#1458=DIRECTION('',(-3.41607084500048E-16,-1.,1.36642833800019E-15));
#1459=DIRECTION('',(1.,0.,-4.92887671329186E-16));
#1460=DIRECTION('center_axis',(0.,-1.,0.));
#1461=DIRECTION('ref_axis',(1.,0.,-4.92887671329186E-16));
#1462=DIRECTION('center_axis',(0.,1.,0.));
#1463=DIRECTION('ref_axis',(-1.,0.,-1.52016946313982E-33));
#1464=DIRECTION('center_axis',(0.,1.,0.));
#1465=DIRECTION('ref_axis',(-1.,0.,-1.52016946313982E-33));
#1466=DIRECTION('center_axis',(0.,1.,0.));
#1467=DIRECTION('ref_axis',(-1.,0.,-1.52016946313982E-33));
#1468=DIRECTION('center_axis',(0.,1.,0.));
#1469=DIRECTION('ref_axis',(-1.,0.,-1.52016946313982E-33));
#1470=DIRECTION('',(0.,1.,0.));
#1471=DIRECTION('center_axis',(0.,1.,0.));
#1472=DIRECTION('ref_axis',(-1.,0.,-1.52016946313982E-33));
#1473=DIRECTION('center_axis',(0.123918872202902,-8.3840610297269E-13,0.992292352642083));
#1474=DIRECTION('ref_axis',(1.05651043469379E-10,-1.,-1.40387701463851E-11));
#1475=DIRECTION('center_axis',(1.0565079234354E-10,-1.,-1.40383679823514E-11));
#1476=DIRECTION('ref_axis',(-1.,-1.0565079234354E-10,6.4692466482563E-27));
#1477=DIRECTION('',(-0.276353555060747,-1.57053137136694E-11,-0.961056040304251));
#1478=DIRECTION('center_axis',(-0.273402497072483,-0.00336720214673779,
-0.961893828103827));
#1479=DIRECTION('ref_axis',(-0.0123149819047841,0.999924167735076,-2.2143745170844E-15));
#1480=DIRECTION('center_axis',(0.323953693182983,-0.0619228203941295,0.944044262197246));
#1481=DIRECTION('ref_axis',(0.745091200236643,0.631613010547749,-0.214252440445211));
#1482=DIRECTION('center_axis',(-0.233970148472023,-0.0714255074745742,-0.969616607998223));
#1483=DIRECTION('ref_axis',(-0.291974119529945,0.956426219592872,1.38777878078145E-17));
#1484=DIRECTION('',(4.44089209850063E-16,0.,1.));
#1485=DIRECTION('',(4.44089209850063E-16,0.,1.));
#1486=DIRECTION('center_axis',(-0.276353555060748,-1.57053137136694E-11,
-0.961056040304251));
#1487=DIRECTION('ref_axis',(-0.679569243124722,-0.707106781261087,0.195411472778538));
#1488=DIRECTION('',(1.05650505087528E-10,-1.,-1.40385532841682E-11));
#1489=DIRECTION('',(4.44089209850063E-16,0.,1.));
#1490=DIRECTION('center_axis',(0.,-0.707106781186546,0.707106781186549));
#1491=DIRECTION('ref_axis',(1.,0.,0.));
#1492=DIRECTION('',(0.,-0.707106781186549,-0.707106781186546));
#1493=DIRECTION('',(-1.,0.,0.));
#1494=DIRECTION('',(0.,0.707106781186549,0.707106781186546));
#1495=DIRECTION('',(1.,0.,0.));
#1496=DIRECTION('center_axis',(0.,0.,-1.));
#1497=DIRECTION('ref_axis',(-1.,0.,0.));
#1498=DIRECTION('',(0.,-1.,0.));
#1499=DIRECTION('',(1.,-2.31041095935556E-17,0.));
#1500=DIRECTION('',(0.,1.,0.));
#1501=DIRECTION('center_axis',(0.,-0.707106781186546,0.707106781186549));
#1502=DIRECTION('ref_axis',(1.,0.,0.));
#1503=DIRECTION('',(0.,-0.707106781186549,-0.707106781186546));
#1504=DIRECTION('',(-1.,0.,0.));
#1505=DIRECTION('',(0.,0.707106781186549,0.707106781186546));
#1506=DIRECTION('',(1.,0.,0.));
#1507=DIRECTION('center_axis',(0.,0.,-1.));
#1508=DIRECTION('ref_axis',(-1.,0.,0.));
#1509=DIRECTION('',(0.,-1.,0.));
#1510=DIRECTION('',(1.,-2.31041095935556E-17,0.));
#1511=DIRECTION('',(0.,1.,0.));
#1512=DIRECTION('center_axis',(0.,-0.707106781186546,-0.707106781186549));
#1513=DIRECTION('ref_axis',(-1.,0.,0.));
#1514=DIRECTION('',(0.,-0.707106781186549,0.707106781186546));
#1515=DIRECTION('',(1.,0.,0.));
#1516=DIRECTION('',(0.,0.707106781186549,-0.707106781186546));
#1517=DIRECTION('',(-1.,0.,0.));
#1518=DIRECTION('center_axis',(0.,0.,1.));
#1519=DIRECTION('ref_axis',(1.,0.,0.));
#1520=DIRECTION('',(0.,-1.,0.));
#1521=DIRECTION('',(-1.,2.31041095935556E-17,0.));
#1522=DIRECTION('',(0.,1.,0.));
#1523=DIRECTION('center_axis',(0.,-0.707106781186546,-0.707106781186549));
#1524=DIRECTION('ref_axis',(-1.,0.,0.));
#1525=DIRECTION('',(0.,-0.707106781186549,0.707106781186546));
#1526=DIRECTION('',(1.,0.,0.));
#1527=DIRECTION('',(0.,0.707106781186549,-0.707106781186546));
#1528=DIRECTION('',(-1.,0.,0.));
#1529=DIRECTION('center_axis',(0.,0.,1.));
#1530=DIRECTION('ref_axis',(1.,0.,0.));
#1531=DIRECTION('',(0.,-1.,0.));
#1532=DIRECTION('',(-1.,2.31041095935556E-17,0.));
#1533=DIRECTION('',(0.,1.,0.));
#1534=DIRECTION('center_axis',(0.,-1.,0.));
#1535=DIRECTION('ref_axis',(-1.,0.,4.92887671329186E-16));
#1536=DIRECTION('',(0.,0.,-1.));
#1537=DIRECTION('',(-1.,0.,4.92887671329186E-16));
#1538=DIRECTION('',(0.,0.,-1.));
#1539=DIRECTION('center_axis',(0.,1.,0.));
#1540=DIRECTION('ref_axis',(1.,0.,-4.92887671329186E-16));
#1541=DIRECTION('',(0.,0.,-1.));
#1542=DIRECTION('',(1.,0.,-4.92887671329186E-16));
#1543=DIRECTION('',(0.,0.,-1.));
#1544=DIRECTION('center_axis',(0.,0.,-1.));
#1545=DIRECTION('ref_axis',(-1.,0.,0.));
#1546=DIRECTION('',(0.,1.,0.));
#1547=DIRECTION('',(0.,-1.,0.));
#1548=DIRECTION('center_axis',(0.,-1.,0.));
#1549=DIRECTION('ref_axis',(-1.,0.,4.92887671329186E-16));
#1550=DIRECTION('',(0.,0.,-1.));
#1551=DIRECTION('',(-1.,0.,4.92887671329186E-16));
#1552=DIRECTION('',(0.,0.,-1.));
#1553=DIRECTION('center_axis',(0.,1.,0.));
#1554=DIRECTION('ref_axis',(1.,0.,-4.92887671329186E-16));
#1555=DIRECTION('',(0.,0.,-1.));
#1556=DIRECTION('',(1.,0.,-4.92887671329186E-16));
#1557=DIRECTION('',(0.,0.,-1.));
#1558=DIRECTION('center_axis',(0.,0.,-1.));
#1559=DIRECTION('ref_axis',(-1.,0.,0.));
#1560=DIRECTION('',(0.,1.,0.));
#1561=DIRECTION('',(0.,-1.,0.));
#1562=DIRECTION('center_axis',(1.,0.,0.));
#1563=DIRECTION('ref_axis',(0.,-1.,0.));
#1564=DIRECTION('',(0.,6.12323399573677E-17,1.));
#1565=DIRECTION('center_axis',(-1.,0.,0.));
#1566=DIRECTION('ref_axis',(0.,1.,0.));
#1567=DIRECTION('',(0.,-6.12323399573677E-17,-1.));
#1568=DIRECTION('center_axis',(1.,0.,0.));
#1569=DIRECTION('ref_axis',(0.,-1.,0.));
#1570=DIRECTION('',(0.,6.12323399573677E-17,1.));
#1571=DIRECTION('center_axis',(-1.,0.,0.));
#1572=DIRECTION('ref_axis',(0.,1.,0.));
#1573=DIRECTION('',(0.,-6.12323399573677E-17,-1.));
#1574=DIRECTION('center_axis',(0.,1.,0.));
#1575=DIRECTION('ref_axis',(-1.,0.,0.));
#1576=DIRECTION('',(0.,0.,1.));
#1577=DIRECTION('',(-1.,0.,0.));
#1578=DIRECTION('',(0.,0.,1.));
#1579=DIRECTION('center_axis',(0.,-1.,0.));
#1580=DIRECTION('ref_axis',(1.,0.,0.));
#1581=DIRECTION('',(0.,0.,1.));
#1582=DIRECTION('',(1.,0.,0.));
#1583=DIRECTION('',(0.,0.,1.));
#1584=DIRECTION('center_axis',(0.,0.,1.));
#1585=DIRECTION('ref_axis',(1.,0.,0.));
#1586=DIRECTION('',(0.,-1.,0.));
#1587=DIRECTION('',(0.,1.,0.));
#1588=DIRECTION('center_axis',(0.,1.,0.));
#1589=DIRECTION('ref_axis',(-1.,0.,0.));
#1590=DIRECTION('',(0.,0.,1.));
#1591=DIRECTION('',(-1.,0.,0.));
#1592=DIRECTION('',(0.,0.,1.));
#1593=DIRECTION('center_axis',(0.,-1.,0.));
#1594=DIRECTION('ref_axis',(1.,0.,0.));
#1595=DIRECTION('',(0.,0.,1.));
#1596=DIRECTION('',(1.,0.,0.));
#1597=DIRECTION('',(0.,0.,1.));
#1598=DIRECTION('center_axis',(0.,0.,1.));
#1599=DIRECTION('ref_axis',(1.,0.,0.));
#1600=DIRECTION('',(0.,-1.,0.));
#1601=DIRECTION('',(0.,1.,0.));
#1602=DIRECTION('center_axis',(-1.,0.,0.));
#1603=DIRECTION('ref_axis',(0.,-1.,0.));
#1604=DIRECTION('',(0.,-6.12323399573677E-17,-1.));
#1605=DIRECTION('center_axis',(1.,0.,0.));
#1606=DIRECTION('ref_axis',(0.,1.,0.));
#1607=DIRECTION('',(0.,6.12323399573677E-17,1.));
#1608=DIRECTION('center_axis',(-1.,0.,0.));
#1609=DIRECTION('ref_axis',(0.,-1.,0.));
#1610=DIRECTION('',(0.,-6.12323399573677E-17,-1.));
#1611=DIRECTION('center_axis',(1.,0.,0.));
#1612=DIRECTION('ref_axis',(0.,1.,0.));
#1613=DIRECTION('',(0.,6.12323399573677E-17,1.));
#1614=DIRECTION('center_axis',(0.,-1.,0.));
#1615=DIRECTION('ref_axis',(0.,0.,-1.));
#1616=DIRECTION('center_axis',(0.,-1.,0.));
#1617=DIRECTION('ref_axis',(-1.,0.,-1.52016946313982E-33));
#1618=DIRECTION('center_axis',(0.,1.,0.));
#1619=DIRECTION('ref_axis',(-1.,0.,-1.52016946313982E-33));
#1620=DIRECTION('',(0.,1.,0.));
#1621=DIRECTION('center_axis',(0.,1.,0.));
#1622=DIRECTION('ref_axis',(-1.,0.,-1.52016946313982E-33));
#1623=DIRECTION('center_axis',(0.,-1.,0.));
#1624=DIRECTION('ref_axis',(0.,0.,-1.));
#1625=DIRECTION('center_axis',(0.,-1.,0.));
#1626=DIRECTION('ref_axis',(-1.,0.,-1.52016946313982E-33));
#1627=DIRECTION('center_axis',(0.,-1.,0.));
#1628=DIRECTION('ref_axis',(-1.,0.,-1.52016946313982E-33));
#1629=DIRECTION('center_axis',(-2.31041095935556E-17,-1.,6.12323399573677E-17));
#1630=DIRECTION('ref_axis',(-1.,2.31041095935556E-17,-2.9348881561847E-33));
#1631=DIRECTION('',(0.,-1.,0.));
#1632=DIRECTION('center_axis',(0.,-1.,0.));
#1633=DIRECTION('ref_axis',(-1.,0.,-1.52016946313982E-33));
#1634=DIRECTION('center_axis',(-2.31041095935556E-17,-1.,6.12323399573677E-17));
#1635=DIRECTION('ref_axis',(-1.,2.31041095935556E-17,-2.9348881561847E-33));
#1636=DIRECTION('',(0.,-1.,0.));
#1637=DIRECTION('center_axis',(-2.31041095935556E-17,-1.,6.12323399573677E-17));
#1638=DIRECTION('ref_axis',(0.,-6.12323399573677E-17,-1.));
#1639=DIRECTION('',(0.,0.,1.));
#1640=DIRECTION('',(-4.44089209850063E-16,-6.12323399573676E-17,-1.));
#1641=DIRECTION('center_axis',(-2.31041095935556E-17,-1.,6.12323399573677E-17));
#1642=DIRECTION('ref_axis',(0.,-6.12323399573677E-17,-1.));
#1643=DIRECTION('',(-4.9960036108132E-16,0.,-1.));
#1644=DIRECTION('',(4.44089209850063E-16,0.,1.));
#1645=DIRECTION('center_axis',(-2.31041095935556E-17,-1.,6.12323399573677E-17));
#1646=DIRECTION('ref_axis',(0.,-6.12323399573677E-17,-1.));
#1647=DIRECTION('',(0.,0.,-1.));
#1648=DIRECTION('center_axis',(-1.,3.41607084500049E-16,4.44089209850063E-16));
#1649=DIRECTION('ref_axis',(-3.41607084500048E-16,-1.,1.36642833800019E-15));
#1650=DIRECTION('',(4.44089209850063E-16,0.,1.));
#1651=DIRECTION('',(4.44089209850063E-16,0.,1.));
#1652=DIRECTION('',(4.44089209850063E-16,0.,1.));
#1653=DIRECTION('center_axis',(0.0042399893612548,0.999991011204709,-1.88293352521231E-18));
#1654=DIRECTION('ref_axis',(-0.999991011204709,0.0042399893612548,-1.80555932286303E-35));
#1655=DIRECTION('',(4.44089209850063E-16,0.,1.));
#1656=DIRECTION('',(4.44089209850063E-16,0.,1.));
#1657=DIRECTION('center_axis',(4.99600361081325E-16,-1.43381028224297E-29,
1.));
#1658=DIRECTION('ref_axis',(0.976948356119625,0.213475781940628,-6.7524968360747E-16));
#1659=DIRECTION('',(4.44089209850063E-16,0.,1.));
#1660=CARTESIAN_POINT('',(0.,0.,0.));
#1661=CARTESIAN_POINT('Origin',(33.6091275135026,-9.,25.));
#1662=CARTESIAN_POINT('',(33.6091275135026,-12.,37.3176272518543));
#1663=CARTESIAN_POINT('',(34.4117295669099,-11.8906452469763,35.0873706931333));
#1664=CARTESIAN_POINT('Ctrl Pts',(33.6091275135014,-12.,37.3176272518556));
#1665=CARTESIAN_POINT('Ctrl Pts',(33.7727520436619,-12.0000000000001,37.1197305256064));
#1666=CARTESIAN_POINT('Ctrl Pts',(33.9159658584606,-11.9866190441773,36.9017159055966));
#1667=CARTESIAN_POINT('Ctrl Pts',(34.2829999965926,-11.9341997938479,36.1779526809763));
#1668=CARTESIAN_POINT('Ctrl Pts',(34.4117295669099,-11.8906452469763,35.6214969269375));
#1669=CARTESIAN_POINT('Ctrl Pts',(34.4117295669099,-11.8906452469763,35.0873706931333));
#1670=CARTESIAN_POINT('',(33.6091275135026,-12.,32.8571141344124));
#1671=CARTESIAN_POINT('Ctrl Pts',(34.4117295669099,-11.8906452469763,35.0873706931333));
#1672=CARTESIAN_POINT('Ctrl Pts',(34.4117295669099,-11.8906452469763,34.5532444593291));
#1673=CARTESIAN_POINT('Ctrl Pts',(34.2829999965926,-11.9341997938479,33.9967887052903));
#1674=CARTESIAN_POINT('Ctrl Pts',(33.9159658584606,-11.9866190441773,33.2730254806701));
#1675=CARTESIAN_POINT('Ctrl Pts',(33.7727520436619,-12.0000000000001,33.0550108606602));
#1676=CARTESIAN_POINT('Ctrl Pts',(33.6091275135015,-12.,32.857114134411));
#1677=CARTESIAN_POINT('',(33.6091275135026,-12.,25.));
#1678=CARTESIAN_POINT('',(33.6091275135026,-12.,25.));
#1679=CARTESIAN_POINT('',(36.6091275135026,-9.,25.));
#1680=CARTESIAN_POINT('Origin',(33.6091275135026,-9.,25.));
#1681=CARTESIAN_POINT('',(36.6091275135026,-9.,45.));
#1682=CARTESIAN_POINT('',(36.6091275135026,-9.,25.));
#1683=CARTESIAN_POINT('',(33.6091275135026,-12.,45.));
#1684=CARTESIAN_POINT('Origin',(33.6091275135026,-9.,45.));
#1685=CARTESIAN_POINT('',(33.6091275135026,-12.,25.));
#1686=CARTESIAN_POINT('Origin',(36.6091275135026,-12.,25.));
#1687=CARTESIAN_POINT('',(36.6091275135026,1.,25.));
#1688=CARTESIAN_POINT('',(36.6091275135026,-12.,25.));
#1689=CARTESIAN_POINT('',(36.6091275135026,1.,45.));
#1690=CARTESIAN_POINT('',(36.6091275135026,1.,30.0000000001227));
#1691=CARTESIAN_POINT('',(36.6091275135026,-12.,45.));
#1692=CARTESIAN_POINT('Origin',(0.569337055569368,1.,25.));
#1693=CARTESIAN_POINT('',(-32.4704534023638,-12.,25.));
#1694=CARTESIAN_POINT('',(-35.4704534023638,-12.,25.));
#1695=CARTESIAN_POINT('',(-35.4704534023638,-9.,25.));
#1696=CARTESIAN_POINT('Origin',(-32.4704534023638,-9.,25.));
#1697=CARTESIAN_POINT('',(-35.4704534023638,1.,25.));
#1698=CARTESIAN_POINT('',(-35.4704534023638,14.,25.));
#1699=CARTESIAN_POINT('',(-32.15,1.,25.));
#1700=CARTESIAN_POINT('',(0.569337055569368,1.,25.));
#1701=CARTESIAN_POINT('',(-32.15,-7.15,25.));
#1702=CARTESIAN_POINT('',(-32.15,2.95,25.));
#1703=CARTESIAN_POINT('',(-26.85,-7.15,25.));
#1704=CARTESIAN_POINT('',(-15.7903314722153,-7.15,25.));
#1705=CARTESIAN_POINT('',(-26.85,1.,25.));
#1706=CARTESIAN_POINT('',(-26.85,-0.949999999999999,25.));
#1707=CARTESIAN_POINT('',(-21.391217833529,1.,24.9999999997257));
#1708=CARTESIAN_POINT('',(0.569337055569368,1.,25.));
#1709=CARTESIAN_POINT('',(-21.4704534023638,0.876525530349993,24.9999999997188));
#1710=CARTESIAN_POINT('Ctrl Pts',(-21.4704534023638,0.876525530349995,24.9999999997188));
#1711=CARTESIAN_POINT('Ctrl Pts',(-21.4442004854653,0.917827543657416,24.9999999997188));
#1712=CARTESIAN_POINT('Ctrl Pts',(-21.4177882038325,0.958984691739647,24.9999999997213));
#1713=CARTESIAN_POINT('Ctrl Pts',(-21.3912178335268,1.00000000000337,24.9999999997257));
#1714=CARTESIAN_POINT('',(-12.6119796709443,-7.79126126925867,25.));
#1715=CARTESIAN_POINT('Ctrl Pts',(-12.6119796709443,-7.79126126925867,25.));
#1716=CARTESIAN_POINT('Ctrl Pts',(-12.8929152567217,-7.77423983098813,25.));
#1717=CARTESIAN_POINT('Ctrl Pts',(-13.2037498007628,-7.75332916934802,25.0000000000076));
#1718=CARTESIAN_POINT('Ctrl Pts',(-13.551748452411,-7.72776938581775,25.0000000000127));
#1719=CARTESIAN_POINT('Ctrl Pts',(-13.7262201035383,-7.71495480273283,25.0000000000152));
#1720=CARTESIAN_POINT('Ctrl Pts',(-13.9100339841176,-7.70097153382338,25.0000000000171));
#1721=CARTESIAN_POINT('Ctrl Pts',(-14.104110751064,-7.68572319670793,25.0000000000171));
#1722=CARTESIAN_POINT('Ctrl Pts',(-14.16762978581,-7.68073259597661,25.0000000000171));
#1723=CARTESIAN_POINT('Ctrl Pts',(-14.2298795716649,-7.67578866320763,25.0000000000169));
#1724=CARTESIAN_POINT('Ctrl Pts',(-14.2911890909049,-7.67087543795294,25.0000000000165));
#1725=CARTESIAN_POINT('Ctrl Pts',(-14.5330883310515,-7.65149010480221,25.0000000000149));
#1726=CARTESIAN_POINT('Ctrl Pts',(-14.7603559190604,-7.63258256748617,25.0000000000105));
#1727=CARTESIAN_POINT('Ctrl Pts',(-14.9931397914209,-7.6131748298851,25.0000000000067));
#1728=CARTESIAN_POINT('Ctrl Pts',(-15.2042841390312,-7.59557123023356,25.0000000000032));
#1729=CARTESIAN_POINT('Ctrl Pts',(-15.4199602481878,-7.57755641673025,25.0000000000001));
#1730=CARTESIAN_POINT('Ctrl Pts',(-15.6552073936363,-7.55839990700202,24.9999999999997));
#1731=CARTESIAN_POINT('Ctrl Pts',(-15.6685751275842,-7.55731135340903,24.9999999999997));
#1732=CARTESIAN_POINT('Ctrl Pts',(-15.682006071819,-7.55621911241582,24.9999999999997));
#1733=CARTESIAN_POINT('Ctrl Pts',(-15.6955029924436,-7.55512304962634,24.9999999999997));
#1734=CARTESIAN_POINT('Ctrl Pts',(-16.5433209496863,-7.48627314370809,24.9999999999997));
#1735=CARTESIAN_POINT('Ctrl Pts',(-17.292013870095,-7.43151976610211,25.000000000002));
#1736=CARTESIAN_POINT('Ctrl Pts',(-18.151799901476,-7.36064854734386,25.000000000002));
#1737=CARTESIAN_POINT('Ctrl Pts',(-18.3359904640976,-7.34546592145752,25.000000000002));
#1738=CARTESIAN_POINT('Ctrl Pts',(-18.5269453627144,-7.32944001519282,25.0000000000015));
#1739=CARTESIAN_POINT('Ctrl Pts',(-18.7219886169291,-7.31128092747393,25.000000000001));
#1740=CARTESIAN_POINT('Ctrl Pts',(-18.8195102440364,-7.30220138361449,25.0000000000007));
#1741=CARTESIAN_POINT('Ctrl Pts',(-18.9180537205107,-7.29258866688419,25.0000000000005));
#1742=CARTESIAN_POINT('Ctrl Pts',(-19.0172841090747,-7.28228277547207,25.0000000000003));
#1743=CARTESIAN_POINT('Ctrl Pts',(-19.0727516613272,-7.27652201429112,25.0000000000002));
#1744=CARTESIAN_POINT('Ctrl Pts',(-19.1284338461716,-7.27054468549379,25.0000000000001));
#1745=CARTESIAN_POINT('Ctrl Pts',(-19.1842722423064,-7.26432301487895,25.0000000000001));
#1746=CARTESIAN_POINT('Ctrl Pts',(-19.2214233716657,-7.26018353190948,25.));
#1747=CARTESIAN_POINT('Ctrl Pts',(-19.2586436521676,-7.25593588927557,25.));
#1748=CARTESIAN_POINT('Ctrl Pts',(-19.2959159022823,-7.2515719425603,25.));
#1749=CARTESIAN_POINT('Ctrl Pts',(-19.3028427074589,-7.25076093145673,25.));
#1750=CARTESIAN_POINT('Ctrl Pts',(-19.3097712793147,-7.2499459068959,25.));
#1751=CARTESIAN_POINT('Ctrl Pts',(-19.3167015941514,-7.24912680649526,25.));
#1752=CARTESIAN_POINT('Ctrl Pts',(-19.5219674343805,-7.22486624461162,25.));
#1753=CARTESIAN_POINT('Ctrl Pts',(-19.7140125805653,-7.19892407682437,25.));
#1754=CARTESIAN_POINT('Ctrl Pts',(-19.8944258211003,-7.1709429265853,25.));
#1755=CARTESIAN_POINT('Ctrl Pts',(-20.0949836166747,-7.13983746119405,25.));
#1756=CARTESIAN_POINT('Ctrl Pts',(-20.281167081968,-7.10621186862784,25.));
#1757=CARTESIAN_POINT('Ctrl Pts',(-20.4552263049222,-7.06958166293182,25.));
#1758=CARTESIAN_POINT('Ctrl Pts',(-20.6453403770827,-7.02957276566829,25.));
#1759=CARTESIAN_POINT('Ctrl Pts',(-20.8209916172797,-6.98597874724009,25.));
#1760=CARTESIAN_POINT('Ctrl Pts',(-20.9851773631997,-6.93818422250509,25.));
#1761=CARTESIAN_POINT('Ctrl Pts',(-21.0986182140261,-6.90516155345179,25.));
#1762=CARTESIAN_POINT('Ctrl Pts',(-21.2065870719302,-6.87013396830915,25.));
#1763=CARTESIAN_POINT('Ctrl Pts',(-21.310082751867,-6.83290497586987,25.));
#1764=CARTESIAN_POINT('Ctrl Pts',(-21.3618305918355,-6.81429047965023,25.));
#1765=CARTESIAN_POINT('Ctrl Pts',(-21.4124602197807,-6.79512572430504,25.));
#1766=CARTESIAN_POINT('Ctrl Pts',(-21.4620967432032,-6.77538675393275,25.));
#1767=CARTESIAN_POINT('Ctrl Pts',(-21.4869150049145,-6.76551726874661,25.));
#1768=CARTESIAN_POINT('Ctrl Pts',(-21.5114849912203,-6.75550423651028,25.));
#1769=CARTESIAN_POINT('Ctrl Pts',(-21.5358223374601,-6.74534470450361,25.));
#1770=CARTESIAN_POINT('Ctrl Pts',(-21.5531048080331,-6.73813020333285,25.));
#1771=CARTESIAN_POINT('Ctrl Pts',(-21.5702699645719,-6.73084182695422,25.));
#1772=CARTESIAN_POINT('Ctrl Pts',(-21.5873234033279,-6.72347852695989,25.));
#1773=CARTESIAN_POINT('Ctrl Pts',(-21.5942847859386,-6.72047275497038,25.));
#1774=CARTESIAN_POINT('Ctrl Pts',(-21.6012271509574,-6.71745467396249,25.));
#1775=CARTESIAN_POINT('Ctrl Pts',(-21.6081521401726,-6.71442366060004,25.));
#1776=CARTESIAN_POINT('Ctrl Pts',(-21.6625150505667,-6.69062944190809,25.));
#1777=CARTESIAN_POINT('Ctrl Pts',(-21.7213062551431,-6.66395958424735,25.));
#1778=CARTESIAN_POINT('Ctrl Pts',(-21.7835295198226,-6.63371411282781,25.));
#1779=CARTESIAN_POINT('Ctrl Pts',(-21.8516694492968,-6.60059267022821,25.));
#1780=CARTESIAN_POINT('Ctrl Pts',(-21.9239243969199,-6.56318188763992,25.));
#1781=CARTESIAN_POINT('Ctrl Pts',(-21.9989255103956,-6.52057901127649,25.));
#1782=CARTESIAN_POINT('Ctrl Pts',(-22.0739252688095,-6.47797690462869,25.));
#1783=CARTESIAN_POINT('Ctrl Pts',(-22.1516691777673,-6.43018155620009,25.));
#1784=CARTESIAN_POINT('Ctrl Pts',(-22.2307528978662,-6.3763269881852,25.));
#1785=CARTESIAN_POINT('Ctrl Pts',(-22.3036480276263,-6.32668673708541,25.));
#1786=CARTESIAN_POINT('Ctrl Pts',(-22.377679951265,-6.27189807621217,25.));
#1787=CARTESIAN_POINT('Ctrl Pts',(-22.4517433297705,-6.21132512932152,25.));
#1788=CARTESIAN_POINT('Ctrl Pts',(-22.4933771160596,-6.17727481759343,25.));
#1789=CARTESIAN_POINT('Ctrl Pts',(-22.5350208631844,-6.14139749282825,25.));
#1790=CARTESIAN_POINT('Ctrl Pts',(-22.5764798667022,-6.10358745378426,25.));
#1791=CARTESIAN_POINT('Ctrl Pts',(-22.6110787116236,-6.07203378470501,25.));
#1792=CARTESIAN_POINT('Ctrl Pts',(-22.6450922635141,-6.03937639266459,25.));
#1793=CARTESIAN_POINT('Ctrl Pts',(-22.6784184664628,-6.00563722061075,25.));
#1794=CARTESIAN_POINT('Ctrl Pts',(-22.7605993845447,-5.92243793928314,25.));
#1795=CARTESIAN_POINT('Ctrl Pts',(-22.8386016083959,-5.8326640749064,25.));
#1796=CARTESIAN_POINT('Ctrl Pts',(-22.9108841757805,-5.73661251794445,25.));
#1797=CARTESIAN_POINT('Ctrl Pts',(-22.9645603142581,-5.66528582246254,25.));
#1798=CARTESIAN_POINT('Ctrl Pts',(-23.0150824485831,-5.59049630707179,25.));
#1799=CARTESIAN_POINT('Ctrl Pts',(-23.0618082322887,-5.51234952374872,25.));
#1800=CARTESIAN_POINT('Ctrl Pts',(-23.094026481143,-5.45846594357968,25.));
#1801=CARTESIAN_POINT('Ctrl Pts',(-23.1244396015448,-5.40298592155173,25.));
#1802=CARTESIAN_POINT('Ctrl Pts',(-23.1528325793488,-5.3459406545871,25.));
#1803=CARTESIAN_POINT('Ctrl Pts',(-23.1617092523466,-5.3281062384713,25.));
#1804=CARTESIAN_POINT('Ctrl Pts',(-23.1703884443133,-5.3101188092696,25.));
#1805=CARTESIAN_POINT('Ctrl Pts',(-23.1788634876292,-5.29197928175653,25.));
#1806=CARTESIAN_POINT('Ctrl Pts',(-23.2318350005284,-5.17860190068281,25.));
#1807=CARTESIAN_POINT('Ctrl Pts',(-23.2752988644661,-5.06283953391295,25.));
#1808=CARTESIAN_POINT('Ctrl Pts',(-23.3100037746315,-4.94636579398172,25.));
#1809=CARTESIAN_POINT('Ctrl Pts',(-23.3298957745879,-4.87960591422406,25.));
#1810=CARTESIAN_POINT('Ctrl Pts',(-23.3469109106991,-4.8126125816807,25.));
#1811=CARTESIAN_POINT('Ctrl Pts',(-23.3611952867041,-4.74570166486382,25.));
#1812=CARTESIAN_POINT('Ctrl Pts',(-23.3705665758805,-4.70180464406798,25.));
#1813=CARTESIAN_POINT('Ctrl Pts',(-23.3787626086228,-4.65794309967017,25.));
#1814=CARTESIAN_POINT('Ctrl Pts',(-23.3858253904767,-4.61420609339126,25.));
#1815=CARTESIAN_POINT('Ctrl Pts',(-23.3867793831157,-4.60829839541817,25.));
#1816=CARTESIAN_POINT('Ctrl Pts',(-23.3877127004665,-4.60239297067363,25.));
#1817=CARTESIAN_POINT('Ctrl Pts',(-23.3886254474307,-4.59649003431716,25.));
#1818=CARTESIAN_POINT('Ctrl Pts',(-23.4205025189575,-4.39033396716576,25.));
#1819=CARTESIAN_POINT('Ctrl Pts',(-23.4283061320261,-4.19345366485305,25.));
#1820=CARTESIAN_POINT('Ctrl Pts',(-23.4214362515244,-4.00710885310656,25.));
#1821=CARTESIAN_POINT('Ctrl Pts',(-23.4153538185495,-3.84212347564672,25.));
#1822=CARTESIAN_POINT('Ctrl Pts',(-23.3977705849212,-3.6853968181718,25.));
#1823=CARTESIAN_POINT('Ctrl Pts',(-23.3752374672213,-3.53779833226349,25.));
#1824=CARTESIAN_POINT('Ctrl Pts',(-23.3692674460703,-3.49869295437192,25.));
#1825=CARTESIAN_POINT('Ctrl Pts',(-23.3628495036884,-3.45988655669818,25.));
#1826=CARTESIAN_POINT('Ctrl Pts',(-23.3560259285174,-3.42138875612125,25.));
#1827=CARTESIAN_POINT('Ctrl Pts',(-23.3305571795707,-3.27769709986784,25.));
#1828=CARTESIAN_POINT('Ctrl Pts',(-23.2994400960374,-3.13830269269675,25.));
#1829=CARTESIAN_POINT('Ctrl Pts',(-23.2648467026049,-3.00371087227869,25.));
#1830=CARTESIAN_POINT('Ctrl Pts',(-23.2390453907598,-2.90332622695109,25.));
#1831=CARTESIAN_POINT('Ctrl Pts',(-23.2113091437447,-2.80561345897876,25.));
#1832=CARTESIAN_POINT('Ctrl Pts',(-23.1825310577019,-2.71079019507874,25.));
#1833=CARTESIAN_POINT('Ctrl Pts',(-23.1796647710186,-2.70134583320667,25.));
#1834=CARTESIAN_POINT('Ctrl Pts',(-23.1767881468308,-2.69193014124578,25.));
#1835=CARTESIAN_POINT('Ctrl Pts',(-23.1739020672756,-2.68254334095014,25.));
#1836=CARTESIAN_POINT('Ctrl Pts',(-23.1300090335366,-2.53978388674986,25.));
#1837=CARTESIAN_POINT('Ctrl Pts',(-23.0827937115791,-2.40019869583886,25.));
#1838=CARTESIAN_POINT('Ctrl Pts',(-23.0343553616225,-2.26598836001399,25.));
#1839=CARTESIAN_POINT('Ctrl Pts',(-22.9945571736895,-2.15571771346034,25.));
#1840=CARTESIAN_POINT('Ctrl Pts',(-22.9539324282459,-2.04907533295212,25.));
#1841=CARTESIAN_POINT('Ctrl Pts',(-22.9136555623586,-1.94731677206481,25.));
#1842=CARTESIAN_POINT('Ctrl Pts',(-22.8759288650574,-1.85200115254385,25.));
#1843=CARTESIAN_POINT('Ctrl Pts',(-22.8385068370095,-1.76097008017308,25.));
#1844=CARTESIAN_POINT('Ctrl Pts',(-22.8023738366901,-1.67529342631334,25.));
#1845=CARTESIAN_POINT('Ctrl Pts',(-22.7689262884038,-1.59598437387781,25.));
#1846=CARTESIAN_POINT('Ctrl Pts',(-22.7365830374991,-1.52126332330748,25.));
#1847=CARTESIAN_POINT('Ctrl Pts',(-22.7061470691954,-1.4520156962169,25.));
#1848=CARTESIAN_POINT('Ctrl Pts',(-22.6763963926798,-1.38432723851826,25.));
#1849=CARTESIAN_POINT('Ctrl Pts',(-22.6484677222957,-1.32186815713601,25.));
#1850=CARTESIAN_POINT('Ctrl Pts',(-22.6231376059241,-1.26550557198864,25.));
#1851=CARTESIAN_POINT('Ctrl Pts',(-22.618874072115,-1.25601869147772,25.));
#1852=CARTESIAN_POINT('Ctrl Pts',(-22.614604204549,-1.24653967791153,25.));
#1853=CARTESIAN_POINT('Ctrl Pts',(-22.6103314433084,-1.23707613269172,24.9999999999999));
#1854=CARTESIAN_POINT('Ctrl Pts',(-22.545403162038,-1.09326942521333,24.9999999999985));
#1855=CARTESIAN_POINT('Ctrl Pts',(-22.4795694189798,-0.952499025730424,
24.9999999999874));
#1856=CARTESIAN_POINT('Ctrl Pts',(-22.4126206171545,-0.814144393507978,
24.9999999999704));
#1857=CARTESIAN_POINT('Ctrl Pts',(-22.3408354495309,-0.665795054986429,
24.9999999999522));
#1858=CARTESIAN_POINT('Ctrl Pts',(-22.2677689630462,-0.520223471857908,
24.9999999999273));
#1859=CARTESIAN_POINT('Ctrl Pts',(-22.1931388277765,-0.376722138381998,
24.9999999999003));
#1860=CARTESIAN_POINT('Ctrl Pts',(-22.1172174337151,-0.230737929083965,
24.9999999998729));
#1861=CARTESIAN_POINT('Ctrl Pts',(-22.0396783765451,-0.0868971880899311,
24.9999999998432));
#1862=CARTESIAN_POINT('Ctrl Pts',(-21.9601912349635,0.055498494755269,24.999999999816));
#1863=CARTESIAN_POINT('Ctrl Pts',(-21.8801791013922,0.198834664217374,24.9999999997886));
#1864=CARTESIAN_POINT('Ctrl Pts',(-21.7981936280084,0.340705562816819,24.9999999997636));
#1865=CARTESIAN_POINT('Ctrl Pts',(-21.7138560305639,0.481792296988401,24.9999999997458));
#1866=CARTESIAN_POINT('Ctrl Pts',(-21.634900144949,0.613876069618642,24.9999999997292));
#1867=CARTESIAN_POINT('Ctrl Pts',(-21.5538827428961,0.745271554031541,24.9999999997188));
#1868=CARTESIAN_POINT('Ctrl Pts',(-21.4704534023638,0.876525530349993,24.9999999997188));
#1869=CARTESIAN_POINT('',(-9.92387387500645,-7.80265891168469,25.));
#1870=CARTESIAN_POINT('',(-9.92387387500645,-7.80265891168469,25.));
#1871=CARTESIAN_POINT('',(1.55872319715769,-0.402640201837459,25.));
#1872=CARTESIAN_POINT('Ctrl Pts',(1.55872775154247,-0.402639298875645,25.));
#1873=CARTESIAN_POINT('Ctrl Pts',(1.59972809171131,-0.609233686582905,25.));
#1874=CARTESIAN_POINT('Ctrl Pts',(1.63196633650304,-0.823646463922052,25.));
#1875=CARTESIAN_POINT('Ctrl Pts',(1.64877206065401,-1.04677124732256,25.));
#1876=CARTESIAN_POINT('Ctrl Pts',(1.65627727170279,-1.14641578358835,25.));
#1877=CARTESIAN_POINT('Ctrl Pts',(1.6607041299246,-1.24779810500358,25.));
#1878=CARTESIAN_POINT('Ctrl Pts',(1.66145518284933,-1.35099920813664,25.));
#1879=CARTESIAN_POINT('Ctrl Pts',(1.66179015983182,-1.39702791394267,25.));
#1880=CARTESIAN_POINT('Ctrl Pts',(1.661437544439,-1.44306635991979,25.));
#1881=CARTESIAN_POINT('Ctrl Pts',(1.66040106130179,-1.48909358065929,25.));
#1882=CARTESIAN_POINT('Ctrl Pts',(1.65491621891299,-1.73265958022827,25.));
#1883=CARTESIAN_POINT('Ctrl Pts',(1.63028449734915,-1.97591059458261,25.));
#1884=CARTESIAN_POINT('Ctrl Pts',(1.58703227764972,-2.21576522516143,25.));
#1885=CARTESIAN_POINT('Ctrl Pts',(1.56540616780001,-2.33569254045084,25.));
#1886=CARTESIAN_POINT('Ctrl Pts',(1.53912426567657,-2.45477104746238,25.));
#1887=CARTESIAN_POINT('Ctrl Pts',(1.50824847000358,-2.57261660459203,25.));
#1888=CARTESIAN_POINT('Ctrl Pts',(1.49281057216708,-2.63153938315686,25.));
#1889=CARTESIAN_POINT('Ctrl Pts',(1.47622416119981,-2.69015392940278,25.));
#1890=CARTESIAN_POINT('Ctrl Pts',(1.45849673929486,-2.74841223494014,25.));
#1891=CARTESIAN_POINT('Ctrl Pts',(1.44831990057502,-2.78185676978136,25.));
#1892=CARTESIAN_POINT('Ctrl Pts',(1.43776702731993,-2.81518390184038,25.));
#1893=CARTESIAN_POINT('Ctrl Pts',(1.42683951596637,-2.84838454646407,25.));
#1894=CARTESIAN_POINT('Ctrl Pts',(1.41968921170663,-2.87010904557443,25.));
#1895=CARTESIAN_POINT('Ctrl Pts',(1.41237850190349,-2.89177938773766,25.));
#1896=CARTESIAN_POINT('Ctrl Pts',(1.4049077739518,-2.91339302720192,25.));
#1897=CARTESIAN_POINT('Ctrl Pts',(1.40390764646092,-2.91628650627728,25.));
#1898=CARTESIAN_POINT('Ctrl Pts',(1.40290466013742,-2.91917894324664,25.));
#1899=CARTESIAN_POINT('Ctrl Pts',(1.40189878773625,-2.92207041295842,25.));
#1900=CARTESIAN_POINT('Ctrl Pts',(1.38032928670982,-2.98407386274338,25.));
#1901=CARTESIAN_POINT('Ctrl Pts',(1.35733662345211,-3.04557726855221,25.));
#1902=CARTESIAN_POINT('Ctrl Pts',(1.33305523700073,-3.10629923072083,25.));
#1903=CARTESIAN_POINT('Ctrl Pts',(1.30852755287894,-3.16763712467959,25.));
#1904=CARTESIAN_POINT('Ctrl Pts',(1.28268499140825,-3.22817756356086,25.));
#1905=CARTESIAN_POINT('Ctrl Pts',(1.25571526710099,-3.28765275372084,25.));
#1906=CARTESIAN_POINT('Ctrl Pts',(1.230818173351,-3.34255725954156,25.));
#1907=CARTESIAN_POINT('Ctrl Pts',(1.20496119324905,-3.3965541895851,25.));
#1908=CARTESIAN_POINT('Ctrl Pts',(1.17832670832415,-3.44945004546135,25.));
#1909=CARTESIAN_POINT('Ctrl Pts',(1.16500946586171,-3.47589797339947,25.));
#1910=CARTESIAN_POINT('Ctrl Pts',(1.15149834983355,-3.50207089101663,25.));
#1911=CARTESIAN_POINT('Ctrl Pts',(1.13781903860013,-3.52794614829379,25.));
#1912=CARTESIAN_POINT('Ctrl Pts',(1.13097938298343,-3.54088377693237,25.));
#1913=CARTESIAN_POINT('Ctrl Pts',(1.12409770746942,-3.55374700639629,25.));
#1914=CARTESIAN_POINT('Ctrl Pts',(1.11717739068117,-3.56653310020609,25.));
#1915=CARTESIAN_POINT('Ctrl Pts',(1.11272115146963,-3.57476652279945,25.));
#1916=CARTESIAN_POINT('Ctrl Pts',(1.1082488917766,-3.5829679621196,25.));
#1917=CARTESIAN_POINT('Ctrl Pts',(1.10376153752333,-3.59113670121779,25.));
#1918=CARTESIAN_POINT('Ctrl Pts',(1.10180742916741,-3.59469394239558,25.));
#1919=CARTESIAN_POINT('Ctrl Pts',(1.09984786277798,-3.59824972278298,25.));
#1920=CARTESIAN_POINT('Ctrl Pts',(1.09787904942861,-3.60181084272866,25.));
#1921=CARTESIAN_POINT('Ctrl Pts',(1.09734790806975,-3.60277155243109,25.));
#1922=CARTESIAN_POINT('Ctrl Pts',(1.09681617837735,-3.6037324965584,25.));
#1923=CARTESIAN_POINT('Ctrl Pts',(1.096283860598,-3.60469367271501,25.));
#1924=CARTESIAN_POINT('Ctrl Pts',(1.07892783681412,-3.6360324648457,25.));
#1925=CARTESIAN_POINT('Ctrl Pts',(1.06003465318043,-3.66939693473945,25.));
#1926=CARTESIAN_POINT('Ctrl Pts',(1.03944613911583,-3.70467690964622,25.));
#1927=CARTESIAN_POINT('Ctrl Pts',(1.01855389296568,-3.74047735243731,25.));
#1928=CARTESIAN_POINT('Ctrl Pts',(0.995915499293552,-3.77825004130729,25.));
#1929=CARTESIAN_POINT('Ctrl Pts',(0.971377726724765,-3.81782767418636,25.));
#1930=CARTESIAN_POINT('Ctrl Pts',(0.946220664222551,-3.85840417644374,25.));
#1931=CARTESIAN_POINT('Ctrl Pts',(0.919066591259565,-3.90087762573148,25.));
#1932=CARTESIAN_POINT('Ctrl Pts',(0.88977047229998,-3.94501656087226,25.));
#1933=CARTESIAN_POINT('Ctrl Pts',(0.860122015882752,-3.98968634449205,25.));
#1934=CARTESIAN_POINT('Ctrl Pts',(0.8282791094418,-4.0360614077028,25.));
#1935=CARTESIAN_POINT('Ctrl Pts',(0.794120246650972,-4.08385606299319,25.));
#1936=CARTESIAN_POINT('Ctrl Pts',(0.759800326142636,-4.13187606823558,25.));
#1937=CARTESIAN_POINT('Ctrl Pts',(0.72314200333258,-4.18132841671669,25.));
#1938=CARTESIAN_POINT('Ctrl Pts',(0.684059451550122,-4.23188641923448,25.));
#1939=CARTESIAN_POINT('Ctrl Pts',(0.645179117566319,-4.28218282859862,25.));
#1940=CARTESIAN_POINT('Ctrl Pts',(0.603899116320936,-4.33357272006404,25.));
#1941=CARTESIAN_POINT('Ctrl Pts',(0.560179398867188,-4.38570877571075,25.));
#1942=CARTESIAN_POINT('Ctrl Pts',(0.517447787097288,-4.43666650871683,25.));
#1943=CARTESIAN_POINT('Ctrl Pts',(0.47238525395239,-4.48833631127378,25.));
#1944=CARTESIAN_POINT('Ctrl Pts',(0.425001902698519,-4.5403805054052,25.));
#1945=CARTESIAN_POINT('Ctrl Pts',(0.378444258037656,-4.59151777267127,25.));
#1946=CARTESIAN_POINT('Ctrl Pts',(0.329645784428505,-4.64301585924049,25.));
#1947=CARTESIAN_POINT('Ctrl Pts',(0.278665653732741,-4.69455149277584,25.));
#1948=CARTESIAN_POINT('Ctrl Pts',(0.22897389402506,-4.74478471664308,25.));
#1949=CARTESIAN_POINT('Ctrl Pts',(0.177209315051227,-4.79505309928138,25.));
#1950=CARTESIAN_POINT('Ctrl Pts',(0.123475800186345,-4.84506283468501,25.));
#1951=CARTESIAN_POINT('Ctrl Pts',(0.098272490949716,-4.86851953260231,25.));
#1952=CARTESIAN_POINT('Ctrl Pts',(0.0726367298541935,-4.89191945583276,
25.));
#1953=CARTESIAN_POINT('Ctrl Pts',(0.0465831212723742,-4.915233190745,25.));
#1954=CARTESIAN_POINT('Ctrl Pts',(0.039408158278768,-4.92165361364775,25.));
#1955=CARTESIAN_POINT('Ctrl Pts',(0.0322298759287657,-4.92804576653279,
25.));
#1956=CARTESIAN_POINT('Ctrl Pts',(0.0250473291987086,-4.93441090269691,
25.));
#1957=CARTESIAN_POINT('Ctrl Pts',(-0.14928453947704,-5.08890291278347,25.));
#1958=CARTESIAN_POINT('Ctrl Pts',(-0.325883618810184,-5.22726592545462,
25.));
#1959=CARTESIAN_POINT('Ctrl Pts',(-0.500371470794606,-5.35136869298014,
25.));
#1960=CARTESIAN_POINT('Ctrl Pts',(-0.696546514238133,-5.49089626199941,
25.));
#1961=CARTESIAN_POINT('Ctrl Pts',(-0.890055111248618,-5.61239853460571,
25.));
#1962=CARTESIAN_POINT('Ctrl Pts',(-1.07469495062918,-5.71847080744015,25.));
#1963=CARTESIAN_POINT('Ctrl Pts',(-1.25501414902146,-5.82206094959648,25.));
#1964=CARTESIAN_POINT('Ctrl Pts',(-1.42687752213791,-5.91093347701288,25.));
#1965=CARTESIAN_POINT('Ctrl Pts',(-1.58448714902253,-5.98746315468416,25.));
#1966=CARTESIAN_POINT('Ctrl Pts',(-1.72442907743478,-6.05541402092107,25.));
#1967=CARTESIAN_POINT('Ctrl Pts',(-1.85313473989298,-6.1136330659875,25.));
#1968=CARTESIAN_POINT('Ctrl Pts',(-1.96650579424199,-6.1637653378618,25.));
#1969=CARTESIAN_POINT('Ctrl Pts',(-1.9808189141658,-6.17009454793671,25.));
#1970=CARTESIAN_POINT('Ctrl Pts',(-1.99488754646354,-6.17629484817917,25.));
#1971=CARTESIAN_POINT('Ctrl Pts',(-2.00870338172055,-6.18236953845754,25.));
#1972=CARTESIAN_POINT('Ctrl Pts',(-2.03301007375152,-6.19305695785949,25.));
#1973=CARTESIAN_POINT('Ctrl Pts',(-2.05739659817586,-6.20371811875912,25.));
#1974=CARTESIAN_POINT('Ctrl Pts',(-2.08185516338611,-6.21434851687251,25.));
#1975=CARTESIAN_POINT('Ctrl Pts',(-2.25155099405331,-6.2881032209064,25.));
#1976=CARTESIAN_POINT('Ctrl Pts',(-2.42471430836223,-6.36038108245686,25.));
#1977=CARTESIAN_POINT('Ctrl Pts',(-2.59888863304583,-6.42971420108087,25.));
#1978=CARTESIAN_POINT('Ctrl Pts',(-2.69647458508848,-6.46855998619473,25.));
#1979=CARTESIAN_POINT('Ctrl Pts',(-2.79437923353403,-6.50648108604105,25.));
#1980=CARTESIAN_POINT('Ctrl Pts',(-2.89217165913362,-6.54321182147104,25.));
#1981=CARTESIAN_POINT('Ctrl Pts',(-2.90990029836125,-6.54987068030404,25.));
#1982=CARTESIAN_POINT('Ctrl Pts',(-2.92759953112688,-6.5564789947201,25.));
#1983=CARTESIAN_POINT('Ctrl Pts',(-2.94527142335768,-6.56303822234493,25.));
#1984=CARTESIAN_POINT('Ctrl Pts',(-3.07127121949806,-6.60980522005927,25.));
#1985=CARTESIAN_POINT('Ctrl Pts',(-3.19588850802397,-6.65408325830826,25.));
#1986=CARTESIAN_POINT('Ctrl Pts',(-3.31996755854741,-6.69640990848141,25.));
#1987=CARTESIAN_POINT('Ctrl Pts',(-3.36206107514994,-6.71076912177548,25.));
#1988=CARTESIAN_POINT('Ctrl Pts',(-3.40409245384458,-6.72490331275077,25.));
#1989=CARTESIAN_POINT('Ctrl Pts',(-3.44609425991575,-6.73883227863747,25.));
#1990=CARTESIAN_POINT('Ctrl Pts',(-3.74349329411338,-6.83745806142064,25.));
#1991=CARTESIAN_POINT('Ctrl Pts',(-4.05448379369274,-6.93097903811785,25.));
#1992=CARTESIAN_POINT('Ctrl Pts',(-4.36090880045424,-7.01421736427329,25.));
#1993=CARTESIAN_POINT('Ctrl Pts',(-4.47850579154745,-7.04616180902657,25.));
#1994=CARTESIAN_POINT('Ctrl Pts',(-4.59543015171964,-7.07659154572308,25.));
#1995=CARTESIAN_POINT('Ctrl Pts',(-4.71065351117035,-7.10521251189907,25.));
#1996=CARTESIAN_POINT('Ctrl Pts',(-4.76072978999086,-7.11765123516815,25.));
#1997=CARTESIAN_POINT('Ctrl Pts',(-4.8102111319213,-7.12965933780463,25.));
#1998=CARTESIAN_POINT('Ctrl Pts',(-4.85924348919262,-7.14127532390848,25.));
#1999=CARTESIAN_POINT('Ctrl Pts',(-5.07046989778977,-7.19131581071304,25.));
#2000=CARTESIAN_POINT('Ctrl Pts',(-5.2733687998697,-7.23408185235848,25.));
#2001=CARTESIAN_POINT('Ctrl Pts',(-5.47957217604742,-7.27263259921189,25.));
#2002=CARTESIAN_POINT('Ctrl Pts',(-5.67990474783555,-7.31008576998269,25.));
#2003=CARTESIAN_POINT('Ctrl Pts',(-5.88335104313137,-7.34355880485083,25.));
#2004=CARTESIAN_POINT('Ctrl Pts',(-6.10057378662087,-7.37584207580608,25.));
#2005=CARTESIAN_POINT('Ctrl Pts',(-6.20134402627036,-7.39081837570254,25.));
#2006=CARTESIAN_POINT('Ctrl Pts',(-6.3050794607399,-7.40553855023756,25.));
#2007=CARTESIAN_POINT('Ctrl Pts',(-6.41284899847526,-7.42028133123771,25.));
#2008=CARTESIAN_POINT('Ctrl Pts',(-6.45768207832941,-7.42641445838794,25.));
#2009=CARTESIAN_POINT('Ctrl Pts',(-6.50258463642401,-7.43246959558567,25.));
#2010=CARTESIAN_POINT('Ctrl Pts',(-6.54750904044768,-7.43845049821476,25.));
#2011=CARTESIAN_POINT('Ctrl Pts',(-6.79583907241127,-7.47151132057472,25.));
#2012=CARTESIAN_POINT('Ctrl Pts',(-7.04483857475274,-7.5023054998396,25.));
#2013=CARTESIAN_POINT('Ctrl Pts',(-7.28648303185098,-7.53145594506871,25.));
#2014=CARTESIAN_POINT('Ctrl Pts',(-7.48645013883771,-7.55557870074803,25.));
#2015=CARTESIAN_POINT('Ctrl Pts',(-7.72321761613958,-7.58362352762116,25.));
#2016=CARTESIAN_POINT('Ctrl Pts',(-7.96387197775992,-7.61142654391602,25.));
#2017=CARTESIAN_POINT('Ctrl Pts',(-8.08419915857009,-7.62532805206344,25.));
#2018=CARTESIAN_POINT('Ctrl Pts',(-8.20549801473957,-7.63916911037283,25.));
#2019=CARTESIAN_POINT('Ctrl Pts',(-8.32365668418112,-7.65242957915385,25.));
#2020=CARTESIAN_POINT('Ctrl Pts',(-8.40379888038803,-7.66142361315801,25.));
#2021=CARTESIAN_POINT('Ctrl Pts',(-8.48249652454098,-7.67015056182297,25.));
#2022=CARTESIAN_POINT('Ctrl Pts',(-8.55846763191589,-7.67844826648593,25.));
#2023=CARTESIAN_POINT('Ctrl Pts',(-8.59450549594781,-7.68238438855593,25.));
#2024=CARTESIAN_POINT('Ctrl Pts',(-8.62992983594375,-7.68622392264948,25.));
#2025=CARTESIAN_POINT('Ctrl Pts',(-8.66460393568358,-7.68994957532834,25.));
#2026=CARTESIAN_POINT('Ctrl Pts',(-8.89059641928823,-7.71423195059583,25.));
#2027=CARTESIAN_POINT('Ctrl Pts',(-9.10742158995683,-7.73615189474684,25.));
#2028=CARTESIAN_POINT('Ctrl Pts',(-9.32319162459127,-7.75554873425793,25.));
#2029=CARTESIAN_POINT('Ctrl Pts',(-9.52218749832259,-7.77343764562913,25.));
#2030=CARTESIAN_POINT('Ctrl Pts',(-9.72029024717193,-7.7891805328326,25.));
#2031=CARTESIAN_POINT('Ctrl Pts',(-9.92387387500645,-7.80265891168469,25.));
#2032=CARTESIAN_POINT('',(1.50413398066299,-0.152884048106788,25.));
#2033=CARTESIAN_POINT('Origin',(-4.89238065996373,-1.68164950318474,25.));
#2034=CARTESIAN_POINT('',(1.29981236199132,0.524677786475605,25.));
#2035=CARTESIAN_POINT('Ctrl Pts',(1.29981236199192,0.52467778647399,25.));
#2036=CARTESIAN_POINT('Ctrl Pts',(1.35710045769806,0.370510186679573,25.));
#2037=CARTESIAN_POINT('Ctrl Pts',(1.40609382469315,0.216188303275997,25.));
#2038=CARTESIAN_POINT('Ctrl Pts',(1.44830812774769,0.0637106950384904,25.));
#2039=CARTESIAN_POINT('Ctrl Pts',(1.46825381208949,-0.00833290210841047,
25.));
#2040=CARTESIAN_POINT('Ctrl Pts',(1.48684395732799,-0.0805815547025025,
25.));
#2041=CARTESIAN_POINT('Ctrl Pts',(1.50413240419456,-0.152884424882362,25.));
#2042=CARTESIAN_POINT('',(1.09583734167889,1.,25.));
#2043=CARTESIAN_POINT('Ctrl Pts',(1.09583734167889,1.,25.));
#2044=CARTESIAN_POINT('Ctrl Pts',(1.16845601458634,0.851474101161217,25.));
#2045=CARTESIAN_POINT('Ctrl Pts',(1.23725657776258,0.693021226572175,25.));
#2046=CARTESIAN_POINT('Ctrl Pts',(1.29981236199132,0.524677786475605,25.));
#2047=CARTESIAN_POINT('',(7.34682213341204,1.,25.));
#2048=CARTESIAN_POINT('',(0.569337055569368,1.,25.));
#2049=CARTESIAN_POINT('',(9.63199282827802,-4.60406665571645,25.0000000000002));
#2050=CARTESIAN_POINT('Ctrl Pts',(9.63199282828184,-4.60406665575502,25.0000000000002));
#2051=CARTESIAN_POINT('Ctrl Pts',(9.56620896969107,-4.56207367749005,25.0000000000002));
#2052=CARTESIAN_POINT('Ctrl Pts',(9.50421457860778,-4.51984686422569,25.0000000000002));
#2053=CARTESIAN_POINT('Ctrl Pts',(9.44601142952689,-4.47807970395097,25.0000000000002));
#2054=CARTESIAN_POINT('Ctrl Pts',(9.39057417739173,-4.43829737891042,25.0000000000002));
#2055=CARTESIAN_POINT('Ctrl Pts',(9.33857658755232,-4.3989308182191,25.0000000000002));
#2056=CARTESIAN_POINT('Ctrl Pts',(9.29006376814451,-4.36059712184587,25.0000000000001));
#2057=CARTESIAN_POINT('Ctrl Pts',(9.24531336934364,-4.32523640232568,25.0000000000001));
#2058=CARTESIAN_POINT('Ctrl Pts',(9.20352851426797,-4.29075393788847,25.0000000000001));
#2059=CARTESIAN_POINT('Ctrl Pts',(9.16477861986364,-4.25766190666905,25.0000000000001));
#2060=CARTESIAN_POINT('Ctrl Pts',(9.12758251893048,-4.22589679989282,25.0000000000001));
#2061=CARTESIAN_POINT('Ctrl Pts',(9.09318295433736,-4.19541229497375,25.0000000000001));
#2062=CARTESIAN_POINT('Ctrl Pts',(9.06167134314454,-4.16669645610529,25.));
#2063=CARTESIAN_POINT('Ctrl Pts',(9.0318936865506,-4.13956073196223,25.));
#2064=CARTESIAN_POINT('Ctrl Pts',(9.00469504652673,-4.1140040943987,25.));
#2065=CARTESIAN_POINT('Ctrl Pts',(8.98017817871528,-4.09047608805739,25.));
#2066=CARTESIAN_POINT('Ctrl Pts',(8.96122267781191,-4.07228513687687,25.));
#2067=CARTESIAN_POINT('Ctrl Pts',(8.94387076680667,-4.05530750328037,25.));
#2068=CARTESIAN_POINT('Ctrl Pts',(8.92818072864889,-4.03976957868126,25.));
#2069=CARTESIAN_POINT('Ctrl Pts',(8.9234053584999,-4.03504050533155,25.));
#2070=CARTESIAN_POINT('Ctrl Pts',(8.91864188737454,-4.03030154102462,25.));
#2071=CARTESIAN_POINT('Ctrl Pts',(8.91390532850029,-4.02556785676555,25.));
#2072=CARTESIAN_POINT('Ctrl Pts',(8.85861834406128,-3.9703144259693,25.));
#2073=CARTESIAN_POINT('Ctrl Pts',(8.80652931476774,-3.9153244039937,25.));
#2074=CARTESIAN_POINT('Ctrl Pts',(8.75730125368069,-3.86077746752336,25.));
#2075=CARTESIAN_POINT('Ctrl Pts',(8.70601370479771,-3.80394852466305,25.));
#2076=CARTESIAN_POINT('Ctrl Pts',(8.65783158644406,-3.74760008026171,25.));
#2077=CARTESIAN_POINT('Ctrl Pts',(8.61242284030622,-3.69190789844738,25.));
#2078=CARTESIAN_POINT('Ctrl Pts',(8.56400066924648,-3.63251986015365,25.));
#2079=CARTESIAN_POINT('Ctrl Pts',(8.51873208796613,-3.57387755706959,25.));
#2080=CARTESIAN_POINT('Ctrl Pts',(8.47626945430877,-3.51617100955977,25.));
#2081=CARTESIAN_POINT('Ctrl Pts',(8.43207445121132,-3.45611017898296,25.));
#2082=CARTESIAN_POINT('Ctrl Pts',(8.39091919199516,-3.39706220732572,25.));
#2083=CARTESIAN_POINT('Ctrl Pts',(8.35246847231322,-3.33922769838879,25.));
#2084=CARTESIAN_POINT('Ctrl Pts',(8.31276439582491,-3.27950799000645,25.));
#2085=CARTESIAN_POINT('Ctrl Pts',(8.27594434234883,-3.22108112940989,25.));
#2086=CARTESIAN_POINT('Ctrl Pts',(8.24169480402148,-3.16416794110673,25.));
#2087=CARTESIAN_POINT('Ctrl Pts',(8.20709434006487,-3.106671612201,25.));
#2088=CARTESIAN_POINT('Ctrl Pts',(8.17511783657171,-3.05071902787154,25.));
#2089=CARTESIAN_POINT('Ctrl Pts',(8.14549147728831,-2.99655403638072,25.));
#2090=CARTESIAN_POINT('Ctrl Pts',(8.11641957157723,-2.94340273586485,25.));
#2091=CARTESIAN_POINT('Ctrl Pts',(8.08961130981148,-2.89197180916274,25.));
#2092=CARTESIAN_POINT('Ctrl Pts',(8.06484649731855,-2.84252214386605,25.));
#2093=CARTESIAN_POINT('Ctrl Pts',(8.04511125958774,-2.80311538879299,25.));
#2094=CARTESIAN_POINT('Ctrl Pts',(8.02667456025947,-2.76496723696147,25.));
#2095=CARTESIAN_POINT('Ctrl Pts',(8.0094391271905,-2.72823001133749,25.));
#2096=CARTESIAN_POINT('Ctrl Pts',(7.99988741328657,-2.70787058854956,25.));
#2097=CARTESIAN_POINT('Ctrl Pts',(7.99070484697774,-2.68794485376701,25.));
#2098=CARTESIAN_POINT('Ctrl Pts',(7.98187624270317,-2.66848175024654,25.));
#2099=CARTESIAN_POINT('Ctrl Pts',(7.97581078532896,-2.65511014346684,25.));
#2100=CARTESIAN_POINT('Ctrl Pts',(7.96991241813098,-2.64195694509503,25.));
#2101=CARTESIAN_POINT('Ctrl Pts',(7.96417644605937,-2.62903221640258,25.));
#2102=CARTESIAN_POINT('Ctrl Pts',(7.96319618594977,-2.62682341974067,25.));
#2103=CARTESIAN_POINT('Ctrl Pts',(7.96222062020816,-2.62462118623789,25.));
#2104=CARTESIAN_POINT('Ctrl Pts',(7.96124995693807,-2.62242609100251,25.));
#2105=CARTESIAN_POINT('Ctrl Pts',(7.93605009417791,-2.56543815256754,25.));
#2106=CARTESIAN_POINT('Ctrl Pts',(7.90902738596138,-2.50198315159653,25.));
#2107=CARTESIAN_POINT('Ctrl Pts',(7.88082065272537,-2.43215117953688,25.));
#2108=CARTESIAN_POINT('Ctrl Pts',(7.85178682344834,-2.36027154931193,25.));
#2109=CARTESIAN_POINT('Ctrl Pts',(7.8214991132948,-2.28163539234444,25.));
#2110=CARTESIAN_POINT('Ctrl Pts',(7.79068351893318,-2.19638925652535,25.));
#2111=CARTESIAN_POINT('Ctrl Pts',(7.75900675502599,-2.10876084064432,25.));
#2112=CARTESIAN_POINT('Ctrl Pts',(7.72677297463461,-2.01414778217827,25.));
#2113=CARTESIAN_POINT('Ctrl Pts',(7.69479057663604,-1.91276073303929,25.));
#2114=CARTESIAN_POINT('Ctrl Pts',(7.66196198504448,-1.80869117487152,25.));
#2115=CARTESIAN_POINT('Ctrl Pts',(7.62939923899481,-1.69748441758784,25.));
#2116=CARTESIAN_POINT('Ctrl Pts',(7.59798352980981,-1.57942230850152,25.));
#2117=CARTESIAN_POINT('Ctrl Pts',(7.56658870762057,-1.46143869399117,25.));
#2118=CARTESIAN_POINT('Ctrl Pts',(7.536340453014,-1.33660909105191,25.));
#2119=CARTESIAN_POINT('Ctrl Pts',(7.50810948421429,-1.20526587086093,25.));
#2120=CARTESIAN_POINT('Ctrl Pts',(7.48050025666046,-1.0768152718173,25.));
#2121=CARTESIAN_POINT('Ctrl Pts',(7.45482132130095,-0.942135203803051,25.));
#2122=CARTESIAN_POINT('Ctrl Pts',(7.43186456845181,-0.80158032488465,25.));
#2123=CARTESIAN_POINT('Ctrl Pts',(7.4211998324344,-0.736284475359518,25.));
#2124=CARTESIAN_POINT('Ctrl Pts',(7.41112217822177,-0.669721348829918,25.));
#2125=CARTESIAN_POINT('Ctrl Pts',(7.40170849617282,-0.601929460386,25.));
#2126=CARTESIAN_POINT('Ctrl Pts',(7.39747584473644,-0.571448355064494,25.));
#2127=CARTESIAN_POINT('Ctrl Pts',(7.39340480415956,-0.540917643474855,25.));
#2128=CARTESIAN_POINT('Ctrl Pts',(7.38949946414055,-0.510337766247018,25.));
#2129=CARTESIAN_POINT('Ctrl Pts',(7.36516798580054,-0.319815656318436,25.));
#2130=CARTESIAN_POINT('Ctrl Pts',(7.34726541513019,-0.127389148101837,25.));
#2131=CARTESIAN_POINT('Ctrl Pts',(7.33681121021708,0.0667907006040057,25.));
#2132=CARTESIAN_POINT('Ctrl Pts',(7.32917129783286,0.208696952033409,25.));
#2133=CARTESIAN_POINT('Ctrl Pts',(7.32550995534259,0.351539975474784,25.));
#2134=CARTESIAN_POINT('Ctrl Pts',(7.32624251349994,0.49526484944605,25.));
#2135=CARTESIAN_POINT('Ctrl Pts',(7.32643184881495,0.532411653443918,25.));
#2136=CARTESIAN_POINT('Ctrl Pts',(7.32690291575227,0.569730325980162,25.));
#2137=CARTESIAN_POINT('Ctrl Pts',(7.32767026398426,0.607201180439852,25.));
#2138=CARTESIAN_POINT('Ctrl Pts',(7.33031991649019,0.736587995030741,25.));
#2139=CARTESIAN_POINT('Ctrl Pts',(7.33650089955869,0.86778890945456,25.));
#2140=CARTESIAN_POINT('Ctrl Pts',(7.34682213341204,1.,25.));
#2141=CARTESIAN_POINT('',(10.3031926350543,-4.95676130022317,25.));
#2142=CARTESIAN_POINT('Origin',(11.9054287818142,-2.78068706470468,25.0000000000011));
#2143=CARTESIAN_POINT('',(11.34409680156,-5.83579710037564,25.));
#2144=CARTESIAN_POINT('Ctrl Pts',(11.34409680156,-5.83579710037564,25.));
#2145=CARTESIAN_POINT('Ctrl Pts',(11.2225392015412,-5.64259242621069,25.));
#2146=CARTESIAN_POINT('Ctrl Pts',(11.0687974739047,-5.46912350708487,24.9999999995934));
#2147=CARTESIAN_POINT('Ctrl Pts',(10.7170451739215,-5.1720631685585,24.9999999995934));
#2148=CARTESIAN_POINT('Ctrl Pts',(10.5166883464803,-5.04790644123719,25.));
#2149=CARTESIAN_POINT('Ctrl Pts',(10.3031926350543,-4.95676130022317,25.));
#2150=CARTESIAN_POINT('',(12.2345266904936,-6.31842068288618,25.));
#2151=CARTESIAN_POINT('Origin',(12.2345266903839,-5.31842068288618,25.));
#2152=CARTESIAN_POINT('',(17.5869062522102,-6.31842068232069,24.9999999996452));
#2153=CARTESIAN_POINT('',(9.21311355479193,-6.31842068320539,25.));
#2154=CARTESIAN_POINT('',(21.6204011159187,-2.31842068189456,24.9999999851569));
#2155=CARTESIAN_POINT('Ctrl Pts',(21.6204020998138,-2.31842068189456,25.));
#2156=CARTESIAN_POINT('Ctrl Pts',(21.6204020998426,-2.58717764122216,25.));
#2157=CARTESIAN_POINT('Ctrl Pts',(21.5912168786831,-2.855394124733,24.9999999999998));
#2158=CARTESIAN_POINT('Ctrl Pts',(21.4792826486403,-3.38117929945418,24.9999999999998));
#2159=CARTESIAN_POINT('Ctrl Pts',(21.3966001213221,-3.63838142975197,24.9999999999643));
#2160=CARTESIAN_POINT('Ctrl Pts',(21.0864385300958,-4.35507605773881,24.9999999999643));
#2161=CARTESIAN_POINT('Ctrl Pts',(20.7952637306273,-4.78784672554445,24.9999999992698));
#2162=CARTESIAN_POINT('Ctrl Pts',(20.0185176721082,-5.56570030304365,24.9999999992698));
#2163=CARTESIAN_POINT('Ctrl Pts',(19.5703930316892,-5.8287717948986,25.));
#2164=CARTESIAN_POINT('Ctrl Pts',(18.6645497151516,-6.2076288419785,25.));
#2165=CARTESIAN_POINT('Ctrl Pts',(18.1254367131386,-6.31842068226379,25.));
#2166=CARTESIAN_POINT('Ctrl Pts',(17.5869062524723,-6.31842068232069,25.));
#2167=CARTESIAN_POINT('',(21.6204001381051,0.971477365678284,25.));
#2168=CARTESIAN_POINT('',(21.6204001384585,-2.31842068189457,25.));
#2169=CARTESIAN_POINT('',(21.6243028525423,1.,25.));
#2170=CARTESIAN_POINT('Origin',(19.438741702277,1.54874855500325,25.));
#2171=CARTESIAN_POINT('',(26.85,1.,25.));
#2172=CARTESIAN_POINT('',(0.569337055569368,1.,25.));
#2173=CARTESIAN_POINT('',(26.85,-7.15,25.));
#2174=CARTESIAN_POINT('',(26.85,2.95,25.));
#2175=CARTESIAN_POINT('',(32.15,-7.15,25.));
#2176=CARTESIAN_POINT('',(13.7096685277847,-7.15,25.));
#2177=CARTESIAN_POINT('',(32.15,1.,25.));
#2178=CARTESIAN_POINT('',(32.15,-0.949999999999998,25.));
#2179=CARTESIAN_POINT('',(0.569337055569368,1.,25.));
#2180=CARTESIAN_POINT('Origin',(-32.4704534023638,-9.,25.));
#2181=CARTESIAN_POINT('',(-32.4704534023638,-12.,45.));
#2182=CARTESIAN_POINT('',(-35.4704534023638,-9.,45.));
#2183=CARTESIAN_POINT('Origin',(-32.4704534023638,-9.,45.));
#2184=CARTESIAN_POINT('',(-35.4704534023638,-9.,25.));
#2185=CARTESIAN_POINT('',(-32.4704534023638,-12.,33.8247858770911));
#2186=CARTESIAN_POINT('',(-32.4704534023638,-12.,25.));
#2187=CARTESIAN_POINT('',(-32.4704534023638,-12.,35.2331032160424));
#2188=CARTESIAN_POINT('Ctrl Pts',(-32.4704534023638,-12.,33.8247858770911));
#2189=CARTESIAN_POINT('Ctrl Pts',(-32.5187415458176,-12.,34.0598930001848));
#2190=CARTESIAN_POINT('Ctrl Pts',(-32.5420192746311,-11.9991462661775,34.2976091402858));
#2191=CARTESIAN_POINT('Ctrl Pts',(-32.5420192746311,-11.9991462661775,34.5289445465668));
#2192=CARTESIAN_POINT('Ctrl Pts',(-32.5420192746311,-11.9991462661775,34.7602799528477));
#2193=CARTESIAN_POINT('Ctrl Pts',(-32.5187415458176,-12.,34.9979960929488));
#2194=CARTESIAN_POINT('Ctrl Pts',(-32.4704534023638,-12.,35.2331032160424));
#2195=CARTESIAN_POINT('',(-32.4704534023638,-12.,25.));
#2196=CARTESIAN_POINT('Origin',(0.569337055569377,1.,45.));
#2197=CARTESIAN_POINT('',(32.15,1.,45.));
#2198=CARTESIAN_POINT('',(0.569337055569377,1.,45.));
#2199=CARTESIAN_POINT('',(32.15,-7.15,45.));
#2200=CARTESIAN_POINT('',(32.15,-0.949999999999998,45.));
#2201=CARTESIAN_POINT('',(26.85,-7.15,45.));
#2202=CARTESIAN_POINT('',(16.3596685277847,-7.15,45.));
#2203=CARTESIAN_POINT('',(26.85,1.,45.));
#2204=CARTESIAN_POINT('',(26.85,-3.075,45.));
#2205=CARTESIAN_POINT('',(24.2626206389092,1.,45.));
#2206=CARTESIAN_POINT('',(0.569337055569377,1.,45.));
#2207=CARTESIAN_POINT('',(24.262620639266,-2.31842068189617,45.));
#2208=CARTESIAN_POINT('',(24.2626206389092,1.,45.));
#2209=CARTESIAN_POINT('',(20.2262105282452,-6.31842068232262,44.9999999988188));
#2210=CARTESIAN_POINT('Ctrl Pts',(20.2262105285905,-6.31842068232262,45.));
#2211=CARTESIAN_POINT('Ctrl Pts',(20.7645635042982,-6.31842068240135,45.));
#2212=CARTESIAN_POINT('Ctrl Pts',(21.3035360083811,-6.20768047656253,45.0000000000932));
#2213=CARTESIAN_POINT('Ctrl Pts',(22.2086432347636,-5.82958379140741,45.0000000000932));
#2214=CARTESIAN_POINT('Ctrl Pts',(22.6573834118526,-5.56689792068957,44.9999999999462));
#2215=CARTESIAN_POINT('Ctrl Pts',(23.4355744260039,-4.78912516012853,44.9999999999462));
#2216=CARTESIAN_POINT('Ctrl Pts',(23.7273098585368,-4.35640355206902,44.9999999999334));
#2217=CARTESIAN_POINT('Ctrl Pts',(24.0381949687732,-3.63947397351819,44.9999999999334));
#2218=CARTESIAN_POINT('Ctrl Pts',(24.121099330774,-3.38210167408999,44.9999999999997));
#2219=CARTESIAN_POINT('Ctrl Pts',(24.2333490312383,-2.85589185928359,44.9999999999997));
#2220=CARTESIAN_POINT('Ctrl Pts',(24.2626206392949,-2.58743016287197,45.));
#2221=CARTESIAN_POINT('Ctrl Pts',(24.262620639266,-2.31842068189617,45.));
#2222=CARTESIAN_POINT('',(17.9855660361962,-6.31842068255934,45.));
#2223=CARTESIAN_POINT('',(9.21311355479194,-6.31842068348616,45.));
#2224=CARTESIAN_POINT('',(17.0872959086527,-5.82313242882635,45.0000000000009));
#2225=CARTESIAN_POINT('Origin',(17.9855660360865,-5.31842068255935,45.));
#2226=CARTESIAN_POINT('',(14.7289212734076,-4.9554833449735,45.));
#2227=CARTESIAN_POINT('Ctrl Pts',(14.7289212734076,-4.9554833449735,45.));
#2228=CARTESIAN_POINT('Ctrl Pts',(14.9559615581609,-4.88617335965451,45.));
#2229=CARTESIAN_POINT('Ctrl Pts',(15.1954000535667,-4.85565005067893,45.));
#2230=CARTESIAN_POINT('Ctrl Pts',(15.5956390874357,-4.8711360303537,45.));
#2231=CARTESIAN_POINT('Ctrl Pts',(15.8125038198446,-4.89740366900284,45.));
#2232=CARTESIAN_POINT('Ctrl Pts',(16.3098455646589,-5.0792168733178,45.));
#2233=CARTESIAN_POINT('Ctrl Pts',(16.5440467016947,-5.22175261353399,45.));
#2234=CARTESIAN_POINT('Ctrl Pts',(16.8757509032594,-5.52680854960554,45.));
#2235=CARTESIAN_POINT('Ctrl Pts',(16.9928139037593,-5.66781861989671,45.));
#2236=CARTESIAN_POINT('Ctrl Pts',(17.0872959086522,-5.82313242882639,45.));
#2237=CARTESIAN_POINT('',(12.3457862450366,-5.33895685303898,45.));
#2238=CARTESIAN_POINT('Ctrl Pts',(14.7289212734076,-4.9554833449735,45.));
#2239=CARTESIAN_POINT('Ctrl Pts',(13.7012071475485,-5.26921996247645,45.));
#2240=CARTESIAN_POINT('Ctrl Pts',(12.8845238918622,-5.3323218055165,45.));
#2241=CARTESIAN_POINT('Ctrl Pts',(12.3457862450366,-5.33895685303898,45.));
#2242=CARTESIAN_POINT('',(11.2562194439699,-5.248825256488,45.));
#2243=CARTESIAN_POINT('Ctrl Pts',(12.3457862450366,-5.33895685303918,45.));
#2244=CARTESIAN_POINT('Ctrl Pts',(12.167570191934,-5.34115174695206,45.));
#2245=CARTESIAN_POINT('Ctrl Pts',(11.9860772570823,-5.33632789329945,45.0000000002298));
#2246=CARTESIAN_POINT('Ctrl Pts',(11.8008383568865,-5.32158791181908,45.0000000002298));
#2247=CARTESIAN_POINT('Ctrl Pts',(11.6211506884043,-5.30728965749519,45.0000000002298));
#2248=CARTESIAN_POINT('Ctrl Pts',(11.4391798217125,-5.28379760855128,45.));
#2249=CARTESIAN_POINT('Ctrl Pts',(11.2562194439699,-5.248825256488,45.));
#2250=CARTESIAN_POINT('',(9.63199282827803,-4.60406665571645,45.0000000000002));
#2251=CARTESIAN_POINT('Ctrl Pts',(11.2562194439733,-5.24882525648865,45.));
#2252=CARTESIAN_POINT('Ctrl Pts',(11.1225222742266,-5.22326942550574,45.));
#2253=CARTESIAN_POINT('Ctrl Pts',(10.990764673791,-5.19187287426238,45.));
#2254=CARTESIAN_POINT('Ctrl Pts',(10.8612588745982,-5.15497104661663,45.));
#2255=CARTESIAN_POINT('Ctrl Pts',(10.7811634514061,-5.13214838137486,45.));
#2256=CARTESIAN_POINT('Ctrl Pts',(10.7019289981125,-5.10722091976147,45.));
#2257=CARTESIAN_POINT('Ctrl Pts',(10.6236254347438,-5.08027687747368,45.));
#2258=CARTESIAN_POINT('Ctrl Pts',(10.5844736530595,-5.06680485632979,45.));
#2259=CARTESIAN_POINT('Ctrl Pts',(10.5455545436695,-5.05282879045471,45.));
#2260=CARTESIAN_POINT('Ctrl Pts',(10.5068765316075,-5.03836028424073,45.));
#2261=CARTESIAN_POINT('Ctrl Pts',(10.486659318676,-5.03079751523232,45.));
#2262=CARTESIAN_POINT('Ctrl Pts',(10.46650797504,-5.02310020728137,45.));
#2263=CARTESIAN_POINT('Ctrl Pts',(10.4464236798032,-5.01527005716195,45.));
#2264=CARTESIAN_POINT('Ctrl Pts',(10.4324409163597,-5.00981867659045,45.));
#2265=CARTESIAN_POINT('Ctrl Pts',(10.4184906509144,-5.00430290800931,45.));
#2266=CARTESIAN_POINT('Ctrl Pts',(10.4045732764858,-4.99872333150769,45.));
#2267=CARTESIAN_POINT('Ctrl Pts',(10.4002369845,-4.99698488055254,45.));
#2268=CARTESIAN_POINT('Ctrl Pts',(10.3959041632363,-4.99524034765126,45.));
#2269=CARTESIAN_POINT('Ctrl Pts',(10.3915739312625,-4.9934893890755,45.));
#2270=CARTESIAN_POINT('Ctrl Pts',(10.3125749881695,-4.96154563231529,45.));
#2271=CARTESIAN_POINT('Ctrl Pts',(10.2360830697992,-4.92826780198256,45.));
#2272=CARTESIAN_POINT('Ctrl Pts',(10.1622875138534,-4.89396455200646,45.));
#2273=CARTESIAN_POINT('Ctrl Pts',(10.0872376483634,-4.85907824667847,45.0000000000001));
#2274=CARTESIAN_POINT('Ctrl Pts',(10.0149766954424,-4.82313203526712,45.0000000000001));
#2275=CARTESIAN_POINT('Ctrl Pts',(9.94565451211067,-4.78647461176567,45.0000000000001));
#2276=CARTESIAN_POINT('Ctrl Pts',(9.87497442867151,-4.74909913356774,45.0000000000001));
#2277=CARTESIAN_POINT('Ctrl Pts',(9.80734947424564,-4.71098509501688,45.0000000000002));
#2278=CARTESIAN_POINT('Ctrl Pts',(9.74288600091087,-4.67251570622664,45.0000000000002));
#2279=CARTESIAN_POINT('Ctrl Pts',(9.70481548358097,-4.64979664600779,45.0000000000002));
#2280=CARTESIAN_POINT('Ctrl Pts',(9.66784662412033,-4.62695384570158,45.0000000000002));
#2281=CARTESIAN_POINT('Ctrl Pts',(9.63199282827802,-4.60406665571645,45.0000000000002));
#2282=CARTESIAN_POINT('',(7.34682213341205,1.,45.));
#2283=CARTESIAN_POINT('Ctrl Pts',(9.63199282828185,-4.60406665575502,45.0000000000002));
#2284=CARTESIAN_POINT('Ctrl Pts',(9.5662089696911,-4.56207367749006,45.0000000000002));
#2285=CARTESIAN_POINT('Ctrl Pts',(9.50421457860782,-4.51984686422571,45.0000000000002));
#2286=CARTESIAN_POINT('Ctrl Pts',(9.44601142952693,-4.47807970395099,45.0000000000002));
#2287=CARTESIAN_POINT('Ctrl Pts',(9.39057417739174,-4.43829737891042,45.0000000000002));
#2288=CARTESIAN_POINT('Ctrl Pts',(9.3385765875523,-4.39893081821908,45.0000000000001));
#2289=CARTESIAN_POINT('Ctrl Pts',(9.29006376814446,-4.36059712184583,45.0000000000001));
#2290=CARTESIAN_POINT('Ctrl Pts',(9.24531336934359,-4.32523640232563,45.0000000000001));
#2291=CARTESIAN_POINT('Ctrl Pts',(9.20352851426792,-4.29075393788842,45.0000000000001));
#2292=CARTESIAN_POINT('Ctrl Pts',(9.16477861986359,-4.25766190666899,45.0000000000001));
#2293=CARTESIAN_POINT('Ctrl Pts',(9.12758251893041,-4.22589679989275,45.0000000000001));
#2294=CARTESIAN_POINT('Ctrl Pts',(9.09318295433727,-4.19541229497366,45.));
#2295=CARTESIAN_POINT('Ctrl Pts',(9.06167134314444,-4.16669645610519,45.));
#2296=CARTESIAN_POINT('Ctrl Pts',(9.03189368655052,-4.13956073196215,45.));
#2297=CARTESIAN_POINT('Ctrl Pts',(9.00469504652666,-4.11400409439863,45.));
#2298=CARTESIAN_POINT('Ctrl Pts',(8.98017817871523,-4.09047608805733,45.));
#2299=CARTESIAN_POINT('Ctrl Pts',(8.96122267781189,-4.07228513687683,45.));
#2300=CARTESIAN_POINT('Ctrl Pts',(8.94387076680666,-4.05530750328036,45.));
#2301=CARTESIAN_POINT('Ctrl Pts',(8.9281807286489,-4.03976957868126,45.));
#2302=CARTESIAN_POINT('Ctrl Pts',(8.92340535850098,-4.03504050533261,45.));
#2303=CARTESIAN_POINT('Ctrl Pts',(8.91864188737668,-4.03030154102675,45.));
#2304=CARTESIAN_POINT('Ctrl Pts',(8.91390532850349,-4.02556785676873,45.));
#2305=CARTESIAN_POINT('Ctrl Pts',(8.85861834406442,-3.97031442597254,45.));
#2306=CARTESIAN_POINT('Ctrl Pts',(8.80652931477083,-3.91532440399699,45.));
#2307=CARTESIAN_POINT('Ctrl Pts',(8.75730125368372,-3.8607774675267,45.));
#2308=CARTESIAN_POINT('Ctrl Pts',(8.70601370480066,-3.80394852466642,45.));
#2309=CARTESIAN_POINT('Ctrl Pts',(8.65783158644694,-3.74760008026511,45.));
#2310=CARTESIAN_POINT('Ctrl Pts',(8.61242284030903,-3.6919078984508,45.));
#2311=CARTESIAN_POINT('Ctrl Pts',(8.56400066924918,-3.63251986015707,45.));
#2312=CARTESIAN_POINT('Ctrl Pts',(8.51873208796874,-3.57387755707301,45.));
#2313=CARTESIAN_POINT('Ctrl Pts',(8.47626945431129,-3.51617100956318,45.));
#2314=CARTESIAN_POINT('Ctrl Pts',(8.43207445121375,-3.45611017898637,45.));
#2315=CARTESIAN_POINT('Ctrl Pts',(8.3909191919975,-3.39706220732911,45.));
#2316=CARTESIAN_POINT('Ctrl Pts',(8.35246847231548,-3.33922769839216,45.));
#2317=CARTESIAN_POINT('Ctrl Pts',(8.31276439582713,-3.2795079900099,45.));
#2318=CARTESIAN_POINT('Ctrl Pts',(8.27594434235102,-3.2210811294134,45.));
#2319=CARTESIAN_POINT('Ctrl Pts',(8.24169480402363,-3.16416794111029,45.));
#2320=CARTESIAN_POINT('Ctrl Pts',(8.20709434006692,-3.1066716122045,45.));
#2321=CARTESIAN_POINT('Ctrl Pts',(8.17511783657366,-3.05071902787497,45.));
#2322=CARTESIAN_POINT('Ctrl Pts',(8.14549147729016,-2.99655403638408,45.));
#2323=CARTESIAN_POINT('Ctrl Pts',(8.11641957157897,-2.94340273586812,45.));
#2324=CARTESIAN_POINT('Ctrl Pts',(8.08961130981313,-2.89197180916592,45.));
#2325=CARTESIAN_POINT('Ctrl Pts',(8.06484649732011,-2.84252214386913,45.));
#2326=CARTESIAN_POINT('Ctrl Pts',(8.04511125958897,-2.80311538879549,45.));
#2327=CARTESIAN_POINT('Ctrl Pts',(8.02667456026041,-2.76496723696342,45.));
#2328=CARTESIAN_POINT('Ctrl Pts',(8.00943912719118,-2.72823001133893,45.));
#2329=CARTESIAN_POINT('Ctrl Pts',(7.99988741328718,-2.70787058855086,45.));
#2330=CARTESIAN_POINT('Ctrl Pts',(7.99070484697829,-2.68794485376818,45.));
#2331=CARTESIAN_POINT('Ctrl Pts',(7.98187624270365,-2.66848175024757,45.));
#2332=CARTESIAN_POINT('Ctrl Pts',(7.97581078532937,-2.65511014346773,45.));
#2333=CARTESIAN_POINT('Ctrl Pts',(7.96991241813132,-2.64195694509577,45.));
#2334=CARTESIAN_POINT('Ctrl Pts',(7.96417644605965,-2.62903221640319,45.));
#2335=CARTESIAN_POINT('Ctrl Pts',(7.96319618594996,-2.62682341974108,45.));
#2336=CARTESIAN_POINT('Ctrl Pts',(7.96222062020826,-2.6246211862381,45.));
#2337=CARTESIAN_POINT('Ctrl Pts',(7.96124995693808,-2.62242609100251,45.));
#2338=CARTESIAN_POINT('Ctrl Pts',(7.93605009417791,-2.5654381525675,45.));
#2339=CARTESIAN_POINT('Ctrl Pts',(7.90902738596136,-2.50198315159645,45.));
#2340=CARTESIAN_POINT('Ctrl Pts',(7.88082065272532,-2.43215117953673,45.));
#2341=CARTESIAN_POINT('Ctrl Pts',(7.85178682344829,-2.36027154931177,45.));
#2342=CARTESIAN_POINT('Ctrl Pts',(7.82149911329474,-2.28163539234427,45.));
#2343=CARTESIAN_POINT('Ctrl Pts',(7.79068351893312,-2.19638925652516,45.));
#2344=CARTESIAN_POINT('Ctrl Pts',(7.75900675502595,-2.10876084064417,45.));
#2345=CARTESIAN_POINT('Ctrl Pts',(7.72677297463458,-2.01414778217816,45.));
#2346=CARTESIAN_POINT('Ctrl Pts',(7.69479057663603,-1.91276073303923,45.));
#2347=CARTESIAN_POINT('Ctrl Pts',(7.66196198504448,-1.80869117487147,45.));
#2348=CARTESIAN_POINT('Ctrl Pts',(7.62939923899481,-1.69748441758781,45.));
#2349=CARTESIAN_POINT('Ctrl Pts',(7.59798352980982,-1.57942230850152,45.));
#2350=CARTESIAN_POINT('Ctrl Pts',(7.56658870762053,-1.46143869399101,45.));
#2351=CARTESIAN_POINT('Ctrl Pts',(7.53634045301393,-1.33660909105157,45.));
#2352=CARTESIAN_POINT('Ctrl Pts',(7.50810948421419,-1.2052658708604,45.));
#2353=CARTESIAN_POINT('Ctrl Pts',(7.48050025666044,-1.07681527181711,45.));
#2354=CARTESIAN_POINT('Ctrl Pts',(7.454821321301,-0.94213520380323,45.));
#2355=CARTESIAN_POINT('Ctrl Pts',(7.43186456845191,-0.801580324885234,45.));
#2356=CARTESIAN_POINT('Ctrl Pts',(7.42119983243447,-0.736284475359914,45.));
#2357=CARTESIAN_POINT('Ctrl Pts',(7.41112217822181,-0.66972134883012,45.));
#2358=CARTESIAN_POINT('Ctrl Pts',(7.40170849617283,-0.601929460386,45.));
#2359=CARTESIAN_POINT('Ctrl Pts',(7.39747584473645,-0.57144835506447,45.));
#2360=CARTESIAN_POINT('Ctrl Pts',(7.39340480415956,-0.540917643474808,45.));
#2361=CARTESIAN_POINT('Ctrl Pts',(7.38949946414055,-0.510337766246948,45.));
#2362=CARTESIAN_POINT('Ctrl Pts',(7.36516798580053,-0.319815656318261,45.));
#2363=CARTESIAN_POINT('Ctrl Pts',(7.34726541513017,-0.127389148101554,45.));
#2364=CARTESIAN_POINT('Ctrl Pts',(7.33681121021707,0.0667907006043985,45.));
#2365=CARTESIAN_POINT('Ctrl Pts',(7.32917129783286,0.208696952033672,45.));
#2366=CARTESIAN_POINT('Ctrl Pts',(7.32550995534261,0.351539975474917,45.));
#2367=CARTESIAN_POINT('Ctrl Pts',(7.32624251349995,0.49526484944605,45.));
#2368=CARTESIAN_POINT('Ctrl Pts',(7.32643184881496,0.532411653443336,45.));
#2369=CARTESIAN_POINT('Ctrl Pts',(7.32690291575227,0.569730325978991,45.));
#2370=CARTESIAN_POINT('Ctrl Pts',(7.32767026398423,0.60720118043809,45.));
#2371=CARTESIAN_POINT('Ctrl Pts',(7.33031991649014,0.736587995029553,45.));
#2372=CARTESIAN_POINT('Ctrl Pts',(7.33650089955865,0.867788909453961,45.));
#2373=CARTESIAN_POINT('Ctrl Pts',(7.34682213341205,1.,45.));
#2374=CARTESIAN_POINT('',(1.0958373416789,1.,45.));
#2375=CARTESIAN_POINT('',(0.569337055569377,1.,45.));
#2376=CARTESIAN_POINT('',(1.29981236199133,0.524677786475606,45.));
#2377=CARTESIAN_POINT('Ctrl Pts',(1.0958373416789,1.,45.));
#2378=CARTESIAN_POINT('Ctrl Pts',(1.16845601458635,0.851474101161217,45.));
#2379=CARTESIAN_POINT('Ctrl Pts',(1.23725657776258,0.693021226572175,45.));
#2380=CARTESIAN_POINT('Ctrl Pts',(1.29981236199133,0.524677786475605,45.));
#2381=CARTESIAN_POINT('',(1.504133980663,-0.152884048106788,45.));
#2382=CARTESIAN_POINT('Ctrl Pts',(1.29981236199193,0.52467778647399,45.));
#2383=CARTESIAN_POINT('Ctrl Pts',(1.35710045769807,0.370510186679573,45.));
#2384=CARTESIAN_POINT('Ctrl Pts',(1.40609382469316,0.216188303275997,45.));
#2385=CARTESIAN_POINT('Ctrl Pts',(1.4483081277477,0.0637106950384903,45.));
#2386=CARTESIAN_POINT('Ctrl Pts',(1.4682538120895,-0.00833290210841055,
45.));
#2387=CARTESIAN_POINT('Ctrl Pts',(1.486843957328,-0.0805815547025025,45.));
#2388=CARTESIAN_POINT('Ctrl Pts',(1.50413240419457,-0.152884424882362,45.));
#2389=CARTESIAN_POINT('',(1.5587231971577,-0.402640201837459,45.));
#2390=CARTESIAN_POINT('Origin',(-4.89238065996372,-1.68164950318474,45.));
#2391=CARTESIAN_POINT('',(-9.92387387500644,-7.80265891168469,45.));
#2392=CARTESIAN_POINT('Ctrl Pts',(1.55872775154248,-0.402639298875645,45.));
#2393=CARTESIAN_POINT('Ctrl Pts',(1.59972809171132,-0.609233686582891,45.));
#2394=CARTESIAN_POINT('Ctrl Pts',(1.63196633650305,-0.823646463922022,45.));
#2395=CARTESIAN_POINT('Ctrl Pts',(1.64877206065402,-1.04677124732252,45.));
#2396=CARTESIAN_POINT('Ctrl Pts',(1.6562772717028,-1.14641578358832,45.));
#2397=CARTESIAN_POINT('Ctrl Pts',(1.66070412992461,-1.24779810500356,45.));
#2398=CARTESIAN_POINT('Ctrl Pts',(1.66145518284934,-1.35099920813664,45.));
#2399=CARTESIAN_POINT('Ctrl Pts',(1.66179015983183,-1.39702791394263,45.));
#2400=CARTESIAN_POINT('Ctrl Pts',(1.66143754443901,-1.4430663599197,45.));
#2401=CARTESIAN_POINT('Ctrl Pts',(1.6604010613018,-1.48909358065916,45.));
#2402=CARTESIAN_POINT('Ctrl Pts',(1.654916218913,-1.73265958022817,45.));
#2403=CARTESIAN_POINT('Ctrl Pts',(1.63028449734917,-1.97591059458253,45.));
#2404=CARTESIAN_POINT('Ctrl Pts',(1.58703227764974,-2.21576522516137,45.));
#2405=CARTESIAN_POINT('Ctrl Pts',(1.56540616780003,-2.33569254045079,45.));
#2406=CARTESIAN_POINT('Ctrl Pts',(1.53912426567659,-2.45477104746233,45.));
#2407=CARTESIAN_POINT('Ctrl Pts',(1.50824847000359,-2.572616604592,45.));
#2408=CARTESIAN_POINT('Ctrl Pts',(1.49281057216709,-2.63153938315684,45.));
#2409=CARTESIAN_POINT('Ctrl Pts',(1.47622416119982,-2.69015392940276,45.));
#2410=CARTESIAN_POINT('Ctrl Pts',(1.45849673929488,-2.74841223494013,45.));
#2411=CARTESIAN_POINT('Ctrl Pts',(1.44831990057504,-2.78185676978134,45.));
#2412=CARTESIAN_POINT('Ctrl Pts',(1.43776702731994,-2.81518390184035,45.));
#2413=CARTESIAN_POINT('Ctrl Pts',(1.42683951596639,-2.84838454646403,45.));
#2414=CARTESIAN_POINT('Ctrl Pts',(1.41968921170665,-2.87010904557441,45.));
#2415=CARTESIAN_POINT('Ctrl Pts',(1.41237850190351,-2.89177938773765,45.));
#2416=CARTESIAN_POINT('Ctrl Pts',(1.40490777395181,-2.91339302720192,45.));
#2417=CARTESIAN_POINT('Ctrl Pts',(1.40390764646093,-2.91628650627728,45.));
#2418=CARTESIAN_POINT('Ctrl Pts',(1.40290466013743,-2.91917894324664,45.));
#2419=CARTESIAN_POINT('Ctrl Pts',(1.40189878773626,-2.92207041295842,45.));
#2420=CARTESIAN_POINT('Ctrl Pts',(1.38032928670983,-2.98407386274338,45.));
#2421=CARTESIAN_POINT('Ctrl Pts',(1.35733662345212,-3.04557726855222,45.));
#2422=CARTESIAN_POINT('Ctrl Pts',(1.33305523700074,-3.10629923072083,45.));
#2423=CARTESIAN_POINT('Ctrl Pts',(1.30852755287896,-3.16763712467958,45.));
#2424=CARTESIAN_POINT('Ctrl Pts',(1.28268499140827,-3.22817756356084,45.));
#2425=CARTESIAN_POINT('Ctrl Pts',(1.25571526710101,-3.28765275372081,45.));
#2426=CARTESIAN_POINT('Ctrl Pts',(1.23081817335102,-3.34255725954153,45.));
#2427=CARTESIAN_POINT('Ctrl Pts',(1.20496119324907,-3.39655418958508,45.));
#2428=CARTESIAN_POINT('Ctrl Pts',(1.17832670832417,-3.44945004546133,45.));
#2429=CARTESIAN_POINT('Ctrl Pts',(1.16500946586172,-3.47589797339946,45.));
#2430=CARTESIAN_POINT('Ctrl Pts',(1.15149834983357,-3.50207089101662,45.));
#2431=CARTESIAN_POINT('Ctrl Pts',(1.13781903860015,-3.52794614829378,45.));
#2432=CARTESIAN_POINT('Ctrl Pts',(1.13097938298344,-3.54088377693237,45.));
#2433=CARTESIAN_POINT('Ctrl Pts',(1.12409770746943,-3.55374700639629,45.));
#2434=CARTESIAN_POINT('Ctrl Pts',(1.11717739068118,-3.56653310020609,45.));
#2435=CARTESIAN_POINT('Ctrl Pts',(1.11272115146965,-3.57476652279944,45.));
#2436=CARTESIAN_POINT('Ctrl Pts',(1.10824889177661,-3.58296796211959,45.));
#2437=CARTESIAN_POINT('Ctrl Pts',(1.10376153752334,-3.59113670121778,45.));
#2438=CARTESIAN_POINT('Ctrl Pts',(1.10180742916747,-3.59469394239549,45.));
#2439=CARTESIAN_POINT('Ctrl Pts',(1.09984786277809,-3.59824972278281,45.));
#2440=CARTESIAN_POINT('Ctrl Pts',(1.09787904942876,-3.6018108427284,45.));
#2441=CARTESIAN_POINT('Ctrl Pts',(1.09734790806985,-3.60277155243092,45.));
#2442=CARTESIAN_POINT('Ctrl Pts',(1.09681617837741,-3.60373249655831,45.));
#2443=CARTESIAN_POINT('Ctrl Pts',(1.09628386059801,-3.60469367271501,45.));
#2444=CARTESIAN_POINT('Ctrl Pts',(1.0789278368141,-3.63603246484575,45.));
#2445=CARTESIAN_POINT('Ctrl Pts',(1.06003465318038,-3.66939693473956,45.));
#2446=CARTESIAN_POINT('Ctrl Pts',(1.03944613911574,-3.70467690964639,45.));
#2447=CARTESIAN_POINT('Ctrl Pts',(1.01855389296561,-3.74047735243745,45.));
#2448=CARTESIAN_POINT('Ctrl Pts',(0.995915499293498,-3.7782500413074,45.));
#2449=CARTESIAN_POINT('Ctrl Pts',(0.971377726724735,-3.81782767418643,45.));
#2450=CARTESIAN_POINT('Ctrl Pts',(0.946220664222498,-3.85840417644384,45.));
#2451=CARTESIAN_POINT('Ctrl Pts',(0.919066591259487,-3.90087762573161,45.));
#2452=CARTESIAN_POINT('Ctrl Pts',(0.889770472299873,-3.94501656087244,45.));
#2453=CARTESIAN_POINT('Ctrl Pts',(0.860122015882579,-3.98968634449233,45.));
#2454=CARTESIAN_POINT('Ctrl Pts',(0.828279109441552,-4.03606140770317,45.));
#2455=CARTESIAN_POINT('Ctrl Pts',(0.794120246650639,-4.08385606299367,45.));
#2456=CARTESIAN_POINT('Ctrl Pts',(0.759800326142273,-4.13187606823609,45.));
#2457=CARTESIAN_POINT('Ctrl Pts',(0.723142003332184,-4.18132841671722,45.));
#2458=CARTESIAN_POINT('Ctrl Pts',(0.684059451549691,-4.23188641923505,45.));
#2459=CARTESIAN_POINT('Ctrl Pts',(0.645179117565776,-4.28218282859932,45.));
#2460=CARTESIAN_POINT('Ctrl Pts',(0.603899116320269,-4.33357272006488,45.));
#2461=CARTESIAN_POINT('Ctrl Pts',(0.560179398866385,-4.38570877571172,45.));
#2462=CARTESIAN_POINT('Ctrl Pts',(0.517447787096416,-4.43666650871785,45.));
#2463=CARTESIAN_POINT('Ctrl Pts',(0.472385253951447,-4.48833631127485,45.));
#2464=CARTESIAN_POINT('Ctrl Pts',(0.4250019026975,-4.54038050540633,45.));
#2465=CARTESIAN_POINT('Ctrl Pts',(0.378444258036588,-4.59151777267243,45.));
#2466=CARTESIAN_POINT('Ctrl Pts',(0.329645784427387,-4.64301585924166,45.));
#2467=CARTESIAN_POINT('Ctrl Pts',(0.278665653731572,-4.69455149277703,45.));
#2468=CARTESIAN_POINT('Ctrl Pts',(0.228973894023908,-4.74478471664422,45.));
#2469=CARTESIAN_POINT('Ctrl Pts',(0.177209315050097,-4.79505309928247,45.));
#2470=CARTESIAN_POINT('Ctrl Pts',(0.123475800185241,-4.84506283468605,45.));
#2471=CARTESIAN_POINT('Ctrl Pts',(0.0982724909489706,-4.86851953260299,
45.));
#2472=CARTESIAN_POINT('Ctrl Pts',(0.0726367298538215,-4.8919194558331,45.));
#2473=CARTESIAN_POINT('Ctrl Pts',(0.0465831212723864,-4.915233190745,45.));
#2474=CARTESIAN_POINT('Ctrl Pts',(0.0394081582787845,-4.92165361364775,
45.));
#2475=CARTESIAN_POINT('Ctrl Pts',(0.0322298759287877,-4.92804576653278,
45.));
#2476=CARTESIAN_POINT('Ctrl Pts',(0.0250473291987351,-4.9344109026969,45.));
#2477=CARTESIAN_POINT('Ctrl Pts',(-0.149284539477942,-5.08890291278427,
45.));
#2478=CARTESIAN_POINT('Ctrl Pts',(-0.325883618812039,-5.22726592545608,
45.));
#2479=CARTESIAN_POINT('Ctrl Pts',(-0.500371470797369,-5.35136869298211,
45.));
#2480=CARTESIAN_POINT('Ctrl Pts',(-0.696546514241444,-5.49089626200162,
45.));
#2481=CARTESIAN_POINT('Ctrl Pts',(-0.890055111252431,-5.61239853460807,
45.));
#2482=CARTESIAN_POINT('Ctrl Pts',(-1.07469495063339,-5.71847080744258,45.));
#2483=CARTESIAN_POINT('Ctrl Pts',(-1.25501414902484,-5.82206094959827,45.));
#2484=CARTESIAN_POINT('Ctrl Pts',(-1.42687752214047,-5.91093347701417,45.));
#2485=CARTESIAN_POINT('Ctrl Pts',(-1.58448714902436,-5.98746315468505,45.));
#2486=CARTESIAN_POINT('Ctrl Pts',(-1.72442907743628,-6.05541402092176,45.));
#2487=CARTESIAN_POINT('Ctrl Pts',(-1.85313473989417,-6.11363306598803,45.));
#2488=CARTESIAN_POINT('Ctrl Pts',(-1.9665057942429,-6.1637653378622,45.));
#2489=CARTESIAN_POINT('Ctrl Pts',(-1.98081891416639,-6.17009454793698,45.));
#2490=CARTESIAN_POINT('Ctrl Pts',(-1.99488754646382,-6.1762948481793,45.));
#2491=CARTESIAN_POINT('Ctrl Pts',(-2.00870338172054,-6.18236953845754,45.));
#2492=CARTESIAN_POINT('Ctrl Pts',(-2.03301007375145,-6.19305695785947,45.));
#2493=CARTESIAN_POINT('Ctrl Pts',(-2.05739659817573,-6.20371811875906,45.));
#2494=CARTESIAN_POINT('Ctrl Pts',(-2.08185516338592,-6.21434851687243,45.));
#2495=CARTESIAN_POINT('Ctrl Pts',(-2.25155099405291,-6.28810322090624,45.));
#2496=CARTESIAN_POINT('Ctrl Pts',(-2.42471430836162,-6.36038108245661,45.));
#2497=CARTESIAN_POINT('Ctrl Pts',(-2.59888863304502,-6.42971420108056,45.));
#2498=CARTESIAN_POINT('Ctrl Pts',(-2.69647458508794,-6.46855998619452,45.));
#2499=CARTESIAN_POINT('Ctrl Pts',(-2.79437923353376,-6.50648108604095,45.));
#2500=CARTESIAN_POINT('Ctrl Pts',(-2.89217165913361,-6.54321182147104,45.));
#2501=CARTESIAN_POINT('Ctrl Pts',(-2.90990029836109,-6.54987068030398,45.));
#2502=CARTESIAN_POINT('Ctrl Pts',(-2.92759953112655,-6.55647899471998,45.));
#2503=CARTESIAN_POINT('Ctrl Pts',(-2.94527142335719,-6.56303822234475,45.));
#2504=CARTESIAN_POINT('Ctrl Pts',(-3.07127121949663,-6.60980522005875,45.));
#2505=CARTESIAN_POINT('Ctrl Pts',(-3.19588850802161,-6.65408325830743,45.));
#2506=CARTESIAN_POINT('Ctrl Pts',(-3.31996755854413,-6.69640990848029,45.));
#2507=CARTESIAN_POINT('Ctrl Pts',(-3.36206107514776,-6.71076912177475,45.));
#2508=CARTESIAN_POINT('Ctrl Pts',(-3.40409245384349,-6.72490331275041,45.));
#2509=CARTESIAN_POINT('Ctrl Pts',(-3.44609425991574,-6.73883227863747,45.));
#2510=CARTESIAN_POINT('Ctrl Pts',(-3.74349329411715,-6.8374580614219,45.));
#2511=CARTESIAN_POINT('Ctrl Pts',(-4.05448379370063,-6.93097903812023,45.));
#2512=CARTESIAN_POINT('Ctrl Pts',(-4.3609088004659,-7.01421736427646,45.));
#2513=CARTESIAN_POINT('Ctrl Pts',(-4.47850579155517,-7.04616180902858,45.));
#2514=CARTESIAN_POINT('Ctrl Pts',(-4.59543015172344,-7.07659154572402,45.));
#2515=CARTESIAN_POINT('Ctrl Pts',(-4.71065351117034,-7.10521251189907,45.));
#2516=CARTESIAN_POINT('Ctrl Pts',(-4.7607297899913,-7.11765123516827,45.));
#2517=CARTESIAN_POINT('Ctrl Pts',(-4.81021113192218,-7.12965933780484,45.));
#2518=CARTESIAN_POINT('Ctrl Pts',(-4.85924348919393,-7.14127532390879,45.));
#2519=CARTESIAN_POINT('Ctrl Pts',(-5.07046989779656,-7.19131581071463,45.));
#2520=CARTESIAN_POINT('Ctrl Pts',(-5.27336879988156,-7.23408185236097,45.));
#2521=CARTESIAN_POINT('Ctrl Pts',(-5.47957217606484,-7.27263259921515,45.));
#2522=CARTESIAN_POINT('Ctrl Pts',(-5.67990474785268,-7.31008576998563,45.));
#2523=CARTESIAN_POINT('Ctrl Pts',(-5.88335104314851,-7.34355880485355,45.));
#2524=CARTESIAN_POINT('Ctrl Pts',(-6.10057378663823,-7.37584207580867,45.));
#2525=CARTESIAN_POINT('Ctrl Pts',(-6.20134402628227,-7.39081837570424,45.));
#2526=CARTESIAN_POINT('Ctrl Pts',(-6.30507946074609,-7.40553855023841,45.));
#2527=CARTESIAN_POINT('Ctrl Pts',(-6.41284899847525,-7.42028133123771,45.));
#2528=CARTESIAN_POINT('Ctrl Pts',(-6.45768207832993,-7.42641445838801,45.));
#2529=CARTESIAN_POINT('Ctrl Pts',(-6.50258463642506,-7.43246959558581,45.));
#2530=CARTESIAN_POINT('Ctrl Pts',(-6.54750904044927,-7.43845049821497,45.));
#2531=CARTESIAN_POINT('Ctrl Pts',(-6.79583907241233,-7.47151132057485,45.));
#2532=CARTESIAN_POINT('Ctrl Pts',(-7.04483857475325,-7.50230549983966,45.));
#2533=CARTESIAN_POINT('Ctrl Pts',(-7.28648303185097,-7.53145594506871,45.));
#2534=CARTESIAN_POINT('Ctrl Pts',(-7.4864501388377,-7.55557870074803,45.));
#2535=CARTESIAN_POINT('Ctrl Pts',(-7.72321761613956,-7.58362352762116,45.));
#2536=CARTESIAN_POINT('Ctrl Pts',(-7.96387197775991,-7.61142654391602,45.));
#2537=CARTESIAN_POINT('Ctrl Pts',(-8.08419915857008,-7.62532805206344,45.));
#2538=CARTESIAN_POINT('Ctrl Pts',(-8.20549801473956,-7.63916911037283,45.));
#2539=CARTESIAN_POINT('Ctrl Pts',(-8.32365668418111,-7.65242957915385,45.));
#2540=CARTESIAN_POINT('Ctrl Pts',(-8.40379888038775,-7.66142361315798,45.));
#2541=CARTESIAN_POINT('Ctrl Pts',(-8.48249652454044,-7.67015056182291,45.));
#2542=CARTESIAN_POINT('Ctrl Pts',(-8.55846763191512,-7.67844826648585,45.));
#2543=CARTESIAN_POINT('Ctrl Pts',(-8.5945054959473,-7.68238438855587,45.));
#2544=CARTESIAN_POINT('Ctrl Pts',(-8.62992983594349,-7.68622392264945,45.));
#2545=CARTESIAN_POINT('Ctrl Pts',(-8.66460393568357,-7.68994957532834,45.));
#2546=CARTESIAN_POINT('Ctrl Pts',(-8.89059641927334,-7.71423195059423,45.));
#2547=CARTESIAN_POINT('Ctrl Pts',(-9.10742158992827,-7.73615189474395,45.));
#2548=CARTESIAN_POINT('Ctrl Pts',(-9.32319162454864,-7.7555487342541,45.));
#2549=CARTESIAN_POINT('Ctrl Pts',(-9.5221874982943,-7.77343764562688,45.));
#2550=CARTESIAN_POINT('Ctrl Pts',(-9.72029024715739,-7.78918053283164,45.));
#2551=CARTESIAN_POINT('Ctrl Pts',(-9.92387387500644,-7.80265891168469,45.));
#2552=CARTESIAN_POINT('',(-12.6119796709443,-7.79126126925867,45.));
#2553=CARTESIAN_POINT('',(-9.92387387500644,-7.80265891168469,45.));
#2554=CARTESIAN_POINT('',(-21.4704534023638,0.876525530349993,44.9999999997188));
#2555=CARTESIAN_POINT('Ctrl Pts',(-12.6119796709443,-7.79126126925867,45.));
#2556=CARTESIAN_POINT('Ctrl Pts',(-12.8929152567217,-7.77423983098813,45.));
#2557=CARTESIAN_POINT('Ctrl Pts',(-13.2037498007628,-7.75332916934802,45.0000000000076));
#2558=CARTESIAN_POINT('Ctrl Pts',(-13.551748452411,-7.72776938581775,45.0000000000127));
#2559=CARTESIAN_POINT('Ctrl Pts',(-13.7262201035383,-7.71495480273283,45.0000000000152));
#2560=CARTESIAN_POINT('Ctrl Pts',(-13.9100339841176,-7.70097153382338,45.0000000000171));
#2561=CARTESIAN_POINT('Ctrl Pts',(-14.104110751064,-7.68572319670793,45.0000000000171));
#2562=CARTESIAN_POINT('Ctrl Pts',(-14.16762978581,-7.68073259597661,45.0000000000171));
#2563=CARTESIAN_POINT('Ctrl Pts',(-14.2298795716649,-7.67578866320763,45.0000000000169));
#2564=CARTESIAN_POINT('Ctrl Pts',(-14.2911890909049,-7.67087543795294,45.0000000000165));
#2565=CARTESIAN_POINT('Ctrl Pts',(-14.5330883310515,-7.65149010480221,45.0000000000149));
#2566=CARTESIAN_POINT('Ctrl Pts',(-14.7603559190604,-7.63258256748617,45.0000000000105));
#2567=CARTESIAN_POINT('Ctrl Pts',(-14.9931397914209,-7.6131748298851,45.0000000000067));
#2568=CARTESIAN_POINT('Ctrl Pts',(-15.2042841390312,-7.59557123023356,45.0000000000032));
#2569=CARTESIAN_POINT('Ctrl Pts',(-15.4199602481878,-7.57755641673025,45.0000000000001));
#2570=CARTESIAN_POINT('Ctrl Pts',(-15.6552073936363,-7.55839990700202,44.9999999999997));
#2571=CARTESIAN_POINT('Ctrl Pts',(-15.6685751275842,-7.55731135340903,44.9999999999997));
#2572=CARTESIAN_POINT('Ctrl Pts',(-15.682006071819,-7.55621911241582,44.9999999999997));
#2573=CARTESIAN_POINT('Ctrl Pts',(-15.6955029924436,-7.55512304962634,44.9999999999997));
#2574=CARTESIAN_POINT('Ctrl Pts',(-16.5433209496863,-7.48627314370809,44.9999999999997));
#2575=CARTESIAN_POINT('Ctrl Pts',(-17.292013870095,-7.43151976610211,45.000000000002));
#2576=CARTESIAN_POINT('Ctrl Pts',(-18.151799901476,-7.36064854734386,45.000000000002));
#2577=CARTESIAN_POINT('Ctrl Pts',(-18.3359904640976,-7.34546592145752,45.000000000002));
#2578=CARTESIAN_POINT('Ctrl Pts',(-18.5269453627144,-7.32944001519282,45.0000000000015));
#2579=CARTESIAN_POINT('Ctrl Pts',(-18.7219886169291,-7.31128092747393,45.000000000001));
#2580=CARTESIAN_POINT('Ctrl Pts',(-18.8195102440364,-7.30220138361449,45.0000000000008));
#2581=CARTESIAN_POINT('Ctrl Pts',(-18.9180537205107,-7.29258866688419,45.0000000000005));
#2582=CARTESIAN_POINT('Ctrl Pts',(-19.0172841090747,-7.28228277547207,45.0000000000003));
#2583=CARTESIAN_POINT('Ctrl Pts',(-19.0727516613272,-7.27652201429112,45.0000000000002));
#2584=CARTESIAN_POINT('Ctrl Pts',(-19.1284338461716,-7.27054468549379,45.0000000000001));
#2585=CARTESIAN_POINT('Ctrl Pts',(-19.1842722423064,-7.26432301487895,45.0000000000001));
#2586=CARTESIAN_POINT('Ctrl Pts',(-19.2214233716657,-7.26018353190948,45.));
#2587=CARTESIAN_POINT('Ctrl Pts',(-19.2586436521676,-7.25593588927557,45.));
#2588=CARTESIAN_POINT('Ctrl Pts',(-19.2959159022823,-7.2515719425603,45.));
#2589=CARTESIAN_POINT('Ctrl Pts',(-19.3028427074589,-7.25076093145673,45.));
#2590=CARTESIAN_POINT('Ctrl Pts',(-19.3097712793147,-7.2499459068959,45.));
#2591=CARTESIAN_POINT('Ctrl Pts',(-19.3167015941514,-7.24912680649526,45.));
#2592=CARTESIAN_POINT('Ctrl Pts',(-19.5219674343805,-7.22486624461162,45.));
#2593=CARTESIAN_POINT('Ctrl Pts',(-19.7140125805653,-7.19892407682437,45.));
#2594=CARTESIAN_POINT('Ctrl Pts',(-19.8944258211003,-7.1709429265853,45.));
#2595=CARTESIAN_POINT('Ctrl Pts',(-20.0949836166747,-7.13983746119405,45.));
#2596=CARTESIAN_POINT('Ctrl Pts',(-20.281167081968,-7.10621186862784,45.));
#2597=CARTESIAN_POINT('Ctrl Pts',(-20.4552263049222,-7.06958166293182,45.));
#2598=CARTESIAN_POINT('Ctrl Pts',(-20.6453403770827,-7.02957276566829,45.));
#2599=CARTESIAN_POINT('Ctrl Pts',(-20.8209916172797,-6.98597874724009,45.));
#2600=CARTESIAN_POINT('Ctrl Pts',(-20.9851773631997,-6.93818422250509,45.));
#2601=CARTESIAN_POINT('Ctrl Pts',(-21.0986182140261,-6.90516155345179,45.));
#2602=CARTESIAN_POINT('Ctrl Pts',(-21.2065870719302,-6.87013396830915,45.));
#2603=CARTESIAN_POINT('Ctrl Pts',(-21.310082751867,-6.83290497586987,45.));
#2604=CARTESIAN_POINT('Ctrl Pts',(-21.3618305918355,-6.81429047965023,45.));
#2605=CARTESIAN_POINT('Ctrl Pts',(-21.4124602197807,-6.79512572430504,45.));
#2606=CARTESIAN_POINT('Ctrl Pts',(-21.4620967432032,-6.77538675393275,45.));
#2607=CARTESIAN_POINT('Ctrl Pts',(-21.4869150049145,-6.76551726874661,45.));
#2608=CARTESIAN_POINT('Ctrl Pts',(-21.5114849912203,-6.75550423651028,45.));
#2609=CARTESIAN_POINT('Ctrl Pts',(-21.5358223374601,-6.74534470450361,45.));
#2610=CARTESIAN_POINT('Ctrl Pts',(-21.5531048080331,-6.73813020333285,45.));
#2611=CARTESIAN_POINT('Ctrl Pts',(-21.5702699645719,-6.73084182695422,45.));
#2612=CARTESIAN_POINT('Ctrl Pts',(-21.5873234033279,-6.72347852695989,45.));
#2613=CARTESIAN_POINT('Ctrl Pts',(-21.5942847859386,-6.72047275497038,45.));
#2614=CARTESIAN_POINT('Ctrl Pts',(-21.6012271509574,-6.71745467396249,45.));
#2615=CARTESIAN_POINT('Ctrl Pts',(-21.6081521401726,-6.71442366060004,45.));
#2616=CARTESIAN_POINT('Ctrl Pts',(-21.6625150505667,-6.69062944190809,45.));
#2617=CARTESIAN_POINT('Ctrl Pts',(-21.7213062551431,-6.66395958424735,45.));
#2618=CARTESIAN_POINT('Ctrl Pts',(-21.7835295198226,-6.63371411282781,45.));
#2619=CARTESIAN_POINT('Ctrl Pts',(-21.8516694492968,-6.60059267022821,45.));
#2620=CARTESIAN_POINT('Ctrl Pts',(-21.9239243969199,-6.56318188763992,45.));
#2621=CARTESIAN_POINT('Ctrl Pts',(-21.9989255103956,-6.52057901127649,45.));
#2622=CARTESIAN_POINT('Ctrl Pts',(-22.0739252688095,-6.47797690462869,45.));
#2623=CARTESIAN_POINT('Ctrl Pts',(-22.1516691777673,-6.43018155620009,45.));
#2624=CARTESIAN_POINT('Ctrl Pts',(-22.2307528978662,-6.3763269881852,45.));
#2625=CARTESIAN_POINT('Ctrl Pts',(-22.3036480276263,-6.32668673708541,45.));
#2626=CARTESIAN_POINT('Ctrl Pts',(-22.377679951265,-6.27189807621217,45.));
#2627=CARTESIAN_POINT('Ctrl Pts',(-22.4517433297705,-6.21132512932152,45.));
#2628=CARTESIAN_POINT('Ctrl Pts',(-22.4933771160596,-6.17727481759343,45.));
#2629=CARTESIAN_POINT('Ctrl Pts',(-22.5350208631844,-6.14139749282825,45.));
#2630=CARTESIAN_POINT('Ctrl Pts',(-22.5764798667022,-6.10358745378426,45.));
#2631=CARTESIAN_POINT('Ctrl Pts',(-22.6110787116236,-6.07203378470501,45.));
#2632=CARTESIAN_POINT('Ctrl Pts',(-22.6450922635141,-6.03937639266459,45.));
#2633=CARTESIAN_POINT('Ctrl Pts',(-22.6784184664628,-6.00563722061075,45.));
#2634=CARTESIAN_POINT('Ctrl Pts',(-22.7605993845447,-5.92243793928314,45.));
#2635=CARTESIAN_POINT('Ctrl Pts',(-22.8386016083959,-5.8326640749064,45.));
#2636=CARTESIAN_POINT('Ctrl Pts',(-22.9108841757805,-5.73661251794445,45.));
#2637=CARTESIAN_POINT('Ctrl Pts',(-22.9645603142581,-5.66528582246254,45.));
#2638=CARTESIAN_POINT('Ctrl Pts',(-23.0150824485831,-5.59049630707179,45.));
#2639=CARTESIAN_POINT('Ctrl Pts',(-23.0618082322887,-5.51234952374872,45.));
#2640=CARTESIAN_POINT('Ctrl Pts',(-23.094026481143,-5.45846594357968,45.));
#2641=CARTESIAN_POINT('Ctrl Pts',(-23.1244396015448,-5.40298592155173,45.));
#2642=CARTESIAN_POINT('Ctrl Pts',(-23.1528325793488,-5.3459406545871,45.));
#2643=CARTESIAN_POINT('Ctrl Pts',(-23.1617092523466,-5.3281062384713,45.));
#2644=CARTESIAN_POINT('Ctrl Pts',(-23.1703884443133,-5.3101188092696,45.));
#2645=CARTESIAN_POINT('Ctrl Pts',(-23.1788634876292,-5.29197928175653,45.));
#2646=CARTESIAN_POINT('Ctrl Pts',(-23.2318350005284,-5.17860190068281,45.));
#2647=CARTESIAN_POINT('Ctrl Pts',(-23.2752988644661,-5.06283953391295,45.));
#2648=CARTESIAN_POINT('Ctrl Pts',(-23.3100037746315,-4.94636579398172,45.));
#2649=CARTESIAN_POINT('Ctrl Pts',(-23.3298957745879,-4.87960591422406,45.));
#2650=CARTESIAN_POINT('Ctrl Pts',(-23.3469109106991,-4.8126125816807,45.));
#2651=CARTESIAN_POINT('Ctrl Pts',(-23.3611952867041,-4.74570166486382,45.));
#2652=CARTESIAN_POINT('Ctrl Pts',(-23.3705665758805,-4.70180464406798,45.));
#2653=CARTESIAN_POINT('Ctrl Pts',(-23.3787626086228,-4.65794309967017,45.));
#2654=CARTESIAN_POINT('Ctrl Pts',(-23.3858253904767,-4.61420609339126,45.));
#2655=CARTESIAN_POINT('Ctrl Pts',(-23.3867793831157,-4.60829839541817,45.));
#2656=CARTESIAN_POINT('Ctrl Pts',(-23.3877127004665,-4.60239297067363,45.));
#2657=CARTESIAN_POINT('Ctrl Pts',(-23.3886254474307,-4.59649003431716,45.));
#2658=CARTESIAN_POINT('Ctrl Pts',(-23.4205025189575,-4.39033396716576,45.));
#2659=CARTESIAN_POINT('Ctrl Pts',(-23.4283061320261,-4.19345366485305,45.));
#2660=CARTESIAN_POINT('Ctrl Pts',(-23.4214362515244,-4.00710885310656,45.));
#2661=CARTESIAN_POINT('Ctrl Pts',(-23.4153538185495,-3.84212347564672,45.));
#2662=CARTESIAN_POINT('Ctrl Pts',(-23.3977705849212,-3.6853968181718,45.));
#2663=CARTESIAN_POINT('Ctrl Pts',(-23.3752374672213,-3.53779833226349,45.));
#2664=CARTESIAN_POINT('Ctrl Pts',(-23.3692674460702,-3.49869295437103,45.));
#2665=CARTESIAN_POINT('Ctrl Pts',(-23.3628495036881,-3.45988655669642,45.));
#2666=CARTESIAN_POINT('Ctrl Pts',(-23.3560259285169,-3.42138875611863,45.));
#2667=CARTESIAN_POINT('Ctrl Pts',(-23.3305571795715,-3.27769709987278,45.));
#2668=CARTESIAN_POINT('Ctrl Pts',(-23.29944009604,-3.13830269270881,45.));
#2669=CARTESIAN_POINT('Ctrl Pts',(-23.2648467026097,-3.00371087229734,45.));
#2670=CARTESIAN_POINT('Ctrl Pts',(-23.239045390756,-2.90332622693507,45.));
#2671=CARTESIAN_POINT('Ctrl Pts',(-23.211309143731,-2.80561345892994,45.));
#2672=CARTESIAN_POINT('Ctrl Pts',(-23.1825310576777,-2.71079019499911,45.));
#2673=CARTESIAN_POINT('Ctrl Pts',(-23.1796647710025,-2.70134583315374,45.));
#2674=CARTESIAN_POINT('Ctrl Pts',(-23.1767881468227,-2.69193014121939,45.));
#2675=CARTESIAN_POINT('Ctrl Pts',(-23.1739020672756,-2.68254334095014,45.));
#2676=CARTESIAN_POINT('Ctrl Pts',(-23.1300090335366,-2.53978388674985,45.));
#2677=CARTESIAN_POINT('Ctrl Pts',(-23.0827937115791,-2.40019869583886,45.));
#2678=CARTESIAN_POINT('Ctrl Pts',(-23.0343553616225,-2.26598836001399,45.));
#2679=CARTESIAN_POINT('Ctrl Pts',(-22.9945571736895,-2.15571771346035,45.));
#2680=CARTESIAN_POINT('Ctrl Pts',(-22.9539324282459,-2.04907533295216,45.));
#2681=CARTESIAN_POINT('Ctrl Pts',(-22.9136555623587,-1.94731677206486,45.));
#2682=CARTESIAN_POINT('Ctrl Pts',(-22.8759288650563,-1.85200115254097,45.));
#2683=CARTESIAN_POINT('Ctrl Pts',(-22.8385068370072,-1.76097008016753,45.));
#2684=CARTESIAN_POINT('Ctrl Pts',(-22.8023738366868,-1.67529342630547,45.));
#2685=CARTESIAN_POINT('Ctrl Pts',(-22.7689262884004,-1.59598437386988,45.));
#2686=CARTESIAN_POINT('Ctrl Pts',(-22.7365830374957,-1.52126332329956,45.));
#2687=CARTESIAN_POINT('Ctrl Pts',(-22.706147069192,-1.45201569620907,45.));
#2688=CARTESIAN_POINT('Ctrl Pts',(-22.6763963926777,-1.38432723851345,45.));
#2689=CARTESIAN_POINT('Ctrl Pts',(-22.6484677222947,-1.32186815713384,45.));
#2690=CARTESIAN_POINT('Ctrl Pts',(-22.6231376059241,-1.26550557198864,45.));
#2691=CARTESIAN_POINT('Ctrl Pts',(-22.6188740721125,-1.25601869147223,45.));
#2692=CARTESIAN_POINT('Ctrl Pts',(-22.614604204544,-1.24653967790055,45.));
#2693=CARTESIAN_POINT('Ctrl Pts',(-22.610331443301,-1.23707613267527,44.9999999999999));
#2694=CARTESIAN_POINT('Ctrl Pts',(-22.54540316203,-1.09326942519597,44.9999999999986));
#2695=CARTESIAN_POINT('Ctrl Pts',(-22.4795694189712,-0.952499025712187,
44.9999999999874));
#2696=CARTESIAN_POINT('Ctrl Pts',(-22.4126206171452,-0.814144393488864,
44.9999999999704));
#2697=CARTESIAN_POINT('Ctrl Pts',(-22.3408354495223,-0.665795054969145,
44.9999999999522));
#2698=CARTESIAN_POINT('Ctrl Pts',(-22.2677689630383,-0.52022347184236,44.9999999999273));
#2699=CARTESIAN_POINT('Ctrl Pts',(-22.1931388277693,-0.376722138368127,
44.9999999999003));
#2700=CARTESIAN_POINT('Ctrl Pts',(-22.1172174337079,-0.230737929070336,
44.9999999998729));
#2701=CARTESIAN_POINT('Ctrl Pts',(-22.0396783765377,-0.0868971880765247,
44.9999999998432));
#2702=CARTESIAN_POINT('Ctrl Pts',(-21.9601912349561,0.0554984947684818,
44.999999999816));
#2703=CARTESIAN_POINT('Ctrl Pts',(-21.8801791013844,0.198834664230965,44.9999999997886));
#2704=CARTESIAN_POINT('Ctrl Pts',(-21.7981936280002,0.340705562830814,44.9999999997636));
#2705=CARTESIAN_POINT('Ctrl Pts',(-21.7138560305553,0.481792297002807,44.9999999997458));
#2706=CARTESIAN_POINT('Ctrl Pts',(-21.6349001449431,0.613876069628198,44.9999999997292));
#2707=CARTESIAN_POINT('Ctrl Pts',(-21.553882742893,0.745271554036312,44.9999999997188));
#2708=CARTESIAN_POINT('Ctrl Pts',(-21.4704534023638,0.876525530349993,44.9999999997188));
#2709=CARTESIAN_POINT('',(-21.391217833529,1.,44.9999999997257));
#2710=CARTESIAN_POINT('Ctrl Pts',(-21.4704534023638,0.876525530349995,44.9999999997188));
#2711=CARTESIAN_POINT('Ctrl Pts',(-21.4442004854653,0.917827543657416,44.9999999997188));
#2712=CARTESIAN_POINT('Ctrl Pts',(-21.4177882038325,0.95898469173965,44.9999999997213));
#2713=CARTESIAN_POINT('Ctrl Pts',(-21.3912178335268,1.00000000000337,44.9999999997257));
#2714=CARTESIAN_POINT('',(-26.85,1.,45.));
#2715=CARTESIAN_POINT('',(0.569337055569377,1.,45.));
#2716=CARTESIAN_POINT('',(-26.85,-7.15,45.));
#2717=CARTESIAN_POINT('',(-26.85,-0.949999999999999,45.));
#2718=CARTESIAN_POINT('',(-32.15,-7.15,45.));
#2719=CARTESIAN_POINT('',(-13.1403314722153,-7.15,45.));
#2720=CARTESIAN_POINT('',(-32.15,1.,45.));
#2721=CARTESIAN_POINT('',(-32.15,-3.075,45.));
#2722=CARTESIAN_POINT('',(-35.4704534023638,1.,45.));
#2723=CARTESIAN_POINT('',(0.569337055569377,1.,45.));
#2724=CARTESIAN_POINT('',(-35.4704534023638,14.,45.));
#2725=CARTESIAN_POINT('',(-35.4704534023638,-12.,45.));
#2726=CARTESIAN_POINT('Origin',(-35.4704534023638,-12.,25.));
#2727=CARTESIAN_POINT('',(-25.5420192746311,-12.,34.5289445465668));
#2728=CARTESIAN_POINT('Origin',(-29.0420192746311,-12.,34.5289445465668));
#2729=CARTESIAN_POINT('Origin',(-29.0420192746311,-12.,34.5289445465668));
#2730=CARTESIAN_POINT('Origin',(30.9117295669099,-12.,35.0873706931333));
#2731=CARTESIAN_POINT('Origin',(-29.0420192746311,-12.,34.5289445465668));
#2732=CARTESIAN_POINT('',(-25.5420192746311,-2.,34.5289445465668));
#2733=CARTESIAN_POINT('',(-25.5420192746311,-12.,34.5289445465668));
#2734=CARTESIAN_POINT('Origin',(-29.0420192746311,-2.,34.5289445465668));
#2735=CARTESIAN_POINT('Ctrl Pts',(21.5498905931144,-2.31842068189438,24.45708645954));
#2736=CARTESIAN_POINT('Ctrl Pts',(21.5670014099201,-2.31842068189433,24.5819864651667));
#2737=CARTESIAN_POINT('Ctrl Pts',(21.5836614916331,-2.31842068189434,24.7082755299457));
#2738=CARTESIAN_POINT('Ctrl Pts',(21.6604841924329,-2.31842068189478,25.3180467390436));
#2739=CARTESIAN_POINT('Ctrl Pts',(21.7191991106821,-2.31842068189518,25.7878084758397));
#2740=CARTESIAN_POINT('Ctrl Pts',(21.7926437497419,-2.31842068189515,26.3383391726461));
#2741=CARTESIAN_POINT('Ctrl Pts',(21.8280460376622,-2.31842068189516,26.6054925652774));
#2742=CARTESIAN_POINT('Ctrl Pts',(21.8710817739906,-2.31842068189523,26.9348507780015));
#2743=CARTESIAN_POINT('Ctrl Pts',(21.9061459130415,-2.31842068189531,27.2038936275303));
#2744=CARTESIAN_POINT('Ctrl Pts',(21.920591724322,-2.31842068189534,27.3149213601595));
#2745=CARTESIAN_POINT('Ctrl Pts',(21.9290516818295,-2.31842068189536,27.3800104573621));
#2746=CARTESIAN_POINT('Ctrl Pts',(21.9424077496672,-2.31842068189539,27.4828556078781));
#2747=CARTESIAN_POINT('Ctrl Pts',(21.9541252175372,-2.31842068189542,27.5732575092676));
#2748=CARTESIAN_POINT('Ctrl Pts',(22.0155505639114,-2.31842068189555,28.0443315402995));
#2749=CARTESIAN_POINT('Ctrl Pts',(22.0697466835976,-2.31842068189579,28.4697057513163));
#2750=CARTESIAN_POINT('Ctrl Pts',(22.1365462902677,-2.31842068189615,28.9982217719854));
#2751=CARTESIAN_POINT('Ctrl Pts',(22.1824499052508,-2.31842068189646,29.3653380197758));
#2752=CARTESIAN_POINT('Ctrl Pts',(22.227652195878,-2.31842068189701,29.7449362273969));
#2753=CARTESIAN_POINT('Ctrl Pts',(22.3070413881829,-2.31842068189857,30.4536399753652));
#2754=CARTESIAN_POINT('Ctrl Pts',(22.3490154755305,-2.31842068189995,30.8676211140681));
#2755=CARTESIAN_POINT('Ctrl Pts',(22.4292144883047,-2.31842068190143,31.5765126182505));
#2756=CARTESIAN_POINT('Ctrl Pts',(22.4639778103019,-2.31842068190194,31.8747139934303));
#2757=CARTESIAN_POINT('Ctrl Pts',(22.5251243015091,-2.31842068190266,32.3859548794105));
#2758=CARTESIAN_POINT('Ctrl Pts',(22.5515479813054,-2.31842068190291,32.6026975695081));
#2759=CARTESIAN_POINT('Ctrl Pts',(22.6379061126457,-2.31842068190374,33.3118060637172));
#2760=CARTESIAN_POINT('Ctrl Pts',(22.6952445250402,-2.31842068190428,33.781758630597));
#2761=CARTESIAN_POINT('Ctrl Pts',(22.7913689336911,-2.31842068190408,34.4911619686271));
#2762=CARTESIAN_POINT('Ctrl Pts',(22.8291426535881,-2.31842068190395,34.7660784393035));
#2763=CARTESIAN_POINT('Ctrl Pts',(22.9044932881106,-2.31842068190411,35.3444676854942));
#2764=CARTESIAN_POINT('Ctrl Pts',(22.9406116477373,-2.31842068190437,35.6348671044297));
#2765=CARTESIAN_POINT('Ctrl Pts',(22.9759311655697,-2.31842068190461,35.9176915590182));
#2766=CARTESIAN_POINT('Ctrl Pts',(21.5498905932409,-3.51521788326192,24.4570864595232));
#2767=CARTESIAN_POINT('Ctrl Pts',(21.5670014100466,-3.51521788326187,24.5819864651499));
#2768=CARTESIAN_POINT('Ctrl Pts',(21.5836614917595,-3.51521788326188,24.7082755299289));
#2769=CARTESIAN_POINT('Ctrl Pts',(21.6604841925593,-3.51521788326232,25.3180467390268));
#2770=CARTESIAN_POINT('Ctrl Pts',(21.7191991108086,-3.51521788326272,25.7878084758229));
#2771=CARTESIAN_POINT('Ctrl Pts',(21.7926437498683,-3.51521788326269,26.3383391726293));
#2772=CARTESIAN_POINT('Ctrl Pts',(21.8280460377887,-3.5152178832627,26.6054925652606));
#2773=CARTESIAN_POINT('Ctrl Pts',(21.8710817741171,-3.51521788326277,26.9348507779847));
#2774=CARTESIAN_POINT('Ctrl Pts',(21.9061459131679,-3.51521788326285,27.2038936275135));
#2775=CARTESIAN_POINT('Ctrl Pts',(21.9205917244484,-3.51521788326288,27.3149213601427));
#2776=CARTESIAN_POINT('Ctrl Pts',(21.929051681956,-3.5152178832629,27.3800104573453));
#2777=CARTESIAN_POINT('Ctrl Pts',(21.9424077497937,-3.51521788326293,27.4828556078613));
#2778=CARTESIAN_POINT('Ctrl Pts',(21.9541252176636,-3.51521788326296,27.5732575092508));
#2779=CARTESIAN_POINT('Ctrl Pts',(22.0155505640378,-3.51521788326309,28.0443315402827));
#2780=CARTESIAN_POINT('Ctrl Pts',(22.069746683724,-3.51521788326333,28.4697057512995));
#2781=CARTESIAN_POINT('Ctrl Pts',(22.1365462903942,-3.51521788326369,28.9982217719686));
#2782=CARTESIAN_POINT('Ctrl Pts',(22.1824499053773,-3.515217883264,29.365338019759));
#2783=CARTESIAN_POINT('Ctrl Pts',(22.2276521960044,-3.51521788326455,29.7449362273801));
#2784=CARTESIAN_POINT('Ctrl Pts',(22.3070413883093,-3.51521788326611,30.4536399753484));
#2785=CARTESIAN_POINT('Ctrl Pts',(22.3490154756569,-3.51521788326749,30.8676211140513));
#2786=CARTESIAN_POINT('Ctrl Pts',(22.4292144884311,-3.51521788326897,31.5765126182337));
#2787=CARTESIAN_POINT('Ctrl Pts',(22.4639778104284,-3.51521788326948,31.8747139934135));
#2788=CARTESIAN_POINT('Ctrl Pts',(22.5251243016355,-3.5152178832702,32.3859548793937));
#2789=CARTESIAN_POINT('Ctrl Pts',(22.5515479814318,-3.51521788327045,32.6026975694913));
#2790=CARTESIAN_POINT('Ctrl Pts',(22.6379061127722,-3.51521788327128,33.3118060637004));
#2791=CARTESIAN_POINT('Ctrl Pts',(22.6952445251666,-3.51521788327181,33.7817586305802));
#2792=CARTESIAN_POINT('Ctrl Pts',(22.7913689338176,-3.51521788327162,34.4911619686103));
#2793=CARTESIAN_POINT('Ctrl Pts',(22.8291426537146,-3.51521788327149,34.7660784392867));
#2794=CARTESIAN_POINT('Ctrl Pts',(22.9044932882371,-3.51521788327165,35.3444676854774));
#2795=CARTESIAN_POINT('Ctrl Pts',(22.9406116478637,-3.51521788327191,35.6348671044128));
#2796=CARTESIAN_POINT('Ctrl Pts',(22.9759311656962,-3.51521788327215,35.9176915590014));
#2797=CARTESIAN_POINT('Ctrl Pts',(20.5543397745733,-5.58682097913284,24.5934730641004));
#2798=CARTESIAN_POINT('Ctrl Pts',(20.5709972673464,-5.58682097913278,24.7150632672704));
#2799=CARTESIAN_POINT('Ctrl Pts',(20.5871757041716,-5.5868209791328,24.8377107869717));
#2800=CARTESIAN_POINT('Ctrl Pts',(20.6634163532167,-5.58682097913324,25.4428944564382));
#2801=CARTESIAN_POINT('Ctrl Pts',(20.7224335921842,-5.58682097913363,25.9151655620934));
#2802=CARTESIAN_POINT('Ctrl Pts',(20.7964989132956,-5.5868209791336,26.4703233370616));
#2803=CARTESIAN_POINT('Ctrl Pts',(20.8316384320949,-5.58682097913362,26.7354967597033));
#2804=CARTESIAN_POINT('Ctrl Pts',(20.8744970753099,-5.5868209791337,27.0634731637162));
#2805=CARTESIAN_POINT('Ctrl Pts',(20.909326572938,-5.58682097913377,27.3307203427202));
#2806=CARTESIAN_POINT('Ctrl Pts',(20.9238803058213,-5.5868209791338,27.4425745367015));
#2807=CARTESIAN_POINT('Ctrl Pts',(20.9323566560163,-5.58682097913382,27.5077884568527));
#2808=CARTESIAN_POINT('Ctrl Pts',(20.9456067304012,-5.58682097913386,27.6098195591522));
#2809=CARTESIAN_POINT('Ctrl Pts',(20.9568384445406,-5.58682097913389,27.6964964674184));
#2810=CARTESIAN_POINT('Ctrl Pts',(21.0189015024532,-5.586820979134,28.172446505422));
#2811=CARTESIAN_POINT('Ctrl Pts',(21.0726723406495,-5.58682097913424,28.5944677701849));
#2812=CARTESIAN_POINT('Ctrl Pts',(21.1395262360813,-5.58682097913461,29.1233963500369));
#2813=CARTESIAN_POINT('Ctrl Pts',(21.1849465732959,-5.5868209791349,29.4865478837767));
#2814=CARTESIAN_POINT('Ctrl Pts',(21.2294096557847,-5.58682097913545,29.8599583351742));
#2815=CARTESIAN_POINT('Ctrl Pts',(21.3080705640288,-5.586820979137,30.5625375645818));
#2816=CARTESIAN_POINT('Ctrl Pts',(21.3501500722148,-5.58682097913838,30.9772447428951));
#2817=CARTESIAN_POINT('Ctrl Pts',(21.4310115487848,-5.58682097913986,31.6919278527562));
#2818=CARTESIAN_POINT('Ctrl Pts',(21.4659892139318,-5.58682097914038,31.9919610480161));
#2819=CARTESIAN_POINT('Ctrl Pts',(21.5275524998877,-5.58682097914111,32.5066845576169));
#2820=CARTESIAN_POINT('Ctrl Pts',(21.5540724981047,-5.58682097914136,32.7242124495635));
#2821=CARTESIAN_POINT('Ctrl Pts',(21.6404058222301,-5.58682097914219,33.433180524728));
#2822=CARTESIAN_POINT('Ctrl Pts',(21.6982820966973,-5.58682097914274,33.9077906305546));
#2823=CARTESIAN_POINT('Ctrl Pts',(21.795759929995,-5.58682097914254,34.6271478872204));
#2824=CARTESIAN_POINT('Ctrl Pts',(21.8331635099466,-5.58682097914241,34.8993515318852));
#2825=CARTESIAN_POINT('Ctrl Pts',(21.9075120837485,-5.58682097914257,35.4700592827942));
#2826=CARTESIAN_POINT('Ctrl Pts',(21.9434417969006,-5.58682097914282,35.7588796860119));
#2827=CARTESIAN_POINT('Ctrl Pts',(21.9788265822657,-5.58682097914306,36.0422113893889));
#2828=CARTESIAN_POINT('Ctrl Pts',(18.4761978547132,-6.31842068222503,24.8781704546938));
#2829=CARTESIAN_POINT('Ctrl Pts',(18.4919079603413,-6.31842068222498,24.9928454490269));
#2830=CARTESIAN_POINT('Ctrl Pts',(18.507081137392,-6.31842068222499,25.1078923167294));
#2831=CARTESIAN_POINT('Ctrl Pts',(18.5821171748441,-6.31842068222543,25.7035052508094));
#2832=CARTESIAN_POINT('Ctrl Pts',(18.6417650879708,-6.31842068222583,26.1810144159359));
#2833=CARTESIAN_POINT('Ctrl Pts',(18.7171554753821,-6.3184206822258,26.7461119831943));
#2834=CARTESIAN_POINT('Ctrl Pts',(18.7518437980789,-6.31842068222581,27.0078828387386));
#2835=CARTESIAN_POINT('Ctrl Pts',(18.7944724370154,-6.3184206822259,27.3340719685341));
#2836=CARTESIAN_POINT('Ctrl Pts',(18.8290325850828,-6.31842068222597,27.599258899019));
#2837=CARTESIAN_POINT('Ctrl Pts',(18.8436509459731,-6.318420682226,27.7116070517277));
#2838=CARTESIAN_POINT('Ctrl Pts',(18.852127201692,-6.31842068222602,27.7768189385181));
#2839=CARTESIAN_POINT('Ctrl Pts',(18.8652681331328,-6.31842068222605,27.8780111787969));
#2840=CARTESIAN_POINT('Ctrl Pts',(18.8760777911507,-6.31842068222609,27.9614512989942));
#2841=CARTESIAN_POINT('Ctrl Pts',(18.9385537860613,-6.3184206822262,28.4405723555361));
#2842=CARTESIAN_POINT('Ctrl Pts',(18.9915654387684,-6.31842068222643,28.8566168984558));
#2843=CARTESIAN_POINT('Ctrl Pts',(19.0583919030426,-6.3184206822268,29.3853332963867));
#2844=CARTESIAN_POINT('Ctrl Pts',(19.1029059133482,-6.31842068222709,29.7411749988603));
#2845=CARTESIAN_POINT('Ctrl Pts',(19.1456946927235,-6.31842068222761,30.1006218881677));
#2846=CARTESIAN_POINT('Ctrl Pts',(19.2218337206343,-6.31842068222912,30.7805806614055));
#2847=CARTESIAN_POINT('Ctrl Pts',(19.2649149302918,-6.31842068223051,31.204374122831));
#2848=CARTESIAN_POINT('Ctrl Pts',(19.3473267643672,-6.31842068223203,31.9327793856021));
#2849=CARTESIAN_POINT('Ctrl Pts',(19.3827550571781,-6.31842068223255,32.2366668104959));
#2850=CARTESIAN_POINT('Ctrl Pts',(19.4452069769284,-6.31842068223329,32.7588207342769));
#2851=CARTESIAN_POINT('Ctrl Pts',(19.471928732196,-6.31842068223354,32.9779909854731));
#2852=CARTESIAN_POINT('Ctrl Pts',(19.5582135099346,-6.31842068223437,33.6865423415372));
#2853=CARTESIAN_POINT('Ctrl Pts',(19.61721135154,-6.31842068223494,34.1708742268817));
#2854=CARTESIAN_POINT('Ctrl Pts',(19.7176614424573,-6.31842068223473,34.9121767492211));
#2855=CARTESIAN_POINT('Ctrl Pts',(19.7542167025055,-6.3184206822346,35.178223053784));
#2856=CARTESIAN_POINT('Ctrl Pts',(19.8264473656768,-6.31842068223475,35.7326708422386));
#2857=CARTESIAN_POINT('Ctrl Pts',(19.8619807826192,-6.31842068223501,36.0181952871461));
#2858=CARTESIAN_POINT('Ctrl Pts',(19.8974412883595,-6.31842068223525,36.3021377281883));
#2859=CARTESIAN_POINT('Ctrl Pts',(17.5869062468722,-6.31842068232069,24.9999999591223));
#2860=CARTESIAN_POINT('Ctrl Pts',(17.6022106650358,-6.31842068232064,25.1117142002625));
#2861=CARTESIAN_POINT('Ctrl Pts',(17.6169536998496,-6.31842068232066,25.2235087523825));
#2862=CARTESIAN_POINT('Ctrl Pts',(17.6914768403784,-6.31842068232109,25.8150274705856));
#2863=CARTESIAN_POINT('Ctrl Pts',(17.7513945361018,-6.31842068232149,26.2947781215976));
#2864=CARTESIAN_POINT('Ctrl Pts',(17.8273592935126,-6.31842068232146,26.8641992715345));
#2865=CARTESIAN_POINT('Ctrl Pts',(17.8618788008987,-6.31842068232148,27.1246962068085));
#2866=CARTESIAN_POINT('Ctrl Pts',(17.9044438370876,-6.31842068232156,27.4503940639054));
#2867=CARTESIAN_POINT('Ctrl Pts',(17.9389436867652,-6.31842068232163,27.7151202437647));
#2868=CARTESIAN_POINT('Ctrl Pts',(17.9535496492802,-6.31842068232166,27.8273727990142));
#2869=CARTESIAN_POINT('Ctrl Pts',(17.9620173094339,-6.31842068232169,27.8925183445506));
#2870=CARTESIAN_POINT('Ctrl Pts',(17.9751394878987,-6.31842068232172,27.9935661353097));
#2871=CARTESIAN_POINT('Ctrl Pts',(17.9859161181591,-6.31842068232175,28.0767528074877));
#2872=CARTESIAN_POINT('Ctrl Pts',(18.0483398783753,-6.31842068232186,28.5554837238434));
#2873=CARTESIAN_POINT('Ctrl Pts',(18.1010587088735,-6.3184206823221,28.9692255602759));
#2874=CARTESIAN_POINT('Ctrl Pts',(18.1678383407238,-6.31842068232246,29.4975835409084));
#2875=CARTESIAN_POINT('Ctrl Pts',(18.2119900611393,-6.31842068232275,29.8505380802438));
#2876=CARTESIAN_POINT('Ctrl Pts',(18.2540296360223,-6.31842068232326,30.2037485349689));
#2877=CARTESIAN_POINT('Ctrl Pts',(18.3288397503572,-6.31842068232474,30.8715750599126));
#2878=CARTESIAN_POINT('Ctrl Pts',(18.3725444983461,-6.31842068232615,31.3011443600841));
#2879=CARTESIAN_POINT('Ctrl Pts',(18.4556615360876,-6.31842068232768,32.0358287392254));
#2880=CARTESIAN_POINT('Ctrl Pts',(18.4912834625499,-6.31842068232821,32.3413730785748));
#2881=CARTESIAN_POINT('Ctrl Pts',(18.5541202906026,-6.31842068232895,32.8667467347185));
#2882=CARTESIAN_POINT('Ctrl Pts',(18.5809285573396,-6.3184206823292,33.0866206189051));
#2883=CARTESIAN_POINT('Ctrl Pts',(18.6671933678503,-6.31842068233003,33.7949628321398));
#2884=CARTESIAN_POINT('Ctrl Pts',(18.7266708628674,-6.31842068233061,34.2834547971777));
#2885=CARTESIAN_POINT('Ctrl Pts',(18.8284295317459,-6.31842068233039,35.0344392806099));
#2886=CARTESIAN_POINT('Ctrl Pts',(18.8646029046563,-6.31842068233027,35.2977274037025));
#2887=CARTESIAN_POINT('Ctrl Pts',(18.935920730849,-6.31842068233042,35.8451609322052));
#2888=CARTESIAN_POINT('Ctrl Pts',(18.9712839363985,-6.31842068233067,36.1292749810732));
#2889=CARTESIAN_POINT('Ctrl Pts',(19.0067617554243,-6.31842068233091,36.4133670477755));
#2890=CARTESIAN_POINT('',(19.0067617554243,-6.31842068233091,36.4133670477755));
#2891=CARTESIAN_POINT('Ctrl Pts',(17.5869062524197,-6.31842068232069,24.9999999996165));
#2892=CARTESIAN_POINT('Ctrl Pts',(17.6022106685985,-6.31842068232064,25.111714227278));
#2893=CARTESIAN_POINT('Ctrl Pts',(17.6169537015527,-6.31842068232066,25.2235087659008));
#2894=CARTESIAN_POINT('Ctrl Pts',(17.6914768403784,-6.31842068232109,25.8150274705856));
#2895=CARTESIAN_POINT('Ctrl Pts',(17.7513945361018,-6.31842068232149,26.2947781215976));
#2896=CARTESIAN_POINT('Ctrl Pts',(17.8500747640697,-6.31842068232145,27.0344712477357));
#2897=CARTESIAN_POINT('Ctrl Pts',(17.8926846825833,-6.31842068232156,27.3601630606024));
#2898=CARTESIAN_POINT('Ctrl Pts',(17.9436221666795,-6.31842068232164,27.751019418017));
#2899=CARTESIAN_POINT('Ctrl Pts',(17.9690363085768,-6.31842068232169,27.9464546389299));
#2900=CARTESIAN_POINT('Ctrl Pts',(17.9859161181591,-6.31842068232175,28.0767528074877));
#2901=CARTESIAN_POINT('Ctrl Pts',(18.0483398783753,-6.31842068232186,28.5554837238434));
#2902=CARTESIAN_POINT('Ctrl Pts',(18.1010587088735,-6.3184206823221,28.9692255602759));
#2903=CARTESIAN_POINT('Ctrl Pts',(18.1979612580619,-6.31842068232262,29.7359149502696));
#2904=CARTESIAN_POINT('Ctrl Pts',(18.241174336822,-6.31842068232302,30.0889898573714));
#2905=CARTESIAN_POINT('Ctrl Pts',(18.3288397503572,-6.31842068232474,30.8715750599126));
#2906=CARTESIAN_POINT('Ctrl Pts',(18.3725444983461,-6.31842068232615,31.3011443600841));
#2907=CARTESIAN_POINT('Ctrl Pts',(18.4556615360876,-6.31842068232768,32.0358287392254));
#2908=CARTESIAN_POINT('Ctrl Pts',(18.4912834625499,-6.31842068232821,32.3413730785748));
#2909=CARTESIAN_POINT('Ctrl Pts',(18.5541202906026,-6.31842068232895,32.8667467347185));
#2910=CARTESIAN_POINT('Ctrl Pts',(18.5809285573396,-6.3184206823292,33.0866206189051));
#2911=CARTESIAN_POINT('Ctrl Pts',(18.6671933678503,-6.31842068233003,33.7949628321398));
#2912=CARTESIAN_POINT('Ctrl Pts',(18.7266708628674,-6.31842068233061,34.2834547971777));
#2913=CARTESIAN_POINT('Ctrl Pts',(18.8284295317459,-6.31842068233039,35.0344392806099));
#2914=CARTESIAN_POINT('Ctrl Pts',(18.8646029046563,-6.31842068233027,35.2977274037025));
#2915=CARTESIAN_POINT('Ctrl Pts',(18.935920730849,-6.31842068233042,35.8451609322052));
#2916=CARTESIAN_POINT('Ctrl Pts',(18.9712839363985,-6.31842068233067,36.1292749810732));
#2917=CARTESIAN_POINT('Ctrl Pts',(19.0067617554243,-6.31842068233091,36.4133670477755));
#2918=CARTESIAN_POINT('',(22.9759311655701,-2.31842068190461,35.91769155902));
#2919=CARTESIAN_POINT('Origin',(19.0067617550016,-2.31842068233091,36.4133670478317));
#2920=CARTESIAN_POINT('Ctrl Pts',(22.9759311655698,-2.31842068190461,35.9176915590182));
#2921=CARTESIAN_POINT('Ctrl Pts',(22.9710540556184,-2.31842068190458,35.8786376294454));
#2922=CARTESIAN_POINT('Ctrl Pts',(22.9661491117886,-2.31842068190454,35.839340503643));
#2923=CARTESIAN_POINT('Ctrl Pts',(22.961221724949,-2.31842068190451,35.7998869620253));
#2924=CARTESIAN_POINT('Ctrl Pts',(22.9559005003426,-2.31842068190447,35.7572799649905));
#2925=CARTESIAN_POINT('Ctrl Pts',(22.9505530526494,-2.31842068190444,35.7144899209712));
#2926=CARTESIAN_POINT('Ctrl Pts',(22.9451789878642,-2.3184206819044,35.6715608665606));
#2927=CARTESIAN_POINT('Ctrl Pts',(22.9391959935412,-2.31842068190436,35.6237675668703));
#2928=CARTESIAN_POINT('Ctrl Pts',(22.933179948074,-2.31842068190433,35.5758010795853));
#2929=CARTESIAN_POINT('Ctrl Pts',(22.9271225695976,-2.31842068190429,35.5276561419826));
#2930=CARTESIAN_POINT('Ctrl Pts',(22.9189171219927,-2.31842068190424,35.4624380341033));
#2931=CARTESIAN_POINT('Ctrl Pts',(22.9106358531447,-2.3184206819042,35.3968905715966));
#2932=CARTESIAN_POINT('Ctrl Pts',(22.9022441531994,-2.31842068190416,35.3309009720075));
#2933=CARTESIAN_POINT('Ctrl Pts',(22.8953843095898,-2.31842068190412,35.2769573925197));
#2934=CARTESIAN_POINT('Ctrl Pts',(22.8884501548313,-2.3184206819041,35.2227138405803));
#2935=CARTESIAN_POINT('Ctrl Pts',(22.8814203697903,-2.31842068190407,35.1681119017979));
#2936=CARTESIAN_POINT('Ctrl Pts',(22.8761422316727,-2.31842068190405,35.1271154029433));
#2937=CARTESIAN_POINT('Ctrl Pts',(22.8708101110737,-2.31842068190404,35.0859166129096));
#2938=CARTESIAN_POINT('Ctrl Pts',(22.8654159311375,-2.31842068190403,35.0445110469595));
#2939=CARTESIAN_POINT('Ctrl Pts',(22.8648296704302,-2.31842068190403,35.0400109270774));
#2940=CARTESIAN_POINT('Ctrl Pts',(22.8642427274788,-2.31842068190403,35.0355087718075));
#2941=CARTESIAN_POINT('Ctrl Pts',(22.8636551618518,-2.31842068190402,35.0310050452551));
#2942=CARTESIAN_POINT('Ctrl Pts',(22.8595564511317,-2.31842068190402,34.999588176309));
#2943=CARTESIAN_POINT('Ctrl Pts',(22.8554279530424,-2.31842068190401,34.9680997016856));
#2944=CARTESIAN_POINT('Ctrl Pts',(22.8512882660492,-2.31842068190401,34.9366781936363));
#2945=CARTESIAN_POINT('Ctrl Pts',(22.8468742823742,-2.318420681904,34.9031746887085));
#2946=CARTESIAN_POINT('Ctrl Pts',(22.842447577267,-2.318420681904,34.8697473302463));
#2947=CARTESIAN_POINT('Ctrl Pts',(22.8380244742909,-2.318420681904,34.8365032141906));
#2948=CARTESIAN_POINT('Ctrl Pts',(22.8332599885729,-2.31842068190401,34.8006932597284));
#2949=CARTESIAN_POINT('Ctrl Pts',(22.8284996321813,-2.31842068190401,34.7650954663054));
#2950=CARTESIAN_POINT('Ctrl Pts',(22.8237571610315,-2.31842068190402,34.7297782450797));
#2951=CARTESIAN_POINT('Ctrl Pts',(22.8181800147352,-2.31842068190402,34.6882451912506));
#2952=CARTESIAN_POINT('Ctrl Pts',(22.8126274862142,-2.31842068190403,34.6470991160865));
#2953=CARTESIAN_POINT('Ctrl Pts',(22.8071141615463,-2.31842068190404,34.6063734514499));
#2954=CARTESIAN_POINT('Ctrl Pts',(22.8001339449931,-2.31842068190405,34.5548121929429));
#2955=CARTESIAN_POINT('Ctrl Pts',(22.7932157477946,-2.31842068190407,34.5039171767301));
#2956=CARTESIAN_POINT('Ctrl Pts',(22.7863845180296,-2.31842068190408,34.4537040649611));
#2957=CARTESIAN_POINT('Ctrl Pts',(22.7812908519932,-2.3184206819041,34.4162629554104));
#2958=CARTESIAN_POINT('Ctrl Pts',(22.7762453130238,-2.31842068190411,34.37919862621));
#2959=CARTESIAN_POINT('Ctrl Pts',(22.7712626255233,-2.31842068190412,34.3425568062484));
#2960=CARTESIAN_POINT('Ctrl Pts',(22.768771281773,-2.31842068190413,34.3242358962676));
#2961=CARTESIAN_POINT('Ctrl Pts',(22.7662957448091,-2.31842068190413,34.3060214790935));
#2962=CARTESIAN_POINT('Ctrl Pts',(22.7638385751285,-2.31842068190414,34.2879259778782));
#2963=CARTESIAN_POINT('Ctrl Pts',(22.7626099902882,-2.31842068190414,34.2788782272705));
#2964=CARTESIAN_POINT('Ctrl Pts',(22.7613860060248,-2.31842068190414,34.269860287683));
#2965=CARTESIAN_POINT('Ctrl Pts',(22.7601669989625,-2.31842068190415,34.2608742432802));
#2966=CARTESIAN_POINT('Ctrl Pts',(22.7595088965235,-2.31842068190415,34.2560229688937));
#2967=CARTESIAN_POINT('Ctrl Pts',(22.7588522454071,-2.31842068190415,34.2511809970017));
#2968=CARTESIAN_POINT('Ctrl Pts',(22.7581971098392,-2.31842068190415,34.246348702309));
#2969=CARTESIAN_POINT('Ctrl Pts',(22.7576957148945,-2.31842068190415,34.2426504019119));
#2970=CARTESIAN_POINT('Ctrl Pts',(22.7571952882446,-2.31842068190415,34.2389583670814));
#2971=CARTESIAN_POINT('Ctrl Pts',(22.7566936321396,-2.31842068190415,34.2352563303162));
#2972=CARTESIAN_POINT('Ctrl Pts',(22.7566366214634,-2.31842068190415,34.2348356125834));
#2973=CARTESIAN_POINT('Ctrl Pts',(22.756579601655,-2.31842068190415,34.2344148154263));
#2974=CARTESIAN_POINT('Ctrl Pts',(22.756522572676,-2.31842068190415,34.2339939384748));
#2975=CARTESIAN_POINT('Ctrl Pts',(22.7333009024713,-2.3184206819042,34.0626167556236));
#2976=CARTESIAN_POINT('Ctrl Pts',(22.7105930394888,-2.31842068190415,33.8884599916253));
#2977=CARTESIAN_POINT('Ctrl Pts',(22.6881487765622,-2.31842068190404,33.7118262463443));
#2978=CARTESIAN_POINT('Ctrl Pts',(22.6643046771534,-2.31842068190393,33.5241759503556));
#2979=CARTESIAN_POINT('Ctrl Pts',(22.6407578599815,-2.31842068190374,33.3337299540874));
#2980=CARTESIAN_POINT('Ctrl Pts',(22.617150786013,-2.31842068190353,33.1408693664561));
#2981=CARTESIAN_POINT('Ctrl Pts',(22.6042641299791,-2.31842068190342,33.0355904124181));
#2982=CARTESIAN_POINT('Ctrl Pts',(22.5913585538261,-2.31842068190329,32.9295922659963));
#2983=CARTESIAN_POINT('Ctrl Pts',(22.5783699011762,-2.31842068190317,32.8229391485721));
#2984=CARTESIAN_POINT('Ctrl Pts',(22.5777238401899,-2.31842068190316,32.817634178142));
#2985=CARTESIAN_POINT('Ctrl Pts',(22.5770779171081,-2.31842068190315,32.8123304847818));
#2986=CARTESIAN_POINT('Ctrl Pts',(22.5764321058408,-2.31842068190315,32.8070278001427));
#2987=CARTESIAN_POINT('Ctrl Pts',(22.5714029178306,-2.3184206819031,32.7657336955668));
#2988=CARTESIAN_POINT('Ctrl Pts',(22.5663821349275,-2.31842068190305,32.724514436762));
#2989=CARTESIAN_POINT('Ctrl Pts',(22.5613796990109,-2.318420681903,32.6834235891583));
#2990=CARTESIAN_POINT('Ctrl Pts',(22.5558305172507,-2.31842068190295,32.6378416794978));
#2991=CARTESIAN_POINT('Ctrl Pts',(22.5503038510674,-2.3184206819029,32.5924170817322));
#2992=CARTESIAN_POINT('Ctrl Pts',(22.5448058283198,-2.31842068190284,32.5471582549507));
#2993=CARTESIAN_POINT('Ctrl Pts',(22.5371409512687,-2.31842068190277,32.4840622368572));
#2994=CARTESIAN_POINT('Ctrl Pts',(22.5295315494721,-2.31842068190269,32.421285489135));
#2995=CARTESIAN_POINT('Ctrl Pts',(22.5219810751593,-2.31842068190261,32.3587476702702));
#2996=CARTESIAN_POINT('Ctrl Pts',(22.5182058380029,-2.31842068190257,32.3274787608378));
#2997=CARTESIAN_POINT('Ctrl Pts',(22.5144451890698,-2.31842068190253,32.2962686197027));
#2998=CARTESIAN_POINT('Ctrl Pts',(22.5106995360339,-2.31842068190249,32.2651093777793));
#2999=CARTESIAN_POINT('Ctrl Pts',(22.508826709516,-2.31842068190247,32.2495297568176));
#3000=CARTESIAN_POINT('Ctrl Pts',(22.5069576385351,-2.31842068190244,32.2339629479522));
#3001=CARTESIAN_POINT('Ctrl Pts',(22.5050924386233,-2.31842068190242,32.2184087293821));
#3002=CARTESIAN_POINT('Ctrl Pts',(22.5040006345228,-2.31842068190241,32.2093039897191));
#3003=CARTESIAN_POINT('Ctrl Pts',(22.5029101578165,-2.3184206819024,32.2002035754361));
#3004=CARTESIAN_POINT('Ctrl Pts',(22.5018210419461,-2.31842068190238,32.191107555123));
#3005=CARTESIAN_POINT('Ctrl Pts',(22.5011183244076,-2.31842068190238,32.1852386359582));
#3006=CARTESIAN_POINT('Ctrl Pts',(22.5004161735566,-2.31842068190237,32.1793715478059));
#3007=CARTESIAN_POINT('Ctrl Pts',(22.4997146003473,-2.31842068190236,32.1735063303256));
#3008=CARTESIAN_POINT('Ctrl Pts',(22.4996459383167,-2.31842068190236,32.1729323093447));
#3009=CARTESIAN_POINT('Ctrl Pts',(22.499577283706,-2.31842068190236,32.1723583220614));
#3010=CARTESIAN_POINT('Ctrl Pts',(22.4995086305747,-2.31842068190236,32.1717843187626));
#3011=CARTESIAN_POINT('Ctrl Pts',(22.4906146155604,-2.31842068190225,32.0974221758813));
#3012=CARTESIAN_POINT('Ctrl Pts',(22.4817892398388,-2.31842068190213,32.0231367599593));
#3013=CARTESIAN_POINT('Ctrl Pts',(22.4730195852997,-2.31842068190201,31.9488360617833));
#3014=CARTESIAN_POINT('Ctrl Pts',(22.4659338808558,-2.31842068190191,31.8888025924022));
#3015=CARTESIAN_POINT('Ctrl Pts',(22.4588845830831,-2.3184206819018,31.8287588717725));
#3016=CARTESIAN_POINT('Ctrl Pts',(22.4518704009172,-2.3184206819017,31.7686924756059));
#3017=CARTESIAN_POINT('Ctrl Pts',(22.4453176649388,-2.3184206819016,31.7125777032853));
#3018=CARTESIAN_POINT('Ctrl Pts',(22.4387955208609,-2.3184206819015,31.6564425372866));
#3019=CARTESIAN_POINT('Ctrl Pts',(22.4323085966119,-2.3184206819014,31.6003183636407));
#3020=CARTESIAN_POINT('Ctrl Pts',(22.4261330068385,-2.31842068190131,31.5468878225236));
#3021=CARTESIAN_POINT('Ctrl Pts',(22.4199892809256,-2.31842068190122,31.493466681493));
#3022=CARTESIAN_POINT('Ctrl Pts',(22.4138875406982,-2.31842068190112,31.440129230033));
#3023=CARTESIAN_POINT('Ctrl Pts',(22.4108366705845,-2.31842068190107,31.413460504303));
#3024=CARTESIAN_POINT('Ctrl Pts',(22.4077963998528,-2.31842068190102,31.3868135053985));
#3025=CARTESIAN_POINT('Ctrl Pts',(22.4047686839892,-2.31842068190097,31.360202989033));
#3026=CARTESIAN_POINT('Ctrl Pts',(22.4032548260574,-2.31842068190094,31.3468977308503));
#3027=CARTESIAN_POINT('Ctrl Pts',(22.4017441146237,-2.31842068190092,31.3336016555155));
#3028=CARTESIAN_POINT('Ctrl Pts',(22.4002368433049,-2.31842068190089,31.3203170028876));
#3029=CARTESIAN_POINT('Ctrl Pts',(22.3994832076456,-2.31842068190088,31.3136746765737));
#3030=CARTESIAN_POINT('Ctrl Pts',(22.3987304325475,-2.31842068190087,31.307035210235));
#3031=CARTESIAN_POINT('Ctrl Pts',(22.3979785579903,-2.31842068190085,31.3003989103707));
#3032=CARTESIAN_POINT('Ctrl Pts',(22.3975071443201,-2.31842068190084,31.2962380534218));
#3033=CARTESIAN_POINT('Ctrl Pts',(22.3970360847051,-2.31842068190084,31.2920784416007));
#3034=CARTESIAN_POINT('Ctrl Pts',(22.3965653894519,-2.31842068190083,31.2879201541255));
#3035=CARTESIAN_POINT('Ctrl Pts',(22.396285355977,-2.31842068190082,31.2854462398821));
#3036=CARTESIAN_POINT('Ctrl Pts',(22.3960056759313,-2.31842068190082,31.2829747785551));
#3037=CARTESIAN_POINT('Ctrl Pts',(22.3957256155845,-2.31842068190081,31.280499281742));
#3038=CARTESIAN_POINT('Ctrl Pts',(22.3925104232198,-2.31842068190075,31.2520796980987));
#3039=CARTESIAN_POINT('Ctrl Pts',(22.3892312986071,-2.31842068190068,31.2229876934027));
#3040=CARTESIAN_POINT('Ctrl Pts',(22.385922936362,-2.3184206819006,31.1935115121142));
#3041=CARTESIAN_POINT('Ctrl Pts',(22.382697770883,-2.31842068190052,31.1647765806571));
#3042=CARTESIAN_POINT('Ctrl Pts',(22.3794448500585,-2.31842068190044,31.1356767892968));
#3043=CARTESIAN_POINT('Ctrl Pts',(22.3761900278958,-2.31842068190035,31.1064312740635));
#3044=CARTESIAN_POINT('Ctrl Pts',(22.3729678645381,-2.31842068190027,31.077479207606));
#3045=CARTESIAN_POINT('Ctrl Pts',(22.3697438534797,-2.31842068190018,31.0483844529348));
#3046=CARTESIAN_POINT('Ctrl Pts',(22.3665364812539,-2.31842068190009,31.0193092611066));
#3047=CARTESIAN_POINT('Ctrl Pts',(22.3633217740613,-2.3184206819,30.9901675769747));
#3048=CARTESIAN_POINT('Ctrl Pts',(22.3601237857305,-2.31842068189991,30.9610455815339));
#3049=CARTESIAN_POINT('Ctrl Pts',(22.3569543045236,-2.31842068189982,30.9320544442905));
#3050=CARTESIAN_POINT('Ctrl Pts',(22.3537398140291,-2.31842068189974,30.9026516086178));
#3051=CARTESIAN_POINT('Ctrl Pts',(22.3505546384206,-2.31842068189965,30.8733833242387));
#3052=CARTESIAN_POINT('Ctrl Pts',(22.3474040691289,-2.31842068189956,30.8443118672864));
#3053=CARTESIAN_POINT('Ctrl Pts',(22.3441661182256,-2.31842068189948,30.8144341081951));
#3054=CARTESIAN_POINT('Ctrl Pts',(22.3409646989328,-2.31842068189939,30.7847640971953));
#3055=CARTESIAN_POINT('Ctrl Pts',(22.3377983970381,-2.31842068189931,30.7553144182469));
#3056=CARTESIAN_POINT('Ctrl Pts',(22.3343616720039,-2.31842068189923,30.7233495417888));
#3057=CARTESIAN_POINT('Ctrl Pts',(22.3309663210667,-2.31842068189914,30.6916442784942));
#3058=CARTESIAN_POINT('Ctrl Pts',(22.3276022456554,-2.31842068189906,30.6601507247639));
#3059=CARTESIAN_POINT('Ctrl Pts',(22.3239145418046,-2.31842068189898,30.6256274501135));
#3060=CARTESIAN_POINT('Ctrl Pts',(22.3202643427938,-2.3184206818989,30.5913580259678));
#3061=CARTESIAN_POINT('Ctrl Pts',(22.3166292834223,-2.31842068189882,30.5572088290067));
#3062=CARTESIAN_POINT('Ctrl Pts',(22.3121937731924,-2.31842068189872,30.5155398775588));
#3063=CARTESIAN_POINT('Ctrl Pts',(22.3077805631626,-2.31842068189863,30.4740482452783));
#3064=CARTESIAN_POINT('Ctrl Pts',(22.3033381355045,-2.31842068189853,30.4324045032978));
#3065=CARTESIAN_POINT('Ctrl Pts',(22.2991430207894,-2.31842068189845,30.3930790965119));
#3066=CARTESIAN_POINT('Ctrl Pts',(22.2949211832055,-2.31842068189836,30.3536129536013));
#3067=CARTESIAN_POINT('Ctrl Pts',(22.2906283958967,-2.31842068189827,30.3137183397106));
#3068=CARTESIAN_POINT('Ctrl Pts',(22.28699741502,-2.3184206818982,30.2799741614642));
#3069=CARTESIAN_POINT('Ctrl Pts',(22.2833154762125,-2.31842068189812,30.2459218734345));
#3070=CARTESIAN_POINT('Ctrl Pts',(22.2795602550419,-2.31842068189805,30.2114188323575));
#3071=CARTESIAN_POINT('Ctrl Pts',(22.276094673119,-2.31842068189797,30.1795770020065));
#3072=CARTESIAN_POINT('Ctrl Pts',(22.2725665840402,-2.3184206818979,30.1473505395266));
#3073=CARTESIAN_POINT('Ctrl Pts',(22.2689643913332,-2.31842068189783,30.1146709437143));
#3074=CARTESIAN_POINT('Ctrl Pts',(22.265589359625,-2.31842068189776,30.08405218424));
#3075=CARTESIAN_POINT('Ctrl Pts',(22.26214924107,-2.31842068189769,30.0530353612505));
#3076=CARTESIAN_POINT('Ctrl Pts',(22.2586407869381,-2.31842068189762,30.0216107040281));
#3077=CARTESIAN_POINT('Ctrl Pts',(22.257775354482,-2.3184206818976,30.013859165243));
#3078=CARTESIAN_POINT('Ctrl Pts',(22.2569057968718,-2.31842068189758,30.0060830550439));
#3079=CARTESIAN_POINT('Ctrl Pts',(22.2560321321213,-2.31842068189757,29.9982827233447));
#3080=CARTESIAN_POINT('Ctrl Pts',(22.2559912244281,-2.31842068189757,29.9979174876218));
#3081=CARTESIAN_POINT('Ctrl Pts',(22.255950289582,-2.31842068189757,29.9975520367547));
#3082=CARTESIAN_POINT('Ctrl Pts',(22.2559093275478,-2.31842068189757,29.9971863705184));
#3083=CARTESIAN_POINT('Ctrl Pts',(22.2521472543771,-2.31842068189749,29.9636025125807));
#3084=CARTESIAN_POINT('Ctrl Pts',(22.2483437129086,-2.31842068189743,29.9298552841682));
#3085=CARTESIAN_POINT('Ctrl Pts',(22.2445091007426,-2.31842068189737,29.8960609673442));
#3086=CARTESIAN_POINT('Ctrl Pts',(22.240476158585,-2.31842068189731,29.86051877452));
#3087=CARTESIAN_POINT('Ctrl Pts',(22.2364088011949,-2.31842068189725,29.8249242076307));
#3088=CARTESIAN_POINT('Ctrl Pts',(22.2323137312857,-2.31842068189719,29.7893541268228));
#3089=CARTESIAN_POINT('Ctrl Pts',(22.2278073316656,-2.31842068189712,29.7502112056532));
#3090=CARTESIAN_POINT('Ctrl Pts',(22.223267276393,-2.31842068189706,29.7110973562258));
#3091=CARTESIAN_POINT('Ctrl Pts',(22.2186971764022,-2.31842068189699,29.6720518745979));
#3092=CARTESIAN_POINT('Ctrl Pts',(22.2123527314132,-2.3184206818969,29.6178469533142));
#3093=CARTESIAN_POINT('Ctrl Pts',(22.2059499025749,-2.31842068189681,29.5637720207269));
#3094=CARTESIAN_POINT('Ctrl Pts',(22.1994921133398,-2.31842068189672,29.5098228861346));
#3095=CARTESIAN_POINT('Ctrl Pts',(22.1941306043216,-2.31842068189665,29.465032206057));
#3096=CARTESIAN_POINT('Ctrl Pts',(22.1887307138095,-2.31842068189659,29.4203226004465));
#3097=CARTESIAN_POINT('Ctrl Pts',(22.1832989969088,-2.31842068189653,29.3757006413913));
#3098=CARTESIAN_POINT('Ctrl Pts',(22.1787462644395,-2.31842068189647,29.3382996049326));
#3099=CARTESIAN_POINT('Ctrl Pts',(22.1741711295259,-2.31842068189643,29.300959196398));
#3100=CARTESIAN_POINT('Ctrl Pts',(22.1695835630796,-2.31842068189639,29.2637230586001));
#3101=CARTESIAN_POINT('Ctrl Pts',(22.1673132844838,-2.31842068189637,29.2452957709255));
#3102=CARTESIAN_POINT('Ctrl Pts',(22.1650398872455,-2.31842068189635,29.2268933264952));
#3103=CARTESIAN_POINT('Ctrl Pts',(22.162767071657,-2.31842068189633,29.2085405666972));
#3104=CARTESIAN_POINT('Ctrl Pts',(22.1584320736771,-2.3184206818963,29.1735358892153));
#3105=CARTESIAN_POINT('Ctrl Pts',(22.1540965038033,-2.31842068189627,29.1386900204826));
#3106=CARTESIAN_POINT('Ctrl Pts',(22.1497686074527,-2.31842068189623,29.1040337311206));
#3107=CARTESIAN_POINT('Ctrl Pts',(22.1454860462145,-2.3184206818962,29.0697404695782));
#3108=CARTESIAN_POINT('Ctrl Pts',(22.1412109905417,-2.31842068189618,29.0356327107669));
#3109=CARTESIAN_POINT('Ctrl Pts',(22.1369575138375,-2.31842068189615,29.0017908493332));
#3110=CARTESIAN_POINT('Ctrl Pts',(22.1335937468024,-2.31842068189613,28.9750277691952));
#3111=CARTESIAN_POINT('Ctrl Pts',(22.1302435964847,-2.31842068189612,28.9484319823523));
#3112=CARTESIAN_POINT('Ctrl Pts',(22.1269167608121,-2.3184206818961,28.9220663449757));
#3113=CARTESIAN_POINT('Ctrl Pts',(22.1251999918883,-2.31842068189609,28.9084607114675));
#3114=CARTESIAN_POINT('Ctrl Pts',(22.1234894246812,-2.31842068189608,28.8949163337327));
#3115=CARTESIAN_POINT('Ctrl Pts',(22.1217867828847,-2.31842068189607,28.8814450947271));
#3116=CARTESIAN_POINT('Ctrl Pts',(22.1169819577429,-2.31842068189605,28.8434294956758));
#3117=CARTESIAN_POINT('Ctrl Pts',(22.1121014720855,-2.31842068189602,28.8047951599627));
#3118=CARTESIAN_POINT('Ctrl Pts',(22.1071749945058,-2.318420681896,28.7658195697228));
#3119=CARTESIAN_POINT('Ctrl Pts',(22.102287300453,-2.31842068189597,28.7271508134888));
#3120=CARTESIAN_POINT('Ctrl Pts',(22.097354397228,-2.31842068189595,28.6881462165716));
#3121=CARTESIAN_POINT('Ctrl Pts',(22.0924009352911,-2.31842068189593,28.6490255298973));
#3122=CARTESIAN_POINT('Ctrl Pts',(22.087448470346,-2.3184206818959,28.6099127171114));
#3123=CARTESIAN_POINT('Ctrl Pts',(22.0824754945722,-2.31842068189588,28.5706838667472));
#3124=CARTESIAN_POINT('Ctrl Pts',(22.0775015493383,-2.31842068189586,28.5315066225895));
#3125=CARTESIAN_POINT('Ctrl Pts',(22.0724759457809,-2.31842068189583,28.4919224920166));
#3126=CARTESIAN_POINT('Ctrl Pts',(22.0674493825581,-2.31842068189581,28.4523910527668));
#3127=CARTESIAN_POINT('Ctrl Pts',(22.0624362786845,-2.31842068189579,28.4130319476277));
#3128=CARTESIAN_POINT('Ctrl Pts',(22.0573706754878,-2.31842068189577,28.3732606574574));
#3129=CARTESIAN_POINT('Ctrl Pts',(22.0523188306907,-2.31842068189574,28.3336652694446));
#3130=CARTESIAN_POINT('Ctrl Pts',(22.0472894480868,-2.31842068189572,28.2943155201091));
#3131=CARTESIAN_POINT('Ctrl Pts',(22.0421951869468,-2.3184206818957,28.2544581629142));
#3132=CARTESIAN_POINT('Ctrl Pts',(22.0371239784588,-2.31842068189568,28.2148527337031));
#3133=CARTESIAN_POINT('Ctrl Pts',(22.032078392073,-2.31842068189566,28.1755180118046));
#3134=CARTESIAN_POINT('Ctrl Pts',(22.0269598034146,-2.31842068189564,28.1356141738762));
#3135=CARTESIAN_POINT('Ctrl Pts',(22.0218675849326,-2.31842068189562,28.0959888268301));
#3136=CARTESIAN_POINT('Ctrl Pts',(22.0167977331347,-2.3184206818956,28.0566081644403));
#3137=CARTESIAN_POINT('Ctrl Pts',(22.0116130229277,-2.31842068189558,28.0163353260249));
#3138=CARTESIAN_POINT('Ctrl Pts',(22.0064517106467,-2.31842068189556,27.9763183361133));
#3139=CARTESIAN_POINT('Ctrl Pts',(22.0013025038368,-2.31842068189555,27.9364666882964));
#3140=CARTESIAN_POINT('Ctrl Pts',(21.9960923123219,-2.31842068189553,27.896143056914));
#3141=CARTESIAN_POINT('Ctrl Pts',(21.9908945085198,-2.31842068189551,27.8559885783098));
#3142=CARTESIAN_POINT('Ctrl Pts',(21.9856903178746,-2.3184206818955,27.8158559936673));
#3143=CARTESIAN_POINT('Ctrl Pts',(21.9815540949592,-2.31842068189549,27.7839591383113));
#3144=CARTESIAN_POINT('Ctrl Pts',(21.9774136974289,-2.31842068189547,27.7520750435634));
#3145=CARTESIAN_POINT('Ctrl Pts',(21.9732566075964,-2.31842068189546,27.7201068737356));
#3146=CARTESIAN_POINT('Ctrl Pts',(21.9711780626802,-2.31842068189546,27.7041227888218));
#3147=CARTESIAN_POINT('Ctrl Pts',(21.9690953024724,-2.31842068189545,27.6881173748519));
#3148=CARTESIAN_POINT('Ctrl Pts',(21.9670065108648,-2.31842068189545,27.6720766916813));
#3149=CARTESIAN_POINT('Ctrl Pts',(21.965962115061,-2.31842068189545,27.664056350096));
#3150=CARTESIAN_POINT('Ctrl Pts',(21.9649162088035,-2.31842068189544,27.6560271722957));
#3151=CARTESIAN_POINT('Ctrl Pts',(21.9638685494854,-2.31842068189544,27.6479873028413));
#3152=CARTESIAN_POINT('Ctrl Pts',(21.9636066346559,-2.31842068189544,27.6459773354777));
#3153=CARTESIAN_POINT('Ctrl Pts',(21.9633446102094,-2.31842068189544,27.6439666995198));
#3154=CARTESIAN_POINT('Ctrl Pts',(21.9630824722539,-2.31842068189544,27.6419553652452));
#3155=CARTESIAN_POINT('Ctrl Pts',(21.9629004917895,-2.31842068189544,27.6405590640317));
#3156=CARTESIAN_POINT('Ctrl Pts',(21.9627184566201,-2.31842068189544,27.6391624262679));
#3157=CARTESIAN_POINT('Ctrl Pts',(21.962536365432,-2.31842068189544,27.6377654419269));
#3158=CARTESIAN_POINT('Ctrl Pts',(21.9624299953509,-2.31842068189544,27.6369493819117));
#3159=CARTESIAN_POINT('Ctrl Pts',(21.9623241340097,-2.31842068189544,27.6361372534642));
#3160=CARTESIAN_POINT('Ctrl Pts',(21.9622198161004,-2.31842068189544,27.6353369927099));
#3161=CARTESIAN_POINT('Ctrl Pts',(21.9617310011281,-2.31842068189544,27.6315871146583));
#3162=CARTESIAN_POINT('Ctrl Pts',(21.9612691549099,-2.31842068189543,27.6280447196661));
#3163=CARTESIAN_POINT('Ctrl Pts',(21.9608325348398,-2.31842068189543,27.6246962586712));
#3164=CARTESIAN_POINT('Ctrl Pts',(21.960484108269,-2.31842068189543,27.6220241580004));
#3165=CARTESIAN_POINT('Ctrl Pts',(21.9600663377446,-2.31842068189543,27.6188147005993));
#3166=CARTESIAN_POINT('Ctrl Pts',(21.9596049626673,-2.31842068189543,27.6152673320039));
#3167=CARTESIAN_POINT('Ctrl Pts',(21.959107116539,-2.31842068189543,27.6114395489102));
#3168=CARTESIAN_POINT('Ctrl Pts',(21.9585584910543,-2.31842068189543,27.6072182503446));
#3169=CARTESIAN_POINT('Ctrl Pts',(21.9579835205262,-2.31842068189543,27.602792652507));
#3170=CARTESIAN_POINT('Ctrl Pts',(21.9573759533673,-2.31842068189543,27.5981161555854));
#3171=CARTESIAN_POINT('Ctrl Pts',(21.9567389238097,-2.31842068189543,27.5932111811798));
#3172=CARTESIAN_POINT('Ctrl Pts',(21.9560932386825,-2.31842068189542,27.5882387541904));
#3173=CARTESIAN_POINT('Ctrl Pts',(21.9554079866487,-2.31842068189542,27.5829616220962));
#3174=CARTESIAN_POINT('Ctrl Pts',(21.9547129363203,-2.31842068189542,27.5776081302834));
#3175=CARTESIAN_POINT('Ctrl Pts',(21.954024924058,-2.31842068189542,27.5723084977669));
#3176=CARTESIAN_POINT('Ctrl Pts',(21.9532910582799,-2.31842068189542,27.5666556640124));
#3177=CARTESIAN_POINT('Ctrl Pts',(21.9525651459616,-2.31842068189542,27.5610636855745));
#3178=CARTESIAN_POINT('Ctrl Pts',(21.9518595733209,-2.31842068189542,27.5556283119695));
#3179=CARTESIAN_POINT('Ctrl Pts',(21.9511025294772,-2.31842068189541,27.5497964303332));
#3180=CARTESIAN_POINT('Ctrl Pts',(21.9503688416384,-2.31842068189541,27.5441443712103));
#3181=CARTESIAN_POINT('Ctrl Pts',(21.9496657548728,-2.31842068189541,27.5387281270797));
#3182=CARTESIAN_POINT('Ctrl Pts',(21.9489062843206,-2.31842068189541,27.5328775292277));
#3183=CARTESIAN_POINT('Ctrl Pts',(21.9481824538297,-2.31842068189541,27.5273015715834));
#3184=CARTESIAN_POINT('Ctrl Pts',(21.9474953405685,-2.31842068189541,27.5220086199879));
#3185=CARTESIAN_POINT('Ctrl Pts',(21.9467479647273,-2.3184206818954,27.5162514553771));
#3186=CARTESIAN_POINT('Ctrl Pts',(21.9460439562414,-2.3184206818954,27.5108285489937));
#3187=CARTESIAN_POINT('Ctrl Pts',(21.9453766739351,-2.3184206818954,27.5056887416022));
#3188=CARTESIAN_POINT('Ctrl Pts',(21.9446477283571,-2.3184206818954,27.5000739668143));
#3189=CARTESIAN_POINT('Ctrl Pts',(21.9439625331118,-2.3184206818954,27.4947964313536));
#3190=CARTESIAN_POINT('Ctrl Pts',(21.9433045065599,-2.31842068189539,27.4897283874032));
#3191=CARTESIAN_POINT('Ctrl Pts',(21.9425719095275,-2.31842068189539,27.4840860102873));
#3192=CARTESIAN_POINT('Ctrl Pts',(21.9418729454711,-2.31842068189539,27.4787029644225));
#3193=CARTESIAN_POINT('Ctrl Pts',(21.9411763800202,-2.31842068189539,27.473338689182));
#3194=CARTESIAN_POINT('Ctrl Pts',(21.9404669810007,-2.31842068189539,27.4678755821739));
#3195=CARTESIAN_POINT('Ctrl Pts',(21.9397600018067,-2.31842068189538,27.4624314155054));
#3196=CARTESIAN_POINT('Ctrl Pts',(21.9390153598667,-2.31842068189538,27.4566976097814));
#3197=CARTESIAN_POINT('Ctrl Pts',(21.9382688685067,-2.31842068189538,27.4509495633667));
#3198=CARTESIAN_POINT('Ctrl Pts',(21.9374845595572,-2.31842068189538,27.4449106795717));
#3199=CARTESIAN_POINT('Ctrl Pts',(21.9366152751301,-2.31842068189538,27.4382181060367));
#3200=CARTESIAN_POINT('Ctrl Pts',(21.9364977418715,-2.31842068189538,27.4373132238706));
#3201=CARTESIAN_POINT('Ctrl Pts',(21.9363786443447,-2.31842068189538,27.4363963086275));
#3202=CARTESIAN_POINT('Ctrl Pts',(21.9362578555061,-2.31842068189538,27.435466383167));
#3203=CARTESIAN_POINT('Ctrl Pts',(21.9361411454477,-2.31842068189538,27.4345678592958));
#3204=CARTESIAN_POINT('Ctrl Pts',(21.9360238275182,-2.31842068189538,27.4336646657139));
#3205=CARTESIAN_POINT('Ctrl Pts',(21.9359068310649,-2.31842068189538,27.4327639573263));
#3206=CARTESIAN_POINT('Ctrl Pts',(21.9342329774263,-2.31842068189537,27.4198776349766));
#3207=CARTESIAN_POINT('Ctrl Pts',(21.9325661129524,-2.31842068189537,27.4070472246267));
#3208=CARTESIAN_POINT('Ctrl Pts',(21.9309119489047,-2.31842068189536,27.3943168031422));
#3209=CARTESIAN_POINT('Ctrl Pts',(21.9290989562911,-2.31842068189536,27.3803640394172));
#3210=CARTESIAN_POINT('Ctrl Pts',(21.9273011963156,-2.31842068189535,27.3665311956119));
#3211=CARTESIAN_POINT('Ctrl Pts',(21.9255180302242,-2.31842068189535,27.3528134008145));
#3212=CARTESIAN_POINT('Ctrl Pts',(21.9236092132378,-2.31842068189535,27.3381289808654));
#3213=CARTESIAN_POINT('Ctrl Pts',(21.9217170559507,-2.31842068189534,27.3235758961982));
#3214=CARTESIAN_POINT('Ctrl Pts',(21.9198326088359,-2.31842068189534,27.3090853640043));
#3215=CARTESIAN_POINT('Ctrl Pts',(21.9178124265237,-2.31842068189533,27.2935510905286));
#3216=CARTESIAN_POINT('Ctrl Pts',(21.9158010416326,-2.31842068189533,27.2780882027998));
#3217=CARTESIAN_POINT('Ctrl Pts',(21.9137793980441,-2.31842068189533,27.2625504043762));
#3218=CARTESIAN_POINT('Ctrl Pts',(21.9129419782492,-2.31842068189532,27.2561142253963));
#3219=CARTESIAN_POINT('Ctrl Pts',(21.9121027133882,-2.31842068189532,27.2496645440348));
#3220=CARTESIAN_POINT('Ctrl Pts',(21.9112599216975,-2.31842068189532,27.243188462844));
#3221=CARTESIAN_POINT('Ctrl Pts',(21.9105411622423,-2.31842068189532,27.2376654556287));
#3222=CARTESIAN_POINT('Ctrl Pts',(21.909819944571,-2.31842068189532,27.2321240703015));
#3223=CARTESIAN_POINT('Ctrl Pts',(21.9090978711069,-2.31842068189532,27.2265766345417));
#3224=CARTESIAN_POINT('Ctrl Pts',(21.9057818454408,-2.31842068189531,27.2011007788616));
#3225=CARTESIAN_POINT('Ctrl Pts',(21.9024401293421,-2.3184206818953,27.1754386163779));
#3226=CARTESIAN_POINT('Ctrl Pts',(21.8990866670394,-2.31842068189529,27.1496984930013));
#3227=CARTESIAN_POINT('Ctrl Pts',(21.8957999271817,-2.31842068189528,27.1244705101556));
#3228=CARTESIAN_POINT('Ctrl Pts',(21.892501773119,-2.31842068189528,27.0991666191842));
#3229=CARTESIAN_POINT('Ctrl Pts',(21.8891994196883,-2.31842068189527,27.0738432801815));
#3230=CARTESIAN_POINT('Ctrl Pts',(21.8845444761152,-2.31842068189526,27.0381479142523));
#3231=CARTESIAN_POINT('Ctrl Pts',(21.8798808333075,-2.31842068189525,27.0024111369085));
#3232=CARTESIAN_POINT('Ctrl Pts',(21.8752153276566,-2.31842068189524,26.9666886536882));
#3233=CARTESIAN_POINT('Ctrl Pts',(21.8706417857058,-2.31842068189523,26.9316703110216));
#3234=CARTESIAN_POINT('Ctrl Pts',(21.8660668974038,-2.31842068189523,26.8966690620337));
#3235=CARTESIAN_POINT('Ctrl Pts',(21.8614905308343,-2.31842068189522,26.8616876930538));
#3236=CARTESIAN_POINT('Ctrl Pts',(21.8547415732053,-2.31842068189521,26.8100992170286));
#3237=CARTESIAN_POINT('Ctrl Pts',(21.8479891634631,-2.3184206818952,26.7585516521839));
#3238=CARTESIAN_POINT('Ctrl Pts',(21.8412159189043,-2.31842068189519,26.7069298198022));
#3239=CARTESIAN_POINT('Ctrl Pts',(21.8361359854852,-2.31842068189518,26.668213445516));
#3240=CARTESIAN_POINT('Ctrl Pts',(21.831043697184,-2.31842068189518,26.6294505220022));
#3241=CARTESIAN_POINT('Ctrl Pts',(21.8259328989315,-2.31842068189517,26.5906056246716));
#3242=CARTESIAN_POINT('Ctrl Pts',(21.8232345786938,-2.31842068189517,26.5700968964027));
#3243=CARTESIAN_POINT('Ctrl Pts',(21.8205311659793,-2.31842068189517,26.5495659014474));
#3244=CARTESIAN_POINT('Ctrl Pts',(21.8178226015038,-2.31842068189517,26.5290144606544));
#3245=CARTESIAN_POINT('Ctrl Pts',(21.8123534147106,-2.31842068189516,26.4875165861962));
#3246=CARTESIAN_POINT('Ctrl Pts',(21.8068634878987,-2.31842068189516,26.4459372401657));
#3247=CARTESIAN_POINT('Ctrl Pts',(21.8014115276928,-2.31842068189516,26.4047442788464));
#3248=CARTESIAN_POINT('Ctrl Pts',(21.7978164603983,-2.31842068189515,26.3775813021534));
#3249=CARTESIAN_POINT('Ctrl Pts',(21.7942380206846,-2.31842068189515,26.3505873048393));
#3250=CARTESIAN_POINT('Ctrl Pts',(21.7906957456534,-2.31842068189515,26.3239178545297));
#3251=CARTESIAN_POINT('Ctrl Pts',(21.7889246081378,-2.31842068189515,26.3105831293749));
#3252=CARTESIAN_POINT('Ctrl Pts',(21.7871625499037,-2.31842068189515,26.2973298418805));
#3253=CARTESIAN_POINT('Ctrl Pts',(21.7854122519215,-2.31842068189515,26.2841793234418));
#3254=CARTESIAN_POINT('Ctrl Pts',(21.7841776508927,-2.31842068189515,26.2749033922804));
#3255=CARTESIAN_POINT('Ctrl Pts',(21.782948904426,-2.31842068189515,26.2656786194245));
#3256=CARTESIAN_POINT('Ctrl Pts',(21.7817270038372,-2.31842068189515,26.2565128891577));
#3257=CARTESIAN_POINT('Ctrl Pts',(21.7812166118999,-2.31842068189515,26.2526843331603));
#3258=CARTESIAN_POINT('Ctrl Pts',(21.7807072889805,-2.31842068189515,26.2488651396259));
#3259=CARTESIAN_POINT('Ctrl Pts',(21.7801999850997,-2.31842068189515,26.2450624610022));
#3260=CARTESIAN_POINT('Ctrl Pts',(21.7598947107753,-2.31842068189516,26.0928569771742));
#3261=CARTESIAN_POINT('Ctrl Pts',(21.7395376200522,-2.31842068189512,25.9370162615861));
#3262=CARTESIAN_POINT('Ctrl Pts',(21.7191263370905,-2.31842068189505,25.778502733585));
#3263=CARTESIAN_POINT('Ctrl Pts',(21.6961906141856,-2.31842068189497,25.6003844662647));
#3264=CARTESIAN_POINT('Ctrl Pts',(21.6731856944635,-2.31842068189486,25.4188908541298));
#3265=CARTESIAN_POINT('Ctrl Pts',(21.6500483402162,-2.31842068189473,25.235421593702));
#3266=CARTESIAN_POINT('Ctrl Pts',(21.6401925130718,-2.31842068189468,25.1572691265809));
#3267=CARTESIAN_POINT('Ctrl Pts',(21.6303120552889,-2.31842068189462,25.0787586124284));
#3268=CARTESIAN_POINT('Ctrl Pts',(21.6204001518599,-2.31842068189456,25.0000001064854));
#3269=CARTESIAN_POINT('Ctrl Pts',(22.9759311655711,-2.31842068190461,35.9176915590297));
#3270=CARTESIAN_POINT('Ctrl Pts',(23.0187779537899,-2.3184206819049,36.2607913591707));
#3271=CARTESIAN_POINT('Ctrl Pts',(23.0612949403585,-2.31842068190515,36.5983467913149));
#3272=CARTESIAN_POINT('Ctrl Pts',(23.1507929219758,-2.31842068190504,37.2646527623372));
#3273=CARTESIAN_POINT('Ctrl Pts',(23.2031536448001,-2.31842068190469,37.6331632290378));
#3274=CARTESIAN_POINT('Ctrl Pts',(23.288496237611,-2.31842068190442,38.2566308200508));
#3275=CARTESIAN_POINT('Ctrl Pts',(23.3219367404893,-2.31842068190437,38.5044087483229));
#3276=CARTESIAN_POINT('Ctrl Pts',(23.365547571898,-2.31842068190456,38.8462974450737));
#3277=CARTESIAN_POINT('Ctrl Pts',(23.3757429295011,-2.31842068190462,38.9273982785789));
#3278=CARTESIAN_POINT('Ctrl Pts',(23.4036228258315,-2.31842068190479,39.1492519547518));
#3279=CARTESIAN_POINT('Ctrl Pts',(23.4201815775764,-2.31842068190489,39.2810432245393));
#3280=CARTESIAN_POINT('Ctrl Pts',(23.4641447537147,-2.31842068190494,39.6151339726156));
#3281=CARTESIAN_POINT('Ctrl Pts',(23.49226857812,-2.3184206819047,39.8103208965319));
#3282=CARTESIAN_POINT('Ctrl Pts',(23.556268222751,-2.31842068190387,40.2325620653968));
#3283=CARTESIAN_POINT('Ctrl Pts',(23.5929203411684,-2.31842068190331,40.468483499686));
#3284=CARTESIAN_POINT('Ctrl Pts',(23.6759568326404,-2.31842068190227,41.0190916408101));
#3285=CARTESIAN_POINT('Ctrl Pts',(23.7225410304548,-2.31842068190173,41.3317850303097));
#3286=CARTESIAN_POINT('Ctrl Pts',(23.7709116001018,-2.31842068190103,41.6454936080097));
#3287=CARTESIAN_POINT('Ctrl Pts',(23.8030176669501,-2.31842068190056,41.853565533761));
#3288=CARTESIAN_POINT('Ctrl Pts',(23.8356672707574,-2.31842068190004,42.0623174733444));
#3289=CARTESIAN_POINT('Ctrl Pts',(23.9465650508341,-2.31842068189827,42.7709531179239));
#3290=CARTESIAN_POINT('Ctrl Pts',(24.0270829431912,-2.31842068189703,43.2887023406663));
#3291=CARTESIAN_POINT('Ctrl Pts',(24.1565888311243,-2.31842068189638,44.2170402286106));
#3292=CARTESIAN_POINT('Ctrl Pts',(24.2101600558834,-2.31842068189621,44.6079205986506));
#3293=CARTESIAN_POINT('Ctrl Pts',(24.262620639267,-2.31842068189617,45.0000000000074));
#3294=CARTESIAN_POINT('Ctrl Pts',(22.9759311656975,-3.51521788327215,35.917691559013));
#3295=CARTESIAN_POINT('Ctrl Pts',(23.0187779539163,-3.51521788327244,36.2607913591539));
#3296=CARTESIAN_POINT('Ctrl Pts',(23.0612949404849,-3.51521788327269,36.5983467912981));
#3297=CARTESIAN_POINT('Ctrl Pts',(23.1507929221023,-3.51521788327258,37.2646527623204));
#3298=CARTESIAN_POINT('Ctrl Pts',(23.2031536449266,-3.51521788327223,37.633163229021));
#3299=CARTESIAN_POINT('Ctrl Pts',(23.2884962377375,-3.51521788327196,38.256630820034));
#3300=CARTESIAN_POINT('Ctrl Pts',(23.3219367406157,-3.5152178832719,38.504408748306));
#3301=CARTESIAN_POINT('Ctrl Pts',(23.3655475720245,-3.5152178832721,38.8462974450569));
#3302=CARTESIAN_POINT('Ctrl Pts',(23.3757429296275,-3.51521788327216,38.9273982785621));
#3303=CARTESIAN_POINT('Ctrl Pts',(23.4036228259579,-3.51521788327233,39.149251954735));
#3304=CARTESIAN_POINT('Ctrl Pts',(23.4201815777028,-3.51521788327243,39.2810432245225));
#3305=CARTESIAN_POINT('Ctrl Pts',(23.4641447538411,-3.51521788327248,39.6151339725988));
#3306=CARTESIAN_POINT('Ctrl Pts',(23.4922685782465,-3.51521788327224,39.8103208965151));
#3307=CARTESIAN_POINT('Ctrl Pts',(23.5562682228775,-3.51521788327141,40.23256206538));
#3308=CARTESIAN_POINT('Ctrl Pts',(23.5929203412949,-3.51521788327085,40.4684834996692));
#3309=CARTESIAN_POINT('Ctrl Pts',(23.6759568327668,-3.51521788326981,41.0190916407933));
#3310=CARTESIAN_POINT('Ctrl Pts',(23.7225410305812,-3.51521788326927,41.3317850302929));
#3311=CARTESIAN_POINT('Ctrl Pts',(23.7709116002283,-3.51521788326857,41.6454936079929));
#3312=CARTESIAN_POINT('Ctrl Pts',(23.8030176670766,-3.5152178832681,41.8535655337442));
#3313=CARTESIAN_POINT('Ctrl Pts',(23.8356672708839,-3.51521788326758,42.0623174733276));
#3314=CARTESIAN_POINT('Ctrl Pts',(23.9465650509606,-3.51521788326581,42.770953117907));
#3315=CARTESIAN_POINT('Ctrl Pts',(24.0270829433176,-3.51521788326457,43.2887023406495));
#3316=CARTESIAN_POINT('Ctrl Pts',(24.1565888312508,-3.51521788326392,44.2170402285938));
#3317=CARTESIAN_POINT('Ctrl Pts',(24.2101600560098,-3.51521788326375,44.6079205986338));
#3318=CARTESIAN_POINT('Ctrl Pts',(24.2626206393935,-3.51521788326371,44.9999999999906));
#3319=CARTESIAN_POINT('Ctrl Pts',(21.9787574891185,-5.58673743316675,36.0422200178451));
#3320=CARTESIAN_POINT('Ctrl Pts',(22.021531743232,-5.58673743316704,36.3847854115574));
#3321=CARTESIAN_POINT('Ctrl Pts',(22.0642827754609,-5.58673743316729,36.7244546292368));
#3322=CARTESIAN_POINT('Ctrl Pts',(22.1553366996107,-5.58673743316719,37.402373313998));
#3323=CARTESIAN_POINT('Ctrl Pts',(22.2077613844142,-5.58673743316682,37.7712729660776));
#3324=CARTESIAN_POINT('Ctrl Pts',(22.2926934878104,-5.58673743316657,38.3917129400953));
#3325=CARTESIAN_POINT('Ctrl Pts',(22.3258146762905,-5.58673743316651,38.6372361057252));
#3326=CARTESIAN_POINT('Ctrl Pts',(22.3686035043463,-5.5867374331667,38.9726536561733));
#3327=CARTESIAN_POINT('Ctrl Pts',(22.3786896243806,-5.58673743316675,39.0528872831529));
#3328=CARTESIAN_POINT('Ctrl Pts',(22.4066340574958,-5.58673743316693,39.2752542906967));
#3329=CARTESIAN_POINT('Ctrl Pts',(22.4235683049112,-5.58673743316704,39.4099952750114));
#3330=CARTESIAN_POINT('Ctrl Pts',(22.4687959962218,-5.58673743316708,39.7535987730594));
#3331=CARTESIAN_POINT('Ctrl Pts',(22.4981725371788,-5.58673743316684,39.9573878005298));
#3332=CARTESIAN_POINT('Ctrl Pts',(22.5630667017449,-5.58673743316599,40.3856471790407));
#3333=CARTESIAN_POINT('Ctrl Pts',(22.5995497274161,-5.58673743316543,40.6203955140102));
#3334=CARTESIAN_POINT('Ctrl Pts',(22.6820994929571,-5.58673743316439,41.1678039330377));
#3335=CARTESIAN_POINT('Ctrl Pts',(22.7290134302175,-5.58673743316386,41.4826781668163));
#3336=CARTESIAN_POINT('Ctrl Pts',(22.7777385936665,-5.58673743316315,41.7986928655902));
#3337=CARTESIAN_POINT('Ctrl Pts',(22.8102032617575,-5.58673743316267,42.0090929807452));
#3338=CARTESIAN_POINT('Ctrl Pts',(22.8428559049451,-5.58673743316215,42.2178462685592));
#3339=CARTESIAN_POINT('Ctrl Pts',(22.9535762414088,-5.58673743316039,42.9254083049979));
#3340=CARTESIAN_POINT('Ctrl Pts',(23.0332259430588,-5.58673743315916,43.437831303845));
#3341=CARTESIAN_POINT('Ctrl Pts',(23.1610842586557,-5.58673743315852,44.3542845135434));
#3342=CARTESIAN_POINT('Ctrl Pts',(23.2144002877004,-5.58673743315836,44.7433081112194));
#3343=CARTESIAN_POINT('Ctrl Pts',(23.2665777692647,-5.58673743315831,45.1332714492464));
#3344=CARTESIAN_POINT('Ctrl Pts',(19.8974412883588,-6.31842068223525,36.3021377281834));
#3345=CARTESIAN_POINT('Ctrl Pts',(19.940382012505,-6.31842068223554,36.6460218158439));
#3346=CARTESIAN_POINT('Ctrl Pts',(19.9835680527051,-6.3184206822358,36.9895130853315));
#3347=CARTESIAN_POINT('Ctrl Pts',(20.0779576472483,-6.31842068223569,37.6922566914177));
#3348=CARTESIAN_POINT('Ctrl Pts',(20.1303853625923,-6.31842068223532,38.0610364266969));
#3349=CARTESIAN_POINT('Ctrl Pts',(20.2141351168809,-6.31842068223507,38.6728476786218));
#3350=CARTESIAN_POINT('Ctrl Pts',(20.2466041442923,-6.31842068223502,38.9137104484516));
#3351=CARTESIAN_POINT('Ctrl Pts',(20.2877160827802,-6.3184206822352,39.2359903047527));
#3352=CARTESIAN_POINT('Ctrl Pts',(20.2975761266088,-6.31842068223525,39.3144229564348));
#3353=CARTESIAN_POINT('Ctrl Pts',(20.325477297504,-6.31842068223543,39.5364457733163));
#3354=CARTESIAN_POINT('Ctrl Pts',(20.3432112699725,-6.31842068223554,39.6775531077131));
#3355=CARTESIAN_POINT('Ctrl Pts',(20.3912183630903,-6.31842068223559,40.0423080627539));
#3356=CARTESIAN_POINT('Ctrl Pts',(20.4232589728382,-6.31842068223532,40.264366727618));
#3357=CARTESIAN_POINT('Ctrl Pts',(20.4905910989047,-6.31842068223444,40.7086747025582));
#3358=CARTESIAN_POINT('Ctrl Pts',(20.5258681271952,-6.3184206822339,40.9354945435088));
#3359=CARTESIAN_POINT('Ctrl Pts',(20.6074941991561,-6.31842068223287,41.4767694689155));
#3360=CARTESIAN_POINT('Ctrl Pts',(20.6552754308187,-6.31842068223233,41.7974333477297));
#3361=CARTESIAN_POINT('Ctrl Pts',(20.7047720600792,-6.31842068223161,42.1184492356352));
#3362=CARTESIAN_POINT('Ctrl Pts',(20.7378579116214,-6.31842068223112,42.3328738056996));
#3363=CARTESIAN_POINT('Ctrl Pts',(20.7705415615615,-6.3184206822306,42.5418017265048));
#3364=CARTESIAN_POINT('Ctrl Pts',(20.8810173126796,-6.31842068222884,43.2477822621133));
#3365=CARTESIAN_POINT('Ctrl Pts',(20.9588563981584,-6.31842068222765,43.7490891749526));
#3366=CARTESIAN_POINT('Ctrl Pts',(21.0832518997233,-6.31842068222703,44.6407428351264));
#3367=CARTESIAN_POINT('Ctrl Pts',(21.1360352794573,-6.31842068222686,45.0258909383129));
#3368=CARTESIAN_POINT('Ctrl Pts',(21.1876218050812,-6.31842068222682,45.4114376633669));
#3369=CARTESIAN_POINT('Ctrl Pts',(19.0067617554229,-6.31842068233091,36.4133670477658));
#3370=CARTESIAN_POINT('Ctrl Pts',(19.0498478978953,-6.3184206823312,36.7583835002389));
#3371=CARTESIAN_POINT('Ctrl Pts',(19.0932076114941,-6.31842068233147,37.1033727234613));
#3372=CARTESIAN_POINT('Ctrl Pts',(19.1890452302821,-6.31842068233136,37.8168768326384));
#3373=CARTESIAN_POINT('Ctrl Pts',(19.2414437946814,-6.31842068233098,38.1853876987996));
#3374=CARTESIAN_POINT('Ctrl Pts',(19.32461159674,-6.31842068233074,38.7929674253048));
#3375=CARTESIAN_POINT('Ctrl Pts',(19.3568048790852,-6.31842068233069,39.0318465063419));
#3376=CARTESIAN_POINT('Ctrl Pts',(19.3972082651943,-6.31842068233087,39.3485903191735));
#3377=CARTESIAN_POINT('Ctrl Pts',(19.4069720113482,-6.31842068233091,39.4262543775363));
#3378=CARTESIAN_POINT('Ctrl Pts',(19.4348131375663,-6.3184206823311,39.6477995413735));
#3379=CARTESIAN_POINT('Ctrl Pts',(19.4528930750965,-6.31842068233121,39.7916802228057));
#3380=CARTESIAN_POINT('Ctrl Pts',(19.5021222783946,-6.31842068233126,40.1657892568147));
#3381=CARTESIAN_POINT('Ctrl Pts',(19.5353144746867,-6.31842068233098,40.3957397958522));
#3382=CARTESIAN_POINT('Ctrl Pts',(19.603823133842,-6.31842068233008,40.8477294355744));
#3383=CARTESIAN_POINT('Ctrl Pts',(19.6383849898835,-6.31842068232955,41.0698775053138));
#3384=CARTESIAN_POINT('Ctrl Pts',(19.7196372943011,-6.31842068232853,41.6086548489178));
#3385=CARTESIAN_POINT('Ctrl Pts',(19.7678314624191,-6.31842068232798,41.9320852022571));
#3386=CARTESIAN_POINT('Ctrl Pts',(19.817665549725,-6.31842068232725,42.2552851321201));
#3387=CARTESIAN_POINT('Ctrl Pts',(19.8509875244807,-6.31842068232676,42.4712370732284));
#3388=CARTESIAN_POINT('Ctrl Pts',(19.8836901989769,-6.31842068232624,42.6802798234427));
#3389=CARTESIAN_POINT('Ctrl Pts',(19.9940906344803,-6.31842068232448,43.3857374414468));
#3390=CARTESIAN_POINT('Ctrl Pts',(20.0711552304395,-6.3184206823233,43.882287538436));
#3391=CARTESIAN_POINT('Ctrl Pts',(20.1940632584204,-6.31842068232269,44.7633299445238));
#3392=CARTESIAN_POINT('Ctrl Pts',(20.2466186957225,-6.31842068232253,45.1468195640901));
#3393=CARTESIAN_POINT('Ctrl Pts',(20.2979523130081,-6.31842068232249,45.5304762571091));
#3394=CARTESIAN_POINT('Ctrl Pts',(24.262620639267,-2.31842068189617,45.0000000000074));
#3395=CARTESIAN_POINT('Ctrl Pts',(24.2101600558834,-2.31842068189621,44.6079205986506));
#3396=CARTESIAN_POINT('Ctrl Pts',(24.1565888311243,-2.31842068189638,44.2170402286106));
#3397=CARTESIAN_POINT('Ctrl Pts',(24.0270829431912,-2.31842068189703,43.2887023406663));
#3398=CARTESIAN_POINT('Ctrl Pts',(23.9465650508341,-2.31842068189827,42.7709531179239));
#3399=CARTESIAN_POINT('Ctrl Pts',(23.8356672707574,-2.31842068190004,42.0623174733444));
#3400=CARTESIAN_POINT('Ctrl Pts',(23.8030176669501,-2.31842068190056,41.853565533761));
#3401=CARTESIAN_POINT('Ctrl Pts',(23.7709116001018,-2.31842068190103,41.6454936080097));
#3402=CARTESIAN_POINT('Ctrl Pts',(23.7225410304548,-2.31842068190173,41.3317850303097));
#3403=CARTESIAN_POINT('Ctrl Pts',(23.6759568326404,-2.31842068190227,41.0190916408101));
#3404=CARTESIAN_POINT('Ctrl Pts',(23.5929203411684,-2.31842068190331,40.468483499686));
#3405=CARTESIAN_POINT('Ctrl Pts',(23.556268222751,-2.31842068190387,40.2325620653968));
#3406=CARTESIAN_POINT('Ctrl Pts',(23.49226857812,-2.3184206819047,39.8103208965319));
#3407=CARTESIAN_POINT('Ctrl Pts',(23.4641447537147,-2.31842068190494,39.6151339726156));
#3408=CARTESIAN_POINT('Ctrl Pts',(23.4201815775764,-2.31842068190489,39.2810432245393));
#3409=CARTESIAN_POINT('Ctrl Pts',(23.4036228258315,-2.31842068190479,39.1492519547518));
#3410=CARTESIAN_POINT('Ctrl Pts',(23.3757429295011,-2.31842068190462,38.9273982785789));
#3411=CARTESIAN_POINT('Ctrl Pts',(23.365547571898,-2.31842068190456,38.8462974450737));
#3412=CARTESIAN_POINT('Ctrl Pts',(23.3219367404893,-2.31842068190437,38.5044087483229));
#3413=CARTESIAN_POINT('Ctrl Pts',(23.288496237611,-2.31842068190442,38.2566308200508));
#3414=CARTESIAN_POINT('Ctrl Pts',(23.2031536448001,-2.31842068190469,37.6331632290378));
#3415=CARTESIAN_POINT('Ctrl Pts',(23.1507929219758,-2.31842068190504,37.2646527623372));
#3416=CARTESIAN_POINT('Ctrl Pts',(23.0612949403585,-2.31842068190515,36.5983467913149));
#3417=CARTESIAN_POINT('Ctrl Pts',(23.0187779537899,-2.3184206819049,36.2607913591707));
#3418=CARTESIAN_POINT('Ctrl Pts',(22.9759311655711,-2.31842068190461,35.9176915590297));
#3419=CARTESIAN_POINT('Ctrl Pts',(19.0067617554229,-6.31842068233091,36.4133670477658));
#3420=CARTESIAN_POINT('Ctrl Pts',(19.0498478978953,-6.3184206823312,36.7583835002389));
#3421=CARTESIAN_POINT('Ctrl Pts',(19.0932076114941,-6.31842068233147,37.1033727234613));
#3422=CARTESIAN_POINT('Ctrl Pts',(19.1890452302821,-6.31842068233136,37.8168768326384));
#3423=CARTESIAN_POINT('Ctrl Pts',(19.2414437946814,-6.31842068233098,38.1853876987996));
#3424=CARTESIAN_POINT('Ctrl Pts',(19.32461159674,-6.31842068233074,38.7929674253048));
#3425=CARTESIAN_POINT('Ctrl Pts',(19.3568048790852,-6.31842068233069,39.0318465063419));
#3426=CARTESIAN_POINT('Ctrl Pts',(19.3972082651943,-6.31842068233087,39.3485903191735));
#3427=CARTESIAN_POINT('Ctrl Pts',(19.4069720113482,-6.31842068233091,39.4262543775363));
#3428=CARTESIAN_POINT('Ctrl Pts',(19.4348131375663,-6.3184206823311,39.6477995413735));
#3429=CARTESIAN_POINT('Ctrl Pts',(19.4528930750965,-6.31842068233121,39.7916802228057));
#3430=CARTESIAN_POINT('Ctrl Pts',(19.5021222783946,-6.31842068233126,40.1657892568147));
#3431=CARTESIAN_POINT('Ctrl Pts',(19.5353144746867,-6.31842068233098,40.3957397958522));
#3432=CARTESIAN_POINT('Ctrl Pts',(19.603823133842,-6.31842068233008,40.8477294355744));
#3433=CARTESIAN_POINT('Ctrl Pts',(19.6383849898835,-6.31842068232955,41.0698775053138));
#3434=CARTESIAN_POINT('Ctrl Pts',(19.7206705209784,-6.31842068232852,41.6155060899811));
#3435=CARTESIAN_POINT('Ctrl Pts',(19.7688524491813,-6.31842068232797,41.938938820377));
#3436=CARTESIAN_POINT('Ctrl Pts',(19.8509875244807,-6.31842068232676,42.4712370732284));
#3437=CARTESIAN_POINT('Ctrl Pts',(19.8836901989769,-6.31842068232624,42.6802798234427));
#3438=CARTESIAN_POINT('Ctrl Pts',(19.9940906344803,-6.31842068232448,43.3857374414468));
#3439=CARTESIAN_POINT('Ctrl Pts',(20.0711552304395,-6.3184206823233,43.882287538436));
#3440=CARTESIAN_POINT('Ctrl Pts',(20.1694070817668,-6.31842068232281,44.5865869151171));
#3441=CARTESIAN_POINT('Ctrl Pts',(20.1979668228969,-6.3184206823227,44.7932748352896));
#3442=CARTESIAN_POINT('Ctrl Pts',(20.2262105290952,-6.31842068232262,44.9999999964563));
#3443=CARTESIAN_POINT('Origin',(17.8568900532413,-6.31842068244605,35.9608758801464));
#3444=CARTESIAN_POINT('',(17.6034698463313,-6.31842068258106,43.6712099608554));
#3445=CARTESIAN_POINT('Ctrl Pts',(11.2562194439699,-5.24882525648799,28.7081870022945));
#3446=CARTESIAN_POINT('Ctrl Pts',(11.4422307796942,-5.28438079042914,29.481260931927));
#3447=CARTESIAN_POINT('Ctrl Pts',(11.623466802743,-5.30747313864438,30.2596077091854));
#3448=CARTESIAN_POINT('Ctrl Pts',(11.9857225188281,-5.33629837885801,31.8568821638222));
#3449=CARTESIAN_POINT('Ctrl Pts',(12.1656923160306,-5.34117487471366,32.6759826292355));
#3450=CARTESIAN_POINT('Ctrl Pts',(12.3457862450366,-5.33895685303919,33.4973190779229));
#3451=CARTESIAN_POINT('Ctrl Pts',(11.6933076523301,-5.33237341535216,28.5527177273274));
#3452=CARTESIAN_POINT('Ctrl Pts',(11.8947942879414,-5.35245768380534,29.3279213590026));
#3453=CARTESIAN_POINT('Ctrl Pts',(12.0925488095919,-5.36105648131234,30.1074429166003));
#3454=CARTESIAN_POINT('Ctrl Pts',(12.4898737798456,-5.35975282966733,31.70521956367));
#3455=CARTESIAN_POINT('Ctrl Pts',(12.6885334741036,-5.34954418989566,32.5236266669209));
#3456=CARTESIAN_POINT('Ctrl Pts',(12.8868141648777,-5.3322935987067,33.3435174664848));
#3457=CARTESIAN_POINT('Ctrl Pts',(12.096090869091,-5.58574960664451,28.3978808358165));
#3458=CARTESIAN_POINT('Ctrl Pts',(12.3181340618808,-5.60001617217583,29.1752705754173));
#3459=CARTESIAN_POINT('Ctrl Pts',(12.5374041376241,-5.60519875484451,29.9560148877618));
#3460=CARTESIAN_POINT('Ctrl Pts',(12.980578173524,-5.60082964417208,31.5545002636974));
#3461=CARTESIAN_POINT('Ctrl Pts',(13.2038780116689,-5.59114012051024,32.3723318290401));
#3462=CARTESIAN_POINT('Ctrl Pts',(13.4265082774862,-5.57607113405072,33.190971659957));
#3463=CARTESIAN_POINT('Ctrl Pts',(12.3709058254812,-5.95003369338383,28.2796821214041));
#3464=CARTESIAN_POINT('Ctrl Pts',(12.6097217906655,-5.96693647361308,29.0603670829387));
#3465=CARTESIAN_POINT('Ctrl Pts',(12.8449133796455,-5.9776011525291,29.843956112096));
#3466=CARTESIAN_POINT('Ctrl Pts',(13.3182754230496,-5.99075791716624,31.4477106118958));
#3467=CARTESIAN_POINT('Ctrl Pts',(13.5561546869134,-5.99284057384341,32.2678917952421));
#3468=CARTESIAN_POINT('Ctrl Pts',(13.7912843175286,-5.99188218467467,33.0887456579966));
#3469=CARTESIAN_POINT('',(12.3457862450366,-5.33895685303919,33.4973190779229));
#3470=CARTESIAN_POINT('',(13.7912843175286,-5.99188218467467,33.0887456579966));
#3471=CARTESIAN_POINT('Origin',(12.3704162088462,-7.33880518850934,33.4973190779229));
#3472=CARTESIAN_POINT('',(12.3709058254812,-5.95003369338383,28.2796821214041));
#3473=CARTESIAN_POINT('Ctrl Pts',(13.7912843175286,-5.99188218467467,33.0887456579966));
#3474=CARTESIAN_POINT('Ctrl Pts',(13.5561546869134,-5.99284057384341,32.2678917952421));
#3475=CARTESIAN_POINT('Ctrl Pts',(13.3182754230496,-5.99075791716624,31.4477106118958));
#3476=CARTESIAN_POINT('Ctrl Pts',(12.8449133796455,-5.9776011525291,29.843956112096));
#3477=CARTESIAN_POINT('Ctrl Pts',(12.6097217906655,-5.96693647361308,29.0603670829387));
#3478=CARTESIAN_POINT('Ctrl Pts',(12.3709058254812,-5.95003369338383,28.2796821214041));
#3479=CARTESIAN_POINT('',(11.2562194439699,-5.24882525648799,28.7081870022945));
#3480=CARTESIAN_POINT('Origin',(10.8807234250079,-7.21325971447933,28.7081870022945));
#3481=CARTESIAN_POINT('',(11.8008081880537,-5.32158446333672,31.0415494479332));
#3482=CARTESIAN_POINT('Ctrl Pts',(11.2562194439699,-5.24882525648799,28.7081870022945));
#3483=CARTESIAN_POINT('Ctrl Pts',(11.4422307796942,-5.28438079042914,29.481260931927));
#3484=CARTESIAN_POINT('Ctrl Pts',(11.623466802743,-5.30747313864438,30.2596077091854));
#3485=CARTESIAN_POINT('Ctrl Pts',(11.80080718469,-5.32158438349772,31.0415450238555));
#3486=CARTESIAN_POINT('Ctrl Pts',(11.8008091914175,-5.32158454317572,31.0415538720109));
#3487=CARTESIAN_POINT('Ctrl Pts',(11.9857238208668,-5.3362984141382,31.8568880898192));
#3488=CARTESIAN_POINT('Ctrl Pts',(12.165692967499,-5.34117486669023,32.6759856003224));
#3489=CARTESIAN_POINT('Ctrl Pts',(12.3457862450366,-5.33895685303919,33.4973190779229));
#3490=CARTESIAN_POINT('Ctrl Pts',(16.9585890119929,-5.83505904976704,44.5267701202951));
#3491=CARTESIAN_POINT('Ctrl Pts',(15.9222454690742,-5.92938373212618,40.7167945590024));
#3492=CARTESIAN_POINT('Ctrl Pts',(14.8822389100585,-5.98743545006995,36.8973438726284));
#3493=CARTESIAN_POINT('Ctrl Pts',(13.7912843175285,-5.9918821846746,33.0887456579965));
#3494=CARTESIAN_POINT('Ctrl Pts',(16.6993498213609,-5.40792470265845,44.5578607020479));
#3495=CARTESIAN_POINT('Ctrl Pts',(15.6560643942577,-5.59306140476988,40.765848913356));
#3496=CARTESIAN_POINT('Ctrl Pts',(14.6452143644114,-5.71789080639915,36.9507987358976));
#3497=CARTESIAN_POINT('Ctrl Pts',(13.5828408660758,-5.75427587003241,33.1471605162596));
#3498=CARTESIAN_POINT('Ctrl Pts',(15.9641182817086,-4.84274517615376,44.6936401399339));
#3499=CARTESIAN_POINT('Ctrl Pts',(15.0160507313745,-5.15825466113328,40.901539613517));
#3500=CARTESIAN_POINT('Ctrl Pts',(14.1059286580008,-5.36452034267544,37.0801831832488));
#3501=CARTESIAN_POINT('Ctrl Pts',(13.1200564755169,-5.43206692787489,33.2775714427863));
#3502=CARTESIAN_POINT('Ctrl Pts',(15.0771115197697,-4.84918916511114,44.9081510788476));
#3503=CARTESIAN_POINT('Ctrl Pts',(14.2675514883427,-5.12825416362643,41.081450955693));
#3504=CARTESIAN_POINT('Ctrl Pts',(13.4796871785735,-5.3003427125506,37.2397821527015));
#3505=CARTESIAN_POINT('Ctrl Pts',(12.5776553535405,-5.33610117261086,33.4314041015922));
#3506=CARTESIAN_POINT('Ctrl Pts',(14.7289212734076,-4.9554833449735,45.));
#3507=CARTESIAN_POINT('Ctrl Pts',(13.9600958155178,-5.19018742516396,41.1585665225248));
#3508=CARTESIAN_POINT('Ctrl Pts',(13.2167637524756,-5.32822996735175,37.3081563950385));
#3509=CARTESIAN_POINT('Ctrl Pts',(12.3457862450373,-5.33895685303897,33.4973190779228));
#3510=CARTESIAN_POINT('Ctrl Pts',(12.3457862450373,-5.33895685303897,33.4973190779228));
#3511=CARTESIAN_POINT('Ctrl Pts',(13.2167637524756,-5.32822996735175,37.3081563950385));
#3512=CARTESIAN_POINT('Ctrl Pts',(13.9600958155178,-5.19018742516396,41.1585665225248));
#3513=CARTESIAN_POINT('Ctrl Pts',(14.7289212734076,-4.9554833449735,45.));
#3514=CARTESIAN_POINT('',(16.9585890119929,-5.83505904976704,44.5267701202951));
#3515=CARTESIAN_POINT('Origin',(15.3128695124675,-6.86833578415924,45.));
#3516=CARTESIAN_POINT('Ctrl Pts',(16.9585890119929,-5.83505904976704,44.5267701202951));
#3517=CARTESIAN_POINT('Ctrl Pts',(15.9222454690742,-5.92938373212618,40.7167945590024));
#3518=CARTESIAN_POINT('Ctrl Pts',(14.8822389100585,-5.98743545006995,36.8973438726284));
#3519=CARTESIAN_POINT('Ctrl Pts',(13.7912843175285,-5.9918821846746,33.0887456579965));
#3520=CARTESIAN_POINT('Ctrl Pts',(12.3710046947317,-5.9500406907357,28.2800053240699));
#3521=CARTESIAN_POINT('Ctrl Pts',(12.0187174908566,-5.92510927028219,27.1283784349882));
#3522=CARTESIAN_POINT('Ctrl Pts',(11.657627354691,-5.88585953669386,25.9829974565158));
#3523=CARTESIAN_POINT('Ctrl Pts',(11.2605341443695,-5.82259521724993,24.7379022315849));
#3524=CARTESIAN_POINT('Ctrl Pts',(11.2256032470832,-5.8168776999928,24.6284063615503));
#3525=CARTESIAN_POINT('Ctrl Pts',(11.1906789589674,-5.81099738538006,24.5189961169739));
#3526=CARTESIAN_POINT('Ctrl Pts',(12.0961733265354,-5.58574298838632,28.3982066577492));
#3527=CARTESIAN_POINT('Ctrl Pts',(11.7691667203975,-5.56532198849993,27.2515251202679));
#3528=CARTESIAN_POINT('Ctrl Pts',(11.4336998463664,-5.52077583681655,26.1117990125467));
#3529=CARTESIAN_POINT('Ctrl Pts',(11.0673449780336,-5.44097965328259,24.8722828960633));
#3530=CARTESIAN_POINT('Ctrl Pts',(11.0350298921716,-5.43353909691526,24.7632439505253));
#3531=CARTESIAN_POINT('Ctrl Pts',(11.0028285123227,-5.42597278481698,24.6542977127196));
#3532=CARTESIAN_POINT('Ctrl Pts',(11.6933633330545,-5.33236431108879,28.5530491468838));
#3533=CARTESIAN_POINT('Ctrl Pts',(11.3976523735993,-5.30359233032433,27.409552284883));
#3534=CARTESIAN_POINT('Ctrl Pts',(11.08792500539,-5.24464706410534,26.2754347492538));
#3535=CARTESIAN_POINT('Ctrl Pts',(10.7452012383553,-5.13938133078824,25.0434833159079));
#3536=CARTESIAN_POINT('Ctrl Pts',(10.7146922387076,-5.12951033549138,24.9351281759715));
#3537=CARTESIAN_POINT('Ctrl Pts',(10.6844236425383,-5.11950407892728,24.8268670999765));
#3538=CARTESIAN_POINT('Ctrl Pts',(11.2562513240128,-5.24883135098958,28.7085228663038));
#3539=CARTESIAN_POINT('Ctrl Pts',(10.9842589053479,-5.19684278536253,27.5681226359565));
#3540=CARTESIAN_POINT('Ctrl Pts',(10.6928786171674,-5.11534324942108,26.439598550261));
#3541=CARTESIAN_POINT('Ctrl Pts',(10.3623177322455,-4.9816582020207,25.2152540153117));
#3542=CARTESIAN_POINT('Ctrl Pts',(10.3325636343085,-4.96930060275809,25.1075882158489));
#3543=CARTESIAN_POINT('Ctrl Pts',(10.3031538589636,-4.95674474660393,25.0000176099364));
#3544=CARTESIAN_POINT('',(10.3914634436379,-4.99344499121641,25.3230426650252));
#3545=CARTESIAN_POINT('Ctrl Pts',(10.3031926350543,-4.95676130022317,25.));
#3546=CARTESIAN_POINT('Ctrl Pts',(10.3326070656192,-4.96931884718176,25.1075873837631));
#3547=CARTESIAN_POINT('Ctrl Pts',(10.3623659151711,-4.98167808206708,25.2152699905345));
#3548=CARTESIAN_POINT('Ctrl Pts',(10.3914633462929,-4.99344523193882,25.3230426650232));
#3549=CARTESIAN_POINT('Ctrl Pts',(10.391463542747,-4.99344475120741,25.3230426715611));
#3550=CARTESIAN_POINT('Ctrl Pts',(10.3915003390806,-4.99345963107068,25.3231789580794));
#3551=CARTESIAN_POINT('Ctrl Pts',(10.3915371352525,-4.99347451036008,25.3233152447755));
#3552=CARTESIAN_POINT('Ctrl Pts',(10.3915739312625,-4.9934893890755,25.3234515316494));
#3553=CARTESIAN_POINT('Ctrl Pts',(10.4960023636534,-5.03571573176489,25.7102387025126));
#3554=CARTESIAN_POINT('Ctrl Pts',(10.5992420477899,-5.07311284587737,26.0984580152487));
#3555=CARTESIAN_POINT('Ctrl Pts',(10.7008721415785,-5.10610283477633,26.4881070022782));
#3556=CARTESIAN_POINT('Ctrl Pts',(10.8071727909933,-5.14060892557497,26.8956628631553));
#3557=CARTESIAN_POINT('Ctrl Pts',(10.9117123558924,-5.1702938617454,27.3047828232223));
#3558=CARTESIAN_POINT('Ctrl Pts',(11.0140525012055,-5.19568019919346,27.7154640588222));
#3559=CARTESIAN_POINT('Ctrl Pts',(11.0962624445302,-5.21607307001112,28.0453647151086));
#3560=CARTESIAN_POINT('Ctrl Pts',(11.1770540018487,-5.23369300901882,28.3762728508368));
#3561=CARTESIAN_POINT('Ctrl Pts',(11.2562194439733,-5.24882525648865,28.7081870023242));
#3562=CARTESIAN_POINT('Ctrl Pts',(12.3709058254904,-5.95003369338448,28.279682121434));
#3563=CARTESIAN_POINT('Ctrl Pts',(12.0344161753794,-5.92621782077005,27.1797036951542));
#3564=CARTESIAN_POINT('Ctrl Pts',(11.6898961244639,-5.88933875967229,26.0854238265351));
#3565=CARTESIAN_POINT('Ctrl Pts',(11.344097682745,-5.83579909011727,24.9999987108676));
#3566=CARTESIAN_POINT('Ctrl Pts',(17.0872959086525,-5.82313242882638,45.000000000001));
#3567=CARTESIAN_POINT('Ctrl Pts',(17.0444016910464,-5.82717806083954,44.8422709599379));
#3568=CARTESIAN_POINT('Ctrl Pts',(17.0015002195571,-5.83115340858194,44.6845273169719));
#3569=CARTESIAN_POINT('Ctrl Pts',(16.9585890119929,-5.83505904976704,44.5267701202951));
#3570=CARTESIAN_POINT('Ctrl Pts',(16.8289215050031,-5.38476901124581,45.0288472677348));
#3571=CARTESIAN_POINT('Ctrl Pts',(16.7856207376575,-5.39265463397861,44.8719115587407));
#3572=CARTESIAN_POINT('Ctrl Pts',(16.7425484670388,-5.4002588668395,44.714874084398));
#3573=CARTESIAN_POINT('Ctrl Pts',(16.6993498213609,-5.40792470265845,44.5578607020479));
#3574=CARTESIAN_POINT('Ctrl Pts',(16.0820995918142,-4.80287898810949,45.1645192160524));
#3575=CARTESIAN_POINT('Ctrl Pts',(16.0427274683273,-4.81636010783674,45.0076076059354));
#3576=CARTESIAN_POINT('Ctrl Pts',(16.0033738819078,-4.82968258450945,44.850657408946));
#3577=CARTESIAN_POINT('Ctrl Pts',(15.9641178613389,-4.84274668192283,44.6936403522903));
#3578=CARTESIAN_POINT('Ctrl Pts',(15.1777787926365,-4.81395845574155,45.3834210322187));
#3579=CARTESIAN_POINT('Ctrl Pts',(15.1442238535257,-4.8259195951022,45.2250191751036));
#3580=CARTESIAN_POINT('Ctrl Pts',(15.1106324489843,-4.83763410100426,45.0666007786528));
#3581=CARTESIAN_POINT('Ctrl Pts',(15.0771115197697,-4.84918916511114,44.9081510788476));
#3582=CARTESIAN_POINT('Ctrl Pts',(14.824475902001,-4.92577663414025,45.4771453780017));
#3583=CARTESIAN_POINT('Ctrl Pts',(14.7926049955022,-4.93586357880747,45.3181090562715));
#3584=CARTESIAN_POINT('Ctrl Pts',(14.7607555324519,-4.94576510475284,45.1590597542892));
#3585=CARTESIAN_POINT('Ctrl Pts',(14.7289212734076,-4.9554833449735,45.));
#3586=CARTESIAN_POINT('Ctrl Pts',(17.0872959086525,-5.82313242882638,45.000000000001));
#3587=CARTESIAN_POINT('Ctrl Pts',(17.0444016910464,-5.82717806083954,44.8422709599379));
#3588=CARTESIAN_POINT('Ctrl Pts',(17.0015002195571,-5.83115340858194,44.6845273169719));
#3589=CARTESIAN_POINT('Ctrl Pts',(16.9585890119929,-5.83505904976704,44.5267701202951));
#3590=CARTESIAN_POINT('Ctrl Pts',(19.5457172140079,-2.83145663631947,29.0047097545576));
#3591=CARTESIAN_POINT('Ctrl Pts',(19.5457172140079,-2.83145663631947,49.3990580490885));
#3592=CARTESIAN_POINT('Ctrl Pts',(18.3957577228025,-3.36415269818238,29.0047097545576));
#3593=CARTESIAN_POINT('Ctrl Pts',(18.3957577228025,-3.36415269818238,49.3990580490885));
#3594=CARTESIAN_POINT('Ctrl Pts',(17.2457982315971,-3.89684876004528,29.0047097545576));
#3595=CARTESIAN_POINT('Ctrl Pts',(17.2457982315971,-3.89684876004528,49.3990580490885));
#3596=CARTESIAN_POINT('Ctrl Pts',(16.0958387403918,-4.42954482190818,29.0047097545576));
#3597=CARTESIAN_POINT('Ctrl Pts',(16.0958387403918,-4.42954482190818,49.3990580490885));
#3598=CARTESIAN_POINT('Ctrl Pts',(15.896631293911,-4.52182374394467,29.0047097545576));
#3599=CARTESIAN_POINT('Ctrl Pts',(15.896631293911,-4.52182374394467,49.3990580490885));
#3600=CARTESIAN_POINT('Ctrl Pts',(15.693951869337,-4.60907624099199,29.0047097545628));
#3601=CARTESIAN_POINT('Ctrl Pts',(15.693951869337,-4.60907624099199,49.3990580490937));
#3602=CARTESIAN_POINT('Ctrl Pts',(15.4838420728826,-4.69171593219146,29.0047097545628));
#3603=CARTESIAN_POINT('Ctrl Pts',(15.4838420728826,-4.69171593219146,49.3990580490937));
#3604=CARTESIAN_POINT('Ctrl Pts',(14.0984546569453,-5.23661193502761,29.0047097545628));
#3605=CARTESIAN_POINT('Ctrl Pts',(14.0984546569453,-5.23661193502761,49.3990580490937));
#3606=CARTESIAN_POINT('Ctrl Pts',(13.0105336796637,-5.33076987957391,29.0047097545629));
#3607=CARTESIAN_POINT('Ctrl Pts',(13.0105336796637,-5.33076987957391,49.3990580490938));
#3608=CARTESIAN_POINT('Ctrl Pts',(12.3457862450365,-5.33895685303898,29.0047097545629));
#3609=CARTESIAN_POINT('Ctrl Pts',(12.3457862450365,-5.33895685303898,49.3990580490938));
#3610=CARTESIAN_POINT('Ctrl Pts',(11.3437229740805,-5.35129817995849,29.0047097545629));
#3611=CARTESIAN_POINT('Ctrl Pts',(11.3437229740805,-5.35129817995849,49.3990580490938));
#3612=CARTESIAN_POINT('Ctrl Pts',(10.3416597031244,-5.363639506878,29.0047097545629));
#3613=CARTESIAN_POINT('Ctrl Pts',(10.3416597031244,-5.363639506878,49.3990580490938));
#3614=CARTESIAN_POINT('Ctrl Pts',(9.33959643216829,-5.37598083379751,29.0047097545629));
#3615=CARTESIAN_POINT('Ctrl Pts',(9.33959643216829,-5.37598083379751,49.3990580490938));
#3616=CARTESIAN_POINT('',(12.3457862450365,-5.33895685303898,25.));
#3617=CARTESIAN_POINT('Ctrl Pts',(16.3222254931707,-5.28998336188227,20.1223639483049));
#3618=CARTESIAN_POINT('Ctrl Pts',(16.3222254931707,-5.28998336188227,45.));
#3619=CARTESIAN_POINT('Ctrl Pts',(14.9967457437927,-5.30630785893458,20.1223639483049));
#3620=CARTESIAN_POINT('Ctrl Pts',(14.9967457437927,-5.30630785893458,45.));
#3621=CARTESIAN_POINT('Ctrl Pts',(13.6712659944147,-5.32263235598688,20.1223639483049));
#3622=CARTESIAN_POINT('Ctrl Pts',(13.6712659944147,-5.32263235598688,45.));
#3623=CARTESIAN_POINT('Ctrl Pts',(12.3457862450366,-5.33895685303918,20.1223639483049));
#3624=CARTESIAN_POINT('Ctrl Pts',(12.3457862450366,-5.33895685303918,45.));
#3625=CARTESIAN_POINT('Ctrl Pts',(12.167570191934,-5.34115174695206,20.1223639483049));
#3626=CARTESIAN_POINT('Ctrl Pts',(12.167570191934,-5.34115174695206,45.));
#3627=CARTESIAN_POINT('Ctrl Pts',(11.9860772570823,-5.33632789329945,20.1223639485347));
#3628=CARTESIAN_POINT('Ctrl Pts',(11.9860772570823,-5.33632789329945,45.0000000002298));
#3629=CARTESIAN_POINT('Ctrl Pts',(11.8008383568865,-5.32158791181908,20.1223639485347));
#3630=CARTESIAN_POINT('Ctrl Pts',(11.8008383568865,-5.32158791181908,45.0000000002298));
#3631=CARTESIAN_POINT('Ctrl Pts',(11.6211506884043,-5.30728965749519,20.1223639485347));
#3632=CARTESIAN_POINT('Ctrl Pts',(11.6211506884043,-5.30728965749519,45.0000000002298));
#3633=CARTESIAN_POINT('Ctrl Pts',(11.4391798217125,-5.28379760855128,20.122363948305));
#3634=CARTESIAN_POINT('Ctrl Pts',(11.4391798217125,-5.28379760855128,45.));
#3635=CARTESIAN_POINT('Ctrl Pts',(11.2562194439699,-5.248825256488,20.122363948305));
#3636=CARTESIAN_POINT('Ctrl Pts',(11.2562194439699,-5.248825256488,45.));
#3637=CARTESIAN_POINT('Ctrl Pts',(10.6447867845584,-5.13195165526483,20.122363948305));
#3638=CARTESIAN_POINT('Ctrl Pts',(10.6447867845584,-5.13195165526483,45.));
#3639=CARTESIAN_POINT('Ctrl Pts',(10.033354125147,-5.01507805404166,20.122363948305));
#3640=CARTESIAN_POINT('Ctrl Pts',(10.033354125147,-5.01507805404166,45.));
#3641=CARTESIAN_POINT('Ctrl Pts',(9.42192146573554,-4.8982044528185,20.122363948305));
#3642=CARTESIAN_POINT('Ctrl Pts',(9.42192146573555,-4.8982044528185,45.));
#3643=CARTESIAN_POINT('',(11.2562194439699,-5.248825256488,25.));
#3644=CARTESIAN_POINT('Origin',(17.6034698462257,-5.31842068258106,43.6712099608695));
#3645=CARTESIAN_POINT('Ctrl Pts',(22.9759311647809,5.15176440009795,35.9176915591268));
#3646=CARTESIAN_POINT('Ctrl Pts',(22.9759311659927,-6.3184206819,35.9176915589658));
#3647=CARTESIAN_POINT('Ctrl Pts',(23.0038254226488,5.15176440009795,36.1410575265054));
#3648=CARTESIAN_POINT('Ctrl Pts',(23.0038254238606,-6.3184206819,36.1410575263443));
#3649=CARTESIAN_POINT('Ctrl Pts',(23.0576571681073,5.15176440009795,36.5712638471728));
#3650=CARTESIAN_POINT('Ctrl Pts',(23.0576571693191,-6.3184206819,36.5712638470118));
#3651=CARTESIAN_POINT('Ctrl Pts',(23.103892727072,5.15176440009795,36.9154842246051));
#3652=CARTESIAN_POINT('Ctrl Pts',(23.1038927282838,-6.3184206819,36.9154842244441));
#3653=CARTESIAN_POINT('Ctrl Pts',(23.1512371321829,5.15176440009795,37.2679598810373));
#3654=CARTESIAN_POINT('Ctrl Pts',(23.1512371333947,-6.3184206819,37.2679598808762));
#3655=CARTESIAN_POINT('Ctrl Pts',(23.1946809541022,5.15176440009795,37.5712662631284));
#3656=CARTESIAN_POINT('Ctrl Pts',(23.194680955314,-6.3184206819,37.5712662629674));
#3657=CARTESIAN_POINT('Ctrl Pts',(23.2549665162999,5.15176440009795,38.0116805158282));
#3658=CARTESIAN_POINT('Ctrl Pts',(23.2549665175117,-6.3184206819,38.0116805156672));
#3659=CARTESIAN_POINT('Ctrl Pts',(23.2802344728788,5.15176440009795,38.1962747670597));
#3660=CARTESIAN_POINT('Ctrl Pts',(23.2802344740907,-6.3184206819,38.1962747668986));
#3661=CARTESIAN_POINT('Ctrl Pts',(23.3199267856597,5.15176440009795,38.4886516407284));
#3662=CARTESIAN_POINT('Ctrl Pts',(23.3199267868716,-6.3184206819,38.4886516405674));
#3663=CARTESIAN_POINT('Ctrl Pts',(23.3551532500563,5.15176440009795,38.7648107877713));
#3664=CARTESIAN_POINT('Ctrl Pts',(23.3551532512681,-6.3184206819,38.7648107876103));
#3665=CARTESIAN_POINT('Ctrl Pts',(23.3654719789153,5.15176440009795,38.8457048374323));
#3666=CARTESIAN_POINT('Ctrl Pts',(23.3654719801271,-6.3184206819,38.8457048372712));
#3667=CARTESIAN_POINT('Ctrl Pts',(23.3736647827207,5.15176440009795,38.9108614765988));
#3668=CARTESIAN_POINT('Ctrl Pts',(23.3736647839325,-6.3184206819,38.9108614764378));
#3669=CARTESIAN_POINT('Ctrl Pts',(23.3855162929641,5.15176440009795,39.0051696147838));
#3670=CARTESIAN_POINT('Ctrl Pts',(23.385516294176,-6.3184206819,39.0051696146227));
#3671=CARTESIAN_POINT('Ctrl Pts',(23.4076824645408,5.15176440009795,39.181556448963));
#3672=CARTESIAN_POINT('Ctrl Pts',(23.4076824657526,-6.3184206819,39.181556448802));
#3673=CARTESIAN_POINT('Ctrl Pts',(23.4198814085324,5.15176440009795,39.2787621465781));
#3674=CARTESIAN_POINT('Ctrl Pts',(23.4198814097442,-6.3184206819,39.2787621464171));
#3675=CARTESIAN_POINT('Ctrl Pts',(23.4376227010796,5.15176440009795,39.4135841094021));
#3676=CARTESIAN_POINT('Ctrl Pts',(23.4376227022914,-6.3184206819,39.4135841092411));
#3677=CARTESIAN_POINT('Ctrl Pts',(23.4672094846366,5.15176440009795,39.638423884869));
#3678=CARTESIAN_POINT('Ctrl Pts',(23.4672094858484,-6.3184206819,39.638423884708));
#3679=CARTESIAN_POINT('Ctrl Pts',(23.494845443496,5.15176440009795,39.8273219126247));
#3680=CARTESIAN_POINT('Ctrl Pts',(23.4948454447078,-6.3184206819,39.8273219124637));
#3681=CARTESIAN_POINT('Ctrl Pts',(23.5249599324588,5.15176440009795,40.0260039067628));
#3682=CARTESIAN_POINT('Ctrl Pts',(23.5249599336706,-6.3184206819,40.0260039066017));
#3683=CARTESIAN_POINT('Ctrl Pts',(23.5527781159404,5.15176440009795,40.209535899428));
#3684=CARTESIAN_POINT('Ctrl Pts',(23.5527781171523,-6.3184206819,40.209535899267));
#3685=CARTESIAN_POINT('Ctrl Pts',(23.57275240077,5.15176440009795,40.3347515520446));
#3686=CARTESIAN_POINT('Ctrl Pts',(23.5727524019818,-6.3184206819,40.3347515518835));
#3687=CARTESIAN_POINT('Ctrl Pts',(23.627185915869,5.15176440009795,40.6956957108383));
#3688=CARTESIAN_POINT('Ctrl Pts',(23.6271859170808,-6.3184206819,40.6956957106773));
#3689=CARTESIAN_POINT('Ctrl Pts',(23.6748659804019,5.15176440009795,41.0118582947312));
#3690=CARTESIAN_POINT('Ctrl Pts',(23.6748659816137,-6.3184206819,41.0118582945702));
#3691=CARTESIAN_POINT('Ctrl Pts',(23.7126928182758,5.15176440009795,41.2681912763637));
#3692=CARTESIAN_POINT('Ctrl Pts',(23.7126928194876,-6.3184206819,41.2681912762027));
#3693=CARTESIAN_POINT('Ctrl Pts',(23.7719374351293,5.15176440009795,41.6521418106147));
#3694=CARTESIAN_POINT('Ctrl Pts',(23.7719374363412,-6.3184206819,41.6521418104537));
#3695=CARTESIAN_POINT('Ctrl Pts',(23.8032667260071,5.15176440009795,41.8551796325987));
#3696=CARTESIAN_POINT('Ctrl Pts',(23.8032667272189,-6.3184206819,41.8551796324377));
#3697=CARTESIAN_POINT('Ctrl Pts',(23.8479447776542,5.15176440009795,42.1407706180199));
#3698=CARTESIAN_POINT('Ctrl Pts',(23.8479447788661,-6.3184206819,42.1407706178589));
#3699=CARTESIAN_POINT('Ctrl Pts',(23.8683050129531,5.15176440009795,42.2708723067535));
#3700=CARTESIAN_POINT('Ctrl Pts',(23.8683050141649,-6.3184206819,42.2708723065925));
#3701=CARTESIAN_POINT('Ctrl Pts',(23.9487152091915,5.15176440009795,42.7846926122889));
#3702=CARTESIAN_POINT('Ctrl Pts',(23.9487152104034,-6.3184206819,42.7846926121279));
#3703=CARTESIAN_POINT('Ctrl Pts',(24.0291005586415,5.15176440009795,43.3031652322145));
#3704=CARTESIAN_POINT('Ctrl Pts',(24.0291005598533,-6.3184206819,43.3031652320535));
#3705=CARTESIAN_POINT('Ctrl Pts',(24.1022137414457,5.15176440009795,43.8272629299223));
#3706=CARTESIAN_POINT('Ctrl Pts',(24.1022137426575,-6.3184206819,43.8272629297613));
#3707=CARTESIAN_POINT('Ctrl Pts',(24.2160876555686,5.15176440009795,44.6435460396399));
#3708=CARTESIAN_POINT('Ctrl Pts',(24.2160876567804,-6.3184206819,44.6435460394789));
#3709=CARTESIAN_POINT('Ctrl Pts',(24.3259954071818,5.15176440009795,45.461530897581));
#3710=CARTESIAN_POINT('Ctrl Pts',(24.3259954083937,-6.3184206819,45.46153089742));
#3711=CARTESIAN_POINT('Ctrl Pts',(24.429167289374,5.15176440009795,46.2814741527829));
#3712=CARTESIAN_POINT('Ctrl Pts',(24.4291672905858,-6.3184206819,46.2814741526219));
#3713=CARTESIAN_POINT('Ctrl Pts',(24.4553865240374,5.15176440009795,46.4898476375159));
#3714=CARTESIAN_POINT('Ctrl Pts',(24.4553865252493,-6.3184206819,46.4898476373549));
#3715=CARTESIAN_POINT('Ctrl Pts',(24.4833098065224,5.15176440009795,46.7125612453673));
#3716=CARTESIAN_POINT('Ctrl Pts',(24.4833098077342,-6.3184206819,46.7125612452063));
#3717=CARTESIAN_POINT('Ctrl Pts',(24.5120911123713,5.15176440009795,46.9304845191093));
#3718=CARTESIAN_POINT('Ctrl Pts',(24.5120911135831,-6.3184206819,46.9304845189483));
#3719=CARTESIAN_POINT('Ctrl Pts',(24.5410539747639,5.15176440009795,47.1497824836519));
#3720=CARTESIAN_POINT('Ctrl Pts',(24.5410539759757,-6.3184206819,47.1497824834909));
#3721=CARTESIAN_POINT('Ctrl Pts',(24.5642041594035,5.15176440009795,47.3140913277767));
#3722=CARTESIAN_POINT('Ctrl Pts',(24.5642041606153,-6.3184206819,47.3140913276157));
#3723=CARTESIAN_POINT('Ctrl Pts',(24.5941373297665,5.15176440009795,47.5314708975089));
#3724=CARTESIAN_POINT('Ctrl Pts',(24.5941373309783,-6.3184206819,47.5314708973478));
#3725=CARTESIAN_POINT('Ctrl Pts',(24.6352699776949,5.15176440009795,47.8301829016234));
#3726=CARTESIAN_POINT('Ctrl Pts',(24.6352699789068,-6.3184206819,47.8301829014624));
#3727=CARTESIAN_POINT('Ctrl Pts',(24.6631004310982,5.15176440009795,48.0399908664043));
#3728=CARTESIAN_POINT('Ctrl Pts',(24.6631004323101,-6.3184206819,48.0399908662433));
#3729=CARTESIAN_POINT('Ctrl Pts',(24.6972743559051,5.15176440009795,48.3275374693672));
#3730=CARTESIAN_POINT('Ctrl Pts',(24.6972743571169,-6.3184206819,48.3275374692061));
#3731=CARTESIAN_POINT('Ctrl Pts',(24.7261348935122,5.15176440009795,48.5703761130268));
#3732=CARTESIAN_POINT('Ctrl Pts',(24.7261348947241,-6.3184206819,48.5703761128658));
#3733=CARTESIAN_POINT('Ctrl Pts',(24.7502297304022,5.15176440009795,48.7901131168392));
#3734=CARTESIAN_POINT('Ctrl Pts',(24.750229731614,-6.3184206819,48.7901131166781));
#3735=CARTESIAN_POINT('Ctrl Pts',(24.7777630882439,5.15176440009795,49.0473724450178));
#3736=CARTESIAN_POINT('Ctrl Pts',(24.7777630894558,-6.3184206819,49.0473724448568));
#3737=CARTESIAN_POINT('Ctrl Pts',(24.8116339863546,5.15176440009795,49.3638469027582));
#3738=CARTESIAN_POINT('Ctrl Pts',(24.8116339875664,-6.3184206819,49.3638469025972));
#3739=CARTESIAN_POINT('Ctrl Pts',(24.8404304253505,5.15176440009795,49.6408845344087));
#3740=CARTESIAN_POINT('Ctrl Pts',(24.8404304265624,-6.3184206819,49.6408845342477));
#3741=CARTESIAN_POINT('Ctrl Pts',(24.8808869422578,5.15176440009795,49.9939644065339));
#3742=CARTESIAN_POINT('Ctrl Pts',(24.8808869434696,-6.3184206819,49.9939644063728));
#3743=CARTESIAN_POINT('Ctrl Pts',(24.9081440215754,5.15176440009795,50.2318476158577));
#3744=CARTESIAN_POINT('Ctrl Pts',(24.9081440227872,-6.3184206819,50.2318476156967));
#3745=CARTESIAN_POINT('Ctrl Pts',(24.9378316807413,5.15176440009795,50.4799911746897));
#3746=CARTESIAN_POINT('Ctrl Pts',(24.9378316819531,-6.3184206819,50.4799911745286));
#3747=CARTESIAN_POINT('Ctrl Pts',(24.9654972097015,5.15176440009795,50.7126893920309));
#3748=CARTESIAN_POINT('Ctrl Pts',(24.9654972109134,-6.3184206819,50.7126893918698));
#3749=CARTESIAN_POINT('Ctrl Pts',(24.9785238189632,5.15176440009795,50.8222578285336));
#3750=CARTESIAN_POINT('Ctrl Pts',(24.9785238201751,-6.3184206819,50.8222578283726));
#3751=CARTESIAN_POINT('Ctrl Pts',(24.9894852594507,5.15176440009795,50.914817160488));
#3752=CARTESIAN_POINT('Ctrl Pts',(24.9894852606626,-6.3184206819,50.914817160327));
#3753=CARTESIAN_POINT('Ctrl Pts',(24.9996991029886,5.15176440009795,51.0017432664215));
#3754=CARTESIAN_POINT('Ctrl Pts',(24.9996991042004,-6.3184206819,51.0017432662605));
#3755=CARTESIAN_POINT('',(22.9759311652195,1.,35.9176915590685));
#3756=CARTESIAN_POINT('Ctrl Pts',(22.9759311652195,1.,35.9176915590685));
#3757=CARTESIAN_POINT('Ctrl Pts',(22.9898611667377,1.,36.0292373933198));
#3758=CARTESIAN_POINT('Ctrl Pts',(23.0102582145916,1.,36.1923570985934));
#3759=CARTESIAN_POINT('Ctrl Pts',(23.0329711761761,1.,36.3707743215284));
#3760=CARTESIAN_POINT('Ctrl Pts',(23.0451277943073,1.,36.4662682552088));
#3761=CARTESIAN_POINT('Ctrl Pts',(23.0579482005011,1.,36.5661468976685));
#3762=CARTESIAN_POINT('Ctrl Pts',(23.0707937256839,1.,36.6648247312783));
#3763=CARTESIAN_POINT('Ctrl Pts',(23.0819482897416,1.,36.7505127977773));
#3764=CARTESIAN_POINT('Ctrl Pts',(23.0931218471277,1.,36.8352958026113));
#3765=CARTESIAN_POINT('Ctrl Pts',(23.1038927275106,1.,36.9154842245468));
#3766=CARTESIAN_POINT('Ctrl Pts',(23.1060111083518,1.,36.9312554160071));
#3767=CARTESIAN_POINT('Ctrl Pts',(23.1081207883316,1.,36.9469215293961));
#3768=CARTESIAN_POINT('Ctrl Pts',(23.110223499051,1.,36.9624984145497));
#3769=CARTESIAN_POINT('Ctrl Pts',(23.1208367609781,1.,37.04112147982));
#3770=CARTESIAN_POINT('Ctrl Pts',(23.1312747818742,1.,37.1174896779721));
#3771=CARTESIAN_POINT('Ctrl Pts',(23.141784591513,1.,37.1938132262521));
#3772=CARTESIAN_POINT('Ctrl Pts',(23.1588706761851,1.,37.3178945039549));
#3773=CARTESIAN_POINT('Ctrl Pts',(23.176145620882,1.,37.4418518156326));
#3774=CARTESIAN_POINT('Ctrl Pts',(23.194657171643,1.,37.5750289754374));
#3775=CARTESIAN_POINT('Ctrl Pts',(23.2055618930167,1.,37.6534805238663));
#3776=CARTESIAN_POINT('Ctrl Pts',(23.2168955496482,1.,37.7351291371144));
#3777=CARTESIAN_POINT('Ctrl Pts',(23.2288757181922,1.,37.8219093510348));
#3778=CARTESIAN_POINT('Ctrl Pts',(23.2372327495203,1.,37.8824448070867));
#3779=CARTESIAN_POINT('Ctrl Pts',(23.2459044422012,1.,37.9454778191411));
#3780=CARTESIAN_POINT('Ctrl Pts',(23.2549665167385,1.,38.01168051577));
#3781=CARTESIAN_POINT('Ctrl Pts',(23.2676091262969,1.,38.1040406968456));
#3782=CARTESIAN_POINT('Ctrl Pts',(23.2838631787235,1.,38.2233872718289));
#3783=CARTESIAN_POINT('Ctrl Pts',(23.3013523208585,1.,38.3541097110584));
#3784=CARTESIAN_POINT('Ctrl Pts',(23.310096891926,1.,38.4194709306731));
#3785=CARTESIAN_POINT('Ctrl Pts',(23.319150155848,1.,38.4876753841639));
#3786=CARTESIAN_POINT('Ctrl Pts',(23.3282156118872,1.,38.5567740645089));
#3787=CARTESIAN_POINT('Ctrl Pts',(23.3327483399068,1.,38.5913234046813));
#3788=CARTESIAN_POINT('Ctrl Pts',(23.337284129887,1.,38.6260963799229));
#3789=CARTESIAN_POINT('Ctrl Pts',(23.3417860346081,1.,38.6608500431995));
#3790=CARTESIAN_POINT('Ctrl Pts',(23.3440369869686,1.,38.6782268748378));
#3791=CARTESIAN_POINT('Ctrl Pts',(23.3462794694736,1.,38.6955988872469));
#3792=CARTESIAN_POINT('Ctrl Pts',(23.3485088734669,1.,38.712935771124));
#3793=CARTESIAN_POINT('Ctrl Pts',(23.3500151413274,1.,38.724649211606));
#3794=CARTESIAN_POINT('Ctrl Pts',(23.351515439178,1.,38.7363466172748));
#3795=CARTESIAN_POINT('Ctrl Pts',(23.353008347531,1.,38.7480186518563));
#3796=CARTESIAN_POINT('Ctrl Pts',(23.3537250699688,1.,38.7536222169126));
#3797=CARTESIAN_POINT('Ctrl Pts',(23.3544400529324,1.,38.7592196495185));
#3798=CARTESIAN_POINT('Ctrl Pts',(23.3551532504949,1.,38.764810787713));
#3799=CARTESIAN_POINT('Ctrl Pts',(23.3583926054054,1.,38.7902058281851));
#3800=CARTESIAN_POINT('Ctrl Pts',(23.3614329813374,1.,38.8141326572441));
#3801=CARTESIAN_POINT('Ctrl Pts',(23.3644468957065,1.,38.8379304671701));
#3802=CARTESIAN_POINT('Ctrl Pts',(23.3678206782515,1.,38.8645697892954));
#3803=CARTESIAN_POINT('Ctrl Pts',(23.3711619211051,1.,38.8910522725949));
#3804=CARTESIAN_POINT('Ctrl Pts',(23.3747176837593,1.,38.9192939715802));
#3805=CARTESIAN_POINT('Ctrl Pts',(23.3777303114795,1.,38.9432218130879));
#3806=CARTESIAN_POINT('Ctrl Pts',(23.3808972979387,1.,38.9684153122799));
#3807=CARTESIAN_POINT('Ctrl Pts',(23.384365400884,1.,38.9960115721434));
#3808=CARTESIAN_POINT('Ctrl Pts',(23.3847453615664,1.,38.9990349811636));
#3809=CARTESIAN_POINT('Ctrl Pts',(23.3851289299004,1.,39.0020871779762));
#3810=CARTESIAN_POINT('Ctrl Pts',(23.3855162934028,1.,39.0051696147254));
#3811=CARTESIAN_POINT('Ctrl Pts',(23.3966326491401,1.,39.0936277767198));
#3812=CARTESIAN_POINT('Ctrl Pts',(23.4052413912447,1.,39.1621638748238));
#3813=CARTESIAN_POINT('Ctrl Pts',(23.4132831088874,1.,39.2253904828357));
#3814=CARTESIAN_POINT('Ctrl Pts',(23.4173039677087,1.,39.2570037868417));
#3815=CARTESIAN_POINT('Ctrl Pts',(23.4211832232264,1.,39.2872911598679));
#3816=CARTESIAN_POINT('Ctrl Pts',(23.425160686619,1.,39.3180601076823));
#3817=CARTESIAN_POINT('Ctrl Pts',(23.4271494183154,1.,39.3334445815895));
#3818=CARTESIAN_POINT('Ctrl Pts',(23.4291626433966,1.,39.3489490260531));
#3819=CARTESIAN_POINT('Ctrl Pts',(23.4312298736923,1.,39.3647959886041));
#3820=CARTESIAN_POINT('Ctrl Pts',(23.432596024357,1.,39.3752686188031));
#3821=CARTESIAN_POINT('Ctrl Pts',(23.4339857540526,1.,39.3858907877785));
#3822=CARTESIAN_POINT('Ctrl Pts',(23.4354074823904,1.,39.3967260056319));
#3823=CARTESIAN_POINT('Ctrl Pts',(23.4361370833079,1.,39.4022864103005));
#3824=CARTESIAN_POINT('Ctrl Pts',(23.4368750182278,1.,39.4079022161829));
#3825=CARTESIAN_POINT('Ctrl Pts',(23.4376227015182,1.,39.4135841093438));
#3826=CARTESIAN_POINT('Ctrl Pts',(23.4443237182473,1.,39.4645073566738));
#3827=CARTESIAN_POINT('Ctrl Pts',(23.4509599496096,1.,39.5138530619982));
#3828=CARTESIAN_POINT('Ctrl Pts',(23.4575682613477,1.,39.5620192861903));
#3829=CARTESIAN_POINT('Ctrl Pts',(23.4655563724641,1.,39.620242500553));
#3830=CARTESIAN_POINT('Ctrl Pts',(23.4735038069426,1.,39.6767427349979));
#3831=CARTESIAN_POINT('Ctrl Pts',(23.4814809781039,1.,39.7323033471648));
#3832=CARTESIAN_POINT('Ctrl Pts',(23.4886119724246,1.,39.7819703784732));
#3833=CARTESIAN_POINT('Ctrl Pts',(23.4957669891018,1.,39.8308896080754));
#3834=CARTESIAN_POINT('Ctrl Pts',(23.5029968808709,1.,39.8796454859435));
#3835=CARTESIAN_POINT('Ctrl Pts',(23.5066118267554,1.,39.9040234248775));
#3836=CARTESIAN_POINT('Ctrl Pts',(23.5102454781466,1.,39.9283606721204));
#3837=CARTESIAN_POINT('Ctrl Pts',(23.5139039798818,1.,39.9527297931434));
#3838=CARTESIAN_POINT('Ctrl Pts',(23.5161959823461,1.,39.9679967219255));
#3839=CARTESIAN_POINT('Ctrl Pts',(23.5184977344648,1.,39.9832761444808));
#3840=CARTESIAN_POINT('Ctrl Pts',(23.5208106958347,1.,39.9985855986106));
#3841=CARTESIAN_POINT('Ctrl Pts',(23.5221896908727,1.,40.0077131446013));
#3842=CARTESIAN_POINT('Ctrl Pts',(23.5235726520647,1.,40.0168512452528));
#3843=CARTESIAN_POINT('Ctrl Pts',(23.5249599328974,1.,40.0260039067045));
#3844=CARTESIAN_POINT('Ctrl Pts',(23.5326529546136,1.,40.0767590398037));
#3845=CARTESIAN_POINT('Ctrl Pts',(23.539752092754,1.,40.1230935295514));
#3846=CARTESIAN_POINT('Ctrl Pts',(23.5471503644207,1.,40.1712146998164));
#3847=CARTESIAN_POINT('Ctrl Pts',(23.5568088580844,1.,40.2340372128349));
#3848=CARTESIAN_POINT('Ctrl Pts',(23.5669781000657,1.,40.299911156585));
#3849=CARTESIAN_POINT('Ctrl Pts',(23.5796538157733,1.,40.3827111416657));
#3850=CARTESIAN_POINT('Ctrl Pts',(23.5886649528029,1.,40.4415734598824));
#3851=CARTESIAN_POINT('Ctrl Pts',(23.5989431036537,1.,40.5089919505432));
#3852=CARTESIAN_POINT('Ctrl Pts',(23.6112011820092,1.,40.5899237511052));
#3853=CARTESIAN_POINT('Ctrl Pts',(23.6161862013722,1.,40.6228364623141));
#3854=CARTESIAN_POINT('Ctrl Pts',(23.6214985914062,1.,40.6579835274203));
#3855=CARTESIAN_POINT('Ctrl Pts',(23.6271859163076,1.,40.69569571078));
#3856=CARTESIAN_POINT('Ctrl Pts',(23.6510312568033,1.,40.8538122011577));
#3857=CARTESIAN_POINT('Ctrl Pts',(23.6724123545937,1.,40.9969655733858));
#3858=CARTESIAN_POINT('Ctrl Pts',(23.6952364025776,1.,41.1485742280873));
#3859=CARTESIAN_POINT('Ctrl Pts',(23.7066484265695,1.,41.224378555438));
#3860=CARTESIAN_POINT('Ctrl Pts',(23.718421157892,1.,41.3022965262743));
#3861=CARTESIAN_POINT('Ctrl Pts',(23.7310422637213,1.,41.3852510772449));
#3862=CARTESIAN_POINT('Ctrl Pts',(23.7374144553072,1.,41.4271334842907));
#3863=CARTESIAN_POINT('Ctrl Pts',(23.7440028918231,1.,41.4702996811357));
#3864=CARTESIAN_POINT('Ctrl Pts',(23.7508702427049,1.,41.5151252918315));
#3865=CARTESIAN_POINT('Ctrl Pts',(23.7556964677912,1.,41.5466277577126));
#3866=CARTESIAN_POINT('Ctrl Pts',(23.7606604465756,1.,41.5789497955182));
#3867=CARTESIAN_POINT('Ctrl Pts',(23.7657839084993,1.,41.6122216460762));
#3868=CARTESIAN_POINT('Ctrl Pts',(23.7678097037197,1.,41.6253771953588));
#3869=CARTESIAN_POINT('Ctrl Pts',(23.7698604268597,1.,41.6386812018882));
#3870=CARTESIAN_POINT('Ctrl Pts',(23.771937435568,1.,41.6521418105564));
#3871=CARTESIAN_POINT('Ctrl Pts',(23.7814480399872,1.,41.7137778180409));
#3872=CARTESIAN_POINT('Ctrl Pts',(23.7921971469093,1.,41.7830754485589));
#3873=CARTESIAN_POINT('Ctrl Pts',(23.8031291708178,1.,41.8533626955378));
#3874=CARTESIAN_POINT('Ctrl Pts',(23.8167267546796,1.,41.9407881112904));
#3875=CARTESIAN_POINT('Ctrl Pts',(23.8306070891678,1.,42.0297430195038));
#3876=CARTESIAN_POINT('Ctrl Pts',(23.8427238881224,1.,42.1072942233252));
#3877=CARTESIAN_POINT('Ctrl Pts',(23.8529000332152,1.,42.1724246513503));
#3878=CARTESIAN_POINT('Ctrl Pts',(23.8618317024385,1.,42.2295079180057));
#3879=CARTESIAN_POINT('Ctrl Pts',(23.8683050133917,1.,42.2708723066952));
#3880=CARTESIAN_POINT('Ctrl Pts',(23.8737331204663,1.,42.3055578536281));
#3881=CARTESIAN_POINT('Ctrl Pts',(23.8791595355533,1.,42.3402545169627));
#3882=CARTESIAN_POINT('Ctrl Pts',(23.8845820177241,1.,42.3749624583408));
#3883=CARTESIAN_POINT('Ctrl Pts',(23.9222060787807,1.,42.6157845882127));
#3884=CARTESIAN_POINT('Ctrl Pts',(23.9596397403696,1.,42.8571522165717));
#3885=CARTESIAN_POINT('Ctrl Pts',(23.9961523831622,1.,43.0991682376796));
#3886=CARTESIAN_POINT('Ctrl Pts',(24.0144087045585,1.,43.2201762482335));
#3887=CARTESIAN_POINT('Ctrl Pts',(24.0324350454169,1.,43.34134632969));
#3888=CARTESIAN_POINT('Ctrl Pts',(24.0501416732856,1.,43.4626911866031));
#3889=CARTESIAN_POINT('Ctrl Pts',(24.0589949872199,1.,43.5233636150596));
#3890=CARTESIAN_POINT('Ctrl Pts',(24.0677683891162,1.,43.5840797357948));
#3891=CARTESIAN_POINT('Ctrl Pts',(24.0764507581311,1.,43.644841127566));
#3892=CARTESIAN_POINT('Ctrl Pts',(24.0807919426385,1.,43.6752218234516));
#3893=CARTESIAN_POINT('Ctrl Pts',(24.08511036991,1.,43.7056138370007));
#3894=CARTESIAN_POINT('Ctrl Pts',(24.0894046556993,1.,43.7360173649921));
#3895=CARTESIAN_POINT('Ctrl Pts',(24.0921227988722,1.,43.7552618089107));
#3896=CARTESIAN_POINT('Ctrl Pts',(24.094831269891,1.,43.7745108660577));
#3897=CARTESIAN_POINT('Ctrl Pts',(24.0975297185151,1.,43.7937645862588));
#3898=CARTESIAN_POINT('Ctrl Pts',(24.0990944410495,1.,43.804929049277));
#3899=CARTESIAN_POINT('Ctrl Pts',(24.1006556062524,1.,43.8160937362096));
#3900=CARTESIAN_POINT('Ctrl Pts',(24.1022137418843,1.,43.827262929864));
#3901=CARTESIAN_POINT('Ctrl Pts',(24.1365831360498,1.,44.0736332787242));
#3902=CARTESIAN_POINT('Ctrl Pts',(24.1710583611162,1.,44.3235322152486));
#3903=CARTESIAN_POINT('Ctrl Pts',(24.2050421387731,1.,44.5733152924457));
#3904=CARTESIAN_POINT('Ctrl Pts',(24.2244287256082,1.,44.7158080242687));
#3905=CARTESIAN_POINT('Ctrl Pts',(24.2436560612998,1.,44.8582627230487));
#3906=CARTESIAN_POINT('Ctrl Pts',(24.2626206389092,1.,45.));
#3907=CARTESIAN_POINT('',(22.9759311652195,1.,35.9176915590685));
#3908=CARTESIAN_POINT('Ctrl Pts',(20.9644832622888,5.15176440009804,20.9200084941934));
#3909=CARTESIAN_POINT('Ctrl Pts',(20.9644832635007,-6.3184206819,20.9200084940324));
#3910=CARTESIAN_POINT('Ctrl Pts',(20.9949487648881,5.15176440009804,21.0837207394364));
#3911=CARTESIAN_POINT('Ctrl Pts',(20.9949487660999,-6.3184206819,21.0837207392754));
#3912=CARTESIAN_POINT('Ctrl Pts',(21.0249110404538,5.15176440009803,21.2444253222348));
#3913=CARTESIAN_POINT('Ctrl Pts',(21.0249110416656,-6.3184206819,21.2444253220738));
#3914=CARTESIAN_POINT('Ctrl Pts',(21.0610071673848,5.15176440009803,21.4364057596947));
#3915=CARTESIAN_POINT('Ctrl Pts',(21.0610071685966,-6.3184206819,21.4364057595337));
#3916=CARTESIAN_POINT('Ctrl Pts',(21.0802930049757,5.15176440009803,21.5389791893748));
#3917=CARTESIAN_POINT('Ctrl Pts',(21.0802930061876,-6.3184206819,21.5389791892138));
#3918=CARTESIAN_POINT('Ctrl Pts',(21.0950940660099,5.15176440009803,21.6173547709573));
#3919=CARTESIAN_POINT('Ctrl Pts',(21.0950940672218,-6.3184206819,21.6173547707963));
#3920=CARTESIAN_POINT('Ctrl Pts',(21.1101773727319,5.15176440009803,21.6975027266296));
#3921=CARTESIAN_POINT('Ctrl Pts',(21.1101773739437,-6.3184206819,21.6975027264685));
#3922=CARTESIAN_POINT('Ctrl Pts',(21.1400264661872,5.15176440009803,21.8561114364572));
#3923=CARTESIAN_POINT('Ctrl Pts',(21.140026467399,-6.3184206819,21.8561114362961));
#3924=CARTESIAN_POINT('Ctrl Pts',(21.1712063131341,5.15176440009804,22.0227773327134));
#3925=CARTESIAN_POINT('Ctrl Pts',(21.1712063143459,-6.3184206819,22.0227773325523));
#3926=CARTESIAN_POINT('Ctrl Pts',(21.2008732626092,5.15176440009804,22.1878571659091));
#3927=CARTESIAN_POINT('Ctrl Pts',(21.200873263821,-6.3184206819,22.1878571657481));
#3928=CARTESIAN_POINT('Ctrl Pts',(21.2848974533388,5.15176440009804,22.655404373676));
#3929=CARTESIAN_POINT('Ctrl Pts',(21.2848974545506,-6.3184206819,22.6554043735149));
#3930=CARTESIAN_POINT('Ctrl Pts',(21.3163397733004,5.15176440009804,22.8754570114252));
#3931=CARTESIAN_POINT('Ctrl Pts',(21.3163397745123,-6.3184206819,22.8754570112642));
#3932=CARTESIAN_POINT('Ctrl Pts',(21.3947806340481,5.15176440009804,23.3999943480127));
#3933=CARTESIAN_POINT('Ctrl Pts',(21.39478063526,-6.3184206819,23.3999943478517));
#3934=CARTESIAN_POINT('Ctrl Pts',(21.42285110107,5.15176440009804,23.5877027421845));
#3935=CARTESIAN_POINT('Ctrl Pts',(21.4228511022818,-6.3184206819,23.5877027420235));
#3936=CARTESIAN_POINT('Ctrl Pts',(21.4326280315743,5.15176440009804,23.6517329028832));
#3937=CARTESIAN_POINT('Ctrl Pts',(21.4326280327861,-6.3184206819,23.6517329027222));
#3938=CARTESIAN_POINT('Ctrl Pts',(21.4502843557566,5.15176440009804,23.7692158768065));
#3939=CARTESIAN_POINT('Ctrl Pts',(21.4502843569684,-6.3184206819,23.7692158766455));
#3940=CARTESIAN_POINT('Ctrl Pts',(21.4939332686887,5.15176440009804,24.0596502869835));
#3941=CARTESIAN_POINT('Ctrl Pts',(21.4939332699005,-6.3184206819,24.0596502868225));
#3942=CARTESIAN_POINT('Ctrl Pts',(21.5471229540706,5.15176440009804,24.4182551647824));
#3943=CARTESIAN_POINT('Ctrl Pts',(21.5471229552825,-6.3184206819,24.4182551646213));
#3944=CARTESIAN_POINT('Ctrl Pts',(21.5996771917305,5.15176440009804,24.8353982840349));
#3945=CARTESIAN_POINT('Ctrl Pts',(21.5996771929423,-6.3184206819,24.8353982838739));
#3946=CARTESIAN_POINT('Ctrl Pts',(21.6592916601323,5.15176440009804,25.3085811596519));
#3947=CARTESIAN_POINT('Ctrl Pts',(21.6592916613442,-6.3184206819,25.3085811594909));
#3948=CARTESIAN_POINT('Ctrl Pts',(21.7179795954925,5.15176440009804,25.7786671673176));
#3949=CARTESIAN_POINT('Ctrl Pts',(21.7179795967043,-6.3184206819,25.7786671671566));
#3950=CARTESIAN_POINT('Ctrl Pts',(21.7801999843104,5.15176440009804,26.2450624611071));
#3951=CARTESIAN_POINT('Ctrl Pts',(21.7801999855223,-6.3184206819,26.245062460946));
#3952=CARTESIAN_POINT('Ctrl Pts',(21.8466879716185,5.15176440009804,26.7434470736615));
#3953=CARTESIAN_POINT('Ctrl Pts',(21.8466879728304,-6.3184206819,26.7434470735005));
#3954=CARTESIAN_POINT('Ctrl Pts',(21.9495634350888,5.15176440009804,27.5382729793421));
#3955=CARTESIAN_POINT('Ctrl Pts',(21.9495634363006,-6.3184206819,27.538272979181));
#3956=CARTESIAN_POINT('Ctrl Pts',(21.9608325340506,5.15176440009804,27.6246962587761));
#3957=CARTESIAN_POINT('Ctrl Pts',(21.9608325352624,-6.3184206819,27.624696258615));
#3958=CARTESIAN_POINT('Ctrl Pts',(22.0347024721057,5.15176440009804,28.1912084812668));
#3959=CARTESIAN_POINT('Ctrl Pts',(22.0347024733176,-6.3184206819,28.1912084811058));
#3960=CARTESIAN_POINT('Ctrl Pts',(22.0857945435255,5.15176440009804,28.5966758326725));
#3961=CARTESIAN_POINT('Ctrl Pts',(22.0857945447373,-6.3184206819,28.5966758325115));
#3962=CARTESIAN_POINT('Ctrl Pts',(22.1217867820955,5.15176440009804,28.881445094832));
#3963=CARTESIAN_POINT('Ctrl Pts',(22.1217867833073,-6.3184206819,28.881445094671));
#3964=CARTESIAN_POINT('Ctrl Pts',(22.1744806239711,5.15176440009804,29.2983568254564));
#3965=CARTESIAN_POINT('Ctrl Pts',(22.174480625183,-6.3184206819,29.2983568252954));
#3966=CARTESIAN_POINT('Ctrl Pts',(22.2119998970634,5.15176440009229,29.6052088672299));
#3967=CARTESIAN_POINT('Ctrl Pts',(22.2119998982752,-6.31842068190575,29.6052088670688));
#3968=CARTESIAN_POINT('Ctrl Pts',(22.2559093267585,5.15176440009229,29.9971863706233));
#3969=CARTESIAN_POINT('Ctrl Pts',(22.2559093279704,-6.31842068190575,29.9971863704623));
#3970=CARTESIAN_POINT('Ctrl Pts',(22.3059820782969,5.15176440009229,30.4441835708217));
#3971=CARTESIAN_POINT('Ctrl Pts',(22.3059820795087,-6.31842068190575,30.4441835706607));
#3972=CARTESIAN_POINT('Ctrl Pts',(22.331128592252,5.15176440009648,30.7095161875126));
#3973=CARTESIAN_POINT('Ctrl Pts',(22.3311285934639,-6.31842068190155,30.7095161873515));
#3974=CARTESIAN_POINT('Ctrl Pts',(22.3957256147953,5.15176440009648,31.2804992818469));
#3975=CARTESIAN_POINT('Ctrl Pts',(22.3957256160071,-6.31842068190155,31.2804992816859));
#3976=CARTESIAN_POINT('Ctrl Pts',(22.4267190325804,5.15176440009648,31.5544549054075));
#3977=CARTESIAN_POINT('Ctrl Pts',(22.4267190337923,-6.31842068190155,31.5544549052465));
#3978=CARTESIAN_POINT('Ctrl Pts',(22.462287051192,5.15176440009803,31.8605776994523));
#3979=CARTESIAN_POINT('Ctrl Pts',(22.4622870524039,-6.3184206819,31.8605776992913));
#3980=CARTESIAN_POINT('Ctrl Pts',(22.4995086297854,5.15176440009803,32.1717843188675));
#3981=CARTESIAN_POINT('Ctrl Pts',(22.4995086309973,-6.3184206819,32.1717843187064));
#3982=CARTESIAN_POINT('Ctrl Pts',(22.525387262169,5.15176440009803,32.3881534790036));
#3983=CARTESIAN_POINT('Ctrl Pts',(22.5253872633809,-6.3184206819,32.3881534788426));
#3984=CARTESIAN_POINT('Ctrl Pts',(22.5505452801554,5.15176440009804,32.5944641429286));
#3985=CARTESIAN_POINT('Ctrl Pts',(22.5505452813672,-6.3184206819,32.5944641427676));
#3986=CARTESIAN_POINT('Ctrl Pts',(22.578369900387,5.15176440009804,32.822939148677));
#3987=CARTESIAN_POINT('Ctrl Pts',(22.5783699015988,-6.3184206819,32.8229391485159));
#3988=CARTESIAN_POINT('Ctrl Pts',(22.6362437244362,5.15176440009804,33.298155779568));
#3989=CARTESIAN_POINT('Ctrl Pts',(22.636243725648,-6.3184206819,33.298155779407));
#3990=CARTESIAN_POINT('Ctrl Pts',(22.6934889001871,5.15176440009804,33.768802030097));
#3991=CARTESIAN_POINT('Ctrl Pts',(22.6934889013989,-6.3184206819,33.768802029936));
#3992=CARTESIAN_POINT('Ctrl Pts',(22.7565225718868,5.15176440009804,34.2339939385797));
#3993=CARTESIAN_POINT('Ctrl Pts',(22.7565225730986,-6.3184206819,34.2339939384187));
#3994=CARTESIAN_POINT('Ctrl Pts',(22.7926448925758,5.15176440009804,34.5005786201793));
#3995=CARTESIAN_POINT('Ctrl Pts',(22.7926448937876,-6.3184206819,34.5005786200183));
#3996=CARTESIAN_POINT('Ctrl Pts',(22.8257472866079,5.15176440009804,34.7400157087599));
#3997=CARTESIAN_POINT('Ctrl Pts',(22.8257472878198,-6.3184206819,34.7400157085989));
#3998=CARTESIAN_POINT('Ctrl Pts',(22.8654159303482,5.15176440009804,35.0445110470644));
#3999=CARTESIAN_POINT('Ctrl Pts',(22.8654159315601,-6.3184206819,35.0445110469033));
#4000=CARTESIAN_POINT('Ctrl Pts',(22.9039128956693,5.15176440009804,35.340012616411));
#4001=CARTESIAN_POINT('Ctrl Pts',(22.9039128968811,-6.3184206819,35.34001261625));
#4002=CARTESIAN_POINT('Ctrl Pts',(22.9425250751625,5.15176440009804,35.650189065998));
#4003=CARTESIAN_POINT('Ctrl Pts',(22.9425250763743,-6.3184206819,35.650189065837));
#4004=CARTESIAN_POINT('Ctrl Pts',(22.9759311647805,5.15176440009804,35.9176915591231));
#4005=CARTESIAN_POINT('Ctrl Pts',(22.9759311659924,-6.3184206819,35.9176915589621));
#4006=CARTESIAN_POINT('',(21.6243028525423,1.,25.031010131205));
#4007=CARTESIAN_POINT('Ctrl Pts',(21.6243028525423,1.,25.031010131205));
#4008=CARTESIAN_POINT('Ctrl Pts',(21.6551837566988,1.,25.2763781576518));
#4009=CARTESIAN_POINT('Ctrl Pts',(21.6859791148689,1.,25.5208908575409));
#4010=CARTESIAN_POINT('Ctrl Pts',(21.7174458931146,1.,25.7654474603496));
#4011=CARTESIAN_POINT('Ctrl Pts',(21.7380036192869,1.,25.9252200190439));
#4012=CARTESIAN_POINT('Ctrl Pts',(21.758847967198,1.,26.0850107370416));
#4013=CARTESIAN_POINT('Ctrl Pts',(21.7801999847491,1.,26.2450624610488));
#4014=CARTESIAN_POINT('Ctrl Pts',(21.7816677869791,1.,26.2560649003663));
#4015=CARTESIAN_POINT('Ctrl Pts',(21.7831530341013,1.,26.2672096523734));
#4016=CARTESIAN_POINT('Ctrl Pts',(21.7846533278686,1.,26.2784782089518));
#4017=CARTESIAN_POINT('Ctrl Pts',(21.7916925512648,1.,26.3313491125264));
#4018=CARTESIAN_POINT('Ctrl Pts',(21.799069407476,1.,26.3869931016795));
#4019=CARTESIAN_POINT('Ctrl Pts',(21.8066472940255,1.,26.4443334974733));
#4020=CARTESIAN_POINT('Ctrl Pts',(21.8158177503435,1.,26.5137245594067));
#4021=CARTESIAN_POINT('Ctrl Pts',(21.8252827579268,1.,26.5856010670125));
#4022=CARTESIAN_POINT('Ctrl Pts',(21.8348098585021,1.,26.6581325613034));
#4023=CARTESIAN_POINT('Ctrl Pts',(21.8463226280853,1.,26.745781303405));
#4024=CARTESIAN_POINT('Ctrl Pts',(21.8579270219724,1.,26.834393854207));
#4025=CARTESIAN_POINT('Ctrl Pts',(21.8692171406757,1.,26.9207782396102));
#4026=CARTESIAN_POINT('Ctrl Pts',(21.8772867979296,1.,26.9825218227028));
#4027=CARTESIAN_POINT('Ctrl Pts',(21.885196074494,1.,27.0431285604503));
#4028=CARTESIAN_POINT('Ctrl Pts',(21.8927925206195,1.,27.1014011356532));
#4029=CARTESIAN_POINT('Ctrl Pts',(21.8996086901951,1.,27.1536881851002));
#4030=CARTESIAN_POINT('Ctrl Pts',(21.9061730772698,1.,27.2040966249373));
#4031=CARTESIAN_POINT('Ctrl Pts',(21.9123701395356,1.,27.2517198761271));
#4032=CARTESIAN_POINT('Ctrl Pts',(21.9181443839667,1.,27.2960938522424));
#4033=CARTESIAN_POINT('Ctrl Pts',(21.9235997737384,1.,27.3380501799485));
#4034=CARTESIAN_POINT('Ctrl Pts',(21.9286369356207,1.,27.376809762359));
#4035=CARTESIAN_POINT('Ctrl Pts',(21.9333050427629,1.,27.412729569526));
#4036=CARTESIAN_POINT('Ctrl Pts',(21.937613977951,1.,27.445904037573));
#4037=CARTESIAN_POINT('Ctrl Pts',(21.9414789325622,1.,27.4756686789639));
#4038=CARTESIAN_POINT('Ctrl Pts',(21.9452119535876,1.,27.5044172784428));
#4039=CARTESIAN_POINT('Ctrl Pts',(21.9485308290873,1.,27.5299851971156));
#4040=CARTESIAN_POINT('Ctrl Pts',(21.951353139942,1.,27.5517269944472));
#4041=CARTESIAN_POINT('Ctrl Pts',(21.9540467089262,1.,27.5724770230473));
#4042=CARTESIAN_POINT('Ctrl Pts',(21.956287999984,1.,27.5897421724398));
#4043=CARTESIAN_POINT('Ctrl Pts',(21.9579994096999,1.,27.6029149551974));
#4044=CARTESIAN_POINT('Ctrl Pts',(21.9592266009831,1.,27.612360691087));
#4045=CARTESIAN_POINT('Ctrl Pts',(21.9601812186701,1.,27.6197012853642));
#4046=CARTESIAN_POINT('Ctrl Pts',(21.9608325344892,1.,27.6246962587178));
#4047=CARTESIAN_POINT('Ctrl Pts',(21.9613693559998,1.,27.6288131695353));
#4048=CARTESIAN_POINT('Ctrl Pts',(21.9619069288382,1.,27.6329365653575));
#4049=CARTESIAN_POINT('Ctrl Pts',(21.962442231161,1.,27.6370432638996));
#4050=CARTESIAN_POINT('Ctrl Pts',(21.9710983798638,1.,27.7034509586593));
#4051=CARTESIAN_POINT('Ctrl Pts',(21.97932901431,1.,27.7667815365747));
#4052=CARTESIAN_POINT('Ctrl Pts',(21.9871865495634,1.,27.8273962879786));
#4053=CARTESIAN_POINT('Ctrl Pts',(21.9953512127993,1.,27.8903802920442));
#4054=CARTESIAN_POINT('Ctrl Pts',(22.0031130226947,1.,27.9504319577636));
#4055=CARTESIAN_POINT('Ctrl Pts',(22.0105224715956,1.,28.0079004793157));
#4056=CARTESIAN_POINT('Ctrl Pts',(22.0181057020805,1.,28.0667168704374));
#4057=CARTESIAN_POINT('Ctrl Pts',(22.0253198113623,1.,28.1228273402401));
#4058=CARTESIAN_POINT('Ctrl Pts',(22.0322108468554,1.,28.1765506307544));
#4059=CARTESIAN_POINT('Ctrl Pts',(22.0392582694022,1.,28.2314931323916));
#4060=CARTESIAN_POINT('Ctrl Pts',(22.0459677506056,1.,28.2839387001422));
#4061=CARTESIAN_POINT('Ctrl Pts',(22.0523807703996,1.,28.3341735826076));
#4062=CARTESIAN_POINT('Ctrl Pts',(22.0589335269349,1.,28.3855030599756));
#4063=CARTESIAN_POINT('Ctrl Pts',(22.0651767246841,1.,28.4345243009696));
#4064=CARTESIAN_POINT('Ctrl Pts',(22.0711471633849,1.,28.4814888214797));
#4065=CARTESIAN_POINT('Ctrl Pts',(22.0772966630435,1.,28.5298618669645));
#4066=CARTESIAN_POINT('Ctrl Pts',(22.0831567694934,1.,28.5760529007802));
#4067=CARTESIAN_POINT('Ctrl Pts',(22.0887603637648,1.,28.6202819623237));
#4068=CARTESIAN_POINT('Ctrl Pts',(22.0944586998799,1.,28.6652588194131));
#4069=CARTESIAN_POINT('Ctrl Pts',(22.0998917326949,1.,28.7082066302002));
#4070=CARTESIAN_POINT('Ctrl Pts',(22.105087145847,1.,28.7493030000206));
#4071=CARTESIAN_POINT('Ctrl Pts',(22.1103995923115,1.,28.7913251180237));
#4072=CARTESIAN_POINT('Ctrl Pts',(22.1154635521993,1.,28.8314113345819));
#4073=CARTESIAN_POINT('Ctrl Pts',(22.1203021155481,1.,28.8696978275618));
#4074=CARTESIAN_POINT('Ctrl Pts',(22.1207993832229,1.,28.8736325978585));
#4075=CARTESIAN_POINT('Ctrl Pts',(22.1212942650327,1.,28.8775483144943));
#4076=CARTESIAN_POINT('Ctrl Pts',(22.1217867825341,1.,28.8814450947737));
#4077=CARTESIAN_POINT('Ctrl Pts',(22.1226203535226,1.,28.8880402776455));
#4078=CARTESIAN_POINT('Ctrl Pts',(22.1234502847477,0.999999999999999,28.8946091663743));
#4079=CARTESIAN_POINT('Ctrl Pts',(22.1242762497698,0.999999999999996,28.9011492732718));
#4080=CARTESIAN_POINT('Ctrl Pts',(22.135155765146,0.999999999999958,28.9872948020173));
#4081=CARTESIAN_POINT('Ctrl Pts',(22.1453712832178,0.99999999999968,29.0686377641682));
#4082=CARTESIAN_POINT('Ctrl Pts',(22.1551292268329,0.999999999999266,29.1470276501556));
#4083=CARTESIAN_POINT('Ctrl Pts',(22.1667889122089,0.99999999999877,29.2406950705994));
#4084=CARTESIAN_POINT('Ctrl Pts',(22.1777952027476,0.999999999998081,29.3301450788894));
#4085=CARTESIAN_POINT('Ctrl Pts',(22.1884905933866,0.999999999997371,29.4184579817705));
#4086=CARTESIAN_POINT('Ctrl Pts',(22.1998984654372,0.999999999996615,29.5126539144378));
#4087=CARTESIAN_POINT('Ctrl Pts',(22.2109521316213,0.999999999995836,29.6055514547131));
#4088=CARTESIAN_POINT('Ctrl Pts',(22.2220621475022,0.999999999995246,29.7008597753328));
#4089=CARTESIAN_POINT('Ctrl Pts',(22.2316473991242,0.999999999994736,29.7830877617383));
#4090=CARTESIAN_POINT('Ctrl Pts',(22.2412742803446,0.999999999994368,29.8671076460398));
#4091=CARTESIAN_POINT('Ctrl Pts',(22.251208496614,0.999999999994277,29.9553305075916));
#4092=CARTESIAN_POINT('Ctrl Pts',(22.2527675152319,0.999999999994263,29.9691756947665));
#4093=CARTESIAN_POINT('Ctrl Pts',(22.254334112413,0.999999999994255,29.9831244990564));
#4094=CARTESIAN_POINT('Ctrl Pts',(22.2559093271972,0.999999999994255,29.997186370565));
#4095=CARTESIAN_POINT('Ctrl Pts',(22.2581703996758,0.999999999994255,30.0173708628554));
#4096=CARTESIAN_POINT('Ctrl Pts',(22.2603803646044,0.999999999994264,30.0371824163123));
#4097=CARTESIAN_POINT('Ctrl Pts',(22.2625451640331,0.99999999999428,30.0566659712876));
#4098=CARTESIAN_POINT('Ctrl Pts',(22.2739014148246,0.999999999994366,30.1588741175368));
#4099=CARTESIAN_POINT('Ctrl Pts',(22.2840157930943,0.999999999994665,30.25206442059));
#4100=CARTESIAN_POINT('Ctrl Pts',(22.2937476572161,0.999999999995067,30.3427459832928));
#4101=CARTESIAN_POINT('Ctrl Pts',(22.3085206552839,0.999999999995677,30.480400859464));
#4102=CARTESIAN_POINT('Ctrl Pts',(22.3224115210168,0.999999999996522,30.6122692757103));
#4103=CARTESIAN_POINT('Ctrl Pts',(22.3384097021145,0.999999999997216,30.7609988357955));
#4104=CARTESIAN_POINT('Ctrl Pts',(22.3486460853935,0.999999999997659,30.8561629530569));
#4105=CARTESIAN_POINT('Ctrl Pts',(22.3597448462918,0.99999999999804,30.9582274264895));
#4106=CARTESIAN_POINT('Ctrl Pts',(22.3724920779153,0.999999999998258,31.0731486803521));
#4107=CARTESIAN_POINT('Ctrl Pts',(22.3796671679213,0.99999999999838,31.1378349090503));
#4108=CARTESIAN_POINT('Ctrl Pts',(22.3873646206968,0.99999999999845,31.2065951551812));
#4109=CARTESIAN_POINT('Ctrl Pts',(22.3957256152339,0.99999999999845,31.2804992817886));
#4110=CARTESIAN_POINT('Ctrl Pts',(22.3989670955636,0.99999999999845,31.3091512288285));
#4111=CARTESIAN_POINT('Ctrl Pts',(22.4022579351496,0.999999999998467,31.3381490295486));
#4112=CARTESIAN_POINT('Ctrl Pts',(22.4055948499304,0.999999999998497,31.3674623125949));
#4113=CARTESIAN_POINT('Ctrl Pts',(22.4214765514033,0.999999999998642,31.5069758576215));
#4114=CARTESIAN_POINT('Ctrl Pts',(22.4384014266795,0.999999999999089,31.6536323034489));
#4115=CARTESIAN_POINT('Ctrl Pts',(22.456023680155,0.999999999999459,31.804221582171));
#4116=CARTESIAN_POINT('Ctrl Pts',(22.4701298432293,0.999999999999754,31.9247644472399));
#4117=CARTESIAN_POINT('Ctrl Pts',(22.4846831617079,1.,32.0478297711375));
#4118=CARTESIAN_POINT('Ctrl Pts',(22.4995086302241,1.,32.1717843188092));
#4119=CARTESIAN_POINT('Ctrl Pts',(22.5038936836858,1.,32.2084473974681));
#4120=CARTESIAN_POINT('Ctrl Pts',(22.5082577153051,1.,32.2448189061175));
#4121=CARTESIAN_POINT('Ctrl Pts',(22.5126172901122,1.,32.2810563668002));
#4122=CARTESIAN_POINT('Ctrl Pts',(22.5297985917416,0.999999999999999,32.423870005702));
#4123=CARTESIAN_POINT('Ctrl Pts',(22.5469106965854,1.,32.5646021329042));
#4124=CARTESIAN_POINT('Ctrl Pts',(22.5649668272611,1.,32.7128854023001));
#4125=CARTESIAN_POINT('Ctrl Pts',(22.5693733750253,1.,32.7490735159642));
#4126=CARTESIAN_POINT('Ctrl Pts',(22.5738361512424,1.,32.7857113822213));
#4127=CARTESIAN_POINT('Ctrl Pts',(22.5783699008256,1.,32.8229391486187));
#4128=CARTESIAN_POINT('Ctrl Pts',(22.6142087130853,1.,33.1172207154062));
#4129=CARTESIAN_POINT('Ctrl Pts',(22.6498091084473,1.,33.4097875840955));
#4130=CARTESIAN_POINT('Ctrl Pts',(22.6867649124736,1.,33.7009296939208));
#4131=CARTESIAN_POINT('Ctrl Pts',(22.7093848061235,1.,33.8791318392882));
#4132=CARTESIAN_POINT('Ctrl Pts',(22.7325126885197,1.,34.0567996966365));
#4133=CARTESIAN_POINT('Ctrl Pts',(22.7565225723254,1.,34.2339939385214));
#4134=CARTESIAN_POINT('Ctrl Pts',(22.7581329075234,1.,34.245878299433));
#4135=CARTESIAN_POINT('Ctrl Pts',(22.7597362965518,1.,34.2577017375241));
#4136=CARTESIAN_POINT('Ctrl Pts',(22.7613331709414,1.,34.2694693750621));
#4137=CARTESIAN_POINT('Ctrl Pts',(22.769794285268,1.,34.3318207579955));
#4138=CARTESIAN_POINT('Ctrl Pts',(22.7780779022971,1.,34.3926463999429));
#4139=CARTESIAN_POINT('Ctrl Pts',(22.7863247523032,1.,34.4532647593303));
#4140=CARTESIAN_POINT('Ctrl Pts',(22.7990145887589,1.,34.5465412305009));
#4141=CARTESIAN_POINT('Ctrl Pts',(22.811616736143,1.,34.6393204159689));
#4142=CARTESIAN_POINT('Ctrl Pts',(22.824630514056,1.,34.7362837765497));
#4143=CARTESIAN_POINT('Ctrl Pts',(22.8326657541894,1.,34.7961529315034));
#4144=CARTESIAN_POINT('Ctrl Pts',(22.8408576747178,1.,34.8576150208746));
#4145=CARTESIAN_POINT('Ctrl Pts',(22.8493262965775,1.,34.9217974969985));
#4146=CARTESIAN_POINT('Ctrl Pts',(22.8545733524427,1.,34.9615641843494));
#4147=CARTESIAN_POINT('Ctrl Pts',(22.8599266933493,1.,35.0023758224813));
#4148=CARTESIAN_POINT('Ctrl Pts',(22.8654159307869,1.,35.0445110470061));
#4149=CARTESIAN_POINT('Ctrl Pts',(22.86734398131,1.,35.059310705904));
#4150=CARTESIAN_POINT('Ctrl Pts',(22.8692723179672,1.,35.074147152216));
#4151=CARTESIAN_POINT('Ctrl Pts',(22.8712002719664,1.,35.0890131788582));
#4152=CARTESIAN_POINT('Ctrl Pts',(22.907767925731,1.,35.3709782648046));
#4153=CARTESIAN_POINT('Ctrl Pts',(22.9441980132292,1.,35.6635852757768));
#4154=CARTESIAN_POINT('Ctrl Pts',(22.9759311652192,1.,35.9176915590648));
#4155=CARTESIAN_POINT('Ctrl Pts',(21.6204001381051,0.971477365678335,25.));
#4156=CARTESIAN_POINT('Ctrl Pts',(21.6217148901808,0.980859232732354,25.0104468238605));
#4157=CARTESIAN_POINT('Ctrl Pts',(21.6230166485987,0.990367334305281,25.0207904393882));
#4158=CARTESIAN_POINT('Ctrl Pts',(21.6243028525423,1.,25.031010131205));
#4159=CARTESIAN_POINT('Ctrl Pts',(11.2562194439733,-5.24882525648865,25.));
#4160=CARTESIAN_POINT('Ctrl Pts',(11.2562194439733,-5.24882525648865,49.0000000000002));
#4161=CARTESIAN_POINT('Ctrl Pts',(10.957701958346,-5.19176449430058,25.));
#4162=CARTESIAN_POINT('Ctrl Pts',(10.957701958346,-5.19176449430058,49.0000000000002));
#4163=CARTESIAN_POINT('Ctrl Pts',(10.6688460921917,-5.10560626201485,25.));
#4164=CARTESIAN_POINT('Ctrl Pts',(10.6688460921917,-5.10560626201485,49.0000000000002));
#4165=CARTESIAN_POINT('Ctrl Pts',(10.3915739312625,-4.9934893890755,25.));
#4166=CARTESIAN_POINT('Ctrl Pts',(10.3915739312625,-4.9934893890755,49.0000000000002));
#4167=CARTESIAN_POINT('Ctrl Pts',(10.0998318426546,-4.87552150304645,25.));
#4168=CARTESIAN_POINT('Ctrl Pts',(10.0998318426546,-4.87552150304645,49.0000000000002));
#4169=CARTESIAN_POINT('Ctrl Pts',(9.84702455814358,-4.74133167713596,25.0000000000002));
#4170=CARTESIAN_POINT('Ctrl Pts',(9.84702455814358,-4.74133167713596,49.0000000000004));
#4171=CARTESIAN_POINT('Ctrl Pts',(9.63199282827802,-4.60406665571645,25.0000000000002));
#4172=CARTESIAN_POINT('Ctrl Pts',(9.63199282827802,-4.60406665571645,49.0000000000004));
#4173=CARTESIAN_POINT('',(9.63199282827802,-4.60406665571645,25.0000000000002));
#4174=CARTESIAN_POINT('Origin',(-16.075,-2.65,41.75));
#4175=CARTESIAN_POINT('',(-26.85,-2.9,41.5));
#4176=CARTESIAN_POINT('',(-26.85,-2.4,42.));
#4177=CARTESIAN_POINT('',(-26.85,0.050000000000005,44.45));
#4178=CARTESIAN_POINT('',(-32.15,-2.4,42.));
#4179=CARTESIAN_POINT('',(-16.075,-2.4,42.));
#4180=CARTESIAN_POINT('',(-32.15,-2.9,41.5));
#4181=CARTESIAN_POINT('',(-32.15,-1.9,42.5));
#4182=CARTESIAN_POINT('',(-16.075,-2.9,41.5));
#4183=CARTESIAN_POINT('Origin',(0.,1.,42.));
#4184=CARTESIAN_POINT('',(-26.85,1.,42.));
#4185=CARTESIAN_POINT('',(-26.85,-0.949999999999999,42.));
#4186=CARTESIAN_POINT('',(-32.15,1.,42.));
#4187=CARTESIAN_POINT('',(0.284668527784686,1.,42.));
#4188=CARTESIAN_POINT('',(-32.15,2.95,42.));
#4189=CARTESIAN_POINT('Origin',(13.425,-2.65,41.75));
#4190=CARTESIAN_POINT('',(32.15,-2.9,41.5));
#4191=CARTESIAN_POINT('',(32.15,-2.4,42.));
#4192=CARTESIAN_POINT('',(32.15,0.0500000000000073,44.45));
#4193=CARTESIAN_POINT('',(26.85,-2.4,42.));
#4194=CARTESIAN_POINT('',(13.425,-2.4,42.));
#4195=CARTESIAN_POINT('',(26.85,-2.9,41.5));
#4196=CARTESIAN_POINT('',(26.85,-1.9,42.5));
#4197=CARTESIAN_POINT('',(13.425,-2.9,41.5));
#4198=CARTESIAN_POINT('Origin',(0.,1.,42.));
#4199=CARTESIAN_POINT('',(32.15,1.,42.));
#4200=CARTESIAN_POINT('',(32.15,-0.949999999999998,42.));
#4201=CARTESIAN_POINT('',(26.85,1.,42.));
#4202=CARTESIAN_POINT('',(0.284668527784686,1.,42.));
#4203=CARTESIAN_POINT('',(26.85,2.95,42.));
#4204=CARTESIAN_POINT('Origin',(30.825,-2.65,28.25));
#4205=CARTESIAN_POINT('',(26.85,-2.9,28.5));
#4206=CARTESIAN_POINT('',(26.85,-2.4,28.));
#4207=CARTESIAN_POINT('',(26.85,0.0500000000000085,25.55));
#4208=CARTESIAN_POINT('',(32.15,-2.4,28.));
#4209=CARTESIAN_POINT('',(30.825,-2.4,28.));
#4210=CARTESIAN_POINT('',(32.15,-2.9,28.5));
#4211=CARTESIAN_POINT('',(32.15,-1.9,27.5));
#4212=CARTESIAN_POINT('',(30.825,-2.9,28.5));
#4213=CARTESIAN_POINT('Origin',(29.5,1.,28.));
#4214=CARTESIAN_POINT('',(26.85,1.,28.));
#4215=CARTESIAN_POINT('',(26.85,9.15,28.));
#4216=CARTESIAN_POINT('',(32.15,1.,28.));
#4217=CARTESIAN_POINT('',(15.0346685277847,1.,28.));
#4218=CARTESIAN_POINT('',(32.15,-7.15,28.));
#4219=CARTESIAN_POINT('Origin',(-28.175,-2.65,28.25));
#4220=CARTESIAN_POINT('',(-32.15,-2.9,28.5));
#4221=CARTESIAN_POINT('',(-32.15,-2.4,28.));
#4222=CARTESIAN_POINT('',(-32.15,0.0500000000000063,25.55));
#4223=CARTESIAN_POINT('',(-26.85,-2.4,28.));
#4224=CARTESIAN_POINT('',(-28.175,-2.4,28.));
#4225=CARTESIAN_POINT('',(-26.85,-2.9,28.5));
#4226=CARTESIAN_POINT('',(-26.85,-1.9,27.5));
#4227=CARTESIAN_POINT('',(-28.175,-2.9,28.5));
#4228=CARTESIAN_POINT('Origin',(-29.5,1.,28.));
#4229=CARTESIAN_POINT('',(-32.15,1.,28.));
#4230=CARTESIAN_POINT('',(-32.15,9.15,28.));
#4231=CARTESIAN_POINT('',(-26.85,1.,28.));
#4232=CARTESIAN_POINT('',(-14.4653314722153,1.,28.));
#4233=CARTESIAN_POINT('',(-26.85,-7.15,28.));
#4234=CARTESIAN_POINT('Origin',(-26.85,-7.15,45.));
#4235=CARTESIAN_POINT('',(-26.85,-7.15,40.));
#4236=CARTESIAN_POINT('',(-26.85,-7.15,45.));
#4237=CARTESIAN_POINT('',(-32.15,-7.15,40.));
#4238=CARTESIAN_POINT('',(-16.075,-7.15,40.));
#4239=CARTESIAN_POINT('',(-32.15,-7.15,45.));
#4240=CARTESIAN_POINT('Origin',(-32.15,-2.9,45.));
#4241=CARTESIAN_POINT('',(-32.15,-2.9,40.));
#4242=CARTESIAN_POINT('',(-32.15,-2.9,45.));
#4243=CARTESIAN_POINT('',(-26.85,-2.9,40.));
#4244=CARTESIAN_POINT('',(-13.425,-2.9,40.));
#4245=CARTESIAN_POINT('',(-26.85,-2.9,45.));
#4246=CARTESIAN_POINT('Origin',(0.,-5.025,40.));
#4247=CARTESIAN_POINT('',(-32.15,-3.9625,40.));
#4248=CARTESIAN_POINT('',(-26.85,-6.0875,40.));
#4249=CARTESIAN_POINT('Origin',(32.15,-7.15,45.));
#4250=CARTESIAN_POINT('',(32.15,-7.15,40.));
#4251=CARTESIAN_POINT('',(32.15,-7.15,45.));
#4252=CARTESIAN_POINT('',(26.85,-7.15,40.));
#4253=CARTESIAN_POINT('',(13.425,-7.15,40.));
#4254=CARTESIAN_POINT('',(26.85,-7.15,45.));
#4255=CARTESIAN_POINT('Origin',(26.85,-2.9,45.));
#4256=CARTESIAN_POINT('',(26.85,-2.9,40.));
#4257=CARTESIAN_POINT('',(26.85,-2.9,45.));
#4258=CARTESIAN_POINT('',(32.15,-2.9,40.));
#4259=CARTESIAN_POINT('',(16.075,-2.9,40.));
#4260=CARTESIAN_POINT('',(32.15,-2.9,45.));
#4261=CARTESIAN_POINT('Origin',(0.,-5.025,40.));
#4262=CARTESIAN_POINT('',(26.85,-3.9625,40.));
#4263=CARTESIAN_POINT('',(32.15,-6.0875,40.));
#4264=CARTESIAN_POINT('Origin',(-26.85,4.9,45.));
#4265=CARTESIAN_POINT('',(-26.85,1.,40.0000000001227));
#4266=CARTESIAN_POINT('Origin',(-32.15,-2.9,45.));
#4267=CARTESIAN_POINT('',(-32.15,1.,40.0000000001227));
#4268=CARTESIAN_POINT('Origin',(32.15,4.9,45.));
#4269=CARTESIAN_POINT('',(32.15,1.,40.0000000001227));
#4270=CARTESIAN_POINT('Origin',(26.85,-2.9,45.));
#4271=CARTESIAN_POINT('',(26.85,1.,40.0000000001227));
#4272=CARTESIAN_POINT('Origin',(32.15,-2.9,25.));
#4273=CARTESIAN_POINT('',(32.15,-2.9,30.));
#4274=CARTESIAN_POINT('',(32.15,-2.9,25.));
#4275=CARTESIAN_POINT('',(26.85,-2.9,30.));
#4276=CARTESIAN_POINT('',(26.85,-2.9,30.));
#4277=CARTESIAN_POINT('',(26.85,-2.9,25.));
#4278=CARTESIAN_POINT('Origin',(26.85,-7.15,25.));
#4279=CARTESIAN_POINT('',(26.85,-7.15,30.));
#4280=CARTESIAN_POINT('',(26.85,-7.15,25.));
#4281=CARTESIAN_POINT('',(32.15,-7.15,30.));
#4282=CARTESIAN_POINT('',(26.85,-7.15,30.));
#4283=CARTESIAN_POINT('',(32.15,-7.15,25.));
#4284=CARTESIAN_POINT('Origin',(29.5,-5.025,30.));
#4285=CARTESIAN_POINT('',(26.85,9.15,30.));
#4286=CARTESIAN_POINT('',(32.15,-7.15,30.));
#4287=CARTESIAN_POINT('Origin',(-26.85,-2.9,25.));
#4288=CARTESIAN_POINT('',(-26.85,-2.9,30.));
#4289=CARTESIAN_POINT('',(-26.85,-2.9,25.));
#4290=CARTESIAN_POINT('',(-32.15,-2.9,30.));
#4291=CARTESIAN_POINT('',(-32.15,-2.9,30.));
#4292=CARTESIAN_POINT('',(-32.15,-2.9,25.));
#4293=CARTESIAN_POINT('Origin',(-32.15,-7.15,25.));
#4294=CARTESIAN_POINT('',(-32.15,-7.15,30.));
#4295=CARTESIAN_POINT('',(-32.15,-7.15,25.));
#4296=CARTESIAN_POINT('',(-26.85,-7.15,30.));
#4297=CARTESIAN_POINT('',(-32.15,-7.15,30.));
#4298=CARTESIAN_POINT('',(-26.85,-7.15,25.));
#4299=CARTESIAN_POINT('Origin',(-29.5,-5.025,30.));
#4300=CARTESIAN_POINT('',(-32.15,9.15,30.));
#4301=CARTESIAN_POINT('',(-26.85,-7.15,30.));
#4302=CARTESIAN_POINT('Origin',(-32.15,4.9,25.));
#4303=CARTESIAN_POINT('',(-32.15,1.,30.0000000001227));
#4304=CARTESIAN_POINT('Origin',(-26.85,-2.9,25.));
#4305=CARTESIAN_POINT('',(-26.85,1.,30.0000000001227));
#4306=CARTESIAN_POINT('Origin',(26.85,4.9,25.));
#4307=CARTESIAN_POINT('',(26.85,1.,30.0000000001227));
#4308=CARTESIAN_POINT('Origin',(32.15,-2.9,25.));
#4309=CARTESIAN_POINT('',(32.15,1.,30.0000000001227));
#4310=CARTESIAN_POINT('Origin',(0.934855146139408,-2.,34.80815761985));
#4311=CARTESIAN_POINT('',(-27.3420192746311,-2.,34.5289445465668));
#4312=CARTESIAN_POINT('Origin',(-29.0420192746311,-2.,34.5289445465668));
#4313=CARTESIAN_POINT('Origin',(30.9117295669099,-12.,35.0873706931333));
#4314=CARTESIAN_POINT('',(34.4117295669099,-2.,35.0873706931333));
#4315=CARTESIAN_POINT('',(34.4117295669099,-12.,35.0873706931333));
#4316=CARTESIAN_POINT('Origin',(30.9117295669099,-2.,35.0873706931333));
#4317=CARTESIAN_POINT('Origin',(0.934855146139408,-2.,34.80815761985));
#4318=CARTESIAN_POINT('',(32.6117295669099,-2.,35.0873706931333));
#4319=CARTESIAN_POINT('Origin',(30.9117295669099,-2.,35.0873706931333));
#4320=CARTESIAN_POINT('Origin',(-29.0420192746311,1.,34.5289445465668));
#4321=CARTESIAN_POINT('',(-27.3420192746311,1.,34.5289445465668));
#4322=CARTESIAN_POINT('Origin',(-29.0420192746311,1.,34.5289445465668));
#4323=CARTESIAN_POINT('',(-27.3420192746311,1.,34.5289445465668));
#4324=CARTESIAN_POINT('Origin',(30.9117295669099,1.,35.0873706931333));
#4325=CARTESIAN_POINT('',(32.6117295669099,1.,35.0873706931333));
#4326=CARTESIAN_POINT('Origin',(30.9117295669099,1.,35.0873706931333));
#4327=CARTESIAN_POINT('',(32.6117295669099,1.,35.0873706931333));
#4328=CARTESIAN_POINT('Origin',(0.569337055569372,1.,35.0000000002454));
#4329=CARTESIAN_POINT('',(-21.391217833529,1.,24.9999999997257));
#4330=CARTESIAN_POINT('',(-35.4704534023638,1.,30.0000000001227));
#4331=CARTESIAN_POINT('Origin',(0.569337055569372,1.,35.0000000002454));
#4332=CARTESIAN_POINT('',(1.0958373416789,1.,45.));
#4333=CARTESIAN_POINT('',(7.34682213341204,1.,25.));
#4334=CARTESIAN_POINT('Origin',(0.569337055569372,1.,35.0000000002454));
#4335=CARTESIAN_POINT('',(21.6243028525423,1.,25.031010131205));
#4336=CARTESIAN_POINT('Origin',(-35.4704534023638,14.,25.));
#4337=CARTESIAN_POINT('Ctrl Pts',(-0.375423830533864,2.89220758381836,25.));
#4338=CARTESIAN_POINT('Ctrl Pts',(-0.375423830533853,2.89220758381836,49.));
#4339=CARTESIAN_POINT('Ctrl Pts',(-0.0604632598755579,2.59681122406357,
25.));
#4340=CARTESIAN_POINT('Ctrl Pts',(-0.060463259875547,2.59681122406357,49.));
#4341=CARTESIAN_POINT('Ctrl Pts',(0.321558796814391,2.21163591547155,25.));
#4342=CARTESIAN_POINT('Ctrl Pts',(0.321558796814402,2.21163591547155,49.));
#4343=CARTESIAN_POINT('Ctrl Pts',(0.653432105488038,1.74416048363445,25.));
#4344=CARTESIAN_POINT('Ctrl Pts',(0.653432105488049,1.74416048363445,49.));
#4345=CARTESIAN_POINT('Ctrl Pts',(0.881878945964652,1.42237116640844,25.));
#4346=CARTESIAN_POINT('Ctrl Pts',(0.881878945964663,1.42237116640844,49.));
#4347=CARTESIAN_POINT('Ctrl Pts',(1.11739645092661,1.01557598838596,25.));
#4348=CARTESIAN_POINT('Ctrl Pts',(1.11739645092662,1.01557598838596,49.));
#4349=CARTESIAN_POINT('Ctrl Pts',(1.29981236199132,0.524677786475605,25.));
#4350=CARTESIAN_POINT('Ctrl Pts',(1.29981236199133,0.524677786475605,49.));
#4351=CARTESIAN_POINT('',(1.29981236199132,0.524677786475605,25.));
#4352=CARTESIAN_POINT('Ctrl Pts',(21.6091275135026,2.30484745480889,25.));
#4353=CARTESIAN_POINT('Ctrl Pts',(21.6091275135026,2.30484745480889,49.));
#4354=CARTESIAN_POINT('Ctrl Pts',(21.7232294199981,1.56806780241246,25.));
#4355=CARTESIAN_POINT('Ctrl Pts',(21.7232294199981,1.56806780241246,49.));
#4356=CARTESIAN_POINT('Ctrl Pts',(21.6362291974275,0.968469813281181,25.));
#4357=CARTESIAN_POINT('Ctrl Pts',(21.6362291974275,0.968469813281181,49.));
#4358=CARTESIAN_POINT('Ctrl Pts',(21.5529378558546,0.604595132397647,25.));
#4359=CARTESIAN_POINT('Ctrl Pts',(21.5529378558546,0.604595132397647,49.));
#4360=CARTESIAN_POINT('Ctrl Pts',(21.4559484647904,0.180877816094821,25.));
#4361=CARTESIAN_POINT('Ctrl Pts',(21.4559484647904,0.180877816094821,49.));
#4362=CARTESIAN_POINT('Ctrl Pts',(21.2544991914413,-0.32905102172363,25.));
#4363=CARTESIAN_POINT('Ctrl Pts',(21.2544991914413,-0.32905102172363,49.));
#4364=CARTESIAN_POINT('Ctrl Pts',(20.8779817945711,-0.853854421790343,25.));
#4365=CARTESIAN_POINT('Ctrl Pts',(20.8779817945711,-0.853854421790343,49.));
#4366=CARTESIAN_POINT('Ctrl Pts',(20.6596887170747,-1.15811911243542,25.));
#4367=CARTESIAN_POINT('Ctrl Pts',(20.6596887170747,-1.15811911243542,49.));
#4368=CARTESIAN_POINT('Ctrl Pts',(20.416301505044,-1.42984789998376,24.9999999999997));
#4369=CARTESIAN_POINT('Ctrl Pts',(20.416301505044,-1.42984789998376,48.9999999999997));
#4370=CARTESIAN_POINT('Ctrl Pts',(20.1721492497526,-1.67605946991064,24.9999999999997));
#4371=CARTESIAN_POINT('Ctrl Pts',(20.1721492497526,-1.67605946991064,48.9999999999997));
#4372=CARTESIAN_POINT('Ctrl Pts',(-12.6119796709443,-7.79126126925867,25.));
#4373=CARTESIAN_POINT('Ctrl Pts',(-12.6119796709443,-7.79126126925867,49.0000000000205));
#4374=CARTESIAN_POINT('Ctrl Pts',(-13.0338115486773,-7.76570314977904,25.));
#4375=CARTESIAN_POINT('Ctrl Pts',(-13.0338115486773,-7.76570314977904,49.0000000000205));
#4376=CARTESIAN_POINT('Ctrl Pts',(-13.5230612691598,-7.73137543278049,25.0000000000171));
#4377=CARTESIAN_POINT('Ctrl Pts',(-13.5230612691598,-7.73137543278049,49.0000000000376));
#4378=CARTESIAN_POINT('Ctrl Pts',(-14.104110751064,-7.68572319670793,25.0000000000171));
#4379=CARTESIAN_POINT('Ctrl Pts',(-14.104110751064,-7.68572319670793,49.0000000000376));
#4380=CARTESIAN_POINT('Ctrl Pts',(-14.6582326250515,-7.64218662470834,25.0000000000171));
#4381=CARTESIAN_POINT('Ctrl Pts',(-14.6582326250515,-7.64218662470834,49.0000000000376));
#4382=CARTESIAN_POINT('Ctrl Pts',(-15.1163207141533,-7.60215749260924,24.9999999999997));
#4383=CARTESIAN_POINT('Ctrl Pts',(-15.1163207141533,-7.60215749260924,49.0000000000202));
#4384=CARTESIAN_POINT('Ctrl Pts',(-15.6955029924436,-7.55512304962634,24.9999999999997));
#4385=CARTESIAN_POINT('Ctrl Pts',(-15.6955029924436,-7.55512304962634,49.0000000000202));
#4386=CARTESIAN_POINT('Ctrl Pts',(-16.5433208470803,-7.48627315204055,24.9999999999997));
#4387=CARTESIAN_POINT('Ctrl Pts',(-16.5433208470803,-7.48627315204055,49.0000000000202));
#4388=CARTESIAN_POINT('Ctrl Pts',(-17.2920136619869,-7.43151978325623,25.000000000002));
#4389=CARTESIAN_POINT('Ctrl Pts',(-17.2920136619869,-7.43151978325623,49.0000000000225));
#4390=CARTESIAN_POINT('Ctrl Pts',(-18.151799901476,-7.36064854734386,25.000000000002));
#4391=CARTESIAN_POINT('Ctrl Pts',(-18.151799901476,-7.36064854734386,49.0000000000225));
#4392=CARTESIAN_POINT('Ctrl Pts',(-18.5199567013338,-7.33030178646646,25.000000000002));
#4393=CARTESIAN_POINT('Ctrl Pts',(-18.5199567013338,-7.33030178646646,49.0000000000225));
#4394=CARTESIAN_POINT('Ctrl Pts',(-18.9151322177161,-7.29658866715708,25.));
#4395=CARTESIAN_POINT('Ctrl Pts',(-18.9151322177161,-7.29658866715708,49.0000000000205));
#4396=CARTESIAN_POINT('Ctrl Pts',(-19.3167015941514,-7.24912680649526,25.));
#4397=CARTESIAN_POINT('Ctrl Pts',(-19.3167015941514,-7.24912680649526,49.0000000000205));
#4398=CARTESIAN_POINT('Ctrl Pts',(-20.3448765440139,-7.12760584630767,25.));
#4399=CARTESIAN_POINT('Ctrl Pts',(-20.3448765440139,-7.12760584630767,49.0000000000205));
#4400=CARTESIAN_POINT('Ctrl Pts',(-21.0369577326815,-6.96443096427327,25.));
#4401=CARTESIAN_POINT('Ctrl Pts',(-21.0369577326815,-6.96443096427327,49.0000000000205));
#4402=CARTESIAN_POINT('Ctrl Pts',(-21.6081521401726,-6.71442366060004,25.));
#4403=CARTESIAN_POINT('Ctrl Pts',(-21.6081521401726,-6.71442366060004,49.0000000000205));
#4404=CARTESIAN_POINT('Ctrl Pts',(-21.8687390926654,-6.60036679920444,25.));
#4405=CARTESIAN_POINT('Ctrl Pts',(-21.8687390926654,-6.60036679920444,49.0000000000205));
#4406=CARTESIAN_POINT('Ctrl Pts',(-22.2276897408197,-6.42167923503314,25.));
#4407=CARTESIAN_POINT('Ctrl Pts',(-22.2276897408197,-6.42167923503314,49.0000000000205));
#4408=CARTESIAN_POINT('Ctrl Pts',(-22.5764798667022,-6.10358745378427,25.));
#4409=CARTESIAN_POINT('Ctrl Pts',(-22.5764798667022,-6.10358745378427,49.0000000000205));
#4410=CARTESIAN_POINT('Ctrl Pts',(-22.8166458212361,-5.88455941771321,25.));
#4411=CARTESIAN_POINT('Ctrl Pts',(-22.8166458212361,-5.88455941771321,49.0000000000205));
#4412=CARTESIAN_POINT('Ctrl Pts',(-23.0296108964742,-5.61143151140747,25.));
#4413=CARTESIAN_POINT('Ctrl Pts',(-23.0296108964742,-5.61143151140747,49.0000000000205));
#4414=CARTESIAN_POINT('Ctrl Pts',(-23.1788634876292,-5.29197928175653,25.));
#4415=CARTESIAN_POINT('Ctrl Pts',(-23.1788634876292,-5.29197928175653,49.0000000000205));
#4416=CARTESIAN_POINT('Ctrl Pts',(-23.2848419141686,-5.06514874976431,25.));
#4417=CARTESIAN_POINT('Ctrl Pts',(-23.2848419141686,-5.06514874976431,49.0000000000205));
#4418=CARTESIAN_POINT('Ctrl Pts',(-23.3526738859819,-4.82899672835319,25.));
#4419=CARTESIAN_POINT('Ctrl Pts',(-23.3526738859819,-4.82899672835319,49.0000000000205));
#4420=CARTESIAN_POINT('Ctrl Pts',(-23.3886254474307,-4.59649003431716,25.));
#4421=CARTESIAN_POINT('Ctrl Pts',(-23.3886254474307,-4.59649003431716,49.0000000000205));
#4422=CARTESIAN_POINT('Ctrl Pts',(-23.4487565511332,-4.20760889627508,25.));
#4423=CARTESIAN_POINT('Ctrl Pts',(-23.4487565511332,-4.20760889627508,49.0000000000205));
#4424=CARTESIAN_POINT('Ctrl Pts',(-23.4232035772535,-3.85199032779463,25.));
#4425=CARTESIAN_POINT('Ctrl Pts',(-23.4232035772535,-3.85199032779463,49.0000000000205));
#4426=CARTESIAN_POINT('Ctrl Pts',(-23.3752374672213,-3.53779833226349,25.));
#4427=CARTESIAN_POINT('Ctrl Pts',(-23.3752374672213,-3.53779833226349,49.0000000000205));
#4428=CARTESIAN_POINT('Ctrl Pts',(-23.328755575793,-3.23332840101176,25.));
#4429=CARTESIAN_POINT('Ctrl Pts',(-23.328755575793,-3.23332840101176,49.0000000000205));
#4430=CARTESIAN_POINT('Ctrl Pts',(-23.2550329694443,-2.94641672416771,25.));
#4431=CARTESIAN_POINT('Ctrl Pts',(-23.2550329694443,-2.94641672416771,49.0000000000205));
#4432=CARTESIAN_POINT('Ctrl Pts',(-23.1739020672756,-2.68254334095015,25.));
#4433=CARTESIAN_POINT('Ctrl Pts',(-23.1739020672756,-2.68254334095015,49.0000000000205));
#4434=CARTESIAN_POINT('Ctrl Pts',(-22.9973028511078,-2.10816500423656,25.));
#4435=CARTESIAN_POINT('Ctrl Pts',(-22.9973028511078,-2.10816500423656,49.0000000000205));
#4436=CARTESIAN_POINT('Ctrl Pts',(-22.7671262457655,-1.58589778236256,25.));
#4437=CARTESIAN_POINT('Ctrl Pts',(-22.7671262457655,-1.58589778236256,49.0000000000205));
#4438=CARTESIAN_POINT('Ctrl Pts',(-22.6231376059241,-1.26550557198864,25.));
#4439=CARTESIAN_POINT('Ctrl Pts',(-22.6231376059241,-1.26550557198864,49.0000000000205));
#4440=CARTESIAN_POINT('Ctrl Pts',(-22.2824280793731,-0.507385497881935,
25.));
#4441=CARTESIAN_POINT('Ctrl Pts',(-22.2824280793731,-0.507385497881935,
49.0000000000205));
#4442=CARTESIAN_POINT('Ctrl Pts',(-21.9040694795429,0.194345448831197,24.9999999997188));
#4443=CARTESIAN_POINT('Ctrl Pts',(-21.9040694795429,0.194345448831197,48.9999999997393));
#4444=CARTESIAN_POINT('Ctrl Pts',(-21.4704534023638,0.876525530349993,24.9999999997188));
#4445=CARTESIAN_POINT('Ctrl Pts',(-21.4704534023638,0.876525530349993,48.9999999997393));
#4446=CARTESIAN_POINT('',(-21.4704534023638,0.876525530349993,24.9999999997188));
#4447=CARTESIAN_POINT('',(-12.6119796709443,-7.79126126925867,25.));
#4448=CARTESIAN_POINT('Origin',(-9.92387387500645,-7.80265891168469,25.));
#4449=CARTESIAN_POINT('',(-9.92387387500645,-7.80265891168469,25.));
#4450=CARTESIAN_POINT('Ctrl Pts',(1.55872775154247,-0.402639298875645,25.));
#4451=CARTESIAN_POINT('Ctrl Pts',(1.55872775154248,-0.402639298875645,49.));
#4452=CARTESIAN_POINT('Ctrl Pts',(1.61805010783412,-0.701555498715852,25.));
#4453=CARTESIAN_POINT('Ctrl Pts',(1.61805010783413,-0.701555498715852,49.));
#4454=CARTESIAN_POINT('Ctrl Pts',(1.6590233352555,-1.01684252480502,25.));
#4455=CARTESIAN_POINT('Ctrl Pts',(1.65902333525551,-1.01684252480502,49.));
#4456=CARTESIAN_POINT('Ctrl Pts',(1.66145518284933,-1.35099920813664,25.));
#4457=CARTESIAN_POINT('Ctrl Pts',(1.66145518284934,-1.35099920813664,49.));
#4458=CARTESIAN_POINT('Ctrl Pts',(1.66533092844582,-1.8835598411485,25.));
#4459=CARTESIAN_POINT('Ctrl Pts',(1.66533092844583,-1.8835598411485,49.));
#4460=CARTESIAN_POINT('Ctrl Pts',(1.57716476372985,-2.41825277117735,25.));
#4461=CARTESIAN_POINT('Ctrl Pts',(1.57716476372986,-2.41825277117735,49.));
#4462=CARTESIAN_POINT('Ctrl Pts',(1.40189878773625,-2.92207041295842,25.));
#4463=CARTESIAN_POINT('Ctrl Pts',(1.40189878773626,-2.92207041295842,49.));
#4464=CARTESIAN_POINT('Ctrl Pts',(1.31972386139749,-3.15828954999755,25.));
#4465=CARTESIAN_POINT('Ctrl Pts',(1.3197238613975,-3.15828954999755,49.));
#4466=CARTESIAN_POINT('Ctrl Pts',(1.21738821278477,-3.38602238218424,25.));
#4467=CARTESIAN_POINT('Ctrl Pts',(1.21738821278478,-3.38602238218424,49.));
#4468=CARTESIAN_POINT('Ctrl Pts',(1.096283860598,-3.60469367271501,25.));
#4469=CARTESIAN_POINT('Ctrl Pts',(1.09628386059801,-3.60469367271501,49.));
#4470=CARTESIAN_POINT('Ctrl Pts',(0.916465717457417,-3.9293811402699,25.));
#4471=CARTESIAN_POINT('Ctrl Pts',(0.916465717457429,-3.9293811402699,49.));
#4472=CARTESIAN_POINT('Ctrl Pts',(0.59995669835248,-4.420053997315,25.));
#4473=CARTESIAN_POINT('Ctrl Pts',(0.599956698352492,-4.420053997315,49.));
#4474=CARTESIAN_POINT('Ctrl Pts',(0.0465831212723754,-4.915233190745,25.));
#4475=CARTESIAN_POINT('Ctrl Pts',(0.0465831212723874,-4.915233190745,49.));
#4476=CARTESIAN_POINT('Ctrl Pts',(-0.712121224852735,-5.59414996907843,
25.));
#4477=CARTESIAN_POINT('Ctrl Pts',(-0.712121224852723,-5.59414996907843,
49.));
#4478=CARTESIAN_POINT('Ctrl Pts',(-1.51951759570317,-5.96727923929306,25.));
#4479=CARTESIAN_POINT('Ctrl Pts',(-1.51951759570316,-5.96727923929306,49.));
#4480=CARTESIAN_POINT('Ctrl Pts',(-2.00870338172055,-6.18236953845754,25.));
#4481=CARTESIAN_POINT('Ctrl Pts',(-2.00870338172054,-6.18236953845754,49.));
#4482=CARTESIAN_POINT('Ctrl Pts',(-2.29587298777748,-6.30863526048638,25.));
#4483=CARTESIAN_POINT('Ctrl Pts',(-2.29587298777747,-6.30863526048638,49.));
#4484=CARTESIAN_POINT('Ctrl Pts',(-2.5950113771022,-6.43159872226958,25.));
#4485=CARTESIAN_POINT('Ctrl Pts',(-2.59501137710219,-6.43159872226958,49.));
#4486=CARTESIAN_POINT('Ctrl Pts',(-2.89217165913362,-6.54321182147104,25.));
#4487=CARTESIAN_POINT('Ctrl Pts',(-2.89217165913361,-6.54321182147104,49.));
#4488=CARTESIAN_POINT('Ctrl Pts',(-3.07890276515334,-6.61334783466131,25.));
#4489=CARTESIAN_POINT('Ctrl Pts',(-3.07890276515333,-6.61334783466131,49.));
#4490=CARTESIAN_POINT('Ctrl Pts',(-3.26301597023671,-6.67811843106592,25.));
#4491=CARTESIAN_POINT('Ctrl Pts',(-3.2630159702367,-6.67811843106592,49.));
#4492=CARTESIAN_POINT('Ctrl Pts',(-3.44609425991575,-6.73883227863747,25.));
#4493=CARTESIAN_POINT('Ctrl Pts',(-3.44609425991574,-6.73883227863747,49.));
#4494=CARTESIAN_POINT('Ctrl Pts',(-3.85770130433158,-6.87533261080601,25.));
#4495=CARTESIAN_POINT('Ctrl Pts',(-3.85770130433157,-6.87533261080601,49.));
#4496=CARTESIAN_POINT('Ctrl Pts',(-4.29534136572567,-7.00205083596879,25.));
#4497=CARTESIAN_POINT('Ctrl Pts',(-4.29534136572566,-7.00205083596879,49.));
#4498=CARTESIAN_POINT('Ctrl Pts',(-4.71065351117035,-7.10521251189907,25.));
#4499=CARTESIAN_POINT('Ctrl Pts',(-4.71065351117034,-7.10521251189907,49.));
#4500=CARTESIAN_POINT('Ctrl Pts',(-5.28291473195273,-7.24735963486029,25.));
#4501=CARTESIAN_POINT('Ctrl Pts',(-5.28291473195272,-7.24735963486029,49.));
#4502=CARTESIAN_POINT('Ctrl Pts',(-5.77832138800495,-7.33347849440378,25.));
#4503=CARTESIAN_POINT('Ctrl Pts',(-5.77832138800494,-7.33347849440378,49.));
#4504=CARTESIAN_POINT('Ctrl Pts',(-6.41284899847526,-7.42028133123771,25.));
#4505=CARTESIAN_POINT('Ctrl Pts',(-6.41284899847525,-7.42028133123771,49.));
#4506=CARTESIAN_POINT('Ctrl Pts',(-6.70539501310387,-7.46030137694605,25.));
#4507=CARTESIAN_POINT('Ctrl Pts',(-6.70539501310386,-7.46030137694605,49.));
#4508=CARTESIAN_POINT('Ctrl Pts',(-7.00116961125852,-7.49703755476096,25.));
#4509=CARTESIAN_POINT('Ctrl Pts',(-7.00116961125851,-7.49703755476096,49.));
#4510=CARTESIAN_POINT('Ctrl Pts',(-7.28648303185098,-7.53145594506871,25.));
#4511=CARTESIAN_POINT('Ctrl Pts',(-7.28648303185097,-7.53145594506871,49.));
#4512=CARTESIAN_POINT('Ctrl Pts',(-7.68636730900128,-7.57969543236768,25.));
#4513=CARTESIAN_POINT('Ctrl Pts',(-7.68636730900127,-7.57969543236768,49.));
#4514=CARTESIAN_POINT('Ctrl Pts',(-8.23341533354755,-7.64361934663609,25.));
#4515=CARTESIAN_POINT('Ctrl Pts',(-8.23341533354754,-7.64361934663609,49.));
#4516=CARTESIAN_POINT('Ctrl Pts',(-8.66460393568358,-7.68994957532834,25.));
#4517=CARTESIAN_POINT('Ctrl Pts',(-8.66460393568357,-7.68994957532834,49.));
#4518=CARTESIAN_POINT('Ctrl Pts',(-9.09923647204089,-7.73664984687256,25.));
#4519=CARTESIAN_POINT('Ctrl Pts',(-9.09923647204088,-7.73664984687256,49.));
#4520=CARTESIAN_POINT('Ctrl Pts',(-9.49949320147463,-7.77456252910123,25.));
#4521=CARTESIAN_POINT('Ctrl Pts',(-9.49949320147462,-7.77456252910123,49.));
#4522=CARTESIAN_POINT('Ctrl Pts',(-9.92387387500645,-7.80265891168469,25.));
#4523=CARTESIAN_POINT('Ctrl Pts',(-9.92387387500644,-7.80265891168469,49.));
#4524=CARTESIAN_POINT('',(1.55872775154242,-0.402639298875352,25.));
#4525=CARTESIAN_POINT('Origin',(-4.89238065996373,-1.68164950318474,25.));
#4526=CARTESIAN_POINT('',(1.50413240419456,-0.152884424882362,25.));
#4527=CARTESIAN_POINT('Ctrl Pts',(1.29981236199192,0.52467778647399,25.));
#4528=CARTESIAN_POINT('Ctrl Pts',(1.29981236199193,0.52467778647399,49.));
#4529=CARTESIAN_POINT('Ctrl Pts',(1.35710045769806,0.370510186679573,25.));
#4530=CARTESIAN_POINT('Ctrl Pts',(1.35710045769807,0.370510186679573,49.));
#4531=CARTESIAN_POINT('Ctrl Pts',(1.40609382469315,0.216188303275997,25.));
#4532=CARTESIAN_POINT('Ctrl Pts',(1.40609382469316,0.216188303275997,49.));
#4533=CARTESIAN_POINT('Ctrl Pts',(1.44830812774769,0.0637106950384904,25.));
#4534=CARTESIAN_POINT('Ctrl Pts',(1.4483081277477,0.0637106950384904,49.));
#4535=CARTESIAN_POINT('Ctrl Pts',(1.46825381208949,-0.00833290210841049,
25.));
#4536=CARTESIAN_POINT('Ctrl Pts',(1.4682538120895,-0.00833290210841049,
49.));
#4537=CARTESIAN_POINT('Ctrl Pts',(1.48684395732799,-0.0805815547025025,
25.));
#4538=CARTESIAN_POINT('Ctrl Pts',(1.486843957328,-0.0805815547025025,49.));
#4539=CARTESIAN_POINT('Ctrl Pts',(1.50413240419456,-0.152884424882362,25.));
#4540=CARTESIAN_POINT('Ctrl Pts',(1.50413240419457,-0.152884424882362,49.));
#4541=CARTESIAN_POINT('Ctrl Pts',(-21.4704534023638,0.876525530349995,24.9999999997188));
#4542=CARTESIAN_POINT('Ctrl Pts',(-21.4704534023638,0.876525530349995,44.9999999997188));
#4543=CARTESIAN_POINT('Ctrl Pts',(-21.1892370015022,1.31894507464413,24.9999999997188));
#4544=CARTESIAN_POINT('Ctrl Pts',(-21.1892370015022,1.31894507464413,44.9999999997188));
#4545=CARTESIAN_POINT('Ctrl Pts',(-20.8897346144982,1.74474234981662,25.));
#4546=CARTESIAN_POINT('Ctrl Pts',(-20.8897346144982,1.74474234981662,45.));
#4547=CARTESIAN_POINT('Ctrl Pts',(-20.5735146555379,2.15763590057505,25.));
#4548=CARTESIAN_POINT('Ctrl Pts',(-20.5735146555379,2.15763590057505,45.));
#4549=CARTESIAN_POINT('Ctrl Pts',(-20.2815642273026,2.53884032978265,25.));
#4550=CARTESIAN_POINT('Ctrl Pts',(-20.2815642273026,2.53884032978265,45.));
#4551=CARTESIAN_POINT('Ctrl Pts',(-19.9747718737186,2.90967255644664,25.));
#4552=CARTESIAN_POINT('Ctrl Pts',(-19.9747718737186,2.90967255644664,45.));
#4553=CARTESIAN_POINT('Ctrl Pts',(-19.6810664523062,3.25718117586487,25.));
#4554=CARTESIAN_POINT('Ctrl Pts',(-19.6810664523062,3.25718117586487,45.));
#4555=CARTESIAN_POINT('Ctrl Pts',(-19.3136977502659,3.69184727719048,25.));
#4556=CARTESIAN_POINT('Ctrl Pts',(-19.3136977502659,3.69184727719048,45.));
#4557=CARTESIAN_POINT('Ctrl Pts',(-18.7998807679577,4.28349459415543,25.));
#4558=CARTESIAN_POINT('Ctrl Pts',(-18.7998807679577,4.28349459415543,45.));
#4559=CARTESIAN_POINT('Ctrl Pts',(-18.5647374040811,4.55260099795457,25.));
#4560=CARTESIAN_POINT('Ctrl Pts',(-18.5647374040811,4.55260099795457,45.));
#4561=CARTESIAN_POINT('Ctrl Pts',(-18.1669487351843,5.00784445621802,25.));
#4562=CARTESIAN_POINT('Ctrl Pts',(-18.1669487351843,5.00784445621802,45.));
#4563=CARTESIAN_POINT('Ctrl Pts',(-17.7959406539856,5.42237148991882,25.));
#4564=CARTESIAN_POINT('Ctrl Pts',(-17.7959406539856,5.42237148991882,45.));
#4565=CARTESIAN_POINT('Ctrl Pts',(-17.4098129291669,5.81343809647112,25.));
#4566=CARTESIAN_POINT('Ctrl Pts',(-17.4098129291669,5.81343809647112,45.));
#4567=CARTESIAN_POINT('Ctrl Pts',(-17.253927663241,5.97131725934601,25.));
#4568=CARTESIAN_POINT('Ctrl Pts',(-17.253927663241,5.97131725934601,45.));
#4569=CARTESIAN_POINT('Ctrl Pts',(-17.1049750183394,6.11607151233976,24.9999999999979));
#4570=CARTESIAN_POINT('Ctrl Pts',(-17.1049750183393,6.11607151233976,44.9999999999979));
#4571=CARTESIAN_POINT('Ctrl Pts',(-16.9610781350573,6.24987705495919,24.9999999999979));
#4572=CARTESIAN_POINT('Ctrl Pts',(-16.9610781350572,6.24987705495919,44.9999999999979));
#4573=CARTESIAN_POINT('Ctrl Pts',(9.63199282828184,-4.60406665575502,25.0000000000002));
#4574=CARTESIAN_POINT('Ctrl Pts',(9.63199282828185,-4.60406665575502,49.0000000000002));
#4575=CARTESIAN_POINT('Ctrl Pts',(9.29266579750929,-4.3874580083877,25.0000000000002));
#4576=CARTESIAN_POINT('Ctrl Pts',(9.2926657975093,-4.3874580083877,49.0000000000002));
#4577=CARTESIAN_POINT('Ctrl Pts',(9.05427632533127,-4.16464268949392,25.));
#4578=CARTESIAN_POINT('Ctrl Pts',(9.05427632533128,-4.16464268949392,49.));
#4579=CARTESIAN_POINT('Ctrl Pts',(8.92818072864889,-4.03976957868126,25.));
#4580=CARTESIAN_POINT('Ctrl Pts',(8.9281807286489,-4.03976957868126,49.));
#4581=CARTESIAN_POINT('Ctrl Pts',(8.40347439243273,-3.52015022487095,25.));
#4582=CARTESIAN_POINT('Ctrl Pts',(8.40347439243275,-3.52015022487095,49.));
#4583=CARTESIAN_POINT('Ctrl Pts',(8.11753449647965,-2.97585395695961,25.));
#4584=CARTESIAN_POINT('Ctrl Pts',(8.11753449647966,-2.97585395695961,49.));
#4585=CARTESIAN_POINT('Ctrl Pts',(7.96124995693807,-2.62242609100251,25.));
#4586=CARTESIAN_POINT('Ctrl Pts',(7.96124995693808,-2.62242609100251,49.));
#4587=CARTESIAN_POINT('Ctrl Pts',(7.78778229625954,-2.23013965431456,25.));
#4588=CARTESIAN_POINT('Ctrl Pts',(7.78778229625955,-2.23013965431456,49.));
#4589=CARTESIAN_POINT('Ctrl Pts',(7.53205416945723,-1.54060354099495,25.));
#4590=CARTESIAN_POINT('Ctrl Pts',(7.53205416945724,-1.54060354099495,49.));
#4591=CARTESIAN_POINT('Ctrl Pts',(7.40170849617282,-0.601929460386,25.));
#4592=CARTESIAN_POINT('Ctrl Pts',(7.40170849617283,-0.601929460386,49.));
#4593=CARTESIAN_POINT('Ctrl Pts',(7.3518651789239,-0.242986744343182,25.));
#4594=CARTESIAN_POINT('Ctrl Pts',(7.35186517892391,-0.242986744343182,49.));
#4595=CARTESIAN_POINT('Ctrl Pts',(7.3243474053685,0.123452489401107,25.));
#4596=CARTESIAN_POINT('Ctrl Pts',(7.32434740536851,0.123452489401107,49.));
#4597=CARTESIAN_POINT('Ctrl Pts',(7.32624251349994,0.495264849446051,25.));
#4598=CARTESIAN_POINT('Ctrl Pts',(7.32624251349995,0.495264849446051,49.));
#4599=CARTESIAN_POINT('Ctrl Pts',(7.32815018634989,0.869542355180502,25.));
#4600=CARTESIAN_POINT('Ctrl Pts',(7.3281501863499,0.869542355180502,49.));
#4601=CARTESIAN_POINT('Ctrl Pts',(7.35866178434104,1.26170973828244,25.));
#4602=CARTESIAN_POINT('Ctrl Pts',(7.35866178434105,1.26170973828244,49.));
#4603=CARTESIAN_POINT('Ctrl Pts',(7.43280863880041,1.64996733653104,25.));
#4604=CARTESIAN_POINT('Ctrl Pts',(7.43280863880042,1.64996733653104,49.));
#4605=UNCERTAINTY_MEASURE_WITH_UNIT(LENGTH_MEASURE(0.01),#4609,
'DISTANCE_ACCURACY_VALUE',
'Maximum model space distance between geometric entities at asserted c
onnectivities');
#4606=UNCERTAINTY_MEASURE_WITH_UNIT(LENGTH_MEASURE(0.01),#4609,
'DISTANCE_ACCURACY_VALUE',
'Maximum model space distance between geometric entities at asserted c
onnectivities');
#4607=(
GEOMETRIC_REPRESENTATION_CONTEXT(3)
GLOBAL_UNCERTAINTY_ASSIGNED_CONTEXT((#4605))
GLOBAL_UNIT_ASSIGNED_CONTEXT((#4609,#4611,#4612))
REPRESENTATION_CONTEXT('','3D')
);
#4608=(
GEOMETRIC_REPRESENTATION_CONTEXT(3)
GLOBAL_UNCERTAINTY_ASSIGNED_CONTEXT((#4606))
GLOBAL_UNIT_ASSIGNED_CONTEXT((#4609,#4611,#4612))
REPRESENTATION_CONTEXT('','3D')
);
#4609=(
LENGTH_UNIT()
NAMED_UNIT(*)
SI_UNIT(.MILLI.,.METRE.)
);
#4610=(
LENGTH_UNIT()
NAMED_UNIT(*)
SI_UNIT($,.METRE.)
);
#4611=(
NAMED_UNIT(*)
PLANE_ANGLE_UNIT()
SI_UNIT($,.RADIAN.)
);
#4612=(
NAMED_UNIT(*)
SI_UNIT($,.STERADIAN.)
SOLID_ANGLE_UNIT()
);
#4613=SHAPE_DEFINITION_REPRESENTATION(#4614,#4615);
#4614=PRODUCT_DEFINITION_SHAPE('',$,#4617);
#4615=SHAPE_REPRESENTATION('',(#1315),#4607);
#4616=PRODUCT_DEFINITION_CONTEXT('part definition',#4621,'design');
#4617=PRODUCT_DEFINITION('2026-08-19-19-48-00-358',
'\X2\30B330F330DD30FC30CD30F330C8\X0\2',#4618,#4616);
#4618=PRODUCT_DEFINITION_FORMATION('',$,#4623);
#4619=PRODUCT_RELATED_PRODUCT_CATEGORY('\X2\30B330F330DD30FC30CD30F330C8\X0\2',
'\X2\30B330F330DD30FC30CD30F330C8\X0\2',(#4623));
#4620=APPLICATION_PROTOCOL_DEFINITION('international standard',
'automotive_design',2009,#4621);
#4621=APPLICATION_CONTEXT(
'Core Data for Automotive Mechanical Design Process');
#4622=PRODUCT_CONTEXT('part definition',#4621,'mechanical');
#4623=PRODUCT('2026-08-19-19-48-00-358','\X2\30B330F330DD30FC30CD30F330C8\X0\2',
$,(#4622));
#4624=PRESENTATION_STYLE_ASSIGNMENT((#4626));
#4625=PRESENTATION_STYLE_ASSIGNMENT((#4627));
#4626=SURFACE_STYLE_USAGE(.BOTH.,#4628);
#4627=SURFACE_STYLE_USAGE(.BOTH.,#4629);
#4628=SURFACE_SIDE_STYLE('',(#4630));
#4629=SURFACE_SIDE_STYLE('',(#4631));
#4630=SURFACE_STYLE_FILL_AREA(#4632);
#4631=SURFACE_STYLE_FILL_AREA(#4633);
#4632=FILL_AREA_STYLE('\X2\92FC\X0\ - \X2\30B530C630F3\X0\',(#4634));
#4633=FILL_AREA_STYLE('Opaque(160,160,160)',(#4635));
#4634=FILL_AREA_STYLE_COLOUR('\X2\92FC\X0\ - \X2\30B530C630F3\X0\',#4636);
#4635=FILL_AREA_STYLE_COLOUR('Opaque(160,160,160)',#4637);
#4636=COLOUR_RGB('\X2\92FC\X0\ - \X2\30B530C630F3\X0\',0.627450980392157,
0.627450980392157,0.627450980392157);
#4637=COLOUR_RGB('Opaque(160,160,160)',0.627450980392157,0.627450980392157,
0.627450980392157);
ENDSEC;
END-ISO-10303-21;
