ISO-10303-21;
HEADER;
/* Generated by software containing ST-Developer
 * from STEP Tools, Inc. (www.steptools.com) 
 */

FILE_DESCRIPTION(
/* description */ (''),
/* implementation_level */ '2;1');

FILE_NAME(
/* name */ 'mold_thumb_inner_right.step',
/* time_stamp */ '2026-09-24T14:42:03+09:00',
/* author */ (''),
/* organization */ (''),
/* preprocessor_version */ 'ST-DEVELOPER v20.2',
/* originating_system */ 'Autodesk Translation Framework v15.15.0.0',
/* authorisation */ '');

FILE_SCHEMA (('AUTOMOTIVE_DESIGN { 1 0 10303 214 3 1 1 }'));
ENDSEC;

DATA;
#10=MECHANICAL_DESIGN_GEOMETRIC_PRESENTATION_REPRESENTATION('',(#13),#4473);
#11=SHAPE_REPRESENTATION_RELATIONSHIP('SRR','None',#4480,#12);
#12=ADVANCED_BREP_SHAPE_REPRESENTATION('',(#14),#4472);
#13=STYLED_ITEM('',(#4490),#14);
#14=MANIFOLD_SOLID_BREP('\X2\30DC30C730A3\X0\1',#402);
#15=FACE_BOUND('',#71,.T.);
#16=FACE_BOUND('',#72,.T.);
#17=FACE_BOUND('',#73,.T.);
#18=FACE_BOUND('',#83,.T.);
#19=FACE_BOUND('',#84,.T.);
#20=FACE_BOUND('',#85,.T.);
#21=PLANE('',#419);
#22=PLANE('',#424);
#23=PLANE('',#427);
#24=PLANE('',#434);
#25=PLANE('',#435);
#26=PLANE('',#436);
#27=CIRCLE('',#417,12.);
#28=CIRCLE('',#418,12.);
#29=CIRCLE('',#420,12.);
#30=CIRCLE('',#421,1.65);
#31=CIRCLE('',#422,1.65);
#32=CIRCLE('',#423,1.65);
#33=CIRCLE('',#426,12.);
#34=CIRCLE('',#429,1.65);
#35=CIRCLE('',#431,1.65);
#36=CIRCLE('',#433,1.65);
#37=CYLINDRICAL_SURFACE('',#416,12.);
#38=CYLINDRICAL_SURFACE('',#425,12.);
#39=CYLINDRICAL_SURFACE('',#428,1.65);
#40=CYLINDRICAL_SURFACE('',#430,1.65);
#41=CYLINDRICAL_SURFACE('',#432,1.65);
#42=FACE_OUTER_BOUND('',#64,.T.);
#43=FACE_OUTER_BOUND('',#65,.T.);
#44=FACE_OUTER_BOUND('',#66,.T.);
#45=FACE_OUTER_BOUND('',#67,.T.);
#46=FACE_OUTER_BOUND('',#68,.T.);
#47=FACE_OUTER_BOUND('',#69,.T.);
#48=FACE_OUTER_BOUND('',#70,.T.);
#49=FACE_OUTER_BOUND('',#74,.T.);
#50=FACE_OUTER_BOUND('',#75,.T.);
#51=FACE_OUTER_BOUND('',#76,.T.);
#52=FACE_OUTER_BOUND('',#77,.T.);
#53=FACE_OUTER_BOUND('',#78,.T.);
#54=FACE_OUTER_BOUND('',#79,.T.);
#55=FACE_OUTER_BOUND('',#80,.T.);
#56=FACE_OUTER_BOUND('',#81,.T.);
#57=FACE_OUTER_BOUND('',#82,.T.);
#58=FACE_OUTER_BOUND('',#86,.T.);
#59=FACE_OUTER_BOUND('',#87,.T.);
#60=FACE_OUTER_BOUND('',#88,.T.);
#61=FACE_OUTER_BOUND('',#89,.T.);
#62=FACE_OUTER_BOUND('',#90,.T.);
#63=FACE_OUTER_BOUND('',#91,.T.);
#64=EDGE_LOOP('',(#255,#256,#257,#258));
#65=EDGE_LOOP('',(#259,#260,#261,#262));
#66=EDGE_LOOP('',(#263,#264,#265,#266));
#67=EDGE_LOOP('',(#267,#268,#269,#270,#271,#272));
#68=EDGE_LOOP('',(#273,#274,#275,#276));
#69=EDGE_LOOP('',(#277,#278,#279,#280));
#70=EDGE_LOOP('',(#281,#282,#283,#284,#285,#286,#287,#288,#289,#290));
#71=EDGE_LOOP('',(#291));
#72=EDGE_LOOP('',(#292));
#73=EDGE_LOOP('',(#293));
#74=EDGE_LOOP('',(#294,#295,#296,#297));
#75=EDGE_LOOP('',(#298,#299,#300,#301));
#76=EDGE_LOOP('',(#302,#303,#304,#305,#306,#307,#308,#309,#310,#311,#312,
#313,#314));
#77=EDGE_LOOP('',(#315,#316,#317,#318));
#78=EDGE_LOOP('',(#319,#320,#321,#322));
#79=EDGE_LOOP('',(#323,#324,#325,#326));
#80=EDGE_LOOP('',(#327,#328,#329,#330));
#81=EDGE_LOOP('',(#331,#332,#333,#334));
#82=EDGE_LOOP('',(#335,#336,#337,#338,#339,#340));
#83=EDGE_LOOP('',(#341));
#84=EDGE_LOOP('',(#342));
#85=EDGE_LOOP('',(#343));
#86=EDGE_LOOP('',(#344,#345,#346,#347));
#87=EDGE_LOOP('',(#348,#349,#350,#351));
#88=EDGE_LOOP('',(#352,#353,#354,#355));
#89=EDGE_LOOP('',(#356,#357,#358,#359));
#90=EDGE_LOOP('',(#360,#361,#362,#363));
#91=EDGE_LOOP('',(#364,#365,#366,#367,#368));
#92=B_SPLINE_CURVE_WITH_KNOTS('',3,(#612,#613,#614,#615,#616,#617,#618,
#619,#620,#621,#622,#623,#624,#625,#626,#627,#628,#629,#630,#631,#632,#633,
#634,#635,#636,#637),.UNSPECIFIED.,.F.,.F.,(4,1,2,1,1,1,2,1,1,2,1,1,2,1,
1,2,1,1,4),(-1.09999304483369,-1.02719380463866,-0.990794184541152,-0.989468151798787,
-0.931860748383594,-0.874253344968402,-0.816645941553209,-0.814216749803527,
-0.736845150435619,-0.582101951699802,-0.57737681255591,-0.429777903994552,
-0.355978449713873,-0.354073101521887,-0.242463924469151,-0.186659335942783,
-0.185160240480172,-0.0617200801600574,0.),.UNSPECIFIED.);
#93=B_SPLINE_CURVE_WITH_KNOTS('',3,(#640,#641,#642,#643,#644,#645,#646,
#647,#648,#649,#650,#651,#652,#653,#654,#655,#656,#657,#658,#659,#660,#661,
#662,#663,#664,#665,#666,#667,#668,#669,#670,#671,#672,#673,#674,#675,#676,
#677,#678,#679,#680,#681,#682,#683,#684,#685,#686,#687,#688,#689,#690,#691,
#692,#693,#694,#695,#696,#697,#698,#699,#700,#701,#702,#703,#704,#705,#706,
#707,#708,#709,#710,#711,#712,#713,#714,#715,#716,#717,#718,#719,#720,#721,
#722,#723,#724,#725,#726,#727,#728,#729,#730,#731,#732,#733,#734,#735,#736,
#737,#738,#739,#740,#741,#742,#743,#744,#745,#746,#747,#748,#749,#750,#751,
#752,#753,#754,#755,#756,#757,#758,#759,#760,#761,#762,#763,#764,#765,#766,
#767,#768,#769,#770,#771,#772,#773,#774,#775,#776,#777,#778,#779,#780,#781,
#782,#783,#784,#785,#786,#787,#788,#789,#790,#791,#792,#793,#794,#795,#796,
#797,#798,#799,#800,#801,#802,#803,#804,#805,#806,#807,#808,#809,#810,#811,
#812,#813,#814,#815,#816,#817,#818,#819,#820,#821,#822,#823,#824,#825,#826,
#827,#828,#829,#830,#831,#832,#833,#834,#835,#836,#837,#838,#839,#840,#841,
#842,#843,#844,#845,#846,#847,#848,#849,#850,#851,#852,#853,#854,#855,#856,
#857,#858,#859,#860,#861,#862,#863,#864,#865,#866,#867,#868,#869,#870,#871,
#872,#873,#874,#875,#876,#877,#878,#879,#880,#881,#882,#883,#884,#885,#886,
#887,#888,#889,#890,#891,#892,#893,#894,#895,#896,#897,#898,#899,#900,#901,
#902,#903,#904),.UNSPECIFIED.,.F.,.F.,(4,3,3,3,3,3,3,3,3,3,3,3,3,3,3,3,
3,3,3,3,3,3,3,3,3,3,3,3,3,3,3,3,3,3,3,3,3,3,3,3,3,3,3,3,3,3,3,3,3,3,3,3,
3,3,3,3,3,3,3,3,3,3,3,3,3,3,3,3,3,3,3,3,3,3,3,3,3,3,3,3,3,3,3,3,3,3,3,3,
4),(0.,0.0247979238284898,0.0462567660000583,0.0495958476569797,0.0617284350170887,
0.0970790634582898,0.135592743527928,0.150579663687161,0.17830205075148,
0.185164921283435,0.185222234967591,0.186721293747281,0.197334365004716,
0.220817210357484,0.242533204265039,0.261289320655195,0.281810644465922,
0.302301990108247,0.322619004727174,0.340742368984811,0.354073101211903,
0.354073584799867,0.354219874030103,0.356125058367278,0.37686982700119,
0.378457558620505,0.401138981133911,0.407188729002444,0.429566918529782,
0.453683139581227,0.46242259711144,0.486702674564499,0.49774497905447,0.522137980185121,
0.536193852748763,0.549996521470886,0.577378002743908,0.577388171859305,
0.582101267921306,0.602024244668393,0.603722670415535,0.626008363131113,
0.645309209556718,0.662466824030124,0.678759890727832,0.694352052034599,
0.708409061719137,0.72153841144539,0.733876683569362,0.736292936286372,
0.736512214794365,0.751490612040108,0.768130251149895,0.786384698993347,
0.790317163987415,0.808010340139795,0.810327238585466,0.814216749090695,
0.816633720545397,0.832338259316946,0.840068802992941,0.856300287801145,
0.86021614993637,0.863051156204537,0.874388287762074,0.888816970025213,
0.904540232505554,0.922019276978786,0.931992629804954,0.936691017029302,
0.945708251196143,0.95733238988255,0.964835230966686,0.975318665869068,
0.979247785902523,0.98942178361878,0.989451673336911,0.990736860635089,
1.00586061233513,1.02045207286408,1.0271412693868,1.04106881384752,1.04225256513704,
1.05514842408296,1.06732147476098,1.07889529027659,1.08967855228992,1.09383600092071,
1.09999304387067),.UNSPECIFIED.);
#94=B_SPLINE_CURVE_WITH_KNOTS('',3,(#1041,#1042,#1043,#1044,#1045,#1046,
#1047,#1048,#1049,#1050,#1051,#1052,#1053,#1054,#1055,#1056,#1057,#1058,
#1059,#1060,#1061,#1062,#1063,#1064,#1065,#1066,#1067,#1068,#1069,#1070,
#1071,#1072,#1073),.UNSPECIFIED.,.F.,.F.,(4,1,1,2,1,1,1,1,1,1,1,2,1,1,1,
1,1,2,1,1,1,1,2,1,1,1,4),(-0.369328962789123,-0.363020452179512,-0.356711941569902,
-0.350403430960291,-0.350309135210049,-0.350120543709566,-0.342584673166745,
-0.335048802623923,-0.327512932081101,-0.319977061538279,-0.312441190995457,
-0.304905320452636,-0.304680723181624,-0.28758067653063,-0.270480629879635,
-0.261930606554138,-0.253380583228641,-0.253185451898461,-0.229593560516001,
-0.206001669133541,-0.194205723442312,-0.182409777751082,-0.182203908974831,
-0.121469272637078,-0.0607346362993247,-0.030367318130448,3.8428645448394E-11),
 .UNSPECIFIED.);
#95=B_SPLINE_CURVE_WITH_KNOTS('',3,(#1076,#1077,#1078,#1079,#1080,#1081,
#1082,#1083,#1084,#1085,#1086,#1087,#1088,#1089,#1090,#1091,#1092,#1093,
#1094,#1095,#1096,#1097,#1098,#1099,#1100,#1101),.UNSPECIFIED.,.F.,.F.,
(4,2,2,2,2,2,2,2,2,2,2,2,4),(-3.8428645448394E-11,0.046179583203875,0.0923640892685888,
0.138546133922097,0.161637156248852,0.184728178575606,0.253380583228641,
0.277092267863409,0.304680723181624,0.341256772169464,0.357806965390484,
0.36705632229717,0.369328962789123),.UNSPECIFIED.);
#96=B_SPLINE_CURVE_WITH_KNOTS('',3,(#1118,#1119,#1120,#1121,#1122,#1123),
 .UNSPECIFIED.,.F.,.F.,(4,2,4),(0.,0.00075153485255958,0.00150307046067582),
 .UNSPECIFIED.);
#97=B_SPLINE_CURVE_WITH_KNOTS('',3,(#1124,#1125,#1126,#1127,#1128,#1129),
 .UNSPECIFIED.,.F.,.F.,(4,2,4),(0.,0.000776340379742604,0.00155268076268055),
 .UNSPECIFIED.);
#98=B_SPLINE_CURVE_WITH_KNOTS('',3,(#1566,#1567,#1568,#1569,#1570,#1571,
#1572,#1573,#1574,#1575,#1576,#1577,#1578,#1579),.UNSPECIFIED.,.F.,.F.,
(4,1,1,1,1,1,1,1,2,1,4),(-6.50536360907457,-6.,-5.,-4.,-3.,-2.,-0.999999999999998,
-0.499999999999999,-0.25,-0.125,0.),.UNSPECIFIED.);
#99=B_SPLINE_CURVE_WITH_KNOTS('',3,(#1581,#1582,#1583,#1584,#1585,#1586,
#1587,#1588),.UNSPECIFIED.,.F.,.F.,(4,1,2,1,4),(0.,0.124999999999999,0.249999999999998,
0.499999999999997,0.999999999999994),.UNSPECIFIED.);
#100=B_SPLINE_CURVE_WITH_KNOTS('',3,(#1590,#1591,#1592,#1593,#1594,#1595,
#1596,#1597),.UNSPECIFIED.,.F.,.F.,(4,1,1,1,1,4),(0.999999999999995,1.99999999999999,
2.99999999999999,3.99999999999999,4.99999999999999,5.99999999999999),
 .UNSPECIFIED.);
#101=B_SPLINE_CURVE_WITH_KNOTS('',3,(#1598,#1599,#1600,#1601,#1602,#1603,
#1604,#1605,#1606,#1607,#1608,#1609,#1610,#1611,#1612,#1613,#1614,#1615,
#1616,#1617,#1618,#1619,#1620,#1621,#1622,#1623,#1624,#1625,#1626,#1627,
#1628,#1629,#1630,#1631,#1632,#1633,#1634,#1635,#1636,#1637,#1638,#1639,
#1640,#1641,#1642,#1643,#1644,#1645,#1646,#1647,#1648,#1649,#1650,#1651,
#1652,#1653,#1654,#1655,#1656,#1657,#1658,#1659,#1660,#1661,#1662,#1663,
#1664,#1665,#1666,#1667,#1668,#1669,#1670,#1671,#1672,#1673,#1674,#1675,
#1676,#1677,#1678,#1679,#1680,#1681,#1682,#1683,#1684,#1685,#1686,#1687,
#1688,#1689,#1690,#1691,#1692,#1693,#1694,#1695,#1696,#1697,#1698,#1699,
#1700,#1701,#1702,#1703,#1704,#1705,#1706,#1707,#1708,#1709,#1710,#1711,
#1712,#1713,#1714,#1715,#1716,#1717,#1718,#1719,#1720,#1721,#1722,#1723,
#1724,#1725,#1726,#1727,#1728,#1729,#1730,#1731,#1732,#1733,#1734,#1735,
#1736,#1737,#1738,#1739,#1740,#1741,#1742,#1743,#1744,#1745,#1746,#1747,
#1748,#1749,#1750,#1751,#1752,#1753,#1754,#1755,#1756,#1757,#1758,#1759,
#1760,#1761,#1762,#1763,#1764,#1765,#1766,#1767,#1768,#1769,#1770,#1771,
#1772,#1773,#1774,#1775,#1776,#1777,#1778,#1779,#1780,#1781,#1782,#1783,
#1784,#1785,#1786,#1787,#1788,#1789,#1790,#1791,#1792,#1793,#1794,#1795,
#1796,#1797,#1798,#1799,#1800,#1801,#1802,#1803,#1804,#1805,#1806,#1807,
#1808,#1809,#1810,#1811,#1812,#1813,#1814,#1815,#1816,#1817,#1818,#1819,
#1820,#1821,#1822,#1823,#1824,#1825,#1826,#1827,#1828,#1829,#1830,#1831,
#1832,#1833,#1834,#1835,#1836,#1837,#1838,#1839,#1840,#1841,#1842,#1843,
#1844,#1845,#1846,#1847,#1848,#1849,#1850,#1851,#1852,#1853,#1854,#1855,
#1856,#1857,#1858,#1859,#1860,#1861,#1862,#1863,#1864,#1865,#1866,#1867,
#1868,#1869,#1870,#1871,#1872,#1873,#1874,#1875,#1876,#1877,#1878,#1879,
#1880),.UNSPECIFIED.,.F.,.F.,(4,3,3,3,3,3,3,3,3,3,3,3,3,3,3,3,3,3,3,3,3,
3,3,3,3,3,3,3,3,3,3,3,3,3,3,3,3,3,3,3,3,3,3,3,3,3,3,3,3,3,3,3,3,3,3,3,3,
3,3,3,3,3,3,3,3,3,3,3,3,3,3,3,3,3,3,3,3,3,3,3,3,3,3,3,3,3,3,3,3,3,3,3,3,
3,4),(-4.17549247029947,-4.13254171090153,-4.10217094777295,-4.06863010234194,
-4.02715127765379,-3.97271664013797,-3.93189066200111,-3.8984874208253,
-3.86690716566122,-3.83758115368056,-3.80941272759051,-3.77775062034107,
-3.74794298143269,-3.74462364407876,-3.7424889902109,-3.69944665988933,
-3.65508121351793,-3.60932549958005,-3.56214684511381,-3.51360216473196,
-3.46355907113405,-3.41330671287837,-3.36359529843986,-3.31506523040051,
-3.26898882078765,-3.22433496656587,-3.18123439303535,-3.13813381950483,
-3.13474365617328,-3.09800816962872,-3.09492140715746,-3.05221102896002,
-3.00750051445054,-2.96031242210121,-2.90753604991515,-2.84954458227974,
-2.78725459089657,-2.72821892469062,-2.67974924254921,-2.63431267643597,
-2.59256529445296,-2.55111192607277,-2.54697587146022,-2.53084451218522,
-2.52283078750304,-2.51705432451718,-2.51254028662255,-2.46142134428031,
-2.40537982118393,-2.33846401704062,-2.26154110644555,-2.20384892349925,
-2.15148559884824,-2.10253091956937,-2.05730519711049,-2.03077237466034,
-2.01394464241111,-2.00302504927027,-1.99870075877342,-1.91305621884973,
-1.8270519643583,-1.75362942724103,-1.6847623773815,-1.62116436547558,-1.56903920088402,
-1.54840722546535,-1.54228009823991,-1.54002056453131,-1.5170781278082,
-1.49312654450124,-1.46799983633543,-1.44147186851342,-1.41321636047106,
-1.38121031865113,-1.34534611774522,-1.30357659818819,-1.25306765942976,
-1.21003620043686,-1.17238367381807,-1.13649223888704,-1.10164975075336,
-1.06758464216176,-1.03414969463731,-1.00155345115109,-0.969393827628504,
-0.937956088094704,-0.908815987486565,-0.877045898374649,-0.866658995879522,
-0.857780948803247,-0.853294977307792,-0.844291132161955,-0.636379980036052,
-0.387806311339344,0.),.UNSPECIFIED.);
#102=B_SPLINE_CURVE_WITH_KNOTS('',3,(#2227,#2228,#2229,#2230,#2231,#2232,
#2233,#2234,#2235,#2236,#2237,#2238,#2239,#2240,#2241,#2242,#2243,#2244,
#2245,#2246,#2247,#2248,#2249,#2250,#2251,#2252,#2253,#2254,#2255,#2256,
#2257,#2258,#2259,#2260,#2261,#2262,#2263,#2264,#2265,#2266,#2267,#2268,
#2269,#2270,#2271,#2272,#2273,#2274,#2275,#2276,#2277,#2278,#2279,#2280,
#2281,#2282,#2283,#2284,#2285,#2286,#2287,#2288,#2289,#2290,#2291,#2292,
#2293,#2294,#2295,#2296,#2297,#2298,#2299,#2300,#2301,#2302,#2303,#2304,
#2305,#2306,#2307,#2308,#2309,#2310,#2311,#2312,#2313,#2314,#2315,#2316,
#2317,#2318,#2319,#2320,#2321,#2322,#2323,#2324,#2325,#2326,#2327,#2328,
#2329,#2330,#2331,#2332,#2333,#2334,#2335,#2336,#2337,#2338,#2339,#2340,
#2341,#2342,#2343,#2344,#2345,#2346,#2347,#2348,#2349,#2350,#2351,#2352,
#2353,#2354,#2355,#2356,#2357,#2358,#2359,#2360,#2361,#2362,#2363,#2364,
#2365,#2366,#2367,#2368,#2369,#2370,#2371,#2372,#2373,#2374,#2375,#2376,
#2377,#2378,#2379,#2380,#2381,#2382,#2383,#2384,#2385,#2386,#2387,#2388,
#2389,#2390,#2391,#2392,#2393,#2394,#2395,#2396,#2397,#2398,#2399,#2400,
#2401,#2402,#2403,#2404,#2405,#2406,#2407,#2408,#2409,#2410,#2411,#2412,
#2413,#2414,#2415,#2416,#2417,#2418,#2419,#2420,#2421,#2422,#2423,#2424,
#2425,#2426,#2427,#2428,#2429,#2430,#2431,#2432,#2433,#2434,#2435,#2436,
#2437,#2438,#2439,#2440,#2441,#2442,#2443,#2444,#2445,#2446,#2447,#2448,
#2449,#2450,#2451,#2452,#2453,#2454,#2455,#2456,#2457,#2458,#2459,#2460,
#2461,#2462,#2463,#2464,#2465,#2466,#2467,#2468,#2469,#2470,#2471,#2472,
#2473,#2474,#2475,#2476,#2477,#2478,#2479,#2480,#2481,#2482,#2483,#2484,
#2485,#2486,#2487,#2488,#2489,#2490,#2491,#2492,#2493,#2494,#2495,#2496,
#2497,#2498,#2499,#2500,#2501,#2502,#2503,#2504,#2505,#2506,#2507,#2508,
#2509,#2510,#2511,#2512,#2513,#2514,#2515,#2516,#2517,#2518,#2519,#2520,
#2521,#2522,#2523,#2524,#2525,#2526,#2527,#2528,#2529,#2530,#2531,#2532,
#2533,#2534,#2535,#2536,#2537,#2538,#2539,#2540,#2541,#2542,#2543,#2544,
#2545,#2546,#2547,#2548,#2549,#2550,#2551,#2552,#2553,#2554),
 .UNSPECIFIED.,.F.,.F.,(4,3,3,3,3,3,3,3,3,3,3,3,3,3,3,3,3,3,3,3,3,3,3,3,
3,3,3,3,3,3,3,3,3,3,3,3,3,3,3,3,3,3,3,3,3,3,3,3,3,3,3,3,3,3,3,3,3,3,3,3,
3,3,3,3,3,3,3,3,3,3,3,3,3,3,3,3,3,3,3,3,3,3,3,3,3,3,3,3,3,3,3,3,3,3,3,3,
3,3,3,3,3,3,3,3,3,3,3,3,3,4),(-4.28297871204449,-4.20747081348805,-4.12975234780381,
-4.04842680065278,-3.96497326534089,-3.87899093782272,-3.86040207409568,
-3.85290731378276,-3.84922257350207,-3.84728129999612,-3.81981727210126,
-3.79179062368489,-3.76293156943304,-3.74048590908886,-3.71153108915621,
-3.68157060062173,-3.65064206353487,-3.61886445126665,-3.58635165390053,
-3.55390394000478,-3.52200175751061,-3.49103420624122,-3.46189312674992,
-3.4337983279229,-3.40666587971055,-3.3795334314982,-3.37720848409211,-3.37533603637199,
-3.30105908617684,-3.21900733231353,-3.19564278011734,-3.19336384896246,
-3.15574445004343,-3.11312886950841,-3.06708469055445,-3.02324436705877,
-2.99554915603717,-2.98689768483348,-2.91678401081492,-2.85188296897394,
-2.79502779080341,-2.77124530177443,-2.74717918371766,-2.72329978858256,
-2.71834272417947,-2.69649536768099,-2.67892690369326,-2.56719689835076,
-2.44704780525378,-2.42288271366432,-2.401736500314,-2.33655897405323,-2.25241348608077,
-2.23764986532991,-2.23262959093436,-2.18528948587076,-2.14168838459164,
-2.13430452007385,-2.10452991371496,-2.07216805539858,-2.03809488358385,
-2.00220868192986,-1.96306527324337,-1.92544041199777,-1.88912064979934,
-1.85532874281982,-1.84563504718391,-1.8388054187273,-1.834339365393,-1.83066694233286,
-1.75029109058307,-1.66195650096805,-1.57332175373793,-1.55595953955129,
-1.54844341748631,-1.54535219410166,-1.50441081016314,-1.4653903353138,
-1.43594878503022,-1.40144924233305,-1.36612747449105,-1.32977939608052,
-1.2929877659829,-1.2559617862595,-1.21894856665085,-1.18245802869485,-1.14649712756177,
-1.11162986702218,-1.08811994666361,-1.08665931279017,-1.05762583826527,
-1.02756230891498,-0.996475338769062,-0.96440299117574,-0.931426514109849,
-0.897366759020012,-0.862890525352617,-0.8282470526325,-0.793707732465008,
-0.759858885850315,-0.726587959247177,-0.694066774839102,-0.661545590431027,
-0.659479197337121,-0.610190636317628,-0.568480639066512,-0.536342602153708,
-0.511320237538313,-0.423142407579248,-0.402764343318812),.UNSPECIFIED.);
#103=B_SPLINE_CURVE_WITH_KNOTS('',3,(#2555,#2556,#2557,#2558,#2559,#2560,
#2561,#2562,#2563,#2564,#2565,#2566),.UNSPECIFIED.,.F.,.F.,(4,1,2,1,1,1,
1,1,4),(0.,0.125,0.25,0.5,1.,2.,3.,4.,5.),.UNSPECIFIED.);
#104=B_SPLINE_CURVE_WITH_KNOTS('',3,(#2607,#2608,#2609,#2610,#2611,#2612,
#2613,#2614,#2615,#2616,#2617,#2618,#2619,#2620,#2621,#2622,#2623,#2624,
#2625,#2626,#2627,#2628,#2629,#2630,#2631,#2632,#2633,#2634,#2635,#2636,
#2637,#2638,#2639,#2640,#2641,#2642,#2643,#2644,#2645,#2646),
 .UNSPECIFIED.,.F.,.F.,(4,3,3,3,3,3,3,3,3,3,3,3,3,4),(-0.750001130114634,
-0.710928380263905,-0.668378326633455,-0.623371328605235,-0.574119430119315,
-0.51411030254732,-0.449602215506768,-0.401440511129685,-0.370527951220301,
-0.300880777722621,-0.225660583291966,-0.149933274327386,-0.0686266945497104,
0.),.UNSPECIFIED.);
#105=B_SPLINE_CURVE_WITH_KNOTS('',3,(#2648,#2649,#2650,#2651,#2652,#2653,
#2654,#2655,#2656,#2657,#2658,#2659,#2660,#2661,#2662,#2663,#2664,#2665,
#2666,#2667,#2668,#2669,#2670,#2671,#2672,#2673,#2674,#2675,#2676,#2677,
#2678,#2679,#2680,#2681,#2682,#2683,#2684,#2685,#2686,#2687,#2688,#2689,
#2690,#2691,#2692,#2693,#2694,#2695,#2696,#2697,#2698,#2699,#2700,#2701,
#2702,#2703,#2704,#2705,#2706,#2707,#2708,#2709,#2710,#2711,#2712,#2713,
#2714,#2715,#2716,#2717,#2718,#2719,#2720,#2721,#2722,#2723,#2724,#2725,
#2726,#2727,#2728,#2729,#2730,#2731,#2732,#2733,#2734,#2735,#2736,#2737,
#2738,#2739,#2740,#2741,#2742,#2743,#2744,#2745,#2746,#2747,#2748,#2749,
#2750,#2751,#2752,#2753,#2754,#2755,#2756,#2757,#2758,#2759,#2760,#2761,
#2762,#2763,#2764,#2765,#2766,#2767,#2768,#2769,#2770,#2771,#2772,#2773,
#2774,#2775,#2776,#2777,#2778,#2779,#2780,#2781,#2782,#2783),
 .UNSPECIFIED.,.F.,.F.,(4,3,3,3,3,3,3,3,3,3,3,3,3,3,3,3,3,3,3,3,3,3,3,3,
3,3,3,3,3,3,3,3,3,3,3,3,3,3,3,3,3,3,3,3,3,4),(-1.75303231522625,-1.65598012999555,
-1.55273109085432,-1.43981571920389,-1.29847543256361,-1.15801280206248,
-1.04260638116742,-1.01755017156134,-1.0088178177904,-1.0048828203866,-1.00181290745247,
-0.958358388511982,-0.910770343125191,-0.858590464286309,-0.784072077033572,
-0.778327423765788,-0.775826713303287,-0.773980659749655,-0.753721428247687,
-0.738114850891301,-0.712875842937264,-0.687529275420123,-0.677856718237904,
-0.671350852423938,-0.629391424147442,-0.619557183145138,-0.61578367850705,
-0.613420308286084,-0.561096371741292,-0.558493135681737,-0.556429606411944,
-0.515782118017843,-0.500539309870054,-0.493381392218179,-0.487685215365732,
-0.449946165005111,-0.405693204972775,-0.393839652835538,-0.3902700481889,
-0.387296942648242,-0.385693981273563,-0.285737732427431,-0.204809473303162,
-0.131860231204529,-0.0652705707056659,0.),.UNSPECIFIED.);
#106=B_SPLINE_CURVE_WITH_KNOTS('',3,(#2785,#2786,#2787,#2788,#2789,#2790,
#2791,#2792,#2793,#2794,#2795,#2796,#2797,#2798,#2799,#2800,#2801,#2802,
#2803,#2804,#2805,#2806,#2807,#2808,#2809,#2810,#2811,#2812,#2813,#2814,
#2815,#2816,#2817,#2818,#2819,#2820,#2821,#2822,#2823,#2824,#2825,#2826,
#2827),.UNSPECIFIED.,.F.,.F.,(4,3,3,3,3,3,3,3,3,3,3,3,3,3,4),(-1.20214412977101,
-1.11388983728726,-1.0225587280848,-0.927733657807499,-0.827176303181435,
-0.721467642048737,-0.616917587477565,-0.610696377367662,-0.524631087332601,
-0.435877380260684,-0.344111742770713,-0.247035144197433,-0.14651081368029,
-0.0405652228278475,0.),.UNSPECIFIED.);
#107=B_SPLINE_CURVE_WITH_KNOTS('',3,(#2828,#2829,#2830,#2831,#2832,#2833,
#2834,#2835,#2836,#2837,#2838,#2839,#2840,#2841,#2842,#2843,#2844,#2845,
#2846,#2847,#2848,#2849,#2850,#2851,#2852,#2853,#2854,#2855,#2856,#2857,
#2858,#2859,#2860,#2861),.UNSPECIFIED.,.F.,.F.,(4,3,3,3,3,3,3,3,3,3,3,4),
(-1.0768161671344,-0.933932524235004,-0.79533455383991,-0.670540683519809,
-0.586723098079832,-0.550052904449843,-0.535511512196958,-0.51928500447183,
-0.327654469378063,-0.163827234689032,-0.0126370952291954,0.),
 .UNSPECIFIED.);
#108=B_SPLINE_CURVE_WITH_KNOTS('',3,(#3050,#3051,#3052,#3053,#3054,#3055,
#3056),.UNSPECIFIED.,.F.,.F.,(4,1,2,4),(-0.999999999999994,-0.749999999999995,
-0.499999999999997,0.),.UNSPECIFIED.);
#109=B_SPLINE_CURVE_WITH_KNOTS('',3,(#3057,#3058,#3059,#3060,#3061,#3062,
#3063,#3064,#3065),.UNSPECIFIED.,.F.,.F.,(4,1,1,2,1,4),(-0.999999999999998,
-0.749999999999998,-0.499999999999999,-0.249999999999999,-0.125,0.),
 .UNSPECIFIED.);
#110=B_SPLINE_CURVE_WITH_KNOTS('',3,(#3066,#3067,#3068,#3069,#3070,#3071,
#3072,#3073,#3074,#3075),.UNSPECIFIED.,.F.,.F.,(4,1,1,1,2,1,4),(-0.999999999999998,
-0.749999999999998,-0.499999999999999,-0.25,-0.125,-0.0624999999999999,
0.),.UNSPECIFIED.);
#111=B_SPLINE_CURVE_WITH_KNOTS('',3,(#3376,#3377,#3378,#3379,#3380,#3381,
#3382,#3383,#3384,#3385,#3386,#3387),.UNSPECIFIED.,.F.,.F.,(4,1,2,1,1,1,
1,1,4),(0.,0.125,0.249999999999999,0.499999999999999,0.999999999999999,
2.,3.,4.,5.),.UNSPECIFIED.);
#112=B_SPLINE_CURVE_WITH_KNOTS('',3,(#3388,#3389,#3390,#3391,#3392,#3393,
#3394,#3395,#3396,#3397,#3398),.UNSPECIFIED.,.F.,.F.,(4,1,2,1,2,1,4),(0.,
0.125,0.25,0.5,0.750000000000001,0.875000000000001,1.),.UNSPECIFIED.);
#113=B_SPLINE_CURVE_WITH_KNOTS('',3,(#3750,#3751,#3752,#3753,#3754,#3755,
#3756,#3757,#3758,#3759,#3760),.UNSPECIFIED.,.F.,.F.,(4,1,2,1,1,1,1,4),
(0.,0.249999999999999,0.499999999999999,0.999999999999999,2.,3.,4.,5.),
 .UNSPECIFIED.);
#114=B_SPLINE_CURVE_WITH_KNOTS('',3,(#3761,#3762,#3763,#3764,#3765,#3766,
#3767,#3768,#3769,#3770,#3771,#3772),.UNSPECIFIED.,.F.,.F.,(4,1,2,1,1,2,
1,4),(-0.999999999999998,-0.874999999999998,-0.749999999999998,-0.499999999999999,
-0.25,-0.125,-0.0624999999999999,0.),.UNSPECIFIED.);
#115=B_SPLINE_CURVE_WITH_KNOTS('',3,(#3969,#3970,#3971,#3972,#3973,#3974,
#3975),.UNSPECIFIED.,.F.,.F.,(4,2,1,4),(-1.,-0.5,-0.25,0.),
 .UNSPECIFIED.);
#116=B_SPLINE_CURVE_WITH_KNOTS('',3,(#4186,#4187,#4188,#4189,#4190,#4191,
#4192,#4193,#4194,#4195,#4196),.UNSPECIFIED.,.F.,.F.,(4,1,1,1,1,2,1,4),
(-5.,-4.,-3.,-2.,-0.999999999999999,-0.5,-0.249999999999999,0.),
 .UNSPECIFIED.);
#117=LINE('',#610,#139);
#118=LINE('',#639,#140);
#119=LINE('',#1039,#141);
#120=LINE('',#1075,#142);
#121=LINE('',#2572,#143);
#122=LINE('',#2575,#144);
#123=LINE('',#2578,#145);
#124=LINE('',#2579,#146);
#125=LINE('',#2581,#147);
#126=LINE('',#2585,#148);
#127=LINE('',#2586,#149);
#128=LINE('',#2595,#150);
#129=LINE('',#2596,#151);
#130=LINE('',#2600,#152);
#131=LINE('',#2604,#153);
#132=LINE('',#2605,#154);
#133=LINE('',#2862,#155);
#134=LINE('',#2865,#156);
#135=LINE('',#2869,#157);
#136=LINE('',#2873,#158);
#137=LINE('',#2876,#159);
#138=LINE('',#2878,#160);
#139=VECTOR('',#439,10.);
#140=VECTOR('',#440,10.);
#141=VECTOR('',#441,10.);
#142=VECTOR('',#442,10.);
#143=VECTOR('',#447,10.);
#144=VECTOR('',#450,10.);
#145=VECTOR('',#453,10.);
#146=VECTOR('',#454,10.);
#147=VECTOR('',#455,10.);
#148=VECTOR('',#458,10.);
#149=VECTOR('',#459,10.);
#150=VECTOR('',#468,10.);
#151=VECTOR('',#469,10.);
#152=VECTOR('',#474,10.);
#153=VECTOR('',#477,10.);
#154=VECTOR('',#478,10.);
#155=VECTOR('',#479,10.);
#156=VECTOR('',#482,1.65);
#157=VECTOR('',#487,1.65);
#158=VECTOR('',#492,1.65);
#159=VECTOR('',#497,10.);
#160=VECTOR('',#500,10.);
#161=VERTEX_POINT('',#608);
#162=VERTEX_POINT('',#609);
#163=VERTEX_POINT('',#611);
#164=VERTEX_POINT('',#638);
#165=VERTEX_POINT('',#1037);
#166=VERTEX_POINT('',#1038);
#167=VERTEX_POINT('',#1040);
#168=VERTEX_POINT('',#1074);
#169=VERTEX_POINT('',#1565);
#170=VERTEX_POINT('',#1580);
#171=VERTEX_POINT('',#1589);
#172=VERTEX_POINT('',#2226);
#173=VERTEX_POINT('',#2568);
#174=VERTEX_POINT('',#2569);
#175=VERTEX_POINT('',#2571);
#176=VERTEX_POINT('',#2573);
#177=VERTEX_POINT('',#2577);
#178=VERTEX_POINT('',#2580);
#179=VERTEX_POINT('',#2582);
#180=VERTEX_POINT('',#2584);
#181=VERTEX_POINT('',#2587);
#182=VERTEX_POINT('',#2589);
#183=VERTEX_POINT('',#2591);
#184=VERTEX_POINT('',#2594);
#185=VERTEX_POINT('',#2598);
#186=VERTEX_POINT('',#2602);
#187=VERTEX_POINT('',#2603);
#188=VERTEX_POINT('',#2606);
#189=VERTEX_POINT('',#2647);
#190=VERTEX_POINT('',#2784);
#191=VERTEX_POINT('',#2864);
#192=VERTEX_POINT('',#2868);
#193=VERTEX_POINT('',#2872);
#194=VERTEX_POINT('',#3048);
#195=VERTEX_POINT('',#3049);
#196=VERTEX_POINT('',#3375);
#197=VERTEX_POINT('',#3749);
#198=EDGE_CURVE('',#161,#162,#117,.T.);
#199=EDGE_CURVE('',#162,#163,#92,.T.);
#200=EDGE_CURVE('',#163,#164,#118,.T.);
#201=EDGE_CURVE('',#164,#161,#93,.T.);
#202=EDGE_CURVE('',#165,#166,#119,.T.);
#203=EDGE_CURVE('',#166,#167,#94,.T.);
#204=EDGE_CURVE('',#167,#168,#120,.T.);
#205=EDGE_CURVE('',#168,#165,#95,.T.);
#206=EDGE_CURVE('',#165,#164,#96,.T.);
#207=EDGE_CURVE('',#163,#166,#97,.T.);
#208=EDGE_CURVE('',#165,#169,#98,.T.);
#209=EDGE_CURVE('',#169,#170,#99,.T.);
#210=EDGE_CURVE('',#170,#171,#100,.T.);
#211=EDGE_CURVE('',#161,#171,#101,.T.);
#212=EDGE_CURVE('',#172,#168,#102,.T.);
#213=EDGE_CURVE('',#169,#172,#103,.T.);
#214=EDGE_CURVE('',#173,#174,#27,.T.);
#215=EDGE_CURVE('',#174,#175,#121,.T.);
#216=EDGE_CURVE('',#175,#176,#28,.T.);
#217=EDGE_CURVE('',#176,#173,#122,.T.);
#218=EDGE_CURVE('',#177,#162,#123,.T.);
#219=EDGE_CURVE('',#177,#176,#124,.T.);
#220=EDGE_CURVE('',#175,#178,#125,.T.);
#221=EDGE_CURVE('',#179,#178,#29,.T.);
#222=EDGE_CURVE('',#180,#179,#126,.T.);
#223=EDGE_CURVE('',#167,#180,#127,.T.);
#224=EDGE_CURVE('',#181,#181,#30,.T.);
#225=EDGE_CURVE('',#182,#182,#31,.T.);
#226=EDGE_CURVE('',#183,#183,#32,.T.);
#227=EDGE_CURVE('',#184,#174,#128,.T.);
#228=EDGE_CURVE('',#178,#184,#129,.T.);
#229=EDGE_CURVE('',#184,#185,#33,.T.);
#230=EDGE_CURVE('',#185,#179,#130,.T.);
#231=EDGE_CURVE('',#186,#187,#131,.T.);
#232=EDGE_CURVE('',#177,#186,#132,.T.);
#233=EDGE_CURVE('',#171,#188,#104,.T.);
#234=EDGE_CURVE('',#188,#189,#105,.T.);
#235=EDGE_CURVE('',#189,#190,#106,.T.);
#236=EDGE_CURVE('',#190,#172,#107,.T.);
#237=EDGE_CURVE('',#180,#187,#133,.T.);
#238=EDGE_CURVE('',#181,#191,#134,.T.);
#239=EDGE_CURVE('',#191,#191,#34,.T.);
#240=EDGE_CURVE('',#182,#192,#135,.T.);
#241=EDGE_CURVE('',#192,#192,#35,.T.);
#242=EDGE_CURVE('',#183,#193,#136,.T.);
#243=EDGE_CURVE('',#193,#193,#36,.T.);
#244=EDGE_CURVE('',#187,#185,#137,.T.);
#245=EDGE_CURVE('',#173,#186,#138,.T.);
#246=EDGE_CURVE('',#194,#195,#108,.T.);
#247=EDGE_CURVE('',#170,#194,#109,.T.);
#248=EDGE_CURVE('',#195,#169,#110,.T.);
#249=EDGE_CURVE('',#196,#190,#111,.T.);
#250=EDGE_CURVE('',#196,#169,#112,.T.);
#251=EDGE_CURVE('',#197,#189,#113,.T.);
#252=EDGE_CURVE('',#197,#196,#114,.T.);
#253=EDGE_CURVE('',#195,#197,#115,.T.);
#254=EDGE_CURVE('',#188,#194,#116,.T.);
#255=ORIENTED_EDGE('',*,*,#198,.T.);
#256=ORIENTED_EDGE('',*,*,#199,.T.);
#257=ORIENTED_EDGE('',*,*,#200,.T.);
#258=ORIENTED_EDGE('',*,*,#201,.T.);
#259=ORIENTED_EDGE('',*,*,#202,.T.);
#260=ORIENTED_EDGE('',*,*,#203,.T.);
#261=ORIENTED_EDGE('',*,*,#204,.T.);
#262=ORIENTED_EDGE('',*,*,#205,.T.);
#263=ORIENTED_EDGE('',*,*,#202,.F.);
#264=ORIENTED_EDGE('',*,*,#206,.T.);
#265=ORIENTED_EDGE('',*,*,#200,.F.);
#266=ORIENTED_EDGE('',*,*,#207,.T.);
#267=ORIENTED_EDGE('',*,*,#201,.F.);
#268=ORIENTED_EDGE('',*,*,#206,.F.);
#269=ORIENTED_EDGE('',*,*,#208,.T.);
#270=ORIENTED_EDGE('',*,*,#209,.T.);
#271=ORIENTED_EDGE('',*,*,#210,.T.);
#272=ORIENTED_EDGE('',*,*,#211,.F.);
#273=ORIENTED_EDGE('',*,*,#205,.F.);
#274=ORIENTED_EDGE('',*,*,#212,.F.);
#275=ORIENTED_EDGE('',*,*,#213,.F.);
#276=ORIENTED_EDGE('',*,*,#208,.F.);
#277=ORIENTED_EDGE('',*,*,#214,.T.);
#278=ORIENTED_EDGE('',*,*,#215,.T.);
#279=ORIENTED_EDGE('',*,*,#216,.T.);
#280=ORIENTED_EDGE('',*,*,#217,.T.);
#281=ORIENTED_EDGE('',*,*,#199,.F.);
#282=ORIENTED_EDGE('',*,*,#218,.F.);
#283=ORIENTED_EDGE('',*,*,#219,.T.);
#284=ORIENTED_EDGE('',*,*,#216,.F.);
#285=ORIENTED_EDGE('',*,*,#220,.T.);
#286=ORIENTED_EDGE('',*,*,#221,.F.);
#287=ORIENTED_EDGE('',*,*,#222,.F.);
#288=ORIENTED_EDGE('',*,*,#223,.F.);
#289=ORIENTED_EDGE('',*,*,#203,.F.);
#290=ORIENTED_EDGE('',*,*,#207,.F.);
#291=ORIENTED_EDGE('',*,*,#224,.T.);
#292=ORIENTED_EDGE('',*,*,#225,.T.);
#293=ORIENTED_EDGE('',*,*,#226,.T.);
#294=ORIENTED_EDGE('',*,*,#215,.F.);
#295=ORIENTED_EDGE('',*,*,#227,.F.);
#296=ORIENTED_EDGE('',*,*,#228,.F.);
#297=ORIENTED_EDGE('',*,*,#220,.F.);
#298=ORIENTED_EDGE('',*,*,#229,.T.);
#299=ORIENTED_EDGE('',*,*,#230,.T.);
#300=ORIENTED_EDGE('',*,*,#221,.T.);
#301=ORIENTED_EDGE('',*,*,#228,.T.);
#302=ORIENTED_EDGE('',*,*,#231,.F.);
#303=ORIENTED_EDGE('',*,*,#232,.F.);
#304=ORIENTED_EDGE('',*,*,#218,.T.);
#305=ORIENTED_EDGE('',*,*,#198,.F.);
#306=ORIENTED_EDGE('',*,*,#211,.T.);
#307=ORIENTED_EDGE('',*,*,#233,.T.);
#308=ORIENTED_EDGE('',*,*,#234,.T.);
#309=ORIENTED_EDGE('',*,*,#235,.T.);
#310=ORIENTED_EDGE('',*,*,#236,.T.);
#311=ORIENTED_EDGE('',*,*,#212,.T.);
#312=ORIENTED_EDGE('',*,*,#204,.F.);
#313=ORIENTED_EDGE('',*,*,#223,.T.);
#314=ORIENTED_EDGE('',*,*,#237,.T.);
#315=ORIENTED_EDGE('',*,*,#224,.F.);
#316=ORIENTED_EDGE('',*,*,#238,.T.);
#317=ORIENTED_EDGE('',*,*,#239,.F.);
#318=ORIENTED_EDGE('',*,*,#238,.F.);
#319=ORIENTED_EDGE('',*,*,#225,.F.);
#320=ORIENTED_EDGE('',*,*,#240,.T.);
#321=ORIENTED_EDGE('',*,*,#241,.F.);
#322=ORIENTED_EDGE('',*,*,#240,.F.);
#323=ORIENTED_EDGE('',*,*,#226,.F.);
#324=ORIENTED_EDGE('',*,*,#242,.T.);
#325=ORIENTED_EDGE('',*,*,#243,.F.);
#326=ORIENTED_EDGE('',*,*,#242,.F.);
#327=ORIENTED_EDGE('',*,*,#230,.F.);
#328=ORIENTED_EDGE('',*,*,#244,.F.);
#329=ORIENTED_EDGE('',*,*,#237,.F.);
#330=ORIENTED_EDGE('',*,*,#222,.T.);
#331=ORIENTED_EDGE('',*,*,#217,.F.);
#332=ORIENTED_EDGE('',*,*,#219,.F.);
#333=ORIENTED_EDGE('',*,*,#232,.T.);
#334=ORIENTED_EDGE('',*,*,#245,.F.);
#335=ORIENTED_EDGE('',*,*,#214,.F.);
#336=ORIENTED_EDGE('',*,*,#245,.T.);
#337=ORIENTED_EDGE('',*,*,#231,.T.);
#338=ORIENTED_EDGE('',*,*,#244,.T.);
#339=ORIENTED_EDGE('',*,*,#229,.F.);
#340=ORIENTED_EDGE('',*,*,#227,.T.);
#341=ORIENTED_EDGE('',*,*,#239,.T.);
#342=ORIENTED_EDGE('',*,*,#241,.T.);
#343=ORIENTED_EDGE('',*,*,#243,.T.);
#344=ORIENTED_EDGE('',*,*,#246,.F.);
#345=ORIENTED_EDGE('',*,*,#247,.F.);
#346=ORIENTED_EDGE('',*,*,#209,.F.);
#347=ORIENTED_EDGE('',*,*,#248,.F.);
#348=ORIENTED_EDGE('',*,*,#236,.F.);
#349=ORIENTED_EDGE('',*,*,#249,.F.);
#350=ORIENTED_EDGE('',*,*,#250,.T.);
#351=ORIENTED_EDGE('',*,*,#213,.T.);
#352=ORIENTED_EDGE('',*,*,#235,.F.);
#353=ORIENTED_EDGE('',*,*,#251,.F.);
#354=ORIENTED_EDGE('',*,*,#252,.T.);
#355=ORIENTED_EDGE('',*,*,#249,.T.);
#356=ORIENTED_EDGE('',*,*,#252,.F.);
#357=ORIENTED_EDGE('',*,*,#253,.F.);
#358=ORIENTED_EDGE('',*,*,#248,.T.);
#359=ORIENTED_EDGE('',*,*,#250,.F.);
#360=ORIENTED_EDGE('',*,*,#233,.F.);
#361=ORIENTED_EDGE('',*,*,#210,.F.);
#362=ORIENTED_EDGE('',*,*,#247,.T.);
#363=ORIENTED_EDGE('',*,*,#254,.F.);
#364=ORIENTED_EDGE('',*,*,#234,.F.);
#365=ORIENTED_EDGE('',*,*,#254,.T.);
#366=ORIENTED_EDGE('',*,*,#246,.T.);
#367=ORIENTED_EDGE('',*,*,#253,.T.);
#368=ORIENTED_EDGE('',*,*,#251,.T.);
#369=B_SPLINE_SURFACE_WITH_KNOTS('',3,3,((#504,#505,#506,#507,#508,#509,
#510,#511,#512,#513,#514,#515,#516,#517,#518,#519,#520,#521,#522,#523,#524,
#525,#526,#527,#528,#529),(#530,#531,#532,#533,#534,#535,#536,#537,#538,
#539,#540,#541,#542,#543,#544,#545,#546,#547,#548,#549,#550,#551,#552,#553,
#554,#555),(#556,#557,#558,#559,#560,#561,#562,#563,#564,#565,#566,#567,
#568,#569,#570,#571,#572,#573,#574,#575,#576,#577,#578,#579,#580,#581),
(#582,#583,#584,#585,#586,#587,#588,#589,#590,#591,#592,#593,#594,#595,
#596,#597,#598,#599,#600,#601,#602,#603,#604,#605,#606,#607)),
 .UNSPECIFIED.,.F.,.F.,.F.,(4,4),(4,1,2,1,1,1,2,1,1,2,1,1,2,1,1,2,1,1,4),
(-0.000255735897657842,1.),(-1.10024877976833,-1.02719380463866,-0.990794184541152,
-0.989468151798787,-0.931860748383594,-0.874253344968402,-0.816645941553209,
-0.814216749803527,-0.736845150435619,-0.582101951699802,-0.57737681255591,
-0.429777903994552,-0.355978449713873,-0.354073101521887,-0.242463924469151,
-0.186659335942783,-0.185160240480172,-0.0617200801600574,0.00025573589765685),
 .UNSPECIFIED.);
#370=B_SPLINE_SURFACE_WITH_KNOTS('',3,3,((#905,#906,#907,#908,#909,#910,
#911,#912,#913,#914,#915,#916,#917,#918,#919,#920,#921,#922,#923,#924,#925,
#926,#927,#928,#929,#930,#931,#932,#933,#934,#935,#936,#937),(#938,#939,
#940,#941,#942,#943,#944,#945,#946,#947,#948,#949,#950,#951,#952,#953,#954,
#955,#956,#957,#958,#959,#960,#961,#962,#963,#964,#965,#966,#967,#968,#969,
#970),(#971,#972,#973,#974,#975,#976,#977,#978,#979,#980,#981,#982,#983,
#984,#985,#986,#987,#988,#989,#990,#991,#992,#993,#994,#995,#996,#997,#998,
#999,#1000,#1001,#1002,#1003),(#1004,#1005,#1006,#1007,#1008,#1009,#1010,
#1011,#1012,#1013,#1014,#1015,#1016,#1017,#1018,#1019,#1020,#1021,#1022,
#1023,#1024,#1025,#1026,#1027,#1028,#1029,#1030,#1031,#1032,#1033,#1034,
#1035,#1036)),.UNSPECIFIED.,.F.,.F.,.F.,(4,4),(4,1,1,2,1,1,1,1,1,1,1,2,
1,1,1,1,1,2,1,1,1,1,2,1,1,1,4),(-0.00257983167093228,1.),(-0.370648447043363,
-0.363020452179512,-0.356711941569902,-0.350403430960291,-0.350309135210049,
-0.350120543709566,-0.342584673166745,-0.335048802623923,-0.327512932081101,
-0.319977061538279,-0.312441190995457,-0.304905320452636,-0.304680723181624,
-0.28758067653063,-0.270480629879635,-0.261930606554138,-0.253380583228641,
-0.253185451898461,-0.229593560516001,-0.206001669133541,-0.194205723442312,
-0.182409777751082,-0.182203908974831,-0.121469272637078,-0.0607346362993247,
-0.030367318130448,0.00131948425899065),.UNSPECIFIED.);
#371=B_SPLINE_SURFACE_WITH_KNOTS('',3,3,((#1102,#1103,#1104,#1105),(#1106,
#1107,#1108,#1109),(#1110,#1111,#1112,#1113),(#1114,#1115,#1116,#1117)),
 .UNSPECIFIED.,.F.,.F.,.F.,(4,4),(4,4),(0.,1.),(-0.369456357151212,-0.369328962789123),
 .UNSPECIFIED.);
#372=B_SPLINE_SURFACE_WITH_KNOTS('',3,3,((#1130,#1131,#1132,#1133,#1134,
#1135,#1136,#1137,#1138,#1139,#1140,#1141,#1142,#1143,#1144,#1145,#1146,
#1147,#1148,#1149,#1150,#1151,#1152,#1153,#1154,#1155,#1156,#1157,#1158),
(#1159,#1160,#1161,#1162,#1163,#1164,#1165,#1166,#1167,#1168,#1169,#1170,
#1171,#1172,#1173,#1174,#1175,#1176,#1177,#1178,#1179,#1180,#1181,#1182,
#1183,#1184,#1185,#1186,#1187),(#1188,#1189,#1190,#1191,#1192,#1193,#1194,
#1195,#1196,#1197,#1198,#1199,#1200,#1201,#1202,#1203,#1204,#1205,#1206,
#1207,#1208,#1209,#1210,#1211,#1212,#1213,#1214,#1215,#1216),(#1217,#1218,
#1219,#1220,#1221,#1222,#1223,#1224,#1225,#1226,#1227,#1228,#1229,#1230,
#1231,#1232,#1233,#1234,#1235,#1236,#1237,#1238,#1239,#1240,#1241,#1242,
#1243,#1244,#1245),(#1246,#1247,#1248,#1249,#1250,#1251,#1252,#1253,#1254,
#1255,#1256,#1257,#1258,#1259,#1260,#1261,#1262,#1263,#1264,#1265,#1266,
#1267,#1268,#1269,#1270,#1271,#1272,#1273,#1274),(#1275,#1276,#1277,#1278,
#1279,#1280,#1281,#1282,#1283,#1284,#1285,#1286,#1287,#1288,#1289,#1290,
#1291,#1292,#1293,#1294,#1295,#1296,#1297,#1298,#1299,#1300,#1301,#1302,
#1303),(#1304,#1305,#1306,#1307,#1308,#1309,#1310,#1311,#1312,#1313,#1314,
#1315,#1316,#1317,#1318,#1319,#1320,#1321,#1322,#1323,#1324,#1325,#1326,
#1327,#1328,#1329,#1330,#1331,#1332),(#1333,#1334,#1335,#1336,#1337,#1338,
#1339,#1340,#1341,#1342,#1343,#1344,#1345,#1346,#1347,#1348,#1349,#1350,
#1351,#1352,#1353,#1354,#1355,#1356,#1357,#1358,#1359,#1360,#1361),(#1362,
#1363,#1364,#1365,#1366,#1367,#1368,#1369,#1370,#1371,#1372,#1373,#1374,
#1375,#1376,#1377,#1378,#1379,#1380,#1381,#1382,#1383,#1384,#1385,#1386,
#1387,#1388,#1389,#1390),(#1391,#1392,#1393,#1394,#1395,#1396,#1397,#1398,
#1399,#1400,#1401,#1402,#1403,#1404,#1405,#1406,#1407,#1408,#1409,#1410,
#1411,#1412,#1413,#1414,#1415,#1416,#1417,#1418,#1419),(#1420,#1421,#1422,
#1423,#1424,#1425,#1426,#1427,#1428,#1429,#1430,#1431,#1432,#1433,#1434,
#1435,#1436,#1437,#1438,#1439,#1440,#1441,#1442,#1443,#1444,#1445,#1446,
#1447,#1448),(#1449,#1450,#1451,#1452,#1453,#1454,#1455,#1456,#1457,#1458,
#1459,#1460,#1461,#1462,#1463,#1464,#1465,#1466,#1467,#1468,#1469,#1470,
#1471,#1472,#1473,#1474,#1475,#1476,#1477),(#1478,#1479,#1480,#1481,#1482,
#1483,#1484,#1485,#1486,#1487,#1488,#1489,#1490,#1491,#1492,#1493,#1494,
#1495,#1496,#1497,#1498,#1499,#1500,#1501,#1502,#1503,#1504,#1505,#1506),
(#1507,#1508,#1509,#1510,#1511,#1512,#1513,#1514,#1515,#1516,#1517,#1518,
#1519,#1520,#1521,#1522,#1523,#1524,#1525,#1526,#1527,#1528,#1529,#1530,
#1531,#1532,#1533,#1534,#1535),(#1536,#1537,#1538,#1539,#1540,#1541,#1542,
#1543,#1544,#1545,#1546,#1547,#1548,#1549,#1550,#1551,#1552,#1553,#1554,
#1555,#1556,#1557,#1558,#1559,#1560,#1561,#1562,#1563,#1564)),
 .UNSPECIFIED.,.F.,.F.,.F.,(4,1,1,1,1,1,1,1,2,2,4),(4,2,2,1,1,1,1,1,1,1,
1,1,1,1,1,1,1,1,1,1,2,2,4),(0.,0.999999999999997,2.,3.,4.,5.,6.,6.5,6.75,
6.87499999999999,7.),(0.,0.125000000000001,0.250000000000001,0.499999999999999,
0.749999999999997,0.999999999999995,1.49999999999999,1.99999999999999,2.99999999999999,
3.99999999999999,4.99999999999999,5.99999999999999,6.99999999999999,7.99999999999999,
8.99999999999999,9.99999999999999,10.5,11.,11.25,11.5,11.75,11.875,12.),
 .UNSPECIFIED.);
#373=B_SPLINE_SURFACE_WITH_KNOTS('',3,3,((#1881,#1882,#1883,#1884,#1885,
#1886,#1887,#1888,#1889,#1890,#1891,#1892,#1893,#1894,#1895,#1896,#1897,
#1898,#1899,#1900,#1901,#1902,#1903),(#1904,#1905,#1906,#1907,#1908,#1909,
#1910,#1911,#1912,#1913,#1914,#1915,#1916,#1917,#1918,#1919,#1920,#1921,
#1922,#1923,#1924,#1925,#1926),(#1927,#1928,#1929,#1930,#1931,#1932,#1933,
#1934,#1935,#1936,#1937,#1938,#1939,#1940,#1941,#1942,#1943,#1944,#1945,
#1946,#1947,#1948,#1949),(#1950,#1951,#1952,#1953,#1954,#1955,#1956,#1957,
#1958,#1959,#1960,#1961,#1962,#1963,#1964,#1965,#1966,#1967,#1968,#1969,
#1970,#1971,#1972),(#1973,#1974,#1975,#1976,#1977,#1978,#1979,#1980,#1981,
#1982,#1983,#1984,#1985,#1986,#1987,#1988,#1989,#1990,#1991,#1992,#1993,
#1994,#1995),(#1996,#1997,#1998,#1999,#2000,#2001,#2002,#2003,#2004,#2005,
#2006,#2007,#2008,#2009,#2010,#2011,#2012,#2013,#2014,#2015,#2016,#2017,
#2018),(#2019,#2020,#2021,#2022,#2023,#2024,#2025,#2026,#2027,#2028,#2029,
#2030,#2031,#2032,#2033,#2034,#2035,#2036,#2037,#2038,#2039,#2040,#2041),
(#2042,#2043,#2044,#2045,#2046,#2047,#2048,#2049,#2050,#2051,#2052,#2053,
#2054,#2055,#2056,#2057,#2058,#2059,#2060,#2061,#2062,#2063,#2064),(#2065,
#2066,#2067,#2068,#2069,#2070,#2071,#2072,#2073,#2074,#2075,#2076,#2077,
#2078,#2079,#2080,#2081,#2082,#2083,#2084,#2085,#2086,#2087),(#2088,#2089,
#2090,#2091,#2092,#2093,#2094,#2095,#2096,#2097,#2098,#2099,#2100,#2101,
#2102,#2103,#2104,#2105,#2106,#2107,#2108,#2109,#2110),(#2111,#2112,#2113,
#2114,#2115,#2116,#2117,#2118,#2119,#2120,#2121,#2122,#2123,#2124,#2125,
#2126,#2127,#2128,#2129,#2130,#2131,#2132,#2133),(#2134,#2135,#2136,#2137,
#2138,#2139,#2140,#2141,#2142,#2143,#2144,#2145,#2146,#2147,#2148,#2149,
#2150,#2151,#2152,#2153,#2154,#2155,#2156),(#2157,#2158,#2159,#2160,#2161,
#2162,#2163,#2164,#2165,#2166,#2167,#2168,#2169,#2170,#2171,#2172,#2173,
#2174,#2175,#2176,#2177,#2178,#2179),(#2180,#2181,#2182,#2183,#2184,#2185,
#2186,#2187,#2188,#2189,#2190,#2191,#2192,#2193,#2194,#2195,#2196,#2197,
#2198,#2199,#2200,#2201,#2202),(#2203,#2204,#2205,#2206,#2207,#2208,#2209,
#2210,#2211,#2212,#2213,#2214,#2215,#2216,#2217,#2218,#2219,#2220,#2221,
#2222,#2223,#2224,#2225)),.UNSPECIFIED.,.F.,.F.,.F.,(4,2,2,1,1,1,1,1,1,
1,4),(4,2,2,1,1,1,1,1,1,1,1,1,1,1,2,2,4),(0.,0.125,0.25,0.499999999999999,
0.999999999999998,2.,3.,4.,5.,6.,6.99999999999999),(-0.000595630200014244,
0.125,0.25,0.5,0.999999999999999,2.,3.,4.,5.,5.99999999999999,6.99999999999999,
7.99999999999999,8.99999999999999,9.49999999999999,9.74999999999999,9.87499999999999,
9.99999999999999),.UNSPECIFIED.);
#374=B_SPLINE_SURFACE_WITH_KNOTS('',3,3,((#2880,#2881,#2882,#2883,#2884,
#2885,#2886,#2887,#2888,#2889,#2890,#2891,#2892,#2893),(#2894,#2895,#2896,
#2897,#2898,#2899,#2900,#2901,#2902,#2903,#2904,#2905,#2906,#2907),(#2908,
#2909,#2910,#2911,#2912,#2913,#2914,#2915,#2916,#2917,#2918,#2919,#2920,
#2921),(#2922,#2923,#2924,#2925,#2926,#2927,#2928,#2929,#2930,#2931,#2932,
#2933,#2934,#2935),(#2936,#2937,#2938,#2939,#2940,#2941,#2942,#2943,#2944,
#2945,#2946,#2947,#2948,#2949),(#2950,#2951,#2952,#2953,#2954,#2955,#2956,
#2957,#2958,#2959,#2960,#2961,#2962,#2963),(#2964,#2965,#2966,#2967,#2968,
#2969,#2970,#2971,#2972,#2973,#2974,#2975,#2976,#2977),(#2978,#2979,#2980,
#2981,#2982,#2983,#2984,#2985,#2986,#2987,#2988,#2989,#2990,#2991),(#2992,
#2993,#2994,#2995,#2996,#2997,#2998,#2999,#3000,#3001,#3002,#3003,#3004,
#3005),(#3006,#3007,#3008,#3009,#3010,#3011,#3012,#3013,#3014,#3015,#3016,
#3017,#3018,#3019),(#3020,#3021,#3022,#3023,#3024,#3025,#3026,#3027,#3028,
#3029,#3030,#3031,#3032,#3033),(#3034,#3035,#3036,#3037,#3038,#3039,#3040,
#3041,#3042,#3043,#3044,#3045,#3046,#3047)),.UNSPECIFIED.,.F.,.F.,.F.,(4,
2,2,2,2,4),(4,2,2,1,1,2,2,4),(0.,0.124999999999999,0.249999999999998,0.499999999999997,
0.749999999999995,0.999999999999994),(0.,0.125,0.249999999999999,0.499999999999999,
0.749999999999998,0.874999999999998,0.937499999999998,0.999999999999998),
 .UNSPECIFIED.);
#375=B_SPLINE_SURFACE_WITH_KNOTS('',3,3,((#3076,#3077,#3078,#3079,#3080,
#3081,#3082,#3083,#3084,#3085,#3086,#3087,#3088,#3089,#3090,#3091,#3092,
#3093,#3094,#3095,#3096,#3097,#3098),(#3099,#3100,#3101,#3102,#3103,#3104,
#3105,#3106,#3107,#3108,#3109,#3110,#3111,#3112,#3113,#3114,#3115,#3116,
#3117,#3118,#3119,#3120,#3121),(#3122,#3123,#3124,#3125,#3126,#3127,#3128,
#3129,#3130,#3131,#3132,#3133,#3134,#3135,#3136,#3137,#3138,#3139,#3140,
#3141,#3142,#3143,#3144),(#3145,#3146,#3147,#3148,#3149,#3150,#3151,#3152,
#3153,#3154,#3155,#3156,#3157,#3158,#3159,#3160,#3161,#3162,#3163,#3164,
#3165,#3166,#3167),(#3168,#3169,#3170,#3171,#3172,#3173,#3174,#3175,#3176,
#3177,#3178,#3179,#3180,#3181,#3182,#3183,#3184,#3185,#3186,#3187,#3188,
#3189,#3190),(#3191,#3192,#3193,#3194,#3195,#3196,#3197,#3198,#3199,#3200,
#3201,#3202,#3203,#3204,#3205,#3206,#3207,#3208,#3209,#3210,#3211,#3212,
#3213),(#3214,#3215,#3216,#3217,#3218,#3219,#3220,#3221,#3222,#3223,#3224,
#3225,#3226,#3227,#3228,#3229,#3230,#3231,#3232,#3233,#3234,#3235,#3236),
(#3237,#3238,#3239,#3240,#3241,#3242,#3243,#3244,#3245,#3246,#3247,#3248,
#3249,#3250,#3251,#3252,#3253,#3254,#3255,#3256,#3257,#3258,#3259),(#3260,
#3261,#3262,#3263,#3264,#3265,#3266,#3267,#3268,#3269,#3270,#3271,#3272,
#3273,#3274,#3275,#3276,#3277,#3278,#3279,#3280,#3281,#3282),(#3283,#3284,
#3285,#3286,#3287,#3288,#3289,#3290,#3291,#3292,#3293,#3294,#3295,#3296,
#3297,#3298,#3299,#3300,#3301,#3302,#3303,#3304,#3305),(#3306,#3307,#3308,
#3309,#3310,#3311,#3312,#3313,#3314,#3315,#3316,#3317,#3318,#3319,#3320,
#3321,#3322,#3323,#3324,#3325,#3326,#3327,#3328),(#3329,#3330,#3331,#3332,
#3333,#3334,#3335,#3336,#3337,#3338,#3339,#3340,#3341,#3342,#3343,#3344,
#3345,#3346,#3347,#3348,#3349,#3350,#3351),(#3352,#3353,#3354,#3355,#3356,
#3357,#3358,#3359,#3360,#3361,#3362,#3363,#3364,#3365,#3366,#3367,#3368,
#3369,#3370,#3371,#3372,#3373,#3374)),.UNSPECIFIED.,.F.,.F.,.F.,(4,2,2,
1,2,2,4),(4,2,2,1,1,1,1,1,1,1,1,1,1,1,2,2,4),(0.,0.125,0.25,0.5,0.75,0.875000000000001,
1.),(0.,0.125,0.25,0.5,1.,2.,3.,4.,5.,6.,7.,8.,8.99999999999999,9.49999999999999,
9.74999999999999,9.87499999999999,9.99999999999999),.UNSPECIFIED.);
#376=B_SPLINE_SURFACE_WITH_KNOTS('',3,3,((#3399,#3400,#3401,#3402,#3403,
#3404,#3405,#3406,#3407,#3408,#3409,#3410,#3411,#3412,#3413,#3414,#3415,
#3416,#3417,#3418,#3419,#3420,#3421,#3422,#3423),(#3424,#3425,#3426,#3427,
#3428,#3429,#3430,#3431,#3432,#3433,#3434,#3435,#3436,#3437,#3438,#3439,
#3440,#3441,#3442,#3443,#3444,#3445,#3446,#3447,#3448),(#3449,#3450,#3451,
#3452,#3453,#3454,#3455,#3456,#3457,#3458,#3459,#3460,#3461,#3462,#3463,
#3464,#3465,#3466,#3467,#3468,#3469,#3470,#3471,#3472,#3473),(#3474,#3475,
#3476,#3477,#3478,#3479,#3480,#3481,#3482,#3483,#3484,#3485,#3486,#3487,
#3488,#3489,#3490,#3491,#3492,#3493,#3494,#3495,#3496,#3497,#3498),(#3499,
#3500,#3501,#3502,#3503,#3504,#3505,#3506,#3507,#3508,#3509,#3510,#3511,
#3512,#3513,#3514,#3515,#3516,#3517,#3518,#3519,#3520,#3521,#3522,#3523),
(#3524,#3525,#3526,#3527,#3528,#3529,#3530,#3531,#3532,#3533,#3534,#3535,
#3536,#3537,#3538,#3539,#3540,#3541,#3542,#3543,#3544,#3545,#3546,#3547,
#3548),(#3549,#3550,#3551,#3552,#3553,#3554,#3555,#3556,#3557,#3558,#3559,
#3560,#3561,#3562,#3563,#3564,#3565,#3566,#3567,#3568,#3569,#3570,#3571,
#3572,#3573),(#3574,#3575,#3576,#3577,#3578,#3579,#3580,#3581,#3582,#3583,
#3584,#3585,#3586,#3587,#3588,#3589,#3590,#3591,#3592,#3593,#3594,#3595,
#3596,#3597,#3598),(#3599,#3600,#3601,#3602,#3603,#3604,#3605,#3606,#3607,
#3608,#3609,#3610,#3611,#3612,#3613,#3614,#3615,#3616,#3617,#3618,#3619,
#3620,#3621,#3622,#3623),(#3624,#3625,#3626,#3627,#3628,#3629,#3630,#3631,
#3632,#3633,#3634,#3635,#3636,#3637,#3638,#3639,#3640,#3641,#3642,#3643,
#3644,#3645,#3646,#3647,#3648),(#3649,#3650,#3651,#3652,#3653,#3654,#3655,
#3656,#3657,#3658,#3659,#3660,#3661,#3662,#3663,#3664,#3665,#3666,#3667,
#3668,#3669,#3670,#3671,#3672,#3673),(#3674,#3675,#3676,#3677,#3678,#3679,
#3680,#3681,#3682,#3683,#3684,#3685,#3686,#3687,#3688,#3689,#3690,#3691,
#3692,#3693,#3694,#3695,#3696,#3697,#3698),(#3699,#3700,#3701,#3702,#3703,
#3704,#3705,#3706,#3707,#3708,#3709,#3710,#3711,#3712,#3713,#3714,#3715,
#3716,#3717,#3718,#3719,#3720,#3721,#3722,#3723),(#3724,#3725,#3726,#3727,
#3728,#3729,#3730,#3731,#3732,#3733,#3734,#3735,#3736,#3737,#3738,#3739,
#3740,#3741,#3742,#3743,#3744,#3745,#3746,#3747,#3748)),.UNSPECIFIED.,.F.,
 .F.,.F.,(4,2,2,1,1,2,2,4),(4,2,2,2,1,1,1,1,1,1,1,1,1,2,2,2,4),(0.,0.124999999999999,
0.249999999999999,0.499999999999998,0.749999999999998,0.874999999999998,
0.937499999999998,0.999999999999998),(0.,0.125,0.249999999999999,0.499999999999999,
0.999999999999999,2.,3.,4.,5.,6.,7.,8.,8.99999999999999,9.49999999999999,
9.74999999999999,9.87499999999999,9.99999999999999),.UNSPECIFIED.);
#377=B_SPLINE_SURFACE_WITH_KNOTS('',3,3,((#3773,#3774,#3775,#3776,#3777,
#3778,#3779,#3780,#3781,#3782,#3783,#3784,#3785,#3786),(#3787,#3788,#3789,
#3790,#3791,#3792,#3793,#3794,#3795,#3796,#3797,#3798,#3799,#3800),(#3801,
#3802,#3803,#3804,#3805,#3806,#3807,#3808,#3809,#3810,#3811,#3812,#3813,
#3814),(#3815,#3816,#3817,#3818,#3819,#3820,#3821,#3822,#3823,#3824,#3825,
#3826,#3827,#3828),(#3829,#3830,#3831,#3832,#3833,#3834,#3835,#3836,#3837,
#3838,#3839,#3840,#3841,#3842),(#3843,#3844,#3845,#3846,#3847,#3848,#3849,
#3850,#3851,#3852,#3853,#3854,#3855,#3856),(#3857,#3858,#3859,#3860,#3861,
#3862,#3863,#3864,#3865,#3866,#3867,#3868,#3869,#3870),(#3871,#3872,#3873,
#3874,#3875,#3876,#3877,#3878,#3879,#3880,#3881,#3882,#3883,#3884),(#3885,
#3886,#3887,#3888,#3889,#3890,#3891,#3892,#3893,#3894,#3895,#3896,#3897,
#3898),(#3899,#3900,#3901,#3902,#3903,#3904,#3905,#3906,#3907,#3908,#3909,
#3910,#3911,#3912),(#3913,#3914,#3915,#3916,#3917,#3918,#3919,#3920,#3921,
#3922,#3923,#3924,#3925,#3926),(#3927,#3928,#3929,#3930,#3931,#3932,#3933,
#3934,#3935,#3936,#3937,#3938,#3939,#3940),(#3941,#3942,#3943,#3944,#3945,
#3946,#3947,#3948,#3949,#3950,#3951,#3952,#3953,#3954),(#3955,#3956,#3957,
#3958,#3959,#3960,#3961,#3962,#3963,#3964,#3965,#3966,#3967,#3968)),
 .UNSPECIFIED.,.F.,.F.,.F.,(4,2,2,1,1,2,2,4),(4,2,2,2,2,2,4),(0.,0.0624999999999999,
0.125,0.25,0.499999999999999,0.749999999999998,0.874999999999998,0.999999999999998),
(0.,0.125,0.25,0.5,0.750000000000001,0.875000000000001,1.),
 .UNSPECIFIED.);
#378=B_SPLINE_SURFACE_WITH_KNOTS('',3,3,((#3976,#3977,#3978,#3979,#3980,
#3981,#3982,#3983,#3984,#3985,#3986,#3987,#3988,#3989,#3990,#3991,#3992,
#3993,#3994,#3995,#3996),(#3997,#3998,#3999,#4000,#4001,#4002,#4003,#4004,
#4005,#4006,#4007,#4008,#4009,#4010,#4011,#4012,#4013,#4014,#4015,#4016,
#4017),(#4018,#4019,#4020,#4021,#4022,#4023,#4024,#4025,#4026,#4027,#4028,
#4029,#4030,#4031,#4032,#4033,#4034,#4035,#4036,#4037,#4038),(#4039,#4040,
#4041,#4042,#4043,#4044,#4045,#4046,#4047,#4048,#4049,#4050,#4051,#4052,
#4053,#4054,#4055,#4056,#4057,#4058,#4059),(#4060,#4061,#4062,#4063,#4064,
#4065,#4066,#4067,#4068,#4069,#4070,#4071,#4072,#4073,#4074,#4075,#4076,
#4077,#4078,#4079,#4080),(#4081,#4082,#4083,#4084,#4085,#4086,#4087,#4088,
#4089,#4090,#4091,#4092,#4093,#4094,#4095,#4096,#4097,#4098,#4099,#4100,
#4101),(#4102,#4103,#4104,#4105,#4106,#4107,#4108,#4109,#4110,#4111,#4112,
#4113,#4114,#4115,#4116,#4117,#4118,#4119,#4120,#4121,#4122),(#4123,#4124,
#4125,#4126,#4127,#4128,#4129,#4130,#4131,#4132,#4133,#4134,#4135,#4136,
#4137,#4138,#4139,#4140,#4141,#4142,#4143),(#4144,#4145,#4146,#4147,#4148,
#4149,#4150,#4151,#4152,#4153,#4154,#4155,#4156,#4157,#4158,#4159,#4160,
#4161,#4162,#4163,#4164),(#4165,#4166,#4167,#4168,#4169,#4170,#4171,#4172,
#4173,#4174,#4175,#4176,#4177,#4178,#4179,#4180,#4181,#4182,#4183,#4184,
#4185)),.UNSPECIFIED.,.F.,.F.,.F.,(4,2,2,1,1,4),(4,2,2,1,1,1,1,1,1,1,1,
1,2,2,4),(0.,0.125,0.249999999999999,0.499999999999999,0.749999999999998,
0.999999999999997),(0.,0.25,0.5,0.999999999999999,2.,3.,4.,5.,6.,7.,8.,
8.99999999999999,9.5,9.75,9.99999999999999),.UNSPECIFIED.);
#379=B_SPLINE_SURFACE_WITH_KNOTS('',3,3,((#4197,#4198,#4199,#4200,#4201,
#4202,#4203,#4204,#4205,#4206,#4207,#4208,#4209,#4210,#4211,#4212,#4213,
#4214,#4215,#4216,#4217),(#4218,#4219,#4220,#4221,#4222,#4223,#4224,#4225,
#4226,#4227,#4228,#4229,#4230,#4231,#4232,#4233,#4234,#4235,#4236,#4237,
#4238),(#4239,#4240,#4241,#4242,#4243,#4244,#4245,#4246,#4247,#4248,#4249,
#4250,#4251,#4252,#4253,#4254,#4255,#4256,#4257,#4258,#4259),(#4260,#4261,
#4262,#4263,#4264,#4265,#4266,#4267,#4268,#4269,#4270,#4271,#4272,#4273,
#4274,#4275,#4276,#4277,#4278,#4279,#4280),(#4281,#4282,#4283,#4284,#4285,
#4286,#4287,#4288,#4289,#4290,#4291,#4292,#4293,#4294,#4295,#4296,#4297,
#4298,#4299,#4300,#4301),(#4302,#4303,#4304,#4305,#4306,#4307,#4308,#4309,
#4310,#4311,#4312,#4313,#4314,#4315,#4316,#4317,#4318,#4319,#4320,#4321,
#4322),(#4323,#4324,#4325,#4326,#4327,#4328,#4329,#4330,#4331,#4332,#4333,
#4334,#4335,#4336,#4337,#4338,#4339,#4340,#4341,#4342,#4343),(#4344,#4345,
#4346,#4347,#4348,#4349,#4350,#4351,#4352,#4353,#4354,#4355,#4356,#4357,
#4358,#4359,#4360,#4361,#4362,#4363,#4364),(#4365,#4366,#4367,#4368,#4369,
#4370,#4371,#4372,#4373,#4374,#4375,#4376,#4377,#4378,#4379,#4380,#4381,
#4382,#4383,#4384,#4385),(#4386,#4387,#4388,#4389,#4390,#4391,#4392,#4393,
#4394,#4395,#4396,#4397,#4398,#4399,#4400,#4401,#4402,#4403,#4404,#4405,
#4406),(#4407,#4408,#4409,#4410,#4411,#4412,#4413,#4414,#4415,#4416,#4417,
#4418,#4419,#4420,#4421,#4422,#4423,#4424,#4425,#4426,#4427),(#4428,#4429,
#4430,#4431,#4432,#4433,#4434,#4435,#4436,#4437,#4438,#4439,#4440,#4441,
#4442,#4443,#4444,#4445,#4446,#4447,#4448),(#4449,#4450,#4451,#4452,#4453,
#4454,#4455,#4456,#4457,#4458,#4459,#4460,#4461,#4462,#4463,#4464,#4465,
#4466,#4467,#4468,#4469)),.UNSPECIFIED.,.F.,.F.,.F.,(4,2,2,1,2,2,4),(4,
2,2,1,1,1,1,1,1,1,1,1,2,2,4),(0.,0.249999999999998,0.499999999999997,0.999999999999994,
1.49999999999999,1.74999999999999,1.99999999999999),(0.,0.249999999999999,
0.5,0.999999999999999,2.,3.,4.,5.,6.,7.,8.,8.99999999999999,9.49999999999999,
9.74999999999999,9.99999999999999),.UNSPECIFIED.);
#380=ADVANCED_FACE('',(#42),#369,.T.);
#381=ADVANCED_FACE('',(#43),#370,.T.);
#382=ADVANCED_FACE('',(#44),#371,.T.);
#383=ADVANCED_FACE('',(#45),#372,.T.);
#384=ADVANCED_FACE('',(#46),#373,.T.);
#385=ADVANCED_FACE('',(#47),#37,.T.);
#386=ADVANCED_FACE('',(#48,#15,#16,#17),#21,.F.);
#387=ADVANCED_FACE('',(#49),#22,.T.);
#388=ADVANCED_FACE('',(#50),#38,.T.);
#389=ADVANCED_FACE('',(#51),#23,.T.);
#390=ADVANCED_FACE('',(#52),#39,.F.);
#391=ADVANCED_FACE('',(#53),#40,.F.);
#392=ADVANCED_FACE('',(#54),#41,.F.);
#393=ADVANCED_FACE('',(#55),#24,.T.);
#394=ADVANCED_FACE('',(#56),#25,.T.);
#395=ADVANCED_FACE('',(#57,#18,#19,#20),#26,.T.);
#396=ADVANCED_FACE('',(#58),#374,.T.);
#397=ADVANCED_FACE('',(#59),#375,.T.);
#398=ADVANCED_FACE('',(#60),#376,.T.);
#399=ADVANCED_FACE('',(#61),#377,.T.);
#400=ADVANCED_FACE('',(#62),#378,.T.);
#401=ADVANCED_FACE('',(#63),#379,.T.);
#402=CLOSED_SHELL('',(#380,#381,#382,#383,#384,#385,#386,#387,#388,#389,
#390,#391,#392,#393,#394,#395,#396,#397,#398,#399,#400,#401));
#403=DERIVED_UNIT_ELEMENT(#405,1.);
#404=DERIVED_UNIT_ELEMENT(#4475,-3.);
#405=(
MASS_UNIT()
NAMED_UNIT(*)
SI_UNIT(.KILO.,.GRAM.)
);
#406=DERIVED_UNIT((#403,#404));
#407=MEASURE_REPRESENTATION_ITEM('density measure',
POSITIVE_RATIO_MEASURE(7850.),#406);
#408=PROPERTY_DEFINITION_REPRESENTATION(#413,#410);
#409=PROPERTY_DEFINITION_REPRESENTATION(#414,#411);
#410=REPRESENTATION('material name',(#412),#4472);
#411=REPRESENTATION('density',(#407),#4472);
#412=DESCRIPTIVE_REPRESENTATION_ITEM('\X2\92FC\X0\','\X2\92FC\X0\');
#413=PROPERTY_DEFINITION('material property','material name',#4482);
#414=PROPERTY_DEFINITION('material property','density of part',#4482);
#415=AXIS2_PLACEMENT_3D('',#503,#437,#438);
#416=AXIS2_PLACEMENT_3D('',#2567,#443,#444);
#417=AXIS2_PLACEMENT_3D('',#2570,#445,#446);
#418=AXIS2_PLACEMENT_3D('',#2574,#448,#449);
#419=AXIS2_PLACEMENT_3D('',#2576,#451,#452);
#420=AXIS2_PLACEMENT_3D('',#2583,#456,#457);
#421=AXIS2_PLACEMENT_3D('',#2588,#460,#461);
#422=AXIS2_PLACEMENT_3D('',#2590,#462,#463);
#423=AXIS2_PLACEMENT_3D('',#2592,#464,#465);
#424=AXIS2_PLACEMENT_3D('',#2593,#466,#467);
#425=AXIS2_PLACEMENT_3D('',#2597,#470,#471);
#426=AXIS2_PLACEMENT_3D('',#2599,#472,#473);
#427=AXIS2_PLACEMENT_3D('',#2601,#475,#476);
#428=AXIS2_PLACEMENT_3D('',#2863,#480,#481);
#429=AXIS2_PLACEMENT_3D('',#2866,#483,#484);
#430=AXIS2_PLACEMENT_3D('',#2867,#485,#486);
#431=AXIS2_PLACEMENT_3D('',#2870,#488,#489);
#432=AXIS2_PLACEMENT_3D('',#2871,#490,#491);
#433=AXIS2_PLACEMENT_3D('',#2874,#493,#494);
#434=AXIS2_PLACEMENT_3D('',#2875,#495,#496);
#435=AXIS2_PLACEMENT_3D('',#2877,#498,#499);
#436=AXIS2_PLACEMENT_3D('',#2879,#501,#502);
#437=DIRECTION('axis',(0.,0.,1.));
#438=DIRECTION('refdir',(1.,0.,0.));
#439=DIRECTION('',(-0.0875919146502828,0.713378897201543,0.695282824119371));
#440=DIRECTION('',(-0.638543149078476,0.0898525274066918,-0.764322687144358));
#441=DIRECTION('',(0.638271211446419,-0.0911096654610106,0.764401000456111));
#442=DIRECTION('',(-0.0736181617475585,0.599571812662835,-0.796927856032849));
#443=DIRECTION('center_axis',(0.,0.,1.));
#444=DIRECTION('ref_axis',(0.615661475325658,0.788010753606722,0.));
#445=DIRECTION('center_axis',(0.,0.,-1.));
#446=DIRECTION('ref_axis',(0.615661475325658,0.788010753606722,0.));
#447=DIRECTION('',(0.,0.,-1.));
#448=DIRECTION('center_axis',(0.,0.,1.));
#449=DIRECTION('ref_axis',(0.615661475325658,0.788010753606722,0.));
#450=DIRECTION('',(0.,0.,1.));
#451=DIRECTION('center_axis',(0.,0.,1.));
#452=DIRECTION('ref_axis',(1.,0.,0.));
#453=DIRECTION('',(0.121869343405147,-0.992546151641322,0.));
#454=DIRECTION('',(0.992546151641322,0.121869343405148,0.));
#455=DIRECTION('',(0.121869343405147,-0.992546151641322,0.));
#456=DIRECTION('center_axis',(0.,0.,1.));
#457=DIRECTION('ref_axis',(0.788010753606722,-0.615661475325658,0.));
#458=DIRECTION('',(0.992546151641322,0.121869343405147,0.));
#459=DIRECTION('',(0.121869343405147,-0.992546151641322,0.));
#460=DIRECTION('center_axis',(0.,0.,1.));
#461=DIRECTION('ref_axis',(1.,0.,0.));
#462=DIRECTION('center_axis',(0.,0.,1.));
#463=DIRECTION('ref_axis',(1.,0.,0.));
#464=DIRECTION('center_axis',(0.,0.,1.));
#465=DIRECTION('ref_axis',(1.,0.,0.));
#466=DIRECTION('center_axis',(0.992546151641322,0.121869343405147,0.));
#467=DIRECTION('ref_axis',(-0.121869343405147,0.992546151641322,0.));
#468=DIRECTION('',(-0.121869343405147,0.992546151641322,0.));
#469=DIRECTION('',(0.,0.,1.));
#470=DIRECTION('center_axis',(0.,0.,1.));
#471=DIRECTION('ref_axis',(0.788010753606722,-0.615661475325658,0.));
#472=DIRECTION('center_axis',(0.,0.,-1.));
#473=DIRECTION('ref_axis',(0.788010753606722,-0.615661475325658,0.));
#474=DIRECTION('',(0.,0.,-1.));
#475=DIRECTION('center_axis',(-0.992546151641322,-0.121869343405147,0.));
#476=DIRECTION('ref_axis',(0.,0.,1.));
#477=DIRECTION('',(0.121869343405147,-0.992546151641322,0.));
#478=DIRECTION('',(0.,0.,1.));
#479=DIRECTION('',(0.,0.,1.));
#480=DIRECTION('center_axis',(0.,0.,1.));
#481=DIRECTION('ref_axis',(1.,0.,0.));
#482=DIRECTION('',(0.,0.,1.));
#483=DIRECTION('center_axis',(0.,0.,-1.));
#484=DIRECTION('ref_axis',(1.,0.,0.));
#485=DIRECTION('center_axis',(0.,0.,1.));
#486=DIRECTION('ref_axis',(1.,0.,0.));
#487=DIRECTION('',(0.,0.,1.));
#488=DIRECTION('center_axis',(0.,0.,-1.));
#489=DIRECTION('ref_axis',(1.,0.,0.));
#490=DIRECTION('center_axis',(0.,0.,1.));
#491=DIRECTION('ref_axis',(1.,0.,0.));
#492=DIRECTION('',(0.,0.,1.));
#493=DIRECTION('center_axis',(0.,0.,-1.));
#494=DIRECTION('ref_axis',(1.,0.,0.));
#495=DIRECTION('center_axis',(0.121869343405147,-0.992546151641322,0.));
#496=DIRECTION('ref_axis',(0.992546151641322,0.121869343405147,0.));
#497=DIRECTION('',(0.992546151641322,0.121869343405147,0.));
#498=DIRECTION('center_axis',(-0.121869343405148,0.992546151641322,0.));
#499=DIRECTION('ref_axis',(-0.992546151641322,-0.121869343405148,0.));
#500=DIRECTION('',(-0.992546151641322,-0.121869343405148,0.));
#501=DIRECTION('center_axis',(0.,0.,1.));
#502=DIRECTION('ref_axis',(1.,0.,0.));
#503=CARTESIAN_POINT('',(0.,0.,0.));
#504=CARTESIAN_POINT('Ctrl Pts',(-0.376927593364128,11.033168519898,-58.2999116599533));
#505=CARTESIAN_POINT('Ctrl Pts',(0.168431038389524,11.1004419265578,-58.2999116005369));
#506=CARTESIAN_POINT('Ctrl Pts',(0.84047609599679,11.1166277491251,-58.2999240685972));
#507=CARTESIAN_POINT('Ctrl Pts',(1.33947007915986,11.0653380963477,-58.2999672776928));
#508=CARTESIAN_POINT('Ctrl Pts',(1.49348262290207,11.0429217882051,-58.2999822677466));
#509=CARTESIAN_POINT('Ctrl Pts',(1.73603396493854,11.0066047013739,-58.3000061087892));
#510=CARTESIAN_POINT('Ctrl Pts',(2.08592671606623,10.926524278205,-58.3000393891961));
#511=CARTESIAN_POINT('Ctrl Pts',(2.62604320494593,10.7584782177047,-58.3000699235108));
#512=CARTESIAN_POINT('Ctrl Pts',(3.04239677026169,10.6045734552137,-58.3000772794376));
#513=CARTESIAN_POINT('Ctrl Pts',(3.25370455562218,10.5256585941717,-58.3000781890292));
#514=CARTESIAN_POINT('Ctrl Pts',(3.53523972281603,10.4207032904871,-58.3000799622683));
#515=CARTESIAN_POINT('Ctrl Pts',(4.38114781760214,10.0943854977892,-58.300061332497));
#516=CARTESIAN_POINT('Ctrl Pts',(4.87226205533498,9.85753474364845,-58.2999748547499));
#517=CARTESIAN_POINT('Ctrl Pts',(5.21556679138487,9.65016451358862,-58.2997422525213));
#518=CARTESIAN_POINT('Ctrl Pts',(5.54130675712644,9.44982342701129,-58.2995109084688));
#519=CARTESIAN_POINT('Ctrl Pts',(5.9773019409911,9.10680991099518,-58.2989020262169));
#520=CARTESIAN_POINT('Ctrl Pts',(6.39967572896966,8.58721117566001,-58.2985038660932));
#521=CARTESIAN_POINT('Ctrl Pts',(6.54555840291779,8.38143392052657,-58.2984350291006));
#522=CARTESIAN_POINT('Ctrl Pts',(6.76350569103112,8.07303080732445,-58.298333485939));
#523=CARTESIAN_POINT('Ctrl Pts',(7.07468947901992,7.54213244310618,-58.2983013657881));
#524=CARTESIAN_POINT('Ctrl Pts',(7.25863459910838,6.98502880446762,-58.2979642822733));
#525=CARTESIAN_POINT('Ctrl Pts',(7.30728906816806,6.78755653265496,-58.2977941411562));
#526=CARTESIAN_POINT('Ctrl Pts',(7.41234431448092,6.35688106024828,-58.297420291603));
#527=CARTESIAN_POINT('Ctrl Pts',(7.45520776416766,5.68599260014659,-58.296584710336));
#528=CARTESIAN_POINT('Ctrl Pts',(7.39518844262764,5.04887858461438,-58.2959606926653));
#529=CARTESIAN_POINT('Ctrl Pts',(7.36713201065065,4.84284576731963,-58.2957902463465));
#530=CARTESIAN_POINT('Ctrl Pts',(-0.38958027294188,11.1357335612273,-58.1999410986769));
#531=CARTESIAN_POINT('Ctrl Pts',(0.161334287741721,11.2037170757307,-58.1999418207719));
#532=CARTESIAN_POINT('Ctrl Pts',(0.842641027344848,11.2202077817063,-58.1999496158022));
#533=CARTESIAN_POINT('Ctrl Pts',(1.35144765988118,11.1674397662559,-58.1999785831149));
#534=CARTESIAN_POINT('Ctrl Pts',(1.50879682967108,11.1443270076904,-58.1999886297916));
#535=CARTESIAN_POINT('Ctrl Pts',(1.75674639376732,11.1068067930444,-58.2000042139654));
#536=CARTESIAN_POINT('Ctrl Pts',(2.11321769431408,11.0246073036067,-58.2000267468264));
#537=CARTESIAN_POINT('Ctrl Pts',(2.65983713792417,10.853594661855,-58.200047093988));
#538=CARTESIAN_POINT('Ctrl Pts',(3.07766074727671,10.6985526947902,-58.2000520457333));
#539=CARTESIAN_POINT('Ctrl Pts',(3.28901603895524,10.6193984216761,-58.2000527777411));
#540=CARTESIAN_POINT('Ctrl Pts',(3.57055464991995,10.5142161700417,-58.2000525148375));
#541=CARTESIAN_POINT('Ctrl Pts',(4.42016752840281,10.184913587519,-58.200041659418));
#542=CARTESIAN_POINT('Ctrl Pts',(4.91687948704146,9.94392872016497,-58.1999849940885));
#543=CARTESIAN_POINT('Ctrl Pts',(5.26632240177963,9.73083511500131,-58.199828002456));
#544=CARTESIAN_POINT('Ctrl Pts',(5.59811091240351,9.52480391191073,-58.1996693633644));
#545=CARTESIAN_POINT('Ctrl Pts',(6.04256937828178,9.17123475602084,-58.1992673784526));
#546=CARTESIAN_POINT('Ctrl Pts',(6.47117557893795,8.64166487903525,-58.1990016317487));
#547=CARTESIAN_POINT('Ctrl Pts',(6.61884416780717,8.43296618495168,-58.1989553035611));
#548=CARTESIAN_POINT('Ctrl Pts',(6.8393173363675,8.12038405328008,-58.1988891720062));
#549=CARTESIAN_POINT('Ctrl Pts',(7.15593927055339,7.58054663128616,-58.1988671631109));
#550=CARTESIAN_POINT('Ctrl Pts',(7.34331788720711,7.01007056380805,-58.1986423872032));
#551=CARTESIAN_POINT('Ctrl Pts',(7.39263179745936,6.80781729260799,-58.1985292162158));
#552=CARTESIAN_POINT('Ctrl Pts',(7.49902073772071,6.36653249533651,-58.1982809134344));
#553=CARTESIAN_POINT('Ctrl Pts',(7.54023138819548,5.68399913388163,-58.1977228227397));
#554=CARTESIAN_POINT('Ctrl Pts',(7.47821043511184,5.03950369457852,-58.197307218589));
#555=CARTESIAN_POINT('Ctrl Pts',(7.44949578285809,4.83122702330002,-58.1971934964462));
#556=CARTESIAN_POINT('Ctrl Pts',(-0.402233801356928,11.2382992530091,-58.0999705612642));
#557=CARTESIAN_POINT('Ctrl Pts',(0.154317928188077,11.3069305826121,-58.0999697809203));
#558=CARTESIAN_POINT('Ctrl Pts',(0.844831588464686,11.3237850947304,-58.0999744531581));
#559=CARTESIAN_POINT('Ctrl Pts',(1.36346591021486,11.2695287892172,-58.0999886951882));
#560=CARTESIAN_POINT('Ctrl Pts',(1.52416636571013,11.2457138377582,-58.0999936386469));
#561=CARTESIAN_POINT('Ctrl Pts',(1.77704206692729,11.2072272802164,-58.1000018950408));
#562=CARTESIAN_POINT('Ctrl Pts',(2.14054428491163,11.122701163958,-58.1000126431169));
#563=CARTESIAN_POINT('Ctrl Pts',(2.69352930459348,10.9487665351697,-58.1000228302563));
#564=CARTESIAN_POINT('Ctrl Pts',(3.11276804916274,10.7926524773943,-58.1000252345109));
#565=CARTESIAN_POINT('Ctrl Pts',(3.3242552851132,10.7132059371504,-58.1000254122872));
#566=CARTESIAN_POINT('Ctrl Pts',(3.6062118847546,10.607422287715,-58.1000274462148));
#567=CARTESIAN_POINT('Ctrl Pts',(4.45901158053997,10.2755665065022,-58.100019674261));
#568=CARTESIAN_POINT('Ctrl Pts',(4.96136234471009,10.0305205132381,-58.0999898633556));
#569=CARTESIAN_POINT('Ctrl Pts',(5.31720921322163,9.81132977765377,-58.099914249811));
#570=CARTESIAN_POINT('Ctrl Pts',(5.65494943332358,9.59949095401166,-58.0998415380908));
#571=CARTESIAN_POINT('Ctrl Pts',(6.10777909446666,9.23569763692164,-58.0996346467849));
#572=CARTESIAN_POINT('Ctrl Pts',(6.54268632000425,8.69591129624259,-58.0995022328952));
#573=CARTESIAN_POINT('Ctrl Pts',(6.69202592610368,8.48447130907327,-58.0994797234205));
#574=CARTESIAN_POINT('Ctrl Pts',(6.91530203362351,8.16736885968116,-58.099444314211));
#575=CARTESIAN_POINT('Ctrl Pts',(7.23712682408837,7.61888767905974,-58.0994342020428));
#576=CARTESIAN_POINT('Ctrl Pts',(7.42794109060547,7.03490222088729,-58.0993218943534));
#577=CARTESIAN_POINT('Ctrl Pts',(7.47794519986986,6.82786989721377,-58.0992649246169));
#578=CARTESIAN_POINT('Ctrl Pts',(7.58593574307994,6.37654045161053,-58.0991393792711));
#579=CARTESIAN_POINT('Ctrl Pts',(7.62520895068174,5.6819133118205,-58.0988618871097));
#580=CARTESIAN_POINT('Ctrl Pts',(7.56120811240335,5.03007872674343,-58.0986534742145));
#581=CARTESIAN_POINT('Ctrl Pts',(7.53185985894115,4.81960890507825,-58.0985967498987));
#582=CARTESIAN_POINT('Ctrl Pts',(-0.414886481368614,11.3408642946709,-58.));
#583=CARTESIAN_POINT('Ctrl Pts',(0.147221218637031,11.4102057002727,-58.));
#584=CARTESIAN_POINT('Ctrl Pts',(0.846996532914949,11.4273651259213,-58.0000000000001));
#585=CARTESIAN_POINT('Ctrl Pts',(1.37544351172691,11.37163045266,-58.0000000000002));
#586=CARTESIAN_POINT('Ctrl Pts',(1.53948060076403,11.3471190478426,-58.0000000000002));
#587=CARTESIAN_POINT('Ctrl Pts',(1.79775428270627,11.3074294835329,-58.0000000000002));
#588=CARTESIAN_POINT('Ctrl Pts',(2.16783528136489,11.2207841948988,-58.0000000000002));
#589=CARTESIAN_POINT('Ctrl Pts',(2.72732318554774,11.0438830076559,-58.0000000000001));
#590=CARTESIAN_POINT('Ctrl Pts',(3.14803194608381,10.8866317785937,-58.0000000000001));
#591=CARTESIAN_POINT('Ctrl Pts',(3.35956673151787,10.8069457992577,-58.0000000000001));
#592=CARTESIAN_POINT('Ctrl Pts',(3.64152698684977,10.7009350104497,-58.0000000000001));
#593=CARTESIAN_POINT('Ctrl Pts',(4.49803120154212,10.366094660046,-58.0000000000001));
#594=CARTESIAN_POINT('Ctrl Pts',(5.00597970762093,10.1169145908805,-58.0000000000001));
#595=CARTESIAN_POINT('Ctrl Pts',(5.36796489068771,9.89200028912475,-58.0000000000001));
#596=CARTESIAN_POINT('Ctrl Pts',(5.71175360616872,9.67447128890011,-58.0000000000001));
#597=CARTESIAN_POINT('Ctrl Pts',(6.17304650224971,9.30012250139163,-58.0000000000001));
#598=CARTESIAN_POINT('Ctrl Pts',(6.61418617554018,8.750364893651,-58.0000000000001));
#599=CARTESIAN_POINT('Ctrl Pts',(6.76531163782382,8.53600355962397,-58.0000000000001));
#600=CARTESIAN_POINT('Ctrl Pts',(6.99111376742582,8.21472191728668,-58.0000000000002));
#601=CARTESIAN_POINT('Ctrl Pts',(7.31837658380514,7.65730182984959,-58.0000000000002));
#602=CARTESIAN_POINT('Ctrl Pts',(7.51262434798828,7.05994387282127,-58.0000000000003));
#603=CARTESIAN_POINT('Ctrl Pts',(7.56328791416895,6.84813055075564,-58.0000000000002));
#604=CARTESIAN_POINT('Ctrl Pts',(7.67261228828536,6.38619206895607,-58.0000000000002));
#605=CARTESIAN_POINT('Ctrl Pts',(7.71023255116244,5.67991979834231,-58.0000000000001));
#606=CARTESIAN_POINT('Ctrl Pts',(7.64423009245737,5.02070381110728,-58.));
#607=CARTESIAN_POINT('Ctrl Pts',(7.61422363130394,4.80799016137855,-58.));
#608=CARTESIAN_POINT('',(-0.371213571821011,11.0339516102191,-58.2998349810696));
#609=CARTESIAN_POINT('',(-0.408986862286343,11.3415903734933,-58.));
#610=CARTESIAN_POINT('',(-0.37121357182101,11.0339516102191,-58.2998349810696));
#611=CARTESIAN_POINT('',(7.61459467958635,4.81062376436178,-58.));
#612=CARTESIAN_POINT('Ctrl Pts',(-0.408986862286342,11.3415903734933,-58.));
#613=CARTESIAN_POINT('Ctrl Pts',(0.150490260171144,11.4102854865451,-58.));
#614=CARTESIAN_POINT('Ctrl Pts',(0.848231221630431,11.4272349047735,-58.0000000000001));
#615=CARTESIAN_POINT('Ctrl Pts',(1.37544351172691,11.37163045266,-58.0000000000002));
#616=CARTESIAN_POINT('Ctrl Pts',(1.53948060076403,11.3471190478426,-58.0000000000002));
#617=CARTESIAN_POINT('Ctrl Pts',(1.79775428270627,11.3074294835329,-58.0000000000002));
#618=CARTESIAN_POINT('Ctrl Pts',(2.16783528136489,11.2207841948988,-58.0000000000002));
#619=CARTESIAN_POINT('Ctrl Pts',(2.72732318554774,11.0438830076559,-58.0000000000001));
#620=CARTESIAN_POINT('Ctrl Pts',(3.14803194608381,10.8866317785937,-58.0000000000001));
#621=CARTESIAN_POINT('Ctrl Pts',(3.35956673151787,10.8069457992577,-58.0000000000001));
#622=CARTESIAN_POINT('Ctrl Pts',(3.64152698684977,10.7009350104497,-58.0000000000001));
#623=CARTESIAN_POINT('Ctrl Pts',(4.49803120154212,10.366094660046,-58.0000000000001));
#624=CARTESIAN_POINT('Ctrl Pts',(5.00597970762093,10.1169145908805,-58.0000000000001));
#625=CARTESIAN_POINT('Ctrl Pts',(5.36796489068771,9.89200028912475,-58.0000000000001));
#626=CARTESIAN_POINT('Ctrl Pts',(5.71175360616872,9.67447128890011,-58.0000000000001));
#627=CARTESIAN_POINT('Ctrl Pts',(6.17304650224971,9.30012250139163,-58.0000000000001));
#628=CARTESIAN_POINT('Ctrl Pts',(6.61418617554018,8.750364893651,-58.0000000000001));
#629=CARTESIAN_POINT('Ctrl Pts',(6.76531163782382,8.53600355962397,-58.0000000000001));
#630=CARTESIAN_POINT('Ctrl Pts',(6.99111376742582,8.21472191728668,-58.0000000000002));
#631=CARTESIAN_POINT('Ctrl Pts',(7.31837658380514,7.65730182984959,-58.0000000000002));
#632=CARTESIAN_POINT('Ctrl Pts',(7.51262434798828,7.05994387282127,-58.0000000000003));
#633=CARTESIAN_POINT('Ctrl Pts',(7.56328791416895,6.84813055075564,-58.0000000000002));
#634=CARTESIAN_POINT('Ctrl Pts',(7.67261228828536,6.38619206895607,-58.0000000000002));
#635=CARTESIAN_POINT('Ctrl Pts',(7.71018107938115,5.68088611513708,-58.0000000000001));
#636=CARTESIAN_POINT('Ctrl Pts',(7.64441196433707,5.02252234363622,-58.));
#637=CARTESIAN_POINT('Ctrl Pts',(7.61459467958635,4.81062376436178,-58.));
#638=CARTESIAN_POINT('',(7.36754209691381,4.84538774074695,-58.2957167328891));
#639=CARTESIAN_POINT('',(7.61459467958635,4.81062376436178,-58.));
#640=CARTESIAN_POINT('Ctrl Pts',(7.36754209691379,4.84538774074696,-58.2957167328891));
#641=CARTESIAN_POINT('Ctrl Pts',(7.37868469413562,4.92742854779689,-58.2957846918616));
#642=CARTESIAN_POINT('Ctrl Pts',(7.38861675562681,5.01098574874758,-58.2958553687825));
#643=CARTESIAN_POINT('Ctrl Pts',(7.39705808084348,5.09551644790388,-58.2959262003824));
#644=CARTESIAN_POINT('Ctrl Pts',(7.40436276759048,5.16866494793126,-58.2959874943897));
#645=CARTESIAN_POINT('Ctrl Pts',(7.41055138841094,5.24254192695242,-58.2960499765106));
#646=CARTESIAN_POINT('Ctrl Pts',(7.41546345153281,5.31677564957273,-58.2961095652108));
#647=CARTESIAN_POINT('Ctrl Pts',(7.41622778819817,5.32832671367697,-58.2961188374508));
#648=CARTESIAN_POINT('Ctrl Pts',(7.41696128011741,5.33988644156958,-58.2961281158148));
#649=CARTESIAN_POINT('Ctrl Pts',(7.41766339452302,5.35145346241468,-58.2961374726383));
#650=CARTESIAN_POINT('Ctrl Pts',(7.42021453439861,5.39348235098903,-58.2961714707521));
#651=CARTESIAN_POINT('Ctrl Pts',(7.42235444821709,5.43565916311685,-58.2962055060188));
#652=CARTESIAN_POINT('Ctrl Pts',(7.4240563607485,5.47795626230538,-58.2962397916559));
#653=CARTESIAN_POINT('Ctrl Pts',(7.42901521047703,5.60119700174324,-58.2963396894585));
#654=CARTESIAN_POINT('Ctrl Pts',(7.43025821503757,5.72545882976392,-58.2964413323501));
#655=CARTESIAN_POINT('Ctrl Pts',(7.42709562955201,5.85005069426065,-58.2965438571506));
#656=CARTESIAN_POINT('Ctrl Pts',(7.42365006688582,5.98579060667799,-58.2966555555147));
#657=CARTESIAN_POINT('Ctrl Pts',(7.41497399609791,6.12190794902203,-58.2967757029544));
#658=CARTESIAN_POINT('Ctrl Pts',(7.40014971997985,6.25751391848716,-58.2968998760634));
#659=CARTESIAN_POINT('Ctrl Pts',(7.39438111406637,6.31028259273004,-58.2969481958414));
#660=CARTESIAN_POINT('Ctrl Pts',(7.38768154752427,6.3629741669832,-58.2969975433838));
#661=CARTESIAN_POINT('Ctrl Pts',(7.3799980335464,6.41553811158937,-58.297048567716));
#662=CARTESIAN_POINT('Ctrl Pts',(7.3657852836121,6.51276943080088,-58.2971429511032));
#663=CARTESIAN_POINT('Ctrl Pts',(7.34820322093923,6.60955957816426,-58.2972413108783));
#664=CARTESIAN_POINT('Ctrl Pts',(7.32694168827533,6.70558298888016,-58.2973389819936));
#665=CARTESIAN_POINT('Ctrl Pts',(7.32167824737305,6.72935425483395,-58.2973631611603));
#666=CARTESIAN_POINT('Ctrl Pts',(7.3161895134032,6.75307866516906,-58.2973872905573));
#667=CARTESIAN_POINT('Ctrl Pts',(7.31047123127849,6.77675156475618,-58.2974112635829));
#668=CARTESIAN_POINT('Ctrl Pts',(7.31042347636106,6.77694926353014,-58.2974114637881));
#669=CARTESIAN_POINT('Ctrl Pts',(7.31037570543535,6.77714695871229,-58.2974116639822));
#670=CARTESIAN_POINT('Ctrl Pts',(7.31032791850345,6.77734465030213,-58.2974118641769));
#671=CARTESIAN_POINT('Ctrl Pts',(7.30907803514875,6.78251534064928,-58.2974171003358));
#672=CARTESIAN_POINT('Ctrl Pts',(7.30781720401512,6.78768356731561,-58.2974223272501));
#673=CARTESIAN_POINT('Ctrl Pts',(7.30654509612226,6.79285061087291,-58.2974274117976));
#674=CARTESIAN_POINT('Ctrl Pts',(7.29753879703843,6.82943236617621,-58.2974634094955));
#675=CARTESIAN_POINT('Ctrl Pts',(7.28801243707718,6.86577557598095,-58.2975007454218));
#676=CARTESIAN_POINT('Ctrl Pts',(7.27797452284129,6.90190257332524,-58.2975386524056));
#677=CARTESIAN_POINT('Ctrl Pts',(7.2557642896347,6.98183840632941,-58.2976225266976));
#678=CARTESIAN_POINT('Ctrl Pts',(7.23106666683614,7.06065681422017,-58.2976957937728));
#679=CARTESIAN_POINT('Ctrl Pts',(7.20395989208394,7.13863667116826,-58.2977600264732));
#680=CARTESIAN_POINT('Ctrl Pts',(7.17889263355844,7.21074931650394,-58.2978194262993));
#681=CARTESIAN_POINT('Ctrl Pts',(7.15176453482206,7.28214453739564,-58.2978691537807));
#682=CARTESIAN_POINT('Ctrl Pts',(7.12262417807975,7.35300636758898,-58.2979026049948));
#683=CARTESIAN_POINT('Ctrl Pts',(7.097455635252,7.41420977095996,-58.2979314968275));
#684=CARTESIAN_POINT('Ctrl Pts',(7.07078311276496,7.47501574918403,-58.297967333225));
#685=CARTESIAN_POINT('Ctrl Pts',(7.0427629588395,7.53526488400734,-58.2979911062295));
#686=CARTESIAN_POINT('Ctrl Pts',(7.01210572468881,7.60118428753985,-58.2980171165993));
#687=CARTESIAN_POINT('Ctrl Pts',(6.97983543670119,7.66643708168695,-58.2980301745849));
#688=CARTESIAN_POINT('Ctrl Pts',(6.94621120900611,7.73081484533362,-58.2980408369263));
#689=CARTESIAN_POINT('Ctrl Pts',(6.91263610059639,7.7950985640026,-58.2980514836918));
#690=CARTESIAN_POINT('Ctrl Pts',(6.87771216540732,7.85850956516724,-58.2980621439595));
#691=CARTESIAN_POINT('Ctrl Pts',(6.84173748832392,7.92084267557007,-58.2980859128725));
#692=CARTESIAN_POINT('Ctrl Pts',(6.80606886738645,7.98264548429736,-58.2981094795704));
#693=CARTESIAN_POINT('Ctrl Pts',(6.76935880025978,8.04339662503661,-58.2981072965715));
#694=CARTESIAN_POINT('Ctrl Pts',(6.7319137769757,8.10292240504314,-58.2981243639638));
#695=CARTESIAN_POINT('Ctrl Pts',(6.69851173394222,8.15602112126759,-58.2981395885711));
#696=CARTESIAN_POINT('Ctrl Pts',(6.66452556317494,8.20814467078104,-58.2981705647323));
#697=CARTESIAN_POINT('Ctrl Pts',(6.63017619013624,8.25917784616996,-58.2982092702163));
#698=CARTESIAN_POINT('Ctrl Pts',(6.60491033509751,8.29671555639511,-58.2982377402308));
#699=CARTESIAN_POINT('Ctrl Pts',(6.57944805695925,8.33366347255824,-58.2982696384597));
#700=CARTESIAN_POINT('Ctrl Pts',(6.55387591411695,8.36997961002682,-58.2982839497344));
#701=CARTESIAN_POINT('Ctrl Pts',(6.55387498645744,8.36998092743735,-58.2982839502535));
#702=CARTESIAN_POINT('Ctrl Pts',(6.55387405879773,8.36998224484713,-58.2982839507727));
#703=CARTESIAN_POINT('Ctrl Pts',(6.55387313113783,8.36998356225615,-58.2982839512918));
#704=CARTESIAN_POINT('Ctrl Pts',(6.55359250659018,8.37038208903202,-58.2982841083322));
#705=CARTESIAN_POINT('Ctrl Pts',(6.5533118637845,8.37078054703846,-58.298284263997));
#706=CARTESIAN_POINT('Ctrl Pts',(6.55303120271558,8.37117893622702,-58.2982844183008));
#707=CARTESIAN_POINT('Ctrl Pts',(6.54937603909414,8.37636732118819,-58.2982864278615));
#708=CARTESIAN_POINT('Ctrl Pts',(6.54571779580006,8.38154404087267,-58.2982882046746));
#709=CARTESIAN_POINT('Ctrl Pts',(6.54204519692245,8.38672478964451,-58.2982898258089));
#710=CARTESIAN_POINT('Ctrl Pts',(6.50205577830573,8.4431358321485,-58.2983074776738));
#711=CARTESIAN_POINT('Ctrl Pts',(6.46208690651532,8.49759063027917,-58.2983048745147));
#712=CARTESIAN_POINT('Ctrl Pts',(6.42192173893403,8.55035240774428,-58.2983053220567));
#713=CARTESIAN_POINT('Ctrl Pts',(6.41884763829259,8.55439060859631,-58.29830535631));
#714=CARTESIAN_POINT('Ctrl Pts',(6.41577239941173,8.55841887364984,-58.2983054070688));
#715=CARTESIAN_POINT('Ctrl Pts',(6.41269593045484,8.56243731197126,-58.2983054841398));
#716=CARTESIAN_POINT('Ctrl Pts',(6.36874726091159,8.61984241514066,-58.2983065851315));
#717=CARTESIAN_POINT('Ctrl Pts',(6.3250306828052,8.67461045342103,-58.2983236476741));
#718=CARTESIAN_POINT('Ctrl Pts',(6.28143535446292,8.72701781732462,-58.2983481213183));
#719=CARTESIAN_POINT('Ctrl Pts',(6.26980730315526,8.74099627647478,-58.2983546491001));
#720=CARTESIAN_POINT('Ctrl Pts',(6.25818799610493,8.75480681014716,-58.2983619694535));
#721=CARTESIAN_POINT('Ctrl Pts',(6.24657555598639,8.76845466995263,-58.2983704858154));
#722=CARTESIAN_POINT('Ctrl Pts',(6.20362080952509,8.81893849175914,-58.2984019880803));
#723=CARTESIAN_POINT('Ctrl Pts',(6.1607597692849,8.8671960660993,-58.2984437245794));
#724=CARTESIAN_POINT('Ctrl Pts',(6.11790555578646,8.91348080204538,-58.2984915700105));
#725=CARTESIAN_POINT('Ctrl Pts',(6.07172301342969,8.96336030288791,-58.29854313142));
#726=CARTESIAN_POINT('Ctrl Pts',(6.02555032603982,9.01094895486164,-58.2986047339771));
#727=CARTESIAN_POINT('Ctrl Pts',(5.9792569797294,9.05656656325162,-58.2986594977028));
#728=CARTESIAN_POINT('Ctrl Pts',(5.96248077199982,9.07309789087147,-58.2986793434843));
#729=CARTESIAN_POINT('Ctrl Pts',(5.94568866184702,9.08937017292782,-58.2986987464557));
#730=CARTESIAN_POINT('Ctrl Pts',(5.92887412974842,9.10539791303031,-58.2987183959043));
#731=CARTESIAN_POINT('Ctrl Pts',(5.88215977244655,9.14992639431652,-58.2987729862645));
#732=CARTESIAN_POINT('Ctrl Pts',(5.83527299251606,9.19256998177816,-58.2988262906721));
#733=CARTESIAN_POINT('Ctrl Pts',(5.7880579570645,9.2336198227799,-58.298864301048));
#734=CARTESIAN_POINT('Ctrl Pts',(5.76658509319211,9.25228882597738,-58.2988815877368));
#735=CARTESIAN_POINT('Ctrl Pts',(5.74504405432833,9.27062784847992,-58.2988962652234));
#736=CARTESIAN_POINT('Ctrl Pts',(5.72341852346564,9.28866251869004,-58.2989096544671));
#737=CARTESIAN_POINT('Ctrl Pts',(5.6756466476526,9.32850200429974,-58.2989392319738));
#738=CARTESIAN_POINT('Ctrl Pts',(5.62746295192193,9.36685917590951,-58.2989603405839));
#739=CARTESIAN_POINT('Ctrl Pts',(5.57867916317341,9.40397917945052,-58.298961621349));
#740=CARTESIAN_POINT('Ctrl Pts',(5.55056869352894,9.42536867705845,-58.2989623593587));
#741=CARTESIAN_POINT('Ctrl Pts',(5.5222584266709,9.44634692961135,-58.2989571230076));
#742=CARTESIAN_POINT('Ctrl Pts',(5.4937072404833,9.4669570125369,-58.2989484021382));
#743=CARTESIAN_POINT('Ctrl Pts',(5.46567037811231,9.48719582344449,-58.2989398383672));
#744=CARTESIAN_POINT('Ctrl Pts',(5.43740185859946,9.5070789633933,-58.2989262027849));
#745=CARTESIAN_POINT('Ctrl Pts',(5.40886171874779,9.52664235152326,-58.2989071648804));
#746=CARTESIAN_POINT('Ctrl Pts',(5.35224431231642,9.56545184239069,-58.2988693978343));
#747=CARTESIAN_POINT('Ctrl Pts',(5.2948339043492,9.60281823205745,-58.2988526496419));
#748=CARTESIAN_POINT('Ctrl Pts',(5.23650478379906,9.63891558520525,-58.2989248540217));
#749=CARTESIAN_POINT('Ctrl Pts',(5.23648312114495,9.63892899127872,-58.2989248808374));
#750=CARTESIAN_POINT('Ctrl Pts',(5.23646145824026,9.63894239725296,-58.2989249076583));
#751=CARTESIAN_POINT('Ctrl Pts',(5.23643979508493,9.63895580312803,-58.2989249344842));
#752=CARTESIAN_POINT('Ctrl Pts',(5.22639953807909,9.64516904533109,-58.2989373675551));
#753=CARTESIAN_POINT('Ctrl Pts',(5.21630546180707,9.65136099266988,-58.2989508861504));
#754=CARTESIAN_POINT('Ctrl Pts',(5.20615140375762,9.65753621591697,-58.2989628367795));
#755=CARTESIAN_POINT('Ctrl Pts',(5.16322864985096,9.68363982754327,-58.2990133539133));
#756=CARTESIAN_POINT('Ctrl Pts',(5.11995587240117,9.70901211269362,-58.2990893379926));
#757=CARTESIAN_POINT('Ctrl Pts',(5.07627738775155,9.73381719504163,-58.2991733385413));
#758=CARTESIAN_POINT('Ctrl Pts',(5.07255381451915,9.73593181832582,-58.2991804995543));
#759=CARTESIAN_POINT('Ctrl Pts',(5.06882726574389,9.73804230869889,-58.2991877291536));
#760=CARTESIAN_POINT('Ctrl Pts',(5.06509769232573,9.74014876191527,-58.2991950221657));
#761=CARTESIAN_POINT('Ctrl Pts',(5.01616053549259,9.76778833884639,-58.2992907165617));
#762=CARTESIAN_POINT('Ctrl Pts',(4.96670301032703,9.79473716283752,-58.2993955041658));
#763=CARTESIAN_POINT('Ctrl Pts',(4.91658315154016,9.82119739728102,-58.2994938018691));
#764=CARTESIAN_POINT('Ctrl Pts',(4.87317612310876,9.84411366593363,-58.2995789340164));
#765=CARTESIAN_POINT('Ctrl Pts',(4.82926937663286,9.8666634790058,-58.2996593949654));
#766=CARTESIAN_POINT('Ctrl Pts',(4.78477955573697,9.88894701585446,-58.2997276406135));
#767=CARTESIAN_POINT('Ctrl Pts',(4.7452300366076,9.90875611261231,-58.2997883080316));
#768=CARTESIAN_POINT('Ctrl Pts',(4.70521886895947,9.9283545438889,-58.2998393842369));
#769=CARTESIAN_POINT('Ctrl Pts',(4.66471706528091,9.94778815883837,-58.2998762763076));
#770=CARTESIAN_POINT('Ctrl Pts',(4.62625608985013,9.96624254158721,-58.2999113094393));
#771=CARTESIAN_POINT('Ctrl Pts',(4.58735212891015,9.98454820818934,-58.2999335746112));
#772=CARTESIAN_POINT('Ctrl Pts',(4.54801840160095,10.0027229647358,-58.2999392781091));
#773=CARTESIAN_POINT('Ctrl Pts',(4.51037675731261,10.0201158681739,-58.2999447362504));
#774=CARTESIAN_POINT('Ctrl Pts',(4.47092143223918,10.0380435659553,-58.2999291200309));
#775=CARTESIAN_POINT('Ctrl Pts',(4.4297588067872,10.0564170394026,-58.2999007952972));
#776=CARTESIAN_POINT('Ctrl Pts',(4.39264891462823,10.0729815226136,-58.2998752593213));
#777=CARTESIAN_POINT('Ctrl Pts',(4.35415027419036,10.0899088467371,-58.2998394067265));
#778=CARTESIAN_POINT('Ctrl Pts',(4.31437584925315,10.1071296636482,-58.2997994824453));
#779=CARTESIAN_POINT('Ctrl Pts',(4.27722624582536,10.1232140324345,-58.299762192875));
#780=CARTESIAN_POINT('Ctrl Pts',(4.2389630344149,10.1395546847765,-58.2997213569321));
#781=CARTESIAN_POINT('Ctrl Pts',(4.19972221934835,10.1560862676756,-58.2996820483687));
#782=CARTESIAN_POINT('Ctrl Pts',(4.16284576584894,10.1716217795404,-58.2996451082488));
#783=CARTESIAN_POINT('Ctrl Pts',(4.12510568953153,10.1873260069157,-58.2996095184428));
#784=CARTESIAN_POINT('Ctrl Pts',(4.08666131982241,10.2031343069142,-58.2995794298854));
#785=CARTESIAN_POINT('Ctrl Pts',(4.07913260657715,10.2062301089389,-58.299573537524));
#786=CARTESIAN_POINT('Ctrl Pts',(4.07157704018494,10.2093298661838,-58.2995678559227));
#787=CARTESIAN_POINT('Ctrl Pts',(4.06399605428405,10.2124330385059,-58.2995624159356));
#788=CARTESIAN_POINT('Ctrl Pts',(4.06330806860037,10.2127146559841,-58.2995619222487));
#789=CARTESIAN_POINT('Ctrl Pts',(4.06261987356946,10.2129963015967,-58.2995614305516));
#790=CARTESIAN_POINT('Ctrl Pts',(4.0619314718945,10.2132779742784,-58.2995609408671));
#791=CARTESIAN_POINT('Ctrl Pts',(4.01490837853902,10.232518370244,-58.2995274916786));
#792=CARTESIAN_POINT('Ctrl Pts',(3.96677253544955,10.2519446453528,-58.299523324588));
#793=CARTESIAN_POINT('Ctrl Pts',(3.9177670052033,10.2714740021096,-58.2995385211905));
#794=CARTESIAN_POINT('Ctrl Pts',(3.86332631142926,10.2931693439507,-58.2995554032359));
#795=CARTESIAN_POINT('Ctrl Pts',(3.80781168282281,10.3149921344255,-58.2995961601057));
#796=CARTESIAN_POINT('Ctrl Pts',(3.75150436041228,10.3368715705566,-58.299646848028));
#797=CARTESIAN_POINT('Ctrl Pts',(3.68973264328754,10.3608743162329,-58.2997024550052));
#798=CARTESIAN_POINT('Ctrl Pts',(3.62700754904976,10.3849448795511,-58.2997694707475));
#799=CARTESIAN_POINT('Ctrl Pts',(3.56365435533857,10.4090341689824,-58.299830909599));
#800=CARTESIAN_POINT('Ctrl Pts',(3.55000649161417,10.4142236049069,-58.2998441450655));
#801=CARTESIAN_POINT('Ctrl Pts',(3.53632966392742,10.4194139342741,-58.2998570751298));
#802=CARTESIAN_POINT('Ctrl Pts',(3.52262742953695,10.4246047073161,-58.2998694524306));
#803=CARTESIAN_POINT('Ctrl Pts',(3.46097753637387,10.4479593365216,-58.2999251411051));
#804=CARTESIAN_POINT('Ctrl Pts',(3.39880468552212,10.471324410779,-58.2999707870329));
#805=CARTESIAN_POINT('Ctrl Pts',(3.33641681238412,10.4946788802637,-58.2999908505205));
#806=CARTESIAN_POINT('Ctrl Pts',(3.3282472013964,10.497737117721,-58.2999934778082));
#807=CARTESIAN_POINT('Ctrl Pts',(3.32007397465779,10.5007951790271,-58.2999956503318));
#808=CARTESIAN_POINT('Ctrl Pts',(3.31189788889467,10.5038530222034,-58.299997318415));
#809=CARTESIAN_POINT('Ctrl Pts',(3.29817222408327,10.5089863991883,-58.3000001187222));
#810=CARTESIAN_POINT('Ctrl Pts',(3.28443842155963,10.5141191883758,-58.3000015583514));
#811=CARTESIAN_POINT('Ctrl Pts',(3.27070010906344,10.519251218421,-58.3000014674741));
#812=CARTESIAN_POINT('Ctrl Pts',(3.26216301703234,10.5224403009822,-58.3000014110022));
#813=CARTESIAN_POINT('Ctrl Pts',(3.25363773740074,10.5256240278361,-58.300001350293));
#814=CARTESIAN_POINT('Ctrl Pts',(3.24513491897552,10.5287981329668,-58.3000013006323));
#815=CARTESIAN_POINT('Ctrl Pts',(3.1898869178597,10.5494222313581,-58.3000009779565));
#816=CARTESIAN_POINT('Ctrl Pts',(3.13443531095111,10.5700711116799,-58.2999999802024));
#817=CARTESIAN_POINT('Ctrl Pts',(3.07905680688096,10.590550638846,-58.2999994298197));
#818=CARTESIAN_POINT('Ctrl Pts',(3.05179679303062,10.600631665836,-58.2999991588943));
#819=CARTESIAN_POINT('Ctrl Pts',(3.02455366103437,10.6106717914592,-58.2999989195748));
#820=CARTESIAN_POINT('Ctrl Pts',(2.99735598012083,10.620648859142,-58.2999984540628));
#821=CARTESIAN_POINT('Ctrl Pts',(2.94025019777628,10.6415972722566,-58.2999974766475));
#822=CARTESIAN_POINT('Ctrl Pts',(2.88334734196312,10.662266111794,-58.2999961427808));
#823=CARTESIAN_POINT('Ctrl Pts',(2.82694766232413,10.6824392419104,-58.2999947355849));
#824=CARTESIAN_POINT('Ctrl Pts',(2.81334118253828,10.6873060299649,-58.2999943960975));
#825=CARTESIAN_POINT('Ctrl Pts',(2.79976377965043,10.6921440866656,-58.2999940388038));
#826=CARTESIAN_POINT('Ctrl Pts',(2.78621930522118,10.6969506197079,-58.2999936463224));
#827=CARTESIAN_POINT('Ctrl Pts',(2.77641337524205,10.7004304539903,-58.2999933621736));
#828=CARTESIAN_POINT('Ctrl Pts',(2.76662495837494,10.7038936760206,-58.2999930696022));
#829=CARTESIAN_POINT('Ctrl Pts',(2.75685573726633,10.7073391721818,-58.2999927690155));
#830=CARTESIAN_POINT('Ctrl Pts',(2.71778882367024,10.7211176402224,-58.2999915669757));
#831=CARTESIAN_POINT('Ctrl Pts',(2.67875471323594,10.7347082022343,-58.2999869046701));
#832=CARTESIAN_POINT('Ctrl Pts',(2.6400945901169,10.7479573578795,-58.2999802659062));
#833=CARTESIAN_POINT('Ctrl Pts',(2.59089214151625,10.7648194588517,-58.2999718168011));
#834=CARTESIAN_POINT('Ctrl Pts',(2.54229955830371,10.7811274218578,-58.2999602004983));
#835=CARTESIAN_POINT('Ctrl Pts',(2.49448338180803,10.7967769265691,-58.2999481483155));
#836=CARTESIAN_POINT('Ctrl Pts',(2.44237700922758,10.8138305469744,-58.2999350147784));
#837=CARTESIAN_POINT('Ctrl Pts',(2.39119111870074,10.8301020892886,-58.2999213636021));
#838=CARTESIAN_POINT('Ctrl Pts',(2.34109194447769,10.8455062894927,-58.2999105948461));
#839=CARTESIAN_POINT('Ctrl Pts',(2.28539830612422,10.8626306427101,-58.2998986235669));
#840=CARTESIAN_POINT('Ctrl Pts',(2.23104444344492,10.8786830761589,-58.2998902126668));
#841=CARTESIAN_POINT('Ctrl Pts',(2.17823825436591,10.893607571772,-58.2998898831199));
#842=CARTESIAN_POINT('Ctrl Pts',(2.14810761673884,10.9021233267797,-58.299889695084));
#843=CARTESIAN_POINT('Ctrl Pts',(2.11848078966996,10.9102729414273,-58.2998921352973));
#844=CARTESIAN_POINT('Ctrl Pts',(2.08940053357121,10.9180534231746,-58.2998980333946));
#845=CARTESIAN_POINT('Ctrl Pts',(2.0757009978066,10.9217187618704,-58.2999008119532));
#846=CARTESIAN_POINT('Ctrl Pts',(2.06212267222036,10.9253023494765,-58.2999043584906));
#847=CARTESIAN_POINT('Ctrl Pts',(2.04864701051168,10.9288101644811,-58.2999088539646));
#848=CARTESIAN_POINT('Ctrl Pts',(2.02278426413126,10.9355424297884,-58.2999174817638));
#849=CARTESIAN_POINT('Ctrl Pts',(1.99608750775271,10.9423115485545,-58.299921757608));
#850=CARTESIAN_POINT('Ctrl Pts',(1.96855935576971,10.9490704902298,-58.299923500629));
#851=CARTESIAN_POINT('Ctrl Pts',(1.93307274751375,10.957783458525,-58.2999257475616));
#852=CARTESIAN_POINT('Ctrl Pts',(1.89620212933202,10.9664812326953,-58.2999238400964));
#853=CARTESIAN_POINT('Ctrl Pts',(1.85784982624424,10.9750728929194,-58.2999214583066));
#854=CARTESIAN_POINT('Ctrl Pts',(1.83309519770434,10.9806184101444,-58.2999199209719));
#855=CARTESIAN_POINT('Ctrl Pts',(1.80772088326227,10.9861198210528,-58.2999181803848));
#856=CARTESIAN_POINT('Ctrl Pts',(1.78170253403257,10.9915474362552,-58.2999169749669));
#857=CARTESIAN_POINT('Ctrl Pts',(1.74534808278427,10.9991312368463,-58.2999152906823));
#858=CARTESIAN_POINT('Ctrl Pts',(1.70802497550265,11.0065139455053,-58.2999137970749));
#859=CARTESIAN_POINT('Ctrl Pts',(1.66930331809583,11.0136825028633,-58.2999123892697));
#860=CARTESIAN_POINT('Ctrl Pts',(1.65479070450473,11.0163692293598,-58.2999118616338));
#861=CARTESIAN_POINT('Ctrl Pts',(1.64008135958645,11.0190254650692,-58.2999112906442));
#862=CARTESIAN_POINT('Ctrl Pts',(1.62515151199113,11.0216489531987,-58.2999104503484));
#863=CARTESIAN_POINT('Ctrl Pts',(1.5864924142681,11.0284421694942,-58.2999082745005));
#864=CARTESIAN_POINT('Ctrl Pts',(1.5463600807109,11.0350183619085,-58.2999050491639));
#865=CARTESIAN_POINT('Ctrl Pts',(1.50436711036092,11.0413008438223,-58.2998977185727));
#866=CARTESIAN_POINT('Ctrl Pts',(1.50424374115225,11.0413193008358,-58.2998976970365));
#867=CARTESIAN_POINT('Ctrl Pts',(1.504120355937,11.0413377552703,-58.299897675467));
#868=CARTESIAN_POINT('Ctrl Pts',(1.50399695564256,11.0413562069831,-58.2998976538688));
#869=CARTESIAN_POINT('Ctrl Pts',(1.49869103437859,11.0421495870594,-58.2998967251952));
#870=CARTESIAN_POINT('Ctrl Pts',(1.49335719253594,11.0429378564734,-58.2998957334223));
#871=CARTESIAN_POINT('Ctrl Pts',(1.48806957765837,11.0437102271534,-58.2998950741492));
#872=CARTESIAN_POINT('Ctrl Pts',(1.42584629346684,11.0527992855345,-58.299887315995));
#873=CARTESIAN_POINT('Ctrl Pts',(1.36090343792622,11.0610333551677,-58.299879313248));
#874=CARTESIAN_POINT('Ctrl Pts',(1.29303596783458,11.0682426254299,-58.2998718481498));
#875=CARTESIAN_POINT('Ctrl Pts',(1.22755714150347,11.0751981603105,-58.299864645791));
#876=CARTESIAN_POINT('Ctrl Pts',(1.15935592181957,11.0812002034632,-58.2998579432073));
#877=CARTESIAN_POINT('Ctrl Pts',(1.08820079694907,11.0860833376587,-58.2998523593824));
#878=CARTESIAN_POINT('Ctrl Pts',(1.05558099080196,11.0883219240029,-58.2998497995768));
#879=CARTESIAN_POINT('Ctrl Pts',(1.02233972434723,11.0903251384868,-58.2998474737748));
#880=CARTESIAN_POINT('Ctrl Pts',(0.988451187574706,11.0920757042144,-58.2998454361017));
#881=CARTESIAN_POINT('Ctrl Pts',(0.917892025348716,11.0957205488412,-58.299841193472));
#882=CARTESIAN_POINT('Ctrl Pts',(0.844530120286475,11.098272051442,-58.2998382083531));
#883=CARTESIAN_POINT('Ctrl Pts',(0.76806337877362,11.0995581514906,-58.299837379297));
#884=CARTESIAN_POINT('Ctrl Pts',(0.761564199817378,11.0996674616849,-58.2998373088326));
#885=CARTESIAN_POINT('Ctrl Pts',(0.755042562061252,11.099767613544,-58.2998372538644));
#886=CARTESIAN_POINT('Ctrl Pts',(0.74849826324024,11.0998584915304,-58.2998372148969));
#887=CARTESIAN_POINT('Ctrl Pts',(0.677204271636715,11.1008485218721,-58.2998367903824));
#888=CARTESIAN_POINT('Ctrl Pts',(0.603420119451494,11.1007384220869,-58.2997662819685));
#889=CARTESIAN_POINT('Ctrl Pts',(0.526989556088088,11.0993871542311,-58.2997058367317));
#890=CARTESIAN_POINT('Ctrl Pts',(0.454842898383918,11.0981116244539,-58.2996487794286));
#891=CARTESIAN_POINT('Ctrl Pts',(0.380337835100276,11.0957298336485,-58.2996009677331));
#892=CARTESIAN_POINT('Ctrl Pts',(0.30336378594793,11.0921166577302,-58.299592356561));
#893=CARTESIAN_POINT('Ctrl Pts',(0.230178890234998,11.0886813453659,-58.2995841692858));
#894=CARTESIAN_POINT('Ctrl Pts',(0.154761778826245,11.0841326235678,-58.2996117402706));
#895=CARTESIAN_POINT('Ctrl Pts',(0.0770415152058173,11.0783611090344,-58.2996616658805));
#896=CARTESIAN_POINT('Ctrl Pts',(0.00462996127759878,11.0729838198126,-58.2997081813043));
#897=CARTESIAN_POINT('Ctrl Pts',(-0.0697810367665719,11.0665448697314,-58.2997742622621));
#898=CARTESIAN_POINT('Ctrl Pts',(-0.14622403475709,11.0589574894043,-58.2998110925727));
#899=CARTESIAN_POINT('Ctrl Pts',(-0.175696362976135,11.056032201684,-58.299825292369));
#900=CARTESIAN_POINT('Ctrl Pts',(-0.205470450614309,11.0529362390903,-58.2998347100359));
#901=CARTESIAN_POINT('Ctrl Pts',(-0.235546977567877,11.0496648045277,-58.299834785602));
#902=CARTESIAN_POINT('Ctrl Pts',(-0.280089312226561,11.0448199189022,-58.2998348975129));
#903=CARTESIAN_POINT('Ctrl Pts',(-0.325307713488199,11.0395881372704,-58.2998349810616));
#904=CARTESIAN_POINT('Ctrl Pts',(-0.371213571821018,11.0339516102191,-58.2998349810696));
#905=CARTESIAN_POINT('Ctrl Pts',(7.3845421964467,4.98442725033898,-58.2966007827704));
#906=CARTESIAN_POINT('Ctrl Pts',(7.34971124936703,4.68893985529914,-58.2963305348012));
#907=CARTESIAN_POINT('Ctrl Pts',(7.25358896703447,4.13855893418704,-58.2959808141286));
#908=CARTESIAN_POINT('Ctrl Pts',(7.02397898214089,3.32600167946362,-58.2955779127273));
#909=CARTESIAN_POINT('Ctrl Pts',(6.87527154437646,2.94918535594923,-58.295318680151));
#910=CARTESIAN_POINT('Ctrl Pts',(6.80919272983253,2.80021289408991,-58.2951807398949));
#911=CARTESIAN_POINT('Ctrl Pts',(6.80627518350866,2.79364118506644,-58.2951746513646));
#912=CARTESIAN_POINT('Ctrl Pts',(6.72540425194802,2.61289454141741,-58.2950043668413));
#913=CARTESIAN_POINT('Ctrl Pts',(6.59835121631821,2.38402393659223,-58.2946847113575));
#914=CARTESIAN_POINT('Ctrl Pts',(6.48714917808998,2.21713860037744,-58.2943817835596));
#915=CARTESIAN_POINT('Ctrl Pts',(6.34178073478513,2.02724866556441,-58.2939875008855));
#916=CARTESIAN_POINT('Ctrl Pts',(6.19655145582429,1.87477022142738,-58.2936166941099));
#917=CARTESIAN_POINT('Ctrl Pts',(6.03247653323101,1.72551182737762,-58.2932395662429));
#918=CARTESIAN_POINT('Ctrl Pts',(5.91523265248341,1.63584098650773,-58.2929979847319));
#919=CARTESIAN_POINT('Ctrl Pts',(5.85171202839305,1.59001664920619,-58.2928716136628));
#920=CARTESIAN_POINT('Ctrl Pts',(5.70979706116292,1.48792824207453,-58.2925896413786));
#921=CARTESIAN_POINT('Ctrl Pts',(5.40245935031355,1.29715839602157,-58.2920164292382));
#922=CARTESIAN_POINT('Ctrl Pts',(4.98442521679601,1.08992941102709,-58.2913753835636));
#923=CARTESIAN_POINT('Ctrl Pts',(4.64312192651302,0.94193318239571,-58.2909448410436));
#924=CARTESIAN_POINT('Ctrl Pts',(4.47082243300978,0.873162689825273,-58.2907578043256));
#925=CARTESIAN_POINT('Ctrl Pts',(4.3844481172514,0.839974409374891,-58.2906717200438));
#926=CARTESIAN_POINT('Ctrl Pts',(4.14955158223664,0.749766916360904,-58.2904380985309));
#927=CARTESIAN_POINT('Ctrl Pts',(3.69364304892544,0.594306849755703,-58.2901060203461));
#928=CARTESIAN_POINT('Ctrl Pts',(3.21854510269928,0.461656852981753,-58.2898795789352));
#929=CARTESIAN_POINT('Ctrl Pts',(2.9370508863034,0.388857157819776,-58.2897761784773));
#930=CARTESIAN_POINT('Ctrl Pts',(2.83490936599143,0.363540802787947,-58.2897456063826));
#931=CARTESIAN_POINT('Ctrl Pts',(2.79533028141156,0.353806887268483,-58.2897343927559));
#932=CARTESIAN_POINT('Ctrl Pts',(2.59547182930709,0.304646330049332,-58.2896778498124));
#933=CARTESIAN_POINT('Ctrl Pts',(2.19673193436278,0.212168485571555,-58.2896112405728));
#934=CARTESIAN_POINT('Ctrl Pts',(1.69123357547319,0.113723275930954,-58.2895888676562));
#935=CARTESIAN_POINT('Ctrl Pts',(1.28189792730108,0.0477592709310611,-58.2895866571068));
#936=CARTESIAN_POINT('Ctrl Pts',(1.07493655210472,0.0196323123923945,-58.2895874723057));
#937=CARTESIAN_POINT('Ctrl Pts',(0.969363954877392,0.00679530609671028,
-58.2895874362594));
#938=CARTESIAN_POINT('Ctrl Pts',(7.4675689073685,4.97439262166906,-58.197733155144));
#939=CARTESIAN_POINT('Ctrl Pts',(7.43173023932178,4.675415218239,-58.1975547008413));
#940=CARTESIAN_POINT('Ctrl Pts',(7.33404980011164,4.1201097680778,-58.1973205870148));
#941=CARTESIAN_POINT('Ctrl Pts',(7.10161548412229,3.30018323868773,-58.1970520999773));
#942=CARTESIAN_POINT('Ctrl Pts',(6.95054374649734,2.91847064934904,-58.1968793686314));
#943=CARTESIAN_POINT('Ctrl Pts',(6.88309461466633,2.76701954705473,-58.1967869253023));
#944=CARTESIAN_POINT('Ctrl Pts',(6.88012204540664,2.76034801188484,-58.1967826787029));
#945=CARTESIAN_POINT('Ctrl Pts',(6.79740478588818,2.57626251245543,-58.1966730578731));
#946=CARTESIAN_POINT('Ctrl Pts',(6.66686416473416,2.34217298609339,-58.1964562209342));
#947=CARTESIAN_POINT('Ctrl Pts',(6.55186944636661,2.17051554578263,-58.1962568944749));
#948=CARTESIAN_POINT('Ctrl Pts',(6.40146792368756,1.97518432014834,-58.1959918918135));
#949=CARTESIAN_POINT('Ctrl Pts',(6.25109307284456,1.81818626127971,-58.1957452043698));
#950=CARTESIAN_POINT('Ctrl Pts',(6.08180494761468,1.66503383299764,-58.1954939191938));
#951=CARTESIAN_POINT('Ctrl Pts',(5.96150189925077,1.57352794964195,-58.1953323042384));
#952=CARTESIAN_POINT('Ctrl Pts',(5.89651075287413,1.52686851637399,-58.1952484316727));
#953=CARTESIAN_POINT('Ctrl Pts',(5.75135265833046,1.4229867522114,-58.1950604372984));
#954=CARTESIAN_POINT('Ctrl Pts',(5.43870046307674,1.22997550537234,-58.1946781440499));
#955=CARTESIAN_POINT('Ctrl Pts',(5.01590349576507,1.0213988674976,-58.1942506998581));
#956=CARTESIAN_POINT('Ctrl Pts',(4.67154084843281,0.87269176319476,-58.1939635681115));
#957=CARTESIAN_POINT('Ctrl Pts',(4.49791447758819,0.803655577136664,-58.1938389209767));
#958=CARTESIAN_POINT('Ctrl Pts',(4.41091531173128,0.770343936109345,-58.1937814948982));
#959=CARTESIAN_POINT('Ctrl Pts',(4.17432178940484,0.679800170203334,-58.1936255768433));
#960=CARTESIAN_POINT('Ctrl Pts',(3.71520487994192,0.523700398545475,-58.1934043029099));
#961=CARTESIAN_POINT('Ctrl Pts',(3.23760194544711,0.390647130296339,-58.193253242451));
#962=CARTESIAN_POINT('Ctrl Pts',(2.95497663109929,0.317684443539745,-58.1931843617444));
#963=CARTESIAN_POINT('Ctrl Pts',(2.8524785354078,0.292318362471017,-58.1931639035663));
#964=CARTESIAN_POINT('Ctrl Pts',(2.81277220425761,0.282566927953816,-58.1931564641055));
#965=CARTESIAN_POINT('Ctrl Pts',(2.61226331145292,0.23331601021127,-58.1931185625791));
#966=CARTESIAN_POINT('Ctrl Pts',(2.21205271882594,0.140577688963677,-58.1930742494574));
#967=CARTESIAN_POINT('Ctrl Pts',(1.70422875762881,0.0417014917828516,-58.1930592468516));
#968=CARTESIAN_POINT('Ctrl Pts',(1.29266866030943,-0.0246196682586575,-58.1930577862519));
#969=CARTESIAN_POINT('Ctrl Pts',(1.0844500099331,-0.0529192859240598,-58.1930583098792));
#970=CARTESIAN_POINT('Ctrl Pts',(0.9781961713516,-0.0658391564623627,-58.1930582914605));
#971=CARTESIAN_POINT('Ctrl Pts',(7.55054722266369,4.96427729073504,-58.0988676169029));
#972=CARTESIAN_POINT('Ctrl Pts',(7.51381843923848,4.66200703266217,-58.0987758494447));
#973=CARTESIAN_POINT('Ctrl Pts',(7.41451992133082,4.10166735028063,-58.0986602278111));
#974=CARTESIAN_POINT('Ctrl Pts',(7.17925686411081,3.27435092839269,-58.0985258151927));
#975=CARTESIAN_POINT('Ctrl Pts',(7.02584467863852,2.88780117797632,-58.0984393153765));
#976=CARTESIAN_POINT('Ctrl Pts',(6.95697664651918,2.73376186971856,-58.0983938110505));
#977=CARTESIAN_POINT('Ctrl Pts',(6.95393053133401,2.72695732995539,-58.0983919662459));
#978=CARTESIAN_POINT('Ctrl Pts',(6.86974306634151,2.54024568303752,-58.0983313623371));
#979=CARTESIAN_POINT('Ctrl Pts',(6.73535612068704,2.30025425421527,-58.0982284865899));
#980=CARTESIAN_POINT('Ctrl Pts',(6.61682375975741,2.12428388899721,-58.0981249254748));
#981=CARTESIAN_POINT('Ctrl Pts',(6.46117711681682,1.92315037708608,-58.0979956125554));
#982=CARTESIAN_POINT('Ctrl Pts',(6.30570688120059,1.76172677089954,-58.0978715011428));
#983=CARTESIAN_POINT('Ctrl Pts',(6.13121942610936,1.60469182808329,-58.0977456604932));
#984=CARTESIAN_POINT('Ctrl Pts',(6.00780136813593,1.51126903635221,-58.0976656853462));
#985=CARTESIAN_POINT('Ctrl Pts',(5.94137627930189,1.46383112934446,-58.0976231925851));
#986=CARTESIAN_POINT('Ctrl Pts',(5.79296670549063,1.35811185596266,-58.0975292144779));
#987=CARTESIAN_POINT('Ctrl Pts',(5.47499173197076,1.16288005839888,-58.0973382932511));
#988=CARTESIAN_POINT('Ctrl Pts',(5.04742796215966,0.952930967126004,-58.0971246905348));
#989=CARTESIAN_POINT('Ctrl Pts',(4.70000500431687,0.803517448255814,-58.0969812781745));
#990=CARTESIAN_POINT('Ctrl Pts',(4.5250461626203,0.734203188194322,-58.0969188892647));
#991=CARTESIAN_POINT('Ctrl Pts',(4.43742430749652,0.700772520834156,-58.0968902305013));
#992=CARTESIAN_POINT('Ctrl Pts',(4.199140447868,0.609906729488608,-58.0968125244322));
#993=CARTESIAN_POINT('Ctrl Pts',(3.73679644052771,0.453127080405204,-58.0967017218832));
#994=CARTESIAN_POINT('Ctrl Pts',(3.25668179873449,0.319678186130348,-58.0966263394058));
#995=CARTESIAN_POINT('Ctrl Pts',(2.97290999581148,0.246541385794771,-58.0965918204634));
#996=CARTESIAN_POINT('Ctrl Pts',(2.87006836013952,0.221127581929156,-58.0965817053703));
#997=CARTESIAN_POINT('Ctrl Pts',(2.83022752347301,0.211357248291163,-58.0965779317602));
#998=CARTESIAN_POINT('Ctrl Pts',(2.62905518201288,0.162012551236421,-58.0965592871824));
#999=CARTESIAN_POINT('Ctrl Pts',(2.2273786620585,0.068992914736048,-58.0965369924824));
#1000=CARTESIAN_POINT('Ctrl Pts',(1.71722428678052,-0.0303139493986141,
-58.0965296208336));
#1001=CARTESIAN_POINT('Ctrl Pts',(1.30343957434953,-0.0969974078930716,
-58.0965288710828));
#1002=CARTESIAN_POINT('Ctrl Pts',(1.09396397555046,-0.125471036909018,-58.09652916235));
#1003=CARTESIAN_POINT('Ctrl Pts',(0.987028319680195,-0.138473602294336,
-58.0965291448085));
#1004=CARTESIAN_POINT('Ctrl Pts',(7.63357368516213,4.95424224780602,-58.0000000000014));
#1005=CARTESIAN_POINT('Ctrl Pts',(7.59583778446028,4.6484829933682,-57.9999999999958));
#1006=CARTESIAN_POINT('Ctrl Pts',(7.4949808020857,4.08321821881167,-58.0000000000192));
#1007=CARTESIAN_POINT('Ctrl Pts',(7.25689339113189,3.24853241642209,-58.0000000000197));
#1008=CARTESIAN_POINT('Ctrl Pts',(7.1011170282357,2.85708670357659,-58.0000000000495));
#1009=CARTESIAN_POINT('Ctrl Pts',(7.03087842944409,2.7005681924645,-58.000000000053));
#1010=CARTESIAN_POINT('Ctrl Pts',(7.02777719624129,2.69366365624403,-58.0000000000529));
#1011=CARTESIAN_POINT('Ctrl Pts',(6.9417453339946,2.50361681200422,-58.0000000000527));
#1012=CARTESIAN_POINT('Ctrl Pts',(6.80386896134494,2.25840295578255,-58.0000000000476));
#1013=CARTESIAN_POINT('Ctrl Pts',(6.68154522942923,2.07766284351697,-58.0000000000476));
#1014=CARTESIAN_POINT('Ctrl Pts',(6.52086441867085,1.8710861877307,-58.0000000000431));
#1015=CARTESIAN_POINT('Ctrl Pts',(6.36024886879183,1.70514344967734,-58.0000000000405));
#1016=CARTESIAN_POINT('Ctrl Pts',(6.18054828227541,1.54421453176144,-58.0000000000379));
#1017=CARTESIAN_POINT('Ctrl Pts',(6.05407077003881,1.44895627731236,-58.0000000000358));
#1018=CARTESIAN_POINT('Ctrl Pts',(5.98617534668925,1.40068356499018,-58.0000000000356));
#1019=CARTESIAN_POINT('Ctrl Pts',(5.83452260269238,1.29317070793641,-58.0000000000351));
#1020=CARTESIAN_POINT('Ctrl Pts',(5.5112331021943,1.0956976166136,-58.0000000000262));
#1021=CARTESIAN_POINT('Ctrl Pts',(5.07890647821701,0.88440074515499,-58.0000000000248));
#1022=CARTESIAN_POINT('Ctrl Pts',(4.72842415843065,0.734276373512978,-58.0000000000219));
#1023=CARTESIAN_POINT('Ctrl Pts',(4.5521384106802,0.664696356412437,-58.0000000000211));
#1024=CARTESIAN_POINT('Ctrl Pts',(4.46389171654982,0.63114235072378,-58.000000000021));
#1025=CARTESIAN_POINT('Ctrl Pts',(4.22391090374533,0.539940359620915,-58.0000000000203));
#1026=CARTESIAN_POINT('Ctrl Pts',(3.75835842415135,0.382520799272916,-58.0000000000139));
#1027=CARTESIAN_POINT('Ctrl Pts',(3.27573875959949,0.248668672768328,-58.0000000000133));
#1028=CARTESIAN_POINT('Ctrl Pts',(2.99083577972175,0.17536882374701,-58.0000000000114));
#1029=CARTESIAN_POINT('Ctrl Pts',(2.8876376355833,0.149905304127482,-58.000000000011));
#1030=CARTESIAN_POINT('Ctrl Pts',(2.84766951508501,0.140117444407336,-58.000000000011));
#1031=CARTESIAN_POINT('Ctrl Pts',(2.6458466661525,0.0906823692799492,-58.00000000001));
#1032=CARTESIAN_POINT('Ctrl Pts',(2.24269947300254,-0.00259785095788187,
-58.0000000000023));
#1033=CARTESIAN_POINT('Ctrl Pts',(1.73021947071734,-0.102335700987141,-58.0000000000024));
#1034=CARTESIAN_POINT('Ctrl Pts',(1.31421030828715,-0.16937634092526,-58.0000000000005));
#1035=CARTESIAN_POINT('Ctrl Pts',(1.10347743598541,-0.198022636009147,-58.));
#1036=CARTESIAN_POINT('Ctrl Pts',(0.9958605358046,-0.211108064767546,-58.));
#1037=CARTESIAN_POINT('',(7.36550401230218,4.83049587237026,-58.2957044538294));
#1038=CARTESIAN_POINT('',(7.61241582935003,4.79525058377481,-58.));
#1039=CARTESIAN_POINT('',(7.36550401230218,4.83049587237026,-58.2957044538294));
#1040=CARTESIAN_POINT('',(1.00930444466983,-0.20946536614265,-58.));
#1041=CARTESIAN_POINT('Ctrl Pts',(7.61241582935003,4.79525058377481,-58.));
#1042=CARTESIAN_POINT('Ctrl Pts',(7.57617476168037,4.54136280964485,-58.));
#1043=CARTESIAN_POINT('Ctrl Pts',(7.47946327477936,4.02881693955501,-58.0000000000192));
#1044=CARTESIAN_POINT('Ctrl Pts',(7.25689339113189,3.24853241642209,-58.0000000000197));
#1045=CARTESIAN_POINT('Ctrl Pts',(7.1011170282357,2.85708670357659,-58.0000000000495));
#1046=CARTESIAN_POINT('Ctrl Pts',(7.03087842944409,2.7005681924645,-58.000000000053));
#1047=CARTESIAN_POINT('Ctrl Pts',(7.02777719624129,2.69366365624403,-58.0000000000529));
#1048=CARTESIAN_POINT('Ctrl Pts',(6.9417453339946,2.50361681200422,-58.0000000000527));
#1049=CARTESIAN_POINT('Ctrl Pts',(6.80386896134494,2.25840295578255,-58.0000000000476));
#1050=CARTESIAN_POINT('Ctrl Pts',(6.68154522942923,2.07766284351697,-58.0000000000476));
#1051=CARTESIAN_POINT('Ctrl Pts',(6.52086441867085,1.8710861877307,-58.0000000000431));
#1052=CARTESIAN_POINT('Ctrl Pts',(6.36024886879183,1.70514344967734,-58.0000000000405));
#1053=CARTESIAN_POINT('Ctrl Pts',(6.18054828227541,1.54421453176144,-58.0000000000379));
#1054=CARTESIAN_POINT('Ctrl Pts',(6.05407077003881,1.44895627731236,-58.0000000000358));
#1055=CARTESIAN_POINT('Ctrl Pts',(5.98617534668925,1.40068356499018,-58.0000000000356));
#1056=CARTESIAN_POINT('Ctrl Pts',(5.83452260269238,1.29317070793641,-58.0000000000351));
#1057=CARTESIAN_POINT('Ctrl Pts',(5.5112331021943,1.0956976166136,-58.0000000000262));
#1058=CARTESIAN_POINT('Ctrl Pts',(5.07890647821701,0.88440074515499,-58.0000000000248));
#1059=CARTESIAN_POINT('Ctrl Pts',(4.72842415843065,0.734276373512978,-58.0000000000219));
#1060=CARTESIAN_POINT('Ctrl Pts',(4.5521384106802,0.664696356412437,-58.0000000000211));
#1061=CARTESIAN_POINT('Ctrl Pts',(4.46389171654982,0.63114235072378,-58.000000000021));
#1062=CARTESIAN_POINT('Ctrl Pts',(4.22391090374533,0.539940359620915,-58.0000000000203));
#1063=CARTESIAN_POINT('Ctrl Pts',(3.75835842415135,0.382520799272916,-58.0000000000139));
#1064=CARTESIAN_POINT('Ctrl Pts',(3.27573875959949,0.248668672768328,-58.0000000000133));
#1065=CARTESIAN_POINT('Ctrl Pts',(2.99083577972175,0.17536882374701,-58.0000000000114));
#1066=CARTESIAN_POINT('Ctrl Pts',(2.8876376355833,0.149905304127482,-58.000000000011));
#1067=CARTESIAN_POINT('Ctrl Pts',(2.84766951508501,0.140117444407336,-58.000000000011));
#1068=CARTESIAN_POINT('Ctrl Pts',(2.6458466661525,0.0906823692799492,-58.00000000001));
#1069=CARTESIAN_POINT('Ctrl Pts',(2.24269947300254,-0.00259785095788187,
-58.0000000000023));
#1070=CARTESIAN_POINT('Ctrl Pts',(1.73021947071734,-0.102335700987141,-58.0000000000024));
#1071=CARTESIAN_POINT('Ctrl Pts',(1.31868073000418,-0.168655924261952,-58.0000000000005));
#1072=CARTESIAN_POINT('Ctrl Pts',(1.11243902564725,-0.196802031741244,-58.));
#1073=CARTESIAN_POINT('Ctrl Pts',(1.00930444466983,-0.20946536614265,-58.));
#1074=CARTESIAN_POINT('',(0.982621932459652,0.00784625686572284,-58.2888422740321));
#1075=CARTESIAN_POINT('',(1.00930444466983,-0.209465366142651,-58.));
#1076=CARTESIAN_POINT('Ctrl Pts',(0.982621932459652,0.00784625686571942,
-58.2888422740321));
#1077=CARTESIAN_POINT('Ctrl Pts',(1.13650134864527,0.0267402736614548,-58.2888422740336));
#1078=CARTESIAN_POINT('Ctrl Pts',(1.29058905897427,0.0488410324749782,-58.2888413791307));
#1079=CARTESIAN_POINT('Ctrl Pts',(1.59858149156787,0.0985061218745544,-58.2888437693999));
#1080=CARTESIAN_POINT('Ctrl Pts',(1.75248587046608,0.126073216648995,-58.2888470384468));
#1081=CARTESIAN_POINT('Ctrl Pts',(2.05944813561641,0.185768937064914,-58.288863713912));
#1082=CARTESIAN_POINT('Ctrl Pts',(2.21250571934381,0.217898107339909,-58.2888770661479));
#1083=CARTESIAN_POINT('Ctrl Pts',(2.44097576656379,0.268841942621052,-58.2889099028802));
#1084=CARTESIAN_POINT('Ctrl Pts',(2.51694634077243,0.286281523245188,-58.2889229958495));
#1085=CARTESIAN_POINT('Ctrl Pts',(2.66843369727425,0.321964964294309,-58.2889546285136));
#1086=CARTESIAN_POINT('Ctrl Pts',(2.73564422919942,0.338148045505937,-58.2889707550005));
#1087=CARTESIAN_POINT('Ctrl Pts',(3.07449397033718,0.42189602569278,-58.2890696539797));
#1088=CARTESIAN_POINT('Ctrl Pts',(3.70986285619993,0.579485359870578,-58.2892510507149));
#1089=CARTESIAN_POINT('Ctrl Pts',(4.6223401521324,0.930381028089279,-58.290159890911));
#1090=CARTESIAN_POINT('Ctrl Pts',(4.86204085511031,1.03202487228834,-58.2904570740368));
#1091=CARTESIAN_POINT('Ctrl Pts',(5.36300594560204,1.27657184764117,-58.2911992153982));
#1092=CARTESIAN_POINT('Ctrl Pts',(5.62142243383231,1.42331638278189,-58.291660683696));
#1093=CARTESIAN_POINT('Ctrl Pts',(6.14773398260975,1.80118268444616,-58.2927026524998));
#1094=CARTESIAN_POINT('Ctrl Pts',(6.38392164966875,2.04104146597043,-58.2933568082668));
#1095=CARTESIAN_POINT('Ctrl Pts',(6.67611175765309,2.51606895302706,-58.2941240616428));
#1096=CARTESIAN_POINT('Ctrl Pts',(6.86636841301972,2.85440108286094,-58.2945395336812));
#1097=CARTESIAN_POINT('Ctrl Pts',(7.16928742123459,3.82176612996947,-58.2950716857736));
#1098=CARTESIAN_POINT('Ctrl Pts',(7.26001967041261,4.19578887334488,-58.2952486607696));
#1099=CARTESIAN_POINT('Ctrl Pts',(7.33928758949504,4.65230069600495,-58.2955647991977));
#1100=CARTESIAN_POINT('Ctrl Pts',(7.35328486785317,4.74188652106467,-58.2956317435693));
#1101=CARTESIAN_POINT('Ctrl Pts',(7.36550401230218,4.83049587237026,-58.2957044538294));
#1102=CARTESIAN_POINT('Ctrl Pts',(7.36754209691381,4.84538774074696,-58.2957167328891));
#1103=CARTESIAN_POINT('Ctrl Pts',(7.36686832880494,4.84042691533835,-58.295712623561));
#1104=CARTESIAN_POINT('Ctrl Pts',(7.36618896450552,4.83546292801532,-58.295708529651));
#1105=CARTESIAN_POINT('Ctrl Pts',(7.36550401230218,4.83049587237027,-58.2957044538294));
#1106=CARTESIAN_POINT('Ctrl Pts',(7.44989295780465,4.83379974861857,-58.1971444885928));
#1107=CARTESIAN_POINT('Ctrl Pts',(7.44920354409967,4.82878528541757,-58.1971417490407));
#1108=CARTESIAN_POINT('Ctrl Pts',(7.44850853739946,4.82376782051436,-58.1971390197674));
#1109=CARTESIAN_POINT('Ctrl Pts',(7.44780795131813,4.81874744283845,-58.197136302553));
#1110=CARTESIAN_POINT('Ctrl Pts',(7.5322438186955,4.82221175649017,-58.0985722442964));
#1111=CARTESIAN_POINT('Ctrl Pts',(7.53153875939441,4.81714365549678,-58.0985708745203));
#1112=CARTESIAN_POINT('Ctrl Pts',(7.53082811029338,4.81207271301341,-58.0985695098837));
#1113=CARTESIAN_POINT('Ctrl Pts',(7.53011189033408,4.80699901330663,-58.0985681512765));
#1114=CARTESIAN_POINT('Ctrl Pts',(7.61459467958635,4.81062376436178,-58.));
#1115=CARTESIAN_POINT('Ctrl Pts',(7.61387397468914,4.805502025576,-58.));
#1116=CARTESIAN_POINT('Ctrl Pts',(7.61314768318732,4.80037760551245,-58.));
#1117=CARTESIAN_POINT('Ctrl Pts',(7.61241582935003,4.79525058377481,-58.));
#1118=CARTESIAN_POINT('Ctrl Pts',(7.36550401230217,4.83049587237027,-58.2957044538294));
#1119=CARTESIAN_POINT('Ctrl Pts',(7.36584622682562,4.83297750331069,-58.2957064901837));
#1120=CARTESIAN_POINT('Ctrl Pts',(7.36618717629304,4.83545930944229,-58.2957085318136));
#1121=CARTESIAN_POINT('Ctrl Pts',(7.36686653939002,4.8404232652289,-58.2957126250481));
#1122=CARTESIAN_POINT('Ctrl Pts',(7.36720495342128,4.84290541784981,-58.2957146766427));
#1123=CARTESIAN_POINT('Ctrl Pts',(7.36754209691379,4.84538774074696,-58.2957167328891));
#1124=CARTESIAN_POINT('Ctrl Pts',(7.61459467958635,4.81062376436178,-58.));
#1125=CARTESIAN_POINT('Ctrl Pts',(7.61423408988377,4.80806120890722,-58.));
#1126=CARTESIAN_POINT('Ctrl Pts',(7.61387222057181,4.80549882708965,-58.));
#1127=CARTESIAN_POINT('Ctrl Pts',(7.61314593489895,4.80037443728822,-58.));
#1128=CARTESIAN_POINT('Ctrl Pts',(7.61278151675904,4.79781241675241,-58.));
#1129=CARTESIAN_POINT('Ctrl Pts',(7.61241582935003,4.79525058377481,-58.));
#1130=CARTESIAN_POINT('Ctrl Pts',(6.62282258332646,5.13261632309219,-53.8455066237349));
#1131=CARTESIAN_POINT('Ctrl Pts',(6.64113976694598,5.21295080529167,-53.8625284455789));
#1132=CARTESIAN_POINT('Ctrl Pts',(6.6582442453042,5.29252222693815,-53.8785687911783));
#1133=CARTESIAN_POINT('Ctrl Pts',(6.6897055374201,5.44997200957806,-53.9087204678302));
#1134=CARTESIAN_POINT('Ctrl Pts',(6.70406235117779,5.52785037057149,-53.9228317988827));
#1135=CARTESIAN_POINT('Ctrl Pts',(6.74252791443311,5.75869545325157,-53.9623231771328));
#1136=CARTESIAN_POINT('Ctrl Pts',(6.78153565739299,6.05904889602447,-54.007398041713));
#1137=CARTESIAN_POINT('Ctrl Pts',(6.79547414982069,6.4832525086523,-54.0530839299315));
#1138=CARTESIAN_POINT('Ctrl Pts',(6.74431584654763,7.00841319127417,-54.0858492501645));
#1139=CARTESIAN_POINT('Ctrl Pts',(6.53026467307404,7.57901492007316,-54.0760624318656));
#1140=CARTESIAN_POINT('Ctrl Pts',(5.93364099193012,8.45010113909093,-53.9910368287946));
#1141=CARTESIAN_POINT('Ctrl Pts',(4.83524280458111,9.72531835929924,-53.8276035975922));
#1142=CARTESIAN_POINT('Ctrl Pts',(3.05405616808662,10.7295727797827,-54.1147336081352));
#1143=CARTESIAN_POINT('Ctrl Pts',(1.18567603088552,11.1473105083618,-54.1629640163988));
#1144=CARTESIAN_POINT('Ctrl Pts',(-0.375244630668689,11.0667819499463,-54.0450403309994));
#1145=CARTESIAN_POINT('Ctrl Pts',(-1.90928089913244,10.7672975806962,-54.1629640163988));
#1146=CARTESIAN_POINT('Ctrl Pts',(-3.62110225815628,9.90996638345919,-54.1147336081352));
#1147=CARTESIAN_POINT('Ctrl Pts',(-5.10642890617908,8.50463456365274,-53.8276035975922));
#1148=CARTESIAN_POINT('Ctrl Pts',(-5.86369700589901,7.00157017320434,-53.9910368287946));
#1149=CARTESIAN_POINT('Ctrl Pts',(-6.23186358457248,6.01202260577149,-54.0760624318656));
#1150=CARTESIAN_POINT('Ctrl Pts',(-6.30151547153476,5.40658652127008,-54.0858492501645));
#1151=CARTESIAN_POINT('Ctrl Pts',(-6.22410628672985,4.88464904161041,-54.0530839299315));
#1152=CARTESIAN_POINT('Ctrl Pts',(-6.10795768500937,4.4764181157167,-54.007398041713));
#1153=CARTESIAN_POINT('Ctrl Pts',(-5.99744656449823,4.19442328094178,-53.9623231771328));
#1154=CARTESIAN_POINT('Ctrl Pts',(-5.90427711287095,3.97974094576351,-53.9228317988827));
#1155=CARTESIAN_POINT('Ctrl Pts',(-5.87150627712121,3.90764913252124,-53.9087204678302));
#1156=CARTESIAN_POINT('Ctrl Pts',(-5.80288896996003,3.76248745674935,-53.8785687911783));
#1157=CARTESIAN_POINT('Ctrl Pts',(-5.76704249854859,3.68941759421972,-53.8625284455789));
#1158=CARTESIAN_POINT('Ctrl Pts',(-5.72983474334944,3.61590071725227,-53.8455066237349));
#1159=CARTESIAN_POINT('Ctrl Pts',(7.12643509087695,4.95482073169205,-56.8064727035259));
#1160=CARTESIAN_POINT('Ctrl Pts',(7.14515593627201,5.03555695491568,-56.8425501432546));
#1161=CARTESIAN_POINT('Ctrl Pts',(7.16183869825494,5.11611448975622,-56.8757194631129));
#1162=CARTESIAN_POINT('Ctrl Pts',(7.19097605658531,5.27668965167067,-56.9361392480697));
#1163=CARTESIAN_POINT('Ctrl Pts',(7.20343065293274,5.35670727874458,-56.9633897131682));
#1164=CARTESIAN_POINT('Ctrl Pts',(7.23422419530491,5.59567650181572,-57.0361089037952));
#1165=CARTESIAN_POINT('Ctrl Pts',(7.25776159401411,5.91141237750898,-57.1089819455154));
#1166=CARTESIAN_POINT('Ctrl Pts',(7.23685774724654,6.37196618183349,-57.143571110289));
#1167=CARTESIAN_POINT('Ctrl Pts',(7.12917539648764,6.96279691663155,-57.0867791189664));
#1168=CARTESIAN_POINT('Ctrl Pts',(6.83580773860934,7.64680659203774,-56.8166743330018));
#1169=CARTESIAN_POINT('Ctrl Pts',(6.13755659768325,8.66477712331171,-56.297240692368));
#1170=CARTESIAN_POINT('Ctrl Pts',(5.04156571804129,9.86868669961006,-56.1171603922312));
#1171=CARTESIAN_POINT('Ctrl Pts',(2.86776576300437,10.6640049663374,-56.2867199375251));
#1172=CARTESIAN_POINT('Ctrl Pts',(1.53251031858847,11.3225390691958,-56.5677060208848));
#1173=CARTESIAN_POINT('Ctrl Pts',(-0.401383589007288,11.2796666819222,-56.7450460386085));
#1174=CARTESIAN_POINT('Ctrl Pts',(-2.28820434737127,10.8534142950445,-56.5677059926727));
#1175=CARTESIAN_POINT('Ctrl Pts',(-3.42448317468641,9.89141394129167,-56.2867200463714));
#1176=CARTESIAN_POINT('Ctrl Pts',(-5.34130704803919,8.59383020603472,-56.1171600027062));
#1177=CARTESIAN_POINT('Ctrl Pts',(-6.11349028343826,7.16053772611813,-56.2972408318675));
#1178=CARTESIAN_POINT('Ctrl Pts',(-6.54473717187049,6.00394176770522,-56.816672675703));
#1179=CARTESIAN_POINT('Ctrl Pts',(-6.66391616767972,5.26930225387737,-57.0867766512037));
#1180=CARTESIAN_POINT('Ctrl Pts',(-6.62546391794577,4.66996068865127,-57.1435689242016));
#1181=CARTESIAN_POINT('Ctrl Pts',(-6.53432700499517,4.21801325383746,-57.1089802605698));
#1182=CARTESIAN_POINT('Ctrl Pts',(-6.43510391095503,3.91733660082385,-57.0361076294426));
#1183=CARTESIAN_POINT('Ctrl Pts',(-6.34741215778265,3.69290565393392,-56.9633887316627));
#1184=CARTESIAN_POINT('Ctrl Pts',(-6.31596916795148,3.61827476211565,-56.9361383616636));
#1185=CARTESIAN_POINT('Ctrl Pts',(-6.24885004397257,3.46951239761036,-56.8757187545757));
#1186=CARTESIAN_POINT('Ctrl Pts',(-6.21317390982483,3.39538092492334,-56.8425495174869));
#1187=CARTESIAN_POINT('Ctrl Pts',(-6.1754770368009,3.32156944755584,-56.806472150714));
#1188=CARTESIAN_POINT('Ctrl Pts',(8.19478970877336,4.46003234728477,-63.1878542248588));
#1189=CARTESIAN_POINT('Ctrl Pts',(8.20667667737004,4.55897170275759,-63.2046117301382));
#1190=CARTESIAN_POINT('Ctrl Pts',(8.21582995629664,4.656726157912,-63.2217867245727));
#1191=CARTESIAN_POINT('Ctrl Pts',(8.22895638459579,4.84994637935751,-63.2563104587187));
#1192=CARTESIAN_POINT('Ctrl Pts',(8.23292953396832,4.9454121456486,-63.2736591984301));
#1193=CARTESIAN_POINT('Ctrl Pts',(8.23750966243393,5.2284980788872,-63.3249741859291));
#1194=CARTESIAN_POINT('Ctrl Pts',(8.22404498131607,5.59711568151278,-63.3914442182338));
#1195=CARTESIAN_POINT('Ctrl Pts',(8.15202739728886,6.12549784293764,-63.4694298208016));
#1196=CARTESIAN_POINT('Ctrl Pts',(7.99610186193951,6.79987731157165,-63.5232919059633));
#1197=CARTESIAN_POINT('Ctrl Pts',(7.70611351120489,7.5912244539011,-63.4569729336558));
#1198=CARTESIAN_POINT('Ctrl Pts',(7.11926667547247,8.64237231755957,-63.2337367117816));
#1199=CARTESIAN_POINT('Ctrl Pts',(6.30528832740977,9.35653755572749,-63.0500557512936));
#1200=CARTESIAN_POINT('Ctrl Pts',(3.81921887872291,10.1962008301969,-63.3141991396646));
#1201=CARTESIAN_POINT('Ctrl Pts',(1.85709201729155,10.66212988496,-63.6227704388467));
#1202=CARTESIAN_POINT('Ctrl Pts',(-0.313550198051001,10.5643210472242,-64.0399131003492));
#1203=CARTESIAN_POINT('Ctrl Pts',(-2.44337731557065,10.1341003381647,-63.6227703882297));
#1204=CARTESIAN_POINT('Ctrl Pts',(-4.23450131437273,9.20732156498645,-63.314199342133));
#1205=CARTESIAN_POINT('Ctrl Pts',(-6.44359426799144,7.79119698467279,-63.0500549919874));
#1206=CARTESIAN_POINT('Ctrl Pts',(-7.06061141850504,6.90122748088446,-63.2337389475162));
#1207=CARTESIAN_POINT('Ctrl Pts',(-7.37575200083625,5.73953533154849,-63.4569690111742));
#1208=CARTESIAN_POINT('Ctrl Pts',(-7.46569293035828,4.90164193408289,-63.5232848962057));
#1209=CARTESIAN_POINT('Ctrl Pts',(-7.45383763717382,4.20955338772998,-63.4694233937162));
#1210=CARTESIAN_POINT('Ctrl Pts',(-7.39588391348088,3.67939737604994,-63.3914391980054));
#1211=CARTESIAN_POINT('Ctrl Pts',(-7.31976777154681,3.31843184183625,-63.3249703792447));
#1212=CARTESIAN_POINT('Ctrl Pts',(-7.24683598394333,3.04483394683457,-63.27365626617));
#1213=CARTESIAN_POINT('Ctrl Pts',(-7.21988460788334,2.95315569111044,-63.2563078119777));
#1214=CARTESIAN_POINT('Ctrl Pts',(-7.16040203557058,2.76883281955983,-63.2217846137757));
#1215=CARTESIAN_POINT('Ctrl Pts',(-7.1278708393178,2.67618820373335,-63.2046098697659));
#1216=CARTESIAN_POINT('Ctrl Pts',(-7.09240060306439,2.58305618519476,-63.1878525857727));
#1217=CARTESIAN_POINT('Ctrl Pts',(8.63870988172424,3.93471952781833,-68.5743924556345));
#1218=CARTESIAN_POINT('Ctrl Pts',(8.65225561629048,4.07486138430398,-68.5987053301422));
#1219=CARTESIAN_POINT('Ctrl Pts',(8.6640670212136,4.21217010415716,-68.6229912401974));
#1220=CARTESIAN_POINT('Ctrl Pts',(8.68387725814138,4.48095122431061,-68.671241151125));
#1221=CARTESIAN_POINT('Ctrl Pts',(8.69187609014603,4.61242362461087,-68.6952051519974));
#1222=CARTESIAN_POINT('Ctrl Pts',(8.70963785633394,4.99783127675036,-68.7662123204242));
#1223=CARTESIAN_POINT('Ctrl Pts',(8.71669426504833,5.48768268290618,-68.8585289871518));
#1224=CARTESIAN_POINT('Ctrl Pts',(8.66914711233781,6.14630229113824,-68.9834937870563));
#1225=CARTESIAN_POINT('Ctrl Pts',(8.51723665144944,6.9174769528972,-69.1235245511296));
#1226=CARTESIAN_POINT('Ctrl Pts',(8.14074952501541,7.67064597303592,-69.2326298724407));
#1227=CARTESIAN_POINT('Ctrl Pts',(7.22809391165949,8.69176479458486,-69.3548282502196));
#1228=CARTESIAN_POINT('Ctrl Pts',(5.67013480477828,10.1215420097373,-69.574920746369));
#1229=CARTESIAN_POINT('Ctrl Pts',(3.56226131029281,11.6275862306449,-69.7131592757126));
#1230=CARTESIAN_POINT('Ctrl Pts',(1.22198910771494,12.0770641586005,-69.8214766276982));
#1231=CARTESIAN_POINT('Ctrl Pts',(-0.515577633466448,12.2097027878312,-69.4349665183307));
#1232=CARTESIAN_POINT('Ctrl Pts',(-2.16944249150614,11.6606427971499,-69.8214768048581));
#1233=CARTESIAN_POINT('Ctrl Pts',(-4.33146309752367,10.6583824321748,-69.7131585670736));
#1234=CARTESIAN_POINT('Ctrl Pts',(-6.01236703622294,8.68702231945748,-69.5749234039404));
#1235=CARTESIAN_POINT('Ctrl Pts',(-7.1781899231312,6.92315711906038,-69.3548204251484));
#1236=CARTESIAN_POINT('Ctrl Pts',(-7.81663025058428,5.71086721163803,-69.2326436011263));
#1237=CARTESIAN_POINT('Ctrl Pts',(-7.99968866820783,4.88863345606692,-69.1235490852814));
#1238=CARTESIAN_POINT('Ctrl Pts',(-7.96052975338352,4.10368281226762,-68.9835162818551));
#1239=CARTESIAN_POINT('Ctrl Pts',(-7.84734707094661,3.45328682242063,-68.8585465579511));
#1240=CARTESIAN_POINT('Ctrl Pts',(-7.72200917053818,2.97983336630676,-68.7662256438197));
#1241=CARTESIAN_POINT('Ctrl Pts',(-7.61154703522364,2.61027192880882,-68.695215414908));
#1242=CARTESIAN_POINT('Ctrl Pts',(-7.57198320511742,2.48467289207409,-68.6712504147186));
#1243=CARTESIAN_POINT('Ctrl Pts',(-7.48774386357488,2.22873015399518,-68.6229986279872));
#1244=CARTESIAN_POINT('Ctrl Pts',(-7.44306835213855,2.09838645265101,-68.5987118414451));
#1245=CARTESIAN_POINT('Ctrl Pts',(-7.39602427770681,1.96570997759948,-68.574398192436));
#1246=CARTESIAN_POINT('Ctrl Pts',(8.25083492293748,4.50431676868231,-71.5779353430027));
#1247=CARTESIAN_POINT('Ctrl Pts',(8.29057794720281,4.62759091645141,-71.5902768562123));
#1248=CARTESIAN_POINT('Ctrl Pts',(8.32722998463995,4.746692025754,-71.6046807766836));
#1249=CARTESIAN_POINT('Ctrl Pts',(8.39414207061188,4.97726160289639,-71.6368830894769));
#1250=CARTESIAN_POINT('Ctrl Pts',(8.42440211914666,5.08873007073618,-71.6546814817988));
#1251=CARTESIAN_POINT('Ctrl Pts',(8.50527925852844,5.41275666526663,-71.7120728525313));
#1252=CARTESIAN_POINT('Ctrl Pts',(8.58670742777734,5.81711530067012,-71.7992511968855));
#1253=CARTESIAN_POINT('Ctrl Pts',(8.62458526596624,6.35774523314865,-71.944460039401));
#1254=CARTESIAN_POINT('Ctrl Pts',(8.55601600810015,7.01353771733062,-72.1339559652015));
#1255=CARTESIAN_POINT('Ctrl Pts',(8.23444156703632,7.75412052741454,-72.3192880666674));
#1256=CARTESIAN_POINT('Ctrl Pts',(7.37344697753712,8.84796625407035,-72.5283734284495));
#1257=CARTESIAN_POINT('Ctrl Pts',(5.94137215134901,10.1903292074201,-72.6679588517052));
#1258=CARTESIAN_POINT('Ctrl Pts',(3.75556750098535,11.6334469087094,-72.5877804400978));
#1259=CARTESIAN_POINT('Ctrl Pts',(2.13573755581506,12.019307326137,-72.5746430706398));
#1260=CARTESIAN_POINT('Ctrl Pts',(-0.430972291349137,11.5206464036667,-72.1714487043072));
#1261=CARTESIAN_POINT('Ctrl Pts',(-3.04207887474033,11.383573404191,-72.5746424126178));
#1262=CARTESIAN_POINT('Ctrl Pts',(-4.52043356574505,10.6171937720367,-72.5877830721852));
#1263=CARTESIAN_POINT('Ctrl Pts',(-6.29223191024637,8.68856144997332,-72.6679489807259));
#1264=CARTESIAN_POINT('Ctrl Pts',(-7.35688640539667,7.03833723145126,-72.5284024929997));
#1265=CARTESIAN_POINT('Ctrl Pts',(-7.92795730610052,5.77133193645888,-72.3192370744066));
#1266=CARTESIAN_POINT('Ctrl Pts',(-8.06095516217386,4.97627619775849,-72.1338648383523));
#1267=CARTESIAN_POINT('Ctrl Pts',(-7.96881087264676,4.3231251716457,-71.9443764872915));
#1268=CARTESIAN_POINT('Ctrl Pts',(-7.80120472327029,3.80711417094042,-71.7991859339167));
#1269=CARTESIAN_POINT('Ctrl Pts',(-7.62431757217303,3.43394534069346,-71.7120233656338));
#1270=CARTESIAN_POINT('Ctrl Pts',(-7.46741440327317,3.13873452845584,-71.6546433624166));
#1271=CARTESIAN_POINT('Ctrl Pts',(-7.41107371271039,3.0377752261179,-71.6368486818434));
#1272=CARTESIAN_POINT('Ctrl Pts',(-7.29034528618261,2.83001212019354,-71.6046533363215));
#1273=CARTESIAN_POINT('Ctrl Pts',(-7.2259575502176,2.72320831660711,-71.5902526713729));
#1274=CARTESIAN_POINT('Ctrl Pts',(-7.15756240311318,2.61311571003093,-71.577914034883));
#1275=CARTESIAN_POINT('Ctrl Pts',(9.28287367911198,3.99169630455913,-72.9474372087297));
#1276=CARTESIAN_POINT('Ctrl Pts',(9.30171738232535,4.13548085817871,-72.9747745860182));
#1277=CARTESIAN_POINT('Ctrl Pts',(9.31772039976176,4.27768244573723,-73.0001763173562));
#1278=CARTESIAN_POINT('Ctrl Pts',(9.34411935903404,4.55819144839492,-73.0476330062982));
#1279=CARTESIAN_POINT('Ctrl Pts',(9.35451530086991,4.6964988634941,-73.0696879639022));
#1280=CARTESIAN_POINT('Ctrl Pts',(9.37740395690683,5.10448748959683,-73.1316194533639));
#1281=CARTESIAN_POINT('Ctrl Pts',(9.38579104636753,5.62998267321432,-73.202905750379));
#1282=CARTESIAN_POINT('Ctrl Pts',(9.33376142767461,6.34527872698929,-73.2885565651104));
#1283=CARTESIAN_POINT('Ctrl Pts',(9.18061906941429,7.17844081236384,-73.3911707250458));
#1284=CARTESIAN_POINT('Ctrl Pts',(8.83658100378716,7.95013777448986,-73.5291840280425));
#1285=CARTESIAN_POINT('Ctrl Pts',(8.01980896105195,8.92644951578342,-73.7747392115899));
#1286=CARTESIAN_POINT('Ctrl Pts',(6.61061761234568,10.2568490278638,-74.1354528990356));
#1287=CARTESIAN_POINT('Ctrl Pts',(4.17110987351326,11.8802355120647,-74.3011693173748));
#1288=CARTESIAN_POINT('Ctrl Pts',(1.95894621619279,12.2805418134487,-74.3698685070064));
#1289=CARTESIAN_POINT('Ctrl Pts',(-0.509680596584708,12.1616784628507,-74.8404222970316));
#1290=CARTESIAN_POINT('Ctrl Pts',(-2.93372685643471,11.6797150406305,-74.3698709619339));
#1291=CARTESIAN_POINT('Ctrl Pts',(-4.98337909167734,10.7565338360001,-74.3011594976643));
#1292=CARTESIAN_POINT('Ctrl Pts',(-6.95752910649201,8.58965914014544,-74.1354897253814));
#1293=CARTESIAN_POINT('Ctrl Pts',(-8.00351083241724,6.96265769633137,-73.7746307784607));
#1294=CARTESIAN_POINT('Ctrl Pts',(-8.55879753307259,5.80789492031169,-73.5293742684));
#1295=CARTESIAN_POINT('Ctrl Pts',(-8.70540817104106,4.97094892891261,-73.391510698291));
#1296=CARTESIAN_POINT('Ctrl Pts',(-8.6525390915077,4.12641943337133,-73.2888682787497));
#1297=CARTESIAN_POINT('Ctrl Pts',(-8.53021331543922,3.42203539137504,-73.203149231455));
#1298=CARTESIAN_POINT('Ctrl Pts',(-8.39515003947167,2.91612103706443,-73.1318040775583));
#1299=CARTESIAN_POINT('Ctrl Pts',(-8.27438650515919,2.52718825668172,-73.0698301785202));
#1300=CARTESIAN_POINT('Ctrl Pts',(-8.2308876474989,2.3959611607792,-73.0477613732383));
#1301=CARTESIAN_POINT('Ctrl Pts',(-8.13750144092169,2.13102877371052,-73.0002786910146));
#1302=CARTESIAN_POINT('Ctrl Pts',(-8.08761409200477,1.99732348254436,-72.9748648140729));
#1303=CARTESIAN_POINT('Ctrl Pts',(-8.03458259805404,1.86272283188953,-72.9475167044072));
#1304=CARTESIAN_POINT('Ctrl Pts',(8.16601496281453,4.46985847122451,-74.9301203160626));
#1305=CARTESIAN_POINT('Ctrl Pts',(8.20002347436829,4.57262646047823,-74.9610965625515));
#1306=CARTESIAN_POINT('Ctrl Pts',(8.23105451346633,4.67177305399365,-74.9930478953042));
#1307=CARTESIAN_POINT('Ctrl Pts',(8.28671834675909,4.86367665094818,-75.0582310006991));
#1308=CARTESIAN_POINT('Ctrl Pts',(8.3113511409538,4.9564336543873,-75.0914627733413));
#1309=CARTESIAN_POINT('Ctrl Pts',(8.37498720619507,5.22640008169067,-75.1920741521457));
#1310=CARTESIAN_POINT('Ctrl Pts',(8.43246911360244,5.56420976339122,-75.3286654862256));
#1311=CARTESIAN_POINT('Ctrl Pts',(8.42595423616481,6.02496445543764,-75.5248073910614));
#1312=CARTESIAN_POINT('Ctrl Pts',(8.27943181510866,6.60532671563696,-75.7532383580561));
#1313=CARTESIAN_POINT('Ctrl Pts',(7.81123844338784,7.31826413266239,-75.93654640956));
#1314=CARTESIAN_POINT('Ctrl Pts',(6.72998567541313,8.53717703058653,-76.1711259299121));
#1315=CARTESIAN_POINT('Ctrl Pts',(5.27304344746702,10.4041786509495,-76.6530978516067));
#1316=CARTESIAN_POINT('Ctrl Pts',(3.45549710704866,11.7070797668901,-76.7733144404336));
#1317=CARTESIAN_POINT('Ctrl Pts',(1.67642992888167,12.11560972656,-76.9719240456765));
#1318=CARTESIAN_POINT('Ctrl Pts',(-0.473754138239005,11.8690646901098,-77.2388387513716));
#1319=CARTESIAN_POINT('Ctrl Pts',(-2.61974093317923,11.5884125105993,-76.9719148839877));
#1320=CARTESIAN_POINT('Ctrl Pts',(-4.24697256123559,10.7601104631966,-76.7733510871885));
#1321=CARTESIAN_POINT('Ctrl Pts',(-5.69593122762785,9.06195176871559,-76.652960417203));
#1322=CARTESIAN_POINT('Ctrl Pts',(-6.65605345334833,6.88005173779119,-76.1715305978784));
#1323=CARTESIAN_POINT('Ctrl Pts',(-7.41416005085893,5.47255156131478,-75.9358364403905));
#1324=CARTESIAN_POINT('Ctrl Pts',(-7.69790269916519,4.68596625353506,-75.7519695919238));
#1325=CARTESIAN_POINT('Ctrl Pts',(-7.6993058434112,4.08391580826716,-75.5236440886135));
#1326=CARTESIAN_POINT('Ctrl Pts',(-7.59328024134506,3.62686791041324,-75.32775682489));
#1327=CARTESIAN_POINT('Ctrl Pts',(-7.45502288443309,3.30574995965466,-75.1913851422658));
#1328=CARTESIAN_POINT('Ctrl Pts',(-7.32741914016087,3.05397449841951,-75.0909320342512));
#1329=CARTESIAN_POINT('Ctrl Pts',(-7.28089943763876,2.96822651164676,-75.057751940572));
#1330=CARTESIAN_POINT('Ctrl Pts',(-7.18012802068798,2.79228824852997,-74.9926658410325));
#1331=CARTESIAN_POINT('Ctrl Pts',(-7.12587630625932,2.70209797218594,-74.9607598351724));
#1332=CARTESIAN_POINT('Ctrl Pts',(-7.06787770102215,2.60928823929834,-74.9298236414723));
#1333=CARTESIAN_POINT('Ctrl Pts',(9.29213072973236,3.53594974385931,-78.9716893547188));
#1334=CARTESIAN_POINT('Ctrl Pts',(9.29592895038691,3.67943991470635,-79.0132372007312));
#1335=CARTESIAN_POINT('Ctrl Pts',(9.29660075003529,3.81932930657099,-79.0557727723903));
#1336=CARTESIAN_POINT('Ctrl Pts',(9.29173784871231,4.09204692852276,-79.1424691761097));
#1337=CARTESIAN_POINT('Ctrl Pts',(9.28620314774094,4.22487515860988,-79.1866300081698));
#1338=CARTESIAN_POINT('Ctrl Pts',(9.26035880598602,4.61297870048588,-79.3210251086127));
#1339=CARTESIAN_POINT('Ctrl Pts',(9.20125904673735,5.10276702729288,-79.5053188539032));
#1340=CARTESIAN_POINT('Ctrl Pts',(9.03979969055953,5.75776983891506,-79.7886557245173));
#1341=CARTESIAN_POINT('Ctrl Pts',(8.72892385047816,6.52936002761968,-80.1644271136781));
#1342=CARTESIAN_POINT('Ctrl Pts',(8.16386572422228,7.31149610950268,-80.6093590747163));
#1343=CARTESIAN_POINT('Ctrl Pts',(7.0487556853044,8.48615950634908,-81.1433903778918));
#1344=CARTESIAN_POINT('Ctrl Pts',(5.56940755286673,10.396066615274,-81.2430842291918));
#1345=CARTESIAN_POINT('Ctrl Pts',(3.56807010148292,11.5118720474756,-81.0244348740676));
#1346=CARTESIAN_POINT('Ctrl Pts',(1.72797333270608,11.9619133307969,-79.7851802460814));
#1347=CARTESIAN_POINT('Ctrl Pts',(-0.456761195931276,11.7307188191138,-79.8182596530587));
#1348=CARTESIAN_POINT('Ctrl Pts',(-2.63244913360896,11.4256194043603,-79.7852072123226));
#1349=CARTESIAN_POINT('Ctrl Pts',(-4.30947534379469,10.5482365632205,-81.0243270091029));
#1350=CARTESIAN_POINT('Ctrl Pts',(-5.97965623567608,8.96449846809938,-81.2434887495154));
#1351=CARTESIAN_POINT('Ctrl Pts',(-6.95852899378202,6.80609428070298,-81.1421992902719));
#1352=CARTESIAN_POINT('Ctrl Pts',(-7.74499678961867,5.28828341869045,-80.6114487767884));
#1353=CARTESIAN_POINT('Ctrl Pts',(-8.09836845206186,4.33840135442816,-80.1681615620591));
#1354=CARTESIAN_POINT('Ctrl Pts',(-8.21441853273287,3.52476725043691,-79.7920797542361));
#1355=CARTESIAN_POINT('Ctrl Pts',(-8.21521341619035,2.8748948728258,-79.507993380569));
#1356=CARTESIAN_POINT('Ctrl Pts',(-8.15630218552883,2.40669370578864,-79.3230531197373));
#1357=CARTESIAN_POINT('Ctrl Pts',(-8.08909856706926,2.03923984394289,-79.1881921697734));
#1358=CARTESIAN_POINT('Ctrl Pts',(-8.06286066167217,1.91403805889965,-79.1438792273954));
#1359=CARTESIAN_POINT('Ctrl Pts',(-8.00258982520667,1.65766755273527,-79.0568972995352));
#1360=CARTESIAN_POINT('Ctrl Pts',(-7.96855689413827,1.52649883161411,-79.014228314053));
#1361=CARTESIAN_POINT('Ctrl Pts',(-7.93056563664246,1.39208033884302,-78.9725625778565));
#1362=CARTESIAN_POINT('Ctrl Pts',(9.58533194319119,3.55646637055955,-82.7206579805328));
#1363=CARTESIAN_POINT('Ctrl Pts',(9.58680849455639,3.69309792353903,-82.7848498434902));
#1364=CARTESIAN_POINT('Ctrl Pts',(9.58537096751052,3.82546140302191,-82.8530586079837));
#1365=CARTESIAN_POINT('Ctrl Pts',(9.57673861455668,4.08222209461272,-82.9972337336356));
#1366=CARTESIAN_POINT('Ctrl Pts',(9.56954378864871,4.20661930672065,-83.0732000947939));
#1367=CARTESIAN_POINT('Ctrl Pts',(9.53942964957163,4.56871636140942,-83.3123212636553));
#1368=CARTESIAN_POINT('Ctrl Pts',(9.4765317005271,5.02192688330102,-83.6610750498335));
#1369=CARTESIAN_POINT('Ctrl Pts',(9.3156480771754,5.62666312389624,-84.2673534584125));
#1370=CARTESIAN_POINT('Ctrl Pts',(9.0009668090501,6.37867907955295,-85.1216659914733));
#1371=CARTESIAN_POINT('Ctrl Pts',(8.39832033464488,7.30277651046575,-86.1539672906008));
#1372=CARTESIAN_POINT('Ctrl Pts',(7.19646110304481,8.70942208795795,-87.4108670762214));
#1373=CARTESIAN_POINT('Ctrl Pts',(5.64022334847012,10.2617554445744,-87.6439156783526));
#1374=CARTESIAN_POINT('Ctrl Pts',(3.49016903133671,11.3140811153624,-87.6308944661643));
#1375=CARTESIAN_POINT('Ctrl Pts',(1.48003995472298,11.7038846476492,-87.6093365179804));
#1376=CARTESIAN_POINT('Ctrl Pts',(-0.422838586280959,11.454350182619,-87.6796472209657));
#1377=CARTESIAN_POINT('Ctrl Pts',(-2.32967700680632,11.2373869264917,-87.6092983228558));
#1378=CARTESIAN_POINT('Ctrl Pts',(-4.1851388259164,10.3665649978019,-87.6310472466627));
#1379=CARTESIAN_POINT('Ctrl Pts',(-6.01925448961944,8.84930336609362,-87.6433427143469));
#1380=CARTESIAN_POINT('Ctrl Pts',(-7.14590911304124,6.8920090822251,-87.4125541369044));
#1381=CARTESIAN_POINT('Ctrl Pts',(-7.98783196828444,5.38972273569751,-86.1510081183605));
#1382=CARTESIAN_POINT('Ctrl Pts',(-8.35687575082614,4.42229361775848,-85.1164338192485));
#1383=CARTESIAN_POINT('Ctrl Pts',(-8.47837138535066,3.59826287163431,-84.2626735240793));
#1384=CARTESIAN_POINT('Ctrl Pts',(-8.48437145628947,2.93623935447291,-83.6574959573683));
#1385=CARTESIAN_POINT('Ctrl Pts',(-8.43278909414556,2.45291888353192,-83.3096014044092));
#1386=CARTESIAN_POINT('Ctrl Pts',(-8.37229935680389,2.07414875397053,-83.0710906239568));
#1387=CARTESIAN_POINT('Ctrl Pts',(-8.34850228340104,1.94517874805746,-82.9953220528504));
#1388=CARTESIAN_POINT('Ctrl Pts',(-8.29348055431828,1.68172206427225,-82.8515176553852));
#1389=CARTESIAN_POINT('Ctrl Pts',(-8.26225589863837,1.54723538640011,-82.7834818290261));
#1390=CARTESIAN_POINT('Ctrl Pts',(-8.22723748830363,1.40994533262818,-82.7194437250363));
#1391=CARTESIAN_POINT('Ctrl Pts',(9.62527359371602,3.75883914888925,-84.4721861673182));
#1392=CARTESIAN_POINT('Ctrl Pts',(9.62742290320014,3.89037267756629,-84.5376101609271));
#1393=CARTESIAN_POINT('Ctrl Pts',(9.6264194434174,4.01716223716998,-84.606484810436));
#1394=CARTESIAN_POINT('Ctrl Pts',(9.61859336211116,4.26149118458266,-84.7535516583507));
#1395=CARTESIAN_POINT('Ctrl Pts',(9.61177074058766,4.37903057239165,-84.8317438567566));
#1396=CARTESIAN_POINT('Ctrl Pts',(9.58330369859549,4.71813012765458,-85.0839211309658));
#1397=CARTESIAN_POINT('Ctrl Pts',(9.52401650281483,5.13421324623439,-85.4670926405556));
#1398=CARTESIAN_POINT('Ctrl Pts',(9.36957202817559,5.70610504690868,-86.1319688972914));
#1399=CARTESIAN_POINT('Ctrl Pts',(9.06447471182055,6.43506782568655,-87.0870317399555));
#1400=CARTESIAN_POINT('Ctrl Pts',(8.47499470566196,7.35100490919299,-88.3126671887202));
#1401=CARTESIAN_POINT('Ctrl Pts',(7.27945746119674,8.73867707240102,-89.9093422970194));
#1402=CARTESIAN_POINT('Ctrl Pts',(5.6710847186813,10.1624809472661,-90.4116775641884));
#1403=CARTESIAN_POINT('Ctrl Pts',(3.47675024456584,11.1750791158431,-90.5215153352463));
#1404=CARTESIAN_POINT('Ctrl Pts',(1.42285837007734,11.5078960443839,-90.8600884754801));
#1405=CARTESIAN_POINT('Ctrl Pts',(-0.397675962618732,11.2494158418722,-90.9534705744234));
#1406=CARTESIAN_POINT('Ctrl Pts',(-2.22678295297113,11.061082211019,-90.8600494106441));
#1407=CARTESIAN_POINT('Ctrl Pts',(-4.1384790017775,10.2348234409015,-90.5216715945902));
#1408=CARTESIAN_POINT('Ctrl Pts',(-6.02522756939053,8.74594227402156,-90.4110915531705));
#1409=CARTESIAN_POINT('Ctrl Pts',(-7.23338473891127,6.89904864612053,-89.9110677739051));
#1410=CARTESIAN_POINT('Ctrl Pts',(-8.07413094984308,5.42020942008825,-88.3096401378875));
#1411=CARTESIAN_POINT('Ctrl Pts',(-8.43285515076499,4.46848108230588,-87.0815923744024));
#1412=CARTESIAN_POINT('Ctrl Pts',(-8.5511887755811,3.67448490719323,-86.1269197275966));
#1413=CARTESIAN_POINT('Ctrl Pts',(-8.55901700775959,3.04713136122155,-85.4631066360643));
#1414=CARTESIAN_POINT('Ctrl Pts',(-8.51255509260762,2.59729161268641,-85.0808979118112));
#1415=CARTESIAN_POINT('Ctrl Pts',(-8.45566185349863,2.23771250776938,-84.8294377434846));
#1416=CARTESIAN_POINT('Ctrl Pts',(-8.43302297333814,2.11415292387776,-84.7514837498529));
#1417=CARTESIAN_POINT('Ctrl Pts',(-8.37996180654456,1.86042761910113,-84.6048641768352));
#1418=CARTESIAN_POINT('Ctrl Pts',(-8.34953951991147,1.73026189821613,-84.5361985974491));
#1419=CARTESIAN_POINT('Ctrl Pts',(-8.31500829392997,1.59718992259036,-84.4709553698315));
#1420=CARTESIAN_POINT('Ctrl Pts',(9.63128940555522,3.8995696560305,-85.3976281777047));
#1421=CARTESIAN_POINT('Ctrl Pts',(9.63384743419319,4.0301852996338,-85.4617687754569));
#1422=CARTESIAN_POINT('Ctrl Pts',(9.63302749758005,4.15442171284503,-85.5222653570447));
#1423=CARTESIAN_POINT('Ctrl Pts',(9.62556781311789,4.39213195878313,-85.6521656478546));
#1424=CARTESIAN_POINT('Ctrl Pts',(9.61882518852999,4.50530747455131,-85.7209606759255));
#1425=CARTESIAN_POINT('Ctrl Pts',(9.59068903574131,4.82979805084784,-85.964242967635));
#1426=CARTESIAN_POINT('Ctrl Pts',(9.53233775464992,5.22766101034909,-86.3377363797312));
#1427=CARTESIAN_POINT('Ctrl Pts',(9.38114417635296,5.78335827118199,-87.0064819503019));
#1428=CARTESIAN_POINT('Ctrl Pts',(9.08303130787709,6.49678604530926,-87.9907379131781));
#1429=CARTESIAN_POINT('Ctrl Pts',(8.50760149863237,7.38818155782853,-89.2970262436386));
#1430=CARTESIAN_POINT('Ctrl Pts',(7.32722617771678,8.73207276897924,-91.0619174309264));
#1431=CARTESIAN_POINT('Ctrl Pts',(5.68908332320676,10.1047125701764,-91.74476987714));
#1432=CARTESIAN_POINT('Ctrl Pts',(3.47783095068639,11.0931113862251,-91.9168125434661));
#1433=CARTESIAN_POINT('Ctrl Pts',(1.4116081463888,11.3912369723814,-92.3552986121225));
#1434=CARTESIAN_POINT('Ctrl Pts',(-0.382831909299505,11.1285318424864,-92.4584074047995));
#1435=CARTESIAN_POINT('Ctrl Pts',(-2.18761778095043,10.9503478203199,-92.3552674917729));
#1436=CARTESIAN_POINT('Ctrl Pts',(-4.11980748319011,10.1560777951538,-91.9169370248648));
#1437=CARTESIAN_POINT('Ctrl Pts',(-6.02830416007653,8.68160267646054,-91.7443030408382));
#1438=CARTESIAN_POINT('Ctrl Pts',(-7.27934988766181,6.89266450063824,-91.0632920044816));
#1439=CARTESIAN_POINT('Ctrl Pts',(-8.11263624791334,5.42809116697262,-89.2946143890412));
#1440=CARTESIAN_POINT('Ctrl Pts',(-8.4621297129055,4.4889209002766,-87.9863577731082));
#1441=CARTESIAN_POINT('Ctrl Pts',(-8.57803942815534,3.71736606538572,-87.0023199494115));
#1442=CARTESIAN_POINT('Ctrl Pts',(-8.58750920045988,3.11489445607411,-86.3343835549343));
#1443=CARTESIAN_POINT('Ctrl Pts',(-8.5451007154004,2.68824561285309,-85.96169276666));
#1444=CARTESIAN_POINT('Ctrl Pts',(-8.49180108700698,2.34655328258542,-85.7190175339237));
#1445=CARTESIAN_POINT('Ctrl Pts',(-8.47023532675991,2.22815440678744,-85.6504332236008));
#1446=CARTESIAN_POINT('Ctrl Pts',(-8.41859539443501,1.98261554477793,-85.5209294307922));
#1447=CARTESIAN_POINT('Ctrl Pts',(-8.38870122683527,1.85581663027499,-85.4606163112434));
#1448=CARTESIAN_POINT('Ctrl Pts',(-8.35407523241798,1.72449548474477,-85.3966334097521));
#1449=CARTESIAN_POINT('Ctrl Pts',(9.6307021722364,3.95539031812913,-85.7224380301266));
#1450=CARTESIAN_POINT('Ctrl Pts',(9.63333964586385,4.08436118350471,-85.7752425002287));
#1451=CARTESIAN_POINT('Ctrl Pts',(9.6329108183358,4.20707638117022,-85.8340367801447));
#1452=CARTESIAN_POINT('Ctrl Pts',(9.62556714299171,4.44251325505255,-85.9551128155469));
#1453=CARTESIAN_POINT('Ctrl Pts',(9.61880195816956,4.55341522260099,-86.0251832132849));
#1454=CARTESIAN_POINT('Ctrl Pts',(9.59072553356223,4.87318086525737,-86.2567705636938));
#1455=CARTESIAN_POINT('Ctrl Pts',(9.53254131371018,5.26502769549532,-86.6225567834255));
#1456=CARTESIAN_POINT('Ctrl Pts',(9.38243658785829,5.8153647230676,-87.2883538569006));
#1457=CARTESIAN_POINT('Ctrl Pts',(9.08701728067449,6.52294609294281,-88.2788105207492));
#1458=CARTESIAN_POINT('Ctrl Pts',(8.51751536419948,7.40275084891903,-89.6093141129212));
#1459=CARTESIAN_POINT('Ctrl Pts',(7.34419417279747,8.7263327018981,-91.4299987294801));
#1460=CARTESIAN_POINT('Ctrl Pts',(5.69551084461857,10.0841012564073,-92.1806692097961));
#1461=CARTESIAN_POINT('Ctrl Pts',(3.47948953597757,11.063711021376,-92.3735760751524));
#1462=CARTESIAN_POINT('Ctrl Pts',(1.41074816659833,11.3492398199856,-92.8320076839855));
#1463=CARTESIAN_POINT('Ctrl Pts',(-0.377506767945077,11.0851677045224,-92.9380572071993));
#1464=CARTESIAN_POINT('Ctrl Pts',(-2.17660969942635,10.9096726845932,-92.8319806083549));
#1465=CARTESIAN_POINT('Ctrl Pts',(-4.11436004257465,10.127683435355,-92.3736843776747));
#1466=CARTESIAN_POINT('Ctrl Pts',(-6.02934469877194,8.65804630201935,-92.1802630481033));
#1467=CARTESIAN_POINT('Ctrl Pts',(-7.29504282654792,6.88888579757247,-91.4311946500197));
#1468=CARTESIAN_POINT('Ctrl Pts',(-8.12469731515191,5.42949148338224,-89.6072155129907));
#1469=CARTESIAN_POINT('Ctrl Pts',(-8.47043537731419,4.495291853883,-88.2749772595317));
#1470=CARTESIAN_POINT('Ctrl Pts',(-8.58539663858993,3.73245480818539,-87.2846662100258));
#1471=CARTESIAN_POINT('Ctrl Pts',(-8.59553483418751,3.139535002938,-86.6195544578113));
#1472=CARTESIAN_POINT('Ctrl Pts',(-8.55472636025828,2.72169155217356,-86.2544821518008));
#1473=CARTESIAN_POINT('Ctrl Pts',(-8.50270682235379,2.3864595411101,-86.0234454600269));
#1474=CARTESIAN_POINT('Ctrl Pts',(-8.4817981126427,2.27107396692393,-85.9535611523912));
#1475=CARTESIAN_POINT('Ctrl Pts',(-8.43070541736139,2.02881737804726,-85.8328498476499));
#1476=CARTESIAN_POINT('Ctrl Pts',(-8.40081557725362,1.90373997262422,-85.7742344583742));
#1477=CARTESIAN_POINT('Ctrl Pts',(-8.36654872391903,1.77439975719197,-85.7215766004578));
#1478=CARTESIAN_POINT('Ctrl Pts',(9.62434269773498,4.0848526284295,-86.4047160995567));
#1479=CARTESIAN_POINT('Ctrl Pts',(9.62789720642582,4.21390138083906,-86.4357636019885));
#1480=CARTESIAN_POINT('Ctrl Pts',(9.62754672767811,4.33212725879756,-86.4721691295813));
#1481=CARTESIAN_POINT('Ctrl Pts',(9.62026651321493,4.56171438138033,-86.5618775835652));
#1482=CARTESIAN_POINT('Ctrl Pts',(9.61336091200938,4.66789914272934,-86.6216763510593));
#1483=CARTESIAN_POINT('Ctrl Pts',(9.58503985372666,4.97517642946035,-86.8274185134763));
#1484=CARTESIAN_POINT('Ctrl Pts',(9.5270004302402,5.3548074855923,-87.1719970231921));
#1485=CARTESIAN_POINT('Ctrl Pts',(9.37911251904428,5.8943762439123,-87.8247232937469));
#1486=CARTESIAN_POINT('Ctrl Pts',(9.08986504684434,6.58866793661829,-88.8198886409139));
#1487=CARTESIAN_POINT('Ctrl Pts',(8.53513918173984,7.43697717324313,-90.1924377590222));
#1488=CARTESIAN_POINT('Ctrl Pts',(7.38071837511803,8.7060819193337,-92.1230408167121));
#1489=CARTESIAN_POINT('Ctrl Pts',(5.7096356320542,10.0399717470681,-93.0263916599134));
#1490=CARTESIAN_POINT('Ctrl Pts',(3.48614710669768,11.0001834394483,-93.2604498297009));
#1491=CARTESIAN_POINT('Ctrl Pts',(1.41633528085267,11.25828548784,-93.7231889586941));
#1492=CARTESIAN_POINT('Ctrl Pts',(-0.366020235669484,10.9916335318492,-93.8340177984636));
#1493=CARTESIAN_POINT('Ctrl Pts',(-2.15998820190774,10.8196878870341,-93.7231734106009));
#1494=CARTESIAN_POINT('Ctrl Pts',(-4.10561026766943,10.0659540130691,-93.2605120220738));
#1495=CARTESIAN_POINT('Ctrl Pts',(-6.03177629046549,8.60610379855897,-93.0261584222487));
#1496=CARTESIAN_POINT('Ctrl Pts',(-7.32734320943696,6.87720367954061,-92.1237275720582));
#1497=CARTESIAN_POINT('Ctrl Pts',(-8.14699105432645,5.42897207711854,-90.1912320160612));
#1498=CARTESIAN_POINT('Ctrl Pts',(-8.48365606617235,4.50642253623861,-88.8176295583616));
#1499=CARTESIAN_POINT('Ctrl Pts',(-8.59645162876893,3.76377503309713,-87.8224340289212));
#1500=CARTESIAN_POINT('Ctrl Pts',(-8.60821971841415,3.19306398499298,-87.1700529705385));
#1501=CARTESIAN_POINT('Ctrl Pts',(-8.57113915073471,2.79582534873867,-86.8259242376406));
#1502=CARTESIAN_POINT('Ctrl Pts',(-8.52301107706754,2.47869316409549,-86.6205496621918));
#1503=CARTESIAN_POINT('Ctrl Pts',(-8.50358211119388,2.36978190130569,-86.5608784660797));
#1504=CARTESIAN_POINT('Ctrl Pts',(-8.45419345763997,2.13656192386325,-86.4714333750489));
#1505=CARTESIAN_POINT('Ctrl Pts',(-8.42544834216364,2.0171451171744,-86.4351677797776));
#1506=CARTESIAN_POINT('Ctrl Pts',(-8.39039806426457,1.88914647221113,-86.4042306700002));
#1507=CARTESIAN_POINT('Ctrl Pts',(9.61857045655236,4.15849427663124,-86.7621843165649));
#1508=CARTESIAN_POINT('Ctrl Pts',(9.62279285930444,4.27732647346072,-86.7789796339627));
#1509=CARTESIAN_POINT('Ctrl Pts',(9.62194967096855,4.40105120651752,-86.7930714013803));
#1510=CARTESIAN_POINT('Ctrl Pts',(9.61460862113844,4.63018168899263,-86.8622313353588));
#1511=CARTESIAN_POINT('Ctrl Pts',(9.60810785069818,4.7344510687908,-86.91193426061));
#1512=CARTESIAN_POINT('Ctrl Pts',(9.57931767607017,5.03378917925379,-87.1055388672001));
#1513=CARTESIAN_POINT('Ctrl Pts',(9.52125598770997,5.40722059054304,-87.4366168592646));
#1514=CARTESIAN_POINT('Ctrl Pts',(9.37449603872493,5.94138131287137,-88.0792208239945));
#1515=CARTESIAN_POINT('Ctrl Pts',(9.08872684021677,6.62822973266022,-89.0728941535075));
#1516=CARTESIAN_POINT('Ctrl Pts',(8.54284913371308,7.45663420647673,-90.4632735358406));
#1517=CARTESIAN_POINT('Ctrl Pts',(7.40027458235789,8.69157120385044,-92.4480016053905));
#1518=CARTESIAN_POINT('Ctrl Pts',(5.71733289807805,10.0164535514981,-93.4362147773747));
#1519=CARTESIAN_POINT('Ctrl Pts',(3.49114609212661,10.9660562223696,-93.6905600525629));
#1520=CARTESIAN_POINT('Ctrl Pts',(1.42278237489748,11.2093283080903,-94.1376611615398));
#1521=CARTESIAN_POINT('Ctrl Pts',(-0.359858844748319,10.94146349714,-94.250328587328));
#1522=CARTESIAN_POINT('Ctrl Pts',(-2.15437478591322,10.7703782252018,-94.1376530962649));
#1523=CARTESIAN_POINT('Ctrl Pts',(-4.10230793337967,10.0326189505821,-93.690592313663));
#1524=CARTESIAN_POINT('Ctrl Pts',(-6.03316734346364,8.57771766953977,-93.4360937891288));
#1525=CARTESIAN_POINT('Ctrl Pts',(-7.3439506534399,6.86930026457452,-92.4483578485586));
#1526=CARTESIAN_POINT('Ctrl Pts',(-8.15722372626242,5.42705235444522,-90.4626473951822));
#1527=CARTESIAN_POINT('Ctrl Pts',(-8.48857109062183,4.51118226498781,-89.0716623707681));
#1528=CARTESIAN_POINT('Ctrl Pts',(-8.60014940851335,3.78000651520919,-88.0778555872022));
#1529=CARTESIAN_POINT('Ctrl Pts',(-8.61287896891317,3.22195242018407,-87.4353805803888));
#1530=CARTESIAN_POINT('Ctrl Pts',(-8.57792629635326,2.83651320598332,-87.1045769383395));
#1531=CARTESIAN_POINT('Ctrl Pts',(-8.53260937535432,2.53112638066724,-86.9112139995863));
#1532=CARTESIAN_POINT('Ctrl Pts',(-8.51339744245969,2.42556971321384,-86.8615962786077));
#1533=CARTESIAN_POINT('Ctrl Pts',(-8.46443505854711,2.19522923728629,-86.7926254335381));
#1534=CARTESIAN_POINT('Ctrl Pts',(-8.43488772857181,2.07083506808505,-86.7786591338677));
#1535=CARTESIAN_POINT('Ctrl Pts',(-8.40177391310906,1.95398891478311,-86.7619415488368));
#1536=CARTESIAN_POINT('Ctrl Pts',(9.60987747579441,4.26077496500479,-87.0975551548973));
#1537=CARTESIAN_POINT('Ctrl Pts',(9.6135951066389,4.36460270969716,-87.1029067678517));
#1538=CARTESIAN_POINT('Ctrl Pts',(9.61306247608608,4.48425637517002,-87.1083679571385));
#1539=CARTESIAN_POINT('Ctrl Pts',(9.60590420134887,4.70807037120479,-87.1545257052344));
#1540=CARTESIAN_POINT('Ctrl Pts',(9.59927855716448,4.81223070176671,-87.1952222640434));
#1541=CARTESIAN_POINT('Ctrl Pts',(9.57026210416395,5.10147169108605,-87.3701649947533));
#1542=CARTESIAN_POINT('Ctrl Pts',(9.51213373514072,5.46846268485696,-87.6864303037462));
#1543=CARTESIAN_POINT('Ctrl Pts',(9.36653563780136,5.99712962177604,-88.3159764222957));
#1544=CARTESIAN_POINT('Ctrl Pts',(9.0846640133857,6.6756059693512,-89.3039953546268));
#1545=CARTESIAN_POINT('Ctrl Pts',(8.54931023751547,7.47920190697478,-90.7084890358849));
#1546=CARTESIAN_POINT('Ctrl Pts',(7.42137391218291,8.67182847257229,-92.7459522969421));
#1547=CARTESIAN_POINT('Ctrl Pts',(5.72587192214396,9.99138366219976,-93.828426451302));
#1548=CARTESIAN_POINT('Ctrl Pts',(3.49818712777561,10.9292799413711,-94.1023525043207));
#1549=CARTESIAN_POINT('Ctrl Pts',(1.43364644800519,11.1565218960482,-94.5115908023863));
#1550=CARTESIAN_POINT('Ctrl Pts',(-0.353238327841769,10.8875570371875,-94.6252961703824));
#1551=CARTESIAN_POINT('Ctrl Pts',(-2.1521090596321,10.7161977094245,-94.5115922614716));
#1552=CARTESIAN_POINT('Ctrl Pts',(-4.10037430650193,9.99648899662303,-94.1023466679795));
#1553=CARTESIAN_POINT('Ctrl Pts',(-6.03489390229778,8.54661162786337,-93.8284483375812));
#1554=CARTESIAN_POINT('Ctrl Pts',(-7.36110137992377,6.85892279227977,-92.7458878540084));
#1555=CARTESIAN_POINT('Ctrl Pts',(-8.16640203501397,5.4230395252408,-90.7086006559095));
#1556=CARTESIAN_POINT('Ctrl Pts',(-8.49154799808358,4.51477308793029,-89.3040774889695));
#1557=CARTESIAN_POINT('Ctrl Pts',(-8.60178076465776,3.79658571323147,-88.3158062564737));
#1558=CARTESIAN_POINT('Ctrl Pts',(-8.61564360002269,3.25303589512264,-87.6861196339586));
#1559=CARTESIAN_POINT('Ctrl Pts',(-8.5830978388055,2.88131504188725,-87.3699018544051));
#1560=CARTESIAN_POINT('Ctrl Pts',(-8.54100109258746,2.59099644503129,-87.1950394109127));
#1561=CARTESIAN_POINT('Ctrl Pts',(-8.5221020279899,2.48709355580091,-87.1543802347448));
#1562=CARTESIAN_POINT('Ctrl Pts',(-8.47457026707837,2.26502773011671,-87.1083184924016));
#1563=CARTESIAN_POINT('Ctrl Pts',(-8.44593757076439,2.1468647936629,-87.1029159262264));
#1564=CARTESIAN_POINT('Ctrl Pts',(-8.41724382565222,2.0473227916633,-87.0975551548973));
#1565=CARTESIAN_POINT('',(9.60987747579441,4.2607749650048,-87.0975551548973));
#1566=CARTESIAN_POINT('Ctrl Pts',(7.36550401230218,4.83049587237026,-58.2957044538294));
#1567=CARTESIAN_POINT('Ctrl Pts',(7.60763684176015,4.71892380323426,-59.7922605025069));
#1568=CARTESIAN_POINT('Ctrl Pts',(8.26798273284249,4.37341940157553,-64.0759801682097));
#1569=CARTESIAN_POINT('Ctrl Pts',(8.63870988172424,3.93471952781834,-68.5743924556345));
#1570=CARTESIAN_POINT('Ctrl Pts',(8.25083492293748,4.50431676868232,-71.5779353430027));
#1571=CARTESIAN_POINT('Ctrl Pts',(9.28287367911198,3.99169630455913,-72.9474372087297));
#1572=CARTESIAN_POINT('Ctrl Pts',(8.16601496281453,4.46985847122452,-74.9301203160626));
#1573=CARTESIAN_POINT('Ctrl Pts',(9.29213072973235,3.53594974385931,-78.9716893547187));
#1574=CARTESIAN_POINT('Ctrl Pts',(9.58533194319119,3.55646637055955,-82.7206579805329));
#1575=CARTESIAN_POINT('Ctrl Pts',(9.62527359371602,3.75883914888925,-84.4721861673182));
#1576=CARTESIAN_POINT('Ctrl Pts',(9.63128940555522,3.8995696560305,-85.3976281777047));
#1577=CARTESIAN_POINT('Ctrl Pts',(9.63011493891758,4.01121098022778,-86.0472478825485));
#1578=CARTESIAN_POINT('Ctrl Pts',(9.61857045655236,4.15849427663124,-86.7621843165648));
#1579=CARTESIAN_POINT('Ctrl Pts',(9.60987747579441,4.26077496500479,-87.0975551548973));
#1580=CARTESIAN_POINT('',(9.14293096979957,6.50302024933438,-89.0682886226003));
#1581=CARTESIAN_POINT('Ctrl Pts',(9.60987747579441,4.2607749650048,-87.0975551548973));
#1582=CARTESIAN_POINT('Ctrl Pts',(9.6135951066389,4.36460270969716,-87.1029067678517));
#1583=CARTESIAN_POINT('Ctrl Pts',(9.61252984553326,4.60391004064288,-87.1138291464253));
#1584=CARTESIAN_POINT('Ctrl Pts',(9.59927855716448,4.81223070176671,-87.1952222640434));
#1585=CARTESIAN_POINT('Ctrl Pts',(9.57026210416395,5.10147169108604,-87.3701649947533));
#1586=CARTESIAN_POINT('Ctrl Pts',(9.48306955062912,5.65195818174242,-87.8445629582428));
#1587=CARTESIAN_POINT('Ctrl Pts',(9.30826868138747,6.16971534179285,-88.551683154322));
#1588=CARTESIAN_POINT('Ctrl Pts',(9.14293096979957,6.50302024933438,-89.0682886226003));
#1589=CARTESIAN_POINT('',(-0.35523598716567,10.9038246257038,-94.5873946242313));
#1590=CARTESIAN_POINT('Ctrl Pts',(9.14293096979957,6.50302024933438,-89.0682886226003));
#1591=CARTESIAN_POINT('Ctrl Pts',(8.81225554662373,7.16963006441745,-90.1014995591565));
#1592=CARTESIAN_POINT('Ctrl Pts',(7.76047431019069,8.4079174346468,-92.5294574660702));
#1593=CARTESIAN_POINT('Ctrl Pts',(5.72587192214396,9.99138366219976,-93.828426451302));
#1594=CARTESIAN_POINT('Ctrl Pts',(3.49818712777561,10.9292799413711,-94.1023525043207));
#1595=CARTESIAN_POINT('Ctrl Pts',(1.43364644800519,11.1565218960482,-94.5115908023863));
#1596=CARTESIAN_POINT('Ctrl Pts',(0.242389930773884,10.9772119901411,-94.5873943810504));
#1597=CARTESIAN_POINT('Ctrl Pts',(-0.355235987165664,10.9038246257038,-94.5873946242313));
#1598=CARTESIAN_POINT('Ctrl Pts',(-0.371213571821015,11.0339516102191,-58.2998349810696));
#1599=CARTESIAN_POINT('Ctrl Pts',(-0.370318299758278,11.026660204393,-58.5161165670393));
#1600=CARTESIAN_POINT('Ctrl Pts',(-0.369381886226318,11.0190337285875,-58.7329404200025));
#1601=CARTESIAN_POINT('Ctrl Pts',(-0.368443777297242,11.0113934444819,-58.9496949253028));
#1602=CARTESIAN_POINT('Ctrl Pts',(-0.367780434332574,11.0059909495771,-59.1029634548888));
#1603=CARTESIAN_POINT('Ctrl Pts',(-0.367131629952406,11.0007068619431,-59.2527024196583));
#1604=CARTESIAN_POINT('Ctrl Pts',(-0.366507654642112,10.9956249908583,-59.3991974237392));
#1605=CARTESIAN_POINT('Ctrl Pts',(-0.365818549157779,10.9900126770738,-59.560983489749));
#1606=CARTESIAN_POINT('Ctrl Pts',(-0.365159685035159,10.9846466594188,-59.7188137090673));
#1607=CARTESIAN_POINT('Ctrl Pts',(-0.36454117574057,10.979609305467,-59.873128983206));
#1608=CARTESIAN_POINT('Ctrl Pts',(-0.363776286297007,10.9733797808747,-60.0639654430642));
#1609=CARTESIAN_POINT('Ctrl Pts',(-0.363073066397261,10.9676525144166,-60.2494271725997));
#1610=CARTESIAN_POINT('Ctrl Pts',(-0.362445782234486,10.9625436949115,-60.4304195805138));
#1611=CARTESIAN_POINT('Ctrl Pts',(-0.361622567346484,10.9558391477122,-60.66794453914));
#1612=CARTESIAN_POINT('Ctrl Pts',(-0.360929711618504,10.9501962906803,-60.8977790577595));
#1613=CARTESIAN_POINT('Ctrl Pts',(-0.360395310620278,10.9458439438654,-61.1220238305881));
#1614=CARTESIAN_POINT('Ctrl Pts',(-0.359994509871611,10.9425796837542,-61.2902074102096));
#1615=CARTESIAN_POINT('Ctrl Pts',(-0.359682672893946,10.9400399754163,-61.4552491121688));
#1616=CARTESIAN_POINT('Ctrl Pts',(-0.359473657504901,10.9383376817169,-61.618000198053));
#1617=CARTESIAN_POINT('Ctrl Pts',(-0.359302644052969,10.9369448889513,-61.7511608477547));
#1618=CARTESIAN_POINT('Ctrl Pts',(-0.359200458622575,10.9361126554376,-61.8827880897498));
#1619=CARTESIAN_POINT('Ctrl Pts',(-0.35917688144589,10.9359206347734,-62.0133126294565));
#1620=CARTESIAN_POINT('Ctrl Pts',(-0.359154590996532,10.9357390936608,-62.1367137762918));
#1621=CARTESIAN_POINT('Ctrl Pts',(-0.359202532917251,10.9361295492999,-62.2591297495238));
#1622=CARTESIAN_POINT('Ctrl Pts',(-0.359331407859292,10.9371791515005,-62.3808855818455));
#1623=CARTESIAN_POINT('Ctrl Pts',(-0.359451083526088,10.9381538316146,-62.4939503110198));
#1624=CARTESIAN_POINT('Ctrl Pts',(-0.359640539691759,10.9396968282843,-62.6064459347941));
#1625=CARTESIAN_POINT('Ctrl Pts',(-0.35991076433225,10.9418976313913,-62.7185943367296));
#1626=CARTESIAN_POINT('Ctrl Pts',(-0.360170322393488,10.9440115621808,-62.8263159039553));
#1627=CARTESIAN_POINT('Ctrl Pts',(-0.360504379227353,10.9467322367812,-62.933717414502));
#1628=CARTESIAN_POINT('Ctrl Pts',(-0.36092521704133,10.9501596857447,-63.0409552793756));
#1629=CARTESIAN_POINT('Ctrl Pts',(-0.361398250641366,10.9540122352739,-63.1614936711187));
#1630=CARTESIAN_POINT('Ctrl Pts',(-0.361981055419681,10.958758799304,-63.2818247685552));
#1631=CARTESIAN_POINT('Ctrl Pts',(-0.362675782862973,10.9644169002863,-63.4023026780471));
#1632=CARTESIAN_POINT('Ctrl Pts',(-0.363329819709171,10.9697436029489,-63.5157241251504));
#1633=CARTESIAN_POINT('Ctrl Pts',(-0.364083097125737,10.9758785551924,-63.6292753171622));
#1634=CARTESIAN_POINT('Ctrl Pts',(-0.364938786207156,10.9828475835076,-63.7432110413537));
#1635=CARTESIAN_POINT('Ctrl Pts',(-0.365034074557236,10.9836236448413,-63.7558987656789));
#1636=CARTESIAN_POINT('Ctrl Pts',(-0.365130633981766,10.9844100582456,-63.76859121777));
#1637=CARTESIAN_POINT('Ctrl Pts',(-0.365228469633433,10.9852068656858,-63.7812887187605));
#1638=CARTESIAN_POINT('Ctrl Pts',(-0.365291387387781,10.9857192896738,-63.7894544358032));
#1639=CARTESIAN_POINT('Ctrl Pts',(-0.365354845047763,10.9862361108401,-63.7976237094272));
#1640=CARTESIAN_POINT('Ctrl Pts',(-0.365418697112331,10.9867561441741,-63.8057780896282));
#1641=CARTESIAN_POINT('Ctrl Pts',(-0.366706185307135,10.9972418940543,-63.9701998403683));
#1642=CARTESIAN_POINT('Ctrl Pts',(-0.368166600516335,11.0091360214418,-64.130255944762));
#1643=CARTESIAN_POINT('Ctrl Pts',(-0.369771895567798,11.0222101004509,-64.2863848002866));
#1644=CARTESIAN_POINT('Ctrl Pts',(-0.371426537195793,11.035686075074,-64.447313038025));
#1645=CARTESIAN_POINT('Ctrl Pts',(-0.373235143313467,11.0504159898341,-64.604068830657));
#1646=CARTESIAN_POINT('Ctrl Pts',(-0.375170634834803,11.0661793032745,-64.7570837109218));
#1647=CARTESIAN_POINT('Ctrl Pts',(-0.377166778311826,11.082436587253,-64.9148935756311));
#1648=CARTESIAN_POINT('Ctrl Pts',(-0.37929793245851,11.0997934448924,-65.0687243627766));
#1649=CARTESIAN_POINT('Ctrl Pts',(-0.381537510876246,11.1180333473532,-65.2189991700327));
#1650=CARTESIAN_POINT('Ctrl Pts',(-0.383846737139524,11.1368404859952,-65.3739473195938));
#1651=CARTESIAN_POINT('Ctrl Pts',(-0.386271295328623,11.1565869277917,-65.5251148380225));
#1652=CARTESIAN_POINT('Ctrl Pts',(-0.388784472798793,11.1770551157107,-65.6729134820494));
#1653=CARTESIAN_POINT('Ctrl Pts',(-0.391370417616688,11.1981159461174,-65.8249915354895));
#1654=CARTESIAN_POINT('Ctrl Pts',(-0.39405026120053,11.2199415206002,-65.9735027416645));
#1655=CARTESIAN_POINT('Ctrl Pts',(-0.396796412248361,11.2423071260387,-66.118842206441));
#1656=CARTESIAN_POINT('Ctrl Pts',(-0.399627327867531,11.2653630835099,-66.2686678182706));
#1657=CARTESIAN_POINT('Ctrl Pts',(-0.402528799367475,11.2889936725146,-66.415122811374));
#1658=CARTESIAN_POINT('Ctrl Pts',(-0.405470904738192,11.312955197839,-66.5585848737207));
#1659=CARTESIAN_POINT('Ctrl Pts',(-0.408425313078793,11.337016922812,-66.702646849806));
#1660=CARTESIAN_POINT('Ctrl Pts',(-0.411420798515409,11.3614131938844,-66.8436905257161));
#1661=CARTESIAN_POINT('Ctrl Pts',(-0.414425881967127,11.3858876345173,-66.9820465200279));
#1662=CARTESIAN_POINT('Ctrl Pts',(-0.417398617060087,11.4100986189106,-67.118913174888));
#1663=CARTESIAN_POINT('Ctrl Pts',(-0.420380843964238,11.4343869079027,-67.2531493208756));
#1664=CARTESIAN_POINT('Ctrl Pts',(-0.423339439082972,11.4584827314491,-67.3850295431507));
#1665=CARTESIAN_POINT('Ctrl Pts',(-0.426227725888625,11.482005939738,-67.5137757522929));
#1666=CARTESIAN_POINT('Ctrl Pts',(-0.429093576620718,11.5053464208728,-67.6402762628597));
#1667=CARTESIAN_POINT('Ctrl Pts',(-0.431902290101611,11.528221556442,-67.7647489407756));
#1668=CARTESIAN_POINT('Ctrl Pts',(-0.434568996291386,11.5499401354389,-67.8829283360447));
#1669=CARTESIAN_POINT('Ctrl Pts',(-0.437184246849844,11.5712396419507,-67.9992793029243));
#1670=CARTESIAN_POINT('Ctrl Pts',(-0.439713868651137,11.5918417582027,-68.1139605072163));
#1671=CARTESIAN_POINT('Ctrl Pts',(-0.442165391330536,11.6118078081511,-68.2251010631203));
#1672=CARTESIAN_POINT('Ctrl Pts',(-0.44453654634385,11.6311193159879,-68.3346730637288));
#1673=CARTESIAN_POINT('Ctrl Pts',(-0.446791143436652,11.6494815357443,-68.4427994616481));
#1674=CARTESIAN_POINT('Ctrl Pts',(-0.448967314552753,11.6672050271783,-68.5471646916003));
#1675=CARTESIAN_POINT('Ctrl Pts',(-0.451034939788735,11.6840444833642,-68.6501828679756));
#1676=CARTESIAN_POINT('Ctrl Pts',(-0.452955955203323,11.6996898983784,-68.751948395189));
#1677=CARTESIAN_POINT('Ctrl Pts',(-0.454876970617911,11.7153353133926,-68.8537139224024));
#1678=CARTESIAN_POINT('Ctrl Pts',(-0.456651458190676,11.7297873549052,-68.9542266164047));
#1679=CARTESIAN_POINT('Ctrl Pts',(-0.458234755761503,11.7426822788123,-69.0535676561162));
#1680=CARTESIAN_POINT('Ctrl Pts',(-0.458359293254346,11.7436965552966,-69.0613815277787));
#1681=CARTESIAN_POINT('Ctrl Pts',(-0.458482644101396,11.7447011673267,-69.069188144589));
#1682=CARTESIAN_POINT('Ctrl Pts',(-0.458604784594463,11.7456959218145,-69.0769875431244));
#1683=CARTESIAN_POINT('Ctrl Pts',(-0.459928287328938,11.7564749865758,-69.1615010818335));
#1684=CARTESIAN_POINT('Ctrl Pts',(-0.461109624842807,11.7660962085337,-69.2451673267066));
#1685=CARTESIAN_POINT('Ctrl Pts',(-0.462154146020949,11.7746031508597,-69.3280425766047));
#1686=CARTESIAN_POINT('Ctrl Pts',(-0.462241913710352,11.7753179613274,-69.3350063120889));
#1687=CARTESIAN_POINT('Ctrl Pts',(-0.462328593229611,11.7760239093604,-69.3419547406488));
#1688=CARTESIAN_POINT('Ctrl Pts',(-0.462414191139659,11.7767210483934,-69.3488875383042));
#1689=CARTESIAN_POINT('Ctrl Pts',(-0.463598577416588,11.7863671005373,-69.4448140673404));
#1690=CARTESIAN_POINT('Ctrl Pts',(-0.464576629484191,11.7943326954004,-69.5377822089155));
#1691=CARTESIAN_POINT('Ctrl Pts',(-0.465379424174807,11.8008709334713,-69.6281846994737));
#1692=CARTESIAN_POINT('Ctrl Pts',(-0.466219813915609,11.8077153586549,-69.7228207583518));
#1693=CARTESIAN_POINT('Ctrl Pts',(-0.466868109640158,11.8129953036234,-69.8146450924673));
#1694=CARTESIAN_POINT('Ctrl Pts',(-0.467355565815568,11.8169653155844,-69.9040618688377));
#1695=CARTESIAN_POINT('Ctrl Pts',(-0.467870033771793,11.821155320846,-69.9984335652325));
#1696=CARTESIAN_POINT('Ctrl Pts',(-0.468205293664435,11.823885793555,-70.0901233237703));
#1697=CARTESIAN_POINT('Ctrl Pts',(-0.468393978448799,11.8254225078046,-70.1795581601434));
#1698=CARTESIAN_POINT('Ctrl Pts',(-0.46860500834871,11.8271412084161,-70.2795843738729));
#1699=CARTESIAN_POINT('Ctrl Pts',(-0.468632634457211,11.8273662050143,-70.3767901312403));
#1700=CARTESIAN_POINT('Ctrl Pts',(-0.468518293875068,11.8264349757026,-70.4717134145977));
#1701=CARTESIAN_POINT('Ctrl Pts',(-0.468392654732131,11.8254117269976,-70.5760165390197));
#1702=CARTESIAN_POINT('Ctrl Pts',(-0.468095439153265,11.8229911003595,-70.6775634344177));
#1703=CARTESIAN_POINT('Ctrl Pts',(-0.467678603085096,11.8195962430167,-70.7770014794515));
#1704=CARTESIAN_POINT('Ctrl Pts',(-0.46723086971753,11.8159497473639,-70.8838102087504));
#1705=CARTESIAN_POINT('Ctrl Pts',(-0.466644795915142,11.8111765592849,-70.9881845261857));
#1706=CARTESIAN_POINT('Ctrl Pts',(-0.465985425978425,11.8058064220961,-71.0908675667928));
#1707=CARTESIAN_POINT('Ctrl Pts',(-0.465360504660796,11.8007168463951,-71.1881859573669));
#1708=CARTESIAN_POINT('Ctrl Pts',(-0.464669472256284,11.7950888390998,-71.2839830085564));
#1709=CARTESIAN_POINT('Ctrl Pts',(-0.463972702387582,11.7894141039086,-71.378868071927));
#1710=CARTESIAN_POINT('Ctrl Pts',(-0.463400637799646,11.7847550117252,-71.4567709594035));
#1711=CARTESIAN_POINT('Ctrl Pts',(-0.462824710038729,11.7800644565228,-71.534058176138));
#1712=CARTESIAN_POINT('Ctrl Pts',(-0.462283038674464,11.7756528972821,-71.6110691738637));
#1713=CARTESIAN_POINT('Ctrl Pts',(-0.461775263800218,11.7715174027989,-71.683261008739));
#1714=CARTESIAN_POINT('Ctrl Pts',(-0.461297537811041,11.7676266368454,-71.755209586548));
#1715=CARTESIAN_POINT('Ctrl Pts',(-0.460886271232445,11.764277139355,-71.8272057909719));
#1716=CARTESIAN_POINT('Ctrl Pts',(-0.460508397101052,11.7611996015228,-71.8933563235611));
#1717=CARTESIAN_POINT('Ctrl Pts',(-0.460186614907916,11.7585788958675,-71.9595467902492));
#1718=CARTESIAN_POINT('Ctrl Pts',(-0.459953949654523,11.7566839894422,-72.0260178693472));
#1719=CARTESIAN_POINT('Ctrl Pts',(-0.459722922988895,11.7548024282433,-72.092020813666));
#1720=CARTESIAN_POINT('Ctrl Pts',(-0.459579687927208,11.7536358722801,-72.1582999784648));
#1721=CARTESIAN_POINT('Ctrl Pts',(-0.45956221835046,11.7534935939952,-72.2251119670846));
#1722=CARTESIAN_POINT('Ctrl Pts',(-0.459560475304566,11.7534793980256,-72.2317782054267));
#1723=CARTESIAN_POINT('Ctrl Pts',(-0.459559989512571,11.7534754415674,-72.2384497689169));
#1724=CARTESIAN_POINT('Ctrl Pts',(-0.459560802264884,11.7534820609038,-72.2451269268025));
#1725=CARTESIAN_POINT('Ctrl Pts',(-0.459563972145553,11.7535078775101,-72.2711690473446));
#1726=CARTESIAN_POINT('Ctrl Pts',(-0.459586897941117,11.7536945931311,-72.2972962681715));
#1727=CARTESIAN_POINT('Ctrl Pts',(-0.459629167359247,11.7540388499157,-72.3235146924865));
#1728=CARTESIAN_POINT('Ctrl Pts',(-0.459650165929397,11.7542098695455,-72.336539461849));
#1729=CARTESIAN_POINT('Ctrl Pts',(-0.459675937867848,11.7544197651404,-72.3495867396531));
#1730=CARTESIAN_POINT('Ctrl Pts',(-0.459706429801946,11.754668102015,-72.3626572767744));
#1731=CARTESIAN_POINT('Ctrl Pts',(-0.459728409035781,11.7548471085095,-72.3720787975878));
#1732=CARTESIAN_POINT('Ctrl Pts',(-0.459752840660825,11.7550460881277,-72.3815124035904));
#1733=CARTESIAN_POINT('Ctrl Pts',(-0.459779704013381,11.7552648725772,-72.3909583767002));
#1734=CARTESIAN_POINT('Ctrl Pts',(-0.459800696477408,11.7554358424766,-72.3983399665543));
#1735=CARTESIAN_POINT('Ctrl Pts',(-0.459823186005523,11.7556190049846,-72.4057322012983));
#1736=CARTESIAN_POINT('Ctrl Pts',(-0.459847074639018,11.7558135622914,-72.4131100132578));
#1737=CARTESIAN_POINT('Ctrl Pts',(-0.460117599988327,11.7580168144537,-72.4966595874909));
#1738=CARTESIAN_POINT('Ctrl Pts',(-0.460568707331133,11.7616907889297,-72.5790139861758));
#1739=CARTESIAN_POINT('Ctrl Pts',(-0.461160428713438,11.7665099728561,-72.6604794139531));
#1740=CARTESIAN_POINT('Ctrl Pts',(-0.461809130857768,11.7717932278481,-72.7497896860979));
#1741=CARTESIAN_POINT('Ctrl Pts',(-0.462626904702939,11.7784534613429,-72.8380314472683));
#1742=CARTESIAN_POINT('Ctrl Pts',(-0.463568259451872,11.7861201805298,-72.9255886002314));
#1743=CARTESIAN_POINT('Ctrl Pts',(-0.464692274405942,11.7952745477059,-73.0301353180097));
#1744=CARTESIAN_POINT('Ctrl Pts',(-0.465992612787633,11.80586495396,-73.1337059421805));
#1745=CARTESIAN_POINT('Ctrl Pts',(-0.467400189023321,11.8173287424472,-73.2369276398756));
#1746=CARTESIAN_POINT('Ctrl Pts',(-0.469018265086518,11.8305069144527,-73.3555859079025));
#1747=CARTESIAN_POINT('Ctrl Pts',(-0.470778705803645,11.8448445535189,-73.4737821000857));
#1748=CARTESIAN_POINT('Ctrl Pts',(-0.472580376648966,11.8595179850323,-73.5924448054227));
#1749=CARTESIAN_POINT('Ctrl Pts',(-0.473931629782957,11.8705230586674,-73.6814418344254));
#1750=CARTESIAN_POINT('Ctrl Pts',(-0.475306261932217,11.8817185391021,-73.7707005435253));
#1751=CARTESIAN_POINT('Ctrl Pts',(-0.476658623719462,11.8927326419933,-73.8606122600789));
#1752=CARTESIAN_POINT('Ctrl Pts',(-0.477886071801589,11.9027294043965,-73.9422190942008));
#1753=CARTESIAN_POINT('Ctrl Pts',(-0.479095270983879,11.9125775414375,-74.0243636152259));
#1754=CARTESIAN_POINT('Ctrl Pts',(-0.480247614859905,11.921962629168,-74.1073434661544));
#1755=CARTESIAN_POINT('Ctrl Pts',(-0.481324945706368,11.9307367847991,-74.1849216569183));
#1756=CARTESIAN_POINT('Ctrl Pts',(-0.482352653033435,11.9391067892974,-74.2632297915889));
#1757=CARTESIAN_POINT('Ctrl Pts',(-0.483293939087732,11.9467729490114,-74.3425186187258));
#1758=CARTESIAN_POINT('Ctrl Pts',(-0.484163525866224,11.9538551649845,-74.4157678881114));
#1759=CARTESIAN_POINT('Ctrl Pts',(-0.484959384699814,11.9603369150331,-74.4898540529618));
#1760=CARTESIAN_POINT('Ctrl Pts',(-0.485647225323275,11.9659389273578,-74.5649831501362));
#1761=CARTESIAN_POINT('Ctrl Pts',(-0.486050764551485,11.9692254906296,-74.6090595493132));
#1762=CARTESIAN_POINT('Ctrl Pts',(-0.486417023022448,11.9722084264993,-74.6534950774344));
#1763=CARTESIAN_POINT('Ctrl Pts',(-0.486738059664173,11.9748230601256,-74.6983330239973));
#1764=CARTESIAN_POINT('Ctrl Pts',(-0.486941668558753,11.9764813214988,-74.7267702911137));
#1765=CARTESIAN_POINT('Ctrl Pts',(-0.487127059322017,11.9779912080993,-74.7553694461131));
#1766=CARTESIAN_POINT('Ctrl Pts',(-0.487294436558388,11.9793543862965,-74.7841432016168));
#1767=CARTESIAN_POINT('Ctrl Pts',(-0.487403048419759,11.9802389589217,-74.8028146243957));
#1768=CARTESIAN_POINT('Ctrl Pts',(-0.487504075178377,11.9810617558424,-74.8215595741064));
#1769=CARTESIAN_POINT('Ctrl Pts',(-0.487597573264606,11.981823236647,-74.840381603794));
#1770=CARTESIAN_POINT('Ctrl Pts',(-0.487634599633678,11.9821247922237,-74.8478353544108));
#1771=CARTESIAN_POINT('Ctrl Pts',(-0.487670436756441,11.9824166621665,-74.8552997403237));
#1772=CARTESIAN_POINT('Ctrl Pts',(-0.487705036797019,11.9826984568834,-74.8627627202343));
#1773=CARTESIAN_POINT('Ctrl Pts',(-0.488390306336343,11.9882795294082,-75.0105704314351));
#1774=CARTESIAN_POINT('Ctrl Pts',(-0.488597380989164,11.9899660171172,-75.1591228816794));
#1775=CARTESIAN_POINT('Ctrl Pts',(-0.488426339302079,11.9885729943639,-75.3093822336877));
#1776=CARTESIAN_POINT('Ctrl Pts',(-0.488254579224925,11.9871741207931,-75.460272688133));
#1777=CARTESIAN_POINT('Ctrl Pts',(-0.487701234435688,11.9826674891355,-75.612882528297));
#1778=CARTESIAN_POINT('Ctrl Pts',(-0.486863990559087,11.9758486849597,-75.7682268895584));
#1779=CARTESIAN_POINT('Ctrl Pts',(-0.486149228597963,11.9700274159347,-75.9008456442715));
#1780=CARTESIAN_POINT('Ctrl Pts',(-0.48522739239555,11.9625196625524,-76.0354573557288));
#1781=CARTESIAN_POINT('Ctrl Pts',(-0.484159565144836,11.9538229074973,-76.1727329668127));
#1782=CARTESIAN_POINT('Ctrl Pts',(-0.483157991031447,11.9456657409445,-76.3014913388901));
#1783=CARTESIAN_POINT('Ctrl Pts',(-0.482027888386088,11.9364617935016,-76.4325929924432));
#1784=CARTESIAN_POINT('Ctrl Pts',(-0.480821587128789,11.9266372581656,-76.5666318400242));
#1785=CARTESIAN_POINT('Ctrl Pts',(-0.479707580330468,11.9175644008769,-76.6904153365106));
#1786=CARTESIAN_POINT('Ctrl Pts',(-0.478528542590692,11.9079619090727,-76.8167037309617));
#1787=CARTESIAN_POINT('Ctrl Pts',(-0.477328290099982,11.8981866369873,-76.9460023251501));
#1788=CARTESIAN_POINT('Ctrl Pts',(-0.476344558741802,11.8901747880142,-77.0519759287511));
#1789=CARTESIAN_POINT('Ctrl Pts',(-0.475346603121293,11.8820470917209,-77.159972165403));
#1790=CARTESIAN_POINT('Ctrl Pts',(-0.474360345714186,11.8740146697303,-77.2702910248723));
#1791=CARTESIAN_POINT('Ctrl Pts',(-0.473969969228291,11.8708353083918,-77.3139569972414));
#1792=CARTESIAN_POINT('Ctrl Pts',(-0.473581452384218,11.8676710926206,-77.3579865772559));
#1793=CARTESIAN_POINT('Ctrl Pts',(-0.473193918809568,11.8645148849362,-77.4026067643989));
#1794=CARTESIAN_POINT('Ctrl Pts',(-0.473078832034413,11.86357757837,-77.4158577283954));
#1795=CARTESIAN_POINT('Ctrl Pts',(-0.472963831819066,11.8626409767769,-77.4291608252412));
#1796=CARTESIAN_POINT('Ctrl Pts',(-0.472848894802666,11.861704889898,-77.4425221183486));
#1797=CARTESIAN_POINT('Ctrl Pts',(-0.472806508860061,11.8613596840977,-77.4474494343739));
#1798=CARTESIAN_POINT('Ctrl Pts',(-0.472764173172275,11.8610148875902,-77.4523798321604));
#1799=CARTESIAN_POINT('Ctrl Pts',(-0.472721955220633,11.8606710499665,-77.4573055240852));
#1800=CARTESIAN_POINT('Ctrl Pts',(-0.472293290368039,11.8571798549054,-77.5073191064776));
#1801=CARTESIAN_POINT('Ctrl Pts',(-0.471874577394637,11.8537697113961,-77.5571036418744));
#1802=CARTESIAN_POINT('Ctrl Pts',(-0.471464246890862,11.8504278376235,-77.6068845288743));
#1803=CARTESIAN_POINT('Ctrl Pts',(-0.471035867579494,11.8469389681091,-77.6588550791896));
#1804=CARTESIAN_POINT('Ctrl Pts',(-0.470616625288668,11.8435245136554,-77.71082138244));
#1805=CARTESIAN_POINT('Ctrl Pts',(-0.470205020951351,11.840172265341,-77.7629809322309));
#1806=CARTESIAN_POINT('Ctrl Pts',(-0.469773222271031,11.8366555473013,-77.817699560593));
#1807=CARTESIAN_POINT('Ctrl Pts',(-0.469349830387807,11.8332072971296,-77.8726305597178));
#1808=CARTESIAN_POINT('Ctrl Pts',(-0.468933408743412,11.8298158149975,-77.9279428892927));
#1809=CARTESIAN_POINT('Ctrl Pts',(-0.46849376420621,11.8262351975814,-77.9863398623239));
#1810=CARTESIAN_POINT('Ctrl Pts',(-0.468061890084801,11.8227178651233,-78.0451615364224));
#1811=CARTESIAN_POINT('Ctrl Pts',(-0.467636400082068,11.8192525271395,-78.104547563041));
#1812=CARTESIAN_POINT('Ctrl Pts',(-0.467183201545534,11.8155615212573,-78.1678008949201));
#1813=CARTESIAN_POINT('Ctrl Pts',(-0.466737246858424,11.8119295117942,-78.2316940652225));
#1814=CARTESIAN_POINT('Ctrl Pts',(-0.466297179539481,11.8083454510971,-78.2963364221014));
#1815=CARTESIAN_POINT('Ctrl Pts',(-0.465798699278826,11.8042856551669,-78.3695591712553));
#1816=CARTESIAN_POINT('Ctrl Pts',(-0.465307771645353,11.8002873704488,-78.4437431013879));
#1817=CARTESIAN_POINT('Ctrl Pts',(-0.464822827989037,11.7963378213138,-78.5189765734995));
#1818=CARTESIAN_POINT('Ctrl Pts',(-0.46427942693944,11.7919121749166,-78.6032790428221));
#1819=CARTESIAN_POINT('Ctrl Pts',(-0.463743540604539,11.7875477309591,-78.6888985111523));
#1820=CARTESIAN_POINT('Ctrl Pts',(-0.4632134415112,11.7832304203018,-78.7758834642025));
#1821=CARTESIAN_POINT('Ctrl Pts',(-0.462596057493511,11.7782022309827,-78.877191163965));
#1822=CARTESIAN_POINT('Ctrl Pts',(-0.461986525363948,11.7732379901605,-78.9803493071823));
#1823=CARTESIAN_POINT('Ctrl Pts',(-0.461382713372652,11.7683203361261,-79.0853576920775));
#1824=CARTESIAN_POINT('Ctrl Pts',(-0.460652566049596,11.7623737633837,-79.2123369376624));
#1825=CARTESIAN_POINT('Ctrl Pts',(-0.459930792306456,11.7564953879769,-79.3420163832702));
#1826=CARTESIAN_POINT('Ctrl Pts',(-0.459214353535898,11.7506604624351,-79.4743495330296));
#1827=CARTESIAN_POINT('Ctrl Pts',(-0.458603978296701,11.745689355036,-79.5870917257435));
#1828=CARTESIAN_POINT('Ctrl Pts',(-0.457997498199748,11.7407499710248,-79.70175721374));
#1829=CARTESIAN_POINT('Ctrl Pts',(-0.457393221040058,11.7358285284977,-79.818346599466));
#1830=CARTESIAN_POINT('Ctrl Pts',(-0.456864478525326,11.7315222662866,-79.9203623119761));
#1831=CARTESIAN_POINT('Ctrl Pts',(-0.456337429000557,11.7272297923723,-80.0238506382068));
#1832=CARTESIAN_POINT('Ctrl Pts',(-0.455810932570477,11.7229418230526,-80.1288528492186));
#1833=CARTESIAN_POINT('Ctrl Pts',(-0.455309061539276,11.7188544115123,-80.2289438753082));
#1834=CARTESIAN_POINT('Ctrl Pts',(-0.45480769606222,11.7147711173802,-80.3304101371871));
#1835=CARTESIAN_POINT('Ctrl Pts',(-0.454305782201515,11.7106833570216,-80.4333322316127));
#1836=CARTESIAN_POINT('Ctrl Pts',(-0.453818537047641,11.7067150636931,-80.5332463715908));
#1837=CARTESIAN_POINT('Ctrl Pts',(-0.453330777010883,11.7027425769801,-80.6345322520607));
#1838=CARTESIAN_POINT('Ctrl Pts',(-0.452841438853003,11.6987572375019,-80.7373111547608));
#1839=CARTESIAN_POINT('Ctrl Pts',(-0.452363018442206,11.6948608159381,-80.8377969314358));
#1840=CARTESIAN_POINT('Ctrl Pts',(-0.451883090888079,11.6909521196769,-80.9397096813437));
#1841=CARTESIAN_POINT('Ctrl Pts',(-0.451400542948158,11.6870220820861,-81.0432118710781));
#1842=CARTESIAN_POINT('Ctrl Pts',(-0.450926921529754,11.6831647451789,-81.1447994022945));
#1843=CARTESIAN_POINT('Ctrl Pts',(-0.450450776795515,11.6792868575135,-81.2479179790932));
#1844=CARTESIAN_POINT('Ctrl Pts',(-0.449970922432046,11.6753787573424,-81.3527712974742));
#1845=CARTESIAN_POINT('Ctrl Pts',(-0.449503105048505,11.6715686905059,-81.4549944068057));
#1846=CARTESIAN_POINT('Ctrl Pts',(-0.449031762408917,11.6677299127627,-81.558866279326));
#1847=CARTESIAN_POINT('Ctrl Pts',(-0.448555655575433,11.6638523337741,-81.664624845146));
#1848=CARTESIAN_POINT('Ctrl Pts',(-0.448085926094861,11.6600266941569,-81.768966796773));
#1849=CARTESIAN_POINT('Ctrl Pts',(-0.447611559951193,11.6561632919493,-81.8751451104943));
#1850=CARTESIAN_POINT('Ctrl Pts',(-0.447131219366271,11.6522512318223,-81.983438112235));
#1851=CARTESIAN_POINT('Ctrl Pts',(-0.44666166094045,11.6484269853342,-82.0893002713385));
#1852=CARTESIAN_POINT('Ctrl Pts',(-0.446186393733151,11.644556244552,-82.1971831978829));
#1853=CARTESIAN_POINT('Ctrl Pts',(-0.445704017255619,11.6406276034103,-82.3073959888234));
#1854=CARTESIAN_POINT('Ctrl Pts',(-0.445256895442951,11.6369860884725,-82.4095538368091));
#1855=CARTESIAN_POINT('Ctrl Pts',(-0.444803664729589,11.6332948205311,-82.5137137613041));
#1856=CARTESIAN_POINT('Ctrl Pts',(-0.444343083647091,11.6295436886371,-82.620161934335));
#1857=CARTESIAN_POINT('Ctrl Pts',(-0.443840933629457,11.6254540049347,-82.7362173999105));
#1858=CARTESIAN_POINT('Ctrl Pts',(-0.443330051200343,11.6212932014479,-82.8549922066982));
#1859=CARTESIAN_POINT('Ctrl Pts',(-0.442808015724844,11.6170415636878,-82.9766159616838));
#1860=CARTESIAN_POINT('Ctrl Pts',(-0.442637341618016,11.6156515346355,-83.0163795921752));
#1861=CARTESIAN_POINT('Ctrl Pts',(-0.442465473653026,11.6142517823888,-83.056448170459));
#1862=CARTESIAN_POINT('Ctrl Pts',(-0.442292321907315,11.6128415745871,-83.0968274006486));
#1863=CARTESIAN_POINT('Ctrl Pts',(-0.442144323083747,11.6116362208971,-83.1313409340812));
#1864=CARTESIAN_POINT('Ctrl Pts',(-0.441995386326323,11.6104232283486,-83.1660814309565));
#1865=CARTESIAN_POINT('Ctrl Pts',(-0.441845453771356,11.6092021256802,-83.2010527529088));
#1866=CARTESIAN_POINT('Ctrl Pts',(-0.441769694636264,11.608585117039,-83.2187233455615));
#1867=CARTESIAN_POINT('Ctrl Pts',(-0.441693681232389,11.6079660375446,-83.2364528758164));
#1868=CARTESIAN_POINT('Ctrl Pts',(-0.441617405932961,11.6073448250822,-83.2542418671425));
#1869=CARTESIAN_POINT('Ctrl Pts',(-0.441464312899444,11.6060979823815,-83.2899463568753));
#1870=CARTESIAN_POINT('Ctrl Pts',(-0.44131033652257,11.6048439454265,-83.3258503368177));
#1871=CARTESIAN_POINT('Ctrl Pts',(-0.441155483771364,11.6035827709753,-83.3619420396995));
#1872=CARTESIAN_POINT('Ctrl Pts',(-0.437579721039813,11.5744605205454,-84.1953490349105));
#1873=CARTESIAN_POINT('Ctrl Pts',(-0.433531419883731,11.5414897534857,-85.1300824120961));
#1874=CARTESIAN_POINT('Ctrl Pts',(-0.428727155330344,11.5023621586314,-86.1073231439762));
#1875=CARTESIAN_POINT('Ctrl Pts',(-0.422983289966634,11.455582129274,-87.2756891091466));
#1876=CARTESIAN_POINT('Ctrl Pts',(-0.416158838164221,11.4000014296145,-88.5048145962));
#1877=CARTESIAN_POINT('Ctrl Pts',(-0.407769332052588,11.3316743854821,-89.6941037348659));
#1878=CARTESIAN_POINT('Ctrl Pts',(-0.394680643149338,11.2250755687665,-91.5495449664336));
#1879=CARTESIAN_POINT('Ctrl Pts',(-0.37778248704753,11.0874511314799,-93.3080141245389));
#1880=CARTESIAN_POINT('Ctrl Pts',(-0.355235987165674,10.9038246257038,-94.5873946242313));
#1881=CARTESIAN_POINT('Ctrl Pts',(9.60985302750311,4.26316176988262,-87.1006003112686));
#1882=CARTESIAN_POINT('Ctrl Pts',(9.6116270889643,4.09547466672137,-86.8861638255815));
#1883=CARTESIAN_POINT('Ctrl Pts',(9.60165071077149,3.91196864658723,-86.7563448050553));
#1884=CARTESIAN_POINT('Ctrl Pts',(9.57627873138273,3.55875315643787,-86.5379729784316));
#1885=CARTESIAN_POINT('Ctrl Pts',(9.56090905492299,3.38898238425306,-86.4492273893671));
#1886=CARTESIAN_POINT('Ctrl Pts',(9.50665850686371,2.89892167183303,-86.2435330367179));
#1887=CARTESIAN_POINT('Ctrl Pts',(9.36945245865171,1.9570627386961,-86.0056305833582));
#1888=CARTESIAN_POINT('Ctrl Pts',(8.91758783342629,0.0727158442736089,-86.1962347222877));
#1889=CARTESIAN_POINT('Ctrl Pts',(8.25914562867021,-0.356056543263022,-86.4206831759867));
#1890=CARTESIAN_POINT('Ctrl Pts',(5.77207839521855,-2.15233766683828,-85.9966382800143));
#1891=CARTESIAN_POINT('Ctrl Pts',(3.48531558816431,-2.79738781508503,-86.0672231953929));
#1892=CARTESIAN_POINT('Ctrl Pts',(1.37495963665364,-3.18748676980244,-86.2002567522632));
#1893=CARTESIAN_POINT('Ctrl Pts',(-0.767080706716692,-3.31954397911865,
-86.0672240196713));
#1894=CARTESIAN_POINT('Ctrl Pts',(-3.14198279319981,-3.24673654699377,-85.9966349829001));
#1895=CARTESIAN_POINT('Ctrl Pts',(-5.98967911843937,-2.10600551594208,-86.420695540165));
#1896=CARTESIAN_POINT('Ctrl Pts',(-6.73246079946155,-1.84765161720751,-86.1961983166516));
#1897=CARTESIAN_POINT('Ctrl Pts',(-7.62646701760764,-0.131465934485802,
-86.0056812077994));
#1898=CARTESIAN_POINT('Ctrl Pts',(-7.98799447909442,0.754384367832406,-86.2434272507814));
#1899=CARTESIAN_POINT('Ctrl Pts',(-8.15940616839347,1.21882762364692,-86.4490590654733));
#1900=CARTESIAN_POINT('Ctrl Pts',(-8.21542265582563,1.38014354017471,-86.5377953723964));
#1901=CARTESIAN_POINT('Ctrl Pts',(-8.32521414602159,1.71577836907623,-86.7556527236277));
#1902=CARTESIAN_POINT('Ctrl Pts',(-8.37898914878539,1.89009728144994,-86.8847737679359));
#1903=CARTESIAN_POINT('Ctrl Pts',(-8.41724382565222,2.0473227916633,-87.0975551548973));
#1904=CARTESIAN_POINT('Ctrl Pts',(9.61858780171355,4.16072657014932,-86.7648631957319));
#1905=CARTESIAN_POINT('Ctrl Pts',(9.61740264565696,4.00386530828419,-86.5762828574069));
#1906=CARTESIAN_POINT('Ctrl Pts',(9.60904428188721,3.83843581558788,-86.4487439690647));
#1907=CARTESIAN_POINT('Ctrl Pts',(9.586271140119,3.52288361924602,-86.2620757546679));
#1908=CARTESIAN_POINT('Ctrl Pts',(9.57178085111745,3.35716388707128,-86.1734703702381));
#1909=CARTESIAN_POINT('Ctrl Pts',(9.51835329369362,2.8621342283259,-85.9589802985099));
#1910=CARTESIAN_POINT('Ctrl Pts',(9.38298335815359,1.90915450974406,-85.6948713197776));
#1911=CARTESIAN_POINT('Ctrl Pts',(8.93681556832826,-0.00762673388192475,
-85.7929809793322));
#1912=CARTESIAN_POINT('Ctrl Pts',(8.28918328911671,-0.452864750468015,-85.9507634681289));
#1913=CARTESIAN_POINT('Ctrl Pts',(5.805254416522,-2.20385678420097,-85.5575529436921));
#1914=CARTESIAN_POINT('Ctrl Pts',(3.51880481918277,-2.84723236560634,-85.6235190895291));
#1915=CARTESIAN_POINT('Ctrl Pts',(1.37948658740038,-3.22435591217991,-85.755799354218));
#1916=CARTESIAN_POINT('Ctrl Pts',(-0.787516886231051,-3.37600765305446,
-85.6235198514474));
#1917=CARTESIAN_POINT('Ctrl Pts',(-3.16170888153644,-3.30475956441653,-85.5575498960187));
#1918=CARTESIAN_POINT('Ctrl Pts',(-5.99540589867941,-2.20719158667145,-85.9507754296956));
#1919=CARTESIAN_POINT('Ctrl Pts',(-6.73167666143462,-1.93029840952497,-85.7929457591637));
#1920=CARTESIAN_POINT('Ctrl Pts',(-7.62800938713104,-0.181191617831774,
-85.6949209476738));
#1921=CARTESIAN_POINT('Ctrl Pts',(-7.99052051414038,0.7166081048201,-85.9588518570932));
#1922=CARTESIAN_POINT('Ctrl Pts',(-8.16242690414314,1.1869419127168,-86.1732530251091));
#1923=CARTESIAN_POINT('Ctrl Pts',(-8.21664695035479,1.34489173288865,-86.2618384651828));
#1924=CARTESIAN_POINT('Ctrl Pts',(-8.3149874790256,1.64617197498521,-86.4480228378416));
#1925=CARTESIAN_POINT('Ctrl Pts',(-8.36291066440461,1.80401692717538,-86.5747922412245));
#1926=CARTESIAN_POINT('Ctrl Pts',(-8.40177391310906,1.9539889147831,-86.7619415488368));
#1927=CARTESIAN_POINT('Ctrl Pts',(9.6243724636077,4.08703263488181,-86.4068693769352));
#1928=CARTESIAN_POINT('Ctrl Pts',(9.6223048742969,3.93380407981618,-86.2553110591606));
#1929=CARTESIAN_POINT('Ctrl Pts',(9.61505323034557,3.78097473992314,-86.1481513686638));
#1930=CARTESIAN_POINT('Ctrl Pts',(9.59369939410656,3.47645730282954,-85.9722797806312));
#1931=CARTESIAN_POINT('Ctrl Pts',(9.57906760497676,3.31288592366878,-85.8901221278275));
#1932=CARTESIAN_POINT('Ctrl Pts',(9.5275990624846,2.8255628047804,-85.6780160674212));
#1933=CARTESIAN_POINT('Ctrl Pts',(9.39436927708924,1.86448064137935,-85.3912715386285));
#1934=CARTESIAN_POINT('Ctrl Pts',(8.95319187862492,-0.080685842129214,-85.4072692266401));
#1935=CARTESIAN_POINT('Ctrl Pts',(8.31350471667236,-0.542701905416036,-85.5054077409418));
#1936=CARTESIAN_POINT('Ctrl Pts',(5.83840782405622,-2.25229816995528,-85.1344253787672));
#1937=CARTESIAN_POINT('Ctrl Pts',(3.55279100074462,-2.89416920083878,-85.1950457160675));
#1938=CARTESIAN_POINT('Ctrl Pts',(1.38398073219433,-3.26095787036569,-85.3262296858074));
#1939=CARTESIAN_POINT('Ctrl Pts',(-0.809138691968117,-3.42977023355906,
-85.1950464164456));
#1940=CARTESIAN_POINT('Ctrl Pts',(-3.18215760981287,-3.35979069300397,-85.1344225772545));
#1941=CARTESIAN_POINT('Ctrl Pts',(-5.99727304896864,-2.3002273923983,-85.5054191968439));
#1942=CARTESIAN_POINT('Ctrl Pts',(-6.72988678015505,-2.0051982737978,-85.4072354953731));
#1943=CARTESIAN_POINT('Ctrl Pts',(-7.62825484636381,-0.227242030922702,
-85.3913196225404));
#1944=CARTESIAN_POINT('Ctrl Pts',(-7.99072667102695,0.679673375847941,-85.6778637748242));
#1945=CARTESIAN_POINT('Ctrl Pts',(-8.15896880102525,1.14396711252414,-85.889851732011));
#1946=CARTESIAN_POINT('Ctrl Pts',(-8.21288388063581,1.30053769696469,-85.9719670312474));
#1947=CARTESIAN_POINT('Ctrl Pts',(-8.30735156240234,1.59304670906745,-86.1473329337655));
#1948=CARTESIAN_POINT('Ctrl Pts',(-8.35132880004464,1.7404227470462,-86.2538479947964));
#1949=CARTESIAN_POINT('Ctrl Pts',(-8.39039806426457,1.88914647221113,-86.4042306700002));
#1950=CARTESIAN_POINT('Ctrl Pts',(9.6307415981579,3.95727919667118,-85.7234948537713));
#1951=CARTESIAN_POINT('Ctrl Pts',(9.62798772170584,3.82457322116521,-85.6492730818273));
#1952=CARTESIAN_POINT('Ctrl Pts',(9.62159313250378,3.67959776163107,-85.5624805909043));
#1953=CARTESIAN_POINT('Ctrl Pts',(9.60227290383095,3.38726371046517,-85.4062391700726));
#1954=CARTESIAN_POINT('Ctrl Pts',(9.58890762057872,3.22973739655331,-85.3278084344978));
#1955=CARTESIAN_POINT('Ctrl Pts',(9.54074269791987,2.75286022010417,-85.1174646066104));
#1956=CARTESIAN_POINT('Ctrl Pts',(9.41213656099352,1.78191292835152,-84.7965704661827));
#1957=CARTESIAN_POINT('Ctrl Pts',(8.97960281520646,-0.21219000906986,-84.6676829698257));
#1958=CARTESIAN_POINT('Ctrl Pts',(8.35109987108068,-0.707852755253486,-84.6589419098351));
#1959=CARTESIAN_POINT('Ctrl Pts',(5.90248391296389,-2.34205187690188,-84.3183796876218));
#1960=CARTESIAN_POINT('Ctrl Pts',(3.61994244717929,-2.98144671691273,-84.3668803053111));
#1961=CARTESIAN_POINT('Ctrl Pts',(1.39269204022923,-3.33190594913319,-84.4954274059538));
#1962=CARTESIAN_POINT('Ctrl Pts',(-0.853181516318808,-3.53069666804826,
-84.366880885384));
#1963=CARTESIAN_POINT('Ctrl Pts',(-3.22261531742679,-3.46239562144817,-84.3183773673297));
#1964=CARTESIAN_POINT('Ctrl Pts',(-5.9938018829357,-2.46952923883602,-84.6589522018963));
#1965=CARTESIAN_POINT('Ctrl Pts',(-6.72368761483541,-2.13929867994341,-84.6676526654234));
#1966=CARTESIAN_POINT('Ctrl Pts',(-7.62553302672788,-0.311525614527406,
-84.7966146166033));
#1967=CARTESIAN_POINT('Ctrl Pts',(-7.98604747574643,0.607439233951576,-85.1172672067991));
#1968=CARTESIAN_POINT('Ctrl Pts',(-8.14876134645723,1.06434709278745,-85.3274338260642));
#1969=CARTESIAN_POINT('Ctrl Pts',(-8.20007541106109,1.21622061816547,-85.4057960865137));
#1970=CARTESIAN_POINT('Ctrl Pts',(-8.28992270911773,1.50018155430181,-85.5614950133834));
#1971=CARTESIAN_POINT('Ctrl Pts',(-8.33138762259103,1.64214549863495,-85.6477298354558));
#1972=CARTESIAN_POINT('Ctrl Pts',(-8.36654872391903,1.77439975719196,-85.7215766004578));
#1973=CARTESIAN_POINT('Ctrl Pts',(9.63132571826831,3.90143612212688,-85.3985439918062));
#1974=CARTESIAN_POINT('Ctrl Pts',(9.6287913002742,3.77029666197952,-85.3342502891547));
#1975=CARTESIAN_POINT('Ctrl Pts',(9.62248061656942,3.62874766128942,-85.253818409093));
#1976=CARTESIAN_POINT('Ctrl Pts',(9.60392462607587,3.33982430958341,-85.1091376510167));
#1977=CARTESIAN_POINT('Ctrl Pts',(9.59134317677459,3.18771808234894,-85.0397434473077));
#1978=CARTESIAN_POINT('Ctrl Pts',(9.54464056456415,2.71672905897343,-84.8378773768881));
#1979=CARTESIAN_POINT('Ctrl Pts',(9.41851792596213,1.74401908368841,-84.505469174886));
#1980=CARTESIAN_POINT('Ctrl Pts',(8.98963744149134,-0.270635067763216,-84.3138084657032));
#1981=CARTESIAN_POINT('Ctrl Pts',(8.36437359793335,-0.783166450142915,-84.2578318059155));
#1982=CARTESIAN_POINT('Ctrl Pts',(5.93340659433735,-2.38336419809417,-83.9254615614012));
#1983=CARTESIAN_POINT('Ctrl Pts',(3.65310771205209,-3.02178739775424,-83.9671882680163));
#1984=CARTESIAN_POINT('Ctrl Pts',(1.39690920347018,-3.36625206971489,-84.0941947945108));
#1985=CARTESIAN_POINT('Ctrl Pts',(-0.875602534932433,-3.57786052203287,
-83.9671887893243));
#1986=CARTESIAN_POINT('Ctrl Pts',(-3.24262429676428,-3.50996942130493,-83.9254594761691));
#1987=CARTESIAN_POINT('Ctrl Pts',(-5.98846356661352,-2.54579527954688,-84.2578414398004));
#1988=CARTESIAN_POINT('Ctrl Pts',(-6.71927833079533,-2.1984992218162,-84.3137800992643));
#1989=CARTESIAN_POINT('Ctrl Pts',(-7.62256574785918,-0.349758785041182,
-84.5055109357996));
#1990=CARTESIAN_POINT('Ctrl Pts',(-7.98116212357934,0.572139821027369,-84.837658721043));
#1991=CARTESIAN_POINT('Ctrl Pts',(-8.14113789978701,1.02469293932356,-85.0393171372792));
#1992=CARTESIAN_POINT('Ctrl Pts',(-8.19041771825857,1.17185538495261,-85.108632006286));
#1993=CARTESIAN_POINT('Ctrl Pts',(-8.27880688415351,1.45369971214575,-85.2527674325404));
#1994=CARTESIAN_POINT('Ctrl Pts',(-8.31944923800068,1.59317433921454,-85.3326505082608));
#1995=CARTESIAN_POINT('Ctrl Pts',(-8.35407523241797,1.72449548474477,-85.3966334097521));
#1996=CARTESIAN_POINT('Ctrl Pts',(9.6253041035889,3.76071911397096,-84.4731216466909));
#1997=CARTESIAN_POINT('Ctrl Pts',(9.62317474560716,3.62860424458154,-84.4073528271826));
#1998=CARTESIAN_POINT('Ctrl Pts',(9.61786171476037,3.49170089472565,-84.345075241528));
#1999=CARTESIAN_POINT('Ctrl Pts',(9.60123923190369,3.20864978443116,-84.2245777016338));
#2000=CARTESIAN_POINT('Ctrl Pts',(9.58995833707746,3.0625489441509,-84.1663399049767));
#2001=CARTESIAN_POINT('Ctrl Pts',(9.54763751217366,2.60900830294059,-83.992481170462));
#2002=CARTESIAN_POINT('Ctrl Pts',(9.4290833006656,1.64097453904184,-83.6481823232587));
#2003=CARTESIAN_POINT('Ctrl Pts',(9.00927054212653,-0.423978504906223,-83.2950707282553));
#2004=CARTESIAN_POINT('Ctrl Pts',(8.38820037505502,-0.986450311406335,-83.1135464219465));
#2005=CARTESIAN_POINT('Ctrl Pts',(6.01955030128319,-2.49514716281006,-82.7894621846607));
#2006=CARTESIAN_POINT('Ctrl Pts',(3.74864990497315,-3.13174412297253,-82.8087639674259));
#2007=CARTESIAN_POINT('Ctrl Pts',(1.4088281663925,-3.46332447122283,-82.9308449421816));
#2008=CARTESIAN_POINT('Ctrl Pts',(-0.941706350734865,-3.70765918472036,
-82.8087643183048));
#2009=CARTESIAN_POINT('Ctrl Pts',(-3.29916406814051,-3.63929450118916,-82.7894607811453));
#2010=CARTESIAN_POINT('Ctrl Pts',(-5.96241110766521,-2.74873490163897,-83.1135539329271));
#2011=CARTESIAN_POINT('Ctrl Pts',(-6.70120950015145,-2.35224366436839,-83.2950486125903));
#2012=CARTESIAN_POINT('Ctrl Pts',(-7.60791642782054,-0.45203237961619,-83.6482160214027));
#2013=CARTESIAN_POINT('Ctrl Pts',(-7.95819117439529,0.468622928278165,-83.9922101190559));
#2014=CARTESIAN_POINT('Ctrl Pts',(-8.1098835180565,0.907113482912704,-84.1658064295902));
#2015=CARTESIAN_POINT('Ctrl Pts',(-8.15654012767255,1.04963748457211,-84.2239384100529));
#2016=CARTESIAN_POINT('Ctrl Pts',(-8.24183690261852,1.32813971659805,-84.3438912663648));
#2017=CARTESIAN_POINT('Ctrl Pts',(-8.28047706794846,1.46411794696459,-84.4057121422139));
#2018=CARTESIAN_POINT('Ctrl Pts',(-8.31500829392996,1.59718992259036,-84.4709553698315));
#2019=CARTESIAN_POINT('Ctrl Pts',(9.58535285215495,3.55841924481017,-82.721575884927));
#2020=CARTESIAN_POINT('Ctrl Pts',(9.58389717384556,3.42117753166907,-82.6570396637009));
#2021=CARTESIAN_POINT('Ctrl Pts',(9.57949849511849,3.2796214994429,-82.5965624178745));
#2022=CARTESIAN_POINT('Ctrl Pts',(9.56530619993148,2.99087544409873,-82.482436234006));
#2023=CARTESIAN_POINT('Ctrl Pts',(9.55553826758948,2.84371532356954,-82.428756273279));
#2024=CARTESIAN_POINT('Ctrl Pts',(9.5188447980994,2.39625770031239,-82.2751506885721));
#2025=CARTESIAN_POINT('Ctrl Pts',(9.41589916926296,1.47743340711983,-81.9976767090551));
#2026=CARTESIAN_POINT('Ctrl Pts',(9.0066536305191,-0.642698423443982,-81.429138353036));
#2027=CARTESIAN_POINT('Ctrl Pts',(8.37187631555286,-1.30238914031371,-81.0611553651679));
#2028=CARTESIAN_POINT('Ctrl Pts',(6.1653403664767,-2.67009709679803,-80.6884834388647));
#2029=CARTESIAN_POINT('Ctrl Pts',(3.92391988402584,-3.30739630418417,-80.6545226114209));
#2030=CARTESIAN_POINT('Ctrl Pts',(1.4297359850349,-3.63360543328995,-80.7655371655215));
#2031=CARTESIAN_POINT('Ctrl Pts',(-1.06927702218596,-3.92048491303007,-80.6545226449044));
#2032=CARTESIAN_POINT('Ctrl Pts',(-3.39829494434805,-3.84435938221337,-80.6884833049305));
#2033=CARTESIAN_POINT('Ctrl Pts',(-5.8701561498414,-3.05118014566126,-81.0611580368372));
#2034=CARTESIAN_POINT('Ctrl Pts',(-6.64570792476916,-2.56430381720806,-81.4291304864544));
#2035=CARTESIAN_POINT('Ctrl Pts',(-7.55562785401308,-0.606875900900929,
-81.9976907046639));
#2036=CARTESIAN_POINT('Ctrl Pts',(-7.87898970529601,0.271114526873421,-82.2748203362058));
#2037=CARTESIAN_POINT('Ctrl Pts',(-8.0237390475832,0.704957342174295,-82.4281667329677));
#2038=CARTESIAN_POINT('Ctrl Pts',(-8.06916689778655,0.848712880843536,-82.4817457953869));
#2039=CARTESIAN_POINT('Ctrl Pts',(-8.15340691297942,1.13256184918451,-82.5953652394263));
#2040=CARTESIAN_POINT('Ctrl Pts',(-8.19221907796893,1.27265527885624,-82.6554056210466));
#2041=CARTESIAN_POINT('Ctrl Pts',(-8.22723748830364,1.40994533262817,-82.7194437250364));
#2042=CARTESIAN_POINT('Ctrl Pts',(9.29218481277308,3.53800070832587,-78.9722833536489));
#2043=CARTESIAN_POINT('Ctrl Pts',(9.28839843796261,3.3938613137275,-78.9305280712917));
#2044=CARTESIAN_POINT('Ctrl Pts',(9.28145419537343,3.24607964868017,-78.8897701965429));
#2045=CARTESIAN_POINT('Ctrl Pts',(9.2619629348332,2.94693450360628,-78.810334146349));
#2046=CARTESIAN_POINT('Ctrl Pts',(9.24944264391003,2.79559133385918,-78.7716470247233));
#2047=CARTESIAN_POINT('Ctrl Pts',(9.20447408637163,2.33960750181207,-78.6582414791257));
#2048=CARTESIAN_POINT('Ctrl Pts',(9.08490623221933,1.41982254649465,-78.4420536650495));
#2049=CARTESIAN_POINT('Ctrl Pts',(8.65370358999109,-0.53331899184907,-78.0033723575419));
#2050=CARTESIAN_POINT('Ctrl Pts',(7.91826381377569,-1.35634362001065,-77.5153844792393));
#2051=CARTESIAN_POINT('Ctrl Pts',(6.13645386010317,-2.65621912832666,-76.8400270088925));
#2052=CARTESIAN_POINT('Ctrl Pts',(4.06973762778471,-3.34184170879308,-76.6250793580856));
#2053=CARTESIAN_POINT('Ctrl Pts',(1.44025509440442,-3.71927737693187,-76.7220700559952));
#2054=CARTESIAN_POINT('Ctrl Pts',(-1.20243187737834,-3.98916776839429,-76.6250789105844));
#2055=CARTESIAN_POINT('Ctrl Pts',(-3.37361723559337,-3.82396886435081,-76.8400287988978));
#2056=CARTESIAN_POINT('Ctrl Pts',(-5.41700293847356,-2.99343197299054,-77.5153762065995));
#2057=CARTESIAN_POINT('Ctrl Pts',(-6.32959188477499,-2.3738505445445,-78.0033967158701));
#2058=CARTESIAN_POINT('Ctrl Pts',(-7.22070257398571,-0.581048801875171,
-78.4420175950481));
#2059=CARTESIAN_POINT('Ctrl Pts',(-7.55838925368271,0.274416206293922,-78.6584500149853));
#2060=CARTESIAN_POINT('Ctrl Pts',(-7.71167278913288,0.699659512442649,-78.7720469764068));
#2061=CARTESIAN_POINT('Ctrl Pts',(-7.76017400021655,0.840992414836256,-78.8108094221228));
#2062=CARTESIAN_POINT('Ctrl Pts',(-7.85062479522343,1.11999358165089,-78.8902343547495));
#2063=CARTESIAN_POINT('Ctrl Pts',(-7.89257437914665,1.25766184607192,-78.9308968416601));
#2064=CARTESIAN_POINT('Ctrl Pts',(-7.93056563664246,1.39208033884302,-78.9725625778566));
#2065=CARTESIAN_POINT('Ctrl Pts',(8.16650091585092,4.47132730564407,-74.9305631918084));
#2066=CARTESIAN_POINT('Ctrl Pts',(8.13235887668798,4.36810432759713,-74.8994300017823));
#2067=CARTESIAN_POINT('Ctrl Pts',(8.09520805583234,4.26121939284676,-74.8692819510163));
#2068=CARTESIAN_POINT('Ctrl Pts',(8.01628512901913,4.04316013449541,-74.8107838519815));
#2069=CARTESIAN_POINT('Ctrl Pts',(7.97453577479644,3.93200855700406,-74.7824259548401));
#2070=CARTESIAN_POINT('Ctrl Pts',(7.84393001885585,3.59513143424696,-74.6993567938766));
#2071=CARTESIAN_POINT('Ctrl Pts',(7.56128773388468,2.90768762760052,-74.5412365937928));
#2072=CARTESIAN_POINT('Ctrl Pts',(6.85186593197174,1.41619546492508,-74.2026359199194));
#2073=CARTESIAN_POINT('Ctrl Pts',(6.26772453586655,0.797732416388907,-73.6583083091402));
#2074=CARTESIAN_POINT('Ctrl Pts',(3.99168144042465,-0.963080581606539,-73.534237317696));
#2075=CARTESIAN_POINT('Ctrl Pts',(2.65509175589644,-1.94370289964677,-72.9111841378046));
#2076=CARTESIAN_POINT('Ctrl Pts',(1.24449410334088,-2.12493120995879,-73.137877373996));
#2077=CARTESIAN_POINT('Ctrl Pts',(-0.168045406431159,-2.29034563845402,
-72.9111842898416));
#2078=CARTESIAN_POINT('Ctrl Pts',(-1.7021692856928,-1.66217721501076,-73.5342367095479));
#2079=CARTESIAN_POINT('Ctrl Pts',(-4.33657157835785,-0.504405372313968,
-73.6583111197413));
#2080=CARTESIAN_POINT('Ctrl Pts',(-5.05301955626083,-0.0452640517039136,
-74.2026276442603));
#2081=CARTESIAN_POINT('Ctrl Pts',(-6.10212213529858,1.22962222438306,-74.5412488484531));
#2082=CARTESIAN_POINT('Ctrl Pts',(-6.54296374117298,1.83101119831383,-74.6992859445278));
#2083=CARTESIAN_POINT('Ctrl Pts',(-6.75141272292284,2.12843141075866,-74.7822900726163));
#2084=CARTESIAN_POINT('Ctrl Pts',(-6.81890041330824,2.22702576915351,-74.8106223786543));
#2085=CARTESIAN_POINT('Ctrl Pts',(-6.94813359973932,2.42104931697955,-74.8689210662323));
#2086=CARTESIAN_POINT('Ctrl Pts',(-7.00987909578499,2.51647850641073,-74.8988874477722));
#2087=CARTESIAN_POINT('Ctrl Pts',(-7.06787770102216,2.60928823929834,-74.9298236414723));
#2088=CARTESIAN_POINT('Ctrl Pts',(9.28314285865119,3.99375161473007,-72.9478278680299));
#2089=CARTESIAN_POINT('Ctrl Pts',(9.26423657620023,3.84929710908917,-72.920378776458));
#2090=CARTESIAN_POINT('Ctrl Pts',(9.2424601897117,3.70323825823359,-72.8909724506516));
#2091=CARTESIAN_POINT('Ctrl Pts',(9.19424409564663,3.41124479131842,-72.8296972476579));
#2092=CARTESIAN_POINT('Ctrl Pts',(9.16782699337535,3.26531287105859,-72.7978407103528));
#2093=CARTESIAN_POINT('Ctrl Pts',(9.08289960404954,2.8305728067248,-72.7003274940908));
#2094=CARTESIAN_POINT('Ctrl Pts',(8.89034049535021,1.97331546383995,-72.4975266441804));
#2095=CARTESIAN_POINT('Ctrl Pts',(8.36179289298205,0.277136480530023,-72.078077077493));
#2096=CARTESIAN_POINT('Ctrl Pts',(7.83567224519674,-0.0284179261816339,
-72.2505751042808));
#2097=CARTESIAN_POINT('Ctrl Pts',(5.37976096087438,-2.08334635192632,-71.5528682241467));
#2098=CARTESIAN_POINT('Ctrl Pts',(3.46089750711205,-3.27045095119652,-71.570590394347));
#2099=CARTESIAN_POINT('Ctrl Pts',(1.41881316621223,-3.54464631664924,-71.4572347327574));
#2100=CARTESIAN_POINT('Ctrl Pts',(-0.628946528390335,-3.77261929351579,
-71.570590353608));
#2101=CARTESIAN_POINT('Ctrl Pts',(-2.77799743230654,-3.08499858115003,-71.5528683871036));
#2102=CARTESIAN_POINT('Ctrl Pts',(-5.65809300128739,-1.68521879335261,-72.2505743511639));
#2103=CARTESIAN_POINT('Ctrl Pts',(-6.24249564930432,-1.51611879753991,-72.0780792950039));
#2104=CARTESIAN_POINT('Ctrl Pts',(-7.16570498203072,0.00199073065206706,
-72.4975233604731));
#2105=CARTESIAN_POINT('Ctrl Pts',(-7.559856601067,0.786464721701323,-72.7003464785848));
#2106=CARTESIAN_POINT('Ctrl Pts',(-7.74737418185362,1.18717027391193,-72.7978771207829));
#2107=CARTESIAN_POINT('Ctrl Pts',(-7.80828700399391,1.32215021742979,-72.8297405153727));
#2108=CARTESIAN_POINT('Ctrl Pts',(-7.92537546511875,1.59262617109117,-72.890886252352));
#2109=CARTESIAN_POINT('Ctrl Pts',(-7.9815511041033,1.72812218123469,-72.9201685947415));
#2110=CARTESIAN_POINT('Ctrl Pts',(-8.03458259805404,1.86272283188952,-72.9475167044072));
#2111=CARTESIAN_POINT('Ctrl Pts',(8.25140284380524,4.50607870358229,-71.5781119070182));
#2112=CARTESIAN_POINT('Ctrl Pts',(8.21150005607102,4.38225714470397,-71.5656918249212));
#2113=CARTESIAN_POINT('Ctrl Pts',(8.16847338695375,4.25421500225421,-71.555356486398));
#2114=CARTESIAN_POINT('Ctrl Pts',(8.07780773280283,3.99354835489465,-71.5377859985276));
#2115=CARTESIAN_POINT('Ctrl Pts',(8.03019158912054,3.86094846134726,-71.5305363791577));
#2116=CARTESIAN_POINT('Ctrl Pts',(7.8822697207919,3.46020977416923,-71.5116887589965));
#2117=CARTESIAN_POINT('Ctrl Pts',(7.5661322350075,2.64697637366966,-71.4855984704681));
#2118=CARTESIAN_POINT('Ctrl Pts',(6.80400850729857,0.935382637680818,-71.4139482456987));
#2119=CARTESIAN_POINT('Ctrl Pts',(6.31727091098124,0.554354333524152,-70.7550536968091));
#2120=CARTESIAN_POINT('Ctrl Pts',(4.33621534538611,-1.19158728121635,-70.8154281732131));
#2121=CARTESIAN_POINT('Ctrl Pts',(2.89951068511747,-2.16406827753516,-70.5155066362917));
#2122=CARTESIAN_POINT('Ctrl Pts',(1.27843406058777,-2.40135017693092,-70.5485663864206));
#2123=CARTESIAN_POINT('Ctrl Pts',(-0.351893313987763,-2.56329085488604,
-70.5155066472115));
#2124=CARTESIAN_POINT('Ctrl Pts',(-1.98118633932808,-1.96726521311001,-70.815428129534));
#2125=CARTESIAN_POINT('Ctrl Pts',(-4.3257767446701,-0.75245434709193,-70.7550538986754));
#2126=CARTESIAN_POINT('Ctrl Pts',(-4.89023799641333,-0.500470416586778,
-71.4139476513144));
#2127=CARTESIAN_POINT('Ctrl Pts',(-6.04379029577565,0.975858591440746,-71.485599350637));
#2128=CARTESIAN_POINT('Ctrl Pts',(-6.5472967474724,1.68865188285206,-71.5116836703692));
#2129=CARTESIAN_POINT('Ctrl Pts',(-6.78778831447147,2.04185552453841,-71.5305266196609));
#2130=CARTESIAN_POINT('Ctrl Pts',(-6.86607522699628,2.15905790443065,-71.5377744009958));
#2131=CARTESIAN_POINT('Ctrl Pts',(-7.01676469776492,2.38964169388882,-71.5552987903619));
#2132=CARTESIAN_POINT('Ctrl Pts',(-7.08916725600876,2.50302310345475,-71.5655753983931));
#2133=CARTESIAN_POINT('Ctrl Pts',(-7.15756240311318,2.61311571003093,-71.577914034883));
#2134=CARTESIAN_POINT('Ctrl Pts',(8.6389034015341,3.93672268001301,-68.5747400093468));
#2135=CARTESIAN_POINT('Ctrl Pts',(8.62530973208813,3.79594020188788,-68.5503115467364));
#2136=CARTESIAN_POINT('Ctrl Pts',(8.60996431235107,3.65229089064339,-68.5258546901282));
#2137=CARTESIAN_POINT('Ctrl Pts',(8.57620991631681,3.36274373989881,-68.4774933798333));
#2138=CARTESIAN_POINT('Ctrl Pts',(8.55781581389433,3.21685979470118,-68.4535868564604));
#2139=CARTESIAN_POINT('Ctrl Pts',(8.49849438091686,2.77898051276715,-68.3832481264619));
#2140=CARTESIAN_POINT('Ctrl Pts',(8.36329501212182,1.9023121635346,-68.2480940269452));
#2141=CARTESIAN_POINT('Ctrl Pts',(7.961722468527,0.0819991640166123,-68.0123265221449));
#2142=CARTESIAN_POINT('Ctrl Pts',(7.31224452208401,-0.55137243193205,-68.1367990452684));
#2143=CARTESIAN_POINT('Ctrl Pts',(5.01575031030206,-2.63400658821008,-67.874743261246));
#2144=CARTESIAN_POINT('Ctrl Pts',(3.37930868370288,-3.66082962847286,-67.9997533451706));
#2145=CARTESIAN_POINT('Ctrl Pts',(1.46216590625489,-3.89772599728288,-67.9015429532497));
#2146=CARTESIAN_POINT('Ctrl Pts',(-0.455339964869063,-4.1316651807347,-67.9997533422307));
#2147=CARTESIAN_POINT('Ctrl Pts',(-2.29158320732428,-3.53123471862285,-67.8747432730058));
#2148=CARTESIAN_POINT('Ctrl Pts',(-5.0236967578075,-2.06603374865992,-68.1367989909198));
#2149=CARTESIAN_POINT('Ctrl Pts',(-5.80710814957792,-1.60860600659181,-68.0123266821715));
#2150=CARTESIAN_POINT('Ctrl Pts',(-6.63712721628581,0.0604998277286878,
-68.2480937899766));
#2151=CARTESIAN_POINT('Ctrl Pts',(-6.98039029943623,0.8783666601558,-68.383249496477));
#2152=CARTESIAN_POINT('Ctrl Pts',(-7.14387787085769,1.28884640196192,-68.4535894840172));
#2153=CARTESIAN_POINT('Ctrl Pts',(-7.19701639963922,1.42593070349606,-68.4774965022457));
#2154=CARTESIAN_POINT('Ctrl Pts',(-7.29956756584791,1.69802425378907,-68.5257440319505));
#2155=CARTESIAN_POINT('Ctrl Pts',(-7.34898020327507,1.83303350254795,-68.5500845434268));
#2156=CARTESIAN_POINT('Ctrl Pts',(-7.39602427770681,1.96570997759948,-68.574398192436));
#2157=CARTESIAN_POINT('Ctrl Pts',(8.19495944824242,4.46144661694037,-63.1880938039448));
#2158=CARTESIAN_POINT('Ctrl Pts',(8.18304201842484,4.36204717142907,-63.171252446855));
#2159=CARTESIAN_POINT('Ctrl Pts',(8.16836388868738,4.26144853338259,-63.1548333969938));
#2160=CARTESIAN_POINT('Ctrl Pts',(8.13394585389162,4.05958650177489,-63.1225666220679));
#2161=CARTESIAN_POINT('Ctrl Pts',(8.11423028414005,3.95832852332026,-63.1067165568046));
#2162=CARTESIAN_POINT('Ctrl Pts',(8.0479999094411,3.65470812092137,-63.0593837461314));
#2163=CARTESIAN_POINT('Ctrl Pts',(7.88720449826616,3.0480814479836,-62.965587665252));
#2164=CARTESIAN_POINT('Ctrl Pts',(7.34495987293216,1.74074868391504,-62.7238346206986));
#2165=CARTESIAN_POINT('Ctrl Pts',(6.27180831417159,0.775389227584784,-62.1474441740729));
#2166=CARTESIAN_POINT('Ctrl Pts',(4.97280702853217,0.106050102075956,-62.2826153494287));
#2167=CARTESIAN_POINT('Ctrl Pts',(3.12804897390101,-0.544091482429091,-62.584820199113));
#2168=CARTESIAN_POINT('Ctrl Pts',(1.09056813121056,-0.871304980169671,-62.2161967246832));
#2169=CARTESIAN_POINT('Ctrl Pts',(-0.96555092991695,-1.04672237720868,-62.5848201999529));
#2170=CARTESIAN_POINT('Ctrl Pts',(-2.91279528529324,-0.86218000317346,-62.2826153460687));
#2171=CARTESIAN_POINT('Ctrl Pts',(-4.33513840594796,-0.526980587007755,
-62.1474441896011));
#2172=CARTESIAN_POINT('Ctrl Pts',(-5.6099545784087,0.150086729763326,-62.7238345749767));
#2173=CARTESIAN_POINT('Ctrl Pts',(-6.45236424930373,1.2874015326713,-62.9655877329573));
#2174=CARTESIAN_POINT('Ctrl Pts',(-6.75514121148003,1.83712402236751,-63.0593833546985));
#2175=CARTESIAN_POINT('Ctrl Pts',(-6.89285792640614,2.1157148807358,-63.1067158060741));
#2176=CARTESIAN_POINT('Ctrl Pts',(-6.93648487035451,2.20920010244527,-63.1225657299501));
#2177=CARTESIAN_POINT('Ctrl Pts',(-7.01852109055692,2.39630474540544,-63.1547554778027));
#2178=CARTESIAN_POINT('Ctrl Pts',(-7.05693036681097,2.48992416665616,-63.1710953017794));
#2179=CARTESIAN_POINT('Ctrl Pts',(-7.09240060306439,2.58305618519475,-63.1878525857726));
#2180=CARTESIAN_POINT('Ctrl Pts',(7.12670256883831,4.95597485386606,-56.8069882368559));
#2181=CARTESIAN_POINT('Ctrl Pts',(7.10791204025965,4.87485563889563,-56.7707667504699));
#2182=CARTESIAN_POINT('Ctrl Pts',(7.08706253196242,4.79355419704918,-56.7316057455592));
#2183=CARTESIAN_POINT('Ctrl Pts',(7.04195453948132,4.63174385507365,-56.6491265354158));
#2184=CARTESIAN_POINT('Ctrl Pts',(7.01771269109507,4.55123302489231,-56.6058289262326));
#2185=CARTESIAN_POINT('Ctrl Pts',(6.94065263743543,4.31144884377372,-56.4717243095414));
#2186=CARTESIAN_POINT('Ctrl Pts',(6.76919449611263,3.83887371923821,-56.1866679195929));
#2187=CARTESIAN_POINT('Ctrl Pts',(6.29759203026119,2.84911358065846,-55.5299582202329));
#2188=CARTESIAN_POINT('Ctrl Pts',(5.70425155834433,2.12328517750421,-55.3378752882421));
#2189=CARTESIAN_POINT('Ctrl Pts',(3.99310886940669,1.40571287139534,-55.2557500677241));
#2190=CARTESIAN_POINT('Ctrl Pts',(2.69391885371805,1.02744410699397,-55.4317075893029));
#2191=CARTESIAN_POINT('Ctrl Pts',(0.897267928069772,0.702998837631777,-55.2430765515757));
#2192=CARTESIAN_POINT('Ctrl Pts',(-0.924505201357173,0.583157497732312,
-55.4317075906251));
#2193=CARTESIAN_POINT('Ctrl Pts',(-2.27661521722368,0.635887554380746,-55.2557500629255));
#2194=CARTESIAN_POINT('Ctrl Pts',(-4.11052611058983,0.918182004476385,-55.3378753117302));
#2195=CARTESIAN_POINT('Ctrl Pts',(-4.86183560849353,1.47890816044261,-55.5299581757951));
#2196=CARTESIAN_POINT('Ctrl Pts',(-5.5588740029779,2.32517614325484,-56.1866679215809));
#2197=CARTESIAN_POINT('Ctrl Pts',(-5.83956591648033,2.74223944524404,-56.4717241648486));
#2198=CARTESIAN_POINT('Ctrl Pts',(-5.9723464210204,2.956262500834,-56.6058286648769));
#2199=CARTESIAN_POINT('Ctrl Pts',(-6.01534568049857,3.02851875346321,-56.6491262279521));
#2200=CARTESIAN_POINT('Ctrl Pts',(-6.09806255187685,3.17426648814038,-56.7314092874842));
#2201=CARTESIAN_POINT('Ctrl Pts',(-6.13778016377697,3.24775797018834,-56.7703947839411));
#2202=CARTESIAN_POINT('Ctrl Pts',(-6.1754770368009,3.32156944755584,-56.806472150714));
#2203=CARTESIAN_POINT('Ctrl Pts',(6.62308434713058,5.13376466249507,-53.8457498859183));
#2204=CARTESIAN_POINT('Ctrl Pts',(6.60469149700163,5.05305470430455,-53.8286563586491));
#2205=CARTESIAN_POINT('Ctrl Pts',(6.58507364417442,4.9715713436692,-53.8105706838496));
#2206=CARTESIAN_POINT('Ctrl Pts',(6.543786637125,4.80873218904646,-53.7730505411818));
#2207=CARTESIAN_POINT('Ctrl Pts',(6.52212765230474,4.72737762270511,-53.7536228766494));
#2208=CARTESIAN_POINT('Ctrl Pts',(6.45440152580953,4.48483203457334,-53.6940112124537));
#2209=CARTESIAN_POINT('Ctrl Pts',(6.30795258468153,4.00581330187894,-53.5694732016682));
#2210=CARTESIAN_POINT('Ctrl Pts',(5.9141519967393,3.03721422201094,-53.2869229608534));
#2211=CARTESIAN_POINT('Ctrl Pts',(5.34499246538123,2.68870033445331,-53.1647680641816));
#2212=CARTESIAN_POINT('Ctrl Pts',(3.61755047478508,2.17194910784754,-53.2511854959225));
#2213=CARTESIAN_POINT('Ctrl Pts',(2.37674999617038,1.78412339155649,-53.3225439660843));
#2214=CARTESIAN_POINT('Ctrl Pts',(0.805084965509192,1.45376881948216,-53.3116216191829));
#2215=CARTESIAN_POINT('Ctrl Pts',(-0.799814901175028,1.39409026545636,-53.3225439660843));
#2216=CARTESIAN_POINT('Ctrl Pts',(-2.09758183518352,1.47021909666605,-53.2511854959225));
#2217=CARTESIAN_POINT('Ctrl Pts',(-3.89872485234259,1.55371456248603,-53.1647680641816));
#2218=CARTESIAN_POINT('Ctrl Pts',(-4.53529105350932,1.75418394540627,-53.2869229608534));
#2219=CARTESIAN_POINT('Ctrl Pts',(-5.15171940647239,2.5987425083538,-53.5694732016682));
#2220=CARTESIAN_POINT('Ctrl Pts',(-5.40970330800772,3.02810313204707,-53.6940112124537));
#2221=CARTESIAN_POINT('Ctrl Pts',(-5.53409476755342,3.24705964673508,-53.7536228766494));
#2222=CARTESIAN_POINT('Ctrl Pts',(-5.57479183886499,3.32075785210465,-53.7730505411818));
#2223=CARTESIAN_POINT('Ctrl Pts',(-5.65405794916342,3.46841994887951,-53.8104815038026));
#2224=CARTESIAN_POINT('Ctrl Pts',(-5.69262698815029,3.5423838402848,-53.828484801891));
#2225=CARTESIAN_POINT('Ctrl Pts',(-5.72983474334944,3.61590071725226,-53.8455066237349));
#2226=CARTESIAN_POINT('',(1.36967890467703,-3.14447981223557,-86.1559123706861));
#2227=CARTESIAN_POINT('Ctrl Pts',(1.36967890467703,-3.14447981223558,-86.1559123706861));
#2228=CARTESIAN_POINT('Ctrl Pts',(1.37556338165862,-3.19240503132103,-85.6526036158189));
#2229=CARTESIAN_POINT('Ctrl Pts',(1.38126530665951,-3.23884348384532,-85.1691502289064));
#2230=CARTESIAN_POINT('Ctrl Pts',(1.38665618405075,-3.28274865688927,-84.7042077653771));
#2231=CARTESIAN_POINT('Ctrl Pts',(1.39220488461782,-3.32793919655218,-84.22565365928));
#2232=CARTESIAN_POINT('Ctrl Pts',(1.39742410402932,-3.3704463275511,-83.7667103648401));
#2233=CARTESIAN_POINT('Ctrl Pts',(1.40217465649571,-3.40913647259471,-83.325966740456));
#2234=CARTESIAN_POINT('Ctrl Pts',(1.40714569233897,-3.44962231064262,-82.8647672547124));
#2235=CARTESIAN_POINT('Ctrl Pts',(1.41160360719257,-3.48592911359661,-82.4234961107382));
#2236=CARTESIAN_POINT('Ctrl Pts',(1.41538911021685,-3.51675956167029,-82.0005937764867));
#2237=CARTESIAN_POINT('Ctrl Pts',(1.41927366582548,-3.54839672830651,-81.5666256555049));
#2238=CARTESIAN_POINT('Ctrl Pts',(1.42245023437442,-3.57426780306198,-81.1520005739338));
#2239=CARTESIAN_POINT('Ctrl Pts',(1.42474584593911,-3.59296405894246,-80.7550885380671));
#2240=CARTESIAN_POINT('Ctrl Pts',(1.42711101866274,-3.61222684500024,-80.3461493536904));
#2241=CARTESIAN_POINT('Ctrl Pts',(1.42854112845182,-3.62387415457963,-79.9560133848866));
#2242=CARTESIAN_POINT('Ctrl Pts',(1.42884482681175,-3.62634757924413,-79.5829496526247));
#2243=CARTESIAN_POINT('Ctrl Pts',(1.42891048457644,-3.62688231882789,-79.5022955103063));
#2244=CARTESIAN_POINT('Ctrl Pts',(1.42892348316062,-3.62698818380237,-79.4224394940532));
#2245=CARTESIAN_POINT('Ctrl Pts',(1.42888186951809,-3.62664926788251,-79.3433643853501));
#2246=CARTESIAN_POINT('Ctrl Pts',(1.42886509150083,-3.62651262189796,-79.3114824481241));
#2247=CARTESIAN_POINT('Ctrl Pts',(1.42883943570988,-3.62630367224876,-79.279727455105));
#2248=CARTESIAN_POINT('Ctrl Pts',(1.42880477376834,-3.62602137338921,-79.2480982818029));
#2249=CARTESIAN_POINT('Ctrl Pts',(1.42878773249593,-3.62588258336317,-79.2325480461656));
#2250=CARTESIAN_POINT('Ctrl Pts',(1.42876851432518,-3.62572606392293,-79.2170282226678));
#2251=CARTESIAN_POINT('Ctrl Pts',(1.42874710398071,-3.62555169066043,-79.2015386779301));
#2252=CARTESIAN_POINT('Ctrl Pts',(1.42873582412615,-3.62545982361721,-79.1933781454291));
#2253=CARTESIAN_POINT('Ctrl Pts',(1.42872394724924,-3.6253630942172,-79.185234463034));
#2254=CARTESIAN_POINT('Ctrl Pts',(1.4287114825605,-3.62526157747397,-79.1771120971578));
#2255=CARTESIAN_POINT('Ctrl Pts',(1.42853513926922,-3.62382537661956,-79.0622015076332));
#2256=CARTESIAN_POINT('Ctrl Pts',(1.42824088263075,-3.62142884861728,-78.9512538236318));
#2257=CARTESIAN_POINT('Ctrl Pts',(1.42783566494898,-3.61812861543872,-78.8437349829754));
#2258=CARTESIAN_POINT('Ctrl Pts',(1.42742214608925,-3.61476077459099,-78.7340135409223));
#2259=CARTESIAN_POINT('Ctrl Pts',(1.42689309307217,-3.61045198354176,-78.6278631524297));
#2260=CARTESIAN_POINT('Ctrl Pts',(1.42625384761282,-3.60524574706905,-78.5247693944422));
#2261=CARTESIAN_POINT('Ctrl Pts',(1.42559561623539,-3.59988488270233,-78.418613698956));
#2262=CARTESIAN_POINT('Ctrl Pts',(1.42482057422298,-3.59357267205799,-78.3156990942923));
#2263=CARTESIAN_POINT('Ctrl Pts',(1.42393205941838,-3.58633629968411,-78.2155160786943));
#2264=CARTESIAN_POINT('Ctrl Pts',(1.42324100068371,-3.58070807794785,-78.1375968953163));
#2265=CARTESIAN_POINT('Ctrl Pts',(1.42248125088492,-3.5745204123889,-78.0613312172511));
#2266=CARTESIAN_POINT('Ctrl Pts',(1.42165324890762,-3.56777687744377,-77.9864989440883));
#2267=CARTESIAN_POINT('Ctrl Pts',(1.42058512937854,-3.55907774197384,-77.889965584795));
#2268=CARTESIAN_POINT('Ctrl Pts',(1.41940370017731,-3.54945577328044,-77.7958166354125));
#2269=CARTESIAN_POINT('Ctrl Pts',(1.41812469735311,-3.53903913119936,-77.7036462462127));
#2270=CARTESIAN_POINT('Ctrl Pts',(1.4168012717701,-3.52826069478138,-77.6082745638723));
#2271=CARTESIAN_POINT('Ctrl Pts',(1.41537332603433,-3.5166310100308,-77.5150212030347));
#2272=CARTESIAN_POINT('Ctrl Pts',(1.41385347745817,-3.50425283671031,-77.4234772930643));
#2273=CARTESIAN_POINT('Ctrl Pts',(1.41228452129779,-3.49147471421174,-77.3289755224628));
#2274=CARTESIAN_POINT('Ctrl Pts',(1.41061756797812,-3.47789846889907,-77.2362953585197));
#2275=CARTESIAN_POINT('Ctrl Pts',(1.40886231346392,-3.46360306806823,-77.1450309175013));
#2276=CARTESIAN_POINT('Ctrl Pts',(1.40705887228505,-3.44891521834727,-77.0512610113331));
#2277=CARTESIAN_POINT('Ctrl Pts',(1.40516214368234,-3.43346760352906,-76.9589855033065));
#2278=CARTESIAN_POINT('Ctrl Pts',(1.40317931365084,-3.41731874884694,-76.8678114137611));
#2279=CARTESIAN_POINT('Ctrl Pts',(1.40115061022022,-3.40079628531056,-76.7745279828536));
#2280=CARTESIAN_POINT('Ctrl Pts',(1.39903168938645,-3.38353905998921,-76.6823973591393));
#2281=CARTESIAN_POINT('Ctrl Pts',(1.39682802030856,-3.36559161560846,-76.5910496038761));
#2282=CARTESIAN_POINT('Ctrl Pts',(1.39462876249155,-3.3476800980645,-76.4998847067303));
#2283=CARTESIAN_POINT('Ctrl Pts',(1.39234499534472,-3.32908030726209,-76.4094995239323));
#2284=CARTESIAN_POINT('Ctrl Pts',(1.38998137669616,-3.30983017816669,-76.3195775999696));
#2285=CARTESIAN_POINT('Ctrl Pts',(1.38765749669293,-3.29090369436537,-76.2311675000255));
#2286=CARTESIAN_POINT('Ctrl Pts',(1.3852563272789,-3.27134773882723,-76.1432052559108));
#2287=CARTESIAN_POINT('Ctrl Pts',(1.38278302105481,-3.2512042761176,-76.0554393835985));
#2288=CARTESIAN_POINT('Ctrl Pts',(1.38038217473925,-3.23165095200514,-75.9702447687464));
#2289=CARTESIAN_POINT('Ctrl Pts',(1.37791326391754,-3.21154328697512,-75.8852352857503));
#2290=CARTESIAN_POINT('Ctrl Pts',(1.37538308621735,-3.19093664326191,-75.8002265751446));
#2291=CARTESIAN_POINT('Ctrl Pts',(1.3730021388558,-3.17154538312411,-75.7202316936746));
#2292=CARTESIAN_POINT('Ctrl Pts',(1.37056687547375,-3.15171175449858,-75.6402377612539));
#2293=CARTESIAN_POINT('Ctrl Pts',(1.36808590541713,-3.13150587488121,-75.560129282733));
#2294=CARTESIAN_POINT('Ctrl Pts',(1.36569401205377,-3.11202546671232,-75.4828970172276));
#2295=CARTESIAN_POINT('Ctrl Pts',(1.36325956872431,-3.09219851687877,-75.4055583686124));
#2296=CARTESIAN_POINT('Ctrl Pts',(1.36079404622092,-3.07211844748598,-75.3280441502928));
#2297=CARTESIAN_POINT('Ctrl Pts',(1.35841297696852,-3.05272619462613,-75.2531850802127));
#2298=CARTESIAN_POINT('Ctrl Pts',(1.35600285788429,-3.03309734987202,-75.1781623278129));
#2299=CARTESIAN_POINT('Ctrl Pts',(1.35357852085942,-3.0133527092836,-75.1029451054311));
#2300=CARTESIAN_POINT('Ctrl Pts',(1.35115418383454,-2.99360806869519,-75.0277278830493));
#2301=CARTESIAN_POINT('Ctrl Pts',(1.34871552679838,-2.97374680097398,-74.9523160659159));
#2302=CARTESIAN_POINT('Ctrl Pts',(1.34628321997475,-2.95393725158326,-74.8767116639551));
#2303=CARTESIAN_POINT('Ctrl Pts',(1.34607479847898,-2.95223979471865,-74.8702332121452));
#2304=CARTESIAN_POINT('Ctrl Pts',(1.34586642773347,-2.9505427511818,-74.8637533668762));
#2305=CARTESIAN_POINT('Ctrl Pts',(1.34565812313833,-2.94884624639641,-74.8572721410873));
#2306=CARTESIAN_POINT('Ctrl Pts',(1.345490360434,-2.94747992881467,-74.8520523428156));
#2307=CARTESIAN_POINT('Ctrl Pts',(1.34532270393972,-2.9461144762443,-74.8468336156928));
#2308=CARTESIAN_POINT('Ctrl Pts',(1.34515544096341,-2.94475222862067,-74.8416246720606));
#2309=CARTESIAN_POINT('Ctrl Pts',(1.33852039122224,-2.89071408496185,-74.6349943653337));
#2310=CARTESIAN_POINT('Ctrl Pts',(1.33237907794227,-2.84069710209086,-74.4398719475482));
#2311=CARTESIAN_POINT('Ctrl Pts',(1.32718058893608,-2.79835880672644,-74.2560211829548));
#2312=CARTESIAN_POINT('Ctrl Pts',(1.32143795761807,-2.75158882786885,-74.052926176437));
#2313=CARTESIAN_POINT('Ctrl Pts',(1.31684601729413,-2.71419047509868,-73.8635865213166));
#2314=CARTESIAN_POINT('Ctrl Pts',(1.31401556773711,-2.69113831336138,-73.6876382143571));
#2315=CARTESIAN_POINT('Ctrl Pts',(1.31320958634975,-2.68457412172883,-73.6375362578696));
#2316=CARTESIAN_POINT('Ctrl Pts',(1.31254645634447,-2.67917336123927,-73.5885198499149));
#2317=CARTESIAN_POINT('Ctrl Pts',(1.31204031687487,-2.675051186058,-73.5405799158062));
#2318=CARTESIAN_POINT('Ctrl Pts',(1.31199094905492,-2.67464911742995,-73.5359039516154));
#2319=CARTESIAN_POINT('Ctrl Pts',(1.31194307437475,-2.67425920944951,-73.5312381844677));
#2320=CARTESIAN_POINT('Ctrl Pts',(1.31189670816003,-2.67388158693424,-73.5265828327767));
#2321=CARTESIAN_POINT('Ctrl Pts',(1.31113131903259,-2.66764799272827,-73.4497347314217));
#2322=CARTESIAN_POINT('Ctrl Pts',(1.31077644810358,-2.66475780094472,-73.3757119780824));
#2323=CARTESIAN_POINT('Ctrl Pts',(1.31077622895702,-2.66475601613867,-73.3042244163287));
#2324=CARTESIAN_POINT('Ctrl Pts',(1.31077598070591,-2.66475399429494,-73.2232426879463));
#2325=CARTESIAN_POINT('Ctrl Pts',(1.31123093018848,-2.66845926048729,-73.1455138315698));
#2326=CARTESIAN_POINT('Ctrl Pts',(1.31206580293809,-2.67525875338244,-73.0706685321124));
#2327=CARTESIAN_POINT('Ctrl Pts',(1.31296784462811,-2.68260529339739,-72.9898016210246));
#2328=CARTESIAN_POINT('Ctrl Pts',(1.31431368588619,-2.69356629083907,-72.9123011048253));
#2329=CARTESIAN_POINT('Ctrl Pts',(1.3160118522192,-2.70739674574642,-72.8377605270101));
#2330=CARTESIAN_POINT('Ctrl Pts',(1.31762873763403,-2.7205652206982,-72.7667877543554));
#2331=CARTESIAN_POINT('Ctrl Pts',(1.31956533948785,-2.73633757708784,-72.6984995629905));
#2332=CARTESIAN_POINT('Ctrl Pts',(1.32174117051599,-2.75405829874926,-72.6325844406394));
#2333=CARTESIAN_POINT('Ctrl Pts',(1.32311570643787,-2.76525299547444,-72.5909439353359));
#2334=CARTESIAN_POINT('Ctrl Pts',(1.32458567013173,-2.77722488903361,-72.5502512041555));
#2335=CARTESIAN_POINT('Ctrl Pts',(1.32612959635403,-2.78979915904715,-72.510433279556));
#2336=CARTESIAN_POINT('Ctrl Pts',(1.32661189032328,-2.79372712821282,-72.4979948970575));
#2337=CARTESIAN_POINT('Ctrl Pts',(1.32710166836797,-2.79771605028166,-72.4856352893926));
#2338=CARTESIAN_POINT('Ctrl Pts',(1.32759678281805,-2.80174843388457,-72.4733879161744));
#2339=CARTESIAN_POINT('Ctrl Pts',(1.33160931344287,-2.83442787334586,-72.3741321580277));
#2340=CARTESIAN_POINT('Ctrl Pts',(1.33598505414547,-2.87006542150555,-72.2819130809847));
#2341=CARTESIAN_POINT('Ctrl Pts',(1.34029498865896,-2.90516702126367,-72.1955503254311));
#2342=CARTESIAN_POINT('Ctrl Pts',(1.34428449918036,-2.9376589770266,-72.1156082472253));
#2343=CARTESIAN_POINT('Ctrl Pts',(1.34821721705869,-2.96968839382942,-72.0406823720336));
#2344=CARTESIAN_POINT('Ctrl Pts',(1.35175362029951,-2.99849008693033,-71.9698032651351));
#2345=CARTESIAN_POINT('Ctrl Pts',(1.35485161118896,-3.0237211979636,-71.9077111301404));
#2346=CARTESIAN_POINT('Ctrl Pts',(1.35764531855054,-3.04647411853376,-71.8487236526793));
#2347=CARTESIAN_POINT('Ctrl Pts',(1.35991039204743,-3.06492166177726,-71.792179410515));
#2348=CARTESIAN_POINT('Ctrl Pts',(1.36085787101633,-3.0726382587332,-71.7685269858424));
#2349=CARTESIAN_POINT('Ctrl Pts',(1.36167377373785,-3.07928325314878,-71.7462774413258));
#2350=CARTESIAN_POINT('Ctrl Pts',(1.36237257121441,-3.08497450188097,-71.7251007770841));
#2351=CARTESIAN_POINT('Ctrl Pts',(1.36307970252218,-3.09073362422146,-71.7036715607783));
#2352=CARTESIAN_POINT('Ctrl Pts',(1.36366707869907,-3.09551741928964,-71.683341894347));
#2353=CARTESIAN_POINT('Ctrl Pts',(1.3641469342467,-3.0994255291049,-71.6638172675098));
#2354=CARTESIAN_POINT('Ctrl Pts',(1.36462306671652,-3.1033033168848,-71.6444441273128));
#2355=CARTESIAN_POINT('Ctrl Pts',(1.36499344637737,-3.10631981715266,-71.625864369667));
#2356=CARTESIAN_POINT('Ctrl Pts',(1.36526537483863,-3.10853449674474,-71.6078237324116));
#2357=CARTESIAN_POINT('Ctrl Pts',(1.36532182379338,-3.10899423658773,-71.6040787212737));
#2358=CARTESIAN_POINT('Ctrl Pts',(1.36537401115033,-3.10941926850192,-71.6003570360169));
#2359=CARTESIAN_POINT('Ctrl Pts',(1.36542197079131,-3.10980986843268,-71.5966565407987));
#2360=CARTESIAN_POINT('Ctrl Pts',(1.36563334415445,-3.11153136632772,-71.5803472836097));
#2361=CARTESIAN_POINT('Ctrl Pts',(1.36576311296838,-3.11258824850387,-71.5644485660145));
#2362=CARTESIAN_POINT('Ctrl Pts',(1.36582359852049,-3.11308086379414,-71.5487855824202));
#2363=CARTESIAN_POINT('Ctrl Pts',(1.3658722377343,-3.11347699840143,-71.5361902570665));
#2364=CARTESIAN_POINT('Ctrl Pts',(1.36587592888666,-3.113507060425,-71.5237483839823));
#2365=CARTESIAN_POINT('Ctrl Pts',(1.36583839760318,-3.11320139265045,-71.5113718758502));
#2366=CARTESIAN_POINT('Ctrl Pts',(1.36559971023092,-3.11125744000283,-71.4326611063322));
#2367=CARTESIAN_POINT('Ctrl Pts',(1.36368762459621,-3.09568475219503,-71.3567918106908));
#2368=CARTESIAN_POINT('Ctrl Pts',(1.3608648304254,-3.07269493857449,-71.2810332632649));
#2369=CARTESIAN_POINT('Ctrl Pts',(1.35782933285622,-3.04797279479128,-71.1995661520833));
#2370=CARTESIAN_POINT('Ctrl Pts',(1.3537399808039,-3.01466769501302,-71.1182298837613));
#2371=CARTESIAN_POINT('Ctrl Pts',(1.34954261355457,-2.98048288204968,-71.033619521246));
#2372=CARTESIAN_POINT('Ctrl Pts',(1.34869841439001,-2.97360743159946,-71.0166021879736));
#2373=CARTESIAN_POINT('Ctrl Pts',(1.3478498600582,-2.9666965111583,-70.9994523008014));
#2374=CARTESIAN_POINT('Ctrl Pts',(1.34700467846094,-2.95981305943577,-70.982141949732));
#2375=CARTESIAN_POINT('Ctrl Pts',(1.34626508306942,-2.95378953835073,-70.9669941330755));
#2376=CARTESIAN_POINT('Ctrl Pts',(1.34552832618842,-2.94778913507864,-70.9517290346105));
#2377=CARTESIAN_POINT('Ctrl Pts',(1.34479815181882,-2.94184234205977,-70.9362967370842));
#2378=CARTESIAN_POINT('Ctrl Pts',(1.34254758532913,-2.92351294890867,-70.8887308225338));
#2379=CARTESIAN_POINT('Ctrl Pts',(1.34036140954636,-2.90570797598181,-70.8396242209583));
#2380=CARTESIAN_POINT('Ctrl Pts',(1.33840059968374,-2.88973846118171,-70.7884444956457));
#2381=CARTESIAN_POINT('Ctrl Pts',(1.33586915499449,-2.86912149866979,-70.722370448228));
#2382=CARTESIAN_POINT('Ctrl Pts',(1.3337134611715,-2.85156478138341,-70.652839760459));
#2383=CARTESIAN_POINT('Ctrl Pts',(1.33229098655956,-2.83997965535902,-70.5786897461987));
#2384=CARTESIAN_POINT('Ctrl Pts',(1.33204140840386,-2.83794700439821,-70.5656798663396));
#2385=CARTESIAN_POINT('Ctrl Pts',(1.33181441755943,-2.83609831232519,-70.5525277917104));
#2386=CARTESIAN_POINT('Ctrl Pts',(1.33161195874705,-2.83444941761979,-70.539227273115));
#2387=CARTESIAN_POINT('Ctrl Pts',(1.33154311392849,-2.83388872156764,-70.5347045172085));
#2388=CARTESIAN_POINT('Ctrl Pts',(1.33147702981856,-2.83335050968296,-70.5301585911371));
#2389=CARTESIAN_POINT('Ctrl Pts',(1.33141422813184,-2.83283903099006,-70.5256229753146));
#2390=CARTESIAN_POINT('Ctrl Pts',(1.33082202176756,-2.8280158972026,-70.4828530960916));
#2391=CARTESIAN_POINT('Ctrl Pts',(1.33051424751168,-2.82550927704101,-70.4405403172022));
#2392=CARTESIAN_POINT('Ctrl Pts',(1.33047431671774,-2.82518406682213,-70.3984911271867));
#2393=CARTESIAN_POINT('Ctrl Pts',(1.33043753972732,-2.82488454227161,-70.3597630552886));
#2394=CARTESIAN_POINT('Ctrl Pts',(1.33062751367859,-2.82643175594316,-70.3212593367096));
#2395=CARTESIAN_POINT('Ctrl Pts',(1.33103263179636,-2.82973117823867,-70.2827902622628));
#2396=CARTESIAN_POINT('Ctrl Pts',(1.331101238717,-2.83028993676775,-70.2762755086096));
#2397=CARTESIAN_POINT('Ctrl Pts',(1.33117602712333,-2.83089903945768,-70.2697616402118));
#2398=CARTESIAN_POINT('Ctrl Pts',(1.33125695664442,-2.83155815751366,-70.2632475971147));
#2399=CARTESIAN_POINT('Ctrl Pts',(1.33158329587061,-2.83421597722493,-70.2369804481773));
#2400=CARTESIAN_POINT('Ctrl Pts',(1.33200896624115,-2.83768278418681,-70.2107116530719));
#2401=CARTESIAN_POINT('Ctrl Pts',(1.33251272473147,-2.84178556784817,-70.1843759107174));
#2402=CARTESIAN_POINT('Ctrl Pts',(1.33306025710497,-2.84624486117859,-70.1557517350538));
#2403=CARTESIAN_POINT('Ctrl Pts',(1.33370006349779,-2.85145566608867,-70.1270487699684));
#2404=CARTESIAN_POINT('Ctrl Pts',(1.33441221941478,-2.8572557105875,-70.0981627738099));
#2405=CARTESIAN_POINT('Ctrl Pts',(1.33516203454225,-2.86336246474264,-70.0677492697235));
#2406=CARTESIAN_POINT('Ctrl Pts',(1.33599213358271,-2.87012307889786,-70.0371331321533));
#2407=CARTESIAN_POINT('Ctrl Pts',(1.33688617624835,-2.8774044720883,-70.0061666244305));
#2408=CARTESIAN_POINT('Ctrl Pts',(1.3378277908289,-2.88507330743403,-69.9735523921336));
#2409=CARTESIAN_POINT('Ctrl Pts',(1.33884043482892,-2.89332063097855,-69.9405498906447));
#2410=CARTESIAN_POINT('Ctrl Pts',(1.33991106491179,-2.90204021326973,-69.9069532494656));
#2411=CARTESIAN_POINT('Ctrl Pts',(1.34107887061298,-2.91155122746093,-69.8703072129514));
#2412=CARTESIAN_POINT('Ctrl Pts',(1.34231578815202,-2.92162511240186,-69.8329551982599));
#2413=CARTESIAN_POINT('Ctrl Pts',(1.34361017151384,-2.93216701891115,-69.7945809065301));
#2414=CARTESIAN_POINT('Ctrl Pts',(1.34485433997083,-2.94229995783971,-69.7576953247635));
#2415=CARTESIAN_POINT('Ctrl Pts',(1.34615180048262,-2.95286692572438,-69.7198652564767));
#2416=CARTESIAN_POINT('Ctrl Pts',(1.34749430005737,-2.96380070734061,-69.6807610991776));
#2417=CARTESIAN_POINT('Ctrl Pts',(1.34879023215365,-2.97435522727993,-69.6430133534836));
#2418=CARTESIAN_POINT('Ctrl Pts',(1.35012829140959,-2.98525284540149,-69.6040784917926));
#2419=CARTESIAN_POINT('Ctrl Pts',(1.35150051255066,-2.99642868975012,-69.5636127363279));
#2420=CARTESIAN_POINT('Ctrl Pts',(1.352777227109,-3.00682669540288,-69.5259633971872));
#2421=CARTESIAN_POINT('Ctrl Pts',(1.35408362130227,-3.0174664222844,-69.4869887299796));
#2422=CARTESIAN_POINT('Ctrl Pts',(1.35541098370011,-3.0282769214879,-69.4463706439694));
#2423=CARTESIAN_POINT('Ctrl Pts',(1.3557917567382,-3.03137806902049,-69.4347187604774));
#2424=CARTESIAN_POINT('Ctrl Pts',(1.35617423451325,-3.03449310052155,-69.4229313679153));
#2425=CARTESIAN_POINT('Ctrl Pts',(1.35655815387233,-3.03761987278227,-69.4110002824652));
#2426=CARTESIAN_POINT('Ctrl Pts',(1.35682864169021,-3.03982281927567,-69.4025943159722));
#2427=CARTESIAN_POINT('Ctrl Pts',(1.35709984449487,-3.04203158886909,-69.3941170165853));
#2428=CARTESIAN_POINT('Ctrl Pts',(1.35737166051735,-3.04424535272075,-69.3855654260648));
#2429=CARTESIAN_POINT('Ctrl Pts',(1.35754940735397,-3.04569298453468,-69.3799733415758));
#2430=CARTESIAN_POINT('Ctrl Pts',(1.3577274162445,-3.04714275060643,-69.3743494873983));
#2431=CARTESIAN_POINT('Ctrl Pts',(1.35790565668164,-3.04859440247398,-69.3686930173504));
#2432=CARTESIAN_POINT('Ctrl Pts',(1.35805222329037,-3.04978809171022,-69.3640417179843));
#2433=CARTESIAN_POINT('Ctrl Pts',(1.358198665222,-3.05098076553298,-69.3593772800255));
#2434=CARTESIAN_POINT('Ctrl Pts',(1.358344880225,-3.05217159117041,-69.3547021525058));
#2435=CARTESIAN_POINT('Ctrl Pts',(1.36154498958401,-3.07823439039754,-69.2523807831308));
#2436=CARTESIAN_POINT('Ctrl Pts',(1.3646492664971,-3.10351669698596,-69.1445487841035));
#2437=CARTESIAN_POINT('Ctrl Pts',(1.36740327709628,-3.12594631337166,-69.0308190990215));
#2438=CARTESIAN_POINT('Ctrl Pts',(1.37042998711898,-3.15059688833315,-68.9058280122701));
#2439=CARTESIAN_POINT('Ctrl Pts',(1.37303338955158,-3.17179989963515,-68.7737124092934));
#2440=CARTESIAN_POINT('Ctrl Pts',(1.37486859593142,-3.186746456159,-68.6339901006506));
#2441=CARTESIAN_POINT('Ctrl Pts',(1.37671003827356,-3.2017438005201,-68.4937930208551));
#2442=CARTESIAN_POINT('Ctrl Pts',(1.37777764203578,-3.21043873540698,-68.3459367726275));
#2443=CARTESIAN_POINT('Ctrl Pts',(1.37772140731589,-3.2099807403668,-68.189977312886));
#2444=CARTESIAN_POINT('Ctrl Pts',(1.37771039177986,-3.20989102602528,-68.1594271998763));
#2445=CARTESIAN_POINT('Ctrl Pts',(1.37765625981451,-3.20945015654656,-68.1285663094957));
#2446=CARTESIAN_POINT('Ctrl Pts',(1.37755639494381,-3.20863682244357,-68.0973915317248));
#2447=CARTESIAN_POINT('Ctrl Pts',(1.37751316332887,-3.20828472919487,-68.0838959353362));
#2448=CARTESIAN_POINT('Ctrl Pts',(1.37746136131103,-3.20786283561591,-68.0703415163953));
#2449=CARTESIAN_POINT('Ctrl Pts',(1.37740077711186,-3.20736941690979,-68.0567280272664));
#2450=CARTESIAN_POINT('Ctrl Pts',(1.37737586010125,-3.20716648414346,-68.0511290846763));
#2451=CARTESIAN_POINT('Ctrl Pts',(1.37734945972095,-3.20695147030047,-68.0455210280361));
#2452=CARTESIAN_POINT('Ctrl Pts',(1.37732161901914,-3.20672472598016,-68.0399141309338));
#2453=CARTESIAN_POINT('Ctrl Pts',(1.37695288576373,-3.20372163460862,-67.965654170263));
#2454=CARTESIAN_POINT('Ctrl Pts',(1.37632958251852,-3.19864523705013,-67.891118103565));
#2455=CARTESIAN_POINT('Ctrl Pts',(1.37544646146228,-3.19145279323069,-67.8161576754845));
#2456=CARTESIAN_POINT('Ctrl Pts',(1.37460477513785,-3.18459780822131,-67.744714279653));
#2457=CARTESIAN_POINT('Ctrl Pts',(1.37352717635689,-3.17582147043948,-67.672885086581));
#2458=CARTESIAN_POINT('Ctrl Pts',(1.37220628181311,-3.1650636476808,-67.6005017400026));
#2459=CARTESIAN_POINT('Ctrl Pts',(1.371209646501,-3.15694670443717,-67.5458873882754));
#2460=CARTESIAN_POINT('Ctrl Pts',(1.37007445581804,-3.14770131825399,-67.4909567674961));
#2461=CARTESIAN_POINT('Ctrl Pts',(1.36879593209882,-3.13728857816898,-67.4356227813496));
#2462=CARTESIAN_POINT('Ctrl Pts',(1.3672977608675,-3.12508695265344,-67.3707825402862));
#2463=CARTESIAN_POINT('Ctrl Pts',(1.36560307814267,-3.11128486945782,-67.3053889285814));
#2464=CARTESIAN_POINT('Ctrl Pts',(1.36372711571716,-3.09600638157956,-67.239268851702));
#2465=CARTESIAN_POINT('Ctrl Pts',(1.36180644361273,-3.08036376258748,-67.1715729397379));
#2466=CARTESIAN_POINT('Ctrl Pts',(1.3596957130581,-3.06317324173551,-67.1031157140072));
#2467=CARTESIAN_POINT('Ctrl Pts',(1.35740545948104,-3.0445206231971,-67.0336851227834));
#2468=CARTESIAN_POINT('Ctrl Pts',(1.35504866021291,-3.02532603349738,-66.9622371537807));
#2469=CARTESIAN_POINT('Ctrl Pts',(1.35250172258384,-3.00458289111692,-66.8897587062212));
#2470=CARTESIAN_POINT('Ctrl Pts',(1.34977055092559,-2.98233928297898,-66.8159875853379));
#2471=CARTESIAN_POINT('Ctrl Pts',(1.34700605107366,-2.95982423848599,-66.7413162434098));
#2472=CARTESIAN_POINT('Ctrl Pts',(1.34405274743826,-2.93577151057342,-66.6653207298787));
#2473=CARTESIAN_POINT('Ctrl Pts',(1.3409117448559,-2.91019009741271,-66.5876938954902));
#2474=CARTESIAN_POINT('Ctrl Pts',(1.33775073520188,-2.88444573972942,-66.5095726057177));
#2475=CARTESIAN_POINT('Ctrl Pts',(1.33439957839166,-2.85715275773365,-66.4297994121899));
#2476=CARTESIAN_POINT('Ctrl Pts',(1.33085507671014,-2.82828510812586,-66.3480220005136));
#2477=CARTESIAN_POINT('Ctrl Pts',(1.32731179655599,-2.79942740706025,-66.2662727714585));
#2478=CARTESIAN_POINT('Ctrl Pts',(1.32357525169614,-2.76899569127897,-66.1825209823265));
#2479=CARTESIAN_POINT('Ctrl Pts',(1.31963871599211,-2.73693518078016,-66.0963715756806));
#2480=CARTESIAN_POINT('Ctrl Pts',(1.31575777002086,-2.70532741232298,-66.0114387266517));
#2481=CARTESIAN_POINT('Ctrl Pts',(1.31168238388901,-2.6721360558383,-65.9241757145788));
#2482=CARTESIAN_POINT('Ctrl Pts',(1.30740351052997,-2.63728742888162,-65.8341585714214));
#2483=CARTESIAN_POINT('Ctrl Pts',(1.30318674228143,-2.6029446074597,-65.7454479695315));
#2484=CARTESIAN_POINT('Ctrl Pts',(1.29877229488221,-2.56699181855309,-65.6540628532811));
#2485=CARTESIAN_POINT('Ctrl Pts',(1.29414980049671,-2.52934462291674,-65.5595496091851));
#2486=CARTESIAN_POINT('Ctrl Pts',(1.28966788511074,-2.49284235135298,-65.4679106957401));
#2487=CARTESIAN_POINT('Ctrl Pts',(1.28499032899382,-2.45474671390083,-65.3733311587177));
#2488=CARTESIAN_POINT('Ctrl Pts',(1.28010687921071,-2.41497420710385,-65.2753496521546));
#2489=CARTESIAN_POINT('Ctrl Pts',(1.27681411936382,-2.38815683020681,-65.2092837387373));
#2490=CARTESIAN_POINT('Ctrl Pts',(1.27342773573234,-2.36057694877397,-65.1416701854771));
#2491=CARTESIAN_POINT('Ctrl Pts',(1.26994456580361,-2.33220880620695,-65.0723540926526));
#2492=CARTESIAN_POINT('Ctrl Pts',(1.26972816200865,-2.33044633873245,-65.0680475943059));
#2493=CARTESIAN_POINT('Ctrl Pts',(1.26951151897801,-2.32868192283968,-65.0637371949964));
#2494=CARTESIAN_POINT('Ctrl Pts',(1.26929512531273,-2.32691953786481,-65.0594325836228));
#2495=CARTESIAN_POINT('Ctrl Pts',(1.26499380101611,-2.2918880626941,-64.9738684823594));
#2496=CARTESIAN_POINT('Ctrl Pts',(1.26073607061548,-2.25721163131403,-64.8894916360709));
#2497=CARTESIAN_POINT('Ctrl Pts',(1.25652986002858,-2.22295479514458,-64.8062270496617));
#2498=CARTESIAN_POINT('Ctrl Pts',(1.25217442074679,-2.18748258878689,-64.7200083872964));
#2499=CARTESIAN_POINT('Ctrl Pts',(1.24787417136713,-2.15245986811114,-64.6349824055919));
#2500=CARTESIAN_POINT('Ctrl Pts',(1.24363244396387,-2.11791377068453,-64.5510290381299));
#2501=CARTESIAN_POINT('Ctrl Pts',(1.23924631711842,-2.08219163417666,-64.4642176795055));
#2502=CARTESIAN_POINT('Ctrl Pts',(1.23492271264574,-2.04697870153172,-64.3785532922148));
#2503=CARTESIAN_POINT('Ctrl Pts',(1.23066037260942,-2.01226472767996,-64.2938630325239));
#2504=CARTESIAN_POINT('Ctrl Pts',(1.22626292729507,-1.97645040963953,-64.2064883081997));
#2505=CARTESIAN_POINT('Ctrl Pts',(1.22193063896663,-1.94116675266437,-64.1201505153792));
#2506=CARTESIAN_POINT('Ctrl Pts',(1.21765777435482,-1.90636706302318,-64.0346166998545));
#2507=CARTESIAN_POINT('Ctrl Pts',(1.21326445635816,-1.87058635928723,-63.9466716594174));
#2508=CARTESIAN_POINT('Ctrl Pts',(1.20893390646687,-1.83531686074579,-63.8595766219914));
#2509=CARTESIAN_POINT('Ctrl Pts',(1.20465619170643,-1.80047766981333,-63.7730325156851));
#2510=CARTESIAN_POINT('Ctrl Pts',(1.20023795391852,-1.76449401066391,-63.6836454335121));
#2511=CARTESIAN_POINT('Ctrl Pts',(1.19587602965885,-1.7289689883968,-63.5948462005228));
#2512=CARTESIAN_POINT('Ctrl Pts',(1.19155637972355,-1.69378826287224,-63.5062555853814));
#2513=CARTESIAN_POINT('Ctrl Pts',(1.18718390962981,-1.65817735167884,-63.4165816948823));
#2514=CARTESIAN_POINT('Ctrl Pts',(1.18285469892158,-1.62291875990715,-63.3271215684401));
#2515=CARTESIAN_POINT('Ctrl Pts',(1.17855188748886,-1.5878751729805,-63.2374309748878));
#2516=CARTESIAN_POINT('Ctrl Pts',(1.17422820376147,-1.55266159485534,-63.1473053056816));
#2517=CARTESIAN_POINT('Ctrl Pts',(1.16993112452105,-1.5176646928885,-63.0569469528632));
#2518=CARTESIAN_POINT('Ctrl Pts',(1.16564204358111,-1.48273293185151,-62.9658539143213));
#2519=CARTESIAN_POINT('Ctrl Pts',(1.16136585738564,-1.44790619008061,-62.8750347389851));
#2520=CARTESIAN_POINT('Ctrl Pts',(1.15709757363707,-1.41314380857483,-62.7834853353655));
#2521=CARTESIAN_POINT('Ctrl Pts',(1.15281801067116,-1.37828956521564,-62.6906569480216));
#2522=CARTESIAN_POINT('Ctrl Pts',(1.14862400020111,-1.34413209102056,-62.5996842876029));
#2523=CARTESIAN_POINT('Ctrl Pts',(1.14441911395006,-1.30988604069734,-62.5074832602716));
#2524=CARTESIAN_POINT('Ctrl Pts',(1.14018525168212,-1.27540399965456,-62.4134879880944));
#2525=CARTESIAN_POINT('Ctrl Pts',(1.13602367647786,-1.24151068950074,-62.3210975489976));
#2526=CARTESIAN_POINT('Ctrl Pts',(1.13183406664036,-1.20738905558185,-62.2269737075032));
#2527=CARTESIAN_POINT('Ctrl Pts',(1.12759979065188,-1.172903645056,-62.1305301796461));
#2528=CARTESIAN_POINT('Ctrl Pts',(1.1234609317647,-1.1391953444584,-62.036259954118));
#2529=CARTESIAN_POINT('Ctrl Pts',(1.11927935956984,-1.10513917188604,-61.9397735285508));
#2530=CARTESIAN_POINT('Ctrl Pts',(1.1150406394416,-1.07061756674677,-61.8404747190716));
#2531=CARTESIAN_POINT('Ctrl Pts',(1.11080191931335,-1.0360959616075,-61.7411759095923));
#2532=CARTESIAN_POINT('Ctrl Pts',(1.10650600364657,-1.00110853618841,-61.6390651063488));
#2533=CARTESIAN_POINT('Ctrl Pts',(1.10214020412988,-0.965551952486317,-61.5334928668916));
#2534=CARTESIAN_POINT('Ctrl Pts',(1.10186280162641,-0.963292690397862,-61.5267848164164));
#2535=CARTESIAN_POINT('Ctrl Pts',(1.10158511771386,-0.961031136416354,-61.5200627719297));
#2536=CARTESIAN_POINT('Ctrl Pts',(1.10130714944965,-0.958767266576473,-61.5133265589456));
#2537=CARTESIAN_POINT('Ctrl Pts',(1.09467692222317,-0.904768399143022,-61.352651300358));
#2538=CARTESIAN_POINT('Ctrl Pts',(1.08788457725417,-0.849449188653093,-61.1839197371479));
#2539=CARTESIAN_POINT('Ctrl Pts',(1.08086752141538,-0.792299854994187,-61.0052935821969));
#2540=CARTESIAN_POINT('Ctrl Pts',(1.07492940162262,-0.743937750268243,-60.8541328203919));
#2541=CARTESIAN_POINT('Ctrl Pts',(1.06883042834355,-0.694265599026282,-60.6958813671431));
#2542=CARTESIAN_POINT('Ctrl Pts',(1.06253498147254,-0.642993298788211,-60.52943277489));
#2543=CARTESIAN_POINT('Ctrl Pts',(1.05768426660184,-0.603487396456566,-60.4011822029778));
#2544=CARTESIAN_POINT('Ctrl Pts',(1.05271695075467,-0.563031855379003,-60.2680643511839));
#2545=CARTESIAN_POINT('Ctrl Pts',(1.04761760467315,-0.521501014334427,-60.1296038659387));
#2546=CARTESIAN_POINT('Ctrl Pts',(1.04364730314858,-0.489165503294322,-60.0217998716863));
#2547=CARTESIAN_POINT('Ctrl Pts',(1.03959697980439,-0.456178266833745,-59.9107573808663));
#2548=CARTESIAN_POINT('Ctrl Pts',(1.03545966473341,-0.422482539614021,-59.7962742216415));
#2549=CARTESIAN_POINT('Ctrl Pts',(1.02087992894811,-0.303740120550239,-59.3928400657389));
#2550=CARTESIAN_POINT('Ctrl Pts',(1.00653528392059,-0.186912361811867,-58.9831016763367));
#2551=CARTESIAN_POINT('Ctrl Pts',(0.992393978312042,-0.0717406699003785,
-58.5730825415801));
#2552=CARTESIAN_POINT('Ctrl Pts',(0.989125895682302,-0.0451242727873508,
-58.478326339483));
#2553=CARTESIAN_POINT('Ctrl Pts',(0.985868675993131,-0.0185963472337125,
-58.3835549182245));
#2554=CARTESIAN_POINT('Ctrl Pts',(0.982621932459652,0.0078462568657216,
-58.2888422740321));
#2555=CARTESIAN_POINT('Ctrl Pts',(9.60987747579441,4.2607749650048,-87.0975551548973));
#2556=CARTESIAN_POINT('Ctrl Pts',(9.61153240252189,4.09373427850484,-86.8849329650178));
#2557=CARTESIAN_POINT('Ctrl Pts',(9.59164840784247,3.72852392862268,-86.6267185674962));
#2558=CARTESIAN_POINT('Ctrl Pts',(9.56090905492299,3.38898238425306,-86.4492273893671));
#2559=CARTESIAN_POINT('Ctrl Pts',(9.50665850686371,2.89892167183303,-86.2435330367179));
#2560=CARTESIAN_POINT('Ctrl Pts',(9.36945245865172,1.9570627386961,-86.0056305833582));
#2561=CARTESIAN_POINT('Ctrl Pts',(8.91758783342629,0.0727158442736103,-86.1962347222877));
#2562=CARTESIAN_POINT('Ctrl Pts',(8.25914562867021,-0.356056543263023,-86.4206831759868));
#2563=CARTESIAN_POINT('Ctrl Pts',(5.77207839521855,-2.15233766683828,-85.9966382800142));
#2564=CARTESIAN_POINT('Ctrl Pts',(3.48531558816431,-2.79738781508503,-86.0672231953928));
#2565=CARTESIAN_POINT('Ctrl Pts',(2.07841162049053,-3.05745378489664,-86.1559122333064));
#2566=CARTESIAN_POINT('Ctrl Pts',(1.36967890467703,-3.14447981223557,-86.1559123706861));
#2567=CARTESIAN_POINT('Origin',(3.96420684702643,8.54682200071122,-58.));
#2568=CARTESIAN_POINT('',(2.50177472616466,20.4573758204071,-56.));
#2569=CARTESIAN_POINT('',(15.8747606667223,10.009254121573,-56.));
#2570=CARTESIAN_POINT('Origin',(3.96420684702643,8.54682200071122,-56.));
#2571=CARTESIAN_POINT('',(15.8747606667223,10.009254121573,-58.));
#2572=CARTESIAN_POINT('',(15.8747606667223,10.009254121573,-58.));
#2573=CARTESIAN_POINT('',(2.50177472616466,20.4573758204071,-58.));
#2574=CARTESIAN_POINT('Origin',(3.96420684702643,8.54682200071122,-58.));
#2575=CARTESIAN_POINT('',(2.50177472616466,20.4573758204071,-58.));
#2576=CARTESIAN_POINT('Origin',(8.29999948380716,6.05666091940784,-58.));
#2577=CARTESIAN_POINT('',(-1.46840988040063,19.9698984467865,-58.));
#2578=CARTESIAN_POINT('',(-1.46840988040063,19.9698984467865,-58.));
#2579=CARTESIAN_POINT('',(-1.46840988040063,19.9698984467865,-58.));
#2580=CARTESIAN_POINT('',(16.6059767271532,4.05397721172505,-58.));
#2581=CARTESIAN_POINT('',(14.4123285458605,21.9198079412689,-58.));
#2582=CARTESIAN_POINT('',(6.15785502831908,-9.31900872883258,-58.));
#2583=CARTESIAN_POINT('Origin',(4.69542290745731,2.59154509086328,-58.));
#2584=CARTESIAN_POINT('',(2.18767042175379,-9.80648610245317,-58.));
#2585=CARTESIAN_POINT('',(2.18767042175379,-9.80648610245317,-58.));
#2586=CARTESIAN_POINT('',(-1.46840988040063,19.9698984467865,-58.));
#2587=CARTESIAN_POINT('',(3.72024401610772,-4.47515251750463,-58.));
#2588=CARTESIAN_POINT('Origin',(5.37024401610772,-4.47515251750463,-58.));
#2589=CARTESIAN_POINT('',(1.38902769704644,15.5167934914149,-58.));
#2590=CARTESIAN_POINT('Origin',(3.03902769704644,15.5167934914149,-58.));
#2591=CARTESIAN_POINT('',(11.279036323367,7.39285783408011,-58.));
#2592=CARTESIAN_POINT('Origin',(12.929036323367,7.39285783408011,-58.));
#2593=CARTESIAN_POINT('Origin',(18.0684088480149,-7.85657660797082,-58.));
#2594=CARTESIAN_POINT('',(16.6059767271532,4.05397721172505,-56.));
#2595=CARTESIAN_POINT('',(14.4123285458605,21.9198079412689,-56.));
#2596=CARTESIAN_POINT('',(16.6059767271532,4.05397721172505,-58.));
#2597=CARTESIAN_POINT('Origin',(4.69542290745731,2.59154509086328,-58.));
#2598=CARTESIAN_POINT('',(6.15785502831908,-9.31900872883258,-56.));
#2599=CARTESIAN_POINT('Origin',(4.69542290745731,2.59154509086328,-56.));
#2600=CARTESIAN_POINT('',(6.15785502831908,-9.31900872883259,-58.));
#2601=CARTESIAN_POINT('Origin',(0.483023720706007,4.07674716818402,-81.5744818040071));
#2602=CARTESIAN_POINT('',(-1.46840988040063,19.9698984467865,-56.));
#2603=CARTESIAN_POINT('',(2.18767042175379,-9.80648610245317,-56.));
#2604=CARTESIAN_POINT('',(-1.46840988040063,19.9698984467865,-56.));
#2605=CARTESIAN_POINT('',(-1.46840988040063,19.9698984467865,-58.));
#2606=CARTESIAN_POINT('',(-0.221050325114298,9.81097010829029,-100.515623153558));
#2607=CARTESIAN_POINT('Ctrl Pts',(-0.355235987165669,10.9038246257038,-94.5873946242313));
#2608=CARTESIAN_POINT('Ctrl Pts',(-0.352508411081332,10.8816103011643,-94.7421684326725));
#2609=CARTESIAN_POINT('Ctrl Pts',(-0.34970493573661,10.8587778267546,-94.88955559044));
#2610=CARTESIAN_POINT('Ctrl Pts',(-0.346841268746371,10.8354551307316,-95.0304131361367));
#2611=CARTESIAN_POINT('Ctrl Pts',(-0.343722747923546,10.8100568168077,-95.1838063870992));
#2612=CARTESIAN_POINT('Ctrl Pts',(-0.340532837745013,10.7840770832396,-95.3294561359262));
#2613=CARTESIAN_POINT('Ctrl Pts',(-0.337290878595219,10.7576734448183,-95.4684047347345));
#2614=CARTESIAN_POINT('Ctrl Pts',(-0.333861720777235,10.7297451955925,-95.6153765662368));
#2615=CARTESIAN_POINT('Ctrl Pts',(-0.330374309393858,10.7013425091494,-95.7548504898772));
#2616=CARTESIAN_POINT('Ctrl Pts',(-0.326850743768806,10.6726453700373,-95.8879951630228));
#2617=CARTESIAN_POINT('Ctrl Pts',(-0.322994847928685,10.6412416185251,-96.033697569604));
#2618=CARTESIAN_POINT('Ctrl Pts',(-0.319095623156659,10.6094849811812,-96.1718198284577));
#2619=CARTESIAN_POINT('Ctrl Pts',(-0.315181532249976,10.5776072688866,-96.3038270368534));
#2620=CARTESIAN_POINT('Ctrl Pts',(-0.310412555057865,10.5387670665269,-96.464666266458));
#2621=CARTESIAN_POINT('Ctrl Pts',(-0.305621403476565,10.4997462682598,-96.6164261752198));
#2622=CARTESIAN_POINT('Ctrl Pts',(-0.300859956117799,10.4609673914715,-96.7616759348209));
#2623=CARTESIAN_POINT('Ctrl Pts',(-0.295741537085798,10.4192812137113,-96.9178152508563));
#2624=CARTESIAN_POINT('Ctrl Pts',(-0.290657246602635,10.377872990676,-97.0664254144204));
#2625=CARTESIAN_POINT('Ctrl Pts',(-0.285674426517958,10.337291177718,-97.2106772116471));
#2626=CARTESIAN_POINT('Ctrl Pts',(-0.281954255623237,10.3069928171801,-97.3183755287515));
#2627=CARTESIAN_POINT('Ctrl Pts',(-0.278290688622206,10.2771554583616,-97.4236432824136));
#2628=CARTESIAN_POINT('Ctrl Pts',(-0.274713749996306,10.2480236310407,-97.5278283454964));
#2629=CARTESIAN_POINT('Ctrl Pts',(-0.272417894170699,10.2293253858483,-97.5946994632416));
#2630=CARTESIAN_POINT('Ctrl Pts',(-0.270157764204321,10.2109181044298,-97.6611251529379));
#2631=CARTESIAN_POINT('Ctrl Pts',(-0.267941814612268,10.1928706432852,-97.7274727657101));
#2632=CARTESIAN_POINT('Ctrl Pts',(-0.262949195878905,10.152209026738,-97.8769564613811));
#2633=CARTESIAN_POINT('Ctrl Pts',(-0.258208761829038,10.1136012896168,-98.0252116312038));
#2634=CARTESIAN_POINT('Ctrl Pts',(-0.253795406819654,10.0776573975108,-98.1755624979936));
#2635=CARTESIAN_POINT('Ctrl Pts',(-0.249028904387098,10.0388373504503,-98.3379441262033));
#2636=CARTESIAN_POINT('Ctrl Pts',(-0.244643918517664,10.0031245064479,-98.5027700270748));
#2637=CARTESIAN_POINT('Ctrl Pts',(-0.240735890843631,9.97129617522048,-98.6742925553563));
#2638=CARTESIAN_POINT('Ctrl Pts',(-0.236801516286986,9.93925326585378,-98.8469714428795));
#2639=CARTESIAN_POINT('Ctrl Pts',(-0.233350566019874,9.91114753137271,-99.0264381517527));
#2640=CARTESIAN_POINT('Ctrl Pts',(-0.230481375124422,9.88777984675218,-99.2170906356586));
#2641=CARTESIAN_POINT('Ctrl Pts',(-0.227400794266233,9.86269052904372,-99.4217895957095));
#2642=CARTESIAN_POINT('Ctrl Pts',(-0.224990862109052,9.84306320668778,-99.6393834441773));
#2643=CARTESIAN_POINT('Ctrl Pts',(-0.223374224358439,9.82989674879827,-99.8753783438131));
#2644=CARTESIAN_POINT('Ctrl Pts',(-0.222009703732775,9.81878362011476,-100.074569478613));
#2645=CARTESIAN_POINT('Ctrl Pts',(-0.221210363556754,9.81227351680741,-100.286871274365));
#2646=CARTESIAN_POINT('Ctrl Pts',(-0.221050325114303,9.8109701082903,-100.515623153558));
#2647=CARTESIAN_POINT('',(0.324617795239811,5.36685990142467,-107.70361273102));
#2648=CARTESIAN_POINT('Ctrl Pts',(-0.221050325114303,9.8109701082903,-100.515623153558));
#2649=CARTESIAN_POINT('Ctrl Pts',(-0.220891078383723,9.80967314774892,-100.743243394782));
#2650=CARTESIAN_POINT('Ctrl Pts',(-0.221365036325155,9.8135332254162,-100.98717894232));
#2651=CARTESIAN_POINT('Ctrl Pts',(-0.222303011958816,9.82117242391774,-101.243879206855));
#2652=CARTESIAN_POINT('Ctrl Pts',(-0.223300878031416,9.82929939090171,-101.51696997341));
#2653=CARTESIAN_POINT('Ctrl Pts',(-0.224823887340359,9.84170330632678,-101.804507164179));
#2654=CARTESIAN_POINT('Ctrl Pts',(-0.226665697913964,9.85670364969292,-102.102155890222));
#2655=CARTESIAN_POINT('Ctrl Pts',(-0.228679941602409,9.87310834808198,-102.42767094394));
#2656=CARTESIAN_POINT('Ctrl Pts',(-0.231075438191136,9.89261810216764,-102.765278827277));
#2657=CARTESIAN_POINT('Ctrl Pts',(-0.233579682366885,9.91301353427517,-103.109248104502));
#2658=CARTESIAN_POINT('Ctrl Pts',(-0.236714336085366,9.9385432400902,-103.539806987034));
#2659=CARTESIAN_POINT('Ctrl Pts',(-0.240019296627432,9.9654599836756,-103.980331985572));
#2660=CARTESIAN_POINT('Ctrl Pts',(-0.24295699148668,9.98938558830897,-104.419501037237));
#2661=CARTESIAN_POINT('Ctrl Pts',(-0.245876444654267,10.013162626286,-104.855943057399));
#2662=CARTESIAN_POINT('Ctrl Pts',(-0.248432925522821,10.033983492116,-105.291040618225));
#2663=CARTESIAN_POINT('Ctrl Pts',(-0.250098990394847,10.0475525016053,-105.713667237468));
#2664=CARTESIAN_POINT('Ctrl Pts',(-0.25146785685544,10.058701024274,-106.060904259356));
#2665=CARTESIAN_POINT('Ctrl Pts',(-0.252235585160896,10.0649536695562,-106.399721162591));
#2666=CARTESIAN_POINT('Ctrl Pts',(-0.252111531272754,10.0639433317154,-106.723977367118));
#2667=CARTESIAN_POINT('Ctrl Pts',(-0.252084597587438,10.0637239744516,-106.794377535182));
#2668=CARTESIAN_POINT('Ctrl Pts',(-0.252015636885968,10.0631623346089,-106.864091515227));
#2669=CARTESIAN_POINT('Ctrl Pts',(-0.251901692571237,10.0622343326362,-106.933056786448));
#2670=CARTESIAN_POINT('Ctrl Pts',(-0.251861981773711,10.0619109141442,-106.957091912099));
#2671=CARTESIAN_POINT('Ctrl Pts',(-0.251816807350436,10.0615429979914,-106.981036101092));
#2672=CARTESIAN_POINT('Ctrl Pts',(-0.251766044367768,10.0611295666749,-107.004886710994));
#2673=CARTESIAN_POINT('Ctrl Pts',(-0.251743169412144,10.0609432651117,-107.015634338781));
#2674=CARTESIAN_POINT('Ctrl Pts',(-0.251719159640379,10.0607477212129,-107.026362964317));
#2675=CARTESIAN_POINT('Ctrl Pts',(-0.251694003628322,10.0605428419359,-107.037072345998));
#2676=CARTESIAN_POINT('Ctrl Pts',(-0.251674378007549,10.0603830040814,-107.045427337365));
#2677=CARTESIAN_POINT('Ctrl Pts',(-0.251654037674207,10.0602173453602,-107.053778046275));
#2678=CARTESIAN_POINT('Ctrl Pts',(-0.251632955668231,10.0600456462002,-107.06213088049));
#2679=CARTESIAN_POINT('Ctrl Pts',(-0.251334540551054,10.0576152501066,-107.180364980409));
#2680=CARTESIAN_POINT('Ctrl Pts',(-0.250888686770589,10.0539840624623,-107.298607619066));
#2681=CARTESIAN_POINT('Ctrl Pts',(-0.25026218263245,10.0488815957227,-107.416004516573));
#2682=CARTESIAN_POINT('Ctrl Pts',(-0.249576083508867,10.0432937667763,-107.544568565215));
#2683=CARTESIAN_POINT('Ctrl Pts',(-0.24867332071014,10.0359413538012,-107.672118306081));
#2684=CARTESIAN_POINT('Ctrl Pts',(-0.247507724043303,10.0264483307512,-107.797469287683));
#2685=CARTESIAN_POINT('Ctrl Pts',(-0.246229657412153,10.016039313349,-107.934915551322));
#2686=CARTESIAN_POINT('Ctrl Pts',(-0.244635532942164,10.0030562114161,-108.069717450658));
#2687=CARTESIAN_POINT('Ctrl Pts',(-0.242662045590536,9.98698344675322,-108.200247617401));
#2688=CARTESIAN_POINT('Ctrl Pts',(-0.239843696871078,9.96402983842715,-108.3866585047));
#2689=CARTESIAN_POINT('Ctrl Pts',(-0.236251321428543,9.93477228832381,-108.564354022291));
#2690=CARTESIAN_POINT('Ctrl Pts',(-0.231698114819487,9.89768939634151,-108.728481711332));
#2691=CARTESIAN_POINT('Ctrl Pts',(-0.231347106240397,9.89483066087422,-108.741134382705));
#2692=CARTESIAN_POINT('Ctrl Pts',(-0.230990388886788,9.89192543116958,-108.753706412055));
#2693=CARTESIAN_POINT('Ctrl Pts',(-0.230627878232971,9.888973018821,-108.766195578995));
#2694=CARTESIAN_POINT('Ctrl Pts',(-0.230470073376435,9.88768780140133,-108.771632250101));
#2695=CARTESIAN_POINT('Ctrl Pts',(-0.23031117071938,9.88639364311403,-108.777053219152));
#2696=CARTESIAN_POINT('Ctrl Pts',(-0.230151163305501,9.88509048730436,-108.782458303233));
#2697=CARTESIAN_POINT('Ctrl Pts',(-0.230033043971244,9.88412848252633,-108.786448399177));
#2698=CARTESIAN_POINT('Ctrl Pts',(-0.229914262241406,9.88316108296918,-108.790431930892));
#2699=CARTESIAN_POINT('Ctrl Pts',(-0.229794481878973,9.88218555020226,-108.794419676571));
#2700=CARTESIAN_POINT('Ctrl Pts',(-0.228479970668204,9.8714797155183,-108.838182579718));
#2701=CARTESIAN_POINT('Ctrl Pts',(-0.227056306565074,9.85988490186534,-108.882086635212));
#2702=CARTESIAN_POINT('Ctrl Pts',(-0.225505865419124,9.84725757205653,-108.925860545309));
#2703=CARTESIAN_POINT('Ctrl Pts',(-0.224311492390785,9.83753018434953,-108.959581514146));
#2704=CARTESIAN_POINT('Ctrl Pts',(-0.223041844171831,9.82718972941271,-108.993224441851));
#2705=CARTESIAN_POINT('Ctrl Pts',(-0.221687859169908,9.81616240649876,-109.026645769473));
#2706=CARTESIAN_POINT('Ctrl Pts',(-0.219498190195551,9.79832898380901,-109.080694849835));
#2707=CARTESIAN_POINT('Ctrl Pts',(-0.217087948830643,9.77869914315817,-109.13416444659));
#2708=CARTESIAN_POINT('Ctrl Pts',(-0.214425032673794,9.75701143146815,-109.186565778734));
#2709=CARTESIAN_POINT('Ctrl Pts',(-0.211750768127226,9.73523129456084,-109.239190426486));
#2710=CARTESIAN_POINT('Ctrl Pts',(-0.208821666787288,9.71137567852571,-109.290737687737));
#2711=CARTESIAN_POINT('Ctrl Pts',(-0.20560281885284,9.68516026584862,-109.340663646238));
#2712=CARTESIAN_POINT('Ctrl Pts',(-0.204374467491822,9.67515614682922,-109.359715996745));
#2713=CARTESIAN_POINT('Ctrl Pts',(-0.203103896539809,9.66480817683471,-109.378531735689));
#2714=CARTESIAN_POINT('Ctrl Pts',(-0.201789076895191,9.65409983015863,-109.397078778792));
#2715=CARTESIAN_POINT('Ctrl Pts',(-0.200904715085144,9.64689728120993,-109.409553719121));
#2716=CARTESIAN_POINT('Ctrl Pts',(-0.200000589971008,9.63953377306618,-109.421903958751));
#2717=CARTESIAN_POINT('Ctrl Pts',(-0.199074403319139,9.6319905881164,-109.434140735469));
#2718=CARTESIAN_POINT('Ctrl Pts',(-0.193100984330649,9.58334099451469,-109.51306153859));
#2719=CARTESIAN_POINT('Ctrl Pts',(-0.186222239210745,9.52731811126844,-109.587080324729));
#2720=CARTESIAN_POINT('Ctrl Pts',(-0.178270559545628,9.46255687739143,-109.652660191563));
#2721=CARTESIAN_POINT('Ctrl Pts',(-0.176406884624115,9.44737846320151,-109.668030472852));
#2722=CARTESIAN_POINT('Ctrl Pts',(-0.174484281766399,9.43172011948488,-109.682937112519));
#2723=CARTESIAN_POINT('Ctrl Pts',(-0.172500622250152,9.41556450918942,-109.697334605268));
#2724=CARTESIAN_POINT('Ctrl Pts',(-0.171739470638839,9.40936542678267,-109.702859078956));
#2725=CARTESIAN_POINT('Ctrl Pts',(-0.170969329601443,9.40309313137572,-109.708308590243));
#2726=CARTESIAN_POINT('Ctrl Pts',(-0.170190079639885,9.3967466497348,-109.713680574209));
#2727=CARTESIAN_POINT('Ctrl Pts',(-0.169702030377867,9.39277180747102,-109.717045082313));
#2728=CARTESIAN_POINT('Ctrl Pts',(-0.169210250868371,9.38876658477949,-109.720380226519));
#2729=CARTESIAN_POINT('Ctrl Pts',(-0.168715204565186,9.38473475618846,-109.723682095898));
#2730=CARTESIAN_POINT('Ctrl Pts',(-0.157755105667106,9.29547191387762,-109.796783974867));
#2731=CARTESIAN_POINT('Ctrl Pts',(-0.145582550307659,9.19633440611664,-109.851000713444));
#2732=CARTESIAN_POINT('Ctrl Pts',(-0.132166535363198,9.08706973272606,-109.885758400022));
#2733=CARTESIAN_POINT('Ctrl Pts',(-0.131499057795851,9.08163356418468,-109.887487674786));
#2734=CARTESIAN_POINT('Ctrl Pts',(-0.130828502706192,9.07617233123545,-109.889168781286));
#2735=CARTESIAN_POINT('Ctrl Pts',(-0.130154866420813,9.07068600396088,-109.890801648556));
#2736=CARTESIAN_POINT('Ctrl Pts',(-0.129620889416702,9.06633711025484,-109.892095987343));
#2737=CARTESIAN_POINT('Ctrl Pts',(-0.129085258407798,9.06197474576076,-109.893359276197));
#2738=CARTESIAN_POINT('Ctrl Pts',(-0.128549272027649,9.05760948700015,-109.894588774004));
#2739=CARTESIAN_POINT('Ctrl Pts',(-0.117991389236536,8.97162243200336,-109.918807474737));
#2740=CARTESIAN_POINT('Ctrl Pts',(-0.107155829324091,8.88337387833534,-109.930253531999));
#2741=CARTESIAN_POINT('Ctrl Pts',(-0.096250795661295,8.7945595063768,-109.931748822126));
#2742=CARTESIAN_POINT('Ctrl Pts',(-0.0921614080377468,8.76125411689235,
-109.932309555923));
#2743=CARTESIAN_POINT('Ctrl Pts',(-0.0880622400866324,8.72786907303202,
-109.931471287079));
#2744=CARTESIAN_POINT('Ctrl Pts',(-0.0839641856662674,8.69449309815188,
-109.929383086156));
#2745=CARTESIAN_POINT('Ctrl Pts',(-0.0820397675544952,8.67881997037733,
-109.928402481394));
#2746=CARTESIAN_POINT('Ctrl Pts',(-0.0801156567144508,8.66314934513019,
-109.927146281427));
#2747=CARTESIAN_POINT('Ctrl Pts',(-0.0781928580784484,8.64748940692735,
-109.925629800358));
#2748=CARTESIAN_POINT('Ctrl Pts',(-0.0766627201787139,8.63502743378934,
-109.924423004641));
#2749=CARTESIAN_POINT('Ctrl Pts',(-0.0751326002964718,8.62256560739203,
-109.923050856365));
#2750=CARTESIAN_POINT('Ctrl Pts',(-0.0736011917623818,8.61009328576764,
-109.921518300477));
#2751=CARTESIAN_POINT('Ctrl Pts',(-0.0634551051348438,8.52746004138473,
-109.911364612249));
#2752=CARTESIAN_POINT('Ctrl Pts',(-0.0532744828474733,8.44454552662403,
-109.894181578606));
#2753=CARTESIAN_POINT('Ctrl Pts',(-0.0432082200985905,8.36256239556211,
-109.87184366146));
#2754=CARTESIAN_POINT('Ctrl Pts',(-0.0314044805014197,8.26642865113715,
-109.845650131277));
#2755=CARTESIAN_POINT('Ctrl Pts',(-0.0197583547383359,8.17157856837883,
-109.812374514681));
#2756=CARTESIAN_POINT('Ctrl Pts',(-0.00850893604767928,8.07995940544879,
-109.775075842329));
#2757=CARTESIAN_POINT('Ctrl Pts',(-0.00549567838387795,8.05541839115804,
-109.765085058502));
#2758=CARTESIAN_POINT('Ctrl Pts',(-0.00251085968512694,8.03110899365072,
-109.75480548432));
#2759=CARTESIAN_POINT('Ctrl Pts',(0.000440993919999893,8.0070680752859,
-109.744295270823));
#2760=CARTESIAN_POINT('Ctrl Pts',(0.00132992157839853,7.99982834048649,
-109.741130202115));
#2761=CARTESIAN_POINT('Ctrl Pts',(0.00221586001950299,7.99261295090824,
-109.737944214087));
#2762=CARTESIAN_POINT('Ctrl Pts',(0.00309868638251119,7.98542290717215,
-109.734738885266));
#2763=CARTESIAN_POINT('Ctrl Pts',(0.00383398796661574,7.97943435634217,
-109.732069183206));
#2764=CARTESIAN_POINT('Ctrl Pts',(0.00456713066477562,7.97346338822722,
-109.729386064093));
#2765=CARTESIAN_POINT('Ctrl Pts',(0.00529804368837918,7.96751057935428,
-109.726690437294));
#2766=CARTESIAN_POINT('Ctrl Pts',(0.0056921182777486,7.96430109937999,-109.725237079659));
#2767=CARTESIAN_POINT('Ctrl Pts',(0.00608576128262541,7.96109513437934,
-109.723779297871));
#2768=CARTESIAN_POINT('Ctrl Pts',(0.00647998817233324,7.95788441401833,
-109.722313366135));
#2769=CARTESIAN_POINT('Ctrl Pts',(0.0310628893650536,7.75767275050015,-109.630901907472));
#2770=CARTESIAN_POINT('Ctrl Pts',(0.0567988423340176,7.54807023386683,-109.511908502355));
#2771=CARTESIAN_POINT('Ctrl Pts',(0.0833716282421058,7.33165225987495,-109.370069536707));
#2772=CARTESIAN_POINT('Ctrl Pts',(0.104885934035372,7.15643230033721,-109.255231488077));
#2773=CARTESIAN_POINT('Ctrl Pts',(0.126948693207844,6.97674554647964,-109.125421559949));
#2774=CARTESIAN_POINT('Ctrl Pts',(0.149395076022866,6.79393442877916,-108.983154759237));
#2775=CARTESIAN_POINT('Ctrl Pts',(0.169628386759198,6.62914733675762,-108.854914569715));
#2776=CARTESIAN_POINT('Ctrl Pts',(0.190173371281909,6.4618218654473,-108.716553910398));
#2777=CARTESIAN_POINT('Ctrl Pts',(0.210912775974398,6.2929129689217,-108.569888844368));
#2778=CARTESIAN_POINT('Ctrl Pts',(0.229844157270369,6.13872924128723,-108.436009770741));
#2779=CARTESIAN_POINT('Ctrl Pts',(0.248937537202614,5.98322614063807,-108.295211491011));
#2780=CARTESIAN_POINT('Ctrl Pts',(0.26810697456926,5.82710360189475,-108.148842929703));
#2781=CARTESIAN_POINT('Ctrl Pts',(0.286896680173012,5.67407373017813,-108.005373816655));
#2782=CARTESIAN_POINT('Ctrl Pts',(0.305759435299064,5.52044891784553,-107.856553433648));
#2783=CARTESIAN_POINT('Ctrl Pts',(0.324617795239808,5.36685990142467,-107.70361273102));
#2784=CARTESIAN_POINT('',(1.09325026576022,-0.893149214283514,-98.1842408637353));
#2785=CARTESIAN_POINT('Ctrl Pts',(0.324617795239838,5.36685990142441,-107.70361273102));
#2786=CARTESIAN_POINT('Ctrl Pts',(0.344807969328539,5.20242412920492,-107.539871057778));
#2787=CARTESIAN_POINT('Ctrl Pts',(0.365244516569417,5.03598180868355,-107.369367046951));
#2788=CARTESIAN_POINT('Ctrl Pts',(0.3858517710336,4.86814918939784,-107.192439494585));
#2789=CARTESIAN_POINT('Ctrl Pts',(0.407177457919341,4.69446540758587,-107.009343702288));
#2790=CARTESIAN_POINT('Ctrl Pts',(0.428686011141217,4.51929229898236,-106.819368635805));
#2791=CARTESIAN_POINT('Ctrl Pts',(0.450297662643824,4.34327952226449,-106.622843493897));
#2792=CARTESIAN_POINT('Ctrl Pts',(0.472736089051199,4.16053320430422,-106.418800090117));
#2793=CARTESIAN_POINT('Ctrl Pts',(0.495285715179826,3.97688123729146,-106.207695824633));
#2794=CARTESIAN_POINT('Ctrl Pts',(0.517860734950195,3.7930224556632,-105.989850657078));
#2795=CARTESIAN_POINT('Ctrl Pts',(0.541800440579739,3.59804919963246,-105.758836499078));
#2796=CARTESIAN_POINT('Ctrl Pts',(0.565768783024891,3.40284271545482,-105.520241908598));
#2797=CARTESIAN_POINT('Ctrl Pts',(0.589666160219514,3.20821419686185,-105.274394261456));
#2798=CARTESIAN_POINT('Ctrl Pts',(0.614787741402914,3.00361533688577,-105.015952442668));
#2799=CARTESIAN_POINT('Ctrl Pts',(0.639831025617369,2.79965415454903,-104.749495368882));
#2800=CARTESIAN_POINT('Ctrl Pts',(0.664681601135347,2.5972624585961,-104.475344922044));
#2801=CARTESIAN_POINT('Ctrl Pts',(0.689259805027913,2.39708905151768,-104.204199266895));
#2802=CARTESIAN_POINT('Ctrl Pts',(0.713649639777548,2.19844978799556,-103.925527338865));
#2803=CARTESIAN_POINT('Ctrl Pts',(0.737739626949069,2.00225258702523,-103.639590832688));
#2804=CARTESIAN_POINT('Ctrl Pts',(0.739173092214616,1.99057794931014,-103.622576292712));
#2805=CARTESIAN_POINT('Ctrl Pts',(0.740605486812411,1.97891203148411,-103.605536098846));
#2806=CARTESIAN_POINT('Ctrl Pts',(0.742035803537034,1.96726303657705,-103.588482081849));
#2807=CARTESIAN_POINT('Ctrl Pts',(0.761823050965112,1.80610883866673,-103.352553879273));
#2808=CARTESIAN_POINT('Ctrl Pts',(0.781259822181706,1.64780904043754,-103.113419672203));
#2809=CARTESIAN_POINT('Ctrl Pts',(0.800293813150303,1.49278962408234,-102.871412864638));
#2810=CARTESIAN_POINT('Ctrl Pts',(0.819922367915508,1.33292787419404,-102.621846502876));
#2811=CARTESIAN_POINT('Ctrl Pts',(0.83912262269909,1.17655434773117,-102.36922522135));
#2812=CARTESIAN_POINT('Ctrl Pts',(0.857841765331923,1.02409916529468,-102.113871453922));
#2813=CARTESIAN_POINT('Ctrl Pts',(0.877196157544248,0.8664702902146,-101.849852045307));
#2814=CARTESIAN_POINT('Ctrl Pts',(0.896036272592902,0.713029866515463,-101.582911490379));
#2815=CARTESIAN_POINT('Ctrl Pts',(0.914307909484581,0.564219325863447,-101.313361517547));
#2816=CARTESIAN_POINT('Ctrl Pts',(0.933637022302046,0.406796334932584,-101.02821126715));
#2817=CARTESIAN_POINT('Ctrl Pts',(0.952329994526363,0.254554293369221,-100.740140911193));
#2818=CARTESIAN_POINT('Ctrl Pts',(0.970326593293705,0.107983758482703,-100.449469791579));
#2819=CARTESIAN_POINT('Ctrl Pts',(0.988962351748995,-0.0437923143252525,
-100.14847531784));
#2820=CARTESIAN_POINT('Ctrl Pts',(1.00685146787287,-0.189487473328334,-99.8446919459259));
#2821=CARTESIAN_POINT('Ctrl Pts',(1.02393022265917,-0.328582768866447,-99.5384228735383));
#2822=CARTESIAN_POINT('Ctrl Pts',(1.04193003183523,-0.475179450433675,-99.2156367612906));
#2823=CARTESIAN_POINT('Ctrl Pts',(1.05902980916041,-0.614445960811152,-98.890089594133));
#2824=CARTESIAN_POINT('Ctrl Pts',(1.07515712305989,-0.745792392161203,-98.5620810766218));
#2825=CARTESIAN_POINT('Ctrl Pts',(1.08133206697859,-0.796083274608385,-98.436490776023));
#2826=CARTESIAN_POINT('Ctrl Pts',(1.08736445921224,-0.845213166748676,-98.3105390839917));
#2827=CARTESIAN_POINT('Ctrl Pts',(1.09325026576022,-0.893149214283514,-98.1842408637353));
#2828=CARTESIAN_POINT('Ctrl Pts',(1.09325026576022,-0.893149214283518,-98.1842408637353));
#2829=CARTESIAN_POINT('Ctrl Pts',(1.11751951351669,-1.09080637555859,-97.6634689400209));
#2830=CARTESIAN_POINT('Ctrl Pts',(1.13948187789667,-1.26967547944649,-97.132840826789));
#2831=CARTESIAN_POINT('Ctrl Pts',(1.15942522315114,-1.43210099213163,-96.5954436145343));
#2832=CARTESIAN_POINT('Ctrl Pts',(1.17877038484403,-1.58965469066376,-96.0741651714383));
#2833=CARTESIAN_POINT('Ctrl Pts',(1.19621559651055,-1.73173453798521,-95.5465151927484));
#2834=CARTESIAN_POINT('Ctrl Pts',(1.21201832986914,-1.86043747296646,-95.0153281008848));
#2835=CARTESIAN_POINT('Ctrl Pts',(1.22624714037648,-1.97632183499629,-94.5370462554237));
#2836=CARTESIAN_POINT('Ctrl Pts',(1.23914418845812,-2.08135986247136,-94.0558957674878));
#2837=CARTESIAN_POINT('Ctrl Pts',(1.25089583213319,-2.17706931965932,-93.5739817221402));
#2838=CARTESIAN_POINT('Ctrl Pts',(1.25878880312022,-2.24135240972367,-93.2503049937317));
#2839=CARTESIAN_POINT('Ctrl Pts',(1.26616504085934,-2.30142704520609,-92.9262845538596));
#2840=CARTESIAN_POINT('Ctrl Pts',(1.27308104539938,-2.35775338207764,-92.602571998661));
#2841=CARTESIAN_POINT('Ctrl Pts',(1.27610679738565,-2.38239615445894,-92.4609477557617));
#2842=CARTESIAN_POINT('Ctrl Pts',(1.2790444601464,-2.40632149767106,-92.3193826103563));
#2843=CARTESIAN_POINT('Ctrl Pts',(1.28189878111183,-2.42956807643023,-92.1779319712885));
#2844=CARTESIAN_POINT('Ctrl Pts',(1.28303064862235,-2.43878639754644,-92.1218403878118));
#2845=CARTESIAN_POINT('Ctrl Pts',(1.28414945659867,-2.44789835729191,-92.065764497091));
#2846=CARTESIAN_POINT('Ctrl Pts',(1.2852553514954,-2.4569051484438,-92.0097154071323));
#2847=CARTESIAN_POINT('Ctrl Pts',(1.28648940197508,-2.46695568305995,-91.9471711214556));
#2848=CARTESIAN_POINT('Ctrl Pts',(1.28770717146357,-2.47687361964363,-91.8846704539113));
#2849=CARTESIAN_POINT('Ctrl Pts',(1.28890897839066,-2.48666155159735,-91.8222245745148));
#2850=CARTESIAN_POINT('Ctrl Pts',(1.3031019833439,-2.6022543007905,-91.0847561379379));
#2851=CARTESIAN_POINT('Ctrl Pts',(1.31507516304665,-2.69976802413418,-90.3546176360148));
#2852=CARTESIAN_POINT('Ctrl Pts',(1.3255472459841,-2.78505629539917,-89.6402081081232));
#2853=CARTESIAN_POINT('Ctrl Pts',(1.3344999548425,-2.85797025781081,-89.0294508645935));
#2854=CARTESIAN_POINT('Ctrl Pts',(1.34235534121442,-2.92194724574933,-88.4301883958298));
#2855=CARTESIAN_POINT('Ctrl Pts',(1.34956124106422,-2.98063459045136,-87.8477029342219));
#2856=CARTESIAN_POINT('Ctrl Pts',(1.35621130144821,-3.03479498598553,-87.3101484894985));
#2857=CARTESIAN_POINT('Ctrl Pts',(1.3623081159963,-3.08444955577212,-86.7868819793416));
#2858=CARTESIAN_POINT('Ctrl Pts',(1.36820439309179,-3.13247087907332,-86.2820981726754));
#2859=CARTESIAN_POINT('Ctrl Pts',(1.36869722824241,-3.13648469927189,-86.2399062608365));
#2860=CARTESIAN_POINT('Ctrl Pts',(1.36918866326889,-3.14048711637436,-86.1978435046657));
#2861=CARTESIAN_POINT('Ctrl Pts',(1.36967890467703,-3.14447981223557,-86.1559123706862));
#2862=CARTESIAN_POINT('',(2.18767042175379,-9.80648610245317,-58.));
#2863=CARTESIAN_POINT('Origin',(5.37024401610772,-4.47515251750463,-58.));
#2864=CARTESIAN_POINT('',(3.72024401610772,-4.47515251750463,-56.));
#2865=CARTESIAN_POINT('',(3.72024401610772,-4.47515251750463,-58.));
#2866=CARTESIAN_POINT('Origin',(5.37024401610772,-4.47515251750463,-56.));
#2867=CARTESIAN_POINT('Origin',(3.03902769704644,15.5167934914149,-58.));
#2868=CARTESIAN_POINT('',(1.38902769704644,15.5167934914149,-56.));
#2869=CARTESIAN_POINT('',(1.38902769704644,15.5167934914149,-58.));
#2870=CARTESIAN_POINT('Origin',(3.03902769704644,15.5167934914149,-56.));
#2871=CARTESIAN_POINT('Origin',(12.929036323367,7.39285783408011,-58.));
#2872=CARTESIAN_POINT('',(11.279036323367,7.39285783408011,-56.));
#2873=CARTESIAN_POINT('',(11.279036323367,7.39285783408011,-58.));
#2874=CARTESIAN_POINT('Origin',(12.929036323367,7.39285783408011,-56.));
#2875=CARTESIAN_POINT('Origin',(2.18767042175379,-9.80648610245317,-58.));
#2876=CARTESIAN_POINT('',(2.18767042175379,-9.80648610245317,-56.));
#2877=CARTESIAN_POINT('Origin',(14.4123285458605,21.9198079412689,-58.));
#2878=CARTESIAN_POINT('',(-1.46840988040063,19.9698984467865,-56.));
#2879=CARTESIAN_POINT('Origin',(8.29999948380716,6.05666091940784,-56.));
#2880=CARTESIAN_POINT('Ctrl Pts',(9.0932629947557,6.69296630247567,-93.394955504485));
#2881=CARTESIAN_POINT('Ctrl Pts',(9.12432327422735,6.63257643897033,-93.120746792854));
#2882=CARTESIAN_POINT('Ctrl Pts',(9.15210568899601,6.56996055724144,-92.8625220867362));
#2883=CARTESIAN_POINT('Ctrl Pts',(9.20348944970988,6.43690690538064,-92.3636539638308));
#2884=CARTESIAN_POINT('Ctrl Pts',(9.2270907956551,6.36646913524873,-92.1230105470431));
#2885=CARTESIAN_POINT('Ctrl Pts',(9.29518522112948,6.13836821431462,-91.4058721481314));
#2886=CARTESIAN_POINT('Ctrl Pts',(9.37875215546519,5.78946669163346,-90.4624658867852));
#2887=CARTESIAN_POINT('Ctrl Pts',(9.49847300358895,5.27313865957263,-89.2621501970947));
#2888=CARTESIAN_POINT('Ctrl Pts',(9.5560454719018,4.9015397235314,-88.4442773829499));
#2889=CARTESIAN_POINT('Ctrl Pts',(9.58071988008772,4.68396099324407,-87.9787670628668));
#2890=CARTESIAN_POINT('Ctrl Pts',(9.58807727100673,4.60520272822265,-87.812197915838));
#2891=CARTESIAN_POINT('Ctrl Pts',(9.60105722922546,4.43522215499519,-87.4562615411114));
#2892=CARTESIAN_POINT('Ctrl Pts',(9.60667979652519,4.34399984678914,-87.2668943134137));
#2893=CARTESIAN_POINT('Ctrl Pts',(9.60987747579441,4.2607749650048,-87.0975551548973));
#2894=CARTESIAN_POINT('Ctrl Pts',(9.09148651617584,6.73407860325118,-93.3540404713935));
#2895=CARTESIAN_POINT('Ctrl Pts',(9.12235847852109,6.67366376594006,-93.0800501056698));
#2896=CARTESIAN_POINT('Ctrl Pts',(9.14998249336255,6.61125620701578,-92.8219447204143));
#2897=CARTESIAN_POINT('Ctrl Pts',(9.20113419153567,6.478937671959,-92.3230051894452));
#2898=CARTESIAN_POINT('Ctrl Pts',(9.22466187486732,6.4090266958265,-92.0821710437314));
#2899=CARTESIAN_POINT('Ctrl Pts',(9.29269977284415,6.18276168064381,-91.3638273838105));
#2900=CARTESIAN_POINT('Ctrl Pts',(9.37662989809825,5.83698942897303,-90.4171259098369));
#2901=CARTESIAN_POINT('Ctrl Pts',(9.49858481605359,5.3177105385904,-89.2106394017841));
#2902=CARTESIAN_POINT('Ctrl Pts',(9.55815966818641,4.94739318114623,-88.3781920602956));
#2903=CARTESIAN_POINT('Ctrl Pts',(9.58414502145288,4.73310835949216,-87.8997134207531));
#2904=CARTESIAN_POINT('Ctrl Pts',(9.59142621874526,4.66087065985045,-87.7385302579371));
#2905=CARTESIAN_POINT('Ctrl Pts',(9.60408136858811,4.52121024846162,-87.4198493292663));
#2906=CARTESIAN_POINT('Ctrl Pts',(9.60901414805663,4.4364557871509,-87.266179150479));
#2907=CARTESIAN_POINT('Ctrl Pts',(9.6135951066389,4.36460270969716,-87.1029067678517));
#2908=CARTESIAN_POINT('Ctrl Pts',(9.08912303449668,6.77504273780312,-93.3155973532242));
#2909=CARTESIAN_POINT('Ctrl Pts',(9.11973781607886,6.71509330090338,-93.0426020085804));
#2910=CARTESIAN_POINT('Ctrl Pts',(9.14712161914554,6.65338474032211,-92.7854082685852));
#2911=CARTESIAN_POINT('Ctrl Pts',(9.19786355546802,6.5227403123201,-92.2879667724064));
#2912=CARTESIAN_POINT('Ctrl Pts',(9.22122168872383,6.45380444489936,-92.0477190162228));
#2913=CARTESIAN_POINT('Ctrl Pts',(9.28891201460524,6.23059229316328,-91.3304088851609));
#2914=CARTESIAN_POINT('Ctrl Pts',(9.37280825208435,5.88923062558489,-90.383150410382));
#2915=CARTESIAN_POINT('Ctrl Pts',(9.49649340099722,5.36843865144847,-89.1760363277911));
#2916=CARTESIAN_POINT('Ctrl Pts',(9.55725846208024,5.00357076018932,-88.3403769185628));
#2917=CARTESIAN_POINT('Ctrl Pts',(9.5829922960067,4.80458761421899,-87.8786568675087));
#2918=CARTESIAN_POINT('Ctrl Pts',(9.59079545787968,4.73550169883876,-87.717435126084));
#2919=CARTESIAN_POINT('Ctrl Pts',(9.60330643645461,4.61049995411856,-87.4161581047107));
#2920=CARTESIAN_POINT('Ctrl Pts',(9.60821363124469,4.54560268445974,-87.2687685120703));
#2921=CARTESIAN_POINT('Ctrl Pts',(9.61306247608608,4.48425637517002,-87.1083679571385));
#2922=CARTESIAN_POINT('Ctrl Pts',(9.08301935866399,6.85605967414025,-93.2446358438765));
#2923=CARTESIAN_POINT('Ctrl Pts',(9.11299396347128,6.7978252698438,-92.9750916357552));
#2924=CARTESIAN_POINT('Ctrl Pts',(9.1397810348919,6.73825868074834,-92.7209736854954));
#2925=CARTESIAN_POINT('Ctrl Pts',(9.18939826500025,6.61245306082558,-92.2290946978627));
#2926=CARTESIAN_POINT('Ctrl Pts',(9.21224313223901,6.54619178312638,-91.9913538223659));
#2927=CARTESIAN_POINT('Ctrl Pts',(9.27873498152936,6.33106581283125,-91.2797309215922));
#2928=CARTESIAN_POINT('Ctrl Pts',(9.36178681921084,6.00085508798925,-90.3366023347463));
#2929=CARTESIAN_POINT('Ctrl Pts',(9.48790030637225,5.47982719268421,-89.1373707479752));
#2930=CARTESIAN_POINT('Ctrl Pts',(9.54986131694599,5.13039835335556,-88.310324195686));
#2931=CARTESIAN_POINT('Ctrl Pts',(9.57561427141871,4.9570168659444,-87.8747861492747));
#2932=CARTESIAN_POINT('Ctrl Pts',(9.58332733110726,4.89944519218287,-87.7259376720932));
#2933=CARTESIAN_POINT('Ctrl Pts',(9.59607353957327,4.79854642847083,-87.4428782833556));
#2934=CARTESIAN_POINT('Ctrl Pts',(9.60121989600617,4.75032509679863,-87.3026751226473));
#2935=CARTESIAN_POINT('Ctrl Pts',(9.60590420134887,4.70807037120479,-87.1545257052344));
#2936=CARTESIAN_POINT('Ctrl Pts',(9.07927916451046,6.89611247592545,-93.2121174526981));
#2937=CARTESIAN_POINT('Ctrl Pts',(9.10887077330591,6.83912770382089,-92.9450293600195));
#2938=CARTESIAN_POINT('Ctrl Pts',(9.13530132485528,6.78100408786824,-92.6930755542346));
#2939=CARTESIAN_POINT('Ctrl Pts',(9.18420361060014,6.65836316896995,-92.2052610403577));
#2940=CARTESIAN_POINT('Ctrl Pts',(9.20670476189768,6.59380137228053,-91.9694406560175));
#2941=CARTESIAN_POINT('Ctrl Pts',(9.2723457066924,6.38370871997975,-91.2624714566731));
#2942=CARTESIAN_POINT('Ctrl Pts',(9.35458703235123,6.06023835378175,-90.3240297585653));
#2943=CARTESIAN_POINT('Ctrl Pts',(9.48139862680364,5.54048762106189,-89.1333082421521));
#2944=CARTESIAN_POINT('Ctrl Pts',(9.54336537791792,5.2010483674787,-88.3180866145422));
#2945=CARTESIAN_POINT('Ctrl Pts',(9.56891466127959,5.04008533856849,-87.8980068519613));
#2946=CARTESIAN_POINT('Ctrl Pts',(9.57633716250495,4.98661250998895,-87.755851063919));
#2947=CARTESIAN_POINT('Ctrl Pts',(9.58902393375008,4.89279730153291,-87.4806309954445));
#2948=CARTESIAN_POINT('Ctrl Pts',(9.59486391039763,4.85112051825466,-87.33686626576));
#2949=CARTESIAN_POINT('Ctrl Pts',(9.59927855716448,4.81223070176671,-87.1952222640434));
#2950=CARTESIAN_POINT('Ctrl Pts',(9.06568945392467,7.01398138165152,-93.1249207153692));
#2951=CARTESIAN_POINT('Ctrl Pts',(9.09396121984823,6.96162707881272,-92.8672542265885));
#2952=CARTESIAN_POINT('Ctrl Pts',(9.11921872303731,6.90859228007263,-92.6231733786793));
#2953=CARTESIAN_POINT('Ctrl Pts',(9.16559372608269,6.79710027540468,-92.150543274403));
#2954=CARTESIAN_POINT('Ctrl Pts',(9.18682889434724,6.73846509450166,-91.9221553130433));
#2955=CARTESIAN_POINT('Ctrl Pts',(9.24928026224805,6.54576288674153,-91.2332913660934));
#2956=CARTESIAN_POINT('Ctrl Pts',(9.32795141517619,6.24565898088427,-90.3164273673633));
#2957=CARTESIAN_POINT('Ctrl Pts',(9.45527247712401,5.73379715123283,-89.1620192652404));
#2958=CARTESIAN_POINT('Ctrl Pts',(9.51613956924038,5.42544335080351,-88.3932960101138));
#2959=CARTESIAN_POINT('Ctrl Pts',(9.54064806688644,5.29079069529289,-88.0127662702952));
#2960=CARTESIAN_POINT('Ctrl Pts',(9.5478300580331,5.24916051757336,-87.8865616716465));
#2961=CARTESIAN_POINT('Ctrl Pts',(9.5603731836953,5.171421643428,-87.6314175657638));
#2962=CARTESIAN_POINT('Ctrl Pts',(9.56573431821085,5.13531294700217,-87.5024780585299));
#2963=CARTESIAN_POINT('Ctrl Pts',(9.57026210416395,5.10147169108604,-87.3701649947533));
#2964=CARTESIAN_POINT('Ctrl Pts',(9.05347080936723,7.08950798596288,-93.080600805425));
#2965=CARTESIAN_POINT('Ctrl Pts',(9.08063487359432,7.04141609288798,-92.8319530626697));
#2966=CARTESIAN_POINT('Ctrl Pts',(9.10497235954784,6.99278703600182,-92.5949615526116));
#2967=CARTESIAN_POINT('Ctrl Pts',(9.14915257464826,6.89093405569664,-92.1364423725137));
#2968=CARTESIAN_POINT('Ctrl Pts',(9.1692306406117,6.83735418232729,-91.9152372924885));
#2969=CARTESIAN_POINT('Ctrl Pts',(9.22870647270724,6.65929959167109,-91.2439690446106));
#2970=CARTESIAN_POINT('Ctrl Pts',(9.30347932826455,6.37896717191933,-90.3515128896831));
#2971=CARTESIAN_POINT('Ctrl Pts',(9.42902689603916,5.87777449806401,-89.2356913347087));
#2972=CARTESIAN_POINT('Ctrl Pts',(9.48767170799758,5.59163326096055,-88.5126651258325));
#2973=CARTESIAN_POINT('Ctrl Pts',(9.51166629677377,5.46503919260413,-88.149606465761));
#2974=CARTESIAN_POINT('Ctrl Pts',(9.51877652349866,5.42558726151787,-88.0283293197983));
#2975=CARTESIAN_POINT('Ctrl Pts',(9.53127010687851,5.35166683496983,-87.781979858047));
#2976=CARTESIAN_POINT('Ctrl Pts',(9.53665346353347,5.31719833950804,-87.6569075422585));
#2977=CARTESIAN_POINT('Ctrl Pts',(9.54119791965234,5.2849671879715,-87.5282976492498));
#2978=CARTESIAN_POINT('Ctrl Pts',(9.02109419504572,7.22953585968351,-93.0274306592595));
#2979=CARTESIAN_POINT('Ctrl Pts',(9.04568253917901,7.19074751341257,-92.8015577142138));
#2980=CARTESIAN_POINT('Ctrl Pts',(9.06828254546074,7.15105732410931,-92.579769081744));
#2981=CARTESIAN_POINT('Ctrl Pts',(9.10745504790237,7.06979613002717,-92.152868144948));
#2982=CARTESIAN_POINT('Ctrl Pts',(9.12473355451187,7.02715727539734,-91.9487236106652));
#2983=CARTESIAN_POINT('Ctrl Pts',(9.17719006694254,6.88087820702813,-91.3168385652221));
#2984=CARTESIAN_POINT('Ctrl Pts',(9.2412702284372,6.64661363834468,-90.4913832468598));
#2985=CARTESIAN_POINT('Ctrl Pts',(9.35884896217714,6.1768966278729,-89.4658992527421));
#2986=CARTESIAN_POINT('Ctrl Pts',(9.41270956767731,5.92461288732607,-88.8172935785168));
#2987=CARTESIAN_POINT('Ctrl Pts',(9.43525083073843,5.81038352313825,-88.4828852169264));
#2988=CARTESIAN_POINT('Ctrl Pts',(9.44203307847731,5.77429248608991,-88.3697315089834));
#2989=CARTESIAN_POINT('Ctrl Pts',(9.45402443895006,5.70629593123015,-88.1377936127569));
#2990=CARTESIAN_POINT('Ctrl Pts',(9.45923355168393,5.67439041341874,-88.0190094244735));
#2991=CARTESIAN_POINT('Ctrl Pts',(9.46360103602761,5.64468499716332,-87.8962790099294));
#2992=CARTESIAN_POINT('Ctrl Pts',(9.00358546328196,7.28930294033056,-93.0096377286016));
#2993=CARTESIAN_POINT('Ctrl Pts',(9.02656679820806,7.25759624405235,-92.7957385656101));
#2994=CARTESIAN_POINT('Ctrl Pts',(9.04583909486312,7.22513285628759,-92.5927884369443));
#2995=CARTESIAN_POINT('Ctrl Pts',(9.08219867259091,7.15482442406575,-92.1833948192715));
#2996=CARTESIAN_POINT('Ctrl Pts',(9.09877445156658,7.11685367217243,-91.9805118757532));
#2997=CARTESIAN_POINT('Ctrl Pts',(9.14624745071865,6.98892011745562,-91.3790304073165));
#2998=CARTESIAN_POINT('Ctrl Pts',(9.20353321552148,6.78095191373495,-90.5961680817166));
#2999=CARTESIAN_POINT('Ctrl Pts',(9.31491660939996,6.33204141085059,-89.6224351013071));
#3000=CARTESIAN_POINT('Ctrl Pts',(9.36621528859983,6.09140260353455,-89.0025529154824));
#3001=CARTESIAN_POINT('Ctrl Pts',(9.38781713481576,5.98147935636113,-88.6793237726261));
#3002=CARTESIAN_POINT('Ctrl Pts',(9.3943431679904,5.94657096671742,-88.5693660500167));
#3003=CARTESIAN_POINT('Ctrl Pts',(9.4058818478384,5.88067983594863,-88.3430450751836));
#3004=CARTESIAN_POINT('Ctrl Pts',(9.41089449451175,5.84969709482356,-88.2266818229599));
#3005=CARTESIAN_POINT('Ctrl Pts',(9.41506833691448,5.82090730946968,-88.1061277161125));
#3006=CARTESIAN_POINT('Ctrl Pts',(8.96592715054847,7.38834338919813,-92.9916361521356));
#3007=CARTESIAN_POINT('Ctrl Pts',(8.98195991081958,7.37186751621376,-92.8200895562289));
#3008=CARTESIAN_POINT('Ctrl Pts',(8.99589061456159,7.35310023046361,-92.6535948889667));
#3009=CARTESIAN_POINT('Ctrl Pts',(9.02328034147264,7.30781139270625,-92.3010744016358));
#3010=CARTESIAN_POINT('Ctrl Pts',(9.03597178075194,7.2818361397311,-92.1194727678578));
#3011=CARTESIAN_POINT('Ctrl Pts',(9.0719382307557,7.19098336423425,-91.5805925256666));
#3012=CARTESIAN_POINT('Ctrl Pts',(9.11427251653636,7.03537428604809,-90.8778846271252));
#3013=CARTESIAN_POINT('Ctrl Pts',(9.2092445221414,6.63653635996557,-90.0002915501756));
#3014=CARTESIAN_POINT('Ctrl Pts',(9.25378476940136,6.41768658609127,-89.423654461598));
#3015=CARTESIAN_POINT('Ctrl Pts',(9.27258865839472,6.31634939439317,-89.1170755853206));
#3016=CARTESIAN_POINT('Ctrl Pts',(9.27827891561974,6.2839182797003,-89.0118392378967));
#3017=CARTESIAN_POINT('Ctrl Pts',(9.28827195042099,6.22253175955144,-88.793627522677));
#3018=CARTESIAN_POINT('Ctrl Pts',(9.29257472799722,6.19357635409545,-88.6806521548813));
#3019=CARTESIAN_POINT('Ctrl Pts',(9.29606773169744,6.16674870866983,-88.5629811553785));
#3020=CARTESIAN_POINT('Ctrl Pts',(8.94577756957872,7.42761675741865,-92.9914275063273));
#3021=CARTESIAN_POINT('Ctrl Pts',(8.95872752591821,7.41609287925823,-92.8362274512183));
#3022=CARTESIAN_POINT('Ctrl Pts',(8.96722965286104,7.40923123277375,-92.7106958441804));
#3023=CARTESIAN_POINT('Ctrl Pts',(8.98897310383379,7.3773318514712,-92.39668392437));
#3024=CARTESIAN_POINT('Ctrl Pts',(8.99932508658846,7.35606510002593,-92.2276003707109));
#3025=CARTESIAN_POINT('Ctrl Pts',(9.02857162701664,7.28500470058538,-91.7199628019223));
#3026=CARTESIAN_POINT('Ctrl Pts',(9.06274883046691,7.15545838297096,-91.0548163376771));
#3027=CARTESIAN_POINT('Ctrl Pts',(9.14750478766001,6.78588652610282,-90.221612150479));
#3028=CARTESIAN_POINT('Ctrl Pts',(9.18784852928037,6.57718085243952,-89.6594966707481));
#3029=CARTESIAN_POINT('Ctrl Pts',(9.20479387789635,6.48012359920233,-89.3583888423155));
#3030=CARTESIAN_POINT('Ctrl Pts',(9.20990457373598,6.44898711205567,-89.2546778847434));
#3031=CARTESIAN_POINT('Ctrl Pts',(9.21880464411524,6.38999977843577,-89.0389585077438));
#3032=CARTESIAN_POINT('Ctrl Pts',(9.22259401865487,6.36214893196253,-88.9269500883163));
#3033=CARTESIAN_POINT('Ctrl Pts',(9.22559982559353,6.33636779556362,-88.8099858884612));
#3034=CARTESIAN_POINT('Ctrl Pts',(8.92308831562046,7.4641317506386,-92.9968624939143));
#3035=CARTESIAN_POINT('Ctrl Pts',(8.93010940403445,7.45912843548803,-92.8853323150181));
#3036=CARTESIAN_POINT('Ctrl Pts',(8.93616985597251,7.45425988049713,-92.781672784432));
#3037=CARTESIAN_POINT('Ctrl Pts',(8.94912658777218,7.4357080489091,-92.5360520047423));
#3038=CARTESIAN_POINT('Ctrl Pts',(8.95602286763379,7.42202477231197,-92.3940907556385));
#3039=CARTESIAN_POINT('Ctrl Pts',(8.97796544910393,7.36775286011119,-91.9107544305508));
#3040=CARTESIAN_POINT('Ctrl Pts',(9.00407093424579,7.26077325924882,-91.2690452676553));
#3041=CARTESIAN_POINT('Ctrl Pts',(9.07680105732062,6.92385835732639,-90.4662856129728));
#3042=CARTESIAN_POINT('Ctrl Pts',(9.1114835370332,6.72907976590181,-89.9129766414594));
#3043=CARTESIAN_POINT('Ctrl Pts',(9.12586397572728,6.63815250764196,-89.6147776204887));
#3044=CARTESIAN_POINT('Ctrl Pts',(9.13016398843161,6.60892042779741,-89.5117871909627));
#3045=CARTESIAN_POINT('Ctrl Pts',(9.13753237976283,6.55348255489763,-89.297024430379));
#3046=CARTESIAN_POINT('Ctrl Pts',(9.14060075838973,6.52727676184239,-89.1852520993211));
#3047=CARTESIAN_POINT('Ctrl Pts',(9.14293096979957,6.50302024933438,-89.0682886226003));
#3048=CARTESIAN_POINT('',(8.92308831562046,7.4641317506386,-92.9968624939143));
#3049=CARTESIAN_POINT('',(9.0932629947557,6.69296630247567,-93.394955504485));
#3050=CARTESIAN_POINT('Ctrl Pts',(8.92308831562046,7.4641317506386,-92.9968624939143));
#3051=CARTESIAN_POINT('Ctrl Pts',(8.94577756957872,7.42761675741865,-92.9914275063273));
#3052=CARTESIAN_POINT('Ctrl Pts',(8.98607673151822,7.34907002097761,-92.9918447979439));
#3053=CARTESIAN_POINT('Ctrl Pts',(9.02109419504572,7.22953585968351,-93.0274306592595));
#3054=CARTESIAN_POINT('Ctrl Pts',(9.06965911652798,7.01949404910256,-93.1071858785077));
#3055=CARTESIAN_POINT('Ctrl Pts',(9.08615708043624,6.85741550557776,-93.231295372119));
#3056=CARTESIAN_POINT('Ctrl Pts',(9.0932629947557,6.69296630247567,-93.394955504485));
#3057=CARTESIAN_POINT('Ctrl Pts',(9.14293096979957,6.50302024933438,-89.0682886226003));
#3058=CARTESIAN_POINT('Ctrl Pts',(9.13361012416021,6.60004629936642,-89.5361425294835));
#3059=CARTESIAN_POINT('Ctrl Pts',(9.09134708193552,6.85647537694189,-90.3057336820367));
#3060=CARTESIAN_POINT('Ctrl Pts',(9.00407093424579,7.26077325924882,-91.2690452676553));
#3061=CARTESIAN_POINT('Ctrl Pts',(8.97796544910393,7.36775286011119,-91.9107544305508));
#3062=CARTESIAN_POINT('Ctrl Pts',(8.95602286763379,7.42202477231197,-92.3940907556385));
#3063=CARTESIAN_POINT('Ctrl Pts',(8.94223030791057,7.44939132550623,-92.6780132538461));
#3064=CARTESIAN_POINT('Ctrl Pts',(8.93010940403445,7.45912843548803,-92.8853323150181));
#3065=CARTESIAN_POINT('Ctrl Pts',(8.92308831562046,7.4641317506386,-92.9968624939143));
#3066=CARTESIAN_POINT('Ctrl Pts',(9.0932629947557,6.69296630247567,-93.394955504485));
#3067=CARTESIAN_POINT('Ctrl Pts',(9.155383553699,6.57218657546499,-92.846538081223));
#3068=CARTESIAN_POINT('Ctrl Pts',(9.25340175396167,6.31281897565523,-91.8775752788047));
#3069=CARTESIAN_POINT('Ctrl Pts',(9.37875215546519,5.78946669163346,-90.4624658867851));
#3070=CARTESIAN_POINT('Ctrl Pts',(9.49847300358895,5.27313865957263,-89.2621501970946));
#3071=CARTESIAN_POINT('Ctrl Pts',(9.5560454719018,4.9015397235314,-88.4442773829499));
#3072=CARTESIAN_POINT('Ctrl Pts',(9.58071988008772,4.68396099324407,-87.9787670628668));
#3073=CARTESIAN_POINT('Ctrl Pts',(9.59543466192574,4.52644446320123,-87.6456287688092));
#3074=CARTESIAN_POINT('Ctrl Pts',(9.60667979652519,4.34399984678914,-87.2668943134137));
#3075=CARTESIAN_POINT('Ctrl Pts',(9.60987747579441,4.2607749650048,-87.0975551548973));
#3076=CARTESIAN_POINT('Ctrl Pts',(9.19369976332913,4.28131993933387,-91.7809096312139));
#3077=CARTESIAN_POINT('Ctrl Pts',(9.17937887833184,4.24277540708574,-91.8554299756379));
#3078=CARTESIAN_POINT('Ctrl Pts',(9.16512954771498,4.20470225749757,-91.9297289683255));
#3079=CARTESIAN_POINT('Ctrl Pts',(9.128952843165,4.11713058270756,-92.1162503966587));
#3080=CARTESIAN_POINT('Ctrl Pts',(9.10702546923189,4.06763205750574,-92.2284728323043));
#3081=CARTESIAN_POINT('Ctrl Pts',(9.0297262824582,3.90199841847979,-92.6220253036783));
#3082=CARTESIAN_POINT('Ctrl Pts',(8.84208847750457,3.52670651811311,-93.5418166847684));
#3083=CARTESIAN_POINT('Ctrl Pts',(8.23714633721915,2.60575397324115,-96.0695386597806));
#3084=CARTESIAN_POINT('Ctrl Pts',(7.16754739664857,2.47561996668887,-98.442175772406));
#3085=CARTESIAN_POINT('Ctrl Pts',(5.05896344093015,0.183756736350983,-97.9215964667465));
#3086=CARTESIAN_POINT('Ctrl Pts',(2.9144208392277,-0.359141693948779,-98.1428871713918));
#3087=CARTESIAN_POINT('Ctrl Pts',(1.11202383645716,-1.04604880817254,-98.2049179119351));
#3088=CARTESIAN_POINT('Ctrl Pts',(-0.803014590495047,-0.815558359062143,
-98.1428863632796));
#3089=CARTESIAN_POINT('Ctrl Pts',(-3.01518025355953,-0.807731499084036,
-97.9215996991955));
#3090=CARTESIAN_POINT('Ctrl Pts',(-5.61563520673002,0.906447680941988,-98.4421636507221));
#3091=CARTESIAN_POINT('Ctrl Pts',(-6.6847794650949,0.772378844168239,-96.0695743514054));
#3092=CARTESIAN_POINT('Ctrl Pts',(-7.49484579166612,1.52244219270665,-93.5417670532071));
#3093=CARTESIAN_POINT('Ctrl Pts',(-7.76769175927665,1.84110174484692,-92.6219784259888));
#3094=CARTESIAN_POINT('Ctrl Pts',(-7.88272218696683,1.98270406465886,-92.228438406427));
#3095=CARTESIAN_POINT('Ctrl Pts',(-7.91595491818415,2.02525493866894,-92.1162212015261));
#3096=CARTESIAN_POINT('Ctrl Pts',(-7.97219889125997,2.10105688816796,-91.9297123949639));
#3097=CARTESIAN_POINT('Ctrl Pts',(-7.99521013311848,2.13430796365691,-91.8554207933026));
#3098=CARTESIAN_POINT('Ctrl Pts',(-8.01839864901057,2.16793999355719,-91.7809096312139));
#3099=CARTESIAN_POINT('Ctrl Pts',(9.21009435624091,4.2814380835691,-91.6461389376348));
#3100=CARTESIAN_POINT('Ctrl Pts',(9.1966677159282,4.22853148725736,-91.6972114322853));
#3101=CARTESIAN_POINT('Ctrl Pts',(9.18203498677433,4.18406832890006,-91.7674975770548));
#3102=CARTESIAN_POINT('Ctrl Pts',(9.14562044712136,4.08001121711947,-91.9377643224405));
#3103=CARTESIAN_POINT('Ctrl Pts',(9.12339103166815,4.024601623499,-92.0462683260516));
#3104=CARTESIAN_POINT('Ctrl Pts',(9.04823258233937,3.85050153305075,-92.4141847463845));
#3105=CARTESIAN_POINT('Ctrl Pts',(8.86318792469144,3.46062127920904,-93.3002669562289));
#3106=CARTESIAN_POINT('Ctrl Pts',(8.2609346575987,2.50807712269723,-95.7822190756118));
#3107=CARTESIAN_POINT('Ctrl Pts',(7.19819199163149,2.37104523541063,-98.0758404589355));
#3108=CARTESIAN_POINT('Ctrl Pts',(5.08156985745538,0.0194050235447115,-97.4368095372274));
#3109=CARTESIAN_POINT('Ctrl Pts',(2.92277982515505,-0.540971635737329,-97.6426832453371));
#3110=CARTESIAN_POINT('Ctrl Pts',(1.13557446236584,-1.2378527950879,-97.7123519001423));
#3111=CARTESIAN_POINT('Ctrl Pts',(-0.767135505775687,-0.994020466247833,
-97.6426827725538));
#3112=CARTESIAN_POINT('Ctrl Pts',(-2.99735951385972,-0.972625984544657,
-97.4368114283606));
#3113=CARTESIAN_POINT('Ctrl Pts',(-5.62006009560712,0.797465292810273,-98.0758313787835));
#3114=CARTESIAN_POINT('Ctrl Pts',(-6.6842619619235,0.672144045488321,-95.7822458116151));
#3115=CARTESIAN_POINT('Ctrl Pts',(-7.49929806291904,1.45290085599981,-93.3002268604495));
#3116=CARTESIAN_POINT('Ctrl Pts',(-7.77314480903429,1.78622492850567,-92.414150975113));
#3117=CARTESIAN_POINT('Ctrl Pts',(-7.88814523273402,1.93654983351133,-92.0462473177219));
#3118=CARTESIAN_POINT('Ctrl Pts',(-7.92309991626562,1.98475229468855,-91.937748872927));
#3119=CARTESIAN_POINT('Ctrl Pts',(-7.98356310563285,2.07649491603068,-91.7674946747607));
#3120=CARTESIAN_POINT('Ctrl Pts',(-8.00849081272611,2.11583980767174,-91.6972163340172));
#3121=CARTESIAN_POINT('Ctrl Pts',(-8.03428918491915,2.16365264747236,-91.6461521422483));
#3122=CARTESIAN_POINT('Ctrl Pts',(9.22573830514561,4.28111792629995,-91.5164536173432));
#3123=CARTESIAN_POINT('Ctrl Pts',(9.2134889442691,4.22348603482453,-91.5525595640023));
#3124=CARTESIAN_POINT('Ctrl Pts',(9.19923971272323,4.16572740919002,-91.6028372655301));
#3125=CARTESIAN_POINT('Ctrl Pts',(9.16338017236447,4.04635821837679,-91.7504236440643));
#3126=CARTESIAN_POINT('Ctrl Pts',(9.14182350598259,3.98614900931078,-91.8488490261777));
#3127=CARTESIAN_POINT('Ctrl Pts',(9.06827102500394,3.79797859004345,-92.187383644132));
#3128=CARTESIAN_POINT('Ctrl Pts',(8.88563613571464,3.39146658323157,-93.0374867664968));
#3129=CARTESIAN_POINT('Ctrl Pts',(8.28700432939887,2.40528358629362,-95.4628657313313));
#3130=CARTESIAN_POINT('Ctrl Pts',(7.23447695268821,2.26047026738458,-97.6719931154959));
#3131=CARTESIAN_POINT('Ctrl Pts',(5.10552008834713,-0.133920346439488,-96.9417775354607));
#3132=CARTESIAN_POINT('Ctrl Pts',(2.9337831411754,-0.709211118906332,-97.134311064404));
#3133=CARTESIAN_POINT('Ctrl Pts',(1.15677993483207,-1.41055711062771,-97.2109117354336));
#3134=CARTESIAN_POINT('Ctrl Pts',(-0.737110202862836,-1.15993386270851,
-97.1343108764185));
#3135=CARTESIAN_POINT('Ctrl Pts',(-2.98350948772467,-1.12715342533587,-96.9417782874025));
#3136=CARTESIAN_POINT('Ctrl Pts',(-5.62850735085541,0.681307179351345,-97.6719867494107));
#3137=CARTESIAN_POINT('Ctrl Pts',(-6.6847168726478,0.56636081955907,-95.4628844759155));
#3138=CARTESIAN_POINT('Ctrl Pts',(-7.5043185969009,1.38007529309306,-93.0374555898461));
#3139=CARTESIAN_POINT('Ctrl Pts',(-7.77983364677155,1.72995688405502,-92.1873637365185));
#3140=CARTESIAN_POINT('Ctrl Pts',(-7.89667666320634,1.89429344181576,-91.8488427677146));
#3141=CARTESIAN_POINT('Ctrl Pts',(-7.93213858393451,1.9473049214493,-91.7504232710899));
#3142=CARTESIAN_POINT('Ctrl Pts',(-7.99576712094933,2.05403460464142,-91.6028495746023));
#3143=CARTESIAN_POINT('Ctrl Pts',(-8.02354223990409,2.10640195480904,-91.5525787938944));
#3144=CARTESIAN_POINT('Ctrl Pts',(-8.04934095103063,2.15907972458413,-91.5164812959716));
#3145=CARTESIAN_POINT('Ctrl Pts',(9.26019708593319,4.28091508465129,-91.222231173665));
#3146=CARTESIAN_POINT('Ctrl Pts',(9.25019323152712,4.20911104116394,-91.223850652187));
#3147=CARTESIAN_POINT('Ctrl Pts',(9.23686611803337,4.13614531896618,-91.2482372890354));
#3148=CARTESIAN_POINT('Ctrl Pts',(9.20241450280831,3.98840605172382,-91.3502965922334));
#3149=CARTESIAN_POINT('Ctrl Pts',(9.18162075214271,3.91574505126134,-91.4275176610499));
#3150=CARTESIAN_POINT('Ctrl Pts',(9.11035446119098,3.69602659213261,-91.7101473765846));
#3151=CARTESIAN_POINT('Ctrl Pts',(8.93228172346772,3.24964784291004,-92.4792728439941));
#3152=CARTESIAN_POINT('Ctrl Pts',(8.34242318183392,2.19256318070898,-94.7724854601408));
#3153=CARTESIAN_POINT('Ctrl Pts',(7.31548845720808,2.03056268008805,-96.8047933713381));
#3154=CARTESIAN_POINT('Ctrl Pts',(5.15576657182973,-0.420505553567168,-95.9377740983431));
#3155=CARTESIAN_POINT('Ctrl Pts',(2.96054158851466,-1.02117985383792,-96.1070799396012));
#3156=CARTESIAN_POINT('Ctrl Pts',(1.19507865975207,-1.72247452075218,-96.1962235708216));
#3157=CARTESIAN_POINT('Ctrl Pts',(-0.6876001217542,-1.46912513850327,-96.1070802329871));
#3158=CARTESIAN_POINT('Ctrl Pts',(-2.96293884417783,-1.41731800653799,-95.9377729248));
#3159=CARTESIAN_POINT('Ctrl Pts',(-5.65147609501383,0.438470999361489,-96.8047918345599));
#3160=CARTESIAN_POINT('Ctrl Pts',(-6.68707698260071,0.347021352025392,-94.7724899850988));
#3161=CARTESIAN_POINT('Ctrl Pts',(-7.51521235199034,1.23063854530095,-92.4792582133735));
#3162=CARTESIAN_POINT('Ctrl Pts',(-7.79591095724877,1.61997752274696,-91.7101539790708));
#3163=CARTESIAN_POINT('Ctrl Pts',(-7.91815501434669,1.81535551130787,-91.4275416269863));
#3164=CARTESIAN_POINT('Ctrl Pts',(-7.95588549245744,1.88059959080116,-91.3503274704692));
#3165=CARTESIAN_POINT('Ctrl Pts',(-8.02500320498437,2.01512027173257,-91.2482831817711));
#3166=CARTESIAN_POINT('Ctrl Pts',(-8.05555853252151,2.08242795770825,-91.2239046210153));
#3167=CARTESIAN_POINT('Ctrl Pts',(-8.08260315041792,2.14936346925307,-91.222294702516));
#3168=CARTESIAN_POINT('Ctrl Pts',(9.27901191781608,4.28103240027178,-91.0576940502784));
#3169=CARTESIAN_POINT('Ctrl Pts',(9.27016047388306,4.20460952784397,-91.0447235527265));
#3170=CARTESIAN_POINT('Ctrl Pts',(9.25705832361266,4.12609696851011,-91.0612520273753));
#3171=CARTESIAN_POINT('Ctrl Pts',(9.22315972657031,3.96525327656544,-91.1428485248732));
#3172=CARTESIAN_POINT('Ctrl Pts',(9.20269720091545,3.88269316451375,-91.2049454716153));
#3173=CARTESIAN_POINT('Ctrl Pts',(9.13239945471344,3.64659753722908,-91.4597122112898));
#3174=CARTESIAN_POINT('Ctrl Pts',(8.95647910019759,3.17698379856598,-92.1838391112234));
#3175=CARTESIAN_POINT('Ctrl Pts',(8.37177236246881,2.08263631152796,-94.4014585332307));
#3176=CARTESIAN_POINT('Ctrl Pts',(7.36021500067122,1.91123006081756,-96.34144097062));
#3177=CARTESIAN_POINT('Ctrl Pts',(5.18206282442057,-0.553765390710648,-95.4288026629923));
#3178=CARTESIAN_POINT('Ctrl Pts',(2.97629671983358,-1.1649091056005,-95.5882209957317));
#3179=CARTESIAN_POINT('Ctrl Pts',(1.21217191220583,-1.86168761533684,-95.6829755709183));
#3180=CARTESIAN_POINT('Ctrl Pts',(-0.668115343558413,-1.61240301783736,
-95.5882214856908));
#3181=CARTESIAN_POINT('Ctrl Pts',(-2.95621822676604,-1.5529551469489,-95.4288007031556));
#3182=CARTESIAN_POINT('Ctrl Pts',(-5.66599758392397,0.311792932830563,-96.341441549082));
#3183=CARTESIAN_POINT('Ctrl Pts',(-6.6889821818293,0.233465110420967,-94.4014568299817));
#3184=CARTESIAN_POINT('Ctrl Pts',(-7.5210855730979,1.1540273604156,-92.1838321075043));
#3185=CARTESIAN_POINT('Ctrl Pts',(-7.80529942998873,1.56626620588956,-91.4597314602175));
#3186=CARTESIAN_POINT('Ctrl Pts',(-7.93055636341854,1.7776800004831,-91.204984786987));
#3187=CARTESIAN_POINT('Ctrl Pts',(-7.97035877165887,1.85259500004014,-91.1428951851385));
#3188=CARTESIAN_POINT('Ctrl Pts',(-8.04210141890231,1.99988138062302,-91.061316224912));
#3189=CARTESIAN_POINT('Ctrl Pts',(-8.07377469169951,2.07257138625502,-91.0447974679933));
#3190=CARTESIAN_POINT('Ctrl Pts',(-8.10081358369372,2.14422013681023,-91.057778955337));
#3191=CARTESIAN_POINT('Ctrl Pts',(9.34021273793201,4.28204055646769,-90.5118049754758));
#3192=CARTESIAN_POINT('Ctrl Pts',(9.33168947785144,4.19264344453762,-90.4819500320676));
#3193=CARTESIAN_POINT('Ctrl Pts',(9.31909699567393,4.09691446560514,-90.4736055066663));
#3194=CARTESIAN_POINT('Ctrl Pts',(9.28693801764448,3.90159825980857,-90.4988388384786));
#3195=CARTESIAN_POINT('Ctrl Pts',(9.26737152179254,3.80201103294448,-90.532416695692));
#3196=CARTESIAN_POINT('Ctrl Pts',(9.19995765950433,3.51067020956458,-90.6943861611552));
#3197=CARTESIAN_POINT('Ctrl Pts',(9.0302724359982,2.95767199165425,-91.2632686673732));
#3198=CARTESIAN_POINT('Ctrl Pts',(8.46281437661586,1.74680576323175,-93.2294582849465));
#3199=CARTESIAN_POINT('Ctrl Pts',(7.50279828005857,1.54495995951625,-94.8854046865382));
#3200=CARTESIAN_POINT('Ctrl Pts',(5.26395820419084,-0.926427332085144,-93.8908052729306));
#3201=CARTESIAN_POINT('Ctrl Pts',(3.02988456940712,-1.56333754252762,-94.0246886399483));
#3202=CARTESIAN_POINT('Ctrl Pts',(1.25815046985702,-2.23615225035206,-94.1344305243734));
#3203=CARTESIAN_POINT('Ctrl Pts',(-0.623721237702731,-2.01197623663493,
-94.0246896065477));
#3204=CARTESIAN_POINT('Ctrl Pts',(-2.94553246000623,-1.93429680104897,-93.8908014065333));
#3205=CARTESIAN_POINT('Ctrl Pts',(-5.71571765252642,-0.078273949996569,
-94.8854107966345));
#3206=CARTESIAN_POINT('Ctrl Pts',(-6.69613140334095,-0.11387737966983,-93.2294402941074));
#3207=CARTESIAN_POINT('Ctrl Pts',(-7.53955850961098,0.922689618423476,-91.2632825176369));
#3208=CARTESIAN_POINT('Ctrl Pts',(-7.83785638927785,1.41697612242527,-90.6944374260375));
#3209=CARTESIAN_POINT('Ctrl Pts',(-7.97365005262923,1.68240469578094,-90.5324967258638));
#3210=CARTESIAN_POINT('Ctrl Pts',(-8.01668872766601,1.77392844045862,-90.4989301334103));
#3211=CARTESIAN_POINT('Ctrl Pts',(-8.09504447199978,1.95471559469889,-90.4737255084502));
#3212=CARTESIAN_POINT('Ctrl Pts',(-8.13036154129677,2.04397900426148,-90.4820874759437));
#3213=CARTESIAN_POINT('Ctrl Pts',(-8.16018288426764,2.12793452514983,-90.5119643624464));
#3214=CARTESIAN_POINT('Ctrl Pts',(9.42375889005164,4.27467549929364,-89.715482529662));
#3215=CARTESIAN_POINT('Ctrl Pts',(9.41691705322361,4.17126511476916,-89.656372759995));
#3216=CARTESIAN_POINT('Ctrl Pts',(9.40571403928479,4.06057125763381,-89.6189015171106));
#3217=CARTESIAN_POINT('Ctrl Pts',(9.3760893918451,3.83220039404817,-89.5823846317816));
#3218=CARTESIAN_POINT('Ctrl Pts',(9.35766775834426,3.71452338759789,-89.583338989337));
#3219=CARTESIAN_POINT('Ctrl Pts',(9.29383053048816,3.36239333813482,-89.636563282975));
#3220=CARTESIAN_POINT('Ctrl Pts',(9.13186676536165,2.66173711875981,-89.9444567541378));
#3221=CARTESIAN_POINT('Ctrl Pts',(8.59218898812492,1.28289852349513,-91.5096727070909));
#3222=CARTESIAN_POINT('Ctrl Pts',(7.71531904990278,1.03454050847488,-92.7680787559554));
#3223=CARTESIAN_POINT('Ctrl Pts',(5.38116970254514,-1.35099640043529,-91.8105871954903));
#3224=CARTESIAN_POINT('Ctrl Pts',(3.11819491714991,-2.00721727613545,-91.9214307677716));
#3225=CARTESIAN_POINT('Ctrl Pts',(1.30531868083169,-2.62030603373566,-92.0462343374194));
#3226=CARTESIAN_POINT('Ctrl Pts',(-0.602023039846283,-2.46404607715249,
-91.9214320683444));
#3227=CARTESIAN_POINT('Ctrl Pts',(-2.95655433226126,-2.37456629416195,-91.8105819931992));
#3228=CARTESIAN_POINT('Ctrl Pts',(-5.79842601565515,-0.62511694905768,-92.7680900706688));
#3229=CARTESIAN_POINT('Ctrl Pts',(-6.70948669555871,-0.594797407197615,
-91.5096393915459));
#3230=CARTESIAN_POINT('Ctrl Pts',(-7.56646448680275,0.610228129537823,-89.9444930051207));
#3231=CARTESIAN_POINT('Ctrl Pts',(-7.89297644451465,1.24950632342735,-89.6366414401432));
#3232=CARTESIAN_POINT('Ctrl Pts',(-8.03994658009993,1.57421684850567,-89.583463088089));
#3233=CARTESIAN_POINT('Ctrl Pts',(-8.08622231808324,1.6832989282207,-89.5825282091433));
#3234=CARTESIAN_POINT('Ctrl Pts',(-8.1700309730462,1.89596357987876,-89.6190982974761));
#3235=CARTESIAN_POINT('Ctrl Pts',(-8.20756389002583,1.99954615182178,-89.6566032647543));
#3236=CARTESIAN_POINT('Ctrl Pts',(-8.23906829321357,2.09678397797054,-89.7157568398507));
#3237=CARTESIAN_POINT('Ctrl Pts',(9.49526792003254,4.24729034045044,-88.884732310471));
#3238=CARTESIAN_POINT('Ctrl Pts',(9.49037739785327,4.12878476361987,-88.7905806288949));
#3239=CARTESIAN_POINT('Ctrl Pts',(9.4805299169565,4.00183121824644,-88.7201085656996));
#3240=CARTESIAN_POINT('Ctrl Pts',(9.45327987559832,3.73995665951497,-88.61737136992));
#3241=CARTESIAN_POINT('Ctrl Pts',(9.43587731513691,3.60503564615693,-88.5851062373357));
#3242=CARTESIAN_POINT('Ctrl Pts',(9.37587527121126,3.20171410775759,-88.5318927762729));
#3243=CARTESIAN_POINT('Ctrl Pts',(9.22469373319428,2.40083703765797,-88.5997936009084));
#3244=CARTESIAN_POINT('Ctrl Pts',(8.71700301415637,0.836325556146889,-89.6739529704486));
#3245=CARTESIAN_POINT('Ctrl Pts',(7.92723288521055,0.53188758150676,-90.5471684309852));
#3246=CARTESIAN_POINT('Ctrl Pts',(5.50895080567766,-1.66273287334186,-89.776070711247));
#3247=CARTESIAN_POINT('Ctrl Pts',(3.23163550998381,-2.31911161847604,-89.8746727157859));
#3248=CARTESIAN_POINT('Ctrl Pts',(1.33346321664442,-2.84952497258136,-90.0061467642131));
#3249=CARTESIAN_POINT('Ctrl Pts',(-0.636640106223554,-2.79411748442017,
-89.8746739526431));
#3250=CARTESIAN_POINT('Ctrl Pts',(-3.00512303255273,-2.70796431923707,-89.7760657638186));
#3251=CARTESIAN_POINT('Ctrl Pts',(-5.88243627014681,-1.16416363071644,-90.5471815061722));
#3252=CARTESIAN_POINT('Ctrl Pts',(-6.72257535292092,-1.05812942836294,-89.6739144712868));
#3253=CARTESIAN_POINT('Ctrl Pts',(-7.59337984102908,0.334269594932864,-88.5998405006993));
#3254=CARTESIAN_POINT('Ctrl Pts',(-7.93384497720053,1.07501825329406,-88.5319325495576));
#3255=CARTESIAN_POINT('Ctrl Pts',(-8.0894520674319,1.45007808683991,-88.5851995091527));
#3256=CARTESIAN_POINT('Ctrl Pts',(-8.13888351786664,1.5758789487494,-88.6174919848788));
#3257=CARTESIAN_POINT('Ctrl Pts',(-8.22836761808954,1.82042602929922,-88.7203187619584));
#3258=CARTESIAN_POINT('Ctrl Pts',(-8.2684202678777,1.93917224793955,-88.7908530633121));
#3259=CARTESIAN_POINT('Ctrl Pts',(-8.30153169666169,2.05008290591651,-88.8850923677655));
#3260=CARTESIAN_POINT('Ctrl Pts',(9.54335819574345,4.23519090995077,-88.2468706760692));
#3261=CARTESIAN_POINT('Ctrl Pts',(9.54018945288794,4.10213624237845,-88.1167025690709));
#3262=CARTESIAN_POINT('Ctrl Pts',(9.53122832813779,3.96240810256252,-88.0171573053822));
#3263=CARTESIAN_POINT('Ctrl Pts',(9.5055134363753,3.67211242309454,-87.861900944674));
#3264=CARTESIAN_POINT('Ctrl Pts',(9.48859513269601,3.52249482216872,-87.8068199408992));
#3265=CARTESIAN_POINT('Ctrl Pts',(9.43153128334407,3.0856301712205,-87.6800467075893));
#3266=CARTESIAN_POINT('Ctrl Pts',(9.28623513708302,2.2214340820547,-87.6079275757819));
#3267=CARTESIAN_POINT('Ctrl Pts',(8.80120415008702,0.526496416433265,-88.3280514839844));
#3268=CARTESIAN_POINT('Ctrl Pts',(8.06890576279326,0.177267266315312,-88.9357555553222));
#3269=CARTESIAN_POINT('Ctrl Pts',(5.60670059261525,-1.86614592155098,-88.3066257109807));
#3270=CARTESIAN_POINT('Ctrl Pts',(3.32291872719401,-2.51956196850229,-88.395890090289));
#3271=CARTESIAN_POINT('Ctrl Pts',(1.35090626155271,-2.99158734078974,-88.5297646382896));
#3272=CARTESIAN_POINT('Ctrl Pts',(-0.676718896718449,-3.01069305334293,
-88.3958912072526));
#3273=CARTESIAN_POINT('Ctrl Pts',(-3.05075750784757,-2.92899877128035,-88.3066212431264));
#3274=CARTESIAN_POINT('Ctrl Pts',(-5.93410917579367,-1.54253603744005,-88.9357689959285));
#3275=CARTESIAN_POINT('Ctrl Pts',(-6.72932462214927,-1.37908990891006,-88.3280119088659));
#3276=CARTESIAN_POINT('Ctrl Pts',(-7.60967738402091,0.145170808671913,-87.6079786163768));
#3277=CARTESIAN_POINT('Ctrl Pts',(-7.95991936400486,0.95039623035518,-87.6800416907979));
#3278=CARTESIAN_POINT('Ctrl Pts',(-8.12086944726944,1.35946868380774,-87.8068455427342));
#3279=CARTESIAN_POINT('Ctrl Pts',(-8.17341197978345,1.49989042633081,-87.8619465053388));
#3280=CARTESIAN_POINT('Ctrl Pts',(-8.26826527294353,1.77222398523902,-88.0172973501761));
#3281=CARTESIAN_POINT('Ctrl Pts',(-8.31049902352128,1.90310890068029,-88.1169191201271));
#3282=CARTESIAN_POINT('Ctrl Pts',(-8.34532546034731,2.02727288411615,-88.247213640283));
#3283=CARTESIAN_POINT('Ctrl Pts',(9.5587293792277,4.23625282840914,-88.0223913508004));
#3284=CARTESIAN_POINT('Ctrl Pts',(9.55563623225291,4.09642848009848,-87.8871928242382));
#3285=CARTESIAN_POINT('Ctrl Pts',(9.54722554901949,3.95003904964398,-87.77803079415));
#3286=CARTESIAN_POINT('Ctrl Pts',(9.52198140629464,3.64972077170098,-87.6047923897836));
#3287=CARTESIAN_POINT('Ctrl Pts',(9.50567223806823,3.49811199407027,-87.5401602014515));
#3288=CARTESIAN_POINT('Ctrl Pts',(9.4491036968201,3.04767310674911,-87.3922074865851));
#3289=CARTESIAN_POINT('Ctrl Pts',(9.30540246804831,2.1643451143908,-87.2800774573724));
#3290=CARTESIAN_POINT('Ctrl Pts',(8.82770296479841,0.427403467494983,-87.8845657078326));
#3291=CARTESIAN_POINT('Ctrl Pts',(8.11325297217114,0.0627887245906043,-88.407662908112));
#3292=CARTESIAN_POINT('Ctrl Pts',(5.63960284819248,-1.92888538654222,-87.826217771378));
#3293=CARTESIAN_POINT('Ctrl Pts',(3.35438026169487,-2.58080035072285,-87.9123435340388));
#3294=CARTESIAN_POINT('Ctrl Pts',(1.35610971703026,-3.03396615753821,-88.0465845219786));
#3295=CARTESIAN_POINT('Ctrl Pts',(-0.692431158668738,-3.07772191189584,
-87.9123445990201));
#3296=CARTESIAN_POINT('Ctrl Pts',(-3.06750365795855,-2.9978412441676,-87.8262135114529));
#3297=CARTESIAN_POINT('Ctrl Pts',(-5.94944434680564,-1.66434140559451,-88.4076763113687));
#3298=CARTESIAN_POINT('Ctrl Pts',(-6.73106317459317,-1.48165364653795,-87.8845262426879));
#3299=CARTESIAN_POINT('Ctrl Pts',(-7.61446173623856,0.0851162323670555,
-87.2801292372684));
#3300=CARTESIAN_POINT('Ctrl Pts',(-7.9678479908213,0.909896227652399,-87.3921848727413));
#3301=CARTESIAN_POINT('Ctrl Pts',(-8.13164427381877,1.33266896177027,-87.5401557997302));
#3302=CARTESIAN_POINT('Ctrl Pts',(-8.18409356076894,1.47532366255543,-87.6048032936019));
#3303=CARTESIAN_POINT('Ctrl Pts',(-8.28092201974012,1.75756515703136,-87.7781340862248));
#3304=CARTESIAN_POINT('Ctrl Pts',(-8.32423888684125,1.89510102787194,-87.8873709750753));
#3305=CARTESIAN_POINT('Ctrl Pts',(-8.36059261937604,2.02549784821821,-88.0227066429558));
#3306=CARTESIAN_POINT('Ctrl Pts',(9.58815392935744,4.24856678924239,-87.5497151393268));
#3307=CARTESIAN_POINT('Ctrl Pts',(9.58617112555341,4.09354707653922,-87.3924737139134));
#3308=CARTESIAN_POINT('Ctrl Pts',(9.57735458512007,3.93241519577446,-87.2750832798667));
#3309=CARTESIAN_POINT('Ctrl Pts',(9.55231291262364,3.60761285178945,-87.0755261273433));
#3310=CARTESIAN_POINT('Ctrl Pts',(9.53629159325315,3.44690159533047,-86.9991996709413));
#3311=CARTESIAN_POINT('Ctrl Pts',(9.48081991516496,2.97271257880895,-86.8162270202535));
#3312=CARTESIAN_POINT('Ctrl Pts',(9.34024567908172,2.05611355718752,-86.6343085929508));
#3313=CARTESIAN_POINT('Ctrl Pts',(8.87628093901706,0.240684470492922,-87.020284198462));
#3314=CARTESIAN_POINT('Ctrl Pts',(8.19335407488637,-0.155469076596067,-87.3850865723732));
#3315=CARTESIAN_POINT('Ctrl Pts',(5.7057037388424,-2.04622170050453,-86.8907667240559));
#3316=CARTESIAN_POINT('Ctrl Pts',(3.41883407667079,-2.69479099875356,-86.9698621395226));
#3317=CARTESIAN_POINT('Ctrl Pts',(1.36587292920736,-3.11348130085583,-87.104059277988));
#3318=CARTESIAN_POINT('Ctrl Pts',(-0.727393973910679,-3.20391553781579,
-86.9698630893414));
#3319=CARTESIAN_POINT('Ctrl Pts',(-3.10325325646636,-3.12769862331293,-86.8907629247805));
#3320=CARTESIAN_POINT('Ctrl Pts',(-5.97436592800847,-1.89548310948084,-87.3850996387217));
#3321=CARTESIAN_POINT('Ctrl Pts',(-6.73302333226277,-1.67461110452795,-87.0202457253247));
#3322=CARTESIAN_POINT('Ctrl Pts',(-7.6220853682702,-0.0283392975388177,
-86.6343606630423));
#3323=CARTESIAN_POINT('Ctrl Pts',(-7.98062253084309,0.830778427897165,-86.8161653495771));
#3324=CARTESIAN_POINT('Ctrl Pts',(-8.14922198426303,1.27802364514245,-86.9991209871798));
#3325=CARTESIAN_POINT('Ctrl Pts',(-8.20364361409193,1.43005310997877,-87.0754484154366));
#3326=CARTESIAN_POINT('Ctrl Pts',(-8.30629100309378,1.73698008215529,-87.2750712993874));
#3327=CARTESIAN_POINT('Ctrl Pts',(-8.35361594914622,1.88917818466825,-87.3925227781849));
#3328=CARTESIAN_POINT('Ctrl Pts',(-8.3924654130339,2.03360438582668,-87.5499311386355));
#3329=CARTESIAN_POINT('Ctrl Pts',(9.60220729600293,4.25981883161726,-87.3015182531218));
#3330=CARTESIAN_POINT('Ctrl Pts',(9.60175882261125,4.098463937396,-87.1269960489478));
#3331=CARTESIAN_POINT('Ctrl Pts',(9.59021796848496,3.92319653899029,-87.0231794789132));
#3332=CARTESIAN_POINT('Ctrl Pts',(9.56504451958688,3.58340513152503,-86.8091618280756));
#3333=CARTESIAN_POINT('Ctrl Pts',(9.55003725872853,3.42080088143484,-86.724984408496));
#3334=CARTESIAN_POINT('Ctrl Pts',(9.4949637200338,2.93570911534017,-86.528085774926));
#3335=CARTESIAN_POINT('Ctrl Pts',(9.35592155914983,2.00497096764814,-86.3163898469388));
#3336=CARTESIAN_POINT('Ctrl Pts',(8.89836009852432,0.153058422429144,-86.5994884652432));
#3337=CARTESIAN_POINT('Ctrl Pts',(8.22910796822371,-0.259248336058031,-86.8906028838446));
#3338=CARTESIAN_POINT('Ctrl Pts',(5.73890237391509,-2.10081854947559,-86.4357236163364));
#3339=CARTESIAN_POINT('Ctrl Pts',(3.45182635714585,-2.74754326456373,-86.5109273012566));
#3340=CARTESIAN_POINT('Ctrl Pts',(1.3704326859069,-3.15061762742498,-86.6447141503083));
#3341=CARTESIAN_POINT('Ctrl Pts',(-0.746644527202332,-3.26308030518283,
-86.5109281878952));
#3342=CARTESIAN_POINT('Ctrl Pts',(-3.12225670486319,-3.18871352957101,-86.4357200697817));
#3343=CARTESIAN_POINT('Ctrl Pts',(-5.98395233819933,-2.00481944521272,-86.8906156506345));
#3344=CARTESIAN_POINT('Ctrl Pts',(-6.73324493748848,-1.76500482489005,-86.5994508741395));
#3345=CARTESIAN_POINT('Ctrl Pts',(-7.62492464808422,-0.0817402511398352,
-86.3164414679248));
#3346=CARTESIAN_POINT('Ctrl Pts',(-7.98546844404845,0.792160630844711,-86.5280026444696));
#3347=CARTESIAN_POINT('Ctrl Pts',(-8.15638543264381,1.25071333457703,-86.7248651058375));
#3348=CARTESIAN_POINT('Ctrl Pts',(-8.21027472240553,1.40476417272229,-86.8090453369934));
#3349=CARTESIAN_POINT('Ctrl Pts',(-8.31674616103634,1.72687136054926,-87.0231084694439));
#3350=CARTESIAN_POINT('Ctrl Pts',(-8.37028414791603,1.89355754843744,-87.1269427064709));
#3351=CARTESIAN_POINT('Ctrl Pts',(-8.40907104766302,2.0434859593331,-87.3016626316422));
#3352=CARTESIAN_POINT('Ctrl Pts',(9.60987747579441,4.2607749650048,-87.0975551548973));
#3353=CARTESIAN_POINT('Ctrl Pts',(9.61153240252189,4.09373427850484,-86.8849329650178));
#3354=CARTESIAN_POINT('Ctrl Pts',(9.60159040518218,3.91112910356376,-86.755825766257));
#3355=CARTESIAN_POINT('Ctrl Pts',(9.57627873138273,3.55875315643787,-86.5379729784316));
#3356=CARTESIAN_POINT('Ctrl Pts',(9.56090905492299,3.38898238425306,-86.4492273893671));
#3357=CARTESIAN_POINT('Ctrl Pts',(9.50665850686371,2.89892167183303,-86.2435330367179));
#3358=CARTESIAN_POINT('Ctrl Pts',(9.36945245865172,1.9570627386961,-86.0056305833582));
#3359=CARTESIAN_POINT('Ctrl Pts',(8.91758783342629,0.0727158442736103,-86.1962347222877));
#3360=CARTESIAN_POINT('Ctrl Pts',(8.25914562867021,-0.356056543263023,-86.4206831759868));
#3361=CARTESIAN_POINT('Ctrl Pts',(5.77207839521855,-2.15233766683828,-85.9966382800142));
#3362=CARTESIAN_POINT('Ctrl Pts',(3.48531558816431,-2.79738781508503,-86.0672231953928));
#3363=CARTESIAN_POINT('Ctrl Pts',(1.37495963665364,-3.18748676980244,-86.2002567522632));
#3364=CARTESIAN_POINT('Ctrl Pts',(-0.767080706716692,-3.31954397911864,
-86.0672240196713));
#3365=CARTESIAN_POINT('Ctrl Pts',(-3.14198279319982,-3.24673654699377,-85.9966349829001));
#3366=CARTESIAN_POINT('Ctrl Pts',(-5.98967911843936,-2.10600551594208,-86.420695540165));
#3367=CARTESIAN_POINT('Ctrl Pts',(-6.73246079946155,-1.84765161720751,-86.1961983166516));
#3368=CARTESIAN_POINT('Ctrl Pts',(-7.62646701760764,-0.131465934485807,
-86.0056812077993));
#3369=CARTESIAN_POINT('Ctrl Pts',(-7.98799447909442,0.754384367832406,-86.2434272507814));
#3370=CARTESIAN_POINT('Ctrl Pts',(-8.15940616839347,1.21882762364692,-86.4490590654733));
#3371=CARTESIAN_POINT('Ctrl Pts',(-8.21542265582563,1.38014354017471,-86.5377953723964));
#3372=CARTESIAN_POINT('Ctrl Pts',(-8.32521414602159,1.71577836907623,-86.7556527236277));
#3373=CARTESIAN_POINT('Ctrl Pts',(-8.37898914878539,1.89009728144994,-86.8847737679359));
#3374=CARTESIAN_POINT('Ctrl Pts',(-8.41724382565222,2.0473227916633,-87.0975551548973));
#3375=CARTESIAN_POINT('',(9.19369976332913,4.28131993933387,-91.7809096312139));
#3376=CARTESIAN_POINT('Ctrl Pts',(9.19369976332913,4.28131993933387,-91.7809096312139));
#3377=CARTESIAN_POINT('Ctrl Pts',(9.17937887833184,4.24277540708574,-91.8554299756379));
#3378=CARTESIAN_POINT('Ctrl Pts',(9.15088021709812,4.1666291079094,-92.0040279610131));
#3379=CARTESIAN_POINT('Ctrl Pts',(9.10702546923189,4.06763205750574,-92.2284728323043));
#3380=CARTESIAN_POINT('Ctrl Pts',(9.0297262824582,3.90199841847979,-92.6220253036783));
#3381=CARTESIAN_POINT('Ctrl Pts',(8.84208847750458,3.5267065181131,-93.5418166847683));
#3382=CARTESIAN_POINT('Ctrl Pts',(8.23714633721915,2.60575397324115,-96.0695386597806));
#3383=CARTESIAN_POINT('Ctrl Pts',(7.16754739664857,2.47561996668887,-98.4421757724059));
#3384=CARTESIAN_POINT('Ctrl Pts',(5.05896344093015,0.183756736350986,-97.9215964667465));
#3385=CARTESIAN_POINT('Ctrl Pts',(2.9144208392277,-0.359141693948782,-98.1428871713918));
#3386=CARTESIAN_POINT('Ctrl Pts',(1.71282283738067,-0.817079770097954,-98.1842409984207));
#3387=CARTESIAN_POINT('Ctrl Pts',(1.09325026576021,-0.893149214283514,-98.1842408637353));
#3388=CARTESIAN_POINT('Ctrl Pts',(9.19369976332913,4.28131993933387,-91.7809096312139));
#3389=CARTESIAN_POINT('Ctrl Pts',(9.21009435624091,4.2814380835691,-91.6461389376348));
#3390=CARTESIAN_POINT('Ctrl Pts',(9.24138225405031,4.2807977690308,-91.3867682970516));
#3391=CARTESIAN_POINT('Ctrl Pts',(9.27901191781608,4.28103240027178,-91.0576940502784));
#3392=CARTESIAN_POINT('Ctrl Pts',(9.340212737932,4.28204055646769,-90.5118049754758));
#3393=CARTESIAN_POINT('Ctrl Pts',(9.42375889005164,4.27467549929363,-89.715482529662));
#3394=CARTESIAN_POINT('Ctrl Pts',(9.49526792003254,4.24729034045043,-88.884732310471));
#3395=CARTESIAN_POINT('Ctrl Pts',(9.54335819574345,4.23519090995077,-88.2468706760692));
#3396=CARTESIAN_POINT('Ctrl Pts',(9.57410056271195,4.23731474686751,-87.7979120255316));
#3397=CARTESIAN_POINT('Ctrl Pts',(9.60220729600293,4.25981883161726,-87.3015182531218));
#3398=CARTESIAN_POINT('Ctrl Pts',(9.60987747579441,4.2607749650048,-87.0975551548973));
#3399=CARTESIAN_POINT('Ctrl Pts',(8.97734643562814,5.6517563137643,-94.6318648358453));
#3400=CARTESIAN_POINT('Ctrl Pts',(8.95544728623799,5.63763415270483,-94.7767323228343));
#3401=CARTESIAN_POINT('Ctrl Pts',(8.93319200871184,5.62169579406534,-94.9211639607873));
#3402=CARTESIAN_POINT('Ctrl Pts',(8.88530522805625,5.58481624211272,-95.2208324576936));
#3403=CARTESIAN_POINT('Ctrl Pts',(8.85967372492681,5.56387504879958,-95.3760693166469));
#3404=CARTESIAN_POINT('Ctrl Pts',(8.77371892313664,5.49149155757923,-95.8755031036159));
#3405=CARTESIAN_POINT('Ctrl Pts',(8.70433533207409,5.4304893483911,-96.2534232417408));
#3406=CARTESIAN_POINT('Ctrl Pts',(8.4599433892791,5.20924307570296,-97.522076496552));
#3407=CARTESIAN_POINT('Ctrl Pts',(7.8606998650514,4.69729364453319,-100.362632498376));
#3408=CARTESIAN_POINT('Ctrl Pts',(6.85250119453489,4.70083951267999,-104.078743412766));
#3409=CARTESIAN_POINT('Ctrl Pts',(4.53537870720598,5.3183814090592,-106.97277864335));
#3410=CARTESIAN_POINT('Ctrl Pts',(2.45625841759594,5.53602555507888,-107.754456114772));
#3411=CARTESIAN_POINT('Ctrl Pts',(0.319022817093794,5.41242150401029,-107.678192082427));
#3412=CARTESIAN_POINT('Ctrl Pts',(-1.78464291453223,5.01544783742796,-107.754451941642));
#3413=CARTESIAN_POINT('Ctrl Pts',(-3.74927990761165,4.30059527782047,-106.972795335867));
#3414=CARTESIAN_POINT('Ctrl Pts',(-5.8484510279517,3.1434510246978,-104.078680815825));
#3415=CARTESIAN_POINT('Ctrl Pts',(-6.82499051165357,2.8879567808322,-100.362816811592));
#3416=CARTESIAN_POINT('Ctrl Pts',(-7.53159134137068,3.25219255374633,-97.5218831415561));
#3417=CARTESIAN_POINT('Ctrl Pts',(-7.82231903667621,3.40842011761255,-96.2532093720322));
#3418=CARTESIAN_POINT('Ctrl Pts',(-7.90435036761388,3.45035674405614,-95.8753034195912));
#3419=CARTESIAN_POINT('Ctrl Pts',(-8.0050805127741,3.4980528414538,-95.3759224470305));
#3420=CARTESIAN_POINT('Ctrl Pts',(-8.0349377526198,3.51141673354173,-95.2207084488604));
#3421=CARTESIAN_POINT('Ctrl Pts',(-8.09013331182803,3.5337950299723,-94.9210951289407));
#3422=CARTESIAN_POINT('Ctrl Pts',(-8.11547163119056,3.54280943431495,-94.7766958071911));
#3423=CARTESIAN_POINT('Ctrl Pts',(-8.14001050527764,3.55000915795692,-94.6318648358453));
#3424=CARTESIAN_POINT('Ctrl Pts',(8.98868366638917,5.61958923828309,-94.5370225722131));
#3425=CARTESIAN_POINT('Ctrl Pts',(8.96652688793494,5.59831550530291,-94.6806268379065));
#3426=CARTESIAN_POINT('Ctrl Pts',(8.94398617527274,5.5772980119344,-94.8257202425455));
#3427=CARTESIAN_POINT('Ctrl Pts',(8.89513990790143,5.53134331272419,-95.129287302551));
#3428=CARTESIAN_POINT('Ctrl Pts',(8.86883435319234,5.5064061068825,-95.2877609579175));
#3429=CARTESIAN_POINT('Ctrl Pts',(8.77977496554825,5.41906663310291,-95.7988552593625));
#3430=CARTESIAN_POINT('Ctrl Pts',(8.7082398017298,5.35031972990659,-96.1810382118388));
#3431=CARTESIAN_POINT('Ctrl Pts',(8.46585351042394,5.11428910600605,-97.4250660524657));
#3432=CARTESIAN_POINT('Ctrl Pts',(7.87237150392514,4.58092600567464,-100.213416797784));
#3433=CARTESIAN_POINT('Ctrl Pts',(6.86828562732942,4.57140449460833,-103.901085590521));
#3434=CARTESIAN_POINT('Ctrl Pts',(4.56636448080315,5.09346749315979,-106.728994152331));
#3435=CARTESIAN_POINT('Ctrl Pts',(2.51796538918912,5.27151320148389,-107.488071809932));
#3436=CARTESIAN_POINT('Ctrl Pts',(0.352285465157318,5.14151805982261,-107.408171611373));
#3437=CARTESIAN_POINT('Ctrl Pts',(-1.78052779791837,4.7438859630382,-107.488066982523));
#3438=CARTESIAN_POINT('Ctrl Pts',(-3.72492463877277,4.07477975898393,-106.729013461968));
#3439=CARTESIAN_POINT('Ctrl Pts',(-5.8324804901996,3.01430052418199,-103.901015165297));
#3440=CARTESIAN_POINT('Ctrl Pts',(-6.80808388820199,2.77146145407646,-100.213624160945));
#3441=CARTESIAN_POINT('Ctrl Pts',(-7.51440290159576,3.15909173594409,-97.424858685889));
#3442=CARTESIAN_POINT('Ctrl Pts',(-7.80683040058639,3.33081048717237,-96.1807903076185));
#3443=CARTESIAN_POINT('Ctrl Pts',(-7.89285365677559,3.38003385418107,-95.7986126742279));
#3444=CARTESIAN_POINT('Ctrl Pts',(-8.00021136251043,3.4414621118353,-95.2875720507446));
#3445=CARTESIAN_POINT('Ctrl Pts',(-8.03168518652206,3.45850046111457,-95.1291224618353));
#3446=CARTESIAN_POINT('Ctrl Pts',(-8.08998574564922,3.48924732895772,-94.8256167871809));
#3447=CARTESIAN_POINT('Ctrl Pts',(-8.11681248076475,3.5029558475216,-94.6805607014359));
#3448=CARTESIAN_POINT('Ctrl Pts',(-8.14330420488418,3.51677227197557,-94.5370008332702));
#3449=CARTESIAN_POINT('Ctrl Pts',(8.99887672038012,5.58798487779501,-94.4484704660086));
#3450=CARTESIAN_POINT('Ctrl Pts',(8.97734959423988,5.56417370366257,-94.5878097038558));
#3451=CARTESIAN_POINT('Ctrl Pts',(8.95408668227553,5.53734215213965,-94.7332907648076));
#3452=CARTESIAN_POINT('Ctrl Pts',(8.90312425046971,5.47898584388243,-95.0406678691586));
#3453=CARTESIAN_POINT('Ctrl Pts',(8.87542473062823,5.44746108714812,-95.2025639125579));
#3454=CARTESIAN_POINT('Ctrl Pts',(8.78422370494475,5.34786833348246,-95.7190715207839));
#3455=CARTESIAN_POINT('Ctrl Pts',(8.7125789621839,5.27080252295593,-96.1035040970956));
#3456=CARTESIAN_POINT('Ctrl Pts',(8.47150397453256,5.02491045159594,-97.3279891978177));
#3457=CARTESIAN_POINT('Ctrl Pts',(7.88479096175473,4.47434774975444,-100.06170888641));
#3458=CARTESIAN_POINT('Ctrl Pts',(6.88214473459726,4.45418478498285,-103.713770425439));
#3459=CARTESIAN_POINT('Ctrl Pts',(4.59495902039982,4.86509750982495,-106.465329428748));
#3460=CARTESIAN_POINT('Ctrl Pts',(2.57035953248108,5.00374569074517,-107.200628307319));
#3461=CARTESIAN_POINT('Ctrl Pts',(0.386679263893929,4.86140237641842,-107.119207100642));
#3462=CARTESIAN_POINT('Ctrl Pts',(-1.76658840348481,4.47141284882395,-107.200622999863));
#3463=CARTESIAN_POINT('Ctrl Pts',(-3.69741547251153,3.84621232464997,-106.465350658574));
#3464=CARTESIAN_POINT('Ctrl Pts',(-5.81758644273362,2.89736777708942,-103.71369521685));
#3465=CARTESIAN_POINT('Ctrl Pts',(-6.79430213092476,2.66457968658901,-100.061930333922));
#3466=CARTESIAN_POINT('Ctrl Pts',(-7.4982866933661,3.07122846231634,-97.3277749398909));
#3467=CARTESIAN_POINT('Ctrl Pts',(-7.79189427231849,3.25346999711112,-96.1032299983643));
#3468=CARTESIAN_POINT('Ctrl Pts',(-7.88003268159123,3.31070336653123,-95.7188038104369));
#3469=CARTESIAN_POINT('Ctrl Pts',(-7.99244049506324,3.38357679134936,-95.2023476387126));
#3470=CARTESIAN_POINT('Ctrl Pts',(-8.02685838122686,3.40664907663644,-95.040476289193));
#3471=CARTESIAN_POINT('Ctrl Pts',(-8.09020058640558,3.44880381904755,-94.7331640066348));
#3472=CARTESIAN_POINT('Ctrl Pts',(-8.1191249054207,3.46788627617159,-94.5877230735961));
#3473=CARTESIAN_POINT('Ctrl Pts',(-8.14560704228106,3.48419776145156,-94.4484318493166));
#3474=CARTESIAN_POINT('Ctrl Pts',(9.02050959613527,5.50561528868636,-94.2389771023676));
#3475=CARTESIAN_POINT('Ctrl Pts',(8.99861102157819,5.47088186135101,-94.3758271201237));
#3476=CARTESIAN_POINT('Ctrl Pts',(8.97434720647329,5.43479156502961,-94.5226298963713));
#3477=CARTESIAN_POINT('Ctrl Pts',(8.92098230515297,5.3603964306943,-94.835788092873));
#3478=CARTESIAN_POINT('Ctrl Pts',(8.89188121893756,5.3220915926804,-95.0021435131271));
#3479=CARTESIAN_POINT('Ctrl Pts',(8.79716186860326,5.20460406051935,-95.530009430434));
#3480=CARTESIAN_POINT('Ctrl Pts',(8.72461781561374,5.11974382711903,-95.9148847789572));
#3481=CARTESIAN_POINT('Ctrl Pts',(8.48398998052227,4.85371649631884,-97.1231953719297));
#3482=CARTESIAN_POINT('Ctrl Pts',(7.91075160584769,4.27587531232157,-99.7545547474865));
#3483=CARTESIAN_POINT('Ctrl Pts',(6.90697496084288,4.23806832840113,-103.324654081019));
#3484=CARTESIAN_POINT('Ctrl Pts',(4.6482993936839,4.40506601084878,-105.900648306531));
#3485=CARTESIAN_POINT('Ctrl Pts',(2.65951145206112,4.46591175892105,-106.58684564227));
#3486=CARTESIAN_POINT('Ctrl Pts',(0.456860086684442,4.28982450882502,-106.505907471518));
#3487=CARTESIAN_POINT('Ctrl Pts',(-1.72298057388485,3.92800912838379,-106.586839666992));
#3488=CARTESIAN_POINT('Ctrl Pts',(-3.63787049789108,3.38685336502892,-105.900672207643));
#3489=CARTESIAN_POINT('Ctrl Pts',(-5.78941308323086,2.68182891303913,-103.324573873078));
#3490=CARTESIAN_POINT('Ctrl Pts',(-6.77142591563182,2.46523649051654,-99.7547909153104));
#3491=CARTESIAN_POINT('Ctrl Pts',(-7.46899873970659,2.90221832857514,-97.1229774999767));
#3492=CARTESIAN_POINT('Ctrl Pts',(-7.76711831503225,3.10481834861244,-95.9145854563783));
#3493=CARTESIAN_POINT('Ctrl Pts',(-7.85804703402218,3.16970320545954,-95.5297072191902));
#3494=CARTESIAN_POINT('Ctrl Pts',(-7.97821710926335,3.25927301059925,-95.0018871533699));
#3495=CARTESIAN_POINT('Ctrl Pts',(-8.01563833023412,3.28861498845522,-94.8355555155698));
#3496=CARTESIAN_POINT('Ctrl Pts',(-8.08518128358453,3.34565068311634,-94.5224651783793));
#3497=CARTESIAN_POINT('Ctrl Pts',(-8.11730301596417,3.37334439992151,-94.3757064789889));
#3498=CARTESIAN_POINT('Ctrl Pts',(-8.14676073052898,3.39990447953315,-94.2389123338682));
#3499=CARTESIAN_POINT('Ctrl Pts',(9.03194941789945,5.45485006006578,-94.118035844931));
#3500=CARTESIAN_POINT('Ctrl Pts',(9.00977158788436,5.41569504531026,-94.2539143055673));
#3501=CARTESIAN_POINT('Ctrl Pts',(8.98504244695316,5.37646315679555,-94.4022088478445));
#3502=CARTESIAN_POINT('Ctrl Pts',(8.93062507151848,5.29699941138862,-94.7199894256234));
#3503=CARTESIAN_POINT('Ctrl Pts',(8.900936837015,5.2567675544964,-94.889475461125));
#3504=CARTESIAN_POINT('Ctrl Pts',(8.80464878553597,5.13330269996485,-95.4242598023796));
#3505=CARTESIAN_POINT('Ctrl Pts',(8.73129651039122,5.04732433436797,-95.8129804022229));
#3506=CARTESIAN_POINT('Ctrl Pts',(8.49082552240335,4.77190119545184,-97.0154784006897));
#3507=CARTESIAN_POINT('Ctrl Pts',(7.92429279211107,4.18398113080891,-99.5991085199383));
#3508=CARTESIAN_POINT('Ctrl Pts',(6.91794607982066,4.13917158144491,-103.122852901681));
#3509=CARTESIAN_POINT('Ctrl Pts',(4.6730452273713,4.17340449520746,-105.599631907897));
#3510=CARTESIAN_POINT('Ctrl Pts',(2.6962692283492,4.19584533783565,-106.260506479833));
#3511=CARTESIAN_POINT('Ctrl Pts',(0.492647110738344,3.99836232463581,-106.181572353125));
#3512=CARTESIAN_POINT('Ctrl Pts',(-1.69331213871845,3.65707852215789,-106.260500316781));
#3513=CARTESIAN_POINT('Ctrl Pts',(-3.60583468953187,3.15606183974183,-105.599656560104));
#3514=CARTESIAN_POINT('Ctrl Pts',(-5.77613377119408,2.58322279608142,-103.122772477754));
#3515=CARTESIAN_POINT('Ctrl Pts',(-6.76233145761613,2.37277506193152,-99.5993453237226));
#3516=CARTESIAN_POINT('Ctrl Pts',(-7.45582699427674,2.8210714684617,-97.0152638060605));
#3517=CARTESIAN_POINT('Ctrl Pts',(-7.75608497259303,3.03299357763518,-95.8126792834791));
#3518=CARTESIAN_POINT('Ctrl Pts',(-7.84808519764728,3.09892811380732,-95.4239509379843));
#3519=CARTESIAN_POINT('Ctrl Pts',(-7.97123528047856,3.19403138753162,-94.8892090180106));
#3520=CARTESIAN_POINT('Ctrl Pts',(-8.0096937555329,3.22511406840148,-94.7197463719832));
#3521=CARTESIAN_POINT('Ctrl Pts',(-8.08148379890999,3.28681005661277,-94.4020337487111));
#3522=CARTESIAN_POINT('Ctrl Pts',(-8.11481536723274,3.3174233639542,-94.2537837714663));
#3523=CARTESIAN_POINT('Ctrl Pts',(-8.14561158138001,3.34818570813877,-94.1179618023735));
#3524=CARTESIAN_POINT('Ctrl Pts',(9.06813903485187,5.2738130720053,-93.7066283457732));
#3525=CARTESIAN_POINT('Ctrl Pts',(9.04378649713574,5.23297680923365,-93.8587678525789));
#3526=CARTESIAN_POINT('Ctrl Pts',(9.01702668425066,5.19063389243663,-94.0204540955519));
#3527=CARTESIAN_POINT('Ctrl Pts',(8.95915735087063,5.10344285801044,-94.3591076635332));
#3528=CARTESIAN_POINT('Ctrl Pts',(8.92804783037569,5.05859474038127,-94.5360749885414));
#3529=CARTESIAN_POINT('Ctrl Pts',(8.82889197156816,4.92105474707348,-95.0841800011695));
#3530=CARTESIAN_POINT('Ctrl Pts',(8.75501833593285,4.82536723097454,-95.4725207263925));
#3531=CARTESIAN_POINT('Ctrl Pts',(8.51566635247263,4.53241940761977,-96.6606063688787));
#3532=CARTESIAN_POINT('Ctrl Pts',(7.96603807933498,3.92298266067844,-99.1290315211196));
#3533=CARTESIAN_POINT('Ctrl Pts',(6.94797144846398,3.86080430324548,-102.502963349411));
#3534=CARTESIAN_POINT('Ctrl Pts',(4.74291031270727,3.47891355367033,-104.644168384538));
#3535=CARTESIAN_POINT('Ctrl Pts',(2.78757194110544,3.38851481497072,-105.227979606375));
#3536=CARTESIAN_POINT('Ctrl Pts',(0.600794406832663,3.11757298736268,-105.159287293987));
#3537=CARTESIAN_POINT('Ctrl Pts',(-1.58659254447982,2.85164794691882,-105.227973234125));
#3538=CARTESIAN_POINT('Ctrl Pts',(-3.50560903042749,2.46527073751341,-104.644193873537));
#3539=CARTESIAN_POINT('Ctrl Pts',(-5.73791057051288,2.30573107534313,-102.502886844903));
#3540=CARTESIAN_POINT('Ctrl Pts',(-6.73973538283056,2.10981111507891,-99.1292567843946));
#3541=CARTESIAN_POINT('Ctrl Pts',(-7.42192845175079,2.58206749614082,-96.6604107515507));
#3542=CARTESIAN_POINT('Ctrl Pts',(-7.72536920765984,2.8115406872568,-95.4722302142644));
#3543=CARTESIAN_POINT('Ctrl Pts',(-7.82024016320435,2.88692258439295,-95.083877115025));
#3544=CARTESIAN_POINT('Ctrl Pts',(-7.94960651007863,2.99526174193656,-94.5358062627344));
#3545=CARTESIAN_POINT('Ctrl Pts',(-7.99057194462964,3.03058584642433,-94.358859111399));
#3546=CARTESIAN_POINT('Ctrl Pts',(-8.06760176128339,3.09914450296183,-94.0202674370485));
#3547=CARTESIAN_POINT('Ctrl Pts',(-8.10366614338612,3.13237905501158,-93.8586229140334));
#3548=CARTESIAN_POINT('Ctrl Pts',(-8.13698615411433,3.16431300265007,-93.7065378865773));
#3549=CARTESIAN_POINT('Ctrl Pts',(9.10630508795957,5.00622329907146,-93.1639886586012));
#3550=CARTESIAN_POINT('Ctrl Pts',(9.08084918783713,4.96721444906919,-93.3279955479084));
#3551=CARTESIAN_POINT('Ctrl Pts',(9.05345775389397,4.92495106910358,-93.4974494029357));
#3552=CARTESIAN_POINT('Ctrl Pts',(8.99505658957489,4.83559173926537,-93.8453603860933));
#3553=CARTESIAN_POINT('Ctrl Pts',(8.964046859199,4.78849578939276,-94.0238175142237));
#3554=CARTESIAN_POINT('Ctrl Pts',(8.86596938023532,4.64247381994396,-94.5698578207641));
#3555=CARTESIAN_POINT('Ctrl Pts',(8.79385334381154,4.53881368053679,-94.9481099213234));
#3556=CARTESIAN_POINT('Ctrl Pts',(8.56034533770108,4.2290146632275,-96.1028540115548));
#3557=CARTESIAN_POINT('Ctrl Pts',(8.02468973812361,3.6141422322579,-98.4922933462317));
#3558=CARTESIAN_POINT('Ctrl Pts',(6.98030397121495,3.53850916609759,-101.637814575037));
#3559=CARTESIAN_POINT('Ctrl Pts',(4.82440398455187,2.55424191265239,-103.230445480175));
#3560=CARTESIAN_POINT('Ctrl Pts',(2.85872058182576,2.31972409219413,-103.708585412032));
#3561=CARTESIAN_POINT('Ctrl Pts',(0.747087398778724,1.92611311178386,-103.664828004581));
#3562=CARTESIAN_POINT('Ctrl Pts',(-1.3970616488565,1.7973704957697,-103.708579705183));
#3563=CARTESIAN_POINT('Ctrl Pts',(-3.36099286088361,1.54843853089649,-103.230468307571));
#3564=CARTESIAN_POINT('Ctrl Pts',(-5.69125226408246,1.9846131280517,-101.637755476094));
#3565=CARTESIAN_POINT('Ctrl Pts',(-6.72210674781386,1.79764675634857,-98.4924673597851));
#3566=CARTESIAN_POINT('Ctrl Pts',(-7.39170824508585,2.27522648776489,-96.1027080848404));
#3567=CARTESIAN_POINT('Ctrl Pts',(-7.6934726424983,2.52167516985807,-94.9478930060065));
#3568=CARTESIAN_POINT('Ctrl Pts',(-7.78855471643187,2.60510119995331,-94.5696320728351));
#3569=CARTESIAN_POINT('Ctrl Pts',(-7.91894605875715,2.72211614409742,-94.0236203245045));
#3570=CARTESIAN_POINT('Ctrl Pts',(-7.9603712114364,2.75976710864566,-93.845179683632));
#3571=CARTESIAN_POINT('Ctrl Pts',(-8.03848214714168,2.83068786989341,-93.4973188709903));
#3572=CARTESIAN_POINT('Ctrl Pts',(-8.07516793016772,2.86395766659291,-93.3278986992211));
#3573=CARTESIAN_POINT('Ctrl Pts',(-8.10915297163637,2.89420031227678,-93.1639357213174));
#3574=CARTESIAN_POINT('Ctrl Pts',(9.15660506590621,4.6772018317001,-92.4827681385953));
#3575=CARTESIAN_POINT('Ctrl Pts',(9.13055530957749,4.64143627006611,-92.6559961319554));
#3576=CARTESIAN_POINT('Ctrl Pts',(9.10317511048289,4.60032342789903,-92.8297645817128));
#3577=CARTESIAN_POINT('Ctrl Pts',(9.04563199708402,4.51033332480414,-93.1793283176235));
#3578=CARTESIAN_POINT('Ctrl Pts',(9.01546908277976,4.46145606387633,-93.3551236037768));
#3579=CARTESIAN_POINT('Ctrl Pts',(8.92062352253566,4.30757286640997,-93.8869686022326));
#3580=CARTESIAN_POINT('Ctrl Pts',(8.85158405926457,4.19531551518852,-94.2474774545312));
#3581=CARTESIAN_POINT('Ctrl Pts',(8.62557644399195,3.86469951045799,-95.3581916546272));
#3582=CARTESIAN_POINT('Ctrl Pts',(8.09800431160942,3.22809169673223,-97.6963706276217));
#3583=CARTESIAN_POINT('Ctrl Pts',(7.02071962465365,3.13564024466272,-100.556378607069));
#3584=CARTESIAN_POINT('Ctrl Pts',(4.91579687801769,1.47410511524639,-101.162038801596));
#3585=CARTESIAN_POINT('Ctrl Pts',(2.88097140064388,1.08708870348143,-101.517068142584));
#3586=CARTESIAN_POINT('Ctrl Pts',(0.917813611017744,0.535662588900719,-101.518571966899));
#3587=CARTESIAN_POINT('Ctrl Pts',(-1.12044306919547,0.595898390838385,-101.517064504497));
#3588=CARTESIAN_POINT('Ctrl Pts',(-3.1883908103776,0.478549564345225,-101.162053353945));
#3589=CARTESIAN_POINT('Ctrl Pts',(-5.63292938104442,1.58321569393741,-100.556341265083));
#3590=CARTESIAN_POINT('Ctrl Pts',(-6.700070954043,1.40744130793567,-97.6964805790238));
#3591=CARTESIAN_POINT('Ctrl Pts',(-7.36668153979623,1.90419234776358,-95.3580990551861));
#3592=CARTESIAN_POINT('Ctrl Pts',(-7.66610950573735,2.17174806412247,-94.2473413232029));
#3593=CARTESIAN_POINT('Ctrl Pts',(-7.76027260656182,2.26413000231627,-93.8868275841979));
#3594=CARTESIAN_POINT('Ctrl Pts',(-7.88945992471805,2.38984176931869,-93.3550024402133));
#3595=CARTESIAN_POINT('Ctrl Pts',(-7.93051280859005,2.42960216827145,-93.1792183029723));
#3596=CARTESIAN_POINT('Ctrl Pts',(-8.0080014650828,2.50189322118097,-92.8296880511711));
#3597=CARTESIAN_POINT('Ctrl Pts',(-8.04443723770355,2.53442387513773,-92.6559419366109));
#3598=CARTESIAN_POINT('Ctrl Pts',(-8.07826545458647,2.56186830747986,-92.4827429339776));
#3599=CARTESIAN_POINT('Ctrl Pts',(9.17778278837067,4.4821216663506,-92.1223461883359));
#3600=CARTESIAN_POINT('Ctrl Pts',(9.15401084400665,4.45100063775653,-92.2825463959508));
#3601=CARTESIAN_POINT('Ctrl Pts',(9.12950944673543,4.41166625779527,-92.4364581225781));
#3602=CARTESIAN_POINT('Ctrl Pts',(9.0778091784543,4.32267511089537,-92.7441150307684));
#3603=CARTESIAN_POINT('Ctrl Pts',(9.05061030744437,4.27301834395673,-92.8978602123314));
#3604=CARTESIAN_POINT('Ctrl Pts',(8.96310963192003,4.11772093631029,-93.3774615647897));
#3605=CARTESIAN_POINT('Ctrl Pts',(8.89690376491105,4.00575318877195,-93.7216835434543));
#3606=CARTESIAN_POINT('Ctrl Pts',(8.67703018892173,3.66633463588854,-94.7907757258078));
#3607=CARTESIAN_POINT('Ctrl Pts',(8.1522591370936,2.9734362890482,-97.0746650759531));
#3608=CARTESIAN_POINT('Ctrl Pts',(7.07035066404896,2.86691782643664,-99.7387128914263));
#3609=CARTESIAN_POINT('Ctrl Pts',(4.97432308457002,0.892674699122054,-99.8071100335054));
#3610=CARTESIAN_POINT('Ctrl Pts',(2.89121725638469,0.431918962362326,-100.099638865496));
#3611=CARTESIAN_POINT('Ctrl Pts',(1.00696464163911,-0.190412481281324,-100.128293722836));
#3612=CARTESIAN_POINT('Ctrl Pts',(-0.971880323498474,-0.0423313643316875,
-100.099636519603));
#3613=CARTESIAN_POINT('Ctrl Pts',(-3.10453562743574,-0.0995980739362092,
-99.8071194170767));
#3614=CARTESIAN_POINT('Ctrl Pts',(-5.6160362998919,1.31008646949638,-99.738687130023));
#3615=CARTESIAN_POINT('Ctrl Pts',(-6.69122534031111,1.14835011626591,-97.0747409289737));
#3616=CARTESIAN_POINT('Ctrl Pts',(-7.36853072308385,1.69843803925589,-94.7907083959772));
#3617=CARTESIAN_POINT('Ctrl Pts',(-7.66408584525712,1.9755363224634,-93.7215873013373));
#3618=CARTESIAN_POINT('Ctrl Pts',(-7.75542129111269,2.06824480381798,-93.3773627984337));
#3619=CARTESIAN_POINT('Ctrl Pts',(-7.87784198357389,2.19727707111502,-92.897776106422));
#3620=CARTESIAN_POINT('Ctrl Pts',(-7.91621846834059,2.23861608442489,-92.744038886142));
#3621=CARTESIAN_POINT('Ctrl Pts',(-7.98782851227312,2.31166012834702,-92.4364061060235));
#3622=CARTESIAN_POINT('Ctrl Pts',(-8.02106207143894,2.34336515895928,-92.2825105461849));
#3623=CARTESIAN_POINT('Ctrl Pts',(-8.05158311772425,2.36710794932974,-92.1223316363972));
#3624=CARTESIAN_POINT('Ctrl Pts',(9.186137881687,4.38974162949892,-91.9600251633575));
#3625=CARTESIAN_POINT('Ctrl Pts',(9.16477281542599,4.36232535602262,-92.1047886810143));
#3626=CARTESIAN_POINT('Ctrl Pts',(9.1429027821682,4.32501176155803,-92.2404739758936));
#3627=CARTESIAN_POINT('Ctrl Pts',(9.09552534991034,4.23756620394779,-92.5164709622276));
#3628=CARTESIAN_POINT('Ctrl Pts',(9.0701248958429,4.18779585861324,-92.6563743796393));
#3629=CARTESIAN_POINT('Ctrl Pts',(8.98646177708945,4.03240483289729,-93.1084247961777));
#3630=CARTESIAN_POINT('Ctrl Pts',(8.92165844070919,3.91737324778475,-93.4407152426808));
#3631=CARTESIAN_POINT('Ctrl Pts',(8.70489481112511,3.56631611128174,-94.4799358763023));
#3632=CARTESIAN_POINT('Ctrl Pts',(8.18195307018387,2.84035231361402,-96.7277743199931));
#3633=CARTESIAN_POINT('Ctrl Pts',(7.10151159557963,2.7258063509823,-99.2876789998898));
#3634=CARTESIAN_POINT('Ctrl Pts',(5.00490158782715,0.615783553369714,-99.1124714485291));
#3635=CARTESIAN_POINT('Ctrl Pts',(2.89806471219566,0.121561226776479,-99.3762547928412));
#3636=CARTESIAN_POINT('Ctrl Pts',(1.0486742338078,-0.530108992545024,-99.4179552676623));
#3637=CARTESIAN_POINT('Ctrl Pts',(-0.903439987179824,-0.345146916557234,
-99.3762530593921));
#3638=CARTESIAN_POINT('Ctrl Pts',(-3.06722824175186,-0.37558113110409,-99.1124783823259));
#3639=CARTESIAN_POINT('Ctrl Pts',(-5.61211492148322,1.16544916628275,-99.2876586603796));
#3640=CARTESIAN_POINT('Ctrl Pts',(-6.68789649907781,1.01256253977553,-96.7278342085508));
#3641=CARTESIAN_POINT('Ctrl Pts',(-7.37133024755686,1.59426063700696,-94.4798803276016));
#3642=CARTESIAN_POINT('Ctrl Pts',(-7.66665956315707,1.88317631530597,-93.4406376855643));
#3643=CARTESIAN_POINT('Ctrl Pts',(-7.75737140858392,1.97915931301952,-93.1083458546248));
#3644=CARTESIAN_POINT('Ctrl Pts',(-7.87609616679132,2.10925836869171,-92.6563086573139));
#3645=CARTESIAN_POINT('Ctrl Pts',(-7.91275977908102,2.15118702059046,-92.5164118570724));
#3646=CARTESIAN_POINT('Ctrl Pts',(-7.97981627046475,2.22391834776722,-92.2404347210065));
#3647=CARTESIAN_POINT('Ctrl Pts',(-8.01001820729738,2.25439897094527,-92.1047625697804));
#3648=CARTESIAN_POINT('Ctrl Pts',(-8.03732142104792,2.27526118357229,-91.9600163545432));
#3649=CARTESIAN_POINT('Ctrl Pts',(9.18834602570033,4.36319389467048,-91.9143478644987));
#3650=CARTESIAN_POINT('Ctrl Pts',(9.16830402872771,4.33382147148671,-92.0464667961746));
#3651=CARTESIAN_POINT('Ctrl Pts',(9.14740492186355,4.29740594428139,-92.1752574408126));
#3652=CARTESIAN_POINT('Ctrl Pts',(9.1017020038575,4.21064993496639,-92.4389167018617));
#3653=CARTESIAN_POINT('Ctrl Pts',(9.07672348343923,4.16172048802283,-92.5767859251454));
#3654=CARTESIAN_POINT('Ctrl Pts',(8.9945973405588,4.00556777536576,-93.0163653316586));
#3655=CARTESIAN_POINT('Ctrl Pts',(8.93025913647105,3.88898013782587,-93.3440472515505));
#3656=CARTESIAN_POINT('Ctrl Pts',(8.71453931014932,3.53283725519245,-94.3718006122845));
#3657=CARTESIAN_POINT('Ctrl Pts',(8.19227880127198,2.7950316098706,-96.6061377379855));
#3658=CARTESIAN_POINT('Ctrl Pts',(7.11295614139536,2.67764414810731,-99.1303008637584));
#3659=CARTESIAN_POINT('Ctrl Pts',(5.01531365557635,0.525790515170572,-98.8780628867153));
#3660=CARTESIAN_POINT('Ctrl Pts',(2.90063461878941,0.020979837410147,-99.1326818629381));
#3661=CARTESIAN_POINT('Ctrl Pts',(1.06209977734036,-0.63945099232837,-99.1786425604143));
#3662=CARTESIAN_POINT('Ctrl Pts',(-0.881600047828582,-0.443368879739169,
-99.1326803280279));
#3663=CARTESIAN_POINT('Ctrl Pts',(-3.05556248082174,-0.465393689831245,
-98.8780690263561));
#3664=CARTESIAN_POINT('Ctrl Pts',(-5.61156198904158,1.11589128337935,-99.1302822701463));
#3665=CARTESIAN_POINT('Ctrl Pts',(-6.68696921293882,0.966259684169491,-96.6061924858435));
#3666=CARTESIAN_POINT('Ctrl Pts',(-7.37257591118607,1.55931812825813,-94.3717488483479));
#3667=CARTESIAN_POINT('Ctrl Pts',(-7.6681150604804,1.85334729019884,-93.3439757128333));
#3668=CARTESIAN_POINT('Ctrl Pts',(-7.75875074360697,1.95094033416181,-93.016292781534));
#3669=CARTESIAN_POINT('Ctrl Pts',(-7.87617061470477,2.08217094915474,-92.5767259679216));
#3670=CARTESIAN_POINT('Ctrl Pts',(-7.91222162947203,2.12338799566046,-92.4388632939402));
#3671=CARTESIAN_POINT('Ctrl Pts',(-7.97749122896138,2.19590021521349,-92.1752225239271));
#3672=CARTESIAN_POINT('Ctrl Pts',(-8.00653714282519,2.22577607554187,-92.0464440611745));
#3673=CARTESIAN_POINT('Ctrl Pts',(-8.03303524884616,2.24890820152657,-91.9143408625812));
#3674=CARTESIAN_POINT('Ctrl Pts',(9.19160853954277,4.31858964659119,-91.8398526857157));
#3675=CARTESIAN_POINT('Ctrl Pts',(9.17470419556106,4.28481745839697,-91.9413667262791));
#3676=CARTESIAN_POINT('Ctrl Pts',(9.15651509974127,4.24787888928295,-92.0483811750492));
#3677=CARTESIAN_POINT('Ctrl Pts',(9.1148267777678,4.16091158335275,-92.2800572437357));
#3678=CARTESIAN_POINT('Ctrl Pts',(9.09098979110261,4.11175478522689,-92.4088060111081));
#3679=CARTESIAN_POINT('Ctrl Pts',(9.01160301827288,3.95323878951427,-92.8251257247323));
#3680=CARTESIAN_POINT('Ctrl Pts',(8.94817741927419,3.83283399059245,-93.1427700824915));
#3681=CARTESIAN_POINT('Ctrl Pts',(8.73455509747935,3.46489971554472,-94.1453146559972));
#3682=CARTESIAN_POINT('Ctrl Pts',(8.21392835469473,2.70215165232015,-96.3488498039214));
#3683=CARTESIAN_POINT('Ctrl Pts',(7.1383128931841,2.57869463878015,-98.7991330783841));
#3684=CARTESIAN_POINT('Ctrl Pts',(5.03669297799654,0.350865034862775,-98.4038221282037));
#3685=CARTESIAN_POINT('Ctrl Pts',(2.9067229358236,-0.173914137505346,-98.641049033727));
#3686=CARTESIAN_POINT('Ctrl Pts',(1.08788692218787,-0.849469903413288,-98.6952653854988));
#3687=CARTESIAN_POINT('Ctrl Pts',(-0.840357120666033,-0.633959074195201,
-98.6410478776531));
#3688=CARTESIAN_POINT('Ctrl Pts',(-3.03399367165053,-0.640245252456063,
-98.4038267524997));
#3689=CARTESIAN_POINT('Ctrl Pts',(-5.61221590944571,1.0136361377419,-98.7991178333021));
#3690=CARTESIAN_POINT('Ctrl Pts',(-6.68554007174022,0.871226536035823,-96.3488946922183));
#3691=CARTESIAN_POINT('Ctrl Pts',(-7.37553622690181,1.48831448188813,-94.1452702216054));
#3692=CARTESIAN_POINT('Ctrl Pts',(-7.67187696637442,1.79414132706172,-93.1427104454578));
#3693=CARTESIAN_POINT('Ctrl Pts',(-7.76254765651392,1.89563075416083,-92.825065929935));
#3694=CARTESIAN_POINT('Ctrl Pts',(-7.87788320778929,2.02983577425768,-92.4087582453537));
#3695=CARTESIAN_POINT('Ctrl Pts',(-7.9128833108921,2.07156592753134,-92.2800155319438));
#3696=CARTESIAN_POINT('Ctrl Pts',(-7.97431808896273,2.14534418254032,-92.0483552332955));
#3697=CARTESIAN_POINT('Ctrl Pts',(-8.00086815181731,2.17645118279901,-91.9413509051735));
#3698=CARTESIAN_POINT('Ctrl Pts',(-8.02539835782337,2.20472745051529,-91.8398490826358));
#3699=CARTESIAN_POINT('Ctrl Pts',(9.19266290937188,4.30053313334033,-91.8110348057916));
#3700=CARTESIAN_POINT('Ctrl Pts',(9.17627984112803,4.26472977976533,-91.9056328972837));
#3701=CARTESIAN_POINT('Ctrl Pts',(9.1612748125219,4.22654721131639,-91.9870457679678));
#3702=CARTESIAN_POINT('Ctrl Pts',(9.12205050760856,4.1387575551132,-92.1982054250387));
#3703=CARTESIAN_POINT('Ctrl Pts',(9.09884268801377,4.08914727450911,-92.3195750854307));
#3704=CARTESIAN_POINT('Ctrl Pts',(9.02047313251762,3.92774686119431,-92.7259455823251));
#3705=CARTESIAN_POINT('Ctrl Pts',(8.95749500631546,3.80508095331792,-93.0381609045628));
#3706=CARTESIAN_POINT('Ctrl Pts',(8.74492638578517,3.43044103198628,-94.0269639637278));
#3707=CARTESIAN_POINT('Ctrl Pts',(8.22525217702936,2.65459239851311,-96.213198451865));
#3708=CARTESIAN_POINT('Ctrl Pts',(7.15222509915711,2.52790733232798,-98.6253434291412));
#3709=CARTESIAN_POINT('Ctrl Pts',(5.04766023266753,0.265932592754122,-98.1639899315061));
#3710=CARTESIAN_POINT('Ctrl Pts',(2.91024134626402,-0.268226723054508,-98.3929891344192));
#3711=CARTESIAN_POINT('Ctrl Pts',(1.10024852350282,-0.950146814714859,-98.4512009178315));
#3712=CARTESIAN_POINT('Ctrl Pts',(-0.820954132854726,-0.7263273054693,-98.3929881586425));
#3713=CARTESIAN_POINT('Ctrl Pts',(-3.02409062340943,-0.725284256353725,
-98.163993834613));
#3714=CARTESIAN_POINT('Ctrl Pts',(-5.61342276229146,0.960938875007846,-98.6253297866913));
#3715=CARTESIAN_POINT('Ctrl Pts',(-6.6850382166806,0.822496243508199,-96.2132386213005));
#3716=CARTESIAN_POINT('Ctrl Pts',(-7.37725087898836,1.45225334426695,-94.0269230741166));
#3717=CARTESIAN_POINT('Ctrl Pts',(-7.67418337494511,1.76476438903172,-93.0381071508131));
#3718=CARTESIAN_POINT('Ctrl Pts',(-7.76496523439783,1.86854015301755,-92.7258921514267));
#3719=CARTESIAN_POINT('Ctrl Pts',(-7.88001066408323,2.00578118023262,-92.3195339507795));
#3720=CARTESIAN_POINT('Ctrl Pts',(-7.91451261224879,2.04812852584084,-92.1981695876857));
#3721=CARTESIAN_POINT('Ctrl Pts',(-7.97376058648079,2.12334926730474,-91.9870242321119));
#3722=CARTESIAN_POINT('Ctrl Pts',(-7.99752845815038,2.15649417958472,-91.9056196467199));
#3723=CARTESIAN_POINT('Ctrl Pts',(-8.02204763900232,2.18689968154974,-91.8110327946525));
#3724=CARTESIAN_POINT('Ctrl Pts',(9.19369976332913,4.28131993933387,-91.7809096312139));
#3725=CARTESIAN_POINT('Ctrl Pts',(9.17937887833184,4.24277540708574,-91.8554299756379));
#3726=CARTESIAN_POINT('Ctrl Pts',(9.16512954771498,4.20470225749757,-91.9297289683255));
#3727=CARTESIAN_POINT('Ctrl Pts',(9.128952843165,4.11713058270756,-92.1162503966587));
#3728=CARTESIAN_POINT('Ctrl Pts',(9.10702546923189,4.06763205750574,-92.2284728323043));
#3729=CARTESIAN_POINT('Ctrl Pts',(9.0297262824582,3.90199841847979,-92.6220253036783));
#3730=CARTESIAN_POINT('Ctrl Pts',(8.96718034747366,3.77690111835756,-92.9286224307083));
#3731=CARTESIAN_POINT('Ctrl Pts',(8.75566817174951,3.39514186884568,-93.9029198240559));
#3732=CARTESIAN_POINT('Ctrl Pts',(8.23714633721915,2.60575397324115,-96.0695386597806));
#3733=CARTESIAN_POINT('Ctrl Pts',(7.16754739664857,2.47561996668887,-98.4421757724059));
#3734=CARTESIAN_POINT('Ctrl Pts',(5.05896344093015,0.183756736350986,-97.9215964667465));
#3735=CARTESIAN_POINT('Ctrl Pts',(2.9144208392277,-0.359141693948782,-98.1428871713918));
#3736=CARTESIAN_POINT('Ctrl Pts',(1.11202383645716,-1.04604880817254,-98.2049179119351));
#3737=CARTESIAN_POINT('Ctrl Pts',(-0.803014590495047,-0.815558359062145,
-98.1428863632796));
#3738=CARTESIAN_POINT('Ctrl Pts',(-3.01518025355953,-0.807731499084036,
-97.9215996991955));
#3739=CARTESIAN_POINT('Ctrl Pts',(-5.61563520673002,0.906447680941988,-98.442163650722));
#3740=CARTESIAN_POINT('Ctrl Pts',(-6.6847794650949,0.77237884416824,-96.0695743514054));
#3741=CARTESIAN_POINT('Ctrl Pts',(-7.37912203072737,1.41529028577259,-93.9028823815212));
#3742=CARTESIAN_POINT('Ctrl Pts',(-7.67674310340647,1.7348818941335,-92.9285746350616));
#3743=CARTESIAN_POINT('Ctrl Pts',(-7.76769175927665,1.84110174484692,-92.6219784259888));
#3744=CARTESIAN_POINT('Ctrl Pts',(-7.88272218696683,1.98270406465886,-92.228438406427));
#3745=CARTESIAN_POINT('Ctrl Pts',(-7.91595491818415,2.02525493866894,-92.1162212015261));
#3746=CARTESIAN_POINT('Ctrl Pts',(-7.97219889125997,2.10105688816796,-91.9297123949639));
#3747=CARTESIAN_POINT('Ctrl Pts',(-7.99521013311848,2.13430796365691,-91.8554207933026));
#3748=CARTESIAN_POINT('Ctrl Pts',(-8.01839864901057,2.16793999355719,-91.780909631214));
#3749=CARTESIAN_POINT('',(8.97734643562814,5.6517563137643,-94.6318648358453));
#3750=CARTESIAN_POINT('Ctrl Pts',(8.97734643562814,5.6517563137643,-94.6318648358453));
#3751=CARTESIAN_POINT('Ctrl Pts',(8.93354813684784,5.62351199164536,-94.9215998098233));
#3752=CARTESIAN_POINT('Ctrl Pts',(8.84310251419925,5.55249376676732,-95.4975829654912));
#3753=CARTESIAN_POINT('Ctrl Pts',(8.70433533207409,5.4304893483911,-96.2534232417408));
#3754=CARTESIAN_POINT('Ctrl Pts',(8.4599433892791,5.20924307570296,-97.522076496552));
#3755=CARTESIAN_POINT('Ctrl Pts',(7.8606998650514,4.69729364453319,-100.362632498376));
#3756=CARTESIAN_POINT('Ctrl Pts',(6.85250119453489,4.70083951267999,-104.078743412766));
#3757=CARTESIAN_POINT('Ctrl Pts',(4.53537870720598,5.3183814090592,-106.97277864335));
#3758=CARTESIAN_POINT('Ctrl Pts',(2.45625841759594,5.53602555507888,-107.754456114772));
#3759=CARTESIAN_POINT('Ctrl Pts',(1.03143468392784,5.45362285436649,-107.703613426542));
#3760=CARTESIAN_POINT('Ctrl Pts',(0.324617795239814,5.36685990142467,-107.70361273102));
#3761=CARTESIAN_POINT('Ctrl Pts',(8.97734643562814,5.6517563137643,-94.6318648358453));
#3762=CARTESIAN_POINT('Ctrl Pts',(8.98868366638917,5.61958923828309,-94.5370225722131));
#3763=CARTESIAN_POINT('Ctrl Pts',(9.00906977437107,5.55638051730693,-94.3599183598041));
#3764=CARTESIAN_POINT('Ctrl Pts',(9.03194941789945,5.45485006006578,-94.118035844931));
#3765=CARTESIAN_POINT('Ctrl Pts',(9.06813903485187,5.2738130720053,-93.7066283457732));
#3766=CARTESIAN_POINT('Ctrl Pts',(9.10630508795958,5.00622329907146,-93.1639886586012));
#3767=CARTESIAN_POINT('Ctrl Pts',(9.15660506590621,4.6772018317001,-92.4827681385952));
#3768=CARTESIAN_POINT('Ctrl Pts',(9.17778278837067,4.4821216663506,-92.1223461883359));
#3769=CARTESIAN_POINT('Ctrl Pts',(9.186137881687,4.38974162949892,-91.9600251633575));
#3770=CARTESIAN_POINT('Ctrl Pts',(9.19055416971366,4.33664615984204,-91.8686705656399));
#3771=CARTESIAN_POINT('Ctrl Pts',(9.19266290937188,4.30053313334033,-91.8110348057916));
#3772=CARTESIAN_POINT('Ctrl Pts',(9.19369976332913,4.28131993933387,-91.7809096312139));
#3773=CARTESIAN_POINT('Ctrl Pts',(9.19369976332913,4.28131993933387,-91.7809096312139));
#3774=CARTESIAN_POINT('Ctrl Pts',(9.21009435624091,4.2814380835691,-91.6461389376348));
#3775=CARTESIAN_POINT('Ctrl Pts',(9.22573830514561,4.28111792629995,-91.5164536173432));
#3776=CARTESIAN_POINT('Ctrl Pts',(9.26019708593319,4.28091508465129,-91.222231173665));
#3777=CARTESIAN_POINT('Ctrl Pts',(9.27901191781608,4.28103240027178,-91.0576940502784));
#3778=CARTESIAN_POINT('Ctrl Pts',(9.340212737932,4.28204055646769,-90.5118049754758));
#3779=CARTESIAN_POINT('Ctrl Pts',(9.38198581399182,4.27835802788066,-90.1136437525689));
#3780=CARTESIAN_POINT('Ctrl Pts',(9.45951340504209,4.26098291987204,-89.3001074200665));
#3781=CARTESIAN_POINT('Ctrl Pts',(9.49526792003254,4.24729034045043,-88.884732310471));
#3782=CARTESIAN_POINT('Ctrl Pts',(9.54335819574345,4.23519090995077,-88.2468706760692));
#3783=CARTESIAN_POINT('Ctrl Pts',(9.5587293792277,4.23625282840914,-88.0223913508004));
#3784=CARTESIAN_POINT('Ctrl Pts',(9.58815392935744,4.24856678924239,-87.5497151393267));
#3785=CARTESIAN_POINT('Ctrl Pts',(9.60220729600293,4.25981883161726,-87.3015182531218));
#3786=CARTESIAN_POINT('Ctrl Pts',(9.60987747579441,4.2607749650048,-87.0975551548973));
#3787=CARTESIAN_POINT('Ctrl Pts',(9.19266290937188,4.30053313334033,-91.8110348057916));
#3788=CARTESIAN_POINT('Ctrl Pts',(9.21068221604505,4.30799153724607,-91.6713183911612));
#3789=CARTESIAN_POINT('Ctrl Pts',(9.22725320397326,4.30998634853829,-91.5373286610192));
#3790=CARTESIAN_POINT('Ctrl Pts',(9.26406566461556,4.31679843683578,-91.2315304913447));
#3791=CARTESIAN_POINT('Ctrl Pts',(9.28343763978259,4.31924383648568,-91.0641792990543));
#3792=CARTESIAN_POINT('Ctrl Pts',(9.34447436797229,4.32673911243272,-90.52673244718));
#3793=CARTESIAN_POINT('Ctrl Pts',(9.38582708821896,4.3265599019943,-90.1358849308377));
#3794=CARTESIAN_POINT('Ctrl Pts',(9.46244649479391,4.3164619102108,-89.3384227828773));
#3795=CARTESIAN_POINT('Ctrl Pts',(9.49771318112218,4.30654312886572,-88.9318081512591));
#3796=CARTESIAN_POINT('Ctrl Pts',(9.54494256717121,4.30171824373694,-88.3119547295683));
#3797=CARTESIAN_POINT('Ctrl Pts',(9.55972555595736,4.30630348144027,-88.0972909876034));
#3798=CARTESIAN_POINT('Ctrl Pts',(9.58666483266988,4.32466975899632,-87.6697238059056));
#3799=CARTESIAN_POINT('Ctrl Pts',(9.59927302262818,4.33814540146598,-87.4469138439095));
#3800=CARTESIAN_POINT('Ctrl Pts',(9.60667979652519,4.34399984678914,-87.2668943134137));
#3801=CARTESIAN_POINT('Ctrl Pts',(9.19160853954277,4.31858964659119,-91.8398526857158));
#3802=CARTESIAN_POINT('Ctrl Pts',(9.21006899695157,4.32946863509191,-91.7006989722585));
#3803=CARTESIAN_POINT('Ctrl Pts',(9.22853136707288,4.3390177100441,-91.5582296528853));
#3804=CARTESIAN_POINT('Ctrl Pts',(9.26690628639444,4.3522232658208,-91.2462855451964));
#3805=CARTESIAN_POINT('Ctrl Pts',(9.2870277767496,4.3575662182614,-91.0771225039563));
#3806=CARTESIAN_POINT('Ctrl Pts',(9.34771869248834,4.36985470164716,-90.5470375233859));
#3807=CARTESIAN_POINT('Ctrl Pts',(9.38861456254514,4.37305985865628,-90.1635197272052));
#3808=CARTESIAN_POINT('Ctrl Pts',(9.46421481756719,4.36997447040535,-89.3824029138335));
#3809=CARTESIAN_POINT('Ctrl Pts',(9.49891920253244,4.36368392514529,-88.9848038966424));
#3810=CARTESIAN_POINT('Ctrl Pts',(9.54475957817109,4.36802326394205,-88.3855431042608));
#3811=CARTESIAN_POINT('Ctrl Pts',(9.5590036697491,4.37176556965545,-88.1853124623677));
#3812=CARTESIAN_POINT('Ctrl Pts',(9.58371955858061,4.39419253569562,-87.7974511379731));
#3813=CARTESIAN_POINT('Ctrl Pts',(9.59381465465879,4.40930909075758,-87.6180164045711));
#3814=CARTESIAN_POINT('Ctrl Pts',(9.60105722922546,4.43522215499519,-87.4562615411114));
#3815=CARTESIAN_POINT('Ctrl Pts',(9.18834602570033,4.36319389467048,-91.9143478644987));
#3816=CARTESIAN_POINT('Ctrl Pts',(9.20900691847416,4.38572335216154,-91.7702051531948));
#3817=CARTESIAN_POINT('Ctrl Pts',(9.22925751756572,4.40189901534883,-91.6197314268375));
#3818=CARTESIAN_POINT('Ctrl Pts',(9.27018949645579,4.42486981540014,-91.2968802273375));
#3819=CARTESIAN_POINT('Ctrl Pts',(9.2908037629217,4.43327389366586,-91.1267782832216));
#3820=CARTESIAN_POINT('Ctrl Pts',(9.35201360396522,4.45483809927406,-90.601828456871));
#3821=CARTESIAN_POINT('Ctrl Pts',(9.3919762201886,4.46435019742761,-90.2323365806332));
#3822=CARTESIAN_POINT('Ctrl Pts',(9.46533831806146,4.47472833329283,-89.4842307880822));
#3823=CARTESIAN_POINT('Ctrl Pts',(9.49873779971095,4.4755943710045,-89.1056168717688));
#3824=CARTESIAN_POINT('Ctrl Pts',(9.54131441568944,4.49310502316297,-88.5566705395938));
#3825=CARTESIAN_POINT('Ctrl Pts',(9.55425285326631,4.50164383981429,-88.3768508525846));
#3826=CARTESIAN_POINT('Ctrl Pts',(9.57548231066535,4.53481969566931,-88.0500056863957));
#3827=CARTESIAN_POINT('Ctrl Pts',(9.58359872157108,4.55949561515386,-87.9071767737334));
#3828=CARTESIAN_POINT('Ctrl Pts',(9.58807727100673,4.60520272822265,-87.812197915838));
#3829=CARTESIAN_POINT('Ctrl Pts',(9.186137881687,4.38974162949892,-91.9600251633575));
#3830=CARTESIAN_POINT('Ctrl Pts',(9.20750294794802,4.41715790297523,-91.8152616457007));
#3831=CARTESIAN_POINT('Ctrl Pts',(9.22866092468509,4.43513639527511,-91.6594180865893));
#3832=CARTESIAN_POINT('Ctrl Pts',(9.27067557616139,4.46167177776809,-91.3312530885423));
#3833=CARTESIAN_POINT('Ctrl Pts',(9.29144891430421,4.47032865219603,-91.159800116395));
#3834=CARTESIAN_POINT('Ctrl Pts',(9.35306419092605,4.49670590768652,-90.6363143141502));
#3835=CARTESIAN_POINT('Ctrl Pts',(9.39255040350588,4.50914057953696,-90.2735186376937));
#3836=CARTESIAN_POINT('Ctrl Pts',(9.46469349578245,4.52596963598578,-89.5420785313746));
#3837=CARTESIAN_POINT('Ctrl Pts',(9.49735037547919,4.53036402058415,-89.173434101512));
#3838=CARTESIAN_POINT('Ctrl Pts',(9.53790916887652,4.55709062294726,-88.6575506353115));
#3839=CARTESIAN_POINT('Ctrl Pts',(9.5500142424498,4.56909236747881,-88.4892526362506));
#3840=CARTESIAN_POINT('Ctrl Pts',(9.56951962863545,4.6093768733758,-88.1917231217763));
#3841=CARTESIAN_POINT('Ctrl Pts',(9.57729473872257,4.63481362699599,-88.0578207049805));
#3842=CARTESIAN_POINT('Ctrl Pts',(9.58071988008772,4.68396099324407,-87.9787670628668));
#3843=CARTESIAN_POINT('Ctrl Pts',(9.17778278837067,4.4821216663506,-92.1223461883359));
#3844=CARTESIAN_POINT('Ctrl Pts',(9.2015547327347,4.51324269494468,-91.962145980721));
#3845=CARTESIAN_POINT('Ctrl Pts',(9.22459722419153,4.53615037217156,-91.7956572921187));
#3846=CARTESIAN_POINT('Ctrl Pts',(9.2691379726129,4.57260052676725,-91.4565037664434));
#3847=CARTESIAN_POINT('Ctrl Pts',(9.29063622957742,4.58614300413606,-91.2838389293705));
#3848=CARTESIAN_POINT('Ctrl Pts',(9.35268665571563,4.62331489076981,-90.7661814157024));
#3849=CARTESIAN_POINT('Ctrl Pts',(9.39079448013396,4.64348875456209,-90.4215257366582));
#3850=CARTESIAN_POINT('Ctrl Pts',(9.45901389472413,4.67877906199242,-89.7402302938245));
#3851=CARTESIAN_POINT('Ctrl Pts',(9.48912548489598,4.69389550563048,-89.4035905300351));
#3852=CARTESIAN_POINT('Ctrl Pts',(9.52392667912415,4.74304066049648,-88.9671721804478));
#3853=CARTESIAN_POINT('Ctrl Pts',(9.53379937869527,4.76383412701996,-88.8331229466015));
#3854=CARTESIAN_POINT('Ctrl Pts',(9.54880167694179,4.82015692973001,-88.6047182091797));
#3855=CARTESIAN_POINT('Ctrl Pts',(9.55393127561719,4.85568626591658,-88.5103627056041));
#3856=CARTESIAN_POINT('Ctrl Pts',(9.5560454719018,4.9015397235314,-88.4442773829499));
#3857=CARTESIAN_POINT('Ctrl Pts',(9.15660506590621,4.6772018317001,-92.4827681385952));
#3858=CARTESIAN_POINT('Ctrl Pts',(9.18265482223491,4.71296739333408,-92.3095401452351));
#3859=CARTESIAN_POINT('Ctrl Pts',(9.20737413579771,4.74338567443497,-92.1368526082723));
#3860=CARTESIAN_POINT('Ctrl Pts',(9.25407939485467,4.79654947234679,-91.7955334993919));
#3861=CARTESIAN_POINT('Ctrl Pts',(9.27606534034883,4.81929498915773,-91.6269019274743));
#3862=CARTESIAN_POINT('Ctrl Pts',(9.33781440092311,4.88055508831995,-91.1315537376657));
#3863=CARTESIAN_POINT('Ctrl Pts',(9.37336874009504,4.91209321940065,-90.8153836457186));
#3864=CARTESIAN_POINT('Ctrl Pts',(9.4326741557224,4.98073998571702,-90.2349679490142));
#3865=CARTESIAN_POINT('Ctrl Pts',(9.45642523217781,5.01784862095269,-89.9707223442568));
#3866=CARTESIAN_POINT('Ctrl Pts',(9.4810159407793,5.09406921438522,-89.64454878377));
#3867=CARTESIAN_POINT('Ctrl Pts',(9.48737352596619,5.12290235229256,-89.5475234047159));
#3868=CARTESIAN_POINT('Ctrl Pts',(9.4960461511387,5.19015113537738,-89.3820795090335));
#3869=CARTESIAN_POINT('Ctrl Pts',(9.49836119112432,5.22856678055485,-89.3136609924053));
#3870=CARTESIAN_POINT('Ctrl Pts',(9.49847300358895,5.27313865957263,-89.2621501970946));
#3871=CARTESIAN_POINT('Ctrl Pts',(9.10630508795958,5.00622329907146,-93.1639886586012));
#3872=CARTESIAN_POINT('Ctrl Pts',(9.13176098808202,5.04523214907373,-92.9999817692941));
#3873=CARTESIAN_POINT('Ctrl Pts',(9.15528135438372,5.08098646911266,-92.8414218457068));
#3874=CARTESIAN_POINT('Ctrl Pts',(9.19860388202988,5.14777944987685,-92.5356862683315));
#3875=CARTESIAN_POINT('Ctrl Pts',(9.21840604337433,5.17881811060211,-92.3885106145434));
#3876=CARTESIAN_POINT('Ctrl Pts',(9.2724645139981,5.26755070472692,-91.9647955654164));
#3877=CARTESIAN_POINT('Ctrl Pts',(9.30137280986783,5.32086125007549,-91.7060680823147));
#3878=CARTESIAN_POINT('Ctrl Pts',(9.34615093398874,5.43014051087415,-91.2400342556163));
#3879=CARTESIAN_POINT('Ctrl Pts',(9.3620207622399,5.48610922632423,-91.0327279120194));
#3880=CARTESIAN_POINT('Ctrl Pts',(9.37583791331877,5.58521449110429,-90.7751447564189));
#3881=CARTESIAN_POINT('Ctrl Pts',(9.37877903179541,5.6207749446318,-90.6981797645179));
#3882=CARTESIAN_POINT('Ctrl Pts',(9.38129728155209,5.6991396762266,-90.5645103181751));
#3883=CARTESIAN_POINT('Ctrl Pts',(9.38087441283213,5.74194395429388,-90.5078058637334));
#3884=CARTESIAN_POINT('Ctrl Pts',(9.37875215546519,5.78946669163346,-90.4624658867851));
#3885=CARTESIAN_POINT('Ctrl Pts',(9.06813903485187,5.2738130720053,-93.7066283457732));
#3886=CARTESIAN_POINT('Ctrl Pts',(9.092491572568,5.31464933477695,-93.5544888389676));
#3887=CARTESIAN_POINT('Ctrl Pts',(9.11443683511519,5.35397894352323,-93.4118960683294));
#3888=CARTESIAN_POINT('Ctrl Pts',(9.15396646961166,5.43011788215884,-93.1433683022497));
#3889=CARTESIAN_POINT('Ctrl Pts',(9.17155084156095,5.46692721204818,-93.0174333068082));
#3890=CARTESIAN_POINT('Ctrl Pts',(9.21844311112202,5.57431432722149,-92.6609614375719));
#3891=CARTESIAN_POINT('Ctrl Pts',(9.241890162447,5.64185123801077,-92.451757680865));
#3892=CARTESIAN_POINT('Ctrl Pts',(9.2767846195856,5.77276029448726,-92.070752902581));
#3893=CARTESIAN_POINT('Ctrl Pts',(9.28823202539923,5.83613244017447,-91.898951881004));
#3894=CARTESIAN_POINT('Ctrl Pts',(9.29699633719218,5.93994031036284,-91.6811551713261));
#3895=CARTESIAN_POINT('Ctrl Pts',(9.29851664163525,5.97600120903522,-91.6152070718813));
#3896=CARTESIAN_POINT('Ctrl Pts',(9.29885380774657,6.05301842784652,-91.4985879424444));
#3897=CARTESIAN_POINT('Ctrl Pts',(9.29767066941481,6.09397474798543,-91.4479169124523));
#3898=CARTESIAN_POINT('Ctrl Pts',(9.29518522112948,6.13836821431463,-91.4058721481314));
#3899=CARTESIAN_POINT('Ctrl Pts',(9.03194941789945,5.45485006006578,-94.118035844931));
#3900=CARTESIAN_POINT('Ctrl Pts',(9.05412724791455,5.4940050748213,-93.9821573842948));
#3901=CARTESIAN_POINT('Ctrl Pts',(9.07391785198014,5.53335842485257,-93.857533647759));
#3902=CARTESIAN_POINT('Ctrl Pts',(9.10921683830355,5.61197739125544,-93.6263320908046));
#3903=CARTESIAN_POINT('Ctrl Pts',(9.12472522056137,5.65124300762703,-93.519754270386));
#3904=CARTESIAN_POINT('Ctrl Pts',(9.16556537976011,5.76818164993553,-93.2203943851809));
#3905=CARTESIAN_POINT('Ctrl Pts',(9.18529448592053,5.84439951313144,-93.0476254477169));
#3906=CARTESIAN_POINT('Ctrl Pts',(9.21532610615098,5.98915428207575,-92.7171592734981));
#3907=CARTESIAN_POINT('Ctrl Pts',(9.2244501518436,6.05901978090926,-92.5681533234188));
#3908=CARTESIAN_POINT('Ctrl Pts',(9.23068360099849,6.1685946804158,-92.375977178482));
#3909=CARTESIAN_POINT('Ctrl Pts',(9.23151931415278,6.20591575546069,-92.3171405935335));
#3910=CARTESIAN_POINT('Ctrl Pts',(9.23093737187498,6.28357420258827,-92.2110770294699));
#3911=CARTESIAN_POINT('Ctrl Pts',(9.22951971644289,6.32391157467096,-92.1638500503549));
#3912=CARTESIAN_POINT('Ctrl Pts',(9.2270907956551,6.36646913524873,-92.1230105470432));
#3913=CARTESIAN_POINT('Ctrl Pts',(9.02050959613527,5.50561528868636,-94.2389771023676));
#3914=CARTESIAN_POINT('Ctrl Pts',(9.04106781450892,5.54705378965358,-94.1173643993952));
#3915=CARTESIAN_POINT('Ctrl Pts',(9.05950691978464,5.58754823518716,-94.0039624186034));
#3916=CARTESIAN_POINT('Ctrl Pts',(9.0925576676743,5.66771497422823,-93.7914299267267));
#3917=CARTESIAN_POINT('Ctrl Pts',(9.10716931028825,5.7073872677357,-93.6922994156417));
#3918=CARTESIAN_POINT('Ctrl Pts',(9.14587918943867,5.82676985848073,-93.413090124966));
#3919=CARTESIAN_POINT('Ctrl Pts',(9.16561044696231,5.90422130911475,-93.2436568446486));
#3920=CARTESIAN_POINT('Ctrl Pts',(9.19366046152653,6.05408093855665,-92.9336255325275));
#3921=CARTESIAN_POINT('Ctrl Pts',(9.20197921856711,6.12648911736452,-92.7930275007238));
#3922=CARTESIAN_POINT('Ctrl Pts',(9.20743153276653,6.23852577998975,-92.6097747432518));
#3923=CARTESIAN_POINT('Ctrl Pts',(9.20807800060609,6.27644206660039,-92.5532978724667));
#3924=CARTESIAN_POINT('Ctrl Pts',(9.20728458816488,6.35461724600666,-92.450561869949));
#3925=CARTESIAN_POINT('Ctrl Pts',(9.2058447078841,6.39487613880228,-92.4043027382165));
#3926=CARTESIAN_POINT('Ctrl Pts',(9.20348944970988,6.43690690538064,-92.3636539638308));
#3927=CARTESIAN_POINT('Ctrl Pts',(8.99887672038012,5.58798487779501,-94.4484704660086));
#3928=CARTESIAN_POINT('Ctrl Pts',(9.01453324411874,5.63254750799847,-94.3637250345915));
#3929=CARTESIAN_POINT('Ctrl Pts',(9.02920051799425,5.67557170595829,-94.2802505281477));
#3930=CARTESIAN_POINT('Ctrl Pts',(9.05621423717748,5.7602521823538,-94.1177778917698));
#3931=CARTESIAN_POINT('Ctrl Pts',(9.06856068248519,5.8019084607895,-94.0387797618358));
#3932=CARTESIAN_POINT('Ctrl Pts',(9.10160528229428,5.92738883425517,-93.8114017266436));
#3933=CARTESIAN_POINT('Ctrl Pts',(9.11961464130455,6.01059031092545,-93.6626937170227));
#3934=CARTESIAN_POINT('Ctrl Pts',(9.14473047825263,6.17214443401428,-93.3887616718044));
#3935=CARTESIAN_POINT('Ctrl Pts',(9.15183695619044,6.25049708043284,-93.2635376362069));
#3936=CARTESIAN_POINT('Ctrl Pts',(9.1561950569443,6.36870638931227,-93.0966308165477));
#3937=CARTESIAN_POINT('Ctrl Pts',(9.15659748783677,6.40822288214735,-93.0444834156175));
#3938=CARTESIAN_POINT('Ctrl Pts',(9.15561440167936,6.48820214122477,-92.9477177338727));
#3939=CARTESIAN_POINT('Ctrl Pts',(9.15422888462946,6.52866490746711,-92.9030994530581));
#3940=CARTESIAN_POINT('Ctrl Pts',(9.15210568899601,6.56996055724144,-92.8625220867362));
#3941=CARTESIAN_POINT('Ctrl Pts',(8.98868366638917,5.61958923828309,-94.5370225722131));
#3942=CARTESIAN_POINT('Ctrl Pts',(9.00278538320931,5.66550666441989,-94.4629910732817));
#3943=CARTESIAN_POINT('Ctrl Pts',(9.01525378680948,5.70989604934979,-94.3972272124577));
#3944=CARTESIAN_POINT('Ctrl Pts',(9.03803783388586,5.79721193696344,-94.2702597426105));
#3945=CARTESIAN_POINT('Ctrl Pts',(9.04835347736207,5.84013843964721,-94.2090561335874));
#3946=CARTESIAN_POINT('Ctrl Pts',(9.07774206707875,5.96911342458082,-94.0143231475984));
#3947=CARTESIAN_POINT('Ctrl Pts',(9.09261214497558,6.05398435437884,-93.8875824730734));
#3948=CARTESIAN_POINT('Ctrl Pts',(9.11723589639338,6.22423021886635,-93.6280593122545));
#3949=CARTESIAN_POINT('Ctrl Pts',(9.12405050548536,6.30651017998357,-93.5094874744863));
#3950=CARTESIAN_POINT('Ctrl Pts',(9.12818186895281,6.42882451729526,-93.3497677950992));
#3951=CARTESIAN_POINT('Ctrl Pts',(9.12854389841353,6.46941169567181,-93.2995509148478));
#3952=CARTESIAN_POINT('Ctrl Pts',(9.12759699890394,6.55074399302448,-93.2053887573173));
#3953=CARTESIAN_POINT('Ctrl Pts',(9.12628806993362,6.59148911200061,-93.1614434800382));
#3954=CARTESIAN_POINT('Ctrl Pts',(9.12432327422735,6.63257643897033,-93.120746792854));
#3955=CARTESIAN_POINT('Ctrl Pts',(8.97734643562814,5.6517563137643,-94.6318648358453));
#3956=CARTESIAN_POINT('Ctrl Pts',(8.98790835425724,5.69804555030499,-94.5818396124886));
#3957=CARTESIAN_POINT('Ctrl Pts',(8.99782818187085,5.74241751325714,-94.5330110031235));
#3958=CARTESIAN_POINT('Ctrl Pts',(9.01644351893921,5.82968641170288,-94.434566935963));
#3959=CARTESIAN_POINT('Ctrl Pts',(9.02513902839397,5.87258334719646,-94.3849514781677));
#3960=CARTESIAN_POINT('Ctrl Pts',(9.0494788753282,6.00260089206708,-94.2301547175165));
#3961=CARTESIAN_POINT('Ctrl Pts',(9.06337653137763,6.09104823983401,-94.1190230273955));
#3962=CARTESIAN_POINT('Ctrl Pts',(9.08651402632969,6.27148090440757,-93.8808919477796));
#3963=CARTESIAN_POINT('Ctrl Pts',(9.09286993388506,6.35829403622077,-93.7705564850955));
#3964=CARTESIAN_POINT('Ctrl Pts',(9.09673315597971,6.48551683491467,-93.6190165936786));
#3965=CARTESIAN_POINT('Ctrl Pts',(9.09707579013819,6.52742495130832,-93.5708305136412));
#3966=CARTESIAN_POINT('Ctrl Pts',(9.09622894881611,6.61059353470106,-93.4792574855901));
#3967=CARTESIAN_POINT('Ctrl Pts',(9.09503947333556,6.65185400170015,-93.4358705375764));
#3968=CARTESIAN_POINT('Ctrl Pts',(9.0932629947557,6.69296630247567,-93.394955504485));
#3969=CARTESIAN_POINT('Ctrl Pts',(9.0932629947557,6.69296630247567,-93.394955504485));
#3970=CARTESIAN_POINT('Ctrl Pts',(9.10036890907515,6.52851709937359,-93.5586156368506));
#3971=CARTESIAN_POINT('Ctrl Pts',(9.0980827738056,6.36169723669438,-93.7618264079728));
#3972=CARTESIAN_POINT('Ctrl Pts',(9.06337653137763,6.09104823983401,-94.1190230273955));
#3973=CARTESIAN_POINT('Ctrl Pts',(9.03558121927877,5.91415354430015,-94.3412864076375));
#3974=CARTESIAN_POINT('Ctrl Pts',(8.99847027288635,5.74433478684569,-94.531814389132));
#3975=CARTESIAN_POINT('Ctrl Pts',(8.97734643562814,5.6517563137643,-94.6318648358453));
#3976=CARTESIAN_POINT('Ctrl Pts',(-8.52581738454532,5.32167552600758,-92.9968624939143));
#3977=CARTESIAN_POINT('Ctrl Pts',(-8.50445950518183,5.40460558886661,-93.2244819901974));
#3978=CARTESIAN_POINT('Ctrl Pts',(-8.48123185890046,5.47883557202861,-93.4539500018941));
#3979=CARTESIAN_POINT('Ctrl Pts',(-8.40792290928817,5.62707909446783,-93.9893881832002));
#3980=CARTESIAN_POINT('Ctrl Pts',(-8.35784160595727,5.70109263374504,-94.2953583528096));
#3981=CARTESIAN_POINT('Ctrl Pts',(-8.16731721039025,5.92280858574955,-95.3280220985067));
#3982=CARTESIAN_POINT('Ctrl Pts',(-7.63132706655938,6.31295494957461,-97.6894290604401));
#3983=CARTESIAN_POINT('Ctrl Pts',(-6.22721567585495,8.14194379880421,-100.869268985286));
#3984=CARTESIAN_POINT('Ctrl Pts',(-4.40066410502778,9.38155962252382,-101.68774193232));
#3985=CARTESIAN_POINT('Ctrl Pts',(-2.43181093574278,9.55252286273375,-100.333966131277));
#3986=CARTESIAN_POINT('Ctrl Pts',(-0.220332879629875,9.80504542084066,-100.606437088121));
#3987=CARTESIAN_POINT('Ctrl Pts',(1.98684050357652,10.0931161036454,-100.334024437586));
#3988=CARTESIAN_POINT('Ctrl Pts',(3.93721375828938,10.413118038226,-101.687508707083));
#3989=CARTESIAN_POINT('Ctrl Pts',(6.01452945954241,9.61580706221654,-100.870143579927));
#3990=CARTESIAN_POINT('Ctrl Pts',(7.80343442291983,8.29418336166265,-97.6868538651078));
#3991=CARTESIAN_POINT('Ctrl Pts',(8.44231621772861,7.8719144386803,-95.330723624176));
#3992=CARTESIAN_POINT('Ctrl Pts',(8.68195891663114,7.69478700056198,-94.298306076341));
#3993=CARTESIAN_POINT('Ctrl Pts',(8.74744911247361,7.6422490575753,-93.9921179554043));
#3994=CARTESIAN_POINT('Ctrl Pts',(8.84964809657514,7.55018224437415,-93.4556438368804));
#3995=CARTESIAN_POINT('Ctrl Pts',(8.8863568848342,7.51065337415968,-93.2253578392934));
#3996=CARTESIAN_POINT('Ctrl Pts',(8.92308831562046,7.4641317506386,-92.9968624939143));
#3997=CARTESIAN_POINT('Ctrl Pts',(-8.52846396196052,5.28690850996569,-92.886187242915));
#3998=CARTESIAN_POINT('Ctrl Pts',(-8.50601400233631,5.36841851103903,-93.0975887298846));
#3999=CARTESIAN_POINT('Ctrl Pts',(-8.48337503327519,5.44700923074675,-93.3267657761362));
#4000=CARTESIAN_POINT('Ctrl Pts',(-8.40694491581524,5.60289425569668,-93.8626617724436));
#4001=CARTESIAN_POINT('Ctrl Pts',(-8.35416405234977,5.67954914951995,-94.16897486565));
#4002=CARTESIAN_POINT('Ctrl Pts',(-8.16353370354813,5.90774250208537,-95.1733309187203));
#4003=CARTESIAN_POINT('Ctrl Pts',(-7.62872244161482,6.32361672878111,-97.4825482264249));
#4004=CARTESIAN_POINT('Ctrl Pts',(-6.21630197393893,8.14350547684868,-100.621793341765));
#4005=CARTESIAN_POINT('Ctrl Pts',(-4.3916610200257,9.38685643744389,-101.388934273667));
#4006=CARTESIAN_POINT('Ctrl Pts',(-2.44579502880914,9.54650611359446,-100.033302631503));
#4007=CARTESIAN_POINT('Ctrl Pts',(-0.220901050248738,9.80968961295979,-100.296083487439));
#4008=CARTESIAN_POINT('Ctrl Pts',(2.00180805960024,10.0910559346852,-100.03334891822));
#4009=CARTESIAN_POINT('Ctrl Pts',(3.92741955254977,10.4144997774235,-101.388749126799));
#4010=CARTESIAN_POINT('Ctrl Pts',(6.00272785335419,9.62060293098182,-100.622487737957));
#4011=CARTESIAN_POINT('Ctrl Pts',(7.80078412492041,8.28646470456481,-97.4805036154171));
#4012=CARTESIAN_POINT('Ctrl Pts',(8.43989872369558,7.87335229873716,-95.1755159175241));
#4013=CARTESIAN_POINT('Ctrl Pts',(8.6798522813542,7.69961092260264,-94.1711125082234));
#4014=CARTESIAN_POINT('Ctrl Pts',(8.74849390010243,7.64592225093194,-93.8645583613208));
#4015=CARTESIAN_POINT('Ctrl Pts',(8.85515715199222,7.55012612596697,-93.3275372507192));
#4016=CARTESIAN_POINT('Ctrl Pts',(8.89185043769684,7.50976724618361,-93.0974343704653));
#4017=CARTESIAN_POINT('Ctrl Pts',(8.93010940403445,7.45912843548803,-92.8853323150182));
#4018=CARTESIAN_POINT('Ctrl Pts',(-8.53016427942551,5.25205827819253,-92.7833961660993));
#4019=CARTESIAN_POINT('Ctrl Pts',(-8.50822015152245,5.33295636758614,-92.9817146964153));
#4020=CARTESIAN_POINT('Ctrl Pts',(-8.48039121095669,5.4105629007448,-93.2062668910296));
#4021=CARTESIAN_POINT('Ctrl Pts',(-8.40105820199975,5.57105691512276,-93.7382313664689));
#4022=CARTESIAN_POINT('Ctrl Pts',(-8.34965182141193,5.65240362279615,-94.0421257179324));
#4023=CARTESIAN_POINT('Ctrl Pts',(-8.15809416637817,5.89022263646972,-95.0261031498021));
#4024=CARTESIAN_POINT('Ctrl Pts',(-7.62562480322948,6.34097622643051,-97.2832355234577));
#4025=CARTESIAN_POINT('Ctrl Pts',(-6.20445382021655,8.14274271699872,-100.376647556566));
#4026=CARTESIAN_POINT('Ctrl Pts',(-4.37729363302834,9.3930398655029,-101.101217830595));
#4027=CARTESIAN_POINT('Ctrl Pts',(-2.44829244570514,9.55392193697992,-99.763125427208));
#4028=CARTESIAN_POINT('Ctrl Pts',(-0.222467632316808,9.8224693733197,-100.014471471169));
#4029=CARTESIAN_POINT('Ctrl Pts',(2.00236647435675,10.0993481232896,-99.763156720834));
#4030=CARTESIAN_POINT('Ctrl Pts',(3.91226103034742,10.415053254601,-101.101092656091));
#4031=CARTESIAN_POINT('Ctrl Pts',(5.99037519350963,9.62438421549446,-100.377117110644));
#4032=CARTESIAN_POINT('Ctrl Pts',(7.79664366897978,8.28080641357038,-97.2818529475606));
#4033=CARTESIAN_POINT('Ctrl Pts',(8.43579574812465,7.8767801161743,-95.0276264038732));
#4034=CARTESIAN_POINT('Ctrl Pts',(8.6774296857462,7.70491068399626,-94.0432672208803));
#4035=CARTESIAN_POINT('Ctrl Pts',(8.7449839812949,7.65264482602358,-93.7389398413578));
#4036=CARTESIAN_POINT('Ctrl Pts',(8.85550516603878,7.55360229866615,-93.2058343219543));
#4037=CARTESIAN_POINT('Ctrl Pts',(8.89809761428941,7.50763627430138,-92.9805942203963));
#4038=CARTESIAN_POINT('Ctrl Pts',(8.93616985597251,7.45425988049714,-92.7816727844321));
#4039=CARTESIAN_POINT('Ctrl Pts',(-8.53066219602795,5.15850807100699,-92.5399696890732));
#4040=CARTESIAN_POINT('Ctrl Pts',(-8.50645066546795,5.23799448798362,-92.7148704542726));
#4041=CARTESIAN_POINT('Ctrl Pts',(-8.47487035494826,5.32024240297127,-92.9379380302505));
#4042=CARTESIAN_POINT('Ctrl Pts',(-8.39069294583668,5.495149790399,-93.4694480829228));
#4043=CARTESIAN_POINT('Ctrl Pts',(-8.33813891770094,5.58503935101253,-93.7709917503515));
#4044=CARTESIAN_POINT('Ctrl Pts',(-8.14513621089544,5.85336842119581,-94.7342363267336));
#4045=CARTESIAN_POINT('Ctrl Pts',(-7.61776830769138,6.38466811493314,-96.8951797758812));
#4046=CARTESIAN_POINT('Ctrl Pts',(-6.18007976799748,8.14083815082209,-99.8846085821176));
#4047=CARTESIAN_POINT('Ctrl Pts',(-4.34219484917899,9.40914078210254,-100.537171279764));
#4048=CARTESIAN_POINT('Ctrl Pts',(-2.43735961393177,9.59052434195033,-99.266434288992));
#4049=CARTESIAN_POINT('Ctrl Pts',(-0.227341863903785,9.86221135239087,-99.4934718466979));
#4050=CARTESIAN_POINT('Ctrl Pts',(1.98275315569931,10.1332644168399,-99.2664337364452));
#4051=CARTESIAN_POINT('Ctrl Pts',(3.87490015093993,10.4179993062732,-100.537173489951));
#4052=CARTESIAN_POINT('Ctrl Pts',(5.96497452862222,9.63233360391927,-99.8846004957283));
#4053=CARTESIAN_POINT('Ctrl Pts',(7.78496121453664,8.27508962993305,-96.8952035858053));
#4054=CARTESIAN_POINT('Ctrl Pts',(8.42550720554931,7.88495245634453,-94.7343271290286));
#4055=CARTESIAN_POINT('Ctrl Pts',(8.67185935025894,7.71268033478695,-93.7698227192671));
#4056=CARTESIAN_POINT('Ctrl Pts',(8.74165659002937,7.65905570514053,-93.467643552451));
#4057=CARTESIAN_POINT('Ctrl Pts',(8.8597943543483,7.55125141597471,-92.9348691500567));
#4058=CARTESIAN_POINT('Ctrl Pts',(8.90765469530537,7.49810438799151,-92.7112227758617));
#4059=CARTESIAN_POINT('Ctrl Pts',(8.94912658777218,7.4357080489091,-92.5360520047423));
#4060=CARTESIAN_POINT('Ctrl Pts',(-8.52945979516539,5.09980809559461,-92.3993342888628));
#4061=CARTESIAN_POINT('Ctrl Pts',(-8.50385333599983,5.17860297316124,-92.5656938083608));
#4062=CARTESIAN_POINT('Ctrl Pts',(-8.47103554898587,5.2665773394838,-92.7931296032938));
#4063=CARTESIAN_POINT('Ctrl Pts',(-8.38475756399512,5.45164838741835,-93.3288423089307));
#4064=CARTESIAN_POINT('Ctrl Pts',(-8.33143149004181,5.54765269888711,-93.6345684001017));
#4065=CARTESIAN_POINT('Ctrl Pts',(-8.13761779258267,5.83403407153755,-94.5895972725832));
#4066=CARTESIAN_POINT('Ctrl Pts',(-7.61300945053862,6.41100050578635,-96.7064367312719));
#4067=CARTESIAN_POINT('Ctrl Pts',(-6.16755386950078,8.13969634449541,-99.6377153928688));
#4068=CARTESIAN_POINT('Ctrl Pts',(-4.32146345232701,9.41905827064316,-100.260841172006));
#4069=CARTESIAN_POINT('Ctrl Pts',(-2.4239293652624,9.61971092353529,-99.0399203550709));
#4070=CARTESIAN_POINT('Ctrl Pts',(-0.230649513422691,9.88917357110214,-99.2540842384967));
#4071=CARTESIAN_POINT('Ctrl Pts',(1.96258142228536,10.1588885217858,-99.0399029494423));
#4072=CARTESIAN_POINT('Ctrl Pts',(3.85269779373479,10.420391880768,-100.26091079452));
#4073=CARTESIAN_POINT('Ctrl Pts',(5.95192652357937,9.63650170783146,-99.637454508125));
#4074=CARTESIAN_POINT('Ctrl Pts',(7.77741921603412,8.27503113729012,-96.7072048919065));
#4075=CARTESIAN_POINT('Ctrl Pts',(8.41932163854491,7.88969697907762,-94.588917367835));
#4076=CARTESIAN_POINT('Ctrl Pts',(8.66871397584264,7.71510896948897,-93.6321720224248));
#4077=CARTESIAN_POINT('Ctrl Pts',(8.74009138442075,7.66033890999078,-93.325670405198));
#4078=CARTESIAN_POINT('Ctrl Pts',(8.8621967915549,7.54693812902713,-92.7885790045263));
#4079=CARTESIAN_POINT('Ctrl Pts',(8.91272064867911,7.487984444598,-92.560581140566));
#4080=CARTESIAN_POINT('Ctrl Pts',(8.95602286763379,7.42202477231197,-92.3940907556385));
#4081=CARTESIAN_POINT('Ctrl Pts',(-8.52149851508638,4.88793355389865,-91.9206616031395));
#4082=CARTESIAN_POINT('Ctrl Pts',(-8.49319170249981,4.98788909218158,-92.1112283133294));
#4083=CARTESIAN_POINT('Ctrl Pts',(-8.45675883820477,5.09417680178699,-92.3527461199825));
#4084=CARTESIAN_POINT('Ctrl Pts',(-8.36529988181962,5.31488251735247,-92.8972887772036));
#4085=CARTESIAN_POINT('Ctrl Pts',(-8.31027378972952,5.42930052331254,-93.2003136277717));
#4086=CARTESIAN_POINT('Ctrl Pts',(-8.11379398519948,5.77794891628925,-94.1410560218316));
#4087=CARTESIAN_POINT('Ctrl Pts',(-7.59522826310045,6.49682320262873,-96.1492121793736));
#4088=CARTESIAN_POINT('Ctrl Pts',(-6.13074629510675,8.14210709976844,-98.8848040380098));
#4089=CARTESIAN_POINT('Ctrl Pts',(-4.25627013819305,9.45735307829306,-99.4327362079338));
#4090=CARTESIAN_POINT('Ctrl Pts',(-2.37031565106922,9.73228522531439,-98.3999094779912));
#4091=CARTESIAN_POINT('Ctrl Pts',(-0.242800429984295,9.98820089756767,-98.5763698848646));
#4092=CARTESIAN_POINT('Ctrl Pts',(1.88310320133379,10.256699512954,-98.3998448536409));
#4093=CARTESIAN_POINT('Ctrl Pts',(3.78105216649925,10.435571682265,-99.4329947053354));
#4094=CARTESIAN_POINT('Ctrl Pts',(5.91234963382496,9.65321023052468,-98.8838348204674));
#4095=CARTESIAN_POINT('Ctrl Pts',(7.74905906666449,8.28547395610559,-96.1520659865818));
#4096=CARTESIAN_POINT('Ctrl Pts',(8.39957360784501,7.90191079102395,-94.1381727626221));
#4097=CARTESIAN_POINT('Ctrl Pts',(8.65983023253014,7.71571729094082,-93.1942479565716));
#4098=CARTESIAN_POINT('Ctrl Pts',(8.73574899977432,7.65458413798938,-92.8901099888763));
#4099=CARTESIAN_POINT('Ctrl Pts',(8.86951351910487,7.52197600233747,-92.3437590401801));
#4100=CARTESIAN_POINT('Ctrl Pts',(8.92735927119122,7.45050101963699,-92.1015460591791));
#4101=CARTESIAN_POINT('Ctrl Pts',(8.97796544910393,7.36775286011119,-91.9107544305507));
#4102=CARTESIAN_POINT('Ctrl Pts',(-8.49927387835342,4.5709152701517,-91.2852219113533));
#4103=CARTESIAN_POINT('Ctrl Pts',(-8.46896618312609,4.69826812459589,-91.499118406004));
#4104=CARTESIAN_POINT('Ctrl Pts',(-8.43033044277949,4.83389515889949,-91.7496796023915));
#4105=CARTESIAN_POINT('Ctrl Pts',(-8.33495220785018,5.1158302609341,-92.2959208422317));
#4106=CARTESIAN_POINT('Ctrl Pts',(-8.27820971326748,5.26213832866512,-92.5916008856843));
#4107=CARTESIAN_POINT('Ctrl Pts',(-8.07864610216889,5.70828309256221,-93.5040034520278));
#4108=CARTESIAN_POINT('Ctrl Pts',(-7.56217437056983,6.62945486317251,-95.4302583286557));
#4109=CARTESIAN_POINT('Ctrl Pts',(-6.08372318550429,8.16088457147399,-97.848304132564));
#4110=CARTESIAN_POINT('Ctrl Pts',(-4.16134805647307,9.53119240056762,-98.3309572137122));
#4111=CARTESIAN_POINT('Ctrl Pts',(-2.26330278365149,9.94908977975115,-97.6519774410417));
#4112=CARTESIAN_POINT('Ctrl Pts',(-0.264942900079459,10.1686124537397,-97.7806133359454));
#4113=CARTESIAN_POINT('Ctrl Pts',(1.7265641848391,10.4429506380599,-97.6518587664589));
#4114=CARTESIAN_POINT('Ctrl Pts',(3.67208851519818,10.4771502922943,-98.3314319120434));
#4115=CARTESIAN_POINT('Ctrl Pts',(5.85842611515009,9.68669949000009,-97.8465239706636));
#4116=CARTESIAN_POINT('Ctrl Pts',(7.6959544572061,8.32771317251078,-95.4354999164729));
#4117=CARTESIAN_POINT('Ctrl Pts',(8.37006602108065,7.91280985694453,-93.49847243132));
#4118=CARTESIAN_POINT('Ctrl Pts',(8.64807338683604,7.69541937557124,-92.5809805067852));
#4119=CARTESIAN_POINT('Ctrl Pts',(8.73090110605753,7.62129941118178,-92.2836535016138));
#4120=CARTESIAN_POINT('Ctrl Pts',(8.87956093165185,7.4566337911595,-91.734800347038));
#4121=CARTESIAN_POINT('Ctrl Pts',(8.94539303802467,7.36608813552666,-91.4832741976334));
#4122=CARTESIAN_POINT('Ctrl Pts',(9.00407093424579,7.26077325924881,-91.2690452676552));
#4123=CARTESIAN_POINT('Ctrl Pts',(-8.50889100721593,4.3746087902122,-90.3153319249398));
#4124=CARTESIAN_POINT('Ctrl Pts',(-8.47331100459365,4.53631287653523,-90.5659789475971));
#4125=CARTESIAN_POINT('Ctrl Pts',(-8.42743425079207,4.70269001156014,-90.8368021217845));
#4126=CARTESIAN_POINT('Ctrl Pts',(-8.31615596252441,5.0409375281963,-91.3988011166719));
#4127=CARTESIAN_POINT('Ctrl Pts',(-8.25075442805833,5.21280790980754,-91.6899769373719));
#4128=CARTESIAN_POINT('Ctrl Pts',(-8.02686573620449,5.73087964829459,-92.5640338844195));
#4129=CARTESIAN_POINT('Ctrl Pts',(-7.46835199867433,6.77686549988197,-94.3142657183044));
#4130=CARTESIAN_POINT('Ctrl Pts',(-6.04793730199058,8.33821607654745,-96.0419290808743));
#4131=CARTESIAN_POINT('Ctrl Pts',(-4.09972220453167,9.75735014109288,-96.4262652956974));
#4132=CARTESIAN_POINT('Ctrl Pts',(-2.16529621965262,10.3521477831999,-96.4309030890547));
#4133=CARTESIAN_POINT('Ctrl Pts',(-0.309842218519394,10.534226875527,-96.5443560222285));
#4134=CARTESIAN_POINT('Ctrl Pts',(1.53416671915459,10.8088895654577,-96.4308281514707));
#4135=CARTESIAN_POINT('Ctrl Pts',(3.55676974343031,10.687429744021,-96.4265650460336));
#4136=CARTESIAN_POINT('Ctrl Pts',(5.78384013087594,9.82855077658361,-96.0408049465948));
#4137=CARTESIAN_POINT('Ctrl Pts',(7.56031487181431,8.51151595854427,-94.3175756692388));
#4138=CARTESIAN_POINT('Ctrl Pts',(8.32364327417585,7.85629907569505,-92.5605087837791));
#4139=CARTESIAN_POINT('Ctrl Pts',(8.65211657950865,7.50784049496599,-91.6834065366905));
#4140=CARTESIAN_POINT('Ctrl Pts',(8.75274253197826,7.38821261150556,-91.3912776536012));
#4141=CARTESIAN_POINT('Ctrl Pts',(8.9358033346102,7.13478166359987,-90.8278224107724));
#4142=CARTESIAN_POINT('Ctrl Pts',(9.01823818477253,7.0009785991546,-90.5564960510329));
#4143=CARTESIAN_POINT('Ctrl Pts',(9.09134708193557,6.8564753769419,-90.3057336820361));
#4144=CARTESIAN_POINT('Ctrl Pts',(-8.51249949028757,4.35075513450329,-89.5386143120533));
#4145=CARTESIAN_POINT('Ctrl Pts',(-8.47372633559832,4.52566084746094,-89.796920963912));
#4146=CARTESIAN_POINT('Ctrl Pts',(-8.4230654422047,4.70241961724144,-90.0692342350405));
#4147=CARTESIAN_POINT('Ctrl Pts',(-8.30082570537427,5.05761081887626,-90.6231761954536));
#4148=CARTESIAN_POINT('Ctrl Pts',(-8.22924686193747,5.2360432507306,-90.9048048847382));
#4149=CARTESIAN_POINT('Ctrl Pts',(-7.98741969761068,5.77080236204654,-91.7356173492502));
#4150=CARTESIAN_POINT('Ctrl Pts',(-7.39540283289151,6.83816784769026,-93.3409478649084));
#4151=CARTESIAN_POINT('Ctrl Pts',(-6.03834701996606,8.48439954451058,-94.6131574344861));
#4152=CARTESIAN_POINT('Ctrl Pts',(-4.09650705274645,9.92422908870495,-94.9258553766124));
#4153=CARTESIAN_POINT('Ctrl Pts',(-2.14757760706986,10.6078366778698,-95.2594705918851));
#4154=CARTESIAN_POINT('Ctrl Pts',(-0.33999729402867,10.7797441172826,-95.3752313364911));
#4155=CARTESIAN_POINT('Ctrl Pts',(1.4553745942206,11.0509090719642,-95.2594500840792));
#4156=CARTESIAN_POINT('Ctrl Pts',(3.51226919907363,10.855727379374,-94.9259374078363));
#4157=CARTESIAN_POINT('Ctrl Pts',(5.74294997027578,9.94124388360313,-94.6128497991566));
#4158=CARTESIAN_POINT('Ctrl Pts',(7.46357257183295,8.63234301001601,-93.3418536800455));
#4159=CARTESIAN_POINT('Ctrl Pts',(8.28756747679843,7.80133873348215,-91.7346534469916));
#4160=CARTESIAN_POINT('Ctrl Pts',(8.64785797742079,7.36739400477737,-90.9030367049956));
#4161=CARTESIAN_POINT('Ctrl Pts',(8.75933698565151,7.21967199680281,-90.6211616867521));
#4162=CARTESIAN_POINT('Ctrl Pts',(8.96222982218189,6.91627512320089,-90.0668645197969));
#4163=CARTESIAN_POINT('Ctrl Pts',(9.05364365048155,6.76060025757355,-89.7944423710852));
#4164=CARTESIAN_POINT('Ctrl Pts',(9.13361012416022,6.60004629936641,-89.5361425294834));
#4165=CARTESIAN_POINT('Ctrl Pts',(-8.50661585607033,4.33592839218471,-89.0682886226002));
#4166=CARTESIAN_POINT('Ctrl Pts',(-8.46656733076999,4.51617738378855,-89.3266353724789));
#4167=CARTESIAN_POINT('Ctrl Pts',(-8.41402847181286,4.69712852332152,-89.5962610641122));
#4168=CARTESIAN_POINT('Ctrl Pts',(-8.28755207292372,5.05919098054604,-90.1402304557271));
#4169=CARTESIAN_POINT('Ctrl Pts',(-8.21361453299171,5.24030229823758,-90.4145741557087));
#4170=CARTESIAN_POINT('Ctrl Pts',(-7.96507687124142,5.78201034200055,-91.2179224554343));
#4171=CARTESIAN_POINT('Ctrl Pts',(-7.36110137992377,6.85892279227977,-92.7458878540086));
#4172=CARTESIAN_POINT('Ctrl Pts',(-6.03489390229778,8.54661162786337,-93.8284483375812));
#4173=CARTESIAN_POINT('Ctrl Pts',(-4.10037430650193,9.99648899662303,-94.1023466679794));
#4174=CARTESIAN_POINT('Ctrl Pts',(-2.1521090596321,10.7161977094245,-94.5115922614716));
#4175=CARTESIAN_POINT('Ctrl Pts',(-0.353238327841769,10.8875570371875,-94.6252961703823));
#4176=CARTESIAN_POINT('Ctrl Pts',(1.43364644800519,11.1565218960483,-94.5115908023863));
#4177=CARTESIAN_POINT('Ctrl Pts',(3.49818712777562,10.9292799413711,-94.1023525043207));
#4178=CARTESIAN_POINT('Ctrl Pts',(5.72587192214396,9.99138366219976,-93.828426451302));
#4179=CARTESIAN_POINT('Ctrl Pts',(7.42137391218291,8.67182847257229,-92.7459522969421));
#4180=CARTESIAN_POINT('Ctrl Pts',(8.26732615618234,7.77735854837416,-91.2178548511492));
#4181=CARTESIAN_POINT('Ctrl Pts',(8.63942034994326,7.31266228603755,-90.4144823853236));
#4182=CARTESIAN_POINT('Ctrl Pts',(8.75497142649043,7.15485331521909,-90.1401376062268));
#4183=CARTESIAN_POINT('Ctrl Pts',(8.96539230852161,6.83335852375288,-89.5961920919347));
#4184=CARTESIAN_POINT('Ctrl Pts',(9.06026211400561,6.66967270310514,-89.3265913567393));
#4185=CARTESIAN_POINT('Ctrl Pts',(9.14293096979957,6.50302024933438,-89.0682886226003));
#4186=CARTESIAN_POINT('Ctrl Pts',(-0.221050325114292,9.81097010829029,-100.515623153558));
#4187=CARTESIAN_POINT('Ctrl Pts',(0.515391581438924,9.90106898177556,-100.515632871276));
#4188=CARTESIAN_POINT('Ctrl Pts',(1.98684050357652,10.0931161036454,-100.334024437587));
#4189=CARTESIAN_POINT('Ctrl Pts',(3.93721375828938,10.413118038226,-101.687508707083));
#4190=CARTESIAN_POINT('Ctrl Pts',(6.01452945954241,9.61580706221654,-100.870143579927));
#4191=CARTESIAN_POINT('Ctrl Pts',(7.80343442291984,8.29418336166265,-97.6868538651078));
#4192=CARTESIAN_POINT('Ctrl Pts',(8.44231621772862,7.8719144386803,-95.3307236241761));
#4193=CARTESIAN_POINT('Ctrl Pts',(8.68195891663114,7.69478700056198,-94.298306076341));
#4194=CARTESIAN_POINT('Ctrl Pts',(8.81293930831608,7.58971111458862,-93.6859298344676));
#4195=CARTESIAN_POINT('Ctrl Pts',(8.8863568848342,7.51065337415968,-93.2253578392934));
#4196=CARTESIAN_POINT('Ctrl Pts',(8.92308831562046,7.4641317506386,-92.9968624939143));
#4197=CARTESIAN_POINT('Ctrl Pts',(8.92308831562046,7.4641317506386,-92.9968624939143));
#4198=CARTESIAN_POINT('Ctrl Pts',(8.8863568848342,7.51065337415968,-93.2253578392934));
#4199=CARTESIAN_POINT('Ctrl Pts',(8.84964809657514,7.55018224437415,-93.4556438368804));
#4200=CARTESIAN_POINT('Ctrl Pts',(8.74744911247361,7.6422490575753,-93.9921179554043));
#4201=CARTESIAN_POINT('Ctrl Pts',(8.68195891663114,7.69478700056198,-94.298306076341));
#4202=CARTESIAN_POINT('Ctrl Pts',(8.44231621772862,7.8719144386803,-95.3307236241761));
#4203=CARTESIAN_POINT('Ctrl Pts',(7.80343442291984,8.29418336166265,-97.6868538651078));
#4204=CARTESIAN_POINT('Ctrl Pts',(6.01452945954241,9.61580706221654,-100.870143579927));
#4205=CARTESIAN_POINT('Ctrl Pts',(3.93721375828938,10.413118038226,-101.687508707083));
#4206=CARTESIAN_POINT('Ctrl Pts',(1.98684050357652,10.0931161036454,-100.334024437587));
#4207=CARTESIAN_POINT('Ctrl Pts',(-0.220332879629875,9.80504542084066,-100.606437088121));
#4208=CARTESIAN_POINT('Ctrl Pts',(-2.43181093574278,9.55252286273374,-100.333966131277));
#4209=CARTESIAN_POINT('Ctrl Pts',(-4.40066410502778,9.38155962252383,-101.68774193232));
#4210=CARTESIAN_POINT('Ctrl Pts',(-6.22721567585495,8.14194379880422,-100.869268985286));
#4211=CARTESIAN_POINT('Ctrl Pts',(-7.63132706655938,6.31295494957462,-97.6894290604403));
#4212=CARTESIAN_POINT('Ctrl Pts',(-8.16731721039025,5.92280858574955,-95.3280220985067));
#4213=CARTESIAN_POINT('Ctrl Pts',(-8.35784160595727,5.70109263374504,-94.2953583528096));
#4214=CARTESIAN_POINT('Ctrl Pts',(-8.40792290928817,5.62707909446782,-93.9893881832002));
#4215=CARTESIAN_POINT('Ctrl Pts',(-8.48123185890046,5.47883557202861,-93.4539500018941));
#4216=CARTESIAN_POINT('Ctrl Pts',(-8.50445950518183,5.40460558886661,-93.2244819901974));
#4217=CARTESIAN_POINT('Ctrl Pts',(-8.52581738454532,5.32167552600758,-92.9968624939143));
#4218=CARTESIAN_POINT('Ctrl Pts',(8.94577756957872,7.42761675741865,-92.9914275063273));
#4219=CARTESIAN_POINT('Ctrl Pts',(8.90392357470232,7.48090398068873,-93.3022924068495));
#4220=CARTESIAN_POINT('Ctrl Pts',(8.86382065825992,7.52616581894067,-93.5712699899852));
#4221=CARTESIAN_POINT('Ctrl Pts',(8.75423519273089,7.62834239537616,-94.2089994566143));
#4222=CARTESIAN_POINT('Ctrl Pts',(8.68617218718503,7.68513915648064,-94.5526932125765));
#4223=CARTESIAN_POINT('Ctrl Pts',(8.44715120579467,7.86903871856657,-95.64113903748));
#4224=CARTESIAN_POINT('Ctrl Pts',(7.80873501891867,8.30962067585832,-98.0995543644891));
#4225=CARTESIAN_POINT('Ctrl Pts',(6.03813267191885,9.60621532468597,-101.365455263869));
#4226=CARTESIAN_POINT('Ctrl Pts',(3.95680216976859,10.4103545598309,-102.28502786765));
#4227=CARTESIAN_POINT('Ctrl Pts',(1.95690539152908,10.0972364415658,-100.93537547632));
#4228=CARTESIAN_POINT('Ctrl Pts',(-0.219196538392148,9.79575703660238,-101.227144289484));
#4229=CARTESIAN_POINT('Ctrl Pts',(-2.40384274961005,9.56455636101233,-100.935293130825));
#4230=CARTESIAN_POINT('Ctrl Pts',(-4.41867027503194,9.37096599268369,-102.285357249626));
#4231=CARTESIAN_POINT('Ctrl Pts',(-6.24904307968699,8.1388204427153,-101.364220272328));
#4232=CARTESIAN_POINT('Ctrl Pts',(-7.63653631644851,6.29163139116163,-98.1031907284706));
#4233=CARTESIAN_POINT('Ctrl Pts',(-8.17488422407449,5.95294075307792,-95.6374044580793));
#4234=CARTESIAN_POINT('Ctrl Pts',(-8.36519671317227,5.74417960219524,-94.5481253271288));
#4235=CARTESIAN_POINT('Ctrl Pts',(-8.41693535532912,5.66723707008403,-94.2045941993173));
#4236=CARTESIAN_POINT('Ctrl Pts',(-8.49432536759335,5.50128544903866,-93.5680858650375));
#4237=CARTESIAN_POINT('Ctrl Pts',(-8.51920870610086,5.41827863765165,-93.2999987812158));
#4238=CARTESIAN_POINT('Ctrl Pts',(-8.54188210907844,5.30827949523231,-92.9905934996296));
#4239=CARTESIAN_POINT('Ctrl Pts',(8.96592715054847,7.38834338919813,-92.9916361521356));
#4240=CARTESIAN_POINT('Ctrl Pts',(8.9231075598907,7.44652929180492,-93.3316827154692));
#4241=CARTESIAN_POINT('Ctrl Pts',(8.87525976925724,7.5002646525078,-93.6838327682559));
#4242=CARTESIAN_POINT('Ctrl Pts',(8.75772737621134,7.61572122595475,-94.4216524159675));
#4243=CARTESIAN_POINT('Ctrl Pts',(8.68896463363039,7.67634528071149,-94.7990314644401));
#4244=CARTESIAN_POINT('Ctrl Pts',(8.44524426770909,7.87412282797393,-95.9808272227883));
#4245=CARTESIAN_POINT('Ctrl Pts',(7.80807498315268,8.33329945446765,-98.5430531912064));
#4246=CARTESIAN_POINT('Ctrl Pts',(6.05953166966996,9.59256525014477,-101.869907806445));
#4247=CARTESIAN_POINT('Ctrl Pts',(3.95493331539683,10.4042780333553,-102.926959466516));
#4248=CARTESIAN_POINT('Ctrl Pts',(1.86933371441277,10.1427662097446,-101.658659802975));
#4249=CARTESIAN_POINT('Ctrl Pts',(-0.222053842951251,9.8190109253272,-101.962817828493));
#4250=CARTESIAN_POINT('Ctrl Pts',(-2.32992785879588,9.63032014938991,-101.65856531229));
#4251=CARTESIAN_POINT('Ctrl Pts',(-4.41521923705497,9.36391881539935,-102.927337429253));
#4252=CARTESIAN_POINT('Ctrl Pts',(-6.2671326762936,8.12639933504871,-101.868490992657));
#4253=CARTESIAN_POINT('Ctrl Pts',(-7.63977351257449,6.29709870652028,-98.5472249206929));
#4254=CARTESIAN_POINT('Ctrl Pts',(-8.17582711644735,5.97325779260047,-95.9766404611245));
#4255=CARTESIAN_POINT('Ctrl Pts',(-8.36893985984038,5.76514719784906,-94.7935491976273));
#4256=CARTESIAN_POINT('Ctrl Pts',(-8.42082509788083,5.68807864330001,-94.4162189375095));
#4257=CARTESIAN_POINT('Ctrl Pts',(-8.50295975952236,5.50967210328515,-93.6795491177433));
#4258=CARTESIAN_POINT('Ctrl Pts',(-8.53269183921126,5.41068805752918,-93.3284677921037));
#4259=CARTESIAN_POINT('Ctrl Pts',(-8.55468497674054,5.29157747463181,-92.9900058327549));
#4260=CARTESIAN_POINT('Ctrl Pts',(9.00358546328196,7.28930294033056,-93.0096377286016));
#4261=CARTESIAN_POINT('Ctrl Pts',(8.95582409263413,7.36049565920477,-93.4344821575754));
#4262=CARTESIAN_POINT('Ctrl Pts',(8.89959400818987,7.42990077381066,-93.8834296759707));
#4263=CARTESIAN_POINT('Ctrl Pts',(8.76680844824596,7.57438298575852,-94.8045988753831));
#4264=CARTESIAN_POINT('Ctrl Pts',(8.69184378502598,7.64767222892131,-95.2636694746565));
#4265=CARTESIAN_POINT('Ctrl Pts',(8.4358815317263,7.87588042339313,-96.645351322861));
#4266=CARTESIAN_POINT('Ctrl Pts',(7.79968397056809,8.3656586722705,-99.426595220808));
#4267=CARTESIAN_POINT('Ctrl Pts',(6.10199757574298,9.53239697768962,-102.846732099697));
#4268=CARTESIAN_POINT('Ctrl Pts',(3.92941420432229,10.3634982156513,-104.218400435776));
#4269=CARTESIAN_POINT('Ctrl Pts',(1.64104179809743,10.2555211257496,-103.207821785936));
#4270=CARTESIAN_POINT('Ctrl Pts',(-0.229804850307996,9.88212637668864,-103.524270109281));
#4271=CARTESIAN_POINT('Ctrl Pts',(-2.13572259619201,9.79522450065222,-103.207719118797));
#4272=CARTESIAN_POINT('Ctrl Pts',(-4.38047975431687,9.32944460403327,-104.218811104333));
#4273=CARTESIAN_POINT('Ctrl Pts',(-6.2942025902304,8.06176857401128,-102.845193361083));
#4274=CARTESIAN_POINT('Ctrl Pts',(-7.6382190653987,6.31867917674017,-99.4311259511712));
#4275=CARTESIAN_POINT('Ctrl Pts',(-8.16785338533718,5.98377384260721,-96.6409662173629));
#4276=CARTESIAN_POINT('Ctrl Pts',(-8.36756166915046,5.76302245392084,-95.2573874486296));
#4277=CARTESIAN_POINT('Ctrl Pts',(-8.4232796177289,5.68055553742206,-94.7981113754136));
#4278=CARTESIAN_POINT('Ctrl Pts',(-8.51411572486096,5.47910936622158,-93.8778249270131));
#4279=CARTESIAN_POINT('Ctrl Pts',(-8.54824252451144,5.36339216706679,-93.4299310151));
#4280=CARTESIAN_POINT('Ctrl Pts',(-8.57074242246437,5.21956787012913,-93.0070014109745));
#4281=CARTESIAN_POINT('Ctrl Pts',(9.02109419504572,7.22953585968351,-93.0274306592595));
#4282=CARTESIAN_POINT('Ctrl Pts',(8.97191750677913,7.30711255222537,-93.479176549351));
#4283=CARTESIAN_POINT('Ctrl Pts',(8.9124476093821,7.38542468941674,-93.9623360077271));
#4284=CARTESIAN_POINT('Ctrl Pts',(8.77199974939739,7.5464452518193,-94.9667245098624));
#4285=CARTESIAN_POINT('Ctrl Pts',(8.69116324660442,7.62837135219196,-95.4898619965026));
#4286=CARTESIAN_POINT('Ctrl Pts',(8.42842573382911,7.87255390940497,-96.9701872376252));
#4287=CARTESIAN_POINT('Ctrl Pts',(7.7919529937495,8.37433911146402,-99.8666384236925));
#4288=CARTESIAN_POINT('Ctrl Pts',(6.12306448406491,9.48587877977567,-103.319103850375));
#4289=CARTESIAN_POINT('Ctrl Pts',(3.90576394761951,10.3287949244229,-104.86790980617));
#4290=CARTESIAN_POINT('Ctrl Pts',(1.50032155889839,10.3227462735757,-104.033699442242));
#4291=CARTESIAN_POINT('Ctrl Pts',(-0.234698553105639,9.92198793932528,-104.350048851058));
#4292=CARTESIAN_POINT('Ctrl Pts',(-2.01543222440231,9.89436506353695,-104.033600743838));
#4293=CARTESIAN_POINT('Ctrl Pts',(-4.34919130955573,9.30201756995152,-104.868304599786));
#4294=CARTESIAN_POINT('Ctrl Pts',(-6.30318290756059,8.00955892064045,-103.317625009182));
#4295=CARTESIAN_POINT('Ctrl Pts',(-7.63342742209692,6.33479233160141,-99.870992789427));
#4296=CARTESIAN_POINT('Ctrl Pts',(-8.15893676185416,5.97397285309141,-96.9660559705564));
#4297=CARTESIAN_POINT('Ctrl Pts',(-8.36184887725789,5.7408018540067,-95.4836908047384));
#4298=CARTESIAN_POINT('Ctrl Pts',(-8.42152395675387,5.65186716232793,-94.9602468465294));
#4299=CARTESIAN_POINT('Ctrl Pts',(-8.51647427773409,5.43901636833608,-93.9565442504835));
#4300=CARTESIAN_POINT('Ctrl Pts',(-8.55179125919581,5.31579559516723,-93.4743801387208));
#4301=CARTESIAN_POINT('Ctrl Pts',(-8.57399700052609,5.16426028622694,-93.0245846560689));
#4302=CARTESIAN_POINT('Ctrl Pts',(9.06965911652798,7.01949404910257,-93.1071858785077));
#4303=CARTESIAN_POINT('Ctrl Pts',(9.01275526797999,7.12498138205634,-93.6272561617282));
#4304=CARTESIAN_POINT('Ctrl Pts',(8.94286862549365,7.22904941820723,-94.2090952159802));
#4305=CARTESIAN_POINT('Ctrl Pts',(8.78398788886684,7.4316539259052,-95.4099604027185));
#4306=CARTESIAN_POINT('Ctrl Pts',(8.69499379472635,7.53019039745227,-96.0289865352048));
#4307=CARTESIAN_POINT('Ctrl Pts',(8.40963753915755,7.81346300869066,-97.812319854272));
#4308=CARTESIAN_POINT('Ctrl Pts',(7.7654291354304,8.3306610175561,-101.084006178839));
#4309=CARTESIAN_POINT('Ctrl Pts',(6.19188158461911,9.25989482694743,-104.612554150812));
#4310=CARTESIAN_POINT('Ctrl Pts',(3.83384076807105,10.1487439007203,-106.705933917032));
#4311=CARTESIAN_POINT('Ctrl Pts',(1.09162485025961,10.4652795652212,-106.453312536345));
#4312=CARTESIAN_POINT('Ctrl Pts',(-0.243507918823701,9.99376883008133,-106.752801671753));
#4313=CARTESIAN_POINT('Ctrl Pts',(-1.65327478015089,10.1307262054155,-106.453238403938));
#4314=CARTESIAN_POINT('Ctrl Pts',(-4.23618537886323,9.14795753964672,-106.706230446659));
#4315=CARTESIAN_POINT('Ctrl Pts',(-6.31400944339817,7.76145757814824,-104.611444436928));
#4316=CARTESIAN_POINT('Ctrl Pts',(-7.6008821351976,6.33469669337804,-101.087273669719));
#4317=CARTESIAN_POINT('Ctrl Pts',(-8.12248070777157,5.88366118084646,-97.8093255501641));
#4318=CARTESIAN_POINT('Ctrl Pts',(-8.33725341697442,5.60107969807465,-96.0241344081591));
#4319=CARTESIAN_POINT('Ctrl Pts',(-8.40117322386135,5.49737524939971,-95.4047011804528));
#4320=CARTESIAN_POINT('Ctrl Pts',(-8.50524152581543,5.25205663049573,-94.2041479690337));
#4321=CARTESIAN_POINT('Ctrl Pts',(-8.54539002088258,5.11044246026668,-93.6230279853208));
#4322=CARTESIAN_POINT('Ctrl Pts',(-8.56943830031067,4.94042918956787,-93.1045907593059));
#4323=CARTESIAN_POINT('Ctrl Pts',(9.10265504434455,6.69533696205287,-93.3554048657303));
#4324=CARTESIAN_POINT('Ctrl Pts',(9.0383308490285,6.83180866401309,-93.9286758945174));
#4325=CARTESIAN_POINT('Ctrl Pts',(8.96172388040195,6.95935700852064,-94.564881394941));
#4326=CARTESIAN_POINT('Ctrl Pts',(8.7904100375332,7.19599049376259,-95.8858988983095));
#4327=CARTESIAN_POINT('Ctrl Pts',(8.69570316329099,7.30507563449699,-96.5707109012546));
#4328=CARTESIAN_POINT('Ctrl Pts',(8.3941311436489,7.60371151773872,-98.5821630027455));
#4329=CARTESIAN_POINT('Ctrl Pts',(7.72118151670276,8.08650512837632,-102.43313157635));
#4330=CARTESIAN_POINT('Ctrl Pts',(6.29861472026059,8.72810459894612,-106.007381347143));
#4331=CARTESIAN_POINT('Ctrl Pts',(3.73535010349946,9.70616613573759,-108.861955397331));
#4332=CARTESIAN_POINT('Ctrl Pts',(0.582599929296838,10.4976115491934,-109.524743662311));
#4333=CARTESIAN_POINT('Ctrl Pts',(-0.23959575931481,9.96199989201253,-109.757583020313));
#4334=CARTESIAN_POINT('Ctrl Pts',(-1.16696797746283,10.283046269852,-109.524736044011));
#4335=CARTESIAN_POINT('Ctrl Pts',(-4.03446921418228,8.75113369108144,-108.861985870529));
#4336=CARTESIAN_POINT('Ctrl Pts',(-6.28547304810699,7.18672943514604,-106.007268963128));
#4337=CARTESIAN_POINT('Ctrl Pts',(-7.50903413401461,6.20540890159458,-102.433462484841));
#4338=CARTESIAN_POINT('Ctrl Pts',(-8.04798947930543,5.60082240799307,-98.5816858430479));
#4339=CARTESIAN_POINT('Ctrl Pts',(-8.26848217679005,5.23929572975756,-96.5701975212853));
#4340=CARTESIAN_POINT('Ctrl Pts',(-8.33381558009146,5.10891459843993,-95.88543474722));
#4341=CARTESIAN_POINT('Ctrl Pts',(-8.44144209515572,4.8249616622183,-94.5648082554705));
#4342=CARTESIAN_POINT('Ctrl Pts',(-8.48373520691858,4.67138985731428,-93.928944537786));
#4343=CARTESIAN_POINT('Ctrl Pts',(-8.51115218966968,4.50449961739634,-93.3562465432934));
#4344=CARTESIAN_POINT('Ctrl Pts',(9.09808277380572,6.36169723669435,-93.7618264079716));
#4345=CARTESIAN_POINT('Ctrl Pts',(9.0351527772126,6.46638540786282,-94.2888837602246));
#4346=CARTESIAN_POINT('Ctrl Pts',(8.95732528593084,6.55472329916258,-94.8840474863838));
#4347=CARTESIAN_POINT('Ctrl Pts',(8.78293690742957,6.7004202759506,-96.1242992809152));
#4348=CARTESIAN_POINT('Ctrl Pts',(8.68637602021006,6.75777936143885,-96.7693873492874));
#4349=CARTESIAN_POINT('Ctrl Pts',(8.38518565480426,6.8859710400752,-98.6501054593242));
#4350=CARTESIAN_POINT('Ctrl Pts',(7.73677410900358,6.96681208603426,-102.19335729908));
#4351=CARTESIAN_POINT('Ctrl Pts',(6.50052329618433,7.33933459952691,-105.936861988329));
#4352=CARTESIAN_POINT('Ctrl Pts',(3.96980332518222,8.5065582065248,-109.128668528105));
#4353=CARTESIAN_POINT('Ctrl Pts',(1.13937614499149,9.23654302947713,-110.026363516829));
#4354=CARTESIAN_POINT('Ctrl Pts',(-0.109153345191418,8.8996474168934,-110.127346650397));
#4355=CARTESIAN_POINT('Ctrl Pts',(-1.40208760826652,8.92436919376448,-110.026367146501));
#4356=CARTESIAN_POINT('Ctrl Pts',(-3.97190201550236,7.53192470232146,-109.128654009419));
#4357=CARTESIAN_POINT('Ctrl Pts',(-6.14485446279086,5.78505990533613,-105.936910380228));
#4358=CARTESIAN_POINT('Ctrl Pts',(-7.25492185177277,5.13082603285577,-102.193214811822));
#4359=CARTESIAN_POINT('Ctrl Pts',(-7.86410584518066,4.89160998996887,-98.6500814936639));
#4360=CARTESIAN_POINT('Ctrl Pts',(-8.12466322010015,4.68792779366989,-96.7695583397781));
#4361=CARTESIAN_POINT('Ctrl Pts',(-8.2041765747759,4.60602136576098,-96.1245578726818));
#4362=CARTESIAN_POINT('Ctrl Pts',(-8.33725068132758,4.41399740614662,-94.8845626264765));
#4363=CARTESIAN_POINT('Ctrl Pts',(-8.39081143320351,4.30387987444116,-94.2895678473675));
#4364=CARTESIAN_POINT('Ctrl Pts',(-8.42575868591037,4.17956360141509,-93.7627381720471));
#4365=CARTESIAN_POINT('Ctrl Pts',(9.06337653137763,6.09104823983401,-94.1190230273955));
#4366=CARTESIAN_POINT('Ctrl Pts',(9.00490530418173,6.16517601074435,-94.5819041360397));
#4367=CARTESIAN_POINT('Ctrl Pts',(8.9345234762298,6.2132076695615,-95.0910457680406));
#4368=CARTESIAN_POINT('Ctrl Pts',(8.77352397122363,6.27092184548182,-96.169836089836));
#4369=CARTESIAN_POINT('Ctrl Pts',(8.68308943907012,6.28281110659233,-96.7386887997624));
#4370=CARTESIAN_POINT('Ctrl Pts',(8.40267734435669,6.26505266841906,-98.3853494750226));
#4371=CARTESIAN_POINT('Ctrl Pts',(7.76866242026732,6.08035168332006,-101.685701372716));
#4372=CARTESIAN_POINT('Ctrl Pts',(6.6466962168597,6.28365709417569,-105.493331876083));
#4373=CARTESIAN_POINT('Ctrl Pts',(4.17937541211088,7.42343629459692,-108.735895269869));
#4374=CARTESIAN_POINT('Ctrl Pts',(1.64504208027114,8.00916715952348,-109.668028421039));
#4375=CARTESIAN_POINT('Ctrl Pts',(0.0259766962183861,7.79910177675891,-109.68327507463));
#4376=CARTESIAN_POINT('Ctrl Pts',(-1.59580345381265,7.61111454495651,-109.668032215074));
#4377=CARTESIAN_POINT('Ctrl Pts',(-3.91322027854917,6.43029776099589,-108.735880093729));
#4378=CARTESIAN_POINT('Ctrl Pts',(-6.03129299660754,4.72536928903112,-105.493380535076));
#4379=CARTESIAN_POINT('Ctrl Pts',(-7.07141148148511,4.26300876559202,-101.685558099015));
#4380=CARTESIAN_POINT('Ctrl Pts',(-7.73071738451591,4.28350234970923,-98.3853679796147));
#4381=CARTESIAN_POINT('Ctrl Pts',(-8.00643302570762,4.22656478845406,-96.738899135123));
#4382=CARTESIAN_POINT('Ctrl Pts',(-8.09103329485514,4.19055694312198,-96.1701250175387));
#4383=CARTESIAN_POINT('Ctrl Pts',(-8.23267805584995,4.08978425702656,-95.0915111601632));
#4384=CARTESIAN_POINT('Ctrl Pts',(-8.28904627078495,4.02325938519409,-94.5824571928835));
#4385=CARTESIAN_POINT('Ctrl Pts',(-8.32755129758786,3.93436027760332,-94.1196617710059));
#4386=CARTESIAN_POINT('Ctrl Pts',(9.0494788753282,6.00260089206708,-94.2301547175165));
#4387=CARTESIAN_POINT('Ctrl Pts',(8.99166707544089,6.05955179011884,-94.6750473617759));
#4388=CARTESIAN_POINT('Ctrl Pts',(8.92367239568816,6.09302906843072,-95.1546491474386));
#4389=CARTESIAN_POINT('Ctrl Pts',(8.76975164438362,6.11811890747394,-96.1628044464707));
#4390=CARTESIAN_POINT('Ctrl Pts',(8.68567510318951,6.10836228186245,-96.6779532718918));
#4391=CARTESIAN_POINT('Ctrl Pts',(8.41254137523848,6.04431104229893,-98.2444786757994));
#4392=CARTESIAN_POINT('Ctrl Pts',(7.78265750186158,5.77708311225572,-101.461845194193));
#4393=CARTESIAN_POINT('Ctrl Pts',(6.69454410520692,5.92941459142749,-105.280381739812));
#4394=CARTESIAN_POINT('Ctrl Pts',(4.25485480286487,7.03182632978457,-108.506169499404));
#4395=CARTESIAN_POINT('Ctrl Pts',(1.82827802094913,7.55311278951118,-109.426158391329));
#4396=CARTESIAN_POINT('Ctrl Pts',(0.077236415157864,7.38162301608156,-109.415018832987));
#4397=CARTESIAN_POINT('Ctrl Pts',(-1.66327142273526,7.12432185506346,-109.42616086155));
#4398=CARTESIAN_POINT('Ctrl Pts',(-3.89170030990757,6.03188541392811,-108.506159618522));
#4399=CARTESIAN_POINT('Ctrl Pts',(-5.9920895866804,4.37073267210484,-105.280410435362));
#4400=CARTESIAN_POINT('Ctrl Pts',(-7.0114203316215,3.96342299055249,-101.461760701739));
#4401=CARTESIAN_POINT('Ctrl Pts',(-7.68700860844913,4.06810008183245,-98.2444617662631));
#4402=CARTESIAN_POINT('Ctrl Pts',(-7.96697990523516,4.05897301182905,-96.678093891862));
#4403=CARTESIAN_POINT('Ctrl Pts',(-8.0506665305592,4.04568638588735,-96.1630181992844));
#4404=CARTESIAN_POINT('Ctrl Pts',(-8.19341566983966,3.97904821447549,-95.1550161306309));
#4405=CARTESIAN_POINT('Ctrl Pts',(-8.25099168184798,3.92725166692995,-94.6755011379776));
#4406=CARTESIAN_POINT('Ctrl Pts',(-8.29305209411547,3.85555831941806,-94.2306826784113));
#4407=CARTESIAN_POINT('Ctrl Pts',(9.01702574608256,5.82924416557291,-94.4365503983847));
#4408=CARTESIAN_POINT('Ctrl Pts',(8.96443038330568,5.8456774021361,-94.8172859931864));
#4409=CARTESIAN_POINT('Ctrl Pts',(8.90525457939188,5.84372328414244,-95.2153870077751));
#4410=CARTESIAN_POINT('Ctrl Pts',(8.76844296996373,5.80297688574137,-96.0665259455881));
#4411=CARTESIAN_POINT('Ctrl Pts',(8.69173116611493,5.76185124481334,-96.5120974057775));
#4412=CARTESIAN_POINT('Ctrl Pts',(8.43526427655484,5.61136021563779,-97.9098526306504));
#4413=CARTESIAN_POINT('Ctrl Pts',(7.81700458537989,5.20192173172084,-100.949526457615));
#4414=CARTESIAN_POINT('Ctrl Pts',(6.78166216124998,5.26744081875129,-104.750745330399));
#4415=CARTESIAN_POINT('Ctrl Pts',(4.40187067681524,6.20421280291513,-107.868395677163));
#4416=CARTESIAN_POINT('Ctrl Pts',(2.17217921801835,6.58105434088387,-108.735756543035));
#4417=CARTESIAN_POINT('Ctrl Pts',(0.190496827532043,6.45918632389492,-108.682497807939));
#4418=CARTESIAN_POINT('Ctrl Pts',(-1.76180626970891,6.09805037568894,-108.735755683953));
#4419=CARTESIAN_POINT('Ctrl Pts',(-3.83408539327769,5.19284969117694,-107.868399113491));
#4420=CARTESIAN_POINT('Ctrl Pts',(-5.91663914010458,3.708924040454,-104.750726226266));
#4421=CARTESIAN_POINT('Ctrl Pts',(-6.90511647015731,3.39239232492833,-100.949582708674));
#4422=CARTESIAN_POINT('Ctrl Pts',(-7.60463402665144,3.64554600165323,-97.9097438029009));
#4423=CARTESIAN_POINT('Ctrl Pts',(-7.88964607170401,3.72719493307391,-96.5120590877406));
#4424=CARTESIAN_POINT('Ctrl Pts',(-7.97385896452246,3.74692325905718,-96.0665366389748));
#4425=CARTESIAN_POINT('Ctrl Pts',(-8.11606948644323,3.74959429503755,-95.215511857022));
#4426=CARTESIAN_POINT('Ctrl Pts',(-8.17370854260693,3.73477153400383,-94.8174836549528));
#4427=CARTESIAN_POINT('Ctrl Pts',(-8.2205268724409,3.70381936921819,-94.4368172420605));
#4428=CARTESIAN_POINT('Ctrl Pts',(8.99847027288635,5.74433478684568,-94.5318143891319));
#4429=CARTESIAN_POINT('Ctrl Pts',(8.94691921010729,5.74326342992979,-94.8921500621613));
#4430=CARTESIAN_POINT('Ctrl Pts',(8.89708492578196,5.71694624214754,-95.2189983670328));
#4431=CARTESIAN_POINT('Ctrl Pts',(8.77065839175027,5.64453571292774,-95.9818116345373));
#4432=CARTESIAN_POINT('Ctrl Pts',(8.69652639276267,5.59082858536011,-96.3981933015449));
#4433=CARTESIAN_POINT('Ctrl Pts',(8.44812314698941,5.39915101509678,-97.7160973847245));
#4434=CARTESIAN_POINT('Ctrl Pts',(7.83735658730393,4.93002892225031,-100.661063899561));
#4435=CARTESIAN_POINT('Ctrl Pts',(6.82093232894583,4.9597095488233,-104.434059057257));
#4436=CARTESIAN_POINT('Ctrl Pts',(4.47340716001163,5.76820924085802,-107.460347625386));
#4437=CARTESIAN_POINT('Ctrl Pts',(2.33284447440958,6.06505026226886,-108.28722472445));
#4438=CARTESIAN_POINT('Ctrl Pts',(0.252497520966745,5.95422839238564,-108.218233024536));
#4439=CARTESIAN_POINT('Ctrl Pts',(-1.79287314775996,5.55857158620747,-108.28722185988));
#4440=CARTESIAN_POINT('Ctrl Pts',(-3.79799044528941,4.75222631549354,-107.460359083666));
#4441=CARTESIAN_POINT('Ctrl Pts',(-5.88039210345589,3.40175202572942,-104.434012116882));
#4442=CARTESIAN_POINT('Ctrl Pts',(-6.85880375855674,3.12094743434368,-100.661202112886));
#4443=CARTESIAN_POINT('Ctrl Pts',(-7.56596822092053,3.4383941893508,-97.7159320528904));
#4444=CARTESIAN_POINT('Ctrl Pts',(-7.85329630885585,3.56363937849291,-96.3980475008597));
#4445=CARTESIAN_POINT('Ctrl Pts',(-7.93811148170918,3.5967887298754,-95.9816969929284));
#4446=CARTESIAN_POINT('Ctrl Pts',(-8.07797841562425,3.6333902857599,-95.2189768345045));
#4447=CARTESIAN_POINT('Ctrl Pts',(-8.13246019400091,3.64458900452853,-94.8921976399039));
#4448=CARTESIAN_POINT('Ctrl Pts',(-8.18250085423873,3.63088237720358,-94.5319308983042));
#4449=CARTESIAN_POINT('Ctrl Pts',(8.97734643562814,5.6517563137643,-94.6318648358453));
#4450=CARTESIAN_POINT('Ctrl Pts',(8.93354813684785,5.62351199164535,-94.9215998098234));
#4451=CARTESIAN_POINT('Ctrl Pts',(8.88832532552352,5.58800287920636,-95.2095913876572));
#4452=CARTESIAN_POINT('Ctrl Pts',(8.77371892313664,5.49149155757923,-95.8755031036159));
#4453=CARTESIAN_POINT('Ctrl Pts',(8.70433533207409,5.4304893483911,-96.2534232417408));
#4454=CARTESIAN_POINT('Ctrl Pts',(8.4599433892791,5.20924307570296,-97.522076496552));
#4455=CARTESIAN_POINT('Ctrl Pts',(7.8606998650514,4.69729364453319,-100.362632498376));
#4456=CARTESIAN_POINT('Ctrl Pts',(6.85250119453489,4.70083951267998,-104.078743412766));
#4457=CARTESIAN_POINT('Ctrl Pts',(4.53537870720598,5.3183814090592,-106.97277864335));
#4458=CARTESIAN_POINT('Ctrl Pts',(2.45625841759594,5.53602555507888,-107.754456114772));
#4459=CARTESIAN_POINT('Ctrl Pts',(0.319022817093793,5.41242150401029,-107.678192082427));
#4460=CARTESIAN_POINT('Ctrl Pts',(-1.78464291453223,5.01544783742796,-107.754451941642));
#4461=CARTESIAN_POINT('Ctrl Pts',(-3.74927990761165,4.30059527782047,-106.972795335867));
#4462=CARTESIAN_POINT('Ctrl Pts',(-5.84845102795169,3.1434510246978,-104.078680815825));
#4463=CARTESIAN_POINT('Ctrl Pts',(-6.82499051165357,2.8879567808322,-100.362816811592));
#4464=CARTESIAN_POINT('Ctrl Pts',(-7.53159134137068,3.25219255374633,-97.5218831415561));
#4465=CARTESIAN_POINT('Ctrl Pts',(-7.82231903667621,3.40842011761255,-96.2532093720322));
#4466=CARTESIAN_POINT('Ctrl Pts',(-7.90435036761387,3.45035674405614,-95.8753034195913));
#4467=CARTESIAN_POINT('Ctrl Pts',(-8.03865722782751,3.51395154058635,-95.2094621228436));
#4468=CARTESIAN_POINT('Ctrl Pts',(-8.09093275710348,3.53560971067297,-94.9215267785369));
#4469=CARTESIAN_POINT('Ctrl Pts',(-8.14001050527764,3.55000915795692,-94.6318648358453));
#4470=UNCERTAINTY_MEASURE_WITH_UNIT(LENGTH_MEASURE(0.01),#4474,
'DISTANCE_ACCURACY_VALUE',
'Maximum model space distance between geometric entities at asserted c
onnectivities');
#4471=UNCERTAINTY_MEASURE_WITH_UNIT(LENGTH_MEASURE(0.01),#4474,
'DISTANCE_ACCURACY_VALUE',
'Maximum model space distance between geometric entities at asserted c
onnectivities');
#4472=(
GEOMETRIC_REPRESENTATION_CONTEXT(3)
GLOBAL_UNCERTAINTY_ASSIGNED_CONTEXT((#4470))
GLOBAL_UNIT_ASSIGNED_CONTEXT((#4474,#4476,#4477))
REPRESENTATION_CONTEXT('','3D')
);
#4473=(
GEOMETRIC_REPRESENTATION_CONTEXT(3)
GLOBAL_UNCERTAINTY_ASSIGNED_CONTEXT((#4471))
GLOBAL_UNIT_ASSIGNED_CONTEXT((#4474,#4476,#4477))
REPRESENTATION_CONTEXT('','3D')
);
#4474=(
LENGTH_UNIT()
NAMED_UNIT(*)
SI_UNIT(.MILLI.,.METRE.)
);
#4475=(
LENGTH_UNIT()
NAMED_UNIT(*)
SI_UNIT($,.METRE.)
);
#4476=(
NAMED_UNIT(*)
PLANE_ANGLE_UNIT()
SI_UNIT($,.RADIAN.)
);
#4477=(
NAMED_UNIT(*)
SI_UNIT($,.STERADIAN.)
SOLID_ANGLE_UNIT()
);
#4478=SHAPE_DEFINITION_REPRESENTATION(#4479,#4480);
#4479=PRODUCT_DEFINITION_SHAPE('',$,#4482);
#4480=SHAPE_REPRESENTATION('',(#415),#4472);
#4481=PRODUCT_DEFINITION_CONTEXT('part definition',#4486,'design');
#4482=PRODUCT_DEFINITION('2026-09-24-14-42-03-659','inner_right',#4483,
#4481);
#4483=PRODUCT_DEFINITION_FORMATION('',$,#4488);
#4484=PRODUCT_RELATED_PRODUCT_CATEGORY('inner_right','inner_right',(#4488));
#4485=APPLICATION_PROTOCOL_DEFINITION('international standard',
'automotive_design',2009,#4486);
#4486=APPLICATION_CONTEXT(
'Core Data for Automotive Mechanical Design Process');
#4487=PRODUCT_CONTEXT('part definition',#4486,'mechanical');
#4488=PRODUCT('2026-09-24-14-42-03-659','inner_right',$,(#4487));
#4489=PRESENTATION_STYLE_ASSIGNMENT((#4491));
#4490=PRESENTATION_STYLE_ASSIGNMENT((#4492));
#4491=SURFACE_STYLE_USAGE(.BOTH.,#4493);
#4492=SURFACE_STYLE_USAGE(.BOTH.,#4494);
#4493=SURFACE_SIDE_STYLE('',(#4495));
#4494=SURFACE_SIDE_STYLE('',(#4496));
#4495=SURFACE_STYLE_FILL_AREA(#4497);
#4496=SURFACE_STYLE_FILL_AREA(#4498);
#4497=FILL_AREA_STYLE('\X2\92FC\X0\ - \X2\30B530C630F3\X0\',(#4499));
#4498=FILL_AREA_STYLE('Opaque(160,160,160)',(#4500));
#4499=FILL_AREA_STYLE_COLOUR('\X2\92FC\X0\ - \X2\30B530C630F3\X0\',#4501);
#4500=FILL_AREA_STYLE_COLOUR('Opaque(160,160,160)',#4502);
#4501=COLOUR_RGB('\X2\92FC\X0\ - \X2\30B530C630F3\X0\',0.627450980392157,
0.627450980392157,0.627450980392157);
#4502=COLOUR_RGB('Opaque(160,160,160)',0.627450980392157,0.627450980392157,
0.627450980392157);
ENDSEC;
END-ISO-10303-21;
