ISO-10303-21;
HEADER;
/* Generated by software containing ST-Developer
 * from STEP Tools, Inc. (www.steptools.com) 
 */

FILE_DESCRIPTION(
/* description */ (''),
/* implementation_level */ '2;1');

FILE_NAME(
/* name */ 'mold_pinky_inner_left.step',
/* time_stamp */ '2026-09-24T14:36:44+09:00',
/* author */ (''),
/* organization */ (''),
/* preprocessor_version */ 'ST-DEVELOPER v20.2',
/* originating_system */ 'Autodesk Translation Framework v15.15.0.0',
/* authorisation */ '');

FILE_SCHEMA (('AUTOMOTIVE_DESIGN { 1 0 10303 214 3 1 1 }'));
ENDSEC;

DATA;
#10=MECHANICAL_DESIGN_GEOMETRIC_PRESENTATION_REPRESENTATION('',(#13),#7313);
#11=SHAPE_REPRESENTATION_RELATIONSHIP('SRR','None',#7320,#12);
#12=ADVANCED_BREP_SHAPE_REPRESENTATION('',(#14),#7312);
#13=STYLED_ITEM('',(#7330),#14);
#14=MANIFOLD_SOLID_BREP('\X2\30DC30C730A3\X0\1',#2010);
#15=CYLINDRICAL_SURFACE('',#2089,6.);
#16=CYLINDRICAL_SURFACE('',#2091,6.);
#17=CYLINDRICAL_SURFACE('',#2093,1.65);
#18=CYLINDRICAL_SURFACE('',#2094,1.65);
#19=CYLINDRICAL_SURFACE('',#2095,1.65);
#20=CIRCLE('',#2074,6.);
#21=CIRCLE('',#2075,6.);
#22=CIRCLE('',#2076,1.65);
#23=CIRCLE('',#2077,1.65);
#24=CIRCLE('',#2078,1.65);
#25=CIRCLE('',#2079,0.200000000000001);
#26=CIRCLE('',#2080,0.200000000000002);
#27=CIRCLE('',#2084,6.);
#28=CIRCLE('',#2085,6.);
#29=CIRCLE('',#2086,1.65);
#30=CIRCLE('',#2087,1.65);
#31=CIRCLE('',#2088,1.65);
#32=FACE_BOUND('',#367,.T.);
#33=FACE_BOUND('',#369,.T.);
#34=FACE_BOUND('',#370,.T.);
#35=FACE_BOUND('',#371,.T.);
#36=FACE_BOUND('',#372,.T.);
#37=FACE_BOUND('',#373,.T.);
#38=FACE_BOUND('',#374,.T.);
#39=FACE_BOUND('',#375,.T.);
#40=FACE_BOUND('',#376,.T.);
#41=FACE_BOUND('',#377,.T.);
#42=FACE_BOUND('',#390,.T.);
#43=FACE_BOUND('',#391,.T.);
#44=FACE_BOUND('',#392,.T.);
#45=B_SPLINE_CURVE_WITH_KNOTS('',3,(#2477,#2478,#2479,#2480,#2481,#2482),
 .UNSPECIFIED.,.F.,.F.,(4,2,4),(0.,0.0133374808742238,0.0265706655257354),
 .UNSPECIFIED.);
#46=B_SPLINE_CURVE_WITH_KNOTS('',3,(#2486,#2487,#2488,#2489,#2490,#2491),
 .UNSPECIFIED.,.F.,.F.,(4,2,4),(0.,0.0133374808742238,0.0265706655257354),
 .UNSPECIFIED.);
#47=B_SPLINE_CURVE_WITH_KNOTS('',3,(#2506,#2507,#2508,#2509,#2510,#2511),
 .UNSPECIFIED.,.F.,.F.,(4,2,4),(0.,0.0171315167013345,0.0342196796197186),
 .UNSPECIFIED.);
#48=B_SPLINE_CURVE_WITH_KNOTS('',3,(#2514,#2515,#2516,#2517,#2518,#2519),
 .UNSPECIFIED.,.F.,.F.,(4,2,4),(0.,0.0171315167013345,0.0342196796197186),
 .UNSPECIFIED.);
#49=B_SPLINE_CURVE_WITH_KNOTS('',3,(#2533,#2534,#2535,#2536,#2537,#2538),
 .UNSPECIFIED.,.F.,.F.,(4,2,4),(0.,0.0177343168904113,0.035663558477833),
 .UNSPECIFIED.);
#50=B_SPLINE_CURVE_WITH_KNOTS('',3,(#2541,#2542,#2543,#2544,#2545,#2546),
 .UNSPECIFIED.,.F.,.F.,(4,2,4),(0.,0.0177343168904113,0.035663558477833),
 .UNSPECIFIED.);
#51=B_SPLINE_CURVE_WITH_KNOTS('',3,(#2560,#2561,#2562,#2563,#2564,#2565),
 .UNSPECIFIED.,.F.,.F.,(4,2,4),(0.,0.0267691143216479,0.0552498892350028),
 .UNSPECIFIED.);
#52=B_SPLINE_CURVE_WITH_KNOTS('',3,(#2568,#2569,#2570,#2571,#2572,#2573),
 .UNSPECIFIED.,.F.,.F.,(4,2,4),(0.,0.0267691143216479,0.0552498892350028),
 .UNSPECIFIED.);
#53=B_SPLINE_CURVE_WITH_KNOTS('',3,(#2605,#2606,#2607,#2608,#2609,#2610),
 .UNSPECIFIED.,.F.,.F.,(4,2,4),(0.,0.0259129953389587,0.0518269853394519),
 .UNSPECIFIED.);
#54=B_SPLINE_CURVE_WITH_KNOTS('',3,(#2613,#2614,#2615,#2616,#2617,#2618),
 .UNSPECIFIED.,.F.,.F.,(4,2,4),(0.,0.0259129953389587,0.0518269853394519),
 .UNSPECIFIED.);
#55=B_SPLINE_CURVE_WITH_KNOTS('',3,(#2632,#2633,#2634,#2635,#2636,#2637),
 .UNSPECIFIED.,.F.,.F.,(4,2,4),(0.,0.0272151303954841,0.0544150752475264),
 .UNSPECIFIED.);
#56=B_SPLINE_CURVE_WITH_KNOTS('',3,(#2640,#2641,#2642,#2643,#2644,#2645),
 .UNSPECIFIED.,.F.,.F.,(4,2,4),(0.,0.0272151303954841,0.0544150752475264),
 .UNSPECIFIED.);
#57=B_SPLINE_CURVE_WITH_KNOTS('',3,(#2677,#2678,#2679,#2680,#2681,#2682),
 .UNSPECIFIED.,.F.,.F.,(4,2,4),(0.,0.00548099420249291,0.0107521305401465),
 .UNSPECIFIED.);
#58=B_SPLINE_CURVE_WITH_KNOTS('',3,(#2685,#2686,#2687,#2688,#2689,#2690),
 .UNSPECIFIED.,.F.,.F.,(4,2,4),(0.,0.00548099420249291,0.0107521305401465),
 .UNSPECIFIED.);
#59=B_SPLINE_CURVE_WITH_KNOTS('',3,(#2704,#2705,#2706,#2707,#2708,#2709),
 .UNSPECIFIED.,.F.,.F.,(4,2,4),(0.,0.0166540436671482,0.0317663074476929),
 .UNSPECIFIED.);
#60=B_SPLINE_CURVE_WITH_KNOTS('',3,(#2712,#2713,#2714,#2715,#2716,#2717),
 .UNSPECIFIED.,.F.,.F.,(4,2,4),(0.,0.0166540436671482,0.0317663074476929),
 .UNSPECIFIED.);
#61=B_SPLINE_CURVE_WITH_KNOTS('',3,(#2731,#2732,#2733,#2734,#2735,#2736),
 .UNSPECIFIED.,.F.,.F.,(4,2,4),(0.,0.00862536531623174,0.0172491718684443),
 .UNSPECIFIED.);
#62=B_SPLINE_CURVE_WITH_KNOTS('',3,(#2739,#2740,#2741,#2742,#2743,#2744),
 .UNSPECIFIED.,.F.,.F.,(4,2,4),(0.,0.00862536531623174,0.0172491718684443),
 .UNSPECIFIED.);
#63=B_SPLINE_CURVE_WITH_KNOTS('',3,(#2758,#2759,#2760,#2761,#2762,#2763),
 .UNSPECIFIED.,.F.,.F.,(4,2,4),(0.,0.0102220623618952,0.0206066542312701),
 .UNSPECIFIED.);
#64=B_SPLINE_CURVE_WITH_KNOTS('',3,(#2766,#2767,#2768,#2769,#2770,#2771),
 .UNSPECIFIED.,.F.,.F.,(4,2,4),(0.,0.0102220623618952,0.0206066542312701),
 .UNSPECIFIED.);
#65=B_SPLINE_CURVE_WITH_KNOTS('',3,(#2785,#2786,#2787,#2788,#2789,#2790),
 .UNSPECIFIED.,.F.,.F.,(4,2,4),(0.,0.0107188988517083,0.0215631372348546),
 .UNSPECIFIED.);
#66=B_SPLINE_CURVE_WITH_KNOTS('',3,(#2793,#2794,#2795,#2796,#2797,#2798),
 .UNSPECIFIED.,.F.,.F.,(4,2,4),(0.,0.0107188988517083,0.0215631372348546),
 .UNSPECIFIED.);
#67=B_SPLINE_CURVE_WITH_KNOTS('',3,(#2904,#2905,#2906,#2907,#2908,#2909),
 .UNSPECIFIED.,.F.,.F.,(4,2,4),(0.,0.0352944243512899,0.0691486106002441),
 .UNSPECIFIED.);
#68=B_SPLINE_CURVE_WITH_KNOTS('',3,(#2912,#2913,#2914,#2915,#2916,#2917),
 .UNSPECIFIED.,.F.,.F.,(4,2,4),(0.,0.0352944243512899,0.0691486106002441),
 .UNSPECIFIED.);
#69=B_SPLINE_CURVE_WITH_KNOTS('',3,(#2931,#2932,#2933,#2934,#2935,#2936),
 .UNSPECIFIED.,.F.,.F.,(4,2,4),(0.,0.0225290742229671,0.0450617601954681),
 .UNSPECIFIED.);
#70=B_SPLINE_CURVE_WITH_KNOTS('',3,(#2939,#2940,#2941,#2942,#2943,#2944),
 .UNSPECIFIED.,.F.,.F.,(4,2,4),(0.,0.0225290742229671,0.0450617601954681),
 .UNSPECIFIED.);
#71=B_SPLINE_CURVE_WITH_KNOTS('',3,(#2958,#2959,#2960,#2961,#2962,#2963),
 .UNSPECIFIED.,.F.,.F.,(4,2,4),(0.,0.0143644910240455,0.0286910980120763),
 .UNSPECIFIED.);
#72=B_SPLINE_CURVE_WITH_KNOTS('',3,(#2966,#2967,#2968,#2969,#2970,#2971),
 .UNSPECIFIED.,.F.,.F.,(4,2,4),(0.,0.0143644910240455,0.0286910980120763),
 .UNSPECIFIED.);
#73=B_SPLINE_CURVE_WITH_KNOTS('',3,(#2985,#2986,#2987,#2988,#2989,#2990),
 .UNSPECIFIED.,.F.,.F.,(4,2,4),(0.,0.0125312960501272,0.025055235420127),
 .UNSPECIFIED.);
#74=B_SPLINE_CURVE_WITH_KNOTS('',3,(#2993,#2994,#2995,#2996,#2997,#2998),
 .UNSPECIFIED.,.F.,.F.,(4,2,4),(0.,0.0125312960501272,0.025055235420127),
 .UNSPECIFIED.);
#75=B_SPLINE_CURVE_WITH_KNOTS('',3,(#3012,#3013,#3014,#3015,#3016,#3017),
 .UNSPECIFIED.,.F.,.F.,(4,2,4),(0.,0.0170736092079769,0.0348003874902893),
 .UNSPECIFIED.);
#76=B_SPLINE_CURVE_WITH_KNOTS('',3,(#3020,#3021,#3022,#3023,#3024,#3025),
 .UNSPECIFIED.,.F.,.F.,(4,2,4),(0.,0.0170736092079769,0.0348003874902893),
 .UNSPECIFIED.);
#77=B_SPLINE_CURVE_WITH_KNOTS('',3,(#3057,#3058,#3059,#3060,#3061,#3062),
 .UNSPECIFIED.,.F.,.F.,(4,2,4),(0.,0.0205392894112327,0.0398627854847231),
 .UNSPECIFIED.);
#78=B_SPLINE_CURVE_WITH_KNOTS('',3,(#3065,#3066,#3067,#3068,#3069,#3070),
 .UNSPECIFIED.,.F.,.F.,(4,2,4),(0.,0.0205392894112327,0.0398627854847231),
 .UNSPECIFIED.);
#79=B_SPLINE_CURVE_WITH_KNOTS('',3,(#3084,#3085,#3086,#3087,#3088,#3089),
 .UNSPECIFIED.,.F.,.F.,(4,2,4),(0.,0.0158104324729668,0.0315859076125147),
 .UNSPECIFIED.);
#80=B_SPLINE_CURVE_WITH_KNOTS('',3,(#3092,#3093,#3094,#3095,#3096,#3097),
 .UNSPECIFIED.,.F.,.F.,(4,2,4),(0.,0.0158104324729668,0.0315859076125147),
 .UNSPECIFIED.);
#81=B_SPLINE_CURVE_WITH_KNOTS('',3,(#3111,#3112,#3113,#3114,#3115,#3116),
 .UNSPECIFIED.,.F.,.F.,(4,2,4),(0.,0.0157814691357128,0.0316785086329232),
 .UNSPECIFIED.);
#82=B_SPLINE_CURVE_WITH_KNOTS('',3,(#3119,#3120,#3121,#3122,#3123,#3124),
 .UNSPECIFIED.,.F.,.F.,(4,2,4),(0.,0.0157814691357128,0.0316785086329232),
 .UNSPECIFIED.);
#83=B_SPLINE_CURVE_WITH_KNOTS('',3,(#3138,#3139,#3140,#3141,#3142,#3143),
 .UNSPECIFIED.,.F.,.F.,(4,2,4),(0.,0.0185881839000678,0.0371975353052095),
 .UNSPECIFIED.);
#84=B_SPLINE_CURVE_WITH_KNOTS('',3,(#3146,#3147,#3148,#3149,#3150,#3151),
 .UNSPECIFIED.,.F.,.F.,(4,2,4),(0.,0.0185881839000678,0.0371975353052095),
 .UNSPECIFIED.);
#85=B_SPLINE_CURVE_WITH_KNOTS('',3,(#3169,#3170,#3171,#3172,#3173,#3174,
#3175,#3176),.UNSPECIFIED.,.F.,.F.,(4,2,2,4),(0.,0.0430609289612802,0.0646879337358226,
0.0875519477681209),.UNSPECIFIED.);
#86=B_SPLINE_CURVE_WITH_KNOTS('',3,(#3179,#3180,#3181,#3182,#3183,#3184,
#3185,#3186),.UNSPECIFIED.,.F.,.F.,(4,2,2,4),(0.,0.0430609289612802,0.0646879337358226,
0.0875519477681209),.UNSPECIFIED.);
#87=B_SPLINE_CURVE_WITH_KNOTS('',3,(#3256,#3257,#3258,#3259,#3260,#3261),
 .UNSPECIFIED.,.F.,.F.,(4,2,4),(0.,0.0212426908019292,0.0410998898046764),
 .UNSPECIFIED.);
#88=B_SPLINE_CURVE_WITH_KNOTS('',3,(#3264,#3265,#3266,#3267,#3268,#3269),
 .UNSPECIFIED.,.F.,.F.,(4,2,4),(0.,0.0212426908019292,0.0410998898046764),
 .UNSPECIFIED.);
#89=B_SPLINE_CURVE_WITH_KNOTS('',3,(#3283,#3284,#3285,#3286,#3287,#3288),
 .UNSPECIFIED.,.F.,.F.,(4,2,4),(0.,0.0158851436110066,0.0317712378320947),
 .UNSPECIFIED.);
#90=B_SPLINE_CURVE_WITH_KNOTS('',3,(#3291,#3292,#3293,#3294,#3295,#3296),
 .UNSPECIFIED.,.F.,.F.,(4,2,4),(0.,0.0158851436110066,0.0317712378320947),
 .UNSPECIFIED.);
#91=B_SPLINE_CURVE_WITH_KNOTS('',3,(#3310,#3311,#3312,#3313,#3314,#3315),
 .UNSPECIFIED.,.F.,.F.,(4,2,4),(0.,0.017263313152265,0.0345702596207609),
 .UNSPECIFIED.);
#92=B_SPLINE_CURVE_WITH_KNOTS('',3,(#3318,#3319,#3320,#3321,#3322,#3323),
 .UNSPECIFIED.,.F.,.F.,(4,2,4),(0.,0.017263313152265,0.0345702596207609),
 .UNSPECIFIED.);
#93=B_SPLINE_CURVE_WITH_KNOTS('',3,(#3337,#3338,#3339,#3340,#3341,#3342),
 .UNSPECIFIED.,.F.,.F.,(4,2,4),(0.,0.0247194333946562,0.0493151075027097),
 .UNSPECIFIED.);
#94=B_SPLINE_CURVE_WITH_KNOTS('',3,(#3345,#3346,#3347,#3348,#3349,#3350),
 .UNSPECIFIED.,.F.,.F.,(4,2,4),(0.,0.0247194333946562,0.0493151075027097),
 .UNSPECIFIED.);
#95=B_SPLINE_CURVE_WITH_KNOTS('',3,(#3364,#3365,#3366,#3367,#3368,#3369),
 .UNSPECIFIED.,.F.,.F.,(4,2,4),(0.,0.0293120355800464,0.0596884975021185),
 .UNSPECIFIED.);
#96=B_SPLINE_CURVE_WITH_KNOTS('',3,(#3372,#3373,#3374,#3375,#3376,#3377),
 .UNSPECIFIED.,.F.,.F.,(4,2,4),(0.,0.0293120355800464,0.0596884975021185),
 .UNSPECIFIED.);
#97=B_SPLINE_CURVE_WITH_KNOTS('',3,(#3415,#3416,#3417,#3418,#3419,#3420),
 .UNSPECIFIED.,.F.,.F.,(4,2,4),(0.,0.0546583548839717,0.107337086050362),
 .UNSPECIFIED.);
#98=B_SPLINE_CURVE_WITH_KNOTS('',3,(#3423,#3424,#3425,#3426,#3427,#3428),
 .UNSPECIFIED.,.F.,.F.,(4,2,4),(0.,0.0546583548839717,0.107337086050362),
 .UNSPECIFIED.);
#99=B_SPLINE_CURVE_WITH_KNOTS('',3,(#3442,#3443,#3444,#3445,#3446,#3447),
 .UNSPECIFIED.,.F.,.F.,(4,2,4),(0.,0.0360998699788942,0.0722185961568052),
 .UNSPECIFIED.);
#100=B_SPLINE_CURVE_WITH_KNOTS('',3,(#3450,#3451,#3452,#3453,#3454,#3455),
 .UNSPECIFIED.,.F.,.F.,(4,2,4),(0.,0.0360998699788942,0.0722185961568052),
 .UNSPECIFIED.);
#101=B_SPLINE_CURVE_WITH_KNOTS('',3,(#3469,#3470,#3471,#3472,#3473,#3474),
 .UNSPECIFIED.,.F.,.F.,(4,2,4),(0.,0.0220087632958024,0.0440030295595284),
 .UNSPECIFIED.);
#102=B_SPLINE_CURVE_WITH_KNOTS('',3,(#3477,#3478,#3479,#3480,#3481,#3482),
 .UNSPECIFIED.,.F.,.F.,(4,2,4),(0.,0.0220087632958024,0.0440030295595284),
 .UNSPECIFIED.);
#103=B_SPLINE_CURVE_WITH_KNOTS('',3,(#3496,#3497,#3498,#3499,#3500,#3501),
 .UNSPECIFIED.,.F.,.F.,(4,2,4),(0.,0.02022825376987,0.0404104121585147),
 .UNSPECIFIED.);
#104=B_SPLINE_CURVE_WITH_KNOTS('',3,(#3504,#3505,#3506,#3507,#3508,#3509),
 .UNSPECIFIED.,.F.,.F.,(4,2,4),(0.,0.02022825376987,0.0404104121585147),
 .UNSPECIFIED.);
#105=B_SPLINE_CURVE_WITH_KNOTS('',3,(#3523,#3524,#3525,#3526,#3527,#3528),
 .UNSPECIFIED.,.F.,.F.,(4,2,4),(0.,0.0201076412619908,0.0403189125286552),
 .UNSPECIFIED.);
#106=B_SPLINE_CURVE_WITH_KNOTS('',3,(#3531,#3532,#3533,#3534,#3535,#3536),
 .UNSPECIFIED.,.F.,.F.,(4,2,4),(0.,0.0201076412619908,0.0403189125286552),
 .UNSPECIFIED.);
#107=B_SPLINE_CURVE_WITH_KNOTS('',3,(#3550,#3551,#3552,#3553,#3554,#3555),
 .UNSPECIFIED.,.F.,.F.,(4,2,4),(0.,0.0229114634314662,0.0466336512820844),
 .UNSPECIFIED.);
#108=B_SPLINE_CURVE_WITH_KNOTS('',3,(#3558,#3559,#3560,#3561,#3562,#3563),
 .UNSPECIFIED.,.F.,.F.,(4,2,4),(0.,0.0229114634314662,0.0466336512820844),
 .UNSPECIFIED.);
#109=B_SPLINE_CURVE_WITH_KNOTS('',3,(#3655,#3656,#3657,#3658,#3659),
 .UNSPECIFIED.,.F.,.F.,(4,1,4),(0.,0.0157481414431941,0.0314962828863882),
 .UNSPECIFIED.);
#110=B_SPLINE_CURVE_WITH_KNOTS('',3,(#3661,#3662,#3663,#3664,#3665,#3666,
#3667,#3668,#3669,#3670,#3671,#3672,#3673,#3674,#3675,#3676,#3677,#3678,
#3679,#3680,#3681,#3682,#3683,#3684,#3685,#3686,#3687,#3688,#3689,#3690,
#3691,#3692,#3693,#3694,#3695,#3696,#3697,#3698,#3699,#3700,#3701,#3702,
#3703,#3704,#3705,#3706,#3707,#3708,#3709,#3710,#3711,#3712,#3713,#3714,
#3715,#3716,#3717,#3718,#3719,#3720,#3721,#3722,#3723,#3724,#3725,#3726,
#3727,#3728,#3729,#3730,#3731,#3732,#3733,#3734,#3735,#3736,#3737,#3738,
#3739,#3740,#3741,#3742,#3743,#3744,#3745,#3746,#3747,#3748,#3749,#3750,
#3751,#3752,#3753,#3754,#3755,#3756,#3757,#3758,#3759,#3760,#3761,#3762,
#3763,#3764,#3765,#3766,#3767,#3768,#3769,#3770,#3771,#3772),
 .UNSPECIFIED.,.F.,.F.,(4,2,2,2,2,2,2,2,2,2,2,2,2,2,3,2,2,2,2,2,2,2,2,3,
2,2,2,2,2,2,2,3,2,2,2,2,2,3,2,2,2,2,2,2,2,2,2,2,2,2,2,2,2,4),(-1.32212389149475E-12,
0.0241068170303649,0.0505368897748798,0.0808397492787534,0.112739774696446,
0.139994199825028,0.164576763170467,0.187366615893303,0.208798393451255,
0.229127432826219,0.248103046044484,0.266423633244076,0.283832151046545,
0.296310752596497,0.296375285021392,0.314076918357301,0.332708305428242,
0.352842018318906,0.373938305128184,0.395867625062978,0.418502497281884,
0.441205102970178,0.463681596536677,0.47310210299934,0.473159916184573,
0.501153004963222,0.528522723060393,0.556359851740025,0.570278416079842,
0.57723769824975,0.581435777493964,0.584196980419658,0.602512730012315,
0.621468686880511,0.641450404024676,0.662007038372167,0.683324503028382,
0.694815128940413,0.696706981360193,0.711371973980799,0.7273096597601,0.744943771618146,
0.763432934308764,0.779923191141091,0.794831877124941,0.808583107769169,
0.82142978984913,0.833533473024416,0.845006515809583,0.856439441487875,
0.866652308845191,0.876517254799314,0.885911624821263,0.89073821852275),
 .UNSPECIFIED.);
#111=B_SPLINE_CURVE_WITH_KNOTS('',3,(#3775,#3776,#3777,#3778,#3779,#3780,
#3781,#3782,#3783,#3784,#3785,#3786),.UNSPECIFIED.,.F.,.F.,(4,2,2,2,2,4),
(-0.89073821852275,-0.694917572110088,-0.58396014359372,-0.473159916184573,
-0.296310752596497,1.32212389149475E-12),.UNSPECIFIED.);
#112=B_SPLINE_CURVE_WITH_KNOTS('',3,(#3820,#3821,#3822,#3823,#3824,#3825),
 .UNSPECIFIED.,.F.,.F.,(4,2,4),(-0.251621501425342,-0.123593678694562,0.),
 .UNSPECIFIED.);
#113=B_SPLINE_CURVE_WITH_KNOTS('',3,(#3826,#3827,#3828,#3829,#3830,#3831),
 .UNSPECIFIED.,.F.,.F.,(4,2,4),(0.,0.123593678694562,0.251621501425342),
 .UNSPECIFIED.);
#114=B_SPLINE_CURVE_WITH_KNOTS('',3,(#3914,#3915,#3916,#3917,#3918),
 .UNSPECIFIED.,.F.,.F.,(4,1,4),(0.,0.015748141445952,0.0314962828919041),
 .UNSPECIFIED.);
#115=B_SPLINE_CURVE_WITH_KNOTS('',3,(#3919,#3920,#3921,#3922,#3923,#3924,
#3925,#3926,#3927,#3928,#3929,#3930,#3931,#3932,#3933,#3934),
 .UNSPECIFIED.,.F.,.F.,(4,2,2,2,2,2,2,4),(-0.881577005893095,-0.678936108328097,
-0.445511196339352,-0.339490929559531,-0.250755040687719,-0.169836306173252,
-0.0864626168180693,0.),.UNSPECIFIED.);
#116=B_SPLINE_CURVE_WITH_KNOTS('',3,(#3935,#3936,#3937,#3938,#3939,#3940,
#3941,#3942,#3943,#3944,#3945,#3946,#3947,#3948,#3949,#3950,#3951,#3952,
#3953,#3954,#3955,#3956,#3957,#3958,#3959,#3960,#3961,#3962,#3963,#3964,
#3965,#3966,#3967,#3968,#3969,#3970,#3971,#3972,#3973,#3974,#3975,#3976,
#3977,#3978,#3979,#3980,#3981,#3982,#3983,#3984,#3985,#3986,#3987,#3988,
#3989,#3990,#3991,#3992,#3993,#3994,#3995,#3996,#3997,#3998,#3999,#4000,
#4001,#4002,#4003,#4004,#4005,#4006,#4007,#4008,#4009,#4010,#4011,#4012,
#4013,#4014,#4015,#4016,#4017,#4018,#4019,#4020,#4021,#4022,#4023,#4024,
#4025,#4026,#4027,#4028,#4029,#4030,#4031,#4032,#4033,#4034,#4035,#4036,
#4037),.UNSPECIFIED.,.F.,.F.,(4,2,2,3,2,2,2,2,2,2,3,3,2,2,2,2,2,2,3,2,2,
2,2,2,3,2,2,2,2,2,3,2,2,2,2,2,2,2,2,2,2,2,3,2,2,2,2,4),(0.,0.0294166199941851,
0.0596464356648932,0.0864351437424219,0.0883740919265136,0.105613223465701,
0.122610150203701,0.13735132491002,0.15080338692301,0.16299036208543,0.169832407871475,
0.169836306173252,0.183539489949493,0.197988225569473,0.213852548326978,
0.2308018028762,0.249725229365253,0.250755040687719,0.250860716134608,0.265954354886253,
0.281685023553452,0.298092458579551,0.314533507715783,0.330473335289718,
0.339399565617631,0.339490929559531,0.358737598966105,0.378516098136453,
0.399453385463969,0.422455830439018,0.445458275414067,0.445511196339352,
0.475297655123175,0.505860411785772,0.5372707718565,0.569615152062046,0.603531062739426,
0.638517843789327,0.658729966901384,0.668836028457412,0.674218141855774,
0.677899226668399,0.67894209001344,0.729638878620514,0.776788851638558,
0.816723881510952,0.852304210534681,0.881577005893095),.UNSPECIFIED.);
#117=B_SPLINE_CURVE_WITH_KNOTS('',3,(#4085,#4086,#4087,#4088,#4089,#4090,
#4091,#4092,#4093,#4094,#4095,#4096,#4097,#4098,#4099,#4100,#4101,#4102,
#4103,#4104,#4105,#4106,#4107,#4108,#4109,#4110,#4111,#4112,#4113,#4114,
#4115,#4116,#4117,#4118,#4119,#4120,#4121,#4122,#4123,#4124,#4125,#4126,
#4127,#4128,#4129,#4130,#4131,#4132,#4133,#4134,#4135,#4136,#4137,#4138,
#4139,#4140,#4141,#4142,#4143,#4144,#4145,#4146,#4147,#4148,#4149,#4150,
#4151,#4152,#4153,#4154,#4155,#4156,#4157,#4158,#4159,#4160),
 .UNSPECIFIED.,.F.,.F.,(4,3,3,3,3,3,3,3,3,3,3,3,3,3,3,3,3,3,3,3,3,3,3,3,
3,4),(-6.26959862973968E-12,0.197500019618349,0.214894765342294,0.235899458634525,
0.366733597226234,0.440639109342428,0.459384663188567,0.505899536506253,
0.532567517554019,0.556611726414153,0.556612667823031,0.607706318029874,
0.645297465969044,0.649651522542219,0.704969594156902,0.731806204249553,
0.747395967101905,0.747397587634471,0.794854226013119,0.81831340598326,
0.853554443956177,0.863827492540405,0.878786280968999,0.894431325492772,
0.955489046404424,0.960334159956619),.UNSPECIFIED.);
#118=B_SPLINE_CURVE_WITH_KNOTS('',3,(#4178,#4179,#4180,#4181,#4182,#4183,
#4184,#4185,#4186,#4187,#4188,#4189,#4190,#4191,#4192,#4193,#4194,#4195,
#4196,#4197,#4198,#4199,#4200,#4201,#4202,#4203,#4204,#4205),
 .UNSPECIFIED.,.F.,.F.,(4,3,3,3,3,3,3,3,3,4),(3.31045432822435E-12,0.0838891825118406,
0.0921313269942681,0.114254102960302,0.118682698032108,0.118683415018756,
0.17576204877744,0.200421916506919,0.232840682536124,0.239756881425453),
 .UNSPECIFIED.);
#119=B_SPLINE_CURVE_WITH_KNOTS('',3,(#4240,#4241,#4242,#4243,#4244,#4245,
#4246,#4247,#4248,#4249,#4250,#4251,#4252,#4253,#4254,#4255,#4256,#4257,
#4258,#4259,#4260,#4261,#4262,#4263,#4264,#4265,#4266,#4267,#4268,#4269,
#4270,#4271,#4272,#4273,#4274,#4275,#4276,#4277,#4278,#4279,#4280,#4281,
#4282,#4283,#4284,#4285,#4286,#4287,#4288,#4289,#4290,#4291,#4292,#4293,
#4294,#4295,#4296,#4297,#4298,#4299,#4300,#4301,#4302,#4303,#4304,#4305,
#4306,#4307,#4308,#4309,#4310,#4311,#4312,#4313,#4314,#4315,#4316,#4317,
#4318,#4319,#4320,#4321),.UNSPECIFIED.,.F.,.F.,(4,3,3,3,3,3,3,3,3,3,3,3,
3,3,3,3,3,3,3,3,3,3,3,3,3,3,3,4),(3.94565835904161E-12,0.0710858225702592,
0.12361674265264,0.128335544584505,0.133333797622486,0.140298859810223,
0.183274582751176,0.194501086854531,0.19874417615498,0.198746202523967,
0.21566536021519,0.229279523688229,0.235707571003901,0.26642283328886,0.276126166350843,
0.27612769978923,0.287375633816267,0.294664237873226,0.346564409333992,
0.38613021693809,0.410068863395843,0.425696024542188,0.425699477120257,
0.438778606163598,0.501758439347674,0.582749269607701,0.664952028941207,
0.684915941688584),.UNSPECIFIED.);
#120=B_SPLINE_CURVE_WITH_KNOTS('',3,(#4414,#4415,#4416,#4417,#4418,#4419,
#4420,#4421,#4422,#4423,#4424,#4425,#4426,#4427,#4428,#4429,#4430,#4431,
#4432,#4433,#4434,#4435,#4436,#4437,#4438,#4439,#4440,#4441,#4442,#4443,
#4444,#4445,#4446,#4447,#4448,#4449,#4450,#4451,#4452,#4453,#4454,#4455,
#4456,#4457,#4458,#4459,#4460,#4461,#4462,#4463,#4464,#4465,#4466,#4467,
#4468,#4469,#4470,#4471,#4472,#4473,#4474,#4475,#4476,#4477,#4478,#4479,
#4480,#4481,#4482,#4483,#4484,#4485,#4486,#4487,#4488,#4489,#4490,#4491,
#4492,#4493,#4494,#4495,#4496,#4497,#4498,#4499,#4500,#4501,#4502,#4503,
#4504,#4505,#4506,#4507,#4508,#4509,#4510,#4511,#4512,#4513,#4514,#4515,
#4516,#4517,#4518,#4519,#4520,#4521,#4522,#4523,#4524,#4525,#4526,#4527,
#4528,#4529,#4530,#4531,#4532,#4533,#4534,#4535,#4536,#4537,#4538,#4539,
#4540,#4541,#4542,#4543,#4544,#4545,#4546,#4547,#4548,#4549,#4550,#4551,
#4552),.UNSPECIFIED.,.F.,.F.,(4,3,3,3,3,3,3,3,3,3,3,3,3,3,3,3,3,3,3,3,3,
3,3,3,3,3,3,3,3,3,3,3,3,3,3,3,3,3,3,3,3,3,3,3,3,3,4),(-0.960334159956599,
-0.906994966310517,-0.879375181296673,-0.853655772664434,-0.853646873710606,
-0.846610849138509,-0.806580973040214,-0.767541210513953,-0.755823991008055,
-0.747365264695317,-0.747362081490031,-0.725157384641674,-0.714421050217831,
-0.686482172157216,-0.66025285127297,-0.658543294096602,-0.653676697899872,
-0.65019699877545,-0.649187971260823,-0.649178525193228,-0.641142746953769,
-0.632993627402621,-0.630950815962536,-0.61070169877559,-0.590452581588643,
-0.569824997382754,-0.557142881914799,-0.557111504636938,-0.552844489083184,
-0.532246715430931,-0.510125277000451,-0.486925268928748,-0.462078670558554,
-0.460231553922216,-0.440667917165231,-0.440666994728812,-0.436839766923722,
-0.349335692244315,-0.246651459396145,-0.19982317554933,-0.197428215087856,
-0.197426437045088,-0.148069827783581,-0.128317505007162,-0.118922286374491,
-0.0358470404405784,9.37819838760949E-13),.UNSPECIFIED.);
#121=B_SPLINE_CURVE_WITH_KNOTS('',3,(#4583,#4584,#4585,#4586,#4587,#4588,
#4589,#4590,#4591,#4592,#4593,#4594,#4595,#4596,#4597,#4598,#4599,#4600,
#4601,#4602,#4603,#4604,#4605,#4606,#4607,#4608,#4609,#4610,#4611,#4612,
#4613,#4614,#4615,#4616,#4617,#4618,#4619),.UNSPECIFIED.,.F.,.F.,(4,3,3,
3,3,3,3,3,3,3,3,3,4),(-0.239756881425447,-0.201430805049353,-0.162362358838351,
-0.14066577171576,-0.130773779320884,-0.118969184593169,-0.118954171914394,
-0.114847129544744,-0.092528884630277,-0.0669062836864351,-0.036752649772252,
-0.0110643679475401,-3.31045432822435E-12),.UNSPECIFIED.);
#122=B_SPLINE_CURVE_WITH_KNOTS('',3,(#4686,#4687,#4688,#4689,#4690,#4691,
#4692,#4693,#4694,#4695,#4696,#4697,#4698,#4699,#4700,#4701,#4702,#4703,
#4704,#4705,#4706,#4707,#4708,#4709,#4710,#4711,#4712,#4713,#4714,#4715,
#4716,#4717,#4718,#4719,#4720,#4721,#4722,#4723,#4724,#4725,#4726,#4727,
#4728,#4729,#4730,#4731,#4732,#4733,#4734,#4735,#4736,#4737,#4738,#4739,
#4740,#4741,#4742,#4743,#4744,#4745,#4746,#4747,#4748,#4749,#4750,#4751,
#4752,#4753,#4754,#4755,#4756,#4757,#4758,#4759,#4760,#4761,#4762,#4763,
#4764,#4765,#4766,#4767,#4768,#4769,#4770,#4771,#4772,#4773,#4774,#4775,
#4776,#4777,#4778,#4779,#4780,#4781,#4782,#4783,#4784,#4785,#4786,#4787,
#4788,#4789,#4790,#4791,#4792,#4793,#4794,#4795,#4796,#4797,#4798,#4799,
#4800,#4801,#4802,#4803,#4804,#4805,#4806,#4807,#4808,#4809,#4810,#4811,
#4812,#4813,#4814,#4815,#4816,#4817,#4818,#4819,#4820,#4821),
 .UNSPECIFIED.,.F.,.F.,(4,3,3,3,3,3,3,3,3,3,3,3,3,3,3,3,3,3,3,3,3,3,3,3,
3,3,3,3,3,3,3,3,3,3,3,3,3,3,3,3,3,3,3,3,3,4),(-0.684915941685037,-0.599386320045831,
-0.533179599194401,-0.47563087572137,-0.439185903503022,-0.430413625659927,
-0.425450457981927,-0.425436956053104,-0.407295301091082,-0.391421352999313,
-0.387087809908294,-0.383653244119342,-0.345932609900195,-0.312360875783178,
-0.28030371635693,-0.276390816282968,-0.276382148992944,-0.272952918629459,
-0.249389146249797,-0.222118867914418,-0.210849957347858,-0.204482235503994,
-0.201298374582062,-0.198934448032467,-0.19811451366013,-0.198101540761996,
-0.193479124039264,-0.188894357147519,-0.186413066117652,-0.174067383354581,
-0.161730898027803,-0.149169460945583,-0.137030335065369,-0.129873435700311,
-0.12893321574696,-0.128898803134499,-0.125649006961063,-0.124624749668655,
-0.111178238738515,-0.096231810474635,-0.0796679066571743,-0.0594434135313833,
-0.0408819599947592,-0.025645409913666,-0.011192274693542,-3.9392199045275E-12),
 .UNSPECIFIED.);
#123=B_SPLINE_CURVE_WITH_KNOTS('',3,(#4832,#4833,#4834,#4835,#4836,#4837,
#4838,#4839,#4840,#4841,#4842,#4843,#4844,#4845,#4846,#4847,#4848,#4849,
#4850,#4851,#4852,#4853,#4854,#4855,#4856,#4857,#4858,#4859,#4860,#4861,
#4862,#4863,#4864,#4865,#4866,#4867,#4868,#4869,#4870,#4871,#4872,#4873,
#4874,#4875,#4876,#4877,#4878,#4879,#4880,#4881,#4882,#4883,#4884,#4885,
#4886,#4887,#4888,#4889,#4890,#4891,#4892,#4893,#4894,#4895,#4896,#4897,
#4898,#4899,#4900,#4901,#4902,#4903,#4904,#4905,#4906,#4907,#4908,#4909,
#4910,#4911,#4912,#4913,#4914,#4915,#4916,#4917,#4918,#4919,#4920,#4921,
#4922,#4923,#4924,#4925,#4926,#4927,#4928,#4929,#4930,#4931,#4932,#4933,
#4934,#4935,#4936,#4937,#4938,#4939,#4940,#4941,#4942,#4943,#4944,#4945,
#4946,#4947,#4948,#4949,#4950,#4951,#4952,#4953,#4954,#4955,#4956,#4957,
#4958,#4959,#4960,#4961,#4962,#4963,#4964,#4965,#4966,#4967,#4968,#4969,
#4970,#4971,#4972,#4973,#4974,#4975,#4976,#4977,#4978,#4979,#4980,#4981,
#4982,#4983,#4984,#4985,#4986,#4987,#4988,#4989,#4990,#4991,#4992,#4993,
#4994,#4995,#4996,#4997,#4998,#4999,#5000,#5001,#5002,#5003,#5004,#5005,
#5006,#5007,#5008,#5009,#5010,#5011,#5012,#5013,#5014,#5015,#5016,#5017,
#5018,#5019,#5020,#5021,#5022,#5023,#5024,#5025,#5026,#5027,#5028,#5029,
#5030,#5031,#5032,#5033,#5034,#5035,#5036,#5037,#5038,#5039,#5040,#5041,
#5042,#5043,#5044,#5045,#5046,#5047,#5048,#5049,#5050,#5051,#5052,#5053,
#5054,#5055,#5056,#5057,#5058,#5059,#5060,#5061,#5062,#5063,#5064,#5065,
#5066,#5067,#5068,#5069,#5070,#5071,#5072,#5073,#5074,#5075,#5076,#5077,
#5078,#5079,#5080,#5081,#5082,#5083,#5084,#5085,#5086,#5087,#5088,#5089,
#5090,#5091,#5092,#5093,#5094,#5095,#5096,#5097,#5098,#5099,#5100,#5101,
#5102,#5103,#5104,#5105,#5106,#5107,#5108,#5109,#5110,#5111,#5112,#5113,
#5114,#5115,#5116,#5117,#5118,#5119,#5120,#5121,#5122,#5123,#5124,#5125,
#5126,#5127,#5128,#5129,#5130,#5131,#5132,#5133,#5134,#5135,#5136,#5137,
#5138,#5139,#5140,#5141,#5142,#5143,#5144,#5145,#5146,#5147,#5148,#5149,
#5150,#5151,#5152,#5153,#5154,#5155,#5156,#5157,#5158,#5159,#5160,#5161,
#5162,#5163,#5164,#5165,#5166,#5167,#5168,#5169,#5170,#5171,#5172,#5173,
#5174,#5175,#5176,#5177,#5178,#5179,#5180,#5181,#5182,#5183,#5184,#5185,
#5186,#5187,#5188,#5189,#5190,#5191,#5192,#5193,#5194,#5195,#5196,#5197,
#5198,#5199,#5200,#5201,#5202,#5203,#5204,#5205,#5206,#5207,#5208,#5209,
#5210,#5211,#5212,#5213,#5214,#5215,#5216,#5217,#5218,#5219,#5220,#5221,
#5222,#5223,#5224,#5225,#5226,#5227,#5228,#5229,#5230,#5231,#5232,#5233,
#5234,#5235,#5236,#5237,#5238,#5239,#5240,#5241,#5242,#5243,#5244,#5245,
#5246,#5247,#5248,#5249,#5250,#5251,#5252,#5253,#5254,#5255,#5256,#5257,
#5258,#5259,#5260,#5261,#5262,#5263,#5264,#5265,#5266,#5267,#5268,#5269,
#5270,#5271,#5272,#5273,#5274,#5275,#5276,#5277,#5278,#5279,#5280,#5281,
#5282,#5283,#5284,#5285),.UNSPECIFIED.,.F.,.F.,(4,3,3,3,3,3,3,3,3,3,3,3,
3,3,3,3,3,3,3,3,3,3,3,3,3,3,3,3,3,3,3,3,3,3,3,3,3,3,3,3,3,3,3,3,3,3,3,3,
3,3,3,3,3,3,3,3,3,3,3,3,3,3,3,3,3,3,3,3,3,3,3,3,3,3,3,3,3,3,3,3,3,3,3,3,
3,3,3,3,3,3,3,3,3,3,3,3,3,3,3,3,3,3,3,3,3,3,3,3,3,3,3,3,3,3,3,3,3,3,3,3,
3,3,3,3,3,3,3,3,3,3,3,3,3,3,3,3,3,3,3,3,3,3,3,3,3,3,3,3,3,3,3,4),(-2.8000711327228,
-2.78696733829922,-2.77475760004936,-2.76307901008587,-2.75140042012239,
-2.74897815061326,-2.74751954164068,-2.74614966484897,-2.73346464823314,
-2.72026233951064,-2.70616002026887,-2.69081108785172,-2.67546215543457,
-2.67388779583016,-2.65420792695096,-2.63344489257974,-2.6117461984802,
-2.58958029607987,-2.56760082171005,-2.54626470845479,-2.5258543812501,
-2.50799534494599,-2.49609449213439,-2.460863496393,-2.42436673545456,-2.38550850528408,
-2.38298209081725,-2.38140122699048,-2.36531579694489,-2.34923029338684,
-2.33312598200918,-2.32013545853021,-2.30650282714115,-2.29197515477256,
-2.27559435725378,-2.25741282738294,-2.23794173959403,-2.22053096832854,
-2.2047003287997,-2.19050772479214,-2.18072010098299,-2.17581903474478,
-2.17305616955688,-2.15050879630598,-2.13058334566965,-2.12062062035149,
-2.1192736164346,-2.11847533261839,-2.11239979846254,-2.11065789503332,
-2.10243348055553,-2.0931601295185,-2.08721953584092,-2.08462052610698,
-2.08376655729597,-2.08310623308812,-2.0813919074791,-2.05693949786605,
-2.04563538009787,-2.04069418400939,-2.03927453555506,-2.03153137190354,
-2.024397082102,-2.01832170470801,-2.01257314040623,-2.00719969434388,-2.00063696982884,
-1.99398898125952,-1.9873409926902,-1.98512974760484,-1.98356384289115,
-1.98262193620054,-1.96362105091961,-1.9518765295323,-1.92134104834123,
-1.91770516172634,-1.91663072687337,-1.90951450749806,-1.90200201633489,
-1.89356663391873,-1.88439636121672,-1.87350638194963,-1.8640820905448,
-1.85203584791964,-1.83935316399747,-1.8259910002341,-1.81262883647074,
-1.7989908915707,-1.78535784631814,-1.77169922020498,-1.75776597043915,
-1.75406435788232,-1.7529905166628,-1.72018269572877,-1.68050229683034,
-1.64469731625026,-1.61488001486726,-1.58721389598609,-1.56184313548124,
-1.53728237451,-1.52198319594134,-1.49956605853037,-1.47652886535475,-1.45268881856024,
-1.42705772423129,-1.39964726867239,-1.36914904531148,-1.32476208079327,
-1.29495877456748,-1.26649838043911,-1.25870843897067,-1.25375893233814,
-1.22892075199472,-1.20374655036876,-1.17756597143908,-1.15147035550037,
-1.12499388325219,-1.09811306149718,-1.07055485336792,-1.04258598078755,
-1.01391681388569,-0.994301918931284,-0.957166783989612,-0.919224263333852,
-0.893572285868334,-0.887852713115436,-0.885379641520274,-0.881656714015797,
-0.855542537402988,-0.828205853481363,-0.797584701241756,-0.763751967266932,
-0.726774251043023,-0.714008443609706,-0.682604878641672,-0.653416853142871,
-0.625620617591676,-0.598007973404943,-0.573846909741552,-0.562457078368948,
-0.556746693523754,-0.518631725654096,-0.47591741801858,-0.437225723305916,
-0.404719464097812,-0.37339002002937,-0.341846506456583,-0.314348872255692,
-0.303964712242705,-0.185820845944481,-0.0686027344578379,0.),
 .UNSPECIFIED.);
#124=B_SPLINE_CURVE_WITH_KNOTS('',3,(#5287,#5288,#5289,#5290,#5291,#5292,
#5293,#5294,#5295,#5296,#5297,#5298,#5299,#5300,#5301,#5302,#5303,#5304,
#5305,#5306,#5307,#5308,#5309,#5310,#5311,#5312,#5313,#5314,#5315,#5316,
#5317,#5318,#5319,#5320,#5321,#5322,#5323,#5324,#5325,#5326,#5327,#5328,
#5329,#5330,#5331,#5332,#5333,#5334,#5335,#5336,#5337,#5338,#5339,#5340,
#5341,#5342,#5343,#5344,#5345,#5346,#5347,#5348,#5349,#5350,#5351,#5352,
#5353,#5354,#5355,#5356,#5357,#5358,#5359,#5360,#5361,#5362,#5363,#5364,
#5365,#5366,#5367,#5368,#5369,#5370,#5371,#5372,#5373,#5374,#5375,#5376,
#5377,#5378,#5379,#5380),.UNSPECIFIED.,.F.,.F.,(4,3,3,3,3,3,3,3,3,3,3,3,
3,3,3,3,3,3,3,3,3,3,3,3,3,3,3,3,3,3,3,4),(-0.8410695170874,-0.752745610919853,
-0.663660557278655,-0.573753223251227,-0.482513271797674,-0.43130346478163,
-0.421701625966122,-0.418024820312403,-0.416237246280834,-0.391096846491447,
-0.366627579521167,-0.34303127422906,-0.319853396490478,-0.297261225723392,
-0.2776740437335,-0.248864975756975,-0.22031310354004,-0.213420571496763,
-0.208406889781075,-0.205549861776575,-0.179856129054504,-0.1549056430044,
-0.130094662017847,-0.112322616835521,-0.105941051814969,-0.0823962099995706,
-0.0617971574996803,-0.0540725128122215,-0.0512257961291756,-0.0479158449704395,
-0.0144999537097106,-9.58496307730061E-15),.UNSPECIFIED.);
#125=B_SPLINE_CURVE_WITH_KNOTS('',3,(#5382,#5383,#5384,#5385,#5386,#5387,
#5388,#5389,#5390,#5391,#5392,#5393,#5394,#5395,#5396,#5397,#5398,#5399,
#5400,#5401,#5402,#5403,#5404,#5405,#5406,#5407,#5408,#5409,#5410,#5411,
#5412,#5413,#5414,#5415,#5416,#5417,#5418,#5419,#5420,#5421,#5422,#5423,
#5424,#5425,#5426,#5427,#5428,#5429,#5430,#5431,#5432,#5433,#5434,#5435,
#5436,#5437,#5438,#5439,#5440,#5441,#5442,#5443,#5444,#5445,#5446,#5447,
#5448,#5449,#5450,#5451,#5452,#5453,#5454,#5455,#5456,#5457,#5458,#5459,
#5460,#5461,#5462,#5463,#5464,#5465,#5466,#5467,#5468,#5469,#5470,#5471,
#5472,#5473,#5474,#5475,#5476,#5477,#5478,#5479,#5480,#5481,#5482,#5483,
#5484,#5485,#5486,#5487,#5488,#5489,#5490,#5491,#5492,#5493,#5494,#5495,
#5496,#5497,#5498,#5499,#5500,#5501,#5502,#5503,#5504,#5505,#5506,#5507,
#5508,#5509,#5510,#5511,#5512,#5513,#5514,#5515,#5516,#5517,#5518,#5519,
#5520,#5521,#5522,#5523,#5524,#5525,#5526,#5527,#5528,#5529,#5530,#5531,
#5532,#5533,#5534,#5535,#5536,#5537,#5538,#5539,#5540,#5541,#5542,#5543,
#5544,#5545,#5546,#5547,#5548,#5549,#5550,#5551,#5552,#5553,#5554,#5555,
#5556,#5557,#5558,#5559,#5560,#5561,#5562,#5563,#5564,#5565,#5566,#5567,
#5568,#5569,#5570,#5571,#5572,#5573,#5574,#5575,#5576,#5577,#5578,#5579,
#5580,#5581,#5582,#5583,#5584,#5585,#5586,#5587,#5588,#5589,#5590,#5591,
#5592,#5593,#5594,#5595,#5596,#5597,#5598,#5599,#5600,#5601,#5602,#5603,
#5604,#5605,#5606,#5607,#5608,#5609,#5610,#5611,#5612,#5613,#5614,#5615,
#5616,#5617,#5618,#5619,#5620,#5621,#5622,#5623,#5624,#5625,#5626,#5627,
#5628,#5629,#5630,#5631,#5632,#5633,#5634,#5635,#5636,#5637,#5638,#5639,
#5640,#5641,#5642,#5643,#5644,#5645,#5646,#5647,#5648,#5649,#5650,#5651,
#5652,#5653,#5654,#5655,#5656,#5657,#5658,#5659,#5660,#5661,#5662,#5663,
#5664,#5665,#5666,#5667,#5668,#5669,#5670,#5671,#5672,#5673,#5674,#5675,
#5676,#5677,#5678,#5679,#5680,#5681,#5682,#5683,#5684,#5685,#5686,#5687,
#5688,#5689,#5690,#5691,#5692,#5693,#5694,#5695,#5696,#5697,#5698,#5699,
#5700,#5701,#5702,#5703,#5704,#5705,#5706,#5707,#5708,#5709,#5710,#5711,
#5712,#5713,#5714,#5715,#5716,#5717,#5718,#5719,#5720,#5721,#5722,#5723,
#5724,#5725,#5726,#5727,#5728,#5729,#5730,#5731,#5732,#5733,#5734,#5735,
#5736,#5737,#5738,#5739,#5740,#5741,#5742,#5743,#5744,#5745,#5746,#5747,
#5748,#5749,#5750,#5751,#5752,#5753,#5754,#5755,#5756,#5757,#5758,#5759,
#5760,#5761,#5762,#5763,#5764,#5765,#5766,#5767,#5768,#5769,#5770,#5771,
#5772,#5773,#5774,#5775,#5776,#5777,#5778,#5779,#5780,#5781,#5782,#5783,
#5784,#5785,#5786,#5787,#5788,#5789,#5790,#5791,#5792,#5793,#5794,#5795,
#5796,#5797,#5798,#5799,#5800,#5801,#5802,#5803,#5804,#5805,#5806,#5807,
#5808,#5809,#5810,#5811,#5812,#5813,#5814,#5815,#5816,#5817,#5818,#5819,
#5820,#5821,#5822,#5823,#5824,#5825,#5826,#5827,#5828,#5829,#5830,#5831,
#5832,#5833,#5834,#5835,#5836,#5837,#5838,#5839,#5840,#5841,#5842,#5843,
#5844,#5845,#5846,#5847,#5848,#5849,#5850,#5851,#5852,#5853,#5854,#5855,
#5856,#5857,#5858,#5859,#5860,#5861,#5862,#5863,#5864,#5865,#5866,#5867,
#5868,#5869,#5870,#5871,#5872,#5873,#5874,#5875,#5876,#5877,#5878,#5879,
#5880,#5881,#5882,#5883,#5884,#5885,#5886,#5887,#5888,#5889,#5890,#5891,
#5892,#5893,#5894,#5895,#5896,#5897,#5898,#5899,#5900,#5901,#5902,#5903,
#5904,#5905,#5906,#5907),.UNSPECIFIED.,.F.,.F.,(4,3,3,3,3,3,3,3,3,3,3,3,
3,3,3,3,3,3,3,3,3,3,3,3,3,3,3,3,3,3,3,3,3,3,3,3,3,3,3,3,3,3,3,3,3,3,3,3,
3,3,3,3,3,3,3,3,3,3,3,3,3,3,3,3,3,3,3,3,3,3,3,3,3,3,3,3,3,3,3,3,3,3,3,3,
3,3,3,3,3,3,3,3,3,3,3,3,3,3,3,3,3,3,3,3,3,3,3,3,3,3,3,3,3,3,3,3,3,3,3,3,
3,3,3,3,3,3,3,3,3,3,3,3,3,3,3,3,3,3,3,3,3,3,3,3,3,3,3,3,3,3,3,3,3,3,3,3,
3,3,3,3,3,3,3,3,3,3,3,3,3,3,3,3,3,3,3,4),(-1.91760494975777,-1.90020447175503,
-1.88512119373223,-1.87098062058586,-1.86703164280867,-1.85150725041198,
-1.83546730827981,-1.82443010297421,-1.81925641298721,-1.81672111706601,
-1.81543013528594,-1.81225879802494,-1.7575384657284,-1.70820524455933,
-1.70169288392935,-1.69838218937621,-1.69615809042138,-1.69260787406525,
-1.67073024598048,-1.65887202339026,-1.6402109048271,-1.62100980115653,
-1.60107347292776,-1.58009871029866,-1.55631822625558,-1.52910052002461,
-1.49974054293396,-1.48782800789139,-1.48105638049953,-1.47710103143731,
-1.47517955489516,-1.45584622298988,-1.43571031053937,-1.4140920339889,
-1.40444026259338,-1.38648742326719,-1.36792721819514,-1.34868380367431,
-1.32865765644857,-1.30714583285849,-1.28445358640739,-1.26021541485992,
-1.23351038000722,-1.20029151371229,-1.16067315565207,-1.15910100341723,
-1.15803378364163,-1.13606328883561,-1.11696073432272,-1.09965107737088,
-1.08993582225724,-1.07313416286525,-1.05515228887495,-1.03580829033696,
-1.01617546590118,-0.997859492197548,-0.981833015206872,-0.967809847840029,
-0.955168997524225,-0.943258485217764,-0.931967576083033,-0.921212253793839,
-0.910926636714096,-0.900606896603605,-0.891289415898208,-0.882246257354393,
-0.873572628907465,-0.869647676272134,-0.868587176105,-0.862623877015295,
-0.85691695699845,-0.851581330356309,-0.846441703599902,-0.841594807929636,
-0.837838760749643,-0.832151260584219,-0.82634894640433,-0.820097726281055,
-0.813167222793499,-0.804914406508992,-0.804435546397542,-0.803784034143136,
-0.798229479348833,-0.79270083855424,-0.78719107113957,-0.781682542737223,
-0.776166874949518,-0.770635564896128,-0.765062688806106,-0.75945723233315,
-0.753785574843146,-0.75054017818704,-0.744038105094593,-0.73744810125223,
-0.732898272837611,-0.730088478345291,-0.728768542294246,-0.717710901965382,
-0.703018572953551,-0.70104947393528,-0.699622954167037,-0.699006832384545,
-0.698483463373827,-0.693912613181262,-0.688314586709165,-0.682968965657763,
-0.678225157643389,-0.67653786819348,-0.675697274560997,-0.675139011910281,
-0.674690701037376,-0.652114130510834,-0.64055236587862,-0.624231895246306,
-0.622785565171119,-0.621946795286307,-0.615318114724591,-0.606333728087057,
-0.598226432262109,-0.591098930623008,-0.584420474689619,-0.583194708220263,
-0.578283925641166,-0.575289428098416,-0.574762862708146,-0.558594113366211,
-0.53985354178282,-0.52145211130762,-0.517600219258155,-0.515261199248099,
-0.501369600660741,-0.486286691214691,-0.48038109062336,-0.477864556000635,
-0.470772555808979,-0.467203558879145,-0.459977932731423,-0.452300872998809,
-0.444401970139664,-0.436551762278488,-0.43400467442595,-0.433018760977696,
-0.432079882834382,-0.424820780628454,-0.417046659574858,-0.408276102817267,
-0.398771533620354,-0.389015206034262,-0.380209358692001,-0.371962822158787,
-0.364430911898031,-0.357456955390225,-0.355044950997257,-0.346791477611812,
-0.338594267202961,-0.330430523041668,-0.322312360926109,-0.315882136913293,
-0.315337739568612,-0.31476998651856,-0.271683054180693,-0.227963246083883,
-0.206103342035477,-0.195173390011275,-0.191339405684279,-0.190045745654375,
-0.188942785140342,-0.184243437987072,-0.175838275845084,-0.16706092494455,
-0.15757652298972,-0.147496334160689,-0.136594917161606,-0.124042256819159,
-0.104903184720815,-0.0982021116234247),.UNSPECIFIED.);
#126=B_SPLINE_CURVE_WITH_KNOTS('',3,(#5911,#5912,#5913,#5914,#5915,#5916,
#5917,#5918,#5919,#5920,#5921,#5922,#5923,#5924),.UNSPECIFIED.,.F.,.F.,
(4,2,2,2,2,2,4),(-0.758094706905272,-0.667387190320309,-0.614489876567291,
-0.514425753791791,-0.39859236892536,-0.183968015709098,-9.99999775625528E-7),
 .UNSPECIFIED.);
#127=B_SPLINE_CURVE_WITH_KNOTS('',3,(#5926,#5927,#5928,#5929,#5930,#5931),
 .UNSPECIFIED.,.F.,.F.,(4,2,4),(-0.290151363430372,-0.143492757328284,0.),
 .UNSPECIFIED.);
#128=B_SPLINE_CURVE_WITH_KNOTS('',3,(#5932,#5933,#5934,#5935,#5936,#5937,
#5938,#5939,#5940,#5941,#5942,#5943,#5944,#5945),.UNSPECIFIED.,.F.,.F.,
(4,2,2,2,2,2,4),(-0.564765816357281,-0.435905316281928,-0.329229012161081,
-0.269283852205721,-0.216550027605465,-0.157449290012885,-5.44009282066327E-15),
 .UNSPECIFIED.);
#129=B_SPLINE_CURVE_WITH_KNOTS('',3,(#6341,#6342,#6343,#6344,#6345,#6346,
#6347,#6348,#6349,#6350,#6351,#6352,#6353,#6354,#6355,#6356,#6357),
 .UNSPECIFIED.,.F.,.F.,(4,1,2,1,1,1,1,1,1,1,1,1,1,4),(0.,0.25,0.5,1.,2.,
3.,4.,5.,6.,6.5,6.75,7.,7.5,7.78548584720961),.UNSPECIFIED.);
#130=B_SPLINE_CURVE_WITH_KNOTS('',3,(#6358,#6359,#6360,#6361,#6362,#6363,
#6364,#6365,#6366,#6367,#6368),.UNSPECIFIED.,.F.,.F.,(4,1,2,1,1,1,1,4),
(0.,0.25,0.5,1.,2.,3.,4.,5.),.UNSPECIFIED.);
#131=B_SPLINE_CURVE_WITH_KNOTS('',3,(#6612,#6613,#6614,#6615,#6616,#6617,
#6618,#6619,#6620,#6621,#6622,#6623,#6624,#6625,#6626,#6627,#6628),
 .UNSPECIFIED.,.F.,.F.,(4,1,1,1,1,1,1,1,1,1,1,2,1,4),(-7.78959037899594,
-7.5,-7.,-6.75,-6.5,-6.,-5.,-4.,-3.,-2.,-1.,-0.5,-0.25,0.),
 .UNSPECIFIED.);
#132=B_SPLINE_CURVE_WITH_KNOTS('',3,(#6629,#6630,#6631,#6632,#6633,#6634,
#6635,#6636,#6637,#6638,#6639),.UNSPECIFIED.,.F.,.F.,(4,1,2,1,2,1,4),(0.,
0.25,0.5,1.,1.5,1.75,2.),.UNSPECIFIED.);
#133=B_SPLINE_CURVE_WITH_KNOTS('',3,(#7018,#7019,#7020,#7021,#7022,#7023,
#7024,#7025,#7026,#7027,#7028),.UNSPECIFIED.,.F.,.F.,(4,1,2,1,1,1,1,4),
(0.,0.25,0.5,1.,2.,3.,4.,5.),.UNSPECIFIED.);
#134=B_SPLINE_SURFACE_WITH_KNOTS('',3,1,((#2463,#2464),(#2465,#2466),(#2467,
#2468),(#2469,#2470),(#2471,#2472),(#2473,#2474)),.UNSPECIFIED.,.F.,.F.,
 .F.,(4,2,4),(2,2),(0.,0.0133374808742238,0.0265706655257354),(0.,0.072000000000012),
 .UNSPECIFIED.);
#135=B_SPLINE_SURFACE_WITH_KNOTS('',3,1,((#2493,#2494),(#2495,#2496),(#2497,
#2498),(#2499,#2500),(#2501,#2502),(#2503,#2504)),.UNSPECIFIED.,.F.,.F.,
 .F.,(4,2,4),(2,2),(0.,0.0171315167013345,0.0342196796197186),(0.,0.0720000000000202),
 .UNSPECIFIED.);
#136=B_SPLINE_SURFACE_WITH_KNOTS('',3,1,((#2520,#2521),(#2522,#2523),(#2524,
#2525),(#2526,#2527),(#2528,#2529),(#2530,#2531)),.UNSPECIFIED.,.F.,.F.,
 .F.,(4,2,4),(2,2),(0.,0.0177343168904113,0.035663558477833),(0.,0.0720000000000076),
 .UNSPECIFIED.);
#137=B_SPLINE_SURFACE_WITH_KNOTS('',3,1,((#2547,#2548),(#2549,#2550),(#2551,
#2552),(#2553,#2554),(#2555,#2556),(#2557,#2558)),.UNSPECIFIED.,.F.,.F.,
 .F.,(4,2,4),(2,2),(0.,0.0267691143216479,0.0552498892350028),(0.,0.0720000000000135),
 .UNSPECIFIED.);
#138=B_SPLINE_SURFACE_WITH_KNOTS('',3,1,((#2592,#2593),(#2594,#2595),(#2596,
#2597),(#2598,#2599),(#2600,#2601),(#2602,#2603)),.UNSPECIFIED.,.F.,.F.,
 .F.,(4,2,4),(2,2),(0.,0.0259129953389587,0.0518269853394519),(0.,0.0720000000000073),
 .UNSPECIFIED.);
#139=B_SPLINE_SURFACE_WITH_KNOTS('',3,1,((#2619,#2620),(#2621,#2622),(#2623,
#2624),(#2625,#2626),(#2627,#2628),(#2629,#2630)),.UNSPECIFIED.,.F.,.F.,
 .F.,(4,2,4),(2,2),(0.,0.0272151303954841,0.0544150752475264),(0.,0.0720000000000176),
 .UNSPECIFIED.);
#140=B_SPLINE_SURFACE_WITH_KNOTS('',3,1,((#2664,#2665),(#2666,#2667),(#2668,
#2669),(#2670,#2671),(#2672,#2673),(#2674,#2675)),.UNSPECIFIED.,.F.,.F.,
 .F.,(4,2,4),(2,2),(0.,0.00548099420249291,0.0107521305401465),(0.,0.0720000000000162),
 .UNSPECIFIED.);
#141=B_SPLINE_SURFACE_WITH_KNOTS('',3,1,((#2691,#2692),(#2693,#2694),(#2695,
#2696),(#2697,#2698),(#2699,#2700),(#2701,#2702)),.UNSPECIFIED.,.F.,.F.,
 .F.,(4,2,4),(2,2),(0.,0.0166540436671482,0.0317663074476929),(0.,0.0720000000000189),
 .UNSPECIFIED.);
#142=B_SPLINE_SURFACE_WITH_KNOTS('',3,1,((#2718,#2719),(#2720,#2721),(#2722,
#2723),(#2724,#2725),(#2726,#2727),(#2728,#2729)),.UNSPECIFIED.,.F.,.F.,
 .F.,(4,2,4),(2,2),(0.,0.00862536531623174,0.0172491718684443),(0.,0.0720000000000137),
 .UNSPECIFIED.);
#143=B_SPLINE_SURFACE_WITH_KNOTS('',3,1,((#2745,#2746),(#2747,#2748),(#2749,
#2750),(#2751,#2752),(#2753,#2754),(#2755,#2756)),.UNSPECIFIED.,.F.,.F.,
 .F.,(4,2,4),(2,2),(0.,0.0102220623618952,0.0206066542312701),(0.,0.0720000000000041),
 .UNSPECIFIED.);
#144=B_SPLINE_SURFACE_WITH_KNOTS('',3,1,((#2772,#2773),(#2774,#2775),(#2776,
#2777),(#2778,#2779),(#2780,#2781),(#2782,#2783)),.UNSPECIFIED.,.F.,.F.,
 .F.,(4,2,4),(2,2),(0.,0.0107188988517083,0.0215631372348546),(0.,0.0720000000000188),
 .UNSPECIFIED.);
#145=B_SPLINE_SURFACE_WITH_KNOTS('',3,1,((#2891,#2892),(#2893,#2894),(#2895,
#2896),(#2897,#2898),(#2899,#2900),(#2901,#2902)),.UNSPECIFIED.,.F.,.F.,
 .F.,(4,2,4),(2,2),(0.,0.0352944243512899,0.0691486106002441),(0.,0.0720000000000022),
 .UNSPECIFIED.);
#146=B_SPLINE_SURFACE_WITH_KNOTS('',3,1,((#2918,#2919),(#2920,#2921),(#2922,
#2923),(#2924,#2925),(#2926,#2927),(#2928,#2929)),.UNSPECIFIED.,.F.,.F.,
 .F.,(4,2,4),(2,2),(0.,0.0225290742229671,0.0450617601954681),(0.,0.072000000000009),
 .UNSPECIFIED.);
#147=B_SPLINE_SURFACE_WITH_KNOTS('',3,1,((#2945,#2946),(#2947,#2948),(#2949,
#2950),(#2951,#2952),(#2953,#2954),(#2955,#2956)),.UNSPECIFIED.,.F.,.F.,
 .F.,(4,2,4),(2,2),(0.,0.0143644910240455,0.0286910980120763),(0.,0.0720000000000132),
 .UNSPECIFIED.);
#148=B_SPLINE_SURFACE_WITH_KNOTS('',3,1,((#2972,#2973),(#2974,#2975),(#2976,
#2977),(#2978,#2979),(#2980,#2981),(#2982,#2983)),.UNSPECIFIED.,.F.,.F.,
 .F.,(4,2,4),(2,2),(0.,0.0125312960501272,0.025055235420127),(0.,0.0720000000000015),
 .UNSPECIFIED.);
#149=B_SPLINE_SURFACE_WITH_KNOTS('',3,1,((#2999,#3000),(#3001,#3002),(#3003,
#3004),(#3005,#3006),(#3007,#3008),(#3009,#3010)),.UNSPECIFIED.,.F.,.F.,
 .F.,(4,2,4),(2,2),(0.,0.0170736092079769,0.0348003874902893),(0.,0.0720000000000219),
 .UNSPECIFIED.);
#150=B_SPLINE_SURFACE_WITH_KNOTS('',3,1,((#3044,#3045),(#3046,#3047),(#3048,
#3049),(#3050,#3051),(#3052,#3053),(#3054,#3055)),.UNSPECIFIED.,.F.,.F.,
 .F.,(4,2,4),(2,2),(0.,0.0205392894112327,0.0398627854847231),(0.,0.0720000000000135),
 .UNSPECIFIED.);
#151=B_SPLINE_SURFACE_WITH_KNOTS('',3,1,((#3071,#3072),(#3073,#3074),(#3075,
#3076),(#3077,#3078),(#3079,#3080),(#3081,#3082)),.UNSPECIFIED.,.F.,.F.,
 .F.,(4,2,4),(2,2),(0.,0.0158104324729668,0.0315859076125147),(0.,0.072),
 .UNSPECIFIED.);
#152=B_SPLINE_SURFACE_WITH_KNOTS('',3,1,((#3098,#3099),(#3100,#3101),(#3102,
#3103),(#3104,#3105),(#3106,#3107),(#3108,#3109)),.UNSPECIFIED.,.F.,.F.,
 .F.,(4,2,4),(2,2),(0.,0.0157814691357128,0.0316785086329232),(0.,0.0720000000000171),
 .UNSPECIFIED.);
#153=B_SPLINE_SURFACE_WITH_KNOTS('',3,1,((#3125,#3126),(#3127,#3128),(#3129,
#3130),(#3131,#3132),(#3133,#3134),(#3135,#3136)),.UNSPECIFIED.,.F.,.F.,
 .F.,(4,2,4),(2,2),(0.,0.0185881839000678,0.0371975353052095),(0.,0.0720000000000185),
 .UNSPECIFIED.);
#154=B_SPLINE_SURFACE_WITH_KNOTS('',3,1,((#3152,#3153),(#3154,#3155),(#3156,
#3157),(#3158,#3159),(#3160,#3161),(#3162,#3163),(#3164,#3165),(#3166,#3167)),
 .UNSPECIFIED.,.F.,.F.,.F.,(4,2,2,4),(2,2),(0.,0.0430609289612802,0.0646879337358226,
0.0875519477681209),(0.,0.0720000000000004),.UNSPECIFIED.);
#155=B_SPLINE_SURFACE_WITH_KNOTS('',3,1,((#3243,#3244),(#3245,#3246),(#3247,
#3248),(#3249,#3250),(#3251,#3252),(#3253,#3254)),.UNSPECIFIED.,.F.,.F.,
 .F.,(4,2,4),(2,2),(0.,0.0212426908019292,0.0410998898046764),(0.,0.0720000000000019),
 .UNSPECIFIED.);
#156=B_SPLINE_SURFACE_WITH_KNOTS('',3,1,((#3270,#3271),(#3272,#3273),(#3274,
#3275),(#3276,#3277),(#3278,#3279),(#3280,#3281)),.UNSPECIFIED.,.F.,.F.,
 .F.,(4,2,4),(2,2),(0.,0.0158851436110066,0.0317712378320947),(0.,0.0720000000000187),
 .UNSPECIFIED.);
#157=B_SPLINE_SURFACE_WITH_KNOTS('',3,1,((#3297,#3298),(#3299,#3300),(#3301,
#3302),(#3303,#3304),(#3305,#3306),(#3307,#3308)),.UNSPECIFIED.,.F.,.F.,
 .F.,(4,2,4),(2,2),(0.,0.017263313152265,0.0345702596207609),(0.,0.0720000000000162),
 .UNSPECIFIED.);
#158=B_SPLINE_SURFACE_WITH_KNOTS('',3,1,((#3324,#3325),(#3326,#3327),(#3328,
#3329),(#3330,#3331),(#3332,#3333),(#3334,#3335)),.UNSPECIFIED.,.F.,.F.,
 .F.,(4,2,4),(2,2),(0.,0.0247194333946562,0.0493151075027097),(0.,0.0720000000000202),
 .UNSPECIFIED.);
#159=B_SPLINE_SURFACE_WITH_KNOTS('',3,1,((#3351,#3352),(#3353,#3354),(#3355,
#3356),(#3357,#3358),(#3359,#3360),(#3361,#3362)),.UNSPECIFIED.,.F.,.F.,
 .F.,(4,2,4),(2,2),(0.,0.0293120355800464,0.0596884975021185),(0.,0.0719999999999996),
 .UNSPECIFIED.);
#160=B_SPLINE_SURFACE_WITH_KNOTS('',3,1,((#3402,#3403),(#3404,#3405),(#3406,
#3407),(#3408,#3409),(#3410,#3411),(#3412,#3413)),.UNSPECIFIED.,.F.,.F.,
 .F.,(4,2,4),(2,2),(0.,0.0546583548839717,0.107337086050362),(0.,0.0720000000000137),
 .UNSPECIFIED.);
#161=B_SPLINE_SURFACE_WITH_KNOTS('',3,1,((#3429,#3430),(#3431,#3432),(#3433,
#3434),(#3435,#3436),(#3437,#3438),(#3439,#3440)),.UNSPECIFIED.,.F.,.F.,
 .F.,(4,2,4),(2,2),(0.,0.0360998699788942,0.0722185961568052),(0.,0.0720000000000184),
 .UNSPECIFIED.);
#162=B_SPLINE_SURFACE_WITH_KNOTS('',3,1,((#3456,#3457),(#3458,#3459),(#3460,
#3461),(#3462,#3463),(#3464,#3465),(#3466,#3467)),.UNSPECIFIED.,.F.,.F.,
 .F.,(4,2,4),(2,2),(0.,0.0220087632958024,0.0440030295595284),(0.,0.0720000000000196),
 .UNSPECIFIED.);
#163=B_SPLINE_SURFACE_WITH_KNOTS('',3,1,((#3483,#3484),(#3485,#3486),(#3487,
#3488),(#3489,#3490),(#3491,#3492),(#3493,#3494)),.UNSPECIFIED.,.F.,.F.,
 .F.,(4,2,4),(2,2),(0.,0.02022825376987,0.0404104121585147),(0.,0.0720000000000138),
 .UNSPECIFIED.);
#164=B_SPLINE_SURFACE_WITH_KNOTS('',3,1,((#3510,#3511),(#3512,#3513),(#3514,
#3515),(#3516,#3517),(#3518,#3519),(#3520,#3521)),.UNSPECIFIED.,.F.,.F.,
 .F.,(4,2,4),(2,2),(0.,0.0201076412619908,0.0403189125286552),(0.,0.0720000000000147),
 .UNSPECIFIED.);
#165=B_SPLINE_SURFACE_WITH_KNOTS('',3,1,((#3537,#3538),(#3539,#3540),(#3541,
#3542),(#3543,#3544),(#3545,#3546),(#3547,#3548)),.UNSPECIFIED.,.F.,.F.,
 .F.,(4,2,4),(2,2),(0.,0.0229114634314662,0.0466336512820844),(0.,0.072000000000019),
 .UNSPECIFIED.);
#166=B_SPLINE_SURFACE_WITH_KNOTS('',3,3,((#3593,#3594,#3595,#3596,#3597,
#3598,#3599,#3600,#3601,#3602,#3603,#3604),(#3605,#3606,#3607,#3608,#3609,
#3610,#3611,#3612,#3613,#3614,#3615,#3616),(#3617,#3618,#3619,#3620,#3621,
#3622,#3623,#3624,#3625,#3626,#3627,#3628),(#3629,#3630,#3631,#3632,#3633,
#3634,#3635,#3636,#3637,#3638,#3639,#3640),(#3641,#3642,#3643,#3644,#3645,
#3646,#3647,#3648,#3649,#3650,#3651,#3652)),.UNSPECIFIED.,.F.,.F.,.F.,(4,
1,4),(4,2,2,2,2,4),(0.,0.5,1.),(-1.32212389149475E-12,0.296310752596497,
0.473159916184573,0.58396014359372,0.694917572110088,0.89073821852275),
 .UNSPECIFIED.);
#167=B_SPLINE_SURFACE_WITH_KNOTS('',3,3,((#3787,#3788,#3789,#3790,#3791,
#3792),(#3793,#3794,#3795,#3796,#3797,#3798),(#3799,#3800,#3801,#3802,#3803,
#3804),(#3805,#3806,#3807,#3808,#3809,#3810),(#3811,#3812,#3813,#3814,#3815,
#3816)),.UNSPECIFIED.,.F.,.F.,.F.,(4,1,4),(4,2,4),(0.,0.571428571428571,
1.),(0.,0.123593678694562,0.251621501425342),.UNSPECIFIED.);
#168=B_SPLINE_SURFACE_WITH_KNOTS('',3,3,((#3832,#3833,#3834,#3835,#3836,
#3837,#3838,#3839,#3840,#3841,#3842,#3843,#3844,#3845,#3846,#3847),(#3848,
#3849,#3850,#3851,#3852,#3853,#3854,#3855,#3856,#3857,#3858,#3859,#3860,
#3861,#3862,#3863),(#3864,#3865,#3866,#3867,#3868,#3869,#3870,#3871,#3872,
#3873,#3874,#3875,#3876,#3877,#3878,#3879),(#3880,#3881,#3882,#3883,#3884,
#3885,#3886,#3887,#3888,#3889,#3890,#3891,#3892,#3893,#3894,#3895),(#3896,
#3897,#3898,#3899,#3900,#3901,#3902,#3903,#3904,#3905,#3906,#3907,#3908,
#3909,#3910,#3911)),.UNSPECIFIED.,.F.,.F.,.F.,(4,1,4),(4,2,2,2,2,2,2,4),
(0.,0.5,1.),(0.,0.0864626168180693,0.169836306173252,0.250755040687719,
0.339490929559531,0.445511196339352,0.678936108328097,0.881577005893095),
 .UNSPECIFIED.);
#169=B_SPLINE_SURFACE_WITH_KNOTS('',3,1,((#4038,#4039),(#4040,#4041),(#4042,
#4043),(#4044,#4045),(#4046,#4047),(#4048,#4049),(#4050,#4051),(#4052,#4053),
(#4054,#4055),(#4056,#4057),(#4058,#4059),(#4060,#4061),(#4062,#4063),(#4064,
#4065),(#4066,#4067),(#4068,#4069),(#4070,#4071),(#4072,#4073),(#4074,#4075),
(#4076,#4077),(#4078,#4079),(#4080,#4081)),.UNSPECIFIED.,.F.,.F.,.F.,(4,
3,3,3,3,3,3,4),(2,2),(0.,0.197511512255023,0.440644378925276,0.556609018886732,
0.649652473280092,0.747389434674714,0.853566130425931,0.960334159951803),
(0.,0.144000000068182),.UNSPECIFIED.);
#170=B_SPLINE_SURFACE_WITH_KNOTS('',3,1,((#4162,#4163),(#4164,#4165),(#4166,
#4167),(#4168,#4169),(#4170,#4171),(#4172,#4173),(#4174,#4175)),
 .UNSPECIFIED.,.F.,.F.,.F.,(4,3,4),(2,2),(0.,0.11867233707204,0.239756881421919),
(0.,0.1),.UNSPECIFIED.);
#171=B_SPLINE_SURFACE_WITH_KNOTS('',3,1,((#4206,#4207),(#4208,#4209),(#4210,
#4211),(#4212,#4213),(#4214,#4215),(#4216,#4217),(#4218,#4219),(#4220,#4221),
(#4222,#4223),(#4224,#4225),(#4226,#4227),(#4228,#4229),(#4230,#4231),(#4232,
#4233),(#4234,#4235),(#4236,#4237)),.UNSPECIFIED.,.F.,.F.,.F.,(4,3,3,3,
3,4),(2,2),(0.,0.128346731265,0.198724138502494,0.276140027794644,0.425739836754196,
0.684915941682819),(0.,0.1),.UNSPECIFIED.);
#172=B_SPLINE_SURFACE_WITH_KNOTS('',3,3,((#4322,#4323,#4324,#4325,#4326,
#4327,#4328,#4329,#4330,#4331,#4332,#4333,#4334,#4335,#4336,#4337,#4338,
#4339,#4340,#4341,#4342,#4343),(#4344,#4345,#4346,#4347,#4348,#4349,#4350,
#4351,#4352,#4353,#4354,#4355,#4356,#4357,#4358,#4359,#4360,#4361,#4362,
#4363,#4364,#4365),(#4366,#4367,#4368,#4369,#4370,#4371,#4372,#4373,#4374,
#4375,#4376,#4377,#4378,#4379,#4380,#4381,#4382,#4383,#4384,#4385,#4386,
#4387),(#4388,#4389,#4390,#4391,#4392,#4393,#4394,#4395,#4396,#4397,#4398,
#4399,#4400,#4401,#4402,#4403,#4404,#4405,#4406,#4407,#4408,#4409)),
 .UNSPECIFIED.,.F.,.F.,.F.,(4,4),(4,3,3,3,3,3,3,4),(0.,1.),(-6.26959862973968E-12,
0.197511512253293,0.440644378923997,0.556609018886732,0.649652473280092,
0.747389434674714,0.853566130425931,0.960334159956619),.UNSPECIFIED.);
#173=B_SPLINE_SURFACE_WITH_KNOTS('',3,3,((#4553,#4554,#4555,#4556,#4557,
#4558,#4559),(#4560,#4561,#4562,#4563,#4564,#4565,#4566),(#4567,#4568,#4569,
#4570,#4571,#4572,#4573),(#4574,#4575,#4576,#4577,#4578,#4579,#4580)),
 .UNSPECIFIED.,.F.,.F.,.F.,(4,4),(4,3,4),(0.,1.),(3.31045432822435E-12,
0.11867233707204,0.239756881425453),.UNSPECIFIED.);
#174=B_SPLINE_SURFACE_WITH_KNOTS('',3,3,((#4620,#4621,#4622,#4623,#4624,
#4625,#4626,#4627,#4628,#4629,#4630,#4631,#4632,#4633,#4634,#4635),(#4636,
#4637,#4638,#4639,#4640,#4641,#4642,#4643,#4644,#4645,#4646,#4647,#4648,
#4649,#4650,#4651),(#4652,#4653,#4654,#4655,#4656,#4657,#4658,#4659,#4660,
#4661,#4662,#4663,#4664,#4665,#4666,#4667),(#4668,#4669,#4670,#4671,#4672,
#4673,#4674,#4675,#4676,#4677,#4678,#4679,#4680,#4681,#4682,#4683)),
 .UNSPECIFIED.,.F.,.F.,.F.,(4,4),(4,3,3,3,3,4),(0.,1.),(3.9392199045275E-12,
0.128346731265,0.198724138502494,0.276140027794644,0.425739836754196,0.684915941688584),
 .UNSPECIFIED.);
#175=B_SPLINE_SURFACE_WITH_KNOTS('',3,3,((#5962,#5963,#5964,#5965,#5966,
#5967,#5968,#5969,#5970,#5971,#5972,#5973,#5974,#5975,#5976,#5977,#5978,
#5979,#5980,#5981,#5982),(#5983,#5984,#5985,#5986,#5987,#5988,#5989,#5990,
#5991,#5992,#5993,#5994,#5995,#5996,#5997,#5998,#5999,#6000,#6001,#6002,
#6003),(#6004,#6005,#6006,#6007,#6008,#6009,#6010,#6011,#6012,#6013,#6014,
#6015,#6016,#6017,#6018,#6019,#6020,#6021,#6022,#6023,#6024),(#6025,#6026,
#6027,#6028,#6029,#6030,#6031,#6032,#6033,#6034,#6035,#6036,#6037,#6038,
#6039,#6040,#6041,#6042,#6043,#6044,#6045),(#6046,#6047,#6048,#6049,#6050,
#6051,#6052,#6053,#6054,#6055,#6056,#6057,#6058,#6059,#6060,#6061,#6062,
#6063,#6064,#6065,#6066),(#6067,#6068,#6069,#6070,#6071,#6072,#6073,#6074,
#6075,#6076,#6077,#6078,#6079,#6080,#6081,#6082,#6083,#6084,#6085,#6086,
#6087),(#6088,#6089,#6090,#6091,#6092,#6093,#6094,#6095,#6096,#6097,#6098,
#6099,#6100,#6101,#6102,#6103,#6104,#6105,#6106,#6107,#6108),(#6109,#6110,
#6111,#6112,#6113,#6114,#6115,#6116,#6117,#6118,#6119,#6120,#6121,#6122,
#6123,#6124,#6125,#6126,#6127,#6128,#6129),(#6130,#6131,#6132,#6133,#6134,
#6135,#6136,#6137,#6138,#6139,#6140,#6141,#6142,#6143,#6144,#6145,#6146,
#6147,#6148,#6149,#6150),(#6151,#6152,#6153,#6154,#6155,#6156,#6157,#6158,
#6159,#6160,#6161,#6162,#6163,#6164,#6165,#6166,#6167,#6168,#6169,#6170,
#6171),(#6172,#6173,#6174,#6175,#6176,#6177,#6178,#6179,#6180,#6181,#6182,
#6183,#6184,#6185,#6186,#6187,#6188,#6189,#6190,#6191,#6192),(#6193,#6194,
#6195,#6196,#6197,#6198,#6199,#6200,#6201,#6202,#6203,#6204,#6205,#6206,
#6207,#6208,#6209,#6210,#6211,#6212,#6213),(#6214,#6215,#6216,#6217,#6218,
#6219,#6220,#6221,#6222,#6223,#6224,#6225,#6226,#6227,#6228,#6229,#6230,
#6231,#6232,#6233,#6234),(#6235,#6236,#6237,#6238,#6239,#6240,#6241,#6242,
#6243,#6244,#6245,#6246,#6247,#6248,#6249,#6250,#6251,#6252,#6253,#6254,
#6255),(#6256,#6257,#6258,#6259,#6260,#6261,#6262,#6263,#6264,#6265,#6266,
#6267,#6268,#6269,#6270,#6271,#6272,#6273,#6274,#6275,#6276),(#6277,#6278,
#6279,#6280,#6281,#6282,#6283,#6284,#6285,#6286,#6287,#6288,#6289,#6290,
#6291,#6292,#6293,#6294,#6295,#6296,#6297),(#6298,#6299,#6300,#6301,#6302,
#6303,#6304,#6305,#6306,#6307,#6308,#6309,#6310,#6311,#6312,#6313,#6314,
#6315,#6316,#6317,#6318),(#6319,#6320,#6321,#6322,#6323,#6324,#6325,#6326,
#6327,#6328,#6329,#6330,#6331,#6332,#6333,#6334,#6335,#6336,#6337,#6338,
#6339)),.UNSPECIFIED.,.F.,.F.,.F.,(4,2,2,1,1,1,1,1,1,1,1,1,1,4),(4,2,2,
1,1,1,1,1,1,1,1,1,2,2,4),(0.,0.25,0.5,1.,2.,3.,4.,5.,6.,6.5,6.75,7.,7.5,
8.),(0.,0.25,0.5,1.,2.,3.,4.,5.,6.,7.,8.,9.,9.5,9.75,10.),.UNSPECIFIED.);
#176=B_SPLINE_SURFACE_WITH_KNOTS('',3,3,((#6377,#6378,#6379,#6380,#6381,
#6382,#6383,#6384,#6385,#6386,#6387,#6388,#6389,#6390,#6391,#6392,#6393,
#6394),(#6395,#6396,#6397,#6398,#6399,#6400,#6401,#6402,#6403,#6404,#6405,
#6406,#6407,#6408,#6409,#6410,#6411,#6412),(#6413,#6414,#6415,#6416,#6417,
#6418,#6419,#6420,#6421,#6422,#6423,#6424,#6425,#6426,#6427,#6428,#6429,
#6430),(#6431,#6432,#6433,#6434,#6435,#6436,#6437,#6438,#6439,#6440,#6441,
#6442,#6443,#6444,#6445,#6446,#6447,#6448),(#6449,#6450,#6451,#6452,#6453,
#6454,#6455,#6456,#6457,#6458,#6459,#6460,#6461,#6462,#6463,#6464,#6465,
#6466),(#6467,#6468,#6469,#6470,#6471,#6472,#6473,#6474,#6475,#6476,#6477,
#6478,#6479,#6480,#6481,#6482,#6483,#6484),(#6485,#6486,#6487,#6488,#6489,
#6490,#6491,#6492,#6493,#6494,#6495,#6496,#6497,#6498,#6499,#6500,#6501,
#6502),(#6503,#6504,#6505,#6506,#6507,#6508,#6509,#6510,#6511,#6512,#6513,
#6514,#6515,#6516,#6517,#6518,#6519,#6520),(#6521,#6522,#6523,#6524,#6525,
#6526,#6527,#6528,#6529,#6530,#6531,#6532,#6533,#6534,#6535,#6536,#6537,
#6538),(#6539,#6540,#6541,#6542,#6543,#6544,#6545,#6546,#6547,#6548,#6549,
#6550,#6551,#6552,#6553,#6554,#6555,#6556),(#6557,#6558,#6559,#6560,#6561,
#6562,#6563,#6564,#6565,#6566,#6567,#6568,#6569,#6570,#6571,#6572,#6573,
#6574),(#6575,#6576,#6577,#6578,#6579,#6580,#6581,#6582,#6583,#6584,#6585,
#6586,#6587,#6588,#6589,#6590,#6591,#6592),(#6593,#6594,#6595,#6596,#6597,
#6598,#6599,#6600,#6601,#6602,#6603,#6604,#6605,#6606,#6607,#6608,#6609,
#6610)),.UNSPECIFIED.,.F.,.F.,.F.,(4,2,2,1,2,2,4),(4,2,2,1,1,1,1,1,1,1,
1,1,1,4),(0.,0.25,0.5,1.,1.5,1.75,2.),(0.,0.25,0.5,1.,2.,3.,4.,5.,6.,6.5,
6.75,7.,7.5,8.),.UNSPECIFIED.);
#177=B_SPLINE_SURFACE_WITH_KNOTS('',3,3,((#6640,#6641,#6642,#6643,#6644,
#6645,#6646,#6647,#6648,#6649,#6650,#6651,#6652,#6653,#6654,#6655,#6656,
#6657,#6658,#6659,#6660),(#6661,#6662,#6663,#6664,#6665,#6666,#6667,#6668,
#6669,#6670,#6671,#6672,#6673,#6674,#6675,#6676,#6677,#6678,#6679,#6680,
#6681),(#6682,#6683,#6684,#6685,#6686,#6687,#6688,#6689,#6690,#6691,#6692,
#6693,#6694,#6695,#6696,#6697,#6698,#6699,#6700,#6701,#6702),(#6703,#6704,
#6705,#6706,#6707,#6708,#6709,#6710,#6711,#6712,#6713,#6714,#6715,#6716,
#6717,#6718,#6719,#6720,#6721,#6722,#6723),(#6724,#6725,#6726,#6727,#6728,
#6729,#6730,#6731,#6732,#6733,#6734,#6735,#6736,#6737,#6738,#6739,#6740,
#6741,#6742,#6743,#6744),(#6745,#6746,#6747,#6748,#6749,#6750,#6751,#6752,
#6753,#6754,#6755,#6756,#6757,#6758,#6759,#6760,#6761,#6762,#6763,#6764,
#6765),(#6766,#6767,#6768,#6769,#6770,#6771,#6772,#6773,#6774,#6775,#6776,
#6777,#6778,#6779,#6780,#6781,#6782,#6783,#6784,#6785,#6786),(#6787,#6788,
#6789,#6790,#6791,#6792,#6793,#6794,#6795,#6796,#6797,#6798,#6799,#6800,
#6801,#6802,#6803,#6804,#6805,#6806,#6807),(#6808,#6809,#6810,#6811,#6812,
#6813,#6814,#6815,#6816,#6817,#6818,#6819,#6820,#6821,#6822,#6823,#6824,
#6825,#6826,#6827,#6828),(#6829,#6830,#6831,#6832,#6833,#6834,#6835,#6836,
#6837,#6838,#6839,#6840,#6841,#6842,#6843,#6844,#6845,#6846,#6847,#6848,
#6849),(#6850,#6851,#6852,#6853,#6854,#6855,#6856,#6857,#6858,#6859,#6860,
#6861,#6862,#6863,#6864,#6865,#6866,#6867,#6868,#6869,#6870),(#6871,#6872,
#6873,#6874,#6875,#6876,#6877,#6878,#6879,#6880,#6881,#6882,#6883,#6884,
#6885,#6886,#6887,#6888,#6889,#6890,#6891),(#6892,#6893,#6894,#6895,#6896,
#6897,#6898,#6899,#6900,#6901,#6902,#6903,#6904,#6905,#6906,#6907,#6908,
#6909,#6910,#6911,#6912),(#6913,#6914,#6915,#6916,#6917,#6918,#6919,#6920,
#6921,#6922,#6923,#6924,#6925,#6926,#6927,#6928,#6929,#6930,#6931,#6932,
#6933),(#6934,#6935,#6936,#6937,#6938,#6939,#6940,#6941,#6942,#6943,#6944,
#6945,#6946,#6947,#6948,#6949,#6950,#6951,#6952,#6953,#6954),(#6955,#6956,
#6957,#6958,#6959,#6960,#6961,#6962,#6963,#6964,#6965,#6966,#6967,#6968,
#6969,#6970,#6971,#6972,#6973,#6974,#6975),(#6976,#6977,#6978,#6979,#6980,
#6981,#6982,#6983,#6984,#6985,#6986,#6987,#6988,#6989,#6990,#6991,#6992,
#6993,#6994,#6995,#6996),(#6997,#6998,#6999,#7000,#7001,#7002,#7003,#7004,
#7005,#7006,#7007,#7008,#7009,#7010,#7011,#7012,#7013,#7014,#7015,#7016,
#7017)),.UNSPECIFIED.,.F.,.F.,.F.,(4,1,1,1,1,1,1,1,1,1,1,2,2,4),(4,2,2,
1,1,1,1,1,1,1,1,1,2,2,4),(0.,0.5,1.,1.25,1.5,2.,3.,4.,5.,6.,7.,7.5,7.75,
8.),(0.,0.25,0.5,1.,2.,3.,4.,5.,6.,7.,8.,9.,9.5,9.75,10.),.UNSPECIFIED.);
#178=B_SPLINE_SURFACE_WITH_KNOTS('',3,3,((#7029,#7030,#7031,#7032,#7033,
#7034,#7035,#7036,#7037,#7038,#7039,#7040,#7041,#7042,#7043,#7044,#7045,
#7046,#7047,#7048,#7049),(#7050,#7051,#7052,#7053,#7054,#7055,#7056,#7057,
#7058,#7059,#7060,#7061,#7062,#7063,#7064,#7065,#7066,#7067,#7068,#7069,
#7070),(#7071,#7072,#7073,#7074,#7075,#7076,#7077,#7078,#7079,#7080,#7081,
#7082,#7083,#7084,#7085,#7086,#7087,#7088,#7089,#7090,#7091),(#7092,#7093,
#7094,#7095,#7096,#7097,#7098,#7099,#7100,#7101,#7102,#7103,#7104,#7105,
#7106,#7107,#7108,#7109,#7110,#7111,#7112),(#7113,#7114,#7115,#7116,#7117,
#7118,#7119,#7120,#7121,#7122,#7123,#7124,#7125,#7126,#7127,#7128,#7129,
#7130,#7131,#7132,#7133),(#7134,#7135,#7136,#7137,#7138,#7139,#7140,#7141,
#7142,#7143,#7144,#7145,#7146,#7147,#7148,#7149,#7150,#7151,#7152,#7153,
#7154),(#7155,#7156,#7157,#7158,#7159,#7160,#7161,#7162,#7163,#7164,#7165,
#7166,#7167,#7168,#7169,#7170,#7171,#7172,#7173,#7174,#7175),(#7176,#7177,
#7178,#7179,#7180,#7181,#7182,#7183,#7184,#7185,#7186,#7187,#7188,#7189,
#7190,#7191,#7192,#7193,#7194,#7195,#7196),(#7197,#7198,#7199,#7200,#7201,
#7202,#7203,#7204,#7205,#7206,#7207,#7208,#7209,#7210,#7211,#7212,#7213,
#7214,#7215,#7216,#7217),(#7218,#7219,#7220,#7221,#7222,#7223,#7224,#7225,
#7226,#7227,#7228,#7229,#7230,#7231,#7232,#7233,#7234,#7235,#7236,#7237,
#7238),(#7239,#7240,#7241,#7242,#7243,#7244,#7245,#7246,#7247,#7248,#7249,
#7250,#7251,#7252,#7253,#7254,#7255,#7256,#7257,#7258,#7259),(#7260,#7261,
#7262,#7263,#7264,#7265,#7266,#7267,#7268,#7269,#7270,#7271,#7272,#7273,
#7274,#7275,#7276,#7277,#7278,#7279,#7280),(#7281,#7282,#7283,#7284,#7285,
#7286,#7287,#7288,#7289,#7290,#7291,#7292,#7293,#7294,#7295,#7296,#7297,
#7298,#7299,#7300,#7301)),.UNSPECIFIED.,.F.,.F.,.F.,(4,2,2,1,2,2,4),(4,
2,2,1,1,1,1,1,1,1,1,1,2,2,4),(0.,0.25,0.5,1.,1.5,1.75,2.),(0.,0.25,0.5,
1.,2.,3.,4.,5.,6.,7.,8.,9.,9.5,9.75,10.),.UNSPECIFIED.);
#179=FACE_OUTER_BOUND('',#286,.T.);
#180=FACE_OUTER_BOUND('',#287,.T.);
#181=FACE_OUTER_BOUND('',#288,.T.);
#182=FACE_OUTER_BOUND('',#289,.T.);
#183=FACE_OUTER_BOUND('',#290,.T.);
#184=FACE_OUTER_BOUND('',#291,.T.);
#185=FACE_OUTER_BOUND('',#292,.T.);
#186=FACE_OUTER_BOUND('',#293,.T.);
#187=FACE_OUTER_BOUND('',#294,.T.);
#188=FACE_OUTER_BOUND('',#295,.T.);
#189=FACE_OUTER_BOUND('',#296,.T.);
#190=FACE_OUTER_BOUND('',#297,.T.);
#191=FACE_OUTER_BOUND('',#298,.T.);
#192=FACE_OUTER_BOUND('',#299,.T.);
#193=FACE_OUTER_BOUND('',#300,.T.);
#194=FACE_OUTER_BOUND('',#301,.T.);
#195=FACE_OUTER_BOUND('',#302,.T.);
#196=FACE_OUTER_BOUND('',#303,.T.);
#197=FACE_OUTER_BOUND('',#304,.T.);
#198=FACE_OUTER_BOUND('',#305,.T.);
#199=FACE_OUTER_BOUND('',#306,.T.);
#200=FACE_OUTER_BOUND('',#307,.T.);
#201=FACE_OUTER_BOUND('',#308,.T.);
#202=FACE_OUTER_BOUND('',#309,.T.);
#203=FACE_OUTER_BOUND('',#310,.T.);
#204=FACE_OUTER_BOUND('',#311,.T.);
#205=FACE_OUTER_BOUND('',#312,.T.);
#206=FACE_OUTER_BOUND('',#313,.T.);
#207=FACE_OUTER_BOUND('',#314,.T.);
#208=FACE_OUTER_BOUND('',#315,.T.);
#209=FACE_OUTER_BOUND('',#316,.T.);
#210=FACE_OUTER_BOUND('',#317,.T.);
#211=FACE_OUTER_BOUND('',#318,.T.);
#212=FACE_OUTER_BOUND('',#319,.T.);
#213=FACE_OUTER_BOUND('',#320,.T.);
#214=FACE_OUTER_BOUND('',#321,.T.);
#215=FACE_OUTER_BOUND('',#322,.T.);
#216=FACE_OUTER_BOUND('',#323,.T.);
#217=FACE_OUTER_BOUND('',#324,.T.);
#218=FACE_OUTER_BOUND('',#325,.T.);
#219=FACE_OUTER_BOUND('',#326,.T.);
#220=FACE_OUTER_BOUND('',#327,.T.);
#221=FACE_OUTER_BOUND('',#328,.T.);
#222=FACE_OUTER_BOUND('',#329,.T.);
#223=FACE_OUTER_BOUND('',#330,.T.);
#224=FACE_OUTER_BOUND('',#331,.T.);
#225=FACE_OUTER_BOUND('',#332,.T.);
#226=FACE_OUTER_BOUND('',#333,.T.);
#227=FACE_OUTER_BOUND('',#334,.T.);
#228=FACE_OUTER_BOUND('',#335,.T.);
#229=FACE_OUTER_BOUND('',#336,.T.);
#230=FACE_OUTER_BOUND('',#337,.T.);
#231=FACE_OUTER_BOUND('',#338,.T.);
#232=FACE_OUTER_BOUND('',#339,.T.);
#233=FACE_OUTER_BOUND('',#340,.T.);
#234=FACE_OUTER_BOUND('',#341,.T.);
#235=FACE_OUTER_BOUND('',#342,.T.);
#236=FACE_OUTER_BOUND('',#343,.T.);
#237=FACE_OUTER_BOUND('',#344,.T.);
#238=FACE_OUTER_BOUND('',#345,.T.);
#239=FACE_OUTER_BOUND('',#346,.T.);
#240=FACE_OUTER_BOUND('',#347,.T.);
#241=FACE_OUTER_BOUND('',#348,.T.);
#242=FACE_OUTER_BOUND('',#349,.T.);
#243=FACE_OUTER_BOUND('',#350,.T.);
#244=FACE_OUTER_BOUND('',#351,.T.);
#245=FACE_OUTER_BOUND('',#352,.T.);
#246=FACE_OUTER_BOUND('',#353,.T.);
#247=FACE_OUTER_BOUND('',#354,.T.);
#248=FACE_OUTER_BOUND('',#355,.T.);
#249=FACE_OUTER_BOUND('',#356,.T.);
#250=FACE_OUTER_BOUND('',#357,.T.);
#251=FACE_OUTER_BOUND('',#358,.T.);
#252=FACE_OUTER_BOUND('',#359,.T.);
#253=FACE_OUTER_BOUND('',#360,.T.);
#254=FACE_OUTER_BOUND('',#361,.T.);
#255=FACE_OUTER_BOUND('',#362,.T.);
#256=FACE_OUTER_BOUND('',#363,.T.);
#257=FACE_OUTER_BOUND('',#364,.T.);
#258=FACE_OUTER_BOUND('',#365,.T.);
#259=FACE_OUTER_BOUND('',#366,.T.);
#260=FACE_OUTER_BOUND('',#368,.T.);
#261=FACE_OUTER_BOUND('',#378,.T.);
#262=FACE_OUTER_BOUND('',#379,.T.);
#263=FACE_OUTER_BOUND('',#380,.T.);
#264=FACE_OUTER_BOUND('',#381,.T.);
#265=FACE_OUTER_BOUND('',#382,.T.);
#266=FACE_OUTER_BOUND('',#383,.T.);
#267=FACE_OUTER_BOUND('',#384,.T.);
#268=FACE_OUTER_BOUND('',#385,.T.);
#269=FACE_OUTER_BOUND('',#386,.T.);
#270=FACE_OUTER_BOUND('',#387,.T.);
#271=FACE_OUTER_BOUND('',#388,.T.);
#272=FACE_OUTER_BOUND('',#389,.T.);
#273=FACE_OUTER_BOUND('',#393,.T.);
#274=FACE_OUTER_BOUND('',#394,.T.);
#275=FACE_OUTER_BOUND('',#395,.T.);
#276=FACE_OUTER_BOUND('',#396,.T.);
#277=FACE_OUTER_BOUND('',#397,.T.);
#278=FACE_OUTER_BOUND('',#398,.T.);
#279=FACE_OUTER_BOUND('',#399,.T.);
#280=FACE_OUTER_BOUND('',#400,.T.);
#281=FACE_OUTER_BOUND('',#401,.T.);
#282=FACE_OUTER_BOUND('',#402,.T.);
#283=FACE_OUTER_BOUND('',#403,.T.);
#284=FACE_OUTER_BOUND('',#404,.T.);
#285=FACE_OUTER_BOUND('',#405,.T.);
#286=EDGE_LOOP('',(#1266,#1267,#1268,#1269));
#287=EDGE_LOOP('',(#1270,#1271,#1272,#1273));
#288=EDGE_LOOP('',(#1274,#1275,#1276,#1277));
#289=EDGE_LOOP('',(#1278,#1279,#1280,#1281));
#290=EDGE_LOOP('',(#1282,#1283,#1284,#1285));
#291=EDGE_LOOP('',(#1286,#1287,#1288,#1289));
#292=EDGE_LOOP('',(#1290,#1291,#1292,#1293));
#293=EDGE_LOOP('',(#1294,#1295,#1296,#1297));
#294=EDGE_LOOP('',(#1298,#1299,#1300,#1301));
#295=EDGE_LOOP('',(#1302,#1303,#1304,#1305));
#296=EDGE_LOOP('',(#1306,#1307,#1308,#1309));
#297=EDGE_LOOP('',(#1310,#1311,#1312,#1313));
#298=EDGE_LOOP('',(#1314,#1315,#1316,#1317));
#299=EDGE_LOOP('',(#1318,#1319,#1320,#1321));
#300=EDGE_LOOP('',(#1322,#1323,#1324,#1325));
#301=EDGE_LOOP('',(#1326,#1327,#1328,#1329));
#302=EDGE_LOOP('',(#1330,#1331,#1332,#1333));
#303=EDGE_LOOP('',(#1334,#1335,#1336,#1337));
#304=EDGE_LOOP('',(#1338,#1339,#1340,#1341));
#305=EDGE_LOOP('',(#1342,#1343,#1344,#1345));
#306=EDGE_LOOP('',(#1346,#1347,#1348,#1349));
#307=EDGE_LOOP('',(#1350,#1351,#1352,#1353));
#308=EDGE_LOOP('',(#1354,#1355,#1356,#1357));
#309=EDGE_LOOP('',(#1358,#1359,#1360,#1361,#1362,#1363,#1364,#1365,#1366,
#1367,#1368,#1369,#1370,#1371,#1372,#1373,#1374,#1375));
#310=EDGE_LOOP('',(#1376,#1377,#1378,#1379));
#311=EDGE_LOOP('',(#1380,#1381,#1382,#1383));
#312=EDGE_LOOP('',(#1384,#1385,#1386,#1387));
#313=EDGE_LOOP('',(#1388,#1389,#1390,#1391));
#314=EDGE_LOOP('',(#1392,#1393,#1394,#1395));
#315=EDGE_LOOP('',(#1396,#1397,#1398,#1399));
#316=EDGE_LOOP('',(#1400,#1401,#1402,#1403));
#317=EDGE_LOOP('',(#1404,#1405,#1406,#1407));
#318=EDGE_LOOP('',(#1408,#1409,#1410,#1411));
#319=EDGE_LOOP('',(#1412,#1413,#1414,#1415));
#320=EDGE_LOOP('',(#1416,#1417,#1418,#1419));
#321=EDGE_LOOP('',(#1420,#1421,#1422,#1423));
#322=EDGE_LOOP('',(#1424,#1425,#1426,#1427,#1428,#1429,#1430,#1431,#1432,
#1433,#1434,#1435));
#323=EDGE_LOOP('',(#1436,#1437,#1438,#1439));
#324=EDGE_LOOP('',(#1440,#1441,#1442,#1443));
#325=EDGE_LOOP('',(#1444,#1445,#1446,#1447));
#326=EDGE_LOOP('',(#1448,#1449,#1450,#1451));
#327=EDGE_LOOP('',(#1452,#1453,#1454,#1455));
#328=EDGE_LOOP('',(#1456,#1457,#1458,#1459));
#329=EDGE_LOOP('',(#1460,#1461,#1462,#1463));
#330=EDGE_LOOP('',(#1464,#1465,#1466,#1467));
#331=EDGE_LOOP('',(#1468,#1469,#1470,#1471));
#332=EDGE_LOOP('',(#1472,#1473,#1474,#1475));
#333=EDGE_LOOP('',(#1476,#1477,#1478,#1479));
#334=EDGE_LOOP('',(#1480,#1481,#1482,#1483));
#335=EDGE_LOOP('',(#1484,#1485,#1486,#1487));
#336=EDGE_LOOP('',(#1488,#1489,#1490,#1491));
#337=EDGE_LOOP('',(#1492,#1493,#1494,#1495));
#338=EDGE_LOOP('',(#1496,#1497,#1498,#1499));
#339=EDGE_LOOP('',(#1500,#1501,#1502,#1503));
#340=EDGE_LOOP('',(#1504,#1505,#1506,#1507));
#341=EDGE_LOOP('',(#1508,#1509,#1510,#1511,#1512,#1513,#1514,#1515,#1516,
#1517,#1518,#1519,#1520,#1521,#1522,#1523,#1524,#1525));
#342=EDGE_LOOP('',(#1526,#1527,#1528,#1529));
#343=EDGE_LOOP('',(#1530,#1531,#1532,#1533));
#344=EDGE_LOOP('',(#1534,#1535,#1536,#1537));
#345=EDGE_LOOP('',(#1538,#1539,#1540,#1541));
#346=EDGE_LOOP('',(#1542,#1543,#1544,#1545));
#347=EDGE_LOOP('',(#1546,#1547,#1548,#1549));
#348=EDGE_LOOP('',(#1550,#1551,#1552,#1553));
#349=EDGE_LOOP('',(#1554,#1555,#1556,#1557));
#350=EDGE_LOOP('',(#1558,#1559,#1560,#1561));
#351=EDGE_LOOP('',(#1562,#1563,#1564,#1565));
#352=EDGE_LOOP('',(#1566,#1567,#1568,#1569));
#353=EDGE_LOOP('',(#1570,#1571,#1572,#1573));
#354=EDGE_LOOP('',(#1574,#1575,#1576,#1577));
#355=EDGE_LOOP('',(#1578,#1579,#1580,#1581));
#356=EDGE_LOOP('',(#1582,#1583,#1584,#1585));
#357=EDGE_LOOP('',(#1586,#1587,#1588,#1589));
#358=EDGE_LOOP('',(#1590,#1591,#1592,#1593));
#359=EDGE_LOOP('',(#1594,#1595,#1596,#1597));
#360=EDGE_LOOP('',(#1598,#1599,#1600,#1601));
#361=EDGE_LOOP('',(#1602,#1603,#1604,#1605));
#362=EDGE_LOOP('',(#1606,#1607,#1608,#1609));
#363=EDGE_LOOP('',(#1610,#1611,#1612,#1613));
#364=EDGE_LOOP('',(#1614,#1615,#1616,#1617));
#365=EDGE_LOOP('',(#1618,#1619,#1620,#1621));
#366=EDGE_LOOP('',(#1622,#1623,#1624,#1625,#1626,#1627,#1628,#1629,#1630,
#1631,#1632));
#367=EDGE_LOOP('',(#1633,#1634,#1635,#1636,#1637,#1638,#1639,#1640));
#368=EDGE_LOOP('',(#1641,#1642,#1643,#1644,#1645,#1646));
#369=EDGE_LOOP('',(#1647));
#370=EDGE_LOOP('',(#1648));
#371=EDGE_LOOP('',(#1649));
#372=EDGE_LOOP('',(#1650,#1651,#1652,#1653,#1654,#1655,#1656,#1657,#1658,
#1659,#1660));
#373=EDGE_LOOP('',(#1661,#1662,#1663,#1664));
#374=EDGE_LOOP('',(#1665,#1666,#1667,#1668,#1669,#1670,#1671,#1672,#1673,
#1674,#1675,#1676,#1677,#1678,#1679,#1680,#1681,#1682));
#375=EDGE_LOOP('',(#1683,#1684,#1685,#1686,#1687,#1688,#1689,#1690,#1691,
#1692,#1693,#1694));
#376=EDGE_LOOP('',(#1695,#1696,#1697,#1698,#1699,#1700,#1701,#1702,#1703,
#1704,#1705,#1706,#1707,#1708,#1709,#1710,#1711,#1712));
#377=EDGE_LOOP('',(#1713,#1714,#1715,#1716));
#378=EDGE_LOOP('',(#1717,#1718,#1719,#1720));
#379=EDGE_LOOP('',(#1721,#1722,#1723,#1724));
#380=EDGE_LOOP('',(#1725,#1726,#1727,#1728));
#381=EDGE_LOOP('',(#1729,#1730,#1731,#1732));
#382=EDGE_LOOP('',(#1733,#1734,#1735,#1736));
#383=EDGE_LOOP('',(#1737,#1738,#1739,#1740));
#384=EDGE_LOOP('',(#1741,#1742,#1743,#1744));
#385=EDGE_LOOP('',(#1745,#1746,#1747,#1748));
#386=EDGE_LOOP('',(#1749,#1750,#1751,#1752));
#387=EDGE_LOOP('',(#1753,#1754,#1755,#1756,#1757,#1758,#1759,#1760,#1761,
#1762,#1763,#1764,#1765,#1766,#1767,#1768));
#388=EDGE_LOOP('',(#1769,#1770,#1771,#1772,#1773,#1774,#1775,#1776));
#389=EDGE_LOOP('',(#1777,#1778,#1779,#1780,#1781,#1782,#1783,#1784,#1785,
#1786));
#390=EDGE_LOOP('',(#1787));
#391=EDGE_LOOP('',(#1788));
#392=EDGE_LOOP('',(#1789));
#393=EDGE_LOOP('',(#1790,#1791,#1792,#1793));
#394=EDGE_LOOP('',(#1794,#1795,#1796,#1797));
#395=EDGE_LOOP('',(#1798,#1799,#1800,#1801));
#396=EDGE_LOOP('',(#1802,#1803,#1804,#1805));
#397=EDGE_LOOP('',(#1806,#1807,#1808,#1809));
#398=EDGE_LOOP('',(#1810,#1811,#1812,#1813));
#399=EDGE_LOOP('',(#1814,#1815,#1816,#1817));
#400=EDGE_LOOP('',(#1818,#1819,#1820,#1821));
#401=EDGE_LOOP('',(#1822,#1823,#1824,#1825));
#402=EDGE_LOOP('',(#1826,#1827,#1828,#1829));
#403=EDGE_LOOP('',(#1830,#1831,#1832,#1833));
#404=EDGE_LOOP('',(#1834,#1835,#1836,#1837));
#405=EDGE_LOOP('',(#1838,#1839,#1840,#1841,#1842,#1843,#1844,#1845));
#406=LINE('',#2441,#595);
#407=LINE('',#2443,#596);
#408=LINE('',#2445,#597);
#409=LINE('',#2446,#598);
#410=LINE('',#2449,#599);
#411=LINE('',#2451,#600);
#412=LINE('',#2452,#601);
#413=LINE('',#2455,#602);
#414=LINE('',#2457,#603);
#415=LINE('',#2458,#604);
#416=LINE('',#2460,#605);
#417=LINE('',#2461,#606);
#418=LINE('',#2484,#607);
#419=LINE('',#2492,#608);
#420=LINE('',#2513,#609);
#421=LINE('',#2540,#610);
#422=LINE('',#2567,#611);
#423=LINE('',#2576,#612);
#424=LINE('',#2578,#613);
#425=LINE('',#2579,#614);
#426=LINE('',#2582,#615);
#427=LINE('',#2584,#616);
#428=LINE('',#2585,#617);
#429=LINE('',#2588,#618);
#430=LINE('',#2590,#619);
#431=LINE('',#2591,#620);
#432=LINE('',#2612,#621);
#433=LINE('',#2639,#622);
#434=LINE('',#2648,#623);
#435=LINE('',#2650,#624);
#436=LINE('',#2651,#625);
#437=LINE('',#2654,#626);
#438=LINE('',#2656,#627);
#439=LINE('',#2657,#628);
#440=LINE('',#2660,#629);
#441=LINE('',#2662,#630);
#442=LINE('',#2663,#631);
#443=LINE('',#2684,#632);
#444=LINE('',#2711,#633);
#445=LINE('',#2738,#634);
#446=LINE('',#2765,#635);
#447=LINE('',#2792,#636);
#448=LINE('',#2800,#637);
#449=LINE('',#2801,#638);
#450=LINE('',#2806,#639);
#451=LINE('',#2808,#640);
#452=LINE('',#2810,#641);
#453=LINE('',#2811,#642);
#454=LINE('',#2814,#643);
#455=LINE('',#2816,#644);
#456=LINE('',#2817,#645);
#457=LINE('',#2820,#646);
#458=LINE('',#2822,#647);
#459=LINE('',#2823,#648);
#460=LINE('',#2826,#649);
#461=LINE('',#2828,#650);
#462=LINE('',#2829,#651);
#463=LINE('',#2832,#652);
#464=LINE('',#2834,#653);
#465=LINE('',#2835,#654);
#466=LINE('',#2838,#655);
#467=LINE('',#2840,#656);
#468=LINE('',#2841,#657);
#469=LINE('',#2844,#658);
#470=LINE('',#2846,#659);
#471=LINE('',#2847,#660);
#472=LINE('',#2850,#661);
#473=LINE('',#2852,#662);
#474=LINE('',#2853,#663);
#475=LINE('',#2856,#664);
#476=LINE('',#2858,#665);
#477=LINE('',#2859,#666);
#478=LINE('',#2862,#667);
#479=LINE('',#2864,#668);
#480=LINE('',#2865,#669);
#481=LINE('',#2868,#670);
#482=LINE('',#2870,#671);
#483=LINE('',#2871,#672);
#484=LINE('',#2873,#673);
#485=LINE('',#2874,#674);
#486=LINE('',#2879,#675);
#487=LINE('',#2881,#676);
#488=LINE('',#2883,#677);
#489=LINE('',#2884,#678);
#490=LINE('',#2887,#679);
#491=LINE('',#2889,#680);
#492=LINE('',#2890,#681);
#493=LINE('',#2911,#682);
#494=LINE('',#2938,#683);
#495=LINE('',#2965,#684);
#496=LINE('',#2992,#685);
#497=LINE('',#3019,#686);
#498=LINE('',#3028,#687);
#499=LINE('',#3030,#688);
#500=LINE('',#3031,#689);
#501=LINE('',#3034,#690);
#502=LINE('',#3036,#691);
#503=LINE('',#3037,#692);
#504=LINE('',#3040,#693);
#505=LINE('',#3042,#694);
#506=LINE('',#3043,#695);
#507=LINE('',#3064,#696);
#508=LINE('',#3091,#697);
#509=LINE('',#3118,#698);
#510=LINE('',#3145,#699);
#511=LINE('',#3178,#700);
#512=LINE('',#3189,#701);
#513=LINE('',#3191,#702);
#514=LINE('',#3192,#703);
#515=LINE('',#3195,#704);
#516=LINE('',#3197,#705);
#517=LINE('',#3198,#706);
#518=LINE('',#3200,#707);
#519=LINE('',#3201,#708);
#520=LINE('',#3206,#709);
#521=LINE('',#3208,#710);
#522=LINE('',#3210,#711);
#523=LINE('',#3211,#712);
#524=LINE('',#3214,#713);
#525=LINE('',#3216,#714);
#526=LINE('',#3217,#715);
#527=LINE('',#3220,#716);
#528=LINE('',#3222,#717);
#529=LINE('',#3223,#718);
#530=LINE('',#3225,#719);
#531=LINE('',#3226,#720);
#532=LINE('',#3231,#721);
#533=LINE('',#3233,#722);
#534=LINE('',#3235,#723);
#535=LINE('',#3236,#724);
#536=LINE('',#3239,#725);
#537=LINE('',#3241,#726);
#538=LINE('',#3242,#727);
#539=LINE('',#3263,#728);
#540=LINE('',#3290,#729);
#541=LINE('',#3317,#730);
#542=LINE('',#3344,#731);
#543=LINE('',#3371,#732);
#544=LINE('',#3379,#733);
#545=LINE('',#3380,#734);
#546=LINE('',#3384,#735);
#547=LINE('',#3386,#736);
#548=LINE('',#3388,#737);
#549=LINE('',#3389,#738);
#550=LINE('',#3392,#739);
#551=LINE('',#3394,#740);
#552=LINE('',#3395,#741);
#553=LINE('',#3398,#742);
#554=LINE('',#3400,#743);
#555=LINE('',#3401,#744);
#556=LINE('',#3422,#745);
#557=LINE('',#3449,#746);
#558=LINE('',#3476,#747);
#559=LINE('',#3503,#748);
#560=LINE('',#3530,#749);
#561=LINE('',#3557,#750);
#562=LINE('',#3566,#751);
#563=LINE('',#3568,#752);
#564=LINE('',#3569,#753);
#565=LINE('',#3571,#754);
#566=LINE('',#3572,#755);
#567=LINE('',#3579,#756);
#568=LINE('',#3581,#757);
#569=LINE('',#3583,#758);
#570=LINE('',#3586,#759);
#571=LINE('',#4083,#760);
#572=LINE('',#4161,#761);
#573=LINE('',#4177,#762);
#574=LINE('',#4239,#763);
#575=LINE('',#4411,#764);
#576=LINE('',#4413,#765);
#577=LINE('',#4582,#766);
#578=LINE('',#4685,#767);
#579=LINE('',#4824,#768);
#580=LINE('',#4825,#769);
#581=LINE('',#4827,#770);
#582=LINE('',#4828,#771);
#583=LINE('',#4830,#772);
#584=LINE('',#5908,#773);
#585=LINE('',#5948,#774);
#586=LINE('',#5952,#775);
#587=LINE('',#5955,#776);
#588=LINE('',#6370,#777);
#589=LINE('',#6371,#778);
#590=LINE('',#6374,#779);
#591=LINE('',#6375,#780);
#592=LINE('',#7303,#781);
#593=LINE('',#7305,#782);
#594=LINE('',#7307,#783);
#595=VECTOR('',#2102,10.);
#596=VECTOR('',#2103,10.);
#597=VECTOR('',#2104,10.);
#598=VECTOR('',#2105,10.);
#599=VECTOR('',#2108,10.);
#600=VECTOR('',#2109,10.);
#601=VECTOR('',#2110,10.);
#602=VECTOR('',#2113,10.);
#603=VECTOR('',#2114,10.);
#604=VECTOR('',#2115,10.);
#605=VECTOR('',#2118,10.);
#606=VECTOR('',#2119,10.);
#607=VECTOR('',#2122,10.);
#608=VECTOR('',#2123,10.);
#609=VECTOR('',#2124,10.);
#610=VECTOR('',#2125,10.);
#611=VECTOR('',#2126,10.);
#612=VECTOR('',#2129,10.);
#613=VECTOR('',#2130,10.);
#614=VECTOR('',#2131,10.);
#615=VECTOR('',#2134,10.);
#616=VECTOR('',#2135,10.);
#617=VECTOR('',#2136,10.);
#618=VECTOR('',#2139,10.);
#619=VECTOR('',#2140,10.);
#620=VECTOR('',#2141,10.);
#621=VECTOR('',#2142,10.);
#622=VECTOR('',#2143,10.);
#623=VECTOR('',#2146,10.);
#624=VECTOR('',#2147,10.);
#625=VECTOR('',#2148,9.99999999999999);
#626=VECTOR('',#2151,10.);
#627=VECTOR('',#2152,10.);
#628=VECTOR('',#2153,10.);
#629=VECTOR('',#2156,10.);
#630=VECTOR('',#2157,10.);
#631=VECTOR('',#2158,10.);
#632=VECTOR('',#2159,10.);
#633=VECTOR('',#2160,10.);
#634=VECTOR('',#2161,10.);
#635=VECTOR('',#2162,10.);
#636=VECTOR('',#2163,10.);
#637=VECTOR('',#2166,10.);
#638=VECTOR('',#2167,10.);
#639=VECTOR('',#2172,10.);
#640=VECTOR('',#2173,10.);
#641=VECTOR('',#2174,10.);
#642=VECTOR('',#2175,10.);
#643=VECTOR('',#2178,10.);
#644=VECTOR('',#2179,10.);
#645=VECTOR('',#2180,10.);
#646=VECTOR('',#2183,10.);
#647=VECTOR('',#2184,10.);
#648=VECTOR('',#2185,10.);
#649=VECTOR('',#2188,10.);
#650=VECTOR('',#2189,10.);
#651=VECTOR('',#2190,10.);
#652=VECTOR('',#2193,10.);
#653=VECTOR('',#2194,10.);
#654=VECTOR('',#2195,10.);
#655=VECTOR('',#2198,10.);
#656=VECTOR('',#2199,10.);
#657=VECTOR('',#2200,10.);
#658=VECTOR('',#2203,10.);
#659=VECTOR('',#2204,10.);
#660=VECTOR('',#2205,10.);
#661=VECTOR('',#2208,10.);
#662=VECTOR('',#2209,10.);
#663=VECTOR('',#2210,10.);
#664=VECTOR('',#2213,10.);
#665=VECTOR('',#2214,10.);
#666=VECTOR('',#2215,10.);
#667=VECTOR('',#2218,10.);
#668=VECTOR('',#2219,10.);
#669=VECTOR('',#2220,10.);
#670=VECTOR('',#2223,10.);
#671=VECTOR('',#2224,10.);
#672=VECTOR('',#2225,10.);
#673=VECTOR('',#2228,10.);
#674=VECTOR('',#2229,10.);
#675=VECTOR('',#2234,10.);
#676=VECTOR('',#2235,10.);
#677=VECTOR('',#2236,10.);
#678=VECTOR('',#2237,10.);
#679=VECTOR('',#2240,10.);
#680=VECTOR('',#2241,10.);
#681=VECTOR('',#2242,10.);
#682=VECTOR('',#2243,10.);
#683=VECTOR('',#2244,10.);
#684=VECTOR('',#2245,10.);
#685=VECTOR('',#2246,10.);
#686=VECTOR('',#2247,10.);
#687=VECTOR('',#2250,10.);
#688=VECTOR('',#2251,10.);
#689=VECTOR('',#2252,10.);
#690=VECTOR('',#2255,10.);
#691=VECTOR('',#2256,10.);
#692=VECTOR('',#2257,10.);
#693=VECTOR('',#2260,10.);
#694=VECTOR('',#2261,10.);
#695=VECTOR('',#2262,10.);
#696=VECTOR('',#2263,10.);
#697=VECTOR('',#2264,10.);
#698=VECTOR('',#2265,10.);
#699=VECTOR('',#2266,10.);
#700=VECTOR('',#2267,10.);
#701=VECTOR('',#2270,10.);
#702=VECTOR('',#2271,10.);
#703=VECTOR('',#2272,10.);
#704=VECTOR('',#2275,10.);
#705=VECTOR('',#2276,10.);
#706=VECTOR('',#2277,10.);
#707=VECTOR('',#2280,10.);
#708=VECTOR('',#2281,10.);
#709=VECTOR('',#2286,10.);
#710=VECTOR('',#2287,10.);
#711=VECTOR('',#2288,10.);
#712=VECTOR('',#2289,10.);
#713=VECTOR('',#2292,10.);
#714=VECTOR('',#2293,10.);
#715=VECTOR('',#2294,10.);
#716=VECTOR('',#2297,10.);
#717=VECTOR('',#2298,10.);
#718=VECTOR('',#2299,10.);
#719=VECTOR('',#2302,10.);
#720=VECTOR('',#2303,10.);
#721=VECTOR('',#2308,10.);
#722=VECTOR('',#2309,10.);
#723=VECTOR('',#2310,10.);
#724=VECTOR('',#2311,10.);
#725=VECTOR('',#2314,10.);
#726=VECTOR('',#2315,10.);
#727=VECTOR('',#2316,10.);
#728=VECTOR('',#2317,10.);
#729=VECTOR('',#2318,10.);
#730=VECTOR('',#2319,10.);
#731=VECTOR('',#2320,10.);
#732=VECTOR('',#2321,10.);
#733=VECTOR('',#2324,10.);
#734=VECTOR('',#2325,10.);
#735=VECTOR('',#2328,10.);
#736=VECTOR('',#2329,10.);
#737=VECTOR('',#2330,10.);
#738=VECTOR('',#2331,10.);
#739=VECTOR('',#2334,10.);
#740=VECTOR('',#2335,10.);
#741=VECTOR('',#2336,10.);
#742=VECTOR('',#2339,10.);
#743=VECTOR('',#2340,10.);
#744=VECTOR('',#2341,10.);
#745=VECTOR('',#2342,10.);
#746=VECTOR('',#2343,10.);
#747=VECTOR('',#2344,10.);
#748=VECTOR('',#2345,10.);
#749=VECTOR('',#2346,10.);
#750=VECTOR('',#2347,10.);
#751=VECTOR('',#2350,10.);
#752=VECTOR('',#2351,10.);
#753=VECTOR('',#2352,10.);
#754=VECTOR('',#2355,10.);
#755=VECTOR('',#2356,10.);
#756=VECTOR('',#2363,10.);
#757=VECTOR('',#2364,10.);
#758=VECTOR('',#2365,10.);
#759=VECTOR('',#2368,10.);
#760=VECTOR('',#2379,10.);
#761=VECTOR('',#2380,10.);
#762=VECTOR('',#2381,10.);
#763=VECTOR('',#2382,10.);
#764=VECTOR('',#2383,9.99999999999999);
#765=VECTOR('',#2384,10.);
#766=VECTOR('',#2385,10.);
#767=VECTOR('',#2386,10.);
#768=VECTOR('',#2389,10.);
#769=VECTOR('',#2390,10.);
#770=VECTOR('',#2391,10.);
#771=VECTOR('',#2392,10.);
#772=VECTOR('',#2393,10.);
#773=VECTOR('',#2394,10.);
#774=VECTOR('',#2399,10.);
#775=VECTOR('',#2402,10.);
#776=VECTOR('',#2405,10.);
#777=VECTOR('',#2414,10.);
#778=VECTOR('',#2415,10.);
#779=VECTOR('',#2420,10.);
#780=VECTOR('',#2421,10.);
#781=VECTOR('',#2426,1.65);
#782=VECTOR('',#2429,1.65);
#783=VECTOR('',#2432,1.65);
#784=VERTEX_POINT('',#2439);
#785=VERTEX_POINT('',#2440);
#786=VERTEX_POINT('',#2442);
#787=VERTEX_POINT('',#2444);
#788=VERTEX_POINT('',#2448);
#789=VERTEX_POINT('',#2450);
#790=VERTEX_POINT('',#2454);
#791=VERTEX_POINT('',#2456);
#792=VERTEX_POINT('',#2475);
#793=VERTEX_POINT('',#2476);
#794=VERTEX_POINT('',#2483);
#795=VERTEX_POINT('',#2485);
#796=VERTEX_POINT('',#2505);
#797=VERTEX_POINT('',#2512);
#798=VERTEX_POINT('',#2532);
#799=VERTEX_POINT('',#2539);
#800=VERTEX_POINT('',#2559);
#801=VERTEX_POINT('',#2566);
#802=VERTEX_POINT('',#2575);
#803=VERTEX_POINT('',#2577);
#804=VERTEX_POINT('',#2581);
#805=VERTEX_POINT('',#2583);
#806=VERTEX_POINT('',#2587);
#807=VERTEX_POINT('',#2589);
#808=VERTEX_POINT('',#2604);
#809=VERTEX_POINT('',#2611);
#810=VERTEX_POINT('',#2631);
#811=VERTEX_POINT('',#2638);
#812=VERTEX_POINT('',#2647);
#813=VERTEX_POINT('',#2649);
#814=VERTEX_POINT('',#2653);
#815=VERTEX_POINT('',#2655);
#816=VERTEX_POINT('',#2659);
#817=VERTEX_POINT('',#2661);
#818=VERTEX_POINT('',#2676);
#819=VERTEX_POINT('',#2683);
#820=VERTEX_POINT('',#2703);
#821=VERTEX_POINT('',#2710);
#822=VERTEX_POINT('',#2730);
#823=VERTEX_POINT('',#2737);
#824=VERTEX_POINT('',#2757);
#825=VERTEX_POINT('',#2764);
#826=VERTEX_POINT('',#2784);
#827=VERTEX_POINT('',#2791);
#828=VERTEX_POINT('',#2804);
#829=VERTEX_POINT('',#2805);
#830=VERTEX_POINT('',#2807);
#831=VERTEX_POINT('',#2809);
#832=VERTEX_POINT('',#2813);
#833=VERTEX_POINT('',#2815);
#834=VERTEX_POINT('',#2819);
#835=VERTEX_POINT('',#2821);
#836=VERTEX_POINT('',#2825);
#837=VERTEX_POINT('',#2827);
#838=VERTEX_POINT('',#2831);
#839=VERTEX_POINT('',#2833);
#840=VERTEX_POINT('',#2837);
#841=VERTEX_POINT('',#2839);
#842=VERTEX_POINT('',#2843);
#843=VERTEX_POINT('',#2845);
#844=VERTEX_POINT('',#2849);
#845=VERTEX_POINT('',#2851);
#846=VERTEX_POINT('',#2855);
#847=VERTEX_POINT('',#2857);
#848=VERTEX_POINT('',#2861);
#849=VERTEX_POINT('',#2863);
#850=VERTEX_POINT('',#2867);
#851=VERTEX_POINT('',#2869);
#852=VERTEX_POINT('',#2877);
#853=VERTEX_POINT('',#2878);
#854=VERTEX_POINT('',#2880);
#855=VERTEX_POINT('',#2882);
#856=VERTEX_POINT('',#2886);
#857=VERTEX_POINT('',#2888);
#858=VERTEX_POINT('',#2903);
#859=VERTEX_POINT('',#2910);
#860=VERTEX_POINT('',#2930);
#861=VERTEX_POINT('',#2937);
#862=VERTEX_POINT('',#2957);
#863=VERTEX_POINT('',#2964);
#864=VERTEX_POINT('',#2984);
#865=VERTEX_POINT('',#2991);
#866=VERTEX_POINT('',#3011);
#867=VERTEX_POINT('',#3018);
#868=VERTEX_POINT('',#3027);
#869=VERTEX_POINT('',#3029);
#870=VERTEX_POINT('',#3033);
#871=VERTEX_POINT('',#3035);
#872=VERTEX_POINT('',#3039);
#873=VERTEX_POINT('',#3041);
#874=VERTEX_POINT('',#3056);
#875=VERTEX_POINT('',#3063);
#876=VERTEX_POINT('',#3083);
#877=VERTEX_POINT('',#3090);
#878=VERTEX_POINT('',#3110);
#879=VERTEX_POINT('',#3117);
#880=VERTEX_POINT('',#3137);
#881=VERTEX_POINT('',#3144);
#882=VERTEX_POINT('',#3168);
#883=VERTEX_POINT('',#3177);
#884=VERTEX_POINT('',#3188);
#885=VERTEX_POINT('',#3190);
#886=VERTEX_POINT('',#3194);
#887=VERTEX_POINT('',#3196);
#888=VERTEX_POINT('',#3204);
#889=VERTEX_POINT('',#3205);
#890=VERTEX_POINT('',#3207);
#891=VERTEX_POINT('',#3209);
#892=VERTEX_POINT('',#3213);
#893=VERTEX_POINT('',#3215);
#894=VERTEX_POINT('',#3219);
#895=VERTEX_POINT('',#3221);
#896=VERTEX_POINT('',#3229);
#897=VERTEX_POINT('',#3230);
#898=VERTEX_POINT('',#3232);
#899=VERTEX_POINT('',#3234);
#900=VERTEX_POINT('',#3238);
#901=VERTEX_POINT('',#3240);
#902=VERTEX_POINT('',#3255);
#903=VERTEX_POINT('',#3262);
#904=VERTEX_POINT('',#3282);
#905=VERTEX_POINT('',#3289);
#906=VERTEX_POINT('',#3309);
#907=VERTEX_POINT('',#3316);
#908=VERTEX_POINT('',#3336);
#909=VERTEX_POINT('',#3343);
#910=VERTEX_POINT('',#3363);
#911=VERTEX_POINT('',#3370);
#912=VERTEX_POINT('',#3382);
#913=VERTEX_POINT('',#3383);
#914=VERTEX_POINT('',#3385);
#915=VERTEX_POINT('',#3387);
#916=VERTEX_POINT('',#3391);
#917=VERTEX_POINT('',#3393);
#918=VERTEX_POINT('',#3397);
#919=VERTEX_POINT('',#3399);
#920=VERTEX_POINT('',#3414);
#921=VERTEX_POINT('',#3421);
#922=VERTEX_POINT('',#3441);
#923=VERTEX_POINT('',#3448);
#924=VERTEX_POINT('',#3468);
#925=VERTEX_POINT('',#3475);
#926=VERTEX_POINT('',#3495);
#927=VERTEX_POINT('',#3502);
#928=VERTEX_POINT('',#3522);
#929=VERTEX_POINT('',#3529);
#930=VERTEX_POINT('',#3549);
#931=VERTEX_POINT('',#3556);
#932=VERTEX_POINT('',#3565);
#933=VERTEX_POINT('',#3567);
#934=VERTEX_POINT('',#3575);
#935=VERTEX_POINT('',#3576);
#936=VERTEX_POINT('',#3578);
#937=VERTEX_POINT('',#3580);
#938=VERTEX_POINT('',#3582);
#939=VERTEX_POINT('',#3584);
#940=VERTEX_POINT('',#3587);
#941=VERTEX_POINT('',#3589);
#942=VERTEX_POINT('',#3591);
#943=VERTEX_POINT('',#3653);
#944=VERTEX_POINT('',#3654);
#945=VERTEX_POINT('',#3660);
#946=VERTEX_POINT('',#3773);
#947=VERTEX_POINT('',#3817);
#948=VERTEX_POINT('',#3818);
#949=VERTEX_POINT('',#3912);
#950=VERTEX_POINT('',#3913);
#951=VERTEX_POINT('',#4082);
#952=VERTEX_POINT('',#4084);
#953=VERTEX_POINT('',#4176);
#954=VERTEX_POINT('',#4238);
#955=VERTEX_POINT('',#4410);
#956=VERTEX_POINT('',#4412);
#957=VERTEX_POINT('',#4581);
#958=VERTEX_POINT('',#4684);
#959=VERTEX_POINT('',#4823);
#960=VERTEX_POINT('',#4826);
#961=VERTEX_POINT('',#4829);
#962=VERTEX_POINT('',#4831);
#963=VERTEX_POINT('',#5286);
#964=VERTEX_POINT('',#5381);
#965=VERTEX_POINT('',#5910);
#966=VERTEX_POINT('',#5925);
#967=VERTEX_POINT('',#5947);
#968=VERTEX_POINT('',#5949);
#969=VERTEX_POINT('',#5951);
#970=VERTEX_POINT('',#5953);
#971=VERTEX_POINT('',#5956);
#972=VERTEX_POINT('',#5958);
#973=VERTEX_POINT('',#5960);
#974=VERTEX_POINT('',#6340);
#975=VERTEX_POINT('',#6611);
#976=EDGE_CURVE('',#784,#785,#406,.T.);
#977=EDGE_CURVE('',#784,#786,#407,.T.);
#978=EDGE_CURVE('',#786,#787,#408,.T.);
#979=EDGE_CURVE('',#785,#787,#409,.T.);
#980=EDGE_CURVE('',#788,#784,#410,.T.);
#981=EDGE_CURVE('',#788,#789,#411,.T.);
#982=EDGE_CURVE('',#789,#786,#412,.T.);
#983=EDGE_CURVE('',#790,#788,#413,.T.);
#984=EDGE_CURVE('',#790,#791,#414,.T.);
#985=EDGE_CURVE('',#791,#789,#415,.T.);
#986=EDGE_CURVE('',#785,#790,#416,.T.);
#987=EDGE_CURVE('',#787,#791,#417,.T.);
#988=EDGE_CURVE('',#792,#793,#45,.T.);
#989=EDGE_CURVE('',#792,#794,#418,.T.);
#990=EDGE_CURVE('',#794,#795,#46,.T.);
#991=EDGE_CURVE('',#793,#795,#419,.T.);
#992=EDGE_CURVE('',#796,#792,#47,.T.);
#993=EDGE_CURVE('',#796,#797,#420,.T.);
#994=EDGE_CURVE('',#797,#794,#48,.T.);
#995=EDGE_CURVE('',#798,#796,#49,.T.);
#996=EDGE_CURVE('',#798,#799,#421,.T.);
#997=EDGE_CURVE('',#799,#797,#50,.T.);
#998=EDGE_CURVE('',#800,#798,#51,.T.);
#999=EDGE_CURVE('',#800,#801,#422,.T.);
#1000=EDGE_CURVE('',#801,#799,#52,.T.);
#1001=EDGE_CURVE('',#802,#800,#423,.T.);
#1002=EDGE_CURVE('',#802,#803,#424,.T.);
#1003=EDGE_CURVE('',#803,#801,#425,.T.);
#1004=EDGE_CURVE('',#804,#802,#426,.T.);
#1005=EDGE_CURVE('',#804,#805,#427,.T.);
#1006=EDGE_CURVE('',#805,#803,#428,.T.);
#1007=EDGE_CURVE('',#806,#804,#429,.T.);
#1008=EDGE_CURVE('',#806,#807,#430,.T.);
#1009=EDGE_CURVE('',#807,#805,#431,.T.);
#1010=EDGE_CURVE('',#808,#806,#53,.T.);
#1011=EDGE_CURVE('',#808,#809,#432,.T.);
#1012=EDGE_CURVE('',#809,#807,#54,.T.);
#1013=EDGE_CURVE('',#810,#808,#55,.T.);
#1014=EDGE_CURVE('',#810,#811,#433,.T.);
#1015=EDGE_CURVE('',#811,#809,#56,.T.);
#1016=EDGE_CURVE('',#812,#810,#434,.T.);
#1017=EDGE_CURVE('',#812,#813,#435,.T.);
#1018=EDGE_CURVE('',#813,#811,#436,.T.);
#1019=EDGE_CURVE('',#814,#812,#437,.T.);
#1020=EDGE_CURVE('',#814,#815,#438,.T.);
#1021=EDGE_CURVE('',#815,#813,#439,.T.);
#1022=EDGE_CURVE('',#816,#814,#440,.T.);
#1023=EDGE_CURVE('',#816,#817,#441,.T.);
#1024=EDGE_CURVE('',#817,#815,#442,.T.);
#1025=EDGE_CURVE('',#818,#816,#57,.T.);
#1026=EDGE_CURVE('',#818,#819,#443,.T.);
#1027=EDGE_CURVE('',#819,#817,#58,.T.);
#1028=EDGE_CURVE('',#820,#818,#59,.T.);
#1029=EDGE_CURVE('',#820,#821,#444,.T.);
#1030=EDGE_CURVE('',#821,#819,#60,.T.);
#1031=EDGE_CURVE('',#822,#820,#61,.T.);
#1032=EDGE_CURVE('',#822,#823,#445,.T.);
#1033=EDGE_CURVE('',#823,#821,#62,.T.);
#1034=EDGE_CURVE('',#824,#822,#63,.T.);
#1035=EDGE_CURVE('',#824,#825,#446,.T.);
#1036=EDGE_CURVE('',#825,#823,#64,.T.);
#1037=EDGE_CURVE('',#826,#824,#65,.T.);
#1038=EDGE_CURVE('',#826,#827,#447,.T.);
#1039=EDGE_CURVE('',#827,#825,#66,.T.);
#1040=EDGE_CURVE('',#793,#826,#448,.T.);
#1041=EDGE_CURVE('',#795,#827,#449,.T.);
#1042=EDGE_CURVE('',#828,#829,#450,.T.);
#1043=EDGE_CURVE('',#828,#830,#451,.T.);
#1044=EDGE_CURVE('',#830,#831,#452,.T.);
#1045=EDGE_CURVE('',#829,#831,#453,.T.);
#1046=EDGE_CURVE('',#832,#828,#454,.T.);
#1047=EDGE_CURVE('',#832,#833,#455,.T.);
#1048=EDGE_CURVE('',#833,#830,#456,.T.);
#1049=EDGE_CURVE('',#834,#832,#457,.T.);
#1050=EDGE_CURVE('',#834,#835,#458,.T.);
#1051=EDGE_CURVE('',#835,#833,#459,.T.);
#1052=EDGE_CURVE('',#836,#834,#460,.T.);
#1053=EDGE_CURVE('',#836,#837,#461,.T.);
#1054=EDGE_CURVE('',#837,#835,#462,.T.);
#1055=EDGE_CURVE('',#838,#836,#463,.T.);
#1056=EDGE_CURVE('',#838,#839,#464,.T.);
#1057=EDGE_CURVE('',#839,#837,#465,.T.);
#1058=EDGE_CURVE('',#840,#838,#466,.T.);
#1059=EDGE_CURVE('',#840,#841,#467,.T.);
#1060=EDGE_CURVE('',#841,#839,#468,.T.);
#1061=EDGE_CURVE('',#842,#840,#469,.T.);
#1062=EDGE_CURVE('',#842,#843,#470,.T.);
#1063=EDGE_CURVE('',#843,#841,#471,.T.);
#1064=EDGE_CURVE('',#844,#842,#472,.T.);
#1065=EDGE_CURVE('',#844,#845,#473,.T.);
#1066=EDGE_CURVE('',#845,#843,#474,.T.);
#1067=EDGE_CURVE('',#846,#844,#475,.T.);
#1068=EDGE_CURVE('',#846,#847,#476,.T.);
#1069=EDGE_CURVE('',#847,#845,#477,.T.);
#1070=EDGE_CURVE('',#848,#846,#478,.T.);
#1071=EDGE_CURVE('',#848,#849,#479,.T.);
#1072=EDGE_CURVE('',#849,#847,#480,.T.);
#1073=EDGE_CURVE('',#850,#848,#481,.T.);
#1074=EDGE_CURVE('',#850,#851,#482,.T.);
#1075=EDGE_CURVE('',#851,#849,#483,.T.);
#1076=EDGE_CURVE('',#829,#850,#484,.T.);
#1077=EDGE_CURVE('',#831,#851,#485,.T.);
#1078=EDGE_CURVE('',#852,#853,#486,.T.);
#1079=EDGE_CURVE('',#852,#854,#487,.T.);
#1080=EDGE_CURVE('',#854,#855,#488,.T.);
#1081=EDGE_CURVE('',#853,#855,#489,.T.);
#1082=EDGE_CURVE('',#856,#852,#490,.T.);
#1083=EDGE_CURVE('',#856,#857,#491,.T.);
#1084=EDGE_CURVE('',#857,#854,#492,.T.);
#1085=EDGE_CURVE('',#858,#856,#67,.T.);
#1086=EDGE_CURVE('',#858,#859,#493,.T.);
#1087=EDGE_CURVE('',#859,#857,#68,.T.);
#1088=EDGE_CURVE('',#860,#858,#69,.T.);
#1089=EDGE_CURVE('',#860,#861,#494,.T.);
#1090=EDGE_CURVE('',#861,#859,#70,.T.);
#1091=EDGE_CURVE('',#862,#860,#71,.T.);
#1092=EDGE_CURVE('',#862,#863,#495,.T.);
#1093=EDGE_CURVE('',#863,#861,#72,.T.);
#1094=EDGE_CURVE('',#864,#862,#73,.T.);
#1095=EDGE_CURVE('',#864,#865,#496,.T.);
#1096=EDGE_CURVE('',#865,#863,#74,.T.);
#1097=EDGE_CURVE('',#866,#864,#75,.T.);
#1098=EDGE_CURVE('',#866,#867,#497,.T.);
#1099=EDGE_CURVE('',#867,#865,#76,.T.);
#1100=EDGE_CURVE('',#868,#866,#498,.T.);
#1101=EDGE_CURVE('',#868,#869,#499,.T.);
#1102=EDGE_CURVE('',#869,#867,#500,.T.);
#1103=EDGE_CURVE('',#870,#868,#501,.T.);
#1104=EDGE_CURVE('',#870,#871,#502,.T.);
#1105=EDGE_CURVE('',#871,#869,#503,.T.);
#1106=EDGE_CURVE('',#872,#870,#504,.T.);
#1107=EDGE_CURVE('',#872,#873,#505,.T.);
#1108=EDGE_CURVE('',#873,#871,#506,.T.);
#1109=EDGE_CURVE('',#874,#872,#77,.T.);
#1110=EDGE_CURVE('',#874,#875,#507,.T.);
#1111=EDGE_CURVE('',#875,#873,#78,.T.);
#1112=EDGE_CURVE('',#876,#874,#79,.T.);
#1113=EDGE_CURVE('',#876,#877,#508,.T.);
#1114=EDGE_CURVE('',#877,#875,#80,.T.);
#1115=EDGE_CURVE('',#878,#876,#81,.T.);
#1116=EDGE_CURVE('',#878,#879,#509,.T.);
#1117=EDGE_CURVE('',#879,#877,#82,.T.);
#1118=EDGE_CURVE('',#880,#878,#83,.T.);
#1119=EDGE_CURVE('',#880,#881,#510,.T.);
#1120=EDGE_CURVE('',#881,#879,#84,.T.);
#1121=EDGE_CURVE('',#882,#880,#85,.T.);
#1122=EDGE_CURVE('',#882,#883,#511,.T.);
#1123=EDGE_CURVE('',#883,#881,#86,.T.);
#1124=EDGE_CURVE('',#884,#882,#512,.T.);
#1125=EDGE_CURVE('',#884,#885,#513,.T.);
#1126=EDGE_CURVE('',#885,#883,#514,.T.);
#1127=EDGE_CURVE('',#886,#884,#515,.T.);
#1128=EDGE_CURVE('',#886,#887,#516,.T.);
#1129=EDGE_CURVE('',#887,#885,#517,.T.);
#1130=EDGE_CURVE('',#853,#886,#518,.T.);
#1131=EDGE_CURVE('',#855,#887,#519,.T.);
#1132=EDGE_CURVE('',#888,#889,#520,.T.);
#1133=EDGE_CURVE('',#888,#890,#521,.T.);
#1134=EDGE_CURVE('',#890,#891,#522,.T.);
#1135=EDGE_CURVE('',#889,#891,#523,.T.);
#1136=EDGE_CURVE('',#892,#888,#524,.T.);
#1137=EDGE_CURVE('',#892,#893,#525,.T.);
#1138=EDGE_CURVE('',#893,#890,#526,.T.);
#1139=EDGE_CURVE('',#894,#892,#527,.T.);
#1140=EDGE_CURVE('',#894,#895,#528,.T.);
#1141=EDGE_CURVE('',#895,#893,#529,.T.);
#1142=EDGE_CURVE('',#889,#894,#530,.T.);
#1143=EDGE_CURVE('',#891,#895,#531,.T.);
#1144=EDGE_CURVE('',#896,#897,#532,.T.);
#1145=EDGE_CURVE('',#896,#898,#533,.T.);
#1146=EDGE_CURVE('',#898,#899,#534,.T.);
#1147=EDGE_CURVE('',#897,#899,#535,.T.);
#1148=EDGE_CURVE('',#900,#896,#536,.T.);
#1149=EDGE_CURVE('',#900,#901,#537,.T.);
#1150=EDGE_CURVE('',#901,#898,#538,.T.);
#1151=EDGE_CURVE('',#902,#900,#87,.T.);
#1152=EDGE_CURVE('',#902,#903,#539,.T.);
#1153=EDGE_CURVE('',#903,#901,#88,.T.);
#1154=EDGE_CURVE('',#904,#902,#89,.T.);
#1155=EDGE_CURVE('',#904,#905,#540,.T.);
#1156=EDGE_CURVE('',#905,#903,#90,.T.);
#1157=EDGE_CURVE('',#906,#904,#91,.T.);
#1158=EDGE_CURVE('',#906,#907,#541,.T.);
#1159=EDGE_CURVE('',#907,#905,#92,.T.);
#1160=EDGE_CURVE('',#908,#906,#93,.T.);
#1161=EDGE_CURVE('',#908,#909,#542,.T.);
#1162=EDGE_CURVE('',#909,#907,#94,.T.);
#1163=EDGE_CURVE('',#910,#908,#95,.T.);
#1164=EDGE_CURVE('',#910,#911,#543,.T.);
#1165=EDGE_CURVE('',#911,#909,#96,.T.);
#1166=EDGE_CURVE('',#897,#910,#544,.T.);
#1167=EDGE_CURVE('',#899,#911,#545,.T.);
#1168=EDGE_CURVE('',#912,#913,#546,.T.);
#1169=EDGE_CURVE('',#912,#914,#547,.T.);
#1170=EDGE_CURVE('',#914,#915,#548,.T.);
#1171=EDGE_CURVE('',#913,#915,#549,.T.);
#1172=EDGE_CURVE('',#916,#912,#550,.T.);
#1173=EDGE_CURVE('',#916,#917,#551,.T.);
#1174=EDGE_CURVE('',#917,#914,#552,.T.);
#1175=EDGE_CURVE('',#918,#916,#553,.T.);
#1176=EDGE_CURVE('',#918,#919,#554,.T.);
#1177=EDGE_CURVE('',#919,#917,#555,.T.);
#1178=EDGE_CURVE('',#920,#918,#97,.T.);
#1179=EDGE_CURVE('',#920,#921,#556,.T.);
#1180=EDGE_CURVE('',#921,#919,#98,.T.);
#1181=EDGE_CURVE('',#922,#920,#99,.T.);
#1182=EDGE_CURVE('',#922,#923,#557,.T.);
#1183=EDGE_CURVE('',#923,#921,#100,.T.);
#1184=EDGE_CURVE('',#924,#922,#101,.T.);
#1185=EDGE_CURVE('',#924,#925,#558,.T.);
#1186=EDGE_CURVE('',#925,#923,#102,.T.);
#1187=EDGE_CURVE('',#926,#924,#103,.T.);
#1188=EDGE_CURVE('',#926,#927,#559,.T.);
#1189=EDGE_CURVE('',#927,#925,#104,.T.);
#1190=EDGE_CURVE('',#928,#926,#105,.T.);
#1191=EDGE_CURVE('',#928,#929,#560,.T.);
#1192=EDGE_CURVE('',#929,#927,#106,.T.);
#1193=EDGE_CURVE('',#930,#928,#107,.T.);
#1194=EDGE_CURVE('',#930,#931,#561,.T.);
#1195=EDGE_CURVE('',#931,#929,#108,.T.);
#1196=EDGE_CURVE('',#932,#930,#562,.T.);
#1197=EDGE_CURVE('',#932,#933,#563,.T.);
#1198=EDGE_CURVE('',#933,#931,#564,.T.);
#1199=EDGE_CURVE('',#913,#932,#565,.T.);
#1200=EDGE_CURVE('',#915,#933,#566,.T.);
#1201=EDGE_CURVE('',#934,#935,#20,.T.);
#1202=EDGE_CURVE('',#934,#936,#567,.T.);
#1203=EDGE_CURVE('',#936,#937,#568,.T.);
#1204=EDGE_CURVE('',#937,#938,#569,.T.);
#1205=EDGE_CURVE('',#939,#938,#21,.T.);
#1206=EDGE_CURVE('',#939,#935,#570,.T.);
#1207=EDGE_CURVE('',#940,#940,#22,.T.);
#1208=EDGE_CURVE('',#941,#941,#23,.T.);
#1209=EDGE_CURVE('',#942,#942,#24,.T.);
#1210=EDGE_CURVE('',#943,#944,#109,.T.);
#1211=EDGE_CURVE('',#944,#945,#110,.T.);
#1212=EDGE_CURVE('',#945,#946,#25,.T.);
#1213=EDGE_CURVE('',#946,#943,#111,.T.);
#1214=EDGE_CURVE('',#947,#948,#26,.T.);
#1215=EDGE_CURVE('',#948,#946,#112,.T.);
#1216=EDGE_CURVE('',#945,#947,#113,.T.);
#1217=EDGE_CURVE('',#949,#950,#114,.T.);
#1218=EDGE_CURVE('',#950,#948,#115,.T.);
#1219=EDGE_CURVE('',#947,#949,#116,.T.);
#1220=EDGE_CURVE('',#947,#951,#571,.T.);
#1221=EDGE_CURVE('',#952,#951,#117,.T.);
#1222=EDGE_CURVE('',#949,#952,#572,.T.);
#1223=EDGE_CURVE('',#945,#953,#573,.T.);
#1224=EDGE_CURVE('',#951,#953,#118,.T.);
#1225=EDGE_CURVE('',#944,#954,#574,.T.);
#1226=EDGE_CURVE('',#953,#954,#119,.T.);
#1227=EDGE_CURVE('',#955,#952,#575,.T.);
#1228=EDGE_CURVE('',#951,#956,#576,.T.);
#1229=EDGE_CURVE('',#956,#955,#120,.T.);
#1230=EDGE_CURVE('',#953,#957,#577,.T.);
#1231=EDGE_CURVE('',#957,#956,#121,.T.);
#1232=EDGE_CURVE('',#954,#958,#578,.T.);
#1233=EDGE_CURVE('',#958,#957,#122,.T.);
#1234=EDGE_CURVE('',#943,#959,#579,.T.);
#1235=EDGE_CURVE('',#959,#937,#580,.T.);
#1236=EDGE_CURVE('',#960,#936,#581,.T.);
#1237=EDGE_CURVE('',#960,#950,#582,.T.);
#1238=EDGE_CURVE('',#961,#955,#583,.T.);
#1239=EDGE_CURVE('',#961,#962,#123,.T.);
#1240=EDGE_CURVE('',#962,#963,#124,.T.);
#1241=EDGE_CURVE('',#963,#964,#125,.T.);
#1242=EDGE_CURVE('',#958,#964,#584,.T.);
#1243=EDGE_CURVE('',#965,#964,#126,.T.);
#1244=EDGE_CURVE('',#966,#965,#127,.T.);
#1245=EDGE_CURVE('',#961,#966,#128,.T.);
#1246=EDGE_CURVE('',#960,#967,#585,.T.);
#1247=EDGE_CURVE('',#968,#967,#27,.T.);
#1248=EDGE_CURVE('',#968,#969,#586,.T.);
#1249=EDGE_CURVE('',#970,#969,#28,.T.);
#1250=EDGE_CURVE('',#959,#970,#587,.T.);
#1251=EDGE_CURVE('',#971,#971,#29,.T.);
#1252=EDGE_CURVE('',#972,#972,#30,.T.);
#1253=EDGE_CURVE('',#973,#973,#31,.T.);
#1254=EDGE_CURVE('',#974,#966,#129,.T.);
#1255=EDGE_CURVE('',#974,#962,#130,.T.);
#1256=EDGE_CURVE('',#935,#968,#588,.T.);
#1257=EDGE_CURVE('',#967,#934,#589,.T.);
#1258=EDGE_CURVE('',#938,#970,#590,.T.);
#1259=EDGE_CURVE('',#969,#939,#591,.T.);
#1260=EDGE_CURVE('',#965,#975,#131,.T.);
#1261=EDGE_CURVE('',#975,#974,#132,.T.);
#1262=EDGE_CURVE('',#975,#963,#133,.T.);
#1263=EDGE_CURVE('',#971,#940,#592,.T.);
#1264=EDGE_CURVE('',#972,#941,#593,.T.);
#1265=EDGE_CURVE('',#973,#942,#594,.T.);
#1266=ORIENTED_EDGE('',*,*,#976,.F.);
#1267=ORIENTED_EDGE('',*,*,#977,.T.);
#1268=ORIENTED_EDGE('',*,*,#978,.T.);
#1269=ORIENTED_EDGE('',*,*,#979,.F.);
#1270=ORIENTED_EDGE('',*,*,#980,.F.);
#1271=ORIENTED_EDGE('',*,*,#981,.T.);
#1272=ORIENTED_EDGE('',*,*,#982,.T.);
#1273=ORIENTED_EDGE('',*,*,#977,.F.);
#1274=ORIENTED_EDGE('',*,*,#983,.F.);
#1275=ORIENTED_EDGE('',*,*,#984,.T.);
#1276=ORIENTED_EDGE('',*,*,#985,.T.);
#1277=ORIENTED_EDGE('',*,*,#981,.F.);
#1278=ORIENTED_EDGE('',*,*,#986,.F.);
#1279=ORIENTED_EDGE('',*,*,#979,.T.);
#1280=ORIENTED_EDGE('',*,*,#987,.T.);
#1281=ORIENTED_EDGE('',*,*,#984,.F.);
#1282=ORIENTED_EDGE('',*,*,#987,.F.);
#1283=ORIENTED_EDGE('',*,*,#978,.F.);
#1284=ORIENTED_EDGE('',*,*,#982,.F.);
#1285=ORIENTED_EDGE('',*,*,#985,.F.);
#1286=ORIENTED_EDGE('',*,*,#988,.F.);
#1287=ORIENTED_EDGE('',*,*,#989,.T.);
#1288=ORIENTED_EDGE('',*,*,#990,.T.);
#1289=ORIENTED_EDGE('',*,*,#991,.F.);
#1290=ORIENTED_EDGE('',*,*,#992,.F.);
#1291=ORIENTED_EDGE('',*,*,#993,.T.);
#1292=ORIENTED_EDGE('',*,*,#994,.T.);
#1293=ORIENTED_EDGE('',*,*,#989,.F.);
#1294=ORIENTED_EDGE('',*,*,#995,.F.);
#1295=ORIENTED_EDGE('',*,*,#996,.T.);
#1296=ORIENTED_EDGE('',*,*,#997,.T.);
#1297=ORIENTED_EDGE('',*,*,#993,.F.);
#1298=ORIENTED_EDGE('',*,*,#998,.F.);
#1299=ORIENTED_EDGE('',*,*,#999,.T.);
#1300=ORIENTED_EDGE('',*,*,#1000,.T.);
#1301=ORIENTED_EDGE('',*,*,#996,.F.);
#1302=ORIENTED_EDGE('',*,*,#1001,.F.);
#1303=ORIENTED_EDGE('',*,*,#1002,.T.);
#1304=ORIENTED_EDGE('',*,*,#1003,.T.);
#1305=ORIENTED_EDGE('',*,*,#999,.F.);
#1306=ORIENTED_EDGE('',*,*,#1004,.F.);
#1307=ORIENTED_EDGE('',*,*,#1005,.T.);
#1308=ORIENTED_EDGE('',*,*,#1006,.T.);
#1309=ORIENTED_EDGE('',*,*,#1002,.F.);
#1310=ORIENTED_EDGE('',*,*,#1007,.F.);
#1311=ORIENTED_EDGE('',*,*,#1008,.T.);
#1312=ORIENTED_EDGE('',*,*,#1009,.T.);
#1313=ORIENTED_EDGE('',*,*,#1005,.F.);
#1314=ORIENTED_EDGE('',*,*,#1010,.F.);
#1315=ORIENTED_EDGE('',*,*,#1011,.T.);
#1316=ORIENTED_EDGE('',*,*,#1012,.T.);
#1317=ORIENTED_EDGE('',*,*,#1008,.F.);
#1318=ORIENTED_EDGE('',*,*,#1013,.F.);
#1319=ORIENTED_EDGE('',*,*,#1014,.T.);
#1320=ORIENTED_EDGE('',*,*,#1015,.T.);
#1321=ORIENTED_EDGE('',*,*,#1011,.F.);
#1322=ORIENTED_EDGE('',*,*,#1016,.F.);
#1323=ORIENTED_EDGE('',*,*,#1017,.T.);
#1324=ORIENTED_EDGE('',*,*,#1018,.T.);
#1325=ORIENTED_EDGE('',*,*,#1014,.F.);
#1326=ORIENTED_EDGE('',*,*,#1019,.F.);
#1327=ORIENTED_EDGE('',*,*,#1020,.T.);
#1328=ORIENTED_EDGE('',*,*,#1021,.T.);
#1329=ORIENTED_EDGE('',*,*,#1017,.F.);
#1330=ORIENTED_EDGE('',*,*,#1022,.F.);
#1331=ORIENTED_EDGE('',*,*,#1023,.T.);
#1332=ORIENTED_EDGE('',*,*,#1024,.T.);
#1333=ORIENTED_EDGE('',*,*,#1020,.F.);
#1334=ORIENTED_EDGE('',*,*,#1025,.F.);
#1335=ORIENTED_EDGE('',*,*,#1026,.T.);
#1336=ORIENTED_EDGE('',*,*,#1027,.T.);
#1337=ORIENTED_EDGE('',*,*,#1023,.F.);
#1338=ORIENTED_EDGE('',*,*,#1028,.F.);
#1339=ORIENTED_EDGE('',*,*,#1029,.T.);
#1340=ORIENTED_EDGE('',*,*,#1030,.T.);
#1341=ORIENTED_EDGE('',*,*,#1026,.F.);
#1342=ORIENTED_EDGE('',*,*,#1031,.F.);
#1343=ORIENTED_EDGE('',*,*,#1032,.T.);
#1344=ORIENTED_EDGE('',*,*,#1033,.T.);
#1345=ORIENTED_EDGE('',*,*,#1029,.F.);
#1346=ORIENTED_EDGE('',*,*,#1034,.F.);
#1347=ORIENTED_EDGE('',*,*,#1035,.T.);
#1348=ORIENTED_EDGE('',*,*,#1036,.T.);
#1349=ORIENTED_EDGE('',*,*,#1032,.F.);
#1350=ORIENTED_EDGE('',*,*,#1037,.F.);
#1351=ORIENTED_EDGE('',*,*,#1038,.T.);
#1352=ORIENTED_EDGE('',*,*,#1039,.T.);
#1353=ORIENTED_EDGE('',*,*,#1035,.F.);
#1354=ORIENTED_EDGE('',*,*,#1040,.F.);
#1355=ORIENTED_EDGE('',*,*,#991,.T.);
#1356=ORIENTED_EDGE('',*,*,#1041,.T.);
#1357=ORIENTED_EDGE('',*,*,#1038,.F.);
#1358=ORIENTED_EDGE('',*,*,#1041,.F.);
#1359=ORIENTED_EDGE('',*,*,#990,.F.);
#1360=ORIENTED_EDGE('',*,*,#994,.F.);
#1361=ORIENTED_EDGE('',*,*,#997,.F.);
#1362=ORIENTED_EDGE('',*,*,#1000,.F.);
#1363=ORIENTED_EDGE('',*,*,#1003,.F.);
#1364=ORIENTED_EDGE('',*,*,#1006,.F.);
#1365=ORIENTED_EDGE('',*,*,#1009,.F.);
#1366=ORIENTED_EDGE('',*,*,#1012,.F.);
#1367=ORIENTED_EDGE('',*,*,#1015,.F.);
#1368=ORIENTED_EDGE('',*,*,#1018,.F.);
#1369=ORIENTED_EDGE('',*,*,#1021,.F.);
#1370=ORIENTED_EDGE('',*,*,#1024,.F.);
#1371=ORIENTED_EDGE('',*,*,#1027,.F.);
#1372=ORIENTED_EDGE('',*,*,#1030,.F.);
#1373=ORIENTED_EDGE('',*,*,#1033,.F.);
#1374=ORIENTED_EDGE('',*,*,#1036,.F.);
#1375=ORIENTED_EDGE('',*,*,#1039,.F.);
#1376=ORIENTED_EDGE('',*,*,#1042,.F.);
#1377=ORIENTED_EDGE('',*,*,#1043,.T.);
#1378=ORIENTED_EDGE('',*,*,#1044,.T.);
#1379=ORIENTED_EDGE('',*,*,#1045,.F.);
#1380=ORIENTED_EDGE('',*,*,#1046,.F.);
#1381=ORIENTED_EDGE('',*,*,#1047,.T.);
#1382=ORIENTED_EDGE('',*,*,#1048,.T.);
#1383=ORIENTED_EDGE('',*,*,#1043,.F.);
#1384=ORIENTED_EDGE('',*,*,#1049,.F.);
#1385=ORIENTED_EDGE('',*,*,#1050,.T.);
#1386=ORIENTED_EDGE('',*,*,#1051,.T.);
#1387=ORIENTED_EDGE('',*,*,#1047,.F.);
#1388=ORIENTED_EDGE('',*,*,#1052,.F.);
#1389=ORIENTED_EDGE('',*,*,#1053,.T.);
#1390=ORIENTED_EDGE('',*,*,#1054,.T.);
#1391=ORIENTED_EDGE('',*,*,#1050,.F.);
#1392=ORIENTED_EDGE('',*,*,#1055,.F.);
#1393=ORIENTED_EDGE('',*,*,#1056,.T.);
#1394=ORIENTED_EDGE('',*,*,#1057,.T.);
#1395=ORIENTED_EDGE('',*,*,#1053,.F.);
#1396=ORIENTED_EDGE('',*,*,#1058,.F.);
#1397=ORIENTED_EDGE('',*,*,#1059,.T.);
#1398=ORIENTED_EDGE('',*,*,#1060,.T.);
#1399=ORIENTED_EDGE('',*,*,#1056,.F.);
#1400=ORIENTED_EDGE('',*,*,#1061,.F.);
#1401=ORIENTED_EDGE('',*,*,#1062,.T.);
#1402=ORIENTED_EDGE('',*,*,#1063,.T.);
#1403=ORIENTED_EDGE('',*,*,#1059,.F.);
#1404=ORIENTED_EDGE('',*,*,#1064,.F.);
#1405=ORIENTED_EDGE('',*,*,#1065,.T.);
#1406=ORIENTED_EDGE('',*,*,#1066,.T.);
#1407=ORIENTED_EDGE('',*,*,#1062,.F.);
#1408=ORIENTED_EDGE('',*,*,#1067,.F.);
#1409=ORIENTED_EDGE('',*,*,#1068,.T.);
#1410=ORIENTED_EDGE('',*,*,#1069,.T.);
#1411=ORIENTED_EDGE('',*,*,#1065,.F.);
#1412=ORIENTED_EDGE('',*,*,#1070,.F.);
#1413=ORIENTED_EDGE('',*,*,#1071,.T.);
#1414=ORIENTED_EDGE('',*,*,#1072,.T.);
#1415=ORIENTED_EDGE('',*,*,#1068,.F.);
#1416=ORIENTED_EDGE('',*,*,#1073,.F.);
#1417=ORIENTED_EDGE('',*,*,#1074,.T.);
#1418=ORIENTED_EDGE('',*,*,#1075,.T.);
#1419=ORIENTED_EDGE('',*,*,#1071,.F.);
#1420=ORIENTED_EDGE('',*,*,#1076,.F.);
#1421=ORIENTED_EDGE('',*,*,#1045,.T.);
#1422=ORIENTED_EDGE('',*,*,#1077,.T.);
#1423=ORIENTED_EDGE('',*,*,#1074,.F.);
#1424=ORIENTED_EDGE('',*,*,#1077,.F.);
#1425=ORIENTED_EDGE('',*,*,#1044,.F.);
#1426=ORIENTED_EDGE('',*,*,#1048,.F.);
#1427=ORIENTED_EDGE('',*,*,#1051,.F.);
#1428=ORIENTED_EDGE('',*,*,#1054,.F.);
#1429=ORIENTED_EDGE('',*,*,#1057,.F.);
#1430=ORIENTED_EDGE('',*,*,#1060,.F.);
#1431=ORIENTED_EDGE('',*,*,#1063,.F.);
#1432=ORIENTED_EDGE('',*,*,#1066,.F.);
#1433=ORIENTED_EDGE('',*,*,#1069,.F.);
#1434=ORIENTED_EDGE('',*,*,#1072,.F.);
#1435=ORIENTED_EDGE('',*,*,#1075,.F.);
#1436=ORIENTED_EDGE('',*,*,#1078,.F.);
#1437=ORIENTED_EDGE('',*,*,#1079,.T.);
#1438=ORIENTED_EDGE('',*,*,#1080,.T.);
#1439=ORIENTED_EDGE('',*,*,#1081,.F.);
#1440=ORIENTED_EDGE('',*,*,#1082,.F.);
#1441=ORIENTED_EDGE('',*,*,#1083,.T.);
#1442=ORIENTED_EDGE('',*,*,#1084,.T.);
#1443=ORIENTED_EDGE('',*,*,#1079,.F.);
#1444=ORIENTED_EDGE('',*,*,#1085,.F.);
#1445=ORIENTED_EDGE('',*,*,#1086,.T.);
#1446=ORIENTED_EDGE('',*,*,#1087,.T.);
#1447=ORIENTED_EDGE('',*,*,#1083,.F.);
#1448=ORIENTED_EDGE('',*,*,#1088,.F.);
#1449=ORIENTED_EDGE('',*,*,#1089,.T.);
#1450=ORIENTED_EDGE('',*,*,#1090,.T.);
#1451=ORIENTED_EDGE('',*,*,#1086,.F.);
#1452=ORIENTED_EDGE('',*,*,#1091,.F.);
#1453=ORIENTED_EDGE('',*,*,#1092,.T.);
#1454=ORIENTED_EDGE('',*,*,#1093,.T.);
#1455=ORIENTED_EDGE('',*,*,#1089,.F.);
#1456=ORIENTED_EDGE('',*,*,#1094,.F.);
#1457=ORIENTED_EDGE('',*,*,#1095,.T.);
#1458=ORIENTED_EDGE('',*,*,#1096,.T.);
#1459=ORIENTED_EDGE('',*,*,#1092,.F.);
#1460=ORIENTED_EDGE('',*,*,#1097,.F.);
#1461=ORIENTED_EDGE('',*,*,#1098,.T.);
#1462=ORIENTED_EDGE('',*,*,#1099,.T.);
#1463=ORIENTED_EDGE('',*,*,#1095,.F.);
#1464=ORIENTED_EDGE('',*,*,#1100,.F.);
#1465=ORIENTED_EDGE('',*,*,#1101,.T.);
#1466=ORIENTED_EDGE('',*,*,#1102,.T.);
#1467=ORIENTED_EDGE('',*,*,#1098,.F.);
#1468=ORIENTED_EDGE('',*,*,#1103,.F.);
#1469=ORIENTED_EDGE('',*,*,#1104,.T.);
#1470=ORIENTED_EDGE('',*,*,#1105,.T.);
#1471=ORIENTED_EDGE('',*,*,#1101,.F.);
#1472=ORIENTED_EDGE('',*,*,#1106,.F.);
#1473=ORIENTED_EDGE('',*,*,#1107,.T.);
#1474=ORIENTED_EDGE('',*,*,#1108,.T.);
#1475=ORIENTED_EDGE('',*,*,#1104,.F.);
#1476=ORIENTED_EDGE('',*,*,#1109,.F.);
#1477=ORIENTED_EDGE('',*,*,#1110,.T.);
#1478=ORIENTED_EDGE('',*,*,#1111,.T.);
#1479=ORIENTED_EDGE('',*,*,#1107,.F.);
#1480=ORIENTED_EDGE('',*,*,#1112,.F.);
#1481=ORIENTED_EDGE('',*,*,#1113,.T.);
#1482=ORIENTED_EDGE('',*,*,#1114,.T.);
#1483=ORIENTED_EDGE('',*,*,#1110,.F.);
#1484=ORIENTED_EDGE('',*,*,#1115,.F.);
#1485=ORIENTED_EDGE('',*,*,#1116,.T.);
#1486=ORIENTED_EDGE('',*,*,#1117,.T.);
#1487=ORIENTED_EDGE('',*,*,#1113,.F.);
#1488=ORIENTED_EDGE('',*,*,#1118,.F.);
#1489=ORIENTED_EDGE('',*,*,#1119,.T.);
#1490=ORIENTED_EDGE('',*,*,#1120,.T.);
#1491=ORIENTED_EDGE('',*,*,#1116,.F.);
#1492=ORIENTED_EDGE('',*,*,#1121,.F.);
#1493=ORIENTED_EDGE('',*,*,#1122,.T.);
#1494=ORIENTED_EDGE('',*,*,#1123,.T.);
#1495=ORIENTED_EDGE('',*,*,#1119,.F.);
#1496=ORIENTED_EDGE('',*,*,#1124,.F.);
#1497=ORIENTED_EDGE('',*,*,#1125,.T.);
#1498=ORIENTED_EDGE('',*,*,#1126,.T.);
#1499=ORIENTED_EDGE('',*,*,#1122,.F.);
#1500=ORIENTED_EDGE('',*,*,#1127,.F.);
#1501=ORIENTED_EDGE('',*,*,#1128,.T.);
#1502=ORIENTED_EDGE('',*,*,#1129,.T.);
#1503=ORIENTED_EDGE('',*,*,#1125,.F.);
#1504=ORIENTED_EDGE('',*,*,#1130,.F.);
#1505=ORIENTED_EDGE('',*,*,#1081,.T.);
#1506=ORIENTED_EDGE('',*,*,#1131,.T.);
#1507=ORIENTED_EDGE('',*,*,#1128,.F.);
#1508=ORIENTED_EDGE('',*,*,#1131,.F.);
#1509=ORIENTED_EDGE('',*,*,#1080,.F.);
#1510=ORIENTED_EDGE('',*,*,#1084,.F.);
#1511=ORIENTED_EDGE('',*,*,#1087,.F.);
#1512=ORIENTED_EDGE('',*,*,#1090,.F.);
#1513=ORIENTED_EDGE('',*,*,#1093,.F.);
#1514=ORIENTED_EDGE('',*,*,#1096,.F.);
#1515=ORIENTED_EDGE('',*,*,#1099,.F.);
#1516=ORIENTED_EDGE('',*,*,#1102,.F.);
#1517=ORIENTED_EDGE('',*,*,#1105,.F.);
#1518=ORIENTED_EDGE('',*,*,#1108,.F.);
#1519=ORIENTED_EDGE('',*,*,#1111,.F.);
#1520=ORIENTED_EDGE('',*,*,#1114,.F.);
#1521=ORIENTED_EDGE('',*,*,#1117,.F.);
#1522=ORIENTED_EDGE('',*,*,#1120,.F.);
#1523=ORIENTED_EDGE('',*,*,#1123,.F.);
#1524=ORIENTED_EDGE('',*,*,#1126,.F.);
#1525=ORIENTED_EDGE('',*,*,#1129,.F.);
#1526=ORIENTED_EDGE('',*,*,#1132,.F.);
#1527=ORIENTED_EDGE('',*,*,#1133,.T.);
#1528=ORIENTED_EDGE('',*,*,#1134,.T.);
#1529=ORIENTED_EDGE('',*,*,#1135,.F.);
#1530=ORIENTED_EDGE('',*,*,#1136,.F.);
#1531=ORIENTED_EDGE('',*,*,#1137,.T.);
#1532=ORIENTED_EDGE('',*,*,#1138,.T.);
#1533=ORIENTED_EDGE('',*,*,#1133,.F.);
#1534=ORIENTED_EDGE('',*,*,#1139,.F.);
#1535=ORIENTED_EDGE('',*,*,#1140,.T.);
#1536=ORIENTED_EDGE('',*,*,#1141,.T.);
#1537=ORIENTED_EDGE('',*,*,#1137,.F.);
#1538=ORIENTED_EDGE('',*,*,#1142,.F.);
#1539=ORIENTED_EDGE('',*,*,#1135,.T.);
#1540=ORIENTED_EDGE('',*,*,#1143,.T.);
#1541=ORIENTED_EDGE('',*,*,#1140,.F.);
#1542=ORIENTED_EDGE('',*,*,#1143,.F.);
#1543=ORIENTED_EDGE('',*,*,#1134,.F.);
#1544=ORIENTED_EDGE('',*,*,#1138,.F.);
#1545=ORIENTED_EDGE('',*,*,#1141,.F.);
#1546=ORIENTED_EDGE('',*,*,#1144,.F.);
#1547=ORIENTED_EDGE('',*,*,#1145,.T.);
#1548=ORIENTED_EDGE('',*,*,#1146,.T.);
#1549=ORIENTED_EDGE('',*,*,#1147,.F.);
#1550=ORIENTED_EDGE('',*,*,#1148,.F.);
#1551=ORIENTED_EDGE('',*,*,#1149,.T.);
#1552=ORIENTED_EDGE('',*,*,#1150,.T.);
#1553=ORIENTED_EDGE('',*,*,#1145,.F.);
#1554=ORIENTED_EDGE('',*,*,#1151,.F.);
#1555=ORIENTED_EDGE('',*,*,#1152,.T.);
#1556=ORIENTED_EDGE('',*,*,#1153,.T.);
#1557=ORIENTED_EDGE('',*,*,#1149,.F.);
#1558=ORIENTED_EDGE('',*,*,#1154,.F.);
#1559=ORIENTED_EDGE('',*,*,#1155,.T.);
#1560=ORIENTED_EDGE('',*,*,#1156,.T.);
#1561=ORIENTED_EDGE('',*,*,#1152,.F.);
#1562=ORIENTED_EDGE('',*,*,#1157,.F.);
#1563=ORIENTED_EDGE('',*,*,#1158,.T.);
#1564=ORIENTED_EDGE('',*,*,#1159,.T.);
#1565=ORIENTED_EDGE('',*,*,#1155,.F.);
#1566=ORIENTED_EDGE('',*,*,#1160,.F.);
#1567=ORIENTED_EDGE('',*,*,#1161,.T.);
#1568=ORIENTED_EDGE('',*,*,#1162,.T.);
#1569=ORIENTED_EDGE('',*,*,#1158,.F.);
#1570=ORIENTED_EDGE('',*,*,#1163,.F.);
#1571=ORIENTED_EDGE('',*,*,#1164,.T.);
#1572=ORIENTED_EDGE('',*,*,#1165,.T.);
#1573=ORIENTED_EDGE('',*,*,#1161,.F.);
#1574=ORIENTED_EDGE('',*,*,#1166,.F.);
#1575=ORIENTED_EDGE('',*,*,#1147,.T.);
#1576=ORIENTED_EDGE('',*,*,#1167,.T.);
#1577=ORIENTED_EDGE('',*,*,#1164,.F.);
#1578=ORIENTED_EDGE('',*,*,#1168,.F.);
#1579=ORIENTED_EDGE('',*,*,#1169,.T.);
#1580=ORIENTED_EDGE('',*,*,#1170,.T.);
#1581=ORIENTED_EDGE('',*,*,#1171,.F.);
#1582=ORIENTED_EDGE('',*,*,#1172,.F.);
#1583=ORIENTED_EDGE('',*,*,#1173,.T.);
#1584=ORIENTED_EDGE('',*,*,#1174,.T.);
#1585=ORIENTED_EDGE('',*,*,#1169,.F.);
#1586=ORIENTED_EDGE('',*,*,#1175,.F.);
#1587=ORIENTED_EDGE('',*,*,#1176,.T.);
#1588=ORIENTED_EDGE('',*,*,#1177,.T.);
#1589=ORIENTED_EDGE('',*,*,#1173,.F.);
#1590=ORIENTED_EDGE('',*,*,#1178,.F.);
#1591=ORIENTED_EDGE('',*,*,#1179,.T.);
#1592=ORIENTED_EDGE('',*,*,#1180,.T.);
#1593=ORIENTED_EDGE('',*,*,#1176,.F.);
#1594=ORIENTED_EDGE('',*,*,#1181,.F.);
#1595=ORIENTED_EDGE('',*,*,#1182,.T.);
#1596=ORIENTED_EDGE('',*,*,#1183,.T.);
#1597=ORIENTED_EDGE('',*,*,#1179,.F.);
#1598=ORIENTED_EDGE('',*,*,#1184,.F.);
#1599=ORIENTED_EDGE('',*,*,#1185,.T.);
#1600=ORIENTED_EDGE('',*,*,#1186,.T.);
#1601=ORIENTED_EDGE('',*,*,#1182,.F.);
#1602=ORIENTED_EDGE('',*,*,#1187,.F.);
#1603=ORIENTED_EDGE('',*,*,#1188,.T.);
#1604=ORIENTED_EDGE('',*,*,#1189,.T.);
#1605=ORIENTED_EDGE('',*,*,#1185,.F.);
#1606=ORIENTED_EDGE('',*,*,#1190,.F.);
#1607=ORIENTED_EDGE('',*,*,#1191,.T.);
#1608=ORIENTED_EDGE('',*,*,#1192,.T.);
#1609=ORIENTED_EDGE('',*,*,#1188,.F.);
#1610=ORIENTED_EDGE('',*,*,#1193,.F.);
#1611=ORIENTED_EDGE('',*,*,#1194,.T.);
#1612=ORIENTED_EDGE('',*,*,#1195,.T.);
#1613=ORIENTED_EDGE('',*,*,#1191,.F.);
#1614=ORIENTED_EDGE('',*,*,#1196,.F.);
#1615=ORIENTED_EDGE('',*,*,#1197,.T.);
#1616=ORIENTED_EDGE('',*,*,#1198,.T.);
#1617=ORIENTED_EDGE('',*,*,#1194,.F.);
#1618=ORIENTED_EDGE('',*,*,#1199,.F.);
#1619=ORIENTED_EDGE('',*,*,#1171,.T.);
#1620=ORIENTED_EDGE('',*,*,#1200,.T.);
#1621=ORIENTED_EDGE('',*,*,#1197,.F.);
#1622=ORIENTED_EDGE('',*,*,#1200,.F.);
#1623=ORIENTED_EDGE('',*,*,#1170,.F.);
#1624=ORIENTED_EDGE('',*,*,#1174,.F.);
#1625=ORIENTED_EDGE('',*,*,#1177,.F.);
#1626=ORIENTED_EDGE('',*,*,#1180,.F.);
#1627=ORIENTED_EDGE('',*,*,#1183,.F.);
#1628=ORIENTED_EDGE('',*,*,#1186,.F.);
#1629=ORIENTED_EDGE('',*,*,#1189,.F.);
#1630=ORIENTED_EDGE('',*,*,#1192,.F.);
#1631=ORIENTED_EDGE('',*,*,#1195,.F.);
#1632=ORIENTED_EDGE('',*,*,#1198,.F.);
#1633=ORIENTED_EDGE('',*,*,#1167,.F.);
#1634=ORIENTED_EDGE('',*,*,#1146,.F.);
#1635=ORIENTED_EDGE('',*,*,#1150,.F.);
#1636=ORIENTED_EDGE('',*,*,#1153,.F.);
#1637=ORIENTED_EDGE('',*,*,#1156,.F.);
#1638=ORIENTED_EDGE('',*,*,#1159,.F.);
#1639=ORIENTED_EDGE('',*,*,#1162,.F.);
#1640=ORIENTED_EDGE('',*,*,#1165,.F.);
#1641=ORIENTED_EDGE('',*,*,#1201,.F.);
#1642=ORIENTED_EDGE('',*,*,#1202,.T.);
#1643=ORIENTED_EDGE('',*,*,#1203,.T.);
#1644=ORIENTED_EDGE('',*,*,#1204,.T.);
#1645=ORIENTED_EDGE('',*,*,#1205,.F.);
#1646=ORIENTED_EDGE('',*,*,#1206,.T.);
#1647=ORIENTED_EDGE('',*,*,#1207,.T.);
#1648=ORIENTED_EDGE('',*,*,#1208,.T.);
#1649=ORIENTED_EDGE('',*,*,#1209,.T.);
#1650=ORIENTED_EDGE('',*,*,#1168,.T.);
#1651=ORIENTED_EDGE('',*,*,#1199,.T.);
#1652=ORIENTED_EDGE('',*,*,#1196,.T.);
#1653=ORIENTED_EDGE('',*,*,#1193,.T.);
#1654=ORIENTED_EDGE('',*,*,#1190,.T.);
#1655=ORIENTED_EDGE('',*,*,#1187,.T.);
#1656=ORIENTED_EDGE('',*,*,#1184,.T.);
#1657=ORIENTED_EDGE('',*,*,#1181,.T.);
#1658=ORIENTED_EDGE('',*,*,#1178,.T.);
#1659=ORIENTED_EDGE('',*,*,#1175,.T.);
#1660=ORIENTED_EDGE('',*,*,#1172,.T.);
#1661=ORIENTED_EDGE('',*,*,#1132,.T.);
#1662=ORIENTED_EDGE('',*,*,#1142,.T.);
#1663=ORIENTED_EDGE('',*,*,#1139,.T.);
#1664=ORIENTED_EDGE('',*,*,#1136,.T.);
#1665=ORIENTED_EDGE('',*,*,#1078,.T.);
#1666=ORIENTED_EDGE('',*,*,#1130,.T.);
#1667=ORIENTED_EDGE('',*,*,#1127,.T.);
#1668=ORIENTED_EDGE('',*,*,#1124,.T.);
#1669=ORIENTED_EDGE('',*,*,#1121,.T.);
#1670=ORIENTED_EDGE('',*,*,#1118,.T.);
#1671=ORIENTED_EDGE('',*,*,#1115,.T.);
#1672=ORIENTED_EDGE('',*,*,#1112,.T.);
#1673=ORIENTED_EDGE('',*,*,#1109,.T.);
#1674=ORIENTED_EDGE('',*,*,#1106,.T.);
#1675=ORIENTED_EDGE('',*,*,#1103,.T.);
#1676=ORIENTED_EDGE('',*,*,#1100,.T.);
#1677=ORIENTED_EDGE('',*,*,#1097,.T.);
#1678=ORIENTED_EDGE('',*,*,#1094,.T.);
#1679=ORIENTED_EDGE('',*,*,#1091,.T.);
#1680=ORIENTED_EDGE('',*,*,#1088,.T.);
#1681=ORIENTED_EDGE('',*,*,#1085,.T.);
#1682=ORIENTED_EDGE('',*,*,#1082,.T.);
#1683=ORIENTED_EDGE('',*,*,#1042,.T.);
#1684=ORIENTED_EDGE('',*,*,#1076,.T.);
#1685=ORIENTED_EDGE('',*,*,#1073,.T.);
#1686=ORIENTED_EDGE('',*,*,#1070,.T.);
#1687=ORIENTED_EDGE('',*,*,#1067,.T.);
#1688=ORIENTED_EDGE('',*,*,#1064,.T.);
#1689=ORIENTED_EDGE('',*,*,#1061,.T.);
#1690=ORIENTED_EDGE('',*,*,#1058,.T.);
#1691=ORIENTED_EDGE('',*,*,#1055,.T.);
#1692=ORIENTED_EDGE('',*,*,#1052,.T.);
#1693=ORIENTED_EDGE('',*,*,#1049,.T.);
#1694=ORIENTED_EDGE('',*,*,#1046,.T.);
#1695=ORIENTED_EDGE('',*,*,#988,.T.);
#1696=ORIENTED_EDGE('',*,*,#1040,.T.);
#1697=ORIENTED_EDGE('',*,*,#1037,.T.);
#1698=ORIENTED_EDGE('',*,*,#1034,.T.);
#1699=ORIENTED_EDGE('',*,*,#1031,.T.);
#1700=ORIENTED_EDGE('',*,*,#1028,.T.);
#1701=ORIENTED_EDGE('',*,*,#1025,.T.);
#1702=ORIENTED_EDGE('',*,*,#1022,.T.);
#1703=ORIENTED_EDGE('',*,*,#1019,.T.);
#1704=ORIENTED_EDGE('',*,*,#1016,.T.);
#1705=ORIENTED_EDGE('',*,*,#1013,.T.);
#1706=ORIENTED_EDGE('',*,*,#1010,.T.);
#1707=ORIENTED_EDGE('',*,*,#1007,.T.);
#1708=ORIENTED_EDGE('',*,*,#1004,.T.);
#1709=ORIENTED_EDGE('',*,*,#1001,.T.);
#1710=ORIENTED_EDGE('',*,*,#998,.T.);
#1711=ORIENTED_EDGE('',*,*,#995,.T.);
#1712=ORIENTED_EDGE('',*,*,#992,.T.);
#1713=ORIENTED_EDGE('',*,*,#976,.T.);
#1714=ORIENTED_EDGE('',*,*,#986,.T.);
#1715=ORIENTED_EDGE('',*,*,#983,.T.);
#1716=ORIENTED_EDGE('',*,*,#980,.T.);
#1717=ORIENTED_EDGE('',*,*,#1210,.T.);
#1718=ORIENTED_EDGE('',*,*,#1211,.T.);
#1719=ORIENTED_EDGE('',*,*,#1212,.T.);
#1720=ORIENTED_EDGE('',*,*,#1213,.T.);
#1721=ORIENTED_EDGE('',*,*,#1214,.T.);
#1722=ORIENTED_EDGE('',*,*,#1215,.T.);
#1723=ORIENTED_EDGE('',*,*,#1212,.F.);
#1724=ORIENTED_EDGE('',*,*,#1216,.T.);
#1725=ORIENTED_EDGE('',*,*,#1217,.T.);
#1726=ORIENTED_EDGE('',*,*,#1218,.T.);
#1727=ORIENTED_EDGE('',*,*,#1214,.F.);
#1728=ORIENTED_EDGE('',*,*,#1219,.T.);
#1729=ORIENTED_EDGE('',*,*,#1219,.F.);
#1730=ORIENTED_EDGE('',*,*,#1220,.T.);
#1731=ORIENTED_EDGE('',*,*,#1221,.F.);
#1732=ORIENTED_EDGE('',*,*,#1222,.F.);
#1733=ORIENTED_EDGE('',*,*,#1216,.F.);
#1734=ORIENTED_EDGE('',*,*,#1223,.T.);
#1735=ORIENTED_EDGE('',*,*,#1224,.F.);
#1736=ORIENTED_EDGE('',*,*,#1220,.F.);
#1737=ORIENTED_EDGE('',*,*,#1211,.F.);
#1738=ORIENTED_EDGE('',*,*,#1225,.T.);
#1739=ORIENTED_EDGE('',*,*,#1226,.F.);
#1740=ORIENTED_EDGE('',*,*,#1223,.F.);
#1741=ORIENTED_EDGE('',*,*,#1227,.T.);
#1742=ORIENTED_EDGE('',*,*,#1221,.T.);
#1743=ORIENTED_EDGE('',*,*,#1228,.T.);
#1744=ORIENTED_EDGE('',*,*,#1229,.T.);
#1745=ORIENTED_EDGE('',*,*,#1230,.T.);
#1746=ORIENTED_EDGE('',*,*,#1231,.T.);
#1747=ORIENTED_EDGE('',*,*,#1228,.F.);
#1748=ORIENTED_EDGE('',*,*,#1224,.T.);
#1749=ORIENTED_EDGE('',*,*,#1232,.T.);
#1750=ORIENTED_EDGE('',*,*,#1233,.T.);
#1751=ORIENTED_EDGE('',*,*,#1230,.F.);
#1752=ORIENTED_EDGE('',*,*,#1226,.T.);
#1753=ORIENTED_EDGE('',*,*,#1232,.F.);
#1754=ORIENTED_EDGE('',*,*,#1225,.F.);
#1755=ORIENTED_EDGE('',*,*,#1210,.F.);
#1756=ORIENTED_EDGE('',*,*,#1234,.T.);
#1757=ORIENTED_EDGE('',*,*,#1235,.T.);
#1758=ORIENTED_EDGE('',*,*,#1203,.F.);
#1759=ORIENTED_EDGE('',*,*,#1236,.F.);
#1760=ORIENTED_EDGE('',*,*,#1237,.T.);
#1761=ORIENTED_EDGE('',*,*,#1217,.F.);
#1762=ORIENTED_EDGE('',*,*,#1222,.T.);
#1763=ORIENTED_EDGE('',*,*,#1227,.F.);
#1764=ORIENTED_EDGE('',*,*,#1238,.F.);
#1765=ORIENTED_EDGE('',*,*,#1239,.T.);
#1766=ORIENTED_EDGE('',*,*,#1240,.T.);
#1767=ORIENTED_EDGE('',*,*,#1241,.T.);
#1768=ORIENTED_EDGE('',*,*,#1242,.F.);
#1769=ORIENTED_EDGE('',*,*,#1233,.F.);
#1770=ORIENTED_EDGE('',*,*,#1242,.T.);
#1771=ORIENTED_EDGE('',*,*,#1243,.F.);
#1772=ORIENTED_EDGE('',*,*,#1244,.F.);
#1773=ORIENTED_EDGE('',*,*,#1245,.F.);
#1774=ORIENTED_EDGE('',*,*,#1238,.T.);
#1775=ORIENTED_EDGE('',*,*,#1229,.F.);
#1776=ORIENTED_EDGE('',*,*,#1231,.F.);
#1777=ORIENTED_EDGE('',*,*,#1218,.F.);
#1778=ORIENTED_EDGE('',*,*,#1237,.F.);
#1779=ORIENTED_EDGE('',*,*,#1246,.T.);
#1780=ORIENTED_EDGE('',*,*,#1247,.F.);
#1781=ORIENTED_EDGE('',*,*,#1248,.T.);
#1782=ORIENTED_EDGE('',*,*,#1249,.F.);
#1783=ORIENTED_EDGE('',*,*,#1250,.F.);
#1784=ORIENTED_EDGE('',*,*,#1234,.F.);
#1785=ORIENTED_EDGE('',*,*,#1213,.F.);
#1786=ORIENTED_EDGE('',*,*,#1215,.F.);
#1787=ORIENTED_EDGE('',*,*,#1251,.F.);
#1788=ORIENTED_EDGE('',*,*,#1252,.F.);
#1789=ORIENTED_EDGE('',*,*,#1253,.F.);
#1790=ORIENTED_EDGE('',*,*,#1245,.T.);
#1791=ORIENTED_EDGE('',*,*,#1254,.F.);
#1792=ORIENTED_EDGE('',*,*,#1255,.T.);
#1793=ORIENTED_EDGE('',*,*,#1239,.F.);
#1794=ORIENTED_EDGE('',*,*,#1201,.T.);
#1795=ORIENTED_EDGE('',*,*,#1256,.T.);
#1796=ORIENTED_EDGE('',*,*,#1247,.T.);
#1797=ORIENTED_EDGE('',*,*,#1257,.T.);
#1798=ORIENTED_EDGE('',*,*,#1257,.F.);
#1799=ORIENTED_EDGE('',*,*,#1246,.F.);
#1800=ORIENTED_EDGE('',*,*,#1236,.T.);
#1801=ORIENTED_EDGE('',*,*,#1202,.F.);
#1802=ORIENTED_EDGE('',*,*,#1205,.T.);
#1803=ORIENTED_EDGE('',*,*,#1258,.T.);
#1804=ORIENTED_EDGE('',*,*,#1249,.T.);
#1805=ORIENTED_EDGE('',*,*,#1259,.T.);
#1806=ORIENTED_EDGE('',*,*,#1258,.F.);
#1807=ORIENTED_EDGE('',*,*,#1204,.F.);
#1808=ORIENTED_EDGE('',*,*,#1235,.F.);
#1809=ORIENTED_EDGE('',*,*,#1250,.T.);
#1810=ORIENTED_EDGE('',*,*,#1244,.T.);
#1811=ORIENTED_EDGE('',*,*,#1260,.T.);
#1812=ORIENTED_EDGE('',*,*,#1261,.T.);
#1813=ORIENTED_EDGE('',*,*,#1254,.T.);
#1814=ORIENTED_EDGE('',*,*,#1243,.T.);
#1815=ORIENTED_EDGE('',*,*,#1241,.F.);
#1816=ORIENTED_EDGE('',*,*,#1262,.F.);
#1817=ORIENTED_EDGE('',*,*,#1260,.F.);
#1818=ORIENTED_EDGE('',*,*,#1240,.F.);
#1819=ORIENTED_EDGE('',*,*,#1255,.F.);
#1820=ORIENTED_EDGE('',*,*,#1261,.F.);
#1821=ORIENTED_EDGE('',*,*,#1262,.T.);
#1822=ORIENTED_EDGE('',*,*,#1251,.T.);
#1823=ORIENTED_EDGE('',*,*,#1263,.T.);
#1824=ORIENTED_EDGE('',*,*,#1207,.F.);
#1825=ORIENTED_EDGE('',*,*,#1263,.F.);
#1826=ORIENTED_EDGE('',*,*,#1252,.T.);
#1827=ORIENTED_EDGE('',*,*,#1264,.T.);
#1828=ORIENTED_EDGE('',*,*,#1208,.F.);
#1829=ORIENTED_EDGE('',*,*,#1264,.F.);
#1830=ORIENTED_EDGE('',*,*,#1253,.T.);
#1831=ORIENTED_EDGE('',*,*,#1265,.T.);
#1832=ORIENTED_EDGE('',*,*,#1209,.F.);
#1833=ORIENTED_EDGE('',*,*,#1265,.F.);
#1834=ORIENTED_EDGE('',*,*,#1256,.F.);
#1835=ORIENTED_EDGE('',*,*,#1206,.F.);
#1836=ORIENTED_EDGE('',*,*,#1259,.F.);
#1837=ORIENTED_EDGE('',*,*,#1248,.F.);
#1838=ORIENTED_EDGE('',*,*,#1144,.T.);
#1839=ORIENTED_EDGE('',*,*,#1166,.T.);
#1840=ORIENTED_EDGE('',*,*,#1163,.T.);
#1841=ORIENTED_EDGE('',*,*,#1160,.T.);
#1842=ORIENTED_EDGE('',*,*,#1157,.T.);
#1843=ORIENTED_EDGE('',*,*,#1154,.T.);
#1844=ORIENTED_EDGE('',*,*,#1151,.T.);
#1845=ORIENTED_EDGE('',*,*,#1148,.T.);
#1846=PLANE('',#2024);
#1847=PLANE('',#2025);
#1848=PLANE('',#2026);
#1849=PLANE('',#2027);
#1850=PLANE('',#2028);
#1851=PLANE('',#2029);
#1852=PLANE('',#2030);
#1853=PLANE('',#2031);
#1854=PLANE('',#2032);
#1855=PLANE('',#2033);
#1856=PLANE('',#2034);
#1857=PLANE('',#2035);
#1858=PLANE('',#2036);
#1859=PLANE('',#2037);
#1860=PLANE('',#2038);
#1861=PLANE('',#2039);
#1862=PLANE('',#2040);
#1863=PLANE('',#2041);
#1864=PLANE('',#2042);
#1865=PLANE('',#2043);
#1866=PLANE('',#2044);
#1867=PLANE('',#2045);
#1868=PLANE('',#2046);
#1869=PLANE('',#2047);
#1870=PLANE('',#2048);
#1871=PLANE('',#2049);
#1872=PLANE('',#2050);
#1873=PLANE('',#2051);
#1874=PLANE('',#2052);
#1875=PLANE('',#2053);
#1876=PLANE('',#2054);
#1877=PLANE('',#2055);
#1878=PLANE('',#2056);
#1879=PLANE('',#2057);
#1880=PLANE('',#2058);
#1881=PLANE('',#2059);
#1882=PLANE('',#2060);
#1883=PLANE('',#2061);
#1884=PLANE('',#2062);
#1885=PLANE('',#2063);
#1886=PLANE('',#2064);
#1887=PLANE('',#2065);
#1888=PLANE('',#2066);
#1889=PLANE('',#2067);
#1890=PLANE('',#2068);
#1891=PLANE('',#2069);
#1892=PLANE('',#2070);
#1893=PLANE('',#2071);
#1894=PLANE('',#2072);
#1895=PLANE('',#2073);
#1896=PLANE('',#2081);
#1897=PLANE('',#2082);
#1898=PLANE('',#2083);
#1899=PLANE('',#2090);
#1900=PLANE('',#2092);
#1901=PLANE('',#2096);
#1902=PLANE('',#2097);
#1903=ADVANCED_FACE('',(#179),#1846,.F.);
#1904=ADVANCED_FACE('',(#180),#1847,.F.);
#1905=ADVANCED_FACE('',(#181),#1848,.F.);
#1906=ADVANCED_FACE('',(#182),#1849,.F.);
#1907=ADVANCED_FACE('',(#183),#1850,.F.);
#1908=ADVANCED_FACE('',(#184),#134,.F.);
#1909=ADVANCED_FACE('',(#185),#135,.F.);
#1910=ADVANCED_FACE('',(#186),#136,.F.);
#1911=ADVANCED_FACE('',(#187),#137,.F.);
#1912=ADVANCED_FACE('',(#188),#1851,.F.);
#1913=ADVANCED_FACE('',(#189),#1852,.F.);
#1914=ADVANCED_FACE('',(#190),#1853,.F.);
#1915=ADVANCED_FACE('',(#191),#138,.F.);
#1916=ADVANCED_FACE('',(#192),#139,.F.);
#1917=ADVANCED_FACE('',(#193),#1854,.F.);
#1918=ADVANCED_FACE('',(#194),#1855,.F.);
#1919=ADVANCED_FACE('',(#195),#1856,.F.);
#1920=ADVANCED_FACE('',(#196),#140,.F.);
#1921=ADVANCED_FACE('',(#197),#141,.F.);
#1922=ADVANCED_FACE('',(#198),#142,.F.);
#1923=ADVANCED_FACE('',(#199),#143,.F.);
#1924=ADVANCED_FACE('',(#200),#144,.F.);
#1925=ADVANCED_FACE('',(#201),#1857,.F.);
#1926=ADVANCED_FACE('',(#202),#1858,.T.);
#1927=ADVANCED_FACE('',(#203),#1859,.F.);
#1928=ADVANCED_FACE('',(#204),#1860,.F.);
#1929=ADVANCED_FACE('',(#205),#1861,.F.);
#1930=ADVANCED_FACE('',(#206),#1862,.F.);
#1931=ADVANCED_FACE('',(#207),#1863,.F.);
#1932=ADVANCED_FACE('',(#208),#1864,.F.);
#1933=ADVANCED_FACE('',(#209),#1865,.F.);
#1934=ADVANCED_FACE('',(#210),#1866,.F.);
#1935=ADVANCED_FACE('',(#211),#1867,.F.);
#1936=ADVANCED_FACE('',(#212),#1868,.F.);
#1937=ADVANCED_FACE('',(#213),#1869,.F.);
#1938=ADVANCED_FACE('',(#214),#1870,.F.);
#1939=ADVANCED_FACE('',(#215),#1871,.F.);
#1940=ADVANCED_FACE('',(#216),#1872,.F.);
#1941=ADVANCED_FACE('',(#217),#1873,.F.);
#1942=ADVANCED_FACE('',(#218),#145,.F.);
#1943=ADVANCED_FACE('',(#219),#146,.F.);
#1944=ADVANCED_FACE('',(#220),#147,.F.);
#1945=ADVANCED_FACE('',(#221),#148,.F.);
#1946=ADVANCED_FACE('',(#222),#149,.F.);
#1947=ADVANCED_FACE('',(#223),#1874,.F.);
#1948=ADVANCED_FACE('',(#224),#1875,.F.);
#1949=ADVANCED_FACE('',(#225),#1876,.F.);
#1950=ADVANCED_FACE('',(#226),#150,.F.);
#1951=ADVANCED_FACE('',(#227),#151,.F.);
#1952=ADVANCED_FACE('',(#228),#152,.F.);
#1953=ADVANCED_FACE('',(#229),#153,.F.);
#1954=ADVANCED_FACE('',(#230),#154,.F.);
#1955=ADVANCED_FACE('',(#231),#1877,.F.);
#1956=ADVANCED_FACE('',(#232),#1878,.F.);
#1957=ADVANCED_FACE('',(#233),#1879,.F.);
#1958=ADVANCED_FACE('',(#234),#1880,.T.);
#1959=ADVANCED_FACE('',(#235),#1881,.F.);
#1960=ADVANCED_FACE('',(#236),#1882,.F.);
#1961=ADVANCED_FACE('',(#237),#1883,.F.);
#1962=ADVANCED_FACE('',(#238),#1884,.F.);
#1963=ADVANCED_FACE('',(#239),#1885,.F.);
#1964=ADVANCED_FACE('',(#240),#1886,.F.);
#1965=ADVANCED_FACE('',(#241),#1887,.F.);
#1966=ADVANCED_FACE('',(#242),#155,.F.);
#1967=ADVANCED_FACE('',(#243),#156,.F.);
#1968=ADVANCED_FACE('',(#244),#157,.F.);
#1969=ADVANCED_FACE('',(#245),#158,.F.);
#1970=ADVANCED_FACE('',(#246),#159,.F.);
#1971=ADVANCED_FACE('',(#247),#1888,.F.);
#1972=ADVANCED_FACE('',(#248),#1889,.F.);
#1973=ADVANCED_FACE('',(#249),#1890,.F.);
#1974=ADVANCED_FACE('',(#250),#1891,.F.);
#1975=ADVANCED_FACE('',(#251),#160,.F.);
#1976=ADVANCED_FACE('',(#252),#161,.F.);
#1977=ADVANCED_FACE('',(#253),#162,.F.);
#1978=ADVANCED_FACE('',(#254),#163,.F.);
#1979=ADVANCED_FACE('',(#255),#164,.F.);
#1980=ADVANCED_FACE('',(#256),#165,.F.);
#1981=ADVANCED_FACE('',(#257),#1892,.F.);
#1982=ADVANCED_FACE('',(#258),#1893,.F.);
#1983=ADVANCED_FACE('',(#259,#32),#1894,.T.);
#1984=ADVANCED_FACE('',(#260,#33,#34,#35,#36,#37,#38,#39,#40,#41),#1895,
 .T.);
#1985=ADVANCED_FACE('',(#261),#166,.T.);
#1986=ADVANCED_FACE('',(#262),#167,.T.);
#1987=ADVANCED_FACE('',(#263),#168,.T.);
#1988=ADVANCED_FACE('',(#264),#169,.T.);
#1989=ADVANCED_FACE('',(#265),#170,.T.);
#1990=ADVANCED_FACE('',(#266),#171,.T.);
#1991=ADVANCED_FACE('',(#267),#172,.T.);
#1992=ADVANCED_FACE('',(#268),#173,.T.);
#1993=ADVANCED_FACE('',(#269),#174,.T.);
#1994=ADVANCED_FACE('',(#270),#1896,.T.);
#1995=ADVANCED_FACE('',(#271),#1897,.F.);
#1996=ADVANCED_FACE('',(#272,#42,#43,#44),#1898,.F.);
#1997=ADVANCED_FACE('',(#273),#175,.F.);
#1998=ADVANCED_FACE('',(#274),#15,.T.);
#1999=ADVANCED_FACE('',(#275),#1899,.T.);
#2000=ADVANCED_FACE('',(#276),#16,.T.);
#2001=ADVANCED_FACE('',(#277),#1900,.T.);
#2002=ADVANCED_FACE('',(#278),#176,.F.);
#2003=ADVANCED_FACE('',(#279),#177,.F.);
#2004=ADVANCED_FACE('',(#280),#178,.F.);
#2005=ADVANCED_FACE('',(#281),#17,.F.);
#2006=ADVANCED_FACE('',(#282),#18,.F.);
#2007=ADVANCED_FACE('',(#283),#19,.F.);
#2008=ADVANCED_FACE('',(#284),#1901,.T.);
#2009=ADVANCED_FACE('',(#285),#1902,.T.);
#2010=CLOSED_SHELL('',(#1903,#1904,#1905,#1906,#1907,#1908,#1909,#1910,
#1911,#1912,#1913,#1914,#1915,#1916,#1917,#1918,#1919,#1920,#1921,#1922,
#1923,#1924,#1925,#1926,#1927,#1928,#1929,#1930,#1931,#1932,#1933,#1934,
#1935,#1936,#1937,#1938,#1939,#1940,#1941,#1942,#1943,#1944,#1945,#1946,
#1947,#1948,#1949,#1950,#1951,#1952,#1953,#1954,#1955,#1956,#1957,#1958,
#1959,#1960,#1961,#1962,#1963,#1964,#1965,#1966,#1967,#1968,#1969,#1970,
#1971,#1972,#1973,#1974,#1975,#1976,#1977,#1978,#1979,#1980,#1981,#1982,
#1983,#1984,#1985,#1986,#1987,#1988,#1989,#1990,#1991,#1992,#1993,#1994,
#1995,#1996,#1997,#1998,#1999,#2000,#2001,#2002,#2003,#2004,#2005,#2006,
#2007,#2008,#2009));
#2011=DERIVED_UNIT_ELEMENT(#2013,1.);
#2012=DERIVED_UNIT_ELEMENT(#7315,-3.);
#2013=(
MASS_UNIT()
NAMED_UNIT(*)
SI_UNIT(.KILO.,.GRAM.)
);
#2014=DERIVED_UNIT((#2011,#2012));
#2015=MEASURE_REPRESENTATION_ITEM('density measure',
POSITIVE_RATIO_MEASURE(7850.),#2014);
#2016=PROPERTY_DEFINITION_REPRESENTATION(#2021,#2018);
#2017=PROPERTY_DEFINITION_REPRESENTATION(#2022,#2019);
#2018=REPRESENTATION('material name',(#2020),#7312);
#2019=REPRESENTATION('density',(#2015),#7312);
#2020=DESCRIPTIVE_REPRESENTATION_ITEM('\X2\92FC\X0\','\X2\92FC\X0\');
#2021=PROPERTY_DEFINITION('material property','material name',#7322);
#2022=PROPERTY_DEFINITION('material property','density of part',#7322);
#2023=AXIS2_PLACEMENT_3D('',#2437,#2098,#2099);
#2024=AXIS2_PLACEMENT_3D('',#2438,#2100,#2101);
#2025=AXIS2_PLACEMENT_3D('',#2447,#2106,#2107);
#2026=AXIS2_PLACEMENT_3D('',#2453,#2111,#2112);
#2027=AXIS2_PLACEMENT_3D('',#2459,#2116,#2117);
#2028=AXIS2_PLACEMENT_3D('',#2462,#2120,#2121);
#2029=AXIS2_PLACEMENT_3D('',#2574,#2127,#2128);
#2030=AXIS2_PLACEMENT_3D('',#2580,#2132,#2133);
#2031=AXIS2_PLACEMENT_3D('',#2586,#2137,#2138);
#2032=AXIS2_PLACEMENT_3D('',#2646,#2144,#2145);
#2033=AXIS2_PLACEMENT_3D('',#2652,#2149,#2150);
#2034=AXIS2_PLACEMENT_3D('',#2658,#2154,#2155);
#2035=AXIS2_PLACEMENT_3D('',#2799,#2164,#2165);
#2036=AXIS2_PLACEMENT_3D('',#2802,#2168,#2169);
#2037=AXIS2_PLACEMENT_3D('',#2803,#2170,#2171);
#2038=AXIS2_PLACEMENT_3D('',#2812,#2176,#2177);
#2039=AXIS2_PLACEMENT_3D('',#2818,#2181,#2182);
#2040=AXIS2_PLACEMENT_3D('',#2824,#2186,#2187);
#2041=AXIS2_PLACEMENT_3D('',#2830,#2191,#2192);
#2042=AXIS2_PLACEMENT_3D('',#2836,#2196,#2197);
#2043=AXIS2_PLACEMENT_3D('',#2842,#2201,#2202);
#2044=AXIS2_PLACEMENT_3D('',#2848,#2206,#2207);
#2045=AXIS2_PLACEMENT_3D('',#2854,#2211,#2212);
#2046=AXIS2_PLACEMENT_3D('',#2860,#2216,#2217);
#2047=AXIS2_PLACEMENT_3D('',#2866,#2221,#2222);
#2048=AXIS2_PLACEMENT_3D('',#2872,#2226,#2227);
#2049=AXIS2_PLACEMENT_3D('',#2875,#2230,#2231);
#2050=AXIS2_PLACEMENT_3D('',#2876,#2232,#2233);
#2051=AXIS2_PLACEMENT_3D('',#2885,#2238,#2239);
#2052=AXIS2_PLACEMENT_3D('',#3026,#2248,#2249);
#2053=AXIS2_PLACEMENT_3D('',#3032,#2253,#2254);
#2054=AXIS2_PLACEMENT_3D('',#3038,#2258,#2259);
#2055=AXIS2_PLACEMENT_3D('',#3187,#2268,#2269);
#2056=AXIS2_PLACEMENT_3D('',#3193,#2273,#2274);
#2057=AXIS2_PLACEMENT_3D('',#3199,#2278,#2279);
#2058=AXIS2_PLACEMENT_3D('',#3202,#2282,#2283);
#2059=AXIS2_PLACEMENT_3D('',#3203,#2284,#2285);
#2060=AXIS2_PLACEMENT_3D('',#3212,#2290,#2291);
#2061=AXIS2_PLACEMENT_3D('',#3218,#2295,#2296);
#2062=AXIS2_PLACEMENT_3D('',#3224,#2300,#2301);
#2063=AXIS2_PLACEMENT_3D('',#3227,#2304,#2305);
#2064=AXIS2_PLACEMENT_3D('',#3228,#2306,#2307);
#2065=AXIS2_PLACEMENT_3D('',#3237,#2312,#2313);
#2066=AXIS2_PLACEMENT_3D('',#3378,#2322,#2323);
#2067=AXIS2_PLACEMENT_3D('',#3381,#2326,#2327);
#2068=AXIS2_PLACEMENT_3D('',#3390,#2332,#2333);
#2069=AXIS2_PLACEMENT_3D('',#3396,#2337,#2338);
#2070=AXIS2_PLACEMENT_3D('',#3564,#2348,#2349);
#2071=AXIS2_PLACEMENT_3D('',#3570,#2353,#2354);
#2072=AXIS2_PLACEMENT_3D('',#3573,#2357,#2358);
#2073=AXIS2_PLACEMENT_3D('',#3574,#2359,#2360);
#2074=AXIS2_PLACEMENT_3D('',#3577,#2361,#2362);
#2075=AXIS2_PLACEMENT_3D('',#3585,#2366,#2367);
#2076=AXIS2_PLACEMENT_3D('',#3588,#2369,#2370);
#2077=AXIS2_PLACEMENT_3D('',#3590,#2371,#2372);
#2078=AXIS2_PLACEMENT_3D('',#3592,#2373,#2374);
#2079=AXIS2_PLACEMENT_3D('',#3774,#2375,#2376);
#2080=AXIS2_PLACEMENT_3D('',#3819,#2377,#2378);
#2081=AXIS2_PLACEMENT_3D('',#4822,#2387,#2388);
#2082=AXIS2_PLACEMENT_3D('',#5909,#2395,#2396);
#2083=AXIS2_PLACEMENT_3D('',#5946,#2397,#2398);
#2084=AXIS2_PLACEMENT_3D('',#5950,#2400,#2401);
#2085=AXIS2_PLACEMENT_3D('',#5954,#2403,#2404);
#2086=AXIS2_PLACEMENT_3D('',#5957,#2406,#2407);
#2087=AXIS2_PLACEMENT_3D('',#5959,#2408,#2409);
#2088=AXIS2_PLACEMENT_3D('',#5961,#2410,#2411);
#2089=AXIS2_PLACEMENT_3D('',#6369,#2412,#2413);
#2090=AXIS2_PLACEMENT_3D('',#6372,#2416,#2417);
#2091=AXIS2_PLACEMENT_3D('',#6373,#2418,#2419);
#2092=AXIS2_PLACEMENT_3D('',#6376,#2422,#2423);
#2093=AXIS2_PLACEMENT_3D('',#7302,#2424,#2425);
#2094=AXIS2_PLACEMENT_3D('',#7304,#2427,#2428);
#2095=AXIS2_PLACEMENT_3D('',#7306,#2430,#2431);
#2096=AXIS2_PLACEMENT_3D('',#7308,#2433,#2434);
#2097=AXIS2_PLACEMENT_3D('',#7309,#2435,#2436);
#2098=DIRECTION('axis',(0.,0.,1.));
#2099=DIRECTION('refdir',(1.,0.,0.));
#2100=DIRECTION('center_axis',(1.,0.,0.));
#2101=DIRECTION('ref_axis',(0.,-0.732473311273383,0.680795746367591));
#2102=DIRECTION('',(0.,-0.732473311273383,0.680795746367592));
#2103=DIRECTION('',(0.,-0.680795746367593,-0.732473311273381));
#2104=DIRECTION('',(0.,-0.732473311273383,0.680795746367592));
#2105=DIRECTION('',(0.,-0.680795746367593,-0.732473311273381));
#2106=DIRECTION('center_axis',(0.,0.732473311273381,-0.680795746367593));
#2107=DIRECTION('ref_axis',(1.,0.,0.));
#2108=DIRECTION('',(1.,0.,0.));
#2109=DIRECTION('',(0.,-0.680795746367593,-0.732473311273381));
#2110=DIRECTION('',(1.,0.,0.));
#2111=DIRECTION('center_axis',(-1.,0.,0.));
#2112=DIRECTION('ref_axis',(0.,0.732473311273383,-0.680795746367591));
#2113=DIRECTION('',(0.,0.732473311273383,-0.680795746367592));
#2114=DIRECTION('',(0.,-0.680795746367593,-0.732473311273381));
#2115=DIRECTION('',(0.,0.732473311273383,-0.680795746367592));
#2116=DIRECTION('center_axis',(0.,-0.732473311273381,0.680795746367593));
#2117=DIRECTION('ref_axis',(-1.,0.,0.));
#2118=DIRECTION('',(-1.,0.,0.));
#2119=DIRECTION('',(-1.,0.,0.));
#2120=DIRECTION('center_axis',(0.,-0.680795746367593,-0.732473311273381));
#2121=DIRECTION('ref_axis',(-1.,0.,0.));
#2122=DIRECTION('',(0.,-0.680795746367598,-0.732473311273377));
#2123=DIRECTION('',(0.,-0.680795746367598,-0.732473311273377));
#2124=DIRECTION('',(0.,-0.680795746367598,-0.732473311273377));
#2125=DIRECTION('',(0.,-0.680795746367598,-0.732473311273377));
#2126=DIRECTION('',(0.,-0.680795746367598,-0.732473311273377));
#2127=DIRECTION('center_axis',(0.350362895365741,0.686044780079225,-0.637642847742357));
#2128=DIRECTION('ref_axis',(0.936614030191164,-0.256631470115874,0.23852556885003));
#2129=DIRECTION('',(0.936614030191164,-0.256631470115874,0.23852556885003));
#2130=DIRECTION('',(0.,-0.680795746367598,-0.732473311273377));
#2131=DIRECTION('',(0.936614030191164,-0.256631470115874,0.23852556885003));
#2132=DIRECTION('center_axis',(-1.,0.,0.));
#2133=DIRECTION('ref_axis',(0.,0.732473311273383,-0.680795746367591));
#2134=DIRECTION('',(0.,0.732473311273383,-0.680795746367592));
#2135=DIRECTION('',(0.,-0.680795746367598,-0.732473311273377));
#2136=DIRECTION('',(0.,0.732473311273383,-0.680795746367591));
#2137=DIRECTION('center_axis',(-0.344299266721905,-0.68768985999535,0.63917186373802));
#2138=DIRECTION('ref_axis',(-0.938859954910613,0.252190023964791,-0.234397476261754));
#2139=DIRECTION('',(-0.938859954910613,0.252190023964791,-0.234397476261754));
#2140=DIRECTION('',(0.,-0.680795746367598,-0.732473311273377));
#2141=DIRECTION('',(-0.938859954910613,0.252190023964791,-0.234397476261754));
#2142=DIRECTION('',(0.,-0.680795746367598,-0.732473311273377));
#2143=DIRECTION('',(0.,-0.680795746367598,-0.732473311273377));
#2144=DIRECTION('center_axis',(-0.338177431024067,0.689317718964796,-0.640684873761769));
#2145=DIRECTION('ref_axis',(0.941082368948629,0.247705942700124,-0.230229756558704));
#2146=DIRECTION('',(0.941082368948629,0.247705942700124,-0.230229756558704));
#2147=DIRECTION('',(0.,-0.680795746367598,-0.732473311273377));
#2148=DIRECTION('',(0.941082368948629,0.247705942700124,-0.230229756558704));
#2149=DIRECTION('center_axis',(-1.,0.,0.));
#2150=DIRECTION('ref_axis',(0.,0.732473311273383,-0.680795746367591));
#2151=DIRECTION('',(0.,0.732473311273383,-0.680795746367592));
#2152=DIRECTION('',(0.,-0.680795746367598,-0.732473311273377));
#2153=DIRECTION('',(0.,0.732473311273383,-0.680795746367591));
#2154=DIRECTION('center_axis',(0.354203919068503,-0.684985756442269,0.636658540496966));
#2155=DIRECTION('ref_axis',(-0.935168211455305,-0.259444917466115,0.241140521448568));
#2156=DIRECTION('',(-0.935168211455304,-0.259444917466116,0.241140521448568));
#2157=DIRECTION('',(0.,-0.680795746367598,-0.732473311273377));
#2158=DIRECTION('',(-0.935168211455304,-0.259444917466116,0.241140521448568));
#2159=DIRECTION('',(0.,-0.680795746367598,-0.732473311273377));
#2160=DIRECTION('',(0.,-0.680795746367598,-0.732473311273377));
#2161=DIRECTION('',(0.,-0.680795746367598,-0.732473311273377));
#2162=DIRECTION('',(0.,-0.680795746367598,-0.732473311273377));
#2163=DIRECTION('',(0.,-0.680795746367598,-0.732473311273377));
#2164=DIRECTION('center_axis',(0.117522645199037,-0.727397419836817,0.67607796997104));
#2165=DIRECTION('ref_axis',(-0.993070202888709,-0.0860822010785456,0.080008916953372));
#2166=DIRECTION('',(-0.993070202888709,-0.0860822010785458,0.0800089169533722));
#2167=DIRECTION('',(-0.993070202888709,-0.0860822010785458,0.0800089169533722));
#2168=DIRECTION('center_axis',(0.,0.680795746367592,0.732473311273383));
#2169=DIRECTION('ref_axis',(1.,0.,0.));
#2170=DIRECTION('center_axis',(1.,0.,0.));
#2171=DIRECTION('ref_axis',(0.,-0.732473311273383,0.680795746367591));
#2172=DIRECTION('',(0.,-0.732473311273383,0.680795746367592));
#2173=DIRECTION('',(0.,-0.680795746367598,-0.732473311273377));
#2174=DIRECTION('',(0.,-0.732473311273383,0.680795746367591));
#2175=DIRECTION('',(0.,-0.680795746367598,-0.732473311273377));
#2176=DIRECTION('center_axis',(0.,0.732473311273377,-0.680795746367598));
#2177=DIRECTION('ref_axis',(1.,0.,0.));
#2178=DIRECTION('',(1.,0.,0.));
#2179=DIRECTION('',(0.,-0.680795746367598,-0.732473311273377));
#2180=DIRECTION('',(1.,0.,0.));
#2181=DIRECTION('center_axis',(0.721159673911032,0.507434717398756,-0.471634108502532));
#2182=DIRECTION('ref_axis',(0.692768882618535,-0.528230214306447,0.49096243845047));
#2183=DIRECTION('',(0.692768882618535,-0.528230214306447,0.49096243845047));
#2184=DIRECTION('',(0.,-0.680795746367598,-0.732473311273377));
#2185=DIRECTION('',(0.692768882618535,-0.528230214306447,0.49096243845047));
#2186=DIRECTION('center_axis',(0.542866526581589,-0.615144995757158,0.571745195443012));
#2187=DIRECTION('ref_axis',(-0.839818989019206,-0.397635242304696,0.369581222142095));
#2188=DIRECTION('',(-0.839818989019206,-0.397635242304696,0.369581222142095));
#2189=DIRECTION('',(0.,-0.680795746367598,-0.732473311273377));
#2190=DIRECTION('',(-0.839818989019206,-0.397635242304696,0.369581222142095));
#2191=DIRECTION('center_axis',(1.,0.,0.));
#2192=DIRECTION('ref_axis',(0.,-0.732473311273383,0.680795746367591));
#2193=DIRECTION('',(0.,-0.732473311273383,0.680795746367592));
#2194=DIRECTION('',(0.,-0.680795746367598,-0.732473311273377));
#2195=DIRECTION('',(0.,-0.732473311273383,0.680795746367591));
#2196=DIRECTION('center_axis',(-0.556135193384227,0.608752592089751,-0.565803789580361));
#2197=DIRECTION('ref_axis',(0.831091840099209,0.407354186613808,-0.3786144740613));
#2198=DIRECTION('',(0.831091840099208,0.407354186613808,-0.3786144740613));
#2199=DIRECTION('',(0.,-0.680795746367598,-0.732473311273377));
#2200=DIRECTION('',(0.831091840099208,0.407354186613808,-0.3786144740613));
#2201=DIRECTION('center_axis',(0.717632861641234,0.510110251668323,-0.47412087808437));
#2202=DIRECTION('ref_axis',(0.696421622217902,-0.525646918444948,0.488561399658954));
#2203=DIRECTION('',(0.696421622217902,-0.525646918444948,0.488561399658954));
#2204=DIRECTION('',(0.,-0.680795746367598,-0.732473311273377));
#2205=DIRECTION('',(0.696421622217902,-0.525646918444948,0.488561399658954));
#2206=DIRECTION('center_axis',(-1.,0.,0.));
#2207=DIRECTION('ref_axis',(0.,0.732473311273383,-0.680795746367591));
#2208=DIRECTION('',(0.,0.732473311273383,-0.680795746367592));
#2209=DIRECTION('',(0.,-0.680795746367598,-0.732473311273377));
#2210=DIRECTION('',(0.,0.732473311273383,-0.680795746367591));
#2211=DIRECTION('center_axis',(-0.702144769125533,-0.521546059128459,0.484749864772778));
#2212=DIRECTION('ref_axis',(-0.712034214900978,0.514302304034664,-0.478017172154917));
#2213=DIRECTION('',(-0.712034214900978,0.514302304034664,-0.478017172154917));
#2214=DIRECTION('',(0.,-0.680795746367598,-0.732473311273377));
#2215=DIRECTION('',(-0.712034214900978,0.514302304034664,-0.478017172154917));
#2216=DIRECTION('center_axis',(0.,0.732473311273377,-0.680795746367598));
#2217=DIRECTION('ref_axis',(1.,0.,0.));
#2218=DIRECTION('',(1.,0.,0.));
#2219=DIRECTION('',(0.,-0.680795746367598,-0.732473311273377));
#2220=DIRECTION('',(1.,0.,0.));
#2221=DIRECTION('center_axis',(-1.,0.,0.));
#2222=DIRECTION('ref_axis',(0.,0.732473311273383,-0.680795746367591));
#2223=DIRECTION('',(0.,0.732473311273383,-0.680795746367592));
#2224=DIRECTION('',(0.,-0.680795746367598,-0.732473311273377));
#2225=DIRECTION('',(0.,0.732473311273383,-0.680795746367591));
#2226=DIRECTION('center_axis',(0.,-0.732473311273377,0.680795746367598));
#2227=DIRECTION('ref_axis',(-1.,0.,0.));
#2228=DIRECTION('',(-1.,0.,0.));
#2229=DIRECTION('',(-1.,0.,0.));
#2230=DIRECTION('center_axis',(0.,-0.680795746367598,-0.732473311273377));
#2231=DIRECTION('ref_axis',(-1.,0.,0.));
#2232=DIRECTION('center_axis',(1.,0.,0.));
#2233=DIRECTION('ref_axis',(0.,-0.732473311273383,0.680795746367591));
#2234=DIRECTION('',(0.,-0.732473311273383,0.680795746367592));
#2235=DIRECTION('',(0.,-0.680795746367598,-0.732473311273377));
#2236=DIRECTION('',(0.,-0.732473311273383,0.680795746367591));
#2237=DIRECTION('',(0.,-0.680795746367598,-0.732473311273377));
#2238=DIRECTION('center_axis',(0.,0.732473311273377,-0.680795746367598));
#2239=DIRECTION('ref_axis',(1.,0.,0.));
#2240=DIRECTION('',(1.,0.,0.));
#2241=DIRECTION('',(0.,-0.680795746367598,-0.732473311273377));
#2242=DIRECTION('',(1.,0.,0.));
#2243=DIRECTION('',(0.,-0.680795746367598,-0.732473311273377));
#2244=DIRECTION('',(0.,-0.680795746367598,-0.732473311273377));
#2245=DIRECTION('',(0.,-0.680795746367598,-0.732473311273377));
#2246=DIRECTION('',(0.,-0.680795746367598,-0.732473311273377));
#2247=DIRECTION('',(0.,-0.680795746367598,-0.732473311273377));
#2248=DIRECTION('center_axis',(0.,-0.732473311273377,0.680795746367598));
#2249=DIRECTION('ref_axis',(-1.,0.,0.));
#2250=DIRECTION('',(-1.,0.,0.));
#2251=DIRECTION('',(0.,-0.680795746367598,-0.732473311273377));
#2252=DIRECTION('',(-1.,0.,0.));
#2253=DIRECTION('center_axis',(1.,0.,0.));
#2254=DIRECTION('ref_axis',(0.,-0.732473311273383,0.680795746367591));
#2255=DIRECTION('',(0.,-0.732473311273383,0.680795746367592));
#2256=DIRECTION('',(0.,-0.680795746367598,-0.732473311273377));
#2257=DIRECTION('',(0.,-0.732473311273383,0.680795746367591));
#2258=DIRECTION('center_axis',(0.,0.732473311273377,-0.680795746367598));
#2259=DIRECTION('ref_axis',(1.,0.,0.));
#2260=DIRECTION('',(1.,0.,0.));
#2261=DIRECTION('',(0.,-0.680795746367598,-0.732473311273377));
#2262=DIRECTION('',(1.,0.,0.));
#2263=DIRECTION('',(0.,-0.680795746367598,-0.732473311273377));
#2264=DIRECTION('',(0.,-0.680795746367598,-0.732473311273377));
#2265=DIRECTION('',(0.,-0.680795746367598,-0.732473311273377));
#2266=DIRECTION('',(0.,-0.680795746367598,-0.732473311273377));
#2267=DIRECTION('',(0.,-0.680795746367598,-0.732473311273377));
#2268=DIRECTION('center_axis',(0.,0.732473311273377,-0.680795746367598));
#2269=DIRECTION('ref_axis',(1.,0.,0.));
#2270=DIRECTION('',(1.,0.,0.));
#2271=DIRECTION('',(0.,-0.680795746367598,-0.732473311273377));
#2272=DIRECTION('',(1.,0.,0.));
#2273=DIRECTION('center_axis',(-1.,0.,0.));
#2274=DIRECTION('ref_axis',(0.,0.732473311273383,-0.680795746367591));
#2275=DIRECTION('',(0.,0.732473311273383,-0.680795746367592));
#2276=DIRECTION('',(0.,-0.680795746367598,-0.732473311273377));
#2277=DIRECTION('',(0.,0.732473311273383,-0.680795746367591));
#2278=DIRECTION('center_axis',(0.,-0.732473311273377,0.680795746367598));
#2279=DIRECTION('ref_axis',(-1.,0.,0.));
#2280=DIRECTION('',(-1.,0.,0.));
#2281=DIRECTION('',(-1.,0.,0.));
#2282=DIRECTION('center_axis',(0.,0.680795746367592,0.732473311273383));
#2283=DIRECTION('ref_axis',(1.,0.,0.));
#2284=DIRECTION('center_axis',(1.,0.,0.));
#2285=DIRECTION('ref_axis',(0.,-0.732473311273383,0.680795746367591));
#2286=DIRECTION('',(0.,-0.732473311273383,0.680795746367592));
#2287=DIRECTION('',(0.,-0.680795746367593,-0.732473311273381));
#2288=DIRECTION('',(0.,-0.732473311273383,0.680795746367592));
#2289=DIRECTION('',(0.,-0.680795746367593,-0.732473311273381));
#2290=DIRECTION('center_axis',(0.,0.732473311273381,-0.680795746367593));
#2291=DIRECTION('ref_axis',(1.,0.,0.));
#2292=DIRECTION('',(1.,0.,0.));
#2293=DIRECTION('',(0.,-0.680795746367593,-0.732473311273381));
#2294=DIRECTION('',(1.,0.,0.));
#2295=DIRECTION('center_axis',(-1.,0.,0.));
#2296=DIRECTION('ref_axis',(0.,0.732473311273383,-0.680795746367591));
#2297=DIRECTION('',(0.,0.732473311273383,-0.680795746367592));
#2298=DIRECTION('',(0.,-0.680795746367593,-0.732473311273381));
#2299=DIRECTION('',(0.,0.732473311273383,-0.680795746367592));
#2300=DIRECTION('center_axis',(0.,-0.732473311273381,0.680795746367593));
#2301=DIRECTION('ref_axis',(-1.,0.,0.));
#2302=DIRECTION('',(-1.,0.,0.));
#2303=DIRECTION('',(-1.,0.,0.));
#2304=DIRECTION('center_axis',(0.,-0.680795746367593,-0.732473311273381));
#2305=DIRECTION('ref_axis',(-1.,0.,0.));
#2306=DIRECTION('center_axis',(0.,0.732473311273381,-0.680795746367593));
#2307=DIRECTION('ref_axis',(1.,0.,0.));
#2308=DIRECTION('',(1.,0.,0.));
#2309=DIRECTION('',(0.,-0.680795746367593,-0.732473311273381));
#2310=DIRECTION('',(1.,0.,0.));
#2311=DIRECTION('',(0.,-0.680795746367593,-0.732473311273381));
#2312=DIRECTION('center_axis',(1.,0.,0.));
#2313=DIRECTION('ref_axis',(0.,-0.732473311273383,0.680795746367591));
#2314=DIRECTION('',(0.,-0.732473311273383,0.680795746367592));
#2315=DIRECTION('',(0.,-0.680795746367593,-0.732473311273381));
#2316=DIRECTION('',(0.,-0.732473311273383,0.680795746367592));
#2317=DIRECTION('',(0.,-0.680795746367593,-0.732473311273381));
#2318=DIRECTION('',(0.,-0.680795746367593,-0.732473311273381));
#2319=DIRECTION('',(0.,-0.680795746367593,-0.732473311273381));
#2320=DIRECTION('',(0.,-0.680795746367593,-0.732473311273381));
#2321=DIRECTION('',(0.,-0.680795746367593,-0.732473311273381));
#2322=DIRECTION('center_axis',(-1.,0.,0.));
#2323=DIRECTION('ref_axis',(0.,0.732473311273383,-0.680795746367591));
#2324=DIRECTION('',(0.,0.732473311273383,-0.680795746367592));
#2325=DIRECTION('',(0.,0.732473311273383,-0.680795746367592));
#2326=DIRECTION('center_axis',(1.,0.,0.));
#2327=DIRECTION('ref_axis',(0.,-0.732473311273383,0.680795746367591));
#2328=DIRECTION('',(0.,-0.732473311273383,0.680795746367592));
#2329=DIRECTION('',(0.,-0.680795746367593,-0.732473311273381));
#2330=DIRECTION('',(0.,-0.732473311273383,0.680795746367592));
#2331=DIRECTION('',(0.,-0.680795746367593,-0.732473311273381));
#2332=DIRECTION('center_axis',(0.,0.732473311273381,-0.680795746367593));
#2333=DIRECTION('ref_axis',(1.,0.,0.));
#2334=DIRECTION('',(1.,0.,0.));
#2335=DIRECTION('',(0.,-0.680795746367593,-0.732473311273381));
#2336=DIRECTION('',(1.,0.,0.));
#2337=DIRECTION('center_axis',(1.,0.,0.));
#2338=DIRECTION('ref_axis',(0.,-0.732473311273383,0.680795746367591));
#2339=DIRECTION('',(0.,-0.732473311273383,0.680795746367592));
#2340=DIRECTION('',(0.,-0.680795746367593,-0.732473311273381));
#2341=DIRECTION('',(0.,-0.732473311273383,0.680795746367592));
#2342=DIRECTION('',(0.,-0.680795746367593,-0.732473311273381));
#2343=DIRECTION('',(0.,-0.680795746367593,-0.732473311273381));
#2344=DIRECTION('',(0.,-0.680795746367593,-0.732473311273381));
#2345=DIRECTION('',(0.,-0.680795746367593,-0.732473311273381));
#2346=DIRECTION('',(0.,-0.680795746367593,-0.732473311273381));
#2347=DIRECTION('',(0.,-0.680795746367593,-0.732473311273381));
#2348=DIRECTION('center_axis',(-1.,0.,0.));
#2349=DIRECTION('ref_axis',(0.,0.732473311273383,-0.680795746367591));
#2350=DIRECTION('',(0.,0.732473311273383,-0.680795746367592));
#2351=DIRECTION('',(0.,-0.680795746367593,-0.732473311273381));
#2352=DIRECTION('',(0.,0.732473311273383,-0.680795746367592));
#2353=DIRECTION('center_axis',(0.,-0.732473311273381,0.680795746367593));
#2354=DIRECTION('ref_axis',(-1.,0.,0.));
#2355=DIRECTION('',(-1.,0.,0.));
#2356=DIRECTION('',(-1.,0.,0.));
#2357=DIRECTION('center_axis',(0.,0.680795746367592,0.732473311273383));
#2358=DIRECTION('ref_axis',(1.,0.,0.));
#2359=DIRECTION('center_axis',(0.,0.680795746367592,0.732473311273383));
#2360=DIRECTION('ref_axis',(0.,0.732473311273383,-0.680795746367592));
#2361=DIRECTION('center_axis',(0.,-0.680795746367592,-0.732473311273383));
#2362=DIRECTION('ref_axis',(-0.707106781186547,-0.517936845439574,0.481395288859481));
#2363=DIRECTION('',(1.,0.,0.));
#2364=DIRECTION('',(0.,0.732473311273383,-0.680795746367592));
#2365=DIRECTION('',(-1.,-1.00087228935279E-15,9.30258600226669E-16));
#2366=DIRECTION('center_axis',(0.,-0.680795746367592,-0.732473311273383));
#2367=DIRECTION('ref_axis',(-0.707106781186548,0.517936845439574,-0.481395288859481));
#2368=DIRECTION('',(0.,-0.732473311273383,0.680795746367592));
#2369=DIRECTION('center_axis',(0.,-0.680795746367592,-0.732473311273383));
#2370=DIRECTION('ref_axis',(0.,0.732473311273383,-0.680795746367592));
#2371=DIRECTION('center_axis',(0.,-0.680795746367592,-0.732473311273383));
#2372=DIRECTION('ref_axis',(0.,0.732473311273383,-0.680795746367592));
#2373=DIRECTION('center_axis',(0.,-0.680795746367592,-0.732473311273383));
#2374=DIRECTION('ref_axis',(0.,0.732473311273383,-0.680795746367592));
#2375=DIRECTION('center_axis',(-0.205787811993004,-0.716795918538306,0.666224427353095));
#2376=DIRECTION('ref_axis',(0.97859663622717,-0.150734080094472,0.140099467033038));
#2377=DIRECTION('center_axis',(0.122407495772362,-0.726965058310477,0.675676112478741));
#2378=DIRECTION('ref_axis',(0.99247992673844,0.0896602236974066,-0.0833345025052159));
#2379=DIRECTION('',(-6.53808616703944E-11,-0.680795746468398,-0.732473311179688));
#2380=DIRECTION('',(-6.53808616703944E-11,-0.680795746468398,-0.732473311179688));
#2381=DIRECTION('',(-6.53808616703944E-11,-0.680795746468398,-0.732473311179688));
#2382=DIRECTION('',(-6.53808616703944E-11,-0.680795746468398,-0.732473311179688));
#2383=DIRECTION('',(2.45196105649034E-12,-0.03654155651572,0.999332134301409));
#2384=DIRECTION('',(0.701789286344164,-0.417995936679132,-0.576863237251503));
#2385=DIRECTION('',(0.691972317116867,-0.587980379255463,-0.418871562599463));
#2386=DIRECTION('',(5.39719281485789E-15,-0.999332134223731,-0.036541558640041));
#2387=DIRECTION('center_axis',(1.,0.,0.));
#2388=DIRECTION('ref_axis',(0.,0.732473311273383,-0.680795746367591));
#2389=DIRECTION('',(0.,0.732473311273383,-0.680795746367592));
#2390=DIRECTION('',(0.,0.680795746367591,0.732473311273383));
#2391=DIRECTION('',(0.,0.680795746367591,0.732473311273383));
#2392=DIRECTION('',(0.,0.732473311273383,-0.680795746367592));
#2393=DIRECTION('',(-3.60049986464941E-16,-0.732473311273383,0.680795746367592));
#2394=DIRECTION('',(2.34771890388703E-16,-0.732473311273383,0.680795746367592));
#2395=DIRECTION('center_axis',(6.53808616703945E-11,0.680795746468399,0.732473311179687));
#2396=DIRECTION('ref_axis',(-1.29246970711411E-26,0.732473311179687,-0.680795746468399));
#2397=DIRECTION('center_axis',(0.,0.680795746367592,0.732473311273383));
#2398=DIRECTION('ref_axis',(0.,0.732473311273383,-0.680795746367592));
#2399=DIRECTION('',(-1.,0.,0.));
#2400=DIRECTION('center_axis',(0.,0.680795746367592,0.732473311273383));
#2401=DIRECTION('ref_axis',(-0.707106781186547,-0.517936845439574,0.481395288859481));
#2402=DIRECTION('',(0.,0.732473311273383,-0.680795746367592));
#2403=DIRECTION('center_axis',(0.,0.680795746367592,0.732473311273383));
#2404=DIRECTION('ref_axis',(-0.707106781186548,0.517936845439574,-0.481395288859481));
#2405=DIRECTION('',(-1.,-1.00087228935279E-15,9.30258600226669E-16));
#2406=DIRECTION('center_axis',(0.,-0.680795746367592,-0.732473311273383));
#2407=DIRECTION('ref_axis',(0.,0.732473311273383,-0.680795746367592));
#2408=DIRECTION('center_axis',(0.,-0.680795746367592,-0.732473311273383));
#2409=DIRECTION('ref_axis',(0.,0.732473311273383,-0.680795746367592));
#2410=DIRECTION('center_axis',(0.,-0.680795746367592,-0.732473311273383));
#2411=DIRECTION('ref_axis',(0.,0.732473311273383,-0.680795746367592));
#2412=DIRECTION('center_axis',(0.,0.680795746367591,0.732473311273383));
#2413=DIRECTION('ref_axis',(-0.707106781186547,-0.517936845439575,0.481395288859481));
#2414=DIRECTION('',(0.,-0.680795746367591,-0.732473311273383));
#2415=DIRECTION('',(0.,0.680795746367591,0.732473311273383));
#2416=DIRECTION('center_axis',(0.,-0.732473311273383,0.680795746367591));
#2417=DIRECTION('ref_axis',(1.,0.,0.));
#2418=DIRECTION('center_axis',(0.,0.680795746367591,0.732473311273383));
#2419=DIRECTION('ref_axis',(-0.707106781186548,0.517936845439574,-0.48139528885948));
#2420=DIRECTION('',(0.,-0.680795746367591,-0.732473311273383));
#2421=DIRECTION('',(0.,0.680795746367591,0.732473311273383));
#2422=DIRECTION('center_axis',(-1.36642833800019E-15,0.732473311273383,
-0.680795746367591));
#2423=DIRECTION('ref_axis',(-1.,-1.00087228935279E-15,9.30258600226664E-16));
#2424=DIRECTION('center_axis',(0.,0.680795746367591,0.732473311273383));
#2425=DIRECTION('ref_axis',(0.,0.732473311273383,-0.680795746367591));
#2426=DIRECTION('',(0.,0.680795746367591,0.732473311273383));
#2427=DIRECTION('center_axis',(0.,0.680795746367591,0.732473311273383));
#2428=DIRECTION('ref_axis',(0.,0.732473311273383,-0.680795746367591));
#2429=DIRECTION('',(0.,0.680795746367591,0.732473311273383));
#2430=DIRECTION('center_axis',(0.,0.680795746367591,0.732473311273383));
#2431=DIRECTION('ref_axis',(0.,0.732473311273383,-0.680795746367591));
#2432=DIRECTION('',(0.,0.680795746367591,0.732473311273383));
#2433=DIRECTION('center_axis',(-1.,0.,0.));
#2434=DIRECTION('ref_axis',(0.,-0.732473311273383,0.680795746367591));
#2435=DIRECTION('center_axis',(0.,0.680795746367592,0.732473311273383));
#2436=DIRECTION('ref_axis',(0.,0.732473311273383,-0.680795746367592));
#2437=CARTESIAN_POINT('',(0.,0.,0.));
#2438=CARTESIAN_POINT('Origin',(-4.3967597520673,-40.3302275690874,-84.9919621224717));
#2439=CARTESIAN_POINT('',(-4.3967597520673,-40.3302275690874,-84.9919621224717));
#2440=CARTESIAN_POINT('',(-4.3967597520673,-40.6000337852601,-84.7411913141885));
#2441=CARTESIAN_POINT('',(-4.3967597520673,-39.2586534816951,-85.9879343570725));
#2442=CARTESIAN_POINT('',(-4.3967597520673,-40.6706254422711,-85.3581987781084));
#2443=CARTESIAN_POINT('',(-4.3967597520673,-40.3302275690874,-84.9919621224717));
#2444=CARTESIAN_POINT('',(-4.3967597520673,-40.9404316584439,-85.1074279698252));
#2445=CARTESIAN_POINT('',(-4.3967597520673,-40.1370093635032,-85.8541670967178));
#2446=CARTESIAN_POINT('',(-4.3967597520673,-40.6000337852601,-84.7411913141885));
#2447=CARTESIAN_POINT('Origin',(-4.82036131981251,-40.3302275690874,-84.9919621224717));
#2448=CARTESIAN_POINT('',(-4.82036131981251,-40.3302275690874,-84.9919621224717));
#2449=CARTESIAN_POINT('',(-5.66018065990625,-40.3302275690874,-84.9919621224717));
#2450=CARTESIAN_POINT('',(-4.82036131981251,-40.6706254422711,-85.3581987781084));
#2451=CARTESIAN_POINT('',(-4.82036131981251,-40.3302275690874,-84.9919621224717));
#2452=CARTESIAN_POINT('',(-3.63806258502838,-40.6706254422711,-85.3581987781084));
#2453=CARTESIAN_POINT('Origin',(-4.82036131981251,-40.6000337852601,-84.7411913141885));
#2454=CARTESIAN_POINT('',(-4.82036131981251,-40.6000337852601,-84.7411913141885));
#2455=CARTESIAN_POINT('',(-4.82036131981251,-39.3935565897814,-85.8625489529309));
#2456=CARTESIAN_POINT('',(-4.82036131981251,-40.9404316584439,-85.1074279698252));
#2457=CARTESIAN_POINT('',(-4.82036131981251,-40.6000337852601,-84.7411913141885));
#2458=CARTESIAN_POINT('',(-4.82036131981251,-40.0021062554169,-85.9795525008595));
#2459=CARTESIAN_POINT('Origin',(-4.3967597520673,-40.6000337852601,-84.7411913141885));
#2460=CARTESIAN_POINT('',(-5.44837987603365,-40.6000337852601,-84.7411913141885));
#2461=CARTESIAN_POINT('',(-3.84986336890099,-40.9404316584439,-85.1074279698252));
#2462=CARTESIAN_POINT('Origin',(-2.87936541798947,-39.3335870685626,-86.6009062236106));
#2463=CARTESIAN_POINT('Ctrl Pts',(-0.938369516166421,-36.5154708042655,
-88.5375796063399));
#2464=CARTESIAN_POINT('Ctrl Pts',(-0.938369516166421,-37.0056437416502,
-89.0649603904568));
#2465=CARTESIAN_POINT('Ctrl Pts',(-0.941106613725681,-36.5479735267393,
-88.5073700207277));
#2466=CARTESIAN_POINT('Ctrl Pts',(-0.941106613725681,-37.038146464124,-89.0347508048447));
#2467=CARTESIAN_POINT('Ctrl Pts',(-0.943344194474707,-36.5745445438564,
-88.4826736459226));
#2468=CARTESIAN_POINT('Ctrl Pts',(-0.943344194474707,-37.0647174812411,
-89.0100544300395));
#2469=CARTESIAN_POINT('Ctrl Pts',(-0.958807061223945,-36.6326778353935,
-88.4286417829295));
#2470=CARTESIAN_POINT('Ctrl Pts',(-0.958807061223945,-37.1228507727782,
-88.9560225670465));
#2471=CARTESIAN_POINT('Ctrl Pts',(-0.971098429829466,-36.661011892927,-88.402306753995));
#2472=CARTESIAN_POINT('Ctrl Pts',(-0.971098429829466,-37.1511848303117,
-88.929687538112));
#2473=CARTESIAN_POINT('Ctrl Pts',(-0.983389798434945,-36.6893459504605,
-88.3759717250605));
#2474=CARTESIAN_POINT('Ctrl Pts',(-0.983389798434945,-37.1795188878452,
-88.9033525091774));
#2475=CARTESIAN_POINT('',(-0.938369516166421,-36.5154708042655,-88.5375796063399));
#2476=CARTESIAN_POINT('',(-0.983389798434945,-36.6893459504605,-88.3759717250605));
#2477=CARTESIAN_POINT('Ctrl Pts',(-0.938369516166421,-36.5154708042655,
-88.5375796063399));
#2478=CARTESIAN_POINT('Ctrl Pts',(-0.941106613725681,-36.5479735267393,
-88.5073700207277));
#2479=CARTESIAN_POINT('Ctrl Pts',(-0.943344194474707,-36.5745445438564,
-88.4826736459226));
#2480=CARTESIAN_POINT('Ctrl Pts',(-0.958807061223945,-36.6326778353935,
-88.4286417829295));
#2481=CARTESIAN_POINT('Ctrl Pts',(-0.971098429829466,-36.661011892927,-88.402306753995));
#2482=CARTESIAN_POINT('Ctrl Pts',(-0.983389798434945,-36.6893459504605,
-88.3759717250605));
#2483=CARTESIAN_POINT('',(-0.938369516166421,-36.8558686774493,-88.9038162619766));
#2484=CARTESIAN_POINT('',(-0.938369516166421,-36.5154708042655,-88.5375796063399));
#2485=CARTESIAN_POINT('',(-0.983389798434945,-37.0297438236443,-88.7422083806972));
#2486=CARTESIAN_POINT('Ctrl Pts',(-0.938369516166421,-36.8558686774493,
-88.9038162619766));
#2487=CARTESIAN_POINT('Ctrl Pts',(-0.941106613725681,-36.8883713999231,
-88.8736066763644));
#2488=CARTESIAN_POINT('Ctrl Pts',(-0.943344194474707,-36.9149424170402,
-88.8489103015593));
#2489=CARTESIAN_POINT('Ctrl Pts',(-0.958807061223945,-36.9730757085773,
-88.7948784385662));
#2490=CARTESIAN_POINT('Ctrl Pts',(-0.971098429829466,-37.0014097661108,
-88.7685434096316));
#2491=CARTESIAN_POINT('Ctrl Pts',(-0.983389798434945,-37.0297438236443,
-88.7422083806972));
#2492=CARTESIAN_POINT('',(-0.983389798434945,-36.6893459504605,-88.3759717250605));
#2493=CARTESIAN_POINT('Ctrl Pts',(-1.02431762579319,-36.2936303413757,-88.7437687482282));
#2494=CARTESIAN_POINT('Ctrl Pts',(-1.02431762579319,-36.7838032787605,-89.2711495323452));
#2495=CARTESIAN_POINT('Ctrl Pts',(-0.99669899202952,-36.3302408087046,-88.7097412279808));
#2496=CARTESIAN_POINT('Ctrl Pts',(-0.99669899202952,-36.8204137460894,-89.2371220120978));
#2497=CARTESIAN_POINT('Ctrl Pts',(-0.97234530446984,-36.3625233571599,-88.6797362826375));
#2498=CARTESIAN_POINT('Ctrl Pts',(-0.97234530446984,-36.8526962945447,-89.2071170667545));
#2499=CARTESIAN_POINT('Ctrl Pts',(-0.944198415088097,-36.4366783932164,
-88.6108130436033));
#2500=CARTESIAN_POINT('Ctrl Pts',(-0.944198415088097,-36.9268513306012,
-89.1381938277203));
#2501=CARTESIAN_POINT('Ctrl Pts',(-0.941283965627258,-36.476074598741,-88.5741963249716));
#2502=CARTESIAN_POINT('Ctrl Pts',(-0.941283965627258,-36.9662475361258,
-89.1015771090886));
#2503=CARTESIAN_POINT('Ctrl Pts',(-0.938369516166421,-36.5154708042655,
-88.5375796063399));
#2504=CARTESIAN_POINT('Ctrl Pts',(-0.938369516166421,-37.0056437416503,
-89.0649603904569));
#2505=CARTESIAN_POINT('',(-1.02431762579319,-36.2936303413757,-88.7437687482282));
#2506=CARTESIAN_POINT('Ctrl Pts',(-1.02431762579319,-36.2936303413757,-88.7437687482282));
#2507=CARTESIAN_POINT('Ctrl Pts',(-0.99669899202952,-36.3302408087046,-88.7097412279808));
#2508=CARTESIAN_POINT('Ctrl Pts',(-0.97234530446984,-36.3625233571599,-88.6797362826375));
#2509=CARTESIAN_POINT('Ctrl Pts',(-0.944198415088097,-36.4366783932164,
-88.6108130436033));
#2510=CARTESIAN_POINT('Ctrl Pts',(-0.941283965627258,-36.476074598741,-88.5741963249716));
#2511=CARTESIAN_POINT('Ctrl Pts',(-0.938369516166421,-36.5154708042655,
-88.5375796063399));
#2512=CARTESIAN_POINT('',(-1.02431762579319,-36.6340282145595,-89.1100054038649));
#2513=CARTESIAN_POINT('',(-1.02431762579319,-36.2936303413757,-88.7437687482282));
#2514=CARTESIAN_POINT('Ctrl Pts',(-1.02431762579319,-36.6340282145595,-89.1100054038649));
#2515=CARTESIAN_POINT('Ctrl Pts',(-0.99669899202952,-36.6706386818884,-89.0759778836175));
#2516=CARTESIAN_POINT('Ctrl Pts',(-0.97234530446984,-36.7029212303436,-89.0459729382742));
#2517=CARTESIAN_POINT('Ctrl Pts',(-0.944198415088097,-36.7770762664002,
-88.97704969924));
#2518=CARTESIAN_POINT('Ctrl Pts',(-0.941283965627258,-36.8164724719248,
-88.9404329806083));
#2519=CARTESIAN_POINT('Ctrl Pts',(-0.938369516166421,-36.8558686774493,
-88.9038162619766));
#2520=CARTESIAN_POINT('Ctrl Pts',(-1.29034746054051,-36.1287489103551,-88.8970174402505));
#2521=CARTESIAN_POINT('Ctrl Pts',(-1.29034746054051,-36.6189218477399,-89.4243982243674));
#2522=CARTESIAN_POINT('Ctrl Pts',(-1.23918225960182,-36.1504359753409,-88.8768604442667));
#2523=CARTESIAN_POINT('Ctrl Pts',(-1.23918225960182,-36.6406089127257,-89.4042412283836));
#2524=CARTESIAN_POINT('Ctrl Pts',(-1.18801705866314,-36.1721230403268,-88.856703448283));
#2525=CARTESIAN_POINT('Ctrl Pts',(-1.18801705866314,-36.6622959777116,-89.3840842323999));
#2526=CARTESIAN_POINT('Ctrl Pts',(-1.09818570813634,-36.2268192206042,-88.8058662009698));
#2527=CARTESIAN_POINT('Ctrl Pts',(-1.09818570813634,-36.716992157989,-89.3332469850867));
#2528=CARTESIAN_POINT('Ctrl Pts',(-1.0654529310724,-36.2564248831886,-88.7783492814512));
#2529=CARTESIAN_POINT('Ctrl Pts',(-1.0654529310724,-36.7465978205734,-89.3057300655681));
#2530=CARTESIAN_POINT('Ctrl Pts',(-1.02431762579319,-36.2936303413757,-88.7437687482282));
#2531=CARTESIAN_POINT('Ctrl Pts',(-1.02431762579319,-36.7838032787605,-89.2711495323451));
#2532=CARTESIAN_POINT('',(-1.29034746054051,-36.1287489103551,-88.8970174402505));
#2533=CARTESIAN_POINT('Ctrl Pts',(-1.29034746054051,-36.1287489103551,-88.8970174402505));
#2534=CARTESIAN_POINT('Ctrl Pts',(-1.23918225960182,-36.1504359753409,-88.8768604442667));
#2535=CARTESIAN_POINT('Ctrl Pts',(-1.18801705866314,-36.1721230403268,-88.856703448283));
#2536=CARTESIAN_POINT('Ctrl Pts',(-1.09818570813634,-36.2268192206042,-88.8058662009698));
#2537=CARTESIAN_POINT('Ctrl Pts',(-1.0654529310724,-36.2564248831886,-88.7783492814512));
#2538=CARTESIAN_POINT('Ctrl Pts',(-1.02431762579319,-36.2936303413757,-88.7437687482282));
#2539=CARTESIAN_POINT('',(-1.29034746054051,-36.4691467835389,-89.2632540958871));
#2540=CARTESIAN_POINT('',(-1.29034746054051,-36.1287489103551,-88.8970174402505));
#2541=CARTESIAN_POINT('Ctrl Pts',(-1.29034746054051,-36.4691467835389,-89.2632540958871));
#2542=CARTESIAN_POINT('Ctrl Pts',(-1.23918225960182,-36.4908338485247,-89.2430970999034));
#2543=CARTESIAN_POINT('Ctrl Pts',(-1.18801705866314,-36.5125209135105,-89.2229401039197));
#2544=CARTESIAN_POINT('Ctrl Pts',(-1.09818570813634,-36.567217093788,-89.1721028566065));
#2545=CARTESIAN_POINT('Ctrl Pts',(-1.0654529310724,-36.5968227563724,-89.1445859370879));
#2546=CARTESIAN_POINT('Ctrl Pts',(-1.02431762579319,-36.6340282145595,-89.1100054038649));
#2547=CARTESIAN_POINT('Ctrl Pts',(-1.7835264242017,-35.9773576155079,-89.0377277541729));
#2548=CARTESIAN_POINT('Ctrl Pts',(-1.7835264242017,-36.4675305528927,-89.5651085382898));
#2549=CARTESIAN_POINT('Ctrl Pts',(-1.69982636085397,-36.0000094080459,-89.0166740942373));
#2550=CARTESIAN_POINT('Ctrl Pts',(-1.69982636085397,-36.4901823454307,-89.5440548783542));
#2551=CARTESIAN_POINT('Ctrl Pts',(-1.61612629750606,-36.0226612005839,-88.9956204343016));
#2552=CARTESIAN_POINT('Ctrl Pts',(-1.61612629750606,-36.5128341379687,-89.5230012184185));
#2553=CARTESIAN_POINT('Ctrl Pts',(-1.44612734681256,-36.0741374226351,-88.9477759702479));
#2554=CARTESIAN_POINT('Ctrl Pts',(-1.44612734681256,-36.5643103600199,-89.4751567543648));
#2555=CARTESIAN_POINT('Ctrl Pts',(-1.38231020346675,-36.0965096891938,-88.9269821151336));
#2556=CARTESIAN_POINT('Ctrl Pts',(-1.38231020346675,-36.5866826265786,-89.4543628992505));
#2557=CARTESIAN_POINT('Ctrl Pts',(-1.29034746054051,-36.1287489103551,-88.8970174402505));
#2558=CARTESIAN_POINT('Ctrl Pts',(-1.29034746054051,-36.6189218477399,-89.4243982243674));
#2559=CARTESIAN_POINT('',(-1.7835264242017,-35.9773576155079,-89.0377277541729));
#2560=CARTESIAN_POINT('Ctrl Pts',(-1.7835264242017,-35.9773576155079,-89.0377277541729));
#2561=CARTESIAN_POINT('Ctrl Pts',(-1.69982636085397,-36.0000094080459,-89.0166740942373));
#2562=CARTESIAN_POINT('Ctrl Pts',(-1.61612629750606,-36.0226612005839,-88.9956204343016));
#2563=CARTESIAN_POINT('Ctrl Pts',(-1.44612734681256,-36.0741374226351,-88.9477759702479));
#2564=CARTESIAN_POINT('Ctrl Pts',(-1.38231020346675,-36.0965096891938,-88.9269821151336));
#2565=CARTESIAN_POINT('Ctrl Pts',(-1.29034746054051,-36.1287489103551,-88.8970174402505));
#2566=CARTESIAN_POINT('',(-1.7835264242017,-36.3177554886917,-89.4039644098096));
#2567=CARTESIAN_POINT('',(-1.7835264242017,-35.9773576155079,-89.0377277541729));
#2568=CARTESIAN_POINT('Ctrl Pts',(-1.7835264242017,-36.3177554886917,-89.4039644098096));
#2569=CARTESIAN_POINT('Ctrl Pts',(-1.69982636085397,-36.3404072812297,-89.382910749874));
#2570=CARTESIAN_POINT('Ctrl Pts',(-1.61612629750606,-36.3630590737677,-89.3618570899383));
#2571=CARTESIAN_POINT('Ctrl Pts',(-1.44612734681256,-36.4145352958189,-89.3140126258846));
#2572=CARTESIAN_POINT('Ctrl Pts',(-1.38231020346675,-36.4369075623776,-89.2932187707702));
#2573=CARTESIAN_POINT('Ctrl Pts',(-1.29034746054051,-36.4691467835389,-89.2632540958871));
#2574=CARTESIAN_POINT('Origin',(-3.99362179997798,-35.3717933092952,-89.6005681982908));
#2575=CARTESIAN_POINT('',(-3.99362179997799,-35.3717933092952,-89.6005681982908));
#2576=CARTESIAN_POINT('',(-4.46233965243857,-35.2433650051388,-89.7199356098226));
#2577=CARTESIAN_POINT('',(-3.99362179997799,-35.712191182479,-89.9668048539275));
#2578=CARTESIAN_POINT('',(-3.99362179997799,-35.3717933092952,-89.6005681982908));
#2579=CARTESIAN_POINT('',(-1.5886263338874,-36.3711579523435,-89.3543296046363));
#2580=CARTESIAN_POINT('Origin',(-3.99362179997799,-35.6415990888798,-89.3497977957934));
#2581=CARTESIAN_POINT('',(-3.99362179997799,-35.6415990888798,-89.3497977957934));
#2582=CARTESIAN_POINT('',(-3.99362179997799,-36.9143392415913,-88.1668521937334));
#2583=CARTESIAN_POINT('',(-3.99362179997799,-35.9819969620636,-89.7160344514301));
#2584=CARTESIAN_POINT('',(-3.99362179997799,-35.6415990888798,-89.3497977957934));
#2585=CARTESIAN_POINT('',(-3.99362179997799,-37.5228891255208,-88.283855538769));
#2586=CARTESIAN_POINT('Origin',(-2.72690970066425,-35.9818544730951,-89.0335481595443));
#2587=CARTESIAN_POINT('',(-2.72690970066425,-35.9818544730951,-89.0335481595443));
#2588=CARTESIAN_POINT('',(-3.90322463752584,-35.6658809452375,-89.3272290765407));
#2589=CARTESIAN_POINT('',(-2.72690970066425,-36.3222523462789,-89.399784815181));
#2590=CARTESIAN_POINT('',(-2.72690970066425,-35.9818544730951,-89.0335481595443));
#2591=CARTESIAN_POINT('',(-2.76298929466213,-36.3125608969553,-89.408792511945));
#2592=CARTESIAN_POINT('Ctrl Pts',(-2.23168450954792,-36.092774922834,-88.9304533857072));
#2593=CARTESIAN_POINT('Ctrl Pts',(-2.23168450954792,-36.5829478602188,-89.4578341698241));
#2594=CARTESIAN_POINT('Ctrl Pts',(-2.31521051425062,-36.0766549774525,-88.9454360343286));
#2595=CARTESIAN_POINT('Ctrl Pts',(-2.31521051425062,-36.5668279148373,-89.4728168184454));
#2596=CARTESIAN_POINT('Ctrl Pts',(-2.39873651895304,-36.0605350320711,-88.96041868295));
#2597=CARTESIAN_POINT('Ctrl Pts',(-2.39873651895304,-36.5507079694559,-89.4877994670668));
#2598=CARTESIAN_POINT('Ctrl Pts',(-2.56382052052258,-36.0235746541428,-88.9947714268527));
#2599=CARTESIAN_POINT('Ctrl Pts',(-2.56382052052258,-36.5137475915276,-89.5221522109695));
#2600=CARTESIAN_POINT('Ctrl Pts',(-2.64466151274303,-36.0028945524427,-89.0139925029728));
#2601=CARTESIAN_POINT('Ctrl Pts',(-2.64466151274303,-36.4930674898275,-89.5413732870896));
#2602=CARTESIAN_POINT('Ctrl Pts',(-2.72690970066425,-35.9818544730951,-89.0335481595443));
#2603=CARTESIAN_POINT('Ctrl Pts',(-2.72690970066425,-36.4720274104799,-89.5609289436611));
#2604=CARTESIAN_POINT('',(-2.23168450954792,-36.092774922834,-88.9304533857072));
#2605=CARTESIAN_POINT('Ctrl Pts',(-2.23168450954792,-36.092774922834,-88.9304533857072));
#2606=CARTESIAN_POINT('Ctrl Pts',(-2.31521051425062,-36.0766549774525,-88.9454360343286));
#2607=CARTESIAN_POINT('Ctrl Pts',(-2.39873651895304,-36.0605350320711,-88.96041868295));
#2608=CARTESIAN_POINT('Ctrl Pts',(-2.56382052052258,-36.0235746541428,-88.9947714268527));
#2609=CARTESIAN_POINT('Ctrl Pts',(-2.64466151274303,-36.0028945524427,-89.0139925029728));
#2610=CARTESIAN_POINT('Ctrl Pts',(-2.72690970066425,-35.9818544730951,-89.0335481595443));
#2611=CARTESIAN_POINT('',(-2.23168450954792,-36.4331727960178,-89.2966900413439));
#2612=CARTESIAN_POINT('',(-2.23168450954792,-36.092774922834,-88.9304533857072));
#2613=CARTESIAN_POINT('Ctrl Pts',(-2.23168450954792,-36.4331727960178,-89.2966900413439));
#2614=CARTESIAN_POINT('Ctrl Pts',(-2.31521051425062,-36.4170528506363,-89.3116726899653));
#2615=CARTESIAN_POINT('Ctrl Pts',(-2.39873651895304,-36.4009329052549,-89.3266553385867));
#2616=CARTESIAN_POINT('Ctrl Pts',(-2.56382052052258,-36.3639725273266,-89.3610080824894));
#2617=CARTESIAN_POINT('Ctrl Pts',(-2.64466151274303,-36.3432924256265,-89.3802291586094));
#2618=CARTESIAN_POINT('Ctrl Pts',(-2.72690970066425,-36.3222523462789,-89.399784815181));
#2619=CARTESIAN_POINT('Ctrl Pts',(-2.73509520653126,-36.208191793572,-88.8231794230274));
#2620=CARTESIAN_POINT('Ctrl Pts',(-2.73509520653126,-36.6983647309568,-89.3505602071444));
#2621=CARTESIAN_POINT('Ctrl Pts',(-2.64953989499663,-36.1860972956701,-88.8437151066602));
#2622=CARTESIAN_POINT('Ctrl Pts',(-2.64953989499663,-36.6762702330549,-89.3710958907772));
#2623=CARTESIAN_POINT('Ctrl Pts',(-2.56921176736981,-36.1653527081573,-88.8629961189804));
#2624=CARTESIAN_POINT('Ctrl Pts',(-2.56921176736981,-36.6555256455421,-89.3903769030974));
#2625=CARTESIAN_POINT('Ctrl Pts',(-2.40134077954816,-36.1269177711784,-88.8987193886264));
#2626=CARTESIAN_POINT('Ctrl Pts',(-2.40134077954816,-36.6170907085632,-89.4261001727434));
#2627=CARTESIAN_POINT('Ctrl Pts',(-2.31651264454779,-36.1098463470062,-88.9145863871668));
#2628=CARTESIAN_POINT('Ctrl Pts',(-2.31651264454779,-36.600019284391,-89.4419671712838));
#2629=CARTESIAN_POINT('Ctrl Pts',(-2.23168450954792,-36.092774922834,-88.9304533857072));
#2630=CARTESIAN_POINT('Ctrl Pts',(-2.23168450954792,-36.5829478602188,-89.4578341698242));
#2631=CARTESIAN_POINT('',(-2.73509520653126,-36.208191793572,-88.8231794230274));
#2632=CARTESIAN_POINT('Ctrl Pts',(-2.73509520653126,-36.208191793572,-88.8231794230274));
#2633=CARTESIAN_POINT('Ctrl Pts',(-2.64953989499663,-36.1860972956701,-88.8437151066602));
#2634=CARTESIAN_POINT('Ctrl Pts',(-2.56921176736981,-36.1653527081573,-88.8629961189804));
#2635=CARTESIAN_POINT('Ctrl Pts',(-2.40134077954816,-36.1269177711784,-88.8987193886264));
#2636=CARTESIAN_POINT('Ctrl Pts',(-2.31651264454779,-36.1098463470062,-88.9145863871668));
#2637=CARTESIAN_POINT('Ctrl Pts',(-2.23168450954792,-36.092774922834,-88.9304533857072));
#2638=CARTESIAN_POINT('',(-2.73509520653126,-36.5485896667558,-89.1894160786641));
#2639=CARTESIAN_POINT('',(-2.73509520653126,-36.208191793572,-88.8231794230274));
#2640=CARTESIAN_POINT('Ctrl Pts',(-2.73509520653126,-36.5485896667558,-89.1894160786641));
#2641=CARTESIAN_POINT('Ctrl Pts',(-2.64953989499663,-36.5264951688539,-89.2099517622969));
#2642=CARTESIAN_POINT('Ctrl Pts',(-2.56921176736981,-36.505750581341,-89.2292327746171));
#2643=CARTESIAN_POINT('Ctrl Pts',(-2.40134077954816,-36.4673156443622,-89.2649560442631));
#2644=CARTESIAN_POINT('Ctrl Pts',(-2.31651264454779,-36.45024422019,-89.2808230428035));
#2645=CARTESIAN_POINT('Ctrl Pts',(-2.23168450954792,-36.4331727960178,-89.2966900413439));
#2646=CARTESIAN_POINT('Origin',(-3.99362179997799,-36.5394534626129,-88.5152889760354));
#2647=CARTESIAN_POINT('',(-3.99362179997799,-36.5394534626129,-88.5152889760354));
#2648=CARTESIAN_POINT('',(-5.4614302586616,-36.9258010236321,-88.1561990650268));
#2649=CARTESIAN_POINT('',(-3.99362179997799,-36.8798513357967,-88.8815256316721));
#2650=CARTESIAN_POINT('',(-3.99362179997799,-36.5394534626129,-88.5152889760354));
#2651=CARTESIAN_POINT('',(-3.4040083448378,-36.7246568899616,-89.0257707761139));
#2652=CARTESIAN_POINT('Origin',(-3.99362179997799,-36.8302447231337,-88.2450136633428));
#2653=CARTESIAN_POINT('',(-3.99362179997799,-36.8302447231337,-88.2450136633428));
#2654=CARTESIAN_POINT('',(-3.99362179997799,-37.5086620587182,-87.6144601275081));
#2655=CARTESIAN_POINT('',(-3.99362179997799,-37.1706425963175,-88.6112503189795));
#2656=CARTESIAN_POINT('',(-3.99362179997799,-36.8302447231337,-88.2450136633428));
#2657=CARTESIAN_POINT('',(-3.99362179997799,-38.1067192021796,-87.7412159276413));
#2658=CARTESIAN_POINT('Origin',(-1.81626844766972,-36.2261787873325,-88.806461450299));
#2659=CARTESIAN_POINT('',(-1.81626844766972,-36.2261787873326,-88.806461450299));
#2660=CARTESIAN_POINT('',(-4.30770356387416,-36.9173808301072,-88.1640251958183));
#2661=CARTESIAN_POINT('',(-1.81626844766972,-36.5665766605164,-89.1726981059357));
#2662=CARTESIAN_POINT('',(-1.81626844766972,-36.2261787873326,-88.806461450299));
#2663=CARTESIAN_POINT('',(-3.99545623795236,-37.1711515267997,-88.6107772946355));
#2664=CARTESIAN_POINT('Ctrl Pts',(-1.72622758510944,-36.25016144568,-88.7841708199945));
#2665=CARTESIAN_POINT('Ctrl Pts',(-1.72622758510944,-36.7403343830648,-89.3115516041115));
#2666=CARTESIAN_POINT('Ctrl Pts',(-1.74348824380312,-36.2457750461913,-88.7882477495806));
#2667=CARTESIAN_POINT('Ctrl Pts',(-1.74348824380312,-36.7359479835761,-89.3156285336976));
#2668=CARTESIAN_POINT('Ctrl Pts',(-1.75580162042392,-36.242645884676,-88.791156142032));
#2669=CARTESIAN_POINT('Ctrl Pts',(-1.75580162042392,-36.7328188220608,-89.318536926149));
#2670=CARTESIAN_POINT('Ctrl Pts',(-1.78639936503384,-36.2344655370025,-88.798759348612));
#2671=CARTESIAN_POINT('Ctrl Pts',(-1.78639936503384,-36.7246384743873,-89.326140132729));
#2672=CARTESIAN_POINT('Ctrl Pts',(-1.80133390635101,-36.2303221621677,-88.8026103994553));
#2673=CARTESIAN_POINT('Ctrl Pts',(-1.80133390635101,-36.7204950995525,-89.3299911835723));
#2674=CARTESIAN_POINT('Ctrl Pts',(-1.81626844766972,-36.2261787873326,-88.806461450299));
#2675=CARTESIAN_POINT('Ctrl Pts',(-1.81626844766972,-36.7163517247174,-89.333842234416));
#2676=CARTESIAN_POINT('',(-1.72622758510944,-36.25016144568,-88.7841708199945));
#2677=CARTESIAN_POINT('Ctrl Pts',(-1.72622758510944,-36.25016144568,-88.7841708199945));
#2678=CARTESIAN_POINT('Ctrl Pts',(-1.74348824380312,-36.2457750461913,-88.7882477495806));
#2679=CARTESIAN_POINT('Ctrl Pts',(-1.75580162042392,-36.242645884676,-88.791156142032));
#2680=CARTESIAN_POINT('Ctrl Pts',(-1.78639936503384,-36.2344655370025,-88.798759348612));
#2681=CARTESIAN_POINT('Ctrl Pts',(-1.80133390635101,-36.2303221621677,-88.8026103994553));
#2682=CARTESIAN_POINT('Ctrl Pts',(-1.81626844766972,-36.2261787873326,-88.806461450299));
#2683=CARTESIAN_POINT('',(-1.72622758510944,-36.5905593188638,-89.1504074756312));
#2684=CARTESIAN_POINT('',(-1.72622758510944,-36.25016144568,-88.7841708199945));
#2685=CARTESIAN_POINT('Ctrl Pts',(-1.72622758510944,-36.5905593188638,-89.1504074756312));
#2686=CARTESIAN_POINT('Ctrl Pts',(-1.74348824380312,-36.5861729193751,-89.1544844052173));
#2687=CARTESIAN_POINT('Ctrl Pts',(-1.75580162042392,-36.5830437578598,-89.1573927976687));
#2688=CARTESIAN_POINT('Ctrl Pts',(-1.78639936503384,-36.5748634101863,-89.1649960042486));
#2689=CARTESIAN_POINT('Ctrl Pts',(-1.80133390635101,-36.5707200353515,-89.168847055092));
#2690=CARTESIAN_POINT('Ctrl Pts',(-1.81626844766972,-36.5665766605164,-89.1726981059357));
#2691=CARTESIAN_POINT('Ctrl Pts',(-1.4520119464719,-36.3326023794843,-88.7075462710905));
#2692=CARTESIAN_POINT('Ctrl Pts',(-1.4520119464719,-36.8227753168691,-89.2349270552075));
#2693=CARTESIAN_POINT('Ctrl Pts',(-1.50183241783114,-36.3146655008306,-88.7242176644405));
#2694=CARTESIAN_POINT('Ctrl Pts',(-1.50183241783114,-36.8048384382154,-89.2515984485575));
#2695=CARTESIAN_POINT('Ctrl Pts',(-1.53628645285382,-36.3022610046772,-88.7357469967548));
#2696=CARTESIAN_POINT('Ctrl Pts',(-1.53628645285382,-36.792433942062,-89.2631277808718));
#2697=CARTESIAN_POINT('Ctrl Pts',(-1.63266938961555,-36.2739230818169,-88.762085618309));
#2698=CARTESIAN_POINT('Ctrl Pts',(-1.63266938961555,-36.7640960192017,-89.289466402426));
#2699=CARTESIAN_POINT('Ctrl Pts',(-1.6794484873626,-36.2620422637484,-88.7731282191518));
#2700=CARTESIAN_POINT('Ctrl Pts',(-1.6794484873626,-36.7522152011332,-89.3005090032688));
#2701=CARTESIAN_POINT('Ctrl Pts',(-1.72622758510944,-36.25016144568,-88.7841708199945));
#2702=CARTESIAN_POINT('Ctrl Pts',(-1.72622758510944,-36.7403343830648,-89.3115516041115));
#2703=CARTESIAN_POINT('',(-1.4520119464719,-36.3326023794843,-88.7075462710905));
#2704=CARTESIAN_POINT('Ctrl Pts',(-1.4520119464719,-36.3326023794843,-88.7075462710905));
#2705=CARTESIAN_POINT('Ctrl Pts',(-1.50183241783114,-36.3146655008306,-88.7242176644405));
#2706=CARTESIAN_POINT('Ctrl Pts',(-1.53628645285382,-36.3022610046772,-88.7357469967548));
#2707=CARTESIAN_POINT('Ctrl Pts',(-1.63266938961555,-36.2739230818169,-88.762085618309));
#2708=CARTESIAN_POINT('Ctrl Pts',(-1.6794484873626,-36.2620422637484,-88.7731282191518));
#2709=CARTESIAN_POINT('Ctrl Pts',(-1.72622758510944,-36.25016144568,-88.7841708199945));
#2710=CARTESIAN_POINT('',(-1.4520119464719,-36.6730002526681,-89.0737829267272));
#2711=CARTESIAN_POINT('',(-1.4520119464719,-36.3326023794843,-88.7075462710905));
#2712=CARTESIAN_POINT('Ctrl Pts',(-1.4520119464719,-36.6730002526681,-89.0737829267272));
#2713=CARTESIAN_POINT('Ctrl Pts',(-1.50183241783114,-36.6550633740144,-89.0904543200771));
#2714=CARTESIAN_POINT('Ctrl Pts',(-1.53628645285382,-36.642658877861,-89.1019836523915));
#2715=CARTESIAN_POINT('Ctrl Pts',(-1.63266938961555,-36.6143209550007,-89.1283222739457));
#2716=CARTESIAN_POINT('Ctrl Pts',(-1.6794484873626,-36.6024401369322,-89.1393648747885));
#2717=CARTESIAN_POINT('Ctrl Pts',(-1.72622758510944,-36.5905593188638,-89.1504074756312));
#2718=CARTESIAN_POINT('Ctrl Pts',(-1.33741426828739,-36.4210385412874,-88.6253494703962));
#2719=CARTESIAN_POINT('Ctrl Pts',(-1.33741426828739,-36.9112114786721,-89.1527302545131));
#2720=CARTESIAN_POINT('Ctrl Pts',(-1.35296276459668,-36.4033242412533,-88.6418139885261));
#2721=CARTESIAN_POINT('Ctrl Pts',(-1.35296276459668,-36.893497178638,-89.169194772643));
#2722=CARTESIAN_POINT('Ctrl Pts',(-1.36794971740489,-36.386249704053,-88.6576838804638));
#2723=CARTESIAN_POINT('Ctrl Pts',(-1.36794971740489,-36.8764226414377,-89.1850646645808));
#2724=CARTESIAN_POINT('Ctrl Pts',(-1.4062005643722,-36.3568017264096,-88.6850542400526));
#2725=CARTESIAN_POINT('Ctrl Pts',(-1.4062005643722,-36.8469746637943,-89.2124350241696));
#2726=CARTESIAN_POINT('Ctrl Pts',(-1.42910625542208,-36.344702052947,-88.6963002555715));
#2727=CARTESIAN_POINT('Ctrl Pts',(-1.42910625542208,-36.8348749903317,-89.2236810396884));
#2728=CARTESIAN_POINT('Ctrl Pts',(-1.4520119464719,-36.3326023794843,-88.7075462710905));
#2729=CARTESIAN_POINT('Ctrl Pts',(-1.4520119464719,-36.822775316869,-89.2349270552074));
#2730=CARTESIAN_POINT('',(-1.33741426828739,-36.4210385412874,-88.6253494703962));
#2731=CARTESIAN_POINT('Ctrl Pts',(-1.33741426828739,-36.4210385412874,-88.6253494703962));
#2732=CARTESIAN_POINT('Ctrl Pts',(-1.35296276459668,-36.4033242412533,-88.6418139885261));
#2733=CARTESIAN_POINT('Ctrl Pts',(-1.36794971740489,-36.386249704053,-88.6576838804638));
#2734=CARTESIAN_POINT('Ctrl Pts',(-1.4062005643722,-36.3568017264096,-88.6850542400526));
#2735=CARTESIAN_POINT('Ctrl Pts',(-1.42910625542208,-36.344702052947,-88.6963002555715));
#2736=CARTESIAN_POINT('Ctrl Pts',(-1.4520119464719,-36.3326023794843,-88.7075462710905));
#2737=CARTESIAN_POINT('',(-1.33741426828739,-36.7614364144712,-88.9915861260329));
#2738=CARTESIAN_POINT('',(-1.33741426828739,-36.4210385412874,-88.6253494703962));
#2739=CARTESIAN_POINT('Ctrl Pts',(-1.33741426828739,-36.7614364144712,-88.9915861260329));
#2740=CARTESIAN_POINT('Ctrl Pts',(-1.35296276459668,-36.7437221144371,-89.0080506441627));
#2741=CARTESIAN_POINT('Ctrl Pts',(-1.36794971740489,-36.7266475772368,-89.0239205361004));
#2742=CARTESIAN_POINT('Ctrl Pts',(-1.4062005643722,-36.6971995995934,-89.0512908956892));
#2743=CARTESIAN_POINT('Ctrl Pts',(-1.42910625542208,-36.6850999261308,-89.0625369112082));
#2744=CARTESIAN_POINT('Ctrl Pts',(-1.4520119464719,-36.6730002526681,-89.0737829267272));
#2745=CARTESIAN_POINT('Ctrl Pts',(-1.29648673895237,-36.5649353645481,-88.4916048769975));
#2746=CARTESIAN_POINT('Ctrl Pts',(-1.29648673895237,-37.0551083019328,-89.0189856611143));
#2747=CARTESIAN_POINT('Ctrl Pts',(-1.29733674866018,-36.5399851721118,-88.5147947797834));
#2748=CARTESIAN_POINT('Ctrl Pts',(-1.29733674866018,-37.0301581094965,-89.0421755639002));
#2749=CARTESIAN_POINT('Ctrl Pts',(-1.29818675836798,-36.5150349796754,-88.5379846825694));
#2750=CARTESIAN_POINT('Ctrl Pts',(-1.29818675836798,-37.0052079170601,-89.0653654666862));
#2751=CARTESIAN_POINT('Ctrl Pts',(-1.31123699423636,-36.4665745244332,-88.583026148638));
#2752=CARTESIAN_POINT('Ctrl Pts',(-1.31123699423636,-36.9567474618179,-89.1104069327548));
#2753=CARTESIAN_POINT('Ctrl Pts',(-1.32263212735932,-36.4467524226811,-88.6014497585487));
#2754=CARTESIAN_POINT('Ctrl Pts',(-1.32263212735932,-36.9369253600658,-89.1288305426655));
#2755=CARTESIAN_POINT('Ctrl Pts',(-1.33741426828739,-36.4210385412874,-88.6253494703962));
#2756=CARTESIAN_POINT('Ctrl Pts',(-1.33741426828739,-36.9112114786721,-89.152730254513));
#2757=CARTESIAN_POINT('',(-1.29648673895237,-36.5649353645481,-88.4916048769975));
#2758=CARTESIAN_POINT('Ctrl Pts',(-1.29648673895237,-36.5649353645481,-88.4916048769975));
#2759=CARTESIAN_POINT('Ctrl Pts',(-1.29733674866018,-36.5399851721118,-88.5147947797834));
#2760=CARTESIAN_POINT('Ctrl Pts',(-1.29818675836798,-36.5150349796754,-88.5379846825694));
#2761=CARTESIAN_POINT('Ctrl Pts',(-1.31123699423636,-36.4665745244332,-88.583026148638));
#2762=CARTESIAN_POINT('Ctrl Pts',(-1.32263212735932,-36.4467524226811,-88.6014497585487));
#2763=CARTESIAN_POINT('Ctrl Pts',(-1.33741426828739,-36.4210385412874,-88.6253494703962));
#2764=CARTESIAN_POINT('',(-1.29648673895237,-36.9053332377319,-88.8578415326341));
#2765=CARTESIAN_POINT('',(-1.29648673895237,-36.5649353645481,-88.4916048769975));
#2766=CARTESIAN_POINT('Ctrl Pts',(-1.29648673895237,-36.9053332377319,-88.8578415326341));
#2767=CARTESIAN_POINT('Ctrl Pts',(-1.29733674866018,-36.8803830452956,-88.8810314354201));
#2768=CARTESIAN_POINT('Ctrl Pts',(-1.29818675836798,-36.8554328528592,-88.9042213382061));
#2769=CARTESIAN_POINT('Ctrl Pts',(-1.31123699423636,-36.806972397617,-88.9492628042747));
#2770=CARTESIAN_POINT('Ctrl Pts',(-1.32263212735932,-36.7871502958649,-88.9676864141854));
#2771=CARTESIAN_POINT('Ctrl Pts',(-1.33741426828739,-36.7614364144712,-88.9915861260329));
#2772=CARTESIAN_POINT('Ctrl Pts',(-1.32922876242039,-36.7193242733947,-88.3481084371799));
#2773=CARTESIAN_POINT('Ctrl Pts',(-1.32922876242039,-37.2094972107795,-88.8754892212969));
#2774=CARTESIAN_POINT('Ctrl Pts',(-1.32042580105111,-36.6939599940925,-88.3716832121142));
#2775=CARTESIAN_POINT('Ctrl Pts',(-1.32042580105111,-37.1841329314773,-88.8990639962312));
#2776=CARTESIAN_POINT('Ctrl Pts',(-1.31162283968179,-36.6685957147902,-88.3952579870486));
#2777=CARTESIAN_POINT('Ctrl Pts',(-1.31162283968179,-37.158768652175,-88.9226387711656));
#2778=CARTESIAN_POINT('Ctrl Pts',(-1.30030774012981,-36.616868873919,-88.4433353882263));
#2779=CARTESIAN_POINT('Ctrl Pts',(-1.30030774012981,-37.1070418113038,-88.9707161723433));
#2780=CARTESIAN_POINT('Ctrl Pts',(-1.29861947443082,-36.5939226463658,-88.4646627101547));
#2781=CARTESIAN_POINT('Ctrl Pts',(-1.29861947443082,-37.0840955837506,-88.9920434942717));
#2782=CARTESIAN_POINT('Ctrl Pts',(-1.29648673895237,-36.5649353645481,-88.4916048769975));
#2783=CARTESIAN_POINT('Ctrl Pts',(-1.29648673895237,-37.0551083019329,-89.0189856611145));
#2784=CARTESIAN_POINT('',(-1.32922876242039,-36.7193242733947,-88.3481084371799));
#2785=CARTESIAN_POINT('Ctrl Pts',(-1.32922876242039,-36.7193242733947,-88.3481084371799));
#2786=CARTESIAN_POINT('Ctrl Pts',(-1.32042580105111,-36.6939599940925,-88.3716832121142));
#2787=CARTESIAN_POINT('Ctrl Pts',(-1.31162283968179,-36.6685957147902,-88.3952579870486));
#2788=CARTESIAN_POINT('Ctrl Pts',(-1.30030774012981,-36.616868873919,-88.4433353882263));
#2789=CARTESIAN_POINT('Ctrl Pts',(-1.29861947443082,-36.5939226463658,-88.4646627101547));
#2790=CARTESIAN_POINT('Ctrl Pts',(-1.29648673895237,-36.5649353645481,-88.4916048769975));
#2791=CARTESIAN_POINT('',(-1.32922876242039,-37.0597221465785,-88.7143450928166));
#2792=CARTESIAN_POINT('',(-1.32922876242039,-36.7193242733947,-88.3481084371799));
#2793=CARTESIAN_POINT('Ctrl Pts',(-1.32922876242039,-37.0597221465785,-88.7143450928166));
#2794=CARTESIAN_POINT('Ctrl Pts',(-1.32042580105111,-37.0343578672763,-88.7379198677509));
#2795=CARTESIAN_POINT('Ctrl Pts',(-1.31162283968179,-37.008993587974,-88.7614946426852));
#2796=CARTESIAN_POINT('Ctrl Pts',(-1.30030774012981,-36.9572667471028,-88.809572043863));
#2797=CARTESIAN_POINT('Ctrl Pts',(-1.29861947443082,-36.9343205195496,-88.8308993657913));
#2798=CARTESIAN_POINT('Ctrl Pts',(-1.29648673895237,-36.9053332377319,-88.8578415326341));
#2799=CARTESIAN_POINT('Origin',(-0.983389798434943,-36.6893459504605,-88.3759717250605));
#2800=CARTESIAN_POINT('',(-3.82291864163997,-36.9354845337531,-88.1471987473377));
#2801=CARTESIAN_POINT('',(-2.27474469408318,-37.1416822057119,-88.6381674918429));
#2802=CARTESIAN_POINT('Origin',(-2.87936541798947,-39.3335870685626,-86.6009062236106));
#2803=CARTESIAN_POINT('Origin',(-1.82036120060322,-37.9409454079941,-87.2126752967394));
#2804=CARTESIAN_POINT('',(-1.82036120060322,-37.9409454079941,-87.2126752967394));
#2805=CARTESIAN_POINT('',(-1.82036120060322,-38.2107516241668,-86.9619044884562));
#2806=CARTESIAN_POINT('',(-1.82036120060322,-38.0640124011484,-87.0982909442064));
#2807=CARTESIAN_POINT('',(-1.82036120060322,-38.2813432811779,-87.5789119523761));
#2808=CARTESIAN_POINT('',(-1.82036120060322,-37.9409454079941,-87.2126752967394));
#2809=CARTESIAN_POINT('',(-1.82036120060322,-38.5511494973506,-87.3281411440929));
#2810=CARTESIAN_POINT('',(-1.82036120060322,-38.9423682829566,-86.9645236838517));
#2811=CARTESIAN_POINT('',(-1.82036120060322,-38.2107516241668,-86.9619044884562));
#2812=CARTESIAN_POINT('Origin',(-2.68188912037251,-37.9409454079941,-87.2126752967394));
#2813=CARTESIAN_POINT('',(-2.68188912037251,-37.9409454079941,-87.2126752967394));
#2814=CARTESIAN_POINT('',(-4.59094456018625,-37.9409454079941,-87.2126752967394));
#2815=CARTESIAN_POINT('',(-2.68188912037251,-38.2813432811779,-87.5789119523761));
#2816=CARTESIAN_POINT('',(-2.68188912037251,-37.9409454079941,-87.2126752967394));
#2817=CARTESIAN_POINT('',(-2.34986330929634,-38.2813432811779,-87.5789119523761));
#2818=CARTESIAN_POINT('Origin',(-2.93154824140904,-37.7505825116264,-87.3896076820137));
#2819=CARTESIAN_POINT('',(-2.93154824140904,-37.7505825116264,-87.3896076820137));
#2820=CARTESIAN_POINT('',(-3.63898910265444,-37.2111650419324,-87.8909680909624));
#2821=CARTESIAN_POINT('',(-2.93154824140904,-38.0909803848102,-87.7558443376504));
#2822=CARTESIAN_POINT('',(-2.93154824140904,-37.7505825116264,-87.3896076820137));
#2823=CARTESIAN_POINT('',(-2.37042521706127,-38.5188317835092,-87.3581787738289));
#2824=CARTESIAN_POINT('Origin',(-1.82036120060322,-37.2244606520425,-87.8786105146944));
#2825=CARTESIAN_POINT('',(-1.82036120060322,-37.2244606520425,-87.8786105146944));
#2826=CARTESIAN_POINT('',(-3.77020524087354,-38.1476675782335,-87.0205378194923));
#2827=CARTESIAN_POINT('',(-1.82036120060322,-37.5648585252263,-88.2448471703311));
#2828=CARTESIAN_POINT('',(-1.82036120060322,-37.2244606520425,-87.8786105146944));
#2829=CARTESIAN_POINT('',(-3.29986073676771,-38.2653679972013,-87.5937601457653));
#2830=CARTESIAN_POINT('Origin',(-1.82036120060322,-36.8916997394138,-88.1878944304199));
#2831=CARTESIAN_POINT('',(-1.82036120060322,-36.8916997394138,-88.1878944304199));
#2832=CARTESIAN_POINT('',(-1.82036120060322,-37.5393895668583,-87.5859005110466));
#2833=CARTESIAN_POINT('',(-1.82036120060322,-37.2320976125976,-88.5541310860566));
#2834=CARTESIAN_POINT('',(-1.82036120060322,-36.8916997394138,-88.1878944304199));
#2835=CARTESIAN_POINT('',(-1.82036120060322,-38.4492227968944,-87.4228766969708));
#2836=CARTESIAN_POINT('Origin',(-3.1873461938226,-37.5617184222583,-87.5651470043404));
#2837=CARTESIAN_POINT('',(-3.18734619382259,-37.5617184222583,-87.5651470043404));
#2838=CARTESIAN_POINT('',(-4.52869891609286,-38.219173616473,-86.9540766857912));
#2839=CARTESIAN_POINT('',(-3.18734619382259,-37.9021162954421,-87.9313836599771));
#2840=CARTESIAN_POINT('',(-3.18734619382259,-37.5617184222583,-87.5651470043404));
#2841=CARTESIAN_POINT('',(-2.84912802532308,-37.7363408897894,-88.0854632548016));
#2842=CARTESIAN_POINT('Origin',(-3.99362179997798,-36.9531556288701,-88.1307743859252));
#2843=CARTESIAN_POINT('',(-3.99362179997799,-36.9531556288701,-88.1307743859252));
#2844=CARTESIAN_POINT('',(-4.18046211487381,-36.8121318113535,-88.2618486703041));
#2845=CARTESIAN_POINT('',(-3.99362179997799,-37.2935535020539,-88.4970110415619));
#2846=CARTESIAN_POINT('',(-3.99362179997799,-36.9531556288701,-88.1307743859252));
#2847=CARTESIAN_POINT('',(-2.62430582066296,-38.3270893687492,-87.5363933495107));
#2848=CARTESIAN_POINT('Origin',(-3.99362179997799,-37.3024047282597,-87.8061655604189));
#2849=CARTESIAN_POINT('',(-3.99362179997799,-37.3024047282597,-87.8061655604189));
#2850=CARTESIAN_POINT('',(-3.99362179997799,-37.7447420612812,-87.3950360760461));
#2851=CARTESIAN_POINT('',(-3.99362179997799,-37.6428026014435,-88.1724022160556));
#2852=CARTESIAN_POINT('',(-3.99362179997799,-37.3024047282597,-87.8061655604189));
#2853=CARTESIAN_POINT('',(-3.99362179997799,-38.3135702853082,-87.5489586325862));
#2854=CARTESIAN_POINT('Origin',(-3.10958373907444,-37.9409454079941,-87.2126752967394));
#2855=CARTESIAN_POINT('',(-3.10958373907444,-37.9409454079941,-87.2126752967394));
#2856=CARTESIAN_POINT('',(-3.88504230725291,-37.3808316944233,-87.7332717851196));
#2857=CARTESIAN_POINT('',(-3.10958373907444,-38.2813432811779,-87.5789119523761));
#2858=CARTESIAN_POINT('',(-3.10958373907444,-37.9409454079941,-87.2126752967394));
#2859=CARTESIAN_POINT('',(-3.13413772930384,-38.2636079343589,-87.5953960323949));
#2860=CARTESIAN_POINT('Origin',(-4.82036131981251,-37.9409454079941,-87.2126752967394));
#2861=CARTESIAN_POINT('',(-4.82036131981251,-37.9409454079941,-87.2126752967394));
#2862=CARTESIAN_POINT('',(-5.66018065990625,-37.9409454079941,-87.2126752967394));
#2863=CARTESIAN_POINT('',(-4.82036131981251,-38.2813432811779,-87.5789119523761));
#2864=CARTESIAN_POINT('',(-4.82036131981251,-37.9409454079941,-87.2126752967394));
#2865=CARTESIAN_POINT('',(-2.99447457853195,-38.2813432811779,-87.5789119523761));
#2866=CARTESIAN_POINT('Origin',(-4.82036131981251,-38.2107516241668,-86.9619044884562));
#2867=CARTESIAN_POINT('',(-4.82036131981251,-38.2107516241668,-86.9619044884562));
#2868=CARTESIAN_POINT('',(-4.82036131981251,-38.1989155092348,-86.9729055400647));
#2869=CARTESIAN_POINT('',(-4.82036131981251,-38.5511494973506,-87.3281411440929));
#2870=CARTESIAN_POINT('',(-4.82036131981251,-38.2107516241668,-86.9619044884562));
#2871=CARTESIAN_POINT('',(-4.82036131981251,-38.8074651748702,-87.0899090879933));
#2872=CARTESIAN_POINT('Origin',(-1.82036120060322,-38.2107516241668,-86.9619044884562));
#2873=CARTESIAN_POINT('',(-4.16018060030161,-38.2107516241668,-86.9619044884562));
#2874=CARTESIAN_POINT('',(-3.84986336890099,-38.5511494973506,-87.3281411440929));
#2875=CARTESIAN_POINT('Origin',(-2.87936541798947,-39.3335870685626,-86.6009062236106));
#2876=CARTESIAN_POINT('Origin',(-1.82036120060322,-39.6497170189509,-85.6244611920771));
#2877=CARTESIAN_POINT('',(-1.82036120060322,-39.6497170189509,-85.6244611920771));
#2878=CARTESIAN_POINT('',(-1.82036120060322,-39.9195230168296,-85.3736905866868));
#2879=CARTESIAN_POINT('',(-1.82036120060322,-38.9183982066269,-86.3041838918752));
#2880=CARTESIAN_POINT('',(-1.82036120060322,-39.9901148921347,-85.9906978477137));
#2881=CARTESIAN_POINT('',(-1.82036120060322,-39.6497170189509,-85.6244611920771));
#2882=CARTESIAN_POINT('',(-1.82036120060322,-40.2599208900134,-85.7399272423235));
#2883=CARTESIAN_POINT('',(-1.82036120060322,-39.796753979288,-86.170416732967));
#2884=CARTESIAN_POINT('',(-1.82036120060322,-39.9195230168296,-85.3736905866868));
#2885=CARTESIAN_POINT('Origin',(-3.00726431969044,-39.6497170189509,-85.6244611920771));
#2886=CARTESIAN_POINT('',(-3.00726431969044,-39.6497170189509,-85.6244611920771));
#2887=CARTESIAN_POINT('',(-4.75363215984522,-39.6497170189509,-85.6244611920771));
#2888=CARTESIAN_POINT('',(-3.00726431969044,-39.9901148921347,-85.9906978477137));
#2889=CARTESIAN_POINT('',(-3.00726431969044,-39.6497170189509,-85.6244611920771));
#2890=CARTESIAN_POINT('',(-2.34986330929634,-39.9901148921347,-85.9906978477137));
#2891=CARTESIAN_POINT('Ctrl Pts',(-3.57411298516628,-39.5253064330386,-85.740094344014));
#2892=CARTESIAN_POINT('Ctrl Pts',(-3.57411298516628,-40.0154793704233,-86.2674751281308));
#2893=CARTESIAN_POINT('Ctrl Pts',(-3.47792330354712,-39.5749236807343,-85.6939776996833));
#2894=CARTESIAN_POINT('Ctrl Pts',(-3.47792330354712,-40.065096618119,-86.2213584838001));
#2895=CARTESIAN_POINT('Ctrl Pts',(-3.40962941974982,-39.6101515190162,-85.6612352610348));
#2896=CARTESIAN_POINT('Ctrl Pts',(-3.40962941974982,-40.1003244564009,-86.1886160451516));
#2897=CARTESIAN_POINT('Ctrl Pts',(-3.21488108018781,-39.6486518968883,-85.6254511674911));
#2898=CARTESIAN_POINT('Ctrl Pts',(-3.21488108018781,-40.138824834273,-86.1528319516079));
#2899=CARTESIAN_POINT('Ctrl Pts',(-3.11107269993901,-39.6491844579196,-85.6249561797841));
#2900=CARTESIAN_POINT('Ctrl Pts',(-3.11107269993901,-40.1393573953043,-86.1523369639009));
#2901=CARTESIAN_POINT('Ctrl Pts',(-3.00726431969044,-39.6497170189509,-85.6244611920771));
#2902=CARTESIAN_POINT('Ctrl Pts',(-3.00726431969044,-40.1398899563356,-86.1518419761939));
#2903=CARTESIAN_POINT('',(-3.57411298516628,-39.5253064330386,-85.740094344014));
#2904=CARTESIAN_POINT('Ctrl Pts',(-3.57411298516628,-39.5253064330386,-85.740094344014));
#2905=CARTESIAN_POINT('Ctrl Pts',(-3.47792330354712,-39.5749236807343,-85.6939776996833));
#2906=CARTESIAN_POINT('Ctrl Pts',(-3.40962941974982,-39.6101515190162,-85.6612352610348));
#2907=CARTESIAN_POINT('Ctrl Pts',(-3.21488108018781,-39.6486518968883,-85.6254511674911));
#2908=CARTESIAN_POINT('Ctrl Pts',(-3.11107269993901,-39.6491844579196,-85.6249561797841));
#2909=CARTESIAN_POINT('Ctrl Pts',(-3.00726431969044,-39.6497170189509,-85.6244611920771));
#2910=CARTESIAN_POINT('',(-3.57411298516628,-39.8657043062224,-86.1063309996507));
#2911=CARTESIAN_POINT('',(-3.57411298516628,-39.5253064330386,-85.740094344014));
#2912=CARTESIAN_POINT('Ctrl Pts',(-3.57411298516628,-39.8657043062224,-86.1063309996507));
#2913=CARTESIAN_POINT('Ctrl Pts',(-3.47792330354712,-39.9153215539181,-86.06021435532));
#2914=CARTESIAN_POINT('Ctrl Pts',(-3.40962941974982,-39.9505493922,-86.0274719166715));
#2915=CARTESIAN_POINT('Ctrl Pts',(-3.21488108018781,-39.9890497700721,-85.9916878231277));
#2916=CARTESIAN_POINT('Ctrl Pts',(-3.11107269993901,-39.9895823311034,-85.9911928354208));
#2917=CARTESIAN_POINT('Ctrl Pts',(-3.00726431969044,-39.9901148921347,-85.9906978477138));
#2918=CARTESIAN_POINT('Ctrl Pts',(-3.72349906328556,-39.2270209192254,-86.0173351743373));
#2919=CARTESIAN_POINT('Ctrl Pts',(-3.72349906328556,-39.7171938566101,-86.5447159584542));
#2920=CARTESIAN_POINT('Ctrl Pts',(-3.71755633714961,-39.2818549031295,-85.9663698457394));
#2921=CARTESIAN_POINT('Ctrl Pts',(-3.71755633714961,-39.7720278405142,-86.4937506298563));
#2922=CARTESIAN_POINT('Ctrl Pts',(-3.71161361101365,-39.3366888870336,-85.9154045171414));
#2923=CARTESIAN_POINT('Ctrl Pts',(-3.71161361101365,-39.8268618244183,-86.4427853012583));
#2924=CARTESIAN_POINT('Ctrl Pts',(-3.66204020097024,-39.4361863881752,-85.8229267783502));
#2925=CARTESIAN_POINT('Ctrl Pts',(-3.66204020097024,-39.9263593255599,-86.3503075624671));
#2926=CARTESIAN_POINT('Ctrl Pts',(-3.61883948553407,-39.4799731686686,-85.7822292492413));
#2927=CARTESIAN_POINT('Ctrl Pts',(-3.61883948553407,-39.9701461060533,-86.3096100333582));
#2928=CARTESIAN_POINT('Ctrl Pts',(-3.57411298516628,-39.5253064330386,-85.740094344014));
#2929=CARTESIAN_POINT('Ctrl Pts',(-3.57411298516628,-40.0154793704233,-86.2674751281309));
#2930=CARTESIAN_POINT('',(-3.72349906328556,-39.2270209192254,-86.0173351743373));
#2931=CARTESIAN_POINT('Ctrl Pts',(-3.72349906328556,-39.2270209192254,-86.0173351743373));
#2932=CARTESIAN_POINT('Ctrl Pts',(-3.71755633714961,-39.2818549031295,-85.9663698457394));
#2933=CARTESIAN_POINT('Ctrl Pts',(-3.71161361101365,-39.3366888870336,-85.9154045171414));
#2934=CARTESIAN_POINT('Ctrl Pts',(-3.66204020097024,-39.4361863881752,-85.8229267783502));
#2935=CARTESIAN_POINT('Ctrl Pts',(-3.61883948553407,-39.4799731686686,-85.7822292492413));
#2936=CARTESIAN_POINT('Ctrl Pts',(-3.57411298516628,-39.5253064330386,-85.740094344014));
#2937=CARTESIAN_POINT('',(-3.72349906328556,-39.5674187924092,-86.383571829974));
#2938=CARTESIAN_POINT('',(-3.72349906328556,-39.2270209192254,-86.0173351743373));
#2939=CARTESIAN_POINT('Ctrl Pts',(-3.72349906328556,-39.5674187924092,-86.383571829974));
#2940=CARTESIAN_POINT('Ctrl Pts',(-3.71755633714961,-39.6222527763133,-86.332606501376));
#2941=CARTESIAN_POINT('Ctrl Pts',(-3.71161361101365,-39.6770867602174,-86.281641172778));
#2942=CARTESIAN_POINT('Ctrl Pts',(-3.66204020097024,-39.776584261359,-86.1891634339869));
#2943=CARTESIAN_POINT('Ctrl Pts',(-3.61883948553407,-39.8203710418524,-86.148465904878));
#2944=CARTESIAN_POINT('Ctrl Pts',(-3.57411298516628,-39.8657043062224,-86.1063309996507));
#2945=CARTESIAN_POINT('Ctrl Pts',(-3.65596834185955,-39.039655636857,-86.1914814337165));
#2946=CARTESIAN_POINT('Ctrl Pts',(-3.65596834185955,-39.5298285742418,-86.7188622178334));
#2947=CARTESIAN_POINT('Ctrl Pts',(-3.67770853502828,-39.0709041462332,-86.1624375737748));
#2948=CARTESIAN_POINT('Ctrl Pts',(-3.67770853502828,-39.561077083618,-86.6898183578917));
#2949=CARTESIAN_POINT('Ctrl Pts',(-3.69683471667694,-39.098395376966,-86.1368859084004));
#2950=CARTESIAN_POINT('Ctrl Pts',(-3.69683471667694,-39.5885683143508,-86.6642666925173));
#2951=CARTESIAN_POINT('Ctrl Pts',(-3.71894200068936,-39.1610185452233,-86.0786809391306));
#2952=CARTESIAN_POINT('Ctrl Pts',(-3.71894200068936,-39.6511914826081,-86.6060617232475));
#2953=CARTESIAN_POINT('Ctrl Pts',(-3.72122053198746,-39.1940197322243,-86.048008056734));
#2954=CARTESIAN_POINT('Ctrl Pts',(-3.72122053198746,-39.6841926696091,-86.5753888408509));
#2955=CARTESIAN_POINT('Ctrl Pts',(-3.72349906328556,-39.2270209192254,-86.0173351743373));
#2956=CARTESIAN_POINT('Ctrl Pts',(-3.72349906328556,-39.7171938566102,-86.5447159584542));
#2957=CARTESIAN_POINT('',(-3.65596834185955,-39.039655636857,-86.1914814337165));
#2958=CARTESIAN_POINT('Ctrl Pts',(-3.65596834185955,-39.039655636857,-86.1914814337165));
#2959=CARTESIAN_POINT('Ctrl Pts',(-3.67770853502828,-39.0709041462332,-86.1624375737748));
#2960=CARTESIAN_POINT('Ctrl Pts',(-3.69683471667694,-39.098395376966,-86.1368859084004));
#2961=CARTESIAN_POINT('Ctrl Pts',(-3.71894200068936,-39.1610185452233,-86.0786809391306));
#2962=CARTESIAN_POINT('Ctrl Pts',(-3.72122053198746,-39.1940197322243,-86.048008056734));
#2963=CARTESIAN_POINT('Ctrl Pts',(-3.72349906328556,-39.2270209192254,-86.0173351743373));
#2964=CARTESIAN_POINT('',(-3.65596834185955,-39.3800535100408,-86.5577180893532));
#2965=CARTESIAN_POINT('',(-3.65596834185955,-39.039655636857,-86.1914814337165));
#2966=CARTESIAN_POINT('Ctrl Pts',(-3.65596834185955,-39.3800535100408,-86.5577180893532));
#2967=CARTESIAN_POINT('Ctrl Pts',(-3.67770853502828,-39.411302019417,-86.5286742294115));
#2968=CARTESIAN_POINT('Ctrl Pts',(-3.69683471667694,-39.4387932501498,-86.5031225640371));
#2969=CARTESIAN_POINT('Ctrl Pts',(-3.71894200068936,-39.5014164184071,-86.4449175947673));
#2970=CARTESIAN_POINT('Ctrl Pts',(-3.72122053198746,-39.5344176054081,-86.4142447123707));
#2971=CARTESIAN_POINT('Ctrl Pts',(-3.72349906328556,-39.5674187924092,-86.383571829974));
#2972=CARTESIAN_POINT('Ctrl Pts',(-3.47793284419415,-38.9272363801184,-86.2959692705012));
#2973=CARTESIAN_POINT('Ctrl Pts',(-3.47793284419415,-39.4174093175031,-86.823350054618));
#2974=CARTESIAN_POINT('Ctrl Pts',(-3.51546832684906,-38.9406608971677,-86.2834918819554));
#2975=CARTESIAN_POINT('Ctrl Pts',(-3.51546832684906,-39.4308338345524,-86.8108726660722));
#2976=CARTESIAN_POINT('Ctrl Pts',(-3.55065675721663,-38.9532459939879,-86.271794690739));
#2977=CARTESIAN_POINT('Ctrl Pts',(-3.55065675721663,-39.4434189313726,-86.7991754748558));
#2978=CARTESIAN_POINT('Ctrl Pts',(-3.60986844322556,-38.9908590992395,-86.2368352708272));
#2979=CARTESIAN_POINT('Ctrl Pts',(-3.60986844322556,-39.4810320366242,-86.764216054944));
#2980=CARTESIAN_POINT('Ctrl Pts',(-3.63291839254257,-39.0152573680483,-86.2141583522718));
#2981=CARTESIAN_POINT('Ctrl Pts',(-3.63291839254257,-39.505430305433,-86.7415391363886));
#2982=CARTESIAN_POINT('Ctrl Pts',(-3.65596834185955,-39.039655636857,-86.1914814337165));
#2983=CARTESIAN_POINT('Ctrl Pts',(-3.65596834185955,-39.5298285742417,-86.7188622178333));
#2984=CARTESIAN_POINT('',(-3.47793284419415,-38.9272363801184,-86.2959692705012));
#2985=CARTESIAN_POINT('Ctrl Pts',(-3.47793284419415,-38.9272363801184,-86.2959692705012));
#2986=CARTESIAN_POINT('Ctrl Pts',(-3.51546832684906,-38.9406608971677,-86.2834918819554));
#2987=CARTESIAN_POINT('Ctrl Pts',(-3.55065675721663,-38.9532459939879,-86.271794690739));
#2988=CARTESIAN_POINT('Ctrl Pts',(-3.60986844322556,-38.9908590992395,-86.2368352708272));
#2989=CARTESIAN_POINT('Ctrl Pts',(-3.63291839254257,-39.0152573680483,-86.2141583522718));
#2990=CARTESIAN_POINT('Ctrl Pts',(-3.65596834185955,-39.039655636857,-86.1914814337165));
#2991=CARTESIAN_POINT('',(-3.47793284419415,-39.2676342533022,-86.6622059261378));
#2992=CARTESIAN_POINT('',(-3.47793284419415,-38.9272363801184,-86.2959692705012));
#2993=CARTESIAN_POINT('Ctrl Pts',(-3.47793284419415,-39.2676342533022,-86.6622059261378));
#2994=CARTESIAN_POINT('Ctrl Pts',(-3.51546832684906,-39.2810587703514,-86.6497285375921));
#2995=CARTESIAN_POINT('Ctrl Pts',(-3.55065675721663,-39.2936438671717,-86.6380313463757));
#2996=CARTESIAN_POINT('Ctrl Pts',(-3.60986844322556,-39.3312569724233,-86.6030719264639));
#2997=CARTESIAN_POINT('Ctrl Pts',(-3.63291839254257,-39.3556552412321,-86.5803950079085));
#2998=CARTESIAN_POINT('Ctrl Pts',(-3.65596834185955,-39.3800535100408,-86.5577180893532));
#2999=CARTESIAN_POINT('Ctrl Pts',(-3.14232576254246,-38.8957592501844,-86.3252256213293));
#3000=CARTESIAN_POINT('Ctrl Pts',(-3.14232576254246,-39.3859321875692,-86.8526064054463));
#3001=CARTESIAN_POINT('Ctrl Pts',(-3.19923707245865,-38.8959690513754,-86.3250306220629));
#3002=CARTESIAN_POINT('Ctrl Pts',(-3.19923707245865,-39.3861419887602,-86.8524114061799));
#3003=CARTESIAN_POINT('Ctrl Pts',(-3.25614838237498,-38.8961788525663,-86.3248356227965));
#3004=CARTESIAN_POINT('Ctrl Pts',(-3.25614838237498,-39.3863517899511,-86.8522164069135));
#3005=CARTESIAN_POINT('Ctrl Pts',(-3.37033400508558,-38.9059605423803,-86.3157440522025));
#3006=CARTESIAN_POINT('Ctrl Pts',(-3.37033400508558,-39.3961334797651,-86.8431248363195));
#3007=CARTESIAN_POINT('Ctrl Pts',(-3.4152110750469,-38.9148342185888,-86.3074964329044));
#3008=CARTESIAN_POINT('Ctrl Pts',(-3.4152110750469,-39.4050071559736,-86.8348772170214));
#3009=CARTESIAN_POINT('Ctrl Pts',(-3.47793284419415,-38.9272363801184,-86.2959692705012));
#3010=CARTESIAN_POINT('Ctrl Pts',(-3.47793284419415,-39.4174093175032,-86.8233500546182));
#3011=CARTESIAN_POINT('',(-3.14232576254246,-38.8957592501844,-86.3252256213293));
#3012=CARTESIAN_POINT('Ctrl Pts',(-3.14232576254246,-38.8957592501844,-86.3252256213293));
#3013=CARTESIAN_POINT('Ctrl Pts',(-3.19923707245865,-38.8959690513754,-86.3250306220629));
#3014=CARTESIAN_POINT('Ctrl Pts',(-3.25614838237498,-38.8961788525663,-86.3248356227965));
#3015=CARTESIAN_POINT('Ctrl Pts',(-3.37033400508558,-38.9059605423803,-86.3157440522025));
#3016=CARTESIAN_POINT('Ctrl Pts',(-3.4152110750469,-38.9148342185888,-86.3074964329044));
#3017=CARTESIAN_POINT('Ctrl Pts',(-3.47793284419415,-38.9272363801184,-86.2959692705012));
#3018=CARTESIAN_POINT('',(-3.14232576254246,-39.2361571233682,-86.691462276966));
#3019=CARTESIAN_POINT('',(-3.14232576254246,-38.8957592501844,-86.3252256213293));
#3020=CARTESIAN_POINT('Ctrl Pts',(-3.14232576254246,-39.2361571233682,-86.691462276966));
#3021=CARTESIAN_POINT('Ctrl Pts',(-3.19923707245865,-39.2363669245592,-86.6912672776996));
#3022=CARTESIAN_POINT('Ctrl Pts',(-3.25614838237498,-39.2365767257501,-86.6910722784332));
#3023=CARTESIAN_POINT('Ctrl Pts',(-3.37033400508558,-39.2463584155641,-86.6819807078392));
#3024=CARTESIAN_POINT('Ctrl Pts',(-3.4152110750469,-39.2552320917726,-86.6737330885411));
#3025=CARTESIAN_POINT('Ctrl Pts',(-3.47793284419415,-39.2676342533022,-86.6622059261378));
#3026=CARTESIAN_POINT('Origin',(-1.82036120060322,-38.8957592501844,-86.3252256213293));
#3027=CARTESIAN_POINT('',(-1.82036120060322,-38.8957592501844,-86.3252256213293));
#3028=CARTESIAN_POINT('',(-4.16018060030161,-38.8957592501845,-86.3252256213293));
#3029=CARTESIAN_POINT('',(-1.82036120060322,-39.2361571233682,-86.691462276966));
#3030=CARTESIAN_POINT('',(-1.82036120060322,-38.8957592501844,-86.3252256213293));
#3031=CARTESIAN_POINT('',(-3.01084559026596,-39.2361571233683,-86.691462276966));
#3032=CARTESIAN_POINT('Origin',(-1.82036120060322,-38.6259530340118,-86.5759964296126));
#3033=CARTESIAN_POINT('',(-1.82036120060322,-38.6259530340117,-86.5759964296126));
#3034=CARTESIAN_POINT('',(-1.82036120060322,-38.4065162141573,-86.7799515106429));
#3035=CARTESIAN_POINT('',(-1.82036120060322,-38.9663509071955,-86.9422330852492));
#3036=CARTESIAN_POINT('',(-1.82036120060322,-38.6259530340117,-86.5759964296126));
#3037=CARTESIAN_POINT('',(-1.82036120060322,-39.2848720959654,-86.6461842502883));
#3038=CARTESIAN_POINT('Origin',(-3.15665039780972,-38.6259530340117,-86.5759964296126));
#3039=CARTESIAN_POINT('',(-3.15665039780972,-38.6259530340117,-86.5759964296126));
#3040=CARTESIAN_POINT('',(-4.82832519890486,-38.6259530340117,-86.5759964296126));
#3041=CARTESIAN_POINT('',(-3.15665039780972,-38.9663509071955,-86.9422330852492));
#3042=CARTESIAN_POINT('',(-3.15665039780972,-38.6259530340117,-86.5759964296126));
#3043=CARTESIAN_POINT('',(-2.34986330929634,-38.9663509071955,-86.9422330852492));
#3044=CARTESIAN_POINT('Ctrl Pts',(-3.51476776960728,-38.6409424137729,-86.5620645827793));
#3045=CARTESIAN_POINT('Ctrl Pts',(-3.51476776960728,-39.1311153511576,-87.0894453668963));
#3046=CARTESIAN_POINT('Ctrl Pts',(-3.44684116270476,-38.634669765316,-86.5678946824187));
#3047=CARTESIAN_POINT('Ctrl Pts',(-3.44684116270476,-39.1248427027007,-87.0952754665356));
#3048=CARTESIAN_POINT('Ctrl Pts',(-3.39967377154262,-38.6303141162282,-86.5719430311107));
#3049=CARTESIAN_POINT('Ctrl Pts',(-3.39967377154262,-39.1204870536129,-87.0993238152276));
#3050=CARTESIAN_POINT('Ctrl Pts',(-3.27649180416641,-38.6257600301597,-86.5761758166284));
#3051=CARTESIAN_POINT('Ctrl Pts',(-3.27649180416641,-39.1159329675445,-87.1035566007453));
#3052=CARTESIAN_POINT('Ctrl Pts',(-3.21657110098774,-38.6258565320857,-86.5760861231205));
#3053=CARTESIAN_POINT('Ctrl Pts',(-3.21657110098774,-39.1160294694704,-87.1034669072375));
#3054=CARTESIAN_POINT('Ctrl Pts',(-3.15665039780972,-38.6259530340117,-86.5759964296126));
#3055=CARTESIAN_POINT('Ctrl Pts',(-3.15665039780972,-39.1161259713964,-87.1033772137295));
#3056=CARTESIAN_POINT('',(-3.51476776960728,-38.6409424137729,-86.5620645827793));
#3057=CARTESIAN_POINT('Ctrl Pts',(-3.51476776960728,-38.6409424137729,-86.5620645827793));
#3058=CARTESIAN_POINT('Ctrl Pts',(-3.44684116270476,-38.634669765316,-86.5678946824187));
#3059=CARTESIAN_POINT('Ctrl Pts',(-3.39967377154262,-38.6303141162282,-86.5719430311107));
#3060=CARTESIAN_POINT('Ctrl Pts',(-3.27649180416641,-38.6257600301597,-86.5761758166284));
#3061=CARTESIAN_POINT('Ctrl Pts',(-3.21657110098774,-38.6258565320857,-86.5760861231205));
#3062=CARTESIAN_POINT('Ctrl Pts',(-3.15665039780972,-38.6259530340117,-86.5759964296126));
#3063=CARTESIAN_POINT('',(-3.51476776960728,-38.9813402869567,-86.928301238416));
#3064=CARTESIAN_POINT('',(-3.51476776960728,-38.6409424137729,-86.5620645827793));
#3065=CARTESIAN_POINT('Ctrl Pts',(-3.51476776960728,-38.9813402869567,-86.928301238416));
#3066=CARTESIAN_POINT('Ctrl Pts',(-3.44684116270476,-38.9750676384998,-86.9341313380554));
#3067=CARTESIAN_POINT('Ctrl Pts',(-3.39967377154262,-38.970711989412,-86.9381796867474));
#3068=CARTESIAN_POINT('Ctrl Pts',(-3.27649180416641,-38.9661579033435,-86.9424124722651));
#3069=CARTESIAN_POINT('Ctrl Pts',(-3.21657110098774,-38.9662544052695,-86.9423227787571));
#3070=CARTESIAN_POINT('Ctrl Pts',(-3.15665039780972,-38.9663509071955,-86.9422330852492));
#3071=CARTESIAN_POINT('Ctrl Pts',(-3.78693688276646,-38.7248817179889,-86.4840473767136));
#3072=CARTESIAN_POINT('Ctrl Pts',(-3.78693688276646,-39.2150546553736,-87.0114281608304));
#3073=CARTESIAN_POINT('Ctrl Pts',(-3.74218995691687,-38.704488490615,-86.503001818107));
#3074=CARTESIAN_POINT('Ctrl Pts',(-3.74218995691687,-39.1946614279997,-87.0303826022238));
#3075=CARTESIAN_POINT('Ctrl Pts',(-3.70244492921589,-38.6863748577454,-86.5198374952834));
#3076=CARTESIAN_POINT('Ctrl Pts',(-3.70244492921589,-39.1765477951301,-87.0472182794002));
#3077=CARTESIAN_POINT('Ctrl Pts',(-3.61148896895474,-38.6585921170264,-86.5456601039885));
#3078=CARTESIAN_POINT('Ctrl Pts',(-3.61148896895474,-39.1487650544111,-87.0730408881053));
#3079=CARTESIAN_POINT('Ctrl Pts',(-3.5631283692811,-38.6497672653997,-86.5538623433839));
#3080=CARTESIAN_POINT('Ctrl Pts',(-3.5631283692811,-39.1399402027844,-87.0812431275007));
#3081=CARTESIAN_POINT('Ctrl Pts',(-3.51476776960728,-38.6409424137729,-86.5620645827793));
#3082=CARTESIAN_POINT('Ctrl Pts',(-3.51476776960728,-39.1311153511576,-87.0894453668961));
#3083=CARTESIAN_POINT('',(-3.78693688276646,-38.7248817179889,-86.4840473767136));
#3084=CARTESIAN_POINT('Ctrl Pts',(-3.78693688276646,-38.7248817179889,-86.4840473767136));
#3085=CARTESIAN_POINT('Ctrl Pts',(-3.74218995691687,-38.704488490615,-86.503001818107));
#3086=CARTESIAN_POINT('Ctrl Pts',(-3.70244492921589,-38.6863748577454,-86.5198374952834));
#3087=CARTESIAN_POINT('Ctrl Pts',(-3.61148896895474,-38.6585921170264,-86.5456601039885));
#3088=CARTESIAN_POINT('Ctrl Pts',(-3.5631283692811,-38.6497672653997,-86.5538623433839));
#3089=CARTESIAN_POINT('Ctrl Pts',(-3.51476776960728,-38.6409424137729,-86.5620645827793));
#3090=CARTESIAN_POINT('',(-3.78693688276646,-39.0652795911727,-86.8502840323502));
#3091=CARTESIAN_POINT('',(-3.78693688276646,-38.7248817179889,-86.4840473767136));
#3092=CARTESIAN_POINT('Ctrl Pts',(-3.78693688276646,-39.0652795911727,-86.8502840323502));
#3093=CARTESIAN_POINT('Ctrl Pts',(-3.74218995691687,-39.0448863637988,-86.8692384737437));
#3094=CARTESIAN_POINT('Ctrl Pts',(-3.70244492921589,-39.0267727309292,-86.8860741509201));
#3095=CARTESIAN_POINT('Ctrl Pts',(-3.61148896895474,-38.9989899902102,-86.9118967596252));
#3096=CARTESIAN_POINT('Ctrl Pts',(-3.5631283692811,-38.9901651385835,-86.9200989990206));
#3097=CARTESIAN_POINT('Ctrl Pts',(-3.51476776960728,-38.9813402869567,-86.928301238416));
#3098=CARTESIAN_POINT('Ctrl Pts',(-3.97111165884373,-38.9062517723585,-86.3154733691246));
#3099=CARTESIAN_POINT('Ctrl Pts',(-3.97111165884373,-39.3964247097433,-86.8428541532416));
#3100=CARTESIAN_POINT('Ctrl Pts',(-3.94885413641819,-38.8713390030893,-86.3479229675558));
#3101=CARTESIAN_POINT('Ctrl Pts',(-3.94885413641819,-39.3615119404741,-86.8753037516728));
#3102=CARTESIAN_POINT('Ctrl Pts',(-3.92659661399267,-38.8364262338202,-86.3803725659869));
#3103=CARTESIAN_POINT('Ctrl Pts',(-3.92659661399267,-39.326599171205,-86.9077533501039));
#3104=CARTESIAN_POINT('Ctrl Pts',(-3.86565482073743,-38.7753736900002,-86.437117721746));
#3105=CARTESIAN_POINT('Ctrl Pts',(-3.86565482073743,-39.265546627385,-86.964498505863));
#3106=CARTESIAN_POINT('Ctrl Pts',(-3.83013691944673,-38.7525914763892,-86.4582926012679));
#3107=CARTESIAN_POINT('Ctrl Pts',(-3.83013691944673,-39.242764413774,-86.9856733853849));
#3108=CARTESIAN_POINT('Ctrl Pts',(-3.78693688276646,-38.7248817179889,-86.4840473767136));
#3109=CARTESIAN_POINT('Ctrl Pts',(-3.78693688276646,-39.2150546553737,-87.0114281608306));
#3110=CARTESIAN_POINT('',(-3.97111165884373,-38.9062517723585,-86.3154733691246));
#3111=CARTESIAN_POINT('Ctrl Pts',(-3.97111165884373,-38.9062517723585,-86.3154733691246));
#3112=CARTESIAN_POINT('Ctrl Pts',(-3.94885413641819,-38.8713390030893,-86.3479229675558));
#3113=CARTESIAN_POINT('Ctrl Pts',(-3.92659661399267,-38.8364262338202,-86.3803725659869));
#3114=CARTESIAN_POINT('Ctrl Pts',(-3.86565482073743,-38.7753736900002,-86.437117721746));
#3115=CARTESIAN_POINT('Ctrl Pts',(-3.83013691944673,-38.7525914763892,-86.4582926012679));
#3116=CARTESIAN_POINT('Ctrl Pts',(-3.78693688276646,-38.7248817179889,-86.4840473767136));
#3117=CARTESIAN_POINT('',(-3.97111165884373,-39.2466496455423,-86.6817100247613));
#3118=CARTESIAN_POINT('',(-3.97111165884373,-38.9062517723585,-86.3154733691246));
#3119=CARTESIAN_POINT('Ctrl Pts',(-3.97111165884373,-39.2466496455423,-86.6817100247613));
#3120=CARTESIAN_POINT('Ctrl Pts',(-3.94885413641819,-39.2117368762731,-86.7141596231925));
#3121=CARTESIAN_POINT('Ctrl Pts',(-3.92659661399267,-39.176824107004,-86.7466092216236));
#3122=CARTESIAN_POINT('Ctrl Pts',(-3.86565482073743,-39.1157715631839,-86.8033543773827));
#3123=CARTESIAN_POINT('Ctrl Pts',(-3.83013691944673,-39.092989349573,-86.8245292569046));
#3124=CARTESIAN_POINT('Ctrl Pts',(-3.78693688276646,-39.0652795911727,-86.8502840323502));
#3125=CARTESIAN_POINT('Ctrl Pts',(-4.04273498419163,-39.1700618873562,-86.0702756242034));
#3126=CARTESIAN_POINT('Ctrl Pts',(-4.04273498419163,-39.660234824741,-86.5976564083204));
#3127=CARTESIAN_POINT('Ctrl Pts',(-4.04011733053199,-39.1247179115122,-86.1124204851872));
#3128=CARTESIAN_POINT('Ctrl Pts',(-4.04011733053199,-39.614890848897,-86.6398012693042));
#3129=CARTESIAN_POINT('Ctrl Pts',(-4.03749967687235,-39.0793739356683,-86.154565346171));
#3130=CARTESIAN_POINT('Ctrl Pts',(-4.03749967687235,-39.5695468730531,-86.681946130288));
#3131=CARTESIAN_POINT('Ctrl Pts',(-4.01390701551836,-38.9913435622458,-86.2363849877263));
#3132=CARTESIAN_POINT('Ctrl Pts',(-4.01390701551836,-39.4815164996306,-86.7637657718433));
#3133=CARTESIAN_POINT('Ctrl Pts',(-3.99344829286648,-38.9506646319943,-86.2741939321012));
#3134=CARTESIAN_POINT('Ctrl Pts',(-3.99344829286648,-39.4408375693791,-86.8015747162182));
#3135=CARTESIAN_POINT('Ctrl Pts',(-3.97111165884373,-38.9062517723585,-86.3154733691246));
#3136=CARTESIAN_POINT('Ctrl Pts',(-3.97111165884373,-39.3964247097433,-86.8428541532416));
#3137=CARTESIAN_POINT('',(-4.04273498419163,-39.1700618873562,-86.0702756242034));
#3138=CARTESIAN_POINT('Ctrl Pts',(-4.04273498419163,-39.1700618873562,-86.0702756242034));
#3139=CARTESIAN_POINT('Ctrl Pts',(-4.04011733053199,-39.1247179115122,-86.1124204851872));
#3140=CARTESIAN_POINT('Ctrl Pts',(-4.03749967687235,-39.0793739356683,-86.154565346171));
#3141=CARTESIAN_POINT('Ctrl Pts',(-4.01390701551836,-38.9913435622458,-86.2363849877263));
#3142=CARTESIAN_POINT('Ctrl Pts',(-3.99344829286648,-38.9506646319943,-86.2741939321012));
#3143=CARTESIAN_POINT('Ctrl Pts',(-3.97111165884373,-38.9062517723585,-86.3154733691246));
#3144=CARTESIAN_POINT('',(-4.04273498419163,-39.51045976054,-86.4365122798401));
#3145=CARTESIAN_POINT('',(-4.04273498419163,-39.1700618873562,-86.0702756242034));
#3146=CARTESIAN_POINT('Ctrl Pts',(-4.04273498419163,-39.51045976054,-86.4365122798401));
#3147=CARTESIAN_POINT('Ctrl Pts',(-4.04011733053199,-39.465115784696,-86.4786571408239));
#3148=CARTESIAN_POINT('Ctrl Pts',(-4.03749967687235,-39.4197718088521,-86.5208020018077));
#3149=CARTESIAN_POINT('Ctrl Pts',(-4.01390701551836,-39.3317414354296,-86.602621643363));
#3150=CARTESIAN_POINT('Ctrl Pts',(-3.99344829286648,-39.2910625051781,-86.6404305877379));
#3151=CARTESIAN_POINT('Ctrl Pts',(-3.97111165884373,-39.2466496455423,-86.6817100247613));
#3152=CARTESIAN_POINT('Ctrl Pts',(-3.68461776140568,-39.6766975095918,-85.5993842329845));
#3153=CARTESIAN_POINT('Ctrl Pts',(-3.68461776140568,-40.1668704469765,-86.1267650171013));
#3154=CARTESIAN_POINT('Ctrl Pts',(-3.7934831753947,-39.6081768791356,-85.6630705858318));
#3155=CARTESIAN_POINT('Ctrl Pts',(-3.7934831753947,-40.0983498165203,-86.1904513699486));
#3156=CARTESIAN_POINT('Ctrl Pts',(-3.89655475299206,-39.5433029286283,-85.7233675398309));
#3157=CARTESIAN_POINT('Ctrl Pts',(-3.89655475299206,-40.033475866013,-86.2507483239477));
#3158=CARTESIAN_POINT('Ctrl Pts',(-3.98559612041731,-39.4161500462647,-85.8415495133161));
#3159=CARTESIAN_POINT('Ctrl Pts',(-3.98559612041731,-39.9063229836494,-86.3689302974329));
#3160=CARTESIAN_POINT('Ctrl Pts',(-4.00357830217858,-39.3696128939818,-85.884803369579));
#3161=CARTESIAN_POINT('Ctrl Pts',(-4.00357830217858,-39.8597858313665,-86.4121841536958));
#3162=CARTESIAN_POINT('Ctrl Pts',(-4.02871788103461,-39.2734374025108,-85.9741934736149));
#3163=CARTESIAN_POINT('Ctrl Pts',(-4.02871788103461,-39.7636103398955,-86.5015742577317));
#3164=CARTESIAN_POINT('Ctrl Pts',(-4.03572643261312,-39.2217496449335,-86.0222345489092));
#3165=CARTESIAN_POINT('Ctrl Pts',(-4.03572643261312,-39.7119225823182,-86.549615333026));
#3166=CARTESIAN_POINT('Ctrl Pts',(-4.04273498419163,-39.1700618873562,-86.0702756242034));
#3167=CARTESIAN_POINT('Ctrl Pts',(-4.04273498419163,-39.6602348247409,-86.5976564083202));
#3168=CARTESIAN_POINT('',(-3.68461776140568,-39.6766975095918,-85.5993842329845));
#3169=CARTESIAN_POINT('Ctrl Pts',(-3.68461776140568,-39.6766975095918,-85.5993842329845));
#3170=CARTESIAN_POINT('Ctrl Pts',(-3.7934831753947,-39.6081768791356,-85.6630705858318));
#3171=CARTESIAN_POINT('Ctrl Pts',(-3.89655475299206,-39.5433029286283,-85.7233675398309));
#3172=CARTESIAN_POINT('Ctrl Pts',(-3.98559612041731,-39.4161500462647,-85.8415495133161));
#3173=CARTESIAN_POINT('Ctrl Pts',(-4.00357830217858,-39.3696128939818,-85.884803369579));
#3174=CARTESIAN_POINT('Ctrl Pts',(-4.02871788103461,-39.2734374025108,-85.9741934736149));
#3175=CARTESIAN_POINT('Ctrl Pts',(-4.03572643261312,-39.2217496449335,-86.0222345489092));
#3176=CARTESIAN_POINT('Ctrl Pts',(-4.04273498419163,-39.1700618873562,-86.0702756242034));
#3177=CARTESIAN_POINT('',(-3.68461776140568,-40.0170953827756,-85.9656208886212));
#3178=CARTESIAN_POINT('',(-3.68461776140568,-39.6766975095918,-85.5993842329845));
#3179=CARTESIAN_POINT('Ctrl Pts',(-3.68461776140568,-40.0170953827756,-85.9656208886212));
#3180=CARTESIAN_POINT('Ctrl Pts',(-3.7934831753947,-39.9485747523194,-86.0293072414685));
#3181=CARTESIAN_POINT('Ctrl Pts',(-3.89655475299206,-39.8837008018121,-86.0896041954676));
#3182=CARTESIAN_POINT('Ctrl Pts',(-3.98559612041731,-39.7565479194485,-86.2077861689528));
#3183=CARTESIAN_POINT('Ctrl Pts',(-4.00357830217858,-39.7100107671656,-86.2510400252157));
#3184=CARTESIAN_POINT('Ctrl Pts',(-4.02871788103461,-39.6138352756946,-86.3404301292516));
#3185=CARTESIAN_POINT('Ctrl Pts',(-4.03572643261312,-39.5621475181173,-86.3884712045459));
#3186=CARTESIAN_POINT('Ctrl Pts',(-4.04273498419163,-39.51045976054,-86.4365122798401));
#3187=CARTESIAN_POINT('Origin',(-3.99362179997799,-39.6766975095918,-85.5993842329845));
#3188=CARTESIAN_POINT('',(-3.99362179997799,-39.6766975095918,-85.5993842329845));
#3189=CARTESIAN_POINT('',(-5.246810899989,-39.6766975095917,-85.5993842329845));
#3190=CARTESIAN_POINT('',(-3.99362179997799,-40.0170953827756,-85.9656208886212));
#3191=CARTESIAN_POINT('',(-3.99362179997799,-39.6766975095918,-85.5993842329845));
#3192=CARTESIAN_POINT('',(-3.28199158969757,-40.0170953827756,-85.9656208886212));
#3193=CARTESIAN_POINT('Origin',(-3.99362179997799,-39.9195230168296,-85.3736905866868));
#3194=CARTESIAN_POINT('',(-3.99362179997799,-39.9195230168296,-85.3736905866868));
#3195=CARTESIAN_POINT('',(-3.99362179997799,-39.0533012055662,-86.17879858918));
#3196=CARTESIAN_POINT('',(-3.99362179997799,-40.2599208900134,-85.7399272423235));
#3197=CARTESIAN_POINT('',(-3.99362179997799,-39.9195230168296,-85.3736905866868));
#3198=CARTESIAN_POINT('',(-3.99362179997799,-39.6753412256691,-86.2832635561159));
#3199=CARTESIAN_POINT('Origin',(-1.82036120060322,-39.9195230168296,-85.3736905866868));
#3200=CARTESIAN_POINT('',(-4.16018060030161,-39.9195230168296,-85.3736905866868));
#3201=CARTESIAN_POINT('',(-3.43649360898373,-40.2599208900134,-85.7399272423235));
#3202=CARTESIAN_POINT('Origin',(-2.87936541798947,-39.3335870685626,-86.6009062236106));
#3203=CARTESIAN_POINT('Origin',(-1.82036120060322,-40.3302275690874,-84.9919621224717));
#3204=CARTESIAN_POINT('',(-1.82036120060322,-40.3302275690874,-84.9919621224717));
#3205=CARTESIAN_POINT('',(-1.82036120060322,-40.6000337852601,-84.7411913141885));
#3206=CARTESIAN_POINT('',(-1.82036120060322,-39.2586534816951,-85.9879343570725));
#3207=CARTESIAN_POINT('',(-1.82036120060322,-40.6706254422711,-85.3581987781084));
#3208=CARTESIAN_POINT('',(-1.82036120060322,-40.3302275690874,-84.9919621224717));
#3209=CARTESIAN_POINT('',(-1.82036120060322,-40.9404316584439,-85.1074279698252));
#3210=CARTESIAN_POINT('',(-1.82036120060322,-40.1370093635032,-85.8541670967178));
#3211=CARTESIAN_POINT('',(-1.82036120060322,-40.6000337852601,-84.7411913141885));
#3212=CARTESIAN_POINT('Origin',(-3.99362179997799,-40.3302275690874,-84.9919621224717));
#3213=CARTESIAN_POINT('',(-3.99362179997799,-40.3302275690874,-84.9919621224717));
#3214=CARTESIAN_POINT('',(-5.246810899989,-40.3302275690874,-84.9919621224717));
#3215=CARTESIAN_POINT('',(-3.99362179997799,-40.6706254422711,-85.3581987781084));
#3216=CARTESIAN_POINT('',(-3.99362179997799,-40.3302275690874,-84.9919621224717));
#3217=CARTESIAN_POINT('',(-2.34986330929634,-40.6706254422711,-85.3581987781084));
#3218=CARTESIAN_POINT('Origin',(-3.99362179997799,-40.6000337852601,-84.7411913141885));
#3219=CARTESIAN_POINT('',(-3.99362179997799,-40.6000337852601,-84.7411913141885));
#3220=CARTESIAN_POINT('',(-3.99362179997799,-39.3935565897814,-85.8625489529309));
#3221=CARTESIAN_POINT('',(-3.99362179997799,-40.9404316584439,-85.1074279698252));
#3222=CARTESIAN_POINT('',(-3.99362179997799,-40.6000337852601,-84.7411913141885));
#3223=CARTESIAN_POINT('',(-3.99362179997799,-40.0021062554169,-85.9795525008595));
#3224=CARTESIAN_POINT('Origin',(-1.82036120060322,-40.6000337852601,-84.7411913141885));
#3225=CARTESIAN_POINT('',(-4.16018060030161,-40.6000337852601,-84.7411913141885));
#3226=CARTESIAN_POINT('',(-3.43649360898373,-40.9404316584439,-85.1074279698252));
#3227=CARTESIAN_POINT('Origin',(-2.87936541798947,-39.3335870685626,-86.6009062236106));
#3228=CARTESIAN_POINT('Origin',(-4.46633655193684,-42.3237941756694,-83.1390459206485));
#3229=CARTESIAN_POINT('',(-4.46633655193684,-42.3237941756694,-83.1390459206485));
#3230=CARTESIAN_POINT('',(-3.39403111103413,-42.3237941756694,-83.1390459206485));
#3231=CARTESIAN_POINT('',(-5.48316827596842,-42.3237941756694,-83.1390459206485));
#3232=CARTESIAN_POINT('',(-4.46633655193684,-42.6641920488532,-83.5052825762852));
#3233=CARTESIAN_POINT('',(-4.46633655193684,-42.3237941756694,-83.1390459206485));
#3234=CARTESIAN_POINT('',(-3.39403111103413,-42.6641920488532,-83.5052825762852));
#3235=CARTESIAN_POINT('',(-3.1366982645118,-42.6641920488532,-83.5052825762852));
#3236=CARTESIAN_POINT('',(-3.39403111103413,-42.3237941756694,-83.1390459206485));
#3237=CARTESIAN_POINT('Origin',(-4.46633655193684,-41.7616983831379,-83.6614846480628));
#3238=CARTESIAN_POINT('',(-4.46633655193684,-41.7616983831379,-83.6614846480628));
#3239=CARTESIAN_POINT('',(-4.46633655193684,-39.9743888887204,-85.3226956198681));
#3240=CARTESIAN_POINT('',(-4.46633655193684,-42.1020962563217,-84.0277213036995));
#3241=CARTESIAN_POINT('',(-4.46633655193684,-41.7616983831379,-83.6614846480628));
#3242=CARTESIAN_POINT('',(-4.46633655193684,-40.9988895587079,-85.0530943999479));
#3243=CARTESIAN_POINT('Ctrl Pts',(-4.43973380688069,-41.4903934691126,-83.9136484178471));
#3244=CARTESIAN_POINT('Ctrl Pts',(-4.43973380688069,-41.9805664064973,-84.4410292019639));
#3245=CARTESIAN_POINT('Ctrl Pts',(-4.45101960230934,-41.5415961354292,-83.8660582095835));
#3246=CARTESIAN_POINT('Ctrl Pts',(-4.45101960230934,-42.0317690728139,-84.3934389937003));
#3247=CARTESIAN_POINT('Ctrl Pts',(-4.45882826334588,-41.5770233472692,-83.8331304636095));
#3248=CARTESIAN_POINT('Ctrl Pts',(-4.45882826334588,-42.0671962846539,-84.3605112477263));
#3249=CARTESIAN_POINT('Ctrl Pts',(-4.46686340423865,-41.6706837231866,-83.7460780283243));
#3250=CARTESIAN_POINT('Ctrl Pts',(-4.46686340423865,-42.1608566605713,-84.2734588124411));
#3251=CARTESIAN_POINT('Ctrl Pts',(-4.46659997808774,-41.7161910531623,-83.7037813381935));
#3252=CARTESIAN_POINT('Ctrl Pts',(-4.46659997808774,-42.206363990547,-84.2311621223103));
#3253=CARTESIAN_POINT('Ctrl Pts',(-4.46633655193684,-41.7616983831379,-83.6614846480628));
#3254=CARTESIAN_POINT('Ctrl Pts',(-4.46633655193684,-42.2518713205226,-84.1888654321796));
#3255=CARTESIAN_POINT('',(-4.43973380688069,-41.4903934691126,-83.9136484178471));
#3256=CARTESIAN_POINT('Ctrl Pts',(-4.43973380688069,-41.4903934691126,-83.9136484178471));
#3257=CARTESIAN_POINT('Ctrl Pts',(-4.45101960230934,-41.5415961354292,-83.8660582095835));
#3258=CARTESIAN_POINT('Ctrl Pts',(-4.45882826334588,-41.5770233472692,-83.8331304636095));
#3259=CARTESIAN_POINT('Ctrl Pts',(-4.46686340423865,-41.6706837231866,-83.7460780283243));
#3260=CARTESIAN_POINT('Ctrl Pts',(-4.46659997808774,-41.7161910531623,-83.7037813381935));
#3261=CARTESIAN_POINT('Ctrl Pts',(-4.46633655193684,-41.7616983831379,-83.6614846480628));
#3262=CARTESIAN_POINT('',(-4.43973380688069,-41.8307913422964,-84.2798850734838));
#3263=CARTESIAN_POINT('',(-4.43973380688069,-41.4903934691126,-83.9136484178471));
#3264=CARTESIAN_POINT('Ctrl Pts',(-4.43973380688069,-41.8307913422964,-84.2798850734838));
#3265=CARTESIAN_POINT('Ctrl Pts',(-4.45101960230934,-41.881994008613,-84.2322948652202));
#3266=CARTESIAN_POINT('Ctrl Pts',(-4.45882826334588,-41.917421220453,-84.1993671192462));
#3267=CARTESIAN_POINT('Ctrl Pts',(-4.46686340423865,-42.0110815963704,-84.112314683961));
#3268=CARTESIAN_POINT('Ctrl Pts',(-4.46659997808774,-42.0565889263461,-84.0700179938302));
#3269=CARTESIAN_POINT('Ctrl Pts',(-4.46633655193684,-42.1020962563217,-84.0277213036995));
#3270=CARTESIAN_POINT('Ctrl Pts',(-4.26169816020367,-41.3075249351844,-84.0836151840441));
#3271=CARTESIAN_POINT('Ctrl Pts',(-4.26169816020367,-41.7976978725692,-84.6109959681611));
#3272=CARTESIAN_POINT('Ctrl Pts',(-4.30261657594146,-41.3321412311358,-84.0607356206292));
#3273=CARTESIAN_POINT('Ctrl Pts',(-4.30261657594146,-41.8223141685206,-84.5881164047462));
#3274=CARTESIAN_POINT('Ctrl Pts',(-4.34353499167927,-41.3567575270871,-84.0378560572142));
#3275=CARTESIAN_POINT('Ctrl Pts',(-4.34353499167927,-41.8469304644719,-84.5652368413312));
#3276=CARTESIAN_POINT('Ctrl Pts',(-4.40296392888083,-41.4176728152413,-83.981238473439));
#3277=CARTESIAN_POINT('Ctrl Pts',(-4.40296392888083,-41.9078457526261,-84.508619257556));
#3278=CARTESIAN_POINT('Ctrl Pts',(-4.42115155304247,-41.4536429079734,-83.9478061479857));
#3279=CARTESIAN_POINT('Ctrl Pts',(-4.42115155304247,-41.9438158453582,-84.4751869321027));
#3280=CARTESIAN_POINT('Ctrl Pts',(-4.43973380688069,-41.4903934691126,-83.9136484178471));
#3281=CARTESIAN_POINT('Ctrl Pts',(-4.43973380688069,-41.9805664064974,-84.4410292019641));
#3282=CARTESIAN_POINT('',(-4.26169816020367,-41.3075249351844,-84.0836151840441));
#3283=CARTESIAN_POINT('Ctrl Pts',(-4.26169816020367,-41.3075249351844,-84.0836151840441));
#3284=CARTESIAN_POINT('Ctrl Pts',(-4.30261657594146,-41.3321412311358,-84.0607356206292));
#3285=CARTESIAN_POINT('Ctrl Pts',(-4.34353499167927,-41.3567575270871,-84.0378560572142));
#3286=CARTESIAN_POINT('Ctrl Pts',(-4.40296392888083,-41.4176728152413,-83.981238473439));
#3287=CARTESIAN_POINT('Ctrl Pts',(-4.42115155304247,-41.4536429079734,-83.9478061479857));
#3288=CARTESIAN_POINT('Ctrl Pts',(-4.43973380688069,-41.4903934691126,-83.9136484178471));
#3289=CARTESIAN_POINT('',(-4.26169816020367,-41.6479228083682,-84.4498518396808));
#3290=CARTESIAN_POINT('',(-4.26169816020367,-41.3075249351844,-84.0836151840441));
#3291=CARTESIAN_POINT('Ctrl Pts',(-4.26169816020367,-41.6479228083682,-84.4498518396808));
#3292=CARTESIAN_POINT('Ctrl Pts',(-4.30261657594146,-41.6725391043195,-84.4269722762659));
#3293=CARTESIAN_POINT('Ctrl Pts',(-4.34353499167927,-41.6971554002709,-84.4040927128509));
#3294=CARTESIAN_POINT('Ctrl Pts',(-4.40296392888083,-41.7580706884251,-84.3474751290757));
#3295=CARTESIAN_POINT('Ctrl Pts',(-4.42115155304247,-41.7940407811572,-84.3140428036224));
#3296=CARTESIAN_POINT('Ctrl Pts',(-4.43973380688069,-41.8307913422964,-84.2798850734838));
#3297=CARTESIAN_POINT('Ctrl Pts',(-3.94041586283085,-41.2370756579948,-84.1490941134565));
#3298=CARTESIAN_POINT('Ctrl Pts',(-3.94041586283085,-41.7272485953796,-84.6764748975735));
#3299=CARTESIAN_POINT('Ctrl Pts',(-3.99786765623666,-41.239465674616,-84.1468727176398));
#3300=CARTESIAN_POINT('Ctrl Pts',(-3.99786765623666,-41.7296386120008,-84.6742535017568));
#3301=CARTESIAN_POINT('Ctrl Pts',(-4.05531944964251,-41.2418556912373,-84.1446513218232));
#3302=CARTESIAN_POINT('Ctrl Pts',(-4.05531944964251,-41.7320286286221,-84.6720321059402));
#3303=CARTESIAN_POINT('Ctrl Pts',(-4.16273293726988,-41.2649276826438,-84.1232071089515));
#3304=CARTESIAN_POINT('Ctrl Pts',(-4.16273293726988,-41.7551006200286,-84.6505878930685));
#3305=CARTESIAN_POINT('Ctrl Pts',(-4.2091121215433,-41.2848905116716,-84.1046527003766));
#3306=CARTESIAN_POINT('Ctrl Pts',(-4.2091121215433,-41.7750634490564,-84.6320334844936));
#3307=CARTESIAN_POINT('Ctrl Pts',(-4.26169816020367,-41.3075249351844,-84.0836151840441));
#3308=CARTESIAN_POINT('Ctrl Pts',(-4.26169816020367,-41.7976978725692,-84.6109959681611));
#3309=CARTESIAN_POINT('',(-3.94041586283085,-41.2370756579948,-84.1490941134565));
#3310=CARTESIAN_POINT('Ctrl Pts',(-3.94041586283085,-41.2370756579948,-84.1490941134565));
#3311=CARTESIAN_POINT('Ctrl Pts',(-3.99786765623666,-41.239465674616,-84.1468727176398));
#3312=CARTESIAN_POINT('Ctrl Pts',(-4.05531944964251,-41.2418556912373,-84.1446513218232));
#3313=CARTESIAN_POINT('Ctrl Pts',(-4.16273293726988,-41.2649276826438,-84.1232071089515));
#3314=CARTESIAN_POINT('Ctrl Pts',(-4.2091121215433,-41.2848905116716,-84.1046527003766));
#3315=CARTESIAN_POINT('Ctrl Pts',(-4.26169816020367,-41.3075249351844,-84.0836151840441));
#3316=CARTESIAN_POINT('',(-3.94041586283085,-41.5774735311786,-84.5153307690932));
#3317=CARTESIAN_POINT('',(-3.94041586283085,-41.2370756579948,-84.1490941134565));
#3318=CARTESIAN_POINT('Ctrl Pts',(-3.94041586283085,-41.5774735311786,-84.5153307690932));
#3319=CARTESIAN_POINT('Ctrl Pts',(-3.99786765623666,-41.5798635477998,-84.5131093732765));
#3320=CARTESIAN_POINT('Ctrl Pts',(-4.05531944964251,-41.5822535644211,-84.5108879774598));
#3321=CARTESIAN_POINT('Ctrl Pts',(-4.16273293726988,-41.6053255558276,-84.4894437645881));
#3322=CARTESIAN_POINT('Ctrl Pts',(-4.2091121215433,-41.6252883848554,-84.4708893560133));
#3323=CARTESIAN_POINT('Ctrl Pts',(-4.26169816020367,-41.6479228083682,-84.4498518396808));
#3324=CARTESIAN_POINT('Ctrl Pts',(-3.53727805975315,-41.3554904701732,-84.0390337205422));
#3325=CARTESIAN_POINT('Ctrl Pts',(-3.53727805975315,-41.845663407558,-84.5664145046592));
#3326=CARTESIAN_POINT('Ctrl Pts',(-3.59970431667517,-41.3160972192792,-84.075647692999));
#3327=CARTESIAN_POINT('Ctrl Pts',(-3.59970431667517,-41.806270156664,-84.603028477116));
#3328=CARTESIAN_POINT('Ctrl Pts',(-3.65245772318561,-41.2828078907074,-84.1065883879599));
#3329=CARTESIAN_POINT('Ctrl Pts',(-3.65245772318561,-41.7729808280922,-84.6339691720769));
#3330=CARTESIAN_POINT('Ctrl Pts',(-3.78778082590764,-41.2443067685579,-84.1423731732705));
#3331=CARTESIAN_POINT('Ctrl Pts',(-3.78778082590764,-41.7344797059427,-84.6697539573875));
#3332=CARTESIAN_POINT('Ctrl Pts',(-3.86409834436922,-41.2406912132764,-84.1457336433635));
#3333=CARTESIAN_POINT('Ctrl Pts',(-3.86409834436922,-41.7308641506612,-84.6731144274805));
#3334=CARTESIAN_POINT('Ctrl Pts',(-3.94041586283085,-41.2370756579948,-84.1490941134565));
#3335=CARTESIAN_POINT('Ctrl Pts',(-3.94041586283085,-41.7272485953796,-84.6764748975735));
#3336=CARTESIAN_POINT('',(-3.53727805975315,-41.3554904701732,-84.0390337205422));
#3337=CARTESIAN_POINT('Ctrl Pts',(-3.53727805975315,-41.3554904701732,-84.0390337205422));
#3338=CARTESIAN_POINT('Ctrl Pts',(-3.59970431667517,-41.3160972192792,-84.075647692999));
#3339=CARTESIAN_POINT('Ctrl Pts',(-3.65245772318561,-41.2828078907074,-84.1065883879599));
#3340=CARTESIAN_POINT('Ctrl Pts',(-3.78778082590764,-41.2443067685579,-84.1423731732705));
#3341=CARTESIAN_POINT('Ctrl Pts',(-3.86409834436922,-41.2406912132764,-84.1457336433635));
#3342=CARTESIAN_POINT('Ctrl Pts',(-3.94041586283085,-41.2370756579948,-84.1490941134565));
#3343=CARTESIAN_POINT('',(-3.53727805975315,-41.695888343357,-84.4052703761789));
#3344=CARTESIAN_POINT('',(-3.53727805975315,-41.3554904701732,-84.0390337205422));
#3345=CARTESIAN_POINT('Ctrl Pts',(-3.53727805975315,-41.695888343357,-84.4052703761789));
#3346=CARTESIAN_POINT('Ctrl Pts',(-3.59970431667517,-41.6564950924629,-84.4418843486357));
#3347=CARTESIAN_POINT('Ctrl Pts',(-3.65245772318561,-41.6232057638911,-84.4728250435966));
#3348=CARTESIAN_POINT('Ctrl Pts',(-3.78778082590764,-41.5847046417417,-84.5086098289072));
#3349=CARTESIAN_POINT('Ctrl Pts',(-3.86409834436922,-41.5810890864602,-84.5119702990002));
#3350=CARTESIAN_POINT('Ctrl Pts',(-3.94041586283085,-41.5774735311786,-84.5153307690932));
#3351=CARTESIAN_POINT('Ctrl Pts',(-3.39403111103413,-41.7557027185511,-83.6670573056389));
#3352=CARTESIAN_POINT('Ctrl Pts',(-3.39403111103413,-42.2458756559358,-84.1944380897557));
#3353=CARTESIAN_POINT('Ctrl Pts',(-3.39514315729619,-41.6841397415157,-83.7335713609816));
#3354=CARTESIAN_POINT('Ctrl Pts',(-3.39514315729619,-42.1743126789004,-84.2609521450984));
#3355=CARTESIAN_POINT('Ctrl Pts',(-3.39625520355826,-41.6125767644804,-83.8000854163242));
#3356=CARTESIAN_POINT('Ctrl Pts',(-3.39625520355826,-42.1027497018651,-84.327466200441));
#3357=CARTESIAN_POINT('Ctrl Pts',(-3.44085636621968,-41.4758931275466,-83.9271257291798));
#3358=CARTESIAN_POINT('Ctrl Pts',(-3.44085636621968,-41.9660660649313,-84.4545065132966));
#3359=CARTESIAN_POINT('Ctrl Pts',(-3.48116484545256,-41.4255595580306,-83.9739081572883));
#3360=CARTESIAN_POINT('Ctrl Pts',(-3.48116484545256,-41.9157324954153,-84.5012889414051));
#3361=CARTESIAN_POINT('Ctrl Pts',(-3.53727805975315,-41.3554904701732,-84.0390337205422));
#3362=CARTESIAN_POINT('Ctrl Pts',(-3.53727805975315,-41.8456634075579,-84.566414504659));
#3363=CARTESIAN_POINT('',(-3.39403111103413,-41.7557027185511,-83.6670573056389));
#3364=CARTESIAN_POINT('Ctrl Pts',(-3.39403111103413,-41.7557027185511,-83.6670573056389));
#3365=CARTESIAN_POINT('Ctrl Pts',(-3.39514315729619,-41.6841397415157,-83.7335713609816));
#3366=CARTESIAN_POINT('Ctrl Pts',(-3.39625520355826,-41.6125767644804,-83.8000854163242));
#3367=CARTESIAN_POINT('Ctrl Pts',(-3.44085636621968,-41.4758931275466,-83.9271257291798));
#3368=CARTESIAN_POINT('Ctrl Pts',(-3.48116484545256,-41.4255595580306,-83.9739081572883));
#3369=CARTESIAN_POINT('Ctrl Pts',(-3.53727805975315,-41.3554904701732,-84.0390337205422));
#3370=CARTESIAN_POINT('',(-3.39403111103413,-42.0961005917349,-84.0332939612756));
#3371=CARTESIAN_POINT('',(-3.39403111103413,-41.7557027185511,-83.6670573056389));
#3372=CARTESIAN_POINT('Ctrl Pts',(-3.39403111103413,-42.0961005917349,-84.0332939612756));
#3373=CARTESIAN_POINT('Ctrl Pts',(-3.39514315729619,-42.0245376146995,-84.0998080166182));
#3374=CARTESIAN_POINT('Ctrl Pts',(-3.39625520355826,-41.9529746376642,-84.1663220719609));
#3375=CARTESIAN_POINT('Ctrl Pts',(-3.44085636621968,-41.8162910007304,-84.2933623848165));
#3376=CARTESIAN_POINT('Ctrl Pts',(-3.48116484545256,-41.7659574312144,-84.3401448129249));
#3377=CARTESIAN_POINT('Ctrl Pts',(-3.53727805975315,-41.695888343357,-84.4052703761789));
#3378=CARTESIAN_POINT('Origin',(-3.39403111103413,-42.3237941756694,-83.1390459206485));
#3379=CARTESIAN_POINT('',(-3.39403111103413,-40.2554367849861,-85.0614762561609));
#3380=CARTESIAN_POINT('',(-3.39403111103413,-40.7148438301487,-85.3171000924431));
#3381=CARTESIAN_POINT('Origin',(-1.82036120060322,-42.3237941756694,-83.1390459206485));
#3382=CARTESIAN_POINT('',(-1.82036120060322,-42.3237941756694,-83.1390459206485));
#3383=CARTESIAN_POINT('',(-1.82036120060322,-42.6145850814623,-82.8687709376569));
#3384=CARTESIAN_POINT('',(-1.82036120060322,-40.2554367849861,-85.0614762561609));
#3385=CARTESIAN_POINT('',(-1.82036120060322,-42.6641920488532,-83.5052825762852));
#3386=CARTESIAN_POINT('',(-1.82036120060322,-42.3237941756694,-83.1390459206485));
#3387=CARTESIAN_POINT('',(-1.82036120060322,-42.9549829546461,-83.2350075932936));
#3388=CARTESIAN_POINT('',(-1.82036120060322,-41.1442850116043,-84.9179569084521));
#3389=CARTESIAN_POINT('',(-1.82036120060322,-42.6145850814623,-82.8687709376569));
#3390=CARTESIAN_POINT('Origin',(-3.04000664118168,-42.3237941756694,-83.1390459206485));
#3391=CARTESIAN_POINT('',(-3.04000664118168,-42.3237941756694,-83.1390459206485));
#3392=CARTESIAN_POINT('',(-4.77000332059084,-42.3237941756694,-83.1390459206485));
#3393=CARTESIAN_POINT('',(-3.04000664118168,-42.6641920488532,-83.5052825762852));
#3394=CARTESIAN_POINT('',(-3.04000664118168,-42.3237941756694,-83.1390459206485));
#3395=CARTESIAN_POINT('',(-2.34986330929634,-42.6641920488532,-83.5052825762852));
#3396=CARTESIAN_POINT('Origin',(-3.04000664118168,-41.7601994669912,-83.6628778124568));
#3397=CARTESIAN_POINT('',(-3.04000664118168,-41.7601994669912,-83.6628778124568));
#3398=CARTESIAN_POINT('',(-3.04000664118168,-39.973639430647,-85.3233922020651));
#3399=CARTESIAN_POINT('',(-3.04000664118168,-42.100597340175,-84.0291144680935));
#3400=CARTESIAN_POINT('',(-3.04000664118168,-41.7601994669912,-83.6628778124568));
#3401=CARTESIAN_POINT('',(-3.04000664118168,-40.9988895587079,-85.0530943999479));
#3402=CARTESIAN_POINT('Ctrl Pts',(-3.30399009946225,-41.1156629043759,-84.2619409366054));
#3403=CARTESIAN_POINT('Ctrl Pts',(-3.30399009946225,-41.6058358417606,-84.7893217207224));
#3404=CARTESIAN_POINT('Ctrl Pts',(-3.20018629753734,-41.2253374530387,-84.1600041628483));
#3405=CARTESIAN_POINT('Ctrl Pts',(-3.20018629753734,-41.7155103904234,-84.6873849469653));
#3406=CARTESIAN_POINT('Ctrl Pts',(-3.12581505903653,-41.3039148448569,-84.0869705747473));
#3407=CARTESIAN_POINT('Ctrl Pts',(-3.12581505903653,-41.7940877822416,-84.6143513588643));
#3408=CARTESIAN_POINT('Ctrl Pts',(-3.04372573458927,-41.5246537931548,-83.8818052332311));
#3409=CARTESIAN_POINT('Ctrl Pts',(-3.04372573458927,-42.0148267305395,-84.4091860173481));
#3410=CARTESIAN_POINT('Ctrl Pts',(-3.04186618788548,-41.642426630073,-83.772341522844));
#3411=CARTESIAN_POINT('Ctrl Pts',(-3.04186618788548,-42.1325995674577,-84.299722306961));
#3412=CARTESIAN_POINT('Ctrl Pts',(-3.04000664118168,-41.7601994669912,-83.6628778124568));
#3413=CARTESIAN_POINT('Ctrl Pts',(-3.04000664118168,-42.2503724043759,-84.1902585965738));
#3414=CARTESIAN_POINT('',(-3.30399009946224,-41.1156629043759,-84.2619409366054));
#3415=CARTESIAN_POINT('Ctrl Pts',(-3.30399009946225,-41.1156629043759,-84.2619409366054));
#3416=CARTESIAN_POINT('Ctrl Pts',(-3.20018629753734,-41.2253374530387,-84.1600041628483));
#3417=CARTESIAN_POINT('Ctrl Pts',(-3.12581505903653,-41.3039148448569,-84.0869705747473));
#3418=CARTESIAN_POINT('Ctrl Pts',(-3.04372573458927,-41.5246537931548,-83.8818052332311));
#3419=CARTESIAN_POINT('Ctrl Pts',(-3.04186618788548,-41.642426630073,-83.772341522844));
#3420=CARTESIAN_POINT('Ctrl Pts',(-3.04000664118168,-41.7601994669912,-83.6628778124568));
#3421=CARTESIAN_POINT('',(-3.30399009946224,-41.4560607775597,-84.6281775922421));
#3422=CARTESIAN_POINT('',(-3.30399009946224,-41.1156629043759,-84.2619409366054));
#3423=CARTESIAN_POINT('Ctrl Pts',(-3.30399009946225,-41.4560607775597,-84.6281775922421));
#3424=CARTESIAN_POINT('Ctrl Pts',(-3.20018629753734,-41.5657353262225,-84.526240818485));
#3425=CARTESIAN_POINT('Ctrl Pts',(-3.12581505903653,-41.6443127180407,-84.453207230384));
#3426=CARTESIAN_POINT('Ctrl Pts',(-3.04372573458927,-41.8650516663386,-84.2480418888678));
#3427=CARTESIAN_POINT('Ctrl Pts',(-3.04186618788548,-41.9828245032568,-84.1385781784807));
#3428=CARTESIAN_POINT('Ctrl Pts',(-3.04000664118168,-42.100597340175,-84.0291144680935));
#3429=CARTESIAN_POINT('Ctrl Pts',(-3.95269412163136,-40.9372911188878,-84.4277282096204));
#3430=CARTESIAN_POINT('Ctrl Pts',(-3.95269412163136,-41.4274640562727,-84.9551089937373));
#3431=CARTESIAN_POINT('Ctrl Pts',(-3.83272194613951,-40.9441107527656,-84.421389715556));
#3432=CARTESIAN_POINT('Ctrl Pts',(-3.83272194613951,-41.4342836901505,-84.9487704996729));
#3433=CARTESIAN_POINT('Ctrl Pts',(-3.7127497706475,-40.9509303866434,-84.4150512214917));
#3434=CARTESIAN_POINT('Ctrl Pts',(-3.7127497706475,-41.4411033240283,-84.9424320056086));
#3435=CARTESIAN_POINT('Ctrl Pts',(-3.4962038502345,-41.0099108382759,-84.360231967367));
#3436=CARTESIAN_POINT('Ctrl Pts',(-3.4962038502345,-41.5000837756608,-84.8876127514839));
#3437=CARTESIAN_POINT('Ctrl Pts',(-3.40303191718063,-41.0611721262087,-84.3125872733682));
#3438=CARTESIAN_POINT('Ctrl Pts',(-3.40303191718063,-41.5513450635936,-84.8399680574851));
#3439=CARTESIAN_POINT('Ctrl Pts',(-3.30399009946224,-41.1156629043759,-84.2619409366054));
#3440=CARTESIAN_POINT('Ctrl Pts',(-3.30399009946224,-41.6058358417608,-84.7893217207223));
#3441=CARTESIAN_POINT('',(-3.95269412163136,-40.9372911188878,-84.4277282096204));
#3442=CARTESIAN_POINT('Ctrl Pts',(-3.95269412163136,-40.9372911188878,-84.4277282096204));
#3443=CARTESIAN_POINT('Ctrl Pts',(-3.83272194613951,-40.9441107527656,-84.421389715556));
#3444=CARTESIAN_POINT('Ctrl Pts',(-3.7127497706475,-40.9509303866434,-84.4150512214917));
#3445=CARTESIAN_POINT('Ctrl Pts',(-3.4962038502345,-41.0099108382759,-84.360231967367));
#3446=CARTESIAN_POINT('Ctrl Pts',(-3.40303191718063,-41.0611721262087,-84.3125872733682));
#3447=CARTESIAN_POINT('Ctrl Pts',(-3.30399009946224,-41.1156629043759,-84.2619409366054));
#3448=CARTESIAN_POINT('',(-3.95269412163136,-41.2776889920716,-84.793964865257));
#3449=CARTESIAN_POINT('',(-3.95269412163136,-40.9372911188878,-84.4277282096204));
#3450=CARTESIAN_POINT('Ctrl Pts',(-3.95269412163136,-41.2776889920716,-84.793964865257));
#3451=CARTESIAN_POINT('Ctrl Pts',(-3.83272194613951,-41.2845086259494,-84.7876263711927));
#3452=CARTESIAN_POINT('Ctrl Pts',(-3.7127497706475,-41.2913282598272,-84.7812878771283));
#3453=CARTESIAN_POINT('Ctrl Pts',(-3.4962038502345,-41.3503087114597,-84.7264686230037));
#3454=CARTESIAN_POINT('Ctrl Pts',(-3.40303191718063,-41.4015699993925,-84.6788239290048));
#3455=CARTESIAN_POINT('Ctrl Pts',(-3.30399009946224,-41.4560607775597,-84.6281775922421));
#3456=CARTESIAN_POINT('Ctrl Pts',(-4.36197120312092,-41.0047424546369,-84.3650357104425));
#3457=CARTESIAN_POINT('Ctrl Pts',(-4.36197120312092,-41.4949153920217,-84.8924164945595));
#3458=CARTESIAN_POINT('Ctrl Pts',(-4.29428047721976,-40.9840246113268,-84.384291865421));
#3459=CARTESIAN_POINT('Ctrl Pts',(-4.29428047721976,-41.4741975487116,-84.911672649538));
#3460=CARTESIAN_POINT('Ctrl Pts',(-4.23104954953202,-40.9646717615124,-84.4022793301258));
#3461=CARTESIAN_POINT('Ctrl Pts',(-4.23104954953202,-41.4548446988972,-84.9296601142428));
#3462=CARTESIAN_POINT('Ctrl Pts',(-4.09451380509999,-40.9423903534962,-84.4229887369629));
#3463=CARTESIAN_POINT('Ctrl Pts',(-4.09451380509999,-41.432563290881,-84.9503695210799));
#3464=CARTESIAN_POINT('Ctrl Pts',(-4.02360396336573,-40.939840736192,-84.4253584732917));
#3465=CARTESIAN_POINT('Ctrl Pts',(-4.02360396336573,-41.4300136735768,-84.9527392574087));
#3466=CARTESIAN_POINT('Ctrl Pts',(-3.95269412163136,-40.9372911188878,-84.4277282096204));
#3467=CARTESIAN_POINT('Ctrl Pts',(-3.95269412163136,-41.4274640562726,-84.9551089937374));
#3468=CARTESIAN_POINT('',(-4.36197120312092,-41.0047424546369,-84.3650357104425));
#3469=CARTESIAN_POINT('Ctrl Pts',(-4.36197120312092,-41.0047424546369,-84.3650357104425));
#3470=CARTESIAN_POINT('Ctrl Pts',(-4.29428047721976,-40.9840246113268,-84.384291865421));
#3471=CARTESIAN_POINT('Ctrl Pts',(-4.23104954953202,-40.9646717615124,-84.4022793301258));
#3472=CARTESIAN_POINT('Ctrl Pts',(-4.09451380509999,-40.9423903534962,-84.4229887369629));
#3473=CARTESIAN_POINT('Ctrl Pts',(-4.02360396336573,-40.939840736192,-84.4253584732917));
#3474=CARTESIAN_POINT('Ctrl Pts',(-3.95269412163136,-40.9372911188878,-84.4277282096204));
#3475=CARTESIAN_POINT('',(-4.36197120312092,-41.3451403278207,-84.7312723660792));
#3476=CARTESIAN_POINT('',(-4.36197120312092,-41.0047424546369,-84.3650357104425));
#3477=CARTESIAN_POINT('Ctrl Pts',(-4.36197120312092,-41.3451403278207,-84.7312723660792));
#3478=CARTESIAN_POINT('Ctrl Pts',(-4.29428047721976,-41.3244224845105,-84.7505285210577));
#3479=CARTESIAN_POINT('Ctrl Pts',(-4.23104954953202,-41.3050696346961,-84.7685159857625));
#3480=CARTESIAN_POINT('Ctrl Pts',(-4.09451380509999,-41.2827882266799,-84.7892253925996));
#3481=CARTESIAN_POINT('Ctrl Pts',(-4.02360396336573,-41.2802386093758,-84.7915951289283));
#3482=CARTESIAN_POINT('Ctrl Pts',(-3.95269412163136,-41.2776889920716,-84.793964865257));
#3483=CARTESIAN_POINT('Ctrl Pts',(-4.65051132801411,-41.1801165169786,-84.2020346647691));
#3484=CARTESIAN_POINT('Ctrl Pts',(-4.65051132801411,-41.6702894543634,-84.7294154488861));
#3485=CARTESIAN_POINT('Ctrl Pts',(-4.60813772562374,-41.1416986774432,-84.237742043233));
#3486=CARTESIAN_POINT('Ctrl Pts',(-4.60813772562374,-41.631871614828,-84.7651228273499));
#3487=CARTESIAN_POINT('Ctrl Pts',(-4.57056062922435,-41.1076295688888,-84.2694075030244));
#3488=CARTESIAN_POINT('Ctrl Pts',(-4.57056062922435,-41.5978025062736,-84.7967882871414));
#3489=CARTESIAN_POINT('Ctrl Pts',(-4.47391744953489,-41.049413734609,-84.3235160851924));
#3490=CARTESIAN_POINT('Ctrl Pts',(-4.47391744953489,-41.5395866719938,-84.8508968693093));
#3491=CARTESIAN_POINT('Ctrl Pts',(-4.41794432632807,-41.027078094623,-84.3442758978174));
#3492=CARTESIAN_POINT('Ctrl Pts',(-4.41794432632807,-41.5172510320078,-84.8716566819343));
#3493=CARTESIAN_POINT('Ctrl Pts',(-4.36197120312092,-41.0047424546369,-84.3650357104425));
#3494=CARTESIAN_POINT('Ctrl Pts',(-4.36197120312092,-41.4949153920217,-84.8924164945595));
#3495=CARTESIAN_POINT('',(-4.65051132801411,-41.1801165169786,-84.2020346647691));
#3496=CARTESIAN_POINT('Ctrl Pts',(-4.65051132801411,-41.1801165169786,-84.2020346647691));
#3497=CARTESIAN_POINT('Ctrl Pts',(-4.60813772562374,-41.1416986774432,-84.237742043233));
#3498=CARTESIAN_POINT('Ctrl Pts',(-4.57056062922435,-41.1076295688888,-84.2694075030244));
#3499=CARTESIAN_POINT('Ctrl Pts',(-4.47391744953489,-41.049413734609,-84.3235160851924));
#3500=CARTESIAN_POINT('Ctrl Pts',(-4.41794432632807,-41.027078094623,-84.3442758978174));
#3501=CARTESIAN_POINT('Ctrl Pts',(-4.36197120312092,-41.0047424546369,-84.3650357104425));
#3502=CARTESIAN_POINT('',(-4.65051132801411,-41.5205143901624,-84.5682713204058));
#3503=CARTESIAN_POINT('',(-4.65051132801411,-41.1801165169786,-84.2020346647691));
#3504=CARTESIAN_POINT('Ctrl Pts',(-4.65051132801411,-41.5205143901624,-84.5682713204058));
#3505=CARTESIAN_POINT('Ctrl Pts',(-4.60813772562374,-41.482096550627,-84.6039786988697));
#3506=CARTESIAN_POINT('Ctrl Pts',(-4.57056062922435,-41.4480274420726,-84.6356441586611));
#3507=CARTESIAN_POINT('Ctrl Pts',(-4.47391744953489,-41.3898116077928,-84.6897527408291));
#3508=CARTESIAN_POINT('Ctrl Pts',(-4.41794432632807,-41.3674759678068,-84.7105125534541));
#3509=CARTESIAN_POINT('Ctrl Pts',(-4.36197120312092,-41.3451403278207,-84.7312723660792));
#3510=CARTESIAN_POINT('Ctrl Pts',(-4.79171175125477,-41.451421431004,-83.9498708949848));
#3511=CARTESIAN_POINT('Ctrl Pts',(-4.79171175125477,-41.9415943683887,-84.4772516791018));
#3512=CARTESIAN_POINT('Ctrl Pts',(-4.77835009670297,-41.4033124861519,-83.9945856504762));
#3513=CARTESIAN_POINT('Ctrl Pts',(-4.77835009670297,-41.8934854235366,-84.5219664345932));
#3514=CARTESIAN_POINT('Ctrl Pts',(-4.76498844215116,-41.3552035412998,-84.0393004059675));
#3515=CARTESIAN_POINT('Ctrl Pts',(-4.76498844215116,-41.8453764786846,-84.5666811900844));
#3516=CARTESIAN_POINT('Ctrl Pts',(-4.7184834528235,-41.264341348109,-84.1237520763259));
#3517=CARTESIAN_POINT('Ctrl Pts',(-4.7184834528235,-41.7545142854938,-84.6511328604429));
#3518=CARTESIAN_POINT('Ctrl Pts',(-4.68737967313757,-41.2258003932851,-84.1595738840303));
#3519=CARTESIAN_POINT('Ctrl Pts',(-4.68737967313757,-41.7159733306699,-84.6869546681472));
#3520=CARTESIAN_POINT('Ctrl Pts',(-4.65051132801411,-41.1801165169786,-84.2020346647691));
#3521=CARTESIAN_POINT('Ctrl Pts',(-4.65051132801411,-41.6702894543634,-84.7294154488861));
#3522=CARTESIAN_POINT('',(-4.79171175125477,-41.451421431004,-83.9498708949848));
#3523=CARTESIAN_POINT('Ctrl Pts',(-4.79171175125477,-41.451421431004,-83.9498708949848));
#3524=CARTESIAN_POINT('Ctrl Pts',(-4.77835009670297,-41.4033124861519,-83.9945856504762));
#3525=CARTESIAN_POINT('Ctrl Pts',(-4.76498844215116,-41.3552035412998,-84.0393004059675));
#3526=CARTESIAN_POINT('Ctrl Pts',(-4.7184834528235,-41.264341348109,-84.1237520763259));
#3527=CARTESIAN_POINT('Ctrl Pts',(-4.68737967313757,-41.2258003932851,-84.1595738840303));
#3528=CARTESIAN_POINT('Ctrl Pts',(-4.65051132801411,-41.1801165169786,-84.2020346647691));
#3529=CARTESIAN_POINT('',(-4.79171175125477,-41.7918193041878,-84.3161075506215));
#3530=CARTESIAN_POINT('',(-4.79171175125477,-41.451421431004,-83.9498708949848));
#3531=CARTESIAN_POINT('Ctrl Pts',(-4.79171175125477,-41.7918193041878,-84.3161075506215));
#3532=CARTESIAN_POINT('Ctrl Pts',(-4.77835009670297,-41.7437103593357,-84.3608223061128));
#3533=CARTESIAN_POINT('Ctrl Pts',(-4.76498844215116,-41.6956014144836,-84.4055370616042));
#3534=CARTESIAN_POINT('Ctrl Pts',(-4.7184834528235,-41.6047392212928,-84.4899887319626));
#3535=CARTESIAN_POINT('Ctrl Pts',(-4.68737967313757,-41.5661982664689,-84.525810539667));
#3536=CARTESIAN_POINT('Ctrl Pts',(-4.65051132801411,-41.5205143901624,-84.5682713204058));
#3537=CARTESIAN_POINT('Ctrl Pts',(-4.82036131981251,-41.7856811506324,-83.6391939163118));
#3538=CARTESIAN_POINT('Ctrl Pts',(-4.82036131981251,-42.2758540880172,-84.1665747004288));
#3539=CARTESIAN_POINT('Ctrl Pts',(-4.82012368191423,-41.7297413031552,-83.6911870874332));
#3540=CARTESIAN_POINT('Ctrl Pts',(-4.82012368191423,-42.21991424054,-84.2185678715502));
#3541=CARTESIAN_POINT('Ctrl Pts',(-4.81988604401596,-41.6738014556782,-83.7431802585546));
#3542=CARTESIAN_POINT('Ctrl Pts',(-4.81988604401596,-42.163974393063,-84.2705610426716));
#3543=CARTESIAN_POINT('Ctrl Pts',(-4.81095736309081,-41.5603702124531,-83.8486086840061));
#3544=CARTESIAN_POINT('Ctrl Pts',(-4.81095736309081,-42.0505431498379,-84.3759894681231));
#3545=CARTESIAN_POINT('Ctrl Pts',(-4.80290242541596,-41.5147714727611,-83.8909903347013));
#3546=CARTESIAN_POINT('Ctrl Pts',(-4.80290242541596,-42.0049444101459,-84.4183711188183));
#3547=CARTESIAN_POINT('Ctrl Pts',(-4.79171175125477,-41.451421431004,-83.9498708949848));
#3548=CARTESIAN_POINT('Ctrl Pts',(-4.79171175125477,-41.9415943683888,-84.4772516791018));
#3549=CARTESIAN_POINT('',(-4.82036131981251,-41.7856811506324,-83.6391939163118));
#3550=CARTESIAN_POINT('Ctrl Pts',(-4.82036131981251,-41.7856811506324,-83.6391939163118));
#3551=CARTESIAN_POINT('Ctrl Pts',(-4.82012368191423,-41.7297413031552,-83.6911870874332));
#3552=CARTESIAN_POINT('Ctrl Pts',(-4.81988604401596,-41.6738014556782,-83.7431802585546));
#3553=CARTESIAN_POINT('Ctrl Pts',(-4.81095736309081,-41.5603702124531,-83.8486086840061));
#3554=CARTESIAN_POINT('Ctrl Pts',(-4.80290242541596,-41.5147714727611,-83.8909903347013));
#3555=CARTESIAN_POINT('Ctrl Pts',(-4.79171175125477,-41.451421431004,-83.9498708949848));
#3556=CARTESIAN_POINT('',(-4.82036131981251,-42.1260790238162,-84.0054305719485));
#3557=CARTESIAN_POINT('',(-4.82036131981251,-41.7856811506324,-83.6391939163118));
#3558=CARTESIAN_POINT('Ctrl Pts',(-4.82036131981251,-42.1260790238162,-84.0054305719485));
#3559=CARTESIAN_POINT('Ctrl Pts',(-4.82012368191423,-42.070139176339,-84.0574237430699));
#3560=CARTESIAN_POINT('Ctrl Pts',(-4.81988604401596,-42.0141993288619,-84.1094169141912));
#3561=CARTESIAN_POINT('Ctrl Pts',(-4.81095736309081,-41.9007680856369,-84.2148453396428));
#3562=CARTESIAN_POINT('Ctrl Pts',(-4.80290242541596,-41.8551693459449,-84.257226990338));
#3563=CARTESIAN_POINT('Ctrl Pts',(-4.79171175125477,-41.7918193041878,-84.3161075506215));
#3564=CARTESIAN_POINT('Origin',(-4.82036131981251,-42.6145850814623,-82.8687709376569));
#3565=CARTESIAN_POINT('',(-4.82036131981251,-42.6145850814623,-82.8687709376569));
#3566=CARTESIAN_POINT('',(-4.82036131981251,-40.4008322378826,-84.9263387646651));
#3567=CARTESIAN_POINT('',(-4.82036131981251,-42.9549829546461,-83.2350075932936));
#3568=CARTESIAN_POINT('',(-4.82036131981251,-42.6145850814623,-82.8687709376569));
#3569=CARTESIAN_POINT('',(-4.82036131981251,-40.7298330461894,-85.3031683977795));
#3570=CARTESIAN_POINT('Origin',(-1.82036120060322,-42.6145850814623,-82.8687709376569));
#3571=CARTESIAN_POINT('',(-4.16018060030161,-42.6145850814623,-82.8687709376569));
#3572=CARTESIAN_POINT('',(-3.84986336890099,-42.9549829546461,-83.2350075932936));
#3573=CARTESIAN_POINT('Origin',(-2.87936541798947,-39.3335870685626,-86.6009062236106));
#3574=CARTESIAN_POINT('Origin',(-6.5,-38.1870793943028,-86.9839065916733));
#3575=CARTESIAN_POINT('',(-7.,-46.9767591295834,-78.8143576352622));
#3576=CARTESIAN_POINT('',(-13.,-42.5819192619431,-82.8991321134678));
#3577=CARTESIAN_POINT('Origin',(-7.,-42.5819192619431,-82.8991321134678));
#3578=CARTESIAN_POINT('',(0.,-46.9767591295834,-78.8143576352622));
#3579=CARTESIAN_POINT('',(0.,-46.9767591295834,-78.8143576352622));
#3580=CARTESIAN_POINT('',(0.,-29.3973996590222,-95.1534555480844));
#3581=CARTESIAN_POINT('',(0.,-46.9767591295834,-78.8143576352622));
#3582=CARTESIAN_POINT('',(-7.00000000000001,-29.3973996590222,-95.1534555480844));
#3583=CARTESIAN_POINT('',(0.,-29.3973996590222,-95.1534555480844));
#3584=CARTESIAN_POINT('',(-13.,-33.7922395266625,-91.0686810698789));
#3585=CARTESIAN_POINT('Origin',(-7.,-33.7922395266625,-91.0686810698789));
#3586=CARTESIAN_POINT('',(-13.,-46.9767591295834,-78.8143576352622));
#3587=CARTESIAN_POINT('',(-10.,-39.5740265680923,-85.6948115191021));
#3588=CARTESIAN_POINT('Origin',(-10.,-38.3654456044912,-86.8181245006087));
#3589=CARTESIAN_POINT('',(-3.,-45.9879201593643,-79.7334318928585));
#3590=CARTESIAN_POINT('Origin',(-3.,-44.7793391957632,-80.856744874365));
#3591=CARTESIAN_POINT('',(-3.,-32.8034005564435,-91.9877553274751));
#3592=CARTESIAN_POINT('Origin',(-3.,-31.5948195928424,-93.1110683089817));
#3593=CARTESIAN_POINT('Ctrl Pts',(1.50851553470943E-13,-35.6924157046133,
-92.0330413132222));
#3594=CARTESIAN_POINT('Ctrl Pts',(-0.987702508659213,-35.6924157046127,
-92.0330413132227));
#3595=CARTESIAN_POINT('Ctrl Pts',(-1.97728133313361,-35.7350393700912,-91.9934248388669));
#3596=CARTESIAN_POINT('Ctrl Pts',(-3.53612614734407,-35.9438479266567,-91.7993481743291));
#3597=CARTESIAN_POINT('Ctrl Pts',(-4.09985045607136,-36.0897804699706,-91.663711485298));
#3598=CARTESIAN_POINT('Ctrl Pts',(-4.94204613425485,-36.4312433905864,-91.3463395069342));
#3599=CARTESIAN_POINT('Ctrl Pts',(-5.25411244527617,-36.5794118559714,-91.2086246449353));
#3600=CARTESIAN_POINT('Ctrl Pts',(-5.80498347743821,-36.9452772319775,-90.868571856807));
#3601=CARTESIAN_POINT('Ctrl Pts',(-6.02407593621233,-37.1759204642982,-90.6542009997727));
#3602=CARTESIAN_POINT('Ctrl Pts',(-6.45300386098075,-37.8536559394647,-90.0242812176394));
#3603=CARTESIAN_POINT('Ctrl Pts',(-6.62260952950558,-38.3252278634519,-89.5859797054673));
#3604=CARTESIAN_POINT('Ctrl Pts',(-6.75693453739995,-38.7931059971656,-89.1511113787334));
#3605=CARTESIAN_POINT('Ctrl Pts',(1.12115117902304E-13,-35.730767917504,
-91.9973949313023));
#3606=CARTESIAN_POINT('Ctrl Pts',(-0.984269493791773,-35.7306416238964,
-91.9975123146247));
#3607=CARTESIAN_POINT('Ctrl Pts',(-1.9737584327809,-35.7734990715406,-91.957678551937));
#3608=CARTESIAN_POINT('Ctrl Pts',(-3.52242725482489,-35.9810352891465,-91.7647844601131));
#3609=CARTESIAN_POINT('Ctrl Pts',(-4.078800358757,-36.1252434963241,-91.6307504516014));
#3610=CARTESIAN_POINT('Ctrl Pts',(-4.91410773617075,-36.4636578804329,-91.3162119289481));
#3611=CARTESIAN_POINT('Ctrl Pts',(-5.22382380103339,-36.6109754797502,-91.1792879025888));
#3612=CARTESIAN_POINT('Ctrl Pts',(-5.76448276899447,-36.9702783522116,-90.8453346192888));
#3613=CARTESIAN_POINT('Ctrl Pts',(-5.97861852147222,-37.1954715338302,-90.636029300177));
#3614=CARTESIAN_POINT('Ctrl Pts',(-6.40235845583964,-37.8645341472078,-90.0141704908107));
#3615=CARTESIAN_POINT('Ctrl Pts',(-6.5721558570647,-38.3352275940134,-89.5766854773687));
#3616=CARTESIAN_POINT('Ctrl Pts',(-6.70569533734548,-38.8009984151424,-89.1437757877918));
#3617=CARTESIAN_POINT('Ctrl Pts',(3.46803877841611E-14,-35.8366707773944,
-91.9581300669606));
#3618=CARTESIAN_POINT('Ctrl Pts',(-0.97859038040911,-35.8365601188041,-91.95823291835));
#3619=CARTESIAN_POINT('Ctrl Pts',(-1.96768882622445,-35.8797203688662,-91.9181177166051));
#3620=CARTESIAN_POINT('Ctrl Pts',(-3.49454311005002,-36.0844491391717,-91.7278330006478));
#3621=CARTESIAN_POINT('Ctrl Pts',(-4.03665825700623,-36.2250096798079,-91.5971893079718));
#3622=CARTESIAN_POINT('Ctrl Pts',(-4.85941031852712,-36.5580376628153,-91.2876571642576));
#3623=CARTESIAN_POINT('Ctrl Pts',(-5.16491528082156,-36.7040648329533,-91.1519325245286));
#3624=CARTESIAN_POINT('Ctrl Pts',(-5.68212182034037,-37.0480047659784,-90.8322582923033));
#3625=CARTESIAN_POINT('Ctrl Pts',(-5.88793189900274,-37.2634081652355,-90.6320520653882));
#3626=CARTESIAN_POINT('Ctrl Pts',(-6.30144719537269,-37.9163134611647,-90.0252106400334));
#3627=CARTESIAN_POINT('Ctrl Pts',(-6.47098914541389,-38.3836776598591,-89.5908199891003));
#3628=CARTESIAN_POINT('Ctrl Pts',(-6.60362538784231,-38.846224493875,-89.1609068274234));
#3629=CARTESIAN_POINT('Ctrl Pts',(1.96725546821073E-15,-35.9394231341975,
-92.0050246132974));
#3630=CARTESIAN_POINT('Ctrl Pts',(-0.976682702217543,-35.9394231341976,
-92.0050246132981));
#3631=CARTESIAN_POINT('Ctrl Pts',(-1.96553647758435,-35.982645700241,-91.9648514920981));
#3632=CARTESIAN_POINT('Ctrl Pts',(-3.48272506402833,-36.1861015903997,-91.7757498518629));
#3633=CARTESIAN_POINT('Ctrl Pts',(-4.01906642177775,-36.3250635942863,-91.6465919157386));
#3634=CARTESIAN_POINT('Ctrl Pts',(-4.83705639599179,-36.6561210730976,-91.338891252921));
#3635=CARTESIAN_POINT('Ctrl Pts',(-5.14099510461698,-36.801769752957,-91.2035184001694));
#3636=CARTESIAN_POINT('Ctrl Pts',(-5.64724495207929,-37.1384336160998,-90.890606895479));
#3637=CARTESIAN_POINT('Ctrl Pts',(-5.85019921216996,-37.3501852239565,-90.6937948182431));
#3638=CARTESIAN_POINT('Ctrl Pts',(-6.2595090336732,-37.9968134350861,-90.0927876158822));
#3639=CARTESIAN_POINT('Ctrl Pts',(-6.42869638566591,-38.4621787081043,-89.6602548621275));
#3640=CARTESIAN_POINT('Ctrl Pts',(-6.56121521015269,-38.9237655805345,-89.2312339346862));
#3641=CARTESIAN_POINT('Ctrl Pts',(1.64026779122096E-15,-35.9750695161228,
-92.0433768261832));
#3642=CARTESIAN_POINT('Ctrl Pts',(-0.976682702217099,-35.9750695161227,
-92.0433768261842));
#3643=CARTESIAN_POINT('Ctrl Pts',(-1.96553647758383,-36.0182920821661,-92.0032037049842));
#3644=CARTESIAN_POINT('Ctrl Pts',(-3.48272506402669,-36.2217479723244,-91.8141020647501));
#3645=CARTESIAN_POINT('Ctrl Pts',(-4.01906642177553,-36.3607099762107,-91.6849441286269));
#3646=CARTESIAN_POINT('Ctrl Pts',(-4.83705639598953,-36.6917674550214,-91.3772434658107));
#3647=CARTESIAN_POINT('Ctrl Pts',(-5.14099510461462,-36.8374161348807,-91.2418706130595));
#3648=CARTESIAN_POINT('Ctrl Pts',(-5.64724495207759,-37.1740799980228,-90.9289591083714));
#3649=CARTESIAN_POINT('Ctrl Pts',(-5.8501992121693,-37.3858316058795,-90.7321470311367));
#3650=CARTESIAN_POINT('Ctrl Pts',(-6.25950903367438,-38.0324598170094,-90.1311398287772));
#3651=CARTESIAN_POINT('Ctrl Pts',(-6.42869638566729,-38.4978250900277,-89.6986070750226));
#3652=CARTESIAN_POINT('Ctrl Pts',(-6.56121521015452,-38.959411962458,-89.2695861475814));
#3653=CARTESIAN_POINT('',(-6.53532783445598E-12,-35.6924157046133,-92.0330413132222));
#3654=CARTESIAN_POINT('',(-1.30803535227338E-11,-35.9750695161227,-92.0433768261832));
#3655=CARTESIAN_POINT('Ctrl Pts',(-8.4191558917529E-16,-35.6924157046133,
-92.0330413132222));
#3656=CARTESIAN_POINT('Ctrl Pts',(-3.90511013735751E-14,-35.730767917504,
-91.9973949313023));
#3657=CARTESIAN_POINT('Ctrl Pts',(-1.15613621081539E-13,-35.8366707773944,
-91.9581300669605));
#3658=CARTESIAN_POINT('Ctrl Pts',(-1.48033768090479E-13,-35.9394231341975,
-92.0050246132974));
#3659=CARTESIAN_POINT('Ctrl Pts',(-1.483607557674E-13,-35.9750695161228,
-92.0433768261832));
#3660=CARTESIAN_POINT('',(-6.56121521015452,-38.959411962458,-89.2695861475814));
#3661=CARTESIAN_POINT('Ctrl Pts',(-1.30722099811464E-11,-35.9750695161228,
-92.0433768261832));
#3662=CARTESIAN_POINT('Ctrl Pts',(-0.0794595234817724,-35.9750695161228,
-92.0433768261833));
#3663=CARTESIAN_POINT('Ctrl Pts',(-0.158736818718064,-35.9754598404647,
-92.0430140400622));
#3664=CARTESIAN_POINT('Ctrl Pts',(-0.324548001796087,-35.9770318493593,
-92.0415529397732));
#3665=CARTESIAN_POINT('Ctrl Pts',(-0.411045699701132,-35.9782860257557,
-92.0403872482169));
#3666=CARTESIAN_POINT('Ctrl Pts',(-0.596375456539609,-35.9818530965805,
-92.0370718419054));
#3667=CARTESIAN_POINT('Ctrl Pts',(-0.695159208853404,-35.9842937793203,
-92.0348033545787));
#3668=CARTESIAN_POINT('Ctrl Pts',(-0.897819202852982,-35.9903788797512,
-92.0291475710615));
#3669=CARTESIAN_POINT('Ctrl Pts',(-1.00169312198893,-35.9940798228792,-92.0257077374249));
#3670=CARTESIAN_POINT('Ctrl Pts',(-1.19456771694982,-36.0020494037726,-92.0183004275884));
#3671=CARTESIAN_POINT('Ctrl Pts',(-1.2835332091557,-36.0061573999736,-92.0144822593455));
#3672=CARTESIAN_POINT('Ctrl Pts',(-1.45312345651923,-36.0148523491955,-92.0064007574694));
#3673=CARTESIAN_POINT('Ctrl Pts',(-1.53371166873146,-36.0193530675492,-92.0022175744625));
#3674=CARTESIAN_POINT('Ctrl Pts',(-1.6893966065051,-36.0288130598185,-91.9934250049637));
#3675=CARTESIAN_POINT('Ctrl Pts',(-1.76446574669435,-36.0337150556812,-91.9888688554351));
#3676=CARTESIAN_POINT('Ctrl Pts',(-1.91044092256997,-36.0439711936187,-91.9793363100493));
#3677=CARTESIAN_POINT('Ctrl Pts',(-1.98132887639861,-36.0492810418929,-91.9744010829701));
#3678=CARTESIAN_POINT('Ctrl Pts',(-2.11962660176472,-36.060353505637,-91.9641098053117));
#3679=CARTESIAN_POINT('Ctrl Pts',(-2.18702801708015,-36.0660788049002,-91.9587884382009));
#3680=CARTESIAN_POINT('Ctrl Pts',(-2.31731410568734,-36.0778613079594,-91.9478372160227));
#3681=CARTESIAN_POINT('Ctrl Pts',(-2.38020085706,-36.0838710786668,-91.9422514475379));
#3682=CARTESIAN_POINT('Ctrl Pts',(-2.50353976325838,-36.0963763892186,-91.9306284134869));
#3683=CARTESIAN_POINT('Ctrl Pts',(-2.5640013456038,-36.1028480139441,-91.9246133757765));
#3684=CARTESIAN_POINT('Ctrl Pts',(-2.68136744525904,-36.1161721451756,-91.9122292906042));
#3685=CARTESIAN_POINT('Ctrl Pts',(-2.73829934313635,-36.1229896710736,-91.9058927557933));
#3686=CARTESIAN_POINT('Ctrl Pts',(-2.83529754262558,-36.135304785356,-91.8944464992627));
#3687=CARTESIAN_POINT('Ctrl Pts',(-2.87557336614837,-36.1406294853042,-91.8894974683281));
#3688=CARTESIAN_POINT('Ctrl Pts',(-2.91574984468994,-36.1461776349213,-91.8843407525798));
#3689=CARTESIAN_POINT('Ctrl Pts',(-2.91595650603003,-36.1462061800593,-91.8843142213626));
#3690=CARTESIAN_POINT('Ctrl Pts',(-2.91616312714062,-36.1462347259886,-91.88428768941));
#3691=CARTESIAN_POINT('Ctrl Pts',(-2.97276822777152,-36.1540550556479,-91.8770191008003));
#3692=CARTESIAN_POINT('Ctrl Pts',(-3.02930897766387,-36.1624389010692,-91.8692267536837));
#3693=CARTESIAN_POINT('Ctrl Pts',(-3.1449412946159,-36.1808815333156,-91.8520852887655));
#3694=CARTESIAN_POINT('Ctrl Pts',(-3.2040109345029,-36.191004763202,-91.8426762744991));
#3695=CARTESIAN_POINT('Ctrl Pts',(-3.32620467157941,-36.2134984199025,-91.8217695936069));
#3696=CARTESIAN_POINT('Ctrl Pts',(-3.3892715252373,-36.225983778449,-91.810165103929));
#3697=CARTESIAN_POINT('Ctrl Pts',(-3.51742377882744,-36.2532128191879,-91.784857130503));
#3698=CARTESIAN_POINT('Ctrl Pts',(-3.58246175012099,-36.2680352892021,-91.7710804175828));
#3699=CARTESIAN_POINT('Ctrl Pts',(-3.71392533121913,-36.3000787285976,-91.7412977116466));
#3700=CARTESIAN_POINT('Ctrl Pts',(-3.78030464628626,-36.3173705950733,-91.7252258234781));
#3701=CARTESIAN_POINT('Ctrl Pts',(-3.91394097461693,-36.3544570635131,-91.6907558850069));
#3702=CARTESIAN_POINT('Ctrl Pts',(-3.98115790551053,-36.3743135751,-91.672300292938));
#3703=CARTESIAN_POINT('Ctrl Pts',(-4.11459267196215,-36.4161438286427,-91.6334212535765));
#3704=CARTESIAN_POINT('Ctrl Pts',(-4.18080747936199,-36.4381231593959,-91.6129926117881));
#3705=CARTESIAN_POINT('Ctrl Pts',(-4.31158893244472,-36.4839730104758,-91.5703775661269));
#3706=CARTESIAN_POINT('Ctrl Pts',(-4.37616595455441,-36.507822110287,-91.5482110715061));
#3707=CARTESIAN_POINT('Ctrl Pts',(-4.46731462324218,-36.5432164441389,-91.5153138839));
#3708=CARTESIAN_POINT('Ctrl Pts',(-4.49417380277636,-36.5538620099063,-91.5054193856549));
#3709=CARTESIAN_POINT('Ctrl Pts',(-4.52098392944331,-36.5647052645477,-91.4953411459116));
#3710=CARTESIAN_POINT('Ctrl Pts',(-4.52114834262455,-36.5647717608389,-91.4952793410765));
#3711=CARTESIAN_POINT('Ctrl Pts',(-4.52131274895023,-36.5648382604435,-91.4952175331618));
#3712=CARTESIAN_POINT('Ctrl Pts',(-4.60107921331247,-36.5971054133061,-91.4652268972194));
#3713=CARTESIAN_POINT('Ctrl Pts',(-4.68000709825465,-36.6304636166768,-91.434222186725));
#3714=CARTESIAN_POINT('Ctrl Pts',(-4.83339046347165,-36.6988844782763,-91.3706285638283));
#3715=CARTESIAN_POINT('Ctrl Pts',(-4.90790615852898,-36.7338926600809,-91.3380902844215));
#3716=CARTESIAN_POINT('Ctrl Pts',(-5.05433471352284,-36.8070145800675,-91.2701272729015));
#3717=CARTESIAN_POINT('Ctrl Pts',(-5.12618086149746,-36.8451712591812,-91.2346626294316));
#3718=CARTESIAN_POINT('Ctrl Pts',(-5.23008566182895,-36.9044063643272,-91.179606688147));
#3719=CARTESIAN_POINT('Ctrl Pts',(-5.26407738552885,-36.9244844849987,-91.160945122002));
#3720=CARTESIAN_POINT('Ctrl Pts',(-5.31399794134032,-36.9551077276183,-91.1324824149055));
#3721=CARTESIAN_POINT('Ctrl Pts',(-5.33046034632703,-36.9653998016289,-91.1229164688162));
#3722=CARTESIAN_POINT('Ctrl Pts',(-5.35655533124838,-36.9820362979302,-91.1074537130521));
#3723=CARTESIAN_POINT('Ctrl Pts',(-5.3663061959682,-36.9883268032246,-91.1016070164137));
#3724=CARTESIAN_POINT('Ctrl Pts',(-5.38235543778166,-36.9988060268194,-91.0918671245452));
#3725=CARTESIAN_POINT('Ctrl Pts',(-5.38869442672831,-37.0029780153444,-91.0879894787691));
#3726=CARTESIAN_POINT('Ctrl Pts',(-5.39500025859026,-37.0071616494282,-91.0841010090532));
#3727=CARTESIAN_POINT('Ctrl Pts',(-5.43689667836371,-37.0349580280179,-91.0582657246595));
#3728=CARTESIAN_POINT('Ctrl Pts',(-5.47738824158112,-37.064020080584,-91.0312540623061));
#3729=CARTESIAN_POINT('Ctrl Pts',(-5.55689678258842,-37.1253842345181,-90.9742192811975));
#3730=CARTESIAN_POINT('Ctrl Pts',(-5.59581310529324,-37.15776424569,-90.9441237493425));
#3731=CARTESIAN_POINT('Ctrl Pts',(-5.67260955335287,-37.2263725662321,-90.8803558931351));
#3732=CARTESIAN_POINT('Ctrl Pts',(-5.71032008653702,-37.2627143753452,-90.8465780766905));
#3733=CARTESIAN_POINT('Ctrl Pts',(-5.78336307050993,-37.3384739044945,-90.7761635449985));
#3734=CARTESIAN_POINT('Ctrl Pts',(-5.81859639533441,-37.3779503101264,-90.7394722845501));
#3735=CARTESIAN_POINT('Ctrl Pts',(-5.88666114191189,-37.4603111827566,-90.6629221483343));
#3736=CARTESIAN_POINT('Ctrl Pts',(-5.9193560241753,-37.5032679574798,-90.6229960663073));
#3737=CARTESIAN_POINT('Ctrl Pts',(-5.96662013545193,-37.5708453959387,-90.5601863612378));
#3738=CARTESIAN_POINT('Ctrl Pts',(-5.98259693748925,-37.5947909545593,-90.5379302131951));
#3739=CARTESIAN_POINT('Ctrl Pts',(-5.9979898327175,-37.6190062245871,-90.5154233824642));
#3740=CARTESIAN_POINT('Ctrl Pts',(-6.00052262897106,-37.6229906826306,-90.5117200364913));
#3741=CARTESIAN_POINT('Ctrl Pts',(-6.00304259546328,-37.6269765142878,-90.508015413816));
#3742=CARTESIAN_POINT('Ctrl Pts',(-6.02497454652275,-37.6618512848375,-90.4756011332136));
#3743=CARTESIAN_POINT('Ctrl Pts',(-6.0435931676733,-37.6927279700767,-90.4469028644181));
#3744=CARTESIAN_POINT('Ctrl Pts',(-6.08106626675347,-37.7571816354121,-90.3869965435704));
#3745=CARTESIAN_POINT('Ctrl Pts',(-6.09980121066943,-37.7907609896268,-90.3557862848989));
#3746=CARTESIAN_POINT('Ctrl Pts',(-6.13795630378135,-37.8616731466538,-90.2898771328162));
#3747=CARTESIAN_POINT('Ctrl Pts',(-6.15723759803488,-37.8990260298716,-90.2551595757154));
#3748=CARTESIAN_POINT('Ctrl Pts',(-6.19554068225749,-37.9760384999363,-90.1835805007788));
#3749=CARTESIAN_POINT('Ctrl Pts',(-6.21450483511949,-38.0157240587659,-90.1466948433393));
#3750=CARTESIAN_POINT('Ctrl Pts',(-6.24947009899433,-38.0916396980359,-90.0761352154295));
#3751=CARTESIAN_POINT('Ctrl Pts',(-6.26556928928879,-38.1277808425235,-90.0425439062894));
#3752=CARTESIAN_POINT('Ctrl Pts',(-6.29564560279465,-38.1974820154861,-89.9777603007448));
#3753=CARTESIAN_POINT('Ctrl Pts',(-6.30967784522066,-38.2309578126307,-89.9466462929696));
#3754=CARTESIAN_POINT('Ctrl Pts',(-6.33624891160544,-38.2961600494556,-89.8860442139578));
#3755=CARTESIAN_POINT('Ctrl Pts',(-6.3488189386027,-38.3278209664643,-89.8566170426278));
#3756=CARTESIAN_POINT('Ctrl Pts',(-6.37281284183475,-38.3898294859336,-89.7989833573546));
#3757=CARTESIAN_POINT('Ctrl Pts',(-6.38425762724847,-38.4201268226547,-89.770823562795));
#3758=CARTESIAN_POINT('Ctrl Pts',(-6.406201999079,-38.4796202322747,-89.7155275409705));
#3759=CARTESIAN_POINT('Ctrl Pts',(-6.41671790858402,-38.5087789437871,-89.6884260391662));
#3760=CARTESIAN_POINT('Ctrl Pts',(-6.43692550266165,-38.5660756103357,-89.6351717754725));
#3761=CARTESIAN_POINT('Ctrl Pts',(-6.44663154155629,-38.5941878516755,-89.6090429131231));
#3762=CARTESIAN_POINT('Ctrl Pts',(-6.46571542945775,-38.650636128623,-89.5565771833225));
#3763=CARTESIAN_POINT('Ctrl Pts',(-6.47509434505542,-38.6789716329444,-89.5302408096742));
#3764=CARTESIAN_POINT('Ctrl Pts',(-6.49251873381101,-38.7327175574554,-89.480286775543));
#3765=CARTESIAN_POINT('Ctrl Pts',(-6.50059959034642,-38.7581172643775,-89.4566790724836));
#3766=CARTESIAN_POINT('Ctrl Pts',(-6.51615545742073,-38.8079139877081,-89.4103956149097));
#3767=CARTESIAN_POINT('Ctrl Pts',(-6.52364171664549,-38.8323159179742,-89.3877152932207));
#3768=CARTESIAN_POINT('Ctrl Pts',(-6.53788975355087,-38.8795657016625,-89.3437990832285));
#3769=CARTESIAN_POINT('Ctrl Pts',(-6.54466903000644,-38.9024322822039,-89.3225457890444));
#3770=CARTESIAN_POINT('Ctrl Pts',(-6.55462389679987,-38.9365450252003,-89.2908397733147));
#3771=CARTESIAN_POINT('Ctrl Pts',(-6.55794888183154,-38.9480347541198,-89.2801606694417));
#3772=CARTESIAN_POINT('Ctrl Pts',(-6.5612152101545,-38.959411962458,-89.2695861475814));
#3773=CARTESIAN_POINT('',(-6.75693453739995,-38.7931059971656,-89.1511113787334));
#3774=CARTESIAN_POINT('Origin',(-6.75693453739995,-38.9292651464391,-89.297606040988));
#3775=CARTESIAN_POINT('Ctrl Pts',(-6.75693453739995,-38.7931059971656,-89.1511113787334));
#3776=CARTESIAN_POINT('Ctrl Pts',(-6.62260952950558,-38.3252278634519,-89.5859797054673));
#3777=CARTESIAN_POINT('Ctrl Pts',(-6.45300386098075,-37.8536559394647,-90.0242812176394));
#3778=CARTESIAN_POINT('Ctrl Pts',(-6.02407593621233,-37.1759204642982,-90.6542009997727));
#3779=CARTESIAN_POINT('Ctrl Pts',(-5.80498347743821,-36.9452772319775,-90.868571856807));
#3780=CARTESIAN_POINT('Ctrl Pts',(-5.25411244527617,-36.5794118559714,-91.2086246449353));
#3781=CARTESIAN_POINT('Ctrl Pts',(-4.94204613425485,-36.4312433905864,-91.3463395069342));
#3782=CARTESIAN_POINT('Ctrl Pts',(-4.09985045607136,-36.0897804699706,-91.663711485298));
#3783=CARTESIAN_POINT('Ctrl Pts',(-3.53612614734407,-35.9438479266567,-91.7993481743291));
#3784=CARTESIAN_POINT('Ctrl Pts',(-1.97728133313361,-35.7350393700912,-91.9934248388669));
#3785=CARTESIAN_POINT('Ctrl Pts',(-0.987702508659213,-35.6924157046127,
-92.0330413132227));
#3786=CARTESIAN_POINT('Ctrl Pts',(1.50851553470943E-13,-35.6924157046133,
-92.0330413132222));
#3787=CARTESIAN_POINT('Ctrl Pts',(-6.75693453739996,-38.7931059971656,-89.1511113787333));
#3788=CARTESIAN_POINT('Ctrl Pts',(-6.84171477978235,-39.0884108119836,-88.8766409526908));
#3789=CARTESIAN_POINT('Ctrl Pts',(-6.88285293289049,-39.3917652522719,-88.5946888195395));
#3790=CARTESIAN_POINT('Ctrl Pts',(-6.8854815025409,-40.0062838809595,-88.0235257996244));
#3791=CARTESIAN_POINT('Ctrl Pts',(-6.87838689208206,-40.3201530441878,-87.731800779814));
#3792=CARTESIAN_POINT('Ctrl Pts',(-6.82614834151653,-40.6303922229106,-87.4434496413078));
#3793=CARTESIAN_POINT('Ctrl Pts',(-6.69837545162342,-38.8021259034248,-89.1427278462287));
#3794=CARTESIAN_POINT('Ctrl Pts',(-6.78239001530014,-39.0955642184364,-88.8699922344234));
#3795=CARTESIAN_POINT('Ctrl Pts',(-6.82294880485988,-39.3932214287492,-88.5933353794394));
#3796=CARTESIAN_POINT('Ctrl Pts',(-6.82568405141302,-40.0055856248893,-88.0241747922294));
#3797=CARTESIAN_POINT('Ctrl Pts',(-6.818485500349,-40.3178982491534,-87.7338964942172));
#3798=CARTESIAN_POINT('Ctrl Pts',(-6.76675848157674,-40.6250269676672,-87.4484363662733));
#3799=CARTESIAN_POINT('Ctrl Pts',(-6.59702864929997,-38.851950807707,-89.1650301676663));
#3800=CARTESIAN_POINT('Ctrl Pts',(-6.67989268865346,-39.1409559105626,-88.8964149953811));
#3801=CARTESIAN_POINT('Ctrl Pts',(-6.71932361375003,-39.4293184906649,-88.6283970144901));
#3802=CARTESIAN_POINT('Ctrl Pts',(-6.72217408222753,-40.0391527472003,-88.0615878742137));
#3803=CARTESIAN_POINT('Ctrl Pts',(-6.71483238404552,-40.3479465344487,-87.7745801517105));
#3804=CARTESIAN_POINT('Ctrl Pts',(-6.66397387837622,-40.6499558186773,-87.4938782709711));
#3805=CARTESIAN_POINT('Ctrl Pts',(-6.56121521015297,-38.9288579208093,-89.2367128222426));
#3806=CARTESIAN_POINT('Ctrl Pts',(-6.64369431082334,-39.2161474456509,-88.9696921902599));
#3807=CARTESIAN_POINT('Ctrl Pts',(-6.68271117271881,-39.5012955682518,-88.7046618799939));
#3808=CARTESIAN_POINT('Ctrl Pts',(-6.68559376176952,-40.1103842753811,-88.1385456890129));
#3809=CARTESIAN_POINT('Ctrl Pts',(-6.67820602959686,-40.4178324126195,-87.8527886780229));
#3810=CARTESIAN_POINT('Ctrl Pts',(-6.6276523561652,-40.7180652857944,-87.5737378787243));
#3811=CARTESIAN_POINT('Ctrl Pts',(-6.56121521015453,-38.959411962458,-89.2695861475814));
#3812=CARTESIAN_POINT('Ctrl Pts',(-6.64369431082522,-39.2467014872998,-89.0025655155988));
#3813=CARTESIAN_POINT('Ctrl Pts',(-6.68271117272154,-39.5318496099012,-88.7375352053331));
#3814=CARTESIAN_POINT('Ctrl Pts',(-6.68559376177255,-40.1409383170308,-88.1714190143521));
#3815=CARTESIAN_POINT('Ctrl Pts',(-6.67820602960012,-40.4483864542693,-87.8856620033621));
#3816=CARTESIAN_POINT('Ctrl Pts',(-6.62765235616885,-40.7486193274447,-87.6066112040635));
#3817=CARTESIAN_POINT('',(-6.62765235616884,-40.7486193274446,-87.6066112040635));
#3818=CARTESIAN_POINT('',(-6.82614834151653,-40.6303922229106,-87.4434496413078));
#3819=CARTESIAN_POINT('Origin',(-6.82614834151653,-40.7665513721841,-87.5899443035625));
#3820=CARTESIAN_POINT('Ctrl Pts',(-6.82614834151653,-40.6303922229106,-87.4434496413078));
#3821=CARTESIAN_POINT('Ctrl Pts',(-6.87838689208206,-40.3201530441878,-87.731800779814));
#3822=CARTESIAN_POINT('Ctrl Pts',(-6.8854815025409,-40.0062838809595,-88.0235257996244));
#3823=CARTESIAN_POINT('Ctrl Pts',(-6.88285293289049,-39.3917652522719,-88.5946888195395));
#3824=CARTESIAN_POINT('Ctrl Pts',(-6.84171477978235,-39.0884108119836,-88.8766409526908));
#3825=CARTESIAN_POINT('Ctrl Pts',(-6.75693453739996,-38.7931059971656,-89.1511113787333));
#3826=CARTESIAN_POINT('Ctrl Pts',(-6.56121521015453,-38.959411962458,-89.2695861475814));
#3827=CARTESIAN_POINT('Ctrl Pts',(-6.64369431082522,-39.2467014872998,-89.0025655155988));
#3828=CARTESIAN_POINT('Ctrl Pts',(-6.68271117272154,-39.5318496099012,-88.7375352053331));
#3829=CARTESIAN_POINT('Ctrl Pts',(-6.68559376177255,-40.1409383170308,-88.1714190143521));
#3830=CARTESIAN_POINT('Ctrl Pts',(-6.67820602960012,-40.4483864542693,-87.8856620033621));
#3831=CARTESIAN_POINT('Ctrl Pts',(-6.62765235616885,-40.7486193274447,-87.6066112040635));
#3832=CARTESIAN_POINT('Ctrl Pts',(-6.8261483415149,-40.6303922229203,-87.4434496412988));
#3833=CARTESIAN_POINT('Ctrl Pts',(-6.79086943350551,-40.839909893843,-87.2487138919443));
#3834=CARTESIAN_POINT('Ctrl Pts',(-6.73389201919435,-41.0500287311502,-87.0534193897845));
#3835=CARTESIAN_POINT('Ctrl Pts',(-6.58883829877157,-41.4545295254646,-86.677456995069));
#3836=CARTESIAN_POINT('Ctrl Pts',(-6.50609818261032,-41.6503156069878,-86.4954840419968));
#3837=CARTESIAN_POINT('Ctrl Pts',(-6.30594215252027,-42.0243031046878,-86.1478821653002));
#3838=CARTESIAN_POINT('Ctrl Pts',(-6.18291330430367,-42.2015063294699,-85.9831810085242));
#3839=CARTESIAN_POINT('Ctrl Pts',(-5.83536918018924,-42.5345328236191,-85.6736502486248));
#3840=CARTESIAN_POINT('Ctrl Pts',(-5.60792442266195,-42.6790514144269,-85.5393277547144));
#3841=CARTESIAN_POINT('Ctrl Pts',(-5.04047988004881,-42.9177031610798,-85.3175134012302));
#3842=CARTESIAN_POINT('Ctrl Pts',(-4.69869946370336,-42.9957022276886,-85.2450173362534));
#3843=CARTESIAN_POINT('Ctrl Pts',(-3.58634648386589,-43.1575889951211,-85.0945520278728));
#3844=CARTESIAN_POINT('Ctrl Pts',(-2.80228053051018,-43.1633499815989,-85.0891974913613));
#3845=CARTESIAN_POINT('Ctrl Pts',(-1.35158059887847,-43.2134845693806,-85.0426000063985));
#3846=CARTESIAN_POINT('Ctrl Pts',(-0.675469658549832,-43.2412129785411,
-85.0168278960439));
#3847=CARTESIAN_POINT('Ctrl Pts',(1.51198498166139E-13,-43.2412129785408,
-85.0168278960442));
#3848=CARTESIAN_POINT('Ctrl Pts',(-6.77418221406759,-40.6256976245823,-87.4478130256436));
#3849=CARTESIAN_POINT('Ctrl Pts',(-6.73921994453804,-40.8333722069146,-87.2547903310219));
#3850=CARTESIAN_POINT('Ctrl Pts',(-6.68271358861602,-41.0417392108044,-87.0611240666704));
#3851=CARTESIAN_POINT('Ctrl Pts',(-6.53869675383443,-41.4434539011404,-86.687751210315));
#3852=CARTESIAN_POINT('Ctrl Pts',(-6.45625821421621,-41.6383784894972,-86.5065789702166));
#3853=CARTESIAN_POINT('Ctrl Pts',(-6.25833473994974,-42.0081716526184,-86.162875508788));
#3854=CARTESIAN_POINT('Ctrl Pts',(-6.13750145414032,-42.1818612344383,-86.0014400999185));
#3855=CARTESIAN_POINT('Ctrl Pts',(-5.79799674807198,-42.5071823483784,-85.6990710891092));
#3856=CARTESIAN_POINT('Ctrl Pts',(-5.57612837932998,-42.6481753978225,-85.5680254020492));
#3857=CARTESIAN_POINT('Ctrl Pts',(-5.02108181059639,-42.8816624030955,-85.3510114063506));
#3858=CARTESIAN_POINT('Ctrl Pts',(-4.68509206400277,-42.9585545885517,-85.2795441296843));
#3859=CARTESIAN_POINT('Ctrl Pts',(-3.58323846189004,-43.1190424878179,-85.1303789963172));
#3860=CARTESIAN_POINT('Ctrl Pts',(-2.8004881756884,-43.1250880713081,-85.1247599417236));
#3861=CARTESIAN_POINT('Ctrl Pts',(-1.3486830479877,-43.1751512297855,-85.0782288465744));
#3862=CARTESIAN_POINT('Ctrl Pts',(-0.673591445463058,-43.202894123399,-85.0524432736759));
#3863=CARTESIAN_POINT('Ctrl Pts',(1.14351584256532E-13,-43.2028607656433,
-85.0524742779704));
#3864=CARTESIAN_POINT('Ctrl Pts',(-6.6708163846951,-40.6459681440098,-87.4883482926953));
#3865=CARTESIAN_POINT('Ctrl Pts',(-6.63647529744333,-40.8499486138676,-87.2987590829813));
#3866=CARTESIAN_POINT('Ctrl Pts',(-6.58098785177909,-41.0547340537313,-87.1084216956239));
#3867=CARTESIAN_POINT('Ctrl Pts',(-6.43885433929525,-41.4512899593526,-86.7398436606452));
#3868=CARTESIAN_POINT('Ctrl Pts',(-6.35710406534234,-41.6442921226484,-86.5604582143919));
#3869=CARTESIAN_POINT('Ctrl Pts',(-6.16366908050772,-42.005780712837,-86.2244734204446));
#3870=CARTESIAN_POINT('Ctrl Pts',(-6.04688361089091,-42.172769123305,-86.0692664008999));
#3871=CARTESIAN_POINT('Ctrl Pts',(-5.72449944784445,-42.4816433718625,-85.7821838938067));
#3872=CARTESIAN_POINT('Ctrl Pts',(-5.51342108536412,-42.6161066070844,-85.6572073285547));
#3873=CARTESIAN_POINT('Ctrl Pts',(-4.9818159016978,-42.8396916382247,-85.4493967014523));
#3874=CARTESIAN_POINT('Ctrl Pts',(-4.65795203476025,-42.9142766528878,-85.3800738197251));
#3875=CARTESIAN_POINT('Ctrl Pts',(-3.57668642783103,-43.0718582797022,-85.2336099150474));
#3876=CARTESIAN_POINT('Ctrl Pts',(-2.79667979488027,-43.0785116719701,-85.2274259338902));
#3877=CARTESIAN_POINT('Ctrl Pts',(-1.34302628376306,-43.1285476558881,-85.180920096077));
#3878=CARTESIAN_POINT('Ctrl Pts',(-0.669853417904842,-43.1562118382795,
-85.1552076811548));
#3879=CARTESIAN_POINT('Ctrl Pts',(4.08028710453073E-14,-43.1561829205415,
-85.1552345586841));
#3880=CARTESIAN_POINT('Ctrl Pts',(-6.62765235616301,-40.7129729455287,-87.568258991159));
#3881=CARTESIAN_POINT('Ctrl Pts',(-6.59356736102343,-40.9154000952894,-87.3801135114749));
#3882=CARTESIAN_POINT('Ctrl Pts',(-6.53853671802781,-41.1186528475398,-87.1912006773294));
#3883=CARTESIAN_POINT('Ctrl Pts',(-6.39712116519368,-41.5132009629778,-86.8244887786266));
#3884=CARTESIAN_POINT('Ctrl Pts',(-6.31569209580553,-41.7053205152534,-86.6459236732914));
#3885=CARTESIAN_POINT('Ctrl Pts',(-6.12414967759504,-42.0633559116657,-86.3131484428864));
#3886=CARTESIAN_POINT('Ctrl Pts',(-6.00893241820024,-42.2276560446543,-86.160440037074));
#3887=CARTESIAN_POINT('Ctrl Pts',(-5.69412928196645,-42.5292341176989,-85.8801389446473));
#3888=CARTESIAN_POINT('Ctrl Pts',(-5.48744121511156,-42.6611551891059,-85.7575251880953));
#3889=CARTESIAN_POINT('Ctrl Pts',(-4.96515861940105,-42.8807472179155,-85.5534258484356));
#3890=CARTESIAN_POINT('Ctrl Pts',(-4.64659064565207,-42.9543284701499,-85.4850359115421));
#3891=CARTESIAN_POINT('Ctrl Pts',(-3.57380899643583,-43.1106491586328,-85.3397439832878));
#3892=CARTESIAN_POINT('Ctrl Pts',(-2.79499649393115,-43.1175723110637,-85.3333092741259));
#3893=CARTESIAN_POINT('Ctrl Pts',(-1.34070491550703,-43.1676408754875,-85.2867731544317));
#3894=CARTESIAN_POINT('Ctrl Pts',(-0.668291680574466,-43.1952310836474,
-85.2611294947));
#3895=CARTESIAN_POINT('Ctrl Pts',(9.58286422603321E-15,-43.1952310836469,
-85.2611294947));
#3896=CARTESIAN_POINT('Ctrl Pts',(-6.62765235616725,-40.748619327454,-87.6066112040548));
#3897=CARTESIAN_POINT('Ctrl Pts',(-6.59356736102798,-40.9510464772151,-87.4184657243707));
#3898=CARTESIAN_POINT('Ctrl Pts',(-6.5385367180326,-41.1542992294657,-87.2295528902251));
#3899=CARTESIAN_POINT('Ctrl Pts',(-6.39712116519881,-41.5488473449044,-86.8628409915221));
#3900=CARTESIAN_POINT('Ctrl Pts',(-6.31569209581078,-41.7409668971801,-86.6842758861869));
#3901=CARTESIAN_POINT('Ctrl Pts',(-6.12414967760063,-42.0990022935933,-86.3515006557817));
#3902=CARTESIAN_POINT('Ctrl Pts',(-6.00893241820605,-42.2633024265827,-86.1987922499689));
#3903=CARTESIAN_POINT('Ctrl Pts',(-5.6941292819719,-42.5648804996292,-85.9184911575413));
#3904=CARTESIAN_POINT('Ctrl Pts',(-5.48744121511637,-42.6968015710371,-85.7958774009888));
#3905=CARTESIAN_POINT('Ctrl Pts',(-4.96515861940403,-42.9163935998476,-85.5917780613283));
#3906=CARTESIAN_POINT('Ctrl Pts',(-4.6465906456541,-42.989974852082,-85.5233881244347));
#3907=CARTESIAN_POINT('Ctrl Pts',(-3.57380899643625,-43.1462955405646,-85.3780961961803));
#3908=CARTESIAN_POINT('Ctrl Pts',(-2.79499649393141,-43.1532186929953,-85.3716614870185));
#3909=CARTESIAN_POINT('Ctrl Pts',(-1.34070491550743,-43.2032872574191,-85.3251253673243));
#3910=CARTESIAN_POINT('Ctrl Pts',(-0.668291680574727,-43.230877465579,-85.2994817075926));
#3911=CARTESIAN_POINT('Ctrl Pts',(9.27404254114731E-15,-43.2308774655784,
-85.2994817075925));
#3912=CARTESIAN_POINT('',(-1.30744579373246E-11,-43.2308774655784,-85.2994817075925));
#3913=CARTESIAN_POINT('',(-6.53640336301109E-12,-43.2412129785408,-85.0168278960442));
#3914=CARTESIAN_POINT('Ctrl Pts',(2.87279694390769E-15,-43.2308774655784,
-85.2994817075925));
#3915=CARTESIAN_POINT('Ctrl Pts',(3.18186232570183E-15,-43.1952310836469,
-85.2611294947));
#3916=CARTESIAN_POINT('Ctrl Pts',(3.43871885538177E-14,-43.1561829205415,
-85.155234558684));
#3917=CARTESIAN_POINT('Ctrl Pts',(1.08054841116423E-13,-43.2028607656433,
-85.0524742779704));
#3918=CARTESIAN_POINT('Ctrl Pts',(1.44884104713583E-13,-43.2412129785408,
-85.0168278960442));
#3919=CARTESIAN_POINT('Ctrl Pts',(1.51198498166139E-13,-43.2412129785408,
-85.0168278960442));
#3920=CARTESIAN_POINT('Ctrl Pts',(-0.675469658549832,-43.2412129785411,
-85.0168278960439));
#3921=CARTESIAN_POINT('Ctrl Pts',(-1.35158059887847,-43.2134845693806,-85.0426000063985));
#3922=CARTESIAN_POINT('Ctrl Pts',(-2.80228053051018,-43.1633499815989,-85.0891974913613));
#3923=CARTESIAN_POINT('Ctrl Pts',(-3.58634648386589,-43.1575889951211,-85.0945520278728));
#3924=CARTESIAN_POINT('Ctrl Pts',(-4.69869946370336,-42.9957022276886,-85.2450173362534));
#3925=CARTESIAN_POINT('Ctrl Pts',(-5.04047988004881,-42.9177031610798,-85.3175134012302));
#3926=CARTESIAN_POINT('Ctrl Pts',(-5.60792442266195,-42.6790514144269,-85.5393277547144));
#3927=CARTESIAN_POINT('Ctrl Pts',(-5.83536918018924,-42.5345328236191,-85.6736502486248));
#3928=CARTESIAN_POINT('Ctrl Pts',(-6.18291330430367,-42.2015063294699,-85.9831810085242));
#3929=CARTESIAN_POINT('Ctrl Pts',(-6.30594215252027,-42.0243031046878,-86.1478821653002));
#3930=CARTESIAN_POINT('Ctrl Pts',(-6.50609818261032,-41.6503156069878,-86.4954840419968));
#3931=CARTESIAN_POINT('Ctrl Pts',(-6.58883829877157,-41.4545295254646,-86.677456995069));
#3932=CARTESIAN_POINT('Ctrl Pts',(-6.73389201919435,-41.0500287311502,-87.0534193897845));
#3933=CARTESIAN_POINT('Ctrl Pts',(-6.79086943350551,-40.839909893843,-87.2487138919443));
#3934=CARTESIAN_POINT('Ctrl Pts',(-6.8261483415149,-40.6303922229203,-87.4434496412988));
#3935=CARTESIAN_POINT('Ctrl Pts',(-6.62765235616726,-40.748619327454,-87.6066112040548));
#3936=CARTESIAN_POINT('Ctrl Pts',(-6.61605583750503,-40.8174898146098,-87.5425996776498));
#3937=CARTESIAN_POINT('Ctrl Pts',(-6.60206414002846,-40.8864496660017,-87.4785050918476));
#3938=CARTESIAN_POINT('Ctrl Pts',(-6.56906921165295,-41.0262081363378,-87.3486068816896));
#3939=CARTESIAN_POINT('Ctrl Pts',(-6.54993819487911,-41.0970048443581,-87.2828050334381));
#3940=CARTESIAN_POINT('Ctrl Pts',(-6.50964740962341,-41.2302411065014,-87.15896887568));
#3941=CARTESIAN_POINT('Ctrl Pts',(-6.48896742580138,-41.292714763201,-87.1009028696069));
#3942=CARTESIAN_POINT('Ctrl Pts',(-6.46669413826808,-41.3549856265739,-87.0430253493557));
#3943=CARTESIAN_POINT('Ctrl Pts',(-6.46508283118255,-41.3594904614899,-87.038838340216));
#3944=CARTESIAN_POINT('Ctrl Pts',(-6.46346426173541,-41.3639941020514,-87.0346524411666));
#3945=CARTESIAN_POINT('Ctrl Pts',(-6.44738586240171,-41.408520965722,-86.9932670433381));
#3946=CARTESIAN_POINT('Ctrl Pts',(-6.4323781904821,-41.4484113025162,-86.956191055459));
#3947=CARTESIAN_POINT('Ctrl Pts',(-6.40149434016357,-41.5273005462599,-86.8828676172559));
#3948=CARTESIAN_POINT('Ctrl Pts',(-6.38563236613006,-41.5663069056201,-86.8466132403048));
#3949=CARTESIAN_POINT('Ctrl Pts',(-6.35498131387888,-41.6387971962434,-86.7792372953394));
#3950=CARTESIAN_POINT('Ctrl Pts',(-6.34032839191951,-41.6723281667385,-86.7480720068119));
#3951=CARTESIAN_POINT('Ctrl Pts',(-6.3114519691234,-41.7361205457283,-86.6887803171377));
#3952=CARTESIAN_POINT('Ctrl Pts',(-6.2973026052519,-41.7664120580678,-86.6606259360371));
#3953=CARTESIAN_POINT('Ctrl Pts',(-6.2695760985493,-41.8237545175993,-86.6073291101539));
#3954=CARTESIAN_POINT('Ctrl Pts',(-6.25607008003409,-41.8508425418716,-86.5821522041588));
#3955=CARTESIAN_POINT('Ctrl Pts',(-6.23443972097937,-41.8927577015786,-86.5431942489714));
#3956=CARTESIAN_POINT('Ctrl Pts',(-6.22655298980895,-41.9077512119992,-86.5292585629057));
#3957=CARTESIAN_POINT('Ctrl Pts',(-6.21855362146906,-41.9226485517419,-86.5154122624702));
#3958=CARTESIAN_POINT('Ctrl Pts',(-6.21854906201953,-41.9226570428709,-86.5154043704085));
#3959=CARTESIAN_POINT('Ctrl Pts',(-6.21854450247793,-41.9226655340693,-86.5153964782825));
#3960=CARTESIAN_POINT('Ctrl Pts',(-6.21853994284426,-41.9226740253369,-86.5153885860919));
#3961=CARTESIAN_POINT('Ctrl Pts',(-6.20251206668827,-41.9525222536921,-86.4876462143388));
#3962=CARTESIAN_POINT('Ctrl Pts',(-6.18595805885532,-41.9820796205237,-86.4601741832024));
#3963=CARTESIAN_POINT('Ctrl Pts',(-6.15060039791504,-42.042019070955,-86.4044635897002));
#3964=CARTESIAN_POINT('Ctrl Pts',(-6.13172377000678,-42.0723586679509,-86.376264516417));
#3965=CARTESIAN_POINT('Ctrl Pts',(-6.09035621255265,-42.1349629475294,-86.3180771031872));
#3966=CARTESIAN_POINT('Ctrl Pts',(-6.06769272257002,-42.1671250080539,-86.2881841450923));
#3967=CARTESIAN_POINT('Ctrl Pts',(-6.01850144449328,-42.2322701224371,-86.2276351584132));
#3968=CARTESIAN_POINT('Ctrl Pts',(-5.99181617595553,-42.2651591481064,-86.197066524128));
#3969=CARTESIAN_POINT('Ctrl Pts',(-5.93244264332894,-42.3330683261746,-86.1339484843955));
#3970=CARTESIAN_POINT('Ctrl Pts',(-5.89941827674329,-42.3678906583514,-86.1015829425289));
#3971=CARTESIAN_POINT('Ctrl Pts',(-5.86269717072614,-42.4035333201405,-86.0684549470632));
#3972=CARTESIAN_POINT('Ctrl Pts',(-5.86079661763191,-42.4053698721759,-86.0667479677175));
#3973=CARTESIAN_POINT('Ctrl Pts',(-5.85869514224655,-42.4073915655222,-86.0648689091779));
#3974=CARTESIAN_POINT('Ctrl Pts',(-5.85849950040468,-42.4075796940139,-86.0646940535553));
#3975=CARTESIAN_POINT('Ctrl Pts',(-5.85830379301725,-42.4077677996714,-86.0645192191558));
#3976=CARTESIAN_POINT('Ctrl Pts',(-5.83035214615935,-42.4346337395845,-86.0395487289918));
#3977=CARTESIAN_POINT('Ctrl Pts',(-5.80106832455714,-42.4607141907962,-86.0153083096141));
#3978=CARTESIAN_POINT('Ctrl Pts',(-5.73885217822011,-42.5123600437325,-85.9673061824984));
#3979=CARTESIAN_POINT('Ctrl Pts',(-5.70581759898542,-42.5378577731158,-85.9436073726728));
#3980=CARTESIAN_POINT('Ctrl Pts',(-5.63593769583467,-42.5881733476915,-85.8968416699234));
#3981=CARTESIAN_POINT('Ctrl Pts',(-5.59898904293864,-42.6129154251692,-85.8738451991394));
#3982=CARTESIAN_POINT('Ctrl Pts',(-5.52262057073953,-42.6605045511633,-85.8296135881705));
#3983=CARTESIAN_POINT('Ctrl Pts',(-5.48319498638422,-42.6833482438407,-85.808381567063));
#3984=CARTESIAN_POINT('Ctrl Pts',(-5.40324864268517,-42.7263196472004,-85.768441888481));
#3985=CARTESIAN_POINT('Ctrl Pts',(-5.36279703277821,-42.7465093600082,-85.7496766032642));
#3986=CARTESIAN_POINT('Ctrl Pts',(-5.29799250338416,-42.7763845160015,-85.7219092036755));
#3987=CARTESIAN_POINT('Ctrl Pts',(-5.27438729364273,-42.786782503396,-85.7122448166186));
#3988=CARTESIAN_POINT('Ctrl Pts',(-5.25043904505254,-42.7968357975263,-85.7029008039761));
#3989=CARTESIAN_POINT('Ctrl Pts',(-5.25019388549375,-42.79693871366,-85.7028051487966));
#3990=CARTESIAN_POINT('Ctrl Pts',(-5.2499487030599,-42.7970415965798,-85.7027095244877));
#3991=CARTESIAN_POINT('Ctrl Pts',(-5.1980486989202,-42.8188107038474,-85.6824762744814));
#3992=CARTESIAN_POINT('Ctrl Pts',(-5.14529616979735,-42.83903451552,-85.6636792961464));
#3993=CARTESIAN_POINT('Ctrl Pts',(-5.03627715655,-42.8772382168949,-85.6281709479335));
#3994=CARTESIAN_POINT('Ctrl Pts',(-4.97995384292436,-42.8951408088407,-85.6115314222893));
#3995=CARTESIAN_POINT('Ctrl Pts',(-4.86201195282883,-42.9292062824648,-85.5798693409747));
#3996=CARTESIAN_POINT('Ctrl Pts',(-4.80027641734623,-42.94520587372,-85.5649985552375));
#3997=CARTESIAN_POINT('Ctrl Pts',(-4.66871609251247,-42.9759477637988,-85.5364255715152));
#3998=CARTESIAN_POINT('Ctrl Pts',(-4.59869390545104,-42.9904104648966,-85.5229832450359));
#3999=CARTESIAN_POINT('Ctrl Pts',(-4.45673532387133,-43.0166147651341,-85.4986277144493));
#4000=CARTESIAN_POINT('Ctrl Pts',(-4.38479907914263,-43.0283573586667,-85.4877135861055));
#4001=CARTESIAN_POINT('Ctrl Pts',(-4.31211439610246,-43.039047674382,-85.4777774951183));
#4002=CARTESIAN_POINT('Ctrl Pts',(-4.31194719901282,-43.0390722653907,-85.4777546390581));
#4003=CARTESIAN_POINT('Ctrl Pts',(-4.31177999637304,-43.0390968511831,-85.4777317878461));
#4004=CARTESIAN_POINT('Ctrl Pts',(-4.21749992534787,-43.0529565706417,-85.4648499013552));
#4005=CARTESIAN_POINT('Ctrl Pts',(-4.12263430423444,-43.0649952725081,-85.4536605557552));
#4006=CARTESIAN_POINT('Ctrl Pts',(-3.92919385367513,-43.0864611651192,-85.4337091279599));
#4007=CARTESIAN_POINT('Ctrl Pts',(-3.83058674571632,-43.0958119749361,-85.4250180378538));
#4008=CARTESIAN_POINT('Ctrl Pts',(-3.62960471890094,-43.1123840032431,-85.4096152017277));
#4009=CARTESIAN_POINT('Ctrl Pts',(-3.5272011023954,-43.1195388177201,-85.402965174775));
#4010=CARTESIAN_POINT('Ctrl Pts',(-3.31850799666996,-43.1322112395096,-85.3911868195532));
#4011=CARTESIAN_POINT('Ctrl Pts',(-3.21219345821064,-43.1376736730343,-85.3861097724428));
#4012=CARTESIAN_POINT('Ctrl Pts',(-2.99373333895484,-43.1475518885596,-85.3769284862334));
#4013=CARTESIAN_POINT('Ctrl Pts',(-2.8815554284765,-43.1519038308834,-85.3728835827852));
#4014=CARTESIAN_POINT('Ctrl Pts',(-2.65315453101499,-43.1599991991626,-85.3653593601207));
#4015=CARTESIAN_POINT('Ctrl Pts',(-2.53691558849741,-43.1637188361992,-85.361902151464));
#4016=CARTESIAN_POINT('Ctrl Pts',(-2.35326250404053,-43.1694949540778,-85.3565335511044));
#4017=CARTESIAN_POINT('Ctrl Pts',(-2.28595860872198,-43.1715897732343,-85.3545865259375));
#4018=CARTESIAN_POINT('Ctrl Pts',(-2.18494249907583,-43.1747903630645,-85.3516117445923));
#4019=CARTESIAN_POINT('Ctrl Pts',(-2.15126038385857,-43.1758669002562,-85.350611159411));
#4020=CARTESIAN_POINT('Ctrl Pts',(-2.09962767477149,-43.1775424513465,-85.349053822048));
#4021=CARTESIAN_POINT('Ctrl Pts',(-2.08168303811435,-43.1781294534531,-85.3485082342004));
#4022=CARTESIAN_POINT('Ctrl Pts',(-2.05146165226411,-43.1791277015472,-85.3475804146529));
#4023=CARTESIAN_POINT('Ctrl Pts',(-2.03918602604166,-43.1795358602908,-85.3472010523851));
#4024=CARTESIAN_POINT('Ctrl Pts',(-2.02343150739036,-43.1800635589635,-85.3467105839868));
#4025=CARTESIAN_POINT('Ctrl Pts',(-2.01995346473108,-43.1801802981384,-85.3466020810114));
#4026=CARTESIAN_POINT('Ctrl Pts',(-2.01647532450677,-43.1802972900427,-85.3464933431372));
#4027=CARTESIAN_POINT('Ctrl Pts',(-1.84743396535562,-43.1859832225344,-85.3412085653919));
#4028=CARTESIAN_POINT('Ctrl Pts',(-1.67863138662323,-43.1920366705247,-85.3355822011555));
#4029=CARTESIAN_POINT('Ctrl Pts',(-1.35326687514273,-43.2033492715028,-85.3250677284672));
#4030=CARTESIAN_POINT('Ctrl Pts',(-1.19667089278271,-43.2086318790462,-85.3201578202291));
#4031=CARTESIAN_POINT('Ctrl Pts',(-0.90774704888346,-43.2172514306897,-85.3121463964621));
#4032=CARTESIAN_POINT('Ctrl Pts',(-0.775371198218328,-43.2207617660283,
-85.3088837228191));
#4033=CARTESIAN_POINT('Ctrl Pts',(-0.525289574194296,-43.2260874355804,
-85.3039337906892));
#4034=CARTESIAN_POINT('Ctrl Pts',(-0.407557806142934,-43.228045703909,-85.302113682396));
#4035=CARTESIAN_POINT('Ctrl Pts',(-0.19320352004027,-43.2303263522846,-85.2999939386602));
#4036=CARTESIAN_POINT('Ctrl Pts',(-0.0965390789446873,-43.2308774655784,
-85.2994817075926));
#4037=CARTESIAN_POINT('Ctrl Pts',(-1.3074534584973E-11,-43.2308774655783,
-85.2994817075926));
#4038=CARTESIAN_POINT('Ctrl Pts',(1.6377509068037E-15,-43.0947183162659,
-85.1529870453365));
#4039=CARTESIAN_POINT('Ctrl Pts',(-9.41468030990446E-11,-44.0750641916446,
-86.2077486139346));
#4040=CARTESIAN_POINT('Ctrl Pts',(-0.688394163658681,-43.0947183162659,
-85.1529870453365));
#4041=CARTESIAN_POINT('Ctrl Pts',(-0.688394163752829,-44.0750641916446,
-86.2077486139346));
#4042=CARTESIAN_POINT('Ctrl Pts',(-1.3440335229912,-43.0667566212433,-85.1789759827348));
#4043=CARTESIAN_POINT('Ctrl Pts',(-1.34403352308535,-44.047102496622,-86.2337375513329));
#4044=CARTESIAN_POINT('Ctrl Pts',(-2.01647532449369,-43.0441381407299,-85.1999986808807));
#4045=CARTESIAN_POINT('Ctrl Pts',(-2.01647532458784,-44.0244840161086,-86.2547602494788));
#4046=CARTESIAN_POINT('Ctrl Pts',(-2.84444249551865,-43.0162883561363,-85.225883603371));
#4047=CARTESIAN_POINT('Ctrl Pts',(-2.8444424956128,-43.996634231515,-86.2806451719692));
#4048=CARTESIAN_POINT('Ctrl Pts',(-3.62305305839349,-43.0042342686161,-85.2370872491338));
#4049=CARTESIAN_POINT('Ctrl Pts',(-3.62305305848764,-43.9845801439948,-86.2918488177319));
#4050=CARTESIAN_POINT('Ctrl Pts',(-4.31211439608938,-42.9028885250682,-85.3312828328608));
#4051=CARTESIAN_POINT('Ctrl Pts',(-4.31211439618353,-43.8832344004469,-86.3860444014589));
#4052=CARTESIAN_POINT('Ctrl Pts',(-4.64082022999437,-42.8545431379115,-85.3762173491444));
#4053=CARTESIAN_POINT('Ctrl Pts',(-4.64082023008852,-43.8348890132902,-86.4309789177425));
#4054=CARTESIAN_POINT('Ctrl Pts',(-4.95531641049786,-42.7845669039446,-85.4412566089341));
#4055=CARTESIAN_POINT('Ctrl Pts',(-4.95531641059201,-43.7649127793233,-86.4960181775322));
#4056=CARTESIAN_POINT('Ctrl Pts',(-5.25043904503946,-42.6606766479052,-85.5564061413879));
#4057=CARTESIAN_POINT('Ctrl Pts',(-5.25043904513361,-43.6410225232839,-86.611167709986));
#4058=CARTESIAN_POINT('Ctrl Pts',(-5.48719146543659,-42.5612897675105,-85.6487810639634));
#4059=CARTESIAN_POINT('Ctrl Pts',(-5.48719146553074,-43.5416356428892,-86.7035426325616));
#4060=CARTESIAN_POINT('Ctrl Pts',(-5.69927565324817,-42.4244597673346,-85.7759574141767));
#4061=CARTESIAN_POINT('Ctrl Pts',(-5.69927565334232,-43.4048056427133,-86.8307189827748));
#4062=CARTESIAN_POINT('Ctrl Pts',(-5.85830379300417,-42.2716086502304,-85.9180245567614));
#4063=CARTESIAN_POINT('Ctrl Pts',(-5.85830379309832,-43.2519545256091,-86.9727861253595));
#4064=CARTESIAN_POINT('Ctrl Pts',(-6.02536155641562,-42.1110397987204,-86.0672649310176));
#4065=CARTESIAN_POINT('Ctrl Pts',(-6.02536155650977,-43.0913856740991,-87.1220264996157));
#4066=CARTESIAN_POINT('Ctrl Pts',(-6.13386290636441,-41.9442101501416,-86.2223243899244));
#4067=CARTESIAN_POINT('Ctrl Pts',(-6.13386290645856,-42.9245560255203,-87.2770859585225));
#4068=CARTESIAN_POINT('Ctrl Pts',(-6.21855362145598,-41.786489402433,-86.3689176002179));
#4069=CARTESIAN_POINT('Ctrl Pts',(-6.21855362155013,-42.7668352778117,-87.423679168816));
#4070=CARTESIAN_POINT('Ctrl Pts',(-6.31052208576196,-41.6152151967511,-86.5281080429223));
#4071=CARTESIAN_POINT('Ctrl Pts',(-6.31052208585611,-42.5955610721298,-87.5828696115204));
#4072=CARTESIAN_POINT('Ctrl Pts',(-6.39698856760914,-41.4137068270812,-86.7153995644253));
#4073=CARTESIAN_POINT('Ctrl Pts',(-6.39698856770329,-42.3940527024599,-87.7701611330234));
#4074=CARTESIAN_POINT('Ctrl Pts',(-6.466694138255,-41.2188264772669,-86.8965306871055));
#4075=CARTESIAN_POINT('Ctrl Pts',(-6.46669413834915,-42.1991723526456,-87.9512922557036));
#4076=CARTESIAN_POINT('Ctrl Pts',(-6.53682351011157,-41.0227612791337,-87.0787630645115));
#4077=CARTESIAN_POINT('Ctrl Pts',(-6.53682351020572,-42.0031071545124,-88.1335246331096));
#4078=CARTESIAN_POINT('Ctrl Pts',(-6.59257067093699,-40.8208065639537,-87.2664694408904));
#4079=CARTESIAN_POINT('Ctrl Pts',(-6.59257067103114,-41.8011524393324,-88.3212310094885));
#4080=CARTESIAN_POINT('Ctrl Pts',(-6.62765235615576,-40.6124601781398,-87.4601165418156));
#4081=CARTESIAN_POINT('Ctrl Pts',(-6.62765235624991,-41.5928060535185,-88.5148781104137));
#4082=CARTESIAN_POINT('',(-6.62765235620153,-41.0890172006677,-87.9728478596413));
#4083=CARTESIAN_POINT('',(-6.62765235615576,-40.6124601781398,-87.4601165418156));
#4084=CARTESIAN_POINT('',(-4.57642726391461E-11,-43.5712753387938,-85.6657183631622));
#4085=CARTESIAN_POINT('Ctrl Pts',(-4.57649654183685E-11,-43.5712753387938,
-85.6657183631622));
#4086=CARTESIAN_POINT('Ctrl Pts',(-0.688354107968666,-43.5712753387938,
-85.6657183631623));
#4087=CARTESIAN_POINT('Ctrl Pts',(-1.34395526805742,-43.5433162759822,-85.6917048540576));
#4088=CARTESIAN_POINT('Ctrl Pts',(-2.01647532453946,-43.5206951632578,-85.7127299987065));
#4089=CARTESIAN_POINT('Ctrl Pts',(-2.07572191194894,-43.5187023249485,-85.7145822379939));
#4090=CARTESIAN_POINT('Ctrl Pts',(-2.13470611096335,-43.5167906822269,-85.7163590102168));
#4091=CARTESIAN_POINT('Ctrl Pts',(-2.1934207091383,-43.5149214675303,-85.7180963478029));
#4092=CARTESIAN_POINT('Ctrl Pts',(-2.26432040183939,-43.5126643329896,-85.7201942366551));
#4093=CARTESIAN_POINT('Ctrl Pts',(-2.33482871330442,-43.5104690197546,-85.7222346658276));
#4094=CARTESIAN_POINT('Ctrl Pts',(-2.40492705174884,-43.5082675428645,-85.724280823796));
#4095=CARTESIAN_POINT('Ctrl Pts',(-2.84155593270844,-43.4945549726051,-85.7370259427794));
#4096=CARTESIAN_POINT('Ctrl Pts',(-3.26199062265227,-43.4806120412876,-85.7499851703537));
#4097=CARTESIAN_POINT('Ctrl Pts',(-3.66005706361346,-43.4500643359078,-85.7783776695257));
#4098=CARTESIAN_POINT('Ctrl Pts',(-3.88491660327317,-43.4328085658591,-85.7944160079452));
#4099=CARTESIAN_POINT('Ctrl Pts',(-4.10263804502414,-43.4102549043219,-85.8153784602328));
#4100=CARTESIAN_POINT('Ctrl Pts',(-4.31211439613515,-43.3794455475961,-85.8440141506866));
#4101=CARTESIAN_POINT('Ctrl Pts',(-4.36525470346923,-43.371629779007,-85.8512785000194));
#4102=CARTESIAN_POINT('Ctrl Pts',(-4.41801587801346,-43.3632498531033,-85.8590672041408));
#4103=CARTESIAN_POINT('Ctrl Pts',(-4.47038244491182,-43.3541687634388,-85.8675076034032));
#4104=CARTESIAN_POINT('Ctrl Pts',(-4.60032388304441,-43.3316351141908,-85.8884514552446));
#4105=CARTESIAN_POINT('Ctrl Pts',(-4.72784820195105,-43.3047815320068,-85.9134104594107));
#4106=CARTESIAN_POINT('Ctrl Pts',(-4.85261442980262,-43.2715270066861,-85.9443188064432));
#4107=CARTESIAN_POINT('Ctrl Pts',(-4.92414560171451,-43.2524614694127,-85.9620392290541));
#4108=CARTESIAN_POINT('Ctrl Pts',(-4.99477110746824,-43.2312918330577,-85.9817153020424));
#4109=CARTESIAN_POINT('Ctrl Pts',(-5.06442926279556,-43.2076252871006,-86.0037121223181));
#4110=CARTESIAN_POINT('Ctrl Pts',(-5.12723398852646,-43.1862872123146,-86.0235447500681));
#4111=CARTESIAN_POINT('Ctrl Pts',(-5.18925228218273,-43.1629192031938,-86.0452640959422));
#4112=CARTESIAN_POINT('Ctrl Pts',(-5.25043185895155,-43.1372366871056,-86.0691346553739));
#4113=CARTESIAN_POINT('Ctrl Pts',(-5.2504342543307,-43.1372356815516,-86.0691355899839));
#4114=CARTESIAN_POINT('Ctrl Pts',(-5.2504366497086,-43.1372346759941,-86.0691365245971));
#4115=CARTESIAN_POINT('Ctrl Pts',(-5.25043904508523,-43.1372336704331,-86.0691374592137));
#4116=CARTESIAN_POINT('Ctrl Pts',(-5.38042430765417,-43.0826668376111,-86.1198544848121));
#4117=CARTESIAN_POINT('Ctrl Pts',(-5.5030144294709,-43.0167926843415,-86.1810810752285));
#4118=CARTESIAN_POINT('Ctrl Pts',(-5.61345890270384,-42.9431713089729,-86.2495083045791));
#4119=CARTESIAN_POINT('Ctrl Pts',(-5.69471625103491,-42.8890058304493,-86.2998522923579));
#4120=CARTESIAN_POINT('Ctrl Pts',(-5.76939634536136,-42.8306508711972,-86.3540901839983));
#4121=CARTESIAN_POINT('Ctrl Pts',(-5.83563127070388,-42.7695178250534,-86.4109101624823));
#4122=CARTESIAN_POINT('Ctrl Pts',(-5.84330303993338,-42.7624369893782,-86.4174914299978));
#4123=CARTESIAN_POINT('Ctrl Pts',(-5.85086151613694,-42.7553188743343,-86.4241073467418));
#4124=CARTESIAN_POINT('Ctrl Pts',(-5.85830379304994,-42.7481656727582,-86.4307558745871));
#4125=CARTESIAN_POINT('Ctrl Pts',(-5.95286183420441,-42.6572804857477,-86.5152289165017));
#4126=CARTESIAN_POINT('Ctrl Pts',(-6.02865037842385,-42.5644000644002,-86.6015564247695));
#4127=CARTESIAN_POINT('Ctrl Pts',(-6.09198222620443,-42.472302816421,-86.6871560142208));
#4128=CARTESIAN_POINT('Ctrl Pts',(-6.12270658183947,-42.4276234221022,-86.7286831813679));
#4129=CARTESIAN_POINT('Ctrl Pts',(-6.15049826829569,-42.3831292659454,-86.7700381793005));
#4130=CARTESIAN_POINT('Ctrl Pts',(-6.17607669619873,-42.3391386324371,-86.8109251791755));
#4131=CARTESIAN_POINT('Ctrl Pts',(-6.19093556338679,-42.3135838570108,-86.8346770103343));
#4132=CARTESIAN_POINT('Ctrl Pts',(-6.2050474120187,-42.2881990486675,-86.8582708659483));
#4133=CARTESIAN_POINT('Ctrl Pts',(-6.21854941098337,-42.2630542662414,-86.8816416299824));
#4134=CARTESIAN_POINT('Ctrl Pts',(-6.218550814496,-42.2630516524788,-86.8816440593384));
#4135=CARTESIAN_POINT('Ctrl Pts',(-6.21855221800212,-42.2630490387186,-86.8816464886922));
#4136=CARTESIAN_POINT('Ctrl Pts',(-6.21855362150175,-42.2630464249609,-86.8816489180437));
#4137=CARTESIAN_POINT('Ctrl Pts',(-6.2596387141185,-42.1865330607725,-86.9527641000963));
#4138=CARTESIAN_POINT('Ctrl Pts',(-6.29965681353253,-42.1039239761737,-87.0295449363951));
#4139=CARTESIAN_POINT('Ctrl Pts',(-6.33757109163177,-42.0185562744237,-87.1088897634818));
#4140=CARTESIAN_POINT('Ctrl Pts',(-6.35631320872552,-41.9763565664922,-87.1481121914058));
#4141=CARTESIAN_POINT('Ctrl Pts',(-6.37454051101455,-41.9334853474789,-87.1879587538629));
#4142=CARTESIAN_POINT('Ctrl Pts',(-6.39213114422124,-41.8903415391283,-87.2280586738943));
#4143=CARTESIAN_POINT('Ctrl Pts',(-6.41855628668545,-41.8255297004232,-87.2882978982123));
#4144=CARTESIAN_POINT('Ctrl Pts',(-6.44354764581105,-41.76009563846,-87.3491154466014));
#4145=CARTESIAN_POINT('Ctrl Pts',(-6.46669413830077,-41.6953834997948,-87.4092620049313));
#4146=CARTESIAN_POINT('Ctrl Pts',(-6.47344495444477,-41.6765098086466,-87.4268041166426));
#4147=CARTESIAN_POINT('Ctrl Pts',(-6.48006015143942,-41.6575881578408,-87.4443908043548));
#4148=CARTESIAN_POINT('Ctrl Pts',(-6.48653563746898,-41.6386144547403,-87.4620258719604));
#4149=CARTESIAN_POINT('Ctrl Pts',(-6.4959647202475,-41.6109864718625,-87.4877046413223));
#4150=CARTESIAN_POINT('Ctrl Pts',(-6.50509762668416,-41.5832481327116,-87.5134859810852));
#4151=CARTESIAN_POINT('Ctrl Pts',(-6.51392093208146,-41.555386438779,-87.5393819726852));
#4152=CARTESIAN_POINT('Ctrl Pts',(-6.52314901939926,-41.5262465492642,-87.5664659804244));
#4153=CARTESIAN_POINT('Ctrl Pts',(-6.53203649737927,-41.4969774843993,-87.5936700499153));
#4154=CARTESIAN_POINT('Ctrl Pts',(-6.54056295078768,-41.467580079785,-87.6209934045109));
#4155=CARTESIAN_POINT('Ctrl Pts',(-6.57383903458444,-41.3528511939872,-87.7276279210652));
#4156=CARTESIAN_POINT('Ctrl Pts',(-6.60162286683942,-41.2361525922054,-87.8360931859115));
#4157=CARTESIAN_POINT('Ctrl Pts',(-6.62274938264277,-41.1173412949907,-87.9465220909914));
#4158=CARTESIAN_POINT('Ctrl Pts',(-6.62442583512906,-41.1079132616856,-87.9552849563026));
#4159=CARTESIAN_POINT('Ctrl Pts',(-6.62606035577553,-41.0984719213546,-87.9640601898004));
#4160=CARTESIAN_POINT('Ctrl Pts',(-6.62765235620152,-41.0890172006677,-87.9728478596413));
#4161=CARTESIAN_POINT('',(1.31218815436143E-15,-43.0947183162659,-85.1529870453365));
#4162=CARTESIAN_POINT('Ctrl Pts',(-6.62765235615577,-40.6124601781398,-87.4601165418156));
#4163=CARTESIAN_POINT('Ctrl Pts',(-6.62765235622115,-41.2932559246082,-88.1925898529953));
#4164=CARTESIAN_POINT('Ctrl Pts',(-6.68391646974585,-40.2783136100826,-87.7706883520038));
#4165=CARTESIAN_POINT('Ctrl Pts',(-6.68391646981123,-40.959109356551,-88.5031616631835));
#4166=CARTESIAN_POINT('Ctrl Pts',(-6.68616660465065,-39.9489354358463,-88.0768281887939));
#4167=CARTESIAN_POINT('Ctrl Pts',(-6.68616660471603,-40.6297311823147,-88.8093014999736));
#4168=CARTESIAN_POINT('Ctrl Pts',(-6.68393892544463,-39.694507548327,-88.3133056425312));
#4169=CARTESIAN_POINT('Ctrl Pts',(-6.68393892551001,-40.3753032947954,-89.0457789537109));
#4170=CARTESIAN_POINT('Ctrl Pts',(-6.68166714356088,-39.4350426020158,-88.5544647797468));
#4171=CARTESIAN_POINT('Ctrl Pts',(-6.68166714362627,-40.1158383484842,-89.2869380909265));
#4172=CARTESIAN_POINT('Ctrl Pts',(-6.66576385115608,-39.1874145117667,-88.7846221765122));
#4173=CARTESIAN_POINT('Ctrl Pts',(-6.66576385122146,-39.8682102582351,-89.5170954876918));
#4174=CARTESIAN_POINT('Ctrl Pts',(-6.56121521014145,-38.8232528131595,-89.1230914853403));
#4175=CARTESIAN_POINT('Ctrl Pts',(-6.56121521020683,-39.5040485596279,-89.85556479652));
#4176=CARTESIAN_POINT('',(-6.56121521018721,-39.2998098356874,-89.6358228031661));
#4177=CARTESIAN_POINT('',(-6.56121521014145,-38.8232528131595,-89.1230914853403));
#4178=CARTESIAN_POINT('Ctrl Pts',(-6.62765235620154,-41.0890172006677,-87.9728478596414));
#4179=CARTESIAN_POINT('Ctrl Pts',(-6.66742531938793,-40.8528098154945,-88.1923903065968));
#4180=CARTESIAN_POINT('Ctrl Pts',(-6.68020644657609,-40.6189875866246,-88.4097158751476));
#4181=CARTESIAN_POINT('Ctrl Pts',(-6.68349592718041,-40.4123614682893,-88.6017640771587));
#4182=CARTESIAN_POINT('Ctrl Pts',(-6.68381911991638,-40.3920603726029,-88.6206328869532));
#4183=CARTESIAN_POINT('Ctrl Pts',(-6.68405068925319,-40.3720217719563,-88.6392577212964));
#4184=CARTESIAN_POINT('Ctrl Pts',(-6.68420723011839,-40.3522691717259,-88.657616733167));
#4185=CARTESIAN_POINT('Ctrl Pts',(-6.68462740213768,-40.2992511312662,-88.7068942370299));
#4186=CARTESIAN_POINT('Ctrl Pts',(-6.68450704751094,-40.2482935853318,-88.7542566186805));
#4187=CARTESIAN_POINT('Ctrl Pts',(-6.68416698841201,-40.1998508115378,-88.7992816507652));
#4188=CARTESIAN_POINT('Ctrl Pts',(-6.68409891449344,-40.1901534105598,-88.8082948792815));
#4189=CARTESIAN_POINT('Ctrl Pts',(-6.68402203388849,-40.1805568183964,-88.8172144112617));
#4190=CARTESIAN_POINT('Ctrl Pts',(-6.68393896583688,-40.1710691789746,-88.82603267735));
#4191=CARTESIAN_POINT('Ctrl Pts',(-6.68393895238821,-40.171067642932,-88.8260341050215));
#4192=CARTESIAN_POINT('Ctrl Pts',(-6.68393893893939,-40.1710661068921,-88.8260355326905));
#4193=CARTESIAN_POINT('Ctrl Pts',(-6.6839389254904,-40.1710645708549,-88.826036960357));
#4194=CARTESIAN_POINT('Ctrl Pts',(-6.68286881914344,-40.0488454934653,-88.939633219403));
#4195=CARTESIAN_POINT('Ctrl Pts',(-6.67877201856478,-39.9291064234816,-89.050924440891));
#4196=CARTESIAN_POINT('Ctrl Pts',(-6.66378054102431,-39.7985716266359,-89.1722497275299));
#4197=CARTESIAN_POINT('Ctrl Pts',(-6.65730372423888,-39.7421762539309,-89.2246662855962));
#4198=CARTESIAN_POINT('Ctrl Pts',(-6.64879462468702,-39.6837676996486,-89.2789539909567));
#4199=CARTESIAN_POINT('Ctrl Pts',(-6.63761848494411,-39.6222527226562,-89.336128954235));
#4200=CARTESIAN_POINT('Ctrl Pts',(-6.62292592197461,-39.5413828790591,-89.4112932567194));
#4201=CARTESIAN_POINT('Ctrl Pts',(-6.60362415932426,-39.4551486412347,-89.4914434838999));
#4202=CARTESIAN_POINT('Ctrl Pts',(-6.57827708224086,-39.3610962571486,-89.5788602703358));
#4203=CARTESIAN_POINT('Ctrl Pts',(-6.57286955296556,-39.3410311814523,-89.5975097118571));
#4204=CARTESIAN_POINT('Ctrl Pts',(-6.56718689880166,-39.3206102999334,-89.6164898563363));
#4205=CARTESIAN_POINT('Ctrl Pts',(-6.56121521018722,-39.2998098356874,-89.6358228031661));
#4206=CARTESIAN_POINT('Ctrl Pts',(-6.56121521014144,-38.8232528131595,-89.1230914853402));
#4207=CARTESIAN_POINT('Ctrl Pts',(-6.56121521020682,-39.5040485596279,-89.8555647965199));
#4208=CARTESIAN_POINT('Ctrl Pts',(-6.46413997190549,-38.4851223190123,-89.4373661470783));
#4209=CARTESIAN_POINT('Ctrl Pts',(-6.46413997197087,-39.1659180654807,-90.169839458258));
#4210=CARTESIAN_POINT('Ctrl Pts',(-6.28094022931994,-37.9279693318168,-89.9552107946829));
#4211=CARTESIAN_POINT('Ctrl Pts',(-6.28094022938532,-38.6087650782852,-90.6876841058626));
#4212=CARTESIAN_POINT('Ctrl Pts',(-5.99798983270442,-37.4828470752916,-90.3689287202263));
#4213=CARTESIAN_POINT('Ctrl Pts',(-5.9979898327698,-38.16364282176,-91.101402031406));
#4214=CARTESIAN_POINT('Ctrl Pts',(-5.84274313014189,-37.2386213615647,-90.5959237854387));
#4215=CARTESIAN_POINT('Ctrl Pts',(-5.84274313020727,-37.9194171080331,-91.3283970966184));
#4216=CARTESIAN_POINT('Ctrl Pts',(-5.63225001559782,-37.0284069777087,-90.7913070931366));
#4217=CARTESIAN_POINT('Ctrl Pts',(-5.6322500156632,-37.7092027241771,-91.5237804043163));
#4218=CARTESIAN_POINT('Ctrl Pts',(-5.39500025857718,-36.8710025001423,-90.9376063468256));
#4219=CARTESIAN_POINT('Ctrl Pts',(-5.39500025864256,-37.5517982466107,-91.6700796580053));
#4220=CARTESIAN_POINT('Ctrl Pts',(-5.13444822502882,-36.6981380165932,-91.098274869879));
#4221=CARTESIAN_POINT('Ctrl Pts',(-5.1344482250942,-37.3789337630616,-91.8307481810587));
#4222=CARTESIAN_POINT('Ctrl Pts',(-4.82985005937476,-36.5534658569247,-91.232740098037));
#4223=CARTESIAN_POINT('Ctrl Pts',(-4.82985005944014,-37.2342616033931,-91.9652134092167));
#4224=CARTESIAN_POINT('Ctrl Pts',(-4.52098392943023,-36.4285461152663,-91.3488464836889));
#4225=CARTESIAN_POINT('Ctrl Pts',(-4.52098392949561,-37.1093418617347,-92.0813197948686));
#4226=CARTESIAN_POINT('Ctrl Pts',(-3.92369275536024,-36.1869739520346,-91.5733752120913));
#4227=CARTESIAN_POINT('Ctrl Pts',(-3.92369275542562,-36.867769698503,-92.305848523271));
#4228=CARTESIAN_POINT('Ctrl Pts',(-3.37655366779724,-36.0736812538454,-91.6786748655552));
#4229=CARTESIAN_POINT('Ctrl Pts',(-3.37655366786262,-36.7544770003137,-92.4111481767349));
#4230=CARTESIAN_POINT('Ctrl Pts',(-2.91616312712755,-36.010075575913,-91.7377930263328));
#4231=CARTESIAN_POINT('Ctrl Pts',(-2.91616312719293,-36.6908713223814,-92.4702663375125));
#4232=CARTESIAN_POINT('Ctrl Pts',(-2.11753464905068,-35.8997403251274,-91.8403438882593));
#4233=CARTESIAN_POINT('Ctrl Pts',(-2.11753464911606,-36.5805360715958,-92.572817199439));
#4234=CARTESIAN_POINT('Ctrl Pts',(-0.99065398923695,-35.8389103668478,-91.8968821639674));
#4235=CARTESIAN_POINT('Ctrl Pts',(-0.990653989302331,-36.5197061133162,
-92.6293554751471));
#4236=CARTESIAN_POINT('Ctrl Pts',(3.74970627067622E-15,-35.8389103668478,
-91.8968821639674));
#4237=CARTESIAN_POINT('Ctrl Pts',(-6.53771119641238E-11,-36.5197061133162,
-92.6293554751471));
#4238=CARTESIAN_POINT('',(-4.57700320836438E-11,-36.3154673893757,-92.4096134817932));
#4239=CARTESIAN_POINT('',(-3.68414057151973E-15,-35.8389103668478,-91.8968821639674));
#4240=CARTESIAN_POINT('Ctrl Pts',(-6.56121521018719,-39.2998098356874,-89.6358228031661));
#4241=CARTESIAN_POINT('Ctrl Pts',(-6.50744934413776,-39.1125336653075,-89.809886237599));
#4242=CARTESIAN_POINT('Ctrl Pts',(-6.42726533287054,-38.8580710023991,-90.0463960132458));
#4243=CARTESIAN_POINT('Ctrl Pts',(-6.31833711127836,-38.5926489894007,-90.2930919333016));
#4244=CARTESIAN_POINT('Ctrl Pts',(-6.23784145832538,-38.3965077329649,-90.4753950029329));
#4245=CARTESIAN_POINT('Ctrl Pts',(-6.14165000148648,-38.1943803221983,-90.6632618908534));
#4246=CARTESIAN_POINT('Ctrl Pts',(-6.02880422060164,-38.0089534259495,-90.8356065214159));
#4247=CARTESIAN_POINT('Ctrl Pts',(-6.01866739284369,-37.992296706538,-90.8510880735069));
#4248=CARTESIAN_POINT('Ctrl Pts',(-6.00839616436513,-37.9757747757404,-90.8664443466102));
#4249=CARTESIAN_POINT('Ctrl Pts',(-5.99798983275019,-37.9594040978195,-90.8816600380521));
#4250=CARTESIAN_POINT('Ctrl Pts',(-5.98696053710337,-37.9420534065855,-90.8977866007634));
#4251=CARTESIAN_POINT('Ctrl Pts',(-5.97565638057541,-37.9248805403348,-90.9137478844258));
#4252=CARTESIAN_POINT('Ctrl Pts',(-5.96408533304516,-37.9078879828313,-90.9295415805104));
#4253=CARTESIAN_POINT('Ctrl Pts',(-5.94796108623071,-37.8842088655795,-90.9515500851954));
#4254=CARTESIAN_POINT('Ctrl Pts',(-5.93131864064056,-37.8608798122485,-90.9732332237209));
#4255=CARTESIAN_POINT('Ctrl Pts',(-5.91417787888023,-37.8379085612936,-90.9945838035963));
#4256=CARTESIAN_POINT('Ctrl Pts',(-5.80841620604035,-37.6961716908916,-91.1263208334491));
#4257=CARTESIAN_POINT('Ctrl Pts',(-5.68391266885697,-37.5683694303586,-91.2451063700809));
#4258=CARTESIAN_POINT('Ctrl Pts',(-5.5471515368372,-37.458717733559,-91.3470219042235));
#4259=CARTESIAN_POINT('Ctrl Pts',(-5.51142556634197,-37.4300735330705,-91.3736451948618));
#4260=CARTESIAN_POINT('Ctrl Pts',(-5.47486286011121,-37.4026679984381,-91.3991172101799));
#4261=CARTESIAN_POINT('Ctrl Pts',(-5.43757850333295,-37.3765764586171,-91.4233679358418));
#4262=CARTESIAN_POINT('Ctrl Pts',(-5.42348677416566,-37.3667150865971,-91.432533566891));
#4263=CARTESIAN_POINT('Ctrl Pts',(-5.40929188443081,-37.3570416136973,-91.4415245555066));
#4264=CARTESIAN_POINT('Ctrl Pts',(-5.39502070512399,-37.3475730881731,-91.4503250562239));
#4265=CARTESIAN_POINT('Ctrl Pts',(-5.39501388964755,-37.3475685662964,-91.4503292590725));
#4266=CARTESIAN_POINT('Ctrl Pts',(-5.3950070741472,-37.3475640444621,-91.4503334618816));
#4267=CARTESIAN_POINT('Ctrl Pts',(-5.39500025862295,-37.3475595226702,-91.4503376646514));
#4268=CARTESIAN_POINT('Ctrl Pts',(-5.33818678767152,-37.3098663556628,-91.4853714977902));
#4269=CARTESIAN_POINT('Ctrl Pts',(-5.27914913192304,-37.2734307456241,-91.5192364973047));
#4270=CARTESIAN_POINT('Ctrl Pts',(-5.2183802096098,-37.2382346069698,-91.5519494728024));
#4271=CARTESIAN_POINT('Ctrl Pts',(-5.16948190996916,-37.2099136944276,-91.5782722841529));
#4272=CARTESIAN_POINT('Ctrl Pts',(-5.11946356303732,-37.1823948996081,-91.6038495689085));
#4273=CARTESIAN_POINT('Ctrl Pts',(-5.06859402576548,-37.155660798735,-91.6286975215605));
#4274=CARTESIAN_POINT('Ctrl Pts',(-5.04457552524158,-37.1430380573014,-91.6404297014819));
#4275=CARTESIAN_POINT('Ctrl Pts',(-5.02035937094681,-37.1305859097062,-91.6520033233265));
#4276=CARTESIAN_POINT('Ctrl Pts',(-4.99596866176866,-37.1182997774946,-91.6634226425293));
#4277=CARTESIAN_POINT('Ctrl Pts',(-4.87942206636689,-37.0595927153317,-91.7179877953986));
#4278=CARTESIAN_POINT('Ctrl Pts',(-4.7588906004575,-37.004678458572,-91.7690277334299));
#4279=CARTESIAN_POINT('Ctrl Pts',(-4.63693257214257,-36.953060379171,-91.8170040464927));
#4280=CARTESIAN_POINT('Ctrl Pts',(-4.59840451539529,-36.9367535864176,-91.8321603600028));
#4281=CARTESIAN_POINT('Ctrl Pts',(-4.55973419399689,-36.9207755361695,-91.8470111244971));
#4282=CARTESIAN_POINT('Ctrl Pts',(-4.520983929476,-36.9051031377942,-91.8615778015147));
#4283=CARTESIAN_POINT('Ctrl Pts',(-4.5209778012476,-36.9051006592553,-91.8615801051873));
#4284=CARTESIAN_POINT('Ctrl Pts',(-4.52097167302417,-36.9050981807298,-91.8615824088475));
#4285=CARTESIAN_POINT('Ctrl Pts',(-4.52096554480569,-36.9050957022177,-91.8615847124953));
#4286=CARTESIAN_POINT('Ctrl Pts',(-4.47601440905154,-36.8869155516307,-91.8784822144212));
#4287=CARTESIAN_POINT('Ctrl Pts',(-4.43138433350779,-36.8694766016598,-91.894690809017));
#4288=CARTESIAN_POINT('Ctrl Pts',(-4.38705704891277,-36.8527305418811,-91.9102553983037));
#4289=CARTESIAN_POINT('Ctrl Pts',(-4.3583331938869,-36.8418791802935,-91.92034117302));
#4290=CARTESIAN_POINT('Ctrl Pts',(-4.32973606509418,-36.8313186931881,-91.9301565950701));
#4291=CARTESIAN_POINT('Ctrl Pts',(-4.30126243879407,-36.821037364696,-91.9397125537436));
#4292=CARTESIAN_POINT('Ctrl Pts',(-4.09850947326913,-36.7478268147175,-92.0077579420999));
#4293=CARTESIAN_POINT('Ctrl Pts',(-3.90240105016178,-36.6889081503126,-92.062519767953));
#4294=CARTESIAN_POINT('Ctrl Pts',(-3.71439507504789,-36.6409692017723,-92.1070765204605));
#4295=CARTESIAN_POINT('Ctrl Pts',(-3.57106976358142,-36.604423210472,-92.1410441133904));
#4296=CARTESIAN_POINT('Ctrl Pts',(-3.43245350745192,-36.574259458871,-92.1690797473296));
#4297=CARTESIAN_POINT('Ctrl Pts',(-3.29920051563825,-36.5490219398026,-92.1925367050719));
#4298=CARTESIAN_POINT('Ctrl Pts',(-3.21857796668427,-36.5337523905874,-92.2067289547029));
#4299=CARTESIAN_POINT('Ctrl Pts',(-3.1399208998126,-36.5202866331178,-92.2192446739883));
#4300=CARTESIAN_POINT('Ctrl Pts',(-3.06336923608957,-36.5083019544954,-92.230383807752));
#4301=CARTESIAN_POINT('Ctrl Pts',(-3.01339626927493,-36.5004783499131,-92.2376554402005));
#4302=CARTESIAN_POINT('Ctrl Pts',(-2.96431767530856,-36.4932854342599,-92.244340880192));
#4303=CARTESIAN_POINT('Ctrl Pts',(-2.91616312717332,-36.4866325984409,-92.2505243441586));
#4304=CARTESIAN_POINT('Ctrl Pts',(-2.91615247458337,-36.4866311267226,-92.2505257120441));
#4305=CARTESIAN_POINT('Ctrl Pts',(-2.91614182193382,-36.4866296550129,-92.2505270799215));
#4306=CARTESIAN_POINT('Ctrl Pts',(-2.91613116922465,-36.4866281833118,-92.2505284477909));
#4307=CARTESIAN_POINT('Ctrl Pts',(-2.87577635172118,-36.4810530543043,-92.2557102394757));
#4308=CARTESIAN_POINT('Ctrl Pts',(-2.83466036371102,-36.4756144613865,-92.2607651279894));
#4309=CARTESIAN_POINT('Ctrl Pts',(-2.7927193796875,-36.470297021981,-92.2657074106348));
#4310=CARTESIAN_POINT('Ctrl Pts',(-2.59076127004396,-36.4446919954066,-92.2895059476416));
#4311=CARTESIAN_POINT('Ctrl Pts',(-2.37088202480831,-36.4220591703281,-92.3105419784352));
#4312=CARTESIAN_POINT('Ctrl Pts',(-2.13973985082811,-36.4025499765941,-92.3286747568216));
#4313=CARTESIAN_POINT('Ctrl Pts',(-1.84249554844882,-36.3774615360834,-92.3519931541909));
#4314=CARTESIAN_POINT('Ctrl Pts',(-1.52662420624108,-36.3575382766916,-92.3705107851248));
#4315=CARTESIAN_POINT('Ctrl Pts',(-1.20619545758123,-36.3431131679294,-92.3839181717285));
#4316=CARTESIAN_POINT('Ctrl Pts',(-0.880971883195658,-36.3284722049942,
-92.3975261835334));
#4317=CARTESIAN_POINT('Ctrl Pts',(-0.551046989203204,-36.3194949734305,
-92.4058700523424));
#4318=CARTESIAN_POINT('Ctrl Pts',(-0.231116558457391,-36.3165447962053,
-92.4086120883018));
#4319=CARTESIAN_POINT('Ctrl Pts',(-0.153417667855345,-36.315828310759,-92.409278024179));
#4320=CARTESIAN_POINT('Ctrl Pts',(-0.0763084614441154,-36.3154673893757,
-92.4096134817932));
#4321=CARTESIAN_POINT('Ctrl Pts',(-4.57625048966293E-11,-36.3154673893757,
-92.4096134817932));
#4322=CARTESIAN_POINT('Ctrl Pts',(-8.78047634600421E-13,-43.5557720693505,
-86.0896990804245));
#4323=CARTESIAN_POINT('Ctrl Pts',(-0.677303322007718,-43.5557720693221,
-86.0896990803904));
#4324=CARTESIAN_POINT('Ctrl Pts',(-1.32787999529021,-43.5281221467047,-86.1153982415452));
#4325=CARTESIAN_POINT('Ctrl Pts',(-2.00271335043494,-43.5054232230546,-86.1364957073373));
#4326=CARTESIAN_POINT('Ctrl Pts',(-2.83532743507121,-43.477417133265,-86.1625259072894));
#4327=CARTESIAN_POINT('Ctrl Pts',(-3.60225740486667,-43.4639604704569,-86.1750331735767));
#4328=CARTESIAN_POINT('Ctrl Pts',(-4.2530543505358,-43.36824257604,-86.2639979649797));
#4329=CARTESIAN_POINT('Ctrl Pts',(-4.56319027785653,-43.3226284130608,-86.3063939508002));
#4330=CARTESIAN_POINT('Ctrl Pts',(-4.84363508896974,-43.2589733282262,-86.3655580327083));
#4331=CARTESIAN_POINT('Ctrl Pts',(-5.10126631139144,-43.1508216842208,-86.4660793460064));
#4332=CARTESIAN_POINT('Ctrl Pts',(-5.30201599055928,-43.066548483048,-86.5444068918855));
#4333=CARTESIAN_POINT('Ctrl Pts',(-5.48628913296736,-42.9474354053892,-86.6551162861652));
#4334=CARTESIAN_POINT('Ctrl Pts',(-5.619693749611,-42.8192125342013,-86.7742927584866));
#4335=CARTESIAN_POINT('Ctrl Pts',(-5.76398783934383,-42.6805231623754,-86.9031972973537));
#4336=CARTESIAN_POINT('Ctrl Pts',(-5.86025114420951,-42.5342022198387,-87.0391949832373));
#4337=CARTESIAN_POINT('Ctrl Pts',(-5.93937154932201,-42.3868551412533,-87.1761464090697));
#4338=CARTESIAN_POINT('Ctrl Pts',(-6.02544667776337,-42.2265561804902,-87.3251359339843));
#4339=CARTESIAN_POINT('Ctrl Pts',(-6.1093486937051,-42.0316387453226,-87.5063015256089));
#4340=CARTESIAN_POINT('Ctrl Pts',(-6.17648881511525,-41.8439307870592,-87.6807662844051));
#4341=CARTESIAN_POINT('Ctrl Pts',(-6.24369636432465,-41.6560343165581,-87.8554062554959));
#4342=CARTESIAN_POINT('Ctrl Pts',(-6.29666992966428,-41.4637574572761,-88.0341175695357));
#4343=CARTESIAN_POINT('Ctrl Pts',(-6.32990837820411,-41.2663578574649,-88.2175902037637));
#4344=CARTESIAN_POINT('Ctrl Pts',(-5.26245713672324E-13,-43.5609398258316,
-85.9483721746704));
#4345=CARTESIAN_POINT('Ctrl Pts',(-0.681034967732112,-43.5609292488881,
-85.9483820053475));
#4346=CARTESIAN_POINT('Ctrl Pts',(-1.3332999255083,-43.5331730895884,-85.9741799079755));
#4347=CARTESIAN_POINT('Ctrl Pts',(-2.00730067513644,-43.510513869789,-85.995240471127));
#4348=CARTESIAN_POINT('Ctrl Pts',(-2.83841277501606,-43.4824212229552,-86.0213511213603));
#4349=CARTESIAN_POINT('Ctrl Pts',(-3.60918294336439,-43.4693957542151,-86.0334576152687));
#4350=CARTESIAN_POINT('Ctrl Pts',(-4.27274103240225,-43.371976899892,-86.1240033602153));
#4351=CARTESIAN_POINT('Ctrl Pts',(-4.58891750871515,-43.3254744067636,-86.1672250025909));
#4352=CARTESIAN_POINT('Ctrl Pts',(-4.88070908247798,-43.2597517384703,-86.228310795303));
#4353=CARTESIAN_POINT('Ctrl Pts',(-5.15099055595502,-43.146292346292,-86.3337653837418));
#4354=CARTESIAN_POINT('Ctrl Pts',(-5.36368834942401,-43.0569164912574,-86.4168355802949));
#4355=CARTESIAN_POINT('Ctrl Pts',(-5.55722189628555,-42.9318984772774,-86.5330333050732));
#4356=CARTESIAN_POINT('Ctrl Pts',(-5.69923043075307,-42.7955302470577,-86.6597804638497));
#4357=CARTESIAN_POINT('Ctrl Pts',(-5.85116448908461,-42.6495076607911,-86.7955008431249));
#4358=CARTESIAN_POINT('Ctrl Pts',(-5.95147588577858,-42.4963537257378,-86.9378494393075));
#4359=CARTESIAN_POINT('Ctrl Pts',(-6.03243224004478,-42.345585569163,-87.0779805787211));
#4360=CARTESIAN_POINT('Ctrl Pts',(-6.12042409005965,-42.1816672918829,-87.2303340695896));
#4361=CARTESIAN_POINT('Ctrl Pts',(-6.20519795040335,-41.9845356764272,-87.4135576263146));
#4362=CARTESIAN_POINT('Ctrl Pts',(-6.2732239228408,-41.794415024646,-87.5902648579061));
#4363=CARTESIAN_POINT('Ctrl Pts',(-6.34140477289476,-41.6037977472139,-87.7674336771426));
#4364=CARTESIAN_POINT('Ctrl Pts',(-6.39530318066282,-41.4082951441113,-87.9491431518352));
#4365=CARTESIAN_POINT('Ctrl Pts',(-6.42915637086992,-41.2072443051991,-88.1360094223896));
#4366=CARTESIAN_POINT('Ctrl Pts',(-1.74443792744228E-13,-43.5661075823127,
-85.8070452689163));
#4367=CARTESIAN_POINT('Ctrl Pts',(-0.684662517950485,-43.566118159229,-85.807035438204));
#4368=CARTESIAN_POINT('Ctrl Pts',(-1.33861359280338,-43.538262700888,-85.8329256341298));
#4369=CARTESIAN_POINT('Ctrl Pts',(-2.01188799983795,-43.5156045165234,-85.8539852349167));
#4370=CARTESIAN_POINT('Ctrl Pts',(-2.84135715562247,-43.4878412889739,-85.879789707126));
#4371=CARTESIAN_POINT('Ctrl Pts',(-3.61612751994527,-43.4753560073852,-85.891394125268));
#4372=CARTESIAN_POINT('Ctrl Pts',(-4.2924277142687,-43.3757112237441,-85.9840087554509));
#4373=CARTESIAN_POINT('Ctrl Pts',(-4.61509299891905,-43.3282541667752,-86.0281176151437));
#4374=CARTESIAN_POINT('Ctrl Pts',(-4.91824241680469,-43.2603455163248,-86.0912351640756));
#4375=CARTESIAN_POINT('Ctrl Pts',(-5.2007148005186,-43.1417630083632,-86.2014514214771));
#4376=CARTESIAN_POINT('Ctrl Pts',(-5.42551910677547,-43.0474787817631,-86.289083693441));
#4377=CARTESIAN_POINT('Ctrl Pts',(-5.62834289008489,-42.9165537178659,-86.4107717131953));
#4378=CARTESIAN_POINT('Ctrl Pts',(-5.77876711189515,-42.7718479599141,-86.5452681692128));
#4379=CARTESIAN_POINT('Ctrl Pts',(-5.93818490679016,-42.6186123227689,-86.6876927031313));
#4380=CARTESIAN_POINT('Ctrl Pts',(-6.04263816488871,-42.4586156666786,-86.8364012517653));
#4381=CARTESIAN_POINT('Ctrl Pts',(-6.12549293076755,-42.3043159970726,-86.9798147483725));
#4382=CARTESIAN_POINT('Ctrl Pts',(-6.21554467350093,-42.1366611079092,-87.1356412251215));
#4383=CARTESIAN_POINT('Ctrl Pts',(-6.3011393109469,-41.9373669185284,-87.3208747815233));
#4384=CARTESIAN_POINT('Ctrl Pts',(-6.36995903056635,-41.7448992622328,-87.4997634314072));
#4385=CARTESIAN_POINT('Ctrl Pts',(-6.43911510158254,-41.5515548710228,-87.6794669606747));
#4386=CARTESIAN_POINT('Ctrl Pts',(-6.49393741998275,-41.3528258996552,-87.8641751764085));
#4387=CARTESIAN_POINT('Ctrl Pts',(-6.52840436353574,-41.1481307529333,-88.0544286410156));
#4388=CARTESIAN_POINT('Ctrl Pts',(1.77358128183869E-13,-43.5712753387938,
-85.6657183631622));
#4389=CARTESIAN_POINT('Ctrl Pts',(-0.688394163674879,-43.571275338795,-85.6657183631611));
#4390=CARTESIAN_POINT('Ctrl Pts',(-1.34403352302148,-43.5433136437717,-85.6917073005601));
#4391=CARTESIAN_POINT('Ctrl Pts',(-2.01647532453946,-43.5206951632578,-85.7127299987065));
#4392=CARTESIAN_POINT('Ctrl Pts',(-2.84444249556732,-43.4928453786641,-85.7386149211969));
#4393=CARTESIAN_POINT('Ctrl Pts',(-3.623053058443,-43.4807912911434,-85.7498185669601));
#4394=CARTESIAN_POINT('Ctrl Pts',(-4.31211439613515,-43.3794455475961,-85.8440141506865));
#4395=CARTESIAN_POINT('Ctrl Pts',(-4.64082022977767,-43.331100160478,-85.8889486669343));
#4396=CARTESIAN_POINT('Ctrl Pts',(-4.95531641031293,-43.2611239265689,-85.9539879266703));
#4397=CARTESIAN_POINT('Ctrl Pts',(-5.25043904508217,-43.1372336704344,-86.0691374592125));
#4398=CARTESIAN_POINT('Ctrl Pts',(-5.48719146564021,-43.0378467899725,-86.1615123818504));
#4399=CARTESIAN_POINT('Ctrl Pts',(-5.69927565340309,-42.9010167897541,-86.2886887321033));
#4400=CARTESIAN_POINT('Ctrl Pts',(-5.85830379303722,-42.7481656727704,-86.4307558745758));
#4401=CARTESIAN_POINT('Ctrl Pts',(-6.02536155653094,-42.5875968211846,-86.5799962489025));
#4402=CARTESIAN_POINT('Ctrl Pts',(-6.13386290645778,-42.4207671725776,-86.7350557078355));
#4403=CARTESIAN_POINT('Ctrl Pts',(-6.21855362149032,-42.2630464249822,-86.8816489180239));
#4404=CARTESIAN_POINT('Ctrl Pts',(-6.31052208579721,-42.0917722193019,-87.0408393607268));
#4405=CARTESIAN_POINT('Ctrl Pts',(-6.39698856764515,-41.890263849633,-87.2281308822289));
#4406=CARTESIAN_POINT('Ctrl Pts',(-6.46669413829191,-41.6953834998195,-87.4092620049083));
#4407=CARTESIAN_POINT('Ctrl Pts',(-6.53682351015265,-41.4993183016786,-87.5914943823214));
#4408=CARTESIAN_POINT('Ctrl Pts',(-6.59257067098129,-41.2973635864904,-87.779200758708));
#4409=CARTESIAN_POINT('Ctrl Pts',(-6.62765235620155,-41.0890172006675,-87.9728478596415));
#4410=CARTESIAN_POINT('',(-5.57289995516171E-11,-43.5557720693505,-86.0896990804245));
#4411=CARTESIAN_POINT('',(-1.03791975014644E-12,-43.5557720693505,-86.0896990804245));
#4412=CARTESIAN_POINT('',(-6.32990837820408,-41.266357857465,-88.2175902037636));
#4413=CARTESIAN_POINT('',(-6.62765235620153,-41.0890172006677,-87.9728478596413));
#4414=CARTESIAN_POINT('Ctrl Pts',(-6.32990837820409,-41.266357857465,-88.2175902037636));
#4415=CARTESIAN_POINT('Ctrl Pts',(-6.31330310740389,-41.3649747892026,-88.1259309082904));
#4416=CARTESIAN_POINT('Ctrl Pts',(-6.29177394317868,-41.462313634262,-88.0354595277367));
#4417=CARTESIAN_POINT('Ctrl Pts',(-6.26598735746896,-41.5585201750421,-87.9460405649648));
#4418=CARTESIAN_POINT('Ctrl Pts',(-6.25263470054149,-41.6083372755948,-87.8997381678137));
#4419=CARTESIAN_POINT('Ctrl Pts',(-6.23814074393099,-41.6578489309799,-87.853719666018));
#4420=CARTESIAN_POINT('Ctrl Pts',(-6.22259438626684,-41.7070810024442,-87.8079610228973));
#4421=CARTESIAN_POINT('Ctrl Pts',(-6.20811769409466,-41.7529256664474,-87.7653507983685));
#4422=CARTESIAN_POINT('Ctrl Pts',(-6.19272760889541,-41.7985309462321,-87.7229630689877));
#4423=CARTESIAN_POINT('Ctrl Pts',(-6.17648881511526,-41.8439307870592,-87.6807662844051));
#4424=CARTESIAN_POINT('Ctrl Pts',(-6.17648317084466,-41.8439465671098,-87.680751617671));
#4425=CARTESIAN_POINT('Ctrl Pts',(-6.17647752645344,-41.8439623472173,-87.6807369508839));
#4426=CARTESIAN_POINT('Ctrl Pts',(-6.1764718819416,-41.8439781273818,-87.6807222840439));
#4427=CARTESIAN_POINT('Ctrl Pts',(-6.17200900633497,-41.8564548327818,-87.6691258369975));
#4428=CARTESIAN_POINT('Ctrl Pts',(-6.16749820155242,-41.8688915042418,-87.6575665994108));
#4429=CARTESIAN_POINT('Ctrl Pts',(-6.16289925194722,-41.8813993815478,-87.6459411797033));
#4430=CARTESIAN_POINT('Ctrl Pts',(-6.13673456463093,-41.9525601305876,-87.5798009742915));
#4431=CARTESIAN_POINT('Ctrl Pts',(-6.10838234949209,-42.0241848665906,-87.5132295171931));
#4432=CARTESIAN_POINT('Ctrl Pts',(-6.07859813504082,-42.0941466922723,-87.4482036485227));
#4433=CARTESIAN_POINT('Ctrl Pts',(-6.04955061422528,-42.1623780566116,-87.3847861534317));
#4434=CARTESIAN_POINT('Ctrl Pts',(-6.01913950176574,-42.229031923924,-87.3228348595656));
#4435=CARTESIAN_POINT('Ctrl Pts',(-5.9880423796822,-42.2921372745707,-87.2641817268959));
#4436=CARTESIAN_POINT('Ctrl Pts',(-5.9787090287119,-42.3110774319301,-87.2465778383032));
#4437=CARTESIAN_POINT('Ctrl Pts',(-5.96931380395141,-42.3296977191677,-87.2292712523085));
#4438=CARTESIAN_POINT('Ctrl Pts',(-5.95987491525782,-42.3479440382823,-87.2123122501828));
#4439=CARTESIAN_POINT('Ctrl Pts',(-5.9530609287045,-42.3611161581293,-87.2000694516719));
#4440=CARTESIAN_POINT('Ctrl Pts',(-5.94622417101811,-42.3740932202932,-87.1880079491058));
#4441=CARTESIAN_POINT('Ctrl Pts',(-5.93937927698414,-42.3868407498121,-87.1761597851638));
#4442=CARTESIAN_POINT('Ctrl Pts',(-5.93937670109954,-42.3868455469886,-87.1761553264384));
#4443=CARTESIAN_POINT('Ctrl Pts',(-5.93937412521216,-42.3868503441357,-87.1761508677404));
#4444=CARTESIAN_POINT('Ctrl Pts',(-5.93937154932201,-42.3868551412533,-87.1761464090697));
#4445=CARTESIAN_POINT('Ctrl Pts',(-5.92142881051498,-42.4202701641071,-87.1450888878213));
#4446=CARTESIAN_POINT('Ctrl Pts',(-5.90256276014803,-42.4537071581354,-87.1140109455121));
#4447=CARTESIAN_POINT('Ctrl Pts',(-5.88245963230464,-42.4869949886377,-87.0830716429219));
#4448=CARTESIAN_POINT('Ctrl Pts',(-5.87273944089803,-42.5030901996175,-87.0681119836337));
#4449=CARTESIAN_POINT('Ctrl Pts',(-5.86273093575342,-42.5191495886259,-87.053185619));
#4450=CARTESIAN_POINT('Ctrl Pts',(-5.85239898709471,-42.5351570403703,-87.0383075273448));
#4451=CARTESIAN_POINT('Ctrl Pts',(-5.82551243137572,-42.5768128071053,-86.9995906643896));
#4452=CARTESIAN_POINT('Ctrl Pts',(-5.79640634613289,-42.6181573735535,-86.961163045873));
#4453=CARTESIAN_POINT('Ctrl Pts',(-5.76443610234457,-42.6589820090684,-86.9232186760463));
#4454=CARTESIAN_POINT('Ctrl Pts',(-5.73442209171564,-42.6973086184111,-86.887596091282));
#4455=CARTESIAN_POINT('Ctrl Pts',(-5.70188312802778,-42.7351768309938,-86.8523995624024));
#4456=CARTESIAN_POINT('Ctrl Pts',(-5.66632997765271,-42.7724214120903,-86.8177826664688));
#4457=CARTESIAN_POINT('Ctrl Pts',(-5.66401271813866,-42.7748489145473,-86.8155264295221));
#4458=CARTESIAN_POINT('Ctrl Pts',(-5.66168267229585,-42.7772737709897,-86.8132726519081));
#4459=CARTESIAN_POINT('Ctrl Pts',(-5.65933971252627,-42.7796959370703,-86.8110213748451));
#4460=CARTESIAN_POINT('Ctrl Pts',(-5.65267000924792,-42.7865911169441,-86.8046126647158));
#4461=CARTESIAN_POINT('Ctrl Pts',(-5.64589565024485,-42.793464493997,-86.7982242191715));
#4462=CARTESIAN_POINT('Ctrl Pts',(-5.63901373889849,-42.8003150537319,-86.7918569811346));
#4463=CARTESIAN_POINT('Ctrl Pts',(-5.63409305513549,-42.805213320559,-86.7873042975491));
#4464=CARTESIAN_POINT('Ctrl Pts',(-5.62911738673438,-42.8100999223061,-86.7827624560472));
#4465=CARTESIAN_POINT('Ctrl Pts',(-5.62408569727086,-42.814974492227,-86.7782317975002));
#4466=CARTESIAN_POINT('Ctrl Pts',(-5.62262663057221,-42.8163879981067,-86.7769180174952));
#4467=CARTESIAN_POINT('Ctrl Pts',(-5.62116302978606,-42.8178002240771,-86.7756054270992));
#4468=CARTESIAN_POINT('Ctrl Pts',(-5.61973388917045,-42.8191739523679,-86.7743286182888));
#4469=CARTESIAN_POINT('Ctrl Pts',(-5.61972051019053,-42.8191868126023,-86.7743166653716));
#4470=CARTESIAN_POINT('Ctrl Pts',(-5.61970713033731,-42.8191996732135,-86.7743047121041));
#4471=CARTESIAN_POINT('Ctrl Pts',(-5.619693749611,-42.8192125342013,-86.7742927584866));
#4472=CARTESIAN_POINT('Ctrl Pts',(-5.60863892376824,-42.8298379649075,-86.7644169747303));
#4473=CARTESIAN_POINT('Ctrl Pts',(-5.59690713175324,-42.8407111844133,-86.7543108842063));
#4474=CARTESIAN_POINT('Ctrl Pts',(-5.58467481601748,-42.8516241220499,-86.7441678777509));
#4475=CARTESIAN_POINT('Ctrl Pts',(-5.5722699685531,-42.8626909821355,-86.7338818084058));
#4476=CARTESIAN_POINT('Ctrl Pts',(-5.55935056752296,-42.8737982491496,-86.7235581829278));
#4477=CARTESIAN_POINT('Ctrl Pts',(-5.54615293176182,-42.8847382227952,-86.7133900479121));
#4478=CARTESIAN_POINT('Ctrl Pts',(-5.54284456437984,-42.8874806421667,-86.7108411121155));
#4479=CARTESIAN_POINT('Ctrl Pts',(-5.53951895544429,-42.890212612302,-86.708301888339));
#4480=CARTESIAN_POINT('Ctrl Pts',(-5.53618029761313,-42.8929310008553,-86.7057752879348));
#4481=CARTESIAN_POINT('Ctrl Pts',(-5.50308626243021,-42.9198766930987,-86.6807306721341));
#4482=CARTESIAN_POINT('Ctrl Pts',(-5.46766216193355,-42.9463386682478,-86.6561356461483));
#4483=CARTESIAN_POINT('Ctrl Pts',(-5.43029670547639,-42.9719505798506,-86.6323307099007));
#4484=CARTESIAN_POINT('Ctrl Pts',(-5.39293124901924,-42.9975624914535,-86.6085257736531));
#4485=CARTESIAN_POINT('Ctrl Pts',(-5.35362562303219,-43.0223233848505,-86.5855118144499));
#4486=CARTESIAN_POINT('Ctrl Pts',(-5.3128235606824,-43.0458725476889,-86.5636240956131));
#4487=CARTESIAN_POINT('Ctrl Pts',(-5.27125888558452,-43.0698618571951,-86.5413272834009));
#4488=CARTESIAN_POINT('Ctrl Pts',(-5.22814253835191,-43.092592617531,-86.5202002270131));
#4489=CARTESIAN_POINT('Ctrl Pts',(-5.18398257504834,-43.1137050356741,-86.5005773353019));
#4490=CARTESIAN_POINT('Ctrl Pts',(-5.15683243724807,-43.1266852335502,-86.4885129182567));
#4491=CARTESIAN_POINT('Ctrl Pts',(-5.12929007928276,-43.1390575178275,-86.4770135252006));
#4492=CARTESIAN_POINT('Ctrl Pts',(-5.10126631139145,-43.1508216842208,-86.4660793460064));
#4493=CARTESIAN_POINT('Ctrl Pts',(-5.1011949186656,-43.1508516543486,-86.4660514903354));
#4494=CARTESIAN_POINT('Ctrl Pts',(-5.10112352316959,-43.150881621487,-86.466023637443));
#4495=CARTESIAN_POINT('Ctrl Pts',(-5.10105212490033,-43.1509115856373,-86.4659957873278));
#4496=CARTESIAN_POINT('Ctrl Pts',(-5.09134262980776,-43.154986429098,-86.4622084328228));
#4497=CARTESIAN_POINT('Ctrl Pts',(-5.08197166387702,-43.1588457406141,-86.4586214040209));
#4498=CARTESIAN_POINT('Ctrl Pts',(-5.07229950215498,-43.1627566064283,-86.4549864581873));
#4499=CARTESIAN_POINT('Ctrl Pts',(-5.02560996110018,-43.1816351710386,-86.4374398168464));
#4500=CARTESIAN_POINT('Ctrl Pts',(-4.97853100628635,-43.1989623440571,-86.4213351130897));
#4501=CARTESIAN_POINT('Ctrl Pts',(-4.93094001710248,-43.2149824539422,-86.4064452563561));
#4502=CARTESIAN_POINT('Ctrl Pts',(-4.87982861279003,-43.2321876082689,-86.3904539626109));
#4503=CARTESIAN_POINT('Ctrl Pts',(-4.82812693737601,-43.2478849782801,-86.3758640757606));
#4504=CARTESIAN_POINT('Ctrl Pts',(-4.77566688399637,-43.2623342896611,-86.3624341943246));
#4505=CARTESIAN_POINT('Ctrl Pts',(-4.7206490484395,-43.2774881026341,-86.3483495153967));
#4506=CARTESIAN_POINT('Ctrl Pts',(-4.66479743856978,-43.291268662679,-86.3355412034546));
#4507=CARTESIAN_POINT('Ctrl Pts',(-4.60789564514136,-43.3039359306889,-86.3237676384043));
#4508=CARTESIAN_POINT('Ctrl Pts',(-4.54695532117724,-43.3175022415158,-86.3111584599383));
#4509=CARTESIAN_POINT('Ctrl Pts',(-4.48481110104949,-43.3297909322475,-86.2997367627269));
#4510=CARTESIAN_POINT('Ctrl Pts',(-4.42116384825146,-43.3410863762111,-86.2892382365918));
#4511=CARTESIAN_POINT('Ctrl Pts',(-4.41643225893091,-43.3419260888409,-86.2884577674913));
#4512=CARTESIAN_POINT('Ctrl Pts',(-4.41169234597007,-43.3427603003759,-86.2876824113715));
#4513=CARTESIAN_POINT('Ctrl Pts',(-4.4069439781162,-43.3435891224215,-86.2869120645011));
#4514=CARTESIAN_POINT('Ctrl Pts',(-4.35665189473923,-43.3523675466515,-86.2787529769521));
#4515=CARTESIAN_POINT('Ctrl Pts',(-4.30541274813842,-43.3605418091466,-86.2711554262306));
#4516=CARTESIAN_POINT('Ctrl Pts',(-4.25305435053581,-43.36824257604,-86.2639979649796));
#4517=CARTESIAN_POINT('Ctrl Pts',(-4.25305187967355,-43.3682429394494,-86.2639976272095));
#4518=CARTESIAN_POINT('Ctrl Pts',(-4.253049408809,-43.3682433028577,-86.2639972894404));
#4519=CARTESIAN_POINT('Ctrl Pts',(-4.25304693794216,-43.3682436662649,-86.2639969516724));
#4520=CARTESIAN_POINT('Ctrl Pts',(-4.24279520669803,-43.3697514582147,-86.2625955376828));
#4521=CARTESIAN_POINT('Ctrl Pts',(-4.23252499337995,-43.371237347642,-86.2612144809457));
#4522=CARTESIAN_POINT('Ctrl Pts',(-4.22221764754943,-43.372704452508,-86.2598508834788));
#4523=CARTESIAN_POINT('Ctrl Pts',(-3.98655496812881,-43.4062477011173,-86.2286741830967));
#4524=CARTESIAN_POINT('Ctrl Pts',(-3.7360602142961,-43.4293076144273,-86.2072411962023));
#4525=CARTESIAN_POINT('Ctrl Pts',(-3.47307981200381,-43.4464238591161,-86.1913325393481));
#4526=CARTESIAN_POINT('Ctrl Pts',(-3.16447771590232,-43.4665094204063,-86.1726640575579));
#4527=CARTESIAN_POINT('Ctrl Pts',(-2.83868241265288,-43.4784095749547,-86.1616034844913));
#4528=CARTESIAN_POINT('Ctrl Pts',(-2.4994395609265,-43.4894145442219,-86.1513749394637));
#4529=CARTESIAN_POINT('Ctrl Pts',(-2.34473070141605,-43.4944332682292,-86.146710297224));
#4530=CARTESIAN_POINT('Ctrl Pts',(-2.18722451666019,-43.499265326325,-86.1422191512152));
#4531=CARTESIAN_POINT('Ctrl Pts',(-2.02727378858666,-43.5046005906945,-86.1372603012161));
#4532=CARTESIAN_POINT('Ctrl Pts',(-2.01909335492453,-43.5048734545743,-86.1370066884695));
#4533=CARTESIAN_POINT('Ctrl Pts',(-2.01090654011306,-43.5051476359156,-86.1367518512113));
#4534=CARTESIAN_POINT('Ctrl Pts',(-2.00273155801498,-43.5054226106202,-86.1364962765631));
#4535=CARTESIAN_POINT('Ctrl Pts',(-2.00272548882593,-43.5054228147642,-86.1364960868219));
#4536=CARTESIAN_POINT('Ctrl Pts',(-2.00271941963259,-43.505423018909,-86.13649589708));
#4537=CARTESIAN_POINT('Ctrl Pts',(-2.00271335043494,-43.5054232230546,-86.1364957073373));
#4538=CARTESIAN_POINT('Ctrl Pts',(-1.83462468164496,-43.5110771105369,-86.1312407137707));
#4539=CARTESIAN_POINT('Ctrl Pts',(-1.66742365462241,-43.5170605394418,-86.1256794286363));
#4540=CARTESIAN_POINT('Ctrl Pts',(-1.5008467610251,-43.5228487250896,-86.1202996119279));
#4541=CARTESIAN_POINT('Ctrl Pts',(-1.43418333704485,-43.5251651344402,-86.1181466302363));
#4542=CARTESIAN_POINT('Ctrl Pts',(-1.36761933106936,-43.5274501099114,-86.1160228646963));
#4543=CARTESIAN_POINT('Ctrl Pts',(-1.30113640337235,-43.5296698176776,-86.1139597620846));
#4544=CARTESIAN_POINT('Ctrl Pts',(-1.2695137102783,-43.5307256246326,-86.1129784445799));
#4545=CARTESIAN_POINT('Ctrl Pts',(-1.23791045867956,-43.5317666319348,-86.1120108825807));
#4546=CARTESIAN_POINT('Ctrl Pts',(-1.20632122129047,-43.5327893338883,-86.1110603344486));
#4547=CARTESIAN_POINT('Ctrl Pts',(-0.927000029568814,-43.5418323609452,
-86.1026553123907));
#4548=CARTESIAN_POINT('Ctrl Pts',(-0.648258312870692,-43.5494594800588,
-86.0955663029308));
#4549=CARTESIAN_POINT('Ctrl Pts',(-0.366571035600075,-43.5532328871228,
-86.0920591178617));
#4550=CARTESIAN_POINT('Ctrl Pts',(-0.245022731930735,-43.5548611155331,
-86.0905457644724));
#4551=CARTESIAN_POINT('Ctrl Pts',(-0.122926098374477,-43.5557720693451,
-86.0896990804186));
#4552=CARTESIAN_POINT('Ctrl Pts',(-5.57289995513868E-11,-43.5557720693505,
-86.0896990804245));
#4553=CARTESIAN_POINT('Ctrl Pts',(-6.32990837820409,-41.266357857465,-88.2175902037636));
#4554=CARTESIAN_POINT('Ctrl Pts',(-6.3833596956457,-40.9489161856711,-88.5126356840659));
#4555=CARTESIAN_POINT('Ctrl Pts',(-6.38615381700685,-40.6289752969496,-88.8100040561803));
#4556=CARTESIAN_POINT('Ctrl Pts',(-6.38394509483077,-40.3767125313829,-89.0444691420326));
#4557=CARTESIAN_POINT('Ctrl Pts',(-6.38172304420646,-40.1229274959499,-89.2803490983439));
#4558=CARTESIAN_POINT('Ctrl Pts',(-6.36780954763482,-39.8981904822134,-89.4892304332561));
#4559=CARTESIAN_POINT('Ctrl Pts',(-6.26763621932991,-39.5492687838501,-89.8135349566799));
#4560=CARTESIAN_POINT('Ctrl Pts',(-6.4291563708699,-41.2072443051993,-88.1360094223895));
#4561=CARTESIAN_POINT('Ctrl Pts',(-6.48349719631808,-40.884317854174,-88.4361527189457));
#4562=CARTESIAN_POINT('Ctrl Pts',(-6.48612336673331,-40.5612618205967,-88.73641645573));
#4563=CARTESIAN_POINT('Ctrl Pts',(-6.48394303838407,-40.308163211217,-88.971658414798));
#4564=CARTESIAN_POINT('Ctrl Pts',(-6.48183698773327,-40.0525455154231,-89.2092417333248));
#4565=CARTESIAN_POINT('Ctrl Pts',(-6.46726611184243,-39.8199632521826,-89.4254148185232));
#4566=CARTESIAN_POINT('Ctrl Pts',(-6.36549588294901,-39.4661158011292,-89.7542975721753));
#4567=CARTESIAN_POINT('Ctrl Pts',(-6.52840436353571,-41.1481307529335,-88.0544286410154));
#4568=CARTESIAN_POINT('Ctrl Pts',(-6.58377896911734,-40.8194689641189,-88.3599026349392));
#4569=CARTESIAN_POINT('Ctrl Pts',(-6.58619705496974,-40.4932059347502,-88.6631471070485));
#4570=CARTESIAN_POINT('Ctrl Pts',(-6.58394098193737,-40.2396138910511,-88.8988476875634));
#4571=CARTESIAN_POINT('Ctrl Pts',(-6.58155320008112,-39.9819816050936,-89.1383034625702));
#4572=CARTESIAN_POINT('Ctrl Pts',(-6.56630728699921,-39.7421987643426,-89.3611691090548));
#4573=CARTESIAN_POINT('Ctrl Pts',(-6.46335554656811,-39.3829628184083,-89.6950601876707));
#4574=CARTESIAN_POINT('Ctrl Pts',(-6.62765235620152,-41.0890172006678,-87.9728478596413));
#4575=CARTESIAN_POINT('Ctrl Pts',(-6.68391646978972,-40.7548706326218,-88.283419669819));
#4576=CARTESIAN_POINT('Ctrl Pts',(-6.68616660469621,-40.4254924583973,-88.5895595065982));
#4577=CARTESIAN_POINT('Ctrl Pts',(-6.68393892549067,-40.1710645708852,-88.8260369603288));
#4578=CARTESIAN_POINT('Ctrl Pts',(-6.68166714360793,-39.9115996245668,-89.0671960975511));
#4579=CARTESIAN_POINT('Ctrl Pts',(-6.66576385120682,-39.6639715343119,-89.2973534943219));
#4580=CARTESIAN_POINT('Ctrl Pts',(-6.56121521018721,-39.2998098356874,-89.6358228031661));
#4581=CARTESIAN_POINT('',(-6.26763621932992,-39.5492687838502,-89.8135349566799));
#4582=CARTESIAN_POINT('',(-6.56121521018721,-39.2998098356874,-89.6358228031661));
#4583=CARTESIAN_POINT('Ctrl Pts',(-6.26763621932993,-39.5492687838502,-89.8135349566799));
#4584=CARTESIAN_POINT('Ctrl Pts',(-6.29934340914481,-39.6597106220894,-89.7108850272423));
#4585=CARTESIAN_POINT('Ctrl Pts',(-6.32241143584805,-39.757714333622,-89.6197956879685));
#4586=CARTESIAN_POINT('Ctrl Pts',(-6.33920795386385,-39.8481921698311,-89.5357012573568));
#4587=CARTESIAN_POINT('Ctrl Pts',(-6.35632981768819,-39.9404225469388,-89.4499779313696));
#4588=CARTESIAN_POINT('Ctrl Pts',(-6.36693253867051,-40.0248277882523,-89.3715276610464));
#4589=CARTESIAN_POINT('Ctrl Pts',(-6.37350776417746,-40.1066098347526,-89.2955155135107));
#4590=CARTESIAN_POINT('Ctrl Pts',(-6.37715930312764,-40.152027338366,-89.2533023122875));
#4591=CARTESIAN_POINT('Ctrl Pts',(-6.37956862979356,-40.1966362178125,-89.2118406850603));
#4592=CARTESIAN_POINT('Ctrl Pts',(-6.38116453440271,-40.2413359514466,-89.1702946136035));
#4593=CARTESIAN_POINT('Ctrl Pts',(-6.38189214543976,-40.2617156278751,-89.1513527671018));
#4594=CARTESIAN_POINT('Ctrl Pts',(-6.38245068545169,-40.2821129886333,-89.1323944839378));
#4595=CARTESIAN_POINT('Ctrl Pts',(-6.38288112376767,-40.3026183610132,-89.1133358096039));
#4596=CARTESIAN_POINT('Ctrl Pts',(-6.38339478670559,-40.3270884172995,-89.0905921683254));
#4597=CARTESIAN_POINT('Ctrl Pts',(-6.38372625242204,-40.3517180835302,-89.0677001779267));
#4598=CARTESIAN_POINT('Ctrl Pts',(-6.38394509483078,-40.3767125313829,-89.0444691420326));
#4599=CARTESIAN_POINT('Ctrl Pts',(-6.38394537710094,-40.3767447700455,-89.0444391778769));
#4600=CARTESIAN_POINT('Ctrl Pts',(-6.38394565929058,-40.3767770099508,-89.0444092125661));
#4601=CARTESIAN_POINT('Ctrl Pts',(-6.38394594139963,-40.3768092510987,-89.0443792461004));
#4602=CARTESIAN_POINT('Ctrl Pts',(-6.3840231184187,-40.3856295131365,-89.0361812724863));
#4603=CARTESIAN_POINT('Ctrl Pts',(-6.38409292895921,-40.3943734757302,-89.0280542152267));
#4604=CARTESIAN_POINT('Ctrl Pts',(-6.38415574734671,-40.4033147331175,-89.0197437827448));
#4605=CARTESIAN_POINT('Ctrl Pts',(-6.3844971112848,-40.4519027812196,-88.974583725754));
#4606=CARTESIAN_POINT('Ctrl Pts',(-6.38460064047807,-40.5026385230722,-88.9274274994179));
#4607=CARTESIAN_POINT('Ctrl Pts',(-6.38416776939067,-40.5550757429634,-88.8786898379719));
#4608=CARTESIAN_POINT('Ctrl Pts',(-6.38367080902596,-40.6152766218867,-88.8227362603069));
#4609=CARTESIAN_POINT('Ctrl Pts',(-6.3824675680656,-40.6777202964692,-88.7646981210318));
#4610=CARTESIAN_POINT('Ctrl Pts',(-6.38011185238832,-40.7417839042821,-88.7051543382938));
#4611=CARTESIAN_POINT('Ctrl Pts',(-6.37733955818234,-40.8171763510304,-88.6350809905301));
#4612=CARTESIAN_POINT('Ctrl Pts',(-6.3729733498774,-40.8948136764846,-88.562921145073));
#4613=CARTESIAN_POINT('Ctrl Pts',(-6.36626941382428,-40.9737373577088,-88.4895656990076));
#4614=CARTESIAN_POINT('Ctrl Pts',(-6.36055824152718,-41.0409734915592,-88.4270732187556));
#4615=CARTESIAN_POINT('Ctrl Pts',(-6.35315094946335,-41.1091454348105,-88.3637109524654));
#4616=CARTESIAN_POINT('Ctrl Pts',(-6.34355969764363,-41.1776683527783,-88.3000224734786));
#4617=CARTESIAN_POINT('Ctrl Pts',(-6.3394285868164,-41.2071823071245,-88.2725907919778));
#4618=CARTESIAN_POINT('Ctrl Pts',(-6.33489189043521,-41.2367613099939,-88.2450986512669));
#4619=CARTESIAN_POINT('Ctrl Pts',(-6.32990837820409,-41.266357857465,-88.2175902037636));
#4620=CARTESIAN_POINT('Ctrl Pts',(-6.26763621932992,-39.5492687838502,-89.8135349566799));
#4621=CARTESIAN_POINT('Ctrl Pts',(-6.17254563140719,-39.2180511833338,-90.1213844443698));
#4622=CARTESIAN_POINT('Ctrl Pts',(-5.98945676609405,-38.670812441897,-90.6300143177025));
#4623=CARTESIAN_POINT('Ctrl Pts',(-5.72602492336366,-38.2563957184677,-91.0151930515718));
#4624=CARTESIAN_POINT('Ctrl Pts',(-5.58677248899694,-38.0373313222213,-91.218801984348));
#4625=CARTESIAN_POINT('Ctrl Pts',(-5.39778938823549,-37.8501314933607,-91.3927944633845));
#4626=CARTESIAN_POINT('Ctrl Pts',(-5.19360263871343,-37.7146628251023,-91.5187055262666));
#4627=CARTESIAN_POINT('Ctrl Pts',(-4.95754740585499,-37.5580508602925,-91.664268180737));
#4628=CARTESIAN_POINT('Ctrl Pts',(-4.67209968730029,-37.4214749037133,-91.7912084103787));
#4629=CARTESIAN_POINT('Ctrl Pts',(-4.37597194445937,-37.3017071547166,-91.9025262875709));
#4630=CARTESIAN_POINT('Ctrl Pts',(-3.81180145468604,-37.0735305274196,-92.1146045639712));
#4631=CARTESIAN_POINT('Ctrl Pts',(-3.2997313641753,-36.967480134845,-92.2131728737069));
#4632=CARTESIAN_POINT('Ctrl Pts',(-2.86055887749428,-36.9068058566738,-92.2695664513257));
#4633=CARTESIAN_POINT('Ctrl Pts',(-2.0927042614052,-36.8007221970991,-92.3681656810262));
#4634=CARTESIAN_POINT('Ctrl Pts',(-0.973887824784155,-36.7394481075223,
-92.4251167521288));
#4635=CARTESIAN_POINT('Ctrl Pts',(-3.92047505570758E-13,-36.7394481075683,
-92.425116752173));
#4636=CARTESIAN_POINT('Ctrl Pts',(-6.36549588294908,-39.4661158011295,-89.754297572175));
#4637=CARTESIAN_POINT('Ctrl Pts',(-6.26944155572069,-39.1323252771034,-90.0645384580654));
#4638=CARTESIAN_POINT('Ctrl Pts',(-6.08608860687027,-38.5817238344554,-90.5762937867648));
#4639=CARTESIAN_POINT('Ctrl Pts',(-5.8166798931656,-38.157398511595,-90.9706820470558));
#4640=CARTESIAN_POINT('Ctrl Pts',(-5.67203052389358,-37.9299628293501,-91.1820716536052));
#4641=CARTESIAN_POINT('Ctrl Pts',(-5.47587154298717,-37.7351032079306,-91.3631835103679));
#4642=CARTESIAN_POINT('Ctrl Pts',(-5.2607351786937,-37.5922950576318,-91.4959162390551));
#4643=CARTESIAN_POINT('Ctrl Pts',(-5.01647250456055,-37.4302932784372,-91.6464884449118));
#4644=CARTESIAN_POINT('Ctrl Pts',(-4.72465887581286,-37.2910203394687,-91.7759353790241));
#4645=CARTESIAN_POINT('Ctrl Pts',(-4.42430927280908,-37.1695058157468,-91.8888767922147));
#4646=CARTESIAN_POINT('Ctrl Pts',(-3.84911807790581,-36.9368051313079,-92.1051599437751));
#4647=CARTESIAN_POINT('Ctrl Pts',(-3.3253609652756,-36.8283529582093,-92.2059605827035));
#4648=CARTESIAN_POINT('Ctrl Pts',(-2.87909362739613,-36.7667481039307,-92.2632190822689));
#4649=CARTESIAN_POINT('Ctrl Pts',(-2.1014743123718,-36.6594317517123,-92.3629640354682));
#4650=CARTESIAN_POINT('Ctrl Pts',(-0.979666563710925,-36.5982188481632,
-92.4198582378441));
#4651=CARTESIAN_POINT('Ctrl Pts',(-1.82261613209297E-14,-36.5981212015041,
-92.4199489953797));
#4652=CARTESIAN_POINT('Ctrl Pts',(-6.46335554656825,-39.3829628184088,-89.6950601876702));
#4653=CARTESIAN_POINT('Ctrl Pts',(-6.36724404763735,-39.047405247769,-90.00694345121));
#4654=CARTESIAN_POINT('Ctrl Pts',(-6.18430838859399,-38.4936149618056,-90.5216626434284));
#4655=CARTESIAN_POINT('Ctrl Pts',(-5.90733486296753,-38.0584013047224,-90.9261710425398));
#4656=CARTESIAN_POINT('Ctrl Pts',(-5.75748509531496,-37.8225468769913,-91.1453854339815));
#4657=CARTESIAN_POINT('Ctrl Pts',(-5.55416786091973,-37.6199922856914,-91.333649363956));
#4658=CARTESIAN_POINT('Ctrl Pts',(-5.32786771867398,-37.4699272901614,-91.4731269518436));
#4659=CARTESIAN_POINT('Ctrl Pts',(-5.07552312640204,-37.3024526209936,-91.6287859235138));
#4660=CARTESIAN_POINT('Ctrl Pts',(-4.77729087094074,-37.160477443712,-91.7607444472037));
#4661=CARTESIAN_POINT('Ctrl Pts',(-4.47264660115879,-37.0373044767771,-91.8752272968586));
#4662=CARTESIAN_POINT('Ctrl Pts',(-3.8863761325191,-36.8002563708049,-92.0955511499917));
#4663=CARTESIAN_POINT('Ctrl Pts',(-3.35092406726352,-36.6893654530824,-92.1986184743161));
#4664=CARTESIAN_POINT('Ctrl Pts',(-2.89762837729797,-36.6266903511876,-92.256871713212));
#4665=CARTESIAN_POINT('Ctrl Pts',(-2.10876459785162,-36.5175877930016,-92.3582768516808));
#4666=CARTESIAN_POINT('Ctrl Pts',(-0.984875250090898,-36.4566966487329,
-92.4148719960797));
#4667=CARTESIAN_POINT('Ctrl Pts',(3.55595182928899E-13,-36.4567942954399,
-92.4147812385864));
#4668=CARTESIAN_POINT('Ctrl Pts',(-6.56121521018742,-39.2998098356881,-89.6358228031654));
#4669=CARTESIAN_POINT('Ctrl Pts',(-6.46413997195085,-38.9616793415386,-89.9500974649056));
#4670=CARTESIAN_POINT('Ctrl Pts',(-6.28094022937022,-38.404526354364,-90.4679421124907));
#4671=CARTESIAN_POINT('Ctrl Pts',(-5.99798983276947,-37.9594040978498,-90.8816600380239));
#4672=CARTESIAN_POINT('Ctrl Pts',(-5.8427431302116,-37.7151783841202,-91.1086551032388));
#4673=CARTESIAN_POINT('Ctrl Pts',(-5.63225001567141,-37.5049640002612,-91.3040384109395));
#4674=CARTESIAN_POINT('Ctrl Pts',(-5.39500025865426,-37.347559522691,-91.4503376646321));
#4675=CARTESIAN_POINT('Ctrl Pts',(-5.1344482251076,-37.1746950391384,-91.6110061876886));
#4676=CARTESIAN_POINT('Ctrl Pts',(-4.82985005945331,-37.0300228794674,-91.7454714158491));
#4677=CARTESIAN_POINT('Ctrl Pts',(-4.5209839295085,-36.9051031378073,-91.8615778015024));
#4678=CARTESIAN_POINT('Ctrl Pts',(-3.92369275573887,-36.6635309746932,-92.0861065297956));
#4679=CARTESIAN_POINT('Ctrl Pts',(-3.37655366836382,-36.5502382764467,-92.1914061833128));
#4680=CARTESIAN_POINT('Ctrl Pts',(-2.91616312719982,-36.4866325984446,-92.2505243441552));
#4681=CARTESIAN_POINT('Ctrl Pts',(-2.11753464881821,-36.3762973476147,-92.3530752061228));
#4682=CARTESIAN_POINT('Ctrl Pts',(-0.990653989017669,-36.3154673893738,
-92.409613481795));
#4683=CARTESIAN_POINT('Ctrl Pts',(7.29416527178728E-13,-36.3154673893757,
-92.4096134817932));
#4684=CARTESIAN_POINT('',(-4.03770210936055E-11,-36.7394481072783,-92.4251167518609));
#4685=CARTESIAN_POINT('',(-1.80411241501588E-15,-36.3154673893757,-92.4096134817932));
#4686=CARTESIAN_POINT('Ctrl Pts',(-4.03752586919381E-11,-36.7394481075683,
-92.425116752173));
#4687=CARTESIAN_POINT('Ctrl Pts',(-0.321388645009057,-36.7394481075537,
-92.4251167521579));
#4688=CARTESIAN_POINT('Ctrl Pts',(-0.658560078255163,-36.746122564789,-92.4189131921803));
#4689=CARTESIAN_POINT('Ctrl Pts',(-0.993572178182714,-36.758870704475,-92.4070644610894));
#4690=CARTESIAN_POINT('Ctrl Pts',(-1.25289815387004,-36.7687387771893,-92.3978926020685));
#4691=CARTESIAN_POINT('Ctrl Pts',(-1.51092814993482,-36.7822457656549,-92.3853385606154));
#4692=CARTESIAN_POINT('Ctrl Pts',(-1.75937089881109,-36.7991066841085,-92.3696672161366));
#4693=CARTESIAN_POINT('Ctrl Pts',(-1.97532424720369,-36.8137626634578,-92.3560452475772));
#4694=CARTESIAN_POINT('Ctrl Pts',(-2.18403340503803,-36.8309526129867,-92.3400680858755));
#4695=CARTESIAN_POINT('Ctrl Pts',(-2.38009264643509,-36.8504867515423,-92.321912122717));
#4696=CARTESIAN_POINT('Ctrl Pts',(-2.50425480285919,-36.8628575061655,-92.3104141513811));
#4697=CARTESIAN_POINT('Ctrl Pts',(-2.62334445915538,-36.8761683631296,-92.2980424039434));
#4698=CARTESIAN_POINT('Ctrl Pts',(-2.73599971681754,-36.8903707321786,-92.2848420425129));
#4699=CARTESIAN_POINT('Ctrl Pts',(-2.76311575397014,-36.8937892318987,-92.2816647252851));
#4700=CARTESIAN_POINT('Ctrl Pts',(-2.78985905204649,-36.8972593812157,-92.2784394024505));
#4701=CARTESIAN_POINT('Ctrl Pts',(-2.81621070804443,-36.9007805004168,-92.2751667057664));
#4702=CARTESIAN_POINT('Ctrl Pts',(-2.83111991288839,-36.9027726745502,-92.2733150837939));
#4703=CARTESIAN_POINT('Ctrl Pts',(-2.84590231873215,-36.9047811490255,-92.2714483115037));
#4704=CARTESIAN_POINT('Ctrl Pts',(-2.8604402315079,-36.906789465771,-92.2695816858151));
#4705=CARTESIAN_POINT('Ctrl Pts',(-2.8604797808192,-36.9067949292475,-92.2695766077986));
#4706=CARTESIAN_POINT('Ctrl Pts',(-2.86051932948141,-36.9068003928818,-92.2695715296355));
#4707=CARTESIAN_POINT('Ctrl Pts',(-2.86055887749428,-36.9068058566738,-92.2695664513257));
#4708=CARTESIAN_POINT('Ctrl Pts',(-2.91321220233897,-36.914080225117,-92.2628053051894));
#4709=CARTESIAN_POINT('Ctrl Pts',(-2.96742157982802,-36.9220782706724,-92.2553715389148));
#4710=CARTESIAN_POINT('Ctrl Pts',(-3.02287141418579,-36.9309162656186,-92.2471570834821));
#4711=CARTESIAN_POINT('Ctrl Pts',(-3.07139001924884,-36.9386495111966,-92.2399694349784));
#4712=CARTESIAN_POINT('Ctrl Pts',(-3.12085745324572,-36.9470260781585,-92.2321838527956));
#4713=CARTESIAN_POINT('Ctrl Pts',(-3.1710306766523,-36.9561042100182,-92.2237462026248));
#4714=CARTESIAN_POINT('Ctrl Pts',(-3.18472782523757,-36.9585825144307,-92.2214427479082));
#4715=CARTESIAN_POINT('Ctrl Pts',(-3.19847741144229,-36.9611129697623,-92.2190908216319));
#4716=CARTESIAN_POINT('Ctrl Pts',(-3.21227412965123,-36.9636964330901,-92.2166896271873));
#4717=CARTESIAN_POINT('Ctrl Pts',(-3.22320877028245,-36.9657439666155,-92.2147865515471));
#4718=CARTESIAN_POINT('Ctrl Pts',(-3.23417499328582,-36.9678251453135,-92.2128522044735));
#4719=CARTESIAN_POINT('Ctrl Pts',(-3.24518118454042,-36.9699425459931,-92.2108841909569));
#4720=CARTESIAN_POINT('Ctrl Pts',(-3.36605833174665,-36.9931972167251,-92.1892701871617));
#4721=CARTESIAN_POINT('Ctrl Pts',(-3.49146024123071,-37.0207665481183,-92.163645931278));
#4722=CARTESIAN_POINT('Ctrl Pts',(-3.62095231920876,-37.0539074925576,-92.1328431516103));
#4723=CARTESIAN_POINT('Ctrl Pts',(-3.73620153763077,-37.0834032578897,-92.105428375839));
#4724=CARTESIAN_POINT('Ctrl Pts',(-3.854689826301,-37.1173131310533,-92.0739109170205));
#4725=CARTESIAN_POINT('Ctrl Pts',(-3.97608590830746,-37.1565015701674,-92.037487306412));
#4726=CARTESIAN_POINT('Ctrl Pts',(-4.09200525703809,-37.1939220393027,-92.0027069317049));
#4727=CARTESIAN_POINT('Ctrl Pts',(-4.21057559245735,-37.2361561365683,-91.9634525406667));
#4728=CARTESIAN_POINT('Ctrl Pts',(-4.33149197257103,-37.2839262502689,-91.9190527110385));
#4729=CARTESIAN_POINT('Ctrl Pts',(-4.34625103797664,-37.2897570751074,-91.9136332634097));
#4730=CARTESIAN_POINT('Ctrl Pts',(-4.36104487898332,-37.2956699593696,-91.9081375458258));
#4731=CARTESIAN_POINT('Ctrl Pts',(-4.37597194445938,-37.3017071547166,-91.9025262875709));
#4732=CARTESIAN_POINT('Ctrl Pts',(-4.37600548180391,-37.3017207187691,-91.9025136804914));
#4733=CARTESIAN_POINT('Ctrl Pts',(-4.37603901949375,-37.3017342832323,-91.9025010730302));
#4734=CARTESIAN_POINT('Ctrl Pts',(-4.37607255752991,-37.3017478481066,-91.9024884651869));
#4735=CARTESIAN_POINT('Ctrl Pts',(-4.3893419475725,-37.3071148173297,-91.8975001471641));
#4736=CARTESIAN_POINT('Ctrl Pts',(-4.40230528650482,-37.3123994471098,-91.8925883593599));
#4737=CARTESIAN_POINT('Ctrl Pts',(-4.41542050301435,-37.3177890394524,-91.8875790143272));
#4738=CARTESIAN_POINT('Ctrl Pts',(-4.50554100930386,-37.3548233339497,-91.8531575688106));
#4739=CARTESIAN_POINT('Ctrl Pts',(-4.59398728435021,-37.3932272409427,-91.8174631399006));
#4740=CARTESIAN_POINT('Ctrl Pts',(-4.67981236347409,-37.4330777597079,-91.780424160785));
#4741=CARTESIAN_POINT('Ctrl Pts',(-4.77913745277448,-37.479196637493,-91.7375590688352));
#4742=CARTESIAN_POINT('Ctrl Pts',(-4.87495270420737,-37.5272525332634,-91.692893619678));
#4743=CARTESIAN_POINT('Ctrl Pts',(-4.96586155414497,-37.5773783808906,-91.6463042582122));
#4744=CARTESIAN_POINT('Ctrl Pts',(-5.00342786304203,-37.5980919096282,-91.6270521133952));
#4745=CARTESIAN_POINT('Ctrl Pts',(-5.04015702439993,-37.6191590909106,-91.6074712669799));
#4746=CARTESIAN_POINT('Ctrl Pts',(-5.07595257412454,-37.6405901560639,-91.5875522094821));
#4747=CARTESIAN_POINT('Ctrl Pts',(-5.09617956080158,-37.6527002052925,-91.5762965502249));
#4748=CARTESIAN_POINT('Ctrl Pts',(-5.11610845670762,-37.664926453602,-91.5649328899814));
#4749=CARTESIAN_POINT('Ctrl Pts',(-5.13572193419543,-37.6772708242517,-91.5534594411824));
#4750=CARTESIAN_POINT('Ctrl Pts',(-5.14552867293933,-37.6834430095765,-91.5477227167829));
#4751=CARTESIAN_POINT('Ctrl Pts',(-5.15525655766078,-37.6896447263793,-91.5419585444147));
#4752=CARTESIAN_POINT('Ctrl Pts',(-5.16490342466745,-37.6958762205175,-91.536166695566));
#4753=CARTESIAN_POINT('Ctrl Pts',(-5.17206595016609,-37.7005029284039,-91.5318664118538));
#4754=CARTESIAN_POINT('Ctrl Pts',(-5.17918381353025,-37.7051460515439,-91.5275508710194));
#4755=CARTESIAN_POINT('Ctrl Pts',(-5.18625612930667,-37.7098056918918,-91.5232199783016));
#4756=CARTESIAN_POINT('Ctrl Pts',(-5.18870918132646,-37.7114219008576,-91.5217177963481));
#4757=CARTESIAN_POINT('Ctrl Pts',(-5.19115700495303,-37.7130404251171,-91.5202134624498));
#4758=CARTESIAN_POINT('Ctrl Pts',(-5.1934918059478,-37.7145892964577,-91.5187738673074));
#4759=CARTESIAN_POINT('Ctrl Pts',(-5.1935287468744,-37.7146138025046,-91.5187510902148));
#4760=CARTESIAN_POINT('Ctrl Pts',(-5.19356569113226,-37.7146383120541,-91.5187283098666));
#4761=CARTESIAN_POINT('Ctrl Pts',(-5.19360263871345,-37.7146628251023,-91.5187055262666));
#4762=CARTESIAN_POINT('Ctrl Pts',(-5.20612911345647,-37.7229735742346,-91.5109811183275));
#4763=CARTESIAN_POINT('Ctrl Pts',(-5.21914538580587,-37.7318454280595,-91.5027351928365));
#4764=CARTESIAN_POINT('Ctrl Pts',(-5.23233508314695,-37.7411097008434,-91.4941245343866));
#4765=CARTESIAN_POINT('Ctrl Pts',(-5.24541734969903,-37.7502985156309,-91.4855840102094));
#4766=CARTESIAN_POINT('Ctrl Pts',(-5.25866990131737,-37.7598734167283,-91.4766846389404));
#4767=CARTESIAN_POINT('Ctrl Pts',(-5.27179440849572,-37.7696325685205,-91.4676140162587));
#4768=CARTESIAN_POINT('Ctrl Pts',(-5.27889743525847,-37.7749142537998,-91.4627049652149));
#4769=CARTESIAN_POINT('Ctrl Pts',(-5.28596316865642,-37.780249252327,-91.4577463622873));
#4770=CARTESIAN_POINT('Ctrl Pts',(-5.29294607705164,-37.7856010923582,-91.45277210606));
#4771=CARTESIAN_POINT('Ctrl Pts',(-5.32768959192885,-37.8122292139405,-91.4280226556223));
#4772=CARTESIAN_POINT('Ctrl Pts',(-5.36212633430932,-37.8406056780267,-91.4016482119981));
#4773=CARTESIAN_POINT('Ctrl Pts',(-5.39592886226714,-37.8706084641263,-91.3737621868703));
#4774=CARTESIAN_POINT('Ctrl Pts',(-5.42970620760823,-37.9005888983868,-91.3458969366114));
#4775=CARTESIAN_POINT('Ctrl Pts',(-5.46284952048298,-37.9321928855054,-91.3165226786342));
#4776=CARTESIAN_POINT('Ctrl Pts',(-5.49503624180144,-37.9652575670583,-91.2857907813513));
#4777=CARTESIAN_POINT('Ctrl Pts',(-5.5278098774047,-37.9989251722124,-91.2544984980217));
#4778=CARTESIAN_POINT('Ctrl Pts',(-5.55959082814087,-38.0341069158425,-91.2217989019364));
#4779=CARTESIAN_POINT('Ctrl Pts',(-5.59005546867738,-38.0705930549434,-91.1878869382815));
#4780=CARTESIAN_POINT('Ctrl Pts',(-5.61949589845843,-38.1058525425745,-91.1551150832016));
#4781=CARTESIAN_POINT('Ctrl Pts',(-5.64770643232502,-38.1423296058076,-91.1212115550928));
#4782=CARTESIAN_POINT('Ctrl Pts',(-5.67442140854087,-38.1798071212673,-91.0863781588099));
#4783=CARTESIAN_POINT('Ctrl Pts',(-5.69017183391774,-38.2019028478662,-91.0658413331603));
#4784=CARTESIAN_POINT('Ctrl Pts',(-5.70540652649965,-38.2243435114212,-91.0449839065975));
#4785=CARTESIAN_POINT('Ctrl Pts',(-5.72021205065212,-38.2473144535231,-91.0236336137778));
#4786=CARTESIAN_POINT('Ctrl Pts',(-5.72215708977003,-38.250332204229,-91.020828771863));
#4787=CARTESIAN_POINT('Ctrl Pts',(-5.72409466602442,-38.2533591420477,-91.018015391006));
#4788=CARTESIAN_POINT('Ctrl Pts',(-5.72602492336366,-38.2563957184677,-91.0151930515718));
#4789=CARTESIAN_POINT('Ctrl Pts',(-5.72609820873905,-38.2565110070555,-91.0150858968414));
#4790=CARTESIAN_POINT('Ctrl Pts',(-5.72617149100282,-38.2566263108095,-91.0149787280148));
#4791=CARTESIAN_POINT('Ctrl Pts',(-5.72624477016828,-38.2567416297483,-91.0148715450747));
#4792=CARTESIAN_POINT('Ctrl Pts',(-5.73316497571152,-38.2676319115192,-91.0047495960633));
#4793=CARTESIAN_POINT('Ctrl Pts',(-5.73976181493877,-38.2781862906657,-90.9949398510251));
#4794=CARTESIAN_POINT('Ctrl Pts',(-5.74638156148802,-38.2889380161662,-90.9849466828419));
#4795=CARTESIAN_POINT('Ctrl Pts',(-5.74846794577648,-38.2923267004596,-90.9817970775006));
#4796=CARTESIAN_POINT('Ctrl Pts',(-5.75055644444592,-38.295735251134,-90.9786290073942));
#4797=CARTESIAN_POINT('Ctrl Pts',(-5.75265745339431,-38.2991810572331,-90.9754263103133));
#4798=CARTESIAN_POINT('Ctrl Pts',(-5.78023962439583,-38.3444178055754,-90.9333811116867));
#4799=CARTESIAN_POINT('Ctrl Pts',(-5.80673502287978,-38.3907621624616,-90.8903064486769));
#4800=CARTESIAN_POINT('Ctrl Pts',(-5.83219304762055,-38.437805836934,-90.8465818064382));
#4801=CARTESIAN_POINT('Ctrl Pts',(-5.86049083747139,-38.4900970899902,-90.797979813551));
#4802=CARTESIAN_POINT('Ctrl Pts',(-5.88750709859494,-38.543252516451,-90.7485746165484));
#4803=CARTESIAN_POINT('Ctrl Pts',(-5.91329871910129,-38.5967589978109,-90.6988431323236));
#4804=CARTESIAN_POINT('Ctrl Pts',(-5.94188146233741,-38.6560558542377,-90.6437297964245));
#4805=CARTESIAN_POINT('Ctrl Pts',(-5.96896044473697,-38.715784543024,-90.5882150948661));
#4806=CARTESIAN_POINT('Ctrl Pts',(-5.99459647106116,-38.7752957203582,-90.5329025588601));
#4807=CARTESIAN_POINT('Ctrl Pts',(-6.025898007455,-38.8479587477559,-90.4653660640487));
#4808=CARTESIAN_POINT('Ctrl Pts',(-6.05504944831676,-38.9202993052493,-90.3981292881978));
#4809=CARTESIAN_POINT('Ctrl Pts',(-6.08212571771435,-38.9911867971566,-90.3322430610364));
#4810=CARTESIAN_POINT('Ctrl Pts',(-6.10697553289848,-39.0562452823893,-90.271774591614));
#4811=CARTESIAN_POINT('Ctrl Pts',(-6.13007703572526,-39.1200830284815,-90.2124407355652));
#4812=CARTESIAN_POINT('Ctrl Pts',(-6.15145835937118,-39.1818229236863,-90.1550567225197));
#4813=CARTESIAN_POINT('Ctrl Pts',(-6.16900965770502,-39.2325033837824,-90.1079518776918));
#4814=CARTESIAN_POINT('Ctrl Pts',(-6.18540134767154,-39.2817708850068,-90.0621603044538));
#4815=CARTESIAN_POINT('Ctrl Pts',(-6.20063419850273,-39.3291179648933,-90.0181536627053));
#4816=CARTESIAN_POINT('Ctrl Pts',(-6.21508382467659,-39.3740306087815,-89.9764097022689));
#4817=CARTESIAN_POINT('Ctrl Pts',(-6.2284906393973,-39.417215864014,-89.9362712595098));
#4818=CARTESIAN_POINT('Ctrl Pts',(-6.2408438259453,-39.4582098432955,-89.8981694934788));
#4819=CARTESIAN_POINT('Ctrl Pts',(-6.2504099342693,-39.4899549193466,-89.8686641006984));
#4820=CARTESIAN_POINT('Ctrl Pts',(-6.25934399427697,-39.5203854743137,-89.8403804867174));
#4821=CARTESIAN_POINT('Ctrl Pts',(-6.26763621932992,-39.5492687838502,-89.8135349566799));
#4822=CARTESIAN_POINT('Origin',(0.,-48.3383506223186,-80.279304257809));
#4823=CARTESIAN_POINT('',(0.,-30.7589911517574,-96.6184021706312));
#4824=CARTESIAN_POINT('',(0.,-48.3383506223186,-80.279304257809));
#4825=CARTESIAN_POINT('',(0.,-30.7589911517574,-96.6184021706312));
#4826=CARTESIAN_POINT('',(0.,-48.3383506223186,-80.279304257809));
#4827=CARTESIAN_POINT('',(0.,-48.3383506223186,-80.279304257809));
#4828=CARTESIAN_POINT('',(0.,-48.3383506223186,-80.279304257809));
#4829=CARTESIAN_POINT('',(-6.53793278947509E-11,-43.324724094302,-86.3044461247216));
#4830=CARTESIAN_POINT('',(-6.53795494822402E-11,-43.7755140627343,-85.8854603565161));
#4831=CARTESIAN_POINT('',(6.93889390390723E-17,-63.6373543859615,-109.605169499481));
#4832=CARTESIAN_POINT('Ctrl Pts',(-7.74187535817367E-18,-43.324724094302,
-86.3044461247216));
#4833=CARTESIAN_POINT('Ctrl Pts',(-8.63955236543809E-18,-43.4217211472157,
-86.3736635683344));
#4834=CARTESIAN_POINT('Ctrl Pts',(-7.70127692498299E-18,-43.5198559901284,
-86.4429042323197));
#4835=CARTESIAN_POINT('Ctrl Pts',(-3.51709857879536E-15,-43.6181978710493,
-86.5116355939636));
#4836=CARTESIAN_POINT('Ctrl Pts',(-6.74644584983036E-15,-43.7098300034095,
-86.5756774972554));
#4837=CARTESIAN_POINT('Ctrl Pts',(-3.48160003842308E-15,-43.8016411647017,
-86.6392769415608));
#4838=CARTESIAN_POINT('Ctrl Pts',(-3.48403457573002E-15,-43.8929114438975,
-86.7020287256141));
#4839=CARTESIAN_POINT('Ctrl Pts',(-3.52917254723985E-15,-43.9802112815163,
-86.7620506802571));
#4840=CARTESIAN_POINT('Ctrl Pts',(-3.4888076557084E-15,-44.0670158761047,
-86.8212969730786));
#4841=CARTESIAN_POINT('Ctrl Pts',(-3.49132225403656E-15,-44.1527343330253,
-86.8794403178312));
#4842=CARTESIAN_POINT('Ctrl Pts',(-3.53899688306158E-15,-44.238452789946,
-86.9375836625838));
#4843=CARTESIAN_POINT('Ctrl Pts',(-7.00399937457226E-15,-44.3230846347981,
-86.9946238324684));
#4844=CARTESIAN_POINT('Ctrl Pts',(-7.00885135216718E-15,-44.4060857449569,
-87.0502644890442));
#4845=CARTESIAN_POINT('Ctrl Pts',(-7.07158267502689E-15,-44.4233010987788,
-87.061804980346));
#4846=CARTESIAN_POINT('Ctrl Pts',(-3.50011910980913E-15,-44.4404464729233,
-87.073285377739));
#4847=CARTESIAN_POINT('Ctrl Pts',(-3.50066306114135E-15,-44.4575172898492,
-87.0847032155562));
#4848=CARTESIAN_POINT('Ctrl Pts',(-3.54847438154505E-15,-44.4677967598435,
-87.0915786522592));
#4849=CARTESIAN_POINT('Ctrl Pts',(-1.05282393070711E-14,-44.4780491969639,
-87.0984314057995));
#4850=CARTESIAN_POINT('Ctrl Pts',(-1.05291018803496E-14,-44.4882736190182,
-87.1052609487876));
#4851=CARTESIAN_POINT('Ctrl Pts',(-1.06035934343426E-14,-44.497876054451,
-87.1116750272783));
#4852=CARTESIAN_POINT('Ctrl Pts',(-7.01483697165231E-15,-44.5074510685487,
-87.1180668282667));
#4853=CARTESIAN_POINT('Ctrl Pts',(-7.0154085851445E-15,-44.5170195861937,
-87.1244504061631));
#4854=CARTESIAN_POINT('Ctrl Pts',(-7.08412508879969E-15,-44.6056237628982,
-87.1835621395499));
#4855=CARTESIAN_POINT('Ctrl Pts',(-3.50834816602605E-15,-44.6933027969543,
-87.241723341434));
#4856=CARTESIAN_POINT('Ctrl Pts',(-3.51129073685E-15,-44.7798866222057,
-87.298871886403));
#4857=CARTESIAN_POINT('Ctrl Pts',(-3.56642428535332E-15,-44.8700013162549,
-87.3583509361017));
#4858=CARTESIAN_POINT('Ctrl Pts',(-3.51744607776141E-15,-44.9589299244606,
-87.4167332159608));
#4859=CARTESIAN_POINT('Ctrl Pts',(-3.52054566344328E-15,-45.0465313567209,
-87.4739741714658));
#4860=CARTESIAN_POINT('Ctrl Pts',(-3.57946003448165E-15,-45.1401046392231,
-87.5351172825082));
#4861=CARTESIAN_POINT('Ctrl Pts',(-7.06030493993215E-15,-45.2321637626089,
-87.5949582595363));
#4862=CARTESIAN_POINT('Ctrl Pts',(-7.06622072462085E-15,-45.3225904946118,
-87.6534693223977));
#4863=CARTESIAN_POINT('Ctrl Pts',(-7.14574330976985E-15,-45.4210107455238,
-87.7171526310875));
#4864=CARTESIAN_POINT('Ctrl Pts',(-3.53765200675178E-15,-45.517497349978,
-87.779260618741));
#4865=CARTESIAN_POINT('Ctrl Pts',(-3.5411886427491E-15,-45.6119578348678,
-87.839786283357));
#4866=CARTESIAN_POINT('Ctrl Pts',(-3.60909485359644E-15,-45.7064183197576,
-87.900311947973));
#4867=CARTESIAN_POINT('Ctrl Pts',(-7.09762766542197E-15,-45.7988535778167,
-87.9592557760118));
#4868=CARTESIAN_POINT('Ctrl Pts',(-7.10359575670313E-15,-45.8892195817364,
-88.0166331296926));
#4869=CARTESIAN_POINT('Ctrl Pts',(-7.18479024375333E-15,-45.89848853819,
-88.0225183981521));
#4870=CARTESIAN_POINT('Ctrl Pts',(-5.3285787126938E-15,-45.907735759627,
-88.0283872016976));
#4871=CARTESIAN_POINT('Ctrl Pts',(-5.32907051820075E-15,-45.9169612217925,
-88.0342395671818));
#4872=CARTESIAN_POINT('Ctrl Pts',(-5.40362362376689E-15,-46.0322816894029,
-88.1073955253497));
#4873=CARTESIAN_POINT('Ctrl Pts',(-7.21142947462516E-15,-46.1442013840674,
-88.1779878174253));
#4874=CARTESIAN_POINT('Ctrl Pts',(-7.21586870815388E-15,-46.2530074210212,
-88.2464663464799));
#4875=CARTESIAN_POINT('Ctrl Pts',(-7.15596361509797E-15,-46.3678020621305,
-88.31871388335));
#4876=CARTESIAN_POINT('Ctrl Pts',(-3.59090502699188E-15,-46.4791316721525,
-88.3886081763305));
#4877=CARTESIAN_POINT('Ctrl Pts',(-3.59333471494218E-15,-46.5873370765821,
-88.4566162053343));
#4878=CARTESIAN_POINT('Ctrl Pts',(-3.59094201438031E-15,-46.7004186198987,
-88.5276889296425));
#4879=CARTESIAN_POINT('Ctrl Pts',(-7.23907376209761E-15,-46.8100890044033,
-88.596700980819));
#4880=CARTESIAN_POINT('Ctrl Pts',(-7.24345753381371E-15,-46.9167270639536,
-88.6641279446758));
#4881=CARTESIAN_POINT('Ctrl Pts',(-7.19511049618795E-15,-47.0256612149817,
-88.7330067211195));
#4882=CARTESIAN_POINT('Ctrl Pts',(-5.42613696289609E-15,-47.1314320433436,
-88.8002306256575));
#4883=CARTESIAN_POINT('Ctrl Pts',(-5.42963856107853E-15,-47.2344178695641,
-88.8662589508903));
#4884=CARTESIAN_POINT('Ctrl Pts',(-5.41456485533144E-15,-47.3365375255557,
-88.9317319398047));
#4885=CARTESIAN_POINT('Ctrl Pts',(-7.26366739317484E-15,-47.435919609677,
-88.9960285017084));
#4886=CARTESIAN_POINT('Ctrl Pts',(-7.26691600115233E-15,-47.532895094314,
-89.0595628924073));
#4887=CARTESIAN_POINT('Ctrl Pts',(-7.22848566532536E-15,-47.6270320098918,
-89.1212375681865));
#4888=CARTESIAN_POINT('Ctrl Pts',(-9.07762720370847E-15,-47.7189016588603,
-89.1821932828746));
#4889=CARTESIAN_POINT('Ctrl Pts',(-9.08142985155559E-15,-47.8087618412381,
-89.2427892040625));
#4890=CARTESIAN_POINT('Ctrl Pts',(-9.04242984654808E-15,-47.8947229393566,
-89.3007558338754));
#4891=CARTESIAN_POINT('Ctrl Pts',(-9.08816717440431E-15,-47.9788454477238,
-89.3583926452899));
#4892=CARTESIAN_POINT('Ctrl Pts',(-9.09065098631386E-15,-48.06130794696,
-89.4160051249675));
#4893=CARTESIAN_POINT('Ctrl Pts',(-9.05155972992258E-15,-48.1334626337918,
-89.4664160446853));
#4894=CARTESIAN_POINT('Ctrl Pts',(-7.28312061980416E-15,-48.2043459620133,
-89.5168080144287));
#4895=CARTESIAN_POINT('Ctrl Pts',(-7.283649619465E-15,-48.2740429606365,
-89.5673844863746));
#4896=CARTESIAN_POINT('Ctrl Pts',(-7.25434751701866E-15,-48.3204874444206,
-89.6010874890513));
#4897=CARTESIAN_POINT('Ctrl Pts',(-5.45751589009385E-15,-48.3664109000698,
-89.6348776566557));
#4898=CARTESIAN_POINT('Ctrl Pts',(-5.45779312085357E-15,-48.4117533091238,
-89.6687576581748));
#4899=CARTESIAN_POINT('Ctrl Pts',(-5.4567934781759E-15,-48.5459838760901,
-89.7690551921528));
#4900=CARTESIAN_POINT('Ctrl Pts',(-5.45810425271549E-15,-48.6751663448091,
-89.8701666608581));
#4901=CARTESIAN_POINT('Ctrl Pts',(-5.45584601469453E-15,-48.7982326378817,
-89.9725608792925));
#4902=CARTESIAN_POINT('Ctrl Pts',(-5.45480927501255E-15,-48.9257204077654,
-90.0786338764656));
#4903=CARTESIAN_POINT('Ctrl Pts',(7.96501538560278E-16,-49.0466441778132,
-90.1860835859537));
#4904=CARTESIAN_POINT('Ctrl Pts',(-1.86067749829919E-15,-49.1597853682619,
-90.295478719051));
#4905=CARTESIAN_POINT('Ctrl Pts',(-4.64181904032667E-15,-49.280247193015,
-90.4119521033219));
#4906=CARTESIAN_POINT('Ctrl Pts',(-5.42600672112805E-15,-49.3918861140018,
-90.5306308754377));
#4907=CARTESIAN_POINT('Ctrl Pts',(-5.41301435761962E-15,-49.4932048301941,
-90.652253150694));
#4908=CARTESIAN_POINT('Ctrl Pts',(-5.41122050574134E-15,-49.4997921881161,
-90.6601605688741));
#4909=CARTESIAN_POINT('Ctrl Pts',(-5.42523690272714E-15,-49.5063359148545,
-90.6680804462437));
#4910=CARTESIAN_POINT('Ctrl Pts',(-3.60778197950384E-15,-49.5128355964309,
-90.6760129924396));
#4911=CARTESIAN_POINT('Ctrl Pts',(-5.40864720392542E-15,-49.5169026692032,
-90.6809766575467));
#4912=CARTESIAN_POINT('Ctrl Pts',(-5.4093402930366E-15,-49.5209527295164,
-90.6859456427457));
#4913=CARTESIAN_POINT('Ctrl Pts',(-5.40878538355963E-15,-49.5249684170156,
-90.6908984962625));
#4914=CARTESIAN_POINT('Ctrl Pts',(-5.40099521282955E-15,-49.5658283944916,
-90.7412942213217));
#4915=CARTESIAN_POINT('Ctrl Pts',(-5.3971045706395E-15,-49.6035858288132,
-90.7905693178149));
#4916=CARTESIAN_POINT('Ctrl Pts',(-5.39071868135466E-15,-49.638637237935,
-90.8388999719676));
#4917=CARTESIAN_POINT('Ctrl Pts',(-5.37932646156816E-15,-49.6736888072461,
-90.8872308469975));
#4918=CARTESIAN_POINT('Ctrl Pts',(-5.37759561496913E-15,-49.706034324644,
-90.9346170001883));
#4919=CARTESIAN_POINT('Ctrl Pts',(-5.37053243126457E-15,-49.7360181771914,
-90.9812358140893));
#4920=CARTESIAN_POINT('Ctrl Pts',(-5.35492101590766E-15,-49.7660370880686,
-91.0279091365881));
#4921=CARTESIAN_POINT('Ctrl Pts',(-5.35606282383602E-15,-49.7936887860067,
-91.0738131141694));
#4922=CARTESIAN_POINT('Ctrl Pts',(-5.34835007131435E-15,-49.8192668014999,
-91.1191305414661));
#4923=CARTESIAN_POINT('Ctrl Pts',(-5.32969991683848E-15,-49.8398992770536,
-91.1556857899023));
#4924=CARTESIAN_POINT('Ctrl Pts',(-5.33570217039498E-15,-49.8591814491288,
-91.1918594409144));
#4925=CARTESIAN_POINT('Ctrl Pts',(-5.32907051820075E-15,-49.8772429255656,
-91.2277509715323));
#4926=CARTESIAN_POINT('Ctrl Pts',(-5.33750709356002E-15,-49.8961971617827,
-91.2654165827523));
#4927=CARTESIAN_POINT('Ctrl Pts',(-7.20198336596198E-15,-49.9138091898561,
-91.3027697949069));
#4928=CARTESIAN_POINT('Ctrl Pts',(-7.18658514776826E-15,-49.9303391316098,
-91.3398186576094));
#4929=CARTESIAN_POINT('Ctrl Pts',(-7.01747402155022E-15,-49.9479543352501,
-91.3792999377534));
#4930=CARTESIAN_POINT('Ctrl Pts',(-7.15411068822148E-15,-49.9643403865414,
-91.4184359846993));
#4931=CARTESIAN_POINT('Ctrl Pts',(-7.13826939533693E-15,-49.9797583494823,
-91.4572609676582));
#4932=CARTESIAN_POINT('Ctrl Pts',(-6.97697648277817E-15,-49.9971430015228,
-91.5010383993337));
#4933=CARTESIAN_POINT('Ctrl Pts',(-7.10283041513368E-15,-50.0132968028835,
-91.5444208548997));
#4934=CARTESIAN_POINT('Ctrl Pts',(-7.08537848450986E-15,-50.0285299374309,
-91.5874804142414));
#4935=CARTESIAN_POINT('Ctrl Pts',(-6.93096150101355E-15,-50.0454376423508,
-91.6352734880218));
#4936=CARTESIAN_POINT('Ctrl Pts',(-7.04679227743646E-15,-50.0612103973502,
-91.6826700373501));
#4937=CARTESIAN_POINT('Ctrl Pts',(-7.02752026526316E-15,-50.0762041502605,
-91.7297809604591));
#4938=CARTESIAN_POINT('Ctrl Pts',(-6.87887269042784E-15,-50.0922613622375,
-91.7802333110692));
#4939=CARTESIAN_POINT('Ctrl Pts',(-6.98617895923592E-15,-50.1074231883084,
-91.8303603575824));
#4940=CARTESIAN_POINT('Ctrl Pts',(-6.96515023621796E-15,-50.1220747211967,
-91.8802831585724));
#4941=CARTESIAN_POINT('Ctrl Pts',(-6.82335137935337E-15,-50.1351759146468,
-91.9249234210164));
#4942=CARTESIAN_POINT('Ctrl Pts',(-6.92728263310068E-15,-50.1478670045909,
-91.9694013867297));
#4943=CARTESIAN_POINT('Ctrl Pts',(-6.90775715952881E-15,-50.1604136523011,
-92.0137700269202));
#4944=CARTESIAN_POINT('Ctrl Pts',(-6.7698648375141E-15,-50.1718216166105,
-92.0541119473629));
#4945=CARTESIAN_POINT('Ctrl Pts',(-8.68992106910327E-15,-50.1831091117193,
-92.094363985769));
#4946=CARTESIAN_POINT('Ctrl Pts',(-8.66838084682885E-15,-50.1944872360551,
-92.134527005347));
#4947=CARTESIAN_POINT('Ctrl Pts',(-8.40912777956448E-15,-50.2046880376558,
-92.1705342577123));
#4948=CARTESIAN_POINT('Ctrl Pts',(-6.81924511202814E-15,-50.2149612105904,
-92.206470057659));
#4949=CARTESIAN_POINT('Ctrl Pts',(-6.8014775804502E-15,-50.2254780165022,
-92.2422987086306));
#4950=CARTESIAN_POINT('Ctrl Pts',(-6.67037032511601E-15,-50.2327307052889,
-92.267007166438));
#4951=CARTESIAN_POINT('Ctrl Pts',(-6.77669700215301E-15,-50.2400996272385,
-92.2916639642817));
#4952=CARTESIAN_POINT('Ctrl Pts',(-6.76384494923385E-15,-50.2476489449811,
-92.3162450456579));
#4953=CARTESIAN_POINT('Ctrl Pts',(-6.63808582031254E-15,-50.2514291992114,
-92.3285538052078));
#4954=CARTESIAN_POINT('Ctrl Pts',(-1.01298803218447E-14,-50.2552548043133,
-92.3408434063691));
#4955=CARTESIAN_POINT('Ctrl Pts',(-1.01216178292676E-14,-50.2591346187333,
-92.3531096990148));
#4956=CARTESIAN_POINT('Ctrl Pts',(-9.97975161080952E-15,-50.261321776318,
-92.3600245439257));
#4957=CARTESIAN_POINT('Ctrl Pts',(-6.73680971954116E-15,-50.2635276234013,
-92.3669363760193));
#4958=CARTESIAN_POINT('Ctrl Pts',(-6.73303957328858E-15,-50.2657446418148,
-92.3738161035535));
#4959=CARTESIAN_POINT('Ctrl Pts',(-6.57805428416832E-15,-50.2838374325499,
-92.4299606397608));
#4960=CARTESIAN_POINT('Ctrl Pts',(-1.00303971305586E-14,-50.3027712313179,
-92.4842948767177));
#4961=CARTESIAN_POINT('Ctrl Pts',(-9.99080929382893E-15,-50.3232159546639,
-92.5360556684137));
#4962=CARTESIAN_POINT('Ctrl Pts',(-6.48155069103461E-15,-50.3412832621623,
-92.581797453426));
#4963=CARTESIAN_POINT('Ctrl Pts',(-6.57635428924919E-15,-50.3605320108598,
-92.6255285416475));
#4964=CARTESIAN_POINT('Ctrl Pts',(-6.54422856276222E-15,-50.3814526721067,
-92.6667132035832));
#4965=CARTESIAN_POINT('Ctrl Pts',(-6.39710325403563E-15,-50.3919130027302,
-92.687305534551));
#4966=CARTESIAN_POINT('Ctrl Pts',(-6.51176662513625E-15,-50.402791650686,
-92.707261190789));
#4967=CARTESIAN_POINT('Ctrl Pts',(-6.49500921770643E-15,-50.414151480044,
-92.7265132150334));
#4968=CARTESIAN_POINT('Ctrl Pts',(-6.35891848635577E-15,-50.4156873785207,
-92.7291161726817));
#4969=CARTESIAN_POINT('Ctrl Pts',(-6.4904713427362E-15,-50.4172320581887,
-92.7317062373526));
#4970=CARTESIAN_POINT('Ctrl Pts',(-6.4881930213938E-15,-50.4187853600596,
-92.7342827340773));
#4971=CARTESIAN_POINT('Ctrl Pts',(-6.35254448856374E-15,-50.419705903593,
-92.735809660326));
#4972=CARTESIAN_POINT('Ctrl Pts',(-6.48548864627833E-15,-50.420630685811,
-92.737333899933));
#4973=CARTESIAN_POINT('Ctrl Pts',(-6.4841162757014E-15,-50.4215695387417,
-92.7388711861231));
#4974=CARTESIAN_POINT('Ctrl Pts',(-6.33830842225643E-15,-50.428714908511,
-92.7505710785245));
#4975=CARTESIAN_POINT('Ctrl Pts',(-6.46236374183151E-15,-50.4365430732845,
-92.7628135303839));
#4976=CARTESIAN_POINT('Ctrl Pts',(-6.45009080722409E-15,-50.4451838655497,
-92.7754844298867));
#4977=CARTESIAN_POINT('Ctrl Pts',(-6.30893738703305E-15,-50.4476612486558,
-92.7791172764364));
#4978=CARTESIAN_POINT('Ctrl Pts',(-6.44297386669953E-15,-50.4502056318745,
-92.7827850917963));
#4979=CARTESIAN_POINT('Ctrl Pts',(-6.4392935428259E-15,-50.4528205888835,
-92.7864845539601));
#4980=CARTESIAN_POINT('Ctrl Pts',(-6.28501614193375E-15,-50.4651671345775,
-92.8039516015985));
#4981=CARTESIAN_POINT('Ctrl Pts',(-6.3932810283951E-15,-50.479086387452,
-92.8221279978765));
#4982=CARTESIAN_POINT('Ctrl Pts',(-6.37082116563663E-15,-50.494869387931,
-92.8407149031182));
#4983=CARTESIAN_POINT('Ctrl Pts',(-6.22496321566276E-15,-50.5126653421906,
-92.8616723703596));
#4984=CARTESIAN_POINT('Ctrl Pts',(-7.81918926651924E-15,-50.5328334196639,
-92.8831510509819));
#4985=CARTESIAN_POINT('Ctrl Pts',(-9.48644436994509E-15,-50.5557873163353,
-92.9046577510414));
#4986=CARTESIAN_POINT('Ctrl Pts',(-7.81140203302143E-15,-50.5704917929476,
-92.9184351402386));
#4987=CARTESIAN_POINT('Ctrl Pts',(-6.24654050682823E-15,-50.5863394696209,
-92.9322225945421));
#4988=CARTESIAN_POINT('Ctrl Pts',(-6.2245815537175E-15,-50.6034280590374,
-92.9458835095725));
#4989=CARTESIAN_POINT('Ctrl Pts',(-6.10561576047694E-15,-50.6109043169071,
-92.9518601598982));
#4990=CARTESIAN_POINT('Ctrl Pts',(-6.20514173940355E-15,-50.6186179228281,
-92.9578125670039));
#4991=CARTESIAN_POINT('Ctrl Pts',(-6.19508091891721E-15,-50.6265760672899,
-92.9637293471079));
#4992=CARTESIAN_POINT('Ctrl Pts',(-6.08389406951107E-15,-50.6291909121191,
-92.9656734512813));
#4993=CARTESIAN_POINT('Ctrl Pts',(-6.18844484316839E-15,-50.6318321517211,
-92.9676137102852));
#4994=CARTESIAN_POINT('Ctrl Pts',(-6.18508982223604E-15,-50.6345000227582,
-92.9695497245578));
#4995=CARTESIAN_POINT('Ctrl Pts',(-6.07516963898844E-15,-50.6365629316215,
-92.9710467313272));
#4996=CARTESIAN_POINT('Ctrl Pts',(-9.42774441637694E-15,-50.6386360280779,
-92.9725370068789));
#4997=CARTESIAN_POINT('Ctrl Pts',(-9.42520151479088E-15,-50.6407122560601,
-92.9740155952823));
#4998=CARTESIAN_POINT('Ctrl Pts',(-9.38136427063365E-15,-50.646102533681,
-92.9778542883591));
#4999=CARTESIAN_POINT('Ctrl Pts',(-6.16378159900877E-15,-50.6515280551665,
-92.9816244893607));
#5000=CARTESIAN_POINT('Ctrl Pts',(-6.15701316778099E-15,-50.6569872395284,
-92.9853280694636));
#5001=CARTESIAN_POINT('Ctrl Pts',(-5.95959769400779E-15,-50.734854717835,
-93.0381543570921));
#5002=CARTESIAN_POINT('Ctrl Pts',(-5.96231701543671E-15,-50.8195535828706,
-93.0774163726356));
#5003=CARTESIAN_POINT('Ctrl Pts',(-5.86634892279543E-15,-50.9058789844627,
-93.1080972682698));
#5004=CARTESIAN_POINT('Ctrl Pts',(-5.72145956855036E-15,-50.9457864014177,
-93.1222807562356));
#5005=CARTESIAN_POINT('Ctrl Pts',(-5.77808529082507E-15,-50.9860418994889,
-93.1346302917329));
#5006=CARTESIAN_POINT('Ctrl Pts',(-5.73502486383065E-15,-51.026135170613,
-93.1456364487547));
#5007=CARTESIAN_POINT('Ctrl Pts',(-5.61271892913361E-15,-51.0436605289396,
-93.1504474018198));
#5008=CARTESIAN_POINT('Ctrl Pts',(-2.18962613403011E-15,-51.061154934067,
-93.1550016512286));
#5009=CARTESIAN_POINT('Ctrl Pts',(-2.16906130156538E-15,-51.0785759916113,
-93.1593400281807));
#5010=CARTESIAN_POINT('Ctrl Pts',(-2.20736617240955E-15,-51.0835812124065,
-93.1605864814734));
#5011=CARTESIAN_POINT('Ctrl Pts',(-5.66847141812331E-15,-51.0885797234718,
-93.161814929503));
#5012=CARTESIAN_POINT('Ctrl Pts',(-5.66320951778252E-15,-51.0935596726401,
-93.1630237831405));
#5013=CARTESIAN_POINT('Ctrl Pts',(-5.52757485339412E-15,-51.120721721997,
-93.1696172123214));
#5014=CARTESIAN_POINT('Ctrl Pts',(-5.60655023372961E-15,-51.1474337243685,
-93.1756571927));
#5015=CARTESIAN_POINT('Ctrl Pts',(-5.5790663496772E-15,-51.1738966389026,
-93.1813844929987));
#5016=CARTESIAN_POINT('Ctrl Pts',(-5.44222233993385E-15,-51.1982786757258,
-93.1866614343045));
#5017=CARTESIAN_POINT('Ctrl Pts',(-5.52882368195975E-15,-51.2224509455356,
-93.1916706033795));
#5018=CARTESIAN_POINT('Ctrl Pts',(-5.50414954307769E-15,-51.2465376984148,
-93.1965777787249));
#5019=CARTESIAN_POINT('Ctrl Pts',(-5.36667348737946E-15,-51.2670493566187,
-93.2007566028252));
#5020=CARTESIAN_POINT('Ctrl Pts',(-5.46230425920825E-15,-51.2874992493562,
-93.2048604641074));
#5021=CARTESIAN_POINT('Ctrl Pts',(-5.44159299206758E-15,-51.3079289416301,
-93.2089945981175));
#5022=CARTESIAN_POINT('Ctrl Pts',(-5.30052721784706E-15,-51.3272596584048,
-93.2129063444418));
#5023=CARTESIAN_POINT('Ctrl Pts',(-5.40250765247606E-15,-51.3465729182601,
-93.2168445027459));
#5024=CARTESIAN_POINT('Ctrl Pts',(-5.38312274914549E-15,-51.3658631802239,
-93.2209120602815));
#5025=CARTESIAN_POINT('Ctrl Pts',(-5.23820950922419E-15,-51.3838946706534,
-93.2247141924097));
#5026=CARTESIAN_POINT('Ctrl Pts',(-8.67549362140093E-15,-51.4019064917514,
-93.2286288820458));
#5027=CARTESIAN_POINT('Ctrl Pts',(-8.65973959207622E-15,-51.4198503986511,
-93.2327608325234));
#5028=CARTESIAN_POINT('Ctrl Pts',(-8.63868886145018E-15,-51.4417657424249,
-93.2378072873273));
#5029=CARTESIAN_POINT('Ctrl Pts',(-1.02873520684783E-14,-51.4635777793466,
-93.2431803089958));
#5030=CARTESIAN_POINT('Ctrl Pts',(-8.56768314022892E-15,-51.4853119723378,
-93.2489506600893));
#5031=CARTESIAN_POINT('Ctrl Pts',(-6.85940016494919E-15,-51.5073285397311,
-93.2547959805843));
#5032=CARTESIAN_POINT('Ctrl Pts',(-6.93764498167212E-15,-51.5292652948983,
-93.2610490148787));
#5033=CARTESIAN_POINT('Ctrl Pts',(-6.91542577893183E-15,-51.5510952394391,
-93.2677932786328));
#5034=CARTESIAN_POINT('Ctrl Pts',(-6.81013741597358E-15,-51.57292518398,
-93.2745375423869));
#5035=CARTESIAN_POINT('Ctrl Pts',(-6.87119695820572E-15,-51.5946481097373,
-93.281773082603));
#5036=CARTESIAN_POINT('Ctrl Pts',(-6.84953571720622E-15,-51.6161850234012,
-93.2895929969829));
#5037=CARTESIAN_POINT('Ctrl Pts',(-6.76194794131569E-15,-51.6233486028804,
-93.2921940464673));
#5038=CARTESIAN_POINT('Ctrl Pts',(-8.42530834897449E-15,-51.6304911922066,
-93.2948598233721));
#5039=CARTESIAN_POINT('Ctrl Pts',(-8.41836803241625E-15,-51.6376086961243,
-93.2975939696859));
#5040=CARTESIAN_POINT('Ctrl Pts',(-8.45639952092694E-15,-51.6426489935604,
-93.2995301696256));
#5041=CARTESIAN_POINT('Ctrl Pts',(-6.73694904732694E-15,-51.6476766988933,
-93.3015006579228));
#5042=CARTESIAN_POINT('Ctrl Pts',(-5.01841654155494E-15,-51.6526901912464,
-93.3035067578369));
#5043=CARTESIAN_POINT('Ctrl Pts',(-6.73108059858572E-15,-51.6557058549387,
-93.3047134461587));
#5044=CARTESIAN_POINT('Ctrl Pts',(-1.02339323773294E-14,-51.6587163227507,
-93.3059330902029));
#5045=CARTESIAN_POINT('Ctrl Pts',(-1.02310345252579E-14,-51.6616945950164,
-93.3071547863932));
#5046=CARTESIAN_POINT('Ctrl Pts',(-1.00989628943515E-14,-51.7217746541345,
-93.3317998063216));
#5047=CARTESIAN_POINT('Ctrl Pts',(-4.89536775241247E-15,-51.7715289826536,
-93.3583799853025));
#5048=CARTESIAN_POINT('Ctrl Pts',(-4.85700702022137E-15,-51.8132793372017,
-93.3864556818458));
#5049=CARTESIAN_POINT('Ctrl Pts',(-4.84508388506188E-15,-51.8390853943757,
-93.4038093795099));
#5050=CARTESIAN_POINT('Ctrl Pts',(-6.61774341495113E-15,-51.8618338230371,
-93.4217354836385));
#5051=CARTESIAN_POINT('Ctrl Pts',(-6.60241917933308E-15,-51.8820656882017,
-93.440128039282));
#5052=CARTESIAN_POINT('Ctrl Pts',(-6.48194924979752E-15,-51.9346680649034,
-93.487948254205));
#5053=CARTESIAN_POINT('Ctrl Pts',(-6.54728726905722E-15,-51.9702299361228,
-93.5388915133916));
#5054=CARTESIAN_POINT('Ctrl Pts',(-6.5499951944669E-15,-51.9983382268101,
-93.5911070035412));
#5055=CARTESIAN_POINT('Ctrl Pts',(-6.45895688463296E-15,-52.0016851057159,
-93.5973243478999));
#5056=CARTESIAN_POINT('Ctrl Pts',(-4.75475133927261E-15,-52.0049262971875,
-93.6035597469775));
#5057=CARTESIAN_POINT('Ctrl Pts',(-4.75605930423624E-15,-52.0080779830904,
-93.6098100814719));
#5058=CARTESIAN_POINT('Ctrl Pts',(-4.75914991466523E-15,-52.0090093325901,
-93.6116571075029));
#5059=CARTESIAN_POINT('Ctrl Pts',(-6.55222456019175E-15,-52.0099338514121,
-93.6135074295909));
#5060=CARTESIAN_POINT('Ctrl Pts',(-6.55250942531954E-15,-52.01084879011,
-93.6153545657978));
#5061=CARTESIAN_POINT('Ctrl Pts',(-6.46006882055401E-15,-52.0169086312172,
-93.6275885569313));
#5062=CARTESIAN_POINT('Ctrl Pts',(-6.5571283189294E-15,-52.0224262062299,
-93.6394239186381));
#5063=CARTESIAN_POINT('Ctrl Pts',(-6.56045991244502E-15,-52.0275813975754,
-93.6508673513952));
#5064=CARTESIAN_POINT('Ctrl Pts',(-6.44763856282197E-15,-52.0330236594543,
-93.6629480199259));
#5065=CARTESIAN_POINT('Ctrl Pts',(-6.56816259517258E-15,-52.0380613998336,
-93.6745920233986));
#5066=CARTESIAN_POINT('Ctrl Pts',(-6.57279852667358E-15,-52.0428460437007,
-93.6858185436984));
#5067=CARTESIAN_POINT('Ctrl Pts',(-6.47721825675279E-15,-52.0482184694205,
-93.6984242146902));
#5068=CARTESIAN_POINT('Ctrl Pts',(-6.58377701070271E-15,-52.0532715045728,
-93.7105035920766));
#5069=CARTESIAN_POINT('Ctrl Pts',(-6.58989579576836E-15,-52.0581527196781,
-93.7220962386053));
#5070=CARTESIAN_POINT('Ctrl Pts',(-6.49297315933595E-15,-52.0634591861101,
-93.7346988361831));
#5071=CARTESIAN_POINT('Ctrl Pts',(-6.60360855906222E-15,-52.0685616344868,
-93.7467263914015));
#5072=CARTESIAN_POINT('Ctrl Pts',(-6.61088804733623E-15,-52.0735859640913,
-93.7582413740334));
#5073=CARTESIAN_POINT('Ctrl Pts',(-6.51364939411663E-15,-52.0795525091442,
-93.7719157680451));
#5074=CARTESIAN_POINT('Ctrl Pts',(-6.62848471486252E-15,-52.0854080909695,
-93.7848674958783));
#5075=CARTESIAN_POINT('Ctrl Pts',(-6.6375580126919E-15,-52.091291203831,
-93.7972139788217));
#5076=CARTESIAN_POINT('Ctrl Pts',(-6.53801538363371E-15,-52.0963825055328,
-93.8078987423304));
#5077=CARTESIAN_POINT('Ctrl Pts',(-8.20850866015924E-15,-52.1014923429095,
-93.8181305970287));
#5078=CARTESIAN_POINT('Ctrl Pts',(-8.21565038222614E-15,-52.1066871612616,
-93.8279894505448));
#5079=CARTESIAN_POINT('Ctrl Pts',(-8.23932057147959E-15,-52.1133272405604,
-93.8405911556874));
#5080=CARTESIAN_POINT('Ctrl Pts',(-6.77893169867798E-15,-52.1200999364024,
-93.8525845920592));
#5081=CARTESIAN_POINT('Ctrl Pts',(-6.78925504920103E-15,-52.1270049305672,
-93.8641594816282));
#5082=CARTESIAN_POINT('Ctrl Pts',(-6.59431510020444E-15,-52.1342747375272,
-93.8763459094136));
#5083=CARTESIAN_POINT('Ctrl Pts',(-6.81107835687041E-15,-52.1416916019182,
-93.8880683860684));
#5084=CARTESIAN_POINT('Ctrl Pts',(-6.82222500287226E-15,-52.149313923379,
-93.8995359264654));
#5085=CARTESIAN_POINT('Ctrl Pts',(-6.62759342137053E-15,-52.1573446137472,
-93.9116178449055));
#5086=CARTESIAN_POINT('Ctrl Pts',(-6.84592624479325E-15,-52.1656035999195,
-93.9234168241666));
#5087=CARTESIAN_POINT('Ctrl Pts',(-6.85828782290437E-15,-52.1742174795898,
-93.9351636610645));
#5088=CARTESIAN_POINT('Ctrl Pts',(-6.66372963391064E-15,-52.18283135926,
-93.9469104979623));
#5089=CARTESIAN_POINT('Ctrl Pts',(-6.88341570088899E-15,-52.1918005518314,
-93.9586052014582));
#5090=CARTESIAN_POINT('Ctrl Pts',(-6.89683418200722E-15,-52.2013026979127,
-93.9704650578016));
#5091=CARTESIAN_POINT('Ctrl Pts',(-6.703082612151E-15,-52.2110009583878,
-93.982569689222));
#5092=CARTESIAN_POINT('Ctrl Pts',(-5.15803004692738E-15,-52.2212544122784,
-93.9948465144991));
#5093=CARTESIAN_POINT('Ctrl Pts',(-5.17436897875449E-15,-52.2323021186649,
-94.0075111974759));
#5094=CARTESIAN_POINT('Ctrl Pts',(-5.08551358576062E-15,-52.2433458559882,
-94.0201713304649));
#5095=CARTESIAN_POINT('Ctrl Pts',(-6.97200596502017E-15,-52.2551833470894,
-94.0332192403295));
#5096=CARTESIAN_POINT('Ctrl Pts',(-6.98973372292236E-15,-52.2681022835929,
-94.0468525994896));
#5097=CARTESIAN_POINT('Ctrl Pts',(-6.79826207967435E-15,-52.2810454610131,
-94.0605115400993));
#5098=CARTESIAN_POINT('Ctrl Pts',(-8.56140452474257E-15,-52.2950742782135,
-94.0747584296045));
#5099=CARTESIAN_POINT('Ctrl Pts',(-8.58160383926409E-15,-52.310525845504,
-94.0897704743395));
#5100=CARTESIAN_POINT('Ctrl Pts',(-8.51779010717309E-15,-52.3262880857578,
-94.1050843548906));
#5101=CARTESIAN_POINT('Ctrl Pts',(-7.09208399805343E-15,-52.3435312365041,
-94.1211949778654));
#5102=CARTESIAN_POINT('Ctrl Pts',(-7.11762761158336E-15,-52.3626596036749,
-94.1382617793961));
#5103=CARTESIAN_POINT('Ctrl Pts',(-6.91488068588016E-15,-52.3677413904297,
-94.1427958750243));
#5104=CARTESIAN_POINT('Ctrl Pts',(-4.90226058290497E-15,-52.3729564613466,
-94.1473972784071));
#5105=CARTESIAN_POINT('Ctrl Pts',(-8.58521644634536E-15,-52.3783128486564,
-94.1520685718295));
#5106=CARTESIAN_POINT('Ctrl Pts',(-6.93090417622462E-15,-52.3798667415592,
-94.1534237183632));
#5107=CARTESIAN_POINT('Ctrl Pts',(-8.67405622516207E-15,-52.381426049926,
-94.1547790897476));
#5108=CARTESIAN_POINT('Ctrl Pts',(-8.67608740881339E-15,-52.3829877709454,
-94.156132102138));
#5109=CARTESIAN_POINT('Ctrl Pts',(-8.65299534920789E-15,-52.4307012155613,
-94.1974691149272));
#5110=CARTESIAN_POINT('Ctrl Pts',(-8.80397610226895E-15,-52.4815536719407,
-94.2373841526529));
#5111=CARTESIAN_POINT('Ctrl Pts',(-8.87216893555105E-15,-52.5345375877441,
-94.2759695645762));
#5112=CARTESIAN_POINT('Ctrl Pts',(-8.86849717071356E-15,-52.5986205671808,
-94.3226378434558));
#5113=CARTESIAN_POINT('Ctrl Pts',(-7.41351528481135E-15,-52.6658241369374,
-94.3673620575092));
#5114=CARTESIAN_POINT('Ctrl Pts',(-5.84324699180009E-15,-52.7344437453322,
-94.4102703182044));
#5115=CARTESIAN_POINT('Ctrl Pts',(-7.46247795091888E-15,-52.7963615640588,
-94.4489879088427));
#5116=CARTESIAN_POINT('Ctrl Pts',(-7.65623606186486E-15,-52.8594367557601,
-94.4862264330638));
#5117=CARTESIAN_POINT('Ctrl Pts',(-6.07218544923293E-15,-52.9224155941412,
-94.5220535272499));
#5118=CARTESIAN_POINT('Ctrl Pts',(-7.68041273062739E-15,-52.9748624597542,
-94.551889244173));
#5119=CARTESIAN_POINT('Ctrl Pts',(-6.19637529227761E-15,-53.0272435553547,
-94.5807456821567));
#5120=CARTESIAN_POINT('Ctrl Pts',(-6.25589177369185E-15,-53.0788041834227,
-94.608648722084));
#5121=CARTESIAN_POINT('Ctrl Pts',(-6.19558245255801E-15,-53.1266449469914,
-94.6345386847557));
#5122=CARTESIAN_POINT('Ctrl Pts',(-4.82217053000033E-15,-53.1737800883562,
-94.6596077362046));
#5123=CARTESIAN_POINT('Ctrl Pts',(-4.87125327183083E-15,-53.2195662470813,
-94.6838673272286));
#5124=CARTESIAN_POINT('Ctrl Pts',(-4.67622445728694E-15,-53.2615536928969,
-94.7061141872403));
#5125=CARTESIAN_POINT('Ctrl Pts',(-3.1893569704693E-15,-53.302406959396,
-94.7276802351909));
#5126=CARTESIAN_POINT('Ctrl Pts',(-3.22769871853446E-15,-53.341588365472,
-94.7485677014145));
#5127=CARTESIAN_POINT('Ctrl Pts',(-3.12319183121551E-15,-53.3795188464667,
-94.7687883039903));
#5128=CARTESIAN_POINT('Ctrl Pts',(-1.74621183052996E-15,-53.4158829900416,
-94.7883729358475));
#5129=CARTESIAN_POINT('Ctrl Pts',(-1.77635683940027E-15,-53.4501467521465,
-94.8073179265123));
#5130=CARTESIAN_POINT('Ctrl Pts',(-1.58270840594591E-15,-53.4714900409595,
-94.8191189776077));
#5131=CARTESIAN_POINT('Ctrl Pts',(-4.94431709985087E-15,-53.4920144475198,
-94.8306701420382));
#5132=CARTESIAN_POINT('Ctrl Pts',(-4.95978814202957E-15,-53.5118750204807,
-94.8420931861761));
#5133=CARTESIAN_POINT('Ctrl Pts',(-4.99721286187877E-15,-53.5409757457991,
-94.8588308135553));
#5134=CARTESIAN_POINT('Ctrl Pts',(-5.00283701366122E-15,-53.5686374560117,
-94.8752857152699));
#5135=CARTESIAN_POINT('Ctrl Pts',(-5.02105273958033E-15,-53.5952923025775,
-94.8918157167519));
#5136=CARTESIAN_POINT('Ctrl Pts',(-8.42708540478294E-15,-53.6226844195167,
-94.9088029364113));
#5137=CARTESIAN_POINT('Ctrl Pts',(-5.05620632127763E-15,-53.6490133252762,
-94.9258695849148));
#5138=CARTESIAN_POINT('Ctrl Pts',(-5.07051904398396E-15,-53.67479425827,
-94.9434347717448));
#5139=CARTESIAN_POINT('Ctrl Pts',(-5.10629798431239E-15,-53.701473665101,
-94.961612111006));
#5140=CARTESIAN_POINT('Ctrl Pts',(-5.09787037802955E-15,-53.727566400292,
-94.9803234970882));
#5141=CARTESIAN_POINT('Ctrl Pts',(-5.10835092706204E-15,-53.7536902084986,
-95.0000638601185));
#5142=CARTESIAN_POINT('Ctrl Pts',(-5.14419910210038E-15,-53.7817766379484,
-95.0212872709313));
#5143=CARTESIAN_POINT('Ctrl Pts',(-3.3637239705262E-15,-53.8098989969265,
-95.0437001666517));
#5144=CARTESIAN_POINT('Ctrl Pts',(-3.36959950854698E-15,-53.8388772060297,
-95.067950599052));
#5145=CARTESIAN_POINT('Ctrl Pts',(-3.47663545651441E-15,-53.8698671396863,
-95.0938845444022));
#5146=CARTESIAN_POINT('Ctrl Pts',(-3.37985670267487E-15,-53.9018362178918,
-95.1219203695213));
#5147=CARTESIAN_POINT('Ctrl Pts',(-3.38192876413526E-15,-53.935842170994,
-95.1528835689283));
#5148=CARTESIAN_POINT('Ctrl Pts',(-3.48942350647874E-15,-53.97367886988,
-95.1873347501372));
#5149=CARTESIAN_POINT('Ctrl Pts',(-8.69360397666389E-15,-54.014037792326,
-95.2254106634374));
#5150=CARTESIAN_POINT('Ctrl Pts',(-8.69437442778091E-15,-54.0584349669278,
-95.2682799452892));
#5151=CARTESIAN_POINT('Ctrl Pts',(-8.59338808695287E-15,-54.1230503968314,
-95.3306716875872));
#5152=CARTESIAN_POINT('Ctrl Pts',(-5.07743200482497E-15,-54.196221208237,
-95.403220607073));
#5153=CARTESIAN_POINT('Ctrl Pts',(-3.36555120870219E-15,-54.28273626386,
-95.4895641403514));
#5154=CARTESIAN_POINT('Ctrl Pts',(-2.31924507448389E-15,-54.340826172099,
-95.547538881153));
#5155=CARTESIAN_POINT('Ctrl Pts',(-5.05963930773963E-15,-54.4049351804311,
-95.611733736283));
#5156=CARTESIAN_POINT('Ctrl Pts',(-3.34798700980522E-15,-54.4765076633082,
-95.6832301663433));
#5157=CARTESIAN_POINT('Ctrl Pts',(-1.80652709969861E-15,-54.5448551498587,
-95.7515050269534));
#5158=CARTESIAN_POINT('Ctrl Pts',(-5.0426470700141E-15,-54.6200099886079,
-95.8264391877621));
#5159=CARTESIAN_POINT('Ctrl Pts',(-3.33066907387547E-15,-54.7032001162704,
-95.9089412400103));
#5160=CARTESIAN_POINT('Ctrl Pts',(-5.11973560763263E-15,-54.7259702234699,
-95.931523012952));
#5161=CARTESIAN_POINT('Ctrl Pts',(-1.77573912639496E-15,-54.7493420796653,
-95.9546715174822));
#5162=CARTESIAN_POINT('Ctrl Pts',(-1.77585362985229E-15,-54.7732895235519,
-95.9783623658344));
#5163=CARTESIAN_POINT('Ctrl Pts',(-5.12023520903395E-15,-54.7885050463936,
-95.9934148551919));
#5164=CARTESIAN_POINT('Ctrl Pts',(-5.11148603804256E-15,-54.8039537950389,
-96.0086871341399));
#5165=CARTESIAN_POINT('Ctrl Pts',(-5.11158278291667E-15,-54.8196134254183,
-96.0241575222481));
#5166=CARTESIAN_POINT('Ctrl Pts',(-5.12097087914648E-15,-54.8981983738491,
-96.1017927934662));
#5167=CARTESIAN_POINT('Ctrl Pts',(-5.11240104062166E-15,-54.9821797406009,
-96.184502142899));
#5168=CARTESIAN_POINT('Ctrl Pts',(-5.11260992084746E-15,-55.0706612577294,
-96.2714519594293));
#5169=CARTESIAN_POINT('Ctrl Pts',(-5.12180983039832E-15,-55.1603397897944,
-96.3595780694103));
#5170=CARTESIAN_POINT('Ctrl Pts',(-5.11290607506846E-15,-55.2546411179264,
-96.4520602139154));
#5171=CARTESIAN_POINT('Ctrl Pts',(-5.11289205682564E-15,-55.3526713138717,
-96.5480669788772));
#5172=CARTESIAN_POINT('Ctrl Pts',(-5.12192832299349E-15,-55.4546204171867,
-96.6479117614532));
#5173=CARTESIAN_POINT('Ctrl Pts',(-5.11275640626575E-15,-55.5606023778657,
-96.7515685043793));
#5174=CARTESIAN_POINT('Ctrl Pts',(-5.11255986741214E-15,-55.6696543996365,
-96.8581417690824));
#5175=CARTESIAN_POINT('Ctrl Pts',(-5.1214567655328E-15,-55.7783525183875,
-96.9643691749962));
#5176=CARTESIAN_POINT('Ctrl Pts',(-5.11209308116214E-15,-55.8901009979397,
-97.0734943836557));
#5177=CARTESIAN_POINT('Ctrl Pts',(-5.11177665209776E-15,-56.0039868261936,
-97.184668288733));
#5178=CARTESIAN_POINT('Ctrl Pts',(-5.12057199836545E-15,-56.1195347779381,
-97.2974647377387));
#5179=CARTESIAN_POINT('Ctrl Pts',(-6.88898079717252E-15,-56.2372829998871,
-97.4123701923644));
#5180=CARTESIAN_POINT('Ctrl Pts',(-6.8884621439948E-15,-56.3563177276487,
-97.5285348827334));
#5181=CARTESIAN_POINT('Ctrl Pts',(-6.8259153033336E-15,-56.4771703574711,
-97.6464736438631));
#5182=CARTESIAN_POINT('Ctrl Pts',(-3.33279487421649E-15,-56.5993491706084,
-97.7657104729336));
#5183=CARTESIAN_POINT('Ctrl Pts',(-3.33249215937533E-15,-56.7219374114649,
-97.8853928604046));
#5184=CARTESIAN_POINT('Ctrl Pts',(-3.41214662887606E-15,-56.8476148288635,
-98.0080911980296));
#5185=CARTESIAN_POINT('Ctrl Pts',(-5.10870172289352E-15,-56.9737225990088,
-98.1312578605266));
#5186=CARTESIAN_POINT('Ctrl Pts',(-5.10834935985932E-15,-57.0993133465937,
-98.25401191478));
#5187=CARTESIAN_POINT('Ctrl Pts',(-5.11710433234299E-15,-57.2267756111938,
-98.3785952144646));
#5188=CARTESIAN_POINT('Ctrl Pts',(-5.10767829852242E-15,-57.3537054386712,
-98.5027536184931));
#5189=CARTESIAN_POINT('Ctrl Pts',(-5.10743976705092E-15,-57.4791524450033,
-98.6256034540094));
#5190=CARTESIAN_POINT('Ctrl Pts',(-5.11629315782434E-15,-57.6077404369412,
-98.7515292462686));
#5191=CARTESIAN_POINT('Ctrl Pts',(-1.77637353122024E-15,-57.734770481851,
-98.8760801748548));
#5192=CARTESIAN_POINT('Ctrl Pts',(-1.77635134444879E-15,-57.8592595065384,
-98.9983422406752));
#5193=CARTESIAN_POINT('Ctrl Pts',(-1.7053402871969E-15,-57.9444325131548,
-99.081991604683));
#5194=CARTESIAN_POINT('Ctrl Pts',(-5.10695037793045E-15,-58.0284169092591,
-99.1645703357371));
#5195=CARTESIAN_POINT('Ctrl Pts',(-5.10702591327572E-15,-58.1109080765752,
-99.2457952389498));
#5196=CARTESIAN_POINT('Ctrl Pts',(-5.11624245580201E-15,-58.2670812621517,
-99.3995711193938));
#5197=CARTESIAN_POINT('Ctrl Pts',(-8.65058602342186E-15,-58.4179074803421,
-99.5485003964372));
#5198=CARTESIAN_POINT('Ctrl Pts',(-8.65158258668705E-15,-58.5640224959269,
-99.6934433659722));
#5199=CARTESIAN_POINT('Ctrl Pts',(-5.2504285564357E-15,-58.7133143190387,
-99.8415376606105));
#5200=CARTESIAN_POINT('Ctrl Pts',(-5.33036640386068E-15,-58.8576877688602,
-99.9854702864927));
#5201=CARTESIAN_POINT('Ctrl Pts',(-5.33085590883734E-15,-58.9977870973035,
-100.126114471129));
#5202=CARTESIAN_POINT('Ctrl Pts',(-5.11944748427455E-15,-59.092504705782,
-100.221200443083));
#5203=CARTESIAN_POINT('Ctrl Pts',(-5.33153607192121E-15,-59.1852680063738,
-100.314782420219));
#5204=CARTESIAN_POINT('Ctrl Pts',(-5.3318786824641E-15,-59.2762679329612,
-100.407119663863));
#5205=CARTESIAN_POINT('Ctrl Pts',(-5.1205731964613E-15,-59.2965580139627,
-100.427707923911));
#5206=CARTESIAN_POINT('Ctrl Pts',(-5.33203113924521E-15,-59.3167604045366,
-100.448234270453));
#5207=CARTESIAN_POINT('Ctrl Pts',(-5.3321066082888E-15,-59.336877179195,
-100.468701523291));
#5208=CARTESIAN_POINT('Ctrl Pts',(-5.12084787580696E-15,-59.3455754205049,
-100.477551306974));
#5209=CARTESIAN_POINT('Ctrl Pts',(-5.33217175550463E-15,-59.3542563110848,
-100.486388673289));
#5210=CARTESIAN_POINT('Ctrl Pts',(-5.33220414852623E-15,-59.3629242973495,
-100.49521820872));
#5211=CARTESIAN_POINT('Ctrl Pts',(-5.12101859970667E-15,-59.3759729630396,
-100.508510068272));
#5212=CARTESIAN_POINT('Ctrl Pts',(-5.33230145117569E-15,-59.3890062344314,
-100.521798290168));
#5213=CARTESIAN_POINT('Ctrl Pts',(-5.3323497011321E-15,-59.4020282568436,
-100.535087421031));
#5214=CARTESIAN_POINT('Ctrl Pts',(-5.12167834872985E-15,-59.4933701894275,
-100.628302964442));
#5215=CARTESIAN_POINT('Ctrl Pts',(-5.33301229920274E-15,-59.584078752222,
-100.721481938393));
#5216=CARTESIAN_POINT('Ctrl Pts',(-5.33329308506462E-15,-59.6740679974193,
-100.814648070812));
#5217=CARTESIAN_POINT('Ctrl Pts',(-5.12315889176726E-15,-59.7682699930932,
-100.912175676293));
#5218=CARTESIAN_POINT('Ctrl Pts',(-5.33383336173451E-15,-59.8616838394604,
-101.009689588245));
#5219=CARTESIAN_POINT('Ctrl Pts',(-5.33399662482452E-15,-59.9542539547692,
-101.107257115235));
#5220=CARTESIAN_POINT('Ctrl Pts',(-5.12443691022229E-15,-60.0579462534341,
-101.216547258332));
#5221=CARTESIAN_POINT('Ctrl Pts',(-5.33425802318111E-15,-60.1605796765727,
-101.325905095285));
#5222=CARTESIAN_POINT('Ctrl Pts',(-5.33418101482472E-15,-60.2621307582455,
-101.435468813174));
#5223=CARTESIAN_POINT('Ctrl Pts',(-5.12518732295444E-15,-60.3743326343933,
-101.556523700059));
#5224=CARTESIAN_POINT('Ctrl Pts',(-5.3338207195853E-15,-60.4852136535247,
-101.677831536631));
#5225=CARTESIAN_POINT('Ctrl Pts',(-5.3332879411605E-15,-60.5948040522291,
-101.799612793753));
#5226=CARTESIAN_POINT('Ctrl Pts',(-5.12478941890908E-15,-60.714581622294,
-101.932714445265));
#5227=CARTESIAN_POINT('Ctrl Pts',(-5.33181516229564E-15,-60.8328190571144,
-102.066385187872));
#5228=CARTESIAN_POINT('Ctrl Pts',(-5.33053639067065E-15,-60.9496102498379,
-102.200909702415));
#5229=CARTESIAN_POINT('Ctrl Pts',(-5.12305385483897E-15,-60.9899300431747,
-102.24735156587));
#5230=CARTESIAN_POINT('Ctrl Pts',(-5.32960727296913E-15,-61.0300777880522,
-102.293894891613));
#5231=CARTESIAN_POINT('Ctrl Pts',(-5.32907051820075E-15,-61.070058048066,
-102.340550008731));
#5232=CARTESIAN_POINT('Ctrl Pts',(-5.12129892610991E-15,-61.1684084813888,
-102.455320422524));
#5233=CARTESIAN_POINT('Ctrl Pts',(-6.9701354112245E-15,-61.2657420991229,
-102.570768997845));
#5234=CARTESIAN_POINT('Ctrl Pts',(-6.96872386866464E-15,-61.3614108551354,
-102.686599609409));
#5235=CARTESIAN_POINT('Ctrl Pts',(-6.82271937194462E-15,-61.4503301256951,
-102.794258305079));
#5236=CARTESIAN_POINT('Ctrl Pts',(-8.52625796683421E-15,-61.537810614687,
-102.902246866595));
#5237=CARTESIAN_POINT('Ctrl Pts',(-1.02270883445453E-14,-61.6233724726491,
-103.010306238005));
#5238=CARTESIAN_POINT('Ctrl Pts',(-5.11178984038532E-15,-61.7048544337435,
-103.113212950258));
#5239=CARTESIAN_POINT('Ctrl Pts',(-4.95106544204076E-15,-61.7845960314183,
-103.216183783846));
#5240=CARTESIAN_POINT('Ctrl Pts',(-4.94887813698406E-15,-61.8622271987187,
-103.318976692538));
#5241=CARTESIAN_POINT('Ctrl Pts',(-5.10574197462036E-15,-61.9393456198991,
-103.421090664318));
#5242=CARTESIAN_POINT('Ctrl Pts',(-3.36575717322802E-15,-62.0143809017285,
-103.523029063038));
#5243=CARTESIAN_POINT('Ctrl Pts',(-3.36448141145486E-15,-62.0870216934927,
-103.624536540934));
#5244=CARTESIAN_POINT('Ctrl Pts',(-6.7989657320601E-15,-62.1505823862864,
-103.713355584093));
#5245=CARTESIAN_POINT('Ctrl Pts',(-4.93771089543279E-15,-62.2123103942369,
-103.801844434387));
#5246=CARTESIAN_POINT('Ctrl Pts',(-4.93547191813632E-15,-62.2720338267822,
-103.889820556576));
#5247=CARTESIAN_POINT('Ctrl Pts',(-5.09393258301475E-15,-62.3001882091869,
-103.931293614655));
#5248=CARTESIAN_POINT('Ctrl Pts',(-3.35975266082317E-15,-62.3278976314063,
-103.972652574646));
#5249=CARTESIAN_POINT('Ctrl Pts',(-3.35914403871262E-15,-62.3551469322475,
-104.013877489828));
#5250=CARTESIAN_POINT('Ctrl Pts',(-3.39421454743915E-15,-62.3688085914481,
-104.034545937253));
#5251=CARTESIAN_POINT('Ctrl Pts',(-4.93118473542592E-15,-62.382353874626,
-104.055179617613));
#5252=CARTESIAN_POINT('Ctrl Pts',(-4.93063913744398E-15,-62.3957715333012,
-104.075761118111));
#5253=CARTESIAN_POINT('Ctrl Pts',(-5.08671523882371E-15,-62.4853300557392,
-104.213135962619));
#5254=CARTESIAN_POINT('Ctrl Pts',(-4.92326225662761E-15,-62.5693385187025,
-104.34839385864));
#5255=CARTESIAN_POINT('Ctrl Pts',(-4.91947827624221E-15,-62.6480794540347,
-104.48180000576));
#5256=CARTESIAN_POINT('Ctrl Pts',(-5.07515260570451E-15,-62.7363220716538,
-104.63130429573));
#5257=CARTESIAN_POINT('Ctrl Pts',(-6.91514152499627E-15,-62.8179521580418,
-104.778481985834));
#5258=CARTESIAN_POINT('Ctrl Pts',(-6.9099413398927E-15,-62.8934012504161,
-104.923754540852));
#5259=CARTESIAN_POINT('Ctrl Pts',(-6.75026105896272E-15,-62.9617449368784,
-105.055346076804));
#5260=CARTESIAN_POINT('Ctrl Pts',(-6.90044724120752E-15,-63.025019154064,
-105.185374997733));
#5261=CARTESIAN_POINT('Ctrl Pts',(-6.89562181418276E-15,-63.0835325001991,
-105.314191747678));
#5262=CARTESIAN_POINT('Ctrl Pts',(-6.73535619757838E-15,-63.1326916288112,
-105.422415248745));
#5263=CARTESIAN_POINT('Ctrl Pts',(-4.88826229444305E-15,-63.1784906444063,
-105.529783769616));
#5264=CARTESIAN_POINT('Ctrl Pts',(-4.8849813083507E-15,-63.2210914427493,
-105.63652474888));
#5265=CARTESIAN_POINT('Ctrl Pts',(-5.04168213844167E-15,-63.2621499761356,
-105.739401413902));
#5266=CARTESIAN_POINT('Ctrl Pts',(-6.73369367250843E-15,-63.3002397960333,
-105.841695012389));
#5267=CARTESIAN_POINT('Ctrl Pts',(-6.72931967694144E-15,-63.3356167944206,
-105.943607530694));
#5268=CARTESIAN_POINT('Ctrl Pts',(-3.35471317447365E-15,-63.3712355186583,
-106.046216402314));
#5269=CARTESIAN_POINT('Ctrl Pts',(-6.72051357587457E-15,-63.4041041804268,
-106.14843900317));
#5270=CARTESIAN_POINT('Ctrl Pts',(-6.71611396664338E-15,-63.4344341828441,
-106.250499860597));
#5271=CARTESIAN_POINT('Ctrl Pts',(-6.69712030942774E-15,-63.4608739549976,
-106.339470041972));
#5272=CARTESIAN_POINT('Ctrl Pts',(-6.70844529369233E-15,-63.4853837544343,
-106.42831760664));
#5273=CARTESIAN_POINT('Ctrl Pts',(-6.70461324742733E-15,-63.5080734106064,
-106.517202279165));
#5274=CARTESIAN_POINT('Ctrl Pts',(-6.68825034230615E-15,-63.5166418939388,
-106.550768536373));
#5275=CARTESIAN_POINT('Ctrl Pts',(-3.34915362013566E-15,-63.5249513123666,
-106.584343105459));
#5276=CARTESIAN_POINT('Ctrl Pts',(-3.348492562523E-15,-63.5330084525584,
-106.617944037717));
#5277=CARTESIAN_POINT('Ctrl Pts',(-3.33470348672524E-15,-63.6246770798118,
-107.000232450389));
#5278=CARTESIAN_POINT('Ctrl Pts',(-6.84331709460414E-15,-63.6835181130171,
-107.385271735852));
#5279=CARTESIAN_POINT('Ctrl Pts',(-5.13098893945191E-15,-63.7123898194914,
-107.771987032982));
#5280=CARTESIAN_POINT('Ctrl Pts',(-3.28001667815946E-15,-63.7410352922895,
-108.155672096226));
#5281=CARTESIAN_POINT('Ctrl Pts',(-2.6822786447258E-15,-63.7401808761503,
-108.541006980015));
#5282=CARTESIAN_POINT('Ctrl Pts',(7.74371701927173E-17,-63.7126226497687,
-108.926991393076));
#5283=CARTESIAN_POINT('Ctrl Pts',(1.58155820035013E-15,-63.6964940015367,
-109.152891519416));
#5284=CARTESIAN_POINT('Ctrl Pts',(6.68754446820654E-31,-63.6712185615668,
-109.379015059624));
#5285=CARTESIAN_POINT('Ctrl Pts',(7.69302349535073E-45,-63.6373543859615,
-109.605169499481));
#5286=CARTESIAN_POINT('',(6.93889390390723E-17,-59.9185935292911,-115.04622683542));
#5287=CARTESIAN_POINT('Ctrl Pts',(-1.11022302462516E-16,-63.6373543859615,
-109.605169499481));
#5288=CARTESIAN_POINT('Ctrl Pts',(-1.11022302462516E-16,-63.6061349199765,
-109.813661828506));
#5289=CARTESIAN_POINT('Ctrl Pts',(3.17057961889683E-16,-63.56717242771,
-110.025132494744));
#5290=CARTESIAN_POINT('Ctrl Pts',(6.5755561036419E-16,-63.5211718207159,
-110.23760832543));
#5291=CARTESIAN_POINT('Ctrl Pts',(1.16752101351808E-15,-63.4747747950474,
-110.451915205588));
#5292=CARTESIAN_POINT('Ctrl Pts',(4.08878926453148E-15,-63.4212178449594,
-110.667244589702));
#5293=CARTESIAN_POINT('Ctrl Pts',(3.7047035922483E-15,-63.3612465104197,
-110.881523420117));
#5294=CARTESIAN_POINT('Ctrl Pts',(3.38377109433611E-15,-63.3007216234027,
-111.09778010509));
#5295=CARTESIAN_POINT('Ctrl Pts',(5.00559687115158E-17,-63.2336634112811,
-111.312966688298));
#5296=CARTESIAN_POINT('Ctrl Pts',(7.85741458683729E-18,-63.1608605390233,
-111.5249039915));
#5297=CARTESIAN_POINT('Ctrl Pts',(-1.38028161792275E-16,-63.0869785737495,
-111.739982655154));
#5298=CARTESIAN_POINT('Ctrl Pts',(-1.11164504744905E-16,-63.0071803931087,
-111.951714969617));
#5299=CARTESIAN_POINT('Ctrl Pts',(-8.83717217500093E-17,-62.9223129664456,
-112.157774694409));
#5300=CARTESIAN_POINT('Ctrl Pts',(-4.7499983491309E-17,-62.87467983565,
-112.273428841218));
#5301=CARTESIAN_POINT('Ctrl Pts',(-6.52548360364307E-17,-62.8254502046324,
-112.387295147067));
#5302=CARTESIAN_POINT('Ctrl Pts',(-5.67278534300307E-17,-62.7747768754447,
-112.498955817888));
#5303=CARTESIAN_POINT('Ctrl Pts',(-2.6051140017856E-17,-62.7652756262221,
-112.519892193667));
#5304=CARTESIAN_POINT('Ctrl Pts',(-5.35933902886386E-17,-62.7557236280666,
-112.540751014699));
#5305=CARTESIAN_POINT('Ctrl Pts',(-5.21164312863237E-17,-62.7461218966177,
-112.56152950918));
#5306=CARTESIAN_POINT('Ctrl Pts',(-2.21719170454856E-17,-62.7424451320776,
-112.56948616076));
#5307=CARTESIAN_POINT('Ctrl Pts',(-5.09939024893506E-17,-62.7387610774369,
-112.577431028521));
#5308=CARTESIAN_POINT('Ctrl Pts',(-5.0445296460184E-17,-62.7350697825039,
-112.585363972344));
#5309=CARTESIAN_POINT('Ctrl Pts',(-2.06685606750538E-17,-62.7332751641351,
-112.589220777873));
#5310=CARTESIAN_POINT('Ctrl Pts',(-4.99135486701343E-17,-62.7314769578681,
-112.593078814891));
#5311=CARTESIAN_POINT('Ctrl Pts',(-4.96491780751668E-17,-62.7296680938141,
-112.596953130259));
#5312=CARTESIAN_POINT('Ctrl Pts',(-1.5989403601763E-17,-62.7042282716425,
-112.651441411878));
#5313=CARTESIAN_POINT('Ctrl Pts',(-1.60752348555489E-15,-62.6770801937552,
-112.708292947647));
#5314=CARTESIAN_POINT('Ctrl Pts',(-1.6036152146107E-15,-62.6481671102091,
-112.767180568124));
#5315=CARTESIAN_POINT('Ctrl Pts',(-1.61966146597498E-15,-62.6200258727526,
-112.824496160508));
#5316=CARTESIAN_POINT('Ctrl Pts',(3.09204259220261E-15,-62.5902124062113,
-112.883740739149));
#5317=CARTESIAN_POINT('Ctrl Pts',(3.09371290559912E-15,-62.5586814495002,
-112.944563872291));
#5318=CARTESIAN_POINT('Ctrl Pts',(3.23433220862818E-15,-62.5282753861878,
-113.003217089005));
#5319=CARTESIAN_POINT('Ctrl Pts',(-2.47481558312074E-17,-62.4962720510495,
-113.063338273151));
#5320=CARTESIAN_POINT('Ctrl Pts',(-2.22675206876698E-17,-62.4626399469205,
-113.12456593391));
#5321=CARTESIAN_POINT('Ctrl Pts',(1.81888660210063E-17,-62.4296042327294,
-113.184707859424));
#5322=CARTESIAN_POINT('Ctrl Pts',(-1.74753744688218E-17,-62.3949968612402,
-113.24591751464));
#5323=CARTESIAN_POINT('Ctrl Pts',(-1.50613955286772E-17,-62.3587990076583,
-113.307804331616));
#5324=CARTESIAN_POINT('Ctrl Pts',(3.05984424049093E-17,-62.3235158769615,
-113.368127263385));
#5325=CARTESIAN_POINT('Ctrl Pts',(-1.03001631982062E-17,-62.2867215320039,
-113.429093616845));
#5326=CARTESIAN_POINT('Ctrl Pts',(-7.64319345675621E-18,-62.2484108389037,
-113.490294363632));
#5327=CARTESIAN_POINT('Ctrl Pts',(4.4834667644143E-17,-62.215195858119,
-113.543354787864));
#5328=CARTESIAN_POINT('Ctrl Pts',(-2.84832733226931E-18,-62.1808412156719,
-113.59659076408));
#5329=CARTESIAN_POINT('Ctrl Pts',(1.09084672050094E-30,-62.1453522383429,
-113.649705158068));
#5330=CARTESIAN_POINT('Ctrl Pts',(1.67574193729624E-17,-62.0931546143652,
-113.727826461464));
#5331=CARTESIAN_POINT('Ctrl Pts',(-5.02048673656588E-18,-62.0385023073359,
-113.805683042556));
#5332=CARTESIAN_POINT('Ctrl Pts',(7.38261794510085E-18,-61.9814015311411,
-113.882490991637));
#5333=CARTESIAN_POINT('Ctrl Pts',(5.65436955820646E-17,-61.9248105276859,
-113.958613230273));
#5334=CARTESIAN_POINT('Ctrl Pts',(2.96728486435323E-17,-61.8658143215585,
-114.033705337836));
#5335=CARTESIAN_POINT('Ctrl Pts',(3.70258351935618E-17,-61.8044491833659,
-114.106962813203));
#5336=CARTESIAN_POINT('Ctrl Pts',(7.63303212408454E-17,-61.789635402395,
-114.124647450223));
#5337=CARTESIAN_POINT('Ctrl Pts',(4.04220011902168E-17,-61.7746837191055,
-114.142224987064));
#5338=CARTESIAN_POINT('Ctrl Pts',(4.18847213506594E-17,-61.7595949360875,
-114.15968375396));
#5339=CARTESIAN_POINT('Ctrl Pts',(8.07692737548637E-17,-61.7486192373089,
-114.172383397548));
#5340=CARTESIAN_POINT('Ctrl Pts',(3.16826570661072E-15,-61.7375709984456,
-114.185020194502));
#5341=CARTESIAN_POINT('Ctrl Pts',(3.16877947644201E-15,-61.7264505683369,
-114.19758960837));
#5342=CARTESIAN_POINT('Ctrl Pts',(3.28144793887997E-15,-61.7201136323197,
-114.204752242429));
#5343=CARTESIAN_POINT('Ctrl Pts',(4.58156264191949E-17,-61.7137522606877,
-114.211894158665));
#5344=CARTESIAN_POINT('Ctrl Pts',(4.62703227801215E-17,-61.7073586085556,
-114.219023170221));
#5345=CARTESIAN_POINT('Ctrl Pts',(1.0631357669219E-17,-61.6498594210281,
-114.28313556856));
#5346=CARTESIAN_POINT('Ctrl Pts',(5.2206754063797E-17,-61.5899211813157,
-114.34601017592));
#5347=CARTESIAN_POINT('Ctrl Pts',(5.14822281319732E-17,-61.5276078458518,
-114.40678783353));
#5348=CARTESIAN_POINT('Ctrl Pts',(-3.09836640847521E-15,-61.4670970581027,
-114.465807366222));
#5349=CARTESIAN_POINT('Ctrl Pts',(3.16199907749332E-15,-61.4043464819561,
-114.522849204595));
#5350=CARTESIAN_POINT('Ctrl Pts',(3.15479552925863E-15,-61.3394476895756,
-114.577086880855));
#5351=CARTESIAN_POINT('Ctrl Pts',(-1.51078674934253E-15,-61.2749117642806,
-114.631021299276));
#5352=CARTESIAN_POINT('Ctrl Pts',(2.76425837715691E-17,-61.2082513708378,
-114.682182681796));
#5353=CARTESIAN_POINT('Ctrl Pts',(1.63761552410835E-17,-61.13959224093,
-114.729721562966));
#5354=CARTESIAN_POINT('Ctrl Pts',(3.24557115783948E-15,-61.0904118735933,
-114.763773547631));
#5355=CARTESIAN_POINT('Ctrl Pts',(0.,-61.0402067258082,-114.795966122294));
#5356=CARTESIAN_POINT('Ctrl Pts',(0.,-60.9890352227427,-114.825976007385));
#5357=CARTESIAN_POINT('Ctrl Pts',(0.,-60.9706606197828,-114.836751921524));
#5358=CARTESIAN_POINT('Ctrl Pts',(0.,-60.9521379186274,-114.847260253259));
#5359=CARTESIAN_POINT('Ctrl Pts',(0.,-60.9334633989264,-114.85748642706));
#5360=CARTESIAN_POINT('Ctrl Pts',(0.,-60.8645635897225,-114.895215987719));
#5361=CARTESIAN_POINT('Ctrl Pts',(-1.550931981873E-15,-60.7936263915615,
-114.929087649292));
#5362=CARTESIAN_POINT('Ctrl Pts',(-1.55152135141184E-15,-60.720862623995,
-114.958133767161));
#5363=CARTESIAN_POINT('Ctrl Pts',(-1.59248953336537E-15,-60.6572026223715,
-114.983545809067));
#5364=CARTESIAN_POINT('Ctrl Pts',(0.,-60.5921450936272,-115.005263687554));
#5365=CARTESIAN_POINT('Ctrl Pts',(0.,-60.5258597692702,-115.022623434198));
#5366=CARTESIAN_POINT('Ctrl Pts',(0.,-60.5010027726363,-115.02913333919));
#5367=CARTESIAN_POINT('Ctrl Pts',(0.,-60.4759733925057,-115.035030244602));
#5368=CARTESIAN_POINT('Ctrl Pts',(0.,-60.4507815815614,-115.040278668347));
#5369=CARTESIAN_POINT('Ctrl Pts',(0.,-60.4414977955243,-115.042212838272));
#5370=CARTESIAN_POINT('Ctrl Pts',(0.,-60.4321898539823,-115.044059327377));
#5371=CARTESIAN_POINT('Ctrl Pts',(0.,-60.4228651580823,-115.04581506737));
#5372=CARTESIAN_POINT('Ctrl Pts',(0.,-60.4120230928418,-115.047856511699));
#5373=CARTESIAN_POINT('Ctrl Pts',(0.,-60.4011736932298,-115.049772408893));
#5374=CARTESIAN_POINT('Ctrl Pts',(0.,-60.3903225120546,-115.051560824343));
#5375=CARTESIAN_POINT('Ctrl Pts',(0.,-60.2807734967336,-115.06961592344));
#5376=CARTESIAN_POINT('Ctrl Pts',(0.,-60.1708528590074,-115.074713399824));
#5377=CARTESIAN_POINT('Ctrl Pts',(0.,-60.0611755943189,-115.065810624218));
#5378=CARTESIAN_POINT('Ctrl Pts',(0.,-60.0135840083702,-115.061947497145));
#5379=CARTESIAN_POINT('Ctrl Pts',(0.,-59.9660389061678,-115.055448137302));
#5380=CARTESIAN_POINT('Ctrl Pts',(0.,-59.9185935292912,-115.046226835419));
#5381=CARTESIAN_POINT('',(-2.17949866052468E-11,-37.0339093962938,-92.1514303384576));
#5382=CARTESIAN_POINT('Ctrl Pts',(0.,-59.9185935292909,-115.046226835419));
#5383=CARTESIAN_POINT('Ctrl Pts',(0.,-59.8571065947582,-115.034276470126));
#5384=CARTESIAN_POINT('Ctrl Pts',(1.61941125550205E-15,-59.7970065976322,
-115.017988773507));
#5385=CARTESIAN_POINT('Ctrl Pts',(-1.9716633779858E-18,-59.7382062517104,
-114.998008685037));
#5386=CARTESIAN_POINT('Ctrl Pts',(-1.67130573296964E-15,-59.6872362746077,
-114.98068932006));
#5387=CARTESIAN_POINT('Ctrl Pts',(-4.87608988100525E-15,-59.6372432042855,
-114.960596543051));
#5388=CARTESIAN_POINT('Ctrl Pts',(-4.88086454111106E-15,-59.5881946491979,
-114.938170519402));
#5389=CARTESIAN_POINT('Ctrl Pts',(-1.64820966818208E-15,-59.5422116288032,
-114.917146122231));
#5390=CARTESIAN_POINT('Ctrl Pts',(-3.34612559707425E-15,-59.4970588518629,
-114.894071448675));
#5391=CARTESIAN_POINT('Ctrl Pts',(-3.3417103473449E-15,-59.4527300718077,
-114.869319038606));
#5392=CARTESIAN_POINT('Ctrl Pts',(-3.71953577569272E-17,-59.4403505617611,
-114.862406538223));
#5393=CARTESIAN_POINT('Ctrl Pts',(-1.56687915720913E-15,-59.4280260649367,
-114.855358081695));
#5394=CARTESIAN_POINT('Ctrl Pts',(-1.56431128898235E-15,-59.4157470417455,
-114.8481752054));
#5395=CARTESIAN_POINT('Ctrl Pts',(-1.69810380192631E-15,-59.3674752141933,
-114.819937571148));
#5396=CARTESIAN_POINT('Ctrl Pts',(-6.49531201493441E-15,-59.3199566265852,
-114.789648182159));
#5397=CARTESIAN_POINT('Ctrl Pts',(-6.49707688350361E-15,-59.273298029315,
-114.757803830341));
#5398=CARTESIAN_POINT('Ctrl Pts',(-6.55710862344314E-15,-59.2250899461219,
-114.724901959058));
#5399=CARTESIAN_POINT('Ctrl Pts',(-3.23492381534542E-15,-59.1777994098545,
-114.690340831539));
#5400=CARTESIAN_POINT('Ctrl Pts',(-3.2455650235568E-15,-59.1315796482655,
-114.654713070975));
#5401=CARTESIAN_POINT('Ctrl Pts',(-3.27938213432647E-15,-59.099775481291,
-114.630197339891));
#5402=CARTESIAN_POINT('Ctrl Pts',(-3.26231163145436E-15,-59.0684790900505,
-114.605177512852));
#5403=CARTESIAN_POINT('Ctrl Pts',(-3.27203052177553E-15,-59.0377512684049,
-114.579855537505));
#5404=CARTESIAN_POINT('Ctrl Pts',(-3.3044905591165E-15,-59.0233476020085,
-114.56798586156));
#5405=CARTESIAN_POINT('Ctrl Pts',(-3.28121244046527E-15,-59.0090689951582,
-114.556049880515));
#5406=CARTESIAN_POINT('Ctrl Pts',(-3.28575401390903E-15,-58.9949223986777,
-114.544068776017));
#5407=CARTESIAN_POINT('Ctrl Pts',(-3.31653569617706E-15,-58.9879900528189,
-114.538197599847));
#5408=CARTESIAN_POINT('Ctrl Pts',(-3.29018507415836E-15,-58.9810894140538,
-114.532315591064));
#5409=CARTESIAN_POINT('Ctrl Pts',(-3.29235412507211E-15,-58.9742213388992,
-114.526425258407));
#5410=CARTESIAN_POINT('Ctrl Pts',(-3.322332823163E-15,-58.9707240903869,
-114.523425879883));
#5411=CARTESIAN_POINT('Ctrl Pts',(-3.29455528451114E-15,-58.9672302059888,
-114.520420000474));
#5412=CARTESIAN_POINT('Ctrl Pts',(-3.2956444149236E-15,-58.9637319319262,
-114.517401038533));
#5413=CARTESIAN_POINT('Ctrl Pts',(-3.32748105499052E-15,-58.955138311896,
-114.509984863771));
#5414=CARTESIAN_POINT('Ctrl Pts',(-3.30094549931736E-15,-58.946532034994,
-114.502501595327));
#5415=CARTESIAN_POINT('Ctrl Pts',(-3.30348910037822E-15,-58.9379127854829,
-114.494951915102));
#5416=CARTESIAN_POINT('Ctrl Pts',(-3.37959004450702E-15,-58.7891906034574,
-114.364684782781));
#5417=CARTESIAN_POINT('Ctrl Pts',(-3.68196345670949E-15,-58.6365789497707,
-114.214626654651));
#5418=CARTESIAN_POINT('Ctrl Pts',(-3.70301948240062E-15,-58.4772685447311,
-114.047225871668));
#5419=CARTESIAN_POINT('Ctrl Pts',(-3.42437629944338E-15,-58.3336419416658,
-113.896305372758));
#5420=CARTESIAN_POINT('Ctrl Pts',(-3.73857255519896E-15,-58.1845709829258,
-113.731288799391));
#5421=CARTESIAN_POINT('Ctrl Pts',(-3.7510571169164E-15,-58.0280319540929,
-113.553955950108));
#5422=CARTESIAN_POINT('Ctrl Pts',(-3.45634055775424E-15,-58.0073676109936,
-113.530546664465));
#5423=CARTESIAN_POINT('Ctrl Pts',(-3.75428207755638E-15,-57.9865731795032,
-113.506922733401));
#5424=CARTESIAN_POINT('Ctrl Pts',(-3.75578401638428E-15,-57.9656440508703,
-113.483088230593));
#5425=CARTESIAN_POINT('Ctrl Pts',(-3.46075001120398E-15,-57.9550042911727,
-113.470971463247));
#5426=CARTESIAN_POINT('Ctrl Pts',(-3.75729172653434E-15,-57.9443297203976,
-113.45880027546));
#5427=CARTESIAN_POINT('Ctrl Pts',(-3.75801602106937E-15,-57.9336197341361,
-113.446575201933));
#5428=CARTESIAN_POINT('Ctrl Pts',(-3.46306185427246E-15,-57.9264248483294,
-113.438362492238));
#5429=CARTESIAN_POINT('Ctrl Pts',(-3.75898005086184E-15,-57.9192163594097,
-113.430128185504));
#5430=CARTESIAN_POINT('Ctrl Pts',(-3.75944884215692E-15,-57.9119845795742,
-113.421861575212));
#5431=CARTESIAN_POINT('Ctrl Pts',(-3.46510830132764E-15,-57.900440856216,
-113.408666004482));
#5432=CARTESIAN_POINT('Ctrl Pts',(-3.76092411854657E-15,-57.8888261049383,
-113.395374752527));
#5433=CARTESIAN_POINT('Ctrl Pts',(-3.76162868695075E-15,-57.8771402566494,
-113.381989056871));
#5434=CARTESIAN_POINT('Ctrl Pts',(-3.47231853049227E-15,-57.805128126381,
-113.299501895011));
#5435=CARTESIAN_POINT('Ctrl Pts',(-3.76946297293366E-15,-57.7304146168398,
-113.213421315199));
#5436=CARTESIAN_POINT('Ctrl Pts',(-3.77186204694919E-15,-57.65278842432,
-113.123852647089));
#5437=CARTESIAN_POINT('Ctrl Pts',(-3.48393643518419E-15,-57.6107130829637,
-113.075304184732));
#5438=CARTESIAN_POINT('Ctrl Pts',(-5.54946976107154E-15,-57.5677818155789,
-113.025731852823));
#5439=CARTESIAN_POINT('Ctrl Pts',(-5.55111512312579E-15,-57.5239599135708,
-112.975158708096));
#5440=CARTESIAN_POINT('Ctrl Pts',(-5.39444171923246E-15,-57.4549980010402,
-112.895572459593));
#5441=CARTESIAN_POINT('Ctrl Pts',(-7.14454468589947E-15,-57.3838281122251,
-112.813504638668));
#5442=CARTESIAN_POINT('Ctrl Pts',(-7.14914218969648E-15,-57.310579931326,
-112.729275019023));
#5443=CARTESIAN_POINT('Ctrl Pts',(-6.99405034502878E-15,-57.2352122136641,
-112.642608099596));
#5444=CARTESIAN_POINT('Ctrl Pts',(-1.84379912392744E-15,-57.1576441969139,
-112.553652639118));
#5445=CARTESIAN_POINT('Ctrl Pts',(-1.84318115152783E-15,-57.0780454776832,
-112.46280601787));
#5446=CARTESIAN_POINT('Ctrl Pts',(-1.74656851126693E-15,-56.9953988642176,
-112.368480811844));
#5447=CARTESIAN_POINT('Ctrl Pts',(-7.1606433169636E-15,-56.9105630745337,
-112.272117096577));
#5448=CARTESIAN_POINT('Ctrl Pts',(-7.15962934238573E-15,-56.823757915805,
-112.174208592938));
#5449=CARTESIAN_POINT('Ctrl Pts',(-3.4942545664709E-15,-56.7324312894362,
-112.071200275678));
#5450=CARTESIAN_POINT('Ctrl Pts',(-3.6345185814625E-15,-56.6389248174225,
-111.96648242631));
#5451=CARTESIAN_POINT('Ctrl Pts',(-3.62962206937497E-15,-56.543526826077,
-111.860678436526));
#5452=CARTESIAN_POINT('Ctrl Pts',(-3.4872588111492E-15,-56.4353677755528,
-111.740721413162));
#5453=CARTESIAN_POINT('Ctrl Pts',(-3.61778705756171E-15,-56.324777007133,
-111.619368544294));
#5454=CARTESIAN_POINT('Ctrl Pts',(-3.61117425981729E-15,-56.212218305917,
-111.497584674825));
#5455=CARTESIAN_POINT('Ctrl Pts',(-3.4762258058617E-15,-56.0833904125113,
-111.35819821083));
#5456=CARTESIAN_POINT('Ctrl Pts',(-5.21598962743701E-15,-55.951984524131,
-111.218248935467));
#5457=CARTESIAN_POINT('Ctrl Pts',(-3.58781679674963E-15,-55.8187537279647,
-111.079237005394));
#5458=CARTESIAN_POINT('Ctrl Pts',(-1.71449012206555E-15,-55.6750365061675,
-110.929283624032));
#5459=CARTESIAN_POINT('Ctrl Pts',(-5.32521069385469E-15,-55.5291971010599,
-110.780425680206));
#5460=CARTESIAN_POINT('Ctrl Pts',(-5.31916189005968E-15,-55.3822332318556,
-110.634551032029));
#5461=CARTESIAN_POINT('Ctrl Pts',(-5.19768164493178E-15,-55.3226040217754,
-110.575363763153));
#5462=CARTESIAN_POINT('Ctrl Pts',(-1.7810177919803E-15,-55.2627901450913,
-110.516667247084));
#5463=CARTESIAN_POINT('Ctrl Pts',(-1.77920556313175E-15,-55.2028595643267,
-110.458584793887));
#5464=CARTESIAN_POINT('Ctrl Pts',(-1.70282759935611E-15,-55.1687922930981,
-110.425568082528));
#5465=CARTESIAN_POINT('Ctrl Pts',(-1.77719717459526E-15,-55.1346873201903,
-110.392749752173));
#5466=CARTESIAN_POINT('Ctrl Pts',(-1.77627825479207E-15,-55.1005571697736,
-110.360152053909));
#5467=CARTESIAN_POINT('Ctrl Pts',(-1.70108690580249E-15,-55.0806215397348,
-110.341111538565));
#5468=CARTESIAN_POINT('Ctrl Pts',(-1.77522499672841E-15,-55.0606773199833,
-110.322146292568));
#5469=CARTESIAN_POINT('Ctrl Pts',(-1.77473017685162E-15,-55.0407270072799,
-110.303260695577));
#5470=CARTESIAN_POINT('Ctrl Pts',(-1.70018005855903E-15,-55.0310353069356,
-110.294086225503));
#5471=CARTESIAN_POINT('Ctrl Pts',(-1.77425459422587E-15,-55.021344290271,
-110.284932578476));
#5472=CARTESIAN_POINT('Ctrl Pts',(-1.77402502703062E-15,-55.0116675397286,
-110.275812701354));
#5473=CARTESIAN_POINT('Ctrl Pts',(-1.69815135158103E-15,-54.9143029214793,
-110.1840511797));
#5474=CARTESIAN_POINT('Ctrl Pts',(-5.25449610099975E-15,-54.8180078546554,
-110.095355192507));
#5475=CARTESIAN_POINT('Ctrl Pts',(-3.54217338342104E-15,-54.7228823200612,
-110.009888289141));
#5476=CARTESIAN_POINT('Ctrl Pts',(-1.65934302897294E-15,-54.6238078591364,
-109.920873416173));
#5477=CARTESIAN_POINT('Ctrl Pts',(-3.54023513251456E-15,-54.526001906373,
-109.835360867061));
#5478=CARTESIAN_POINT('Ctrl Pts',(-3.54091040668858E-15,-54.4295465598756,
-109.753485268443));
#5479=CARTESIAN_POINT('Ctrl Pts',(-3.44337125615867E-15,-54.3259903708786,
-109.665582158117));
#5480=CARTESIAN_POINT('Ctrl Pts',(-3.5436750437627E-15,-54.223990929691,
-109.58187086819));
#5481=CARTESIAN_POINT('Ctrl Pts',(-3.54716421082069E-15,-54.1236161758929,
-109.502467022592));
#5482=CARTESIAN_POINT('Ctrl Pts',(-3.44951913052215E-15,-54.0788025120802,
-109.467016103836));
#5483=CARTESIAN_POINT('Ctrl Pts',(-1.77479381266496E-15,-54.034312273585,
-109.432423172265));
#5484=CARTESIAN_POINT('Ctrl Pts',(-1.77635683940025E-15,-53.9901496139382,
-109.398695879745));
#5485=CARTESIAN_POINT('Ctrl Pts',(-1.64835122194525E-15,-53.9080045754405,
-109.335961212843));
#5486=CARTESIAN_POINT('Ctrl Pts',(-1.66332365939571E-15,-53.8269922344331,
-109.276216486654));
#5487=CARTESIAN_POINT('Ctrl Pts',(-1.66713006720117E-15,-53.7470143467687,
-109.218986799717));
#5488=CARTESIAN_POINT('Ctrl Pts',(-1.66641496332018E-15,-53.6643307127592,
-109.159820964916));
#5489=CARTESIAN_POINT('Ctrl Pts',(-5.08538335038245E-15,-53.5827527243305,
-109.103343442157));
#5490=CARTESIAN_POINT('Ctrl Pts',(-3.40253925303614E-15,-53.5021762770355,
-109.049086577727));
#5491=CARTESIAN_POINT('Ctrl Pts',(-1.70427166893881E-15,-53.418633774682,
-108.992832493855));
#5492=CARTESIAN_POINT('Ctrl Pts',(-1.69411975920164E-15,-53.3361679206804,
-108.938965804229));
#5493=CARTESIAN_POINT('Ctrl Pts',(-1.70157023303184E-15,-53.2546671577067,
-108.887022091636));
#5494=CARTESIAN_POINT('Ctrl Pts',(-1.71205075662326E-15,-53.1698513223177,
-108.832965550126));
#5495=CARTESIAN_POINT('Ctrl Pts',(-1.7178808906483E-15,-53.0860807026697,
-108.780991868679));
#5496=CARTESIAN_POINT('Ctrl Pts',(-1.72713054127257E-15,-53.0032340697897,
-108.730634126351));
#5497=CARTESIAN_POINT('Ctrl Pts',(-1.7402069437037E-15,-52.914241307904,
-108.676540502793));
#5498=CARTESIAN_POINT('Ctrl Pts',(-3.48466742105752E-15,-52.8263147134321,
-108.624311549414));
#5499=CARTESIAN_POINT('Ctrl Pts',(-3.49844174273995E-15,-52.7393090146917,
-108.573430139449));
#5500=CARTESIAN_POINT('Ctrl Pts',(-3.56935326056984E-15,-52.6475290337801,
-108.519756703077));
#5501=CARTESIAN_POINT('Ctrl Pts',(1.66691705775667E-15,-52.5567738116213,
-108.467583169449));
#5502=CARTESIAN_POINT('Ctrl Pts',(6.58449659453542E-18,-52.4668779648637,
-108.416364568319));
#5503=CARTESIAN_POINT('Ctrl Pts',(-1.84789765622858E-15,-52.3708579009264,
-108.361656664308));
#5504=CARTESIAN_POINT('Ctrl Pts',(-9.46239376730469E-17,-52.2758183218949,
-108.308038758752));
#5505=CARTESIAN_POINT('Ctrl Pts',(-1.0616923659425E-16,-52.1815629755555,
-108.254908392966));
#5506=CARTESIAN_POINT('Ctrl Pts',(-3.49438330716395E-17,-52.0777147003621,
-108.196370632918));
#5507=CARTESIAN_POINT('Ctrl Pts',(-1.87797819484522E-15,-51.9748184464604,
-108.138425399874));
#5508=CARTESIAN_POINT('Ctrl Pts',(-1.89662481826835E-15,-51.8726174817002,
-108.080330020663));
#5509=CARTESIAN_POINT('Ctrl Pts',(-1.90565151708558E-15,-51.7454878897597,
-108.008064148515));
#5510=CARTESIAN_POINT('Ctrl Pts',(-3.5632629736304E-15,-51.6194341434862,
-107.935567179809));
#5511=CARTESIAN_POINT('Ctrl Pts',(-7.4573184540001E-15,-51.4939705787625,
-107.861490213605));
#5512=CARTESIAN_POINT('Ctrl Pts',(-1.23596542262317E-14,-51.344336922195,
-107.773142593761));
#5513=CARTESIAN_POINT('Ctrl Pts',(-3.80494315009372E-15,-51.1955432131643,
-107.68255615851));
#5514=CARTESIAN_POINT('Ctrl Pts',(-3.83781406427473E-15,-51.0467728208023,
-107.587467232576));
#5515=CARTESIAN_POINT('Ctrl Pts',(-3.87712824320786E-15,-51.0408692519448,
-107.583693874094));
#5516=CARTESIAN_POINT('Ctrl Pts',(-2.88875497400617E-16,-51.0349657199217,
-107.579913416311));
#5517=CARTESIAN_POINT('Ctrl Pts',(-2.90025140865007E-16,-51.0290621736865,
-107.576125714841));
#5518=CARTESIAN_POINT('Ctrl Pts',(-1.89205375927117E-16,-51.0250546856401,
-107.573554519874));
#5519=CARTESIAN_POINT('Ctrl Pts',(-2.06608546802668E-15,-51.0210483949076,
-107.570980754846));
#5520=CARTESIAN_POINT('Ctrl Pts',(-2.06693326536823E-15,-51.0170513330944,
-107.568409570831));
#5521=CARTESIAN_POINT('Ctrl Pts',(-2.05207389793195E-15,-50.9347651650397,
-107.515477469731));
#5522=CARTESIAN_POINT('Ctrl Pts',(-3.24531361882169E-16,-50.8554405177126,
-107.46303285184));
#5523=CARTESIAN_POINT('Ctrl Pts',(-3.40667149025807E-16,-50.7782009574009,
-107.410503388559));
#5524=CARTESIAN_POINT('Ctrl Pts',(-3.94455235384165E-15,-50.7110439395715,
-107.364830910778));
#5525=CARTESIAN_POINT('Ctrl Pts',(-2.14700378024563E-15,-50.645463357878,
-107.319095542984));
#5526=CARTESIAN_POINT('Ctrl Pts',(-2.16114414486162E-15,-50.5808830676055,
-107.27288276589));
#5527=CARTESIAN_POINT('Ctrl Pts',(-2.13479117768748E-15,-50.5223640527944,
-107.231007355052));
#5528=CARTESIAN_POINT('Ctrl Pts',(-2.18663810980825E-15,-50.4646664334314,
-107.18874028647));
#5529=CARTESIAN_POINT('Ctrl Pts',(-2.19925346469988E-15,-50.4073600682098,
-107.145730159909));
#5530=CARTESIAN_POINT('Ctrl Pts',(-2.16551315986118E-15,-50.3751961749962,
-107.121590204208));
#5531=CARTESIAN_POINT('Ctrl Pts',(-2.21339402003693E-15,-50.3431555007759,
-107.097215353778));
#5532=CARTESIAN_POINT('Ctrl Pts',(-2.22044604925032E-15,-50.3111616683149,
-107.072536125412));
#5533=CARTESIAN_POINT('Ctrl Pts',(-2.14939039301169E-15,-50.2558312143674,
-107.029855620968));
#5534=CARTESIAN_POINT('Ctrl Pts',(-2.0940498672538E-15,-50.2006409771808,
-106.986268140859));
#5535=CARTESIAN_POINT('Ctrl Pts',(-2.10722923224201E-15,-50.1452515308306,
-106.941571792271));
#5536=CARTESIAN_POINT('Ctrl Pts',(-2.17247254554406E-15,-50.0859713120484,
-106.893735796468));
#5537=CARTESIAN_POINT('Ctrl Pts',(-2.13550159217732E-15,-50.0264622678683,
-106.844629158262));
#5538=CARTESIAN_POINT('Ctrl Pts',(-2.14980609947087E-15,-49.9663111025776,
-106.793941910265));
#5539=CARTESIAN_POINT('Ctrl Pts',(-2.2141645268146E-15,-49.9016034945681,
-106.739415110017));
#5540=CARTESIAN_POINT('Ctrl Pts',(-4.92688206104617E-16,-49.8361516190351,
-106.683058181471));
#5541=CARTESIAN_POINT('Ctrl Pts',(-5.10030352619135E-16,-49.769458555384,
-106.62442705307));
#5542=CARTESIAN_POINT('Ctrl Pts',(-4.30498396759966E-16,-49.7017696953392,
-106.564920501303));
#5543=CARTESIAN_POINT('Ctrl Pts',(-2.2358748278947E-15,-49.6328008200762,
-106.503069232695));
#5544=CARTESIAN_POINT('Ctrl Pts',(-4.11840480611124E-15,-49.5620702002875,
-106.438375696284));
#5545=CARTESIAN_POINT('Ctrl Pts',(-5.95174861422843E-15,-49.4960837612842,
-106.378021409738));
#5546=CARTESIAN_POINT('Ctrl Pts',(-2.27667270392268E-15,-49.428563119065,
-106.31519118602));
#5547=CARTESIAN_POINT('Ctrl Pts',(-2.29273229958041E-15,-49.3591656108261,
-106.249483240086));
#5548=CARTESIAN_POINT('Ctrl Pts',(-2.35728442185638E-15,-49.2984427911171,
-106.191988787395));
#5549=CARTESIAN_POINT('Ctrl Pts',(-5.91917815028336E-15,-49.2362829505484,
-106.132289969012));
#5550=CARTESIAN_POINT('Ctrl Pts',(-5.92621745869037E-15,-49.1724997446324,
-106.070139944992));
#5551=CARTESIAN_POINT('Ctrl Pts',(-6.00834730527067E-15,-49.1166894394559,
-106.015758673975));
#5552=CARTESIAN_POINT('Ctrl Pts',(-2.36112509240199E-15,-49.0596363657335,
-105.95950025042));
#5553=CARTESIAN_POINT('Ctrl Pts',(-2.37413004587099E-15,-49.0012503803221,
-105.901226874718));
#5554=CARTESIAN_POINT('Ctrl Pts',(-2.44241340453543E-15,-48.9486197240076,
-105.848697727745));
#5555=CARTESIAN_POINT('Ctrl Pts',(-2.39769263338346E-15,-48.8949060210329,
-105.794531014321));
#5556=CARTESIAN_POINT('Ctrl Pts',(-2.40961217486245E-15,-48.8400725660662,
-105.73865446465));
#5557=CARTESIAN_POINT('Ctrl Pts',(-2.48126066081692E-15,-48.7884071698413,
-105.68600623958));
#5558=CARTESIAN_POINT('Ctrl Pts',(-7.8970096491411E-15,-48.735747544083,
-105.631839676692));
#5559=CARTESIAN_POINT('Ctrl Pts',(-5.97277759699631E-15,-48.6820913651787,
-105.576125839356));
#5560=CARTESIAN_POINT('Ctrl Pts',(-4.24151978025878E-15,-48.6312264632387,
-105.523310321541));
#5561=CARTESIAN_POINT('Ctrl Pts',(-2.46496472952975E-15,-48.5794658725888,
-105.469103996874));
#5562=CARTESIAN_POINT('Ctrl Pts',(-2.47568675784173E-15,-48.5268356929489,
-105.413516308013));
#5563=CARTESIAN_POINT('Ctrl Pts',(-2.55555705708503E-15,-48.4767020378632,
-105.360565433829));
#5564=CARTESIAN_POINT('Ctrl Pts',(-2.49608128191777E-15,-48.4257792181383,
-105.306360839225));
#5565=CARTESIAN_POINT('Ctrl Pts',(-2.50616422538835E-15,-48.37411768489,
-105.250946910171));
#5566=CARTESIAN_POINT('Ctrl Pts',(-2.59071967519371E-15,-48.3247123082348,
-105.197953011912));
#5567=CARTESIAN_POINT('Ctrl Pts',(-2.52535972891784E-15,-48.2746312192801,
-105.143852824771));
#5568=CARTESIAN_POINT('Ctrl Pts',(-2.53474887544776E-15,-48.2239463284419,
-105.08872321331));
#5569=CARTESIAN_POINT('Ctrl Pts',(-2.62475957437506E-15,-48.1730932880338,
-105.033410706703));
#5570=CARTESIAN_POINT('Ctrl Pts',(-6.00657109718543E-15,-48.1216320611655,
-104.977061280505));
#5571=CARTESIAN_POINT('Ctrl Pts',(-6.00842630330601E-15,-48.0696677688453,
-104.919799026404));
#5572=CARTESIAN_POINT('Ctrl Pts',(-6.1289612322275E-15,-48.0227502800444,
-104.868098117077));
#5573=CARTESIAN_POINT('Ctrl Pts',(-2.57845717845797E-15,-47.9754228888558,
-104.81565327243));
#5574=CARTESIAN_POINT('Ctrl Pts',(-2.58607327096679E-15,-47.9277896373382,
-104.762595350284));
#5575=CARTESIAN_POINT('Ctrl Pts',(-2.68603904665573E-15,-47.8815587881364,
-104.711099541799));
#5576=CARTESIAN_POINT('Ctrl Pts',(-2.60057815697914E-15,-47.835039706813,
-104.659025972661));
#5577=CARTESIAN_POINT('Ctrl Pts',(-2.60731887051496E-15,-47.7883539165917,
-104.606534589506));
#5578=CARTESIAN_POINT('Ctrl Pts',(-2.71242992527477E-15,-47.7435758452831,
-104.556188158892));
#5579=CARTESIAN_POINT('Ctrl Pts',(-2.61990693204996E-15,-47.6986443613229,
-104.505457221102));
#5580=CARTESIAN_POINT('Ctrl Pts',(-2.62558946472574E-15,-47.6536924516412,
-104.454523230679));
#5581=CARTESIAN_POINT('Ctrl Pts',(-2.7318038615493E-15,-47.633351008905,
-104.431474802774));
#5582=CARTESIAN_POINT('Ctrl Pts',(-2.630641966596E-15,-47.6130057464853,
-104.408385369423));
#5583=CARTESIAN_POINT('Ctrl Pts',(-2.63302247899756E-15,-47.5926708801284,
-104.385274762547));
#5584=CARTESIAN_POINT('Ctrl Pts',(-2.73942892035813E-15,-47.5871765134,
-104.379030406313));
#5585=CARTESIAN_POINT('Ctrl Pts',(2.32513157861428E-15,-47.5816807855163,
-104.372782093615));
#5586=CARTESIAN_POINT('Ctrl Pts',(2.32350226775153E-15,-47.5761997553769,
-104.366548176914));
#5587=CARTESIAN_POINT('Ctrl Pts',(2.3692762446898E-15,-47.5453793716995,
-104.33149423639));
#5588=CARTESIAN_POINT('Ctrl Pts',(-1.06718268316166E-15,-47.514916190658,
-104.296773523184));
#5589=CARTESIAN_POINT('Ctrl Pts',(-1.07185747944644E-15,-47.4846192834792,
-104.262186624253));
#5590=CARTESIAN_POINT('Ctrl Pts',(-1.05960507571725E-15,-47.455624925922,
-104.229086713808));
#5591=CARTESIAN_POINT('Ctrl Pts',(-7.80512586650877E-15,-47.4267827637423,
-104.196109061903));
#5592=CARTESIAN_POINT('Ctrl Pts',(-7.80248019341432E-15,-47.3979572101504,
-104.163114744418));
#5593=CARTESIAN_POINT('Ctrl Pts',(-7.85536245963695E-15,-47.3710070529263,
-104.132267043926));
#5594=CARTESIAN_POINT('Ctrl Pts',(-2.77504148137653E-15,-47.3440714253951,
-104.10140464784));
#5595=CARTESIAN_POINT('Ctrl Pts',(-4.46860323018875E-15,-47.3170682500606,
-104.070448781821));
#5596=CARTESIAN_POINT('Ctrl Pts',(-6.07464872945819E-15,-47.2910570143117,
-104.04063005425));
#5597=CARTESIAN_POINT('Ctrl Pts',(-2.78315592349251E-15,-47.264982957734,
-104.010724298527));
#5598=CARTESIAN_POINT('Ctrl Pts',(-4.47222459369596E-15,-47.2388014646101,
-103.980697757456));
#5599=CARTESIAN_POINT('Ctrl Pts',(-2.7862428600134E-15,-47.2141111569909,
-103.952381399321));
#5600=CARTESIAN_POINT('Ctrl Pts',(-2.66386786007984E-15,-47.1893252610691,
-103.923957474387));
#5601=CARTESIAN_POINT('Ctrl Pts',(-2.66425484782242E-15,-47.1644335545831,
-103.895433820045));
#5602=CARTESIAN_POINT('Ctrl Pts',(-2.79077101234185E-15,-47.1451440071464,
-103.873329735545));
#5603=CARTESIAN_POINT('Ctrl Pts',(-4.44176138964622E-15,-47.1257913890292,
-103.851166369859));
#5604=CARTESIAN_POINT('Ctrl Pts',(-4.44089209850063E-15,-47.1063837130688,
-103.828964906124));
#5605=CARTESIAN_POINT('Ctrl Pts',(-4.47243751029851E-15,-47.0769961268789,
-103.795346896919));
#5606=CARTESIAN_POINT('Ctrl Pts',(-2.88439059302201E-15,-47.0474816785286,
-103.761641477326));
#5607=CARTESIAN_POINT('Ctrl Pts',(-2.88132819156055E-15,-47.017829545693,
-103.727838646428));
#5608=CARTESIAN_POINT('Ctrl Pts',(-2.78502649045655E-15,-46.9875788229128,
-103.693353435116));
#5609=CARTESIAN_POINT('Ctrl Pts',(-2.87443983328348E-15,-46.9571848141708,
-103.658766982643));
#5610=CARTESIAN_POINT('Ctrl Pts',(-2.86994500520326E-15,-46.926673000203,
-103.624109074667));
#5611=CARTESIAN_POINT('Ctrl Pts',(-2.77432028749685E-15,-46.8938005876518,
-103.586769798466));
#5612=CARTESIAN_POINT('Ctrl Pts',(-4.34151487983752E-15,-46.8607912853074,
-103.549347699175));
#5613=CARTESIAN_POINT('Ctrl Pts',(-4.33572164935928E-15,-46.8277212519136,
-103.511925282167));
#5614=CARTESIAN_POINT('Ctrl Pts',(-4.43199485169475E-15,-46.7910576922806,
-103.470436390964));
#5615=CARTESIAN_POINT('Ctrl Pts',(-2.83680230188642E-15,-46.7543197230158,
-103.428948122366));
#5616=CARTESIAN_POINT('Ctrl Pts',(-2.82689744130568E-15,-46.7176642703925,
-103.387619113759));
#5617=CARTESIAN_POINT('Ctrl Pts',(-2.72912492187668E-15,-46.6740151016317,
-103.338404692921));
#5618=CARTESIAN_POINT('Ctrl Pts',(-2.80140787911167E-15,-46.6304856170629,
-103.289422013329));
#5619=CARTESIAN_POINT('Ctrl Pts',(-2.78566425449615E-15,-46.5873945770913,
-103.240951893984));
#5620=CARTESIAN_POINT('Ctrl Pts',(-2.69986066877207E-15,-46.5848942693791,
-103.238139471418));
#5621=CARTESIAN_POINT('Ctrl Pts',(-3.28111245410994E-15,-46.5823954404921,
-103.235328757841));
#5622=CARTESIAN_POINT('Ctrl Pts',(-4.3754863408608E-15,-46.5798981523364,
-103.232519799925));
#5623=CARTESIAN_POINT('Ctrl Pts',(-2.69681966356142E-15,-46.5765004714744,
-103.228698077337));
#5624=CARTESIAN_POINT('Ctrl Pts',(-4.2746490531967E-15,-46.5731042050635,
-103.224877987752));
#5625=CARTESIAN_POINT('Ctrl Pts',(-4.27358743938517E-15,-46.5697245214014,
-103.221076531688));
#5626=CARTESIAN_POINT('Ctrl Pts',(-4.36218647392815E-15,-46.5409105766732,
-103.188666709982));
#5627=CARTESIAN_POINT('Ctrl Pts',(-2.75658391432946E-15,-46.5130658846237,
-103.15734630878));
#5628=CARTESIAN_POINT('Ctrl Pts',(-2.74450111717906E-15,-46.4861618931039,
-103.127041551656));
#5629=CARTESIAN_POINT('Ctrl Pts',(-2.64761742994917E-15,-46.4593834183996,
-103.096878177144));
#5630=CARTESIAN_POINT('Ctrl Pts',(-2.71993837796313E-15,-46.4335369082075,
-103.067721014211));
#5631=CARTESIAN_POINT('Ctrl Pts',(-2.70703838762779E-15,-46.4085633970121,
-103.039455765583));
#5632=CARTESIAN_POINT('Ctrl Pts',(-2.6077878823118E-15,-46.383675139061,
-103.011287007357));
#5633=CARTESIAN_POINT('Ctrl Pts',(-4.19316151815534E-15,-46.359653939892,
-102.984004091746));
#5634=CARTESIAN_POINT('Ctrl Pts',(-4.18225246345343E-15,-46.3364105235031,
-102.957452293768));
#5635=CARTESIAN_POINT('Ctrl Pts',(-4.25666096338127E-15,-46.3131723339917,
-102.930906466642));
#5636=CARTESIAN_POINT('Ctrl Pts',(-2.64056132596313E-15,-46.2907115874215,
-102.905091435627));
#5637=CARTESIAN_POINT('Ctrl Pts',(-2.62697659122168E-15,-46.2689079430966,
-102.87981079043));
#5638=CARTESIAN_POINT('Ctrl Pts',(-2.51906251272723E-15,-46.2470760399323,
-102.854497379991));
#5639=CARTESIAN_POINT('Ctrl Pts',(-2.50622029020881E-15,-46.2259029448926,
-102.829719737166));
#5640=CARTESIAN_POINT('Ctrl Pts',(-4.18927006951617E-15,-46.2052365419509,
-102.805238745881));
#5641=CARTESIAN_POINT('Ctrl Pts',(-5.80708104272977E-15,-46.1845115297205,
-102.780688327251));
#5642=CARTESIAN_POINT('Ctrl Pts',(-4.09466899085837E-15,-46.1642960805721,
-102.756436229104));
#5643=CARTESIAN_POINT('Ctrl Pts',(-4.08432090306374E-15,-46.1444053454772,
-102.732199279346));
#5644=CARTESIAN_POINT('Ctrl Pts',(-4.13316321011862E-15,-46.1243651378314,
-102.707780196616));
#5645=CARTESIAN_POINT('Ctrl Pts',(-4.06384618075666E-15,-46.1046545430375,
-102.683376483823));
#5646=CARTESIAN_POINT('Ctrl Pts',(-4.05439045402013E-15,-46.0850526629599,
-102.658656071061));
#5647=CARTESIAN_POINT('Ctrl Pts',(-4.09079363077417E-15,-46.0653361855452,
-102.633791136781));
#5648=CARTESIAN_POINT('Ctrl Pts',(-7.18427243014128E-16,-46.0457296707601,
-102.608605744823));
#5649=CARTESIAN_POINT('Ctrl Pts',(-7.07417070546594E-16,-46.0259764334759,
-102.582719563424));
#5650=CARTESIAN_POINT('Ctrl Pts',(-6.1033488401854E-16,-46.0059899084293,
-102.556527663563));
#5651=CARTESIAN_POINT('Ctrl Pts',(-2.46032225930032E-15,-45.9858531589823,
-102.529618293577));
#5652=CARTESIAN_POINT('Ctrl Pts',(-2.45319181171077E-15,-45.9652680206314,
-102.501554698397));
#5653=CARTESIAN_POINT('Ctrl Pts',(-2.29305473585598E-15,-45.9534889350137,
-102.48549634189));
#5654=CARTESIAN_POINT('Ctrl Pts',(-2.44552114343203E-15,-45.9415624442918,
-102.469059278401));
#5655=CARTESIAN_POINT('Ctrl Pts',(-2.44249065417534E-15,-45.9294280704206,
-102.45215557935));
#5656=CARTESIAN_POINT('Ctrl Pts',(-2.32335192612628E-15,-45.9051171481508,
-102.418289430338));
#5657=CARTESIAN_POINT('Ctrl Pts',(-8.25035259431512E-16,-45.879970237368,
-102.382544347074));
#5658=CARTESIAN_POINT('Ctrl Pts',(-8.24755819137413E-16,-45.8540000062795,
-102.345307851246));
#5659=CARTESIAN_POINT('Ctrl Pts',(-6.01069082395513E-16,-45.8276785669128,
-102.307567787871));
#5660=CARTESIAN_POINT('Ctrl Pts',(-2.59997410273446E-15,-45.8005113825328,
-102.268295785646));
#5661=CARTESIAN_POINT('Ctrl Pts',(-2.6024494460934E-15,-45.7725174298496,
-102.22794948449));
#5662=CARTESIAN_POINT('Ctrl Pts',(-2.32814832214352E-15,-45.7531900236141,
-102.200093848618));
#5663=CARTESIAN_POINT('Ctrl Pts',(-8.36078461682108E-16,-45.7334686425135,
-102.171727265863));
#5664=CARTESIAN_POINT('Ctrl Pts',(-8.40064702191848E-16,-45.7133611201999,
-102.143014668304));
#5665=CARTESIAN_POINT('Ctrl Pts',(-6.15623610455668E-16,-45.7009435078633,
-102.125282901052));
#5666=CARTESIAN_POINT('Ctrl Pts',(-8.45222778364992E-16,-45.688378476554,
-102.107419144802));
#5667=CARTESIAN_POINT('Ctrl Pts',(-8.48103401939424E-16,-45.6756684120917,
-102.089464783821));
#5668=CARTESIAN_POINT('Ctrl Pts',(-6.21778592598871E-16,-45.6696977005892,
-102.081030498539));
#5669=CARTESIAN_POINT('Ctrl Pts',(1.13108201758883E-15,-45.6636960749885,
-102.072577805294));
#5670=CARTESIAN_POINT('Ctrl Pts',(1.12966596357366E-15,-45.6576717511587,
-102.064122168101));
#5671=CARTESIAN_POINT('Ctrl Pts',(1.0792809744321E-15,-45.607203543944,
-101.99328586148));
#5672=CARTESIAN_POINT('Ctrl Pts',(-8.038046196614E-15,-45.5549999885699,
-101.922038158113));
#5673=CARTESIAN_POINT('Ctrl Pts',(-5.95841478134109E-15,-45.5012511122702,
-101.852931483008));
#5674=CARTESIAN_POINT('Ctrl Pts',(-3.02688550799267E-15,-45.4298347746859,
-101.761109179391));
#5675=CARTESIAN_POINT('Ctrl Pts',(-9.25527143507185E-16,-45.3556894284043,
-101.673068865771));
#5676=CARTESIAN_POINT('Ctrl Pts',(-9.31744750566422E-16,-45.2792906164624,
-101.594894434497));
#5677=CARTESIAN_POINT('Ctrl Pts',(-7.1497378103406E-16,-45.2690514756515,
-101.584417321185));
#5678=CARTESIAN_POINT('Ctrl Pts',(-9.33236200823093E-16,-45.2587719010927,
-101.574117476817));
#5679=CARTESIAN_POINT('Ctrl Pts',(-9.33699865017801E-16,-45.2484530755129,
-101.564009573505));
#5680=CARTESIAN_POINT('Ctrl Pts',(-7.19295458534718E-16,-45.2409775709608,
-101.556686872231));
#5681=CARTESIAN_POINT('Ctrl Pts',(-7.69818993977746E-15,-45.2334814663797,
-101.549464907714));
#5682=CARTESIAN_POINT('Ctrl Pts',(-5.99345462236724E-15,-45.225965214017,
-101.542349255003));
#5683=CARTESIAN_POINT('Ctrl Pts',(-5.83791707648689E-15,-45.2227189030254,
-101.539275965218));
#5684=CARTESIAN_POINT('Ctrl Pts',(-2.69179246181678E-15,-45.2194688336539,
-101.536222507053));
#5685=CARTESIAN_POINT('Ctrl Pts',(-2.69190730229419E-15,-45.2162150424448,
-101.533189329434));
#5686=CARTESIAN_POINT('Ctrl Pts',(-2.42849439813422E-15,-45.213451086463,
-101.530612775229));
#5687=CARTESIAN_POINT('Ctrl Pts',(-2.69209057112473E-15,-45.2106976588674,
-101.528063210021));
#5688=CARTESIAN_POINT('Ctrl Pts',(-2.69216432872361E-15,-45.2079636099217,
-101.525548424673));
#5689=CARTESIAN_POINT('Ctrl Pts',(-2.43259813984369E-15,-45.1840857572138,
-101.503585513494));
#5690=CARTESIAN_POINT('Ctrl Pts',(-2.69254179382708E-15,-45.1614749788836,
-101.484081738614));
#5691=CARTESIAN_POINT('Ctrl Pts',(-2.69153529633719E-15,-45.1401871871236,
-101.466755843656));
#5692=CARTESIAN_POINT('Ctrl Pts',(-2.43990146160887E-15,-45.1141155337585,
-101.445536417391));
#5693=CARTESIAN_POINT('Ctrl Pts',(-4.22996980538941E-15,-45.0900288783884,
-101.427581260498));
#5694=CARTESIAN_POINT('Ctrl Pts',(-4.22881653406698E-15,-45.0679983245848,
-101.412307770845));
#5695=CARTESIAN_POINT('Ctrl Pts',(-4.15726427023821E-15,-45.0469610907001,
-101.397722936667));
#5696=CARTESIAN_POINT('Ctrl Pts',(-9.08910491022899E-16,-45.0277981800491,
-101.385579393378));
#5697=CARTESIAN_POINT('Ctrl Pts',(-9.03290928620031E-16,-45.0105473622052,
-101.37537124173));
#5698=CARTESIAN_POINT('Ctrl Pts',(-7.25301644585347E-16,-44.995238651177,
-101.36631232956));
#5699=CARTESIAN_POINT('Ctrl Pts',(-2.44205887243924E-15,-44.9814352940895,
-101.358776381283));
#5700=CARTESIAN_POINT('Ctrl Pts',(-4.164257285009E-15,-44.9691510402254,
-101.352442679161));
#5701=CARTESIAN_POINT('Ctrl Pts',(-2.38660309910314E-15,-44.9647817462148,
-101.350189892215));
#5702=CARTESIAN_POINT('Ctrl Pts',(-2.57691447874094E-15,-44.9606045586391,
-101.348089224259));
#5703=CARTESIAN_POINT('Ctrl Pts',(-2.574851117188E-15,-44.9566202083676,
-101.346120832819));
#5704=CARTESIAN_POINT('Ctrl Pts',(-2.38448278477298E-15,-44.9546352380545,
-101.345140196503));
#5705=CARTESIAN_POINT('Ctrl Pts',(-2.57281464465201E-15,-44.9526981223125,
-101.344192474352));
#5706=CARTESIAN_POINT('Ctrl Pts',(-2.57182639454176E-15,-44.9508089147856,
-101.343275671663));
#5707=CARTESIAN_POINT('Ctrl Pts',(-2.38336106577067E-15,-44.9495542371853,
-101.342666796364));
#5708=CARTESIAN_POINT('Ctrl Pts',(-8.46424577367159E-16,-44.9483222283227,
-101.34207230262));
#5709=CARTESIAN_POINT('Ctrl Pts',(-8.45590188000181E-16,-44.947107859492,
-101.341489254687));
#5710=CARTESIAN_POINT('Ctrl Pts',(-6.58584891760476E-16,-44.9461326648416,
-101.341021040079));
#5711=CARTESIAN_POINT('Ctrl Pts',(-2.56885846434766E-15,-44.9451615903105,
-101.340556722422));
#5712=CARTESIAN_POINT('Ctrl Pts',(-2.5683434410791E-15,-44.944187987528,
-101.34009301721));
#5713=CARTESIAN_POINT('Ctrl Pts',(-2.37069519015381E-15,-44.8951581441507,
-101.316741200306));
#5714=CARTESIAN_POINT('Ctrl Pts',(-2.5130607821427E-15,-44.8456946007628,
-101.297811129915));
#5715=CARTESIAN_POINT('Ctrl Pts',(-2.48162714415251E-15,-44.7966706897945,
-101.271706987935));
#5716=CARTESIAN_POINT('Ctrl Pts',(-2.32201639439577E-15,-44.7715648873299,
-101.258338706639));
#5717=CARTESIAN_POINT('Ctrl Pts',(-2.44888746707668E-15,-44.7465782672755,
-101.243093619261));
#5718=CARTESIAN_POINT('Ctrl Pts',(-2.43185786004174E-15,-44.7217993252405,
-101.224386618767));
#5719=CARTESIAN_POINT('Ctrl Pts',(-2.28140685938627E-15,-44.6868216199639,
-101.197980005081));
#5720=CARTESIAN_POINT('Ctrl Pts',(-1.11362913460947E-14,-44.6522720427341,
-101.164679984991));
#5721=CARTESIAN_POINT('Ctrl Pts',(-5.80694133318018E-16,-44.6185073232041,
-101.120058170978));
#5722=CARTESIAN_POINT('Ctrl Pts',(-2.24329714906087E-15,-44.6155150731375,
-101.116103758567));
#5723=CARTESIAN_POINT('Ctrl Pts',(1.43505899048483E-15,-44.6125289870505,
-101.112060431125));
#5724=CARTESIAN_POINT('Ctrl Pts',(1.43756170331913E-15,-44.6095493130412,
-101.10792511016));
#5725=CARTESIAN_POINT('Ctrl Pts',(1.2916315308811E-15,-44.6078213113434,
-101.105526914375));
#5726=CARTESIAN_POINT('Ctrl Pts',(-2.34871871360822E-15,-44.6060928755885,
-101.103093959541));
#5727=CARTESIAN_POINT('Ctrl Pts',(-2.34743698400938E-15,-44.6043809322419,
-101.100650105371));
#5728=CARTESIAN_POINT('Ctrl Pts',(-2.22981880727473E-15,-44.5908516844827,
-101.0813366692));
#5729=CARTESIAN_POINT('Ctrl Pts',(-7.4550884719246E-15,-44.5781627592801,
-101.061079690037));
#5730=CARTESIAN_POINT('Ctrl Pts',(-7.44686316299909E-15,-44.5662617521431,
-101.04018752776));
#5731=CARTESIAN_POINT('Ctrl Pts',(-7.50957161303174E-15,-44.5501313550755,
-101.011870691272));
#5732=CARTESIAN_POINT('Ctrl Pts',(-2.29477967213537E-15,-44.5354482345753,
-100.982389840746));
#5733=CARTESIAN_POINT('Ctrl Pts',(-2.28427776116046E-15,-44.5220724929242,
-100.952621983125));
#5734=CARTESIAN_POINT('Ctrl Pts',(-2.1849091112143E-15,-44.510002543264,
-100.925760179693));
#5735=CARTESIAN_POINT('Ctrl Pts',(-4.047808671864E-15,-44.4989967161031,
-100.898670361534));
#5736=CARTESIAN_POINT('Ctrl Pts',(-4.03919851275181E-15,-44.4889517317989,
-100.871992620086));
#5737=CARTESIAN_POINT('Ctrl Pts',(-3.93292132618332E-15,-44.4801207179023,
-100.848538974134));
#5738=CARTESIAN_POINT('Ctrl Pts',(-4.6454778796474E-16,-44.4720322399579,
-100.825404937124));
#5739=CARTESIAN_POINT('Ctrl Pts',(-4.59330527103866E-16,-44.4646188285876,
-100.802984005249));
#5740=CARTESIAN_POINT('Ctrl Pts',(-3.94383480969393E-16,-44.4576724757616,
-100.781975633298));
#5741=CARTESIAN_POINT('Ctrl Pts',(-2.22774512067907E-15,-44.4513187802987,
-100.761593636858));
#5742=CARTESIAN_POINT('Ctrl Pts',(-2.22301050856175E-15,-44.4455055555516,
-100.742114199508));
#5743=CARTESIAN_POINT('Ctrl Pts',(-2.20555768926464E-15,-44.4444385939598,
-100.738538935797));
#5744=CARTESIAN_POINT('Ctrl Pts',(-2.22128675867442E-15,-44.443389849248,
-100.734993935533));
#5745=CARTESIAN_POINT('Ctrl Pts',(-2.22044604925025E-15,-44.4423590125987,
-100.731480711497));
#5746=CARTESIAN_POINT('Ctrl Pts',(-2.14148267458733E-15,-44.4382291764631,
-100.717405698171));
#5747=CARTESIAN_POINT('Ctrl Pts',(-2.32682087822123E-15,-44.4343845920287,
-100.703844969538));
#5748=CARTESIAN_POINT('Ctrl Pts',(-2.32187807230759E-15,-44.4307804837535,
-100.690921803617));
#5749=CARTESIAN_POINT('Ctrl Pts',(-2.12623915639418E-15,-44.4285827702118,
-100.683041514077));
#5750=CARTESIAN_POINT('Ctrl Pts',(-2.31604789147739E-15,-44.4264750116749,
-100.675397236395));
#5751=CARTESIAN_POINT('Ctrl Pts',(-2.31340871429617E-15,-44.4244510176038,
-100.668008522579));
#5752=CARTESIAN_POINT('Ctrl Pts',(-2.11932271511851E-15,-44.4240951097386,
-100.666709259207));
#5753=CARTESIAN_POINT('Ctrl Pts',(-3.90590820865732E-15,-44.4237415167503,
-100.665416866326));
#5754=CARTESIAN_POINT('Ctrl Pts',(-3.90533534751109E-15,-44.4233868554973,
-100.664119115101));
#5755=CARTESIAN_POINT('Ctrl Pts',(-4.05213039544286E-15,-44.4124966051957,
-100.62427028598));
#5756=CARTESIAN_POINT('Ctrl Pts',(-5.00863673251177E-16,-44.4014417119639,
-100.582456138653));
#5757=CARTESIAN_POINT('Ctrl Pts',(-4.90531881524545E-16,-44.3895335745836,
-100.539422482023));
#5758=CARTESIAN_POINT('Ctrl Pts',(-3.08169046911802E-16,-44.3757313134265,
-100.489543836155));
#5759=CARTESIAN_POINT('Ctrl Pts',(-2.04008155812834E-15,-44.3607848960102,
-100.438025632065));
#5760=CARTESIAN_POINT('Ctrl Pts',(-3.76523534078421E-15,-44.3436404751826,
-100.385955547753));
#5761=CARTESIAN_POINT('Ctrl Pts',(-5.51418029613806E-15,-44.3268063105206,
-100.334827756264));
#5762=CARTESIAN_POINT('Ctrl Pts',(-2.22924071214277E-15,-44.3078557910994,
-100.283164498292));
#5763=CARTESIAN_POINT('Ctrl Pts',(-2.22450697278314E-15,-44.2857681869845,
-100.23196908318));
#5764=CARTESIAN_POINT('Ctrl Pts',(-1.9863832306391E-15,-44.2811446841108,
-100.221252567814));
#5765=CARTESIAN_POINT('Ctrl Pts',(-4.44196482318649E-16,-44.2763835572694,
-100.210556558556));
#5766=CARTESIAN_POINT('Ctrl Pts',(-4.43569268859027E-16,-44.271475137876,
-100.19989031734));
#5767=CARTESIAN_POINT('Ctrl Pts',(-2.50417057189777E-16,-44.268494553002,
-100.193413357105));
#5768=CARTESIAN_POINT('Ctrl Pts',(1.56170328221628E-15,-44.2654573058929,
-100.186942662718));
#5769=CARTESIAN_POINT('Ctrl Pts',(1.5617564103427E-15,-44.2623749021375,
-100.180508344177));
#5770=CARTESIAN_POINT('Ctrl Pts',(1.38600792998508E-15,-44.2440682970337,
-100.142294489671));
#5771=CARTESIAN_POINT('Ctrl Pts',(-3.77218129839293E-15,-44.2240949468528,
-100.105200917714));
#5772=CARTESIAN_POINT('Ctrl Pts',(-3.77009508377762E-15,-44.2021542297619,
-100.069478329604));
#5773=CARTESIAN_POINT('Ctrl Pts',(-3.6806924976167E-15,-44.1783319283196,
-100.030692256263));
#5774=CARTESIAN_POINT('Ctrl Pts',(-2.21357478690335E-15,-44.1521933103561,
-99.9935197122743));
#5775=CARTESIAN_POINT('Ctrl Pts',(-2.21425126387332E-15,-44.1233296624087,
-99.958236424765));
#5776=CARTESIAN_POINT('Ctrl Pts',(-1.94865854769796E-15,-44.1120283165381,
-99.94442151695));
#5777=CARTESIAN_POINT('Ctrl Pts',(-4.39968210502608E-16,-44.1003087120934,
-99.9308960154405));
#5778=CARTESIAN_POINT('Ctrl Pts',(-4.40394062862591E-16,-44.0881438473845,
-99.9176762668685));
#5779=CARTESIAN_POINT('Ctrl Pts',(-2.23700356744391E-16,-44.0829600726358,
-99.9120429778455));
#5780=CARTESIAN_POINT('Ctrl Pts',(-2.21586170429275E-15,-44.0776929179302,
-99.9064627771086));
#5781=CARTESIAN_POINT('Ctrl Pts',(-2.21611839926099E-15,-44.0723562625582,
-99.900953093309));
#5782=CARTESIAN_POINT('Ctrl Pts',(-1.94621252961352E-15,-44.0573167075371,
-99.8854259162896));
#5783=CARTESIAN_POINT('Ctrl Pts',(-2.21772465690046E-15,-44.0417013772797,
-99.8704264000858));
#5784=CARTESIAN_POINT('Ctrl Pts',(-2.2187619170139E-15,-44.0253588552534,
-99.855876477214));
#5785=CARTESIAN_POINT('Ctrl Pts',(-1.94620372278313E-15,-44.0171346012543,
-99.8485543355536));
#5786=CARTESIAN_POINT('Ctrl Pts',(-2.21984517816776E-15,-44.0087255132192,
-99.8413464243097));
#5787=CARTESIAN_POINT('Ctrl Pts',(-2.22044604925031E-15,-44.0001079201236,
-99.8342453873078));
#5788=CARTESIAN_POINT('Ctrl Pts',(-2.03963784875009E-15,-43.9826611396342,
-99.8198689561575));
#5789=CARTESIAN_POINT('Ctrl Pts',(-1.97838565292652E-15,-43.9643626395401,
-99.8059292392086));
#5790=CARTESIAN_POINT('Ctrl Pts',(-1.97919320533525E-15,-43.9450722865092,
-99.7922540587494));
#5791=CARTESIAN_POINT('Ctrl Pts',(-2.00540940504818E-15,-43.9245767350574,
-99.7777244975607));
#5792=CARTESIAN_POINT('Ctrl Pts',(-1.98122159985486E-15,-43.9029616303836,
-99.7634943748008));
#5793=CARTESIAN_POINT('Ctrl Pts',(-1.98274670391828E-15,-43.8800040685442,
-99.7493777989783));
#5794=CARTESIAN_POINT('Ctrl Pts',(-2.01065154560753E-15,-43.8563831046376,
-99.7348532980614));
#5795=CARTESIAN_POINT('Ctrl Pts',(-1.98626025867984E-15,-43.8313407543862,
-99.7204503859716));
#5796=CARTESIAN_POINT('Ctrl Pts',(-1.98865335202541E-15,-43.8045791376745,
-99.7059706567241));
#5797=CARTESIAN_POINT('Ctrl Pts',(-2.01843052166834E-15,-43.7779825004408,
-99.6915801918212));
#5798=CARTESIAN_POINT('Ctrl Pts',(1.33112477909626E-15,-43.7496871088329,
-99.6771156607144));
#5799=CARTESIAN_POINT('Ctrl Pts',(3.11703514269736E-15,-43.7193536388951,
-99.662362353843));
#5800=CARTESIAN_POINT('Ctrl Pts',(1.44889831262901E-15,-43.7095116048789,
-99.6575754782111));
#5801=CARTESIAN_POINT('Ctrl Pts',(-5.41901589789448E-15,-43.6994546822963,
-99.6527579256764));
#5802=CARTESIAN_POINT('Ctrl Pts',(-5.42140236975876E-15,-43.6891703943437,
-99.6479013660408));
#5803=CARTESIAN_POINT('Ctrl Pts',(-5.50765177287374E-15,-43.6851896059355,
-99.6460215143301));
#5804=CARTESIAN_POINT('Ctrl Pts',(-2.0282276743778E-15,-43.6811747479632,
-99.644135811601));
#5805=CARTESIAN_POINT('Ctrl Pts',(-2.88913740024126E-16,-43.6771250818268,
-99.6422437475319));
#5806=CARTESIAN_POINT('Ctrl Pts',(-2.03097482406092E-15,-43.6732686144766,
-99.6404419488006));
#5807=CARTESIAN_POINT('Ctrl Pts',(-5.42605537627454E-15,-43.6693736339141,
-99.6386311993215));
#5808=CARTESIAN_POINT('Ctrl Pts',(-5.42698691209367E-15,-43.6654823368872,
-99.6368307685759));
#5809=CARTESIAN_POINT('Ctrl Pts',(-5.52004175715728E-15,-43.6353960865761,
-99.6229104202434));
#5810=CARTESIAN_POINT('Ctrl Pts',(-3.72165814608363E-15,-43.605103972012,
-99.609401462206));
#5811=CARTESIAN_POINT('Ctrl Pts',(-3.72807696240091E-15,-43.5746676688888,
-99.5961149343918));
#5812=CARTESIAN_POINT('Ctrl Pts',(-3.79683232884918E-15,-43.5420719706617,
-99.5818857538846));
#5813=CARTESIAN_POINT('Ctrl Pts',(-3.01991534836993E-16,-43.5093107148137,
-99.5679122818278));
#5814=CARTESIAN_POINT('Ctrl Pts',(-3.05177291889974E-16,-43.4764108853385,
-99.5539966669403));
#5815=CARTESIAN_POINT('Ctrl Pts',(-3.09412310009894E-16,-43.4392941721128,
-99.5382974400636));
#5816=CARTESIAN_POINT('Ctrl Pts',(-2.04254740911655E-15,-43.402001213505,
-99.5226726468136));
#5817=CARTESIAN_POINT('Ctrl Pts',(-2.04922931048549E-15,-43.3645106170546,
-99.5068693211455));
#5818=CARTESIAN_POINT('Ctrl Pts',(-2.08218907910262E-15,-43.3238824131622,
-99.489743406964));
#5819=CARTESIAN_POINT('Ctrl Pts',(-3.26677965001034E-16,-43.2830215938603,
-99.4724095321471));
#5820=CARTESIAN_POINT('Ctrl Pts',(-3.32175937377943E-16,-43.2418379553604,
-99.4545594926839));
#5821=CARTESIAN_POINT('Ctrl Pts',(-3.31447636738819E-16,-43.1995634387496,
-99.4362366388207));
#5822=CARTESIAN_POINT('Ctrl Pts',(-3.8315489857286E-15,-43.1569476034336,
-99.4173721042013));
#5823=CARTESIAN_POINT('Ctrl Pts',(-3.84394061760696E-15,-43.1138432402401,
-99.3976156271479));
#5824=CARTESIAN_POINT('Ctrl Pts',(-3.90223985115042E-15,-43.0749381872149,
-99.3797838641799));
#5825=CARTESIAN_POINT('Ctrl Pts',(-2.11629891002837E-15,-43.0356338577914,
-99.3612264094478));
#5826=CARTESIAN_POINT('Ctrl Pts',(-2.12570522516275E-15,-42.995800616111,
-99.3416516537504));
#5827=CARTESIAN_POINT('Ctrl Pts',(-2.1424052101188E-15,-42.958497416318,
-99.3233202051443));
#5828=CARTESIAN_POINT('Ctrl Pts',(-2.14375711556134E-15,-42.9207296707553,
-99.3040972372257));
#5829=CARTESIAN_POINT('Ctrl Pts',(-2.15349799698119E-15,-42.8823840733486,
-99.2837010975691));
#5830=CARTESIAN_POINT('Ctrl Pts',(-2.16094056174167E-15,-42.8473614190017,
-99.2650724414127));
#5831=CARTESIAN_POINT('Ctrl Pts',(-2.17170697482353E-15,-42.811856317298,
-99.2454653272803));
#5832=CARTESIAN_POINT('Ctrl Pts',(-2.18149516621992E-15,-42.775783779793,
-99.2246235904897));
#5833=CARTESIAN_POINT('Ctrl Pts',(-2.1783049323104E-15,-42.7423834472111,
-99.2053257814488));
#5834=CARTESIAN_POINT('Ctrl Pts',(-4.2740405006349E-16,-42.7084963899733,
-99.1849696279421));
#5835=CARTESIAN_POINT('Ctrl Pts',(-4.35502942402848E-16,-42.674060644115,
-99.1633122115803));
#5836=CARTESIAN_POINT('Ctrl Pts',(-3.86078491163212E-16,-42.6621507375659,
-99.1558218030373));
#5837=CARTESIAN_POINT('Ctrl Pts',(-2.21689524790126E-15,-42.650175265092,
-99.1481753620442));
#5838=CARTESIAN_POINT('Ctrl Pts',(-2.22044604925032E-15,-42.6381319130719,
-99.14036156362));
#5839=CARTESIAN_POINT('Ctrl Pts',(-2.26387348366757E-15,-42.5969215878919,
-99.1136240595252));
#5840=CARTESIAN_POINT('Ctrl Pts',(-2.43360966214084E-15,-42.554917125387,
-99.0849305807367));
#5841=CARTESIAN_POINT('Ctrl Pts',(-2.4474876083984E-15,-42.5119020220438,
-99.054007161847));
#5842=CARTESIAN_POINT('Ctrl Pts',(-2.30557706235263E-15,-42.4691801477012,
-99.023294544339));
#5843=CARTESIAN_POINT('Ctrl Pts',(-2.31836348689028E-15,-42.4254615353806,
-98.990382269121));
#5844=CARTESIAN_POINT('Ctrl Pts',(-4.15560501220216E-15,-42.3805265992102,
-98.9549511983813));
#5845=CARTESIAN_POINT('Ctrl Pts',(-6.04476307194466E-15,-42.3357751161444,
-98.9196647798984));
#5846=CARTESIAN_POINT('Ctrl Pts',(-2.3610044480902E-15,-42.2898174309156,
-98.8818800885399));
#5847=CARTESIAN_POINT('Ctrl Pts',(-4.20885767557932E-15,-42.242426352134,
-98.8412314641897));
#5848=CARTESIAN_POINT('Ctrl Pts',(-6.10809277678255E-15,-42.1952998801649,
-98.8008098003393));
#5849=CARTESIAN_POINT('Ctrl Pts',(-2.63377846238546E-15,-42.1467562278348,
-98.7575560486627));
#5850=CARTESIAN_POINT('Ctrl Pts',(-8.13287036357671E-16,-42.0965583690289,
-98.7110610460059));
#5851=CARTESIAN_POINT('Ctrl Pts',(8.4391393646248E-16,-42.056797709844,
-98.6742333406332));
#5852=CARTESIAN_POINT('Ctrl Pts',(-2.61793856869274E-15,-42.015999020768,
-98.6353711296372));
#5853=CARTESIAN_POINT('Ctrl Pts',(-2.63290031966723E-15,-41.9740366470625,
-98.5942492197679));
#5854=CARTESIAN_POINT('Ctrl Pts',(-2.47507060740154E-15,-41.97048401736,
-98.5907677456394));
#5855=CARTESIAN_POINT('Ctrl Pts',(-6.16081689577736E-15,-41.9669230419637,
-98.5872700633368));
#5856=CARTESIAN_POINT('Ctrl Pts',(-6.1623498368724E-15,-41.9633536419125,
-98.5837560299375));
#5857=CARTESIAN_POINT('Ctrl Pts',(-6.22209791075502E-15,-41.9596311076539,
-98.5800912376678));
#5858=CARTESIAN_POINT('Ctrl Pts',(-2.63936583127392E-15,-41.9559056273328,
-98.5764147771219));
#5859=CARTESIAN_POINT('Ctrl Pts',(-2.64069452962516E-15,-41.952180106158,
-98.5727295495438));
#5860=CARTESIAN_POINT('Ctrl Pts',(-2.57766760001773E-15,-41.6694492978147,
-98.2930566331374));
#5861=CARTESIAN_POINT('Ctrl Pts',(-2.84464179880769E-15,-41.3810702777337,
-97.9575681540698));
#5862=CARTESIAN_POINT('Ctrl Pts',(-2.93164844400511E-15,-41.0812201019776,
-97.5786665626097));
#5863=CARTESIAN_POINT('Ctrl Pts',(-2.83585009815263E-15,-40.7769656231707,
-97.1941995335738));
#5864=CARTESIAN_POINT('Ctrl Pts',(-1.29642027653454E-15,-40.4609017097665,
-96.7650323480773));
#5865=CARTESIAN_POINT('Ctrl Pts',(-1.33539485347704E-15,-40.1269282384606,
-96.3040777237685));
#5866=CARTESIAN_POINT('Ctrl Pts',(-1.08002729027866E-15,-39.9599415028076,
-96.0736004116141));
#5867=CARTESIAN_POINT('Ctrl Pts',(-1.36599413779993E-15,-39.7884770052028,
-95.8351757745579));
#5868=CARTESIAN_POINT('Ctrl Pts',(-1.36627214920783E-15,-39.6117692569098,
-95.5904166968184));
#5869=CARTESIAN_POINT('Ctrl Pts',(7.69474480240377E-16,-39.5234153827633,
-95.4680371579486));
#5870=CARTESIAN_POINT('Ctrl Pts',(-4.92740114328105E-15,-39.4337506589893,
-95.344074009198));
#5871=CARTESIAN_POINT('Ctrl Pts',(-4.91929869613536E-15,-39.3426791546418,
-95.2187289124371));
#5872=CARTESIAN_POINT('Ctrl Pts',(-4.78523995127339E-15,-39.3107332943552,
-95.1747606374271));
#5873=CARTESIAN_POINT('Ctrl Pts',(-1.35396527424494E-15,-39.2786143350846,
-95.130622321132));
#5874=CARTESIAN_POINT('Ctrl Pts',(-1.35125012299614E-15,-39.246318130997,
-95.0863226697542));
#5875=CARTESIAN_POINT('Ctrl Pts',(-1.07156593339719E-15,-39.2354207707622,
-95.0713751156073));
#5876=CARTESIAN_POINT('Ctrl Pts',(-1.34937406046396E-15,-39.2245032308763,
-95.0564091931966));
#5877=CARTESIAN_POINT('Ctrl Pts',(-1.34836985674306E-15,-39.2135653519957,
-95.0414252370075));
#5878=CARTESIAN_POINT('Ctrl Pts',(-1.06890353558592E-15,-39.2042398350641,
-95.0286500784354));
#5879=CARTESIAN_POINT('Ctrl Pts',(-1.34662507347402E-15,-39.1948973684885,
-95.0158588561672));
#5880=CARTESIAN_POINT('Ctrl Pts',(-1.34570588453589E-15,-39.1855589648962,
-95.0030806420119));
#5881=CARTESIAN_POINT('Ctrl Pts',(-1.06353135503699E-15,-39.1457711395122,
-94.9486369302468));
#5882=CARTESIAN_POINT('Ctrl Pts',(-1.3373108570985E-15,-39.105975430992,
-94.8943175738814));
#5883=CARTESIAN_POINT('Ctrl Pts',(-1.33226762955019E-15,-39.0661632907956,
-94.8401310925392));
#5884=CARTESIAN_POINT('Ctrl Pts',(-1.04916096876756E-15,-38.9949560608004,
-94.7432141918017));
#5885=CARTESIAN_POINT('Ctrl Pts',(-1.09172545794295E-15,-38.9236993700147,
-94.6467251236172));
#5886=CARTESIAN_POINT('Ctrl Pts',(-1.08002617273E-15,-38.852606934923,-94.5508623589543));
#5887=CARTESIAN_POINT('Ctrl Pts',(-1.02269393552242E-15,-38.7783664576267,
-94.4507546977899));
#5888=CARTESIAN_POINT('Ctrl Pts',(-1.05392496673629E-15,-38.7043049130888,
-94.3513298147722));
#5889=CARTESIAN_POINT('Ctrl Pts',(-1.03868818731093E-15,-38.6306260374498,
-94.2527731174026));
#5890=CARTESIAN_POINT('Ctrl Pts',(-2.8248412524439E-15,-38.5510120308937,
-94.1462772801293));
#5891=CARTESIAN_POINT('Ctrl Pts',(-1.00418029546235E-15,-38.4718447727457,
-94.0407950421134));
#5892=CARTESIAN_POINT('Ctrl Pts',(-9.84898659012503E-16,-38.3933376627374,
-93.9365160899567));
#5893=CARTESIAN_POINT('Ctrl Pts',(-9.32962911542007E-16,-38.3098989285849,
-93.8256865897269));
#5894=CARTESIAN_POINT('Ctrl Pts',(-9.42514469179425E-16,-38.2272055753468,
-93.7162159316414));
#5895=CARTESIAN_POINT('Ctrl Pts',(-9.19576731768055E-16,-38.1454694115684,
-93.6082875731029));
#5896=CARTESIAN_POINT('Ctrl Pts',(-8.69374605160197E-16,-38.0570742415606,
-93.491566342736));
#5897=CARTESIAN_POINT('Ctrl Pts',(-8.68739816179515E-16,-37.9697981681336,
-93.3766484501876));
#5898=CARTESIAN_POINT('Ctrl Pts',(-8.41866718931808E-16,-37.8838643123254,
-93.263722470588));
#5899=CARTESIAN_POINT('Ctrl Pts',(1.03337859112085E-15,-37.7849140103629,
-93.1336915337042));
#5900=CARTESIAN_POINT('Ctrl Pts',(2.81372864171645E-15,-37.6877428099407,
-93.0063009018881));
#5901=CARTESIAN_POINT('Ctrl Pts',(2.84222973312566E-15,-37.5926410089958,
-92.8817923551777));
#5902=CARTESIAN_POINT('Ctrl Pts',(-6.82495468924183E-16,-37.447639059185,
-92.6919538677701));
#5903=CARTESIAN_POINT('Ctrl Pts',(-6.45099061501345E-16,-37.3074451388783,
-92.5088102101137));
#5904=CARTESIAN_POINT('Ctrl Pts',(-5.93907340221539E-16,-37.1729888531809,
-92.3331503017554));
#5905=CARTESIAN_POINT('Ctrl Pts',(-5.66568450183496E-16,-37.1259123076601,
-92.2716473260551));
#5906=CARTESIAN_POINT('Ctrl Pts',(-5.58066279723303E-16,-37.0795388826691,
-92.2110619282179));
#5907=CARTESIAN_POINT('Ctrl Pts',(-5.40213709468075E-16,-37.0339093962628,
-92.1514303384813));
#5908=CARTESIAN_POINT('',(-6.53843579934539E-11,-37.1056847623349,-92.084718878053));
#5909=CARTESIAN_POINT('Origin',(-3.34152017513456,-40.1476100883107,-89.2574079161387));
#5910=CARTESIAN_POINT('',(-5.89342983789692,-39.5647615433374,-89.7991352446705));
#5911=CARTESIAN_POINT('Ctrl Pts',(-5.8934298378969,-39.5647615433374,-89.7991352446706));
#5912=CARTESIAN_POINT('Ctrl Pts',(-5.80173487837079,-39.2337543940296,-90.1067891289363));
#5913=CARTESIAN_POINT('Ctrl Pts',(-5.62635102027793,-38.7569513869256,-90.5499526602168));
#5914=CARTESIAN_POINT('Ctrl Pts',(-5.33488575927959,-38.2524705769906,-91.0188412659254));
#5915=CARTESIAN_POINT('Ctrl Pts',(-5.22732597555217,-38.125018269055,-91.1373015399079));
#5916=CARTESIAN_POINT('Ctrl Pts',(-4.82833993098146,-37.8110214824147,-91.4291451791406));
#5917=CARTESIAN_POINT('Ctrl Pts',(-4.42012599942509,-37.6435515785646,-91.5847997217555));
#5918=CARTESIAN_POINT('Ctrl Pts',(-4.00118624787712,-37.4766410105713,-91.7399343908602));
#5919=CARTESIAN_POINT('Ctrl Pts',(-3.76088066103403,-37.3962712781766,-91.814633861166));
#5920=CARTESIAN_POINT('Ctrl Pts',(-3.0684337308702,-37.2195368107347,-91.9788993325458));
#5921=CARTESIAN_POINT('Ctrl Pts',(-2.56894923100308,-37.1568952086408,-92.0371214397206));
#5922=CARTESIAN_POINT('Ctrl Pts',(-1.2517717473074,-37.0610096137868,-92.1262421001104));
#5923=CARTESIAN_POINT('Ctrl Pts',(-0.613223661035843,-37.0339093967389,
-92.151430339102));
#5924=CARTESIAN_POINT('Ctrl Pts',(-2.17952739189897E-11,-37.0339093967627,
-92.1514303391346));
#5925=CARTESIAN_POINT('',(-5.94759658688963,-41.237616011993,-88.2443042503634));
#5926=CARTESIAN_POINT('Ctrl Pts',(-5.94759658688964,-41.237616011993,-88.2443042503635));
#5927=CARTESIAN_POINT('Ctrl Pts',(-5.99877251130604,-40.9426377745113,-88.5184711398731));
#5928=CARTESIAN_POINT('Ctrl Pts',(-6.00267424060194,-40.629225274622,-88.8097717150037));
#5929=CARTESIAN_POINT('Ctrl Pts',(-5.99736922759947,-40.108110455936,-89.2941207644073));
#5930=CARTESIAN_POINT('Ctrl Pts',(-5.98854448992065,-39.908113347913,-89.4800076470697));
#5931=CARTESIAN_POINT('Ctrl Pts',(-5.89342983789693,-39.5647615433375,-89.7991352446705));
#5932=CARTESIAN_POINT('Ctrl Pts',(-6.53786053073091E-11,-43.3247240943359,
-86.3044461247458));
#5933=CARTESIAN_POINT('Ctrl Pts',(-0.628766335606808,-43.3247240942997,
-86.3044461247233));
#5934=CARTESIAN_POINT('Ctrl Pts',(-1.20422418117845,-43.296517200693,-86.3306629613716));
#5935=CARTESIAN_POINT('Ctrl Pts',(-2.8328058137387,-43.2414626325288,-86.3818333114053));
#5936=CARTESIAN_POINT('Ctrl Pts',(-3.50538684546894,-43.2246470040509,-86.3974625611357));
#5937=CARTESIAN_POINT('Ctrl Pts',(-4.35800258839608,-43.1088483564938,-86.5050913654139));
#5938=CARTESIAN_POINT('Ctrl Pts',(-4.62158398973861,-43.0495144915466,-86.560239097881));
#5939=CARTESIAN_POINT('Ctrl Pts',(-5.02858259326959,-42.889189184094,-86.7092531106407));
#5940=CARTESIAN_POINT('Ctrl Pts',(-5.15925060374835,-42.8032425531658,-86.7891360227377));
#5941=CARTESIAN_POINT('Ctrl Pts',(-5.3761308497727,-42.605895214347,-86.9725600830821));
#5942=CARTESIAN_POINT('Ctrl Pts',(-5.46386911092157,-42.4846998313606,-87.0852048719629));
#5943=CARTESIAN_POINT('Ctrl Pts',(-5.74169974508498,-41.9967082709597,-87.5387675800433));
#5944=CARTESIAN_POINT('Ctrl Pts',(-5.88143454661677,-41.6189742825169,-87.8898516246006));
#5945=CARTESIAN_POINT('Ctrl Pts',(-5.94759658688963,-41.237616011993,-88.2443042503634));
#5946=CARTESIAN_POINT('Origin',(-6.5,-39.548670887038,-88.4488532142201));
#5947=CARTESIAN_POINT('',(-7.,-48.3383506223186,-80.279304257809));
#5948=CARTESIAN_POINT('',(0.,-48.3383506223186,-80.279304257809));
#5949=CARTESIAN_POINT('',(-13.,-43.9435107546783,-84.3640787360145));
#5950=CARTESIAN_POINT('Origin',(-7.,-43.9435107546783,-84.3640787360145));
#5951=CARTESIAN_POINT('',(-13.,-35.1538310193977,-92.5336276924256));
#5952=CARTESIAN_POINT('',(-13.,-48.3383506223186,-80.279304257809));
#5953=CARTESIAN_POINT('',(-7.00000000000001,-30.7589911517574,-96.6184021706312));
#5954=CARTESIAN_POINT('Origin',(-7.,-35.1538310193977,-92.5336276924256));
#5955=CARTESIAN_POINT('',(0.,-30.7589911517574,-96.6184021706312));
#5956=CARTESIAN_POINT('',(-10.,-40.9356180608275,-87.1597581416489));
#5957=CARTESIAN_POINT('Origin',(-10.,-39.7270370972264,-88.2830711231554));
#5958=CARTESIAN_POINT('',(-3.,-47.3495116520995,-81.1983785154053));
#5959=CARTESIAN_POINT('Origin',(-3.,-46.1409306884984,-82.3216914969118));
#5960=CARTESIAN_POINT('',(-3.,-34.1649920491786,-93.4527019500219));
#5961=CARTESIAN_POINT('Origin',(-3.,-32.9564110855776,-94.5760149315284));
#5962=CARTESIAN_POINT('Ctrl Pts',(-6.42500849765734,-55.2125612874166,-103.227254506282));
#5963=CARTESIAN_POINT('Ctrl Pts',(-6.40735565270831,-55.3421414381564,-103.282855516682));
#5964=CARTESIAN_POINT('Ctrl Pts',(-6.38956794960139,-55.4712685722722,-103.341067866342));
#5965=CARTESIAN_POINT('Ctrl Pts',(-6.3394260357165,-55.7956729233771,-103.503403451644));
#5966=CARTESIAN_POINT('Ctrl Pts',(-6.30707182493854,-55.9909501403664,-103.607526687287));
#5967=CARTESIAN_POINT('Ctrl Pts',(-6.18815943109808,-56.6760069156444,-103.988762723191));
#5968=CARTESIAN_POINT('Ctrl Pts',(-5.87626764726789,-58.3004500314653,-104.970307063539));
#5969=CARTESIAN_POINT('Ctrl Pts',(-5.18669696607247,-60.7796834150296,-106.777489077879));
#5970=CARTESIAN_POINT('Ctrl Pts',(-3.37682961866704,-62.8196875719464,-108.916571917097));
#5971=CARTESIAN_POINT('Ctrl Pts',(-1.84893541824993,-63.6109352453158,-109.577295108553));
#5972=CARTESIAN_POINT('Ctrl Pts',(-1.38777878078145E-16,-63.6505639562843,
-109.619106694945));
#5973=CARTESIAN_POINT('Ctrl Pts',(1.84893541824993,-63.6109352453158,-109.577295108553));
#5974=CARTESIAN_POINT('Ctrl Pts',(3.37682961866704,-62.8196875719464,-108.916571917097));
#5975=CARTESIAN_POINT('Ctrl Pts',(5.18669696607247,-60.7796834150297,-106.777489077879));
#5976=CARTESIAN_POINT('Ctrl Pts',(5.87626764726789,-58.3004500314654,-104.970307063539));
#5977=CARTESIAN_POINT('Ctrl Pts',(6.18815943109808,-56.6760069156444,-103.988762723191));
#5978=CARTESIAN_POINT('Ctrl Pts',(6.30707182493854,-55.9909501403664,-103.607526687287));
#5979=CARTESIAN_POINT('Ctrl Pts',(6.33942603571651,-55.7956729233771,-103.503403451644));
#5980=CARTESIAN_POINT('Ctrl Pts',(6.38956794960139,-55.4712685722722,-103.341067866342));
#5981=CARTESIAN_POINT('Ctrl Pts',(6.40735565270831,-55.3421414381564,-103.282855516682));
#5982=CARTESIAN_POINT('Ctrl Pts',(6.42500849765734,-55.2125612874166,-103.227254506282));
#5983=CARTESIAN_POINT('Ctrl Pts',(-6.43481652788023,-55.1676105006622,-103.125936178886));
#5984=CARTESIAN_POINT('Ctrl Pts',(-6.41543643964352,-55.3165576341559,-103.167699770663));
#5985=CARTESIAN_POINT('Ctrl Pts',(-6.39684795359755,-55.4554046438076,-103.223258214828));
#5986=CARTESIAN_POINT('Ctrl Pts',(-6.34277194658163,-55.8131500219719,-103.374923997275));
#5987=CARTESIAN_POINT('Ctrl Pts',(-6.30817218635968,-56.0225140732054,-103.476767389698));
#5988=CARTESIAN_POINT('Ctrl Pts',(-6.18921944569783,-56.7108827390183,-103.831521592233));
#5989=CARTESIAN_POINT('Ctrl Pts',(-5.87760719785809,-58.338390026067,-104.7662521701));
#5990=CARTESIAN_POINT('Ctrl Pts',(-5.19672641253338,-60.820853391111,-106.498386785845));
#5991=CARTESIAN_POINT('Ctrl Pts',(-3.38480890291516,-62.8626482383634,-108.575189369808));
#5992=CARTESIAN_POINT('Ctrl Pts',(-1.8524362951193,-63.6627010049214,-109.217294076742));
#5993=CARTESIAN_POINT('Ctrl Pts',(-1.73472347597681E-16,-63.70573762301,
-109.257788913588));
#5994=CARTESIAN_POINT('Ctrl Pts',(1.8524362951193,-63.6627010049214,-109.217294076743));
#5995=CARTESIAN_POINT('Ctrl Pts',(3.38480890291516,-62.8626482383634,-108.575189369808));
#5996=CARTESIAN_POINT('Ctrl Pts',(5.19672641253338,-60.820853391111,-106.498386785845));
#5997=CARTESIAN_POINT('Ctrl Pts',(5.8776071978581,-58.338390026067,-104.7662521701));
#5998=CARTESIAN_POINT('Ctrl Pts',(6.18921944569783,-56.7108827390183,-103.831521592233));
#5999=CARTESIAN_POINT('Ctrl Pts',(6.30817218635968,-56.0225140732054,-103.476767389698));
#6000=CARTESIAN_POINT('Ctrl Pts',(6.34277194658163,-55.8131500219719,-103.374923997275));
#6001=CARTESIAN_POINT('Ctrl Pts',(6.39684795359755,-55.4554046438076,-103.223258214828));
#6002=CARTESIAN_POINT('Ctrl Pts',(6.41543643964352,-55.3165576341559,-103.167699770663));
#6003=CARTESIAN_POINT('Ctrl Pts',(6.43481652788023,-55.1676105006622,-103.125936178886));
#6004=CARTESIAN_POINT('Ctrl Pts',(-6.44281377378552,-55.1312263969425,-103.036361530951));
#6005=CARTESIAN_POINT('Ctrl Pts',(-6.424183415413,-55.278595307301,-103.066590513861));
#6006=CARTESIAN_POINT('Ctrl Pts',(-6.40175127461308,-55.4431630165982,-103.113458153928));
#6007=CARTESIAN_POINT('Ctrl Pts',(-6.3447186424864,-55.8227171270299,-103.253391100682));
#6008=CARTESIAN_POINT('Ctrl Pts',(-6.31036486529007,-56.036308435572,-103.346057961649));
#6009=CARTESIAN_POINT('Ctrl Pts',(-6.18987975658779,-56.7352871763867,-103.679537227318));
#6010=CARTESIAN_POINT('Ctrl Pts',(-5.87921443073014,-58.3660639187696,-104.568410489732));
#6011=CARTESIAN_POINT('Ctrl Pts',(-5.20795189290391,-60.8422578912914,-106.229801311222));
#6012=CARTESIAN_POINT('Ctrl Pts',(-3.39401901964601,-62.8839787290807,-108.241726872374));
#6013=CARTESIAN_POINT('Ctrl Pts',(-1.85608428704245,-63.6923346266,-108.86432015303));
#6014=CARTESIAN_POINT('Ctrl Pts',(0.,-63.7374722359324,-108.904428495691));
#6015=CARTESIAN_POINT('Ctrl Pts',(1.85608428704245,-63.6923346266001,-108.86432015303));
#6016=CARTESIAN_POINT('Ctrl Pts',(3.39401901964601,-62.8839787290807,-108.241726872374));
#6017=CARTESIAN_POINT('Ctrl Pts',(5.20795189290391,-60.8422578912914,-106.229801311222));
#6018=CARTESIAN_POINT('Ctrl Pts',(5.87921443073014,-58.3660639187696,-104.568410489732));
#6019=CARTESIAN_POINT('Ctrl Pts',(6.18987975658779,-56.7352871763867,-103.679537227318));
#6020=CARTESIAN_POINT('Ctrl Pts',(6.31036486529006,-56.036308435572,-103.346057961649));
#6021=CARTESIAN_POINT('Ctrl Pts',(6.34471864248641,-55.8227171270299,-103.253391100682));
#6022=CARTESIAN_POINT('Ctrl Pts',(6.40175127461309,-55.4431630165981,-103.113458153928));
#6023=CARTESIAN_POINT('Ctrl Pts',(6.424183415413,-55.278595307301,-103.066590513861));
#6024=CARTESIAN_POINT('Ctrl Pts',(6.44281377378552,-55.1312263969425,-103.036361530951));
#6025=CARTESIAN_POINT('Ctrl Pts',(-6.45615860385667,-55.0617279668142,-102.851729375524));
#6026=CARTESIAN_POINT('Ctrl Pts',(-6.43641682690117,-55.2226670931385,-102.858893977098));
#6027=CARTESIAN_POINT('Ctrl Pts',(-6.41130630457214,-55.4057051063831,-102.893005764621));
#6028=CARTESIAN_POINT('Ctrl Pts',(-6.34992611264185,-55.8164386567981,-103.00952856668));
#6029=CARTESIAN_POINT('Ctrl Pts',(-6.31401286479548,-56.0411729472788,-103.090328593936));
#6030=CARTESIAN_POINT('Ctrl Pts',(-6.19086595548241,-56.7632391260643,-103.385077167348));
#6031=CARTESIAN_POINT('Ctrl Pts',(-5.88294347376037,-58.3988247130087,-104.183968280746));
#6032=CARTESIAN_POINT('Ctrl Pts',(-5.23181297725923,-60.848107670084,-105.710860135041));
#6033=CARTESIAN_POINT('Ctrl Pts',(-3.41539465505935,-62.8847425163866,-107.590840580679));
#6034=CARTESIAN_POINT('Ctrl Pts',(-1.86352875061248,-63.7081846833657,-108.172890104564));
#6035=CARTESIAN_POINT('Ctrl Pts',(-5.20417042793042E-17,-63.7554889632784,
-108.21314835796));
#6036=CARTESIAN_POINT('Ctrl Pts',(1.86352875061248,-63.7081846833657,-108.172890104564));
#6037=CARTESIAN_POINT('Ctrl Pts',(3.41539465505935,-62.8847425163866,-107.590840580679));
#6038=CARTESIAN_POINT('Ctrl Pts',(5.23181297725923,-60.848107670084,-105.710860135041));
#6039=CARTESIAN_POINT('Ctrl Pts',(5.88294347376037,-58.3988247130088,-104.183968280746));
#6040=CARTESIAN_POINT('Ctrl Pts',(6.19086595548241,-56.7632391260643,-103.385077167348));
#6041=CARTESIAN_POINT('Ctrl Pts',(6.31401286479548,-56.0411729472788,-103.090328593936));
#6042=CARTESIAN_POINT('Ctrl Pts',(6.34992611264184,-55.8164386567981,-103.00952856668));
#6043=CARTESIAN_POINT('Ctrl Pts',(6.41130630457214,-55.4057051063831,-102.893005764621));
#6044=CARTESIAN_POINT('Ctrl Pts',(6.43641682690117,-55.2226670931385,-102.858893977098));
#6045=CARTESIAN_POINT('Ctrl Pts',(6.45615860385667,-55.0617279668142,-102.851729375524));
#6046=CARTESIAN_POINT('Ctrl Pts',(-6.46150618802253,-55.0286136404057,-102.756671868032));
#6047=CARTESIAN_POINT('Ctrl Pts',(-6.44117684182488,-55.1930259163727,-102.755960966385));
#6048=CARTESIAN_POINT('Ctrl Pts',(-6.41540053449283,-55.3821787255295,-102.784263199121));
#6049=CARTESIAN_POINT('Ctrl Pts',(-6.35234320438757,-55.8037092925327,-102.890686050226));
#6050=CARTESIAN_POINT('Ctrl Pts',(-6.31544167935006,-56.034304918724,-102.966692844945));
#6051=CARTESIAN_POINT('Ctrl Pts',(-6.19119184348708,-56.7667866383734,-103.242601472292));
#6052=CARTESIAN_POINT('Ctrl Pts',(-5.88506528391854,-58.4039116145453,-103.997367752128));
#6053=CARTESIAN_POINT('Ctrl Pts',(-5.24444858124401,-60.8325529486961,-105.460504433482));
#6054=CARTESIAN_POINT('Ctrl Pts',(-3.42756017374185,-62.8641758129752,-107.273416786418));
#6055=CARTESIAN_POINT('Ctrl Pts',(-1.86732522225936,-63.6944011184527,-107.834433979811));
#6056=CARTESIAN_POINT('Ctrl Pts',(3.46944695195361E-17,-63.7417710777021,
-107.875228638126));
#6057=CARTESIAN_POINT('Ctrl Pts',(1.86732522225936,-63.6944011184527,-107.834433979811));
#6058=CARTESIAN_POINT('Ctrl Pts',(3.42756017374185,-62.8641758129752,-107.273416786418));
#6059=CARTESIAN_POINT('Ctrl Pts',(5.24444858124402,-60.8325529486961,-105.460504433482));
#6060=CARTESIAN_POINT('Ctrl Pts',(5.88506528391854,-58.4039116145452,-103.997367752127));
#6061=CARTESIAN_POINT('Ctrl Pts',(6.19119184348709,-56.7667866383734,-103.242601472292));
#6062=CARTESIAN_POINT('Ctrl Pts',(6.31544167935006,-56.0343049187239,-102.966692844945));
#6063=CARTESIAN_POINT('Ctrl Pts',(6.35234320438757,-55.8037092925327,-102.890686050226));
#6064=CARTESIAN_POINT('Ctrl Pts',(6.41540053449283,-55.3821787255296,-102.784263199121));
#6065=CARTESIAN_POINT('Ctrl Pts',(6.44117684182488,-55.1930259163727,-102.755960966385));
#6066=CARTESIAN_POINT('Ctrl Pts',(6.46150618802253,-55.0286136404057,-102.756671868031));
#6067=CARTESIAN_POINT('Ctrl Pts',(-6.47357444791099,-54.9341753271467,-102.463275056216));
#6068=CARTESIAN_POINT('Ctrl Pts',(-6.45149032375259,-55.1083023872618,-102.454297609638));
#6069=CARTESIAN_POINT('Ctrl Pts',(-6.42332623674465,-55.310182260614,-102.471605133132));
#6070=CARTESIAN_POINT('Ctrl Pts',(-6.35697103106988,-55.7524506944589,-102.547637021957));
#6071=CARTESIAN_POINT('Ctrl Pts',(-6.31877991240306,-55.9928392549516,-102.606361387288));
#6072=CARTESIAN_POINT('Ctrl Pts',(-6.19236534997463,-56.7462725581394,-102.827930098571));
#6073=CARTESIAN_POINT('Ctrl Pts',(-5.8921713994059,-58.3822096513537,-103.452649982301));
#6074=CARTESIAN_POINT('Ctrl Pts',(-5.28299766231229,-60.7343075475304,-104.73257619577));
#6075=CARTESIAN_POINT('Ctrl Pts',(-3.46923043819614,-62.7416746474535,-106.345501363594));
#6076=CARTESIAN_POINT('Ctrl Pts',(-1.87871873120982,-63.5891952777192,-106.841537678133));
#6077=CARTESIAN_POINT('Ctrl Pts',(0.,-63.6345770868866,-106.883919482438));
#6078=CARTESIAN_POINT('Ctrl Pts',(1.87871873120982,-63.5891952777192,-106.841537678133));
#6079=CARTESIAN_POINT('Ctrl Pts',(3.46923043819614,-62.7416746474535,-106.345501363594));
#6080=CARTESIAN_POINT('Ctrl Pts',(5.28299766231228,-60.7343075475304,-104.73257619577));
#6081=CARTESIAN_POINT('Ctrl Pts',(5.8921713994059,-58.3822096513537,-103.4526499823));
#6082=CARTESIAN_POINT('Ctrl Pts',(6.19236534997463,-56.7462725581394,-102.827930098571));
#6083=CARTESIAN_POINT('Ctrl Pts',(6.31877991240306,-55.9928392549516,-102.606361387288));
#6084=CARTESIAN_POINT('Ctrl Pts',(6.35697103106988,-55.7524506944589,-102.547637021957));
#6085=CARTESIAN_POINT('Ctrl Pts',(6.42332623674465,-55.310182260614,-102.471605133132));
#6086=CARTESIAN_POINT('Ctrl Pts',(6.45149032375259,-55.1083023872617,-102.454297609638));
#6087=CARTESIAN_POINT('Ctrl Pts',(6.47357444791099,-54.9341753271467,-102.463275056216));
#6088=CARTESIAN_POINT('Ctrl Pts',(-6.47313141869618,-54.7918292384164,-101.938896597478));
#6089=CARTESIAN_POINT('Ctrl Pts',(-6.45025129320994,-54.9615809158707,-101.909626628446));
#6090=CARTESIAN_POINT('Ctrl Pts',(-6.42174969120734,-55.1605200413629,-101.900567523207));
#6091=CARTESIAN_POINT('Ctrl Pts',(-6.355732890215,-55.5976514772003,-101.915453049795));
#6092=CARTESIAN_POINT('Ctrl Pts',(-6.31821769122527,-55.8358437875454,-101.939397681622));
#6093=CARTESIAN_POINT('Ctrl Pts',(-6.19549573284384,-56.5806179290257,-102.049610196916));
#6094=CARTESIAN_POINT('Ctrl Pts',(-5.90934637043197,-58.1909550537663,-102.423549706765));
#6095=CARTESIAN_POINT('Ctrl Pts',(-5.36266490090449,-60.3314917971905,-103.369275188199));
#6096=CARTESIAN_POINT('Ctrl Pts',(-3.57326580073191,-62.253468095261,-104.587094357775));
#6097=CARTESIAN_POINT('Ctrl Pts',(-1.90152212515011,-63.1233630122751,-104.945633365108));
#6098=CARTESIAN_POINT('Ctrl Pts',(0.,-63.1560277689097,-104.991101186311));
#6099=CARTESIAN_POINT('Ctrl Pts',(1.90152212515011,-63.1233630122751,-104.945633365108));
#6100=CARTESIAN_POINT('Ctrl Pts',(3.5732658007319,-62.253468095261,-104.587094357775));
#6101=CARTESIAN_POINT('Ctrl Pts',(5.36266490090449,-60.3314917971904,-103.369275188199));
#6102=CARTESIAN_POINT('Ctrl Pts',(5.90934637043197,-58.1909550537663,-102.423549706765));
#6103=CARTESIAN_POINT('Ctrl Pts',(6.19549573284383,-56.5806179290257,-102.049610196916));
#6104=CARTESIAN_POINT('Ctrl Pts',(6.31821769122527,-55.8358437875454,-101.939397681621));
#6105=CARTESIAN_POINT('Ctrl Pts',(6.355732890215,-55.5976514772003,-101.915453049795));
#6106=CARTESIAN_POINT('Ctrl Pts',(6.42174969120733,-55.1605200413629,-101.900567523207));
#6107=CARTESIAN_POINT('Ctrl Pts',(6.45025129320994,-54.9615809158707,-101.909626628446));
#6108=CARTESIAN_POINT('Ctrl Pts',(6.47313141869618,-54.7918292384164,-101.938896597477));
#6109=CARTESIAN_POINT('Ctrl Pts',(-6.49961064189979,-54.1868647007001,-101.15326186996));
#6110=CARTESIAN_POINT('Ctrl Pts',(-6.47910797008964,-54.3340657703978,-101.110911809583));
#6111=CARTESIAN_POINT('Ctrl Pts',(-6.45230505735268,-54.5031964762549,-101.074916101851));
#6112=CARTESIAN_POINT('Ctrl Pts',(-6.38896681380915,-54.8707520819011,-101.016343943706));
#6113=CARTESIAN_POINT('Ctrl Pts',(-6.35243148300259,-55.0691769816902,-100.993767493293));
#6114=CARTESIAN_POINT('Ctrl Pts',(-6.23252895915455,-55.6865453543757,-100.947232856079));
#6115=CARTESIAN_POINT('Ctrl Pts',(-5.95153778574509,-57.0096567930195,-100.938942437747));
#6116=CARTESIAN_POINT('Ctrl Pts',(-5.44937236187118,-58.7828112872612,-101.391652476138));
#6117=CARTESIAN_POINT('Ctrl Pts',(-3.87975645893326,-60.3055588387611,-102.155451421793));
#6118=CARTESIAN_POINT('Ctrl Pts',(-1.93086463888418,-61.1206983390461,-102.263049260804));
#6119=CARTESIAN_POINT('Ctrl Pts',(0.,-61.1231754370176,-102.256962371028));
#6120=CARTESIAN_POINT('Ctrl Pts',(1.93086463888418,-61.1206983390461,-102.263049260804));
#6121=CARTESIAN_POINT('Ctrl Pts',(3.87975645893326,-60.305558838761,-102.155451421793));
#6122=CARTESIAN_POINT('Ctrl Pts',(5.44937236187117,-58.7828112872612,-101.391652476138));
#6123=CARTESIAN_POINT('Ctrl Pts',(5.95153778574509,-57.0096567930195,-100.938942437747));
#6124=CARTESIAN_POINT('Ctrl Pts',(6.23252895915455,-55.6865453543757,-100.947232856079));
#6125=CARTESIAN_POINT('Ctrl Pts',(6.35243148300259,-55.0691769816902,-100.993767493293));
#6126=CARTESIAN_POINT('Ctrl Pts',(6.38896681380915,-54.8707520819011,-101.016343943706));
#6127=CARTESIAN_POINT('Ctrl Pts',(6.45230505735268,-54.5031964762549,-101.074916101851));
#6128=CARTESIAN_POINT('Ctrl Pts',(6.47910797008965,-54.3340657703978,-101.110911809583));
#6129=CARTESIAN_POINT('Ctrl Pts',(6.49961064189979,-54.1868647007001,-101.15326186996));
#6130=CARTESIAN_POINT('Ctrl Pts',(-6.46993190148991,-53.6745751550976,-100.644104848508));
#6131=CARTESIAN_POINT('Ctrl Pts',(-6.44795720549317,-53.8031209057136,-100.56670531917));
#6132=CARTESIAN_POINT('Ctrl Pts',(-6.42096865138052,-53.9418499067054,-100.494542146621));
#6133=CARTESIAN_POINT('Ctrl Pts',(-6.358707247682,-54.2312744539053,-100.359945414532));
#6134=CARTESIAN_POINT('Ctrl Pts',(-6.32343439809612,-54.3819700001133,-100.297511854993));
#6135=CARTESIAN_POINT('Ctrl Pts',(-6.20780453726655,-54.8394065232586,-100.123690945037));
#6136=CARTESIAN_POINT('Ctrl Pts',(-5.93729956731966,-55.7756791076333,-99.829968199776));
#6137=CARTESIAN_POINT('Ctrl Pts',(-5.39483695481871,-56.9391337732146,-99.565439630168));
#6138=CARTESIAN_POINT('Ctrl Pts',(-3.85577313129599,-57.8386822927003,-99.651275051617));
#6139=CARTESIAN_POINT('Ctrl Pts',(-1.91526714600875,-58.3806570932774,-99.4867078215352));
#6140=CARTESIAN_POINT('Ctrl Pts',(0.,-58.3815492510461,-99.4886441197443));
#6141=CARTESIAN_POINT('Ctrl Pts',(1.91526714600875,-58.3806570932774,-99.4867078215352));
#6142=CARTESIAN_POINT('Ctrl Pts',(3.85577313129599,-57.8386822927002,-99.6512750516169));
#6143=CARTESIAN_POINT('Ctrl Pts',(5.39483695481871,-56.9391337732146,-99.5654396301679));
#6144=CARTESIAN_POINT('Ctrl Pts',(5.93729956731965,-55.7756791076333,-99.8299681997759));
#6145=CARTESIAN_POINT('Ctrl Pts',(6.20780453726655,-54.8394065232586,-100.123690945037));
#6146=CARTESIAN_POINT('Ctrl Pts',(6.32343439809612,-54.3819700001133,-100.297511854993));
#6147=CARTESIAN_POINT('Ctrl Pts',(6.358707247682,-54.2312744539053,-100.359945414532));
#6148=CARTESIAN_POINT('Ctrl Pts',(6.42096865138052,-53.9418499067054,-100.494542146621));
#6149=CARTESIAN_POINT('Ctrl Pts',(6.44795720549317,-53.8031209057136,-100.56670531917));
#6150=CARTESIAN_POINT('Ctrl Pts',(6.46993190148991,-53.6745751550976,-100.644104848508));
#6151=CARTESIAN_POINT('Ctrl Pts',(-6.46432169071136,-51.1326593694705,-98.2354991048478));
#6152=CARTESIAN_POINT('Ctrl Pts',(-6.44227407306348,-51.2328472665161,-98.1349615494048));
#6153=CARTESIAN_POINT('Ctrl Pts',(-6.41443083561555,-51.3368458118253,-98.0310783342757));
#6154=CARTESIAN_POINT('Ctrl Pts',(-6.34981265594562,-51.5475225534797,-97.8208422091209));
#6155=CARTESIAN_POINT('Ctrl Pts',(-6.31303771372361,-51.6542007498249,-97.7144892990952));
#6156=CARTESIAN_POINT('Ctrl Pts',(-6.19330463213548,-51.9708423471774,-97.3980584633865));
#6157=CARTESIAN_POINT('Ctrl Pts',(-5.91620544927082,-52.5905535751508,-96.7757083694435));
#6158=CARTESIAN_POINT('Ctrl Pts',(-5.42578046894878,-53.2590470586387,-96.0443135687826));
#6159=CARTESIAN_POINT('Ctrl Pts',(-3.86765610159778,-53.6723268928669,-95.622983025962));
#6160=CARTESIAN_POINT('Ctrl Pts',(-1.92851001511907,-54.0139495400754,-95.263011015469));
#6161=CARTESIAN_POINT('Ctrl Pts',(0.,-54.0201621218589,-95.2641725193363));
#6162=CARTESIAN_POINT('Ctrl Pts',(1.92851001511907,-54.0139495400754,-95.263011015469));
#6163=CARTESIAN_POINT('Ctrl Pts',(3.86765610159777,-53.6723268928669,-95.622983025962));
#6164=CARTESIAN_POINT('Ctrl Pts',(5.42578046894878,-53.2590470586386,-96.0443135687825));
#6165=CARTESIAN_POINT('Ctrl Pts',(5.91620544927082,-52.5905535751507,-96.7757083694435));
#6166=CARTESIAN_POINT('Ctrl Pts',(6.19330463213548,-51.9708423471774,-97.3980584633865));
#6167=CARTESIAN_POINT('Ctrl Pts',(6.31303771372361,-51.6542007498248,-97.7144892990951));
#6168=CARTESIAN_POINT('Ctrl Pts',(6.34981265594561,-51.5475225534797,-97.8208422091209));
#6169=CARTESIAN_POINT('Ctrl Pts',(6.41443083561555,-51.3368458118252,-98.0310783342757));
#6170=CARTESIAN_POINT('Ctrl Pts',(6.44227407306348,-51.232847266516,-98.1349615494048));
#6171=CARTESIAN_POINT('Ctrl Pts',(6.46432169071135,-51.1326593694704,-98.2354991048478));
#6172=CARTESIAN_POINT('Ctrl Pts',(-6.52373702160278,-50.7823308055579,-97.9683591388448));
#6173=CARTESIAN_POINT('Ctrl Pts',(-6.50297207815209,-50.8842705889234,-97.8669057052529));
#6174=CARTESIAN_POINT('Ctrl Pts',(-6.47772205706046,-50.9889809583583,-97.7627321846751));
#6175=CARTESIAN_POINT('Ctrl Pts',(-6.41877705704107,-51.2006368444768,-97.5525304914391));
#6176=CARTESIAN_POINT('Ctrl Pts',(-6.38508207811332,-51.3075823611605,-97.4465023187809));
#6177=CARTESIAN_POINT('Ctrl Pts',(-6.27211750074452,-51.6268125947501,-97.1310141055227));
#6178=CARTESIAN_POINT('Ctrl Pts',(-5.99866978366475,-52.2588477960833,-96.5104228978722));
#6179=CARTESIAN_POINT('Ctrl Pts',(-5.33684262356629,-53.0817519756824,-95.7431616262686));
#6180=CARTESIAN_POINT('Ctrl Pts',(-3.86935565521599,-53.4130526907131,-95.2639907811894));
#6181=CARTESIAN_POINT('Ctrl Pts',(-1.89882582907465,-53.7739180342304,-94.9171789261108));
#6182=CARTESIAN_POINT('Ctrl Pts',(-4.16333634234434E-16,-53.7614166640474,
-94.9071715582417));
#6183=CARTESIAN_POINT('Ctrl Pts',(1.89882582907465,-53.7739180342304,-94.9171789261109));
#6184=CARTESIAN_POINT('Ctrl Pts',(3.86935565521599,-53.4130526907131,-95.2639907811894));
#6185=CARTESIAN_POINT('Ctrl Pts',(5.33684262356629,-53.0817519756824,-95.7431616262687));
#6186=CARTESIAN_POINT('Ctrl Pts',(5.99866978366475,-52.2588477960833,-96.5104228978722));
#6187=CARTESIAN_POINT('Ctrl Pts',(6.27211750074452,-51.6268125947501,-97.1310141055227));
#6188=CARTESIAN_POINT('Ctrl Pts',(6.38508207811332,-51.3075823611605,-97.4465023187809));
#6189=CARTESIAN_POINT('Ctrl Pts',(6.41877705704107,-51.2006368444768,-97.5525304914392));
#6190=CARTESIAN_POINT('Ctrl Pts',(6.47772205706046,-50.9889809583583,-97.7627321846752));
#6191=CARTESIAN_POINT('Ctrl Pts',(6.50297207815209,-50.8842705889234,-97.866905705253));
#6192=CARTESIAN_POINT('Ctrl Pts',(6.52373702160278,-50.7823308055579,-97.9683591388448));
#6193=CARTESIAN_POINT('Ctrl Pts',(-5.87760560337732,-49.4217556382821,-96.8437251658995));
#6194=CARTESIAN_POINT('Ctrl Pts',(-5.85544275276034,-49.5141429350857,-96.747423644008));
#6195=CARTESIAN_POINT('Ctrl Pts',(-5.82625404490177,-49.6088669259947,-96.6520179477986));
#6196=CARTESIAN_POINT('Ctrl Pts',(-5.75901243299722,-49.7987354961962,-96.4631730057497));
#6197=CARTESIAN_POINT('Ctrl Pts',(-5.72095952895126,-49.8938800754887,-96.3697337599103));
#6198=CARTESIAN_POINT('Ctrl Pts',(-5.60128579997595,-50.1735654962008,-96.0926278964558));
#6199=CARTESIAN_POINT('Ctrl Pts',(-5.33987827467571,-50.7099430689635,-95.5512636658011));
#6200=CARTESIAN_POINT('Ctrl Pts',(-5.10514982684127,-51.2337713572986,-94.7237153696614));
#6201=CARTESIAN_POINT('Ctrl Pts',(-3.53921282691735,-51.6765743216062,-94.4633709522887));
#6202=CARTESIAN_POINT('Ctrl Pts',(-1.82615932157964,-51.9644927438661,-94.0841144079567));
#6203=CARTESIAN_POINT('Ctrl Pts',(0.,-51.9847172022367,-94.1081856548638));
#6204=CARTESIAN_POINT('Ctrl Pts',(1.82615932157965,-51.964492743866,-94.0841144079569));
#6205=CARTESIAN_POINT('Ctrl Pts',(3.53921282691735,-51.6765743216061,-94.4633709522888));
#6206=CARTESIAN_POINT('Ctrl Pts',(5.10514982684127,-51.2337713572985,-94.7237153696614));
#6207=CARTESIAN_POINT('Ctrl Pts',(5.3398782746757,-50.7099430689635,-95.551263665801));
#6208=CARTESIAN_POINT('Ctrl Pts',(5.60128579997594,-50.1735654962008,-96.0926278964557));
#6209=CARTESIAN_POINT('Ctrl Pts',(5.72095952895125,-49.8938800754887,-96.3697337599103));
#6210=CARTESIAN_POINT('Ctrl Pts',(5.75901243299722,-49.7987354961962,-96.4631730057498));
#6211=CARTESIAN_POINT('Ctrl Pts',(5.82625404490177,-49.6088669259947,-96.6520179477985));
#6212=CARTESIAN_POINT('Ctrl Pts',(5.85544275276034,-49.5141429350857,-96.747423644008));
#6213=CARTESIAN_POINT('Ctrl Pts',(5.87760560337732,-49.4217556382821,-96.8437251658995));
#6214=CARTESIAN_POINT('Ctrl Pts',(-6.70987212706989,-48.7703802645963,-96.2033463580167));
#6215=CARTESIAN_POINT('Ctrl Pts',(-6.68670631936803,-48.8700337711482,-96.104803927051));
#6216=CARTESIAN_POINT('Ctrl Pts',(-6.65742302425419,-48.9722695593555,-96.0038353951061));
#6217=CARTESIAN_POINT('Ctrl Pts',(-6.58923258157483,-49.179233032139,-95.8000937685677));
#6218=CARTESIAN_POINT('Ctrl Pts',(-6.5503254340093,-49.283960716715,-95.6973206739741));
#6219=CARTESIAN_POINT('Ctrl Pts',(-6.42308489619359,-49.5978726145824,-95.3908660051844));
#6220=CARTESIAN_POINT('Ctrl Pts',(-6.12652744008563,-50.2246117868741,-94.7854151275688));
#6221=CARTESIAN_POINT('Ctrl Pts',(-5.57855045319268,-51.1033939402652,-93.9964809899286));
#6222=CARTESIAN_POINT('Ctrl Pts',(-4.03942986202838,-51.6241339575808,-93.5977825286675));
#6223=CARTESIAN_POINT('Ctrl Pts',(-1.97633764368488,-52.0042900951047,-93.2351007616684));
#6224=CARTESIAN_POINT('Ctrl Pts',(1.11022302462516E-15,-52.0023727231657,
-93.2482977566379));
#6225=CARTESIAN_POINT('Ctrl Pts',(1.97633764368489,-52.0042900951047,-93.2351007616686));
#6226=CARTESIAN_POINT('Ctrl Pts',(4.03942986202839,-51.6241339575808,-93.5977825286676));
#6227=CARTESIAN_POINT('Ctrl Pts',(5.57855045319268,-51.1033939402652,-93.9964809899288));
#6228=CARTESIAN_POINT('Ctrl Pts',(6.12652744008565,-50.2246117868741,-94.7854151275688));
#6229=CARTESIAN_POINT('Ctrl Pts',(6.42308489619359,-49.5978726145823,-95.3908660051843));
#6230=CARTESIAN_POINT('Ctrl Pts',(6.5503254340093,-49.283960716715,-95.6973206739741));
#6231=CARTESIAN_POINT('Ctrl Pts',(6.58923258157483,-49.179233032139,-95.8000937685676));
#6232=CARTESIAN_POINT('Ctrl Pts',(6.65742302425419,-48.9722695593556,-96.0038353951061));
#6233=CARTESIAN_POINT('Ctrl Pts',(6.68670631936803,-48.8700337711482,-96.104803927051));
#6234=CARTESIAN_POINT('Ctrl Pts',(6.70987212706989,-48.7703802645963,-96.2033463580168));
#6235=CARTESIAN_POINT('Ctrl Pts',(-6.02001561937502,-47.9605972672132,-95.7395841181653));
#6236=CARTESIAN_POINT('Ctrl Pts',(-5.99845423693402,-48.0363063006142,-95.660046230728));
#6237=CARTESIAN_POINT('Ctrl Pts',(-5.97161738801539,-48.1135133789027,-95.5804103640376));
#6238=CARTESIAN_POINT('Ctrl Pts',(-5.90922727214734,-48.2694658776381,-95.4200042019518));
#6239=CARTESIAN_POINT('Ctrl Pts',(-5.87367400519791,-48.3482112980852,-95.3392339065564));
#6240=CARTESIAN_POINT('Ctrl Pts',(-5.75669134969009,-48.5845684512394,-95.0938136720142));
#6241=CARTESIAN_POINT('Ctrl Pts',(-5.48143462003633,-49.0577663248007,-94.5905358095066));
#6242=CARTESIAN_POINT('Ctrl Pts',(-4.92628720622296,-49.7613824266821,-93.6332441929484));
#6243=CARTESIAN_POINT('Ctrl Pts',(-3.68242330046873,-49.9408082105651,-93.4677127340942));
#6244=CARTESIAN_POINT('Ctrl Pts',(-1.81792183887201,-50.2519947889603,-93.0642953571385));
#6245=CARTESIAN_POINT('Ctrl Pts',(0.,-50.2596587432348,-93.1000948326461));
#6246=CARTESIAN_POINT('Ctrl Pts',(1.81792183887201,-50.2519947889603,-93.0642953571385));
#6247=CARTESIAN_POINT('Ctrl Pts',(3.68242330046873,-49.9408082105651,-93.4677127340942));
#6248=CARTESIAN_POINT('Ctrl Pts',(4.92628720622297,-49.7613824266821,-93.6332441929485));
#6249=CARTESIAN_POINT('Ctrl Pts',(5.48143462003634,-49.0577663248007,-94.5905358095066));
#6250=CARTESIAN_POINT('Ctrl Pts',(5.75669134969009,-48.5845684512394,-95.0938136720142));
#6251=CARTESIAN_POINT('Ctrl Pts',(5.87367400519791,-48.3482112980852,-95.3392339065563));
#6252=CARTESIAN_POINT('Ctrl Pts',(5.90922727214734,-48.2694658776381,-95.4200042019518));
#6253=CARTESIAN_POINT('Ctrl Pts',(5.97161738801539,-48.1135133789026,-95.5804103640377));
#6254=CARTESIAN_POINT('Ctrl Pts',(5.99845423693402,-48.0363063006142,-95.6600462307281));
#6255=CARTESIAN_POINT('Ctrl Pts',(6.02001561937503,-47.9605972672132,-95.7395841181653));
#6256=CARTESIAN_POINT('Ctrl Pts',(-7.04014584741816,-46.8486563370614,-94.1229190150791));
#6257=CARTESIAN_POINT('Ctrl Pts',(-7.01557965106219,-46.9394846697839,-94.0213849841723));
#6258=CARTESIAN_POINT('Ctrl Pts',(-6.98453492372801,-47.0327405543995,-93.9159706150322));
#6259=CARTESIAN_POINT('Ctrl Pts',(-6.9125495405711,-47.2229954583222,-93.6997600463655));
#6260=CARTESIAN_POINT('Ctrl Pts',(-6.87160888474837,-47.3199944776295,-93.5889638468389));
#6261=CARTESIAN_POINT('Ctrl Pts',(-6.73853472474905,-47.6149382839475,-93.2520707717999));
#6262=CARTESIAN_POINT('Ctrl Pts',(-6.431377634626,-48.2206128901686,-92.5602667158843));
#6263=CARTESIAN_POINT('Ctrl Pts',(-5.89807330853543,-49.2422873894761,-91.4599011916503));
#6264=CARTESIAN_POINT('Ctrl Pts',(-4.12041199978488,-49.6959434161648,-90.8695282605395));
#6265=CARTESIAN_POINT('Ctrl Pts',(-2.05480429366039,-50.1137332380495,-90.5476385114526));
#6266=CARTESIAN_POINT('Ctrl Pts',(-1.38777878078145E-16,-50.0585258505692,
-90.5046921870306));
#6267=CARTESIAN_POINT('Ctrl Pts',(2.05480429366039,-50.1137332380495,-90.5476385114526));
#6268=CARTESIAN_POINT('Ctrl Pts',(4.12041199978488,-49.6959434161648,-90.8695282605395));
#6269=CARTESIAN_POINT('Ctrl Pts',(5.89807330853543,-49.2422873894761,-91.4599011916504));
#6270=CARTESIAN_POINT('Ctrl Pts',(6.431377634626,-48.2206128901686,-92.5602667158843));
#6271=CARTESIAN_POINT('Ctrl Pts',(6.73853472474905,-47.6149382839475,-93.2520707717998));
#6272=CARTESIAN_POINT('Ctrl Pts',(6.87160888474836,-47.3199944776295,-93.5889638468389));
#6273=CARTESIAN_POINT('Ctrl Pts',(6.9125495405711,-47.2229954583222,-93.6997600463655));
#6274=CARTESIAN_POINT('Ctrl Pts',(6.98453492372801,-47.0327405543995,-93.9159706150322));
#6275=CARTESIAN_POINT('Ctrl Pts',(7.01557965106219,-46.9394846697839,-94.0213849841724));
#6276=CARTESIAN_POINT('Ctrl Pts',(7.04014584741816,-46.8486563370614,-94.1229190150792));
#6277=CARTESIAN_POINT('Ctrl Pts',(-6.3201479677088,-43.6177656521718,-90.7118486729063));
#6278=CARTESIAN_POINT('Ctrl Pts',(-6.30211970845835,-43.6952821296802,-90.6336436461394));
#6279=CARTESIAN_POINT('Ctrl Pts',(-6.27984397229636,-43.7721063032577,-90.5556365810676));
#6280=CARTESIAN_POINT('Ctrl Pts',(-6.22831241148754,-43.9250463007169,-90.400447923712));
#6281=CARTESIAN_POINT('Ctrl Pts',(-6.19905658684071,-44.0011621245986,-90.3232663314282));
#6282=CARTESIAN_POINT('Ctrl Pts',(-6.1030912781803,-44.2294614589491,-90.0936040878562));
#6283=CARTESIAN_POINT('Ctrl Pts',(-5.87836932197986,-44.6858675784712,-89.6418097338295));
#6284=CARTESIAN_POINT('Ctrl Pts',(-5.43076795420856,-45.4861571884091,-88.9522427732612));
#6285=CARTESIAN_POINT('Ctrl Pts',(-4.06400060818568,-45.8714626215049,-88.5870892798671));
#6286=CARTESIAN_POINT('Ctrl Pts',(-2.02066866017756,-46.1742232502159,-88.2984448420759));
#6287=CARTESIAN_POINT('Ctrl Pts',(0.,-46.1840412851976,-88.3073588975505));
#6288=CARTESIAN_POINT('Ctrl Pts',(2.02066866017756,-46.1742232502159,-88.298444842076));
#6289=CARTESIAN_POINT('Ctrl Pts',(4.06400060818568,-45.8714626215049,-88.587089279867));
#6290=CARTESIAN_POINT('Ctrl Pts',(5.43076795420856,-45.4861571884091,-88.9522427732611));
#6291=CARTESIAN_POINT('Ctrl Pts',(5.87836932197986,-44.6858675784712,-89.6418097338294));
#6292=CARTESIAN_POINT('Ctrl Pts',(6.1030912781803,-44.2294614589491,-90.0936040878562));
#6293=CARTESIAN_POINT('Ctrl Pts',(6.19905658684071,-44.0011621245986,-90.3232663314282));
#6294=CARTESIAN_POINT('Ctrl Pts',(6.22831241148754,-43.9250463007169,-90.400447923712));
#6295=CARTESIAN_POINT('Ctrl Pts',(6.27984397229636,-43.7721063032577,-90.5556365810676));
#6296=CARTESIAN_POINT('Ctrl Pts',(6.30211970845835,-43.6952821296802,-90.6336436461395));
#6297=CARTESIAN_POINT('Ctrl Pts',(6.3201479677088,-43.6177656521718,-90.7118486729063));
#6298=CARTESIAN_POINT('Ctrl Pts',(-5.87356918469975,-40.7810615062679,-87.7629617327063));
#6299=CARTESIAN_POINT('Ctrl Pts',(-5.85314747280174,-40.8027559270839,-87.6386499035606));
#6300=CARTESIAN_POINT('Ctrl Pts',(-5.82788333627653,-40.8104306373912,-87.5015278130715));
#6301=CARTESIAN_POINT('Ctrl Pts',(-5.77071039989038,-40.8111147662888,-87.2166808774041));
#6302=CARTESIAN_POINT('Ctrl Pts',(-5.73880160002945,-40.8041241848791,-87.0689560322259));
#6303=CARTESIAN_POINT('Ctrl Pts',(-5.63766848432115,-40.7812156970246,-86.6324040166537));
#6304=CARTESIAN_POINT('Ctrl Pts',(-5.41377538840251,-40.7276517468146,-85.7857900653598));
#6305=CARTESIAN_POINT('Ctrl Pts',(-5.11489706115037,-41.4020913819759,-85.4082832923129));
#6306=CARTESIAN_POINT('Ctrl Pts',(-3.96956180905462,-41.9853362085845,-85.397919899375));
#6307=CARTESIAN_POINT('Ctrl Pts',(-1.9392748360289,-41.9080864442059,-85.5601950869828));
#6308=CARTESIAN_POINT('Ctrl Pts',(0.,-42.058873730305,-85.3980518044992));
#6309=CARTESIAN_POINT('Ctrl Pts',(1.9392748360289,-41.9080864442059,-85.5601950869828));
#6310=CARTESIAN_POINT('Ctrl Pts',(3.96956180905462,-41.9853362085845,-85.397919899375));
#6311=CARTESIAN_POINT('Ctrl Pts',(5.11489706115037,-41.4020913819759,-85.408283292313));
#6312=CARTESIAN_POINT('Ctrl Pts',(5.41377538840251,-40.7276517468146,-85.7857900653598));
#6313=CARTESIAN_POINT('Ctrl Pts',(5.63766848432115,-40.7812156970246,-86.6324040166537));
#6314=CARTESIAN_POINT('Ctrl Pts',(5.73880160002945,-40.8041241848791,-87.0689560322258));
#6315=CARTESIAN_POINT('Ctrl Pts',(5.77071039989038,-40.8111147662888,-87.2166808774041));
#6316=CARTESIAN_POINT('Ctrl Pts',(5.82788333627653,-40.8104306373912,-87.5015278130715));
#6317=CARTESIAN_POINT('Ctrl Pts',(5.85314747280174,-40.8027559270839,-87.6386499035606));
#6318=CARTESIAN_POINT('Ctrl Pts',(5.87356918469975,-40.7810615062679,-87.7629617327062));
#6319=CARTESIAN_POINT('Ctrl Pts',(-5.68986976791026,-39.6546478126345,-86.623724938505));
#6320=CARTESIAN_POINT('Ctrl Pts',(-5.67814882336724,-39.721415799934,-86.5601613771445));
#6321=CARTESIAN_POINT('Ctrl Pts',(-5.66376235375886,-39.7857465221433,-86.4982338601652));
#6322=CARTESIAN_POINT('Ctrl Pts',(-5.63067325555381,-39.9111938051893,-86.3773973865697));
#6323=CARTESIAN_POINT('Ctrl Pts',(-5.61197062695713,-39.972310366026,-86.3184884299535));
#6324=CARTESIAN_POINT('Ctrl Pts',(-5.55091083939828,-40.153329359689,-86.1459091080514));
#6325=CARTESIAN_POINT('Ctrl Pts',(-5.40898365720527,-40.5060445916258,-85.8173406560321));
#6326=CARTESIAN_POINT('Ctrl Pts',(-5.13429378671868,-41.146911663039,-85.3374658243188));
#6327=CARTESIAN_POINT('Ctrl Pts',(-4.04920188198205,-41.4602167781808,-85.1819089687934));
#6328=CARTESIAN_POINT('Ctrl Pts',(-1.9970220738006,-41.7243741130787,-84.9158757908643));
#6329=CARTESIAN_POINT('Ctrl Pts',(0.,-41.6236390025688,-84.8908192912896));
#6330=CARTESIAN_POINT('Ctrl Pts',(1.9970220738006,-41.7243741130787,-84.9158757908643));
#6331=CARTESIAN_POINT('Ctrl Pts',(4.04920188198205,-41.4602167781808,-85.1819089687934));
#6332=CARTESIAN_POINT('Ctrl Pts',(5.13429378671868,-41.146911663039,-85.3374658243188));
#6333=CARTESIAN_POINT('Ctrl Pts',(5.40898365720527,-40.5060445916258,-85.8173406560321));
#6334=CARTESIAN_POINT('Ctrl Pts',(5.55091083939828,-40.153329359689,-86.1459091080514));
#6335=CARTESIAN_POINT('Ctrl Pts',(5.61197062695713,-39.972310366026,-86.3184884299536));
#6336=CARTESIAN_POINT('Ctrl Pts',(5.63067325555381,-39.9111938051893,-86.3773973865697));
#6337=CARTESIAN_POINT('Ctrl Pts',(5.66376235375886,-39.7857465221433,-86.4982338601652));
#6338=CARTESIAN_POINT('Ctrl Pts',(5.67814882336724,-39.721415799934,-86.5601613771445));
#6339=CARTESIAN_POINT('Ctrl Pts',(5.68986976791026,-39.6546478126345,-86.623724938505));
#6340=CARTESIAN_POINT('',(-6.42500849765734,-55.2125612874166,-103.227254506282));
#6341=CARTESIAN_POINT('Ctrl Pts',(-6.42500849765734,-55.2125612874166,-103.227254506282));
#6342=CARTESIAN_POINT('Ctrl Pts',(-6.43481652788023,-55.1676105006622,-103.125936178886));
#6343=CARTESIAN_POINT('Ctrl Pts',(-6.45081101969081,-55.0948422932228,-102.946786883016));
#6344=CARTESIAN_POINT('Ctrl Pts',(-6.46150618802253,-55.0286136404057,-102.756671868032));
#6345=CARTESIAN_POINT('Ctrl Pts',(-6.47357444791099,-54.9341753271467,-102.463275056216));
#6346=CARTESIAN_POINT('Ctrl Pts',(-6.47313141869618,-54.7918292384164,-101.938896597478));
#6347=CARTESIAN_POINT('Ctrl Pts',(-6.49961064189979,-54.1868647007001,-101.15326186996));
#6348=CARTESIAN_POINT('Ctrl Pts',(-6.46993190148991,-53.6745751550976,-100.644104848508));
#6349=CARTESIAN_POINT('Ctrl Pts',(-6.46432169071136,-51.1326593694705,-98.2354991048478));
#6350=CARTESIAN_POINT('Ctrl Pts',(-6.52373702160278,-50.7823308055579,-97.9683591388448));
#6351=CARTESIAN_POINT('Ctrl Pts',(-5.87760560337732,-49.4217556382821,-96.8437251658995));
#6352=CARTESIAN_POINT('Ctrl Pts',(-6.70987212706989,-48.7703802645963,-96.2033463580167));
#6353=CARTESIAN_POINT('Ctrl Pts',(-6.02001561937502,-47.9605972672132,-95.7395841181653));
#6354=CARTESIAN_POINT('Ctrl Pts',(-7.04014584741816,-46.8486563370614,-94.1229190150791));
#6355=CARTESIAN_POINT('Ctrl Pts',(-6.44370775585018,-44.1722230745938,-91.2972269645539));
#6356=CARTESIAN_POINT('Ctrl Pts',(-6.07111953359006,-41.9864921529682,-89.0179926980674));
#6357=CARTESIAN_POINT('Ctrl Pts',(-5.94759658688963,-41.237616011993,-88.2443042503634));
#6358=CARTESIAN_POINT('Ctrl Pts',(-6.42500849765734,-55.2125612874166,-103.227254506282));
#6359=CARTESIAN_POINT('Ctrl Pts',(-6.40735565270831,-55.3421414381564,-103.282855516682));
#6360=CARTESIAN_POINT('Ctrl Pts',(-6.37178024649447,-55.600395706388,-103.399280216002));
#6361=CARTESIAN_POINT('Ctrl Pts',(-6.30707182493854,-55.9909501403664,-103.607526687287));
#6362=CARTESIAN_POINT('Ctrl Pts',(-6.18815943109808,-56.6760069156444,-103.988762723191));
#6363=CARTESIAN_POINT('Ctrl Pts',(-5.87626764726789,-58.3004500314653,-104.970307063539));
#6364=CARTESIAN_POINT('Ctrl Pts',(-5.18669696607247,-60.7796834150296,-106.777489077879));
#6365=CARTESIAN_POINT('Ctrl Pts',(-3.37682961866704,-62.8196875719464,-108.916571917097));
#6366=CARTESIAN_POINT('Ctrl Pts',(-1.84893541824993,-63.6109352453158,-109.577295108553));
#6367=CARTESIAN_POINT('Ctrl Pts',(-0.616311806083309,-63.6373543859615,
-109.605169499481));
#6368=CARTESIAN_POINT('Ctrl Pts',(1.38777878078145E-16,-63.6373543859615,
-109.605169499481));
#6369=CARTESIAN_POINT('Origin',(-7.,-43.9435107546783,-84.3640787360145));
#6370=CARTESIAN_POINT('',(-13.,-43.9435107546783,-84.3640787360145));
#6371=CARTESIAN_POINT('',(-7.,-48.3383506223186,-80.279304257809));
#6372=CARTESIAN_POINT('Origin',(-13.,-48.3383506223186,-80.279304257809));
#6373=CARTESIAN_POINT('Origin',(-7.,-35.1538310193977,-92.5336276924256));
#6374=CARTESIAN_POINT('',(-7.00000000000001,-30.7589911517574,-96.6184021706312));
#6375=CARTESIAN_POINT('',(-13.,-35.1538310193977,-92.5336276924256));
#6376=CARTESIAN_POINT('Origin',(-2.42726432375696E-29,-30.7589911517574,
-96.6184021706312));
#6377=CARTESIAN_POINT('Ctrl Pts',(-6.42500849765734,-55.2125612874166,-103.227254506282));
#6378=CARTESIAN_POINT('Ctrl Pts',(-6.43481652788023,-55.1676105006622,-103.125936178886));
#6379=CARTESIAN_POINT('Ctrl Pts',(-6.44281377378552,-55.1312263969425,-103.036361530951));
#6380=CARTESIAN_POINT('Ctrl Pts',(-6.45615860385667,-55.0617279668142,-102.851729375524));
#6381=CARTESIAN_POINT('Ctrl Pts',(-6.46150618802253,-55.0286136404057,-102.756671868032));
#6382=CARTESIAN_POINT('Ctrl Pts',(-6.47357444791099,-54.9341753271467,-102.463275056216));
#6383=CARTESIAN_POINT('Ctrl Pts',(-6.47313141869618,-54.7918292384164,-101.938896597478));
#6384=CARTESIAN_POINT('Ctrl Pts',(-6.49961064189979,-54.1868647007001,-101.15326186996));
#6385=CARTESIAN_POINT('Ctrl Pts',(-6.46993190148991,-53.6745751550976,-100.644104848508));
#6386=CARTESIAN_POINT('Ctrl Pts',(-6.46432169071136,-51.1326593694705,-98.2354991048478));
#6387=CARTESIAN_POINT('Ctrl Pts',(-6.52373702160278,-50.7823308055579,-97.9683591388448));
#6388=CARTESIAN_POINT('Ctrl Pts',(-5.87760560337732,-49.4217556382821,-96.8437251658995));
#6389=CARTESIAN_POINT('Ctrl Pts',(-6.70987212706989,-48.7703802645963,-96.2033463580167));
#6390=CARTESIAN_POINT('Ctrl Pts',(-6.02001561937502,-47.9605972672132,-95.7395841181653));
#6391=CARTESIAN_POINT('Ctrl Pts',(-7.04014584741816,-46.8486563370614,-94.1229190150791));
#6392=CARTESIAN_POINT('Ctrl Pts',(-6.3201479677088,-43.6177656521718,-90.7118486729063));
#6393=CARTESIAN_POINT('Ctrl Pts',(-5.87356918469975,-40.7810615062679,-87.7629617327063));
#6394=CARTESIAN_POINT('Ctrl Pts',(-5.68986976791026,-39.6546478126345,-86.623724938505));
#6395=CARTESIAN_POINT('Ctrl Pts',(-6.43285331238347,-55.1279319234312,-103.27297182328));
#6396=CARTESIAN_POINT('Ctrl Pts',(-6.44777533771088,-55.0479139681765,-103.155146610998));
#6397=CARTESIAN_POINT('Ctrl Pts',(-6.45744282805611,-55.0035259146542,-103.056810051265));
#6398=CARTESIAN_POINT('Ctrl Pts',(-6.47545340822371,-54.9042865557957,-102.855431322536));
#6399=CARTESIAN_POINT('Ctrl Pts',(-6.48183553422019,-54.8642013644386,-102.757382769678));
#6400=CARTESIAN_POINT('Ctrl Pts',(-6.49565857206938,-54.7600482670317,-102.472252502795));
#6401=CARTESIAN_POINT('Ctrl Pts',(-6.49601154418241,-54.6220775609621,-101.968166566509));
#6402=CARTESIAN_POINT('Ctrl Pts',(-6.52011331370994,-54.0396636310023,-101.195611930336));
#6403=CARTESIAN_POINT('Ctrl Pts',(-6.49190659748664,-53.5460294044816,-100.721504377846));
#6404=CARTESIAN_POINT('Ctrl Pts',(-6.48636930835923,-51.0324714724248,-98.3360366602908));
#6405=CARTESIAN_POINT('Ctrl Pts',(-6.54450196505348,-50.6803910221925,-98.0698125724366));
#6406=CARTESIAN_POINT('Ctrl Pts',(-5.8997684539943,-49.3293683414784,-96.9400266877909));
#6407=CARTESIAN_POINT('Ctrl Pts',(-6.73303793477174,-48.6707267580444,-96.3018887889825));
#6408=CARTESIAN_POINT('Ctrl Pts',(-6.04157700181603,-47.8848882338122,-95.8191220056026));
#6409=CARTESIAN_POINT('Ctrl Pts',(-7.06471204377413,-46.7578280043388,-94.224453045986));
#6410=CARTESIAN_POINT('Ctrl Pts',(-6.33817622695925,-43.5402491746634,-90.7900536996731));
#6411=CARTESIAN_POINT('Ctrl Pts',(-5.89399089659775,-40.7593670854519,-87.8872735618519));
#6412=CARTESIAN_POINT('Ctrl Pts',(-5.70159071245328,-39.587879825335,-86.6872884998654));
#6413=CARTESIAN_POINT('Ctrl Pts',(-6.43880063125511,-55.053097598128,-103.322010114465));
#6414=CARTESIAN_POINT('Ctrl Pts',(-6.45508929164494,-54.9618977824469,-103.203446724445));
#6415=CARTESIAN_POINT('Ctrl Pts',(-6.46826805636232,-54.8895548440455,-103.094855228998));
#6416=CARTESIAN_POINT('Ctrl Pts',(-6.48898191323169,-54.7709824751539,-102.886642177614));
#6417=CARTESIAN_POINT('Ctrl Pts',(-6.49645288329309,-54.7258885839655,-102.78748128712));
#6418=CARTESIAN_POINT('Ctrl Pts',(-6.51166273337822,-54.613674020154,-102.507514919447));
#6419=CARTESIAN_POINT('Ctrl Pts',(-6.51327019315228,-54.4815133315458,-102.017647399334));
#6420=CARTESIAN_POINT('Ctrl Pts',(-6.53431574459326,-53.9143921974639,-101.244316343357));
#6421=CARTESIAN_POINT('Ctrl Pts',(-6.50886743536747,-53.4276669042415,-100.804140263973));
#6422=CARTESIAN_POINT('Ctrl Pts',(-6.50262130620706,-50.9360942236428,-98.4332285560476));
#6423=CARTESIAN_POINT('Ctrl Pts',(-6.56078183086323,-50.5812218248964,-98.1685459190425));
#6424=CARTESIAN_POINT('Ctrl Pts',(-5.91490544736968,-49.2393177387801,-97.0372240353646));
#6425=CARTESIAN_POINT('Ctrl Pts',(-6.75008625506162,-48.5736555331481,-96.3980051189692));
#6426=CARTESIAN_POINT('Ctrl Pts',(-6.05786291777941,-47.8106772452987,-95.8985619137867));
#6427=CARTESIAN_POINT('Ctrl Pts',(-7.08279970915191,-46.6694272235092,-94.3221067386595));
#6428=CARTESIAN_POINT('Ctrl Pts',(-6.35195700929816,-43.4620403932241,-90.8684566881348));
#6429=CARTESIAN_POINT('Ctrl Pts',(-5.90957018386854,-40.7236529541272,-87.9987751296542));
#6430=CARTESIAN_POINT('Ctrl Pts',(-5.71064613193094,-39.5186745729454,-86.7524881056069));
#6431=CARTESIAN_POINT('Ctrl Pts',(-6.44846462053345,-54.9030648525095,-103.446939864227));
#6432=CARTESIAN_POINT('Ctrl Pts',(-6.4689648267935,-54.7783472639854,-103.31903401137));
#6433=CARTESIAN_POINT('Ctrl Pts',(-6.48465860325514,-54.6856113736842,-103.203879651523));
#6434=CARTESIAN_POINT('Ctrl Pts',(-6.50895704093711,-54.5401810844404,-102.987743730242));
#6435=CARTESIAN_POINT('Ctrl Pts',(-6.51744946102909,-54.4881917083244,-102.888726662303));
#6436=CARTESIAN_POINT('Ctrl Pts',(-6.53510801628016,-54.3638536057354,-102.612556964415));
#6437=CARTESIAN_POINT('Ctrl Pts',(-6.53915030668278,-54.2416975035946,-102.143743592359));
#6438=CARTESIAN_POINT('Ctrl Pts',(-6.55378165330992,-53.6942432156371,-101.351350253549));
#6439=CARTESIAN_POINT('Ctrl Pts',(-6.53502814219316,-53.2062574524072,-100.975204364763));
#6440=CARTESIAN_POINT('Ctrl Pts',(-6.52650833019985,-50.7496341848787,-98.621900183228));
#6441=CARTESIAN_POINT('Ctrl Pts',(-6.5862899471768,-50.3878954794031,-98.3612974826996));
#6442=CARTESIAN_POINT('Ctrl Pts',(-5.93510298125922,-49.0636490712096,-97.2308751967556));
#6443=CARTESIAN_POINT('Ctrl Pts',(-6.77497449164103,-48.3843198457872,-96.5862607309949));
#6444=CARTESIAN_POINT('Ctrl Pts',(-6.08240115196693,-47.6644798969739,-96.057059148191));
#6445=CARTESIAN_POINT('Ctrl Pts',(-7.1092328152886,-46.4956613237292,-94.5126262571969));
#6446=CARTESIAN_POINT('Ctrl Pts',(-6.37296740036284,-43.3055213708722,-91.0249983491143));
#6447=CARTESIAN_POINT('Ctrl Pts',(-5.93328651905543,-40.633145567248,-88.2009813002324));
#6448=CARTESIAN_POINT('Ctrl Pts',(-5.72458075879033,-39.3790653346193,-86.8832496533881));
#6449=CARTESIAN_POINT('Ctrl Pts',(-6.45218129094014,-54.8278664321943,-103.522831322802));
#6450=CARTESIAN_POINT('Ctrl Pts',(-6.47357620922487,-54.6952611714774,-103.393197158185));
#6451=CARTESIAN_POINT('Ctrl Pts',(-6.49000771989458,-54.5959051130119,-103.275264216152));
#6452=CARTESIAN_POINT('Ctrl Pts',(-6.51521717226031,-54.4435657177119,-103.056445268071));
#6453=CARTESIAN_POINT('Ctrl Pts',(-6.52393031028911,-54.3895097092297,-102.957807042541));
#6454=CARTESIAN_POINT('Ctrl Pts',(-6.54254913787325,-54.2604074381946,-102.682336592731));
#6455=CARTESIAN_POINT('Ctrl Pts',(-6.54777177124341,-54.1424459050598,-102.22035895256));
#6456=CARTESIAN_POINT('Ctrl Pts',(-6.55904513114325,-53.5993656673487,-101.409679750719));
#6457=CARTESIAN_POINT('Ctrl Pts',(-6.54422801113804,-53.1032105008129,-101.063632579425));
#6458=CARTESIAN_POINT('Ctrl Pts',(-6.53414335634482,-50.6595513948966,-98.7133799146515));
#6459=CARTESIAN_POINT('Ctrl Pts',(-6.59551819768062,-50.293738331206,-98.4553156997508));
#6460=CARTESIAN_POINT('Ctrl Pts',(-5.94016352177337,-48.9780310063374,-97.327329010573));
#6461=CARTESIAN_POINT('Ctrl Pts',(-6.78281440793058,-48.2920553833225,-96.678400013034));
#6462=CARTESIAN_POINT('Ctrl Pts',(-6.09065347019107,-47.5924935371628,-96.1361164744112));
#6463=CARTESIAN_POINT('Ctrl Pts',(-7.11757825604752,-46.4102962047787,-94.6054920830609));
#6464=CARTESIAN_POINT('Ctrl Pts',(-6.38019700908861,-43.2272111299597,-91.103137021632));
#6465=CARTESIAN_POINT('Ctrl Pts',(-5.94142356697152,-40.5783523116936,-88.2916859030085));
#6466=CARTESIAN_POINT('Ctrl Pts',(-5.72945996617205,-39.3086613486828,-86.9488115954277));
#6467=CARTESIAN_POINT('Ctrl Pts',(-6.45998532946277,-54.6017250287305,-103.790785449616));
#6468=CARTESIAN_POINT('Ctrl Pts',(-6.48299031088464,-54.4634461216339,-103.644178690535));
#6469=CARTESIAN_POINT('Ctrl Pts',(-6.50062272534763,-54.3578821111642,-103.516783518977));
#6470=CARTESIAN_POINT('Ctrl Pts',(-6.52774859915508,-54.1929092621506,-103.289692485284));
#6471=CARTESIAN_POINT('Ctrl Pts',(-6.53724205849954,-54.1335004236066,-103.18999662315));
#6472=CARTESIAN_POINT('Ctrl Pts',(-6.55742327205393,-53.9955947338712,-102.916372202456));
#6473=CARTESIAN_POINT('Ctrl Pts',(-6.56458904124672,-53.8810666579864,-102.470976023907));
#6474=CARTESIAN_POINT('Ctrl Pts',(-6.5669194282737,-53.3401257697561,-101.594480436741));
#6475=CARTESIAN_POINT('Ctrl Pts',(-6.56358628551259,-52.8094665408399,-101.330585138649));
#6476=CARTESIAN_POINT('Ctrl Pts',(-6.54858437907128,-50.3967544565593,-98.9807195949805));
#6477=CARTESIAN_POINT('Ctrl Pts',(-6.61550333619704,-50.0179912757035,-98.7313852231974));
#6478=CARTESIAN_POINT('Ctrl Pts',(-5.94619335645688,-48.7274643428833,-97.6117723737104));
#6479=CARTESIAN_POINT('Ctrl Pts',(-6.79706140703414,-48.0219354382569,-96.9501650182454));
#6480=CARTESIAN_POINT('Ctrl Pts',(-6.10713603107865,-47.3787142091737,-96.3724346449391));
#6481=CARTESIAN_POINT('Ctrl Pts',(-7.13282349740229,-46.1560251778857,-94.8813669749241));
#6482=CARTESIAN_POINT('Ctrl Pts',(-6.39497474516113,-42.9940529405955,-91.3361662062683));
#6483=CARTESIAN_POINT('Ctrl Pts',(-5.95803526653735,-40.3987943038673,-88.539839600288));
#6484=CARTESIAN_POINT('Ctrl Pts',(-5.73956552722547,-39.1011649855033,-87.1416762972979));
#6485=CARTESIAN_POINT('Ctrl Pts',(-6.45890323089828,-54.3560814441176,-104.209306863869));
#6486=CARTESIAN_POINT('Ctrl Pts',(-6.48234692252644,-54.2247068989022,-104.048333128702));
#6487=CARTESIAN_POINT('Ctrl Pts',(-6.50028981404422,-54.1234401891522,-103.911784213244));
#6488=CARTESIAN_POINT('Ctrl Pts',(-6.52779325614851,-53.9632063737334,-103.673069051509));
#6489=CARTESIAN_POINT('Ctrl Pts',(-6.53735380673502,-53.9042392680645,-103.570902805233));
#6490=CARTESIAN_POINT('Ctrl Pts',(-6.55739083603189,-53.7639132569044,-103.294277614826));
#6491=CARTESIAN_POINT('Ctrl Pts',(-6.56288640477491,-53.6295624579711,-102.860521427695));
#6492=CARTESIAN_POINT('Ctrl Pts',(-6.55630879412886,-53.0621865656923,-101.867047203469));
#6493=CARTESIAN_POINT('Ctrl Pts',(-6.56742043145177,-52.4588663137021,-101.69096965825));
#6494=CARTESIAN_POINT('Ctrl Pts',(-6.54526826081743,-50.0662290230667,-99.3182404649084));
#6495=CARTESIAN_POINT('Ctrl Pts',(-6.62161788623225,-49.6682602392704,-99.0835175805752));
#6496=CARTESIAN_POINT('Ctrl Pts',(-5.92982837107771,-48.4101422080443,-97.9779153157205));
#6497=CARTESIAN_POINT('Ctrl Pts',(-6.79133007313209,-47.6795713577117,-97.300110782779));
#6498=CARTESIAN_POINT('Ctrl Pts',(-6.10704772883583,-47.0994877757072,-96.6852487172892));
#6499=CARTESIAN_POINT('Ctrl Pts',(-7.12704093675006,-45.8218620219177,-95.2419399354655));
#6500=CARTESIAN_POINT('Ctrl Pts',(-6.39624881964505,-42.6879021104388,-91.6431735646716));
#6501=CARTESIAN_POINT('Ctrl Pts',(-5.95938568147191,-40.1189083169975,-88.806817567198));
#6502=CARTESIAN_POINT('Ctrl Pts',(-5.74095411238534,-38.8344114202769,-87.3886395684612));
#6503=CARTESIAN_POINT('Ctrl Pts',(-6.49353786541437,-54.2158687573161,-104.427106804343));
#6504=CARTESIAN_POINT('Ctrl Pts',(-6.51806893923635,-54.0988562479614,-104.25365639681));
#6505=CARTESIAN_POINT('Ctrl Pts',(-6.5352633346627,-54.0007910339991,-104.11157089032));
#6506=CARTESIAN_POINT('Ctrl Pts',(-6.55899457594996,-53.831940283485,-103.871161388429));
#6507=CARTESIAN_POINT('Ctrl Pts',(-6.56553142181088,-53.7611547469333,-103.772837393029));
#6508=CARTESIAN_POINT('Ctrl Pts',(-6.57517934588425,-53.573795283332,-103.515055236971));
#6509=CARTESIAN_POINT('Ctrl Pts',(-6.55462473999345,-53.299064940346,-103.148250245425));
#6510=CARTESIAN_POINT('Ctrl Pts',(-6.56206322687134,-52.7042291539852,-102.142607736011));
#6511=CARTESIAN_POINT('Ctrl Pts',(-6.56356876100466,-52.1095676251886,-101.9853635651));
#6512=CARTESIAN_POINT('Ctrl Pts',(-6.54439879847449,-49.7542151545186,-99.633563741105));
#6513=CARTESIAN_POINT('Ctrl Pts',(-6.61736447324234,-49.345926642675,-99.4153299675233));
#6514=CARTESIAN_POINT('Ctrl Pts',(-5.92825804173533,-48.1224999665859,-98.2772655447909));
#6515=CARTESIAN_POINT('Ctrl Pts',(-6.78456920699444,-47.3670741555137,-97.6392438599844));
#6516=CARTESIAN_POINT('Ctrl Pts',(-6.10310668986331,-46.8195433061162,-96.9905231709414));
#6517=CARTESIAN_POINT('Ctrl Pts',(-7.12047667524797,-45.4683175552191,-95.6355573933014));
#6518=CARTESIAN_POINT('Ctrl Pts',(-6.39176423026253,-42.4117351658252,-91.9322206515091));
#6519=CARTESIAN_POINT('Ctrl Pts',(-5.95502081916233,-39.9014364591939,-89.0231851977516));
#6520=CARTESIAN_POINT('Ctrl Pts',(-5.73664911361223,-38.6462871058783,-87.5686674708729));
#6521=CARTESIAN_POINT('Ctrl Pts',(-6.49895244549871,-54.1265923913527,-104.616834348115));
#6522=CARTESIAN_POINT('Ctrl Pts',(-6.52258881199611,-54.0252221523192,-104.447773574833));
#6523=CARTESIAN_POINT('Ctrl Pts',(-6.53928023242661,-53.9357180940511,-104.311711307612));
#6524=CARTESIAN_POINT('Ctrl Pts',(-6.56112973045999,-53.7704804489181,-104.084211990928));
#6525=CARTESIAN_POINT('Ctrl Pts',(-6.56639813732534,-53.6958485366273,-103.992794749274));
#6526=CARTESIAN_POINT('Ctrl Pts',(-6.57168646245043,-53.4830543322597,-103.752849131317));
#6527=CARTESIAN_POINT('Ctrl Pts',(-6.53656262238939,-53.1028594473078,-103.41831078378));
#6528=CARTESIAN_POINT('Ctrl Pts',(-6.55125367411928,-52.4607072083016,-102.400730248367));
#6529=CARTESIAN_POINT('Ctrl Pts',(-6.54886207179463,-51.8635763971423,-102.224747470422));
#6530=CARTESIAN_POINT('Ctrl Pts',(-6.52751741257206,-49.5222345065335,-99.867628450269));
#6531=CARTESIAN_POINT('Ctrl Pts',(-6.59660108704869,-49.102659449683,-99.6615679789322));
#6532=CARTESIAN_POINT('Ctrl Pts',(-5.91284021266496,-47.9050931579987,-98.4957506972646));
#6533=CARTESIAN_POINT('Ctrl Pts',(-6.76369189485141,-47.1344297480253,-97.8983158328035));
#6534=CARTESIAN_POINT('Ctrl Pts',(-6.08456317663518,-46.6057905204121,-97.2188658186545));
#6535=CARTESIAN_POINT('Ctrl Pts',(-7.09825786599477,-45.1951579438573,-95.9388395062726));
#6536=CARTESIAN_POINT('Ctrl Pts',(-6.37151347660215,-42.1957089426103,-92.1607434880479));
#6537=CARTESIAN_POINT('Ctrl Pts',(-5.92748954453668,-39.6835559738904,-89.1552357894552));
#6538=CARTESIAN_POINT('Ctrl Pts',(-5.71586076129661,-38.4898315494623,-87.7159170858577));
#6539=CARTESIAN_POINT('Ctrl Pts',(-6.49802094947026,-54.1014506063876,-104.679544348679));
#6540=CARTESIAN_POINT('Ctrl Pts',(-6.52117430953271,-54.0044529819957,-104.517751449601));
#6541=CARTESIAN_POINT('Ctrl Pts',(-6.53691699123126,-53.9185127684713,-104.386808181623));
#6542=CARTESIAN_POINT('Ctrl Pts',(-6.55829714273982,-53.7561587929156,-104.165975750063));
#6543=CARTESIAN_POINT('Ctrl Pts',(-6.56361203556704,-53.680998713802,-104.076854232226));
#6544=CARTESIAN_POINT('Ctrl Pts',(-6.56771645700198,-53.4614486034201,-103.844148875723));
#6545=CARTESIAN_POINT('Ctrl Pts',(-6.52856427168505,-53.0460688904918,-103.517374950741));
#6546=CARTESIAN_POINT('Ctrl Pts',(-6.54512959365045,-52.3836909119233,-102.495346437977));
#6547=CARTESIAN_POINT('Ctrl Pts',(-6.54199018599551,-51.7842431191833,-102.307640184727));
#6548=CARTESIAN_POINT('Ctrl Pts',(-6.51918540241371,-49.4452459161095,-99.9452453953263));
#6549=CARTESIAN_POINT('Ctrl Pts',(-6.58675107057561,-49.0213175527615,-99.7432104362681));
#6550=CARTESIAN_POINT('Ctrl Pts',(-5.90532758929757,-47.8323450338874,-98.5675744948676));
#6551=CARTESIAN_POINT('Ctrl Pts',(-6.7540983470471,-47.0571696945559,-97.9854601845624));
#6552=CARTESIAN_POINT('Ctrl Pts',(-6.07578404989269,-46.5339071862589,-97.2948778358045));
#6553=CARTESIAN_POINT('Ctrl Pts',(-7.08796899405594,-45.1027711965137,-96.0412783805287));
#6554=CARTESIAN_POINT('Ctrl Pts',(-6.36194867344478,-42.1222166990795,-92.2388740204626));
#6555=CARTESIAN_POINT('Ctrl Pts',(-5.91426951501255,-39.6017997134641,-89.1942151314879));
#6556=CARTESIAN_POINT('Ctrl Pts',(-5.70600470998544,-38.4351193105542,-87.7670384055487));
#6557=CARTESIAN_POINT('Ctrl Pts',(-6.49068524530027,-54.0604010438359,-104.803899321753));
#6558=CARTESIAN_POINT('Ctrl Pts',(-6.50952552854362,-53.9767562805338,-104.676045166332));
#6559=CARTESIAN_POINT('Ctrl Pts',(-6.52341470550225,-53.9003524471518,-104.565913100315));
#6560=CARTESIAN_POINT('Ctrl Pts',(-6.54248210508532,-53.7477370860667,-104.373067739523));
#6561=CARTESIAN_POINT('Ctrl Pts',(-6.54746995636232,-53.672251593907,-104.290918523472));
#6562=CARTESIAN_POINT('Ctrl Pts',(-6.55024550407638,-53.4415631913322,-104.072674190291));
#6563=CARTESIAN_POINT('Ctrl Pts',(-6.50704457503673,-52.9632586818009,-103.748998783821));
#6564=CARTESIAN_POINT('Ctrl Pts',(-6.52429592737785,-52.2471325136926,-102.710117763309));
#6565=CARTESIAN_POINT('Ctrl Pts',(-6.52281780973406,-51.6334866112707,-102.486844264225));
#6566=CARTESIAN_POINT('Ctrl Pts',(-6.49425382152998,-49.2911266391655,-100.100652761058));
#6567=CARTESIAN_POINT('Ctrl Pts',(-6.55891237209291,-48.856162921156,-99.9064547096907));
#6568=CARTESIAN_POINT('Ctrl Pts',(-5.88225763552871,-47.6841562285819,-98.7123828749679));
#6569=CARTESIAN_POINT('Ctrl Pts',(-6.7270722659333,-46.9016471548004,-98.1627857634956));
#6570=CARTESIAN_POINT('Ctrl Pts',(-6.05067272545392,-46.3882881784547,-97.4470665000101));
#6571=CARTESIAN_POINT('Ctrl Pts',(-7.05879229991807,-44.9152084030782,-96.2481253577572));
#6572=CARTESIAN_POINT('Ctrl Pts',(-6.33473532780995,-41.9689077117942,-92.4021263629704));
#6573=CARTESIAN_POINT('Ctrl Pts',(-5.87605784684532,-39.4069980135695,-89.2602243959695));
#6574=CARTESIAN_POINT('Ctrl Pts',(-5.67786865474101,-38.3130993442526,-87.8795788495655));
#6575=CARTESIAN_POINT('Ctrl Pts',(-6.48428103715871,-54.0444932662495,-104.865544294262));
#6576=CARTESIAN_POINT('Ctrl Pts',(-6.50149074398573,-53.9633273658168,-104.747412507049));
#6577=CARTESIAN_POINT('Ctrl Pts',(-6.51256079974833,-53.8998857201475,-104.669010817103));
#6578=CARTESIAN_POINT('Ctrl Pts',(-6.52982944932159,-53.7550120389079,-104.49749499445));
#6579=CARTESIAN_POINT('Ctrl Pts',(-6.53387058612596,-53.6787377962561,-104.421331568631));
#6580=CARTESIAN_POINT('Ctrl Pts',(-6.53674455659923,-53.443283508084,-104.209899760455));
#6581=CARTESIAN_POINT('Ctrl Pts',(-6.49352322909275,-52.9372390299258,-103.88155844994));
#6582=CARTESIAN_POINT('Ctrl Pts',(-6.5095863415741,-52.1875904118403,-102.830272899031));
#6583=CARTESIAN_POINT('Ctrl Pts',(-6.51051731927173,-51.562063381317,-102.583155629419));
#6584=CARTESIAN_POINT('Ctrl Pts',(-6.47765425080459,-49.2139959526455,-100.178443181731));
#6585=CARTESIAN_POINT('Ctrl Pts',(-6.5409236900833,-48.772350186472,-99.9880565257774));
#6586=CARTESIAN_POINT('Ctrl Pts',(-5.86670030512724,-47.6087155473876,-98.785367457465));
#6587=CARTESIAN_POINT('Ctrl Pts',(-6.70963973262381,-46.8233846685144,-98.25296699067));
#6588=CARTESIAN_POINT('Ctrl Pts',(-6.03434052775766,-46.3145525048038,-97.5232431470657));
#6589=CARTESIAN_POINT('Ctrl Pts',(-7.03990447771904,-44.8200323569863,-96.3525334607295));
#6590=CARTESIAN_POINT('Ctrl Pts',(-6.31708678533249,-41.8890909680396,-92.4872481730633));
#6591=CARTESIAN_POINT('Ctrl Pts',(-5.85106620820222,-39.2939525741011,-89.2872543184186));
#6592=CARTESIAN_POINT('Ctrl Pts',(-5.65958865080776,-38.2457916168591,-87.9409979738915));
#6593=CARTESIAN_POINT('Ctrl Pts',(-6.4758404960286,-54.0302215875845,-104.937227392518));
#6594=CARTESIAN_POINT('Ctrl Pts',(-6.48740077350669,-53.963895581022,-104.859384851178));
#6595=CARTESIAN_POINT('Ctrl Pts',(-6.4967202522203,-53.9055716673116,-104.791484006654));
#6596=CARTESIAN_POINT('Ctrl Pts',(-6.50980247942629,-53.7741639061256,-104.655211102824));
#6597=CARTESIAN_POINT('Ctrl Pts',(-6.51356522791866,-53.7010800586501,-104.586839043516));
#6598=CARTESIAN_POINT('Ctrl Pts',(-6.5165183780639,-53.4596886155758,-104.38101604342));
#6599=CARTESIAN_POINT('Ctrl Pts',(-6.47645653274547,-52.933379008795,-104.038569627707));
#6600=CARTESIAN_POINT('Ctrl Pts',(-6.48881214665358,-52.141364818998,-102.967391628705));
#6601=CARTESIAN_POINT('Ctrl Pts',(-6.49475788020865,-51.4958864013122,-102.689787566304));
#6602=CARTESIAN_POINT('Ctrl Pts',(-6.45549200103636,-49.1363848777918,-100.256811702686));
#6603=CARTESIAN_POINT('Ctrl Pts',(-6.51772523027902,-48.6863194466163,-100.070054580415));
#6604=CARTESIAN_POINT('Ctrl Pts',(-5.84547161470227,-47.5308614970259,-98.8605174114112));
#6605=CARTESIAN_POINT('Ctrl Pts',(-6.68700265756578,-46.7438316670517,-98.3453980657741));
#6606=CARTESIAN_POINT('Ctrl Pts',(-6.01305321477409,-46.2395968972403,-97.5996866227813));
#6607=CARTESIAN_POINT('Ctrl Pts',(-7.01530030744758,-44.7234005557024,-96.457565955819));
#6608=CARTESIAN_POINT('Ctrl Pts',(-6.29416905547219,-41.8044332265203,-92.5774050072661));
#6609=CARTESIAN_POINT('Ctrl Pts',(-5.8183458984224,-39.1587473875825,-89.3073723431527));
#6610=CARTESIAN_POINT('Ctrl Pts',(-5.63581129479172,-38.1684487877499,-88.0106767881563));
#6611=CARTESIAN_POINT('',(-6.4758404960286,-54.0302215875845,-104.937227392518));
#6612=CARTESIAN_POINT('Ctrl Pts',(-5.89342983789692,-39.5647615433374,-89.7991352446705));
#6613=CARTESIAN_POINT('Ctrl Pts',(-6.02305655520985,-40.2583558459563,-90.6761200779032));
#6614=CARTESIAN_POINT('Ctrl Pts',(-6.41555541821005,-42.2957762740855,-93.230543562962));
#6615=CARTESIAN_POINT('Ctrl Pts',(-7.01530030744758,-44.7234005557024,-96.457565955819));
#6616=CARTESIAN_POINT('Ctrl Pts',(-6.01305321477409,-46.2395968972403,-97.5996866227813));
#6617=CARTESIAN_POINT('Ctrl Pts',(-6.68700265756578,-46.7438316670517,-98.3453980657741));
#6618=CARTESIAN_POINT('Ctrl Pts',(-5.84547161470227,-47.5308614970259,-98.8605174114112));
#6619=CARTESIAN_POINT('Ctrl Pts',(-6.51772523027902,-48.6863194466163,-100.070054580415));
#6620=CARTESIAN_POINT('Ctrl Pts',(-6.45549200103636,-49.1363848777918,-100.256811702686));
#6621=CARTESIAN_POINT('Ctrl Pts',(-6.49475788020865,-51.4958864013122,-102.689787566304));
#6622=CARTESIAN_POINT('Ctrl Pts',(-6.48881214665358,-52.141364818998,-102.967391628705));
#6623=CARTESIAN_POINT('Ctrl Pts',(-6.47645653274547,-52.933379008795,-104.038569627707));
#6624=CARTESIAN_POINT('Ctrl Pts',(-6.5165183780639,-53.4596886155758,-104.38101604342));
#6625=CARTESIAN_POINT('Ctrl Pts',(-6.51356522791866,-53.7010800586501,-104.586839043516));
#6626=CARTESIAN_POINT('Ctrl Pts',(-6.50603973093392,-53.8472477536011,-104.723583162132));
#6627=CARTESIAN_POINT('Ctrl Pts',(-6.48740077350669,-53.963895581022,-104.859384851178));
#6628=CARTESIAN_POINT('Ctrl Pts',(-6.4758404960286,-54.0302215875845,-104.937227392518));
#6629=CARTESIAN_POINT('Ctrl Pts',(-6.4758404960286,-54.0302215875845,-104.937227392518));
#6630=CARTESIAN_POINT('Ctrl Pts',(-6.48428103715871,-54.0444932662495,-104.865544294262));
#6631=CARTESIAN_POINT('Ctrl Pts',(-6.49708945344183,-54.0763088214223,-104.742254349244));
#6632=CARTESIAN_POINT('Ctrl Pts',(-6.49895244549871,-54.1265923913527,-104.616834348115));
#6633=CARTESIAN_POINT('Ctrl Pts',(-6.49353786541437,-54.2158687573161,-104.427106804343));
#6634=CARTESIAN_POINT('Ctrl Pts',(-6.45890323089828,-54.3560814441176,-104.209306863869));
#6635=CARTESIAN_POINT('Ctrl Pts',(-6.45998532946277,-54.6017250287305,-103.790785449616));
#6636=CARTESIAN_POINT('Ctrl Pts',(-6.45218129094014,-54.8278664321943,-103.522831322802));
#6637=CARTESIAN_POINT('Ctrl Pts',(-6.44474795012676,-54.9782632728247,-103.371048405652));
#6638=CARTESIAN_POINT('Ctrl Pts',(-6.43285331238347,-55.1279319234312,-103.27297182328));
#6639=CARTESIAN_POINT('Ctrl Pts',(-6.42500849765734,-55.2125612874166,-103.227254506282));
#6640=CARTESIAN_POINT('Ctrl Pts',(-5.63581129479172,-38.1684487877499,-88.0106767881563));
#6641=CARTESIAN_POINT('Ctrl Pts',(-5.61203393877569,-38.0911059586407,-88.0803556024212));
#6642=CARTESIAN_POINT('Ctrl Pts',(-5.58275923067687,-38.0037280278158,-88.158294106625));
#6643=CARTESIAN_POINT('Ctrl Pts',(-5.51619450589869,-37.8189731307521,-88.3226628351807));
#6644=CARTESIAN_POINT('Ctrl Pts',(-5.47890448921934,-37.7215961645135,-88.4090930595325));
#6645=CARTESIAN_POINT('Ctrl Pts',(-5.35948056968802,-37.4295734647039,-88.6690798232148));
#6646=CARTESIAN_POINT('Ctrl Pts',(-5.09041725265239,-36.8459608607096,-89.1918377130872));
#6647=CARTESIAN_POINT('Ctrl Pts',(-4.66966473616329,-36.4797072465819,-89.5953630916135));
#6648=CARTESIAN_POINT('Ctrl Pts',(-3.50869350695279,-35.9564785575895,-90.1620034941763));
#6649=CARTESIAN_POINT('Ctrl Pts',(-2.02820736776552,-35.7036781501067,-90.3355866447942));
#6650=CARTESIAN_POINT('Ctrl Pts',(0.,-35.689253987252,-90.3199588319464));
#6651=CARTESIAN_POINT('Ctrl Pts',(2.02820736776552,-35.7036781501067,-90.3355866447942));
#6652=CARTESIAN_POINT('Ctrl Pts',(3.50869350695279,-35.9564785575895,-90.1620034941763));
#6653=CARTESIAN_POINT('Ctrl Pts',(4.66966473616329,-36.4797072465819,-89.5953630916135));
#6654=CARTESIAN_POINT('Ctrl Pts',(5.09041725265239,-36.8459608607096,-89.1918377130872));
#6655=CARTESIAN_POINT('Ctrl Pts',(5.35948056968802,-37.4295734647039,-88.6690798232148));
#6656=CARTESIAN_POINT('Ctrl Pts',(5.47890448921934,-37.7215961645135,-88.4090930595325));
#6657=CARTESIAN_POINT('Ctrl Pts',(5.51619450589869,-37.8189731307521,-88.3226628351807));
#6658=CARTESIAN_POINT('Ctrl Pts',(5.58275923067687,-38.0037280278158,-88.158294106625));
#6659=CARTESIAN_POINT('Ctrl Pts',(5.61203393877569,-38.0911059586407,-88.0803556024212));
#6660=CARTESIAN_POINT('Ctrl Pts',(5.63581129479172,-38.1684487877499,-88.0106767881563));
#6661=CARTESIAN_POINT('Ctrl Pts',(-5.8183458984224,-39.1587473875825,-89.3073723431527));
#6662=CARTESIAN_POINT('Ctrl Pts',(-5.78562558864257,-39.0235422010638,-89.3274903678868));
#6663=CARTESIAN_POINT('Ctrl Pts',(-5.74517660772601,-38.866177267495,-89.340696494906));
#6664=CARTESIAN_POINT('Ctrl Pts',(-5.65384258086797,-38.5306447495319,-89.3602110920429));
#6665=CARTESIAN_POINT('Ctrl Pts',(-5.60295753492648,-38.3524771651376,-89.3665195621606));
#6666=CARTESIAN_POINT('Ctrl Pts',(-5.4421802154374,-37.8220457006297,-89.3854876949542));
#6667=CARTESIAN_POINT('Ctrl Pts',(-5.08813684980081,-36.7774679263128,-89.4235948503033));
#6668=CARTESIAN_POINT('Ctrl Pts',(-4.63689757535916,-36.5289413391226,-89.9035295363997));
#6669=CARTESIAN_POINT('Ctrl Pts',(-3.42341326493292,-36.108551753875,-90.473430258822));
#6670=CARTESIAN_POINT('Ctrl Pts',(-1.99565544718644,-36.0043868622636,-90.6215202940846));
#6671=CARTESIAN_POINT('Ctrl Pts',(0.,-35.8094436820669,-90.7309840779708));
#6672=CARTESIAN_POINT('Ctrl Pts',(1.99565544718644,-36.0043868622636,-90.6215202940846));
#6673=CARTESIAN_POINT('Ctrl Pts',(3.42341326493292,-36.108551753875,-90.473430258822));
#6674=CARTESIAN_POINT('Ctrl Pts',(4.63689757535916,-36.5289413391226,-89.9035295363997));
#6675=CARTESIAN_POINT('Ctrl Pts',(5.08813684980081,-36.7774679263128,-89.4235948503033));
#6676=CARTESIAN_POINT('Ctrl Pts',(5.4421802154374,-37.8220457006297,-89.3854876949542));
#6677=CARTESIAN_POINT('Ctrl Pts',(5.60295753492648,-38.3524771651376,-89.3665195621606));
#6678=CARTESIAN_POINT('Ctrl Pts',(5.65384258086797,-38.5306447495319,-89.3602110920429));
#6679=CARTESIAN_POINT('Ctrl Pts',(5.74517660772601,-38.866177267495,-89.340696494906));
#6680=CARTESIAN_POINT('Ctrl Pts',(5.78562558864257,-39.0235422010638,-89.3274903678868));
#6681=CARTESIAN_POINT('Ctrl Pts',(5.8183458984224,-39.1587473875825,-89.3073723431527));
#6682=CARTESIAN_POINT('Ctrl Pts',(-6.29416905547219,-41.8044332265203,-92.5774050072661));
#6683=CARTESIAN_POINT('Ctrl Pts',(-6.27125132561189,-41.7197754850011,-92.6675618414689));
#6684=CARTESIAN_POINT('Ctrl Pts',(-6.24306440836874,-41.6302767457171,-92.7627536997814));
#6685=CARTESIAN_POINT('Ctrl Pts',(-6.17887729665966,-41.4485636830831,-92.955886738492));
#6686=CARTESIAN_POINT('Ctrl Pts',(-6.14287710219372,-41.356349359733,-93.0538279188901));
#6687=CARTESIAN_POINT('Ctrl Pts',(-6.02724424927603,-41.0860826307788,-93.3407943540115));
#6688=CARTESIAN_POINT('Ctrl Pts',(-5.76544946536117,-40.5710541372541,-93.8872987999631));
#6689=CARTESIAN_POINT('Ctrl Pts',(-5.33998528767875,-40.2581828244314,-94.2217538537169));
#6690=CARTESIAN_POINT('Ctrl Pts',(-3.7937465235095,-39.6145684017373,-94.8488505056588));
#6691=CARTESIAN_POINT('Ctrl Pts',(-2.11682353977345,-39.4185658243476,-95.1025153809996));
#6692=CARTESIAN_POINT('Ctrl Pts',(-2.77555756156289E-16,-39.404974031618,
-95.1121568057234));
#6693=CARTESIAN_POINT('Ctrl Pts',(2.11682353977344,-39.4185658243476,-95.1025153809996));
#6694=CARTESIAN_POINT('Ctrl Pts',(3.7937465235095,-39.6145684017373,-94.8488505056588));
#6695=CARTESIAN_POINT('Ctrl Pts',(5.33998528767875,-40.2581828244314,-94.2217538537167));
#6696=CARTESIAN_POINT('Ctrl Pts',(5.76544946536117,-40.5710541372541,-93.8872987999631));
#6697=CARTESIAN_POINT('Ctrl Pts',(6.02724424927603,-41.0860826307788,-93.3407943540115));
#6698=CARTESIAN_POINT('Ctrl Pts',(6.14287710219372,-41.356349359733,-93.0538279188901));
#6699=CARTESIAN_POINT('Ctrl Pts',(6.17887729665966,-41.4485636830831,-92.955886738492));
#6700=CARTESIAN_POINT('Ctrl Pts',(6.24306440836874,-41.6302767457171,-92.7627536997814));
#6701=CARTESIAN_POINT('Ctrl Pts',(6.27125132561189,-41.719775485001,-92.6675618414689));
#6702=CARTESIAN_POINT('Ctrl Pts',(6.29416905547219,-41.8044332265203,-92.5774050072661));
#6703=CARTESIAN_POINT('Ctrl Pts',(-7.01530030744758,-44.7234005557024,-96.457565955819));
#6704=CARTESIAN_POINT('Ctrl Pts',(-6.99069613717612,-44.6267687544185,-96.5625984509085));
#6705=CARTESIAN_POINT('Ctrl Pts',(-6.96037561883224,-44.5286811979426,-96.6682553381152));
#6706=CARTESIAN_POINT('Ctrl Pts',(-6.89115669447081,-44.334523363539,-96.8762529447723));
#6707=CARTESIAN_POINT('Ctrl Pts',(-6.85225828845327,-44.2384530856113,-96.9785936642226));
#6708=CARTESIAN_POINT('Ctrl Pts',(-6.72697845159693,-43.9606613530482,-97.2737941429533));
#6709=CARTESIAN_POINT('Ctrl Pts',(-6.44208030266941,-43.4467542928032,-97.8169083819331));
#6710=CARTESIAN_POINT('Ctrl Pts',(-5.96684618665404,-43.0943518860562,-98.211768068383));
#6711=CARTESIAN_POINT('Ctrl Pts',(-3.97406276621572,-42.363654155461,-98.9476830615315));
#6712=CARTESIAN_POINT('Ctrl Pts',(-2.09955609812288,-42.1200465803867,-99.2909597122439));
#6713=CARTESIAN_POINT('Ctrl Pts',(-5.55111512312578E-16,-42.1074484038479,
-99.2789331920422));
#6714=CARTESIAN_POINT('Ctrl Pts',(2.09955609812288,-42.1200465803867,-99.2909597122435));
#6715=CARTESIAN_POINT('Ctrl Pts',(3.97406276621571,-42.3636541554609,-98.9476830615312));
#6716=CARTESIAN_POINT('Ctrl Pts',(5.96684618665404,-43.0943518860561,-98.2117680683831));
#6717=CARTESIAN_POINT('Ctrl Pts',(6.4420803026694,-43.4467542928031,-97.8169083819328));
#6718=CARTESIAN_POINT('Ctrl Pts',(6.72697845159692,-43.9606613530482,-97.2737941429533));
#6719=CARTESIAN_POINT('Ctrl Pts',(6.85225828845327,-44.2384530856113,-96.9785936642226));
#6720=CARTESIAN_POINT('Ctrl Pts',(6.89115669447081,-44.334523363539,-96.8762529447723));
#6721=CARTESIAN_POINT('Ctrl Pts',(6.96037561883224,-44.5286811979426,-96.6682553381152));
#6722=CARTESIAN_POINT('Ctrl Pts',(6.99069613717612,-44.6267687544185,-96.5625984509084));
#6723=CARTESIAN_POINT('Ctrl Pts',(7.01530030744758,-44.7234005557024,-96.4575659558189));
#6724=CARTESIAN_POINT('Ctrl Pts',(-6.01305321477409,-46.2395968972404,-97.5996866227813));
#6725=CARTESIAN_POINT('Ctrl Pts',(-5.99176590179052,-46.1646412896769,-97.6761300984968));
#6726=CARTESIAN_POINT('Ctrl Pts',(-5.96552347351965,-46.0884657482009,-97.7528404028723));
#6727=CARTESIAN_POINT('Ctrl Pts',(-5.90623398625611,-45.9381956105411,-97.9034513534928));
#6728=CARTESIAN_POINT('Ctrl Pts',(-5.87318692726346,-45.8641010143574,-97.9773519997378));
#6729=CARTESIAN_POINT('Ctrl Pts',(-5.76849720398206,-45.6517198634209,-98.1898244781017));
#6730=CARTESIAN_POINT('Ctrl Pts',(-5.53692357220557,-45.2665681120059,-98.5778515933449));
#6731=CARTESIAN_POINT('Ctrl Pts',(-5.22633258434621,-45.0939500656498,-98.8393753176405));
#6732=CARTESIAN_POINT('Ctrl Pts',(-3.53332419928668,-44.4999270601963,-99.4280180244193));
#6733=CARTESIAN_POINT('Ctrl Pts',(-1.89992999118235,-44.2376346427658,-99.6826108161914));
#6734=CARTESIAN_POINT('Ctrl Pts',(-2.77555756156289E-16,-44.228475849408,
-99.6936952422542));
#6735=CARTESIAN_POINT('Ctrl Pts',(1.89992999118235,-44.2376346427658,-99.6826108161913));
#6736=CARTESIAN_POINT('Ctrl Pts',(3.53332419928669,-44.4999270601963,-99.4280180244193));
#6737=CARTESIAN_POINT('Ctrl Pts',(5.2263325843462,-45.0939500656498,-98.8393753176405));
#6738=CARTESIAN_POINT('Ctrl Pts',(5.53692357220557,-45.266568112006,-98.5778515933449));
#6739=CARTESIAN_POINT('Ctrl Pts',(5.76849720398206,-45.6517198634209,-98.1898244781017));
#6740=CARTESIAN_POINT('Ctrl Pts',(5.87318692726346,-45.8641010143574,-97.9773519997378));
#6741=CARTESIAN_POINT('Ctrl Pts',(5.90623398625612,-45.9381956105411,-97.9034513534928));
#6742=CARTESIAN_POINT('Ctrl Pts',(5.96552347351965,-46.0884657482009,-97.7528404028723));
#6743=CARTESIAN_POINT('Ctrl Pts',(5.99176590179053,-46.1646412896769,-97.6761300984969));
#6744=CARTESIAN_POINT('Ctrl Pts',(6.0130532147741,-46.2395968972404,-97.5996866227813));
#6745=CARTESIAN_POINT('Ctrl Pts',(-6.68700265756578,-46.7438316670517,-98.3453980657741));
#6746=CARTESIAN_POINT('Ctrl Pts',(-6.66436558250774,-46.664278665589,-98.4378291408782));
#6747=CARTESIAN_POINT('Ctrl Pts',(-6.63652396570117,-46.5834351489496,-98.532510063912));
#6748=CARTESIAN_POINT('Ctrl Pts',(-6.57220486850298,-46.42256911448,-98.7219255864473));
#6749=CARTESIAN_POINT('Ctrl Pts',(-6.53572738811138,-46.3425465966498,-98.816660185949));
#6750=CARTESIAN_POINT('Ctrl Pts',(-6.4160009814271,-46.1088135851163,-99.0942754700683));
#6751=CARTESIAN_POINT('Ctrl Pts',(-6.13537230602075,-45.6666857298785,-99.6231519807649));
#6752=CARTESIAN_POINT('Ctrl Pts',(-5.56817173154463,-45.2606185600393,-100.106081380725));
#6753=CARTESIAN_POINT('Ctrl Pts',(-3.87537508341456,-44.7107620603504,-100.884648582171));
#6754=CARTESIAN_POINT('Ctrl Pts',(-2.03380730258417,-44.4976034586123,-101.246773187496));
#6755=CARTESIAN_POINT('Ctrl Pts',(-5.55111512312578E-16,-44.5012625933904,
-101.253141103682));
#6756=CARTESIAN_POINT('Ctrl Pts',(2.03380730258417,-44.4976034586123,-101.246773187496));
#6757=CARTESIAN_POINT('Ctrl Pts',(3.87537508341455,-44.7107620603504,-100.884648582171));
#6758=CARTESIAN_POINT('Ctrl Pts',(5.56817173154463,-45.2606185600393,-100.106081380724));
#6759=CARTESIAN_POINT('Ctrl Pts',(6.13537230602076,-45.6666857298785,-99.6231519807649));
#6760=CARTESIAN_POINT('Ctrl Pts',(6.41600098142711,-46.1088135851163,-99.0942754700683));
#6761=CARTESIAN_POINT('Ctrl Pts',(6.53572738811138,-46.3425465966498,-98.8166601859489));
#6762=CARTESIAN_POINT('Ctrl Pts',(6.57220486850299,-46.42256911448,-98.7219255864473));
#6763=CARTESIAN_POINT('Ctrl Pts',(6.63652396570117,-46.5834351489496,-98.532510063912));
#6764=CARTESIAN_POINT('Ctrl Pts',(6.66436558250774,-46.664278665589,-98.4378291408782));
#6765=CARTESIAN_POINT('Ctrl Pts',(6.68700265756577,-46.7438316670517,-98.3453980657741));
#6766=CARTESIAN_POINT('Ctrl Pts',(-5.84547161470227,-47.5308614970259,-98.8605174114112));
#6767=CARTESIAN_POINT('Ctrl Pts',(-5.8242429242773,-47.4530074466643,-98.9356673653573));
#6768=CARTESIAN_POINT('Ctrl Pts',(-5.79734287382884,-47.3727400271352,-99.0129826907525));
#6769=CARTESIAN_POINT('Ctrl Pts',(-5.73598086914572,-47.2118113464668,-99.1683146711537));
#6770=CARTESIAN_POINT('Ctrl Pts',(-5.70151891491106,-47.1311500853274,-99.2463313261597));
#6771=CARTESIAN_POINT('Ctrl Pts',(-5.59246142091894,-46.8952248845811,-99.4759891656633));
#6772=CARTESIAN_POINT('Ctrl Pts',(-5.35165990778216,-46.4476088137749,-99.9177363426125));
#6773=CARTESIAN_POINT('Ctrl Pts',(-5.06374040243844,-46.0887274860069,-100.348374330009));
#6774=CARTESIAN_POINT('Ctrl Pts',(-3.46310937594873,-45.5056812213905,-101.001035031056));
#6775=CARTESIAN_POINT('Ctrl Pts',(-1.86419135715226,-45.1599138594898,-101.25424967019));
#6776=CARTESIAN_POINT('Ctrl Pts',(1.11022302462516E-15,-45.1724635765264,
-101.274652958039));
#6777=CARTESIAN_POINT('Ctrl Pts',(1.86419135715225,-45.1599138594898,-101.25424967019));
#6778=CARTESIAN_POINT('Ctrl Pts',(3.46310937594873,-45.5056812213905,-101.001035031056));
#6779=CARTESIAN_POINT('Ctrl Pts',(5.06374040243845,-46.0887274860069,-100.348374330009));
#6780=CARTESIAN_POINT('Ctrl Pts',(5.35165990778215,-46.4476088137749,-99.9177363426125));
#6781=CARTESIAN_POINT('Ctrl Pts',(5.59246142091893,-46.8952248845811,-99.4759891656632));
#6782=CARTESIAN_POINT('Ctrl Pts',(5.70151891491106,-47.1311500853274,-99.2463313261597));
#6783=CARTESIAN_POINT('Ctrl Pts',(5.73598086914572,-47.2118113464667,-99.1683146711537));
#6784=CARTESIAN_POINT('Ctrl Pts',(5.79734287382885,-47.3727400271351,-99.0129826907525));
#6785=CARTESIAN_POINT('Ctrl Pts',(5.82424292427731,-47.4530074466642,-98.9356673653573));
#6786=CARTESIAN_POINT('Ctrl Pts',(5.84547161470228,-47.5308614970259,-98.8605174114112));
#6787=CARTESIAN_POINT('Ctrl Pts',(-6.51772523027901,-48.6863194466163,-100.070054580415));
#6788=CARTESIAN_POINT('Ctrl Pts',(-6.49452677047473,-48.6002887067607,-100.152052635053));
#6789=CARTESIAN_POINT('Ctrl Pts',(-6.46611853287578,-48.5120399617334,-100.234446928242));
#6790=CARTESIAN_POINT('Ctrl Pts',(-6.40047107334277,-48.3348366096903,-100.397619740516));
#6791=CARTESIAN_POINT('Ctrl Pts',(-6.36323185140871,-48.2458820026745,-100.4783982596));
#6792=CARTESIAN_POINT('Ctrl Pts',(-6.24065056598516,-47.9835546111763,-100.714697778889));
#6793=CARTESIAN_POINT('Ctrl Pts',(-5.95203351665266,-47.4770455463769,-101.163152665605));
#6794=CARTESIAN_POINT('Ctrl Pts',(-5.34904698392424,-46.9474012639788,-101.645361645109));
#6795=CARTESIAN_POINT('Ctrl Pts',(-3.77033332833132,-46.1142831149843,-102.08763378671));
#6796=CARTESIAN_POINT('Ctrl Pts',(-2.0023636954244,-46.0673555702777,-102.701124624263));
#6797=CARTESIAN_POINT('Ctrl Pts',(-5.55111512312578E-16,-45.9660831525624,
-102.598795126286));
#6798=CARTESIAN_POINT('Ctrl Pts',(2.0023636954244,-46.0673555702776,-102.701124624263));
#6799=CARTESIAN_POINT('Ctrl Pts',(3.77033332833132,-46.1142831149843,-102.08763378671));
#6800=CARTESIAN_POINT('Ctrl Pts',(5.34904698392424,-46.9474012639788,-101.645361645109));
#6801=CARTESIAN_POINT('Ctrl Pts',(5.95203351665266,-47.4770455463768,-101.163152665605));
#6802=CARTESIAN_POINT('Ctrl Pts',(6.24065056598516,-47.9835546111763,-100.714697778889));
#6803=CARTESIAN_POINT('Ctrl Pts',(6.36323185140871,-48.2458820026745,-100.4783982596));
#6804=CARTESIAN_POINT('Ctrl Pts',(6.40047107334277,-48.3348366096903,-100.397619740515));
#6805=CARTESIAN_POINT('Ctrl Pts',(6.46611853287578,-48.5120399617334,-100.234446928242));
#6806=CARTESIAN_POINT('Ctrl Pts',(6.49452677047473,-48.6002887067607,-100.152052635053));
#6807=CARTESIAN_POINT('Ctrl Pts',(6.51772523027901,-48.6863194466163,-100.070054580415));
#6808=CARTESIAN_POINT('Ctrl Pts',(-6.45549200103636,-49.1363848777918,-100.256811702686));
#6809=CARTESIAN_POINT('Ctrl Pts',(-6.43332975126814,-49.0587738029381,-100.33518022364));
#6810=CARTESIAN_POINT('Ctrl Pts',(-6.40560482245707,-48.9806823397507,-100.414126844874));
#6811=CARTESIAN_POINT('Ctrl Pts',(-6.34191596029822,-48.8256967604031,-100.57048238475));
#6812=CARTESIAN_POINT('Ctrl Pts',(-6.30595202695044,-48.7488026442428,-100.64789130339));
#6813=CARTESIAN_POINT('Ctrl Pts',(-6.19003125042545,-48.5231535018445,-100.873770650688));
#6814=CARTESIAN_POINT('Ctrl Pts',(-5.92607379144892,-48.0919880413777,-101.30013971079));
#6815=CARTESIAN_POINT('Ctrl Pts',(-5.49874637645943,-47.6035304839175,-101.722172449199));
#6816=CARTESIAN_POINT('Ctrl Pts',(-3.60940088128727,-46.9149072871436,-102.487948563655));
#6817=CARTESIAN_POINT('Ctrl Pts',(-1.79229285406616,-46.6270140357861,-103.246859974176));
#6818=CARTESIAN_POINT('Ctrl Pts',(2.77555756156289E-16,-46.5493494451025,
-103.156278609319));
#6819=CARTESIAN_POINT('Ctrl Pts',(1.79229285406615,-46.6270140357861,-103.246859974175));
#6820=CARTESIAN_POINT('Ctrl Pts',(3.60940088128727,-46.9149072871435,-102.487948563655));
#6821=CARTESIAN_POINT('Ctrl Pts',(5.49874637645942,-47.6035304839174,-101.722172449199));
#6822=CARTESIAN_POINT('Ctrl Pts',(5.92607379144892,-48.0919880413777,-101.30013971079));
#6823=CARTESIAN_POINT('Ctrl Pts',(6.19003125042545,-48.5231535018446,-100.873770650688));
#6824=CARTESIAN_POINT('Ctrl Pts',(6.30595202695044,-48.7488026442429,-100.64789130339));
#6825=CARTESIAN_POINT('Ctrl Pts',(6.34191596029823,-48.8256967604031,-100.57048238475));
#6826=CARTESIAN_POINT('Ctrl Pts',(6.40560482245707,-48.9806823397507,-100.414126844874));
#6827=CARTESIAN_POINT('Ctrl Pts',(6.43332975126814,-49.0587738029381,-100.33518022364));
#6828=CARTESIAN_POINT('Ctrl Pts',(6.45549200103636,-49.1363848777918,-100.256811702686));
#6829=CARTESIAN_POINT('Ctrl Pts',(-6.49475788020865,-51.4958864013122,-102.689787566304));
#6830=CARTESIAN_POINT('Ctrl Pts',(-6.47899844114557,-51.4297094213075,-102.796419503189));
#6831=CARTESIAN_POINT('Ctrl Pts',(-6.45978005348173,-51.3687786912516,-102.913372011765));
#6832=CARTESIAN_POINT('Ctrl Pts',(-6.41388312318151,-51.256338721899,-103.161023792496));
#6833=CARTESIAN_POINT('Ctrl Pts',(-6.38720458054513,-51.2048294826023,-103.29172306465));
#6834=CARTESIAN_POINT('Ctrl Pts',(-6.29516533352061,-51.062827487143,-103.694099456768));
#6835=CARTESIAN_POINT('Ctrl Pts',(-6.06307236301009,-50.8289263859477,-104.539966543631));
#6836=CARTESIAN_POINT('Ctrl Pts',(-5.40364289692292,-50.6253451175883,-105.741653746513));
#6837=CARTESIAN_POINT('Ctrl Pts',(-3.7736331117902,-50.2741695440958,-107.028966341014));
#6838=CARTESIAN_POINT('Ctrl Pts',(-2.19275519691379,-50.2484246028073,-107.50901803954));
#6839=CARTESIAN_POINT('Ctrl Pts',(-2.77555756156289E-16,-50.382054326531,
-107.637983311296));
#6840=CARTESIAN_POINT('Ctrl Pts',(2.19275519691379,-50.2484246028072,-107.50901803954));
#6841=CARTESIAN_POINT('Ctrl Pts',(3.77363311179019,-50.2741695440957,-107.028966341014));
#6842=CARTESIAN_POINT('Ctrl Pts',(5.40364289692292,-50.6253451175883,-105.741653746513));
#6843=CARTESIAN_POINT('Ctrl Pts',(6.06307236301009,-50.8289263859477,-104.539966543631));
#6844=CARTESIAN_POINT('Ctrl Pts',(6.29516533352061,-51.062827487143,-103.694099456768));
#6845=CARTESIAN_POINT('Ctrl Pts',(6.38720458054513,-51.2048294826023,-103.29172306465));
#6846=CARTESIAN_POINT('Ctrl Pts',(6.41388312318151,-51.256338721899,-103.161023792496));
#6847=CARTESIAN_POINT('Ctrl Pts',(6.45978005348173,-51.3687786912516,-102.913372011765));
#6848=CARTESIAN_POINT('Ctrl Pts',(6.47899844114557,-51.4297094213075,-102.796419503189));
#6849=CARTESIAN_POINT('Ctrl Pts',(6.49475788020865,-51.4958864013122,-102.689787566304));
#6850=CARTESIAN_POINT('Ctrl Pts',(-6.48881214665358,-52.141364818998,-102.967391628705));
#6851=CARTESIAN_POINT('Ctrl Pts',(-6.46803795173307,-52.0951392261557,-103.10451035838));
#6852=CARTESIAN_POINT('Ctrl Pts',(-6.44119914769579,-52.0622301423234,-103.258592682008));
#6853=CARTESIAN_POINT('Ctrl Pts',(-6.37972087073976,-52.0216506629937,-103.588809205383));
#6854=CARTESIAN_POINT('Ctrl Pts',(-6.34508139782102,-52.0139802674964,-103.764943405131));
#6855=CARTESIAN_POINT('Ctrl Pts',(-6.23595479977067,-52.0267356189795,-104.308610850874));
#6856=CARTESIAN_POINT('Ctrl Pts',(-5.99686888649354,-52.1953124738463,-105.457005128363));
#6857=CARTESIAN_POINT('Ctrl Pts',(-5.75394173960639,-53.107944877031,-106.963773813682));
#6858=CARTESIAN_POINT('Ctrl Pts',(-3.81047963933578,-53.7069163000284,-108.145061782643));
#6859=CARTESIAN_POINT('Ctrl Pts',(-1.90712472498377,-53.9892312639832,-108.932739060484));
#6860=CARTESIAN_POINT('Ctrl Pts',(2.77555756156289E-16,-53.9179164081089,
-108.836777677798));
#6861=CARTESIAN_POINT('Ctrl Pts',(1.90712472498377,-53.9892312639831,-108.932739060484));
#6862=CARTESIAN_POINT('Ctrl Pts',(3.81047963933578,-53.7069163000283,-108.145061782643));
#6863=CARTESIAN_POINT('Ctrl Pts',(5.75394173960638,-53.1079448770309,-106.963773813682));
#6864=CARTESIAN_POINT('Ctrl Pts',(5.99686888649353,-52.1953124738463,-105.457005128363));
#6865=CARTESIAN_POINT('Ctrl Pts',(6.23595479977067,-52.0267356189795,-104.308610850874));
#6866=CARTESIAN_POINT('Ctrl Pts',(6.34508139782101,-52.0139802674964,-103.764943405131));
#6867=CARTESIAN_POINT('Ctrl Pts',(6.37972087073976,-52.0216506629937,-103.588809205383));
#6868=CARTESIAN_POINT('Ctrl Pts',(6.44119914769578,-52.0622301423234,-103.258592682008));
#6869=CARTESIAN_POINT('Ctrl Pts',(6.46803795173307,-52.0951392261557,-103.10451035838));
#6870=CARTESIAN_POINT('Ctrl Pts',(6.48881214665358,-52.141364818998,-102.967391628705));
#6871=CARTESIAN_POINT('Ctrl Pts',(-6.47645653274548,-52.933379008795,-104.038569627707));
#6872=CARTESIAN_POINT('Ctrl Pts',(-6.45938983639819,-52.9295189876641,-104.195580805474));
#6873=CARTESIAN_POINT('Ctrl Pts',(-6.43877778964762,-52.9478185972775,-104.377043494889));
#6874=CARTESIAN_POINT('Ctrl Pts',(-6.39150244560434,-53.0206927086507,-104.774369606805));
#6875=CARTESIAN_POINT('Ctrl Pts',(-6.36483914831163,-53.0752672104105,-104.990233029307));
#6876=CARTESIAN_POINT('Ctrl Pts',(-6.27733155601706,-53.2813364998979,-105.667670961129));
#6877=CARTESIAN_POINT('Ctrl Pts',(-6.07224556976204,-53.8628582157018,-107.14193748204));
#6878=CARTESIAN_POINT('Ctrl Pts',(-5.64244860020986,-55.1963145990214,-109.325864224022));
#6879=CARTESIAN_POINT('Ctrl Pts',(-4.39759357600906,-56.8257320422974,-111.558310532194));
#6880=CARTESIAN_POINT('Ctrl Pts',(-2.00833766011415,-57.2261809169696,-112.585337220479));
#6881=CARTESIAN_POINT('Ctrl Pts',(0.,-57.1681246624541,-112.577174053166));
#6882=CARTESIAN_POINT('Ctrl Pts',(2.00833766011415,-57.2261809169696,-112.585337220479));
#6883=CARTESIAN_POINT('Ctrl Pts',(4.39759357600906,-56.8257320422974,-111.558310532194));
#6884=CARTESIAN_POINT('Ctrl Pts',(5.64244860020986,-55.1963145990214,-109.325864224022));
#6885=CARTESIAN_POINT('Ctrl Pts',(6.07224556976202,-53.8628582157018,-107.141937482041));
#6886=CARTESIAN_POINT('Ctrl Pts',(6.27733155601705,-53.2813364998978,-105.667670961129));
#6887=CARTESIAN_POINT('Ctrl Pts',(6.36483914831163,-53.0752672104106,-104.990233029307));
#6888=CARTESIAN_POINT('Ctrl Pts',(6.39150244560434,-53.0206927086507,-104.774369606805));
#6889=CARTESIAN_POINT('Ctrl Pts',(6.43877778964762,-52.9478185972775,-104.377043494889));
#6890=CARTESIAN_POINT('Ctrl Pts',(6.45938983639819,-52.9295189876641,-104.195580805474));
#6891=CARTESIAN_POINT('Ctrl Pts',(6.47645653274547,-52.933379008795,-104.038569627707));
#6892=CARTESIAN_POINT('Ctrl Pts',(-6.5165183780639,-53.4596886155758,-104.38101604342));
#6893=CARTESIAN_POINT('Ctrl Pts',(-6.49629219952857,-53.4760937230677,-104.552132326385));
#6894=CARTESIAN_POINT('Ctrl Pts',(-6.46934078993506,-53.5071836212998,-104.757139322152));
#6895=CARTESIAN_POINT('Ctrl Pts',(-6.40532592419432,-53.597341506762,-105.214556294001));
#6896=CARTESIAN_POINT('Ctrl Pts',(-6.36826246804709,-53.6564094939922,-105.466966270082));
#6897=CARTESIAN_POINT('Ctrl Pts',(-6.24691165311872,-53.8734933504567,-106.264733000865));
#6898=CARTESIAN_POINT('Ctrl Pts',(-5.96356823731539,-54.4671806424816,-108.022413672585));
#6899=CARTESIAN_POINT('Ctrl Pts',(-5.48842521500121,-56.1707678090723,-110.539910792214));
#6900=CARTESIAN_POINT('Ctrl Pts',(-3.91442811475233,-57.9781082941106,-113.036170530628));
#6901=CARTESIAN_POINT('Ctrl Pts',(-1.92282193124252,-58.371719305213,-114.022531703443));
#6902=CARTESIAN_POINT('Ctrl Pts',(0.,-58.4612886166476,-114.027595777151));
#6903=CARTESIAN_POINT('Ctrl Pts',(1.92282193124252,-58.371719305213,-114.022531703443));
#6904=CARTESIAN_POINT('Ctrl Pts',(3.91442811475234,-57.9781082941106,-113.036170530628));
#6905=CARTESIAN_POINT('Ctrl Pts',(5.48842521500121,-56.1707678090723,-110.539910792214));
#6906=CARTESIAN_POINT('Ctrl Pts',(5.9635682373154,-54.4671806424816,-108.022413672585));
#6907=CARTESIAN_POINT('Ctrl Pts',(6.24691165311872,-53.8734933504567,-106.264733000865));
#6908=CARTESIAN_POINT('Ctrl Pts',(6.36826246804709,-53.6564094939922,-105.466966270082));
#6909=CARTESIAN_POINT('Ctrl Pts',(6.40532592419432,-53.597341506762,-105.214556294001));
#6910=CARTESIAN_POINT('Ctrl Pts',(6.46934078993507,-53.5071836212997,-104.757139322152));
#6911=CARTESIAN_POINT('Ctrl Pts',(6.49629219952857,-53.4760937230677,-104.552132326385));
#6912=CARTESIAN_POINT('Ctrl Pts',(6.5165183780639,-53.4596886155758,-104.38101604342));
#6913=CARTESIAN_POINT('Ctrl Pts',(-6.51356522791866,-53.7010800586501,-104.586839043516));
#6914=CARTESIAN_POINT('Ctrl Pts',(-6.49325986971135,-53.7234223210441,-104.752346518402));
#6915=CARTESIAN_POINT('Ctrl Pts',(-6.46648258837421,-53.7611848892853,-104.951254802855));
#6916=CARTESIAN_POINT('Ctrl Pts',(-6.39983350236697,-53.865113533249,-105.408203595483));
#6917=CARTESIAN_POINT('Ctrl Pts',(-6.36052309059296,-53.930501605437,-105.663328882835));
#6918=CARTESIAN_POINT('Ctrl Pts',(-6.22935983185664,-54.1635527247156,-106.482794530027));
#6919=CARTESIAN_POINT('Ctrl Pts',(-5.90957153484305,-54.7810519935748,-108.351494963459));
#6920=CARTESIAN_POINT('Ctrl Pts',(-5.41092571802373,-56.6508044846835,-111.007491657243));
#6921=CARTESIAN_POINT('Ctrl Pts',(-3.66110158926373,-58.5103727584491,-113.598665679918));
#6922=CARTESIAN_POINT('Ctrl Pts',(-1.87788043949269,-58.905851565307,-114.555245224541));
#6923=CARTESIAN_POINT('Ctrl Pts',(0.,-59.0569849720534,-114.566062701938));
#6924=CARTESIAN_POINT('Ctrl Pts',(1.87788043949269,-58.905851565307,-114.555245224541));
#6925=CARTESIAN_POINT('Ctrl Pts',(3.66110158926373,-58.510372758449,-113.598665679918));
#6926=CARTESIAN_POINT('Ctrl Pts',(5.41092571802373,-56.6508044846835,-111.007491657243));
#6927=CARTESIAN_POINT('Ctrl Pts',(5.90957153484306,-54.7810519935748,-108.351494963459));
#6928=CARTESIAN_POINT('Ctrl Pts',(6.22935983185664,-54.1635527247156,-106.482794530027));
#6929=CARTESIAN_POINT('Ctrl Pts',(6.36052309059296,-53.930501605437,-105.663328882835));
#6930=CARTESIAN_POINT('Ctrl Pts',(6.39983350236698,-53.865113533249,-105.408203595483));
#6931=CARTESIAN_POINT('Ctrl Pts',(6.46648258837421,-53.7611848892853,-104.951254802855));
#6932=CARTESIAN_POINT('Ctrl Pts',(6.49325986971135,-53.7234223210441,-104.752346518402));
#6933=CARTESIAN_POINT('Ctrl Pts',(6.51356522791866,-53.7010800586501,-104.586839043517));
#6934=CARTESIAN_POINT('Ctrl Pts',(-6.50980247942629,-53.7741639061256,-104.655211102824));
#6935=CARTESIAN_POINT('Ctrl Pts',(-6.48966613359968,-53.8022561971609,-104.820550285274));
#6936=CARTESIAN_POINT('Ctrl Pts',(-6.46250657090316,-53.8415717712763,-105.016637890935));
#6937=CARTESIAN_POINT('Ctrl Pts',(-6.39593533490413,-53.9509454799833,-105.468345022292));
#6938=CARTESIAN_POINT('Ctrl Pts',(-6.35674593237826,-54.018798352574,-105.720664919272));
#6939=CARTESIAN_POINT('Ctrl Pts',(-6.22311891313379,-54.2592360076317,-106.54207012463));
#6940=CARTESIAN_POINT('Ctrl Pts',(-5.89162962797744,-54.8876274668898,-108.442662593018));
#6941=CARTESIAN_POINT('Ctrl Pts',(-5.38501125163571,-56.8096183883182,-111.140111542409));
#6942=CARTESIAN_POINT('Ctrl Pts',(-3.57470211495749,-58.6804736363005,-113.756758254693));
#6943=CARTESIAN_POINT('Ctrl Pts',(-1.86253600435708,-59.0774561630004,-114.701835778177));
#6944=CARTESIAN_POINT('Ctrl Pts',(1.38777878078145E-16,-59.2470694869069,
-114.714427687334));
#6945=CARTESIAN_POINT('Ctrl Pts',(1.86253600435708,-59.0774561630004,-114.701835778177));
#6946=CARTESIAN_POINT('Ctrl Pts',(3.57470211495749,-58.6804736363005,-113.756758254693));
#6947=CARTESIAN_POINT('Ctrl Pts',(5.38501125163571,-56.8096183883182,-111.140111542409));
#6948=CARTESIAN_POINT('Ctrl Pts',(5.89162962797744,-54.8876274668898,-108.442662593017));
#6949=CARTESIAN_POINT('Ctrl Pts',(6.22311891313379,-54.2592360076317,-106.54207012463));
#6950=CARTESIAN_POINT('Ctrl Pts',(6.35674593237826,-54.018798352574,-105.720664919272));
#6951=CARTESIAN_POINT('Ctrl Pts',(6.39593533490413,-53.9509454799833,-105.468345022292));
#6952=CARTESIAN_POINT('Ctrl Pts',(6.46250657090316,-53.8415717712763,-105.016637890935));
#6953=CARTESIAN_POINT('Ctrl Pts',(6.48966613359968,-53.8022561971609,-104.820550285274));
#6954=CARTESIAN_POINT('Ctrl Pts',(6.50980247942628,-53.7741639061256,-104.655211102824));
#6955=CARTESIAN_POINT('Ctrl Pts',(-6.4967202522203,-53.9055716673116,-104.791484006654));
#6956=CARTESIAN_POINT('Ctrl Pts',(-6.47662833822158,-53.94611977772,-104.951758423405));
#6957=CARTESIAN_POINT('Ctrl Pts',(-6.45127879394775,-53.9927430387213,-105.133907970492));
#6958=CARTESIAN_POINT('Ctrl Pts',(-6.38676987468674,-54.1157289048743,-105.563677106183));
#6959=CARTESIAN_POINT('Ctrl Pts',(-6.3476695478941,-54.1908604172104,-105.809791604775));
#6960=CARTESIAN_POINT('Ctrl Pts',(-6.21100075068846,-54.4520542612314,-106.626452513661));
#6961=CARTESIAN_POINT('Ctrl Pts',(-5.86019188896636,-55.117639177325,-108.573043983871));
#6962=CARTESIAN_POINT('Ctrl Pts',(-5.33535862505005,-57.1313892481899,-111.341274760929));
#6963=CARTESIAN_POINT('Ctrl Pts',(-3.41923776400547,-59.0186833721512,-114.000561791816));
#6964=CARTESIAN_POINT('Ctrl Pts',(-1.83481763959412,-59.4234755414719,-114.923029592285));
#6965=CARTESIAN_POINT('Ctrl Pts',(0.,-59.620044622391,-114.939836136778));
#6966=CARTESIAN_POINT('Ctrl Pts',(1.83481763959412,-59.4234755414719,-114.923029592285));
#6967=CARTESIAN_POINT('Ctrl Pts',(3.41923776400547,-59.0186833721512,-114.000561791816));
#6968=CARTESIAN_POINT('Ctrl Pts',(5.33535862505006,-57.1313892481899,-111.341274760929));
#6969=CARTESIAN_POINT('Ctrl Pts',(5.86019188896637,-55.117639177325,-108.573043983871));
#6970=CARTESIAN_POINT('Ctrl Pts',(6.21100075068846,-54.4520542612314,-106.626452513661));
#6971=CARTESIAN_POINT('Ctrl Pts',(6.3476695478941,-54.1908604172104,-105.809791604775));
#6972=CARTESIAN_POINT('Ctrl Pts',(6.38676987468674,-54.1157289048743,-105.563677106183));
#6973=CARTESIAN_POINT('Ctrl Pts',(6.45127879394774,-53.9927430387213,-105.133907970492));
#6974=CARTESIAN_POINT('Ctrl Pts',(6.47662833822158,-53.94611977772,-104.951758423405));
#6975=CARTESIAN_POINT('Ctrl Pts',(6.4967202522203,-53.9055716673116,-104.791484006654));
#6976=CARTESIAN_POINT('Ctrl Pts',(-6.48740077350669,-53.963895581022,-104.859384851178));
#6977=CARTESIAN_POINT('Ctrl Pts',(-6.46581334194322,-54.0107159616521,-105.025273596249));
#6978=CARTESIAN_POINT('Ctrl Pts',(-6.44453852076434,-54.0617949616019,-105.183374915722));
#6979=CARTESIAN_POINT('Ctrl Pts',(-6.38238946012777,-54.1921068375611,-105.594318027453));
#6980=CARTESIAN_POINT('Ctrl Pts',(-6.34250737589572,-54.2735815585981,-105.839337334738));
#6981=CARTESIAN_POINT('Ctrl Pts',(-6.20512350696599,-54.5491892319149,-106.651559308089));
#6982=CARTESIAN_POINT('Ctrl Pts',(-5.8466960568209,-55.2410754144453,-108.612257745166));
#6983=CARTESIAN_POINT('Ctrl Pts',(-5.31162046485242,-57.294346204427,-111.409818094285));
#6984=CARTESIAN_POINT('Ctrl Pts',(-3.35017288735968,-59.1867922301504,-114.086272754164));
#6985=CARTESIAN_POINT('Ctrl Pts',(-1.82244370996677,-59.59789032225,-114.997632852757));
#6986=CARTESIAN_POINT('Ctrl Pts',(0.,-59.8029352430216,-115.016879600827));
#6987=CARTESIAN_POINT('Ctrl Pts',(1.82244370996677,-59.5978903222501,-114.997632852757));
#6988=CARTESIAN_POINT('Ctrl Pts',(3.35017288735968,-59.1867922301504,-114.086272754164));
#6989=CARTESIAN_POINT('Ctrl Pts',(5.31162046485242,-57.294346204427,-111.409818094284));
#6990=CARTESIAN_POINT('Ctrl Pts',(5.8466960568209,-55.2410754144454,-108.612257745166));
#6991=CARTESIAN_POINT('Ctrl Pts',(6.20512350696599,-54.5491892319149,-106.651559308089));
#6992=CARTESIAN_POINT('Ctrl Pts',(6.34250737589571,-54.2735815585981,-105.839337334738));
#6993=CARTESIAN_POINT('Ctrl Pts',(6.38238946012777,-54.1921068375611,-105.594318027453));
#6994=CARTESIAN_POINT('Ctrl Pts',(6.44453852076434,-54.0617949616019,-105.183374915722));
#6995=CARTESIAN_POINT('Ctrl Pts',(6.46581334194322,-54.0107159616521,-105.025273596249));
#6996=CARTESIAN_POINT('Ctrl Pts',(6.48740077350669,-53.963895581022,-104.859384851178));
#6997=CARTESIAN_POINT('Ctrl Pts',(-6.4758404960286,-54.0302215875845,-104.937227392518));
#6998=CARTESIAN_POINT('Ctrl Pts',(-6.4558396774204,-54.082275915482,-105.086753032114));
#6999=CARTESIAN_POINT('Ctrl Pts',(-6.43517613603382,-54.1341516388079,-105.235074516385));
#7000=CARTESIAN_POINT('Ctrl Pts',(-6.37674218590143,-54.2691912526554,-105.613395248329));
#7001=CARTESIAN_POINT('Ctrl Pts',(-6.33897177715563,-54.3523551431771,-105.843394496003));
#7002=CARTESIAN_POINT('Ctrl Pts',(-6.20000024987938,-54.6487790655357,-106.655908884126));
#7003=CARTESIAN_POINT('Ctrl Pts',(-5.83758930543709,-55.3794207257538,-108.618043772263));
#7004=CARTESIAN_POINT('Ctrl Pts',(-5.29013991157403,-57.4626445348355,-111.437525279007));
#7005=CARTESIAN_POINT('Ctrl Pts',(-3.30039990751772,-59.3602296785588,-114.129007912405));
#7006=CARTESIAN_POINT('Ctrl Pts',(-1.81340422373336,-59.7815547751175,-115.03122944013));
#7007=CARTESIAN_POINT('Ctrl Pts',(0.,-59.9871129063778,-115.053725533064));
#7008=CARTESIAN_POINT('Ctrl Pts',(1.81340422373336,-59.7815547751175,-115.03122944013));
#7009=CARTESIAN_POINT('Ctrl Pts',(3.30039990751773,-59.3602296785588,-114.129007912405));
#7010=CARTESIAN_POINT('Ctrl Pts',(5.29013991157403,-57.4626445348355,-111.437525279007));
#7011=CARTESIAN_POINT('Ctrl Pts',(5.83758930543709,-55.3794207257539,-108.618043772263));
#7012=CARTESIAN_POINT('Ctrl Pts',(6.20000024987938,-54.6487790655357,-106.655908884126));
#7013=CARTESIAN_POINT('Ctrl Pts',(6.33897177715563,-54.3523551431771,-105.843394496003));
#7014=CARTESIAN_POINT('Ctrl Pts',(6.37674218590143,-54.2691912526554,-105.613395248329));
#7015=CARTESIAN_POINT('Ctrl Pts',(6.43517613603382,-54.1341516388079,-105.235074516385));
#7016=CARTESIAN_POINT('Ctrl Pts',(6.4558396774204,-54.082275915482,-105.086753032114));
#7017=CARTESIAN_POINT('Ctrl Pts',(6.4758404960286,-54.0302215875845,-104.937227392518));
#7018=CARTESIAN_POINT('Ctrl Pts',(-6.4758404960286,-54.0302215875845,-104.937227392518));
#7019=CARTESIAN_POINT('Ctrl Pts',(-6.4558396774204,-54.082275915482,-105.086753032114));
#7020=CARTESIAN_POINT('Ctrl Pts',(-6.41451259464724,-54.1860273621338,-105.383396000656));
#7021=CARTESIAN_POINT('Ctrl Pts',(-6.33897177715563,-54.3523551431771,-105.843394496003));
#7022=CARTESIAN_POINT('Ctrl Pts',(-6.20000024987938,-54.6487790655357,-106.655908884126));
#7023=CARTESIAN_POINT('Ctrl Pts',(-5.83758930543709,-55.3794207257538,-108.618043772263));
#7024=CARTESIAN_POINT('Ctrl Pts',(-5.29013991157403,-57.4626445348355,-111.437525279007));
#7025=CARTESIAN_POINT('Ctrl Pts',(-3.30039990751772,-59.3602296785588,-114.129007912405));
#7026=CARTESIAN_POINT('Ctrl Pts',(-1.81340422373336,-59.7815547751175,-115.03122944013));
#7027=CARTESIAN_POINT('Ctrl Pts',(-0.604468074577787,-59.9185935292911,
-115.04622683542));
#7028=CARTESIAN_POINT('Ctrl Pts',(1.38777878078145E-16,-59.9185935292911,
-115.04622683542));
#7029=CARTESIAN_POINT('Ctrl Pts',(-6.4758404960286,-54.0302215875845,-104.937227392518));
#7030=CARTESIAN_POINT('Ctrl Pts',(-6.4558396774204,-54.082275915482,-105.086753032114));
#7031=CARTESIAN_POINT('Ctrl Pts',(-6.43517613603382,-54.1341516388079,-105.235074516385));
#7032=CARTESIAN_POINT('Ctrl Pts',(-6.37674218590143,-54.2691912526554,-105.613395248329));
#7033=CARTESIAN_POINT('Ctrl Pts',(-6.33897177715563,-54.3523551431771,-105.843394496003));
#7034=CARTESIAN_POINT('Ctrl Pts',(-6.20000024987938,-54.6487790655357,-106.655908884126));
#7035=CARTESIAN_POINT('Ctrl Pts',(-5.83758930543709,-55.3794207257538,-108.618043772263));
#7036=CARTESIAN_POINT('Ctrl Pts',(-5.29013991157403,-57.4626445348355,-111.437525279007));
#7037=CARTESIAN_POINT('Ctrl Pts',(-3.30039990751772,-59.3602296785588,-114.129007912405));
#7038=CARTESIAN_POINT('Ctrl Pts',(-1.81340422373336,-59.7815547751175,-115.03122944013));
#7039=CARTESIAN_POINT('Ctrl Pts',(0.,-59.9871129063778,-115.053725533064));
#7040=CARTESIAN_POINT('Ctrl Pts',(1.81340422373336,-59.7815547751175,-115.03122944013));
#7041=CARTESIAN_POINT('Ctrl Pts',(3.30039990751773,-59.3602296785588,-114.129007912405));
#7042=CARTESIAN_POINT('Ctrl Pts',(5.29013991157403,-57.4626445348355,-111.437525279007));
#7043=CARTESIAN_POINT('Ctrl Pts',(5.83758930543709,-55.3794207257539,-108.618043772263));
#7044=CARTESIAN_POINT('Ctrl Pts',(6.20000024987938,-54.6487790655357,-106.655908884126));
#7045=CARTESIAN_POINT('Ctrl Pts',(6.33897177715563,-54.3523551431771,-105.843394496003));
#7046=CARTESIAN_POINT('Ctrl Pts',(6.37674218590143,-54.2691912526554,-105.613395248329));
#7047=CARTESIAN_POINT('Ctrl Pts',(6.43517613603382,-54.1341516388079,-105.235074516385));
#7048=CARTESIAN_POINT('Ctrl Pts',(6.4558396774204,-54.082275915482,-105.086753032114));
#7049=CARTESIAN_POINT('Ctrl Pts',(6.4758404960286,-54.0302215875845,-104.937227392518));
#7050=CARTESIAN_POINT('Ctrl Pts',(-6.48428103715871,-54.0444932662495,-104.865544294262));
#7051=CARTESIAN_POINT('Ctrl Pts',(-6.46186402033398,-54.1134682395506,-105.03273751851));
#7052=CARTESIAN_POINT('Ctrl Pts',(-6.44014464107792,-54.1724737751891,-105.190760331886));
#7053=CARTESIAN_POINT('Ctrl Pts',(-6.37624200527792,-54.3352970039587,-105.602379343719));
#7054=CARTESIAN_POINT('Ctrl Pts',(-6.33543617841554,-54.4311287277561,-105.847451657267));
#7055=CARTESIAN_POINT('Ctrl Pts',(-6.19487699279277,-54.7483688991566,-106.660258460164));
#7056=CARTESIAN_POINT('Ctrl Pts',(-5.82848255405329,-55.5177660370622,-108.62382979936));
#7057=CARTESIAN_POINT('Ctrl Pts',(-5.26865935829564,-57.630942865244,-111.465232463729));
#7058=CARTESIAN_POINT('Ctrl Pts',(-3.25062692767577,-59.5336671269673,-114.171743070646));
#7059=CARTESIAN_POINT('Ctrl Pts',(-1.80436473749995,-59.965219227985,-115.064826027503));
#7060=CARTESIAN_POINT('Ctrl Pts',(6.93889390390723E-17,-60.1712905697341,
-115.090571465302));
#7061=CARTESIAN_POINT('Ctrl Pts',(1.80436473749995,-59.965219227985,-115.064826027503));
#7062=CARTESIAN_POINT('Ctrl Pts',(3.25062692767577,-59.5336671269673,-114.171743070646));
#7063=CARTESIAN_POINT('Ctrl Pts',(5.26865935829564,-57.630942865244,-111.465232463729));
#7064=CARTESIAN_POINT('Ctrl Pts',(5.82848255405329,-55.5177660370622,-108.62382979936));
#7065=CARTESIAN_POINT('Ctrl Pts',(6.19487699279277,-54.7483688991566,-106.660258460164));
#7066=CARTESIAN_POINT('Ctrl Pts',(6.33543617841554,-54.4311287277561,-105.847451657267));
#7067=CARTESIAN_POINT('Ctrl Pts',(6.37624200527792,-54.3352970039587,-105.602379343719));
#7068=CARTESIAN_POINT('Ctrl Pts',(6.44014464107793,-54.1724737751892,-105.190760331886));
#7069=CARTESIAN_POINT('Ctrl Pts',(6.46186402033398,-54.1134682395505,-105.03273751851));
#7070=CARTESIAN_POINT('Ctrl Pts',(6.48428103715872,-54.0444932662495,-104.865544294262));
#7071=CARTESIAN_POINT('Ctrl Pts',(-6.49068524530027,-54.0604010438359,-104.803899321753));
#7072=CARTESIAN_POINT('Ctrl Pts',(-6.46919918733046,-54.1336691516936,-104.966178188799));
#7073=CARTESIAN_POINT('Ctrl Pts',(-6.44238261586194,-54.2149173531307,-105.149032452145));
#7074=CARTESIAN_POINT('Ctrl Pts',(-6.37447766852571,-54.4012366437772,-105.5798334733));
#7075=CARTESIAN_POINT('Ctrl Pts',(-6.33352895529286,-54.5053730262651,-105.826042739556));
#7076=CARTESIAN_POINT('Ctrl Pts',(-6.19050772234203,-54.8504135957148,-106.64385081781));
#7077=CARTESIAN_POINT('Ctrl Pts',(-5.82376488343114,-55.6710204225589,-108.59618809226));
#7078=CARTESIAN_POINT('Ctrl Pts',(-5.24943641193649,-57.804582569824,-111.452103499818));
#7079=CARTESIAN_POINT('Ctrl Pts',(-3.22014584463764,-59.7124331657849,-114.171502424781));
#7080=CARTESIAN_POINT('Ctrl Pts',(-1.79865969466047,-60.1581333529418,-115.057415941777));
#7081=CARTESIAN_POINT('Ctrl Pts',(-3.46944695195361E-17,-60.3567552758159,
-115.087219865728));
#7082=CARTESIAN_POINT('Ctrl Pts',(1.79865969466047,-60.1581333529418,-115.057415941777));
#7083=CARTESIAN_POINT('Ctrl Pts',(3.22014584463764,-59.7124331657848,-114.171502424781));
#7084=CARTESIAN_POINT('Ctrl Pts',(5.2494364119365,-57.8045825698239,-111.452103499818));
#7085=CARTESIAN_POINT('Ctrl Pts',(5.82376488343113,-55.6710204225589,-108.59618809226));
#7086=CARTESIAN_POINT('Ctrl Pts',(6.19050772234203,-54.8504135957148,-106.64385081781));
#7087=CARTESIAN_POINT('Ctrl Pts',(6.33352895529286,-54.5053730262651,-105.826042739556));
#7088=CARTESIAN_POINT('Ctrl Pts',(6.37447766852571,-54.4012366437772,-105.5798334733));
#7089=CARTESIAN_POINT('Ctrl Pts',(6.44238261586194,-54.2149173531307,-105.149032452145));
#7090=CARTESIAN_POINT('Ctrl Pts',(6.46919918733046,-54.1336691516936,-104.966178188799));
#7091=CARTESIAN_POINT('Ctrl Pts',(6.49068524530027,-54.060401043836,-104.803899321753));
#7092=CARTESIAN_POINT('Ctrl Pts',(-6.49802094947026,-54.1014506063876,-104.679544348679));
#7093=CARTESIAN_POINT('Ctrl Pts',(-6.47506812941094,-54.1951416987067,-104.848364193824));
#7094=CARTESIAN_POINT('Ctrl Pts',(-6.44505843178805,-54.2983639767047,-105.045526974416));
#7095=CARTESIAN_POINT('Ctrl Pts',(-6.37199855878637,-54.5270389558572,-105.49843939702));
#7096=CARTESIAN_POINT('Ctrl Pts',(-6.32922039749984,-54.6513902366314,-105.750697161703));
#7097=CARTESIAN_POINT('Ctrl Pts',(-6.18319804514321,-55.0561447883639,-106.573675399418));
#7098=CARTESIAN_POINT('Ctrl Pts',(-5.82040186644181,-55.9924567294678,-108.48445164951));
#7099=CARTESIAN_POINT('Ctrl Pts',(-5.21548289437357,-58.1555345435279,-111.352995589556));
#7100=CARTESIAN_POINT('Ctrl Pts',(-3.18660035795112,-60.0738787264819,-114.091314008859));
#7101=CARTESIAN_POINT('Ctrl Pts',(-1.79216465715441,-60.55281305912,-114.964980800727));
#7102=CARTESIAN_POINT('Ctrl Pts',(-4.77048955893622E-17,-60.7270905050482,
-115.00339517885));
#7103=CARTESIAN_POINT('Ctrl Pts',(1.79216465715441,-60.5528130591199,-114.964980800727));
#7104=CARTESIAN_POINT('Ctrl Pts',(3.18660035795112,-60.0738787264819,-114.091314008859));
#7105=CARTESIAN_POINT('Ctrl Pts',(5.21548289437357,-58.155534543528,-111.352995589556));
#7106=CARTESIAN_POINT('Ctrl Pts',(5.82040186644181,-55.9924567294678,-108.48445164951));
#7107=CARTESIAN_POINT('Ctrl Pts',(6.18319804514321,-55.0561447883639,-106.573675399418));
#7108=CARTESIAN_POINT('Ctrl Pts',(6.32922039749984,-54.6513902366314,-105.750697161703));
#7109=CARTESIAN_POINT('Ctrl Pts',(6.37199855878637,-54.5270389558572,-105.49843939702));
#7110=CARTESIAN_POINT('Ctrl Pts',(6.44505843178805,-54.2983639767048,-105.045526974416));
#7111=CARTESIAN_POINT('Ctrl Pts',(6.47506812941094,-54.1951416987067,-104.848364193823));
#7112=CARTESIAN_POINT('Ctrl Pts',(6.49802094947027,-54.1014506063876,-104.679544348679));
#7113=CARTESIAN_POINT('Ctrl Pts',(-6.49895244549871,-54.1265923913527,-104.616834348115));
#7114=CARTESIAN_POINT('Ctrl Pts',(-6.47531607900131,-54.2279626303863,-104.785895121398));
#7115=CARTESIAN_POINT('Ctrl Pts',(-6.44497063363723,-54.3401815667262,-104.986283270306));
#7116=CARTESIAN_POINT('Ctrl Pts',(-6.37043943373148,-54.587950328604,-105.444082008014));
#7117=CARTESIAN_POINT('Ctrl Pts',(-6.32672273232712,-54.7232642088774,-105.698924011983));
#7118=CARTESIAN_POINT('Ctrl Pts',(-6.18025763839514,-55.1598312844548,-106.519907623379));
#7119=CARTESIAN_POINT('Ctrl Pts',(-5.82175652007464,-56.1606386508802,-108.400356913862));
#7120=CARTESIAN_POINT('Ctrl Pts',(-5.20075232316978,-58.332846812652,-111.267016643205));
#7121=CARTESIAN_POINT('Ctrl Pts',(-3.18353595430272,-60.2565582483614,-114.011366238802));
#7122=CARTESIAN_POINT('Ctrl Pts',(-1.79137466248783,-60.7545786403413,-114.879955745403));
#7123=CARTESIAN_POINT('Ctrl Pts',(-2.60208521396521E-17,-60.9119610281985,
-114.922922091546));
#7124=CARTESIAN_POINT('Ctrl Pts',(1.79137466248783,-60.7545786403413,-114.879955745404));
#7125=CARTESIAN_POINT('Ctrl Pts',(3.18353595430272,-60.2565582483614,-114.011366238802));
#7126=CARTESIAN_POINT('Ctrl Pts',(5.20075232316978,-58.332846812652,-111.267016643205));
#7127=CARTESIAN_POINT('Ctrl Pts',(5.82175652007464,-56.1606386508802,-108.400356913862));
#7128=CARTESIAN_POINT('Ctrl Pts',(6.18025763839514,-55.1598312844548,-106.519907623379));
#7129=CARTESIAN_POINT('Ctrl Pts',(6.32672273232711,-54.7232642088774,-105.698924011983));
#7130=CARTESIAN_POINT('Ctrl Pts',(6.37043943373148,-54.587950328604,-105.444082008014));
#7131=CARTESIAN_POINT('Ctrl Pts',(6.44497063363723,-54.3401815667262,-104.986283270306));
#7132=CARTESIAN_POINT('Ctrl Pts',(6.47531607900131,-54.2279626303863,-104.785895121398));
#7133=CARTESIAN_POINT('Ctrl Pts',(6.49895244549871,-54.1265923913527,-104.616834348115));
#7134=CARTESIAN_POINT('Ctrl Pts',(-6.49353786541437,-54.2158687573161,-104.427106804343));
#7135=CARTESIAN_POINT('Ctrl Pts',(-6.46900679159239,-54.3328812666708,-104.600557211875));
#7136=CARTESIAN_POINT('Ctrl Pts',(-6.43713903937478,-54.468841071418,-104.80537252045));
#7137=CARTESIAN_POINT('Ctrl Pts',(-6.36159334595148,-54.7708473770111,-105.261081372675));
#7138=CARTESIAN_POINT('Ctrl Pts',(-6.31791540474579,-54.936893877857,-105.511974916325));
#7139=CARTESIAN_POINT('Ctrl Pts',(-6.17346104935136,-55.4684515825132,-106.308795549374));
#7140=CARTESIAN_POINT('Ctrl Pts',(-5.83087021145312,-56.6652398003002,-108.078996823863));
#7141=CARTESIAN_POINT('Ctrl Pts',(-5.16326491426677,-58.8597771911421,-110.913038302726));
#7142=CARTESIAN_POINT('Ctrl Pts',(-3.19871709111526,-60.8003514919581,-113.661328968373));
#7143=CARTESIAN_POINT('Ctrl Pts',(-1.79374649282497,-61.358680736531,-114.515055689937));
#7144=CARTESIAN_POINT('Ctrl Pts',(1.73472347597681E-16,-61.4609289206779,
-114.570730961883));
#7145=CARTESIAN_POINT('Ctrl Pts',(1.79374649282497,-61.358680736531,-114.515055689937));
#7146=CARTESIAN_POINT('Ctrl Pts',(3.19871709111526,-60.8003514919581,-113.661328968373));
#7147=CARTESIAN_POINT('Ctrl Pts',(5.16326491426677,-58.8597771911421,-110.913038302726));
#7148=CARTESIAN_POINT('Ctrl Pts',(5.83087021145313,-56.6652398003002,-108.078996823863));
#7149=CARTESIAN_POINT('Ctrl Pts',(6.17346104935136,-55.4684515825132,-106.308795549374));
#7150=CARTESIAN_POINT('Ctrl Pts',(6.31791540474579,-54.936893877857,-105.511974916325));
#7151=CARTESIAN_POINT('Ctrl Pts',(6.36159334595148,-54.7708473770111,-105.261081372675));
#7152=CARTESIAN_POINT('Ctrl Pts',(6.43713903937478,-54.468841071418,-104.80537252045));
#7153=CARTESIAN_POINT('Ctrl Pts',(6.46900679159239,-54.3328812666708,-104.600557211875));
#7154=CARTESIAN_POINT('Ctrl Pts',(6.49353786541437,-54.2158687573161,-104.427106804343));
#7155=CARTESIAN_POINT('Ctrl Pts',(-6.45890323089828,-54.3560814441176,-104.209306863869));
#7156=CARTESIAN_POINT('Ctrl Pts',(-6.43545953927012,-54.4874559893329,-104.370280599035));
#7157=CARTESIAN_POINT('Ctrl Pts',(-6.40651504753158,-54.6489383700137,-104.555679153911));
#7158=CARTESIAN_POINT('Ctrl Pts',(-6.33868199527067,-55.015144588665,-104.963937943365));
#7159=CARTESIAN_POINT('Ctrl Pts',(-6.2997934347483,-55.2198684266355,-105.186798177945));
#7160=CARTESIAN_POINT('Ctrl Pts',(-6.16979794716082,-55.8734408060201,-105.894489461668));
#7161=CARTESIAN_POINT('Ctrl Pts',(-5.8564877479044,-57.3381890266812,-107.466314349058));
#7162=CARTESIAN_POINT('Ctrl Pts',(-5.131159848285,-59.54900055211,-110.184956511623));
#7163=CARTESIAN_POINT('Ctrl Pts',(-3.28395686755255,-61.514088291309,-112.900762047115));
#7164=CARTESIAN_POINT('Ctrl Pts',(-1.80955377150621,-62.1609644715189,-113.735655910661));
#7165=CARTESIAN_POINT('Ctrl Pts',(6.93889390390723E-17,-62.1778363053928,
-113.805751141659));
#7166=CARTESIAN_POINT('Ctrl Pts',(1.80955377150621,-62.1609644715189,-113.735655910661));
#7167=CARTESIAN_POINT('Ctrl Pts',(3.28395686755255,-61.514088291309,-112.900762047115));
#7168=CARTESIAN_POINT('Ctrl Pts',(5.131159848285,-59.54900055211,-110.184956511623));
#7169=CARTESIAN_POINT('Ctrl Pts',(5.85648774790439,-57.3381890266811,-107.466314349057));
#7170=CARTESIAN_POINT('Ctrl Pts',(6.16979794716082,-55.8734408060201,-105.894489461668));
#7171=CARTESIAN_POINT('Ctrl Pts',(6.2997934347483,-55.2198684266355,-105.186798177945));
#7172=CARTESIAN_POINT('Ctrl Pts',(6.33868199527067,-55.015144588665,-104.963937943365));
#7173=CARTESIAN_POINT('Ctrl Pts',(6.40651504753158,-54.6489383700137,-104.555679153911));
#7174=CARTESIAN_POINT('Ctrl Pts',(6.43545953927012,-54.4874559893329,-104.370280599035));
#7175=CARTESIAN_POINT('Ctrl Pts',(6.45890323089828,-54.3560814441176,-104.209306863869));
#7176=CARTESIAN_POINT('Ctrl Pts',(-6.45998532946277,-54.6017250287305,-103.790785449616));
#7177=CARTESIAN_POINT('Ctrl Pts',(-6.43698034804091,-54.7400039358271,-103.937392208696));
#7178=CARTESIAN_POINT('Ctrl Pts',(-6.40860279966019,-54.9109977395507,-104.103210555297));
#7179=CARTESIAN_POINT('Ctrl Pts',(-6.34199919223398,-55.2997751371936,-104.464912211801));
#7180=CARTESIAN_POINT('Ctrl Pts',(-6.30377313318851,-55.517558731113,-104.660795521704));
#7181=CARTESIAN_POINT('Ctrl Pts',(-6.17566712493443,-56.213134193578,-105.281005578748));
#7182=CARTESIAN_POINT('Ctrl Pts',(-5.86574378395572,-57.7731838413357,-106.651666202185));
#7183=CARTESIAN_POINT('Ctrl Pts',(-5.13444565515094,-60.0993600182594,-109.085810416785));
#7184=CARTESIAN_POINT('Ctrl Pts',(-3.32051933787759,-62.0972842090011,-111.652405748813));
#7185=CARTESIAN_POINT('Ctrl Pts',(-1.82258930881133,-62.802510546684,-112.440897413024));
#7186=CARTESIAN_POINT('Ctrl Pts',(-6.93889390390723E-17,-62.8139517854674,
-112.502365241063));
#7187=CARTESIAN_POINT('Ctrl Pts',(1.82258930881133,-62.802510546684,-112.440897413024));
#7188=CARTESIAN_POINT('Ctrl Pts',(3.32051933787759,-62.0972842090011,-111.652405748813));
#7189=CARTESIAN_POINT('Ctrl Pts',(5.13444565515094,-60.0993600182594,-109.085810416785));
#7190=CARTESIAN_POINT('Ctrl Pts',(5.86574378395573,-57.7731838413358,-106.651666202185));
#7191=CARTESIAN_POINT('Ctrl Pts',(6.17566712493443,-56.213134193578,-105.281005578748));
#7192=CARTESIAN_POINT('Ctrl Pts',(6.30377313318851,-55.517558731113,-104.660795521704));
#7193=CARTESIAN_POINT('Ctrl Pts',(6.34199919223398,-55.2997751371936,-104.464912211801));
#7194=CARTESIAN_POINT('Ctrl Pts',(6.40860279966019,-54.9109977395507,-104.103210555297));
#7195=CARTESIAN_POINT('Ctrl Pts',(6.43698034804092,-54.7400039358271,-103.937392208696));
#7196=CARTESIAN_POINT('Ctrl Pts',(6.45998532946278,-54.6017250287305,-103.790785449616));
#7197=CARTESIAN_POINT('Ctrl Pts',(-6.45218129094014,-54.8278664321943,-103.522831322802));
#7198=CARTESIAN_POINT('Ctrl Pts',(-6.43078637265542,-54.9604716929112,-103.65246548742));
#7199=CARTESIAN_POINT('Ctrl Pts',(-6.40467954957057,-55.1250301212514,-103.792696476846));
#7200=CARTESIAN_POINT('Ctrl Pts',(-6.34171031967076,-55.5093753996991,-104.098673997784));
#7201=CARTESIAN_POINT('Ctrl Pts',(-6.30508781601956,-55.72610119073,-104.264857164086));
#7202=CARTESIAN_POINT('Ctrl Pts',(-6.18065719962854,-56.4242471069896,-104.799317128085));
#7203=CARTESIAN_POINT('Ctrl Pts',(-5.87042107651475,-58.0240151944308,-106.021451167733));
#7204=CARTESIAN_POINT('Ctrl Pts',(-5.14713390068819,-60.4267962098903,-108.223426740939));
#7205=CARTESIAN_POINT('Ctrl Pts',(-3.34250669317349,-62.4453142048601,-110.648438166454));
#7206=CARTESIAN_POINT('Ctrl Pts',(-1.83228760544349,-63.1871353780601,-111.394280104399));
#7207=CARTESIAN_POINT('Ctrl Pts',(-2.42861286636753E-16,-63.2055727519935,
-111.447746765925));
#7208=CARTESIAN_POINT('Ctrl Pts',(1.83228760544349,-63.1871353780601,-111.394280104399));
#7209=CARTESIAN_POINT('Ctrl Pts',(3.34250669317349,-62.4453142048601,-110.648438166454));
#7210=CARTESIAN_POINT('Ctrl Pts',(5.14713390068819,-60.4267962098903,-108.223426740939));
#7211=CARTESIAN_POINT('Ctrl Pts',(5.87042107651475,-58.0240151944308,-106.021451167733));
#7212=CARTESIAN_POINT('Ctrl Pts',(6.18065719962854,-56.4242471069896,-104.799317128085));
#7213=CARTESIAN_POINT('Ctrl Pts',(6.30508781601956,-55.7261011907299,-104.264857164086));
#7214=CARTESIAN_POINT('Ctrl Pts',(6.34171031967076,-55.5093753996991,-104.098673997784));
#7215=CARTESIAN_POINT('Ctrl Pts',(6.40467954957057,-55.1250301212514,-103.792696476846));
#7216=CARTESIAN_POINT('Ctrl Pts',(6.43078637265542,-54.9604716929112,-103.65246548742));
#7217=CARTESIAN_POINT('Ctrl Pts',(6.45218129094014,-54.8278664321943,-103.522831322802));
#7218=CARTESIAN_POINT('Ctrl Pts',(-6.44846462053345,-54.9030648525095,-103.446939864227));
#7219=CARTESIAN_POINT('Ctrl Pts',(-6.42767537580961,-55.0361580485693,-103.564921490164));
#7220=CARTESIAN_POINT('Ctrl Pts',(-6.4024569555097,-55.1992888909096,-103.693998012447));
#7221=CARTESIAN_POINT('Ctrl Pts',(-6.34115123376874,-55.5785967123858,-103.977933107221));
#7222=CARTESIAN_POINT('Ctrl Pts',(-6.30550790084524,-55.792194292291,-104.131840629701));
#7223=CARTESIAN_POINT('Ctrl Pts',(-6.18241858975389,-56.4873418902506,-104.635158388119));
#7224=CARTESIAN_POINT('Ctrl Pts',(-5.87160271828785,-58.0950565191466,-105.808174668867));
#7225=CARTESIAN_POINT('Ctrl Pts',(-5.15306729759858,-60.521719372437,-107.92962816487));
#7226=CARTESIAN_POINT('Ctrl Pts',(-3.34893006203081,-62.5464297130781,-110.302498912563));
#7227=CARTESIAN_POINT('Ctrl Pts',(-1.83550731159642,-63.2992545343526,-111.032816262291));
#7228=CARTESIAN_POINT('Ctrl Pts',(0.,-63.3218688002472,-111.08336076593));
#7229=CARTESIAN_POINT('Ctrl Pts',(1.83550731159642,-63.2992545343526,-111.032816262291));
#7230=CARTESIAN_POINT('Ctrl Pts',(3.34893006203081,-62.5464297130781,-110.302498912563));
#7231=CARTESIAN_POINT('Ctrl Pts',(5.15306729759858,-60.521719372437,-107.92962816487));
#7232=CARTESIAN_POINT('Ctrl Pts',(5.87160271828785,-58.0950565191465,-105.808174668867));
#7233=CARTESIAN_POINT('Ctrl Pts',(6.18241858975389,-56.4873418902506,-104.635158388119));
#7234=CARTESIAN_POINT('Ctrl Pts',(6.30550790084524,-55.792194292291,-104.131840629701));
#7235=CARTESIAN_POINT('Ctrl Pts',(6.34115123376874,-55.5785967123858,-103.977933107221));
#7236=CARTESIAN_POINT('Ctrl Pts',(6.4024569555097,-55.1992888909096,-103.693998012447));
#7237=CARTESIAN_POINT('Ctrl Pts',(6.42767537580961,-55.0361580485693,-103.564921490164));
#7238=CARTESIAN_POINT('Ctrl Pts',(6.44846462053346,-54.9030648525095,-103.446939864226));
#7239=CARTESIAN_POINT('Ctrl Pts',(-6.43880063125511,-55.053097598128,-103.322010114465));
#7240=CARTESIAN_POINT('Ctrl Pts',(-6.41957967956964,-55.1859327214795,-103.408854481484));
#7241=CARTESIAN_POINT('Ctrl Pts',(-6.39711041354142,-55.3397237943697,-103.507673461398));
#7242=CARTESIAN_POINT('Ctrl Pts',(-6.34012302473237,-55.7021581778483,-103.737974337249));
#7243=CARTESIAN_POINT('Ctrl Pts',(-6.30594988643004,-55.9101156318919,-103.868365235642));
#7244=CARTESIAN_POINT('Ctrl Pts',(-6.18563969818879,-56.5957838828911,-104.308501751151));
#7245=CARTESIAN_POINT('Ctrl Pts',(-5.87385622836932,-58.214303940363,-105.384630063489));
#7246=CARTESIAN_POINT('Ctrl Pts',(-5.16783410706026,-60.677577986966,-107.346210479357));
#7247=CARTESIAN_POINT('Ctrl Pts',(-3.36210188265353,-62.7121360634128,-109.607257061528));
#7248=CARTESIAN_POINT('Ctrl Pts',(-1.84208077956495,-63.4852715881776,-110.304324280274));
#7249=CARTESIAN_POINT('Ctrl Pts',(0.,-63.5167775690298,-110.349699621119));
#7250=CARTESIAN_POINT('Ctrl Pts',(1.84208077956496,-63.4852715881776,-110.304324280274));
#7251=CARTESIAN_POINT('Ctrl Pts',(3.36210188265353,-62.7121360634128,-109.607257061528));
#7252=CARTESIAN_POINT('Ctrl Pts',(5.16783410706026,-60.677577986966,-107.346210479358));
#7253=CARTESIAN_POINT('Ctrl Pts',(5.87385622836931,-58.214303940363,-105.384630063489));
#7254=CARTESIAN_POINT('Ctrl Pts',(6.18563969818879,-56.5957838828911,-104.308501751151));
#7255=CARTESIAN_POINT('Ctrl Pts',(6.30594988643004,-55.9101156318919,-103.868365235642));
#7256=CARTESIAN_POINT('Ctrl Pts',(6.34012302473237,-55.7021581778483,-103.737974337249));
#7257=CARTESIAN_POINT('Ctrl Pts',(6.39711041354142,-55.3397237943697,-103.507673461398));
#7258=CARTESIAN_POINT('Ctrl Pts',(6.41957967956964,-55.1859327214795,-103.408854481483));
#7259=CARTESIAN_POINT('Ctrl Pts',(6.43880063125511,-55.053097598128,-103.322010114465));
#7260=CARTESIAN_POINT('Ctrl Pts',(-6.43285331238347,-55.1279319234312,-103.27297182328));
#7261=CARTESIAN_POINT('Ctrl Pts',(-6.41309476172761,-55.2672426915531,-103.353025139549));
#7262=CARTESIAN_POINT('Ctrl Pts',(-6.39459775416536,-55.4043701901934,-103.418885509269));
#7263=CARTESIAN_POINT('Ctrl Pts',(-6.34048428758621,-55.752823351624,-103.617763052832));
#7264=CARTESIAN_POINT('Ctrl Pts',(-6.3059714635174,-55.9593862075273,-103.738285984877));
#7265=CARTESIAN_POINT('Ctrl Pts',(-6.18709941649833,-56.6411310922705,-104.146003854149));
#7266=CARTESIAN_POINT('Ctrl Pts',(-5.87492809667768,-58.2625100368637,-105.174361956978));
#7267=CARTESIAN_POINT('Ctrl Pts',(-5.17666751961155,-60.7385134389483,-107.056591369913));
#7268=CARTESIAN_POINT('Ctrl Pts',(-3.36885033441892,-62.7767269055294,-109.257954464385));
#7269=CARTESIAN_POINT('Ctrl Pts',(-1.84543454138055,-63.5591694857102,-109.937296140364));
#7270=CARTESIAN_POINT('Ctrl Pts',(-1.38777878078145E-16,-63.5953902895587,
-109.980424476302));
#7271=CARTESIAN_POINT('Ctrl Pts',(1.84543454138055,-63.5591694857102,-109.937296140364));
#7272=CARTESIAN_POINT('Ctrl Pts',(3.36885033441892,-62.7767269055294,-109.257954464385));
#7273=CARTESIAN_POINT('Ctrl Pts',(5.17666751961156,-60.7385134389483,-107.056591369913));
#7274=CARTESIAN_POINT('Ctrl Pts',(5.87492809667768,-58.2625100368637,-105.174361956978));
#7275=CARTESIAN_POINT('Ctrl Pts',(6.18709941649833,-56.6411310922705,-104.146003854149));
#7276=CARTESIAN_POINT('Ctrl Pts',(6.3059714635174,-55.9593862075273,-103.738285984877));
#7277=CARTESIAN_POINT('Ctrl Pts',(6.34048428758621,-55.752823351624,-103.617763052832));
#7278=CARTESIAN_POINT('Ctrl Pts',(6.39459775416536,-55.4043701901934,-103.418885509269));
#7279=CARTESIAN_POINT('Ctrl Pts',(6.41309476172761,-55.2672426915531,-103.353025139549));
#7280=CARTESIAN_POINT('Ctrl Pts',(6.43285331238347,-55.1279319234312,-103.27297182328));
#7281=CARTESIAN_POINT('Ctrl Pts',(-6.42500849765734,-55.2125612874166,-103.227254506282));
#7282=CARTESIAN_POINT('Ctrl Pts',(-6.40735565270831,-55.3421414381564,-103.282855516682));
#7283=CARTESIAN_POINT('Ctrl Pts',(-6.38956794960139,-55.4712685722722,-103.341067866342));
#7284=CARTESIAN_POINT('Ctrl Pts',(-6.3394260357165,-55.7956729233771,-103.503403451644));
#7285=CARTESIAN_POINT('Ctrl Pts',(-6.30707182493854,-55.9909501403664,-103.607526687287));
#7286=CARTESIAN_POINT('Ctrl Pts',(-6.18815943109808,-56.6760069156444,-103.988762723191));
#7287=CARTESIAN_POINT('Ctrl Pts',(-5.87626764726789,-58.3004500314653,-104.970307063539));
#7288=CARTESIAN_POINT('Ctrl Pts',(-5.18669696607247,-60.7796834150296,-106.777489077879));
#7289=CARTESIAN_POINT('Ctrl Pts',(-3.37682961866704,-62.8196875719464,-108.916571917097));
#7290=CARTESIAN_POINT('Ctrl Pts',(-1.84893541824993,-63.6109352453158,-109.577295108553));
#7291=CARTESIAN_POINT('Ctrl Pts',(-1.38777878078145E-16,-63.6505639562843,
-109.619106694945));
#7292=CARTESIAN_POINT('Ctrl Pts',(1.84893541824993,-63.6109352453158,-109.577295108553));
#7293=CARTESIAN_POINT('Ctrl Pts',(3.37682961866704,-62.8196875719464,-108.916571917097));
#7294=CARTESIAN_POINT('Ctrl Pts',(5.18669696607247,-60.7796834150297,-106.777489077879));
#7295=CARTESIAN_POINT('Ctrl Pts',(5.87626764726789,-58.3004500314654,-104.970307063539));
#7296=CARTESIAN_POINT('Ctrl Pts',(6.18815943109808,-56.6760069156444,-103.988762723191));
#7297=CARTESIAN_POINT('Ctrl Pts',(6.30707182493854,-55.9909501403664,-103.607526687287));
#7298=CARTESIAN_POINT('Ctrl Pts',(6.33942603571651,-55.7956729233771,-103.503403451644));
#7299=CARTESIAN_POINT('Ctrl Pts',(6.38956794960139,-55.4712685722722,-103.341067866342));
#7300=CARTESIAN_POINT('Ctrl Pts',(6.40735565270831,-55.3421414381564,-103.282855516682));
#7301=CARTESIAN_POINT('Ctrl Pts',(6.42500849765734,-55.2125612874166,-103.227254506282));
#7302=CARTESIAN_POINT('Origin',(-10.,-39.7270370972264,-88.2830711231554));
#7303=CARTESIAN_POINT('',(-10.,-40.9356180608275,-87.1597581416489));
#7304=CARTESIAN_POINT('Origin',(-3.,-46.1409306884984,-82.3216914969118));
#7305=CARTESIAN_POINT('',(-3.,-47.3495116520995,-81.1983785154053));
#7306=CARTESIAN_POINT('Origin',(-3.,-32.9564110855776,-94.5760149315284));
#7307=CARTESIAN_POINT('',(-3.,-34.1649920491787,-93.4527019500219));
#7308=CARTESIAN_POINT('Origin',(-13.,-30.7589911517574,-96.6184021706312));
#7309=CARTESIAN_POINT('Origin',(-6.5,-38.1870793943028,-86.9839065916733));
#7310=UNCERTAINTY_MEASURE_WITH_UNIT(LENGTH_MEASURE(0.01),#7314,
'DISTANCE_ACCURACY_VALUE',
'Maximum model space distance between geometric entities at asserted c
onnectivities');
#7311=UNCERTAINTY_MEASURE_WITH_UNIT(LENGTH_MEASURE(0.01),#7314,
'DISTANCE_ACCURACY_VALUE',
'Maximum model space distance between geometric entities at asserted c
onnectivities');
#7312=(
GEOMETRIC_REPRESENTATION_CONTEXT(3)
GLOBAL_UNCERTAINTY_ASSIGNED_CONTEXT((#7310))
GLOBAL_UNIT_ASSIGNED_CONTEXT((#7314,#7316,#7317))
REPRESENTATION_CONTEXT('','3D')
);
#7313=(
GEOMETRIC_REPRESENTATION_CONTEXT(3)
GLOBAL_UNCERTAINTY_ASSIGNED_CONTEXT((#7311))
GLOBAL_UNIT_ASSIGNED_CONTEXT((#7314,#7316,#7317))
REPRESENTATION_CONTEXT('','3D')
);
#7314=(
LENGTH_UNIT()
NAMED_UNIT(*)
SI_UNIT(.MILLI.,.METRE.)
);
#7315=(
LENGTH_UNIT()
NAMED_UNIT(*)
SI_UNIT($,.METRE.)
);
#7316=(
NAMED_UNIT(*)
PLANE_ANGLE_UNIT()
SI_UNIT($,.RADIAN.)
);
#7317=(
NAMED_UNIT(*)
SI_UNIT($,.STERADIAN.)
SOLID_ANGLE_UNIT()
);
#7318=SHAPE_DEFINITION_REPRESENTATION(#7319,#7320);
#7319=PRODUCT_DEFINITION_SHAPE('',$,#7322);
#7320=SHAPE_REPRESENTATION('',(#2023),#7312);
#7321=PRODUCT_DEFINITION_CONTEXT('part definition',#7326,'design');
#7322=PRODUCT_DEFINITION('2026-09-24-14-36-44-280','inner_left',#7323,#7321);
#7323=PRODUCT_DEFINITION_FORMATION('',$,#7328);
#7324=PRODUCT_RELATED_PRODUCT_CATEGORY('inner_left','inner_left',(#7328));
#7325=APPLICATION_PROTOCOL_DEFINITION('international standard',
'automotive_design',2009,#7326);
#7326=APPLICATION_CONTEXT(
'Core Data for Automotive Mechanical Design Process');
#7327=PRODUCT_CONTEXT('part definition',#7326,'mechanical');
#7328=PRODUCT('2026-09-24-14-36-44-280','inner_left',$,(#7327));
#7329=PRESENTATION_STYLE_ASSIGNMENT((#7331));
#7330=PRESENTATION_STYLE_ASSIGNMENT((#7332));
#7331=SURFACE_STYLE_USAGE(.BOTH.,#7333);
#7332=SURFACE_STYLE_USAGE(.BOTH.,#7334);
#7333=SURFACE_SIDE_STYLE('',(#7335));
#7334=SURFACE_SIDE_STYLE('',(#7336));
#7335=SURFACE_STYLE_FILL_AREA(#7337);
#7336=SURFACE_STYLE_FILL_AREA(#7338);
#7337=FILL_AREA_STYLE('\X2\92FC\X0\ - \X2\30B530C630F3\X0\',(#7339));
#7338=FILL_AREA_STYLE('Opaque(160,160,160)',(#7340));
#7339=FILL_AREA_STYLE_COLOUR('\X2\92FC\X0\ - \X2\30B530C630F3\X0\',#7341);
#7340=FILL_AREA_STYLE_COLOUR('Opaque(160,160,160)',#7342);
#7341=COLOUR_RGB('\X2\92FC\X0\ - \X2\30B530C630F3\X0\',0.627450980392157,
0.627450980392157,0.627450980392157);
#7342=COLOUR_RGB('Opaque(160,160,160)',0.627450980392157,0.627450980392157,
0.627450980392157);
ENDSEC;
END-ISO-10303-21;
