ISO-10303-21;
HEADER;
/* Generated by software containing ST-Developer
 * from STEP Tools, Inc. (www.steptools.com) 
 */

FILE_DESCRIPTION(
/* description */ (''),
/* implementation_level */ '2;1');

FILE_NAME(
/* name */ 'mold_ring_outer_right.step',
/* time_stamp */ '2026-09-24T14:23:33+09:00',
/* author */ (''),
/* organization */ (''),
/* preprocessor_version */ 'ST-DEVELOPER v20.2',
/* originating_system */ 'Autodesk Translation Framework v15.15.0.0',
/* authorisation */ '');

FILE_SCHEMA (('AUTOMOTIVE_DESIGN { 1 0 10303 214 3 1 1 }'));
ENDSEC;

DATA;
#10=MECHANICAL_DESIGN_GEOMETRIC_PRESENTATION_REPRESENTATION('',(#13),#6396);
#11=SHAPE_REPRESENTATION_RELATIONSHIP('SRR','None',#6403,#12);
#12=ADVANCED_BREP_SHAPE_REPRESENTATION('',(#14),#6395);
#13=STYLED_ITEM('',(#6413),#14);
#14=MANIFOLD_SOLID_BREP('\X2\30DC30C730A3\X0\1',#2060);
#15=CONICAL_SURFACE('',#2135,1.65000000000001,0.785398163397468);
#16=CONICAL_SURFACE('',#2139,1.65000000000001,0.785398163397465);
#17=CONICAL_SURFACE('',#2143,1.65,0.785398163397462);
#18=B_SPLINE_SURFACE_WITH_KNOTS('',3,1,((#2899,#2900),(#2901,#2902),(#2903,
#2904),(#2905,#2906),(#2907,#2908),(#2909,#2910)),.UNSPECIFIED.,.F.,.F.,
 .F.,(4,2,4),(2,2),(0.,0.0352944368404571,0.0691486399618851),(0.,0.0720000000000001),
 .UNSPECIFIED.);
#19=B_SPLINE_SURFACE_WITH_KNOTS('',3,1,((#2919,#2920),(#2921,#2922),(#2923,
#2924),(#2925,#2926),(#2927,#2928),(#2929,#2930)),.UNSPECIFIED.,.F.,.F.,
 .F.,(4,2,4),(2,2),(0.,0.0225290693311504,0.0450617494244717),(0.,0.0720000000000001),
 .UNSPECIFIED.);
#20=B_SPLINE_SURFACE_WITH_KNOTS('',3,1,((#2939,#2940),(#2941,#2942),(#2943,
#2944),(#2945,#2946),(#2947,#2948),(#2949,#2950)),.UNSPECIFIED.,.F.,.F.,
 .F.,(4,2,4),(2,2),(0.,0.014364491023948,0.0286910980118286),(0.,0.0720000000000001),
 .UNSPECIFIED.);
#21=B_SPLINE_SURFACE_WITH_KNOTS('',3,1,((#2959,#2960),(#2961,#2962),(#2963,
#2964),(#2965,#2966),(#2967,#2968),(#2969,#2970)),.UNSPECIFIED.,.F.,.F.,
 .F.,(4,2,4),(2,2),(0.,0.0125312960499511,0.0250552354197103),(0.,0.0720000000000001),
 .UNSPECIFIED.);
#22=B_SPLINE_SURFACE_WITH_KNOTS('',3,1,((#2979,#2980),(#2981,#2982),(#2983,
#2984),(#2985,#2986),(#2987,#2988),(#2989,#2990)),.UNSPECIFIED.,.F.,.F.,
 .F.,(4,2,4),(2,2),(0.,0.0170736219781652,0.0348004096143245),(0.,0.0720000000000001),
 .UNSPECIFIED.);
#23=B_SPLINE_SURFACE_WITH_KNOTS('',3,1,((#3011,#3012),(#3013,#3014),(#3015,
#3016),(#3017,#3018),(#3019,#3020),(#3021,#3022)),.UNSPECIFIED.,.F.,.F.,
 .F.,(4,2,4),(2,2),(0.,0.0205392830021016,0.0398627707545158),(0.,0.0720000000000001),
 .UNSPECIFIED.);
#24=B_SPLINE_SURFACE_WITH_KNOTS('',3,1,((#3031,#3032),(#3033,#3034),(#3035,
#3036),(#3037,#3038),(#3039,#3040),(#3041,#3042)),.UNSPECIFIED.,.F.,.F.,
 .F.,(4,2,4),(2,2),(0.,0.0158104304497821,0.0315859055476908),(0.,0.0720000000000001),
 .UNSPECIFIED.);
#25=B_SPLINE_SURFACE_WITH_KNOTS('',3,1,((#3051,#3052),(#3053,#3054),(#3055,
#3056),(#3057,#3058),(#3059,#3060),(#3061,#3062)),.UNSPECIFIED.,.F.,.F.,
 .F.,(4,2,4),(2,2),(0.,0.0157814230901439,0.0316784157743738),(0.,0.0720000000000001),
 .UNSPECIFIED.);
#26=B_SPLINE_SURFACE_WITH_KNOTS('',3,1,((#3071,#3072),(#3073,#3074),(#3075,
#3076),(#3077,#3078),(#3079,#3080),(#3081,#3082)),.UNSPECIFIED.,.F.,.F.,
 .F.,(4,2,4),(2,2),(0.,0.0185882143715375,0.0371975989357039),(0.,0.0720000000000001),
 .UNSPECIFIED.);
#27=B_SPLINE_SURFACE_WITH_KNOTS('',3,1,((#3091,#3092),(#3093,#3094),(#3095,
#3096),(#3097,#3098),(#3099,#3100),(#3101,#3102),(#3103,#3104),(#3105,#3106)),
 .UNSPECIFIED.,.F.,.F.,.F.,(4,2,2,4),(2,2),(0.,0.0430609289612296,0.0646879337357333,
0.0875519477679396),(0.,0.0720000000000001),.UNSPECIFIED.);
#28=B_SPLINE_SURFACE_WITH_KNOTS('',3,1,((#3128,#3129),(#3130,#3131),(#3132,
#3133),(#3134,#3135),(#3136,#3137),(#3138,#3139)),.UNSPECIFIED.,.F.,.F.,
 .F.,(4,2,4),(2,2),(0.,0.0358625415666401,0.0710376667548228),(0.,0.0720000000000001),
 .UNSPECIFIED.);
#29=B_SPLINE_SURFACE_WITH_KNOTS('',3,1,((#3158,#3159),(#3160,#3161),(#3162,
#3163),(#3164,#3165),(#3166,#3167),(#3168,#3169)),.UNSPECIFIED.,.F.,.F.,
 .F.,(4,2,4),(2,2),(0.,0.0253986048841328,0.0507758191150394),(0.,0.0720000000000001),
 .UNSPECIFIED.);
#30=B_SPLINE_SURFACE_WITH_KNOTS('',3,1,((#3185,#3186),(#3187,#3188),(#3189,
#3190),(#3191,#3192),(#3193,#3194),(#3195,#3196)),.UNSPECIFIED.,.F.,.F.,
 .F.,(4,2,4),(2,2),(0.,0.0249248332929355,0.0498702187061294),(0.,0.0720000000000001),
 .UNSPECIFIED.);
#31=B_SPLINE_SURFACE_WITH_KNOTS('',3,1,((#3212,#3213),(#3214,#3215),(#3216,
#3217),(#3218,#3219),(#3220,#3221),(#3222,#3223)),.UNSPECIFIED.,.F.,.F.,
 .F.,(4,2,4),(2,2),(0.,0.03260249070149,0.0658131807316772),(0.,0.0720000000000001),
 .UNSPECIFIED.);
#32=B_SPLINE_SURFACE_WITH_KNOTS('',3,1,((#3239,#3240),(#3241,#3242),(#3243,
#3244),(#3245,#3246),(#3247,#3248),(#3249,#3250)),.UNSPECIFIED.,.F.,.F.,
 .F.,(4,2,4),(2,2),(0.,0.0373574712667259,0.0737838290635232),(0.,0.0720000000000001),
 .UNSPECIFIED.);
#33=B_SPLINE_SURFACE_WITH_KNOTS('',3,1,((#3266,#3267),(#3268,#3269),(#3270,
#3271),(#3272,#3273),(#3274,#3275),(#3276,#3277)),.UNSPECIFIED.,.F.,.F.,
 .F.,(4,2,4),(2,2),(0.,0.024998419127789,0.0499948069923404),(0.,0.0720000000000001),
 .UNSPECIFIED.);
#34=B_SPLINE_SURFACE_WITH_KNOTS('',3,1,((#3293,#3294),(#3295,#3296),(#3297,
#3298),(#3299,#3300),(#3301,#3302),(#3303,#3304)),.UNSPECIFIED.,.F.,.F.,
 .F.,(4,2,4),(2,2),(0.,0.0247840442754632,0.0495690174364355),(0.,0.0720000000000001),
 .UNSPECIFIED.);
#35=B_SPLINE_SURFACE_WITH_KNOTS('',3,1,((#3320,#3321),(#3322,#3323),(#3324,
#3325),(#3326,#3327),(#3328,#3329),(#3330,#3331)),.UNSPECIFIED.,.F.,.F.,
 .F.,(4,2,4),(2,2),(0.,0.0335522011846735,0.0680532312081365),(0.,0.0720000000000001),
 .UNSPECIFIED.);
#36=B_SPLINE_SURFACE_WITH_KNOTS('',3,1,((#3344,#3345),(#3346,#3347),(#3348,
#3349),(#3350,#3351),(#3352,#3353),(#3354,#3355),(#3356,#3357),(#3358,#3359)),
 .UNSPECIFIED.,.F.,.F.,.F.,(4,2,2,4),(2,2),(0.,0.0332265107314815,0.0509170479795455,
0.0674637508657201),(0.,0.0720000000000001),.UNSPECIFIED.);
#37=B_SPLINE_SURFACE_WITH_KNOTS('',3,1,((#3372,#3373),(#3374,#3375),(#3376,
#3377),(#3378,#3379),(#3380,#3381),(#3382,#3383)),.UNSPECIFIED.,.F.,.F.,
 .F.,(4,2,4),(2,2),(0.,0.0336090351400453,0.0675225840342431),(0.,0.0720000000000001),
 .UNSPECIFIED.);
#38=B_SPLINE_SURFACE_WITH_KNOTS('',3,1,((#3392,#3393),(#3394,#3395),(#3396,
#3397),(#3398,#3399),(#3400,#3401),(#3402,#3403)),.UNSPECIFIED.,.F.,.F.,
 .F.,(4,2,4),(2,2),(0.,0.0314041699035662,0.0625715110804277),(0.,0.0720000000000001),
 .UNSPECIFIED.);
#39=B_SPLINE_SURFACE_WITH_KNOTS('',3,1,((#3412,#3413),(#3414,#3415),(#3416,
#3417),(#3418,#3419),(#3420,#3421),(#3422,#3423)),.UNSPECIFIED.,.F.,.F.,
 .F.,(4,2,4),(2,2),(0.,0.025062184713823,0.0501008750923326),(0.,0.0720000000000001),
 .UNSPECIFIED.);
#40=B_SPLINE_SURFACE_WITH_KNOTS('',3,1,((#3432,#3433),(#3434,#3435),(#3436,
#3437),(#3438,#3439),(#3440,#3441),(#3442,#3443)),.UNSPECIFIED.,.F.,.F.,
 .F.,(4,2,4),(2,2),(0.,0.0367830948116218,0.0754897969022385),(0.,0.0720000000000001),
 .UNSPECIFIED.);
#41=B_SPLINE_SURFACE_WITH_KNOTS('',3,1,((#3464,#3465),(#3466,#3467),(#3468,
#3469),(#3470,#3471),(#3472,#3473),(#3474,#3475)),.UNSPECIFIED.,.F.,.F.,
 .F.,(4,2,4),(2,2),(0.,0.0382735421181851,0.0765388401962806),(0.,0.0720000000000001),
 .UNSPECIFIED.);
#42=B_SPLINE_SURFACE_WITH_KNOTS('',3,1,((#3484,#3485),(#3486,#3487),(#3488,
#3489),(#3490,#3491),(#3492,#3493),(#3494,#3495)),.UNSPECIFIED.,.F.,.F.,
 .F.,(4,2,4),(2,2),(0.,0.0281889803853619,0.0563315128976336),(0.,0.0720000000000001),
 .UNSPECIFIED.);
#43=B_SPLINE_SURFACE_WITH_KNOTS('',3,1,((#3504,#3505),(#3506,#3507),(#3508,
#3509),(#3510,#3511),(#3512,#3513),(#3514,#3515)),.UNSPECIFIED.,.F.,.F.,
 .F.,(4,2,4),(2,2),(0.,0.0267057658220029,0.05345627148941),(0.,0.0720000000000001),
 .UNSPECIFIED.);
#44=B_SPLINE_SURFACE_WITH_KNOTS('',3,1,((#3524,#3525),(#3526,#3527),(#3528,
#3529),(#3530,#3531),(#3532,#3533),(#3534,#3535)),.UNSPECIFIED.,.F.,.F.,
 .F.,(4,2,4),(2,2),(0.,0.0295464987669116,0.0591215085199813),(0.,0.0720000000000001),
 .UNSPECIFIED.);
#45=B_SPLINE_SURFACE_WITH_KNOTS('',3,1,((#3544,#3545),(#3546,#3547),(#3548,
#3549),(#3550,#3551),(#3552,#3553),(#3554,#3555)),.UNSPECIFIED.,.F.,.F.,
 .F.,(4,2,4),(2,2),(0.,0.0440380366885894,0.0880054211094477),(0.,0.0720000000000001),
 .UNSPECIFIED.);
#46=B_SPLINE_SURFACE_WITH_KNOTS('',3,1,((#3564,#3565),(#3566,#3567),(#3568,
#3569),(#3570,#3571),(#3572,#3573),(#3574,#3575)),.UNSPECIFIED.,.F.,.F.,
 .F.,(4,2,4),(2,2),(0.,0.0408692529397196,0.0818032904664945),(0.,0.0720000000000001),
 .UNSPECIFIED.);
#47=B_SPLINE_SURFACE_WITH_KNOTS('',3,1,((#3584,#3585),(#3586,#3587),(#3588,
#3589),(#3590,#3591),(#3592,#3593),(#3594,#3595)),.UNSPECIFIED.,.F.,.F.,
 .F.,(4,2,4),(2,2),(0.,0.0352339007203616,0.0704749628787047),(0.,0.0720000000000001),
 .UNSPECIFIED.);
#48=B_SPLINE_SURFACE_WITH_KNOTS('',3,1,((#3604,#3605),(#3606,#3607),(#3608,
#3609),(#3610,#3611),(#3612,#3613),(#3614,#3615)),.UNSPECIFIED.,.F.,.F.,
 .F.,(4,2,4),(2,2),(0.,0.0268452858811665,0.0515152215101689),(0.,0.0720000000000001),
 .UNSPECIFIED.);
#49=B_SPLINE_SURFACE_WITH_KNOTS('',3,1,((#3624,#3625),(#3626,#3627),(#3628,
#3629),(#3630,#3631),(#3632,#3633),(#3634,#3635)),.UNSPECIFIED.,.F.,.F.,
 .F.,(4,2,4),(2,2),(0.,0.0185458707902758,0.0370664425991842),(0.,0.0720000000000001),
 .UNSPECIFIED.);
#50=B_SPLINE_SURFACE_WITH_KNOTS('',3,1,((#3644,#3645),(#3646,#3647),(#3648,
#3649),(#3650,#3651),(#3652,#3653),(#3654,#3655)),.UNSPECIFIED.,.F.,.F.,
 .F.,(4,2,4),(2,2),(0.,0.0210087916222056,0.0423959454998715),(0.,0.0720000000000001),
 .UNSPECIFIED.);
#51=B_SPLINE_SURFACE_WITH_KNOTS('',3,1,((#3664,#3665),(#3666,#3667),(#3668,
#3669),(#3670,#3671),(#3672,#3673),(#3674,#3675)),.UNSPECIFIED.,.F.,.F.,
 .F.,(4,2,4),(2,2),(0.,0.0222104273103958,0.0441348062953082),(0.,0.0720000000000001),
 .UNSPECIFIED.);
#52=B_SPLINE_SURFACE_WITH_KNOTS('',3,1,((#3684,#3685),(#3686,#3687),(#3688,
#3689),(#3690,#3691),(#3692,#3693),(#3694,#3695)),.UNSPECIFIED.,.F.,.F.,
 .F.,(4,2,4),(2,2),(0.,0.0142667011584271,0.0286779917107324),(0.,0.0720000000000001),
 .UNSPECIFIED.);
#53=B_SPLINE_SURFACE_WITH_KNOTS('',3,1,((#3722,#3723),(#3724,#3725),(#3726,
#3727),(#3728,#3729),(#3730,#3731),(#3732,#3733)),.UNSPECIFIED.,.F.,.F.,
 .F.,(4,2,4),(2,2),(0.,0.0297057635790871,0.0586318299713734),(0.,0.0720000000000001),
 .UNSPECIFIED.);
#54=B_SPLINE_SURFACE_WITH_KNOTS('',3,1,((#3749,#3750),(#3751,#3752),(#3753,
#3754),(#3755,#3756),(#3757,#3758),(#3759,#3760)),.UNSPECIFIED.,.F.,.F.,
 .F.,(4,2,4),(2,2),(0.,0.0202197967060211,0.0404418262505778),(0.,0.0720000000000001),
 .UNSPECIFIED.);
#55=B_SPLINE_SURFACE_WITH_KNOTS('',3,1,((#3776,#3777),(#3778,#3779),(#3780,
#3781),(#3782,#3783),(#3784,#3785),(#3786,#3787)),.UNSPECIFIED.,.F.,.F.,
 .F.,(4,2,4),(2,2),(0.,0.0144189562100365,0.0288386824198043),(0.,0.0720000000000001),
 .UNSPECIFIED.);
#56=B_SPLINE_SURFACE_WITH_KNOTS('',3,1,((#3803,#3804),(#3805,#3806),(#3807,
#3808),(#3809,#3810),(#3811,#3812),(#3813,#3814)),.UNSPECIFIED.,.F.,.F.,
 .F.,(4,2,4),(2,2),(0.,0.0151858527661327,0.0303978863788757),(0.,0.0720000000000001),
 .UNSPECIFIED.);
#57=B_SPLINE_SURFACE_WITH_KNOTS('',3,1,((#3830,#3831),(#3832,#3833),(#3834,
#3835),(#3836,#3837),(#3838,#3839),(#3840,#3841)),.UNSPECIFIED.,.F.,.F.,
 .F.,(4,2,4),(2,2),(0.,0.0216397702018285,0.0438437921398568),(0.,0.0720000000000001),
 .UNSPECIFIED.);
#58=B_SPLINE_SURFACE_WITH_KNOTS('',3,1,((#3874,#3875),(#3876,#3877),(#3878,
#3879),(#3880,#3881),(#3882,#3883),(#3884,#3885)),.UNSPECIFIED.,.F.,.F.,
 .F.,(4,2,4),(2,2),(0.,0.012707997625791,0.0247779586523174),(0.,0.0720000000000001),
 .UNSPECIFIED.);
#59=B_SPLINE_SURFACE_WITH_KNOTS('',3,1,((#3894,#3895),(#3896,#3897),(#3898,
#3899),(#3900,#3901),(#3902,#3903),(#3904,#3905)),.UNSPECIFIED.,.F.,.F.,
 .F.,(4,2,4),(2,2),(0.,0.00992982274717233,0.0198724949614285),(0.,0.0720000000000001),
 .UNSPECIFIED.);
#60=B_SPLINE_SURFACE_WITH_KNOTS('',3,1,((#3914,#3915),(#3916,#3917),(#3918,
#3919),(#3920,#3921),(#3922,#3923),(#3924,#3925)),.UNSPECIFIED.,.F.,.F.,
 .F.,(4,2,4),(2,2),(0.,0.0143661798461651,0.0291352300566133),(0.,0.0720000000000001),
 .UNSPECIFIED.);
#61=B_SPLINE_SURFACE_WITH_KNOTS('',3,1,((#3934,#3935),(#3936,#3937),(#3938,
#3939),(#3940,#3941),(#3942,#3943),(#3944,#3945)),.UNSPECIFIED.,.F.,.F.,
 .F.,(4,2,4),(2,2),(0.,0.0251622372859233,0.0510791287429564),(0.,0.0720000000000001),
 .UNSPECIFIED.);
#62=B_SPLINE_SURFACE_WITH_KNOTS('',3,1,((#3966,#3967),(#3968,#3969),(#3970,
#3971),(#3972,#3973),(#3974,#3975),(#3976,#3977)),.UNSPECIFIED.,.F.,.F.,
 .F.,(4,2,4),(2,2),(0.,0.0279506949428318,0.0557846258245115),(0.,0.0720000000000001),
 .UNSPECIFIED.);
#63=B_SPLINE_SURFACE_WITH_KNOTS('',3,1,((#3986,#3987),(#3988,#3989),(#3990,
#3991),(#3992,#3993),(#3994,#3995),(#3996,#3997)),.UNSPECIFIED.,.F.,.F.,
 .F.,(4,2,4),(2,2),(0.,0.014190889170897,0.0286878721940488),(0.,0.0720000000000001),
 .UNSPECIFIED.);
#64=B_SPLINE_SURFACE_WITH_KNOTS('',3,1,((#4006,#4007),(#4008,#4009),(#4010,
#4011),(#4012,#4013),(#4014,#4015),(#4016,#4017)),.UNSPECIFIED.,.F.,.F.,
 .F.,(4,2,4),(2,2),(0.,0.0402435988755873,0.0798339111634642),(0.,0.0720000000000001),
 .UNSPECIFIED.);
#65=B_SPLINE_SURFACE_WITH_KNOTS('',3,1,((#4026,#4027),(#4028,#4029),(#4030,
#4031),(#4032,#4033),(#4034,#4035),(#4036,#4037)),.UNSPECIFIED.,.F.,.F.,
 .F.,(4,2,4),(2,2),(0.,0.0300907376715192,0.0601969217665818),(0.,0.0720000000000001),
 .UNSPECIFIED.);
#66=B_SPLINE_SURFACE_WITH_KNOTS('',3,1,((#4046,#4047),(#4048,#4049),(#4050,
#4051),(#4052,#4053),(#4054,#4055),(#4056,#4057)),.UNSPECIFIED.,.F.,.F.,
 .F.,(4,2,4),(2,2),(0.,0.0243642075322713,0.0487248871223417),(0.,0.0720000000000001),
 .UNSPECIFIED.);
#67=B_SPLINE_SURFACE_WITH_KNOTS('',3,1,((#4066,#4067),(#4068,#4069),(#4070,
#4071),(#4072,#4073),(#4074,#4075),(#4076,#4077)),.UNSPECIFIED.,.F.,.F.,
 .F.,(4,2,4),(2,2),(0.,0.0233977819070127,0.046779273289181),(0.,0.0720000000000001),
 .UNSPECIFIED.);
#68=B_SPLINE_SURFACE_WITH_KNOTS('',3,1,((#4086,#4087),(#4088,#4089),(#4090,
#4091),(#4092,#4093),(#4094,#4095),(#4096,#4097)),.UNSPECIFIED.,.F.,.F.,
 .F.,(4,2,4),(2,2),(0.,0.0310591609003279,0.0631303035794052),(0.,0.0720000000000001),
 .UNSPECIFIED.);
#69=B_SPLINE_SURFACE_WITH_KNOTS('',3,3,((#4187,#4188,#4189,#4190,#4191,
#4192,#4193,#4194,#4195,#4196,#4197,#4198,#4199,#4200,#4201,#4202,#4203),
(#4204,#4205,#4206,#4207,#4208,#4209,#4210,#4211,#4212,#4213,#4214,#4215,
#4216,#4217,#4218,#4219,#4220),(#4221,#4222,#4223,#4224,#4225,#4226,#4227,
#4228,#4229,#4230,#4231,#4232,#4233,#4234,#4235,#4236,#4237),(#4238,#4239,
#4240,#4241,#4242,#4243,#4244,#4245,#4246,#4247,#4248,#4249,#4250,#4251,
#4252,#4253,#4254),(#4255,#4256,#4257,#4258,#4259,#4260,#4261,#4262,#4263,
#4264,#4265,#4266,#4267,#4268,#4269,#4270,#4271),(#4272,#4273,#4274,#4275,
#4276,#4277,#4278,#4279,#4280,#4281,#4282,#4283,#4284,#4285,#4286,#4287,
#4288),(#4289,#4290,#4291,#4292,#4293,#4294,#4295,#4296,#4297,#4298,#4299,
#4300,#4301,#4302,#4303,#4304,#4305),(#4306,#4307,#4308,#4309,#4310,#4311,
#4312,#4313,#4314,#4315,#4316,#4317,#4318,#4319,#4320,#4321,#4322),(#4323,
#4324,#4325,#4326,#4327,#4328,#4329,#4330,#4331,#4332,#4333,#4334,#4335,
#4336,#4337,#4338,#4339),(#4340,#4341,#4342,#4343,#4344,#4345,#4346,#4347,
#4348,#4349,#4350,#4351,#4352,#4353,#4354,#4355,#4356),(#4357,#4358,#4359,
#4360,#4361,#4362,#4363,#4364,#4365,#4366,#4367,#4368,#4369,#4370,#4371,
#4372,#4373),(#4374,#4375,#4376,#4377,#4378,#4379,#4380,#4381,#4382,#4383,
#4384,#4385,#4386,#4387,#4388,#4389,#4390),(#4391,#4392,#4393,#4394,#4395,
#4396,#4397,#4398,#4399,#4400,#4401,#4402,#4403,#4404,#4405,#4406,#4407)),
 .UNSPECIFIED.,.F.,.F.,.F.,(4,2,2,1,2,2,4),(4,2,2,1,1,1,1,1,1,1,1,1,4),
(0.,0.25,0.5,1.,1.5,1.75,2.),(0.,0.25,0.5,1.,2.,3.,4.,5.,6.,7.,8.,9.,10.),
 .UNSPECIFIED.);
#70=B_SPLINE_SURFACE_WITH_KNOTS('',3,3,((#4453,#4454,#4455,#4456,#4457,
#4458,#4459,#4460,#4461,#4462,#4463,#4464,#4465,#4466,#4467,#4468,#4469,
#4470,#4471),(#4472,#4473,#4474,#4475,#4476,#4477,#4478,#4479,#4480,#4481,
#4482,#4483,#4484,#4485,#4486,#4487,#4488,#4489,#4490),(#4491,#4492,#4493,
#4494,#4495,#4496,#4497,#4498,#4499,#4500,#4501,#4502,#4503,#4504,#4505,
#4506,#4507,#4508,#4509),(#4510,#4511,#4512,#4513,#4514,#4515,#4516,#4517,
#4518,#4519,#4520,#4521,#4522,#4523,#4524,#4525,#4526,#4527,#4528),(#4529,
#4530,#4531,#4532,#4533,#4534,#4535,#4536,#4537,#4538,#4539,#4540,#4541,
#4542,#4543,#4544,#4545,#4546,#4547),(#4548,#4549,#4550,#4551,#4552,#4553,
#4554,#4555,#4556,#4557,#4558,#4559,#4560,#4561,#4562,#4563,#4564,#4565,
#4566),(#4567,#4568,#4569,#4570,#4571,#4572,#4573,#4574,#4575,#4576,#4577,
#4578,#4579,#4580,#4581,#4582,#4583,#4584,#4585),(#4586,#4587,#4588,#4589,
#4590,#4591,#4592,#4593,#4594,#4595,#4596,#4597,#4598,#4599,#4600,#4601,
#4602,#4603,#4604),(#4605,#4606,#4607,#4608,#4609,#4610,#4611,#4612,#4613,
#4614,#4615,#4616,#4617,#4618,#4619,#4620,#4621,#4622,#4623),(#4624,#4625,
#4626,#4627,#4628,#4629,#4630,#4631,#4632,#4633,#4634,#4635,#4636,#4637,
#4638,#4639,#4640,#4641,#4642),(#4643,#4644,#4645,#4646,#4647,#4648,#4649,
#4650,#4651,#4652,#4653,#4654,#4655,#4656,#4657,#4658,#4659,#4660,#4661),
(#4662,#4663,#4664,#4665,#4666,#4667,#4668,#4669,#4670,#4671,#4672,#4673,
#4674,#4675,#4676,#4677,#4678,#4679,#4680),(#4681,#4682,#4683,#4684,#4685,
#4686,#4687,#4688,#4689,#4690,#4691,#4692,#4693,#4694,#4695,#4696,#4697,
#4698,#4699),(#4700,#4701,#4702,#4703,#4704,#4705,#4706,#4707,#4708,#4709,
#4710,#4711,#4712,#4713,#4714,#4715,#4716,#4717,#4718),(#4719,#4720,#4721,
#4722,#4723,#4724,#4725,#4726,#4727,#4728,#4729,#4730,#4731,#4732,#4733,
#4734,#4735,#4736,#4737),(#4738,#4739,#4740,#4741,#4742,#4743,#4744,#4745,
#4746,#4747,#4748,#4749,#4750,#4751,#4752,#4753,#4754,#4755,#4756),(#4757,
#4758,#4759,#4760,#4761,#4762,#4763,#4764,#4765,#4766,#4767,#4768,#4769,
#4770,#4771,#4772,#4773,#4774,#4775)),.UNSPECIFIED.,.F.,.F.,.F.,(4,2,2,
1,1,1,1,1,1,1,1,1,4),(4,2,2,1,1,1,1,1,1,1,2,2,4),(0.,0.25,0.5,1.,2.,3.,
4.,5.,6.,7.,8.,9.,10.),(0.,0.25,0.5,1.,2.,3.,4.,5.,6.,7.,7.5,7.75,8.),
 .UNSPECIFIED.);
#71=B_SPLINE_SURFACE_WITH_KNOTS('',3,3,((#5112,#5113,#5114,#5115,#5116,
#5117,#5118,#5119,#5120,#5121,#5122,#5123,#5124,#5125,#5126,#5127,#5128,
#5129,#5130),(#5131,#5132,#5133,#5134,#5135,#5136,#5137,#5138,#5139,#5140,
#5141,#5142,#5143,#5144,#5145,#5146,#5147,#5148,#5149),(#5150,#5151,#5152,
#5153,#5154,#5155,#5156,#5157,#5158,#5159,#5160,#5161,#5162,#5163,#5164,
#5165,#5166,#5167,#5168),(#5169,#5170,#5171,#5172,#5173,#5174,#5175,#5176,
#5177,#5178,#5179,#5180,#5181,#5182,#5183,#5184,#5185,#5186,#5187),(#5188,
#5189,#5190,#5191,#5192,#5193,#5194,#5195,#5196,#5197,#5198,#5199,#5200,
#5201,#5202,#5203,#5204,#5205,#5206),(#5207,#5208,#5209,#5210,#5211,#5212,
#5213,#5214,#5215,#5216,#5217,#5218,#5219,#5220,#5221,#5222,#5223,#5224,
#5225),(#5226,#5227,#5228,#5229,#5230,#5231,#5232,#5233,#5234,#5235,#5236,
#5237,#5238,#5239,#5240,#5241,#5242,#5243,#5244),(#5245,#5246,#5247,#5248,
#5249,#5250,#5251,#5252,#5253,#5254,#5255,#5256,#5257,#5258,#5259,#5260,
#5261,#5262,#5263),(#5264,#5265,#5266,#5267,#5268,#5269,#5270,#5271,#5272,
#5273,#5274,#5275,#5276,#5277,#5278,#5279,#5280,#5281,#5282),(#5283,#5284,
#5285,#5286,#5287,#5288,#5289,#5290,#5291,#5292,#5293,#5294,#5295,#5296,
#5297,#5298,#5299,#5300,#5301),(#5302,#5303,#5304,#5305,#5306,#5307,#5308,
#5309,#5310,#5311,#5312,#5313,#5314,#5315,#5316,#5317,#5318,#5319,#5320),
(#5321,#5322,#5323,#5324,#5325,#5326,#5327,#5328,#5329,#5330,#5331,#5332,
#5333,#5334,#5335,#5336,#5337,#5338,#5339),(#5340,#5341,#5342,#5343,#5344,
#5345,#5346,#5347,#5348,#5349,#5350,#5351,#5352,#5353,#5354,#5355,#5356,
#5357,#5358)),.UNSPECIFIED.,.F.,.F.,.F.,(4,2,2,1,2,2,4),(4,2,2,1,1,1,1,
1,1,1,2,2,4),(0.,0.25,0.5,1.,1.5,1.75,2.),(0.,0.25,0.5,1.,2.,3.,4.,5.,6.,
7.,7.5,7.75,8.),.UNSPECIFIED.);
#72=B_SPLINE_SURFACE_WITH_KNOTS('',3,3,((#5458,#5459,#5460,#5461,#5462,
#5463,#5464,#5465,#5466,#5467,#5468,#5469,#5470,#5471,#5472,#5473,#5474,
#5475,#5476),(#5477,#5478,#5479,#5480,#5481,#5482,#5483,#5484,#5485,#5486,
#5487,#5488,#5489,#5490,#5491,#5492,#5493,#5494,#5495),(#5496,#5497,#5498,
#5499,#5500,#5501,#5502,#5503,#5504,#5505,#5506,#5507,#5508,#5509,#5510,
#5511,#5512,#5513,#5514),(#5515,#5516,#5517,#5518,#5519,#5520,#5521,#5522,
#5523,#5524,#5525,#5526,#5527,#5528,#5529,#5530,#5531,#5532,#5533),(#5534,
#5535,#5536,#5537,#5538,#5539,#5540,#5541,#5542,#5543,#5544,#5545,#5546,
#5547,#5548,#5549,#5550,#5551,#5552),(#5553,#5554,#5555,#5556,#5557,#5558,
#5559,#5560,#5561,#5562,#5563,#5564,#5565,#5566,#5567,#5568,#5569,#5570,
#5571),(#5572,#5573,#5574,#5575,#5576,#5577,#5578,#5579,#5580,#5581,#5582,
#5583,#5584,#5585,#5586,#5587,#5588,#5589,#5590),(#5591,#5592,#5593,#5594,
#5595,#5596,#5597,#5598,#5599,#5600,#5601,#5602,#5603,#5604,#5605,#5606,
#5607,#5608,#5609),(#5610,#5611,#5612,#5613,#5614,#5615,#5616,#5617,#5618,
#5619,#5620,#5621,#5622,#5623,#5624,#5625,#5626,#5627,#5628),(#5629,#5630,
#5631,#5632,#5633,#5634,#5635,#5636,#5637,#5638,#5639,#5640,#5641,#5642,
#5643,#5644,#5645,#5646,#5647),(#5648,#5649,#5650,#5651,#5652,#5653,#5654,
#5655,#5656,#5657,#5658,#5659,#5660,#5661,#5662,#5663,#5664,#5665,#5666),
(#5667,#5668,#5669,#5670,#5671,#5672,#5673,#5674,#5675,#5676,#5677,#5678,
#5679,#5680,#5681,#5682,#5683,#5684,#5685),(#5686,#5687,#5688,#5689,#5690,
#5691,#5692,#5693,#5694,#5695,#5696,#5697,#5698,#5699,#5700,#5701,#5702,
#5703,#5704),(#5705,#5706,#5707,#5708,#5709,#5710,#5711,#5712,#5713,#5714,
#5715,#5716,#5717,#5718,#5719,#5720,#5721,#5722,#5723),(#5724,#5725,#5726,
#5727,#5728,#5729,#5730,#5731,#5732,#5733,#5734,#5735,#5736,#5737,#5738,
#5739,#5740,#5741,#5742),(#5743,#5744,#5745,#5746,#5747,#5748,#5749,#5750,
#5751,#5752,#5753,#5754,#5755,#5756,#5757,#5758,#5759,#5760,#5761),(#5762,
#5763,#5764,#5765,#5766,#5767,#5768,#5769,#5770,#5771,#5772,#5773,#5774,
#5775,#5776,#5777,#5778,#5779,#5780)),.UNSPECIFIED.,.F.,.F.,.F.,(4,1,1,
1,1,1,1,1,1,1,2,2,4),(4,2,2,1,1,1,1,1,1,1,2,2,4),(0.,1.,2.,3.,4.,5.,6.,
7.,8.,9.,9.5,9.75,10.),(0.,0.25,0.5,1.,2.,3.,4.,5.,6.,7.,7.5,7.75,8.),
 .UNSPECIFIED.);
#73=FACE_BOUND('',#367,.T.);
#74=FACE_BOUND('',#368,.T.);
#75=FACE_BOUND('',#369,.T.);
#76=FACE_BOUND('',#370,.T.);
#77=FACE_BOUND('',#371,.T.);
#78=FACE_BOUND('',#433,.T.);
#79=FACE_BOUND('',#462,.T.);
#80=FACE_BOUND('',#465,.T.);
#81=FACE_BOUND('',#466,.T.);
#82=FACE_BOUND('',#467,.T.);
#83=B_SPLINE_CURVE_WITH_KNOTS('',3,(#2529,#2530,#2531,#2532,#2533,#2534),
 .UNSPECIFIED.,.F.,.F.,(4,2,4),(0.,0.0310591609003279,0.0631303035794052),
 .UNSPECIFIED.);
#84=B_SPLINE_CURVE_WITH_KNOTS('',3,(#2536,#2537,#2538,#2539,#2540,#2541),
 .UNSPECIFIED.,.F.,.F.,(4,2,4),(0.,0.0233977819070127,0.046779273289181),
 .UNSPECIFIED.);
#85=B_SPLINE_CURVE_WITH_KNOTS('',3,(#2543,#2544,#2545,#2546,#2547,#2548),
 .UNSPECIFIED.,.F.,.F.,(4,2,4),(0.,0.0243642075322713,0.0487248871223417),
 .UNSPECIFIED.);
#86=B_SPLINE_CURVE_WITH_KNOTS('',3,(#2550,#2551,#2552,#2553,#2554,#2555),
 .UNSPECIFIED.,.F.,.F.,(4,2,4),(0.,0.0300907376715192,0.0601969217665818),
 .UNSPECIFIED.);
#87=B_SPLINE_CURVE_WITH_KNOTS('',3,(#2557,#2558,#2559,#2560,#2561,#2562),
 .UNSPECIFIED.,.F.,.F.,(4,2,4),(0.,0.0402435988755873,0.0798339111634642),
 .UNSPECIFIED.);
#88=B_SPLINE_CURVE_WITH_KNOTS('',3,(#2564,#2565,#2566,#2567,#2568,#2569),
 .UNSPECIFIED.,.F.,.F.,(4,2,4),(0.,0.014190889170897,0.0286878721940488),
 .UNSPECIFIED.);
#89=B_SPLINE_CURVE_WITH_KNOTS('',3,(#2571,#2572,#2573,#2574,#2575,#2576),
 .UNSPECIFIED.,.F.,.F.,(4,2,4),(0.,0.0279506949428318,0.0557846258245115),
 .UNSPECIFIED.);
#90=B_SPLINE_CURVE_WITH_KNOTS('',3,(#2584,#2585,#2586,#2587,#2588,#2589),
 .UNSPECIFIED.,.F.,.F.,(4,2,4),(0.,0.0251622372859233,0.0510791287429564),
 .UNSPECIFIED.);
#91=B_SPLINE_CURVE_WITH_KNOTS('',3,(#2591,#2592,#2593,#2594,#2595,#2596),
 .UNSPECIFIED.,.F.,.F.,(4,2,4),(0.,0.0143661798461651,0.0291352300566133),
 .UNSPECIFIED.);
#92=B_SPLINE_CURVE_WITH_KNOTS('',3,(#2598,#2599,#2600,#2601,#2602,#2603),
 .UNSPECIFIED.,.F.,.F.,(4,2,4),(0.,0.00992982274717233,0.0198724949614285),
 .UNSPECIFIED.);
#93=B_SPLINE_CURVE_WITH_KNOTS('',3,(#2605,#2606,#2607,#2608,#2609,#2610),
 .UNSPECIFIED.,.F.,.F.,(4,2,4),(0.,0.012707997625791,0.0247779586523174),
 .UNSPECIFIED.);
#94=B_SPLINE_CURVE_WITH_KNOTS('',3,(#2616,#2617,#2618,#2619,#2620,#2621,
#2622,#2623),.UNSPECIFIED.,.F.,.F.,(4,2,2,4),(0.,0.0332265107314815,0.0509170479795455,
0.0674637508657201),.UNSPECIFIED.);
#95=B_SPLINE_CURVE_WITH_KNOTS('',3,(#2627,#2628,#2629,#2630,#2631,#2632),
 .UNSPECIFIED.,.F.,.F.,(4,2,4),(0.,0.0142667011584271,0.0286779917107324),
 .UNSPECIFIED.);
#96=B_SPLINE_CURVE_WITH_KNOTS('',3,(#2634,#2635,#2636,#2637,#2638,#2639),
 .UNSPECIFIED.,.F.,.F.,(4,2,4),(0.,0.0222104273103958,0.0441348062953082),
 .UNSPECIFIED.);
#97=B_SPLINE_CURVE_WITH_KNOTS('',3,(#2641,#2642,#2643,#2644,#2645,#2646),
 .UNSPECIFIED.,.F.,.F.,(4,2,4),(0.,0.0210087916222056,0.0423959454998715),
 .UNSPECIFIED.);
#98=B_SPLINE_CURVE_WITH_KNOTS('',3,(#2648,#2649,#2650,#2651,#2652,#2653),
 .UNSPECIFIED.,.F.,.F.,(4,2,4),(0.,0.0185458707902758,0.0370664425991842),
 .UNSPECIFIED.);
#99=B_SPLINE_CURVE_WITH_KNOTS('',3,(#2655,#2656,#2657,#2658,#2659,#2660),
 .UNSPECIFIED.,.F.,.F.,(4,2,4),(0.,0.0268452858811665,0.0515152215101689),
 .UNSPECIFIED.);
#100=B_SPLINE_CURVE_WITH_KNOTS('',3,(#2662,#2663,#2664,#2665,#2666,#2667),
 .UNSPECIFIED.,.F.,.F.,(4,2,4),(0.,0.0352339007203616,0.0704749628787047),
 .UNSPECIFIED.);
#101=B_SPLINE_CURVE_WITH_KNOTS('',3,(#2669,#2670,#2671,#2672,#2673,#2674),
 .UNSPECIFIED.,.F.,.F.,(4,2,4),(0.,0.0408692529397196,0.0818032904664945),
 .UNSPECIFIED.);
#102=B_SPLINE_CURVE_WITH_KNOTS('',3,(#2676,#2677,#2678,#2679,#2680,#2681),
 .UNSPECIFIED.,.F.,.F.,(4,2,4),(0.,0.0440380366885894,0.0880054211094477),
 .UNSPECIFIED.);
#103=B_SPLINE_CURVE_WITH_KNOTS('',3,(#2683,#2684,#2685,#2686,#2687,#2688),
 .UNSPECIFIED.,.F.,.F.,(4,2,4),(0.,0.0295464987669116,0.0591215085199813),
 .UNSPECIFIED.);
#104=B_SPLINE_CURVE_WITH_KNOTS('',3,(#2690,#2691,#2692,#2693,#2694,#2695),
 .UNSPECIFIED.,.F.,.F.,(4,2,4),(0.,0.0267057658220029,0.05345627148941),
 .UNSPECIFIED.);
#105=B_SPLINE_CURVE_WITH_KNOTS('',3,(#2697,#2698,#2699,#2700,#2701,#2702),
 .UNSPECIFIED.,.F.,.F.,(4,2,4),(0.,0.0281889803853619,0.0563315128976336),
 .UNSPECIFIED.);
#106=B_SPLINE_CURVE_WITH_KNOTS('',3,(#2704,#2705,#2706,#2707,#2708,#2709),
 .UNSPECIFIED.,.F.,.F.,(4,2,4),(0.,0.0382735421181851,0.0765388401962806),
 .UNSPECIFIED.);
#107=B_SPLINE_CURVE_WITH_KNOTS('',3,(#2717,#2718,#2719,#2720,#2721,#2722),
 .UNSPECIFIED.,.F.,.F.,(4,2,4),(0.,0.0367830948116218,0.0754897969022385),
 .UNSPECIFIED.);
#108=B_SPLINE_CURVE_WITH_KNOTS('',3,(#2724,#2725,#2726,#2727,#2728,#2729),
 .UNSPECIFIED.,.F.,.F.,(4,2,4),(0.,0.025062184713823,0.0501008750923326),
 .UNSPECIFIED.);
#109=B_SPLINE_CURVE_WITH_KNOTS('',3,(#2731,#2732,#2733,#2734,#2735,#2736),
 .UNSPECIFIED.,.F.,.F.,(4,2,4),(0.,0.0314041699035662,0.0625715110804277),
 .UNSPECIFIED.);
#110=B_SPLINE_CURVE_WITH_KNOTS('',3,(#2737,#2738,#2739,#2740,#2741,#2742),
 .UNSPECIFIED.,.F.,.F.,(4,2,4),(0.,0.0336090351400453,0.0675225840342431),
 .UNSPECIFIED.);
#111=B_SPLINE_CURVE_WITH_KNOTS('',3,(#2753,#2754,#2755,#2756,#2757,#2758,
#2759,#2760),.UNSPECIFIED.,.F.,.F.,(4,2,2,4),(0.,0.0430609289612296,0.0646879337357333,
0.0875519477679396),.UNSPECIFIED.);
#112=B_SPLINE_CURVE_WITH_KNOTS('',3,(#2762,#2763,#2764,#2765,#2766,#2767),
 .UNSPECIFIED.,.F.,.F.,(4,2,4),(0.,0.0185882143715375,0.0371975989357039),
 .UNSPECIFIED.);
#113=B_SPLINE_CURVE_WITH_KNOTS('',3,(#2769,#2770,#2771,#2772,#2773,#2774),
 .UNSPECIFIED.,.F.,.F.,(4,2,4),(0.,0.0157814230901439,0.0316784157743738),
 .UNSPECIFIED.);
#114=B_SPLINE_CURVE_WITH_KNOTS('',3,(#2776,#2777,#2778,#2779,#2780,#2781),
 .UNSPECIFIED.,.F.,.F.,(4,2,4),(0.,0.0158104304497821,0.0315859055476908),
 .UNSPECIFIED.);
#115=B_SPLINE_CURVE_WITH_KNOTS('',3,(#2783,#2784,#2785,#2786,#2787,#2788),
 .UNSPECIFIED.,.F.,.F.,(4,2,4),(0.,0.0205392830021016,0.0398627707545158),
 .UNSPECIFIED.);
#116=B_SPLINE_CURVE_WITH_KNOTS('',3,(#2796,#2797,#2798,#2799,#2800,#2801),
 .UNSPECIFIED.,.F.,.F.,(4,2,4),(0.,0.0170736219781652,0.0348004096143245),
 .UNSPECIFIED.);
#117=B_SPLINE_CURVE_WITH_KNOTS('',3,(#2803,#2804,#2805,#2806,#2807,#2808),
 .UNSPECIFIED.,.F.,.F.,(4,2,4),(0.,0.0125312960499511,0.0250552354197103),
 .UNSPECIFIED.);
#118=B_SPLINE_CURVE_WITH_KNOTS('',3,(#2810,#2811,#2812,#2813,#2814,#2815),
 .UNSPECIFIED.,.F.,.F.,(4,2,4),(0.,0.014364491023948,0.0286910980118286),
 .UNSPECIFIED.);
#119=B_SPLINE_CURVE_WITH_KNOTS('',3,(#2817,#2818,#2819,#2820,#2821,#2822),
 .UNSPECIFIED.,.F.,.F.,(4,2,4),(0.,0.0225290693311504,0.0450617494244717),
 .UNSPECIFIED.);
#120=B_SPLINE_CURVE_WITH_KNOTS('',3,(#2824,#2825,#2826,#2827,#2828,#2829),
 .UNSPECIFIED.,.F.,.F.,(4,2,4),(0.,0.0352944368404571,0.0691486399618851),
 .UNSPECIFIED.);
#121=B_SPLINE_CURVE_WITH_KNOTS('',3,(#2913,#2914,#2915,#2916,#2917,#2918),
 .UNSPECIFIED.,.F.,.F.,(4,2,4),(0.,0.0352944368404571,0.0691486399618851),
 .UNSPECIFIED.);
#122=B_SPLINE_CURVE_WITH_KNOTS('',3,(#2933,#2934,#2935,#2936,#2937,#2938),
 .UNSPECIFIED.,.F.,.F.,(4,2,4),(0.,0.0225290693311504,0.0450617494244717),
 .UNSPECIFIED.);
#123=B_SPLINE_CURVE_WITH_KNOTS('',3,(#2953,#2954,#2955,#2956,#2957,#2958),
 .UNSPECIFIED.,.F.,.F.,(4,2,4),(0.,0.014364491023948,0.0286910980118286),
 .UNSPECIFIED.);
#124=B_SPLINE_CURVE_WITH_KNOTS('',3,(#2973,#2974,#2975,#2976,#2977,#2978),
 .UNSPECIFIED.,.F.,.F.,(4,2,4),(0.,0.0125312960499511,0.0250552354197103),
 .UNSPECIFIED.);
#125=B_SPLINE_CURVE_WITH_KNOTS('',3,(#2993,#2994,#2995,#2996,#2997,#2998),
 .UNSPECIFIED.,.F.,.F.,(4,2,4),(0.,0.0170736219781652,0.0348004096143245),
 .UNSPECIFIED.);
#126=B_SPLINE_CURVE_WITH_KNOTS('',3,(#3025,#3026,#3027,#3028,#3029,#3030),
 .UNSPECIFIED.,.F.,.F.,(4,2,4),(0.,0.0205392830021016,0.0398627707545158),
 .UNSPECIFIED.);
#127=B_SPLINE_CURVE_WITH_KNOTS('',3,(#3045,#3046,#3047,#3048,#3049,#3050),
 .UNSPECIFIED.,.F.,.F.,(4,2,4),(0.,0.0158104304497821,0.0315859055476908),
 .UNSPECIFIED.);
#128=B_SPLINE_CURVE_WITH_KNOTS('',3,(#3065,#3066,#3067,#3068,#3069,#3070),
 .UNSPECIFIED.,.F.,.F.,(4,2,4),(0.,0.0157814230901439,0.0316784157743738),
 .UNSPECIFIED.);
#129=B_SPLINE_CURVE_WITH_KNOTS('',3,(#3085,#3086,#3087,#3088,#3089,#3090),
 .UNSPECIFIED.,.F.,.F.,(4,2,4),(0.,0.0185882143715375,0.0371975989357039),
 .UNSPECIFIED.);
#130=B_SPLINE_CURVE_WITH_KNOTS('',3,(#3109,#3110,#3111,#3112,#3113,#3114,
#3115,#3116),.UNSPECIFIED.,.F.,.F.,(4,2,2,4),(0.,0.0430609289612296,0.0646879337357333,
0.0875519477679396),.UNSPECIFIED.);
#131=B_SPLINE_CURVE_WITH_KNOTS('',3,(#3142,#3143,#3144,#3145,#3146,#3147),
 .UNSPECIFIED.,.F.,.F.,(4,2,4),(0.,0.0358625415666401,0.0710376667548228),
 .UNSPECIFIED.);
#132=B_SPLINE_CURVE_WITH_KNOTS('',3,(#3151,#3152,#3153,#3154,#3155,#3156),
 .UNSPECIFIED.,.F.,.F.,(4,2,4),(0.,0.0358625415666401,0.0710376667548228),
 .UNSPECIFIED.);
#133=B_SPLINE_CURVE_WITH_KNOTS('',3,(#3171,#3172,#3173,#3174,#3175,#3176),
 .UNSPECIFIED.,.F.,.F.,(4,2,4),(0.,0.0253986048841328,0.0507758191150394),
 .UNSPECIFIED.);
#134=B_SPLINE_CURVE_WITH_KNOTS('',3,(#3179,#3180,#3181,#3182,#3183,#3184),
 .UNSPECIFIED.,.F.,.F.,(4,2,4),(0.,0.0253986048841328,0.0507758191150394),
 .UNSPECIFIED.);
#135=B_SPLINE_CURVE_WITH_KNOTS('',3,(#3198,#3199,#3200,#3201,#3202,#3203),
 .UNSPECIFIED.,.F.,.F.,(4,2,4),(0.,0.0249248332929355,0.0498702187061294),
 .UNSPECIFIED.);
#136=B_SPLINE_CURVE_WITH_KNOTS('',3,(#3206,#3207,#3208,#3209,#3210,#3211),
 .UNSPECIFIED.,.F.,.F.,(4,2,4),(0.,0.0249248332929355,0.0498702187061294),
 .UNSPECIFIED.);
#137=B_SPLINE_CURVE_WITH_KNOTS('',3,(#3225,#3226,#3227,#3228,#3229,#3230),
 .UNSPECIFIED.,.F.,.F.,(4,2,4),(0.,0.03260249070149,0.0658131807316772),
 .UNSPECIFIED.);
#138=B_SPLINE_CURVE_WITH_KNOTS('',3,(#3233,#3234,#3235,#3236,#3237,#3238),
 .UNSPECIFIED.,.F.,.F.,(4,2,4),(0.,0.03260249070149,0.0658131807316772),
 .UNSPECIFIED.);
#139=B_SPLINE_CURVE_WITH_KNOTS('',3,(#3252,#3253,#3254,#3255,#3256,#3257),
 .UNSPECIFIED.,.F.,.F.,(4,2,4),(0.,0.0373574712667259,0.0737838290635232),
 .UNSPECIFIED.);
#140=B_SPLINE_CURVE_WITH_KNOTS('',3,(#3260,#3261,#3262,#3263,#3264,#3265),
 .UNSPECIFIED.,.F.,.F.,(4,2,4),(0.,0.0373574712667259,0.0737838290635232),
 .UNSPECIFIED.);
#141=B_SPLINE_CURVE_WITH_KNOTS('',3,(#3279,#3280,#3281,#3282,#3283,#3284),
 .UNSPECIFIED.,.F.,.F.,(4,2,4),(0.,0.024998419127789,0.0499948069923404),
 .UNSPECIFIED.);
#142=B_SPLINE_CURVE_WITH_KNOTS('',3,(#3287,#3288,#3289,#3290,#3291,#3292),
 .UNSPECIFIED.,.F.,.F.,(4,2,4),(0.,0.024998419127789,0.0499948069923404),
 .UNSPECIFIED.);
#143=B_SPLINE_CURVE_WITH_KNOTS('',3,(#3306,#3307,#3308,#3309,#3310,#3311),
 .UNSPECIFIED.,.F.,.F.,(4,2,4),(0.,0.0247840442754632,0.0495690174364355),
 .UNSPECIFIED.);
#144=B_SPLINE_CURVE_WITH_KNOTS('',3,(#3314,#3315,#3316,#3317,#3318,#3319),
 .UNSPECIFIED.,.F.,.F.,(4,2,4),(0.,0.0247840442754632,0.0495690174364355),
 .UNSPECIFIED.);
#145=B_SPLINE_CURVE_WITH_KNOTS('',3,(#3332,#3333,#3334,#3335,#3336,#3337),
 .UNSPECIFIED.,.F.,.F.,(4,2,4),(0.,0.0335522011846735,0.0680532312081365),
 .UNSPECIFIED.);
#146=B_SPLINE_CURVE_WITH_KNOTS('',3,(#3338,#3339,#3340,#3341,#3342,#3343),
 .UNSPECIFIED.,.F.,.F.,(4,2,4),(0.,0.0335522011846735,0.0680532312081365),
 .UNSPECIFIED.);
#147=B_SPLINE_CURVE_WITH_KNOTS('',3,(#3363,#3364,#3365,#3366,#3367,#3368,
#3369,#3370),.UNSPECIFIED.,.F.,.F.,(4,2,2,4),(0.,0.0332265107314815,0.0509170479795455,
0.0674637508657201),.UNSPECIFIED.);
#148=B_SPLINE_CURVE_WITH_KNOTS('',3,(#3386,#3387,#3388,#3389,#3390,#3391),
 .UNSPECIFIED.,.F.,.F.,(4,2,4),(0.,0.0336090351400453,0.0675225840342431),
 .UNSPECIFIED.);
#149=B_SPLINE_CURVE_WITH_KNOTS('',3,(#3406,#3407,#3408,#3409,#3410,#3411),
 .UNSPECIFIED.,.F.,.F.,(4,2,4),(0.,0.0314041699035662,0.0625715110804277),
 .UNSPECIFIED.);
#150=B_SPLINE_CURVE_WITH_KNOTS('',3,(#3426,#3427,#3428,#3429,#3430,#3431),
 .UNSPECIFIED.,.F.,.F.,(4,2,4),(0.,0.025062184713823,0.0501008750923326),
 .UNSPECIFIED.);
#151=B_SPLINE_CURVE_WITH_KNOTS('',3,(#3446,#3447,#3448,#3449,#3450,#3451),
 .UNSPECIFIED.,.F.,.F.,(4,2,4),(0.,0.0367830948116218,0.0754897969022385),
 .UNSPECIFIED.);
#152=B_SPLINE_CURVE_WITH_KNOTS('',3,(#3478,#3479,#3480,#3481,#3482,#3483),
 .UNSPECIFIED.,.F.,.F.,(4,2,4),(0.,0.0382735421181851,0.0765388401962806),
 .UNSPECIFIED.);
#153=B_SPLINE_CURVE_WITH_KNOTS('',3,(#3498,#3499,#3500,#3501,#3502,#3503),
 .UNSPECIFIED.,.F.,.F.,(4,2,4),(0.,0.0281889803853619,0.0563315128976336),
 .UNSPECIFIED.);
#154=B_SPLINE_CURVE_WITH_KNOTS('',3,(#3518,#3519,#3520,#3521,#3522,#3523),
 .UNSPECIFIED.,.F.,.F.,(4,2,4),(0.,0.0267057658220029,0.05345627148941),
 .UNSPECIFIED.);
#155=B_SPLINE_CURVE_WITH_KNOTS('',3,(#3538,#3539,#3540,#3541,#3542,#3543),
 .UNSPECIFIED.,.F.,.F.,(4,2,4),(0.,0.0295464987669116,0.0591215085199813),
 .UNSPECIFIED.);
#156=B_SPLINE_CURVE_WITH_KNOTS('',3,(#3558,#3559,#3560,#3561,#3562,#3563),
 .UNSPECIFIED.,.F.,.F.,(4,2,4),(0.,0.0440380366885894,0.0880054211094477),
 .UNSPECIFIED.);
#157=B_SPLINE_CURVE_WITH_KNOTS('',3,(#3578,#3579,#3580,#3581,#3582,#3583),
 .UNSPECIFIED.,.F.,.F.,(4,2,4),(0.,0.0408692529397196,0.0818032904664945),
 .UNSPECIFIED.);
#158=B_SPLINE_CURVE_WITH_KNOTS('',3,(#3598,#3599,#3600,#3601,#3602,#3603),
 .UNSPECIFIED.,.F.,.F.,(4,2,4),(0.,0.0352339007203616,0.0704749628787047),
 .UNSPECIFIED.);
#159=B_SPLINE_CURVE_WITH_KNOTS('',3,(#3618,#3619,#3620,#3621,#3622,#3623),
 .UNSPECIFIED.,.F.,.F.,(4,2,4),(0.,0.0268452858811665,0.0515152215101689),
 .UNSPECIFIED.);
#160=B_SPLINE_CURVE_WITH_KNOTS('',3,(#3638,#3639,#3640,#3641,#3642,#3643),
 .UNSPECIFIED.,.F.,.F.,(4,2,4),(0.,0.0185458707902758,0.0370664425991842),
 .UNSPECIFIED.);
#161=B_SPLINE_CURVE_WITH_KNOTS('',3,(#3658,#3659,#3660,#3661,#3662,#3663),
 .UNSPECIFIED.,.F.,.F.,(4,2,4),(0.,0.0210087916222056,0.0423959454998715),
 .UNSPECIFIED.);
#162=B_SPLINE_CURVE_WITH_KNOTS('',3,(#3678,#3679,#3680,#3681,#3682,#3683),
 .UNSPECIFIED.,.F.,.F.,(4,2,4),(0.,0.0222104273103958,0.0441348062953082),
 .UNSPECIFIED.);
#163=B_SPLINE_CURVE_WITH_KNOTS('',3,(#3698,#3699,#3700,#3701,#3702,#3703),
 .UNSPECIFIED.,.F.,.F.,(4,2,4),(0.,0.0142667011584271,0.0286779917107324),
 .UNSPECIFIED.);
#164=B_SPLINE_CURVE_WITH_KNOTS('',3,(#3735,#3736,#3737,#3738,#3739,#3740),
 .UNSPECIFIED.,.F.,.F.,(4,2,4),(0.,0.0297057635790871,0.0586318299713734),
 .UNSPECIFIED.);
#165=B_SPLINE_CURVE_WITH_KNOTS('',3,(#3743,#3744,#3745,#3746,#3747,#3748),
 .UNSPECIFIED.,.F.,.F.,(4,2,4),(0.,0.0297057635790871,0.0586318299713734),
 .UNSPECIFIED.);
#166=B_SPLINE_CURVE_WITH_KNOTS('',3,(#3762,#3763,#3764,#3765,#3766,#3767),
 .UNSPECIFIED.,.F.,.F.,(4,2,4),(0.,0.0202197967060211,0.0404418262505778),
 .UNSPECIFIED.);
#167=B_SPLINE_CURVE_WITH_KNOTS('',3,(#3770,#3771,#3772,#3773,#3774,#3775),
 .UNSPECIFIED.,.F.,.F.,(4,2,4),(0.,0.0202197967060211,0.0404418262505778),
 .UNSPECIFIED.);
#168=B_SPLINE_CURVE_WITH_KNOTS('',3,(#3789,#3790,#3791,#3792,#3793,#3794),
 .UNSPECIFIED.,.F.,.F.,(4,2,4),(0.,0.0144189562100365,0.0288386824198043),
 .UNSPECIFIED.);
#169=B_SPLINE_CURVE_WITH_KNOTS('',3,(#3797,#3798,#3799,#3800,#3801,#3802),
 .UNSPECIFIED.,.F.,.F.,(4,2,4),(0.,0.0144189562100365,0.0288386824198043),
 .UNSPECIFIED.);
#170=B_SPLINE_CURVE_WITH_KNOTS('',3,(#3816,#3817,#3818,#3819,#3820,#3821),
 .UNSPECIFIED.,.F.,.F.,(4,2,4),(0.,0.0151858527661327,0.0303978863788757),
 .UNSPECIFIED.);
#171=B_SPLINE_CURVE_WITH_KNOTS('',3,(#3824,#3825,#3826,#3827,#3828,#3829),
 .UNSPECIFIED.,.F.,.F.,(4,2,4),(0.,0.0151858527661327,0.0303978863788757),
 .UNSPECIFIED.);
#172=B_SPLINE_CURVE_WITH_KNOTS('',3,(#3843,#3844,#3845,#3846,#3847,#3848),
 .UNSPECIFIED.,.F.,.F.,(4,2,4),(0.,0.0216397702018285,0.0438437921398568),
 .UNSPECIFIED.);
#173=B_SPLINE_CURVE_WITH_KNOTS('',3,(#3851,#3852,#3853,#3854,#3855,#3856),
 .UNSPECIFIED.,.F.,.F.,(4,2,4),(0.,0.0216397702018285,0.0438437921398568),
 .UNSPECIFIED.);
#174=B_SPLINE_CURVE_WITH_KNOTS('',3,(#3888,#3889,#3890,#3891,#3892,#3893),
 .UNSPECIFIED.,.F.,.F.,(4,2,4),(0.,0.012707997625791,0.0247779586523174),
 .UNSPECIFIED.);
#175=B_SPLINE_CURVE_WITH_KNOTS('',3,(#3908,#3909,#3910,#3911,#3912,#3913),
 .UNSPECIFIED.,.F.,.F.,(4,2,4),(0.,0.00992982274717233,0.0198724949614285),
 .UNSPECIFIED.);
#176=B_SPLINE_CURVE_WITH_KNOTS('',3,(#3928,#3929,#3930,#3931,#3932,#3933),
 .UNSPECIFIED.,.F.,.F.,(4,2,4),(0.,0.0143661798461651,0.0291352300566133),
 .UNSPECIFIED.);
#177=B_SPLINE_CURVE_WITH_KNOTS('',3,(#3948,#3949,#3950,#3951,#3952,#3953),
 .UNSPECIFIED.,.F.,.F.,(4,2,4),(0.,0.0251622372859233,0.0510791287429564),
 .UNSPECIFIED.);
#178=B_SPLINE_CURVE_WITH_KNOTS('',3,(#3980,#3981,#3982,#3983,#3984,#3985),
 .UNSPECIFIED.,.F.,.F.,(4,2,4),(0.,0.0279506949428318,0.0557846258245115),
 .UNSPECIFIED.);
#179=B_SPLINE_CURVE_WITH_KNOTS('',3,(#4000,#4001,#4002,#4003,#4004,#4005),
 .UNSPECIFIED.,.F.,.F.,(4,2,4),(0.,0.014190889170897,0.0286878721940488),
 .UNSPECIFIED.);
#180=B_SPLINE_CURVE_WITH_KNOTS('',3,(#4020,#4021,#4022,#4023,#4024,#4025),
 .UNSPECIFIED.,.F.,.F.,(4,2,4),(0.,0.0402435988755873,0.0798339111634642),
 .UNSPECIFIED.);
#181=B_SPLINE_CURVE_WITH_KNOTS('',3,(#4040,#4041,#4042,#4043,#4044,#4045),
 .UNSPECIFIED.,.F.,.F.,(4,2,4),(0.,0.0300907376715192,0.0601969217665818),
 .UNSPECIFIED.);
#182=B_SPLINE_CURVE_WITH_KNOTS('',3,(#4060,#4061,#4062,#4063,#4064,#4065),
 .UNSPECIFIED.,.F.,.F.,(4,2,4),(0.,0.0243642075322713,0.0487248871223417),
 .UNSPECIFIED.);
#183=B_SPLINE_CURVE_WITH_KNOTS('',3,(#4080,#4081,#4082,#4083,#4084,#4085),
 .UNSPECIFIED.,.F.,.F.,(4,2,4),(0.,0.0233977819070127,0.046779273289181),
 .UNSPECIFIED.);
#184=B_SPLINE_CURVE_WITH_KNOTS('',3,(#4100,#4101,#4102,#4103,#4104,#4105),
 .UNSPECIFIED.,.F.,.F.,(4,2,4),(0.,0.0310591609003279,0.0631303035794052),
 .UNSPECIFIED.);
#185=B_SPLINE_CURVE_WITH_KNOTS('',3,(#4118,#4119,#4120,#4121,#4122,#4123,
#4124,#4125,#4126,#4127,#4128,#4129),.UNSPECIFIED.,.F.,.F.,(4,2,2,2,2,4),
(-1.73276470536889,-0.947696683550787,-0.43678762944727,-0.189193909720869,
-0.0779303665808327,0.),.UNSPECIFIED.);
#186=B_SPLINE_CURVE_WITH_KNOTS('',3,(#4131,#4132,#4133,#4134,#4135,#4136),
 .UNSPECIFIED.,.F.,.F.,(4,2,4),(-0.242461510705437,-0.122355288247865,0.),
 .UNSPECIFIED.);
#187=B_SPLINE_CURVE_WITH_KNOTS('',3,(#4138,#4139,#4140,#4141,#4142,#4143,
#4144,#4145,#4146,#4147,#4148,#4149),.UNSPECIFIED.,.F.,.F.,(4,2,2,2,2,4),
(-0.508724597895138,-0.456103378679404,-0.404575618833659,-0.348072942556872,
-0.208855592447451,-9.99995647871232E-7),.UNSPECIFIED.);
#188=B_SPLINE_CURVE_WITH_KNOTS('',3,(#4409,#4410,#4411,#4412,#4413,#4414,
#4415,#4416,#4417,#4418,#4419,#4420,#4421,#4422,#4423,#4424),
 .UNSPECIFIED.,.F.,.F.,(4,1,2,1,1,1,1,1,1,1,1,1,4),(-10.,-9.75,-9.5,-9.,
-8.,-7.,-6.,-5.,-4.,-3.,-2.,-1.,-0.136863012977889),.UNSPECIFIED.);
#189=B_SPLINE_CURVE_WITH_KNOTS('',3,(#4426,#4427,#4428,#4429,#4430,#4431,
#4432,#4433,#4434,#4435,#4436),.UNSPECIFIED.,.F.,.F.,(4,1,2,1,2,1,4),(-2.,
-1.75,-1.5,-1.,-0.5,-0.25,0.),.UNSPECIFIED.);
#190=B_SPLINE_CURVE_WITH_KNOTS('',3,(#4437,#4438,#4439,#4440,#4441,#4442,
#4443,#4444,#4445,#4446,#4447,#4448,#4449,#4450,#4451,#4452),
 .UNSPECIFIED.,.F.,.F.,(4,1,1,1,1,1,1,1,1,1,2,1,4),(-9.82698030591728,-9.,
-8.,-7.,-6.,-5.,-4.,-3.,-2.,-1.,-0.5,-0.25,0.),.UNSPECIFIED.);
#191=B_SPLINE_CURVE_WITH_KNOTS('',3,(#4777,#4778,#4779,#4780,#4781,#4782,
#4783,#4784,#4785,#4786),.UNSPECIFIED.,.F.,.F.,(4,1,1,1,2,1,4),(4.,5.,6.,
7.,7.5,7.75,8.),.UNSPECIFIED.);
#192=B_SPLINE_CURVE_WITH_KNOTS('',3,(#4787,#4788,#4789,#4790,#4791,#4792,
#4793,#4794,#4795,#4796,#4797,#4798,#4799,#4800,#4801,#4802,#4803,#4804,
#4805,#4806,#4807,#4808,#4809,#4810,#4811,#4812,#4813,#4814,#4815,#4816,
#4817,#4818,#4819,#4820,#4821,#4822,#4823,#4824,#4825,#4826,#4827,#4828,
#4829,#4830,#4831,#4832,#4833,#4834,#4835,#4836,#4837,#4838,#4839,#4840,
#4841,#4842,#4843,#4844,#4845,#4846,#4847,#4848,#4849,#4850,#4851,#4852,
#4853,#4854,#4855,#4856,#4857,#4858,#4859,#4860,#4861,#4862,#4863,#4864,
#4865,#4866,#4867,#4868,#4869,#4870,#4871,#4872,#4873,#4874,#4875,#4876,
#4877,#4878,#4879,#4880,#4881,#4882,#4883,#4884,#4885,#4886,#4887,#4888,
#4889,#4890,#4891,#4892,#4893,#4894,#4895,#4896,#4897,#4898,#4899,#4900,
#4901,#4902,#4903,#4904,#4905,#4906,#4907,#4908,#4909,#4910,#4911,#4912,
#4913,#4914,#4915,#4916,#4917,#4918,#4919,#4920,#4921,#4922,#4923,#4924,
#4925,#4926,#4927,#4928,#4929,#4930,#4931,#4932,#4933,#4934,#4935,#4936,
#4937,#4938,#4939,#4940,#4941,#4942,#4943,#4944,#4945,#4946,#4947,#4948,
#4949,#4950,#4951,#4952,#4953,#4954,#4955,#4956,#4957,#4958,#4959,#4960,
#4961,#4962,#4963,#4964,#4965,#4966,#4967,#4968,#4969,#4970,#4971,#4972,
#4973,#4974,#4975,#4976,#4977,#4978,#4979,#4980,#4981,#4982,#4983,#4984,
#4985,#4986,#4987,#4988,#4989,#4990,#4991,#4992,#4993,#4994,#4995,#4996,
#4997,#4998,#4999,#5000,#5001,#5002,#5003,#5004,#5005,#5006,#5007,#5008,
#5009,#5010,#5011,#5012,#5013,#5014,#5015,#5016,#5017,#5018,#5019,#5020,
#5021,#5022,#5023,#5024,#5025,#5026,#5027,#5028,#5029,#5030,#5031,#5032,
#5033,#5034,#5035,#5036,#5037,#5038,#5039,#5040,#5041,#5042,#5043,#5044,
#5045,#5046,#5047,#5048,#5049,#5050,#5051,#5052,#5053,#5054,#5055,#5056,
#5057,#5058,#5059,#5060,#5061,#5062,#5063,#5064,#5065,#5066,#5067,#5068,
#5069,#5070,#5071,#5072,#5073,#5074,#5075,#5076,#5077,#5078,#5079,#5080,
#5081,#5082,#5083,#5084,#5085,#5086,#5087,#5088,#5089,#5090,#5091,#5092,
#5093,#5094,#5095,#5096,#5097,#5098,#5099,#5100,#5101,#5102,#5103,#5104,
#5105,#5106,#5107,#5108,#5109,#5110,#5111),.UNSPECIFIED.,.F.,.F.,(4,3,3,
3,3,3,3,3,3,3,3,3,3,3,3,3,3,3,3,3,3,3,3,3,3,3,3,3,3,3,3,3,3,3,3,3,3,3,3,
3,3,3,3,3,3,3,3,3,3,3,3,3,3,3,3,3,3,3,3,3,3,3,3,3,3,3,3,3,3,3,3,3,3,3,3,
3,3,3,3,3,3,3,3,3,3,3,3,3,3,3,3,3,3,3,3,3,3,3,3,3,3,3,3,3,3,3,3,3,4),(0.10949527625006,
0.151095524437037,0.202175386261437,0.259435044893201,0.300770271897165,
0.324854856126849,0.355051049309074,0.38693316347189,0.422598734401697,
0.460064607195622,0.498496498536771,0.535659571389456,0.57042171330129,
0.580166025520844,0.586616113095507,0.630153471567727,0.672257730910347,
0.692128031132255,0.713186220956782,0.73511703347812,0.75804947311916,0.78217469061106,
0.80780133097382,0.836969650953059,0.869373981141228,0.901484437585135,
0.929423063780754,0.954221612579148,0.976642450701692,0.997918287786429,
1.01779177699276,1.02861725897433,1.04905898577712,1.07112883072654,1.09642425698004,
1.1245732791886,1.13688847640485,1.14266925222291,1.14751851469526,1.15015193415762,
1.15928328011275,1.19363337569218,1.21978499356524,1.24289291540625,1.26334494135867,
1.28274555623536,1.30218099544195,1.31960760308048,1.32161643464854,1.33997026812717,
1.35899694795999,1.3790827671403,1.40103987682512,1.42901872682894,1.45731528488329,
1.47032454647499,1.47326687089271,1.47629513997339,1.48828891050214,1.51539645167938,
1.53839291464812,1.56138937761686,1.57868050715089,1.59719029414787,1.61744555695249,
1.64118762302175,1.66526881036779,1.6817866129524,1.68484064370059,1.71201539223292,
1.74360992775697,1.76885130486521,1.7907411976289,1.79741123104467,1.81769818952048,
1.83768178850351,1.85563350680747,1.87286428065999,1.88943702244673,1.90540824457856,
1.92082822022836,1.93548011937785,1.94974943694836,1.96365820916654,1.97756698138473,
1.999865867028,2.02349241939826,2.05023093694602,2.07527769144296,2.08040237441914,
2.09445099219759,2.10032444593989,2.11495227398327,2.13082230484051,2.14910846685823,
2.16907275850126,2.18582972097752,2.20058618410483,2.20503578205844,2.21873727652366,
2.23086669845866,2.24249893118722,2.25375156252635,2.26470734202677,2.27542748011623,
2.28587759777743,2.29621141530356,2.30640677693161,2.31464773778019),
 .UNSPECIFIED.);
#193=B_SPLINE_CURVE_WITH_KNOTS('',3,(#5360,#5361,#5362,#5363,#5364,#5365,
#5366,#5367,#5368,#5369,#5370,#5371,#5372,#5373,#5374,#5375,#5376,#5377,
#5378,#5379,#5380,#5381,#5382,#5383,#5384,#5385,#5386,#5387,#5388,#5389,
#5390,#5391,#5392,#5393,#5394,#5395,#5396,#5397,#5398,#5399,#5400,#5401,
#5402,#5403,#5404,#5405,#5406,#5407,#5408,#5409,#5410,#5411,#5412,#5413,
#5414,#5415,#5416,#5417,#5418,#5419,#5420,#5421,#5422,#5423,#5424,#5425,
#5426,#5427,#5428,#5429,#5430,#5431,#5432,#5433,#5434,#5435,#5436,#5437,
#5438,#5439,#5440,#5441,#5442,#5443,#5444,#5445,#5446,#5447),
 .UNSPECIFIED.,.F.,.F.,(4,3,3,3,3,3,3,3,3,3,3,3,3,3,3,3,3,3,3,3,3,3,3,3,
3,3,3,3,3,4),(0.,0.0892719201505215,0.19141549081995,0.26014478657674,0.285918272485537,
0.296978134095484,0.302922882001013,0.325682495026287,0.375917907616991,
0.425271036979804,0.46633267384711,0.511345797642834,0.556032411169565,
0.600309431371075,0.61748897436482,0.62106038069446,0.623756522266141,0.652650115163059,
0.683031533769337,0.714672452151702,0.748576108384345,0.759951547086064,
0.765287915078017,0.797826460967897,0.827688223465838,0.830633947328248,
0.833267136644639,0.861347883554911,0.863982879043465,0.897451701010975),
 .UNSPECIFIED.);
#194=B_SPLINE_CURVE_WITH_KNOTS('',3,(#5448,#5449,#5450,#5451,#5452,#5453,
#5454,#5455,#5456,#5457),.UNSPECIFIED.,.F.,.F.,(4,1,1,1,2,1,4),(4.,5.,6.,
7.,7.5,7.75,8.),.UNSPECIFIED.);
#195=B_SPLINE_CURVE_WITH_KNOTS('',3,(#5781,#5782,#5783,#5784,#5785,#5786,
#5787,#5788,#5789,#5790,#5791,#5792,#5793,#5794,#5795,#5796,#5797,#5798,
#5799,#5800,#5801,#5802,#5803,#5804,#5805,#5806,#5807,#5808,#5809,#5810,
#5811,#5812,#5813,#5814,#5815,#5816,#5817,#5818,#5819,#5820,#5821,#5822,
#5823,#5824,#5825,#5826,#5827,#5828,#5829,#5830,#5831,#5832,#5833,#5834,
#5835,#5836,#5837,#5838,#5839,#5840,#5841,#5842,#5843,#5844,#5845,#5846,
#5847,#5848,#5849,#5850,#5851,#5852,#5853,#5854,#5855,#5856,#5857,#5858,
#5859,#5860,#5861,#5862,#5863,#5864,#5865,#5866,#5867,#5868,#5869,#5870,
#5871,#5872,#5873,#5874,#5875,#5876,#5877,#5878,#5879,#5880,#5881,#5882,
#5883,#5884,#5885,#5886,#5887,#5888,#5889,#5890,#5891,#5892,#5893,#5894,
#5895,#5896,#5897,#5898,#5899,#5900,#5901,#5902,#5903,#5904,#5905,#5906,
#5907,#5908,#5909,#5910,#5911,#5912,#5913,#5914,#5915,#5916,#5917,#5918,
#5919,#5920,#5921,#5922,#5923,#5924,#5925,#5926,#5927,#5928,#5929,#5930,
#5931,#5932,#5933,#5934,#5935,#5936,#5937,#5938,#5939,#5940,#5941,#5942,
#5943,#5944,#5945,#5946,#5947,#5948,#5949,#5950,#5951,#5952,#5953,#5954,
#5955,#5956,#5957,#5958,#5959,#5960,#5961,#5962,#5963,#5964,#5965,#5966,
#5967,#5968,#5969,#5970,#5971,#5972,#5973,#5974,#5975,#5976,#5977,#5978,
#5979,#5980,#5981,#5982,#5983,#5984,#5985,#5986,#5987,#5988,#5989,#5990,
#5991,#5992,#5993,#5994,#5995,#5996,#5997,#5998,#5999,#6000,#6001,#6002,
#6003,#6004,#6005,#6006,#6007,#6008,#6009,#6010,#6011,#6012,#6013,#6014,
#6015,#6016,#6017,#6018,#6019,#6020,#6021,#6022,#6023,#6024,#6025,#6026,
#6027,#6028,#6029,#6030,#6031,#6032,#6033,#6034,#6035,#6036,#6037,#6038,
#6039,#6040,#6041,#6042,#6043,#6044,#6045,#6046,#6047,#6048,#6049,#6050,
#6051,#6052,#6053,#6054,#6055,#6056,#6057,#6058,#6059,#6060,#6061,#6062,
#6063,#6064,#6065,#6066,#6067,#6068,#6069,#6070,#6071,#6072,#6073,#6074,
#6075,#6076,#6077,#6078,#6079,#6080,#6081,#6082,#6083,#6084,#6085,#6086,
#6087,#6088,#6089,#6090,#6091,#6092,#6093,#6094,#6095,#6096,#6097,#6098,
#6099,#6100,#6101,#6102,#6103,#6104,#6105,#6106,#6107,#6108,#6109,#6110,
#6111,#6112,#6113,#6114,#6115,#6116,#6117,#6118,#6119,#6120,#6121,#6122,
#6123,#6124,#6125,#6126,#6127,#6128,#6129,#6130,#6131,#6132,#6133,#6134,
#6135,#6136,#6137,#6138,#6139,#6140,#6141,#6142,#6143,#6144,#6145,#6146,
#6147,#6148,#6149,#6150,#6151,#6152,#6153,#6154,#6155,#6156,#6157,#6158,
#6159,#6160,#6161,#6162,#6163,#6164,#6165,#6166,#6167,#6168,#6169,#6170,
#6171,#6172,#6173,#6174,#6175,#6176,#6177,#6178,#6179,#6180,#6181,#6182,
#6183,#6184,#6185,#6186,#6187,#6188,#6189,#6190,#6191,#6192,#6193,#6194,
#6195,#6196,#6197,#6198,#6199,#6200,#6201,#6202,#6203,#6204,#6205,#6206,
#6207,#6208,#6209,#6210,#6211,#6212,#6213,#6214,#6215,#6216,#6217,#6218,
#6219,#6220,#6221,#6222,#6223,#6224,#6225,#6226,#6227,#6228,#6229,#6230,
#6231,#6232,#6233,#6234,#6235,#6236,#6237,#6238,#6239,#6240,#6241,#6242,
#6243,#6244,#6245,#6246,#6247,#6248,#6249,#6250,#6251,#6252,#6253,#6254,
#6255,#6256,#6257,#6258,#6259,#6260,#6261,#6262,#6263,#6264,#6265,#6266,
#6267,#6268,#6269,#6270,#6271,#6272,#6273,#6274,#6275,#6276,#6277,#6278,
#6279,#6280,#6281,#6282,#6283,#6284,#6285,#6286,#6287,#6288,#6289,#6290,
#6291,#6292,#6293,#6294,#6295,#6296,#6297,#6298,#6299,#6300,#6301,#6302,
#6303,#6304,#6305,#6306,#6307,#6308,#6309,#6310,#6311,#6312,#6313,#6314,
#6315,#6316,#6317,#6318,#6319,#6320,#6321,#6322,#6323,#6324,#6325,#6326,
#6327,#6328,#6329,#6330,#6331,#6332,#6333,#6334,#6335,#6336,#6337,#6338,
#6339,#6340,#6341,#6342,#6343,#6344,#6345,#6346,#6347,#6348,#6349,#6350,
#6351,#6352,#6353,#6354,#6355,#6356,#6357,#6358,#6359,#6360,#6361,#6362,
#6363,#6364,#6365,#6366,#6367,#6368,#6369,#6370,#6371,#6372,#6373,#6374,
#6375,#6376,#6377,#6378,#6379,#6380,#6381,#6382,#6383,#6384,#6385,#6386,
#6387),.UNSPECIFIED.,.F.,.F.,(4,3,3,3,3,3,3,3,3,3,3,3,3,3,3,3,3,3,3,3,3,
3,3,3,3,3,3,3,3,3,3,3,3,3,3,3,3,3,3,3,3,3,3,3,3,3,3,3,3,3,3,3,3,3,3,3,3,
3,3,3,3,3,3,3,3,3,3,3,3,3,3,3,3,3,3,3,3,3,3,3,3,3,3,3,3,3,3,3,3,3,3,3,3,
3,3,3,3,3,3,3,3,3,3,3,3,3,3,3,3,3,3,3,3,3,3,3,3,3,3,3,3,3,3,3,3,3,3,3,3,
3,3,3,3,3,3,3,3,3,3,3,3,3,3,3,3,3,3,3,3,3,3,3,3,3,3,3,3,3,3,3,3,3,3,3,3,
3,3,3,3,3,3,3,3,3,3,3,3,3,3,3,3,3,3,3,3,3,3,3,3,3,3,3,3,3,3,3,3,3,3,3,3,
3,4),(0.,0.0138088210123705,0.0280565860261462,0.0427771809325561,0.0580095867627356,
0.0737996400932055,0.0902029095063455,0.107289646767739,0.125583208179067,
0.144849498765994,0.165351537915678,0.174544717930461,0.178024499458809,
0.180815837439132,0.201299959367763,0.223728785562741,0.250959585722737,
0.283674160273908,0.308210091187286,0.328169993847956,0.346854533927433,
0.364336208927427,0.380937318142493,0.381817883927421,0.383435737594137,
0.402256892179408,0.420553138609026,0.438501450964035,0.456221987100884,
0.474029205263592,0.491552823220668,0.509501841486193,0.527450859751718,
0.530015076464951,0.560032838368897,0.590161644408139,0.620643416709521,
0.651439811878762,0.682940858354869,0.695693399337993,0.713544943956997,
0.732381943255125,0.752359879506653,0.773683792068327,0.79664010614914,
0.82166784556873,0.849723052695069,0.883823465013263,0.907385432658925,
0.918688634432421,0.924063454374013,0.93379644601517,0.994473298133249,
1.05261180931059,1.09902202631862,1.13947025657493,1.17781923068264,1.21453539646598,
1.24932106118036,1.26081494734386,1.28629690680904,1.31316731477409,1.34190766239597,
1.37360936831938,1.4078204403016,1.43775512828603,1.44211245402578,1.44455017152666,
1.44671853260985,1.47179095905575,1.49372933219592,1.51292540869356,1.529721975629,
1.54441897169751,1.55804470919187,1.57087535230874,1.58302849428531,1.59459441876795,
1.60564460460842,1.61605793950058,1.62607905824819,1.63579623877293,1.64512367289978,
1.64729794417708,1.6552951570328,1.66270412581296,1.67006194865247,1.67743025066717,
1.68486272424834,1.69249318704857,1.70029024616302,1.70842387694718,1.71127564702284,
1.71287131347558,1.72332375833721,1.73419878203566,1.7457534126625,1.75776400506244,
1.77021737380086,1.78313314856604,1.79606127283084,1.80856868834347,1.81581088245857,
1.82639240557151,1.83719840650308,1.84836787725195,1.86011259494421,1.87286319527279,
1.88845462089973,1.90748648587366,1.92062463146656,1.93218652947611,1.94329288926286,
1.95395038994635,1.96458208079546,1.97374896367993,1.98345576565784,1.99425822431487,
2.00605040697366,2.02015410639198,2.0225727857417,2.02519156540478,2.03398047739734,
2.04405881321499,2.05423339550752,2.06331833280096,2.07186977118267,2.07382984083015,
2.07485085895453,2.08804091298845,2.1038606039015,2.11819232229188,2.13102701680667,
2.13637282444183,2.15119820203738,2.16541095582196,2.17886472373251,2.19063677065424,
2.20093731171075,2.2099502851352,2.2142077610368,2.21691665717694,2.22111449902741,
2.22968056107591,2.23770481965109,2.24538158080979,2.25280663742847,2.26020026088318,
2.26775482447492,2.27304109910633,2.27381254281462,2.28653496868694,2.29898928625224,
2.31130268145501,2.3235554970094,2.33576980811459,2.34794845803854,2.35999862960374,
2.36633775179838,2.38093340651828,2.39584225206948,2.4110021292695,2.42642268449761,
2.44195692133018,2.4575806390748,2.46607648869557,2.47351035711375,2.47557016309346,
2.48710912921236,2.49858738792806,2.51014092457662,2.52195074292071,2.52554743604101,
2.52709970297484,2.52786891968819,2.52914685194344,2.54180044677334,2.55505695022041,
2.56898247911974,2.58365166427792,2.59960160400152,2.61645211590548,2.63427794731644,
2.65366797531445,2.67392737632436,2.69517877810189,2.70450306080639,2.72702987394954,
2.75615173411817,2.77869722009003,2.79798040838691,2.81486617695525,2.81653649682143,
2.81812178722909,2.85184874037734,2.88038386830941,2.90500729261789,2.9254004692257,
2.93143651328944,2.93488303432385,2.93850908019472,3.01385096752085,3.06815270548036),
 .UNSPECIFIED.);
#196=PLANE('',#2089);
#197=PLANE('',#2092);
#198=PLANE('',#2093);
#199=PLANE('',#2094);
#200=PLANE('',#2095);
#201=PLANE('',#2096);
#202=PLANE('',#2097);
#203=PLANE('',#2098);
#204=PLANE('',#2099);
#205=PLANE('',#2100);
#206=PLANE('',#2101);
#207=PLANE('',#2102);
#208=PLANE('',#2103);
#209=PLANE('',#2104);
#210=PLANE('',#2105);
#211=PLANE('',#2106);
#212=PLANE('',#2107);
#213=PLANE('',#2108);
#214=PLANE('',#2109);
#215=PLANE('',#2110);
#216=PLANE('',#2111);
#217=PLANE('',#2112);
#218=PLANE('',#2113);
#219=PLANE('',#2114);
#220=PLANE('',#2115);
#221=PLANE('',#2116);
#222=PLANE('',#2117);
#223=PLANE('',#2118);
#224=PLANE('',#2119);
#225=PLANE('',#2120);
#226=PLANE('',#2121);
#227=PLANE('',#2122);
#228=PLANE('',#2123);
#229=PLANE('',#2124);
#230=PLANE('',#2125);
#231=PLANE('',#2126);
#232=PLANE('',#2127);
#233=PLANE('',#2128);
#234=PLANE('',#2129);
#235=PLANE('',#2130);
#236=PLANE('',#2134);
#237=PLANE('',#2147);
#238=PLANE('',#2148);
#239=PLANE('',#2149);
#240=PLANE('',#2150);
#241=PLANE('',#2151);
#242=PLANE('',#2152);
#243=SPHERICAL_SURFACE('',#2080,6.);
#244=SPHERICAL_SURFACE('',#2085,6.);
#245=FACE_OUTER_BOUND('',#360,.T.);
#246=FACE_OUTER_BOUND('',#361,.T.);
#247=FACE_OUTER_BOUND('',#362,.T.);
#248=FACE_OUTER_BOUND('',#363,.T.);
#249=FACE_OUTER_BOUND('',#364,.T.);
#250=FACE_OUTER_BOUND('',#365,.T.);
#251=FACE_OUTER_BOUND('',#366,.T.);
#252=FACE_OUTER_BOUND('',#372,.T.);
#253=FACE_OUTER_BOUND('',#373,.T.);
#254=FACE_OUTER_BOUND('',#374,.T.);
#255=FACE_OUTER_BOUND('',#375,.T.);
#256=FACE_OUTER_BOUND('',#376,.T.);
#257=FACE_OUTER_BOUND('',#377,.T.);
#258=FACE_OUTER_BOUND('',#378,.T.);
#259=FACE_OUTER_BOUND('',#379,.T.);
#260=FACE_OUTER_BOUND('',#380,.T.);
#261=FACE_OUTER_BOUND('',#381,.T.);
#262=FACE_OUTER_BOUND('',#382,.T.);
#263=FACE_OUTER_BOUND('',#383,.T.);
#264=FACE_OUTER_BOUND('',#384,.T.);
#265=FACE_OUTER_BOUND('',#385,.T.);
#266=FACE_OUTER_BOUND('',#386,.T.);
#267=FACE_OUTER_BOUND('',#387,.T.);
#268=FACE_OUTER_BOUND('',#388,.T.);
#269=FACE_OUTER_BOUND('',#389,.T.);
#270=FACE_OUTER_BOUND('',#390,.T.);
#271=FACE_OUTER_BOUND('',#391,.T.);
#272=FACE_OUTER_BOUND('',#392,.T.);
#273=FACE_OUTER_BOUND('',#393,.T.);
#274=FACE_OUTER_BOUND('',#394,.T.);
#275=FACE_OUTER_BOUND('',#395,.T.);
#276=FACE_OUTER_BOUND('',#396,.T.);
#277=FACE_OUTER_BOUND('',#397,.T.);
#278=FACE_OUTER_BOUND('',#398,.T.);
#279=FACE_OUTER_BOUND('',#399,.T.);
#280=FACE_OUTER_BOUND('',#400,.T.);
#281=FACE_OUTER_BOUND('',#401,.T.);
#282=FACE_OUTER_BOUND('',#402,.T.);
#283=FACE_OUTER_BOUND('',#403,.T.);
#284=FACE_OUTER_BOUND('',#404,.T.);
#285=FACE_OUTER_BOUND('',#405,.T.);
#286=FACE_OUTER_BOUND('',#406,.T.);
#287=FACE_OUTER_BOUND('',#407,.T.);
#288=FACE_OUTER_BOUND('',#408,.T.);
#289=FACE_OUTER_BOUND('',#409,.T.);
#290=FACE_OUTER_BOUND('',#410,.T.);
#291=FACE_OUTER_BOUND('',#411,.T.);
#292=FACE_OUTER_BOUND('',#412,.T.);
#293=FACE_OUTER_BOUND('',#413,.T.);
#294=FACE_OUTER_BOUND('',#414,.T.);
#295=FACE_OUTER_BOUND('',#415,.T.);
#296=FACE_OUTER_BOUND('',#416,.T.);
#297=FACE_OUTER_BOUND('',#417,.T.);
#298=FACE_OUTER_BOUND('',#418,.T.);
#299=FACE_OUTER_BOUND('',#419,.T.);
#300=FACE_OUTER_BOUND('',#420,.T.);
#301=FACE_OUTER_BOUND('',#421,.T.);
#302=FACE_OUTER_BOUND('',#422,.T.);
#303=FACE_OUTER_BOUND('',#423,.T.);
#304=FACE_OUTER_BOUND('',#424,.T.);
#305=FACE_OUTER_BOUND('',#425,.T.);
#306=FACE_OUTER_BOUND('',#426,.T.);
#307=FACE_OUTER_BOUND('',#427,.T.);
#308=FACE_OUTER_BOUND('',#428,.T.);
#309=FACE_OUTER_BOUND('',#429,.T.);
#310=FACE_OUTER_BOUND('',#430,.T.);
#311=FACE_OUTER_BOUND('',#431,.T.);
#312=FACE_OUTER_BOUND('',#432,.T.);
#313=FACE_OUTER_BOUND('',#434,.T.);
#314=FACE_OUTER_BOUND('',#435,.T.);
#315=FACE_OUTER_BOUND('',#436,.T.);
#316=FACE_OUTER_BOUND('',#437,.T.);
#317=FACE_OUTER_BOUND('',#438,.T.);
#318=FACE_OUTER_BOUND('',#439,.T.);
#319=FACE_OUTER_BOUND('',#440,.T.);
#320=FACE_OUTER_BOUND('',#441,.T.);
#321=FACE_OUTER_BOUND('',#442,.T.);
#322=FACE_OUTER_BOUND('',#443,.T.);
#323=FACE_OUTER_BOUND('',#444,.T.);
#324=FACE_OUTER_BOUND('',#445,.T.);
#325=FACE_OUTER_BOUND('',#446,.T.);
#326=FACE_OUTER_BOUND('',#447,.T.);
#327=FACE_OUTER_BOUND('',#448,.T.);
#328=FACE_OUTER_BOUND('',#449,.T.);
#329=FACE_OUTER_BOUND('',#450,.T.);
#330=FACE_OUTER_BOUND('',#451,.T.);
#331=FACE_OUTER_BOUND('',#452,.T.);
#332=FACE_OUTER_BOUND('',#453,.T.);
#333=FACE_OUTER_BOUND('',#454,.T.);
#334=FACE_OUTER_BOUND('',#455,.T.);
#335=FACE_OUTER_BOUND('',#456,.T.);
#336=FACE_OUTER_BOUND('',#457,.T.);
#337=FACE_OUTER_BOUND('',#458,.T.);
#338=FACE_OUTER_BOUND('',#459,.T.);
#339=FACE_OUTER_BOUND('',#460,.T.);
#340=FACE_OUTER_BOUND('',#461,.T.);
#341=FACE_OUTER_BOUND('',#463,.T.);
#342=FACE_OUTER_BOUND('',#464,.T.);
#343=FACE_OUTER_BOUND('',#468,.T.);
#344=FACE_OUTER_BOUND('',#469,.T.);
#345=FACE_OUTER_BOUND('',#470,.T.);
#346=FACE_OUTER_BOUND('',#471,.T.);
#347=FACE_OUTER_BOUND('',#472,.T.);
#348=FACE_OUTER_BOUND('',#473,.T.);
#349=FACE_OUTER_BOUND('',#474,.T.);
#350=FACE_OUTER_BOUND('',#475,.T.);
#351=FACE_OUTER_BOUND('',#476,.T.);
#352=FACE_OUTER_BOUND('',#477,.T.);
#353=FACE_OUTER_BOUND('',#478,.T.);
#354=FACE_OUTER_BOUND('',#479,.T.);
#355=FACE_OUTER_BOUND('',#480,.T.);
#356=FACE_OUTER_BOUND('',#481,.T.);
#357=FACE_OUTER_BOUND('',#482,.T.);
#358=FACE_OUTER_BOUND('',#483,.T.);
#359=FACE_OUTER_BOUND('',#484,.T.);
#360=EDGE_LOOP('',(#1337,#1338,#1339,#1340));
#361=EDGE_LOOP('',(#1341,#1342,#1343,#1344));
#362=EDGE_LOOP('',(#1345,#1346,#1347));
#363=EDGE_LOOP('',(#1348,#1349,#1350,#1351));
#364=EDGE_LOOP('',(#1352,#1353,#1354));
#365=EDGE_LOOP('',(#1355,#1356,#1357,#1358));
#366=EDGE_LOOP('',(#1359,#1360,#1361,#1362));
#367=EDGE_LOOP('',(#1363,#1364,#1365,#1366,#1367,#1368,#1369,#1370,#1371,
#1372,#1373,#1374,#1375,#1376,#1377,#1378,#1379,#1380,#1381));
#368=EDGE_LOOP('',(#1382,#1383,#1384,#1385,#1386,#1387,#1388,#1389,#1390,
#1391,#1392,#1393,#1394,#1395,#1396,#1397,#1398,#1399,#1400,#1401,#1402));
#369=EDGE_LOOP('',(#1403,#1404,#1405,#1406,#1407,#1408,#1409,#1410,#1411,
#1412,#1413,#1414,#1415,#1416,#1417,#1418,#1419,#1420));
#370=EDGE_LOOP('',(#1421,#1422,#1423,#1424));
#371=EDGE_LOOP('',(#1425,#1426,#1427,#1428));
#372=EDGE_LOOP('',(#1429,#1430,#1431,#1432));
#373=EDGE_LOOP('',(#1433,#1434,#1435,#1436));
#374=EDGE_LOOP('',(#1437,#1438,#1439,#1440));
#375=EDGE_LOOP('',(#1441,#1442,#1443,#1444));
#376=EDGE_LOOP('',(#1445,#1446,#1447,#1448));
#377=EDGE_LOOP('',(#1449,#1450,#1451,#1452));
#378=EDGE_LOOP('',(#1453,#1454,#1455,#1456));
#379=EDGE_LOOP('',(#1457,#1458,#1459,#1460));
#380=EDGE_LOOP('',(#1461,#1462,#1463,#1464));
#381=EDGE_LOOP('',(#1465,#1466,#1467,#1468));
#382=EDGE_LOOP('',(#1469,#1470,#1471,#1472));
#383=EDGE_LOOP('',(#1473,#1474,#1475,#1476));
#384=EDGE_LOOP('',(#1477,#1478,#1479,#1480));
#385=EDGE_LOOP('',(#1481,#1482,#1483,#1484));
#386=EDGE_LOOP('',(#1485,#1486,#1487,#1488));
#387=EDGE_LOOP('',(#1489,#1490,#1491,#1492));
#388=EDGE_LOOP('',(#1493,#1494,#1495,#1496));
#389=EDGE_LOOP('',(#1497,#1498,#1499,#1500));
#390=EDGE_LOOP('',(#1501,#1502,#1503,#1504));
#391=EDGE_LOOP('',(#1505,#1506,#1507,#1508));
#392=EDGE_LOOP('',(#1509,#1510,#1511,#1512));
#393=EDGE_LOOP('',(#1513,#1514,#1515,#1516));
#394=EDGE_LOOP('',(#1517,#1518,#1519,#1520));
#395=EDGE_LOOP('',(#1521,#1522,#1523,#1524));
#396=EDGE_LOOP('',(#1525,#1526,#1527,#1528));
#397=EDGE_LOOP('',(#1529,#1530,#1531,#1532));
#398=EDGE_LOOP('',(#1533,#1534,#1535,#1536));
#399=EDGE_LOOP('',(#1537,#1538,#1539,#1540));
#400=EDGE_LOOP('',(#1541,#1542,#1543,#1544));
#401=EDGE_LOOP('',(#1545,#1546,#1547,#1548));
#402=EDGE_LOOP('',(#1549,#1550,#1551,#1552,#1553,#1554,#1555,#1556,#1557,
#1558,#1559,#1560,#1561,#1562,#1563,#1564,#1565,#1566));
#403=EDGE_LOOP('',(#1567,#1568,#1569,#1570));
#404=EDGE_LOOP('',(#1571,#1572,#1573,#1574));
#405=EDGE_LOOP('',(#1575,#1576,#1577,#1578));
#406=EDGE_LOOP('',(#1579,#1580,#1581,#1582));
#407=EDGE_LOOP('',(#1583,#1584,#1585,#1586));
#408=EDGE_LOOP('',(#1587,#1588,#1589,#1590));
#409=EDGE_LOOP('',(#1591,#1592,#1593,#1594));
#410=EDGE_LOOP('',(#1595,#1596,#1597,#1598));
#411=EDGE_LOOP('',(#1599,#1600,#1601,#1602));
#412=EDGE_LOOP('',(#1603,#1604,#1605,#1606));
#413=EDGE_LOOP('',(#1607,#1608,#1609,#1610));
#414=EDGE_LOOP('',(#1611,#1612,#1613,#1614));
#415=EDGE_LOOP('',(#1615,#1616,#1617,#1618));
#416=EDGE_LOOP('',(#1619,#1620,#1621,#1622));
#417=EDGE_LOOP('',(#1623,#1624,#1625,#1626));
#418=EDGE_LOOP('',(#1627,#1628,#1629,#1630));
#419=EDGE_LOOP('',(#1631,#1632,#1633,#1634));
#420=EDGE_LOOP('',(#1635,#1636,#1637,#1638));
#421=EDGE_LOOP('',(#1639,#1640,#1641,#1642));
#422=EDGE_LOOP('',(#1643,#1644,#1645,#1646));
#423=EDGE_LOOP('',(#1647,#1648,#1649,#1650));
#424=EDGE_LOOP('',(#1651,#1652,#1653,#1654));
#425=EDGE_LOOP('',(#1655,#1656,#1657,#1658));
#426=EDGE_LOOP('',(#1659,#1660,#1661,#1662));
#427=EDGE_LOOP('',(#1663,#1664,#1665,#1666));
#428=EDGE_LOOP('',(#1667,#1668,#1669,#1670));
#429=EDGE_LOOP('',(#1671,#1672,#1673,#1674));
#430=EDGE_LOOP('',(#1675,#1676,#1677,#1678));
#431=EDGE_LOOP('',(#1679,#1680,#1681,#1682));
#432=EDGE_LOOP('',(#1683,#1684,#1685,#1686,#1687,#1688,#1689,#1690,#1691,
#1692,#1693,#1694,#1695,#1696,#1697,#1698,#1699,#1700,#1701,#1702,#1703));
#433=EDGE_LOOP('',(#1704,#1705,#1706,#1707,#1708,#1709,#1710,#1711));
#434=EDGE_LOOP('',(#1712,#1713,#1714,#1715));
#435=EDGE_LOOP('',(#1716,#1717,#1718,#1719));
#436=EDGE_LOOP('',(#1720,#1721,#1722,#1723));
#437=EDGE_LOOP('',(#1724,#1725,#1726,#1727));
#438=EDGE_LOOP('',(#1728,#1729,#1730,#1731));
#439=EDGE_LOOP('',(#1732,#1733,#1734,#1735));
#440=EDGE_LOOP('',(#1736,#1737,#1738,#1739));
#441=EDGE_LOOP('',(#1740,#1741,#1742,#1743));
#442=EDGE_LOOP('',(#1744,#1745,#1746,#1747));
#443=EDGE_LOOP('',(#1748,#1749,#1750,#1751));
#444=EDGE_LOOP('',(#1752,#1753,#1754,#1755));
#445=EDGE_LOOP('',(#1756,#1757,#1758,#1759));
#446=EDGE_LOOP('',(#1760,#1761,#1762,#1763));
#447=EDGE_LOOP('',(#1764,#1765,#1766,#1767));
#448=EDGE_LOOP('',(#1768,#1769,#1770,#1771));
#449=EDGE_LOOP('',(#1772,#1773,#1774,#1775));
#450=EDGE_LOOP('',(#1776,#1777,#1778,#1779));
#451=EDGE_LOOP('',(#1780,#1781,#1782,#1783));
#452=EDGE_LOOP('',(#1784,#1785,#1786,#1787));
#453=EDGE_LOOP('',(#1788,#1789,#1790,#1791));
#454=EDGE_LOOP('',(#1792,#1793,#1794,#1795));
#455=EDGE_LOOP('',(#1796,#1797,#1798,#1799));
#456=EDGE_LOOP('',(#1800,#1801,#1802,#1803));
#457=EDGE_LOOP('',(#1804,#1805,#1806,#1807));
#458=EDGE_LOOP('',(#1808,#1809,#1810,#1811));
#459=EDGE_LOOP('',(#1812,#1813,#1814,#1815));
#460=EDGE_LOOP('',(#1816,#1817,#1818,#1819));
#461=EDGE_LOOP('',(#1820,#1821,#1822,#1823,#1824,#1825,#1826,#1827,#1828,
#1829,#1830,#1831,#1832,#1833,#1834,#1835,#1836,#1837,#1838));
#462=EDGE_LOOP('',(#1839,#1840,#1841,#1842,#1843,#1844,#1845,#1846));
#463=EDGE_LOOP('',(#1847,#1848,#1849,#1850,#1851,#1852,#1853,#1854));
#464=EDGE_LOOP('',(#1855,#1856,#1857,#1858,#1859,#1860,#1861,#1862,#1863,
#1864));
#465=EDGE_LOOP('',(#1865));
#466=EDGE_LOOP('',(#1866));
#467=EDGE_LOOP('',(#1867));
#468=EDGE_LOOP('',(#1868,#1869,#1870,#1871,#1872,#1873,#1874,#1875));
#469=EDGE_LOOP('',(#1876,#1877,#1878,#1879));
#470=EDGE_LOOP('',(#1880,#1881,#1882,#1883));
#471=EDGE_LOOP('',(#1884,#1885,#1886,#1887));
#472=EDGE_LOOP('',(#1888,#1889,#1890,#1891));
#473=EDGE_LOOP('',(#1892,#1893,#1894,#1895));
#474=EDGE_LOOP('',(#1896,#1897,#1898,#1899));
#475=EDGE_LOOP('',(#1900));
#476=EDGE_LOOP('',(#1901));
#477=EDGE_LOOP('',(#1902));
#478=EDGE_LOOP('',(#1903,#1904,#1905,#1906));
#479=EDGE_LOOP('',(#1907,#1908,#1909,#1910));
#480=EDGE_LOOP('',(#1911,#1912,#1913,#1914));
#481=EDGE_LOOP('',(#1915,#1916,#1917,#1918));
#482=EDGE_LOOP('',(#1919,#1920,#1921,#1922,#1923,#1924,#1925,#1926,#1927,
#1928));
#483=EDGE_LOOP('',(#1929,#1930,#1931,#1932));
#484=EDGE_LOOP('',(#1933,#1934,#1935,#1936));
#485=LINE('',#2487,#653);
#486=LINE('',#2490,#654);
#487=LINE('',#2495,#655);
#488=LINE('',#2498,#656);
#489=LINE('',#2506,#657);
#490=LINE('',#2508,#658);
#491=LINE('',#2513,#659);
#492=LINE('',#2516,#660);
#493=LINE('',#2519,#661);
#494=LINE('',#2520,#662);
#495=LINE('',#2523,#663);
#496=LINE('',#2525,#664);
#497=LINE('',#2527,#665);
#498=LINE('',#2578,#666);
#499=LINE('',#2580,#667);
#500=LINE('',#2582,#668);
#501=LINE('',#2612,#669);
#502=LINE('',#2613,#670);
#503=LINE('',#2625,#671);
#504=LINE('',#2711,#672);
#505=LINE('',#2713,#673);
#506=LINE('',#2715,#674);
#507=LINE('',#2745,#675);
#508=LINE('',#2747,#676);
#509=LINE('',#2749,#677);
#510=LINE('',#2751,#678);
#511=LINE('',#2790,#679);
#512=LINE('',#2792,#680);
#513=LINE('',#2794,#681);
#514=LINE('',#2830,#682);
#515=LINE('',#2833,#683);
#516=LINE('',#2835,#684);
#517=LINE('',#2837,#685);
#518=LINE('',#2838,#686);
#519=LINE('',#2841,#687);
#520=LINE('',#2843,#688);
#521=LINE('',#2845,#689);
#522=LINE('',#2846,#690);
#523=LINE('',#2849,#691);
#524=LINE('',#2853,#692);
#525=LINE('',#2854,#693);
#526=LINE('',#2857,#694);
#527=LINE('',#2859,#695);
#528=LINE('',#2860,#696);
#529=LINE('',#2863,#697);
#530=LINE('',#2864,#698);
#531=LINE('',#2867,#699);
#532=LINE('',#2868,#700);
#533=LINE('',#2870,#701);
#534=LINE('',#2874,#702);
#535=LINE('',#2876,#703);
#536=LINE('',#2877,#704);
#537=LINE('',#2880,#705);
#538=LINE('',#2881,#706);
#539=LINE('',#2884,#707);
#540=LINE('',#2885,#708);
#541=LINE('',#2887,#709);
#542=LINE('',#2891,#710);
#543=LINE('',#2893,#711);
#544=LINE('',#2894,#712);
#545=LINE('',#2897,#713);
#546=LINE('',#2898,#714);
#547=LINE('',#2912,#715);
#548=LINE('',#2932,#716);
#549=LINE('',#2952,#717);
#550=LINE('',#2972,#718);
#551=LINE('',#2992,#719);
#552=LINE('',#3001,#720);
#553=LINE('',#3002,#721);
#554=LINE('',#3005,#722);
#555=LINE('',#3006,#723);
#556=LINE('',#3009,#724);
#557=LINE('',#3010,#725);
#558=LINE('',#3024,#726);
#559=LINE('',#3044,#727);
#560=LINE('',#3064,#728);
#561=LINE('',#3084,#729);
#562=LINE('',#3108,#730);
#563=LINE('',#3119,#731);
#564=LINE('',#3120,#732);
#565=LINE('',#3123,#733);
#566=LINE('',#3124,#734);
#567=LINE('',#3126,#735);
#568=LINE('',#3149,#736);
#569=LINE('',#3157,#737);
#570=LINE('',#3178,#738);
#571=LINE('',#3205,#739);
#572=LINE('',#3232,#740);
#573=LINE('',#3259,#741);
#574=LINE('',#3286,#742);
#575=LINE('',#3313,#743);
#576=LINE('',#3361,#744);
#577=LINE('',#3371,#745);
#578=LINE('',#3385,#746);
#579=LINE('',#3405,#747);
#580=LINE('',#3425,#748);
#581=LINE('',#3445,#749);
#582=LINE('',#3454,#750);
#583=LINE('',#3455,#751);
#584=LINE('',#3458,#752);
#585=LINE('',#3459,#753);
#586=LINE('',#3462,#754);
#587=LINE('',#3463,#755);
#588=LINE('',#3477,#756);
#589=LINE('',#3497,#757);
#590=LINE('',#3517,#758);
#591=LINE('',#3537,#759);
#592=LINE('',#3557,#760);
#593=LINE('',#3577,#761);
#594=LINE('',#3597,#762);
#595=LINE('',#3617,#763);
#596=LINE('',#3637,#764);
#597=LINE('',#3657,#765);
#598=LINE('',#3677,#766);
#599=LINE('',#3697,#767);
#600=LINE('',#3705,#768);
#601=LINE('',#3710,#769);
#602=LINE('',#3712,#770);
#603=LINE('',#3714,#771);
#604=LINE('',#3715,#772);
#605=LINE('',#3718,#773);
#606=LINE('',#3720,#774);
#607=LINE('',#3721,#775);
#608=LINE('',#3742,#776);
#609=LINE('',#3769,#777);
#610=LINE('',#3796,#778);
#611=LINE('',#3823,#779);
#612=LINE('',#3850,#780);
#613=LINE('',#3858,#781);
#614=LINE('',#3859,#782);
#615=LINE('',#3862,#783);
#616=LINE('',#3864,#784);
#617=LINE('',#3865,#785);
#618=LINE('',#3868,#786);
#619=LINE('',#3869,#787);
#620=LINE('',#3872,#788);
#621=LINE('',#3873,#789);
#622=LINE('',#3887,#790);
#623=LINE('',#3907,#791);
#624=LINE('',#3927,#792);
#625=LINE('',#3947,#793);
#626=LINE('',#3956,#794);
#627=LINE('',#3957,#795);
#628=LINE('',#3960,#796);
#629=LINE('',#3961,#797);
#630=LINE('',#3964,#798);
#631=LINE('',#3965,#799);
#632=LINE('',#3979,#800);
#633=LINE('',#3999,#801);
#634=LINE('',#4019,#802);
#635=LINE('',#4039,#803);
#636=LINE('',#4059,#804);
#637=LINE('',#4079,#805);
#638=LINE('',#4099,#806);
#639=LINE('',#4108,#807);
#640=LINE('',#4109,#808);
#641=LINE('',#4111,#809);
#642=LINE('',#4116,#810);
#643=LINE('',#4151,#811);
#644=LINE('',#4152,#812);
#645=LINE('',#4163,#813);
#646=LINE('',#4166,#814);
#647=LINE('',#4171,#815);
#648=LINE('',#4174,#816);
#649=LINE('',#4179,#817);
#650=LINE('',#4182,#818);
#651=LINE('',#6389,#819);
#652=LINE('',#6390,#820);
#653=VECTOR('',#2159,10.);
#654=VECTOR('',#2162,10.);
#655=VECTOR('',#2167,10.);
#656=VECTOR('',#2170,10.);
#657=VECTOR('',#2179,10.);
#658=VECTOR('',#2182,10.);
#659=VECTOR('',#2189,10.);
#660=VECTOR('',#2192,10.);
#661=VECTOR('',#2195,10.);
#662=VECTOR('',#2196,10.);
#663=VECTOR('',#2197,10.);
#664=VECTOR('',#2198,9.99999999999999);
#665=VECTOR('',#2199,10.);
#666=VECTOR('',#2200,10.);
#667=VECTOR('',#2201,10.);
#668=VECTOR('',#2202,10.);
#669=VECTOR('',#2203,10.);
#670=VECTOR('',#2204,10.);
#671=VECTOR('',#2205,10.);
#672=VECTOR('',#2206,10.);
#673=VECTOR('',#2207,10.);
#674=VECTOR('',#2208,10.);
#675=VECTOR('',#2209,10.);
#676=VECTOR('',#2210,10.);
#677=VECTOR('',#2211,10.);
#678=VECTOR('',#2212,10.);
#679=VECTOR('',#2213,10.);
#680=VECTOR('',#2214,10.);
#681=VECTOR('',#2215,9.99999999999999);
#682=VECTOR('',#2216,10.);
#683=VECTOR('',#2217,10.);
#684=VECTOR('',#2218,10.);
#685=VECTOR('',#2219,10.);
#686=VECTOR('',#2220,10.);
#687=VECTOR('',#2221,10.);
#688=VECTOR('',#2222,10.);
#689=VECTOR('',#2223,10.);
#690=VECTOR('',#2224,10.);
#691=VECTOR('',#2227,10.);
#692=VECTOR('',#2232,9.99999999999998);
#693=VECTOR('',#2233,10.);
#694=VECTOR('',#2236,10.);
#695=VECTOR('',#2237,10.);
#696=VECTOR('',#2238,10.);
#697=VECTOR('',#2241,10.);
#698=VECTOR('',#2242,10.);
#699=VECTOR('',#2245,10.);
#700=VECTOR('',#2246,10.);
#701=VECTOR('',#2249,10.);
#702=VECTOR('',#2254,10.);
#703=VECTOR('',#2255,10.);
#704=VECTOR('',#2256,10.);
#705=VECTOR('',#2259,10.);
#706=VECTOR('',#2260,10.);
#707=VECTOR('',#2263,10.);
#708=VECTOR('',#2264,10.);
#709=VECTOR('',#2267,10.);
#710=VECTOR('',#2272,10.);
#711=VECTOR('',#2273,10.);
#712=VECTOR('',#2274,10.);
#713=VECTOR('',#2277,10.);
#714=VECTOR('',#2278,10.);
#715=VECTOR('',#2279,10.);
#716=VECTOR('',#2280,10.);
#717=VECTOR('',#2281,10.);
#718=VECTOR('',#2282,10.);
#719=VECTOR('',#2283,10.);
#720=VECTOR('',#2286,10.);
#721=VECTOR('',#2287,9.99999999999999);
#722=VECTOR('',#2290,10.);
#723=VECTOR('',#2291,10.);
#724=VECTOR('',#2294,10.);
#725=VECTOR('',#2295,10.);
#726=VECTOR('',#2296,10.);
#727=VECTOR('',#2297,10.);
#728=VECTOR('',#2298,10.);
#729=VECTOR('',#2299,10.);
#730=VECTOR('',#2300,10.);
#731=VECTOR('',#2303,10.);
#732=VECTOR('',#2304,10.);
#733=VECTOR('',#2307,10.);
#734=VECTOR('',#2308,10.);
#735=VECTOR('',#2311,10.);
#736=VECTOR('',#2314,10.);
#737=VECTOR('',#2315,10.);
#738=VECTOR('',#2316,10.);
#739=VECTOR('',#2317,10.);
#740=VECTOR('',#2318,10.);
#741=VECTOR('',#2319,10.);
#742=VECTOR('',#2320,10.);
#743=VECTOR('',#2321,10.);
#744=VECTOR('',#2322,10.);
#745=VECTOR('',#2323,10.);
#746=VECTOR('',#2324,10.);
#747=VECTOR('',#2325,10.);
#748=VECTOR('',#2326,10.);
#749=VECTOR('',#2327,10.);
#750=VECTOR('',#2330,10.);
#751=VECTOR('',#2331,10.);
#752=VECTOR('',#2334,10.);
#753=VECTOR('',#2335,10.);
#754=VECTOR('',#2338,10.);
#755=VECTOR('',#2339,10.);
#756=VECTOR('',#2340,10.);
#757=VECTOR('',#2341,10.);
#758=VECTOR('',#2342,10.);
#759=VECTOR('',#2343,10.);
#760=VECTOR('',#2344,10.);
#761=VECTOR('',#2345,10.);
#762=VECTOR('',#2346,10.);
#763=VECTOR('',#2347,10.);
#764=VECTOR('',#2348,10.);
#765=VECTOR('',#2349,10.);
#766=VECTOR('',#2350,10.);
#767=VECTOR('',#2351,10.);
#768=VECTOR('',#2354,10.);
#769=VECTOR('',#2359,10.);
#770=VECTOR('',#2360,10.);
#771=VECTOR('',#2361,10.);
#772=VECTOR('',#2362,10.);
#773=VECTOR('',#2365,10.);
#774=VECTOR('',#2366,10.);
#775=VECTOR('',#2367,10.);
#776=VECTOR('',#2368,10.);
#777=VECTOR('',#2369,10.);
#778=VECTOR('',#2370,10.);
#779=VECTOR('',#2371,10.);
#780=VECTOR('',#2372,10.);
#781=VECTOR('',#2375,10.);
#782=VECTOR('',#2376,10.);
#783=VECTOR('',#2379,10.);
#784=VECTOR('',#2380,10.);
#785=VECTOR('',#2381,10.);
#786=VECTOR('',#2384,10.);
#787=VECTOR('',#2385,10.);
#788=VECTOR('',#2388,10.);
#789=VECTOR('',#2389,10.);
#790=VECTOR('',#2390,10.);
#791=VECTOR('',#2391,10.);
#792=VECTOR('',#2392,10.);
#793=VECTOR('',#2393,10.);
#794=VECTOR('',#2396,10.);
#795=VECTOR('',#2397,10.);
#796=VECTOR('',#2400,10.);
#797=VECTOR('',#2401,10.);
#798=VECTOR('',#2404,10.);
#799=VECTOR('',#2405,10.);
#800=VECTOR('',#2406,10.);
#801=VECTOR('',#2407,10.);
#802=VECTOR('',#2408,10.);
#803=VECTOR('',#2409,10.);
#804=VECTOR('',#2410,10.);
#805=VECTOR('',#2411,10.);
#806=VECTOR('',#2412,10.);
#807=VECTOR('',#2415,10.);
#808=VECTOR('',#2416,10.);
#809=VECTOR('',#2419,9.99999999999999);
#810=VECTOR('',#2426,10.);
#811=VECTOR('',#2427,10.);
#812=VECTOR('',#2428,10.);
#813=VECTOR('',#2441,1.65000000000001);
#814=VECTOR('',#2444,1.40000000000001);
#815=VECTOR('',#2451,1.65000000000001);
#816=VECTOR('',#2454,1.40000000000001);
#817=VECTOR('',#2461,1.65);
#818=VECTOR('',#2464,1.4);
#819=VECTOR('',#2475,10.);
#820=VECTOR('',#2476,10.);
#821=CIRCLE('',#2075,6.);
#822=CIRCLE('',#2076,6.);
#823=CIRCLE('',#2078,6.);
#824=CIRCLE('',#2079,6.);
#825=CIRCLE('',#2081,6.);
#826=CIRCLE('',#2083,6.);
#827=CIRCLE('',#2084,5.99999999999999);
#828=CIRCLE('',#2086,6.);
#829=CIRCLE('',#2088,6.);
#830=CIRCLE('',#2091,6.);
#831=CIRCLE('',#2131,1.90000000000001);
#832=CIRCLE('',#2132,1.9);
#833=CIRCLE('',#2133,1.90000000000002);
#834=CIRCLE('',#2136,1.40000000000001);
#835=CIRCLE('',#2138,1.40000000000001);
#836=CIRCLE('',#2140,1.40000000000001);
#837=CIRCLE('',#2142,1.40000000000001);
#838=CIRCLE('',#2144,1.4);
#839=CIRCLE('',#2146,1.4);
#840=VERTEX_POINT('',#2483);
#841=VERTEX_POINT('',#2484);
#842=VERTEX_POINT('',#2486);
#843=VERTEX_POINT('',#2488);
#844=VERTEX_POINT('',#2492);
#845=VERTEX_POINT('',#2494);
#846=VERTEX_POINT('',#2496);
#847=VERTEX_POINT('',#2502);
#848=VERTEX_POINT('',#2503);
#849=VERTEX_POINT('',#2505);
#850=VERTEX_POINT('',#2512);
#851=VERTEX_POINT('',#2514);
#852=VERTEX_POINT('',#2518);
#853=VERTEX_POINT('',#2521);
#854=VERTEX_POINT('',#2522);
#855=VERTEX_POINT('',#2524);
#856=VERTEX_POINT('',#2526);
#857=VERTEX_POINT('',#2528);
#858=VERTEX_POINT('',#2535);
#859=VERTEX_POINT('',#2542);
#860=VERTEX_POINT('',#2549);
#861=VERTEX_POINT('',#2556);
#862=VERTEX_POINT('',#2563);
#863=VERTEX_POINT('',#2570);
#864=VERTEX_POINT('',#2577);
#865=VERTEX_POINT('',#2579);
#866=VERTEX_POINT('',#2581);
#867=VERTEX_POINT('',#2583);
#868=VERTEX_POINT('',#2590);
#869=VERTEX_POINT('',#2597);
#870=VERTEX_POINT('',#2604);
#871=VERTEX_POINT('',#2611);
#872=VERTEX_POINT('',#2614);
#873=VERTEX_POINT('',#2615);
#874=VERTEX_POINT('',#2624);
#875=VERTEX_POINT('',#2626);
#876=VERTEX_POINT('',#2633);
#877=VERTEX_POINT('',#2640);
#878=VERTEX_POINT('',#2647);
#879=VERTEX_POINT('',#2654);
#880=VERTEX_POINT('',#2661);
#881=VERTEX_POINT('',#2668);
#882=VERTEX_POINT('',#2675);
#883=VERTEX_POINT('',#2682);
#884=VERTEX_POINT('',#2689);
#885=VERTEX_POINT('',#2696);
#886=VERTEX_POINT('',#2703);
#887=VERTEX_POINT('',#2710);
#888=VERTEX_POINT('',#2712);
#889=VERTEX_POINT('',#2714);
#890=VERTEX_POINT('',#2716);
#891=VERTEX_POINT('',#2723);
#892=VERTEX_POINT('',#2730);
#893=VERTEX_POINT('',#2743);
#894=VERTEX_POINT('',#2744);
#895=VERTEX_POINT('',#2746);
#896=VERTEX_POINT('',#2748);
#897=VERTEX_POINT('',#2750);
#898=VERTEX_POINT('',#2752);
#899=VERTEX_POINT('',#2761);
#900=VERTEX_POINT('',#2768);
#901=VERTEX_POINT('',#2775);
#902=VERTEX_POINT('',#2782);
#903=VERTEX_POINT('',#2789);
#904=VERTEX_POINT('',#2791);
#905=VERTEX_POINT('',#2793);
#906=VERTEX_POINT('',#2795);
#907=VERTEX_POINT('',#2802);
#908=VERTEX_POINT('',#2809);
#909=VERTEX_POINT('',#2816);
#910=VERTEX_POINT('',#2823);
#911=VERTEX_POINT('',#2831);
#912=VERTEX_POINT('',#2832);
#913=VERTEX_POINT('',#2834);
#914=VERTEX_POINT('',#2836);
#915=VERTEX_POINT('',#2839);
#916=VERTEX_POINT('',#2840);
#917=VERTEX_POINT('',#2842);
#918=VERTEX_POINT('',#2844);
#919=VERTEX_POINT('',#2848);
#920=VERTEX_POINT('',#2852);
#921=VERTEX_POINT('',#2856);
#922=VERTEX_POINT('',#2858);
#923=VERTEX_POINT('',#2862);
#924=VERTEX_POINT('',#2866);
#925=VERTEX_POINT('',#2873);
#926=VERTEX_POINT('',#2875);
#927=VERTEX_POINT('',#2879);
#928=VERTEX_POINT('',#2883);
#929=VERTEX_POINT('',#2890);
#930=VERTEX_POINT('',#2892);
#931=VERTEX_POINT('',#2896);
#932=VERTEX_POINT('',#2911);
#933=VERTEX_POINT('',#2931);
#934=VERTEX_POINT('',#2951);
#935=VERTEX_POINT('',#2971);
#936=VERTEX_POINT('',#2991);
#937=VERTEX_POINT('',#3000);
#938=VERTEX_POINT('',#3004);
#939=VERTEX_POINT('',#3008);
#940=VERTEX_POINT('',#3023);
#941=VERTEX_POINT('',#3043);
#942=VERTEX_POINT('',#3063);
#943=VERTEX_POINT('',#3083);
#944=VERTEX_POINT('',#3107);
#945=VERTEX_POINT('',#3118);
#946=VERTEX_POINT('',#3122);
#947=VERTEX_POINT('',#3140);
#948=VERTEX_POINT('',#3141);
#949=VERTEX_POINT('',#3148);
#950=VERTEX_POINT('',#3150);
#951=VERTEX_POINT('',#3170);
#952=VERTEX_POINT('',#3177);
#953=VERTEX_POINT('',#3197);
#954=VERTEX_POINT('',#3204);
#955=VERTEX_POINT('',#3224);
#956=VERTEX_POINT('',#3231);
#957=VERTEX_POINT('',#3251);
#958=VERTEX_POINT('',#3258);
#959=VERTEX_POINT('',#3278);
#960=VERTEX_POINT('',#3285);
#961=VERTEX_POINT('',#3305);
#962=VERTEX_POINT('',#3312);
#963=VERTEX_POINT('',#3360);
#964=VERTEX_POINT('',#3362);
#965=VERTEX_POINT('',#3384);
#966=VERTEX_POINT('',#3404);
#967=VERTEX_POINT('',#3424);
#968=VERTEX_POINT('',#3444);
#969=VERTEX_POINT('',#3453);
#970=VERTEX_POINT('',#3457);
#971=VERTEX_POINT('',#3461);
#972=VERTEX_POINT('',#3476);
#973=VERTEX_POINT('',#3496);
#974=VERTEX_POINT('',#3516);
#975=VERTEX_POINT('',#3536);
#976=VERTEX_POINT('',#3556);
#977=VERTEX_POINT('',#3576);
#978=VERTEX_POINT('',#3596);
#979=VERTEX_POINT('',#3616);
#980=VERTEX_POINT('',#3636);
#981=VERTEX_POINT('',#3656);
#982=VERTEX_POINT('',#3676);
#983=VERTEX_POINT('',#3696);
#984=VERTEX_POINT('',#3708);
#985=VERTEX_POINT('',#3709);
#986=VERTEX_POINT('',#3711);
#987=VERTEX_POINT('',#3713);
#988=VERTEX_POINT('',#3717);
#989=VERTEX_POINT('',#3719);
#990=VERTEX_POINT('',#3734);
#991=VERTEX_POINT('',#3741);
#992=VERTEX_POINT('',#3761);
#993=VERTEX_POINT('',#3768);
#994=VERTEX_POINT('',#3788);
#995=VERTEX_POINT('',#3795);
#996=VERTEX_POINT('',#3815);
#997=VERTEX_POINT('',#3822);
#998=VERTEX_POINT('',#3842);
#999=VERTEX_POINT('',#3849);
#1000=VERTEX_POINT('',#3861);
#1001=VERTEX_POINT('',#3863);
#1002=VERTEX_POINT('',#3867);
#1003=VERTEX_POINT('',#3871);
#1004=VERTEX_POINT('',#3886);
#1005=VERTEX_POINT('',#3906);
#1006=VERTEX_POINT('',#3926);
#1007=VERTEX_POINT('',#3946);
#1008=VERTEX_POINT('',#3955);
#1009=VERTEX_POINT('',#3959);
#1010=VERTEX_POINT('',#3963);
#1011=VERTEX_POINT('',#3978);
#1012=VERTEX_POINT('',#3998);
#1013=VERTEX_POINT('',#4018);
#1014=VERTEX_POINT('',#4038);
#1015=VERTEX_POINT('',#4058);
#1016=VERTEX_POINT('',#4078);
#1017=VERTEX_POINT('',#4098);
#1018=VERTEX_POINT('',#4107);
#1019=VERTEX_POINT('',#4115);
#1020=VERTEX_POINT('',#4117);
#1021=VERTEX_POINT('',#4130);
#1022=VERTEX_POINT('',#4137);
#1023=VERTEX_POINT('',#4150);
#1024=VERTEX_POINT('',#4153);
#1025=VERTEX_POINT('',#4155);
#1026=VERTEX_POINT('',#4157);
#1027=VERTEX_POINT('',#4161);
#1028=VERTEX_POINT('',#4165);
#1029=VERTEX_POINT('',#4169);
#1030=VERTEX_POINT('',#4173);
#1031=VERTEX_POINT('',#4177);
#1032=VERTEX_POINT('',#4181);
#1033=VERTEX_POINT('',#4408);
#1034=VERTEX_POINT('',#4425);
#1035=VERTEX_POINT('',#4776);
#1036=VERTEX_POINT('',#5359);
#1037=EDGE_CURVE('',#840,#841,#821,.T.);
#1038=EDGE_CURVE('',#841,#842,#485,.T.);
#1039=EDGE_CURVE('',#842,#843,#822,.T.);
#1040=EDGE_CURVE('',#843,#840,#486,.T.);
#1041=EDGE_CURVE('',#844,#842,#823,.T.);
#1042=EDGE_CURVE('',#842,#845,#487,.T.);
#1043=EDGE_CURVE('',#845,#846,#824,.T.);
#1044=EDGE_CURVE('',#846,#844,#488,.T.);
#1045=EDGE_CURVE('',#844,#843,#825,.T.);
#1046=EDGE_CURVE('',#847,#848,#826,.T.);
#1047=EDGE_CURVE('',#848,#849,#489,.T.);
#1048=EDGE_CURVE('',#849,#845,#827,.T.);
#1049=EDGE_CURVE('',#845,#847,#490,.T.);
#1050=EDGE_CURVE('',#849,#846,#828,.T.);
#1051=EDGE_CURVE('',#844,#850,#491,.T.);
#1052=EDGE_CURVE('',#850,#851,#829,.T.);
#1053=EDGE_CURVE('',#851,#843,#492,.T.);
#1054=EDGE_CURVE('',#852,#846,#493,.T.);
#1055=EDGE_CURVE('',#852,#850,#494,.T.);
#1056=EDGE_CURVE('',#853,#854,#495,.T.);
#1057=EDGE_CURVE('',#854,#855,#496,.T.);
#1058=EDGE_CURVE('',#855,#856,#497,.T.);
#1059=EDGE_CURVE('',#856,#857,#83,.T.);
#1060=EDGE_CURVE('',#857,#858,#84,.T.);
#1061=EDGE_CURVE('',#858,#859,#85,.T.);
#1062=EDGE_CURVE('',#859,#860,#86,.T.);
#1063=EDGE_CURVE('',#860,#861,#87,.T.);
#1064=EDGE_CURVE('',#861,#862,#88,.T.);
#1065=EDGE_CURVE('',#862,#863,#89,.T.);
#1066=EDGE_CURVE('',#863,#864,#498,.T.);
#1067=EDGE_CURVE('',#864,#865,#499,.T.);
#1068=EDGE_CURVE('',#865,#866,#500,.T.);
#1069=EDGE_CURVE('',#866,#867,#90,.T.);
#1070=EDGE_CURVE('',#867,#868,#91,.T.);
#1071=EDGE_CURVE('',#868,#869,#92,.T.);
#1072=EDGE_CURVE('',#869,#870,#93,.T.);
#1073=EDGE_CURVE('',#870,#871,#501,.T.);
#1074=EDGE_CURVE('',#871,#853,#502,.T.);
#1075=EDGE_CURVE('',#872,#873,#94,.T.);
#1076=EDGE_CURVE('',#873,#874,#503,.T.);
#1077=EDGE_CURVE('',#874,#875,#95,.T.);
#1078=EDGE_CURVE('',#875,#876,#96,.T.);
#1079=EDGE_CURVE('',#876,#877,#97,.T.);
#1080=EDGE_CURVE('',#877,#878,#98,.T.);
#1081=EDGE_CURVE('',#878,#879,#99,.T.);
#1082=EDGE_CURVE('',#879,#880,#100,.T.);
#1083=EDGE_CURVE('',#880,#881,#101,.T.);
#1084=EDGE_CURVE('',#881,#882,#102,.T.);
#1085=EDGE_CURVE('',#882,#883,#103,.T.);
#1086=EDGE_CURVE('',#883,#884,#104,.T.);
#1087=EDGE_CURVE('',#884,#885,#105,.T.);
#1088=EDGE_CURVE('',#885,#886,#106,.T.);
#1089=EDGE_CURVE('',#886,#887,#504,.T.);
#1090=EDGE_CURVE('',#887,#888,#505,.T.);
#1091=EDGE_CURVE('',#888,#889,#506,.T.);
#1092=EDGE_CURVE('',#889,#890,#107,.T.);
#1093=EDGE_CURVE('',#890,#891,#108,.T.);
#1094=EDGE_CURVE('',#891,#892,#109,.T.);
#1095=EDGE_CURVE('',#892,#872,#110,.T.);
#1096=EDGE_CURVE('',#893,#894,#507,.T.);
#1097=EDGE_CURVE('',#894,#895,#508,.T.);
#1098=EDGE_CURVE('',#895,#896,#509,.T.);
#1099=EDGE_CURVE('',#896,#897,#510,.T.);
#1100=EDGE_CURVE('',#897,#898,#111,.T.);
#1101=EDGE_CURVE('',#898,#899,#112,.T.);
#1102=EDGE_CURVE('',#899,#900,#113,.T.);
#1103=EDGE_CURVE('',#900,#901,#114,.T.);
#1104=EDGE_CURVE('',#901,#902,#115,.T.);
#1105=EDGE_CURVE('',#902,#903,#511,.T.);
#1106=EDGE_CURVE('',#903,#904,#512,.T.);
#1107=EDGE_CURVE('',#904,#905,#513,.T.);
#1108=EDGE_CURVE('',#905,#906,#116,.T.);
#1109=EDGE_CURVE('',#906,#907,#117,.T.);
#1110=EDGE_CURVE('',#907,#908,#118,.T.);
#1111=EDGE_CURVE('',#908,#909,#119,.T.);
#1112=EDGE_CURVE('',#909,#910,#120,.T.);
#1113=EDGE_CURVE('',#910,#893,#514,.T.);
#1114=EDGE_CURVE('',#911,#912,#515,.T.);
#1115=EDGE_CURVE('',#912,#913,#516,.T.);
#1116=EDGE_CURVE('',#913,#914,#517,.T.);
#1117=EDGE_CURVE('',#914,#911,#518,.T.);
#1118=EDGE_CURVE('',#915,#916,#519,.T.);
#1119=EDGE_CURVE('',#916,#917,#520,.T.);
#1120=EDGE_CURVE('',#917,#918,#521,.T.);
#1121=EDGE_CURVE('',#918,#915,#522,.T.);
#1122=EDGE_CURVE('',#849,#919,#523,.T.);
#1123=EDGE_CURVE('',#919,#852,#830,.T.);
#1124=EDGE_CURVE('',#920,#848,#524,.T.);
#1125=EDGE_CURVE('',#920,#919,#525,.T.);
#1126=EDGE_CURVE('',#915,#921,#526,.T.);
#1127=EDGE_CURVE('',#921,#922,#527,.T.);
#1128=EDGE_CURVE('',#916,#922,#528,.T.);
#1129=EDGE_CURVE('',#918,#923,#529,.T.);
#1130=EDGE_CURVE('',#923,#921,#530,.T.);
#1131=EDGE_CURVE('',#917,#924,#531,.T.);
#1132=EDGE_CURVE('',#924,#923,#532,.T.);
#1133=EDGE_CURVE('',#922,#924,#533,.T.);
#1134=EDGE_CURVE('',#911,#925,#534,.T.);
#1135=EDGE_CURVE('',#925,#926,#535,.T.);
#1136=EDGE_CURVE('',#912,#926,#536,.T.);
#1137=EDGE_CURVE('',#914,#927,#537,.T.);
#1138=EDGE_CURVE('',#927,#925,#538,.T.);
#1139=EDGE_CURVE('',#913,#928,#539,.T.);
#1140=EDGE_CURVE('',#928,#927,#540,.T.);
#1141=EDGE_CURVE('',#926,#928,#541,.T.);
#1142=EDGE_CURVE('',#893,#929,#542,.T.);
#1143=EDGE_CURVE('',#929,#930,#543,.T.);
#1144=EDGE_CURVE('',#894,#930,#544,.T.);
#1145=EDGE_CURVE('',#910,#931,#545,.T.);
#1146=EDGE_CURVE('',#931,#929,#546,.T.);
#1147=EDGE_CURVE('',#909,#932,#547,.T.);
#1148=EDGE_CURVE('',#932,#931,#121,.T.);
#1149=EDGE_CURVE('',#908,#933,#548,.T.);
#1150=EDGE_CURVE('',#933,#932,#122,.T.);
#1151=EDGE_CURVE('',#907,#934,#549,.T.);
#1152=EDGE_CURVE('',#934,#933,#123,.T.);
#1153=EDGE_CURVE('',#906,#935,#550,.T.);
#1154=EDGE_CURVE('',#935,#934,#124,.T.);
#1155=EDGE_CURVE('',#905,#936,#551,.T.);
#1156=EDGE_CURVE('',#936,#935,#125,.T.);
#1157=EDGE_CURVE('',#904,#937,#552,.T.);
#1158=EDGE_CURVE('',#937,#936,#553,.T.);
#1159=EDGE_CURVE('',#903,#938,#554,.T.);
#1160=EDGE_CURVE('',#938,#937,#555,.T.);
#1161=EDGE_CURVE('',#902,#939,#556,.T.);
#1162=EDGE_CURVE('',#939,#938,#557,.T.);
#1163=EDGE_CURVE('',#901,#940,#558,.T.);
#1164=EDGE_CURVE('',#940,#939,#126,.T.);
#1165=EDGE_CURVE('',#900,#941,#559,.T.);
#1166=EDGE_CURVE('',#941,#940,#127,.T.);
#1167=EDGE_CURVE('',#899,#942,#560,.T.);
#1168=EDGE_CURVE('',#942,#941,#128,.T.);
#1169=EDGE_CURVE('',#898,#943,#561,.T.);
#1170=EDGE_CURVE('',#943,#942,#129,.T.);
#1171=EDGE_CURVE('',#897,#944,#562,.T.);
#1172=EDGE_CURVE('',#944,#943,#130,.T.);
#1173=EDGE_CURVE('',#896,#945,#563,.T.);
#1174=EDGE_CURVE('',#945,#944,#564,.T.);
#1175=EDGE_CURVE('',#895,#946,#565,.T.);
#1176=EDGE_CURVE('',#946,#945,#566,.T.);
#1177=EDGE_CURVE('',#930,#946,#567,.T.);
#1178=EDGE_CURVE('',#947,#948,#131,.T.);
#1179=EDGE_CURVE('',#947,#949,#568,.T.);
#1180=EDGE_CURVE('',#949,#950,#132,.T.);
#1181=EDGE_CURVE('',#948,#950,#569,.T.);
#1182=EDGE_CURVE('',#951,#947,#133,.T.);
#1183=EDGE_CURVE('',#951,#952,#570,.T.);
#1184=EDGE_CURVE('',#952,#949,#134,.T.);
#1185=EDGE_CURVE('',#953,#951,#135,.T.);
#1186=EDGE_CURVE('',#953,#954,#571,.T.);
#1187=EDGE_CURVE('',#954,#952,#136,.T.);
#1188=EDGE_CURVE('',#955,#953,#137,.T.);
#1189=EDGE_CURVE('',#955,#956,#572,.T.);
#1190=EDGE_CURVE('',#956,#954,#138,.T.);
#1191=EDGE_CURVE('',#957,#955,#139,.T.);
#1192=EDGE_CURVE('',#957,#958,#573,.T.);
#1193=EDGE_CURVE('',#958,#956,#140,.T.);
#1194=EDGE_CURVE('',#959,#957,#141,.T.);
#1195=EDGE_CURVE('',#959,#960,#574,.T.);
#1196=EDGE_CURVE('',#960,#958,#142,.T.);
#1197=EDGE_CURVE('',#961,#959,#143,.T.);
#1198=EDGE_CURVE('',#961,#962,#575,.T.);
#1199=EDGE_CURVE('',#962,#960,#144,.T.);
#1200=EDGE_CURVE('',#948,#961,#145,.T.);
#1201=EDGE_CURVE('',#950,#962,#146,.T.);
#1202=EDGE_CURVE('',#872,#963,#576,.T.);
#1203=EDGE_CURVE('',#963,#964,#147,.T.);
#1204=EDGE_CURVE('',#873,#964,#577,.T.);
#1205=EDGE_CURVE('',#892,#965,#578,.T.);
#1206=EDGE_CURVE('',#965,#963,#148,.T.);
#1207=EDGE_CURVE('',#891,#966,#579,.T.);
#1208=EDGE_CURVE('',#966,#965,#149,.T.);
#1209=EDGE_CURVE('',#890,#967,#580,.T.);
#1210=EDGE_CURVE('',#967,#966,#150,.T.);
#1211=EDGE_CURVE('',#889,#968,#581,.T.);
#1212=EDGE_CURVE('',#968,#967,#151,.T.);
#1213=EDGE_CURVE('',#888,#969,#582,.T.);
#1214=EDGE_CURVE('',#969,#968,#583,.T.);
#1215=EDGE_CURVE('',#887,#970,#584,.T.);
#1216=EDGE_CURVE('',#970,#969,#585,.T.);
#1217=EDGE_CURVE('',#886,#971,#586,.T.);
#1218=EDGE_CURVE('',#971,#970,#587,.T.);
#1219=EDGE_CURVE('',#885,#972,#588,.T.);
#1220=EDGE_CURVE('',#972,#971,#152,.T.);
#1221=EDGE_CURVE('',#884,#973,#589,.T.);
#1222=EDGE_CURVE('',#973,#972,#153,.T.);
#1223=EDGE_CURVE('',#883,#974,#590,.T.);
#1224=EDGE_CURVE('',#974,#973,#154,.T.);
#1225=EDGE_CURVE('',#882,#975,#591,.T.);
#1226=EDGE_CURVE('',#975,#974,#155,.T.);
#1227=EDGE_CURVE('',#881,#976,#592,.T.);
#1228=EDGE_CURVE('',#976,#975,#156,.T.);
#1229=EDGE_CURVE('',#880,#977,#593,.T.);
#1230=EDGE_CURVE('',#977,#976,#157,.T.);
#1231=EDGE_CURVE('',#879,#978,#594,.T.);
#1232=EDGE_CURVE('',#978,#977,#158,.T.);
#1233=EDGE_CURVE('',#878,#979,#595,.T.);
#1234=EDGE_CURVE('',#979,#978,#159,.T.);
#1235=EDGE_CURVE('',#877,#980,#596,.T.);
#1236=EDGE_CURVE('',#980,#979,#160,.T.);
#1237=EDGE_CURVE('',#876,#981,#597,.T.);
#1238=EDGE_CURVE('',#981,#980,#161,.T.);
#1239=EDGE_CURVE('',#875,#982,#598,.T.);
#1240=EDGE_CURVE('',#982,#981,#162,.T.);
#1241=EDGE_CURVE('',#874,#983,#599,.T.);
#1242=EDGE_CURVE('',#983,#982,#163,.T.);
#1243=EDGE_CURVE('',#964,#983,#600,.T.);
#1244=EDGE_CURVE('',#984,#985,#601,.T.);
#1245=EDGE_CURVE('',#984,#986,#602,.T.);
#1246=EDGE_CURVE('',#986,#987,#603,.T.);
#1247=EDGE_CURVE('',#985,#987,#604,.T.);
#1248=EDGE_CURVE('',#988,#984,#605,.T.);
#1249=EDGE_CURVE('',#988,#989,#606,.T.);
#1250=EDGE_CURVE('',#989,#986,#607,.T.);
#1251=EDGE_CURVE('',#990,#988,#164,.T.);
#1252=EDGE_CURVE('',#990,#991,#608,.T.);
#1253=EDGE_CURVE('',#991,#989,#165,.T.);
#1254=EDGE_CURVE('',#992,#990,#166,.T.);
#1255=EDGE_CURVE('',#992,#993,#609,.T.);
#1256=EDGE_CURVE('',#993,#991,#167,.T.);
#1257=EDGE_CURVE('',#994,#992,#168,.T.);
#1258=EDGE_CURVE('',#994,#995,#610,.T.);
#1259=EDGE_CURVE('',#995,#993,#169,.T.);
#1260=EDGE_CURVE('',#996,#994,#170,.T.);
#1261=EDGE_CURVE('',#996,#997,#611,.T.);
#1262=EDGE_CURVE('',#997,#995,#171,.T.);
#1263=EDGE_CURVE('',#998,#996,#172,.T.);
#1264=EDGE_CURVE('',#998,#999,#612,.T.);
#1265=EDGE_CURVE('',#999,#997,#173,.T.);
#1266=EDGE_CURVE('',#985,#998,#613,.T.);
#1267=EDGE_CURVE('',#987,#999,#614,.T.);
#1268=EDGE_CURVE('',#853,#1000,#615,.T.);
#1269=EDGE_CURVE('',#1000,#1001,#616,.T.);
#1270=EDGE_CURVE('',#854,#1001,#617,.T.);
#1271=EDGE_CURVE('',#871,#1002,#618,.T.);
#1272=EDGE_CURVE('',#1002,#1000,#619,.T.);
#1273=EDGE_CURVE('',#870,#1003,#620,.T.);
#1274=EDGE_CURVE('',#1003,#1002,#621,.T.);
#1275=EDGE_CURVE('',#869,#1004,#622,.T.);
#1276=EDGE_CURVE('',#1004,#1003,#174,.T.);
#1277=EDGE_CURVE('',#868,#1005,#623,.T.);
#1278=EDGE_CURVE('',#1005,#1004,#175,.T.);
#1279=EDGE_CURVE('',#867,#1006,#624,.T.);
#1280=EDGE_CURVE('',#1006,#1005,#176,.T.);
#1281=EDGE_CURVE('',#866,#1007,#625,.T.);
#1282=EDGE_CURVE('',#1007,#1006,#177,.T.);
#1283=EDGE_CURVE('',#865,#1008,#626,.T.);
#1284=EDGE_CURVE('',#1008,#1007,#627,.T.);
#1285=EDGE_CURVE('',#864,#1009,#628,.T.);
#1286=EDGE_CURVE('',#1009,#1008,#629,.T.);
#1287=EDGE_CURVE('',#863,#1010,#630,.T.);
#1288=EDGE_CURVE('',#1010,#1009,#631,.T.);
#1289=EDGE_CURVE('',#862,#1011,#632,.T.);
#1290=EDGE_CURVE('',#1011,#1010,#178,.T.);
#1291=EDGE_CURVE('',#861,#1012,#633,.T.);
#1292=EDGE_CURVE('',#1012,#1011,#179,.T.);
#1293=EDGE_CURVE('',#860,#1013,#634,.T.);
#1294=EDGE_CURVE('',#1013,#1012,#180,.T.);
#1295=EDGE_CURVE('',#859,#1014,#635,.T.);
#1296=EDGE_CURVE('',#1014,#1013,#181,.T.);
#1297=EDGE_CURVE('',#858,#1015,#636,.T.);
#1298=EDGE_CURVE('',#1015,#1014,#182,.T.);
#1299=EDGE_CURVE('',#857,#1016,#637,.T.);
#1300=EDGE_CURVE('',#1016,#1015,#183,.T.);
#1301=EDGE_CURVE('',#856,#1017,#638,.T.);
#1302=EDGE_CURVE('',#1017,#1016,#184,.T.);
#1303=EDGE_CURVE('',#855,#1018,#639,.T.);
#1304=EDGE_CURVE('',#1018,#1017,#640,.T.);
#1305=EDGE_CURVE('',#1001,#1018,#641,.T.);
#1306=EDGE_CURVE('',#1019,#920,#642,.T.);
#1307=EDGE_CURVE('',#1019,#1020,#185,.T.);
#1308=EDGE_CURVE('',#1020,#1021,#186,.T.);
#1309=EDGE_CURVE('',#1021,#1022,#187,.T.);
#1310=EDGE_CURVE('',#1023,#1022,#643,.T.);
#1311=EDGE_CURVE('',#1023,#851,#644,.T.);
#1312=EDGE_CURVE('',#1024,#1024,#831,.T.);
#1313=EDGE_CURVE('',#1025,#1025,#832,.T.);
#1314=EDGE_CURVE('',#1026,#1026,#833,.T.);
#1315=EDGE_CURVE('',#1027,#1027,#834,.T.);
#1316=EDGE_CURVE('',#1027,#1026,#645,.T.);
#1317=EDGE_CURVE('',#1027,#1028,#646,.T.);
#1318=EDGE_CURVE('',#1028,#1028,#835,.T.);
#1319=EDGE_CURVE('',#1029,#1029,#836,.T.);
#1320=EDGE_CURVE('',#1029,#1024,#647,.T.);
#1321=EDGE_CURVE('',#1029,#1030,#648,.T.);
#1322=EDGE_CURVE('',#1030,#1030,#837,.T.);
#1323=EDGE_CURVE('',#1031,#1031,#838,.T.);
#1324=EDGE_CURVE('',#1031,#1025,#649,.T.);
#1325=EDGE_CURVE('',#1031,#1032,#650,.T.);
#1326=EDGE_CURVE('',#1032,#1032,#839,.T.);
#1327=EDGE_CURVE('',#1033,#1020,#188,.T.);
#1328=EDGE_CURVE('',#1034,#1033,#189,.T.);
#1329=EDGE_CURVE('',#1021,#1034,#190,.T.);
#1330=EDGE_CURVE('',#1035,#1034,#191,.T.);
#1331=EDGE_CURVE('',#1022,#1035,#192,.T.);
#1332=EDGE_CURVE('',#1035,#1036,#193,.T.);
#1333=EDGE_CURVE('',#1036,#1033,#194,.T.);
#1334=EDGE_CURVE('',#1036,#1019,#195,.T.);
#1335=EDGE_CURVE('',#840,#1023,#651,.T.);
#1336=EDGE_CURVE('',#847,#841,#652,.T.);
#1337=ORIENTED_EDGE('',*,*,#1037,.T.);
#1338=ORIENTED_EDGE('',*,*,#1038,.T.);
#1339=ORIENTED_EDGE('',*,*,#1039,.T.);
#1340=ORIENTED_EDGE('',*,*,#1040,.T.);
#1341=ORIENTED_EDGE('',*,*,#1041,.T.);
#1342=ORIENTED_EDGE('',*,*,#1042,.T.);
#1343=ORIENTED_EDGE('',*,*,#1043,.T.);
#1344=ORIENTED_EDGE('',*,*,#1044,.T.);
#1345=ORIENTED_EDGE('',*,*,#1041,.F.);
#1346=ORIENTED_EDGE('',*,*,#1045,.T.);
#1347=ORIENTED_EDGE('',*,*,#1039,.F.);
#1348=ORIENTED_EDGE('',*,*,#1046,.T.);
#1349=ORIENTED_EDGE('',*,*,#1047,.T.);
#1350=ORIENTED_EDGE('',*,*,#1048,.T.);
#1351=ORIENTED_EDGE('',*,*,#1049,.T.);
#1352=ORIENTED_EDGE('',*,*,#1048,.F.);
#1353=ORIENTED_EDGE('',*,*,#1050,.T.);
#1354=ORIENTED_EDGE('',*,*,#1043,.F.);
#1355=ORIENTED_EDGE('',*,*,#1045,.F.);
#1356=ORIENTED_EDGE('',*,*,#1051,.T.);
#1357=ORIENTED_EDGE('',*,*,#1052,.T.);
#1358=ORIENTED_EDGE('',*,*,#1053,.T.);
#1359=ORIENTED_EDGE('',*,*,#1044,.F.);
#1360=ORIENTED_EDGE('',*,*,#1054,.F.);
#1361=ORIENTED_EDGE('',*,*,#1055,.T.);
#1362=ORIENTED_EDGE('',*,*,#1051,.F.);
#1363=ORIENTED_EDGE('',*,*,#1056,.T.);
#1364=ORIENTED_EDGE('',*,*,#1057,.T.);
#1365=ORIENTED_EDGE('',*,*,#1058,.T.);
#1366=ORIENTED_EDGE('',*,*,#1059,.T.);
#1367=ORIENTED_EDGE('',*,*,#1060,.T.);
#1368=ORIENTED_EDGE('',*,*,#1061,.T.);
#1369=ORIENTED_EDGE('',*,*,#1062,.T.);
#1370=ORIENTED_EDGE('',*,*,#1063,.T.);
#1371=ORIENTED_EDGE('',*,*,#1064,.T.);
#1372=ORIENTED_EDGE('',*,*,#1065,.T.);
#1373=ORIENTED_EDGE('',*,*,#1066,.T.);
#1374=ORIENTED_EDGE('',*,*,#1067,.T.);
#1375=ORIENTED_EDGE('',*,*,#1068,.T.);
#1376=ORIENTED_EDGE('',*,*,#1069,.T.);
#1377=ORIENTED_EDGE('',*,*,#1070,.T.);
#1378=ORIENTED_EDGE('',*,*,#1071,.T.);
#1379=ORIENTED_EDGE('',*,*,#1072,.T.);
#1380=ORIENTED_EDGE('',*,*,#1073,.T.);
#1381=ORIENTED_EDGE('',*,*,#1074,.T.);
#1382=ORIENTED_EDGE('',*,*,#1075,.T.);
#1383=ORIENTED_EDGE('',*,*,#1076,.T.);
#1384=ORIENTED_EDGE('',*,*,#1077,.T.);
#1385=ORIENTED_EDGE('',*,*,#1078,.T.);
#1386=ORIENTED_EDGE('',*,*,#1079,.T.);
#1387=ORIENTED_EDGE('',*,*,#1080,.T.);
#1388=ORIENTED_EDGE('',*,*,#1081,.T.);
#1389=ORIENTED_EDGE('',*,*,#1082,.T.);
#1390=ORIENTED_EDGE('',*,*,#1083,.T.);
#1391=ORIENTED_EDGE('',*,*,#1084,.T.);
#1392=ORIENTED_EDGE('',*,*,#1085,.T.);
#1393=ORIENTED_EDGE('',*,*,#1086,.T.);
#1394=ORIENTED_EDGE('',*,*,#1087,.T.);
#1395=ORIENTED_EDGE('',*,*,#1088,.T.);
#1396=ORIENTED_EDGE('',*,*,#1089,.T.);
#1397=ORIENTED_EDGE('',*,*,#1090,.T.);
#1398=ORIENTED_EDGE('',*,*,#1091,.T.);
#1399=ORIENTED_EDGE('',*,*,#1092,.T.);
#1400=ORIENTED_EDGE('',*,*,#1093,.T.);
#1401=ORIENTED_EDGE('',*,*,#1094,.T.);
#1402=ORIENTED_EDGE('',*,*,#1095,.T.);
#1403=ORIENTED_EDGE('',*,*,#1096,.T.);
#1404=ORIENTED_EDGE('',*,*,#1097,.T.);
#1405=ORIENTED_EDGE('',*,*,#1098,.T.);
#1406=ORIENTED_EDGE('',*,*,#1099,.T.);
#1407=ORIENTED_EDGE('',*,*,#1100,.T.);
#1408=ORIENTED_EDGE('',*,*,#1101,.T.);
#1409=ORIENTED_EDGE('',*,*,#1102,.T.);
#1410=ORIENTED_EDGE('',*,*,#1103,.T.);
#1411=ORIENTED_EDGE('',*,*,#1104,.T.);
#1412=ORIENTED_EDGE('',*,*,#1105,.T.);
#1413=ORIENTED_EDGE('',*,*,#1106,.T.);
#1414=ORIENTED_EDGE('',*,*,#1107,.T.);
#1415=ORIENTED_EDGE('',*,*,#1108,.T.);
#1416=ORIENTED_EDGE('',*,*,#1109,.T.);
#1417=ORIENTED_EDGE('',*,*,#1110,.T.);
#1418=ORIENTED_EDGE('',*,*,#1111,.T.);
#1419=ORIENTED_EDGE('',*,*,#1112,.T.);
#1420=ORIENTED_EDGE('',*,*,#1113,.T.);
#1421=ORIENTED_EDGE('',*,*,#1114,.T.);
#1422=ORIENTED_EDGE('',*,*,#1115,.T.);
#1423=ORIENTED_EDGE('',*,*,#1116,.T.);
#1424=ORIENTED_EDGE('',*,*,#1117,.T.);
#1425=ORIENTED_EDGE('',*,*,#1118,.T.);
#1426=ORIENTED_EDGE('',*,*,#1119,.T.);
#1427=ORIENTED_EDGE('',*,*,#1120,.T.);
#1428=ORIENTED_EDGE('',*,*,#1121,.T.);
#1429=ORIENTED_EDGE('',*,*,#1050,.F.);
#1430=ORIENTED_EDGE('',*,*,#1122,.T.);
#1431=ORIENTED_EDGE('',*,*,#1123,.T.);
#1432=ORIENTED_EDGE('',*,*,#1054,.T.);
#1433=ORIENTED_EDGE('',*,*,#1047,.F.);
#1434=ORIENTED_EDGE('',*,*,#1124,.F.);
#1435=ORIENTED_EDGE('',*,*,#1125,.T.);
#1436=ORIENTED_EDGE('',*,*,#1122,.F.);
#1437=ORIENTED_EDGE('',*,*,#1118,.F.);
#1438=ORIENTED_EDGE('',*,*,#1126,.T.);
#1439=ORIENTED_EDGE('',*,*,#1127,.T.);
#1440=ORIENTED_EDGE('',*,*,#1128,.F.);
#1441=ORIENTED_EDGE('',*,*,#1121,.F.);
#1442=ORIENTED_EDGE('',*,*,#1129,.T.);
#1443=ORIENTED_EDGE('',*,*,#1130,.T.);
#1444=ORIENTED_EDGE('',*,*,#1126,.F.);
#1445=ORIENTED_EDGE('',*,*,#1120,.F.);
#1446=ORIENTED_EDGE('',*,*,#1131,.T.);
#1447=ORIENTED_EDGE('',*,*,#1132,.T.);
#1448=ORIENTED_EDGE('',*,*,#1129,.F.);
#1449=ORIENTED_EDGE('',*,*,#1119,.F.);
#1450=ORIENTED_EDGE('',*,*,#1128,.T.);
#1451=ORIENTED_EDGE('',*,*,#1133,.T.);
#1452=ORIENTED_EDGE('',*,*,#1131,.F.);
#1453=ORIENTED_EDGE('',*,*,#1133,.F.);
#1454=ORIENTED_EDGE('',*,*,#1127,.F.);
#1455=ORIENTED_EDGE('',*,*,#1130,.F.);
#1456=ORIENTED_EDGE('',*,*,#1132,.F.);
#1457=ORIENTED_EDGE('',*,*,#1114,.F.);
#1458=ORIENTED_EDGE('',*,*,#1134,.T.);
#1459=ORIENTED_EDGE('',*,*,#1135,.T.);
#1460=ORIENTED_EDGE('',*,*,#1136,.F.);
#1461=ORIENTED_EDGE('',*,*,#1117,.F.);
#1462=ORIENTED_EDGE('',*,*,#1137,.T.);
#1463=ORIENTED_EDGE('',*,*,#1138,.T.);
#1464=ORIENTED_EDGE('',*,*,#1134,.F.);
#1465=ORIENTED_EDGE('',*,*,#1116,.F.);
#1466=ORIENTED_EDGE('',*,*,#1139,.T.);
#1467=ORIENTED_EDGE('',*,*,#1140,.T.);
#1468=ORIENTED_EDGE('',*,*,#1137,.F.);
#1469=ORIENTED_EDGE('',*,*,#1115,.F.);
#1470=ORIENTED_EDGE('',*,*,#1136,.T.);
#1471=ORIENTED_EDGE('',*,*,#1141,.T.);
#1472=ORIENTED_EDGE('',*,*,#1139,.F.);
#1473=ORIENTED_EDGE('',*,*,#1141,.F.);
#1474=ORIENTED_EDGE('',*,*,#1135,.F.);
#1475=ORIENTED_EDGE('',*,*,#1138,.F.);
#1476=ORIENTED_EDGE('',*,*,#1140,.F.);
#1477=ORIENTED_EDGE('',*,*,#1096,.F.);
#1478=ORIENTED_EDGE('',*,*,#1142,.T.);
#1479=ORIENTED_EDGE('',*,*,#1143,.T.);
#1480=ORIENTED_EDGE('',*,*,#1144,.F.);
#1481=ORIENTED_EDGE('',*,*,#1113,.F.);
#1482=ORIENTED_EDGE('',*,*,#1145,.T.);
#1483=ORIENTED_EDGE('',*,*,#1146,.T.);
#1484=ORIENTED_EDGE('',*,*,#1142,.F.);
#1485=ORIENTED_EDGE('',*,*,#1112,.F.);
#1486=ORIENTED_EDGE('',*,*,#1147,.T.);
#1487=ORIENTED_EDGE('',*,*,#1148,.T.);
#1488=ORIENTED_EDGE('',*,*,#1145,.F.);
#1489=ORIENTED_EDGE('',*,*,#1111,.F.);
#1490=ORIENTED_EDGE('',*,*,#1149,.T.);
#1491=ORIENTED_EDGE('',*,*,#1150,.T.);
#1492=ORIENTED_EDGE('',*,*,#1147,.F.);
#1493=ORIENTED_EDGE('',*,*,#1110,.F.);
#1494=ORIENTED_EDGE('',*,*,#1151,.T.);
#1495=ORIENTED_EDGE('',*,*,#1152,.T.);
#1496=ORIENTED_EDGE('',*,*,#1149,.F.);
#1497=ORIENTED_EDGE('',*,*,#1109,.F.);
#1498=ORIENTED_EDGE('',*,*,#1153,.T.);
#1499=ORIENTED_EDGE('',*,*,#1154,.T.);
#1500=ORIENTED_EDGE('',*,*,#1151,.F.);
#1501=ORIENTED_EDGE('',*,*,#1108,.F.);
#1502=ORIENTED_EDGE('',*,*,#1155,.T.);
#1503=ORIENTED_EDGE('',*,*,#1156,.T.);
#1504=ORIENTED_EDGE('',*,*,#1153,.F.);
#1505=ORIENTED_EDGE('',*,*,#1107,.F.);
#1506=ORIENTED_EDGE('',*,*,#1157,.T.);
#1507=ORIENTED_EDGE('',*,*,#1158,.T.);
#1508=ORIENTED_EDGE('',*,*,#1155,.F.);
#1509=ORIENTED_EDGE('',*,*,#1106,.F.);
#1510=ORIENTED_EDGE('',*,*,#1159,.T.);
#1511=ORIENTED_EDGE('',*,*,#1160,.T.);
#1512=ORIENTED_EDGE('',*,*,#1157,.F.);
#1513=ORIENTED_EDGE('',*,*,#1105,.F.);
#1514=ORIENTED_EDGE('',*,*,#1161,.T.);
#1515=ORIENTED_EDGE('',*,*,#1162,.T.);
#1516=ORIENTED_EDGE('',*,*,#1159,.F.);
#1517=ORIENTED_EDGE('',*,*,#1104,.F.);
#1518=ORIENTED_EDGE('',*,*,#1163,.T.);
#1519=ORIENTED_EDGE('',*,*,#1164,.T.);
#1520=ORIENTED_EDGE('',*,*,#1161,.F.);
#1521=ORIENTED_EDGE('',*,*,#1103,.F.);
#1522=ORIENTED_EDGE('',*,*,#1165,.T.);
#1523=ORIENTED_EDGE('',*,*,#1166,.T.);
#1524=ORIENTED_EDGE('',*,*,#1163,.F.);
#1525=ORIENTED_EDGE('',*,*,#1102,.F.);
#1526=ORIENTED_EDGE('',*,*,#1167,.T.);
#1527=ORIENTED_EDGE('',*,*,#1168,.T.);
#1528=ORIENTED_EDGE('',*,*,#1165,.F.);
#1529=ORIENTED_EDGE('',*,*,#1101,.F.);
#1530=ORIENTED_EDGE('',*,*,#1169,.T.);
#1531=ORIENTED_EDGE('',*,*,#1170,.T.);
#1532=ORIENTED_EDGE('',*,*,#1167,.F.);
#1533=ORIENTED_EDGE('',*,*,#1100,.F.);
#1534=ORIENTED_EDGE('',*,*,#1171,.T.);
#1535=ORIENTED_EDGE('',*,*,#1172,.T.);
#1536=ORIENTED_EDGE('',*,*,#1169,.F.);
#1537=ORIENTED_EDGE('',*,*,#1099,.F.);
#1538=ORIENTED_EDGE('',*,*,#1173,.T.);
#1539=ORIENTED_EDGE('',*,*,#1174,.T.);
#1540=ORIENTED_EDGE('',*,*,#1171,.F.);
#1541=ORIENTED_EDGE('',*,*,#1098,.F.);
#1542=ORIENTED_EDGE('',*,*,#1175,.T.);
#1543=ORIENTED_EDGE('',*,*,#1176,.T.);
#1544=ORIENTED_EDGE('',*,*,#1173,.F.);
#1545=ORIENTED_EDGE('',*,*,#1097,.F.);
#1546=ORIENTED_EDGE('',*,*,#1144,.T.);
#1547=ORIENTED_EDGE('',*,*,#1177,.T.);
#1548=ORIENTED_EDGE('',*,*,#1175,.F.);
#1549=ORIENTED_EDGE('',*,*,#1177,.F.);
#1550=ORIENTED_EDGE('',*,*,#1143,.F.);
#1551=ORIENTED_EDGE('',*,*,#1146,.F.);
#1552=ORIENTED_EDGE('',*,*,#1148,.F.);
#1553=ORIENTED_EDGE('',*,*,#1150,.F.);
#1554=ORIENTED_EDGE('',*,*,#1152,.F.);
#1555=ORIENTED_EDGE('',*,*,#1154,.F.);
#1556=ORIENTED_EDGE('',*,*,#1156,.F.);
#1557=ORIENTED_EDGE('',*,*,#1158,.F.);
#1558=ORIENTED_EDGE('',*,*,#1160,.F.);
#1559=ORIENTED_EDGE('',*,*,#1162,.F.);
#1560=ORIENTED_EDGE('',*,*,#1164,.F.);
#1561=ORIENTED_EDGE('',*,*,#1166,.F.);
#1562=ORIENTED_EDGE('',*,*,#1168,.F.);
#1563=ORIENTED_EDGE('',*,*,#1170,.F.);
#1564=ORIENTED_EDGE('',*,*,#1172,.F.);
#1565=ORIENTED_EDGE('',*,*,#1174,.F.);
#1566=ORIENTED_EDGE('',*,*,#1176,.F.);
#1567=ORIENTED_EDGE('',*,*,#1178,.F.);
#1568=ORIENTED_EDGE('',*,*,#1179,.T.);
#1569=ORIENTED_EDGE('',*,*,#1180,.T.);
#1570=ORIENTED_EDGE('',*,*,#1181,.F.);
#1571=ORIENTED_EDGE('',*,*,#1182,.F.);
#1572=ORIENTED_EDGE('',*,*,#1183,.T.);
#1573=ORIENTED_EDGE('',*,*,#1184,.T.);
#1574=ORIENTED_EDGE('',*,*,#1179,.F.);
#1575=ORIENTED_EDGE('',*,*,#1185,.F.);
#1576=ORIENTED_EDGE('',*,*,#1186,.T.);
#1577=ORIENTED_EDGE('',*,*,#1187,.T.);
#1578=ORIENTED_EDGE('',*,*,#1183,.F.);
#1579=ORIENTED_EDGE('',*,*,#1188,.F.);
#1580=ORIENTED_EDGE('',*,*,#1189,.T.);
#1581=ORIENTED_EDGE('',*,*,#1190,.T.);
#1582=ORIENTED_EDGE('',*,*,#1186,.F.);
#1583=ORIENTED_EDGE('',*,*,#1191,.F.);
#1584=ORIENTED_EDGE('',*,*,#1192,.T.);
#1585=ORIENTED_EDGE('',*,*,#1193,.T.);
#1586=ORIENTED_EDGE('',*,*,#1189,.F.);
#1587=ORIENTED_EDGE('',*,*,#1194,.F.);
#1588=ORIENTED_EDGE('',*,*,#1195,.T.);
#1589=ORIENTED_EDGE('',*,*,#1196,.T.);
#1590=ORIENTED_EDGE('',*,*,#1192,.F.);
#1591=ORIENTED_EDGE('',*,*,#1197,.F.);
#1592=ORIENTED_EDGE('',*,*,#1198,.T.);
#1593=ORIENTED_EDGE('',*,*,#1199,.T.);
#1594=ORIENTED_EDGE('',*,*,#1195,.F.);
#1595=ORIENTED_EDGE('',*,*,#1200,.F.);
#1596=ORIENTED_EDGE('',*,*,#1181,.T.);
#1597=ORIENTED_EDGE('',*,*,#1201,.T.);
#1598=ORIENTED_EDGE('',*,*,#1198,.F.);
#1599=ORIENTED_EDGE('',*,*,#1075,.F.);
#1600=ORIENTED_EDGE('',*,*,#1202,.T.);
#1601=ORIENTED_EDGE('',*,*,#1203,.T.);
#1602=ORIENTED_EDGE('',*,*,#1204,.F.);
#1603=ORIENTED_EDGE('',*,*,#1095,.F.);
#1604=ORIENTED_EDGE('',*,*,#1205,.T.);
#1605=ORIENTED_EDGE('',*,*,#1206,.T.);
#1606=ORIENTED_EDGE('',*,*,#1202,.F.);
#1607=ORIENTED_EDGE('',*,*,#1094,.F.);
#1608=ORIENTED_EDGE('',*,*,#1207,.T.);
#1609=ORIENTED_EDGE('',*,*,#1208,.T.);
#1610=ORIENTED_EDGE('',*,*,#1205,.F.);
#1611=ORIENTED_EDGE('',*,*,#1093,.F.);
#1612=ORIENTED_EDGE('',*,*,#1209,.T.);
#1613=ORIENTED_EDGE('',*,*,#1210,.T.);
#1614=ORIENTED_EDGE('',*,*,#1207,.F.);
#1615=ORIENTED_EDGE('',*,*,#1092,.F.);
#1616=ORIENTED_EDGE('',*,*,#1211,.T.);
#1617=ORIENTED_EDGE('',*,*,#1212,.T.);
#1618=ORIENTED_EDGE('',*,*,#1209,.F.);
#1619=ORIENTED_EDGE('',*,*,#1091,.F.);
#1620=ORIENTED_EDGE('',*,*,#1213,.T.);
#1621=ORIENTED_EDGE('',*,*,#1214,.T.);
#1622=ORIENTED_EDGE('',*,*,#1211,.F.);
#1623=ORIENTED_EDGE('',*,*,#1090,.F.);
#1624=ORIENTED_EDGE('',*,*,#1215,.T.);
#1625=ORIENTED_EDGE('',*,*,#1216,.T.);
#1626=ORIENTED_EDGE('',*,*,#1213,.F.);
#1627=ORIENTED_EDGE('',*,*,#1089,.F.);
#1628=ORIENTED_EDGE('',*,*,#1217,.T.);
#1629=ORIENTED_EDGE('',*,*,#1218,.T.);
#1630=ORIENTED_EDGE('',*,*,#1215,.F.);
#1631=ORIENTED_EDGE('',*,*,#1088,.F.);
#1632=ORIENTED_EDGE('',*,*,#1219,.T.);
#1633=ORIENTED_EDGE('',*,*,#1220,.T.);
#1634=ORIENTED_EDGE('',*,*,#1217,.F.);
#1635=ORIENTED_EDGE('',*,*,#1087,.F.);
#1636=ORIENTED_EDGE('',*,*,#1221,.T.);
#1637=ORIENTED_EDGE('',*,*,#1222,.T.);
#1638=ORIENTED_EDGE('',*,*,#1219,.F.);
#1639=ORIENTED_EDGE('',*,*,#1086,.F.);
#1640=ORIENTED_EDGE('',*,*,#1223,.T.);
#1641=ORIENTED_EDGE('',*,*,#1224,.T.);
#1642=ORIENTED_EDGE('',*,*,#1221,.F.);
#1643=ORIENTED_EDGE('',*,*,#1085,.F.);
#1644=ORIENTED_EDGE('',*,*,#1225,.T.);
#1645=ORIENTED_EDGE('',*,*,#1226,.T.);
#1646=ORIENTED_EDGE('',*,*,#1223,.F.);
#1647=ORIENTED_EDGE('',*,*,#1084,.F.);
#1648=ORIENTED_EDGE('',*,*,#1227,.T.);
#1649=ORIENTED_EDGE('',*,*,#1228,.T.);
#1650=ORIENTED_EDGE('',*,*,#1225,.F.);
#1651=ORIENTED_EDGE('',*,*,#1083,.F.);
#1652=ORIENTED_EDGE('',*,*,#1229,.T.);
#1653=ORIENTED_EDGE('',*,*,#1230,.T.);
#1654=ORIENTED_EDGE('',*,*,#1227,.F.);
#1655=ORIENTED_EDGE('',*,*,#1082,.F.);
#1656=ORIENTED_EDGE('',*,*,#1231,.T.);
#1657=ORIENTED_EDGE('',*,*,#1232,.T.);
#1658=ORIENTED_EDGE('',*,*,#1229,.F.);
#1659=ORIENTED_EDGE('',*,*,#1081,.F.);
#1660=ORIENTED_EDGE('',*,*,#1233,.T.);
#1661=ORIENTED_EDGE('',*,*,#1234,.T.);
#1662=ORIENTED_EDGE('',*,*,#1231,.F.);
#1663=ORIENTED_EDGE('',*,*,#1080,.F.);
#1664=ORIENTED_EDGE('',*,*,#1235,.T.);
#1665=ORIENTED_EDGE('',*,*,#1236,.T.);
#1666=ORIENTED_EDGE('',*,*,#1233,.F.);
#1667=ORIENTED_EDGE('',*,*,#1079,.F.);
#1668=ORIENTED_EDGE('',*,*,#1237,.T.);
#1669=ORIENTED_EDGE('',*,*,#1238,.T.);
#1670=ORIENTED_EDGE('',*,*,#1235,.F.);
#1671=ORIENTED_EDGE('',*,*,#1078,.F.);
#1672=ORIENTED_EDGE('',*,*,#1239,.T.);
#1673=ORIENTED_EDGE('',*,*,#1240,.T.);
#1674=ORIENTED_EDGE('',*,*,#1237,.F.);
#1675=ORIENTED_EDGE('',*,*,#1077,.F.);
#1676=ORIENTED_EDGE('',*,*,#1241,.T.);
#1677=ORIENTED_EDGE('',*,*,#1242,.T.);
#1678=ORIENTED_EDGE('',*,*,#1239,.F.);
#1679=ORIENTED_EDGE('',*,*,#1076,.F.);
#1680=ORIENTED_EDGE('',*,*,#1204,.T.);
#1681=ORIENTED_EDGE('',*,*,#1243,.T.);
#1682=ORIENTED_EDGE('',*,*,#1241,.F.);
#1683=ORIENTED_EDGE('',*,*,#1243,.F.);
#1684=ORIENTED_EDGE('',*,*,#1203,.F.);
#1685=ORIENTED_EDGE('',*,*,#1206,.F.);
#1686=ORIENTED_EDGE('',*,*,#1208,.F.);
#1687=ORIENTED_EDGE('',*,*,#1210,.F.);
#1688=ORIENTED_EDGE('',*,*,#1212,.F.);
#1689=ORIENTED_EDGE('',*,*,#1214,.F.);
#1690=ORIENTED_EDGE('',*,*,#1216,.F.);
#1691=ORIENTED_EDGE('',*,*,#1218,.F.);
#1692=ORIENTED_EDGE('',*,*,#1220,.F.);
#1693=ORIENTED_EDGE('',*,*,#1222,.F.);
#1694=ORIENTED_EDGE('',*,*,#1224,.F.);
#1695=ORIENTED_EDGE('',*,*,#1226,.F.);
#1696=ORIENTED_EDGE('',*,*,#1228,.F.);
#1697=ORIENTED_EDGE('',*,*,#1230,.F.);
#1698=ORIENTED_EDGE('',*,*,#1232,.F.);
#1699=ORIENTED_EDGE('',*,*,#1234,.F.);
#1700=ORIENTED_EDGE('',*,*,#1236,.F.);
#1701=ORIENTED_EDGE('',*,*,#1238,.F.);
#1702=ORIENTED_EDGE('',*,*,#1240,.F.);
#1703=ORIENTED_EDGE('',*,*,#1242,.F.);
#1704=ORIENTED_EDGE('',*,*,#1201,.F.);
#1705=ORIENTED_EDGE('',*,*,#1180,.F.);
#1706=ORIENTED_EDGE('',*,*,#1184,.F.);
#1707=ORIENTED_EDGE('',*,*,#1187,.F.);
#1708=ORIENTED_EDGE('',*,*,#1190,.F.);
#1709=ORIENTED_EDGE('',*,*,#1193,.F.);
#1710=ORIENTED_EDGE('',*,*,#1196,.F.);
#1711=ORIENTED_EDGE('',*,*,#1199,.F.);
#1712=ORIENTED_EDGE('',*,*,#1244,.F.);
#1713=ORIENTED_EDGE('',*,*,#1245,.T.);
#1714=ORIENTED_EDGE('',*,*,#1246,.T.);
#1715=ORIENTED_EDGE('',*,*,#1247,.F.);
#1716=ORIENTED_EDGE('',*,*,#1248,.F.);
#1717=ORIENTED_EDGE('',*,*,#1249,.T.);
#1718=ORIENTED_EDGE('',*,*,#1250,.T.);
#1719=ORIENTED_EDGE('',*,*,#1245,.F.);
#1720=ORIENTED_EDGE('',*,*,#1251,.F.);
#1721=ORIENTED_EDGE('',*,*,#1252,.T.);
#1722=ORIENTED_EDGE('',*,*,#1253,.T.);
#1723=ORIENTED_EDGE('',*,*,#1249,.F.);
#1724=ORIENTED_EDGE('',*,*,#1254,.F.);
#1725=ORIENTED_EDGE('',*,*,#1255,.T.);
#1726=ORIENTED_EDGE('',*,*,#1256,.T.);
#1727=ORIENTED_EDGE('',*,*,#1252,.F.);
#1728=ORIENTED_EDGE('',*,*,#1257,.F.);
#1729=ORIENTED_EDGE('',*,*,#1258,.T.);
#1730=ORIENTED_EDGE('',*,*,#1259,.T.);
#1731=ORIENTED_EDGE('',*,*,#1255,.F.);
#1732=ORIENTED_EDGE('',*,*,#1260,.F.);
#1733=ORIENTED_EDGE('',*,*,#1261,.T.);
#1734=ORIENTED_EDGE('',*,*,#1262,.T.);
#1735=ORIENTED_EDGE('',*,*,#1258,.F.);
#1736=ORIENTED_EDGE('',*,*,#1263,.F.);
#1737=ORIENTED_EDGE('',*,*,#1264,.T.);
#1738=ORIENTED_EDGE('',*,*,#1265,.T.);
#1739=ORIENTED_EDGE('',*,*,#1261,.F.);
#1740=ORIENTED_EDGE('',*,*,#1266,.F.);
#1741=ORIENTED_EDGE('',*,*,#1247,.T.);
#1742=ORIENTED_EDGE('',*,*,#1267,.T.);
#1743=ORIENTED_EDGE('',*,*,#1264,.F.);
#1744=ORIENTED_EDGE('',*,*,#1056,.F.);
#1745=ORIENTED_EDGE('',*,*,#1268,.T.);
#1746=ORIENTED_EDGE('',*,*,#1269,.T.);
#1747=ORIENTED_EDGE('',*,*,#1270,.F.);
#1748=ORIENTED_EDGE('',*,*,#1074,.F.);
#1749=ORIENTED_EDGE('',*,*,#1271,.T.);
#1750=ORIENTED_EDGE('',*,*,#1272,.T.);
#1751=ORIENTED_EDGE('',*,*,#1268,.F.);
#1752=ORIENTED_EDGE('',*,*,#1073,.F.);
#1753=ORIENTED_EDGE('',*,*,#1273,.T.);
#1754=ORIENTED_EDGE('',*,*,#1274,.T.);
#1755=ORIENTED_EDGE('',*,*,#1271,.F.);
#1756=ORIENTED_EDGE('',*,*,#1072,.F.);
#1757=ORIENTED_EDGE('',*,*,#1275,.T.);
#1758=ORIENTED_EDGE('',*,*,#1276,.T.);
#1759=ORIENTED_EDGE('',*,*,#1273,.F.);
#1760=ORIENTED_EDGE('',*,*,#1071,.F.);
#1761=ORIENTED_EDGE('',*,*,#1277,.T.);
#1762=ORIENTED_EDGE('',*,*,#1278,.T.);
#1763=ORIENTED_EDGE('',*,*,#1275,.F.);
#1764=ORIENTED_EDGE('',*,*,#1070,.F.);
#1765=ORIENTED_EDGE('',*,*,#1279,.T.);
#1766=ORIENTED_EDGE('',*,*,#1280,.T.);
#1767=ORIENTED_EDGE('',*,*,#1277,.F.);
#1768=ORIENTED_EDGE('',*,*,#1069,.F.);
#1769=ORIENTED_EDGE('',*,*,#1281,.T.);
#1770=ORIENTED_EDGE('',*,*,#1282,.T.);
#1771=ORIENTED_EDGE('',*,*,#1279,.F.);
#1772=ORIENTED_EDGE('',*,*,#1068,.F.);
#1773=ORIENTED_EDGE('',*,*,#1283,.T.);
#1774=ORIENTED_EDGE('',*,*,#1284,.T.);
#1775=ORIENTED_EDGE('',*,*,#1281,.F.);
#1776=ORIENTED_EDGE('',*,*,#1067,.F.);
#1777=ORIENTED_EDGE('',*,*,#1285,.T.);
#1778=ORIENTED_EDGE('',*,*,#1286,.T.);
#1779=ORIENTED_EDGE('',*,*,#1283,.F.);
#1780=ORIENTED_EDGE('',*,*,#1066,.F.);
#1781=ORIENTED_EDGE('',*,*,#1287,.T.);
#1782=ORIENTED_EDGE('',*,*,#1288,.T.);
#1783=ORIENTED_EDGE('',*,*,#1285,.F.);
#1784=ORIENTED_EDGE('',*,*,#1065,.F.);
#1785=ORIENTED_EDGE('',*,*,#1289,.T.);
#1786=ORIENTED_EDGE('',*,*,#1290,.T.);
#1787=ORIENTED_EDGE('',*,*,#1287,.F.);
#1788=ORIENTED_EDGE('',*,*,#1064,.F.);
#1789=ORIENTED_EDGE('',*,*,#1291,.T.);
#1790=ORIENTED_EDGE('',*,*,#1292,.T.);
#1791=ORIENTED_EDGE('',*,*,#1289,.F.);
#1792=ORIENTED_EDGE('',*,*,#1063,.F.);
#1793=ORIENTED_EDGE('',*,*,#1293,.T.);
#1794=ORIENTED_EDGE('',*,*,#1294,.T.);
#1795=ORIENTED_EDGE('',*,*,#1291,.F.);
#1796=ORIENTED_EDGE('',*,*,#1062,.F.);
#1797=ORIENTED_EDGE('',*,*,#1295,.T.);
#1798=ORIENTED_EDGE('',*,*,#1296,.T.);
#1799=ORIENTED_EDGE('',*,*,#1293,.F.);
#1800=ORIENTED_EDGE('',*,*,#1061,.F.);
#1801=ORIENTED_EDGE('',*,*,#1297,.T.);
#1802=ORIENTED_EDGE('',*,*,#1298,.T.);
#1803=ORIENTED_EDGE('',*,*,#1295,.F.);
#1804=ORIENTED_EDGE('',*,*,#1060,.F.);
#1805=ORIENTED_EDGE('',*,*,#1299,.T.);
#1806=ORIENTED_EDGE('',*,*,#1300,.T.);
#1807=ORIENTED_EDGE('',*,*,#1297,.F.);
#1808=ORIENTED_EDGE('',*,*,#1059,.F.);
#1809=ORIENTED_EDGE('',*,*,#1301,.T.);
#1810=ORIENTED_EDGE('',*,*,#1302,.T.);
#1811=ORIENTED_EDGE('',*,*,#1299,.F.);
#1812=ORIENTED_EDGE('',*,*,#1058,.F.);
#1813=ORIENTED_EDGE('',*,*,#1303,.T.);
#1814=ORIENTED_EDGE('',*,*,#1304,.T.);
#1815=ORIENTED_EDGE('',*,*,#1301,.F.);
#1816=ORIENTED_EDGE('',*,*,#1057,.F.);
#1817=ORIENTED_EDGE('',*,*,#1270,.T.);
#1818=ORIENTED_EDGE('',*,*,#1305,.T.);
#1819=ORIENTED_EDGE('',*,*,#1303,.F.);
#1820=ORIENTED_EDGE('',*,*,#1305,.F.);
#1821=ORIENTED_EDGE('',*,*,#1269,.F.);
#1822=ORIENTED_EDGE('',*,*,#1272,.F.);
#1823=ORIENTED_EDGE('',*,*,#1274,.F.);
#1824=ORIENTED_EDGE('',*,*,#1276,.F.);
#1825=ORIENTED_EDGE('',*,*,#1278,.F.);
#1826=ORIENTED_EDGE('',*,*,#1280,.F.);
#1827=ORIENTED_EDGE('',*,*,#1282,.F.);
#1828=ORIENTED_EDGE('',*,*,#1284,.F.);
#1829=ORIENTED_EDGE('',*,*,#1286,.F.);
#1830=ORIENTED_EDGE('',*,*,#1288,.F.);
#1831=ORIENTED_EDGE('',*,*,#1290,.F.);
#1832=ORIENTED_EDGE('',*,*,#1292,.F.);
#1833=ORIENTED_EDGE('',*,*,#1294,.F.);
#1834=ORIENTED_EDGE('',*,*,#1296,.F.);
#1835=ORIENTED_EDGE('',*,*,#1298,.F.);
#1836=ORIENTED_EDGE('',*,*,#1300,.F.);
#1837=ORIENTED_EDGE('',*,*,#1302,.F.);
#1838=ORIENTED_EDGE('',*,*,#1304,.F.);
#1839=ORIENTED_EDGE('',*,*,#1267,.F.);
#1840=ORIENTED_EDGE('',*,*,#1246,.F.);
#1841=ORIENTED_EDGE('',*,*,#1250,.F.);
#1842=ORIENTED_EDGE('',*,*,#1253,.F.);
#1843=ORIENTED_EDGE('',*,*,#1256,.F.);
#1844=ORIENTED_EDGE('',*,*,#1259,.F.);
#1845=ORIENTED_EDGE('',*,*,#1262,.F.);
#1846=ORIENTED_EDGE('',*,*,#1265,.F.);
#1847=ORIENTED_EDGE('',*,*,#1244,.T.);
#1848=ORIENTED_EDGE('',*,*,#1266,.T.);
#1849=ORIENTED_EDGE('',*,*,#1263,.T.);
#1850=ORIENTED_EDGE('',*,*,#1260,.T.);
#1851=ORIENTED_EDGE('',*,*,#1257,.T.);
#1852=ORIENTED_EDGE('',*,*,#1254,.T.);
#1853=ORIENTED_EDGE('',*,*,#1251,.T.);
#1854=ORIENTED_EDGE('',*,*,#1248,.T.);
#1855=ORIENTED_EDGE('',*,*,#1052,.F.);
#1856=ORIENTED_EDGE('',*,*,#1055,.F.);
#1857=ORIENTED_EDGE('',*,*,#1123,.F.);
#1858=ORIENTED_EDGE('',*,*,#1125,.F.);
#1859=ORIENTED_EDGE('',*,*,#1306,.F.);
#1860=ORIENTED_EDGE('',*,*,#1307,.T.);
#1861=ORIENTED_EDGE('',*,*,#1308,.T.);
#1862=ORIENTED_EDGE('',*,*,#1309,.T.);
#1863=ORIENTED_EDGE('',*,*,#1310,.F.);
#1864=ORIENTED_EDGE('',*,*,#1311,.T.);
#1865=ORIENTED_EDGE('',*,*,#1312,.F.);
#1866=ORIENTED_EDGE('',*,*,#1313,.F.);
#1867=ORIENTED_EDGE('',*,*,#1314,.F.);
#1868=ORIENTED_EDGE('',*,*,#1178,.T.);
#1869=ORIENTED_EDGE('',*,*,#1200,.T.);
#1870=ORIENTED_EDGE('',*,*,#1197,.T.);
#1871=ORIENTED_EDGE('',*,*,#1194,.T.);
#1872=ORIENTED_EDGE('',*,*,#1191,.T.);
#1873=ORIENTED_EDGE('',*,*,#1188,.T.);
#1874=ORIENTED_EDGE('',*,*,#1185,.T.);
#1875=ORIENTED_EDGE('',*,*,#1182,.T.);
#1876=ORIENTED_EDGE('',*,*,#1315,.T.);
#1877=ORIENTED_EDGE('',*,*,#1316,.T.);
#1878=ORIENTED_EDGE('',*,*,#1314,.T.);
#1879=ORIENTED_EDGE('',*,*,#1316,.F.);
#1880=ORIENTED_EDGE('',*,*,#1315,.F.);
#1881=ORIENTED_EDGE('',*,*,#1317,.T.);
#1882=ORIENTED_EDGE('',*,*,#1318,.T.);
#1883=ORIENTED_EDGE('',*,*,#1317,.F.);
#1884=ORIENTED_EDGE('',*,*,#1319,.T.);
#1885=ORIENTED_EDGE('',*,*,#1320,.T.);
#1886=ORIENTED_EDGE('',*,*,#1312,.T.);
#1887=ORIENTED_EDGE('',*,*,#1320,.F.);
#1888=ORIENTED_EDGE('',*,*,#1319,.F.);
#1889=ORIENTED_EDGE('',*,*,#1321,.T.);
#1890=ORIENTED_EDGE('',*,*,#1322,.T.);
#1891=ORIENTED_EDGE('',*,*,#1321,.F.);
#1892=ORIENTED_EDGE('',*,*,#1323,.T.);
#1893=ORIENTED_EDGE('',*,*,#1324,.T.);
#1894=ORIENTED_EDGE('',*,*,#1313,.T.);
#1895=ORIENTED_EDGE('',*,*,#1324,.F.);
#1896=ORIENTED_EDGE('',*,*,#1323,.F.);
#1897=ORIENTED_EDGE('',*,*,#1325,.T.);
#1898=ORIENTED_EDGE('',*,*,#1326,.T.);
#1899=ORIENTED_EDGE('',*,*,#1325,.F.);
#1900=ORIENTED_EDGE('',*,*,#1318,.F.);
#1901=ORIENTED_EDGE('',*,*,#1326,.F.);
#1902=ORIENTED_EDGE('',*,*,#1322,.F.);
#1903=ORIENTED_EDGE('',*,*,#1308,.F.);
#1904=ORIENTED_EDGE('',*,*,#1327,.F.);
#1905=ORIENTED_EDGE('',*,*,#1328,.F.);
#1906=ORIENTED_EDGE('',*,*,#1329,.F.);
#1907=ORIENTED_EDGE('',*,*,#1309,.F.);
#1908=ORIENTED_EDGE('',*,*,#1329,.T.);
#1909=ORIENTED_EDGE('',*,*,#1330,.F.);
#1910=ORIENTED_EDGE('',*,*,#1331,.F.);
#1911=ORIENTED_EDGE('',*,*,#1332,.F.);
#1912=ORIENTED_EDGE('',*,*,#1330,.T.);
#1913=ORIENTED_EDGE('',*,*,#1328,.T.);
#1914=ORIENTED_EDGE('',*,*,#1333,.F.);
#1915=ORIENTED_EDGE('',*,*,#1307,.F.);
#1916=ORIENTED_EDGE('',*,*,#1334,.F.);
#1917=ORIENTED_EDGE('',*,*,#1333,.T.);
#1918=ORIENTED_EDGE('',*,*,#1327,.T.);
#1919=ORIENTED_EDGE('',*,*,#1037,.F.);
#1920=ORIENTED_EDGE('',*,*,#1335,.T.);
#1921=ORIENTED_EDGE('',*,*,#1310,.T.);
#1922=ORIENTED_EDGE('',*,*,#1331,.T.);
#1923=ORIENTED_EDGE('',*,*,#1332,.T.);
#1924=ORIENTED_EDGE('',*,*,#1334,.T.);
#1925=ORIENTED_EDGE('',*,*,#1306,.T.);
#1926=ORIENTED_EDGE('',*,*,#1124,.T.);
#1927=ORIENTED_EDGE('',*,*,#1046,.F.);
#1928=ORIENTED_EDGE('',*,*,#1336,.T.);
#1929=ORIENTED_EDGE('',*,*,#1038,.F.);
#1930=ORIENTED_EDGE('',*,*,#1336,.F.);
#1931=ORIENTED_EDGE('',*,*,#1049,.F.);
#1932=ORIENTED_EDGE('',*,*,#1042,.F.);
#1933=ORIENTED_EDGE('',*,*,#1040,.F.);
#1934=ORIENTED_EDGE('',*,*,#1053,.F.);
#1935=ORIENTED_EDGE('',*,*,#1311,.F.);
#1936=ORIENTED_EDGE('',*,*,#1335,.F.);
#1937=CYLINDRICAL_SURFACE('',#2074,6.);
#1938=CYLINDRICAL_SURFACE('',#2077,6.);
#1939=CYLINDRICAL_SURFACE('',#2082,6.);
#1940=CYLINDRICAL_SURFACE('',#2087,6.);
#1941=CYLINDRICAL_SURFACE('',#2090,6.);
#1942=CYLINDRICAL_SURFACE('',#2137,1.40000000000001);
#1943=CYLINDRICAL_SURFACE('',#2141,1.40000000000001);
#1944=CYLINDRICAL_SURFACE('',#2145,1.4);
#1945=ADVANCED_FACE('',(#245),#1937,.T.);
#1946=ADVANCED_FACE('',(#246),#1938,.T.);
#1947=ADVANCED_FACE('',(#247),#243,.T.);
#1948=ADVANCED_FACE('',(#248),#1939,.T.);
#1949=ADVANCED_FACE('',(#249),#244,.T.);
#1950=ADVANCED_FACE('',(#250),#1940,.T.);
#1951=ADVANCED_FACE('',(#251,#73,#74,#75,#76,#77),#196,.T.);
#1952=ADVANCED_FACE('',(#252),#1941,.T.);
#1953=ADVANCED_FACE('',(#253),#197,.T.);
#1954=ADVANCED_FACE('',(#254),#198,.F.);
#1955=ADVANCED_FACE('',(#255),#199,.F.);
#1956=ADVANCED_FACE('',(#256),#200,.F.);
#1957=ADVANCED_FACE('',(#257),#201,.F.);
#1958=ADVANCED_FACE('',(#258),#202,.F.);
#1959=ADVANCED_FACE('',(#259),#203,.F.);
#1960=ADVANCED_FACE('',(#260),#204,.F.);
#1961=ADVANCED_FACE('',(#261),#205,.F.);
#1962=ADVANCED_FACE('',(#262),#206,.F.);
#1963=ADVANCED_FACE('',(#263),#207,.F.);
#1964=ADVANCED_FACE('',(#264),#208,.F.);
#1965=ADVANCED_FACE('',(#265),#209,.F.);
#1966=ADVANCED_FACE('',(#266),#18,.F.);
#1967=ADVANCED_FACE('',(#267),#19,.F.);
#1968=ADVANCED_FACE('',(#268),#20,.F.);
#1969=ADVANCED_FACE('',(#269),#21,.F.);
#1970=ADVANCED_FACE('',(#270),#22,.F.);
#1971=ADVANCED_FACE('',(#271),#210,.F.);
#1972=ADVANCED_FACE('',(#272),#211,.F.);
#1973=ADVANCED_FACE('',(#273),#212,.F.);
#1974=ADVANCED_FACE('',(#274),#23,.F.);
#1975=ADVANCED_FACE('',(#275),#24,.F.);
#1976=ADVANCED_FACE('',(#276),#25,.F.);
#1977=ADVANCED_FACE('',(#277),#26,.F.);
#1978=ADVANCED_FACE('',(#278),#27,.F.);
#1979=ADVANCED_FACE('',(#279),#213,.F.);
#1980=ADVANCED_FACE('',(#280),#214,.F.);
#1981=ADVANCED_FACE('',(#281),#215,.F.);
#1982=ADVANCED_FACE('',(#282),#216,.T.);
#1983=ADVANCED_FACE('',(#283),#28,.F.);
#1984=ADVANCED_FACE('',(#284),#29,.F.);
#1985=ADVANCED_FACE('',(#285),#30,.F.);
#1986=ADVANCED_FACE('',(#286),#31,.F.);
#1987=ADVANCED_FACE('',(#287),#32,.F.);
#1988=ADVANCED_FACE('',(#288),#33,.F.);
#1989=ADVANCED_FACE('',(#289),#34,.F.);
#1990=ADVANCED_FACE('',(#290),#35,.F.);
#1991=ADVANCED_FACE('',(#291),#36,.F.);
#1992=ADVANCED_FACE('',(#292),#37,.F.);
#1993=ADVANCED_FACE('',(#293),#38,.F.);
#1994=ADVANCED_FACE('',(#294),#39,.F.);
#1995=ADVANCED_FACE('',(#295),#40,.F.);
#1996=ADVANCED_FACE('',(#296),#217,.F.);
#1997=ADVANCED_FACE('',(#297),#218,.F.);
#1998=ADVANCED_FACE('',(#298),#219,.F.);
#1999=ADVANCED_FACE('',(#299),#41,.F.);
#2000=ADVANCED_FACE('',(#300),#42,.F.);
#2001=ADVANCED_FACE('',(#301),#43,.F.);
#2002=ADVANCED_FACE('',(#302),#44,.F.);
#2003=ADVANCED_FACE('',(#303),#45,.F.);
#2004=ADVANCED_FACE('',(#304),#46,.F.);
#2005=ADVANCED_FACE('',(#305),#47,.F.);
#2006=ADVANCED_FACE('',(#306),#48,.F.);
#2007=ADVANCED_FACE('',(#307),#49,.F.);
#2008=ADVANCED_FACE('',(#308),#50,.F.);
#2009=ADVANCED_FACE('',(#309),#51,.F.);
#2010=ADVANCED_FACE('',(#310),#52,.F.);
#2011=ADVANCED_FACE('',(#311),#220,.F.);
#2012=ADVANCED_FACE('',(#312,#78),#221,.T.);
#2013=ADVANCED_FACE('',(#313),#222,.F.);
#2014=ADVANCED_FACE('',(#314),#223,.F.);
#2015=ADVANCED_FACE('',(#315),#53,.F.);
#2016=ADVANCED_FACE('',(#316),#54,.F.);
#2017=ADVANCED_FACE('',(#317),#55,.F.);
#2018=ADVANCED_FACE('',(#318),#56,.F.);
#2019=ADVANCED_FACE('',(#319),#57,.F.);
#2020=ADVANCED_FACE('',(#320),#224,.F.);
#2021=ADVANCED_FACE('',(#321),#225,.F.);
#2022=ADVANCED_FACE('',(#322),#226,.F.);
#2023=ADVANCED_FACE('',(#323),#227,.F.);
#2024=ADVANCED_FACE('',(#324),#58,.F.);
#2025=ADVANCED_FACE('',(#325),#59,.F.);
#2026=ADVANCED_FACE('',(#326),#60,.F.);
#2027=ADVANCED_FACE('',(#327),#61,.F.);
#2028=ADVANCED_FACE('',(#328),#228,.F.);
#2029=ADVANCED_FACE('',(#329),#229,.F.);
#2030=ADVANCED_FACE('',(#330),#230,.F.);
#2031=ADVANCED_FACE('',(#331),#62,.F.);
#2032=ADVANCED_FACE('',(#332),#63,.F.);
#2033=ADVANCED_FACE('',(#333),#64,.F.);
#2034=ADVANCED_FACE('',(#334),#65,.F.);
#2035=ADVANCED_FACE('',(#335),#66,.F.);
#2036=ADVANCED_FACE('',(#336),#67,.F.);
#2037=ADVANCED_FACE('',(#337),#68,.F.);
#2038=ADVANCED_FACE('',(#338),#231,.F.);
#2039=ADVANCED_FACE('',(#339),#232,.F.);
#2040=ADVANCED_FACE('',(#340,#79),#233,.T.);
#2041=ADVANCED_FACE('',(#341),#234,.T.);
#2042=ADVANCED_FACE('',(#342,#80,#81,#82),#235,.T.);
#2043=ADVANCED_FACE('',(#343),#236,.T.);
#2044=ADVANCED_FACE('',(#344),#15,.F.);
#2045=ADVANCED_FACE('',(#345),#1942,.F.);
#2046=ADVANCED_FACE('',(#346),#16,.F.);
#2047=ADVANCED_FACE('',(#347),#1943,.F.);
#2048=ADVANCED_FACE('',(#348),#17,.F.);
#2049=ADVANCED_FACE('',(#349),#1944,.F.);
#2050=ADVANCED_FACE('',(#350),#237,.T.);
#2051=ADVANCED_FACE('',(#351),#238,.T.);
#2052=ADVANCED_FACE('',(#352),#239,.T.);
#2053=ADVANCED_FACE('',(#353),#69,.T.);
#2054=ADVANCED_FACE('',(#354),#70,.T.);
#2055=ADVANCED_FACE('',(#355),#71,.T.);
#2056=ADVANCED_FACE('',(#356),#72,.T.);
#2057=ADVANCED_FACE('',(#357),#240,.F.);
#2058=ADVANCED_FACE('',(#358),#241,.T.);
#2059=ADVANCED_FACE('',(#359),#242,.T.);
#2060=CLOSED_SHELL('',(#1945,#1946,#1947,#1948,#1949,#1950,#1951,#1952,
#1953,#1954,#1955,#1956,#1957,#1958,#1959,#1960,#1961,#1962,#1963,#1964,
#1965,#1966,#1967,#1968,#1969,#1970,#1971,#1972,#1973,#1974,#1975,#1976,
#1977,#1978,#1979,#1980,#1981,#1982,#1983,#1984,#1985,#1986,#1987,#1988,
#1989,#1990,#1991,#1992,#1993,#1994,#1995,#1996,#1997,#1998,#1999,#2000,
#2001,#2002,#2003,#2004,#2005,#2006,#2007,#2008,#2009,#2010,#2011,#2012,
#2013,#2014,#2015,#2016,#2017,#2018,#2019,#2020,#2021,#2022,#2023,#2024,
#2025,#2026,#2027,#2028,#2029,#2030,#2031,#2032,#2033,#2034,#2035,#2036,
#2037,#2038,#2039,#2040,#2041,#2042,#2043,#2044,#2045,#2046,#2047,#2048,
#2049,#2050,#2051,#2052,#2053,#2054,#2055,#2056,#2057,#2058,#2059));
#2061=DERIVED_UNIT_ELEMENT(#2063,1.);
#2062=DERIVED_UNIT_ELEMENT(#6398,-3.);
#2063=(
MASS_UNIT()
NAMED_UNIT(*)
SI_UNIT(.KILO.,.GRAM.)
);
#2064=DERIVED_UNIT((#2061,#2062));
#2065=MEASURE_REPRESENTATION_ITEM('density measure',
POSITIVE_RATIO_MEASURE(7850.),#2064);
#2066=PROPERTY_DEFINITION_REPRESENTATION(#2071,#2068);
#2067=PROPERTY_DEFINITION_REPRESENTATION(#2072,#2069);
#2068=REPRESENTATION('material name',(#2070),#6395);
#2069=REPRESENTATION('density',(#2065),#6395);
#2070=DESCRIPTIVE_REPRESENTATION_ITEM('\X2\92FC\X0\','\X2\92FC\X0\');
#2071=PROPERTY_DEFINITION('material property','material name',#6405);
#2072=PROPERTY_DEFINITION('material property','density of part',#6405);
#2073=AXIS2_PLACEMENT_3D('',#2481,#2153,#2154);
#2074=AXIS2_PLACEMENT_3D('',#2482,#2155,#2156);
#2075=AXIS2_PLACEMENT_3D('',#2485,#2157,#2158);
#2076=AXIS2_PLACEMENT_3D('',#2489,#2160,#2161);
#2077=AXIS2_PLACEMENT_3D('',#2491,#2163,#2164);
#2078=AXIS2_PLACEMENT_3D('',#2493,#2165,#2166);
#2079=AXIS2_PLACEMENT_3D('',#2497,#2168,#2169);
#2080=AXIS2_PLACEMENT_3D('',#2499,#2171,#2172);
#2081=AXIS2_PLACEMENT_3D('',#2500,#2173,#2174);
#2082=AXIS2_PLACEMENT_3D('',#2501,#2175,#2176);
#2083=AXIS2_PLACEMENT_3D('',#2504,#2177,#2178);
#2084=AXIS2_PLACEMENT_3D('',#2507,#2180,#2181);
#2085=AXIS2_PLACEMENT_3D('',#2509,#2183,#2184);
#2086=AXIS2_PLACEMENT_3D('',#2510,#2185,#2186);
#2087=AXIS2_PLACEMENT_3D('',#2511,#2187,#2188);
#2088=AXIS2_PLACEMENT_3D('',#2515,#2190,#2191);
#2089=AXIS2_PLACEMENT_3D('',#2517,#2193,#2194);
#2090=AXIS2_PLACEMENT_3D('',#2847,#2225,#2226);
#2091=AXIS2_PLACEMENT_3D('',#2850,#2228,#2229);
#2092=AXIS2_PLACEMENT_3D('',#2851,#2230,#2231);
#2093=AXIS2_PLACEMENT_3D('',#2855,#2234,#2235);
#2094=AXIS2_PLACEMENT_3D('',#2861,#2239,#2240);
#2095=AXIS2_PLACEMENT_3D('',#2865,#2243,#2244);
#2096=AXIS2_PLACEMENT_3D('',#2869,#2247,#2248);
#2097=AXIS2_PLACEMENT_3D('',#2871,#2250,#2251);
#2098=AXIS2_PLACEMENT_3D('',#2872,#2252,#2253);
#2099=AXIS2_PLACEMENT_3D('',#2878,#2257,#2258);
#2100=AXIS2_PLACEMENT_3D('',#2882,#2261,#2262);
#2101=AXIS2_PLACEMENT_3D('',#2886,#2265,#2266);
#2102=AXIS2_PLACEMENT_3D('',#2888,#2268,#2269);
#2103=AXIS2_PLACEMENT_3D('',#2889,#2270,#2271);
#2104=AXIS2_PLACEMENT_3D('',#2895,#2275,#2276);
#2105=AXIS2_PLACEMENT_3D('',#2999,#2284,#2285);
#2106=AXIS2_PLACEMENT_3D('',#3003,#2288,#2289);
#2107=AXIS2_PLACEMENT_3D('',#3007,#2292,#2293);
#2108=AXIS2_PLACEMENT_3D('',#3117,#2301,#2302);
#2109=AXIS2_PLACEMENT_3D('',#3121,#2305,#2306);
#2110=AXIS2_PLACEMENT_3D('',#3125,#2309,#2310);
#2111=AXIS2_PLACEMENT_3D('',#3127,#2312,#2313);
#2112=AXIS2_PLACEMENT_3D('',#3452,#2328,#2329);
#2113=AXIS2_PLACEMENT_3D('',#3456,#2332,#2333);
#2114=AXIS2_PLACEMENT_3D('',#3460,#2336,#2337);
#2115=AXIS2_PLACEMENT_3D('',#3704,#2352,#2353);
#2116=AXIS2_PLACEMENT_3D('',#3706,#2355,#2356);
#2117=AXIS2_PLACEMENT_3D('',#3707,#2357,#2358);
#2118=AXIS2_PLACEMENT_3D('',#3716,#2363,#2364);
#2119=AXIS2_PLACEMENT_3D('',#3857,#2373,#2374);
#2120=AXIS2_PLACEMENT_3D('',#3860,#2377,#2378);
#2121=AXIS2_PLACEMENT_3D('',#3866,#2382,#2383);
#2122=AXIS2_PLACEMENT_3D('',#3870,#2386,#2387);
#2123=AXIS2_PLACEMENT_3D('',#3954,#2394,#2395);
#2124=AXIS2_PLACEMENT_3D('',#3958,#2398,#2399);
#2125=AXIS2_PLACEMENT_3D('',#3962,#2402,#2403);
#2126=AXIS2_PLACEMENT_3D('',#4106,#2413,#2414);
#2127=AXIS2_PLACEMENT_3D('',#4110,#2417,#2418);
#2128=AXIS2_PLACEMENT_3D('',#4112,#2420,#2421);
#2129=AXIS2_PLACEMENT_3D('',#4113,#2422,#2423);
#2130=AXIS2_PLACEMENT_3D('',#4114,#2424,#2425);
#2131=AXIS2_PLACEMENT_3D('',#4154,#2429,#2430);
#2132=AXIS2_PLACEMENT_3D('',#4156,#2431,#2432);
#2133=AXIS2_PLACEMENT_3D('',#4158,#2433,#2434);
#2134=AXIS2_PLACEMENT_3D('',#4159,#2435,#2436);
#2135=AXIS2_PLACEMENT_3D('',#4160,#2437,#2438);
#2136=AXIS2_PLACEMENT_3D('',#4162,#2439,#2440);
#2137=AXIS2_PLACEMENT_3D('',#4164,#2442,#2443);
#2138=AXIS2_PLACEMENT_3D('',#4167,#2445,#2446);
#2139=AXIS2_PLACEMENT_3D('',#4168,#2447,#2448);
#2140=AXIS2_PLACEMENT_3D('',#4170,#2449,#2450);
#2141=AXIS2_PLACEMENT_3D('',#4172,#2452,#2453);
#2142=AXIS2_PLACEMENT_3D('',#4175,#2455,#2456);
#2143=AXIS2_PLACEMENT_3D('',#4176,#2457,#2458);
#2144=AXIS2_PLACEMENT_3D('',#4178,#2459,#2460);
#2145=AXIS2_PLACEMENT_3D('',#4180,#2462,#2463);
#2146=AXIS2_PLACEMENT_3D('',#4183,#2465,#2466);
#2147=AXIS2_PLACEMENT_3D('',#4184,#2467,#2468);
#2148=AXIS2_PLACEMENT_3D('',#4185,#2469,#2470);
#2149=AXIS2_PLACEMENT_3D('',#4186,#2471,#2472);
#2150=AXIS2_PLACEMENT_3D('',#6388,#2473,#2474);
#2151=AXIS2_PLACEMENT_3D('',#6391,#2477,#2478);
#2152=AXIS2_PLACEMENT_3D('',#6392,#2479,#2480);
#2153=DIRECTION('axis',(0.,0.,1.));
#2154=DIRECTION('refdir',(1.,0.,0.));
#2155=DIRECTION('center_axis',(1.,0.,0.));
#2156=DIRECTION('ref_axis',(0.,-0.98539120940649,0.170306090391433));
#2157=DIRECTION('center_axis',(1.,0.,0.));
#2158=DIRECTION('ref_axis',(0.,-0.98539120940649,0.170306090391433));
#2159=DIRECTION('',(1.,0.,0.));
#2160=DIRECTION('center_axis',(-1.,0.,0.));
#2161=DIRECTION('ref_axis',(0.,-0.817201397686094,-0.57635221489979));
#2162=DIRECTION('',(-1.,0.,0.));
#2163=DIRECTION('center_axis',(0.,0.576352214899791,-0.817201397686094));
#2164=DIRECTION('ref_axis',(0.707106781186548,-0.577848649898961,-0.407542559507528));
#2165=DIRECTION('center_axis',(0.,0.57635221489979,-0.817201397686094));
#2166=DIRECTION('ref_axis',(1.,0.,0.));
#2167=DIRECTION('',(0.,0.57635221489979,-0.817201397686094));
#2168=DIRECTION('center_axis',(0.,-0.57635221489979,0.817201397686094));
#2169=DIRECTION('ref_axis',(0.,-0.817201397686094,-0.57635221489979));
#2170=DIRECTION('',(0.,-0.57635221489979,0.817201397686094));
#2171=DIRECTION('center_axis',(0.,0.,1.));
#2172=DIRECTION('ref_axis',(1.,0.,0.));
#2173=DIRECTION('center_axis',(0.,-0.817201397686094,-0.576352214899791));
#2174=DIRECTION('ref_axis',(0.707106781186548,-0.407542559507528,0.577848649898961));
#2175=DIRECTION('center_axis',(1.,0.,0.));
#2176=DIRECTION('ref_axis',(0.,-0.170306090391433,-0.98539120940649));
#2177=DIRECTION('center_axis',(1.,0.,0.));
#2178=DIRECTION('ref_axis',(0.,-0.170306090391433,-0.98539120940649));
#2179=DIRECTION('',(1.,0.,0.));
#2180=DIRECTION('center_axis',(-1.,0.,0.));
#2181=DIRECTION('ref_axis',(0.,0.576352214899792,-0.817201397686093));
#2182=DIRECTION('',(-1.,0.,0.));
#2183=DIRECTION('center_axis',(-0.0810706827028369,-0.990284752171679,0.112976342755341));
#2184=DIRECTION('ref_axis',(0.577350269189626,-0.139054340515772,-0.804568553356636));
#2185=DIRECTION('center_axis',(0.,-0.817201397686093,-0.576352214899792));
#2186=DIRECTION('ref_axis',(0.707106781186548,0.407542559507529,-0.577848649898961));
#2187=DIRECTION('center_axis',(0.,-0.817201397686094,-0.576352214899791));
#2188=DIRECTION('ref_axis',(0.707106781186548,-0.407542559507528,0.577848649898961));
#2189=DIRECTION('',(0.,0.817201397686094,0.576352214899791));
#2190=DIRECTION('center_axis',(0.,-0.817201397686095,-0.57635221489979));
#2191=DIRECTION('ref_axis',(0.707106781186548,-0.407542559507527,0.577848649898962));
#2192=DIRECTION('',(0.,-0.817201397686094,-0.576352214899791));
#2193=DIRECTION('center_axis',(1.,0.,0.));
#2194=DIRECTION('ref_axis',(0.,0.,-1.));
#2195=DIRECTION('',(0.,-0.817201397686093,-0.576352214899791));
#2196=DIRECTION('',(0.,-0.57635221489979,0.817201397686095));
#2197=DIRECTION('',(0.,-0.794848947909027,-0.606807341755119));
#2198=DIRECTION('',(0.,-0.606807341755674,0.794848947908603));
#2199=DIRECTION('',(0.,0.794848947909017,0.606807341755131));
#2200=DIRECTION('',(0.,0.939343315847001,-0.342978330180728));
#2201=DIRECTION('',(0.,-0.794848947909009,-0.606807341755142));
#2202=DIRECTION('',(0.,-0.93860173459166,0.345002585238905));
#2203=DIRECTION('',(0.,-0.794848947909026,-0.60680734175512));
#2204=DIRECTION('',(0.,0.606807341755678,-0.7948489479086));
#2205=DIRECTION('',(0.,0.875394434308499,0.483409334189673));
#2206=DIRECTION('',(0.,-0.60680734175566,0.794848947908613));
#2207=DIRECTION('',(0.,0.794848947909014,0.606807341755135));
#2208=DIRECTION('',(0.,0.606807341755675,-0.794848947908602));
#2209=DIRECTION('',(0.,-0.794848947909024,-0.606807341755122));
#2210=DIRECTION('',(0.,-0.606807341755672,0.794848947908604));
#2211=DIRECTION('',(0.,0.794848947909007,0.606807341755144));
#2212=DIRECTION('',(0.,0.606807341755682,-0.794848947908597));
#2213=DIRECTION('',(0.,0.606807341755673,-0.794848947908603));
#2214=DIRECTION('',(0.,-0.79484894790902,-0.606807341755127));
#2215=DIRECTION('',(0.,-0.606807341755674,0.794848947908603));
#2216=DIRECTION('',(0.,0.606807341755673,-0.794848947908604));
#2217=DIRECTION('',(0.,-0.79484894790902,-0.606807341755127));
#2218=DIRECTION('',(0.,-0.606807341755672,0.794848947908604));
#2219=DIRECTION('',(0.,0.79484894790902,0.606807341755127));
#2220=DIRECTION('',(0.,0.606807341755672,-0.794848947908604));
#2221=DIRECTION('',(0.,-0.79484894790902,-0.606807341755127));
#2222=DIRECTION('',(0.,-0.606807341755676,0.794848947908601));
#2223=DIRECTION('',(0.,0.79484894790902,0.606807341755127));
#2224=DIRECTION('',(0.,0.606807341755676,-0.794848947908601));
#2225=DIRECTION('center_axis',(0.,0.817201397686093,0.576352214899792));
#2226=DIRECTION('ref_axis',(0.707106781186548,0.407542559507529,-0.577848649898961));
#2227=DIRECTION('',(0.,0.817201397686093,0.576352214899791));
#2228=DIRECTION('center_axis',(0.,-0.817201397686095,-0.57635221489979));
#2229=DIRECTION('ref_axis',(0.707106781186548,0.407542559507527,-0.577848649898962));
#2230=DIRECTION('center_axis',(0.,0.576352214899792,-0.817201397686093));
#2231=DIRECTION('ref_axis',(0.,0.817201397686093,0.576352214899792));
#2232=DIRECTION('',(0.,-0.817201397686093,-0.576352214899791));
#2233=DIRECTION('',(1.,0.,0.));
#2234=DIRECTION('center_axis',(0.,0.606807341755127,-0.79484894790902));
#2235=DIRECTION('ref_axis',(0.,-0.79484894790902,-0.606807341755127));
#2236=DIRECTION('',(-1.,0.,0.));
#2237=DIRECTION('',(0.,-0.79484894790902,-0.606807341755127));
#2238=DIRECTION('',(-1.,0.,0.));
#2239=DIRECTION('center_axis',(0.,0.794848947908601,0.606807341755677));
#2240=DIRECTION('ref_axis',(0.,0.606807341755677,-0.794848947908601));
#2241=DIRECTION('',(-1.,0.,0.));
#2242=DIRECTION('',(0.,0.606807341755676,-0.794848947908601));
#2243=DIRECTION('center_axis',(0.,-0.606807341755127,0.79484894790902));
#2244=DIRECTION('ref_axis',(0.,0.79484894790902,0.606807341755127));
#2245=DIRECTION('',(-1.,0.,0.));
#2246=DIRECTION('',(0.,0.79484894790902,0.606807341755127));
#2247=DIRECTION('center_axis',(0.,-0.794848947908601,-0.606807341755677));
#2248=DIRECTION('ref_axis',(0.,-0.606807341755677,0.794848947908601));
#2249=DIRECTION('',(0.,-0.606807341755676,0.794848947908601));
#2250=DIRECTION('center_axis',(-1.,0.,0.));
#2251=DIRECTION('ref_axis',(0.,0.,1.));
#2252=DIRECTION('center_axis',(0.,0.606807341755127,-0.79484894790902));
#2253=DIRECTION('ref_axis',(0.,-0.79484894790902,-0.606807341755127));
#2254=DIRECTION('',(-1.,0.,0.));
#2255=DIRECTION('',(0.,-0.79484894790902,-0.606807341755127));
#2256=DIRECTION('',(-1.,0.,0.));
#2257=DIRECTION('center_axis',(0.,0.794848947908604,0.606807341755672));
#2258=DIRECTION('ref_axis',(0.,0.606807341755672,-0.794848947908604));
#2259=DIRECTION('',(-1.,0.,0.));
#2260=DIRECTION('',(0.,0.606807341755672,-0.794848947908604));
#2261=DIRECTION('center_axis',(0.,-0.606807341755127,0.79484894790902));
#2262=DIRECTION('ref_axis',(0.,0.79484894790902,0.606807341755127));
#2263=DIRECTION('',(-1.,0.,0.));
#2264=DIRECTION('',(0.,0.79484894790902,0.606807341755127));
#2265=DIRECTION('center_axis',(0.,-0.794848947908604,-0.606807341755672));
#2266=DIRECTION('ref_axis',(0.,-0.606807341755672,0.794848947908604));
#2267=DIRECTION('',(0.,-0.606807341755672,0.794848947908604));
#2268=DIRECTION('center_axis',(-1.,0.,0.));
#2269=DIRECTION('ref_axis',(0.,0.,1.));
#2270=DIRECTION('center_axis',(0.,0.606807341755122,-0.794848947909024));
#2271=DIRECTION('ref_axis',(0.,-0.794848947909024,-0.606807341755122));
#2272=DIRECTION('',(-1.,0.,0.));
#2273=DIRECTION('',(0.,-0.794848947909024,-0.606807341755122));
#2274=DIRECTION('',(-1.,0.,0.));
#2275=DIRECTION('center_axis',(0.,0.794848947908604,0.606807341755673));
#2276=DIRECTION('ref_axis',(0.,0.606807341755673,-0.794848947908604));
#2277=DIRECTION('',(-1.,0.,0.));
#2278=DIRECTION('',(0.,0.606807341755673,-0.794848947908604));
#2279=DIRECTION('',(-1.,0.,0.));
#2280=DIRECTION('',(-1.,0.,0.));
#2281=DIRECTION('',(-1.,0.,0.));
#2282=DIRECTION('',(-1.,0.,0.));
#2283=DIRECTION('',(-1.,0.,0.));
#2284=DIRECTION('center_axis',(0.,-0.794848947908602,-0.606807341755674));
#2285=DIRECTION('ref_axis',(0.,-0.606807341755674,0.794848947908602));
#2286=DIRECTION('',(-1.,0.,0.));
#2287=DIRECTION('',(0.,-0.606807341755674,0.794848947908603));
#2288=DIRECTION('center_axis',(0.,0.606807341755127,-0.79484894790902));
#2289=DIRECTION('ref_axis',(0.,-0.79484894790902,-0.606807341755127));
#2290=DIRECTION('',(-1.,0.,0.));
#2291=DIRECTION('',(0.,-0.79484894790902,-0.606807341755127));
#2292=DIRECTION('center_axis',(0.,0.794848947908603,0.606807341755673));
#2293=DIRECTION('ref_axis',(0.,0.606807341755673,-0.794848947908603));
#2294=DIRECTION('',(-1.,0.,0.));
#2295=DIRECTION('',(0.,0.606807341755673,-0.794848947908603));
#2296=DIRECTION('',(-1.,0.,0.));
#2297=DIRECTION('',(-1.,0.,0.));
#2298=DIRECTION('',(-1.,0.,0.));
#2299=DIRECTION('',(-1.,0.,0.));
#2300=DIRECTION('',(-1.,0.,0.));
#2301=DIRECTION('center_axis',(0.,0.794848947908597,0.606807341755682));
#2302=DIRECTION('ref_axis',(0.,0.606807341755682,-0.794848947908597));
#2303=DIRECTION('',(-1.,0.,0.));
#2304=DIRECTION('',(0.,0.606807341755682,-0.794848947908597));
#2305=DIRECTION('center_axis',(0.,-0.606807341755144,0.794848947909007));
#2306=DIRECTION('ref_axis',(0.,0.794848947909007,0.606807341755144));
#2307=DIRECTION('',(-1.,0.,0.));
#2308=DIRECTION('',(0.,0.794848947909007,0.606807341755144));
#2309=DIRECTION('center_axis',(0.,-0.794848947908604,-0.606807341755672));
#2310=DIRECTION('ref_axis',(0.,-0.606807341755672,0.794848947908604));
#2311=DIRECTION('',(0.,-0.606807341755672,0.794848947908604));
#2312=DIRECTION('center_axis',(1.,0.,0.));
#2313=DIRECTION('ref_axis',(0.,0.,-1.));
#2314=DIRECTION('',(-1.,0.,0.));
#2315=DIRECTION('',(-1.,0.,0.));
#2316=DIRECTION('',(-1.,0.,0.));
#2317=DIRECTION('',(-1.,0.,0.));
#2318=DIRECTION('',(-1.,0.,0.));
#2319=DIRECTION('',(-1.,0.,0.));
#2320=DIRECTION('',(-1.,0.,0.));
#2321=DIRECTION('',(-1.,0.,0.));
#2322=DIRECTION('',(-1.,0.,0.));
#2323=DIRECTION('',(-1.,0.,0.));
#2324=DIRECTION('',(-1.,0.,0.));
#2325=DIRECTION('',(-1.,0.,0.));
#2326=DIRECTION('',(-1.,0.,0.));
#2327=DIRECTION('',(-1.,0.,0.));
#2328=DIRECTION('center_axis',(0.,0.794848947908602,0.606807341755675));
#2329=DIRECTION('ref_axis',(0.,0.606807341755675,-0.794848947908602));
#2330=DIRECTION('',(-1.,0.,0.));
#2331=DIRECTION('',(0.,0.606807341755675,-0.794848947908602));
#2332=DIRECTION('center_axis',(0.,-0.606807341755135,0.794848947909014));
#2333=DIRECTION('ref_axis',(0.,0.794848947909014,0.606807341755135));
#2334=DIRECTION('',(-1.,0.,0.));
#2335=DIRECTION('',(0.,0.794848947909014,0.606807341755135));
#2336=DIRECTION('center_axis',(0.,-0.794848947908613,-0.60680734175566));
#2337=DIRECTION('ref_axis',(0.,-0.60680734175566,0.794848947908613));
#2338=DIRECTION('',(-1.,0.,0.));
#2339=DIRECTION('',(0.,-0.60680734175566,0.794848947908613));
#2340=DIRECTION('',(-1.,0.,0.));
#2341=DIRECTION('',(-1.,0.,0.));
#2342=DIRECTION('',(-1.,0.,0.));
#2343=DIRECTION('',(-1.,0.,0.));
#2344=DIRECTION('',(-1.,0.,0.));
#2345=DIRECTION('',(-1.,0.,0.));
#2346=DIRECTION('',(-1.,0.,0.));
#2347=DIRECTION('',(-1.,0.,0.));
#2348=DIRECTION('',(-1.,0.,0.));
#2349=DIRECTION('',(-1.,0.,0.));
#2350=DIRECTION('',(-1.,0.,0.));
#2351=DIRECTION('',(-1.,0.,0.));
#2352=DIRECTION('center_axis',(0.,-0.483409334189673,0.875394434308499));
#2353=DIRECTION('ref_axis',(0.,0.875394434308499,0.483409334189673));
#2354=DIRECTION('',(0.,0.875394434308499,0.483409334189673));
#2355=DIRECTION('center_axis',(1.,0.,0.));
#2356=DIRECTION('ref_axis',(0.,0.,-1.));
#2357=DIRECTION('center_axis',(0.,0.794848947908603,0.606807341755674));
#2358=DIRECTION('ref_axis',(0.,0.606807341755674,-0.794848947908603));
#2359=DIRECTION('',(0.,0.606807341755674,-0.794848947908603));
#2360=DIRECTION('',(-1.,0.,0.));
#2361=DIRECTION('',(0.,0.606807341755674,-0.794848947908603));
#2362=DIRECTION('',(-1.,0.,0.));
#2363=DIRECTION('center_axis',(0.,0.606807341755133,-0.794848947909016));
#2364=DIRECTION('ref_axis',(0.,-0.794848947909016,-0.606807341755133));
#2365=DIRECTION('',(0.,-0.794848947909016,-0.606807341755133));
#2366=DIRECTION('',(-1.,0.,0.));
#2367=DIRECTION('',(0.,-0.794848947909016,-0.606807341755133));
#2368=DIRECTION('',(-1.,0.,0.));
#2369=DIRECTION('',(-1.,0.,0.));
#2370=DIRECTION('',(-1.,0.,0.));
#2371=DIRECTION('',(-1.,0.,0.));
#2372=DIRECTION('',(-1.,0.,0.));
#2373=DIRECTION('center_axis',(0.,-0.606807341755128,0.794848947909019));
#2374=DIRECTION('ref_axis',(0.,0.794848947909019,0.606807341755128));
#2375=DIRECTION('',(0.,0.794848947909019,0.606807341755128));
#2376=DIRECTION('',(0.,0.794848947909019,0.606807341755128));
#2377=DIRECTION('center_axis',(0.,0.606807341755119,-0.794848947909027));
#2378=DIRECTION('ref_axis',(0.,-0.794848947909027,-0.606807341755119));
#2379=DIRECTION('',(-1.,0.,0.));
#2380=DIRECTION('',(0.,-0.794848947909027,-0.606807341755119));
#2381=DIRECTION('',(-1.,0.,0.));
#2382=DIRECTION('center_axis',(0.,0.7948489479086,0.606807341755678));
#2383=DIRECTION('ref_axis',(0.,0.606807341755678,-0.7948489479086));
#2384=DIRECTION('',(-1.,0.,0.));
#2385=DIRECTION('',(0.,0.606807341755678,-0.7948489479086));
#2386=DIRECTION('center_axis',(0.,0.60680734175512,-0.794848947909026));
#2387=DIRECTION('ref_axis',(0.,-0.794848947909026,-0.60680734175512));
#2388=DIRECTION('',(-1.,0.,0.));
#2389=DIRECTION('',(0.,-0.794848947909026,-0.60680734175512));
#2390=DIRECTION('',(-1.,0.,0.));
#2391=DIRECTION('',(-1.,0.,0.));
#2392=DIRECTION('',(-1.,0.,0.));
#2393=DIRECTION('',(-1.,0.,0.));
#2394=DIRECTION('center_axis',(0.,-0.345002585238905,-0.93860173459166));
#2395=DIRECTION('ref_axis',(0.,-0.93860173459166,0.345002585238905));
#2396=DIRECTION('',(-1.,0.,0.));
#2397=DIRECTION('',(0.,-0.93860173459166,0.345002585238905));
#2398=DIRECTION('center_axis',(0.,0.606807341755142,-0.794848947909009));
#2399=DIRECTION('ref_axis',(0.,-0.794848947909009,-0.606807341755142));
#2400=DIRECTION('',(-1.,0.,0.));
#2401=DIRECTION('',(0.,-0.794848947909009,-0.606807341755142));
#2402=DIRECTION('center_axis',(0.,0.342978330180728,0.939343315847002));
#2403=DIRECTION('ref_axis',(0.,0.939343315847002,-0.342978330180728));
#2404=DIRECTION('',(-1.,0.,0.));
#2405=DIRECTION('',(0.,0.939343315847001,-0.342978330180728));
#2406=DIRECTION('',(-1.,0.,0.));
#2407=DIRECTION('',(-1.,0.,0.));
#2408=DIRECTION('',(-1.,0.,0.));
#2409=DIRECTION('',(-1.,0.,0.));
#2410=DIRECTION('',(-1.,0.,0.));
#2411=DIRECTION('',(-1.,0.,0.));
#2412=DIRECTION('',(-1.,0.,0.));
#2413=DIRECTION('center_axis',(0.,-0.606807341755131,0.794848947909017));
#2414=DIRECTION('ref_axis',(0.,0.794848947909017,0.606807341755131));
#2415=DIRECTION('',(-1.,0.,0.));
#2416=DIRECTION('',(0.,0.794848947909017,0.606807341755131));
#2417=DIRECTION('center_axis',(0.,-0.794848947908602,-0.606807341755674));
#2418=DIRECTION('ref_axis',(0.,-0.606807341755674,0.794848947908602));
#2419=DIRECTION('',(0.,-0.606807341755674,0.794848947908603));
#2420=DIRECTION('center_axis',(1.,0.,0.));
#2421=DIRECTION('ref_axis',(0.,0.,-1.));
#2422=DIRECTION('center_axis',(1.,0.,0.));
#2423=DIRECTION('ref_axis',(0.,0.,-1.));
#2424=DIRECTION('center_axis',(0.,0.817201397686095,0.57635221489979));
#2425=DIRECTION('ref_axis',(0.,-0.57635221489979,0.817201397686095));
#2426=DIRECTION('',(0.,0.57635221489979,-0.817201397686095));
#2427=DIRECTION('',(0.,0.57635221489979,-0.817201397686095));
#2428=DIRECTION('',(1.,0.,0.));
#2429=DIRECTION('center_axis',(0.,0.817201397686095,0.57635221489979));
#2430=DIRECTION('ref_axis',(0.,0.57635221489979,-0.817201397686095));
#2431=DIRECTION('center_axis',(0.,0.817201397686095,0.57635221489979));
#2432=DIRECTION('ref_axis',(0.,0.57635221489979,-0.817201397686095));
#2433=DIRECTION('center_axis',(0.,0.817201397686095,0.57635221489979));
#2434=DIRECTION('ref_axis',(0.,0.57635221489979,-0.817201397686095));
#2435=DIRECTION('center_axis',(1.,0.,0.));
#2436=DIRECTION('ref_axis',(0.,0.,-1.));
#2437=DIRECTION('center_axis',(0.,0.817201397686101,0.57635221489978));
#2438=DIRECTION('ref_axis',(0.,0.57635221489978,-0.817201397686101));
#2439=DIRECTION('center_axis',(0.,-0.817201397686095,-0.57635221489979));
#2440=DIRECTION('ref_axis',(0.,0.57635221489979,-0.817201397686095));
#2441=DIRECTION('',(8.6595605623551E-17,0.170306090391427,0.985391209406491));
#2442=DIRECTION('center_axis',(0.,-0.817201397686094,-0.57635221489979));
#2443=DIRECTION('ref_axis',(0.,0.57635221489979,-0.817201397686094));
#2444=DIRECTION('',(0.,-0.817201397686094,-0.57635221489979));
#2445=DIRECTION('center_axis',(0.,-0.817201397686095,-0.57635221489979));
#2446=DIRECTION('ref_axis',(0.,0.57635221489979,-0.817201397686095));
#2447=DIRECTION('center_axis',(0.,0.817201397686097,0.576352214899786));
#2448=DIRECTION('ref_axis',(0.,0.576352214899786,-0.817201397686097));
#2449=DIRECTION('center_axis',(0.,-0.817201397686095,-0.57635221489979));
#2450=DIRECTION('ref_axis',(0.,0.57635221489979,-0.817201397686095));
#2451=DIRECTION('',(8.65956056235508E-17,0.170306090391422,0.985391209406492));
#2452=DIRECTION('center_axis',(0.,-0.817201397686094,-0.57635221489979));
#2453=DIRECTION('ref_axis',(0.,0.57635221489979,-0.817201397686094));
#2454=DIRECTION('',(0.,-0.817201397686094,-0.57635221489979));
#2455=DIRECTION('center_axis',(0.,-0.817201397686095,-0.57635221489979));
#2456=DIRECTION('ref_axis',(0.,0.57635221489979,-0.817201397686095));
#2457=DIRECTION('center_axis',(0.,0.817201397686098,0.576352214899784));
#2458=DIRECTION('ref_axis',(0.,0.576352214899784,-0.817201397686098));
#2459=DIRECTION('center_axis',(0.,-0.817201397686095,-0.57635221489979));
#2460=DIRECTION('ref_axis',(0.,0.57635221489979,-0.817201397686095));
#2461=DIRECTION('',(8.65956056235505E-17,0.170306090391427,0.985391209406491));
#2462=DIRECTION('center_axis',(0.,-0.817201397686094,-0.57635221489979));
#2463=DIRECTION('ref_axis',(0.,0.57635221489979,-0.817201397686094));
#2464=DIRECTION('',(0.,-0.817201397686094,-0.57635221489979));
#2465=DIRECTION('center_axis',(0.,-0.817201397686095,-0.57635221489979));
#2466=DIRECTION('ref_axis',(0.,0.57635221489979,-0.817201397686095));
#2467=DIRECTION('center_axis',(0.,0.817201397686095,0.57635221489979));
#2468=DIRECTION('ref_axis',(0.,0.57635221489979,-0.817201397686095));
#2469=DIRECTION('center_axis',(0.,0.817201397686095,0.57635221489979));
#2470=DIRECTION('ref_axis',(0.,0.57635221489979,-0.817201397686095));
#2471=DIRECTION('center_axis',(0.,0.817201397686095,0.57635221489979));
#2472=DIRECTION('ref_axis',(0.,0.57635221489979,-0.817201397686095));
#2473=DIRECTION('center_axis',(1.,0.,0.));
#2474=DIRECTION('ref_axis',(0.,1.,0.));
#2475=DIRECTION('',(0.,0.817201397686094,0.576352214899791));
#2476=DIRECTION('',(0.,-0.57635221489979,0.817201397686094));
#2477=DIRECTION('center_axis',(0.,-0.817201397686094,-0.576352214899791));
#2478=DIRECTION('ref_axis',(0.,0.576352214899791,-0.817201397686094));
#2479=DIRECTION('center_axis',(0.,-0.576352214899791,0.817201397686094));
#2480=DIRECTION('ref_axis',(0.,-0.817201397686094,-0.576352214899791));
#2481=CARTESIAN_POINT('',(0.,0.,0.));
#2482=CARTESIAN_POINT('Origin',(0.,-46.4052288131547,-130.140488221689));
#2483=CARTESIAN_POINT('',(0.,-49.8633421025535,-125.237279835572));
#2484=CARTESIAN_POINT('',(0.,-51.3084371992713,-133.598601511087));
#2485=CARTESIAN_POINT('Origin',(0.,-46.4052288131547,-130.140488221689));
#2486=CARTESIAN_POINT('',(6.,-51.3084371992713,-133.598601511087));
#2487=CARTESIAN_POINT('',(0.,-51.3084371992713,-133.598601511087));
#2488=CARTESIAN_POINT('',(6.,-49.8633421025535,-125.237279835572));
#2489=CARTESIAN_POINT('Origin',(6.,-46.4052288131547,-130.140488221689));
#2490=CARTESIAN_POINT('',(0.,-49.8633421025535,-125.237279835572));
#2491=CARTESIAN_POINT('Origin',(6.,-46.9815810280545,-129.323286824003));
#2492=CARTESIAN_POINT('',(12.,-46.4052288131547,-130.140488221689));
#2493=CARTESIAN_POINT('Origin',(6.,-46.4052288131547,-130.140488221689));
#2494=CARTESIAN_POINT('',(6.,-46.697619480073,-140.136212692576));
#2495=CARTESIAN_POINT('',(6.,-51.8847894141711,-132.781400113401));
#2496=CARTESIAN_POINT('',(12.,-41.7944110939564,-136.678099403177));
#2497=CARTESIAN_POINT('Origin',(6.,-41.7944110939564,-136.678099403177));
#2498=CARTESIAN_POINT('',(12.,-46.9815810280545,-129.323286824003));
#2499=CARTESIAN_POINT('Origin',(6.,-46.4052288131547,-130.140488221689));
#2500=CARTESIAN_POINT('Origin',(6.,-46.4052288131547,-130.140488221689));
#2501=CARTESIAN_POINT('Origin',(0.,-41.7944110939564,-136.678099403177));
#2502=CARTESIAN_POINT('',(0.,-46.697619480073,-140.136212692576));
#2503=CARTESIAN_POINT('',(0.,-38.3362978045576,-141.581307789294));
#2504=CARTESIAN_POINT('Origin',(0.,-41.7944110939564,-136.678099403177));
#2505=CARTESIAN_POINT('',(6.,-38.3362978045576,-141.581307789294));
#2506=CARTESIAN_POINT('',(0.,-38.3362978045576,-141.581307789294));
#2507=CARTESIAN_POINT('Origin',(6.,-41.7944110939564,-136.678099403177));
#2508=CARTESIAN_POINT('',(0.,-46.697619480073,-140.136212692576));
#2509=CARTESIAN_POINT('Origin',(6.,-41.7944110939564,-136.678099403177));
#2510=CARTESIAN_POINT('Origin',(6.,-41.7944110939564,-136.678099403177));
#2511=CARTESIAN_POINT('Origin',(6.,-26.7923952686885,-116.308035064094));
#2512=CARTESIAN_POINT('',(12.,-18.6203812918275,-110.544512915096));
#2513=CARTESIAN_POINT('',(12.,-26.7923952686885,-116.308035064094));
#2514=CARTESIAN_POINT('',(6.,-22.0784945812263,-105.641304528979));
#2515=CARTESIAN_POINT('Origin',(6.,-18.6203812918275,-110.544512915096));
#2516=CARTESIAN_POINT('',(6.,-30.2505085580872,-111.404826677977));
#2517=CARTESIAN_POINT('Origin',(12.,-32.6590003859503,-125.340362803836));
#2518=CARTESIAN_POINT('',(12.,-14.0095635726292,-117.082124096584));
#2519=CARTESIAN_POINT('',(12.,-38.525605503212,-134.372690543578));
#2520=CARTESIAN_POINT('',(12.,-22.0784945812263,-105.641304528979));
#2521=CARTESIAN_POINT('',(12.,-35.3774039837439,-128.796780717246));
#2522=CARTESIAN_POINT('',(12.,-35.6929579026169,-129.03768238189));
#2523=CARTESIAN_POINT('',(12.,-33.685130828921,-127.504857544544));
#2524=CARTESIAN_POINT('',(12.,-37.513380000221,-126.653135443411));
#2525=CARTESIAN_POINT('',(12.,-36.0260292585422,-128.601396597889));
#2526=CARTESIAN_POINT('',(12.,-36.4561116182641,-125.84599061663));
#2527=CARTESIAN_POINT('',(12.,-35.6633298859608,-125.240761438386));
#2528=CARTESIAN_POINT('',(12.,-35.9217242392276,-125.541008356938));
#2529=CARTESIAN_POINT('Ctrl Pts',(12.,-36.4561116182641,-125.84599061663));
#2530=CARTESIAN_POINT('Ctrl Pts',(12.,-36.3733301218533,-125.783815092461));
#2531=CARTESIAN_POINT('Ctrl Pts',(12.,-36.2905486254421,-125.721639568292));
#2532=CARTESIAN_POINT('Ctrl Pts',(12.,-36.1105681398459,-125.616425643406));
#2533=CARTESIAN_POINT('Ctrl Pts',(12.,-36.0312284301171,-125.584740290597));
#2534=CARTESIAN_POINT('Ctrl Pts',(12.,-35.9217242392276,-125.541008356938));
#2535=CARTESIAN_POINT('',(12.,-35.483988810715,-125.56469411291));
#2536=CARTESIAN_POINT('Ctrl Pts',(12.,-35.9217242392276,-125.541008356938));
#2537=CARTESIAN_POINT('Ctrl Pts',(12.,-35.8452559983018,-125.525663821232));
#2538=CARTESIAN_POINT('Ctrl Pts',(12.,-35.7739537726643,-125.511355926426));
#2539=CARTESIAN_POINT('Ctrl Pts',(12.,-35.6280145306214,-125.51971398433));
#2540=CARTESIAN_POINT('Ctrl Pts',(12.,-35.5560016706682,-125.54220404862));
#2541=CARTESIAN_POINT('Ctrl Pts',(12.,-35.483988810715,-125.56469411291));
#2542=CARTESIAN_POINT('',(12.,-35.1103390649062,-125.84841793098));
#2543=CARTESIAN_POINT('Ctrl Pts',(12.,-35.483988810715,-125.56469411291));
#2544=CARTESIAN_POINT('Ctrl Pts',(12.,-35.410551847822,-125.599374515953));
#2545=CARTESIAN_POINT('Ctrl Pts',(12.,-35.3395016235513,-125.632927788269));
#2546=CARTESIAN_POINT('Ctrl Pts',(12.,-35.2150550493238,-125.727657585444));
#2547=CARTESIAN_POINT('Ctrl Pts',(12.,-35.162697057115,-125.788037758212));
#2548=CARTESIAN_POINT('Ctrl Pts',(12.,-35.1103390649062,-125.84841793098));
#2549=CARTESIAN_POINT('',(12.,-34.9480390721225,-126.401622751704));
#2550=CARTESIAN_POINT('Ctrl Pts',(12.,-35.1103390649061,-125.84841793098));
#2551=CARTESIAN_POINT('Ctrl Pts',(12.,-35.0559503027864,-125.932693940719));
#2552=CARTESIAN_POINT('Ctrl Pts',(12.,-35.0015615406666,-126.016969950458));
#2553=CARTESIAN_POINT('Ctrl Pts',(12.,-34.9468651930092,-126.201250045374));
#2554=CARTESIAN_POINT('Ctrl Pts',(12.,-34.9474343548514,-126.29840187078));
#2555=CARTESIAN_POINT('Ctrl Pts',(12.,-34.9480390721225,-126.401622751704));
#2556=CARTESIAN_POINT('',(12.,-35.2866485239041,-127.010265556318));
#2557=CARTESIAN_POINT('Ctrl Pts',(12.,-34.9480390721225,-126.401622751704));
#2558=CARTESIAN_POINT('Ctrl Pts',(12.,-34.9808465928973,-126.531694408994));
#2559=CARTESIAN_POINT('Ctrl Pts',(12.,-35.0060547365803,-126.631636890127));
#2560=CARTESIAN_POINT('Ctrl Pts',(12.,-35.1228966111088,-126.834567225297));
#2561=CARTESIAN_POINT('Ctrl Pts',(12.,-35.2047725675064,-126.922416390807));
#2562=CARTESIAN_POINT('Ctrl Pts',(12.,-35.286648523904,-127.010265556318));
#2563=CARTESIAN_POINT('',(12.,-35.0056914941819,-126.983718925945));
#2564=CARTESIAN_POINT('Ctrl Pts',(12.,-35.2866485239041,-127.010265556318));
#2565=CARTESIAN_POINT('Ctrl Pts',(12.,-35.2402248547344,-127.00118737727));
#2566=CARTESIAN_POINT('Ctrl Pts',(12.,-35.1938011855649,-126.992109198221));
#2567=CARTESIAN_POINT('Ctrl Pts',(12.,-35.099193728073,-126.982529967269));
#2568=CARTESIAN_POINT('Ctrl Pts',(12.,-35.0591074743802,-126.983039697327));
#2569=CARTESIAN_POINT('Ctrl Pts',(12.,-35.0056914941819,-126.983718925945));
#2570=CARTESIAN_POINT('',(12.,-34.5016710721308,-127.100975745459));
#2571=CARTESIAN_POINT('Ctrl Pts',(12.,-35.0056914941819,-126.983718925945));
#2572=CARTESIAN_POINT('Ctrl Pts',(12.,-34.9133439547842,-126.996063616587));
#2573=CARTESIAN_POINT('Ctrl Pts',(12.,-34.8343430989645,-127.006624170035));
#2574=CARTESIAN_POINT('Ctrl Pts',(12.,-34.6660925876404,-127.046265440824));
#2575=CARTESIAN_POINT('Ctrl Pts',(12.,-34.5838818298857,-127.073620593141));
#2576=CARTESIAN_POINT('Ctrl Pts',(12.,-34.5016710721308,-127.100975745459));
#2577=CARTESIAN_POINT('',(12.,-33.591433620156,-127.433326778441));
#2578=CARTESIAN_POINT('',(12.,-33.9723284258993,-127.294252318396));
#2579=CARTESIAN_POINT('',(12.,-33.9883159626561,-127.73631657276));
#2580=CARTESIAN_POINT('',(12.,-32.7921456471271,-126.823130575141));
#2581=CARTESIAN_POINT('',(12.,-34.682607138439,-127.481115413711));
#2582=CARTESIAN_POINT('',(12.,-33.7906991578014,-127.808954738714));
#2583=CARTESIAN_POINT('',(12.,-35.1611621809456,-127.326395672939));
#2584=CARTESIAN_POINT('Ctrl Pts',(12.,-34.682607138439,-127.481115413711));
#2585=CARTESIAN_POINT('Ctrl Pts',(12.,-34.7615582265949,-127.452802971149));
#2586=CARTESIAN_POINT('Ctrl Pts',(12.,-34.8405093147518,-127.424490528587));
#2587=CARTESIAN_POINT('Ctrl Pts',(12.,-35.0022900493446,-127.371738459138));
#2588=CARTESIAN_POINT('Ctrl Pts',(12.,-35.0693010372784,-127.352613236431));
#2589=CARTESIAN_POINT('Ctrl Pts',(12.,-35.1611621809456,-127.326395672939));
#2590=CARTESIAN_POINT('',(12.,-35.4438848875369,-127.289926386735));
#2591=CARTESIAN_POINT('Ctrl Pts',(12.,-35.1611621809456,-127.326395672939));
#2592=CARTESIAN_POINT('Ctrl Pts',(12.,-35.2076374708202,-127.314852809743));
#2593=CARTESIAN_POINT('Ctrl Pts',(12.,-35.2541127606954,-127.303309946547));
#2594=CARTESIAN_POINT('Ctrl Pts',(12.,-35.3495748726635,-127.290134456353));
#2595=CARTESIAN_POINT('Ctrl Pts',(12.,-35.3894838032471,-127.290046408059));
#2596=CARTESIAN_POINT('Ctrl Pts',(12.,-35.4438848875369,-127.289926386735));
#2597=CARTESIAN_POINT('',(12.,-35.6354515412891,-127.335765187667));
#2598=CARTESIAN_POINT('Ctrl Pts',(12.,-35.4438848875369,-127.289926386735));
#2599=CARTESIAN_POINT('Ctrl Pts',(12.,-35.4767872281628,-127.29353289029));
#2600=CARTESIAN_POINT('Ctrl Pts',(12.,-35.5096895687891,-127.297139393845));
#2601=CARTESIAN_POINT('Ctrl Pts',(12.,-35.5736193537761,-127.312292645858));
#2602=CARTESIAN_POINT('Ctrl Pts',(12.,-35.603097318784,-127.323482978821));
#2603=CARTESIAN_POINT('Ctrl Pts',(12.,-35.6354515412891,-127.335765187667));
#2604=CARTESIAN_POINT('',(12.,-35.8198130454029,-127.458489485437));
#2605=CARTESIAN_POINT('Ctrl Pts',(12.,-35.6354515412891,-127.335765187667));
#2606=CARTESIAN_POINT('Ctrl Pts',(12.,-35.6723551882969,-127.356561575984));
#2607=CARTESIAN_POINT('Ctrl Pts',(12.,-35.6981978678793,-127.371124754514));
#2608=CARTESIAN_POINT('Ctrl Pts',(12.,-35.7609962612341,-127.413542493379));
#2609=CARTESIAN_POINT('Ctrl Pts',(12.,-35.7904046533185,-127.436015989408));
#2610=CARTESIAN_POINT('Ctrl Pts',(12.,-35.8198130454029,-127.458489485437));
#2611=CARTESIAN_POINT('',(12.,-36.1857905667896,-127.737885775109));
#2612=CARTESIAN_POINT('',(12.,-34.310528651273,-126.30626445757));
#2613=CARTESIAN_POINT('',(12.,-36.1146686311922,-127.831047462176));
#2614=CARTESIAN_POINT('',(12.,-30.178275858288,-125.715860233619));
#2615=CARTESIAN_POINT('',(12.,-30.6812107040769,-125.4381515811));
#2616=CARTESIAN_POINT('Ctrl Pts',(12.,-30.178275858288,-125.715860233619));
#2617=CARTESIAN_POINT('Ctrl Pts',(12.,-30.2881726606175,-125.702099027766));
#2618=CARTESIAN_POINT('Ctrl Pts',(12.,-30.381304349047,-125.690437138532));
#2619=CARTESIAN_POINT('Ctrl Pts',(12.,-30.5095105789533,-125.617548307491));
#2620=CARTESIAN_POINT('Ctrl Pts',(12.,-30.5488607717959,-125.583404978626));
#2621=CARTESIAN_POINT('Ctrl Pts',(12.,-30.6179920667814,-125.512970489227));
#2622=CARTESIAN_POINT('Ctrl Pts',(12.,-30.6496013854286,-125.475561035164));
#2623=CARTESIAN_POINT('Ctrl Pts',(12.,-30.6812107040769,-125.4381515811));
#2624=CARTESIAN_POINT('',(12.,-30.3642752888432,-125.263133861025));
#2625=CARTESIAN_POINT('',(12.,-31.4183252388887,-125.845200144045));
#2626=CARTESIAN_POINT('',(12.,-30.1185269807566,-125.379321269737));
#2627=CARTESIAN_POINT('Ctrl Pts',(12.,-30.3642752888432,-125.263133861025));
#2628=CARTESIAN_POINT('Ctrl Pts',(12.,-30.328998436706,-125.295025639004));
#2629=CARTESIAN_POINT('Ctrl Pts',(12.,-30.2937215845689,-125.326917416983));
#2630=CARTESIAN_POINT('Ctrl Pts',(12.,-30.2119239056198,-125.367019242404));
#2631=CARTESIAN_POINT('Ctrl Pts',(12.,-30.1703817809664,-125.372491075162));
#2632=CARTESIAN_POINT('Ctrl Pts',(12.,-30.1185269807566,-125.379321269737));
#2633=CARTESIAN_POINT('',(12.,-29.7587772266577,-125.233407542478));
#2634=CARTESIAN_POINT('Ctrl Pts',(12.,-30.1185269807566,-125.379321269737));
#2635=CARTESIAN_POINT('Ctrl Pts',(12.,-30.0452044894429,-125.369076387334));
#2636=CARTESIAN_POINT('Ctrl Pts',(12.,-29.9877026485308,-125.36104202315));
#2637=CARTESIAN_POINT('Ctrl Pts',(12.,-29.8675943741897,-125.310569111152));
#2638=CARTESIAN_POINT('Ctrl Pts',(12.,-29.8131858004236,-125.271988326815));
#2639=CARTESIAN_POINT('Ctrl Pts',(12.,-29.7587772266577,-125.233407542478));
#2640=CARTESIAN_POINT('',(12.,-29.5069379836319,-124.912419106039));
#2641=CARTESIAN_POINT('Ctrl Pts',(12.,-29.7587772266577,-125.233407542478));
#2642=CARTESIAN_POINT('Ctrl Pts',(12.,-29.7043307597899,-125.189365677605));
#2643=CARTESIAN_POINT('Ctrl Pts',(12.,-29.6498842929219,-125.145323812732));
#2644=CARTESIAN_POINT('Ctrl Pts',(12.,-29.563625238602,-125.038544356505));
#2645=CARTESIAN_POINT('Ctrl Pts',(12.,-29.5391014738254,-124.983980663547));
#2646=CARTESIAN_POINT('Ctrl Pts',(12.,-29.5069379836319,-124.912419106039));
#2647=CARTESIAN_POINT('',(12.,-29.5311403926467,-124.570458031987));
#2648=CARTESIAN_POINT('Ctrl Pts',(12.,-29.5069379836319,-124.912419106039));
#2649=CARTESIAN_POINT('Ctrl Pts',(12.,-29.4953126734544,-124.851702458307));
#2650=CARTESIAN_POINT('Ctrl Pts',(12.,-29.4847453989134,-124.796511717071));
#2651=CARTESIAN_POINT('Ctrl Pts',(12.,-29.4933343466864,-124.682480917677));
#2652=CARTESIAN_POINT('Ctrl Pts',(12.,-29.5122373696665,-124.626469474832));
#2653=CARTESIAN_POINT('Ctrl Pts',(12.,-29.5311403926467,-124.570458031987));
#2654=CARTESIAN_POINT('',(12.,-29.7968416274266,-124.178577987593));
#2655=CARTESIAN_POINT('Ctrl Pts',(12.,-29.5311403926467,-124.570458031987));
#2656=CARTESIAN_POINT('Ctrl Pts',(12.,-29.5751169657154,-124.492525378301));
#2657=CARTESIAN_POINT('Ctrl Pts',(12.,-29.6054517541788,-124.438767879729));
#2658=CARTESIAN_POINT('Ctrl Pts',(12.,-29.6991651709887,-124.303200306893));
#2659=CARTESIAN_POINT('Ctrl Pts',(12.,-29.7480033992077,-124.240889147243));
#2660=CARTESIAN_POINT('Ctrl Pts',(12.,-29.7968416274266,-124.178577987593));
#2661=CARTESIAN_POINT('',(12.,-30.1024476991265,-124.769748651137));
#2662=CARTESIAN_POINT('Ctrl Pts',(12.,-29.7968416274266,-124.178577987593));
#2663=CARTESIAN_POINT('Ctrl Pts',(12.,-29.8137421459358,-124.29480197071));
#2664=CARTESIAN_POINT('Ctrl Pts',(12.,-29.8306426644451,-124.411025953827));
#2665=CARTESIAN_POINT('Ctrl Pts',(12.,-29.9320650022578,-124.608340327269));
#2666=CARTESIAN_POINT('Ctrl Pts',(12.,-30.0155983789033,-124.687473845867));
#2667=CARTESIAN_POINT('Ctrl Pts',(12.,-30.1024476991265,-124.769748651137));
#2668=CARTESIAN_POINT('',(12.,-30.8500518272919,-124.933708105572));
#2669=CARTESIAN_POINT('Ctrl Pts',(12.,-30.1024476991265,-124.769748651137));
#2670=CARTESIAN_POINT('Ctrl Pts',(12.,-30.2173270652877,-124.842971419802));
#2671=CARTESIAN_POINT('Ctrl Pts',(12.,-30.3322064314489,-124.916194188467));
#2672=CARTESIAN_POINT('Ctrl Pts',(12.,-30.5812420441048,-124.972605752949));
#2673=CARTESIAN_POINT('Ctrl Pts',(12.,-30.7087934239363,-124.954148654638));
#2674=CARTESIAN_POINT('Ctrl Pts',(12.,-30.8500518272919,-124.933708105572));
#2675=CARTESIAN_POINT('',(12.,-31.5158675195324,-124.466250784514));
#2676=CARTESIAN_POINT('Ctrl Pts',(12.,-30.8500518272919,-124.933708105572));
#2677=CARTESIAN_POINT('Ctrl Pts',(12.,-30.9872933059922,-124.881620725723));
#2678=CARTESIAN_POINT('Ctrl Pts',(12.,-31.1111396131619,-124.834617227177));
#2679=CARTESIAN_POINT('Ctrl Pts',(12.,-31.3325303369183,-124.677627784136));
#2680=CARTESIAN_POINT('Ctrl Pts',(12.,-31.4241989282253,-124.571939284325));
#2681=CARTESIAN_POINT('Ctrl Pts',(12.,-31.5158675195324,-124.466250784514));
#2682=CARTESIAN_POINT('',(12.,-31.7740997917686,-123.94251535365));
#2683=CARTESIAN_POINT('Ctrl Pts',(12.,-31.5158675195324,-124.466250784514));
#2684=CARTESIAN_POINT('Ctrl Pts',(12.,-31.5722707000008,-124.385512737559));
#2685=CARTESIAN_POINT('Ctrl Pts',(12.,-31.6286738804694,-124.304774690603));
#2686=CARTESIAN_POINT('Ctrl Pts',(12.,-31.7151828601317,-124.130303171931));
#2687=CARTESIAN_POINT('Ctrl Pts',(12.,-31.7434433789341,-124.040227517582));
#2688=CARTESIAN_POINT('Ctrl Pts',(12.,-31.7740997917686,-123.94251535365));
#2689=CARTESIAN_POINT('',(12.,-31.7625861480899,-123.421388514877));
#2690=CARTESIAN_POINT('Ctrl Pts',(12.,-31.7740997917686,-123.94251535365));
#2691=CARTESIAN_POINT('Ctrl Pts',(12.,-31.7912134990924,-123.855156653766));
#2692=CARTESIAN_POINT('Ctrl Pts',(12.,-31.8083272064162,-123.767797953882));
#2693=CARTESIAN_POINT('Ctrl Pts',(12.,-31.8052171922175,-123.593924133029));
#2694=CARTESIAN_POINT('Ctrl Pts',(12.,-31.7850159271391,-123.512165925387));
#2695=CARTESIAN_POINT('Ctrl Pts',(12.,-31.7625861480899,-123.421388514877));
#2696=CARTESIAN_POINT('',(12.,-31.4493739853934,-123.002055521549));
#2697=CARTESIAN_POINT('Ctrl Pts',(12.,-31.7625861480899,-123.421388514877));
#2698=CARTESIAN_POINT('Ctrl Pts',(12.,-31.7245783100966,-123.335455401497));
#2699=CARTESIAN_POINT('Ctrl Pts',(12.,-31.6903227598919,-123.258005953303));
#2700=CARTESIAN_POINT('Ctrl Pts',(12.,-31.5852329021476,-123.118556677549));
#2701=CARTESIAN_POINT('Ctrl Pts',(12.,-31.5173034437706,-123.060306099549));
#2702=CARTESIAN_POINT('Ctrl Pts',(12.,-31.4493739853934,-123.002055521549));
#2703=CARTESIAN_POINT('',(12.,-30.7563905216374,-122.864347547259));
#2704=CARTESIAN_POINT('Ctrl Pts',(12.,-31.4493739853934,-123.002055521549));
#2705=CARTESIAN_POINT('Ctrl Pts',(12.,-31.3401321360937,-122.936157985023));
#2706=CARTESIAN_POINT('Ctrl Pts',(12.,-31.2351776159728,-122.872846677429));
#2707=CARTESIAN_POINT('Ctrl Pts',(12.,-31.0040431781837,-122.827510600153));
#2708=CARTESIAN_POINT('Ctrl Pts',(12.,-30.8802168499106,-122.845929073706));
#2709=CARTESIAN_POINT('Ctrl Pts',(12.,-30.7563905216374,-122.864347547259));
#2710=CARTESIAN_POINT('',(12.,-30.9153359563814,-122.65614701492));
#2711=CARTESIAN_POINT('',(12.,-30.5095593513119,-123.187668447558));
#2712=CARTESIAN_POINT('',(12.,-30.6453257818148,-122.450014570879));
#2713=CARTESIAN_POINT('',(12.,-32.1134720588637,-123.570833742908));
#2714=CARTESIAN_POINT('',(12.,-29.5053889199555,-123.943202858136));
#2715=CARTESIAN_POINT('',(12.,-30.3190218941174,-122.877435737347));
#2716=CARTESIAN_POINT('',(12.,-29.1524859147502,-124.57745775385));
#2717=CARTESIAN_POINT('Ctrl Pts',(12.,-29.5053889199555,-123.943202858136));
#2718=CARTESIAN_POINT('Ctrl Pts',(12.,-29.4309096660711,-124.040599625741));
#2719=CARTESIAN_POINT('Ctrl Pts',(12.,-29.3564304121866,-124.137996393346));
#2720=CARTESIAN_POINT('Ctrl Pts',(12.,-29.2324151114903,-124.353188747109));
#2721=CARTESIAN_POINT('Ctrl Pts',(12.,-29.1994837617526,-124.445589038836));
#2722=CARTESIAN_POINT('Ctrl Pts',(12.,-29.1524859147502,-124.57745775385));
#2723=CARTESIAN_POINT('',(12.,-29.2090875598309,-125.042896533667));
#2724=CARTESIAN_POINT('Ctrl Pts',(12.,-29.1524859147502,-124.57745775385));
#2725=CARTESIAN_POINT('Ctrl Pts',(12.,-29.1426825523892,-124.660421170848));
#2726=CARTESIAN_POINT('Ctrl Pts',(12.,-29.1336359014575,-124.736980727259));
#2727=CARTESIAN_POINT('Ctrl Pts',(12.,-29.1530468863311,-124.892136656606));
#2728=CARTESIAN_POINT('Ctrl Pts',(12.,-29.181067223081,-124.967516595137));
#2729=CARTESIAN_POINT('Ctrl Pts',(12.,-29.2090875598309,-125.042896533667));
#2730=CARTESIAN_POINT('',(12.,-29.5721284686294,-125.474524172789));
#2731=CARTESIAN_POINT('Ctrl Pts',(12.,-29.2090875598309,-125.042896533667));
#2732=CARTESIAN_POINT('Ctrl Pts',(12.,-29.2599022426714,-125.134416416633));
#2733=CARTESIAN_POINT('Ctrl Pts',(12.,-29.3015617484403,-125.209447350199));
#2734=CARTESIAN_POINT('Ctrl Pts',(12.,-29.4241335728509,-125.352961478437));
#2735=CARTESIAN_POINT('Ctrl Pts',(12.,-29.49813102074,-125.413742825613));
#2736=CARTESIAN_POINT('Ctrl Pts',(12.,-29.5721284686294,-125.474524172789));
#2737=CARTESIAN_POINT('Ctrl Pts',(12.,-29.5721284686294,-125.474524172789));
#2738=CARTESIAN_POINT('Ctrl Pts',(12.,-29.6639154902918,-125.538757262387));
#2739=CARTESIAN_POINT('Ctrl Pts',(12.,-29.7557025119541,-125.602990351984));
#2740=CARTESIAN_POINT('Ctrl Pts',(12.,-29.957846308551,-125.685933227879));
#2741=CARTESIAN_POINT('Ctrl Pts',(12.,-30.0563898214269,-125.699312161325));
#2742=CARTESIAN_POINT('Ctrl Pts',(12.,-30.178275858288,-125.715860233619));
#2743=CARTESIAN_POINT('',(12.,-32.2966865041484,-126.444884813742));
#2744=CARTESIAN_POINT('',(12.,-32.5894685212578,-126.668401845479));
#2745=CARTESIAN_POINT('',(12.,-32.1447720891233,-126.328909592792));
#2746=CARTESIAN_POINT('',(12.,-33.9082190085067,-124.940987944535));
#2747=CARTESIAN_POINT('',(12.,-32.922539877184,-126.232116061476));
#2748=CARTESIAN_POINT('',(12.,-33.6447150746666,-124.73982252555));
#2749=CARTESIAN_POINT('',(12.,-33.6099135849263,-124.713254207716));
#2750=CARTESIAN_POINT('',(12.,-33.4572091554287,-124.985434060509));
#2751=CARTESIAN_POINT('',(12.,-33.3184111869684,-125.16724369202));
#2752=CARTESIAN_POINT('',(12.,-33.1247378420849,-124.281069717927));
#2753=CARTESIAN_POINT('Ctrl Pts',(12.,-33.4572091554287,-124.985434060509));
#2754=CARTESIAN_POINT('Ctrl Pts',(12.,-33.4489138080555,-124.842137536085));
#2755=CARTESIAN_POINT('Ctrl Pts',(12.,-33.4410599405216,-124.706467277778));
#2756=CARTESIAN_POINT('Ctrl Pts',(12.,-33.3571099849985,-124.53035480113));
#2757=CARTESIAN_POINT('Ctrl Pts',(12.,-33.3175215625022,-124.4775086254));
#2758=CARTESIAN_POINT('Ctrl Pts',(12.,-33.2284108823,-124.377851207421));
#2759=CARTESIAN_POINT('Ctrl Pts',(12.,-33.1765743621932,-124.329460462675));
#2760=CARTESIAN_POINT('Ctrl Pts',(12.,-33.1247378420849,-124.281069717927));
#2761=CARTESIAN_POINT('',(12.,-32.7950002691565,-124.119449255202));
#2762=CARTESIAN_POINT('Ctrl Pts',(12.,-33.1247378420849,-124.281069717927));
#2763=CARTESIAN_POINT('Ctrl Pts',(12.,-33.0739440054028,-124.24558568905));
#2764=CARTESIAN_POINT('Ctrl Pts',(12.,-33.0231501687205,-124.210101660172));
#2765=CARTESIAN_POINT('Ctrl Pts',(12.,-32.9133069865211,-124.155926579931));
#2766=CARTESIAN_POINT('Ctrl Pts',(12.,-32.8567494967975,-124.138488297773));
#2767=CARTESIAN_POINT('Ctrl Pts',(12.,-32.7950002691565,-124.119449255202));
#2768=CARTESIAN_POINT('',(12.,-32.4864275255651,-124.115587602988));
#2769=CARTESIAN_POINT('Ctrl Pts',(12.,-32.7950002691565,-124.119449255202));
#2770=CARTESIAN_POINT('Ctrl Pts',(12.,-32.7436085191289,-124.108217733405));
#2771=CARTESIAN_POINT('Ctrl Pts',(12.,-32.6922167691012,-124.096986211607));
#2772=CARTESIAN_POINT('Ctrl Pts',(12.,-32.5889855287598,-124.094847842502));
#2773=CARTESIAN_POINT('Ctrl Pts',(12.,-32.5427108714222,-124.104205720774));
#2774=CARTESIAN_POINT('Ctrl Pts',(12.,-32.4864275255651,-124.115587602988));
#2775=CARTESIAN_POINT('',(12.,-32.2301854655632,-124.262382223765));
#2776=CARTESIAN_POINT('Ctrl Pts',(12.,-32.4864275255651,-124.115587602988));
#2777=CARTESIAN_POINT('Ctrl Pts',(12.,-32.4371448193999,-124.134259938312));
#2778=CARTESIAN_POINT('Ctrl Pts',(12.,-32.393370899752,-124.150845093019));
#2779=CARTESIAN_POINT('Ctrl Pts',(12.,-32.3080293494186,-124.200124990369));
#2780=CARTESIAN_POINT('Ctrl Pts',(12.,-32.2691074138082,-124.231253602015));
#2781=CARTESIAN_POINT('Ctrl Pts',(12.,-32.2301854655632,-124.262382223765));
#2782=CARTESIAN_POINT('',(12.,-31.9966113764465,-124.534613696483));
#2783=CARTESIAN_POINT('Ctrl Pts',(12.,-32.2301854655632,-124.262382223765));
#2784=CARTESIAN_POINT('Ctrl Pts',(12.,-32.1821605756822,-124.311177378569));
#2785=CARTESIAN_POINT('Ctrl Pts',(12.,-32.1488126920314,-124.345060124561));
#2786=CARTESIAN_POINT('Ctrl Pts',(12.,-32.0691230146718,-124.439198374168));
#2787=CARTESIAN_POINT('Ctrl Pts',(12.,-32.0328671955591,-124.486906035326));
#2788=CARTESIAN_POINT('Ctrl Pts',(12.,-31.9966113764465,-124.534613696483));
#2789=CARTESIAN_POINT('',(12.,-31.1857412808728,-125.596761758985));
#2790=CARTESIAN_POINT('',(12.,-31.9242476845862,-124.629401943731));
#2791=CARTESIAN_POINT('',(12.,-31.4785235348656,-125.820278971564));
#2792=CARTESIAN_POINT('',(12.,-31.5892994774855,-125.904848065413));
#2793=CARTESIAN_POINT('',(12.,-32.2807013365911,-124.769516830334));
#2794=CARTESIAN_POINT('',(12.,-31.8115948907921,-125.383993187561));
#2795=CARTESIAN_POINT('',(12.,-32.5185078230549,-124.528836685696));
#2796=CARTESIAN_POINT('Ctrl Pts',(12.,-32.2807013365911,-124.769516830334));
#2797=CARTESIAN_POINT('Ctrl Pts',(12.,-32.3154630055727,-124.724454535093));
#2798=CARTESIAN_POINT('Ctrl Pts',(12.,-32.3502246745543,-124.679392239852));
#2799=CARTESIAN_POINT('Ctrl Pts',(12.,-32.4301279808541,-124.596735397141));
#2800=CARTESIAN_POINT('Ctrl Pts',(12.,-32.4669892465823,-124.568416355345));
#2801=CARTESIAN_POINT('Ctrl Pts',(12.,-32.5185078230549,-124.528836685696));
#2802=CARTESIAN_POINT('',(12.,-32.7485336759618,-124.480457529594));
#2803=CARTESIAN_POINT('Ctrl Pts',(12.,-32.5185078230549,-124.528836685696));
#2804=CARTESIAN_POINT('Ctrl Pts',(12.,-32.5558523456103,-124.510123001501));
#2805=CARTESIAN_POINT('Ctrl Pts',(12.,-32.5908617564035,-124.492579463317));
#2806=CARTESIAN_POINT('Ctrl Pts',(12.,-32.6676079875399,-124.476675171645));
#2807=CARTESIAN_POINT('Ctrl Pts',(12.,-32.7080708317507,-124.47856635062));
#2808=CARTESIAN_POINT('Ctrl Pts',(12.,-32.7485336759618,-124.480457529594));
#2809=CARTESIAN_POINT('',(12.,-32.992832665312,-124.582000972669));
#2810=CARTESIAN_POINT('Ctrl Pts',(12.,-32.7485336759618,-124.480457529594));
#2811=CARTESIAN_POINT('Ctrl Pts',(12.,-32.7956353408341,-124.489064753524));
#2812=CARTESIAN_POINT('Ctrl Pts',(12.,-32.8370735650174,-124.496637056451));
#2813=CARTESIAN_POINT('Ctrl Pts',(12.,-32.9184444314445,-124.530944399013));
#2814=CARTESIAN_POINT('Ctrl Pts',(12.,-32.9556385483782,-124.556472685841));
#2815=CARTESIAN_POINT('Ctrl Pts',(12.,-32.992832665312,-124.582000972669));
#2816=CARTESIAN_POINT('',(12.,-33.2258708753551,-124.947850830869));
#2817=CARTESIAN_POINT('Ctrl Pts',(12.,-32.992832665312,-124.582000972669));
#2818=CARTESIAN_POINT('Ctrl Pts',(12.,-33.0487300483345,-124.632151013806));
#2819=CARTESIAN_POINT('Ctrl Pts',(12.,-33.1046274313569,-124.682301054942));
#2820=CARTESIAN_POINT('Ctrl Pts',(12.,-33.1825163574015,-124.804131765864));
#2821=CARTESIAN_POINT('Ctrl Pts',(12.,-33.203817504625,-124.874744497985));
#2822=CARTESIAN_POINT('Ctrl Pts',(12.,-33.2258708753551,-124.947850830869));
#2823=CARTESIAN_POINT('',(12.,-33.0169080307632,-125.501476118266));
#2824=CARTESIAN_POINT('Ctrl Pts',(12.,-33.2258708753551,-124.947850830869));
#2825=CARTESIAN_POINT('Ctrl Pts',(12.,-33.2213449632963,-125.065411865735));
#2826=CARTESIAN_POINT('Ctrl Pts',(12.,-33.2181316021154,-125.148879255495));
#2827=CARTESIAN_POINT('Ctrl Pts',(12.,-33.1417358449657,-125.33556985284));
#2828=CARTESIAN_POINT('Ctrl Pts',(12.,-33.0793219378644,-125.418522985553));
#2829=CARTESIAN_POINT('Ctrl Pts',(12.,-33.0169080307632,-125.501476118266));
#2830=CARTESIAN_POINT('',(12.,-32.9898686233821,-125.536894682002));
#2831=CARTESIAN_POINT('',(12.,-33.0351476692066,-127.008644327719));
#2832=CARTESIAN_POINT('',(12.,-33.3279299231993,-127.232161540299));
#2833=CARTESIAN_POINT('',(12.,-32.5140026716523,-126.610789349781));
#2834=CARTESIAN_POINT('',(12.,-34.6466804104483,-125.504747639355));
#2835=CARTESIAN_POINT('',(12.,-33.6610012791254,-126.795875756296));
#2836=CARTESIAN_POINT('',(12.,-34.3538981564555,-125.281230426775));
#2837=CARTESIAN_POINT('',(12.,-33.9791442858971,-124.995134055126));
#2838=CARTESIAN_POINT('',(12.,-34.0275942687571,-125.708651593245));
#2839=CARTESIAN_POINT('',(12.,-34.5985252255236,-124.960796649695));
#2840=CARTESIAN_POINT('',(12.,-34.8913074795164,-125.184313862274));
#2841=CARTESIAN_POINT('',(12.,-34.0773802279687,-124.562941671756));
#2842=CARTESIAN_POINT('',(12.,-35.1483520208034,-124.84761460182));
#2843=CARTESIAN_POINT('',(12.,-34.4426900572839,-125.771951917284));
#2844=CARTESIAN_POINT('',(12.,-34.8555697668107,-124.62409738924));
#2845=CARTESIAN_POINT('',(12.,-34.480815896252,-124.338001017591));
#2846=CARTESIAN_POINT('',(12.,-34.2784300739347,-125.380085074477));
#2847=CARTESIAN_POINT('Origin',(6.,-38.525605503212,-134.372690543578));
#2848=CARTESIAN_POINT('',(6.,-10.5514502832305,-121.985332482701));
#2849=CARTESIAN_POINT('',(6.,-35.0674922138133,-139.275898929695));
#2850=CARTESIAN_POINT('Origin',(6.,-14.0095635726292,-117.082124096584));
#2851=CARTESIAN_POINT('Origin',(0.,-43.2395061906742,-145.039421078693));
#2852=CARTESIAN_POINT('',(0.,-10.5514502832305,-121.985332482701));
#2853=CARTESIAN_POINT('',(0.,-10.5514502832305,-121.985332482701));
#2854=CARTESIAN_POINT('',(0.,-10.5514502832305,-121.985332482701));
#2855=CARTESIAN_POINT('Origin',(12.,-34.5985252255236,-124.960796649695));
#2856=CARTESIAN_POINT('',(11.5,-34.5985252255236,-124.960796649695));
#2857=CARTESIAN_POINT('',(12.,-34.5985252255236,-124.960796649695));
#2858=CARTESIAN_POINT('',(11.5,-34.8913074795164,-125.184313862274));
#2859=CARTESIAN_POINT('',(11.5,-34.529531126923,-124.908124848746));
#2860=CARTESIAN_POINT('',(12.,-34.8913074795164,-125.184313862274));
#2861=CARTESIAN_POINT('Origin',(12.,-34.8555697668107,-124.62409738924));
#2862=CARTESIAN_POINT('',(11.5,-34.8555697668107,-124.62409738924));
#2863=CARTESIAN_POINT('',(12.,-34.8555697668107,-124.62409738924));
#2864=CARTESIAN_POINT('',(11.5,-34.1740944227741,-125.516752970278));
#2865=CARTESIAN_POINT('Origin',(12.,-35.1483520208034,-124.84761460182));
#2866=CARTESIAN_POINT('',(11.5,-35.1483520208034,-124.84761460182));
#2867=CARTESIAN_POINT('',(12.,-35.1483520208034,-124.84761460182));
#2868=CARTESIAN_POINT('',(11.5,-34.6401845412135,-124.459666982001));
#2869=CARTESIAN_POINT('Origin',(12.,-34.8913074795164,-125.184313862274));
#2870=CARTESIAN_POINT('',(11.5,-34.5953989474103,-125.571920552631));
#2871=CARTESIAN_POINT('Origin',(11.5,-33.3188931688314,-125.743848476385));
#2872=CARTESIAN_POINT('Origin',(12.,-33.0351476692066,-127.008644327719));
#2873=CARTESIAN_POINT('',(11.5,-33.0351476692066,-127.008644327719));
#2874=CARTESIAN_POINT('',(12.,-33.0351476692066,-127.008644327719));
#2875=CARTESIAN_POINT('',(11.5,-33.3279299231993,-127.232161540299));
#2876=CARTESIAN_POINT('',(11.5,-32.9661535706066,-126.955972526771));
#2877=CARTESIAN_POINT('',(12.,-33.3279299231993,-127.232161540299));
#2878=CARTESIAN_POINT('Origin',(12.,-34.3538981564555,-125.281230426775));
#2879=CARTESIAN_POINT('',(11.5,-34.3538981564555,-125.281230426775));
#2880=CARTESIAN_POINT('',(12.,-34.3538981564555,-125.281230426775));
#2881=CARTESIAN_POINT('',(11.5,-33.3924056446155,-126.54067680929));
#2882=CARTESIAN_POINT('Origin',(12.,-34.6466804104483,-125.504747639355));
#2883=CARTESIAN_POINT('',(11.5,-34.6466804104483,-125.504747639355));
#2884=CARTESIAN_POINT('',(12.,-34.6466804104483,-125.504747639355));
#2885=CARTESIAN_POINT('',(11.5,-34.1385129308586,-125.116800019536));
#2886=CARTESIAN_POINT('Origin',(12.,-33.3279299231993,-127.232161540299));
#2887=CARTESIAN_POINT('',(11.5,-34.3445631422327,-125.900487071398));
#2888=CARTESIAN_POINT('Origin',(11.5,-33.3188931688314,-125.743848476385));
#2889=CARTESIAN_POINT('Origin',(12.,-32.2966865041484,-126.444884813742));
#2890=CARTESIAN_POINT('',(11.5,-32.2966865041484,-126.444884813742));
#2891=CARTESIAN_POINT('',(12.,-32.2966865041484,-126.444884813742));
#2892=CARTESIAN_POINT('',(11.5,-32.5894685212578,-126.668401845479));
#2893=CARTESIAN_POINT('',(11.5,-32.5969228696358,-126.674092679361));
#2894=CARTESIAN_POINT('',(12.,-32.5894685212578,-126.668401845479));
#2895=CARTESIAN_POINT('Origin',(12.,-33.0169080307632,-125.501476118266));
#2896=CARTESIAN_POINT('',(11.5,-33.0169080307632,-125.501476118266));
#2897=CARTESIAN_POINT('',(12.,-33.0169080307632,-125.501476118266));
#2898=CARTESIAN_POINT('',(11.5,-32.6539444795576,-125.976917295313));
#2899=CARTESIAN_POINT('Ctrl Pts',(12.,-33.2258708753551,-124.947850830869));
#2900=CARTESIAN_POINT('Ctrl Pts',(11.28,-33.2258708753551,-124.947850830869));
#2901=CARTESIAN_POINT('Ctrl Pts',(12.,-33.2213449632963,-125.065411865735));
#2902=CARTESIAN_POINT('Ctrl Pts',(11.28,-33.2213449632963,-125.065411865735));
#2903=CARTESIAN_POINT('Ctrl Pts',(12.,-33.2181316021154,-125.148879255495));
#2904=CARTESIAN_POINT('Ctrl Pts',(11.28,-33.2181316021154,-125.148879255495));
#2905=CARTESIAN_POINT('Ctrl Pts',(12.,-33.1417358449657,-125.33556985284));
#2906=CARTESIAN_POINT('Ctrl Pts',(11.28,-33.1417358449657,-125.33556985284));
#2907=CARTESIAN_POINT('Ctrl Pts',(12.,-33.0793219378644,-125.418522985553));
#2908=CARTESIAN_POINT('Ctrl Pts',(11.28,-33.0793219378644,-125.418522985553));
#2909=CARTESIAN_POINT('Ctrl Pts',(12.,-33.0169080307632,-125.501476118266));
#2910=CARTESIAN_POINT('Ctrl Pts',(11.28,-33.0169080307632,-125.501476118266));
#2911=CARTESIAN_POINT('',(11.5,-33.2258708753551,-124.947850830869));
#2912=CARTESIAN_POINT('',(12.,-33.2258708753551,-124.947850830869));
#2913=CARTESIAN_POINT('Ctrl Pts',(11.5,-33.2258708753551,-124.947850830869));
#2914=CARTESIAN_POINT('Ctrl Pts',(11.5,-33.2213449632963,-125.065411865735));
#2915=CARTESIAN_POINT('Ctrl Pts',(11.5,-33.2181316021154,-125.148879255495));
#2916=CARTESIAN_POINT('Ctrl Pts',(11.5,-33.1417358449657,-125.33556985284));
#2917=CARTESIAN_POINT('Ctrl Pts',(11.5,-33.0793219378644,-125.418522985553));
#2918=CARTESIAN_POINT('Ctrl Pts',(11.5,-33.0169080307632,-125.501476118266));
#2919=CARTESIAN_POINT('Ctrl Pts',(12.,-32.992832665312,-124.582000972669));
#2920=CARTESIAN_POINT('Ctrl Pts',(11.28,-32.992832665312,-124.582000972669));
#2921=CARTESIAN_POINT('Ctrl Pts',(12.,-33.0487300483345,-124.632151013806));
#2922=CARTESIAN_POINT('Ctrl Pts',(11.28,-33.0487300483345,-124.632151013806));
#2923=CARTESIAN_POINT('Ctrl Pts',(12.,-33.1046274313569,-124.682301054942));
#2924=CARTESIAN_POINT('Ctrl Pts',(11.28,-33.1046274313569,-124.682301054942));
#2925=CARTESIAN_POINT('Ctrl Pts',(12.,-33.1825163574015,-124.804131765864));
#2926=CARTESIAN_POINT('Ctrl Pts',(11.28,-33.1825163574015,-124.804131765864));
#2927=CARTESIAN_POINT('Ctrl Pts',(12.,-33.203817504625,-124.874744497985));
#2928=CARTESIAN_POINT('Ctrl Pts',(11.28,-33.203817504625,-124.874744497985));
#2929=CARTESIAN_POINT('Ctrl Pts',(12.,-33.2258708753551,-124.947850830869));
#2930=CARTESIAN_POINT('Ctrl Pts',(11.28,-33.2258708753551,-124.947850830869));
#2931=CARTESIAN_POINT('',(11.5,-32.992832665312,-124.582000972669));
#2932=CARTESIAN_POINT('',(12.,-32.992832665312,-124.582000972669));
#2933=CARTESIAN_POINT('Ctrl Pts',(11.5,-32.992832665312,-124.582000972669));
#2934=CARTESIAN_POINT('Ctrl Pts',(11.5,-33.0487300483345,-124.632151013806));
#2935=CARTESIAN_POINT('Ctrl Pts',(11.5,-33.1046274313569,-124.682301054942));
#2936=CARTESIAN_POINT('Ctrl Pts',(11.5,-33.1825163574015,-124.804131765864));
#2937=CARTESIAN_POINT('Ctrl Pts',(11.5,-33.203817504625,-124.874744497985));
#2938=CARTESIAN_POINT('Ctrl Pts',(11.5,-33.2258708753551,-124.947850830869));
#2939=CARTESIAN_POINT('Ctrl Pts',(12.,-32.7485336759618,-124.480457529594));
#2940=CARTESIAN_POINT('Ctrl Pts',(11.28,-32.7485336759618,-124.480457529594));
#2941=CARTESIAN_POINT('Ctrl Pts',(12.,-32.7956353408341,-124.489064753524));
#2942=CARTESIAN_POINT('Ctrl Pts',(11.28,-32.7956353408341,-124.489064753524));
#2943=CARTESIAN_POINT('Ctrl Pts',(12.,-32.8370735650174,-124.496637056451));
#2944=CARTESIAN_POINT('Ctrl Pts',(11.28,-32.8370735650174,-124.496637056451));
#2945=CARTESIAN_POINT('Ctrl Pts',(12.,-32.9184444314445,-124.530944399013));
#2946=CARTESIAN_POINT('Ctrl Pts',(11.28,-32.9184444314445,-124.530944399013));
#2947=CARTESIAN_POINT('Ctrl Pts',(12.,-32.9556385483782,-124.556472685841));
#2948=CARTESIAN_POINT('Ctrl Pts',(11.28,-32.9556385483782,-124.556472685841));
#2949=CARTESIAN_POINT('Ctrl Pts',(12.,-32.992832665312,-124.582000972669));
#2950=CARTESIAN_POINT('Ctrl Pts',(11.28,-32.992832665312,-124.582000972669));
#2951=CARTESIAN_POINT('',(11.5,-32.7485336759618,-124.480457529594));
#2952=CARTESIAN_POINT('',(12.,-32.7485336759618,-124.480457529594));
#2953=CARTESIAN_POINT('Ctrl Pts',(11.5,-32.7485336759618,-124.480457529594));
#2954=CARTESIAN_POINT('Ctrl Pts',(11.5,-32.7956353408341,-124.489064753524));
#2955=CARTESIAN_POINT('Ctrl Pts',(11.5,-32.8370735650174,-124.496637056451));
#2956=CARTESIAN_POINT('Ctrl Pts',(11.5,-32.9184444314445,-124.530944399013));
#2957=CARTESIAN_POINT('Ctrl Pts',(11.5,-32.9556385483782,-124.556472685841));
#2958=CARTESIAN_POINT('Ctrl Pts',(11.5,-32.992832665312,-124.582000972669));
#2959=CARTESIAN_POINT('Ctrl Pts',(12.,-32.5185078230549,-124.528836685696));
#2960=CARTESIAN_POINT('Ctrl Pts',(11.28,-32.5185078230549,-124.528836685696));
#2961=CARTESIAN_POINT('Ctrl Pts',(12.,-32.5558523456103,-124.510123001501));
#2962=CARTESIAN_POINT('Ctrl Pts',(11.28,-32.5558523456103,-124.510123001501));
#2963=CARTESIAN_POINT('Ctrl Pts',(12.,-32.5908617564035,-124.492579463317));
#2964=CARTESIAN_POINT('Ctrl Pts',(11.28,-32.5908617564035,-124.492579463317));
#2965=CARTESIAN_POINT('Ctrl Pts',(12.,-32.6676079875399,-124.476675171645));
#2966=CARTESIAN_POINT('Ctrl Pts',(11.28,-32.6676079875399,-124.476675171645));
#2967=CARTESIAN_POINT('Ctrl Pts',(12.,-32.7080708317507,-124.47856635062));
#2968=CARTESIAN_POINT('Ctrl Pts',(11.28,-32.7080708317507,-124.47856635062));
#2969=CARTESIAN_POINT('Ctrl Pts',(12.,-32.7485336759618,-124.480457529594));
#2970=CARTESIAN_POINT('Ctrl Pts',(11.28,-32.7485336759618,-124.480457529594));
#2971=CARTESIAN_POINT('',(11.5,-32.5185078230549,-124.528836685696));
#2972=CARTESIAN_POINT('',(12.,-32.5185078230549,-124.528836685696));
#2973=CARTESIAN_POINT('Ctrl Pts',(11.5,-32.5185078230549,-124.528836685696));
#2974=CARTESIAN_POINT('Ctrl Pts',(11.5,-32.5558523456103,-124.510123001501));
#2975=CARTESIAN_POINT('Ctrl Pts',(11.5,-32.5908617564035,-124.492579463317));
#2976=CARTESIAN_POINT('Ctrl Pts',(11.5,-32.6676079875399,-124.476675171645));
#2977=CARTESIAN_POINT('Ctrl Pts',(11.5,-32.7080708317507,-124.47856635062));
#2978=CARTESIAN_POINT('Ctrl Pts',(11.5,-32.7485336759618,-124.480457529594));
#2979=CARTESIAN_POINT('Ctrl Pts',(12.,-32.2807013365911,-124.769516830334));
#2980=CARTESIAN_POINT('Ctrl Pts',(11.28,-32.2807013365911,-124.769516830334));
#2981=CARTESIAN_POINT('Ctrl Pts',(12.,-32.3154630055727,-124.724454535093));
#2982=CARTESIAN_POINT('Ctrl Pts',(11.28,-32.3154630055727,-124.724454535093));
#2983=CARTESIAN_POINT('Ctrl Pts',(12.,-32.3502246745543,-124.679392239852));
#2984=CARTESIAN_POINT('Ctrl Pts',(11.28,-32.3502246745543,-124.679392239852));
#2985=CARTESIAN_POINT('Ctrl Pts',(12.,-32.4301279808541,-124.596735397141));
#2986=CARTESIAN_POINT('Ctrl Pts',(11.28,-32.4301279808541,-124.596735397141));
#2987=CARTESIAN_POINT('Ctrl Pts',(12.,-32.4669892465823,-124.568416355345));
#2988=CARTESIAN_POINT('Ctrl Pts',(11.28,-32.4669892465823,-124.568416355345));
#2989=CARTESIAN_POINT('Ctrl Pts',(12.,-32.5185078230549,-124.528836685696));
#2990=CARTESIAN_POINT('Ctrl Pts',(11.28,-32.5185078230549,-124.528836685696));
#2991=CARTESIAN_POINT('',(11.5,-32.2807013365911,-124.769516830334));
#2992=CARTESIAN_POINT('',(12.,-32.2807013365911,-124.769516830334));
#2993=CARTESIAN_POINT('Ctrl Pts',(11.5,-32.2807013365911,-124.769516830334));
#2994=CARTESIAN_POINT('Ctrl Pts',(11.5,-32.3154630055727,-124.724454535093));
#2995=CARTESIAN_POINT('Ctrl Pts',(11.5,-32.3502246745543,-124.679392239852));
#2996=CARTESIAN_POINT('Ctrl Pts',(11.5,-32.4301279808541,-124.596735397141));
#2997=CARTESIAN_POINT('Ctrl Pts',(11.5,-32.4669892465823,-124.568416355345));
#2998=CARTESIAN_POINT('Ctrl Pts',(11.5,-32.5185078230549,-124.528836685696));
#2999=CARTESIAN_POINT('Origin',(12.,-31.4785235348656,-125.820278971564));
#3000=CARTESIAN_POINT('',(11.5,-31.4785235348656,-125.820278971564));
#3001=CARTESIAN_POINT('',(12.,-31.4785235348656,-125.820278971564));
#3002=CARTESIAN_POINT('',(11.5,-32.2368704111377,-124.82693038252));
#3003=CARTESIAN_POINT('Origin',(12.,-31.1857412808728,-125.596761758985));
#3004=CARTESIAN_POINT('',(11.5,-31.1857412808728,-125.596761758985));
#3005=CARTESIAN_POINT('',(12.,-31.1857412808728,-125.596761758985));
#3006=CARTESIAN_POINT('',(11.5,-32.0414503764397,-126.250031242404));
#3007=CARTESIAN_POINT('Origin',(12.,-31.9966113764465,-124.534613696483));
#3008=CARTESIAN_POINT('',(11.5,-31.9966113764465,-124.534613696483));
#3009=CARTESIAN_POINT('',(12.,-31.9966113764465,-124.534613696483));
#3010=CARTESIAN_POINT('',(11.5,-31.5429992562822,-125.128794240555));
#3011=CARTESIAN_POINT('Ctrl Pts',(12.,-32.2301854655632,-124.262382223765));
#3012=CARTESIAN_POINT('Ctrl Pts',(11.28,-32.2301854655632,-124.262382223765));
#3013=CARTESIAN_POINT('Ctrl Pts',(12.,-32.1821605756822,-124.311177378569));
#3014=CARTESIAN_POINT('Ctrl Pts',(11.28,-32.1821605756822,-124.311177378569));
#3015=CARTESIAN_POINT('Ctrl Pts',(12.,-32.1488126920314,-124.345060124561));
#3016=CARTESIAN_POINT('Ctrl Pts',(11.28,-32.1488126920314,-124.345060124561));
#3017=CARTESIAN_POINT('Ctrl Pts',(12.,-32.0691230146718,-124.439198374168));
#3018=CARTESIAN_POINT('Ctrl Pts',(11.28,-32.0691230146718,-124.439198374168));
#3019=CARTESIAN_POINT('Ctrl Pts',(12.,-32.0328671955591,-124.486906035326));
#3020=CARTESIAN_POINT('Ctrl Pts',(11.28,-32.0328671955591,-124.486906035326));
#3021=CARTESIAN_POINT('Ctrl Pts',(12.,-31.9966113764465,-124.534613696483));
#3022=CARTESIAN_POINT('Ctrl Pts',(11.28,-31.9966113764465,-124.534613696483));
#3023=CARTESIAN_POINT('',(11.5,-32.2301854655632,-124.262382223765));
#3024=CARTESIAN_POINT('',(12.,-32.2301854655632,-124.262382223765));
#3025=CARTESIAN_POINT('Ctrl Pts',(11.5,-32.2301854655632,-124.262382223765));
#3026=CARTESIAN_POINT('Ctrl Pts',(11.5,-32.1821605756822,-124.311177378569));
#3027=CARTESIAN_POINT('Ctrl Pts',(11.5,-32.1488126920314,-124.345060124561));
#3028=CARTESIAN_POINT('Ctrl Pts',(11.5,-32.0691230146718,-124.439198374168));
#3029=CARTESIAN_POINT('Ctrl Pts',(11.5,-32.0328671955591,-124.486906035326));
#3030=CARTESIAN_POINT('Ctrl Pts',(11.5,-31.9966113764465,-124.534613696483));
#3031=CARTESIAN_POINT('Ctrl Pts',(12.,-32.4864275255651,-124.115587602988));
#3032=CARTESIAN_POINT('Ctrl Pts',(11.28,-32.4864275255651,-124.115587602988));
#3033=CARTESIAN_POINT('Ctrl Pts',(12.,-32.4371448193999,-124.134259938312));
#3034=CARTESIAN_POINT('Ctrl Pts',(11.28,-32.4371448193999,-124.134259938312));
#3035=CARTESIAN_POINT('Ctrl Pts',(12.,-32.393370899752,-124.150845093019));
#3036=CARTESIAN_POINT('Ctrl Pts',(11.28,-32.393370899752,-124.150845093019));
#3037=CARTESIAN_POINT('Ctrl Pts',(12.,-32.3080293494186,-124.200124990369));
#3038=CARTESIAN_POINT('Ctrl Pts',(11.28,-32.3080293494186,-124.200124990369));
#3039=CARTESIAN_POINT('Ctrl Pts',(12.,-32.2691074138082,-124.231253602015));
#3040=CARTESIAN_POINT('Ctrl Pts',(11.28,-32.2691074138082,-124.231253602015));
#3041=CARTESIAN_POINT('Ctrl Pts',(12.,-32.2301854655632,-124.262382223765));
#3042=CARTESIAN_POINT('Ctrl Pts',(11.28,-32.2301854655632,-124.262382223765));
#3043=CARTESIAN_POINT('',(11.5,-32.4864275255651,-124.115587602988));
#3044=CARTESIAN_POINT('',(12.,-32.4864275255651,-124.115587602988));
#3045=CARTESIAN_POINT('Ctrl Pts',(11.5,-32.4864275255651,-124.115587602988));
#3046=CARTESIAN_POINT('Ctrl Pts',(11.5,-32.4371448193999,-124.134259938312));
#3047=CARTESIAN_POINT('Ctrl Pts',(11.5,-32.393370899752,-124.150845093019));
#3048=CARTESIAN_POINT('Ctrl Pts',(11.5,-32.3080293494186,-124.200124990369));
#3049=CARTESIAN_POINT('Ctrl Pts',(11.5,-32.2691074138082,-124.231253602015));
#3050=CARTESIAN_POINT('Ctrl Pts',(11.5,-32.2301854655632,-124.262382223765));
#3051=CARTESIAN_POINT('Ctrl Pts',(12.,-32.7950002691565,-124.119449255202));
#3052=CARTESIAN_POINT('Ctrl Pts',(11.28,-32.7950002691565,-124.119449255202));
#3053=CARTESIAN_POINT('Ctrl Pts',(12.,-32.7436085191289,-124.108217733405));
#3054=CARTESIAN_POINT('Ctrl Pts',(11.28,-32.7436085191289,-124.108217733405));
#3055=CARTESIAN_POINT('Ctrl Pts',(12.,-32.6922167691012,-124.096986211607));
#3056=CARTESIAN_POINT('Ctrl Pts',(11.28,-32.6922167691012,-124.096986211607));
#3057=CARTESIAN_POINT('Ctrl Pts',(12.,-32.5889855287598,-124.094847842502));
#3058=CARTESIAN_POINT('Ctrl Pts',(11.28,-32.5889855287598,-124.094847842502));
#3059=CARTESIAN_POINT('Ctrl Pts',(12.,-32.5427108714222,-124.104205720774));
#3060=CARTESIAN_POINT('Ctrl Pts',(11.28,-32.5427108714222,-124.104205720774));
#3061=CARTESIAN_POINT('Ctrl Pts',(12.,-32.4864275255651,-124.115587602988));
#3062=CARTESIAN_POINT('Ctrl Pts',(11.28,-32.4864275255651,-124.115587602988));
#3063=CARTESIAN_POINT('',(11.5,-32.7950002691565,-124.119449255202));
#3064=CARTESIAN_POINT('',(12.,-32.7950002691565,-124.119449255202));
#3065=CARTESIAN_POINT('Ctrl Pts',(11.5,-32.7950002691565,-124.119449255202));
#3066=CARTESIAN_POINT('Ctrl Pts',(11.5,-32.7436085191289,-124.108217733405));
#3067=CARTESIAN_POINT('Ctrl Pts',(11.5,-32.6922167691012,-124.096986211607));
#3068=CARTESIAN_POINT('Ctrl Pts',(11.5,-32.5889855287598,-124.094847842502));
#3069=CARTESIAN_POINT('Ctrl Pts',(11.5,-32.5427108714222,-124.104205720774));
#3070=CARTESIAN_POINT('Ctrl Pts',(11.5,-32.4864275255651,-124.115587602988));
#3071=CARTESIAN_POINT('Ctrl Pts',(12.,-33.1247378420849,-124.281069717927));
#3072=CARTESIAN_POINT('Ctrl Pts',(11.28,-33.1247378420849,-124.281069717927));
#3073=CARTESIAN_POINT('Ctrl Pts',(12.,-33.0739440054028,-124.24558568905));
#3074=CARTESIAN_POINT('Ctrl Pts',(11.28,-33.0739440054028,-124.24558568905));
#3075=CARTESIAN_POINT('Ctrl Pts',(12.,-33.0231501687205,-124.210101660172));
#3076=CARTESIAN_POINT('Ctrl Pts',(11.28,-33.0231501687205,-124.210101660172));
#3077=CARTESIAN_POINT('Ctrl Pts',(12.,-32.9133069865211,-124.155926579931));
#3078=CARTESIAN_POINT('Ctrl Pts',(11.28,-32.9133069865211,-124.155926579931));
#3079=CARTESIAN_POINT('Ctrl Pts',(12.,-32.8567494967975,-124.138488297773));
#3080=CARTESIAN_POINT('Ctrl Pts',(11.28,-32.8567494967975,-124.138488297773));
#3081=CARTESIAN_POINT('Ctrl Pts',(12.,-32.7950002691565,-124.119449255202));
#3082=CARTESIAN_POINT('Ctrl Pts',(11.28,-32.7950002691565,-124.119449255202));
#3083=CARTESIAN_POINT('',(11.5,-33.1247378420849,-124.281069717927));
#3084=CARTESIAN_POINT('',(12.,-33.1247378420849,-124.281069717927));
#3085=CARTESIAN_POINT('Ctrl Pts',(11.5,-33.1247378420849,-124.281069717927));
#3086=CARTESIAN_POINT('Ctrl Pts',(11.5,-33.0739440054028,-124.24558568905));
#3087=CARTESIAN_POINT('Ctrl Pts',(11.5,-33.0231501687205,-124.210101660172));
#3088=CARTESIAN_POINT('Ctrl Pts',(11.5,-32.9133069865211,-124.155926579931));
#3089=CARTESIAN_POINT('Ctrl Pts',(11.5,-32.8567494967975,-124.138488297773));
#3090=CARTESIAN_POINT('Ctrl Pts',(11.5,-32.7950002691565,-124.119449255202));
#3091=CARTESIAN_POINT('Ctrl Pts',(12.,-33.4572091554287,-124.985434060509));
#3092=CARTESIAN_POINT('Ctrl Pts',(11.28,-33.4572091554287,-124.985434060509));
#3093=CARTESIAN_POINT('Ctrl Pts',(12.,-33.4489138080555,-124.842137536085));
#3094=CARTESIAN_POINT('Ctrl Pts',(11.28,-33.4489138080555,-124.842137536085));
#3095=CARTESIAN_POINT('Ctrl Pts',(12.,-33.4410599405216,-124.706467277778));
#3096=CARTESIAN_POINT('Ctrl Pts',(11.28,-33.4410599405216,-124.706467277778));
#3097=CARTESIAN_POINT('Ctrl Pts',(12.,-33.3571099849985,-124.53035480113));
#3098=CARTESIAN_POINT('Ctrl Pts',(11.28,-33.3571099849985,-124.53035480113));
#3099=CARTESIAN_POINT('Ctrl Pts',(12.,-33.3175215625022,-124.4775086254));
#3100=CARTESIAN_POINT('Ctrl Pts',(11.28,-33.3175215625022,-124.4775086254));
#3101=CARTESIAN_POINT('Ctrl Pts',(12.,-33.2284108823,-124.377851207421));
#3102=CARTESIAN_POINT('Ctrl Pts',(11.28,-33.2284108823,-124.377851207421));
#3103=CARTESIAN_POINT('Ctrl Pts',(12.,-33.1765743621932,-124.329460462675));
#3104=CARTESIAN_POINT('Ctrl Pts',(11.28,-33.1765743621932,-124.329460462675));
#3105=CARTESIAN_POINT('Ctrl Pts',(12.,-33.1247378420849,-124.281069717927));
#3106=CARTESIAN_POINT('Ctrl Pts',(11.28,-33.1247378420849,-124.281069717927));
#3107=CARTESIAN_POINT('',(11.5,-33.4572091554287,-124.985434060509));
#3108=CARTESIAN_POINT('',(12.,-33.4572091554287,-124.985434060509));
#3109=CARTESIAN_POINT('Ctrl Pts',(11.5,-33.4572091554287,-124.985434060509));
#3110=CARTESIAN_POINT('Ctrl Pts',(11.5,-33.4489138080555,-124.842137536085));
#3111=CARTESIAN_POINT('Ctrl Pts',(11.5,-33.4410599405216,-124.706467277778));
#3112=CARTESIAN_POINT('Ctrl Pts',(11.5,-33.3571099849985,-124.53035480113));
#3113=CARTESIAN_POINT('Ctrl Pts',(11.5,-33.3175215625022,-124.4775086254));
#3114=CARTESIAN_POINT('Ctrl Pts',(11.5,-33.2284108823,-124.377851207421));
#3115=CARTESIAN_POINT('Ctrl Pts',(11.5,-33.1765743621932,-124.329460462675));
#3116=CARTESIAN_POINT('Ctrl Pts',(11.5,-33.1247378420849,-124.281069717927));
#3117=CARTESIAN_POINT('Origin',(12.,-33.6447150746666,-124.73982252555));
#3118=CARTESIAN_POINT('',(11.5,-33.6447150746666,-124.73982252555));
#3119=CARTESIAN_POINT('',(12.,-33.6447150746666,-124.73982252555));
#3120=CARTESIAN_POINT('',(11.5,-33.2488448468323,-125.258367725073));
#3121=CARTESIAN_POINT('Origin',(12.,-33.9082190085067,-124.940987944535));
#3122=CARTESIAN_POINT('',(11.5,-33.9082190085067,-124.940987944535));
#3123=CARTESIAN_POINT('',(12.,-33.9082190085067,-124.940987944535));
#3124=CARTESIAN_POINT('',(11.5,-33.7839213899641,-124.846096068924));
#3125=CARTESIAN_POINT('Origin',(12.,-32.5894685212578,-126.668401845479));
#3126=CARTESIAN_POINT('',(11.5,-33.6061017402913,-125.336727376578));
#3127=CARTESIAN_POINT('Origin',(11.5,-33.3188931688314,-125.743848476385));
#3128=CARTESIAN_POINT('Ctrl Pts',(12.,-31.453332982947,-123.640993804814));
#3129=CARTESIAN_POINT('Ctrl Pts',(11.28,-31.453332982947,-123.640993804814));
#3130=CARTESIAN_POINT('Ctrl Pts',(12.,-31.4420411920409,-123.760001109858));
#3131=CARTESIAN_POINT('Ctrl Pts',(11.28,-31.4420411920409,-123.760001109858));
#3132=CARTESIAN_POINT('Ctrl Pts',(12.,-31.433493294849,-123.850089760726));
#3133=CARTESIAN_POINT('Ctrl Pts',(11.28,-31.433493294849,-123.850089760726));
#3134=CARTESIAN_POINT('Ctrl Pts',(12.,-31.355425409065,-124.042232539682));
#3135=CARTESIAN_POINT('Ctrl Pts',(11.28,-31.355425409065,-124.042232539682));
#3136=CARTESIAN_POINT('Ctrl Pts',(12.,-31.2932604569959,-124.128806009958));
#3137=CARTESIAN_POINT('Ctrl Pts',(11.28,-31.2932604569959,-124.128806009958));
#3138=CARTESIAN_POINT('Ctrl Pts',(12.,-31.2310955049268,-124.215379480233));
#3139=CARTESIAN_POINT('Ctrl Pts',(11.28,-31.2310955049268,-124.215379480233));
#3140=CARTESIAN_POINT('',(12.,-31.453332982947,-123.640993804814));
#3141=CARTESIAN_POINT('',(12.,-31.2310955049268,-124.215379480233));
#3142=CARTESIAN_POINT('Ctrl Pts',(12.,-31.453332982947,-123.640993804814));
#3143=CARTESIAN_POINT('Ctrl Pts',(12.,-31.4420411920409,-123.760001109858));
#3144=CARTESIAN_POINT('Ctrl Pts',(12.,-31.433493294849,-123.850089760726));
#3145=CARTESIAN_POINT('Ctrl Pts',(12.,-31.355425409065,-124.042232539682));
#3146=CARTESIAN_POINT('Ctrl Pts',(12.,-31.2932604569959,-124.128806009958));
#3147=CARTESIAN_POINT('Ctrl Pts',(12.,-31.2310955049268,-124.215379480233));
#3148=CARTESIAN_POINT('',(11.5,-31.453332982947,-123.640993804814));
#3149=CARTESIAN_POINT('',(12.,-31.453332982947,-123.640993804814));
#3150=CARTESIAN_POINT('',(11.5,-31.2310955049268,-124.215379480233));
#3151=CARTESIAN_POINT('Ctrl Pts',(11.5,-31.453332982947,-123.640993804814));
#3152=CARTESIAN_POINT('Ctrl Pts',(11.5,-31.4420411920409,-123.760001109858));
#3153=CARTESIAN_POINT('Ctrl Pts',(11.5,-31.433493294849,-123.850089760726));
#3154=CARTESIAN_POINT('Ctrl Pts',(11.5,-31.355425409065,-124.042232539682));
#3155=CARTESIAN_POINT('Ctrl Pts',(11.5,-31.2932604569959,-124.128806009958));
#3156=CARTESIAN_POINT('Ctrl Pts',(11.5,-31.2310955049268,-124.215379480233));
#3157=CARTESIAN_POINT('',(12.,-31.2310955049268,-124.215379480233));
#3158=CARTESIAN_POINT('Ctrl Pts',(12.,-31.2432059409973,-123.228270833448));
#3159=CARTESIAN_POINT('Ctrl Pts',(11.28,-31.2432059409973,-123.228270833448));
#3160=CARTESIAN_POINT('Ctrl Pts',(12.,-31.304256271978,-123.286926729041));
#3161=CARTESIAN_POINT('Ctrl Pts',(11.28,-31.304256271978,-123.286926729041));
#3162=CARTESIAN_POINT('Ctrl Pts',(12.,-31.3608139319881,-123.341266159266));
#3163=CARTESIAN_POINT('Ctrl Pts',(11.28,-31.3608139319881,-123.341266159266));
#3164=CARTESIAN_POINT('Ctrl Pts',(12.,-31.4302452920241,-123.479228453297));
#3165=CARTESIAN_POINT('Ctrl Pts',(11.28,-31.4302452920241,-123.479228453297));
#3166=CARTESIAN_POINT('Ctrl Pts',(12.,-31.4417891374855,-123.560111129055));
#3167=CARTESIAN_POINT('Ctrl Pts',(11.28,-31.4417891374855,-123.560111129055));
#3168=CARTESIAN_POINT('Ctrl Pts',(12.,-31.453332982947,-123.640993804814));
#3169=CARTESIAN_POINT('Ctrl Pts',(11.28,-31.453332982947,-123.640993804814));
#3170=CARTESIAN_POINT('',(12.,-31.2432059409973,-123.228270833448));
#3171=CARTESIAN_POINT('Ctrl Pts',(12.,-31.2432059409973,-123.228270833448));
#3172=CARTESIAN_POINT('Ctrl Pts',(12.,-31.304256271978,-123.286926729041));
#3173=CARTESIAN_POINT('Ctrl Pts',(12.,-31.3608139319881,-123.341266159266));
#3174=CARTESIAN_POINT('Ctrl Pts',(12.,-31.4302452920241,-123.479228453297));
#3175=CARTESIAN_POINT('Ctrl Pts',(12.,-31.4417891374855,-123.560111129055));
#3176=CARTESIAN_POINT('Ctrl Pts',(12.,-31.453332982947,-123.640993804814));
#3177=CARTESIAN_POINT('',(11.5,-31.2432059409973,-123.228270833448));
#3178=CARTESIAN_POINT('',(12.,-31.2432059409973,-123.228270833448));
#3179=CARTESIAN_POINT('Ctrl Pts',(11.5,-31.2432059409973,-123.228270833448));
#3180=CARTESIAN_POINT('Ctrl Pts',(11.5,-31.304256271978,-123.286926729041));
#3181=CARTESIAN_POINT('Ctrl Pts',(11.5,-31.3608139319881,-123.341266159266));
#3182=CARTESIAN_POINT('Ctrl Pts',(11.5,-31.4302452920241,-123.479228453297));
#3183=CARTESIAN_POINT('Ctrl Pts',(11.5,-31.4417891374855,-123.560111129055));
#3184=CARTESIAN_POINT('Ctrl Pts',(11.5,-31.453332982947,-123.640993804814));
#3185=CARTESIAN_POINT('Ctrl Pts',(12.,-30.7819460630199,-123.131014975792));
#3186=CARTESIAN_POINT('Ctrl Pts',(11.28,-30.7819460630199,-123.131014975792));
#3187=CARTESIAN_POINT('Ctrl Pts',(12.,-30.8644439307611,-123.121173748275));
#3188=CARTESIAN_POINT('Ctrl Pts',(11.28,-30.8644439307611,-123.121173748275));
#3189=CARTESIAN_POINT('Ctrl Pts',(12.,-30.9469417985022,-123.111332520757));
#3190=CARTESIAN_POINT('Ctrl Pts',(11.28,-30.9469417985022,-123.111332520757));
#3191=CARTESIAN_POINT('Ctrl Pts',(12.,-31.1009101660767,-123.143061547877));
#3192=CARTESIAN_POINT('Ctrl Pts',(11.28,-31.1009101660767,-123.143061547877));
#3193=CARTESIAN_POINT('Ctrl Pts',(12.,-31.1693677801485,-123.184055206264));
#3194=CARTESIAN_POINT('Ctrl Pts',(11.28,-31.1693677801485,-123.184055206264));
#3195=CARTESIAN_POINT('Ctrl Pts',(12.,-31.2432059409973,-123.228270833448));
#3196=CARTESIAN_POINT('Ctrl Pts',(11.28,-31.2432059409973,-123.228270833448));
#3197=CARTESIAN_POINT('',(12.,-30.7819460630199,-123.131014975792));
#3198=CARTESIAN_POINT('Ctrl Pts',(12.,-30.7819460630199,-123.131014975792));
#3199=CARTESIAN_POINT('Ctrl Pts',(12.,-30.8644439307611,-123.121173748275));
#3200=CARTESIAN_POINT('Ctrl Pts',(12.,-30.9469417985022,-123.111332520757));
#3201=CARTESIAN_POINT('Ctrl Pts',(12.,-31.1009101660767,-123.143061547877));
#3202=CARTESIAN_POINT('Ctrl Pts',(12.,-31.1693677801485,-123.184055206264));
#3203=CARTESIAN_POINT('Ctrl Pts',(12.,-31.2432059409973,-123.228270833448));
#3204=CARTESIAN_POINT('',(11.5,-30.7819460630199,-123.131014975792));
#3205=CARTESIAN_POINT('',(12.,-30.7819460630199,-123.131014975792));
#3206=CARTESIAN_POINT('Ctrl Pts',(11.5,-30.7819460630199,-123.131014975792));
#3207=CARTESIAN_POINT('Ctrl Pts',(11.5,-30.8644439307611,-123.121173748275));
#3208=CARTESIAN_POINT('Ctrl Pts',(11.5,-30.9469417985022,-123.111332520757));
#3209=CARTESIAN_POINT('Ctrl Pts',(11.5,-31.1009101660767,-123.143061547877));
#3210=CARTESIAN_POINT('Ctrl Pts',(11.5,-31.1693677801485,-123.184055206264));
#3211=CARTESIAN_POINT('Ctrl Pts',(11.5,-31.2432059409973,-123.228270833448));
#3212=CARTESIAN_POINT('Ctrl Pts',(12.,-30.2753569466466,-123.501192317181));
#3213=CARTESIAN_POINT('Ctrl Pts',(11.28,-30.2753569466466,-123.501192317181));
#3214=CARTESIAN_POINT('Ctrl Pts',(12.,-30.34392782827,-123.416881682729));
#3215=CARTESIAN_POINT('Ctrl Pts',(11.28,-30.34392782827,-123.416881682729));
#3216=CARTESIAN_POINT('Ctrl Pts',(12.,-30.4124987098933,-123.332571048277));
#3217=CARTESIAN_POINT('Ctrl Pts',(11.28,-30.4124987098933,-123.332571048277));
#3218=CARTESIAN_POINT('Ctrl Pts',(12.,-30.5809226186399,-123.205155772619));
#3219=CARTESIAN_POINT('Ctrl Pts',(11.28,-30.5809226186399,-123.205155772619));
#3220=CARTESIAN_POINT('Ctrl Pts',(12.,-30.6677353220623,-123.173137800654));
#3221=CARTESIAN_POINT('Ctrl Pts',(11.28,-30.6677353220623,-123.173137800654));
#3222=CARTESIAN_POINT('Ctrl Pts',(12.,-30.7819460630199,-123.131014975792));
#3223=CARTESIAN_POINT('Ctrl Pts',(11.28,-30.7819460630199,-123.131014975792));
#3224=CARTESIAN_POINT('',(12.,-30.2753569466466,-123.501192317181));
#3225=CARTESIAN_POINT('Ctrl Pts',(12.,-30.2753569466466,-123.501192317181));
#3226=CARTESIAN_POINT('Ctrl Pts',(12.,-30.34392782827,-123.416881682729));
#3227=CARTESIAN_POINT('Ctrl Pts',(12.,-30.4124987098933,-123.332571048277));
#3228=CARTESIAN_POINT('Ctrl Pts',(12.,-30.5809226186399,-123.205155772619));
#3229=CARTESIAN_POINT('Ctrl Pts',(12.,-30.6677353220623,-123.173137800654));
#3230=CARTESIAN_POINT('Ctrl Pts',(12.,-30.7819460630199,-123.131014975792));
#3231=CARTESIAN_POINT('',(11.5,-30.2753569466466,-123.501192317181));
#3232=CARTESIAN_POINT('',(12.,-30.2753569466466,-123.501192317181));
#3233=CARTESIAN_POINT('Ctrl Pts',(11.5,-30.2753569466466,-123.501192317181));
#3234=CARTESIAN_POINT('Ctrl Pts',(11.5,-30.34392782827,-123.416881682729));
#3235=CARTESIAN_POINT('Ctrl Pts',(11.5,-30.4124987098933,-123.332571048277));
#3236=CARTESIAN_POINT('Ctrl Pts',(11.5,-30.5809226186399,-123.205155772619));
#3237=CARTESIAN_POINT('Ctrl Pts',(11.5,-30.6677353220623,-123.173137800654));
#3238=CARTESIAN_POINT('Ctrl Pts',(11.5,-30.7819460630199,-123.131014975792));
#3239=CARTESIAN_POINT('Ctrl Pts',(12.,-30.0394601497222,-124.093470154598));
#3240=CARTESIAN_POINT('Ctrl Pts',(11.28,-30.0394601497222,-124.093470154598));
#3241=CARTESIAN_POINT('Ctrl Pts',(12.,-30.0523734316466,-123.96961661641));
#3242=CARTESIAN_POINT('Ctrl Pts',(11.28,-30.0523734316466,-123.96961661641));
#3243=CARTESIAN_POINT('Ctrl Pts',(12.,-30.0619219740477,-123.878034881586));
#3244=CARTESIAN_POINT('Ctrl Pts',(11.28,-30.0619219740477,-123.878034881586));
#3245=CARTESIAN_POINT('Ctrl Pts',(12.,-30.1453686978441,-123.679503568463));
#3246=CARTESIAN_POINT('Ctrl Pts',(11.28,-30.1453686978441,-123.679503568463));
#3247=CARTESIAN_POINT('Ctrl Pts',(12.,-30.2103628222454,-123.590347942822));
#3248=CARTESIAN_POINT('Ctrl Pts',(11.28,-30.2103628222454,-123.590347942822));
#3249=CARTESIAN_POINT('Ctrl Pts',(12.,-30.2753569466466,-123.501192317181));
#3250=CARTESIAN_POINT('Ctrl Pts',(11.28,-30.2753569466466,-123.501192317181));
#3251=CARTESIAN_POINT('',(12.,-30.0394601497222,-124.093470154598));
#3252=CARTESIAN_POINT('Ctrl Pts',(12.,-30.0394601497222,-124.093470154598));
#3253=CARTESIAN_POINT('Ctrl Pts',(12.,-30.0523734316466,-123.96961661641));
#3254=CARTESIAN_POINT('Ctrl Pts',(12.,-30.0619219740477,-123.878034881586));
#3255=CARTESIAN_POINT('Ctrl Pts',(12.,-30.1453686978441,-123.679503568463));
#3256=CARTESIAN_POINT('Ctrl Pts',(12.,-30.2103628222454,-123.590347942822));
#3257=CARTESIAN_POINT('Ctrl Pts',(12.,-30.2753569466466,-123.501192317181));
#3258=CARTESIAN_POINT('',(11.5,-30.0394601497222,-124.093470154598));
#3259=CARTESIAN_POINT('',(12.,-30.0394601497222,-124.093470154598));
#3260=CARTESIAN_POINT('Ctrl Pts',(11.5,-30.0394601497222,-124.093470154598));
#3261=CARTESIAN_POINT('Ctrl Pts',(11.5,-30.0523734316466,-123.96961661641));
#3262=CARTESIAN_POINT('Ctrl Pts',(11.5,-30.0619219740477,-123.878034881586));
#3263=CARTESIAN_POINT('Ctrl Pts',(11.5,-30.1453686978441,-123.679503568463));
#3264=CARTESIAN_POINT('Ctrl Pts',(11.5,-30.2103628222454,-123.590347942822));
#3265=CARTESIAN_POINT('Ctrl Pts',(11.5,-30.2753569466466,-123.501192317181));
#3266=CARTESIAN_POINT('Ctrl Pts',(12.,-30.2598183178448,-124.506279990347));
#3267=CARTESIAN_POINT('Ctrl Pts',(11.28,-30.2598183178448,-124.506279990347));
#3268=CARTESIAN_POINT('Ctrl Pts',(12.,-30.1990634270586,-124.449250090685));
#3269=CARTESIAN_POINT('Ctrl Pts',(11.28,-30.1990634270586,-124.449250090685));
#3270=CARTESIAN_POINT('Ctrl Pts',(12.,-30.1398047349501,-124.393624655082));
#3271=CARTESIAN_POINT('Ctrl Pts',(11.28,-30.1398047349501,-124.393624655082));
#3272=CARTESIAN_POINT('Ctrl Pts',(12.,-30.0665458574616,-124.255910351886));
#3273=CARTESIAN_POINT('Ctrl Pts',(11.28,-30.0665458574616,-124.255910351886));
#3274=CARTESIAN_POINT('Ctrl Pts',(12.,-30.0530030035919,-124.174690253242));
#3275=CARTESIAN_POINT('Ctrl Pts',(11.28,-30.0530030035919,-124.174690253242));
#3276=CARTESIAN_POINT('Ctrl Pts',(12.,-30.0394601497222,-124.093470154598));
#3277=CARTESIAN_POINT('Ctrl Pts',(11.28,-30.0394601497222,-124.093470154598));
#3278=CARTESIAN_POINT('',(12.,-30.2598183178448,-124.506279990347));
#3279=CARTESIAN_POINT('Ctrl Pts',(12.,-30.2598183178448,-124.506279990347));
#3280=CARTESIAN_POINT('Ctrl Pts',(12.,-30.1990634270586,-124.449250090685));
#3281=CARTESIAN_POINT('Ctrl Pts',(12.,-30.1398047349501,-124.393624655082));
#3282=CARTESIAN_POINT('Ctrl Pts',(12.,-30.0665458574616,-124.255910351886));
#3283=CARTESIAN_POINT('Ctrl Pts',(12.,-30.0530030035919,-124.174690253242));
#3284=CARTESIAN_POINT('Ctrl Pts',(12.,-30.0394601497222,-124.093470154598));
#3285=CARTESIAN_POINT('',(11.5,-30.2598183178448,-124.506279990347));
#3286=CARTESIAN_POINT('',(12.,-30.2598183178448,-124.506279990347));
#3287=CARTESIAN_POINT('Ctrl Pts',(11.5,-30.2598183178448,-124.506279990347));
#3288=CARTESIAN_POINT('Ctrl Pts',(11.5,-30.1990634270586,-124.449250090685));
#3289=CARTESIAN_POINT('Ctrl Pts',(11.5,-30.1398047349501,-124.393624655082));
#3290=CARTESIAN_POINT('Ctrl Pts',(11.5,-30.0665458574616,-124.255910351886));
#3291=CARTESIAN_POINT('Ctrl Pts',(11.5,-30.0530030035919,-124.174690253242));
#3292=CARTESIAN_POINT('Ctrl Pts',(11.5,-30.0394601497222,-124.093470154598));
#3293=CARTESIAN_POINT('Ctrl Pts',(12.,-30.7173532199544,-124.608416127117));
#3294=CARTESIAN_POINT('Ctrl Pts',(11.28,-30.7173532199544,-124.608416127117));
#3295=CARTESIAN_POINT('Ctrl Pts',(12.,-30.635241225327,-124.617504997659));
#3296=CARTESIAN_POINT('Ctrl Pts',(11.28,-30.635241225327,-124.617504997659));
#3297=CARTESIAN_POINT('Ctrl Pts',(12.,-30.5531292307,-124.626593868202));
#3298=CARTESIAN_POINT('Ctrl Pts',(11.28,-30.5531292307,-124.626593868202));
#3299=CARTESIAN_POINT('Ctrl Pts',(12.,-30.4005809616038,-124.592698456617));
#3300=CARTESIAN_POINT('Ctrl Pts',(11.28,-30.4005809616038,-124.592698456617));
#3301=CARTESIAN_POINT('Ctrl Pts',(12.,-30.3307998204852,-124.549857692697));
#3302=CARTESIAN_POINT('Ctrl Pts',(11.28,-30.3307998204852,-124.549857692697));
#3303=CARTESIAN_POINT('Ctrl Pts',(12.,-30.2598183178448,-124.506279990347));
#3304=CARTESIAN_POINT('Ctrl Pts',(11.28,-30.2598183178448,-124.506279990347));
#3305=CARTESIAN_POINT('',(12.,-30.7173532199544,-124.608416127117));
#3306=CARTESIAN_POINT('Ctrl Pts',(12.,-30.7173532199544,-124.608416127117));
#3307=CARTESIAN_POINT('Ctrl Pts',(12.,-30.635241225327,-124.617504997659));
#3308=CARTESIAN_POINT('Ctrl Pts',(12.,-30.5531292307,-124.626593868202));
#3309=CARTESIAN_POINT('Ctrl Pts',(12.,-30.4005809616038,-124.592698456617));
#3310=CARTESIAN_POINT('Ctrl Pts',(12.,-30.3307998204852,-124.549857692697));
#3311=CARTESIAN_POINT('Ctrl Pts',(12.,-30.2598183178448,-124.506279990347));
#3312=CARTESIAN_POINT('',(11.5,-30.7173532199544,-124.608416127117));
#3313=CARTESIAN_POINT('',(12.,-30.7173532199544,-124.608416127117));
#3314=CARTESIAN_POINT('Ctrl Pts',(11.5,-30.7173532199544,-124.608416127117));
#3315=CARTESIAN_POINT('Ctrl Pts',(11.5,-30.635241225327,-124.617504997659));
#3316=CARTESIAN_POINT('Ctrl Pts',(11.5,-30.5531292307,-124.626593868202));
#3317=CARTESIAN_POINT('Ctrl Pts',(11.5,-30.4005809616038,-124.592698456617));
#3318=CARTESIAN_POINT('Ctrl Pts',(11.5,-30.3307998204852,-124.549857692697));
#3319=CARTESIAN_POINT('Ctrl Pts',(11.5,-30.2598183178448,-124.506279990347));
#3320=CARTESIAN_POINT('Ctrl Pts',(12.,-31.2310955049268,-124.215379480233));
#3321=CARTESIAN_POINT('Ctrl Pts',(11.28,-31.2310955049268,-124.215379480233));
#3322=CARTESIAN_POINT('Ctrl Pts',(12.,-31.161553755386,-124.302971036188));
#3323=CARTESIAN_POINT('Ctrl Pts',(11.28,-31.161553755386,-124.302971036188));
#3324=CARTESIAN_POINT('Ctrl Pts',(12.,-31.0920120058453,-124.390562592142));
#3325=CARTESIAN_POINT('Ctrl Pts',(11.28,-31.0920120058453,-124.390562592142));
#3326=CARTESIAN_POINT('Ctrl Pts',(12.,-30.9208509401411,-124.526871147815));
#3327=CARTESIAN_POINT('Ctrl Pts',(11.28,-30.9208509401411,-124.526871147815));
#3328=CARTESIAN_POINT('Ctrl Pts',(12.,-30.8347725470625,-124.561364216216));
#3329=CARTESIAN_POINT('Ctrl Pts',(11.28,-30.8347725470625,-124.561364216216));
#3330=CARTESIAN_POINT('Ctrl Pts',(12.,-30.7173532199544,-124.608416127117));
#3331=CARTESIAN_POINT('Ctrl Pts',(11.28,-30.7173532199544,-124.608416127117));
#3332=CARTESIAN_POINT('Ctrl Pts',(12.,-31.2310955049268,-124.215379480233));
#3333=CARTESIAN_POINT('Ctrl Pts',(12.,-31.161553755386,-124.302971036188));
#3334=CARTESIAN_POINT('Ctrl Pts',(12.,-31.0920120058453,-124.390562592142));
#3335=CARTESIAN_POINT('Ctrl Pts',(12.,-30.9208509401411,-124.526871147815));
#3336=CARTESIAN_POINT('Ctrl Pts',(12.,-30.8347725470625,-124.561364216216));
#3337=CARTESIAN_POINT('Ctrl Pts',(12.,-30.7173532199544,-124.608416127117));
#3338=CARTESIAN_POINT('Ctrl Pts',(11.5,-31.2310955049268,-124.215379480233));
#3339=CARTESIAN_POINT('Ctrl Pts',(11.5,-31.161553755386,-124.302971036188));
#3340=CARTESIAN_POINT('Ctrl Pts',(11.5,-31.0920120058453,-124.390562592142));
#3341=CARTESIAN_POINT('Ctrl Pts',(11.5,-30.9208509401411,-124.526871147815));
#3342=CARTESIAN_POINT('Ctrl Pts',(11.5,-30.8347725470625,-124.561364216216));
#3343=CARTESIAN_POINT('Ctrl Pts',(11.5,-30.7173532199544,-124.608416127117));
#3344=CARTESIAN_POINT('Ctrl Pts',(12.,-30.178275858288,-125.715860233619));
#3345=CARTESIAN_POINT('Ctrl Pts',(11.28,-30.178275858288,-125.715860233619));
#3346=CARTESIAN_POINT('Ctrl Pts',(12.,-30.2881726606175,-125.702099027766));
#3347=CARTESIAN_POINT('Ctrl Pts',(11.28,-30.2881726606175,-125.702099027766));
#3348=CARTESIAN_POINT('Ctrl Pts',(12.,-30.381304349047,-125.690437138532));
#3349=CARTESIAN_POINT('Ctrl Pts',(11.28,-30.381304349047,-125.690437138532));
#3350=CARTESIAN_POINT('Ctrl Pts',(12.,-30.5095105789533,-125.617548307491));
#3351=CARTESIAN_POINT('Ctrl Pts',(11.28,-30.5095105789533,-125.617548307491));
#3352=CARTESIAN_POINT('Ctrl Pts',(12.,-30.5488607717959,-125.583404978626));
#3353=CARTESIAN_POINT('Ctrl Pts',(11.28,-30.5488607717959,-125.583404978626));
#3354=CARTESIAN_POINT('Ctrl Pts',(12.,-30.6179920667814,-125.512970489227));
#3355=CARTESIAN_POINT('Ctrl Pts',(11.28,-30.6179920667814,-125.512970489227));
#3356=CARTESIAN_POINT('Ctrl Pts',(12.,-30.6496013854286,-125.475561035164));
#3357=CARTESIAN_POINT('Ctrl Pts',(11.28,-30.6496013854286,-125.475561035164));
#3358=CARTESIAN_POINT('Ctrl Pts',(12.,-30.6812107040769,-125.4381515811));
#3359=CARTESIAN_POINT('Ctrl Pts',(11.28,-30.6812107040769,-125.4381515811));
#3360=CARTESIAN_POINT('',(11.5,-30.178275858288,-125.715860233619));
#3361=CARTESIAN_POINT('',(12.,-30.178275858288,-125.715860233619));
#3362=CARTESIAN_POINT('',(11.5,-30.6812107040769,-125.4381515811));
#3363=CARTESIAN_POINT('Ctrl Pts',(11.5,-30.178275858288,-125.715860233619));
#3364=CARTESIAN_POINT('Ctrl Pts',(11.5,-30.2881726606175,-125.702099027766));
#3365=CARTESIAN_POINT('Ctrl Pts',(11.5,-30.381304349047,-125.690437138532));
#3366=CARTESIAN_POINT('Ctrl Pts',(11.5,-30.5095105789533,-125.617548307491));
#3367=CARTESIAN_POINT('Ctrl Pts',(11.5,-30.5488607717959,-125.583404978626));
#3368=CARTESIAN_POINT('Ctrl Pts',(11.5,-30.6179920667814,-125.512970489227));
#3369=CARTESIAN_POINT('Ctrl Pts',(11.5,-30.6496013854286,-125.475561035164));
#3370=CARTESIAN_POINT('Ctrl Pts',(11.5,-30.6812107040769,-125.4381515811));
#3371=CARTESIAN_POINT('',(12.,-30.6812107040769,-125.4381515811));
#3372=CARTESIAN_POINT('Ctrl Pts',(12.,-29.5721284686294,-125.474524172789));
#3373=CARTESIAN_POINT('Ctrl Pts',(11.28,-29.5721284686294,-125.474524172789));
#3374=CARTESIAN_POINT('Ctrl Pts',(12.,-29.6639154902918,-125.538757262387));
#3375=CARTESIAN_POINT('Ctrl Pts',(11.28,-29.6639154902918,-125.538757262387));
#3376=CARTESIAN_POINT('Ctrl Pts',(12.,-29.7557025119541,-125.602990351984));
#3377=CARTESIAN_POINT('Ctrl Pts',(11.28,-29.7557025119541,-125.602990351984));
#3378=CARTESIAN_POINT('Ctrl Pts',(12.,-29.957846308551,-125.685933227879));
#3379=CARTESIAN_POINT('Ctrl Pts',(11.28,-29.957846308551,-125.685933227879));
#3380=CARTESIAN_POINT('Ctrl Pts',(12.,-30.0563898214269,-125.699312161325));
#3381=CARTESIAN_POINT('Ctrl Pts',(11.28,-30.0563898214269,-125.699312161325));
#3382=CARTESIAN_POINT('Ctrl Pts',(12.,-30.178275858288,-125.715860233619));
#3383=CARTESIAN_POINT('Ctrl Pts',(11.28,-30.178275858288,-125.715860233619));
#3384=CARTESIAN_POINT('',(11.5,-29.5721284686294,-125.474524172789));
#3385=CARTESIAN_POINT('',(12.,-29.5721284686294,-125.474524172789));
#3386=CARTESIAN_POINT('Ctrl Pts',(11.5,-29.5721284686294,-125.474524172789));
#3387=CARTESIAN_POINT('Ctrl Pts',(11.5,-29.6639154902918,-125.538757262387));
#3388=CARTESIAN_POINT('Ctrl Pts',(11.5,-29.7557025119541,-125.602990351984));
#3389=CARTESIAN_POINT('Ctrl Pts',(11.5,-29.957846308551,-125.685933227879));
#3390=CARTESIAN_POINT('Ctrl Pts',(11.5,-30.0563898214269,-125.699312161325));
#3391=CARTESIAN_POINT('Ctrl Pts',(11.5,-30.178275858288,-125.715860233619));
#3392=CARTESIAN_POINT('Ctrl Pts',(12.,-29.2090875598309,-125.042896533667));
#3393=CARTESIAN_POINT('Ctrl Pts',(11.28,-29.2090875598309,-125.042896533667));
#3394=CARTESIAN_POINT('Ctrl Pts',(12.,-29.2599022426714,-125.134416416633));
#3395=CARTESIAN_POINT('Ctrl Pts',(11.28,-29.2599022426714,-125.134416416633));
#3396=CARTESIAN_POINT('Ctrl Pts',(12.,-29.3015617484403,-125.209447350199));
#3397=CARTESIAN_POINT('Ctrl Pts',(11.28,-29.3015617484403,-125.209447350199));
#3398=CARTESIAN_POINT('Ctrl Pts',(12.,-29.4241335728509,-125.352961478437));
#3399=CARTESIAN_POINT('Ctrl Pts',(11.28,-29.4241335728509,-125.352961478437));
#3400=CARTESIAN_POINT('Ctrl Pts',(12.,-29.49813102074,-125.413742825613));
#3401=CARTESIAN_POINT('Ctrl Pts',(11.28,-29.49813102074,-125.413742825613));
#3402=CARTESIAN_POINT('Ctrl Pts',(12.,-29.5721284686294,-125.474524172789));
#3403=CARTESIAN_POINT('Ctrl Pts',(11.28,-29.5721284686294,-125.474524172789));
#3404=CARTESIAN_POINT('',(11.5,-29.2090875598309,-125.042896533667));
#3405=CARTESIAN_POINT('',(12.,-29.2090875598309,-125.042896533667));
#3406=CARTESIAN_POINT('Ctrl Pts',(11.5,-29.2090875598309,-125.042896533667));
#3407=CARTESIAN_POINT('Ctrl Pts',(11.5,-29.2599022426714,-125.134416416633));
#3408=CARTESIAN_POINT('Ctrl Pts',(11.5,-29.3015617484403,-125.209447350199));
#3409=CARTESIAN_POINT('Ctrl Pts',(11.5,-29.4241335728509,-125.352961478437));
#3410=CARTESIAN_POINT('Ctrl Pts',(11.5,-29.49813102074,-125.413742825613));
#3411=CARTESIAN_POINT('Ctrl Pts',(11.5,-29.5721284686294,-125.474524172789));
#3412=CARTESIAN_POINT('Ctrl Pts',(12.,-29.1524859147502,-124.57745775385));
#3413=CARTESIAN_POINT('Ctrl Pts',(11.28,-29.1524859147502,-124.57745775385));
#3414=CARTESIAN_POINT('Ctrl Pts',(12.,-29.1426825523892,-124.660421170848));
#3415=CARTESIAN_POINT('Ctrl Pts',(11.28,-29.1426825523892,-124.660421170848));
#3416=CARTESIAN_POINT('Ctrl Pts',(12.,-29.1336359014575,-124.736980727259));
#3417=CARTESIAN_POINT('Ctrl Pts',(11.28,-29.1336359014575,-124.736980727259));
#3418=CARTESIAN_POINT('Ctrl Pts',(12.,-29.1530468863311,-124.892136656606));
#3419=CARTESIAN_POINT('Ctrl Pts',(11.28,-29.1530468863311,-124.892136656606));
#3420=CARTESIAN_POINT('Ctrl Pts',(12.,-29.181067223081,-124.967516595137));
#3421=CARTESIAN_POINT('Ctrl Pts',(11.28,-29.181067223081,-124.967516595137));
#3422=CARTESIAN_POINT('Ctrl Pts',(12.,-29.2090875598309,-125.042896533667));
#3423=CARTESIAN_POINT('Ctrl Pts',(11.28,-29.2090875598309,-125.042896533667));
#3424=CARTESIAN_POINT('',(11.5,-29.1524859147502,-124.57745775385));
#3425=CARTESIAN_POINT('',(12.,-29.1524859147502,-124.57745775385));
#3426=CARTESIAN_POINT('Ctrl Pts',(11.5,-29.1524859147502,-124.57745775385));
#3427=CARTESIAN_POINT('Ctrl Pts',(11.5,-29.1426825523892,-124.660421170848));
#3428=CARTESIAN_POINT('Ctrl Pts',(11.5,-29.1336359014575,-124.736980727259));
#3429=CARTESIAN_POINT('Ctrl Pts',(11.5,-29.1530468863311,-124.892136656606));
#3430=CARTESIAN_POINT('Ctrl Pts',(11.5,-29.181067223081,-124.967516595137));
#3431=CARTESIAN_POINT('Ctrl Pts',(11.5,-29.2090875598309,-125.042896533667));
#3432=CARTESIAN_POINT('Ctrl Pts',(12.,-29.5053889199555,-123.943202858136));
#3433=CARTESIAN_POINT('Ctrl Pts',(11.28,-29.5053889199555,-123.943202858136));
#3434=CARTESIAN_POINT('Ctrl Pts',(12.,-29.4309096660711,-124.040599625741));
#3435=CARTESIAN_POINT('Ctrl Pts',(11.28,-29.4309096660711,-124.040599625741));
#3436=CARTESIAN_POINT('Ctrl Pts',(12.,-29.3564304121866,-124.137996393346));
#3437=CARTESIAN_POINT('Ctrl Pts',(11.28,-29.3564304121866,-124.137996393346));
#3438=CARTESIAN_POINT('Ctrl Pts',(12.,-29.2324151114903,-124.353188747109));
#3439=CARTESIAN_POINT('Ctrl Pts',(11.28,-29.2324151114903,-124.353188747109));
#3440=CARTESIAN_POINT('Ctrl Pts',(12.,-29.1994837617526,-124.445589038836));
#3441=CARTESIAN_POINT('Ctrl Pts',(11.28,-29.1994837617526,-124.445589038836));
#3442=CARTESIAN_POINT('Ctrl Pts',(12.,-29.1524859147502,-124.57745775385));
#3443=CARTESIAN_POINT('Ctrl Pts',(11.28,-29.1524859147502,-124.57745775385));
#3444=CARTESIAN_POINT('',(11.5,-29.5053889199555,-123.943202858136));
#3445=CARTESIAN_POINT('',(12.,-29.5053889199555,-123.943202858136));
#3446=CARTESIAN_POINT('Ctrl Pts',(11.5,-29.5053889199555,-123.943202858136));
#3447=CARTESIAN_POINT('Ctrl Pts',(11.5,-29.4309096660711,-124.040599625741));
#3448=CARTESIAN_POINT('Ctrl Pts',(11.5,-29.3564304121866,-124.137996393346));
#3449=CARTESIAN_POINT('Ctrl Pts',(11.5,-29.2324151114903,-124.353188747109));
#3450=CARTESIAN_POINT('Ctrl Pts',(11.5,-29.1994837617526,-124.445589038836));
#3451=CARTESIAN_POINT('Ctrl Pts',(11.5,-29.1524859147502,-124.57745775385));
#3452=CARTESIAN_POINT('Origin',(12.,-30.6453257818148,-122.450014570879));
#3453=CARTESIAN_POINT('',(11.5,-30.6453257818148,-122.450014570879));
#3454=CARTESIAN_POINT('',(12.,-30.6453257818148,-122.450014570879));
#3455=CARTESIAN_POINT('',(11.5,-29.7732400826706,-123.59234814655));
#3456=CARTESIAN_POINT('Origin',(12.,-30.9153359563814,-122.65614701492));
#3457=CARTESIAN_POINT('',(11.5,-30.9153359563814,-122.65614701492));
#3458=CARTESIAN_POINT('',(12.,-30.9153359563814,-122.65614701492));
#3459=CARTESIAN_POINT('',(11.5,-32.2842267435382,-123.701192091588));
#3460=CARTESIAN_POINT('Origin',(12.,-30.7563905216374,-122.864347547259));
#3461=CARTESIAN_POINT('',(11.5,-30.7563905216374,-122.864347547259));
#3462=CARTESIAN_POINT('',(12.,-30.7563905216374,-122.864347547259));
#3463=CARTESIAN_POINT('',(11.5,-30.6132186881668,-123.051886446962));
#3464=CARTESIAN_POINT('Ctrl Pts',(12.,-31.4493739853934,-123.002055521549));
#3465=CARTESIAN_POINT('Ctrl Pts',(11.28,-31.4493739853934,-123.002055521549));
#3466=CARTESIAN_POINT('Ctrl Pts',(12.,-31.3401321360937,-122.936157985023));
#3467=CARTESIAN_POINT('Ctrl Pts',(11.28,-31.3401321360937,-122.936157985023));
#3468=CARTESIAN_POINT('Ctrl Pts',(12.,-31.2351776159728,-122.872846677429));
#3469=CARTESIAN_POINT('Ctrl Pts',(11.28,-31.2351776159728,-122.872846677429));
#3470=CARTESIAN_POINT('Ctrl Pts',(12.,-31.0040431781837,-122.827510600153));
#3471=CARTESIAN_POINT('Ctrl Pts',(11.28,-31.0040431781837,-122.827510600153));
#3472=CARTESIAN_POINT('Ctrl Pts',(12.,-30.8802168499106,-122.845929073706));
#3473=CARTESIAN_POINT('Ctrl Pts',(11.28,-30.8802168499106,-122.845929073706));
#3474=CARTESIAN_POINT('Ctrl Pts',(12.,-30.7563905216374,-122.864347547259));
#3475=CARTESIAN_POINT('Ctrl Pts',(11.28,-30.7563905216374,-122.864347547259));
#3476=CARTESIAN_POINT('',(11.5,-31.4493739853934,-123.002055521549));
#3477=CARTESIAN_POINT('',(12.,-31.4493739853934,-123.002055521549));
#3478=CARTESIAN_POINT('Ctrl Pts',(11.5,-31.4493739853934,-123.002055521549));
#3479=CARTESIAN_POINT('Ctrl Pts',(11.5,-31.3401321360937,-122.936157985023));
#3480=CARTESIAN_POINT('Ctrl Pts',(11.5,-31.2351776159728,-122.872846677429));
#3481=CARTESIAN_POINT('Ctrl Pts',(11.5,-31.0040431781837,-122.827510600153));
#3482=CARTESIAN_POINT('Ctrl Pts',(11.5,-30.8802168499106,-122.845929073706));
#3483=CARTESIAN_POINT('Ctrl Pts',(11.5,-30.7563905216374,-122.864347547259));
#3484=CARTESIAN_POINT('Ctrl Pts',(12.,-31.7625861480899,-123.421388514877));
#3485=CARTESIAN_POINT('Ctrl Pts',(11.28,-31.7625861480899,-123.421388514877));
#3486=CARTESIAN_POINT('Ctrl Pts',(12.,-31.7245783100966,-123.335455401497));
#3487=CARTESIAN_POINT('Ctrl Pts',(11.28,-31.7245783100966,-123.335455401497));
#3488=CARTESIAN_POINT('Ctrl Pts',(12.,-31.6903227598919,-123.258005953303));
#3489=CARTESIAN_POINT('Ctrl Pts',(11.28,-31.6903227598919,-123.258005953303));
#3490=CARTESIAN_POINT('Ctrl Pts',(12.,-31.5852329021476,-123.118556677549));
#3491=CARTESIAN_POINT('Ctrl Pts',(11.28,-31.5852329021476,-123.118556677549));
#3492=CARTESIAN_POINT('Ctrl Pts',(12.,-31.5173034437706,-123.060306099549));
#3493=CARTESIAN_POINT('Ctrl Pts',(11.28,-31.5173034437706,-123.060306099549));
#3494=CARTESIAN_POINT('Ctrl Pts',(12.,-31.4493739853934,-123.002055521549));
#3495=CARTESIAN_POINT('Ctrl Pts',(11.28,-31.4493739853934,-123.002055521549));
#3496=CARTESIAN_POINT('',(11.5,-31.7625861480899,-123.421388514877));
#3497=CARTESIAN_POINT('',(12.,-31.7625861480899,-123.421388514877));
#3498=CARTESIAN_POINT('Ctrl Pts',(11.5,-31.7625861480899,-123.421388514877));
#3499=CARTESIAN_POINT('Ctrl Pts',(11.5,-31.7245783100966,-123.335455401497));
#3500=CARTESIAN_POINT('Ctrl Pts',(11.5,-31.6903227598919,-123.258005953303));
#3501=CARTESIAN_POINT('Ctrl Pts',(11.5,-31.5852329021476,-123.118556677549));
#3502=CARTESIAN_POINT('Ctrl Pts',(11.5,-31.5173034437706,-123.060306099549));
#3503=CARTESIAN_POINT('Ctrl Pts',(11.5,-31.4493739853934,-123.002055521549));
#3504=CARTESIAN_POINT('Ctrl Pts',(12.,-31.7740997917686,-123.94251535365));
#3505=CARTESIAN_POINT('Ctrl Pts',(11.28,-31.7740997917686,-123.94251535365));
#3506=CARTESIAN_POINT('Ctrl Pts',(12.,-31.7912134990924,-123.855156653766));
#3507=CARTESIAN_POINT('Ctrl Pts',(11.28,-31.7912134990924,-123.855156653766));
#3508=CARTESIAN_POINT('Ctrl Pts',(12.,-31.8083272064162,-123.767797953882));
#3509=CARTESIAN_POINT('Ctrl Pts',(11.28,-31.8083272064162,-123.767797953882));
#3510=CARTESIAN_POINT('Ctrl Pts',(12.,-31.8052171922175,-123.593924133029));
#3511=CARTESIAN_POINT('Ctrl Pts',(11.28,-31.8052171922175,-123.593924133029));
#3512=CARTESIAN_POINT('Ctrl Pts',(12.,-31.7850159271391,-123.512165925387));
#3513=CARTESIAN_POINT('Ctrl Pts',(11.28,-31.7850159271391,-123.512165925387));
#3514=CARTESIAN_POINT('Ctrl Pts',(12.,-31.7625861480899,-123.421388514877));
#3515=CARTESIAN_POINT('Ctrl Pts',(11.28,-31.7625861480899,-123.421388514877));
#3516=CARTESIAN_POINT('',(11.5,-31.7740997917686,-123.94251535365));
#3517=CARTESIAN_POINT('',(12.,-31.7740997917686,-123.94251535365));
#3518=CARTESIAN_POINT('Ctrl Pts',(11.5,-31.7740997917686,-123.94251535365));
#3519=CARTESIAN_POINT('Ctrl Pts',(11.5,-31.7912134990924,-123.855156653766));
#3520=CARTESIAN_POINT('Ctrl Pts',(11.5,-31.8083272064162,-123.767797953882));
#3521=CARTESIAN_POINT('Ctrl Pts',(11.5,-31.8052171922175,-123.593924133029));
#3522=CARTESIAN_POINT('Ctrl Pts',(11.5,-31.7850159271391,-123.512165925387));
#3523=CARTESIAN_POINT('Ctrl Pts',(11.5,-31.7625861480899,-123.421388514877));
#3524=CARTESIAN_POINT('Ctrl Pts',(12.,-31.5158675195324,-124.466250784514));
#3525=CARTESIAN_POINT('Ctrl Pts',(11.28,-31.5158675195324,-124.466250784514));
#3526=CARTESIAN_POINT('Ctrl Pts',(12.,-31.5722707000008,-124.385512737559));
#3527=CARTESIAN_POINT('Ctrl Pts',(11.28,-31.5722707000008,-124.385512737559));
#3528=CARTESIAN_POINT('Ctrl Pts',(12.,-31.6286738804694,-124.304774690603));
#3529=CARTESIAN_POINT('Ctrl Pts',(11.28,-31.6286738804694,-124.304774690603));
#3530=CARTESIAN_POINT('Ctrl Pts',(12.,-31.7151828601317,-124.130303171931));
#3531=CARTESIAN_POINT('Ctrl Pts',(11.28,-31.7151828601317,-124.130303171931));
#3532=CARTESIAN_POINT('Ctrl Pts',(12.,-31.7434433789341,-124.040227517582));
#3533=CARTESIAN_POINT('Ctrl Pts',(11.28,-31.7434433789341,-124.040227517582));
#3534=CARTESIAN_POINT('Ctrl Pts',(12.,-31.7740997917686,-123.94251535365));
#3535=CARTESIAN_POINT('Ctrl Pts',(11.28,-31.7740997917686,-123.94251535365));
#3536=CARTESIAN_POINT('',(11.5,-31.5158675195324,-124.466250784514));
#3537=CARTESIAN_POINT('',(12.,-31.5158675195324,-124.466250784514));
#3538=CARTESIAN_POINT('Ctrl Pts',(11.5,-31.5158675195324,-124.466250784514));
#3539=CARTESIAN_POINT('Ctrl Pts',(11.5,-31.5722707000008,-124.385512737559));
#3540=CARTESIAN_POINT('Ctrl Pts',(11.5,-31.6286738804694,-124.304774690603));
#3541=CARTESIAN_POINT('Ctrl Pts',(11.5,-31.7151828601317,-124.130303171931));
#3542=CARTESIAN_POINT('Ctrl Pts',(11.5,-31.7434433789341,-124.040227517582));
#3543=CARTESIAN_POINT('Ctrl Pts',(11.5,-31.7740997917686,-123.94251535365));
#3544=CARTESIAN_POINT('Ctrl Pts',(12.,-30.8500518272919,-124.933708105572));
#3545=CARTESIAN_POINT('Ctrl Pts',(11.28,-30.8500518272919,-124.933708105572));
#3546=CARTESIAN_POINT('Ctrl Pts',(12.,-30.9872933059922,-124.881620725723));
#3547=CARTESIAN_POINT('Ctrl Pts',(11.28,-30.9872933059922,-124.881620725723));
#3548=CARTESIAN_POINT('Ctrl Pts',(12.,-31.1111396131619,-124.834617227177));
#3549=CARTESIAN_POINT('Ctrl Pts',(11.28,-31.1111396131619,-124.834617227177));
#3550=CARTESIAN_POINT('Ctrl Pts',(12.,-31.3325303369183,-124.677627784136));
#3551=CARTESIAN_POINT('Ctrl Pts',(11.28,-31.3325303369183,-124.677627784136));
#3552=CARTESIAN_POINT('Ctrl Pts',(12.,-31.4241989282253,-124.571939284325));
#3553=CARTESIAN_POINT('Ctrl Pts',(11.28,-31.4241989282253,-124.571939284325));
#3554=CARTESIAN_POINT('Ctrl Pts',(12.,-31.5158675195324,-124.466250784514));
#3555=CARTESIAN_POINT('Ctrl Pts',(11.28,-31.5158675195324,-124.466250784514));
#3556=CARTESIAN_POINT('',(11.5,-30.8500518272919,-124.933708105572));
#3557=CARTESIAN_POINT('',(12.,-30.8500518272919,-124.933708105572));
#3558=CARTESIAN_POINT('Ctrl Pts',(11.5,-30.8500518272919,-124.933708105572));
#3559=CARTESIAN_POINT('Ctrl Pts',(11.5,-30.9872933059922,-124.881620725723));
#3560=CARTESIAN_POINT('Ctrl Pts',(11.5,-31.1111396131619,-124.834617227177));
#3561=CARTESIAN_POINT('Ctrl Pts',(11.5,-31.3325303369183,-124.677627784136));
#3562=CARTESIAN_POINT('Ctrl Pts',(11.5,-31.4241989282253,-124.571939284325));
#3563=CARTESIAN_POINT('Ctrl Pts',(11.5,-31.5158675195324,-124.466250784514));
#3564=CARTESIAN_POINT('Ctrl Pts',(12.,-30.1024476991265,-124.769748651137));
#3565=CARTESIAN_POINT('Ctrl Pts',(11.28,-30.1024476991265,-124.769748651137));
#3566=CARTESIAN_POINT('Ctrl Pts',(12.,-30.2173270652877,-124.842971419802));
#3567=CARTESIAN_POINT('Ctrl Pts',(11.28,-30.2173270652877,-124.842971419802));
#3568=CARTESIAN_POINT('Ctrl Pts',(12.,-30.3322064314489,-124.916194188467));
#3569=CARTESIAN_POINT('Ctrl Pts',(11.28,-30.3322064314489,-124.916194188467));
#3570=CARTESIAN_POINT('Ctrl Pts',(12.,-30.5812420441048,-124.972605752949));
#3571=CARTESIAN_POINT('Ctrl Pts',(11.28,-30.5812420441048,-124.972605752949));
#3572=CARTESIAN_POINT('Ctrl Pts',(12.,-30.7087934239363,-124.954148654638));
#3573=CARTESIAN_POINT('Ctrl Pts',(11.28,-30.7087934239363,-124.954148654638));
#3574=CARTESIAN_POINT('Ctrl Pts',(12.,-30.8500518272919,-124.933708105572));
#3575=CARTESIAN_POINT('Ctrl Pts',(11.28,-30.8500518272919,-124.933708105572));
#3576=CARTESIAN_POINT('',(11.5,-30.1024476991265,-124.769748651137));
#3577=CARTESIAN_POINT('',(12.,-30.1024476991265,-124.769748651137));
#3578=CARTESIAN_POINT('Ctrl Pts',(11.5,-30.1024476991265,-124.769748651137));
#3579=CARTESIAN_POINT('Ctrl Pts',(11.5,-30.2173270652877,-124.842971419802));
#3580=CARTESIAN_POINT('Ctrl Pts',(11.5,-30.3322064314489,-124.916194188467));
#3581=CARTESIAN_POINT('Ctrl Pts',(11.5,-30.5812420441048,-124.972605752949));
#3582=CARTESIAN_POINT('Ctrl Pts',(11.5,-30.7087934239363,-124.954148654638));
#3583=CARTESIAN_POINT('Ctrl Pts',(11.5,-30.8500518272919,-124.933708105572));
#3584=CARTESIAN_POINT('Ctrl Pts',(12.,-29.7968416274266,-124.178577987593));
#3585=CARTESIAN_POINT('Ctrl Pts',(11.28,-29.7968416274266,-124.178577987593));
#3586=CARTESIAN_POINT('Ctrl Pts',(12.,-29.8137421459358,-124.29480197071));
#3587=CARTESIAN_POINT('Ctrl Pts',(11.28,-29.8137421459358,-124.29480197071));
#3588=CARTESIAN_POINT('Ctrl Pts',(12.,-29.8306426644451,-124.411025953827));
#3589=CARTESIAN_POINT('Ctrl Pts',(11.28,-29.8306426644451,-124.411025953827));
#3590=CARTESIAN_POINT('Ctrl Pts',(12.,-29.9320650022578,-124.608340327269));
#3591=CARTESIAN_POINT('Ctrl Pts',(11.28,-29.9320650022578,-124.608340327269));
#3592=CARTESIAN_POINT('Ctrl Pts',(12.,-30.0155983789033,-124.687473845867));
#3593=CARTESIAN_POINT('Ctrl Pts',(11.28,-30.0155983789033,-124.687473845867));
#3594=CARTESIAN_POINT('Ctrl Pts',(12.,-30.1024476991265,-124.769748651137));
#3595=CARTESIAN_POINT('Ctrl Pts',(11.28,-30.1024476991265,-124.769748651137));
#3596=CARTESIAN_POINT('',(11.5,-29.7968416274266,-124.178577987593));
#3597=CARTESIAN_POINT('',(12.,-29.7968416274266,-124.178577987593));
#3598=CARTESIAN_POINT('Ctrl Pts',(11.5,-29.7968416274266,-124.178577987593));
#3599=CARTESIAN_POINT('Ctrl Pts',(11.5,-29.8137421459358,-124.29480197071));
#3600=CARTESIAN_POINT('Ctrl Pts',(11.5,-29.8306426644451,-124.411025953827));
#3601=CARTESIAN_POINT('Ctrl Pts',(11.5,-29.9320650022578,-124.608340327269));
#3602=CARTESIAN_POINT('Ctrl Pts',(11.5,-30.0155983789033,-124.687473845867));
#3603=CARTESIAN_POINT('Ctrl Pts',(11.5,-30.1024476991265,-124.769748651137));
#3604=CARTESIAN_POINT('Ctrl Pts',(12.,-29.5311403926467,-124.570458031987));
#3605=CARTESIAN_POINT('Ctrl Pts',(11.28,-29.5311403926467,-124.570458031987));
#3606=CARTESIAN_POINT('Ctrl Pts',(12.,-29.5751169657154,-124.492525378301));
#3607=CARTESIAN_POINT('Ctrl Pts',(11.28,-29.5751169657154,-124.492525378301));
#3608=CARTESIAN_POINT('Ctrl Pts',(12.,-29.6054517541788,-124.438767879729));
#3609=CARTESIAN_POINT('Ctrl Pts',(11.28,-29.6054517541788,-124.438767879729));
#3610=CARTESIAN_POINT('Ctrl Pts',(12.,-29.6991651709887,-124.303200306893));
#3611=CARTESIAN_POINT('Ctrl Pts',(11.28,-29.6991651709887,-124.303200306893));
#3612=CARTESIAN_POINT('Ctrl Pts',(12.,-29.7480033992077,-124.240889147243));
#3613=CARTESIAN_POINT('Ctrl Pts',(11.28,-29.7480033992077,-124.240889147243));
#3614=CARTESIAN_POINT('Ctrl Pts',(12.,-29.7968416274266,-124.178577987593));
#3615=CARTESIAN_POINT('Ctrl Pts',(11.28,-29.7968416274266,-124.178577987593));
#3616=CARTESIAN_POINT('',(11.5,-29.5311403926467,-124.570458031987));
#3617=CARTESIAN_POINT('',(12.,-29.5311403926467,-124.570458031987));
#3618=CARTESIAN_POINT('Ctrl Pts',(11.5,-29.5311403926467,-124.570458031987));
#3619=CARTESIAN_POINT('Ctrl Pts',(11.5,-29.5751169657154,-124.492525378301));
#3620=CARTESIAN_POINT('Ctrl Pts',(11.5,-29.6054517541788,-124.438767879729));
#3621=CARTESIAN_POINT('Ctrl Pts',(11.5,-29.6991651709887,-124.303200306893));
#3622=CARTESIAN_POINT('Ctrl Pts',(11.5,-29.7480033992077,-124.240889147243));
#3623=CARTESIAN_POINT('Ctrl Pts',(11.5,-29.7968416274266,-124.178577987593));
#3624=CARTESIAN_POINT('Ctrl Pts',(12.,-29.5069379836319,-124.912419106039));
#3625=CARTESIAN_POINT('Ctrl Pts',(11.28,-29.5069379836319,-124.912419106039));
#3626=CARTESIAN_POINT('Ctrl Pts',(12.,-29.4953126734544,-124.851702458307));
#3627=CARTESIAN_POINT('Ctrl Pts',(11.28,-29.4953126734544,-124.851702458307));
#3628=CARTESIAN_POINT('Ctrl Pts',(12.,-29.4847453989134,-124.796511717071));
#3629=CARTESIAN_POINT('Ctrl Pts',(11.28,-29.4847453989134,-124.796511717071));
#3630=CARTESIAN_POINT('Ctrl Pts',(12.,-29.4933343466864,-124.682480917677));
#3631=CARTESIAN_POINT('Ctrl Pts',(11.28,-29.4933343466864,-124.682480917677));
#3632=CARTESIAN_POINT('Ctrl Pts',(12.,-29.5122373696665,-124.626469474832));
#3633=CARTESIAN_POINT('Ctrl Pts',(11.28,-29.5122373696665,-124.626469474832));
#3634=CARTESIAN_POINT('Ctrl Pts',(12.,-29.5311403926467,-124.570458031987));
#3635=CARTESIAN_POINT('Ctrl Pts',(11.28,-29.5311403926467,-124.570458031987));
#3636=CARTESIAN_POINT('',(11.5,-29.5069379836319,-124.912419106039));
#3637=CARTESIAN_POINT('',(12.,-29.5069379836319,-124.912419106039));
#3638=CARTESIAN_POINT('Ctrl Pts',(11.5,-29.5069379836319,-124.912419106039));
#3639=CARTESIAN_POINT('Ctrl Pts',(11.5,-29.4953126734544,-124.851702458307));
#3640=CARTESIAN_POINT('Ctrl Pts',(11.5,-29.4847453989134,-124.796511717071));
#3641=CARTESIAN_POINT('Ctrl Pts',(11.5,-29.4933343466864,-124.682480917677));
#3642=CARTESIAN_POINT('Ctrl Pts',(11.5,-29.5122373696665,-124.626469474832));
#3643=CARTESIAN_POINT('Ctrl Pts',(11.5,-29.5311403926467,-124.570458031987));
#3644=CARTESIAN_POINT('Ctrl Pts',(12.,-29.7587772266577,-125.233407542478));
#3645=CARTESIAN_POINT('Ctrl Pts',(11.28,-29.7587772266577,-125.233407542478));
#3646=CARTESIAN_POINT('Ctrl Pts',(12.,-29.7043307597899,-125.189365677605));
#3647=CARTESIAN_POINT('Ctrl Pts',(11.28,-29.7043307597899,-125.189365677605));
#3648=CARTESIAN_POINT('Ctrl Pts',(12.,-29.6498842929219,-125.145323812732));
#3649=CARTESIAN_POINT('Ctrl Pts',(11.28,-29.6498842929219,-125.145323812732));
#3650=CARTESIAN_POINT('Ctrl Pts',(12.,-29.563625238602,-125.038544356505));
#3651=CARTESIAN_POINT('Ctrl Pts',(11.28,-29.563625238602,-125.038544356505));
#3652=CARTESIAN_POINT('Ctrl Pts',(12.,-29.5391014738254,-124.983980663547));
#3653=CARTESIAN_POINT('Ctrl Pts',(11.28,-29.5391014738254,-124.983980663547));
#3654=CARTESIAN_POINT('Ctrl Pts',(12.,-29.5069379836319,-124.912419106039));
#3655=CARTESIAN_POINT('Ctrl Pts',(11.28,-29.5069379836319,-124.912419106039));
#3656=CARTESIAN_POINT('',(11.5,-29.7587772266577,-125.233407542478));
#3657=CARTESIAN_POINT('',(12.,-29.7587772266577,-125.233407542478));
#3658=CARTESIAN_POINT('Ctrl Pts',(11.5,-29.7587772266577,-125.233407542478));
#3659=CARTESIAN_POINT('Ctrl Pts',(11.5,-29.7043307597899,-125.189365677605));
#3660=CARTESIAN_POINT('Ctrl Pts',(11.5,-29.6498842929219,-125.145323812732));
#3661=CARTESIAN_POINT('Ctrl Pts',(11.5,-29.563625238602,-125.038544356505));
#3662=CARTESIAN_POINT('Ctrl Pts',(11.5,-29.5391014738254,-124.983980663547));
#3663=CARTESIAN_POINT('Ctrl Pts',(11.5,-29.5069379836319,-124.912419106039));
#3664=CARTESIAN_POINT('Ctrl Pts',(12.,-30.1185269807566,-125.379321269737));
#3665=CARTESIAN_POINT('Ctrl Pts',(11.28,-30.1185269807566,-125.379321269737));
#3666=CARTESIAN_POINT('Ctrl Pts',(12.,-30.0452044894429,-125.369076387334));
#3667=CARTESIAN_POINT('Ctrl Pts',(11.28,-30.0452044894429,-125.369076387334));
#3668=CARTESIAN_POINT('Ctrl Pts',(12.,-29.9877026485308,-125.36104202315));
#3669=CARTESIAN_POINT('Ctrl Pts',(11.28,-29.9877026485308,-125.36104202315));
#3670=CARTESIAN_POINT('Ctrl Pts',(12.,-29.8675943741897,-125.310569111152));
#3671=CARTESIAN_POINT('Ctrl Pts',(11.28,-29.8675943741897,-125.310569111152));
#3672=CARTESIAN_POINT('Ctrl Pts',(12.,-29.8131858004236,-125.271988326815));
#3673=CARTESIAN_POINT('Ctrl Pts',(11.28,-29.8131858004236,-125.271988326815));
#3674=CARTESIAN_POINT('Ctrl Pts',(12.,-29.7587772266577,-125.233407542478));
#3675=CARTESIAN_POINT('Ctrl Pts',(11.28,-29.7587772266577,-125.233407542478));
#3676=CARTESIAN_POINT('',(11.5,-30.1185269807566,-125.379321269737));
#3677=CARTESIAN_POINT('',(12.,-30.1185269807566,-125.379321269737));
#3678=CARTESIAN_POINT('Ctrl Pts',(11.5,-30.1185269807566,-125.379321269737));
#3679=CARTESIAN_POINT('Ctrl Pts',(11.5,-30.0452044894429,-125.369076387334));
#3680=CARTESIAN_POINT('Ctrl Pts',(11.5,-29.9877026485308,-125.36104202315));
#3681=CARTESIAN_POINT('Ctrl Pts',(11.5,-29.8675943741897,-125.310569111152));
#3682=CARTESIAN_POINT('Ctrl Pts',(11.5,-29.8131858004236,-125.271988326815));
#3683=CARTESIAN_POINT('Ctrl Pts',(11.5,-29.7587772266577,-125.233407542478));
#3684=CARTESIAN_POINT('Ctrl Pts',(12.,-30.3642752888432,-125.263133861025));
#3685=CARTESIAN_POINT('Ctrl Pts',(11.28,-30.3642752888432,-125.263133861025));
#3686=CARTESIAN_POINT('Ctrl Pts',(12.,-30.328998436706,-125.295025639004));
#3687=CARTESIAN_POINT('Ctrl Pts',(11.28,-30.328998436706,-125.295025639004));
#3688=CARTESIAN_POINT('Ctrl Pts',(12.,-30.2937215845689,-125.326917416983));
#3689=CARTESIAN_POINT('Ctrl Pts',(11.28,-30.2937215845689,-125.326917416983));
#3690=CARTESIAN_POINT('Ctrl Pts',(12.,-30.2119239056198,-125.367019242404));
#3691=CARTESIAN_POINT('Ctrl Pts',(11.28,-30.2119239056198,-125.367019242404));
#3692=CARTESIAN_POINT('Ctrl Pts',(12.,-30.1703817809664,-125.372491075162));
#3693=CARTESIAN_POINT('Ctrl Pts',(11.28,-30.1703817809664,-125.372491075162));
#3694=CARTESIAN_POINT('Ctrl Pts',(12.,-30.1185269807566,-125.379321269737));
#3695=CARTESIAN_POINT('Ctrl Pts',(11.28,-30.1185269807566,-125.379321269737));
#3696=CARTESIAN_POINT('',(11.5,-30.3642752888432,-125.263133861025));
#3697=CARTESIAN_POINT('',(12.,-30.3642752888432,-125.263133861025));
#3698=CARTESIAN_POINT('Ctrl Pts',(11.5,-30.3642752888432,-125.263133861025));
#3699=CARTESIAN_POINT('Ctrl Pts',(11.5,-30.328998436706,-125.295025639004));
#3700=CARTESIAN_POINT('Ctrl Pts',(11.5,-30.2937215845689,-125.326917416983));
#3701=CARTESIAN_POINT('Ctrl Pts',(11.5,-30.2119239056198,-125.367019242404));
#3702=CARTESIAN_POINT('Ctrl Pts',(11.5,-30.1703817809664,-125.372491075162));
#3703=CARTESIAN_POINT('Ctrl Pts',(11.5,-30.1185269807566,-125.379321269737));
#3704=CARTESIAN_POINT('Origin',(12.,-30.6812107040768,-125.4381515811));
#3705=CARTESIAN_POINT('',(11.5,-31.5980728282088,-125.944460156526));
#3706=CARTESIAN_POINT('Origin',(11.5,-33.3188931688314,-125.743848476385));
#3707=CARTESIAN_POINT('Origin',(12.,-36.9966606623633,-126.675737712607));
#3708=CARTESIAN_POINT('',(12.,-36.9966606623633,-126.675737712607));
#3709=CARTESIAN_POINT('',(12.,-36.3944065233584,-127.464622480179));
#3710=CARTESIAN_POINT('',(12.,-36.5201036789791,-127.299973430925));
#3711=CARTESIAN_POINT('',(11.5,-36.9966606623633,-126.675737712607));
#3712=CARTESIAN_POINT('',(12.,-36.9966606623633,-126.675737712607));
#3713=CARTESIAN_POINT('',(11.5,-36.3944065233584,-127.464622480179));
#3714=CARTESIAN_POINT('',(11.5,-36.2431632289595,-127.662734080285));
#3715=CARTESIAN_POINT('',(12.,-36.3944065233584,-127.464622480179));
#3716=CARTESIAN_POINT('Origin',(12.,-36.2419337178263,-126.099560500358));
#3717=CARTESIAN_POINT('',(12.,-36.2419337178263,-126.099560500358));
#3718=CARTESIAN_POINT('',(12.,-34.9270240352712,-125.09572593378));
#3719=CARTESIAN_POINT('',(11.5,-36.2419337178263,-126.099560500358));
#3720=CARTESIAN_POINT('',(12.,-36.2419337178263,-126.099560500358));
#3721=CARTESIAN_POINT('',(11.5,-35.6101472794975,-125.617239110605));
#3722=CARTESIAN_POINT('Ctrl Pts',(12.,-35.7716127954626,-125.913001131117));
#3723=CARTESIAN_POINT('Ctrl Pts',(11.28,-35.7716127954626,-125.913001131117));
#3724=CARTESIAN_POINT('Ctrl Pts',(12.,-35.8701498933849,-125.922760468407));
#3725=CARTESIAN_POINT('Ctrl Pts',(11.28,-35.8701498933849,-125.922760468407));
#3726=CARTESIAN_POINT('Ctrl Pts',(12.,-35.942680804459,-125.929944094067));
#3727=CARTESIAN_POINT('Ctrl Pts',(11.28,-35.942680804459,-125.929944094067));
#3728=CARTESIAN_POINT('Ctrl Pts',(12.,-36.1004064151976,-125.996110665798));
#3729=CARTESIAN_POINT('Ctrl Pts',(11.28,-36.1004064151976,-125.996110665798));
#3730=CARTESIAN_POINT('Ctrl Pts',(12.,-36.1711700665118,-126.047835583078));
#3731=CARTESIAN_POINT('Ctrl Pts',(11.28,-36.1711700665118,-126.047835583078));
#3732=CARTESIAN_POINT('Ctrl Pts',(12.,-36.2419337178263,-126.099560500358));
#3733=CARTESIAN_POINT('Ctrl Pts',(11.28,-36.2419337178263,-126.099560500358));
#3734=CARTESIAN_POINT('',(12.,-35.7716127954626,-125.913001131117));
#3735=CARTESIAN_POINT('Ctrl Pts',(12.,-35.7716127954626,-125.913001131117));
#3736=CARTESIAN_POINT('Ctrl Pts',(12.,-35.8701498933849,-125.922760468407));
#3737=CARTESIAN_POINT('Ctrl Pts',(12.,-35.942680804459,-125.929944094067));
#3738=CARTESIAN_POINT('Ctrl Pts',(12.,-36.1004064151976,-125.996110665798));
#3739=CARTESIAN_POINT('Ctrl Pts',(12.,-36.1711700665118,-126.047835583078));
#3740=CARTESIAN_POINT('Ctrl Pts',(12.,-36.2419337178263,-126.099560500358));
#3741=CARTESIAN_POINT('',(11.5,-35.7716127954626,-125.913001131117));
#3742=CARTESIAN_POINT('',(12.,-35.7716127954626,-125.913001131117));
#3743=CARTESIAN_POINT('Ctrl Pts',(11.5,-35.7716127954626,-125.913001131117));
#3744=CARTESIAN_POINT('Ctrl Pts',(11.5,-35.8701498933849,-125.922760468407));
#3745=CARTESIAN_POINT('Ctrl Pts',(11.5,-35.942680804459,-125.929944094067));
#3746=CARTESIAN_POINT('Ctrl Pts',(11.5,-36.1004064151976,-125.996110665798));
#3747=CARTESIAN_POINT('Ctrl Pts',(11.5,-36.1711700665118,-126.047835583078));
#3748=CARTESIAN_POINT('Ctrl Pts',(11.5,-36.2419337178263,-126.099560500358));
#3749=CARTESIAN_POINT('Ctrl Pts',(12.,-35.4356525225314,-126.09677026884));
#3750=CARTESIAN_POINT('Ctrl Pts',(11.28,-35.4356525225314,-126.09677026884));
#3751=CARTESIAN_POINT('Ctrl Pts',(12.,-35.4813331201383,-126.047212709821));
#3752=CARTESIAN_POINT('Ctrl Pts',(11.28,-35.4813331201383,-126.047212709821));
#3753=CARTESIAN_POINT('Ctrl Pts',(12.,-35.5270137177451,-125.997655150801));
#3754=CARTESIAN_POINT('Ctrl Pts',(11.28,-35.5270137177451,-125.997655150801));
#3755=CARTESIAN_POINT('Ctrl Pts',(12.,-35.6389046097644,-125.936208076053));
#3756=CARTESIAN_POINT('Ctrl Pts',(11.28,-35.6389046097644,-125.936208076053));
#3757=CARTESIAN_POINT('Ctrl Pts',(12.,-35.7042979481815,-125.924772612627));
#3758=CARTESIAN_POINT('Ctrl Pts',(11.28,-35.7042979481815,-125.924772612627));
#3759=CARTESIAN_POINT('Ctrl Pts',(12.,-35.7716127954626,-125.913001131117));
#3760=CARTESIAN_POINT('Ctrl Pts',(11.28,-35.7716127954626,-125.913001131117));
#3761=CARTESIAN_POINT('',(12.,-35.4356525225314,-126.09677026884));
#3762=CARTESIAN_POINT('Ctrl Pts',(12.,-35.4356525225314,-126.09677026884));
#3763=CARTESIAN_POINT('Ctrl Pts',(12.,-35.4813331201383,-126.047212709821));
#3764=CARTESIAN_POINT('Ctrl Pts',(12.,-35.5270137177451,-125.997655150801));
#3765=CARTESIAN_POINT('Ctrl Pts',(12.,-35.6389046097644,-125.936208076053));
#3766=CARTESIAN_POINT('Ctrl Pts',(12.,-35.7042979481815,-125.924772612627));
#3767=CARTESIAN_POINT('Ctrl Pts',(12.,-35.7716127954626,-125.913001131117));
#3768=CARTESIAN_POINT('',(11.5,-35.4356525225314,-126.09677026884));
#3769=CARTESIAN_POINT('',(12.,-35.4356525225314,-126.09677026884));
#3770=CARTESIAN_POINT('Ctrl Pts',(11.5,-35.4356525225314,-126.09677026884));
#3771=CARTESIAN_POINT('Ctrl Pts',(11.5,-35.4813331201383,-126.047212709821));
#3772=CARTESIAN_POINT('Ctrl Pts',(11.5,-35.5270137177451,-125.997655150801));
#3773=CARTESIAN_POINT('Ctrl Pts',(11.5,-35.6389046097644,-125.936208076053));
#3774=CARTESIAN_POINT('Ctrl Pts',(11.5,-35.7042979481815,-125.924772612627));
#3775=CARTESIAN_POINT('Ctrl Pts',(11.5,-35.7716127954626,-125.913001131117));
#3776=CARTESIAN_POINT('Ctrl Pts',(12.,-35.335176146698,-126.359905717046));
#3777=CARTESIAN_POINT('Ctrl Pts',(11.28,-35.335176146698,-126.359905717046));
#3778=CARTESIAN_POINT('Ctrl Pts',(12.,-35.3423264017053,-126.312377369366));
#3779=CARTESIAN_POINT('Ctrl Pts',(11.28,-35.3423264017053,-126.312377369366));
#3780=CARTESIAN_POINT('Ctrl Pts',(12.,-35.3494766567126,-126.264849021686));
#3781=CARTESIAN_POINT('Ctrl Pts',(11.28,-35.3494766567126,-126.264849021686));
#3782=CARTESIAN_POINT('Ctrl Pts',(12.,-35.3829036202017,-126.17710958312));
#3783=CARTESIAN_POINT('Ctrl Pts',(11.28,-35.3829036202017,-126.17710958312));
#3784=CARTESIAN_POINT('Ctrl Pts',(12.,-35.4090103920403,-126.137347615478));
#3785=CARTESIAN_POINT('Ctrl Pts',(11.28,-35.4090103920403,-126.137347615478));
#3786=CARTESIAN_POINT('Ctrl Pts',(12.,-35.4356525225314,-126.09677026884));
#3787=CARTESIAN_POINT('Ctrl Pts',(11.28,-35.4356525225314,-126.09677026884));
#3788=CARTESIAN_POINT('',(12.,-35.335176146698,-126.359905717046));
#3789=CARTESIAN_POINT('Ctrl Pts',(12.,-35.335176146698,-126.359905717046));
#3790=CARTESIAN_POINT('Ctrl Pts',(12.,-35.3423264017053,-126.312377369366));
#3791=CARTESIAN_POINT('Ctrl Pts',(12.,-35.3494766567126,-126.264849021686));
#3792=CARTESIAN_POINT('Ctrl Pts',(12.,-35.3829036202017,-126.17710958312));
#3793=CARTESIAN_POINT('Ctrl Pts',(12.,-35.4090103920403,-126.137347615478));
#3794=CARTESIAN_POINT('Ctrl Pts',(12.,-35.4356525225314,-126.09677026884));
#3795=CARTESIAN_POINT('',(11.5,-35.335176146698,-126.359905717046));
#3796=CARTESIAN_POINT('',(12.,-35.335176146698,-126.359905717046));
#3797=CARTESIAN_POINT('Ctrl Pts',(11.5,-35.335176146698,-126.359905717046));
#3798=CARTESIAN_POINT('Ctrl Pts',(11.5,-35.3423264017053,-126.312377369366));
#3799=CARTESIAN_POINT('Ctrl Pts',(11.5,-35.3494766567126,-126.264849021686));
#3800=CARTESIAN_POINT('Ctrl Pts',(11.5,-35.3829036202017,-126.17710958312));
#3801=CARTESIAN_POINT('Ctrl Pts',(11.5,-35.4090103920403,-126.137347615478));
#3802=CARTESIAN_POINT('Ctrl Pts',(11.5,-35.4356525225314,-126.09677026884));
#3803=CARTESIAN_POINT('Ctrl Pts',(12.,-35.4113298331546,-126.644604452285));
#3804=CARTESIAN_POINT('Ctrl Pts',(11.28,-35.4113298331546,-126.644604452285));
#3805=CARTESIAN_POINT('Ctrl Pts',(12.,-35.387033936038,-126.600196749158));
#3806=CARTESIAN_POINT('Ctrl Pts',(11.28,-35.387033936038,-126.600196749158));
#3807=CARTESIAN_POINT('Ctrl Pts',(12.,-35.3627380389213,-126.555789046031));
#3808=CARTESIAN_POINT('Ctrl Pts',(11.28,-35.3627380389213,-126.555789046031));
#3809=CARTESIAN_POINT('Ctrl Pts',(12.,-35.3368794683187,-126.460926195524));
#3810=CARTESIAN_POINT('Ctrl Pts',(11.28,-35.3368794683187,-126.460926195524));
#3811=CARTESIAN_POINT('Ctrl Pts',(12.,-35.3360729036466,-126.413090514871));
#3812=CARTESIAN_POINT('Ctrl Pts',(11.28,-35.3360729036466,-126.413090514871));
#3813=CARTESIAN_POINT('Ctrl Pts',(12.,-35.335176146698,-126.359905717046));
#3814=CARTESIAN_POINT('Ctrl Pts',(11.28,-35.335176146698,-126.359905717046));
#3815=CARTESIAN_POINT('',(12.,-35.4113298331546,-126.644604452285));
#3816=CARTESIAN_POINT('Ctrl Pts',(12.,-35.4113298331546,-126.644604452285));
#3817=CARTESIAN_POINT('Ctrl Pts',(12.,-35.387033936038,-126.600196749158));
#3818=CARTESIAN_POINT('Ctrl Pts',(12.,-35.3627380389213,-126.555789046031));
#3819=CARTESIAN_POINT('Ctrl Pts',(12.,-35.3368794683187,-126.460926195524));
#3820=CARTESIAN_POINT('Ctrl Pts',(12.,-35.3360729036466,-126.413090514871));
#3821=CARTESIAN_POINT('Ctrl Pts',(12.,-35.335176146698,-126.359905717046));
#3822=CARTESIAN_POINT('',(11.5,-35.4113298331546,-126.644604452285));
#3823=CARTESIAN_POINT('',(12.,-35.4113298331546,-126.644604452285));
#3824=CARTESIAN_POINT('Ctrl Pts',(11.5,-35.4113298331546,-126.644604452285));
#3825=CARTESIAN_POINT('Ctrl Pts',(11.5,-35.387033936038,-126.600196749158));
#3826=CARTESIAN_POINT('Ctrl Pts',(11.5,-35.3627380389213,-126.555789046031));
#3827=CARTESIAN_POINT('Ctrl Pts',(11.5,-35.3368794683187,-126.460926195524));
#3828=CARTESIAN_POINT('Ctrl Pts',(11.5,-35.3360729036466,-126.413090514871));
#3829=CARTESIAN_POINT('Ctrl Pts',(11.5,-35.335176146698,-126.359905717046));
#3830=CARTESIAN_POINT('Ctrl Pts',(12.,-35.7161281442412,-126.946807993181));
#3831=CARTESIAN_POINT('Ctrl Pts',(11.28,-35.7161281442412,-126.946807993181));
#3832=CARTESIAN_POINT('Ctrl Pts',(12.,-35.6592619396374,-126.902430723719));
#3833=CARTESIAN_POINT('Ctrl Pts',(11.28,-35.6592619396374,-126.902430723719));
#3834=CARTESIAN_POINT('Ctrl Pts',(12.,-35.602395735033,-126.858053454256));
#3835=CARTESIAN_POINT('Ctrl Pts',(11.28,-35.602395735033,-126.858053454256));
#3836=CARTESIAN_POINT('Ctrl Pts',(12.,-35.4985628421349,-126.75690303141));
#3837=CARTESIAN_POINT('Ctrl Pts',(11.28,-35.4985628421349,-126.75690303141));
#3838=CARTESIAN_POINT('Ctrl Pts',(12.,-35.4615164641601,-126.709211731329));
#3839=CARTESIAN_POINT('Ctrl Pts',(11.28,-35.4615164641601,-126.709211731329));
#3840=CARTESIAN_POINT('Ctrl Pts',(12.,-35.4113298331546,-126.644604452285));
#3841=CARTESIAN_POINT('Ctrl Pts',(11.28,-35.4113298331546,-126.644604452285));
#3842=CARTESIAN_POINT('',(12.,-35.7161281442412,-126.946807993181));
#3843=CARTESIAN_POINT('Ctrl Pts',(12.,-35.7161281442412,-126.946807993181));
#3844=CARTESIAN_POINT('Ctrl Pts',(12.,-35.6592619396374,-126.902430723719));
#3845=CARTESIAN_POINT('Ctrl Pts',(12.,-35.602395735033,-126.858053454256));
#3846=CARTESIAN_POINT('Ctrl Pts',(12.,-35.4985628421349,-126.75690303141));
#3847=CARTESIAN_POINT('Ctrl Pts',(12.,-35.4615164641601,-126.709211731329));
#3848=CARTESIAN_POINT('Ctrl Pts',(12.,-35.4113298331546,-126.644604452285));
#3849=CARTESIAN_POINT('',(11.5,-35.7161281442412,-126.946807993181));
#3850=CARTESIAN_POINT('',(12.,-35.7161281442412,-126.946807993181));
#3851=CARTESIAN_POINT('Ctrl Pts',(11.5,-35.7161281442412,-126.946807993181));
#3852=CARTESIAN_POINT('Ctrl Pts',(11.5,-35.6592619396374,-126.902430723719));
#3853=CARTESIAN_POINT('Ctrl Pts',(11.5,-35.602395735033,-126.858053454256));
#3854=CARTESIAN_POINT('Ctrl Pts',(11.5,-35.4985628421349,-126.75690303141));
#3855=CARTESIAN_POINT('Ctrl Pts',(11.5,-35.4615164641601,-126.709211731329));
#3856=CARTESIAN_POINT('Ctrl Pts',(11.5,-35.4113298331546,-126.644604452285));
#3857=CARTESIAN_POINT('Origin',(12.,-36.3944065233584,-127.464622480179));
#3858=CARTESIAN_POINT('',(12.,-34.7021333685351,-126.172699307476));
#3859=CARTESIAN_POINT('',(11.5,-34.6687539509343,-126.147216634678));
#3860=CARTESIAN_POINT('Origin',(12.,-35.3774039837439,-128.796780717246));
#3861=CARTESIAN_POINT('',(11.5,-35.3774039837439,-128.796780717246));
#3862=CARTESIAN_POINT('',(12.,-35.3774039837439,-128.796780717246));
#3863=CARTESIAN_POINT('',(11.5,-35.6929579026169,-129.03768238189));
#3864=CARTESIAN_POINT('',(11.5,-34.1486675603153,-127.858732947567));
#3865=CARTESIAN_POINT('',(12.,-35.6929579026169,-129.03768238189));
#3866=CARTESIAN_POINT('Origin',(12.,-36.1857905667896,-127.737885775109));
#3867=CARTESIAN_POINT('',(11.5,-36.1857905667896,-127.737885775109));
#3868=CARTESIAN_POINT('',(12.,-36.1857905667896,-127.737885775109));
#3869=CARTESIAN_POINT('',(11.5,-35.7346619591523,-128.328813198819));
#3870=CARTESIAN_POINT('Origin',(12.,-35.8198130454029,-127.458489485437));
#3871=CARTESIAN_POINT('',(11.5,-35.8198130454029,-127.458489485437));
#3872=CARTESIAN_POINT('',(12.,-35.8198130454029,-127.458489485437));
#3873=CARTESIAN_POINT('',(11.5,-34.7992771839242,-126.679387173107));
#3874=CARTESIAN_POINT('Ctrl Pts',(12.,-35.6354515412891,-127.335765187667));
#3875=CARTESIAN_POINT('Ctrl Pts',(11.28,-35.6354515412891,-127.335765187667));
#3876=CARTESIAN_POINT('Ctrl Pts',(12.,-35.6723551882969,-127.356561575984));
#3877=CARTESIAN_POINT('Ctrl Pts',(11.28,-35.6723551882969,-127.356561575984));
#3878=CARTESIAN_POINT('Ctrl Pts',(12.,-35.6981978678793,-127.371124754514));
#3879=CARTESIAN_POINT('Ctrl Pts',(11.28,-35.6981978678793,-127.371124754514));
#3880=CARTESIAN_POINT('Ctrl Pts',(12.,-35.7609962612341,-127.413542493379));
#3881=CARTESIAN_POINT('Ctrl Pts',(11.28,-35.7609962612341,-127.413542493379));
#3882=CARTESIAN_POINT('Ctrl Pts',(12.,-35.7904046533185,-127.436015989408));
#3883=CARTESIAN_POINT('Ctrl Pts',(11.28,-35.7904046533185,-127.436015989408));
#3884=CARTESIAN_POINT('Ctrl Pts',(12.,-35.8198130454029,-127.458489485437));
#3885=CARTESIAN_POINT('Ctrl Pts',(11.28,-35.8198130454029,-127.458489485437));
#3886=CARTESIAN_POINT('',(11.5,-35.6354515412891,-127.335765187667));
#3887=CARTESIAN_POINT('',(12.,-35.6354515412891,-127.335765187667));
#3888=CARTESIAN_POINT('Ctrl Pts',(11.5,-35.6354515412891,-127.335765187667));
#3889=CARTESIAN_POINT('Ctrl Pts',(11.5,-35.6723551882969,-127.356561575984));
#3890=CARTESIAN_POINT('Ctrl Pts',(11.5,-35.6981978678793,-127.371124754514));
#3891=CARTESIAN_POINT('Ctrl Pts',(11.5,-35.7609962612341,-127.413542493379));
#3892=CARTESIAN_POINT('Ctrl Pts',(11.5,-35.7904046533185,-127.436015989408));
#3893=CARTESIAN_POINT('Ctrl Pts',(11.5,-35.8198130454029,-127.458489485437));
#3894=CARTESIAN_POINT('Ctrl Pts',(12.,-35.4438848875369,-127.289926386735));
#3895=CARTESIAN_POINT('Ctrl Pts',(11.28,-35.4438848875369,-127.289926386735));
#3896=CARTESIAN_POINT('Ctrl Pts',(12.,-35.4767872281628,-127.29353289029));
#3897=CARTESIAN_POINT('Ctrl Pts',(11.28,-35.4767872281628,-127.29353289029));
#3898=CARTESIAN_POINT('Ctrl Pts',(12.,-35.5096895687891,-127.297139393845));
#3899=CARTESIAN_POINT('Ctrl Pts',(11.28,-35.5096895687891,-127.297139393845));
#3900=CARTESIAN_POINT('Ctrl Pts',(12.,-35.5736193537761,-127.312292645858));
#3901=CARTESIAN_POINT('Ctrl Pts',(11.28,-35.5736193537761,-127.312292645858));
#3902=CARTESIAN_POINT('Ctrl Pts',(12.,-35.603097318784,-127.323482978821));
#3903=CARTESIAN_POINT('Ctrl Pts',(11.28,-35.603097318784,-127.323482978821));
#3904=CARTESIAN_POINT('Ctrl Pts',(12.,-35.6354515412891,-127.335765187667));
#3905=CARTESIAN_POINT('Ctrl Pts',(11.28,-35.6354515412891,-127.335765187667));
#3906=CARTESIAN_POINT('',(11.5,-35.4438848875369,-127.289926386735));
#3907=CARTESIAN_POINT('',(12.,-35.4438848875369,-127.289926386735));
#3908=CARTESIAN_POINT('Ctrl Pts',(11.5,-35.4438848875369,-127.289926386735));
#3909=CARTESIAN_POINT('Ctrl Pts',(11.5,-35.4767872281628,-127.29353289029));
#3910=CARTESIAN_POINT('Ctrl Pts',(11.5,-35.5096895687891,-127.297139393845));
#3911=CARTESIAN_POINT('Ctrl Pts',(11.5,-35.5736193537761,-127.312292645858));
#3912=CARTESIAN_POINT('Ctrl Pts',(11.5,-35.603097318784,-127.323482978821));
#3913=CARTESIAN_POINT('Ctrl Pts',(11.5,-35.6354515412891,-127.335765187667));
#3914=CARTESIAN_POINT('Ctrl Pts',(12.,-35.1611621809456,-127.326395672939));
#3915=CARTESIAN_POINT('Ctrl Pts',(11.28,-35.1611621809456,-127.326395672939));
#3916=CARTESIAN_POINT('Ctrl Pts',(12.,-35.2076374708202,-127.314852809743));
#3917=CARTESIAN_POINT('Ctrl Pts',(11.28,-35.2076374708202,-127.314852809743));
#3918=CARTESIAN_POINT('Ctrl Pts',(12.,-35.2541127606954,-127.303309946547));
#3919=CARTESIAN_POINT('Ctrl Pts',(11.28,-35.2541127606954,-127.303309946547));
#3920=CARTESIAN_POINT('Ctrl Pts',(12.,-35.3495748726635,-127.290134456353));
#3921=CARTESIAN_POINT('Ctrl Pts',(11.28,-35.3495748726635,-127.290134456353));
#3922=CARTESIAN_POINT('Ctrl Pts',(12.,-35.3894838032471,-127.290046408059));
#3923=CARTESIAN_POINT('Ctrl Pts',(11.28,-35.3894838032471,-127.290046408059));
#3924=CARTESIAN_POINT('Ctrl Pts',(12.,-35.4438848875369,-127.289926386735));
#3925=CARTESIAN_POINT('Ctrl Pts',(11.28,-35.4438848875369,-127.289926386735));
#3926=CARTESIAN_POINT('',(11.5,-35.1611621809456,-127.326395672939));
#3927=CARTESIAN_POINT('',(12.,-35.1611621809456,-127.326395672939));
#3928=CARTESIAN_POINT('Ctrl Pts',(11.5,-35.1611621809456,-127.326395672939));
#3929=CARTESIAN_POINT('Ctrl Pts',(11.5,-35.2076374708202,-127.314852809743));
#3930=CARTESIAN_POINT('Ctrl Pts',(11.5,-35.2541127606954,-127.303309946547));
#3931=CARTESIAN_POINT('Ctrl Pts',(11.5,-35.3495748726635,-127.290134456353));
#3932=CARTESIAN_POINT('Ctrl Pts',(11.5,-35.3894838032471,-127.290046408059));
#3933=CARTESIAN_POINT('Ctrl Pts',(11.5,-35.4438848875369,-127.289926386735));
#3934=CARTESIAN_POINT('Ctrl Pts',(12.,-34.682607138439,-127.481115413711));
#3935=CARTESIAN_POINT('Ctrl Pts',(11.28,-34.682607138439,-127.481115413711));
#3936=CARTESIAN_POINT('Ctrl Pts',(12.,-34.7615582265949,-127.452802971149));
#3937=CARTESIAN_POINT('Ctrl Pts',(11.28,-34.7615582265949,-127.452802971149));
#3938=CARTESIAN_POINT('Ctrl Pts',(12.,-34.8405093147518,-127.424490528587));
#3939=CARTESIAN_POINT('Ctrl Pts',(11.28,-34.8405093147518,-127.424490528587));
#3940=CARTESIAN_POINT('Ctrl Pts',(12.,-35.0022900493446,-127.371738459138));
#3941=CARTESIAN_POINT('Ctrl Pts',(11.28,-35.0022900493446,-127.371738459138));
#3942=CARTESIAN_POINT('Ctrl Pts',(12.,-35.0693010372784,-127.352613236431));
#3943=CARTESIAN_POINT('Ctrl Pts',(11.28,-35.0693010372784,-127.352613236431));
#3944=CARTESIAN_POINT('Ctrl Pts',(12.,-35.1611621809456,-127.326395672939));
#3945=CARTESIAN_POINT('Ctrl Pts',(11.28,-35.1611621809456,-127.326395672939));
#3946=CARTESIAN_POINT('',(11.5,-34.682607138439,-127.481115413711));
#3947=CARTESIAN_POINT('',(12.,-34.682607138439,-127.481115413711));
#3948=CARTESIAN_POINT('Ctrl Pts',(11.5,-34.682607138439,-127.481115413711));
#3949=CARTESIAN_POINT('Ctrl Pts',(11.5,-34.7615582265949,-127.452802971149));
#3950=CARTESIAN_POINT('Ctrl Pts',(11.5,-34.8405093147518,-127.424490528587));
#3951=CARTESIAN_POINT('Ctrl Pts',(11.5,-35.0022900493446,-127.371738459138));
#3952=CARTESIAN_POINT('Ctrl Pts',(11.5,-35.0693010372784,-127.352613236431));
#3953=CARTESIAN_POINT('Ctrl Pts',(11.5,-35.1611621809456,-127.326395672939));
#3954=CARTESIAN_POINT('Origin',(12.,-33.9883159626561,-127.73631657276));
#3955=CARTESIAN_POINT('',(11.5,-33.9883159626561,-127.73631657276));
#3956=CARTESIAN_POINT('',(12.,-33.9883159626561,-127.73631657276));
#3957=CARTESIAN_POINT('',(11.5,-34.3631903090521,-127.598523711443));
#3958=CARTESIAN_POINT('Origin',(12.,-33.591433620156,-127.433326778441));
#3959=CARTESIAN_POINT('',(11.5,-33.591433620156,-127.433326778441));
#3960=CARTESIAN_POINT('',(12.,-33.591433620156,-127.433326778441));
#3961=CARTESIAN_POINT('',(11.5,-33.296346590335,-127.208050043002));
#3962=CARTESIAN_POINT('Origin',(12.,-34.5016710721308,-127.100975745459));
#3963=CARTESIAN_POINT('',(11.5,-34.5016710721308,-127.100975745459));
#3964=CARTESIAN_POINT('',(12.,-34.5016710721308,-127.100975745459));
#3965=CARTESIAN_POINT('',(11.5,-33.7433467553862,-127.377859397586));
#3966=CARTESIAN_POINT('Ctrl Pts',(12.,-35.0056914941819,-126.983718925945));
#3967=CARTESIAN_POINT('Ctrl Pts',(11.28,-35.0056914941819,-126.983718925945));
#3968=CARTESIAN_POINT('Ctrl Pts',(12.,-34.9133439547842,-126.996063616587));
#3969=CARTESIAN_POINT('Ctrl Pts',(11.28,-34.9133439547842,-126.996063616587));
#3970=CARTESIAN_POINT('Ctrl Pts',(12.,-34.8343430989645,-127.006624170035));
#3971=CARTESIAN_POINT('Ctrl Pts',(11.28,-34.8343430989645,-127.006624170035));
#3972=CARTESIAN_POINT('Ctrl Pts',(12.,-34.6660925876404,-127.046265440824));
#3973=CARTESIAN_POINT('Ctrl Pts',(11.28,-34.6660925876404,-127.046265440824));
#3974=CARTESIAN_POINT('Ctrl Pts',(12.,-34.5838818298857,-127.073620593141));
#3975=CARTESIAN_POINT('Ctrl Pts',(11.28,-34.5838818298857,-127.073620593141));
#3976=CARTESIAN_POINT('Ctrl Pts',(12.,-34.5016710721308,-127.100975745459));
#3977=CARTESIAN_POINT('Ctrl Pts',(11.28,-34.5016710721308,-127.100975745459));
#3978=CARTESIAN_POINT('',(11.5,-35.0056914941819,-126.983718925945));
#3979=CARTESIAN_POINT('',(12.,-35.0056914941819,-126.983718925945));
#3980=CARTESIAN_POINT('Ctrl Pts',(11.5,-35.0056914941819,-126.983718925945));
#3981=CARTESIAN_POINT('Ctrl Pts',(11.5,-34.9133439547842,-126.996063616587));
#3982=CARTESIAN_POINT('Ctrl Pts',(11.5,-34.8343430989645,-127.006624170035));
#3983=CARTESIAN_POINT('Ctrl Pts',(11.5,-34.6660925876404,-127.046265440824));
#3984=CARTESIAN_POINT('Ctrl Pts',(11.5,-34.5838818298857,-127.073620593141));
#3985=CARTESIAN_POINT('Ctrl Pts',(11.5,-34.5016710721308,-127.100975745459));
#3986=CARTESIAN_POINT('Ctrl Pts',(12.,-35.2866485239041,-127.010265556318));
#3987=CARTESIAN_POINT('Ctrl Pts',(11.28,-35.2866485239041,-127.010265556318));
#3988=CARTESIAN_POINT('Ctrl Pts',(12.,-35.2402248547344,-127.00118737727));
#3989=CARTESIAN_POINT('Ctrl Pts',(11.28,-35.2402248547344,-127.00118737727));
#3990=CARTESIAN_POINT('Ctrl Pts',(12.,-35.1938011855649,-126.992109198221));
#3991=CARTESIAN_POINT('Ctrl Pts',(11.28,-35.1938011855649,-126.992109198221));
#3992=CARTESIAN_POINT('Ctrl Pts',(12.,-35.099193728073,-126.982529967269));
#3993=CARTESIAN_POINT('Ctrl Pts',(11.28,-35.099193728073,-126.982529967269));
#3994=CARTESIAN_POINT('Ctrl Pts',(12.,-35.0591074743802,-126.983039697327));
#3995=CARTESIAN_POINT('Ctrl Pts',(11.28,-35.0591074743802,-126.983039697327));
#3996=CARTESIAN_POINT('Ctrl Pts',(12.,-35.0056914941819,-126.983718925945));
#3997=CARTESIAN_POINT('Ctrl Pts',(11.28,-35.0056914941819,-126.983718925945));
#3998=CARTESIAN_POINT('',(11.5,-35.2866485239041,-127.010265556318));
#3999=CARTESIAN_POINT('',(12.,-35.2866485239041,-127.010265556318));
#4000=CARTESIAN_POINT('Ctrl Pts',(11.5,-35.2866485239041,-127.010265556318));
#4001=CARTESIAN_POINT('Ctrl Pts',(11.5,-35.2402248547344,-127.00118737727));
#4002=CARTESIAN_POINT('Ctrl Pts',(11.5,-35.1938011855649,-126.992109198221));
#4003=CARTESIAN_POINT('Ctrl Pts',(11.5,-35.099193728073,-126.982529967269));
#4004=CARTESIAN_POINT('Ctrl Pts',(11.5,-35.0591074743802,-126.983039697327));
#4005=CARTESIAN_POINT('Ctrl Pts',(11.5,-35.0056914941819,-126.983718925945));
#4006=CARTESIAN_POINT('Ctrl Pts',(12.,-34.9480390721225,-126.401622751704));
#4007=CARTESIAN_POINT('Ctrl Pts',(11.28,-34.9480390721225,-126.401622751704));
#4008=CARTESIAN_POINT('Ctrl Pts',(12.,-34.9808465928973,-126.531694408994));
#4009=CARTESIAN_POINT('Ctrl Pts',(11.28,-34.9808465928973,-126.531694408994));
#4010=CARTESIAN_POINT('Ctrl Pts',(12.,-35.0060547365803,-126.631636890127));
#4011=CARTESIAN_POINT('Ctrl Pts',(11.28,-35.0060547365803,-126.631636890127));
#4012=CARTESIAN_POINT('Ctrl Pts',(12.,-35.1228966111088,-126.834567225297));
#4013=CARTESIAN_POINT('Ctrl Pts',(11.28,-35.1228966111088,-126.834567225297));
#4014=CARTESIAN_POINT('Ctrl Pts',(12.,-35.2047725675064,-126.922416390807));
#4015=CARTESIAN_POINT('Ctrl Pts',(11.28,-35.2047725675064,-126.922416390807));
#4016=CARTESIAN_POINT('Ctrl Pts',(12.,-35.286648523904,-127.010265556318));
#4017=CARTESIAN_POINT('Ctrl Pts',(11.28,-35.286648523904,-127.010265556318));
#4018=CARTESIAN_POINT('',(11.5,-34.9480390721225,-126.401622751704));
#4019=CARTESIAN_POINT('',(12.,-34.9480390721225,-126.401622751704));
#4020=CARTESIAN_POINT('Ctrl Pts',(11.5,-34.9480390721225,-126.401622751704));
#4021=CARTESIAN_POINT('Ctrl Pts',(11.5,-34.9808465928973,-126.531694408994));
#4022=CARTESIAN_POINT('Ctrl Pts',(11.5,-35.0060547365803,-126.631636890127));
#4023=CARTESIAN_POINT('Ctrl Pts',(11.5,-35.1228966111088,-126.834567225297));
#4024=CARTESIAN_POINT('Ctrl Pts',(11.5,-35.2047725675064,-126.922416390807));
#4025=CARTESIAN_POINT('Ctrl Pts',(11.5,-35.286648523904,-127.010265556318));
#4026=CARTESIAN_POINT('Ctrl Pts',(12.,-35.1103390649061,-125.84841793098));
#4027=CARTESIAN_POINT('Ctrl Pts',(11.28,-35.1103390649061,-125.84841793098));
#4028=CARTESIAN_POINT('Ctrl Pts',(12.,-35.0559503027864,-125.932693940719));
#4029=CARTESIAN_POINT('Ctrl Pts',(11.28,-35.0559503027864,-125.932693940719));
#4030=CARTESIAN_POINT('Ctrl Pts',(12.,-35.0015615406666,-126.016969950458));
#4031=CARTESIAN_POINT('Ctrl Pts',(11.28,-35.0015615406666,-126.016969950458));
#4032=CARTESIAN_POINT('Ctrl Pts',(12.,-34.9468651930092,-126.201250045374));
#4033=CARTESIAN_POINT('Ctrl Pts',(11.28,-34.9468651930092,-126.201250045374));
#4034=CARTESIAN_POINT('Ctrl Pts',(12.,-34.9474343548514,-126.29840187078));
#4035=CARTESIAN_POINT('Ctrl Pts',(11.28,-34.9474343548514,-126.29840187078));
#4036=CARTESIAN_POINT('Ctrl Pts',(12.,-34.9480390721225,-126.401622751704));
#4037=CARTESIAN_POINT('Ctrl Pts',(11.28,-34.9480390721225,-126.401622751704));
#4038=CARTESIAN_POINT('',(11.5,-35.1103390649062,-125.84841793098));
#4039=CARTESIAN_POINT('',(12.,-35.1103390649062,-125.84841793098));
#4040=CARTESIAN_POINT('Ctrl Pts',(11.5,-35.1103390649061,-125.84841793098));
#4041=CARTESIAN_POINT('Ctrl Pts',(11.5,-35.0559503027864,-125.932693940719));
#4042=CARTESIAN_POINT('Ctrl Pts',(11.5,-35.0015615406666,-126.016969950458));
#4043=CARTESIAN_POINT('Ctrl Pts',(11.5,-34.9468651930092,-126.201250045374));
#4044=CARTESIAN_POINT('Ctrl Pts',(11.5,-34.9474343548514,-126.29840187078));
#4045=CARTESIAN_POINT('Ctrl Pts',(11.5,-34.9480390721225,-126.401622751704));
#4046=CARTESIAN_POINT('Ctrl Pts',(12.,-35.483988810715,-125.56469411291));
#4047=CARTESIAN_POINT('Ctrl Pts',(11.28,-35.483988810715,-125.56469411291));
#4048=CARTESIAN_POINT('Ctrl Pts',(12.,-35.410551847822,-125.599374515953));
#4049=CARTESIAN_POINT('Ctrl Pts',(11.28,-35.410551847822,-125.599374515953));
#4050=CARTESIAN_POINT('Ctrl Pts',(12.,-35.3395016235513,-125.632927788269));
#4051=CARTESIAN_POINT('Ctrl Pts',(11.28,-35.3395016235513,-125.632927788269));
#4052=CARTESIAN_POINT('Ctrl Pts',(12.,-35.2150550493238,-125.727657585444));
#4053=CARTESIAN_POINT('Ctrl Pts',(11.28,-35.2150550493238,-125.727657585444));
#4054=CARTESIAN_POINT('Ctrl Pts',(12.,-35.162697057115,-125.788037758212));
#4055=CARTESIAN_POINT('Ctrl Pts',(11.28,-35.162697057115,-125.788037758212));
#4056=CARTESIAN_POINT('Ctrl Pts',(12.,-35.1103390649062,-125.84841793098));
#4057=CARTESIAN_POINT('Ctrl Pts',(11.28,-35.1103390649062,-125.84841793098));
#4058=CARTESIAN_POINT('',(11.5,-35.483988810715,-125.56469411291));
#4059=CARTESIAN_POINT('',(12.,-35.483988810715,-125.56469411291));
#4060=CARTESIAN_POINT('Ctrl Pts',(11.5,-35.483988810715,-125.56469411291));
#4061=CARTESIAN_POINT('Ctrl Pts',(11.5,-35.410551847822,-125.599374515953));
#4062=CARTESIAN_POINT('Ctrl Pts',(11.5,-35.3395016235513,-125.632927788269));
#4063=CARTESIAN_POINT('Ctrl Pts',(11.5,-35.2150550493238,-125.727657585444));
#4064=CARTESIAN_POINT('Ctrl Pts',(11.5,-35.162697057115,-125.788037758212));
#4065=CARTESIAN_POINT('Ctrl Pts',(11.5,-35.1103390649062,-125.84841793098));
#4066=CARTESIAN_POINT('Ctrl Pts',(12.,-35.9217242392276,-125.541008356938));
#4067=CARTESIAN_POINT('Ctrl Pts',(11.28,-35.9217242392276,-125.541008356938));
#4068=CARTESIAN_POINT('Ctrl Pts',(12.,-35.8452559983018,-125.525663821232));
#4069=CARTESIAN_POINT('Ctrl Pts',(11.28,-35.8452559983018,-125.525663821232));
#4070=CARTESIAN_POINT('Ctrl Pts',(12.,-35.7739537726643,-125.511355926426));
#4071=CARTESIAN_POINT('Ctrl Pts',(11.28,-35.7739537726643,-125.511355926426));
#4072=CARTESIAN_POINT('Ctrl Pts',(12.,-35.6280145306214,-125.51971398433));
#4073=CARTESIAN_POINT('Ctrl Pts',(11.28,-35.6280145306214,-125.51971398433));
#4074=CARTESIAN_POINT('Ctrl Pts',(12.,-35.5560016706682,-125.54220404862));
#4075=CARTESIAN_POINT('Ctrl Pts',(11.28,-35.5560016706682,-125.54220404862));
#4076=CARTESIAN_POINT('Ctrl Pts',(12.,-35.483988810715,-125.56469411291));
#4077=CARTESIAN_POINT('Ctrl Pts',(11.28,-35.483988810715,-125.56469411291));
#4078=CARTESIAN_POINT('',(11.5,-35.9217242392276,-125.541008356938));
#4079=CARTESIAN_POINT('',(12.,-35.9217242392276,-125.541008356938));
#4080=CARTESIAN_POINT('Ctrl Pts',(11.5,-35.9217242392276,-125.541008356938));
#4081=CARTESIAN_POINT('Ctrl Pts',(11.5,-35.8452559983018,-125.525663821232));
#4082=CARTESIAN_POINT('Ctrl Pts',(11.5,-35.7739537726643,-125.511355926426));
#4083=CARTESIAN_POINT('Ctrl Pts',(11.5,-35.6280145306214,-125.51971398433));
#4084=CARTESIAN_POINT('Ctrl Pts',(11.5,-35.5560016706682,-125.54220404862));
#4085=CARTESIAN_POINT('Ctrl Pts',(11.5,-35.483988810715,-125.56469411291));
#4086=CARTESIAN_POINT('Ctrl Pts',(12.,-36.4561116182641,-125.84599061663));
#4087=CARTESIAN_POINT('Ctrl Pts',(11.28,-36.4561116182641,-125.84599061663));
#4088=CARTESIAN_POINT('Ctrl Pts',(12.,-36.3733301218533,-125.783815092461));
#4089=CARTESIAN_POINT('Ctrl Pts',(11.28,-36.3733301218533,-125.783815092461));
#4090=CARTESIAN_POINT('Ctrl Pts',(12.,-36.2905486254421,-125.721639568292));
#4091=CARTESIAN_POINT('Ctrl Pts',(11.28,-36.2905486254421,-125.721639568292));
#4092=CARTESIAN_POINT('Ctrl Pts',(12.,-36.1105681398459,-125.616425643406));
#4093=CARTESIAN_POINT('Ctrl Pts',(11.28,-36.1105681398459,-125.616425643406));
#4094=CARTESIAN_POINT('Ctrl Pts',(12.,-36.0312284301171,-125.584740290597));
#4095=CARTESIAN_POINT('Ctrl Pts',(11.28,-36.0312284301171,-125.584740290597));
#4096=CARTESIAN_POINT('Ctrl Pts',(12.,-35.9217242392276,-125.541008356938));
#4097=CARTESIAN_POINT('Ctrl Pts',(11.28,-35.9217242392276,-125.541008356938));
#4098=CARTESIAN_POINT('',(11.5,-36.4561116182641,-125.84599061663));
#4099=CARTESIAN_POINT('',(12.,-36.4561116182641,-125.84599061663));
#4100=CARTESIAN_POINT('Ctrl Pts',(11.5,-36.4561116182641,-125.84599061663));
#4101=CARTESIAN_POINT('Ctrl Pts',(11.5,-36.3733301218533,-125.783815092461));
#4102=CARTESIAN_POINT('Ctrl Pts',(11.5,-36.2905486254421,-125.721639568292));
#4103=CARTESIAN_POINT('Ctrl Pts',(11.5,-36.1105681398459,-125.616425643406));
#4104=CARTESIAN_POINT('Ctrl Pts',(11.5,-36.0312284301171,-125.584740290597));
#4105=CARTESIAN_POINT('Ctrl Pts',(11.5,-35.9217242392276,-125.541008356938));
#4106=CARTESIAN_POINT('Origin',(12.,-37.513380000221,-126.653135443411));
#4107=CARTESIAN_POINT('',(11.5,-37.513380000221,-126.653135443411));
#4108=CARTESIAN_POINT('',(12.,-37.513380000221,-126.653135443411));
#4109=CARTESIAN_POINT('',(11.5,-35.4404554669402,-125.070613595696));
#4110=CARTESIAN_POINT('Origin',(12.,-35.6929579026169,-129.03768238189));
#4111=CARTESIAN_POINT('',(11.5,-36.9604269268272,-127.377441394223));
#4112=CARTESIAN_POINT('Origin',(11.5,-33.3188931688314,-125.743848476385));
#4113=CARTESIAN_POINT('Origin',(12.,-32.6590003859503,-125.340362803836));
#4114=CARTESIAN_POINT('Origin',(0.,-10.5514502832305,-121.985332482701));
#4115=CARTESIAN_POINT('',(0.,-13.5455972634409,-117.739975158047));
#4116=CARTESIAN_POINT('',(0.,-22.0784945812263,-105.641304528979));
#4117=CARTESIAN_POINT('',(6.90075916933754,-15.8510507463996,-114.471106296492));
#4118=CARTESIAN_POINT('Ctrl Pts',(4.16333634234434E-16,-13.5455972634409,
-117.739975158047));
#4119=CARTESIAN_POINT('Ctrl Pts',(0.670705940573468,-13.5455972634409,-117.739975158047));
#4120=CARTESIAN_POINT('Ctrl Pts',(1.55905789896139,-13.5475681583552,-117.737180654598));
#4121=CARTESIAN_POINT('Ctrl Pts',(3.09769529266854,-13.6789429708048,-117.55090622452));
#4122=CARTESIAN_POINT('Ctrl Pts',(3.70548872861286,-13.7621507256648,-117.432927162963));
#4123=CARTESIAN_POINT('Ctrl Pts',(4.53611044589036,-13.9716874603615,-117.135828083556));
#4124=CARTESIAN_POINT('Ctrl Pts',(5.18282258191622,-14.1513663024849,-116.881064075736));
#4125=CARTESIAN_POINT('Ctrl Pts',(6.13788242184656,-14.7309699758824,-116.059252482478));
#4126=CARTESIAN_POINT('Ctrl Pts',(6.5015566366431,-14.9894172023882,-115.692803929044));
#4127=CARTESIAN_POINT('Ctrl Pts',(6.85466173279041,-15.5196129575725,-114.941047102259));
#4128=CARTESIAN_POINT('Ctrl Pts',(6.88239211940768,-15.7017076583115,-114.682857682477));
#4129=CARTESIAN_POINT('Ctrl Pts',(6.90075916933752,-15.8510507463995,-114.471106296492));
#4130=CARTESIAN_POINT('',(6.91076709906864,-17.180050912974,-112.586736347747));
#4131=CARTESIAN_POINT('Ctrl Pts',(6.90075916933755,-15.8510507463997,-114.471106296492));
#4132=CARTESIAN_POINT('Ctrl Pts',(6.92674675837053,-16.0623566889965,-114.171498683013));
#4133=CARTESIAN_POINT('Ctrl Pts',(6.93425127183276,-16.2162602641783,-113.953281043995));
#4134=CARTESIAN_POINT('Ctrl Pts',(6.93635758202527,-16.6855980674813,-113.287813819387));
#4135=CARTESIAN_POINT('Ctrl Pts',(6.93027129737451,-16.9452540519457,-112.919651391785));
#4136=CARTESIAN_POINT('Ctrl Pts',(6.91076709906863,-17.1800509129739,-112.586736347747));
#4137=CARTESIAN_POINT('',(0.,-18.8889407012141,-110.163726446268));
#4138=CARTESIAN_POINT('Ctrl Pts',(6.91076709906862,-17.180050912974,-112.586736347747));
#4139=CARTESIAN_POINT('Ctrl Pts',(6.90243695709348,-17.2803314349937,-112.444550058467));
#4140=CARTESIAN_POINT('Ctrl Pts',(6.89170492605846,-17.3757838432094,-112.309209481316));
#4141=CARTESIAN_POINT('Ctrl Pts',(6.8282583607264,-17.5573292915716,-112.051798838467));
#4142=CARTESIAN_POINT('Ctrl Pts',(6.77795020625992,-17.639158141345,-111.935774906091));
#4143=CARTESIAN_POINT('Ctrl Pts',(6.60795434283395,-17.80327222099,-111.703079946657));
#4144=CARTESIAN_POINT('Ctrl Pts',(6.47591480677268,-17.890603397736,-111.579254345135));
#4145=CARTESIAN_POINT('Ctrl Pts',(5.7181382518707,-18.2219147046821,-111.109492876183));
#4146=CARTESIAN_POINT('Ctrl Pts',(4.79782386480997,-18.444280764464,-110.794203283892));
#4147=CARTESIAN_POINT('Ctrl Pts',(2.02518951496885,-18.8687032195749,-110.192420876261));
#4148=CARTESIAN_POINT('Ctrl Pts',(0.696188034666791,-18.888940701214,-110.163726446269));
#4149=CARTESIAN_POINT('Ctrl Pts',(1.38777878078145E-16,-18.888940701214,
-110.163726446269));
#4150=CARTESIAN_POINT('',(0.,-22.0784945812263,-105.641304528979));
#4151=CARTESIAN_POINT('',(0.,-22.0784945812263,-105.641304528979));
#4152=CARTESIAN_POINT('',(0.,-22.0784945812263,-105.641304528979));
#4153=CARTESIAN_POINT('',(2.85369617138964,-13.0874000287896,-118.389646332882));
#4154=CARTESIAN_POINT('Origin',(2.85369617138964,-11.99233082048,-119.942328988486));
#4155=CARTESIAN_POINT('',(2.85369617138964,-21.8479536952664,-105.968185088054));
#4156=CARTESIAN_POINT('Origin',(2.85369617138964,-20.7528844869568,-107.520867743657));
#4157=CARTESIAN_POINT('',(9.,-17.2886679933029,-112.432729774054));
#4158=CARTESIAN_POINT('Origin',(9.,-16.1935987849933,-113.985412429657));
#4159=CARTESIAN_POINT('Origin',(12.,-32.6590003859503,-125.340362803836));
#4160=CARTESIAN_POINT('Origin',(9.,-16.3978991344148,-114.129500483382));
#4161=CARTESIAN_POINT('',(9.,-17.4090925846961,-113.129506580346));
#4162=CARTESIAN_POINT('Origin',(9.,-16.6021994838364,-114.273588537107));
#4163=CARTESIAN_POINT('',(9.,-17.3488802889994,-112.7811181772));
#4164=CARTESIAN_POINT('Origin',(9.,-16.1935987849933,-113.985412429657));
#4165=CARTESIAN_POINT('',(9.,-25.172505862714,-118.604852621894));
#4166=CARTESIAN_POINT('',(9.,-17.000491885853,-112.841330472896));
#4167=CARTESIAN_POINT('Origin',(9.,-24.3656127618543,-119.748934578655));
#4168=CARTESIAN_POINT('Origin',(2.85369617138964,-12.1966311699015,-120.086417042211));
#4169=CARTESIAN_POINT('',(2.85369617138964,-13.2078246201827,-119.086423139175));
#4170=CARTESIAN_POINT('Origin',(2.85369617138964,-12.400931519323,-120.230505095936));
#4171=CARTESIAN_POINT('',(2.85369617138964,-13.1476123244862,-118.738034736029));
#4172=CARTESIAN_POINT('Origin',(2.85369617138964,-11.99233082048,-119.942328988486));
#4173=CARTESIAN_POINT('',(2.85369617138964,-20.9712378982006,-124.561769180723));
#4174=CARTESIAN_POINT('',(2.85369617138964,-12.7992239213397,-118.798247031725));
#4175=CARTESIAN_POINT('Origin',(2.85369617138964,-20.1643447973409,-125.705851137484));
#4176=CARTESIAN_POINT('Origin',(2.85369617138964,-20.9571848363783,-107.664955797382));
#4177=CARTESIAN_POINT('',(2.85369617138964,-21.9683782866595,-106.664961894347));
#4178=CARTESIAN_POINT('Origin',(2.85369617138964,-21.1614851857998,-107.809043851107));
#4179=CARTESIAN_POINT('',(2.85369617138964,-21.9081659909629,-106.3165734912));
#4180=CARTESIAN_POINT('Origin',(2.85369617138964,-20.7528844869568,-107.520867743657));
#4181=CARTESIAN_POINT('',(2.85369617138964,-29.7317915646774,-112.140307935895));
#4182=CARTESIAN_POINT('',(2.85369617138964,-21.5597775878165,-106.376785786896));
#4183=CARTESIAN_POINT('Origin',(2.85369617138964,-28.9248984638177,-113.284389892655));
#4184=CARTESIAN_POINT('Origin',(9.,-24.3656127618543,-119.748934578655));
#4185=CARTESIAN_POINT('Origin',(2.85369617138964,-28.9248984638177,-113.284389892655));
#4186=CARTESIAN_POINT('Origin',(2.85369617138964,-20.1643447973409,-125.705851137484));
#4187=CARTESIAN_POINT('Ctrl Pts',(6.97782588184853,-37.3446432664321,-128.995882875022));
#4188=CARTESIAN_POINT('Ctrl Pts',(6.97758747277523,-37.253868579058,-128.889409518113));
#4189=CARTESIAN_POINT('Ctrl Pts',(6.9776415706824,-37.1711416856505,-128.78796847509));
#4190=CARTESIAN_POINT('Ctrl Pts',(6.97772815069897,-36.9883530526853,-128.562124318574));
#4191=CARTESIAN_POINT('Ctrl Pts',(6.97776063280838,-36.8882913131277,-128.437721205081));
#4192=CARTESIAN_POINT('Ctrl Pts',(6.97782565543997,-36.5621038252297,-128.030068758898));
#4193=CARTESIAN_POINT('Ctrl Pts',(6.9778249762143,-35.8909130150196,-127.202493116537));
#4194=CARTESIAN_POINT('Ctrl Pts',(6.97782044804314,-34.6727523832059,-126.320450030117));
#4195=CARTESIAN_POINT('Ctrl Pts',(6.97685020084776,-32.8003827875287,-125.437455002838));
#4196=CARTESIAN_POINT('Ctrl Pts',(7.12594362361519,-31.328979233087,-124.455993276617));
#4197=CARTESIAN_POINT('Ctrl Pts',(6.58013192699275,-30.1516547561762,-123.263210339834));
#4198=CARTESIAN_POINT('Ctrl Pts',(8.06793724197139,-28.6729934237764,-122.469276457456));
#4199=CARTESIAN_POINT('Ctrl Pts',(7.07333832000642,-26.7731140940432,-121.117660922215));
#4200=CARTESIAN_POINT('Ctrl Pts',(7.61169934278625,-24.8473666157207,-119.939080238669));
#4201=CARTESIAN_POINT('Ctrl Pts',(7.08554833032015,-20.146347920164,-116.873551787612));
#4202=CARTESIAN_POINT('Ctrl Pts',(6.96130822365141,-16.7193790461598,-114.982618601078));
#4203=CARTESIAN_POINT('Ctrl Pts',(6.86174115021091,-15.2264183381186,-114.108155432973));
#4204=CARTESIAN_POINT('Ctrl Pts',(6.97758747090271,-37.3656536864834,-128.932248223939));
#4205=CARTESIAN_POINT('Ctrl Pts',(6.97767774743146,-37.2557597166141,-128.782000612134));
#4206=CARTESIAN_POINT('Ctrl Pts',(6.97762834480244,-37.1653746204733,-128.669208113615));
#4207=CARTESIAN_POINT('Ctrl Pts',(6.9777269395009,-36.9625629165313,-128.401530512597));
#4208=CARTESIAN_POINT('Ctrl Pts',(6.97776061865785,-36.8573663438818,-128.266617203635));
#4209=CARTESIAN_POINT('Ctrl Pts',(6.97782559883783,-36.5355147080546,-127.85658686266));
#4210=CARTESIAN_POINT('Ctrl Pts',(6.97782474980574,-35.8794708989497,-127.050276764694));
#4211=CARTESIAN_POINT('Ctrl Pts',(6.97781908959179,-34.6612309088667,-126.166349182278));
#4212=CARTESIAN_POINT('Ctrl Pts',(6.97686462209902,-32.7983849345762,-125.290112460981));
#4213=CARTESIAN_POINT('Ctrl Pts',(7.11928106818201,-31.355985686267,-124.338025080688));
#4214=CARTESIAN_POINT('Ctrl Pts',(6.58180886323554,-30.2214397784034,-123.169621883453));
#4215=CARTESIAN_POINT('Ctrl Pts',(8.06902534102682,-28.7435116625866,-122.364812866053));
#4216=CARTESIAN_POINT('Ctrl Pts',(7.07389825914099,-26.8328387522263,-121.024935945898));
#4217=CARTESIAN_POINT('Ctrl Pts',(7.61180709616819,-24.9089858282009,-119.837858302943));
#4218=CARTESIAN_POINT('Ctrl Pts',(7.09770900681962,-20.2142072420313,-116.784464626505));
#4219=CARTESIAN_POINT('Ctrl Pts',(6.96498550633529,-16.8129778304924,-114.920749310371));
#4220=CARTESIAN_POINT('Ctrl Pts',(6.87053849101352,-15.2777559214437,-114.042144221176));
#4221=CARTESIAN_POINT('Ctrl Pts',(6.97764156275779,-37.3881403001691,-128.872151214164));
#4222=CARTESIAN_POINT('Ctrl Pts',(6.97762833508915,-37.276639863696,-128.713720860974));
#4223=CARTESIAN_POINT('Ctrl Pts',(6.97765812069247,-37.1705121158994,-128.560911458443));
#4224=CARTESIAN_POINT('Ctrl Pts',(6.97773916123125,-36.9569469327411,-128.265782429922));
#4225=CARTESIAN_POINT('Ctrl Pts',(6.97776800914311,-36.8501406322838,-128.123362910585));
#4226=CARTESIAN_POINT('Ctrl Pts',(6.97782552808515,-36.5287259352553,-127.706552428197));
#4227=CARTESIAN_POINT('Ctrl Pts',(6.97782446679504,-35.8819133585727,-126.914723765912));
#4228=CARTESIAN_POINT('Ctrl Pts',(6.9778173915276,-34.6474270145879,-126.016845663284));
#4229=CARTESIAN_POINT('Ctrl Pts',(6.97690214592436,-32.8033776681609,-125.153851246987));
#4230=CARTESIAN_POINT('Ctrl Pts',(7.11556012240328,-31.3894375157953,-124.225516473377));
#4231=CARTESIAN_POINT('Ctrl Pts',(6.5832038452877,-30.2862050247487,-123.082765431463));
#4232=CARTESIAN_POINT('Ctrl Pts',(8.07046838225318,-28.8100266026367,-122.266122049542));
#4233=CARTESIAN_POINT('Ctrl Pts',(7.07505457973155,-26.8896274606059,-120.936636901219));
#4234=CARTESIAN_POINT('Ctrl Pts',(7.61291476517744,-24.9681755662594,-119.7406074699));
#4235=CARTESIAN_POINT('Ctrl Pts',(7.10627355593982,-20.279478220074,-116.69878905361));
#4236=CARTESIAN_POINT('Ctrl Pts',(6.96796978693962,-16.8944701616607,-114.859493236904));
#4237=CARTESIAN_POINT('Ctrl Pts',(6.87775395362981,-15.3260107299946,-113.979784755205));
#4238=CARTESIAN_POINT('Ctrl Pts',(6.97772817230797,-37.4452453368007,-128.730232860943));
#4239=CARTESIAN_POINT('Ctrl Pts',(6.97772696505158,-37.3205622409208,-128.533255564704));
#4240=CARTESIAN_POINT('Ctrl Pts',(6.97773920297359,-37.2042647367407,-128.354135768579));
#4241=CARTESIAN_POINT('Ctrl Pts',(6.9777872070815,-36.9769331363152,-128.022821810722));
#4242=CARTESIAN_POINT('Ctrl Pts',(6.9778000137673,-36.8675914448506,-127.871324705838));
#4243=CARTESIAN_POINT('Ctrl Pts',(6.97782537242927,-36.5429925789238,-127.43972364234));
#4244=CARTESIAN_POINT('Ctrl Pts',(6.97782384417151,-35.9074996809381,-126.668082519965));
#4245=CARTESIAN_POINT('Ctrl Pts',(6.9778136557864,-34.6229407479701,-125.72781654993));
#4246=CARTESIAN_POINT('Ctrl Pts',(6.97700268265083,-32.8308521020778,-124.898768882089));
#4247=CARTESIAN_POINT('Ctrl Pts',(7.1116758238496,-31.4698281248629,-124.00656775303));
#4248=CARTESIAN_POINT('Ctrl Pts',(6.58554739298076,-30.4098075526647,-122.917002500918));
#4249=CARTESIAN_POINT('Ctrl Pts',(8.07370347302435,-28.9391896075861,-122.074163650151));
#4250=CARTESIAN_POINT('Ctrl Pts',(7.07803806470219,-27.0008334545491,-120.763469822212));
#4251=CARTESIAN_POINT('Ctrl Pts',(7.61631018976583,-25.0852987659603,-119.548146181449));
#4252=CARTESIAN_POINT('Ctrl Pts',(7.11829229948432,-20.4055727008537,-116.531164290939));
#4253=CARTESIAN_POINT('Ctrl Pts',(6.9727882711484,-17.0397610422761,-114.73501818409));
#4254=CARTESIAN_POINT('Ctrl Pts',(6.88950428257559,-15.4188775117575,-113.856914843993));
#4255=CARTESIAN_POINT('Ctrl Pts',(6.9777606900031,-37.4798637597466,-128.648411517496));
#4256=CARTESIAN_POINT('Ctrl Pts',(6.9777606900031,-37.3523079337942,-128.441405526864));
#4257=CARTESIAN_POINT('Ctrl Pts',(6.9777680959319,-37.2327924026403,-128.256813869252));
#4258=CARTESIAN_POINT('Ctrl Pts',(6.97780006683181,-37.0013099239591,-127.916361917491));
#4259=CARTESIAN_POINT('Ctrl Pts',(6.97782573326791,-36.8908821430523,-127.761128750618));
#4260=CARTESIAN_POINT('Ctrl Pts',(6.97782528752606,-36.5640479953916,-127.322929290946));
#4261=CARTESIAN_POINT('Ctrl Pts',(6.97782350455867,-35.9306435436805,-126.556994272801));
#4262=CARTESIAN_POINT('Ctrl Pts',(6.97781161810937,-34.612258375631,-125.588290955569));
#4263=CARTESIAN_POINT('Ctrl Pts',(6.97706569555195,-32.8533338024101,-124.779947731185));
#4264=CARTESIAN_POINT('Ctrl Pts',(7.11151247107466,-31.5167669044023,-123.900127639994));
#4265=CARTESIAN_POINT('Ctrl Pts',(6.58649595862165,-30.4686448342352,-122.838096022362));
#4266=CARTESIAN_POINT('Ctrl Pts',(8.07549552256915,-29.0018376724855,-121.98089606727));
#4267=CARTESIAN_POINT('Ctrl Pts',(7.07986522908226,-27.0552507401127,-120.678601787883));
#4268=CARTESIAN_POINT('Ctrl Pts',(7.61859794534496,-25.1432322276026,-119.45293572604));
#4269=CARTESIAN_POINT('Ctrl Pts',(7.12174649390863,-20.4663962035905,-116.449215101163));
#4270=CARTESIAN_POINT('Ctrl Pts',(6.97462247475287,-17.1035595917231,-114.671799204744));
#4271=CARTESIAN_POINT('Ctrl Pts',(6.89403914890509,-15.4634894849696,-113.796404398752));
#4272=CARTESIAN_POINT('Ctrl Pts',(6.97782588184853,-37.6019167424749,-128.370360986649));
#4273=CARTESIAN_POINT('Ctrl Pts',(6.97782588184853,-37.4631984361403,-128.157328597241));
#4274=CARTESIAN_POINT('Ctrl Pts',(6.97782588184853,-37.3359816627343,-127.96446548804));
#4275=CARTESIAN_POINT('Ctrl Pts',(6.97782577571952,-37.0956942854168,-127.610632408192));
#4276=CARTESIAN_POINT('Ctrl Pts',(6.9778256695905,-36.9826236815053,-127.449662437545));
#4277=CARTESIAN_POINT('Ctrl Pts',(6.97782503281644,-36.6513457794685,-127.00192410064));
#4278=CARTESIAN_POINT('Ctrl Pts',(6.97782248572016,-36.0205256141865,-126.247133726976));
#4279=CARTESIAN_POINT('Ctrl Pts',(6.97780550507831,-34.596423084252,-125.185855959844));
#4280=CARTESIAN_POINT('Ctrl Pts',(6.9772618937604,-32.9522740440389,-124.442560484157));
#4281=CARTESIAN_POINT('Ctrl Pts',(7.11287036279788,-31.6787079640084,-123.582634017851));
#4282=CARTESIAN_POINT('Ctrl Pts',(6.58884826888235,-30.6424321122681,-122.605030493818));
#4283=CARTESIAN_POINT('Ctrl Pts',(8.08085386964613,-29.1901911380121,-121.700044694836));
#4284=CARTESIAN_POINT('Ctrl Pts',(7.08557010922304,-27.2201961777654,-120.42101292103));
#4285=CARTESIAN_POINT('Ctrl Pts',(7.62600172491008,-25.3205522065465,-119.161512184669));
#4286=CARTESIAN_POINT('Ctrl Pts',(7.12756639523168,-20.6432893173571,-116.20431191656));
#4287=CARTESIAN_POINT('Ctrl Pts',(6.97875386080534,-17.2781932543938,-114.474413897347));
#4288=CARTESIAN_POINT('Ctrl Pts',(6.90434759359217,-15.5956452229122,-113.609464887741));
#4289=CARTESIAN_POINT('Ctrl Pts',(6.97782588184853,-37.7918133141688,-127.952282367811));
#4290=CARTESIAN_POINT('Ctrl Pts',(6.97782588184853,-37.6495088502529,-127.754181267212));
#4291=CARTESIAN_POINT('Ctrl Pts',(6.97782588184853,-37.5205173759139,-127.573647157807));
#4292=CARTESIAN_POINT('Ctrl Pts',(6.97782573326791,-37.2782174300963,-127.239393516845));
#4293=CARTESIAN_POINT('Ctrl Pts',(6.97782558468729,-37.1649089586179,-127.085673985287));
#4294=CARTESIAN_POINT('Ctrl Pts',(6.9778246932036,-36.832093584034,-126.652258150575));
#4295=CARTESIAN_POINT('Ctrl Pts',(6.97782112726881,-36.1949029942717,-125.896397520993));
#4296=CARTESIAN_POINT('Ctrl Pts',(6.97779735437023,-34.6185408974479,-124.692320731835));
#4297=CARTESIAN_POINT('Ctrl Pts',(6.97754258338522,-33.1681814078958,-124.043580703276));
#4298=CARTESIAN_POINT('Ctrl Pts',(7.11960875189029,-31.9509619661182,-123.164180433569));
#4299=CARTESIAN_POINT('Ctrl Pts',(6.59066898479797,-30.8668829718347,-122.304020208086));
#4300=CARTESIAN_POINT('Ctrl Pts',(8.08795086159557,-29.4424204809234,-121.322779868149));
#4301=CARTESIAN_POINT('Ctrl Pts',(7.09377231474555,-27.4446396438679,-120.069601728248));
#4302=CARTESIAN_POINT('Ctrl Pts',(7.63731479853747,-25.5663644291832,-118.757501662452));
#4303=CARTESIAN_POINT('Ctrl Pts',(7.12321244512945,-20.8642737505283,-115.880292696356));
#4304=CARTESIAN_POINT('Ctrl Pts',(6.9806057761795,-17.4663395095001,-114.190624502534));
#4305=CARTESIAN_POINT('Ctrl Pts',(6.90930244170453,-15.7673723889861,-113.345790405622));
#4306=CARTESIAN_POINT('Ctrl Pts',(6.97782588184853,-37.8683945909337,-127.417766623568));
#4307=CARTESIAN_POINT('Ctrl Pts',(6.97782588184853,-37.7287699963285,-127.241467442375));
#4308=CARTESIAN_POINT('Ctrl Pts',(6.97782588184853,-37.6040016079565,-127.079942417215));
#4309=CARTESIAN_POINT('Ctrl Pts',(6.97782571911738,-37.3722918632222,-126.778683228808));
#4310=CARTESIAN_POINT('Ctrl Pts',(6.97782555638623,-37.26535050686,-126.638949065561));
#4311=CARTESIAN_POINT('Ctrl Pts',(6.97782457999932,-36.9534389151035,-126.240796693463));
#4312=CARTESIAN_POINT('Ctrl Pts',(6.97782067445169,-36.3652656409116,-125.528692419833));
#4313=CARTESIAN_POINT('Ctrl Pts',(6.97779463746753,-34.8501035698151,-124.29740730746));
#4314=CARTESIAN_POINT('Ctrl Pts',(6.97752999987883,-33.6081875538998,-123.670779203896));
#4315=CARTESIAN_POINT('Ctrl Pts',(7.09899285369067,-32.3454203038615,-122.677858412355));
#4316=CARTESIAN_POINT('Ctrl Pts',(6.59173817670229,-31.1425882009356,-121.934272861386));
#4317=CARTESIAN_POINT('Ctrl Pts',(8.08917889553071,-29.7630681595012,-120.841965322744));
#4318=CARTESIAN_POINT('Ctrl Pts',(7.09481521164474,-27.7341231704216,-119.615538148005));
#4319=CARTESIAN_POINT('Ctrl Pts',(7.63839469229009,-25.8885905787468,-118.228170295745));
#4320=CARTESIAN_POINT('Ctrl Pts',(7.12794125896374,-21.0671794774881,-115.511761501833));
#4321=CARTESIAN_POINT('Ctrl Pts',(6.97891932737664,-17.6693945014178,-113.814587692084));
#4322=CARTESIAN_POINT('Ctrl Pts',(6.9044083615831,-15.9705020133827,-112.966000787209));
#4323=CARTESIAN_POINT('Ctrl Pts',(6.9777602494346,-37.9319759684809,-127.089647565674));
#4324=CARTESIAN_POINT('Ctrl Pts',(6.97776024943461,-37.803089031631,-126.936593474607));
#4325=CARTESIAN_POINT('Ctrl Pts',(6.97776770917469,-37.6891567732286,-126.791589436635));
#4326=CARTESIAN_POINT('Ctrl Pts',(6.97779980858247,-37.4762246423391,-126.513763373986));
#4327=CARTESIAN_POINT('Ctrl Pts',(6.97782555638623,-37.3778840292913,-126.383064212923));
#4328=CARTESIAN_POINT('Ctrl Pts',(6.97782457999932,-37.0881727517556,-126.005284992779));
#4329=CARTESIAN_POINT('Ctrl Pts',(6.97782067445169,-36.5313482137609,-125.315121189698));
#4330=CARTESIAN_POINT('Ctrl Pts',(6.97779463746753,-35.0733587020975,-124.064233449269));
#4331=CARTESIAN_POINT('Ctrl Pts',(6.97748461136199,-33.9536553001533,-123.417156273014));
#4332=CARTESIAN_POINT('Ctrl Pts',(7.08169431714255,-32.634608382703,-122.332565013797));
#4333=CARTESIAN_POINT('Ctrl Pts',(6.59257722909121,-31.344602506429,-121.663352162147));
#4334=CARTESIAN_POINT('Ctrl Pts',(8.08954760143583,-29.996691395557,-120.491813895181));
#4335=CARTESIAN_POINT('Ctrl Pts',(7.09486978909134,-27.9445521671992,-119.285607938165));
#4336=CARTESIAN_POINT('Ctrl Pts',(7.63811602722807,-26.1222165294512,-117.844406284832));
#4337=CARTESIAN_POINT('Ctrl Pts',(7.12240010383766,-21.2081591534573,-115.236252683717));
#4338=CARTESIAN_POINT('Ctrl Pts',(6.97486418755247,-17.7932987466034,-113.506496483082));
#4339=CARTESIAN_POINT('Ctrl Pts',(6.89413082539029,-16.1193056602741,-112.669413515853));
#4340=CARTESIAN_POINT('Ctrl Pts',(6.9777275119839,-37.9529676616087,-126.998071606748));
#4341=CARTESIAN_POINT('Ctrl Pts',(6.97772629656883,-37.8302920028901,-126.84783854197));
#4342=CARTESIAN_POINT('Ctrl Pts',(6.97773862283776,-37.7212988268594,-126.709126038919));
#4343=CARTESIAN_POINT('Ctrl Pts',(6.97778685508384,-37.5164317277569,-126.438892232579));
#4344=CARTESIAN_POINT('Ctrl Pts',(6.97779964938896,-37.4214826160896,-126.310285602817));
#4345=CARTESIAN_POINT('Ctrl Pts',(6.97782459414985,-37.140371503698,-125.938961824576));
#4346=CARTESIAN_POINT('Ctrl Pts',(6.97782073105384,-36.5930941693555,-125.254298712276));
#4347=CARTESIAN_POINT('Ctrl Pts',(6.97779497708037,-35.1560409341928,-123.99701069822));
#4348=CARTESIAN_POINT('Ctrl Pts',(6.97746349004188,-34.0713884050295,-123.336944994995));
#4349=CARTESIAN_POINT('Ctrl Pts',(7.07562203614344,-32.7298951299058,-122.22070856717));
#4350=CARTESIAN_POINT('Ctrl Pts',(6.59286310629763,-31.4111465055381,-121.574110230866));
#4351=CARTESIAN_POINT('Ctrl Pts',(8.0895784501465,-30.0734220537627,-120.376839999576));
#4352=CARTESIAN_POINT('Ctrl Pts',(7.09476671570225,-28.0135812247687,-119.177400780776));
#4353=CARTESIAN_POINT('Ctrl Pts',(7.63784170797799,-26.1987512361079,-117.718690700213));
#4354=CARTESIAN_POINT('Ctrl Pts',(7.11903842454533,-21.2532857755719,-115.144564673974));
#4355=CARTESIAN_POINT('Ctrl Pts',(6.97304742374073,-17.8298689952064,-113.399455479887));
#4356=CARTESIAN_POINT('Ctrl Pts',(6.88960381730906,-16.1683162806702,-112.568593582476));
#4357=CARTESIAN_POINT('Ctrl Pts',(6.97764031712371,-37.9945468490884,-126.850513809643));
#4358=CARTESIAN_POINT('Ctrl Pts',(6.97762700006208,-37.8946258737849,-126.713032388368));
#4359=CARTESIAN_POINT('Ctrl Pts',(6.9776570020998,-37.802329034504,-126.585493222267));
#4360=CARTESIAN_POINT('Ctrl Pts',(6.97773848134114,-37.6218988357755,-126.332581561923));
#4361=CARTESIAN_POINT('Ctrl Pts',(6.97776740966084,-37.5344001279691,-126.208511108659));
#4362=CARTESIAN_POINT('Ctrl Pts',(6.97782465075199,-37.2703440813511,-125.846719903434));
#4363=CARTESIAN_POINT('Ctrl Pts',(6.97782095746239,-36.73599229532,-125.164818111248));
#4364=CARTESIAN_POINT('Ctrl Pts',(6.97779633553172,-35.3331066586886,-123.88790693844));
#4365=CARTESIAN_POINT('Ctrl Pts',(6.97742160152881,-34.300580009273,-123.18787539319));
#4366=CARTESIAN_POINT('Ctrl Pts',(7.06426881065176,-32.9095030161015,-122.010961509901));
#4367=CARTESIAN_POINT('Ctrl Pts',(6.59350041019153,-31.5386487974943,-121.403117340006));
#4368=CARTESIAN_POINT('Ctrl Pts',(8.08973079767061,-30.2191759627561,-120.15859380653));
#4369=CARTESIAN_POINT('Ctrl Pts',(7.09464422809912,-28.1442325120608,-118.972710977885));
#4370=CARTESIAN_POINT('Ctrl Pts',(7.63738835053175,-26.3430229482543,-117.481709340815));
#4371=CARTESIAN_POINT('Ctrl Pts',(7.10720351046375,-21.339069129314,-114.964415441771));
#4372=CARTESIAN_POINT('Ctrl Pts',(6.96823989226732,-17.8878841969854,-113.178107136393));
#4373=CARTESIAN_POINT('Ctrl Pts',(6.87786187111036,-16.2626030821141,-112.368338382968));
#4374=CARTESIAN_POINT('Ctrl Pts',(6.97758585971421,-38.0151343434403,-126.794531971464));
#4375=CARTESIAN_POINT('Ctrl Pts',(6.97767674434686,-37.9205923216878,-126.658949105679));
#4376=CARTESIAN_POINT('Ctrl Pts',(6.97762704862855,-37.8512467476817,-126.544514074727));
#4377=CARTESIAN_POINT('Ctrl Pts',(6.97772619711652,-37.6876756922768,-126.302966396423));
#4378=CARTESIAN_POINT('Ctrl Pts',(6.97775994931053,-37.6039840825435,-126.181595168603));
#4379=CARTESIAN_POINT('Ctrl Pts',(6.9778246932036,-37.3481179070619,-125.820801150496));
#4380=CARTESIAN_POINT('Ctrl Pts',(6.97782112726881,-36.8171444656897,-125.136159987642));
#4381=CARTESIAN_POINT('Ctrl Pts',(6.97779735437022,-35.4274901510892,-123.846025929709));
#4382=CARTESIAN_POINT('Ctrl Pts',(6.97740083433587,-34.4120385086402,-123.119017069404));
#4383=CARTESIAN_POINT('Ctrl Pts',(7.05898786615919,-32.9938241550943,-121.913070899259));
#4384=CARTESIAN_POINT('Ctrl Pts',(6.593851836879,-31.5996070903414,-121.321366380428));
#4385=CARTESIAN_POINT('Ctrl Pts',(8.08985229648405,-30.2881992135438,-120.05532150909));
#4386=CARTESIAN_POINT('Ctrl Pts',(7.09462481388509,-28.2058547417834,-118.876228332383));
#4387=CARTESIAN_POINT('Ctrl Pts',(7.6372093123356,-26.4107599537439,-117.370443566035));
#4388=CARTESIAN_POINT('Ctrl Pts',(7.09873027567449,-21.3797258609415,-114.875954219312));
#4389=CARTESIAN_POINT('Ctrl Pts',(6.96524912460564,-17.9093291501614,-113.063799796093));
#4390=CARTESIAN_POINT('Ctrl Pts',(6.87064693299288,-16.307879263162,-112.268903116836));
#4391=CARTESIAN_POINT('Ctrl Pts',(6.97782588184853,-38.0398916412473,-126.741422846442));
#4392=CARTESIAN_POINT('Ctrl Pts',(6.9775858690768,-37.9710845621572,-126.62473406205));
#4393=CARTESIAN_POINT('Ctrl Pts',(6.97764035674679,-37.9092914303935,-126.521167782755));
#4394=CARTESIAN_POINT('Ctrl Pts',(6.97772740393891,-37.7711892735848,-126.302240758597));
#4395=CARTESIAN_POINT('Ctrl Pts',(6.97775996346106,-37.6948802485398,-126.186880013735));
#4396=CARTESIAN_POINT('Ctrl Pts',(6.97782474980574,-37.4441793334829,-125.823106080798));
#4397=CARTESIAN_POINT('Ctrl Pts',(6.97782135367737,-36.9113177528562,-125.12929828523));
#4398=CARTESIAN_POINT('Ctrl Pts',(6.97779871282157,-35.5253110491272,-123.818984794948));
#4399=CARTESIAN_POINT('Ctrl Pts',(6.97738641308461,-34.5146452130401,-123.057182000908));
#4400=CARTESIAN_POINT('Ctrl Pts',(7.0548043603229,-33.0682889649547,-121.825904771711));
#4401=CARTESIAN_POINT('Ctrl Pts',(6.59426261997075,-31.6557737796485,-121.24604142409));
#4402=CARTESIAN_POINT('Ctrl Pts',(8.09015649865798,-30.3506588107266,-119.9620075629));
#4403=CARTESIAN_POINT('Ctrl Pts',(7.09481032471742,-28.2611840850151,-118.789700619546));
#4404=CARTESIAN_POINT('Ctrl Pts',(7.63730698608946,-26.4710398683111,-117.271421848741));
#4405=CARTESIAN_POINT('Ctrl Pts',(7.08666011297194,-21.4177793052903,-114.790571521172));
#4406=CARTESIAN_POINT('Ctrl Pts',(6.96154940363101,-17.9203799743691,-112.946570052215));
#4407=CARTESIAN_POINT('Ctrl Pts',(6.86184522752277,-16.3500116000959,-112.172810027541));
#4408=CARTESIAN_POINT('',(6.97782588184853,-37.3446432664321,-128.995882875022));
#4409=CARTESIAN_POINT('Ctrl Pts',(6.97782588184853,-37.3446432664321,-128.995882875022));
#4410=CARTESIAN_POINT('Ctrl Pts',(6.97758747277523,-37.253868579058,-128.889409518113));
#4411=CARTESIAN_POINT('Ctrl Pts',(6.97769566858957,-37.088414792243,-128.686527432067));
#4412=CARTESIAN_POINT('Ctrl Pts',(6.97776063280838,-36.8882913131277,-128.437721205081));
#4413=CARTESIAN_POINT('Ctrl Pts',(6.97782565543997,-36.5621038252297,-128.030068758898));
#4414=CARTESIAN_POINT('Ctrl Pts',(6.9778249762143,-35.8909130150197,-127.202493116537));
#4415=CARTESIAN_POINT('Ctrl Pts',(6.97782044804314,-34.6727523832059,-126.320450030117));
#4416=CARTESIAN_POINT('Ctrl Pts',(6.97685020084776,-32.8003827875287,-125.437455002838));
#4417=CARTESIAN_POINT('Ctrl Pts',(7.12594362361519,-31.328979233087,-124.455993276617));
#4418=CARTESIAN_POINT('Ctrl Pts',(6.58013192699275,-30.1516547561762,-123.263210339835));
#4419=CARTESIAN_POINT('Ctrl Pts',(8.06793724197139,-28.6729934237764,-122.469276457456));
#4420=CARTESIAN_POINT('Ctrl Pts',(7.07333832000641,-26.7731140940432,-121.117660922215));
#4421=CARTESIAN_POINT('Ctrl Pts',(7.61169934278625,-24.8473666157207,-119.939080238669));
#4422=CARTESIAN_POINT('Ctrl Pts',(7.10955186793598,-20.3608131144105,-117.013404274339));
#4423=CARTESIAN_POINT('Ctrl Pts',(6.97937289682037,-17.1870324545359,-115.242132734346));
#4424=CARTESIAN_POINT('Ctrl Pts',(6.90075916933754,-15.8510507463996,-114.471106296492));
#4425=CARTESIAN_POINT('',(6.97782588184853,-38.0398916412473,-126.741422846442));
#4426=CARTESIAN_POINT('Ctrl Pts',(6.97782588184853,-38.0398916412473,-126.741422846442));
#4427=CARTESIAN_POINT('Ctrl Pts',(6.97758585971421,-38.0151343434403,-126.794531971464));
#4428=CARTESIAN_POINT('Ctrl Pts',(6.97769477453321,-37.9739593547365,-126.906495647822));
#4429=CARTESIAN_POINT('Ctrl Pts',(6.9777602494346,-37.9319759684809,-127.089647565674));
#4430=CARTESIAN_POINT('Ctrl Pts',(6.97782588184853,-37.8683945909337,-127.417766623569));
#4431=CARTESIAN_POINT('Ctrl Pts',(6.97782588184853,-37.7918133141689,-127.952282367811));
#4432=CARTESIAN_POINT('Ctrl Pts',(6.97782588184853,-37.6019167424749,-128.370360986649));
#4433=CARTESIAN_POINT('Ctrl Pts',(6.9777606900031,-37.4798637597466,-128.648411517496));
#4434=CARTESIAN_POINT('Ctrl Pts',(6.97769565461284,-37.4106269138548,-128.81205420439));
#4435=CARTESIAN_POINT('Ctrl Pts',(6.97758747090271,-37.3656536864834,-128.932248223939));
#4436=CARTESIAN_POINT('Ctrl Pts',(6.97782588184853,-37.3446432664321,-128.995882875022));
#4437=CARTESIAN_POINT('Ctrl Pts',(6.91076709906864,-17.180050912974,-112.586736347747));
#4438=CARTESIAN_POINT('Ctrl Pts',(6.98500704131818,-18.5245368074273,-113.264195913317));
#4439=CARTESIAN_POINT('Ctrl Pts',(7.11841769748341,-21.7092171708683,-114.933650176086));
#4440=CARTESIAN_POINT('Ctrl Pts',(7.63730698608946,-26.4710398683111,-117.271421848741));
#4441=CARTESIAN_POINT('Ctrl Pts',(7.09481032471742,-28.2611840850151,-118.789700619546));
#4442=CARTESIAN_POINT('Ctrl Pts',(8.09015649865797,-30.3506588107265,-119.962007562899));
#4443=CARTESIAN_POINT('Ctrl Pts',(6.59426261997074,-31.6557737796485,-121.24604142409));
#4444=CARTESIAN_POINT('Ctrl Pts',(7.05480436032291,-33.0682889649547,-121.825904771711));
#4445=CARTESIAN_POINT('Ctrl Pts',(6.97738641308462,-34.5146452130401,-123.057182000908));
#4446=CARTESIAN_POINT('Ctrl Pts',(6.97779871282157,-35.5253110491272,-123.818984794948));
#4447=CARTESIAN_POINT('Ctrl Pts',(6.97782135367737,-36.9113177528562,-125.12929828523));
#4448=CARTESIAN_POINT('Ctrl Pts',(6.97782474980574,-37.4441793334829,-125.823106080798));
#4449=CARTESIAN_POINT('Ctrl Pts',(6.97775996346106,-37.6948802485398,-126.186880013735));
#4450=CARTESIAN_POINT('Ctrl Pts',(6.97769484441676,-37.8474982986298,-126.417601503459));
#4451=CARTESIAN_POINT('Ctrl Pts',(6.9775858690768,-37.9710845621572,-126.62473406205));
#4452=CARTESIAN_POINT('Ctrl Pts',(6.97782588184853,-38.0398916412473,-126.741422846442));
#4453=CARTESIAN_POINT('Ctrl Pts',(-6.97782588184853,-38.0398916412473,-126.741422846442));
#4454=CARTESIAN_POINT('Ctrl Pts',(-6.97830591675457,-38.1334560181443,-126.805002505811));
#4455=CARTESIAN_POINT('Ctrl Pts',(-6.98068764712992,-38.2233755691005,-126.87028157883));
#4456=CARTESIAN_POINT('Ctrl Pts',(-6.96941799297392,-38.4622569569693,-127.050879759028));
#4457=CARTESIAN_POINT('Ctrl Pts',(-6.95576660844255,-38.6112187938819,-127.166198866206));
#4458=CARTESIAN_POINT('Ctrl Pts',(-6.89076278248839,-39.1466677335543,-127.58721623898));
#4459=CARTESIAN_POINT('Ctrl Pts',(-6.62957348440799,-40.507071403969,-128.670451826828));
#4460=CARTESIAN_POINT('Ctrl Pts',(-4.88831149720533,-43.794526408936,-130.79743501871));
#4461=CARTESIAN_POINT('Ctrl Pts',(-2.,-45.3887909278844,-131.620906077776));
#4462=CARTESIAN_POINT('Ctrl Pts',(5.55111512312578E-16,-45.3887909278844,
-131.620906077776));
#4463=CARTESIAN_POINT('Ctrl Pts',(2.,-45.3887909278844,-131.620906077776));
#4464=CARTESIAN_POINT('Ctrl Pts',(4.88831149720533,-43.7945264089361,-130.79743501871));
#4465=CARTESIAN_POINT('Ctrl Pts',(6.629573484408,-40.5070714039691,-128.670451826828));
#4466=CARTESIAN_POINT('Ctrl Pts',(6.8907627824884,-39.1466677335543,-127.58721623898));
#4467=CARTESIAN_POINT('Ctrl Pts',(6.95576660844256,-38.6112187938819,-127.166198866206));
#4468=CARTESIAN_POINT('Ctrl Pts',(6.96941799297392,-38.4622569569693,-127.050879759028));
#4469=CARTESIAN_POINT('Ctrl Pts',(6.98068764712992,-38.2233755691005,-126.87028157883));
#4470=CARTESIAN_POINT('Ctrl Pts',(6.97830591675457,-38.1334560181443,-126.80500250581));
#4471=CARTESIAN_POINT('Ctrl Pts',(6.97782588184853,-38.0398916412473,-126.741422846442));
#4472=CARTESIAN_POINT('Ctrl Pts',(-6.9775858690768,-37.9710845621572,-126.62473406205));
#4473=CARTESIAN_POINT('Ctrl Pts',(-6.97748533677917,-38.0704174548123,-126.672528625107));
#4474=CARTESIAN_POINT('Ctrl Pts',(-6.98136214826789,-38.1642234179035,-126.735418757276));
#4475=CARTESIAN_POINT('Ctrl Pts',(-6.97062176752862,-38.4165152774474,-126.904550601714));
#4476=CARTESIAN_POINT('Ctrl Pts',(-6.95576660844255,-38.5729699077745,-127.017656280554));
#4477=CARTESIAN_POINT('Ctrl Pts',(-6.89076278248839,-39.1020721043547,-127.410128629219));
#4478=CARTESIAN_POINT('Ctrl Pts',(-6.62957348440799,-40.453470448503,-128.442214628638));
#4479=CARTESIAN_POINT('Ctrl Pts',(-4.88831149720532,-43.7407217716038,-130.458411277005));
#4480=CARTESIAN_POINT('Ctrl Pts',(-2.,-45.32823471718,-131.239340581669));
#4481=CARTESIAN_POINT('Ctrl Pts',(4.85722573273506E-16,-45.32823471718,
-131.239340581669));
#4482=CARTESIAN_POINT('Ctrl Pts',(2.,-45.32823471718,-131.239340581669));
#4483=CARTESIAN_POINT('Ctrl Pts',(4.88831149720533,-43.7407217716038,-130.458411277005));
#4484=CARTESIAN_POINT('Ctrl Pts',(6.629573484408,-40.4534704485031,-128.442214628638));
#4485=CARTESIAN_POINT('Ctrl Pts',(6.89076278248839,-39.1020721043547,-127.410128629219));
#4486=CARTESIAN_POINT('Ctrl Pts',(6.95576660844256,-38.5729699077745,-127.017656280554));
#4487=CARTESIAN_POINT('Ctrl Pts',(6.97062176752862,-38.4165152774474,-126.904550601714));
#4488=CARTESIAN_POINT('Ctrl Pts',(6.98136214826788,-38.1642234179034,-126.735418757276));
#4489=CARTESIAN_POINT('Ctrl Pts',(6.97748533677917,-38.0704174548124,-126.672528625107));
#4490=CARTESIAN_POINT('Ctrl Pts',(6.9775858690768,-37.9710845621572,-126.62473406205));
#4491=CARTESIAN_POINT('Ctrl Pts',(-6.97764035674678,-37.9092914303935,-126.521167782755));
#4492=CARTESIAN_POINT('Ctrl Pts',(-6.97762704862854,-38.0040849462986,-126.557324056874));
#4493=CARTESIAN_POINT('Ctrl Pts',(-6.97911517668292,-38.1079302442946,-126.610387420047));
#4494=CARTESIAN_POINT('Ctrl Pts',(-6.96835203538389,-38.3662493474855,-126.767718192707));
#4495=CARTESIAN_POINT('Ctrl Pts',(-6.95699946764541,-38.518498780646,-126.871136863584));
#4496=CARTESIAN_POINT('Ctrl Pts',(-6.89076278248839,-39.0461515656449,-127.241941720308));
#4497=CARTESIAN_POINT('Ctrl Pts',(-6.62957348440799,-40.3850750777119,-128.225746810114));
#4498=CARTESIAN_POINT('Ctrl Pts',(-4.88831149720532,-43.6636197066071,-130.138853491764));
#4499=CARTESIAN_POINT('Ctrl Pts',(-2.,-45.241457645069,-130.879683690837));
#4500=CARTESIAN_POINT('Ctrl Pts',(2.25514051876985E-16,-45.241457645069,
-130.879683690837));
#4501=CARTESIAN_POINT('Ctrl Pts',(2.,-45.241457645069,-130.879683690837));
#4502=CARTESIAN_POINT('Ctrl Pts',(4.88831149720533,-43.6636197066072,-130.138853491764));
#4503=CARTESIAN_POINT('Ctrl Pts',(6.62957348440799,-40.3850750777119,-128.225746810114));
#4504=CARTESIAN_POINT('Ctrl Pts',(6.89076278248839,-39.0461515656449,-127.241941720308));
#4505=CARTESIAN_POINT('Ctrl Pts',(6.95699946764542,-38.518498780646,-126.871136863585));
#4506=CARTESIAN_POINT('Ctrl Pts',(6.96835203538389,-38.3662493474855,-126.767718192707));
#4507=CARTESIAN_POINT('Ctrl Pts',(6.97911517668292,-38.1079302442947,-126.610387420047));
#4508=CARTESIAN_POINT('Ctrl Pts',(6.97762704862855,-38.0040849462987,-126.557324056874));
#4509=CARTESIAN_POINT('Ctrl Pts',(6.97764035674679,-37.9092914303935,-126.521167782755));
#4510=CARTESIAN_POINT('Ctrl Pts',(-6.97772740393891,-37.7711892735848,-126.302240758597));
#4511=CARTESIAN_POINT('Ctrl Pts',(-6.97772621126705,-37.863988073969,-126.314988229398));
#4512=CARTESIAN_POINT('Ctrl Pts',(-6.97828188601988,-37.9726357209738,-126.356170901485));
#4513=CARTESIAN_POINT('Ctrl Pts',(-6.96750320498334,-38.2370804893015,-126.491945760807));
#4514=CARTESIAN_POINT('Ctrl Pts',(-6.95643355594827,-38.3898226102229,-126.584335560592));
#4515=CARTESIAN_POINT('Ctrl Pts',(-6.89076271881099,-38.9134103341932,-126.917771237687));
#4516=CARTESIAN_POINT('Ctrl Pts',(-6.629573484408,-40.222031226958,-127.809707702825));
#4517=CARTESIAN_POINT('Ctrl Pts',(-4.88831149720533,-43.4685242500508,-129.528250363375));
#4518=CARTESIAN_POINT('Ctrl Pts',(-2.,-45.0218810033431,-130.19246018125));
#4519=CARTESIAN_POINT('Ctrl Pts',(2.08166817117217E-16,-45.0218810033431,
-130.19246018125));
#4520=CARTESIAN_POINT('Ctrl Pts',(2.,-45.0218810033431,-130.19246018125));
#4521=CARTESIAN_POINT('Ctrl Pts',(4.88831149720533,-43.4685242500509,-129.528250363375));
#4522=CARTESIAN_POINT('Ctrl Pts',(6.629573484408,-40.222031226958,-127.809707702825));
#4523=CARTESIAN_POINT('Ctrl Pts',(6.89076271881099,-38.9134103341932,-126.917771237687));
#4524=CARTESIAN_POINT('Ctrl Pts',(6.95643355594828,-38.3898226102229,-126.584335560592));
#4525=CARTESIAN_POINT('Ctrl Pts',(6.96750320498334,-38.2370804893015,-126.491945760807));
#4526=CARTESIAN_POINT('Ctrl Pts',(6.97828188601988,-37.9726357209739,-126.356170901485));
#4527=CARTESIAN_POINT('Ctrl Pts',(6.97772621126706,-37.863988073969,-126.314988229398));
#4528=CARTESIAN_POINT('Ctrl Pts',(6.97772740393891,-37.7711892735848,-126.302240758597));
#4529=CARTESIAN_POINT('Ctrl Pts',(-6.97775996346106,-37.6948802485398,-126.186880013735));
#4530=CARTESIAN_POINT('Ctrl Pts',(-6.97775997761159,-37.7857764145361,-126.192164858867));
#4531=CARTESIAN_POINT('Ctrl Pts',(-6.97812971718143,-37.8967262064969,-126.229347604929));
#4532=CARTESIAN_POINT('Ctrl Pts',(-6.96731632662638,-38.1626457089557,-126.357084183873));
#4533=CARTESIAN_POINT('Ctrl Pts',(-6.95605991597627,-38.3160708089168,-126.44548293332));
#4534=CARTESIAN_POINT('Ctrl Pts',(-6.89076265513358,-38.8365896414512,-126.761787663978));
#4535=CARTESIAN_POINT('Ctrl Pts',(-6.629573484408,-40.1273827469953,-127.610136414059));
#4536=CARTESIAN_POINT('Ctrl Pts',(-4.88831149720532,-43.3505308584913,-129.237205020226));
#4537=CARTESIAN_POINT('Ctrl Pts',(-2.,-44.8890814337281,-129.864893562495));
#4538=CARTESIAN_POINT('Ctrl Pts',(1.73472347597681E-16,-44.8890814337281,
-129.864893562495));
#4539=CARTESIAN_POINT('Ctrl Pts',(2.,-44.8890814337281,-129.864893562495));
#4540=CARTESIAN_POINT('Ctrl Pts',(4.88831149720533,-43.3505308584913,-129.237205020226));
#4541=CARTESIAN_POINT('Ctrl Pts',(6.62957348440799,-40.1273827469953,-127.610136414059));
#4542=CARTESIAN_POINT('Ctrl Pts',(6.89076265513358,-38.8365896414512,-126.761787663978));
#4543=CARTESIAN_POINT('Ctrl Pts',(6.95605991597627,-38.3160708089169,-126.44548293332));
#4544=CARTESIAN_POINT('Ctrl Pts',(6.96731632662638,-38.1626457089557,-126.357084183873));
#4545=CARTESIAN_POINT('Ctrl Pts',(6.97812971718143,-37.8967262064969,-126.229347604929));
#4546=CARTESIAN_POINT('Ctrl Pts',(6.9777599776116,-37.7857764145361,-126.192164858867));
#4547=CARTESIAN_POINT('Ctrl Pts',(6.97775996346106,-37.6948802485398,-126.186880013735));
#4548=CARTESIAN_POINT('Ctrl Pts',(-6.97782474980574,-37.4441793334829,-125.823106080798));
#4549=CARTESIAN_POINT('Ctrl Pts',(-6.97782480640788,-37.5402407599038,-125.825411011101));
#4550=CARTESIAN_POINT('Ctrl Pts',(-6.97782487716055,-37.6545897870349,-125.855939624643));
#4551=CARTESIAN_POINT('Ctrl Pts',(-6.96694214539642,-37.9197354265431,-125.960659925444));
#4552=CARTESIAN_POINT('Ctrl Pts',(-6.95605934287961,-38.0705320389202,-126.034851612703));
#4553=CARTESIAN_POINT('Ctrl Pts',(-6.89076227306914,-38.5774018296593,-126.303744845908));
#4554=CARTESIAN_POINT('Ctrl Pts',(-6.629573484408,-39.8090612255684,-127.026803998035));
#4555=CARTESIAN_POINT('Ctrl Pts',(-4.88831149720533,-42.943768987117,-128.39120844766));
#4556=CARTESIAN_POINT('Ctrl Pts',(-2.,-44.4312778165907,-128.912738706638));
#4557=CARTESIAN_POINT('Ctrl Pts',(-6.93889390390723E-17,-44.4312778165907,
-128.912738706638));
#4558=CARTESIAN_POINT('Ctrl Pts',(2.,-44.4312778165907,-128.912738706638));
#4559=CARTESIAN_POINT('Ctrl Pts',(4.88831149720533,-42.943768987117,-128.39120844766));
#4560=CARTESIAN_POINT('Ctrl Pts',(6.629573484408,-39.8090612255683,-127.026803998035));
#4561=CARTESIAN_POINT('Ctrl Pts',(6.89076227306914,-38.5774018296593,-126.303744845908));
#4562=CARTESIAN_POINT('Ctrl Pts',(6.95605934287961,-38.0705320389202,-126.034851612703));
#4563=CARTESIAN_POINT('Ctrl Pts',(6.96694214539642,-37.9197354265431,-125.960659925444));
#4564=CARTESIAN_POINT('Ctrl Pts',(6.97782487716055,-37.6545897870349,-125.855939624643));
#4565=CARTESIAN_POINT('Ctrl Pts',(6.97782480640788,-37.5402407599038,-125.8254110111));
#4566=CARTESIAN_POINT('Ctrl Pts',(6.97782474980574,-37.4441793334829,-125.823106080798));
#4567=CARTESIAN_POINT('Ctrl Pts',(-6.97782135367737,-36.9113177528563,-125.12929828523));
#4568=CARTESIAN_POINT('Ctrl Pts',(-6.97782158008593,-37.0054910400228,-125.122436582819));
#4569=CARTESIAN_POINT('Ctrl Pts',(-6.97782186309662,-37.1126854439862,-125.1373713016));
#4570=CARTESIAN_POINT('Ctrl Pts',(-6.96693959830014,-37.3554910962175,-125.200453298076));
#4571=CARTESIAN_POINT('Ctrl Pts',(-6.95605705049296,-37.4911023444854,-125.24860057577));
#4572=CARTESIAN_POINT('Ctrl Pts',(-6.89076074481137,-37.9441232718123,-125.427290822003));
#4573=CARTESIAN_POINT('Ctrl Pts',(-6.629573484408,-39.0349138565587,-125.921664967083));
#4574=CARTESIAN_POINT('Ctrl Pts',(-4.88831149720532,-41.9191184575862,-126.807773130045));
#4575=CARTESIAN_POINT('Ctrl Pts',(-2.,-43.2780509491461,-127.13060899655));
#4576=CARTESIAN_POINT('Ctrl Pts',(-1.38777878078145E-16,-43.2780509491461,
-127.13060899655));
#4577=CARTESIAN_POINT('Ctrl Pts',(2.,-43.2780509491461,-127.13060899655));
#4578=CARTESIAN_POINT('Ctrl Pts',(4.88831149720532,-41.9191184575862,-126.807773130045));
#4579=CARTESIAN_POINT('Ctrl Pts',(6.62957348440799,-39.0349138565586,-125.921664967083));
#4580=CARTESIAN_POINT('Ctrl Pts',(6.89076074481137,-37.9441232718123,-125.427290822003));
#4581=CARTESIAN_POINT('Ctrl Pts',(6.95605705049296,-37.4911023444854,-125.248600575769));
#4582=CARTESIAN_POINT('Ctrl Pts',(6.96693959830014,-37.3554910962175,-125.200453298076));
#4583=CARTESIAN_POINT('Ctrl Pts',(6.97782186309662,-37.1126854439862,-125.1373713016));
#4584=CARTESIAN_POINT('Ctrl Pts',(6.97782158008593,-37.0054910400228,-125.122436582818));
#4585=CARTESIAN_POINT('Ctrl Pts',(6.97782135367737,-36.9113177528562,-125.12929828523));
#4586=CARTESIAN_POINT('Ctrl Pts',(-6.97779871282158,-35.5253110491272,-123.818984794948));
#4587=CARTESIAN_POINT('Ctrl Pts',(-6.97780007127292,-35.6231319471652,-123.791943660186));
#4588=CARTESIAN_POINT('Ctrl Pts',(-6.97780176933711,-35.7243902508406,-123.779742399395));
#4589=CARTESIAN_POINT('Ctrl Pts',(-6.9669226176583,-35.9390939057833,-123.77618899958));
#4590=CARTESIAN_POINT('Ctrl Pts',(-6.9560417679153,-36.0525392570505,-123.784836860557));
#4591=CARTESIAN_POINT('Ctrl Pts',(-6.89075055642627,-36.4191242367154,-123.828808186886));
#4592=CARTESIAN_POINT('Ctrl Pts',(-6.629573484408,-37.2572898994974,-123.988861813138));
#4593=CARTESIAN_POINT('Ctrl Pts',(-4.88831149720532,-39.4979453670779,-124.086335154644));
#4594=CARTESIAN_POINT('Ctrl Pts',(-2.,-40.5530615227639,-124.067676512873));
#4595=CARTESIAN_POINT('Ctrl Pts',(0.,-40.5530615227639,-124.067676512873));
#4596=CARTESIAN_POINT('Ctrl Pts',(2.,-40.5530615227639,-124.067676512873));
#4597=CARTESIAN_POINT('Ctrl Pts',(4.88831149720532,-39.4979453670779,-124.086335154644));
#4598=CARTESIAN_POINT('Ctrl Pts',(6.629573484408,-37.2572898994974,-123.988861813138));
#4599=CARTESIAN_POINT('Ctrl Pts',(6.89075055642627,-36.4191242367154,-123.828808186886));
#4600=CARTESIAN_POINT('Ctrl Pts',(6.9560417679153,-36.0525392570505,-123.784836860557));
#4601=CARTESIAN_POINT('Ctrl Pts',(6.9669226176583,-35.9390939057833,-123.77618899958));
#4602=CARTESIAN_POINT('Ctrl Pts',(6.97780176933711,-35.7243902508406,-123.779742399395));
#4603=CARTESIAN_POINT('Ctrl Pts',(6.97780007127292,-35.6231319471652,-123.791943660187));
#4604=CARTESIAN_POINT('Ctrl Pts',(6.97779871282157,-35.5253110491272,-123.818984794948));
#4605=CARTESIAN_POINT('Ctrl Pts',(-6.97738641308462,-34.5146452130401,-123.057182000908));
#4606=CARTESIAN_POINT('Ctrl Pts',(-6.97737199183336,-34.61725191744,-122.995346932412));
#4607=CARTESIAN_POINT('Ctrl Pts',(-6.97736391652379,-34.7110068268725,-122.940535119206));
#4608=CARTESIAN_POINT('Ctrl Pts',(-6.96647371223994,-34.8898838072265,-122.83875135774));
#4609=CARTESIAN_POINT('Ctrl Pts',(-6.95559158326567,-34.9750058781481,-122.791779409479));
#4610=CARTESIAN_POINT('Ctrl Pts',(-6.89030399752366,-35.2310289602823,-122.653313393659));
#4611=CARTESIAN_POINT('Ctrl Pts',(-6.62916403076295,-35.7457026020283,-122.38618067787));
#4612=CARTESIAN_POINT('Ctrl Pts',(-4.88790204356029,-37.1608744777592,-121.617557325981));
#4613=CARTESIAN_POINT('Ctrl Pts',(-1.99959054635497,-37.8350438234833,-121.216713334299));
#4614=CARTESIAN_POINT('Ctrl Pts',(0.,-37.8350438234833,-121.216713334299));
#4615=CARTESIAN_POINT('Ctrl Pts',(1.99959054635497,-37.8350438234833,-121.216713334299));
#4616=CARTESIAN_POINT('Ctrl Pts',(4.88790204356029,-37.1608744777592,-121.617557325981));
#4617=CARTESIAN_POINT('Ctrl Pts',(6.62916403076295,-35.7457026020283,-122.38618067787));
#4618=CARTESIAN_POINT('Ctrl Pts',(6.89030399752366,-35.2310289602823,-122.653313393659));
#4619=CARTESIAN_POINT('Ctrl Pts',(6.95559158326567,-34.9750058781481,-122.791779409479));
#4620=CARTESIAN_POINT('Ctrl Pts',(6.96647371223994,-34.8898838072265,-122.83875135774));
#4621=CARTESIAN_POINT('Ctrl Pts',(6.97736391652379,-34.7110068268725,-122.940535119206));
#4622=CARTESIAN_POINT('Ctrl Pts',(6.97737199183336,-34.61725191744,-122.995346932412));
#4623=CARTESIAN_POINT('Ctrl Pts',(6.97738641308462,-34.5146452130401,-123.057182000908));
#4624=CARTESIAN_POINT('Ctrl Pts',(-7.05480436032291,-33.0682889649547,-121.82590477171));
#4625=CARTESIAN_POINT('Ctrl Pts',(-7.05062085448662,-33.1427537748151,-121.738738644162));
#4626=CARTESIAN_POINT('Ctrl Pts',(-7.04753478730661,-33.2073622555431,-121.662296999705));
#4627=CARTESIAN_POINT('Ctrl Pts',(-7.03117403633889,-33.3249378002574,-121.522495640928));
#4628=CARTESIAN_POINT('Ctrl Pts',(-7.01789935255118,-33.3779048642436,-121.459135926607));
#4629=CARTESIAN_POINT('Ctrl Pts',(-6.94421713539608,-33.531450793374,-121.276129124769));
#4630=CARTESIAN_POINT('Ctrl Pts',(-6.66142003791803,-33.8171216003219,-120.938404885597));
#4631=CARTESIAN_POINT('Ctrl Pts',(-4.76991859106606,-34.6704088467156,-120.014955813113));
#4632=CARTESIAN_POINT('Ctrl Pts',(-2.1017226375334,-35.8431134167405,-119.595634648076));
#4633=CARTESIAN_POINT('Ctrl Pts',(0.,-35.8431134167406,-119.595634648076));
#4634=CARTESIAN_POINT('Ctrl Pts',(2.1017226375334,-35.8431134167406,-119.595634648076));
#4635=CARTESIAN_POINT('Ctrl Pts',(4.76991859106606,-34.6704088467156,-120.014955813113));
#4636=CARTESIAN_POINT('Ctrl Pts',(6.66142003791803,-33.8171216003219,-120.938404885597));
#4637=CARTESIAN_POINT('Ctrl Pts',(6.94421713539608,-33.531450793374,-121.276129124769));
#4638=CARTESIAN_POINT('Ctrl Pts',(7.01789935255118,-33.3779048642436,-121.459135926607));
#4639=CARTESIAN_POINT('Ctrl Pts',(7.03117403633889,-33.3249378002574,-121.522495640928));
#4640=CARTESIAN_POINT('Ctrl Pts',(7.04753478730661,-33.2073622555431,-121.662296999705));
#4641=CARTESIAN_POINT('Ctrl Pts',(7.05062085448662,-33.1427537748151,-121.738738644162));
#4642=CARTESIAN_POINT('Ctrl Pts',(7.05480436032291,-33.0682889649547,-121.825904771711));
#4643=CARTESIAN_POINT('Ctrl Pts',(-6.59426261997075,-31.6557737796485,-121.24604142409));
#4644=CARTESIAN_POINT('Ctrl Pts',(-6.5946734030625,-31.7119404689556,-121.170716467752));
#4645=CARTESIAN_POINT('Ctrl Pts',(-6.59514354255851,-31.7633155547228,-121.101817514653));
#4646=CARTESIAN_POINT('Ctrl Pts',(-6.58583702534299,-31.8610174909039,-120.970789779748));
#4647=CARTESIAN_POINT('Ctrl Pts',(-6.57606036863146,-31.9073443413178,-120.908660997943));
#4648=CARTESIAN_POINT('Ctrl Pts',(-6.51581194066139,-32.0455549971194,-120.723307156686));
#4649=CARTESIAN_POINT('Ctrl Pts',(-6.2716412533794,-32.3188967269628,-120.356729490815));
#4650=CARTESIAN_POINT('Ctrl Pts',(-4.62439041023457,-33.0311666714997,-119.401506686424));
#4651=CARTESIAN_POINT('Ctrl Pts',(-1.89201952980221,-33.4167778236397,-118.884364879478));
#4652=CARTESIAN_POINT('Ctrl Pts',(5.55111512312578E-16,-33.4167778236396,
-118.884364879478));
#4653=CARTESIAN_POINT('Ctrl Pts',(1.89201952980221,-33.4167778236396,-118.884364879478));
#4654=CARTESIAN_POINT('Ctrl Pts',(4.62439041023458,-33.0311666714997,-119.401506686424));
#4655=CARTESIAN_POINT('Ctrl Pts',(6.2716412533794,-32.3188967269628,-120.356729490815));
#4656=CARTESIAN_POINT('Ctrl Pts',(6.51581194066139,-32.0455549971194,-120.723307156686));
#4657=CARTESIAN_POINT('Ctrl Pts',(6.57606036863146,-31.9073443413177,-120.908660997943));
#4658=CARTESIAN_POINT('Ctrl Pts',(6.58583702534299,-31.8610174909039,-120.970789779748));
#4659=CARTESIAN_POINT('Ctrl Pts',(6.59514354255851,-31.7633155547228,-121.101817514653));
#4660=CARTESIAN_POINT('Ctrl Pts',(6.59467340306249,-31.7119404689556,-121.170716467752));
#4661=CARTESIAN_POINT('Ctrl Pts',(6.59426261997074,-31.6557737796485,-121.24604142409));
#4662=CARTESIAN_POINT('Ctrl Pts',(-8.09015649865798,-30.3506588107266,-119.9620075629));
#4663=CARTESIAN_POINT('Ctrl Pts',(-8.0904607008319,-30.4131184079093,-119.86869361671));
#4664=CARTESIAN_POINT('Ctrl Pts',(-8.09094760636631,-30.469014351487,-119.78533802177));
#4665=CARTESIAN_POINT('Ctrl Pts',(-8.07957601500308,-30.5733852438327,-119.630052204645));
#4666=CARTESIAN_POINT('Ctrl Pts',(-8.06771751810545,-30.6218601926006,-119.558121982459));
#4667=CARTESIAN_POINT('Ctrl Pts',(-7.994557710035,-30.76471301529,-119.346732380415));
#4668=CARTESIAN_POINT('Ctrl Pts',(-7.69790082438384,-31.0401305662111,-118.941557434376));
#4669=CARTESIAN_POINT('Ctrl Pts',(-5.68913778490055,-31.7900980894703,-117.844807363121));
#4670=CARTESIAN_POINT('Ctrl Pts',(-2.33654351804,-32.222992389098,-117.228452832242));
#4671=CARTESIAN_POINT('Ctrl Pts',(-2.77555756156289E-16,-32.2328425608569,
-117.234352168415));
#4672=CARTESIAN_POINT('Ctrl Pts',(2.33654351804,-32.222992389098,-117.228452832242));
#4673=CARTESIAN_POINT('Ctrl Pts',(5.68913778490055,-31.7900980894703,-117.844807363121));
#4674=CARTESIAN_POINT('Ctrl Pts',(7.69790082438384,-31.0401305662111,-118.941557434376));
#4675=CARTESIAN_POINT('Ctrl Pts',(7.994557710035,-30.76471301529,-119.346732380415));
#4676=CARTESIAN_POINT('Ctrl Pts',(8.06771751810545,-30.6218601926006,-119.558121982459));
#4677=CARTESIAN_POINT('Ctrl Pts',(8.07957601500308,-30.5733852438327,-119.630052204645));
#4678=CARTESIAN_POINT('Ctrl Pts',(8.09094760636631,-30.469014351487,-119.78533802177));
#4679=CARTESIAN_POINT('Ctrl Pts',(8.0904607008319,-30.4131184079093,-119.868693616709));
#4680=CARTESIAN_POINT('Ctrl Pts',(8.09015649865797,-30.3506588107265,-119.962007562899));
#4681=CARTESIAN_POINT('Ctrl Pts',(-7.09481032471742,-28.2611840850151,-118.789700619546));
#4682=CARTESIAN_POINT('Ctrl Pts',(-7.09499583554975,-28.3165134282469,-118.703172906709));
#4683=CARTESIAN_POINT('Ctrl Pts',(-7.09538627142844,-28.3655498849879,-118.626600126535));
#4684=CARTESIAN_POINT('Ctrl Pts',(-7.08543249580094,-28.4563603719349,-118.485152422243));
#4685=CARTESIAN_POINT('Ctrl Pts',(-7.07508828429475,-28.498134402141,-118.420277498123));
#4686=CARTESIAN_POINT('Ctrl Pts',(-7.01123693248246,-28.6205478726266,-118.230881495936));
#4687=CARTESIAN_POINT('Ctrl Pts',(-6.75225935968299,-28.8537403330676,-117.873004572242));
#4688=CARTESIAN_POINT('Ctrl Pts',(-4.99558587715338,-29.5036228179464,-116.888397879721));
#4689=CARTESIAN_POINT('Ctrl Pts',(-2.05530807620038,-29.8917536016754,-116.327529829083));
#4690=CARTESIAN_POINT('Ctrl Pts',(1.11022302462516E-15,-29.9064681817243,
-116.336470093537));
#4691=CARTESIAN_POINT('Ctrl Pts',(2.05530807620038,-29.8917536016754,-116.327529829083));
#4692=CARTESIAN_POINT('Ctrl Pts',(4.99558587715339,-29.5036228179464,-116.888397879721));
#4693=CARTESIAN_POINT('Ctrl Pts',(6.75225935968299,-28.8537403330676,-117.873004572242));
#4694=CARTESIAN_POINT('Ctrl Pts',(7.01123693248246,-28.6205478726266,-118.230881495936));
#4695=CARTESIAN_POINT('Ctrl Pts',(7.07508828429475,-28.498134402141,-118.420277498123));
#4696=CARTESIAN_POINT('Ctrl Pts',(7.08543249580094,-28.4563603719349,-118.485152422242));
#4697=CARTESIAN_POINT('Ctrl Pts',(7.09538627142844,-28.3655498849879,-118.626600126535));
#4698=CARTESIAN_POINT('Ctrl Pts',(7.09499583554975,-28.3165134282469,-118.703172906709));
#4699=CARTESIAN_POINT('Ctrl Pts',(7.09481032471742,-28.2611840850151,-118.789700619546));
#4700=CARTESIAN_POINT('Ctrl Pts',(-7.63730698608946,-26.4710398683111,-117.271421848741));
#4701=CARTESIAN_POINT('Ctrl Pts',(-7.63740465984332,-26.5313197828783,-117.172400131447));
#4702=CARTESIAN_POINT('Ctrl Pts',(-7.6377790455472,-26.5841426065231,-117.08562247164));
#4703=CARTESIAN_POINT('Ctrl Pts',(-7.62708770351281,-26.6809900568381,-116.926745197058));
#4704=CARTESIAN_POINT('Ctrl Pts',(-7.61602197577454,-26.7250146835083,-116.854645582284));
#4705=CARTESIAN_POINT('Ctrl Pts',(-7.54767431638325,-26.8530652453622,-116.645648700603));
#4706=CARTESIAN_POINT('Ctrl Pts',(-7.27037709289476,-27.0930730964432,-116.25686278781));
#4707=CARTESIAN_POINT('Ctrl Pts',(-5.38559328968732,-27.779578910654,-115.166321323011));
#4708=CARTESIAN_POINT('Ctrl Pts',(-2.22029072860361,-28.2026985191052,-114.533681011544));
#4709=CARTESIAN_POINT('Ctrl Pts',(-8.32667268468867E-16,-28.2223048899598,
-114.545619688046));
#4710=CARTESIAN_POINT('Ctrl Pts',(2.22029072860362,-28.2026985191052,-114.533681011544));
#4711=CARTESIAN_POINT('Ctrl Pts',(5.38559328968732,-27.7795789106541,-115.166321323011));
#4712=CARTESIAN_POINT('Ctrl Pts',(7.27037709289475,-27.0930730964431,-116.25686278781));
#4713=CARTESIAN_POINT('Ctrl Pts',(7.54767431638325,-26.8530652453622,-116.645648700603));
#4714=CARTESIAN_POINT('Ctrl Pts',(7.61602197577454,-26.7250146835083,-116.854645582284));
#4715=CARTESIAN_POINT('Ctrl Pts',(7.62708770351281,-26.6809900568381,-116.926745197058));
#4716=CARTESIAN_POINT('Ctrl Pts',(7.6377790455472,-26.5841426065231,-117.08562247164));
#4717=CARTESIAN_POINT('Ctrl Pts',(7.63740465984333,-26.5313197828783,-117.172400131447));
#4718=CARTESIAN_POINT('Ctrl Pts',(7.63730698608946,-26.4710398683111,-117.271421848741));
#4719=CARTESIAN_POINT('Ctrl Pts',(-7.08666011297194,-21.4177793052903,-114.790571521172));
#4720=CARTESIAN_POINT('Ctrl Pts',(-7.07458995026939,-21.455832749639,-114.705188823033));
#4721=CARTESIAN_POINT('Ctrl Pts',(-7.05892285965354,-21.4912829067091,-114.622884649214));
#4722=CARTESIAN_POINT('Ctrl Pts',(-7.01409896691036,-21.558707004685,-114.462799395376));
#4723=CARTESIAN_POINT('Ctrl Pts',(-6.98494216478302,-21.5906809455908,-114.385018315357));
#4724=CARTESIAN_POINT('Ctrl Pts',(-6.86779340760646,-21.6839839816516,-114.15600878374));
#4725=CARTESIAN_POINT('Ctrl Pts',(-6.5147824900751,-21.8601149071462,-113.715324554261));
#4726=CARTESIAN_POINT('Ctrl Pts',(-4.95511260387158,-22.20511222009,-112.969487716803));
#4727=CARTESIAN_POINT('Ctrl Pts',(-2.29169337306579,-22.5454690939415,-112.439521551343));
#4728=CARTESIAN_POINT('Ctrl Pts',(0.,-22.6409918086211,-112.33642517373));
#4729=CARTESIAN_POINT('Ctrl Pts',(2.29169337306579,-22.5454690939415,-112.439521551343));
#4730=CARTESIAN_POINT('Ctrl Pts',(4.95511260387159,-22.20511222009,-112.969487716803));
#4731=CARTESIAN_POINT('Ctrl Pts',(6.51478249007509,-21.8601149071462,-113.715324554261));
#4732=CARTESIAN_POINT('Ctrl Pts',(6.86779340760646,-21.6839839816516,-114.15600878374));
#4733=CARTESIAN_POINT('Ctrl Pts',(6.98494216478302,-21.5906809455908,-114.385018315357));
#4734=CARTESIAN_POINT('Ctrl Pts',(7.01409896691036,-21.558707004685,-114.462799395376));
#4735=CARTESIAN_POINT('Ctrl Pts',(7.05892285965354,-21.4912829067091,-114.622884649214));
#4736=CARTESIAN_POINT('Ctrl Pts',(7.07458995026939,-21.455832749639,-114.705188823033));
#4737=CARTESIAN_POINT('Ctrl Pts',(7.08666011297194,-21.4177793052903,-114.790571521172));
#4738=CARTESIAN_POINT('Ctrl Pts',(-6.96154940363101,-17.9203799743691,-112.946570052215));
#4739=CARTESIAN_POINT('Ctrl Pts',(-6.95784968265639,-17.9314307985768,-112.829340308338));
#4740=CARTESIAN_POINT('Ctrl Pts',(-6.95344100836881,-17.9320874938161,-112.709188160883));
#4741=CARTESIAN_POINT('Ctrl Pts',(-6.93398376486566,-17.921916656643,-112.467533816932));
#4742=CARTESIAN_POINT('Ctrl Pts',(-6.91893519565009,-17.9110891242304,-112.346031620436));
#4743=CARTESIAN_POINT('Ctrl Pts',(-6.84399666315818,-17.875336230942,-111.986242094557));
#4744=CARTESIAN_POINT('Ctrl Pts',(-6.57494829879368,-17.7907492601621,-111.285531297239));
#4745=CARTESIAN_POINT('Ctrl Pts',(-4.97735856315605,-18.1426068715945,-110.481706727422));
#4746=CARTESIAN_POINT('Ctrl Pts',(-2.25880886945063,-18.5113365613466,-109.904679436646));
#4747=CARTESIAN_POINT('Ctrl Pts',(0.,-18.6075589293864,-109.810847222706));
#4748=CARTESIAN_POINT('Ctrl Pts',(2.25880886945063,-18.5113365613466,-109.904679436646));
#4749=CARTESIAN_POINT('Ctrl Pts',(4.97735856315605,-18.1426068715945,-110.481706727422));
#4750=CARTESIAN_POINT('Ctrl Pts',(6.57494829879369,-17.790749260162,-111.285531297239));
#4751=CARTESIAN_POINT('Ctrl Pts',(6.84399666315818,-17.875336230942,-111.986242094557));
#4752=CARTESIAN_POINT('Ctrl Pts',(6.91893519565008,-17.9110891242304,-112.346031620436));
#4753=CARTESIAN_POINT('Ctrl Pts',(6.93398376486566,-17.921916656643,-112.467533816932));
#4754=CARTESIAN_POINT('Ctrl Pts',(6.95344100836881,-17.9320874938161,-112.709188160883));
#4755=CARTESIAN_POINT('Ctrl Pts',(6.95784968265639,-17.9314307985767,-112.829340308338));
#4756=CARTESIAN_POINT('Ctrl Pts',(6.96154940363101,-17.9203799743691,-112.946570052215));
#4757=CARTESIAN_POINT('Ctrl Pts',(-6.86184522752277,-16.350011600096,-112.172810027541));
#4758=CARTESIAN_POINT('Ctrl Pts',(-6.85304352205266,-16.3921439370299,-112.076716938245));
#4759=CARTESIAN_POINT('Ctrl Pts',(-6.84265504922992,-16.43113242985,-111.983966025786));
#4760=CARTESIAN_POINT('Ctrl Pts',(-6.81011125299874,-16.5046475816788,-111.804180357797));
#4761=CARTESIAN_POINT('Ctrl Pts',(-6.78795592959031,-16.5391742406874,-111.717145602267));
#4762=CARTESIAN_POINT('Ctrl Pts',(-6.69094970966583,-16.6388002486208,-111.463163275961));
#4763=CARTESIAN_POINT('Ctrl Pts',(-6.37477627102015,-16.8222363881171,-110.983686384473));
#4764=CARTESIAN_POINT('Ctrl Pts',(-4.72141659313477,-17.1584351704058,-110.268905233089));
#4765=CARTESIAN_POINT('Ctrl Pts',(-1.94144655008878,-17.4934392993391,-109.706380551274));
#4766=CARTESIAN_POINT('Ctrl Pts',(0.,-17.5529980121635,-109.625371744295));
#4767=CARTESIAN_POINT('Ctrl Pts',(1.94144655008878,-17.4934392993391,-109.706380551274));
#4768=CARTESIAN_POINT('Ctrl Pts',(4.72141659313477,-17.1584351704058,-110.268905233089));
#4769=CARTESIAN_POINT('Ctrl Pts',(6.37477627102015,-16.8222363881171,-110.983686384473));
#4770=CARTESIAN_POINT('Ctrl Pts',(6.69094970966583,-16.6388002486208,-111.463163275961));
#4771=CARTESIAN_POINT('Ctrl Pts',(6.78795592959031,-16.5391742406874,-111.717145602267));
#4772=CARTESIAN_POINT('Ctrl Pts',(6.81011125299874,-16.5046475816788,-111.804180357797));
#4773=CARTESIAN_POINT('Ctrl Pts',(6.84265504922991,-16.43113242985,-111.983966025786));
#4774=CARTESIAN_POINT('Ctrl Pts',(6.85304352205266,-16.3921439370299,-112.076716938245));
#4775=CARTESIAN_POINT('Ctrl Pts',(6.86184522752277,-16.3500116000959,-112.172810027541));
#4776=CARTESIAN_POINT('',(0.,-45.3887909278844,-131.620906077776));
#4777=CARTESIAN_POINT('Ctrl Pts',(0.,-45.3887909278844,-131.620906077776));
#4778=CARTESIAN_POINT('Ctrl Pts',(0.666666666666667,-45.3887909278844,-131.620906077776));
#4779=CARTESIAN_POINT('Ctrl Pts',(2.,-45.3887909278844,-131.620906077776));
#4780=CARTESIAN_POINT('Ctrl Pts',(4.88831149720533,-43.794526408936,-130.79743501871));
#4781=CARTESIAN_POINT('Ctrl Pts',(6.629573484408,-40.507071403969,-128.670451826828));
#4782=CARTESIAN_POINT('Ctrl Pts',(6.89076278248839,-39.1466677335543,-127.58721623898));
#4783=CARTESIAN_POINT('Ctrl Pts',(6.95576660844256,-38.6112187938819,-127.166198866206));
#4784=CARTESIAN_POINT('Ctrl Pts',(6.98306937750528,-38.3132951200567,-126.93556065185));
#4785=CARTESIAN_POINT('Ctrl Pts',(6.97830591675457,-38.1334560181443,-126.80500250581));
#4786=CARTESIAN_POINT('Ctrl Pts',(6.97782588184853,-38.0398916412473,-126.741422846442));
#4787=CARTESIAN_POINT('Ctrl Pts',(-9.43001315096878E-16,-18.8889407012141,
-110.163726446269));
#4788=CARTESIAN_POINT('Ctrl Pts',(-9.45632877935148E-16,-19.0910842411852,
-110.261293317792));
#4789=CARTESIAN_POINT('Ctrl Pts',(-4.40989740723751E-15,-19.3034465422208,
-110.36901006985));
#4790=CARTESIAN_POINT('Ctrl Pts',(-3.62496286799668E-15,-19.52377782557,
-110.484049193582));
#4791=CARTESIAN_POINT('Ctrl Pts',(-2.9298635146372E-15,-19.7943168728008,
-110.625302738949));
#4792=CARTESIAN_POINT('Ctrl Pts',(-2.35083406122291E-15,-20.0768699972778,
-110.777594747037));
#4793=CARTESIAN_POINT('Ctrl Pts',(-2.34621011917754E-15,-20.3672125672749,
-110.935632875445));
#4794=CARTESIAN_POINT('Ctrl Pts',(-1.91410994280606E-15,-20.6926816631282,
-111.112790936571));
#4795=CARTESIAN_POINT('Ctrl Pts',(-2.32888180452834E-15,-21.0279346655857,
-111.297163480634));
#4796=CARTESIAN_POINT('Ctrl Pts',(-2.31011752699237E-15,-21.366993020244,
-111.481290917146));
#4797=CARTESIAN_POINT('Ctrl Pts',(-1.86649729539793E-15,-21.611756164005,
-111.614210839614));
#4798=CARTESIAN_POINT('Ctrl Pts',(-1.95510219422663E-15,-21.8585014546635,
-111.747002524457));
#4799=CARTESIAN_POINT('Ctrl Pts',(-9.26184429687454E-16,-22.1049947740362,
-111.876889435476));
#4800=CARTESIAN_POINT('Ctrl Pts',(-2.22976739953332E-16,-22.2486177693065,
-111.95256997422));
#4801=CARTESIAN_POINT('Ctrl Pts',(-2.23449245725031E-15,-22.3921555778248,
-112.027264969489));
#4802=CARTESIAN_POINT('Ctrl Pts',(-2.22044604925032E-15,-22.5351708010192,
-112.100432380919));
#4803=CARTESIAN_POINT('Ctrl Pts',(-1.82511034566018E-15,-22.714477002297,
-112.192166465638));
#4804=CARTESIAN_POINT('Ctrl Pts',(-2.06482334945676E-15,-22.8914733653444,
-112.280743374938));
#4805=CARTESIAN_POINT('Ctrl Pts',(-2.04126243704136E-15,-23.065956966947,
-112.366536068091));
#4806=CARTESIAN_POINT('Ctrl Pts',(-4.76780072854544E-15,-23.2501823781524,
-112.457118759126));
#4807=CARTESIAN_POINT('Ctrl Pts',(-2.72414812330059E-15,-23.4316071480711,
-112.54459764469));
#4808=CARTESIAN_POINT('Ctrl Pts',(-3.70208149534898E-15,-23.6100326200278,
-112.629368491477));
#4809=CARTESIAN_POINT('Ctrl Pts',(-6.68892240666878E-15,-23.8096318778832,
-112.724199111347));
#4810=CARTESIAN_POINT('Ctrl Pts',(-1.90532423785647E-15,-24.0054783551484,
-112.815641256604));
#4811=CARTESIAN_POINT('Ctrl Pts',(-1.87522799660743E-15,-24.1973341546701,
-112.904192335582));
#4812=CARTESIAN_POINT('Ctrl Pts',(-5.57260551595623E-16,-24.3988743176974,
-112.997213234288));
#4813=CARTESIAN_POINT('Ctrl Pts',(-5.26702296095382E-16,-24.5960122727628,
-113.087043584948));
#4814=CARTESIAN_POINT('Ctrl Pts',(-1.49774061452252E-15,-24.7884965319471,
-113.174200171464));
#4815=CARTESIAN_POINT('Ctrl Pts',(-1.46527776533436E-15,-24.985943797477,
-113.263603999877));
#4816=CARTESIAN_POINT('Ctrl Pts',(-3.65079219322764E-16,-25.1784961855015,
-113.350193856246));
#4817=CARTESIAN_POINT('Ctrl Pts',(-3.34507644080835E-16,-25.3658804783078,
-113.434472699038));
#4818=CARTESIAN_POINT('Ctrl Pts',(-1.37283785064922E-15,-25.5470783294152,
-113.515969098651));
#4819=CARTESIAN_POINT('Ctrl Pts',(-1.62338711376043E-15,-25.723445219166,
-113.595303672544));
#4820=CARTESIAN_POINT('Ctrl Pts',(-1.59440402407777E-15,-25.8947073958557,
-113.672891994946));
#4821=CARTESIAN_POINT('Ctrl Pts',(-1.29018991272536E-15,-26.054905130683,
-113.74546770161));
#4822=CARTESIAN_POINT('Ctrl Pts',(-1.26653543596309E-15,-26.2106372175994,
-113.816514761722));
#4823=CARTESIAN_POINT('Ctrl Pts',(-2.23394085323533E-15,-26.3616402663367,
-113.886349993197));
#4824=CARTESIAN_POINT('Ctrl Pts',(-2.68719820456293E-15,-26.4039685226545,
-113.905925780591));
#4825=CARTESIAN_POINT('Ctrl Pts',(-1.59414652381412E-16,-26.4459249025841,
-113.92540623366));
#4826=CARTESIAN_POINT('Ctrl Pts',(-1.52874904744646E-16,-26.4875028774308,
-113.944798084575));
#4827=CARTESIAN_POINT('Ctrl Pts',(-2.26485239773701E-16,-26.5150247356076,
-113.957634202078));
#4828=CARTESIAN_POINT('Ctrl Pts',(-1.44261539797195E-16,-26.5423783470655,
-113.970430332484));
#4829=CARTESIAN_POINT('Ctrl Pts',(-1.40019498547246E-16,-26.5695872630389,
-113.983200446453));
#4830=CARTESIAN_POINT('Ctrl Pts',(-1.9204466235901E-16,-26.7532443552349,
-114.069397265198));
#4831=CARTESIAN_POINT('Ctrl Pts',(8.1204683629701E-16,-26.9300289695583,
-114.154276904211));
#4832=CARTESIAN_POINT('Ctrl Pts',(8.33789361368162E-16,-27.0984496200682,
-114.238084640221));
#4833=CARTESIAN_POINT('Ctrl Pts',(8.58344905090321E-16,-27.2613264457774,
-114.319133715675));
#4834=CARTESIAN_POINT('Ctrl Pts',(8.73183116850559E-16,-27.4163794526413,
-114.399180979497));
#4835=CARTESIAN_POINT('Ctrl Pts',(8.88178419700139E-16,-27.5622986595783,
-114.478473525861));
#4836=CARTESIAN_POINT('Ctrl Pts',(8.4210293045627E-16,-27.6311624395201,
-114.515894127155));
#4837=CARTESIAN_POINT('Ctrl Pts',(1.12201437487642E-15,-27.6970797220163,
-114.552648472457));
#4838=CARTESIAN_POINT('Ctrl Pts',(1.12680362992254E-15,-27.7604501686861,
-114.588807387675));
#4839=CARTESIAN_POINT('Ctrl Pts',(8.6521139869023E-16,-27.8276090379702,
-114.627127961195));
#4840=CARTESIAN_POINT('Ctrl Pts',(1.13615552008168E-15,-27.8919074019032,
-114.664779844724));
#4841=CARTESIAN_POINT('Ctrl Pts',(1.13970845069093E-15,-27.9537614017398,
-114.701845249504));
#4842=CARTESIAN_POINT('Ctrl Pts',(8.82822309140235E-16,-28.0181785470602,
-114.74044659416));
#4843=CARTESIAN_POINT('Ctrl Pts',(1.14632417441938E-15,-28.0799442652548,
-114.778411915993));
#4844=CARTESIAN_POINT('Ctrl Pts',(1.14852286896441E-15,-28.1394687680956,
-114.81583086125));
#4845=CARTESIAN_POINT('Ctrl Pts',(8.94741406308777E-16,-28.201711882309,
-114.854958809779));
#4846=CARTESIAN_POINT('Ctrl Pts',(1.15233725515756E-15,-28.2615040717541,
-114.893489424746));
#4847=CARTESIAN_POINT('Ctrl Pts',(1.15312687897246E-15,-28.3192548782723,
-114.931520502116));
#4848=CARTESIAN_POINT('Ctrl Pts',(9.01000818077773E-16,-28.380009459529,
-114.971529678085));
#4849=CARTESIAN_POINT('Ctrl Pts',(1.15398519941317E-15,-28.4385044185127,
-115.01098613008));
#4850=CARTESIAN_POINT('Ctrl Pts',(1.15325637535892E-15,-28.4951574309813,
-115.049996885028));
#4851=CARTESIAN_POINT('Ctrl Pts',(9.01464153391725E-16,-28.5553362201046,
-115.091435458076));
#4852=CARTESIAN_POINT('Ctrl Pts',(1.15085455001346E-15,-28.6134362069261,
-115.132371335139));
#4853=CARTESIAN_POINT('Ctrl Pts',(1.14840519651461E-15,-28.6698992529039,
-115.172922622413));
#4854=CARTESIAN_POINT('Ctrl Pts',(8.95583445897396E-16,-28.7341656635131,
-115.219078220885));
#4855=CARTESIAN_POINT('Ctrl Pts',(1.14176542150975E-15,-28.7963111288826,
-115.264736173325));
#4856=CARTESIAN_POINT('Ctrl Pts',(1.13686101478933E-15,-28.8569181288888,
-115.310051223099));
#4857=CARTESIAN_POINT('Ctrl Pts',(8.81632968879106E-16,-28.9242490290337,
-115.360393643794));
#4858=CARTESIAN_POINT('Ctrl Pts',(1.12466546691353E-15,-28.989679305996,
-115.410313857239));
#4859=CARTESIAN_POINT('Ctrl Pts',(1.11658706542629E-15,-29.0539445766654,
-115.459988482123));
#4860=CARTESIAN_POINT('Ctrl Pts',(8.58802416275676E-16,-29.1176270278286,
-115.509212609559));
#4861=CARTESIAN_POINT('Ctrl Pts',(1.09926903687664E-15,-29.1801619900256,
-115.558196078082));
#4862=CARTESIAN_POINT('Ctrl Pts',(1.08857217482494E-15,-29.2422499406436,
-115.6070670869));
#4863=CARTESIAN_POINT('Ctrl Pts',(8.30042503213468E-16,-29.2962713478633,
-115.649588713758));
#4864=CARTESIAN_POINT('Ctrl Pts',(1.06890941764662E-15,-29.3499525093478,
-115.692024823187));
#4865=CARTESIAN_POINT('Ctrl Pts',(1.05743098366118E-15,-29.4037779883926,
-115.734427620767));
#4866=CARTESIAN_POINT('Ctrl Pts',(7.99671242214047E-16,-29.4515539155031,
-115.772064684151));
#4867=CARTESIAN_POINT('Ctrl Pts',(1.03616929616322E-15,-29.4994427757982,
-115.809675278271));
#4868=CARTESIAN_POINT('Ctrl Pts',(1.0241460819329E-15,-29.5478187050606,
-115.847272377083));
#4869=CARTESIAN_POINT('Ctrl Pts',(7.68722766800482E-16,-29.5915562998626,
-115.881264626919));
#4870=CARTESIAN_POINT('Ctrl Pts',(1.00162857448066E-15,-29.635691664414,
-115.91524571274));
#4871=CARTESIAN_POINT('Ctrl Pts',(9.89149477800014E-16,-29.6805391693922,
-115.949207027025));
#4872=CARTESIAN_POINT('Ctrl Pts',(7.37379619080567E-16,-29.7230963746295,
-115.981433984195));
#4873=CARTESIAN_POINT('Ctrl Pts',(9.64716551574144E-16,-29.7662943444619,
-116.013643145921));
#4874=CARTESIAN_POINT('Ctrl Pts',(9.51324036381523E-16,-29.8104439556549,
-116.045810548983));
#4875=CARTESIAN_POINT('Ctrl Pts',(7.05466347533685E-16,-29.8516835467466,
-116.075857711641));
#4876=CARTESIAN_POINT('Ctrl Pts',(9.25605149168686E-16,-29.8937532199584,
-116.105868399354));
#4877=CARTESIAN_POINT('Ctrl Pts',(9.11651454221485E-16,-29.9369490727399,
-116.135808500117));
#4878=CARTESIAN_POINT('Ctrl Pts',(6.78147239891509E-16,-29.9604787066712,
-116.152117464184));
#4879=CARTESIAN_POINT('Ctrl Pts',(8.96228772617515E-16,-29.9843432782967,
-116.16840522804));
#4880=CARTESIAN_POINT('Ctrl Pts',(8.88178419700051E-16,-30.0085969816854,
-116.184664312297));
#4881=CARTESIAN_POINT('Ctrl Pts',(7.02643142890564E-16,-30.0543951807375,
-116.215366294805));
#4882=CARTESIAN_POINT('Ctrl Pts',(5.8192502890791E-16,-30.1014124924451,
-116.245845839595));
#4883=CARTESIAN_POINT('Ctrl Pts',(5.66510199215922E-16,-30.1493028241509,
-116.275961993626));
#4884=CARTESIAN_POINT('Ctrl Pts',(-2.2039694910475E-15,-30.2010074675755,
-116.308476802984));
#4885=CARTESIAN_POINT('Ctrl Pts',(5.32465842674293E-16,-30.2537292943384,
-116.340568207432));
#4886=CARTESIAN_POINT('Ctrl Pts',(5.14576479575267E-16,-30.3069924346278,
-116.372110999519));
#4887=CARTESIAN_POINT('Ctrl Pts',(5.7669433345395E-16,-30.3680401601695,
-116.408263875666));
#4888=CARTESIAN_POINT('Ctrl Pts',(-2.56861868911834E-15,-30.4297978927095,
-116.443696497828));
#4889=CARTESIAN_POINT('Ctrl Pts',(-2.59373714153142E-15,-30.4915095120755,
-116.478282828125));
#4890=CARTESIAN_POINT('Ctrl Pts',(5.02883312425717E-16,-30.5601828653787,
-116.516770868211));
#4891=CARTESIAN_POINT('Ctrl Pts',(-2.65025250857996E-15,-30.6287957603091,
-116.554213403978));
#4892=CARTESIAN_POINT('Ctrl Pts',(-2.67849834615092E-15,-30.696296907814,
-116.590485344198));
#4893=CARTESIAN_POINT('Ctrl Pts',(4.41603145045405E-16,-30.7258286598474,
-116.606354318044));
#4894=CARTESIAN_POINT('Ctrl Pts',(3.5984371683379E-16,-30.7551478370516,
-116.621999564348));
#4895=CARTESIAN_POINT('Ctrl Pts',(3.49747106593297E-16,-30.7841686839219,
-116.63741093073));
#4896=CARTESIAN_POINT('Ctrl Pts',(4.15612012974473E-16,-30.7977911218628,
-116.644645053947));
#4897=CARTESIAN_POINT('Ctrl Pts',(3.40296354052158E-16,-30.8113478566477,
-116.651827636992));
#4898=CARTESIAN_POINT('Ctrl Pts',(3.35617792750415E-16,-30.8248302047395,
-116.658957564854));
#4899=CARTESIAN_POINT('Ctrl Pts',(4.01920611737548E-16,-30.836140009288,
-116.664938577213));
#4900=CARTESIAN_POINT('Ctrl Pts',(3.27791570713351E-16,-30.8473974707856,
-116.670882536343));
#4901=CARTESIAN_POINT('Ctrl Pts',(3.2391585327492E-16,-30.8585975401198,
-116.676788748972));
#4902=CARTESIAN_POINT('Ctrl Pts',(3.91812360298784E-16,-30.8646798012332,
-116.679996151207));
#4903=CARTESIAN_POINT('Ctrl Pts',(3.19711166013861E-16,-30.870753362383,
-116.683196758501));
#4904=CARTESIAN_POINT('Ctrl Pts',(3.17614989185648E-16,-30.8768215902498,
-116.686392630781));
#4905=CARTESIAN_POINT('Ctrl Pts',(3.80124111828083E-16,-30.8978630873521,
-116.697474274188));
#4906=CARTESIAN_POINT('Ctrl Pts',(3.03127687874567E-16,-30.9188283987527,
-116.708492661624));
#4907=CARTESIAN_POINT('Ctrl Pts',(2.95962014704363E-16,-30.9397278653716,
-116.719464773181));
#4908=CARTESIAN_POINT('Ctrl Pts',(3.38298023775815E-16,-31.018347017405,
-116.760739420153));
#4909=CARTESIAN_POINT('Ctrl Pts',(2.42798359014585E-16,-31.096037385848,
-116.801361473264));
#4910=CARTESIAN_POINT('Ctrl Pts',(2.17544620148172E-16,-31.1733436014129,
-116.842206136433));
#4911=CARTESIAN_POINT('Ctrl Pts',(2.67960463321078E-16,-31.2321988265458,
-116.873302236904));
#4912=CARTESIAN_POINT('Ctrl Pts',(1.79644070308215E-16,-31.2908323422474,
-116.904525290341));
#4913=CARTESIAN_POINT('Ctrl Pts',(1.61660749088217E-16,-31.3494517746745,
-116.936268296656));
#4914=CARTESIAN_POINT('Ctrl Pts',(2.15701579045758E-16,-31.4012486948293,
-116.964316844646));
#4915=CARTESIAN_POINT('Ctrl Pts',(1.30419052860682E-16,-31.4530350608297,
-116.992770695953));
#4916=CARTESIAN_POINT('Ctrl Pts',(1.15753541621955E-16,-31.504917118556,
-117.021921565965));
#4917=CARTESIAN_POINT('Ctrl Pts',(1.72330777933663E-16,-31.5508361414082,
-117.047721997269));
#4918=CARTESIAN_POINT('Ctrl Pts',(9.03308886142576E-17,-31.5968301882279,
-117.074068220699));
#4919=CARTESIAN_POINT('Ctrl Pts',(7.85731539639395E-17,-31.6429392497767,
-117.101184783441));
#4920=CARTESIAN_POINT('Ctrl Pts',(1.35605489802756E-16,-31.6866779066469,
-117.126907320258));
#4921=CARTESIAN_POINT('Ctrl Pts',(5.6882520506264E-17,-31.7305203862929,
-117.153322693381));
#4922=CARTESIAN_POINT('Ctrl Pts',(4.71350828521828E-17,-31.7744653975534,
-117.180647934586));
#4923=CARTESIAN_POINT('Ctrl Pts',(1.02763842461875E-16,-31.8184892906214,
-117.208022224918));
#4924=CARTESIAN_POINT('Ctrl Pts',(2.8396992662034E-17,-31.8626168186535,
-117.236309017952));
#4925=CARTESIAN_POINT('Ctrl Pts',(2.04506998714104E-17,-31.9068019048836,
-117.265760095518));
#4926=CARTESIAN_POINT('Ctrl Pts',(7.40154735333919E-17,-31.9464200556761,
-117.292167133085));
#4927=CARTESIAN_POINT('Ctrl Pts',(7.02652921383094E-18,-31.9860843342107,
-117.319510273139));
#4928=CARTESIAN_POINT('Ctrl Pts',(1.77410434939563E-18,-32.0257230284937,
-117.348000797228));
#4929=CARTESIAN_POINT('Ctrl Pts',(5.72506070581577E-17,-32.0302923320577,
-117.351285008668));
#4930=CARTESIAN_POINT('Ctrl Pts',(5.7714016246446E-19,-32.034861250523,
-117.354584502022));
#4931=CARTESIAN_POINT('Ctrl Pts',(2.36658271566312E-30,-32.0394296377383,
-117.357899629493));
#4932=CARTESIAN_POINT('Ctrl Pts',(5.15563394127471E-17,-32.0811690346838,
-117.388188529038));
#4933=CARTESIAN_POINT('Ctrl Pts',(3.21142139930354E-16,-32.1226260926303,
-117.41961521934));
#4934=CARTESIAN_POINT('Ctrl Pts',(3.17041654088557E-16,-32.1637545187521,
-117.452039654074));
#4935=CARTESIAN_POINT('Ctrl Pts',(4.62652408665952E-17,-32.2063907013652,
-117.485652759432));
#4936=CARTESIAN_POINT('Ctrl Pts',(3.09864954313131E-16,-32.2486738631858,
-117.520337986285));
#4937=CARTESIAN_POINT('Ctrl Pts',(3.0817797141176E-16,-32.2905999399143,
-117.555906683012));
#4938=CARTESIAN_POINT('Ctrl Pts',(-2.87046051142964E-15,-32.334859874044,
-117.593455347163));
#4939=CARTESIAN_POINT('Ctrl Pts',(3.05996733278076E-16,-32.3787221195216,
-117.631988374298));
#4940=CARTESIAN_POINT('Ctrl Pts',(3.06813294154677E-16,-32.4222310201842,
-117.671250411389));
#4941=CARTESIAN_POINT('Ctrl Pts',(-2.83571252439754E-15,-32.4697934170941,
-117.714170286705));
#4942=CARTESIAN_POINT('Ctrl Pts',(3.10052570253247E-16,-32.51693402334,
-117.757960969908));
#4943=CARTESIAN_POINT('Ctrl Pts',(3.13568741106124E-16,-32.5637628368306,
-117.802254114281));
#4944=CARTESIAN_POINT('Ctrl Pts',(8.06828177404201E-17,-32.6234344587935,
-117.858694659525));
#4945=CARTESIAN_POINT('Ctrl Pts',(3.24429195924291E-16,-32.6826007856399,
-117.915950151983));
#4946=CARTESIAN_POINT('Ctrl Pts',(3.32001673533271E-16,-32.741563316787,
-117.973211694547));
#4947=CARTESIAN_POINT('Ctrl Pts',(1.13022723160347E-16,-32.8011953847744,
-118.031123458726));
#4948=CARTESIAN_POINT('Ctrl Pts',(3.48532671306126E-16,-32.8606244929735,
-118.08903749072));
#4949=CARTESIAN_POINT('Ctrl Pts',(3.57829549675446E-16,-32.9201722179177,
-118.146117002171));
#4950=CARTESIAN_POINT('Ctrl Pts',(1.42197381207426E-16,-32.9475491140582,
-118.172359144221));
#4951=CARTESIAN_POINT('Ctrl Pts',(3.66467396594768E-16,-32.9749506998989,
-118.198425263731));
#4952=CARTESIAN_POINT('Ctrl Pts',(3.70844760586075E-16,-33.0024039795729,
-118.224237552221));
#4953=CARTESIAN_POINT('Ctrl Pts',(1.54075926313735E-16,-33.0086131294591,
-118.230075556644));
#4954=CARTESIAN_POINT('Ctrl Pts',(3.72825542379835E-16,-33.0148249066122,
-118.235900590067));
#4955=CARTESIAN_POINT('Ctrl Pts',(3.73816143881623E-16,-33.021039591328,
-118.241711777289));
#4956=CARTESIAN_POINT('Ctrl Pts',(1.57663800001771E-16,-33.0274358056468,
-118.247692708038));
#4957=CARTESIAN_POINT('Ctrl Pts',(3.75856023778098E-16,-33.0338411146781,
-118.253664605427));
#4958=CARTESIAN_POINT('Ctrl Pts',(3.76876918562189E-16,-33.0402600896019,
-118.259630374742));
#4959=CARTESIAN_POINT('Ctrl Pts',(1.64846734170315E-16,-33.0656830986591,
-118.283258416465));
#4960=CARTESIAN_POINT('Ctrl Pts',(3.84969202262192E-16,-33.0913009041303,
-118.306771971347));
#4961=CARTESIAN_POINT('Ctrl Pts',(3.88968040023486E-16,-33.1171499191685,
-118.330120234134));
#4962=CARTESIAN_POINT('Ctrl Pts',(1.84146062384426E-16,-33.1755721841151,
-118.382890461262));
#4963=CARTESIAN_POINT('Ctrl Pts',(4.06786926212684E-16,-33.2351781744269,
-118.43481461219));
#4964=CARTESIAN_POINT('Ctrl Pts',(4.14670774138501E-16,-33.296373096001,
-118.485321635048));
#4965=CARTESIAN_POINT('Ctrl Pts',(2.07474004421305E-16,-33.3482873119992,
-118.52816885875));
#4966=CARTESIAN_POINT('Ctrl Pts',(4.27400675444652E-16,-33.4013455175633,
-118.569995921941));
#4967=CARTESIAN_POINT('Ctrl Pts',(4.32423022773362E-16,-33.4557664798458,
-118.610476267926));
#4968=CARTESIAN_POINT('Ctrl Pts',(2.20028090482607E-16,-33.5101874421283,
-118.650956613911));
#4969=CARTESIAN_POINT('Ctrl Pts',(4.41447334140772E-16,-33.5659721277167,
-118.690089556656));
#4970=CARTESIAN_POINT('Ctrl Pts',(4.44089209850059E-16,-33.6232973135949,
-118.727579981502));
#4971=CARTESIAN_POINT('Ctrl Pts',(1.7447919998773E-16,-33.6664003427837,
-118.755769177083));
#4972=CARTESIAN_POINT('Ctrl Pts',(1.65966851149619E-16,-33.7101161951994,
-118.782869853018));
#4973=CARTESIAN_POINT('Ctrl Pts',(1.64916918821841E-16,-33.7544814230671,
-118.809143329325));
#4974=CARTESIAN_POINT('Ctrl Pts',(1.92964590321875E-16,-33.8019734574242,
-118.837268527806));
#4975=CARTESIAN_POINT('Ctrl Pts',(1.62115019708047E-16,-33.8502098868022,
-118.864445390735));
#4976=CARTESIAN_POINT('Ctrl Pts',(1.59958233337723E-16,-33.8992851282467,
-118.890955230814));
#4977=CARTESIAN_POINT('Ctrl Pts',(-2.4447519425665E-15,-33.9529881726319,
-118.919964952957));
#4978=CARTESIAN_POINT('Ctrl Pts',(1.54664266656801E-16,-34.0076960089121,
-118.948175265705));
#4979=CARTESIAN_POINT('Ctrl Pts',(1.51227465922469E-16,-34.0635854080112,
-118.975917816859));
#4980=CARTESIAN_POINT('Ctrl Pts',(2.12515319370024E-16,-34.1290957802428,
-119.008436056132));
#4981=CARTESIAN_POINT('Ctrl Pts',(1.42479086708342E-16,-34.19622997351,
-119.040310098074));
#4982=CARTESIAN_POINT('Ctrl Pts',(1.37149381629507E-16,-34.2653376211133,
-119.072042099488));
#4983=CARTESIAN_POINT('Ctrl Pts',(2.11093837306215E-16,-34.3354323720978,
-119.104227346918));
#4984=CARTESIAN_POINT('Ctrl Pts',(1.25708761578297E-16,-34.4075600564668,
-119.13626317821));
#4985=CARTESIAN_POINT('Ctrl Pts',(1.19117851770878E-16,-34.482120016687,
-119.168682602158));
#4986=CARTESIAN_POINT('Ctrl Pts',(-2.46188622802754E-15,-34.5332622916063,
-119.190919779959));
#4987=CARTESIAN_POINT('Ctrl Pts',(1.09814208454176E-16,-34.5855497080047,
-119.21333753635));
#4988=CARTESIAN_POINT('Ctrl Pts',(1.04796290700623E-16,-34.6391095517748,
-119.23612348813));
#4989=CARTESIAN_POINT('Ctrl Pts',(1.94122156120053E-16,-34.6490124071292,
-119.240336457563));
#4990=CARTESIAN_POINT('Ctrl Pts',(1.0293596343262E-16,-34.6589240189077,
-119.244547295459));
#4991=CARTESIAN_POINT('Ctrl Pts',(1.01999718144752E-16,-34.6688367545325,
-119.24875380843));
#4992=CARTESIAN_POINT('Ctrl Pts',(1.85721153769346E-16,-34.7570402207329,
-119.286183337341));
#4993=CARTESIAN_POINT('Ctrl Pts',(8.50297963007371E-17,-34.845520172337,
-119.323354376805));
#4994=CARTESIAN_POINT('Ctrl Pts',(7.63320969731445E-17,-34.9341430708093,
-119.36091992796));
#4995=CARTESIAN_POINT('Ctrl Pts',(1.56866511345092E-16,-35.0371798775968,
-119.404595259088));
#4996=CARTESIAN_POINT('Ctrl Pts',(5.60263875036838E-17,-35.1404129380059,
-119.448799311022));
#4997=CARTESIAN_POINT('Ctrl Pts',(4.61237086837278E-17,-35.2436834125163,
-119.494556121212));
#4998=CARTESIAN_POINT('Ctrl Pts',(1.20041094444666E-16,-35.3261878376653,
-119.531111964876));
#4999=CARTESIAN_POINT('Ctrl Pts',(3.04853733346605E-17,-35.4087182534031,
-119.56865765315));
#5000=CARTESIAN_POINT('Ctrl Pts',(2.31411524401426E-17,-35.4911868226586,
-119.607749527321));
#5001=CARTESIAN_POINT('Ctrl Pts',(8.65346486218178E-17,-35.562705429969,
-119.641650884203));
#5002=CARTESIAN_POINT('Ctrl Pts',(1.06905525197466E-17,-35.6341780860229,
-119.676714817712));
#5003=CARTESIAN_POINT('Ctrl Pts',(5.04020910451156E-18,-35.7055276666826,
-119.713340704775));
#5004=CARTESIAN_POINT('Ctrl Pts',(6.20516335554254E-17,-35.7272684806892,
-119.724500918909));
#5005=CARTESIAN_POINT('Ctrl Pts',(1.6369553045924E-18,-35.7489976842381,
-119.735806455022));
#5006=CARTESIAN_POINT('Ctrl Pts',(-1.25724706769598E-30,-35.7707125523476,
-119.74726946768));
#5007=CARTESIAN_POINT('Ctrl Pts',(5.05323389493653E-17,-35.8367584924778,
-119.782134309773));
#5008=CARTESIAN_POINT('Ctrl Pts',(9.17936145304006E-17,-35.9035887628574,
-119.818937729309));
#5009=CARTESIAN_POINT('Ctrl Pts',(8.3214340516439E-17,-35.9714611738753,
-119.857986807276));
#5010=CARTESIAN_POINT('Ctrl Pts',(3.73816780124259E-17,-36.0383186599499,
-119.896451967822));
#5011=CARTESIAN_POINT('Ctrl Pts',(6.69839687896362E-17,-36.106186667532,
-119.93709581406));
#5012=CARTESIAN_POINT('Ctrl Pts',(5.98803788979331E-17,-36.175340079662,
-119.980258104447));
#5013=CARTESIAN_POINT('Ctrl Pts',(2.6749531830411E-17,-36.2374621516356,
-120.01903176474));
#5014=CARTESIAN_POINT('Ctrl Pts',(4.76633099290835E-17,-36.3006214299432,
-120.059838113309));
#5015=CARTESIAN_POINT('Ctrl Pts',(4.23718620762324E-17,-36.365044795699,
-120.102959594805));
#5016=CARTESIAN_POINT('Ctrl Pts',(1.86464598922057E-17,-36.4268809067252,
-120.14434930933));
#5017=CARTESIAN_POINT('Ctrl Pts',(3.27156477337973E-17,-36.4898812843515,
-120.187871890675));
#5018=CARTESIAN_POINT('Ctrl Pts',(2.86318645530205E-17,-36.5542767619873,
-120.233810795427));
#5019=CARTESIAN_POINT('Ctrl Pts',(1.23520192001925E-17,-36.6162130181431,
-120.277995323234));
#5020=CARTESIAN_POINT('Ctrl Pts',(2.12329160949197E-17,-36.6794395519971,
-120.324415095631));
#5021=CARTESIAN_POINT('Ctrl Pts',(1.8201737369369E-17,-36.7441947669761,
-120.373354826226));
#5022=CARTESIAN_POINT('Ctrl Pts',(7.64028873448673E-18,-36.8065996445716,
-120.420518253886));
#5023=CARTESIAN_POINT('Ctrl Pts',(1.27681773930529E-17,-36.870423968367,
-120.470021985386));
#5024=CARTESIAN_POINT('Ctrl Pts',(1.06379778771362E-17,-36.935916550928,
-120.522152315632));
#5025=CARTESIAN_POINT('Ctrl Pts',(4.29065108209328E-18,-36.9991486580265,
-120.572483368345));
#5026=CARTESIAN_POINT('Ctrl Pts',(6.88105994715309E-18,-37.0639355895238,
-120.62526278874));
#5027=CARTESIAN_POINT('Ctrl Pts',(5.49997443855063E-18,-37.1305388221304,
-120.680778801466));
#5028=CARTESIAN_POINT('Ctrl Pts',(2.09384073602464E-18,-37.1938245152692,
-120.733529534548));
#5029=CARTESIAN_POINT('Ctrl Pts',(3.16364103316729E-18,-37.2587499559062,
-120.788751071013));
#5030=CARTESIAN_POINT('Ctrl Pts',(2.38180948631618E-18,-37.3255764845574,
-120.846718641711));
#5031=CARTESIAN_POINT('Ctrl Pts',(8.10196327312379E-19,-37.3906580790817,
-120.903172598065));
#5032=CARTESIAN_POINT('Ctrl Pts',(-2.68000859109784E-15,-37.457542527602,
-120.962230991124));
#5033=CARTESIAN_POINT('Ctrl Pts',(-2.6778700363786E-15,-37.5265101302178,
-121.024175588202));
#5034=CARTESIAN_POINT('Ctrl Pts',(1.89236464051735E-19,-37.5937351163096,
-121.08455502027));
#5035=CARTESIAN_POINT('Ctrl Pts',(1.91214287418929E-19,-37.6629390722772,
-121.147676584238));
#5036=CARTESIAN_POINT('Ctrl Pts',(9.6537369988589E-20,-37.7344226281532,
-121.21382866143));
#5037=CARTESIAN_POINT('Ctrl Pts',(9.30226279125169E-22,-37.8059061840292,
-121.279980738623));
#5038=CARTESIAN_POINT('Ctrl Pts',(1.07407867330418E-44,-37.8796688848664,
-121.349163138336));
#5039=CARTESIAN_POINT('Ctrl Pts',(-3.4801337829915E-57,-37.9560583722397,
-121.421694083024));
#5040=CARTESIAN_POINT('Ctrl Pts',(-5.46137363030877E-31,-38.0785278768489,
-121.537977477118));
#5041=CARTESIAN_POINT('Ctrl Pts',(2.12249636327267E-17,-38.2071219649251,
-121.662268297337));
#5042=CARTESIAN_POINT('Ctrl Pts',(2.12926456292742E-17,-38.3424672576009,
-121.795353913245));
#5043=CARTESIAN_POINT('Ctrl Pts',(-6.41872103227315E-18,-38.4858709548363,
-121.936363393462));
#5044=CARTESIAN_POINT('Ctrl Pts',(2.1298428117025E-17,-38.6368536336356,
-122.087246876442));
#5045=CARTESIAN_POINT('Ctrl Pts',(2.09382968861114E-17,-38.7962044572917,
-122.248980420411));
#5046=CARTESIAN_POINT('Ctrl Pts',(-2.00453876010072E-17,-38.9765441330855,
-122.432016655902));
#5047=CARTESIAN_POINT('Ctrl Pts',(1.9749295172098E-17,-39.1676011896153,
-122.62895136033));
#5048=CARTESIAN_POINT('Ctrl Pts',(1.82842578746667E-17,-39.3705788849886,
-122.841228457617));
#5049=CARTESIAN_POINT('Ctrl Pts',(-2.70343375186527E-15,-39.5607140521791,
-123.040074647634));
#5050=CARTESIAN_POINT('Ctrl Pts',(1.49402637696166E-17,-39.7613106001706,
-123.252386173455));
#5051=CARTESIAN_POINT('Ctrl Pts',(1.20248698986007E-17,-39.9733949292819,
-123.479335396777));
#5052=CARTESIAN_POINT('Ctrl Pts',(-4.89858001342166E-17,-40.0167883737717,
-123.525770268064));
#5053=CARTESIAN_POINT('Ctrl Pts',(1.07920659499738E-17,-40.0606602608381,
-123.572815015188));
#5054=CARTESIAN_POINT('Ctrl Pts',(1.01121965668288E-17,-40.1050369301377,
-123.620498186696));
#5055=CARTESIAN_POINT('Ctrl Pts',(-5.26890628189904E-17,-40.2266895022416,
-123.751215082566));
#5056=CARTESIAN_POINT('Ctrl Pts',(6.05820711147586E-18,-40.3520988809486,
-123.886692208205));
#5057=CARTESIAN_POINT('Ctrl Pts',(3.46675502826584E-18,-40.48120121122,
-124.026855685172));
#5058=CARTESIAN_POINT('Ctrl Pts',(-5.53410659354348E-17,-40.5351763834989,
-124.085455307662));
#5059=CARTESIAN_POINT('Ctrl Pts',(1.22966963877807E-18,-40.5897967675247,
-124.144873508029));
#5060=CARTESIAN_POINT('Ctrl Pts',(-7.21925210003912E-30,-40.6450564581606,
-124.205102479846));
#5061=CARTESIAN_POINT('Ctrl Pts',(-3.31790625453731E-30,-40.7826806377008,
-124.355102646976));
#5062=CARTESIAN_POINT('Ctrl Pts',(4.79343933031293E-17,-40.9226255216692,
-124.508337695605));
#5063=CARTESIAN_POINT('Ctrl Pts',(4.55476335036491E-17,-41.0639746049773,
-124.664283097679));
#5064=CARTESIAN_POINT('Ctrl Pts',(-9.47626718909715E-18,-41.2173271264241,
-124.833471464921));
#5065=CARTESIAN_POINT('Ctrl Pts',(3.92195527970629E-17,-41.3723317735958,
-125.0058499371));
#5066=CARTESIAN_POINT('Ctrl Pts',(3.49176633197537E-17,-41.5277680320738,
-125.180704942543));
#5067=CARTESIAN_POINT('Ctrl Pts',(-2.835393978308E-17,-41.7068686671972,
-125.382180729699));
#5068=CARTESIAN_POINT('Ctrl Pts',(-1.75208750962679E-15,-41.8865407710042,
-125.586944381167));
#5069=CARTESIAN_POINT('Ctrl Pts',(-1.75761134494371E-15,-42.0648703351423,
-125.793849571765));
#5070=CARTESIAN_POINT('Ctrl Pts',(-1.82868326576203E-15,-42.2595652866349,
-126.019742548299));
#5071=CARTESIAN_POINT('Ctrl Pts',(6.90194411255768E-18,-42.452655585726,
-126.248186462701));
#5072=CARTESIAN_POINT('Ctrl Pts',(2.53914684264375E-18,-42.6416472549403,
-126.477643928535));
#5073=CARTESIAN_POINT('Ctrl Pts',(-6.91939624055672E-17,-42.8002767904117,
-126.670238297203));
#5074=CARTESIAN_POINT('Ctrl Pts',(-2.66830050194567E-15,-42.9560172243049,
-126.86354506491));
#5075=CARTESIAN_POINT('Ctrl Pts',(-2.66921701910854E-15,-43.1074302196037,
-127.056649446009));
#5076=CARTESIAN_POINT('Ctrl Pts',(-6.28767654710249E-15,-43.2407670511021,
-127.226700413388));
#5077=CARTESIAN_POINT('Ctrl Pts',(-1.7813125602966E-15,-43.3707476304861,
-127.396593892116));
#5078=CARTESIAN_POINT('Ctrl Pts',(-1.77897516048205E-15,-43.4964315718113,
-127.565712780012));
#5079=CARTESIAN_POINT('Ctrl Pts',(-1.83627296158628E-15,-43.5343297458722,
-127.616708133776));
#5080=CARTESIAN_POINT('Ctrl Pts',(-1.77740166213224E-15,-43.5718375899797,
-127.667633143471));
#5081=CARTESIAN_POINT('Ctrl Pts',(-1.77635683940025E-15,-43.6089302618071,
-127.718471146566));
#5082=CARTESIAN_POINT('Ctrl Pts',(-1.83186799063151E-15,-43.7231484547861,
-127.875014866986));
#5083=CARTESIAN_POINT('Ctrl Pts',(-3.73019929924437E-15,-43.8335235275795,
-128.030868999644));
#5084=CARTESIAN_POINT('Ctrl Pts',(-3.71780222876606E-15,-43.9395152090429,
-128.186657899563));
#5085=CARTESIAN_POINT('Ctrl Pts',(-2.70397065677866E-15,-44.0333456907712,
-128.324572001175));
#5086=CARTESIAN_POINT('Ctrl Pts',(-2.80387942285852E-15,-44.1237412947579,
-128.462435420877));
#5087=CARTESIAN_POINT('Ctrl Pts',(-2.7871647163183E-15,-44.2103649287712,
-128.600659522691));
#5088=CARTESIAN_POINT('Ctrl Pts',(-3.56586796614281E-15,-44.2934378300221,
-128.733217770695));
#5089=CARTESIAN_POINT('Ctrl Pts',(-1.8651399968531E-15,-44.3730415902918,
-128.866108166758));
#5090=CARTESIAN_POINT('Ctrl Pts',(-1.84711409925684E-15,-44.4489145528721,
-128.999666007092));
#5091=CARTESIAN_POINT('Ctrl Pts',(-8.69333890976448E-16,-44.5223115091095,
-129.128865377049));
#5092=CARTESIAN_POINT('Ctrl Pts',(-1.81204426924609E-15,-44.5922171466226,
-129.258689655754));
#5093=CARTESIAN_POINT('Ctrl Pts',(-1.79557444541878E-15,-44.6584295051491,
-129.389410721855));
#5094=CARTESIAN_POINT('Ctrl Pts',(-4.38808009827755E-15,-44.7228951379738,
-129.516683279989));
#5095=CARTESIAN_POINT('Ctrl Pts',(-1.33226762955019E-15,-44.7838597492874,
-129.644806176096));
#5096=CARTESIAN_POINT('Ctrl Pts',(-1.33226762955019E-15,-44.8411712152722,
-129.773995771429));
#5097=CARTESIAN_POINT('Ctrl Pts',(-1.67738951682451E-15,-44.8972500026778,
-129.900406703818));
#5098=CARTESIAN_POINT('Ctrl Pts',(-1.33226762955019E-15,-44.9498310771916,
-130.02783913279));
#5099=CARTESIAN_POINT('Ctrl Pts',(-1.33226762955019E-15,-44.99880563699,
-130.156459047903));
#5100=CARTESIAN_POINT('Ctrl Pts',(-4.32984900465208E-15,-45.046546618312,
-130.281839265518));
#5101=CARTESIAN_POINT('Ctrl Pts',(-1.11022779289856E-15,-45.0908605078155,
-130.408347998446));
#5102=CARTESIAN_POINT('Ctrl Pts',(-1.11022302406944E-15,-45.1316788373597,
-130.536101710209));
#5103=CARTESIAN_POINT('Ctrl Pts',(-1.66532982062555E-15,-45.1720428966848,
-130.662433641431));
#5104=CARTESIAN_POINT('Ctrl Pts',(-1.524452062605E-15,-45.2089887449056,
-130.789983130454));
#5105=CARTESIAN_POINT('Ctrl Pts',(-1.48721935778873E-15,-45.2424822562217,
-130.91882401983));
#5106=CARTESIAN_POINT('Ctrl Pts',(-6.733293860246E-16,-45.2755270104181,
-131.045938656444));
#5107=CARTESIAN_POINT('Ctrl Pts',(-1.40658202531907E-15,-45.3052113318481,
-131.174310396039));
#5108=CARTESIAN_POINT('Ctrl Pts',(-1.37509417038414E-15,-45.3315339032439,
-131.303970663389));
#5109=CARTESIAN_POINT('Ctrl Pts',(-1.46066468514249E-15,-45.3528105669092,
-131.408775693935));
#5110=CARTESIAN_POINT('Ctrl Pts',(-8.88178419700125E-16,-45.3718913922589,
-131.514421877065));
#5111=CARTESIAN_POINT('Ctrl Pts',(-8.88178419700125E-16,-45.3887909278844,
-131.620906077776));
#5112=CARTESIAN_POINT('Ctrl Pts',(-6.97782588184853,-37.3446432664321,-128.995882875022));
#5113=CARTESIAN_POINT('Ctrl Pts',(-6.97830270186764,-37.414407533755,-129.165990883013));
#5114=CARTESIAN_POINT('Ctrl Pts',(-6.980668468487,-37.4828474527418,-129.326751420169));
#5115=CARTESIAN_POINT('Ctrl Pts',(-6.96947434661563,-37.6627718344306,-129.731236948272));
#5116=CARTESIAN_POINT('Ctrl Pts',(-6.95591445812489,-37.7742562971324,-129.974961939218));
#5117=CARTESIAN_POINT('Ctrl Pts',(-6.89134630998754,-38.1732765008106,-130.830583592742));
#5118=CARTESIAN_POINT('Ctrl Pts',(-6.63190759440456,-39.1703433347841,-132.905672117172));
#5119=CARTESIAN_POINT('Ctrl Pts',(-4.90231615718473,-41.261536939875,-137.455083036486));
#5120=CARTESIAN_POINT('Ctrl Pts',(-2.01400465997941,-42.5500075286609,-139.09635120492));
#5121=CARTESIAN_POINT('Ctrl Pts',(0.,-42.5500075286609,-139.09635120492));
#5122=CARTESIAN_POINT('Ctrl Pts',(2.0140046599794,-42.5500075286609,-139.09635120492));
#5123=CARTESIAN_POINT('Ctrl Pts',(4.90231615718473,-41.261536939875,-137.455083036486));
#5124=CARTESIAN_POINT('Ctrl Pts',(6.63190759440456,-39.1703433347841,-132.905672117171));
#5125=CARTESIAN_POINT('Ctrl Pts',(6.89134630998754,-38.1732765008106,-130.830583592742));
#5126=CARTESIAN_POINT('Ctrl Pts',(6.9559144581249,-37.7742562971325,-129.974961939218));
#5127=CARTESIAN_POINT('Ctrl Pts',(6.96947434661563,-37.6627718344306,-129.731236948272));
#5128=CARTESIAN_POINT('Ctrl Pts',(6.98066846848701,-37.4828474527418,-129.326751420169));
#5129=CARTESIAN_POINT('Ctrl Pts',(6.97830270186764,-37.414407533755,-129.165990883013));
#5130=CARTESIAN_POINT('Ctrl Pts',(6.97782588184853,-37.3446432664321,-128.995882875022));
#5131=CARTESIAN_POINT('Ctrl Pts',(-6.97758747090271,-37.3656536864834,-128.932248223939));
#5132=CARTESIAN_POINT('Ctrl Pts',(-6.97748762324234,-37.4582220894455,-129.129631025714));
#5133=CARTESIAN_POINT('Ctrl Pts',(-6.98133844901858,-37.5343011613106,-129.303264404223));
#5134=CARTESIAN_POINT('Ctrl Pts',(-6.97065181782827,-37.7466042965906,-129.749664995382));
#5135=CARTESIAN_POINT('Ctrl Pts',(-6.9558779876562,-37.8721461836816,-130.011442803911));
#5136=CARTESIAN_POINT('Ctrl Pts',(-6.89120042811275,-38.2904418093407,-130.872449587938));
#5137=CARTESIAN_POINT('Ctrl Pts',(-6.63132406690542,-39.3231432389038,-132.953353229627));
#5138=CARTESIAN_POINT('Ctrl Pts',(-4.89881499218988,-41.5004476662482,-137.484096606716));
#5139=CARTESIAN_POINT('Ctrl Pts',(-2.01050349498455,-42.815884148409,-139.133411810108));
#5140=CARTESIAN_POINT('Ctrl Pts',(0.,-42.815884148409,-139.133411810108));
#5141=CARTESIAN_POINT('Ctrl Pts',(2.01050349498455,-42.815884148409,-139.133411810108));
#5142=CARTESIAN_POINT('Ctrl Pts',(4.89881499218988,-41.5004476662481,-137.484096606716));
#5143=CARTESIAN_POINT('Ctrl Pts',(6.63132406690541,-39.3231432389038,-132.953353229627));
#5144=CARTESIAN_POINT('Ctrl Pts',(6.89120042811275,-38.2904418093407,-130.872449587938));
#5145=CARTESIAN_POINT('Ctrl Pts',(6.9558779876562,-37.8721461836817,-130.011442803911));
#5146=CARTESIAN_POINT('Ctrl Pts',(6.97065181782827,-37.7466042965907,-129.749664995382));
#5147=CARTESIAN_POINT('Ctrl Pts',(6.98133844901858,-37.5343011613106,-129.303264404223));
#5148=CARTESIAN_POINT('Ctrl Pts',(6.97748762324234,-37.4582220894455,-129.129631025714));
#5149=CARTESIAN_POINT('Ctrl Pts',(6.97758747090271,-37.3656536864834,-128.932248223939));
#5150=CARTESIAN_POINT('Ctrl Pts',(-6.97764156275778,-37.3881403001691,-128.872151214164));
#5151=CARTESIAN_POINT('Ctrl Pts',(-6.97762833508914,-37.4851262052734,-129.067589517286));
#5152=CARTESIAN_POINT('Ctrl Pts',(-6.97910651828492,-37.5890074373727,-129.271537609138));
#5153=CARTESIAN_POINT('Ctrl Pts',(-6.96838361465554,-37.8260863828965,-129.740726739964));
#5154=CARTESIAN_POINT('Ctrl Pts',(-6.95707522619623,-37.9579846723937,-130.00269685429));
#5155=CARTESIAN_POINT('Ctrl Pts',(-6.89109101670666,-38.3994870546349,-130.87256915964));
#5156=CARTESIAN_POINT('Ctrl Pts',(-6.63088642128106,-39.4657218741151,-132.948161619827));
#5157=CARTESIAN_POINT('Ctrl Pts',(-4.89618911844374,-41.7258021024747,-137.440778447159));
#5158=CARTESIAN_POINT('Ctrl Pts',(-2.00787762123842,-43.0672567345849,-139.087962694442));
#5159=CARTESIAN_POINT('Ctrl Pts',(-1.04083408558608E-16,-43.0672567345849,
-139.087962694442));
#5160=CARTESIAN_POINT('Ctrl Pts',(2.00787762123841,-43.0672567345849,-139.087962694442));
#5161=CARTESIAN_POINT('Ctrl Pts',(4.89618911844374,-41.7258021024747,-137.44077844716));
#5162=CARTESIAN_POINT('Ctrl Pts',(6.63088642128106,-39.4657218741151,-132.948161619826));
#5163=CARTESIAN_POINT('Ctrl Pts',(6.89109101670666,-38.3994870546348,-130.87256915964));
#5164=CARTESIAN_POINT('Ctrl Pts',(6.95707522619623,-37.9579846723937,-130.00269685429));
#5165=CARTESIAN_POINT('Ctrl Pts',(6.96838361465555,-37.8260863828965,-129.740726739964));
#5166=CARTESIAN_POINT('Ctrl Pts',(6.97910651828492,-37.5890074373727,-129.271537609138));
#5167=CARTESIAN_POINT('Ctrl Pts',(6.97762833508915,-37.4851262052735,-129.067589517286));
#5168=CARTESIAN_POINT('Ctrl Pts',(6.97764156275779,-37.3881403001691,-128.872151214164));
#5169=CARTESIAN_POINT('Ctrl Pts',(-6.97772817230797,-37.4452453368006,-128.730232860943));
#5170=CARTESIAN_POINT('Ctrl Pts',(-6.97772696505157,-37.5654079518387,-128.93750832499));
#5171=CARTESIAN_POINT('Ctrl Pts',(-6.97827893603869,-37.6920378412302,-129.159377224645));
#5172=CARTESIAN_POINT('Ctrl Pts',(-6.96752006297388,-37.9680614307227,-129.655283451229));
#5173=CARTESIAN_POINT('Ctrl Pts',(-6.9564721722236,-38.1160486947109,-129.924717202431));
#5174=CARTESIAN_POINT('Ctrl Pts',(-6.89092689959753,-38.6001486349476,-130.804715498154));
#5175=CARTESIAN_POINT('Ctrl Pts',(-6.63022995284453,-39.7289011085096,-132.851500258073));
#5176=CARTESIAN_POINT('Ctrl Pts',(-4.89225030782453,-42.1470952589291,-137.235858644699));
#5177=CARTESIAN_POINT('Ctrl Pts',(-2.00393881061921,-43.5380250284199,-138.862286029393));
#5178=CARTESIAN_POINT('Ctrl Pts',(-1.73472347597681E-17,-43.5380250284199,
-138.862286029393));
#5179=CARTESIAN_POINT('Ctrl Pts',(2.00393881061921,-43.5380250284199,-138.862286029393));
#5180=CARTESIAN_POINT('Ctrl Pts',(4.89225030782453,-42.1470952589291,-137.235858644699));
#5181=CARTESIAN_POINT('Ctrl Pts',(6.63022995284453,-39.7289011085095,-132.851500258073));
#5182=CARTESIAN_POINT('Ctrl Pts',(6.89092689959753,-38.6001486349476,-130.804715498154));
#5183=CARTESIAN_POINT('Ctrl Pts',(6.9564721722236,-38.1160486947109,-129.924717202431));
#5184=CARTESIAN_POINT('Ctrl Pts',(6.96752006297388,-37.9680614307227,-129.655283451229));
#5185=CARTESIAN_POINT('Ctrl Pts',(6.9782789360387,-37.6920378412302,-129.159377224645));
#5186=CARTESIAN_POINT('Ctrl Pts',(6.97772696505158,-37.5654079518388,-128.93750832499));
#5187=CARTESIAN_POINT('Ctrl Pts',(6.97772817230797,-37.4452453368007,-128.730232860943));
#5188=CARTESIAN_POINT('Ctrl Pts',(-6.97776069000309,-37.4798637597466,-128.648411517496));
#5189=CARTESIAN_POINT('Ctrl Pts',(-6.97776069000309,-37.607419585699,-128.855417508128));
#5190=CARTESIAN_POINT('Ctrl Pts',(-6.9781279179753,-37.7417368282189,-129.082661788777));
#5191=CARTESIAN_POINT('Ctrl Pts',(-6.96732770679209,-38.0322406045957,-129.584510734819));
#5192=CARTESIAN_POINT('Ctrl Pts',(-6.95608745986002,-38.1881463424103,-129.856617937917));
#5193=CARTESIAN_POINT('Ctrl Pts',(-6.89087219389448,-38.6917649699662,-130.736742264966));
#5194=CARTESIAN_POINT('Ctrl Pts',(-6.63001113003235,-39.8495017076928,-132.760030506119));
#5195=CARTESIAN_POINT('Ctrl Pts',(-4.89093737095146,-42.3430339791569,-137.074257001796));
#5196=CARTESIAN_POINT('Ctrl Pts',(-2.00262587374614,-43.757420736079,-138.682058480009));
#5197=CARTESIAN_POINT('Ctrl Pts',(-3.46944695195361E-17,-43.757420736079,
-138.682058480009));
#5198=CARTESIAN_POINT('Ctrl Pts',(2.00262587374614,-43.757420736079,-138.682058480009));
#5199=CARTESIAN_POINT('Ctrl Pts',(4.89093737095146,-42.3430339791569,-137.074257001796));
#5200=CARTESIAN_POINT('Ctrl Pts',(6.63001113003235,-39.8495017076927,-132.760030506119));
#5201=CARTESIAN_POINT('Ctrl Pts',(6.89087219389448,-38.6917649699662,-130.736742264966));
#5202=CARTESIAN_POINT('Ctrl Pts',(6.95608745986002,-38.1881463424103,-129.856617937917));
#5203=CARTESIAN_POINT('Ctrl Pts',(6.96732770679209,-38.0322406045957,-129.584510734819));
#5204=CARTESIAN_POINT('Ctrl Pts',(6.97812791797531,-37.7417368282189,-129.082661788777));
#5205=CARTESIAN_POINT('Ctrl Pts',(6.9777606900031,-37.607419585699,-128.855417508128));
#5206=CARTESIAN_POINT('Ctrl Pts',(6.9777606900031,-37.4798637597466,-128.648411517496));
#5207=CARTESIAN_POINT('Ctrl Pts',(-6.97782588184853,-37.6019167424749,-128.370360986649));
#5208=CARTESIAN_POINT('Ctrl Pts',(-6.97782588184853,-37.7406350488094,-128.583393376057));
#5209=CARTESIAN_POINT('Ctrl Pts',(-6.97782588184853,-37.8908548880725,-128.816595045674));
#5210=CARTESIAN_POINT('Ctrl Pts',(-6.96694299442851,-38.2139218302284,-129.320309159715));
#5211=CARTESIAN_POINT('Ctrl Pts',(-6.95606010700849,-38.3867689331212,-129.59082160414));
#5212=CARTESIAN_POINT('Ctrl Pts',(-6.89076278248839,-38.9386874339034,-130.453783421215));
#5213=CARTESIAN_POINT('Ctrl Pts',(-6.629573484408,-40.1760332038827,-132.385404990571));
#5214=CARTESIAN_POINT('Ctrl Pts',(-4.88831149720533,-42.8832718622841,-136.451596812408));
#5215=CARTESIAN_POINT('Ctrl Pts',(-2.,-44.3631893242222,-137.984569693269));
#5216=CARTESIAN_POINT('Ctrl Pts',(0.,-44.3631893242222,-137.984569693269));
#5217=CARTESIAN_POINT('Ctrl Pts',(2.,-44.3631893242222,-137.984569693269));
#5218=CARTESIAN_POINT('Ctrl Pts',(4.88831149720532,-42.8832718622841,-136.451596812408));
#5219=CARTESIAN_POINT('Ctrl Pts',(6.629573484408,-40.1760332038826,-132.385404990571));
#5220=CARTESIAN_POINT('Ctrl Pts',(6.89076278248839,-38.9386874339034,-130.453783421215));
#5221=CARTESIAN_POINT('Ctrl Pts',(6.95606010700849,-38.3867689331212,-129.590821604139));
#5222=CARTESIAN_POINT('Ctrl Pts',(6.96694299442851,-38.2139218302284,-129.320309159715));
#5223=CARTESIAN_POINT('Ctrl Pts',(6.97782588184853,-37.8908548880725,-128.816595045674));
#5224=CARTESIAN_POINT('Ctrl Pts',(6.97782588184853,-37.7406350488094,-128.583393376057));
#5225=CARTESIAN_POINT('Ctrl Pts',(6.97782588184853,-37.6019167424749,-128.370360986649));
#5226=CARTESIAN_POINT('Ctrl Pts',(-6.97782588184853,-37.7918133141689,-127.952282367811));
#5227=CARTESIAN_POINT('Ctrl Pts',(-6.97782588184852,-37.9341177780847,-128.150383468409));
#5228=CARTESIAN_POINT('Ctrl Pts',(-6.97782588184852,-38.0897352315775,-128.366051560201));
#5229=CARTESIAN_POINT('Ctrl Pts',(-6.96694299442851,-38.4272133417754,-128.829684590578));
#5230=CARTESIAN_POINT('Ctrl Pts',(-6.95606010700849,-38.6090739984807,-129.077649529163));
#5231=CARTESIAN_POINT('Ctrl Pts',(-6.89076278248839,-39.1934466095034,-129.865733911714));
#5232=CARTESIAN_POINT('Ctrl Pts',(-6.62957348440799,-40.5173543951769,-131.618660944005));
#5233=CARTESIAN_POINT('Ctrl Pts',(-4.88831149720533,-43.47671363297,-135.253769198084));
#5234=CARTESIAN_POINT('Ctrl Pts',(-2.,-45.0310980155223,-136.636434941377));
#5235=CARTESIAN_POINT('Ctrl Pts',(1.38777878078145E-16,-45.0310980155223,
-136.636434941377));
#5236=CARTESIAN_POINT('Ctrl Pts',(2.,-45.0310980155223,-136.636434941377));
#5237=CARTESIAN_POINT('Ctrl Pts',(4.88831149720533,-43.47671363297,-135.253769198084));
#5238=CARTESIAN_POINT('Ctrl Pts',(6.62957348440799,-40.5173543951769,-131.618660944005));
#5239=CARTESIAN_POINT('Ctrl Pts',(6.8907627824884,-39.1934466095034,-129.865733911714));
#5240=CARTESIAN_POINT('Ctrl Pts',(6.95606010700849,-38.6090739984807,-129.077649529163));
#5241=CARTESIAN_POINT('Ctrl Pts',(6.96694299442851,-38.4272133417755,-128.829684590578));
#5242=CARTESIAN_POINT('Ctrl Pts',(6.97782588184853,-38.0897352315775,-128.366051560201));
#5243=CARTESIAN_POINT('Ctrl Pts',(6.97782588184853,-37.9341177780848,-128.150383468409));
#5244=CARTESIAN_POINT('Ctrl Pts',(6.97782588184853,-37.7918133141689,-127.952282367811));
#5245=CARTESIAN_POINT('Ctrl Pts',(-6.97782588184853,-37.8683945909337,-127.417766623568));
#5246=CARTESIAN_POINT('Ctrl Pts',(-6.97782588184853,-38.0080191855389,-127.594065804762));
#5247=CARTESIAN_POINT('Ctrl Pts',(-6.97782588184853,-38.1624999863771,-127.785139141988));
#5248=CARTESIAN_POINT('Ctrl Pts',(-6.96694299442851,-38.500890027917,-128.194196600968));
#5249=CARTESIAN_POINT('Ctrl Pts',(-6.95606010700849,-38.6847992686186,-128.412180722721));
#5250=CARTESIAN_POINT('Ctrl Pts',(-6.89076278248839,-39.2802436916141,-129.102542973462));
#5251=CARTESIAN_POINT('Ctrl Pts',(-6.62957348440799,-40.6459993411678,-130.628907016868));
#5252=CARTESIAN_POINT('Ctrl Pts',(-4.88831149720533,-43.7795544187329,-133.742793146469));
#5253=CARTESIAN_POINT('Ctrl Pts',(-2.,-45.3719402057467,-134.935856911534));
#5254=CARTESIAN_POINT('Ctrl Pts',(-6.93889390390723E-17,-45.3719402057467,
-134.935856911534));
#5255=CARTESIAN_POINT('Ctrl Pts',(2.,-45.3719402057467,-134.935856911534));
#5256=CARTESIAN_POINT('Ctrl Pts',(4.88831149720532,-43.7795544187329,-133.742793146469));
#5257=CARTESIAN_POINT('Ctrl Pts',(6.62957348440799,-40.6459993411679,-130.628907016868));
#5258=CARTESIAN_POINT('Ctrl Pts',(6.89076278248839,-39.2802436916141,-129.102542973462));
#5259=CARTESIAN_POINT('Ctrl Pts',(6.9560601070085,-38.6847992686186,-128.412180722721));
#5260=CARTESIAN_POINT('Ctrl Pts',(6.96694299442851,-38.500890027917,-128.194196600968));
#5261=CARTESIAN_POINT('Ctrl Pts',(6.97782588184853,-38.1624999863771,-127.785139141988));
#5262=CARTESIAN_POINT('Ctrl Pts',(6.97782588184853,-38.0080191855389,-127.594065804762));
#5263=CARTESIAN_POINT('Ctrl Pts',(6.97782588184853,-37.8683945909337,-127.417766623569));
#5264=CARTESIAN_POINT('Ctrl Pts',(-6.9777602494346,-37.9319759684809,-127.089647565674));
#5265=CARTESIAN_POINT('Ctrl Pts',(-6.97776024943461,-38.0608629053308,-127.24270165674));
#5266=CARTESIAN_POINT('Ctrl Pts',(-6.97812995538295,-38.2031318363054,-127.402450670787));
#5267=CARTESIAN_POINT('Ctrl Pts',(-6.96731653369047,-38.5228311128278,-127.746608931714));
#5268=CARTESIAN_POINT('Ctrl Pts',(-6.95606010700849,-38.6991309329859,-127.931070724735));
#5269=CARTESIAN_POINT('Ctrl Pts',(-6.89076278248839,-39.279873882137,-128.524012854429));
#5270=CARTESIAN_POINT('Ctrl Pts',(-6.62957348440799,-40.6582230086911,-129.880085357907));
#5271=CARTESIAN_POINT('Ctrl Pts',(-4.88831149720533,-43.8823050403888,-132.609243645161));
#5272=CARTESIAN_POINT('Ctrl Pts',(-2.,-45.4875842952438,-133.660066090358));
#5273=CARTESIAN_POINT('Ctrl Pts',(1.04083408558608E-16,-45.4875842952438,
-133.660066090358));
#5274=CARTESIAN_POINT('Ctrl Pts',(2.,-45.4875842952438,-133.660066090358));
#5275=CARTESIAN_POINT('Ctrl Pts',(4.88831149720532,-43.8823050403888,-132.609243645161));
#5276=CARTESIAN_POINT('Ctrl Pts',(6.629573484408,-40.6582230086911,-129.880085357907));
#5277=CARTESIAN_POINT('Ctrl Pts',(6.8907627824884,-39.279873882137,-128.524012854429));
#5278=CARTESIAN_POINT('Ctrl Pts',(6.9560601070085,-38.699130932986,-127.931070724735));
#5279=CARTESIAN_POINT('Ctrl Pts',(6.96731653369047,-38.5228311128278,-127.746608931714));
#5280=CARTESIAN_POINT('Ctrl Pts',(6.97812995538295,-38.2031318363054,-127.402450670787));
#5281=CARTESIAN_POINT('Ctrl Pts',(6.9777602494346,-38.0608629053308,-127.24270165674));
#5282=CARTESIAN_POINT('Ctrl Pts',(6.9777602494346,-37.9319759684809,-127.089647565674));
#5283=CARTESIAN_POINT('Ctrl Pts',(-6.9777275119839,-37.9529676616087,-126.998071606748));
#5284=CARTESIAN_POINT('Ctrl Pts',(-6.97772629656883,-38.0779981861623,-127.136152113827));
#5285=CARTESIAN_POINT('Ctrl Pts',(-6.97828199215016,-38.2143521669197,-127.283720487463));
#5286=CARTESIAN_POINT('Ctrl Pts',(-6.96750330332145,-38.5245920695155,-127.602251095789));
#5287=CARTESIAN_POINT('Ctrl Pts',(-6.95643364627045,-38.6960403336069,-127.772702556417));
#5288=CARTESIAN_POINT('Ctrl Pts',(-6.89076278248839,-39.2688393421347,-128.330146662194));
#5289=CARTESIAN_POINT('Ctrl Pts',(-6.629573484408,-40.6482542242038,-129.629393769319));
#5290=CARTESIAN_POINT('Ctrl Pts',(-4.88831149720533,-43.8958252529964,-132.231340900958));
#5291=CARTESIAN_POINT('Ctrl Pts',(-2.,-45.5028010662142,-133.234742933501));
#5292=CARTESIAN_POINT('Ctrl Pts',(0.,-45.5028010662142,-133.234742933501));
#5293=CARTESIAN_POINT('Ctrl Pts',(2.,-45.5028010662142,-133.234742933501));
#5294=CARTESIAN_POINT('Ctrl Pts',(4.88831149720533,-43.8958252529964,-132.231340900958));
#5295=CARTESIAN_POINT('Ctrl Pts',(6.62957348440799,-40.6482542242038,-129.629393769319));
#5296=CARTESIAN_POINT('Ctrl Pts',(6.8907627824884,-39.2688393421347,-128.330146662194));
#5297=CARTESIAN_POINT('Ctrl Pts',(6.95643364627045,-38.6960403336069,-127.772702556417));
#5298=CARTESIAN_POINT('Ctrl Pts',(6.96750330332145,-38.5245920695155,-127.602251095789));
#5299=CARTESIAN_POINT('Ctrl Pts',(6.97828199215016,-38.2143521669196,-127.283720487463));
#5300=CARTESIAN_POINT('Ctrl Pts',(6.97772629656883,-38.0779981861623,-127.136152113827));
#5301=CARTESIAN_POINT('Ctrl Pts',(6.9777275119839,-37.9529676616087,-126.998071606748));
#5302=CARTESIAN_POINT('Ctrl Pts',(-6.97764031712371,-37.9945468490884,-126.850513809643));
#5303=CARTESIAN_POINT('Ctrl Pts',(-6.97762700006208,-38.1059726877166,-126.950961856251));
#5304=CARTESIAN_POINT('Ctrl Pts',(-6.97911515772293,-38.2254683754635,-127.063259741687));
#5305=CARTESIAN_POINT('Ctrl Pts',(-6.96835202831861,-38.509082032855,-127.320269981123));
#5306=CARTESIAN_POINT('Ctrl Pts',(-6.95699946293523,-38.6711802262103,-127.464254960336));
#5307=CARTESIAN_POINT('Ctrl Pts',(-6.89076278248839,-39.2245340824431,-127.95029215935));
#5308=CARTESIAN_POINT('Ctrl Pts',(-6.62957348440799,-40.5994788995758,-129.138695602874));
#5309=CARTESIAN_POINT('Ctrl Pts',(-4.88831149720533,-43.8788382559362,-131.494948458586));
#5310=CARTESIAN_POINT('Ctrl Pts',(-2.,-45.4836824878868,-132.405945675263));
#5311=CARTESIAN_POINT('Ctrl Pts',(0.,-45.4836824878868,-132.405945675263));
#5312=CARTESIAN_POINT('Ctrl Pts',(2.,-45.4836824878868,-132.405945675263));
#5313=CARTESIAN_POINT('Ctrl Pts',(4.88831149720533,-43.8788382559362,-131.494948458586));
#5314=CARTESIAN_POINT('Ctrl Pts',(6.62957348440798,-40.5994788995758,-129.138695602874));
#5315=CARTESIAN_POINT('Ctrl Pts',(6.8907627824884,-39.2245340824431,-127.95029215935));
#5316=CARTESIAN_POINT('Ctrl Pts',(6.95699946293523,-38.6711802262104,-127.464254960336));
#5317=CARTESIAN_POINT('Ctrl Pts',(6.96835202831861,-38.5090820328551,-127.320269981123));
#5318=CARTESIAN_POINT('Ctrl Pts',(6.97911515772293,-38.2254683754635,-127.063259741687));
#5319=CARTESIAN_POINT('Ctrl Pts',(6.97762700006208,-38.1059726877166,-126.950961856251));
#5320=CARTESIAN_POINT('Ctrl Pts',(6.97764031712371,-37.9945468490884,-126.850513809643));
#5321=CARTESIAN_POINT('Ctrl Pts',(-6.97758585971422,-38.0151343434403,-126.794531971464));
#5322=CARTESIAN_POINT('Ctrl Pts',(-6.97748533926796,-38.1261521722948,-126.886892597904));
#5323=CARTESIAN_POINT('Ctrl Pts',(-6.98136214826788,-38.2227320332181,-126.960538243013));
#5324=CARTESIAN_POINT('Ctrl Pts',(-6.97062176752862,-38.4881671942812,-127.181615680313));
#5325=CARTESIAN_POINT('Ctrl Pts',(-6.95576660844255,-38.6494676799893,-127.314741451858));
#5326=CARTESIAN_POINT('Ctrl Pts',(-6.89076278248839,-39.1912633627538,-127.76430384874));
#5327=CARTESIAN_POINT('Ctrl Pts',(-6.62957348440799,-40.560672359435,-128.898689025018));
#5328=CARTESIAN_POINT('Ctrl Pts',(-4.88831149720533,-43.8483310462683,-131.136458760415));
#5329=CARTESIAN_POINT('Ctrl Pts',(-2.,-45.4493471385888,-132.002471573882));
#5330=CARTESIAN_POINT('Ctrl Pts',(-1.38777878078145E-16,-45.4493471385888,
-132.002471573882));
#5331=CARTESIAN_POINT('Ctrl Pts',(2.,-45.4493471385889,-132.002471573882));
#5332=CARTESIAN_POINT('Ctrl Pts',(4.88831149720533,-43.8483310462683,-131.136458760415));
#5333=CARTESIAN_POINT('Ctrl Pts',(6.629573484408,-40.560672359435,-128.898689025018));
#5334=CARTESIAN_POINT('Ctrl Pts',(6.89076278248839,-39.1912633627538,-127.76430384874));
#5335=CARTESIAN_POINT('Ctrl Pts',(6.95576660844256,-38.6494676799893,-127.314741451858));
#5336=CARTESIAN_POINT('Ctrl Pts',(6.97062176752862,-38.4881671942812,-127.181615680313));
#5337=CARTESIAN_POINT('Ctrl Pts',(6.98136214826788,-38.2227320332181,-126.960538243013));
#5338=CARTESIAN_POINT('Ctrl Pts',(6.97748533926795,-38.1261521722948,-126.886892597904));
#5339=CARTESIAN_POINT('Ctrl Pts',(6.97758585971421,-38.0151343434403,-126.794531971464));
#5340=CARTESIAN_POINT('Ctrl Pts',(-6.97782588184853,-38.0398916412473,-126.741422846442));
#5341=CARTESIAN_POINT('Ctrl Pts',(-6.97830591675457,-38.1334560181443,-126.805002505811));
#5342=CARTESIAN_POINT('Ctrl Pts',(-6.98068764712992,-38.2233755691005,-126.87028157883));
#5343=CARTESIAN_POINT('Ctrl Pts',(-6.96941799297392,-38.4622569569693,-127.050879759028));
#5344=CARTESIAN_POINT('Ctrl Pts',(-6.95576660844255,-38.6112187938819,-127.166198866206));
#5345=CARTESIAN_POINT('Ctrl Pts',(-6.89076278248839,-39.1466677335543,-127.58721623898));
#5346=CARTESIAN_POINT('Ctrl Pts',(-6.62957348440799,-40.507071403969,-128.670451826828));
#5347=CARTESIAN_POINT('Ctrl Pts',(-4.88831149720533,-43.794526408936,-130.79743501871));
#5348=CARTESIAN_POINT('Ctrl Pts',(-2.,-45.3887909278844,-131.620906077776));
#5349=CARTESIAN_POINT('Ctrl Pts',(0.,-45.3887909278844,-131.620906077776));
#5350=CARTESIAN_POINT('Ctrl Pts',(2.,-45.3887909278844,-131.620906077776));
#5351=CARTESIAN_POINT('Ctrl Pts',(4.88831149720533,-43.794526408936,-130.79743501871));
#5352=CARTESIAN_POINT('Ctrl Pts',(6.629573484408,-40.507071403969,-128.670451826828));
#5353=CARTESIAN_POINT('Ctrl Pts',(6.89076278248839,-39.1466677335543,-127.58721623898));
#5354=CARTESIAN_POINT('Ctrl Pts',(6.95576660844256,-38.6112187938819,-127.166198866206));
#5355=CARTESIAN_POINT('Ctrl Pts',(6.96941799297392,-38.4622569569693,-127.050879759028));
#5356=CARTESIAN_POINT('Ctrl Pts',(6.98068764712992,-38.2233755691005,-126.87028157883));
#5357=CARTESIAN_POINT('Ctrl Pts',(6.97830591675457,-38.1334560181443,-126.80500250581));
#5358=CARTESIAN_POINT('Ctrl Pts',(6.97782588184853,-38.0398916412473,-126.741422846442));
#5359=CARTESIAN_POINT('',(6.93889390390723E-17,-42.5500075286609,-139.09635120492));
#5360=CARTESIAN_POINT('Ctrl Pts',(0.,-45.3887909278844,-131.620906077776));
#5361=CARTESIAN_POINT('Ctrl Pts',(-8.55132035279101E-17,-45.4354334083229,
-131.914800972802));
#5362=CARTESIAN_POINT('Ctrl Pts',(-3.93227271613347E-17,-45.4665017525078,
-132.221555062526));
#5363=CARTESIAN_POINT('Ctrl Pts',(-9.01750001297141E-16,-45.482693330396,
-132.536218360185));
#5364=CARTESIAN_POINT('Ctrl Pts',(-1.88852614629775E-15,-45.501219487081,
-132.896251310382));
#5365=CARTESIAN_POINT('Ctrl Pts',(-2.64684496077147E-15,-45.5002703508233,
-133.266640718905));
#5366=CARTESIAN_POINT('Ctrl Pts',(-3.51279730453586E-15,-45.4808357783073,
-133.640015843082));
#5367=CARTESIAN_POINT('Ctrl Pts',(-4.13408734659375E-15,-45.4677588467529,
-133.89124858509));
#5368=CARTESIAN_POINT('Ctrl Pts',(-5.38583334222543E-15,-45.4463113667811,
-134.143834078346));
#5369=CARTESIAN_POINT('Ctrl Pts',(-5.38231753069086E-15,-45.4167815746795,
-134.395526895956));
#5370=CARTESIAN_POINT('Ctrl Pts',(-5.32907051820075E-15,-45.4057079026414,
-134.48991170256));
#5371=CARTESIAN_POINT('Ctrl Pts',(-6.21724891996104E-15,-45.3934975540196,
-134.58417092753));
#5372=CARTESIAN_POINT('Ctrl Pts',(-7.105427357601E-15,-45.380165374243,
-134.678185900817));
#5373=CARTESIAN_POINT('Ctrl Pts',(-7.53350114380083E-15,-45.3744442985682,
-134.718529399462));
#5374=CARTESIAN_POINT('Ctrl Pts',(-7.15135442208946E-15,-45.3685166442291,
-134.758827918649));
#5375=CARTESIAN_POINT('Ctrl Pts',(-7.15028534409162E-15,-45.3623835739123,
-134.799072069097));
#5376=CARTESIAN_POINT('Ctrl Pts',(-7.105427357601E-15,-45.3590870085297,
-134.820703563009));
#5377=CARTESIAN_POINT('Ctrl Pts',(-8.03729866818506E-15,-45.3557323674441,
-134.842310945475));
#5378=CARTESIAN_POINT('Ctrl Pts',(-8.03669442456148E-15,-45.352320727748,
-134.863888162277));
#5379=CARTESIAN_POINT('Ctrl Pts',(-7.99360577730113E-15,-45.3392591815734,
-134.946497065526));
#5380=CARTESIAN_POINT('Ctrl Pts',(-6.98243041680164E-15,-45.3253589613062,
-135.028684735891));
#5381=CARTESIAN_POINT('Ctrl Pts',(-6.25289637023683E-15,-45.3106417241359,
-135.110367982309));
#5382=CARTESIAN_POINT('Ctrl Pts',(-4.61277415053343E-15,-45.2781575830115,
-135.29066066044));
#5383=CARTESIAN_POINT('Ctrl Pts',(-6.24090043638497E-15,-45.2416930464691,
-135.468492239718));
#5384=CARTESIAN_POINT('Ctrl Pts',(-6.23530339970316E-15,-45.2014823029372,
-135.643003210991));
#5385=CARTESIAN_POINT('Ctrl Pts',(-6.21724893790088E-15,-45.1619777796346,
-135.814449250674));
#5386=CARTESIAN_POINT('Ctrl Pts',(-7.11309586906443E-15,-45.1188575259223,
-135.982690240357));
#5387=CARTESIAN_POINT('Ctrl Pts',(-7.10980329811412E-15,-45.0723444836128,
-136.146961067797));
#5388=CARTESIAN_POINT('Ctrl Pts',(-7.105427357601E-15,-45.0336457895773,
-136.283633841161));
#5389=CARTESIAN_POINT('Ctrl Pts',(-7.105427357601E-15,-44.9925985707798,
-136.41755922372));
#5390=CARTESIAN_POINT('Ctrl Pts',(-7.105427357601E-15,-44.9493313902534,
-136.548324121889));
#5391=CARTESIAN_POINT('Ctrl Pts',(-7.105427357601E-15,-44.9019004765852,
-136.691672926235));
#5392=CARTESIAN_POINT('Ctrl Pts',(-7.09925775212845E-15,-44.8518018075435,
-136.831222004219));
#5393=CARTESIAN_POINT('Ctrl Pts',(-7.09926367900088E-15,-44.7992066661616,
-136.966249513523));
#5394=CARTESIAN_POINT('Ctrl Pts',(-7.10550842897391E-15,-44.7469930324892,
-137.100297578063));
#5395=CARTESIAN_POINT('Ctrl Pts',(-7.09932435681777E-15,-44.6923190338099,
-137.229889358773));
#5396=CARTESIAN_POINT('Ctrl Pts',(-7.09946379772614E-15,-44.6353516739227,
-137.354369747108));
#5397=CARTESIAN_POINT('Ctrl Pts',(-7.10590069209064E-15,-44.5789064715346,
-137.477709159832));
#5398=CARTESIAN_POINT('Ctrl Pts',(-6.21238660505439E-15,-44.5202097758115,
-137.596030413669));
#5399=CARTESIAN_POINT('Ctrl Pts',(-6.21268384242811E-15,-44.4594231690832,
-137.708747437878));
#5400=CARTESIAN_POINT('Ctrl Pts',(-6.21827724487745E-15,-44.4358378844597,
-137.752481793864));
#5401=CARTESIAN_POINT('Ctrl Pts',(-7.10043866939484E-15,-44.4119379632487,
-137.795373013097));
#5402=CARTESIAN_POINT('Ctrl Pts',(-7.10060584505905E-15,-44.3877327987197,
-137.83738898291));
#5403=CARTESIAN_POINT('Ctrl Pts',(-7.10695147678809E-15,-44.3827008559119,
-137.84612356337));
#5404=CARTESIAN_POINT('Ctrl Pts',(-7.98839586418772E-15,-44.3776557212867,
-137.854820322249));
#5405=CARTESIAN_POINT('Ctrl Pts',(-7.98843661868472E-15,-44.3725974790818,
-137.863478977563));
#5406=CARTESIAN_POINT('Ctrl Pts',(-7.99543156665955E-15,-44.3687788889161,
-137.870015607225));
#5407=CARTESIAN_POINT('Ctrl Pts',(-7.10076805410609E-15,-44.3649563312355,
-137.876524639162));
#5408=CARTESIAN_POINT('Ctrl Pts',(-7.10079660912514E-15,-44.3611109096698,
-137.883037868784));
#5409=CARTESIAN_POINT('Ctrl Pts',(-7.10740965794856E-15,-44.3199008907286,
-137.952837840391));
#5410=CARTESIAN_POINT('Ctrl Pts',(-7.10147547624818E-15,-44.2763795578197,
-138.022575890253));
#5411=CARTESIAN_POINT('Ctrl Pts',(-7.10193646690147E-15,-44.2304900040555,
-138.091423969854));
#5412=CARTESIAN_POINT('Ctrl Pts',(-7.10870572332009E-15,-44.1822374469042,
-138.163817262515));
#5413=CARTESIAN_POINT('Ctrl Pts',(-7.10300336359733E-15,-44.1313660792392,
-138.235226344471));
#5414=CARTESIAN_POINT('Ctrl Pts',(-7.10371125932634E-15,-44.0778326593147,
-138.304634301027));
#5415=CARTESIAN_POINT('Ctrl Pts',(-7.11068969222426E-15,-44.0220799443901,
-138.376919651389));
#5416=CARTESIAN_POINT('Ctrl Pts',(-7.11709360973862E-15,-43.963439455169,
-138.447033768116));
#5417=CARTESIAN_POINT('Ctrl Pts',(-7.1203493915097E-15,-43.9018932293072,
-138.513778152756));
#5418=CARTESIAN_POINT('Ctrl Pts',(-7.11651936884649E-15,-43.8359456465342,
-138.585295630376));
#5419=CARTESIAN_POINT('Ctrl Pts',(-7.1353193088583E-15,-43.7666611579732,
-138.652942823708));
#5420=CARTESIAN_POINT('Ctrl Pts',(-7.18836642198291E-15,-43.6940617892758,
-138.715205318422));
#5421=CARTESIAN_POINT('Ctrl Pts',(-7.19129607942827E-15,-43.6697030692979,
-138.736095784841));
#5422=CARTESIAN_POINT('Ctrl Pts',(-7.22870406876774E-15,-43.6449715705021,
-138.756379853928));
#5423=CARTESIAN_POINT('Ctrl Pts',(-7.25743005613146E-15,-43.6198693390575,
-138.775999909288));
#5424=CARTESIAN_POINT('Ctrl Pts',(-7.24993392997679E-15,-43.6080935519499,
-138.785203935451));
#5425=CARTESIAN_POINT('Ctrl Pts',(-9.50421718045739E-15,-43.5962390349366,
-138.794259855294));
#5426=CARTESIAN_POINT('Ctrl Pts',(-9.52066859240467E-15,-43.5842852165033,
-138.803176821349));
#5427=CARTESIAN_POINT('Ctrl Pts',(-9.11630778298688E-15,-43.5113967143909,
-138.857548092147));
#5428=CARTESIAN_POINT('Ctrl Pts',(-9.77802001575792E-15,-43.434959425541,
-138.90663823795));
#5429=CARTESIAN_POINT('Ctrl Pts',(-1.00338110976886E-14,-43.3549875052834,
-138.948786477818));
#5430=CARTESIAN_POINT('Ctrl Pts',(-9.73448514172863E-15,-43.2815944748351,
-138.987467392845));
#5431=CARTESIAN_POINT('Ctrl Pts',(-1.22931713925701E-14,-43.2052248183803,
-139.020299642177));
#5432=CARTESIAN_POINT('Ctrl Pts',(-7.72247439809102E-15,-43.1259225892363,
-139.045979808461));
#5433=CARTESIAN_POINT('Ctrl Pts',(-8.19039414548494E-15,-43.1180997934871,
-139.048513037322));
#5434=CARTESIAN_POINT('Ctrl Pts',(-7.72209099176497E-15,-43.110248487319,
-139.050976665903));
#5435=CARTESIAN_POINT('Ctrl Pts',(-7.72031745495605E-15,-43.1023687302753,
-139.053369442058));
#5436=CARTESIAN_POINT('Ctrl Pts',(-7.29405598120812E-15,-43.0953249973823,
-139.05550835015));
#5437=CARTESIAN_POINT('Ctrl Pts',(-6.8312214022787E-15,-43.0882667317375,
-139.057588129426));
#5438=CARTESIAN_POINT('Ctrl Pts',(-6.82817439988583E-15,-43.0811978116003,
-139.059607303595));
#5439=CARTESIAN_POINT('Ctrl Pts',(-6.3633115595427E-15,-43.0058137303774,
-139.08114009596));
#5440=CARTESIAN_POINT('Ctrl Pts',(-6.69069672647144E-15,-42.9290775420885,
-139.095823351875));
#5441=CARTESIAN_POINT('Ctrl Pts',(-6.69161507286247E-15,-42.8510354850231,
-139.103283776701));
#5442=CARTESIAN_POINT('Ctrl Pts',(-6.27015462752619E-15,-42.843712301315,
-139.10398383592));
#5443=CARTESIAN_POINT('Ctrl Pts',(-8.46560235037303E-15,-42.8363753554228,
-139.104620470316));
#5444=CARTESIAN_POINT('Ctrl Pts',(-8.46777672177638E-15,-42.8290318973749,
-139.105192816954));
#5445=CARTESIAN_POINT('Ctrl Pts',(-7.20146046620663E-15,-42.7357577756161,
-139.11246257047));
#5446=CARTESIAN_POINT('Ctrl Pts',(1.74120506961688E-16,-42.6426890594933,
-139.10927010552));
#5447=CARTESIAN_POINT('Ctrl Pts',(-4.44089209850063E-16,-42.5500075286609,
-139.09635120492));
#5448=CARTESIAN_POINT('Ctrl Pts',(1.38777878078145E-16,-42.5500075286609,
-139.09635120492));
#5449=CARTESIAN_POINT('Ctrl Pts',(0.671334886659803,-42.5500075286609,-139.09635120492));
#5450=CARTESIAN_POINT('Ctrl Pts',(2.01400465997941,-42.5500075286609,-139.09635120492));
#5451=CARTESIAN_POINT('Ctrl Pts',(4.90231615718474,-41.261536939875,-137.455083036486));
#5452=CARTESIAN_POINT('Ctrl Pts',(6.63190759440456,-39.1703433347841,-132.905672117172));
#5453=CARTESIAN_POINT('Ctrl Pts',(6.89134630998753,-38.1732765008106,-130.830583592742));
#5454=CARTESIAN_POINT('Ctrl Pts',(6.9559144581249,-37.7742562971325,-129.974961939218));
#5455=CARTESIAN_POINT('Ctrl Pts',(6.98303423510636,-37.5512873717287,-129.487511957326));
#5456=CARTESIAN_POINT('Ctrl Pts',(6.97830270186764,-37.414407533755,-129.165990883013));
#5457=CARTESIAN_POINT('Ctrl Pts',(6.97782588184853,-37.3446432664321,-128.995882875022));
#5458=CARTESIAN_POINT('Ctrl Pts',(-6.86174115021091,-15.2264183381186,-114.108155432973));
#5459=CARTESIAN_POINT('Ctrl Pts',(-6.85294380940829,-15.1750807547935,-114.17416664477));
#5460=CARTESIAN_POINT('Ctrl Pts',(-6.84256459041935,-15.1206603966941,-114.243829602393));
#5461=CARTESIAN_POINT('Ctrl Pts',(-6.81004494973592,-15.0053052496176,-114.392811660148));
#5462=CARTESIAN_POINT('Ctrl Pts',(-6.78790452804141,-14.9443704606406,-114.472130760279));
#5463=CARTESIAN_POINT('Ctrl Pts',(-6.69094528940019,-14.7512711253989,-114.728101250719));
#5464=CARTESIAN_POINT('Ctrl Pts',(-6.37487491788687,-14.3238925816743,-115.312094991784));
#5465=CARTESIAN_POINT('Ctrl Pts',(-4.72148471423553,-13.3847627628405,-116.786840745846));
#5466=CARTESIAN_POINT('Ctrl Pts',(-1.94145584241184,-13.1331513739436,-117.240904025107));
#5467=CARTESIAN_POINT('Ctrl Pts',(0.,-13.1504701499782,-117.233428718888));
#5468=CARTESIAN_POINT('Ctrl Pts',(1.94145584241184,-13.1331513739436,-117.240904025107));
#5469=CARTESIAN_POINT('Ctrl Pts',(4.72148471423553,-13.3847627628405,-116.786840745846));
#5470=CARTESIAN_POINT('Ctrl Pts',(6.37487491788688,-14.3238925816743,-115.312094991784));
#5471=CARTESIAN_POINT('Ctrl Pts',(6.69094528940019,-14.7512711253989,-114.728101250719));
#5472=CARTESIAN_POINT('Ctrl Pts',(6.78790452804141,-14.9443704606406,-114.472130760279));
#5473=CARTESIAN_POINT('Ctrl Pts',(6.81004494973591,-15.0053052496176,-114.392811660148));
#5474=CARTESIAN_POINT('Ctrl Pts',(6.84256459041936,-15.1206603966941,-114.243829602393));
#5475=CARTESIAN_POINT('Ctrl Pts',(6.85294380940829,-15.1750807547935,-114.17416664477));
#5476=CARTESIAN_POINT('Ctrl Pts',(6.86174115021091,-15.2264183381186,-114.108155432973));
#5477=CARTESIAN_POINT('Ctrl Pts',(-6.96130822365141,-16.7193790461598,-114.982618601078));
#5478=CARTESIAN_POINT('Ctrl Pts',(-6.95763094096754,-16.6257802618271,-115.044487891785));
#5479=CARTESIAN_POINT('Ctrl Pts',(-6.95326065620411,-16.5200750243301,-115.106970399731));
#5480=CARTESIAN_POINT('Ctrl Pts',(-6.93389553892585,-16.2930932471897,-115.238239373971));
#5481=CARTESIAN_POINT('Ctrl Pts',(-6.91890070641102,-16.1718167075464,-115.307025840266));
#5482=CARTESIAN_POINT('Ctrl Pts',(-6.84412157185097,-15.7975925416706,-115.530457462476));
#5483=CARTESIAN_POINT('Ctrl Pts',(-6.57538475466867,-15.007566022136,-116.045609600206));
#5484=CARTESIAN_POINT('Ctrl Pts',(-4.97728470351581,-14.0014604682764,-117.550292395141));
#5485=CARTESIAN_POINT('Ctrl Pts',(-2.25890283327159,-13.6870696899479,-118.137760550582));
#5486=CARTESIAN_POINT('Ctrl Pts',(2.77555756156289E-16,-13.6952824303775,
-118.206309296749));
#5487=CARTESIAN_POINT('Ctrl Pts',(2.25890283327159,-13.6870696899479,-118.137760550582));
#5488=CARTESIAN_POINT('Ctrl Pts',(4.97728470351582,-14.0014604682764,-117.550292395141));
#5489=CARTESIAN_POINT('Ctrl Pts',(6.57538475466867,-15.007566022136,-116.045609600206));
#5490=CARTESIAN_POINT('Ctrl Pts',(6.84412157185097,-15.7975925416706,-115.530457462476));
#5491=CARTESIAN_POINT('Ctrl Pts',(6.91890070641102,-16.1718167075464,-115.307025840266));
#5492=CARTESIAN_POINT('Ctrl Pts',(6.93389553892585,-16.2930932471897,-115.238239373971));
#5493=CARTESIAN_POINT('Ctrl Pts',(6.95326065620411,-16.5200750243301,-115.106970399731));
#5494=CARTESIAN_POINT('Ctrl Pts',(6.95763094096754,-16.6257802618271,-115.044487891785));
#5495=CARTESIAN_POINT('Ctrl Pts',(6.96130822365141,-16.7193790461598,-114.982618601078));
#5496=CARTESIAN_POINT('Ctrl Pts',(-7.08554833032015,-20.146347920164,-116.873551787612));
#5497=CARTESIAN_POINT('Ctrl Pts',(-7.07338765382068,-20.0784885982968,-116.962638948719));
#5498=CARTESIAN_POINT('Ctrl Pts',(-7.05763084994193,-20.008040932605,-117.055137698037));
#5499=CARTESIAN_POINT('Ctrl Pts',(-7.01264141468784,-19.8621211674241,-117.247579959146));
#5500=CARTESIAN_POINT('Ctrl Pts',(-6.9834087833125,-19.786649067935,-117.347523470937));
#5501=CARTESIAN_POINT('Ctrl Pts',(-6.86607178883448,-19.552924499549,-117.65945352909));
#5502=CARTESIAN_POINT('Ctrl Pts',(-6.51284139847053,-19.0562422831028,-118.331711736525));
#5503=CARTESIAN_POINT('Ctrl Pts',(-4.95432770987459,-18.0914084217533,-119.731427700835));
#5504=CARTESIAN_POINT('Ctrl Pts',(-2.29158958441257,-17.7120279755476,-120.379294687114));
#5505=CARTESIAN_POINT('Ctrl Pts',(8.32667268468867E-16,-17.6675800426268,
-120.514670576912));
#5506=CARTESIAN_POINT('Ctrl Pts',(2.29158958441256,-17.7120279755476,-120.379294687114));
#5507=CARTESIAN_POINT('Ctrl Pts',(4.95432770987459,-18.0914084217533,-119.731427700836));
#5508=CARTESIAN_POINT('Ctrl Pts',(6.51284139847053,-19.0562422831028,-118.331711736525));
#5509=CARTESIAN_POINT('Ctrl Pts',(6.86607178883448,-19.552924499549,-117.65945352909));
#5510=CARTESIAN_POINT('Ctrl Pts',(6.98340878331249,-19.786649067935,-117.347523470937));
#5511=CARTESIAN_POINT('Ctrl Pts',(7.01264141468784,-19.8621211674241,-117.247579959146));
#5512=CARTESIAN_POINT('Ctrl Pts',(7.05763084994193,-20.008040932605,-117.055137698038));
#5513=CARTESIAN_POINT('Ctrl Pts',(7.07338765382068,-20.0784885982968,-116.962638948719));
#5514=CARTESIAN_POINT('Ctrl Pts',(7.08554833032016,-20.146347920164,-116.873551787612));
#5515=CARTESIAN_POINT('Ctrl Pts',(-7.61169934278625,-24.8473666157207,-119.939080238669));
#5516=CARTESIAN_POINT('Ctrl Pts',(-7.61159158940431,-24.7857474032405,-120.040302174396));
#5517=CARTESIAN_POINT('Ctrl Pts',(-7.61248375164969,-24.7216987163385,-120.145495212805));
#5518=CARTESIAN_POINT('Ctrl Pts',(-7.6037512147011,-24.5861831331358,-120.368274273454));
#5519=CARTESIAN_POINT('Ctrl Pts',(-7.59412651550714,-24.5147162368351,-120.485860295693));
#5520=CARTESIAN_POINT('Ctrl Pts',(-7.53070208672526,-24.2853493430016,-120.863884005848));
#5521=CARTESIAN_POINT('Ctrl Pts',(-7.26565190436162,-23.7667507356097,-121.720993999909));
#5522=CARTESIAN_POINT('Ctrl Pts',(-5.38189341478429,-22.4495399913445,-123.921870233196));
#5523=CARTESIAN_POINT('Ctrl Pts',(-2.21612658188101,-22.2038297251873,-124.387903452707));
#5524=CARTESIAN_POINT('Ctrl Pts',(2.22044604925031E-15,-22.2233996391151,
-124.399819929922));
#5525=CARTESIAN_POINT('Ctrl Pts',(2.21612658188101,-22.2038297251873,-124.387903452707));
#5526=CARTESIAN_POINT('Ctrl Pts',(5.3818934147843,-22.4495399913445,-123.921870233196));
#5527=CARTESIAN_POINT('Ctrl Pts',(7.26565190436161,-23.7667507356097,-121.720993999909));
#5528=CARTESIAN_POINT('Ctrl Pts',(7.53070208672526,-24.2853493430016,-120.863884005848));
#5529=CARTESIAN_POINT('Ctrl Pts',(7.59412651550714,-24.5147162368351,-120.485860295693));
#5530=CARTESIAN_POINT('Ctrl Pts',(7.6037512147011,-24.5861831331358,-120.368274273454));
#5531=CARTESIAN_POINT('Ctrl Pts',(7.61248375164969,-24.7216987163385,-120.145495212805));
#5532=CARTESIAN_POINT('Ctrl Pts',(7.61159158940431,-24.7857474032405,-120.040302174396));
#5533=CARTESIAN_POINT('Ctrl Pts',(7.61169934278625,-24.8473666157207,-119.939080238669));
#5534=CARTESIAN_POINT('Ctrl Pts',(-7.07333832000642,-26.7731140940432,-121.117660922215));
#5535=CARTESIAN_POINT('Ctrl Pts',(-7.07277838087185,-26.7133894358601,-121.210385898533));
#5536=CARTESIAN_POINT('Ctrl Pts',(-7.07281482319327,-26.6507288278736,-121.307536806489));
#5537=CARTESIAN_POINT('Ctrl Pts',(-7.06276908194454,-26.5177526801651,-121.513782331042));
#5538=CARTESIAN_POINT('Ctrl Pts',(-7.0526868983744,-26.4474371404433,-121.622876947639));
#5539=CARTESIAN_POINT('Ctrl Pts',(-6.99029532562126,-26.2223335754821,-121.972714128438));
#5540=CARTESIAN_POINT('Ctrl Pts',(-6.73693209194425,-25.7154986623773,-122.762601814065));
#5541=CARTESIAN_POINT('Ctrl Pts',(-4.99307626674883,-24.4806529635868,-124.715658632078));
#5542=CARTESIAN_POINT('Ctrl Pts',(-2.0524835520705,-24.2384858548029,-125.136979624855));
#5543=CARTESIAN_POINT('Ctrl Pts',(0.,-24.2531730739306,-125.145903265398));
#5544=CARTESIAN_POINT('Ctrl Pts',(2.0524835520705,-24.2384858548029,-125.136979624855));
#5545=CARTESIAN_POINT('Ctrl Pts',(4.99307626674883,-24.4806529635868,-124.715658632077));
#5546=CARTESIAN_POINT('Ctrl Pts',(6.73693209194426,-25.7154986623773,-122.762601814065));
#5547=CARTESIAN_POINT('Ctrl Pts',(6.99029532562126,-26.2223335754821,-121.972714128438));
#5548=CARTESIAN_POINT('Ctrl Pts',(7.05268689837439,-26.4474371404433,-121.622876947639));
#5549=CARTESIAN_POINT('Ctrl Pts',(7.06276908194454,-26.5177526801651,-121.513782331042));
#5550=CARTESIAN_POINT('Ctrl Pts',(7.07281482319326,-26.6507288278736,-121.307536806489));
#5551=CARTESIAN_POINT('Ctrl Pts',(7.07277838087184,-26.7133894358601,-121.210385898533));
#5552=CARTESIAN_POINT('Ctrl Pts',(7.07333832000641,-26.7731140940432,-121.117660922215));
#5553=CARTESIAN_POINT('Ctrl Pts',(-8.06793724197139,-28.6729934237764,-122.469276457456));
#5554=CARTESIAN_POINT('Ctrl Pts',(-8.06684914291596,-28.6024751849661,-122.573740048859));
#5555=CARTESIAN_POINT('Ctrl Pts',(-8.06611598603147,-28.5279536473957,-122.683976415154));
#5556=CARTESIAN_POINT('Ctrl Pts',(-8.05277044316501,-28.3694250118371,-122.918483716889));
#5557=CARTESIAN_POINT('Ctrl Pts',(-8.04015805718306,-28.285417913849,-123.042754652329));
#5558=CARTESIAN_POINT('Ctrl Pts',(-7.96561838543203,-28.0169498349121,-123.440352841398));
#5559=CARTESIAN_POINT('Ctrl Pts',(-7.66972898670932,-27.414226537148,-124.334690750545));
#5560=CARTESIAN_POINT('Ctrl Pts',(-5.68718290637573,-25.9920142342502,-126.470302748972));
#5561=CARTESIAN_POINT('Ctrl Pts',(-2.33434333527288,-25.6973469238104,-126.936302228014));
#5562=CARTESIAN_POINT('Ctrl Pts',(2.22044604925031E-15,-25.7071787797375,
-126.942190594708));
#5563=CARTESIAN_POINT('Ctrl Pts',(2.33434333527288,-25.6973469238104,-126.936302228014));
#5564=CARTESIAN_POINT('Ctrl Pts',(5.68718290637574,-25.9920142342501,-126.470302748972));
#5565=CARTESIAN_POINT('Ctrl Pts',(7.66972898670932,-27.414226537148,-124.334690750545));
#5566=CARTESIAN_POINT('Ctrl Pts',(7.96561838543203,-28.0169498349121,-123.440352841398));
#5567=CARTESIAN_POINT('Ctrl Pts',(8.04015805718306,-28.285417913849,-123.042754652329));
#5568=CARTESIAN_POINT('Ctrl Pts',(8.05277044316501,-28.3694250118371,-122.918483716889));
#5569=CARTESIAN_POINT('Ctrl Pts',(8.06611598603146,-28.5279536473957,-122.683976415154));
#5570=CARTESIAN_POINT('Ctrl Pts',(8.06684914291596,-28.6024751849661,-122.573740048859));
#5571=CARTESIAN_POINT('Ctrl Pts',(8.06793724197139,-28.6729934237764,-122.469276457456));
#5572=CARTESIAN_POINT('Ctrl Pts',(-6.58013192699275,-30.1516547561762,-123.263210339834));
#5573=CARTESIAN_POINT('Ctrl Pts',(-6.57845499074997,-30.081869733949,-123.356798796216));
#5574=CARTESIAN_POINT('Ctrl Pts',(-6.57649610031657,-30.00706493584,-123.45711925699));
#5575=CARTESIAN_POINT('Ctrl Pts',(-6.56229633237384,-29.8472124092858,-123.671496937637));
#5576=CARTESIAN_POINT('Ctrl Pts',(-6.55005545486451,-29.7621646808407,-123.785554157509));
#5577=CARTESIAN_POINT('Ctrl Pts',(-6.48333272368056,-29.4913520321422,-124.148740081243));
#5578=CARTESIAN_POINT('Ctrl Pts',(-6.22988686668883,-28.887048881293,-124.959168985177));
#5579=CARTESIAN_POINT('Ctrl Pts',(-4.62439041023457,-27.5542849815989,-126.74653412619));
#5580=CARTESIAN_POINT('Ctrl Pts',(-1.89201952980221,-27.2526399711938,-127.15106922553));
#5581=CARTESIAN_POINT('Ctrl Pts',(5.55111512312578E-16,-27.2526399711938,
-127.15106922553));
#5582=CARTESIAN_POINT('Ctrl Pts',(1.89201952980221,-27.2526399711938,-127.15106922553));
#5583=CARTESIAN_POINT('Ctrl Pts',(4.62439041023458,-27.5542849815988,-126.74653412619));
#5584=CARTESIAN_POINT('Ctrl Pts',(6.22988686668883,-28.887048881293,-124.959168985177));
#5585=CARTESIAN_POINT('Ctrl Pts',(6.48333272368056,-29.4913520321422,-124.148740081243));
#5586=CARTESIAN_POINT('Ctrl Pts',(6.55005545486451,-29.7621646808407,-123.785554157509));
#5587=CARTESIAN_POINT('Ctrl Pts',(6.56229633237384,-29.8472124092858,-123.671496937637));
#5588=CARTESIAN_POINT('Ctrl Pts',(6.57649610031657,-30.00706493584,-123.45711925699));
#5589=CARTESIAN_POINT('Ctrl Pts',(6.57845499074997,-30.081869733949,-123.356798796216));
#5590=CARTESIAN_POINT('Ctrl Pts',(6.58013192699275,-30.1516547561762,-123.263210339835));
#5591=CARTESIAN_POINT('Ctrl Pts',(-7.12594362361518,-31.328979233087,-124.455993276617));
#5592=CARTESIAN_POINT('Ctrl Pts',(-7.13260617904836,-31.3019727799071,-124.573961472547));
#5593=CARTESIAN_POINT('Ctrl Pts',(-7.14221034413598,-31.2814117030754,-124.697389257095));
#5594=CARTESIAN_POINT('Ctrl Pts',(-7.15432076996553,-31.2408154479294,-124.956787176192));
#5595=CARTESIAN_POINT('Ctrl Pts',(-7.15682703070745,-31.2207802696151,-125.09275731074));
#5596=CARTESIAN_POINT('Ctrl Pts',(-7.13422727093277,-31.1429163011794,-125.521915998528));
#5597=CARTESIAN_POINT('Ctrl Pts',(-6.96855358338164,-30.9161546303364,-126.465226510678));
#5598=CARTESIAN_POINT('Ctrl Pts',(-5.31119251151189,-29.4411585916504,-128.559766746181));
#5599=CARTESIAN_POINT('Ctrl Pts',(-2.45413452462904,-28.8639413458745,-128.989124977974));
#5600=CARTESIAN_POINT('Ctrl Pts',(1.38777878078145E-15,-28.6335843468874,
-128.933552948892));
#5601=CARTESIAN_POINT('Ctrl Pts',(2.45413452462904,-28.8639413458745,-128.989124977974));
#5602=CARTESIAN_POINT('Ctrl Pts',(5.31119251151189,-29.4411585916505,-128.559766746181));
#5603=CARTESIAN_POINT('Ctrl Pts',(6.96855358338164,-30.9161546303364,-126.465226510677));
#5604=CARTESIAN_POINT('Ctrl Pts',(7.13422727093278,-31.1429163011794,-125.521915998528));
#5605=CARTESIAN_POINT('Ctrl Pts',(7.15682703070746,-31.2207802696151,-125.09275731074));
#5606=CARTESIAN_POINT('Ctrl Pts',(7.15432076996554,-31.2408154479294,-124.956787176192));
#5607=CARTESIAN_POINT('Ctrl Pts',(7.14221034413599,-31.2814117030754,-124.697389257095));
#5608=CARTESIAN_POINT('Ctrl Pts',(7.13260617904836,-31.301972779907,-124.573961472547));
#5609=CARTESIAN_POINT('Ctrl Pts',(7.12594362361519,-31.328979233087,-124.455993276617));
#5610=CARTESIAN_POINT('Ctrl Pts',(-6.97685020084776,-32.8003827875287,-125.437455002838));
#5611=CARTESIAN_POINT('Ctrl Pts',(-6.97683577959651,-32.8023806404811,-125.584797544694));
#5612=CARTESIAN_POINT('Ctrl Pts',(-6.97684446091934,-32.8113690799706,-125.743221414412));
#5613=CARTESIAN_POINT('Ctrl Pts',(-6.96657021020638,-32.8367206143658,-126.088941752099));
#5614=CARTESIAN_POINT('Ctrl Pts',(-6.9562872781706,-32.8530837092715,-126.276238220067));
#5615=CARTESIAN_POINT('Ctrl Pts',(-6.89449433426514,-32.9033252006262,-126.891501435135));
#5616=CARTESIAN_POINT('Ctrl Pts',(-6.64713185526179,-33.0084170098857,-128.335523109926));
#5617=CARTESIAN_POINT('Ctrl Pts',(-4.99570899055335,-32.8102230985959,-132.212298676058));
#5618=CARTESIAN_POINT('Ctrl Pts',(-2.09679152290391,-33.0005438504773,-132.857622805573));
#5619=CARTESIAN_POINT('Ctrl Pts',(1.11022302462516E-15,-32.9565617458586,
-132.838536124693));
#5620=CARTESIAN_POINT('Ctrl Pts',(2.09679152290391,-33.0005438504773,-132.857622805573));
#5621=CARTESIAN_POINT('Ctrl Pts',(4.99570899055336,-32.8102230985959,-132.212298676058));
#5622=CARTESIAN_POINT('Ctrl Pts',(6.64713185526179,-33.0084170098857,-128.335523109925));
#5623=CARTESIAN_POINT('Ctrl Pts',(6.89449433426514,-32.9033252006262,-126.891501435135));
#5624=CARTESIAN_POINT('Ctrl Pts',(6.9562872781706,-32.8530837092715,-126.276238220067));
#5625=CARTESIAN_POINT('Ctrl Pts',(6.96657021020638,-32.8367206143658,-126.088941752099));
#5626=CARTESIAN_POINT('Ctrl Pts',(6.97684446091933,-32.8113690799706,-125.743221414412));
#5627=CARTESIAN_POINT('Ctrl Pts',(6.9768357795965,-32.8023806404811,-125.584797544694));
#5628=CARTESIAN_POINT('Ctrl Pts',(6.97685020084776,-32.8003827875287,-125.437455002838));
#5629=CARTESIAN_POINT('Ctrl Pts',(-6.97782044804314,-34.6727523832059,-126.320450030117));
#5630=CARTESIAN_POINT('Ctrl Pts',(-6.97782180649449,-34.6842738575452,-126.474550877956));
#5631=CARTESIAN_POINT('Ctrl Pts',(-6.97782282533299,-34.6935129119449,-126.633249054641));
#5632=CARTESIAN_POINT('Ctrl Pts',(-6.9673791117951,-34.7086349209885,-126.969156668389));
#5633=CARTESIAN_POINT('Ctrl Pts',(-6.9569343794187,-34.7145178756325,-127.146366105453));
#5634=CARTESIAN_POINT('Ctrl Pts',(-6.89426394748325,-34.7289457001157,-127.719736211244));
#5635=CARTESIAN_POINT('Ctrl Pts',(-6.6435781443874,-34.7449171912877,-129.033443601227));
#5636=CARTESIAN_POINT('Ctrl Pts',(-4.97233945708176,-34.7796399616692,-132.616787971131));
#5637=CARTESIAN_POINT('Ctrl Pts',(-2.08402795987644,-35.3150093059206,-133.562805377347));
#5638=CARTESIAN_POINT('Ctrl Pts',(8.32667268468867E-16,-35.3150093059206,
-133.562805377347));
#5639=CARTESIAN_POINT('Ctrl Pts',(2.08402795987644,-35.3150093059207,-133.562805377347));
#5640=CARTESIAN_POINT('Ctrl Pts',(4.97233945708176,-34.7796399616692,-132.616787971131));
#5641=CARTESIAN_POINT('Ctrl Pts',(6.6435781443874,-34.7449171912877,-129.033443601227));
#5642=CARTESIAN_POINT('Ctrl Pts',(6.89426394748325,-34.7289457001157,-127.719736211244));
#5643=CARTESIAN_POINT('Ctrl Pts',(6.9569343794187,-34.7145178756325,-127.146366105453));
#5644=CARTESIAN_POINT('Ctrl Pts',(6.9673791117951,-34.7086349209885,-126.969156668389));
#5645=CARTESIAN_POINT('Ctrl Pts',(6.977822825333,-34.6935129119449,-126.633249054641));
#5646=CARTESIAN_POINT('Ctrl Pts',(6.97782180649449,-34.6842738575452,-126.474550877956));
#5647=CARTESIAN_POINT('Ctrl Pts',(6.97782044804314,-34.6727523832059,-126.320450030117));
#5648=CARTESIAN_POINT('Ctrl Pts',(-6.97782497621429,-35.8909130150196,-127.202493116537));
#5649=CARTESIAN_POINT('Ctrl Pts',(-6.97782520262285,-35.9023551310896,-127.354709468381));
#5650=CARTESIAN_POINT('Ctrl Pts',(-6.97782537242927,-35.9276818228526,-127.523589173285));
#5651=CARTESIAN_POINT('Ctrl Pts',(-6.96738038534325,-35.9999658333887,-127.898015304822));
#5652=CARTESIAN_POINT('Ctrl Pts',(-6.95693522845079,-36.0469231521619,-128.103561731453));
#5653=CARTESIAN_POINT('Ctrl Pts',(-6.89426394748325,-36.2110332624335,-128.780211117345));
#5654=CARTESIAN_POINT('Ctrl Pts',(-6.6435781443874,-36.6322060987845,-130.373550313118));
#5655=CARTESIAN_POINT('Ctrl Pts',(-4.97233945708176,-37.4306124425344,-134.429718695621));
#5656=CARTESIAN_POINT('Ctrl Pts',(-2.08402795987644,-38.2986340654668,-135.603228292324));
#5657=CARTESIAN_POINT('Ctrl Pts',(1.66533453693773E-15,-38.2986340654668,
-135.603228292324));
#5658=CARTESIAN_POINT('Ctrl Pts',(2.08402795987644,-38.2986340654668,-135.603228292324));
#5659=CARTESIAN_POINT('Ctrl Pts',(4.97233945708177,-37.4306124425343,-134.429718695621));
#5660=CARTESIAN_POINT('Ctrl Pts',(6.6435781443874,-36.6322060987846,-130.373550313118));
#5661=CARTESIAN_POINT('Ctrl Pts',(6.89426394748325,-36.2110332624336,-128.780211117345));
#5662=CARTESIAN_POINT('Ctrl Pts',(6.95693522845079,-36.0469231521619,-128.103561731453));
#5663=CARTESIAN_POINT('Ctrl Pts',(6.96738038534325,-35.9999658333887,-127.898015304822));
#5664=CARTESIAN_POINT('Ctrl Pts',(6.97782537242928,-35.9276818228525,-127.523589173285));
#5665=CARTESIAN_POINT('Ctrl Pts',(6.97782520262286,-35.9023551310896,-127.354709468381));
#5666=CARTESIAN_POINT('Ctrl Pts',(6.9778249762143,-35.8909130150197,-127.202493116537));
#5667=CARTESIAN_POINT('Ctrl Pts',(-6.97782565543997,-36.5621038252297,-128.030068758898));
#5668=CARTESIAN_POINT('Ctrl Pts',(-6.97782571204211,-36.5886929424048,-128.203550655137));
#5669=CARTESIAN_POINT('Ctrl Pts',(-6.97782575449371,-36.6350824039558,-128.400480013151));
#5670=CARTESIAN_POINT('Ctrl Pts',(-6.96721645926632,-36.7594529874679,-128.840263876508));
#5671=CARTESIAN_POINT('Ctrl Pts',(-6.95660712158734,-36.837434109429,-129.083118381852));
#5672=CARTESIAN_POINT('Ctrl Pts',(-6.89295101061018,-37.1067514234147,-129.879114954543));
#5673=CARTESIAN_POINT('Ctrl Pts',(-6.63832639689512,-37.7868818437964,-131.740840326569));
#5674=CARTESIAN_POINT('Ctrl Pts',(-4.9408289721281,-39.1473698059814,-136.134190506507));
#5675=CARTESIAN_POINT('Ctrl Pts',(-2.05251747492277,-40.2036951725634,-137.561239428297));
#5676=CARTESIAN_POINT('Ctrl Pts',(1.17961196366423E-15,-40.2036951725634,
-137.561239428297));
#5677=CARTESIAN_POINT('Ctrl Pts',(2.05251747492278,-40.2036951725634,-137.561239428297));
#5678=CARTESIAN_POINT('Ctrl Pts',(4.9408289721281,-39.1473698059814,-136.134190506507));
#5679=CARTESIAN_POINT('Ctrl Pts',(6.63832639689512,-37.7868818437963,-131.740840326569));
#5680=CARTESIAN_POINT('Ctrl Pts',(6.89295101061017,-37.1067514234147,-129.879114954543));
#5681=CARTESIAN_POINT('Ctrl Pts',(6.95660712158734,-36.837434109429,-129.083118381852));
#5682=CARTESIAN_POINT('Ctrl Pts',(6.96721645926632,-36.7594529874679,-128.840263876508));
#5683=CARTESIAN_POINT('Ctrl Pts',(6.97782575449371,-36.6350824039559,-128.400480013151));
#5684=CARTESIAN_POINT('Ctrl Pts',(6.97782571204211,-36.5886929424048,-128.203550655137));
#5685=CARTESIAN_POINT('Ctrl Pts',(6.97782565543997,-36.5621038252297,-128.030068758898));
#5686=CARTESIAN_POINT('Ctrl Pts',(-6.97776063280839,-36.8882913131278,-128.437721205081));
#5687=CARTESIAN_POINT('Ctrl Pts',(-6.97776064695893,-36.9192162823737,-128.608825206528));
#5688=CARTESIAN_POINT('Ctrl Pts',(-6.9781278887307,-36.9732152090987,-128.805625911674));
#5689=CARTESIAN_POINT('Ctrl Pts',(-6.96750548544642,-37.121286344895,-129.258611614052));
#5690=CARTESIAN_POINT('Ctrl Pts',(-6.95644303631691,-37.2134733171922,-129.510806944191));
#5691=CARTESIAN_POINT('Ctrl Pts',(-6.89229454217364,-37.5307891161632,-130.34187917712));
#5692=CARTESIAN_POINT('Ctrl Pts',(-6.63570052314898,-38.3354144429535,-132.312802665384));
#5693=CARTESIAN_POINT('Ctrl Pts',(-4.92507372965127,-39.9755941068425,-136.820824003937));
#5694=CARTESIAN_POINT('Ctrl Pts',(-2.03676223244594,-41.122287479676,-138.353862282636));
#5695=CARTESIAN_POINT('Ctrl Pts',(1.6306400674182E-15,-41.122287479676,
-138.353862282636));
#5696=CARTESIAN_POINT('Ctrl Pts',(2.03676223244594,-41.122287479676,-138.353862282636));
#5697=CARTESIAN_POINT('Ctrl Pts',(4.92507372965127,-39.9755941068425,-136.820824003937));
#5698=CARTESIAN_POINT('Ctrl Pts',(6.63570052314899,-38.3354144429535,-132.312802665384));
#5699=CARTESIAN_POINT('Ctrl Pts',(6.89229454217364,-37.5307891161632,-130.34187917712));
#5700=CARTESIAN_POINT('Ctrl Pts',(6.95644303631691,-37.2134733171922,-129.510806944191));
#5701=CARTESIAN_POINT('Ctrl Pts',(6.96750548544642,-37.121286344895,-129.258611614052));
#5702=CARTESIAN_POINT('Ctrl Pts',(6.97812788873069,-36.9732152090987,-128.805625911674));
#5703=CARTESIAN_POINT('Ctrl Pts',(6.97776064695892,-36.9192162823736,-128.608825206528));
#5704=CARTESIAN_POINT('Ctrl Pts',(6.97776063280838,-36.8882913131277,-128.437721205081));
#5705=CARTESIAN_POINT('Ctrl Pts',(-6.97772815069898,-36.9883530526853,-128.562124318574));
#5706=CARTESIAN_POINT('Ctrl Pts',(-6.97772695365144,-37.0262242069097,-128.737816363299));
#5707=CARTESIAN_POINT('Ctrl Pts',(-6.97827892401049,-37.0833315632449,-128.935124624281));
#5708=CARTESIAN_POINT('Ctrl Pts',(-6.96766365904288,-37.2389124274353,-129.389264768517));
#5709=CARTESIAN_POINT('Ctrl Pts',(-6.95675937289692,-37.3350358245907,-129.642118666798));
#5710=CARTESIAN_POINT('Ctrl Pts',(-6.89207571936146,-37.6681647824557,-130.481685968642));
#5711=CARTESIAN_POINT('Ctrl Pts',(-6.63482523190027,-38.5134577637812,-132.484843000338));
#5712=CARTESIAN_POINT('Ctrl Pts',(-4.91982198215899,-40.2466431436525,-137.022101435078));
#5713=CARTESIAN_POINT('Ctrl Pts',(-2.03151048495366,-41.4228285409742,-138.587006115141));
#5714=CARTESIAN_POINT('Ctrl Pts',(1.17961196366423E-15,-41.4228285409743,
-138.587006115141));
#5715=CARTESIAN_POINT('Ctrl Pts',(2.03151048495367,-41.4228285409742,-138.587006115141));
#5716=CARTESIAN_POINT('Ctrl Pts',(4.91982198215899,-40.2466431436526,-137.022101435078));
#5717=CARTESIAN_POINT('Ctrl Pts',(6.63482523190027,-38.5134577637812,-132.484843000338));
#5718=CARTESIAN_POINT('Ctrl Pts',(6.89207571936146,-37.6681647824557,-130.481685968642));
#5719=CARTESIAN_POINT('Ctrl Pts',(6.95675937289692,-37.3350358245907,-129.642118666798));
#5720=CARTESIAN_POINT('Ctrl Pts',(6.96766365904288,-37.2389124274353,-129.389264768517));
#5721=CARTESIAN_POINT('Ctrl Pts',(6.97827892401048,-37.0833315632448,-128.935124624281));
#5722=CARTESIAN_POINT('Ctrl Pts',(6.97772695365143,-37.0262242069096,-128.737816363298));
#5723=CARTESIAN_POINT('Ctrl Pts',(6.97772815069897,-36.9883530526853,-128.562124318574));
#5724=CARTESIAN_POINT('Ctrl Pts',(-6.9776415706824,-37.1711416856505,-128.78796847509));
#5725=CARTESIAN_POINT('Ctrl Pts',(-6.97762834480244,-37.2257572770791,-128.966911983322));
#5726=CARTESIAN_POINT('Ctrl Pts',(-6.97910652207692,-37.2909119027883,-129.157587040762));
#5727=CARTESIAN_POINT('Ctrl Pts',(-6.96845655700599,-37.4621798492253,-129.603669727244));
#5728=CARTESIAN_POINT('Ctrl Pts',(-6.95722110901305,-37.5670787042593,-129.856796433828));
#5729=CARTESIAN_POINT('Ctrl Pts',(-6.8916745442058,-37.9308258205143,-130.705105178855));
#5730=CARTESIAN_POINT('Ctrl Pts',(-6.63322053127763,-38.8545222576367,-132.757437170004));
#5731=CARTESIAN_POINT('Ctrl Pts',(-4.91019377842315,-40.7701591969822,-137.324724166237));
#5732=CARTESIAN_POINT('Ctrl Pts',(-2.02188228121782,-42.0037502555927,-138.939720273688));
#5733=CARTESIAN_POINT('Ctrl Pts',(1.52655665885959E-15,-42.0037502555927,
-138.939720273688));
#5734=CARTESIAN_POINT('Ctrl Pts',(2.02188228121783,-42.0037502555927,-138.939720273688));
#5735=CARTESIAN_POINT('Ctrl Pts',(4.91019377842315,-40.7701591969822,-137.324724166237));
#5736=CARTESIAN_POINT('Ctrl Pts',(6.63322053127763,-38.8545222576367,-132.757437170004));
#5737=CARTESIAN_POINT('Ctrl Pts',(6.8916745442058,-37.9308258205143,-130.705105178855));
#5738=CARTESIAN_POINT('Ctrl Pts',(6.95722110901305,-37.5670787042593,-129.856796433828));
#5739=CARTESIAN_POINT('Ctrl Pts',(6.968456557006,-37.4621798492253,-129.603669727244));
#5740=CARTESIAN_POINT('Ctrl Pts',(6.97910652207692,-37.2909119027883,-129.157587040762));
#5741=CARTESIAN_POINT('Ctrl Pts',(6.97762834480244,-37.2257572770791,-128.966911983322));
#5742=CARTESIAN_POINT('Ctrl Pts',(6.9776415706824,-37.1711416856505,-128.78796847509));
#5743=CARTESIAN_POINT('Ctrl Pts',(-6.97758747277523,-37.253868579058,-128.889409518113));
#5744=CARTESIAN_POINT('Ctrl Pts',(-6.97748762274458,-37.3172147801485,-129.076276159097));
#5745=CARTESIAN_POINT('Ctrl Pts',(-6.98133844901858,-37.386197476339,-129.247099617619));
#5746=CARTESIAN_POINT('Ctrl Pts',(-6.97068828829696,-37.5641608462083,-129.681119210291));
#5747=CARTESIAN_POINT('Ctrl Pts',(-6.95595092859359,-37.6763664105832,-129.938481074526));
#5748=CARTESIAN_POINT('Ctrl Pts',(-6.89149219186232,-38.0561111922804,-130.788717597546));
#5749=CARTESIAN_POINT('Ctrl Pts',(-6.6324911219037,-39.0175434306646,-132.857991004716));
#5750=CARTESIAN_POINT('Ctrl Pts',(-4.90581732217958,-41.0226262135019,-137.426069466255));
#5751=CARTESIAN_POINT('Ctrl Pts',(-2.01750582497426,-42.2841309089129,-139.059290599731));
#5752=CARTESIAN_POINT('Ctrl Pts',(1.52655665885959E-15,-42.2841309089129,
-139.059290599731));
#5753=CARTESIAN_POINT('Ctrl Pts',(2.01750582497426,-42.2841309089129,-139.059290599731));
#5754=CARTESIAN_POINT('Ctrl Pts',(4.90581732217959,-41.0226262135019,-137.426069466255));
#5755=CARTESIAN_POINT('Ctrl Pts',(6.6324911219037,-39.0175434306645,-132.857991004716));
#5756=CARTESIAN_POINT('Ctrl Pts',(6.89149219186232,-38.0561111922804,-130.788717597546));
#5757=CARTESIAN_POINT('Ctrl Pts',(6.95595092859359,-37.6763664105833,-129.938481074526));
#5758=CARTESIAN_POINT('Ctrl Pts',(6.97068828829697,-37.5641608462084,-129.681119210291));
#5759=CARTESIAN_POINT('Ctrl Pts',(6.98133844901858,-37.386197476339,-129.247099617619));
#5760=CARTESIAN_POINT('Ctrl Pts',(6.97748762274458,-37.3172147801484,-129.076276159097));
#5761=CARTESIAN_POINT('Ctrl Pts',(6.97758747277523,-37.253868579058,-128.889409518113));
#5762=CARTESIAN_POINT('Ctrl Pts',(-6.97782588184853,-37.3446432664321,-128.995882875022));
#5763=CARTESIAN_POINT('Ctrl Pts',(-6.97830270186764,-37.414407533755,-129.165990883013));
#5764=CARTESIAN_POINT('Ctrl Pts',(-6.980668468487,-37.4828474527418,-129.326751420169));
#5765=CARTESIAN_POINT('Ctrl Pts',(-6.96947434661563,-37.6627718344306,-129.731236948272));
#5766=CARTESIAN_POINT('Ctrl Pts',(-6.95591445812489,-37.7742562971324,-129.974961939218));
#5767=CARTESIAN_POINT('Ctrl Pts',(-6.89134630998753,-38.1732765008106,-130.830583592742));
#5768=CARTESIAN_POINT('Ctrl Pts',(-6.63190759440456,-39.1703433347841,-132.905672117172));
#5769=CARTESIAN_POINT('Ctrl Pts',(-4.90231615718473,-41.261536939875,-137.455083036486));
#5770=CARTESIAN_POINT('Ctrl Pts',(-2.01400465997941,-42.5500075286609,-139.09635120492));
#5771=CARTESIAN_POINT('Ctrl Pts',(1.38777878078145E-15,-42.5500075286609,
-139.09635120492));
#5772=CARTESIAN_POINT('Ctrl Pts',(2.01400465997941,-42.5500075286609,-139.09635120492));
#5773=CARTESIAN_POINT('Ctrl Pts',(4.90231615718474,-41.261536939875,-137.455083036486));
#5774=CARTESIAN_POINT('Ctrl Pts',(6.63190759440456,-39.1703433347841,-132.905672117172));
#5775=CARTESIAN_POINT('Ctrl Pts',(6.89134630998753,-38.1732765008106,-130.830583592742));
#5776=CARTESIAN_POINT('Ctrl Pts',(6.9559144581249,-37.7742562971325,-129.974961939218));
#5777=CARTESIAN_POINT('Ctrl Pts',(6.96947434661563,-37.6627718344306,-129.731236948272));
#5778=CARTESIAN_POINT('Ctrl Pts',(6.98066846848701,-37.4828474527418,-129.326751420169));
#5779=CARTESIAN_POINT('Ctrl Pts',(6.97830270186764,-37.414407533755,-129.165990883013));
#5780=CARTESIAN_POINT('Ctrl Pts',(6.97782588184853,-37.3446432664321,-128.995882875022));
#5781=CARTESIAN_POINT('Ctrl Pts',(-6.21931838447485E-18,-42.5500075286609,
-139.09635120492));
#5782=CARTESIAN_POINT('Ctrl Pts',(1.25505687541883E-17,-42.5044188801354,
-139.089996592372));
#5783=CARTESIAN_POINT('Ctrl Pts',(-7.36723722974972E-16,-42.4591402360344,
-139.081323240502));
#5784=CARTESIAN_POINT('Ctrl Pts',(-6.44901737193292E-16,-42.4141725828303,
-139.070660050988));
#5785=CARTESIAN_POINT('Ctrl Pts',(-6.30762652243282E-16,-42.3677755330387,
-139.059657908347));
#5786=CARTESIAN_POINT('Ctrl Pts',(-4.26986987616089E-16,-42.3217095262895,
-139.046537221032));
#5787=CARTESIAN_POINT('Ctrl Pts',(-2.93707134898558E-16,-42.2759658456522,
-139.031603024059));
#5788=CARTESIAN_POINT('Ctrl Pts',(-2.39104061588098E-16,-42.2287041037904,
-139.016173217091));
#5789=CARTESIAN_POINT('Ctrl Pts',(-9.88345984340948E-16,-42.1817864021331,
-138.998807334457));
#5790=CARTESIAN_POINT('Ctrl Pts',(-1.74603939546551E-15,-42.1351933520873,
-138.979785763236));
#5791=CARTESIAN_POINT('Ctrl Pts',(-2.86215279094329E-15,-42.0869803381652,
-138.960102843204));
#5792=CARTESIAN_POINT('Ctrl Pts',(4.23484150706166E-16,-42.0391149075481,
-138.938646891458));
#5793=CARTESIAN_POINT('Ctrl Pts',(5.4243207889247E-16,-41.9915658284783,
-138.915672741161));
#5794=CARTESIAN_POINT('Ctrl Pts',(5.64593786735406E-16,-41.9422760115776,
-138.891857523626));
#5795=CARTESIAN_POINT('Ctrl Pts',(7.65352817044247E-16,-41.8933260953423,
-138.866410691493));
#5796=CARTESIAN_POINT('Ctrl Pts',(8.26448465636734E-16,-41.8446715641178,
-138.839560483008));
#5797=CARTESIAN_POINT('Ctrl Pts',(7.69667059745297E-16,-41.7941275053271,
-138.811667530758));
#5798=CARTESIAN_POINT('Ctrl Pts',(1.02867796738903E-15,-41.7439021801974,
-138.782259849893));
#5799=CARTESIAN_POINT('Ctrl Pts',(1.00843147572541E-15,-41.6939359753052,
-138.75153790032));
#5800=CARTESIAN_POINT('Ctrl Pts',(7.26022299805864E-16,-41.6418878504199,
-138.719535872719));
#5801=CARTESIAN_POINT('Ctrl Pts',(9.26324183409898E-16,-41.5901208464899,
-138.686107522054));
#5802=CARTESIAN_POINT('Ctrl Pts',(8.44742298410358E-16,-41.5385578890289,
-138.651424199828));
#5803=CARTESIAN_POINT('Ctrl Pts',(4.88660299019533E-16,-41.4833530764054,
-138.614291219119));
#5804=CARTESIAN_POINT('Ctrl Pts',(6.46437770951098E-16,-41.4283821405487,
-138.57571965616));
#5805=CARTESIAN_POINT('Ctrl Pts',(5.32649462598859E-16,-41.3735399724409,
-138.535860023248));
#5806=CARTESIAN_POINT('Ctrl Pts',(1.33878057408441E-16,-41.3157816648362,
-138.493880921798));
#5807=CARTESIAN_POINT('Ctrl Pts',(-8.94271811462352E-16,-41.2581661253499,
-138.450472780896));
#5808=CARTESIAN_POINT('Ctrl Pts',(-1.90575694750149E-15,-41.2005598719921,
-138.405750896065));
#5809=CARTESIAN_POINT('Ctrl Pts',(-3.10501073362946E-15,-41.1392587275772,
-138.358160529383));
#5810=CARTESIAN_POINT('Ctrl Pts',(-1.50105667828664E-17,-41.0779680306621,
-138.309082072443));
#5811=CARTESIAN_POINT('Ctrl Pts',(-5.79317026481419E-17,-41.0165160977541,
-138.258593544385));
#5812=CARTESIAN_POINT('Ctrl Pts',(-3.57746704725998E-16,-40.9889608542315,
-138.235954326709));
#5813=CARTESIAN_POINT('Ctrl Pts',(-8.70280869159866E-17,-40.9613730591026,
-138.21303084973));
#5814=CARTESIAN_POINT('Ctrl Pts',(-8.51531274397099E-17,-40.9337366537452,
-138.189826913432));
#5815=CARTESIAN_POINT('Ctrl Pts',(-3.59214968349813E-16,-40.9232757846316,
-138.181043812395));
#5816=CARTESIAN_POINT('Ctrl Pts',(-8.20532728051431E-17,-40.9128079476168,
-138.172220510403));
#5817=CARTESIAN_POINT('Ctrl Pts',(-7.78541795848723E-17,-40.9023322605064,
-138.163357151026));
#5818=CARTESIAN_POINT('Ctrl Pts',(-3.45844614851569E-16,-40.8939290940826,
-138.156247327763));
#5819=CARTESIAN_POINT('Ctrl Pts',(-6.99548925094298E-17,-40.8855263156285,
-138.149116318282));
#5820=CARTESIAN_POINT('Ctrl Pts',(-6.4206520792894E-17,-40.8771311230253,
-138.14197081809));
#5821=CARTESIAN_POINT('Ctrl Pts',(-2.82670527041614E-16,-40.8155233384749,
-138.089533851228));
#5822=CARTESIAN_POINT('Ctrl Pts',(8.75331747792717E-16,-40.7541985709297,
-138.036214185731));
#5823=CARTESIAN_POINT('Ctrl Pts',(9.46297802724359E-16,-40.6929739126387,
-137.982069904878));
#5824=CARTESIAN_POINT('Ctrl Pts',(8.84803228073045E-16,-40.6259367594506,
-137.922785320021));
#5825=CARTESIAN_POINT('Ctrl Pts',(-1.09723467217618E-16,-40.5590195287946,
-137.862511510559));
#5826=CARTESIAN_POINT('Ctrl Pts',(7.03494267829208E-16,-40.4919710776644,
-137.801263531267));
#5827=CARTESIAN_POINT('Ctrl Pts',(1.07510710952828E-15,-40.4105676659169,
-137.726902462621));
#5828=CARTESIAN_POINT('Ctrl Pts',(4.68564876177806E-17,-40.3289707046433,
-137.651104522763));
#5829=CARTESIAN_POINT('Ctrl Pts',(8.31172884019819E-16,-40.2467165479371,
-137.573820230553));
#5830=CARTESIAN_POINT('Ctrl Pts',(1.15732933645051E-15,-40.1478979408489,
-137.480972325817));
#5831=CARTESIAN_POINT('Ctrl Pts',(8.71931819312926E-16,-40.0481296792878,
-137.385972283082));
#5832=CARTESIAN_POINT('Ctrl Pts',(8.63900652229537E-16,-39.9465985806553,
-137.288693591799));
#5833=CARTESIAN_POINT('Ctrl Pts',(2.41417532268028E-16,-39.8704502566809,
-137.215734573337));
#5834=CARTESIAN_POINT('Ctrl Pts',(1.14061197115087E-15,-39.7933098948004,
-137.141491522147));
#5835=CARTESIAN_POINT('Ctrl Pts',(2.01687422735422E-16,-39.714839686315,
-137.065947089314));
#5836=CARTESIAN_POINT('Ctrl Pts',(5.45774834426056E-17,-39.651004418411,
-137.004491930704));
#5837=CARTESIAN_POINT('Ctrl Pts',(1.09299708193912E-15,-39.5862890519412,
-136.942175416556));
#5838=CARTESIAN_POINT('Ctrl Pts',(1.2899597286032E-16,-39.5205177107861,
-136.879025457245));
#5839=CARTESIAN_POINT('Ctrl Pts',(-1.56518068983392E-16,-39.4589489105376,
-136.819910542417));
#5840=CARTESIAN_POINT('Ctrl Pts',(6.88589838208027E-16,-39.3964546691819,
-136.760064714));
#5841=CARTESIAN_POINT('Ctrl Pts',(6.55668157347578E-16,-39.3328975670139,
-136.699552579221));
#5842=CARTESIAN_POINT('Ctrl Pts',(7.81116976415727E-18,-39.2734321159342,
-136.642936067962));
#5843=CARTESIAN_POINT('Ctrl Pts',(5.91870932448974E-16,-39.2130361813807,
-136.585735902872));
#5844=CARTESIAN_POINT('Ctrl Pts',(5.57799726957045E-16,-39.1516045471585,
-136.528049195052));
#5845=CARTESIAN_POINT('Ctrl Pts',(-9.17535291556458E-17,-39.0932672728994,
-136.473268212294));
#5846=CARTESIAN_POINT('Ctrl Pts',(4.92116223017233E-16,-39.0339959445942,
-136.41804809691));
#5847=CARTESIAN_POINT('Ctrl Pts',(4.59013334602028E-16,-38.9737082336075,
-136.362518564561));
#5848=CARTESIAN_POINT('Ctrl Pts',(-1.60030205844326E-16,-38.9705104174339,
-136.359573134493));
#5849=CARTESIAN_POINT('Ctrl Pts',(8.5050098474708E-16,-38.9673097436976,
-136.356626846093));
#5850=CARTESIAN_POINT('Ctrl Pts',(8.97738199678243E-16,-38.9641062008188,
-136.353679722936));
#5851=CARTESIAN_POINT('Ctrl Pts',(7.52444479905093E-16,-38.9582203673221,
-136.348265006526));
#5852=CARTESIAN_POINT('Ctrl Pts',(4.47304929604629E-16,-38.9523248486089,
-136.342847471974));
#5853=CARTESIAN_POINT('Ctrl Pts',(4.44089209849994E-16,-38.9464195735399,
-136.337427269536));
#5854=CARTESIAN_POINT('Ctrl Pts',(-2.10673507352846E-16,-38.8777210891034,
-136.274371833759));
#5855=CARTESIAN_POINT('Ctrl Pts',(1.35157037394365E-17,-38.8065985219916,
-136.209946606087));
#5856=CARTESIAN_POINT('Ctrl Pts',(-2.34835307951785E-17,-38.733611523309,
-136.14480147282));
#5857=CARTESIAN_POINT('Ctrl Pts',(-3.21070271602057E-16,-38.6626600783269,
-136.081473189397));
#5858=CARTESIAN_POINT('Ctrl Pts',(-9.49624385771503E-17,-38.5899470156249,
-136.017464852011));
#5859=CARTESIAN_POINT('Ctrl Pts',(-1.29648495583084E-16,-38.5159878469689,
-135.953325964952));
#5860=CARTESIAN_POINT('Ctrl Pts',(-4.25217857817459E-16,-38.4434351370095,
-135.890406787323));
#5861=CARTESIAN_POINT('Ctrl Pts',(-1.96907170498396E-16,-38.3696835356256,
-135.827362127092));
#5862=CARTESIAN_POINT('Ctrl Pts',(-2.29073561934449E-16,-38.2952170978551,
-135.764661356009));
#5863=CARTESIAN_POINT('Ctrl Pts',(-5.22248035939867E-16,-38.2216956895248,
-135.702756300101));
#5864=CARTESIAN_POINT('Ctrl Pts',(4.03591789468941E-16,-38.1474777445764,
-135.641186529701));
#5865=CARTESIAN_POINT('Ctrl Pts',(-5.82328987535276E-16,-38.0730225414756,
-135.580353524675));
#5866=CARTESIAN_POINT('Ctrl Pts',(-1.31186042159443E-15,-37.9982031322475,
-135.519222948059));
#5867=CARTESIAN_POINT('Ctrl Pts',(-3.79076225466056E-16,-37.9231444390446,
-135.458836477625));
#5868=CARTESIAN_POINT('Ctrl Pts',(-4.06111261399603E-16,-37.848301493814,
-135.399548852124));
#5869=CARTESIAN_POINT('Ctrl Pts',(-6.93617751459741E-16,-37.7746505076229,
-135.341205449501));
#5870=CARTESIAN_POINT('Ctrl Pts',(-4.58002071380637E-16,-37.7012086794977,
-135.283926009477));
#5871=CARTESIAN_POINT('Ctrl Pts',(-4.81913302389935E-16,-37.6283951239728,
-135.227998357266));
#5872=CARTESIAN_POINT('Ctrl Pts',(-7.66867688869213E-16,-37.5538139592102,
-135.170713015076));
#5873=CARTESIAN_POINT('Ctrl Pts',(-5.29454393794476E-16,-37.4798922693267,
-135.114845976927));
#5874=CARTESIAN_POINT('Ctrl Pts',(-5.51056303812276E-16,-37.4070607027828,
-135.060653473173));
#5875=CARTESIAN_POINT('Ctrl Pts',(-8.32520320615017E-16,-37.3342291362389,
-135.006460969418));
#5876=CARTESIAN_POINT('Ctrl Pts',(-5.92813328634738E-16,-37.2624878974263,
-134.953942780298));
#5877=CARTESIAN_POINT('Ctrl Pts',(-6.11563347396677E-16,-37.1922441885363,
-134.903304011493));
#5878=CARTESIAN_POINT('Ctrl Pts',(-8.73563933818853E-16,-37.1822090941555,
-134.896069700658));
#5879=CARTESIAN_POINT('Ctrl Pts',(2.6971355066194E-16,-37.1721974677829,
-134.88886857544));
#5880=CARTESIAN_POINT('Ctrl Pts',(2.671022403808E-16,-37.1622053808953,
-134.881697596927));
#5881=CARTESIAN_POINT('Ctrl Pts',(1.57409667241237E-17,-37.0452339550535,
-134.797751211075));
#5882=CARTESIAN_POINT('Ctrl Pts',(-6.7750287018834E-16,-36.9311232417608,
-134.718068085159));
#5883=CARTESIAN_POINT('Ctrl Pts',(-7.0172814288082E-16,-36.8201178213083,
-134.642493233578));
#5884=CARTESIAN_POINT('Ctrl Pts',(-9.83007935422044E-16,-36.7087017606166,
-134.566638809388));
#5885=CARTESIAN_POINT('Ctrl Pts',(-7.4732755382095E-16,-36.600414152737,
-134.494922848336));
#5886=CARTESIAN_POINT('Ctrl Pts',(-7.66069069530312E-16,-36.4954580866775,
-134.427160212337));
#5887=CARTESIAN_POINT('Ctrl Pts',(-1.03958024159791E-15,-36.3892724348762,
-134.35860372064));
#5888=CARTESIAN_POINT('Ctrl Pts',(-8.01388914704406E-16,-36.2864969710902,
-134.294093468643));
#5889=CARTESIAN_POINT('Ctrl Pts',(-8.1561580726455E-16,-36.1872946648724,
-134.23341257034));
#5890=CARTESIAN_POINT('Ctrl Pts',(-1.08148501883231E-15,-36.0870684249486,
-134.172105343685));
#5891=CARTESIAN_POINT('Ctrl Pts',(-8.42187708934908E-16,-35.9904895155757,
-134.114706633322));
#5892=CARTESIAN_POINT('Ctrl Pts',(-8.52651791674524E-16,-35.8976767432749,
-134.060971433572));
#5893=CARTESIAN_POINT('Ctrl Pts',(-1.11113529388861E-15,-35.802740324978,
-134.00600672048));
#5894=CARTESIAN_POINT('Ctrl Pts',(-8.7224502560702E-16,-35.7117443876029,
-133.954874774523));
#5895=CARTESIAN_POINT('Ctrl Pts',(-8.79739453792644E-16,-35.6247641830166,
-133.907295757826));
#5896=CARTESIAN_POINT('Ctrl Pts',(-1.12707398422072E-15,-35.5895520631732,
-133.888034386277));
#5897=CARTESIAN_POINT('Ctrl Pts',(-8.85578056324585E-16,-35.5549974839079,
-133.869355121036));
#5898=CARTESIAN_POINT('Ctrl Pts',(-8.88178419700129E-16,-35.5211031147427,
-133.851238789393));
#5899=CARTESIAN_POINT('Ctrl Pts',(-1.13665898007509E-15,-35.4736563475231,
-133.825878784429));
#5900=CARTESIAN_POINT('Ctrl Pts',(-1.35447320412233E-15,-35.4281265188111,
-133.80195243535));
#5901=CARTESIAN_POINT('Ctrl Pts',(-1.3549538499264E-15,-35.384271096392,
-133.77921145306));
#5902=CARTESIAN_POINT('Ctrl Pts',(-1.15065641520893E-15,-35.3379947332559,
-133.755215105596));
#5903=CARTESIAN_POINT('Ctrl Pts',(-1.35582318299821E-15,-35.2935829371333,
-133.732538916153));
#5904=CARTESIAN_POINT('Ctrl Pts',(-1.35607467131566E-15,-35.2507856613866,
-133.710943000723));
#5905=CARTESIAN_POINT('Ctrl Pts',(-1.16262322149723E-15,-35.2053962003012,
-133.688039043731));
#5906=CARTESIAN_POINT('Ctrl Pts',(-1.35648359077276E-15,-35.1618229750108,
-133.66635052422));
#5907=CARTESIAN_POINT('Ctrl Pts',(-1.35653298808197E-15,-35.1198026910074,
-133.645642906259));
#5908=CARTESIAN_POINT('Ctrl Pts',(-1.17276240711334E-15,-35.0749513684971,
-133.623540151039));
#5909=CARTESIAN_POINT('Ctrl Pts',(-1.35653266372611E-15,-35.0318695251145,
-133.602555299652));
#5910=CARTESIAN_POINT('Ctrl Pts',(-1.35640288897261E-15,-34.9902721240707,
-133.582454559092));
#5911=CARTESIAN_POINT('Ctrl Pts',(-3.9632234701754E-15,-34.9454903327112,
-133.560815054042));
#5912=CARTESIAN_POINT('Ctrl Pts',(-2.2384728049442E-15,-34.9024292251687,
-133.540200633179));
#5913=CARTESIAN_POINT('Ctrl Pts',(-2.23783017485699E-15,-34.8607685673117,
-133.520370799818));
#5914=CARTESIAN_POINT('Ctrl Pts',(6.67081976778547E-16,-34.8153487283417,
-133.498751653978));
#5915=CARTESIAN_POINT('Ctrl Pts',(7.98659679280335E-16,-34.7715937878766,
-133.478065588842));
#5916=CARTESIAN_POINT('Ctrl Pts',(7.99757107442632E-16,-34.7291246794044,
-133.458052013214));
#5917=CARTESIAN_POINT('Ctrl Pts',(6.62306025680661E-16,-34.6815183169325,
-133.435617505639));
#5918=CARTESIAN_POINT('Ctrl Pts',(8.02289512315293E-16,-34.6355280512663,
-133.414028665276));
#5919=CARTESIAN_POINT('Ctrl Pts',(8.03649958531864E-16,-34.5906577343063,
-133.392970608515));
#5920=CARTESIAN_POINT('Ctrl Pts',(6.58976579516317E-16,-34.5361189707074,
-133.367375059891));
#5921=CARTESIAN_POINT('Ctrl Pts',(8.07042932210865E-16,-34.4832353124822,
-133.342564759301));
#5922=CARTESIAN_POINT('Ctrl Pts',(8.08861999550827E-16,-34.4311621452316,
-133.31803402308));
#5923=CARTESIAN_POINT('Ctrl Pts',(6.57613479232452E-16,-34.3951817509033,
-133.301084303887));
#5924=CARTESIAN_POINT('Ctrl Pts',(8.11414261898984E-16,-34.3595893462312,
-133.284269400505));
#5925=CARTESIAN_POINT('Ctrl Pts',(8.12750411244572E-16,-34.3241124965257,
-133.267428680505));
#5926=CARTESIAN_POINT('Ctrl Pts',(6.57576829238117E-16,-34.3070934598926,
-133.259349811243));
#5927=CARTESIAN_POINT('Ctrl Pts',(8.1404180497739E-16,-34.2901010523462,
-133.251265016502));
#5928=CARTESIAN_POINT('Ctrl Pts',(8.14702139319224E-16,-34.2731052479698,
-133.243156421463));
#5929=CARTESIAN_POINT('Ctrl Pts',(6.57758728880387E-16,-34.2650235212064,
-133.239300678711));
#5930=CARTESIAN_POINT('Ctrl Pts',(8.15332451134614E-16,-34.2569392179333,
-133.235438686278));
#5931=CARTESIAN_POINT('Ctrl Pts',(8.15650916527207E-16,-34.2488548981377,
-133.2315712726));
#5932=CARTESIAN_POINT('Ctrl Pts',(6.57963334974513E-16,-34.2342154092152,
-133.224567967298));
#5933=CARTESIAN_POINT('Ctrl Pts',(8.16810403995195E-16,-34.2196000077089,
-133.217558430019));
#5934=CARTESIAN_POINT('Ctrl Pts',(8.17398781654166E-16,-34.2050098632815,
-133.210541140063));
#5935=CARTESIAN_POINT('Ctrl Pts',(6.59144510234981E-16,-34.1140528309077,
-133.166794357918));
#5936=CARTESIAN_POINT('Ctrl Pts',(8.24952979115492E-16,-34.023999420775,
-133.122706461194));
#5937=CARTESIAN_POINT('Ctrl Pts',(8.28997690794666E-16,-33.9338380940155,
-133.077313720255));
#5938=CARTESIAN_POINT('Ctrl Pts',(6.65665807475322E-16,-33.8474485546675,
-133.033819928399));
#5939=CARTESIAN_POINT('Ctrl Pts',(8.36894867842238E-16,-33.7609634944927,
-132.989133577111));
#5940=CARTESIAN_POINT('Ctrl Pts',(8.41024775748657E-16,-33.6734995428607,
-132.942403618808));
#5941=CARTESIAN_POINT('Ctrl Pts',(6.74697857297418E-16,-33.6036797127099,
-132.905100504887));
#5942=CARTESIAN_POINT('Ctrl Pts',(-2.50844537135489E-15,-33.5332367985396,
-132.86649597153));
#5943=CARTESIAN_POINT('Ctrl Pts',(-1.33431937129622E-15,-33.4617033686493,
-132.826123190036));
#5944=CARTESIAN_POINT('Ctrl Pts',(-1.75546290506685E-16,-33.3993593239592,
-132.79093680938));
#5945=CARTESIAN_POINT('Ctrl Pts',(8.57108903483768E-16,-33.3361871113102,
-132.754407484487));
#5946=CARTESIAN_POINT('Ctrl Pts',(8.60161096077637E-16,-33.2718574244133,
-132.716192093996));
#5947=CARTESIAN_POINT('Ctrl Pts',(6.92977764751223E-16,-33.2108664371306,
-132.679960075657));
#5948=CARTESIAN_POINT('Ctrl Pts',(8.65976595707755E-16,-33.1488352646515,
-132.642212850326));
#5949=CARTESIAN_POINT('Ctrl Pts',(8.68917507964438E-16,-33.0854609704986,
-132.602620837418));
#5950=CARTESIAN_POINT('Ctrl Pts',(7.02469598069126E-16,-33.0247850034185,
-132.564714558477));
#5951=CARTESIAN_POINT('Ctrl Pts',(8.745665362942E-16,-32.9628780743119,
-132.525117572724));
#5952=CARTESIAN_POINT('Ctrl Pts',(8.77408803820193E-16,-32.8994499053575,
-132.483500524707));
#5953=CARTESIAN_POINT('Ctrl Pts',(7.12061187973299E-16,-32.8393567291879,
-132.444071661486));
#5954=CARTESIAN_POINT('Ctrl Pts',(8.8280249866281E-16,-32.7778981953963,
-132.402829747541));
#5955=CARTESIAN_POINT('Ctrl Pts',(8.85502588121302E-16,-32.714802774001,
-132.359454526944));
#5956=CARTESIAN_POINT('Ctrl Pts',(7.19508690626148E-16,-32.6939547724777,
-132.34512247804));
#5957=CARTESIAN_POINT('Ctrl Pts',(8.87286817154914E-16,-32.6729278433931,
-132.330557169261));
#5958=CARTESIAN_POINT('Ctrl Pts',(8.88178419700131E-16,-32.6517115181215,
-132.315745957091));
#5959=CARTESIAN_POINT('Ctrl Pts',(7.7715611723761E-16,-32.6046748994461,
-132.282909481874));
#5960=CARTESIAN_POINT('Ctrl Pts',(9.152452848444E-16,-32.557180295728,-132.249196820704));
#5961=CARTESIAN_POINT('Ctrl Pts',(9.15039301951095E-16,-32.5089683654435,
-132.214446491811));
#5962=CARTESIAN_POINT('Ctrl Pts',(7.78147296057096E-16,-32.4581294871657,
-132.177802704055));
#5963=CARTESIAN_POINT('Ctrl Pts',(9.14702154289182E-16,-32.4064926178863,
-132.140004886472));
#5964=CARTESIAN_POINT('Ctrl Pts',(9.1466732119946E-16,-32.3537235927316,
-132.100809663048));
#5965=CARTESIAN_POINT('Ctrl Pts',(7.8040776307915E-16,-32.2972823161947,
-132.058886803231));
#5966=CARTESIAN_POINT('Ctrl Pts',(9.146903192321E-16,-32.2395452675928,
-132.015365059453));
#5967=CARTESIAN_POINT('Ctrl Pts',(9.14836854925384E-16,-32.1800771468586,
-131.96988946842));
#5968=CARTESIAN_POINT('Ctrl Pts',(7.84179913306195E-16,-32.1144815284569,
-131.919728147041));
#5969=CARTESIAN_POINT('Ctrl Pts',(9.15265423908741E-16,-32.0467785165024,
-131.867189198625));
#5970=CARTESIAN_POINT('Ctrl Pts',(9.15623217264115E-16,-31.9763664135913,
-131.811732981038));
#5971=CARTESIAN_POINT('Ctrl Pts',(7.89866994721792E-16,-31.9003808017465,
-131.751887095888));
#5972=CARTESIAN_POINT('Ctrl Pts',(9.16502001378466E-16,-31.8212372091605,
-131.68864186046));
#5973=CARTESIAN_POINT('Ctrl Pts',(9.17075418009918E-16,-31.7381932299435,
-131.621266949652));
#5974=CARTESIAN_POINT('Ctrl Pts',(-2.1539259876114E-15,-31.6655297481285,
-131.562313902696));
#5975=CARTESIAN_POINT('Ctrl Pts',(9.18141049789436E-16,-31.589878252227,
-131.500196426653));
#5976=CARTESIAN_POINT('Ctrl Pts',(9.18737249013838E-16,-31.5107838430713,
-131.434421805432));
#5977=CARTESIAN_POINT('Ctrl Pts',(8.0298089675876E-16,-31.4992707748521,
-131.424847580031));
#5978=CARTESIAN_POINT('Ctrl Pts',(9.1891147106543E-16,-31.4876848666654,
-131.415195898384));
#5979=CARTESIAN_POINT('Ctrl Pts',(9.18999440319525E-16,-31.4760248383049,
-131.405465284052));
#5980=CARTESIAN_POINT('Ctrl Pts',(8.04026901377226E-16,-31.4695016043553,
-131.400021465924));
#5981=CARTESIAN_POINT('Ctrl Pts',(9.19098035488426E-16,-31.4629551724014,
-131.394552943168));
#5982=CARTESIAN_POINT('Ctrl Pts',(9.19147558732169E-16,-31.4563853236091,
-131.389059459761));
#5983=CARTESIAN_POINT('Ctrl Pts',(8.04696266821874E-16,-31.4505414124756,
-131.384172980657));
#5984=CARTESIAN_POINT('Ctrl Pts',(9.19235781288188E-16,-31.4446779907806,
-131.379265923901));
#5985=CARTESIAN_POINT('Ctrl Pts',(9.19279953950661E-16,-31.4388084783179,
-131.374349493561));
#5986=CARTESIAN_POINT('Ctrl Pts',(8.07517121230208E-16,-31.3709402064533,
-131.317501564018));
#5987=CARTESIAN_POINT('Ctrl Pts',(9.20305658508133E-16,-31.3018364985351,
-131.259054277652));
#5988=CARTESIAN_POINT('Ctrl Pts',(9.2080015980171E-16,-31.2304847639171,
-131.198107219645));
#5989=CARTESIAN_POINT('Ctrl Pts',(8.14838368117162E-16,-31.1680519961263,
-131.14477854389));
#5990=CARTESIAN_POINT('Ctrl Pts',(9.21650175117415E-16,-31.1038966399004,
-131.089533588372));
#5991=CARTESIAN_POINT('Ctrl Pts',(9.22024910170832E-16,-31.0373745942163,
-131.031756326889));
#5992=CARTESIAN_POINT('Ctrl Pts',(8.21587281789434E-16,-30.9791678042426,
-130.981201223091));
#5993=CARTESIAN_POINT('Ctrl Pts',(9.22648205530688E-16,-30.9191483065718,
-130.928706069312));
#5994=CARTESIAN_POINT('Ctrl Pts',(9.22881663073527E-16,-30.8569261727061,
-130.873870209512));
#5995=CARTESIAN_POINT('Ctrl Pts',(8.27658649206443E-16,-30.8024818055736,
-130.825888832187));
#5996=CARTESIAN_POINT('Ctrl Pts',(9.2324281688233E-16,-30.7463507998539,
-130.776114758671));
#5997=CARTESIAN_POINT('Ctrl Pts',(9.2332253476338E-16,-30.6883116072752,
-130.724300585642));
#5998=CARTESIAN_POINT('Ctrl Pts',(8.32960325366409E-16,-30.6375273137688,
-130.678963184242));
#5999=CARTESIAN_POINT('Ctrl Pts',(9.23402949153329E-16,-30.5852820636534,
-130.632063601871));
#6000=CARTESIAN_POINT('Ctrl Pts',(9.23326329451871E-16,-30.5314612303142,
-130.583458197007));
#6001=CARTESIAN_POINT('Ctrl Pts',(8.37512022612485E-16,-30.4815633774885,
-130.538395622014));
#6002=CARTESIAN_POINT('Ctrl Pts',(9.23109279081956E-16,-30.4303110460087,
-130.491866535147));
#6003=CARTESIAN_POINT('Ctrl Pts',(9.22857959532704E-16,-30.3776458275831,
-130.443780573663));
#6004=CARTESIAN_POINT('Ctrl Pts',(8.41417318069601E-16,-30.3280537506354,
-130.39850054306));
#6005=CARTESIAN_POINT('Ctrl Pts',(9.22291324432502E-16,-30.2772086340503,
-130.351839740115));
#6006=CARTESIAN_POINT('Ctrl Pts',(9.21834827063613E-16,-30.2250952324245,
-130.303749082633));
#6007=CARTESIAN_POINT('Ctrl Pts',(8.4458352881928E-16,-30.1757335938012,
-130.258197773723));
#6008=CARTESIAN_POINT('Ctrl Pts',(9.20856577244091E-16,-30.1252338568742,
-130.211363360874));
#6009=CARTESIAN_POINT('Ctrl Pts',(9.20161124858982E-16,-30.0736172431325,
-130.163232433873));
#6010=CARTESIAN_POINT('Ctrl Pts',(8.46868310527756E-16,-30.0244946493427,
-130.117427104843));
#6011=CARTESIAN_POINT('Ctrl Pts',(9.18701979535813E-16,-29.9743602989838,
-130.070447280438));
#6012=CARTESIAN_POINT('Ctrl Pts',(9.1773010581603E-16,-29.9232672783855,
-130.022311354472));
#6013=CARTESIAN_POINT('Ctrl Pts',(8.48107720664693E-16,-29.8744525577284,
-129.976321868));
#6014=CARTESIAN_POINT('Ctrl Pts',(9.15713716335424E-16,-29.8247625655508,
-129.929276856878));
#6015=CARTESIAN_POINT('Ctrl Pts',(9.14424363889159E-16,-29.7742789795821,
-129.881223761497));
#6016=CARTESIAN_POINT('Ctrl Pts',(8.48119016337437E-16,-29.7267048939659,
-129.835940090975));
#6017=CARTESIAN_POINT('Ctrl Pts',(9.11815345986337E-16,-29.6784259823909,
-129.789761074692));
#6018=CARTESIAN_POINT('Ctrl Pts',(9.10199486529478E-16,-29.6295444321791,
-129.742757182819));
#6019=CARTESIAN_POINT('Ctrl Pts',(8.46742137577043E-16,-29.582503995632,
-129.697523682991));
#6020=CARTESIAN_POINT('Ctrl Pts',(9.06884037674343E-16,-29.534905300716,
-129.651526086129));
#6021=CARTESIAN_POINT('Ctrl Pts',(9.04872185565621E-16,-29.4868735148235,
-129.604858831714));
#6022=CARTESIAN_POINT('Ctrl Pts',(8.43764652079203E-16,-29.4402985219311,
-129.559606984375));
#6023=CARTESIAN_POINT('Ctrl Pts',(9.00734176166687E-16,-29.3933161218164,
-129.513725271534));
#6024=CARTESIAN_POINT('Ctrl Pts',(8.98260869690844E-16,-29.3460757036355,
-129.46733307373));
#6025=CARTESIAN_POINT('Ctrl Pts',(8.38944844559701E-16,-29.300730051408,
-129.422801620608));
#6026=CARTESIAN_POINT('Ctrl Pts',(8.93249044471805E-16,-29.2551465567387,
-129.377799678824));
#6027=CARTESIAN_POINT('Ctrl Pts',(8.90295870832342E-16,-29.2094923651434,
-129.332466349816));
#6028=CARTESIAN_POINT('Ctrl Pts',(8.33883264796961E-16,-29.1988501460589,
-129.321898925396));
#6029=CARTESIAN_POINT('Ctrl Pts',(8.88901895366257E-16,-29.1882042450195,
-129.311313647904));
#6030=CARTESIAN_POINT('Ctrl Pts',(8.88178419700105E-16,-29.177557078576,
-129.300712568587));
#6031=CARTESIAN_POINT('Ctrl Pts',(7.77156117237608E-16,-29.1383956099736,
-129.261720613592));
#6032=CARTESIAN_POINT('Ctrl Pts',(-9.35516899009072E-16,-29.0982998219899,
-129.221599746313));
#6033=CARTESIAN_POINT('Ctrl Pts',(-9.35061356611237E-16,-29.0577295975903,
-129.180794689341));
#6034=CARTESIAN_POINT('Ctrl Pts',(-1.2615749488336E-15,-29.0201435621298,
-129.142991094686));
#6035=CARTESIAN_POINT('Ctrl Pts',(6.03934076039761E-16,-28.9821500240456,
-129.104600236708));
#6036=CARTESIAN_POINT('Ctrl Pts',(6.01783709003383E-16,-28.9440714672105,
-129.065950114012));
#6037=CARTESIAN_POINT('Ctrl Pts',(7.7262476062796E-16,-28.9062557760543,
-129.027566802655));
#6038=CARTESIAN_POINT('Ctrl Pts',(5.9716178233719E-16,-28.8683562575944,
-128.988927957757));
#6039=CARTESIAN_POINT('Ctrl Pts',(5.94346677307522E-16,-28.8306458234135,
-128.950327173269));
#6040=CARTESIAN_POINT('Ctrl Pts',(7.67858612811019E-16,-28.7928816811921,
-128.911671412684));
#6041=CARTESIAN_POINT('Ctrl Pts',(-9.33724608618655E-16,-28.755307098318,
-128.873053951629));
#6042=CARTESIAN_POINT('Ctrl Pts',(-9.33858336773434E-16,-28.7181531914344,
-128.834739548316));
#6043=CARTESIAN_POINT('Ctrl Pts',(-1.25210013999794E-15,-28.6806757060113,
-128.796091459539));
#6044=CARTESIAN_POINT('Ctrl Pts',(-9.34206441867353E-16,-28.6436261130418,
-128.75775183455));
#6045=CARTESIAN_POINT('Ctrl Pts',(-9.34476961033763E-16,-28.6071994324771,
-128.719959980263));
#6046=CARTESIAN_POINT('Ctrl Pts',(-1.24931107042257E-15,-28.5698024033522,
-128.68116141137));
#6047=CARTESIAN_POINT('Ctrl Pts',(-3.33532047397018E-15,-28.5330617581974,
-128.642940332063));
#6048=CARTESIAN_POINT('Ctrl Pts',(-3.33131427567754E-15,-28.4971463607482,
-128.605519571234));
#6049=CARTESIAN_POINT('Ctrl Pts',(-3.23732442269134E-15,-28.4604468204502,
-128.567281800875));
#6050=CARTESIAN_POINT('Ctrl Pts',(-9.36257096553858E-16,-28.4246086238417,
-128.529879726824));
#6051=CARTESIAN_POINT('Ctrl Pts',(-9.36675273010939E-16,-28.389772309174,
-128.493512377796));
#6052=CARTESIAN_POINT('Ctrl Pts',(-1.24428452332311E-15,-28.3534322330981,
-128.45557517798));
#6053=CARTESIAN_POINT('Ctrl Pts',(-4.25560011500176E-16,-28.3181820233329,
-128.41876406584));
#6054=CARTESIAN_POINT('Ctrl Pts',(-4.27878744033822E-16,-28.284143889697,
-128.383261861685));
#6055=CARTESIAN_POINT('Ctrl Pts',(-2.59308924564506E-16,-28.2722096215319,
-128.370814268953));
#6056=CARTESIAN_POINT('Ctrl Pts',(-9.38251177565637E-16,-28.2604240593395,
-128.358527200615));
#6057=CARTESIAN_POINT('Ctrl Pts',(-9.38387951946109E-16,-28.2487915996472,
-128.346407337551));
#6058=CARTESIAN_POINT('Ctrl Pts',(-1.24190142413007E-15,-28.2422828260781,
-128.339625844517));
#6059=CARTESIAN_POINT('Ctrl Pts',(-4.31237158561032E-16,-28.2358195288947,
-128.332894134266));
#6060=CARTESIAN_POINT('Ctrl Pts',(-4.31694240098743E-16,-28.2293937350972,
-128.326204261123));
#6061=CARTESIAN_POINT('Ctrl Pts',(-2.60536697357444E-16,-28.1873014449158,
-128.28238211393));
#6062=CARTESIAN_POINT('Ctrl Pts',(-4.22419154785484E-15,-28.1469006104333,
-128.240441834092));
#6063=CARTESIAN_POINT('Ctrl Pts',(-4.21589405244584E-15,-28.1078837148549,
-128.200157074887));
#6064=CARTESIAN_POINT('Ctrl Pts',(-1.23833769344419E-15,-28.0672894166145,
-128.158243654933));
#6065=CARTESIAN_POINT('Ctrl Pts',(-9.40309322215384E-16,-28.0281935846527,
-128.118122301416));
#6066=CARTESIAN_POINT('Ctrl Pts',(-9.40321895381637E-16,-27.9902933244828,
-128.079573508081));
#6067=CARTESIAN_POINT('Ctrl Pts',(-1.23603690499957E-15,-27.9500245840121,
-128.038615706015));
#6068=CARTESIAN_POINT('Ctrl Pts',(-9.40151934461181E-16,-27.9111058332545,
-127.999432972696));
#6069=CARTESIAN_POINT('Ctrl Pts',(-9.39714508022382E-16,-27.8732166321161,
-127.961802969792));
#6070=CARTESIAN_POINT('Ctrl Pts',(-2.842729175205E-16,-27.8338322704754,
-127.922688034709));
#6071=CARTESIAN_POINT('Ctrl Pts',(-9.38530933810094E-16,-27.7955609055844,
-127.88525072969));
#6072=CARTESIAN_POINT('Ctrl Pts',(-9.37460547833145E-16,-27.7580801889527,
-127.849285965067));
#6073=CARTESIAN_POINT('Ctrl Pts',(-4.05268689917965E-15,-27.7192177274476,
-127.811995341879));
#6074=CARTESIAN_POINT('Ctrl Pts',(-9.34874169081598E-16,-27.6812060250455,
-127.776287741356));
#6075=CARTESIAN_POINT('Ctrl Pts',(-9.32946622527397E-16,-27.6437149466196,
-127.741982766872));
#6076=CARTESIAN_POINT('Ctrl Pts',(-1.22893833226693E-15,-27.6048317869844,
-127.706404014403));
#6077=CARTESIAN_POINT('Ctrl Pts',(4.32275707163578E-16,-27.5665095823065,
-127.672333828182));
#6078=CARTESIAN_POINT('Ctrl Pts',(4.30685962835248E-16,-27.5283977279333,
-127.639623807819));
#6079=CARTESIAN_POINT('Ctrl Pts',(6.22892462220021E-16,-27.4902494326698,
-127.606882511564));
#6080=CARTESIAN_POINT('Ctrl Pts',(4.28594615318656E-16,-27.4523130312285,
-127.575504075881));
#6081=CARTESIAN_POINT('Ctrl Pts',(4.29451315877167E-16,-27.4142382738223,
-127.5453916731));
#6082=CARTESIAN_POINT('Ctrl Pts',(6.1445562030098E-16,-27.3774025502734,
-127.516259192165));
#6083=CARTESIAN_POINT('Ctrl Pts',(4.32377941489486E-16,-27.3404383481448,
-127.488311979637));
#6084=CARTESIAN_POINT('Ctrl Pts',(4.36050370019047E-16,-27.3030140616168,
-127.46150775018));
#6085=CARTESIAN_POINT('Ctrl Pts',(-2.13552358210257E-15,-27.2813442012543,
-127.445987242955));
#6086=CARTESIAN_POINT('Ctrl Pts',(4.40832495456307E-16,-27.2595197420131,
-127.430850777542));
#6087=CARTESIAN_POINT('Ctrl Pts',(4.44089209850085E-16,-27.2374718987365,
-127.416096944419));
#6088=CARTESIAN_POINT('Ctrl Pts',(6.21328983436056E-16,-27.2052579371231,
-127.394540213998));
#6089=CARTESIAN_POINT('Ctrl Pts',(5.1727460511667E-16,-27.1723071033789,
-127.373632371759));
#6090=CARTESIAN_POINT('Ctrl Pts',(5.27534071726775E-16,-27.1387130446636,
-127.353404728984));
#6091=CARTESIAN_POINT('Ctrl Pts',(6.58029516817761E-16,-27.1044063171823,
-127.332747974343));
#6092=CARTESIAN_POINT('Ctrl Pts',(-1.93811155156437E-15,-27.069428789321,
-127.312800502002));
#6093=CARTESIAN_POINT('Ctrl Pts',(-1.92606562845538E-15,-27.0338833967898,
-127.293540134133));
#6094=CARTESIAN_POINT('Ctrl Pts',(7.0021918412799E-16,-26.9971424021657,
-127.27363192601));
#6095=CARTESIAN_POINT('Ctrl Pts',(5.87725847985217E-16,-26.9597947092516,
-127.254457651309));
#6096=CARTESIAN_POINT('Ctrl Pts',(6.01774247021653E-16,-26.9219572744689,
-127.235935856695));
#6097=CARTESIAN_POINT('Ctrl Pts',(7.47601554615989E-16,-26.882171146754,
-127.216460157821));
#6098=CARTESIAN_POINT('Ctrl Pts',(6.31973090791382E-16,-26.8418435509179,
-127.197705575324));
#6099=CARTESIAN_POINT('Ctrl Pts',(6.47720839749471E-16,-26.8011138287106,
-127.179518822091));
#6100=CARTESIAN_POINT('Ctrl Pts',(7.99983452903984E-16,-26.7568957876332,
-127.159774454637));
#6101=CARTESIAN_POINT('Ctrl Pts',(6.82290959349089E-16,-26.7122038213385,
-127.140698813846));
#6102=CARTESIAN_POINT('Ctrl Pts',(6.99664421734542E-16,-26.66721974735,
-127.122034339682));
#6103=CARTESIAN_POINT('Ctrl Pts',(8.58975968246516E-16,-26.6122132515056,
-127.099211433051));
#6104=CARTESIAN_POINT('Ctrl Pts',(7.42000371082E-16,-26.5567700516784,-127.077002218365));
#6105=CARTESIAN_POINT('Ctrl Pts',(7.62022501729296E-16,-26.5012270474233,
-127.054857163391));
#6106=CARTESIAN_POINT('Ctrl Pts',(9.25363779974635E-16,-26.4334277978536,
-127.027825530351));
#6107=CARTESIAN_POINT('Ctrl Pts',(8.09295538929096E-16,-26.3654803767369,
-127.0008803078));
#6108=CARTESIAN_POINT('Ctrl Pts',(8.28926758020237E-16,-26.2979989274702,
-126.972994610396));
#6109=CARTESIAN_POINT('Ctrl Pts',(9.78902604430713E-16,-26.2514148903042,
-126.953744455303));
#6110=CARTESIAN_POINT('Ctrl Pts',(-1.74162974073807E-15,-26.2050529552918,
-126.93404526688));
#6111=CARTESIAN_POINT('Ctrl Pts',(-1.73974720024721E-15,-26.1591128551827,
-126.913597915511));
#6112=CARTESIAN_POINT('Ctrl Pts',(1.00608467499874E-15,-26.1186844135693,
-126.89560373289));
#6113=CARTESIAN_POINT('Ctrl Pts',(8.80733200944529E-16,-26.0785826741651,
-126.877029874157));
#6114=CARTESIAN_POINT('Ctrl Pts',(8.86286418032692E-16,-26.0389413549796,
-126.857713452131));
#6115=CARTESIAN_POINT('Ctrl Pts',(1.01955165240024E-15,-26.0008619018542,
-126.839158096199));
#6116=CARTESIAN_POINT('Ctrl Pts',(8.95322686876603E-16,-25.9632073271952,
-126.819917109815));
#6117=CARTESIAN_POINT('Ctrl Pts',(8.9724300950618E-16,-25.9260934860575,
-126.799891798869));
#6118=CARTESIAN_POINT('Ctrl Pts',(1.02134179896249E-15,-25.890479586014,
-126.780675802883));
#6119=CARTESIAN_POINT('Ctrl Pts',(8.99287932800326E-16,-25.8553636047417,
-126.760737436617));
#6120=CARTESIAN_POINT('Ctrl Pts',(8.97782294858284E-16,-25.8208451675687,
-126.740036491403));
#6121=CARTESIAN_POINT('Ctrl Pts',(1.01208614430756E-15,-25.7864103255249,
-126.719385678765));
#6122=CARTESIAN_POINT('Ctrl Pts',(8.93078421759759E-16,-25.7525701549304,
-126.697975662922));
#6123=CARTESIAN_POINT('Ctrl Pts',(8.88178419700143E-16,-25.7194205471883,
-126.675818194553));
#6124=CARTESIAN_POINT('Ctrl Pts',(9.99200722162646E-16,-25.690838210084,
-126.656713527155));
#6125=CARTESIAN_POINT('Ctrl Pts',(9.4308943435363E-16,-25.662724556218,
-126.637031817985));
#6126=CARTESIAN_POINT('Ctrl Pts',(9.40582041523945E-16,-25.6348668137561,
-126.616774200603));
#6127=CARTESIAN_POINT('Ctrl Pts',(9.90618507157387E-16,-25.6053682815902,
-126.595323432338));
#6128=CARTESIAN_POINT('Ctrl Pts',(9.33724332797777E-16,-25.5761568824533,
-126.573226460161));
#6129=CARTESIAN_POINT('Ctrl Pts',(9.2818743314924E-16,-25.5469842199099,
-126.550425118504));
#6130=CARTESIAN_POINT('Ctrl Pts',(9.71473557854228E-16,-25.5145186888567,
-126.525050072105));
#6131=CARTESIAN_POINT('Ctrl Pts',(-2.28415197179895E-15,-25.4821014523027,
-126.498802455386));
#6132=CARTESIAN_POINT('Ctrl Pts',(-2.29421628580303E-15,-25.4493912089337,
-126.471535219291));
#6133=CARTESIAN_POINT('Ctrl Pts',(-2.01347654696083E-15,-25.4136840447715,
-126.44176975211));
#6134=CARTESIAN_POINT('Ctrl Pts',(8.82840981365644E-16,-25.3776283820985,
-126.410788217848));
#6135=CARTESIAN_POINT('Ctrl Pts',(8.69264524669472E-16,-25.340773601199,
-126.378333886303));
#6136=CARTESIAN_POINT('Ctrl Pts',(8.92190289868208E-16,-25.2966945051592,
-126.339517820594));
#6137=CARTESIAN_POINT('Ctrl Pts',(-9.83330279571235E-17,-25.2514746977648,
-126.298592059968));
#6138=CARTESIAN_POINT('Ctrl Pts',(-1.17124513829315E-16,-25.2043095860188,
-126.25505610587));
#6139=CARTESIAN_POINT('Ctrl Pts',(-1.35957290985785E-16,-25.196221120828,
-126.247590014172));
#6140=CARTESIAN_POINT('Ctrl Pts',(-1.47864959611738E-15,-25.1880753188273,
-126.240047116891));
#6141=CARTESIAN_POINT('Ctrl Pts',(-1.48200033678831E-15,-25.1798679481526,
-126.232424890782));
#6142=CARTESIAN_POINT('Ctrl Pts',(-1.12677750794737E-15,-25.1709815716212,
-126.224172068546));
#6143=CARTESIAN_POINT('Ctrl Pts',(-8.12177667396852E-16,-25.1620152523156,
-126.215819018418));
#6144=CARTESIAN_POINT('Ctrl Pts',(-1.13489834543857E-15,-25.1529705173763,
-126.207369032047));
#6145=CARTESIAN_POINT('Ctrl Pts',(-2.57495427877326E-15,-25.1226153941488,
-126.179009950296));
#6146=CARTESIAN_POINT('Ctrl Pts',(-7.02985441185372E-15,-25.0914082347083,
-126.149584085543));
#6147=CARTESIAN_POINT('Ctrl Pts',(-5.21158938905591E-15,-25.0597552310804,
-126.119577142349));
#6148=CARTESIAN_POINT('Ctrl Pts',(-2.99510307936272E-15,-25.0234584061185,
-126.085167871824));
#6149=CARTESIAN_POINT('Ctrl Pts',(-1.56310118904365E-15,-24.9865740515463,
-126.049996058068));
#6150=CARTESIAN_POINT('Ctrl Pts',(-1.57847899175543E-15,-24.9497333070511,
-126.014861899446));
#6151=CARTESIAN_POINT('Ctrl Pts',(-1.24600913662193E-15,-24.9125407394123,
-125.979392215299));
#6152=CARTESIAN_POINT('Ctrl Pts',(-1.60924466085588E-15,-24.8753916182676,
-125.943964980044));
#6153=CARTESIAN_POINT('Ctrl Pts',(-1.62365436672686E-15,-24.8389709360217,
-125.909420616958));
#6154=CARTESIAN_POINT('Ctrl Pts',(-1.29302507508389E-15,-24.8064507199701,
-125.878575776014));
#6155=CARTESIAN_POINT('Ctrl Pts',(-4.07081032517848E-15,-24.7745115313404,
-125.848436684476));
#6156=CARTESIAN_POINT('Ctrl Pts',(-3.02432483835082E-15,-24.7436726562575,
-125.819575106343));
#6157=CARTESIAN_POINT('Ctrl Pts',(-2.25988848467578E-15,-24.7146447464861,
-125.792408379812));
#6158=CARTESIAN_POINT('Ctrl Pts',(-1.68029496076372E-15,-24.6865920018085,
-125.76637409138));
#6159=CARTESIAN_POINT('Ctrl Pts',(-1.68905220944639E-15,-24.659973610836,
-125.741908563318));
#6160=CARTESIAN_POINT('Ctrl Pts',(-1.35331155548699E-15,-24.6538724266981,
-125.736300835492));
#6161=CARTESIAN_POINT('Ctrl Pts',(-1.19185287498055E-15,-24.6478467017312,
-125.730775334742));
#6162=CARTESIAN_POINT('Ctrl Pts',(-3.50144508415341E-16,-24.6419021437493,
-125.725336967511));
#6163=CARTESIAN_POINT('Ctrl Pts',(-1.35866549114799E-15,-24.6388055693756,
-125.722504072508));
#6164=CARTESIAN_POINT('Ctrl Pts',(-3.52298219224628E-16,-24.6357327456093,
-125.719696383542));
#6165=CARTESIAN_POINT('Ctrl Pts',(-3.53358142671384E-16,-24.6326668163275,
-125.716898483498));
#6166=CARTESIAN_POINT('Ctrl Pts',(-4.17991152982426E-16,-24.5930595146308,
-125.680753725752));
#6167=CARTESIAN_POINT('Ctrl Pts',(-1.72113864351176E-15,-24.5552073923212,
-125.646799882128));
#6168=CARTESIAN_POINT('Ctrl Pts',(-1.73036063107682E-15,-24.5187256961353,
-125.614694575157));
#6169=CARTESIAN_POINT('Ctrl Pts',(-4.56255916322117E-16,-24.4749708217306,
-125.576188589386));
#6170=CARTESIAN_POINT('Ctrl Pts',(-1.75025528912366E-15,-24.4331890616306,
-125.540337944621));
#6171=CARTESIAN_POINT('Ctrl Pts',(-1.75715426129754E-15,-24.3926757629431,
-125.506499044106));
#6172=CARTESIAN_POINT('Ctrl Pts',(-1.43241074624517E-15,-24.3559730744364,
-125.475842971525));
#6173=CARTESIAN_POINT('Ctrl Pts',(-1.76806940916481E-15,-24.3203111612219,
-125.446835075115));
#6174=CARTESIAN_POINT('Ctrl Pts',(-1.77127167956856E-15,-24.285128049811,
-125.419009686014));
#6175=CARTESIAN_POINT('Ctrl Pts',(-1.44349004804065E-15,-24.2536200006895,
-125.394090806145));
#6176=CARTESIAN_POINT('Ctrl Pts',(-1.77583443852947E-15,-24.2224956261614,
-125.370119505304));
#6177=CARTESIAN_POINT('Ctrl Pts',(-1.77634539027294E-15,-24.1913235834003,
-125.346793681263));
#6178=CARTESIAN_POINT('Ctrl Pts',(-5.00500780521366E-16,-24.1783400453813,
-125.337078189546));
#6179=CARTESIAN_POINT('Ctrl Pts',(-1.77656432225945E-15,-24.1653479080285,
-125.327475150738));
#6180=CARTESIAN_POINT('Ctrl Pts',(-1.77635683940025E-15,-24.1523145276313,
-125.317965075144));
#6181=CARTESIAN_POINT('Ctrl Pts',(-1.44374168920562E-15,-24.1161694212372,
-125.291591050624));
#6182=CARTESIAN_POINT('Ctrl Pts',(-4.34366979932193E-15,-24.0795437588194,
-125.265808898301));
#6183=CARTESIAN_POINT('Ctrl Pts',(-3.30573951152134E-15,-24.041966644514,
-125.240212855228));
#6184=CARTESIAN_POINT('Ctrl Pts',(-2.32723282035922E-15,-24.0059423159519,
-125.215674508349));
#6185=CARTESIAN_POINT('Ctrl Pts',(-1.56805158541432E-15,-23.9690443534788,
-125.191309311078));
#6186=CARTESIAN_POINT('Ctrl Pts',(-1.56190962349378E-15,-23.9308139834409,
-125.166772885215));
#6187=CARTESIAN_POINT('Ctrl Pts',(-1.41115208751182E-15,-23.8946251819306,
-125.143546747346));
#6188=CARTESIAN_POINT('Ctrl Pts',(-1.54908231567401E-15,-23.8572431169422,
-125.120168861371));
#6189=CARTESIAN_POINT('Ctrl Pts',(-1.54091859534912E-15,-23.818228515531,
-125.096332774788));
#6190=CARTESIAN_POINT('Ctrl Pts',(-1.3849103470424E-15,-23.7840907392961,
-125.075476199028));
#6191=CARTESIAN_POINT('Ctrl Pts',(-1.52574977040522E-15,-23.7487028974418,
-125.054269513561));
#6192=CARTESIAN_POINT('Ctrl Pts',(-1.51688623027421E-15,-23.7117293939805,
-125.032481463656));
#6193=CARTESIAN_POINT('Ctrl Pts',(-1.3566177905786E-15,-23.6793775784518,
-125.01341691999));
#6194=CARTESIAN_POINT('Ctrl Pts',(-1.50073280928658E-15,-23.6458115314735,
-124.99390749404));
#6195=CARTESIAN_POINT('Ctrl Pts',(-1.49174506703438E-15,-23.6107750279989,
-124.97377162083));
#6196=CARTESIAN_POINT('Ctrl Pts',(-1.3281557120782E-15,-23.5801180874586,
-124.956152731771));
#6197=CARTESIAN_POINT('Ctrl Pts',(-1.06829061175707E-15,-23.5483351207947,
-124.938054222328));
#6198=CARTESIAN_POINT('Ctrl Pts',(-1.82494499417678E-16,-23.5152314708319,
-124.919331444294));
#6199=CARTESIAN_POINT('Ctrl Pts',(5.46847511448861E-17,-23.4995942348904,
-124.91048732898));
#6200=CARTESIAN_POINT('Ctrl Pts',(-1.45853969580029E-15,-23.4836619694852,
-124.901503561263));
#6201=CARTESIAN_POINT('Ctrl Pts',(-1.45425945115893E-15,-23.4674121847371,
-124.892362727547));
#6202=CARTESIAN_POINT('Ctrl Pts',(-1.29239123464864E-15,-23.4570729649271,
-124.886546706565));
#6203=CARTESIAN_POINT('Ctrl Pts',(-1.44878035238519E-15,-23.446603389011,
-124.880666067491));
#6204=CARTESIAN_POINT('Ctrl Pts',(-1.44599614133635E-15,-23.4360020406849,
-124.874718603913));
#6205=CARTESIAN_POINT('Ctrl Pts',(-1.28163540504505E-15,-23.4195736575458,
-124.865502114901));
#6206=CARTESIAN_POINT('Ctrl Pts',(-1.43730156639855E-15,-23.4028402337075,
-124.856131612646));
#6207=CARTESIAN_POINT('Ctrl Pts',(-1.4328850064626E-15,-23.3858472061203,
-124.846626316582));
#6208=CARTESIAN_POINT('Ctrl Pts',(-1.26236953245431E-15,-23.3511714527477,
-124.82722993178));
#6209=CARTESIAN_POINT('Ctrl Pts',(-5.9396316256045E-15,-23.3153974206814,
-124.80726306963));
#6210=CARTESIAN_POINT('Ctrl Pts',(-4.84112183275727E-15,-23.2788462831228,
-124.786842489532));
#6211=CARTESIAN_POINT('Ctrl Pts',(-4.00993284603667E-15,-23.2446070052229,
-124.767713511241));
#6212=CARTESIAN_POINT('Ctrl Pts',(-1.38865876380753E-15,-23.2096857347513,
-124.748185577097));
#6213=CARTESIAN_POINT('Ctrl Pts',(-1.3804807916573E-15,-23.1743861617097,
-124.728375093183));
#6214=CARTESIAN_POINT('Ctrl Pts',(-1.20866570201043E-15,-23.1406152670276,
-124.709422519308));
#6215=CARTESIAN_POINT('Ctrl Pts',(-1.36507600089812E-15,-23.1064981206785,
-124.690210816918));
#6216=CARTESIAN_POINT('Ctrl Pts',(-1.35788622126716E-15,-23.0723389018688,
-124.670870667074));
#6217=CARTESIAN_POINT('Ctrl Pts',(-1.18688744461753E-15,-23.0392996906091,
-124.652164639279));
#6218=CARTESIAN_POINT('Ctrl Pts',(-2.30511193830973E-15,-23.0062212098729,
-124.633338165297));
#6219=CARTESIAN_POINT('Ctrl Pts',(-1.33822682427902E-15,-22.9734147294133,
-124.614542769623));
#6220=CARTESIAN_POINT('Ctrl Pts',(-2.12100729857658E-16,-22.9407471315958,
-124.595826942198));
#6221=CARTESIAN_POINT('Ctrl Pts',(-1.32650879991255E-15,-22.9083493032425,
-124.577141712389));
#6222=CARTESIAN_POINT('Ctrl Pts',(-1.32141003268105E-15,-22.8765640183472,
-124.558674193617));
#6223=CARTESIAN_POINT('Ctrl Pts',(-1.15431477128902E-15,-22.8440868496769,
-124.539804684532));
#6224=CARTESIAN_POINT('Ctrl Pts',(-4.42434054512302E-15,-22.8122492851078,
-124.521162324993));
#6225=CARTESIAN_POINT('Ctrl Pts',(-3.05092287335351E-15,-22.7814530393065,
-124.502989044302));
#6226=CARTESIAN_POINT('Ctrl Pts',(-2.10441351512219E-15,-22.7599034936649,
-124.490272366293));
#6227=CARTESIAN_POINT('Ctrl Pts',(-1.30199834371228E-15,-22.7388646189539,
-124.477786309335));
#6228=CARTESIAN_POINT('Ctrl Pts',(-1.2996782911952E-15,-22.7184833619463,
-124.465625643621));
#6229=CARTESIAN_POINT('Ctrl Pts',(-1.1405973809395E-15,-22.7155090570564,
-124.463850997068));
#6230=CARTESIAN_POINT('Ctrl Pts',(-2.17452202375433E-15,-22.7125481123277,
-124.462082908018));
#6231=CARTESIAN_POINT('Ctrl Pts',(-2.17423219897356E-15,-22.7095892209279,
-124.46031463677));
#6232=CARTESIAN_POINT('Ctrl Pts',(-2.09756504162151E-15,-22.6607920422179,
-124.431152820249));
#6233=CARTESIAN_POINT('Ctrl Pts',(-4.35420546458051E-15,-22.6133652943504,
-124.402424417617));
#6234=CARTESIAN_POINT('Ctrl Pts',(-4.35382396928407E-15,-22.5672095665666,
-124.374099112337));
#6235=CARTESIAN_POINT('Ctrl Pts',(-1.13142960087138E-15,-22.522026509731,
-124.346370725421));
#6236=CARTESIAN_POINT('Ctrl Pts',(-1.28112623583219E-15,-22.4780613233865,
-124.319029408674));
#6237=CARTESIAN_POINT('Ctrl Pts',(-1.28013693155006E-15,-22.4351762020304,
-124.292026454694));
#6238=CARTESIAN_POINT('Ctrl Pts',(-1.13405297354613E-15,-22.3927763318804,
-124.265329042953));
#6239=CARTESIAN_POINT('Ctrl Pts',(4.0337422071714E-17,-22.3514320639974,
-124.238962802243));
#6240=CARTESIAN_POINT('Ctrl Pts',(4.062506825545E-17,-22.3109684020939,
-124.212851925987));
#6241=CARTESIAN_POINT('Ctrl Pts',(-1.14281259443922E-15,-22.2707038139932,
-124.186869510458));
#6242=CARTESIAN_POINT('Ctrl Pts',(-1.28206599071635E-15,-22.2313110403336,
-124.161140191842));
#6243=CARTESIAN_POINT('Ctrl Pts',(-1.28428985005393E-15,-22.1925782741931,
-124.1355558227));
#6244=CARTESIAN_POINT('Ctrl Pts',(-1.15690186358677E-15,-22.1539672256952,
-124.11005185239));
#6245=CARTESIAN_POINT('Ctrl Pts',(-1.28942585190146E-15,-22.1160119119832,
-124.084692063034));
#6246=CARTESIAN_POINT('Ctrl Pts',(-1.29300139582675E-15,-22.0784653870027,
-124.059333228908));
#6247=CARTESIAN_POINT('Ctrl Pts',(-1.17581487271458E-15,-22.0410284837128,
-124.034048433013));
#6248=CARTESIAN_POINT('Ctrl Pts',(-3.07086309109241E-15,-22.0039978926209,
-124.008764697177));
#6249=CARTESIAN_POINT('Ctrl Pts',(-3.07689039156647E-15,-21.967093552047,
-123.983302288947));
#6250=CARTESIAN_POINT('Ctrl Pts',(-2.17537600230235E-15,-21.9305785328788,
-123.958108495747));
#6251=CARTESIAN_POINT('Ctrl Pts',(-1.31591105494643E-15,-21.894187041073,
-123.932739864591));
#6252=CARTESIAN_POINT('Ctrl Pts',(-1.32203302329433E-15,-21.8576145222785,
-123.906983945668));
#6253=CARTESIAN_POINT('Ctrl Pts',(-1.22277576950748E-15,-21.8383751559052,
-123.893434767849));
#6254=CARTESIAN_POINT('Ctrl Pts',(-1.32866135777436E-15,-21.8190851431556,
-123.879777763683));
#6255=CARTESIAN_POINT('Ctrl Pts',(-1.33226762955017E-15,-21.7996964487299,
-123.865977513711));
#6256=CARTESIAN_POINT('Ctrl Pts',(-1.23732603293273E-15,-21.7550545124145,
-123.834202817238));
#6257=CARTESIAN_POINT('Ctrl Pts',(-3.25760917958899E-15,-21.7100046820567,
-123.801751737844));
#6258=CARTESIAN_POINT('Ctrl Pts',(-3.2669826846304E-15,-21.6643081570532,
-123.768492444474));
#6259=CARTESIAN_POINT('Ctrl Pts',(-3.21597187938529E-15,-21.617631084556,
-123.734519479404));
#6260=CARTESIAN_POINT('Ctrl Pts',(-1.55577426237124E-15,-21.5702792818706,
-123.699703039199));
#6261=CARTESIAN_POINT('Ctrl Pts',(-1.56636946228025E-15,-21.5219640016224,
-123.663860297135));
#6262=CARTESIAN_POINT('Ctrl Pts',(-1.28068993614951E-15,-21.4728352000037,
-123.627414043376));
#6263=CARTESIAN_POINT('Ctrl Pts',(-1.5890827867725E-15,-21.4227102564381,
-123.589906438786));
#6264=CARTESIAN_POINT('Ctrl Pts',(-1.60220227366538E-15,-21.3712500727682,
-123.55110507217));
#6265=CARTESIAN_POINT('Ctrl Pts',(-1.31439902371546E-15,-21.318905017867,
-123.511636505971));
#6266=CARTESIAN_POINT('Ctrl Pts',(-1.63011393226952E-15,-21.265178535165,
-123.47082912455));
#6267=CARTESIAN_POINT('Ctrl Pts',(-1.64595415207482E-15,-21.2096759059087,
-123.428399914938));
#6268=CARTESIAN_POINT('Ctrl Pts',(-1.35650485476694E-15,-21.1537641066937,
-123.385657913694));
#6269=CARTESIAN_POINT('Ctrl Pts',(-1.67916167094407E-15,-21.0960500063212,
-123.341269835469));
#6270=CARTESIAN_POINT('Ctrl Pts',(-1.69778298898532E-15,-21.0360901722135,
-123.294911003681));
#6271=CARTESIAN_POINT('Ctrl Pts',(-1.40724952814223E-15,-20.9757849551495,
-123.248285133957));
#6272=CARTESIAN_POINT('Ctrl Pts',(-1.73662810661393E-15,-20.9132082299893,
-123.199665430201));
#6273=CARTESIAN_POINT('Ctrl Pts',(-1.75821764393148E-15,-20.8478663492748,
-123.148690121715));
#6274=CARTESIAN_POINT('Ctrl Pts',(-1.45771500372087E-15,-20.8123348066828,
-123.120970819411));
#6275=CARTESIAN_POINT('Ctrl Pts',(-2.66484695114907E-15,-20.7759848688705,
-123.092554455114));
#6276=CARTESIAN_POINT('Ctrl Pts',(-2.67777004831359E-15,-20.7387316341886,
-123.063379551397));
#6277=CARTESIAN_POINT('Ctrl Pts',(-2.48356491269001E-15,-20.706135053842,
-123.037851510644));
#6278=CARTESIAN_POINT('Ctrl Pts',(-1.81718956967661E-15,-20.6728468316571,
-123.011742668733));
#6279=CARTESIAN_POINT('Ctrl Pts',(-1.82892681978759E-15,-20.6388075538158,
-122.985010630759));
#6280=CARTESIAN_POINT('Ctrl Pts',(-1.517054820183E-15,-20.6293758146326,
-122.977603610811));
#6281=CARTESIAN_POINT('Ctrl Pts',(-2.01601522881619E-15,-20.6198900570657,
-122.970151616644));
#6282=CARTESIAN_POINT('Ctrl Pts',(-1.83876986777867E-15,-20.6103208770595,
-122.962631636407));
#6283=CARTESIAN_POINT('Ctrl Pts',(-5.29671793698131E-16,-20.5567146418291,
-122.920504951649));
#6284=CARTESIAN_POINT('Ctrl Pts',(-1.87693943185215E-15,-20.5006780024125,
-122.87639073213));
#6285=CARTESIAN_POINT('Ctrl Pts',(-1.8974204136601E-15,-20.4425180895157,
-122.83055211729));
#6286=CARTESIAN_POINT('Ctrl Pts',(-1.59936357202006E-15,-20.3846641604694,
-122.784954662988));
#6287=CARTESIAN_POINT('Ctrl Pts',(-1.93902847619539E-15,-20.3247090606939,
-122.737650991666));
#6288=CARTESIAN_POINT('Ctrl Pts',(-1.9608991048846E-15,-20.2629888404785,
-122.688939777445));
#6289=CARTESIAN_POINT('Ctrl Pts',(-1.66230302527355E-15,-20.2008638401734,
-122.639909100176));
#6290=CARTESIAN_POINT('Ctrl Pts',(-2.00557052420495E-15,-20.1369503519403,
-122.58945254365));
#6291=CARTESIAN_POINT('Ctrl Pts',(-2.02860096893525E-15,-20.0716278519226,
-122.537913067705));
#6292=CARTESIAN_POINT('Ctrl Pts',(-1.72936529792875E-15,-20.0048563617324,
-122.485230337994));
#6293=CARTESIAN_POINT('Ctrl Pts',(-7.58574564042003E-16,-19.9366125146595,
-122.431416386644));
#6294=CARTESIAN_POINT('Ctrl Pts',(-7.82012011349849E-16,-19.8673422064348,
-122.37687409898));
#6295=CARTESIAN_POINT('Ctrl Pts',(-7.83812951189745E-16,-19.8462458581445,
-122.360263185494));
#6296=CARTESIAN_POINT('Ctrl Pts',(-7.57277090692522E-16,-19.8250545907237,
-122.34358495213));
#6297=CARTESIAN_POINT('Ctrl Pts',(-1.79708646925643E-15,-19.8037817467167,
-122.326851360372));
#6298=CARTESIAN_POINT('Ctrl Pts',(-8.00750579460624E-16,-19.794600776521,
-122.319629448382));
#6299=CARTESIAN_POINT('Ctrl Pts',(-8.03617624476923E-16,-19.7854046159955,
-122.312397228311));
#6300=CARTESIAN_POINT('Ctrl Pts',(-1.80625886001197E-15,-19.7761943574257,
-122.305155675501));
#6301=CARTESIAN_POINT('Ctrl Pts',(-8.08188417365555E-16,-19.7716302681754,
-122.301567166765));
#6302=CARTESIAN_POINT('Ctrl Pts',(-8.15738463473183E-16,-19.7670627171366,
-122.29797636637));
#6303=CARTESIAN_POINT('Ctrl Pts',(-8.17264833439857E-16,-19.7624918382988,
-122.294383393721));
#6304=CARTESIAN_POINT('Ctrl Pts',(-1.05660189362598E-16,-19.7548980439879,
-122.288414236316));
#6305=CARTESIAN_POINT('Ctrl Pts',(-2.14136109984614E-15,-19.7473175975738,
-122.282456796331));
#6306=CARTESIAN_POINT('Ctrl Pts',(-2.14393776164917E-15,-19.7397571937797,
-122.2765163734));
#6307=CARTESIAN_POINT('Ctrl Pts',(-1.84302245376601E-15,-19.6648969764504,
-122.217696584963));
#6308=CARTESIAN_POINT('Ctrl Pts',(-2.19393911384759E-15,-19.5917912954168,
-122.160381239281));
#6309=CARTESIAN_POINT('Ctrl Pts',(-2.21733332421512E-15,-19.5204373823787,
-122.104593678897));
#6310=CARTESIAN_POINT('Ctrl Pts',(-1.91295906162765E-15,-19.4456836537453,
-122.046147996347));
#6311=CARTESIAN_POINT('Ctrl Pts',(-2.2651512476455E-15,-19.3728525208319,
-121.98937879809));
#6312=CARTESIAN_POINT('Ctrl Pts',(-2.28724553927819E-15,-19.3019036871828,
-121.93426630294));
#6313=CARTESIAN_POINT('Ctrl Pts',(-1.97892965007616E-15,-19.2273742279405,
-121.876372406032));
#6314=CARTESIAN_POINT('Ctrl Pts',(-5.09767383946037E-15,-19.1549217621311,
-121.820306267329));
#6315=CARTESIAN_POINT('Ctrl Pts',(-4.12219256395866E-15,-19.0844609230133,
-121.766000588094));
#6316=CARTESIAN_POINT('Ctrl Pts',(-2.99832041191086E-15,-19.0102373080331,
-121.708794856836));
#6317=CARTESIAN_POINT('Ctrl Pts',(-2.39477979491607E-15,-18.9382236147409,
-121.653542218008));
#6318=CARTESIAN_POINT('Ctrl Pts',(-2.41364322649356E-15,-18.8682796983163,
-121.600122316158));
#6319=CARTESIAN_POINT('Ctrl Pts',(-2.09643726793224E-15,-18.7922290357217,
-121.542038366343));
#6320=CARTESIAN_POINT('Ctrl Pts',(-2.45305929322514E-15,-18.7186254356398,
-121.486120852777));
#6321=CARTESIAN_POINT('Ctrl Pts',(-2.47050216710473E-15,-18.6472420839396,
-121.432172592866));
#6322=CARTESIAN_POINT('Ctrl Pts',(-2.14745527885941E-15,-18.5718282555231,
-121.375178283696));
#6323=CARTESIAN_POINT('Ctrl Pts',(-2.5057263809053E-15,-18.4988923027649,
-121.320381312027));
#6324=CARTESIAN_POINT('Ctrl Pts',(-2.52107202684418E-15,-18.4281178219583,
-121.267511089163));
#6325=CARTESIAN_POINT('Ctrl Pts',(-2.19160178649413E-15,-18.3532468643132,
-121.21158070053));
#6326=CARTESIAN_POINT('Ctrl Pts',(-2.55191757987456E-15,-18.2807946471959,
-121.157805953067));
#6327=CARTESIAN_POINT('Ctrl Pts',(-2.56511202445602E-15,-18.2103361638174,
-121.105834501019));
#6328=CARTESIAN_POINT('Ctrl Pts',(-2.22895001302224E-15,-18.1336950280459,
-121.049302612711));
#6329=CARTESIAN_POINT('Ctrl Pts',(-3.59769775564517E-15,-18.0594129004822,
-120.994903785582));
#6330=CARTESIAN_POINT('Ctrl Pts',(-2.60337007812586E-15,-17.9868858334759,
-120.942157367313));
#6331=CARTESIAN_POINT('Ctrl Pts',(-1.2084327023497E-15,-17.9111069364724,
-120.887046005964));
#6332=CARTESIAN_POINT('Ctrl Pts',(-4.06714444667466E-16,-17.8372436869388,
-120.833737747174));
#6333=CARTESIAN_POINT('Ctrl Pts',(-4.15084784892295E-16,-17.7645505478171,
-120.781667394903));
#6334=CARTESIAN_POINT('Ctrl Pts',(-2.64724190702653E-16,-17.6882979920189,
-120.727047419896));
#6335=CARTESIAN_POINT('Ctrl Pts',(-4.31163674957125E-16,-17.6133327464773,
-120.673788697182));
#6336=CARTESIAN_POINT('Ctrl Pts',(-4.3708788734283E-16,-17.5387374497066,
-120.621233664672));
#6337=CARTESIAN_POINT('Ctrl Pts',(-2.75195986175963E-16,-17.5060079553044,
-120.598174574934));
#6338=CARTESIAN_POINT('Ctrl Pts',(-4.42020437247666E-16,-17.4733489846647,
-120.575250966195));
#6339=CARTESIAN_POINT('Ctrl Pts',(-4.44089209850063E-16,-17.4406799467931,
-120.552407637331));
#6340=CARTESIAN_POINT('Ctrl Pts',(-2.82553765689758E-16,-17.3617538422312,
-120.497219756697));
#6341=CARTESIAN_POINT('Ctrl Pts',(-1.83139976175747E-16,-17.2833780023613,
-120.442922649605));
#6342=CARTESIAN_POINT('Ctrl Pts',(-1.89162215592718E-16,-17.2048045452522,
-120.388883693424));
#6343=CARTESIAN_POINT('Ctrl Pts',(-2.91675921279535E-16,-17.1032275837727,
-120.319024059239));
#6344=CARTESIAN_POINT('Ctrl Pts',(-2.02364504365353E-16,-17.0013173552891,
-120.24959394905));
#6345=CARTESIAN_POINT('Ctrl Pts',(-2.05725652184352E-16,-16.8973821561505,
-120.179266941639));
#6346=CARTESIAN_POINT('Ctrl Pts',(-2.917240738756E-16,-16.8169178739723,
-120.124821361931));
#6347=CARTESIAN_POINT('Ctrl Pts',(-2.09689331998446E-16,-16.7352367524027,
-120.069838960023));
#6348=CARTESIAN_POINT('Ctrl Pts',(-2.09840435665585E-16,-16.6515638085302,
-120.013726726164));
#6349=CARTESIAN_POINT('Ctrl Pts',(-2.85332887366558E-16,-16.5799982129133,
-119.965733847562));
#6350=CARTESIAN_POINT('Ctrl Pts',(1.8512694837098E-15,-16.5069746108019,
-119.916914642124));
#6351=CARTESIAN_POINT('Ctrl Pts',(1.85300489458555E-15,-16.4320372982072,
-119.866912071413));
#6352=CARTESIAN_POINT('Ctrl Pts',(1.73990290729765E-15,-16.3664167121234,
-119.823126167139));
#6353=CARTESIAN_POINT('Ctrl Pts',(1.85664926315294E-15,-16.2993283372994,
-119.778432953845));
#6354=CARTESIAN_POINT('Ctrl Pts',(1.85937605744652E-15,-16.2304977661595,
-119.732602589849));
#6355=CARTESIAN_POINT('Ctrl Pts',(1.74770960597952E-15,-16.2236891290572,
-119.728069105504));
#6356=CARTESIAN_POINT('Ctrl Pts',(1.85992140857858E-15,-16.2168634757954,
-119.723524502582));
#6357=CARTESIAN_POINT('Ctrl Pts',(1.860202911705E-15,-16.2100205623989,
-119.718968564263));
#6358=CARTESIAN_POINT('Ctrl Pts',(1.74889337014913E-15,-16.2035259949886,
-119.714644550963));
#6359=CARTESIAN_POINT('Ctrl Pts',(1.86074234574049E-15,-16.197021139749,
-119.710313828906));
#6360=CARTESIAN_POINT('Ctrl Pts',(1.86101918260866E-15,-16.1905168122116,
-119.705983549738));
#6361=CARTESIAN_POINT('Ctrl Pts',(1.75798145715839E-15,-16.0521376552722,
-119.613857134338));
#6362=CARTESIAN_POINT('Ctrl Pts',(1.87494760972213E-15,-15.9125495935226,
-119.520972896448));
#6363=CARTESIAN_POINT('Ctrl Pts',(1.884271072235E-15,-15.7735886072791,
-119.428039818691));
#6364=CARTESIAN_POINT('Ctrl Pts',(1.78841505636569E-15,-15.6560188551999,
-119.349412578002));
#6365=CARTESIAN_POINT('Ctrl Pts',(1.90096004695544E-15,-15.5389021394632,
-119.270750169744));
#6366=CARTESIAN_POINT('Ctrl Pts',(1.91005775347362E-15,-15.4233512460291,
-119.192464246507));
#6367=CARTESIAN_POINT('Ctrl Pts',(1.81737844635189E-15,-15.3236405075658,
-119.12491005471));
#6368=CARTESIAN_POINT('Ctrl Pts',(1.92597733088308E-15,-15.2250969353267,
-119.057636028316));
#6369=CARTESIAN_POINT('Ctrl Pts',(1.93385052030146E-15,-15.1284063915184,
-118.99089470114));
#6370=CARTESIAN_POINT('Ctrl Pts',(1.84199718525448E-15,-15.0483270608987,
-118.935619380572));
#6371=CARTESIAN_POINT('Ctrl Pts',(1.9467566240621E-15,-14.9695186636808,
-118.880709273338));
#6372=CARTESIAN_POINT('Ctrl Pts',(1.95277618018634E-15,-14.8923446080984,
-118.826301244639));
#6373=CARTESIAN_POINT('Ctrl Pts',(1.85745866340523E-15,-14.8695023599763,
-118.810197365142));
#6374=CARTESIAN_POINT('Ctrl Pts',(1.95630756764132E-15,-14.8468030954733,
-118.794137428719));
#6375=CARTESIAN_POINT('Ctrl Pts',(1.95801950106256E-15,-14.824255711274,
-118.778124875898));
#6376=CARTESIAN_POINT('Ctrl Pts',(1.86230887658601E-15,-14.8113813794942,
-118.768981867741));
#6377=CARTESIAN_POINT('Ctrl Pts',(1.95996218472762E-15,-14.7985565604254,
-118.759854307114));
#6378=CARTESIAN_POINT('Ctrl Pts',(1.96091400595452E-15,-14.7857828705955,
-118.750742827001));
#6379=CARTESIAN_POINT('Ctrl Pts',(1.86550418699075E-15,-14.7723438157338,
-118.741156741637));
#6380=CARTESIAN_POINT('Ctrl Pts',(1.96290254443267E-15,-14.7589542665341,
-118.731583405939));
#6381=CARTESIAN_POINT('Ctrl Pts',(1.96387456382203E-15,-14.7456105667568,
-118.722019512612));
#6382=CARTESIAN_POINT('Ctrl Pts',(1.88983211251294E-15,-14.4683555178853,
-118.523301184406));
#6383=CARTESIAN_POINT('Ctrl Pts',(1.99769020724607E-15,-14.211549511301,
-118.329124575524));
#6384=CARTESIAN_POINT('Ctrl Pts',(1.99388454589395E-15,-13.9849295044735,
-118.140165152368));
#6385=CARTESIAN_POINT('Ctrl Pts',(1.90490588950872E-15,-13.8215959238603,
-118.003974973898));
#6386=CARTESIAN_POINT('Ctrl Pts',(1.97934736334738E-15,-13.6739424044671,
-117.870494817612));
#6387=CARTESIAN_POINT('Ctrl Pts',(1.95445317236512E-15,-13.5455972634411,
-117.739975158047));
#6388=CARTESIAN_POINT('Origin',(0.,-32.6590003859503,-125.340362803836));
#6389=CARTESIAN_POINT('',(0.,-54.76655048867,-128.695393124971));
#6390=CARTESIAN_POINT('',(0.,-43.2395061906742,-145.039421078693));
#6391=CARTESIAN_POINT('Origin',(0.,-54.76655048867,-128.695393124971));
#6392=CARTESIAN_POINT('Origin',(0.,-22.0784945812263,-105.641304528979));
#6393=UNCERTAINTY_MEASURE_WITH_UNIT(LENGTH_MEASURE(0.01),#6397,
'DISTANCE_ACCURACY_VALUE',
'Maximum model space distance between geometric entities at asserted c
onnectivities');
#6394=UNCERTAINTY_MEASURE_WITH_UNIT(LENGTH_MEASURE(0.01),#6397,
'DISTANCE_ACCURACY_VALUE',
'Maximum model space distance between geometric entities at asserted c
onnectivities');
#6395=(
GEOMETRIC_REPRESENTATION_CONTEXT(3)
GLOBAL_UNCERTAINTY_ASSIGNED_CONTEXT((#6393))
GLOBAL_UNIT_ASSIGNED_CONTEXT((#6397,#6399,#6400))
REPRESENTATION_CONTEXT('','3D')
);
#6396=(
GEOMETRIC_REPRESENTATION_CONTEXT(3)
GLOBAL_UNCERTAINTY_ASSIGNED_CONTEXT((#6394))
GLOBAL_UNIT_ASSIGNED_CONTEXT((#6397,#6399,#6400))
REPRESENTATION_CONTEXT('','3D')
);
#6397=(
LENGTH_UNIT()
NAMED_UNIT(*)
SI_UNIT(.MILLI.,.METRE.)
);
#6398=(
LENGTH_UNIT()
NAMED_UNIT(*)
SI_UNIT($,.METRE.)
);
#6399=(
NAMED_UNIT(*)
PLANE_ANGLE_UNIT()
SI_UNIT($,.RADIAN.)
);
#6400=(
NAMED_UNIT(*)
SI_UNIT($,.STERADIAN.)
SOLID_ANGLE_UNIT()
);
#6401=SHAPE_DEFINITION_REPRESENTATION(#6402,#6403);
#6402=PRODUCT_DEFINITION_SHAPE('',$,#6405);
#6403=SHAPE_REPRESENTATION('',(#2073),#6395);
#6404=PRODUCT_DEFINITION_CONTEXT('part definition',#6409,'design');
#6405=PRODUCT_DEFINITION('2026-09-24-14-23-33-444','outer_right',#6406,
#6404);
#6406=PRODUCT_DEFINITION_FORMATION('',$,#6411);
#6407=PRODUCT_RELATED_PRODUCT_CATEGORY('outer_right','outer_right',(#6411));
#6408=APPLICATION_PROTOCOL_DEFINITION('international standard',
'automotive_design',2009,#6409);
#6409=APPLICATION_CONTEXT(
'Core Data for Automotive Mechanical Design Process');
#6410=PRODUCT_CONTEXT('part definition',#6409,'mechanical');
#6411=PRODUCT('2026-09-24-14-23-33-444','outer_right',$,(#6410));
#6412=PRESENTATION_STYLE_ASSIGNMENT((#6414));
#6413=PRESENTATION_STYLE_ASSIGNMENT((#6415));
#6414=SURFACE_STYLE_USAGE(.BOTH.,#6416);
#6415=SURFACE_STYLE_USAGE(.BOTH.,#6417);
#6416=SURFACE_SIDE_STYLE('',(#6418));
#6417=SURFACE_SIDE_STYLE('',(#6419));
#6418=SURFACE_STYLE_FILL_AREA(#6420);
#6419=SURFACE_STYLE_FILL_AREA(#6421);
#6420=FILL_AREA_STYLE('\X2\92FC\X0\ - \X2\30B530C630F3\X0\',(#6422));
#6421=FILL_AREA_STYLE('Opaque(160,160,160)',(#6423));
#6422=FILL_AREA_STYLE_COLOUR('\X2\92FC\X0\ - \X2\30B530C630F3\X0\',#6424);
#6423=FILL_AREA_STYLE_COLOUR('Opaque(160,160,160)',#6425);
#6424=COLOUR_RGB('\X2\92FC\X0\ - \X2\30B530C630F3\X0\',0.627450980392157,
0.627450980392157,0.627450980392157);
#6425=COLOUR_RGB('Opaque(160,160,160)',0.627450980392157,0.627450980392157,
0.627450980392157);
ENDSEC;
END-ISO-10303-21;
