ISO-10303-21;
HEADER;
/* Generated by software containing ST-Developer
 * from STEP Tools, Inc. (www.steptools.com) 
 */

FILE_DESCRIPTION(
/* description */ (''),
/* implementation_level */ '2;1');

FILE_NAME(
/* name */ 'mold_thumb_outer_left.step',
/* time_stamp */ '2026-09-24T14:40:19+09:00',
/* author */ (''),
/* organization */ (''),
/* preprocessor_version */ 'ST-DEVELOPER v20.2',
/* originating_system */ 'Autodesk Translation Framework v15.15.0.0',
/* authorisation */ '');

FILE_SCHEMA (('AUTOMOTIVE_DESIGN { 1 0 10303 214 3 1 1 }'));
ENDSEC;

DATA;
#10=MECHANICAL_DESIGN_GEOMETRIC_PRESENTATION_REPRESENTATION('',(#13),#4584);
#11=SHAPE_REPRESENTATION_RELATIONSHIP('SRR','None',#4591,#12);
#12=ADVANCED_BREP_SHAPE_REPRESENTATION('',(#14),#4583);
#13=STYLED_ITEM('',(#4601),#14);
#14=MANIFOLD_SOLID_BREP('\X2\30DC30C730A3\X0\1',#562);
#15=(
BOUNDED_SURFACE()
B_SPLINE_SURFACE(2,2,((#2105,#2106,#2107),(#2108,#2109,#2110),(#2111,#2112,
#2113)),.UNSPECIFIED.,.F.,.F.,.F.)
B_SPLINE_SURFACE_WITH_KNOTS((3,3),(3,3),(-1.57079632679578,-4.97782928370171E-13),
(-0.78539816340118,0.785398163401181),.UNSPECIFIED.)
GEOMETRIC_REPRESENTATION_ITEM()
RATIONAL_B_SPLINE_SURFACE(((1.,0.707106781183908,1.),(0.707106781186417,
0.499999999998042,0.707106781186417),(1.,0.707106781183908,1.)))
REPRESENTATION_ITEM('')
SURFACE()
);
#16=(
BOUNDED_SURFACE()
B_SPLINE_SURFACE(2,2,((#2125,#2126,#2127),(#2128,#2129,#2130),(#2131,#2132,
#2133)),.UNSPECIFIED.,.F.,.F.,.F.)
B_SPLINE_SURFACE_WITH_KNOTS((3,3),(3,3),(-1.5707963267943,9.95090494630777E-13),
(-3.01941960595002,-1.4486232791555),.UNSPECIFIED.)
GEOMETRIC_REPRESENTATION_ITEM()
RATIONAL_B_SPLINE_SURFACE(((1.,0.70710678118668,1.),(0.707106781186405,
0.499999999999993,0.707106781186405),(1.,0.70710678118668,1.)))
REPRESENTATION_ITEM('')
SURFACE()
);
#17=CYLINDRICAL_SURFACE('',#592,10.);
#18=CYLINDRICAL_SURFACE('',#597,10.);
#19=CYLINDRICAL_SURFACE('',#602,10.);
#20=CYLINDRICAL_SURFACE('',#604,12.);
#21=CYLINDRICAL_SURFACE('',#606,12.);
#22=CYLINDRICAL_SURFACE('',#607,1.4);
#23=CYLINDRICAL_SURFACE('',#610,1.4);
#24=CYLINDRICAL_SURFACE('',#613,1.4);
#25=B_SPLINE_SURFACE_WITH_KNOTS('',3,3,((#1741,#1742,#1743,#1744,#1745,
#1746,#1747,#1748,#1749,#1750,#1751,#1752,#1753,#1754,#1755,#1756,#1757,
#1758,#1759,#1760,#1761,#1762,#1763,#1764,#1765,#1766,#1767,#1768,#1769,
#1770,#1771,#1772,#1773,#1774,#1775),(#1776,#1777,#1778,#1779,#1780,#1781,
#1782,#1783,#1784,#1785,#1786,#1787,#1788,#1789,#1790,#1791,#1792,#1793,
#1794,#1795,#1796,#1797,#1798,#1799,#1800,#1801,#1802,#1803,#1804,#1805,
#1806,#1807,#1808,#1809,#1810),(#1811,#1812,#1813,#1814,#1815,#1816,#1817,
#1818,#1819,#1820,#1821,#1822,#1823,#1824,#1825,#1826,#1827,#1828,#1829,
#1830,#1831,#1832,#1833,#1834,#1835,#1836,#1837,#1838,#1839,#1840,#1841,
#1842,#1843,#1844,#1845),(#1846,#1847,#1848,#1849,#1850,#1851,#1852,#1853,
#1854,#1855,#1856,#1857,#1858,#1859,#1860,#1861,#1862,#1863,#1864,#1865,
#1866,#1867,#1868,#1869,#1870,#1871,#1872,#1873,#1874,#1875,#1876,#1877,
#1878,#1879,#1880)),.UNSPECIFIED.,.F.,.F.,.F.,(4,4),(4,1,1,1,2,1,1,1,1,
1,1,2,1,1,1,1,1,2,1,1,1,1,1,1,2,1,1,1,4),(0.,1.),(0.215591613133379,0.264031788326484,
0.312471963519589,0.336692051116141,0.360912138712693,0.360951137525752,
0.43082583106469,0.500700524603628,0.570575218142566,0.640449911681503,
0.710324605220441,0.780199298759379,0.785119946771927,0.7875802707782,1.33341197248842,
1.87924367419864,2.15215952505375,2.42507537590886,2.42759026766857,2.99872952929005,
3.56986879091154,3.85543842172228,4.14100805253303,4.14349387634327,4.14846552396377,
4.49055841135881,4.83265129875384,5.51683707354391,6.20102284833399),
 .UNSPECIFIED.);
#26=B_SPLINE_SURFACE_WITH_KNOTS('',3,3,((#1918,#1919,#1920,#1921,#1922,
#1923,#1924,#1925,#1926,#1927,#1928,#1929,#1930,#1931,#1932,#1933,#1934,
#1935,#1936,#1937,#1938,#1939,#1940,#1941,#1942,#1943,#1944,#1945,#1946),
(#1947,#1948,#1949,#1950,#1951,#1952,#1953,#1954,#1955,#1956,#1957,#1958,
#1959,#1960,#1961,#1962,#1963,#1964,#1965,#1966,#1967,#1968,#1969,#1970,
#1971,#1972,#1973,#1974,#1975),(#1976,#1977,#1978,#1979,#1980,#1981,#1982,
#1983,#1984,#1985,#1986,#1987,#1988,#1989,#1990,#1991,#1992,#1993,#1994,
#1995,#1996,#1997,#1998,#1999,#2000,#2001,#2002,#2003,#2004),(#2005,#2006,
#2007,#2008,#2009,#2010,#2011,#2012,#2013,#2014,#2015,#2016,#2017,#2018,
#2019,#2020,#2021,#2022,#2023,#2024,#2025,#2026,#2027,#2028,#2029,#2030,
#2031,#2032,#2033)),.UNSPECIFIED.,.F.,.F.,.F.,(4,4),(4,1,1,1,2,1,1,1,1,
2,1,1,1,2,1,1,1,2,1,1,1,1,4),(0.,1.0024056002813),(-0.00118322244437307,
0.0941000805360432,0.188200161072086,0.28230024160813,0.284697267764018,
0.333488843129864,0.382280418495711,0.479863569227403,0.577446719959096,
0.579946413136104,0.656910675383144,0.733874937630184,0.810839199877224,
0.813426399803683,0.870941004023911,0.928455608244138,0.985970212464365,
0.987286092688206,1.06898823162625,1.08941376636076,1.10983930109527,1.13058907909844,
1.17327185754914),.UNSPECIFIED.);
#27=B_SPLINE_SURFACE_WITH_KNOTS('',3,3,((#2082,#2083,#2084,#2085),(#2086,
#2087,#2088,#2089),(#2090,#2091,#2092,#2093),(#2094,#2095,#2096,#2097)),
 .UNSPECIFIED.,.F.,.F.,.F.,(4,4),(4,4),(0.,1.),(6.20102284833398,6.21109402988476),
 .UNSPECIFIED.);
#28=B_SPLINE_SURFACE_WITH_KNOTS('',3,3,((#2165,#2166,#2167,#2168,#2169,
#2170,#2171,#2172,#2173,#2174,#2175,#2176,#2177,#2178,#2179,#2180,#2181,
#2182,#2183,#2184,#2185),(#2186,#2187,#2188,#2189,#2190,#2191,#2192,#2193,
#2194,#2195,#2196,#2197,#2198,#2199,#2200,#2201,#2202,#2203,#2204,#2205,
#2206),(#2207,#2208,#2209,#2210,#2211,#2212,#2213,#2214,#2215,#2216,#2217,
#2218,#2219,#2220,#2221,#2222,#2223,#2224,#2225,#2226,#2227),(#2228,#2229,
#2230,#2231,#2232,#2233,#2234,#2235,#2236,#2237,#2238,#2239,#2240,#2241,
#2242,#2243,#2244,#2245,#2246,#2247,#2248),(#2249,#2250,#2251,#2252,#2253,
#2254,#2255,#2256,#2257,#2258,#2259,#2260,#2261,#2262,#2263,#2264,#2265,
#2266,#2267,#2268,#2269),(#2270,#2271,#2272,#2273,#2274,#2275,#2276,#2277,
#2278,#2279,#2280,#2281,#2282,#2283,#2284,#2285,#2286,#2287,#2288,#2289,
#2290),(#2291,#2292,#2293,#2294,#2295,#2296,#2297,#2298,#2299,#2300,#2301,
#2302,#2303,#2304,#2305,#2306,#2307,#2308,#2309,#2310,#2311),(#2312,#2313,
#2314,#2315,#2316,#2317,#2318,#2319,#2320,#2321,#2322,#2323,#2324,#2325,
#2326,#2327,#2328,#2329,#2330,#2331,#2332),(#2333,#2334,#2335,#2336,#2337,
#2338,#2339,#2340,#2341,#2342,#2343,#2344,#2345,#2346,#2347,#2348,#2349,
#2350,#2351,#2352,#2353),(#2354,#2355,#2356,#2357,#2358,#2359,#2360,#2361,
#2362,#2363,#2364,#2365,#2366,#2367,#2368,#2369,#2370,#2371,#2372,#2373,
#2374),(#2375,#2376,#2377,#2378,#2379,#2380,#2381,#2382,#2383,#2384,#2385,
#2386,#2387,#2388,#2389,#2390,#2391,#2392,#2393,#2394,#2395),(#2396,#2397,
#2398,#2399,#2400,#2401,#2402,#2403,#2404,#2405,#2406,#2407,#2408,#2409,
#2410,#2411,#2412,#2413,#2414,#2415,#2416),(#2417,#2418,#2419,#2420,#2421,
#2422,#2423,#2424,#2425,#2426,#2427,#2428,#2429,#2430,#2431,#2432,#2433,
#2434,#2435,#2436,#2437)),.UNSPECIFIED.,.F.,.F.,.F.,(4,2,2,1,2,2,4),(4,
2,2,1,1,1,1,1,1,1,1,1,2,2,4),(0.,0.249999999999998,0.499999999999997,0.999999999999994,
1.49999999999999,1.74999999999999,1.99999999999999),(0.,0.249999999999999,
0.5,0.999999999999999,2.,3.,4.,5.,6.,7.,8.,8.99999999999999,9.49999999999999,
9.74999999999999,9.99999999999999),.UNSPECIFIED.);
#29=B_SPLINE_SURFACE_WITH_KNOTS('',3,3,((#2477,#2478,#2479,#2480,#2481,
#2482,#2483,#2484,#2485,#2486,#2487,#2488,#2489,#2490,#2491,#2492,#2493,
#2494,#2495,#2496,#2497,#2498,#2499,#2500,#2501),(#2502,#2503,#2504,#2505,
#2506,#2507,#2508,#2509,#2510,#2511,#2512,#2513,#2514,#2515,#2516,#2517,
#2518,#2519,#2520,#2521,#2522,#2523,#2524,#2525,#2526),(#2527,#2528,#2529,
#2530,#2531,#2532,#2533,#2534,#2535,#2536,#2537,#2538,#2539,#2540,#2541,
#2542,#2543,#2544,#2545,#2546,#2547,#2548,#2549,#2550,#2551),(#2552,#2553,
#2554,#2555,#2556,#2557,#2558,#2559,#2560,#2561,#2562,#2563,#2564,#2565,
#2566,#2567,#2568,#2569,#2570,#2571,#2572,#2573,#2574,#2575,#2576),(#2577,
#2578,#2579,#2580,#2581,#2582,#2583,#2584,#2585,#2586,#2587,#2588,#2589,
#2590,#2591,#2592,#2593,#2594,#2595,#2596,#2597,#2598,#2599,#2600,#2601),
(#2602,#2603,#2604,#2605,#2606,#2607,#2608,#2609,#2610,#2611,#2612,#2613,
#2614,#2615,#2616,#2617,#2618,#2619,#2620,#2621,#2622,#2623,#2624,#2625,
#2626),(#2627,#2628,#2629,#2630,#2631,#2632,#2633,#2634,#2635,#2636,#2637,
#2638,#2639,#2640,#2641,#2642,#2643,#2644,#2645,#2646,#2647,#2648,#2649,
#2650,#2651),(#2652,#2653,#2654,#2655,#2656,#2657,#2658,#2659,#2660,#2661,
#2662,#2663,#2664,#2665,#2666,#2667,#2668,#2669,#2670,#2671,#2672,#2673,
#2674,#2675,#2676),(#2677,#2678,#2679,#2680,#2681,#2682,#2683,#2684,#2685,
#2686,#2687,#2688,#2689,#2690,#2691,#2692,#2693,#2694,#2695,#2696,#2697,
#2698,#2699,#2700,#2701),(#2702,#2703,#2704,#2705,#2706,#2707,#2708,#2709,
#2710,#2711,#2712,#2713,#2714,#2715,#2716,#2717,#2718,#2719,#2720,#2721,
#2722,#2723,#2724,#2725,#2726),(#2727,#2728,#2729,#2730,#2731,#2732,#2733,
#2734,#2735,#2736,#2737,#2738,#2739,#2740,#2741,#2742,#2743,#2744,#2745,
#2746,#2747,#2748,#2749,#2750,#2751),(#2752,#2753,#2754,#2755,#2756,#2757,
#2758,#2759,#2760,#2761,#2762,#2763,#2764,#2765,#2766,#2767,#2768,#2769,
#2770,#2771,#2772,#2773,#2774,#2775,#2776),(#2777,#2778,#2779,#2780,#2781,
#2782,#2783,#2784,#2785,#2786,#2787,#2788,#2789,#2790,#2791,#2792,#2793,
#2794,#2795,#2796,#2797,#2798,#2799,#2800,#2801),(#2802,#2803,#2804,#2805,
#2806,#2807,#2808,#2809,#2810,#2811,#2812,#2813,#2814,#2815,#2816,#2817,
#2818,#2819,#2820,#2821,#2822,#2823,#2824,#2825,#2826)),.UNSPECIFIED.,.F.,
 .F.,.F.,(4,2,2,1,1,2,2,4),(4,2,2,2,1,1,1,1,1,1,1,1,1,2,2,2,4),(0.,0.124999999999999,
0.249999999999999,0.499999999999998,0.749999999999998,0.874999999999998,
0.937499999999998,0.999999999999998),(0.,0.125,0.249999999999999,0.499999999999999,
0.999999999999999,2.,3.,4.,5.,6.,7.,8.,8.99999999999999,9.49999999999999,
9.74999999999999,9.87499999999999,9.99999999999999),.UNSPECIFIED.);
#30=B_SPLINE_SURFACE_WITH_KNOTS('',3,3,((#2852,#2853,#2854,#2855,#2856,
#2857,#2858,#2859,#2860,#2861,#2862,#2863,#2864,#2865,#2866,#2867,#2868,
#2869,#2870,#2871,#2872,#2873,#2874),(#2875,#2876,#2877,#2878,#2879,#2880,
#2881,#2882,#2883,#2884,#2885,#2886,#2887,#2888,#2889,#2890,#2891,#2892,
#2893,#2894,#2895,#2896,#2897),(#2898,#2899,#2900,#2901,#2902,#2903,#2904,
#2905,#2906,#2907,#2908,#2909,#2910,#2911,#2912,#2913,#2914,#2915,#2916,
#2917,#2918,#2919,#2920),(#2921,#2922,#2923,#2924,#2925,#2926,#2927,#2928,
#2929,#2930,#2931,#2932,#2933,#2934,#2935,#2936,#2937,#2938,#2939,#2940,
#2941,#2942,#2943),(#2944,#2945,#2946,#2947,#2948,#2949,#2950,#2951,#2952,
#2953,#2954,#2955,#2956,#2957,#2958,#2959,#2960,#2961,#2962,#2963,#2964,
#2965,#2966),(#2967,#2968,#2969,#2970,#2971,#2972,#2973,#2974,#2975,#2976,
#2977,#2978,#2979,#2980,#2981,#2982,#2983,#2984,#2985,#2986,#2987,#2988,
#2989),(#2990,#2991,#2992,#2993,#2994,#2995,#2996,#2997,#2998,#2999,#3000,
#3001,#3002,#3003,#3004,#3005,#3006,#3007,#3008,#3009,#3010,#3011,#3012),
(#3013,#3014,#3015,#3016,#3017,#3018,#3019,#3020,#3021,#3022,#3023,#3024,
#3025,#3026,#3027,#3028,#3029,#3030,#3031,#3032,#3033,#3034,#3035),(#3036,
#3037,#3038,#3039,#3040,#3041,#3042,#3043,#3044,#3045,#3046,#3047,#3048,
#3049,#3050,#3051,#3052,#3053,#3054,#3055,#3056,#3057,#3058),(#3059,#3060,
#3061,#3062,#3063,#3064,#3065,#3066,#3067,#3068,#3069,#3070,#3071,#3072,
#3073,#3074,#3075,#3076,#3077,#3078,#3079,#3080,#3081),(#3082,#3083,#3084,
#3085,#3086,#3087,#3088,#3089,#3090,#3091,#3092,#3093,#3094,#3095,#3096,
#3097,#3098,#3099,#3100,#3101,#3102,#3103,#3104),(#3105,#3106,#3107,#3108,
#3109,#3110,#3111,#3112,#3113,#3114,#3115,#3116,#3117,#3118,#3119,#3120,
#3121,#3122,#3123,#3124,#3125,#3126,#3127),(#3128,#3129,#3130,#3131,#3132,
#3133,#3134,#3135,#3136,#3137,#3138,#3139,#3140,#3141,#3142,#3143,#3144,
#3145,#3146,#3147,#3148,#3149,#3150)),.UNSPECIFIED.,.F.,.F.,.F.,(4,2,2,
1,2,2,4),(4,2,2,1,1,1,1,1,1,1,1,1,1,1,2,2,4),(0.,0.125,0.25,0.5,0.75,0.875000000000001,
1.),(0.,0.125,0.25,0.5,1.,2.,3.,4.,5.,6.,7.,8.,8.99999999999999,9.49999999999999,
9.74999999999999,9.87499999999999,9.99999999999999),.UNSPECIFIED.);
#31=B_SPLINE_SURFACE_WITH_KNOTS('',3,3,((#3175,#3176,#3177,#3178,#3179,
#3180,#3181,#3182,#3183,#3184,#3185,#3186,#3187,#3188,#3189,#3190,#3191,
#3192,#3193,#3194,#3195,#3196,#3197),(#3198,#3199,#3200,#3201,#3202,#3203,
#3204,#3205,#3206,#3207,#3208,#3209,#3210,#3211,#3212,#3213,#3214,#3215,
#3216,#3217,#3218,#3219,#3220),(#3221,#3222,#3223,#3224,#3225,#3226,#3227,
#3228,#3229,#3230,#3231,#3232,#3233,#3234,#3235,#3236,#3237,#3238,#3239,
#3240,#3241,#3242,#3243),(#3244,#3245,#3246,#3247,#3248,#3249,#3250,#3251,
#3252,#3253,#3254,#3255,#3256,#3257,#3258,#3259,#3260,#3261,#3262,#3263,
#3264,#3265,#3266),(#3267,#3268,#3269,#3270,#3271,#3272,#3273,#3274,#3275,
#3276,#3277,#3278,#3279,#3280,#3281,#3282,#3283,#3284,#3285,#3286,#3287,
#3288,#3289),(#3290,#3291,#3292,#3293,#3294,#3295,#3296,#3297,#3298,#3299,
#3300,#3301,#3302,#3303,#3304,#3305,#3306,#3307,#3308,#3309,#3310,#3311,
#3312),(#3313,#3314,#3315,#3316,#3317,#3318,#3319,#3320,#3321,#3322,#3323,
#3324,#3325,#3326,#3327,#3328,#3329,#3330,#3331,#3332,#3333,#3334,#3335),
(#3336,#3337,#3338,#3339,#3340,#3341,#3342,#3343,#3344,#3345,#3346,#3347,
#3348,#3349,#3350,#3351,#3352,#3353,#3354,#3355,#3356,#3357,#3358),(#3359,
#3360,#3361,#3362,#3363,#3364,#3365,#3366,#3367,#3368,#3369,#3370,#3371,
#3372,#3373,#3374,#3375,#3376,#3377,#3378,#3379,#3380,#3381),(#3382,#3383,
#3384,#3385,#3386,#3387,#3388,#3389,#3390,#3391,#3392,#3393,#3394,#3395,
#3396,#3397,#3398,#3399,#3400,#3401,#3402,#3403,#3404),(#3405,#3406,#3407,
#3408,#3409,#3410,#3411,#3412,#3413,#3414,#3415,#3416,#3417,#3418,#3419,
#3420,#3421,#3422,#3423,#3424,#3425,#3426,#3427),(#3428,#3429,#3430,#3431,
#3432,#3433,#3434,#3435,#3436,#3437,#3438,#3439,#3440,#3441,#3442,#3443,
#3444,#3445,#3446,#3447,#3448,#3449,#3450),(#3451,#3452,#3453,#3454,#3455,
#3456,#3457,#3458,#3459,#3460,#3461,#3462,#3463,#3464,#3465,#3466,#3467,
#3468,#3469,#3470,#3471,#3472,#3473),(#3474,#3475,#3476,#3477,#3478,#3479,
#3480,#3481,#3482,#3483,#3484,#3485,#3486,#3487,#3488,#3489,#3490,#3491,
#3492,#3493,#3494,#3495,#3496),(#3497,#3498,#3499,#3500,#3501,#3502,#3503,
#3504,#3505,#3506,#3507,#3508,#3509,#3510,#3511,#3512,#3513,#3514,#3515,
#3516,#3517,#3518,#3519)),.UNSPECIFIED.,.F.,.F.,.F.,(4,2,2,1,1,1,1,1,1,
1,4),(4,2,2,1,1,1,1,1,1,1,1,1,1,1,2,2,4),(0.,0.125,0.25,0.499999999999999,
0.999999999999998,2.,3.,4.,5.,6.,6.99999999999999),(0.,0.125,0.25,0.5,0.999999999999999,
2.,3.,4.,5.,5.99999999999999,6.99999999999999,7.99999999999999,8.99999999999999,
9.49999999999999,9.74999999999999,9.87499999999999,10.0000106280221),
 .UNSPECIFIED.);
#32=B_SPLINE_SURFACE_WITH_KNOTS('',3,3,((#3534,#3535,#3536,#3537,#3538,
#3539,#3540,#3541,#3542,#3543,#3544,#3545,#3546,#3547),(#3548,#3549,#3550,
#3551,#3552,#3553,#3554,#3555,#3556,#3557,#3558,#3559,#3560,#3561),(#3562,
#3563,#3564,#3565,#3566,#3567,#3568,#3569,#3570,#3571,#3572,#3573,#3574,
#3575),(#3576,#3577,#3578,#3579,#3580,#3581,#3582,#3583,#3584,#3585,#3586,
#3587,#3588,#3589),(#3590,#3591,#3592,#3593,#3594,#3595,#3596,#3597,#3598,
#3599,#3600,#3601,#3602,#3603),(#3604,#3605,#3606,#3607,#3608,#3609,#3610,
#3611,#3612,#3613,#3614,#3615,#3616,#3617),(#3618,#3619,#3620,#3621,#3622,
#3623,#3624,#3625,#3626,#3627,#3628,#3629,#3630,#3631),(#3632,#3633,#3634,
#3635,#3636,#3637,#3638,#3639,#3640,#3641,#3642,#3643,#3644,#3645),(#3646,
#3647,#3648,#3649,#3650,#3651,#3652,#3653,#3654,#3655,#3656,#3657,#3658,
#3659),(#3660,#3661,#3662,#3663,#3664,#3665,#3666,#3667,#3668,#3669,#3670,
#3671,#3672,#3673),(#3674,#3675,#3676,#3677,#3678,#3679,#3680,#3681,#3682,
#3683,#3684,#3685,#3686,#3687),(#3688,#3689,#3690,#3691,#3692,#3693,#3694,
#3695,#3696,#3697,#3698,#3699,#3700,#3701)),.UNSPECIFIED.,.F.,.F.,.F.,(4,
2,2,2,2,4),(4,2,2,1,1,2,2,4),(0.,0.249999999999998,0.499999999999997,0.749999999999995,
0.874999999999994,0.999999999999994),(0.,0.125,0.249999999999999,0.499999999999999,
0.749999999999998,0.874999999999998,0.937499999999998,0.999999999999998),
 .UNSPECIFIED.);
#33=B_SPLINE_SURFACE_WITH_KNOTS('',3,3,((#3730,#3731,#3732,#3733,#3734,
#3735,#3736,#3737,#3738,#3739,#3740,#3741,#3742,#3743),(#3744,#3745,#3746,
#3747,#3748,#3749,#3750,#3751,#3752,#3753,#3754,#3755,#3756,#3757),(#3758,
#3759,#3760,#3761,#3762,#3763,#3764,#3765,#3766,#3767,#3768,#3769,#3770,
#3771),(#3772,#3773,#3774,#3775,#3776,#3777,#3778,#3779,#3780,#3781,#3782,
#3783,#3784,#3785),(#3786,#3787,#3788,#3789,#3790,#3791,#3792,#3793,#3794,
#3795,#3796,#3797,#3798,#3799),(#3800,#3801,#3802,#3803,#3804,#3805,#3806,
#3807,#3808,#3809,#3810,#3811,#3812,#3813),(#3814,#3815,#3816,#3817,#3818,
#3819,#3820,#3821,#3822,#3823,#3824,#3825,#3826,#3827),(#3828,#3829,#3830,
#3831,#3832,#3833,#3834,#3835,#3836,#3837,#3838,#3839,#3840,#3841),(#3842,
#3843,#3844,#3845,#3846,#3847,#3848,#3849,#3850,#3851,#3852,#3853,#3854,
#3855),(#3856,#3857,#3858,#3859,#3860,#3861,#3862,#3863,#3864,#3865,#3866,
#3867,#3868,#3869),(#3870,#3871,#3872,#3873,#3874,#3875,#3876,#3877,#3878,
#3879,#3880,#3881,#3882,#3883),(#3884,#3885,#3886,#3887,#3888,#3889,#3890,
#3891,#3892,#3893,#3894,#3895,#3896,#3897),(#3898,#3899,#3900,#3901,#3902,
#3903,#3904,#3905,#3906,#3907,#3908,#3909,#3910,#3911),(#3912,#3913,#3914,
#3915,#3916,#3917,#3918,#3919,#3920,#3921,#3922,#3923,#3924,#3925)),
 .UNSPECIFIED.,.F.,.F.,.F.,(4,2,2,1,1,2,2,4),(4,2,2,2,2,2,4),(0.,0.125,
0.249999999999999,0.499999999999999,0.749999999999998,0.874999999999998,
0.937499999999998,0.999999999999998),(0.,0.125,0.25,0.5,0.750000000000001,
0.875000000000001,1.),.UNSPECIFIED.);
#34=B_SPLINE_SURFACE_WITH_KNOTS('',3,3,((#3926,#3927,#3928,#3929,#3930,
#3931,#3932,#3933,#3934,#3935,#3936,#3937,#3938,#3939,#3940,#3941,#3942,
#3943,#3944,#3945,#3946),(#3947,#3948,#3949,#3950,#3951,#3952,#3953,#3954,
#3955,#3956,#3957,#3958,#3959,#3960,#3961,#3962,#3963,#3964,#3965,#3966,
#3967),(#3968,#3969,#3970,#3971,#3972,#3973,#3974,#3975,#3976,#3977,#3978,
#3979,#3980,#3981,#3982,#3983,#3984,#3985,#3986,#3987,#3988),(#3989,#3990,
#3991,#3992,#3993,#3994,#3995,#3996,#3997,#3998,#3999,#4000,#4001,#4002,
#4003,#4004,#4005,#4006,#4007,#4008,#4009),(#4010,#4011,#4012,#4013,#4014,
#4015,#4016,#4017,#4018,#4019,#4020,#4021,#4022,#4023,#4024,#4025,#4026,
#4027,#4028,#4029,#4030),(#4031,#4032,#4033,#4034,#4035,#4036,#4037,#4038,
#4039,#4040,#4041,#4042,#4043,#4044,#4045,#4046,#4047,#4048,#4049,#4050,
#4051),(#4052,#4053,#4054,#4055,#4056,#4057,#4058,#4059,#4060,#4061,#4062,
#4063,#4064,#4065,#4066,#4067,#4068,#4069,#4070,#4071,#4072),(#4073,#4074,
#4075,#4076,#4077,#4078,#4079,#4080,#4081,#4082,#4083,#4084,#4085,#4086,
#4087,#4088,#4089,#4090,#4091,#4092,#4093),(#4094,#4095,#4096,#4097,#4098,
#4099,#4100,#4101,#4102,#4103,#4104,#4105,#4106,#4107,#4108,#4109,#4110,
#4111,#4112,#4113,#4114),(#4115,#4116,#4117,#4118,#4119,#4120,#4121,#4122,
#4123,#4124,#4125,#4126,#4127,#4128,#4129,#4130,#4131,#4132,#4133,#4134,
#4135)),.UNSPECIFIED.,.F.,.F.,.F.,(4,2,2,1,1,4),(4,2,2,1,1,1,1,1,1,1,1,
1,2,2,4),(0.,0.125,0.249999999999999,0.499999999999999,0.749999999999998,
0.999999999999997),(0.,0.25,0.5,0.999999999999999,2.,3.,4.,5.,6.,7.,8.,
8.99999999999999,9.5,9.75,9.99999999999999),.UNSPECIFIED.);
#35=B_SPLINE_SURFACE_WITH_KNOTS('',3,3,((#4144,#4145,#4146,#4147,#4148,
#4149,#4150,#4151,#4152,#4153,#4154,#4155,#4156,#4157,#4158,#4159,#4160,
#4161,#4162,#4163,#4164,#4165,#4166,#4167,#4168,#4169,#4170,#4171,#4172),
(#4173,#4174,#4175,#4176,#4177,#4178,#4179,#4180,#4181,#4182,#4183,#4184,
#4185,#4186,#4187,#4188,#4189,#4190,#4191,#4192,#4193,#4194,#4195,#4196,
#4197,#4198,#4199,#4200,#4201),(#4202,#4203,#4204,#4205,#4206,#4207,#4208,
#4209,#4210,#4211,#4212,#4213,#4214,#4215,#4216,#4217,#4218,#4219,#4220,
#4221,#4222,#4223,#4224,#4225,#4226,#4227,#4228,#4229,#4230),(#4231,#4232,
#4233,#4234,#4235,#4236,#4237,#4238,#4239,#4240,#4241,#4242,#4243,#4244,
#4245,#4246,#4247,#4248,#4249,#4250,#4251,#4252,#4253,#4254,#4255,#4256,
#4257,#4258,#4259),(#4260,#4261,#4262,#4263,#4264,#4265,#4266,#4267,#4268,
#4269,#4270,#4271,#4272,#4273,#4274,#4275,#4276,#4277,#4278,#4279,#4280,
#4281,#4282,#4283,#4284,#4285,#4286,#4287,#4288),(#4289,#4290,#4291,#4292,
#4293,#4294,#4295,#4296,#4297,#4298,#4299,#4300,#4301,#4302,#4303,#4304,
#4305,#4306,#4307,#4308,#4309,#4310,#4311,#4312,#4313,#4314,#4315,#4316,
#4317),(#4318,#4319,#4320,#4321,#4322,#4323,#4324,#4325,#4326,#4327,#4328,
#4329,#4330,#4331,#4332,#4333,#4334,#4335,#4336,#4337,#4338,#4339,#4340,
#4341,#4342,#4343,#4344,#4345,#4346),(#4347,#4348,#4349,#4350,#4351,#4352,
#4353,#4354,#4355,#4356,#4357,#4358,#4359,#4360,#4361,#4362,#4363,#4364,
#4365,#4366,#4367,#4368,#4369,#4370,#4371,#4372,#4373,#4374,#4375),(#4376,
#4377,#4378,#4379,#4380,#4381,#4382,#4383,#4384,#4385,#4386,#4387,#4388,
#4389,#4390,#4391,#4392,#4393,#4394,#4395,#4396,#4397,#4398,#4399,#4400,
#4401,#4402,#4403,#4404),(#4405,#4406,#4407,#4408,#4409,#4410,#4411,#4412,
#4413,#4414,#4415,#4416,#4417,#4418,#4419,#4420,#4421,#4422,#4423,#4424,
#4425,#4426,#4427,#4428,#4429,#4430,#4431,#4432,#4433),(#4434,#4435,#4436,
#4437,#4438,#4439,#4440,#4441,#4442,#4443,#4444,#4445,#4446,#4447,#4448,
#4449,#4450,#4451,#4452,#4453,#4454,#4455,#4456,#4457,#4458,#4459,#4460,
#4461,#4462),(#4463,#4464,#4465,#4466,#4467,#4468,#4469,#4470,#4471,#4472,
#4473,#4474,#4475,#4476,#4477,#4478,#4479,#4480,#4481,#4482,#4483,#4484,
#4485,#4486,#4487,#4488,#4489,#4490,#4491),(#4492,#4493,#4494,#4495,#4496,
#4497,#4498,#4499,#4500,#4501,#4502,#4503,#4504,#4505,#4506,#4507,#4508,
#4509,#4510,#4511,#4512,#4513,#4514,#4515,#4516,#4517,#4518,#4519,#4520),
(#4521,#4522,#4523,#4524,#4525,#4526,#4527,#4528,#4529,#4530,#4531,#4532,
#4533,#4534,#4535,#4536,#4537,#4538,#4539,#4540,#4541,#4542,#4543,#4544,
#4545,#4546,#4547,#4548,#4549),(#4550,#4551,#4552,#4553,#4554,#4555,#4556,
#4557,#4558,#4559,#4560,#4561,#4562,#4563,#4564,#4565,#4566,#4567,#4568,
#4569,#4570,#4571,#4572,#4573,#4574,#4575,#4576,#4577,#4578)),
 .UNSPECIFIED.,.F.,.F.,.F.,(4,1,1,1,1,1,1,1,2,2,4),(4,2,2,1,1,1,1,1,1,1,
1,1,1,1,1,1,1,1,1,1,2,2,4),(0.,0.999999999999997,2.,3.,4.,5.,6.,6.5,6.75,
6.87499999999999,7.),(0.,0.125000000000001,0.250000000000001,0.499999999999999,
0.749999999999997,0.999999999999995,1.49999999999999,1.99999999999999,2.99999999999999,
3.99999999999999,4.99999999999999,5.99999999999999,6.99999999999999,7.99999999999999,
8.99999999999999,9.99999999999999,10.5,11.,11.25,11.5,11.75,11.875,12.),
 .UNSPECIFIED.);
#36=FACE_BOUND('',#125,.T.);
#37=FACE_BOUND('',#126,.T.);
#38=FACE_BOUND('',#127,.T.);
#39=B_SPLINE_CURVE_WITH_KNOTS('',3,(#778,#779,#780,#781,#782,#783,#784,
#785,#786,#787,#788,#789,#790,#791,#792,#793,#794,#795,#796,#797,#798,#799,
#800,#801,#802,#803,#804,#805,#806,#807,#808,#809,#810,#811,#812),
 .UNSPECIFIED.,.F.,.F.,(4,1,1,1,2,1,1,1,1,1,1,2,1,1,1,1,1,2,1,1,1,1,1,1,
2,1,1,1,4),(-6.20102284833399,-5.51683707354391,-4.83265129875384,-4.49055841135881,
-4.14846552396377,-4.14349387634327,-4.14100805253303,-3.85543842172228,
-3.56986879091154,-2.99872952929005,-2.42759026766857,-2.42507537590886,
-2.15215952505375,-1.87924367419864,-1.33341197248842,-0.7875802707782,
-0.785119946771927,-0.780199298759379,-0.710324605220441,-0.640449911681503,
-0.570575218142566,-0.500700524603628,-0.43082583106469,-0.360951137525752,
-0.360912138712693,-0.336692051116141,-0.312471963519589,-0.264031788326484,
-0.215591613133379),.UNSPECIFIED.);
#40=B_SPLINE_CURVE_WITH_KNOTS('',3,(#816,#817,#818,#819,#820,#821,#822,
#823,#824,#825,#826,#827,#828,#829,#830,#831,#832,#833,#834,#835,#836,#837,
#838,#839,#840,#841,#842,#843,#844),.UNSPECIFIED.,.F.,.F.,(4,1,1,1,1,2,
1,1,1,2,1,1,1,2,1,1,1,1,2,1,1,1,4),(-1.17208863510477,-1.13058907909844,
-1.10983930109527,-1.08941376636076,-1.06898823162625,-0.987286092688206,
-0.985970212464365,-0.928455608244138,-0.870941004023911,-0.813426399803683,
-0.810839199877224,-0.733874937630184,-0.656910675383144,-0.579946413136104,
-0.577446719959096,-0.479863569227403,-0.382280418495711,-0.333488843129864,
-0.284697267764018,-0.28230024160813,-0.188200161072086,-0.0941000805360432,
0.),.UNSPECIFIED.);
#41=B_SPLINE_CURVE_WITH_KNOTS('',3,(#856,#857,#858,#859,#860,#861,#862,
#863,#864,#865,#866,#867,#868,#869,#870,#871,#872,#873,#874,#875,#876,#877,
#878,#879,#880,#881,#882,#883,#884,#885,#886,#887,#888,#889,#890,#891,#892,
#893,#894,#895,#896,#897,#898,#899,#900,#901,#902,#903,#904,#905,#906,#907,
#908,#909,#910,#911,#912,#913,#914,#915,#916,#917,#918,#919,#920,#921,#922,
#923,#924,#925,#926,#927,#928,#929,#930,#931,#932,#933,#934,#935,#936,#937,
#938,#939,#940,#941,#942,#943,#944,#945,#946,#947,#948,#949,#950,#951,#952,
#953,#954,#955,#956,#957,#958,#959,#960,#961,#962,#963,#964,#965,#966,#967,
#968,#969,#970,#971,#972,#973,#974,#975,#976,#977,#978,#979,#980,#981,#982,
#983,#984,#985,#986,#987,#988,#989,#990,#991,#992,#993,#994,#995,#996,#997,
#998,#999,#1000,#1001,#1002,#1003,#1004,#1005,#1006,#1007,#1008,#1009,#1010,
#1011,#1012,#1013,#1014,#1015,#1016,#1017,#1018,#1019,#1020,#1021,#1022,
#1023,#1024,#1025,#1026,#1027,#1028,#1029,#1030,#1031,#1032,#1033,#1034,
#1035,#1036,#1037,#1038,#1039,#1040,#1041,#1042,#1043,#1044,#1045,#1046,
#1047,#1048,#1049,#1050,#1051,#1052,#1053,#1054,#1055,#1056,#1057,#1058,
#1059,#1060,#1061,#1062,#1063,#1064,#1065,#1066,#1067,#1068,#1069,#1070,
#1071,#1072,#1073,#1074,#1075,#1076,#1077,#1078,#1079,#1080,#1081,#1082,
#1083,#1084,#1085,#1086,#1087,#1088,#1089,#1090,#1091,#1092,#1093,#1094,
#1095,#1096,#1097,#1098,#1099,#1100,#1101,#1102,#1103,#1104,#1105,#1106,
#1107,#1108,#1109,#1110,#1111,#1112,#1113,#1114,#1115,#1116,#1117,#1118,
#1119,#1120,#1121,#1122,#1123,#1124,#1125,#1126,#1127,#1128,#1129,#1130,
#1131,#1132,#1133,#1134,#1135,#1136,#1137,#1138,#1139,#1140,#1141,#1142,
#1143,#1144,#1145,#1146,#1147,#1148,#1149,#1150,#1151,#1152,#1153,#1154,
#1155,#1156,#1157,#1158,#1159,#1160,#1161,#1162,#1163,#1164,#1165,#1166,
#1167,#1168,#1169,#1170,#1171,#1172,#1173,#1174,#1175,#1176,#1177,#1178,
#1179,#1180,#1181,#1182,#1183,#1184,#1185,#1186,#1187,#1188,#1189,#1190,
#1191,#1192,#1193,#1194,#1195,#1196,#1197,#1198,#1199,#1200,#1201,#1202,
#1203,#1204,#1205,#1206,#1207,#1208,#1209,#1210,#1211,#1212,#1213,#1214,
#1215,#1216,#1217,#1218,#1219,#1220,#1221,#1222,#1223,#1224,#1225),
 .UNSPECIFIED.,.F.,.F.,(4,3,3,3,3,3,3,3,3,3,3,3,3,3,3,3,3,3,3,3,3,3,3,3,
3,3,3,3,3,3,3,3,3,3,3,3,3,3,3,3,3,3,3,3,3,3,3,3,3,3,3,3,3,3,3,3,3,3,3,3,
3,3,3,3,3,3,3,3,3,3,3,3,3,3,3,3,3,3,3,3,3,3,3,3,3,3,3,3,3,3,3,3,3,3,3,3,
3,3,3,3,3,3,3,3,3,3,3,3,3,3,3,3,3,3,3,3,3,3,3,3,3,3,3,4),(0.0820036547959144,
0.13160298146454,0.188468592260463,0.292364256538448,0.349815821964993,
0.400789364515234,0.447899486060431,0.490966984473633,0.532243368287491,
0.571058412961857,0.604051249372402,0.649664578283601,0.694655574969749,
0.738829390654475,0.781395815594947,0.822843169618505,0.863158192374423,
0.901837144736275,0.909095090416361,0.910704825756338,0.940726764413061,
0.971747720516007,1.00369283699288,1.0364173530327,1.06969313358119,1.10319134841469,
1.13644324324745,1.16917129296134,1.20115992967109,1.23173876947496,1.26148425068595,
1.29010347128238,1.31872269187881,1.32740519617656,1.36182883567663,1.39807463437489,
1.43475677000364,1.46853394109189,1.4976759930105,1.502026016763,1.50545813774446,
1.50684098326743,1.52785956592909,1.54994817488919,1.57323849882747,1.5987233337963,
1.62576500346932,1.65425728706535,1.683038316249,1.70914660452498,1.73347574895157,
1.75539575617926,1.77607751317004,1.80808644858837,1.83628757698384,1.83811371337221,
1.84063217056597,1.84270176174199,1.87479946927468,1.90222273874559,1.9271302555268,
1.95028904418822,1.97209699459778,1.99227998655242,2.01171981020033,2.03031996217928,
2.04892011415823,2.05035136508773,2.07781189360198,2.10304014263746,2.12574582406358,
2.14571469018941,2.14719744548032,2.14861860321723,2.17194762392127,2.19839821911994,
2.22083325803456,2.23607797787061,2.24590965766812,2.25530688105881,2.26433984795777,
2.27305831059557,2.2814994432102,2.28957086078185,2.29744176676533,2.30512732562225,
2.31264051356597,2.31999258572962,2.32711874211687,2.33412636667878,2.3409581852704,
2.34590243569285,2.34630442278202,2.34670525333655,2.35513436728421,2.36491316698639,
2.37722836553732,2.38226315286626,2.38786531021029,2.39360847567416,2.39950263536378,
2.40564593670622,2.41196880961858,2.41848685579839,2.42521843322777,2.43218552782828,
2.43941505690387,2.44694090859242,2.4548073136907,2.46349439441431,2.47256155965762,
2.4823495912707,2.49322407339351,2.50678602942953,2.52044091214737,2.53158722313749,
2.54171496605085,2.55119693595024,2.56020044001095,2.56863057425431,2.57680203356095,
2.58474047874643,2.59238700625993,2.59380060526844),.UNSPECIFIED.);
#42=B_SPLINE_CURVE_WITH_KNOTS('',3,(#1227,#1228,#1229,#1230,#1231,#1232,
#1233,#1234,#1235,#1236,#1237,#1238,#1239,#1240,#1241,#1242,#1243,#1244,
#1245,#1246,#1247,#1248,#1249,#1250,#1251,#1252,#1253,#1254),
 .UNSPECIFIED.,.F.,.F.,(4,3,3,3,3,3,3,3,3,4),(0.,0.0703134952064181,0.145256658284788,
0.227647374248875,0.329256613869263,0.420104638872925,0.47267322493104,
0.672173937162667,0.914839545236261,0.941417402009524),.UNSPECIFIED.);
#43=B_SPLINE_CURVE_WITH_KNOTS('',3,(#1256,#1257,#1258,#1259,#1260,#1261,
#1262,#1263,#1264,#1265,#1266,#1267,#1268,#1269,#1270,#1271,#1272,#1273,
#1274,#1275,#1276,#1277,#1278,#1279,#1280,#1281,#1282,#1283,#1284,#1285,
#1286,#1287,#1288,#1289,#1290,#1291,#1292,#1293,#1294,#1295,#1296,#1297,
#1298,#1299,#1300,#1301,#1302,#1303,#1304,#1305,#1306,#1307,#1308,#1309,
#1310,#1311,#1312,#1313,#1314,#1315,#1316,#1317,#1318,#1319,#1320,#1321,
#1322,#1323,#1324,#1325,#1326,#1327,#1328,#1329,#1330,#1331,#1332,#1333,
#1334,#1335,#1336,#1337,#1338,#1339,#1340,#1341,#1342,#1343,#1344,#1345,
#1346,#1347,#1348,#1349,#1350,#1351,#1352,#1353,#1354,#1355,#1356,#1357,
#1358,#1359,#1360,#1361,#1362,#1363,#1364,#1365,#1366,#1367,#1368,#1369,
#1370,#1371,#1372,#1373,#1374,#1375,#1376,#1377,#1378,#1379,#1380,#1381,
#1382,#1383,#1384,#1385,#1386,#1387,#1388,#1389,#1390,#1391,#1392,#1393,
#1394,#1395,#1396,#1397),.UNSPECIFIED.,.F.,.F.,(4,3,3,3,3,3,3,3,3,3,3,3,
3,3,3,3,3,3,3,3,3,3,3,3,3,3,3,3,3,3,3,3,3,3,3,3,3,3,3,3,3,3,3,3,3,3,3,4),
(0.,0.139751339671142,0.342630928159679,0.48508308663238,0.545510516648217,
0.547204105647755,0.574570340166027,0.602609486592469,0.632372956756061,
0.663655255062157,0.6994439448609,0.71778916352561,0.72072000030323,0.722203433126535,
0.751889754452024,0.77226138793427,0.782233796469522,0.787142091295466,
0.789864707011556,0.791737709353309,0.83471671498964,0.839473908730389,
0.843935015179296,0.846465175413065,0.848724955936025,0.880753774808036,
0.897308204788735,0.905471893042845,0.912037897668314,0.943463655257625,
0.972653147690923,0.986335722269032,0.99302991709035,0.997551254757579,
0.999958102560502,1.00426283419179,1.04296753187658,1.07980108286023,1.11534946384427,
1.15003310696305,1.18259091036647,1.18750630883148,1.19032693234304,1.23744087399038,
1.28402410859939,1.33042024935953,1.3766916709585,1.4104955341904),
 .UNSPECIFIED.);
#44=B_SPLINE_CURVE_WITH_KNOTS('',3,(#1399,#1400,#1401,#1402,#1403,#1404,
#1405,#1406,#1407,#1408,#1409,#1410,#1411,#1412,#1413,#1414,#1415,#1416,
#1417,#1418,#1419,#1420,#1421,#1422,#1423,#1424,#1425,#1426,#1427,#1428,
#1429,#1430,#1431,#1432,#1433,#1434,#1435,#1436,#1437,#1438,#1439,#1440,
#1441,#1442,#1443,#1444),.UNSPECIFIED.,.F.,.F.,(4,3,3,3,3,3,3,3,3,3,3,3,
3,3,3,4),(0.,0.0709148458516993,0.143170742836072,0.216837639902365,0.291991704536373,
0.369513173122206,0.448499618111635,0.529725964853678,0.554811594770682,
0.561276765969087,0.666121853396542,0.773214875759085,0.884115083022181,
0.99737802404957,1.11463768244722,1.1829359477832),.UNSPECIFIED.);
#45=B_SPLINE_CURVE_WITH_KNOTS('',3,(#1446,#1447,#1448,#1449,#1450,#1451,
#1452,#1453,#1454,#1455,#1456,#1457,#1458,#1459,#1460,#1461,#1462,#1463,
#1464,#1465,#1466,#1467,#1468,#1469,#1470,#1471,#1472,#1473,#1474,#1475,
#1476),.UNSPECIFIED.,.F.,.F.,(4,3,3,3,3,3,3,3,3,3,4),(0.,0.190126877724923,
0.370007757652479,0.531223917345869,0.62577580395084,0.643484360338162,
0.661727368721586,0.851459083271744,1.02323941950591,1.17727868644844,1.28763901018564),
 .UNSPECIFIED.);
#46=B_SPLINE_CURVE_WITH_KNOTS('',3,(#1478,#1479,#1480,#1481,#1482,#1483,
#1484,#1485,#1486,#1487,#1488,#1489,#1490,#1491,#1492,#1493,#1494,#1495,
#1496,#1497,#1498,#1499,#1500,#1501,#1502,#1503,#1504,#1505,#1506,#1507,
#1508,#1509,#1510,#1511,#1512,#1513,#1514,#1515,#1516,#1517,#1518,#1519,
#1520,#1521,#1522,#1523,#1524,#1525,#1526,#1527,#1528,#1529,#1530,#1531,
#1532,#1533,#1534,#1535,#1536,#1537,#1538,#1539,#1540,#1541,#1542,#1543,
#1544,#1545,#1546,#1547,#1548,#1549,#1550,#1551,#1552,#1553,#1554,#1555,
#1556,#1557,#1558,#1559,#1560,#1561,#1562,#1563,#1564,#1565,#1566,#1567,
#1568,#1569,#1570,#1571,#1572,#1573,#1574,#1575,#1576,#1577,#1578,#1579,
#1580,#1581,#1582,#1583,#1584,#1585,#1586,#1587,#1588,#1589,#1590,#1591,
#1592,#1593,#1594,#1595,#1596,#1597,#1598,#1599,#1600,#1601,#1602,#1603,
#1604,#1605,#1606,#1607,#1608,#1609,#1610,#1611,#1612,#1613,#1614,#1615,
#1616,#1617,#1618,#1619,#1620,#1621,#1622,#1623,#1624,#1625,#1626,#1627,
#1628,#1629,#1630,#1631,#1632,#1633,#1634,#1635,#1636,#1637,#1638,#1639,
#1640,#1641,#1642,#1643,#1644,#1645,#1646,#1647,#1648,#1649,#1650,#1651,
#1652,#1653,#1654,#1655,#1656,#1657,#1658,#1659,#1660,#1661,#1662,#1663,
#1664,#1665,#1666,#1667,#1668,#1669,#1670,#1671,#1672,#1673,#1674,#1675,
#1676,#1677,#1678,#1679,#1680,#1681,#1682,#1683,#1684,#1685,#1686,#1687,
#1688,#1689,#1690,#1691,#1692,#1693,#1694,#1695,#1696,#1697,#1698,#1699,
#1700,#1701,#1702,#1703,#1704,#1705,#1706,#1707,#1708,#1709,#1710,#1711,
#1712,#1713,#1714,#1715,#1716,#1717,#1718,#1719,#1720,#1721,#1722,#1723,
#1724,#1725,#1726,#1727,#1728,#1729,#1730),.UNSPECIFIED.,.F.,.F.,(4,3,3,
3,3,3,3,3,3,3,3,3,3,3,3,3,3,3,3,3,3,3,3,3,3,3,3,3,3,3,3,3,3,3,3,3,3,3,3,
3,3,3,3,3,3,3,3,3,3,3,3,3,3,3,3,3,3,3,3,3,3,3,3,3,3,3,3,3,3,3,3,3,3,3,3,
3,3,3,3,3,3,3,3,3,4),(0.,0.31512697715982,0.632956110886896,0.948033865127343,
1.10685697162853,1.97649088391537,1.98794696079894,2.04021220717835,2.09163575455535,
2.14087575051822,2.18938509794422,2.2141580703798,2.26948132765038,2.32668783853074,
2.38511208099889,2.43190758278657,2.43702977923362,2.44141290139243,2.66878137015694,
2.83122502917066,2.83810281247171,2.88945558793196,2.9442790194812,2.99687669803679,
3.04764555629196,3.09474054866539,3.14183554103882,3.17449917371537,3.19234336152741,
3.20294284644067,3.34070404769552,3.41987420023555,3.46478286441633,3.81200234671118,
3.85888602670836,3.86578109872314,3.87164478855111,3.93978441808381,4.03057300433128,
4.10430680710823,4.12136159057875,4.18707178668863,4.20355289501938,4.21413182634635,
4.48811760755323,4.54771662811007,4.58590851148966,4.74335043725757,4.92205865929335,
5.09380170090496,5.23739425090521,5.26554474251657,5.28171300156674,5.28832080101319,
5.29508843940974,5.38299954553617,5.46808657767151,5.55116231060113,5.63175143587657,
5.67854098004495,5.74976099706431,5.82380030350954,5.89935579717076,5.97705381326471,
6.02963299942405,6.05568307222539,6.31201471284455,6.59120680443099,6.88609301729786,
7.19299504521413,7.22514219397183,7.23300321510018,7.23819443564819,7.32685176898498,
7.42055574911955,7.51708282184809,7.61725048040031,7.65369476360751,7.75279601747712,
7.8597423558877,7.97855045487322,8.1318223453109,8.25786760136306,8.36069309507697,
8.42062471918897),.UNSPECIFIED.);
#47=B_SPLINE_CURVE_WITH_KNOTS('',3,(#1882,#1883,#1884,#1885,#1886,#1887,
#1888,#1889,#1890,#1891,#1892,#1893,#1894,#1895,#1896,#1897,#1898,#1899,
#1900,#1901,#1902,#1903,#1904,#1905,#1906,#1907,#1908,#1909,#1910,#1911,
#1912,#1913,#1914,#1915,#1916),.UNSPECIFIED.,.F.,.F.,(4,1,1,1,2,1,1,1,1,
1,1,2,1,1,1,1,1,2,1,1,1,1,1,1,2,1,1,1,4),(0.215591613133379,0.264031788326484,
0.312471963519589,0.336692051116141,0.360912138712693,0.360951137525752,
0.43082583106469,0.500700524603628,0.570575218142566,0.640449911681503,
0.710324605220441,0.780199298759379,0.785119946771927,0.7875802707782,1.33341197248842,
1.87924367419864,2.15215952505375,2.42507537590886,2.42759026766857,2.99872952929005,
3.56986879091154,3.85543842172228,4.14100805253303,4.14349387634327,4.14846552396377,
4.49055841135881,4.83265129875384,5.51683707354391,6.20102284833399),
 .UNSPECIFIED.);
#48=B_SPLINE_CURVE_WITH_KNOTS('',3,(#2036,#2037,#2038,#2039,#2040,#2041,
#2042,#2043,#2044,#2045,#2046,#2047,#2048,#2049,#2050,#2051,#2052,#2053,
#2054,#2055,#2056,#2057,#2058,#2059,#2060,#2061,#2062,#2063,#2064,#2065,
#2066,#2067,#2068,#2069,#2070,#2071,#2072,#2073,#2074,#2075,#2076,#2077,
#2078,#2079,#2080,#2081),.UNSPECIFIED.,.F.,.F.,(4,2,2,2,2,2,2,2,2,2,2,2,
2,2,2,2,2,2,2,2,2,2,4),(1.00000094041599E-6,0.302198034952818,0.421644078983582,
0.489773614561616,0.567621200477031,0.656612225406697,0.744704021924778,
0.833706368441046,0.920053269267101,1.00536527262639,1.04975189202596,1.15617207766508,
1.22528902730682,1.35319280051254,1.40708170484974,1.45020868424717,1.59208502685213,
1.64270219650004,1.68682624055133,1.7253678035352,1.75901133342302,1.87859917270104,
2.00028842121528),.UNSPECIFIED.);
#49=B_SPLINE_CURVE_WITH_KNOTS('',3,(#2439,#2440,#2441,#2442,#2443,#2444,
#2445,#2446,#2447,#2448,#2449),.UNSPECIFIED.,.F.,.F.,(4,1,2,1,1,1,1,4),
(-9.99999999999999,-9.74999999999999,-9.49999999999999,-8.99999999999999,
-8.,-7.,-6.,-5.),.UNSPECIFIED.);
#50=B_SPLINE_CURVE_WITH_KNOTS('',3,(#2451,#2452,#2453,#2454,#2455,#2456,
#2457),.UNSPECIFIED.,.F.,.F.,(4,2,1,4),(-0.999999999999994,-0.499999999999997,
-0.249999999999998,0.),.UNSPECIFIED.);
#51=B_SPLINE_CURVE_WITH_KNOTS('',3,(#2459,#2460,#2461,#2462,#2463,#2464,
#2465),.UNSPECIFIED.,.F.,.F.,(4,1,2,4),(-1.99999999999999,-1.74999999999999,
-1.49999999999999,-0.999999999999994),.UNSPECIFIED.);
#52=B_SPLINE_CURVE_WITH_KNOTS('',3,(#2466,#2467,#2468,#2469,#2470,#2471,
#2472,#2473,#2474,#2475,#2476),.UNSPECIFIED.,.F.,.F.,(4,1,1,1,1,2,1,4),
(5.,6.,7.,8.,8.99999999999999,9.49999999999999,9.74999999999999,9.99999999999999),
 .UNSPECIFIED.);
#53=B_SPLINE_CURVE_WITH_KNOTS('',3,(#2828,#2829,#2830,#2831,#2832,#2833,
#2834,#2835,#2836,#2837,#2838,#2839),.UNSPECIFIED.,.F.,.F.,(4,1,2,1,1,2,
1,4),(-0.999999999999998,-0.937499999999998,-0.874999999999998,-0.749999999999998,
-0.499999999999998,-0.249999999999999,-0.124999999999999,0.),
 .UNSPECIFIED.);
#54=B_SPLINE_CURVE_WITH_KNOTS('',3,(#2840,#2841,#2842,#2843,#2844,#2845,
#2846,#2847,#2848,#2849,#2850,#2851),.UNSPECIFIED.,.F.,.F.,(4,1,1,1,1,1,
2,1,4),(5.,6.,7.,8.,8.99999999999999,9.49999999999999,9.74999999999999,
9.87499999999999,9.99999999999999),.UNSPECIFIED.);
#55=B_SPLINE_CURVE_WITH_KNOTS('',3,(#3152,#3153,#3154,#3155,#3156,#3157,
#3158,#3159,#3160,#3161,#3162),.UNSPECIFIED.,.F.,.F.,(4,1,2,1,2,1,4),(-1.,
-0.875000000000001,-0.75,-0.5,-0.25,-0.125,0.),.UNSPECIFIED.);
#56=B_SPLINE_CURVE_WITH_KNOTS('',3,(#3163,#3164,#3165,#3166,#3167,#3168,
#3169,#3170,#3171,#3172,#3173,#3174),.UNSPECIFIED.,.F.,.F.,(4,1,1,1,1,1,
2,1,4),(5.,6.,7.,8.,8.99999999999999,9.49999999999999,9.74999999999999,
9.87499999999999,9.99999999999999),.UNSPECIFIED.);
#57=B_SPLINE_CURVE_WITH_KNOTS('',3,(#3520,#3521,#3522,#3523,#3524,#3525,
#3526,#3527,#3528,#3529,#3530,#3531,#3532,#3533),.UNSPECIFIED.,.F.,.F.,
(4,1,2,1,1,1,1,1,1,1,4),(-7.,-6.87499999999999,-6.75,-6.5,-6.,-5.,-4.,-3.,
-2.,-0.999999999999997,-0.517912452341757),.UNSPECIFIED.);
#58=B_SPLINE_CURVE_WITH_KNOTS('',3,(#3703,#3704,#3705,#3706,#3707,#3708,
#3709,#3710,#3711),.UNSPECIFIED.,.F.,.F.,(4,1,2,1,1,4),(0.,0.125,0.249999999999999,
0.499999999999999,0.749999999999998,0.999999999999997),.UNSPECIFIED.);
#59=B_SPLINE_CURVE_WITH_KNOTS('',3,(#3712,#3713,#3714,#3715,#3716,#3717,
#3718,#3719),.UNSPECIFIED.,.F.,.F.,(4,1,2,1,4),(11.,11.5,11.75,11.875,12.),
 .UNSPECIFIED.);
#60=B_SPLINE_CURVE_WITH_KNOTS('',3,(#3720,#3721,#3722,#3723,#3724,#3725,
#3726,#3727,#3728,#3729),.UNSPECIFIED.,.F.,.F.,(4,1,2,1,1,1,4),(-0.999999999999998,
-0.937499999999998,-0.874999999999998,-0.749999999999998,-0.499999999999999,
-0.249999999999999,0.),.UNSPECIFIED.);
#61=B_SPLINE_CURVE_WITH_KNOTS('',3,(#4136,#4137,#4138,#4139,#4140,#4141,
#4142,#4143),.UNSPECIFIED.,.F.,.F.,(4,1,1,1,1,4),(5.99999999999999,6.99999999999999,
7.99999999999999,8.99999999999999,9.99999999999999,11.),.UNSPECIFIED.);
#62=CIRCLE('',#578,12.);
#63=CIRCLE('',#579,11.7);
#64=CIRCLE('',#582,12.);
#65=CIRCLE('',#583,11.7);
#66=CIRCLE('',#586,1.4);
#67=CIRCLE('',#587,1.4);
#68=CIRCLE('',#588,1.4);
#69=CIRCLE('',#590,10.);
#70=CIRCLE('',#591,10.);
#71=CIRCLE('',#593,10.);
#72=CIRCLE('',#594,10.);
#73=CIRCLE('',#595,12.);
#74=CIRCLE('',#596,2.);
#75=CIRCLE('',#598,10.);
#76=CIRCLE('',#599,10.);
#77=CIRCLE('',#600,12.);
#78=CIRCLE('',#601,2.);
#79=CIRCLE('',#608,1.4);
#80=CIRCLE('',#611,1.4);
#81=CIRCLE('',#614,1.4);
#82=CONICAL_SURFACE('',#577,11.85,0.785398163397444);
#83=CONICAL_SURFACE('',#581,11.85,0.785398163397444);
#84=FACE_OUTER_BOUND('',#119,.T.);
#85=FACE_OUTER_BOUND('',#120,.T.);
#86=FACE_OUTER_BOUND('',#121,.T.);
#87=FACE_OUTER_BOUND('',#122,.T.);
#88=FACE_OUTER_BOUND('',#123,.T.);
#89=FACE_OUTER_BOUND('',#124,.T.);
#90=FACE_OUTER_BOUND('',#128,.T.);
#91=FACE_OUTER_BOUND('',#129,.T.);
#92=FACE_OUTER_BOUND('',#130,.T.);
#93=FACE_OUTER_BOUND('',#131,.T.);
#94=FACE_OUTER_BOUND('',#132,.T.);
#95=FACE_OUTER_BOUND('',#133,.T.);
#96=FACE_OUTER_BOUND('',#134,.T.);
#97=FACE_OUTER_BOUND('',#135,.T.);
#98=FACE_OUTER_BOUND('',#136,.T.);
#99=FACE_OUTER_BOUND('',#137,.T.);
#100=FACE_OUTER_BOUND('',#138,.T.);
#101=FACE_OUTER_BOUND('',#139,.T.);
#102=FACE_OUTER_BOUND('',#140,.T.);
#103=FACE_OUTER_BOUND('',#141,.T.);
#104=FACE_OUTER_BOUND('',#142,.T.);
#105=FACE_OUTER_BOUND('',#143,.T.);
#106=FACE_OUTER_BOUND('',#144,.T.);
#107=FACE_OUTER_BOUND('',#145,.T.);
#108=FACE_OUTER_BOUND('',#146,.T.);
#109=FACE_OUTER_BOUND('',#147,.T.);
#110=FACE_OUTER_BOUND('',#148,.T.);
#111=FACE_OUTER_BOUND('',#149,.T.);
#112=FACE_OUTER_BOUND('',#150,.T.);
#113=FACE_OUTER_BOUND('',#151,.T.);
#114=FACE_OUTER_BOUND('',#152,.T.);
#115=FACE_OUTER_BOUND('',#153,.T.);
#116=FACE_OUTER_BOUND('',#154,.T.);
#117=FACE_OUTER_BOUND('',#155,.T.);
#118=FACE_OUTER_BOUND('',#156,.T.);
#119=EDGE_LOOP('',(#357,#358,#359,#360));
#120=EDGE_LOOP('',(#361,#362,#363,#364));
#121=EDGE_LOOP('',(#365,#366,#367,#368));
#122=EDGE_LOOP('',(#369,#370,#371,#372));
#123=EDGE_LOOP('',(#373,#374,#375,#376));
#124=EDGE_LOOP('',(#377,#378,#379,#380,#381,#382,#383,#384,#385,#386));
#125=EDGE_LOOP('',(#387));
#126=EDGE_LOOP('',(#388));
#127=EDGE_LOOP('',(#389));
#128=EDGE_LOOP('',(#390,#391,#392,#393,#394,#395,#396,#397,#398,#399,#400,
#401,#402,#403,#404,#405,#406));
#129=EDGE_LOOP('',(#407,#408,#409,#410));
#130=EDGE_LOOP('',(#411,#412,#413,#414));
#131=EDGE_LOOP('',(#415,#416,#417,#418));
#132=EDGE_LOOP('',(#419,#420,#421,#422));
#133=EDGE_LOOP('',(#423,#424,#425,#426));
#134=EDGE_LOOP('',(#427,#428,#429,#430));
#135=EDGE_LOOP('',(#431,#432,#433,#434));
#136=EDGE_LOOP('',(#435,#436,#437,#438));
#137=EDGE_LOOP('',(#439,#440,#441,#442,#443,#444));
#138=EDGE_LOOP('',(#445,#446,#447,#448));
#139=EDGE_LOOP('',(#449,#450,#451,#452));
#140=EDGE_LOOP('',(#453,#454,#455,#456));
#141=EDGE_LOOP('',(#457,#458,#459,#460));
#142=EDGE_LOOP('',(#461));
#143=EDGE_LOOP('',(#462,#463,#464,#465));
#144=EDGE_LOOP('',(#466));
#145=EDGE_LOOP('',(#467,#468,#469,#470));
#146=EDGE_LOOP('',(#471));
#147=EDGE_LOOP('',(#472,#473,#474,#475,#476));
#148=EDGE_LOOP('',(#477,#478,#479,#480));
#149=EDGE_LOOP('',(#481,#482,#483,#484));
#150=EDGE_LOOP('',(#485,#486,#487,#488));
#151=EDGE_LOOP('',(#489,#490,#491,#492));
#152=EDGE_LOOP('',(#493,#494,#495,#496));
#153=EDGE_LOOP('',(#497,#498,#499,#500));
#154=EDGE_LOOP('',(#501,#502,#503,#504,#505,#506));
#155=EDGE_LOOP('',(#507,#508,#509,#510));
#156=EDGE_LOOP('',(#511,#512,#513,#514));
#157=LINE('',#744,#193);
#158=LINE('',#746,#194);
#159=LINE('',#748,#195);
#160=LINE('',#749,#196);
#161=LINE('',#753,#197);
#162=LINE('',#759,#198);
#163=LINE('',#760,#199);
#164=LINE('',#761,#200);
#165=LINE('',#765,#201);
#166=LINE('',#771,#202);
#167=LINE('',#772,#203);
#168=LINE('',#773,#204);
#169=LINE('',#776,#205);
#170=LINE('',#814,#206);
#171=LINE('',#845,#207);
#172=LINE('',#854,#208);
#173=LINE('',#1731,#209);
#174=LINE('',#1733,#210);
#175=LINE('',#1737,#211);
#176=LINE('',#1740,#212);
#177=LINE('',#1917,#213);
#178=LINE('',#2035,#214);
#179=LINE('',#2098,#215);
#180=LINE('',#2101,#216);
#181=LINE('',#2104,#217);
#182=LINE('',#2123,#218);
#183=LINE('',#2124,#219);
#184=LINE('',#2140,#220);
#185=LINE('',#2141,#221);
#186=LINE('',#2144,#222);
#187=LINE('',#2145,#223);
#188=LINE('',#2147,#224);
#189=LINE('',#2149,#225);
#190=LINE('',#2152,#226);
#191=LINE('',#2157,#227);
#192=LINE('',#2162,#228);
#193=VECTOR('',#622,10.);
#194=VECTOR('',#623,10.);
#195=VECTOR('',#624,10.);
#196=VECTOR('',#625,10.);
#197=VECTOR('',#628,9.99999999999999);
#198=VECTOR('',#635,10.);
#199=VECTOR('',#636,10.);
#200=VECTOR('',#637,10.);
#201=VECTOR('',#640,10.);
#202=VECTOR('',#647,10.);
#203=VECTOR('',#648,10.);
#204=VECTOR('',#649,10.);
#205=VECTOR('',#652,10.);
#206=VECTOR('',#653,10.);
#207=VECTOR('',#654,10.);
#208=VECTOR('',#663,10.);
#209=VECTOR('',#664,10.);
#210=VECTOR('',#665,10.);
#211=VECTOR('',#668,10.);
#212=VECTOR('',#671,10.);
#213=VECTOR('',#672,10.);
#214=VECTOR('',#673,10.);
#215=VECTOR('',#674,9.99999999999999);
#216=VECTOR('',#677,10.);
#217=VECTOR('',#680,10.);
#218=VECTOR('',#691,10.);
#219=VECTOR('',#692,10.);
#220=VECTOR('',#701,10.);
#221=VECTOR('',#702,10.);
#222=VECTOR('',#707,10.);
#223=VECTOR('',#708,10.);
#224=VECTOR('',#711,10.);
#225=VECTOR('',#714,10.);
#226=VECTOR('',#717,1.4);
#227=VECTOR('',#724,1.4);
#228=VECTOR('',#731,1.4);
#229=VERTEX_POINT('',#742);
#230=VERTEX_POINT('',#743);
#231=VERTEX_POINT('',#745);
#232=VERTEX_POINT('',#747);
#233=VERTEX_POINT('',#751);
#234=VERTEX_POINT('',#752);
#235=VERTEX_POINT('',#757);
#236=VERTEX_POINT('',#758);
#237=VERTEX_POINT('',#763);
#238=VERTEX_POINT('',#764);
#239=VERTEX_POINT('',#769);
#240=VERTEX_POINT('',#770);
#241=VERTEX_POINT('',#775);
#242=VERTEX_POINT('',#777);
#243=VERTEX_POINT('',#813);
#244=VERTEX_POINT('',#815);
#245=VERTEX_POINT('',#846);
#246=VERTEX_POINT('',#848);
#247=VERTEX_POINT('',#850);
#248=VERTEX_POINT('',#853);
#249=VERTEX_POINT('',#855);
#250=VERTEX_POINT('',#1226);
#251=VERTEX_POINT('',#1255);
#252=VERTEX_POINT('',#1398);
#253=VERTEX_POINT('',#1445);
#254=VERTEX_POINT('',#1477);
#255=VERTEX_POINT('',#1732);
#256=VERTEX_POINT('',#1734);
#257=VERTEX_POINT('',#1736);
#258=VERTEX_POINT('',#1738);
#259=VERTEX_POINT('',#1881);
#260=VERTEX_POINT('',#2034);
#261=VERTEX_POINT('',#2100);
#262=VERTEX_POINT('',#2102);
#263=VERTEX_POINT('',#2114);
#264=VERTEX_POINT('',#2115);
#265=VERTEX_POINT('',#2120);
#266=VERTEX_POINT('',#2121);
#267=VERTEX_POINT('',#2134);
#268=VERTEX_POINT('',#2135);
#269=VERTEX_POINT('',#2151);
#270=VERTEX_POINT('',#2156);
#271=VERTEX_POINT('',#2161);
#272=VERTEX_POINT('',#2438);
#273=VERTEX_POINT('',#2450);
#274=VERTEX_POINT('',#2458);
#275=VERTEX_POINT('',#2827);
#276=VERTEX_POINT('',#3151);
#277=VERTEX_POINT('',#3702);
#278=EDGE_CURVE('',#229,#230,#157,.T.);
#279=EDGE_CURVE('',#230,#231,#158,.T.);
#280=EDGE_CURVE('',#231,#232,#159,.T.);
#281=EDGE_CURVE('',#232,#229,#160,.T.);
#282=EDGE_CURVE('',#233,#234,#161,.T.);
#283=EDGE_CURVE('',#234,#232,#62,.T.);
#284=EDGE_CURVE('',#231,#233,#63,.T.);
#285=EDGE_CURVE('',#235,#236,#162,.T.);
#286=EDGE_CURVE('',#236,#234,#163,.T.);
#287=EDGE_CURVE('',#233,#235,#164,.T.);
#288=EDGE_CURVE('',#237,#238,#165,.T.);
#289=EDGE_CURVE('',#238,#236,#64,.T.);
#290=EDGE_CURVE('',#235,#237,#65,.T.);
#291=EDGE_CURVE('',#239,#240,#166,.T.);
#292=EDGE_CURVE('',#240,#238,#167,.T.);
#293=EDGE_CURVE('',#237,#239,#168,.T.);
#294=EDGE_CURVE('',#230,#241,#169,.T.);
#295=EDGE_CURVE('',#242,#241,#39,.T.);
#296=EDGE_CURVE('',#243,#242,#170,.T.);
#297=EDGE_CURVE('',#244,#243,#40,.T.);
#298=EDGE_CURVE('',#244,#239,#171,.T.);
#299=EDGE_CURVE('',#245,#245,#66,.T.);
#300=EDGE_CURVE('',#246,#246,#67,.T.);
#301=EDGE_CURVE('',#247,#247,#68,.T.);
#302=EDGE_CURVE('',#248,#244,#172,.T.);
#303=EDGE_CURVE('',#248,#249,#41,.T.);
#304=EDGE_CURVE('',#249,#250,#42,.T.);
#305=EDGE_CURVE('',#250,#251,#43,.T.);
#306=EDGE_CURVE('',#251,#252,#44,.T.);
#307=EDGE_CURVE('',#252,#253,#45,.T.);
#308=EDGE_CURVE('',#253,#254,#46,.T.);
#309=EDGE_CURVE('',#241,#254,#173,.T.);
#310=EDGE_CURVE('',#255,#229,#174,.T.);
#311=EDGE_CURVE('',#256,#255,#69,.T.);
#312=EDGE_CURVE('',#257,#256,#175,.T.);
#313=EDGE_CURVE('',#258,#257,#70,.T.);
#314=EDGE_CURVE('',#240,#258,#176,.T.);
#315=EDGE_CURVE('',#254,#259,#47,.T.);
#316=EDGE_CURVE('',#259,#242,#177,.T.);
#317=EDGE_CURVE('',#243,#260,#178,.T.);
#318=EDGE_CURVE('',#260,#248,#48,.T.);
#319=EDGE_CURVE('',#259,#260,#179,.T.);
#320=EDGE_CURVE('',#257,#261,#180,.T.);
#321=EDGE_CURVE('',#261,#262,#71,.T.);
#322=EDGE_CURVE('',#262,#258,#181,.T.);
#323=EDGE_CURVE('',#263,#264,#72,.T.);
#324=EDGE_CURVE('',#264,#262,#73,.T.);
#325=EDGE_CURVE('',#261,#263,#74,.T.);
#326=EDGE_CURVE('',#265,#266,#75,.T.);
#327=EDGE_CURVE('',#266,#264,#182,.T.);
#328=EDGE_CURVE('',#263,#265,#183,.T.);
#329=EDGE_CURVE('',#267,#268,#76,.T.);
#330=EDGE_CURVE('',#268,#266,#77,.T.);
#331=EDGE_CURVE('',#265,#267,#78,.T.);
#332=EDGE_CURVE('',#255,#268,#184,.T.);
#333=EDGE_CURVE('',#267,#256,#185,.T.);
#334=EDGE_CURVE('',#234,#266,#186,.T.);
#335=EDGE_CURVE('',#268,#232,#187,.T.);
#336=EDGE_CURVE('',#264,#236,#188,.T.);
#337=EDGE_CURVE('',#238,#262,#189,.T.);
#338=EDGE_CURVE('',#245,#269,#190,.T.);
#339=EDGE_CURVE('',#269,#269,#79,.T.);
#340=EDGE_CURVE('',#246,#270,#191,.T.);
#341=EDGE_CURVE('',#270,#270,#80,.T.);
#342=EDGE_CURVE('',#247,#271,#192,.T.);
#343=EDGE_CURVE('',#271,#271,#81,.T.);
#344=EDGE_CURVE('',#272,#250,#49,.T.);
#345=EDGE_CURVE('',#273,#272,#50,.T.);
#346=EDGE_CURVE('',#274,#273,#51,.T.);
#347=EDGE_CURVE('',#251,#274,#52,.T.);
#348=EDGE_CURVE('',#275,#274,#53,.T.);
#349=EDGE_CURVE('',#252,#275,#54,.T.);
#350=EDGE_CURVE('',#276,#275,#55,.T.);
#351=EDGE_CURVE('',#253,#276,#56,.T.);
#352=EDGE_CURVE('',#276,#259,#57,.T.);
#353=EDGE_CURVE('',#272,#277,#58,.T.);
#354=EDGE_CURVE('',#277,#276,#59,.T.);
#355=EDGE_CURVE('',#276,#273,#60,.T.);
#356=EDGE_CURVE('',#249,#277,#61,.T.);
#357=ORIENTED_EDGE('',*,*,#278,.T.);
#358=ORIENTED_EDGE('',*,*,#279,.T.);
#359=ORIENTED_EDGE('',*,*,#280,.T.);
#360=ORIENTED_EDGE('',*,*,#281,.T.);
#361=ORIENTED_EDGE('',*,*,#282,.T.);
#362=ORIENTED_EDGE('',*,*,#283,.T.);
#363=ORIENTED_EDGE('',*,*,#280,.F.);
#364=ORIENTED_EDGE('',*,*,#284,.T.);
#365=ORIENTED_EDGE('',*,*,#285,.T.);
#366=ORIENTED_EDGE('',*,*,#286,.T.);
#367=ORIENTED_EDGE('',*,*,#282,.F.);
#368=ORIENTED_EDGE('',*,*,#287,.T.);
#369=ORIENTED_EDGE('',*,*,#288,.T.);
#370=ORIENTED_EDGE('',*,*,#289,.T.);
#371=ORIENTED_EDGE('',*,*,#285,.F.);
#372=ORIENTED_EDGE('',*,*,#290,.T.);
#373=ORIENTED_EDGE('',*,*,#291,.T.);
#374=ORIENTED_EDGE('',*,*,#292,.T.);
#375=ORIENTED_EDGE('',*,*,#288,.F.);
#376=ORIENTED_EDGE('',*,*,#293,.T.);
#377=ORIENTED_EDGE('',*,*,#293,.F.);
#378=ORIENTED_EDGE('',*,*,#290,.F.);
#379=ORIENTED_EDGE('',*,*,#287,.F.);
#380=ORIENTED_EDGE('',*,*,#284,.F.);
#381=ORIENTED_EDGE('',*,*,#279,.F.);
#382=ORIENTED_EDGE('',*,*,#294,.T.);
#383=ORIENTED_EDGE('',*,*,#295,.F.);
#384=ORIENTED_EDGE('',*,*,#296,.F.);
#385=ORIENTED_EDGE('',*,*,#297,.F.);
#386=ORIENTED_EDGE('',*,*,#298,.T.);
#387=ORIENTED_EDGE('',*,*,#299,.T.);
#388=ORIENTED_EDGE('',*,*,#300,.T.);
#389=ORIENTED_EDGE('',*,*,#301,.T.);
#390=ORIENTED_EDGE('',*,*,#291,.F.);
#391=ORIENTED_EDGE('',*,*,#298,.F.);
#392=ORIENTED_EDGE('',*,*,#302,.F.);
#393=ORIENTED_EDGE('',*,*,#303,.T.);
#394=ORIENTED_EDGE('',*,*,#304,.T.);
#395=ORIENTED_EDGE('',*,*,#305,.T.);
#396=ORIENTED_EDGE('',*,*,#306,.T.);
#397=ORIENTED_EDGE('',*,*,#307,.T.);
#398=ORIENTED_EDGE('',*,*,#308,.T.);
#399=ORIENTED_EDGE('',*,*,#309,.F.);
#400=ORIENTED_EDGE('',*,*,#294,.F.);
#401=ORIENTED_EDGE('',*,*,#278,.F.);
#402=ORIENTED_EDGE('',*,*,#310,.F.);
#403=ORIENTED_EDGE('',*,*,#311,.F.);
#404=ORIENTED_EDGE('',*,*,#312,.F.);
#405=ORIENTED_EDGE('',*,*,#313,.F.);
#406=ORIENTED_EDGE('',*,*,#314,.F.);
#407=ORIENTED_EDGE('',*,*,#309,.T.);
#408=ORIENTED_EDGE('',*,*,#315,.T.);
#409=ORIENTED_EDGE('',*,*,#316,.T.);
#410=ORIENTED_EDGE('',*,*,#295,.T.);
#411=ORIENTED_EDGE('',*,*,#302,.T.);
#412=ORIENTED_EDGE('',*,*,#297,.T.);
#413=ORIENTED_EDGE('',*,*,#317,.T.);
#414=ORIENTED_EDGE('',*,*,#318,.T.);
#415=ORIENTED_EDGE('',*,*,#317,.F.);
#416=ORIENTED_EDGE('',*,*,#296,.T.);
#417=ORIENTED_EDGE('',*,*,#316,.F.);
#418=ORIENTED_EDGE('',*,*,#319,.T.);
#419=ORIENTED_EDGE('',*,*,#313,.T.);
#420=ORIENTED_EDGE('',*,*,#320,.T.);
#421=ORIENTED_EDGE('',*,*,#321,.T.);
#422=ORIENTED_EDGE('',*,*,#322,.T.);
#423=ORIENTED_EDGE('',*,*,#323,.T.);
#424=ORIENTED_EDGE('',*,*,#324,.T.);
#425=ORIENTED_EDGE('',*,*,#321,.F.);
#426=ORIENTED_EDGE('',*,*,#325,.T.);
#427=ORIENTED_EDGE('',*,*,#326,.T.);
#428=ORIENTED_EDGE('',*,*,#327,.T.);
#429=ORIENTED_EDGE('',*,*,#323,.F.);
#430=ORIENTED_EDGE('',*,*,#328,.T.);
#431=ORIENTED_EDGE('',*,*,#329,.T.);
#432=ORIENTED_EDGE('',*,*,#330,.T.);
#433=ORIENTED_EDGE('',*,*,#326,.F.);
#434=ORIENTED_EDGE('',*,*,#331,.T.);
#435=ORIENTED_EDGE('',*,*,#311,.T.);
#436=ORIENTED_EDGE('',*,*,#332,.T.);
#437=ORIENTED_EDGE('',*,*,#329,.F.);
#438=ORIENTED_EDGE('',*,*,#333,.T.);
#439=ORIENTED_EDGE('',*,*,#333,.F.);
#440=ORIENTED_EDGE('',*,*,#331,.F.);
#441=ORIENTED_EDGE('',*,*,#328,.F.);
#442=ORIENTED_EDGE('',*,*,#325,.F.);
#443=ORIENTED_EDGE('',*,*,#320,.F.);
#444=ORIENTED_EDGE('',*,*,#312,.T.);
#445=ORIENTED_EDGE('',*,*,#283,.F.);
#446=ORIENTED_EDGE('',*,*,#334,.T.);
#447=ORIENTED_EDGE('',*,*,#330,.F.);
#448=ORIENTED_EDGE('',*,*,#335,.T.);
#449=ORIENTED_EDGE('',*,*,#286,.F.);
#450=ORIENTED_EDGE('',*,*,#336,.F.);
#451=ORIENTED_EDGE('',*,*,#327,.F.);
#452=ORIENTED_EDGE('',*,*,#334,.F.);
#453=ORIENTED_EDGE('',*,*,#289,.F.);
#454=ORIENTED_EDGE('',*,*,#337,.T.);
#455=ORIENTED_EDGE('',*,*,#324,.F.);
#456=ORIENTED_EDGE('',*,*,#336,.T.);
#457=ORIENTED_EDGE('',*,*,#299,.F.);
#458=ORIENTED_EDGE('',*,*,#338,.T.);
#459=ORIENTED_EDGE('',*,*,#339,.T.);
#460=ORIENTED_EDGE('',*,*,#338,.F.);
#461=ORIENTED_EDGE('',*,*,#339,.F.);
#462=ORIENTED_EDGE('',*,*,#300,.F.);
#463=ORIENTED_EDGE('',*,*,#340,.T.);
#464=ORIENTED_EDGE('',*,*,#341,.T.);
#465=ORIENTED_EDGE('',*,*,#340,.F.);
#466=ORIENTED_EDGE('',*,*,#341,.F.);
#467=ORIENTED_EDGE('',*,*,#301,.F.);
#468=ORIENTED_EDGE('',*,*,#342,.T.);
#469=ORIENTED_EDGE('',*,*,#343,.T.);
#470=ORIENTED_EDGE('',*,*,#342,.F.);
#471=ORIENTED_EDGE('',*,*,#343,.F.);
#472=ORIENTED_EDGE('',*,*,#305,.F.);
#473=ORIENTED_EDGE('',*,*,#344,.F.);
#474=ORIENTED_EDGE('',*,*,#345,.F.);
#475=ORIENTED_EDGE('',*,*,#346,.F.);
#476=ORIENTED_EDGE('',*,*,#347,.F.);
#477=ORIENTED_EDGE('',*,*,#306,.F.);
#478=ORIENTED_EDGE('',*,*,#347,.T.);
#479=ORIENTED_EDGE('',*,*,#348,.F.);
#480=ORIENTED_EDGE('',*,*,#349,.F.);
#481=ORIENTED_EDGE('',*,*,#307,.F.);
#482=ORIENTED_EDGE('',*,*,#349,.T.);
#483=ORIENTED_EDGE('',*,*,#350,.F.);
#484=ORIENTED_EDGE('',*,*,#351,.F.);
#485=ORIENTED_EDGE('',*,*,#315,.F.);
#486=ORIENTED_EDGE('',*,*,#308,.F.);
#487=ORIENTED_EDGE('',*,*,#351,.T.);
#488=ORIENTED_EDGE('',*,*,#352,.T.);
#489=ORIENTED_EDGE('',*,*,#345,.T.);
#490=ORIENTED_EDGE('',*,*,#353,.T.);
#491=ORIENTED_EDGE('',*,*,#354,.T.);
#492=ORIENTED_EDGE('',*,*,#355,.T.);
#493=ORIENTED_EDGE('',*,*,#348,.T.);
#494=ORIENTED_EDGE('',*,*,#346,.T.);
#495=ORIENTED_EDGE('',*,*,#355,.F.);
#496=ORIENTED_EDGE('',*,*,#350,.T.);
#497=ORIENTED_EDGE('',*,*,#304,.F.);
#498=ORIENTED_EDGE('',*,*,#356,.T.);
#499=ORIENTED_EDGE('',*,*,#353,.F.);
#500=ORIENTED_EDGE('',*,*,#344,.T.);
#501=ORIENTED_EDGE('',*,*,#319,.F.);
#502=ORIENTED_EDGE('',*,*,#352,.F.);
#503=ORIENTED_EDGE('',*,*,#354,.F.);
#504=ORIENTED_EDGE('',*,*,#356,.F.);
#505=ORIENTED_EDGE('',*,*,#303,.F.);
#506=ORIENTED_EDGE('',*,*,#318,.F.);
#507=ORIENTED_EDGE('',*,*,#281,.F.);
#508=ORIENTED_EDGE('',*,*,#335,.F.);
#509=ORIENTED_EDGE('',*,*,#332,.F.);
#510=ORIENTED_EDGE('',*,*,#310,.T.);
#511=ORIENTED_EDGE('',*,*,#292,.F.);
#512=ORIENTED_EDGE('',*,*,#314,.T.);
#513=ORIENTED_EDGE('',*,*,#322,.F.);
#514=ORIENTED_EDGE('',*,*,#337,.F.);
#515=PLANE('',#576);
#516=PLANE('',#580);
#517=PLANE('',#584);
#518=PLANE('',#585);
#519=PLANE('',#589);
#520=PLANE('',#603);
#521=PLANE('',#605);
#522=PLANE('',#609);
#523=PLANE('',#612);
#524=PLANE('',#615);
#525=PLANE('',#616);
#526=PLANE('',#617);
#527=ADVANCED_FACE('',(#84),#515,.T.);
#528=ADVANCED_FACE('',(#85),#82,.T.);
#529=ADVANCED_FACE('',(#86),#516,.T.);
#530=ADVANCED_FACE('',(#87),#83,.T.);
#531=ADVANCED_FACE('',(#88),#517,.T.);
#532=ADVANCED_FACE('',(#89,#36,#37,#38),#518,.T.);
#533=ADVANCED_FACE('',(#90),#519,.F.);
#534=ADVANCED_FACE('',(#91),#25,.T.);
#535=ADVANCED_FACE('',(#92),#26,.T.);
#536=ADVANCED_FACE('',(#93),#27,.T.);
#537=ADVANCED_FACE('',(#94),#17,.T.);
#538=ADVANCED_FACE('',(#95),#15,.F.);
#539=ADVANCED_FACE('',(#96),#18,.T.);
#540=ADVANCED_FACE('',(#97),#16,.F.);
#541=ADVANCED_FACE('',(#98),#19,.T.);
#542=ADVANCED_FACE('',(#99),#520,.T.);
#543=ADVANCED_FACE('',(#100),#20,.T.);
#544=ADVANCED_FACE('',(#101),#521,.T.);
#545=ADVANCED_FACE('',(#102),#21,.T.);
#546=ADVANCED_FACE('',(#103),#22,.F.);
#547=ADVANCED_FACE('',(#104),#522,.T.);
#548=ADVANCED_FACE('',(#105),#23,.F.);
#549=ADVANCED_FACE('',(#106),#523,.T.);
#550=ADVANCED_FACE('',(#107),#24,.F.);
#551=ADVANCED_FACE('',(#108),#524,.T.);
#552=ADVANCED_FACE('',(#109),#28,.F.);
#553=ADVANCED_FACE('',(#110),#29,.F.);
#554=ADVANCED_FACE('',(#111),#30,.F.);
#555=ADVANCED_FACE('',(#112),#31,.F.);
#556=ADVANCED_FACE('',(#113),#32,.F.);
#557=ADVANCED_FACE('',(#114),#33,.F.);
#558=ADVANCED_FACE('',(#115),#34,.F.);
#559=ADVANCED_FACE('',(#116),#35,.F.);
#560=ADVANCED_FACE('',(#117),#525,.T.);
#561=ADVANCED_FACE('',(#118),#526,.T.);
#562=CLOSED_SHELL('',(#527,#528,#529,#530,#531,#532,#533,#534,#535,#536,
#537,#538,#539,#540,#541,#542,#543,#544,#545,#546,#547,#548,#549,#550,#551,
#552,#553,#554,#555,#556,#557,#558,#559,#560,#561));
#563=DERIVED_UNIT_ELEMENT(#565,1.);
#564=DERIVED_UNIT_ELEMENT(#4586,-3.);
#565=(
MASS_UNIT()
NAMED_UNIT(*)
SI_UNIT(.KILO.,.GRAM.)
);
#566=DERIVED_UNIT((#563,#564));
#567=MEASURE_REPRESENTATION_ITEM('density measure',
POSITIVE_RATIO_MEASURE(7850.),#566);
#568=PROPERTY_DEFINITION_REPRESENTATION(#573,#570);
#569=PROPERTY_DEFINITION_REPRESENTATION(#574,#571);
#570=REPRESENTATION('material name',(#572),#4583);
#571=REPRESENTATION('density',(#567),#4583);
#572=DESCRIPTIVE_REPRESENTATION_ITEM('\X2\92FC\X0\','\X2\92FC\X0\');
#573=PROPERTY_DEFINITION('material property','material name',#4593);
#574=PROPERTY_DEFINITION('material property','density of part',#4593);
#575=AXIS2_PLACEMENT_3D('',#740,#618,#619);
#576=AXIS2_PLACEMENT_3D('',#741,#620,#621);
#577=AXIS2_PLACEMENT_3D('',#750,#626,#627);
#578=AXIS2_PLACEMENT_3D('',#754,#629,#630);
#579=AXIS2_PLACEMENT_3D('',#755,#631,#632);
#580=AXIS2_PLACEMENT_3D('',#756,#633,#634);
#581=AXIS2_PLACEMENT_3D('',#762,#638,#639);
#582=AXIS2_PLACEMENT_3D('',#766,#641,#642);
#583=AXIS2_PLACEMENT_3D('',#767,#643,#644);
#584=AXIS2_PLACEMENT_3D('',#768,#645,#646);
#585=AXIS2_PLACEMENT_3D('',#774,#650,#651);
#586=AXIS2_PLACEMENT_3D('',#847,#655,#656);
#587=AXIS2_PLACEMENT_3D('',#849,#657,#658);
#588=AXIS2_PLACEMENT_3D('',#851,#659,#660);
#589=AXIS2_PLACEMENT_3D('',#852,#661,#662);
#590=AXIS2_PLACEMENT_3D('',#1735,#666,#667);
#591=AXIS2_PLACEMENT_3D('',#1739,#669,#670);
#592=AXIS2_PLACEMENT_3D('',#2099,#675,#676);
#593=AXIS2_PLACEMENT_3D('',#2103,#678,#679);
#594=AXIS2_PLACEMENT_3D('',#2116,#681,#682);
#595=AXIS2_PLACEMENT_3D('',#2117,#683,#684);
#596=AXIS2_PLACEMENT_3D('',#2118,#685,#686);
#597=AXIS2_PLACEMENT_3D('',#2119,#687,#688);
#598=AXIS2_PLACEMENT_3D('',#2122,#689,#690);
#599=AXIS2_PLACEMENT_3D('',#2136,#693,#694);
#600=AXIS2_PLACEMENT_3D('',#2137,#695,#696);
#601=AXIS2_PLACEMENT_3D('',#2138,#697,#698);
#602=AXIS2_PLACEMENT_3D('',#2139,#699,#700);
#603=AXIS2_PLACEMENT_3D('',#2142,#703,#704);
#604=AXIS2_PLACEMENT_3D('',#2143,#705,#706);
#605=AXIS2_PLACEMENT_3D('',#2146,#709,#710);
#606=AXIS2_PLACEMENT_3D('',#2148,#712,#713);
#607=AXIS2_PLACEMENT_3D('',#2150,#715,#716);
#608=AXIS2_PLACEMENT_3D('',#2153,#718,#719);
#609=AXIS2_PLACEMENT_3D('',#2154,#720,#721);
#610=AXIS2_PLACEMENT_3D('',#2155,#722,#723);
#611=AXIS2_PLACEMENT_3D('',#2158,#725,#726);
#612=AXIS2_PLACEMENT_3D('',#2159,#727,#728);
#613=AXIS2_PLACEMENT_3D('',#2160,#729,#730);
#614=AXIS2_PLACEMENT_3D('',#2163,#732,#733);
#615=AXIS2_PLACEMENT_3D('',#2164,#734,#735);
#616=AXIS2_PLACEMENT_3D('',#4579,#736,#737);
#617=AXIS2_PLACEMENT_3D('',#4580,#738,#739);
#618=DIRECTION('axis',(0.,0.,1.));
#619=DIRECTION('refdir',(1.,0.,0.));
#620=DIRECTION('center_axis',(0.0861746391405335,-0.701836114466204,0.707106781186533));
#621=DIRECTION('ref_axis',(0.992655640632957,2.35922392732846E-16,-0.120974291151359));
#622=DIRECTION('',(-0.08617463914053,0.701836114466176,0.707106781186562));
#623=DIRECTION('',(-0.992546151641322,-0.121869343405147,0.));
#624=DIRECTION('',(0.086174639140531,-0.701836114466175,-0.707106781186563));
#625=DIRECTION('',(0.992546151641322,0.121869343405147,0.));
#626=DIRECTION('center_axis',(0.,0.,-1.));
#627=DIRECTION('ref_axis',(-0.615661475325659,-0.788010753606722,0.));
#628=DIRECTION('',(-0.701836114466186,-0.0861746391405308,-0.707106781186551));
#629=DIRECTION('center_axis',(0.,0.,1.));
#630=DIRECTION('ref_axis',(-0.615661475325658,-0.788010753606722,0.));
#631=DIRECTION('center_axis',(0.,0.,-1.));
#632=DIRECTION('ref_axis',(-0.615661475325658,-0.788010753606722,0.));
#633=DIRECTION('center_axis',(-0.701836114466199,-0.0861746391405329,0.707106781186538));
#634=DIRECTION('ref_axis',(0.709747006865415,-1.38777878078145E-17,0.704456660303233));
#635=DIRECTION('',(-0.701836114466184,-0.0861746391405305,-0.707106781186554));
#636=DIRECTION('',(0.121869343405147,-0.992546151641322,0.));
#637=DIRECTION('',(-0.121869343405147,0.992546151641322,0.));
#638=DIRECTION('center_axis',(0.,0.,-1.));
#639=DIRECTION('ref_axis',(-0.788010753606722,0.615661475325659,0.));
#640=DIRECTION('',(-0.0861746391405298,0.701836114466189,-0.707106781186549));
#641=DIRECTION('center_axis',(0.,0.,1.));
#642=DIRECTION('ref_axis',(-0.788010753606722,0.615661475325658,0.));
#643=DIRECTION('center_axis',(0.,0.,-1.));
#644=DIRECTION('ref_axis',(-0.788010753606722,0.615661475325658,0.));
#645=DIRECTION('center_axis',(-0.0861746391405332,0.701836114466202,0.707106781186536));
#646=DIRECTION('ref_axis',(0.992655640632957,2.70616862252382E-16,0.120974291151358));
#647=DIRECTION('',(-0.0861746391405303,0.701836114466179,-0.707106781186559));
#648=DIRECTION('',(-0.992546151641322,-0.121869343405147,0.));
#649=DIRECTION('',(0.992546151641322,0.121869343405147,0.));
#650=DIRECTION('center_axis',(0.,0.,1.));
#651=DIRECTION('ref_axis',(-0.121869343405147,0.992546151641322,0.));
#652=DIRECTION('',(-0.121869343405147,0.992546151641322,0.));
#653=DIRECTION('',(0.376717590230424,-0.926328158489734,0.));
#654=DIRECTION('',(-0.121869343405147,0.992546151641322,0.));
#655=DIRECTION('center_axis',(0.,0.,-1.));
#656=DIRECTION('ref_axis',(1.,0.,0.));
#657=DIRECTION('center_axis',(0.,0.,-1.));
#658=DIRECTION('ref_axis',(1.,0.,0.));
#659=DIRECTION('center_axis',(0.,0.,-1.));
#660=DIRECTION('ref_axis',(1.,0.,0.));
#661=DIRECTION('center_axis',(-0.992546151641322,-0.121869343405147,0.));
#662=DIRECTION('ref_axis',(0.,0.,-1.));
#663=DIRECTION('',(-0.0876658371930664,0.713980947998749,0.694655243184737));
#664=DIRECTION('',(-0.0735372329843658,0.598912700779504,-0.797430782080804));
#665=DIRECTION('',(0.,0.,1.));
#666=DIRECTION('center_axis',(-0.992546151641322,-0.121869343405147,0.));
#667=DIRECTION('ref_axis',(0.0861746391405315,-0.70183611446619,-0.707106781186547));
#668=DIRECTION('',(0.121869343405147,-0.992546151641322,0.));
#669=DIRECTION('center_axis',(-0.992546151641322,-0.121869343405147,0.));
#670=DIRECTION('ref_axis',(-0.0861746391405315,0.70183611446619,-0.707106781186547));
#671=DIRECTION('',(0.,0.,-1.));
#672=DIRECTION('',(-0.597545157112282,-0.243354723781903,0.764014570296072));
#673=DIRECTION('',(0.597841115225943,0.242782637571886,-0.763965046215492));
#674=DIRECTION('',(-0.372398194092704,0.92807271250425,-0.000790785366254498));
#675=DIRECTION('center_axis',(-0.992546151641322,-0.121869343405147,0.));
#676=DIRECTION('ref_axis',(-0.0861746391405315,0.70183611446619,-0.707106781186547));
#677=DIRECTION('',(-0.992546151641322,-0.121869343405147,0.));
#678=DIRECTION('center_axis',(0.992546151641322,0.121869343405147,0.));
#679=DIRECTION('ref_axis',(0.,0.,-1.));
#680=DIRECTION('',(0.992546151641322,0.121869343405147,0.));
#681=DIRECTION('center_axis',(-0.121869343405147,0.992546151641322,0.));
#682=DIRECTION('ref_axis',(0.,0.,-1.));
#683=DIRECTION('center_axis',(0.,0.,-1.));
#684=DIRECTION('ref_axis',(-0.788010753606722,0.615661475325658,0.));
#685=DIRECTION('center_axis',(0.,0.,1.));
#686=DIRECTION('ref_axis',(-0.788010753606722,0.615661475325658,0.));
#687=DIRECTION('center_axis',(0.121869343405147,-0.992546151641322,0.));
#688=DIRECTION('ref_axis',(-0.70183611446619,-0.0861746391405315,-0.707106781186547));
#689=DIRECTION('center_axis',(-0.121869343405147,0.992546151641322,0.));
#690=DIRECTION('ref_axis',(0.,0.,-1.));
#691=DIRECTION('',(-0.121869343405147,0.992546151641322,0.));
#692=DIRECTION('',(0.121869343405147,-0.992546151641322,0.));
#693=DIRECTION('center_axis',(-0.992546151641322,-0.121869343405147,0.));
#694=DIRECTION('ref_axis',(0.,0.,-1.));
#695=DIRECTION('center_axis',(0.,0.,-1.));
#696=DIRECTION('ref_axis',(-0.615661475325659,-0.788010753606722,0.));
#697=DIRECTION('center_axis',(0.,0.,1.));
#698=DIRECTION('ref_axis',(-0.615661475325659,-0.788010753606722,0.));
#699=DIRECTION('center_axis',(-0.992546151641322,-0.121869343405147,0.));
#700=DIRECTION('ref_axis',(0.0861746391405315,-0.70183611446619,-0.707106781186547));
#701=DIRECTION('',(-0.992546151641322,-0.121869343405147,0.));
#702=DIRECTION('',(0.992546151641322,0.121869343405147,0.));
#703=DIRECTION('center_axis',(0.,0.,-1.));
#704=DIRECTION('ref_axis',(0.121869343405147,-0.992546151641322,0.));
#705=DIRECTION('center_axis',(0.,0.,1.));
#706=DIRECTION('ref_axis',(-0.615661475325658,-0.788010753606722,0.));
#707=DIRECTION('',(0.,0.,-1.));
#708=DIRECTION('',(0.,0.,1.));
#709=DIRECTION('center_axis',(-0.992546151641322,-0.121869343405147,0.));
#710=DIRECTION('ref_axis',(0.,0.,1.));
#711=DIRECTION('',(0.,0.,1.));
#712=DIRECTION('center_axis',(0.,0.,-1.));
#713=DIRECTION('ref_axis',(-0.788010753606722,0.615661475325658,0.));
#714=DIRECTION('',(0.,0.,-1.));
#715=DIRECTION('center_axis',(0.,0.,-1.));
#716=DIRECTION('ref_axis',(1.,0.,0.));
#717=DIRECTION('',(0.,0.,-1.));
#718=DIRECTION('center_axis',(0.,0.,-1.));
#719=DIRECTION('ref_axis',(1.,0.,0.));
#720=DIRECTION('center_axis',(0.,0.,1.));
#721=DIRECTION('ref_axis',(1.,0.,0.));
#722=DIRECTION('center_axis',(0.,0.,-1.));
#723=DIRECTION('ref_axis',(1.,0.,0.));
#724=DIRECTION('',(0.,0.,-1.));
#725=DIRECTION('center_axis',(0.,0.,-1.));
#726=DIRECTION('ref_axis',(1.,0.,0.));
#727=DIRECTION('center_axis',(0.,0.,1.));
#728=DIRECTION('ref_axis',(1.,0.,0.));
#729=DIRECTION('center_axis',(0.,0.,-1.));
#730=DIRECTION('ref_axis',(1.,0.,0.));
#731=DIRECTION('',(0.,0.,-1.));
#732=DIRECTION('center_axis',(0.,0.,-1.));
#733=DIRECTION('ref_axis',(1.,0.,0.));
#734=DIRECTION('center_axis',(0.,0.,1.));
#735=DIRECTION('ref_axis',(1.,0.,0.));
#736=DIRECTION('center_axis',(0.121869343405147,-0.992546151641322,0.));
#737=DIRECTION('ref_axis',(0.,0.,1.));
#738=DIRECTION('center_axis',(-0.121869343405147,0.992546151641322,0.));
#739=DIRECTION('ref_axis',(0.,0.,-1.));
#740=CARTESIAN_POINT('',(0.,0.,0.));
#741=CARTESIAN_POINT('Origin',(2.16939002024302,-9.65760417970698,-58.15));
#742=CARTESIAN_POINT('',(2.18767042175379,-9.80648610245317,-58.3));
#743=CARTESIAN_POINT('',(2.15110961873224,-9.50872225696078,-58.));
#744=CARTESIAN_POINT('',(2.56546538630976,-12.8833791725414,-61.4000000000003));
#745=CARTESIAN_POINT('',(-1.81907498783304,-9.99619963058137,-58.));
#746=CARTESIAN_POINT('',(2.15110961873224,-9.50872225696078,-58.));
#747=CARTESIAN_POINT('',(-1.7825141848115,-10.2939634760738,-58.3));
#748=CARTESIAN_POINT('',(-1.81907498783304,-9.99619963058137,-58.));
#749=CARTESIAN_POINT('',(2.18767042175379,-9.80648610245317,-58.3));
#750=CARTESIAN_POINT('Origin',(-3.24494630567327,1.6165903436221,-58.15));
#751=CARTESIAN_POINT('',(-14.8577362798767,0.190719025781879,-58.));
#752=CARTESIAN_POINT('',(-15.1555001253691,0.154158222760335,-58.3));
#753=CARTESIAN_POINT('',(-14.8577362798767,0.190719025781879,-58.));
#754=CARTESIAN_POINT('Origin',(-3.24494630567327,1.6165903436221,-58.3));
#755=CARTESIAN_POINT('Origin',(-3.24494630567327,1.6165903436221,-58.));
#756=CARTESIAN_POINT('Origin',(-14.4582061572998,-4.29401905811484,-58.15));
#757=CARTESIAN_POINT('',(-15.5889523403076,6.14599593562981,-58.));
#758=CARTESIAN_POINT('',(-15.8867161858,6.10943513260826,-58.3));
#759=CARTESIAN_POINT('',(-15.5889523403076,6.14599593562981,-58.));
#760=CARTESIAN_POINT('',(-14.607088080046,-4.31229945962562,-58.3));
#761=CARTESIAN_POINT('',(-14.3093242345536,-4.27573865660407,-58.));
#762=CARTESIAN_POINT('Origin',(-3.97616236610415,7.57186725347003,-58.15));
#763=CARTESIAN_POINT('',(-5.40203368394438,19.1846572276735,-58.));
#764=CARTESIAN_POINT('',(-5.43859448696592,19.4824210731659,-58.3));
#765=CARTESIAN_POINT('',(-5.40203368394438,19.1846572276735,-58.));
#766=CARTESIAN_POINT('Origin',(-3.97616236610415,7.57186725347003,-58.3));
#767=CARTESIAN_POINT('Origin',(-3.97616236610415,7.57186725347003,-58.));
#768=CARTESIAN_POINT('Origin',(-1.45012947888986,19.8210165240403,-58.15));
#769=CARTESIAN_POINT('',(-1.43184907737909,19.6721346012941,-58.));
#770=CARTESIAN_POINT('',(-1.46840988040063,19.9698984467865,-58.3));
#771=CARTESIAN_POINT('',(-1.8462048449566,23.0467915168747,-61.4000000000002));
#772=CARTESIAN_POINT('',(-1.46840988040063,19.9698984467865,-58.3));
#773=CARTESIAN_POINT('',(-1.43184907737909,19.6721346012941,-58.));
#774=CARTESIAN_POINT('Origin',(2.18767042175379,-9.80648610245317,-58.));
#775=CARTESIAN_POINT('',(1.13600549343757,-1.24136260009485,-58.));
#776=CARTESIAN_POINT('',(2.18767042175379,-9.80648610245317,-58.));
#777=CARTESIAN_POINT('',(-7.54326249511689,2.68621872375428,-58.));
#778=CARTESIAN_POINT('Ctrl Pts',(-7.54326249511689,2.68621872375429,-58.));
#779=CARTESIAN_POINT('Ctrl Pts',(-7.45767745651991,2.47606901085729,-58.));
#780=CARTESIAN_POINT('Ctrl Pts',(-7.24234093444999,1.98926617581655,-58.0000000000003));
#781=CARTESIAN_POINT('Ctrl Pts',(-6.87340933743411,1.30988016648618,-57.9999999999993));
#782=CARTESIAN_POINT('Ctrl Pts',(-6.5245817510568,0.777022680779659,-57.9999999999996));
#783=CARTESIAN_POINT('Ctrl Pts',(-6.33170468350326,0.522755458746327,-57.9999999999951));
#784=CARTESIAN_POINT('Ctrl Pts',(-6.22847640351138,0.399180496389173,-57.9999999999942));
#785=CARTESIAN_POINT('Ctrl Pts',(-6.22625673517753,0.396527521168894,-57.9999999999942));
#786=CARTESIAN_POINT('Ctrl Pts',(-6.13893535124852,0.292365253167943,-57.9999999999946));
#787=CARTESIAN_POINT('Ctrl Pts',(-5.9607825048225,0.0971137869593885,-57.9999999999991));
#788=CARTESIAN_POINT('Ctrl Pts',(-5.59529919900387,-0.238486953017846,-57.9999999999992));
#789=CARTESIAN_POINT('Ctrl Pts',(-5.11238257457134,-0.57120678513443,-58.0000000000003));
#790=CARTESIAN_POINT('Ctrl Pts',(-4.70179369715306,-0.76074640195955,-58.));
#791=CARTESIAN_POINT('Ctrl Pts',(-4.48864679381637,-0.842609300627351,-58.));
#792=CARTESIAN_POINT('Ctrl Pts',(-4.38631421893843,-0.881869290586839,-58.));
#793=CARTESIAN_POINT('Ctrl Pts',(-4.18053955660366,-0.953562047968489,-58.));
#794=CARTESIAN_POINT('Ctrl Pts',(-3.76089141580714,-1.07450322622575,-58.0000000000002));
#795=CARTESIAN_POINT('Ctrl Pts',(-3.22800713916933,-1.18748646025102,-57.9999999999996));
#796=CARTESIAN_POINT('Ctrl Pts',(-2.80665533962362,-1.24579941569674,-58.0000000000013));
#797=CARTESIAN_POINT('Ctrl Pts',(-2.59909706907869,-1.2693229019597,-58.0000000000016));
#798=CARTESIAN_POINT('Ctrl Pts',(-2.59632892880886,-1.26963532200176,-58.0000000000016));
#799=CARTESIAN_POINT('Ctrl Pts',(-2.56828972719644,-1.27280378258984,-58.0000000000015));
#800=CARTESIAN_POINT('Ctrl Pts',(-2.51583848424785,-1.27844750656583,-58.000000000001));
#801=CARTESIAN_POINT('Ctrl Pts',(-2.43831191848865,-1.28671665833066,-58.0000000000008));
#802=CARTESIAN_POINT('Ctrl Pts',(-2.35950836124466,-1.29378847171946,-58.0000000000004));
#803=CARTESIAN_POINT('Ctrl Pts',(-2.29690755715747,-1.30055460380976,-58.0000000000003));
#804=CARTESIAN_POINT('Ctrl Pts',(-1.76039494722974,-1.34173312277397,-58.0000000000002));
#805=CARTESIAN_POINT('Ctrl Pts',(-1.18782445778105,-1.35175614735106,-58.));
#806=CARTESIAN_POINT('Ctrl Pts',(-0.849064406556368,-1.35003965634999,-58.));
#807=CARTESIAN_POINT('Ctrl Pts',(-0.732063015268122,-1.34944570903489,-58.));
#808=CARTESIAN_POINT('Ctrl Pts',(-0.475553810345537,-1.34671058246549,-58.));
#809=CARTESIAN_POINT('Ctrl Pts',(0.0276862345781665,-1.33285461192011,-58.));
#810=CARTESIAN_POINT('Ctrl Pts',(0.569837191405635,-1.30184329086472,-58.));
#811=CARTESIAN_POINT('Ctrl Pts',(0.953111672562803,-1.26381913758281,-58.));
#812=CARTESIAN_POINT('Ctrl Pts',(1.13600549343757,-1.24136260009485,-58.));
#813=CARTESIAN_POINT('',(-7.5470276864991,2.69547712551172,-58.));
#814=CARTESIAN_POINT('',(-7.5470276864991,2.69547712551172,-58.));
#815=CARTESIAN_POINT('',(-0.530518448512307,12.3313857136588,-58.));
#816=CARTESIAN_POINT('Ctrl Pts',(-0.53051844851231,12.3313857136588,-58.));
#817=CARTESIAN_POINT('Ctrl Pts',(-1.2335109758385,12.245069084873,-58.));
#818=CARTESIAN_POINT('Ctrl Pts',(-2.03857502403929,12.0490072975034,-58.));
#819=CARTESIAN_POINT('Ctrl Pts',(-2.63665659223956,11.822970584721,-58.));
#820=CARTESIAN_POINT('Ctrl Pts',(-2.94458509201745,11.6847318608762,-58.));
#821=CARTESIAN_POINT('Ctrl Pts',(-3.59919183900799,11.3485050577243,-58.0000000000001));
#822=CARTESIAN_POINT('Ctrl Pts',(-4.07458407709033,11.0248501103545,-58.0000000000002));
#823=CARTESIAN_POINT('Ctrl Pts',(-4.46356010899135,10.7589719004074,-58.0000000000002));
#824=CARTESIAN_POINT('Ctrl Pts',(-4.73844485754145,10.5706934595728,-58.0000000000002));
#825=CARTESIAN_POINT('Ctrl Pts',(-5.2970832647425,10.1784390282366,-58.0000000000001));
#826=CARTESIAN_POINT('Ctrl Pts',(-5.92527235082817,9.67691295790442,-58.0000000000001));
#827=CARTESIAN_POINT('Ctrl Pts',(-6.25984817951382,9.36334375672622,-58.0000000000001));
#828=CARTESIAN_POINT('Ctrl Pts',(-6.41742568060393,9.19857831517584,-58.));
#829=CARTESIAN_POINT('Ctrl Pts',(-6.62494390800951,8.98050324982891,-58.));
#830=CARTESIAN_POINT('Ctrl Pts',(-6.97697420636566,8.54355328197711,-58.));
#831=CARTESIAN_POINT('Ctrl Pts',(-7.36716270907495,7.88168188635108,-58.));
#832=CARTESIAN_POINT('Ctrl Pts',(-7.55447622826643,7.4517836996071,-58.));
#833=CARTESIAN_POINT('Ctrl Pts',(-7.63766525528137,7.23709711753334,-58.));
#834=CARTESIAN_POINT('Ctrl Pts',(-7.74187830713047,6.96692465509082,-58.));
#835=CARTESIAN_POINT('Ctrl Pts',(-7.90455078943734,6.45688455165804,-58.));
#836=CARTESIAN_POINT('Ctrl Pts',(-8.02293848371096,5.85093026233598,-58.));
#837=CARTESIAN_POINT('Ctrl Pts',(-8.06805030284393,5.37952550537961,-58.));
#838=CARTESIAN_POINT('Ctrl Pts',(-8.07415607360585,5.14746370351169,-58.));
#839=CARTESIAN_POINT('Ctrl Pts',(-8.07295773212674,5.02615480189156,-58.));
#840=CARTESIAN_POINT('Ctrl Pts',(-8.07028985759455,4.79720806925989,-58.));
#841=CARTESIAN_POINT('Ctrl Pts',(-8.03218749418352,4.32612481926733,-58.));
#842=CARTESIAN_POINT('Ctrl Pts',(-7.86467278467338,3.56059146171123,-58.));
#843=CARTESIAN_POINT('Ctrl Pts',(-7.66868187386917,2.99504498496253,-58.));
#844=CARTESIAN_POINT('Ctrl Pts',(-7.5470276864991,2.69547712551172,-58.));
#845=CARTESIAN_POINT('',(2.18767042175379,-9.80648610245317,-58.));
#846=CARTESIAN_POINT('',(-6.27297920401003,14.6690784663017,-58.));
#847=CARTESIAN_POINT('Origin',(-4.87297920401003,14.6690784663017,-58.));
#848=CARTESIAN_POINT('',(-12.9134135673967,3.08363978975469,-58.));
#849=CARTESIAN_POINT('Origin',(-11.5134135673967,3.08363978975469,-58.));
#850=CARTESIAN_POINT('',(-3.16469077859499,-5.39351046137725,-58.));
#851=CARTESIAN_POINT('Origin',(-1.76469077859499,-5.39351046137725,-58.));
#852=CARTESIAN_POINT('Origin',(0.359630270676579,5.08170617216666,-86.));
#853=CARTESIAN_POINT('',(-0.492681374170094,12.0232274723948,-58.2998171570609));
#854=CARTESIAN_POINT('',(-0.492681374170092,12.0232274723948,-58.2998171570609));
#855=CARTESIAN_POINT('',(-0.475963734266597,11.8870732215627,-94.7570420588605));
#856=CARTESIAN_POINT('Ctrl Pts',(-0.492681374170091,12.0232274723948,-58.2998171570609));
#857=CARTESIAN_POINT('Ctrl Pts',(-0.491995630917969,12.0176425417889,-58.4573333826239));
#858=CARTESIAN_POINT('Ctrl Pts',(-0.491301698381328,12.0119909148128,-58.6120819567169));
#859=CARTESIAN_POINT('Ctrl Pts',(-0.490614154113835,12.0063913161138,-58.7644797895123));
#860=CARTESIAN_POINT('Ctrl Pts',(-0.489825884849988,11.9999713781506,-58.9392038518727));
#861=CARTESIAN_POINT('Ctrl Pts',(-0.48904595359562,11.993619347825,-59.1108387260378));
#862=CARTESIAN_POINT('Ctrl Pts',(-0.488291528557434,11.98747504896,-59.2800707997765));
#863=CARTESIAN_POINT('Ctrl Pts',(-0.486913164913865,11.976249177943,-59.5892643259188));
#864=CARTESIAN_POINT('Ctrl Pts',(-0.48561965043517,11.9657143479189,-59.8904419501063));
#865=CARTESIAN_POINT('Ctrl Pts',(-0.484499194880755,11.9565889697266,-60.1879797533062));
#866=CARTESIAN_POINT('Ctrl Pts',(-0.483879612475274,11.9515428759757,-60.3525103204497));
#867=CARTESIAN_POINT('Ctrl Pts',(-0.483312747426197,11.9469261306381,-60.5159300508133));
#868=CARTESIAN_POINT('Ctrl Pts',(-0.482815236421533,11.9428742286644,-60.6789547544385));
#869=CARTESIAN_POINT('Ctrl Pts',(-0.482373822890374,11.9392792039486,-60.8235974043869));
#870=CARTESIAN_POINT('Ctrl Pts',(-0.481986955483467,11.9361284217651,-60.9679296825289));
#871=CARTESIAN_POINT('Ctrl Pts',(-0.481668938295832,11.933538379619,-61.1124167650725));
#872=CARTESIAN_POINT('Ctrl Pts',(-0.481375024480676,11.9311446436884,-61.2459527855214));
#873=CARTESIAN_POINT('Ctrl Pts',(-0.481139886479231,11.9292295983462,-61.3796214388759));
#874=CARTESIAN_POINT('Ctrl Pts',(-0.480977802063733,11.9279095267159,-61.513751730106));
#875=CARTESIAN_POINT('Ctrl Pts',(-0.480829626468377,11.9267027333351,-61.636372006073));
#876=CARTESIAN_POINT('Ctrl Pts',(-0.480742494721258,11.9259931022017,-61.7593782067509));
#877=CARTESIAN_POINT('Ctrl Pts',(-0.480730177900719,11.9258927897483,-61.882985265382));
#878=CARTESIAN_POINT('Ctrl Pts',(-0.480718373318826,11.9257966491439,-62.0014516862826));
#879=CARTESIAN_POINT('Ctrl Pts',(-0.480775264586796,11.926259991339,-62.120470344712));
#880=CARTESIAN_POINT('Ctrl Pts',(-0.480916004335329,11.9274062246072,-62.2401920259857));
#881=CARTESIAN_POINT('Ctrl Pts',(-0.481048351675907,11.9284841071978,-62.3527746211103));
#882=CARTESIAN_POINT('Ctrl Pts',(-0.481254835377138,11.9301657819923,-62.4659790222669));
#883=CARTESIAN_POINT('Ctrl Pts',(-0.481551025776664,11.9325780592147,-62.5798930181743));
#884=CARTESIAN_POINT('Ctrl Pts',(-0.481802787985878,11.934628497864,-62.6767200568489));
#885=CARTESIAN_POINT('Ctrl Pts',(-0.482119396405457,11.9372070665151,-62.7740593606811));
#886=CARTESIAN_POINT('Ctrl Pts',(-0.482512387713014,11.940407723867,-62.8719398840118));
#887=CARTESIAN_POINT('Ctrl Pts',(-0.483055706921698,11.9448327037235,-63.0072618808577));
#888=CARTESIAN_POINT('Ctrl Pts',(-0.483745264957666,11.9504487032505,-63.1436185052945));
#889=CARTESIAN_POINT('Ctrl Pts',(-0.484587764090044,11.9573103080499,-63.2812301768915));
#890=CARTESIAN_POINT('Ctrl Pts',(-0.485418768460427,11.9640782955254,-63.4169643232164));
#891=CARTESIAN_POINT('Ctrl Pts',(-0.486398627180632,11.9720586043933,-63.5539196075513));
#892=CARTESIAN_POINT('Ctrl Pts',(-0.48753416922891,11.981306852218,-63.6922575394029));
#893=CARTESIAN_POINT('Ctrl Pts',(-0.488649086186469,11.9903871221588,-63.8280828100998));
#894=CARTESIAN_POINT('Ctrl Pts',(-0.489914146476688,12.0006902114146,-63.9652410250609));
#895=CARTESIAN_POINT('Ctrl Pts',(-0.491335301942743,12.0122645938581,-64.1038353034173));
#896=CARTESIAN_POINT('Ctrl Pts',(-0.492704744598689,12.0234178092614,-64.2373864321887));
#897=CARTESIAN_POINT('Ctrl Pts',(-0.494219190431345,12.035751980769,-64.3722709249462));
#898=CARTESIAN_POINT('Ctrl Pts',(-0.495882582864606,12.0492992249911,-64.5085348406109));
#899=CARTESIAN_POINT('Ctrl Pts',(-0.497502244726224,12.0624903122883,-64.6412163791965));
#900=CARTESIAN_POINT('Ctrl Pts',(-0.49926318897478,12.0768320522889,-64.7752057451983));
#901=CARTESIAN_POINT('Ctrl Pts',(-0.501166809236701,12.0923357951693,-64.9105014918875));
#902=CARTESIAN_POINT('Ctrl Pts',(-0.503018423072758,12.107415979701,-65.0421009928703));
#903=CARTESIAN_POINT('Ctrl Pts',(-0.505005088768732,12.1235960733656,-65.1749364321801));
#904=CARTESIAN_POINT('Ctrl Pts',(-0.507124995357185,12.1408613270168,-65.308964743128));
#905=CARTESIAN_POINT('Ctrl Pts',(-0.509158871573571,12.1574259195147,-65.4375538967465));
#906=CARTESIAN_POINT('Ctrl Pts',(-0.511315447358026,12.1749898198016,-65.5672409328153));
#907=CARTESIAN_POINT('Ctrl Pts',(-0.51358939652853,12.1935096496058,-65.6979502577197));
#908=CARTESIAN_POINT('Ctrl Pts',(-0.514016093699757,12.1969848191881,-65.722477322754));
#909=CARTESIAN_POINT('Ctrl Pts',(-0.514446911399363,12.200493547781,-65.7470402763826));
#910=CARTESIAN_POINT('Ctrl Pts',(-0.514881796510206,12.20403540278,-65.771638469369));
#911=CARTESIAN_POINT('Ctrl Pts',(-0.514978249413356,12.2048209486373,-65.7770940875694));
#912=CARTESIAN_POINT('Ctrl Pts',(-0.515074750812546,12.205606889463,-65.7825428609177));
#913=CARTESIAN_POINT('Ctrl Pts',(-0.51517121107714,12.2063924952744,-65.7879798716113));
#914=CARTESIAN_POINT('Ctrl Pts',(-0.516970217456948,12.2210442264578,-65.889381386174));
#915=CARTESIAN_POINT('Ctrl Pts',(-0.518764485026236,12.2356573631265,-65.98725212137));
#916=CARTESIAN_POINT('Ctrl Pts',(-0.520548175779122,12.2501843585384,-66.0821258360605));
#917=CARTESIAN_POINT('Ctrl Pts',(-0.522391221066076,12.2651947578378,-66.1801565919149));
#918=CARTESIAN_POINT('Ctrl Pts',(-0.524223024565308,12.2801136001235,-66.2749874785457));
#919=CARTESIAN_POINT('Ctrl Pts',(-0.526040147309599,12.2949128772551,-66.3671558083373));
#920=CARTESIAN_POINT('Ctrl Pts',(-0.527911404840364,12.3101530468416,-66.4620699696192));
#921=CARTESIAN_POINT('Ctrl Pts',(-0.529767147702187,12.3252668595895,-66.5541604980988));
#922=CARTESIAN_POINT('Ctrl Pts',(-0.531605936332644,12.3402425912038,-66.6439615775904));
#923=CARTESIAN_POINT('Ctrl Pts',(-0.533489587878407,12.3555837019421,-66.7359536311597));
#924=CARTESIAN_POINT('Ctrl Pts',(-0.535355505090224,12.3707803781211,-66.8255430889872));
#925=CARTESIAN_POINT('Ctrl Pts',(-0.537203673871795,12.3858325049355,-66.9132509593027));
#926=CARTESIAN_POINT('Ctrl Pts',(-0.539082976188054,12.401138194042,-67.0024363223939));
#927=CARTESIAN_POINT('Ctrl Pts',(-0.540943987602801,12.4162949157101,-67.089676105052));
#928=CARTESIAN_POINT('Ctrl Pts',(-0.542787355159813,12.4313079396885,-67.1754648470796));
#929=CARTESIAN_POINT('Ctrl Pts',(-0.544643044836329,12.4464213192769,-67.26182704996));
#930=CARTESIAN_POINT('Ctrl Pts',(-0.54648091653166,12.4613895830539,-67.3467186759613));
#931=CARTESIAN_POINT('Ctrl Pts',(-0.548301363011938,12.4762159298429,-67.4305919295457));
#932=CARTESIAN_POINT('Ctrl Pts',(-0.550108423334757,12.4909332551282,-67.5138484439997));
#933=CARTESIAN_POINT('Ctrl Pts',(-0.55189837483658,12.5055112402483,-67.5961014042161));
#934=CARTESIAN_POINT('Ctrl Pts',(-0.553670419876286,12.5199433889376,-67.6777432203485));
#935=CARTESIAN_POINT('Ctrl Pts',(-0.555414548397277,12.5341481758274,-67.7580988641563));
#936=CARTESIAN_POINT('Ctrl Pts',(-0.557141388588005,12.5482121605665,-67.8378623780467));
#937=CARTESIAN_POINT('Ctrl Pts',(-0.55884815535225,12.5621126603663,-67.9173609177253));
#938=CARTESIAN_POINT('Ctrl Pts',(-0.56051636175156,12.5756991111956,-67.9950633756159));
#939=CARTESIAN_POINT('Ctrl Pts',(-0.562165446763035,12.5891298308183,-68.0725126205486));
#940=CARTESIAN_POINT('Ctrl Pts',(-0.563790035612459,12.602361045211,-68.149970147679));
#941=CARTESIAN_POINT('Ctrl Pts',(-0.565343025901619,12.6150091361252,-68.2240139819072));
#942=CARTESIAN_POINT('Ctrl Pts',(-0.566873671266649,12.6274752422364,-68.2980652090441));
#943=CARTESIAN_POINT('Ctrl Pts',(-0.568374051978309,12.639694862526,-68.3723136280421));
#944=CARTESIAN_POINT('Ctrl Pts',(-0.569833543134751,12.6515814641126,-68.4445385707285));
#945=CARTESIAN_POINT('Ctrl Pts',(-0.571264444773613,12.6632352227638,-68.5169500709833));
#946=CARTESIAN_POINT('Ctrl Pts',(-0.572655702159087,12.6745661048816,-68.5896867498976));
#947=CARTESIAN_POINT('Ctrl Pts',(-0.573994282017279,12.6854679629682,-68.6596693816976));
#948=CARTESIAN_POINT('Ctrl Pts',(-0.57529620200029,12.6960712503314,-68.7299529544178));
#949=CARTESIAN_POINT('Ctrl Pts',(-0.576547467987812,12.7062619940073,-68.8006279646987));
#950=CARTESIAN_POINT('Ctrl Pts',(-0.577798733975333,12.7164527376832,-68.8713029749797));
#951=CARTESIAN_POINT('Ctrl Pts',(-0.578999421384739,12.7262315518971,-68.9423695699086));
#952=CARTESIAN_POINT('Ctrl Pts',(-0.580130424037745,12.7354428293141,-69.0138838157561));
#953=CARTESIAN_POINT('Ctrl Pts',(-0.580473547826262,12.7382373483154,-69.0355798205382));
#954=CARTESIAN_POINT('Ctrl Pts',(-0.580810217819389,12.7409793053714,-69.0573167785733));
#955=CARTESIAN_POINT('Ctrl Pts',(-0.581139790097342,12.7436634561761,-69.0790955959765));
#956=CARTESIAN_POINT('Ctrl Pts',(-0.582446449661958,12.7543053443338,-69.1654423610704));
#957=CARTESIAN_POINT('Ctrl Pts',(-0.58364159922764,12.76403905643,-69.2524510374782));
#958=CARTESIAN_POINT('Ctrl Pts',(-0.584715914571998,12.7727886527673,-69.3402104758359));
#959=CARTESIAN_POINT('Ctrl Pts',(-0.58584709704647,12.7820013947127,-69.4326153168923));
#960=CARTESIAN_POINT('Ctrl Pts',(-0.586844201400382,12.7901221579958,-69.5258525285478));
#961=CARTESIAN_POINT('Ctrl Pts',(-0.587695481852986,12.7970552809092,-69.6199673045599));
#962=CARTESIAN_POINT('Ctrl Pts',(-0.588557010254678,12.80407186667,-69.7152150602264));
#963=CARTESIAN_POINT('Ctrl Pts',(-0.589268993694101,12.8098705064517,-69.8113609064765));
#964=CARTESIAN_POINT('Ctrl Pts',(-0.589820708233186,12.8143638607873,-69.9083990757965));
#965=CARTESIAN_POINT('Ctrl Pts',(-0.590328730900327,12.8185013733818,-69.9977525114956));
#966=CARTESIAN_POINT('Ctrl Pts',(-0.59070072217507,12.8215309991915,-70.0878611772035));
#967=CARTESIAN_POINT('Ctrl Pts',(-0.590931825652903,12.8234131859757,-70.1786923768718));
#968=CARTESIAN_POINT('Ctrl Pts',(-0.591131215635327,12.8250370870668,-70.2570591391339));
#969=CARTESIAN_POINT('Ctrl Pts',(-0.591225698043082,12.8258065845269,-70.3359628389511));
#970=CARTESIAN_POINT('Ctrl Pts',(-0.591215880702448,12.8257266287038,-70.4153751337861));
#971=CARTESIAN_POINT('Ctrl Pts',(-0.591214415271492,12.8257146937264,-70.4272289788667));
#972=CARTESIAN_POINT('Ctrl Pts',(-0.591210634085864,12.8256838984407,-70.4390941542053));
#973=CARTESIAN_POINT('Ctrl Pts',(-0.59120454834716,12.8256343340765,-70.4509705665398));
#974=CARTESIAN_POINT('Ctrl Pts',(-0.591199746766136,12.8255952283373,-70.4603409254796));
#975=CARTESIAN_POINT('Ctrl Pts',(-0.591193510642004,12.8255444391819,-70.4697182795119));
#976=CARTESIAN_POINT('Ctrl Pts',(-0.591185846691086,12.8254820213106,-70.4791025838765));
#977=CARTESIAN_POINT('Ctrl Pts',(-0.591182758787054,12.8254568723504,-70.4828836403564));
#978=CARTESIAN_POINT('Ctrl Pts',(-0.591179438874841,12.8254298338354,-70.4866654310934));
#979=CARTESIAN_POINT('Ctrl Pts',(-0.591175902011768,12.8254010283972,-70.4904343461569));
#980=CARTESIAN_POINT('Ctrl Pts',(-0.591122143404894,12.8249631996793,-70.5477200309932));
#981=CARTESIAN_POINT('Ctrl Pts',(-0.591017924666347,12.8241144061683,-70.6028483069989));
#982=CARTESIAN_POINT('Ctrl Pts',(-0.590876151840895,12.8229597591638,-70.6562050915373));
#983=CARTESIAN_POINT('Ctrl Pts',(-0.590727161561532,12.8217463307142,-70.7122781944678));
#984=CARTESIAN_POINT('Ctrl Pts',(-0.590536655396564,12.8201947825101,-70.7663946295432));
#985=CARTESIAN_POINT('Ctrl Pts',(-0.59031604429453,12.8183980492693,-70.8189507203986));
#986=CARTESIAN_POINT('Ctrl Pts',(-0.590083431003221,12.8165035660411,-70.874366087802));
#987=CARTESIAN_POINT('Ctrl Pts',(-0.589817299525718,12.8143360990929,-70.9280464931173));
#988=CARTESIAN_POINT('Ctrl Pts',(-0.589527863530592,12.8119788320799,-70.9804040408453));
#989=CARTESIAN_POINT('Ctrl Pts',(-0.589211155674177,12.8093994535808,-71.037694934126));
#990=CARTESIAN_POINT('Ctrl Pts',(-0.588866489316707,12.8065923713634,-71.0934019836676));
#991=CARTESIAN_POINT('Ctrl Pts',(-0.588504368750848,12.8036431360264,-71.1480048792337));
#992=CARTESIAN_POINT('Ctrl Pts',(-0.5881201267208,12.8005137358215,-71.205943393134));
#993=CARTESIAN_POINT('Ctrl Pts',(-0.587716126928351,12.797223421555,-71.2626383746564));
#994=CARTESIAN_POINT('Ctrl Pts',(-0.587303131541806,12.7938598440538,-71.3186009170091));
#995=CARTESIAN_POINT('Ctrl Pts',(-0.586867981574394,12.790315831971,-71.3775654945205));
#996=CARTESIAN_POINT('Ctrl Pts',(-0.586422684599622,12.7866891791451,-71.4357163638583));
#997=CARTESIAN_POINT('Ctrl Pts',(-0.585980002066692,12.7830838192393,-71.4935920179965));
#998=CARTESIAN_POINT('Ctrl Pts',(-0.58553283331462,12.7794419220107,-71.5520541937348));
#999=CARTESIAN_POINT('Ctrl Pts',(-0.585088133259692,12.7758201307069,-71.6102344626318));
#1000=CARTESIAN_POINT('Ctrl Pts',(-0.584661976707391,12.7723493641124,-71.6686422236985));
#1001=CARTESIAN_POINT('Ctrl Pts',(-0.584275395044612,12.7692009091281,-71.7216259670438));
#1002=CARTESIAN_POINT('Ctrl Pts',(-0.583903979297109,12.7661759706116,-71.7747956594561));
#1003=CARTESIAN_POINT('Ctrl Pts',(-0.583564032622179,12.7634073271239,-71.8285115088899));
#1004=CARTESIAN_POINT('Ctrl Pts',(-0.583247251542387,12.7608273522682,-71.8785669029877));
#1005=CARTESIAN_POINT('Ctrl Pts',(-0.582957719487523,12.7584693029114,-71.9290957644727));
#1006=CARTESIAN_POINT('Ctrl Pts',(-0.582713720109986,12.7564820874526,-71.9803847528919));
#1007=CARTESIAN_POINT('Ctrl Pts',(-0.582493882205889,12.7546916514037,-72.0265949679795));
#1008=CARTESIAN_POINT('Ctrl Pts',(-0.582310986191984,12.753202082906,-72.0734217333146));
#1009=CARTESIAN_POINT('Ctrl Pts',(-0.582183264312289,12.7521618716714,-72.1210790478367));
#1010=CARTESIAN_POINT('Ctrl Pts',(-0.58206275737765,12.7511804214487,-72.1660442245149));
#1011=CARTESIAN_POINT('Ctrl Pts',(-0.581991323727473,12.750598641055,-72.21174836805));
#1012=CARTESIAN_POINT('Ctrl Pts',(-0.581989320313778,12.7505823245598,-72.2583813581487));
#1013=CARTESIAN_POINT('Ctrl Pts',(-0.581986219651699,12.7505570716937,-72.33055474115));
#1014=CARTESIAN_POINT('Ctrl Pts',(-0.582150617520899,12.7518959848925,-72.4049543205955));
#1015=CARTESIAN_POINT('Ctrl Pts',(-0.582497709621966,12.754722823206,-72.4821287751537));
#1016=CARTESIAN_POINT('Ctrl Pts',(-0.582803511385733,12.7572133787084,-72.5501224985752));
#1017=CARTESIAN_POINT('Ctrl Pts',(-0.583251355100649,12.7608607730682,-72.6202690716952));
#1018=CARTESIAN_POINT('Ctrl Pts',(-0.58384904657682,12.7657285795073,-72.6929686974635));
#1019=CARTESIAN_POINT('Ctrl Pts',(-0.583887749501694,12.7660437895353,-72.6976762903717));
#1020=CARTESIAN_POINT('Ctrl Pts',(-0.5839270790531,12.7663641030268,-72.7023946014809));
#1021=CARTESIAN_POINT('Ctrl Pts',(-0.58396703656588,12.7666895308533,-72.7071237453232));
#1022=CARTESIAN_POINT('Ctrl Pts',(-0.584022142682897,12.7671383341606,-72.7136457917628));
#1023=CARTESIAN_POINT('Ctrl Pts',(-0.58407844318014,12.7675968649141,-72.7201884415583));
#1024=CARTESIAN_POINT('Ctrl Pts',(-0.584135941169214,12.768065148456,-72.7267519978822));
#1025=CARTESIAN_POINT('Ctrl Pts',(-0.584183191259916,12.7684499695634,-72.7321457279345));
#1026=CARTESIAN_POINT('Ctrl Pts',(-0.584231183462099,12.7688408346839,-72.7375459190164));
#1027=CARTESIAN_POINT('Ctrl Pts',(-0.584279853806399,12.7692372228286,-72.742946297125));
#1028=CARTESIAN_POINT('Ctrl Pts',(-0.585034692005834,12.7753848866219,-72.8267018518964));
#1029=CARTESIAN_POINT('Ctrl Pts',(-0.585957134047777,12.7828975741712,-72.9109878800277));
#1030=CARTESIAN_POINT('Ctrl Pts',(-0.587017292041289,12.7915318681388,-72.9964078880192));
#1031=CARTESIAN_POINT('Ctrl Pts',(-0.587923057610627,12.7989087367181,-73.0693880500752));
#1032=CARTESIAN_POINT('Ctrl Pts',(-0.588929455791213,12.8071051921451,-73.1431955287384));
#1033=CARTESIAN_POINT('Ctrl Pts',(-0.590014728177911,12.8159440264311,-73.2182297375252));
#1034=CARTESIAN_POINT('Ctrl Pts',(-0.591000439973237,12.8239720047704,-73.2863804668358));
#1035=CARTESIAN_POINT('Ctrl Pts',(-0.59205128254264,12.8325304306969,-73.3555428843099));
#1036=CARTESIAN_POINT('Ctrl Pts',(-0.593147073896603,12.8414549350963,-73.4260415056392));
#1037=CARTESIAN_POINT('Ctrl Pts',(-0.594165930999315,12.8497528603014,-73.4915904998094));
#1038=CARTESIAN_POINT('Ctrl Pts',(-0.595223695181917,12.8583676582436,-73.5582944263839));
#1039=CARTESIAN_POINT('Ctrl Pts',(-0.596299855794534,12.8671322830849,-73.626440643341));
#1040=CARTESIAN_POINT('Ctrl Pts',(-0.597313244604103,12.8753856726163,-73.6906119323375));
#1041=CARTESIAN_POINT('Ctrl Pts',(-0.598342986428793,12.883772246768,-73.7560619648594));
#1042=CARTESIAN_POINT('Ctrl Pts',(-0.599367392323641,12.8921153632585,-73.8230580888993));
#1043=CARTESIAN_POINT('Ctrl Pts',(-0.60031546747723,12.899836815749,-73.8850621840615));
#1044=CARTESIAN_POINT('Ctrl Pts',(-0.60125898469453,12.9075211468275,-73.9483905035036));
#1045=CARTESIAN_POINT('Ctrl Pts',(-0.602176393863945,12.9149928449194,-74.0132806588443));
#1046=CARTESIAN_POINT('Ctrl Pts',(-0.603060022639425,12.9221894237807,-74.075781460467));
#1047=CARTESIAN_POINT('Ctrl Pts',(-0.603919465426418,12.929189023573,-74.1397310152815));
#1048=CARTESIAN_POINT('Ctrl Pts',(-0.604730888833168,12.9357975368973,-74.2053682687116));
#1049=CARTESIAN_POINT('Ctrl Pts',(-0.605507264121245,12.9421206062015,-74.268170427383));
#1050=CARTESIAN_POINT('Ctrl Pts',(-0.60623970294031,12.9480858416813,-74.332517514881));
#1051=CARTESIAN_POINT('Ctrl Pts',(-0.606902648073547,12.9534850965091,-74.3986457920768));
#1052=CARTESIAN_POINT('Ctrl Pts',(-0.607565593206784,12.958884351337,-74.4647740692727));
#1053=CARTESIAN_POINT('Ctrl Pts',(-0.608159108224858,12.9637181432543,-74.5326831877613));
#1054=CARTESIAN_POINT('Ctrl Pts',(-0.608652153702049,12.9677336764253,-74.6026407362338));
#1055=CARTESIAN_POINT('Ctrl Pts',(-0.608690092736005,12.968042665061,-74.6080238538766));
#1056=CARTESIAN_POINT('Ctrl Pts',(-0.608727433908368,12.9683467845047,-74.6134191173135));
#1057=CARTESIAN_POINT('Ctrl Pts',(-0.608764161556105,12.9686459071914,-74.618826657112));
#1058=CARTESIAN_POINT('Ctrl Pts',(-0.609468832272577,12.974384989624,-74.7225777868185));
#1059=CARTESIAN_POINT('Ctrl Pts',(-0.609947235474322,12.9782812710312,-74.8308478141936));
#1060=CARTESIAN_POINT('Ctrl Pts',(-0.610196501833792,12.9803113826156,-74.944049269592));
#1061=CARTESIAN_POINT('Ctrl Pts',(-0.610425505211846,12.9821764654597,-75.0480485246132));
#1062=CARTESIAN_POINT('Ctrl Pts',(-0.6104610265535,12.9824657635717,-75.1562105079602));
#1063=CARTESIAN_POINT('Ctrl Pts',(-0.610305809610612,12.9812016230173,-75.2688536215347));
#1064=CARTESIAN_POINT('Ctrl Pts',(-0.610166112779009,12.9800638836259,-75.37023357256));
#1065=CARTESIAN_POINT('Ctrl Pts',(-0.609871887537338,12.9776676113298,-75.475243585303));
#1066=CARTESIAN_POINT('Ctrl Pts',(-0.609430013553964,12.9740688365317,-75.5841097991633));
#1067=CARTESIAN_POINT('Ctrl Pts',(-0.609041400578521,12.9709038378333,-75.6798538911112));
#1068=CARTESIAN_POINT('Ctrl Pts',(-0.608538602425041,12.9668088754881,-75.7785806880376));
#1069=CARTESIAN_POINT('Ctrl Pts',(-0.607930293187478,12.9618545943219,-75.8804370366415));
#1070=CARTESIAN_POINT('Ctrl Pts',(-0.607885124186149,12.9614867223273,-75.8880002121795));
#1071=CARTESIAN_POINT('Ctrl Pts',(-0.607839375433862,12.9611141286401,-75.89558063878));
#1072=CARTESIAN_POINT('Ctrl Pts',(-0.607793051468461,12.9607368502179,-75.9031783745861));
#1073=CARTESIAN_POINT('Ctrl Pts',(-0.6077486519224,12.9603752449336,-75.9104604804669));
#1074=CARTESIAN_POINT('Ctrl Pts',(-0.607703780328192,12.9600097951256,-75.9177492246368));
#1075=CARTESIAN_POINT('Ctrl Pts',(-0.607658463845647,12.9596407219928,-75.9250415285238));
#1076=CARTESIAN_POINT('Ctrl Pts',(-0.606914570939101,12.9535822004566,-76.0447483731215));
#1077=CARTESIAN_POINT('Ctrl Pts',(-0.606049394091507,12.9465359004883,-76.165689592122));
#1078=CARTESIAN_POINT('Ctrl Pts',(-0.605094935058666,12.9387624554735,-76.2883799308252));
#1079=CARTESIAN_POINT('Ctrl Pts',(-0.604012763207916,12.9299488730264,-76.4274870337335));
#1080=CARTESIAN_POINT('Ctrl Pts',(-0.602815427367121,12.9201973551484,-76.5688430125389));
#1081=CARTESIAN_POINT('Ctrl Pts',(-0.601547945511761,12.9098745438272,-76.7132572536972));
#1082=CARTESIAN_POINT('Ctrl Pts',(-0.60047288445794,12.9011188741737,-76.8357474697349));
#1083=CARTESIAN_POINT('Ctrl Pts',(-0.599347139717487,12.8919504190178,-76.9604395544106));
#1084=CARTESIAN_POINT('Ctrl Pts',(-0.598201291339221,12.8826182328714,-77.0878485820694));
#1085=CARTESIAN_POINT('Ctrl Pts',(-0.597422681702406,12.876276966257,-77.1744236461302));
#1086=CARTESIAN_POINT('Ctrl Pts',(-0.59663485002166,12.869860592122,-77.2622535905609));
#1087=CARTESIAN_POINT('Ctrl Pts',(-0.59584910983501,12.8634612518396,-77.3515019115986));
#1088=CARTESIAN_POINT('Ctrl Pts',(-0.59534236743487,12.8593341661831,-77.4090602612662));
#1089=CARTESIAN_POINT('Ctrl Pts',(-0.594836570155548,12.855214777918,-77.467204471934));
#1090=CARTESIAN_POINT('Ctrl Pts',(-0.594329732019944,12.8510869125588,-77.5264855778114));
#1091=CARTESIAN_POINT('Ctrl Pts',(-0.593845290776811,12.8471414552507,-77.5831470849241));
#1092=CARTESIAN_POINT('Ctrl Pts',(-0.593359899748364,12.8431882625619,-77.6408469752513));
#1093=CARTESIAN_POINT('Ctrl Pts',(-0.592871690925484,12.8392121207792,-77.7001135680356));
#1094=CARTESIAN_POINT('Ctrl Pts',(-0.592402406121504,12.8353901027623,-77.7570828608338));
#1095=CARTESIAN_POINT('Ctrl Pts',(-0.5919305186838,12.8315468879945,-77.8154995288447));
#1096=CARTESIAN_POINT('Ctrl Pts',(-0.591454228243169,12.8276678136457,-77.8758808211421));
#1097=CARTESIAN_POINT('Ctrl Pts',(-0.59099452098886,12.8239237985112,-77.9341597949064));
#1098=CARTESIAN_POINT('Ctrl Pts',(-0.590530712827951,12.8201463841726,-77.9942687668338));
#1099=CARTESIAN_POINT('Ctrl Pts',(-0.59006103790739,12.816321188911,-78.0567215227742));
#1100=CARTESIAN_POINT('Ctrl Pts',(-0.589606303115843,12.8126176712358,-78.1171876871592));
#1101=CARTESIAN_POINT('Ctrl Pts',(-0.58914606961369,12.8088693701565,-78.1798507130024));
#1102=CARTESIAN_POINT('Ctrl Pts',(-0.588678582993058,12.8050619971676,-78.2452261806076));
#1103=CARTESIAN_POINT('Ctrl Pts',(-0.588231571922796,12.8014213841543,-78.307738253581));
#1104=CARTESIAN_POINT('Ctrl Pts',(-0.58777792945012,12.7977267627024,-78.3727303248624));
#1105=CARTESIAN_POINT('Ctrl Pts',(-0.587315974038348,12.7939644377946,-78.4407003785133));
#1106=CARTESIAN_POINT('Ctrl Pts',(-0.586865494604923,12.7902955772302,-78.5069819080251));
#1107=CARTESIAN_POINT('Ctrl Pts',(-0.586407110778504,12.7865623405509,-78.5760951287819));
#1108=CARTESIAN_POINT('Ctrl Pts',(-0.585939112248001,12.7827507983907,-78.6485495064621));
#1109=CARTESIAN_POINT('Ctrl Pts',(-0.585482134327202,12.7790290118937,-78.7192977005418));
#1110=CARTESIAN_POINT('Ctrl Pts',(-0.585015989809238,12.7752325694539,-78.7932313850287));
#1111=CARTESIAN_POINT('Ctrl Pts',(-0.584538931300838,12.7713472396951,-78.8708733365195));
#1112=CARTESIAN_POINT('Ctrl Pts',(-0.584072572210956,12.7675490497073,-78.9467739424127));
#1113=CARTESIAN_POINT('Ctrl Pts',(-0.583595783783291,12.7636659195795,-79.0262181887305));
#1114=CARTESIAN_POINT('Ctrl Pts',(-0.583106774785698,12.7596832608967,-79.1097436441523));
#1115=CARTESIAN_POINT('Ctrl Pts',(-0.582628252290866,12.7557860079251,-79.1914779466033));
#1116=CARTESIAN_POINT('Ctrl Pts',(-0.582138028292999,12.7517934538593,-79.2771201481725));
#1117=CARTESIAN_POINT('Ctrl Pts',(-0.581634262140754,12.7476906077967,-79.3672238281465));
#1118=CARTESIAN_POINT('Ctrl Pts',(-0.581145975804114,12.7437138347151,-79.454558786274));
#1119=CARTESIAN_POINT('Ctrl Pts',(-0.580644967013388,12.7396334455599,-79.5460851977075));
#1120=CARTESIAN_POINT('Ctrl Pts',(-0.580129400237336,12.735434491129,-79.6423558348672));
#1121=CARTESIAN_POINT('Ctrl Pts',(-0.579622409061894,12.7313053793603,-79.7370251692024));
#1122=CARTESIAN_POINT('Ctrl Pts',(-0.579101340751464,12.7270616185275,-79.8362820586794));
#1123=CARTESIAN_POINT('Ctrl Pts',(-0.578564286736042,12.7226876645753,-79.9407016668502));
#1124=CARTESIAN_POINT('Ctrl Pts',(-0.578040706231,12.7184234435593,-80.0425016154816));
#1125=CARTESIAN_POINT('Ctrl Pts',(-0.57750193235274,12.7140354824484,-80.1492084150403));
#1126=CARTESIAN_POINT('Ctrl Pts',(-0.57694603419976,12.7095080553119,-80.2614040645913));
#1127=CARTESIAN_POINT('Ctrl Pts',(-0.576543725555165,12.7062315143394,-80.3426010958431));
#1128=CARTESIAN_POINT('Ctrl Pts',(-0.576132444708605,12.7028819006458,-80.4266739305657));
#1129=CARTESIAN_POINT('Ctrl Pts',(-0.575711402896157,12.6994527902645,-80.5138602730645));
#1130=CARTESIAN_POINT('Ctrl Pts',(-0.575677170533686,12.6991739900455,-80.5209488670963));
#1131=CARTESIAN_POINT('Ctrl Pts',(-0.575642873620659,12.6988946641044,-80.5280580506489));
#1132=CARTESIAN_POINT('Ctrl Pts',(-0.575608511718527,12.6986148088696,-80.5351879558629));
#1133=CARTESIAN_POINT('Ctrl Pts',(-0.575574248677109,12.6983357587906,-80.5422973480242));
#1134=CARTESIAN_POINT('Ctrl Pts',(-0.575539962718476,12.6980565220659,-80.5494186929041));
#1135=CARTESIAN_POINT('Ctrl Pts',(-0.575505670262258,12.6977772324226,-80.5565485580247));
#1136=CARTESIAN_POINT('Ctrl Pts',(-0.57478453007538,12.6919040169174,-80.706483349306));
#1137=CARTESIAN_POINT('Ctrl Pts',(-0.574058136792179,12.6859880183761,-80.860679502745));
#1138=CARTESIAN_POINT('Ctrl Pts',(-0.573326208270218,12.6800269389327,-81.0189578612899));
#1139=CARTESIAN_POINT('Ctrl Pts',(-0.572477081961447,12.673111360113,-81.2025800515951));
#1140=CARTESIAN_POINT('Ctrl Pts',(-0.571620505173369,12.6661351020088,-81.3916959352979));
#1141=CARTESIAN_POINT('Ctrl Pts',(-0.570756423041613,12.6590977177855,-81.5859547716163));
#1142=CARTESIAN_POINT('Ctrl Pts',(-0.56966821760322,12.6502349957105,-81.8305999440703));
#1143=CARTESIAN_POINT('Ctrl Pts',(-0.568568106790733,12.6412753121443,-82.0834001157913));
#1144=CARTESIAN_POINT('Ctrl Pts',(-0.567456591706136,12.6322227482354,-82.3435658651824));
#1145=CARTESIAN_POINT('Ctrl Pts',(-0.567002174179628,12.6285218144767,-82.449928682886));
#1146=CARTESIAN_POINT('Ctrl Pts',(-0.566545856490022,12.6248054051313,-82.5575219309534));
#1147=CARTESIAN_POINT('Ctrl Pts',(-0.566087692072015,12.6210739553901,-82.6662903554579));
#1148=CARTESIAN_POINT('Ctrl Pts',(-0.565577897121123,12.6169220087028,-82.7873158900688));
#1149=CARTESIAN_POINT('Ctrl Pts',(-0.565065804225356,12.6127513467564,-82.9097919819598));
#1150=CARTESIAN_POINT('Ctrl Pts',(-0.564550636358969,12.6085556411839,-83.0333277417881));
#1151=CARTESIAN_POINT('Ctrl Pts',(-0.564022501550069,12.6042543283395,-83.1599729368136));
#1152=CARTESIAN_POINT('Ctrl Pts',(-0.563491136045945,12.5999267035941,-83.2877319588757));
#1153=CARTESIAN_POINT('Ctrl Pts',(-0.562955848653011,12.5955671376275,-83.416238189683));
#1154=CARTESIAN_POINT('Ctrl Pts',(-0.562406487957479,12.5910929538092,-83.548122992629));
#1155=CARTESIAN_POINT('Ctrl Pts',(-0.561852997525004,12.5865851359826,-83.6807949605283));
#1156=CARTESIAN_POINT('Ctrl Pts',(-0.561294765826983,12.5820387036468,-83.8139122698793));
#1157=CARTESIAN_POINT('Ctrl Pts',(-0.560712938099127,12.5773000970697,-83.9526563467796));
#1158=CARTESIAN_POINT('Ctrl Pts',(-0.560125960736303,12.5725195500815,-84.0918842432804));
#1159=CARTESIAN_POINT('Ctrl Pts',(-0.55953327156931,12.5676924841814,-84.2312661086325));
#1160=CARTESIAN_POINT('Ctrl Pts',(-0.558923257820915,12.5627243208886,-84.3747221710627));
#1161=CARTESIAN_POINT('Ctrl Pts',(-0.558307194815998,12.5577068903552,-84.5183415134851));
#1162=CARTESIAN_POINT('Ctrl Pts',(-0.557684586675629,12.5526361539711,-84.6618220068419));
#1163=CARTESIAN_POINT('Ctrl Pts',(-0.557042759982751,12.5474088950376,-84.8097314294359));
#1164=CARTESIAN_POINT('Ctrl Pts',(-0.556393979313329,12.54212500051,-84.9574934869962));
#1165=CARTESIAN_POINT('Ctrl Pts',(-0.55573780223559,12.5367808670708,-85.1048346015808));
#1166=CARTESIAN_POINT('Ctrl Pts',(-0.555060128791072,12.5312616597736,-85.2570026123612));
#1167=CARTESIAN_POINT('Ctrl Pts',(-0.554374567997678,12.5256782151747,-85.4087218478861));
#1168=CARTESIAN_POINT('Ctrl Pts',(-0.553680714482864,12.5200272317798,-85.5597482562436));
#1169=CARTESIAN_POINT('Ctrl Pts',(-0.552962585169586,12.5141785378724,-85.7160586136955));
#1170=CARTESIAN_POINT('Ctrl Pts',(-0.552235574508525,12.508257511192,-85.8716270293032));
#1171=CARTESIAN_POINT('Ctrl Pts',(-0.551499292908019,12.5022609787689,-86.0262401369604));
#1172=CARTESIAN_POINT('Ctrl Pts',(-0.550735277268235,12.4960385707221,-86.1866771657892));
#1173=CARTESIAN_POINT('Ctrl Pts',(-0.549961281151797,12.4897348782159,-86.3460857922986));
#1174=CARTESIAN_POINT('Ctrl Pts',(-0.549176902518832,12.4833466268983,-86.5042847386994));
#1175=CARTESIAN_POINT('Ctrl Pts',(-0.548360373918196,12.4766965351064,-86.6689679145258));
#1176=CARTESIAN_POINT('Ctrl Pts',(-0.547532596634568,12.4699548301433,-86.8323404639038));
#1177=CARTESIAN_POINT('Ctrl Pts',(-0.546693117694738,12.4631178228383,-86.9942549329315));
#1178=CARTESIAN_POINT('Ctrl Pts',(-0.545815651371258,12.4559714331211,-87.1634962171549));
#1179=CARTESIAN_POINT('Ctrl Pts',(-0.544925403288852,12.448720944331,-87.3311447530288));
#1180=CARTESIAN_POINT('Ctrl Pts',(-0.544021815171214,12.4413618096728,-87.497089130804));
#1181=CARTESIAN_POINT('Ctrl Pts',(-0.543023958739878,12.4332349212106,-87.680345928204));
#1182=CARTESIAN_POINT('Ctrl Pts',(-0.542009838866993,12.4249755776465,-87.8615242998984));
#1183=CARTESIAN_POINT('Ctrl Pts',(-0.540978588525029,12.4165767176075,-88.0405417776714));
#1184=CARTESIAN_POINT('Ctrl Pts',(-0.539902218043925,12.4078103835245,-88.227391779882));
#1185=CARTESIAN_POINT('Ctrl Pts',(-0.538807190710799,12.3988921015754,-88.4118882961682));
#1186=CARTESIAN_POINT('Ctrl Pts',(-0.537692316956378,12.3898121834959,-88.5940027940935));
#1187=CARTESIAN_POINT('Ctrl Pts',(-0.536488807451469,12.3800103851586,-88.790595931536));
#1188=CARTESIAN_POINT('Ctrl Pts',(-0.535262179600828,12.3700203030048,-88.9844137700142));
#1189=CARTESIAN_POINT('Ctrl Pts',(-0.534010585659969,12.3598268883633,-89.1754859842633));
#1190=CARTESIAN_POINT('Ctrl Pts',(-0.532620067476854,12.3485020265656,-89.3877668043662));
#1191=CARTESIAN_POINT('Ctrl Pts',(-0.531198751068077,12.3369263333488,-89.5966594300649));
#1192=CARTESIAN_POINT('Ctrl Pts',(-0.529743460868797,12.3250739458126,-89.8022723851704));
#1193=CARTESIAN_POINT('Ctrl Pts',(-0.527928516351957,12.3102924089199,-90.0586996638293));
#1194=CARTESIAN_POINT('Ctrl Pts',(-0.526060805409246,12.2950811239751,-90.3100274204328));
#1195=CARTESIAN_POINT('Ctrl Pts',(-0.524132423906176,12.2793757169688,-90.5565509165284));
#1196=CARTESIAN_POINT('Ctrl Pts',(-0.52219082911043,12.2635626963295,-90.8047635945106));
#1197=CARTESIAN_POINT('Ctrl Pts',(-0.520187755605729,12.2472489717865,-91.04811134767));
#1198=CARTESIAN_POINT('Ctrl Pts',(-0.518112819567682,12.2303499738768,-91.286911353898));
#1199=CARTESIAN_POINT('Ctrl Pts',(-0.516419075077702,12.2165555319899,-91.4818408299589));
#1200=CARTESIAN_POINT('Ctrl Pts',(-0.51467740987338,12.2023708072044,-91.6737415044839));
#1201=CARTESIAN_POINT('Ctrl Pts',(-0.512880858205694,12.187739068047,-91.8627567274962));
#1202=CARTESIAN_POINT('Ctrl Pts',(-0.511248478359392,12.1744444010766,-92.0344994311653));
#1203=CARTESIAN_POINT('Ctrl Pts',(-0.509570776190289,12.1607806134085,-92.2038606117016));
#1204=CARTESIAN_POINT('Ctrl Pts',(-0.507841571607177,12.1466973722388,-92.3709083052125));
#1205=CARTESIAN_POINT('Ctrl Pts',(-0.506222625910468,12.1335121176367,-92.5273045738762));
#1206=CARTESIAN_POINT('Ctrl Pts',(-0.504558532786187,12.1199591667441,-92.6816734238885));
#1207=CARTESIAN_POINT('Ctrl Pts',(-0.502843418365143,12.1059906807356,-92.8340267747604));
#1208=CARTESIAN_POINT('Ctrl Pts',(-0.50121484963751,12.092727052836,-92.9786922849649));
#1209=CARTESIAN_POINT('Ctrl Pts',(-0.499540277303684,12.0790887556306,-93.1215409155305));
#1210=CARTESIAN_POINT('Ctrl Pts',(-0.497813957171159,12.0650290064257,-93.262536381354));
#1211=CARTESIAN_POINT('Ctrl Pts',(-0.496197574220023,12.0518646237114,-93.3945528381227));
#1212=CARTESIAN_POINT('Ctrl Pts',(-0.494535821614532,12.0383307348147,-93.5249447402808));
#1213=CARTESIAN_POINT('Ctrl Pts',(-0.492823374034338,12.0243839684819,-93.6536376831365));
#1214=CARTESIAN_POINT('Ctrl Pts',(-0.491163472149945,12.010865152499,-93.778381740021));
#1215=CARTESIAN_POINT('Ctrl Pts',(-0.489455939290531,11.9969584133548,-93.9015297904154));
#1216=CARTESIAN_POINT('Ctrl Pts',(-0.487695343653024,11.9826195125634,-94.0229676401687));
#1217=CARTESIAN_POINT('Ctrl Pts',(-0.485984952468578,11.9686894942299,-94.140942615939));
#1218=CARTESIAN_POINT('Ctrl Pts',(-0.484224482409934,11.9543516161962,-94.2573038050404));
#1219=CARTESIAN_POINT('Ctrl Pts',(-0.482408384727004,11.9395606875194,-94.3718979442602));
#1220=CARTESIAN_POINT('Ctrl Pts',(-0.480659069769829,11.9253136604965,-94.4822781532252));
#1221=CARTESIAN_POINT('Ctrl Pts',(-0.47885814308468,11.9106462896813,-94.5910190432015));
#1222=CARTESIAN_POINT('Ctrl Pts',(-0.477000106329811,11.8955137946738,-94.6979349500308));
#1223=CARTESIAN_POINT('Ctrl Pts',(-0.476656614606305,11.8927162790824,-94.717700290523));
#1224=CARTESIAN_POINT('Ctrl Pts',(-0.476311169539946,11.8899028547901,-94.7374031173867));
#1225=CARTESIAN_POINT('Ctrl Pts',(-0.475963734266601,11.8870732215626,-94.7570420588605));
#1226=CARTESIAN_POINT('',(-0.344331028717131,10.8150108663162,-100.550583828002));
#1227=CARTESIAN_POINT('Ctrl Pts',(-0.475963734266597,11.8870732215626,-94.7570420588605));
#1228=CARTESIAN_POINT('Ctrl Pts',(-0.471860324331173,11.8536536295126,-94.9889892264228));
#1229=CARTESIAN_POINT('Ctrl Pts',(-0.467570402505348,11.8187150200141,-95.2068837968814));
#1230=CARTESIAN_POINT('Ctrl Pts',(-0.46315095422037,11.7827215021607,-95.4123326082024));
#1231=CARTESIAN_POINT('Ctrl Pts',(-0.458440515170722,11.7443580547125,-95.6313088335471));
#1232=CARTESIAN_POINT('Ctrl Pts',(-0.453582896670734,11.7047959268336,-95.8361459481613));
#1233=CARTESIAN_POINT('Ctrl Pts',(-0.448646248821642,11.6645901565577,-96.0287277752785));
#1234=CARTESIAN_POINT('Ctrl Pts',(-0.443219016582666,11.6203888970585,-96.2404476169039));
#1235=CARTESIAN_POINT('Ctrl Pts',(-0.437696204201043,11.5754091997658,-96.4373546731763));
#1236=CARTESIAN_POINT('Ctrl Pts',(-0.432168148268396,11.5303867971771,-96.6218884364399));
#1237=CARTESIAN_POINT('Ctrl Pts',(-0.425350613630876,11.4748624333044,-96.8494666914666));
#1238=CARTESIAN_POINT('Ctrl Pts',(-0.418524877563478,11.4192712741456,-97.0582243853576));
#1239=CARTESIAN_POINT('Ctrl Pts',(-0.411862413097268,11.3650098554687,-97.2526603484258));
#1240=CARTESIAN_POINT('Ctrl Pts',(-0.405905555820572,11.3164951461853,-97.426504019537));
#1241=CARTESIAN_POINT('Ctrl Pts',(-0.400079137179382,11.2690427743371,-97.5888950149433));
#1242=CARTESIAN_POINT('Ctrl Pts',(-0.394509272165083,11.2236798641036,-97.743041966052));
#1243=CARTESIAN_POINT('Ctrl Pts',(-0.391286308007915,11.1974309274827,-97.8322380411964));
#1244=CARTESIAN_POINT('Ctrl Pts',(-0.388149318566786,11.1718821987332,-97.9186739356397));
#1245=CARTESIAN_POINT('Ctrl Pts',(-0.385123519372435,11.1472390418729,-98.0029769265005));
#1246=CARTESIAN_POINT('Ctrl Pts',(-0.373640442888781,11.0537168889311,-98.3229114726074));
#1247=CARTESIAN_POINT('Ctrl Pts',(-0.363830265670189,10.9738194071431,-98.6101599935241));
#1248=CARTESIAN_POINT('Ctrl Pts',(-0.356652214148624,10.9153588688736,-98.9289955946669));
#1249=CARTESIAN_POINT('Ctrl Pts',(-0.347921086235449,10.8442495384417,-99.3168159395737));
#1250=CARTESIAN_POINT('Ctrl Pts',(-0.34308433877819,10.8048573915652,-99.7513718620618));
#1251=CARTESIAN_POINT('Ctrl Pts',(-0.343868739050072,10.8112458191175,-100.348412368489));
#1252=CARTESIAN_POINT('Ctrl Pts',(-0.34395465018616,10.8119455091719,-100.413802998804));
#1253=CARTESIAN_POINT('Ctrl Pts',(-0.344107990563932,10.8131943663298,-100.481142784593));
#1254=CARTESIAN_POINT('Ctrl Pts',(-0.344331028717142,10.8150108663162,-100.550583828002));
#1255=CARTESIAN_POINT('',(0.407983244949259,4.68790279886702,-108.459830985565));
#1256=CARTESIAN_POINT('Ctrl Pts',(-0.344331028717145,10.8150108663162,-100.550583828002));
#1257=CARTESIAN_POINT('Ctrl Pts',(-0.345826736896969,10.8271924318879,-101.016259924882));
#1258=CARTESIAN_POINT('Ctrl Pts',(-0.35045650516306,10.8648988685282,-101.576379317046));
#1259=CARTESIAN_POINT('Ctrl Pts',(-0.356205245607647,10.9117186022334,-102.191589426751));
#1260=CARTESIAN_POINT('Ctrl Pts',(-0.364550797775302,10.9796876702196,-103.084701250827));
#1261=CARTESIAN_POINT('Ctrl Pts',(-0.37525486137446,11.0668652723583,-104.093919423312));
#1262=CARTESIAN_POINT('Ctrl Pts',(-0.38215562953972,11.1230675189153,-105.098954696723));
#1263=CARTESIAN_POINT('Ctrl Pts',(-0.387001012594686,11.1625299970912,-105.804641479239));
#1264=CARTESIAN_POINT('Ctrl Pts',(-0.38997142772741,11.186722086967,-106.508269445657));
#1265=CARTESIAN_POINT('Ctrl Pts',(-0.388932197272479,11.1782582341235,-107.168181437704));
#1266=CARTESIAN_POINT('Ctrl Pts',(-0.388491361371789,11.1746679138304,-107.448112511712));
#1267=CARTESIAN_POINT('Ctrl Pts',(-0.387328994566535,11.1652011958918,-107.720176836813));
#1268=CARTESIAN_POINT('Ctrl Pts',(-0.385281981228227,11.1485296101222,-107.981191985685));
#1269=CARTESIAN_POINT('Ctrl Pts',(-0.385224609943849,11.1480623585072,-107.988507411556));
#1270=CARTESIAN_POINT('Ctrl Pts',(-0.38516653047768,11.1475893392143,-107.99581593374));
#1271=CARTESIAN_POINT('Ctrl Pts',(-0.385107662605538,11.1471098988701,-108.00312662009));
#1272=CARTESIAN_POINT('Ctrl Pts',(-0.384156433000806,11.1393627554366,-108.12125797143));
#1273=CARTESIAN_POINT('Ctrl Pts',(-0.383004804309473,11.129983492418,-108.239282610834));
#1274=CARTESIAN_POINT('Ctrl Pts',(-0.381617344130119,11.1186835360623,-108.356475509369));
#1275=CARTESIAN_POINT('Ctrl Pts',(-0.380195767511538,11.1071057236067,-108.476550079363));
#1276=CARTESIAN_POINT('Ctrl Pts',(-0.378526606156602,11.0935114952879,-108.595751368413));
#1277=CARTESIAN_POINT('Ctrl Pts',(-0.376569548564279,11.0775725402766,-108.71324708309));
#1278=CARTESIAN_POINT('Ctrl Pts',(-0.374492137776815,11.0606533871503,-108.837968433195));
#1279=CARTESIAN_POINT('Ctrl Pts',(-0.372090321121332,11.0410921602515,-108.960767985187));
#1280=CARTESIAN_POINT('Ctrl Pts',(-0.369313600952068,11.0184775892595,-109.080592366692));
#1281=CARTESIAN_POINT('Ctrl Pts',(-0.366395184914893,10.9947089980318,-109.206531379381));
#1282=CARTESIAN_POINT('Ctrl Pts',(-0.363062592793607,10.9675672132929,-109.32918342943));
#1283=CARTESIAN_POINT('Ctrl Pts',(-0.359255101087761,10.9365576818189,-109.447266527596));
#1284=CARTESIAN_POINT('Ctrl Pts',(-0.354899118728714,10.9010810524527,-109.582360162001));
#1285=CARTESIAN_POINT('Ctrl Pts',(-0.349921499192378,10.860541594562,-109.711473379534));
#1286=CARTESIAN_POINT('Ctrl Pts',(-0.344229318710707,10.8141825047887,-109.832614928888));
#1287=CARTESIAN_POINT('Ctrl Pts',(-0.341311517131424,10.7904189179189,-109.894711871379));
#1288=CARTESIAN_POINT('Ctrl Pts',(-0.338205935356813,10.7651259840862,-109.954713147092));
#1289=CARTESIAN_POINT('Ctrl Pts',(-0.334900000125168,10.7382013022912,-110.012345636171));
#1290=CARTESIAN_POINT('Ctrl Pts',(-0.334371843075727,10.7338998083122,-110.021553017215));
#1291=CARTESIAN_POINT('Ctrl Pts',(-0.33383857233628,10.7295566666702,-110.030699933605));
#1292=CARTESIAN_POINT('Ctrl Pts',(-0.333300190196319,10.7251718960117,-110.039786078008));
#1293=CARTESIAN_POINT('Ctrl Pts',(-0.333027689952021,10.7229525596204,-110.044384998339));
#1294=CARTESIAN_POINT('Ctrl Pts',(-0.332753789375687,10.72072181844,-110.048969929613));
#1295=CARTESIAN_POINT('Ctrl Pts',(-0.332477980486639,10.7184755352997,-110.053549060346));
#1296=CARTESIAN_POINT('Ctrl Pts',(-0.326958518347152,10.6735231235396,-110.14518620373));
#1297=CARTESIAN_POINT('Ctrl Pts',(-0.320730234484104,10.6227978221071,-110.233565061119));
#1298=CARTESIAN_POINT('Ctrl Pts',(-0.313694317948976,10.5654948804067,-110.317073393394));
#1299=CARTESIAN_POINT('Ctrl Pts',(-0.308866063504993,10.5261719035725,-110.374379285867));
#1300=CARTESIAN_POINT('Ctrl Pts',(-0.303657491817517,10.4837514913549,-110.429390199591));
#1301=CARTESIAN_POINT('Ctrl Pts',(-0.298037421249682,10.4379796897007,-110.481572539293));
#1302=CARTESIAN_POINT('Ctrl Pts',(-0.295286260438338,10.4155732829741,-110.507117059828));
#1303=CARTESIAN_POINT('Ctrl Pts',(-0.292436503226125,10.3923638730021,-110.53198363158));
#1304=CARTESIAN_POINT('Ctrl Pts',(-0.289484581915416,10.3683224032196,-110.556109078187));
#1305=CARTESIAN_POINT('Ctrl Pts',(-0.288031683145301,10.3564894923111,-110.567983321439));
#1306=CARTESIAN_POINT('Ctrl Pts',(-0.286554036317102,10.344455024644,-110.579678023546));
#1307=CARTESIAN_POINT('Ctrl Pts',(-0.285051222636974,10.3322155894163,-110.591185629125));
#1308=CARTESIAN_POINT('Ctrl Pts',(-0.284217616611061,10.3254264131569,-110.597568861779));
#1309=CARTESIAN_POINT('Ctrl Pts',(-0.283376267113021,10.3185741713778,-110.603894526733));
#1310=CARTESIAN_POINT('Ctrl Pts',(-0.282527103301889,10.3116582871259,-110.610161333));
#1311=CARTESIAN_POINT('Ctrl Pts',(-0.281942927651474,10.3069005582541,-110.614472533711));
#1312=CARTESIAN_POINT('Ctrl Pts',(-0.281354966203078,10.302111996532,-110.618756429329));
#1313=CARTESIAN_POINT('Ctrl Pts',(-0.280764737146051,10.2973049666197,-110.623001752227));
#1314=CARTESIAN_POINT('Ctrl Pts',(-0.267220996487955,10.1870000507696,-110.720417410865));
#1315=CARTESIAN_POINT('Ctrl Pts',(-0.252296679105731,10.0654512398077,-110.798913659389));
#1316=CARTESIAN_POINT('Ctrl Pts',(-0.236029876254839,9.93296876211449,-110.85848627173));
#1317=CARTESIAN_POINT('Ctrl Pts',(-0.234229361525414,9.91830474640938,-110.86508015296));
#1318=CARTESIAN_POINT('Ctrl Pts',(-0.232412405233809,9.90350682492606,-110.87144216963));
#1319=CARTESIAN_POINT('Ctrl Pts',(-0.230579063715405,9.88857545647939,-110.877572301982));
#1320=CARTESIAN_POINT('Ctrl Pts',(-0.228859829201,9.87457341500315,-110.883320895471));
#1321=CARTESIAN_POINT('Ctrl Pts',(-0.227126185623707,9.86045402112704,-110.888865571248));
#1322=CARTESIAN_POINT('Ctrl Pts',(-0.225378180311131,9.84621766030348,-110.894206311769));
#1323=CARTESIAN_POINT('Ctrl Pts',(-0.224386781970619,9.83814336877022,-110.897235365086));
#1324=CARTESIAN_POINT('Ctrl Pts',(-0.223390763902803,9.83003145257742,-110.900198818481));
#1325=CARTESIAN_POINT('Ctrl Pts',(-0.22239013486688,9.82188198306298,-110.903096668614));
#1326=CARTESIAN_POINT('Ctrl Pts',(-0.221496435734348,9.81460338772526,-110.905684846706));
#1327=CARTESIAN_POINT('Ctrl Pts',(-0.220599565657762,9.80729896712067,-110.908219134014));
#1328=CARTESIAN_POINT('Ctrl Pts',(-0.219701508636177,9.7999848796248,-110.910694561201));
#1329=CARTESIAN_POINT('Ctrl Pts',(-0.206972969121457,9.69631924429475,-110.945779830859));
#1330=CARTESIAN_POINT('Ctrl Pts',(-0.19389557088949,9.58981238271704,-110.969362649512));
#1331=CARTESIAN_POINT('Ctrl Pts',(-0.180638899602738,9.48184545927595,-110.983276669935));
#1332=CARTESIAN_POINT('Ctrl Pts',(-0.173787050414336,9.42604162581337,-110.990468276898));
#1333=CARTESIAN_POINT('Ctrl Pts',(-0.166887218467098,9.36984700414023,-110.995077303879));
#1334=CARTESIAN_POINT('Ctrl Pts',(-0.1599621154835,9.31344656639241,-110.997357675492));
#1335=CARTESIAN_POINT('Ctrl Pts',(-0.156547054865187,9.28563312964434,-110.998482222998));
#1336=CARTESIAN_POINT('Ctrl Pts',(-0.153125788747679,9.25776915316106,-110.999040457674));
#1337=CARTESIAN_POINT('Ctrl Pts',(-0.149701176051757,9.22987792098383,-110.999062758393));
#1338=CARTESIAN_POINT('Ctrl Pts',(-0.146946780966847,9.20744517321281,-110.999080694725));
#1339=CARTESIAN_POINT('Ctrl Pts',(-0.14418971040708,9.18499063544769,-110.998752157792));
#1340=CARTESIAN_POINT('Ctrl Pts',(-0.141428791066378,9.16250475187732,-110.998091376892));
#1341=CARTESIAN_POINT('Ctrl Pts',(-0.128214669713493,9.05488436983814,-110.994928793013));
#1342=CARTESIAN_POINT('Ctrl Pts',(-0.114927528865893,8.94666929173798,-110.98415293286));
#1343=CARTESIAN_POINT('Ctrl Pts',(-0.101709773908875,8.83901931636794,-110.967320357947));
#1344=CARTESIAN_POINT('Ctrl Pts',(-0.0894325978628688,8.73902974149204,
-110.951685593481));
#1345=CARTESIAN_POINT('Ctrl Pts',(-0.0772153157235077,8.6395279633408,-110.930827051501));
#1346=CARTESIAN_POINT('Ctrl Pts',(-0.0651671380852622,8.54140343082915,
-110.905991441035));
#1347=CARTESIAN_POINT('Ctrl Pts',(-0.0595195548173346,8.49540755621432,
-110.894349748629));
#1348=CARTESIAN_POINT('Ctrl Pts',(-0.0539090525055335,8.44971368175203,
-110.881834037695));
#1349=CARTESIAN_POINT('Ctrl Pts',(-0.0483464485964225,8.40440990847462,
-110.868571305467));
#1350=CARTESIAN_POINT('Ctrl Pts',(-0.0456249465816634,8.38224505326199,
-110.862082518369));
#1351=CARTESIAN_POINT('Ctrl Pts',(-0.042914905361575,8.3601735387315,-110.855414901594));
#1352=CARTESIAN_POINT('Ctrl Pts',(-0.0402175657186924,8.33820547024596,
-110.848583203901));
#1353=CARTESIAN_POINT('Ctrl Pts',(-0.0383957508994052,8.32336797923006,
-110.843968995183));
#1354=CARTESIAN_POINT('Ctrl Pts',(-0.0365797299406029,8.30857767542111,
-110.839279934097));
#1355=CARTESIAN_POINT('Ctrl Pts',(-0.0347698805801169,8.29383763524687,
-110.834520540226));
#1356=CARTESIAN_POINT('Ctrl Pts',(-0.0338064418198403,8.28599105622104,
-110.831986967748));
#1357=CARTESIAN_POINT('Ctrl Pts',(-0.0328451755196351,8.27816217046263,
-110.829434606271));
#1358=CARTESIAN_POINT('Ctrl Pts',(-0.0318844778413631,8.27033791575823,
-110.826859665231));
#1359=CARTESIAN_POINT('Ctrl Pts',(-0.0301662363810012,8.25634396205813,
-110.822254292954));
#1360=CARTESIAN_POINT('Ctrl Pts',(-0.0284472340353617,8.24234381144474,
-110.81756967882));
#1361=CARTESIAN_POINT('Ctrl Pts',(-0.026727925691139,8.22834116867289,-110.81280835814));
#1362=CARTESIAN_POINT('Ctrl Pts',(-0.0112692826467296,8.10244062441282,
-110.769998377565));
#1363=CARTESIAN_POINT('Ctrl Pts',(0.00421967850102771,7.97629315901604,
-110.720971965867));
#1364=CARTESIAN_POINT('Ctrl Pts',(0.019633819944374,7.85075505121163,-110.666977821681));
#1365=CARTESIAN_POINT('Ctrl Pts',(0.0343027774271726,7.73128597973448,-110.615593979882));
#1366=CARTESIAN_POINT('Ctrl Pts',(0.0489039674065765,7.61236883028155,-110.559711857032));
#1367=CARTESIAN_POINT('Ctrl Pts',(0.063352227322756,7.49469719624276,-110.500392594162));
#1368=CARTESIAN_POINT('Ctrl Pts',(0.0772963688551537,7.38113127696221,-110.443143056719));
#1369=CARTESIAN_POINT('Ctrl Pts',(0.0910980674143155,7.26872546260191,-110.382692525835));
#1370=CARTESIAN_POINT('Ctrl Pts',(0.104686021772687,7.15806045505983,-110.319971904411));
#1371=CARTESIAN_POINT('Ctrl Pts',(0.117943440159522,7.05008744697685,-110.258777003563));
#1372=CARTESIAN_POINT('Ctrl Pts',(0.130997392938182,6.94377153329302,-110.195421450466));
#1373=CARTESIAN_POINT('Ctrl Pts',(0.143786702124725,6.83961096870333,-110.130741656921));
#1374=CARTESIAN_POINT('Ctrl Pts',(0.155792125336323,6.74183464305363,-110.070026235672));
#1375=CARTESIAN_POINT('Ctrl Pts',(0.167564393643507,6.64595721171685,-110.008143928422));
#1376=CARTESIAN_POINT('Ctrl Pts',(0.179057006124342,6.55235739431047,-109.945759468911));
#1377=CARTESIAN_POINT('Ctrl Pts',(0.180792097679731,6.53822620759913,-109.936341005609));
#1378=CARTESIAN_POINT('Ctrl Pts',(0.182520822349709,6.52414687500823,-109.92691104354));
#1379=CARTESIAN_POINT('Ctrl Pts',(0.184243027992455,6.5101206356335,-109.917471812515));
#1380=CARTESIAN_POINT('Ctrl Pts',(0.185231288407606,6.50207190045146,-109.912055259382));
#1381=CARTESIAN_POINT('Ctrl Pts',(0.18621748648349,6.49403996167485,-109.906635216158));
#1382=CARTESIAN_POINT('Ctrl Pts',(0.187204021388818,6.48600527964258,-109.90119864409));
#1383=CARTESIAN_POINT('Ctrl Pts',(0.203682487150804,6.35179894587544,-109.810389524009));
#1384=CARTESIAN_POINT('Ctrl Pts',(0.220080941314832,6.21824425428036,-109.715921429));
#1385=CARTESIAN_POINT('Ctrl Pts',(0.236346863482777,6.08576894917414,-109.618519499279));
#1386=CARTESIAN_POINT('Ctrl Pts',(0.252429560917711,5.95478588976774,-109.522214737145));
#1387=CARTESIAN_POINT('Ctrl Pts',(0.268382698118078,5.82485801379493,-109.423041939404));
#1388=CARTESIAN_POINT('Ctrl Pts',(0.284160239514086,5.69636025088411,-109.321669040198));
#1389=CARTESIAN_POINT('Ctrl Pts',(0.299874413027415,5.56837857796224,-109.220703288457));
#1390=CARTESIAN_POINT('Ctrl Pts',(0.315414399201963,5.44181554707074,-109.117555154686));
#1391=CARTESIAN_POINT('Ctrl Pts',(0.330739415086111,5.31700330869603,-109.012850425232));
#1392=CARTESIAN_POINT('Ctrl Pts',(0.346023235235123,5.19252658265961,-108.908427156386));
#1393=CARTESIAN_POINT('Ctrl Pts',(0.361093242592525,5.06979122206877,-108.802455708464));
#1394=CARTESIAN_POINT('Ctrl Pts',(0.375913637242705,4.9490887938384,-108.695521751327));
#1395=CARTESIAN_POINT('Ctrl Pts',(0.386740765013699,4.86090891445148,-108.617400510678));
#1396=CARTESIAN_POINT('Ctrl Pts',(0.397434768623522,4.7738132443511,-108.538764839808));
#1397=CARTESIAN_POINT('Ctrl Pts',(0.407983244949257,4.68790279886702,-108.459830985565));
#1398=CARTESIAN_POINT('',(1.20962372283336,-1.84093496370822,-98.5508073838514));
#1399=CARTESIAN_POINT('Ctrl Pts',(0.407983244949257,4.68790279886702,-108.459830985565));
#1400=CARTESIAN_POINT('Ctrl Pts',(0.429269053672217,4.51454379862763,-108.300550074152));
#1401=CARTESIAN_POINT('Ctrl Pts',(0.450319728491273,4.3430998103586,-108.137380983619));
#1402=CARTESIAN_POINT('Ctrl Pts',(0.471107681965915,4.1737955157325,-107.970777844511));
#1403=CARTESIAN_POINT('Ctrl Pts',(0.492288750707442,4.00128955418676,-107.801024119292));
#1404=CARTESIAN_POINT('Ctrl Pts',(0.513197084510654,3.83100484046164,-107.627705164081));
#1405=CARTESIAN_POINT('Ctrl Pts',(0.533807696075299,3.66314487978674,-107.45125779752));
#1406=CARTESIAN_POINT('Ctrl Pts',(0.554820787933179,3.49200698017331,-107.271364798713));
#1407=CARTESIAN_POINT('Ctrl Pts',(0.575524433867768,3.3233893153599,-107.088219938978));
#1408=CARTESIAN_POINT('Ctrl Pts',(0.595896209909574,3.1574745139223,-106.902242391865));
#1409=CARTESIAN_POINT('Ctrl Pts',(0.616679245904394,2.9882102689554,-106.712510379891));
#1410=CARTESIAN_POINT('Ctrl Pts',(0.637116895744881,2.82175896848083,-106.519830078523));
#1411=CARTESIAN_POINT('Ctrl Pts',(0.657189254737316,2.65828272321976,-106.324602633052));
#1412=CARTESIAN_POINT('Ctrl Pts',(0.677893906636762,2.48965686548003,-106.123225390785));
#1413=CARTESIAN_POINT('Ctrl Pts',(0.698209904918208,2.32419633744578,-105.919137998582));
#1414=CARTESIAN_POINT('Ctrl Pts',(0.718119280452863,2.16204748592689,-105.712734955092));
#1415=CARTESIAN_POINT('Ctrl Pts',(0.738404897123047,1.9968343962598,-105.502431371611));
#1416=CARTESIAN_POINT('Ctrl Pts',(0.758268400381216,1.83505914445207,-105.289723682532));
#1417=CARTESIAN_POINT('Ctrl Pts',(0.777694452051505,1.6768466499215,-105.07498339384));
#1418=CARTESIAN_POINT('Ctrl Pts',(0.797671388714636,1.51414755716725,-104.854153488771));
#1419=CARTESIAN_POINT('Ctrl Pts',(0.817185731170124,1.35521599189564,-104.631174022061));
#1420=CARTESIAN_POINT('Ctrl Pts',(0.836224320847197,1.20015912206548,-104.406402124072));
#1421=CARTESIAN_POINT('Ctrl Pts',(0.842104125047888,1.15227195972638,-104.336984442803));
#1422=CARTESIAN_POINT('Ctrl Pts',(0.847938575606746,1.10475417315812,-104.267395473665));
#1423=CARTESIAN_POINT('Ctrl Pts',(0.853727345507948,1.0576084256909,-104.197644880432));
#1424=CARTESIAN_POINT('Ctrl Pts',(0.85521925097587,1.04545783072236,-104.179668472109));
#1425=CARTESIAN_POINT('Ctrl Pts',(0.856708055077736,1.03333249435341,-104.16168214196));
#1426=CARTESIAN_POINT('Ctrl Pts',(0.858193960851373,1.02123076297358,-104.143683527094));
#1427=CARTESIAN_POINT('Ctrl Pts',(0.882290758285665,0.824978096863979,-103.851801643188));
#1428=CARTESIAN_POINT('Ctrl Pts',(0.905755366200485,0.633874201209077,-103.555112292189));
#1429=CARTESIAN_POINT('Ctrl Pts',(0.92853380447059,0.448358708849121,-103.254164804728));
#1430=CARTESIAN_POINT('Ctrl Pts',(0.951800624680283,0.258865664783992,-102.946764841645));
#1431=CARTESIAN_POINT('Ctrl Pts',(0.974351557376731,0.0752030566302366,
-102.634922121315));
#1432=CARTESIAN_POINT('Ctrl Pts',(0.996133034600849,-0.102192839595989,
-102.319178008569));
#1433=CARTESIAN_POINT('Ctrl Pts',(1.01868884902612,-0.285895206240487,-101.992209110194));
#1434=CARTESIAN_POINT('Ctrl Pts',(1.04041954327709,-0.462877508340699,-101.661056515467));
#1435=CARTESIAN_POINT('Ctrl Pts',(1.06126955214261,-0.632687203567829,-101.326274910791));
#1436=CARTESIAN_POINT('Ctrl Pts',(1.08256377135857,-0.806114701775847,-100.98436076939));
#1437=CARTESIAN_POINT('Ctrl Pts',(1.10293940849966,-0.9720609493435,-100.638661233988));
#1438=CARTESIAN_POINT('Ctrl Pts',(1.12234092462119,-1.13007361786517,-100.28972037283));
#1439=CARTESIAN_POINT('Ctrl Pts',(1.14242706340737,-1.2936620905402,-99.9284664109503));
#1440=CARTESIAN_POINT('Ctrl Pts',(1.16146914714075,-1.44874741717536,-99.5637383156959));
#1441=CARTESIAN_POINT('Ctrl Pts',(1.17940900154311,-1.59485580629566,-99.1960909351566));
#1442=CARTESIAN_POINT('Ctrl Pts',(1.1898581274642,-1.6799571076666,-98.9819535353956));
#1443=CARTESIAN_POINT('Ctrl Pts',(1.19993338207047,-1.7620134715301,-98.7668248580173));
#1444=CARTESIAN_POINT('Ctrl Pts',(1.20962372283336,-1.84093496370822,-98.5508073838514));
#1445=CARTESIAN_POINT('',(1.49107957238662,-4.13320890664988,-86.2440859668461));
#1446=CARTESIAN_POINT('Ctrl Pts',(1.20962372283336,-1.84093496370823,-98.5508073838514));
#1447=CARTESIAN_POINT('Ctrl Pts',(1.23630339709918,-2.05822347351458,-97.9560629896667));
#1448=CARTESIAN_POINT('Ctrl Pts',(1.2602922917382,-2.2535973418789,-97.3495368946483));
#1449=CARTESIAN_POINT('Ctrl Pts',(1.28194879109204,-2.4299753750338,-96.7354588772067));
#1450=CARTESIAN_POINT('Ctrl Pts',(1.30243821482073,-2.59684833998985,-96.1544737190674));
#1451=CARTESIAN_POINT('Ctrl Pts',(1.32083961486581,-2.74671571671673,-95.5667262782546));
#1452=CARTESIAN_POINT('Ctrl Pts',(1.33745207457492,-2.88201334360845,-94.9758204213685));
#1453=CARTESIAN_POINT('Ctrl Pts',(1.35234079959362,-3.0032722780316,-94.446227876425));
#1454=CARTESIAN_POINT('Ctrl Pts',(1.36579242268013,-3.11282695646661,-93.9140974509228));
#1455=CARTESIAN_POINT('Ctrl Pts',(1.37802117530435,-3.21242215422037,-93.3820621125582));
#1456=CARTESIAN_POINT('Ctrl Pts',(1.38519323320255,-3.27083387834481,-93.0700279772794));
#1457=CARTESIAN_POINT('Ctrl Pts',(1.39194464763332,-3.32581973634773,-92.7580273520427));
#1458=CARTESIAN_POINT('Ctrl Pts',(1.39831870901745,-3.37773230041325,-92.4466002979085));
#1459=CARTESIAN_POINT('Ctrl Pts',(1.39951250249413,-3.38745496805082,-92.3882733438233));
#1460=CARTESIAN_POINT('Ctrl Pts',(1.40069305985533,-3.39706983617844,-92.3299665309066));
#1461=CARTESIAN_POINT('Ctrl Pts',(1.40186066613627,-3.40657922622192,-92.2716834383658));
#1462=CARTESIAN_POINT('Ctrl Pts',(1.40306351128671,-3.4163756138263,-92.2116413365378));
#1463=CARTESIAN_POINT('Ctrl Pts',(1.40425244424923,-3.42605869575277,-92.1516327281318));
#1464=CARTESIAN_POINT('Ctrl Pts',(1.40542766051371,-3.43563006413853,-92.0916681699402));
#1465=CARTESIAN_POINT('Ctrl Pts',(1.41765019487547,-3.53517461820846,-91.4680222120572));
#1466=CARTESIAN_POINT('Ctrl Pts',(1.42839299754581,-3.62266772476315,-90.8489320679195));
#1467=CARTESIAN_POINT('Ctrl Pts',(1.43801747344804,-3.7010527906986,-90.2393165205909));
#1468=CARTESIAN_POINT('Ctrl Pts',(1.44673133401945,-3.77202148991715,-89.6873794659874));
#1469=CARTESIAN_POINT('Ctrl Pts',(1.45452864599591,-3.8355254998605,-89.143210142771));
#1470=CARTESIAN_POINT('Ctrl Pts',(1.46167902063387,-3.89376062800185,-88.6104209376047));
#1471=CARTESIAN_POINT('Ctrl Pts',(1.46809092138888,-3.94598136901245,-88.1326569490255));
#1472=CARTESIAN_POINT('Ctrl Pts',(1.47398269064828,-3.99396597893468,-87.6640441316547));
#1473=CARTESIAN_POINT('Ctrl Pts',(1.47954836182346,-4.0392947330896,-87.2071461925422));
#1474=CARTESIAN_POINT('Ctrl Pts',(1.48353584686477,-4.07177019264244,-86.879804953674));
#1475=CARTESIAN_POINT('Ctrl Pts',(1.48735594347881,-4.10288238285548,-86.5584760635009));
#1476=CARTESIAN_POINT('Ctrl Pts',(1.49107957238662,-4.13320890664987,-86.2440859668462));
#1477=CARTESIAN_POINT('',(1.10938161338422,-1.02452849768347,-58.2887068309666));
#1478=CARTESIAN_POINT('Ctrl Pts',(1.49107957238662,-4.13320890664988,-86.2440859668461));
#1479=CARTESIAN_POINT('Ctrl Pts',(1.50346241960893,-4.23405910419311,-85.1985885149048));
#1480=CARTESIAN_POINT('Ctrl Pts',(1.51481036840292,-4.32648073041806,-84.2270743404089));
#1481=CARTESIAN_POINT('Ctrl Pts',(1.52421671379201,-4.40308926588798,-83.3260466404645));
#1482=CARTESIAN_POINT('Ctrl Pts',(1.53370371688359,-4.48035470562897,-82.4172927917192));
#1483=CARTESIAN_POINT('Ctrl Pts',(1.54121578864862,-4.54153562047503,-81.5802397570006));
#1484=CARTESIAN_POINT('Ctrl Pts',(1.54582144434347,-4.57904567598181,-80.8113522519547));
#1485=CARTESIAN_POINT('Ctrl Pts',(1.55038722985257,-4.61623101488362,-80.0491208431706));
#1486=CARTESIAN_POINT('Ctrl Pts',(1.5520968068041,-4.63015440182207,-79.3538803533907));
#1487=CARTESIAN_POINT('Ctrl Pts',(1.55003982446763,-4.61340162507764,-78.7222313640587));
#1488=CARTESIAN_POINT('Ctrl Pts',(1.54900294921922,-4.60495695385201,-78.4038323233334));
#1489=CARTESIAN_POINT('Ctrl Pts',(1.54700896448625,-4.5887172514145,-78.1015920751339));
#1490=CARTESIAN_POINT('Ctrl Pts',(1.54394086482022,-4.56372958485888,-77.8150790237582));
#1491=CARTESIAN_POINT('Ctrl Pts',(1.52714152387654,-4.42690993245191,-76.2462804321799));
#1492=CARTESIAN_POINT('Ctrl Pts',(1.47814820487659,-4.02789136986018,-75.1499109477321));
#1493=CARTESIAN_POINT('Ctrl Pts',(1.45527962411458,-3.84164172581801,-74.2856470246239));
#1494=CARTESIAN_POINT('Ctrl Pts',(1.45497836606136,-3.83918817586838,-74.2742616890121));
#1495=CARTESIAN_POINT('Ctrl Pts',(1.45468149069794,-3.83677032006275,-74.2629106632682));
#1496=CARTESIAN_POINT('Ctrl Pts',(1.45438996697785,-3.83439604989436,-74.2516261128814));
#1497=CARTESIAN_POINT('Ctrl Pts',(1.4530599690029,-3.82356408563788,-74.2001434096625));
#1498=CARTESIAN_POINT('Ctrl Pts',(1.45183797739658,-3.81361176266396,-74.1499276996584));
#1499=CARTESIAN_POINT('Ctrl Pts',(1.45072575069192,-3.80455340307474,-74.100611206561));
#1500=CARTESIAN_POINT('Ctrl Pts',(1.44963143570054,-3.79564092268361,-74.0520889246444));
#1501=CARTESIAN_POINT('Ctrl Pts',(1.44864330581544,-3.78759325058348,-74.0044376259493));
#1502=CARTESIAN_POINT('Ctrl Pts',(1.44776729201182,-3.78045869069116,-73.9573418322624));
#1503=CARTESIAN_POINT('Ctrl Pts',(1.44692847558718,-3.77362707913938,-73.912245824513));
#1504=CARTESIAN_POINT('Ctrl Pts',(1.44619241258668,-3.76763232707054,-73.8676596180429));
#1505=CARTESIAN_POINT('Ctrl Pts',(1.44556904224724,-3.76255538307323,-73.8233313114968));
#1506=CARTESIAN_POINT('Ctrl Pts',(1.44495492179943,-3.75755377339776,-73.7796607712986));
#1507=CARTESIAN_POINT('Ctrl Pts',(1.44445010717952,-3.75344238825136,-73.7362408129056));
#1508=CARTESIAN_POINT('Ctrl Pts',(1.44406963118067,-3.75034365990912,-73.6928502257617));
#1509=CARTESIAN_POINT('Ctrl Pts',(1.44387532798072,-3.7487611873367,-73.6706913249247));
#1510=CARTESIAN_POINT('Ctrl Pts',(1.44371354753968,-3.74744359137956,-73.6485403762353));
#1511=CARTESIAN_POINT('Ctrl Pts',(1.44358695432899,-3.7464125724163,-73.6263695923079));
#1512=CARTESIAN_POINT('Ctrl Pts',(1.44330424506664,-3.74411009024529,-73.5768575692231));
#1513=CARTESIAN_POINT('Ctrl Pts',(1.44319676512647,-3.74323473637846,-73.5272440561066));
#1514=CARTESIAN_POINT('Ctrl Pts',(1.44326659860257,-3.74380348440012,-73.4772985246248));
#1515=CARTESIAN_POINT('Ctrl Pts',(1.44333880927323,-3.74439159311776,-73.4256528021726));
#1516=CARTESIAN_POINT('Ctrl Pts',(1.44360072470476,-3.74652472312699,-73.3736516997992));
#1517=CARTESIAN_POINT('Ctrl Pts',(1.44405963781674,-3.75026227049128,-73.3210819691317));
#1518=CARTESIAN_POINT('Ctrl Pts',(1.44452831962434,-3.75407937749688,-73.2673932081194));
#1519=CARTESIAN_POINT('Ctrl Pts',(1.44520266865359,-3.75957150960443,-73.2131109746287));
#1520=CARTESIAN_POINT('Ctrl Pts',(1.44609322046826,-3.7668244720952,-73.1580564866623));
#1521=CARTESIAN_POINT('Ctrl Pts',(1.44680651716283,-3.77263380748175,-73.1139600246249));
#1522=CARTESIAN_POINT('Ctrl Pts',(1.44765863393922,-3.77957374170574,-73.0693690162469));
#1523=CARTESIAN_POINT('Ctrl Pts',(1.44865472226446,-3.78768623009937,-73.0242157220779));
#1524=CARTESIAN_POINT('Ctrl Pts',(1.44876375325859,-3.78857421628691,-73.0192732803019));
#1525=CARTESIAN_POINT('Ctrl Pts',(1.44887450803664,-3.78947624156788,-73.0143241235932));
#1526=CARTESIAN_POINT('Ctrl Pts',(1.44898699231593,-3.79039235250613,-73.0093681794562));
#1527=CARTESIAN_POINT('Ctrl Pts',(1.44908324640188,-3.79117627912724,-73.005127321303));
#1528=CARTESIAN_POINT('Ctrl Pts',(1.44918078275018,-3.7919706489371,-73.0008809194834));
#1529=CARTESIAN_POINT('Ctrl Pts',(1.44927923284156,-3.79277246058718,-72.9966446090798));
#1530=CARTESIAN_POINT('Ctrl Pts',(1.45438619671716,-3.83436534358517,-72.7768917993731));
#1531=CARTESIAN_POINT('Ctrl Pts',(1.46217843656301,-3.89782804433963,-72.5741944842611));
#1532=CARTESIAN_POINT('Ctrl Pts',(1.4704582758087,-3.96526192352449,-72.3868882137831));
#1533=CARTESIAN_POINT('Ctrl Pts',(1.47637381629865,-4.01344013458339,-72.2530670375312));
#1534=CARTESIAN_POINT('Ctrl Pts',(1.48253851964525,-4.06364761426365,-72.127103073812));
#1535=CARTESIAN_POINT('Ctrl Pts',(1.48815048187763,-4.10935337882511,-72.0084010684067));
#1536=CARTESIAN_POINT('Ctrl Pts',(1.48838808955258,-4.11128853804383,-72.0033752848487));
#1537=CARTESIAN_POINT('Ctrl Pts',(1.48862497074802,-4.11321778056173,-71.9983568838483));
#1538=CARTESIAN_POINT('Ctrl Pts',(1.48885958389568,-4.11512855131281,-71.9933773003265));
#1539=CARTESIAN_POINT('Ctrl Pts',(1.4906113163601,-4.12939526735222,-71.9561973800984));
#1540=CARTESIAN_POINT('Ctrl Pts',(1.49224944465132,-4.14273675164939,-71.9209000245364));
#1541=CARTESIAN_POINT('Ctrl Pts',(1.49377380316494,-4.15515165546473,-71.8871080750032));
#1542=CARTESIAN_POINT('Ctrl Pts',(1.4954011848182,-4.16840561541939,-71.8510323105378));
#1543=CARTESIAN_POINT('Ctrl Pts',(1.49689915257681,-4.18060558378347,-71.8166723317553));
#1544=CARTESIAN_POINT('Ctrl Pts',(1.49826979514148,-4.19176857165908,-71.7836264262484));
#1545=CARTESIAN_POINT('Ctrl Pts',(1.49958479157629,-4.2024783581757,-71.7519221372919));
#1546=CARTESIAN_POINT('Ctrl Pts',(1.50078279351491,-4.21223530098522,-71.7214281381168));
#1547=CARTESIAN_POINT('Ctrl Pts',(1.50186425750792,-4.22104311839367,-71.6918332920274));
#1548=CARTESIAN_POINT('Ctrl Pts',(1.50290811901811,-4.22954468815543,-71.6632674581834));
#1549=CARTESIAN_POINT('Ctrl Pts',(1.50384353880664,-4.23716307096885,-71.6355397942528));
#1550=CARTESIAN_POINT('Ctrl Pts',(1.50466725869089,-4.24387173106576,-71.6084035477055));
#1551=CARTESIAN_POINT('Ctrl Pts',(1.50543137045152,-4.250094921954,-71.5832310035887));
#1552=CARTESIAN_POINT('Ctrl Pts',(1.50609941864929,-4.25553573790723,-71.5585677967569));
#1553=CARTESIAN_POINT('Ctrl Pts',(1.50666436830624,-4.26013688362781,-71.5342396240437));
#1554=CARTESIAN_POINT('Ctrl Pts',(1.50722931796319,-4.26473802934838,-71.5099114513304));
#1555=CARTESIAN_POINT('Ctrl Pts',(1.5076912797802,-4.26850040642261,-71.4859183745971));
#1556=CARTESIAN_POINT('Ctrl Pts',(1.50803734100197,-4.27131884889802,-71.4621065883211));
#1557=CARTESIAN_POINT('Ctrl Pts',(1.50827735838093,-4.273273633581,-71.4455914685366));
#1558=CARTESIAN_POINT('Ctrl Pts',(1.50846144004618,-4.27477285843382,-71.4291640497505));
#1559=CARTESIAN_POINT('Ctrl Pts',(1.50859132819565,-4.27583071252,-71.412769551188));
#1560=CARTESIAN_POINT('Ctrl Pts',(1.50866228627177,-4.27640861967377,-71.403813213896));
#1561=CARTESIAN_POINT('Ctrl Pts',(1.50871705070512,-4.27685464019086,-71.3948667669443));
#1562=CARTESIAN_POINT('Ctrl Pts',(1.50875577496586,-4.27717002398549,-71.3859217110252));
#1563=CARTESIAN_POINT('Ctrl Pts',(1.5087787772578,-4.27735736261969,-71.3806083290848));
#1564=CARTESIAN_POINT('Ctrl Pts',(1.50879611744247,-4.27749858709078,-71.3752906682141));
#1565=CARTESIAN_POINT('Ctrl Pts',(1.50880778119014,-4.27759358069243,-71.3699973978531));
#1566=CARTESIAN_POINT('Ctrl Pts',(1.50895937458387,-4.27882820980718,-71.3012009148664));
#1567=CARTESIAN_POINT('Ctrl Pts',(1.50815797854734,-4.27230136285977,-71.2356577406654));
#1568=CARTESIAN_POINT('Ctrl Pts',(1.50671028181695,-4.26051081916473,-71.1723934577068));
#1569=CARTESIAN_POINT('Ctrl Pts',(1.50587830321968,-4.25373489724793,-71.1360360298785));
#1570=CARTESIAN_POINT('Ctrl Pts',(1.50483276511779,-4.24521967274245,-71.1004316325154));
#1571=CARTESIAN_POINT('Ctrl Pts',(1.50363097400938,-4.23543186962149,-71.0653984759635));
#1572=CARTESIAN_POINT('Ctrl Pts',(1.50294926718463,-4.22987981307841,-71.0455261855573));
#1573=CARTESIAN_POINT('Ctrl Pts',(1.50221726483265,-4.22391813233785,-71.0258368539745));
#1574=CARTESIAN_POINT('Ctrl Pts',(1.50144462855562,-4.21762551483485,-71.0062821500252));
#1575=CARTESIAN_POINT('Ctrl Pts',(1.49547085104501,-4.16897300130484,-70.8550914097625));
#1576=CARTESIAN_POINT('Ctrl Pts',(1.48707510537558,-4.10059514005183,-70.7121700823099));
#1577=CARTESIAN_POINT('Ctrl Pts',(1.48095848627217,-4.05077927510565,-70.5624429097629));
#1578=CARTESIAN_POINT('Ctrl Pts',(1.48013258327037,-4.04405283494313,-70.5422258389978));
#1579=CARTESIAN_POINT('Ctrl Pts',(1.47934823776078,-4.03766485339385,-70.521884670855));
#1580=CARTESIAN_POINT('Ctrl Pts',(1.47861703033526,-4.03170964680964,-70.5013822702262));
#1581=CARTESIAN_POINT('Ctrl Pts',(1.47850949338728,-4.03083382865152,-70.4983670306201));
#1582=CARTESIAN_POINT('Ctrl Pts',(1.47840310576354,-4.02996737098811,-70.4953483037189));
#1583=CARTESIAN_POINT('Ctrl Pts',(1.47829790430729,-4.02911057388368,-70.49232597137));
#1584=CARTESIAN_POINT('Ctrl Pts',(1.47820843914905,-4.02838193864171,-70.4897557270834));
#1585=CARTESIAN_POINT('Ctrl Pts',(1.47812012549062,-4.02766268161312,-70.4871912841989));
#1586=CARTESIAN_POINT('Ctrl Pts',(1.47803308653923,-4.02695380624028,-70.4846361576273));
#1587=CARTESIAN_POINT('Ctrl Pts',(1.47702164117351,-4.01871624478889,-70.4549440383122));
#1588=CARTESIAN_POINT('Ctrl Pts',(1.47617737177196,-4.01184022230419,-70.4263485424521));
#1589=CARTESIAN_POINT('Ctrl Pts',(1.47548930335204,-4.00623635472623,-70.3986414882326));
#1590=CARTESIAN_POINT('Ctrl Pts',(1.47457252761501,-3.9987698155271,-70.3617248759922));
#1591=CARTESIAN_POINT('Ctrl Pts',(1.47393236885527,-3.99355614081876,-70.3263875445637));
#1592=CARTESIAN_POINT('Ctrl Pts',(1.47353466485523,-3.99031710166665,-70.2921671796231));
#1593=CARTESIAN_POINT('Ctrl Pts',(1.47321167019793,-3.98768652128315,-70.2643751658493));
#1594=CARTESIAN_POINT('Ctrl Pts',(1.47304824629786,-3.98635554042643,-70.2373210960728));
#1595=CARTESIAN_POINT('Ctrl Pts',(1.47302929021773,-3.98620115554302,-70.2107488587746));
#1596=CARTESIAN_POINT('Ctrl Pts',(1.47302490563658,-3.98616544599518,-70.2046026444688));
#1597=CARTESIAN_POINT('Ctrl Pts',(1.47302827483827,-3.98619288594089,-70.1984821356131));
#1598=CARTESIAN_POINT('Ctrl Pts',(1.47303926087051,-3.98628235999333,-70.192384013561));
#1599=CARTESIAN_POINT('Ctrl Pts',(1.47308158883874,-3.98662709363023,-70.1688886231538));
#1600=CARTESIAN_POINT('Ctrl Pts',(1.47323653452723,-3.98788902499479,-70.1457269470949));
#1601=CARTESIAN_POINT('Ctrl Pts',(1.47349971211771,-3.99003243446374,-70.1226986399417));
#1602=CARTESIAN_POINT('Ctrl Pts',(1.47356572102707,-3.99057003388889,-70.1169227931579));
#1603=CARTESIAN_POINT('Ctrl Pts',(1.47363856619592,-3.99116331017968,-70.1111552435717));
#1604=CARTESIAN_POINT('Ctrl Pts',(1.47371784800222,-3.99180900867562,-70.105392253669));
#1605=CARTESIAN_POINT('Ctrl Pts',(1.4737687375885,-3.99222347109583,-70.1016930925935));
#1606=CARTESIAN_POINT('Ctrl Pts',(1.47382226984905,-3.9926594563708,-70.0979960728222));
#1607=CARTESIAN_POINT('Ctrl Pts',(1.4738785877555,-3.99311812891102,-70.0942857574545));
#1608=CARTESIAN_POINT('Ctrl Pts',(1.47533717606822,-4.00499737742556,-69.9981915846941));
#1609=CARTESIAN_POINT('Ctrl Pts',(1.47863119124463,-4.03182497816131,-69.8956603028254));
#1610=CARTESIAN_POINT('Ctrl Pts',(1.4827152959475,-4.06508734170956,-69.7826034531368));
#1611=CARTESIAN_POINT('Ctrl Pts',(1.48360369475079,-4.07232276932974,-69.7580106531784));
#1612=CARTESIAN_POINT('Ctrl Pts',(1.48452949361305,-4.07986279598657,-69.7329200103204));
#1613=CARTESIAN_POINT('Ctrl Pts',(1.48548196646076,-4.08762006482156,-69.707289811806));
#1614=CARTESIAN_POINT('Ctrl Pts',(1.48609232434218,-4.09259103085291,-69.6908656232285));
#1615=CARTESIAN_POINT('Ctrl Pts',(1.4867136973859,-4.09765170818201,-69.6742182214767));
#1616=CARTESIAN_POINT('Ctrl Pts',(1.48734267268582,-4.1027743009192,-69.6573526222812));
#1617=CARTESIAN_POINT('Ctrl Pts',(1.48993555561583,-4.1238916377484,-69.5878260061102));
#1618=CARTESIAN_POINT('Ctrl Pts',(1.49265925960095,-4.14607442657049,-69.5145338968458));
#1619=CARTESIAN_POINT('Ctrl Pts',(1.4953211055383,-4.16775342202217,-69.4366956945493));
#1620=CARTESIAN_POINT('Ctrl Pts',(1.4983424974101,-4.19236068412083,-69.3483435820417));
#1621=CARTESIAN_POINT('Ctrl Pts',(1.50128445373184,-4.21632099558095,-69.2541364086558));
#1622=CARTESIAN_POINT('Ctrl Pts',(1.50387194351657,-4.23739440876665,-69.152904885651));
#1623=CARTESIAN_POINT('Ctrl Pts',(1.5063585854892,-4.25764648243411,-69.0556188768162));
#1624=CARTESIAN_POINT('Ctrl Pts',(1.50851826258081,-4.27523564084072,-68.9518466741785));
#1625=CARTESIAN_POINT('Ctrl Pts',(1.51010725201801,-4.28817692128769,-68.8405018299333));
#1626=CARTESIAN_POINT('Ctrl Pts',(1.511435789367,-4.29899698970042,-68.7474075772374));
#1627=CARTESIAN_POINT('Ctrl Pts',(1.51236550645704,-4.30656892776169,-68.6490193079011));
#1628=CARTESIAN_POINT('Ctrl Pts',(1.51275119837578,-4.30971013636239,-68.5446647112756));
#1629=CARTESIAN_POINT('Ctrl Pts',(1.51282681105292,-4.31032595219938,-68.5242065942151));
#1630=CARTESIAN_POINT('Ctrl Pts',(1.51288150267399,-4.310771379708,-68.5035190481082));
#1631=CARTESIAN_POINT('Ctrl Pts',(1.5129141592143,-4.31103734588542,-68.4825968195579));
#1632=CARTESIAN_POINT('Ctrl Pts',(1.51293291552629,-4.31119010378799,-68.470580119609));
#1633=CARTESIAN_POINT('Ctrl Pts',(1.51294440279022,-4.31128366004495,-68.4584860016606));
#1634=CARTESIAN_POINT('Ctrl Pts',(1.51294840874578,-4.31131628593484,-68.4463134603256));
#1635=CARTESIAN_POINT('Ctrl Pts',(1.51295004593819,-4.31132961979697,-68.4413386691842));
#1636=CARTESIAN_POINT('Ctrl Pts',(1.51295043353822,-4.31133277654591,-68.4363507791181));
#1637=CARTESIAN_POINT('Ctrl Pts',(1.51294955701259,-4.31132563781753,-68.4313497211361));
#1638=CARTESIAN_POINT('Ctrl Pts',(1.5129486592843,-4.31131832640733,-68.4262276903758));
#1639=CARTESIAN_POINT('Ctrl Pts',(1.51294643557471,-4.31130021574604,-68.4210993807757));
#1640=CARTESIAN_POINT('Ctrl Pts',(1.51294289091225,-4.31127134678703,-68.4159721710828));
#1641=CARTESIAN_POINT('Ctrl Pts',(1.51289684601755,-4.31089634121328,-68.3493701085861));
#1642=CARTESIAN_POINT('Ctrl Pts',(1.51262773365857,-4.30870459693377,-68.2825691708365));
#1643=CARTESIAN_POINT('Ctrl Pts',(1.51214523332211,-4.30477494704203,-68.2155784963009));
#1644=CARTESIAN_POINT('Ctrl Pts',(1.51167823292316,-4.30097153401093,-68.1507398436193));
#1645=CARTESIAN_POINT('Ctrl Pts',(1.51101148666219,-4.29554132148196,-68.0857234486627));
#1646=CARTESIAN_POINT('Ctrl Pts',(1.51015359802472,-4.2885543792219,-68.0204897875481));
#1647=CARTESIAN_POINT('Ctrl Pts',(1.50931598827926,-4.28173259528344,-67.9567981288691));
#1648=CARTESIAN_POINT('Ctrl Pts',(1.50829626114118,-4.27342758420887,-67.8928993172335));
#1649=CARTESIAN_POINT('Ctrl Pts',(1.50710049035471,-4.26368881267541,-67.828710482532));
#1650=CARTESIAN_POINT('Ctrl Pts',(1.50594051116087,-4.25424154027153,-67.766442936299));
#1651=CARTESIAN_POINT('Ctrl Pts',(1.50461492487423,-4.24344550633298,-67.7039023399487));
#1652=CARTESIAN_POINT('Ctrl Pts',(1.5031263655726,-4.23132216370189,-67.6409704867046));
#1653=CARTESIAN_POINT('Ctrl Pts',(1.50226211731388,-4.2242834264831,-67.6044326446955));
#1654=CARTESIAN_POINT('Ctrl Pts',(1.50134287338104,-4.21679678544229,-67.5677621265307));
#1655=CARTESIAN_POINT('Ctrl Pts',(1.50036857837181,-4.20886178936406,-67.5309291541456));
#1656=CARTESIAN_POINT('Ctrl Pts',(1.49888556954211,-4.19678365169922,-67.4748643865406));
#1657=CARTESIAN_POINT('Ctrl Pts',(1.49727534535161,-4.18366942806505,-67.4184250853368));
#1658=CARTESIAN_POINT('Ctrl Pts',(1.49555048980395,-4.16962160694667,-67.3615283780524));
#1659=CARTESIAN_POINT('Ctrl Pts',(1.49375735475832,-4.155017693943,-67.3023793786185));
#1660=CARTESIAN_POINT('Ctrl Pts',(1.4918403147422,-4.13940465593541,-67.2427360906276));
#1661=CARTESIAN_POINT('Ctrl Pts',(1.48980820491738,-4.1228544495424,-67.1824685742587));
#1662=CARTESIAN_POINT('Ctrl Pts',(1.48773448126491,-4.10596532572081,-67.1209668913066));
#1663=CARTESIAN_POINT('Ctrl Pts',(1.48554089365317,-4.08809998829058,-67.0588151156696));
#1664=CARTESIAN_POINT('Ctrl Pts',(1.48323183849632,-4.06929424317192,-66.9958376331444));
#1665=CARTESIAN_POINT('Ctrl Pts',(1.48085730560606,-4.04995522470903,-66.9310743020656));
#1666=CARTESIAN_POINT('Ctrl Pts',(1.47836063799531,-4.02962149877157,-66.865437822616));
#1667=CARTESIAN_POINT('Ctrl Pts',(1.47574183571267,-4.00829306575538,-66.7986977589952));
#1668=CARTESIAN_POINT('Ctrl Pts',(1.47396966057029,-3.99385985746485,-66.7535339516573));
#1669=CARTESIAN_POINT('Ctrl Pts',(1.47214145611774,-3.97897032706207,-66.7078639497947));
#1670=CARTESIAN_POINT('Ctrl Pts',(1.47025612491668,-3.96361553662922,-66.6616063394349));
#1671=CARTESIAN_POINT('Ctrl Pts',(1.46932204779169,-3.95600808893285,-66.6386882571003));
#1672=CARTESIAN_POINT('Ctrl Pts',(1.46837376604352,-3.9482849538644,-66.6156218570905));
#1673=CARTESIAN_POINT('Ctrl Pts',(1.46741251762782,-3.94045621376361,-66.5924309883333));
#1674=CARTESIAN_POINT('Ctrl Pts',(1.4579538729124,-3.86342173446207,-66.3642337974373));
#1675=CARTESIAN_POINT('Ctrl Pts',(1.44722075081113,-3.77600746981565,-66.1235069116793));
#1676=CARTESIAN_POINT('Ctrl Pts',(1.43548745539301,-3.6804474471887,-65.8706756568664));
#1677=CARTESIAN_POINT('Ctrl Pts',(1.4227077482875,-3.57636508527341,-65.5952961263522));
#1678=CARTESIAN_POINT('Ctrl Pts',(1.40874143959335,-3.46261862894827,-65.3055572882695));
#1679=CARTESIAN_POINT('Ctrl Pts',(1.39393747729848,-3.34205003151213,-65.0019647523637));
#1680=CARTESIAN_POINT('Ctrl Pts',(1.37830134537314,-3.21470395631857,-64.6813064820696));
#1681=CARTESIAN_POINT('Ctrl Pts',(1.36173056750144,-3.07974580075048,-64.3451933373217));
#1682=CARTESIAN_POINT('Ctrl Pts',(1.34463245425584,-2.94049284321359,-63.9941706897854));
#1683=CARTESIAN_POINT('Ctrl Pts',(1.32683763917241,-2.79556570455247,-63.6288448194232));
#1684=CARTESIAN_POINT('Ctrl Pts',(1.30847138583402,-2.64598457478065,-63.2473695753534));
#1685=CARTESIAN_POINT('Ctrl Pts',(1.28999213835792,-2.49548318160692,-62.8503065294347));
#1686=CARTESIAN_POINT('Ctrl Pts',(1.28805648768275,-2.47971857194486,-62.8087152604229));
#1687=CARTESIAN_POINT('Ctrl Pts',(1.28611959873817,-2.46394387738766,-62.7669529166282));
#1688=CARTESIAN_POINT('Ctrl Pts',(1.28418199981625,-2.44816340052899,-62.7250201120341));
#1689=CARTESIAN_POINT('Ctrl Pts',(1.2837081939998,-2.44430456182027,-62.7147661804842));
#1690=CARTESIAN_POINT('Ctrl Pts',(1.28323434573147,-2.44044537736872,-62.7045020560131));
#1691=CARTESIAN_POINT('Ctrl Pts',(1.28276046274,-2.43658591011988,-62.6942277475469));
#1692=CARTESIAN_POINT('Ctrl Pts',(1.28244752233665,-2.43403721506367,-62.687442852766));
#1693=CARTESIAN_POINT('Ctrl Pts',(1.28213492593294,-2.43149132165977,-62.6806613018552));
#1694=CARTESIAN_POINT('Ctrl Pts',(1.28182284505465,-2.42894962687347,-62.6738868055367));
#1695=CARTESIAN_POINT('Ctrl Pts',(1.27649302749087,-2.38554174623608,-62.5581897796161));
#1696=CARTESIAN_POINT('Ctrl Pts',(1.27129760774141,-2.3432284479577,-62.4442026424309));
#1697=CARTESIAN_POINT('Ctrl Pts',(1.26622847810183,-2.30194370008468,-62.3317211376565));
#1698=CARTESIAN_POINT('Ctrl Pts',(1.26087079808633,-2.2583088979882,-62.2128368413193));
#1699=CARTESIAN_POINT('Ctrl Pts',(1.25565414227858,-2.21582264589437,-62.0956345082746));
#1700=CARTESIAN_POINT('Ctrl Pts',(1.25056596919258,-2.17438280159656,-61.9798194564871));
#1701=CARTESIAN_POINT('Ctrl Pts',(1.2453245007638,-2.13169446692124,-61.8605151546752));
#1702=CARTESIAN_POINT('Ctrl Pts',(1.24021930634962,-2.09011599503,-61.7426828085149));
#1703=CARTESIAN_POINT('Ctrl Pts',(1.23523457310965,-2.04951860067268,-61.6259464451407));
#1704=CARTESIAN_POINT('Ctrl Pts',(1.23006183718136,-2.00739004729233,-61.5048072884611));
#1705=CARTESIAN_POINT('Ctrl Pts',(1.22501875202505,-1.96631741471357,-61.3848482580941));
#1706=CARTESIAN_POINT('Ctrl Pts',(1.22008647008337,-1.9261472019001,-61.2655940761012));
#1707=CARTESIAN_POINT('Ctrl Pts',(1.21829194396049,-1.91153195948128,-61.2222054889563));
#1708=CARTESIAN_POINT('Ctrl Pts',(1.21651207951542,-1.89703612684589,-61.1789096995215));
#1709=CARTESIAN_POINT('Ctrl Pts',(1.21474595904654,-1.88265222991375,-61.1356821333025));
#1710=CARTESIAN_POINT('Ctrl Pts',(1.20994342933408,-1.84353876420496,-61.0181354116484));
#1711=CARTESIAN_POINT('Ctrl Pts',(1.20524237646046,-1.80525176102592,-60.9010976187007));
#1712=CARTESIAN_POINT('Ctrl Pts',(1.20061449846889,-1.7675607194362,-60.7841689398497));
#1713=CARTESIAN_POINT('Ctrl Pts',(1.19562026694826,-1.72688596779073,-60.65798391625));
#1714=CARTESIAN_POINT('Ctrl Pts',(1.19071124807916,-1.68690521749935,-60.5319253143208));
#1715=CARTESIAN_POINT('Ctrl Pts',(1.18585405402405,-1.64734654644675,-60.4054262735038));
#1716=CARTESIAN_POINT('Ctrl Pts',(1.18045813303539,-1.60340029661714,-60.2648968193278));
#1717=CARTESIAN_POINT('Ctrl Pts',(1.17512614921533,-1.55997477323816,-60.1238227957012));
#1718=CARTESIAN_POINT('Ctrl Pts',(1.16981516053684,-1.51672024156547,-59.9813634297258));
#1719=CARTESIAN_POINT('Ctrl Pts',(1.16296356302963,-1.46091845788171,-59.7975795250925));
#1720=CARTESIAN_POINT('Ctrl Pts',(1.15614672936065,-1.40539980293973,-59.6114869388369));
#1721=CARTESIAN_POINT('Ctrl Pts',(1.14927876494175,-1.34946472145729,-59.4212073119838));
#1722=CARTESIAN_POINT('Ctrl Pts',(1.14363079954337,-1.30346573463968,-59.2647282327493));
#1723=CARTESIAN_POINT('Ctrl Pts',(1.13794840224355,-1.25718632248862,-59.105413482135));
#1724=CARTESIAN_POINT('Ctrl Pts',(1.13218690159373,-1.2102626652515,-58.9422339533451));
#1725=CARTESIAN_POINT('Ctrl Pts',(1.1274867711215,-1.17198317442899,-58.8091149757861));
#1726=CARTESIAN_POINT('Ctrl Pts',(1.12273405492632,-1.1332754072616,-58.6734232526976));
#1727=CARTESIAN_POINT('Ctrl Pts',(1.11790568769833,-1.09395151187534,-58.5346345287327));
#1728=CARTESIAN_POINT('Ctrl Pts',(1.11509148395049,-1.07103166163406,-58.4537418110299));
#1729=CARTESIAN_POINT('Ctrl Pts',(1.11225159977839,-1.04790266112117,-58.3717977103997));
#1730=CARTESIAN_POINT('Ctrl Pts',(1.10938161338422,-1.02452849768347,-58.2887068309666));
#1731=CARTESIAN_POINT('',(1.13600549343757,-1.24136260009485,-58.));
#1732=CARTESIAN_POINT('',(2.18767042175379,-9.80648610245317,-104.));
#1733=CARTESIAN_POINT('',(2.18767042175379,-9.80648610245317,-114.));
#1734=CARTESIAN_POINT('',(0.968976987702316,0.118975413960047,-114.));
#1735=CARTESIAN_POINT('Origin',(0.968976987702316,0.118975413960047,-104.));
#1736=CARTESIAN_POINT('',(-0.249716446349158,10.0444369303733,-114.));
#1737=CARTESIAN_POINT('',(-1.46840988040063,19.9698984467865,-114.));
#1738=CARTESIAN_POINT('',(-1.46840988040063,19.9698984467865,-104.));
#1739=CARTESIAN_POINT('Origin',(-0.249716446349158,10.0444369303733,-104.));
#1740=CARTESIAN_POINT('',(-1.46840988040063,19.9698984467865,-58.));
#1741=CARTESIAN_POINT('Ctrl Pts',(1.13600549343757,-1.24136260009485,-58.));
#1742=CARTESIAN_POINT('Ctrl Pts',(0.953111672562803,-1.26381913758281,-58.));
#1743=CARTESIAN_POINT('Ctrl Pts',(0.569837191405635,-1.30184329086472,-58.));
#1744=CARTESIAN_POINT('Ctrl Pts',(0.0276862345781665,-1.33285461192011,
-58.));
#1745=CARTESIAN_POINT('Ctrl Pts',(-0.475553810345537,-1.34671058246549,
-58.));
#1746=CARTESIAN_POINT('Ctrl Pts',(-0.732063015268122,-1.34944570903489,
-58.));
#1747=CARTESIAN_POINT('Ctrl Pts',(-0.849064406556368,-1.35003965634999,
-58.));
#1748=CARTESIAN_POINT('Ctrl Pts',(-1.18782445778105,-1.35175614735106,-58.));
#1749=CARTESIAN_POINT('Ctrl Pts',(-1.76039494722974,-1.34173312277397,-58.0000000000002));
#1750=CARTESIAN_POINT('Ctrl Pts',(-2.29690755715747,-1.30055460380976,-58.0000000000003));
#1751=CARTESIAN_POINT('Ctrl Pts',(-2.35950836124466,-1.29378847171946,-58.0000000000004));
#1752=CARTESIAN_POINT('Ctrl Pts',(-2.43831191848865,-1.28671665833066,-58.0000000000008));
#1753=CARTESIAN_POINT('Ctrl Pts',(-2.51583848424785,-1.27844750656583,-58.000000000001));
#1754=CARTESIAN_POINT('Ctrl Pts',(-2.56828972719644,-1.27280378258984,-58.0000000000015));
#1755=CARTESIAN_POINT('Ctrl Pts',(-2.59632892880886,-1.26963532200176,-58.0000000000016));
#1756=CARTESIAN_POINT('Ctrl Pts',(-2.59909706907869,-1.2693229019597,-58.0000000000016));
#1757=CARTESIAN_POINT('Ctrl Pts',(-2.80665533962362,-1.24579941569674,-58.0000000000013));
#1758=CARTESIAN_POINT('Ctrl Pts',(-3.22800713916933,-1.18748646025102,-57.9999999999996));
#1759=CARTESIAN_POINT('Ctrl Pts',(-3.76089141580714,-1.07450322622575,-58.0000000000002));
#1760=CARTESIAN_POINT('Ctrl Pts',(-4.18053955660366,-0.953562047968489,
-58.));
#1761=CARTESIAN_POINT('Ctrl Pts',(-4.38631421893843,-0.881869290586839,
-58.));
#1762=CARTESIAN_POINT('Ctrl Pts',(-4.48864679381637,-0.842609300627351,
-58.));
#1763=CARTESIAN_POINT('Ctrl Pts',(-4.70179369715306,-0.76074640195955,-58.));
#1764=CARTESIAN_POINT('Ctrl Pts',(-5.11238257457134,-0.57120678513443,-58.0000000000003));
#1765=CARTESIAN_POINT('Ctrl Pts',(-5.59529919900387,-0.238486953017846,
-57.9999999999992));
#1766=CARTESIAN_POINT('Ctrl Pts',(-5.9607825048225,0.0971137869593885,-57.9999999999991));
#1767=CARTESIAN_POINT('Ctrl Pts',(-6.13893535124852,0.292365253167943,-57.9999999999946));
#1768=CARTESIAN_POINT('Ctrl Pts',(-6.22625673517753,0.396527521168894,-57.9999999999942));
#1769=CARTESIAN_POINT('Ctrl Pts',(-6.22847640351138,0.399180496389173,-57.9999999999942));
#1770=CARTESIAN_POINT('Ctrl Pts',(-6.33170468350326,0.522755458746327,-57.9999999999951));
#1771=CARTESIAN_POINT('Ctrl Pts',(-6.5245817510568,0.777022680779659,-57.9999999999996));
#1772=CARTESIAN_POINT('Ctrl Pts',(-6.87340933743411,1.30988016648618,-57.9999999999993));
#1773=CARTESIAN_POINT('Ctrl Pts',(-7.24234093444999,1.98926617581655,-58.0000000000003));
#1774=CARTESIAN_POINT('Ctrl Pts',(-7.45767745651991,2.47606901085729,-58.));
#1775=CARTESIAN_POINT('Ctrl Pts',(-7.54326249511689,2.68621872375429,-58.));
#1776=CARTESIAN_POINT('Ctrl Pts',(1.12713086675312,-1.16908456595772,-58.0962356103222));
#1777=CARTESIAN_POINT('Ctrl Pts',(0.945401997226715,-1.19139846634721,-58.0962355345141));
#1778=CARTESIAN_POINT('Ctrl Pts',(0.564314824309092,-1.22920778809004,-58.096236243929));
#1779=CARTESIAN_POINT('Ctrl Pts',(0.0245998069959413,-1.26005688464507,
-58.0962447755905));
#1780=CARTESIAN_POINT('Ctrl Pts',(-0.476900081964274,-1.27378807188257,
-58.096266834916));
#1781=CARTESIAN_POINT('Ctrl Pts',(-0.732702723316138,-1.27644728113991,
-58.0962862359938));
#1782=CARTESIAN_POINT('Ctrl Pts',(-0.84943718586668,-1.27700070455918,-58.0962972085252));
#1783=CARTESIAN_POINT('Ctrl Pts',(-1.18740383285743,-1.27858935186427,-58.0963312803446));
#1784=CARTESIAN_POINT('Ctrl Pts',(-1.75730808115732,-1.26827542668969,-58.0964206925993));
#1785=CARTESIAN_POINT('Ctrl Pts',(-2.29041572831148,-1.22687507685576,-58.0965496035617));
#1786=CARTESIAN_POINT('Ctrl Pts',(-2.35265722668798,-1.22008424996006,-58.0965674913735));
#1787=CARTESIAN_POINT('Ctrl Pts',(-2.4309527379624,-1.21298003342287,-58.0965879061865));
#1788=CARTESIAN_POINT('Ctrl Pts',(-2.50800583404068,-1.20467864800687,-58.0966103408782));
#1789=CARTESIAN_POINT('Ctrl Pts',(-2.56012907788757,-1.19901262670207,-58.096625195959));
#1790=CARTESIAN_POINT('Ctrl Pts',(-2.58799857572298,-1.19583193322333,-58.0966337112775));
#1791=CARTESIAN_POINT('Ctrl Pts',(-2.59074960439096,-1.19551832101516,-58.0966345251303));
#1792=CARTESIAN_POINT('Ctrl Pts',(-2.79702921609578,-1.17190482889627,-58.0966966057672));
#1793=CARTESIAN_POINT('Ctrl Pts',(-3.21532123890713,-1.11346832582479,-58.0968353652588));
#1794=CARTESIAN_POINT('Ctrl Pts',(-3.74297082165415,-1.00077367724653,-58.0970306346128));
#1795=CARTESIAN_POINT('Ctrl Pts',(-4.1574592154036,-0.880637914885994,-58.0971880415212));
#1796=CARTESIAN_POINT('Ctrl Pts',(-4.36030986399239,-0.80962086611887,-58.0972644981313));
#1797=CARTESIAN_POINT('Ctrl Pts',(-4.46107757009197,-0.770792007162901,
-58.0973018040625));
#1798=CARTESIAN_POINT('Ctrl Pts',(-4.67096890131104,-0.689831899203322,
-58.0973795756304));
#1799=CARTESIAN_POINT('Ctrl Pts',(-5.07390164789411,-0.503052592551382,
-58.0975208266451));
#1800=CARTESIAN_POINT('Ctrl Pts',(-5.54641052009018,-0.176519634661165,
-58.0976979261881));
#1801=CARTESIAN_POINT('Ctrl Pts',(-5.90442593161411,0.153109778680641,-58.09784482941));
#1802=CARTESIAN_POINT('Ctrl Pts',(-6.0792327260635,0.345225975399562,-58.0979195980563));
#1803=CARTESIAN_POINT('Ctrl Pts',(-6.1650043724423,0.447819872607215,-58.0979575405304));
#1804=CARTESIAN_POINT('Ctrl Pts',(-6.16718455481276,0.450433286154341,-58.0979584985378));
#1805=CARTESIAN_POINT('Ctrl Pts',(-6.26859481065696,0.572164716990505,-58.0980031589127));
#1806=CARTESIAN_POINT('Ctrl Pts',(-6.458590693247,0.823279285407046,-58.0980856700914));
#1807=CARTESIAN_POINT('Ctrl Pts',(-6.80325096751956,1.35110433986198,-58.098234056865));
#1808=CARTESIAN_POINT('Ctrl Pts',(-7.16855195692341,2.02563594491379,-58.0984030630132));
#1809=CARTESIAN_POINT('Ctrl Pts',(-7.38159542214356,2.50908568296147,-58.0985299082263));
#1810=CARTESIAN_POINT('Ctrl Pts',(-7.46615538877704,2.71762116814131,-58.098588285782));
#1811=CARTESIAN_POINT('Ctrl Pts',(1.11825624006867,-1.09680653182059,-58.1924712206444));
#1812=CARTESIAN_POINT('Ctrl Pts',(0.937699957386049,-1.11897565476673,-58.1924712964525));
#1813=CARTESIAN_POINT('Ctrl Pts',(0.558794246115427,-1.15657218117146,-58.1924726335782));
#1814=CARTESIAN_POINT('Ctrl Pts',(0.0215051033673948,-1.18725741511766,
-58.1924899421187));
#1815=CARTESIAN_POINT('Ctrl Pts',(-0.478236408967823,-1.20086168899269,
-58.1925346809544));
#1816=CARTESIAN_POINT('Ctrl Pts',(-0.733356004161411,-1.2034470977978,-58.1925729225401));
#1817=CARTESIAN_POINT('Ctrl Pts',(-0.849795418961552,-1.20395754925143,
-58.1925954960703));
#1818=CARTESIAN_POINT('Ctrl Pts',(-1.18694814535731,-1.20544219129508,-58.1926586919074));
#1819=CARTESIAN_POINT('Ctrl Pts',(-1.75419648854428,-1.19480889699669,-58.1928435032627));
#1820=CARTESIAN_POINT('Ctrl Pts',(-2.28391278655347,-1.15320221346688,-58.1930974036415));
#1821=CARTESIAN_POINT('Ctrl Pts',(-2.34579367819033,-1.14637970937765,-58.1931346618082));
#1822=CARTESIAN_POINT('Ctrl Pts',(-2.42358137200139,-1.13924603515854,-58.1931750823429));
#1823=CARTESIAN_POINT('Ctrl Pts',(-2.50016650137602,-1.13091089309284,-58.1932196669712));
#1824=CARTESIAN_POINT('Ctrl Pts',(-2.55196722476605,-1.12522262336345,-58.1932502444477));
#1825=CARTESIAN_POINT('Ctrl Pts',(-2.57966164384784,-1.12202967030931,-58.1932668502872));
#1826=CARTESIAN_POINT('Ctrl Pts',(-2.58239590507026,-1.12171483611486,-58.1932685126884));
#1827=CARTESIAN_POINT('Ctrl Pts',(-2.78740241265381,-1.09801136584142,-58.1933926463018));
#1828=CARTESIAN_POINT('Ctrl Pts',(-3.20263463593111,-1.03944892462949,-58.1936709527788));
#1829=CARTESIAN_POINT('Ctrl Pts',(-3.72505028613292,-0.927044310827461,
-58.1940611825868));
#1830=CARTESIAN_POINT('Ctrl Pts',(-4.13437854322799,-0.807715543949806,
-58.1943760895624));
#1831=CARTESIAN_POINT('Ctrl Pts',(-4.33430502901013,-0.737371619060825,
-58.1945290919096));
#1832=CARTESIAN_POINT('Ctrl Pts',(-4.43350782727608,-0.69897601091755,-58.1946036629683));
#1833=CARTESIAN_POINT('Ctrl Pts',(-4.64012642187008,-0.618917121478654,
-58.1947588964758));
#1834=CARTESIAN_POINT('Ctrl Pts',(-5.03544458109429,-0.434895888242648,
-58.1950416215239));
#1835=CARTESIAN_POINT('Ctrl Pts',(-5.49751056452607,-0.114559631270393,
-58.1953959933725));
#1836=CARTESIAN_POINT('Ctrl Pts',(-5.84807979471765,0.209126547895035,-58.1956892168178));
#1837=CARTESIAN_POINT('Ctrl Pts',(-6.01952814402433,0.398067310026212,-58.1958396187447));
#1838=CARTESIAN_POINT('Ctrl Pts',(-6.103751635719,0.499112690167335,-58.1959150843204));
#1839=CARTESIAN_POINT('Ctrl Pts',(-6.10589279011517,0.501686115643673,-58.1959170095453));
#1840=CARTESIAN_POINT('Ctrl Pts',(-6.20546110887566,0.621564025730134,-58.1960064268472));
#1841=CARTESIAN_POINT('Ctrl Pts',(-6.39261267076398,0.869543517602676,-58.1961712011011));
#1842=CARTESIAN_POINT('Ctrl Pts',(-6.73308769074188,1.39232258645222,-58.1964681998282));
#1843=CARTESIAN_POINT('Ctrl Pts',(-7.09476103489053,2.06201414353081,-58.1968059871718));
#1844=CARTESIAN_POINT('Ctrl Pts',(-7.30551470785383,2.54208545247245,-58.1970601680049));
#1845=CARTESIAN_POINT('Ctrl Pts',(-7.38904828243719,2.74902361252834,-58.1971765715639));
#1846=CARTESIAN_POINT('Ctrl Pts',(1.10938161338422,-1.02452849768347,-58.2887068309666));
#1847=CARTESIAN_POINT('Ctrl Pts',(0.929990282049961,-1.04655498353113,-58.2887068309666));
#1848=CARTESIAN_POINT('Ctrl Pts',(0.553271879018883,-1.08393667839677,-58.2887088775072));
#1849=CARTESIAN_POINT('Ctrl Pts',(0.0184186757851696,-1.11445968784263,
-58.2887347177091));
#1850=CARTESIAN_POINT('Ctrl Pts',(-0.47958268058656,-1.12793917840976,-58.2888015158704));
#1851=CARTESIAN_POINT('Ctrl Pts',(-0.733995712209427,-1.13044866990281,
-58.2888591585339));
#1852=CARTESIAN_POINT('Ctrl Pts',(-0.850168198271864,-1.13091859746062,
-58.2888927045955));
#1853=CARTESIAN_POINT('Ctrl Pts',(-1.18652752043368,-1.13227539580829,-58.288989972252));
#1854=CARTESIAN_POINT('Ctrl Pts',(-1.75110962247185,-1.1213512009124,-58.2892641958617));
#1855=CARTESIAN_POINT('Ctrl Pts',(-2.27742095770747,-1.07952268651288,-58.2896470072029));
#1856=CARTESIAN_POINT('Ctrl Pts',(-2.33894254363365,-1.07267548761825,-58.2897021531813));
#1857=CARTESIAN_POINT('Ctrl Pts',(-2.41622219147514,-1.06550941025074,-58.2897629885286));
#1858=CARTESIAN_POINT('Ctrl Pts',(-2.49233385116885,-1.05714203453389,-58.2898300078483));
#1859=CARTESIAN_POINT('Ctrl Pts',(-2.54380657545718,-1.05143146747568,-58.2898754404052));
#1860=CARTESIAN_POINT('Ctrl Pts',(-2.57133129076196,-1.04822628153087,-58.2899005615631));
#1861=CARTESIAN_POINT('Ctrl Pts',(-2.57404844038253,-1.04791025517031,-58.2899030378172));
#1862=CARTESIAN_POINT('Ctrl Pts',(-2.77777628912597,-1.02411677904094,-58.2900892520678));
#1863=CARTESIAN_POINT('Ctrl Pts',(-3.18994873566891,-0.965430790203263,
-58.2905063180379));
#1864=CARTESIAN_POINT('Ctrl Pts',(-3.70712969197992,-0.853314761848246,
-58.2910918171994));
#1865=CARTESIAN_POINT('Ctrl Pts',(-4.11129820202793,-0.734791410867312,
-58.2915641310836));
#1866=CARTESIAN_POINT('Ctrl Pts',(-4.30830067406409,-0.665123194592857,
-58.2917935900409));
#1867=CARTESIAN_POINT('Ctrl Pts',(-4.40593860355168,-0.6271587174531,-58.2919054670308));
#1868=CARTESIAN_POINT('Ctrl Pts',(-4.60930162602807,-0.548002618722426,
-58.2921384721062));
#1869=CARTESIAN_POINT('Ctrl Pts',(-4.99696365441706,-0.3667416956596,-58.2925624481687));
#1870=CARTESIAN_POINT('Ctrl Pts',(-5.44862188561238,-0.0525923129137119,
-58.2930939195614));
#1871=CARTESIAN_POINT('Ctrl Pts',(-5.79172322150926,0.265122539616288,-58.2935340462288));
#1872=CARTESIAN_POINT('Ctrl Pts',(-5.95982551883931,0.450928032257831,-58.2937592168064));
#1873=CARTESIAN_POINT('Ctrl Pts',(-6.04249927298377,0.550405041605656,-58.2938726248566));
#1874=CARTESIAN_POINT('Ctrl Pts',(-6.04460094141655,0.552938905408842,-58.2938755080889));
#1875=CARTESIAN_POINT('Ctrl Pts',(-6.14235123602935,0.670973283974311,-58.2940095857648));
#1876=CARTESIAN_POINT('Ctrl Pts',(-6.32662161295417,0.915800122230063,-58.2942568711929));
#1877=CARTESIAN_POINT('Ctrl Pts',(-6.66292932082733,1.43354675982802,-58.2947022566939));
#1878=CARTESIAN_POINT('Ctrl Pts',(-7.02097205736395,2.09838391262804,-58.2952090501846));
#1879=CARTESIAN_POINT('Ctrl Pts',(-7.22943267347748,2.57510212457662,-58.2955900762312));
#1880=CARTESIAN_POINT('Ctrl Pts',(-7.31194117609734,2.78042605691537,-58.2957648573459));
#1881=CARTESIAN_POINT('',(-7.31194117609734,2.78042605691537,-58.2957648573459));
#1882=CARTESIAN_POINT('Ctrl Pts',(1.10938161338422,-1.02452849768347,-58.2887068309666));
#1883=CARTESIAN_POINT('Ctrl Pts',(0.929990282049961,-1.04655498353113,-58.2887068309666));
#1884=CARTESIAN_POINT('Ctrl Pts',(0.553271879018883,-1.08393667839677,-58.2887088775072));
#1885=CARTESIAN_POINT('Ctrl Pts',(0.0184186757851696,-1.11445968784263,
-58.2887347177091));
#1886=CARTESIAN_POINT('Ctrl Pts',(-0.47958268058656,-1.12793917840976,-58.2888015158704));
#1887=CARTESIAN_POINT('Ctrl Pts',(-0.733995712209427,-1.13044866990281,
-58.2888591585339));
#1888=CARTESIAN_POINT('Ctrl Pts',(-0.850168198271864,-1.13091859746062,
-58.2888927045955));
#1889=CARTESIAN_POINT('Ctrl Pts',(-1.18652752043368,-1.13227539580829,-58.288989972252));
#1890=CARTESIAN_POINT('Ctrl Pts',(-1.75110962247185,-1.1213512009124,-58.2892641958617));
#1891=CARTESIAN_POINT('Ctrl Pts',(-2.27742095770747,-1.07952268651288,-58.2896470072029));
#1892=CARTESIAN_POINT('Ctrl Pts',(-2.33894254363365,-1.07267548761825,-58.2897021531813));
#1893=CARTESIAN_POINT('Ctrl Pts',(-2.41622219147514,-1.06550941025074,-58.2897629885286));
#1894=CARTESIAN_POINT('Ctrl Pts',(-2.49233385116885,-1.05714203453389,-58.2898300078483));
#1895=CARTESIAN_POINT('Ctrl Pts',(-2.54380657545718,-1.05143146747568,-58.2898754404052));
#1896=CARTESIAN_POINT('Ctrl Pts',(-2.57133129076196,-1.04822628153087,-58.2899005615631));
#1897=CARTESIAN_POINT('Ctrl Pts',(-2.57404844038253,-1.04791025517031,-58.2899030378172));
#1898=CARTESIAN_POINT('Ctrl Pts',(-2.77777628912597,-1.02411677904094,-58.2900892520678));
#1899=CARTESIAN_POINT('Ctrl Pts',(-3.18994873566891,-0.965430790203263,
-58.2905063180379));
#1900=CARTESIAN_POINT('Ctrl Pts',(-3.70712969197992,-0.853314761848246,
-58.2910918171994));
#1901=CARTESIAN_POINT('Ctrl Pts',(-4.11129820202793,-0.734791410867312,
-58.2915641310836));
#1902=CARTESIAN_POINT('Ctrl Pts',(-4.30830067406409,-0.665123194592857,
-58.2917935900409));
#1903=CARTESIAN_POINT('Ctrl Pts',(-4.40593860355168,-0.6271587174531,-58.2919054670308));
#1904=CARTESIAN_POINT('Ctrl Pts',(-4.60930162602807,-0.548002618722426,
-58.2921384721062));
#1905=CARTESIAN_POINT('Ctrl Pts',(-4.99696365441706,-0.3667416956596,-58.2925624481687));
#1906=CARTESIAN_POINT('Ctrl Pts',(-5.44862188561238,-0.0525923129137119,
-58.2930939195614));
#1907=CARTESIAN_POINT('Ctrl Pts',(-5.79172322150926,0.265122539616288,-58.2935340462288));
#1908=CARTESIAN_POINT('Ctrl Pts',(-5.95982551883931,0.450928032257831,-58.2937592168064));
#1909=CARTESIAN_POINT('Ctrl Pts',(-6.04249927298377,0.550405041605656,-58.2938726248566));
#1910=CARTESIAN_POINT('Ctrl Pts',(-6.04460094141655,0.552938905408842,-58.2938755080889));
#1911=CARTESIAN_POINT('Ctrl Pts',(-6.14235123602935,0.670973283974311,-58.2940095857648));
#1912=CARTESIAN_POINT('Ctrl Pts',(-6.32662161295417,0.915800122230063,-58.2942568711929));
#1913=CARTESIAN_POINT('Ctrl Pts',(-6.66292932082733,1.43354675982802,-58.2947022566939));
#1914=CARTESIAN_POINT('Ctrl Pts',(-7.02097205736395,2.09838391262804,-58.2952090501846));
#1915=CARTESIAN_POINT('Ctrl Pts',(-7.22943267347748,2.57510212457662,-58.2955900762312));
#1916=CARTESIAN_POINT('Ctrl Pts',(-7.31194117609734,2.78042605691537,-58.2957648573459));
#1917=CARTESIAN_POINT('',(-7.31194117609734,2.78042605691537,-58.2957648573459));
#1918=CARTESIAN_POINT('Ctrl Pts',(-7.5424273890855,2.68416877797975,-58.));
#1919=CARTESIAN_POINT('Ctrl Pts',(-7.6662141347395,2.98793157376718,-58.));
#1920=CARTESIAN_POINT('Ctrl Pts',(-7.86397066992163,3.55738283445177,-58.));
#1921=CARTESIAN_POINT('Ctrl Pts',(-8.03218749418352,4.32612481926733,-58.));
#1922=CARTESIAN_POINT('Ctrl Pts',(-8.07028985759455,4.79720806925989,-58.));
#1923=CARTESIAN_POINT('Ctrl Pts',(-8.07295773212674,5.02615480189156,-58.));
#1924=CARTESIAN_POINT('Ctrl Pts',(-8.07415607360585,5.14746370351169,-58.));
#1925=CARTESIAN_POINT('Ctrl Pts',(-8.06805030284393,5.37952550537961,-58.));
#1926=CARTESIAN_POINT('Ctrl Pts',(-8.02293848371096,5.85093026233598,-58.));
#1927=CARTESIAN_POINT('Ctrl Pts',(-7.90455078943734,6.45688455165804,-58.));
#1928=CARTESIAN_POINT('Ctrl Pts',(-7.74187830713047,6.96692465509082,-58.));
#1929=CARTESIAN_POINT('Ctrl Pts',(-7.63766525528137,7.23709711753334,-58.));
#1930=CARTESIAN_POINT('Ctrl Pts',(-7.55447622826643,7.4517836996071,-58.));
#1931=CARTESIAN_POINT('Ctrl Pts',(-7.36716270907495,7.88168188635108,-58.));
#1932=CARTESIAN_POINT('Ctrl Pts',(-6.97697420636566,8.54355328197711,-58.));
#1933=CARTESIAN_POINT('Ctrl Pts',(-6.62494390800951,8.98050324982891,-58.));
#1934=CARTESIAN_POINT('Ctrl Pts',(-6.41742568060393,9.19857831517584,-58.));
#1935=CARTESIAN_POINT('Ctrl Pts',(-6.25984817951382,9.36334375672622,-58.0000000000001));
#1936=CARTESIAN_POINT('Ctrl Pts',(-5.92527235082817,9.67691295790442,-58.0000000000001));
#1937=CARTESIAN_POINT('Ctrl Pts',(-5.2970832647425,10.1784390282366,-58.0000000000001));
#1938=CARTESIAN_POINT('Ctrl Pts',(-4.73844485754145,10.5706934595728,-58.0000000000002));
#1939=CARTESIAN_POINT('Ctrl Pts',(-4.46356010899135,10.7589719004074,-58.0000000000002));
#1940=CARTESIAN_POINT('Ctrl Pts',(-4.07458407709033,11.0248501103545,-58.0000000000002));
#1941=CARTESIAN_POINT('Ctrl Pts',(-3.59919183900799,11.3485050577243,-58.0000000000001));
#1942=CARTESIAN_POINT('Ctrl Pts',(-2.94458509201745,11.6847318608762,-58.));
#1943=CARTESIAN_POINT('Ctrl Pts',(-2.63665659223956,11.822970584721,-58.));
#1944=CARTESIAN_POINT('Ctrl Pts',(-2.03001542732252,12.0522422794983,-58.));
#1945=CARTESIAN_POINT('Ctrl Pts',(-1.20277782702898,12.2525318350525,-58.));
#1946=CARTESIAN_POINT('Ctrl Pts',(-0.469982212370002,12.3386592579006,-58.));
#1947=CARTESIAN_POINT('Ctrl Pts',(-7.46514466690147,2.71566238401962,-58.0988248797827));
#1948=CARTESIAN_POINT('Ctrl Pts',(-7.58745089372458,3.01710067611022,-58.0989092668643));
#1949=CARTESIAN_POINT('Ctrl Pts',(-7.78214068890215,3.58120794274718,-58.0990838514249));
#1950=CARTESIAN_POINT('Ctrl Pts',(-7.94631668404628,4.3395258950361,-58.0993181998442));
#1951=CARTESIAN_POINT('Ctrl Pts',(-7.98278643312738,4.80239242969531,-58.0994350183022));
#1952=CARTESIAN_POINT('Ctrl Pts',(-7.98504390170791,5.02712726607183,-58.0994804262978));
#1953=CARTESIAN_POINT('Ctrl Pts',(-7.98602732199915,5.14620584889977,-58.0995043091421));
#1954=CARTESIAN_POINT('Ctrl Pts',(-7.97971517234792,5.37407355901722,-58.0995428077044));
#1955=CARTESIAN_POINT('Ctrl Pts',(-7.93490989670127,5.83745995996485,-58.0995976363116));
#1956=CARTESIAN_POINT('Ctrl Pts',(-7.81799417223985,6.43433127343016,-58.0996357293543));
#1957=CARTESIAN_POINT('Ctrl Pts',(-7.65709655060458,6.93785621729432,-58.0996709122751));
#1958=CARTESIAN_POINT('Ctrl Pts',(-7.55383441698908,7.20471065241092,-58.0997025788804));
#1959=CARTESIAN_POINT('Ctrl Pts',(-7.47140520817908,7.41676852799492,-58.0997279434639));
#1960=CARTESIAN_POINT('Ctrl Pts',(-7.28589915671461,7.84055735516669,-58.0998036064818));
#1961=CARTESIAN_POINT('Ctrl Pts',(-6.90033760364012,8.49064086239013,-58.0999724446257));
#1962=CARTESIAN_POINT('Ctrl Pts',(-6.55307342583002,8.91890009029366,-58.1000817627321));
#1963=CARTESIAN_POINT('Ctrl Pts',(-6.34835368648697,9.13273982217241,-58.1001247443118));
#1964=CARTESIAN_POINT('Ctrl Pts',(-6.1929125014442,9.29429360168465,-58.1001572721293));
#1965=CARTESIAN_POINT('Ctrl Pts',(-5.86201324909659,9.60281170998885,-58.1002031474796));
#1966=CARTESIAN_POINT('Ctrl Pts',(-5.23818820242913,10.0987653230642,-58.1002378313015));
#1967=CARTESIAN_POINT('Ctrl Pts',(-4.68140228421642,10.4884238910858,-58.100241583241));
#1968=CARTESIAN_POINT('Ctrl Pts',(-4.40677751874908,10.6760631497145,-58.1002402492636));
#1969=CARTESIAN_POINT('Ctrl Pts',(-4.01817490429628,10.9411366831841,-58.100238342808));
#1970=CARTESIAN_POINT('Ctrl Pts',(-3.54539954844465,11.2619020104952,-58.1002328277703));
#1971=CARTESIAN_POINT('Ctrl Pts',(-2.90012221392267,11.5923113443881,-58.1002152191516));
#1972=CARTESIAN_POINT('Ctrl Pts',(-2.59746397998697,11.7277563267077,-58.1002057731029));
#1973=CARTESIAN_POINT('Ctrl Pts',(-2.00132844948318,11.9523531071673,-58.1001862552977));
#1974=CARTESIAN_POINT('Ctrl Pts',(-1.1848185242675,12.1500552319586,-58.1001772277642));
#1975=CARTESIAN_POINT('Ctrl Pts',(-0.457825268675312,12.2356452948389,-58.1001796475475));
#1976=CARTESIAN_POINT('Ctrl Pts',(-7.38786231279225,2.74715609391521,-58.1976497611633));
#1977=CARTESIAN_POINT('Ctrl Pts',(-7.50867790287554,3.04626697889771,-58.1978184911431));
#1978=CARTESIAN_POINT('Ctrl Pts',(-7.70031911701619,3.60504311505602,-58.1981677805576));
#1979=CARTESIAN_POINT('Ctrl Pts',(-7.86043700291932,4.35291988949586,-58.1986363570849));
#1980=CARTESIAN_POINT('Ctrl Pts',(-7.89529814993881,4.80757710050157,-58.1988698648659));
#1981=CARTESIAN_POINT('Ctrl Pts',(-7.89712919766029,5.02810034978866,-58.1989608580935));
#1982=CARTESIAN_POINT('Ctrl Pts',(-7.89789669062893,5.14493558116216,-58.1990087022484));
#1983=CARTESIAN_POINT('Ctrl Pts',(-7.89138032491669,5.36861086368384,-58.1990857874348));
#1984=CARTESIAN_POINT('Ctrl Pts',(-7.84687945751285,5.82398429189512,-58.1991953276689));
#1985=CARTESIAN_POINT('Ctrl Pts',(-7.73144655071104,6.41176094113589,-58.1992715584529));
#1986=CARTESIAN_POINT('Ctrl Pts',(-7.57230922898188,6.90879619731435,-58.19934170613));
#1987=CARTESIAN_POINT('Ctrl Pts',(-7.47000120551546,7.17234489172742,-58.1994050794116));
#1988=CARTESIAN_POINT('Ctrl Pts',(-7.388320405082,7.38176652834124,-58.1994564270724));
#1989=CARTESIAN_POINT('Ctrl Pts',(-7.20463357905341,7.79947680483682,-58.1996067026814));
#1990=CARTESIAN_POINT('Ctrl Pts',(-6.82368662153884,8.43775332906468,-58.1999453228838));
#1991=CARTESIAN_POINT('Ctrl Pts',(-6.48116537808903,8.85743309629698,-58.2001620703258));
#1992=CARTESIAN_POINT('Ctrl Pts',(-6.27927790399766,9.06695197171991,-58.2002499309797));
#1993=CARTESIAN_POINT('Ctrl Pts',(-6.12597420873863,9.22527340665981,-58.2003152082868));
#1994=CARTESIAN_POINT('Ctrl Pts',(-5.79873247287884,9.52882106329619,-58.2004064358758));
#1995=CARTESIAN_POINT('Ctrl Pts',(-5.17929258802977,10.0191963544841,-58.2004769923385));
#1996=CARTESIAN_POINT('Ctrl Pts',(-4.62428454226372,10.4064076654474,-58.2004832865194));
#1997=CARTESIAN_POINT('Ctrl Pts',(-4.349971829655,10.5933563595641,-58.2004817692832));
#1998=CARTESIAN_POINT('Ctrl Pts',(-3.96174321111991,10.8573546804075,-58.2004795775664));
#1999=CARTESIAN_POINT('Ctrl Pts',(-3.4915539381847,11.1755037622207,-58.2004682486827));
#2000=CARTESIAN_POINT('Ctrl Pts',(-2.85567081894916,11.5000281626057,-58.2004331889304));
#2001=CARTESIAN_POINT('Ctrl Pts',(-2.55828873516353,11.6327161628414,-58.20041487759));
#2002=CARTESIAN_POINT('Ctrl Pts',(-1.97260812875731,11.8525241864055,-58.2003734784006));
#2003=CARTESIAN_POINT('Ctrl Pts',(-1.16676329202977,12.0479474693424,-58.2003603482936));
#2004=CARTESIAN_POINT('Ctrl Pts',(-0.44567666208393,12.1325993868003,-58.2003587847146));
#2005=CARTESIAN_POINT('Ctrl Pts',(-7.31057958883735,2.77864969945543,-58.2964746409383));
#2006=CARTESIAN_POINT('Ctrl Pts',(-7.42991470876903,3.07543609470997,-58.2967277582122));
#2007=CARTESIAN_POINT('Ctrl Pts',(-7.61848909553867,3.62886817493143,-58.2972516316086));
#2008=CARTESIAN_POINT('Ctrl Pts',(-7.7745662354622,4.36632099933423,-58.2979545571341));
#2009=CARTESIAN_POINT('Ctrl Pts',(-7.8077946526239,4.81276145944374,-58.2983048839943));
#2010=CARTESIAN_POINT('Ctrl Pts',(-7.80921537144466,5.02907281098823,-58.2984412843648));
#2011=CARTESIAN_POINT('Ctrl Pts',(-7.80976794806615,5.14367778627228,-58.2985130109864));
#2012=CARTESIAN_POINT('Ctrl Pts',(-7.80304519305881,5.36315896903691,-58.2986285943116));
#2013=CARTESIAN_POINT('Ctrl Pts',(-7.75885087941437,5.81051401533945,-58.2987929637156));
#2014=CARTESIAN_POINT('Ctrl Pts',(-7.64488989023358,6.38920774495855,-58.2989072873273));
#2015=CARTESIAN_POINT('Ctrl Pts',(-7.48752749923078,6.87972771901804,-58.2990126189746));
#2016=CARTESIAN_POINT('Ctrl Pts',(-7.386170378641,7.13995832699179,-58.299107658669));
#2017=CARTESIAN_POINT('Ctrl Pts',(-7.30524945130746,7.34675129335612,-58.2991843679375));
#2018=CARTESIAN_POINT('Ctrl Pts',(-7.12337003643721,7.75835206205171,-58.2994103116181));
#2019=CARTESIAN_POINT('Ctrl Pts',(-6.74705008799536,8.38484078974492,-58.2999177654232));
#2020=CARTESIAN_POINT('Ctrl Pts',(-6.40929507664498,8.79582928164201,-58.300243840059));
#2021=CARTESIAN_POINT('Ctrl Pts',(-6.21020592810732,9.001113235065,-58.3003746731632));
#2022=CARTESIAN_POINT('Ctrl Pts',(-6.05903854324854,9.15622310747458,-58.3004724772214));
#2023=CARTESIAN_POINT('Ctrl Pts',(-5.73547347542756,9.45471928325594,-58.3006095826773));
#2024=CARTESIAN_POINT('Ctrl Pts',(-5.12039752837261,9.93952214540292,-58.3007148172421));
#2025=CARTESIAN_POINT('Ctrl Pts',(-4.56724233059002,10.324136878077,-58.3007248691828));
#2026=CARTESIAN_POINT('Ctrl Pts',(-4.29318935054594,10.5104466371986,-58.3007220124327));
#2027=CARTESIAN_POINT('Ctrl Pts',(-3.90533414667594,10.7736415831681,-58.3007179064604));
#2028=CARTESIAN_POINT('Ctrl Pts',(-3.43776190415311,11.0888997296629,-58.3007010639769));
#2029=CARTESIAN_POINT('Ctrl Pts',(-2.81120788560678,11.4076069853728,-58.3006483948481));
#2030=CARTESIAN_POINT('Ctrl Pts',(-2.51909603935275,11.5375010672263,-58.3006206346648));
#2031=CARTESIAN_POINT('Ctrl Pts',(-1.94392131133728,11.7526347241922,-58.3005597290418));
#2032=CARTESIAN_POINT('Ctrl Pts',(-1.14880445080423,11.945469091683,-58.3005375477065));
#2033=CARTESIAN_POINT('Ctrl Pts',(-0.433519678277762,12.0295855774322,-58.3005384347177));
#2034=CARTESIAN_POINT('',(-7.31557076207632,2.78947153500362,-58.2957725647503));
#2035=CARTESIAN_POINT('',(-7.5470276864991,2.69547712551172,-58.));
#2036=CARTESIAN_POINT('Ctrl Pts',(-7.31557076207631,2.78947153500362,-58.2957725647503));
#2037=CARTESIAN_POINT('Ctrl Pts',(-7.69022439180509,3.72453141224497,-58.2965701081086));
#2038=CARTESIAN_POINT('Ctrl Pts',(-7.81206733933935,4.45237778949047,-58.2973653486155));
#2039=CARTESIAN_POINT('Ctrl Pts',(-7.8090558754257,5.31796053211551,-58.297890822316));
#2040=CARTESIAN_POINT('Ctrl Pts',(-7.78866691066928,5.56218785559513,-58.2980065439567));
#2041=CARTESIAN_POINT('Ctrl Pts',(-7.73071771746016,5.94253746243402,-58.2980906818287));
#2042=CARTESIAN_POINT('Ctrl Pts',(-7.7043099972263,6.07994103014177,-58.2980951685718));
#2043=CARTESIAN_POINT('Ctrl Pts',(-7.63756995980703,6.37178751506055,-58.2981497420851));
#2044=CARTESIAN_POINT('Ctrl Pts',(-7.59569203721941,6.52631492771554,-58.2982764049679));
#2045=CARTESIAN_POINT('Ctrl Pts',(-7.49422252245875,6.85332634375406,-58.2983890791222));
#2046=CARTESIAN_POINT('Ctrl Pts',(-7.43187185651951,7.02806824409546,-58.2983169034519));
#2047=CARTESIAN_POINT('Ctrl Pts',(-7.29956386720583,7.35909047870959,-58.2984480773963));
#2048=CARTESIAN_POINT('Ctrl Pts',(-7.22767750564213,7.52057182734298,-58.2985894197606));
#2049=CARTESIAN_POINT('Ctrl Pts',(-7.06786024681647,7.83919297052095,-58.298781958815));
#2050=CARTESIAN_POINT('Ctrl Pts',(-6.98054069498116,7.99473306601054,-58.2988250102968));
#2051=CARTESIAN_POINT('Ctrl Pts',(-6.79235019718277,8.29312525237833,-58.2990752743021));
#2052=CARTESIAN_POINT('Ctrl Pts',(-6.69288653961396,8.43474000165697,-58.2992344155026));
#2053=CARTESIAN_POINT('Ctrl Pts',(-6.48036355888464,8.70696313674976,-58.2993720951973));
#2054=CARTESIAN_POINT('Ctrl Pts',(-6.36842142639444,8.83647580603167,-58.2993807815925));
#2055=CARTESIAN_POINT('Ctrl Pts',(-6.18859780885801,9.02549760338097,-58.2994789149253));
#2056=CARTESIAN_POINT('Ctrl Pts',(-6.1257170482273,9.0883437329925,-58.2995293726115));
#2057=CARTESIAN_POINT('Ctrl Pts',(-5.90912601209374,9.29613394822939,-58.2995345555068));
#2058=CARTESIAN_POINT('Ctrl Pts',(-5.74692681369153,9.43723540844952,-58.2994200144151));
#2059=CARTESIAN_POINT('Ctrl Pts',(-5.47658858844221,9.65808777570668,-58.2996417581414));
#2060=CARTESIAN_POINT('Ctrl Pts',(-5.3679539268424,9.74321185669525,-58.2997198653772));
#2061=CARTESIAN_POINT('Ctrl Pts',(-5.05591114428484,9.98018040269634,-58.2996553489399));
#2062=CARTESIAN_POINT('Ctrl Pts',(-4.84844662066627,10.1287975166993,-58.2991805566727));
#2063=CARTESIAN_POINT('Ctrl Pts',(-4.55025484295022,10.3362504632028,-58.2993116393681));
#2064=CARTESIAN_POINT('Ctrl Pts',(-4.46177291381022,10.3970420754136,-58.2994108902942));
#2065=CARTESIAN_POINT('Ctrl Pts',(-4.30181069802785,10.5061765731398,-58.2994935729231));
#2066=CARTESIAN_POINT('Ctrl Pts',(-4.21253454784344,10.566830482092,-58.2994246269405));
#2067=CARTESIAN_POINT('Ctrl Pts',(-3.8652996837587,10.8005630424954,-58.2998983602713));
#2068=CARTESIAN_POINT('Ctrl Pts',(-3.56731223965273,10.9954086070907,-58.3007037888896));
#2069=CARTESIAN_POINT('Ctrl Pts',(-3.17066017837428,11.2218660986679,-58.2999446667065));
#2070=CARTESIAN_POINT('Ctrl Pts',(-3.06535400640612,11.2790010455004,-58.299585444855));
#2071=CARTESIAN_POINT('Ctrl Pts',(-2.86499719244937,11.380649432072,-58.2994530591764));
#2072=CARTESIAN_POINT('Ctrl Pts',(-2.77162587759045,11.4252179694162,-58.2997912575242));
#2073=CARTESIAN_POINT('Ctrl Pts',(-2.59336574040611,11.504418318603,-58.299738653784));
#2074=CARTESIAN_POINT('Ctrl Pts',(-2.50943563076202,11.5393333322897,-58.2994814115725));
#2075=CARTESIAN_POINT('Ctrl Pts',(-2.34792164020514,11.6017066709908,-58.2996681605679));
#2076=CARTESIAN_POINT('Ctrl Pts',(-2.27196315788839,11.629169855021,-58.2997519582467));
#2077=CARTESIAN_POINT('Ctrl Pts',(-1.92326508693386,11.7475354499854,-58.2995227586181));
#2078=CARTESIAN_POINT('Ctrl Pts',(-1.6433695410902,11.8213146423814,-58.2988009916782));
#2079=CARTESIAN_POINT('Ctrl Pts',(-1.07489387753308,11.9412757980023,-58.2991280326904));
#2080=CARTESIAN_POINT('Ctrl Pts',(-0.783360737791495,11.987536534369,-58.299817157061));
#2081=CARTESIAN_POINT('Ctrl Pts',(-0.492681374170095,12.0232274723948,-58.299817157061));
#2082=CARTESIAN_POINT('Ctrl Pts',(-7.54326249511689,2.68621872375429,-58.));
#2083=CARTESIAN_POINT('Ctrl Pts',(-7.54452230275029,2.68931211737545,-58.));
#2084=CARTESIAN_POINT('Ctrl Pts',(-7.54577736762992,2.69239827261427,-58.));
#2085=CARTESIAN_POINT('Ctrl Pts',(-7.5470276864991,2.69547712551172,-58.));
#2086=CARTESIAN_POINT('Ctrl Pts',(-7.46615538877704,2.71762116814131,-58.098588285782));
#2087=CARTESIAN_POINT('Ctrl Pts',(-7.46740010092345,2.72069088334359,-58.0985891433718));
#2088=CARTESIAN_POINT('Ctrl Pts',(-7.46864009865197,2.72375338024141,-58.0985899997265));
#2089=CARTESIAN_POINT('Ctrl Pts',(-7.46987537835817,2.72680859534235,-58.0985908549168));
#2090=CARTESIAN_POINT('Ctrl Pts',(-7.38904828243719,2.74902361252834,-58.1971765715639));
#2091=CARTESIAN_POINT('Ctrl Pts',(-7.39027789909662,2.75206964931172,-58.1971782867437));
#2092=CARTESIAN_POINT('Ctrl Pts',(-7.39150282967403,2.75510848786854,-58.1971799994531));
#2093=CARTESIAN_POINT('Ctrl Pts',(-7.39272307021724,2.75814006517298,-58.1971817098335));
#2094=CARTESIAN_POINT('Ctrl Pts',(-7.31194117609734,2.78042605691537,-58.2957648573459));
#2095=CARTESIAN_POINT('Ctrl Pts',(-7.31315569726979,2.78344841527986,-58.2957674301155));
#2096=CARTESIAN_POINT('Ctrl Pts',(-7.31436556069608,2.78646359549568,-58.2957699991796));
#2097=CARTESIAN_POINT('Ctrl Pts',(-7.31557076207631,2.78947153500362,-58.2957725647503));
#2098=CARTESIAN_POINT('',(-7.31194117609734,2.78042605691537,-58.2957648573459));
#2099=CARTESIAN_POINT('Origin',(-0.249716446349158,10.0444369303733,-104.));
#2100=CARTESIAN_POINT('',(-4.21990105291445,9.55695955675268,-114.));
#2101=CARTESIAN_POINT('',(-0.249716446349158,10.0444369303733,-114.));
#2102=CARTESIAN_POINT('',(-5.43859448696592,19.4824210731659,-104.));
#2103=CARTESIAN_POINT('Origin',(-4.21990105291445,9.55695955675268,-104.));
#2104=CARTESIAN_POINT('',(-1.46840988040063,19.9698984467865,-104.));
#2105=CARTESIAN_POINT('Ctrl Pts',(-4.21990105291409,9.55695955674979,-114.));
#2106=CARTESIAN_POINT('Ctrl Pts',(-6.20499335620191,9.31322086994615,-113.999999999999));
#2107=CARTESIAN_POINT('Ctrl Pts',(-5.96125466938346,7.32812856666015,-114.));
#2108=CARTESIAN_POINT('Ctrl Pts',(-5.43859448693007,19.4824210731708,-114.000000000003));
#2109=CARTESIAN_POINT('Ctrl Pts',(-17.349148306713,18.0199889523421,-113.999999999996));
#2110=CARTESIAN_POINT('Ctrl Pts',(-15.8867161857953,6.10943513257009,-114.000000000003));
#2111=CARTESIAN_POINT('Ctrl Pts',(-5.43859448692448,19.4824210731705,-104.));
#2112=CARTESIAN_POINT('Ctrl Pts',(-17.3491483067123,18.0199889523412,-103.999999999993));
#2113=CARTESIAN_POINT('Ctrl Pts',(-15.8867161857941,6.10943513256428,-104.));
#2114=CARTESIAN_POINT('',(-5.9612546693868,7.32812856665974,-114.));
#2115=CARTESIAN_POINT('',(-15.8867161858,6.10943513260826,-104.));
#2116=CARTESIAN_POINT('Origin',(-5.9612546693868,7.32812856665974,-104.));
#2117=CARTESIAN_POINT('Origin',(-3.97616236610415,7.57186725347003,-104.));
#2118=CARTESIAN_POINT('Origin',(-3.97616236610415,7.57186725347003,-114.));
#2119=CARTESIAN_POINT('Origin',(-6.50966671470996,11.7945862490457,-104.));
#2120=CARTESIAN_POINT('',(-5.23003860895591,1.37285165681181,-114.));
#2121=CARTESIAN_POINT('',(-15.1555001253691,0.154158222760335,-104.));
#2122=CARTESIAN_POINT('Origin',(-5.23003860895591,1.37285165681181,-104.));
#2123=CARTESIAN_POINT('',(-16.4351282311232,10.5758928149942,-104.));
#2124=CARTESIAN_POINT('',(-6.50966671470996,11.7945862490457,-114.));
#2125=CARTESIAN_POINT('Ctrl Pts',(-5.23003860895558,1.37285165682009,-114.));
#2126=CARTESIAN_POINT('Ctrl Pts',(-4.986299922144,-0.612240646470228,-114.000000000001));
#2127=CARTESIAN_POINT('Ctrl Pts',(-3.00120761885359,-0.368501959659388,
-114.));
#2128=CARTESIAN_POINT('Ctrl Pts',(-15.1555001253729,0.154158222766375,-114.000000000001));
#2129=CARTESIAN_POINT('Ctrl Pts',(-13.693068004508,-11.7563955969375,-114.000000000009));
#2130=CARTESIAN_POINT('Ctrl Pts',(-1.7825141848036,-10.2939634760771,-114.));
#2131=CARTESIAN_POINT('Ctrl Pts',(-15.1555001253696,0.154158222760281,-103.999999999997));
#2132=CARTESIAN_POINT('Ctrl Pts',(-13.693068004506,-11.7563955969337,-104.000000000005));
#2133=CARTESIAN_POINT('Ctrl Pts',(-1.7825141848114,-10.2939634760746,-103.999999999996));
#2134=CARTESIAN_POINT('',(-3.00120761886297,-0.368501959660542,-114.));
#2135=CARTESIAN_POINT('',(-1.7825141848115,-10.2939634760738,-104.));
#2136=CARTESIAN_POINT('Origin',(-3.00120761886297,-0.368501959660542,-104.));
#2137=CARTESIAN_POINT('Origin',(-3.24494630567327,1.6165903436221,-104.));
#2138=CARTESIAN_POINT('Origin',(-3.24494630567327,1.6165903436221,-114.));
#2139=CARTESIAN_POINT('Origin',(0.968976987702316,0.118975413960047,-104.));
#2140=CARTESIAN_POINT('',(2.18767042175379,-9.80648610245318,-104.));
#2141=CARTESIAN_POINT('',(0.968976987702316,0.118975413960047,-114.));
#2142=CARTESIAN_POINT('Origin',(-1.46840988040063,19.9698984467865,-114.));
#2143=CARTESIAN_POINT('Origin',(-3.24494630567327,1.6165903436221,-100.));
#2144=CARTESIAN_POINT('',(-15.1555001253691,0.154158222760335,-100.));
#2145=CARTESIAN_POINT('',(-1.7825141848115,-10.2939634760738,-100.));
#2146=CARTESIAN_POINT('Origin',(-15.5211081555846,3.1317966776843,-86.));
#2147=CARTESIAN_POINT('',(-15.8867161858,6.10943513260826,-72.));
#2148=CARTESIAN_POINT('Origin',(-3.97616236610415,7.57186725347003,-72.));
#2149=CARTESIAN_POINT('',(-5.43859448696592,19.4824210731659,-72.));
#2150=CARTESIAN_POINT('Origin',(-4.87297920401003,14.6690784663017,-58.));
#2151=CARTESIAN_POINT('',(-6.27297920401003,14.6690784663017,-63.));
#2152=CARTESIAN_POINT('',(-6.27297920401003,14.6690784663017,-58.));
#2153=CARTESIAN_POINT('Origin',(-4.87297920401003,14.6690784663017,-63.));
#2154=CARTESIAN_POINT('Origin',(-4.87297920401003,14.6690784663017,-63.));
#2155=CARTESIAN_POINT('Origin',(-11.5134135673967,3.08363978975469,-58.));
#2156=CARTESIAN_POINT('',(-12.9134135673967,3.08363978975469,-63.));
#2157=CARTESIAN_POINT('',(-12.9134135673967,3.08363978975469,-58.));
#2158=CARTESIAN_POINT('Origin',(-11.5134135673967,3.08363978975469,-63.));
#2159=CARTESIAN_POINT('Origin',(-11.5134135673967,3.08363978975469,-63.));
#2160=CARTESIAN_POINT('Origin',(-1.76469077859499,-5.39351046137725,-58.));
#2161=CARTESIAN_POINT('',(-3.16469077859499,-5.39351046137725,-63.));
#2162=CARTESIAN_POINT('',(-3.16469077859499,-5.39351046137725,-58.));
#2163=CARTESIAN_POINT('Origin',(-1.76469077859499,-5.39351046137725,-63.));
#2164=CARTESIAN_POINT('Origin',(-1.76469077859499,-5.39351046137725,-63.));
#2165=CARTESIAN_POINT('Ctrl Pts',(9.92625448905346,7.42992891258746,-93.0474779822592));
#2166=CARTESIAN_POINT('Ctrl Pts',(9.87444942395723,7.51916824601802,-93.2737978497855));
#2167=CARTESIAN_POINT('Ctrl Pts',(9.8201979951087,7.6075881387627,-93.5013261415684));
#2168=CARTESIAN_POINT('Ctrl Pts',(9.67353636390977,7.81606984076729,-94.0303251057073));
#2169=CARTESIAN_POINT('Ctrl Pts',(9.58112616155938,7.93613165002719,-94.3317957780634));
#2170=CARTESIAN_POINT('Ctrl Pts',(9.24665739425544,8.34377995257968,-95.3471213659916));
#2171=CARTESIAN_POINT('Ctrl Pts',(8.38545157827749,9.26939590900652,-97.6619620082276));
#2172=CARTESIAN_POINT('Ctrl Pts',(6.50974795613142,10.4558927123499,-100.851837293751));
#2173=CARTESIAN_POINT('Ctrl Pts',(3.92637662416302,11.4786336252491,-101.654981273461));
#2174=CARTESIAN_POINT('Ctrl Pts',(1.61135222810329,11.0012190956537,-100.520494421099));
#2175=CARTESIAN_POINT('Ctrl Pts',(-0.347592104457239,10.8415701968716,-100.565628531454));
#2176=CARTESIAN_POINT('Ctrl Pts',(-2.28696998257709,10.5225653147573,-100.520494421099));
#2177=CARTESIAN_POINT('Ctrl Pts',(-4.64872528828504,10.4257435022315,-101.654981273461));
#2178=CARTESIAN_POINT('Ctrl Pts',(-6.90793603072201,8.80840827569021,-100.851837293751));
#2179=CARTESIAN_POINT('Ctrl Pts',(-8.44088368326297,7.20338172231323,-97.6619620082275));
#2180=CARTESIAN_POINT('Ctrl Pts',(-9.05258123917434,6.09691597211656,-95.3471213659916));
#2181=CARTESIAN_POINT('Ctrl Pts',(-9.27849580457066,5.62046124812116,-94.3317957780634));
#2182=CARTESIAN_POINT('Ctrl Pts',(-9.33911544849026,5.48160973638196,-94.0303251057073));
#2183=CARTESIAN_POINT('Ctrl Pts',(-9.43098431390445,5.24384017208878,-93.5013261415683));
#2184=CARTESIAN_POINT('Ctrl Pts',(-9.46223353539904,5.1449221195348,-93.2737978497855));
#2185=CARTESIAN_POINT('Ctrl Pts',(-9.4909108199558,5.04580079614167,-93.0474779822592));
#2186=CARTESIAN_POINT('Ctrl Pts',(9.95721297335707,7.37663149188109,-93.0442035551854));
#2187=CARTESIAN_POINT('Ctrl Pts',(9.8990460254832,7.47881723114935,-93.3533691874701));
#2188=CARTESIAN_POINT('Ctrl Pts',(9.84159772814511,7.57413447175926,-93.6203141313676));
#2189=CARTESIAN_POINT('Ctrl Pts',(9.68723022900761,7.79822156483592,-94.2521468520387));
#2190=CARTESIAN_POINT('Ctrl Pts',(9.5925911033279,7.92377982844974,-94.5919480495389));
#2191=CARTESIAN_POINT('Ctrl Pts',(9.26471001188757,8.32814364650769,-95.6664190032625));
#2192=CARTESIAN_POINT('Ctrl Pts',(8.41538022803528,9.25275124016569,-98.0887590768906));
#2193=CARTESIAN_POINT('Ctrl Pts',(6.55233605315318,10.4488951919251,-101.353048261943));
#2194=CARTESIAN_POINT('Ctrl Pts',(3.94824931307679,11.4762347566656,-102.283703758103));
#2195=CARTESIAN_POINT('Ctrl Pts',(1.6088901832518,10.9902046505358,-101.118786488729));
#2196=CARTESIAN_POINT('Ctrl Pts',(-0.351189875530381,10.8708716908598,-101.184907530929));
#2197=CARTESIAN_POINT('Ctrl Pts',(-2.28191643553786,10.5124736682895,-101.118786488729));
#2198=CARTESIAN_POINT('Ctrl Pts',(-4.66936792602522,10.4181244079331,-102.283703758103));
#2199=CARTESIAN_POINT('Ctrl Pts',(-6.94756622584678,8.79131561836595,-101.353048261943));
#2200=CARTESIAN_POINT('Ctrl Pts',(-8.46589661437857,7.17999107558956,-98.0887590768906));
#2201=CARTESIAN_POINT('Ctrl Pts',(-9.06631485210577,6.07737680768207,-95.6664190032625));
#2202=CARTESIAN_POINT('Ctrl Pts',(-9.28663201248053,5.60570270798726,-94.5919480495389));
#2203=CARTESIAN_POINT('Ctrl Pts',(-9.3480846585244,5.46097878472181,-94.2521468520387));
#2204=CARTESIAN_POINT('Ctrl Pts',(-9.44365520887691,5.20620315798559,-93.6203141313676));
#2205=CARTESIAN_POINT('Ctrl Pts',(-9.47633771873421,5.09981924579037,-93.3533691874702));
#2206=CARTESIAN_POINT('Ctrl Pts',(-9.50805589191971,4.98659700140113,-93.0442035551855));
#2207=CARTESIAN_POINT('Ctrl Pts',(9.9829090661875,7.32637471163355,-93.0457525650134));
#2208=CARTESIAN_POINT('Ctrl Pts',(9.92485462399224,7.43178825916831,-93.3850714794528));
#2209=CARTESIAN_POINT('Ctrl Pts',(9.85860901217977,7.54059740440548,-93.7364035625758));
#2210=CARTESIAN_POINT('Ctrl Pts',(9.69752993215209,7.77876705071912,-94.4711648268701));
#2211=CARTESIAN_POINT('Ctrl Pts',(9.6037284792563,7.90666257222139,-94.8462677641289));
#2212=CARTESIAN_POINT('Ctrl Pts',(9.27747629480413,8.31549319375709,-96.0190504886938));
#2213=CARTESIAN_POINT('Ctrl Pts',(8.44558062284048,9.23373066494403,-98.5545115889772));
#2214=CARTESIAN_POINT('Ctrl Pts',(6.60705340097749,10.4350844641579,-101.877741347537));
#2215=CARTESIAN_POINT('Ctrl Pts',(3.97474892437857,11.4718416041195,-102.981696167748));
#2216=CARTESIAN_POINT('Ctrl Pts',(1.59755626548721,11.0094117972517,-101.873424452448));
#2217=CARTESIAN_POINT('Ctrl Pts',(-0.361021812124479,10.95094638854,-101.97102147902));
#2218=CARTESIAN_POINT('Ctrl Pts',(-2.27556581291149,10.5338522035321,-101.873424452448));
#2219=CARTESIAN_POINT('Ctrl Pts',(-4.69401758582769,10.407450914594,-102.981696167748));
#2220=CARTESIAN_POINT('Ctrl Pts',(-6.99731711715282,8.7646778037289,-101.877741347537));
#2221=CARTESIAN_POINT('Ctrl Pts',(-8.49059843477688,7.15422935598153,-98.5545115889773));
#2222=CARTESIAN_POINT('Ctrl Pts',(-9.07564150035052,6.06201368407977,-96.0190504886938));
#2223=CARTESIAN_POINT('Ctrl Pts',(-9.29329752167157,5.58639953232672,-94.8462677641289));
#2224=CARTESIAN_POINT('Ctrl Pts',(-9.35337194353429,5.43961042910867,-94.4711648268701));
#2225=CARTESIAN_POINT('Ctrl Pts',(-9.45204783416712,5.16954688278014,-93.7364035625759));
#2226=CARTESIAN_POINT('Ctrl Pts',(-9.49000235351894,5.04794357019194,-93.3850714794528));
#2227=CARTESIAN_POINT('Ctrl Pts',(-9.52083048543085,4.9316166148235,-93.0457525650134));
#2228=CARTESIAN_POINT('Ctrl Pts',(10.0269656671054,7.21757037716394,-93.0669543775072));
#2229=CARTESIAN_POINT('Ctrl Pts',(9.96505652427534,7.33541934988207,-93.4929871155889));
#2230=CARTESIAN_POINT('Ctrl Pts',(9.89180509687301,7.45885316172238,-93.9438714104623));
#2231=CARTESIAN_POINT('Ctrl Pts',(9.72007463316966,7.72072723925478,-94.8684591548402));
#2232=CARTESIAN_POINT('Ctrl Pts',(9.62368951032316,7.85589988075833,-95.3289940973062));
#2233=CARTESIAN_POINT('Ctrl Pts',(9.29860842118314,8.27478480150426,-96.7129312285355));
#2234=CARTESIAN_POINT('Ctrl Pts',(8.50474336050102,9.16602262793728,-99.4901347063193));
#2235=CARTESIAN_POINT('Ctrl Pts',(6.73028042170462,10.3621898614113,-102.911859507353));
#2236=CARTESIAN_POINT('Ctrl Pts',(4.03543387913403,11.4243747302962,-104.412855662464));
#2237=CARTESIAN_POINT('Ctrl Pts',(1.56943505022225,11.0513573297431,-103.526999297347));
#2238=CARTESIAN_POINT('Ctrl Pts',(-0.38294725926845,11.1295148256688,-103.692714562075));
#2239=CARTESIAN_POINT('Ctrl Pts',(-2.25842746065447,10.5813549121484,-103.526999297347));
#2240=CARTESIAN_POINT('Ctrl Pts',(-4.74141666198267,10.3467129904948,-104.412855662464));
#2241=CARTESIAN_POINT('Ctrl Pts',(-7.09924896825063,8.66413716777184,-102.911859507353));
#2242=CARTESIAN_POINT('Ctrl Pts',(-8.53162372962369,7.07421977539564,-99.4901347063194));
#2243=CARTESIAN_POINT('Ctrl Pts',(-9.08629766084258,6.01740218098162,-96.7129312285355));
#2244=CARTESIAN_POINT('Ctrl Pts',(-9.30038501826331,5.53231569927202,-95.3289940973062));
#2245=CARTESIAN_POINT('Ctrl Pts',(-9.36120586937211,5.37784059128506,-94.8684591548402));
#2246=CARTESIAN_POINT('Ctrl Pts',(-9.46448213112981,5.08219993372158,-93.9438714104622));
#2247=CARTESIAN_POINT('Ctrl Pts',(-9.50569633634041,4.94471150944241,-93.4929871155888));
#2248=CARTESIAN_POINT('Ctrl Pts',(-9.53725626617137,4.8153859776796,-93.0669543775072));
#2249=CARTESIAN_POINT('Ctrl Pts',(10.0453261751928,7.15902282294187,-93.0866071801732));
#2250=CARTESIAN_POINT('Ctrl Pts',(9.98321655707306,7.28050056908581,-93.5405494480416));
#2251=CARTESIAN_POINT('Ctrl Pts',(9.90813523085097,7.40962483890777,-94.0269690606317));
#2252=CARTESIAN_POINT('Ctrl Pts',(9.73200088351171,7.68217597266464,-95.0383681535123));
#2253=CARTESIAN_POINT('Ctrl Pts',(9.63113269664338,7.82467610743323,-95.5653030259325));
#2254=CARTESIAN_POINT('Ctrl Pts',(9.30697426464559,8.24672686200203,-97.0541804829459));
#2255=CARTESIAN_POINT('Ctrl Pts',(8.53370570335636,9.11733516615218,-99.9600053115747));
#2256=CARTESIAN_POINT('Ctrl Pts',(6.79879009460746,10.3031059864318,-103.421284581575));
#2257=CARTESIAN_POINT('Ctrl Pts',(4.06961922258773,11.3813010090191,-105.146022747536));
#2258=CARTESIAN_POINT('Ctrl Pts',(1.55264775272187,11.0740957155186,-104.425936178527));
#2259=CARTESIAN_POINT('Ctrl Pts',(-0.395040769818322,11.2280085651173,-104.628293697038));
#2260=CARTESIAN_POINT('Ctrl Pts',(-2.24763973102381,10.607479085522,-104.425936178527));
#2261=CARTESIAN_POINT('Ctrl Pts',(-4.76416607833518,10.2966485597348,-105.146022747536));
#2262=CARTESIAN_POINT('Ctrl Pts',(-7.1514299280424,8.59023434645184,-103.421284581575));
#2263=CARTESIAN_POINT('Ctrl Pts',(-8.54794720407217,7.01997191441776,-99.9600053115747));
#2264=CARTESIAN_POINT('Ctrl Pts',(-9.08762717308989,5.98815380148577,-97.0541804829459));
#2265=CARTESIAN_POINT('Ctrl Pts',(-9.30005339570912,5.50021873571258,-95.5653030259325));
#2266=CARTESIAN_POINT('Ctrl Pts',(-9.36345146361824,5.33754924097997,-95.0383681535123));
#2267=CARTESIAN_POINT('Ctrl Pts',(-9.46841778116564,5.03048328551548,-94.0269690606317));
#2268=CARTESIAN_POINT('Ctrl Pts',(-9.5100308829988,4.88703074158494,-93.5405494480415));
#2269=CARTESIAN_POINT('Ctrl Pts',(-9.54090745340075,4.75413572711332,-93.086607180173));
#2270=CARTESIAN_POINT('Ctrl Pts',(10.0894043223407,6.97094399931389,-93.1727212774276));
#2271=CARTESIAN_POINT('Ctrl Pts',(10.0231502343781,7.11093177561809,-93.6979119231145));
#2272=CARTESIAN_POINT('Ctrl Pts',(9.94219677969228,7.25539789698224,-94.2872033814391));
#2273=CARTESIAN_POINT('Ctrl Pts',(9.75955928645446,7.54415681887168,-95.5049275874834));
#2274=CARTESIAN_POINT('Ctrl Pts',(9.65787524790244,7.68844961939696,-96.133360335203));
#2275=CARTESIAN_POINT('Ctrl Pts',(9.33472948081728,8.10737302327632,-97.9437800086326));
#2276=CARTESIAN_POINT('Ctrl Pts',(8.61606334093049,8.88939984024903,-101.265105076576));
#2277=CARTESIAN_POINT('Ctrl Pts',(7.00930833614392,10.0104745418831,-104.833309417922));
#2278=CARTESIAN_POINT('Ctrl Pts',(4.18135168224061,11.1420209908824,-107.243238254018));
#2279=CARTESIAN_POINT('Ctrl Pts',(1.51254133975261,11.0622398145219,-107.086605886184));
#2280=CARTESIAN_POINT('Ctrl Pts',(-0.419403526772389,11.4264272976917,-107.382921816703));
#2281=CARTESIAN_POINT('Ctrl Pts',(-2.20585644788032,10.6056779749051,-107.086605886184));
#2282=CARTESIAN_POINT('Ctrl Pts',(-4.81469253085591,10.0374456523142,-107.243238254018));
#2283=CARTESIAN_POINT('Ctrl Pts',(-7.28490092433108,8.25536633438143,-104.833309417922));
#2284=CARTESIAN_POINT('Ctrl Pts',(-8.57271592171993,6.77888312602757,-101.265105076576));
#2285=CARTESIAN_POINT('Ctrl Pts',(-9.08084519589953,5.84622477282102,-97.9437800086326));
#2286=CARTESIAN_POINT('Ctrl Pts',(-9.29304540868888,5.36156914787164,-96.133360335203));
#2287=CARTESIAN_POINT('Ctrl Pts',(-9.35680140890193,5.19696286483083,-95.5049275874834));
#2288=CARTESIAN_POINT('Ctrl Pts',(-9.46415668229354,4.87259730842578,-94.2872033814391));
#2289=CARTESIAN_POINT('Ctrl Pts',(-9.5077559554721,4.71283803506154,-93.6979119231144));
#2290=CARTESIAN_POINT('Ctrl Pts',(-9.53817590566625,4.56098017943155,-93.1727212774276));
#2291=CARTESIAN_POINT('Ctrl Pts',(10.0937409629744,6.73673682676325,-93.4331836733024));
#2292=CARTESIAN_POINT('Ctrl Pts',(10.0263138367183,6.88919020057832,-94.0152361056461));
#2293=CARTESIAN_POINT('Ctrl Pts',(9.94780190323384,7.03231671179701,-94.663359463313));
#2294=CARTESIAN_POINT('Ctrl Pts',(9.774382895489,7.30049033642101,-96.0118933339908));
#2295=CARTESIAN_POINT('Ctrl Pts',(9.67947582122859,7.42553744982632,-96.7123038470016));
#2296=CARTESIAN_POINT('Ctrl Pts',(9.37882359780443,7.77442118439127,-98.7721840760969));
#2297=CARTESIAN_POINT('Ctrl Pts',(8.71379514838437,8.36715823091725,-102.726539294537));
#2298=CARTESIAN_POINT('Ctrl Pts',(7.30330391906713,9.31261976352414,-106.406008169533));
#2299=CARTESIAN_POINT('Ctrl Pts',(4.35479877322256,10.5294906885524,-109.766763599379));
#2300=CARTESIAN_POINT('Ctrl Pts',(1.48641406787861,10.8329091243315,-110.537789667375));
#2301=CARTESIAN_POINT('Ctrl Pts',(-0.420106470189681,11.4321523124014,-110.916801215653));
#2302=CARTESIAN_POINT('Ctrl Pts',(-2.12502515235168,10.389480145448,-110.537789667375));
#2303=CARTESIAN_POINT('Ctrl Pts',(-4.83480301011878,9.40114946871225,-109.766763599379));
#2304=CARTESIAN_POINT('Ctrl Pts',(-7.4013372311516,7.50711685665977,-106.406008169533));
#2305=CARTESIAN_POINT('Ctrl Pts',(-8.5412029967231,6.24851086028982,-102.726539294537));
#2306=CARTESIAN_POINT('Ctrl Pts',(-9.0430811891596,5.5124956941288,-98.7721840760969));
#2307=CARTESIAN_POINT('Ctrl Pts',(-9.2504001422336,5.10124094170619,-96.7123038470016));
#2308=CARTESIAN_POINT('Ctrl Pts',(-9.31223643606756,4.95694816267498,-96.0118933339908));
#2309=CARTESIAN_POINT('Ctrl Pts',(-9.41562708651854,4.65478658571572,-94.663359463313));
#2310=CARTESIAN_POINT('Ctrl Pts',(-9.45718144313556,4.49691778778768,-94.0152361056461));
#2311=CARTESIAN_POINT('Ctrl Pts',(-9.48572388639303,4.33268083251984,-93.4331836733024));
#2312=CARTESIAN_POINT('Ctrl Pts',(10.0765001090688,6.51031085587544,-93.895116153317));
#2313=CARTESIAN_POINT('Ctrl Pts',(10.0127897591925,6.62322973081142,-94.4306936255684));
#2314=CARTESIAN_POINT('Ctrl Pts',(9.93660562718228,6.71169593498242,-95.034247499874));
#2315=CARTESIAN_POINT('Ctrl Pts',(9.76781611513971,6.84871657103491,-96.2913709253963));
#2316=CARTESIAN_POINT('Ctrl Pts',(9.67521073510738,6.8972710029164,-96.9449404766131));
#2317=CARTESIAN_POINT('Ctrl Pts',(9.38555219734609,6.99655699398732,-98.8517669548337));
#2318=CARTESIAN_POINT('Ctrl Pts',(8.75886553116628,7.00961975783489,-102.449891209557));
#2319=CARTESIAN_POINT('Ctrl Pts',(7.45644986598137,7.49305822679919,-106.362988921978));
#2320=CARTESIAN_POINT('Ctrl Pts',(4.55209701844239,8.77490781703186,-110.09092215823));
#2321=CARTESIAN_POINT('Ctrl Pts',(1.71162854428736,9.2659416760188,-111.10193579507));
#2322=CARTESIAN_POINT('Ctrl Pts',(-0.193939835185803,9.59017288648055,-111.225489061014));
#2323=CARTESIAN_POINT('Ctrl Pts',(-1.96446606086781,8.81457401408729,-111.10193579507));
#2324=CARTESIAN_POINT('Ctrl Pts',(-4.6017686399924,7.65095444159677,-110.09092215823));
#2325=CARTESIAN_POINT('Ctrl Pts',(-7.10974231281425,5.70455471609846,-106.362988921978));
#2326=CARTESIAN_POINT('Ctrl Pts',(-8.25651631576043,4.92039356916477,-102.449891209557));
#2327=CARTESIAN_POINT('Ctrl Pts',(-8.86142754107708,4.75610959900085,-98.8517669548338));
#2328=CARTESIAN_POINT('Ctrl Pts',(-9.11846252717985,4.58969808365383,-96.9449404766131));
#2329=CARTESIAN_POINT('Ctrl Pts',(-9.19657075145484,4.52018265682731,-96.2913709253964));
#2330=CARTESIAN_POINT('Ctrl Pts',(-9.32719820161987,4.34639824054328,-95.034247499874));
#2331=CARTESIAN_POINT('Ctrl Pts',(-9.3797174275099,4.24212925108577,-94.4306936255684));
#2332=CARTESIAN_POINT('Ctrl Pts',(-9.41421775944089,4.11715162070811,-93.895116153317));
#2333=CARTESIAN_POINT('Ctrl Pts',(10.038073903089,6.27659978834468,-94.28279146287));
#2334=CARTESIAN_POINT('Ctrl Pts',(9.97996789945369,6.35374523551307,-94.7522487508789));
#2335=CARTESIAN_POINT('Ctrl Pts',(9.91204501139454,6.39558882985796,-95.2669716941021));
#2336=CARTESIAN_POINT('Ctrl Pts',(9.75781448732875,6.42743607801222,-96.3556729004311));
#2337=CARTESIAN_POINT('Ctrl Pts',(9.67164864312326,6.41955472240853,-96.9287397745124));
#2338=CARTESIAN_POINT('Ctrl Pts',(9.40244962340629,6.33403813790636,-98.5871440894564));
#2339=CARTESIAN_POINT('Ctrl Pts',(8.78672304973526,5.96863366268689,-101.906356367476));
#2340=CARTESIAN_POINT('Ctrl Pts',(7.54152413336741,6.13467249017241,-105.911884614971));
#2341=CARTESIAN_POINT('Ctrl Pts',(4.71152957694878,7.2918087776421,-109.669437092989));
#2342=CARTESIAN_POINT('Ctrl Pts',(1.9341965725796,7.82327169226194,-110.716277839782));
#2343=CARTESIAN_POINT('Ctrl Pts',(0.0156077532621926,7.88354473301341,-110.654749365496));
#2344=CARTESIAN_POINT('Ctrl Pts',(-1.83140941033025,7.36091341511702,-110.716277839782));
#2345=CARTESIAN_POINT('Ctrl Pts',(-4.39767123916918,6.17333955525868,-109.669437092989));
#2346=CARTESIAN_POINT('Ctrl Pts',(-6.86366625851469,4.36593751318244,-105.911884614971));
#2347=CARTESIAN_POINT('Ctrl Pts',(-8.03170901754146,3.90358986623101,-101.906356367476));
#2348=CARTESIAN_POINT('Ctrl Pts',(-8.71754522383473,4.109182527025,-98.5871440894564));
#2349=CARTESIAN_POINT('Ctrl Pts',(-8.99943621641177,4.12703376634967,-96.9287397745124));
#2350=CARTESIAN_POINT('Ctrl Pts',(-9.08494923928285,4.11383560764306,-96.3556729004311));
#2351=CARTESIAN_POINT('Ctrl Pts',(-9.22689391100209,4.045622618124,-95.2669716941021));
#2352=CARTESIAN_POINT('Ctrl Pts',(-9.28267631733958,3.98858992352526,-94.7522487508788));
#2353=CARTESIAN_POINT('Ctrl Pts',(-9.32039315152206,3.89967891129094,-94.28279146287));
#2354=CARTESIAN_POINT('Ctrl Pts',(10.0235851175154,6.19396945379953,-94.4018481979084));
#2355=CARTESIAN_POINT('Ctrl Pts',(9.96650781144007,6.25209158761854,-94.8527658930091));
#2356=CARTESIAN_POINT('Ctrl Pts',(9.90116423800712,6.27761287439755,-95.336972786646));
#2357=CARTESIAN_POINT('Ctrl Pts',(9.75363452096693,6.27326755217413,-96.3528891890227));
#2358=CARTESIAN_POINT('Ctrl Pts',(9.67327761504927,6.24230332430589,-96.871094104983));
#2359=CARTESIAN_POINT('Ctrl Pts',(9.41005726149367,6.10001173366638,-98.4448847969255));
#2360=CARTESIAN_POINT('Ctrl Pts',(8.79501801117201,5.61783292424818,-101.669169957058));
#2361=CARTESIAN_POINT('Ctrl Pts',(7.56491802369616,5.68292481394964,-105.691709867412));
#2362=CARTESIAN_POINT('Ctrl Pts',(4.76658357554949,6.76958211688727,-109.418174740513));
#2363=CARTESIAN_POINT('Ctrl Pts',(2.01732877717463,7.2978076314226,-110.452930596176));
#2364=CARTESIAN_POINT('Ctrl Pts',(0.0921107181107057,7.26047808451995,-110.330793537066));
#2365=CARTESIAN_POINT('Ctrl Pts',(-1.78495097149695,6.83094638205196,-110.452930596175));
#2366=CARTESIAN_POINT('Ctrl Pts',(-4.32475183502336,5.65330649047907,-109.418174740513));
#2367=CARTESIAN_POINT('Ctrl Pts',(-6.77707759615709,3.9219491792946,-105.691709867412));
#2368=CARTESIAN_POINT('Ctrl Pts',(-7.95489120355233,3.56120267615476,-101.669169957058));
#2369=CARTESIAN_POINT('Ctrl Pts',(-8.66831077122386,3.88026725292807,-98.4448847969255));
#2370=CARTESIAN_POINT('Ctrl Pts',(-8.95813580668311,3.95465340831802,-96.871094104983));
#2371=CARTESIAN_POINT('Ctrl Pts',(-9.04359669377344,3.96525777128189,-96.3528891890228));
#2372=CARTESIAN_POINT('Ctrl Pts',(-9.18779537630553,3.93378335006092,-95.336972786646));
#2373=CARTESIAN_POINT('Ctrl Pts',(-9.24502380827141,3.89321211342003,-94.852765893009));
#2374=CARTESIAN_POINT('Ctrl Pts',(-9.28634465763387,3.82300820529192,-94.4018481979083));
#2375=CARTESIAN_POINT('Ctrl Pts',(9.9912474458742,6.01925549397273,-94.6196249316928));
#2376=CARTESIAN_POINT('Ctrl Pts',(9.93972995484746,6.03326647595328,-95.0051424843246));
#2377=CARTESIAN_POINT('Ctrl Pts',(9.88278455869326,6.02140429931,-95.4064285351454));
#2378=CARTESIAN_POINT('Ctrl Pts',(9.75056354022346,5.94600640404727,-96.2619617233611));
#2379=CARTESIAN_POINT('Ctrl Pts',(9.67625297423287,5.88002459156777,-96.7086568552618));
#2380=CARTESIAN_POINT('Ctrl Pts',(9.4253882417627,5.63505531154854,-98.1068122293377));
#2381=CARTESIAN_POINT('Ctrl Pts',(8.81192663882879,4.95702138118707,-101.135402890983));
#2382=CARTESIAN_POINT('Ctrl Pts',(7.60561631020438,4.85267884186046,-105.142922811571));
#2383=CARTESIAN_POINT('Ctrl Pts',(4.88093031290681,5.71292613807735,-108.720808467528));
#2384=CARTESIAN_POINT('Ctrl Pts',(2.19471291258984,6.19675960836539,-109.702292186777));
#2385=CARTESIAN_POINT('Ctrl Pts',(0.250898605253952,5.9672545230592,-109.483328562537));
#2386=CARTESIAN_POINT('Ctrl Pts',(-1.69069841511523,5.71969108456596,-109.702292186777));
#2387=CARTESIAN_POINT('Ctrl Pts',(-4.18007376820436,4.6003747306387,-108.720808467528));
#2388=CARTESIAN_POINT('Ctrl Pts',(-6.61571229024097,3.10651925419887,-105.142922811571));
#2389=CARTESIAN_POINT('Ctrl Pts',(-7.8114327915734,2.915929492794,-101.135402890983));
#2390=CARTESIAN_POINT('Ctrl Pts',(-8.57070321684853,3.42541312383447,-98.1068122293378));
#2391=CARTESIAN_POINT('Ctrl Pts',(-8.87337962722365,3.60241609768775,-96.7086568552619));
#2392=CARTESIAN_POINT('Ctrl Pts',(-8.96144529697162,3.64846061536102,-96.2619617233611));
#2393=CARTESIAN_POINT('Ctrl Pts',(-9.1079791878629,3.68963171147832,-95.4064285351453));
#2394=CARTESIAN_POINT('Ctrl Pts',(-9.16610278264189,3.68736519259633,-95.0051424843245));
#2395=CARTESIAN_POINT('Ctrl Pts',(-9.21270042069366,3.66130718757395,-94.6196249316928));
#2396=CARTESIAN_POINT('Ctrl Pts',(9.97339855980658,5.92717186869109,-94.718344930439));
#2397=CARTESIAN_POINT('Ctrl Pts',(9.92294813404631,5.92169803773883,-95.0828020266415));
#2398=CARTESIAN_POINT('Ctrl Pts',(9.87484039696066,5.88553759188266,-95.4123579052561));
#2399=CARTESIAN_POINT('Ctrl Pts',(9.75157106253643,5.7768484836546,-96.1782616803206));
#2400=CARTESIAN_POINT('Ctrl Pts',(9.67878193101928,5.69667161811505,-96.5951107173589));
#2401=CARTESIAN_POINT('Ctrl Pts',(9.43311158394433,5.40412529367069,-97.9109989542808));
#2402=CARTESIAN_POINT('Ctrl Pts',(8.82054030504882,4.64701057656466,-100.838822235326));
#2403=CARTESIAN_POINT('Ctrl Pts',(7.62292070638387,4.47418054599403,-104.814310503289));
#2404=CARTESIAN_POINT('Ctrl Pts',(4.94022305166341,5.17849682002224,-108.274704547019));
#2405=CARTESIAN_POINT('Ctrl Pts',(2.28896484341002,5.62117564614751,-109.215001020984));
#2406=CARTESIAN_POINT('Ctrl Pts',(0.333183527548685,5.29709761009192,-108.959819416437));
#2407=CARTESIAN_POINT('Ctrl Pts',(-1.6429042975668,5.138402820145,-109.215001020984));
#2408=CARTESIAN_POINT('Ctrl Pts',(-4.10831510553116,4.06747603557794,-108.274704547019));
#2409=CARTESIAN_POINT('Ctrl Pts',(-6.54093564668247,2.73507766299099,-104.814310503289));
#2410=CARTESIAN_POINT('Ctrl Pts',(-7.74479219358363,2.61304349950948,-100.838822235326));
#2411=CARTESIAN_POINT('Ctrl Pts',(-8.52233011508406,3.19947426883781,-97.9109989542808));
#2412=CARTESIAN_POINT('Ctrl Pts',(-8.83147636428393,3.42389768112693,-96.595110717359));
#2413=CARTESIAN_POINT('Ctrl Pts',(-8.92149988680892,3.48408366643047,-96.1782616803206));
#2414=CARTESIAN_POINT('Ctrl Pts',(-9.06740187027521,3.55972269258369,-95.4123579052561));
#2415=CARTESIAN_POINT('Ctrl Pts',(-9.12282860557748,3.58317070370939,-95.0828020266415));
#2416=CARTESIAN_POINT('Ctrl Pts',(-9.17310467764164,3.57627687585499,-94.718344930439));
#2417=CARTESIAN_POINT('Ctrl Pts',(9.95271588599285,5.82339951932091,-94.8209027754478));
#2418=CARTESIAN_POINT('Ctrl Pts',(9.90983086532811,5.78781978307252,-95.1139344086844));
#2419=CARTESIAN_POINT('Ctrl Pts',(9.86579637323048,5.7411224696811,-95.4039445616164));
#2420=CARTESIAN_POINT('Ctrl Pts',(9.75270985778007,5.60596474418577,-96.0719153118231));
#2421=CARTESIAN_POINT('Ctrl Pts',(9.68365783442728,5.51750433208185,-96.4498759090978));
#2422=CARTESIAN_POINT('Ctrl Pts',(9.43897546748621,5.18947844770131,-97.7156833674361));
#2423=CARTESIAN_POINT('Ctrl Pts',(8.83046355413837,4.38159507914792,-100.538855464154));
#2424=CARTESIAN_POINT('Ctrl Pts',(7.63909980721403,4.16788406116447,-104.447067279507));
#2425=CARTESIAN_POINT('Ctrl Pts',(5.00184471814399,4.6597251589584,-107.744526389208));
#2426=CARTESIAN_POINT('Ctrl Pts',(2.38539363862442,5.04004584880483,-108.638560524849));
#2427=CARTESIAN_POINT('Ctrl Pts',(0.414596638590458,4.63404102998855,-108.370466215923));
#2428=CARTESIAN_POINT('Ctrl Pts',(-1.59588072329069,4.5512068244431,-108.638560524849));
#2429=CARTESIAN_POINT('Ctrl Pts',(-4.04260412153532,3.5492064795696,-107.744526389208));
#2430=CARTESIAN_POINT('Ctrl Pts',(-6.48253433284748,2.43396541404557,-104.447067279508));
#2431=CARTESIAN_POINT('Ctrl Pts',(-7.6902108595094,2.35311132544835,-100.538855464154));
#2432=CARTESIAN_POINT('Ctrl Pts',(-8.47609204436274,2.98978474971307,-97.7156833674361));
#2433=CARTESIAN_POINT('Ctrl Pts',(-8.79286294305585,3.24887284140521,-96.4498759090978));
#2434=CARTESIAN_POINT('Ctrl Pts',(-8.88126433678747,3.31800040482976,-96.0719153118231));
#2435=CARTESIAN_POINT('Ctrl Pts',(-9.02368931258522,3.42178526406654,-95.4039445616164));
#2436=CARTESIAN_POINT('Ctrl Pts',(-9.07771289465135,3.45644255987877,-95.1139344086843));
#2437=CARTESIAN_POINT('Ctrl Pts',(-9.12793156416175,3.48059060041058,-94.8209027754478));
#2438=CARTESIAN_POINT('',(-9.49091081995579,5.04580079614167,-93.0474779822592));
#2439=CARTESIAN_POINT('Ctrl Pts',(-9.4909108199558,5.04580079614167,-93.0474779822592));
#2440=CARTESIAN_POINT('Ctrl Pts',(-9.46223353539904,5.1449221195348,-93.2737978497855));
#2441=CARTESIAN_POINT('Ctrl Pts',(-9.39973509240986,5.34275822464276,-93.7288544333511));
#2442=CARTESIAN_POINT('Ctrl Pts',(-9.27849580457066,5.62046124812116,-94.3317957780634));
#2443=CARTESIAN_POINT('Ctrl Pts',(-9.05258123917434,6.09691597211656,-95.3471213659916));
#2444=CARTESIAN_POINT('Ctrl Pts',(-8.44088368326297,7.20338172231323,-97.6619620082275));
#2445=CARTESIAN_POINT('Ctrl Pts',(-6.90793603072201,8.80840827569021,-100.851837293751));
#2446=CARTESIAN_POINT('Ctrl Pts',(-4.64872528828504,10.4257435022315,-101.654981273461));
#2447=CARTESIAN_POINT('Ctrl Pts',(-2.28696998257709,10.5225653147573,-100.520494421099));
#2448=CARTESIAN_POINT('Ctrl Pts',(-0.994051397163855,10.7352352361668,-100.550583828002));
#2449=CARTESIAN_POINT('Ctrl Pts',(-0.344331028717125,10.8150108663162,-100.550583828002));
#2450=CARTESIAN_POINT('',(-9.4809603594733,4.33587336629483,-93.4835511943373));
#2451=CARTESIAN_POINT('Ctrl Pts',(-9.4809603594733,4.33587336629483,-93.4835511943373));
#2452=CARTESIAN_POINT('Ctrl Pts',(-9.51194989602964,4.44683050597569,-93.302952475365));
#2453=CARTESIAN_POINT('Ctrl Pts',(-9.53817590566625,4.56098017943155,-93.1727212774276));
#2454=CARTESIAN_POINT('Ctrl Pts',(-9.54090745340075,4.75413572711332,-93.086607180173));
#2455=CARTESIAN_POINT('Ctrl Pts',(-9.53360507894199,4.87663622824588,-93.0473015748414));
#2456=CARTESIAN_POINT('Ctrl Pts',(-9.50805589191971,4.98659700140113,-93.0442035551855));
#2457=CARTESIAN_POINT('Ctrl Pts',(-9.4909108199558,5.04580079614167,-93.0474779822592));
#2458=CARTESIAN_POINT('',(-9.12793156416175,3.48059060041058,-94.8209027754478));
#2459=CARTESIAN_POINT('Ctrl Pts',(-9.12793156416175,3.48059060041058,-94.8209027754478));
#2460=CARTESIAN_POINT('Ctrl Pts',(-9.17310467764164,3.57627687585499,-94.718344930439));
#2461=CARTESIAN_POINT('Ctrl Pts',(-9.25229616374568,3.74633749929291,-94.5209049329466));
#2462=CARTESIAN_POINT('Ctrl Pts',(-9.32039315152206,3.89967891129094,-94.28279146287));
#2463=CARTESIAN_POINT('Ctrl Pts',(-9.41421775944089,4.11715162070811,-93.895116153317));
#2464=CARTESIAN_POINT('Ctrl Pts',(-9.44997082291696,4.22491622661397,-93.6641499133097));
#2465=CARTESIAN_POINT('Ctrl Pts',(-9.4809603594733,4.33587336629483,-93.4835511943373));
#2466=CARTESIAN_POINT('Ctrl Pts',(0.407983244949261,4.68790279886702,-108.459830985565));
#2467=CARTESIAN_POINT('Ctrl Pts',(-0.25556248203659,4.60642962814007,-108.459830985565));
#2468=CARTESIAN_POINT('Ctrl Pts',(-1.59588072329069,4.5512068244431,-108.638560524849));
#2469=CARTESIAN_POINT('Ctrl Pts',(-4.04260412153532,3.5492064795696,-107.744526389208));
#2470=CARTESIAN_POINT('Ctrl Pts',(-6.48253433284748,2.43396541404557,-104.447067279508));
#2471=CARTESIAN_POINT('Ctrl Pts',(-7.6902108595094,2.35311132544835,-100.538855464154));
#2472=CARTESIAN_POINT('Ctrl Pts',(-8.47609204436274,2.98978474971307,-97.7156833674361));
#2473=CARTESIAN_POINT('Ctrl Pts',(-8.79286294305585,3.24887284140521,-96.4498759090978));
#2474=CARTESIAN_POINT('Ctrl Pts',(-8.96966573051909,3.38712796825431,-95.6939547145484));
#2475=CARTESIAN_POINT('Ctrl Pts',(-9.07771289465135,3.45644255987877,-95.1139344086843));
#2476=CARTESIAN_POINT('Ctrl Pts',(-9.12793156416175,3.48059060041058,-94.8209027754478));
#2477=CARTESIAN_POINT('Ctrl Pts',(9.95271588599285,5.82339951932091,-94.8209027754478));
#2478=CARTESIAN_POINT('Ctrl Pts',(9.93127337566048,5.80560965119671,-94.9674185920661));
#2479=CARTESIAN_POINT('Ctrl Pts',(9.90954349746989,5.78504038878676,-95.1131790386083));
#2480=CARTESIAN_POINT('Ctrl Pts',(9.86266918182359,5.73590208234204,-95.4149383671592));
#2481=CARTESIAN_POINT('Ctrl Pts',(9.83752474436788,5.70733303830727,-95.570937249168));
#2482=CARTESIAN_POINT('Ctrl Pts',(9.75270985778007,5.60596474418577,-96.0719153118231));
#2483=CARTESIAN_POINT('Ctrl Pts',(9.68365783442728,5.51750433208184,-96.4498759090978));
#2484=CARTESIAN_POINT('Ctrl Pts',(9.43897546748621,5.18947844770131,-97.7156833674361));
#2485=CARTESIAN_POINT('Ctrl Pts',(8.83046355413837,4.38159507914793,-100.538855464154));
#2486=CARTESIAN_POINT('Ctrl Pts',(7.63909980721404,4.16788406116447,-104.447067279508));
#2487=CARTESIAN_POINT('Ctrl Pts',(5.00184471814399,4.6597251589584,-107.744526389208));
#2488=CARTESIAN_POINT('Ctrl Pts',(2.38539363862442,5.04004584880483,-108.638560524848));
#2489=CARTESIAN_POINT('Ctrl Pts',(0.414596638590458,4.63404102998855,-108.370466215923));
#2490=CARTESIAN_POINT('Ctrl Pts',(-1.59588072329069,4.55120682444309,-108.638560524849));
#2491=CARTESIAN_POINT('Ctrl Pts',(-4.04260412153532,3.5492064795696,-107.744526389208));
#2492=CARTESIAN_POINT('Ctrl Pts',(-6.48253433284748,2.43396541404557,-104.447067279507));
#2493=CARTESIAN_POINT('Ctrl Pts',(-7.6902108595094,2.35311132544835,-100.538855464154));
#2494=CARTESIAN_POINT('Ctrl Pts',(-8.47609204436273,2.98978474971307,-97.7156833674361));
#2495=CARTESIAN_POINT('Ctrl Pts',(-8.79286294305585,3.24887284140521,-96.4498759090978));
#2496=CARTESIAN_POINT('Ctrl Pts',(-8.88126433678748,3.31800040482976,-96.0719153118231));
#2497=CARTESIAN_POINT('Ctrl Pts',(-8.98808306863579,3.39583904925735,-95.570937249168));
#2498=CARTESIAN_POINT('Ctrl Pts',(-9.01939208612703,3.417476480615,-95.4149383671592));
#2499=CARTESIAN_POINT('Ctrl Pts',(-9.07676166651242,3.45381524605867,-95.1131790386082));
#2500=CARTESIAN_POINT('Ctrl Pts',(-9.10282222940655,3.46851658014468,-94.9674185920661));
#2501=CARTESIAN_POINT('Ctrl Pts',(-9.12793156416175,3.48059060041058,-94.8209027754478));
#2502=CARTESIAN_POINT('Ctrl Pts',(9.96381705941836,5.78930321276002,-94.7256658813339));
#2503=CARTESIAN_POINT('Ctrl Pts',(9.94207497778398,5.76386314582183,-94.8711084474413));
#2504=CARTESIAN_POINT('Ctrl Pts',(9.92001845267866,5.73787900331893,-95.0176545546795));
#2505=CARTESIAN_POINT('Ctrl Pts',(9.87205387470374,5.6787845999219,-95.3234568534059));
#2506=CARTESIAN_POINT('Ctrl Pts',(9.84614582183414,5.64567433902777,-95.4827130448942));
#2507=CARTESIAN_POINT('Ctrl Pts',(9.75781041034524,5.5265974278658,-95.9953012487162));
#2508=CARTESIAN_POINT('Ctrl Pts',(9.68609578613129,5.42792068906524,-96.3772585049672));
#2509=CARTESIAN_POINT('Ctrl Pts',(9.44190740925716,5.08215502471662,-97.6180255740137));
#2510=CARTESIAN_POINT('Ctrl Pts',(8.83542517868314,4.24888733043956,-100.388872078568));
#2511=CARTESIAN_POINT('Ctrl Pts',(7.64718935762912,4.01473581874969,-104.263445667617));
#2512=CARTESIAN_POINT('Ctrl Pts',(5.03265555138428,4.40033932842648,-107.479437310303));
#2513=CARTESIAN_POINT('Ctrl Pts',(2.43360803623162,4.74948095013349,-108.350340276781));
#2514=CARTESIAN_POINT('Ctrl Pts',(0.455303194111344,4.30251273993687,-108.075789615666));
#2515=CARTESIAN_POINT('Ctrl Pts',(-1.57236893615263,4.25760882659214,-108.350340276781));
#2516=CARTESIAN_POINT('Ctrl Pts',(-4.0097486295374,3.29007170156544,-107.479437310303));
#2517=CARTESIAN_POINT('Ctrl Pts',(-6.45333367592999,2.28340928957286,-104.263445667617));
#2518=CARTESIAN_POINT('Ctrl Pts',(-7.6629201924723,2.22314523841779,-100.388872078568));
#2519=CARTESIAN_POINT('Ctrl Pts',(-8.45297300900207,2.8849399901507,-97.6180255740137));
#2520=CARTESIAN_POINT('Ctrl Pts',(-8.77355623244181,3.16136042154435,-96.3772585049672));
#2521=CARTESIAN_POINT('Ctrl Pts',(-8.86701268953033,3.23975670165334,-95.9953012487162));
#2522=CARTESIAN_POINT('Ctrl Pts',(-8.98153147384729,3.33392624945596,-95.4827130448942));
#2523=CARTESIAN_POINT('Ctrl Pts',(-9.0146800439021,3.35978526883591,-95.323456853406));
#2524=CARTESIAN_POINT('Ctrl Pts',(-9.07551609901294,3.40552063427355,-95.0176545546795));
#2525=CARTESIAN_POINT('Ctrl Pts',(-9.10320358406896,3.42539698033124,-94.8711084474413));
#2526=CARTESIAN_POINT('Ctrl Pts',(-9.13045434217702,3.44482148295428,-94.7256658813339));
#2527=CARTESIAN_POINT('Ctrl Pts',(9.97379895094022,5.75503660658291,-94.6365837288769));
#2528=CARTESIAN_POINT('Ctrl Pts',(9.95255207213956,5.72716515140661,-94.7779428613398));
#2529=CARTESIAN_POINT('Ctrl Pts',(9.92962138479835,5.69434844731149,-94.9249421007797));
#2530=CARTESIAN_POINT('Ctrl Pts',(9.87922604357776,5.62029938438942,-95.2345805530533));
#2531=CARTESIAN_POINT('Ctrl Pts',(9.85176138969838,5.57906702556247,-95.3972197658872));
#2532=CARTESIAN_POINT('Ctrl Pts',(9.76081695406735,5.44495873164254,-95.9151370036398));
#2533=CARTESIAN_POINT('Ctrl Pts',(9.68887281413555,5.33691628523007,-96.2992804054492));
#2534=CARTESIAN_POINT('Ctrl Pts',(9.44437448636816,4.97890239470904,-97.5204922026444));
#2535=CARTESIAN_POINT('Ctrl Pts',(8.84071419894529,4.1273284085326,-100.238042164103));
#2536=CARTESIAN_POINT('Ctrl Pts',(7.65499758420687,3.87963802909412,-104.070166326852));
#2537=CARTESIAN_POINT('Ctrl Pts',(5.06404861655555,4.14486791214238,-107.193329672072));
#2538=CARTESIAN_POINT('Ctrl Pts',(2.48236664993738,4.45752959268095,-108.039832696127));
#2539=CARTESIAN_POINT('Ctrl Pts',(0.49579179681899,3.97275953310117,-107.764652001806));
#2540=CARTESIAN_POINT('Ctrl Pts',(-1.54904978483265,3.96253389592096,-108.039832696127));
#2541=CARTESIAN_POINT('Ctrl Pts',(-3.97840505720881,3.03459420832438,-107.193329672072));
#2542=CARTESIAN_POINT('Ctrl Pts',(-6.42822685144337,2.15043550066577,-104.070166326852));
#2543=CARTESIAN_POINT('Ctrl Pts',(-7.63864434141406,2.10391760619307,-100.238042164103));
#2544=CARTESIAN_POINT('Ctrl Pts',(-8.43038773140219,2.78415756455631,-97.5204922026444));
#2545=CARTESIAN_POINT('Ctrl Pts',(-8.75423481296238,3.07238741355186,-96.2992804054492));
#2546=CARTESIAN_POINT('Ctrl Pts',(-8.85017973791013,3.1598156748527,-95.9151370036398));
#2547=CARTESIAN_POINT('Ctrl Pts',(-8.97086646781224,3.26793892903927,-95.3972197658872));
#2548=CARTESIAN_POINT('Ctrl Pts',(-9.00749031450252,3.30130220946485,-95.2345805530533));
#2549=CARTESIAN_POINT('Ctrl Pts',(-9.07430278838257,3.3609599622754,-94.9249421007797));
#2550=CARTESIAN_POINT('Ctrl Pts',(-9.10449141557233,3.38725443466037,-94.7779428613399));
#2551=CARTESIAN_POINT('Ctrl Pts',(-9.13184988653869,3.409157903308,-94.636583728877));
#2552=CARTESIAN_POINT('Ctrl Pts',(9.99549378265523,5.66074272448947,-94.4242846458625));
#2553=CARTESIAN_POINT('Ctrl Pts',(9.97358081062913,5.62044002869793,-94.5634391922108));
#2554=CARTESIAN_POINT('Ctrl Pts',(9.94931911938903,5.57670516034683,-94.7119555218538));
#2555=CARTESIAN_POINT('Ctrl Pts',(9.89581192256729,5.48333797941929,-95.02767158696));
#2556=CARTESIAN_POINT('Ctrl Pts',(9.86656641698564,5.43370566684286,-95.1948713224232));
#2557=CARTESIAN_POINT('Ctrl Pts',(9.77092461485801,5.2774129141163,-95.7244353963897));
#2558=CARTESIAN_POINT('Ctrl Pts',(9.69716760164044,5.15956292436149,-96.1091634011672));
#2559=CARTESIAN_POINT('Ctrl Pts',(9.44995782632534,4.77773021057602,-97.3152612865983));
#2560=CARTESIAN_POINT('Ctrl Pts',(8.85178333304566,3.90093380492082,-99.9351125418555));
#2561=CARTESIAN_POINT('Ctrl Pts',(7.67019205160638,3.63651812892181,-103.669121052009));
#2562=CARTESIAN_POINT('Ctrl Pts',(5.12740552053043,3.64282452262889,-106.582369415192));
#2563=CARTESIAN_POINT('Ctrl Pts',(2.5798735086561,3.87468098129592,-107.378290326443));
#2564=CARTESIAN_POINT('Ctrl Pts',(0.575870049874488,3.32057449887017,-107.111210098639));
#2565=CARTESIAN_POINT('Ctrl Pts',(-1.50265643221613,3.37340933513297,-107.378290326443));
#2566=CARTESIAN_POINT('Ctrl Pts',(-3.91842470190133,2.53213623076539,-106.582369415192));
#2567=CARTESIAN_POINT('Ctrl Pts',(-6.38415395111647,1.91086142620001,-103.669121052009));
#2568=CARTESIAN_POINT('Ctrl Pts',(-7.59461486326592,1.8815700239524,-99.9351125418554));
#2569=CARTESIAN_POINT('Ctrl Pts',(-8.3871372661736,2.5876103218602,-97.3152612865983));
#2570=CARTESIAN_POINT('Ctrl Pts',(-8.71937754857643,2.89829551474362,-96.1091634011672));
#2571=CARTESIAN_POINT('Ctrl Pts',(-8.81945415620221,2.99480141969301,-95.7244353963897));
#2572=CARTESIAN_POINT('Ctrl Pts',(-8.95006562706808,3.12331376364222,-95.1948713224232));
#2573=CARTESIAN_POINT('Ctrl Pts',(-8.99044955928822,3.16439665627224,-95.02767158696));
#2574=CARTESIAN_POINT('Ctrl Pts',(-9.06495492908615,3.24204587041733,-94.7119555218537));
#2575=CARTESIAN_POINT('Ctrl Pts',(-9.09907636666395,3.27861219193239,-94.5634391922107));
#2576=CARTESIAN_POINT('Ctrl Pts',(-9.13008853433455,3.31241649768555,-94.4242846458625));
#2577=CARTESIAN_POINT('Ctrl Pts',(10.0072067228484,5.60071544857314,-94.301067715305));
#2578=CARTESIAN_POINT('Ctrl Pts',(9.9848527777025,5.55490614401152,-94.4392765013187));
#2579=CARTESIAN_POINT('Ctrl Pts',(9.95990744690591,5.50732886082693,-94.5894241467445));
#2580=CARTESIAN_POINT('Ctrl Pts',(9.90487428866514,5.40775963476978,-94.9100886609328));
#2581=CARTESIAN_POINT('Ctrl Pts',(9.87478646122097,5.35576769189724,-95.0806055296952));
#2582=CARTESIAN_POINT('Ctrl Pts',(9.77686964589781,5.19185182008471,-95.6174472277562));
#2583=CARTESIAN_POINT('Ctrl Pts',(9.70182678464098,5.07226607241566,-96.0062310391423));
#2584=CARTESIAN_POINT('Ctrl Pts',(9.45307408917151,4.67981065645056,-97.2075637419215));
#2585=CARTESIAN_POINT('Ctrl Pts',(8.85756344688388,3.79609812321599,-99.7830128340726));
#2586=CARTESIAN_POINT('Ctrl Pts',(7.67757829242814,3.52849601840507,-103.461355117931));
#2587=CARTESIAN_POINT('Ctrl Pts',(5.15936935933403,3.39625254939949,-106.257516796543));
#2588=CARTESIAN_POINT('Ctrl Pts',(2.62862175366906,3.58378372736343,-107.027255537413));
#2589=CARTESIAN_POINT('Ctrl Pts',(0.615459700222339,2.99814267147488,-106.768905809332));
#2590=CARTESIAN_POINT('Ctrl Pts',(-1.47958223091958,3.07935970501616,-107.027255537413));
#2591=CARTESIAN_POINT('Ctrl Pts',(-3.88978791892243,2.28515574644745,-106.257516796543));
#2592=CARTESIAN_POINT('Ctrl Pts',(-6.36518787527618,1.80426114064134,-103.461355117931));
#2593=CARTESIAN_POINT('Ctrl Pts',(-7.57486123617602,1.77845007393644,-99.7830128340725));
#2594=CARTESIAN_POINT('Ctrl Pts',(-8.36647207854488,2.49184550475849,-97.2075637419215));
#2595=CARTESIAN_POINT('Ctrl Pts',(-8.70277931402718,2.81246459399979,-96.0062310391424));
#2596=CARTESIAN_POINT('Ctrl Pts',(-8.80452349235501,2.91034362264012,-95.6174472277562));
#2597=CARTESIAN_POINT('Ctrl Pts',(-8.93918659822138,3.04570227095456,-95.0806055296952));
#2598=CARTESIAN_POINT('Ctrl Pts',(-8.98095867797902,3.0888709266748,-94.9100886609327));
#2599=CARTESIAN_POINT('Ctrl Pts',(-9.05844509213464,3.17216879522421,-94.5894241467445));
#2600=CARTESIAN_POINT('Ctrl Pts',(-9.09415942653262,3.21229800805338,-94.4392765013187));
#2601=CARTESIAN_POINT('Ctrl Pts',(-9.12693163776874,3.25133867170937,-94.301067715305));
#2602=CARTESIAN_POINT('Ctrl Pts',(10.0449421164348,5.38199261621537,-93.8802147564816));
#2603=CARTESIAN_POINT('Ctrl Pts',(10.0197411852661,5.33347923162532,-94.0352738176247));
#2604=CARTESIAN_POINT('Ctrl Pts',(9.99204100833049,5.2814402746337,-94.1993558673014));
#2605=CARTESIAN_POINT('Ctrl Pts',(9.93201681093342,5.17134412478701,-94.5419816703527));
#2606=CARTESIAN_POINT('Ctrl Pts',(9.89969279047197,5.11328693193193,-94.7205254237272));
#2607=CARTESIAN_POINT('Ctrl Pts',(9.79634693581094,4.93163736298107,-95.272472829343));
#2608=CARTESIAN_POINT('Ctrl Pts',(9.71895130833466,4.80056699649964,-95.6621926270764));
#2609=CARTESIAN_POINT('Ctrl Pts',(9.46576502889531,4.38983884278919,-96.8536053218094));
#2610=CARTESIAN_POINT('Ctrl Pts',(8.8753948819746,3.49831431830363,-99.3254439174059));
#2611=CARTESIAN_POINT('Ctrl Pts',(7.69931502913742,3.23150536599365,-102.823570722386));
#2612=CARTESIAN_POINT('Ctrl Pts',(5.25522650084882,2.67149171613193,-105.22977967732));
#2613=CARTESIAN_POINT('Ctrl Pts',(2.77320273433393,2.71841365246977,-105.91943154295));
#2614=CARTESIAN_POINT('Ctrl Pts',(0.73218565262623,2.04748607796231,-105.697875955885));
#2615=CARTESIAN_POINT('Ctrl Pts',(-1.41051656964599,2.2047175147896,-105.91943154295));
#2616=CARTESIAN_POINT('Ctrl Pts',(-3.80746217902678,1.55873346597369,-105.22977967732));
#2617=CARTESIAN_POINT('Ctrl Pts',(-6.31443039640164,1.51083378731377,-102.823570722386));
#2618=CARTESIAN_POINT('Ctrl Pts',(-7.52012257887465,1.48519790609737,-99.3254439174058));
#2619=CARTESIAN_POINT('Ctrl Pts',(-8.30863551228989,2.20741687702744,-96.8536053218093));
#2620=CARTESIAN_POINT('Ctrl Pts',(-8.65366521070339,2.54469334457213,-95.6621926270765));
#2621=CARTESIAN_POINT('Ctrl Pts',(-8.7604706487922,2.6531466641003,-95.272472829343));
#2622=CARTESIAN_POINT('Ctrl Pts',(-8.90469169795359,2.80439883947123,-94.7205254237272));
#2623=CARTESIAN_POINT('Ctrl Pts',(-8.95010086301209,2.85291159727466,-94.5419816703527));
#2624=CARTESIAN_POINT('Ctrl Pts',(-9.03497675448875,2.9452162533342,-94.1993558673014));
#2625=CARTESIAN_POINT('Ctrl Pts',(-9.07444348090692,2.98900815159032,-94.0352738176247));
#2626=CARTESIAN_POINT('Ctrl Pts',(-9.11063228668007,3.02998382428601,-93.8802147564816));
#2627=CARTESIAN_POINT('Ctrl Pts',(10.0877431431766,5.04243168249361,-93.3183169858538));
#2628=CARTESIAN_POINT('Ctrl Pts',(10.0602724815544,4.99475146537903,-93.485994643698));
#2629=CARTESIAN_POINT('Ctrl Pts',(10.0306312930293,4.94182708473258,-93.6588191290646));
#2630=CARTESIAN_POINT('Ctrl Pts',(9.9672739290488,4.82788519786089,-94.0129874780554));
#2631=CARTESIAN_POINT('Ctrl Pts',(9.9335577535934,4.76686769163565,-94.1943313416796));
#2632=CARTESIAN_POINT('Ctrl Pts',(9.82669584714502,4.57526828681917,-94.7484805847578));
#2633=CARTESIAN_POINT('Ctrl Pts',(9.74783673606982,4.43613950208716,-95.1314036164177));
#2634=CARTESIAN_POINT('Ctrl Pts',(9.49159868502118,4.01330802114737,-96.2993519987752));
#2635=CARTESIAN_POINT('Ctrl Pts',(8.90047971163175,3.14586455229281,-98.7119659130022));
#2636=CARTESIAN_POINT('Ctrl Pts',(7.72717204940047,2.90771964048196,-101.934560612827));
#2637=CARTESIAN_POINT('Ctrl Pts',(5.38294435647915,1.74502416889689,-103.717652149619));
#2638=CARTESIAN_POINT('Ctrl Pts',(2.96154069688966,1.58411138435497,-104.296413877339));
#2639=CARTESIAN_POINT('Ctrl Pts',(0.882372259458983,0.824314323074339,-104.152190856546));
#2640=CARTESIAN_POINT('Ctrl Pts',(-1.31884753492401,1.05854579481778,-104.296413877339));
#2641=CARTESIAN_POINT('Ctrl Pts',(-3.70725348327536,0.628888218622108,-103.717652149619));
#2642=CARTESIAN_POINT('Ctrl Pts',(-6.26312908762576,1.1899266584728,-101.934560612827));
#2643=CARTESIAN_POINT('Ctrl Pts',(-7.45919696638835,1.13714883486865,-98.7119659130022));
#2644=CARTESIAN_POINT('Ctrl Pts',(-8.24261074829961,1.83582090291695,-96.2993519987753));
#2645=CARTESIAN_POINT('Ctrl Pts',(-8.59352962752957,2.18410288677333,-95.1314036164177));
#2646=CARTESIAN_POINT('Ctrl Pts',(-8.7037045853186,2.30002120636416,-94.7484805847579));
#2647=CARTESIAN_POINT('Ctrl Pts',(-8.85374432765615,2.46007705503923,-94.1943313416796));
#2648=CARTESIAN_POINT('Ctrl Pts',(-8.90122045937766,2.51112539947905,-94.0129874780554));
#2649=CARTESIAN_POINT('Ctrl Pts',(-8.99026087613624,2.60635519176012,-93.6588191290646));
#2650=CARTESIAN_POINT('Ctrl Pts',(-9.03182516117331,2.65053663960135,-93.485994643698));
#2651=CARTESIAN_POINT('Ctrl Pts',(-9.07001471525029,2.69015479596252,-93.3183169858537));
#2652=CARTESIAN_POINT('Ctrl Pts',(10.1442202143026,4.62678894506184,-92.6136384762902));
#2653=CARTESIAN_POINT('Ctrl Pts',(10.1147492213523,4.58130799961861,-92.791352816732));
#2654=CARTESIAN_POINT('Ctrl Pts',(10.0835399897528,4.52858312112737,-92.9696020908919));
#2655=CARTESIAN_POINT('Ctrl Pts',(10.0176535211088,4.4124526108414,-93.3280910271397));
#2656=CARTESIAN_POINT('Ctrl Pts',(9.9829762840642,4.34904697904665,-93.5083306892277));
#2657=CARTESIAN_POINT('Ctrl Pts',(9.87375527254255,4.14851962289592,-94.0534160381226));
#2658=CARTESIAN_POINT('Ctrl Pts',(9.79402219767761,4.00108743777343,-94.42262808756));
#2659=CARTESIAN_POINT('Ctrl Pts',(9.53416743376996,3.56323439285,-95.5587759323009));
#2660=CARTESIAN_POINT('Ctrl Pts',(8.93183574870319,2.70530234477929,-97.9451184074974));
#2661=CARTESIAN_POINT('Ctrl Pts',(7.7619933247293,2.50298748359234,-100.823297975878));
#2662=CARTESIAN_POINT('Ctrl Pts',(5.53048870545036,0.708052602171933,-101.538807082821));
#2663=CARTESIAN_POINT('Ctrl Pts',(3.16389543645946,0.291585216885973,-101.983793415409));
#2664=CARTESIAN_POINT('Ctrl Pts',(1.04722459240255,-0.518300185877919,-101.961078280734));
#2665=CARTESIAN_POINT('Ctrl Pts',(-1.20250109337401,-0.244540863757591,
-101.983793415409));
#2666=CARTESIAN_POINT('Ctrl Pts',(-3.59954900741323,-0.412975069428973,
-101.538807082821));
#2667=CARTESIAN_POINT('Ctrl Pts',(-6.19900245165592,0.788792747421589,-100.823297975878));
#2668=CARTESIAN_POINT('Ctrl Pts',(-7.38303995078044,0.702087495832744,-97.9451184074976));
#2669=CARTESIAN_POINT('Ctrl Pts',(-8.17503235796634,1.38881807247987,-95.5587759323009));
#2670=CARTESIAN_POINT('Ctrl Pts',(-8.53309456346036,1.75080045364086,-94.4226280875599));
#2671=CARTESIAN_POINT('Ctrl Pts',(-8.64612629894188,1.87456409616744,-94.0534160381225));
#2672=CARTESIAN_POINT('Ctrl Pts',(-8.80061493776044,2.04271197869528,-93.5083306892277));
#2673=CARTESIAN_POINT('Ctrl Pts',(-8.84960132329937,2.09584500932756,-93.3280910271396));
#2674=CARTESIAN_POINT('Ctrl Pts',(-8.94162519542943,2.19258656775956,-92.9696020908917));
#2675=CARTESIAN_POINT('Ctrl Pts',(-8.98466268202061,2.23619509555928,-92.7913528167319));
#2676=CARTESIAN_POINT('Ctrl Pts',(-9.02426109706467,2.2731953840701,-92.6136384762901));
#2677=CARTESIAN_POINT('Ctrl Pts',(10.164230341137,4.38657964834138,-92.246245171243));
#2678=CARTESIAN_POINT('Ctrl Pts',(10.1368719505653,4.34635346856736,-92.4108057285075));
#2679=CARTESIAN_POINT('Ctrl Pts',(10.1083670132455,4.29561294474687,-92.5690453754277));
#2680=CARTESIAN_POINT('Ctrl Pts',(10.0478876816225,4.18069657875152,-92.8854713398261));
#2681=CARTESIAN_POINT('Ctrl Pts',(10.0159132873193,4.11652073657667,-93.0436576573043));
#2682=CARTESIAN_POINT('Ctrl Pts',(9.9130213737045,3.91523028712848,-93.5370193524454));
#2683=CARTESIAN_POINT('Ctrl Pts',(9.8351351236874,3.76935275693151,-93.8909974728147));
#2684=CARTESIAN_POINT('Ctrl Pts',(9.57712864351605,3.32608000274213,-94.9900876352463));
#2685=CARTESIAN_POINT('Ctrl Pts',(8.96372476269303,2.41697383996955,-97.3368911654039));
#2686=CARTESIAN_POINT('Ctrl Pts',(7.79770351968225,2.22292531586906,-99.9936907873753));
#2687=CARTESIAN_POINT('Ctrl Pts',(5.60822576601107,0.150005983461992,-100.131220741116));
#2688=CARTESIAN_POINT('Ctrl Pts',(3.26053860106107,-0.393079043399731,-100.504916478442));
#2689=CARTESIAN_POINT('Ctrl Pts',(1.13167215505005,-1.20607039107723,-100.545656110356));
#2690=CARTESIAN_POINT('Ctrl Pts',(-1.13063826726308,-0.932247767023898,
-100.504916478442));
#2691=CARTESIAN_POINT('Ctrl Pts',(-3.53997324921726,-0.973251615675193,
-100.131220741116));
#2692=CARTESIAN_POINT('Ctrl Pts',(-6.16589873070188,0.508410544932855,-99.9936907873752));
#2693=CARTESIAN_POINT('Ctrl Pts',(-7.34422874633098,0.414608929139075,-97.3368911654038));
#2694=CARTESIAN_POINT('Ctrl Pts',(-8.15934459657394,1.14831492399158,-94.9900876352463));
#2695=CARTESIAN_POINT('Ctrl Pts',(-8.5169245665969,1.51600316619608,-93.8909974728147));
#2696=CARTESIAN_POINT('Ctrl Pts',(-8.6277882307548,1.63870512106062,-93.5370193524454));
#2697=CARTESIAN_POINT('Ctrl Pts',(-8.77632038190026,1.80912457711679,-93.0436576573043));
#2698=CARTESIAN_POINT('Ctrl Pts',(-8.82287054143351,1.86365881642874,-92.8854713398261));
#2699=CARTESIAN_POINT('Ctrl Pts',(-8.90935416353234,1.96053040068236,-92.5690453754277));
#2700=CARTESIAN_POINT('Ctrl Pts',(-8.94928762609792,2.00286774562402,-92.4108057285074));
#2701=CARTESIAN_POINT('Ctrl Pts',(-8.98556494921107,2.03528044223551,-92.246245171243));
#2702=CARTESIAN_POINT('Ctrl Pts',(10.1714075989325,4.27347903724416,-92.0814771739685));
#2703=CARTESIAN_POINT('Ctrl Pts',(10.1466518211301,4.23779662281987,-92.2302567403095));
#2704=CARTESIAN_POINT('Ctrl Pts',(10.1209781838736,4.189635497912,-92.3699066133563));
#2705=CARTESIAN_POINT('Ctrl Pts',(10.0649803913245,4.07694330127743,-92.6542305212402));
#2706=CARTESIAN_POINT('Ctrl Pts',(10.0347952825682,4.01284261773426,-92.7984624342002));
#2707=CARTESIAN_POINT('Ctrl Pts',(9.93547973646002,3.81210950211132,-93.2643544670521));
#2708=CARTESIAN_POINT('Ctrl Pts',(9.85847540179484,3.66308607445724,-93.6068486855596));
#2709=CARTESIAN_POINT('Ctrl Pts',(9.6013912160588,3.20814958676912,-94.6781100850154));
#2710=CARTESIAN_POINT('Ctrl Pts',(8.98293811762469,2.26681179248927,-96.9957478596595));
#2711=CARTESIAN_POINT('Ctrl Pts',(7.81926297459764,2.07358851361005,-99.5381747915404));
#2712=CARTESIAN_POINT('Ctrl Pts',(5.64485077048218,-0.117524978086175,-99.4131834570009));
#2713=CARTESIAN_POINT('Ctrl Pts',(3.30390780283774,-0.717399001031452,-99.7532961592536));
#2714=CARTESIAN_POINT('Ctrl Pts',(1.17113801180404,-1.52749400055854,-99.8224691015059));
#2715=CARTESIAN_POINT('Ctrl Pts',(-1.09425911946791,-1.25742599536443,-99.7532961592536));
#2716=CARTESIAN_POINT('Ctrl Pts',(-3.51078873718108,-1.24169615481988,-99.4131834570008));
#2717=CARTESIAN_POINT('Ctrl Pts',(-6.15068993538183,0.358293979723987,-99.5381747915404));
#2718=CARTESIAN_POINT('Ctrl Pts',(-7.32654389533504,0.264259204974209,-96.9957478596594));
#2719=CARTESIAN_POINT('Ctrl Pts',(-8.15435651723959,1.02801789783335,-94.6781100850154));
#2720=CARTESIAN_POINT('Ctrl Pts',(-8.51386330143138,1.40724653402219,-93.6068486855596));
#2721=CARTESIAN_POINT('Ctrl Pts',(-8.62463230836856,1.53321429437835,-93.264354467052));
#2722=CARTESIAN_POINT('Ctrl Pts',(-8.7695594941512,1.70395817341236,-92.7984624342002));
#2723=CARTESIAN_POINT('Ctrl Pts',(-8.81435533504664,1.75885235397645,-92.6542305212401));
#2724=CARTESIAN_POINT('Ctrl Pts',(-8.89595246366702,1.85465001863276,-92.3699066133563));
#2725=CARTESIAN_POINT('Ctrl Pts',(-8.93251471480696,1.89516953731147,-92.2302567403095));
#2726=CARTESIAN_POINT('Ctrl Pts',(-8.96516749754629,1.92380306683758,-92.0814771739685));
#2727=CARTESIAN_POINT('Ctrl Pts',(10.1732125680806,4.24103071735526,-92.0351809130519));
#2728=CARTESIAN_POINT('Ctrl Pts',(10.1498478708275,4.20299337694462,-92.1710636141117));
#2729=CARTESIAN_POINT('Ctrl Pts',(10.1252148505632,4.15606095585961,-92.3037169586092));
#2730=CARTESIAN_POINT('Ctrl Pts',(10.0710072327994,4.04437966521454,-92.57549508589));
#2731=CARTESIAN_POINT('Ctrl Pts',(10.0412699492899,3.98137072783077,-92.7176781241474));
#2732=CARTESIAN_POINT('Ctrl Pts',(9.94343674274095,3.77998988758335,-93.1710550814951));
#2733=CARTESIAN_POINT('Ctrl Pts',(9.86671946368108,3.6292639566236,-93.5090768431608));
#2734=CARTESIAN_POINT('Ctrl Pts',(9.609942401518,3.16894724462494,-94.5695120013212));
#2735=CARTESIAN_POINT('Ctrl Pts',(8.98988737725804,2.21575814414994,-96.875861810295));
#2736=CARTESIAN_POINT('Ctrl Pts',(7.82706685247591,2.02225862645749,-99.3795507259983));
#2737=CARTESIAN_POINT('Ctrl Pts',(5.65668518433767,-0.204786573967764,-99.1714636767521));
#2738=CARTESIAN_POINT('Ctrl Pts',(3.31753880667594,-0.822503624823505,-99.5007257444066));
#2739=CARTESIAN_POINT('Ctrl Pts',(1.18383364329374,-1.63089162153259,-99.5788274446123));
#2740=CARTESIAN_POINT('Ctrl Pts',(-1.08205811441291,-1.36270620092916,-99.5007257444067));
#2741=CARTESIAN_POINT('Ctrl Pts',(-3.50116112767932,-1.32922871220505,-99.1714636767521));
#2742=CARTESIAN_POINT('Ctrl Pts',(-6.14584418113464,0.306600880660281,-99.3795507259983));
#2743=CARTESIAN_POINT('Ctrl Pts',(-7.32093573687452,0.213040890116249,-96.8758618102949));
#2744=CARTESIAN_POINT('Ctrl Pts',(-8.15316979102178,0.987911313794929,-94.5695120013212));
#2745=CARTESIAN_POINT('Ctrl Pts',(-8.51368016858724,1.37243465855565,-93.5090768431608));
#2746=CARTESIAN_POINT('Ctrl Pts',(-8.62458251952437,1.50012379562945,-93.1710550814951));
#2747=CARTESIAN_POINT('Ctrl Pts',(-8.76822809633678,1.67185476949448,-92.7176781241474));
#2748=CARTESIAN_POINT('Ctrl Pts',(-8.8123252970087,1.72579797215855,-92.5754950858899));
#2749=CARTESIAN_POINT('Ctrl Pts',(-8.89194086639244,1.82104784153107,-92.3037169586092));
#2750=CARTESIAN_POINT('Ctrl Pts',(-8.92719616095411,1.86062690217696,-92.1710636141117));
#2751=CARTESIAN_POINT('Ctrl Pts',(-8.95906889234022,1.89188193916673,-92.0351809130519));
#2752=CARTESIAN_POINT('Ctrl Pts',(10.1756476061427,4.18663784519781,-91.9598412009022));
#2753=CARTESIAN_POINT('Ctrl Pts',(10.1555959456914,4.14347736939544,-92.064552197848));
#2754=CARTESIAN_POINT('Ctrl Pts',(10.1339291590128,4.09616648953641,-92.1749868578454));
#2755=CARTESIAN_POINT('Ctrl Pts',(10.0840537929908,3.98470955458503,-92.4142129002985));
#2756=CARTESIAN_POINT('Ctrl Pts',(10.0554851374511,3.92161600011814,-92.5471854281282));
#2757=CARTESIAN_POINT('Ctrl Pts',(9.96026494556134,3.71794733628171,-92.9772542811473));
#2758=CARTESIAN_POINT('Ctrl Pts',(9.88409918394039,3.5629842264764,-93.3055018758667));
#2759=CARTESIAN_POINT('Ctrl Pts',(9.62795186847968,3.08995234468618,-94.3419530957802));
#2760=CARTESIAN_POINT('Ctrl Pts',(9.0050571151668,2.11131837160863,-96.6216892786282));
#2761=CARTESIAN_POINT('Ctrl Pts',(7.84411519168095,1.91597996166449,-99.0464699942983));
#2762=CARTESIAN_POINT('Ctrl Pts',(5.67953195883354,-0.375345156308792,-98.6836875957796));
#2763=CARTESIAN_POINT('Ctrl Pts',(3.34301267073305,-1.02623043726859,-98.9920302299102));
#2764=CARTESIAN_POINT('Ctrl Pts',(1.20824771724156,-1.82972829748184,-99.0866049085749));
#2765=CARTESIAN_POINT('Ctrl Pts',(-1.05748931918807,-1.56654414185341,-98.9920302299103));
#2766=CARTESIAN_POINT('Ctrl Pts',(-3.48206739978112,-1.50024811072462,-98.6836875957796));
#2767=CARTESIAN_POINT('Ctrl Pts',(-6.13667497575686,0.199354779880006,-99.0464699942982));
#2768=CARTESIAN_POINT('Ctrl Pts',(-7.31038860098693,0.108033533415538,-96.6216892786281));
#2769=CARTESIAN_POINT('Ctrl Pts',(-8.15153370391132,0.906906015600649,-94.3419530957802));
#2770=CARTESIAN_POINT('Ctrl Pts',(-8.51450911892168,1.30391918478497,-93.3055018758667));
#2771=CARTESIAN_POINT('Ctrl Pts',(-8.62590140118316,1.43585306252836,-92.9772542811473));
#2772=CARTESIAN_POINT('Ctrl Pts',(-8.76756505565855,1.61043604730386,-92.5471854281282));
#2773=CARTESIAN_POINT('Ctrl Pts',(-8.81054881233087,1.66474407025576,-92.4142129002985));
#2774=CARTESIAN_POINT('Ctrl Pts',(-8.88590653980964,1.76082431481114,-92.1749868578454));
#2775=CARTESIAN_POINT('Ctrl Pts',(-8.91837526806406,1.80148818923986,-92.064552197848));
#2776=CARTESIAN_POINT('Ctrl Pts',(-8.94827277262579,1.83851567874863,-91.9598412009022));
#2777=CARTESIAN_POINT('Ctrl Pts',(10.1762776750567,4.16469329292925,-91.930797749669));
#2778=CARTESIAN_POINT('Ctrl Pts',(10.1567035337265,4.11911929100299,-92.0285274358831));
#2779=CARTESIAN_POINT('Ctrl Pts',(10.1386004398967,4.07058156665106,-92.1127681624704));
#2780=CARTESIAN_POINT('Ctrl Pts',(10.0914124006129,3.95843448017907,-92.3310867585943));
#2781=CARTESIAN_POINT('Ctrl Pts',(10.0634689862366,3.89494561604372,-92.4565914246957));
#2782=CARTESIAN_POINT('Ctrl Pts',(9.96913614210079,3.68802439950802,-92.8767528663564));
#2783=CARTESIAN_POINT('Ctrl Pts',(9.89323484231346,3.53052661416283,-93.1996987509713));
#2784=CARTESIAN_POINT('Ctrl Pts',(9.63741014998216,3.05015978689161,-94.2229922739334));
#2785=CARTESIAN_POINT('Ctrl Pts',(9.01327759344221,2.05793224740664,-96.4874027963257));
#2786=CARTESIAN_POINT('Ctrl Pts',(7.8533596530077,1.86103118402405,-98.8720133281404));
#2787=CARTESIAN_POINT('Ctrl Pts',(5.69054431947391,-0.458642142768231,-98.4376312950559));
#2788=CARTESIAN_POINT('Ctrl Pts',(3.35485553095197,-1.12485262592163,-98.7359051302609));
#2789=CARTESIAN_POINT('Ctrl Pts',(1.21996615969968,-1.92516735245704,-98.8380240294311));
#2790=CARTESIAN_POINT('Ctrl Pts',(-1.04512152901824,-1.66510187721292,-98.7359051302609));
#2791=CARTESIAN_POINT('Ctrl Pts',(-3.47260128138468,-1.58373495185902,-98.4376312950559));
#2792=CARTESIAN_POINT('Ctrl Pts',(-6.13235152462627,0.143801778163438,-98.8720133281403));
#2793=CARTESIAN_POINT('Ctrl Pts',(-7.30544962355984,0.0542444915727883,
-96.4874027963257));
#2794=CARTESIAN_POINT('Ctrl Pts',(-8.15108434301867,0.866007301444792,-94.2229922739334));
#2795=CARTESIAN_POINT('Ctrl Pts',(-8.51552120210025,1.27021558648082,-93.1996987509714));
#2796=CARTESIAN_POINT('Ctrl Pts',(-8.62727007168615,1.40467282817617,-92.8767528663564));
#2797=CARTESIAN_POINT('Ctrl Pts',(-8.76885960014265,1.58262641978595,-92.4565914246956));
#2798=CARTESIAN_POINT('Ctrl Pts',(-8.81133232205064,1.63746926954716,-92.3310867585942));
#2799=CARTESIAN_POINT('Ctrl Pts',(-8.8842495106444,1.73486928835205,-92.1127681624704));
#2800=CARTESIAN_POINT('Ctrl Pts',(-8.9135572035031,1.77758570007838,-92.0285274358831));
#2801=CARTESIAN_POINT('Ctrl Pts',(-8.94357525811743,1.81707054600138,-91.930797749669));
#2802=CARTESIAN_POINT('Ctrl Pts',(10.1768501397449,4.14130871217234,-91.9004406369107));
#2803=CARTESIAN_POINT('Ctrl Pts',(10.1595077146935,4.0925954432265,-91.9776870314631));
#2804=CARTESIAN_POINT('Ctrl Pts',(10.1422211027234,4.04432846556668,-92.0546886366811));
#2805=CARTESIAN_POINT('Ctrl Pts',(10.0984092961114,3.9329202887706,-92.24788603862));
#2806=CARTESIAN_POINT('Ctrl Pts',(10.0718841014695,3.86977908963434,-92.3640818353407));
#2807=CARTESIAN_POINT('Ctrl Pts',(9.97845064353634,3.65804416001087,-92.7714605127573));
#2808=CARTESIAN_POINT('Ctrl Pts',(9.90279812798962,3.49783339771156,-93.0889199235599));
#2809=CARTESIAN_POINT('Ctrl Pts',(9.64731186624963,3.00966921693317,-94.0982742808845));
#2810=CARTESIAN_POINT('Ctrl Pts',(9.02222448237024,2.00321327985457,-96.3448874952016));
#2811=CARTESIAN_POINT('Ctrl Pts',(7.86342730487642,1.80401446896198,-98.6885094616306));
#2812=CARTESIAN_POINT('Ctrl Pts',(5.70110854786736,-0.539889911106653,-98.1896124927342));
#2813=CARTESIAN_POINT('Ctrl Pts',(3.36573564430563,-1.2199944081875,-98.4782556542601));
#2814=CARTESIAN_POINT('Ctrl Pts',(1.23116706722118,-2.0163914236198,-98.5870832486471));
#2815=CARTESIAN_POINT('Ctrl Pts',(-1.0326615761902,-1.76004967958263,-98.4782556542601));
#2816=CARTESIAN_POINT('Ctrl Pts',(-3.46319609291657,-1.66512503240575,-98.1896124927342));
#2817=CARTESIAN_POINT('Ctrl Pts',(-6.12832653241945,0.0860431177880915,
-98.6885094616305));
#2818=CARTESIAN_POINT('Ctrl Pts',(-7.30089303529472,-0.0010135371184139,
-96.3448874952016));
#2819=CARTESIAN_POINT('Ctrl Pts',(-8.15089638055753,0.824324032490519,-94.0982742808845));
#2820=CARTESIAN_POINT('Ctrl Pts',(-8.51689121242384,1.236179930081,-93.0889199235599));
#2821=CARTESIAN_POINT('Ctrl Pts',(-8.62905501625177,1.3733297480755,-92.7714605127573));
#2822=CARTESIAN_POINT('Ctrl Pts',(-8.7709364167147,1.55617164613687,-92.3640818353407));
#2823=CARTESIAN_POINT('Ctrl Pts',(-8.81194893829982,1.61102025644182,-92.2478860386199));
#2824=CARTESIAN_POINT('Ctrl Pts',(-8.88141142433168,1.70852009895404,-92.0546886366811));
#2825=CARTESIAN_POINT('Ctrl Pts',(-8.90986138877842,1.75117133116131,-91.9776870314631));
#2826=CARTESIAN_POINT('Ctrl Pts',(-8.93847347605329,1.79424209548966,-91.9004406369106));
#2827=CARTESIAN_POINT('',(-8.93847347605329,1.79424209548966,-91.9004406369106));
#2828=CARTESIAN_POINT('Ctrl Pts',(-8.93847347605329,1.79424209548966,-91.9004406369106));
#2829=CARTESIAN_POINT('Ctrl Pts',(-8.94357525811743,1.81707054600138,-91.930797749669));
#2830=CARTESIAN_POINT('Ctrl Pts',(-8.95297028713415,1.85996081149588,-91.9888846521354));
#2831=CARTESIAN_POINT('Ctrl Pts',(-8.96516749754629,1.92380306683758,-92.0814771739685));
#2832=CARTESIAN_POINT('Ctrl Pts',(-8.98556494921107,2.03528044223551,-92.246245171243));
#2833=CARTESIAN_POINT('Ctrl Pts',(-9.02426109706467,2.2731953840701,-92.6136384762901));
#2834=CARTESIAN_POINT('Ctrl Pts',(-9.07001471525029,2.69015479596252,-93.3183169858537));
#2835=CARTESIAN_POINT('Ctrl Pts',(-9.11063228668007,3.02998382428601,-93.8802147564816));
#2836=CARTESIAN_POINT('Ctrl Pts',(-9.12693163776874,3.25133867170937,-94.301067715305));
#2837=CARTESIAN_POINT('Ctrl Pts',(-9.13324543090036,3.37349432366173,-94.54750157642));
#2838=CARTESIAN_POINT('Ctrl Pts',(-9.13045434217702,3.44482148295428,-94.7256658813339));
#2839=CARTESIAN_POINT('Ctrl Pts',(-9.12793156416175,3.48059060041058,-94.8209027754478));
#2840=CARTESIAN_POINT('Ctrl Pts',(1.20962372283336,-1.84093496370822,-98.5508073838514));
#2841=CARTESIAN_POINT('Ctrl Pts',(0.476557519417385,-1.93094417560741,-98.5508073838515));
#2842=CARTESIAN_POINT('Ctrl Pts',(-1.0326615761902,-1.76004967958263,-98.4782556542601));
#2843=CARTESIAN_POINT('Ctrl Pts',(-3.46319609291657,-1.66512503240575,-98.1896124927342));
#2844=CARTESIAN_POINT('Ctrl Pts',(-6.12832653241945,0.0860431177880915,
-98.6885094616305));
#2845=CARTESIAN_POINT('Ctrl Pts',(-7.30089303529472,-0.0010135371184139,
-96.3448874952016));
#2846=CARTESIAN_POINT('Ctrl Pts',(-8.292563604768,0.961880294092009,-93.723838745165));
#2847=CARTESIAN_POINT('Ctrl Pts',(-8.62905501625177,1.3733297480755,-92.7714605127573));
#2848=CARTESIAN_POINT('Ctrl Pts',(-8.7709364167147,1.55617164613687,-92.3640818353407));
#2849=CARTESIAN_POINT('Ctrl Pts',(-8.85296145988494,1.66586886674677,-92.1316902418991));
#2850=CARTESIAN_POINT('Ctrl Pts',(-8.90986138877842,1.75117133116131,-91.9776870314631));
#2851=CARTESIAN_POINT('Ctrl Pts',(-8.93847347605329,1.79424209548966,-91.9004406369106));
#2852=CARTESIAN_POINT('Ctrl Pts',(10.1768501397449,4.14130871217234,-91.9004406369107));
#2853=CARTESIAN_POINT('Ctrl Pts',(10.1595077146935,4.0925954432265,-91.9776870314631));
#2854=CARTESIAN_POINT('Ctrl Pts',(10.1422211027234,4.04432846556668,-92.0546886366811));
#2855=CARTESIAN_POINT('Ctrl Pts',(10.0984092961114,3.9329202887706,-92.24788603862));
#2856=CARTESIAN_POINT('Ctrl Pts',(10.0718841014695,3.86977908963434,-92.3640818353407));
#2857=CARTESIAN_POINT('Ctrl Pts',(9.97845064353634,3.65804416001087,-92.7714605127573));
#2858=CARTESIAN_POINT('Ctrl Pts',(9.75149309689619,3.17741187311293,-93.7238387451649));
#2859=CARTESIAN_POINT('Ctrl Pts',(9.02222448237024,2.00321327985457,-96.3448874952016));
#2860=CARTESIAN_POINT('Ctrl Pts',(7.86342730487642,1.80401446896198,-98.6885094616306));
#2861=CARTESIAN_POINT('Ctrl Pts',(5.70110854786736,-0.539889911106657,-98.1896124927342));
#2862=CARTESIAN_POINT('Ctrl Pts',(3.36573564430563,-1.21999440818749,-98.4782556542601));
#2863=CARTESIAN_POINT('Ctrl Pts',(1.23116706722118,-2.0163914236198,-98.5870832486471));
#2864=CARTESIAN_POINT('Ctrl Pts',(-1.0326615761902,-1.76004967958263,-98.4782556542601));
#2865=CARTESIAN_POINT('Ctrl Pts',(-3.46319609291657,-1.66512503240575,-98.1896124927342));
#2866=CARTESIAN_POINT('Ctrl Pts',(-6.12832653241945,0.0860431177880896,
-98.6885094616305));
#2867=CARTESIAN_POINT('Ctrl Pts',(-7.30089303529472,-0.00101353711841463,
-96.3448874952016));
#2868=CARTESIAN_POINT('Ctrl Pts',(-8.29256360476799,0.961880294092005,-93.723838745165));
#2869=CARTESIAN_POINT('Ctrl Pts',(-8.62905501625177,1.3733297480755,-92.7714605127573));
#2870=CARTESIAN_POINT('Ctrl Pts',(-8.7709364167147,1.55617164613687,-92.3640818353407));
#2871=CARTESIAN_POINT('Ctrl Pts',(-8.81194893829982,1.61102025644182,-92.2478860386199));
#2872=CARTESIAN_POINT('Ctrl Pts',(-8.88141142433168,1.70852009895404,-92.0546886366811));
#2873=CARTESIAN_POINT('Ctrl Pts',(-8.90986138877842,1.75117133116131,-91.9776870314631));
#2874=CARTESIAN_POINT('Ctrl Pts',(-8.93847347605329,1.79424209548966,-91.9004406369106));
#2875=CARTESIAN_POINT('Ctrl Pts',(10.1953374941727,4.14325281960435,-91.7624800168415));
#2876=CARTESIAN_POINT('Ctrl Pts',(10.1785674207244,4.07713831821849,-91.8160888864162));
#2877=CARTESIAN_POINT('Ctrl Pts',(10.160605865472,4.02111628789945,-91.8892185502864));
#2878=CARTESIAN_POINT('Ctrl Pts',(10.1158635855504,3.88973394038417,-92.0663964995077));
#2879=CARTESIAN_POINT('Ctrl Pts',(10.0887143319355,3.81944603681557,-92.1790626566308));
#2880=CARTESIAN_POINT('Ctrl Pts',(9.99707964640743,3.59808368101656,-92.5608758055592));
#2881=CARTESIAN_POINT('Ctrl Pts',(9.77161480521094,3.10117353239392,-93.4803351950924));
#2882=CARTESIAN_POINT('Ctrl Pts',(9.04011826022628,1.89377534475041,-96.0598568929533));
#2883=CARTESIAN_POINT('Ctrl Pts',(7.88356260861388,1.68998103883783,-98.321501728611));
#2884=CARTESIAN_POINT('Ctrl Pts',(5.72223700465427,-0.702385447783502,-97.6935748880909));
#2885=CARTESIAN_POINT('Ctrl Pts',(3.38749587101294,-1.41027797271924,-97.9629567022584));
#2886=CARTESIAN_POINT('Ctrl Pts',(1.25356888226417,-2.19883956594532,-98.0852016870792));
#2887=CARTESIAN_POINT('Ctrl Pts',(-1.00774167053412,-1.94994528432205,-97.9629567022584));
#2888=CARTESIAN_POINT('Ctrl Pts',(-3.44438571598037,-1.8279051934992,-97.693574888091));
#2889=CARTESIAN_POINT('Ctrl Pts',(-6.1202765480058,-0.0294742029626033,
-98.321501728611));
#2890=CARTESIAN_POINT('Ctrl Pts',(-7.29177985876446,-0.111529594500819,
-96.0598568929533));
#2891=CARTESIAN_POINT('Ctrl Pts',(-8.29364388844705,0.883038676095767,-93.4803351950924));
#2892=CARTESIAN_POINT('Ctrl Pts',(-8.63262490538301,1.31064358787415,-92.5608758055592));
#2893=CARTESIAN_POINT('Ctrl Pts',(-8.77509004985879,1.5032620988387,-92.1790626566308));
#2894=CARTESIAN_POINT('Ctrl Pts',(-8.81843703748201,1.56489415238156,-92.0663964995076));
#2895=CARTESIAN_POINT('Ctrl Pts',(-8.89363454703303,1.68154974551167,-91.8892185502864));
#2896=CARTESIAN_POINT('Ctrl Pts',(-8.92461552310185,1.73156238861294,-91.8160888864163));
#2897=CARTESIAN_POINT('Ctrl Pts',(-8.9568819991999,1.79165595879457,-91.7624800168415));
#2898=CARTESIAN_POINT('Ctrl Pts',(10.2129664931827,4.14442505760315,-91.6297078894221));
#2899=CARTESIAN_POINT('Ctrl Pts',(10.1974105253597,4.07286253453324,-91.6681509371072));
#2900=CARTESIAN_POINT('Ctrl Pts',(10.1794133247271,4.00087693533352,-91.7212391204943));
#2901=CARTESIAN_POINT('Ctrl Pts',(10.1346964956085,3.85131921379644,-91.8758548673338));
#2902=CARTESIAN_POINT('Ctrl Pts',(10.1080783015193,3.77547345220253,-91.9784832824785));
#2903=CARTESIAN_POINT('Ctrl Pts',(10.0174818688629,3.53789399112835,-92.3311273431284));
#2904=CARTESIAN_POINT('Ctrl Pts',(9.7933216019939,3.02256636381023,-93.2154507252916));
#2905=CARTESIAN_POINT('Ctrl Pts',(9.06091768069277,1.7790060362459,-95.7419110154183));
#2906=CARTESIAN_POINT('Ctrl Pts',(7.90699067451926,1.56767585902713,-97.918305194184));
#2907=CARTESIAN_POINT('Ctrl Pts',(5.74157293245351,-0.856684111976281,-97.189687277056));
#2908=CARTESIAN_POINT('Ctrl Pts',(3.40540511025922,-1.58663991170233,-97.4415602448508));
#2909=CARTESIAN_POINT('Ctrl Pts',(1.27390055756066,-2.36442777302105,-97.5738805189509));
#2910=CARTESIAN_POINT('Ctrl Pts',(-0.982453114245219,-2.1254011571023,-97.4415602448508));
#2911=CARTESIAN_POINT('Ctrl Pts',(-3.42581905875754,-1.98229831224192,-97.189687277056));
#2912=CARTESIAN_POINT('Ctrl Pts',(-6.11342039928725,-0.153814158348409,
-97.918305194184));
#2913=CARTESIAN_POINT('Ctrl Pts',(-7.28419623888204,-0.227921599277029,
-95.7419110154182));
#2914=CARTESIAN_POINT('Ctrl Pts',(-8.29568910536521,0.801515126939218,-93.2154507252916));
#2915=CARTESIAN_POINT('Ctrl Pts',(-8.63785989076478,1.24730604467887,-92.3311273431283));
#2916=CARTESIAN_POINT('Ctrl Pts',(-8.78324089576578,1.45591111968729,-91.9784832824785));
#2917=CARTESIAN_POINT('Ctrl Pts',(-8.82741716614965,1.52306441404653,-91.8758548673338));
#2918=CARTESIAN_POINT('Ctrl Pts',(-8.90698700183187,1.65736165201995,-91.7212391204944));
#2919=CARTESIAN_POINT('Ctrl Pts',(-8.94186450130488,1.72285505438433,-91.6681509371071));
#2920=CARTESIAN_POINT('Ctrl Pts',(-8.97427093163656,1.78852853545697,-91.6297078894221));
#2921=CARTESIAN_POINT('Ctrl Pts',(10.2515267201221,4.14800363757082,-91.3286008299554));
#2922=CARTESIAN_POINT('Ctrl Pts',(10.2381681504561,4.05987146771119,-91.3321659219905));
#2923=CARTESIAN_POINT('Ctrl Pts',(10.2207334512478,3.97001571748673,-91.3593351791502));
#2924=CARTESIAN_POINT('Ctrl Pts',(10.1765786115861,3.78724959949137,-91.4686166432534));
#2925=CARTESIAN_POINT('Ctrl Pts',(10.1502956748706,3.6969639458985,-91.5502025569234));
#2926=CARTESIAN_POINT('Ctrl Pts',(10.0607633986885,3.42313997250142,-91.8475384118797));
#2927=CARTESIAN_POINT('Ctrl Pts',(9.83896498218193,2.8636239752333,-92.652522577576));
#2928=CARTESIAN_POINT('Ctrl Pts',(9.10713750000588,1.54279702555837,-95.0524534189935));
#2929=CARTESIAN_POINT('Ctrl Pts',(7.95929759154858,1.31147490623457,-97.0537719366479));
#2930=CARTESIAN_POINT('Ctrl Pts',(5.77771181980435,-1.14972471268697,-96.1714655057049));
#2931=CARTESIAN_POINT('Ctrl Pts',(3.43538588926915,-1.9141490704125,-96.3914435171566));
#2932=CARTESIAN_POINT('Ctrl Pts',(1.31091127214333,-2.66585585412921,-96.5383859790239));
#2933=CARTESIAN_POINT('Ctrl Pts',(-0.932311699487566,-2.45043490100466,
-96.3914435171566));
#2934=CARTESIAN_POINT('Ctrl Pts',(-3.38999152909484,-2.27537714286963,-96.171465505705));
#2935=CARTESIAN_POINT('Ctrl Pts',(-6.10219295718145,-0.415059036431575,
-97.0537719366479));
#2936=CARTESIAN_POINT('Ctrl Pts',(-7.27189900040755,-0.468295779157515,
-95.0524534189935));
#2937=CARTESIAN_POINT('Ctrl Pts',(-8.30152503815878,0.636251873522262,-92.6525225775759));
#2938=CARTESIAN_POINT('Ctrl Pts',(-8.65209426446736,1.12548996109229,-91.8475384118797));
#2939=CARTESIAN_POINT('Ctrl Pts',(-8.80521106411543,1.36952037426008,-91.5502025569234));
#2940=CARTESIAN_POINT('Ctrl Pts',(-8.85255536174708,1.45076574021314,-91.4686166432534));
#2941=CARTESIAN_POINT('Ctrl Pts',(-8.93961373968208,1.61742090090123,-91.3593351791502));
#2942=CARTESIAN_POINT('Ctrl Pts',(-8.97826862723761,1.70038971584367,-91.3321659219904));
#2943=CARTESIAN_POINT('Ctrl Pts',(-9.01255149188949,1.78267225310979,-91.3286008299554));
#2944=CARTESIAN_POINT('Ctrl Pts',(10.2724579480516,4.15040997953969,-91.1602658979081));
#2945=CARTESIAN_POINT('Ctrl Pts',(10.2603305002392,4.05707922676091,-91.1490439233712));
#2946=CARTESIAN_POINT('Ctrl Pts',(10.2430261864718,3.96080018898848,-91.1683952209613));
#2947=CARTESIAN_POINT('Ctrl Pts',(10.1990684844297,3.76291658235849,-91.2573427354924));
#2948=CARTESIAN_POINT('Ctrl Pts',(10.1727857190897,3.66105563161775,-91.3239090931599));
#2949=CARTESIAN_POINT('Ctrl Pts',(10.0836427060587,3.36857564376269,-91.5936979430619));
#2950=CARTESIAN_POINT('Ctrl Pts',(9.86290156558699,2.78328875524007,-92.3544788996613));
#2951=CARTESIAN_POINT('Ctrl Pts',(9.1325578988525,1.42135732337537,-94.6809417001039));
#2952=CARTESIAN_POINT('Ctrl Pts',(7.98817644267252,1.17757913325271,-96.5924352135387));
#2953=CARTESIAN_POINT('Ctrl Pts',(5.79451477935596,-1.28846664920487,-95.6571313453887));
#2954=CARTESIAN_POINT('Ctrl Pts',(3.44745742903281,-2.06529629013958,-95.86272324687));
#2955=CARTESIAN_POINT('Ctrl Pts',(1.32759031142951,-2.80169572816165,-96.0142126072253));
#2956=CARTESIAN_POINT('Ctrl Pts',(-0.90745884101882,-2.60001277212678,-95.86272324687));
#2957=CARTESIAN_POINT('Ctrl Pts',(-3.37273065665497,-2.41406285475462,-95.6571313453888));
#2958=CARTESIAN_POINT('Ctrl Pts',(-6.09782166379422,-0.551963959128935,
-96.5924352135387));
#2959=CARTESIAN_POINT('Ctrl Pts',(-7.26718538181549,-0.592277954261791,
-94.6809417001039));
#2960=CARTESIAN_POINT('Ctrl Pts',(-8.30531575403418,0.552512169261856,-92.3544788996613));
#2961=CARTESIAN_POINT('Ctrl Pts',(-8.66109365278817,1.06701142070099,-91.5936979430619));
#2962=CARTESIAN_POINT('Ctrl Pts',(-8.81834605044636,1.32923785624609,-91.3239090931599));
#2963=CARTESIAN_POINT('Ctrl Pts',(-8.86849049962127,1.42171472501159,-91.2573427354924));
#2964=CARTESIAN_POINT('Ctrl Pts',(-8.95901484727368,1.60308601222052,-91.1683952209614));
#2965=CARTESIAN_POINT('Ctrl Pts',(-8.99909715629278,1.6923188587124,-91.1490439233712));
#2966=CARTESIAN_POINT('Ctrl Pts',(-9.03344311970576,1.77994339410021,-91.1602658979081));
#2967=CARTESIAN_POINT('Ctrl Pts',(10.3402049752194,4.15948016140141,-90.6019168948247));
#2968=CARTESIAN_POINT('Ctrl Pts',(10.3282955864965,4.05165635053058,-90.5738518960568));
#2969=CARTESIAN_POINT('Ctrl Pts',(10.3111644293456,3.93583121389106,-90.568452456671));
#2970=CARTESIAN_POINT('Ctrl Pts',(10.2681957940984,3.69887619090161,-90.6013201580163));
#2971=CARTESIAN_POINT('Ctrl Pts',(10.2423583160021,3.57774630455167,-90.6395872987475));
#2972=CARTESIAN_POINT('Ctrl Pts',(10.15439222416,3.22244637367665,-90.8173917831455));
#2973=CARTESIAN_POINT('Ctrl Pts',(9.93664541026382,2.54420542462582,-91.4250130007603));
#2974=CARTESIAN_POINT('Ctrl Pts',(9.21396510270144,1.05302115599195,-93.5044548452317));
#2975=CARTESIAN_POINT('Ctrl Pts',(8.08128706519625,0.765935283853351,-95.1425708823871));
#2976=CARTESIAN_POINT('Ctrl Pts',(5.84270234023083,-1.68261289318616,-94.1063392357713));
#2977=CARTESIAN_POINT('Ctrl Pts',(3.47771191225906,-2.48485866819876,-94.272883513591));
#2978=CARTESIAN_POINT('Ctrl Pts',(1.3728799404966,-3.17055015687848,-94.4314547004991));
#2979=CARTESIAN_POINT('Ctrl Pts',(-0.835313310971558,-3.01443157639628,
-94.272883513591));
#2980=CARTESIAN_POINT('Ctrl Pts',(-3.32413423454408,-2.80815889688858,-94.1063392357714));
#2981=CARTESIAN_POINT('Ctrl Pts',(-6.08858084254125,-0.973905725250342,
-95.1425708823871));
#2982=CARTESIAN_POINT('Ctrl Pts',(-7.25706585996688,-0.9693671483774,-93.5044548452318));
#2983=CARTESIAN_POINT('Ctrl Pts',(-8.31902959881478,0.302690384649998,-91.4250130007602));
#2984=CARTESIAN_POINT('Ctrl Pts',(-8.69438973781613,0.908106956920852,-90.8173917831455));
#2985=CARTESIAN_POINT('Ctrl Pts',(-8.86569769357142,1.2315720377081,-90.6395872987475));
#2986=CARTESIAN_POINT('Ctrl Pts',(-8.92007165986563,1.34285319707916,-90.6013201580163));
#2987=CARTESIAN_POINT('Ctrl Pts',(-9.01908855134337,1.56237458951513,-90.568452456671));
#2988=CARTESIAN_POINT('Ctrl Pts',(-9.06373147652691,1.67061482258004,-90.5738518960568));
#2989=CARTESIAN_POINT('Ctrl Pts',(-9.10137204622401,1.7723546635635,-90.6019168948247));
#2990=CARTESIAN_POINT('Ctrl Pts',(10.4311084980694,4.16349527850592,-89.7882615996126));
#2991=CARTESIAN_POINT('Ctrl Pts',(10.4210564570372,4.04121815571321,-89.73077050698));
#2992=CARTESIAN_POINT('Ctrl Pts',(10.4053755190491,3.9096795414874,-89.6962010650209));
#2993=CARTESIAN_POINT('Ctrl Pts',(10.3647860500247,3.63737876213708,-89.6674211102));
#2994=CARTESIAN_POINT('Ctrl Pts',(10.3398775189885,3.49661659701258,-89.673210597338));
#2995=CARTESIAN_POINT('Ctrl Pts',(10.2543558376039,3.0744439232423,-89.7428908940226));
#2996=CARTESIAN_POINT('Ctrl Pts',(10.0401281217306,2.2305538621147,-90.0914988284738));
#2997=CARTESIAN_POINT('Ctrl Pts',(9.33623072732423,0.551194103922366,-91.7706011768605));
#2998=CARTESIAN_POINT('Ctrl Pts',(8.22269874629965,0.190526070110754,-93.0338073426537));
#2999=CARTESIAN_POINT('Ctrl Pts',(5.90102890731752,-2.14926237696809,-92.017844079831));
#3000=CARTESIAN_POINT('Ctrl Pts',(3.50215752705478,-2.95393042261881,-92.1432867427679));
#3001=CARTESIAN_POINT('Ctrl Pts',(1.42060614247551,-3.55924887948628,-92.2938100479842));
#3002=CARTESIAN_POINT('Ctrl Pts',(-0.74555405853248,-3.47548382449732,-92.1432867427679));
#3003=CARTESIAN_POINT('Ctrl Pts',(-3.26783552561952,-3.27505737034451,-92.0178440798311));
#3004=CARTESIAN_POINT('Ctrl Pts',(-6.08658790462726,-1.56643340815708,-93.0338073426537));
#3005=CARTESIAN_POINT('Ctrl Pts',(-7.25429672130898,-1.48586652400563,-91.7706011768603));
#3006=CARTESIAN_POINT('Ctrl Pts',(-8.34355925093401,-0.0266791197141789,
-90.0914988284738));
#3007=CARTESIAN_POINT('Ctrl Pts',(-8.75557897136146,0.74031742493067,-89.7428908940227));
#3008=CARTESIAN_POINT('Ctrl Pts',(-8.94069310682173,1.12926019876505,-89.673210597338));
#3009=CARTESIAN_POINT('Ctrl Pts',(-8.99891519784959,1.25981520696183,-89.6674211102));
#3010=CARTESIAN_POINT('Ctrl Pts',(-9.10417450688943,1.51420800813931,-89.6962010650209));
#3011=CARTESIAN_POINT('Ctrl Pts',(-9.15121172490141,1.63804580112001,-89.73077050698));
#3012=CARTESIAN_POINT('Ctrl Pts',(-9.19054669068978,1.75425896196594,-89.7882615996126));
#3013=CARTESIAN_POINT('Ctrl Pts',(10.5039685930994,4.15370249689538,-88.9423536229218));
#3014=CARTESIAN_POINT('Ctrl Pts',(10.4958853277575,4.01733198073392,-88.8495274023065));
#3015=CARTESIAN_POINT('Ctrl Pts',(10.4816514066497,3.86968856295483,-88.7816348918074));
#3016=CARTESIAN_POINT('Ctrl Pts',(10.4437733030025,3.56317078703499,-88.6858454111252));
#3017=CARTESIAN_POINT('Ctrl Pts',(10.4201291204632,3.40429642889426,-88.6579484409422));
#3018=CARTESIAN_POINT('Ctrl Pts',(10.3394177558481,2.92779923824001,-88.6194430209938));
#3019=CARTESIAN_POINT('Ctrl Pts',(10.1388797586302,1.97530839200339,-88.7231741434993));
#3020=CARTESIAN_POINT('Ctrl Pts',(9.46689681481013,0.0918203773584236,-89.9025737989112));
#3021=CARTESIAN_POINT('Ctrl Pts',(8.38048297033663,-0.358738140154076,-90.8016202326481));
#3022=CARTESIAN_POINT('Ctrl Pts',(5.96434188188763,-2.51154645438919,-89.9718596536879));
#3023=CARTESIAN_POINT('Ctrl Pts',(3.52464415653672,-3.28436918718188,-90.0720082193023));
#3024=CARTESIAN_POINT('Ctrl Pts',(1.45081469995626,-3.80527783669886,-90.1979959929151));
#3025=CARTESIAN_POINT('Ctrl Pts',(-0.687432366714445,-3.80154715357871,
-90.0720082193023));
#3026=CARTESIAN_POINT('Ctrl Pts',(-3.24162338350742,-3.6418968571881,-89.971859653688));
#3027=CARTESIAN_POINT('Ctrl Pts',(-6.1068062239518,-2.13755358254816,-90.8016202326481));
#3028=CARTESIAN_POINT('Ctrl Pts',(-7.26994890484672,-1.96320587522928,-89.9025737989113));
#3029=CARTESIAN_POINT('Ctrl Pts',(-8.37762807420788,-0.29823289170681,-88.7231741434993));
#3030=CARTESIAN_POINT('Ctrl Pts',(-8.8026376269272,0.577450373286887,-88.6194430209938));
#3031=CARTESIAN_POINT('Ctrl Pts',(-8.9962266226861,1.02026771463711,-88.6579484409422));
#3032=CARTESIAN_POINT('Ctrl Pts',(-9.05760365783895,1.16870277989608,-88.6858454111252));
#3033=CARTESIAN_POINT('Ctrl Pts',(-9.16850998131278,1.45695212526266,-88.7816348918073));
#3034=CARTESIAN_POINT('Ctrl Pts',(-9.21803926963376,1.59676640537028,-88.8495274023065));
#3035=CARTESIAN_POINT('Ctrl Pts',(-9.258873441223,1.72713061551766,-88.9423536229217));
#3036=CARTESIAN_POINT('Ctrl Pts',(10.5511638350572,4.16381500382977,-88.2918817460017));
#3037=CARTESIAN_POINT('Ctrl Pts',(10.5448289734728,4.01377161185195,-88.1623959206027));
#3038=CARTESIAN_POINT('Ctrl Pts',(10.5316801024571,3.85360194992067,-88.06475914673));
#3039=CARTESIAN_POINT('Ctrl Pts',(10.4960977894954,3.5173208385019,-87.9151757111541));
#3040=CARTESIAN_POINT('Ctrl Pts',(10.473434398037,3.34244808525627,-87.863855309614));
#3041=CARTESIAN_POINT('Ctrl Pts',(10.3973877497895,2.83055276483236,-87.7495311241883));
#3042=CARTESIAN_POINT('Ctrl Pts',(10.2061739287966,1.8102753707135,-87.7088257498274));
#3043=CARTESIAN_POINT('Ctrl Pts',(9.56090471295375,-0.21283580176652,-88.5248263796721));
#3044=CARTESIAN_POINT('Ctrl Pts',(8.49815240726074,-0.731164484336787,-89.1666205460881));
#3045=CARTESIAN_POINT('Ctrl Pts',(6.02000905398761,-2.74914458882926,-88.4848336387664));
#3046=CARTESIAN_POINT('Ctrl Pts',(3.55196016179229,-3.4959820804556,-88.5696458570594));
#3047=CARTESIAN_POINT('Ctrl Pts',(1.46982786227609,-3.96012761732285,-88.6779839823578));
#3048=CARTESIAN_POINT('Ctrl Pts',(-0.662743177598748,-4.01348257931873,
-88.5696458570595));
#3049=CARTESIAN_POINT('Ctrl Pts',(-3.23815681161522,-3.88590441940355,-88.4848336387664));
#3050=CARTESIAN_POINT('Ctrl Pts',(-6.13088228855663,-2.52738408589606,-89.1666205460881));
#3051=CARTESIAN_POINT('Ctrl Pts',(-7.2874613662916,-2.28155503273803,-88.5248263796723));
#3052=CARTESIAN_POINT('Ctrl Pts',(-8.40299821857658,-0.474643660168257,
-87.7088257498274));
#3053=CARTESIAN_POINT('Ctrl Pts',(-8.83535961311369,0.469068324921812,-87.7495311241884));
#3054=CARTESIAN_POINT('Ctrl Pts',(-9.03298603717132,0.947360817331797,-87.863855309614));
#3055=CARTESIAN_POINT('Ctrl Pts',(-9.09728177700024,1.11155633182583,-87.9151757111541));
#3056=CARTESIAN_POINT('Ctrl Pts',(-9.21316090712683,1.42924031646127,-88.0647591467301));
#3057=CARTESIAN_POINT('Ctrl Pts',(-9.26466774871072,1.58147125511114,-88.1623959206028));
#3058=CARTESIAN_POINT('Ctrl Pts',(-9.30711321964206,1.72552517538033,-88.2918817460018));
#3059=CARTESIAN_POINT('Ctrl Pts',(10.5658327051928,4.1754301657193,-88.0625007621268));
#3060=CARTESIAN_POINT('Ctrl Pts',(10.5596192045356,4.01814274076586,-87.9279670973245));
#3061=CARTESIAN_POINT('Ctrl Pts',(10.5471599644107,3.85055751572016,-87.8206420458431));
#3062=CARTESIAN_POINT('Ctrl Pts',(10.5123866261195,3.50367186112312,-87.6525378235528));
#3063=CARTESIAN_POINT('Ctrl Pts',(10.490630139057,3.32701214366232,-87.5912669368567));
#3064=CARTESIAN_POINT('Ctrl Pts',(10.4157400069798,2.80026011375382,-87.4550061599142));
#3065=CARTESIAN_POINT('Ctrl Pts',(10.2274770592673,1.75966454383247,-87.3726921386133));
#3066=CARTESIAN_POINT('Ctrl Pts',(9.59157540108981,-0.3077421755085,-88.0694560922963));
#3067=CARTESIAN_POINT('Ctrl Pts',(8.53726409771817,-0.848719630145039,-88.6281440915589));
#3068=CARTESIAN_POINT('Ctrl Pts',(6.03992851821634,-2.82265814637165,-87.9970686845735));
#3069=CARTESIAN_POINT('Ctrl Pts',(3.56280733573483,-3.56048368152207,-88.0773744913713));
#3070=CARTESIAN_POINT('Ctrl Pts',(1.47555837375091,-4.00679888798327,-88.1799547339628));
#3071=CARTESIAN_POINT('Ctrl Pts',(-0.657663794518154,-4.07869237605357,
-88.0773744913713));
#3072=CARTESIAN_POINT('Ctrl Pts',(-3.23970004343313,-3.96205326465582,-87.9970686845735));
#3073=CARTESIAN_POINT('Ctrl Pts',(-6.14039303094348,-2.65090931577113,-88.6281440915589));
#3074=CARTESIAN_POINT('Ctrl Pts',(-7.29426107407182,-2.38106219258945,-88.0694560922963));
#3075=CARTESIAN_POINT('Ctrl Pts',(-8.41142468785169,-0.528904822899901,
-87.3726921386133));
#3076=CARTESIAN_POINT('Ctrl Pts',(-8.84583827426122,0.435235682194746,-87.4550061599142));
#3077=CARTESIAN_POINT('Ctrl Pts',(-9.04593669894241,0.928223362908342,-87.5912669368567));
#3078=CARTESIAN_POINT('Ctrl Pts',(-9.10978477908221,1.09437216117392,-87.6525378235528));
#3079=CARTESIAN_POINT('Ctrl Pts',(-9.22744443573094,1.42254139742015,-87.8206420458431));
#3080=CARTESIAN_POINT('Ctrl Pts',(-9.28007611849433,1.58213446208024,-87.9279670973245));
#3081=CARTESIAN_POINT('Ctrl Pts',(-9.32415632362595,1.73324659645223,-88.0625007621268));
#3082=CARTESIAN_POINT('Ctrl Pts',(10.5930446910967,4.21514914198782,-87.5786247445736));
#3083=CARTESIAN_POINT('Ctrl Pts',(10.5881853915868,4.04209360691717,-87.4215428306485));
#3084=CARTESIAN_POINT('Ctrl Pts',(10.5757224316298,3.85745937379556,-87.3057643386896));
#3085=CARTESIAN_POINT('Ctrl Pts',(10.542104174519,3.48293907091196,-87.1104020570762));
#3086=CARTESIAN_POINT('Ctrl Pts',(10.5211871266967,3.29610169123676,-87.0369203181336));
#3087=CARTESIAN_POINT('Ctrl Pts',(10.4490160599897,2.74322209160864,-86.8640413106784));
#3088=CARTESIAN_POINT('Ctrl Pts',(10.266994233615,1.66799304994221,-86.7085481332576));
#3089=CARTESIAN_POINT('Ctrl Pts',(9.6503959146976,-0.480271197937555,-87.1787379315046));
#3090=CARTESIAN_POINT('Ctrl Pts',(8.61412982914788,-1.06570307772095,-87.5784754786144));
#3091=CARTESIAN_POINT('Ctrl Pts',(6.0835470167923,-2.95915063754111,-87.0426130079182));
#3092=CARTESIAN_POINT('Ctrl Pts',(3.58984963677408,-3.68004335544678,-87.1147351347133));
#3093=CARTESIAN_POINT('Ctrl Pts',(1.48629262158632,-4.0942223209986,-87.2072060902047));
#3094=CARTESIAN_POINT('Ctrl Pts',(-0.654978720692066,-4.20124274142646,
-87.1147351347133));
#3095=CARTESIAN_POINT('Ctrl Pts',(-3.24900236398912,-4.10504361536502,-87.0426130079183));
#3096=CARTESIAN_POINT('Ctrl Pts',(-6.16248247469549,-2.88004293108079,-87.5784754786144));
#3097=CARTESIAN_POINT('Ctrl Pts',(-7.30959581889082,-2.56269633586308,-87.1787379315046));
#3098=CARTESIAN_POINT('Ctrl Pts',(-8.42759069166141,-0.627413351369896,
-86.7085481332576));
#3099=CARTESIAN_POINT('Ctrl Pts',(-8.86432713984544,0.37184172724981,-86.8640413106783));
#3100=CARTESIAN_POINT('Ctrl Pts',(-9.06810809821246,0.890838678648952,-87.0369203181336));
#3101=CARTESIAN_POINT('Ctrl Pts',(-9.13360387338063,1.06706589779688,-87.1104020570762));
#3102=CARTESIAN_POINT('Ctrl Pts',(-9.25682818619433,1.42232835460141,-87.3057643386896));
#3103=CARTESIAN_POINT('Ctrl Pts',(-9.31358800664669,1.59846309902598,-87.4215428306484));
#3104=CARTESIAN_POINT('Ctrl Pts',(-9.36016888728211,1.76520257416474,-87.5786247445736));
#3105=CARTESIAN_POINT('Ctrl Pts',(10.6055878068649,4.24325295636681,-87.3241297108952));
#3106=CARTESIAN_POINT('Ctrl Pts',(10.6025287539907,4.06456853538964,-87.1492236007154));
#3107=CARTESIAN_POINT('Ctrl Pts',(10.5875375087572,3.86152562835877,-87.0473694359398));
#3108=CARTESIAN_POINT('Ctrl Pts',(10.5543279987483,3.46984456557475,-86.836963958316));
#3109=CARTESIAN_POINT('Ctrl Pts',(10.5348318661637,3.28131123023874,-86.7552126459352));
#3110=CARTESIAN_POINT('Ctrl Pts',(10.4639398558094,2.71647672054199,-86.5676014257166));
#3111=CARTESIAN_POINT('Ctrl Pts',(10.285208277492,1.62693238293298,-86.380537739116));
#3112=CARTESIAN_POINT('Ctrl Pts',(9.67854574016932,-0.557893846624631,-86.7433900580888));
#3113=CARTESIAN_POINT('Ctrl Pts',(8.65188387012015,-1.1651313794886,-87.0672833201992));
#3114=CARTESIAN_POINT('Ctrl Pts',(6.10724605113952,-3.02212957116818,-86.5759222854559));
#3115=CARTESIAN_POINT('Ctrl Pts',(3.60604476387079,-3.73510142830502,-86.6443671437435));
#3116=CARTESIAN_POINT('Ctrl Pts',(1.49129635794691,-4.13497448335351,-86.7324866948415));
#3117=CARTESIAN_POINT('Ctrl Pts',(-0.657373029946572,-4.25858331006451,
-86.6443671437435));
#3118=CARTESIAN_POINT('Ctrl Pts',(-3.2567614527272,-4.17188512082194,-86.575922285456));
#3119=CARTESIAN_POINT('Ctrl Pts',(-6.17506117606064,-2.98565131651539,-87.0672833201992));
#3120=CARTESIAN_POINT('Ctrl Pts',(-7.3181308559296,-2.64482331928529,-86.7433900580888));
#3121=CARTESIAN_POINT('Ctrl Pts',(-8.43533022619599,-0.671660717108248,
-86.380537739116));
#3122=CARTESIAN_POINT('Ctrl Pts',(-8.87233734428214,0.342280415031939,-86.5676014257166));
#3123=CARTESIAN_POINT('Ctrl Pts',(-9.07776939424204,0.873186596316091,-86.7552126459352));
#3124=CARTESIAN_POINT('Ctrl Pts',(-9.14229675023596,1.05140314450146,-86.836963958316));
#3125=CARTESIAN_POINT('Ctrl Pts',(-9.26927602104851,1.42341549817075,-87.0473694359398));
#3126=CARTESIAN_POINT('Ctrl Pts',(-9.33294248718711,1.61680045264916,-87.1492236007155));
#3127=CARTESIAN_POINT('Ctrl Pts',(-9.37913834695438,1.78943713080534,-87.3241297108952));
#3128=CARTESIAN_POINT('Ctrl Pts',(10.611088851359,4.26028550830515,-87.1144329471541));
#3129=CARTESIAN_POINT('Ctrl Pts',(10.6108610477298,4.07579444476039,-86.8998417558321));
#3130=CARTESIAN_POINT('Ctrl Pts',(10.5978459935031,3.86538858837036,-86.7719025738854));
#3131=CARTESIAN_POINT('Ctrl Pts',(10.5651467460096,3.45814646626717,-86.557490897664));
#3132=CARTESIAN_POINT('Ctrl Pts',(10.5454625527428,3.26131020055402,-86.4710184033893));
#3133=CARTESIAN_POINT('Ctrl Pts',(10.4764062643821,2.69115578942989,-86.2738009520729));
#3134=CARTESIAN_POINT('Ctrl Pts',(10.30146149436,1.59102169557996,-86.058668042037));
#3135=CARTESIAN_POINT('Ctrl Pts',(9.70483998088848,-0.624878456223139,-86.3241857462626));
#3136=CARTESIAN_POINT('Ctrl Pts',(8.68839171679119,-1.25301980613498,-86.5768520169074));
#3137=CARTESIAN_POINT('Ctrl Pts',(6.13336091540984,-3.08025970148421,-86.1223954106098));
#3138=CARTESIAN_POINT('Ctrl Pts',(3.62584600526432,-3.78675200297979,-86.1873864390993));
#3139=CARTESIAN_POINT('Ctrl Pts',(1.49618052849173,-4.1747528602838,-86.2724357307195));
#3140=CARTESIAN_POINT('Ctrl Pts',(-0.664090684911539,-4.31348999578429,
-86.1873864390993));
#3141=CARTESIAN_POINT('Ctrl Pts',(-3.26803764260345,-4.23460629530306,-86.1223954106099));
#3142=CARTESIAN_POINT('Ctrl Pts',(-6.18922244888553,-3.07976112875042,-86.5768520169075));
#3143=CARTESIAN_POINT('Ctrl Pts',(-7.327439001595,-2.71617935226312,-86.3241857462626));
#3144=CARTESIAN_POINT('Ctrl Pts',(-8.44241307150451,-0.710436712608811,
-86.0586680420371));
#3145=CARTESIAN_POINT('Ctrl Pts',(-8.8783077595893,0.314695726595302,-86.2738009520729));
#3146=CARTESIAN_POINT('Ctrl Pts',(-9.08324561698178,0.851207886843166,-86.4710184033893));
#3147=CARTESIAN_POINT('Ctrl Pts',(-9.14996410810786,1.0374352368923,-86.557490897664));
#3148=CARTESIAN_POINT('Ctrl Pts',(-9.28021283435051,1.42466986359027,-86.7719025738854));
#3149=CARTESIAN_POINT('Ctrl Pts',(-9.34374306946708,1.6256771402391,-86.8998417558321));
#3150=CARTESIAN_POINT('Ctrl Pts',(-9.3885965341688,1.80463292004691,-87.1144329471541));
#3151=CARTESIAN_POINT('',(-9.3885965341688,1.80463292004691,-87.114432947154));
#3152=CARTESIAN_POINT('Ctrl Pts',(-9.3885965341688,1.80463292004691,-87.1144329471541));
#3153=CARTESIAN_POINT('Ctrl Pts',(-9.37913834695438,1.78943713080534,-87.3241297108952));
#3154=CARTESIAN_POINT('Ctrl Pts',(-9.34119942760984,1.74096801752414,-87.833119778252));
#3155=CARTESIAN_POINT('Ctrl Pts',(-9.30711321964206,1.72552517538033,-88.2918817460018));
#3156=CARTESIAN_POINT('Ctrl Pts',(-9.258873441223,1.72713061551766,-88.9423536229217));
#3157=CARTESIAN_POINT('Ctrl Pts',(-9.19054669068978,1.75425896196594,-89.7882615996126));
#3158=CARTESIAN_POINT('Ctrl Pts',(-9.10137204622401,1.7723546635635,-90.6019168948247));
#3159=CARTESIAN_POINT('Ctrl Pts',(-9.03344311970576,1.77994339410021,-91.1602658979081));
#3160=CARTESIAN_POINT('Ctrl Pts',(-8.99165986407322,1.78540111211937,-91.4969357620027));
#3161=CARTESIAN_POINT('Ctrl Pts',(-8.9568819991999,1.79165595879457,-91.7624800168415));
#3162=CARTESIAN_POINT('Ctrl Pts',(-8.93847347605329,1.79424209548966,-91.9004406369106));
#3163=CARTESIAN_POINT('Ctrl Pts',(1.49107957238661,-4.13320890664988,-86.2440859668461));
#3164=CARTESIAN_POINT('Ctrl Pts',(0.776090124023971,-4.2209985721173,-86.2440859668461));
#3165=CARTESIAN_POINT('Ctrl Pts',(-0.664090684911539,-4.31348999578429,
-86.1873864390993));
#3166=CARTESIAN_POINT('Ctrl Pts',(-3.26803764260345,-4.23460629530306,-86.1223954106099));
#3167=CARTESIAN_POINT('Ctrl Pts',(-6.18922244888553,-3.07976112875042,-86.5768520169075));
#3168=CARTESIAN_POINT('Ctrl Pts',(-7.327439001595,-2.71617935226312,-86.3241857462626));
#3169=CARTESIAN_POINT('Ctrl Pts',(-8.44241307150451,-0.710436712608811,
-86.0586680420371));
#3170=CARTESIAN_POINT('Ctrl Pts',(-8.8783077595893,0.314695726595302,-86.2738009520729));
#3171=CARTESIAN_POINT('Ctrl Pts',(-9.08324561698178,0.851207886843166,-86.4710184033893));
#3172=CARTESIAN_POINT('Ctrl Pts',(-9.21668259923394,1.22366258694143,-86.6439633919387));
#3173=CARTESIAN_POINT('Ctrl Pts',(-9.34374306946708,1.6256771402391,-86.8998417558321));
#3174=CARTESIAN_POINT('Ctrl Pts',(-9.3885965341688,1.80463292004691,-87.1144329471541));
#3175=CARTESIAN_POINT('Ctrl Pts',(10.611088851359,4.26028550830515,-87.1144329471541));
#3176=CARTESIAN_POINT('Ctrl Pts',(10.6108610477298,4.07579444476039,-86.8998417558321));
#3177=CARTESIAN_POINT('Ctrl Pts',(10.5978459935031,3.86538858837036,-86.7719025738854));
#3178=CARTESIAN_POINT('Ctrl Pts',(10.5651467460096,3.45814646626717,-86.557490897664));
#3179=CARTESIAN_POINT('Ctrl Pts',(10.5454625527428,3.26131020055402,-86.4710184033893));
#3180=CARTESIAN_POINT('Ctrl Pts',(10.4764062643821,2.69115578942989,-86.2738009520729));
#3181=CARTESIAN_POINT('Ctrl Pts',(10.30146149436,1.59102169557997,-86.058668042037));
#3182=CARTESIAN_POINT('Ctrl Pts',(9.70483998088848,-0.62487845622314,-86.3241857462626));
#3183=CARTESIAN_POINT('Ctrl Pts',(8.68839171679119,-1.25301980613499,-86.5768520169075));
#3184=CARTESIAN_POINT('Ctrl Pts',(6.13336091540983,-3.0802597014842,-86.1223954106099));
#3185=CARTESIAN_POINT('Ctrl Pts',(3.62584600526432,-3.78675200297979,-86.1873864390993));
#3186=CARTESIAN_POINT('Ctrl Pts',(1.49618052849173,-4.1747528602838,-86.2724357307195));
#3187=CARTESIAN_POINT('Ctrl Pts',(-0.664090684911538,-4.31348999578429,
-86.1873864390993));
#3188=CARTESIAN_POINT('Ctrl Pts',(-3.26803764260345,-4.23460629530305,-86.1223954106099));
#3189=CARTESIAN_POINT('Ctrl Pts',(-6.18922244888553,-3.07976112875041,-86.5768520169075));
#3190=CARTESIAN_POINT('Ctrl Pts',(-7.327439001595,-2.71617935226312,-86.3241857462626));
#3191=CARTESIAN_POINT('Ctrl Pts',(-8.44241307150451,-0.710436712608806,
-86.0586680420371));
#3192=CARTESIAN_POINT('Ctrl Pts',(-8.87830775958929,0.314695726595303,-86.2738009520729));
#3193=CARTESIAN_POINT('Ctrl Pts',(-9.08324561698178,0.851207886843166,-86.4710184033893));
#3194=CARTESIAN_POINT('Ctrl Pts',(-9.14996410810786,1.0374352368923,-86.557490897664));
#3195=CARTESIAN_POINT('Ctrl Pts',(-9.28021837149587,1.42468632574295,-86.7719116889735));
#3196=CARTESIAN_POINT('Ctrl Pts',(-9.34375387266744,1.62571132124897,-86.8998635118292));
#3197=CARTESIAN_POINT('Ctrl Pts',(-9.38860797465047,1.80467856627222,-87.1144876853515));
#3198=CARTESIAN_POINT('Ctrl Pts',(10.6164491054674,4.16329631235221,-86.7721115334895));
#3199=CARTESIAN_POINT('Ctrl Pts',(10.6138152008411,3.98765929057807,-86.5830099967778));
#3200=CARTESIAN_POINT('Ctrl Pts',(10.6029987714389,3.79840597604553,-86.4567788139303));
#3201=CARTESIAN_POINT('Ctrl Pts',(10.5743847846285,3.43339744825922,-86.2735035004162));
#3202=CARTESIAN_POINT('Ctrl Pts',(10.5560932393218,3.24130917086931,-86.1868241608434));
#3203=CARTESIAN_POINT('Ctrl Pts',(10.4888726729548,2.6658348583178,-85.9800004784291));
#3204=CARTESIAN_POINT('Ctrl Pts',(10.317714711228,1.55511100822695,-85.7367983449581));
#3205=CARTESIAN_POINT('Ctrl Pts',(9.73113422160764,-0.691863065821648,-85.9049814344364));
#3206=CARTESIAN_POINT('Ctrl Pts',(8.72489956346224,-1.34090823278137,-86.0864207136157));
#3207=CARTESIAN_POINT('Ctrl Pts',(6.15947577968015,-3.13838983180023,-85.6688685357638));
#3208=CARTESIAN_POINT('Ctrl Pts',(3.64564724665785,-3.83840257765456,-85.7304057344551));
#3209=CARTESIAN_POINT('Ctrl Pts',(1.50106469903654,-4.21453123721409,-85.8123847665975));
#3210=CARTESIAN_POINT('Ctrl Pts',(-0.670808339876505,-4.36839668150406,
-85.7304057344551));
#3211=CARTESIAN_POINT('Ctrl Pts',(-3.27931383247971,-4.29732746978417,-85.6688685357639));
#3212=CARTESIAN_POINT('Ctrl Pts',(-6.20338372171043,-3.17387094098544,-86.0864207136157));
#3213=CARTESIAN_POINT('Ctrl Pts',(-7.3367471472604,-2.78753538524095,-85.9049814344364));
#3214=CARTESIAN_POINT('Ctrl Pts',(-8.44949591681303,-0.749212708109368,
-85.7367983449582));
#3215=CARTESIAN_POINT('Ctrl Pts',(-8.88427817489645,0.287111038158665,-85.9800004784291));
#3216=CARTESIAN_POINT('Ctrl Pts',(-9.08872183972153,0.829229177370241,-86.1868241608434));
#3217=CARTESIAN_POINT('Ctrl Pts',(-9.15294040814828,1.01118648667534,-86.2735035004162));
#3218=CARTESIAN_POINT('Ctrl Pts',(-9.26901292648961,1.35844511337272,-86.4567866053466));
#3219=CARTESIAN_POINT('Ctrl Pts',(-9.32529721828711,1.53947608382861,-86.5830314624327));
#3220=CARTESIAN_POINT('Ctrl Pts',(-9.3703452454654,1.70927126153116,-86.7721597694605));
#3221=CARTESIAN_POINT('Ctrl Pts',(10.6189834002875,4.10450833585143,-86.4038808926364));
#3222=CARTESIAN_POINT('Ctrl Pts',(10.6162120063285,3.92897026546857,-86.2525199090165));
#3223=CARTESIAN_POINT('Ctrl Pts',(10.607220778232,3.75204243700662,-86.1468873303895));
#3224=CARTESIAN_POINT('Ctrl Pts',(10.5809708669224,3.39853922915685,-85.9742126968052));
#3225=CARTESIAN_POINT('Ctrl Pts',(10.5628786201082,3.20842716774854,-85.8939643849692));
#3226=CARTESIAN_POINT('Ctrl Pts',(10.4988816942807,2.64193836716024,-85.6888394161034));
#3227=CARTESIAN_POINT('Ctrl Pts',(10.332007101087,1.52435030053014,-85.4210693449419));
#3228=CARTESIAN_POINT('Ctrl Pts',(9.75557287757426,-0.748209636331588,-85.5019206841997));
#3229=CARTESIAN_POINT('Ctrl Pts',(8.76016121583206,-1.41725678430647,-85.6167502654473));
#3230=CARTESIAN_POINT('Ctrl Pts',(6.18800647387356,-3.19167115880522,-85.228505508534));
#3231=CARTESIAN_POINT('Ctrl Pts',(3.66905460234819,-3.88664565414586,-85.2868123161366));
#3232=CARTESIAN_POINT('Ctrl Pts',(1.50582930376558,-4.25333582871977,-85.3670022337166));
#3233=CARTESIAN_POINT('Ctrl Pts',(-0.681849340551933,-4.42086948430556,
-85.2868123161365));
#3234=CARTESIAN_POINT('Ctrl Pts',(-3.29410712349414,-4.35592831328947,-85.228505508534));
#3235=CARTESIAN_POINT('Ctrl Pts',(-6.21912756599505,-3.25648218002089,-85.6167502654473));
#3236=CARTESIAN_POINT('Ctrl Pts',(-7.34682840155243,-2.84812046777441,-85.5019206841997));
#3237=CARTESIAN_POINT('Ctrl Pts',(-8.45592207289549,-0.782517333372144,
-85.4210693449419));
#3238=CARTESIAN_POINT('Ctrl Pts',(-8.88820880107408,0.261502973503263,-85.6888394161034));
#3239=CARTESIAN_POINT('Ctrl Pts',(-9.0873507891736,0.795682378088565,-85.8939643849692));
#3240=CARTESIAN_POINT('Ctrl Pts',(-9.15089788920849,0.9757703881416,-85.9742126968053));
#3241=CARTESIAN_POINT('Ctrl Pts',(-9.26189295054213,1.31243692342883,-86.1468946711488));
#3242=CARTESIAN_POINT('Ctrl Pts',(-9.3134238599827,1.48194857522902,-86.2525378718021));
#3243=CARTESIAN_POINT('Ctrl Pts',(-9.3585821902123,1.65161640504197,-86.4039195016572));
#3244=CARTESIAN_POINT('Ctrl Pts',(10.6198271060753,4.00300481601984,-85.6999004582026));
#3245=CARTESIAN_POINT('Ctrl Pts',(10.6175601597051,3.84468738038509,-85.6268790300544));
#3246=CARTESIAN_POINT('Ctrl Pts',(10.6103735203111,3.67462690101319,-85.5416182019703));
#3247=CARTESIAN_POINT('Ctrl Pts',(10.5878394685784,3.333132507528,-85.3881979775164));
#3248=CARTESIAN_POINT('Ctrl Pts',(10.5718400779038,3.14983860978485,-85.3112693708731));
#3249=CARTESIAN_POINT('Ctrl Pts',(10.513542047921,2.59591745306156,-85.1064725338349));
#3250=CARTESIAN_POINT('Ctrl Pts',(10.3557465561201,1.47191728563957,-84.8008347913237));
#3251=CARTESIAN_POINT('Ctrl Pts',(9.79930122971357,-0.841864639604348,-84.7259313336799));
#3252=CARTESIAN_POINT('Ctrl Pts',(8.82633223487107,-1.54879071031587,-84.716516319066));
#3253=CARTESIAN_POINT('Ctrl Pts',(6.24708040023958,-3.2881395066055,-84.3740854684957));
#3254=CARTESIAN_POINT('Ctrl Pts',(3.72032523482725,-3.97575730294415,-84.4261903511067));
#3255=CARTESIAN_POINT('Ctrl Pts',(1.51494304125988,-4.32756126412699,-84.5048193610157));
#3256=CARTESIAN_POINT('Ctrl Pts',(-0.710038957132532,-4.51973762489388,
-84.4261903511067));
#3257=CARTESIAN_POINT('Ctrl Pts',(-3.32808849621623,-4.46382241512797,-84.3740854684957));
#3258=CARTESIAN_POINT('Ctrl Pts',(-6.25151208625607,-3.4001172046478,-84.716516319066));
#3259=CARTESIAN_POINT('Ctrl Pts',(-7.36660063882615,-2.94957236303532,-84.7259313336799));
#3260=CARTESIAN_POINT('Ctrl Pts',(-8.46627167030395,-0.839135957598355,
-84.8008347913237));
#3261=CARTESIAN_POINT('Ctrl Pts',(-8.89130021278097,0.213302416691173,-85.1064725338348));
#3262=CARTESIAN_POINT('Ctrl Pts',(-9.08187219837085,0.736666177830475,-85.3112693708731));
#3263=CARTESIAN_POINT('Ctrl Pts',(-9.14173914595937,0.910644860542666,-85.3881979775164));
#3264=CARTESIAN_POINT('Ctrl Pts',(-9.24622325270865,1.23655778522792,-85.5416247241844));
#3265=CARTESIAN_POINT('Ctrl Pts',(-9.29434151185136,1.39984204535232,-85.6268935285795));
#3266=CARTESIAN_POINT('Ctrl Pts',(-9.33484372288458,1.55291963151292,-85.6999190836975));
#3267=CARTESIAN_POINT('Ctrl Pts',(10.618136517043,3.96028927268902,-85.3641506646218));
#3268=CARTESIAN_POINT('Ctrl Pts',(10.6163228894004,3.8032101481974,-85.3011312176495));
#3269=CARTESIAN_POINT('Ctrl Pts',(10.6096117830866,3.63682350481493,-85.2218658601649));
#3270=CARTESIAN_POINT('Ctrl Pts',(10.588568629751,3.29847979177048,-85.0799308931497));
#3271=CARTESIAN_POINT('Ctrl Pts',(10.5738056692348,3.12100350412184,-85.0120791332915));
#3272=CARTESIAN_POINT('Ctrl Pts',(10.5181933802354,2.57379303012043,-84.8152667138921));
#3273=CARTESIAN_POINT('Ctrl Pts',(10.3651936212943,1.45024497844581,-84.4963292377217));
#3274=CARTESIAN_POINT('Ctrl Pts',(9.81859092588626,-0.879173072367167,-84.3530027333967));
#3275=CARTESIAN_POINT('Ctrl Pts',(8.85724160154027,-1.60397608480016,-84.285952820853));
#3276=CARTESIAN_POINT('Ctrl Pts',(6.27762363241221,-3.33132652740078,-83.9600284556872));
#3277=CARTESIAN_POINT('Ctrl Pts',(3.74818851161596,-4.01662587525115,-84.0091618043953));
#3278=CARTESIAN_POINT('Ctrl Pts',(1.51929217402514,-4.36298210802851,-84.0880190211956));
#3279=CARTESIAN_POINT('Ctrl Pts',(-0.727187573037702,-4.5661329626807,-84.0091618043953));
#3280=CARTESIAN_POINT('Ctrl Pts',(-3.34727657792388,-4.51311567346117,-83.9600284556872));
#3281=CARTESIAN_POINT('Ctrl Pts',(-6.26815276223248,-3.46114099023925,-84.285952820853));
#3282=CARTESIAN_POINT('Ctrl Pts',(-7.37629162180785,-2.99043917576278,-84.3530027333967));
#3283=CARTESIAN_POINT('Ctrl Pts',(-8.47019511162997,-0.862449956561791,
-84.4963292377217));
#3284=CARTESIAN_POINT('Ctrl Pts',(-8.89046099831025,0.190709924534487,-84.8152667138921));
#3285=CARTESIAN_POINT('Ctrl Pts',(-9.0768035598172,0.708212078458147,-85.0120791332915));
#3286=CARTESIAN_POINT('Ctrl Pts',(-9.13406339724511,0.876845078486228,-85.0799308931497));
#3287=CARTESIAN_POINT('Ctrl Pts',(-9.23633857916478,1.20006147774127,-85.2218718941168));
#3288=CARTESIAN_POINT('Ctrl Pts',(-9.28310651352814,1.35989560037522,-85.301144696653));
#3289=CARTESIAN_POINT('Ctrl Pts',(-9.32286933776308,1.51188163442441,-85.3641667387993));
#3290=CARTESIAN_POINT('Ctrl Pts',(10.6067274241679,3.85625129245149,-84.4056225547876));
#3291=CARTESIAN_POINT('Ctrl Pts',(10.6057853391687,3.69896215186791,-84.340571907935));
#3292=CARTESIAN_POINT('Ctrl Pts',(10.600913246721,3.53747542453748,-84.2792866837093));
#3293=CARTESIAN_POINT('Ctrl Pts',(10.5836660315137,3.20541632303753,-84.160880944856));
#3294=CARTESIAN_POINT('Ctrl Pts',(10.5712909087542,3.034843948868,-84.1037604302284));
#3295=CARTESIAN_POINT('Ctrl Pts',(10.5234464718858,2.50846264608267,-83.9335967472584));
#3296=CARTESIAN_POINT('Ctrl Pts',(10.3848813237893,1.39704331940504,-83.5980608249706));
#3297=CARTESIAN_POINT('Ctrl Pts',(9.86657988928025,-0.96589807467997,-83.2761826976388));
#3298=CARTESIAN_POINT('Ctrl Pts',(8.94065142734965,-1.74066230249446,-83.0493006107097));
#3299=CARTESIAN_POINT('Ctrl Pts',(6.36804345309844,-3.44515108109063,-82.7572839176768));
#3300=CARTESIAN_POINT('Ctrl Pts',(3.83432776238673,-4.12733057416964,-82.7976089201059));
#3301=CARTESIAN_POINT('Ctrl Pts',(1.5314518538769,-4.4620147531945,-82.8793592871945));
#3302=CARTESIAN_POINT('Ctrl Pts',(-0.783986229311052,-4.69438822975199,
-82.797608920106));
#3303=CARTESIAN_POINT('Ctrl Pts',(-3.40747389171195,-4.64543368587189,-82.7572839176769));
#3304=CARTESIAN_POINT('Ctrl Pts',(-6.3160175708578,-3.6139457062803,-83.0493006107097));
#3305=CARTESIAN_POINT('Ctrl Pts',(-7.40187443094205,-3.08619765586031,-83.2761826976388));
#3306=CARTESIAN_POINT('Ctrl Pts',(-8.47642735901691,-0.918834185267443,
-83.5980608249707));
#3307=CARTESIAN_POINT('Ctrl Pts',(-8.87975320034162,0.126049294216876,-83.9335967472584));
#3308=CARTESIAN_POINT('Ctrl Pts',(-9.05351961553921,0.625220205839957,-84.1037604302284));
#3309=CARTESIAN_POINT('Ctrl Pts',(-9.10679233636095,0.787732038361137,-84.1608809448561));
#3310=CARTESIAN_POINT('Ctrl Pts',(-9.20386372938489,1.10576860624477,-84.2792917173846));
#3311=CARTESIAN_POINT('Ctrl Pts',(-9.2476615956788,1.26129274636023,-84.3405823294015));
#3312=CARTESIAN_POINT('Ctrl Pts',(-9.28662987561585,1.41369424206636,-84.4056391475024));
#3313=CARTESIAN_POINT('Ctrl Pts',(10.5604441521007,3.717346723324,-82.5875704230664));
#3314=CARTESIAN_POINT('Ctrl Pts',(10.5608584331606,3.55822642089501,-82.5219539030537));
#3315=CARTESIAN_POINT('Ctrl Pts',(10.5578628752208,3.39502769725197,-82.4608397266418));
#3316=CARTESIAN_POINT('Ctrl Pts',(10.5455005080201,3.06286809973012,-82.3457862674936));
#3317=CARTESIAN_POINT('Ctrl Pts',(10.5361336987593,2.89390722585131,-82.291846984757));
#3318=CARTESIAN_POINT('Ctrl Pts',(10.4991490340138,2.38197341714967,-82.1380467867702));
#3319=CARTESIAN_POINT('Ctrl Pts',(10.3896427566695,1.33790105148556,-81.8625169916878));
#3320=CARTESIAN_POINT('Ctrl Pts',(9.92303731557183,-1.03854689540295,-81.2904056864893));
#3321=CARTESIAN_POINT('Ctrl Pts',(9.07019798217562,-1.89855511484867,-80.796149328406));
#3322=CARTESIAN_POINT('Ctrl Pts',(6.54404359114442,-3.6098541536863,-80.5095008433166));
#3323=CARTESIAN_POINT('Ctrl Pts',(4.01680394554689,-4.30113589999666,-80.5326341749062));
#3324=CARTESIAN_POINT('Ctrl Pts',(1.55222033980434,-4.63116049737202,-80.6290049610284));
#3325=CARTESIAN_POINT('Ctrl Pts',(-0.918994776089115,-4.90717577873785,
-80.5326341749062));
#3326=CARTESIAN_POINT('Ctrl Pts',(-3.53840079394851,-4.84782266033788,-80.5095008433167));
#3327=CARTESIAN_POINT('Ctrl Pts',(-6.40351831089292,-3.79848857542919,-80.796149328406));
#3328=CARTESIAN_POINT('Ctrl Pts',(-7.43907948996693,-3.17034678371594,-81.2904056864894));
#3329=CARTESIAN_POINT('Ctrl Pts',(-8.46673954742634,-0.977371569940124,
-81.8625169916878));
#3330=CARTESIAN_POINT('Ctrl Pts',(-8.82557698617856,0.00919541819144478,
-82.1380467867702));
#3331=CARTESIAN_POINT('Ctrl Pts',(-8.9853110457416,0.496975204707474,-82.291846984757));
#3332=CARTESIAN_POINT('Ctrl Pts',(-9.0352749556271,0.658651182287858,-82.3457862674936));
#3333=CARTESIAN_POINT('Ctrl Pts',(-9.12763071323188,0.977967067105632,-82.4608446178047));
#3334=CARTESIAN_POINT('Ctrl Pts',(-9.1700219167816,1.13560663001069,-82.5219642954447));
#3335=CARTESIAN_POINT('Ctrl Pts',(-9.2081171351736,1.29011320609754,-82.5875871601359));
#3336=CARTESIAN_POINT('Ctrl Pts',(10.2733685317373,3.71465999328721,-78.7417353838661));
#3337=CARTESIAN_POINT('Ctrl Pts',(10.2711856315264,3.55997442143228,-78.6941851371949));
#3338=CARTESIAN_POINT('Ctrl Pts',(10.2656963182824,3.40132937771096,-78.6482380502673));
#3339=CARTESIAN_POINT('Ctrl Pts',(10.248830422822,3.07929619886952,-78.5590873576407));
#3340=CARTESIAN_POINT('Ctrl Pts',(10.2374538406058,2.91590806374939,-78.5158837519416));
#3341=CARTESIAN_POINT('Ctrl Pts',(10.19558152614,2.42339279979176,-78.3896938992992));
#3342=CARTESIAN_POINT('Ctrl Pts',(10.0808666259408,1.42895883748745,-78.1509980518333));
#3343=CARTESIAN_POINT('Ctrl Pts',(9.65735342251677,-0.690439519226168,-77.6509496654116));
#3344=CARTESIAN_POINT('Ctrl Pts',(8.95533024297312,-1.61960646471449,-76.8770284377586));
#3345=CARTESIAN_POINT('Ctrl Pts',(6.68402781980765,-3.5202163142268,-76.3667944932912));
#3346=CARTESIAN_POINT('Ctrl Pts',(4.28243564798164,-4.32645449953149,-76.3369953787235));
#3347=CARTESIAN_POINT('Ctrl Pts',(1.56101143596156,-4.70275822995806,-76.4835419614255));
#3348=CARTESIAN_POINT('Ctrl Pts',(-1.17061095813158,-4.99600443264617,-76.3369953787236));
#3349=CARTESIAN_POINT('Ctrl Pts',(-3.69591224880598,-4.79471269774998,-76.3667944932912));
#3350=CARTESIAN_POINT('Ctrl Pts',(-6.35954642067317,-3.50003687114242,-76.8770284377586));
#3351=CARTESIAN_POINT('Ctrl Pts',(-7.26550234031216,-2.76830493328828,-77.6509496654117));
#3352=CARTESIAN_POINT('Ctrl Pts',(-8.18916425960289,-0.814318882476516,
-78.1509980518333));
#3353=CARTESIAN_POINT('Ctrl Pts',(-8.54104698621575,0.122824095101333,-78.3896938992992));
#3354=CARTESIAN_POINT('Ctrl Pts',(-8.70082574025953,0.590579721156426,-78.5158837519416));
#3355=CARTESIAN_POINT('Ctrl Pts',(-8.75139155673036,0.746362286052484,-78.5590873576406));
#3356=CARTESIAN_POINT('Ctrl Pts',(-8.84566734777703,1.05476258398404,-78.6482418402494));
#3357=CARTESIAN_POINT('Ctrl Pts',(-8.88937673907501,1.20738004680615,-78.6941929504312));
#3358=CARTESIAN_POINT('Ctrl Pts',(-8.92891927793094,1.35695490384289,-78.7417475126626));
#3359=CARTESIAN_POINT('Ctrl Pts',(9.14979338948174,3.94975271481893,-75.1245111827447));
#3360=CARTESIAN_POINT('Ctrl Pts',(9.11003199747654,3.80656874469516,-75.0885867332984));
#3361=CARTESIAN_POINT('Ctrl Pts',(9.06562821544481,3.66181312032733,-75.0531155681328));
#3362=CARTESIAN_POINT('Ctrl Pts',(8.96931558593218,3.37159220490124,-74.9832252945888));
#3363=CARTESIAN_POINT('Ctrl Pts',(8.91740673845127,3.22612691384299,-74.9488061862104));
#3364=CARTESIAN_POINT('Ctrl Pts',(8.75309216974068,2.79231700332915,-74.8473451785952));
#3365=CARTESIAN_POINT('Ctrl Pts',(8.39011092724789,1.93504103294518,-74.6516084334446));
#3366=CARTESIAN_POINT('Ctrl Pts',(7.45218598599093,0.211563300896138,-74.2574072629694));
#3367=CARTESIAN_POINT('Ctrl Pts',(6.70664562614111,-0.291448637663406,-73.9427196580403));
#3368=CARTESIAN_POINT('Ctrl Pts',(4.75744747858067,-1.84761785907981,-73.5871524138181));
#3369=CARTESIAN_POINT('Ctrl Pts',(2.88132174438232,-3.00769685873852,-73.3548613857411));
#3370=CARTESIAN_POINT('Ctrl Pts',(1.37558763002853,-3.19260251844596,-73.3573928152716));
#3371=CARTESIAN_POINT('Ctrl Pts',(-0.130152473740451,-3.37745939828114,
-73.3548613857411));
#3372=CARTESIAN_POINT('Ctrl Pts',(-2.23119776623233,-2.70571559677034,-73.5871524138183));
#3373=CARTESIAN_POINT('Ctrl Pts',(-4.49896780639422,-1.66732496262493,-73.9427196580403));
#3374=CARTESIAN_POINT('Ctrl Pts',(-5.34405203300836,-1.35961716547573,-74.2574072629694));
#3375=CARTESIAN_POINT('Ctrl Pts',(-6.67106359503877,0.0857613325442125,
-74.6516084334446));
#3376=CARTESIAN_POINT('Ctrl Pts',(-7.2306565711552,0.829759432595907,-74.8473451785952));
#3377=CARTESIAN_POINT('Ctrl Pts',(-7.49503841082141,1.21093204284655,-74.9488061862104));
#3378=CARTESIAN_POINT('Ctrl Pts',(-7.5805965826448,1.3395185063009,-74.9832252945887));
#3379=CARTESIAN_POINT('Ctrl Pts',(-7.74426606708567,1.59782946718443,-75.0531185393143));
#3380=CARTESIAN_POINT('Ctrl Pts',(-7.82237674592156,1.72755406044446,-75.0885927651154));
#3381=CARTESIAN_POINT('Ctrl Pts',(-7.89560178685127,1.85687662966645,-75.1245203460948));
#3382=CARTESIAN_POINT('Ctrl Pts',(10.3453058842203,4.0874405200145,-72.7783524702162));
#3383=CARTESIAN_POINT('Ctrl Pts',(10.3265577884833,3.93593959720562,-72.750557430221));
#3384=CARTESIAN_POINT('Ctrl Pts',(10.3063556530741,3.78106555852256,-72.7231018275986));
#3385=CARTESIAN_POINT('Ctrl Pts',(10.2631398880713,3.46760095607462,-72.6689493595392));
#3386=CARTESIAN_POINT('Ctrl Pts',(10.2401262584777,3.30901039230975,-72.6422524941023));
#3387=CARTESIAN_POINT('Ctrl Pts',(10.1670130061602,2.83220847339223,-72.5634197972292));
#3388=CARTESIAN_POINT('Ctrl Pts',(10.0044970473778,1.87448372506559,-72.4107860012342));
#3389=CARTESIAN_POINT('Ctrl Pts',(9.51938011794843,-0.13455836781391,-72.096570106443));
#3390=CARTESIAN_POINT('Ctrl Pts',(8.57010816519458,-0.905647910412976,-71.8058231683856));
#3391=CARTESIAN_POINT('Ctrl Pts',(6.23777377771453,-2.97757946533422,-71.488649213514));
#3392=CARTESIAN_POINT('Ctrl Pts',(3.9022975970503,-4.43267907456436,-71.2792784328377));
#3393=CARTESIAN_POINT('Ctrl Pts',(1.56311990371208,-4.71993032175058,-71.2829102024669));
#3394=CARTESIAN_POINT('Ctrl Pts',(-0.776066581366786,-5.00710996595517,
-71.2792784328377));
#3395=CARTESIAN_POINT('Ctrl Pts',(-3.39418959403596,-4.16023585856745,-71.488649213514));
#3396=CARTESIAN_POINT('Ctrl Pts',(-6.15848929177371,-2.71409228188245,-71.8058231683855));
#3397=CARTESIAN_POINT('Ctrl Pts',(-7.26610725442708,-2.19555706437227,-72.096570106443));
#3398=CARTESIAN_POINT('Ctrl Pts',(-8.22284540924542,-0.363552514897732,
-72.4107860012342));
#3399=CARTESIAN_POINT('Ctrl Pts',(-8.61222853608153,0.526407546538514,-72.5634197972292));
#3400=CARTESIAN_POINT('Ctrl Pts',(-8.79851883638949,0.971358714150259,-72.6422524941023));
#3401=CARTESIAN_POINT('Ctrl Pts',(-8.85921539264046,1.11967095950311,-72.6689493595392));
#3402=CARTESIAN_POINT('Ctrl Pts',(-8.97698642203758,1.41338196954551,-72.723104129733));
#3403=CARTESIAN_POINT('Ctrl Pts',(-9.0340605867803,1.5587804854466,-72.7505620990037));
#3404=CARTESIAN_POINT('Ctrl Pts',(-9.08890745861437,1.70125722470461,-72.7783595599746));
#3405=CARTESIAN_POINT('Ctrl Pts',(9.19928259217979,4.13389394050117,-71.2542673800151));
#3406=CARTESIAN_POINT('Ctrl Pts',(9.15805683814812,3.98828282814854,-71.2354283401555));
#3407=CARTESIAN_POINT('Ctrl Pts',(9.11392403790206,3.84070627933918,-71.2167835878509));
#3408=CARTESIAN_POINT('Ctrl Pts',(9.02106064147602,3.54413966254321,-71.1799577997932));
#3409=CARTESIAN_POINT('Ctrl Pts',(8.97233004529602,3.3951495945566,-71.1617767640401));
#3410=CARTESIAN_POINT('Ctrl Pts',(8.82106600759738,2.94983514243518,-71.1080419437703));
#3411=CARTESIAN_POINT('Ctrl Pts',(8.49824893556553,2.06582924554598,-71.003805451189));
#3412=CARTESIAN_POINT('Ctrl Pts',(7.70515502994886,0.260967584787044,-70.7895308852939));
#3413=CARTESIAN_POINT('Ctrl Pts',(7.04211727980331,-0.372451379163927,-70.6021891596412));
#3414=CARTESIAN_POINT('Ctrl Pts',(5.11099675607013,-2.07712818428695,-70.4110943639997));
#3415=CARTESIAN_POINT('Ctrl Pts',(3.24631325738478,-3.33140273456387,-70.2873242660653));
#3416=CARTESIAN_POINT('Ctrl Pts',(1.42016483640921,-3.55565473000154,-70.2902759781713));
#3417=CARTESIAN_POINT('Ctrl Pts',(-0.405990639837331,-3.77984926486825,
-70.2873242660653));
#3418=CARTESIAN_POINT('Ctrl Pts',(-2.51872154627452,-3.01393979585318,-70.4110943639997));
#3419=CARTESIAN_POINT('Ctrl Pts',(-4.80487818145683,-1.82707951489344,-70.6021891596413));
#3420=CARTESIAN_POINT('Ctrl Pts',(-5.6014587932505,-1.372879150599,-70.7895308852939));
#3421=CARTESIAN_POINT('Ctrl Pts',(-6.80762997467185,0.186503624319465,-71.0038054511891));
#3422=CARTESIAN_POINT('Ctrl Pts',(-7.33471838233001,0.966154250075957,-71.1080419437704));
#3423=CARTESIAN_POINT('Ctrl Pts',(-7.58922054804339,1.3616468770822,-71.1617767640401));
#3424=CARTESIAN_POINT('Ctrl Pts',(-7.67254759692856,1.49442230510561,-71.1799577997932));
#3425=CARTESIAN_POINT('Ctrl Pts',(-7.83440539233549,1.75972521514496,-71.2167851533921));
#3426=CARTESIAN_POINT('Ctrl Pts',(-7.9129357304532,1.89225267511965,-71.2354315106666));
#3427=CARTESIAN_POINT('Ctrl Pts',(-7.98816925533218,2.0235760625765,-71.2542721853409));
#3428=CARTESIAN_POINT('Ctrl Pts',(9.65382939322192,3.8936978960537,-68.7914119229848));
#3429=CARTESIAN_POINT('Ctrl Pts',(9.637288908591,3.73217740157232,-68.7818527975801));
#3430=CARTESIAN_POINT('Ctrl Pts',(9.61802713374391,3.56755875252288,-68.7730601366215));
#3431=CARTESIAN_POINT('Ctrl Pts',(9.57474203375833,3.23520952239984,-68.7567591433233));
#3432=CARTESIAN_POINT('Ctrl Pts',(9.55071870861986,3.06747894132624,-68.7492508109836));
#3433=CARTESIAN_POINT('Ctrl Pts',(9.47252795297884,2.56424586573716,-68.7282794064833));
#3434=CARTESIAN_POINT('Ctrl Pts',(9.29166332079446,1.55761438508581,-68.6925509675579));
#3435=CARTESIAN_POINT('Ctrl Pts',(8.75547053122444,-0.533262032008558,-68.6318027776498));
#3436=CARTESIAN_POINT('Ctrl Pts',(7.99016011530542,-1.30278341099792,-68.4903148540774));
#3437=CARTESIAN_POINT('Ctrl Pts',(5.86016704675964,-3.33393219185336,-68.374463556926));
#3438=CARTESIAN_POINT('Ctrl Pts',(3.74832207240767,-4.7335516820786,-68.2950710987694));
#3439=CARTESIAN_POINT('Ctrl Pts',(1.59722654921714,-4.99770665823985,-68.2984503463888));
#3440=CARTESIAN_POINT('Ctrl Pts',(-0.553877116311084,-5.26179532038225,
-68.2950710987694));
#3441=CARTESIAN_POINT('Ctrl Pts',(-2.94158986967577,-4.41465205001198,-68.374463556926));
#3442=CARTESIAN_POINT('Ctrl Pts',(-5.49969240439273,-2.95912902927399,-68.4903148540774));
#3443=CARTESIAN_POINT('Ctrl Pts',(-6.42843390094303,-2.39761107050388,-68.6318027776498));
#3444=CARTESIAN_POINT('Ctrl Pts',(-7.45452825941094,-0.498559394885607,
-68.6925509675578));
#3445=CARTESIAN_POINT('Ctrl Pts',(-7.87354663502339,0.434415714060295,-68.7282794064833));
#3446=CARTESIAN_POINT('Ctrl Pts',(-8.07115789063112,0.903784560802063,-68.7492508109836));
#3447=CARTESIAN_POINT('Ctrl Pts',(-8.13504532046728,1.06072105842745,-68.7567591433232));
#3448=CARTESIAN_POINT('Ctrl Pts',(-8.2574524273077,1.37273974660939,-68.7730608296108));
#3449=CARTESIAN_POINT('Ctrl Pts',(-8.31597164746134,1.5278217783705,-68.7818542927623));
#3450=CARTESIAN_POINT('Ctrl Pts',(-8.37110026361557,1.68055550418355,-68.7914143612716));
#3451=CARTESIAN_POINT('Ctrl Pts',(9.16017539035803,4.45972167492912,-62.8779285100562));
#3452=CARTESIAN_POINT('Ctrl Pts',(9.1493818473064,4.35143520323808,-62.8541665384362));
#3453=CARTESIAN_POINT('Ctrl Pts',(9.13617411896903,4.2415650147189,-62.8298156063443));
#3454=CARTESIAN_POINT('Ctrl Pts',(9.10488735358649,4.01984467541696,-62.780165584258));
#3455=CARTESIAN_POINT('Ctrl Pts',(9.08680831654131,3.90799452463421,-62.7548664942637));
#3456=CARTESIAN_POINT('Ctrl Pts',(9.02519983513952,3.57125533597966,-62.6778916319893));
#3457=CARTESIAN_POINT('Ctrl Pts',(8.87249739127096,2.89302201344537,-62.519631538275));
#3458=CARTESIAN_POINT('Ctrl Pts',(8.30618651800279,1.3769405746099,-62.1394854976002));
#3459=CARTESIAN_POINT('Ctrl Pts',(6.87654590529182,-0.029009554051891,-61.6756417317592));
#3460=CARTESIAN_POINT('Ctrl Pts',(5.08728206677595,-0.846971119641388,-61.6766947000462));
#3461=CARTESIAN_POINT('Ctrl Pts',(3.28837035655745,-1.35425158883224,-61.8812205736207));
#3462=CARTESIAN_POINT('Ctrl Pts',(1.19890662656652,-1.75365121900911,-61.6198704062018));
#3463=CARTESIAN_POINT('Ctrl Pts',(-0.925114616486579,-1.87160249111843,
-61.8812205736206));
#3464=CARTESIAN_POINT('Ctrl Pts',(-2.79331321356678,-1.81458655079176,-61.6766947000462));
#3465=CARTESIAN_POINT('Ctrl Pts',(-4.727311081734,-1.45378403898394,-61.6756417317592));
#3466=CARTESIAN_POINT('Ctrl Pts',(-6.4546153786025,-0.435458004839517,-62.1394854976001));
#3467=CARTESIAN_POINT('Ctrl Pts',(-7.37087769424478,0.898586335989162,-62.519631538275));
#3468=CARTESIAN_POINT('Ctrl Pts',(-7.6831237139687,1.51973116557876,-62.6778916319893));
#3469=CARTESIAN_POINT('Ctrl Pts',(-7.82436674301721,1.83156332059419,-62.7548664942637));
#3470=CARTESIAN_POINT('Ctrl Pts',(-7.8689677558978,1.93571732896943,-62.780165584258));
#3471=CARTESIAN_POINT('Ctrl Pts',(-7.95296774627762,2.14329149707028,-62.8298177170704));
#3472=CARTESIAN_POINT('Ctrl Pts',(-7.99236628115564,2.24671159364808,-62.8541706792687));
#3473=CARTESIAN_POINT('Ctrl Pts',(-8.02903873264293,2.34917884940424,-62.8779345710697));
#3474=CARTESIAN_POINT('Ctrl Pts',(8.08267903421185,4.80535194918922,-56.6266622323103));
#3475=CARTESIAN_POINT('Ctrl Pts',(8.06001752565028,4.70598482083039,-56.5922246969212));
#3476=CARTESIAN_POINT('Ctrl Pts',(8.0349805686675,4.60573639274165,-56.5554245176514));
#3477=CARTESIAN_POINT('Ctrl Pts',(7.98061311843018,4.40461543430439,-56.4783095856127));
#3478=CARTESIAN_POINT('Ctrl Pts',(7.95128262517565,4.30374290395586,-56.4379948328437));
#3479=CARTESIAN_POINT('Ctrl Pts',(7.8575368818604,4.00189690532057,-56.3135947856814));
#3480=CARTESIAN_POINT('Ctrl Pts',(7.6470283410233,3.40129127769119,-56.0509715359353));
#3481=CARTESIAN_POINT('Ctrl Pts',(7.03314065422553,2.11711649884422,-55.4431218632741));
#3482=CARTESIAN_POINT('Ctrl Pts',(6.02511677125384,1.16402647731404,-55.1700163484421));
#3483=CARTESIAN_POINT('Ctrl Pts',(4.23814203403366,0.500542482559299,-54.9369539739564));
#3484=CARTESIAN_POINT('Ctrl Pts',(2.95655562148799,0.115526475891574,-55.1289621955223));
#3485=CARTESIAN_POINT('Ctrl Pts',(1.01577893621497,-0.26219586823127,-54.9778328211765));
#3486=CARTESIAN_POINT('Ctrl Pts',(-0.958727692662083,-0.365209866646803,
-55.1289621955224));
#3487=CARTESIAN_POINT('Ctrl Pts',(-2.2953893137778,-0.301674295127086,-54.9369539739565));
#3488=CARTESIAN_POINT('Ctrl Pts',(-4.18979456997681,-0.0902069263810581,
-55.1700163484421));
#3489=CARTESIAN_POINT('Ctrl Pts',(-5.3984491802941,0.590709199687734,-55.4431218632741));
#3490=CARTESIAN_POINT('Ctrl Pts',(-6.30477177598736,1.68822562651896,-56.0509715359353));
#3491=CARTESIAN_POINT('Ctrl Pts',(-6.65432696545012,2.22006407494583,-56.3135947856814));
#3492=CARTESIAN_POINT('Ctrl Pts',(-6.8183112157145,2.49026480948794,-56.4379948328437));
#3493=CARTESIAN_POINT('Ctrl Pts',(-6.87117374172479,2.58104530605675,-56.4783095856126));
#3494=CARTESIAN_POINT('Ctrl Pts',(-6.9725861209173,2.76304717282316,-56.5554277959682));
#3495=CARTESIAN_POINT('Ctrl Pts',(-7.0211356070359,2.85426857984941,-56.5922309547184));
#3496=CARTESIAN_POINT('Ctrl Pts',(-7.06716654120639,2.94520944854169,-56.6266710163284));
#3497=CARTESIAN_POINT('Ctrl Pts',(7.58892546486988,4.94379468298699,-53.6662648141253));
#3498=CARTESIAN_POINT('Ctrl Pts',(7.56595429964472,4.84459067587772,-53.6471439619377));
#3499=CARTESIAN_POINT('Ctrl Pts',(7.54133009519205,4.74431950878562,-53.6273554323007));
#3500=CARTESIAN_POINT('Ctrl Pts',(7.48899159769329,4.54315122837299,-53.5868653898336));
#3501=CARTESIAN_POINT('Ctrl Pts',(7.46127730464721,4.44225411505247,-53.5661638770036));
#3502=CARTESIAN_POINT('Ctrl Pts',(7.37382327741127,4.14088641635423,-53.5033234212826));
#3503=CARTESIAN_POINT('Ctrl Pts',(7.18167063054868,3.54344558401098,-53.3746988409167));
#3504=CARTESIAN_POINT('Ctrl Pts',(6.63074545617716,2.3131823245143,-53.0894483608743));
#3505=CARTESIAN_POINT('Ctrl Pts',(5.65433034534286,1.74758377428297,-52.9271819247259));
#3506=CARTESIAN_POINT('Ctrl Pts',(3.87166441431913,1.24825159010557,-52.9808585614757));
#3507=CARTESIAN_POINT('Ctrl Pts',(2.64792278478002,0.85184111875525,-53.0765628611476));
#3508=CARTESIAN_POINT('Ctrl Pts',(0.92384918461669,0.486511875822801,-53.0516832678742));
#3509=CARTESIAN_POINT('Ctrl Pts',(-0.837393204375266,0.423898125418955,
-53.0765628611477));
#3510=CARTESIAN_POINT('Ctrl Pts',(-2.12068485024772,0.512483616878891,-52.9808585614757));
#3511=CARTESIAN_POINT('Ctrl Pts',(-3.97119737302798,0.565717579924076,-52.9271819247259));
#3512=CARTESIAN_POINT('Ctrl Pts',(-5.0554394555622,0.878299241496251,-53.0894483608743));
#3513=CARTESIAN_POINT('Ctrl Pts',(-5.8876274175768,1.93873756186272,-53.3746988409166));
#3514=CARTESIAN_POINT('Ctrl Pts',(-6.21860632828931,2.47194591561465,-53.5033234212826));
#3515=CARTESIAN_POINT('Ctrl Pts',(-6.37637004210355,2.74320466165245,-53.5661638770036));
#3516=CARTESIAN_POINT('Ctrl Pts',(-6.42767032311796,2.83440000519202,-53.5868653898336));
#3517=CARTESIAN_POINT('Ctrl Pts',(-6.52712538315523,3.01693865918045,-53.6273571536169));
#3518=CARTESIAN_POINT('Ctrl Pts',(-6.57527989436351,3.10828198155082,-53.6471473269412));
#3519=CARTESIAN_POINT('Ctrl Pts',(-6.62157195821983,3.19898958144624,-53.666269691315));
#3520=CARTESIAN_POINT('Ctrl Pts',(-9.3885965341688,1.80463292004691,-87.1144329471541));
#3521=CARTESIAN_POINT('Ctrl Pts',(-9.37033375568437,1.70922795488402,-86.7721115334895));
#3522=CARTESIAN_POINT('Ctrl Pts',(-9.34680758912333,1.59391830736005,-86.0356502517834));
#3523=CARTESIAN_POINT('Ctrl Pts',(-9.32285919606927,1.51184287008785,-85.3641506646217));
#3524=CARTESIAN_POINT('Ctrl Pts',(-9.28661993661841,1.41365537186842,-84.4056225547876));
#3525=CARTESIAN_POINT('Ctrl Pts',(-9.20810741886281,1.29007379899685,-82.5875704230664));
#3526=CARTESIAN_POINT('Ctrl Pts',(-8.92890919248265,1.35691675458327,-78.7417353838661));
#3527=CARTESIAN_POINT('Ctrl Pts',(-7.89558311063679,1.8568436458272,-75.1245111827447));
#3528=CARTESIAN_POINT('Ctrl Pts',(-9.08889346982507,1.70122088582854,-72.7783524702161));
#3529=CARTESIAN_POINT('Ctrl Pts',(-7.98815006688661,2.02354256840948,-71.2542673800151));
#3530=CARTESIAN_POINT('Ctrl Pts',(-8.37108620294193,1.68051654926683,-68.7914119229847));
#3531=CARTESIAN_POINT('Ctrl Pts',(-8.08808120871129,2.23372104957964,-63.8988174088136));
#3532=CARTESIAN_POINT('Ctrl Pts',(-7.51611176145792,2.64657032568436,-59.7094369583496));
#3533=CARTESIAN_POINT('Ctrl Pts',(-7.31194117609734,2.78042605691537,-58.2957648573459));
#3534=CARTESIAN_POINT('Ctrl Pts',(-9.4909108199558,5.04580079614167,-93.0474779822592));
#3535=CARTESIAN_POINT('Ctrl Pts',(-9.49667692625221,5.02584203181538,-92.9359552620329));
#3536=CARTESIAN_POINT('Ctrl Pts',(-9.50130981537763,5.00748461040395,-92.8323134705518));
#3537=CARTESIAN_POINT('Ctrl Pts',(-9.50900456711806,4.96646431823152,-92.5863814289948));
#3538=CARTESIAN_POINT('Ctrl Pts',(-9.51206642973307,4.94380144747052,-92.4440911789188));
#3539=CARTESIAN_POINT('Ctrl Pts',(-9.5188954778125,4.86935466116314,-91.9592477407987));
#3540=CARTESIAN_POINT('Ctrl Pts',(-9.51659674937937,4.78122898146019,-91.3132933553115));
#3541=CARTESIAN_POINT('Ctrl Pts',(-9.51688884995726,4.66649118111794,-90.4898787005262));
#3542=CARTESIAN_POINT('Ctrl Pts',(-9.51087776276906,4.61575718891851,-89.9210494923053));
#3543=CARTESIAN_POINT('Ctrl Pts',(-9.50628066873172,4.59274873908992,-89.6148712625905));
#3544=CARTESIAN_POINT('Ctrl Pts',(-9.50448304564539,4.58547234685891,-89.5091845817514));
#3545=CARTESIAN_POINT('Ctrl Pts',(-9.50026386723821,4.57159581642117,-89.2890066410308));
#3546=CARTESIAN_POINT('Ctrl Pts',(-9.49784231191735,4.56499567821444,-89.1745153811492));
#3547=CARTESIAN_POINT('Ctrl Pts',(-9.49506208276916,4.55867870298681,-89.0548468131591));
#3548=CARTESIAN_POINT('Ctrl Pts',(-9.50805589191971,4.98659700140113,-93.0442035551855));
#3549=CARTESIAN_POINT('Ctrl Pts',(-9.51870427667742,4.9516017744402,-92.889286315049));
#3550=CARTESIAN_POINT('Ctrl Pts',(-9.52548378788743,4.92610059964503,-92.7638951100934));
#3551=CARTESIAN_POINT('Ctrl Pts',(-9.53940712602901,4.85944255780644,-92.4499611113505));
#3552=CARTESIAN_POINT('Ctrl Pts',(-9.54437470279546,4.82615183425991,-92.2806381553857));
#3553=CARTESIAN_POINT('Ctrl Pts',(-9.55537837259021,4.72985480583879,-91.7718388584511));
#3554=CARTESIAN_POINT('Ctrl Pts',(-9.55655583946,4.61729267291113,-91.1026653698186));
#3555=CARTESIAN_POINT('Ctrl Pts',(-9.56062470139764,4.4743376146881,-90.2488465626085));
#3556=CARTESIAN_POINT('Ctrl Pts',(-9.55640698738047,4.41253729847935,-89.6710045519337));
#3557=CARTESIAN_POINT('Ctrl Pts',(-9.55262816289814,4.38478928224972,-89.3617622386226));
#3558=CARTESIAN_POINT('Ctrl Pts',(-9.55109022682507,4.37606530048563,-89.2552945828565));
#3559=CARTESIAN_POINT('Ctrl Pts',(-9.5473643440304,4.35952749904136,-89.0340194708473));
#3560=CARTESIAN_POINT('Ctrl Pts',(-9.54517639730879,4.35171367936117,-88.919212014604));
#3561=CARTESIAN_POINT('Ctrl Pts',(-9.54261676785092,4.34428466478576,-88.7994516425459));
#3562=CARTESIAN_POINT('Ctrl Pts',(-9.52083048543085,4.9316166148235,-93.0457525650134));
#3563=CARTESIAN_POINT('Ctrl Pts',(-9.53345633704608,4.8892479554099,-92.8741541778828));
#3564=CARTESIAN_POINT('Ctrl Pts',(-9.54306095176926,4.84737191202572,-92.707975851021));
#3565=CARTESIAN_POINT('Ctrl Pts',(-9.55961087993396,4.76288648011201,-92.3555087773738));
#3566=CARTESIAN_POINT('Ctrl Pts',(-9.56587172563936,4.72136503769042,-92.1738020703015));
#3567=CARTESIAN_POINT('Ctrl Pts',(-9.57932260458002,4.6029813599471,-91.6337743670574));
#3568=CARTESIAN_POINT('Ctrl Pts',(-9.58303935469942,4.4616181883465,-90.9273172106593));
#3569=CARTESIAN_POINT('Ctrl Pts',(-9.58992843812658,4.28548844579648,-90.0297076374837));
#3570=CARTESIAN_POINT('Ctrl Pts',(-9.58705787199325,4.21080295901956,-89.4374282110611));
#3571=CARTESIAN_POINT('Ctrl Pts',(-9.58390269051792,4.1775298938601,-89.1226748515368));
#3572=CARTESIAN_POINT('Ctrl Pts',(-9.5825643136247,4.16711715184512,-89.0146547906432));
#3573=CARTESIAN_POINT('Ctrl Pts',(-9.5792221666392,4.14746560807539,-88.7907998924361));
#3574=CARTESIAN_POINT('Ctrl Pts',(-9.57721839654692,4.13822680632065,-88.6749650551226));
#3575=CARTESIAN_POINT('Ctrl Pts',(-9.57483588299036,4.12948366512132,-88.5544177157747));
#3576=CARTESIAN_POINT('Ctrl Pts',(-9.53725626617137,4.8153859776796,-93.0669543775072));
#3577=CARTESIAN_POINT('Ctrl Pts',(-9.55308681530416,4.75430016638489,-92.8523433029616));
#3578=CARTESIAN_POINT('Ctrl Pts',(-9.56469437760835,4.69670766353228,-92.6492289513289));
#3579=CARTESIAN_POINT('Ctrl Pts',(-9.58420010105867,4.58379090292567,-92.23920395303));
#3580=CARTESIAN_POINT('Ctrl Pts',(-9.59155154164167,4.52901113854861,-92.0360058326663));
#3581=CARTESIAN_POINT('Ctrl Pts',(-9.60802609557931,4.36933485594402,-91.4330598054873));
#3582=CARTESIAN_POINT('Ctrl Pts',(-9.61511278666582,4.16886784054208,-90.6468606596818));
#3583=CARTESIAN_POINT('Ctrl Pts',(-9.62563560935136,3.92232228752153,-89.6548511677833));
#3584=CARTESIAN_POINT('Ctrl Pts',(-9.6233047160298,3.81240604660741,-89.0198632241851));
#3585=CARTESIAN_POINT('Ctrl Pts',(-9.62042329889905,3.7643488192939,-88.688528271619));
#3586=CARTESIAN_POINT('Ctrl Pts',(-9.6191768314438,3.74947989237999,-88.5757764573026));
#3587=CARTESIAN_POINT('Ctrl Pts',(-9.61602339629708,3.72167573465837,-88.3437029913526));
#3588=CARTESIAN_POINT('Ctrl Pts',(-9.6141164286056,3.70874050385067,-88.2243813397191));
#3589=CARTESIAN_POINT('Ctrl Pts',(-9.61183495575622,3.6965888202919,-88.1007966808965));
#3590=CARTESIAN_POINT('Ctrl Pts',(-9.54090745340075,4.75413572711332,-93.086607180173));
#3591=CARTESIAN_POINT('Ctrl Pts',(-9.55634573860172,4.68768821987752,-92.8596360462389));
#3592=CARTESIAN_POINT('Ctrl Pts',(-9.56942056626063,4.6218581551264,-92.6369968177368));
#3593=CARTESIAN_POINT('Ctrl Pts',(-9.58887891288021,4.49951009710018,-92.2088313177796));
#3594=CARTESIAN_POINT('Ctrl Pts',(-9.59573721824072,4.44158888143349,-92.0041605285419));
#3595=CARTESIAN_POINT('Ctrl Pts',(-9.61278535458879,4.26256179783263,-91.370409735311));
#3596=CARTESIAN_POINT('Ctrl Pts',(-9.62070270339281,4.03179197730229,-90.5417522678634));
#3597=CARTESIAN_POINT('Ctrl Pts',(-9.63203904384719,3.7480052981382,-89.4991336232079));
#3598=CARTESIAN_POINT('Ctrl Pts',(-9.62890067545357,3.61574347365503,-88.8358745781818));
#3599=CARTESIAN_POINT('Ctrl Pts',(-9.6256693796604,3.55842713311731,-88.4934690787871));
#3600=CARTESIAN_POINT('Ctrl Pts',(-9.62431526246328,3.54079078155538,-88.3775379161753));
#3601=CARTESIAN_POINT('Ctrl Pts',(-9.62096680334616,3.50794775220733,-88.1398256686803));
#3602=CARTESIAN_POINT('Ctrl Pts',(-9.61897246142615,3.49274107442121,-88.0180445837971));
#3603=CARTESIAN_POINT('Ctrl Pts',(-9.61661491338266,3.47849497512692,-87.8922095727896));
#3604=CARTESIAN_POINT('Ctrl Pts',(-9.53908642157774,4.62536536199214,-93.1440165783427));
#3605=CARTESIAN_POINT('Ctrl Pts',(-9.55437250004279,4.55259690770354,-92.8932959851357));
#3606=CARTESIAN_POINT('Ctrl Pts',(-9.56667420549641,4.48135117053221,-92.6547028291791));
#3607=CARTESIAN_POINT('Ctrl Pts',(-9.58575116496935,4.34223158533953,-92.1936050119692));
#3608=CARTESIAN_POINT('Ctrl Pts',(-9.59268468112197,4.27388999652097,-91.9713855114551));
#3609=CARTESIAN_POINT('Ctrl Pts',(-9.6090112522229,4.06396363830515,-91.297249655485));
#3610=CARTESIAN_POINT('Ctrl Pts',(-9.61704648950435,3.77831384550348,-90.4014553662414));
#3611=CARTESIAN_POINT('Ctrl Pts',(-9.62790953779549,3.42182688331169,-89.270754869571));
#3612=CARTESIAN_POINT('Ctrl Pts',(-9.61973942392036,3.22959075880634,-88.5341354769158));
#3613=CARTESIAN_POINT('Ctrl Pts',(-9.61425058055952,3.14785902828899,-88.1633638078664));
#3614=CARTESIAN_POINT('Ctrl Pts',(-9.61218700170203,3.12301284007243,-88.0393629227297));
#3615=CARTESIAN_POINT('Ctrl Pts',(-9.60751009469161,3.0771467515074,-87.7872203512689));
#3616=CARTESIAN_POINT('Ctrl Pts',(-9.60489676653868,3.05612685115892,-87.659078664945));
#3617=CARTESIAN_POINT('Ctrl Pts',(-9.6019676534942,3.03653551672265,-87.5272065062208));
#3618=CARTESIAN_POINT('Ctrl Pts',(-9.53207466121284,4.56463535234788,-93.1909267273695));
#3619=CARTESIAN_POINT('Ctrl Pts',(-9.54720534381036,4.48951296756871,-92.9307149076782));
#3620=CARTESIAN_POINT('Ctrl Pts',(-9.55920165607989,4.4156936943439,-92.6846409742133));
#3621=CARTESIAN_POINT('Ctrl Pts',(-9.57794460523696,4.26923387940436,-92.2087513414092));
#3622=CARTESIAN_POINT('Ctrl Pts',(-9.58477037319114,4.19635946729103,-91.9790782224396));
#3623=CARTESIAN_POINT('Ctrl Pts',(-9.60047789084753,3.97213853688906,-91.2867396458354));
#3624=CARTESIAN_POINT('Ctrl Pts',(-9.60780035888891,3.66191157694446,-90.3662668564378));
#3625=CARTESIAN_POINT('Ctrl Pts',(-9.61737659724797,3.2699654578685,-89.1980936605093));
#3626=CARTESIAN_POINT('Ctrl Pts',(-9.60498221296337,3.04010061691001,-88.4163850216533));
#3627=CARTESIAN_POINT('Ctrl Pts',(-9.59758570069729,2.94321260963726,-88.0283177297778));
#3628=CARTESIAN_POINT('Ctrl Pts',(-9.5949203099213,2.91392400941409,-87.8994264704113));
#3629=CARTESIAN_POINT('Ctrl Pts',(-9.58910997898799,2.86007373325851,-87.6384923565298));
#3630=CARTESIAN_POINT('Ctrl Pts',(-9.58596503883066,2.8355120573261,-87.5064495020147));
#3631=CARTESIAN_POINT('Ctrl Pts',(-9.5825404359793,2.81266990348336,-87.3707905477588));
#3632=CARTESIAN_POINT('Ctrl Pts',(-9.51608792602799,4.47688031765155,-93.2843899485601));
#3633=CARTESIAN_POINT('Ctrl Pts',(-9.53110968753416,4.40004221998829,-93.0141508715085));
#3634=CARTESIAN_POINT('Ctrl Pts',(-9.54283179066565,4.32367281241654,-92.7596491089948));
#3635=CARTESIAN_POINT('Ctrl Pts',(-9.56111071253075,4.16933358294916,-92.2675521050992));
#3636=CARTESIAN_POINT('Ctrl Pts',(-9.56768731403103,4.09130529345387,-92.0299925088097));
#3637=CARTESIAN_POINT('Ctrl Pts',(-9.58221427270125,3.84970697323953,-91.3184012738752));
#3638=CARTESIAN_POINT('Ctrl Pts',(-9.58748393064226,3.50845537453362,-90.3753872457683));
#3639=CARTESIAN_POINT('Ctrl Pts',(-9.59377474216067,3.07101084204964,-89.1719026349304));
#3640=CARTESIAN_POINT('Ctrl Pts',(-9.57296665203591,2.78457833759665,-88.3448345308774));
#3641=CARTESIAN_POINT('Ctrl Pts',(-9.5588497826173,2.6491331419704,-87.9175605028676));
#3642=CARTESIAN_POINT('Ctrl Pts',(-9.55295015085663,2.60373481086186,-87.772811044425));
#3643=CARTESIAN_POINT('Ctrl Pts',(-9.54243885745024,2.52611678107833,-87.4920092201925));
#3644=CARTESIAN_POINT('Ctrl Pts',(-9.53814549250788,2.49317844211865,-87.3449927428115));
#3645=CARTESIAN_POINT('Ctrl Pts',(-9.53309853296955,2.46269799163763,-87.1998634377832));
#3646=CARTESIAN_POINT('Ctrl Pts',(-9.50984749852679,4.44818530271445,-93.3193940218988));
#3647=CARTESIAN_POINT('Ctrl Pts',(-9.52485364845417,4.37107783123178,-93.0465141227881));
#3648=CARTESIAN_POINT('Ctrl Pts',(-9.53651499531266,4.29407674049994,-92.789668640127));
#3649=CARTESIAN_POINT('Ctrl Pts',(-9.55464540611075,4.13763286120535,-92.2931659045842));
#3650=CARTESIAN_POINT('Ctrl Pts',(-9.56112436143368,4.05816083884278,-92.0535264742487));
#3651=CARTESIAN_POINT('Ctrl Pts',(-9.57521580397196,3.81144746676879,-91.3368595903075));
#3652=CARTESIAN_POINT('Ctrl Pts',(-9.57963724917279,3.46082784046795,-90.3887445678844));
#3653=CARTESIAN_POINT('Ctrl Pts',(-9.5846070497539,3.00949889050101,-89.176972424406));
#3654=CARTESIAN_POINT('Ctrl Pts',(-9.56064817431142,2.70418973341405,-88.3384968993051));
#3655=CARTESIAN_POINT('Ctrl Pts',(-9.5430728389811,2.55170990413341,-87.8959086224926));
#3656=CARTESIAN_POINT('Ctrl Pts',(-9.53628174426948,2.50091241925033,-87.7444874445114));
#3657=CARTESIAN_POINT('Ctrl Pts',(-9.52370332560727,2.41340655955046,-87.4559496507086));
#3658=CARTESIAN_POINT('Ctrl Pts',(-9.51670468631188,2.37203109027876,-87.3127969944375));
#3659=CARTESIAN_POINT('Ctrl Pts',(-9.51099127180983,2.3371102392947,-87.161074890117));
#3660=CARTESIAN_POINT('Ctrl Pts',(-9.49615740731899,4.3915514694962,-93.3963998049158));
#3661=CARTESIAN_POINT('Ctrl Pts',(-9.51121424356865,4.31461120604164,-93.1197471770819));
#3662=CARTESIAN_POINT('Ctrl Pts',(-9.52282572622055,4.23696825881708,-92.8594868761782));
#3663=CARTESIAN_POINT('Ctrl Pts',(-9.54071343816117,4.07761916145521,-92.356744267733));
#3664=CARTESIAN_POINT('Ctrl Pts',(-9.5469896674499,3.99591301131789,-92.1142619601915));
#3665=CARTESIAN_POINT('Ctrl Pts',(-9.56014865601986,3.74071300347769,-91.3909720368635));
#3666=CARTESIAN_POINT('Ctrl Pts',(-9.56257477598991,3.37356217321537,-90.4376708038826));
#3667=CARTESIAN_POINT('Ctrl Pts',(-9.56448748968778,2.89808680308419,-89.2181303554251));
#3668=CARTESIAN_POINT('Ctrl Pts',(-9.5341276784777,2.56010381589535,-88.3719014256378));
#3669=CARTESIAN_POINT('Ctrl Pts',(-9.50889809603508,2.37291332924192,-87.9035060679121));
#3670=CARTESIAN_POINT('Ctrl Pts',(-9.49881328908127,2.30748333484761,-87.7398274665316));
#3671=CARTESIAN_POINT('Ctrl Pts',(-9.47878031447809,2.18882148084806,-87.4335229726383));
#3672=CARTESIAN_POINT('Ctrl Pts',(-9.4665880845461,2.12651762871962,-87.2835983903329));
#3673=CARTESIAN_POINT('Ctrl Pts',(-9.45552349584411,2.06807383782016,-87.1198721061025));
#3674=CARTESIAN_POINT('Ctrl Pts',(-9.48870774361239,4.36361265121505,-93.4384015145942));
#3675=CARTESIAN_POINT('Ctrl Pts',(-9.50383087776313,4.28710896960799,-93.1606169800962));
#3676=CARTESIAN_POINT('Ctrl Pts',(-9.51545325248143,4.20945584905082,-92.8992855810972));
#3677=CARTESIAN_POINT('Ctrl Pts',(-9.5332467766316,4.04930618344888,-92.3947088313968));
#3678=CARTESIAN_POINT('Ctrl Pts',(-9.53941792606347,3.96680963840411,-92.1514634806954));
#3679=CARTESIAN_POINT('Ctrl Pts',(-9.55207997679706,3.70823804665734,-91.4266261669871));
#3680=CARTESIAN_POINT('Ctrl Pts',(-9.55335898427649,3.33392404002845,-90.4732397177648));
#3681=CARTESIAN_POINT('Ctrl Pts',(-9.55353562202843,2.84818666721601,-89.2542184969685));
#3682=CARTESIAN_POINT('Ctrl Pts',(-9.51992566036847,2.49640650255926,-88.4116435835427));
#3683=CARTESIAN_POINT('Ctrl Pts',(-9.49049237689753,2.2897185814495,-87.9266090533923));
#3684=CARTESIAN_POINT('Ctrl Pts',(-9.47881235934724,2.21925421738413,-87.7630789825728));
#3685=CARTESIAN_POINT('Ctrl Pts',(-9.45457988943453,2.08245907155826,-87.43945118155));
#3686=CARTESIAN_POINT('Ctrl Pts',(-9.43663008026642,1.99625778497791,-87.2837948564698));
#3687=CARTESIAN_POINT('Ctrl Pts',(-9.42216298103812,1.92462518868854,-87.1174578697543));
#3688=CARTESIAN_POINT('Ctrl Pts',(-9.4809603594733,4.33587336629483,-93.4835511943373));
#3689=CARTESIAN_POINT('Ctrl Pts',(-9.49621100555332,4.26020969172692,-93.2054420715092));
#3690=CARTESIAN_POINT('Ctrl Pts',(-9.50788527390442,4.1829495460424,-92.9438466402646));
#3691=CARTESIAN_POINT('Ctrl Pts',(-9.52563276884373,4.02278157210544,-92.4390106143176));
#3692=CARTESIAN_POINT('Ctrl Pts',(-9.53170599543194,3.93987374385299,-92.1957700196151));
#3693=CARTESIAN_POINT('Ctrl Pts',(-9.54385168309463,3.6789966247416,-91.4715716703829));
#3694=CARTESIAN_POINT('Ctrl Pts',(-9.54384862103971,3.29875077431566,-90.5207030310737));
#3695=CARTESIAN_POINT('Ctrl Pts',(-9.54209998649416,2.80509209330394,-89.3075248592438));
#3696=CARTESIAN_POINT('Ctrl Pts',(-9.50548672595649,2.44461499114783,-88.4799529989051));
#3697=CARTESIAN_POINT('Ctrl Pts',(-9.47335991855259,2.23056821740635,-88.0084152979948));
#3698=CARTESIAN_POINT('Ctrl Pts',(-9.45984802657467,2.15224960954434,-87.8395898197366));
#3699=CARTESIAN_POINT('Ctrl Pts',(-9.42721833026559,1.98167302725727,-87.4786463739775));
#3700=CARTESIAN_POINT('Ctrl Pts',(-9.40810052593442,1.88941505283223,-87.2865284064765));
#3701=CARTESIAN_POINT('Ctrl Pts',(-9.3885965341688,1.80463292004691,-87.1144329471541));
#3702=CARTESIAN_POINT('',(-9.49506208276916,4.55867870298681,-89.0548468131591));
#3703=CARTESIAN_POINT('Ctrl Pts',(-9.4909108199558,5.04580079614167,-93.0474779822592));
#3704=CARTESIAN_POINT('Ctrl Pts',(-9.49667692625221,5.02584203181538,-92.9359552620329));
#3705=CARTESIAN_POINT('Ctrl Pts',(-9.50594270450305,4.98912718899252,-92.7286716790707));
#3706=CARTESIAN_POINT('Ctrl Pts',(-9.51206642973307,4.94380144747052,-92.4440911789188));
#3707=CARTESIAN_POINT('Ctrl Pts',(-9.5188954778125,4.86935466116314,-91.9592477407987));
#3708=CARTESIAN_POINT('Ctrl Pts',(-9.51659674937937,4.78122898146019,-91.3132933553116));
#3709=CARTESIAN_POINT('Ctrl Pts',(-9.51694727007284,4.64354362104949,-90.3251957695691));
#3710=CARTESIAN_POINT('Ctrl Pts',(-9.50618299936193,4.58394660389733,-89.5335210851193));
#3711=CARTESIAN_POINT('Ctrl Pts',(-9.49506208276916,4.55867870298681,-89.0548468131591));
#3712=CARTESIAN_POINT('Ctrl Pts',(-9.49506208276917,4.55867870298681,-89.0548468131591));
#3713=CARTESIAN_POINT('Ctrl Pts',(-9.59017145293269,4.12989062658471,-88.5440564719327));
#3714=CARTESIAN_POINT('Ctrl Pts',(-9.64082208852399,3.48426674320122,-87.8400384231447));
#3715=CARTESIAN_POINT('Ctrl Pts',(-9.5825404359793,2.81266990348335,-87.3707905477589));
#3716=CARTESIAN_POINT('Ctrl Pts',(-9.53309853296955,2.46269799163763,-87.1998634377832));
#3717=CARTESIAN_POINT('Ctrl Pts',(-9.48888401065011,2.21152248695177,-87.1222863424508));
#3718=CARTESIAN_POINT('Ctrl Pts',(-9.42216298103812,1.92462518868855,-87.1174578697543));
#3719=CARTESIAN_POINT('Ctrl Pts',(-9.3885965341688,1.80463292004691,-87.1144329471541));
#3720=CARTESIAN_POINT('Ctrl Pts',(-9.3885965341688,1.80463292004691,-87.1144329471541));
#3721=CARTESIAN_POINT('Ctrl Pts',(-9.40810052593442,1.88941505283223,-87.2865284064765));
#3722=CARTESIAN_POINT('Ctrl Pts',(-9.44633613459676,2.07393100168231,-87.6707643414785));
#3723=CARTESIAN_POINT('Ctrl Pts',(-9.47335991855259,2.23056821740635,-88.0084152979948));
#3724=CARTESIAN_POINT('Ctrl Pts',(-9.50548672595649,2.44461499114783,-88.4799529989051));
#3725=CARTESIAN_POINT('Ctrl Pts',(-9.54209998649416,2.80509209330395,-89.3075248592437));
#3726=CARTESIAN_POINT('Ctrl Pts',(-9.5438486210397,3.29875077431566,-90.5207030310738));
#3727=CARTESIAN_POINT('Ctrl Pts',(-9.54385321412209,3.86911954995457,-91.9470059900375));
#3728=CARTESIAN_POINT('Ctrl Pts',(-9.51146165163333,4.184546017159,-92.9273329486809));
#3729=CARTESIAN_POINT('Ctrl Pts',(-9.4809603594733,4.33587336629483,-93.4835511943373));
#3730=CARTESIAN_POINT('Ctrl Pts',(-9.12793156416175,3.48059060041058,-94.8209027754478));
#3731=CARTESIAN_POINT('Ctrl Pts',(-9.1505181209017,3.52843373813279,-94.7696238529434));
#3732=CARTESIAN_POINT('Ctrl Pts',(-9.17171033503468,3.57361288492363,-94.7193043920046));
#3733=CARTESIAN_POINT('Ctrl Pts',(-9.21200701454818,3.66026223685895,-94.6170828396563));
#3734=CARTESIAN_POINT('Ctrl Pts',(-9.23111147992871,3.70173244200344,-94.5651807482467));
#3735=CARTESIAN_POINT('Ctrl Pts',(-9.28634465763387,3.82300820529192,-94.4018481979083));
#3736=CARTESIAN_POINT('Ctrl Pts',(-9.32039315152206,3.89967891129094,-94.28279146287));
#3737=CARTESIAN_POINT('Ctrl Pts',(-9.38294289013461,4.04466071756905,-94.0243412565012));
#3738=CARTESIAN_POINT('Ctrl Pts',(-9.40751859065677,4.10784732061504,-93.9019871449073));
#3739=CARTESIAN_POINT('Ctrl Pts',(-9.43846460355447,4.19624760019705,-93.7330531314031));
#3740=CARTESIAN_POINT('Ctrl Pts',(-9.44779368487277,4.22465108922655,-93.6791746525495));
#3741=CARTESIAN_POINT('Ctrl Pts',(-9.46516787076265,4.28059432981534,-93.5769985238882));
#3742=CARTESIAN_POINT('Ctrl Pts',(-9.47321297533422,4.30813408137461,-93.5287008740804));
#3743=CARTESIAN_POINT('Ctrl Pts',(-9.4809603594733,4.33587336629483,-93.4835511943373));
#3744=CARTESIAN_POINT('Ctrl Pts',(-9.13045434217702,3.44482148295428,-94.7256658813339));
#3745=CARTESIAN_POINT('Ctrl Pts',(-9.15649442870893,3.49199605172553,-94.6501932939882));
#3746=CARTESIAN_POINT('Ctrl Pts',(-9.18024651640686,3.53712950294689,-94.5827725999735));
#3747=CARTESIAN_POINT('Ctrl Pts',(-9.22470626061266,3.62362458237792,-94.4516156828023));
#3748=CARTESIAN_POINT('Ctrl Pts',(-9.24541391712053,3.66498621058759,-94.3878794596457));
#3749=CARTESIAN_POINT('Ctrl Pts',(-9.30526758957586,3.78387897883125,-94.1835685227571));
#3750=CARTESIAN_POINT('Ctrl Pts',(-9.3392515686133,3.85522340517378,-94.0480628188656));
#3751=CARTESIAN_POINT('Ctrl Pts',(-9.40072913980869,3.98818300540411,-93.7675725510827));
#3752=CARTESIAN_POINT('Ctrl Pts',(-9.42466443043446,4.04591034913252,-93.6368037391294));
#3753=CARTESIAN_POINT('Ctrl Pts',(-9.45475522593134,4.12774589809276,-93.459623627849));
#3754=CARTESIAN_POINT('Ctrl Pts',(-9.46381680102334,4.15423183664078,-93.4037257751972));
#3755=CARTESIAN_POINT('Ctrl Pts',(-9.48073475472942,4.20701409451731,-93.2990475427337));
#3756=CARTESIAN_POINT('Ctrl Pts',(-9.48859113334351,4.23331041384583,-93.2502671629221));
#3757=CARTESIAN_POINT('Ctrl Pts',(-9.49621100555331,4.26020969172691,-93.2054420715091));
#3758=CARTESIAN_POINT('Ctrl Pts',(-9.13184988653869,3.409157903308,-94.636583728877));
#3759=CARTESIAN_POINT('Ctrl Pts',(-9.15919179523647,3.45511017948077,-94.5504038107958));
#3760=CARTESIAN_POINT('Ctrl Pts',(-9.1848034905514,3.4982154209463,-94.4649306866537));
#3761=CARTESIAN_POINT('Ctrl Pts',(-9.23278632601409,3.58041550475696,-94.2974176170174));
#3762=CARTESIAN_POINT('Ctrl Pts',(-9.25515746616186,3.61951034710208,-94.2153776715232));
#3763=CARTESIAN_POINT('Ctrl Pts',(-9.31773986125226,3.73330478089793,-93.9774369891669));
#3764=CARTESIAN_POINT('Ctrl Pts',(-9.35433103150984,3.8028808799807,-93.8195425707451));
#3765=CARTESIAN_POINT('Ctrl Pts',(-9.41425258909137,3.92562484672717,-93.5242027113012));
#3766=CARTESIAN_POINT('Ctrl Pts',(-9.43758297641531,3.97879271439087,-93.386757270279));
#3767=CARTESIAN_POINT('Ctrl Pts',(-9.46701924928744,4.05540974937776,-93.2025445380158));
#3768=CARTESIAN_POINT('Ctrl Pts',(-9.47590478889253,4.08042629995529,-93.1447995321398));
#3769=CARTESIAN_POINT('Ctrl Pts',(-9.49255381191251,4.1309430467834,-93.0377311128479));
#3770=CARTESIAN_POINT('Ctrl Pts',(-9.50031729532741,4.15644324303398,-92.988407699432));
#3771=CARTESIAN_POINT('Ctrl Pts',(-9.50788527390442,4.1829495460424,-92.9438466402646));
#3772=CARTESIAN_POINT('Ctrl Pts',(-9.13008853433455,3.31241649768555,-94.4242846458625));
#3773=CARTESIAN_POINT('Ctrl Pts',(-9.1617043816751,3.35441913112105,-94.3007172461373));
#3774=CARTESIAN_POINT('Ctrl Pts',(-9.19058087951973,3.39410709805232,-94.1847358233156));
#3775=CARTESIAN_POINT('Ctrl Pts',(-9.24368650101657,3.47008491172097,-93.9660132497335));
#3776=CARTESIAN_POINT('Ctrl Pts',(-9.26791562466877,3.50637475845835,-93.8632720989731));
#3777=CARTESIAN_POINT('Ctrl Pts',(-9.33487892153584,3.61199393760149,-93.5720115321653));
#3778=CARTESIAN_POINT('Ctrl Pts',(-9.37190474127919,3.67481471126115,-93.3927149233421));
#3779=CARTESIAN_POINT('Ctrl Pts',(-9.43221035803174,3.78440393572986,-93.0607852316456));
#3780=CARTESIAN_POINT('Ctrl Pts',(-9.45549015504094,3.83117238653891,-92.9081521487724));
#3781=CARTESIAN_POINT('Ctrl Pts',(-9.48481305325453,3.90067054167217,-92.708213004465));
#3782=CARTESIAN_POINT('Ctrl Pts',(-9.49365455310902,3.92372750653654,-92.6464017030296));
#3783=CARTESIAN_POINT('Ctrl Pts',(-9.51025740700969,3.97152071608146,-92.5339513994163));
#3784=CARTESIAN_POINT('Ctrl Pts',(-9.51801876105586,3.996256960762,-92.4833123972384));
#3785=CARTESIAN_POINT('Ctrl Pts',(-9.52563276884373,4.02278157210544,-92.4390106143176));
#3786=CARTESIAN_POINT('Ctrl Pts',(-9.12693163776874,3.25133867170937,-94.301067715305));
#3787=CARTESIAN_POINT('Ctrl Pts',(-9.15970384900485,3.29037933536536,-94.1628589292912));
#3788=CARTESIAN_POINT('Ctrl Pts',(-9.18978055068662,3.32862968268664,-94.0354051317622));
#3789=CARTESIAN_POINT('Ctrl Pts',(-9.24501232405794,3.40271367307464,-93.7976069606371));
#3790=CARTESIAN_POINT('Ctrl Pts',(-9.27016739574749,3.43854731614137,-93.6872625870412));
#3791=CARTESIAN_POINT('Ctrl Pts',(-9.3389542495025,3.54116908158211,-93.3752927725991));
#3792=CARTESIAN_POINT('Ctrl Pts',(-9.3758200455912,3.60260334384437,-93.1924951351759));
#3793=CARTESIAN_POINT('Ctrl Pts',(-9.4371183635025,3.70691194211272,-92.8401001288104));
#3794=CARTESIAN_POINT('Ctrl Pts',(-9.46071563059225,3.75125507278022,-92.6792747646357));
#3795=CARTESIAN_POINT('Ctrl Pts',(-9.49040204459214,3.81841382751948,-92.4708808778772));
#3796=CARTESIAN_POINT('Ctrl Pts',(-9.49934593481965,3.84090742222224,-92.4068902755417));
#3797=CARTESIAN_POINT('Ctrl Pts',(-9.51614194492379,3.88816943311344,-92.2914881158705));
#3798=CARTESIAN_POINT('Ctrl Pts',(-9.52399406480041,3.91293784930188,-92.2400765585349));
#3799=CARTESIAN_POINT('Ctrl Pts',(-9.53170599543194,3.93987374385299,-92.1957700196151));
#3800=CARTESIAN_POINT('Ctrl Pts',(-9.11063228668007,3.02998382428601,-93.8802147564816));
#3801=CARTESIAN_POINT('Ctrl Pts',(-9.14682109245323,3.0709594969817,-93.7251556953386));
#3802=CARTESIAN_POINT('Ctrl Pts',(-9.17973197758135,3.10911894411697,-93.5791196227293));
#3803=CARTESIAN_POINT('Ctrl Pts',(-9.23974871864683,3.18037578203707,-93.302885467219));
#3804=CARTESIAN_POINT('Ctrl Pts',(-9.26685457458418,3.2134731728219,-93.172687384318));
#3805=CARTESIAN_POINT('Ctrl Pts',(-9.34059081675891,3.30602785280637,-92.8025381391387));
#3806=CARTESIAN_POINT('Ctrl Pts',(-9.37963987735899,3.35874764963598,-92.5830319803841));
#3807=CARTESIAN_POINT('Ctrl Pts',(-9.44352762698705,3.45078375513846,-92.1808757733983));
#3808=CARTESIAN_POINT('Ctrl Pts',(-9.46836631601503,3.49010006381132,-91.998225725167));
#3809=CARTESIAN_POINT('Ctrl Pts',(-9.49981661677855,3.5537488234757,-91.7659458140832));
#3810=CARTESIAN_POINT('Ctrl Pts',(-9.50933209490331,3.57574412613968,-91.695468370599));
#3811=CARTESIAN_POINT('Ctrl Pts',(-9.52723548121014,3.62374731581476,-91.5707540504468));
#3812=CARTESIAN_POINT('Ctrl Pts',(-9.5356233893922,3.64975520282587,-91.5165171737787));
#3813=CARTESIAN_POINT('Ctrl Pts',(-9.54385168309463,3.6789966247416,-91.4715716703829));
#3814=CARTESIAN_POINT('Ctrl Pts',(-9.07001471525029,2.69015479596252,-93.3183169858538));
#3815=CARTESIAN_POINT('Ctrl Pts',(-9.10820426932726,2.72977295232368,-93.1506393280095));
#3816=CARTESIAN_POINT('Ctrl Pts',(-9.14301909244413,2.76482781720478,-92.9881084976875));
#3817=CARTESIAN_POINT('Ctrl Pts',(-9.20671151843106,2.82783941008285,-92.6740201681234));
#3818=CARTESIAN_POINT('Ctrl Pts',(-9.23558912130113,2.85579613807981,-92.5224626688812));
#3819=CARTESIAN_POINT('Ctrl Pts',(-9.31453446205125,2.93206178585848,-92.0852696818265));
#3820=CARTESIAN_POINT('Ctrl Pts',(-9.35691473207121,2.97276616942796,-91.8171137046859));
#3821=CARTESIAN_POINT('Ctrl Pts',(-9.42767329120481,3.05012374194229,-91.3328511871442));
#3822=CARTESIAN_POINT('Ctrl Pts',(-9.45605158031847,3.08677693088714,-91.1167446467428));
#3823=CARTESIAN_POINT('Ctrl Pts',(-9.49248455657896,3.15363211874256,-90.8477865731981));
#3824=CARTESIAN_POINT('Ctrl Pts',(-9.50360647243079,3.17789641543406,-90.767334171526));
#3825=CARTESIAN_POINT('Ctrl Pts',(-9.52453332304278,3.23286911036422,-90.6275240571183));
#3826=CARTESIAN_POINT('Ctrl Pts',(-9.53433825780293,3.26357750860287,-90.5681663443827));
#3827=CARTESIAN_POINT('Ctrl Pts',(-9.5438486210397,3.29875077431566,-90.5207030310738));
#3828=CARTESIAN_POINT('Ctrl Pts',(-9.02426109706468,2.2731953840701,-92.6136384762902));
#3829=CARTESIAN_POINT('Ctrl Pts',(-9.06385951210873,2.31019567258092,-92.4359241358483));
#3830=CARTESIAN_POINT('Ctrl Pts',(-9.10001885560568,2.34058772180284,-92.2587447291246));
#3831=CARTESIAN_POINT('Ctrl Pts',(-9.16639947141504,2.39179102348412,-91.908525526277));
#3832=CARTESIAN_POINT('Ctrl Pts',(-9.19662074372745,2.41260227594346,-91.7354857301533));
#3833=CARTESIAN_POINT('Ctrl Pts',(-9.27978756175247,2.46611836090048,-91.2271803724278));
#3834=CARTESIAN_POINT('Ctrl Pts',(-9.32523610855284,2.48990552097711,-90.9027288414719));
#3835=CARTESIAN_POINT('Ctrl Pts',(-9.40366178033189,2.5427848358627,-90.3072211399273));
#3836=CARTESIAN_POINT('Ctrl Pts',(-9.43663890531057,2.57187699067165,-90.0361649693385));
#3837=CARTESIAN_POINT('Ctrl Pts',(-9.47997650597072,2.63792128177807,-89.7012586357884));
#3838=CARTESIAN_POINT('Ctrl Pts',(-9.49340102505612,2.66367038862905,-89.6015695116606));
#3839=CARTESIAN_POINT('Ctrl Pts',(-9.51874494755072,2.72570850743595,-89.4313558045256));
#3840=CARTESIAN_POINT('Ctrl Pts',(-9.5306643509599,2.76199751939189,-89.3608312215188));
#3841=CARTESIAN_POINT('Ctrl Pts',(-9.54209998649416,2.80509209330395,-89.3075248592437));
#3842=CARTESIAN_POINT('Ctrl Pts',(-8.98556494921106,2.03528044223551,-92.246245171243));
#3843=CARTESIAN_POINT('Ctrl Pts',(-9.02184227232421,2.067693138847,-92.0816846139786));
#3844=CARTESIAN_POINT('Ctrl Pts',(-9.05446345598491,2.0901811871283,-91.9108031463701));
#3845=CARTESIAN_POINT('Ctrl Pts',(-9.11458141047988,2.12391681121362,-91.5629027459998));
#3846=CARTESIAN_POINT('Ctrl Pts',(-9.14207818131414,2.13516438701764,-91.3858838132381));
#3847=CARTESIAN_POINT('Ctrl Pts',(-9.22016367369494,2.16495964198837,-90.8553773505263));
#3848=CARTESIAN_POINT('Ctrl Pts',(-9.26634757511948,2.17955984871375,-90.5024401561493));
#3849=CARTESIAN_POINT('Ctrl Pts',(-9.34734024738357,2.20581081631825,-89.8057844914283));
#3850=CARTESIAN_POINT('Ctrl Pts',(-9.3821490182231,2.21746157719738,-89.4620660210841));
#3851=CARTESIAN_POINT('Ctrl Pts',(-9.43062474687897,2.2681695091999,-89.0161112729098));
#3852=CARTESIAN_POINT('Ctrl Pts',(-9.44616041849702,2.29061078498137,-88.8790635164087));
#3853=CARTESIAN_POINT('Ctrl Pts',(-9.47637194082979,2.35293777024963,-88.6451390870876));
#3854=CARTESIAN_POINT('Ctrl Pts',(-9.49104779154451,2.3928234797364,-88.5482624142676));
#3855=CARTESIAN_POINT('Ctrl Pts',(-9.50548672595649,2.44461499114783,-88.4799529989051));
#3856=CARTESIAN_POINT('Ctrl Pts',(-8.96516749754629,1.92380306683758,-92.0814771739685));
#3857=CARTESIAN_POINT('Ctrl Pts',(-8.99782028028563,1.95243659636369,-91.9326976076275));
#3858=CARTESIAN_POINT('Ctrl Pts',(-9.02703034298512,1.96965563844682,-91.7727333115113));
#3859=CARTESIAN_POINT('Ctrl Pts',(-9.08172172883663,1.99290869433684,-91.4362284981311));
#3860=CARTESIAN_POINT('Ctrl Pts',(-9.10715025625621,1.9990554716396,-91.2605567519139));
#3861=CARTESIAN_POINT('Ctrl Pts',(-9.18227904102256,2.01824037558383,-90.7243786764385));
#3862=CARTESIAN_POINT('Ctrl Pts',(-9.22827384384537,2.02553793904296,-90.3531892467726));
#3863=CARTESIAN_POINT('Ctrl Pts',(-9.30934545098814,2.03550381059528,-89.6061105765395));
#3864=CARTESIAN_POINT('Ctrl Pts',(-9.3444222553081,2.03817211868846,-89.2302213359721));
#3865=CARTESIAN_POINT('Ctrl Pts',(-9.39380610593341,2.07099048605276,-88.7037202491527));
#3866=CARTESIAN_POINT('Ctrl Pts',(-9.40967667198726,2.08671517577668,-88.5318302849779));
#3867=CARTESIAN_POINT('Ctrl Pts',(-9.44106965417865,2.13827404878445,-88.2274185689412));
#3868=CARTESIAN_POINT('Ctrl Pts',(-9.45622746020764,2.17141785336319,-88.0902215425973));
#3869=CARTESIAN_POINT('Ctrl Pts',(-9.47335991855259,2.23056821740635,-88.0084152979948));
#3870=CARTESIAN_POINT('Ctrl Pts',(-8.95906889234022,1.89188193916673,-92.0351809130519));
#3871=CARTESIAN_POINT('Ctrl Pts',(-8.98943070138079,1.9148793927937,-91.8870931751569));
#3872=CARTESIAN_POINT('Ctrl Pts',(-9.01711006978696,1.93026007532896,-91.7326935259781));
#3873=CARTESIAN_POINT('Ctrl Pts',(-9.06961005975961,1.94972748692099,-91.4016932725532));
#3874=CARTESIAN_POINT('Ctrl Pts',(-9.09486867151959,1.9557421218323,-91.227406780224));
#3875=CARTESIAN_POINT('Ctrl Pts',(-9.1683053820245,1.9699773022909,-90.6898629245531));
#3876=CARTESIAN_POINT('Ctrl Pts',(-9.21414435599442,1.97438912356284,-90.3119211825278));
#3877=CARTESIAN_POINT('Ctrl Pts',(-9.29504151386945,1.97843147602916,-89.54806000647));
#3878=CARTESIAN_POINT('Ctrl Pts',(-9.33009969777456,1.97806200722353,-89.1621405724373));
#3879=CARTESIAN_POINT('Ctrl Pts',(-9.3794572738728,2.00319620525911,-88.6020086199405));
#3880=CARTESIAN_POINT('Ctrl Pts',(-9.39537151594564,2.01585567147831,-88.4184225022002));
#3881=CARTESIAN_POINT('Ctrl Pts',(-9.42694959474649,2.06200641615072,-88.0840763696546));
#3882=CARTESIAN_POINT('Ctrl Pts',(-9.44235446853734,2.09504412624932,-87.93768779217));
#3883=CARTESIAN_POINT('Ctrl Pts',(-9.45984802657467,2.15224960954434,-87.8395898197366));
#3884=CARTESIAN_POINT('Ctrl Pts',(-8.94827277262579,1.83851567874863,-91.9598412009022));
#3885=CARTESIAN_POINT('Ctrl Pts',(-8.97248378639011,1.84822324467481,-91.8171087660251));
#3886=CARTESIAN_POINT('Ctrl Pts',(-8.99614261046239,1.85619475418367,-91.6710332575993));
#3887=CARTESIAN_POINT('Ctrl Pts',(-9.04291705898618,1.86502468286165,-91.3514184803679));
#3888=CARTESIAN_POINT('Ctrl Pts',(-9.06680754280956,1.867831544229,-91.178175512935));
#3889=CARTESIAN_POINT('Ctrl Pts',(-9.1372620270495,1.8724694065266,-90.6356482834381));
#3890=CARTESIAN_POINT('Ctrl Pts',(-9.18260906023587,1.8705176856524,-90.2435656941759));
#3891=CARTESIAN_POINT('Ctrl Pts',(-9.26274496352578,1.86184913647658,-89.4464481879898));
#3892=CARTESIAN_POINT('Ctrl Pts',(-9.29753383362932,1.85513230817497,-89.0414132710659));
#3893=CARTESIAN_POINT('Ctrl Pts',(-9.34740050065509,1.86933055709254,-88.4300670026356));
#3894=CARTESIAN_POINT('Ctrl Pts',(-9.36363661664209,1.87810888862672,-88.2256525976515));
#3895=CARTESIAN_POINT('Ctrl Pts',(-9.39662912527874,1.91657760665088,-87.8287893016844));
#3896=CARTESIAN_POINT('Ctrl Pts',(-9.41183017060247,1.94136927543698,-87.6449713094657));
#3897=CARTESIAN_POINT('Ctrl Pts',(-9.42721833026559,1.98167302725727,-87.4786463739775));
#3898=CARTESIAN_POINT('Ctrl Pts',(-8.94357525811743,1.81707054600138,-91.930797749669));
#3899=CARTESIAN_POINT('Ctrl Pts',(-8.96619623070635,1.82288889259209,-91.7875974367533));
#3900=CARTESIAN_POINT('Ctrl Pts',(-8.98535199651059,1.82220079100418,-91.6503310791372));
#3901=CARTESIAN_POINT('Ctrl Pts',(-9.02843498113176,1.82395405378982,-91.3371580802912));
#3902=CARTESIAN_POINT('Ctrl Pts',(-9.05061610141226,1.82375566179411,-91.1658768851765));
#3903=CARTESIAN_POINT('Ctrl Pts',(-9.12019233107256,1.82322458405523,-90.6159493942086));
#3904=CARTESIAN_POINT('Ctrl Pts',(-9.16520325232826,1.81779506322207,-90.2164782700688));
#3905=CARTESIAN_POINT('Ctrl Pts',(-9.2447523503008,1.80233913149013,-89.4028869395791));
#3906=CARTESIAN_POINT('Ctrl Pts',(-9.27929052701763,1.79231272059134,-88.9887667332293));
#3907=CARTESIAN_POINT('Ctrl Pts',(-9.32833595510773,1.79755213551492,-88.3566246587013));
#3908=CARTESIAN_POINT('Ctrl Pts',(-9.34564431836448,1.80882103801918,-88.137212293207));
#3909=CARTESIAN_POINT('Ctrl Pts',(-9.38030193736683,1.84526229062481,-87.699562973722));
#3910=CARTESIAN_POINT('Ctrl Pts',(-9.39800360427555,1.87024112585708,-87.4712116110969));
#3911=CARTESIAN_POINT('Ctrl Pts',(-9.40810052593442,1.88941505283223,-87.2865284064765));
#3912=CARTESIAN_POINT('Ctrl Pts',(-8.93847347605329,1.79424209548966,-91.9004406369106));
#3913=CARTESIAN_POINT('Ctrl Pts',(-8.9568819991999,1.79165595879457,-91.7624800168415));
#3914=CARTESIAN_POINT('Ctrl Pts',(-8.97427093163656,1.78852853545697,-91.6297078894221));
#3915=CARTESIAN_POINT('Ctrl Pts',(-9.01255149188949,1.78267225310979,-91.3286008299554));
#3916=CARTESIAN_POINT('Ctrl Pts',(-9.03344311970576,1.77994339410021,-91.1602658979081));
#3917=CARTESIAN_POINT('Ctrl Pts',(-9.10137204622401,1.7723546635635,-90.6019168948247));
#3918=CARTESIAN_POINT('Ctrl Pts',(-9.14595936845689,1.76330681276472,-90.1950892472186));
#3919=CARTESIAN_POINT('Ctrl Pts',(-9.22471006595639,1.7406947887418,-89.3653076112672));
#3920=CARTESIAN_POINT('Ctrl Pts',(-9.258873441223,1.72713061551766,-88.9423536229218));
#3921=CARTESIAN_POINT('Ctrl Pts',(-9.30711321964206,1.72552517538033,-88.2918817460018));
#3922=CARTESIAN_POINT('Ctrl Pts',(-9.32415632362595,1.73324659645223,-88.0625007621268));
#3923=CARTESIAN_POINT('Ctrl Pts',(-9.36016888728211,1.76520257416474,-87.5786247445736));
#3924=CARTESIAN_POINT('Ctrl Pts',(-9.37913834695438,1.78943713080534,-87.3241297108952));
#3925=CARTESIAN_POINT('Ctrl Pts',(-9.3885965341688,1.80463292004691,-87.1144329471541));
#3926=CARTESIAN_POINT('Ctrl Pts',(-9.4909108199558,5.04580079614167,-93.0474779822592));
#3927=CARTESIAN_POINT('Ctrl Pts',(-9.46223353539904,5.1449221195348,-93.2737978497855));
#3928=CARTESIAN_POINT('Ctrl Pts',(-9.43098431390445,5.24384017208878,-93.5013261415683));
#3929=CARTESIAN_POINT('Ctrl Pts',(-9.33911544849026,5.48160973638196,-94.0303251057073));
#3930=CARTESIAN_POINT('Ctrl Pts',(-9.27849580457066,5.62046124812116,-94.3317957780634));
#3931=CARTESIAN_POINT('Ctrl Pts',(-9.05258123917434,6.09691597211656,-95.3471213659916));
#3932=CARTESIAN_POINT('Ctrl Pts',(-8.44088368326298,7.20338172231324,-97.6619620082276));
#3933=CARTESIAN_POINT('Ctrl Pts',(-6.90793603072201,8.80840827569021,-100.851837293751));
#3934=CARTESIAN_POINT('Ctrl Pts',(-4.64872528828505,10.4257435022315,-101.654981273461));
#3935=CARTESIAN_POINT('Ctrl Pts',(-2.28696998257709,10.5225653147573,-100.520494421099));
#3936=CARTESIAN_POINT('Ctrl Pts',(-0.347592104457239,10.8415701968716,-100.565628531454));
#3937=CARTESIAN_POINT('Ctrl Pts',(1.61135222810329,11.0012190956537,-100.520494421099));
#3938=CARTESIAN_POINT('Ctrl Pts',(3.92637662416302,11.4786336252491,-101.654981273461));
#3939=CARTESIAN_POINT('Ctrl Pts',(6.50974795613142,10.4558927123499,-100.851837293751));
#3940=CARTESIAN_POINT('Ctrl Pts',(8.38545157827749,9.26939590900653,-97.6619620082276));
#3941=CARTESIAN_POINT('Ctrl Pts',(9.24665739425544,8.34377995257968,-95.3471213659916));
#3942=CARTESIAN_POINT('Ctrl Pts',(9.58112616155938,7.93613165002719,-94.3317957780634));
#3943=CARTESIAN_POINT('Ctrl Pts',(9.67353636390977,7.81606984076729,-94.0303251057073));
#3944=CARTESIAN_POINT('Ctrl Pts',(9.82019799510869,7.6075881387627,-93.5013261415684));
#3945=CARTESIAN_POINT('Ctrl Pts',(9.87444942395723,7.51916824601802,-93.2737978497855));
#3946=CARTESIAN_POINT('Ctrl Pts',(9.92625448905346,7.42992891258746,-93.0474779822592));
#3947=CARTESIAN_POINT('Ctrl Pts',(-9.49667692625221,5.02584203181538,-92.9359552620329));
#3948=CARTESIAN_POINT('Ctrl Pts',(-9.4671910333717,5.12899413203385,-93.1455960910419));
#3949=CARTESIAN_POINT('Ctrl Pts',(-9.43577674092436,5.2318536540544,-93.3724679783479));
#3950=CARTESIAN_POINT('Ctrl Pts',(-9.33881444653609,5.48310197658249,-93.9006119068391));
#3951=CARTESIAN_POINT('Ctrl Pts',(-9.27442770061572,5.6278405181881,-94.2017196423256));
#3952=CARTESIAN_POINT('Ctrl Pts',(-9.04571443270861,6.10668555433381,-95.1874725473562));
#3953=CARTESIAN_POINT('Ctrl Pts',(-8.42837721770519,7.21507704567508,-97.4485634738962));
#3954=CARTESIAN_POINT('Ctrl Pts',(-6.88812093315963,8.81695460435234,-100.601231809655));
#3955=CARTESIAN_POINT('Ctrl Pts',(-4.63840396941496,10.4295530493808,-101.340620031139));
#3956=CARTESIAN_POINT('Ctrl Pts',(-2.2894967560967,10.5276111379912,-100.221348387284));
#3957=CARTESIAN_POINT('Ctrl Pts',(-0.345793218920668,10.8269194498775,-100.255989031716));
#3958=CARTESIAN_POINT('Ctrl Pts',(1.61258325052904,11.0067263182127,-100.221348387284));
#3959=CARTESIAN_POINT('Ctrl Pts',(3.91544027970613,11.4798330595409,-101.34062003114));
#3960=CARTESIAN_POINT('Ctrl Pts',(6.48845390762054,10.4593914725624,-100.601231809655));
#3961=CARTESIAN_POINT('Ctrl Pts',(8.37048725339861,9.27771824342694,-97.4485634738961));
#3962=CARTESIAN_POINT('Ctrl Pts',(9.23763108543938,8.35159810561567,-95.1874725473562));
#3963=CARTESIAN_POINT('Ctrl Pts',(9.57539369067512,7.9423075608159,-94.2017196423256));
#3964=CARTESIAN_POINT('Ctrl Pts',(9.67288329742203,7.81744493609311,-93.9006119068392));
#3965=CARTESIAN_POINT('Ctrl Pts',(9.82774786772912,7.59711706457019,-93.3724679783479));
#3966=CARTESIAN_POINT('Ctrl Pts',(9.88311299198244,7.50491271512464,-93.1455960910419));
#3967=CARTESIAN_POINT('Ctrl Pts',(9.93667777944977,7.41195795622536,-92.9359552620329));
#3968=CARTESIAN_POINT('Ctrl Pts',(-9.50130981537763,5.00748461040395,-92.8323134705518));
#3969=CARTESIAN_POINT('Ctrl Pts',(-9.47251186378751,5.11070090584765,-93.028772196632));
#3970=CARTESIAN_POINT('Ctrl Pts',(-9.43556861261502,5.22474257625883,-93.2500824434862));
#3971=CARTESIAN_POINT('Ctrl Pts',(-9.33424546077836,5.48673362833324,-93.7732879391463));
#3972=CARTESIAN_POINT('Ctrl Pts',(-9.26996520835393,5.63539544258315,-94.07153621137));
#3973=CARTESIAN_POINT('Ctrl Pts',(-9.03774588507123,6.1174991467591,-95.0361571907608));
#3974=CARTESIAN_POINT('Ctrl Pts',(-8.41579297446808,7.22617960081584,-97.2449038004206));
#3975=CARTESIAN_POINT('Ctrl Pts',(-6.87083600964256,8.82311464368627,-100.356496854909));
#3976=CARTESIAN_POINT('Ctrl Pts',(-4.62908440606045,10.4325989967698,-101.043576270069));
#3977=CARTESIAN_POINT('Ctrl Pts',(-2.29169926071954,10.5405245066527,-99.9612888274913));
#3978=CARTESIAN_POINT('Ctrl Pts',(-0.345552874764336,10.8249620038064,-99.9880582691318));
#3979=CARTESIAN_POINT('Ctrl Pts',(1.61159630472652,11.0197889387302,-99.9612888274914));
#3980=CARTESIAN_POINT('Ctrl Pts',(3.90566066584624,11.4805339228421,-101.043576270069));
#3981=CARTESIAN_POINT('Ctrl Pts',(6.47019217181029,10.4611869309392,-100.356496854909));
#3982=CARTESIAN_POINT('Ctrl Pts',(8.35559086478156,9.28544660125215,-97.2449038004206));
#3983=CARTESIAN_POINT('Ctrl Pts',(9.22728319294443,8.36016272198201,-95.0361571907608));
#3984=CARTESIAN_POINT('Ctrl Pts',(9.5692360518742,7.94855849708169,-94.07153621137));
#3985=CARTESIAN_POINT('Ctrl Pts',(9.66757145399219,7.81986337457071,-93.7732879391463));
#3986=CARTESIAN_POINT('Ctrl Pts',(9.82926624714011,7.59016686538081,-93.2500824434862));
#3987=CARTESIAN_POINT('Ctrl Pts',(9.89270130295073,7.48845010131673,-93.028772196632));
#3988=CARTESIAN_POINT('Ctrl Pts',(9.94561411415465,7.39526662600374,-92.8323134705519));
#3989=CARTESIAN_POINT('Ctrl Pts',(-9.50900456711806,4.96646431823152,-92.5863814289948));
#3990=CARTESIAN_POINT('Ctrl Pts',(-9.47809615279381,5.07900065542012,-92.7587160753887));
#3991=CARTESIAN_POINT('Ctrl Pts',(-9.43644521791072,5.20548891159626,-92.9777079284216));
#3992=CARTESIAN_POINT('Ctrl Pts',(-9.32738568888445,5.48801753928239,-93.4990659138481));
#3993=CARTESIAN_POINT('Ctrl Pts',(-9.26018716412815,5.64340328601449,-93.7944250598252));
#3994=CARTESIAN_POINT('Ctrl Pts',(-9.02076717310188,6.1389896138733,-94.7374445927766));
#3995=CARTESIAN_POINT('Ctrl Pts',(-8.39062952402,7.2478786202408,-96.8512520387611));
#3996=CARTESIAN_POINT('Ctrl Pts',(-6.84079163894711,8.83415365721225,-99.8701885034897));
#3997=CARTESIAN_POINT('Ctrl Pts',(-4.61267812789549,10.439843860758,-100.469820733851));
#3998=CARTESIAN_POINT('Ctrl Pts',(-2.29634808189072,10.5804509309674,-99.494155182985));
#3999=CARTESIAN_POINT('Ctrl Pts',(-0.347698856653712,10.8424396237416,-99.5091156137405));
#4000=CARTESIAN_POINT('Ctrl Pts',(1.6064479597864,11.0596540292383,-99.4941551829851));
#4001=CARTESIAN_POINT('Ctrl Pts',(3.88798903302929,11.4835945454939,-100.469820733851));
#4002=CARTESIAN_POINT('Ctrl Pts',(6.43836966824808,10.464629647475,-99.8701885034898));
#4003=CARTESIAN_POINT('Ctrl Pts',(8.3259254084415,9.30041347743235,-96.8512520387611));
#4004=CARTESIAN_POINT('Ctrl Pts',(9.20560980674131,8.37690730819413,-94.7374445927765));
#4005=CARTESIAN_POINT('Ctrl Pts',(9.55781118468801,7.95396295034545,-93.7944250598252));
#4006=CARTESIAN_POINT('Ctrl Pts',(9.66060484046971,7.81944961885762,-93.4990659138482));
#4007=CARTESIAN_POINT('Ctrl Pts',(9.83477469656457,7.5716971868584,-92.9777079284216));
#4008=CARTESIAN_POINT('Ctrl Pts',(9.90578869938226,7.459042445587,-92.7587160753888));
#4009=CARTESIAN_POINT('Ctrl Pts',(9.96300400572355,7.35732634074546,-92.5863814289948));
#4010=CARTESIAN_POINT('Ctrl Pts',(-9.51206642973307,4.94380144747052,-92.4440911789188));
#4011=CARTESIAN_POINT('Ctrl Pts',(-9.47975815667067,5.06145106068114,-92.607544202452));
#4012=CARTESIAN_POINT('Ctrl Pts',(-9.43627615635456,5.19428764803748,-92.8307403130817));
#4013=CARTESIAN_POINT('Ctrl Pts',(-9.32364074264016,5.48728051493377,-93.3558821270843));
#4014=CARTESIAN_POINT('Ctrl Pts',(-9.25476941450282,5.64634416398203,-93.6553296887028));
#4015=CARTESIAN_POINT('Ctrl Pts',(-9.01175700876993,6.14966648856221,-94.5900473513876));
#4016=CARTESIAN_POINT('Ctrl Pts',(-8.37805031680903,7.258475084525,-96.6612599505772));
#4017=CARTESIAN_POINT('Ctrl Pts',(-6.82803219176872,8.8390326314043,-99.6286151068159));
#4018=CARTESIAN_POINT('Ctrl Pts',(-4.60559141308504,10.4440427773572,-100.193108958703));
#4019=CARTESIAN_POINT('Ctrl Pts',(-2.29879439843907,10.6074639866207,-99.2870810982716));
#4020=CARTESIAN_POINT('Ctrl Pts',(-0.350085182699419,10.8618746897479,-99.2981037209332));
#4021=CARTESIAN_POINT('Ctrl Pts',(1.6022865606488,11.086456499229,-99.2870810982716));
#4022=CARTESIAN_POINT('Ctrl Pts',(3.88009701407223,11.4859543048445,-100.193108958703));
#4023=CARTESIAN_POINT('Ctrl Pts',(6.42480890049612,10.466276905634,-99.6286151068159));
#4024=CARTESIAN_POINT('Ctrl Pts',(8.31115634071847,9.30765199578732,-96.6612599505773));
#4025=CARTESIAN_POINT('Ctrl Pts',(9.19428431303315,8.38508727803992,-94.5900473513876));
#4026=CARTESIAN_POINT('Ctrl Pts',(9.55184290260788,7.9555057994096,-93.6553296887028));
#4027=CARTESIAN_POINT('Ctrl Pts',(9.65714943746125,7.81782850278767,-93.3558821270843));
#4028=CARTESIAN_POINT('Ctrl Pts',(9.8373204877724,7.56078774900628,-92.8307403130817));
#4029=CARTESIAN_POINT('Ctrl Pts',(9.91164696586729,7.44241622394227,-92.607544202452));
#4030=CARTESIAN_POINT('Ctrl Pts',(9.97145756258757,7.3360773857088,-92.4440911789189));
#4031=CARTESIAN_POINT('Ctrl Pts',(-9.5188954778125,4.86935466116314,-91.9592477407987));
#4032=CARTESIAN_POINT('Ctrl Pts',(-9.48241258303479,5.00885451648749,-92.1466566231463));
#4033=CARTESIAN_POINT('Ctrl Pts',(-9.43339102546917,5.1609807812445,-92.3834098964478));
#4034=CARTESIAN_POINT('Ctrl Pts',(-9.31135156293372,5.48302028417189,-92.9167555959663));
#4035=CARTESIAN_POINT('Ctrl Pts',(-9.23833365796387,5.65293352234228,-93.2133480221834));
#4036=CARTESIAN_POINT('Ctrl Pts',(-8.98490688920538,6.17815492879565,-94.1346095867197));
#4037=CARTESIAN_POINT('Ctrl Pts',(-8.3405611362925,7.29052450947119,-96.1030698593325));
#4038=CARTESIAN_POINT('Ctrl Pts',(-6.7957397571136,8.85698522653943,-98.8957680029584));
#4039=CARTESIAN_POINT('Ctrl Pts',(-4.58802454773912,10.4623892340657,-99.3720171472731));
#4040=CARTESIAN_POINT('Ctrl Pts',(-2.30783759055104,10.7071995782732,-98.7075558473031));
#4041=CARTESIAN_POINT('Ctrl Pts',(-0.360448547301939,10.9462775212303,-98.7106984403806));
#4042=CARTESIAN_POINT('Ctrl Pts',(1.5869329079156,11.185417263745,-98.7075558473031));
#4043=CARTESIAN_POINT('Ctrl Pts',(3.85861355011856,11.4995059840169,-99.3720171472731));
#4044=CARTESIAN_POINT('Ctrl Pts',(6.38913256331318,10.4758839849639,-98.8957680029584));
#4045=CARTESIAN_POINT('Ctrl Pts',(8.26702729144583,9.32967996222719,-96.1030698593324));
#4046=CARTESIAN_POINT('Ctrl Pts',(9.16133977930571,8.40623385802456,-94.1346095867197));
#4047=CARTESIAN_POINT('Ctrl Pts',(9.53430124821474,7.95792325628793,-93.2133480221834));
#4048=CARTESIAN_POINT('Ctrl Pts',(9.64625594201426,7.81072179743651,-92.9167555959663));
#4049=CARTESIAN_POINT('Ctrl Pts',(9.8425787179556,7.52777226216856,-92.3834098964477));
#4050=CARTESIAN_POINT('Ctrl Pts',(9.92694680009742,7.39202418575203,-92.1466566231462));
#4051=CARTESIAN_POINT('Ctrl Pts',(9.99609406641835,7.26549408337628,-91.9592477407987));
#4052=CARTESIAN_POINT('Ctrl Pts',(-9.51659674937937,4.78122898146019,-91.3132933553116));
#4053=CARTESIAN_POINT('Ctrl Pts',(-9.47663765929873,4.94516529000925,-91.5239213408045));
#4054=CARTESIAN_POINT('Ctrl Pts',(-9.42320299437686,5.11736342254276,-91.769829152631));
#4055=CARTESIAN_POINT('Ctrl Pts',(-9.29215441406231,5.47187555591323,-92.3057197656052));
#4056=CARTESIAN_POINT('Ctrl Pts',(-9.21454049866963,5.65418955675019,-92.595702566753));
#4057=CARTESIAN_POINT('Ctrl Pts',(-8.94958772560282,6.20669369221815,-93.4920364591595));
#4058=CARTESIAN_POINT('Ctrl Pts',(-8.29123807191411,7.33395049498235,-95.3902461998246));
#4059=CARTESIAN_POINT('Ctrl Pts',(-6.76864559592027,8.88976381354354,-97.8969667609194));
#4060=CARTESIAN_POINT('Ctrl Pts',(-4.57445080483909,10.5021837281065,-98.3013441027393));
#4061=CARTESIAN_POINT('Ctrl Pts',(-2.32443982661207,10.890037499657,-98.0460475211364));
#4062=CARTESIAN_POINT('Ctrl Pts',(-0.382811397346362,11.1284083191089,-98.0491724606284));
#4063=CARTESIAN_POINT('Ctrl Pts',(1.55880949008359,11.3668405618839,-98.0460475211365));
#4064=CARTESIAN_POINT('Ctrl Pts',(3.83581584596032,11.5348346259012,-98.3013441027393));
#4065=CARTESIAN_POINT('Ctrl Pts',(6.35491335659716,10.5011342370117,-97.8969667609196));
#4066=CARTESIAN_POINT('Ctrl Pts',(8.20866363613952,9.35988368114677,-95.3902461998251));
#4067=CARTESIAN_POINT('Ctrl Pts',(9.12016559406126,8.42538041919689,-93.4920364591594));
#4068=CARTESIAN_POINT('Ctrl Pts',(9.51091098521204,7.95338589490722,-92.595702566753));
#4069=CARTESIAN_POINT('Ctrl Pts',(9.63032518429394,7.79526390459154,-92.3057197656052));
#4070=CARTESIAN_POINT('Ctrl Pts',(9.84324530902574,7.48298581763453,-91.7698291526309));
#4071=CARTESIAN_POINT('Ctrl Pts',(9.93675123467565,7.32882972099319,-91.5239213408044));
#4072=CARTESIAN_POINT('Ctrl Pts',(10.0151831515286,7.17943000024532,-91.3132933553115));
#4073=CARTESIAN_POINT('Ctrl Pts',(-9.51694727007284,4.64354362104949,-90.3251957695691));
#4074=CARTESIAN_POINT('Ctrl Pts',(-9.47245606636052,4.8413406390555,-90.5723087379716));
#4075=CARTESIAN_POINT('Ctrl Pts',(-9.41334143996272,5.04145056931048,-90.8386375964587));
#4076=CARTESIAN_POINT('Ctrl Pts',(-9.27048835585238,5.44239786259892,-91.3914455201953));
#4077=CARTESIAN_POINT('Ctrl Pts',(-9.18674989813983,5.64323522563237,-91.677924585445));
#4078=CARTESIAN_POINT('Ctrl Pts',(-8.90553329911435,6.24099087632115,-92.5401647312284));
#4079=CARTESIAN_POINT('Ctrl Pts',(-8.22309519751208,7.41747642405247,-94.2758568229326));
#4080=CARTESIAN_POINT('Ctrl Pts',(-6.76305468712359,9.04925339887003,-96.1278415720777));
#4081=CARTESIAN_POINT('Ctrl Pts',(-4.58914052348236,10.6721971739879,-96.4244112101553));
#4082=CARTESIAN_POINT('Ctrl Pts',(-2.38439351369695,11.274616086553,-96.782861706103));
#4083=CARTESIAN_POINT('Ctrl Pts',(-0.430220862733638,11.5145274291879,-96.7859601652165));
#4084=CARTESIAN_POINT('Ctrl Pts',(1.52394431568761,11.7544996307942,-96.782861706103));
#4085=CARTESIAN_POINT('Ctrl Pts',(3.80893924207501,11.7033517104294,-96.4244112101554));
#4086=CARTESIAN_POINT('Ctrl Pts',(6.31090449887515,10.6545337367854,-96.1278415720778));
#4087=CARTESIAN_POINT('Ctrl Pts',(8.12233814523868,9.42444327980981,-94.2758568229325));
#4088=CARTESIAN_POINT('Ctrl Pts',(9.06912253252404,8.44800109998968,-92.5401647312284));
#4089=CARTESIAN_POINT('Ctrl Pts',(9.48659597683637,7.93603379947935,-91.677924585445));
#4090=CARTESIAN_POINT('Ctrl Pts',(9.61643400005209,7.76142033087587,-91.3914455201953));
#4091=CARTESIAN_POINT('Ctrl Pts',(9.8520416662776,7.40694217463641,-90.8386375964587));
#4092=CARTESIAN_POINT('Ctrl Pts',(9.95781130928739,7.22707748700043,-90.5723087379716));
#4093=CARTESIAN_POINT('Ctrl Pts',(10.0488323636463,7.04591928209867,-90.3251957695691));
#4094=CARTESIAN_POINT('Ctrl Pts',(-9.50618299936193,4.58394660389733,-89.5335210851193));
#4095=CARTESIAN_POINT('Ctrl Pts',(-9.45951071304148,4.79389248470726,-89.7885490394602));
#4096=CARTESIAN_POINT('Ctrl Pts',(-9.39767679193482,5.00423975315833,-90.0567188905299));
#4097=CARTESIAN_POINT('Ctrl Pts',(-9.24918509646613,5.4230213942393,-90.6023592866011));
#4098=CARTESIAN_POINT('Ctrl Pts',(-9.16252732210411,5.63145576686921,-90.8798298316027));
#4099=CARTESIAN_POINT('Ctrl Pts',(-8.87356734361059,6.249816034372,-91.7007178582165));
#4100=CARTESIAN_POINT('Ctrl Pts',(-8.17970076499371,7.45876516782987,-93.2963994778811));
#4101=CARTESIAN_POINT('Ctrl Pts',(-6.77348833817334,9.17188311631384,-94.7064107046303));
#4102=CARTESIAN_POINT('Ctrl Pts',(-4.61429050967031,10.808749400852,-94.9340710341408));
#4103=CARTESIAN_POINT('Ctrl Pts',(-2.43756391371098,11.532038947987,-95.5358185589043));
#4104=CARTESIAN_POINT('Ctrl Pts',(-0.462148690884047,11.7745587223377,-95.5389014909496));
#4105=CARTESIAN_POINT('Ctrl Pts',(1.51325910097681,12.0171390170505,-95.5358185589043));
#4106=CARTESIAN_POINT('Ctrl Pts',(3.80030719261776,11.841932084902,-94.9340710341408));
#4107=CARTESIAN_POINT('Ctrl Pts',(6.29136141219733,10.7760449561755,-94.7064107046304));
#4108=CARTESIAN_POINT('Ctrl Pts',(8.07024406166038,9.45400750806699,-93.2963994778812));
#4109=CARTESIAN_POINT('Ctrl Pts',(9.03597110354778,8.44883084858,-91.7007178582165));
#4110=CARTESIAN_POINT('Ctrl Pts',(9.46594262382264,7.91874426947275,-90.8798298316027));
#4111=CARTESIAN_POINT('Ctrl Pts',(9.60045113046946,7.73746570154304,-90.6023592866011));
#4112=CARTESIAN_POINT('Ctrl Pts',(9.84584443642285,7.36704705740792,-90.0567188905299));
#4113=CARTESIAN_POINT('Ctrl Pts',(9.95672923572942,7.1779069812025,-89.7885490394602));
#4114=CARTESIAN_POINT('Ctrl Pts',(10.0528056611406,6.985488438282,-89.5335210851194));
#4115=CARTESIAN_POINT('Ctrl Pts',(-9.49506208276916,4.55867870298681,-89.0548468131591));
#4116=CARTESIAN_POINT('Ctrl Pts',(-9.4475073976874,4.77307274118786,-89.3102419837723));
#4117=CARTESIAN_POINT('Ctrl Pts',(-9.38461714266331,4.98705981792551,-89.5759983982275));
#4118=CARTESIAN_POINT('Ctrl Pts',(-9.23402619362822,5.4120869874615,-90.1121500288688));
#4119=CARTESIAN_POINT('Ctrl Pts',(-9.14632549961721,5.62312708025982,-90.3825452450549));
#4120=CARTESIAN_POINT('Ctrl Pts',(-8.85479881045042,6.24862729122697,-91.1765635672802));
#4121=CARTESIAN_POINT('Ctrl Pts',(-8.15804700358176,7.46914744344997,-92.6959309063988));
#4122=CARTESIAN_POINT('Ctrl Pts',(-6.77994390332311,9.22296268784542,-93.9198421210941));
#4123=CARTESIAN_POINT('Ctrl Pts',(-4.62870220081161,10.8702435282855,-94.1145290432847));
#4124=CARTESIAN_POINT('Ctrl Pts',(-2.46490802919785,11.6428819963189,-94.7549912376806));
#4125=CARTESIAN_POINT('Ctrl Pts',(-0.475962498851924,11.8870631599176,-94.7580674694504));
#4126=CARTESIAN_POINT('Ctrl Pts',(1.512975619006,12.1313046933865,-94.7549912376806));
#4127=CARTESIAN_POINT('Ctrl Pts',(3.7994140190636,11.9050860775816,-94.1145290432847));
#4128=CARTESIAN_POINT('Ctrl Pts',(6.2852679527015,10.8271689886908,-93.9198421210942));
#4129=CARTESIAN_POINT('Ctrl Pts',(8.04672180970591,9.45884286672256,-92.6959309063989));
#4130=CARTESIAN_POINT('Ctrl Pts',(9.01804765902902,8.44313689706701,-91.1765635672802));
#4131=CARTESIAN_POINT('Ctrl Pts',(9.45223695635812,7.90674340484197,-90.3825452450549));
#4132=CARTESIAN_POINT('Ctrl Pts',(9.58838778424574,7.72318882286742,-90.1121500288688));
#4133=CARTESIAN_POINT('Ctrl Pts',(9.83732891704584,7.34721802456619,-89.5759983982275));
#4134=CARTESIAN_POINT('Ctrl Pts',(9.95011922195833,7.15480180823953,-89.3102419837724));
#4135=CARTESIAN_POINT('Ctrl Pts',(10.0481279417844,6.95828070879362,-89.0548468131592));
#4136=CARTESIAN_POINT('Ctrl Pts',(-0.475963734266591,11.8870732215627,-94.7570420588605));
#4137=CARTESIAN_POINT('Ctrl Pts',(-1.13894434230057,11.8056694387181,-94.7570420588605));
#4138=CARTESIAN_POINT('Ctrl Pts',(-2.46490802919785,11.6428819963189,-94.7549912376806));
#4139=CARTESIAN_POINT('Ctrl Pts',(-4.62870220081161,10.8702435282855,-94.1145290432848));
#4140=CARTESIAN_POINT('Ctrl Pts',(-6.77994390332311,9.22296268784542,-93.9198421210942));
#4141=CARTESIAN_POINT('Ctrl Pts',(-8.43366762363349,7.11838439457089,-92.4511486634597));
#4142=CARTESIAN_POINT('Ctrl Pts',(-9.30484334244213,5.416254855791,-90.0764274956121));
#4143=CARTESIAN_POINT('Ctrl Pts',(-9.49506208276917,4.55867870298681,-89.0548468131591));
#4144=CARTESIAN_POINT('Ctrl Pts',(7.58892546486988,4.94379468298698,-53.6662648141252));
#4145=CARTESIAN_POINT('Ctrl Pts',(7.61189663009503,5.04299869009625,-53.6853856663129));
#4146=CARTESIAN_POINT('Ctrl Pts',(7.63321475609267,5.14113553722267,-53.7038388410512));
#4147=CARTESIAN_POINT('Ctrl Pts',(7.67216651373905,5.33519124385564,-53.7392592836834));
#4148=CARTESIAN_POINT('Ctrl Pts',(7.68980014538779,5.43111010336219,-53.7562265515775));
#4149=CARTESIAN_POINT('Ctrl Pts',(7.73660667496983,5.71541419897073,-53.8046736670748));
#4150=CARTESIAN_POINT('Ctrl Pts',(7.78276374010809,6.08527970535251,-53.8627239859121));
#4151=CARTESIAN_POINT('Ctrl Pts',(7.79416243344917,6.61045007793589,-53.9265487119973));
#4152=CARTESIAN_POINT('Ctrl Pts',(7.72013551014489,7.2684960271273,-53.9758296816262));
#4153=CARTESIAN_POINT('Ctrl Pts',(7.4375996878339,8.00694362764067,-53.9612377797708));
#4154=CARTESIAN_POINT('Ctrl Pts',(6.7035098958897,9.10444061439692,-53.860295261299));
#4155=CARTESIAN_POINT('Ctrl Pts',(5.48828454275726,10.4976792890015,-53.7479065356386));
#4156=CARTESIAN_POINT('Ctrl Pts',(3.42693677592139,11.6800061219497,-54.1673682425302));
#4157=CARTESIAN_POINT('Ctrl Pts',(1.22377527189636,12.1623603987997,-54.208566316098));
#4158=CARTESIAN_POINT('Ctrl Pts',(-0.496916197659892,12.0577173419572,-54.1021479089734));
#4159=CARTESIAN_POINT('Ctrl Pts',(-2.19181122348258,11.7429791107387,-54.2085663160979));
#4160=CARTESIAN_POINT('Ctrl Pts',(-4.21283735412771,10.7419598099943,-54.1673682425302));
#4161=CARTESIAN_POINT('Ctrl Pts',(-5.92692353401194,9.0960679776801,-53.7479065356387));
#4162=CARTESIAN_POINT('Ctrl Pts',(-6.76899655943549,7.45022482501829,-53.860295261299));
#4163=CARTESIAN_POINT('Ctrl Pts',(-7.21577219581078,6.20773579516041,-53.9612377797708));
#4164=CARTESIAN_POINT('Ctrl Pts',(-7.31126885340179,5.42287164259523,-53.9758296816262));
#4165=CARTESIAN_POINT('Ctrl Pts',(-7.22390113729323,4.76646373679039,-53.9265487119973));
#4166=CARTESIAN_POINT('Ctrl Pts',(-7.0857908218111,4.2596507622064,-53.8627239859121));
#4167=CARTESIAN_POINT('Ctrl Pts',(-6.95152625434918,3.91193824676081,-53.8046736670748));
#4168=CARTESIAN_POINT('Ctrl Pts',(-6.83733069299756,3.64740272219201,-53.7562265515775));
#4169=CARTESIAN_POINT('Ctrl Pts',(-6.79701598325448,3.55859902433831,-53.7392592836834));
#4170=CARTESIAN_POINT('Ctrl Pts',(-6.71227493487869,3.37973088457963,-53.7038388410512));
#4171=CARTESIAN_POINT('Ctrl Pts',(-6.66784859624596,3.28966644267464,-53.6853856663129));
#4172=CARTESIAN_POINT('Ctrl Pts',(-6.62156015134946,3.19896644638248,-53.6662648141252));
#4173=CARTESIAN_POINT('Ctrl Pts',(8.08267903421184,4.80535194918922,-56.6266622323103));
#4174=CARTESIAN_POINT('Ctrl Pts',(8.10534054277342,4.90471907754805,-56.6610997676994));
#4175=CARTESIAN_POINT('Ctrl Pts',(8.12562660291379,5.00320490617699,-56.6931746592077));
#4176=CARTESIAN_POINT('Ctrl Pts',(8.16122763021227,5.19848644994312,-56.7523962877389));
#4177=CARTESIAN_POINT('Ctrl Pts',(8.17654259737038,5.29528216508031,-56.7795430247617));
#4178=CARTESIAN_POINT('Ctrl Pts',(8.21470056516155,5.58324286920636,-56.8532867040153));
#4179=CARTESIAN_POINT('Ctrl Pts',(8.24481269906134,5.96071996461299,-56.9310875248479));
#4180=CARTESIAN_POINT('Ctrl Pts',(8.22240072308927,6.50926374067193,-56.9813477001998));
#4181=CARTESIAN_POINT('Ctrl Pts',(8.09536490955567,7.21941250366021,-56.9532814576334));
#4182=CARTESIAN_POINT('Ctrl Pts',(7.74119616380224,8.07161710593437,-56.727752007784));
#4183=CARTESIAN_POINT('Ctrl Pts',(6.91677516454735,9.32916690864384,-56.2723632214043));
#4184=CARTESIAN_POINT('Ctrl Pts',(5.70117855813912,10.6456137143909,-56.1103825751677));
#4185=CARTESIAN_POINT('Ctrl Pts',(3.23525416642773,11.6125404380652,-56.402223050099));
#4186=CARTESIAN_POINT('Ctrl Pts',(1.57801681454887,12.3413312730974,-56.6646658066996));
#4187=CARTESIAN_POINT('Ctrl Pts',(-0.522765284806336,12.2682412625247,-56.7722115713355));
#4188=CARTESIAN_POINT('Ctrl Pts',(-2.57882725155495,11.830934999699,-56.6646658066996));
#4189=CARTESIAN_POINT('Ctrl Pts',(-4.0105271112013,10.722870365493,-56.4022230500991));
#4190=CARTESIAN_POINT('Ctrl Pts',(-6.16928226390135,9.18810439464155,-56.1103825751677));
#4191=CARTESIAN_POINT('Ctrl Pts',(-7.03029314927241,7.61668224984868,-56.2723632214043));
#4192=CARTESIAN_POINT('Ctrl Pts',(-7.52599648941915,6.19704155978855,-56.727752007784));
#4193=CARTESIAN_POINT('Ctrl Pts',(-7.66347795698331,5.28446990195436,-56.9532814576334));
#4194=CARTESIAN_POINT('Ctrl Pts',(-7.61493972903908,4.56468284738756,-56.9813477001998));
#4195=CARTESIAN_POINT('Ctrl Pts',(-7.5039812234186,4.02701121809098,-56.9310875248479));
#4196=CARTESIAN_POINT('Ctrl Pts',(-7.38344357412036,3.66803159016443,-56.8532867040153));
#4197=CARTESIAN_POINT('Ctrl Pts',(-7.27675506164882,3.39785579751577,-56.7795430247616));
#4198=CARTESIAN_POINT('Ctrl Pts',(-7.23847801157534,3.30764035468226,-56.7523962877389));
#4199=CARTESIAN_POINT('Ctrl Pts',(-7.15669160569305,3.12677217535475,-56.6931746592077));
#4200=CARTESIAN_POINT('Ctrl Pts',(-7.11318224988426,3.03611943886076,-56.6610997676994));
#4201=CARTESIAN_POINT('Ctrl Pts',(-7.06715480092313,2.94518625399022,-56.6266622323103));
#4202=CARTESIAN_POINT('Ctrl Pts',(9.16017539035803,4.45972167492912,-62.8779285100562));
#4203=CARTESIAN_POINT('Ctrl Pts',(9.17096893340965,4.56800814662016,-62.9016904816762));
#4204=CARTESIAN_POINT('Ctrl Pts',(9.17934829117555,4.67471090148306,-62.9248634928242));
#4205=CARTESIAN_POINT('Ctrl Pts',(9.19144938429944,4.88521751662212,-62.9696862410541));
#4206=CARTESIAN_POINT('Ctrl Pts',(9.19517111965743,4.98902137689826,-62.9913359781358));
#4207=CARTESIAN_POINT('Ctrl Pts',(9.19960601436488,5.29648742445087,-63.0534822485978));
#4208=CARTESIAN_POINT('Ctrl Pts',(9.18757171033077,5.69592073245209,-63.1288694337921));
#4209=CARTESIAN_POINT('Ctrl Pts',(9.11977571927292,6.26995136591577,-63.2112382103794));
#4210=CARTESIAN_POINT('Ctrl Pts',(8.96851895908751,7.0104263560413,-63.2690626109718));
#4211=CARTESIAN_POINT('Ctrl Pts',(8.67557645096638,7.90544646069585,-63.2231207340078));
#4212=CARTESIAN_POINT('Ctrl Pts',(7.96683163699726,9.19588754903801,-63.0467094890026));
#4213=CARTESIAN_POINT('Ctrl Pts',(6.59624884743594,10.4002668948309,-62.9131940365787));
#4214=CARTESIAN_POINT('Ctrl Pts',(3.95141894986638,11.1938437864927,-63.0793479289305));
#4215=CARTESIAN_POINT('Ctrl Pts',(1.92499500008464,11.6657498696183,-63.441537341488));
#4216=CARTESIAN_POINT('Ctrl Pts',(-0.435042904633177,11.553799808908,-63.6311444906142));
#4217=CARTESIAN_POINT('Ctrl Pts',(-2.75206076832975,11.0914796307751,-63.441537341488));
#4218=CARTESIAN_POINT('Ctrl Pts',(-4.60412685225155,10.143354851895,-63.0793479289305));
#4219=CARTESIAN_POINT('Ctrl Pts',(-6.97841037265538,8.73350832308542,-62.9131940365786));
#4220=CARTESIAN_POINT('Ctrl Pts',(-8.01691526151886,7.23333020452056,-63.0467094890025));
#4221=CARTESIAN_POINT('Ctrl Pts',(-8.39242137128194,5.80975984259938,-63.2231207340077));
#4222=CARTESIAN_POINT('Ctrl Pts',(-8.4601372746386,4.87045645325559,-63.2690626109718));
#4223=CARTESIAN_POINT('Ctrl Pts',(-8.42776394936155,4.11538441277621,-63.2112382103794));
#4224=CARTESIAN_POINT('Ctrl Pts',(-8.35467553076381,3.54200360770412,-63.1288694337921));
#4225=CARTESIAN_POINT('Ctrl Pts',(-8.26972070149951,3.15152381437409,-63.0534822485978));
#4226=CARTESIAN_POINT('Ctrl Pts',(-8.19103477306192,2.85426372059324,-62.9913359781358));
#4227=CARTESIAN_POINT('Ctrl Pts',(-8.16231116250117,2.75444364786907,-62.9696862410541));
#4228=CARTESIAN_POINT('Ctrl Pts',(-8.09964336418909,2.55311749823418,-62.9248634928243));
#4229=CARTESIAN_POINT('Ctrl Pts',(-8.06569917643776,2.45161142132347,-62.9016904816762));
#4230=CARTESIAN_POINT('Ctrl Pts',(-8.02902937924409,2.34915271502343,-62.8779285100562));
#4231=CARTESIAN_POINT('Ctrl Pts',(9.65382939322191,3.8936978960537,-68.7914119229847));
#4232=CARTESIAN_POINT('Ctrl Pts',(9.67036987785282,4.05521839053509,-68.8009710483893));
#4233=CARTESIAN_POINT('Ctrl Pts',(9.68418907226754,4.21364073044842,-68.81129663824));
#4234=CARTESIAN_POINT('Ctrl Pts',(9.70614123920322,4.52414275864818,-68.8332594458983));
#4235=CARTESIAN_POINT('Ctrl Pts',(9.71427421172417,4.67622244693461,-68.844896663706));
#4236=CARTESIAN_POINT('Ctrl Pts',(9.72977833425427,5.12272802061738,-68.8814438076622));
#4237=CARTESIAN_POINT('Ctrl Pts',(9.72673104420707,5.69211280905699,-68.9345346410255));
#4238=CARTESIAN_POINT('Ctrl Pts',(9.64515435380068,6.46480984252529,-69.0219435928955));
#4239=CARTESIAN_POINT('Ctrl Pts',(9.42591456604661,7.38188272852302,-69.1417708345697));
#4240=CARTESIAN_POINT('Ctrl Pts',(8.93011346764723,8.30721236414796,-69.2844305290272));
#4241=CARTESIAN_POINT('Ctrl Pts',(7.87328056245633,9.50146090785385,-69.4793757914966));
#4242=CARTESIAN_POINT('Ctrl Pts',(6.45092808172529,10.8047717001225,-69.626641367638));
#4243=CARTESIAN_POINT('Ctrl Pts',(3.96424098647582,12.5522688102537,-69.6185217881358));
#4244=CARTESIAN_POINT('Ctrl Pts',(1.49456584184829,13.0484277375925,-69.6450461231514));
#4245=CARTESIAN_POINT('Ctrl Pts',(-0.643239083748577,13.2494216166045,-69.6364231177493));
#4246=CARTESIAN_POINT('Ctrl Pts',(-2.66891724645249,12.5372162947688,-69.6450461231515));
#4247=CARTESIAN_POINT('Ctrl Pts',(-4.94520077635414,11.4583269155146,-69.6185217881358));
#4248=CARTESIAN_POINT('Ctrl Pts',(-6.93526482402248,9.16115388202872,-69.626641367638));
#4249=CARTESIAN_POINT('Ctrl Pts',(-8.00006793991275,7.5524587819317,-69.4793757914966));
#4250=CARTESIAN_POINT('Ctrl Pts',(-8.73659351969686,6.13801350410667,-69.2844305290272));
#4251=CARTESIAN_POINT('Ctrl Pts',(-8.99380970705178,5.12022497169809,-69.1417708345696));
#4252=CARTESIAN_POINT('Ctrl Pts',(-8.98467712515559,4.17735416468655,-69.0219435928955));
#4253=CARTESIAN_POINT('Ctrl Pts',(-8.87689830815976,3.40787434782625,-68.9345346410255));
#4254=CARTESIAN_POINT('Ctrl Pts',(-8.74210843332436,2.85466551481207,-68.8814438076622));
#4255=CARTESIAN_POINT('Ctrl Pts',(-8.61904537471259,2.42517385162137,-68.844896663706));
#4256=CARTESIAN_POINT('Ctrl Pts',(-8.57436257976113,2.27957912415279,-68.8332594458983));
#4257=CARTESIAN_POINT('Ctrl Pts',(-8.47794524675132,1.98361104302814,-68.81129663824));
#4258=CARTESIAN_POINT('Ctrl Pts',(-8.42621070869297,1.83323768937206,-68.8009710483893));
#4259=CARTESIAN_POINT('Ctrl Pts',(-8.37108620294193,1.68051654926683,-68.7914119229847));
#4260=CARTESIAN_POINT('Ctrl Pts',(9.19928259217978,4.13389394050116,-71.2542673800151));
#4261=CARTESIAN_POINT('Ctrl Pts',(9.24050834621145,4.2795050528538,-71.2731064198747));
#4262=CARTESIAN_POINT('Ctrl Pts',(9.27882705402873,4.42315072874971,-71.2921397472894));
#4263=CARTESIAN_POINT('Ctrl Pts',(9.34907904751418,4.70622594225828,-71.3304762524407));
#4264=CARTESIAN_POINT('Ctrl Pts',(9.38101233318236,4.84565547987094,-71.3497794301775));
#4265=CARTESIAN_POINT('Ctrl Pts',(9.46637706238278,5.25719198722938,-71.4079156516894));
#4266=CARTESIAN_POINT('Ctrl Pts',(9.55236969383899,5.78790171576182,-71.4860351158427));
#4267=CARTESIAN_POINT('Ctrl Pts',(9.58416570530262,6.52310309584899,-71.6021784235769));
#4268=CARTESIAN_POINT('Ctrl Pts',(9.47868725524298,7.41309216051651,-71.7518557893514));
#4269=CARTESIAN_POINT('Ctrl Pts',(9.03529728692832,8.33918861519697,-71.9221158007915));
#4270=CARTESIAN_POINT('Ctrl Pts',(7.9762394208323,9.56814622914903,-72.1568590921758));
#4271=CARTESIAN_POINT('Ctrl Pts',(6.58745752320068,10.9019150754424,-72.3763622635681));
#4272=CARTESIAN_POINT('Ctrl Pts',(4.21623720360413,12.5898472176765,-72.4428592233438));
#4273=CARTESIAN_POINT('Ctrl Pts',(1.88210360053983,13.0626969392888,-72.4871991656263));
#4274=CARTESIAN_POINT('Ctrl Pts',(-0.549568047266751,12.4865322452291,-72.2805629023169));
#4275=CARTESIAN_POINT('Ctrl Pts',(-3.04839550980453,12.457307770993,-72.4871991656263));
#4276=CARTESIAN_POINT('Ctrl Pts',(-5.19880266842879,11.4338256811056,-72.4428592233437));
#4277=CARTESIAN_POINT('Ctrl Pts',(-7.09123986709925,9.22238222265073,-72.3763622635682));
#4278=CARTESIAN_POINT('Ctrl Pts',(-8.11610111951362,7.59225526200267,-72.1568590921758));
#4279=CARTESIAN_POINT('Ctrl Pts',(-8.84638868528662,6.14359365489495,-71.9221158007915));
#4280=CARTESIAN_POINT('Ctrl Pts',(-9.05256506679157,5.13774048117459,-71.7518557893514));
#4281=CARTESIAN_POINT('Ctrl Pts',(-8.93960251451131,4.24867034871197,-71.6021784235769));
#4282=CARTESIAN_POINT('Ctrl Pts',(-8.73088966895736,3.54299974302696,-71.4860351158427));
#4283=CARTESIAN_POINT('Ctrl Pts',(-8.51906108262441,3.04885786194834,-71.4079156516894));
#4284=CARTESIAN_POINT('Ctrl Pts',(-8.33667235873793,2.67019734475741,-71.3497794301776));
#4285=CARTESIAN_POINT('Ctrl Pts',(-8.2719565700863,2.54263482129678,-71.3304762524408));
#4286=CARTESIAN_POINT('Ctrl Pts',(-8.13530926879572,2.28496364684841,-71.2921397472894));
#4287=CARTESIAN_POINT('Ctrl Pts',(-8.06337775615676,2.15485499586067,-71.2731064198748));
#4288=CARTESIAN_POINT('Ctrl Pts',(-7.98815006688661,2.02354256840948,-71.2542673800151));
#4289=CARTESIAN_POINT('Ctrl Pts',(10.3453058842203,4.08744052001449,-72.7783524702161));
#4290=CARTESIAN_POINT('Ctrl Pts',(10.3640539799574,4.23894144282336,-72.8061475102113));
#4291=CARTESIAN_POINT('Ctrl Pts',(10.3813480360223,4.38706924975806,-72.8342819875794));
#4292=CARTESIAN_POINT('Ctrl Pts',(10.4122778823178,4.67689885761626,-72.8909051067576));
#4293=CARTESIAN_POINT('Ctrl Pts',(10.4259136725484,4.81860065853976,-72.9193937485677));
#4294=CARTESIAN_POINT('Ctrl Pts',(10.4602083647532,5.23454739089928,-73.004903855206));
#4295=CARTESIAN_POINT('Ctrl Pts',(10.488300811728,5.76471991294928,-73.1190351472779));
#4296=CARTESIAN_POINT('Ctrl Pts',(10.4595335785319,6.49439475042865,-73.2827924877623));
#4297=CARTESIAN_POINT('Ctrl Pts',(10.3026300950407,7.39009649653016,-73.4808254151958));
#4298=CARTESIAN_POINT('Ctrl Pts',(9.83921360271192,8.38419090362989,-73.6708023440002));
#4299=CARTESIAN_POINT('Ctrl Pts',(8.7554432736231,9.7473798747049,-73.8991608595233));
#4300=CARTESIAN_POINT('Ctrl Pts',(7.18623913401148,11.1008893895901,-74.1313487862629));
#4301=CARTESIAN_POINT('Ctrl Pts',(4.623902006573,12.8141118903949,-74.2690175488688));
#4302=CARTESIAN_POINT('Ctrl Pts',(2.08351072098474,13.3025941841756,-74.3679038398816));
#4303=CARTESIAN_POINT('Ctrl Pts',(-0.631926436277197,13.15728749658,-74.5858841835523));
#4304=CARTESIAN_POINT('Ctrl Pts',(-3.30185637424592,12.6413542500868,-74.3679038398816));
#4305=CARTESIAN_POINT('Ctrl Pts',(-5.6486126192427,11.5528056926954,-74.2690175488688));
#4306=CARTESIAN_POINT('Ctrl Pts',(-7.72037134829589,9.27058776696942,-74.1313487862629));
#4307=CARTESIAN_POINT('Ctrl Pts',(-8.91551983106242,7.57765842916469,-73.8991608595233));
#4308=CARTESIAN_POINT('Ctrl Pts',(-9.63731228969901,5.99277422401618,-73.6708023440002));
#4309=CARTESIAN_POINT('Ctrl Pts',(-9.84647012832088,4.91609807301611,-73.4808254151958));
#4310=CARTESIAN_POINT('Ctrl Pts',(-9.78202304348135,4.0090441086035,-73.2827924877623));
#4311=CARTESIAN_POINT('Ctrl Pts',(-9.63341144705398,3.29408430864016,-73.1190351472779));
#4312=CARTESIAN_POINT('Ctrl Pts',(-9.47789312428446,2.78645635433026,-73.0049038552061));
#4313=CARTESIAN_POINT('Ctrl Pts',(-9.34399050904329,2.39116165451055,-72.9193937485678));
#4314=CARTESIAN_POINT('Ctrl Pts',(-9.29647899176889,2.25696779888944,-72.8909051067576));
#4315=CARTESIAN_POINT('Ctrl Pts',(-9.19635176596004,1.98322997608279,-72.8342819875794));
#4316=CARTESIAN_POINT('Ctrl Pts',(-9.14373605742558,1.84368600889727,-72.8061475102113));
#4317=CARTESIAN_POINT('Ctrl Pts',(-9.08889346982507,1.70122088582854,-72.7783524702161));
#4318=CARTESIAN_POINT('Ctrl Pts',(9.14979338948174,3.94975271481892,-75.1245111827447));
#4319=CARTESIAN_POINT('Ctrl Pts',(9.18955478148694,4.09293668494269,-75.160435632191));
#4320=CARTESIAN_POINT('Ctrl Pts',(9.22467378346561,4.23454900082239,-75.1968133659179));
#4321=CARTESIAN_POINT('Ctrl Pts',(9.28555987468178,4.51400419331322,-75.2700312444622));
#4322=CARTESIAN_POINT('Ctrl Pts',(9.31132696391927,4.65184706992435,-75.3068713892795));
#4323=CARTESIAN_POINT('Ctrl Pts',(9.3744996634878,5.05878234468426,-75.417419204161));
#4324=CARTESIAN_POINT('Ctrl Pts',(9.42105374786201,5.58378043083481,-75.5648893051479));
#4325=CARTESIAN_POINT('Ctrl Pts',(9.37624514475699,6.3035035807423,-75.7756537207633));
#4326=CARTESIAN_POINT('Ctrl Pts',(9.16149912170886,7.15273295655404,-76.0285389213638));
#4327=CARTESIAN_POINT('Ctrl Pts',(8.59841134615894,7.96969903437102,-76.2652446859513));
#4328=CARTESIAN_POINT('Ctrl Pts',(7.43458986017174,9.12308172506315,-76.5416888448308));
#4329=CARTESIAN_POINT('Ctrl Pts',(6.1726300704941,10.9664812794125,-76.8212779963558));
#4330=CARTESIAN_POINT('Ctrl Pts',(3.84500467550189,12.692974981849,-76.9386465154658));
#4331=CARTESIAN_POINT('Ctrl Pts',(1.64043739414715,13.1194202439565,-77.0305078970628));
#4332=CARTESIAN_POINT('Ctrl Pts',(-0.594886771602082,12.8556236358899,-77.4506790663745));
#4333=CARTESIAN_POINT('Ctrl Pts',(-2.82763043194627,12.5708104978452,-77.0305078970628));
#4334=CARTESIAN_POINT('Ctrl Pts',(-4.86354619715411,11.6236993868493,-76.9386465154657));
#4335=CARTESIAN_POINT('Ctrl Pts',(-6.70435454105223,9.38538637813038,-76.8212779963558));
#4336=CARTESIAN_POINT('Ctrl Pts',(-7.48287001717281,7.29144796423671,-76.5416888448308));
#4337=CARTESIAN_POINT('Ctrl Pts',(-8.33309250429029,5.89077176866779,-76.2652446859513));
#4338=CARTESIAN_POINT('Ctrl Pts',(-8.68181218423851,4.96184981279947,-76.0285389213638));
#4339=CARTESIAN_POINT('Ctrl Pts',(-8.68473215224161,4.08589441385301,-75.7756537207633));
#4340=CARTESIAN_POINT('Ctrl Pts',(-8.55409295960221,3.37670993519353,-75.5648893051479));
#4341=CARTESIAN_POINT('Ctrl Pts',(-8.38191319830549,2.87856898823829,-75.417419204161));
#4342=CARTESIAN_POINT('Ctrl Pts',(-8.22217044484053,2.49900428949758,-75.3068713892795));
#4343=CARTESIAN_POINT('Ctrl Pts',(-8.16382153827015,2.37148955849663,-75.2700312444622));
#4344=CARTESIAN_POINT('Ctrl Pts',(-8.0371376942709,2.11506505813981,-75.1968133659179));
#4345=CARTESIAN_POINT('Ctrl Pts',(-7.96880275684205,1.98615528878394,-75.160435632191));
#4346=CARTESIAN_POINT('Ctrl Pts',(-7.89558311063679,1.8568436458272,-75.1245111827447));
#4347=CARTESIAN_POINT('Ctrl Pts',(10.2733685317373,3.71465999328721,-78.7417353838661));
#4348=CARTESIAN_POINT('Ctrl Pts',(10.2755514319481,3.86934556514214,-78.7892856305373));
#4349=CARTESIAN_POINT('Ctrl Pts',(10.2744279191258,4.02007166513069,-78.8384390369522));
#4350=CARTESIAN_POINT('Ctrl Pts',(10.2655817422479,4.31389797534502,-78.9392138023291));
#4351=CARTESIAN_POINT('Ctrl Pts',(10.2578590781924,4.45699818557078,-78.9908351612911));
#4352=CARTESIAN_POINT('Ctrl Pts',(10.2248128714259,4.87529956255892,-79.148293616588));
#4353=CARTESIAN_POINT('Ctrl Pts',(10.1544093568043,5.40370338870531,-79.365156566079));
#4354=CARTESIAN_POINT('Ctrl Pts',(9.97010656407114,6.11534839369128,-79.693485211039));
#4355=CARTESIAN_POINT('Ctrl Pts',(9.61987707402334,6.96563848173426,-80.111674623201));
#4356=CARTESIAN_POINT('Ctrl Pts',(8.98698738945234,7.86126573260317,-80.5533929074034));
#4357=CARTESIAN_POINT('Ctrl Pts',(7.77680502749692,9.18598945038779,-81.045807542473));
#4358=CARTESIAN_POINT('Ctrl Pts',(6.30364261319096,11.1047859708368,-81.1816449366087));
#4359=CARTESIAN_POINT('Ctrl Pts',(3.88935675758102,12.504308966908,-81.0732113041219));
#4360=CARTESIAN_POINT('Ctrl Pts',(1.66629443874373,12.9802069340494,-79.797817532026));
#4361=CARTESIAN_POINT('Ctrl Pts',(-0.576585127793654,12.7065687085126,-79.8703709375295));
#4362=CARTESIAN_POINT('Ctrl Pts',(-2.81904066398703,12.4294770329582,-79.7978175320261));
#4363=CARTESIAN_POINT('Ctrl Pts',(-4.86093839287719,11.4299078190882,-81.0732113041219));
#4364=CARTESIAN_POINT('Ctrl Pts',(-6.86493438443922,9.4878880264667,-81.1816449366087));
#4365=CARTESIAN_POINT('Ctrl Pts',(-7.83013868765367,7.2696977192867,-81.0458075424731));
#4366=CARTESIAN_POINT('Ctrl Pts',(-8.68389378852132,5.69155434639828,-80.5533929074035));
#4367=CARTESIAN_POINT('Ctrl Pts',(-9.08131210238381,4.66942118034699,-80.111674623201));
#4368=CARTESIAN_POINT('Ctrl Pts',(-9.21543448988404,3.75966015969677,-79.693485211039));
#4369=CARTESIAN_POINT('Ctrl Pts',(-9.22210019341354,3.02456717175088,-79.3651565660788));
#4370=CARTESIAN_POINT('Ctrl Pts',(-9.16257996750221,2.49482704577904,-79.148293616588));
#4371=CARTESIAN_POINT('Ctrl Pts',(-9.09344829864441,2.08095640640877,-78.9908351612911));
#4372=CARTESIAN_POINT('Ctrl Pts',(-9.06632249245443,1.94023860247011,-78.939213802329));
#4373=CARTESIAN_POINT('Ctrl Pts',(-9.00382288212881,1.65300010552261,-78.8384390369521));
#4374=CARTESIAN_POINT('Ctrl Pts',(-8.96844907799319,1.50647941251376,-78.7892856305373));
#4375=CARTESIAN_POINT('Ctrl Pts',(-8.92890919248265,1.35691675458327,-78.7417353838661));
#4376=CARTESIAN_POINT('Ctrl Pts',(10.5604441521007,3.717346723324,-82.5875704230664));
#4377=CARTESIAN_POINT('Ctrl Pts',(10.5600298710408,3.876467025753,-82.6531869430792));
#4378=CARTESIAN_POINT('Ctrl Pts',(10.5562057509811,4.03150890696796,-82.7233058066929));
#4379=CARTESIAN_POINT('Ctrl Pts',(10.541937970269,4.33355907369244,-82.8719918734676));
#4380=CARTESIAN_POINT('Ctrl Pts',(10.5314943096166,4.48056735920195,-82.9505590766283));
#4381=CARTESIAN_POINT('Ctrl Pts',(10.4905342228807,4.9097266922563,-83.1980986739489));
#4382=CARTESIAN_POINT('Ctrl Pts',(10.4102431611562,5.45029774039755,-83.5597194379447));
#4383=CARTESIAN_POINT('Ctrl Pts',(10.2175770281049,6.1691880461592,-84.1835021429255));
#4384=CARTESIAN_POINT('Ctrl Pts',(9.85644649359116,7.03375089513793,-85.0517944418288));
#4385=CARTESIAN_POINT('Ctrl Pts',(9.19469833744005,7.99202927734898,-86.0709635139735));
#4386=CARTESIAN_POINT('Ctrl Pts',(7.90716391801156,9.38049453431132,-87.3120261929302));
#4387=CARTESIAN_POINT('Ctrl Pts',(6.28132070981119,11.062851241906,-87.6671103607809));
#4388=CARTESIAN_POINT('Ctrl Pts',(3.82992765844027,12.2685940384176,-87.6611655539542));
#4389=CARTESIAN_POINT('Ctrl Pts',(1.56606606881856,12.7167091566879,-87.6848608546794));
#4390=CARTESIAN_POINT('Ctrl Pts',(-0.546012076549702,12.4575711878217,-87.6965939995304));
#4391=CARTESIAN_POINT('Ctrl Pts',(-2.65804362321143,12.1980537029463,-87.6848608546794));
#4392=CARTESIAN_POINT('Ctrl Pts',(-4.74624998964295,11.2155718316725,-87.6611655539541));
#4393=CARTESIAN_POINT('Ctrl Pts',(-6.83313060787308,9.45259909538159,-87.6671103607808));
#4394=CARTESIAN_POINT('Ctrl Pts',(-8.00368040060866,7.42688850105508,-87.3120261929302));
#4395=CARTESIAN_POINT('Ctrl Pts',(-8.91706939827476,5.76818382874387,-86.0709635139737));
#4396=CARTESIAN_POINT('Ctrl Pts',(-9.32733228332252,4.67827904155615,-85.0517944418288));
#4397=CARTESIAN_POINT('Ctrl Pts',(-9.46857901429901,3.7520320206266,-84.1835021429255));
#4398=CARTESIAN_POINT('Ctrl Pts',(-9.48160683429873,3.00788567315922,-83.5597194379445));
#4399=CARTESIAN_POINT('Ctrl Pts',(-9.42873693567552,2.46394772954711,-83.1980986739489));
#4400=CARTESIAN_POINT('Ctrl Pts',(-9.36465729341649,2.03762712096594,-82.9505590766283));
#4401=CARTESIAN_POINT('Ctrl Pts',(-9.33922620961487,1.89245905962686,-82.8719918734676));
#4402=CARTESIAN_POINT('Ctrl Pts',(-9.27999762736308,1.59592938517728,-82.7233058066929));
#4403=CARTESIAN_POINT('Ctrl Pts',(-9.24620012891292,1.44456777206678,-82.6531869430791));
#4404=CARTESIAN_POINT('Ctrl Pts',(-9.20810741886281,1.29007379899685,-82.5875704230664));
#4405=CARTESIAN_POINT('Ctrl Pts',(10.6067274241679,3.85625129245149,-84.4056225547876));
#4406=CARTESIAN_POINT('Ctrl Pts',(10.6076695091671,4.01354043303506,-84.4706732016402));
#4407=CARTESIAN_POINT('Ctrl Pts',(10.6046815867177,4.16663198687179,-84.5394892711199));
#4408=CARTESIAN_POINT('Ctrl Pts',(10.5917026948365,4.4634552720323,-84.6869728072175));
#4409=CARTESIAN_POINT('Ctrl Pts',(10.5817117254047,4.60718700335608,-84.7656402738356));
#4410=CARTESIAN_POINT('Ctrl Pts',(10.542519698507,5.02289549002914,-85.0199005972243));
#4411=CARTESIAN_POINT('Ctrl Pts',(10.4656793463712,5.53587558613117,-85.4076021578344));
#4412=CARTESIAN_POINT('Ctrl Pts',(10.2789703558729,6.23193319275822,-86.07857449965));
#4413=CARTESIAN_POINT('Ctrl Pts',(9.92460682708833,7.08415058423745,-87.0360004541954));
#4414=CARTESIAN_POINT('Ctrl Pts',(9.26495529139353,8.04848085231319,-88.2447185155941));
#4415=CARTESIAN_POINT('Ctrl Pts',(7.96269445463678,9.43521520738526,-89.8327905937618));
#4416=CARTESIAN_POINT('Ctrl Pts',(6.27608798387794,10.9866712593844,-90.4731001433406));
#4417=CARTESIAN_POINT('Ctrl Pts',(3.81016706517263,12.1288552594844,-90.545660837253));
#4418=CARTESIAN_POINT('Ctrl Pts',(1.53319908510169,12.5087975557795,-90.9946385477406));
#4419=CARTESIAN_POINT('Ctrl Pts',(-0.521330802043101,12.256558337956,-90.9998655270489));
#4420=CARTESIAN_POINT('Ctrl Pts',(-2.57585456076645,12.0042692081451,-90.9946385477406));
#4421=CARTESIAN_POINT('Ctrl Pts',(-4.69327050015837,11.08476441186,-90.5456608372529));
#4422=CARTESIAN_POINT('Ctrl Pts',(-6.8096237104849,9.37994789489003,-90.4731001433406));
#4423=CARTESIAN_POINT('Ctrl Pts',(-8.07079957193244,7.46654968359363,-89.8327905937618));
#4424=CARTESIAN_POINT('Ctrl Pts',(-8.99889629246191,5.8059618551937,-88.2447185155941));
#4425=CARTESIAN_POINT('Ctrl Pts',(-9.40566075194096,4.71069216741071,-87.0360004541954));
#4426=CARTESIAN_POINT('Ctrl Pts',(-9.5433281226591,3.79806097798538,-86.07857449965));
#4427=CARTESIAN_POINT('Ctrl Pts',(-9.55609948255512,3.0775102641264,-85.4076021578344));
#4428=CARTESIAN_POINT('Ctrl Pts',(-9.50655623058407,2.56117850556673,-85.0199005972243));
#4429=CARTESIAN_POINT('Ctrl Pts',(-9.44401510167417,2.14833692813171,-84.7656402738356));
#4430=CARTESIAN_POINT('Ctrl Pts',(-9.41893744371559,2.00645760923416,-84.6869728072175));
#4431=CARTESIAN_POINT('Ctrl Pts',(-9.35972275523558,1.71531136605704,-84.5394892711198));
#4432=CARTESIAN_POINT('Ctrl Pts',(-9.32558572471413,1.56604444177747,-84.4706732016402));
#4433=CARTESIAN_POINT('Ctrl Pts',(-9.28661993661841,1.41365537186842,-84.4056225547876));
#4434=CARTESIAN_POINT('Ctrl Pts',(10.618136517043,3.96028927268901,-85.3641506646218));
#4435=CARTESIAN_POINT('Ctrl Pts',(10.6199501446857,4.11736839718063,-85.4271701115941));
#4436=CARTESIAN_POINT('Ctrl Pts',(10.6174064734801,4.26887045846946,-85.4865302473513));
#4437=CARTESIAN_POINT('Ctrl Pts',(10.6051507600878,4.56058317375747,-85.6148111945205));
#4438=CARTESIAN_POINT('Ctrl Pts',(10.5953512528796,4.70051481141894,-85.6830058217983));
#4439=CARTESIAN_POINT('Ctrl Pts',(10.557154795198,5.10095462060115,-85.9257211377003));
#4440=CARTESIAN_POINT('Ctrl Pts',(10.4821630100189,5.59437747749622,-86.2999670681001));
#4441=CARTESIAN_POINT('Ctrl Pts',(10.2996920156154,6.27255366842798,-86.9700105677915));
#4442=CARTESIAN_POINT('Ctrl Pts',(9.95128135889558,7.11197878915709,-87.9518161902333));
#4443=CARTESIAN_POINT('Ctrl Pts',(9.29654133890135,8.07311867417101,-89.2389402937562));
#4444=CARTESIAN_POINT('Ctrl Pts',(7.99232518538293,9.45272892326683,-90.9963880467987));
#4445=CARTESIAN_POINT('Ctrl Pts',(6.27659133413418,10.9365069222523,-91.8214138889921));
#4446=CARTESIAN_POINT('Ctrl Pts',(3.80332965864048,12.051157216159,-91.9372200783562));
#4447=CARTESIAN_POINT('Ctrl Pts',(1.52140060661215,12.3840609108946,-92.5256827726419));
#4448=CARTESIAN_POINT('Ctrl Pts',(-0.506412707021038,12.1350602040508,-92.5292874383271));
#4449=CARTESIAN_POINT('Ctrl Pts',(-2.53423002193017,11.8860920849846,-92.5256827726419));
#4450=CARTESIAN_POINT('Ctrl Pts',(-4.66783933589575,11.0110284508306,-91.9372200783563));
#4451=CARTESIAN_POINT('Ctrl Pts',(-6.79797625755687,9.3311518815112,-91.8214138889921));
#4452=CARTESIAN_POINT('Ctrl Pts',(-8.10378709468694,7.47637484471462,-90.9963880467987));
#4453=CARTESIAN_POINT('Ctrl Pts',(-9.03550452793598,5.82222647195951,-89.2389402937562));
#4454=CARTESIAN_POINT('Ctrl Pts',(-9.43827518823924,4.73124060241513,-87.9518161902333));
#4455=CARTESIAN_POINT('Ctrl Pts',(-9.57326124302271,3.83246182872218,-86.9700105677914));
#4456=CARTESIAN_POINT('Ctrl Pts',(-9.58624639940099,3.13028664014091,-86.2999670681001));
#4457=CARTESIAN_POINT('Ctrl Pts',(-9.5396408151938,2.6333783960238,-85.9257211377003));
#4458=CARTESIAN_POINT('Ctrl Pts',(-9.47982751713026,2.235592801096,-85.6830058217983));
#4459=CARTESIAN_POINT('Ctrl Pts',(-9.45548341005651,2.09744701574253,-85.6148111945205));
#4460=CARTESIAN_POINT('Ctrl Pts',(-9.39680338333056,1.81143448938241,-85.4865302473513));
#4461=CARTESIAN_POINT('Ctrl Pts',(-9.36261983077611,1.66381731703202,-85.427170111594));
#4462=CARTESIAN_POINT('Ctrl Pts',(-9.32285919606927,1.51184287008785,-85.3641506646217));
#4463=CARTESIAN_POINT('Ctrl Pts',(10.6198271060753,4.00300481601983,-85.6999004582026));
#4464=CARTESIAN_POINT('Ctrl Pts',(10.621832896624,4.15894080691726,-85.750981036312));
#4465=CARTESIAN_POINT('Ctrl Pts',(10.6197292638832,4.30872943760964,-85.8087021134315));
#4466=CARTESIAN_POINT('Ctrl Pts',(10.6077277323327,4.59832244142507,-85.9274819770261));
#4467=CARTESIAN_POINT('Ctrl Pts',(10.5980614834828,4.73523748825528,-85.9968141187189));
#4468=CARTESIAN_POINT('Ctrl Pts',(10.5601402205746,5.13055345273941,-86.2268145809987));
#4469=CARTESIAN_POINT('Ctrl Pts',(10.4857851597415,5.61649693603429,-86.5921592965755));
#4470=CARTESIAN_POINT('Ctrl Pts',(10.3049367348393,6.28763514404627,-87.2578059054685));
#4471=CARTESIAN_POINT('Ctrl Pts',(9.95893859700777,7.12169291752529,-88.2443735572217));
#4472=CARTESIAN_POINT('Ctrl Pts',(9.30647961649246,8.08073328718624,-89.5549049327022));
#4473=CARTESIAN_POINT('Ctrl Pts',(8.00251300603723,9.45692572511812,-91.368123073248));
#4474=CARTESIAN_POINT('Ctrl Pts',(6.27727906975674,10.9177730855631,-92.2617382799379));
#4475=CARTESIAN_POINT('Ctrl Pts',(3.80155767148005,12.0239530927407,-92.3926250919663));
#4476=CARTESIAN_POINT('Ctrl Pts',(1.51824028267711,12.3390185551944,-93.0153900773375));
#4477=CARTESIAN_POINT('Ctrl Pts',(-0.501010432385557,12.0910622079204,-93.0187257666731));
#4478=CARTESIAN_POINT('Ctrl Pts',(-2.52026684104912,11.8431522313045,-93.0153900773374));
#4479=CARTESIAN_POINT('Ctrl Pts',(-4.65953871122149,10.9850610886336,-92.3926250919663));
#4480=CARTESIAN_POINT('Ctrl Pts',(-6.79411143920853,9.31280814152941,-92.2617382799379));
#4481=CARTESIAN_POINT('Ctrl Pts',(-8.1146875917872,7.47798232673024,-91.368123073248));
#4482=CARTESIAN_POINT('Ctrl Pts',(-9.04698973782409,5.82721061147159,-89.5549049327022));
#4483=CARTESIAN_POINT('Ctrl Pts',(-9.44805503400351,4.73881372609613,-88.2443735572217));
#4484=CARTESIAN_POINT('Ctrl Pts',(-9.58199871084118,3.84582650764401,-87.2578059054685));
#4485=CARTESIAN_POINT('Ctrl Pts',(-9.5951121371359,3.1508727789009,-86.5921592965754));
#4486=CARTESIAN_POINT('Ctrl Pts',(-9.54969816625628,2.66137577658404,-86.2268145809988));
#4487=CARTESIAN_POINT('Ctrl Pts',(-9.49085741810228,2.26862840191012,-85.9968141187189));
#4488=CARTESIAN_POINT('Ctrl Pts',(-9.46711379038524,2.13344183986277,-85.9274819770261));
#4489=CARTESIAN_POINT('Ctrl Pts',(-9.40869993672201,1.84954755263845,-85.8087021134315));
#4490=CARTESIAN_POINT('Ctrl Pts',(-9.37450393310365,1.7036993696126,-85.7509810363119));
#4491=CARTESIAN_POINT('Ctrl Pts',(-9.3348333925963,1.55288058872394,-85.6999004582025));
#4492=CARTESIAN_POINT('Ctrl Pts',(10.6189834002875,4.10450833585143,-86.4038808926365));
#4493=CARTESIAN_POINT('Ctrl Pts',(10.622189763019,4.26151697589371,-86.4321547809968));
#4494=CARTESIAN_POINT('Ctrl Pts',(10.6201454399954,4.40694269529643,-86.4666392606642));
#4495=CARTESIAN_POINT('Ctrl Pts',(10.6084367341171,4.69001821034219,-86.5526080993317));
#4496=CARTESIAN_POINT('Ctrl Pts',(10.5988456024723,4.82094860242854,-86.61111790182));
#4497=CARTESIAN_POINT('Ctrl Pts',(10.5614687488997,5.19973339258664,-86.8136903317721));
#4498=CARTESIAN_POINT('Ctrl Pts',(10.4886903877677,5.66742941652829,-87.1559016316742));
#4499=CARTESIAN_POINT('Ctrl Pts',(10.3116793779532,6.32132007397278,-87.8061582094367));
#4500=CARTESIAN_POINT('Ctrl Pts',(9.97147321577824,7.14184622514707,-88.7950387726708));
#4501=CARTESIAN_POINT('Ctrl Pts',(9.32510612426677,8.09415713996603,-90.1458096302559));
#4502=CARTESIAN_POINT('Ctrl Pts',(8.02383075521011,9.46119153650988,-92.0677773601774));
#4503=CARTESIAN_POINT('Ctrl Pts',(6.28009401416644,10.8758851269112,-93.1143102501049));
#4504=CARTESIAN_POINT('Ctrl Pts',(3.79937655830307,11.9667060216219,-93.2763940767166));
#4505=CARTESIAN_POINT('Ctrl Pts',(1.51395691838133,12.2411818655244,-93.9348374795509));
#4506=CARTESIAN_POINT('Ctrl Pts',(-0.48923878029297,11.9951897952488,-93.9379072768599));
#4507=CARTESIAN_POINT('Ctrl Pts',(-2.49244187355467,11.7492579490546,-93.9348374795509));
#4508=CARTESIAN_POINT('Ctrl Pts',(-4.64357306646474,10.9300421592195,-93.2763940767165));
#4509=CARTESIAN_POINT('Ctrl Pts',(-6.7867091533791,9.27148343757942,-93.1143102501049));
#4510=CARTESIAN_POINT('Ctrl Pts',(-8.13640410588162,7.47696419500294,-92.0677773601774));
#4511=CARTESIAN_POINT('Ctrl Pts',(-9.06831048262369,5.83572955838481,-90.1458096302559));
#4512=CARTESIAN_POINT('Ctrl Pts',(-9.46509284740946,4.7553359956183,-88.7950387726708));
#4513=CARTESIAN_POINT('Ctrl Pts',(-9.59669019073945,3.87687965818812,-87.8061582094367));
#4514=CARTESIAN_POINT('Ctrl Pts',(-9.61025274970234,3.19958950878161,-87.1559016316742));
#4515=CARTESIAN_POINT('Ctrl Pts',(-9.56772337379767,2.72817937647107,-86.8136903317721));
#4516=CARTESIAN_POINT('Ctrl Pts',(-9.51235364062146,2.35160383413447,-86.61111790182));
#4517=CARTESIAN_POINT('Ctrl Pts',(-9.48998494602144,2.22224232950498,-86.5526080993317));
#4518=CARTESIAN_POINT('Ctrl Pts',(-9.43286368809768,1.9447427747216,-86.4666392606642));
#4519=CARTESIAN_POINT('Ctrl Pts',(-9.39966562028367,1.80314225419348,-86.4321547809968));
#4520=CARTESIAN_POINT('Ctrl Pts',(-9.35857067240385,1.65157313112203,-86.4038808926364));
#4521=CARTESIAN_POINT('Ctrl Pts',(10.6164491054674,4.1632963123522,-86.7721115334896));
#4522=CARTESIAN_POINT('Ctrl Pts',(10.6204952880098,4.30805106465031,-86.7859863391791));
#4523=CARTESIAN_POINT('Ctrl Pts',(10.6176205366096,4.46181904737598,-86.7969952311606));
#4524=CARTESIAN_POINT('Ctrl Pts',(10.6059989542984,4.74407117878317,-86.8615432282745));
#4525=CARTESIAN_POINT('Ctrl Pts',(10.5970518638632,4.87216939063848,-86.9096048277268));
#4526=CARTESIAN_POINT('Ctrl Pts',(10.5598118518481,5.23931450029561,-87.0994726392471));
#4527=CARTESIAN_POINT('Ctrl Pts',(10.4879734660714,5.69624243848423,-87.4274517382977));
#4528=CARTESIAN_POINT('Ctrl Pts',(10.3131773018434,6.339923528281,-88.0667151757279));
#4529=CARTESIAN_POINT('Ctrl Pts',(9.97635059643652,7.15228540440066,-89.0531466211314));
#4530=CARTESIAN_POINT('Ctrl Pts',(9.33379435444996,8.09996637973058,-90.4207496888635));
#4531=CARTESIAN_POINT('Ctrl Pts',(8.03496068372867,9.46126054605035,-92.3956966206577));
#4532=CARTESIAN_POINT('Ctrl Pts',(6.28222122295358,10.8527310049485,-93.5265578293262));
#4533=CARTESIAN_POINT('Ctrl Pts',(3.79896743228653,11.9366630739213,-93.7047580478568));
#4534=CARTESIAN_POINT('Ctrl Pts',(1.51283387802059,12.1883875315545,-94.3645775770688));
#4535=CARTESIAN_POINT('Ctrl Pts',(-0.482869402835863,11.9433153787076,-94.3676504587009));
#4536=CARTESIAN_POINT('Ctrl Pts',(-2.47858008694128,11.6983035204849,-94.3645775770688));
#4537=CARTESIAN_POINT('Ctrl Pts',(-4.63590804638226,10.9009905920023,-93.7047580478567));
#4538=CARTESIAN_POINT('Ctrl Pts',(-6.78317168589799,9.24850247361121,-93.5265578293261));
#4539=CARTESIAN_POINT('Ctrl Pts',(-8.14722012287579,7.47433858126004,-92.3956966206577));
#4540=CARTESIAN_POINT('Ctrl Pts',(-9.07814601753518,5.83926436578594,-90.4207496888635));
#4541=CARTESIAN_POINT('Ctrl Pts',(-9.47235081505114,4.76428514145948,-89.0531466211314));
#4542=CARTESIAN_POINT('Ctrl Pts',(-9.60264420281925,3.8945681298104,-88.0667151757279));
#4543=CARTESIAN_POINT('Ctrl Pts',(-9.61652762453387,3.22772009990232,-87.4274517382977));
#4544=CARTESIAN_POINT('Ctrl Pts',(-9.57569123027657,2.76698559579787,-87.0994726392471));
#4545=CARTESIAN_POINT('Ctrl Pts',(-9.52300461389289,2.40173709067557,-86.9096048277268));
#4546=CARTESIAN_POINT('Ctrl Pts',(-9.50069617526973,2.27527944609061,-86.8615432282745));
#4547=CARTESIAN_POINT('Ctrl Pts',(-9.44368957625184,1.99859989403131,-86.7969952311605));
#4548=CARTESIAN_POINT('Ctrl Pts',(-9.40927909338603,1.8487040122464,-86.785986339179));
#4549=CARTESIAN_POINT('Ctrl Pts',(-9.37033375568437,1.70922795488402,-86.7721115334895));
#4550=CARTESIAN_POINT('Ctrl Pts',(10.611088851359,4.26028550830514,-87.1144329471541));
#4551=CARTESIAN_POINT('Ctrl Pts',(10.6146294742154,4.38483395220945,-87.1174578697543));
#4552=CARTESIAN_POINT('Ctrl Pts',(10.6122956700389,4.53209220238198,-87.1198721061025));
#4553=CARTESIAN_POINT('Ctrl Pts',(10.6010300197745,4.80655594245173,-87.161074890117));
#4554=CARTESIAN_POINT('Ctrl Pts',(10.5920981736865,4.93376143234895,-87.1998634377833));
#4555=CARTESIAN_POINT('Ctrl Pts',(10.5554055725555,5.28529876162767,-87.3707905477589));
#4556=CARTESIAN_POINT('Ctrl Pts',(10.4847898777829,5.72913019577501,-87.6836224646827));
#4557=CARTESIAN_POINT('Ctrl Pts',(10.3125909310899,6.36050764421744,-88.3093837890033));
#4558=CARTESIAN_POINT('Ctrl Pts',(9.97968239213111,7.163011574478,-89.2895194960885));
#4559=CARTESIAN_POINT('Ctrl Pts',(9.34182294213673,8.10456824051516,-90.670107787574));
#4560=CARTESIAN_POINT('Ctrl Pts',(8.04672180970591,9.45884286672257,-92.6959309063989));
#4561=CARTESIAN_POINT('Ctrl Pts',(6.2852679527015,10.8271689886908,-93.9198421210942));
#4562=CARTESIAN_POINT('Ctrl Pts',(3.79941401906361,11.9050860775816,-94.1145290432848));
#4563=CARTESIAN_POINT('Ctrl Pts',(1.512975619006,12.1313046933865,-94.7549912376806));
#4564=CARTESIAN_POINT('Ctrl Pts',(-0.475962498851925,11.8870631599176,-94.7580674694505));
#4565=CARTESIAN_POINT('Ctrl Pts',(-2.46490802919785,11.6428819963189,-94.7549912376806));
#4566=CARTESIAN_POINT('Ctrl Pts',(-4.62870220081161,10.8702435282855,-94.1145290432848));
#4567=CARTESIAN_POINT('Ctrl Pts',(-6.77994390332311,9.22296268784542,-93.9198421210942));
#4568=CARTESIAN_POINT('Ctrl Pts',(-8.15804700358176,7.46914744344998,-92.6959309063988));
#4569=CARTESIAN_POINT('Ctrl Pts',(-9.08704941273997,5.84178724048597,-90.670107787574));
#4570=CARTESIAN_POINT('Ctrl Pts',(-9.47817853757206,4.77388666411464,-89.2895194960884));
#4571=CARTESIAN_POINT('Ctrl Pts',(-9.60705499812979,3.91468266545688,-88.3093837890034));
#4572=CARTESIAN_POINT('Ctrl Pts',(-9.62139487100909,3.26040112996194,-87.6836224646828));
#4573=CARTESIAN_POINT('Ctrl Pts',(-9.5825404359793,2.81266990348335,-87.3707905477589));
#4574=CARTESIAN_POINT('Ctrl Pts',(-9.53309853296955,2.46269799163763,-87.1998634377832));
#4575=CARTESIAN_POINT('Ctrl Pts',(-9.51099127180983,2.3371102392947,-87.161074890117));
#4576=CARTESIAN_POINT('Ctrl Pts',(-9.45552349584411,2.06807383782017,-87.1198721061025));
#4577=CARTESIAN_POINT('Ctrl Pts',(-9.42216298103812,1.92462518868855,-87.1174578697543));
#4578=CARTESIAN_POINT('Ctrl Pts',(-9.3885965341688,1.80463292004691,-87.1144329471541));
#4579=CARTESIAN_POINT('Origin',(2.18767042175379,-9.80648610245317,-114.));
#4580=CARTESIAN_POINT('Origin',(-1.46840988040063,19.9698984467865,-58.));
#4581=UNCERTAINTY_MEASURE_WITH_UNIT(LENGTH_MEASURE(0.01),#4585,
'DISTANCE_ACCURACY_VALUE',
'Maximum model space distance between geometric entities at asserted c
onnectivities');
#4582=UNCERTAINTY_MEASURE_WITH_UNIT(LENGTH_MEASURE(0.01),#4585,
'DISTANCE_ACCURACY_VALUE',
'Maximum model space distance between geometric entities at asserted c
onnectivities');
#4583=(
GEOMETRIC_REPRESENTATION_CONTEXT(3)
GLOBAL_UNCERTAINTY_ASSIGNED_CONTEXT((#4581))
GLOBAL_UNIT_ASSIGNED_CONTEXT((#4585,#4587,#4588))
REPRESENTATION_CONTEXT('','3D')
);
#4584=(
GEOMETRIC_REPRESENTATION_CONTEXT(3)
GLOBAL_UNCERTAINTY_ASSIGNED_CONTEXT((#4582))
GLOBAL_UNIT_ASSIGNED_CONTEXT((#4585,#4587,#4588))
REPRESENTATION_CONTEXT('','3D')
);
#4585=(
LENGTH_UNIT()
NAMED_UNIT(*)
SI_UNIT(.MILLI.,.METRE.)
);
#4586=(
LENGTH_UNIT()
NAMED_UNIT(*)
SI_UNIT($,.METRE.)
);
#4587=(
NAMED_UNIT(*)
PLANE_ANGLE_UNIT()
SI_UNIT($,.RADIAN.)
);
#4588=(
NAMED_UNIT(*)
SI_UNIT($,.STERADIAN.)
SOLID_ANGLE_UNIT()
);
#4589=SHAPE_DEFINITION_REPRESENTATION(#4590,#4591);
#4590=PRODUCT_DEFINITION_SHAPE('',$,#4593);
#4591=SHAPE_REPRESENTATION('',(#575),#4583);
#4592=PRODUCT_DEFINITION_CONTEXT('part definition',#4597,'design');
#4593=PRODUCT_DEFINITION('2026-09-24-14-40-19-700','outer_left',#4594,#4592);
#4594=PRODUCT_DEFINITION_FORMATION('',$,#4599);
#4595=PRODUCT_RELATED_PRODUCT_CATEGORY('outer_left','outer_left',(#4599));
#4596=APPLICATION_PROTOCOL_DEFINITION('international standard',
'automotive_design',2009,#4597);
#4597=APPLICATION_CONTEXT(
'Core Data for Automotive Mechanical Design Process');
#4598=PRODUCT_CONTEXT('part definition',#4597,'mechanical');
#4599=PRODUCT('2026-09-24-14-40-19-700','outer_left',$,(#4598));
#4600=PRESENTATION_STYLE_ASSIGNMENT((#4602));
#4601=PRESENTATION_STYLE_ASSIGNMENT((#4603));
#4602=SURFACE_STYLE_USAGE(.BOTH.,#4604);
#4603=SURFACE_STYLE_USAGE(.BOTH.,#4605);
#4604=SURFACE_SIDE_STYLE('',(#4606));
#4605=SURFACE_SIDE_STYLE('',(#4607));
#4606=SURFACE_STYLE_FILL_AREA(#4608);
#4607=SURFACE_STYLE_FILL_AREA(#4609);
#4608=FILL_AREA_STYLE('\X2\92FC\X0\ - \X2\30B530C630F3\X0\',(#4610));
#4609=FILL_AREA_STYLE('Opaque(160,160,160)',(#4611));
#4610=FILL_AREA_STYLE_COLOUR('\X2\92FC\X0\ - \X2\30B530C630F3\X0\',#4612);
#4611=FILL_AREA_STYLE_COLOUR('Opaque(160,160,160)',#4613);
#4612=COLOUR_RGB('\X2\92FC\X0\ - \X2\30B530C630F3\X0\',0.627450980392157,
0.627450980392157,0.627450980392157);
#4613=COLOUR_RGB('Opaque(160,160,160)',0.627450980392157,0.627450980392157,
0.627450980392157);
ENDSEC;
END-ISO-10303-21;
