ISO-10303-21;
HEADER;
/* Generated by software containing ST-Developer
 * from STEP Tools, Inc. (www.steptools.com) 
 */

FILE_DESCRIPTION(
/* description */ (''),
/* implementation_level */ '2;1');

FILE_NAME(
/* name */ 'mold_thumb_outer_fix.step',
/* time_stamp */ '2026-09-24T14:43:59+09:00',
/* author */ (''),
/* organization */ (''),
/* preprocessor_version */ 'ST-DEVELOPER v20.2',
/* originating_system */ 'Autodesk Translation Framework v15.15.0.0',
/* authorisation */ '');

FILE_SCHEMA (('AUTOMOTIVE_DESIGN { 1 0 10303 214 3 1 1 }'));
ENDSEC;

DATA;
#10=MECHANICAL_DESIGN_GEOMETRIC_PRESENTATION_REPRESENTATION('',(#13),#6200);
#11=SHAPE_REPRESENTATION_RELATIONSHIP('SRR','None',#6207,#12);
#12=ADVANCED_BREP_SHAPE_REPRESENTATION('',(#14),#6199);
#13=STYLED_ITEM('',(#6217),#14);
#14=MANIFOLD_SOLID_BREP('\X2\30DC30C730A3\X0\1',#974);
#15=FACE_BOUND('',#272,.T.);
#16=(
BOUNDED_SURFACE()
B_SPLINE_SURFACE(2,2,((#4980,#4981,#4982),(#4983,#4984,#4985),(#4986,#4987,
#4988)),.UNSPECIFIED.,.F.,.F.,.F.)
B_SPLINE_SURFACE_WITH_KNOTS((3,3),(3,3),(-1.57079632679483,1.25245914223059E-13),
(0.122173047639635,1.69296937443446),.UNSPECIFIED.)
GEOMETRIC_REPRESENTATION_ITEM()
RATIONAL_B_SPLINE_SURFACE(((1.,0.707106781186573,1.),(0.707106781186525,
0.500000000000003,0.707106781186525),(1.,0.707106781186573,1.)))
REPRESENTATION_ITEM('')
SURFACE()
);
#17=(
BOUNDED_SURFACE()
B_SPLINE_SURFACE(2,2,((#5000,#5001,#5002),(#5003,#5004,#5005),(#5006,#5007,
#5008)),.UNSPECIFIED.,.F.,.F.,.F.)
B_SPLINE_SURFACE_WITH_KNOTS((3,3),(3,3),(-1.57079632679458,4.88549159017741E-13),
(-1.44862327915523,0.12217304763952),.UNSPECIFIED.)
GEOMETRIC_REPRESENTATION_ITEM()
RATIONAL_B_SPLINE_SURFACE(((1.,0.707106781186599,1.),(0.707106781186489,
0.499999999999995,0.707106781186489),(1.,0.707106781186599,1.)))
REPRESENTATION_ITEM('')
SURFACE()
);
#18=(
BOUNDED_SURFACE()
B_SPLINE_SURFACE(2,2,((#5014,#5015,#5016),(#5017,#5018,#5019),(#5020,#5021,
#5022)),.UNSPECIFIED.,.F.,.F.,.F.)
B_SPLINE_SURFACE_WITH_KNOTS((3,3),(3,3),(-1.57079632679578,-4.97782928370171E-13),
(-0.78539816340118,0.785398163401181),.UNSPECIFIED.)
GEOMETRIC_REPRESENTATION_ITEM()
RATIONAL_B_SPLINE_SURFACE(((1.,0.707106781183908,1.),(0.707106781186417,
0.499999999998042,0.707106781186417),(1.,0.707106781183908,1.)))
REPRESENTATION_ITEM('')
SURFACE()
);
#19=(
BOUNDED_SURFACE()
B_SPLINE_SURFACE(2,2,((#6174,#6175,#6176),(#6177,#6178,#6179),(#6180,#6181,
#6182)),.UNSPECIFIED.,.F.,.F.,.F.)
B_SPLINE_SURFACE_WITH_KNOTS((3,3),(3,3),(-1.5707963267943,9.95090494630777E-13),
(-3.01941960595002,-1.4486232791555),.UNSPECIFIED.)
GEOMETRIC_REPRESENTATION_ITEM()
RATIONAL_B_SPLINE_SURFACE(((1.,0.70710678118668,1.),(0.707106781186405,
0.499999999999993,0.707106781186405),(1.,0.70710678118668,1.)))
REPRESENTATION_ITEM('')
SURFACE()
);
#20=CONICAL_SURFACE('',#1002,11.85,0.785398163397444);
#21=CONICAL_SURFACE('',#1034,11.85,0.785398163397443);
#22=CONICAL_SURFACE('',#1037,11.85,0.785398163397444);
#23=CONICAL_SURFACE('',#1042,11.85,0.785398163397444);
#24=CYLINDRICAL_SURFACE('',#998,6.);
#25=CYLINDRICAL_SURFACE('',#1001,6.);
#26=CYLINDRICAL_SURFACE('',#1005,10.);
#27=CYLINDRICAL_SURFACE('',#1011,10.);
#28=CYLINDRICAL_SURFACE('',#1020,12.);
#29=CYLINDRICAL_SURFACE('',#1023,12.);
#30=CYLINDRICAL_SURFACE('',#1027,10.);
#31=CYLINDRICAL_SURFACE('',#1029,10.);
#32=CYLINDRICAL_SURFACE('',#1031,12.);
#33=CYLINDRICAL_SURFACE('',#1046,12.);
#34=PLANE('',#990);
#35=PLANE('',#997);
#36=PLANE('',#999);
#37=PLANE('',#1019);
#38=PLANE('',#1022);
#39=PLANE('',#1025);
#40=PLANE('',#1033);
#41=PLANE('',#1036);
#42=PLANE('',#1039);
#43=PLANE('',#1041);
#44=PLANE('',#1044);
#45=PLANE('',#1045);
#46=PLANE('',#1047);
#47=LINE('',#1477,#101);
#48=LINE('',#1493,#102);
#49=LINE('',#1495,#103);
#50=LINE('',#1497,#104);
#51=LINE('',#1517,#105);
#52=LINE('',#1518,#106);
#53=LINE('',#1657,#107);
#54=LINE('',#1692,#108);
#55=LINE('',#1709,#109);
#56=LINE('',#1710,#110);
#57=LINE('',#1727,#111);
#58=LINE('',#1731,#112);
#59=LINE('',#2326,#113);
#60=LINE('',#2650,#114);
#61=LINE('',#2913,#115);
#62=LINE('',#2917,#116);
#63=LINE('',#4976,#117);
#64=LINE('',#4979,#118);
#65=LINE('',#4996,#119);
#66=LINE('',#4998,#120);
#67=LINE('',#5434,#121);
#68=LINE('',#5435,#122);
#69=LINE('',#5436,#123);
#70=LINE('',#5440,#124);
#71=LINE('',#5443,#125);
#72=LINE('',#5444,#126);
#73=LINE('',#5448,#127);
#74=LINE('',#5451,#128);
#75=LINE('',#5454,#129);
#76=LINE('',#5457,#130);
#77=LINE('',#5462,#131);
#78=LINE('',#5466,#132);
#79=LINE('',#5484,#133);
#80=LINE('',#5486,#134);
#81=LINE('',#5487,#135);
#82=LINE('',#5629,#136);
#83=LINE('',#5776,#137);
#84=LINE('',#5794,#138);
#85=LINE('',#5795,#139);
#86=LINE('',#5965,#140);
#87=LINE('',#6156,#141);
#88=LINE('',#6157,#142);
#89=LINE('',#6158,#143);
#90=LINE('',#6161,#144);
#91=LINE('',#6165,#145);
#92=LINE('',#6166,#146);
#93=LINE('',#6169,#147);
#94=LINE('',#6172,#148);
#95=LINE('',#6173,#149);
#96=LINE('',#6185,#150);
#97=LINE('',#6186,#151);
#98=LINE('',#6189,#152);
#99=LINE('',#6192,#153);
#100=LINE('',#6193,#154);
#101=VECTOR('',#1054,10.);
#102=VECTOR('',#1057,10.);
#103=VECTOR('',#1058,10.);
#104=VECTOR('',#1059,10.);
#105=VECTOR('',#1062,10.);
#106=VECTOR('',#1063,10.);
#107=VECTOR('',#1074,10.);
#108=VECTOR('',#1075,10.);
#109=VECTOR('',#1078,10.);
#110=VECTOR('',#1079,10.);
#111=VECTOR('',#1082,10.);
#112=VECTOR('',#1087,10.);
#113=VECTOR('',#1090,10.);
#114=VECTOR('',#1091,9.99999999999999);
#115=VECTOR('',#1094,9.99999999999999);
#116=VECTOR('',#1097,10.);
#117=VECTOR('',#1104,10.);
#118=VECTOR('',#1107,10.);
#119=VECTOR('',#1116,10.);
#120=VECTOR('',#1117,10.);
#121=VECTOR('',#1134,10.);
#122=VECTOR('',#1135,10.);
#123=VECTOR('',#1136,10.);
#124=VECTOR('',#1141,10.);
#125=VECTOR('',#1144,10.);
#126=VECTOR('',#1145,10.);
#127=VECTOR('',#1150,10.);
#128=VECTOR('',#1153,10.);
#129=VECTOR('',#1156,10.);
#130=VECTOR('',#1159,10.);
#131=VECTOR('',#1166,10.);
#132=VECTOR('',#1171,10.);
#133=VECTOR('',#1172,10.);
#134=VECTOR('',#1173,10.);
#135=VECTOR('',#1174,10.);
#136=VECTOR('',#1175,10.);
#137=VECTOR('',#1176,10.);
#138=VECTOR('',#1177,10.);
#139=VECTOR('',#1178,10.);
#140=VECTOR('',#1179,9.99999999999999);
#141=VECTOR('',#1182,10.);
#142=VECTOR('',#1183,10.);
#143=VECTOR('',#1184,10.);
#144=VECTOR('',#1187,10.);
#145=VECTOR('',#1192,10.);
#146=VECTOR('',#1193,10.);
#147=VECTOR('',#1196,9.99999999999999);
#148=VECTOR('',#1201,10.);
#149=VECTOR('',#1202,10.);
#150=VECTOR('',#1207,10.);
#151=VECTOR('',#1208,10.);
#152=VECTOR('',#1211,10.);
#153=VECTOR('',#1216,10.);
#154=VECTOR('',#1217,10.);
#155=FACE_OUTER_BOUND('',#215,.T.);
#156=FACE_OUTER_BOUND('',#216,.T.);
#157=FACE_OUTER_BOUND('',#217,.T.);
#158=FACE_OUTER_BOUND('',#218,.T.);
#159=FACE_OUTER_BOUND('',#219,.T.);
#160=FACE_OUTER_BOUND('',#220,.T.);
#161=FACE_OUTER_BOUND('',#221,.T.);
#162=FACE_OUTER_BOUND('',#222,.T.);
#163=FACE_OUTER_BOUND('',#223,.T.);
#164=FACE_OUTER_BOUND('',#224,.T.);
#165=FACE_OUTER_BOUND('',#225,.T.);
#166=FACE_OUTER_BOUND('',#226,.T.);
#167=FACE_OUTER_BOUND('',#227,.T.);
#168=FACE_OUTER_BOUND('',#228,.T.);
#169=FACE_OUTER_BOUND('',#229,.T.);
#170=FACE_OUTER_BOUND('',#230,.T.);
#171=FACE_OUTER_BOUND('',#231,.T.);
#172=FACE_OUTER_BOUND('',#232,.T.);
#173=FACE_OUTER_BOUND('',#233,.T.);
#174=FACE_OUTER_BOUND('',#234,.T.);
#175=FACE_OUTER_BOUND('',#235,.T.);
#176=FACE_OUTER_BOUND('',#236,.T.);
#177=FACE_OUTER_BOUND('',#237,.T.);
#178=FACE_OUTER_BOUND('',#238,.T.);
#179=FACE_OUTER_BOUND('',#239,.T.);
#180=FACE_OUTER_BOUND('',#240,.T.);
#181=FACE_OUTER_BOUND('',#241,.T.);
#182=FACE_OUTER_BOUND('',#242,.T.);
#183=FACE_OUTER_BOUND('',#243,.T.);
#184=FACE_OUTER_BOUND('',#244,.T.);
#185=FACE_OUTER_BOUND('',#245,.T.);
#186=FACE_OUTER_BOUND('',#246,.T.);
#187=FACE_OUTER_BOUND('',#247,.T.);
#188=FACE_OUTER_BOUND('',#248,.T.);
#189=FACE_OUTER_BOUND('',#249,.T.);
#190=FACE_OUTER_BOUND('',#250,.T.);
#191=FACE_OUTER_BOUND('',#251,.T.);
#192=FACE_OUTER_BOUND('',#252,.T.);
#193=FACE_OUTER_BOUND('',#253,.T.);
#194=FACE_OUTER_BOUND('',#254,.T.);
#195=FACE_OUTER_BOUND('',#255,.T.);
#196=FACE_OUTER_BOUND('',#256,.T.);
#197=FACE_OUTER_BOUND('',#257,.T.);
#198=FACE_OUTER_BOUND('',#258,.T.);
#199=FACE_OUTER_BOUND('',#259,.T.);
#200=FACE_OUTER_BOUND('',#260,.T.);
#201=FACE_OUTER_BOUND('',#261,.T.);
#202=FACE_OUTER_BOUND('',#262,.T.);
#203=FACE_OUTER_BOUND('',#263,.T.);
#204=FACE_OUTER_BOUND('',#264,.T.);
#205=FACE_OUTER_BOUND('',#265,.T.);
#206=FACE_OUTER_BOUND('',#266,.T.);
#207=FACE_OUTER_BOUND('',#267,.T.);
#208=FACE_OUTER_BOUND('',#268,.T.);
#209=FACE_OUTER_BOUND('',#269,.T.);
#210=FACE_OUTER_BOUND('',#270,.T.);
#211=FACE_OUTER_BOUND('',#271,.T.);
#212=FACE_OUTER_BOUND('',#273,.T.);
#213=FACE_OUTER_BOUND('',#274,.T.);
#214=FACE_OUTER_BOUND('',#275,.T.);
#215=EDGE_LOOP('',(#597,#598,#599,#600));
#216=EDGE_LOOP('',(#601,#602,#603,#604));
#217=EDGE_LOOP('',(#605,#606,#607,#608));
#218=EDGE_LOOP('',(#609,#610,#611,#612));
#219=EDGE_LOOP('',(#613,#614,#615,#616,#617,#618));
#220=EDGE_LOOP('',(#619,#620,#621,#622));
#221=EDGE_LOOP('',(#623,#624,#625,#626));
#222=EDGE_LOOP('',(#627,#628,#629,#630));
#223=EDGE_LOOP('',(#631,#632,#633,#634));
#224=EDGE_LOOP('',(#635,#636,#637,#638));
#225=EDGE_LOOP('',(#639,#640,#641,#642));
#226=EDGE_LOOP('',(#643,#644,#645,#646,#647,#648));
#227=EDGE_LOOP('',(#649,#650,#651,#652));
#228=EDGE_LOOP('',(#653,#654,#655,#656));
#229=EDGE_LOOP('',(#657,#658,#659,#660));
#230=EDGE_LOOP('',(#661,#662,#663,#664,#665,#666));
#231=EDGE_LOOP('',(#667,#668,#669,#670,#671,#672));
#232=EDGE_LOOP('',(#673,#674,#675,#676,#677,#678,#679,#680,#681,#682,#683,
#684,#685,#686,#687));
#233=EDGE_LOOP('',(#688,#689,#690,#691,#692));
#234=EDGE_LOOP('',(#693,#694,#695,#696));
#235=EDGE_LOOP('',(#697,#698,#699,#700,#701,#702));
#236=EDGE_LOOP('',(#703,#704,#705,#706));
#237=EDGE_LOOP('',(#707,#708,#709,#710));
#238=EDGE_LOOP('',(#711,#712,#713,#714,#715,#716,#717,#718,#719,#720,#721));
#239=EDGE_LOOP('',(#722,#723,#724,#725,#726,#727));
#240=EDGE_LOOP('',(#728,#729,#730,#731));
#241=EDGE_LOOP('',(#732,#733,#734,#735,#736));
#242=EDGE_LOOP('',(#737,#738,#739,#740));
#243=EDGE_LOOP('',(#741,#742,#743,#744));
#244=EDGE_LOOP('',(#745,#746,#747,#748));
#245=EDGE_LOOP('',(#749,#750,#751,#752));
#246=EDGE_LOOP('',(#753,#754,#755,#756));
#247=EDGE_LOOP('',(#757,#758,#759,#760));
#248=EDGE_LOOP('',(#761,#762,#763,#764,#765,#766));
#249=EDGE_LOOP('',(#767,#768,#769,#770));
#250=EDGE_LOOP('',(#771,#772,#773,#774));
#251=EDGE_LOOP('',(#775,#776,#777,#778));
#252=EDGE_LOOP('',(#779,#780,#781,#782));
#253=EDGE_LOOP('',(#783,#784,#785,#786,#787,#788,#789,#790));
#254=EDGE_LOOP('',(#791,#792,#793,#794));
#255=EDGE_LOOP('',(#795,#796,#797,#798));
#256=EDGE_LOOP('',(#799,#800,#801,#802));
#257=EDGE_LOOP('',(#803,#804,#805,#806));
#258=EDGE_LOOP('',(#807,#808,#809,#810));
#259=EDGE_LOOP('',(#811,#812,#813,#814));
#260=EDGE_LOOP('',(#815,#816,#817,#818));
#261=EDGE_LOOP('',(#819,#820,#821,#822));
#262=EDGE_LOOP('',(#823,#824,#825,#826));
#263=EDGE_LOOP('',(#827,#828,#829,#830));
#264=EDGE_LOOP('',(#831,#832,#833,#834));
#265=EDGE_LOOP('',(#835,#836,#837,#838));
#266=EDGE_LOOP('',(#839,#840,#841,#842));
#267=EDGE_LOOP('',(#843,#844,#845,#846));
#268=EDGE_LOOP('',(#847,#848,#849,#850));
#269=EDGE_LOOP('',(#851,#852,#853,#854));
#270=EDGE_LOOP('',(#855,#856,#857,#858));
#271=EDGE_LOOP('',(#859,#860,#861,#862,#863,#864,#865,#866));
#272=EDGE_LOOP('',(#867,#868,#869,#870,#871,#872));
#273=EDGE_LOOP('',(#873,#874,#875,#876));
#274=EDGE_LOOP('',(#877,#878,#879,#880));
#275=EDGE_LOOP('',(#881,#882,#883,#884));
#276=CIRCLE('',#988,0.600000000000003);
#277=CIRCLE('',#989,0.600000000000001);
#278=CIRCLE('',#991,0.600000000000001);
#279=CIRCLE('',#992,0.599999999999999);
#280=CIRCLE('',#993,9.50754236503738);
#281=CIRCLE('',#994,0.6);
#282=CIRCLE('',#995,10.1114385765827);
#283=CIRCLE('',#996,0.599999999999998);
#284=CIRCLE('',#1000,13.2166974723708);
#285=CIRCLE('',#1003,12.);
#286=CIRCLE('',#1004,11.7);
#287=CIRCLE('',#1006,10.);
#288=CIRCLE('',#1007,10.);
#289=CIRCLE('',#1008,2.);
#290=CIRCLE('',#1009,10.);
#291=CIRCLE('',#1010,12.);
#292=CIRCLE('',#1012,10.);
#293=CIRCLE('',#1013,10.);
#294=CIRCLE('',#1014,2.);
#295=CIRCLE('',#1015,12.);
#296=CIRCLE('',#1016,10.);
#297=CIRCLE('',#1017,12.);
#298=CIRCLE('',#1018,2.);
#299=CIRCLE('',#1021,12.);
#300=CIRCLE('',#1024,12.);
#301=CIRCLE('',#1026,2.);
#302=CIRCLE('',#1028,10.);
#303=CIRCLE('',#1030,10.);
#304=CIRCLE('',#1032,12.);
#305=CIRCLE('',#1035,11.7);
#306=CIRCLE('',#1038,11.7);
#307=CIRCLE('',#1040,12.);
#308=CIRCLE('',#1043,11.7);
#309=B_SPLINE_CURVE_WITH_KNOTS('',3,(#1257,#1258,#1259,#1260,#1261,#1262,
#1263,#1264,#1265,#1266,#1267,#1268,#1269,#1270),.UNSPECIFIED.,.F.,.F.,
(4,2,2,2,2,2,4),(-0.112633156187741,-0.0608486061323071,-0.0342800687616533,
-0.0196316036642979,-0.0102356302011451,-0.00533474683726589,0.),
 .UNSPECIFIED.);
#310=B_SPLINE_CURVE_WITH_KNOTS('',3,(#1272,#1273,#1274,#1275,#1276),
 .UNSPECIFIED.,.F.,.F.,(4,1,4),(0.,0.0567585542521169,0.112560374617188),
 .UNSPECIFIED.);
#311=B_SPLINE_CURVE_WITH_KNOTS('',3,(#1279,#1280,#1281,#1282,#1283,#1284),
 .UNSPECIFIED.,.F.,.F.,(4,1,1,4),(-0.197445462856654,-0.113517108504234,
-0.0567585542521169,0.),.UNSPECIFIED.);
#312=B_SPLINE_CURVE_WITH_KNOTS('',3,(#1314,#1315,#1316,#1317,#1318,#1319,
#1320,#1321,#1322,#1323,#1324,#1325,#1326,#1327,#1328,#1329,#1330,#1331),
 .UNSPECIFIED.,.F.,.F.,(4,2,2,2,2,2,2,2,4),(-1.88126492990801,-1.57757921561812,
-1.35961495487552,-0.985909115140307,-0.660138094418582,-0.466194513945705,
-0.264561445815326,-0.140866232107839,-2.24783044553563E-6),
 .UNSPECIFIED.);
#313=B_SPLINE_CURVE_WITH_KNOTS('',3,(#1333,#1334,#1335,#1336,#1337,#1338,
#1339,#1340,#1341,#1342,#1343,#1344,#1345,#1346,#1347,#1348,#1349,#1350,
#1351,#1352,#1353,#1354,#1355,#1356,#1357,#1358,#1359,#1360,#1361,#1362,
#1363,#1364,#1365,#1366,#1367,#1368,#1369,#1370,#1371,#1372,#1373,#1374,
#1375,#1376,#1377,#1378,#1379,#1380,#1381,#1382,#1383,#1384,#1385,#1386,
#1387,#1388,#1389,#1390),.UNSPECIFIED.,.F.,.F.,(4,2,2,2,2,2,2,2,2,2,2,2,
2,2,2,2,2,2,2,2,2,2,2,2,2,2,2,2,4),(0.0281259374028551,0.0746580664027103,
0.0975617876373032,0.110549694634571,0.158354245970854,0.163250200772256,
0.196909528456555,0.207109465128201,0.25248074615791,0.297491765180095,
0.316750425407474,0.374637623827061,0.395409791141606,0.408843126361073,
0.432524822246648,0.481703830793466,0.502891485708385,0.552635621540345,
0.589943723414314,0.607184100201192,0.647286760938688,0.685501791625129,
0.701868029036222,0.745979832219534,0.783795822006777,0.805039737825691,
0.870080004926886,0.9025790835403,0.971874062597125),.UNSPECIFIED.);
#314=B_SPLINE_CURVE_WITH_KNOTS('',3,(#1391,#1392,#1393,#1394,#1395,#1396),
 .UNSPECIFIED.,.F.,.F.,(4,1,1,4),(-1.27599865841952,-1.21926727240286,-1.16253588638621,
-1.07855417836036),.UNSPECIFIED.);
#315=B_SPLINE_CURVE_WITH_KNOTS('',3,(#1428,#1429,#1430,#1431,#1432,#1433,
#1434,#1435,#1436,#1437,#1438,#1439,#1440,#1441),.UNSPECIFIED.,.F.,.F.,
(4,2,2,2,2,2,4),(-0.192271543026113,-0.181066531257289,-0.17079329555141,
-0.151035255417228,-0.120527842411711,-0.0761687160495072,0.),
 .UNSPECIFIED.);
#316=B_SPLINE_CURVE_WITH_KNOTS('',3,(#1444,#1445,#1446,#1447,#1448),
 .UNSPECIFIED.,.F.,.F.,(4,1,4),(1.16343815436733,1.21926727240286,1.27599865841952),
 .UNSPECIFIED.);
#317=B_SPLINE_CURVE_WITH_KNOTS('',3,(#1466,#1467,#1468,#1469,#1470,#1471,
#1472,#1473,#1474,#1475),.UNSPECIFIED.,.F.,.F.,(4,3,3,4),(-0.0606821693435745,
-0.036088971914381,-0.0107759254663777,0.),.UNSPECIFIED.);
#318=B_SPLINE_CURVE_WITH_KNOTS('',3,(#1478,#1479,#1480,#1481,#1482,#1483),
 .UNSPECIFIED.,.F.,.F.,(4,2,4),(-0.0712004738132655,-0.034837415404327,
0.),.UNSPECIFIED.);
#319=B_SPLINE_CURVE_WITH_KNOTS('',3,(#1486,#1487,#1488,#1489,#1490,#1491),
 .UNSPECIFIED.,.F.,.F.,(4,2,4),(1.00000065308451E-6,0.394894121391011,0.801820632662144),
 .UNSPECIFIED.);
#320=B_SPLINE_CURVE_WITH_KNOTS('',3,(#1498,#1499,#1500,#1501,#1502,#1503),
 .UNSPECIFIED.,.F.,.F.,(4,2,4),(0.,0.230206105692399,0.469956047529309),
 .UNSPECIFIED.);
#321=B_SPLINE_CURVE_WITH_KNOTS('',3,(#1557,#1558,#1559,#1560,#1561,#1562,
#1563),.UNSPECIFIED.,.F.,.F.,(4,1,1,1,4),(7.48752149160171E-16,0.245036377820713,
0.490072755641425,0.673850039006959,0.857627322372493),.UNSPECIFIED.);
#322=B_SPLINE_CURVE_WITH_KNOTS('',3,(#1564,#1565,#1566,#1567,#1568,#1569,
#1570),.UNSPECIFIED.,.F.,.F.,(4,1,1,1,4),(-0.857627322372493,-0.673850039006959,
-0.490072755641425,-0.245036377820713,-7.48752149160171E-16),
 .UNSPECIFIED.);
#323=B_SPLINE_CURVE_WITH_KNOTS('',3,(#1633,#1634,#1635,#1636,#1637,#1638,
#1639),.UNSPECIFIED.,.F.,.F.,(4,1,1,1,4),(2.65845448230435E-15,0.183777665499191,
0.367555330998379,0.612592218330629,0.85762910566288),.UNSPECIFIED.);
#324=B_SPLINE_CURVE_WITH_KNOTS('',3,(#1640,#1641,#1642,#1643,#1644,#1645,
#1646),.UNSPECIFIED.,.F.,.F.,(4,1,1,1,4),(-0.85762910566288,-0.612592218330629,
-0.367555330998379,-0.183777665499191,-2.65845448230435E-15),
 .UNSPECIFIED.);
#325=B_SPLINE_CURVE_WITH_KNOTS('',3,(#1675,#1676,#1677,#1678,#1679,#1680,
#1681,#1682,#1683,#1684),.UNSPECIFIED.,.F.,.F.,(4,3,3,4),(-0.0872475964597715,
-0.0568991900235279,-0.027507838058406,-0.0148878882150801),
 .UNSPECIFIED.);
#326=B_SPLINE_CURVE_WITH_KNOTS('',3,(#1686,#1687,#1688,#1689,#1690,#1691),
 .UNSPECIFIED.,.F.,.F.,(4,2,4),(-0.0710926532803049,-0.0363079929841032,
0.),.UNSPECIFIED.);
#327=B_SPLINE_CURVE_WITH_KNOTS('',3,(#1695,#1696,#1697,#1698,#1699,#1700),
 .UNSPECIFIED.,.F.,.F.,(4,2,4),(0.,0.325467662542238,0.649887592227825),
 .UNSPECIFIED.);
#328=B_SPLINE_CURVE_WITH_KNOTS('',3,(#1702,#1703,#1704,#1705,#1706,#1707),
 .UNSPECIFIED.,.F.,.F.,(4,2,4),(9.9999967721689E-7,0.213902157152124,0.419287513730737),
 .UNSPECIFIED.);
#329=B_SPLINE_CURVE_WITH_KNOTS('',3,(#1713,#1714,#1715,#1716,#1717,#1718,
#1719,#1720,#1721,#1722,#1723,#1724,#1725,#1726),.UNSPECIFIED.,.F.,.F.,
(4,2,2,2,2,2,4),(-0.955598244153495,-0.830486793471654,-0.699954591331095,
-0.477809390072141,-0.249102631947279,-0.111464851789418,-1.00000003766532E-6),
 .UNSPECIFIED.);
#330=B_SPLINE_CURVE_WITH_KNOTS('',3,(#1733,#1734,#1735,#1736,#1737,#1738,
#1739,#1740,#1741,#1742,#1743,#1744,#1745,#1746),.UNSPECIFIED.,.F.,.F.,
(4,2,2,2,2,2,4),(-0.955117024793411,-0.843709529225075,-0.70614144668244,
-0.477550323808314,-0.255517046470245,-0.125049978717521,-1.00000005021084E-6),
 .UNSPECIFIED.);
#331=B_SPLINE_CURVE_WITH_KNOTS('',3,(#1807,#1808,#1809,#1810,#1811,#1812,
#1813,#1814,#1815,#1816,#1817,#1818,#1819,#1820,#1821,#1822,#1823,#1824,
#1825,#1826,#1827,#1828,#1829,#1830,#1831,#1832,#1833,#1834,#1835,#1836,
#1837,#1838,#1839,#1840,#1841,#1842,#1843,#1844,#1845,#1846,#1847,#1848,
#1849,#1850,#1851,#1852,#1853,#1854,#1855,#1856,#1857,#1858),
 .UNSPECIFIED.,.F.,.F.,(4,2,2,2,2,2,2,2,2,2,2,2,2,2,2,2,2,2,2,2,2,2,2,2,
2,4),(0.,0.0983087394437748,0.247466931976371,0.364891066615771,0.540080161763695,
0.790907499599029,0.956698046717946,1.03824559161507,1.12127575125851,1.32863327372298,
1.57193565804061,1.78054018931158,1.86351378738098,1.92348010362,2.00988301917219,
2.24204349100796,2.58803408396336,2.72423622462921,2.83504325847755,2.99388318423101,
3.2115140807994,3.53964349299964,3.77690266540171,3.91965441837548,4.09074740830628,
4.16276406606778),.UNSPECIFIED.);
#332=B_SPLINE_CURVE_WITH_KNOTS('',3,(#2295,#2296,#2297,#2298,#2299,#2300),
 .UNSPECIFIED.,.F.,.F.,(4,1,1,4),(0.999999999999995,1.99999999999999,2.99999999999999,
3.17378761733746),.UNSPECIFIED.);
#333=B_SPLINE_CURVE_WITH_KNOTS('',3,(#2302,#2303,#2304,#2305,#2306,#2307,
#2308,#2309),.UNSPECIFIED.,.F.,.F.,(4,1,2,1,4),(0.,0.125000000000001,0.250000000000001,
0.499999999999999,0.999999999999995),.UNSPECIFIED.);
#334=B_SPLINE_CURVE_WITH_KNOTS('',3,(#2311,#2312,#2313,#2314,#2315,#2316,
#2317,#2318,#2319,#2320,#2321,#2322,#2323,#2324),.UNSPECIFIED.,.F.,.F.,
(4,1,1,1,1,1,1,1,2,1,4),(0.517912452341756,0.999999999999997,2.,3.,4.,5.,
6.,6.5,6.75,6.87499999999999,7.),.UNSPECIFIED.);
#335=B_SPLINE_CURVE_WITH_KNOTS('',3,(#2328,#2329,#2330,#2331,#2332,#2333,
#2334,#2335,#2336,#2337,#2338,#2339,#2340,#2341,#2342,#2343,#2344,#2345,
#2346,#2347,#2348,#2349,#2350,#2351,#2352,#2353,#2354,#2355,#2356,#2357,
#2358,#2359,#2360,#2361,#2362,#2363,#2364,#2365,#2366,#2367,#2368,#2369,
#2370,#2371,#2372,#2373,#2374,#2375,#2376,#2377,#2378,#2379,#2380,#2381,
#2382,#2383,#2384,#2385,#2386,#2387,#2388,#2389,#2390,#2391,#2392,#2393,
#2394,#2395,#2396,#2397,#2398,#2399,#2400,#2401,#2402,#2403,#2404,#2405,
#2406,#2407,#2408,#2409,#2410,#2411,#2412,#2413,#2414,#2415,#2416,#2417,
#2418,#2419,#2420,#2421,#2422,#2423,#2424,#2425,#2426,#2427,#2428,#2429,
#2430,#2431,#2432,#2433,#2434,#2435,#2436,#2437,#2438,#2439,#2440,#2441,
#2442,#2443,#2444,#2445,#2446,#2447,#2448,#2449,#2450,#2451,#2452,#2453,
#2454,#2455,#2456,#2457,#2458,#2459,#2460,#2461,#2462,#2463,#2464,#2465,
#2466,#2467,#2468,#2469,#2470,#2471,#2472,#2473,#2474,#2475,#2476,#2477,
#2478,#2479,#2480,#2481,#2482,#2483,#2484,#2485,#2486,#2487,#2488,#2489,
#2490,#2491,#2492,#2493,#2494,#2495,#2496,#2497,#2498,#2499,#2500,#2501,
#2502,#2503,#2504,#2505,#2506,#2507,#2508,#2509,#2510,#2511,#2512,#2513,
#2514,#2515,#2516,#2517,#2518,#2519,#2520,#2521,#2522,#2523,#2524,#2525,
#2526,#2527,#2528,#2529,#2530,#2531,#2532,#2533,#2534,#2535,#2536,#2537,
#2538,#2539,#2540,#2541,#2542,#2543,#2544,#2545,#2546,#2547,#2548,#2549,
#2550,#2551,#2552,#2553,#2554,#2555,#2556,#2557,#2558,#2559,#2560,#2561,
#2562,#2563,#2564,#2565,#2566,#2567,#2568,#2569,#2570,#2571,#2572,#2573,
#2574,#2575,#2576,#2577,#2578,#2579,#2580,#2581,#2582,#2583,#2584,#2585,
#2586,#2587,#2588,#2589,#2590,#2591,#2592,#2593,#2594,#2595,#2596,#2597,
#2598,#2599,#2600,#2601),.UNSPECIFIED.,.F.,.F.,(4,3,3,3,3,3,3,3,3,3,3,3,
3,3,3,3,3,3,3,3,3,3,3,3,3,3,3,3,3,3,3,3,3,3,3,3,3,3,3,3,3,3,3,3,3,3,3,3,
3,3,3,3,3,3,3,3,3,3,3,3,3,3,3,3,3,3,3,3,3,3,3,3,3,3,3,3,3,3,3,3,3,3,3,3,
3,3,3,3,3,3,3,4),(0.157855663363002,0.166338817149391,0.174579485728064,
0.182597738119586,0.187505456393641,0.19756877174855,0.207456084311514,
0.21715524942428,0.227666447078782,0.231980145939599,0.242167249586091,
0.246805042454919,0.247083458240915,0.247107072709236,0.247657934714958,
0.24771113321787,0.254924526493171,0.262422568877284,0.270262524974497,
0.275422699371695,0.280956753580215,0.286789800001856,0.289278482448607,
0.293606243092663,0.297883140140195,0.301840550884285,0.30313426552552,
0.307177979624963,0.310987166037521,0.314451839097659,0.316990048602433,
0.320453994371661,0.323827498188374,0.32709948713499,0.330208266156327,
0.330845831679345,0.33092622500869,0.330975178451339,0.331104525223333,
0.331233871995327,0.3351646921282,0.339275231464009,0.343938916497737,0.349330583276744,
0.354665624391274,0.356643961000146,0.360933471433549,0.362996483251351,
0.366827737990817,0.369349005502556,0.369446218122125,0.369504576885661,
0.369793964248358,0.369815719651871,0.37165064115325,0.373546884745507,
0.376111863669961,0.377342116920288,0.379235615522277,0.38205386760201,
0.384899140038744,0.388655502204254,0.391172094404068,0.393365459327887,
0.395854676655497,0.39807540726309,0.398248695827133,0.398258287741962,
0.398273964735863,0.399777178748964,0.401215771856147,0.402573620347455,
0.403095621591784,0.404465909814436,0.405852618843222,0.407283748453883,
0.407932955441606,0.409279290291316,0.410351622366517,0.411868521150647,
0.412770289291428,0.412861344640545,0.41286144121654,0.414490148409787,
0.414677927890266,0.416494511572098,0.418311095253931,0.419926324441039,
0.420127678935764,0.421571705300202,0.422932119980243,0.423760846299429),
 .UNSPECIFIED.);
#336=B_SPLINE_CURVE_WITH_KNOTS('',3,(#2603,#2604,#2605,#2606,#2607,#2608,
#2609,#2610,#2611,#2612,#2613,#2614,#2615,#2616,#2617,#2618,#2619,#2620,
#2621,#2622,#2623,#2624,#2625,#2626,#2627,#2628,#2629,#2630,#2631,#2632,
#2633,#2634,#2635,#2636,#2637,#2638,#2639,#2640,#2641,#2642,#2643,#2644,
#2645,#2646,#2647,#2648),.UNSPECIFIED.,.F.,.F.,(4,2,2,2,2,2,2,2,2,2,2,2,
2,2,2,2,2,2,2,2,2,2,4),(1.00000094041599E-6,0.302198034952818,0.421644078983582,
0.489773614561616,0.567621200477031,0.656612225406697,0.744704021924778,
0.833706368441047,0.920053269267101,1.00536527262639,1.04975189202596,1.15617207766508,
1.22528902730682,1.35319280051254,1.40708170484974,1.45020868424717,1.59208502685213,
1.64270219650004,1.68682624055133,1.7253678035352,1.75901133342302,1.87859917270104,
2.00028842121528),.UNSPECIFIED.);
#337=B_SPLINE_CURVE_WITH_KNOTS('',3,(#2652,#2653,#2654,#2655,#2656,#2657,
#2658,#2659,#2660,#2661,#2662,#2663,#2664,#2665),.UNSPECIFIED.,.F.,.F.,
(4,1,2,1,1,1,1,1,1,1,4),(-7.,-6.87499999999999,-6.75,-6.5,-6.,-5.,-4.,-3.,
-2.,-0.999999999999997,-0.517912452341757),.UNSPECIFIED.);
#338=B_SPLINE_CURVE_WITH_KNOTS('',3,(#2667,#2668,#2669,#2670,#2671,#2672,
#2673,#2674),.UNSPECIFIED.,.F.,.F.,(4,1,2,1,4),(11.,11.5,11.75,11.875,12.),
 .UNSPECIFIED.);
#339=B_SPLINE_CURVE_WITH_KNOTS('',3,(#2675,#2676,#2677,#2678,#2679,#2680),
 .UNSPECIFIED.,.F.,.F.,(4,1,1,4),(8.82621238266253,8.99999999999999,9.99999999999999,
11.),.UNSPECIFIED.);
#340=B_SPLINE_CURVE_WITH_KNOTS('',3,(#2892,#2893,#2894,#2895,#2896,#2897,
#2898,#2899,#2900),.UNSPECIFIED.,.F.,.F.,(4,1,1,2,1,4),(-2.2039298006324,
-2.,-0.999999999999999,-0.5,-0.249999999999999,0.),.UNSPECIFIED.);
#341=B_SPLINE_CURVE_WITH_KNOTS('',3,(#2901,#2902,#2903,#2904,#2905,#2906,
#2907,#2908,#2909),.UNSPECIFIED.,.F.,.F.,(4,1,1,2,1,4),(-0.999999999999997,
-0.749999999999998,-0.499999999999999,-0.249999999999999,-0.125,0.),
 .UNSPECIFIED.);
#342=B_SPLINE_CURVE_WITH_KNOTS('',3,(#3271,#3272,#3273,#3274,#3275,#3276,
#3277,#3278,#3279,#3280,#3281,#3282),.UNSPECIFIED.,.F.,.F.,(4,1,2,1,1,1,
1,1,4),(0.,0.125,0.249999999999999,0.499999999999999,0.999999999999999,
2.,3.,4.,5.),.UNSPECIFIED.);
#343=B_SPLINE_CURVE_WITH_KNOTS('',3,(#3284,#3285,#3286,#3287,#3288,#3289,
#3290,#3291,#3292,#3293,#3294,#3295),.UNSPECIFIED.,.F.,.F.,(4,1,2,1,1,2,
1,4),(0.,0.124999999999999,0.249999999999999,0.499999999999998,0.749999999999998,
0.874999999999998,0.937499999999998,0.999999999999998),.UNSPECIFIED.);
#344=B_SPLINE_CURVE_WITH_KNOTS('',3,(#3297,#3298,#3299,#3300,#3301,#3302,
#3303,#3304,#3305,#3306,#3307),.UNSPECIFIED.,.F.,.F.,(4,1,2,1,1,1,1,4),
(0.,0.249999999999999,0.5,0.999999999999999,2.,3.,4.,5.),.UNSPECIFIED.);
#345=B_SPLINE_CURVE_WITH_KNOTS('',3,(#3309,#3310,#3311,#3312,#3313,#3314,
#3315,#3316,#3317,#3318,#3319),.UNSPECIFIED.,.F.,.F.,(4,1,1,1,1,2,1,4),
(5.,6.,7.,8.,8.99999999999999,9.49999999999999,9.74999999999999,9.99999999999999),
 .UNSPECIFIED.);
#346=B_SPLINE_CURVE_WITH_KNOTS('',3,(#3321,#3322,#3323,#3324,#3325,#3326,
#3327,#3328,#3329,#3330,#3331,#3332),.UNSPECIFIED.,.F.,.F.,(4,1,2,1,1,2,
1,4),(-0.999999999999998,-0.937499999999998,-0.874999999999998,-0.749999999999998,
-0.499999999999998,-0.249999999999999,-0.124999999999999,0.),
 .UNSPECIFIED.);
#347=B_SPLINE_CURVE_WITH_KNOTS('',3,(#3333,#3334,#3335,#3336,#3337,#3338,
#3339,#3340,#3341,#3342,#3343,#3344),.UNSPECIFIED.,.F.,.F.,(4,1,1,1,1,1,
2,1,4),(5.,6.,7.,8.,8.99999999999999,9.49999999999999,9.74999999999999,
9.87499999999999,9.99999999999999),.UNSPECIFIED.);
#348=B_SPLINE_CURVE_WITH_KNOTS('',3,(#3541,#3542,#3543,#3544,#3545,#3546,
#3547,#3548,#3549,#3550,#3551),.UNSPECIFIED.,.F.,.F.,(4,1,2,1,2,1,4),(0.,
0.125,0.25,0.5,0.75,0.875000000000001,1.),.UNSPECIFIED.);
#349=B_SPLINE_CURVE_WITH_KNOTS('',3,(#3553,#3554,#3555,#3556,#3557,#3558,
#3559,#3560,#3561,#3562),.UNSPECIFIED.,.F.,.F.,(4,1,1,1,2,1,4),(-0.999999999999998,
-0.749999999999998,-0.499999999999999,-0.25,-0.125,-0.0624999999999999,
0.),.UNSPECIFIED.);
#350=B_SPLINE_CURVE_WITH_KNOTS('',3,(#3563,#3564,#3565,#3566,#3567,#3568,
#3569),.UNSPECIFIED.,.F.,.F.,(4,2,1,4),(0.999999999999994,1.49999999999999,
1.74999999999999,1.99999999999999),.UNSPECIFIED.);
#351=B_SPLINE_CURVE_WITH_KNOTS('',3,(#3767,#3768,#3769,#3770,#3771,#3772,
#3773),.UNSPECIFIED.,.F.,.F.,(4,1,2,4),(-1.99999999999999,-1.74999999999999,
-1.49999999999999,-0.999999999999994),.UNSPECIFIED.);
#352=B_SPLINE_CURVE_WITH_KNOTS('',3,(#3774,#3775,#3776,#3777,#3778,#3779,
#3780,#3781,#3782,#3783),.UNSPECIFIED.,.F.,.F.,(4,1,2,1,1,1,4),(-0.999999999999998,
-0.937499999999998,-0.874999999999998,-0.749999999999998,-0.499999999999999,
-0.249999999999999,0.),.UNSPECIFIED.);
#353=B_SPLINE_CURVE_WITH_KNOTS('',3,(#3784,#3785,#3786,#3787,#3788,#3789,
#3790,#3791,#3792,#3793,#3794),.UNSPECIFIED.,.F.,.F.,(4,1,2,1,2,1,4),(-1.,
-0.875000000000001,-0.75,-0.5,-0.25,-0.125,0.),.UNSPECIFIED.);
#354=B_SPLINE_CURVE_WITH_KNOTS('',3,(#4069,#4070,#4071,#4072,#4073,#4074,
#4075,#4076,#4077),.UNSPECIFIED.,.F.,.F.,(4,1,2,1,1,4),(-9.99999999999999,
-9.74999999999999,-9.49999999999999,-8.99999999999999,-8.,-7.7960701993676),
 .UNSPECIFIED.);
#355=B_SPLINE_CURVE_WITH_KNOTS('',3,(#4078,#4079,#4080,#4081,#4082,#4083,
#4084),.UNSPECIFIED.,.F.,.F.,(4,2,1,4),(-0.999999999999994,-0.499999999999997,
-0.249999999999998,0.),.UNSPECIFIED.);
#356=B_SPLINE_CURVE_WITH_KNOTS('',3,(#4085,#4086,#4087,#4088,#4089,#4090,
#4091),.UNSPECIFIED.,.F.,.F.,(4,1,2,4),(0.,0.249999999999998,0.499999999999997,
0.999999999999994),.UNSPECIFIED.);
#357=B_SPLINE_CURVE_WITH_KNOTS('',3,(#4392,#4393,#4394,#4395,#4396,#4397,
#4398,#4399,#4400,#4401,#4402,#4403),.UNSPECIFIED.,.F.,.F.,(4,1,2,1,1,1,
1,1,4),(0.,0.125,0.25,0.5,1.,2.,3.,4.,5.),.UNSPECIFIED.);
#358=B_SPLINE_CURVE_WITH_KNOTS('',3,(#4404,#4405,#4406,#4407,#4408,#4409,
#4410,#4411,#4412,#4413,#4414,#4415),.UNSPECIFIED.,.F.,.F.,(4,1,1,1,1,1,
2,1,4),(5.,6.,7.,8.,8.99999999999999,9.49999999999999,9.74999999999999,
9.87499999999999,9.99999999999999),.UNSPECIFIED.);
#359=B_SPLINE_CURVE_WITH_KNOTS('',3,(#4794,#4795,#4796,#4797,#4798,#4799,
#4800,#4801,#4802),.UNSPECIFIED.,.F.,.F.,(4,1,2,1,1,4),(0.,0.125,0.249999999999999,
0.499999999999999,0.749999999999998,0.999999999999997),.UNSPECIFIED.);
#360=B_SPLINE_CURVE_WITH_KNOTS('',3,(#5374,#5375,#5376,#5377,#5378,#5379,
#5380,#5381,#5382,#5383,#5384,#5385,#5386,#5387,#5388,#5389,#5390,#5391,
#5392,#5393,#5394,#5395),.UNSPECIFIED.,.F.,.F.,(4,1,2,1,1,1,2,1,1,2,1,1,
2,1,1,4),(0.000968683639575814,0.156931596251924,0.234913052558098,0.235853045569248,
0.37924833830928,0.450945984679296,0.451223930956902,0.547739186287062,
0.595996813952142,0.596574674595939,0.684771350841667,0.728869688964532,
0.728919916131392,0.800784131152184,0.872648346172977,0.944512561193769),
 .UNSPECIFIED.);
#361=B_SPLINE_CURVE_WITH_KNOTS('',3,(#5396,#5397,#5398,#5399,#5400,#5401,
#5402,#5403,#5404,#5405,#5406,#5407,#5408,#5409,#5410,#5411,#5412,#5413,
#5414,#5415,#5416,#5417,#5418,#5419,#5420,#5421,#5422,#5423,#5424,#5425,
#5426,#5427,#5428,#5429,#5430),.UNSPECIFIED.,.F.,.F.,(4,1,1,1,2,1,1,1,1,
1,1,2,1,1,1,1,1,2,1,1,1,1,1,1,2,1,1,1,4),(0.215591613133379,0.264031788326484,
0.312471963519589,0.336692051116141,0.360912138712693,0.360951137525752,
0.43082583106469,0.500700524603628,0.570575218142566,0.640449911681503,
0.710324605220441,0.780199298759379,0.785119946771927,0.7875802707782,1.33341197248842,
1.87924367419864,2.15215952505375,2.42507537590886,2.42759026766857,2.99872952929005,
3.56986879091154,3.85543842172228,4.14100805253303,4.14349387634327,4.14846552396377,
4.49055841135881,4.83265129875384,5.51683707354391,6.20102284833399),
 .UNSPECIFIED.);
#362=B_SPLINE_CURVE_WITH_KNOTS('',3,(#5630,#5631,#5632,#5633,#5634,#5635,
#5636,#5637,#5638,#5639,#5640,#5641,#5642,#5643,#5644,#5645,#5646,#5647,
#5648,#5649,#5650,#5651,#5652,#5653,#5654,#5655,#5656,#5657,#5658,#5659,
#5660,#5661,#5662,#5663,#5664),.UNSPECIFIED.,.F.,.F.,(4,1,1,1,2,1,1,1,1,
1,1,2,1,1,1,1,1,2,1,1,1,1,1,1,2,1,1,1,4),(-6.20102284833399,-5.51683707354391,
-4.83265129875384,-4.49055841135881,-4.14846552396377,-4.14349387634327,
-4.14100805253303,-3.85543842172228,-3.56986879091154,-2.99872952929005,
-2.42759026766857,-2.42507537590886,-2.15215952505375,-1.87924367419864,
-1.33341197248842,-0.7875802707782,-0.785119946771927,-0.780199298759379,
-0.710324605220441,-0.640449911681503,-0.570575218142566,-0.500700524603628,
-0.43082583106469,-0.360951137525752,-0.360912138712693,-0.336692051116141,
-0.312471963519589,-0.264031788326484,-0.215591613133379),.UNSPECIFIED.);
#363=B_SPLINE_CURVE_WITH_KNOTS('',3,(#5754,#5755,#5756,#5757,#5758,#5759,
#5760,#5761,#5762,#5763,#5764,#5765,#5766,#5767,#5768,#5769,#5770,#5771,
#5772,#5773,#5774,#5775),.UNSPECIFIED.,.F.,.F.,(4,1,1,2,1,1,2,1,1,2,1,1,
1,2,1,4),(-0.944512561193769,-0.872648346172977,-0.800784131152184,-0.728919916131392,
-0.728869688964532,-0.684771350841667,-0.596574674595939,-0.595996813952142,
-0.547739186287062,-0.451223930956902,-0.450945984679296,-0.37924833830928,
-0.235853045569248,-0.234913052558098,-0.156931596251924,-0.000968683639575814),
 .UNSPECIFIED.);
#364=B_SPLINE_CURVE_WITH_KNOTS('',3,(#5966,#5967,#5968,#5969,#5970,#5971,
#5972,#5973,#5974,#5975,#5976,#5977,#5978,#5979,#5980,#5981,#5982,#5983,
#5984,#5985,#5986,#5987,#5988,#5989,#5990,#5991,#5992,#5993,#5994,#5995,
#5996,#5997,#5998,#5999,#6000,#6001,#6002,#6003,#6004,#6005,#6006,#6007),
 .UNSPECIFIED.,.F.,.F.,(4,1,1,1,1,2,1,1,1,1,2,1,1,1,1,1,2,1,1,1,1,1,1,2,
1,1,1,1,1,1,2,1,1,1,4),(-0.423760846299429,-0.420127678935764,-0.416494511572098,
-0.414677927890266,-0.412861344208433,-0.412770289291428,-0.410351622366517,
-0.407932955441606,-0.403095621591784,-0.398258287741962,-0.39807540726309,
-0.393365459327887,-0.388655511392684,-0.379235615522277,-0.369815719651871,
-0.369504576885661,-0.369349005502556,-0.362996483251351,-0.356643961000146,
-0.343938916497737,-0.331233871995327,-0.331104525223333,-0.330975178451339,
-0.330845831679345,-0.316990048602433,-0.30313426552552,-0.289278482448607,
-0.275422699371695,-0.24771113321787,-0.247107072709236,-0.246805042454919,
-0.231980145939599,-0.21715524942428,-0.187505456393641,-0.157855663363002),
 .UNSPECIFIED.);
#365=B_SPLINE_CURVE_WITH_KNOTS('',3,(#6124,#6125,#6126,#6127,#6128,#6129,
#6130,#6131,#6132,#6133,#6134,#6135,#6136,#6137,#6138,#6139,#6140,#6141,
#6142,#6143,#6144,#6145,#6146,#6147,#6148,#6149,#6150,#6151,#6152),
 .UNSPECIFIED.,.F.,.F.,(4,1,1,1,1,2,1,1,1,2,1,1,1,2,1,1,1,1,2,1,1,1,4),
(-1.17208863510477,-1.13058907909844,-1.10983930109527,-1.08941376636076,
-1.06898823162625,-0.987286092688206,-0.985970212464365,-0.928455608244138,
-0.870941004023911,-0.813426399803683,-0.810839199877224,-0.733874937630184,
-0.656910675383144,-0.579946413136104,-0.577446719959096,-0.479863569227403,
-0.382280418495711,-0.333488843129864,-0.284697267764018,-0.28230024160813,
-0.188200161072086,-0.0941000805360432,0.),.UNSPECIFIED.);
#366=VERTEX_POINT('',#1255);
#367=VERTEX_POINT('',#1256);
#368=VERTEX_POINT('',#1271);
#369=VERTEX_POINT('',#1277);
#370=VERTEX_POINT('',#1313);
#371=VERTEX_POINT('',#1332);
#372=VERTEX_POINT('',#1427);
#373=VERTEX_POINT('',#1442);
#374=VERTEX_POINT('',#1465);
#375=VERTEX_POINT('',#1476);
#376=VERTEX_POINT('',#1485);
#377=VERTEX_POINT('',#1492);
#378=VERTEX_POINT('',#1494);
#379=VERTEX_POINT('',#1496);
#380=VERTEX_POINT('',#1514);
#381=VERTEX_POINT('',#1515);
#382=VERTEX_POINT('',#1554);
#383=VERTEX_POINT('',#1555);
#384=VERTEX_POINT('',#1591);
#385=VERTEX_POINT('',#1593);
#386=VERTEX_POINT('',#1631);
#387=VERTEX_POINT('',#1674);
#388=VERTEX_POINT('',#1685);
#389=VERTEX_POINT('',#1694);
#390=VERTEX_POINT('',#1701);
#391=VERTEX_POINT('',#1708);
#392=VERTEX_POINT('',#1712);
#393=VERTEX_POINT('',#1729);
#394=VERTEX_POINT('',#2294);
#395=VERTEX_POINT('',#2301);
#396=VERTEX_POINT('',#2310);
#397=VERTEX_POINT('',#2325);
#398=VERTEX_POINT('',#2327);
#399=VERTEX_POINT('',#2602);
#400=VERTEX_POINT('',#2649);
#401=VERTEX_POINT('',#2651);
#402=VERTEX_POINT('',#2666);
#403=VERTEX_POINT('',#2891);
#404=VERTEX_POINT('',#2911);
#405=VERTEX_POINT('',#2912);
#406=VERTEX_POINT('',#2914);
#407=VERTEX_POINT('',#2916);
#408=VERTEX_POINT('',#3269);
#409=VERTEX_POINT('',#3270);
#410=VERTEX_POINT('',#3283);
#411=VERTEX_POINT('',#3296);
#412=VERTEX_POINT('',#3308);
#413=VERTEX_POINT('',#3320);
#414=VERTEX_POINT('',#3552);
#415=VERTEX_POINT('',#3766);
#416=VERTEX_POINT('',#4068);
#417=VERTEX_POINT('',#4391);
#418=VERTEX_POINT('',#4972);
#419=VERTEX_POINT('',#4973);
#420=VERTEX_POINT('',#4975);
#421=VERTEX_POINT('',#4977);
#422=VERTEX_POINT('',#4989);
#423=VERTEX_POINT('',#4991);
#424=VERTEX_POINT('',#4995);
#425=VERTEX_POINT('',#4997);
#426=VERTEX_POINT('',#5009);
#427=VERTEX_POINT('',#5010);
#428=VERTEX_POINT('',#5023);
#429=VERTEX_POINT('',#5024);
#430=VERTEX_POINT('',#5373);
#431=VERTEX_POINT('',#5432);
#432=VERTEX_POINT('',#5433);
#433=VERTEX_POINT('',#5438);
#434=VERTEX_POINT('',#5442);
#435=VERTEX_POINT('',#5446);
#436=VERTEX_POINT('',#5450);
#437=VERTEX_POINT('',#5452);
#438=VERTEX_POINT('',#5456);
#439=VERTEX_POINT('',#5460);
#440=VERTEX_POINT('',#5464);
#441=VERTEX_POINT('',#5483);
#442=VERTEX_POINT('',#5485);
#443=VERTEX_POINT('',#5628);
#444=VERTEX_POINT('',#5753);
#445=VERTEX_POINT('',#5793);
#446=VERTEX_POINT('',#5964);
#447=VERTEX_POINT('',#6154);
#448=VERTEX_POINT('',#6155);
#449=VERTEX_POINT('',#6160);
#450=VERTEX_POINT('',#6164);
#451=VERTEX_POINT('',#6168);
#452=VERTEX_POINT('',#6188);
#453=EDGE_CURVE('',#366,#367,#309,.T.);
#454=EDGE_CURVE('',#368,#366,#310,.T.);
#455=EDGE_CURVE('',#369,#368,#276,.T.);
#456=EDGE_CURVE('',#367,#369,#311,.T.);
#457=EDGE_CURVE('',#367,#370,#312,.T.);
#458=EDGE_CURVE('',#371,#369,#313,.T.);
#459=EDGE_CURVE('',#371,#370,#314,.T.);
#460=EDGE_CURVE('',#370,#372,#315,.T.);
#461=EDGE_CURVE('',#371,#373,#277,.T.);
#462=EDGE_CURVE('',#372,#373,#316,.T.);
#463=EDGE_CURVE('',#372,#374,#317,.T.);
#464=EDGE_CURVE('',#375,#373,#47,.T.);
#465=EDGE_CURVE('',#374,#375,#318,.T.);
#466=EDGE_CURVE('',#375,#376,#319,.T.);
#467=EDGE_CURVE('',#373,#377,#48,.T.);
#468=EDGE_CURVE('',#377,#378,#49,.T.);
#469=EDGE_CURVE('',#379,#378,#50,.T.);
#470=EDGE_CURVE('',#376,#379,#320,.T.);
#471=EDGE_CURVE('',#380,#381,#278,.T.);
#472=EDGE_CURVE('',#369,#380,#51,.T.);
#473=EDGE_CURVE('',#381,#368,#52,.T.);
#474=EDGE_CURVE('',#382,#383,#279,.T.);
#475=EDGE_CURVE('',#380,#382,#321,.T.);
#476=EDGE_CURVE('',#383,#381,#322,.T.);
#477=EDGE_CURVE('',#384,#383,#280,.T.);
#478=EDGE_CURVE('',#385,#384,#281,.T.);
#479=EDGE_CURVE('',#382,#385,#282,.T.);
#480=EDGE_CURVE('',#386,#377,#283,.T.);
#481=EDGE_CURVE('',#385,#386,#323,.T.);
#482=EDGE_CURVE('',#377,#384,#324,.T.);
#483=EDGE_CURVE('',#386,#371,#53,.T.);
#484=EDGE_CURVE('',#387,#366,#325,.T.);
#485=EDGE_CURVE('',#388,#387,#326,.T.);
#486=EDGE_CURVE('',#368,#388,#54,.T.);
#487=EDGE_CURVE('',#389,#388,#327,.T.);
#488=EDGE_CURVE('',#390,#389,#328,.T.);
#489=EDGE_CURVE('',#390,#391,#55,.T.);
#490=EDGE_CURVE('',#391,#381,#56,.T.);
#491=EDGE_CURVE('',#392,#391,#329,.T.);
#492=EDGE_CURVE('',#383,#392,#57,.T.);
#493=EDGE_CURVE('',#392,#393,#284,.T.);
#494=EDGE_CURVE('',#393,#384,#58,.T.);
#495=EDGE_CURVE('',#378,#393,#330,.T.);
#496=EDGE_CURVE('',#379,#390,#331,.T.);
#497=EDGE_CURVE('',#394,#374,#332,.T.);
#498=EDGE_CURVE('',#395,#394,#333,.T.);
#499=EDGE_CURVE('',#396,#395,#334,.T.);
#500=EDGE_CURVE('',#397,#396,#59,.T.);
#501=EDGE_CURVE('',#398,#397,#335,.T.);
#502=EDGE_CURVE('',#399,#398,#336,.T.);
#503=EDGE_CURVE('',#400,#399,#60,.T.);
#504=EDGE_CURVE('',#401,#400,#337,.T.);
#505=EDGE_CURVE('',#402,#401,#338,.T.);
#506=EDGE_CURVE('',#387,#402,#339,.T.);
#507=EDGE_CURVE('',#376,#403,#340,.T.);
#508=EDGE_CURVE('',#394,#403,#341,.T.);
#509=EDGE_CURVE('',#404,#405,#61,.T.);
#510=EDGE_CURVE('',#405,#406,#285,.T.);
#511=EDGE_CURVE('',#407,#406,#62,.T.);
#512=EDGE_CURVE('',#407,#404,#286,.T.);
#513=EDGE_CURVE('',#408,#409,#342,.T.);
#514=EDGE_CURVE('',#410,#408,#343,.T.);
#515=EDGE_CURVE('',#410,#411,#344,.T.);
#516=EDGE_CURVE('',#411,#412,#345,.T.);
#517=EDGE_CURVE('',#413,#412,#346,.T.);
#518=EDGE_CURVE('',#409,#413,#347,.T.);
#519=EDGE_CURVE('',#408,#395,#348,.T.);
#520=EDGE_CURVE('',#414,#395,#349,.T.);
#521=EDGE_CURVE('',#414,#410,#350,.T.);
#522=EDGE_CURVE('',#412,#415,#351,.T.);
#523=EDGE_CURVE('',#401,#415,#352,.T.);
#524=EDGE_CURVE('',#401,#413,#353,.T.);
#525=EDGE_CURVE('',#416,#389,#354,.T.);
#526=EDGE_CURVE('',#415,#416,#355,.T.);
#527=EDGE_CURVE('',#403,#414,#356,.T.);
#528=EDGE_CURVE('',#395,#417,#357,.T.);
#529=EDGE_CURVE('',#417,#401,#358,.T.);
#530=EDGE_CURVE('',#416,#402,#359,.T.);
#531=EDGE_CURVE('',#418,#419,#287,.T.);
#532=EDGE_CURVE('',#419,#420,#63,.T.);
#533=EDGE_CURVE('',#421,#420,#288,.T.);
#534=EDGE_CURVE('',#421,#418,#64,.T.);
#535=EDGE_CURVE('',#420,#422,#289,.T.);
#536=EDGE_CURVE('',#423,#422,#290,.T.);
#537=EDGE_CURVE('',#423,#421,#291,.T.);
#538=EDGE_CURVE('',#424,#423,#65,.T.);
#539=EDGE_CURVE('',#422,#425,#66,.T.);
#540=EDGE_CURVE('',#425,#424,#292,.T.);
#541=EDGE_CURVE('',#426,#427,#293,.T.);
#542=EDGE_CURVE('',#427,#419,#294,.T.);
#543=EDGE_CURVE('',#418,#426,#295,.T.);
#544=EDGE_CURVE('',#428,#429,#296,.T.);
#545=EDGE_CURVE('',#429,#424,#297,.T.);
#546=EDGE_CURVE('',#425,#428,#298,.T.);
#547=EDGE_CURVE('',#396,#430,#360,.T.);
#548=EDGE_CURVE('',#430,#400,#361,.T.);
#549=EDGE_CURVE('',#431,#432,#67,.T.);
#550=EDGE_CURVE('',#423,#431,#68,.T.);
#551=EDGE_CURVE('',#432,#424,#69,.T.);
#552=EDGE_CURVE('',#433,#431,#299,.T.);
#553=EDGE_CURVE('',#433,#421,#70,.T.);
#554=EDGE_CURVE('',#434,#433,#71,.T.);
#555=EDGE_CURVE('',#418,#434,#72,.T.);
#556=EDGE_CURVE('',#435,#434,#300,.T.);
#557=EDGE_CURVE('',#435,#426,#73,.T.);
#558=EDGE_CURVE('',#436,#427,#74,.T.);
#559=EDGE_CURVE('',#437,#436,#301,.T.);
#560=EDGE_CURVE('',#428,#437,#75,.T.);
#561=EDGE_CURVE('',#426,#438,#76,.T.);
#562=EDGE_CURVE('',#436,#438,#302,.T.);
#563=EDGE_CURVE('',#437,#439,#303,.T.);
#564=EDGE_CURVE('',#439,#429,#77,.T.);
#565=EDGE_CURVE('',#432,#440,#304,.T.);
#566=EDGE_CURVE('',#429,#440,#78,.T.);
#567=EDGE_CURVE('',#441,#399,#79,.T.);
#568=EDGE_CURVE('',#441,#442,#80,.T.);
#569=EDGE_CURVE('',#400,#442,#81,.T.);
#570=EDGE_CURVE('',#430,#443,#82,.T.);
#571=EDGE_CURVE('',#442,#443,#362,.T.);
#572=EDGE_CURVE('',#443,#444,#363,.T.);
#573=EDGE_CURVE('',#444,#396,#83,.T.);
#574=EDGE_CURVE('',#444,#445,#84,.T.);
#575=EDGE_CURVE('',#397,#445,#85,.T.);
#576=EDGE_CURVE('',#446,#398,#86,.T.);
#577=EDGE_CURVE('',#445,#446,#364,.T.);
#578=EDGE_CURVE('',#446,#441,#365,.T.);
#579=EDGE_CURVE('',#447,#448,#87,.T.);
#580=EDGE_CURVE('',#431,#448,#88,.T.);
#581=EDGE_CURVE('',#447,#432,#89,.T.);
#582=EDGE_CURVE('',#433,#449,#90,.T.);
#583=EDGE_CURVE('',#448,#449,#305,.T.);
#584=EDGE_CURVE('',#434,#450,#91,.T.);
#585=EDGE_CURVE('',#449,#450,#92,.T.);
#586=EDGE_CURVE('',#435,#451,#93,.T.);
#587=EDGE_CURVE('',#450,#451,#306,.T.);
#588=EDGE_CURVE('',#406,#435,#94,.T.);
#589=EDGE_CURVE('',#438,#406,#95,.T.);
#590=EDGE_CURVE('',#438,#439,#307,.T.);
#591=EDGE_CURVE('',#440,#405,#96,.T.);
#592=EDGE_CURVE('',#405,#439,#97,.T.);
#593=EDGE_CURVE('',#452,#440,#98,.T.);
#594=EDGE_CURVE('',#452,#447,#308,.T.);
#595=EDGE_CURVE('',#451,#407,#99,.T.);
#596=EDGE_CURVE('',#404,#452,#100,.T.);
#597=ORIENTED_EDGE('',*,*,#453,.F.);
#598=ORIENTED_EDGE('',*,*,#454,.F.);
#599=ORIENTED_EDGE('',*,*,#455,.F.);
#600=ORIENTED_EDGE('',*,*,#456,.F.);
#601=ORIENTED_EDGE('',*,*,#457,.F.);
#602=ORIENTED_EDGE('',*,*,#456,.T.);
#603=ORIENTED_EDGE('',*,*,#458,.F.);
#604=ORIENTED_EDGE('',*,*,#459,.T.);
#605=ORIENTED_EDGE('',*,*,#460,.F.);
#606=ORIENTED_EDGE('',*,*,#459,.F.);
#607=ORIENTED_EDGE('',*,*,#461,.T.);
#608=ORIENTED_EDGE('',*,*,#462,.F.);
#609=ORIENTED_EDGE('',*,*,#463,.F.);
#610=ORIENTED_EDGE('',*,*,#462,.T.);
#611=ORIENTED_EDGE('',*,*,#464,.F.);
#612=ORIENTED_EDGE('',*,*,#465,.F.);
#613=ORIENTED_EDGE('',*,*,#466,.F.);
#614=ORIENTED_EDGE('',*,*,#464,.T.);
#615=ORIENTED_EDGE('',*,*,#467,.T.);
#616=ORIENTED_EDGE('',*,*,#468,.T.);
#617=ORIENTED_EDGE('',*,*,#469,.F.);
#618=ORIENTED_EDGE('',*,*,#470,.F.);
#619=ORIENTED_EDGE('',*,*,#471,.F.);
#620=ORIENTED_EDGE('',*,*,#472,.F.);
#621=ORIENTED_EDGE('',*,*,#455,.T.);
#622=ORIENTED_EDGE('',*,*,#473,.F.);
#623=ORIENTED_EDGE('',*,*,#474,.F.);
#624=ORIENTED_EDGE('',*,*,#475,.F.);
#625=ORIENTED_EDGE('',*,*,#471,.T.);
#626=ORIENTED_EDGE('',*,*,#476,.F.);
#627=ORIENTED_EDGE('',*,*,#474,.T.);
#628=ORIENTED_EDGE('',*,*,#477,.F.);
#629=ORIENTED_EDGE('',*,*,#478,.F.);
#630=ORIENTED_EDGE('',*,*,#479,.F.);
#631=ORIENTED_EDGE('',*,*,#480,.F.);
#632=ORIENTED_EDGE('',*,*,#481,.F.);
#633=ORIENTED_EDGE('',*,*,#478,.T.);
#634=ORIENTED_EDGE('',*,*,#482,.F.);
#635=ORIENTED_EDGE('',*,*,#480,.T.);
#636=ORIENTED_EDGE('',*,*,#467,.F.);
#637=ORIENTED_EDGE('',*,*,#461,.F.);
#638=ORIENTED_EDGE('',*,*,#483,.F.);
#639=ORIENTED_EDGE('',*,*,#484,.F.);
#640=ORIENTED_EDGE('',*,*,#485,.F.);
#641=ORIENTED_EDGE('',*,*,#486,.F.);
#642=ORIENTED_EDGE('',*,*,#454,.T.);
#643=ORIENTED_EDGE('',*,*,#487,.F.);
#644=ORIENTED_EDGE('',*,*,#488,.F.);
#645=ORIENTED_EDGE('',*,*,#489,.T.);
#646=ORIENTED_EDGE('',*,*,#490,.T.);
#647=ORIENTED_EDGE('',*,*,#473,.T.);
#648=ORIENTED_EDGE('',*,*,#486,.T.);
#649=ORIENTED_EDGE('',*,*,#476,.T.);
#650=ORIENTED_EDGE('',*,*,#490,.F.);
#651=ORIENTED_EDGE('',*,*,#491,.F.);
#652=ORIENTED_EDGE('',*,*,#492,.F.);
#653=ORIENTED_EDGE('',*,*,#477,.T.);
#654=ORIENTED_EDGE('',*,*,#492,.T.);
#655=ORIENTED_EDGE('',*,*,#493,.T.);
#656=ORIENTED_EDGE('',*,*,#494,.T.);
#657=ORIENTED_EDGE('',*,*,#482,.T.);
#658=ORIENTED_EDGE('',*,*,#494,.F.);
#659=ORIENTED_EDGE('',*,*,#495,.F.);
#660=ORIENTED_EDGE('',*,*,#468,.F.);
#661=ORIENTED_EDGE('',*,*,#472,.T.);
#662=ORIENTED_EDGE('',*,*,#475,.T.);
#663=ORIENTED_EDGE('',*,*,#479,.T.);
#664=ORIENTED_EDGE('',*,*,#481,.T.);
#665=ORIENTED_EDGE('',*,*,#483,.T.);
#666=ORIENTED_EDGE('',*,*,#458,.T.);
#667=ORIENTED_EDGE('',*,*,#496,.F.);
#668=ORIENTED_EDGE('',*,*,#469,.T.);
#669=ORIENTED_EDGE('',*,*,#495,.T.);
#670=ORIENTED_EDGE('',*,*,#493,.F.);
#671=ORIENTED_EDGE('',*,*,#491,.T.);
#672=ORIENTED_EDGE('',*,*,#489,.F.);
#673=ORIENTED_EDGE('',*,*,#484,.T.);
#674=ORIENTED_EDGE('',*,*,#453,.T.);
#675=ORIENTED_EDGE('',*,*,#457,.T.);
#676=ORIENTED_EDGE('',*,*,#460,.T.);
#677=ORIENTED_EDGE('',*,*,#463,.T.);
#678=ORIENTED_EDGE('',*,*,#497,.F.);
#679=ORIENTED_EDGE('',*,*,#498,.F.);
#680=ORIENTED_EDGE('',*,*,#499,.F.);
#681=ORIENTED_EDGE('',*,*,#500,.F.);
#682=ORIENTED_EDGE('',*,*,#501,.F.);
#683=ORIENTED_EDGE('',*,*,#502,.F.);
#684=ORIENTED_EDGE('',*,*,#503,.F.);
#685=ORIENTED_EDGE('',*,*,#504,.F.);
#686=ORIENTED_EDGE('',*,*,#505,.F.);
#687=ORIENTED_EDGE('',*,*,#506,.F.);
#688=ORIENTED_EDGE('',*,*,#465,.T.);
#689=ORIENTED_EDGE('',*,*,#466,.T.);
#690=ORIENTED_EDGE('',*,*,#507,.T.);
#691=ORIENTED_EDGE('',*,*,#508,.F.);
#692=ORIENTED_EDGE('',*,*,#497,.T.);
#693=ORIENTED_EDGE('',*,*,#509,.T.);
#694=ORIENTED_EDGE('',*,*,#510,.T.);
#695=ORIENTED_EDGE('',*,*,#511,.F.);
#696=ORIENTED_EDGE('',*,*,#512,.T.);
#697=ORIENTED_EDGE('',*,*,#513,.F.);
#698=ORIENTED_EDGE('',*,*,#514,.F.);
#699=ORIENTED_EDGE('',*,*,#515,.T.);
#700=ORIENTED_EDGE('',*,*,#516,.T.);
#701=ORIENTED_EDGE('',*,*,#517,.F.);
#702=ORIENTED_EDGE('',*,*,#518,.F.);
#703=ORIENTED_EDGE('',*,*,#514,.T.);
#704=ORIENTED_EDGE('',*,*,#519,.T.);
#705=ORIENTED_EDGE('',*,*,#520,.F.);
#706=ORIENTED_EDGE('',*,*,#521,.T.);
#707=ORIENTED_EDGE('',*,*,#517,.T.);
#708=ORIENTED_EDGE('',*,*,#522,.T.);
#709=ORIENTED_EDGE('',*,*,#523,.F.);
#710=ORIENTED_EDGE('',*,*,#524,.T.);
#711=ORIENTED_EDGE('',*,*,#488,.T.);
#712=ORIENTED_EDGE('',*,*,#525,.F.);
#713=ORIENTED_EDGE('',*,*,#526,.F.);
#714=ORIENTED_EDGE('',*,*,#522,.F.);
#715=ORIENTED_EDGE('',*,*,#516,.F.);
#716=ORIENTED_EDGE('',*,*,#515,.F.);
#717=ORIENTED_EDGE('',*,*,#521,.F.);
#718=ORIENTED_EDGE('',*,*,#527,.F.);
#719=ORIENTED_EDGE('',*,*,#507,.F.);
#720=ORIENTED_EDGE('',*,*,#470,.T.);
#721=ORIENTED_EDGE('',*,*,#496,.T.);
#722=ORIENTED_EDGE('',*,*,#528,.F.);
#723=ORIENTED_EDGE('',*,*,#519,.F.);
#724=ORIENTED_EDGE('',*,*,#513,.T.);
#725=ORIENTED_EDGE('',*,*,#518,.T.);
#726=ORIENTED_EDGE('',*,*,#524,.F.);
#727=ORIENTED_EDGE('',*,*,#529,.F.);
#728=ORIENTED_EDGE('',*,*,#527,.T.);
#729=ORIENTED_EDGE('',*,*,#520,.T.);
#730=ORIENTED_EDGE('',*,*,#498,.T.);
#731=ORIENTED_EDGE('',*,*,#508,.T.);
#732=ORIENTED_EDGE('',*,*,#485,.T.);
#733=ORIENTED_EDGE('',*,*,#506,.T.);
#734=ORIENTED_EDGE('',*,*,#530,.F.);
#735=ORIENTED_EDGE('',*,*,#525,.T.);
#736=ORIENTED_EDGE('',*,*,#487,.T.);
#737=ORIENTED_EDGE('',*,*,#526,.T.);
#738=ORIENTED_EDGE('',*,*,#530,.T.);
#739=ORIENTED_EDGE('',*,*,#505,.T.);
#740=ORIENTED_EDGE('',*,*,#523,.T.);
#741=ORIENTED_EDGE('',*,*,#531,.T.);
#742=ORIENTED_EDGE('',*,*,#532,.T.);
#743=ORIENTED_EDGE('',*,*,#533,.F.);
#744=ORIENTED_EDGE('',*,*,#534,.T.);
#745=ORIENTED_EDGE('',*,*,#533,.T.);
#746=ORIENTED_EDGE('',*,*,#535,.T.);
#747=ORIENTED_EDGE('',*,*,#536,.F.);
#748=ORIENTED_EDGE('',*,*,#537,.T.);
#749=ORIENTED_EDGE('',*,*,#538,.T.);
#750=ORIENTED_EDGE('',*,*,#536,.T.);
#751=ORIENTED_EDGE('',*,*,#539,.T.);
#752=ORIENTED_EDGE('',*,*,#540,.T.);
#753=ORIENTED_EDGE('',*,*,#541,.T.);
#754=ORIENTED_EDGE('',*,*,#542,.T.);
#755=ORIENTED_EDGE('',*,*,#531,.F.);
#756=ORIENTED_EDGE('',*,*,#543,.T.);
#757=ORIENTED_EDGE('',*,*,#544,.T.);
#758=ORIENTED_EDGE('',*,*,#545,.T.);
#759=ORIENTED_EDGE('',*,*,#540,.F.);
#760=ORIENTED_EDGE('',*,*,#546,.T.);
#761=ORIENTED_EDGE('',*,*,#547,.F.);
#762=ORIENTED_EDGE('',*,*,#499,.T.);
#763=ORIENTED_EDGE('',*,*,#528,.T.);
#764=ORIENTED_EDGE('',*,*,#529,.T.);
#765=ORIENTED_EDGE('',*,*,#504,.T.);
#766=ORIENTED_EDGE('',*,*,#548,.F.);
#767=ORIENTED_EDGE('',*,*,#549,.F.);
#768=ORIENTED_EDGE('',*,*,#550,.F.);
#769=ORIENTED_EDGE('',*,*,#538,.F.);
#770=ORIENTED_EDGE('',*,*,#551,.F.);
#771=ORIENTED_EDGE('',*,*,#552,.F.);
#772=ORIENTED_EDGE('',*,*,#553,.T.);
#773=ORIENTED_EDGE('',*,*,#537,.F.);
#774=ORIENTED_EDGE('',*,*,#550,.T.);
#775=ORIENTED_EDGE('',*,*,#554,.F.);
#776=ORIENTED_EDGE('',*,*,#555,.F.);
#777=ORIENTED_EDGE('',*,*,#534,.F.);
#778=ORIENTED_EDGE('',*,*,#553,.F.);
#779=ORIENTED_EDGE('',*,*,#556,.F.);
#780=ORIENTED_EDGE('',*,*,#557,.T.);
#781=ORIENTED_EDGE('',*,*,#543,.F.);
#782=ORIENTED_EDGE('',*,*,#555,.T.);
#783=ORIENTED_EDGE('',*,*,#558,.F.);
#784=ORIENTED_EDGE('',*,*,#559,.F.);
#785=ORIENTED_EDGE('',*,*,#560,.F.);
#786=ORIENTED_EDGE('',*,*,#546,.F.);
#787=ORIENTED_EDGE('',*,*,#539,.F.);
#788=ORIENTED_EDGE('',*,*,#535,.F.);
#789=ORIENTED_EDGE('',*,*,#532,.F.);
#790=ORIENTED_EDGE('',*,*,#542,.F.);
#791=ORIENTED_EDGE('',*,*,#558,.T.);
#792=ORIENTED_EDGE('',*,*,#541,.F.);
#793=ORIENTED_EDGE('',*,*,#561,.T.);
#794=ORIENTED_EDGE('',*,*,#562,.F.);
#795=ORIENTED_EDGE('',*,*,#563,.T.);
#796=ORIENTED_EDGE('',*,*,#564,.T.);
#797=ORIENTED_EDGE('',*,*,#544,.F.);
#798=ORIENTED_EDGE('',*,*,#560,.T.);
#799=ORIENTED_EDGE('',*,*,#565,.F.);
#800=ORIENTED_EDGE('',*,*,#551,.T.);
#801=ORIENTED_EDGE('',*,*,#545,.F.);
#802=ORIENTED_EDGE('',*,*,#566,.T.);
#803=ORIENTED_EDGE('',*,*,#567,.F.);
#804=ORIENTED_EDGE('',*,*,#568,.T.);
#805=ORIENTED_EDGE('',*,*,#569,.F.);
#806=ORIENTED_EDGE('',*,*,#503,.T.);
#807=ORIENTED_EDGE('',*,*,#570,.F.);
#808=ORIENTED_EDGE('',*,*,#548,.T.);
#809=ORIENTED_EDGE('',*,*,#569,.T.);
#810=ORIENTED_EDGE('',*,*,#571,.T.);
#811=ORIENTED_EDGE('',*,*,#570,.T.);
#812=ORIENTED_EDGE('',*,*,#572,.T.);
#813=ORIENTED_EDGE('',*,*,#573,.T.);
#814=ORIENTED_EDGE('',*,*,#547,.T.);
#815=ORIENTED_EDGE('',*,*,#573,.F.);
#816=ORIENTED_EDGE('',*,*,#574,.T.);
#817=ORIENTED_EDGE('',*,*,#575,.F.);
#818=ORIENTED_EDGE('',*,*,#500,.T.);
#819=ORIENTED_EDGE('',*,*,#576,.T.);
#820=ORIENTED_EDGE('',*,*,#501,.T.);
#821=ORIENTED_EDGE('',*,*,#575,.T.);
#822=ORIENTED_EDGE('',*,*,#577,.T.);
#823=ORIENTED_EDGE('',*,*,#576,.F.);
#824=ORIENTED_EDGE('',*,*,#578,.T.);
#825=ORIENTED_EDGE('',*,*,#567,.T.);
#826=ORIENTED_EDGE('',*,*,#502,.T.);
#827=ORIENTED_EDGE('',*,*,#579,.T.);
#828=ORIENTED_EDGE('',*,*,#580,.F.);
#829=ORIENTED_EDGE('',*,*,#549,.T.);
#830=ORIENTED_EDGE('',*,*,#581,.F.);
#831=ORIENTED_EDGE('',*,*,#582,.F.);
#832=ORIENTED_EDGE('',*,*,#552,.T.);
#833=ORIENTED_EDGE('',*,*,#580,.T.);
#834=ORIENTED_EDGE('',*,*,#583,.T.);
#835=ORIENTED_EDGE('',*,*,#584,.F.);
#836=ORIENTED_EDGE('',*,*,#554,.T.);
#837=ORIENTED_EDGE('',*,*,#582,.T.);
#838=ORIENTED_EDGE('',*,*,#585,.T.);
#839=ORIENTED_EDGE('',*,*,#586,.F.);
#840=ORIENTED_EDGE('',*,*,#556,.T.);
#841=ORIENTED_EDGE('',*,*,#584,.T.);
#842=ORIENTED_EDGE('',*,*,#587,.T.);
#843=ORIENTED_EDGE('',*,*,#588,.F.);
#844=ORIENTED_EDGE('',*,*,#589,.F.);
#845=ORIENTED_EDGE('',*,*,#561,.F.);
#846=ORIENTED_EDGE('',*,*,#557,.F.);
#847=ORIENTED_EDGE('',*,*,#562,.T.);
#848=ORIENTED_EDGE('',*,*,#590,.T.);
#849=ORIENTED_EDGE('',*,*,#563,.F.);
#850=ORIENTED_EDGE('',*,*,#559,.T.);
#851=ORIENTED_EDGE('',*,*,#591,.F.);
#852=ORIENTED_EDGE('',*,*,#566,.F.);
#853=ORIENTED_EDGE('',*,*,#564,.F.);
#854=ORIENTED_EDGE('',*,*,#592,.F.);
#855=ORIENTED_EDGE('',*,*,#581,.T.);
#856=ORIENTED_EDGE('',*,*,#565,.T.);
#857=ORIENTED_EDGE('',*,*,#593,.F.);
#858=ORIENTED_EDGE('',*,*,#594,.T.);
#859=ORIENTED_EDGE('',*,*,#512,.F.);
#860=ORIENTED_EDGE('',*,*,#595,.F.);
#861=ORIENTED_EDGE('',*,*,#587,.F.);
#862=ORIENTED_EDGE('',*,*,#585,.F.);
#863=ORIENTED_EDGE('',*,*,#583,.F.);
#864=ORIENTED_EDGE('',*,*,#579,.F.);
#865=ORIENTED_EDGE('',*,*,#594,.F.);
#866=ORIENTED_EDGE('',*,*,#596,.F.);
#867=ORIENTED_EDGE('',*,*,#578,.F.);
#868=ORIENTED_EDGE('',*,*,#577,.F.);
#869=ORIENTED_EDGE('',*,*,#574,.F.);
#870=ORIENTED_EDGE('',*,*,#572,.F.);
#871=ORIENTED_EDGE('',*,*,#571,.F.);
#872=ORIENTED_EDGE('',*,*,#568,.F.);
#873=ORIENTED_EDGE('',*,*,#588,.T.);
#874=ORIENTED_EDGE('',*,*,#586,.T.);
#875=ORIENTED_EDGE('',*,*,#595,.T.);
#876=ORIENTED_EDGE('',*,*,#511,.T.);
#877=ORIENTED_EDGE('',*,*,#510,.F.);
#878=ORIENTED_EDGE('',*,*,#592,.T.);
#879=ORIENTED_EDGE('',*,*,#590,.F.);
#880=ORIENTED_EDGE('',*,*,#589,.T.);
#881=ORIENTED_EDGE('',*,*,#593,.T.);
#882=ORIENTED_EDGE('',*,*,#591,.T.);
#883=ORIENTED_EDGE('',*,*,#509,.F.);
#884=ORIENTED_EDGE('',*,*,#596,.T.);
#885=B_SPLINE_SURFACE_WITH_KNOTS('',3,3,((#1225,#1226,#1227,#1228,#1229,
#1230),(#1231,#1232,#1233,#1234,#1235,#1236),(#1237,#1238,#1239,#1240,#1241,
#1242),(#1243,#1244,#1245,#1246,#1247,#1248),(#1249,#1250,#1251,#1252,#1253,
#1254)),.UNSPECIFIED.,.F.,.F.,.F.,(4,1,4),(4,1,1,4),(0.,0.5,1.),(-0.198654939882409,
-0.113517108504234,-0.0567585542521169,0.),.UNSPECIFIED.);
#886=B_SPLINE_SURFACE_WITH_KNOTS('',3,3,((#1285,#1286,#1287,#1288),(#1289,
#1290,#1291,#1292),(#1293,#1294,#1295,#1296),(#1297,#1298,#1299,#1300),
(#1301,#1302,#1303,#1304),(#1305,#1306,#1307,#1308),(#1309,#1310,#1311,
#1312)),.UNSPECIFIED.,.F.,.F.,.F.,(4,1,1,1,4),(4,4),(0.0281259374028547,
0.162947098144893,0.432589419628971,0.702231741113048,0.971874062597125),
(0.804463775753325,1.),.UNSPECIFIED.);
#887=B_SPLINE_SURFACE_WITH_KNOTS('',3,3,((#1397,#1398,#1399,#1400,#1401,
#1402),(#1403,#1404,#1405,#1406,#1407,#1408),(#1409,#1410,#1411,#1412,#1413,
#1414),(#1415,#1416,#1417,#1418,#1419,#1420),(#1421,#1422,#1423,#1424,#1425,
#1426)),.UNSPECIFIED.,.F.,.F.,.F.,(4,1,4),(4,1,1,4),(0.,0.5,1.),(1.07740879488273,
1.16253588638621,1.21926727240286,1.27599865841952),.UNSPECIFIED.);
#888=B_SPLINE_SURFACE_WITH_KNOTS('',3,3,((#1449,#1450,#1451,#1452),(#1453,
#1454,#1455,#1456),(#1457,#1458,#1459,#1460),(#1461,#1462,#1463,#1464)),
 .UNSPECIFIED.,.F.,.F.,.F.,(4,4),(4,4),(0.354028372788404,0.652100310968299),
(0.863461837430228,1.),.UNSPECIFIED.);
#889=B_SPLINE_SURFACE_WITH_KNOTS('',3,1,((#1504,#1505),(#1506,#1507),(#1508,
#1509),(#1510,#1511),(#1512,#1513)),.UNSPECIFIED.,.F.,.F.,.F.,(4,1,4),(2,
2),(0.,0.5,1.),(0.,1.50624000000003),.UNSPECIFIED.);
#890=B_SPLINE_SURFACE_WITH_KNOTS('',3,3,((#1519,#1520,#1521,#1522,#1523,
#1524,#1525),(#1526,#1527,#1528,#1529,#1530,#1531,#1532),(#1533,#1534,#1535,
#1536,#1537,#1538,#1539),(#1540,#1541,#1542,#1543,#1544,#1545,#1546),(#1547,
#1548,#1549,#1550,#1551,#1552,#1553)),.UNSPECIFIED.,.F.,.F.,.F.,(4,1,4),
(4,1,1,1,4),(0.,0.5,1.),(7.48752149160171E-16,0.245036377820713,0.490072755641425,
0.673850039006959,0.857627322372493),.UNSPECIFIED.);
#891=B_SPLINE_SURFACE_WITH_KNOTS('',3,3,((#1571,#1572,#1573,#1574),(#1575,
#1576,#1577,#1578),(#1579,#1580,#1581,#1582),(#1583,#1584,#1585,#1586),
(#1587,#1588,#1589,#1590)),.UNSPECIFIED.,.F.,.F.,.F.,(4,1,4),(4,4),(0.,
0.5,1.),(0.,0.0460044877808927),.UNSPECIFIED.);
#892=B_SPLINE_SURFACE_WITH_KNOTS('',3,3,((#1596,#1597,#1598,#1599,#1600,
#1601,#1602),(#1603,#1604,#1605,#1606,#1607,#1608,#1609),(#1610,#1611,#1612,
#1613,#1614,#1615,#1616),(#1617,#1618,#1619,#1620,#1621,#1622,#1623),(#1624,
#1625,#1626,#1627,#1628,#1629,#1630)),.UNSPECIFIED.,.F.,.F.,.F.,(4,1,4),
(4,1,1,1,4),(0.,0.5,1.),(2.65845448230435E-15,0.183777665499191,0.367555330998379,
0.612592218330629,0.85762910566288),.UNSPECIFIED.);
#893=B_SPLINE_SURFACE_WITH_KNOTS('',3,1,((#1647,#1648),(#1649,#1650),(#1651,
#1652),(#1653,#1654),(#1655,#1656)),.UNSPECIFIED.,.F.,.F.,.F.,(4,1,4),(2,
2),(0.,0.5,1.),(0.,1.50624000000002),.UNSPECIFIED.);
#894=B_SPLINE_SURFACE_WITH_KNOTS('',3,3,((#1658,#1659,#1660,#1661),(#1662,
#1663,#1664,#1665),(#1666,#1667,#1668,#1669),(#1670,#1671,#1672,#1673)),
 .UNSPECIFIED.,.F.,.F.,.F.,(4,4),(4,4),(0.347899689031674,0.645971627211622),
(0.863461837430218,1.),.UNSPECIFIED.);
#895=B_SPLINE_SURFACE_WITH_KNOTS('',5,1,((#1747,#1748),(#1749,#1750),(#1751,
#1752),(#1753,#1754),(#1755,#1756),(#1757,#1758),(#1759,#1760),(#1761,#1762),
(#1763,#1764),(#1765,#1766),(#1767,#1768),(#1769,#1770),(#1771,#1772),(#1773,
#1774),(#1775,#1776)),.UNSPECIFIED.,.F.,.F.,.F.,(6,1,1,1,1,1,1,1,1,1,6),
(2,2),(-1.,-0.9,-0.8,-0.7,-0.6,-0.5,-0.4,-0.3,-0.2,-0.1,0.),(0.,2.60726400000003),
 .UNSPECIFIED.);
#896=B_SPLINE_SURFACE_WITH_KNOTS('',5,1,((#1777,#1778),(#1779,#1780),(#1781,
#1782),(#1783,#1784),(#1785,#1786),(#1787,#1788),(#1789,#1790),(#1791,#1792),
(#1793,#1794),(#1795,#1796),(#1797,#1798),(#1799,#1800),(#1801,#1802),(#1803,
#1804),(#1805,#1806)),.UNSPECIFIED.,.F.,.F.,.F.,(6,1,1,1,1,1,1,1,1,1,6),
(2,2),(0.,0.1,0.2,0.3,0.4,0.5,0.6,0.7,0.8,0.9,1.),(0.,2.60726400000003),
 .UNSPECIFIED.);
#897=B_SPLINE_SURFACE_WITH_KNOTS('',3,3,((#1859,#1860,#1861,#1862,#1863,
#1864,#1865,#1866,#1867,#1868,#1869,#1870,#1871,#1872,#1873,#1874,#1875,
#1876,#1877,#1878,#1879,#1880,#1881,#1882,#1883,#1884,#1885,#1886,#1887),
(#1888,#1889,#1890,#1891,#1892,#1893,#1894,#1895,#1896,#1897,#1898,#1899,
#1900,#1901,#1902,#1903,#1904,#1905,#1906,#1907,#1908,#1909,#1910,#1911,
#1912,#1913,#1914,#1915,#1916),(#1917,#1918,#1919,#1920,#1921,#1922,#1923,
#1924,#1925,#1926,#1927,#1928,#1929,#1930,#1931,#1932,#1933,#1934,#1935,
#1936,#1937,#1938,#1939,#1940,#1941,#1942,#1943,#1944,#1945),(#1946,#1947,
#1948,#1949,#1950,#1951,#1952,#1953,#1954,#1955,#1956,#1957,#1958,#1959,
#1960,#1961,#1962,#1963,#1964,#1965,#1966,#1967,#1968,#1969,#1970,#1971,
#1972,#1973,#1974),(#1975,#1976,#1977,#1978,#1979,#1980,#1981,#1982,#1983,
#1984,#1985,#1986,#1987,#1988,#1989,#1990,#1991,#1992,#1993,#1994,#1995,
#1996,#1997,#1998,#1999,#2000,#2001,#2002,#2003),(#2004,#2005,#2006,#2007,
#2008,#2009,#2010,#2011,#2012,#2013,#2014,#2015,#2016,#2017,#2018,#2019,
#2020,#2021,#2022,#2023,#2024,#2025,#2026,#2027,#2028,#2029,#2030,#2031,
#2032),(#2033,#2034,#2035,#2036,#2037,#2038,#2039,#2040,#2041,#2042,#2043,
#2044,#2045,#2046,#2047,#2048,#2049,#2050,#2051,#2052,#2053,#2054,#2055,
#2056,#2057,#2058,#2059,#2060,#2061),(#2062,#2063,#2064,#2065,#2066,#2067,
#2068,#2069,#2070,#2071,#2072,#2073,#2074,#2075,#2076,#2077,#2078,#2079,
#2080,#2081,#2082,#2083,#2084,#2085,#2086,#2087,#2088,#2089,#2090),(#2091,
#2092,#2093,#2094,#2095,#2096,#2097,#2098,#2099,#2100,#2101,#2102,#2103,
#2104,#2105,#2106,#2107,#2108,#2109,#2110,#2111,#2112,#2113,#2114,#2115,
#2116,#2117,#2118,#2119),(#2120,#2121,#2122,#2123,#2124,#2125,#2126,#2127,
#2128,#2129,#2130,#2131,#2132,#2133,#2134,#2135,#2136,#2137,#2138,#2139,
#2140,#2141,#2142,#2143,#2144,#2145,#2146,#2147,#2148),(#2149,#2150,#2151,
#2152,#2153,#2154,#2155,#2156,#2157,#2158,#2159,#2160,#2161,#2162,#2163,
#2164,#2165,#2166,#2167,#2168,#2169,#2170,#2171,#2172,#2173,#2174,#2175,
#2176,#2177),(#2178,#2179,#2180,#2181,#2182,#2183,#2184,#2185,#2186,#2187,
#2188,#2189,#2190,#2191,#2192,#2193,#2194,#2195,#2196,#2197,#2198,#2199,
#2200,#2201,#2202,#2203,#2204,#2205,#2206),(#2207,#2208,#2209,#2210,#2211,
#2212,#2213,#2214,#2215,#2216,#2217,#2218,#2219,#2220,#2221,#2222,#2223,
#2224,#2225,#2226,#2227,#2228,#2229,#2230,#2231,#2232,#2233,#2234,#2235),
(#2236,#2237,#2238,#2239,#2240,#2241,#2242,#2243,#2244,#2245,#2246,#2247,
#2248,#2249,#2250,#2251,#2252,#2253,#2254,#2255,#2256,#2257,#2258,#2259,
#2260,#2261,#2262,#2263,#2264),(#2265,#2266,#2267,#2268,#2269,#2270,#2271,
#2272,#2273,#2274,#2275,#2276,#2277,#2278,#2279,#2280,#2281,#2282,#2283,
#2284,#2285,#2286,#2287,#2288,#2289,#2290,#2291,#2292,#2293)),
 .UNSPECIFIED.,.F.,.F.,.F.,(4,1,1,1,1,1,1,1,2,2,4),(4,2,2,1,1,1,1,1,1,1,
1,1,1,1,1,1,1,1,1,1,2,2,4),(0.,0.999999999999997,2.,3.,4.,5.,6.,6.5,6.75,
6.87499999999999,7.),(0.,0.125000000000001,0.250000000000001,0.499999999999999,
0.749999999999997,0.999999999999995,1.49999999999999,1.99999999999999,2.99999999999999,
3.99999999999999,4.99999999999999,5.99999999999999,6.99999999999999,7.99999999999999,
8.99999999999999,9.99999999999999,10.5,11.,11.25,11.5,11.75,11.875,12.),
 .UNSPECIFIED.);
#898=B_SPLINE_SURFACE_WITH_KNOTS('',3,3,((#2681,#2682,#2683,#2684,#2685,
#2686,#2687,#2688,#2689,#2690,#2691,#2692,#2693,#2694,#2695,#2696,#2697,
#2698,#2699,#2700,#2701),(#2702,#2703,#2704,#2705,#2706,#2707,#2708,#2709,
#2710,#2711,#2712,#2713,#2714,#2715,#2716,#2717,#2718,#2719,#2720,#2721,
#2722),(#2723,#2724,#2725,#2726,#2727,#2728,#2729,#2730,#2731,#2732,#2733,
#2734,#2735,#2736,#2737,#2738,#2739,#2740,#2741,#2742,#2743),(#2744,#2745,
#2746,#2747,#2748,#2749,#2750,#2751,#2752,#2753,#2754,#2755,#2756,#2757,
#2758,#2759,#2760,#2761,#2762,#2763,#2764),(#2765,#2766,#2767,#2768,#2769,
#2770,#2771,#2772,#2773,#2774,#2775,#2776,#2777,#2778,#2779,#2780,#2781,
#2782,#2783,#2784,#2785),(#2786,#2787,#2788,#2789,#2790,#2791,#2792,#2793,
#2794,#2795,#2796,#2797,#2798,#2799,#2800,#2801,#2802,#2803,#2804,#2805,
#2806),(#2807,#2808,#2809,#2810,#2811,#2812,#2813,#2814,#2815,#2816,#2817,
#2818,#2819,#2820,#2821,#2822,#2823,#2824,#2825,#2826,#2827),(#2828,#2829,
#2830,#2831,#2832,#2833,#2834,#2835,#2836,#2837,#2838,#2839,#2840,#2841,
#2842,#2843,#2844,#2845,#2846,#2847,#2848),(#2849,#2850,#2851,#2852,#2853,
#2854,#2855,#2856,#2857,#2858,#2859,#2860,#2861,#2862,#2863,#2864,#2865,
#2866,#2867,#2868,#2869),(#2870,#2871,#2872,#2873,#2874,#2875,#2876,#2877,
#2878,#2879,#2880,#2881,#2882,#2883,#2884,#2885,#2886,#2887,#2888,#2889,
#2890)),.UNSPECIFIED.,.F.,.F.,.F.,(4,2,2,1,1,4),(4,2,2,1,1,1,1,1,1,1,1,
1,2,2,4),(0.,0.125,0.249999999999999,0.499999999999999,0.749999999999998,
0.999999999999997),(0.,0.25,0.5,0.999999999999999,2.,3.,4.,5.,6.,7.,8.,
8.99999999999999,9.5,9.75,9.99999999999999),.UNSPECIFIED.);
#899=B_SPLINE_SURFACE_WITH_KNOTS('',3,3,((#2919,#2920,#2921,#2922,#2923,
#2924,#2925,#2926,#2927,#2928,#2929,#2930,#2931,#2932,#2933,#2934,#2935,
#2936,#2937,#2938,#2939,#2940,#2941,#2942,#2943),(#2944,#2945,#2946,#2947,
#2948,#2949,#2950,#2951,#2952,#2953,#2954,#2955,#2956,#2957,#2958,#2959,
#2960,#2961,#2962,#2963,#2964,#2965,#2966,#2967,#2968),(#2969,#2970,#2971,
#2972,#2973,#2974,#2975,#2976,#2977,#2978,#2979,#2980,#2981,#2982,#2983,
#2984,#2985,#2986,#2987,#2988,#2989,#2990,#2991,#2992,#2993),(#2994,#2995,
#2996,#2997,#2998,#2999,#3000,#3001,#3002,#3003,#3004,#3005,#3006,#3007,
#3008,#3009,#3010,#3011,#3012,#3013,#3014,#3015,#3016,#3017,#3018),(#3019,
#3020,#3021,#3022,#3023,#3024,#3025,#3026,#3027,#3028,#3029,#3030,#3031,
#3032,#3033,#3034,#3035,#3036,#3037,#3038,#3039,#3040,#3041,#3042,#3043),
(#3044,#3045,#3046,#3047,#3048,#3049,#3050,#3051,#3052,#3053,#3054,#3055,
#3056,#3057,#3058,#3059,#3060,#3061,#3062,#3063,#3064,#3065,#3066,#3067,
#3068),(#3069,#3070,#3071,#3072,#3073,#3074,#3075,#3076,#3077,#3078,#3079,
#3080,#3081,#3082,#3083,#3084,#3085,#3086,#3087,#3088,#3089,#3090,#3091,
#3092,#3093),(#3094,#3095,#3096,#3097,#3098,#3099,#3100,#3101,#3102,#3103,
#3104,#3105,#3106,#3107,#3108,#3109,#3110,#3111,#3112,#3113,#3114,#3115,
#3116,#3117,#3118),(#3119,#3120,#3121,#3122,#3123,#3124,#3125,#3126,#3127,
#3128,#3129,#3130,#3131,#3132,#3133,#3134,#3135,#3136,#3137,#3138,#3139,
#3140,#3141,#3142,#3143),(#3144,#3145,#3146,#3147,#3148,#3149,#3150,#3151,
#3152,#3153,#3154,#3155,#3156,#3157,#3158,#3159,#3160,#3161,#3162,#3163,
#3164,#3165,#3166,#3167,#3168),(#3169,#3170,#3171,#3172,#3173,#3174,#3175,
#3176,#3177,#3178,#3179,#3180,#3181,#3182,#3183,#3184,#3185,#3186,#3187,
#3188,#3189,#3190,#3191,#3192,#3193),(#3194,#3195,#3196,#3197,#3198,#3199,
#3200,#3201,#3202,#3203,#3204,#3205,#3206,#3207,#3208,#3209,#3210,#3211,
#3212,#3213,#3214,#3215,#3216,#3217,#3218),(#3219,#3220,#3221,#3222,#3223,
#3224,#3225,#3226,#3227,#3228,#3229,#3230,#3231,#3232,#3233,#3234,#3235,
#3236,#3237,#3238,#3239,#3240,#3241,#3242,#3243),(#3244,#3245,#3246,#3247,
#3248,#3249,#3250,#3251,#3252,#3253,#3254,#3255,#3256,#3257,#3258,#3259,
#3260,#3261,#3262,#3263,#3264,#3265,#3266,#3267,#3268)),.UNSPECIFIED.,.F.,
 .F.,.F.,(4,2,2,1,1,2,2,4),(4,2,2,2,1,1,1,1,1,1,1,1,1,2,2,2,4),(0.,0.124999999999999,
0.249999999999999,0.499999999999998,0.749999999999998,0.874999999999998,
0.937499999999998,0.999999999999998),(0.,0.125,0.249999999999999,0.499999999999999,
0.999999999999999,2.,3.,4.,5.,6.,7.,8.,8.99999999999999,9.49999999999999,
9.74999999999999,9.87499999999999,9.99999999999999),.UNSPECIFIED.);
#900=B_SPLINE_SURFACE_WITH_KNOTS('',3,3,((#3345,#3346,#3347,#3348,#3349,
#3350,#3351,#3352,#3353,#3354,#3355,#3356,#3357,#3358),(#3359,#3360,#3361,
#3362,#3363,#3364,#3365,#3366,#3367,#3368,#3369,#3370,#3371,#3372),(#3373,
#3374,#3375,#3376,#3377,#3378,#3379,#3380,#3381,#3382,#3383,#3384,#3385,
#3386),(#3387,#3388,#3389,#3390,#3391,#3392,#3393,#3394,#3395,#3396,#3397,
#3398,#3399,#3400),(#3401,#3402,#3403,#3404,#3405,#3406,#3407,#3408,#3409,
#3410,#3411,#3412,#3413,#3414),(#3415,#3416,#3417,#3418,#3419,#3420,#3421,
#3422,#3423,#3424,#3425,#3426,#3427,#3428),(#3429,#3430,#3431,#3432,#3433,
#3434,#3435,#3436,#3437,#3438,#3439,#3440,#3441,#3442),(#3443,#3444,#3445,
#3446,#3447,#3448,#3449,#3450,#3451,#3452,#3453,#3454,#3455,#3456),(#3457,
#3458,#3459,#3460,#3461,#3462,#3463,#3464,#3465,#3466,#3467,#3468,#3469,
#3470),(#3471,#3472,#3473,#3474,#3475,#3476,#3477,#3478,#3479,#3480,#3481,
#3482,#3483,#3484),(#3485,#3486,#3487,#3488,#3489,#3490,#3491,#3492,#3493,
#3494,#3495,#3496,#3497,#3498),(#3499,#3500,#3501,#3502,#3503,#3504,#3505,
#3506,#3507,#3508,#3509,#3510,#3511,#3512),(#3513,#3514,#3515,#3516,#3517,
#3518,#3519,#3520,#3521,#3522,#3523,#3524,#3525,#3526),(#3527,#3528,#3529,
#3530,#3531,#3532,#3533,#3534,#3535,#3536,#3537,#3538,#3539,#3540)),
 .UNSPECIFIED.,.F.,.F.,.F.,(4,2,2,1,1,2,2,4),(4,2,2,2,2,2,4),(0.,0.0624999999999999,
0.125,0.25,0.499999999999999,0.749999999999998,0.874999999999998,0.999999999999998),
(0.,0.125,0.25,0.5,0.750000000000001,0.875000000000001,1.),
 .UNSPECIFIED.);
#901=B_SPLINE_SURFACE_WITH_KNOTS('',3,3,((#3570,#3571,#3572,#3573,#3574,
#3575,#3576,#3577,#3578,#3579,#3580,#3581,#3582,#3583),(#3584,#3585,#3586,
#3587,#3588,#3589,#3590,#3591,#3592,#3593,#3594,#3595,#3596,#3597),(#3598,
#3599,#3600,#3601,#3602,#3603,#3604,#3605,#3606,#3607,#3608,#3609,#3610,
#3611),(#3612,#3613,#3614,#3615,#3616,#3617,#3618,#3619,#3620,#3621,#3622,
#3623,#3624,#3625),(#3626,#3627,#3628,#3629,#3630,#3631,#3632,#3633,#3634,
#3635,#3636,#3637,#3638,#3639),(#3640,#3641,#3642,#3643,#3644,#3645,#3646,
#3647,#3648,#3649,#3650,#3651,#3652,#3653),(#3654,#3655,#3656,#3657,#3658,
#3659,#3660,#3661,#3662,#3663,#3664,#3665,#3666,#3667),(#3668,#3669,#3670,
#3671,#3672,#3673,#3674,#3675,#3676,#3677,#3678,#3679,#3680,#3681),(#3682,
#3683,#3684,#3685,#3686,#3687,#3688,#3689,#3690,#3691,#3692,#3693,#3694,
#3695),(#3696,#3697,#3698,#3699,#3700,#3701,#3702,#3703,#3704,#3705,#3706,
#3707,#3708,#3709),(#3710,#3711,#3712,#3713,#3714,#3715,#3716,#3717,#3718,
#3719,#3720,#3721,#3722,#3723),(#3724,#3725,#3726,#3727,#3728,#3729,#3730,
#3731,#3732,#3733,#3734,#3735,#3736,#3737),(#3738,#3739,#3740,#3741,#3742,
#3743,#3744,#3745,#3746,#3747,#3748,#3749,#3750,#3751),(#3752,#3753,#3754,
#3755,#3756,#3757,#3758,#3759,#3760,#3761,#3762,#3763,#3764,#3765)),
 .UNSPECIFIED.,.F.,.F.,.F.,(4,2,2,1,1,2,2,4),(4,2,2,2,2,2,4),(0.,0.125,
0.249999999999999,0.499999999999999,0.749999999999998,0.874999999999998,
0.937499999999998,0.999999999999998),(0.,0.125,0.25,0.5,0.750000000000001,
0.875000000000001,1.),.UNSPECIFIED.);
#902=B_SPLINE_SURFACE_WITH_KNOTS('',3,3,((#3795,#3796,#3797,#3798,#3799,
#3800,#3801,#3802,#3803,#3804,#3805,#3806,#3807,#3808,#3809,#3810,#3811,
#3812,#3813,#3814,#3815),(#3816,#3817,#3818,#3819,#3820,#3821,#3822,#3823,
#3824,#3825,#3826,#3827,#3828,#3829,#3830,#3831,#3832,#3833,#3834,#3835,
#3836),(#3837,#3838,#3839,#3840,#3841,#3842,#3843,#3844,#3845,#3846,#3847,
#3848,#3849,#3850,#3851,#3852,#3853,#3854,#3855,#3856,#3857),(#3858,#3859,
#3860,#3861,#3862,#3863,#3864,#3865,#3866,#3867,#3868,#3869,#3870,#3871,
#3872,#3873,#3874,#3875,#3876,#3877,#3878),(#3879,#3880,#3881,#3882,#3883,
#3884,#3885,#3886,#3887,#3888,#3889,#3890,#3891,#3892,#3893,#3894,#3895,
#3896,#3897,#3898,#3899),(#3900,#3901,#3902,#3903,#3904,#3905,#3906,#3907,
#3908,#3909,#3910,#3911,#3912,#3913,#3914,#3915,#3916,#3917,#3918,#3919,
#3920),(#3921,#3922,#3923,#3924,#3925,#3926,#3927,#3928,#3929,#3930,#3931,
#3932,#3933,#3934,#3935,#3936,#3937,#3938,#3939,#3940,#3941),(#3942,#3943,
#3944,#3945,#3946,#3947,#3948,#3949,#3950,#3951,#3952,#3953,#3954,#3955,
#3956,#3957,#3958,#3959,#3960,#3961,#3962),(#3963,#3964,#3965,#3966,#3967,
#3968,#3969,#3970,#3971,#3972,#3973,#3974,#3975,#3976,#3977,#3978,#3979,
#3980,#3981,#3982,#3983),(#3984,#3985,#3986,#3987,#3988,#3989,#3990,#3991,
#3992,#3993,#3994,#3995,#3996,#3997,#3998,#3999,#4000,#4001,#4002,#4003,
#4004),(#4005,#4006,#4007,#4008,#4009,#4010,#4011,#4012,#4013,#4014,#4015,
#4016,#4017,#4018,#4019,#4020,#4021,#4022,#4023,#4024,#4025),(#4026,#4027,
#4028,#4029,#4030,#4031,#4032,#4033,#4034,#4035,#4036,#4037,#4038,#4039,
#4040,#4041,#4042,#4043,#4044,#4045,#4046),(#4047,#4048,#4049,#4050,#4051,
#4052,#4053,#4054,#4055,#4056,#4057,#4058,#4059,#4060,#4061,#4062,#4063,
#4064,#4065,#4066,#4067)),.UNSPECIFIED.,.F.,.F.,.F.,(4,2,2,1,2,2,4),(4,
2,2,1,1,1,1,1,1,1,1,1,2,2,4),(0.,0.249999999999998,0.499999999999997,0.999999999999994,
1.49999999999999,1.74999999999999,1.99999999999999),(0.,0.249999999999999,
0.5,0.999999999999999,2.,3.,4.,5.,6.,7.,8.,8.99999999999999,9.49999999999999,
9.74999999999999,9.99999999999999),.UNSPECIFIED.);
#903=B_SPLINE_SURFACE_WITH_KNOTS('',3,3,((#4092,#4093,#4094,#4095,#4096,
#4097,#4098,#4099,#4100,#4101,#4102,#4103,#4104,#4105,#4106,#4107,#4108,
#4109,#4110,#4111,#4112,#4113,#4114),(#4115,#4116,#4117,#4118,#4119,#4120,
#4121,#4122,#4123,#4124,#4125,#4126,#4127,#4128,#4129,#4130,#4131,#4132,
#4133,#4134,#4135,#4136,#4137),(#4138,#4139,#4140,#4141,#4142,#4143,#4144,
#4145,#4146,#4147,#4148,#4149,#4150,#4151,#4152,#4153,#4154,#4155,#4156,
#4157,#4158,#4159,#4160),(#4161,#4162,#4163,#4164,#4165,#4166,#4167,#4168,
#4169,#4170,#4171,#4172,#4173,#4174,#4175,#4176,#4177,#4178,#4179,#4180,
#4181,#4182,#4183),(#4184,#4185,#4186,#4187,#4188,#4189,#4190,#4191,#4192,
#4193,#4194,#4195,#4196,#4197,#4198,#4199,#4200,#4201,#4202,#4203,#4204,
#4205,#4206),(#4207,#4208,#4209,#4210,#4211,#4212,#4213,#4214,#4215,#4216,
#4217,#4218,#4219,#4220,#4221,#4222,#4223,#4224,#4225,#4226,#4227,#4228,
#4229),(#4230,#4231,#4232,#4233,#4234,#4235,#4236,#4237,#4238,#4239,#4240,
#4241,#4242,#4243,#4244,#4245,#4246,#4247,#4248,#4249,#4250,#4251,#4252),
(#4253,#4254,#4255,#4256,#4257,#4258,#4259,#4260,#4261,#4262,#4263,#4264,
#4265,#4266,#4267,#4268,#4269,#4270,#4271,#4272,#4273,#4274,#4275),(#4276,
#4277,#4278,#4279,#4280,#4281,#4282,#4283,#4284,#4285,#4286,#4287,#4288,
#4289,#4290,#4291,#4292,#4293,#4294,#4295,#4296,#4297,#4298),(#4299,#4300,
#4301,#4302,#4303,#4304,#4305,#4306,#4307,#4308,#4309,#4310,#4311,#4312,
#4313,#4314,#4315,#4316,#4317,#4318,#4319,#4320,#4321),(#4322,#4323,#4324,
#4325,#4326,#4327,#4328,#4329,#4330,#4331,#4332,#4333,#4334,#4335,#4336,
#4337,#4338,#4339,#4340,#4341,#4342,#4343,#4344),(#4345,#4346,#4347,#4348,
#4349,#4350,#4351,#4352,#4353,#4354,#4355,#4356,#4357,#4358,#4359,#4360,
#4361,#4362,#4363,#4364,#4365,#4366,#4367),(#4368,#4369,#4370,#4371,#4372,
#4373,#4374,#4375,#4376,#4377,#4378,#4379,#4380,#4381,#4382,#4383,#4384,
#4385,#4386,#4387,#4388,#4389,#4390)),.UNSPECIFIED.,.F.,.F.,.F.,(4,2,2,
1,2,2,4),(4,2,2,1,1,1,1,1,1,1,1,1,1,1,2,2,4),(0.,0.125,0.25,0.5,0.75,0.875000000000001,
1.),(0.,0.125,0.25,0.5,1.,2.,3.,4.,5.,6.,7.,8.,8.99999999999999,9.49999999999999,
9.74999999999999,9.87499999999999,9.99999999999999),.UNSPECIFIED.);
#904=B_SPLINE_SURFACE_WITH_KNOTS('',3,3,((#4416,#4417,#4418,#4419,#4420,
#4421,#4422,#4423,#4424,#4425,#4426,#4427,#4428,#4429),(#4430,#4431,#4432,
#4433,#4434,#4435,#4436,#4437,#4438,#4439,#4440,#4441,#4442,#4443),(#4444,
#4445,#4446,#4447,#4448,#4449,#4450,#4451,#4452,#4453,#4454,#4455,#4456,
#4457),(#4458,#4459,#4460,#4461,#4462,#4463,#4464,#4465,#4466,#4467,#4468,
#4469,#4470,#4471),(#4472,#4473,#4474,#4475,#4476,#4477,#4478,#4479,#4480,
#4481,#4482,#4483,#4484,#4485),(#4486,#4487,#4488,#4489,#4490,#4491,#4492,
#4493,#4494,#4495,#4496,#4497,#4498,#4499),(#4500,#4501,#4502,#4503,#4504,
#4505,#4506,#4507,#4508,#4509,#4510,#4511,#4512,#4513),(#4514,#4515,#4516,
#4517,#4518,#4519,#4520,#4521,#4522,#4523,#4524,#4525,#4526,#4527),(#4528,
#4529,#4530,#4531,#4532,#4533,#4534,#4535,#4536,#4537,#4538,#4539,#4540,
#4541),(#4542,#4543,#4544,#4545,#4546,#4547,#4548,#4549,#4550,#4551,#4552,
#4553,#4554,#4555),(#4556,#4557,#4558,#4559,#4560,#4561,#4562,#4563,#4564,
#4565,#4566,#4567,#4568,#4569),(#4570,#4571,#4572,#4573,#4574,#4575,#4576,
#4577,#4578,#4579,#4580,#4581,#4582,#4583)),.UNSPECIFIED.,.F.,.F.,.F.,(4,
2,2,2,2,4),(4,2,2,1,1,2,2,4),(0.,0.124999999999999,0.249999999999998,0.499999999999997,
0.749999999999995,0.999999999999994),(0.,0.125,0.249999999999999,0.499999999999999,
0.749999999999998,0.874999999999998,0.937499999999998,0.999999999999998),
 .UNSPECIFIED.);
#905=B_SPLINE_SURFACE_WITH_KNOTS('',3,3,((#4584,#4585,#4586,#4587,#4588,
#4589,#4590,#4591,#4592,#4593,#4594,#4595,#4596,#4597,#4598,#4599,#4600,
#4601,#4602,#4603,#4604),(#4605,#4606,#4607,#4608,#4609,#4610,#4611,#4612,
#4613,#4614,#4615,#4616,#4617,#4618,#4619,#4620,#4621,#4622,#4623,#4624,
#4625),(#4626,#4627,#4628,#4629,#4630,#4631,#4632,#4633,#4634,#4635,#4636,
#4637,#4638,#4639,#4640,#4641,#4642,#4643,#4644,#4645,#4646),(#4647,#4648,
#4649,#4650,#4651,#4652,#4653,#4654,#4655,#4656,#4657,#4658,#4659,#4660,
#4661,#4662,#4663,#4664,#4665,#4666,#4667),(#4668,#4669,#4670,#4671,#4672,
#4673,#4674,#4675,#4676,#4677,#4678,#4679,#4680,#4681,#4682,#4683,#4684,
#4685,#4686,#4687,#4688),(#4689,#4690,#4691,#4692,#4693,#4694,#4695,#4696,
#4697,#4698,#4699,#4700,#4701,#4702,#4703,#4704,#4705,#4706,#4707,#4708,
#4709),(#4710,#4711,#4712,#4713,#4714,#4715,#4716,#4717,#4718,#4719,#4720,
#4721,#4722,#4723,#4724,#4725,#4726,#4727,#4728,#4729,#4730),(#4731,#4732,
#4733,#4734,#4735,#4736,#4737,#4738,#4739,#4740,#4741,#4742,#4743,#4744,
#4745,#4746,#4747,#4748,#4749,#4750,#4751),(#4752,#4753,#4754,#4755,#4756,
#4757,#4758,#4759,#4760,#4761,#4762,#4763,#4764,#4765,#4766,#4767,#4768,
#4769,#4770,#4771,#4772),(#4773,#4774,#4775,#4776,#4777,#4778,#4779,#4780,
#4781,#4782,#4783,#4784,#4785,#4786,#4787,#4788,#4789,#4790,#4791,#4792,
#4793)),.UNSPECIFIED.,.F.,.F.,.F.,(4,2,2,1,1,4),(4,2,2,1,1,1,1,1,1,1,1,
1,2,2,4),(0.,0.125,0.249999999999999,0.499999999999999,0.749999999999998,
0.999999999999997),(0.,0.25,0.5,0.999999999999999,2.,3.,4.,5.,6.,7.,8.,
8.99999999999999,9.5,9.75,9.99999999999999),.UNSPECIFIED.);
#906=B_SPLINE_SURFACE_WITH_KNOTS('',3,3,((#4803,#4804,#4805,#4806,#4807,
#4808,#4809,#4810,#4811,#4812,#4813,#4814,#4815,#4816),(#4817,#4818,#4819,
#4820,#4821,#4822,#4823,#4824,#4825,#4826,#4827,#4828,#4829,#4830),(#4831,
#4832,#4833,#4834,#4835,#4836,#4837,#4838,#4839,#4840,#4841,#4842,#4843,
#4844),(#4845,#4846,#4847,#4848,#4849,#4850,#4851,#4852,#4853,#4854,#4855,
#4856,#4857,#4858),(#4859,#4860,#4861,#4862,#4863,#4864,#4865,#4866,#4867,
#4868,#4869,#4870,#4871,#4872),(#4873,#4874,#4875,#4876,#4877,#4878,#4879,
#4880,#4881,#4882,#4883,#4884,#4885,#4886),(#4887,#4888,#4889,#4890,#4891,
#4892,#4893,#4894,#4895,#4896,#4897,#4898,#4899,#4900),(#4901,#4902,#4903,
#4904,#4905,#4906,#4907,#4908,#4909,#4910,#4911,#4912,#4913,#4914),(#4915,
#4916,#4917,#4918,#4919,#4920,#4921,#4922,#4923,#4924,#4925,#4926,#4927,
#4928),(#4929,#4930,#4931,#4932,#4933,#4934,#4935,#4936,#4937,#4938,#4939,
#4940,#4941,#4942),(#4943,#4944,#4945,#4946,#4947,#4948,#4949,#4950,#4951,
#4952,#4953,#4954,#4955,#4956),(#4957,#4958,#4959,#4960,#4961,#4962,#4963,
#4964,#4965,#4966,#4967,#4968,#4969,#4970)),.UNSPECIFIED.,.F.,.F.,.F.,(4,
2,2,2,2,4),(4,2,2,1,1,2,2,4),(0.,0.249999999999998,0.499999999999997,0.749999999999995,
0.874999999999994,0.999999999999994),(0.,0.125,0.249999999999999,0.499999999999999,
0.749999999999998,0.874999999999998,0.937499999999998,0.999999999999998),
 .UNSPECIFIED.);
#907=B_SPLINE_SURFACE_WITH_KNOTS('',3,3,((#5028,#5029,#5030,#5031,#5032,
#5033,#5034,#5035,#5036,#5037,#5038,#5039,#5040,#5041,#5042,#5043,#5044,
#5045,#5046,#5047,#5048,#5049,#5050),(#5051,#5052,#5053,#5054,#5055,#5056,
#5057,#5058,#5059,#5060,#5061,#5062,#5063,#5064,#5065,#5066,#5067,#5068,
#5069,#5070,#5071,#5072,#5073),(#5074,#5075,#5076,#5077,#5078,#5079,#5080,
#5081,#5082,#5083,#5084,#5085,#5086,#5087,#5088,#5089,#5090,#5091,#5092,
#5093,#5094,#5095,#5096),(#5097,#5098,#5099,#5100,#5101,#5102,#5103,#5104,
#5105,#5106,#5107,#5108,#5109,#5110,#5111,#5112,#5113,#5114,#5115,#5116,
#5117,#5118,#5119),(#5120,#5121,#5122,#5123,#5124,#5125,#5126,#5127,#5128,
#5129,#5130,#5131,#5132,#5133,#5134,#5135,#5136,#5137,#5138,#5139,#5140,
#5141,#5142),(#5143,#5144,#5145,#5146,#5147,#5148,#5149,#5150,#5151,#5152,
#5153,#5154,#5155,#5156,#5157,#5158,#5159,#5160,#5161,#5162,#5163,#5164,
#5165),(#5166,#5167,#5168,#5169,#5170,#5171,#5172,#5173,#5174,#5175,#5176,
#5177,#5178,#5179,#5180,#5181,#5182,#5183,#5184,#5185,#5186,#5187,#5188),
(#5189,#5190,#5191,#5192,#5193,#5194,#5195,#5196,#5197,#5198,#5199,#5200,
#5201,#5202,#5203,#5204,#5205,#5206,#5207,#5208,#5209,#5210,#5211),(#5212,
#5213,#5214,#5215,#5216,#5217,#5218,#5219,#5220,#5221,#5222,#5223,#5224,
#5225,#5226,#5227,#5228,#5229,#5230,#5231,#5232,#5233,#5234),(#5235,#5236,
#5237,#5238,#5239,#5240,#5241,#5242,#5243,#5244,#5245,#5246,#5247,#5248,
#5249,#5250,#5251,#5252,#5253,#5254,#5255,#5256,#5257),(#5258,#5259,#5260,
#5261,#5262,#5263,#5264,#5265,#5266,#5267,#5268,#5269,#5270,#5271,#5272,
#5273,#5274,#5275,#5276,#5277,#5278,#5279,#5280),(#5281,#5282,#5283,#5284,
#5285,#5286,#5287,#5288,#5289,#5290,#5291,#5292,#5293,#5294,#5295,#5296,
#5297,#5298,#5299,#5300,#5301,#5302,#5303),(#5304,#5305,#5306,#5307,#5308,
#5309,#5310,#5311,#5312,#5313,#5314,#5315,#5316,#5317,#5318,#5319,#5320,
#5321,#5322,#5323,#5324,#5325,#5326),(#5327,#5328,#5329,#5330,#5331,#5332,
#5333,#5334,#5335,#5336,#5337,#5338,#5339,#5340,#5341,#5342,#5343,#5344,
#5345,#5346,#5347,#5348,#5349),(#5350,#5351,#5352,#5353,#5354,#5355,#5356,
#5357,#5358,#5359,#5360,#5361,#5362,#5363,#5364,#5365,#5366,#5367,#5368,
#5369,#5370,#5371,#5372)),.UNSPECIFIED.,.F.,.F.,.F.,(4,2,2,1,1,1,1,1,1,
1,4),(4,2,2,1,1,1,1,1,1,1,1,1,1,1,2,2,4),(0.,0.125,0.25,0.499999999999999,
0.999999999999998,2.,3.,4.,5.,6.,6.99999999999999),(0.,0.125,0.25,0.5,0.999999999999999,
2.,3.,4.,5.,5.99999999999999,6.99999999999999,7.99999999999999,8.99999999999999,
9.49999999999999,9.74999999999999,9.87499999999999,10.0000106280221),
 .UNSPECIFIED.);
#908=B_SPLINE_SURFACE_WITH_KNOTS('',3,3,((#5467,#5468,#5469,#5470),(#5471,
#5472,#5473,#5474),(#5475,#5476,#5477,#5478),(#5479,#5480,#5481,#5482)),
 .UNSPECIFIED.,.F.,.F.,.F.,(4,4),(4,4),(0.,1.),(6.20102284833398,6.21109402988476),
 .UNSPECIFIED.);
#909=B_SPLINE_SURFACE_WITH_KNOTS('',3,3,((#5488,#5489,#5490,#5491,#5492,
#5493,#5494,#5495,#5496,#5497,#5498,#5499,#5500,#5501,#5502,#5503,#5504,
#5505,#5506,#5507,#5508,#5509,#5510,#5511,#5512,#5513,#5514,#5515,#5516,
#5517,#5518,#5519,#5520,#5521,#5522),(#5523,#5524,#5525,#5526,#5527,#5528,
#5529,#5530,#5531,#5532,#5533,#5534,#5535,#5536,#5537,#5538,#5539,#5540,
#5541,#5542,#5543,#5544,#5545,#5546,#5547,#5548,#5549,#5550,#5551,#5552,
#5553,#5554,#5555,#5556,#5557),(#5558,#5559,#5560,#5561,#5562,#5563,#5564,
#5565,#5566,#5567,#5568,#5569,#5570,#5571,#5572,#5573,#5574,#5575,#5576,
#5577,#5578,#5579,#5580,#5581,#5582,#5583,#5584,#5585,#5586,#5587,#5588,
#5589,#5590,#5591,#5592),(#5593,#5594,#5595,#5596,#5597,#5598,#5599,#5600,
#5601,#5602,#5603,#5604,#5605,#5606,#5607,#5608,#5609,#5610,#5611,#5612,
#5613,#5614,#5615,#5616,#5617,#5618,#5619,#5620,#5621,#5622,#5623,#5624,
#5625,#5626,#5627)),.UNSPECIFIED.,.F.,.F.,.F.,(4,4),(4,1,1,1,2,1,1,1,1,
1,1,2,1,1,1,1,1,2,1,1,1,1,1,1,2,1,1,1,4),(0.,1.),(0.215591613133379,0.264031788326484,
0.312471963519589,0.336692051116141,0.360912138712693,0.360951137525752,
0.43082583106469,0.500700524603628,0.570575218142566,0.640449911681503,
0.710324605220441,0.780199298759379,0.785119946771927,0.7875802707782,1.33341197248842,
1.87924367419864,2.15215952505375,2.42507537590886,2.42759026766857,2.99872952929005,
3.56986879091154,3.85543842172228,4.14100805253303,4.14349387634327,4.14846552396377,
4.49055841135881,4.83265129875384,5.51683707354391,6.20102284833399),
 .UNSPECIFIED.);
#910=B_SPLINE_SURFACE_WITH_KNOTS('',3,3,((#5665,#5666,#5667,#5668,#5669,
#5670,#5671,#5672,#5673,#5674,#5675,#5676,#5677,#5678,#5679,#5680,#5681,
#5682,#5683,#5684,#5685,#5686),(#5687,#5688,#5689,#5690,#5691,#5692,#5693,
#5694,#5695,#5696,#5697,#5698,#5699,#5700,#5701,#5702,#5703,#5704,#5705,
#5706,#5707,#5708),(#5709,#5710,#5711,#5712,#5713,#5714,#5715,#5716,#5717,
#5718,#5719,#5720,#5721,#5722,#5723,#5724,#5725,#5726,#5727,#5728,#5729,
#5730),(#5731,#5732,#5733,#5734,#5735,#5736,#5737,#5738,#5739,#5740,#5741,
#5742,#5743,#5744,#5745,#5746,#5747,#5748,#5749,#5750,#5751,#5752)),
 .UNSPECIFIED.,.F.,.F.,.F.,(4,4),(4,1,2,1,1,1,2,1,1,2,1,1,2,1,1,4),(0.,
1.),(0.000968683639575814,0.156931596251924,0.234913052558098,0.235853045569248,
0.37924833830928,0.450945984679296,0.451223930956902,0.547739186287062,
0.595996813952142,0.596574674595939,0.684771350841667,0.728869688964532,
0.728919916131392,0.800784131152184,0.872648346172977,0.944512561193769),
 .UNSPECIFIED.);
#911=B_SPLINE_SURFACE_WITH_KNOTS('',3,3,((#5777,#5778,#5779,#5780),(#5781,
#5782,#5783,#5784),(#5785,#5786,#5787,#5788),(#5789,#5790,#5791,#5792)),
 .UNSPECIFIED.,.F.,.F.,.F.,(4,4),(4,4),(0.,1.),(6.11564604122353E-16,0.000968683639576041),
 .UNSPECIFIED.);
#912=B_SPLINE_SURFACE_WITH_KNOTS('',3,3,((#5796,#5797,#5798,#5799,#5800,
#5801,#5802,#5803,#5804,#5805,#5806,#5807,#5808,#5809,#5810,#5811,#5812,
#5813,#5814,#5815,#5816,#5817,#5818,#5819,#5820,#5821,#5822,#5823,#5824,
#5825,#5826,#5827,#5828,#5829,#5830,#5831,#5832,#5833,#5834,#5835,#5836,
#5837),(#5838,#5839,#5840,#5841,#5842,#5843,#5844,#5845,#5846,#5847,#5848,
#5849,#5850,#5851,#5852,#5853,#5854,#5855,#5856,#5857,#5858,#5859,#5860,
#5861,#5862,#5863,#5864,#5865,#5866,#5867,#5868,#5869,#5870,#5871,#5872,
#5873,#5874,#5875,#5876,#5877,#5878,#5879),(#5880,#5881,#5882,#5883,#5884,
#5885,#5886,#5887,#5888,#5889,#5890,#5891,#5892,#5893,#5894,#5895,#5896,
#5897,#5898,#5899,#5900,#5901,#5902,#5903,#5904,#5905,#5906,#5907,#5908,
#5909,#5910,#5911,#5912,#5913,#5914,#5915,#5916,#5917,#5918,#5919,#5920,
#5921),(#5922,#5923,#5924,#5925,#5926,#5927,#5928,#5929,#5930,#5931,#5932,
#5933,#5934,#5935,#5936,#5937,#5938,#5939,#5940,#5941,#5942,#5943,#5944,
#5945,#5946,#5947,#5948,#5949,#5950,#5951,#5952,#5953,#5954,#5955,#5956,
#5957,#5958,#5959,#5960,#5961,#5962,#5963)),.UNSPECIFIED.,.F.,.F.,.F.,(4,
4),(4,1,1,1,2,1,1,1,1,1,1,2,1,1,1,1,1,1,2,1,1,1,1,1,2,1,1,1,1,2,1,1,1,1,
4),(0.,1.00017470169168),(0.157680961671317,0.187505456393641,0.21715524942428,
0.231980145939599,0.246805042454919,0.247107072709236,0.24771113321787,
0.275422699371695,0.289278482448607,0.30313426552552,0.316990048602433,
0.330845831679345,0.330975178451339,0.331104525223333,0.331233871995327,
0.343938916497737,0.356643961000146,0.362996483251351,0.369349005502556,
0.369504576885661,0.369815719651871,0.379235615522277,0.388655511392684,
0.393365459327887,0.39807540726309,0.398258287741962,0.403095621591784,
0.407932955441606,0.410351622366517,0.412770289291428,0.412861344208433,
0.414677927890266,0.416494511572098,0.420127678935764,0.423935547991114),
 .UNSPECIFIED.);
#913=B_SPLINE_SURFACE_WITH_KNOTS('',3,3,((#6008,#6009,#6010,#6011,#6012,
#6013,#6014,#6015,#6016,#6017,#6018,#6019,#6020,#6021,#6022,#6023,#6024,
#6025,#6026,#6027,#6028,#6029,#6030,#6031,#6032,#6033,#6034,#6035,#6036),
(#6037,#6038,#6039,#6040,#6041,#6042,#6043,#6044,#6045,#6046,#6047,#6048,
#6049,#6050,#6051,#6052,#6053,#6054,#6055,#6056,#6057,#6058,#6059,#6060,
#6061,#6062,#6063,#6064,#6065),(#6066,#6067,#6068,#6069,#6070,#6071,#6072,
#6073,#6074,#6075,#6076,#6077,#6078,#6079,#6080,#6081,#6082,#6083,#6084,
#6085,#6086,#6087,#6088,#6089,#6090,#6091,#6092,#6093,#6094),(#6095,#6096,
#6097,#6098,#6099,#6100,#6101,#6102,#6103,#6104,#6105,#6106,#6107,#6108,
#6109,#6110,#6111,#6112,#6113,#6114,#6115,#6116,#6117,#6118,#6119,#6120,
#6121,#6122,#6123)),.UNSPECIFIED.,.F.,.F.,.F.,(4,4),(4,1,1,1,2,1,1,1,1,
2,1,1,1,2,1,1,1,2,1,1,1,1,4),(0.,1.0024056002813),(-0.00118322244437307,
0.0941000805360432,0.188200161072086,0.28230024160813,0.284697267764018,
0.333488843129864,0.382280418495711,0.479863569227403,0.577446719959096,
0.579946413136104,0.656910675383144,0.733874937630184,0.810839199877224,
0.813426399803683,0.870941004023911,0.928455608244138,0.985970212464365,
0.987286092688206,1.06898823162625,1.08941376636076,1.10983930109527,1.13058907909844,
1.17327185754914),.UNSPECIFIED.);
#914=ADVANCED_FACE('',(#155),#885,.T.);
#915=ADVANCED_FACE('',(#156),#886,.T.);
#916=ADVANCED_FACE('',(#157),#887,.T.);
#917=ADVANCED_FACE('',(#158),#888,.T.);
#918=ADVANCED_FACE('',(#159),#34,.F.);
#919=ADVANCED_FACE('',(#160),#889,.T.);
#920=ADVANCED_FACE('',(#161),#890,.T.);
#921=ADVANCED_FACE('',(#162),#891,.T.);
#922=ADVANCED_FACE('',(#163),#892,.T.);
#923=ADVANCED_FACE('',(#164),#893,.T.);
#924=ADVANCED_FACE('',(#165),#894,.T.);
#925=ADVANCED_FACE('',(#166),#35,.F.);
#926=ADVANCED_FACE('',(#167),#24,.F.);
#927=ADVANCED_FACE('',(#168),#36,.F.);
#928=ADVANCED_FACE('',(#169),#25,.F.);
#929=ADVANCED_FACE('',(#170),#895,.F.);
#930=ADVANCED_FACE('',(#171),#896,.F.);
#931=ADVANCED_FACE('',(#172),#897,.F.);
#932=ADVANCED_FACE('',(#173),#898,.F.);
#933=ADVANCED_FACE('',(#174),#20,.T.);
#934=ADVANCED_FACE('',(#175),#899,.F.);
#935=ADVANCED_FACE('',(#176),#900,.F.);
#936=ADVANCED_FACE('',(#177),#901,.F.);
#937=ADVANCED_FACE('',(#178),#902,.F.);
#938=ADVANCED_FACE('',(#179),#903,.F.);
#939=ADVANCED_FACE('',(#180),#904,.F.);
#940=ADVANCED_FACE('',(#181),#905,.F.);
#941=ADVANCED_FACE('',(#182),#906,.F.);
#942=ADVANCED_FACE('',(#183),#26,.T.);
#943=ADVANCED_FACE('',(#184),#16,.F.);
#944=ADVANCED_FACE('',(#185),#27,.T.);
#945=ADVANCED_FACE('',(#186),#17,.F.);
#946=ADVANCED_FACE('',(#187),#18,.F.);
#947=ADVANCED_FACE('',(#188),#907,.F.);
#948=ADVANCED_FACE('',(#189),#37,.T.);
#949=ADVANCED_FACE('',(#190),#28,.T.);
#950=ADVANCED_FACE('',(#191),#38,.T.);
#951=ADVANCED_FACE('',(#192),#29,.T.);
#952=ADVANCED_FACE('',(#193),#39,.T.);
#953=ADVANCED_FACE('',(#194),#30,.T.);
#954=ADVANCED_FACE('',(#195),#31,.T.);
#955=ADVANCED_FACE('',(#196),#32,.T.);
#956=ADVANCED_FACE('',(#197),#908,.T.);
#957=ADVANCED_FACE('',(#198),#909,.T.);
#958=ADVANCED_FACE('',(#199),#910,.T.);
#959=ADVANCED_FACE('',(#200),#911,.T.);
#960=ADVANCED_FACE('',(#201),#912,.T.);
#961=ADVANCED_FACE('',(#202),#913,.T.);
#962=ADVANCED_FACE('',(#203),#40,.T.);
#963=ADVANCED_FACE('',(#204),#21,.T.);
#964=ADVANCED_FACE('',(#205),#41,.T.);
#965=ADVANCED_FACE('',(#206),#22,.T.);
#966=ADVANCED_FACE('',(#207),#42,.T.);
#967=ADVANCED_FACE('',(#208),#19,.F.);
#968=ADVANCED_FACE('',(#209),#43,.T.);
#969=ADVANCED_FACE('',(#210),#23,.T.);
#970=ADVANCED_FACE('',(#211,#15),#44,.T.);
#971=ADVANCED_FACE('',(#212),#45,.T.);
#972=ADVANCED_FACE('',(#213),#33,.T.);
#973=ADVANCED_FACE('',(#214),#46,.T.);
#974=CLOSED_SHELL('',(#914,#915,#916,#917,#918,#919,#920,#921,#922,#923,
#924,#925,#926,#927,#928,#929,#930,#931,#932,#933,#934,#935,#936,#937,#938,
#939,#940,#941,#942,#943,#944,#945,#946,#947,#948,#949,#950,#951,#952,#953,
#954,#955,#956,#957,#958,#959,#960,#961,#962,#963,#964,#965,#966,#967,#968,
#969,#970,#971,#972,#973));
#975=DERIVED_UNIT_ELEMENT(#977,1.);
#976=DERIVED_UNIT_ELEMENT(#6202,-3.);
#977=(
MASS_UNIT()
NAMED_UNIT(*)
SI_UNIT(.KILO.,.GRAM.)
);
#978=DERIVED_UNIT((#975,#976));
#979=MEASURE_REPRESENTATION_ITEM('density measure',
POSITIVE_RATIO_MEASURE(7850.),#978);
#980=PROPERTY_DEFINITION_REPRESENTATION(#985,#982);
#981=PROPERTY_DEFINITION_REPRESENTATION(#986,#983);
#982=REPRESENTATION('material name',(#984),#6199);
#983=REPRESENTATION('density',(#979),#6199);
#984=DESCRIPTIVE_REPRESENTATION_ITEM('\X2\92FC\X0\','\X2\92FC\X0\');
#985=PROPERTY_DEFINITION('material property','material name',#6209);
#986=PROPERTY_DEFINITION('material property','density of part',#6209);
#987=AXIS2_PLACEMENT_3D('',#1224,#1048,#1049);
#988=AXIS2_PLACEMENT_3D('',#1278,#1050,#1051);
#989=AXIS2_PLACEMENT_3D('',#1443,#1052,#1053);
#990=AXIS2_PLACEMENT_3D('',#1484,#1055,#1056);
#991=AXIS2_PLACEMENT_3D('',#1516,#1060,#1061);
#992=AXIS2_PLACEMENT_3D('',#1556,#1064,#1065);
#993=AXIS2_PLACEMENT_3D('',#1592,#1066,#1067);
#994=AXIS2_PLACEMENT_3D('',#1594,#1068,#1069);
#995=AXIS2_PLACEMENT_3D('',#1595,#1070,#1071);
#996=AXIS2_PLACEMENT_3D('',#1632,#1072,#1073);
#997=AXIS2_PLACEMENT_3D('',#1693,#1076,#1077);
#998=AXIS2_PLACEMENT_3D('',#1711,#1080,#1081);
#999=AXIS2_PLACEMENT_3D('',#1728,#1083,#1084);
#1000=AXIS2_PLACEMENT_3D('',#1730,#1085,#1086);
#1001=AXIS2_PLACEMENT_3D('',#1732,#1088,#1089);
#1002=AXIS2_PLACEMENT_3D('',#2910,#1092,#1093);
#1003=AXIS2_PLACEMENT_3D('',#2915,#1095,#1096);
#1004=AXIS2_PLACEMENT_3D('',#2918,#1098,#1099);
#1005=AXIS2_PLACEMENT_3D('',#4971,#1100,#1101);
#1006=AXIS2_PLACEMENT_3D('',#4974,#1102,#1103);
#1007=AXIS2_PLACEMENT_3D('',#4978,#1105,#1106);
#1008=AXIS2_PLACEMENT_3D('',#4990,#1108,#1109);
#1009=AXIS2_PLACEMENT_3D('',#4992,#1110,#1111);
#1010=AXIS2_PLACEMENT_3D('',#4993,#1112,#1113);
#1011=AXIS2_PLACEMENT_3D('',#4994,#1114,#1115);
#1012=AXIS2_PLACEMENT_3D('',#4999,#1118,#1119);
#1013=AXIS2_PLACEMENT_3D('',#5011,#1120,#1121);
#1014=AXIS2_PLACEMENT_3D('',#5012,#1122,#1123);
#1015=AXIS2_PLACEMENT_3D('',#5013,#1124,#1125);
#1016=AXIS2_PLACEMENT_3D('',#5025,#1126,#1127);
#1017=AXIS2_PLACEMENT_3D('',#5026,#1128,#1129);
#1018=AXIS2_PLACEMENT_3D('',#5027,#1130,#1131);
#1019=AXIS2_PLACEMENT_3D('',#5431,#1132,#1133);
#1020=AXIS2_PLACEMENT_3D('',#5437,#1137,#1138);
#1021=AXIS2_PLACEMENT_3D('',#5439,#1139,#1140);
#1022=AXIS2_PLACEMENT_3D('',#5441,#1142,#1143);
#1023=AXIS2_PLACEMENT_3D('',#5445,#1146,#1147);
#1024=AXIS2_PLACEMENT_3D('',#5447,#1148,#1149);
#1025=AXIS2_PLACEMENT_3D('',#5449,#1151,#1152);
#1026=AXIS2_PLACEMENT_3D('',#5453,#1154,#1155);
#1027=AXIS2_PLACEMENT_3D('',#5455,#1157,#1158);
#1028=AXIS2_PLACEMENT_3D('',#5458,#1160,#1161);
#1029=AXIS2_PLACEMENT_3D('',#5459,#1162,#1163);
#1030=AXIS2_PLACEMENT_3D('',#5461,#1164,#1165);
#1031=AXIS2_PLACEMENT_3D('',#5463,#1167,#1168);
#1032=AXIS2_PLACEMENT_3D('',#5465,#1169,#1170);
#1033=AXIS2_PLACEMENT_3D('',#6153,#1180,#1181);
#1034=AXIS2_PLACEMENT_3D('',#6159,#1185,#1186);
#1035=AXIS2_PLACEMENT_3D('',#6162,#1188,#1189);
#1036=AXIS2_PLACEMENT_3D('',#6163,#1190,#1191);
#1037=AXIS2_PLACEMENT_3D('',#6167,#1194,#1195);
#1038=AXIS2_PLACEMENT_3D('',#6170,#1197,#1198);
#1039=AXIS2_PLACEMENT_3D('',#6171,#1199,#1200);
#1040=AXIS2_PLACEMENT_3D('',#6183,#1203,#1204);
#1041=AXIS2_PLACEMENT_3D('',#6184,#1205,#1206);
#1042=AXIS2_PLACEMENT_3D('',#6187,#1209,#1210);
#1043=AXIS2_PLACEMENT_3D('',#6190,#1212,#1213);
#1044=AXIS2_PLACEMENT_3D('',#6191,#1214,#1215);
#1045=AXIS2_PLACEMENT_3D('',#6194,#1218,#1219);
#1046=AXIS2_PLACEMENT_3D('',#6195,#1220,#1221);
#1047=AXIS2_PLACEMENT_3D('',#6196,#1222,#1223);
#1048=DIRECTION('axis',(0.,0.,1.));
#1049=DIRECTION('refdir',(1.,0.,0.));
#1050=DIRECTION('center_axis',(3.19910526740157E-14,-1.76143469328074E-14,
1.));
#1051=DIRECTION('ref_axis',(-0.42775920394242,0.903892727840283,2.96059473233374E-14));
#1052=DIRECTION('center_axis',(-2.6779485488932E-14,-2.48304616551796E-14,
-1.));
#1053=DIRECTION('ref_axis',(0.196381485322365,0.980527568313396,-2.96059473233375E-14));
#1054=DIRECTION('',(-0.121869343405147,0.992546151641322,-1.11022302462516E-16));
#1055=DIRECTION('center_axis',(0.992546151641322,0.121869343405147,2.98911191968063E-17));
#1056=DIRECTION('ref_axis',(0.121869343405147,-0.992546151641322,1.11022302462516E-16));
#1057=DIRECTION('',(0.,0.,-1.));
#1058=DIRECTION('',(0.121869343405147,-0.992546151641322,-2.53123959899267E-16));
#1059=DIRECTION('',(0.,2.45271849027981E-16,-1.));
#1060=DIRECTION('center_axis',(2.81902408741722E-14,1.33407810726537E-14,
1.));
#1061=DIRECTION('ref_axis',(-0.427759203942419,0.903892727840283,-2.52435489670724E-29));
#1062=DIRECTION('',(0.,0.,-1.));
#1063=DIRECTION('',(0.,0.,1.));
#1064=DIRECTION('center_axis',(-0.989307327773682,-0.145845847432473,2.59914763528559E-15));
#1065=DIRECTION('ref_axis',(-0.145845847432473,0.989307327773682,0.));
#1066=DIRECTION('center_axis',(0.,0.,1.));
#1067=DIRECTION('ref_axis',(-0.145844679593547,0.989307499938344,0.));
#1068=DIRECTION('center_axis',(-0.995203975988534,-0.0978215016068228,-6.73297443207774E-15));
#1069=DIRECTION('ref_axis',(-0.0978215016068228,0.995203975988534,0.));
#1070=DIRECTION('center_axis',(0.,0.,-1.));
#1071=DIRECTION('ref_axis',(-0.0978318862698423,0.995202955195012,0.));
#1072=DIRECTION('center_axis',(0.,0.,-1.));
#1073=DIRECTION('ref_axis',(0.196381485322375,0.980527568313394,0.));
#1074=DIRECTION('',(0.,0.,1.));
#1075=DIRECTION('',(0.121869343405147,-0.992546151641322,1.11022302462516E-16));
#1076=DIRECTION('center_axis',(-0.992546151641322,-0.121869343405147,-2.98911191968063E-17));
#1077=DIRECTION('ref_axis',(-0.121869343405147,0.992546151641322,-1.11022302462516E-16));
#1078=DIRECTION('',(0.,2.45271849027981E-16,-1.));
#1079=DIRECTION('',(-0.121869343405147,0.992546151641322,2.53123959899267E-16));
#1080=DIRECTION('center_axis',(0.121869343405147,-0.992546151641322,-2.53123959899267E-16));
#1081=DIRECTION('ref_axis',(-0.701836114466192,-0.0861746391405315,-0.707106781186546));
#1082=DIRECTION('',(0.121869343405147,-0.992546151641322,-2.53123959899267E-16));
#1083=DIRECTION('center_axis',(-1.21530597837831E-17,2.53532668548384E-16,
-1.));
#1084=DIRECTION('ref_axis',(-1.,0.,1.21530597837831E-17));
#1085=DIRECTION('center_axis',(0.,0.,-1.));
#1086=DIRECTION('ref_axis',(-0.104578372977637,0.994516648380182,0.));
#1087=DIRECTION('',(-0.121869343405147,0.992546151641322,2.53123959899267E-16));
#1088=DIRECTION('center_axis',(-0.121869343405147,0.992546151641322,2.53123959899267E-16));
#1089=DIRECTION('ref_axis',(0.701836114466192,0.0861746391405319,-0.707106781186546));
#1090=DIRECTION('',(-0.136815266337553,-0.990596263649066,0.000790785366254205));
#1091=DIRECTION('',(-0.372398194092704,0.92807271250425,-0.000790785366254498));
#1092=DIRECTION('center_axis',(0.,0.,-1.));
#1093=DIRECTION('ref_axis',(-0.615661475325659,-0.788010753606722,0.));
#1094=DIRECTION('',(-0.701836114466186,-0.0861746391405308,-0.707106781186551));
#1095=DIRECTION('center_axis',(0.,0.,1.));
#1096=DIRECTION('ref_axis',(-0.615661475325658,-0.788010753606722,0.));
#1097=DIRECTION('',(0.086174639140531,-0.701836114466175,-0.707106781186563));
#1098=DIRECTION('center_axis',(0.,0.,-1.));
#1099=DIRECTION('ref_axis',(-0.615661475325659,-0.788010753606722,0.));
#1100=DIRECTION('center_axis',(-0.121869343405147,0.992546151641322,0.));
#1101=DIRECTION('ref_axis',(0.70183611446619,0.0861746391405315,-0.707106781186547));
#1102=DIRECTION('center_axis',(-0.121869343405147,0.992546151641322,0.));
#1103=DIRECTION('ref_axis',(0.992546151641322,0.121869343405147,0.));
#1104=DIRECTION('',(-0.121869343405147,0.992546151641322,0.));
#1105=DIRECTION('center_axis',(-0.121869343405147,0.992546151641322,0.));
#1106=DIRECTION('ref_axis',(0.992546151641322,0.121869343405147,0.));
#1107=DIRECTION('',(0.121869343405147,-0.992546151641322,0.));
#1108=DIRECTION('center_axis',(0.,0.,1.));
#1109=DIRECTION('ref_axis',(0.615661475325659,0.788010753606722,0.));
#1110=DIRECTION('center_axis',(-0.992546151641322,-0.121869343405147,0.));
#1111=DIRECTION('ref_axis',(-0.121869343405147,0.992546151641322,0.));
#1112=DIRECTION('center_axis',(0.,0.,-1.));
#1113=DIRECTION('ref_axis',(0.615661475325659,0.788010753606722,0.));
#1114=DIRECTION('center_axis',(0.992546151641322,0.121869343405147,0.));
#1115=DIRECTION('ref_axis',(-0.0861746391405315,0.70183611446619,-0.707106781186547));
#1116=DIRECTION('',(0.992546151641322,0.121869343405147,0.));
#1117=DIRECTION('',(-0.992546151641322,-0.121869343405147,0.));
#1118=DIRECTION('center_axis',(0.992546151641322,0.121869343405147,0.));
#1119=DIRECTION('ref_axis',(0.,0.,-1.));
#1120=DIRECTION('center_axis',(0.992546151641322,0.121869343405147,0.));
#1121=DIRECTION('ref_axis',(0.121869343405147,-0.992546151641322,0.));
#1122=DIRECTION('center_axis',(0.,0.,1.));
#1123=DIRECTION('ref_axis',(0.788010753606722,-0.615661475325658,0.));
#1124=DIRECTION('center_axis',(0.,0.,-1.));
#1125=DIRECTION('ref_axis',(0.788010753606722,-0.615661475325658,0.));
#1126=DIRECTION('center_axis',(-0.121869343405147,0.992546151641322,0.));
#1127=DIRECTION('ref_axis',(0.,0.,-1.));
#1128=DIRECTION('center_axis',(0.,0.,-1.));
#1129=DIRECTION('ref_axis',(-0.788010753606722,0.615661475325658,0.));
#1130=DIRECTION('center_axis',(0.,0.,1.));
#1131=DIRECTION('ref_axis',(-0.788010753606722,0.615661475325658,0.));
#1132=DIRECTION('center_axis',(-0.121869343405147,0.992546151641322,0.));
#1133=DIRECTION('ref_axis',(0.,0.,1.));
#1134=DIRECTION('',(-0.992546151641322,-0.121869343405147,0.));
#1135=DIRECTION('',(0.,0.,1.));
#1136=DIRECTION('',(0.,0.,-1.));
#1137=DIRECTION('center_axis',(0.,0.,1.));
#1138=DIRECTION('ref_axis',(0.615661475325658,0.788010753606722,0.));
#1139=DIRECTION('center_axis',(0.,0.,1.));
#1140=DIRECTION('ref_axis',(0.615661475325658,0.788010753606722,0.));
#1141=DIRECTION('',(0.,0.,-1.));
#1142=DIRECTION('center_axis',(0.992546151641322,0.121869343405147,0.));
#1143=DIRECTION('ref_axis',(0.,0.,-1.));
#1144=DIRECTION('',(-0.121869343405147,0.992546151641322,0.));
#1145=DIRECTION('',(0.,0.,1.));
#1146=DIRECTION('center_axis',(0.,0.,-1.));
#1147=DIRECTION('ref_axis',(0.788010753606722,-0.615661475325658,0.));
#1148=DIRECTION('center_axis',(0.,0.,1.));
#1149=DIRECTION('ref_axis',(0.788010753606722,-0.615661475325658,0.));
#1150=DIRECTION('',(0.,0.,-1.));
#1151=DIRECTION('center_axis',(0.,0.,-1.));
#1152=DIRECTION('ref_axis',(-0.121869343405147,0.992546151641322,0.));
#1153=DIRECTION('',(0.992546151641322,0.121869343405147,0.));
#1154=DIRECTION('center_axis',(0.,0.,1.));
#1155=DIRECTION('ref_axis',(-0.615661475325659,-0.788010753606722,0.));
#1156=DIRECTION('',(0.121869343405147,-0.992546151641322,0.));
#1157=DIRECTION('center_axis',(0.992546151641322,0.121869343405147,0.));
#1158=DIRECTION('ref_axis',(0.0861746391405315,-0.70183611446619,-0.707106781186547));
#1159=DIRECTION('',(-0.992546151641322,-0.121869343405147,0.));
#1160=DIRECTION('center_axis',(-0.992546151641322,-0.121869343405147,0.));
#1161=DIRECTION('ref_axis',(0.,0.,-1.));
#1162=DIRECTION('center_axis',(0.121869343405147,-0.992546151641322,0.));
#1163=DIRECTION('ref_axis',(-0.70183611446619,-0.0861746391405315,-0.707106781186547));
#1164=DIRECTION('center_axis',(-0.121869343405147,0.992546151641322,0.));
#1165=DIRECTION('ref_axis',(0.,0.,-1.));
#1166=DIRECTION('',(-0.121869343405147,0.992546151641322,0.));
#1167=DIRECTION('center_axis',(0.,0.,-1.));
#1168=DIRECTION('ref_axis',(-0.788010753606722,0.615661475325658,0.));
#1169=DIRECTION('center_axis',(0.,0.,1.));
#1170=DIRECTION('ref_axis',(-0.788010753606722,0.615661475325658,0.));
#1171=DIRECTION('',(0.,0.,1.));
#1172=DIRECTION('',(0.597841115225943,0.242782637571886,-0.763965046215492));
#1173=DIRECTION('',(0.376717590230424,-0.926328158489734,0.));
#1174=DIRECTION('',(-0.597545157112282,-0.243354723781903,0.764014570296072));
#1175=DIRECTION('',(0.0735372329843658,-0.598912700779504,0.797430782080804));
#1176=DIRECTION('',(-0.63866834828342,0.0915667913396535,-0.76401457029607));
#1177=DIRECTION('',(0.141428403764445,0.989948486845978,0.));
#1178=DIRECTION('',(0.638817114995887,-0.090940099787131,0.763965046215492));
#1179=DIRECTION('',(0.0876658371930687,-0.71398094799875,-0.694655243184736));
#1180=DIRECTION('center_axis',(-0.0861746391405335,0.701836114466204,0.707106781186533));
#1181=DIRECTION('ref_axis',(0.992655640632957,2.35922392732846E-16,0.120974291151359));
#1182=DIRECTION('',(0.992546151641322,0.121869343405147,0.));
#1183=DIRECTION('',(0.0861746391405354,-0.701836114466186,0.707106781186551));
#1184=DIRECTION('',(-0.0861746391405298,0.701836114466189,-0.707106781186549));
#1185=DIRECTION('center_axis',(0.,0.,-1.));
#1186=DIRECTION('ref_axis',(0.615661475325658,0.788010753606722,0.));
#1187=DIRECTION('',(-0.701836114466184,-0.0861746391405305,0.707106781186554));
#1188=DIRECTION('center_axis',(0.,0.,-1.));
#1189=DIRECTION('ref_axis',(0.615661475325658,0.788010753606722,0.));
#1190=DIRECTION('center_axis',(0.701836114466197,0.0861746391405326,0.707106781186541));
#1191=DIRECTION('ref_axis',(0.709747006865418,-6.2450045135165E-17,-0.70445666030323));
#1192=DIRECTION('',(-0.701836114466189,-0.0861746391405337,0.707106781186549));
#1193=DIRECTION('',(0.121869343405147,-0.992546151641322,0.));
#1194=DIRECTION('center_axis',(0.,0.,-1.));
#1195=DIRECTION('ref_axis',(0.788010753606722,-0.615661475325659,0.));
#1196=DIRECTION('',(-0.0861746391405307,0.701836114466182,0.707106781186555));
#1197=DIRECTION('center_axis',(0.,0.,-1.));
#1198=DIRECTION('ref_axis',(0.788010753606722,-0.615661475325659,0.));
#1199=DIRECTION('center_axis',(0.121869343405147,-0.992546151641322,0.));
#1200=DIRECTION('ref_axis',(0.,0.,-1.));
#1201=DIRECTION('',(0.992546151641322,0.121869343405147,0.));
#1202=DIRECTION('',(0.,0.,1.));
#1203=DIRECTION('center_axis',(0.,0.,-1.));
#1204=DIRECTION('ref_axis',(-0.615661475325659,-0.788010753606722,0.));
#1205=DIRECTION('center_axis',(-0.992546151641322,-0.121869343405147,0.));
#1206=DIRECTION('ref_axis',(0.,0.,1.));
#1207=DIRECTION('',(0.121869343405147,-0.992546151641322,0.));
#1208=DIRECTION('',(0.,0.,-1.));
#1209=DIRECTION('center_axis',(0.,0.,-1.));
#1210=DIRECTION('ref_axis',(-0.788010753606722,0.615661475325659,0.));
#1211=DIRECTION('',(-0.701836114466184,-0.0861746391405305,-0.707106781186554));
#1212=DIRECTION('center_axis',(0.,0.,-1.));
#1213=DIRECTION('ref_axis',(-0.788010753606722,0.615661475325659,0.));
#1214=DIRECTION('center_axis',(0.,0.,1.));
#1215=DIRECTION('ref_axis',(1.,0.,0.));
#1216=DIRECTION('',(-0.992546151641322,-0.121869343405147,0.));
#1217=DIRECTION('',(-0.121869343405147,0.992546151641322,0.));
#1218=DIRECTION('center_axis',(0.0861746391405329,-0.701836114466199,0.707106781186539));
#1219=DIRECTION('ref_axis',(0.992655640632957,3.46944695195361E-16,-0.120974291151357));
#1220=DIRECTION('center_axis',(0.,0.,1.));
#1221=DIRECTION('ref_axis',(-0.615661475325658,-0.788010753606722,0.));
#1222=DIRECTION('center_axis',(-0.701836114466199,-0.0861746391405329,0.707106781186538));
#1223=DIRECTION('ref_axis',(0.709747006865415,-1.38777878078145E-17,0.704456660303233));
#1224=CARTESIAN_POINT('',(0.,0.,0.));
#1225=CARTESIAN_POINT('Ctrl Pts',(-5.53922234431009,10.2407657895863,-92.498841386371));
#1226=CARTESIAN_POINT('Ctrl Pts',(-5.66489717089405,10.2563328849461,-92.7657820994897));
#1227=CARTESIAN_POINT('Ctrl Pts',(-5.86198097118005,10.2764240781145,-93.2190310104862));
#1228=CARTESIAN_POINT('Ctrl Pts',(-6.07369384993078,10.2922795258631,-93.8898027447607));
#1229=CARTESIAN_POINT('Ctrl Pts',(-6.14292144328885,10.295768205484,-94.3072969543268));
#1230=CARTESIAN_POINT('Ctrl Pts',(-6.14292144328885,10.295768205484,-94.5293259045288));
#1231=CARTESIAN_POINT('Ctrl Pts',(-5.64330815393824,10.1814388956839,-92.452612673611));
#1232=CARTESIAN_POINT('Ctrl Pts',(-5.76876804010442,10.197994967011,-92.7216823858381));
#1233=CARTESIAN_POINT('Ctrl Pts',(-5.9665638784628,10.219849164315,-93.1788369083003));
#1234=CARTESIAN_POINT('Ctrl Pts',(-6.18192952950494,10.2378955957479,-93.8613420180455));
#1235=CARTESIAN_POINT('Ctrl Pts',(-6.25599454645879,10.2422573638658,-94.2923825200263));
#1236=CARTESIAN_POINT('Ctrl Pts',(-6.25599454645879,10.2422573638658,-94.5293259045288));
#1237=CARTESIAN_POINT('Ctrl Pts',(-5.81688094536749,9.98725498449299,-92.3808521327279));
#1238=CARTESIAN_POINT('Ctrl Pts',(-5.94225512273896,10.0073604237787,-92.6522180106855));
#1239=CARTESIAN_POINT('Ctrl Pts',(-6.14184596187843,10.0346752514083,-93.1142045358717));
#1240=CARTESIAN_POINT('Ctrl Pts',(-6.36426041800053,10.057726808381,-93.8142358070357));
#1241=CARTESIAN_POINT('Ctrl Pts',(-6.44697879321966,10.0621623615427,-94.2671735972654));
#1242=CARTESIAN_POINT('Ctrl Pts',(-6.44697879321966,10.0621623615427,-94.5293259045288));
#1243=CARTESIAN_POINT('Ctrl Pts',(-5.85387907288148,9.71965703877794,-92.3782142306564));
#1244=CARTESIAN_POINT('Ctrl Pts',(-5.98116901989393,9.74331535113285,-92.646677098828));
#1245=CARTESIAN_POINT('Ctrl Pts',(-6.18438080242829,9.77572734461192,-93.1043302119161));
#1246=CARTESIAN_POINT('Ctrl Pts',(-6.41176427400356,9.80209078045991,-93.8037256296767));
#1247=CARTESIAN_POINT('Ctrl Pts',(-6.49703894403187,9.80447422896148,-94.2601787049957));
#1248=CARTESIAN_POINT('Ctrl Pts',(-6.49703894403187,9.80447422896148,-94.5293259045288));
#1249=CARTESIAN_POINT('Ctrl Pts',(-5.83422863002093,9.59381724085905,-92.3946104297468));
#1250=CARTESIAN_POINT('Ctrl Pts',(-5.96291173951437,9.61834410699728,-92.6605438942494));
#1251=CARTESIAN_POINT('Ctrl Pts',(-6.16820287588082,9.65202262624897,-93.1143109643314));
#1252=CARTESIAN_POINT('Ctrl Pts',(-6.39715712288568,9.67892396372724,-93.8087486081744));
#1253=CARTESIAN_POINT('Ctrl Pts',(-6.48179361190819,9.6803109627367,-94.2620645977341));
#1254=CARTESIAN_POINT('Ctrl Pts',(-6.48179361190819,9.6803109627367,-94.5293259045288));
#1255=CARTESIAN_POINT('',(-6.19787031474895,9.65405526909325,-93.2299751461946));
#1256=CARTESIAN_POINT('',(-5.54456640072233,10.2414327751351,-92.5102152564357));
#1257=CARTESIAN_POINT('Ctrl Pts',(-6.1971660213494,9.65395799351407,-93.2280955953171));
#1258=CARTESIAN_POINT('Ctrl Pts',(-6.12482836337211,9.73375200711491,-92.9965876754924));
#1259=CARTESIAN_POINT('Ctrl Pts',(-6.03882853056838,9.82037128198151,-92.8155743547512));
#1260=CARTESIAN_POINT('Ctrl Pts',(-5.90902530132538,9.94237207572935,-92.6240862360253));
#1261=CARTESIAN_POINT('Ctrl Pts',(-5.85642162468952,9.99032544748122,-92.5607495445707));
#1262=CARTESIAN_POINT('Ctrl Pts',(-5.76520340683935,10.0689947655729,-92.4935970166742));
#1263=CARTESIAN_POINT('Ctrl Pts',(-5.7292651677748,10.0991966270072,-92.4746032055452));
#1264=CARTESIAN_POINT('Ctrl Pts',(-5.66763731391594,10.1489671571061,-92.4620575210447));
#1265=CARTESIAN_POINT('Ctrl Pts',(-5.64301102301183,10.168370306665,-92.4618669871696));
#1266=CARTESIAN_POINT('Ctrl Pts',(-5.60589351948629,10.1967018662793,-92.4713636315449));
#1267=CARTESIAN_POINT('Ctrl Pts',(-5.59349378886283,10.2060022140431,-92.4763041136283));
#1268=CARTESIAN_POINT('Ctrl Pts',(-5.56841680915774,10.2244614807759,-92.4902403394196));
#1269=CARTESIAN_POINT('Ctrl Pts',(-5.55611099416414,10.2333153101885,-92.4993899963812));
#1270=CARTESIAN_POINT('Ctrl Pts',(-5.54457327837107,10.2414271879233,-92.5102203004029));
#1271=CARTESIAN_POINT('',(-6.48179361190819,9.6803109627367,-94.5293259045288));
#1272=CARTESIAN_POINT('Ctrl Pts',(-6.48179361190819,9.6803109627367,-94.5293259045288));
#1273=CARTESIAN_POINT('Ctrl Pts',(-6.48179361190819,9.6803109627367,-94.2620645977341));
#1274=CARTESIAN_POINT('Ctrl Pts',(-6.39787044793593,9.6789356534978,-93.8125692020431));
#1275=CARTESIAN_POINT('Ctrl Pts',(-6.26852815753454,9.66380989432378,-93.4186200155357));
#1276=CARTESIAN_POINT('Ctrl Pts',(-6.19787031474895,9.65405526909325,-93.2299751461946));
#1277=CARTESIAN_POINT('',(-6.14292144328885,10.295768205484,-94.5293259045288));
#1278=CARTESIAN_POINT('Origin',(-5.88626592092339,9.75343256877979,-94.5293259045288));
#1279=CARTESIAN_POINT('Ctrl Pts',(-5.54457387272822,10.2414271074759,-92.510220995048));
#1280=CARTESIAN_POINT('Ctrl Pts',(-5.66825359095404,10.2566747492154,-92.7735106615796));
#1281=CARTESIAN_POINT('Ctrl Pts',(-5.86326994925961,10.2765206113283,-93.2231148908197));
#1282=CARTESIAN_POINT('Ctrl Pts',(-6.07369384993078,10.2922795258631,-93.8898027447607));
#1283=CARTESIAN_POINT('Ctrl Pts',(-6.14292144328885,10.295768205484,-94.3072969543268));
#1284=CARTESIAN_POINT('Ctrl Pts',(-6.14292144328885,10.295768205484,-94.5293259045288));
#1285=CARTESIAN_POINT('Ctrl Pts',(4.92546541849987,11.5010212686341,-92.5102212585923));
#1286=CARTESIAN_POINT('Ctrl Pts',(5.21612498539743,11.6415974998165,-93.2878455189769));
#1287=CARTESIAN_POINT('Ctrl Pts',(5.40763263775134,11.7139979165096,-93.9873404101046));
#1288=CARTESIAN_POINT('Ctrl Pts',(5.40763263775134,11.7139979165096,-94.5293259045288));
#1289=CARTESIAN_POINT('Ctrl Pts',(4.31866910883768,11.6119938591144,-92.5102212585924));
#1290=CARTESIAN_POINT('Ctrl Pts',(4.57054300231512,11.767183745087,-93.2878455189769));
#1291=CARTESIAN_POINT('Ctrl Pts',(4.73503611454869,11.848706524934,-93.9873404101047));
#1292=CARTESIAN_POINT('Ctrl Pts',(4.73503611454869,11.848706524934,-94.5293259045289));
#1293=CARTESIAN_POINT('Ctrl Pts',(2.57039693540486,11.883709046752,-92.5102212585924));
#1294=CARTESIAN_POINT('Ctrl Pts',(2.70742981796244,12.0754192770513,-93.287845518977));
#1295=CARTESIAN_POINT('Ctrl Pts',(2.79958822919524,12.1813927446547,-93.9873404101047));
#1296=CARTESIAN_POINT('Ctrl Pts',(2.79958822919524,12.1813927446547,-94.5293259045289));
#1297=CARTESIAN_POINT('Ctrl Pts',(0.143009429769388,12.0364964123882,-92.5102212585924));
#1298=CARTESIAN_POINT('Ctrl Pts',(0.144993861480728,12.2601102231685,-93.287845518977));
#1299=CARTESIAN_POINT('Ctrl Pts',(0.147973584714095,12.386948928262,-93.9873404101046));
#1300=CARTESIAN_POINT('Ctrl Pts',(0.147973584714089,12.386948928262,-94.5293259045288));
#1301=CARTESIAN_POINT('Ctrl Pts',(-2.42319803410213,11.5341660749299,-92.5102212585924));
#1302=CARTESIAN_POINT('Ctrl Pts',(-2.54352318381804,11.7225410401746,-93.2878455189769));
#1303=CARTESIAN_POINT('Ctrl Pts',(-2.61926815844945,11.8262457745435,-93.9873404101047));
#1304=CARTESIAN_POINT('Ctrl Pts',(-2.61926815844944,11.8262457745435,-94.5293259045289));
#1305=CARTESIAN_POINT('Ctrl Pts',(-4.49970260365409,10.7147117694373,-92.5102212585924));
#1306=CARTESIAN_POINT('Ctrl Pts',(-4.74626961464209,10.8275139996554,-93.2878455189769));
#1307=CARTESIAN_POINT('Ctrl Pts',(-4.90286430315413,10.8826142313111,-93.9873404101046));
#1308=CARTESIAN_POINT('Ctrl Pts',(-4.90286430315414,10.8826142313111,-94.5293259045288));
#1309=CARTESIAN_POINT('Ctrl Pts',(-5.62355293672626,10.2057646819309,-92.5102212585924));
#1310=CARTESIAN_POINT('Ctrl Pts',(-5.93958714061211,10.2718482848653,-93.2878455189769));
#1311=CARTESIAN_POINT('Ctrl Pts',(-6.14292144328885,10.295768205484,-93.9873404101046));
#1312=CARTESIAN_POINT('Ctrl Pts',(-6.14292144328885,10.295768205484,-94.5293259045288));
#1313=CARTESIAN_POINT('',(4.84020946864776,11.5165145898755,-92.5102306575761));
#1314=CARTESIAN_POINT('Ctrl Pts',(-5.54456640072233,10.2414327751351,-92.5102152564357));
#1315=CARTESIAN_POINT('Ctrl Pts',(-5.3193071892665,10.3998112360376,-92.7215916011305));
#1316=CARTESIAN_POINT('Ctrl Pts',(-4.95252601150777,10.6414041474344,-93.0366669276748));
#1317=CARTESIAN_POINT('Ctrl Pts',(-4.16465065783785,11.0539580526143,-93.4590342763377));
#1318=CARTESIAN_POINT('Ctrl Pts',(-3.81456921232128,11.2134762024857,-93.5848997680588));
#1319=CARTESIAN_POINT('Ctrl Pts',(-2.78143599232242,11.6139100306566,-93.7441046395794));
#1320=CARTESIAN_POINT('Ctrl Pts',(-2.21470180728314,11.7634790073271,-93.6207989334142));
#1321=CARTESIAN_POINT('Ctrl Pts',(-1.30373951641623,11.949371117053,-93.4309627313706));
#1322=CARTESIAN_POINT('Ctrl Pts',(-0.848891506538458,12.0201777417085,-93.3020615694619));
#1323=CARTESIAN_POINT('Ctrl Pts',(0.217172779227846,12.1370743748443,-93.3965392828677));
#1324=CARTESIAN_POINT('Ctrl Pts',(0.606070634402127,12.1673642855376,-93.4900589600398));
#1325=CARTESIAN_POINT('Ctrl Pts',(1.41956660132746,12.1829661665801,-93.6470717859754));
#1326=CARTESIAN_POINT('Ctrl Pts',(1.97266527365311,12.1664987172132,-93.7370067350537));
#1327=CARTESIAN_POINT('Ctrl Pts',(3.00271488711528,12.027218024188,-93.5698216985891));
#1328=CARTESIAN_POINT('Ctrl Pts',(3.36340545672275,11.9578969959575,-93.4435412807209));
#1329=CARTESIAN_POINT('Ctrl Pts',(4.11122700143693,11.7728652980385,-93.0631891977348));
#1330=CARTESIAN_POINT('Ctrl Pts',(4.49291364887309,11.6505794125466,-92.7963889494882));
#1331=CARTESIAN_POINT('Ctrl Pts',(4.84021629176639,11.5165111834304,-92.5102405349092));
#1332=CARTESIAN_POINT('',(5.40763263775134,11.7139979165096,-94.5293259045288));
#1333=CARTESIAN_POINT('Ctrl Pts',(5.40763263775134,11.7139979165096,-94.5293259045288));
#1334=CARTESIAN_POINT('Ctrl Pts',(5.17549290530678,11.7604911992413,-94.5293259045288));
#1335=CARTESIAN_POINT('Ctrl Pts',(4.94716567055372,11.80404149321,-94.5293259045288));
#1336=CARTESIAN_POINT('Ctrl Pts',(4.61222207540714,11.8648111063206,-94.5293259045288));
#1337=CARTESIAN_POINT('Ctrl Pts',(4.5026766664399,11.8841710662801,-94.5293259045288));
#1338=CARTESIAN_POINT('Ctrl Pts',(4.33249612978986,11.913452663685,-94.5293259045288));
#1339=CARTESIAN_POINT('Ctrl Pts',(4.27121451425013,11.9238324460804,-94.5293259045288));
#1340=CARTESIAN_POINT('Ctrl Pts',(3.98576139784143,11.9714176022463,-94.5293259045288));
#1341=CARTESIAN_POINT('Ctrl Pts',(3.76534397376697,12.0059390296492,-94.5293259045288));
#1342=CARTESIAN_POINT('Ctrl Pts',(3.52713576819421,12.0408411260684,-94.5293259045288));
#1343=CARTESIAN_POINT('Ctrl Pts',(3.50505142790809,12.0440535441307,-94.5293259045288));
#1344=CARTESIAN_POINT('Ctrl Pts',(3.33150027600914,12.0691147406022,-94.5293259045288));
#1345=CARTESIAN_POINT('Ctrl Pts',(3.18215613061843,12.0895755658963,-94.5293259045288));
#1346=CARTESIAN_POINT('Ctrl Pts',(2.99009765739687,12.1142773224836,-94.5293259045288));
#1347=CARTESIAN_POINT('Ctrl Pts',(2.94561165304671,12.1198837989007,-94.5293259045288));
#1348=CARTESIAN_POINT('Ctrl Pts',(2.70428697869318,12.1496505889444,-94.5293259045288));
#1349=CARTESIAN_POINT('Ctrl Pts',(2.51098130319812,12.1711335880206,-94.5293259045288));
#1350=CARTESIAN_POINT('Ctrl Pts',(2.13305823843569,12.2078313235772,-94.5293259045288));
#1351=CARTESIAN_POINT('Ctrl Pts',(1.94838329718695,12.2230941728369,-94.5293259045288));
#1352=CARTESIAN_POINT('Ctrl Pts',(1.68949832151915,12.2402950570461,-94.5293259045288));
#1353=CARTESIAN_POINT('Ctrl Pts',(1.61254539581856,12.2448605529599,-94.5293259045288));
#1354=CARTESIAN_POINT('Ctrl Pts',(1.30669367620571,12.2607369168159,-94.5293259045288));
#1355=CARTESIAN_POINT('Ctrl Pts',(1.08259417484193,12.2672094771766,-94.5293259045288));
#1356=CARTESIAN_POINT('Ctrl Pts',(0.784293134480041,12.2681635638727,-94.5293259045288));
#1357=CARTESIAN_POINT('Ctrl Pts',(0.70610752655352,12.267672729442,-94.5293259045288));
#1358=CARTESIAN_POINT('Ctrl Pts',(0.578267166028609,12.2656175948894,-94.5293259045288));
#1359=CARTESIAN_POINT('Ctrl Pts',(0.528292767739933,12.2644939386842,-94.5293259045288));
#1360=CARTESIAN_POINT('Ctrl Pts',(0.390770790771623,12.2605018970446,-94.5293259045288));
#1361=CARTESIAN_POINT('Ctrl Pts',(0.303656507312807,12.2569567232438,-94.5293259045288));
#1362=CARTESIAN_POINT('Ctrl Pts',(0.0373187816130684,12.2428977146699,-94.5293259045288));
#1363=CARTESIAN_POINT('Ctrl Pts',(-0.140092654704787,12.228993848388,-94.5293259045288));
#1364=CARTESIAN_POINT('Ctrl Pts',(-0.392444825832883,12.2026797672878,-94.5293259045288));
#1365=CARTESIAN_POINT('Ctrl Pts',(-0.468232566327942,12.1939233573583,-94.5293259045288));
#1366=CARTESIAN_POINT('Ctrl Pts',(-0.721674745845585,12.1617868245239,-94.5293259045288));
#1367=CARTESIAN_POINT('Ctrl Pts',(-0.898979129595738,12.1346005727806,-94.5293259045288));
#1368=CARTESIAN_POINT('Ctrl Pts',(-1.21063560300679,12.0786676029929,-94.5293259045288));
#1369=CARTESIAN_POINT('Ctrl Pts',(-1.3446445926693,12.0520096684393,-94.5293259045288));
#1370=CARTESIAN_POINT('Ctrl Pts',(-1.54199630607471,12.0090136800992,-94.5293259045288));
#1371=CARTESIAN_POINT('Ctrl Pts',(-1.60458139401553,11.9948364804659,-94.5293259045288));
#1372=CARTESIAN_POINT('Ctrl Pts',(-1.81357108678005,11.9457159171059,-94.5293259045288));
#1373=CARTESIAN_POINT('Ctrl Pts',(-1.96105401838212,11.9081660962554,-94.5293259045288));
#1374=CARTESIAN_POINT('Ctrl Pts',(-2.25228852872005,11.8286467682591,-94.5293259045288));
#1375=CARTESIAN_POINT('Ctrl Pts',(-2.39589014039266,11.7869687781961,-94.5293259045288));
#1376=CARTESIAN_POINT('Ctrl Pts',(-2.60348655504156,11.7234294527378,-94.5293259045288));
#1377=CARTESIAN_POINT('Ctrl Pts',(-2.66605465930702,11.7038624003742,-94.5293259045288));
#1378=CARTESIAN_POINT('Ctrl Pts',(-2.89850919432798,11.6296831427442,-94.5293259045288));
#1379=CARTESIAN_POINT('Ctrl Pts',(-3.07051567448117,11.5718966169932,-94.5293259045288));
#1380=CARTESIAN_POINT('Ctrl Pts',(-3.39478834873555,11.4579162482688,-94.5293259045288));
#1381=CARTESIAN_POINT('Ctrl Pts',(-3.54636872500119,11.4026714102161,-94.5293259045288));
#1382=CARTESIAN_POINT('Ctrl Pts',(-3.78623355240275,11.3123368988502,-94.5293259045288));
#1383=CARTESIAN_POINT('Ctrl Pts',(-3.87314898310555,11.2790226499558,-94.5293259045288));
#1384=CARTESIAN_POINT('Ctrl Pts',(-4.2287890742979,11.1404108961973,-94.5293259045288));
#1385=CARTESIAN_POINT('Ctrl Pts',(-4.5028842479498,11.0283220160759,-94.5293259045288));
#1386=CARTESIAN_POINT('Ctrl Pts',(-4.9230123845489,10.849272016116,-94.5293259045288));
#1387=CARTESIAN_POINT('Ctrl Pts',(-5.06450700589393,10.7877897755481,-94.5293259045288));
#1388=CARTESIAN_POINT('Ctrl Pts',(-5.51244722891472,10.5896099851371,-94.5293259045288));
#1389=CARTESIAN_POINT('Ctrl Pts',(-5.82424100365328,10.4465808926225,-94.5293259045288));
#1390=CARTESIAN_POINT('Ctrl Pts',(-6.14292144328885,10.295768205484,-94.5293259045288));
#1391=CARTESIAN_POINT('Ctrl Pts',(5.40763263775134,11.7139979165096,-94.5293259045288));
#1392=CARTESIAN_POINT('Ctrl Pts',(5.40763263775134,11.7139979165096,-94.3074032314313));
#1393=CARTESIAN_POINT('Ctrl Pts',(5.34136300522805,11.6938829123889,-93.8900957977678));
#1394=CARTESIAN_POINT('Ctrl Pts',(5.14104993317679,11.6277049717134,-93.2233790009641));
#1395=CARTESIAN_POINT('Ctrl Pts',(4.95659805089465,11.5612625770981,-92.7736887329495));
#1396=CARTESIAN_POINT('Ctrl Pts',(4.84020885958452,11.5165191550382,-92.510230299275));
#1397=CARTESIAN_POINT('Ctrl Pts',(5.27819932979966,10.9583442937342,-92.3952202535146));
#1398=CARTESIAN_POINT('Ctrl Pts',(5.39710173938099,11.0132581899691,-92.6611335467775));
#1399=CARTESIAN_POINT('Ctrl Pts',(5.58807606910126,11.0955629918983,-93.1148011059346));
#1400=CARTESIAN_POINT('Ctrl Pts',(5.80361121096674,11.1770023202599,-93.8090626575476));
#1401=CARTESIAN_POINT('Ctrl Pts',(5.88533143754271,11.1988029815647,-94.2621925259071));
#1402=CARTESIAN_POINT('Ctrl Pts',(5.88533143754271,11.1988029815647,-94.5293259045288));
#1403=CARTESIAN_POINT('Ctrl Pts',(5.26682011432015,11.0851972625271,-92.3788297857229));
#1404=CARTESIAN_POINT('Ctrl Pts',(5.38458110562507,11.1389316457658,-92.6472720155415));
#1405=CARTESIAN_POINT('Ctrl Pts',(5.57384501076795,11.2195054214101,-93.1048240989705));
#1406=CARTESIAN_POINT('Ctrl Pts',(5.78798771136228,11.3000447461556,-93.8040417213381));
#1407=CARTESIAN_POINT('Ctrl Pts',(5.87008610541903,11.3229662477895,-94.2603075358763));
#1408=CARTESIAN_POINT('Ctrl Pts',(5.87008610541903,11.3229662477895,-94.5293259045288));
#1409=CARTESIAN_POINT('Ctrl Pts',(5.1661804683225,11.3358864712165,-92.3814746399222));
#1410=CARTESIAN_POINT('Ctrl Pts',(5.2829418884162,11.3857109375679,-92.652818331859));
#1411=CARTESIAN_POINT('Ctrl Pts',(5.46992561494891,11.4604658125883,-93.1147005584365));
#1412=CARTESIAN_POINT('Ctrl Pts',(5.68004865280199,11.5365947827444,-93.8145500517739));
#1413=CARTESIAN_POINT('Ctrl Pts',(5.75917220756822,11.560888974192,-94.2672990799478));
#1414=CARTESIAN_POINT('Ctrl Pts',(5.75917220756822,11.560888974192,-94.5293259045288));
#1415=CARTESIAN_POINT('Ctrl Pts',(4.95078872950888,11.4823037746572,-92.453229626374));
#1416=CARTESIAN_POINT('Ctrl Pts',(5.06849074379406,11.5287054700095,-92.7222755344427));
#1417=CARTESIAN_POINT('Ctrl Pts',(5.25505165331741,11.597729563242,-93.1793237000166));
#1418=CARTESIAN_POINT('Ctrl Pts',(5.45954275645332,11.6673003866471,-93.8616432083344));
#1419=CARTESIAN_POINT('Ctrl Pts',(5.53029243075335,11.6894314350383,-94.2924959361228));
#1420=CARTESIAN_POINT('Ctrl Pts',(5.53029243075335,11.6894314350383,-94.5293259045288));
#1421=CARTESIAN_POINT('Ctrl Pts',(4.83544324649899,11.5146856221456,-92.4994535161114));
#1422=CARTESIAN_POINT('Ctrl Pts',(4.953592467035,11.560179637459,-92.7663695972015));
#1423=CARTESIAN_POINT('Ctrl Pts',(5.13988790888006,11.6273210707818,-93.2195113496471));
#1424=CARTESIAN_POINT('Ctrl Pts',(5.34136300522805,11.6938829123889,-93.8900957977678));
#1425=CARTESIAN_POINT('Ctrl Pts',(5.40763263775134,11.7139979165096,-94.3074032314313));
#1426=CARTESIAN_POINT('Ctrl Pts',(5.40763263775134,11.7139979165096,-94.5293259045288));
#1427=CARTESIAN_POINT('',(5.61619109954367,11.1046397344572,-93.2299760881466));
#1428=CARTESIAN_POINT('Ctrl Pts',(4.84020442442499,11.5165174622567,-92.5102203088389));
#1429=CARTESIAN_POINT('Ctrl Pts',(4.85402127066026,11.5111831935764,-92.4988471527303));
#1430=CARTESIAN_POINT('Ctrl Pts',(4.86884863557414,11.5052635473806,-92.489334931435));
#1431=CARTESIAN_POINT('Ctrl Pts',(4.89920749996457,11.4927416468773,-92.4751085560123));
#1432=CARTESIAN_POINT('Ctrl Pts',(4.91424323948512,11.486374869173,-92.4702183896738));
#1433=CARTESIAN_POINT('Ctrl Pts',(4.95941855363025,11.4667804617316,-92.461309458272));
#1434=CARTESIAN_POINT('Ctrl Pts',(4.98948487771288,11.4531644641378,-92.4624913135956));
#1435=CARTESIAN_POINT('Ctrl Pts',(5.0640911358419,11.4182682599121,-92.4781465272643));
#1436=CARTESIAN_POINT('Ctrl Pts',(5.10753420581814,11.396883823318,-92.4994365813529));
#1437=CARTESIAN_POINT('Ctrl Pts',(5.2035713041007,11.3480621061368,-92.5634002069898));
#1438=CARTESIAN_POINT('Ctrl Pts',(5.26145808772276,11.3171894485432,-92.6178943109691));
#1439=CARTESIAN_POINT('Ctrl Pts',(5.42288330693613,11.2267838841563,-92.8177872916774));
#1440=CARTESIAN_POINT('Ctrl Pts',(5.52654432026729,11.163961475782,-92.9978970780677));
#1441=CARTESIAN_POINT('Ctrl Pts',(5.61553266103944,11.1043755296462,-93.2281005249312));
#1442=CARTESIAN_POINT('',(5.88533143754271,11.1988029815647,-94.5293259045288));
#1443=CARTESIAN_POINT('Origin',(5.28980374655792,11.1256813755216,-94.5293259045288));
#1444=CARTESIAN_POINT('Ctrl Pts',(5.61619109954367,11.1046397344572,-93.2299760881466));
#1445=CARTESIAN_POINT('Ctrl Pts',(5.68242278005528,11.1312110490542,-93.4187138768692));
#1446=CARTESIAN_POINT('Ctrl Pts',(5.80426105886423,11.1771756814278,-93.812665994256));
#1447=CARTESIAN_POINT('Ctrl Pts',(5.88533143754271,11.1988029815647,-94.2621925259071));
#1448=CARTESIAN_POINT('Ctrl Pts',(5.88533143754271,11.1988029815647,-94.5293259045288));
#1449=CARTESIAN_POINT('Ctrl Pts',(5.65963594245811,10.7400447616687,-93.2645924754283));
#1450=CARTESIAN_POINT('Ctrl Pts',(5.82682001322328,10.81711548542,-93.7238127653304));
#1451=CARTESIAN_POINT('Ctrl Pts',(5.92726225344747,10.8573038908287,-94.1508706907532));
#1452=CARTESIAN_POINT('Ctrl Pts',(5.92726225344747,10.8573038908287,-94.5293259045288));
#1453=CARTESIAN_POINT('Ctrl Pts',(5.64471551994438,10.8615618514723,-93.2532097167319));
#1454=CARTESIAN_POINT('Ctrl Pts',(5.81214188881636,10.9366592155028,-93.7194757519555));
#1455=CARTESIAN_POINT('Ctrl Pts',(5.91273192089008,10.9756439528898,-94.1508706907532));
#1456=CARTESIAN_POINT('Ctrl Pts',(5.91273192089008,10.9756439528898,-94.5293259045288));
#1457=CARTESIAN_POINT('Ctrl Pts',(5.62979509743064,10.9830789412759,-93.2418269580356));
#1458=CARTESIAN_POINT('Ctrl Pts',(5.79746376440944,11.0562029455857,-93.7151387385807));
#1459=CARTESIAN_POINT('Ctrl Pts',(5.89820158833268,11.0939840149509,-94.1508706907532));
#1460=CARTESIAN_POINT('Ctrl Pts',(5.89820158833268,11.0939840149509,-94.5293259045288));
#1461=CARTESIAN_POINT('Ctrl Pts',(5.6148746749169,11.1045960310795,-93.2304441993392));
#1462=CARTESIAN_POINT('Ctrl Pts',(5.78278564000253,11.1757466756685,-93.7108017252059));
#1463=CARTESIAN_POINT('Ctrl Pts',(5.88367125577529,11.212324077012,-94.1508706907532));
#1464=CARTESIAN_POINT('Ctrl Pts',(5.88367125577529,11.212324077012,-94.5293259045288));
#1465=CARTESIAN_POINT('',(5.81845381570527,10.9607300802986,-93.8343107485722));
#1466=CARTESIAN_POINT('Ctrl Pts',(5.61487467491713,11.1045960310794,-93.2304441993398));
#1467=CARTESIAN_POINT('Ctrl Pts',(5.64807550221358,11.0823552321554,-93.3165343882725));
#1468=CARTESIAN_POINT('Ctrl Pts',(5.67918838450888,11.0610882337699,-93.4006448340787));
#1469=CARTESIAN_POINT('Ctrl Pts',(5.70794396727977,11.0409951185049,-93.4829480405418));
#1470=CARTESIAN_POINT('Ctrl Pts',(5.73754123312593,11.0203138727477,-93.5676602823729));
#1471=CARTESIAN_POINT('Ctrl Pts',(5.76464144847447,11.0008766226331,-93.6504580363028));
#1472=CARTESIAN_POINT('Ctrl Pts',(5.7889499902405,10.9828926607754,-93.7315855871285));
#1473=CARTESIAN_POINT('Ctrl Pts',(5.79929829165121,10.9752367734065,-93.7661221034171));
#1474=CARTESIAN_POINT('Ctrl Pts',(5.80914063381036,10.9678441172965,-93.8003566078479));
#1475=CARTESIAN_POINT('Ctrl Pts',(5.81845381570526,10.9607300802986,-93.8343107485722));
#1476=CARTESIAN_POINT('',(5.92726225344747,10.8573038908287,-94.5293259045288));
#1477=CARTESIAN_POINT('',(5.97903649985369,10.4356364920491,-94.5293259045288));
#1478=CARTESIAN_POINT('Ctrl Pts',(5.81845381570526,10.9607300802986,-93.8343107485722));
#1479=CARTESIAN_POINT('Ctrl Pts',(5.84983329619217,10.9367603148975,-93.9487145375599));
#1480=CARTESIAN_POINT('Ctrl Pts',(5.87695049240989,10.9146184739096,-94.0663072550248));
#1481=CARTESIAN_POINT('Ctrl Pts',(5.91470340393139,10.8792498576046,-94.2979225220728));
#1482=CARTESIAN_POINT('Ctrl Pts',(5.92626258664126,10.865445523611,-94.4134912611105));
#1483=CARTESIAN_POINT('Ctrl Pts',(5.92726225344747,10.8573038908287,-94.5293259045288));
#1484=CARTESIAN_POINT('Origin',(5.83279328776751,11.6266918740187,-94.5293259045288));
#1485=CARTESIAN_POINT('',(5.95534133735775,10.6286181040832,-100.758560223058));
#1486=CARTESIAN_POINT('Ctrl Pts',(5.92726225344747,10.8573038908287,-94.5293259045288));
#1487=CARTESIAN_POINT('Ctrl Pts',(5.9385938069857,10.7650157932462,-95.8423498594307));
#1488=CARTESIAN_POINT('Ctrl Pts',(5.95043046105856,10.668613981906,-96.8172249971927));
#1489=CARTESIAN_POINT('Ctrl Pts',(5.96050323818236,10.586577795518,-98.833503997747));
#1490=CARTESIAN_POINT('Ctrl Pts',(5.95772482377655,10.6092061649821,-99.6659827629473));
#1491=CARTESIAN_POINT('Ctrl Pts',(5.95534133735775,10.6286181040832,-100.758560223058));
#1492=CARTESIAN_POINT('',(5.88533143754271,11.1988029815647,-104.989325904529));
#1493=CARTESIAN_POINT('',(5.88533143754271,11.1988029815647,-94.5293259045288));
#1494=CARTESIAN_POINT('',(5.97903649985369,10.4356364920491,-104.989325904529));
#1495=CARTESIAN_POINT('',(5.84928971388863,11.4923392648648,-104.989325904529));
#1496=CARTESIAN_POINT('',(5.97903649985369,10.4356364920491,-104.985349977762));
#1497=CARTESIAN_POINT('',(5.97903649985369,10.4356364920491,-94.5293259045288));
#1498=CARTESIAN_POINT('Ctrl Pts',(5.95534133735775,10.6286181040832,-100.758560223058));
#1499=CARTESIAN_POINT('Ctrl Pts',(5.95366760327793,10.6422495742576,-101.525790997012));
#1500=CARTESIAN_POINT('Ctrl Pts',(5.95283596888604,10.6490226928465,-102.124536034646));
#1501=CARTESIAN_POINT('Ctrl Pts',(5.95767449165248,10.609616087237,-103.518483204841));
#1502=CARTESIAN_POINT('Ctrl Pts',(5.96399499717536,10.5581397006587,-104.283110961465));
#1503=CARTESIAN_POINT('Ctrl Pts',(5.97903649985368,10.4356364920491,-104.985349977762));
#1504=CARTESIAN_POINT('Ctrl Pts',(-6.14292144328885,10.295768205484,-94.5293259045287));
#1505=CARTESIAN_POINT('Ctrl Pts',(-6.14292144328885,10.295768205484,-109.591725904529));
#1506=CARTESIAN_POINT('Ctrl Pts',(-6.25599454645879,10.2422573638658,-94.5293259045287));
#1507=CARTESIAN_POINT('Ctrl Pts',(-6.25599454645879,10.2422573638658,-109.591725904529));
#1508=CARTESIAN_POINT('Ctrl Pts',(-6.44697360565351,10.0621595052569,-94.5293259045287));
#1509=CARTESIAN_POINT('Ctrl Pts',(-6.44697360565351,10.0621595052569,-109.591725904529));
#1510=CARTESIAN_POINT('Ctrl Pts',(-6.49703894403187,9.80447422896148,-94.5293259045287));
#1511=CARTESIAN_POINT('Ctrl Pts',(-6.49703894403187,9.80447422896148,-109.591725904529));
#1512=CARTESIAN_POINT('Ctrl Pts',(-6.48179361190819,9.6803109627367,-94.5293259045287));
#1513=CARTESIAN_POINT('Ctrl Pts',(-6.48179361190819,9.6803109627367,-109.591725904529));
#1514=CARTESIAN_POINT('',(-6.14292144328885,10.295768205484,-104.989325904529));
#1515=CARTESIAN_POINT('',(-6.48179361190819,9.6803109627367,-104.989325904529));
#1516=CARTESIAN_POINT('Origin',(-5.88626592092339,9.75343256877979,-104.989325904529));
#1517=CARTESIAN_POINT('',(-6.14292144328885,10.295768205484,-94.5293259045287));
#1518=CARTESIAN_POINT('',(-6.48179361190819,9.6803109627367,-104.989325904529));
#1519=CARTESIAN_POINT('Ctrl Pts',(-6.14292144328885,10.295768205484,-104.989325904529));
#1520=CARTESIAN_POINT('Ctrl Pts',(-6.14292144328884,10.295768205484,-105.806113830598));
#1521=CARTESIAN_POINT('Ctrl Pts',(-5.77599455979124,10.4723135879627,-107.437051244363));
#1522=CARTESIAN_POINT('Ctrl Pts',(-4.39813172333442,11.0874977694193,-109.196426430995));
#1523=CARTESIAN_POINT('Ctrl Pts',(-2.64864418301178,11.7424667627424,-110.177333570204));
#1524=CARTESIAN_POINT('Ctrl Pts',(-1.39933645324819,12.0607191551428,-110.389325904529));
#1525=CARTESIAN_POINT('Ctrl Pts',(-0.755294455314795,12.1556652334075,-110.389325904529));
#1526=CARTESIAN_POINT('Ctrl Pts',(-6.25599454645879,10.2422573638658,-104.989325904529));
#1527=CARTESIAN_POINT('Ctrl Pts',(-6.25599454645879,10.2422573638658,-105.826060164822));
#1528=CARTESIAN_POINT('Ctrl Pts',(-5.88390090361154,10.4224220411732,-107.496797632686));
#1529=CARTESIAN_POINT('Ctrl Pts',(-4.4835736885138,11.0525841258436,-109.305823770388));
#1530=CARTESIAN_POINT('Ctrl Pts',(-2.69865873243261,11.7278150480058,-110.32271259704));
#1531=CARTESIAN_POINT('Ctrl Pts',(-1.41706626109479,12.0580963463613,-110.546128476888));
#1532=CARTESIAN_POINT('Ctrl Pts',(-0.755294455314795,12.1556652334075,-110.546405537208));
#1533=CARTESIAN_POINT('Ctrl Pts',(-6.44711430967694,10.0622369772147,-104.989325904529));
#1534=CARTESIAN_POINT('Ctrl Pts',(-6.44711430967693,10.0622369772147,-105.865816521388));
#1535=CARTESIAN_POINT('Ctrl Pts',(-6.06328645605485,10.245977846088,-107.616271201586));
#1536=CARTESIAN_POINT('Ctrl Pts',(-4.61442559986341,10.8897848131078,-109.524205044133));
#1537=CARTESIAN_POINT('Ctrl Pts',(-2.75969300818264,11.5837822475162,-110.61226783067));
#1538=CARTESIAN_POINT('Ctrl Pts',(-1.42478854438953,11.9258597206916,-110.858332827852));
#1539=CARTESIAN_POINT('Ctrl Pts',(-0.736307248182295,12.0268704580963,-110.85913908422));
#1540=CARTESIAN_POINT('Ctrl Pts',(-6.49703894403187,9.80447422896148,-104.989325904529));
#1541=CARTESIAN_POINT('Ctrl Pts',(-6.49703894403186,9.80447422896148,-105.890672476411));
#1542=CARTESIAN_POINT('Ctrl Pts',(-6.09963756156834,9.98524104545813,-107.690185378071));
#1543=CARTESIAN_POINT('Ctrl Pts',(-4.60544600913172,10.6166767782678,-109.642976524315));
#1544=CARTESIAN_POINT('Ctrl Pts',(-2.71086590142535,11.2906061732906,-110.745168889433));
#1545=CARTESIAN_POINT('Ctrl Pts',(-1.37434431908921,11.6180834269515,-110.988885191507));
#1546=CARTESIAN_POINT('Ctrl Pts',(-0.690696358997833,11.7174808683972,-110.989325904529));
#1547=CARTESIAN_POINT('Ctrl Pts',(-6.48179361190819,9.6803109627367,-104.989325904529));
#1548=CARTESIAN_POINT('Ctrl Pts',(-6.48179361190818,9.6803109627367,-105.896868044605));
#1549=CARTESIAN_POINT('Ctrl Pts',(-6.07782739424928,9.85963489903621,-107.709020726567));
#1550=CARTESIAN_POINT('Ctrl Pts',(-4.56583483692968,10.4841541227983,-109.663882045047));
#1551=CARTESIAN_POINT('Ctrl Pts',(-2.66465898260662,11.146103522112,-110.75377886639));
#1552=CARTESIAN_POINT('Ctrl Pts',(-1.34136619356389,11.4644443017777,-110.989325904529));
#1553=CARTESIAN_POINT('Ctrl Pts',(-0.667786946855311,11.5620808367433,-110.989325904529));
#1554=CARTESIAN_POINT('',(-0.755294455314795,12.1556652334075,-110.389325904529));
#1555=CARTESIAN_POINT('',(-0.667786946855313,11.5620808367433,-110.989325904529));
#1556=CARTESIAN_POINT('Origin',(-0.667786946855311,11.5620808367433,-110.389325904529));
#1557=CARTESIAN_POINT('Ctrl Pts',(-6.14292144328885,10.295768205484,-104.989325904529));
#1558=CARTESIAN_POINT('Ctrl Pts',(-6.14292144328884,10.295768205484,-105.806113830598));
#1559=CARTESIAN_POINT('Ctrl Pts',(-5.77599455979124,10.4723135879627,-107.437051244363));
#1560=CARTESIAN_POINT('Ctrl Pts',(-4.39813172333442,11.0874977694193,-109.196426430995));
#1561=CARTESIAN_POINT('Ctrl Pts',(-2.64864418301178,11.7424667627424,-110.177333570204));
#1562=CARTESIAN_POINT('Ctrl Pts',(-1.39933645324819,12.0607191551428,-110.389325904529));
#1563=CARTESIAN_POINT('Ctrl Pts',(-0.755294455314795,12.1556652334075,-110.389325904529));
#1564=CARTESIAN_POINT('Ctrl Pts',(-0.667786946855311,11.5620808367433,-110.989325904529));
#1565=CARTESIAN_POINT('Ctrl Pts',(-1.34136619356389,11.4644443017777,-110.989325904529));
#1566=CARTESIAN_POINT('Ctrl Pts',(-2.66465898260662,11.146103522112,-110.75377886639));
#1567=CARTESIAN_POINT('Ctrl Pts',(-4.56583483692968,10.4841541227983,-109.663882045047));
#1568=CARTESIAN_POINT('Ctrl Pts',(-6.07782739424928,9.85963489903621,-107.709020726567));
#1569=CARTESIAN_POINT('Ctrl Pts',(-6.48179361190818,9.6803109627367,-105.896868044605));
#1570=CARTESIAN_POINT('Ctrl Pts',(-6.48179361190819,9.6803109627367,-104.989325904529));
#1571=CARTESIAN_POINT('Ctrl Pts',(-0.211215717100311,11.6181407347097,-110.989325904529));
#1572=CARTESIAN_POINT('Ctrl Pts',(-0.363828547609846,11.6031399744584,-110.989325904529));
#1573=CARTESIAN_POINT('Ctrl Pts',(-0.516078357281591,11.5844460484303,-110.989325904529));
#1574=CARTESIAN_POINT('Ctrl Pts',(-0.667786946855299,11.5620808367433,-110.989325904529));
#1575=CARTESIAN_POINT('Ctrl Pts',(-0.226581482640866,11.7744670096992,-110.989325904529));
#1576=CARTESIAN_POINT('Ctrl Pts',(-0.381704212175398,11.7592195441519,-110.989325904529));
#1577=CARTESIAN_POINT('Ctrl Pts',(-0.536492741714279,11.7402139025196,-110.989325904529));
#1578=CARTESIAN_POINT('Ctrl Pts',(-0.690696358997817,11.7174808683972,-110.989325904529));
#1579=CARTESIAN_POINT('Ctrl Pts',(-0.25717362135418,12.0857014273005,-110.859139836016));
#1580=CARTESIAN_POINT('Ctrl Pts',(-0.417272132230674,12.0699648776917,-110.859139836016));
#1581=CARTESIAN_POINT('Ctrl Pts',(-0.577157441031576,12.0503334302558,-110.859139836016));
#1582=CARTESIAN_POINT('Ctrl Pts',(-0.736307357828606,12.0268712018537,-110.859139836016));
#1583=CARTESIAN_POINT('Ctrl Pts',(-0.269908618064401,12.2152631203028,-110.546405537208));
#1584=CARTESIAN_POINT('Ctrl Pts',(-0.432111040186437,12.1993197711211,-110.546405537208));
#1585=CARTESIAN_POINT('Ctrl Pts',(-0.594053093083333,12.1794357872644,-110.546405537208));
#1586=CARTESIAN_POINT('Ctrl Pts',(-0.75529445531477,12.1556652334076,-110.546405537208));
#1587=CARTESIAN_POINT('Ctrl Pts',(-0.269908618064401,12.2152631203028,-110.389325904529));
#1588=CARTESIAN_POINT('Ctrl Pts',(-0.432090911414981,12.1993217496367,-110.389325904529));
#1589=CARTESIAN_POINT('Ctrl Pts',(-0.594073102590507,12.1794328374191,-110.389325904529));
#1590=CARTESIAN_POINT('Ctrl Pts',(-0.75529445531477,12.1556652334076,-110.389325904529));
#1591=CARTESIAN_POINT('',(-0.211215717100307,11.6181407347097,-110.989325904529));
#1592=CARTESIAN_POINT('Origin',(0.718837523095651,2.15619786903028,-110.989325904529));
#1593=CARTESIAN_POINT('',(-0.269908618064405,12.2152631203028,-110.389325904529));
#1594=CARTESIAN_POINT('Origin',(-0.211215717100311,11.6181407347097,-110.389325904529));
#1595=CARTESIAN_POINT('Origin',(0.719312490784338,2.15232956761482,-110.389325904529));
#1596=CARTESIAN_POINT('Ctrl Pts',(-0.269908618064404,12.2152631203028,-110.389325904529));
#1597=CARTESIAN_POINT('Ctrl Pts',(0.377973462464175,12.2789453397378,-110.389325904529));
#1598=CARTESIAN_POINT('Ctrl Pts',(1.66716920928696,12.2723675042799,-110.17730809003));
#1599=CARTESIAN_POINT('Ctrl Pts',(3.52313002213246,12.0600922322453,-109.196390438258));
#1600=CARTESIAN_POINT('Ctrl Pts',(5.00887959971647,11.7965240064262,-107.436986262703));
#1601=CARTESIAN_POINT('Ctrl Pts',(5.40763263775134,11.7139979165096,-105.80611552897));
#1602=CARTESIAN_POINT('Ctrl Pts',(5.40763263775134,11.7139979165096,-104.989325904529));
#1603=CARTESIAN_POINT('Ctrl Pts',(-0.269908618064404,12.2152631203028,-110.546405537208));
#1604=CARTESIAN_POINT('Ctrl Pts',(0.3958111712081,12.2806896719362,-110.546128476312));
#1605=CARTESIAN_POINT('Ctrl Pts',(1.7192442642236,12.2702489664543,-110.32268564702));
#1606=CARTESIAN_POINT('Ctrl Pts',(3.61448141374649,12.0468838681798,-109.305786129288));
#1607=CARTESIAN_POINT('Ctrl Pts',(5.12565158977422,11.7742168051105,-107.496730408444));
#1608=CARTESIAN_POINT('Ctrl Pts',(5.53029243075335,11.6894314350383,-105.826061904669));
#1609=CARTESIAN_POINT('Ctrl Pts',(5.53029243075335,11.6894314350383,-104.989325904529));
#1610=CARTESIAN_POINT('Ctrl Pts',(-0.257173543453487,12.0857006347643,-110.85913903966));
#1611=CARTESIAN_POINT('Ctrl Pts',(0.435295064814267,12.1542491907506,-110.858332781616));
#1612=CARTESIAN_POINT('Ctrl Pts',(1.81330594825611,12.1452607427755,-110.612238802426));
#1613=CARTESIAN_POINT('Ctrl Pts',(3.78082656430985,11.9205779095566,-109.524165766958));
#1614=CARTESIAN_POINT('Ctrl Pts',(5.34238962316801,11.6464136791471,-107.61620174337));
#1615=CARTESIAN_POINT('Ctrl Pts',(5.75928597407492,11.5609944607176,-105.865818343901));
#1616=CARTESIAN_POINT('Ctrl Pts',(5.75928597407492,11.5609944607176,-104.989325904529));
#1617=CARTESIAN_POINT('Ctrl Pts',(-0.226581482640865,11.7744670096991,-110.989325904529));
#1618=CARTESIAN_POINT('Ctrl Pts',(0.460807058070338,11.8434116508482,-110.988885190591));
#1619=CARTESIAN_POINT('Ctrl Pts',(1.83686891215324,11.8489822693528,-110.74513942593));
#1620=CARTESIAN_POINT('Ctrl Pts',(3.83819710221678,11.6534104934811,-109.642935107194));
#1621=CARTESIAN_POINT('Ctrl Pts',(5.44075018082598,11.4022156648911,-107.690111867265));
#1622=CARTESIAN_POINT('Ctrl Pts',(5.87008610541903,11.3229662477895,-105.890674350608));
#1623=CARTESIAN_POINT('Ctrl Pts',(5.87008610541903,11.3229662477895,-104.989325904529));
#1624=CARTESIAN_POINT('Ctrl Pts',(-0.211215717100308,11.6181407347097,-110.989325904529));
#1625=CARTESIAN_POINT('Ctrl Pts',(0.46597717101274,11.6863581321507,-110.989325904529));
#1626=CARTESIAN_POINT('Ctrl Pts',(1.82699280327439,11.6975941286618,-110.753750555086));
#1627=CARTESIAN_POINT('Ctrl Pts',(3.83182265104865,11.5152421215033,-109.663842053117));
#1628=CARTESIAN_POINT('Ctrl Pts',(5.44997392403352,11.2750647336236,-107.708948524722));
#1629=CARTESIAN_POINT('Ctrl Pts',(5.88533143754271,11.1988029815647,-105.896869931686));
#1630=CARTESIAN_POINT('Ctrl Pts',(5.88533143754271,11.1988029815647,-104.989325904529));
#1631=CARTESIAN_POINT('',(5.40763263775134,11.7139979165096,-104.989325904529));
#1632=CARTESIAN_POINT('Origin',(5.28980374655792,11.1256813755216,-104.989325904529));
#1633=CARTESIAN_POINT('Ctrl Pts',(-0.269908618064404,12.2152631203028,-110.389325904529));
#1634=CARTESIAN_POINT('Ctrl Pts',(0.377973462464175,12.2789453397378,-110.389325904529));
#1635=CARTESIAN_POINT('Ctrl Pts',(1.66716920928696,12.2723675042799,-110.17730809003));
#1636=CARTESIAN_POINT('Ctrl Pts',(3.52313002213246,12.0600922322453,-109.196390438258));
#1637=CARTESIAN_POINT('Ctrl Pts',(5.00887959971647,11.7965240064262,-107.436986262703));
#1638=CARTESIAN_POINT('Ctrl Pts',(5.40763263775134,11.7139979165096,-105.80611552897));
#1639=CARTESIAN_POINT('Ctrl Pts',(5.40763263775134,11.7139979165096,-104.989325904529));
#1640=CARTESIAN_POINT('Ctrl Pts',(5.88533143754271,11.1988029815647,-104.989325904529));
#1641=CARTESIAN_POINT('Ctrl Pts',(5.88533143754271,11.1988029815647,-105.896869931686));
#1642=CARTESIAN_POINT('Ctrl Pts',(5.44997392403352,11.2750647336236,-107.708948524722));
#1643=CARTESIAN_POINT('Ctrl Pts',(3.83182265104865,11.5152421215033,-109.663842053117));
#1644=CARTESIAN_POINT('Ctrl Pts',(1.82699280327439,11.6975941286618,-110.753750555086));
#1645=CARTESIAN_POINT('Ctrl Pts',(0.46597717101274,11.6863581321507,-110.989325904529));
#1646=CARTESIAN_POINT('Ctrl Pts',(-0.211215717100308,11.6181407347097,-110.989325904529));
#1647=CARTESIAN_POINT('Ctrl Pts',(5.88533143754271,11.1988029815647,-94.5293259045288));
#1648=CARTESIAN_POINT('Ctrl Pts',(5.88533143754271,11.1988029815647,-109.591725904529));
#1649=CARTESIAN_POINT('Ctrl Pts',(5.87008610541903,11.3229662477895,-94.5293259045288));
#1650=CARTESIAN_POINT('Ctrl Pts',(5.87008610541903,11.3229662477895,-109.591725904529));
#1651=CARTESIAN_POINT('Ctrl Pts',(5.75916791458296,11.5608849936523,-94.5293259045288));
#1652=CARTESIAN_POINT('Ctrl Pts',(5.75916791458296,11.5608849936523,-109.591725904529));
#1653=CARTESIAN_POINT('Ctrl Pts',(5.53029243075334,11.6894314350383,-94.5293259045288));
#1654=CARTESIAN_POINT('Ctrl Pts',(5.53029243075334,11.6894314350383,-109.591725904529));
#1655=CARTESIAN_POINT('Ctrl Pts',(5.40763263775134,11.7139979165096,-94.5293259045288));
#1656=CARTESIAN_POINT('Ctrl Pts',(5.40763263775134,11.7139979165096,-109.591725904529));
#1657=CARTESIAN_POINT('',(5.40763263775134,11.7139979165096,-104.989325904529));
#1658=CARTESIAN_POINT('Ctrl Pts',(-6.19657984694984,9.65433177398746,-93.2304441993391));
#1659=CARTESIAN_POINT('Ctrl Pts',(-6.37671603757942,9.68274760138849,-93.7108017252059));
#1660=CARTESIAN_POINT('Ctrl Pts',(-6.48345379367559,9.69383205818386,-94.1508706907532));
#1661=CARTESIAN_POINT('Ctrl Pts',(-6.48345379367559,9.69383205818386,-94.5293259045288));
#1662=CARTESIAN_POINT('Ctrl Pts',(-6.1816594244361,9.53281468418384,-93.2418269580355));
#1663=CARTESIAN_POINT('Ctrl Pts',(-6.36203791317251,9.56320387130564,-93.7151387385807));
#1664=CARTESIAN_POINT('Ctrl Pts',(-6.4689234611182,9.57549199612275,-94.1508706907532));
#1665=CARTESIAN_POINT('Ctrl Pts',(-6.4689234611182,9.57549199612275,-94.5293259045288));
#1666=CARTESIAN_POINT('Ctrl Pts',(-6.16673900192236,9.41129759438023,-93.2532097167319));
#1667=CARTESIAN_POINT('Ctrl Pts',(-6.34735978876559,9.44366014122279,-93.7194757519555));
#1668=CARTESIAN_POINT('Ctrl Pts',(-6.4543931285608,9.45715193406164,-94.1508706907532));
#1669=CARTESIAN_POINT('Ctrl Pts',(-6.4543931285608,9.45715193406164,-94.5293259045288));
#1670=CARTESIAN_POINT('Ctrl Pts',(-6.15181857940862,9.28978050457662,-93.2645924754283));
#1671=CARTESIAN_POINT('Ctrl Pts',(-6.33268166435867,9.32411641113995,-93.7238127653303));
#1672=CARTESIAN_POINT('Ctrl Pts',(-6.43986279600341,9.33881187200053,-94.1508706907532));
#1673=CARTESIAN_POINT('Ctrl Pts',(-6.43986279600341,9.33881187200053,-94.5293259045288));
#1674=CARTESIAN_POINT('',(-6.35930749369059,9.46548900514405,-93.8343107485722));
#1675=CARTESIAN_POINT('Ctrl Pts',(-6.35930749369058,9.46548900514407,-93.8343107485722));
#1676=CARTESIAN_POINT('Ctrl Pts',(-6.34202932535607,9.48711366015519,-93.7541158996556));
#1677=CARTESIAN_POINT('Ctrl Pts',(-6.32226434614348,9.51096077884715,-93.6723552697519));
#1678=CARTESIAN_POINT('Ctrl Pts',(-6.30025570317065,9.53675661391845,-93.5887569886565));
#1679=CARTESIAN_POINT('Ctrl Pts',(-6.2789411154262,9.56173896247792,-93.5077950274901));
#1680=CARTESIAN_POINT('Ctrl Pts',(-6.25552143181906,9.58854880421277,-93.4251092953211));
#1681=CARTESIAN_POINT('Ctrl Pts',(-6.2302113063215,9.61692826624348,-93.3405022795876));
#1682=CARTESIAN_POINT('Ctrl Pts',(-6.21934373838224,9.62911373453474,-93.3041740325502));
#1683=CARTESIAN_POINT('Ctrl Pts',(-6.20812761641656,9.64158848897554,-93.2674922175588));
#1684=CARTESIAN_POINT('Ctrl Pts',(-6.19657984695,9.65433177398736,-93.2304441993396));
#1685=CARTESIAN_POINT('',(-6.43986279600341,9.33881187200053,-94.5293259045288));
#1686=CARTESIAN_POINT('Ctrl Pts',(-6.43986279600341,9.33881187200053,-94.5293259045288));
#1687=CARTESIAN_POINT('Ctrl Pts',(-6.44086246280962,9.34695350478287,-94.4134912611104));
#1688=CARTESIAN_POINT('Ctrl Pts',(-6.43298620787419,9.36314421045371,-94.2979225220725));
#1689=CARTESIAN_POINT('Ctrl Pts',(-6.40491116187163,9.4065954836185,-94.0663072550245));
#1690=CARTESIAN_POINT('Ctrl Pts',(-6.38395605841682,9.4346398608132,-93.9487145375597));
#1691=CARTESIAN_POINT('Ctrl Pts',(-6.35930749369058,9.46548900514404,-93.8343107485722));
#1692=CARTESIAN_POINT('',(-6.38808854959719,8.917144473221,-94.5293259045288));
#1693=CARTESIAN_POINT('Origin',(-6.38808854959719,8.917144473221,-94.5293259045288));
#1694=CARTESIAN_POINT('',(-6.41178371209313,9.11012608525508,-100.758560223058));
#1695=CARTESIAN_POINT('Ctrl Pts',(-6.41178371209313,9.11012608525506,-100.758560223058));
#1696=CARTESIAN_POINT('Ctrl Pts',(-6.40941736739089,9.09085375423208,-99.6738404343864));
#1697=CARTESIAN_POINT('Ctrl Pts',(-6.4066736870459,9.0685082710148,-98.8509612762339));
#1698=CARTESIAN_POINT('Ctrl Pts',(-6.41649511304627,9.14849736677859,-96.8301802688561));
#1699=CARTESIAN_POINT('Ctrl Pts',(-6.42838673241727,9.24534683452555,-95.8590947085799));
#1700=CARTESIAN_POINT('Ctrl Pts',(-6.43986279600341,9.33881187200053,-94.5293259045288));
#1701=CARTESIAN_POINT('',(-6.38808854959719,8.917144473221,-104.985349977762));
#1702=CARTESIAN_POINT('Ctrl Pts',(-6.38808854959719,8.91714447322098,-104.985349977762));
#1703=CARTESIAN_POINT('Ctrl Pts',(-6.40313008534765,9.03964795118153,-104.283109417434));
#1704=CARTESIAN_POINT('Ctrl Pts',(-6.40945058682193,9.0911243047866,-103.51847977947));
#1705=CARTESIAN_POINT('Ctrl Pts',(-6.41428907577891,9.13053063504018,-102.124532673798));
#1706=CARTESIAN_POINT('Ctrl Pts',(-6.41345744168328,9.12375751886404,-101.525788938977));
#1707=CARTESIAN_POINT('Ctrl Pts',(-6.41178371209313,9.11012608525506,-100.758560223058));
#1708=CARTESIAN_POINT('',(-6.38808854959719,8.917144473221,-104.989325904529));
#1709=CARTESIAN_POINT('',(-6.38808854959719,8.917144473221,-94.5293259045288));
#1710=CARTESIAN_POINT('',(-6.44471372951916,9.37831955505192,-104.989325904529));
#1711=CARTESIAN_POINT('Origin',(-0.489436819671227,10.1095356154828,-104.989325904529));
#1712=CARTESIAN_POINT('',(-0.594761087142357,10.9673329370403,-110.989325904529));
#1713=CARTESIAN_POINT('Ctrl Pts',(-0.594761087142347,10.9673329370402,-110.989325904529));
#1714=CARTESIAN_POINT('Ctrl Pts',(-1.00753680916023,10.9093446488507,-110.989325904529));
#1715=CARTESIAN_POINT('Ctrl Pts',(-1.41491099708456,10.8319840015131,-110.945994194082));
#1716=CARTESIAN_POINT('Ctrl Pts',(-2.22621299083529,10.641415673971,-110.771588662338));
#1717=CARTESIAN_POINT('Ctrl Pts',(-2.62523246248556,10.5278604209302,-110.637591003856));
#1718=CARTESIAN_POINT('Ctrl Pts',(-3.64741641932579,10.1968985910003,-110.163548510769));
#1719=CARTESIAN_POINT('Ctrl Pts',(-4.22561737404599,9.96482809533808,-109.747559412242));
#1720=CARTESIAN_POINT('Ctrl Pts',(-5.21903647997276,9.52554978241012,-108.71019459467));
#1721=CARTESIAN_POINT('Ctrl Pts',(-5.62505048012944,9.3214613530406,-108.087252938532));
#1722=CARTESIAN_POINT('Ctrl Pts',(-6.08388509678988,9.08274648644046,-106.981178795673));
#1723=CARTESIAN_POINT('Ctrl Pts',(-6.21144232624001,9.01368272562106,-106.54480076179));
#1724=CARTESIAN_POINT('Ctrl Pts',(-6.35556390491836,8.93516768774482,-105.730856761448));
#1725=CARTESIAN_POINT('Ctrl Pts',(-6.38808854959719,8.917144473221,-105.360872854977));
#1726=CARTESIAN_POINT('Ctrl Pts',(-6.38808854959719,8.917144473221,-104.989325904529));
#1727=CARTESIAN_POINT('',(-0.489436819671227,10.1095356154828,-110.989325904529));
#1728=CARTESIAN_POINT('Origin',(-0.277647630914839,10.6036678377119,-110.989325904529));
#1729=CARTESIAN_POINT('',(-0.13818985738733,11.0233928350067,-110.989325904529));
#1730=CARTESIAN_POINT('Origin',(1.24399086041086,-2.12083283787036,-110.989325904529));
#1731=CARTESIAN_POINT('',(-0.105987195959303,10.761123204434,-110.989325904529));
#1732=CARTESIAN_POINT('Origin',(-0.105987195959303,10.761123204434,-104.989325904529));
#1733=CARTESIAN_POINT('Ctrl Pts',(5.97903649985371,10.4356364920491,-104.989325904529));
#1734=CARTESIAN_POINT('Ctrl Pts',(5.97903649985371,10.4356364920491,-105.360872102914));
#1735=CARTESIAN_POINT('Ctrl Pts',(5.94311791123052,10.4452558771017,-105.730855266615));
#1736=CARTESIAN_POINT('Ctrl Pts',(5.78428355722626,10.486572337293,-106.544797332344));
#1737=CARTESIAN_POINT('Ctrl Pts',(5.64380799478404,10.5227255448522,-106.981174239669));
#1738=CARTESIAN_POINT('Ctrl Pts',(5.14085466547415,10.6433469318999,-108.087246350114));
#1739=CARTESIAN_POINT('Ctrl Pts',(4.69752933612166,10.7431490727272,-108.710187326908));
#1740=CARTESIAN_POINT('Ctrl Pts',(3.62735100544716,10.9290490177793,-109.747552784162));
#1741=CARTESIAN_POINT('Ctrl Pts',(3.01018305344206,11.0143467524765,-110.16354283412));
#1742=CARTESIAN_POINT('Ctrl Pts',(1.93829465471837,11.0881896654218,-110.637587970079));
#1743=CARTESIAN_POINT('Ctrl Pts',(1.52365453052836,11.1018405852439,-110.771586802249));
#1744=CARTESIAN_POINT('Ctrl Pts',(0.690345481244488,11.0904767593029,-110.945993825783));
#1745=CARTESIAN_POINT('Ctrl Pts',(0.276355062538821,11.0669867174699,-110.989325904529));
#1746=CARTESIAN_POINT('Ctrl Pts',(-0.138189857387317,11.0233928350066,-110.989325904529));
#1747=CARTESIAN_POINT('Ctrl Pts',(-6.53433176168337,10.1081998551906,-94.5293259045288));
#1748=CARTESIAN_POINT('Ctrl Pts',(-6.53433176168337,10.1081998551906,-120.601965904529));
#1749=CARTESIAN_POINT('Ctrl Pts',(-6.25361319570822,10.2443698279543,-94.5293259045288));
#1750=CARTESIAN_POINT('Ctrl Pts',(-6.25361319570822,10.2443698279543,-120.601965904529));
#1751=CARTESIAN_POINT('Ctrl Pts',(-5.7006752423948,10.5067846125264,-94.5293259045288));
#1752=CARTESIAN_POINT('Ctrl Pts',(-5.7006752423948,10.5067846125264,-120.601965904529));
#1753=CARTESIAN_POINT('Ctrl Pts',(-4.89679286783729,10.8706288054987,-94.5293259045288));
#1754=CARTESIAN_POINT('Ctrl Pts',(-4.89679286783729,10.8706288054987,-120.601965904529));
#1755=CARTESIAN_POINT('Ctrl Pts',(-3.87660469080487,11.29524028987,-94.5293259045288));
#1756=CARTESIAN_POINT('Ctrl Pts',(-3.87660469080487,11.29524028987,-120.601965904529));
#1757=CARTESIAN_POINT('Ctrl Pts',(-2.68844783569776,11.7188991394028,-94.5293259045288));
#1758=CARTESIAN_POINT('Ctrl Pts',(-2.68844783569776,11.7188991394028,-120.601965904529));
#1759=CARTESIAN_POINT('Ctrl Pts',(-1.5762385920573,12.0282027737749,-94.5293259045288));
#1760=CARTESIAN_POINT('Ctrl Pts',(-1.5762385920573,12.0282027737749,-120.601965904529));
#1761=CARTESIAN_POINT('Ctrl Pts',(-0.516529991064583,12.2174588702121,-94.5293259045288));
#1762=CARTESIAN_POINT('Ctrl Pts',(-0.516529991064583,12.2174588702121,-120.601965904529));
#1763=CARTESIAN_POINT('Ctrl Pts',(0.557485929180166,12.2901912022028,-94.5293259045288));
#1764=CARTESIAN_POINT('Ctrl Pts',(0.557485929180166,12.2901912022028,-120.601965904529));
#1765=CARTESIAN_POINT('Ctrl Pts',(1.71148512655168,12.2591429761748,-94.5293259045288));
#1766=CARTESIAN_POINT('Ctrl Pts',(1.71148512655168,12.2591429761748,-120.601965904529));
#1767=CARTESIAN_POINT('Ctrl Pts',(2.96684099717356,12.1355097637313,-94.5293259045288));
#1768=CARTESIAN_POINT('Ctrl Pts',(2.96684099717356,12.1355097637313,-120.601965904529));
#1769=CARTESIAN_POINT('Ctrl Pts',(4.05944804053788,11.9703169127742,-94.5293259045288));
#1770=CARTESIAN_POINT('Ctrl Pts',(4.05944804053788,11.9703169127742,-120.601965904529));
#1771=CARTESIAN_POINT('Ctrl Pts',(4.92747354986692,11.8117571951949,-94.5293259045288));
#1772=CARTESIAN_POINT('Ctrl Pts',(4.92747354986692,11.8117571951949,-120.601965904529));
#1773=CARTESIAN_POINT('Ctrl Pts',(5.52747076498038,11.6909050490277,-94.5293259045288));
#1774=CARTESIAN_POINT('Ctrl Pts',(5.52747076498038,11.6909050490277,-120.601965904529));
#1775=CARTESIAN_POINT('Ctrl Pts',(5.83279328776751,11.6266918740187,-94.5293259045288));
#1776=CARTESIAN_POINT('Ctrl Pts',(5.83279328776751,11.6266918740187,-120.601965904529));
#1777=CARTESIAN_POINT('Ctrl Pts',(5.97903649985369,10.4356364920491,-94.5293259045288));
#1778=CARTESIAN_POINT('Ctrl Pts',(5.97903649985369,10.4356364920491,-120.601965904529));
#1779=CARTESIAN_POINT('Ctrl Pts',(5.71696280425197,10.5051599553135,-94.5293259045288));
#1780=CARTESIAN_POINT('Ctrl Pts',(5.71696280425197,10.5051599553135,-120.601965904529));
#1781=CARTESIAN_POINT('Ctrl Pts',(5.194398870059,10.6355197128778,-94.5293259045288));
#1782=CARTESIAN_POINT('Ctrl Pts',(5.194398870059,10.6355197128778,-120.601965904529));
#1783=CARTESIAN_POINT('Ctrl Pts',(4.41530467270792,10.8049988225488,-94.5293259045288));
#1784=CARTESIAN_POINT('Ctrl Pts',(4.41530467270792,10.8049988225488,-120.601965904529));
#1785=CARTESIAN_POINT('Ctrl Pts',(3.38616062258507,10.9779839492647,-94.5293259045288));
#1786=CARTESIAN_POINT('Ctrl Pts',(3.38616062258507,10.9779839492647,-120.601965904529));
#1787=CARTESIAN_POINT('Ctrl Pts',(2.11664399646401,11.0998784395623,-94.5293259045288));
#1788=CARTESIAN_POINT('Ctrl Pts',(2.11664399646401,11.0998784395623,-120.601965904529));
#1789=CARTESIAN_POINT('Ctrl Pts',(0.864546534457269,11.1188817132418,-94.5293259045288));
#1790=CARTESIAN_POINT('Ctrl Pts',(0.864546534457269,11.1188817132418,-120.601965904529));
#1791=CARTESIAN_POINT('Ctrl Pts',(-0.370286778978237,11.0264034882426,-94.5293259045288));
#1792=CARTESIAN_POINT('Ctrl Pts',(-0.370286778978237,11.0264034882426,-120.601965904529));
#1793=CARTESIAN_POINT('Ctrl Pts',(-1.59081277316241,10.8174014987966,-94.5293259045288));
#1794=CARTESIAN_POINT('Ctrl Pts',(-1.59081277316241,10.8174014987966,-120.601965904529));
#1795=CARTESIAN_POINT('Ctrl Pts',(-2.8011202814397,10.4960529120755,-94.5293259045288));
#1796=CARTESIAN_POINT('Ctrl Pts',(-2.8011202814397,10.4960529120755,-120.601965904529));
#1797=CARTESIAN_POINT('Ctrl Pts',(-4.00343789204741,10.0706553403965,-94.5293259045288));
#1798=CARTESIAN_POINT('Ctrl Pts',(-4.00343789204741,10.0706553403965,-120.601965904529));
#1799=CARTESIAN_POINT('Ctrl Pts',(-4.96016307583833,9.65383613178396,-94.5293259045288));
#1800=CARTESIAN_POINT('Ctrl Pts',(-4.96016307583833,9.65383613178396,-120.601965904529));
#1801=CARTESIAN_POINT('Ctrl Pts',(-5.67511413841671,9.30091133090364,-94.5293259045288));
#1802=CARTESIAN_POINT('Ctrl Pts',(-5.67511413841671,9.30091133090364,-120.601965904529));
#1803=CARTESIAN_POINT('Ctrl Pts',(-6.15061881080827,9.04800415772898,-94.5293259045288));
#1804=CARTESIAN_POINT('Ctrl Pts',(-6.15061881080827,9.04800415772898,-120.601965904529));
#1805=CARTESIAN_POINT('Ctrl Pts',(-6.38808854959719,8.917144473221,-94.5293259045288));
#1806=CARTESIAN_POINT('Ctrl Pts',(-6.38808854959719,8.917144473221,-120.601965904529));
#1807=CARTESIAN_POINT('Ctrl Pts',(5.97903649985378,10.4356364920491,-104.985349977762));
#1808=CARTESIAN_POINT('Ctrl Pts',(5.83016315629902,10.4751299269316,-105.274593011045));
#1809=CARTESIAN_POINT('Ctrl Pts',(5.6618472064026,10.5181970302485,-105.556715727215));
#1810=CARTESIAN_POINT('Ctrl Pts',(5.19361861498675,10.6309724026538,-106.224123607124));
#1811=CARTESIAN_POINT('Ctrl Pts',(4.89030473515693,10.6978264853207,-106.558981732125));
#1812=CARTESIAN_POINT('Ctrl Pts',(4.35686143102764,10.8026740537535,-106.991634819759));
#1813=CARTESIAN_POINT('Ctrl Pts',(4.16463954416743,10.8363275859058,-107.092568655673));
#1814=CARTESIAN_POINT('Ctrl Pts',(3.78725083210547,10.8990333179391,-107.245385571956));
#1815=CARTESIAN_POINT('Ctrl Pts',(3.55254555464449,10.933974289035,-107.289061516374));
#1816=CARTESIAN_POINT('Ctrl Pts',(2.95468337004524,11.0099382571425,-107.280560847125));
#1817=CARTESIAN_POINT('Ctrl Pts',(2.64762590531181,11.0383030830972,-107.179839302763));
#1818=CARTESIAN_POINT('Ctrl Pts',(2.22375642884709,11.0690270082824,-107.044345054794));
#1819=CARTESIAN_POINT('Ctrl Pts',(2.07862493819948,11.0770125300225,-106.999261239622));
#1820=CARTESIAN_POINT('Ctrl Pts',(1.88075095204989,11.0857168847274,-106.984304846891));
#1821=CARTESIAN_POINT('Ctrl Pts',(1.81628963700972,11.0881347411895,-106.987708836895));
#1822=CARTESIAN_POINT('Ctrl Pts',(1.68831810634475,11.0921362853656,-107.021951855025));
#1823=CARTESIAN_POINT('Ctrl Pts',(1.63165516196868,11.0935160746589,-107.051349959412));
#1824=CARTESIAN_POINT('Ctrl Pts',(1.44273567264324,11.0972033144642,-107.190485931412));
#1825=CARTESIAN_POINT('Ctrl Pts',(1.31516744856317,11.0980180483452,-107.361358803822));
#1826=CARTESIAN_POINT('Ctrl Pts',(1.01341853071664,11.0955637161492,-107.829241727938));
#1827=CARTESIAN_POINT('Ctrl Pts',(0.83874639903992,11.0915404449547,-108.137146696818));
#1828=CARTESIAN_POINT('Ctrl Pts',(0.470370327511828,11.074373729683,-108.66058900867));
#1829=CARTESIAN_POINT('Ctrl Pts',(0.266621899941677,11.0617034694456,-108.906411864142));
#1830=CARTESIAN_POINT('Ctrl Pts',(-0.0537766211894858,11.0323136331558,
-109.112014662739));
#1831=CARTESIAN_POINT('Ctrl Pts',(-0.15399313351474,11.0221544891673,-109.158105841554));
#1832=CARTESIAN_POINT('Ctrl Pts',(-0.336656806764376,11.0012323394636,-109.191438871163));
#1833=CARTESIAN_POINT('Ctrl Pts',(-0.411102301262279,10.9920467592434,-109.190388783332));
#1834=CARTESIAN_POINT('Ctrl Pts',(-0.596238163347444,10.9675892919537,-109.152352878951));
#1835=CARTESIAN_POINT('Ctrl Pts',(-0.698774049317489,10.9526329374889,-109.101781161366));
#1836=CARTESIAN_POINT('Ctrl Pts',(-1.03968886981657,10.8995239633008,-108.870208658621));
#1837=CARTESIAN_POINT('Ctrl Pts',(-1.25725451290843,10.8584356894634,-108.584824612724));
#1838=CARTESIAN_POINT('Ctrl Pts',(-1.7072559060483,10.7656948186443,-107.89998733054));
#1839=CARTESIAN_POINT('Ctrl Pts',(-1.92515528515525,10.7134760090949,-107.46627810111));
#1840=CARTESIAN_POINT('Ctrl Pts',(-2.23175428540726,10.6336870604975,-107.11845064342));
#1841=CARTESIAN_POINT('Ctrl Pts',(-2.30417084478825,10.6140445506794,-107.06516328327));
#1842=CARTESIAN_POINT('Ctrl Pts',(-2.42131526028097,10.5815896280257,-107.008359475212));
#1843=CARTESIAN_POINT('Ctrl Pts',(-2.47564117216364,10.5662356081422,-106.994032367585));
#1844=CARTESIAN_POINT('Ctrl Pts',(-2.61595058311414,10.5256429609722,-106.982079843886));
#1845=CARTESIAN_POINT('Ctrl Pts',(-2.70240165973702,10.499887089879,-106.994575559544));
#1846=CARTESIAN_POINT('Ctrl Pts',(-2.9213900897988,10.4323112798322,-107.048922216809));
#1847=CARTESIAN_POINT('Ctrl Pts',(-3.06002073410411,10.3878202541366,-107.100278623843));
#1848=CARTESIAN_POINT('Ctrl Pts',(-3.44610246903625,10.256968073162,-107.224791029057));
#1849=CARTESIAN_POINT('Ctrl Pts',(-3.72250360142842,10.1573897807369,-107.299016701547));
#1850=CARTESIAN_POINT('Ctrl Pts',(-4.25337580311681,9.94712586010364,-107.272706269185));
#1851=CARTESIAN_POINT('Ctrl Pts',(-4.46434707144316,9.85849252680174,-107.2160532392));
#1852=CARTESIAN_POINT('Ctrl Pts',(-4.78321643135682,9.71858686527733,-107.056806771909));
#1853=CARTESIAN_POINT('Ctrl Pts',(-4.97556933202452,9.63293068807285,-106.943286857427));
#1854=CARTESIAN_POINT('Ctrl Pts',(-5.51462415733436,9.37663212966643,-106.426455959812));
#1855=CARTESIAN_POINT('Ctrl Pts',(-5.80942452604272,9.22750389235772,-106.041694533195));
#1856=CARTESIAN_POINT('Ctrl Pts',(-6.18880925079316,9.02608275887087,-105.389837448869));
#1857=CARTESIAN_POINT('Ctrl Pts',(-6.29282439525974,8.96964058175717,-105.189613416979));
#1858=CARTESIAN_POINT('Ctrl Pts',(-6.38808854959715,8.91714447322103,-104.985349977762));
#1859=CARTESIAN_POINT('Ctrl Pts',(7.58892546486988,4.94379468298698,-53.6662648141252));
#1860=CARTESIAN_POINT('Ctrl Pts',(7.61189663009503,5.04299869009625,-53.6853856663129));
#1861=CARTESIAN_POINT('Ctrl Pts',(7.63321475609267,5.14113553722267,-53.7038388410512));
#1862=CARTESIAN_POINT('Ctrl Pts',(7.67216651373905,5.33519124385564,-53.7392592836834));
#1863=CARTESIAN_POINT('Ctrl Pts',(7.68980014538779,5.43111010336219,-53.7562265515775));
#1864=CARTESIAN_POINT('Ctrl Pts',(7.73660667496983,5.71541419897073,-53.8046736670748));
#1865=CARTESIAN_POINT('Ctrl Pts',(7.78276374010809,6.08527970535251,-53.8627239859121));
#1866=CARTESIAN_POINT('Ctrl Pts',(7.79416243344917,6.61045007793589,-53.9265487119973));
#1867=CARTESIAN_POINT('Ctrl Pts',(7.72013551014489,7.2684960271273,-53.9758296816262));
#1868=CARTESIAN_POINT('Ctrl Pts',(7.4375996878339,8.00694362764067,-53.9612377797708));
#1869=CARTESIAN_POINT('Ctrl Pts',(6.7035098958897,9.10444061439692,-53.860295261299));
#1870=CARTESIAN_POINT('Ctrl Pts',(5.48828454275726,10.4976792890015,-53.7479065356386));
#1871=CARTESIAN_POINT('Ctrl Pts',(3.42693677592139,11.6800061219497,-54.1673682425302));
#1872=CARTESIAN_POINT('Ctrl Pts',(1.22377527189636,12.1623603987997,-54.208566316098));
#1873=CARTESIAN_POINT('Ctrl Pts',(-0.496916197659892,12.0577173419572,-54.1021479089734));
#1874=CARTESIAN_POINT('Ctrl Pts',(-2.19181122348258,11.7429791107387,-54.2085663160979));
#1875=CARTESIAN_POINT('Ctrl Pts',(-4.21283735412771,10.7419598099943,-54.1673682425302));
#1876=CARTESIAN_POINT('Ctrl Pts',(-5.92692353401194,9.0960679776801,-53.7479065356387));
#1877=CARTESIAN_POINT('Ctrl Pts',(-6.76899655943549,7.45022482501829,-53.860295261299));
#1878=CARTESIAN_POINT('Ctrl Pts',(-7.21577219581078,6.20773579516041,-53.9612377797708));
#1879=CARTESIAN_POINT('Ctrl Pts',(-7.31126885340179,5.42287164259523,-53.9758296816262));
#1880=CARTESIAN_POINT('Ctrl Pts',(-7.22390113729323,4.76646373679039,-53.9265487119973));
#1881=CARTESIAN_POINT('Ctrl Pts',(-7.0857908218111,4.2596507622064,-53.8627239859121));
#1882=CARTESIAN_POINT('Ctrl Pts',(-6.95152625434918,3.91193824676081,-53.8046736670748));
#1883=CARTESIAN_POINT('Ctrl Pts',(-6.83733069299756,3.64740272219201,-53.7562265515775));
#1884=CARTESIAN_POINT('Ctrl Pts',(-6.79701598325448,3.55859902433831,-53.7392592836834));
#1885=CARTESIAN_POINT('Ctrl Pts',(-6.71227493487869,3.37973088457963,-53.7038388410512));
#1886=CARTESIAN_POINT('Ctrl Pts',(-6.66784859624596,3.28966644267464,-53.6853856663129));
#1887=CARTESIAN_POINT('Ctrl Pts',(-6.62156015134946,3.19896644638248,-53.6662648141252));
#1888=CARTESIAN_POINT('Ctrl Pts',(8.08267903421184,4.80535194918922,-56.6266622323103));
#1889=CARTESIAN_POINT('Ctrl Pts',(8.10534054277342,4.90471907754805,-56.6610997676994));
#1890=CARTESIAN_POINT('Ctrl Pts',(8.12562660291379,5.00320490617699,-56.6931746592077));
#1891=CARTESIAN_POINT('Ctrl Pts',(8.16122763021227,5.19848644994312,-56.7523962877389));
#1892=CARTESIAN_POINT('Ctrl Pts',(8.17654259737038,5.29528216508031,-56.7795430247617));
#1893=CARTESIAN_POINT('Ctrl Pts',(8.21470056516155,5.58324286920636,-56.8532867040153));
#1894=CARTESIAN_POINT('Ctrl Pts',(8.24481269906134,5.96071996461299,-56.9310875248479));
#1895=CARTESIAN_POINT('Ctrl Pts',(8.22240072308927,6.50926374067193,-56.9813477001998));
#1896=CARTESIAN_POINT('Ctrl Pts',(8.09536490955567,7.21941250366021,-56.9532814576334));
#1897=CARTESIAN_POINT('Ctrl Pts',(7.74119616380224,8.07161710593437,-56.727752007784));
#1898=CARTESIAN_POINT('Ctrl Pts',(6.91677516454735,9.32916690864384,-56.2723632214043));
#1899=CARTESIAN_POINT('Ctrl Pts',(5.70117855813912,10.6456137143909,-56.1103825751677));
#1900=CARTESIAN_POINT('Ctrl Pts',(3.23525416642773,11.6125404380652,-56.402223050099));
#1901=CARTESIAN_POINT('Ctrl Pts',(1.57801681454887,12.3413312730974,-56.6646658066996));
#1902=CARTESIAN_POINT('Ctrl Pts',(-0.522765284806336,12.2682412625247,-56.7722115713355));
#1903=CARTESIAN_POINT('Ctrl Pts',(-2.57882725155495,11.830934999699,-56.6646658066996));
#1904=CARTESIAN_POINT('Ctrl Pts',(-4.0105271112013,10.722870365493,-56.4022230500991));
#1905=CARTESIAN_POINT('Ctrl Pts',(-6.16928226390135,9.18810439464155,-56.1103825751677));
#1906=CARTESIAN_POINT('Ctrl Pts',(-7.03029314927241,7.61668224984868,-56.2723632214043));
#1907=CARTESIAN_POINT('Ctrl Pts',(-7.52599648941915,6.19704155978855,-56.727752007784));
#1908=CARTESIAN_POINT('Ctrl Pts',(-7.66347795698331,5.28446990195436,-56.9532814576334));
#1909=CARTESIAN_POINT('Ctrl Pts',(-7.61493972903908,4.56468284738756,-56.9813477001998));
#1910=CARTESIAN_POINT('Ctrl Pts',(-7.5039812234186,4.02701121809098,-56.9310875248479));
#1911=CARTESIAN_POINT('Ctrl Pts',(-7.38344357412036,3.66803159016443,-56.8532867040153));
#1912=CARTESIAN_POINT('Ctrl Pts',(-7.27675506164882,3.39785579751577,-56.7795430247616));
#1913=CARTESIAN_POINT('Ctrl Pts',(-7.23847801157534,3.30764035468226,-56.7523962877389));
#1914=CARTESIAN_POINT('Ctrl Pts',(-7.15669160569305,3.12677217535475,-56.6931746592077));
#1915=CARTESIAN_POINT('Ctrl Pts',(-7.11318224988426,3.03611943886076,-56.6610997676994));
#1916=CARTESIAN_POINT('Ctrl Pts',(-7.06715480092313,2.94518625399022,-56.6266622323103));
#1917=CARTESIAN_POINT('Ctrl Pts',(9.16017539035803,4.45972167492912,-62.8779285100562));
#1918=CARTESIAN_POINT('Ctrl Pts',(9.17096893340965,4.56800814662016,-62.9016904816762));
#1919=CARTESIAN_POINT('Ctrl Pts',(9.17934829117555,4.67471090148306,-62.9248634928242));
#1920=CARTESIAN_POINT('Ctrl Pts',(9.19144938429944,4.88521751662212,-62.9696862410541));
#1921=CARTESIAN_POINT('Ctrl Pts',(9.19517111965743,4.98902137689826,-62.9913359781358));
#1922=CARTESIAN_POINT('Ctrl Pts',(9.19960601436488,5.29648742445087,-63.0534822485978));
#1923=CARTESIAN_POINT('Ctrl Pts',(9.18757171033077,5.69592073245209,-63.1288694337921));
#1924=CARTESIAN_POINT('Ctrl Pts',(9.11977571927292,6.26995136591577,-63.2112382103794));
#1925=CARTESIAN_POINT('Ctrl Pts',(8.96851895908751,7.0104263560413,-63.2690626109718));
#1926=CARTESIAN_POINT('Ctrl Pts',(8.67557645096638,7.90544646069585,-63.2231207340078));
#1927=CARTESIAN_POINT('Ctrl Pts',(7.96683163699726,9.19588754903801,-63.0467094890026));
#1928=CARTESIAN_POINT('Ctrl Pts',(6.59624884743594,10.4002668948309,-62.9131940365787));
#1929=CARTESIAN_POINT('Ctrl Pts',(3.95141894986638,11.1938437864927,-63.0793479289305));
#1930=CARTESIAN_POINT('Ctrl Pts',(1.92499500008464,11.6657498696183,-63.441537341488));
#1931=CARTESIAN_POINT('Ctrl Pts',(-0.435042904633177,11.553799808908,-63.6311444906142));
#1932=CARTESIAN_POINT('Ctrl Pts',(-2.75206076832975,11.0914796307751,-63.441537341488));
#1933=CARTESIAN_POINT('Ctrl Pts',(-4.60412685225155,10.143354851895,-63.0793479289305));
#1934=CARTESIAN_POINT('Ctrl Pts',(-6.97841037265538,8.73350832308542,-62.9131940365786));
#1935=CARTESIAN_POINT('Ctrl Pts',(-8.01691526151886,7.23333020452056,-63.0467094890025));
#1936=CARTESIAN_POINT('Ctrl Pts',(-8.39242137128194,5.80975984259938,-63.2231207340077));
#1937=CARTESIAN_POINT('Ctrl Pts',(-8.4601372746386,4.87045645325559,-63.2690626109718));
#1938=CARTESIAN_POINT('Ctrl Pts',(-8.42776394936155,4.11538441277621,-63.2112382103794));
#1939=CARTESIAN_POINT('Ctrl Pts',(-8.35467553076381,3.54200360770412,-63.1288694337921));
#1940=CARTESIAN_POINT('Ctrl Pts',(-8.26972070149951,3.15152381437409,-63.0534822485978));
#1941=CARTESIAN_POINT('Ctrl Pts',(-8.19103477306192,2.85426372059324,-62.9913359781358));
#1942=CARTESIAN_POINT('Ctrl Pts',(-8.16231116250117,2.75444364786907,-62.9696862410541));
#1943=CARTESIAN_POINT('Ctrl Pts',(-8.09964336418909,2.55311749823418,-62.9248634928243));
#1944=CARTESIAN_POINT('Ctrl Pts',(-8.06569917643776,2.45161142132347,-62.9016904816762));
#1945=CARTESIAN_POINT('Ctrl Pts',(-8.02902937924409,2.34915271502343,-62.8779285100562));
#1946=CARTESIAN_POINT('Ctrl Pts',(9.65382939322191,3.8936978960537,-68.7914119229847));
#1947=CARTESIAN_POINT('Ctrl Pts',(9.67036987785282,4.05521839053509,-68.8009710483893));
#1948=CARTESIAN_POINT('Ctrl Pts',(9.68418907226754,4.21364073044842,-68.81129663824));
#1949=CARTESIAN_POINT('Ctrl Pts',(9.70614123920322,4.52414275864818,-68.8332594458983));
#1950=CARTESIAN_POINT('Ctrl Pts',(9.71427421172417,4.67622244693461,-68.844896663706));
#1951=CARTESIAN_POINT('Ctrl Pts',(9.72977833425427,5.12272802061738,-68.8814438076622));
#1952=CARTESIAN_POINT('Ctrl Pts',(9.72673104420707,5.69211280905699,-68.9345346410255));
#1953=CARTESIAN_POINT('Ctrl Pts',(9.64515435380068,6.46480984252529,-69.0219435928955));
#1954=CARTESIAN_POINT('Ctrl Pts',(9.42591456604661,7.38188272852302,-69.1417708345697));
#1955=CARTESIAN_POINT('Ctrl Pts',(8.93011346764723,8.30721236414796,-69.2844305290272));
#1956=CARTESIAN_POINT('Ctrl Pts',(7.87328056245633,9.50146090785385,-69.4793757914966));
#1957=CARTESIAN_POINT('Ctrl Pts',(6.45092808172529,10.8047717001225,-69.626641367638));
#1958=CARTESIAN_POINT('Ctrl Pts',(3.96424098647582,12.5522688102537,-69.6185217881358));
#1959=CARTESIAN_POINT('Ctrl Pts',(1.49456584184829,13.0484277375925,-69.6450461231514));
#1960=CARTESIAN_POINT('Ctrl Pts',(-0.643239083748577,13.2494216166045,-69.6364231177493));
#1961=CARTESIAN_POINT('Ctrl Pts',(-2.66891724645249,12.5372162947688,-69.6450461231515));
#1962=CARTESIAN_POINT('Ctrl Pts',(-4.94520077635414,11.4583269155146,-69.6185217881358));
#1963=CARTESIAN_POINT('Ctrl Pts',(-6.93526482402248,9.16115388202872,-69.626641367638));
#1964=CARTESIAN_POINT('Ctrl Pts',(-8.00006793991275,7.5524587819317,-69.4793757914966));
#1965=CARTESIAN_POINT('Ctrl Pts',(-8.73659351969686,6.13801350410667,-69.2844305290272));
#1966=CARTESIAN_POINT('Ctrl Pts',(-8.99380970705178,5.12022497169809,-69.1417708345696));
#1967=CARTESIAN_POINT('Ctrl Pts',(-8.98467712515559,4.17735416468655,-69.0219435928955));
#1968=CARTESIAN_POINT('Ctrl Pts',(-8.87689830815976,3.40787434782625,-68.9345346410255));
#1969=CARTESIAN_POINT('Ctrl Pts',(-8.74210843332436,2.85466551481207,-68.8814438076622));
#1970=CARTESIAN_POINT('Ctrl Pts',(-8.61904537471259,2.42517385162137,-68.844896663706));
#1971=CARTESIAN_POINT('Ctrl Pts',(-8.57436257976113,2.27957912415279,-68.8332594458983));
#1972=CARTESIAN_POINT('Ctrl Pts',(-8.47794524675132,1.98361104302814,-68.81129663824));
#1973=CARTESIAN_POINT('Ctrl Pts',(-8.42621070869297,1.83323768937206,-68.8009710483893));
#1974=CARTESIAN_POINT('Ctrl Pts',(-8.37108620294193,1.68051654926683,-68.7914119229847));
#1975=CARTESIAN_POINT('Ctrl Pts',(9.19928259217978,4.13389394050116,-71.2542673800151));
#1976=CARTESIAN_POINT('Ctrl Pts',(9.24050834621145,4.2795050528538,-71.2731064198747));
#1977=CARTESIAN_POINT('Ctrl Pts',(9.27882705402873,4.42315072874971,-71.2921397472894));
#1978=CARTESIAN_POINT('Ctrl Pts',(9.34907904751418,4.70622594225828,-71.3304762524407));
#1979=CARTESIAN_POINT('Ctrl Pts',(9.38101233318236,4.84565547987094,-71.3497794301775));
#1980=CARTESIAN_POINT('Ctrl Pts',(9.46637706238278,5.25719198722938,-71.4079156516894));
#1981=CARTESIAN_POINT('Ctrl Pts',(9.55236969383899,5.78790171576182,-71.4860351158427));
#1982=CARTESIAN_POINT('Ctrl Pts',(9.58416570530262,6.52310309584899,-71.6021784235769));
#1983=CARTESIAN_POINT('Ctrl Pts',(9.47868725524298,7.41309216051651,-71.7518557893514));
#1984=CARTESIAN_POINT('Ctrl Pts',(9.03529728692832,8.33918861519697,-71.9221158007915));
#1985=CARTESIAN_POINT('Ctrl Pts',(7.9762394208323,9.56814622914903,-72.1568590921758));
#1986=CARTESIAN_POINT('Ctrl Pts',(6.58745752320068,10.9019150754424,-72.3763622635681));
#1987=CARTESIAN_POINT('Ctrl Pts',(4.21623720360413,12.5898472176765,-72.4428592233438));
#1988=CARTESIAN_POINT('Ctrl Pts',(1.88210360053983,13.0626969392888,-72.4871991656263));
#1989=CARTESIAN_POINT('Ctrl Pts',(-0.549568047266751,12.4865322452291,-72.2805629023169));
#1990=CARTESIAN_POINT('Ctrl Pts',(-3.04839550980453,12.457307770993,-72.4871991656263));
#1991=CARTESIAN_POINT('Ctrl Pts',(-5.19880266842879,11.4338256811056,-72.4428592233437));
#1992=CARTESIAN_POINT('Ctrl Pts',(-7.09123986709925,9.22238222265073,-72.3763622635682));
#1993=CARTESIAN_POINT('Ctrl Pts',(-8.11610111951362,7.59225526200267,-72.1568590921758));
#1994=CARTESIAN_POINT('Ctrl Pts',(-8.84638868528662,6.14359365489495,-71.9221158007915));
#1995=CARTESIAN_POINT('Ctrl Pts',(-9.05256506679157,5.13774048117459,-71.7518557893514));
#1996=CARTESIAN_POINT('Ctrl Pts',(-8.93960251451131,4.24867034871197,-71.6021784235769));
#1997=CARTESIAN_POINT('Ctrl Pts',(-8.73088966895736,3.54299974302696,-71.4860351158427));
#1998=CARTESIAN_POINT('Ctrl Pts',(-8.51906108262441,3.04885786194834,-71.4079156516894));
#1999=CARTESIAN_POINT('Ctrl Pts',(-8.33667235873793,2.67019734475741,-71.3497794301776));
#2000=CARTESIAN_POINT('Ctrl Pts',(-8.2719565700863,2.54263482129678,-71.3304762524408));
#2001=CARTESIAN_POINT('Ctrl Pts',(-8.13530926879572,2.28496364684841,-71.2921397472894));
#2002=CARTESIAN_POINT('Ctrl Pts',(-8.06337775615676,2.15485499586067,-71.2731064198748));
#2003=CARTESIAN_POINT('Ctrl Pts',(-7.98815006688661,2.02354256840948,-71.2542673800151));
#2004=CARTESIAN_POINT('Ctrl Pts',(10.3453058842203,4.08744052001449,-72.7783524702161));
#2005=CARTESIAN_POINT('Ctrl Pts',(10.3640539799574,4.23894144282336,-72.8061475102113));
#2006=CARTESIAN_POINT('Ctrl Pts',(10.3813480360223,4.38706924975806,-72.8342819875794));
#2007=CARTESIAN_POINT('Ctrl Pts',(10.4122778823178,4.67689885761626,-72.8909051067576));
#2008=CARTESIAN_POINT('Ctrl Pts',(10.4259136725484,4.81860065853976,-72.9193937485677));
#2009=CARTESIAN_POINT('Ctrl Pts',(10.4602083647532,5.23454739089928,-73.004903855206));
#2010=CARTESIAN_POINT('Ctrl Pts',(10.488300811728,5.76471991294928,-73.1190351472779));
#2011=CARTESIAN_POINT('Ctrl Pts',(10.4595335785319,6.49439475042865,-73.2827924877623));
#2012=CARTESIAN_POINT('Ctrl Pts',(10.3026300950407,7.39009649653016,-73.4808254151958));
#2013=CARTESIAN_POINT('Ctrl Pts',(9.83921360271192,8.38419090362989,-73.6708023440002));
#2014=CARTESIAN_POINT('Ctrl Pts',(8.7554432736231,9.7473798747049,-73.8991608595233));
#2015=CARTESIAN_POINT('Ctrl Pts',(7.18623913401148,11.1008893895901,-74.1313487862629));
#2016=CARTESIAN_POINT('Ctrl Pts',(4.623902006573,12.8141118903949,-74.2690175488688));
#2017=CARTESIAN_POINT('Ctrl Pts',(2.08351072098474,13.3025941841756,-74.3679038398816));
#2018=CARTESIAN_POINT('Ctrl Pts',(-0.631926436277197,13.15728749658,-74.5858841835523));
#2019=CARTESIAN_POINT('Ctrl Pts',(-3.30185637424592,12.6413542500868,-74.3679038398816));
#2020=CARTESIAN_POINT('Ctrl Pts',(-5.6486126192427,11.5528056926954,-74.2690175488688));
#2021=CARTESIAN_POINT('Ctrl Pts',(-7.72037134829589,9.27058776696942,-74.1313487862629));
#2022=CARTESIAN_POINT('Ctrl Pts',(-8.91551983106242,7.57765842916469,-73.8991608595233));
#2023=CARTESIAN_POINT('Ctrl Pts',(-9.63731228969901,5.99277422401618,-73.6708023440002));
#2024=CARTESIAN_POINT('Ctrl Pts',(-9.84647012832088,4.91609807301611,-73.4808254151958));
#2025=CARTESIAN_POINT('Ctrl Pts',(-9.78202304348135,4.0090441086035,-73.2827924877623));
#2026=CARTESIAN_POINT('Ctrl Pts',(-9.63341144705398,3.29408430864016,-73.1190351472779));
#2027=CARTESIAN_POINT('Ctrl Pts',(-9.47789312428446,2.78645635433026,-73.0049038552061));
#2028=CARTESIAN_POINT('Ctrl Pts',(-9.34399050904329,2.39116165451055,-72.9193937485678));
#2029=CARTESIAN_POINT('Ctrl Pts',(-9.29647899176889,2.25696779888944,-72.8909051067576));
#2030=CARTESIAN_POINT('Ctrl Pts',(-9.19635176596004,1.98322997608279,-72.8342819875794));
#2031=CARTESIAN_POINT('Ctrl Pts',(-9.14373605742558,1.84368600889727,-72.8061475102113));
#2032=CARTESIAN_POINT('Ctrl Pts',(-9.08889346982507,1.70122088582854,-72.7783524702161));
#2033=CARTESIAN_POINT('Ctrl Pts',(9.14979338948174,3.94975271481892,-75.1245111827447));
#2034=CARTESIAN_POINT('Ctrl Pts',(9.18955478148694,4.09293668494269,-75.160435632191));
#2035=CARTESIAN_POINT('Ctrl Pts',(9.22467378346561,4.23454900082239,-75.1968133659179));
#2036=CARTESIAN_POINT('Ctrl Pts',(9.28555987468178,4.51400419331322,-75.2700312444622));
#2037=CARTESIAN_POINT('Ctrl Pts',(9.31132696391927,4.65184706992435,-75.3068713892795));
#2038=CARTESIAN_POINT('Ctrl Pts',(9.3744996634878,5.05878234468426,-75.417419204161));
#2039=CARTESIAN_POINT('Ctrl Pts',(9.42105374786201,5.58378043083481,-75.5648893051479));
#2040=CARTESIAN_POINT('Ctrl Pts',(9.37624514475699,6.3035035807423,-75.7756537207633));
#2041=CARTESIAN_POINT('Ctrl Pts',(9.16149912170886,7.15273295655404,-76.0285389213638));
#2042=CARTESIAN_POINT('Ctrl Pts',(8.59841134615894,7.96969903437102,-76.2652446859513));
#2043=CARTESIAN_POINT('Ctrl Pts',(7.43458986017174,9.12308172506315,-76.5416888448308));
#2044=CARTESIAN_POINT('Ctrl Pts',(6.1726300704941,10.9664812794125,-76.8212779963558));
#2045=CARTESIAN_POINT('Ctrl Pts',(3.84500467550189,12.692974981849,-76.9386465154658));
#2046=CARTESIAN_POINT('Ctrl Pts',(1.64043739414715,13.1194202439565,-77.0305078970628));
#2047=CARTESIAN_POINT('Ctrl Pts',(-0.594886771602082,12.8556236358899,-77.4506790663745));
#2048=CARTESIAN_POINT('Ctrl Pts',(-2.82763043194627,12.5708104978452,-77.0305078970628));
#2049=CARTESIAN_POINT('Ctrl Pts',(-4.86354619715411,11.6236993868493,-76.9386465154657));
#2050=CARTESIAN_POINT('Ctrl Pts',(-6.70435454105223,9.38538637813038,-76.8212779963558));
#2051=CARTESIAN_POINT('Ctrl Pts',(-7.48287001717281,7.29144796423671,-76.5416888448308));
#2052=CARTESIAN_POINT('Ctrl Pts',(-8.33309250429029,5.89077176866779,-76.2652446859513));
#2053=CARTESIAN_POINT('Ctrl Pts',(-8.68181218423851,4.96184981279947,-76.0285389213638));
#2054=CARTESIAN_POINT('Ctrl Pts',(-8.68473215224161,4.08589441385301,-75.7756537207633));
#2055=CARTESIAN_POINT('Ctrl Pts',(-8.55409295960221,3.37670993519353,-75.5648893051479));
#2056=CARTESIAN_POINT('Ctrl Pts',(-8.38191319830549,2.87856898823829,-75.417419204161));
#2057=CARTESIAN_POINT('Ctrl Pts',(-8.22217044484053,2.49900428949758,-75.3068713892795));
#2058=CARTESIAN_POINT('Ctrl Pts',(-8.16382153827015,2.37148955849663,-75.2700312444622));
#2059=CARTESIAN_POINT('Ctrl Pts',(-8.0371376942709,2.11506505813981,-75.1968133659179));
#2060=CARTESIAN_POINT('Ctrl Pts',(-7.96880275684205,1.98615528878394,-75.160435632191));
#2061=CARTESIAN_POINT('Ctrl Pts',(-7.89558311063679,1.8568436458272,-75.1245111827447));
#2062=CARTESIAN_POINT('Ctrl Pts',(10.2733685317373,3.71465999328721,-78.7417353838661));
#2063=CARTESIAN_POINT('Ctrl Pts',(10.2755514319481,3.86934556514214,-78.7892856305373));
#2064=CARTESIAN_POINT('Ctrl Pts',(10.2744279191258,4.02007166513069,-78.8384390369522));
#2065=CARTESIAN_POINT('Ctrl Pts',(10.2655817422479,4.31389797534502,-78.9392138023291));
#2066=CARTESIAN_POINT('Ctrl Pts',(10.2578590781924,4.45699818557078,-78.9908351612911));
#2067=CARTESIAN_POINT('Ctrl Pts',(10.2248128714259,4.87529956255892,-79.148293616588));
#2068=CARTESIAN_POINT('Ctrl Pts',(10.1544093568043,5.40370338870531,-79.365156566079));
#2069=CARTESIAN_POINT('Ctrl Pts',(9.97010656407114,6.11534839369128,-79.693485211039));
#2070=CARTESIAN_POINT('Ctrl Pts',(9.61987707402334,6.96563848173426,-80.111674623201));
#2071=CARTESIAN_POINT('Ctrl Pts',(8.98698738945234,7.86126573260317,-80.5533929074034));
#2072=CARTESIAN_POINT('Ctrl Pts',(7.77680502749692,9.18598945038779,-81.045807542473));
#2073=CARTESIAN_POINT('Ctrl Pts',(6.30364261319096,11.1047859708368,-81.1816449366087));
#2074=CARTESIAN_POINT('Ctrl Pts',(3.88935675758102,12.504308966908,-81.0732113041219));
#2075=CARTESIAN_POINT('Ctrl Pts',(1.66629443874373,12.9802069340494,-79.797817532026));
#2076=CARTESIAN_POINT('Ctrl Pts',(-0.576585127793654,12.7065687085126,-79.8703709375295));
#2077=CARTESIAN_POINT('Ctrl Pts',(-2.81904066398703,12.4294770329582,-79.7978175320261));
#2078=CARTESIAN_POINT('Ctrl Pts',(-4.86093839287719,11.4299078190882,-81.0732113041219));
#2079=CARTESIAN_POINT('Ctrl Pts',(-6.86493438443922,9.4878880264667,-81.1816449366087));
#2080=CARTESIAN_POINT('Ctrl Pts',(-7.83013868765367,7.2696977192867,-81.0458075424731));
#2081=CARTESIAN_POINT('Ctrl Pts',(-8.68389378852132,5.69155434639828,-80.5533929074035));
#2082=CARTESIAN_POINT('Ctrl Pts',(-9.08131210238381,4.66942118034699,-80.111674623201));
#2083=CARTESIAN_POINT('Ctrl Pts',(-9.21543448988404,3.75966015969677,-79.693485211039));
#2084=CARTESIAN_POINT('Ctrl Pts',(-9.22210019341354,3.02456717175088,-79.3651565660788));
#2085=CARTESIAN_POINT('Ctrl Pts',(-9.16257996750221,2.49482704577904,-79.148293616588));
#2086=CARTESIAN_POINT('Ctrl Pts',(-9.09344829864441,2.08095640640877,-78.9908351612911));
#2087=CARTESIAN_POINT('Ctrl Pts',(-9.06632249245443,1.94023860247011,-78.939213802329));
#2088=CARTESIAN_POINT('Ctrl Pts',(-9.00382288212881,1.65300010552261,-78.8384390369521));
#2089=CARTESIAN_POINT('Ctrl Pts',(-8.96844907799319,1.50647941251376,-78.7892856305373));
#2090=CARTESIAN_POINT('Ctrl Pts',(-8.92890919248265,1.35691675458327,-78.7417353838661));
#2091=CARTESIAN_POINT('Ctrl Pts',(10.5604441521007,3.717346723324,-82.5875704230664));
#2092=CARTESIAN_POINT('Ctrl Pts',(10.5600298710408,3.876467025753,-82.6531869430792));
#2093=CARTESIAN_POINT('Ctrl Pts',(10.5562057509811,4.03150890696796,-82.7233058066929));
#2094=CARTESIAN_POINT('Ctrl Pts',(10.541937970269,4.33355907369244,-82.8719918734676));
#2095=CARTESIAN_POINT('Ctrl Pts',(10.5314943096166,4.48056735920195,-82.9505590766283));
#2096=CARTESIAN_POINT('Ctrl Pts',(10.4905342228807,4.9097266922563,-83.1980986739489));
#2097=CARTESIAN_POINT('Ctrl Pts',(10.4102431611562,5.45029774039755,-83.5597194379447));
#2098=CARTESIAN_POINT('Ctrl Pts',(10.2175770281049,6.1691880461592,-84.1835021429255));
#2099=CARTESIAN_POINT('Ctrl Pts',(9.85644649359116,7.03375089513793,-85.0517944418288));
#2100=CARTESIAN_POINT('Ctrl Pts',(9.19469833744005,7.99202927734898,-86.0709635139735));
#2101=CARTESIAN_POINT('Ctrl Pts',(7.90716391801156,9.38049453431132,-87.3120261929302));
#2102=CARTESIAN_POINT('Ctrl Pts',(6.28132070981119,11.062851241906,-87.6671103607809));
#2103=CARTESIAN_POINT('Ctrl Pts',(3.82992765844027,12.2685940384176,-87.6611655539542));
#2104=CARTESIAN_POINT('Ctrl Pts',(1.56606606881856,12.7167091566879,-87.6848608546794));
#2105=CARTESIAN_POINT('Ctrl Pts',(-0.546012076549702,12.4575711878217,-87.6965939995304));
#2106=CARTESIAN_POINT('Ctrl Pts',(-2.65804362321143,12.1980537029463,-87.6848608546794));
#2107=CARTESIAN_POINT('Ctrl Pts',(-4.74624998964295,11.2155718316725,-87.6611655539541));
#2108=CARTESIAN_POINT('Ctrl Pts',(-6.83313060787308,9.45259909538159,-87.6671103607808));
#2109=CARTESIAN_POINT('Ctrl Pts',(-8.00368040060866,7.42688850105508,-87.3120261929302));
#2110=CARTESIAN_POINT('Ctrl Pts',(-8.91706939827476,5.76818382874387,-86.0709635139737));
#2111=CARTESIAN_POINT('Ctrl Pts',(-9.32733228332252,4.67827904155615,-85.0517944418288));
#2112=CARTESIAN_POINT('Ctrl Pts',(-9.46857901429901,3.7520320206266,-84.1835021429255));
#2113=CARTESIAN_POINT('Ctrl Pts',(-9.48160683429873,3.00788567315922,-83.5597194379445));
#2114=CARTESIAN_POINT('Ctrl Pts',(-9.42873693567552,2.46394772954711,-83.1980986739489));
#2115=CARTESIAN_POINT('Ctrl Pts',(-9.36465729341649,2.03762712096594,-82.9505590766283));
#2116=CARTESIAN_POINT('Ctrl Pts',(-9.33922620961487,1.89245905962686,-82.8719918734676));
#2117=CARTESIAN_POINT('Ctrl Pts',(-9.27999762736308,1.59592938517728,-82.7233058066929));
#2118=CARTESIAN_POINT('Ctrl Pts',(-9.24620012891292,1.44456777206678,-82.6531869430791));
#2119=CARTESIAN_POINT('Ctrl Pts',(-9.20810741886281,1.29007379899685,-82.5875704230664));
#2120=CARTESIAN_POINT('Ctrl Pts',(10.6067274241679,3.85625129245149,-84.4056225547876));
#2121=CARTESIAN_POINT('Ctrl Pts',(10.6076695091671,4.01354043303506,-84.4706732016402));
#2122=CARTESIAN_POINT('Ctrl Pts',(10.6046815867177,4.16663198687179,-84.5394892711199));
#2123=CARTESIAN_POINT('Ctrl Pts',(10.5917026948365,4.4634552720323,-84.6869728072175));
#2124=CARTESIAN_POINT('Ctrl Pts',(10.5817117254047,4.60718700335608,-84.7656402738356));
#2125=CARTESIAN_POINT('Ctrl Pts',(10.542519698507,5.02289549002914,-85.0199005972243));
#2126=CARTESIAN_POINT('Ctrl Pts',(10.4656793463712,5.53587558613117,-85.4076021578344));
#2127=CARTESIAN_POINT('Ctrl Pts',(10.2789703558729,6.23193319275822,-86.07857449965));
#2128=CARTESIAN_POINT('Ctrl Pts',(9.92460682708833,7.08415058423745,-87.0360004541954));
#2129=CARTESIAN_POINT('Ctrl Pts',(9.26495529139353,8.04848085231319,-88.2447185155941));
#2130=CARTESIAN_POINT('Ctrl Pts',(7.96269445463678,9.43521520738526,-89.8327905937618));
#2131=CARTESIAN_POINT('Ctrl Pts',(6.27608798387794,10.9866712593844,-90.4731001433406));
#2132=CARTESIAN_POINT('Ctrl Pts',(3.81016706517263,12.1288552594844,-90.545660837253));
#2133=CARTESIAN_POINT('Ctrl Pts',(1.53319908510169,12.5087975557795,-90.9946385477406));
#2134=CARTESIAN_POINT('Ctrl Pts',(-0.521330802043101,12.256558337956,-90.9998655270489));
#2135=CARTESIAN_POINT('Ctrl Pts',(-2.57585456076645,12.0042692081451,-90.9946385477406));
#2136=CARTESIAN_POINT('Ctrl Pts',(-4.69327050015837,11.08476441186,-90.5456608372529));
#2137=CARTESIAN_POINT('Ctrl Pts',(-6.8096237104849,9.37994789489003,-90.4731001433406));
#2138=CARTESIAN_POINT('Ctrl Pts',(-8.07079957193244,7.46654968359363,-89.8327905937618));
#2139=CARTESIAN_POINT('Ctrl Pts',(-8.99889629246191,5.8059618551937,-88.2447185155941));
#2140=CARTESIAN_POINT('Ctrl Pts',(-9.40566075194096,4.71069216741071,-87.0360004541954));
#2141=CARTESIAN_POINT('Ctrl Pts',(-9.5433281226591,3.79806097798538,-86.07857449965));
#2142=CARTESIAN_POINT('Ctrl Pts',(-9.55609948255512,3.0775102641264,-85.4076021578344));
#2143=CARTESIAN_POINT('Ctrl Pts',(-9.50655623058407,2.56117850556673,-85.0199005972243));
#2144=CARTESIAN_POINT('Ctrl Pts',(-9.44401510167417,2.14833692813171,-84.7656402738356));
#2145=CARTESIAN_POINT('Ctrl Pts',(-9.41893744371559,2.00645760923416,-84.6869728072175));
#2146=CARTESIAN_POINT('Ctrl Pts',(-9.35972275523558,1.71531136605704,-84.5394892711198));
#2147=CARTESIAN_POINT('Ctrl Pts',(-9.32558572471413,1.56604444177747,-84.4706732016402));
#2148=CARTESIAN_POINT('Ctrl Pts',(-9.28661993661841,1.41365537186842,-84.4056225547876));
#2149=CARTESIAN_POINT('Ctrl Pts',(10.618136517043,3.96028927268901,-85.3641506646218));
#2150=CARTESIAN_POINT('Ctrl Pts',(10.6199501446857,4.11736839718063,-85.4271701115941));
#2151=CARTESIAN_POINT('Ctrl Pts',(10.6174064734801,4.26887045846946,-85.4865302473513));
#2152=CARTESIAN_POINT('Ctrl Pts',(10.6051507600878,4.56058317375747,-85.6148111945205));
#2153=CARTESIAN_POINT('Ctrl Pts',(10.5953512528796,4.70051481141894,-85.6830058217983));
#2154=CARTESIAN_POINT('Ctrl Pts',(10.557154795198,5.10095462060115,-85.9257211377003));
#2155=CARTESIAN_POINT('Ctrl Pts',(10.4821630100189,5.59437747749622,-86.2999670681001));
#2156=CARTESIAN_POINT('Ctrl Pts',(10.2996920156154,6.27255366842798,-86.9700105677915));
#2157=CARTESIAN_POINT('Ctrl Pts',(9.95128135889558,7.11197878915709,-87.9518161902333));
#2158=CARTESIAN_POINT('Ctrl Pts',(9.29654133890135,8.07311867417101,-89.2389402937562));
#2159=CARTESIAN_POINT('Ctrl Pts',(7.99232518538293,9.45272892326683,-90.9963880467987));
#2160=CARTESIAN_POINT('Ctrl Pts',(6.27659133413418,10.9365069222523,-91.8214138889921));
#2161=CARTESIAN_POINT('Ctrl Pts',(3.80332965864048,12.051157216159,-91.9372200783562));
#2162=CARTESIAN_POINT('Ctrl Pts',(1.52140060661215,12.3840609108946,-92.5256827726419));
#2163=CARTESIAN_POINT('Ctrl Pts',(-0.506412707021038,12.1350602040508,-92.5292874383271));
#2164=CARTESIAN_POINT('Ctrl Pts',(-2.53423002193017,11.8860920849846,-92.5256827726419));
#2165=CARTESIAN_POINT('Ctrl Pts',(-4.66783933589575,11.0110284508306,-91.9372200783563));
#2166=CARTESIAN_POINT('Ctrl Pts',(-6.79797625755687,9.3311518815112,-91.8214138889921));
#2167=CARTESIAN_POINT('Ctrl Pts',(-8.10378709468694,7.47637484471462,-90.9963880467987));
#2168=CARTESIAN_POINT('Ctrl Pts',(-9.03550452793598,5.82222647195951,-89.2389402937562));
#2169=CARTESIAN_POINT('Ctrl Pts',(-9.43827518823924,4.73124060241513,-87.9518161902333));
#2170=CARTESIAN_POINT('Ctrl Pts',(-9.57326124302271,3.83246182872218,-86.9700105677914));
#2171=CARTESIAN_POINT('Ctrl Pts',(-9.58624639940099,3.13028664014091,-86.2999670681001));
#2172=CARTESIAN_POINT('Ctrl Pts',(-9.5396408151938,2.6333783960238,-85.9257211377003));
#2173=CARTESIAN_POINT('Ctrl Pts',(-9.47982751713026,2.235592801096,-85.6830058217983));
#2174=CARTESIAN_POINT('Ctrl Pts',(-9.45548341005651,2.09744701574253,-85.6148111945205));
#2175=CARTESIAN_POINT('Ctrl Pts',(-9.39680338333056,1.81143448938241,-85.4865302473513));
#2176=CARTESIAN_POINT('Ctrl Pts',(-9.36261983077611,1.66381731703202,-85.427170111594));
#2177=CARTESIAN_POINT('Ctrl Pts',(-9.32285919606927,1.51184287008785,-85.3641506646217));
#2178=CARTESIAN_POINT('Ctrl Pts',(10.6198271060753,4.00300481601983,-85.6999004582026));
#2179=CARTESIAN_POINT('Ctrl Pts',(10.621832896624,4.15894080691726,-85.750981036312));
#2180=CARTESIAN_POINT('Ctrl Pts',(10.6197292638832,4.30872943760964,-85.8087021134315));
#2181=CARTESIAN_POINT('Ctrl Pts',(10.6077277323327,4.59832244142507,-85.9274819770261));
#2182=CARTESIAN_POINT('Ctrl Pts',(10.5980614834828,4.73523748825528,-85.9968141187189));
#2183=CARTESIAN_POINT('Ctrl Pts',(10.5601402205746,5.13055345273941,-86.2268145809987));
#2184=CARTESIAN_POINT('Ctrl Pts',(10.4857851597415,5.61649693603429,-86.5921592965755));
#2185=CARTESIAN_POINT('Ctrl Pts',(10.3049367348393,6.28763514404627,-87.2578059054685));
#2186=CARTESIAN_POINT('Ctrl Pts',(9.95893859700777,7.12169291752529,-88.2443735572217));
#2187=CARTESIAN_POINT('Ctrl Pts',(9.30647961649246,8.08073328718624,-89.5549049327022));
#2188=CARTESIAN_POINT('Ctrl Pts',(8.00251300603723,9.45692572511812,-91.368123073248));
#2189=CARTESIAN_POINT('Ctrl Pts',(6.27727906975674,10.9177730855631,-92.2617382799379));
#2190=CARTESIAN_POINT('Ctrl Pts',(3.80155767148005,12.0239530927407,-92.3926250919663));
#2191=CARTESIAN_POINT('Ctrl Pts',(1.51824028267711,12.3390185551944,-93.0153900773375));
#2192=CARTESIAN_POINT('Ctrl Pts',(-0.501010432385557,12.0910622079204,-93.0187257666731));
#2193=CARTESIAN_POINT('Ctrl Pts',(-2.52026684104912,11.8431522313045,-93.0153900773374));
#2194=CARTESIAN_POINT('Ctrl Pts',(-4.65953871122149,10.9850610886336,-92.3926250919663));
#2195=CARTESIAN_POINT('Ctrl Pts',(-6.79411143920853,9.31280814152941,-92.2617382799379));
#2196=CARTESIAN_POINT('Ctrl Pts',(-8.1146875917872,7.47798232673024,-91.368123073248));
#2197=CARTESIAN_POINT('Ctrl Pts',(-9.04698973782409,5.82721061147159,-89.5549049327022));
#2198=CARTESIAN_POINT('Ctrl Pts',(-9.44805503400351,4.73881372609613,-88.2443735572217));
#2199=CARTESIAN_POINT('Ctrl Pts',(-9.58199871084118,3.84582650764401,-87.2578059054685));
#2200=CARTESIAN_POINT('Ctrl Pts',(-9.5951121371359,3.1508727789009,-86.5921592965754));
#2201=CARTESIAN_POINT('Ctrl Pts',(-9.54969816625628,2.66137577658404,-86.2268145809988));
#2202=CARTESIAN_POINT('Ctrl Pts',(-9.49085741810228,2.26862840191012,-85.9968141187189));
#2203=CARTESIAN_POINT('Ctrl Pts',(-9.46711379038524,2.13344183986277,-85.9274819770261));
#2204=CARTESIAN_POINT('Ctrl Pts',(-9.40869993672201,1.84954755263845,-85.8087021134315));
#2205=CARTESIAN_POINT('Ctrl Pts',(-9.37450393310365,1.7036993696126,-85.7509810363119));
#2206=CARTESIAN_POINT('Ctrl Pts',(-9.3348333925963,1.55288058872394,-85.6999004582025));
#2207=CARTESIAN_POINT('Ctrl Pts',(10.6189834002875,4.10450833585143,-86.4038808926365));
#2208=CARTESIAN_POINT('Ctrl Pts',(10.622189763019,4.26151697589371,-86.4321547809968));
#2209=CARTESIAN_POINT('Ctrl Pts',(10.6201454399954,4.40694269529643,-86.4666392606642));
#2210=CARTESIAN_POINT('Ctrl Pts',(10.6084367341171,4.69001821034219,-86.5526080993317));
#2211=CARTESIAN_POINT('Ctrl Pts',(10.5988456024723,4.82094860242854,-86.61111790182));
#2212=CARTESIAN_POINT('Ctrl Pts',(10.5614687488997,5.19973339258664,-86.8136903317721));
#2213=CARTESIAN_POINT('Ctrl Pts',(10.4886903877677,5.66742941652829,-87.1559016316742));
#2214=CARTESIAN_POINT('Ctrl Pts',(10.3116793779532,6.32132007397278,-87.8061582094367));
#2215=CARTESIAN_POINT('Ctrl Pts',(9.97147321577824,7.14184622514707,-88.7950387726708));
#2216=CARTESIAN_POINT('Ctrl Pts',(9.32510612426677,8.09415713996603,-90.1458096302559));
#2217=CARTESIAN_POINT('Ctrl Pts',(8.02383075521011,9.46119153650988,-92.0677773601774));
#2218=CARTESIAN_POINT('Ctrl Pts',(6.28009401416644,10.8758851269112,-93.1143102501049));
#2219=CARTESIAN_POINT('Ctrl Pts',(3.79937655830307,11.9667060216219,-93.2763940767166));
#2220=CARTESIAN_POINT('Ctrl Pts',(1.51395691838133,12.2411818655244,-93.9348374795509));
#2221=CARTESIAN_POINT('Ctrl Pts',(-0.48923878029297,11.9951897952488,-93.9379072768599));
#2222=CARTESIAN_POINT('Ctrl Pts',(-2.49244187355467,11.7492579490546,-93.9348374795509));
#2223=CARTESIAN_POINT('Ctrl Pts',(-4.64357306646474,10.9300421592195,-93.2763940767165));
#2224=CARTESIAN_POINT('Ctrl Pts',(-6.7867091533791,9.27148343757942,-93.1143102501049));
#2225=CARTESIAN_POINT('Ctrl Pts',(-8.13640410588162,7.47696419500294,-92.0677773601774));
#2226=CARTESIAN_POINT('Ctrl Pts',(-9.06831048262369,5.83572955838481,-90.1458096302559));
#2227=CARTESIAN_POINT('Ctrl Pts',(-9.46509284740946,4.7553359956183,-88.7950387726708));
#2228=CARTESIAN_POINT('Ctrl Pts',(-9.59669019073945,3.87687965818812,-87.8061582094367));
#2229=CARTESIAN_POINT('Ctrl Pts',(-9.61025274970234,3.19958950878161,-87.1559016316742));
#2230=CARTESIAN_POINT('Ctrl Pts',(-9.56772337379767,2.72817937647107,-86.8136903317721));
#2231=CARTESIAN_POINT('Ctrl Pts',(-9.51235364062146,2.35160383413447,-86.61111790182));
#2232=CARTESIAN_POINT('Ctrl Pts',(-9.48998494602144,2.22224232950498,-86.5526080993317));
#2233=CARTESIAN_POINT('Ctrl Pts',(-9.43286368809768,1.9447427747216,-86.4666392606642));
#2234=CARTESIAN_POINT('Ctrl Pts',(-9.39966562028367,1.80314225419348,-86.4321547809968));
#2235=CARTESIAN_POINT('Ctrl Pts',(-9.35857067240385,1.65157313112203,-86.4038808926364));
#2236=CARTESIAN_POINT('Ctrl Pts',(10.6164491054674,4.1632963123522,-86.7721115334896));
#2237=CARTESIAN_POINT('Ctrl Pts',(10.6204952880098,4.30805106465031,-86.7859863391791));
#2238=CARTESIAN_POINT('Ctrl Pts',(10.6176205366096,4.46181904737598,-86.7969952311606));
#2239=CARTESIAN_POINT('Ctrl Pts',(10.6059989542984,4.74407117878317,-86.8615432282745));
#2240=CARTESIAN_POINT('Ctrl Pts',(10.5970518638632,4.87216939063848,-86.9096048277268));
#2241=CARTESIAN_POINT('Ctrl Pts',(10.5598118518481,5.23931450029561,-87.0994726392471));
#2242=CARTESIAN_POINT('Ctrl Pts',(10.4879734660714,5.69624243848423,-87.4274517382977));
#2243=CARTESIAN_POINT('Ctrl Pts',(10.3131773018434,6.339923528281,-88.0667151757279));
#2244=CARTESIAN_POINT('Ctrl Pts',(9.97635059643652,7.15228540440066,-89.0531466211314));
#2245=CARTESIAN_POINT('Ctrl Pts',(9.33379435444996,8.09996637973058,-90.4207496888635));
#2246=CARTESIAN_POINT('Ctrl Pts',(8.03496068372867,9.46126054605035,-92.3956966206577));
#2247=CARTESIAN_POINT('Ctrl Pts',(6.28222122295358,10.8527310049485,-93.5265578293262));
#2248=CARTESIAN_POINT('Ctrl Pts',(3.79896743228653,11.9366630739213,-93.7047580478568));
#2249=CARTESIAN_POINT('Ctrl Pts',(1.51283387802059,12.1883875315545,-94.3645775770688));
#2250=CARTESIAN_POINT('Ctrl Pts',(-0.482869402835863,11.9433153787076,-94.3676504587009));
#2251=CARTESIAN_POINT('Ctrl Pts',(-2.47858008694128,11.6983035204849,-94.3645775770688));
#2252=CARTESIAN_POINT('Ctrl Pts',(-4.63590804638226,10.9009905920023,-93.7047580478567));
#2253=CARTESIAN_POINT('Ctrl Pts',(-6.78317168589799,9.24850247361121,-93.5265578293261));
#2254=CARTESIAN_POINT('Ctrl Pts',(-8.14722012287579,7.47433858126004,-92.3956966206577));
#2255=CARTESIAN_POINT('Ctrl Pts',(-9.07814601753518,5.83926436578594,-90.4207496888635));
#2256=CARTESIAN_POINT('Ctrl Pts',(-9.47235081505114,4.76428514145948,-89.0531466211314));
#2257=CARTESIAN_POINT('Ctrl Pts',(-9.60264420281925,3.8945681298104,-88.0667151757279));
#2258=CARTESIAN_POINT('Ctrl Pts',(-9.61652762453387,3.22772009990232,-87.4274517382977));
#2259=CARTESIAN_POINT('Ctrl Pts',(-9.57569123027657,2.76698559579787,-87.0994726392471));
#2260=CARTESIAN_POINT('Ctrl Pts',(-9.52300461389289,2.40173709067557,-86.9096048277268));
#2261=CARTESIAN_POINT('Ctrl Pts',(-9.50069617526973,2.27527944609061,-86.8615432282745));
#2262=CARTESIAN_POINT('Ctrl Pts',(-9.44368957625184,1.99859989403131,-86.7969952311605));
#2263=CARTESIAN_POINT('Ctrl Pts',(-9.40927909338603,1.8487040122464,-86.785986339179));
#2264=CARTESIAN_POINT('Ctrl Pts',(-9.37033375568437,1.70922795488402,-86.7721115334895));
#2265=CARTESIAN_POINT('Ctrl Pts',(10.611088851359,4.26028550830514,-87.1144329471541));
#2266=CARTESIAN_POINT('Ctrl Pts',(10.6146294742154,4.38483395220945,-87.1174578697543));
#2267=CARTESIAN_POINT('Ctrl Pts',(10.6122956700389,4.53209220238198,-87.1198721061025));
#2268=CARTESIAN_POINT('Ctrl Pts',(10.6010300197745,4.80655594245173,-87.161074890117));
#2269=CARTESIAN_POINT('Ctrl Pts',(10.5920981736865,4.93376143234895,-87.1998634377833));
#2270=CARTESIAN_POINT('Ctrl Pts',(10.5554055725555,5.28529876162767,-87.3707905477589));
#2271=CARTESIAN_POINT('Ctrl Pts',(10.4847898777829,5.72913019577501,-87.6836224646827));
#2272=CARTESIAN_POINT('Ctrl Pts',(10.3125909310899,6.36050764421744,-88.3093837890033));
#2273=CARTESIAN_POINT('Ctrl Pts',(9.97968239213111,7.163011574478,-89.2895194960885));
#2274=CARTESIAN_POINT('Ctrl Pts',(9.34182294213673,8.10456824051516,-90.670107787574));
#2275=CARTESIAN_POINT('Ctrl Pts',(8.04672180970591,9.45884286672257,-92.6959309063989));
#2276=CARTESIAN_POINT('Ctrl Pts',(6.2852679527015,10.8271689886908,-93.9198421210942));
#2277=CARTESIAN_POINT('Ctrl Pts',(3.79941401906361,11.9050860775816,-94.1145290432848));
#2278=CARTESIAN_POINT('Ctrl Pts',(1.512975619006,12.1313046933865,-94.7549912376806));
#2279=CARTESIAN_POINT('Ctrl Pts',(-0.475962498851925,11.8870631599176,-94.7580674694505));
#2280=CARTESIAN_POINT('Ctrl Pts',(-2.46490802919785,11.6428819963189,-94.7549912376806));
#2281=CARTESIAN_POINT('Ctrl Pts',(-4.62870220081161,10.8702435282855,-94.1145290432848));
#2282=CARTESIAN_POINT('Ctrl Pts',(-6.77994390332311,9.22296268784542,-93.9198421210942));
#2283=CARTESIAN_POINT('Ctrl Pts',(-8.15804700358176,7.46914744344998,-92.6959309063988));
#2284=CARTESIAN_POINT('Ctrl Pts',(-9.08704941273997,5.84178724048597,-90.670107787574));
#2285=CARTESIAN_POINT('Ctrl Pts',(-9.47817853757206,4.77388666411464,-89.2895194960884));
#2286=CARTESIAN_POINT('Ctrl Pts',(-9.60705499812979,3.91468266545688,-88.3093837890034));
#2287=CARTESIAN_POINT('Ctrl Pts',(-9.62139487100909,3.26040112996194,-87.6836224646828));
#2288=CARTESIAN_POINT('Ctrl Pts',(-9.5825404359793,2.81266990348335,-87.3707905477589));
#2289=CARTESIAN_POINT('Ctrl Pts',(-9.53309853296955,2.46269799163763,-87.1998634377832));
#2290=CARTESIAN_POINT('Ctrl Pts',(-9.51099127180983,2.3371102392947,-87.161074890117));
#2291=CARTESIAN_POINT('Ctrl Pts',(-9.45552349584411,2.06807383782017,-87.1198721061025));
#2292=CARTESIAN_POINT('Ctrl Pts',(-9.42216298103812,1.92462518868855,-87.1174578697543));
#2293=CARTESIAN_POINT('Ctrl Pts',(-9.3885965341688,1.80463292004691,-87.1144329471541));
#2294=CARTESIAN_POINT('',(10.0481279417844,6.95828070879362,-89.0548468131591));
#2295=CARTESIAN_POINT('Ctrl Pts',(10.0481279417844,6.95828070879362,-89.0548468131591));
#2296=CARTESIAN_POINT('Ctrl Pts',(9.65609306248006,7.74436510657724,-90.0764274956121));
#2297=CARTESIAN_POINT('Ctrl Pts',(8.39901258110674,9.18517764232892,-92.4511486634596));
#2298=CARTESIAN_POINT('Ctrl Pts',(6.86740194795979,10.3749577944945,-93.5153578807499));
#2299=CARTESIAN_POINT('Ctrl Pts',(5.95492556092377,10.8878793733244,-93.7974530497368));
#2300=CARTESIAN_POINT('Ctrl Pts',(5.81845381570527,10.9607300802986,-93.8343107485722));
#2301=CARTESIAN_POINT('',(10.6110888513589,4.26028550830515,-87.114432947154));
#2302=CARTESIAN_POINT('Ctrl Pts',(10.611088851359,4.26028550830514,-87.1144329471541));
#2303=CARTESIAN_POINT('Ctrl Pts',(10.6146294742154,4.38483395220945,-87.1174578697543));
#2304=CARTESIAN_POINT('Ctrl Pts',(10.6099618658624,4.67935045255451,-87.1222863424507));
#2305=CARTESIAN_POINT('Ctrl Pts',(10.5920981736865,4.93376143234895,-87.1998634377833));
#2306=CARTESIAN_POINT('Ctrl Pts',(10.5554055725555,5.28529876162767,-87.3707905477589));
#2307=CARTESIAN_POINT('Ctrl Pts',(10.4494820303966,5.95104591284868,-87.8400384231446));
#2308=CARTESIAN_POINT('Ctrl Pts',(10.2441453814366,6.56523850990182,-88.5440564719327));
#2309=CARTESIAN_POINT('Ctrl Pts',(10.0481279417844,6.95828070879362,-89.0548468131591));
#2310=CARTESIAN_POINT('',(8.3600533070897,4.70470501800621,-58.2957648573459));
#2311=CARTESIAN_POINT('Ctrl Pts',(8.3600533070897,4.70470501800621,-58.2957648573459));
#2312=CARTESIAN_POINT('Ctrl Pts',(8.59054178573262,4.62421870909134,-59.7094369583496));
#2313=CARTESIAN_POINT('Ctrl Pts',(9.24539857543521,4.36200475379541,-63.8988174088136));
#2314=CARTESIAN_POINT('Ctrl Pts',(9.65382939322191,3.8936978960537,-68.7914119229847));
#2315=CARTESIAN_POINT('Ctrl Pts',(9.19928259217978,4.13389394050116,-71.2542673800151));
#2316=CARTESIAN_POINT('Ctrl Pts',(10.3453058842203,4.08744052001449,-72.7783524702161));
#2317=CARTESIAN_POINT('Ctrl Pts',(9.14979338948174,3.94975271481892,-75.1245111827447));
#2318=CARTESIAN_POINT('Ctrl Pts',(10.2733685317373,3.71465999328721,-78.7417353838661));
#2319=CARTESIAN_POINT('Ctrl Pts',(10.5604441521007,3.717346723324,-82.5875704230664));
#2320=CARTESIAN_POINT('Ctrl Pts',(10.6067274241679,3.85625129245149,-84.4056225547876));
#2321=CARTESIAN_POINT('Ctrl Pts',(10.618136517043,3.96028927268901,-85.3641506646218));
#2322=CARTESIAN_POINT('Ctrl Pts',(10.6215176951076,4.04572035935066,-86.0356502517834));
#2323=CARTESIAN_POINT('Ctrl Pts',(10.6164491054674,4.1632963123522,-86.7721115334896));
#2324=CARTESIAN_POINT('Ctrl Pts',(10.611088851359,4.26028550830514,-87.1144329471541));
#2325=CARTESIAN_POINT('',(8.36138677964753,4.71435988305763,-58.2957725647503));
#2326=CARTESIAN_POINT('',(8.36138677964753,4.71435988305763,-58.2957725647503));
#2327=CARTESIAN_POINT('',(-0.492681374170091,12.0232274723948,-58.2998171570609));
#2328=CARTESIAN_POINT('Ctrl Pts',(-0.492681374170089,12.0232274723948,-58.2998171570609));
#2329=CARTESIAN_POINT('Ctrl Pts',(-0.415210231175727,12.03273973267,-58.2998171570609));
#2330=CARTESIAN_POINT('Ctrl Pts',(-0.337728170346309,12.0414576985781,-58.2997875747571));
#2331=CARTESIAN_POINT('Ctrl Pts',(-0.260835902236108,12.049314001196,-58.2997581943933));
#2332=CARTESIAN_POINT('Ctrl Pts',(-0.186141547552206,12.0569457367224,-58.2997296538473));
#2333=CARTESIAN_POINT('Ctrl Pts',(-0.112004062083231,12.06376415232,-58.2997015579786));
#2334=CARTESIAN_POINT('Ctrl Pts',(-0.0389648438084336,12.0697232835513,
-58.2996878227656));
#2335=CARTESIAN_POINT('Ctrl Pts',(0.0321030411593526,12.0755215774385,-58.2996744582669));
#2336=CARTESIAN_POINT('Ctrl Pts',(0.102130964852552,12.0805062528679,-58.2996748553066));
#2337=CARTESIAN_POINT('Ctrl Pts',(0.170632680385359,12.0846523432118,-58.2996859452355));
#2338=CARTESIAN_POINT('Ctrl Pts',(0.212560410358033,12.0871900337649,-58.2996927330297));
#2339=CARTESIAN_POINT('Ctrl Pts',(0.25391664658933,12.0894139197864,-58.2997032027086));
#2340=CARTESIAN_POINT('Ctrl Pts',(0.294592586097293,12.0913217461155,-58.2997132356291));
#2341=CARTESIAN_POINT('Ctrl Pts',(0.377998923577953,12.0952337591772,-58.2997338082125));
#2342=CARTESIAN_POINT('Ctrl Pts',(0.458524586615483,12.0978376450586,-58.2997314154051));
#2343=CARTESIAN_POINT('Ctrl Pts',(0.536677489019781,12.0992487601782,-58.2997126052339));
#2344=CARTESIAN_POINT('Ctrl Pts',(0.613463532835567,12.1006351955384,-58.2996941240439));
#2345=CARTESIAN_POINT('Ctrl Pts',(0.687959520203184,12.1008706021131,-58.2996594983914));
#2346=CARTESIAN_POINT('Ctrl Pts',(0.760654219115892,12.1000555917463,-58.2996238397529));
#2347=CARTESIAN_POINT('Ctrl Pts',(0.831965597519994,12.0992560903584,-58.299588859669));
#2348=CARTESIAN_POINT('Ctrl Pts',(0.90154384057003,12.097446017213,-58.2995526654089));
#2349=CARTESIAN_POINT('Ctrl Pts',(0.969852371681334,12.0947072602135,-58.2995418897577));
#2350=CARTESIAN_POINT('Ctrl Pts',(1.04387982287449,12.0917392092715,-58.2995302119486));
#2351=CARTESIAN_POINT('Ctrl Pts',(1.11641064029379,12.0876678190782,-58.2995607902781));
#2352=CARTESIAN_POINT('Ctrl Pts',(1.18714557047624,12.082522123604,-58.2995910148426));
#2353=CARTESIAN_POINT('Ctrl Pts',(1.2161745353742,12.0804103774991,-58.299603418726));
#2354=CARTESIAN_POINT('Ctrl Pts',(1.24490121211649,12.0781179263674,-58.2996155319792));
#2355=CARTESIAN_POINT('Ctrl Pts',(1.27330559326794,12.0756477417986,-58.2996234145726));
#2356=CARTESIAN_POINT('Ctrl Pts',(1.34038453969894,12.0698142269799,-58.2996420298721));
#2357=CARTESIAN_POINT('Ctrl Pts',(1.40566652444115,12.0629929611965,-58.2996336167673));
#2358=CARTESIAN_POINT('Ctrl Pts',(1.46957090298224,12.0552365240416,-58.2996312936233));
#2359=CARTESIAN_POINT('Ctrl Pts',(1.49866408602714,12.0517053192779,-58.299630235986));
#2360=CARTESIAN_POINT('Ctrl Pts',(1.52747169663434,12.0479800619368,-58.2996306675515));
#2361=CARTESIAN_POINT('Ctrl Pts',(1.55603305676766,12.0440645024908,-58.2996369292066));
#2362=CARTESIAN_POINT('Ctrl Pts',(1.55774765113519,12.0438294437911,-58.2996373051061));
#2363=CARTESIAN_POINT('Ctrl Pts',(1.55945135201472,12.0435954108662,-58.299638023573));
#2364=CARTESIAN_POINT('Ctrl Pts',(1.56115833379765,12.0433597700402,-58.299638423841));
#2365=CARTESIAN_POINT('Ctrl Pts',(1.56130311534117,12.0433397836274,-58.2996384577907));
#2366=CARTESIAN_POINT('Ctrl Pts',(1.56144792050864,12.0433197856437,-58.2996384894512));
#2367=CARTESIAN_POINT('Ctrl Pts',(1.56159275795308,12.0432997744816,-58.2996385184194));
#2368=CARTESIAN_POINT('Ctrl Pts',(1.56497142581318,12.0428329679146,-58.2996391941701));
#2369=CARTESIAN_POINT('Ctrl Pts',(1.56836824123427,12.0423588896331,-58.2996384230015));
#2370=CARTESIAN_POINT('Ctrl Pts',(1.57175947111009,12.0418825277616,-58.2996378681154));
#2371=CARTESIAN_POINT('Ctrl Pts',(1.57208697300812,12.0418365239745,-58.2996378145283));
#2372=CARTESIAN_POINT('Ctrl Pts',(1.57241442287466,12.0417904989389,-58.299637762904));
#2373=CARTESIAN_POINT('Ctrl Pts',(1.57274179939443,12.0417444571842,-58.2996377146978));
#2374=CARTESIAN_POINT('Ctrl Pts',(1.61713206334804,12.0355014754172,-58.2996311782288));
#2375=CARTESIAN_POINT('Ctrl Pts',(1.66014348248445,12.0289629612316,-58.2996803760921));
#2376=CARTESIAN_POINT('Ctrl Pts',(1.70229162204867,12.0220836296338,-58.2997390699827));
#2377=CARTESIAN_POINT('Ctrl Pts',(1.74610297750965,12.0149328313998,-58.2998000800043));
#2378=CARTESIAN_POINT('Ctrl Pts',(1.78898084751082,12.0074136880919,-58.2998714121215));
#2379=CARTESIAN_POINT('Ctrl Pts',(1.83148130105207,11.999456871651,-58.2999212551298));
#2380=CARTESIAN_POINT('Ctrl Pts',(1.87591979216824,11.9911372212176,-58.2999733709992));
#2381=CARTESIAN_POINT('Ctrl Pts',(1.91995001642414,11.9823640687395,-58.2999770789507));
#2382=CARTESIAN_POINT('Ctrl Pts',(1.96418261193646,11.97297509674,-58.2999806584428));
#2383=CARTESIAN_POINT('Ctrl Pts',(1.9932960283962,11.9667953768122,-58.2999830144259));
#2384=CARTESIAN_POINT('Ctrl Pts',(2.02249697094806,11.9603504294996,-58.2999839075171));
#2385=CARTESIAN_POINT('Ctrl Pts',(2.05197068619408,11.953637431526,-58.2999533822982));
#2386=CARTESIAN_POINT('Ctrl Pts',(2.08357991591053,11.9464380440968,-58.2999206453782));
#2387=CARTESIAN_POINT('Ctrl Pts',(2.11549452201007,11.9389033490805,-58.2998794117425));
#2388=CARTESIAN_POINT('Ctrl Pts',(2.14687974775323,11.9312774406284,-58.2998540495776));
#2389=CARTESIAN_POINT('Ctrl Pts',(2.17996064501507,11.9232395218924,-58.2998273171533));
#2390=CARTESIAN_POINT('Ctrl Pts',(2.21245424060548,11.9151001667798,-58.2998180624166));
#2391=CARTESIAN_POINT('Ctrl Pts',(2.24337277498686,11.9071708257892,-58.2998327166597));
#2392=CARTESIAN_POINT('Ctrl Pts',(2.25656423760041,11.903787754524,-58.2998389689256));
#2393=CARTESIAN_POINT('Ctrl Pts',(2.26946879063477,11.9004432265895,-58.2998493246533));
#2394=CARTESIAN_POINT('Ctrl Pts',(2.28200871145533,11.8971627254219,-58.2998633216712));
#2395=CARTESIAN_POINT('Ctrl Pts',(2.30381534085381,11.8914580105176,-58.2998876621583));
#2396=CARTESIAN_POINT('Ctrl Pts',(2.32454482870165,11.8859474255619,-58.2999161594176));
#2397=CARTESIAN_POINT('Ctrl Pts',(2.3455364583549,11.8802590632089,-58.2999312134656));
#2398=CARTESIAN_POINT('Ctrl Pts',(2.36628137617058,11.8746375554238,-58.2999460905854));
#2399=CARTESIAN_POINT('Ctrl Pts',(2.38728180638355,11.8688425054683,-58.2999479425131));
#2400=CARTESIAN_POINT('Ctrl Pts',(2.40984453680534,11.8624927273644,-58.2999379375647));
#2401=CARTESIAN_POINT('Ctrl Pts',(2.4307218202178,11.8566172807937,-58.2999286799908));
#2402=CARTESIAN_POINT('Ctrl Pts',(2.45293619695376,11.8502670649767,-58.2999093158573));
#2403=CARTESIAN_POINT('Ctrl Pts',(2.477542176847,11.8431190620291,-58.2998952451835));
#2404=CARTESIAN_POINT('Ctrl Pts',(2.48558610215785,11.8407823129104,-58.2998906453484));
#2405=CARTESIAN_POINT('Ctrl Pts',(2.49388581451741,11.8383601136491,-58.2998867326242));
#2406=CARTESIAN_POINT('Ctrl Pts',(2.50247882688966,11.8358405680224,-58.2998844216172));
#2407=CARTESIAN_POINT('Ctrl Pts',(2.52933767518498,11.8279653211555,-58.2998771981913));
#2408=CARTESIAN_POINT('Ctrl Pts',(2.55908882223781,11.8191291692043,-58.2998873492795));
#2409=CARTESIAN_POINT('Ctrl Pts',(2.59216882526182,11.8090901475481,-58.2998964082137));
#2410=CARTESIAN_POINT('Ctrl Pts',(2.6233302513537,11.7996333699551,-58.299904941747));
#2411=CARTESIAN_POINT('Ctrl Pts',(2.65744491038411,11.7891093378217,-58.2999126679403));
#2412=CARTESIAN_POINT('Ctrl Pts',(2.69491347849719,11.7772977246509,-58.2999126080336));
#2413=CARTESIAN_POINT('Ctrl Pts',(2.72899328570099,11.766554386437,-58.299912553545));
#2414=CARTESIAN_POINT('Ctrl Pts',(2.765847406942,11.754745865232,-58.2999063018446));
#2415=CARTESIAN_POINT('Ctrl Pts',(2.80581453791088,11.7416899684115,-58.2998928205596));
#2416=CARTESIAN_POINT('Ctrl Pts',(2.83509434294384,11.732125256005,-58.2998829442091));
#2417=CARTESIAN_POINT('Ctrl Pts',(2.86604553096117,11.7218907770427,-58.2998692972868));
#2418=CARTESIAN_POINT('Ctrl Pts',(2.89881799895233,11.7109082305446,-58.299851911291));
#2419=CARTESIAN_POINT('Ctrl Pts',(2.94354324784593,11.6959201275508,-58.2998281842715));
#2420=CARTESIAN_POINT('Ctrl Pts',(2.99156843524065,11.6795607600307,-58.299805897966));
#2421=CARTESIAN_POINT('Ctrl Pts',(3.04230525996864,11.6620155515005,-58.2998002510407));
#2422=CARTESIAN_POINT('Ctrl Pts',(3.09171737068592,11.6449284398987,-58.2997947515539));
#2423=CARTESIAN_POINT('Ctrl Pts',(3.14370266923573,11.6267162151402,-58.2998049044791));
#2424=CARTESIAN_POINT('Ctrl Pts',(3.19770929314879,11.6075708869162,-58.2998270499659));
#2425=CARTESIAN_POINT('Ctrl Pts',(3.25009075944865,11.5890016764657,-58.2998485290547));
#2426=CARTESIAN_POINT('Ctrl Pts',(3.30437490765893,11.5695544951093,-58.2998810078109));
#2427=CARTESIAN_POINT('Ctrl Pts',(3.36003214498237,11.5494282682978,-58.2999073729011));
#2428=CARTESIAN_POINT('Ctrl Pts',(3.4129131462937,11.5303059568502,-58.2999324228754));
#2429=CARTESIAN_POINT('Ctrl Pts',(3.46703441259079,11.5105706773502,-58.2999516121488));
#2430=CARTESIAN_POINT('Ctrl Pts',(3.52190435925124,11.4904156842997,-58.2999422205937));
#2431=CARTESIAN_POINT('Ctrl Pts',(3.53315739010369,11.486282187323,-58.2999402945219));
#2432=CARTESIAN_POINT('Ctrl Pts',(3.54444175901121,11.4821311157147,-58.2999371480015));
#2433=CARTESIAN_POINT('Ctrl Pts',(3.55575297787277,11.4779642597959,-58.2999325609612));
#2434=CARTESIAN_POINT('Ctrl Pts',(3.55717925722822,11.4774388433358,-58.299931982562));
#2435=CARTESIAN_POINT('Ctrl Pts',(3.55861548518512,11.4769102018432,-58.29993187307));
#2436=CARTESIAN_POINT('Ctrl Pts',(3.56005518824264,11.4763803692476,-58.2999319052044));
#2437=CARTESIAN_POINT('Ctrl Pts',(3.56093185825536,11.4760577413655,-58.2999319247718));
#2438=CARTESIAN_POINT('Ctrl Pts',(3.56180981631812,11.4757346719599,-58.2999319968527));
#2439=CARTESIAN_POINT('Ctrl Pts',(3.56268759996664,11.4754116204679,-58.2999320475528));
#2440=CARTESIAN_POINT('Ctrl Pts',(3.56500691553058,11.4745580407111,-58.2999321815145));
#2441=CARTESIAN_POINT('Ctrl Pts',(3.56732508528487,11.4737045602698,-58.2999321654629));
#2442=CARTESIAN_POINT('Ctrl Pts',(3.56964630907804,11.4728498036593,-58.2999321558274));
#2443=CARTESIAN_POINT('Ctrl Pts',(3.5719675328712,11.4719950470488,-58.299932146192));
#2444=CARTESIAN_POINT('Ctrl Pts',(3.5742918079236,11.4711390151855,-58.2999321430886));
#2445=CARTESIAN_POINT('Ctrl Pts',(3.57661820265191,11.4702820524174,-58.299932144606));
#2446=CARTESIAN_POINT('Ctrl Pts',(3.64731683002442,11.4442391411794,-58.2999321907209));
#2447=CARTESIAN_POINT('Ctrl Pts',(3.71993989205185,11.417347637329,-58.299937582466));
#2448=CARTESIAN_POINT('Ctrl Pts',(3.79409328334114,11.3896036767768,-58.2999396414398));
#2449=CARTESIAN_POINT('Ctrl Pts',(3.87163700741776,11.3605912474805,-58.2999417945509));
#2450=CARTESIAN_POINT('Ctrl Pts',(3.95085374125902,11.330646394309,-58.2999406177227));
#2451=CARTESIAN_POINT('Ctrl Pts',(4.03123628450652,11.2997749194993,-58.2999354813613));
#2452=CARTESIAN_POINT('Ctrl Pts',(4.12243571924994,11.2647491422772,-58.2999296538117));
#2453=CARTESIAN_POINT('Ctrl Pts',(4.21513538466904,11.228529832944,-58.2999192258779));
#2454=CARTESIAN_POINT('Ctrl Pts',(4.30852907488471,11.19114643914,-58.2999086114982));
#2455=CARTESIAN_POINT('Ctrl Pts',(4.41650112987192,11.1479276537798,-58.2998963402583));
#2456=CARTESIAN_POINT('Ctrl Pts',(4.52544587722916,11.1031407801559,-58.2998789505849));
#2457=CARTESIAN_POINT('Ctrl Pts',(4.63422128726574,11.0567861088814,-58.2998682794891));
#2458=CARTESIAN_POINT('Ctrl Pts',(4.74185428993099,11.0109182748263,-58.2998577204659));
#2459=CARTESIAN_POINT('Ctrl Pts',(4.84931828201384,10.9635152802571,-58.2998549554832));
#2460=CARTESIAN_POINT('Ctrl Pts',(4.95548953798556,10.9146092131154,-58.2998483748734));
#2461=CARTESIAN_POINT('Ctrl Pts',(4.99485989671189,10.89647389589,-58.2998459346558));
#2462=CARTESIAN_POINT('Ctrl Pts',(5.03405256485144,10.8781322199889,-58.2998426475357));
#2463=CARTESIAN_POINT('Ctrl Pts',(5.07301096121945,10.8595869663474,-58.2998365712667));
#2464=CARTESIAN_POINT('Ctrl Pts',(5.15748215127871,10.8193763881129,-58.2998233964516));
#2465=CARTESIAN_POINT('Ctrl Pts',(5.24085620745823,10.7782022794888,-58.2998011277652));
#2466=CARTESIAN_POINT('Ctrl Pts',(5.32254268427285,10.7361390849617,-58.2997810903033));
#2467=CARTESIAN_POINT('Ctrl Pts',(5.3618292577967,10.7159090683313,-58.2997714534179));
#2468=CARTESIAN_POINT('Ctrl Pts',(5.40072595268402,10.6954736400499,-58.2997619235774));
#2469=CARTESIAN_POINT('Ctrl Pts',(5.43917022416806,10.6748423149442,-58.2997511276651));
#2470=CARTESIAN_POINT('Ctrl Pts',(5.51056574214696,10.6365275261432,-58.2997310783906));
#2471=CARTESIAN_POINT('Ctrl Pts',(5.58040080324648,10.5975355682943,-58.2997079622601));
#2472=CARTESIAN_POINT('Ctrl Pts',(5.6482978845862,10.557945357231,-58.2996854167151));
#2473=CARTESIAN_POINT('Ctrl Pts',(5.69297951422578,10.531891878743,-58.29967057997));
#2474=CARTESIAN_POINT('Ctrl Pts',(5.73682258320142,10.5055795378611,-58.2996555164492));
#2475=CARTESIAN_POINT('Ctrl Pts',(5.77972871762225,10.4790328979852,-58.2996344552982));
#2476=CARTESIAN_POINT('Ctrl Pts',(5.78138305128705,10.4780093380532,-58.2996336432425));
#2477=CARTESIAN_POINT('Ctrl Pts',(5.7830280809873,10.4769912740628,-58.2996336620712));
#2478=CARTESIAN_POINT('Ctrl Pts',(5.78467252497638,10.4759722693089,-58.2996335863907));
#2479=CARTESIAN_POINT('Ctrl Pts',(5.78565971900872,10.4753605394971,-58.2996335409582));
#2480=CARTESIAN_POINT('Ctrl Pts',(5.78664670221441,10.4747484704275,-58.2996334614663));
#2481=CARTESIAN_POINT('Ctrl Pts',(5.78763536154087,10.4741346688753,-58.2996331477138));
#2482=CARTESIAN_POINT('Ctrl Pts',(5.79253789027446,10.4710909715511,-58.2996315918891));
#2483=CARTESIAN_POINT('Ctrl Pts',(5.79748169643745,10.468004537469,-58.29962436062));
#2484=CARTESIAN_POINT('Ctrl Pts',(5.80240057140815,10.464923981446,-58.299618327259));
#2485=CARTESIAN_POINT('Ctrl Pts',(5.80277035987722,10.4646923931047,-58.2996178736863));
#2486=CARTESIAN_POINT('Ctrl Pts',(5.80314000787962,10.464460838107,-58.2996174265385));
#2487=CARTESIAN_POINT('Ctrl Pts',(5.80350948754259,10.4642293371708,-58.2996169885399));
#2488=CARTESIAN_POINT('Ctrl Pts',(5.83467260421346,10.4447037951555,-58.2995800463098));
#2489=CARTESIAN_POINT('Ctrl Pts',(5.86459114500343,10.4255752432022,-58.2996237716168));
#2490=CARTESIAN_POINT('Ctrl Pts',(5.89377056122182,10.4066050130012,-58.2996252231576));
#2491=CARTESIAN_POINT('Ctrl Pts',(5.92392513785539,10.3870008078975,-58.299626723208));
#2492=CARTESIAN_POINT('Ctrl Pts',(5.95327718642525,10.367544759714,-58.2996088820117));
#2493=CARTESIAN_POINT('Ctrl Pts',(5.98228009748484,10.3478630314083,-58.2995905302563));
#2494=CARTESIAN_POINT('Ctrl Pts',(6.02151126795228,10.3212402818274,-58.2995657065121));
#2495=CARTESIAN_POINT('Ctrl Pts',(6.06010456506986,10.2942035019147,-58.2995399449261));
#2496=CARTESIAN_POINT('Ctrl Pts',(6.09915263355539,10.2658995680016,-58.299512451605));
#2497=CARTESIAN_POINT('Ctrl Pts',(6.11788144754889,10.2523240152508,-58.2994992648504));
#2498=CARTESIAN_POINT('Ctrl Pts',(6.13671380634698,10.2384577404755,-58.2994856804904));
#2499=CARTESIAN_POINT('Ctrl Pts',(6.15576733733272,10.2242091811196,-58.2994716136957));
#2500=CARTESIAN_POINT('Ctrl Pts',(6.18509287195324,10.2022790401395,-58.2994499633111));
#2501=CARTESIAN_POINT('Ctrl Pts',(6.21494198804146,10.1794434196949,-58.2994271690416));
#2502=CARTESIAN_POINT('Ctrl Pts',(6.2457433284367,10.1553860329278,-58.2993901546071));
#2503=CARTESIAN_POINT('Ctrl Pts',(6.29158753531187,10.1195794153691,-58.2993350629333));
#2504=CARTESIAN_POINT('Ctrl Pts',(6.33956727737979,10.0809763925779,-58.2993073803397));
#2505=CARTESIAN_POINT('Ctrl Pts',(6.38944999060196,10.039219178511,-58.2992752508563));
#2506=CARTESIAN_POINT('Ctrl Pts',(6.43981096080091,9.99706161174344,-58.2992428133273));
#2507=CARTESIAN_POINT('Ctrl Pts',(6.4921164202023,9.95169515536831,-58.2991973381943));
#2508=CARTESIAN_POINT('Ctrl Pts',(6.54609793723072,9.9027231191264,-58.2991493686957));
#2509=CARTESIAN_POINT('Ctrl Pts',(6.6173649714818,9.83806966038125,-58.2990860387991));
#2510=CARTESIAN_POINT('Ctrl Pts',(6.69155096861736,9.76713441439635,-58.2990183609562));
#2511=CARTESIAN_POINT('Ctrl Pts',(6.7680668551434,9.68900792161592,-58.2989472616176));
#2512=CARTESIAN_POINT('Ctrl Pts',(6.81932902708233,9.63666671657044,-58.2988996282869));
#2513=CARTESIAN_POINT('Ctrl Pts',(6.8716381202875,9.58109626573659,-58.2988504576655));
#2514=CARTESIAN_POINT('Ctrl Pts',(6.92467887234897,9.52221969746262,-58.2987990015066));
#2515=CARTESIAN_POINT('Ctrl Pts',(6.9709071508572,9.47090514610364,-58.2987541542986));
#2516=CARTESIAN_POINT('Ctrl Pts',(7.01769396025435,9.41708067687213,-58.2987044417074));
#2517=CARTESIAN_POINT('Ctrl Pts',(7.06483616577392,9.36068295066029,-58.2986538476433));
#2518=CARTESIAN_POINT('Ctrl Pts',(7.1183371557673,9.29667800747924,-58.2985964291901));
#2519=CARTESIAN_POINT('Ctrl Pts',(7.17229446791317,9.22935877838954,-58.2985388474787));
#2520=CARTESIAN_POINT('Ctrl Pts',(7.22659889273526,9.15852991413091,-58.2984872867911));
#2521=CARTESIAN_POINT('Ctrl Pts',(7.27504604798865,9.09534064374638,-58.2984412874339));
#2522=CARTESIAN_POINT('Ctrl Pts',(7.32376971930514,9.02935747660797,-58.2984004001077));
#2523=CARTESIAN_POINT('Ctrl Pts',(7.37270478638533,8.96043745619398,-58.2983609326468));
#2524=CARTESIAN_POINT('Ctrl Pts',(7.37652329884995,8.95505947323175,-58.2983578529127));
#2525=CARTESIAN_POINT('Ctrl Pts',(7.38033735768613,8.94967141285632,-58.2983545485722));
#2526=CARTESIAN_POINT('Ctrl Pts',(7.38415671649344,8.94426022703383,-58.2983515045186));
#2527=CARTESIAN_POINT('Ctrl Pts',(7.38436812666112,8.94396070563252,-58.2983513360233));
#2528=CARTESIAN_POINT('Ctrl Pts',(7.38457955306688,8.94366111337846,-58.2983511683256));
#2529=CARTESIAN_POINT('Ctrl Pts',(7.38479099736469,8.94336144805911,-58.2983510015075));
#2530=CARTESIAN_POINT('Ctrl Pts',(7.38513658122631,8.94287167605138,-58.2983507288605));
#2531=CARTESIAN_POINT('Ctrl Pts',(7.38548221340837,8.94238171159317,-58.2983504563439));
#2532=CARTESIAN_POINT('Ctrl Pts',(7.38582789379445,8.94189155441726,-58.2983501839934));
#2533=CARTESIAN_POINT('Ctrl Pts',(7.41897401885457,8.89489203779378,-58.2983240692179));
#2534=CARTESIAN_POINT('Ctrl Pts',(7.45256405094783,8.84611914969223,-58.2982999634549));
#2535=CARTESIAN_POINT('Ctrl Pts',(7.48647772709605,8.79540378574286,-58.2982817201284));
#2536=CARTESIAN_POINT('Ctrl Pts',(7.51893350539565,8.74686859888991,-58.2982642610551));
#2537=CARTESIAN_POINT('Ctrl Pts',(7.55168544880925,8.69655433851508,-58.2982522646222));
#2538=CARTESIAN_POINT('Ctrl Pts',(7.58462239929819,8.64432945991882,-58.2982428894888));
#2539=CARTESIAN_POINT('Ctrl Pts',(7.61571068152782,8.59503583251535,-58.298234040558));
#2540=CARTESIAN_POINT('Ctrl Pts',(7.64696351423586,8.54404017359232,-58.298227568629));
#2541=CARTESIAN_POINT('Ctrl Pts',(7.67828595612274,8.49124611485771,-58.2982145296066));
#2542=CARTESIAN_POINT('Ctrl Pts',(7.69032732432032,8.47095035687803,-58.2982095169812));
#2543=CARTESIAN_POINT('Ctrl Pts',(7.7023789850233,8.45038896150199,-58.2982034589468));
#2544=CARTESIAN_POINT('Ctrl Pts',(7.71443561600496,8.42955698585567,-58.2981955476202));
#2545=CARTESIAN_POINT('Ctrl Pts',(7.74608507971509,8.37487165475191,-58.2981747798582));
#2546=CARTESIAN_POINT('Ctrl Pts',(7.77777198100921,8.31832195445021,-58.298138259846));
#2547=CARTESIAN_POINT('Ctrl Pts',(7.80922261097524,8.25995655966262,-58.2981114181897));
#2548=CARTESIAN_POINT('Ctrl Pts',(7.84105012858354,8.20089174498883,-58.2980842548773));
#2549=CARTESIAN_POINT('Ctrl Pts',(7.87263541946737,8.13996773822219,-58.2980669488499));
#2550=CARTESIAN_POINT('Ctrl Pts',(7.90370444701731,8.07725967360071,-58.2980619873494));
#2551=CARTESIAN_POINT('Ctrl Pts',(7.93576871167426,8.01254287559614,-58.2980568669168));
#2552=CARTESIAN_POINT('Ctrl Pts',(7.96728276513712,7.94592630779441,-58.2980648617051));
#2553=CARTESIAN_POINT('Ctrl Pts',(7.99796030056843,7.87751348490036,-58.2980640137001));
#2554=CARTESIAN_POINT('Ctrl Pts',(8.01187662947376,7.84647920097401,-58.2980636290174));
#2555=CARTESIAN_POINT('Ctrl Pts',(8.02562104933442,7.81507551887336,-58.298061098425));
#2556=CARTESIAN_POINT('Ctrl Pts',(8.03916808369707,7.78331303904128,-58.29805281736));
#2557=CARTESIAN_POINT('Ctrl Pts',(8.06726211967874,7.71744354854009,-58.2980356439674));
#2558=CARTESIAN_POINT('Ctrl Pts',(8.09449715623401,7.65001572171285,-58.2980109195212));
#2559=CARTESIAN_POINT('Ctrl Pts',(8.12064335483536,7.58100297023987,-58.2979852892914));
#2560=CARTESIAN_POINT('Ctrl Pts',(8.14146834306978,7.5260355250918,-58.2979648752633));
#2561=CARTESIAN_POINT('Ctrl Pts',(8.16160265648119,7.47006300406797,-58.2979436436445));
#2562=CARTESIAN_POINT('Ctrl Pts',(8.18093510553822,7.4130757119699,-58.2979182860809));
#2563=CARTESIAN_POINT('Ctrl Pts',(8.20828238829424,7.33246266672624,-58.2978824157958));
#2564=CARTESIAN_POINT('Ctrl Pts',(8.2340217303866,7.24981723448448,-58.2978425683004));
#2565=CARTESIAN_POINT('Ctrl Pts',(8.25775624009335,7.16521776202429,-58.2977998053586));
#2566=CARTESIAN_POINT('Ctrl Pts',(8.2718659650892,7.11492494763902,-58.2977743835843));
#2567=CARTESIAN_POINT('Ctrl Pts',(8.28526760857186,7.06394180611896,-58.2977473719651));
#2568=CARTESIAN_POINT('Ctrl Pts',(8.29788211406753,7.01228630823057,-58.2977138174026));
#2569=CARTESIAN_POINT('Ctrl Pts',(8.29915585412321,7.00707043379306,-58.2977104292562));
#2570=CARTESIAN_POINT('Ctrl Pts',(8.30042162020769,7.00184764282455,-58.2977070429599));
#2571=CARTESIAN_POINT('Ctrl Pts',(8.30167935687474,6.99661776046997,-58.2977036413845));
#2572=CARTESIAN_POINT('Ctrl Pts',(8.30168069086743,6.99661221350216,-58.2977036377766));
#2573=CARTESIAN_POINT('Ctrl Pts',(8.30168202485108,6.99660666652636,-58.2977036341688));
#2574=CARTESIAN_POINT('Ctrl Pts',(8.3016833588257,6.99660111954259,-58.297703630561));
#2575=CARTESIAN_POINT('Ctrl Pts',(8.32418019218895,6.90305393539989,-58.2976427859943));
#2576=CARTESIAN_POINT('Ctrl Pts',(8.34410960901886,6.80723776062279,-58.2975753351171));
#2577=CARTESIAN_POINT('Ctrl Pts',(8.36133267885654,6.70877651285155,-58.2975003712461));
#2578=CARTESIAN_POINT('Ctrl Pts',(8.3633183882092,6.69742456326205,-58.2974917283931));
#2579=CARTESIAN_POINT('Ctrl Pts',(8.36526812960126,6.6860374300978,-58.2974829835003));
#2580=CARTESIAN_POINT('Ctrl Pts',(8.36718169472601,6.67461451625403,-58.2974741334085));
#2581=CARTESIAN_POINT('Ctrl Pts',(8.38569357456971,6.56410894432124,-58.2973885173852));
#2582=CARTESIAN_POINT('Ctrl Pts',(8.40081750424702,6.45025741242963,-58.2972951768262));
#2583=CARTESIAN_POINT('Ctrl Pts',(8.41231794117818,6.33265073899164,-58.2971939951709));
#2584=CARTESIAN_POINT('Ctrl Pts',(8.42381837810934,6.21504406555358,-58.2970928135156));
#2585=CARTESIAN_POINT('Ctrl Pts',(8.43169223979365,6.09366743365511,-58.296988237069));
#2586=CARTESIAN_POINT('Ctrl Pts',(8.43571027759721,5.9681314461738,-58.2968745303281));
#2587=CARTESIAN_POINT('Ctrl Pts',(8.43928294644816,5.85651016880572,-58.2967734271153));
#2588=CARTESIAN_POINT('Ctrl Pts',(8.43980813107549,5.74160024404317,-58.2966649801689));
#2589=CARTESIAN_POINT('Ctrl Pts',(8.43711646490457,5.62308852756057,-58.296556548745));
#2590=CARTESIAN_POINT('Ctrl Pts',(8.43678092175927,5.60831485520384,-58.2965430316821));
#2591=CARTESIAN_POINT('Ctrl Pts',(8.43639536676441,5.59348515736294,-58.2965295327869));
#2592=CARTESIAN_POINT('Ctrl Pts',(8.43595945076591,5.57859878065031,-58.2965160827579));
#2593=CARTESIAN_POINT('Ctrl Pts',(8.43283325189274,5.47184019811484,-58.2964196250326));
#2594=CARTESIAN_POINT('Ctrl Pts',(8.42711107323056,5.36216603482071,-58.2963320742207));
#2595=CARTESIAN_POINT('Ctrl Pts',(8.41869217501438,5.24939133237773,-58.2962366413686));
#2596=CARTESIAN_POINT('Ctrl Pts',(8.41076074591784,5.14314648497121,-58.2961467342477));
#2597=CARTESIAN_POINT('Ctrl Pts',(8.40043630958196,5.03414954889443,-58.2960496986458));
#2598=CARTESIAN_POINT('Ctrl Pts',(8.38761778411551,4.92222105667482,-58.2959503536777));
#2599=CARTESIAN_POINT('Ctrl Pts',(8.37980909932031,4.85403737067813,-58.2958898355203));
#2600=CARTESIAN_POINT('Ctrl Pts',(8.37107452567781,4.78476534391019,-58.2958288331107));
#2601=CARTESIAN_POINT('Ctrl Pts',(8.36138677964753,4.71435988305764,-58.2957725647503));
#2602=CARTESIAN_POINT('',(-7.31557076207632,2.78947153500362,-58.2957725647503));
#2603=CARTESIAN_POINT('Ctrl Pts',(-7.31557076207631,2.78947153500362,-58.2957725647503));
#2604=CARTESIAN_POINT('Ctrl Pts',(-7.69022439180509,3.72453141224497,-58.2965701081086));
#2605=CARTESIAN_POINT('Ctrl Pts',(-7.81206733933935,4.45237778949047,-58.2973653486155));
#2606=CARTESIAN_POINT('Ctrl Pts',(-7.8090558754257,5.31796053211551,-58.297890822316));
#2607=CARTESIAN_POINT('Ctrl Pts',(-7.78866691066928,5.56218785559513,-58.2980065439567));
#2608=CARTESIAN_POINT('Ctrl Pts',(-7.73071771746016,5.94253746243402,-58.2980906818287));
#2609=CARTESIAN_POINT('Ctrl Pts',(-7.7043099972263,6.07994103014177,-58.2980951685718));
#2610=CARTESIAN_POINT('Ctrl Pts',(-7.63756995980703,6.37178751506055,-58.2981497420851));
#2611=CARTESIAN_POINT('Ctrl Pts',(-7.59569203721941,6.52631492771554,-58.2982764049679));
#2612=CARTESIAN_POINT('Ctrl Pts',(-7.49422252245875,6.85332634375406,-58.2983890791222));
#2613=CARTESIAN_POINT('Ctrl Pts',(-7.43187185651951,7.02806824409546,-58.2983169034519));
#2614=CARTESIAN_POINT('Ctrl Pts',(-7.29956386720583,7.35909047870959,-58.2984480773963));
#2615=CARTESIAN_POINT('Ctrl Pts',(-7.22767750564213,7.52057182734298,-58.2985894197606));
#2616=CARTESIAN_POINT('Ctrl Pts',(-7.06786024681647,7.83919297052095,-58.298781958815));
#2617=CARTESIAN_POINT('Ctrl Pts',(-6.98054069498116,7.99473306601054,-58.2988250102968));
#2618=CARTESIAN_POINT('Ctrl Pts',(-6.79235019718277,8.29312525237833,-58.2990752743021));
#2619=CARTESIAN_POINT('Ctrl Pts',(-6.69288653961396,8.43474000165697,-58.2992344155026));
#2620=CARTESIAN_POINT('Ctrl Pts',(-6.48036355888464,8.70696313674976,-58.2993720951973));
#2621=CARTESIAN_POINT('Ctrl Pts',(-6.36842142639444,8.83647580603167,-58.2993807815925));
#2622=CARTESIAN_POINT('Ctrl Pts',(-6.18859780885801,9.02549760338097,-58.2994789149253));
#2623=CARTESIAN_POINT('Ctrl Pts',(-6.1257170482273,9.0883437329925,-58.2995293726115));
#2624=CARTESIAN_POINT('Ctrl Pts',(-5.90912601209374,9.29613394822939,-58.2995345555068));
#2625=CARTESIAN_POINT('Ctrl Pts',(-5.74692681369153,9.43723540844952,-58.2994200144151));
#2626=CARTESIAN_POINT('Ctrl Pts',(-5.47658858844221,9.65808777570668,-58.2996417581414));
#2627=CARTESIAN_POINT('Ctrl Pts',(-5.3679539268424,9.74321185669525,-58.2997198653772));
#2628=CARTESIAN_POINT('Ctrl Pts',(-5.05591114428484,9.98018040269634,-58.2996553489399));
#2629=CARTESIAN_POINT('Ctrl Pts',(-4.84844662066627,10.1287975166993,-58.2991805566727));
#2630=CARTESIAN_POINT('Ctrl Pts',(-4.55025484295022,10.3362504632028,-58.2993116393681));
#2631=CARTESIAN_POINT('Ctrl Pts',(-4.46177291381022,10.3970420754136,-58.2994108902942));
#2632=CARTESIAN_POINT('Ctrl Pts',(-4.30181069802785,10.5061765731398,-58.2994935729231));
#2633=CARTESIAN_POINT('Ctrl Pts',(-4.21253454784344,10.566830482092,-58.2994246269405));
#2634=CARTESIAN_POINT('Ctrl Pts',(-3.8652996837587,10.8005630424954,-58.2998983602713));
#2635=CARTESIAN_POINT('Ctrl Pts',(-3.56731223965273,10.9954086070907,-58.3007037888896));
#2636=CARTESIAN_POINT('Ctrl Pts',(-3.17066017837428,11.2218660986679,-58.2999446667065));
#2637=CARTESIAN_POINT('Ctrl Pts',(-3.06535400640612,11.2790010455004,-58.299585444855));
#2638=CARTESIAN_POINT('Ctrl Pts',(-2.86499719244937,11.380649432072,-58.2994530591764));
#2639=CARTESIAN_POINT('Ctrl Pts',(-2.77162587759045,11.4252179694162,-58.2997912575242));
#2640=CARTESIAN_POINT('Ctrl Pts',(-2.59336574040611,11.504418318603,-58.299738653784));
#2641=CARTESIAN_POINT('Ctrl Pts',(-2.50943563076202,11.5393333322897,-58.2994814115725));
#2642=CARTESIAN_POINT('Ctrl Pts',(-2.34792164020514,11.6017066709908,-58.2996681605679));
#2643=CARTESIAN_POINT('Ctrl Pts',(-2.27196315788839,11.629169855021,-58.2997519582467));
#2644=CARTESIAN_POINT('Ctrl Pts',(-1.92326508693386,11.7475354499854,-58.2995227586181));
#2645=CARTESIAN_POINT('Ctrl Pts',(-1.6433695410902,11.8213146423814,-58.2988009916782));
#2646=CARTESIAN_POINT('Ctrl Pts',(-1.07489387753308,11.9412757980023,-58.2991280326904));
#2647=CARTESIAN_POINT('Ctrl Pts',(-0.783360737791488,11.987536534369,-58.299817157061));
#2648=CARTESIAN_POINT('Ctrl Pts',(-0.492681374170088,12.0232274723948,-58.299817157061));
#2649=CARTESIAN_POINT('',(-7.31194117609734,2.78042605691537,-58.2957648573459));
#2650=CARTESIAN_POINT('',(-7.31194117609734,2.78042605691537,-58.2957648573459));
#2651=CARTESIAN_POINT('',(-9.3885965341688,1.80463292004691,-87.114432947154));
#2652=CARTESIAN_POINT('Ctrl Pts',(-9.3885965341688,1.80463292004691,-87.1144329471541));
#2653=CARTESIAN_POINT('Ctrl Pts',(-9.37033375568437,1.70922795488402,-86.7721115334895));
#2654=CARTESIAN_POINT('Ctrl Pts',(-9.34680758912333,1.59391830736005,-86.0356502517834));
#2655=CARTESIAN_POINT('Ctrl Pts',(-9.32285919606927,1.51184287008785,-85.3641506646217));
#2656=CARTESIAN_POINT('Ctrl Pts',(-9.28661993661841,1.41365537186842,-84.4056225547876));
#2657=CARTESIAN_POINT('Ctrl Pts',(-9.20810741886281,1.29007379899685,-82.5875704230664));
#2658=CARTESIAN_POINT('Ctrl Pts',(-8.92890919248265,1.35691675458327,-78.7417353838661));
#2659=CARTESIAN_POINT('Ctrl Pts',(-7.89558311063679,1.8568436458272,-75.1245111827447));
#2660=CARTESIAN_POINT('Ctrl Pts',(-9.08889346982507,1.70122088582854,-72.7783524702161));
#2661=CARTESIAN_POINT('Ctrl Pts',(-7.98815006688661,2.02354256840948,-71.2542673800151));
#2662=CARTESIAN_POINT('Ctrl Pts',(-8.37108620294193,1.68051654926683,-68.7914119229847));
#2663=CARTESIAN_POINT('Ctrl Pts',(-8.08808120871129,2.23372104957964,-63.8988174088136));
#2664=CARTESIAN_POINT('Ctrl Pts',(-7.51611176145792,2.64657032568436,-59.7094369583496));
#2665=CARTESIAN_POINT('Ctrl Pts',(-7.31194117609734,2.78042605691537,-58.2957648573459));
#2666=CARTESIAN_POINT('',(-9.49506208276916,4.55867870298681,-89.0548468131591));
#2667=CARTESIAN_POINT('Ctrl Pts',(-9.49506208276917,4.55867870298681,-89.0548468131591));
#2668=CARTESIAN_POINT('Ctrl Pts',(-9.59017145293269,4.12989062658471,-88.5440564719327));
#2669=CARTESIAN_POINT('Ctrl Pts',(-9.64082208852399,3.48426674320122,-87.8400384231447));
#2670=CARTESIAN_POINT('Ctrl Pts',(-9.5825404359793,2.81266990348335,-87.3707905477589));
#2671=CARTESIAN_POINT('Ctrl Pts',(-9.53309853296955,2.46269799163763,-87.1998634377832));
#2672=CARTESIAN_POINT('Ctrl Pts',(-9.48888401065011,2.21152248695177,-87.1222863424508));
#2673=CARTESIAN_POINT('Ctrl Pts',(-9.42216298103812,1.92462518868855,-87.1174578697543));
#2674=CARTESIAN_POINT('Ctrl Pts',(-9.3885965341688,1.80463292004691,-87.1144329471541));
#2675=CARTESIAN_POINT('Ctrl Pts',(-6.35930749369059,9.46548900514405,-93.8343107485722));
#2676=CARTESIAN_POINT('Ctrl Pts',(-6.47410126370656,9.3617867722118,-93.7974530497368));
#2677=CARTESIAN_POINT('Ctrl Pts',(-7.23538624173085,8.64335313911668,-93.5153578807499));
#2678=CARTESIAN_POINT('Ctrl Pts',(-8.43366762363349,7.1183843945709,-92.4511486634597));
#2679=CARTESIAN_POINT('Ctrl Pts',(-9.30484334244213,5.416254855791,-90.0764274956121));
#2680=CARTESIAN_POINT('Ctrl Pts',(-9.49506208276917,4.55867870298681,-89.0548468131591));
#2681=CARTESIAN_POINT('Ctrl Pts',(-9.4909108199558,5.04580079614167,-93.0474779822592));
#2682=CARTESIAN_POINT('Ctrl Pts',(-9.46223353539904,5.1449221195348,-93.2737978497855));
#2683=CARTESIAN_POINT('Ctrl Pts',(-9.43098431390445,5.24384017208878,-93.5013261415683));
#2684=CARTESIAN_POINT('Ctrl Pts',(-9.33911544849026,5.48160973638196,-94.0303251057073));
#2685=CARTESIAN_POINT('Ctrl Pts',(-9.27849580457066,5.62046124812116,-94.3317957780634));
#2686=CARTESIAN_POINT('Ctrl Pts',(-9.05258123917434,6.09691597211656,-95.3471213659916));
#2687=CARTESIAN_POINT('Ctrl Pts',(-8.44088368326298,7.20338172231324,-97.6619620082276));
#2688=CARTESIAN_POINT('Ctrl Pts',(-6.90793603072201,8.80840827569021,-100.851837293751));
#2689=CARTESIAN_POINT('Ctrl Pts',(-4.64872528828505,10.4257435022315,-101.654981273461));
#2690=CARTESIAN_POINT('Ctrl Pts',(-2.28696998257709,10.5225653147573,-100.520494421099));
#2691=CARTESIAN_POINT('Ctrl Pts',(-0.347592104457239,10.8415701968716,-100.565628531454));
#2692=CARTESIAN_POINT('Ctrl Pts',(1.61135222810329,11.0012190956537,-100.520494421099));
#2693=CARTESIAN_POINT('Ctrl Pts',(3.92637662416302,11.4786336252491,-101.654981273461));
#2694=CARTESIAN_POINT('Ctrl Pts',(6.50974795613142,10.4558927123499,-100.851837293751));
#2695=CARTESIAN_POINT('Ctrl Pts',(8.38545157827749,9.26939590900653,-97.6619620082276));
#2696=CARTESIAN_POINT('Ctrl Pts',(9.24665739425544,8.34377995257968,-95.3471213659916));
#2697=CARTESIAN_POINT('Ctrl Pts',(9.58112616155938,7.93613165002719,-94.3317957780634));
#2698=CARTESIAN_POINT('Ctrl Pts',(9.67353636390977,7.81606984076729,-94.0303251057073));
#2699=CARTESIAN_POINT('Ctrl Pts',(9.82019799510869,7.6075881387627,-93.5013261415684));
#2700=CARTESIAN_POINT('Ctrl Pts',(9.87444942395723,7.51916824601802,-93.2737978497855));
#2701=CARTESIAN_POINT('Ctrl Pts',(9.92625448905346,7.42992891258746,-93.0474779822592));
#2702=CARTESIAN_POINT('Ctrl Pts',(-9.49667692625221,5.02584203181538,-92.9359552620329));
#2703=CARTESIAN_POINT('Ctrl Pts',(-9.4671910333717,5.12899413203385,-93.1455960910419));
#2704=CARTESIAN_POINT('Ctrl Pts',(-9.43577674092436,5.2318536540544,-93.3724679783479));
#2705=CARTESIAN_POINT('Ctrl Pts',(-9.33881444653609,5.48310197658249,-93.9006119068391));
#2706=CARTESIAN_POINT('Ctrl Pts',(-9.27442770061572,5.6278405181881,-94.2017196423256));
#2707=CARTESIAN_POINT('Ctrl Pts',(-9.04571443270861,6.10668555433381,-95.1874725473562));
#2708=CARTESIAN_POINT('Ctrl Pts',(-8.42837721770519,7.21507704567508,-97.4485634738962));
#2709=CARTESIAN_POINT('Ctrl Pts',(-6.88812093315963,8.81695460435234,-100.601231809655));
#2710=CARTESIAN_POINT('Ctrl Pts',(-4.63840396941496,10.4295530493808,-101.340620031139));
#2711=CARTESIAN_POINT('Ctrl Pts',(-2.2894967560967,10.5276111379912,-100.221348387284));
#2712=CARTESIAN_POINT('Ctrl Pts',(-0.345793218920668,10.8269194498775,-100.255989031716));
#2713=CARTESIAN_POINT('Ctrl Pts',(1.61258325052904,11.0067263182127,-100.221348387284));
#2714=CARTESIAN_POINT('Ctrl Pts',(3.91544027970613,11.4798330595409,-101.34062003114));
#2715=CARTESIAN_POINT('Ctrl Pts',(6.48845390762054,10.4593914725624,-100.601231809655));
#2716=CARTESIAN_POINT('Ctrl Pts',(8.37048725339861,9.27771824342694,-97.4485634738961));
#2717=CARTESIAN_POINT('Ctrl Pts',(9.23763108543938,8.35159810561567,-95.1874725473562));
#2718=CARTESIAN_POINT('Ctrl Pts',(9.57539369067512,7.9423075608159,-94.2017196423256));
#2719=CARTESIAN_POINT('Ctrl Pts',(9.67288329742203,7.81744493609311,-93.9006119068392));
#2720=CARTESIAN_POINT('Ctrl Pts',(9.82774786772912,7.59711706457019,-93.3724679783479));
#2721=CARTESIAN_POINT('Ctrl Pts',(9.88311299198244,7.50491271512464,-93.1455960910419));
#2722=CARTESIAN_POINT('Ctrl Pts',(9.93667777944977,7.41195795622536,-92.9359552620329));
#2723=CARTESIAN_POINT('Ctrl Pts',(-9.50130981537763,5.00748461040395,-92.8323134705518));
#2724=CARTESIAN_POINT('Ctrl Pts',(-9.47251186378751,5.11070090584765,-93.028772196632));
#2725=CARTESIAN_POINT('Ctrl Pts',(-9.43556861261502,5.22474257625883,-93.2500824434862));
#2726=CARTESIAN_POINT('Ctrl Pts',(-9.33424546077836,5.48673362833324,-93.7732879391463));
#2727=CARTESIAN_POINT('Ctrl Pts',(-9.26996520835393,5.63539544258315,-94.07153621137));
#2728=CARTESIAN_POINT('Ctrl Pts',(-9.03774588507123,6.1174991467591,-95.0361571907608));
#2729=CARTESIAN_POINT('Ctrl Pts',(-8.41579297446808,7.22617960081584,-97.2449038004206));
#2730=CARTESIAN_POINT('Ctrl Pts',(-6.87083600964256,8.82311464368627,-100.356496854909));
#2731=CARTESIAN_POINT('Ctrl Pts',(-4.62908440606045,10.4325989967698,-101.043576270069));
#2732=CARTESIAN_POINT('Ctrl Pts',(-2.29169926071954,10.5405245066527,-99.9612888274913));
#2733=CARTESIAN_POINT('Ctrl Pts',(-0.345552874764336,10.8249620038064,-99.9880582691318));
#2734=CARTESIAN_POINT('Ctrl Pts',(1.61159630472652,11.0197889387302,-99.9612888274914));
#2735=CARTESIAN_POINT('Ctrl Pts',(3.90566066584624,11.4805339228421,-101.043576270069));
#2736=CARTESIAN_POINT('Ctrl Pts',(6.47019217181029,10.4611869309392,-100.356496854909));
#2737=CARTESIAN_POINT('Ctrl Pts',(8.35559086478156,9.28544660125215,-97.2449038004206));
#2738=CARTESIAN_POINT('Ctrl Pts',(9.22728319294443,8.36016272198201,-95.0361571907608));
#2739=CARTESIAN_POINT('Ctrl Pts',(9.5692360518742,7.94855849708169,-94.07153621137));
#2740=CARTESIAN_POINT('Ctrl Pts',(9.66757145399219,7.81986337457071,-93.7732879391463));
#2741=CARTESIAN_POINT('Ctrl Pts',(9.82926624714011,7.59016686538081,-93.2500824434862));
#2742=CARTESIAN_POINT('Ctrl Pts',(9.89270130295073,7.48845010131673,-93.028772196632));
#2743=CARTESIAN_POINT('Ctrl Pts',(9.94561411415465,7.39526662600374,-92.8323134705519));
#2744=CARTESIAN_POINT('Ctrl Pts',(-9.50900456711806,4.96646431823152,-92.5863814289948));
#2745=CARTESIAN_POINT('Ctrl Pts',(-9.47809615279381,5.07900065542012,-92.7587160753887));
#2746=CARTESIAN_POINT('Ctrl Pts',(-9.43644521791072,5.20548891159626,-92.9777079284216));
#2747=CARTESIAN_POINT('Ctrl Pts',(-9.32738568888445,5.48801753928239,-93.4990659138481));
#2748=CARTESIAN_POINT('Ctrl Pts',(-9.26018716412815,5.64340328601449,-93.7944250598252));
#2749=CARTESIAN_POINT('Ctrl Pts',(-9.02076717310188,6.1389896138733,-94.7374445927766));
#2750=CARTESIAN_POINT('Ctrl Pts',(-8.39062952402,7.2478786202408,-96.8512520387611));
#2751=CARTESIAN_POINT('Ctrl Pts',(-6.84079163894711,8.83415365721225,-99.8701885034897));
#2752=CARTESIAN_POINT('Ctrl Pts',(-4.61267812789549,10.439843860758,-100.469820733851));
#2753=CARTESIAN_POINT('Ctrl Pts',(-2.29634808189072,10.5804509309674,-99.494155182985));
#2754=CARTESIAN_POINT('Ctrl Pts',(-0.347698856653712,10.8424396237416,-99.5091156137405));
#2755=CARTESIAN_POINT('Ctrl Pts',(1.6064479597864,11.0596540292383,-99.4941551829851));
#2756=CARTESIAN_POINT('Ctrl Pts',(3.88798903302929,11.4835945454939,-100.469820733851));
#2757=CARTESIAN_POINT('Ctrl Pts',(6.43836966824808,10.464629647475,-99.8701885034898));
#2758=CARTESIAN_POINT('Ctrl Pts',(8.3259254084415,9.30041347743235,-96.8512520387611));
#2759=CARTESIAN_POINT('Ctrl Pts',(9.20560980674131,8.37690730819413,-94.7374445927765));
#2760=CARTESIAN_POINT('Ctrl Pts',(9.55781118468801,7.95396295034545,-93.7944250598252));
#2761=CARTESIAN_POINT('Ctrl Pts',(9.66060484046971,7.81944961885762,-93.4990659138482));
#2762=CARTESIAN_POINT('Ctrl Pts',(9.83477469656457,7.5716971868584,-92.9777079284216));
#2763=CARTESIAN_POINT('Ctrl Pts',(9.90578869938226,7.459042445587,-92.7587160753888));
#2764=CARTESIAN_POINT('Ctrl Pts',(9.96300400572355,7.35732634074546,-92.5863814289948));
#2765=CARTESIAN_POINT('Ctrl Pts',(-9.51206642973307,4.94380144747052,-92.4440911789188));
#2766=CARTESIAN_POINT('Ctrl Pts',(-9.47975815667067,5.06145106068114,-92.607544202452));
#2767=CARTESIAN_POINT('Ctrl Pts',(-9.43627615635456,5.19428764803748,-92.8307403130817));
#2768=CARTESIAN_POINT('Ctrl Pts',(-9.32364074264016,5.48728051493377,-93.3558821270843));
#2769=CARTESIAN_POINT('Ctrl Pts',(-9.25476941450282,5.64634416398203,-93.6553296887028));
#2770=CARTESIAN_POINT('Ctrl Pts',(-9.01175700876993,6.14966648856221,-94.5900473513876));
#2771=CARTESIAN_POINT('Ctrl Pts',(-8.37805031680903,7.258475084525,-96.6612599505772));
#2772=CARTESIAN_POINT('Ctrl Pts',(-6.82803219176872,8.8390326314043,-99.6286151068159));
#2773=CARTESIAN_POINT('Ctrl Pts',(-4.60559141308504,10.4440427773572,-100.193108958703));
#2774=CARTESIAN_POINT('Ctrl Pts',(-2.29879439843907,10.6074639866207,-99.2870810982716));
#2775=CARTESIAN_POINT('Ctrl Pts',(-0.350085182699419,10.8618746897479,-99.2981037209332));
#2776=CARTESIAN_POINT('Ctrl Pts',(1.6022865606488,11.086456499229,-99.2870810982716));
#2777=CARTESIAN_POINT('Ctrl Pts',(3.88009701407223,11.4859543048445,-100.193108958703));
#2778=CARTESIAN_POINT('Ctrl Pts',(6.42480890049612,10.466276905634,-99.6286151068159));
#2779=CARTESIAN_POINT('Ctrl Pts',(8.31115634071847,9.30765199578732,-96.6612599505773));
#2780=CARTESIAN_POINT('Ctrl Pts',(9.19428431303315,8.38508727803992,-94.5900473513876));
#2781=CARTESIAN_POINT('Ctrl Pts',(9.55184290260788,7.9555057994096,-93.6553296887028));
#2782=CARTESIAN_POINT('Ctrl Pts',(9.65714943746125,7.81782850278767,-93.3558821270843));
#2783=CARTESIAN_POINT('Ctrl Pts',(9.8373204877724,7.56078774900628,-92.8307403130817));
#2784=CARTESIAN_POINT('Ctrl Pts',(9.91164696586729,7.44241622394227,-92.607544202452));
#2785=CARTESIAN_POINT('Ctrl Pts',(9.97145756258757,7.3360773857088,-92.4440911789189));
#2786=CARTESIAN_POINT('Ctrl Pts',(-9.5188954778125,4.86935466116314,-91.9592477407987));
#2787=CARTESIAN_POINT('Ctrl Pts',(-9.48241258303479,5.00885451648749,-92.1466566231463));
#2788=CARTESIAN_POINT('Ctrl Pts',(-9.43339102546917,5.1609807812445,-92.3834098964478));
#2789=CARTESIAN_POINT('Ctrl Pts',(-9.31135156293372,5.48302028417189,-92.9167555959663));
#2790=CARTESIAN_POINT('Ctrl Pts',(-9.23833365796387,5.65293352234228,-93.2133480221834));
#2791=CARTESIAN_POINT('Ctrl Pts',(-8.98490688920538,6.17815492879565,-94.1346095867197));
#2792=CARTESIAN_POINT('Ctrl Pts',(-8.3405611362925,7.29052450947119,-96.1030698593325));
#2793=CARTESIAN_POINT('Ctrl Pts',(-6.7957397571136,8.85698522653943,-98.8957680029584));
#2794=CARTESIAN_POINT('Ctrl Pts',(-4.58802454773912,10.4623892340657,-99.3720171472731));
#2795=CARTESIAN_POINT('Ctrl Pts',(-2.30783759055104,10.7071995782732,-98.7075558473031));
#2796=CARTESIAN_POINT('Ctrl Pts',(-0.360448547301939,10.9462775212303,-98.7106984403806));
#2797=CARTESIAN_POINT('Ctrl Pts',(1.5869329079156,11.185417263745,-98.7075558473031));
#2798=CARTESIAN_POINT('Ctrl Pts',(3.85861355011856,11.4995059840169,-99.3720171472731));
#2799=CARTESIAN_POINT('Ctrl Pts',(6.38913256331318,10.4758839849639,-98.8957680029584));
#2800=CARTESIAN_POINT('Ctrl Pts',(8.26702729144583,9.32967996222719,-96.1030698593324));
#2801=CARTESIAN_POINT('Ctrl Pts',(9.16133977930571,8.40623385802456,-94.1346095867197));
#2802=CARTESIAN_POINT('Ctrl Pts',(9.53430124821474,7.95792325628793,-93.2133480221834));
#2803=CARTESIAN_POINT('Ctrl Pts',(9.64625594201426,7.81072179743651,-92.9167555959663));
#2804=CARTESIAN_POINT('Ctrl Pts',(9.8425787179556,7.52777226216856,-92.3834098964477));
#2805=CARTESIAN_POINT('Ctrl Pts',(9.92694680009742,7.39202418575203,-92.1466566231462));
#2806=CARTESIAN_POINT('Ctrl Pts',(9.99609406641835,7.26549408337628,-91.9592477407987));
#2807=CARTESIAN_POINT('Ctrl Pts',(-9.51659674937937,4.78122898146019,-91.3132933553116));
#2808=CARTESIAN_POINT('Ctrl Pts',(-9.47663765929873,4.94516529000925,-91.5239213408045));
#2809=CARTESIAN_POINT('Ctrl Pts',(-9.42320299437686,5.11736342254276,-91.769829152631));
#2810=CARTESIAN_POINT('Ctrl Pts',(-9.29215441406231,5.47187555591323,-92.3057197656052));
#2811=CARTESIAN_POINT('Ctrl Pts',(-9.21454049866963,5.65418955675019,-92.595702566753));
#2812=CARTESIAN_POINT('Ctrl Pts',(-8.94958772560282,6.20669369221815,-93.4920364591595));
#2813=CARTESIAN_POINT('Ctrl Pts',(-8.29123807191411,7.33395049498235,-95.3902461998246));
#2814=CARTESIAN_POINT('Ctrl Pts',(-6.76864559592027,8.88976381354354,-97.8969667609194));
#2815=CARTESIAN_POINT('Ctrl Pts',(-4.57445080483909,10.5021837281065,-98.3013441027393));
#2816=CARTESIAN_POINT('Ctrl Pts',(-2.32443982661207,10.890037499657,-98.0460475211364));
#2817=CARTESIAN_POINT('Ctrl Pts',(-0.382811397346362,11.1284083191089,-98.0491724606284));
#2818=CARTESIAN_POINT('Ctrl Pts',(1.55880949008359,11.3668405618839,-98.0460475211365));
#2819=CARTESIAN_POINT('Ctrl Pts',(3.83581584596032,11.5348346259012,-98.3013441027393));
#2820=CARTESIAN_POINT('Ctrl Pts',(6.35491335659716,10.5011342370117,-97.8969667609196));
#2821=CARTESIAN_POINT('Ctrl Pts',(8.20866363613952,9.35988368114677,-95.3902461998251));
#2822=CARTESIAN_POINT('Ctrl Pts',(9.12016559406126,8.42538041919689,-93.4920364591594));
#2823=CARTESIAN_POINT('Ctrl Pts',(9.51091098521204,7.95338589490722,-92.595702566753));
#2824=CARTESIAN_POINT('Ctrl Pts',(9.63032518429394,7.79526390459154,-92.3057197656052));
#2825=CARTESIAN_POINT('Ctrl Pts',(9.84324530902574,7.48298581763453,-91.7698291526309));
#2826=CARTESIAN_POINT('Ctrl Pts',(9.93675123467565,7.32882972099319,-91.5239213408044));
#2827=CARTESIAN_POINT('Ctrl Pts',(10.0151831515286,7.17943000024532,-91.3132933553115));
#2828=CARTESIAN_POINT('Ctrl Pts',(-9.51694727007284,4.64354362104949,-90.3251957695691));
#2829=CARTESIAN_POINT('Ctrl Pts',(-9.47245606636052,4.8413406390555,-90.5723087379716));
#2830=CARTESIAN_POINT('Ctrl Pts',(-9.41334143996272,5.04145056931048,-90.8386375964587));
#2831=CARTESIAN_POINT('Ctrl Pts',(-9.27048835585238,5.44239786259892,-91.3914455201953));
#2832=CARTESIAN_POINT('Ctrl Pts',(-9.18674989813983,5.64323522563237,-91.677924585445));
#2833=CARTESIAN_POINT('Ctrl Pts',(-8.90553329911435,6.24099087632115,-92.5401647312284));
#2834=CARTESIAN_POINT('Ctrl Pts',(-8.22309519751208,7.41747642405247,-94.2758568229326));
#2835=CARTESIAN_POINT('Ctrl Pts',(-6.76305468712359,9.04925339887003,-96.1278415720777));
#2836=CARTESIAN_POINT('Ctrl Pts',(-4.58914052348236,10.6721971739879,-96.4244112101553));
#2837=CARTESIAN_POINT('Ctrl Pts',(-2.38439351369695,11.274616086553,-96.782861706103));
#2838=CARTESIAN_POINT('Ctrl Pts',(-0.430220862733638,11.5145274291879,-96.7859601652165));
#2839=CARTESIAN_POINT('Ctrl Pts',(1.52394431568761,11.7544996307942,-96.782861706103));
#2840=CARTESIAN_POINT('Ctrl Pts',(3.80893924207501,11.7033517104294,-96.4244112101554));
#2841=CARTESIAN_POINT('Ctrl Pts',(6.31090449887515,10.6545337367854,-96.1278415720778));
#2842=CARTESIAN_POINT('Ctrl Pts',(8.12233814523868,9.42444327980981,-94.2758568229325));
#2843=CARTESIAN_POINT('Ctrl Pts',(9.06912253252404,8.44800109998968,-92.5401647312284));
#2844=CARTESIAN_POINT('Ctrl Pts',(9.48659597683637,7.93603379947935,-91.677924585445));
#2845=CARTESIAN_POINT('Ctrl Pts',(9.61643400005209,7.76142033087587,-91.3914455201953));
#2846=CARTESIAN_POINT('Ctrl Pts',(9.8520416662776,7.40694217463641,-90.8386375964587));
#2847=CARTESIAN_POINT('Ctrl Pts',(9.95781130928739,7.22707748700043,-90.5723087379716));
#2848=CARTESIAN_POINT('Ctrl Pts',(10.0488323636463,7.04591928209867,-90.3251957695691));
#2849=CARTESIAN_POINT('Ctrl Pts',(-9.50618299936193,4.58394660389733,-89.5335210851193));
#2850=CARTESIAN_POINT('Ctrl Pts',(-9.45951071304148,4.79389248470726,-89.7885490394602));
#2851=CARTESIAN_POINT('Ctrl Pts',(-9.39767679193482,5.00423975315833,-90.0567188905299));
#2852=CARTESIAN_POINT('Ctrl Pts',(-9.24918509646613,5.4230213942393,-90.6023592866011));
#2853=CARTESIAN_POINT('Ctrl Pts',(-9.16252732210411,5.63145576686921,-90.8798298316027));
#2854=CARTESIAN_POINT('Ctrl Pts',(-8.87356734361059,6.249816034372,-91.7007178582165));
#2855=CARTESIAN_POINT('Ctrl Pts',(-8.17970076499371,7.45876516782987,-93.2963994778811));
#2856=CARTESIAN_POINT('Ctrl Pts',(-6.77348833817334,9.17188311631384,-94.7064107046303));
#2857=CARTESIAN_POINT('Ctrl Pts',(-4.61429050967031,10.808749400852,-94.9340710341408));
#2858=CARTESIAN_POINT('Ctrl Pts',(-2.43756391371098,11.532038947987,-95.5358185589043));
#2859=CARTESIAN_POINT('Ctrl Pts',(-0.462148690884047,11.7745587223377,-95.5389014909496));
#2860=CARTESIAN_POINT('Ctrl Pts',(1.51325910097681,12.0171390170505,-95.5358185589043));
#2861=CARTESIAN_POINT('Ctrl Pts',(3.80030719261776,11.841932084902,-94.9340710341408));
#2862=CARTESIAN_POINT('Ctrl Pts',(6.29136141219733,10.7760449561755,-94.7064107046304));
#2863=CARTESIAN_POINT('Ctrl Pts',(8.07024406166038,9.45400750806699,-93.2963994778812));
#2864=CARTESIAN_POINT('Ctrl Pts',(9.03597110354778,8.44883084858,-91.7007178582165));
#2865=CARTESIAN_POINT('Ctrl Pts',(9.46594262382264,7.91874426947275,-90.8798298316027));
#2866=CARTESIAN_POINT('Ctrl Pts',(9.60045113046946,7.73746570154304,-90.6023592866011));
#2867=CARTESIAN_POINT('Ctrl Pts',(9.84584443642285,7.36704705740792,-90.0567188905299));
#2868=CARTESIAN_POINT('Ctrl Pts',(9.95672923572942,7.1779069812025,-89.7885490394602));
#2869=CARTESIAN_POINT('Ctrl Pts',(10.0528056611406,6.985488438282,-89.5335210851194));
#2870=CARTESIAN_POINT('Ctrl Pts',(-9.49506208276916,4.55867870298681,-89.0548468131591));
#2871=CARTESIAN_POINT('Ctrl Pts',(-9.4475073976874,4.77307274118786,-89.3102419837723));
#2872=CARTESIAN_POINT('Ctrl Pts',(-9.38461714266331,4.98705981792551,-89.5759983982275));
#2873=CARTESIAN_POINT('Ctrl Pts',(-9.23402619362822,5.4120869874615,-90.1121500288688));
#2874=CARTESIAN_POINT('Ctrl Pts',(-9.14632549961721,5.62312708025982,-90.3825452450549));
#2875=CARTESIAN_POINT('Ctrl Pts',(-8.85479881045042,6.24862729122697,-91.1765635672802));
#2876=CARTESIAN_POINT('Ctrl Pts',(-8.15804700358176,7.46914744344997,-92.6959309063988));
#2877=CARTESIAN_POINT('Ctrl Pts',(-6.77994390332311,9.22296268784542,-93.9198421210941));
#2878=CARTESIAN_POINT('Ctrl Pts',(-4.62870220081161,10.8702435282855,-94.1145290432847));
#2879=CARTESIAN_POINT('Ctrl Pts',(-2.46490802919785,11.6428819963189,-94.7549912376806));
#2880=CARTESIAN_POINT('Ctrl Pts',(-0.475962498851924,11.8870631599176,-94.7580674694504));
#2881=CARTESIAN_POINT('Ctrl Pts',(1.512975619006,12.1313046933865,-94.7549912376806));
#2882=CARTESIAN_POINT('Ctrl Pts',(3.7994140190636,11.9050860775816,-94.1145290432847));
#2883=CARTESIAN_POINT('Ctrl Pts',(6.2852679527015,10.8271689886908,-93.9198421210942));
#2884=CARTESIAN_POINT('Ctrl Pts',(8.04672180970591,9.45884286672256,-92.6959309063989));
#2885=CARTESIAN_POINT('Ctrl Pts',(9.01804765902902,8.44313689706701,-91.1765635672802));
#2886=CARTESIAN_POINT('Ctrl Pts',(9.45223695635812,7.90674340484197,-90.3825452450549));
#2887=CARTESIAN_POINT('Ctrl Pts',(9.58838778424574,7.72318882286742,-90.1121500288688));
#2888=CARTESIAN_POINT('Ctrl Pts',(9.83732891704584,7.34721802456619,-89.5759983982275));
#2889=CARTESIAN_POINT('Ctrl Pts',(9.95011922195833,7.15480180823953,-89.3102419837724));
#2890=CARTESIAN_POINT('Ctrl Pts',(10.0481279417844,6.95828070879362,-89.0548468131592));
#2891=CARTESIAN_POINT('',(9.92625448905346,7.42992891258746,-93.0474779822592));
#2892=CARTESIAN_POINT('Ctrl Pts',(5.95534133735775,10.6286181040832,-100.758560223058));
#2893=CARTESIAN_POINT('Ctrl Pts',(6.1234084252788,10.5525776381849,-100.641553889017));
#2894=CARTESIAN_POINT('Ctrl Pts',(7.10702465870596,10.0780788136353,-99.8360914319492));
#2895=CARTESIAN_POINT('Ctrl Pts',(8.38545157827749,9.26939590900652,-97.6619620082276));
#2896=CARTESIAN_POINT('Ctrl Pts',(9.24665739425544,8.34377995257968,-95.3471213659916));
#2897=CARTESIAN_POINT('Ctrl Pts',(9.58112616155938,7.93613165002719,-94.3317957780634));
#2898=CARTESIAN_POINT('Ctrl Pts',(9.76594656626016,7.69600803150739,-93.7288544333512));
#2899=CARTESIAN_POINT('Ctrl Pts',(9.87444942395723,7.51916824601802,-93.2737978497855));
#2900=CARTESIAN_POINT('Ctrl Pts',(9.92625448905346,7.42992891258746,-93.0474779822592));
#2901=CARTESIAN_POINT('Ctrl Pts',(10.0481279417844,6.95828070879362,-89.0548468131592));
#2902=CARTESIAN_POINT('Ctrl Pts',(10.0528056611406,6.985488438282,-89.5335210851194));
#2903=CARTESIAN_POINT('Ctrl Pts',(10.0488323636463,7.04591928209867,-90.3251957695691));
#2904=CARTESIAN_POINT('Ctrl Pts',(10.0151831515286,7.17943000024532,-91.3132933553115));
#2905=CARTESIAN_POINT('Ctrl Pts',(9.99609406641835,7.26549408337628,-91.9592477407987));
#2906=CARTESIAN_POINT('Ctrl Pts',(9.97145756258757,7.3360773857088,-92.4440911789189));
#2907=CARTESIAN_POINT('Ctrl Pts',(9.95455044885953,7.37857529578212,-92.7286716790707));
#2908=CARTESIAN_POINT('Ctrl Pts',(9.93667777944977,7.41195795622536,-92.9359552620329));
#2909=CARTESIAN_POINT('Ctrl Pts',(9.92625448905346,7.42992891258746,-93.0474779822592));
#2910=CARTESIAN_POINT('Origin',(-3.24494630567327,1.6165903436221,-58.15));
#2911=CARTESIAN_POINT('',(-14.8577362798767,0.190719025781879,-58.));
#2912=CARTESIAN_POINT('',(-15.1555001253691,0.154158222760335,-58.3));
#2913=CARTESIAN_POINT('',(-14.8577362798767,0.190719025781879,-58.));
#2914=CARTESIAN_POINT('',(-1.7825141848115,-10.2939634760738,-58.3));
#2915=CARTESIAN_POINT('Origin',(-3.24494630567327,1.6165903436221,-58.3));
#2916=CARTESIAN_POINT('',(-1.81907498783304,-9.99619963058137,-58.));
#2917=CARTESIAN_POINT('',(-1.81907498783304,-9.99619963058137,-58.));
#2918=CARTESIAN_POINT('Origin',(-3.24494630567327,1.6165903436221,-58.));
#2919=CARTESIAN_POINT('Ctrl Pts',(9.95271588599285,5.82339951932091,-94.8209027754478));
#2920=CARTESIAN_POINT('Ctrl Pts',(9.93127337566048,5.80560965119671,-94.9674185920661));
#2921=CARTESIAN_POINT('Ctrl Pts',(9.90954349746989,5.78504038878676,-95.1131790386083));
#2922=CARTESIAN_POINT('Ctrl Pts',(9.86266918182359,5.73590208234204,-95.4149383671592));
#2923=CARTESIAN_POINT('Ctrl Pts',(9.83752474436788,5.70733303830727,-95.570937249168));
#2924=CARTESIAN_POINT('Ctrl Pts',(9.75270985778007,5.60596474418577,-96.0719153118231));
#2925=CARTESIAN_POINT('Ctrl Pts',(9.68365783442728,5.51750433208184,-96.4498759090978));
#2926=CARTESIAN_POINT('Ctrl Pts',(9.43897546748621,5.18947844770131,-97.7156833674361));
#2927=CARTESIAN_POINT('Ctrl Pts',(8.83046355413837,4.38159507914793,-100.538855464154));
#2928=CARTESIAN_POINT('Ctrl Pts',(7.63909980721404,4.16788406116447,-104.447067279508));
#2929=CARTESIAN_POINT('Ctrl Pts',(5.00184471814399,4.6597251589584,-107.744526389208));
#2930=CARTESIAN_POINT('Ctrl Pts',(2.38539363862442,5.04004584880483,-108.638560524848));
#2931=CARTESIAN_POINT('Ctrl Pts',(0.414596638590458,4.63404102998855,-108.370466215923));
#2932=CARTESIAN_POINT('Ctrl Pts',(-1.59588072329069,4.55120682444309,-108.638560524849));
#2933=CARTESIAN_POINT('Ctrl Pts',(-4.04260412153532,3.5492064795696,-107.744526389208));
#2934=CARTESIAN_POINT('Ctrl Pts',(-6.48253433284748,2.43396541404557,-104.447067279507));
#2935=CARTESIAN_POINT('Ctrl Pts',(-7.6902108595094,2.35311132544835,-100.538855464154));
#2936=CARTESIAN_POINT('Ctrl Pts',(-8.47609204436273,2.98978474971307,-97.7156833674361));
#2937=CARTESIAN_POINT('Ctrl Pts',(-8.79286294305585,3.24887284140521,-96.4498759090978));
#2938=CARTESIAN_POINT('Ctrl Pts',(-8.88126433678748,3.31800040482976,-96.0719153118231));
#2939=CARTESIAN_POINT('Ctrl Pts',(-8.98808306863579,3.39583904925735,-95.570937249168));
#2940=CARTESIAN_POINT('Ctrl Pts',(-9.01939208612703,3.417476480615,-95.4149383671592));
#2941=CARTESIAN_POINT('Ctrl Pts',(-9.07676166651242,3.45381524605867,-95.1131790386082));
#2942=CARTESIAN_POINT('Ctrl Pts',(-9.10282222940655,3.46851658014468,-94.9674185920661));
#2943=CARTESIAN_POINT('Ctrl Pts',(-9.12793156416175,3.48059060041058,-94.8209027754478));
#2944=CARTESIAN_POINT('Ctrl Pts',(9.96381705941836,5.78930321276002,-94.7256658813339));
#2945=CARTESIAN_POINT('Ctrl Pts',(9.94207497778398,5.76386314582183,-94.8711084474413));
#2946=CARTESIAN_POINT('Ctrl Pts',(9.92001845267866,5.73787900331893,-95.0176545546795));
#2947=CARTESIAN_POINT('Ctrl Pts',(9.87205387470374,5.6787845999219,-95.3234568534059));
#2948=CARTESIAN_POINT('Ctrl Pts',(9.84614582183414,5.64567433902777,-95.4827130448942));
#2949=CARTESIAN_POINT('Ctrl Pts',(9.75781041034524,5.5265974278658,-95.9953012487162));
#2950=CARTESIAN_POINT('Ctrl Pts',(9.68609578613129,5.42792068906524,-96.3772585049672));
#2951=CARTESIAN_POINT('Ctrl Pts',(9.44190740925716,5.08215502471662,-97.6180255740137));
#2952=CARTESIAN_POINT('Ctrl Pts',(8.83542517868314,4.24888733043956,-100.388872078568));
#2953=CARTESIAN_POINT('Ctrl Pts',(7.64718935762912,4.01473581874969,-104.263445667617));
#2954=CARTESIAN_POINT('Ctrl Pts',(5.03265555138428,4.40033932842648,-107.479437310303));
#2955=CARTESIAN_POINT('Ctrl Pts',(2.43360803623162,4.74948095013349,-108.350340276781));
#2956=CARTESIAN_POINT('Ctrl Pts',(0.455303194111344,4.30251273993687,-108.075789615666));
#2957=CARTESIAN_POINT('Ctrl Pts',(-1.57236893615263,4.25760882659214,-108.350340276781));
#2958=CARTESIAN_POINT('Ctrl Pts',(-4.0097486295374,3.29007170156544,-107.479437310303));
#2959=CARTESIAN_POINT('Ctrl Pts',(-6.45333367592999,2.28340928957286,-104.263445667617));
#2960=CARTESIAN_POINT('Ctrl Pts',(-7.6629201924723,2.22314523841779,-100.388872078568));
#2961=CARTESIAN_POINT('Ctrl Pts',(-8.45297300900207,2.8849399901507,-97.6180255740137));
#2962=CARTESIAN_POINT('Ctrl Pts',(-8.77355623244181,3.16136042154435,-96.3772585049672));
#2963=CARTESIAN_POINT('Ctrl Pts',(-8.86701268953033,3.23975670165334,-95.9953012487162));
#2964=CARTESIAN_POINT('Ctrl Pts',(-8.98153147384729,3.33392624945596,-95.4827130448942));
#2965=CARTESIAN_POINT('Ctrl Pts',(-9.0146800439021,3.35978526883591,-95.323456853406));
#2966=CARTESIAN_POINT('Ctrl Pts',(-9.07551609901294,3.40552063427355,-95.0176545546795));
#2967=CARTESIAN_POINT('Ctrl Pts',(-9.10320358406896,3.42539698033124,-94.8711084474413));
#2968=CARTESIAN_POINT('Ctrl Pts',(-9.13045434217702,3.44482148295428,-94.7256658813339));
#2969=CARTESIAN_POINT('Ctrl Pts',(9.97379895094022,5.75503660658291,-94.6365837288769));
#2970=CARTESIAN_POINT('Ctrl Pts',(9.95255207213956,5.72716515140661,-94.7779428613398));
#2971=CARTESIAN_POINT('Ctrl Pts',(9.92962138479835,5.69434844731149,-94.9249421007797));
#2972=CARTESIAN_POINT('Ctrl Pts',(9.87922604357776,5.62029938438942,-95.2345805530533));
#2973=CARTESIAN_POINT('Ctrl Pts',(9.85176138969838,5.57906702556247,-95.3972197658872));
#2974=CARTESIAN_POINT('Ctrl Pts',(9.76081695406735,5.44495873164254,-95.9151370036398));
#2975=CARTESIAN_POINT('Ctrl Pts',(9.68887281413555,5.33691628523007,-96.2992804054492));
#2976=CARTESIAN_POINT('Ctrl Pts',(9.44437448636816,4.97890239470904,-97.5204922026444));
#2977=CARTESIAN_POINT('Ctrl Pts',(8.84071419894529,4.1273284085326,-100.238042164103));
#2978=CARTESIAN_POINT('Ctrl Pts',(7.65499758420687,3.87963802909412,-104.070166326852));
#2979=CARTESIAN_POINT('Ctrl Pts',(5.06404861655555,4.14486791214238,-107.193329672072));
#2980=CARTESIAN_POINT('Ctrl Pts',(2.48236664993738,4.45752959268095,-108.039832696127));
#2981=CARTESIAN_POINT('Ctrl Pts',(0.49579179681899,3.97275953310117,-107.764652001806));
#2982=CARTESIAN_POINT('Ctrl Pts',(-1.54904978483265,3.96253389592096,-108.039832696127));
#2983=CARTESIAN_POINT('Ctrl Pts',(-3.97840505720881,3.03459420832438,-107.193329672072));
#2984=CARTESIAN_POINT('Ctrl Pts',(-6.42822685144337,2.15043550066577,-104.070166326852));
#2985=CARTESIAN_POINT('Ctrl Pts',(-7.63864434141406,2.10391760619307,-100.238042164103));
#2986=CARTESIAN_POINT('Ctrl Pts',(-8.43038773140219,2.78415756455631,-97.5204922026444));
#2987=CARTESIAN_POINT('Ctrl Pts',(-8.75423481296238,3.07238741355186,-96.2992804054492));
#2988=CARTESIAN_POINT('Ctrl Pts',(-8.85017973791013,3.1598156748527,-95.9151370036398));
#2989=CARTESIAN_POINT('Ctrl Pts',(-8.97086646781224,3.26793892903927,-95.3972197658872));
#2990=CARTESIAN_POINT('Ctrl Pts',(-9.00749031450252,3.30130220946485,-95.2345805530533));
#2991=CARTESIAN_POINT('Ctrl Pts',(-9.07430278838257,3.3609599622754,-94.9249421007797));
#2992=CARTESIAN_POINT('Ctrl Pts',(-9.10449141557233,3.38725443466037,-94.7779428613399));
#2993=CARTESIAN_POINT('Ctrl Pts',(-9.13184988653869,3.409157903308,-94.636583728877));
#2994=CARTESIAN_POINT('Ctrl Pts',(9.99549378265523,5.66074272448947,-94.4242846458625));
#2995=CARTESIAN_POINT('Ctrl Pts',(9.97358081062913,5.62044002869793,-94.5634391922108));
#2996=CARTESIAN_POINT('Ctrl Pts',(9.94931911938903,5.57670516034683,-94.7119555218538));
#2997=CARTESIAN_POINT('Ctrl Pts',(9.89581192256729,5.48333797941929,-95.02767158696));
#2998=CARTESIAN_POINT('Ctrl Pts',(9.86656641698564,5.43370566684286,-95.1948713224232));
#2999=CARTESIAN_POINT('Ctrl Pts',(9.77092461485801,5.2774129141163,-95.7244353963897));
#3000=CARTESIAN_POINT('Ctrl Pts',(9.69716760164044,5.15956292436149,-96.1091634011672));
#3001=CARTESIAN_POINT('Ctrl Pts',(9.44995782632534,4.77773021057602,-97.3152612865983));
#3002=CARTESIAN_POINT('Ctrl Pts',(8.85178333304566,3.90093380492082,-99.9351125418555));
#3003=CARTESIAN_POINT('Ctrl Pts',(7.67019205160638,3.63651812892181,-103.669121052009));
#3004=CARTESIAN_POINT('Ctrl Pts',(5.12740552053043,3.64282452262889,-106.582369415192));
#3005=CARTESIAN_POINT('Ctrl Pts',(2.5798735086561,3.87468098129592,-107.378290326443));
#3006=CARTESIAN_POINT('Ctrl Pts',(0.575870049874488,3.32057449887017,-107.111210098639));
#3007=CARTESIAN_POINT('Ctrl Pts',(-1.50265643221613,3.37340933513297,-107.378290326443));
#3008=CARTESIAN_POINT('Ctrl Pts',(-3.91842470190133,2.53213623076539,-106.582369415192));
#3009=CARTESIAN_POINT('Ctrl Pts',(-6.38415395111647,1.91086142620001,-103.669121052009));
#3010=CARTESIAN_POINT('Ctrl Pts',(-7.59461486326592,1.8815700239524,-99.9351125418554));
#3011=CARTESIAN_POINT('Ctrl Pts',(-8.3871372661736,2.5876103218602,-97.3152612865983));
#3012=CARTESIAN_POINT('Ctrl Pts',(-8.71937754857643,2.89829551474362,-96.1091634011672));
#3013=CARTESIAN_POINT('Ctrl Pts',(-8.81945415620221,2.99480141969301,-95.7244353963897));
#3014=CARTESIAN_POINT('Ctrl Pts',(-8.95006562706808,3.12331376364222,-95.1948713224232));
#3015=CARTESIAN_POINT('Ctrl Pts',(-8.99044955928822,3.16439665627224,-95.02767158696));
#3016=CARTESIAN_POINT('Ctrl Pts',(-9.06495492908615,3.24204587041733,-94.7119555218537));
#3017=CARTESIAN_POINT('Ctrl Pts',(-9.09907636666395,3.27861219193239,-94.5634391922107));
#3018=CARTESIAN_POINT('Ctrl Pts',(-9.13008853433455,3.31241649768555,-94.4242846458625));
#3019=CARTESIAN_POINT('Ctrl Pts',(10.0072067228484,5.60071544857314,-94.301067715305));
#3020=CARTESIAN_POINT('Ctrl Pts',(9.9848527777025,5.55490614401152,-94.4392765013187));
#3021=CARTESIAN_POINT('Ctrl Pts',(9.95990744690591,5.50732886082693,-94.5894241467445));
#3022=CARTESIAN_POINT('Ctrl Pts',(9.90487428866514,5.40775963476978,-94.9100886609328));
#3023=CARTESIAN_POINT('Ctrl Pts',(9.87478646122097,5.35576769189724,-95.0806055296952));
#3024=CARTESIAN_POINT('Ctrl Pts',(9.77686964589781,5.19185182008471,-95.6174472277562));
#3025=CARTESIAN_POINT('Ctrl Pts',(9.70182678464098,5.07226607241566,-96.0062310391423));
#3026=CARTESIAN_POINT('Ctrl Pts',(9.45307408917151,4.67981065645056,-97.2075637419215));
#3027=CARTESIAN_POINT('Ctrl Pts',(8.85756344688388,3.79609812321599,-99.7830128340726));
#3028=CARTESIAN_POINT('Ctrl Pts',(7.67757829242814,3.52849601840507,-103.461355117931));
#3029=CARTESIAN_POINT('Ctrl Pts',(5.15936935933403,3.39625254939949,-106.257516796543));
#3030=CARTESIAN_POINT('Ctrl Pts',(2.62862175366906,3.58378372736343,-107.027255537413));
#3031=CARTESIAN_POINT('Ctrl Pts',(0.615459700222339,2.99814267147488,-106.768905809332));
#3032=CARTESIAN_POINT('Ctrl Pts',(-1.47958223091958,3.07935970501616,-107.027255537413));
#3033=CARTESIAN_POINT('Ctrl Pts',(-3.88978791892243,2.28515574644745,-106.257516796543));
#3034=CARTESIAN_POINT('Ctrl Pts',(-6.36518787527618,1.80426114064134,-103.461355117931));
#3035=CARTESIAN_POINT('Ctrl Pts',(-7.57486123617602,1.77845007393644,-99.7830128340725));
#3036=CARTESIAN_POINT('Ctrl Pts',(-8.36647207854488,2.49184550475849,-97.2075637419215));
#3037=CARTESIAN_POINT('Ctrl Pts',(-8.70277931402718,2.81246459399979,-96.0062310391424));
#3038=CARTESIAN_POINT('Ctrl Pts',(-8.80452349235501,2.91034362264012,-95.6174472277562));
#3039=CARTESIAN_POINT('Ctrl Pts',(-8.93918659822138,3.04570227095456,-95.0806055296952));
#3040=CARTESIAN_POINT('Ctrl Pts',(-8.98095867797902,3.0888709266748,-94.9100886609327));
#3041=CARTESIAN_POINT('Ctrl Pts',(-9.05844509213464,3.17216879522421,-94.5894241467445));
#3042=CARTESIAN_POINT('Ctrl Pts',(-9.09415942653262,3.21229800805338,-94.4392765013187));
#3043=CARTESIAN_POINT('Ctrl Pts',(-9.12693163776874,3.25133867170937,-94.301067715305));
#3044=CARTESIAN_POINT('Ctrl Pts',(10.0449421164348,5.38199261621537,-93.8802147564816));
#3045=CARTESIAN_POINT('Ctrl Pts',(10.0197411852661,5.33347923162532,-94.0352738176247));
#3046=CARTESIAN_POINT('Ctrl Pts',(9.99204100833049,5.2814402746337,-94.1993558673014));
#3047=CARTESIAN_POINT('Ctrl Pts',(9.93201681093342,5.17134412478701,-94.5419816703527));
#3048=CARTESIAN_POINT('Ctrl Pts',(9.89969279047197,5.11328693193193,-94.7205254237272));
#3049=CARTESIAN_POINT('Ctrl Pts',(9.79634693581094,4.93163736298107,-95.272472829343));
#3050=CARTESIAN_POINT('Ctrl Pts',(9.71895130833466,4.80056699649964,-95.6621926270764));
#3051=CARTESIAN_POINT('Ctrl Pts',(9.46576502889531,4.38983884278919,-96.8536053218094));
#3052=CARTESIAN_POINT('Ctrl Pts',(8.8753948819746,3.49831431830363,-99.3254439174059));
#3053=CARTESIAN_POINT('Ctrl Pts',(7.69931502913742,3.23150536599365,-102.823570722386));
#3054=CARTESIAN_POINT('Ctrl Pts',(5.25522650084882,2.67149171613193,-105.22977967732));
#3055=CARTESIAN_POINT('Ctrl Pts',(2.77320273433393,2.71841365246977,-105.91943154295));
#3056=CARTESIAN_POINT('Ctrl Pts',(0.73218565262623,2.04748607796231,-105.697875955885));
#3057=CARTESIAN_POINT('Ctrl Pts',(-1.41051656964599,2.2047175147896,-105.91943154295));
#3058=CARTESIAN_POINT('Ctrl Pts',(-3.80746217902678,1.55873346597369,-105.22977967732));
#3059=CARTESIAN_POINT('Ctrl Pts',(-6.31443039640164,1.51083378731377,-102.823570722386));
#3060=CARTESIAN_POINT('Ctrl Pts',(-7.52012257887465,1.48519790609737,-99.3254439174058));
#3061=CARTESIAN_POINT('Ctrl Pts',(-8.30863551228989,2.20741687702744,-96.8536053218093));
#3062=CARTESIAN_POINT('Ctrl Pts',(-8.65366521070339,2.54469334457213,-95.6621926270765));
#3063=CARTESIAN_POINT('Ctrl Pts',(-8.7604706487922,2.6531466641003,-95.272472829343));
#3064=CARTESIAN_POINT('Ctrl Pts',(-8.90469169795359,2.80439883947123,-94.7205254237272));
#3065=CARTESIAN_POINT('Ctrl Pts',(-8.95010086301209,2.85291159727466,-94.5419816703527));
#3066=CARTESIAN_POINT('Ctrl Pts',(-9.03497675448875,2.9452162533342,-94.1993558673014));
#3067=CARTESIAN_POINT('Ctrl Pts',(-9.07444348090692,2.98900815159032,-94.0352738176247));
#3068=CARTESIAN_POINT('Ctrl Pts',(-9.11063228668007,3.02998382428601,-93.8802147564816));
#3069=CARTESIAN_POINT('Ctrl Pts',(10.0877431431766,5.04243168249361,-93.3183169858538));
#3070=CARTESIAN_POINT('Ctrl Pts',(10.0602724815544,4.99475146537903,-93.485994643698));
#3071=CARTESIAN_POINT('Ctrl Pts',(10.0306312930293,4.94182708473258,-93.6588191290646));
#3072=CARTESIAN_POINT('Ctrl Pts',(9.9672739290488,4.82788519786089,-94.0129874780554));
#3073=CARTESIAN_POINT('Ctrl Pts',(9.9335577535934,4.76686769163565,-94.1943313416796));
#3074=CARTESIAN_POINT('Ctrl Pts',(9.82669584714502,4.57526828681917,-94.7484805847578));
#3075=CARTESIAN_POINT('Ctrl Pts',(9.74783673606982,4.43613950208716,-95.1314036164177));
#3076=CARTESIAN_POINT('Ctrl Pts',(9.49159868502118,4.01330802114737,-96.2993519987752));
#3077=CARTESIAN_POINT('Ctrl Pts',(8.90047971163175,3.14586455229281,-98.7119659130022));
#3078=CARTESIAN_POINT('Ctrl Pts',(7.72717204940047,2.90771964048196,-101.934560612827));
#3079=CARTESIAN_POINT('Ctrl Pts',(5.38294435647915,1.74502416889689,-103.717652149619));
#3080=CARTESIAN_POINT('Ctrl Pts',(2.96154069688966,1.58411138435497,-104.296413877339));
#3081=CARTESIAN_POINT('Ctrl Pts',(0.882372259458983,0.824314323074339,-104.152190856546));
#3082=CARTESIAN_POINT('Ctrl Pts',(-1.31884753492401,1.05854579481778,-104.296413877339));
#3083=CARTESIAN_POINT('Ctrl Pts',(-3.70725348327536,0.628888218622108,-103.717652149619));
#3084=CARTESIAN_POINT('Ctrl Pts',(-6.26312908762576,1.1899266584728,-101.934560612827));
#3085=CARTESIAN_POINT('Ctrl Pts',(-7.45919696638835,1.13714883486865,-98.7119659130022));
#3086=CARTESIAN_POINT('Ctrl Pts',(-8.24261074829961,1.83582090291695,-96.2993519987753));
#3087=CARTESIAN_POINT('Ctrl Pts',(-8.59352962752957,2.18410288677333,-95.1314036164177));
#3088=CARTESIAN_POINT('Ctrl Pts',(-8.7037045853186,2.30002120636416,-94.7484805847579));
#3089=CARTESIAN_POINT('Ctrl Pts',(-8.85374432765615,2.46007705503923,-94.1943313416796));
#3090=CARTESIAN_POINT('Ctrl Pts',(-8.90122045937766,2.51112539947905,-94.0129874780554));
#3091=CARTESIAN_POINT('Ctrl Pts',(-8.99026087613624,2.60635519176012,-93.6588191290646));
#3092=CARTESIAN_POINT('Ctrl Pts',(-9.03182516117331,2.65053663960135,-93.485994643698));
#3093=CARTESIAN_POINT('Ctrl Pts',(-9.07001471525029,2.69015479596252,-93.3183169858537));
#3094=CARTESIAN_POINT('Ctrl Pts',(10.1442202143026,4.62678894506184,-92.6136384762902));
#3095=CARTESIAN_POINT('Ctrl Pts',(10.1147492213523,4.58130799961861,-92.791352816732));
#3096=CARTESIAN_POINT('Ctrl Pts',(10.0835399897528,4.52858312112737,-92.9696020908919));
#3097=CARTESIAN_POINT('Ctrl Pts',(10.0176535211088,4.4124526108414,-93.3280910271397));
#3098=CARTESIAN_POINT('Ctrl Pts',(9.9829762840642,4.34904697904665,-93.5083306892277));
#3099=CARTESIAN_POINT('Ctrl Pts',(9.87375527254255,4.14851962289592,-94.0534160381226));
#3100=CARTESIAN_POINT('Ctrl Pts',(9.79402219767761,4.00108743777343,-94.42262808756));
#3101=CARTESIAN_POINT('Ctrl Pts',(9.53416743376996,3.56323439285,-95.5587759323009));
#3102=CARTESIAN_POINT('Ctrl Pts',(8.93183574870319,2.70530234477929,-97.9451184074974));
#3103=CARTESIAN_POINT('Ctrl Pts',(7.7619933247293,2.50298748359234,-100.823297975878));
#3104=CARTESIAN_POINT('Ctrl Pts',(5.53048870545036,0.708052602171933,-101.538807082821));
#3105=CARTESIAN_POINT('Ctrl Pts',(3.16389543645946,0.291585216885973,-101.983793415409));
#3106=CARTESIAN_POINT('Ctrl Pts',(1.04722459240255,-0.518300185877919,-101.961078280734));
#3107=CARTESIAN_POINT('Ctrl Pts',(-1.20250109337401,-0.244540863757591,
-101.983793415409));
#3108=CARTESIAN_POINT('Ctrl Pts',(-3.59954900741323,-0.412975069428973,
-101.538807082821));
#3109=CARTESIAN_POINT('Ctrl Pts',(-6.19900245165592,0.788792747421589,-100.823297975878));
#3110=CARTESIAN_POINT('Ctrl Pts',(-7.38303995078044,0.702087495832744,-97.9451184074976));
#3111=CARTESIAN_POINT('Ctrl Pts',(-8.17503235796634,1.38881807247987,-95.5587759323009));
#3112=CARTESIAN_POINT('Ctrl Pts',(-8.53309456346036,1.75080045364086,-94.4226280875599));
#3113=CARTESIAN_POINT('Ctrl Pts',(-8.64612629894188,1.87456409616744,-94.0534160381225));
#3114=CARTESIAN_POINT('Ctrl Pts',(-8.80061493776044,2.04271197869528,-93.5083306892277));
#3115=CARTESIAN_POINT('Ctrl Pts',(-8.84960132329937,2.09584500932756,-93.3280910271396));
#3116=CARTESIAN_POINT('Ctrl Pts',(-8.94162519542943,2.19258656775956,-92.9696020908917));
#3117=CARTESIAN_POINT('Ctrl Pts',(-8.98466268202061,2.23619509555928,-92.7913528167319));
#3118=CARTESIAN_POINT('Ctrl Pts',(-9.02426109706467,2.2731953840701,-92.6136384762901));
#3119=CARTESIAN_POINT('Ctrl Pts',(10.164230341137,4.38657964834138,-92.246245171243));
#3120=CARTESIAN_POINT('Ctrl Pts',(10.1368719505653,4.34635346856736,-92.4108057285075));
#3121=CARTESIAN_POINT('Ctrl Pts',(10.1083670132455,4.29561294474687,-92.5690453754277));
#3122=CARTESIAN_POINT('Ctrl Pts',(10.0478876816225,4.18069657875152,-92.8854713398261));
#3123=CARTESIAN_POINT('Ctrl Pts',(10.0159132873193,4.11652073657667,-93.0436576573043));
#3124=CARTESIAN_POINT('Ctrl Pts',(9.9130213737045,3.91523028712848,-93.5370193524454));
#3125=CARTESIAN_POINT('Ctrl Pts',(9.8351351236874,3.76935275693151,-93.8909974728147));
#3126=CARTESIAN_POINT('Ctrl Pts',(9.57712864351605,3.32608000274213,-94.9900876352463));
#3127=CARTESIAN_POINT('Ctrl Pts',(8.96372476269303,2.41697383996955,-97.3368911654039));
#3128=CARTESIAN_POINT('Ctrl Pts',(7.79770351968225,2.22292531586906,-99.9936907873753));
#3129=CARTESIAN_POINT('Ctrl Pts',(5.60822576601107,0.150005983461992,-100.131220741116));
#3130=CARTESIAN_POINT('Ctrl Pts',(3.26053860106107,-0.393079043399731,-100.504916478442));
#3131=CARTESIAN_POINT('Ctrl Pts',(1.13167215505005,-1.20607039107723,-100.545656110356));
#3132=CARTESIAN_POINT('Ctrl Pts',(-1.13063826726308,-0.932247767023898,
-100.504916478442));
#3133=CARTESIAN_POINT('Ctrl Pts',(-3.53997324921726,-0.973251615675193,
-100.131220741116));
#3134=CARTESIAN_POINT('Ctrl Pts',(-6.16589873070188,0.508410544932855,-99.9936907873752));
#3135=CARTESIAN_POINT('Ctrl Pts',(-7.34422874633098,0.414608929139075,-97.3368911654038));
#3136=CARTESIAN_POINT('Ctrl Pts',(-8.15934459657394,1.14831492399158,-94.9900876352463));
#3137=CARTESIAN_POINT('Ctrl Pts',(-8.5169245665969,1.51600316619608,-93.8909974728147));
#3138=CARTESIAN_POINT('Ctrl Pts',(-8.6277882307548,1.63870512106062,-93.5370193524454));
#3139=CARTESIAN_POINT('Ctrl Pts',(-8.77632038190026,1.80912457711679,-93.0436576573043));
#3140=CARTESIAN_POINT('Ctrl Pts',(-8.82287054143351,1.86365881642874,-92.8854713398261));
#3141=CARTESIAN_POINT('Ctrl Pts',(-8.90935416353234,1.96053040068236,-92.5690453754277));
#3142=CARTESIAN_POINT('Ctrl Pts',(-8.94928762609792,2.00286774562402,-92.4108057285074));
#3143=CARTESIAN_POINT('Ctrl Pts',(-8.98556494921107,2.03528044223551,-92.246245171243));
#3144=CARTESIAN_POINT('Ctrl Pts',(10.1714075989325,4.27347903724416,-92.0814771739685));
#3145=CARTESIAN_POINT('Ctrl Pts',(10.1466518211301,4.23779662281987,-92.2302567403095));
#3146=CARTESIAN_POINT('Ctrl Pts',(10.1209781838736,4.189635497912,-92.3699066133563));
#3147=CARTESIAN_POINT('Ctrl Pts',(10.0649803913245,4.07694330127743,-92.6542305212402));
#3148=CARTESIAN_POINT('Ctrl Pts',(10.0347952825682,4.01284261773426,-92.7984624342002));
#3149=CARTESIAN_POINT('Ctrl Pts',(9.93547973646002,3.81210950211132,-93.2643544670521));
#3150=CARTESIAN_POINT('Ctrl Pts',(9.85847540179484,3.66308607445724,-93.6068486855596));
#3151=CARTESIAN_POINT('Ctrl Pts',(9.6013912160588,3.20814958676912,-94.6781100850154));
#3152=CARTESIAN_POINT('Ctrl Pts',(8.98293811762469,2.26681179248927,-96.9957478596595));
#3153=CARTESIAN_POINT('Ctrl Pts',(7.81926297459764,2.07358851361005,-99.5381747915404));
#3154=CARTESIAN_POINT('Ctrl Pts',(5.64485077048218,-0.117524978086175,-99.4131834570009));
#3155=CARTESIAN_POINT('Ctrl Pts',(3.30390780283774,-0.717399001031452,-99.7532961592536));
#3156=CARTESIAN_POINT('Ctrl Pts',(1.17113801180404,-1.52749400055854,-99.8224691015059));
#3157=CARTESIAN_POINT('Ctrl Pts',(-1.09425911946791,-1.25742599536443,-99.7532961592536));
#3158=CARTESIAN_POINT('Ctrl Pts',(-3.51078873718108,-1.24169615481988,-99.4131834570008));
#3159=CARTESIAN_POINT('Ctrl Pts',(-6.15068993538183,0.358293979723987,-99.5381747915404));
#3160=CARTESIAN_POINT('Ctrl Pts',(-7.32654389533504,0.264259204974209,-96.9957478596594));
#3161=CARTESIAN_POINT('Ctrl Pts',(-8.15435651723959,1.02801789783335,-94.6781100850154));
#3162=CARTESIAN_POINT('Ctrl Pts',(-8.51386330143138,1.40724653402219,-93.6068486855596));
#3163=CARTESIAN_POINT('Ctrl Pts',(-8.62463230836856,1.53321429437835,-93.264354467052));
#3164=CARTESIAN_POINT('Ctrl Pts',(-8.7695594941512,1.70395817341236,-92.7984624342002));
#3165=CARTESIAN_POINT('Ctrl Pts',(-8.81435533504664,1.75885235397645,-92.6542305212401));
#3166=CARTESIAN_POINT('Ctrl Pts',(-8.89595246366702,1.85465001863276,-92.3699066133563));
#3167=CARTESIAN_POINT('Ctrl Pts',(-8.93251471480696,1.89516953731147,-92.2302567403095));
#3168=CARTESIAN_POINT('Ctrl Pts',(-8.96516749754629,1.92380306683758,-92.0814771739685));
#3169=CARTESIAN_POINT('Ctrl Pts',(10.1732125680806,4.24103071735526,-92.0351809130519));
#3170=CARTESIAN_POINT('Ctrl Pts',(10.1498478708275,4.20299337694462,-92.1710636141117));
#3171=CARTESIAN_POINT('Ctrl Pts',(10.1252148505632,4.15606095585961,-92.3037169586092));
#3172=CARTESIAN_POINT('Ctrl Pts',(10.0710072327994,4.04437966521454,-92.57549508589));
#3173=CARTESIAN_POINT('Ctrl Pts',(10.0412699492899,3.98137072783077,-92.7176781241474));
#3174=CARTESIAN_POINT('Ctrl Pts',(9.94343674274095,3.77998988758335,-93.1710550814951));
#3175=CARTESIAN_POINT('Ctrl Pts',(9.86671946368108,3.6292639566236,-93.5090768431608));
#3176=CARTESIAN_POINT('Ctrl Pts',(9.609942401518,3.16894724462494,-94.5695120013212));
#3177=CARTESIAN_POINT('Ctrl Pts',(8.98988737725804,2.21575814414994,-96.875861810295));
#3178=CARTESIAN_POINT('Ctrl Pts',(7.82706685247591,2.02225862645749,-99.3795507259983));
#3179=CARTESIAN_POINT('Ctrl Pts',(5.65668518433767,-0.204786573967764,-99.1714636767521));
#3180=CARTESIAN_POINT('Ctrl Pts',(3.31753880667594,-0.822503624823505,-99.5007257444066));
#3181=CARTESIAN_POINT('Ctrl Pts',(1.18383364329374,-1.63089162153259,-99.5788274446123));
#3182=CARTESIAN_POINT('Ctrl Pts',(-1.08205811441291,-1.36270620092916,-99.5007257444067));
#3183=CARTESIAN_POINT('Ctrl Pts',(-3.50116112767932,-1.32922871220505,-99.1714636767521));
#3184=CARTESIAN_POINT('Ctrl Pts',(-6.14584418113464,0.306600880660281,-99.3795507259983));
#3185=CARTESIAN_POINT('Ctrl Pts',(-7.32093573687452,0.213040890116249,-96.8758618102949));
#3186=CARTESIAN_POINT('Ctrl Pts',(-8.15316979102178,0.987911313794929,-94.5695120013212));
#3187=CARTESIAN_POINT('Ctrl Pts',(-8.51368016858724,1.37243465855565,-93.5090768431608));
#3188=CARTESIAN_POINT('Ctrl Pts',(-8.62458251952437,1.50012379562945,-93.1710550814951));
#3189=CARTESIAN_POINT('Ctrl Pts',(-8.76822809633678,1.67185476949448,-92.7176781241474));
#3190=CARTESIAN_POINT('Ctrl Pts',(-8.8123252970087,1.72579797215855,-92.5754950858899));
#3191=CARTESIAN_POINT('Ctrl Pts',(-8.89194086639244,1.82104784153107,-92.3037169586092));
#3192=CARTESIAN_POINT('Ctrl Pts',(-8.92719616095411,1.86062690217696,-92.1710636141117));
#3193=CARTESIAN_POINT('Ctrl Pts',(-8.95906889234022,1.89188193916673,-92.0351809130519));
#3194=CARTESIAN_POINT('Ctrl Pts',(10.1756476061427,4.18663784519781,-91.9598412009022));
#3195=CARTESIAN_POINT('Ctrl Pts',(10.1555959456914,4.14347736939544,-92.064552197848));
#3196=CARTESIAN_POINT('Ctrl Pts',(10.1339291590128,4.09616648953641,-92.1749868578454));
#3197=CARTESIAN_POINT('Ctrl Pts',(10.0840537929908,3.98470955458503,-92.4142129002985));
#3198=CARTESIAN_POINT('Ctrl Pts',(10.0554851374511,3.92161600011814,-92.5471854281282));
#3199=CARTESIAN_POINT('Ctrl Pts',(9.96026494556134,3.71794733628171,-92.9772542811473));
#3200=CARTESIAN_POINT('Ctrl Pts',(9.88409918394039,3.5629842264764,-93.3055018758667));
#3201=CARTESIAN_POINT('Ctrl Pts',(9.62795186847968,3.08995234468618,-94.3419530957802));
#3202=CARTESIAN_POINT('Ctrl Pts',(9.0050571151668,2.11131837160863,-96.6216892786282));
#3203=CARTESIAN_POINT('Ctrl Pts',(7.84411519168095,1.91597996166449,-99.0464699942983));
#3204=CARTESIAN_POINT('Ctrl Pts',(5.67953195883354,-0.375345156308792,-98.6836875957796));
#3205=CARTESIAN_POINT('Ctrl Pts',(3.34301267073305,-1.02623043726859,-98.9920302299102));
#3206=CARTESIAN_POINT('Ctrl Pts',(1.20824771724156,-1.82972829748184,-99.0866049085749));
#3207=CARTESIAN_POINT('Ctrl Pts',(-1.05748931918807,-1.56654414185341,-98.9920302299103));
#3208=CARTESIAN_POINT('Ctrl Pts',(-3.48206739978112,-1.50024811072462,-98.6836875957796));
#3209=CARTESIAN_POINT('Ctrl Pts',(-6.13667497575686,0.199354779880006,-99.0464699942982));
#3210=CARTESIAN_POINT('Ctrl Pts',(-7.31038860098693,0.108033533415538,-96.6216892786281));
#3211=CARTESIAN_POINT('Ctrl Pts',(-8.15153370391132,0.906906015600649,-94.3419530957802));
#3212=CARTESIAN_POINT('Ctrl Pts',(-8.51450911892168,1.30391918478497,-93.3055018758667));
#3213=CARTESIAN_POINT('Ctrl Pts',(-8.62590140118316,1.43585306252836,-92.9772542811473));
#3214=CARTESIAN_POINT('Ctrl Pts',(-8.76756505565855,1.61043604730386,-92.5471854281282));
#3215=CARTESIAN_POINT('Ctrl Pts',(-8.81054881233087,1.66474407025576,-92.4142129002985));
#3216=CARTESIAN_POINT('Ctrl Pts',(-8.88590653980964,1.76082431481114,-92.1749868578454));
#3217=CARTESIAN_POINT('Ctrl Pts',(-8.91837526806406,1.80148818923986,-92.064552197848));
#3218=CARTESIAN_POINT('Ctrl Pts',(-8.94827277262579,1.83851567874863,-91.9598412009022));
#3219=CARTESIAN_POINT('Ctrl Pts',(10.1762776750567,4.16469329292925,-91.930797749669));
#3220=CARTESIAN_POINT('Ctrl Pts',(10.1567035337265,4.11911929100299,-92.0285274358831));
#3221=CARTESIAN_POINT('Ctrl Pts',(10.1386004398967,4.07058156665106,-92.1127681624704));
#3222=CARTESIAN_POINT('Ctrl Pts',(10.0914124006129,3.95843448017907,-92.3310867585943));
#3223=CARTESIAN_POINT('Ctrl Pts',(10.0634689862366,3.89494561604372,-92.4565914246957));
#3224=CARTESIAN_POINT('Ctrl Pts',(9.96913614210079,3.68802439950802,-92.8767528663564));
#3225=CARTESIAN_POINT('Ctrl Pts',(9.89323484231346,3.53052661416283,-93.1996987509713));
#3226=CARTESIAN_POINT('Ctrl Pts',(9.63741014998216,3.05015978689161,-94.2229922739334));
#3227=CARTESIAN_POINT('Ctrl Pts',(9.01327759344221,2.05793224740664,-96.4874027963257));
#3228=CARTESIAN_POINT('Ctrl Pts',(7.8533596530077,1.86103118402405,-98.8720133281404));
#3229=CARTESIAN_POINT('Ctrl Pts',(5.69054431947391,-0.458642142768231,-98.4376312950559));
#3230=CARTESIAN_POINT('Ctrl Pts',(3.35485553095197,-1.12485262592163,-98.7359051302609));
#3231=CARTESIAN_POINT('Ctrl Pts',(1.21996615969968,-1.92516735245704,-98.8380240294311));
#3232=CARTESIAN_POINT('Ctrl Pts',(-1.04512152901824,-1.66510187721292,-98.7359051302609));
#3233=CARTESIAN_POINT('Ctrl Pts',(-3.47260128138468,-1.58373495185902,-98.4376312950559));
#3234=CARTESIAN_POINT('Ctrl Pts',(-6.13235152462627,0.143801778163438,-98.8720133281403));
#3235=CARTESIAN_POINT('Ctrl Pts',(-7.30544962355984,0.0542444915727883,
-96.4874027963257));
#3236=CARTESIAN_POINT('Ctrl Pts',(-8.15108434301867,0.866007301444792,-94.2229922739334));
#3237=CARTESIAN_POINT('Ctrl Pts',(-8.51552120210025,1.27021558648082,-93.1996987509714));
#3238=CARTESIAN_POINT('Ctrl Pts',(-8.62727007168615,1.40467282817617,-92.8767528663564));
#3239=CARTESIAN_POINT('Ctrl Pts',(-8.76885960014265,1.58262641978595,-92.4565914246956));
#3240=CARTESIAN_POINT('Ctrl Pts',(-8.81133232205064,1.63746926954716,-92.3310867585942));
#3241=CARTESIAN_POINT('Ctrl Pts',(-8.8842495106444,1.73486928835205,-92.1127681624704));
#3242=CARTESIAN_POINT('Ctrl Pts',(-8.9135572035031,1.77758570007838,-92.0285274358831));
#3243=CARTESIAN_POINT('Ctrl Pts',(-8.94357525811743,1.81707054600138,-91.930797749669));
#3244=CARTESIAN_POINT('Ctrl Pts',(10.1768501397449,4.14130871217234,-91.9004406369107));
#3245=CARTESIAN_POINT('Ctrl Pts',(10.1595077146935,4.0925954432265,-91.9776870314631));
#3246=CARTESIAN_POINT('Ctrl Pts',(10.1422211027234,4.04432846556668,-92.0546886366811));
#3247=CARTESIAN_POINT('Ctrl Pts',(10.0984092961114,3.9329202887706,-92.24788603862));
#3248=CARTESIAN_POINT('Ctrl Pts',(10.0718841014695,3.86977908963434,-92.3640818353407));
#3249=CARTESIAN_POINT('Ctrl Pts',(9.97845064353634,3.65804416001087,-92.7714605127573));
#3250=CARTESIAN_POINT('Ctrl Pts',(9.90279812798962,3.49783339771156,-93.0889199235599));
#3251=CARTESIAN_POINT('Ctrl Pts',(9.64731186624963,3.00966921693317,-94.0982742808845));
#3252=CARTESIAN_POINT('Ctrl Pts',(9.02222448237024,2.00321327985457,-96.3448874952016));
#3253=CARTESIAN_POINT('Ctrl Pts',(7.86342730487642,1.80401446896198,-98.6885094616306));
#3254=CARTESIAN_POINT('Ctrl Pts',(5.70110854786736,-0.539889911106653,-98.1896124927342));
#3255=CARTESIAN_POINT('Ctrl Pts',(3.36573564430563,-1.2199944081875,-98.4782556542601));
#3256=CARTESIAN_POINT('Ctrl Pts',(1.23116706722118,-2.0163914236198,-98.5870832486471));
#3257=CARTESIAN_POINT('Ctrl Pts',(-1.0326615761902,-1.76004967958263,-98.4782556542601));
#3258=CARTESIAN_POINT('Ctrl Pts',(-3.46319609291657,-1.66512503240575,-98.1896124927342));
#3259=CARTESIAN_POINT('Ctrl Pts',(-6.12832653241945,0.0860431177880915,
-98.6885094616305));
#3260=CARTESIAN_POINT('Ctrl Pts',(-7.30089303529472,-0.0010135371184139,
-96.3448874952016));
#3261=CARTESIAN_POINT('Ctrl Pts',(-8.15089638055753,0.824324032490519,-94.0982742808845));
#3262=CARTESIAN_POINT('Ctrl Pts',(-8.51689121242384,1.236179930081,-93.0889199235599));
#3263=CARTESIAN_POINT('Ctrl Pts',(-8.62905501625177,1.3733297480755,-92.7714605127573));
#3264=CARTESIAN_POINT('Ctrl Pts',(-8.7709364167147,1.55617164613687,-92.3640818353407));
#3265=CARTESIAN_POINT('Ctrl Pts',(-8.81194893829982,1.61102025644182,-92.2478860386199));
#3266=CARTESIAN_POINT('Ctrl Pts',(-8.88141142433168,1.70852009895404,-92.0546886366811));
#3267=CARTESIAN_POINT('Ctrl Pts',(-8.90986138877842,1.75117133116131,-91.9776870314631));
#3268=CARTESIAN_POINT('Ctrl Pts',(-8.93847347605329,1.79424209548966,-91.9004406369106));
#3269=CARTESIAN_POINT('',(10.1768501397449,4.14130871217234,-91.9004406369106));
#3270=CARTESIAN_POINT('',(1.20962372283336,-1.84093496370822,-98.5508073838514));
#3271=CARTESIAN_POINT('Ctrl Pts',(10.1768501397449,4.14130871217234,-91.9004406369107));
#3272=CARTESIAN_POINT('Ctrl Pts',(10.1595077146935,4.0925954432265,-91.9776870314631));
#3273=CARTESIAN_POINT('Ctrl Pts',(10.1249344907533,3.99606148790686,-92.1316902418991));
#3274=CARTESIAN_POINT('Ctrl Pts',(10.0718841014695,3.86977908963434,-92.3640818353407));
#3275=CARTESIAN_POINT('Ctrl Pts',(9.97845064353634,3.65804416001087,-92.7714605127573));
#3276=CARTESIAN_POINT('Ctrl Pts',(9.75149309689618,3.17741187311294,-93.7238387451651));
#3277=CARTESIAN_POINT('Ctrl Pts',(9.02222448237024,2.00321327985457,-96.3448874952016));
#3278=CARTESIAN_POINT('Ctrl Pts',(7.86342730487642,1.80401446896198,-98.6885094616306));
#3279=CARTESIAN_POINT('Ctrl Pts',(5.70110854786736,-0.539889911106653,-98.1896124927342));
#3280=CARTESIAN_POINT('Ctrl Pts',(3.36573564430563,-1.2199944081875,-98.4782556542601));
#3281=CARTESIAN_POINT('Ctrl Pts',(1.94268992624933,-1.75092575180903,-98.5508073838514));
#3282=CARTESIAN_POINT('Ctrl Pts',(1.20962372283336,-1.84093496370822,-98.5508073838514));
#3283=CARTESIAN_POINT('',(9.95271588599285,5.82339951932091,-94.8209027754478));
#3284=CARTESIAN_POINT('Ctrl Pts',(9.95271588599285,5.82339951932091,-94.8209027754478));
#3285=CARTESIAN_POINT('Ctrl Pts',(9.96381705941836,5.78930321276002,-94.7256658813339));
#3286=CARTESIAN_POINT('Ctrl Pts',(9.98378084246208,5.7207700004058,-94.5475015764199));
#3287=CARTESIAN_POINT('Ctrl Pts',(10.0072067228484,5.60071544857314,-94.301067715305));
#3288=CARTESIAN_POINT('Ctrl Pts',(10.0449421164348,5.38199261621537,-93.8802147564816));
#3289=CARTESIAN_POINT('Ctrl Pts',(10.0877431431766,5.04243168249361,-93.3183169858538));
#3290=CARTESIAN_POINT('Ctrl Pts',(10.1442202143026,4.62678894506184,-92.6136384762902));
#3291=CARTESIAN_POINT('Ctrl Pts',(10.164230341137,4.38657964834138,-92.246245171243));
#3292=CARTESIAN_POINT('Ctrl Pts',(10.1714075989325,4.27347903724416,-92.0814771739685));
#3293=CARTESIAN_POINT('Ctrl Pts',(10.1750175372287,4.20858239746636,-91.9888846521353));
#3294=CARTESIAN_POINT('Ctrl Pts',(10.1762776750567,4.16469329292925,-91.930797749669));
#3295=CARTESIAN_POINT('Ctrl Pts',(10.1768501397449,4.14130871217234,-91.9004406369107));
#3296=CARTESIAN_POINT('',(0.407983244949259,4.68790279886702,-108.459830985565));
#3297=CARTESIAN_POINT('Ctrl Pts',(9.95271588599285,5.82339951932091,-94.8209027754478));
#3298=CARTESIAN_POINT('Ctrl Pts',(9.90983086532811,5.78781978307252,-95.1139344086844));
#3299=CARTESIAN_POINT('Ctrl Pts',(9.82176188113285,5.69442515628968,-95.6939547145484));
#3300=CARTESIAN_POINT('Ctrl Pts',(9.68365783442728,5.51750433208185,-96.4498759090978));
#3301=CARTESIAN_POINT('Ctrl Pts',(9.43897546748621,5.18947844770131,-97.7156833674361));
#3302=CARTESIAN_POINT('Ctrl Pts',(8.83046355413837,4.38159507914792,-100.538855464154));
#3303=CARTESIAN_POINT('Ctrl Pts',(7.63909980721403,4.16788406116447,-104.447067279507));
#3304=CARTESIAN_POINT('Ctrl Pts',(5.00184471814399,4.6597251589584,-107.744526389208));
#3305=CARTESIAN_POINT('Ctrl Pts',(2.38539363862442,5.04004584880483,-108.638560524849));
#3306=CARTESIAN_POINT('Ctrl Pts',(1.07152897193511,4.76937596959398,-108.459830985565));
#3307=CARTESIAN_POINT('Ctrl Pts',(0.407983244949261,4.68790279886702,-108.459830985565));
#3308=CARTESIAN_POINT('',(-9.12793156416175,3.48059060041058,-94.8209027754478));
#3309=CARTESIAN_POINT('Ctrl Pts',(0.407983244949261,4.68790279886702,-108.459830985565));
#3310=CARTESIAN_POINT('Ctrl Pts',(-0.25556248203659,4.60642962814007,-108.459830985565));
#3311=CARTESIAN_POINT('Ctrl Pts',(-1.59588072329069,4.5512068244431,-108.638560524849));
#3312=CARTESIAN_POINT('Ctrl Pts',(-4.04260412153532,3.5492064795696,-107.744526389208));
#3313=CARTESIAN_POINT('Ctrl Pts',(-6.48253433284748,2.43396541404557,-104.447067279508));
#3314=CARTESIAN_POINT('Ctrl Pts',(-7.6902108595094,2.35311132544835,-100.538855464154));
#3315=CARTESIAN_POINT('Ctrl Pts',(-8.47609204436274,2.98978474971307,-97.7156833674361));
#3316=CARTESIAN_POINT('Ctrl Pts',(-8.79286294305585,3.24887284140521,-96.4498759090978));
#3317=CARTESIAN_POINT('Ctrl Pts',(-8.96966573051909,3.38712796825431,-95.6939547145484));
#3318=CARTESIAN_POINT('Ctrl Pts',(-9.07771289465135,3.45644255987877,-95.1139344086843));
#3319=CARTESIAN_POINT('Ctrl Pts',(-9.12793156416175,3.48059060041058,-94.8209027754478));
#3320=CARTESIAN_POINT('',(-8.93847347605329,1.79424209548966,-91.9004406369106));
#3321=CARTESIAN_POINT('Ctrl Pts',(-8.93847347605329,1.79424209548966,-91.9004406369106));
#3322=CARTESIAN_POINT('Ctrl Pts',(-8.94357525811743,1.81707054600138,-91.930797749669));
#3323=CARTESIAN_POINT('Ctrl Pts',(-8.95297028713415,1.85996081149588,-91.9888846521354));
#3324=CARTESIAN_POINT('Ctrl Pts',(-8.96516749754629,1.92380306683758,-92.0814771739685));
#3325=CARTESIAN_POINT('Ctrl Pts',(-8.98556494921107,2.03528044223551,-92.246245171243));
#3326=CARTESIAN_POINT('Ctrl Pts',(-9.02426109706467,2.2731953840701,-92.6136384762901));
#3327=CARTESIAN_POINT('Ctrl Pts',(-9.07001471525029,2.69015479596252,-93.3183169858537));
#3328=CARTESIAN_POINT('Ctrl Pts',(-9.11063228668007,3.02998382428601,-93.8802147564816));
#3329=CARTESIAN_POINT('Ctrl Pts',(-9.12693163776874,3.25133867170937,-94.301067715305));
#3330=CARTESIAN_POINT('Ctrl Pts',(-9.13324543090036,3.37349432366173,-94.54750157642));
#3331=CARTESIAN_POINT('Ctrl Pts',(-9.13045434217702,3.44482148295428,-94.7256658813339));
#3332=CARTESIAN_POINT('Ctrl Pts',(-9.12793156416175,3.48059060041058,-94.8209027754478));
#3333=CARTESIAN_POINT('Ctrl Pts',(1.20962372283336,-1.84093496370822,-98.5508073838514));
#3334=CARTESIAN_POINT('Ctrl Pts',(0.476557519417385,-1.93094417560741,-98.5508073838515));
#3335=CARTESIAN_POINT('Ctrl Pts',(-1.0326615761902,-1.76004967958263,-98.4782556542601));
#3336=CARTESIAN_POINT('Ctrl Pts',(-3.46319609291657,-1.66512503240575,-98.1896124927342));
#3337=CARTESIAN_POINT('Ctrl Pts',(-6.12832653241945,0.0860431177880915,
-98.6885094616305));
#3338=CARTESIAN_POINT('Ctrl Pts',(-7.30089303529472,-0.0010135371184139,
-96.3448874952016));
#3339=CARTESIAN_POINT('Ctrl Pts',(-8.292563604768,0.961880294092009,-93.723838745165));
#3340=CARTESIAN_POINT('Ctrl Pts',(-8.62905501625177,1.3733297480755,-92.7714605127573));
#3341=CARTESIAN_POINT('Ctrl Pts',(-8.7709364167147,1.55617164613687,-92.3640818353407));
#3342=CARTESIAN_POINT('Ctrl Pts',(-8.85296145988494,1.66586886674677,-92.1316902418991));
#3343=CARTESIAN_POINT('Ctrl Pts',(-8.90986138877842,1.75117133116131,-91.9776870314631));
#3344=CARTESIAN_POINT('Ctrl Pts',(-8.93847347605329,1.79424209548966,-91.9004406369106));
#3345=CARTESIAN_POINT('Ctrl Pts',(10.1768501397449,4.14130871217234,-91.9004406369107));
#3346=CARTESIAN_POINT('Ctrl Pts',(10.1953374941727,4.14325281960435,-91.7624800168415));
#3347=CARTESIAN_POINT('Ctrl Pts',(10.2129664931827,4.14442505760315,-91.6297078894221));
#3348=CARTESIAN_POINT('Ctrl Pts',(10.2515267201221,4.14800363757082,-91.3286008299554));
#3349=CARTESIAN_POINT('Ctrl Pts',(10.2724579480516,4.15040997953968,-91.1602658979081));
#3350=CARTESIAN_POINT('Ctrl Pts',(10.3402049752194,4.15948016140141,-90.6019168948247));
#3351=CARTESIAN_POINT('Ctrl Pts',(10.3856567366444,4.16148771995366,-90.1950892472186));
#3352=CARTESIAN_POINT('Ctrl Pts',(10.4675385455844,4.15859888770065,-89.3653076112672));
#3353=CARTESIAN_POINT('Ctrl Pts',(10.5039685930994,4.15370249689537,-88.9423536229217));
#3354=CARTESIAN_POINT('Ctrl Pts',(10.5511638350572,4.16381500382977,-88.2918817460017));
#3355=CARTESIAN_POINT('Ctrl Pts',(10.5658327051928,4.1754301657193,-88.0625007621268));
#3356=CARTESIAN_POINT('Ctrl Pts',(10.5930446910967,4.21514914198782,-87.5786247445736));
#3357=CARTESIAN_POINT('Ctrl Pts',(10.6055878068649,4.24325295636681,-87.3241297108952));
#3358=CARTESIAN_POINT('Ctrl Pts',(10.611088851359,4.26028550830515,-87.1144329471541));
#3359=CARTESIAN_POINT('Ctrl Pts',(10.1762776750567,4.16469329292925,-91.930797749669));
#3360=CARTESIAN_POINT('Ctrl Pts',(10.1968191226475,4.17581131832925,-91.7875974367534));
#3361=CARTESIAN_POINT('Ctrl Pts',(10.2155723471814,4.17977785547427,-91.6503310791372));
#3362=CARTESIAN_POINT('Ctrl Pts',(10.256951430378,4.19190175616986,-91.3371580802912));
#3363=CARTESIAN_POINT('Ctrl Pts',(10.2785216719578,4.19707535592907,-91.1658768851765));
#3364=CARTESIAN_POINT('Ctrl Pts',(10.3461596695809,4.21339206683682,-90.6159493942086));
#3365=CARTESIAN_POINT('Ctrl Pts',(10.3911470940832,4.21901295336955,-90.2164782700688));
#3366=CARTESIAN_POINT('Ctrl Pts',(10.4720723721779,4.22326079743919,-89.4028869395791));
#3367=CARTESIAN_POINT('Ctrl Pts',(10.5080102257703,4.2218877549761,-88.9887667332293));
#3368=CARTESIAN_POINT('Ctrl Pts',(10.5543312658494,4.23883669981868,-88.3566246587012));
#3369=CARTESIAN_POINT('Ctrl Pts',(10.5683993024911,4.25395813980719,-88.1372122932069));
#3370=CARTESIAN_POINT('Ctrl Pts',(10.5932115051836,4.2977013683566,-87.699562973722));
#3371=CARTESIAN_POINT('Ctrl Pts',(10.6043444297638,4.32622064624365,-87.4712116110969));
#3372=CARTESIAN_POINT('Ctrl Pts',(10.609502836938,4.347267692071,-87.2865284064765));
#3373=CARTESIAN_POINT('Ctrl Pts',(10.1756476061427,4.18663784519781,-91.9598412009022));
#3374=CARTESIAN_POINT('Ctrl Pts',(10.1967909765765,4.20191422927277,-91.8171087660251));
#3375=CARTESIAN_POINT('Ctrl Pts',(10.2178185497714,4.21537253844841,-91.6710332575994));
#3376=CARTESIAN_POINT('Ctrl Pts',(10.2610674441892,4.23525594376049,-91.351418480368));
#3377=CARTESIAN_POINT('Ctrl Pts',(10.283569237319,4.24375906048282,-91.1781755129351));
#3378=CARTESIAN_POINT('Ctrl Pts',(10.3508089218354,4.26530364083006,-90.6356482834381));
#3379=CARTESIAN_POINT('Ctrl Pts',(10.395281118349,4.27438033463521,-90.2435656941759));
#3380=CARTESIAN_POINT('Ctrl Pts',(10.4751337546812,4.28535590804639,-89.4464481879898));
#3381=CARTESIAN_POINT('Ctrl Pts',(10.5105141944998,4.28725478765242,-89.0414132710659));
#3382=CARTESIAN_POINT('Ctrl Pts',(10.5554647411062,4.31309512651185,-88.4300670026356));
#3383=CARTESIAN_POINT('Ctrl Pts',(10.5690949044547,4.32554057604005,-88.2256525976514));
#3384=CARTESIAN_POINT('Ctrl Pts',(10.5918009693983,4.37084821896418,-87.8287893016844));
#3385=CARTESIAN_POINT('Ctrl Pts',(10.600552831203,4.3985809349344,-87.6449713094658));
#3386=CARTESIAN_POINT('Ctrl Pts',(10.6057335367193,4.44141022583401,-87.4786463739775));
#3387=CARTESIAN_POINT('Ctrl Pts',(10.1732125680806,4.24103071735526,-92.0351809130519));
#3388=CARTESIAN_POINT('Ctrl Pts',(10.1971089140593,4.27069023472166,-91.8870931751569));
#3389=CARTESIAN_POINT('Ctrl Pts',(10.2202451630552,4.29231029052666,-91.7326935259781));
#3390=CARTESIAN_POINT('Ctrl Pts',(10.2664760858405,4.32390033388921,-91.4016932725532));
#3391=CARTESIAN_POINT('Ctrl Pts',(10.2895293370038,4.33584691967595,-91.227406780224));
#3392=CARTESIAN_POINT('Ctrl Pts',(10.3573408615177,4.36742520264965,-90.6898629245531));
#3393=CARTESIAN_POINT('Ctrl Pts',(10.4007509058924,4.38279542545006,-90.3119211825278));
#3394=CARTESIAN_POINT('Ctrl Pts',(10.4782671388751,4.40628849655398,-89.54806000647));
#3395=CARTESIAN_POINT('Ctrl Pts',(10.5123733274831,4.41441134485749,-89.1621405724373));
#3396=CARTESIAN_POINT('Ctrl Pts',(10.5541842597974,4.45073962816668,-88.6020086199405));
#3397=CARTESIAN_POINT('Ctrl Pts',(10.5665631788026,4.4668730577454,-88.4184225022002));
#3398=CARTESIAN_POINT('Ctrl Pts',(10.5860383780725,4.51929235674839,-88.0840763696546));
#3399=CARTESIAN_POINT('Ctrl Pts',(10.5929931158223,4.55507548193196,-87.9376877921701));
#3400=CARTESIAN_POINT('Ctrl Pts',(10.5961277814659,4.61481379261384,-87.8395898197366));
#3401=CARTESIAN_POINT('Ctrl Pts',(10.1714075989325,4.27347903724416,-92.0814771739685));
#3402=CARTESIAN_POINT('Ctrl Pts',(10.1961633767348,4.30916145166845,-91.9326976076275));
#3403=CARTESIAN_POINT('Ctrl Pts',(10.2203401124352,4.33293556835112,-91.7727333115113));
#3404=CARTESIAN_POINT('Ctrl Pts',(10.2677815070317,4.36872895284223,-91.4362284981311));
#3405=CARTESIAN_POINT('Ctrl Pts',(10.2909676584954,4.38084486214513,-91.2605567519139));
#3406=CARTESIAN_POINT('Ctrl Pts',(10.3592235489455,4.417635190476,-90.7243786764385));
#3407=CARTESIAN_POINT('Ctrl Pts',(10.40208666917,4.43584313499925,-90.3531892467726));
#3408=CARTESIAN_POINT('Ctrl Pts',(10.4783391405658,4.46512597445437,-89.6061105765395));
#3409=CARTESIAN_POINT('Ctrl Pts',(10.5117284917369,4.47620086938624,-89.2302213359721));
#3410=CARTESIAN_POINT('Ctrl Pts',(10.5517059493024,4.51999142573846,-88.7037202491528));
#3411=CARTESIAN_POINT('Ctrl Pts',(10.5633009449723,4.53908846239858,-88.5318302849779));
#3412=CARTESIAN_POINT('Ctrl Pts',(10.5812882011347,4.59671046628989,-88.2274185689412));
#3413=CARTESIAN_POINT('Ctrl Pts',(10.5879775435133,4.63253676339284,-88.0902215425974));
#3414=CARTESIAN_POINT('Ctrl Pts',(10.5902913264312,4.69407482563068,-88.0084152979948));
#3415=CARTESIAN_POINT('Ctrl Pts',(10.164230341137,4.38657964834138,-92.246245171243));
#3416=CARTESIAN_POINT('Ctrl Pts',(10.1915887317086,4.4268058281154,-92.0816846139786));
#3417=CARTESIAN_POINT('Ctrl Pts',(10.2178005755321,4.45651766384294,-91.9108031463701));
#3418=CARTESIAN_POINT('Ctrl Pts',(10.2679713837231,4.50379504522718,-91.5629027459998));
#3419=CARTESIAN_POINT('Ctrl Pts',(10.2919303480906,4.52136059088388,-91.3858838132381));
#3420=CARTESIAN_POINT('Ctrl Pts',(10.3604882430694,4.56916138978087,-90.8553773505263));
#3421=CARTESIAN_POINT('Ctrl Pts',(10.4017681755573,4.59450080494807,-90.5024401561494));
#3422=CARTESIAN_POINT('Ctrl Pts',(10.4740043354706,4.63956590742914,-89.8057844914283));
#3423=CARTESIAN_POINT('Ctrl Pts',(10.504960562896,4.65929159474301,-89.4620660210841));
#3424=CARTESIAN_POINT('Ctrl Pts',(10.5397289962069,4.72022062462035,-89.0161112729098));
#3425=CARTESIAN_POINT('Ctrl Pts',(10.549374156006,4.74575371773055,-88.8790635164087));
#3426=CARTESIAN_POINT('Ctrl Pts',(10.5636100045867,4.8135381539197,-88.6451390870876));
#3427=CARTESIAN_POINT('Ctrl Pts',(10.5682006933683,4.85578949699865,-88.5482624142676));
#3428=CARTESIAN_POINT('Ctrl Pts',(10.5696812291036,4.90953567356192,-88.4799529989051));
#3429=CARTESIAN_POINT('Ctrl Pts',(10.1442202143026,4.62678894506184,-92.6136384762902));
#3430=CARTESIAN_POINT('Ctrl Pts',(10.1736912072529,4.67226989050506,-92.4359241358484));
#3431=CARTESIAN_POINT('Ctrl Pts',(10.201423961554,4.71050690290029,-92.2587447291246));
#3432=CARTESIAN_POINT('Ctrl Pts',(10.2534455895777,4.77624817210052,-91.9085255262771));
#3433=CARTESIAN_POINT('Ctrl Pts',(10.2777344633003,4.80375242890553,-91.7354857301533));
#3434=CARTESIAN_POINT('Ctrl Pts',(10.34548415868,4.87579873169395,-91.2271803724278));
#3435=CARTESIAN_POINT('Ctrl Pts',(10.3838280545492,4.90987431005075,-90.902728841472));
#3436=CARTESIAN_POINT('Ctrl Pts',(10.4471314846116,4.98015577047309,-90.3072211399273));
#3437=CARTESIAN_POINT('Ctrl Pts',(10.4720910188048,5.01636165253865,-90.0361649693384));
#3438=CARTESIAN_POINT('Ctrl Pts',(10.4981637474144,5.09092846044659,-89.7012586357884));
#3439=CARTESIAN_POINT('Ctrl Pts',(10.5049602281709,5.11916039388417,-89.6015695116606));
#3440=CARTESIAN_POINT('Ctrl Pts',(10.5145429485533,5.18548696520054,-89.4313558045258));
#3441=CARTESIAN_POINT('Ctrl Pts',(10.5173291881792,5.22358160307932,-89.3608312215188));
#3442=CARTESIAN_POINT('Ctrl Pts',(10.5179996154544,5.26816261459772,-89.3075248592436));
#3443=CARTESIAN_POINT('Ctrl Pts',(10.0877431431766,5.04243168249361,-93.3183169858537));
#3444=CARTESIAN_POINT('Ctrl Pts',(10.1152138047988,5.09011189960819,-93.1506393280095));
#3445=CARTESIAN_POINT('Ctrl Pts',(10.1405139395181,5.1325479531909,-92.9881084976875));
#3446=CARTESIAN_POINT('Ctrl Pts',(10.1870705442556,5.20909642489643,-92.6740201681233));
#3447=CARTESIAN_POINT('Ctrl Pts',(10.2083270142737,5.24320884301924,-92.5224626688811));
#3448=CARTESIAN_POINT('Ctrl Pts',(10.2664770109332,5.33630768160359,-92.0852696818264));
#3449=CARTESIAN_POINT('Ctrl Pts',(10.2977511241797,5.38605568628101,-91.817113704686));
#3450=CARTESIAN_POINT('Ctrl Pts',(10.3476933611228,5.47823345304225,-91.3328511871442));
#3451=CARTESIAN_POINT('Ctrl Pts',(10.3663614848195,5.52066321512607,-91.1167446467428));
#3452=CARTESIAN_POINT('Ctrl Pts',(10.3855385122039,5.59434645286084,-90.8477865731981));
#3453=CARTESIAN_POINT('Ctrl Pts',(10.3904599949719,5.62058063120727,-90.767334171526));
#3454=CARTESIAN_POINT('Ctrl Pts',(10.3974661301214,5.67898306552886,-90.6275240571183));
#3455=CARTESIAN_POINT('Ctrl Pts',(10.3995507825029,5.71115132150402,-90.5681663443827));
#3456=CARTESIAN_POINT('Ctrl Pts',(10.4002694641912,5.74758055600639,-90.5207030310737));
#3457=CARTESIAN_POINT('Ctrl Pts',(10.0449421164348,5.38199261621537,-93.8802147564816));
#3458=CARTESIAN_POINT('Ctrl Pts',(10.0701430476035,5.43050600080541,-93.7251556953386));
#3459=CARTESIAN_POINT('Ctrl Pts',(10.0928447330053,5.47549381299387,-93.5791196227293));
#3460=CARTESIAN_POINT('Ctrl Pts',(10.1338401310621,5.55915338206196,-93.302885467219));
#3461=CARTESIAN_POINT('Ctrl Pts',(10.1521338437171,5.59782513894158,-93.172687384318));
#3462=CARTESIAN_POINT('Ctrl Pts',(10.2012888007424,5.70546896085867,-92.8025381391387));
#3463=CARTESIAN_POINT('Ctrl Pts',(10.2264238641731,5.76606957717434,-92.5830319803841));
#3464=CARTESIAN_POINT('Ctrl Pts',(10.2661483254918,5.87082766250209,-92.1808757733983));
#3465=CARTESIAN_POINT('Ctrl Pts',(10.2807377233799,5.91498513151418,-91.9982257251671));
#3466=CARTESIAN_POINT('Ctrl Pts',(10.2958557872102,5.98435176737719,-91.7659458140832));
#3467=CARTESIAN_POINT('Ctrl Pts',(10.2997674696534,6.00799571805567,-91.695468370599));
#3468=CARTESIAN_POINT('Ctrl Pts',(10.3055260262318,6.05890422899802,-91.5707540504468));
#3469=CARTESIAN_POINT('Ctrl Pts',(10.3073729003669,6.08616878926189,-91.5165171737787));
#3470=CARTESIAN_POINT('Ctrl Pts',(10.3082826383611,6.116532220387,-91.4715716703829));
#3471=CARTESIAN_POINT('Ctrl Pts',(10.0072067228484,5.60071544857314,-94.301067715305));
#3472=CARTESIAN_POINT('Ctrl Pts',(10.0295606679943,5.64652475313477,-94.1628589292913));
#3473=CARTESIAN_POINT('Ctrl Pts',(10.0494903665653,5.69091511435341,-94.0354051317622));
#3474=CARTESIAN_POINT('Ctrl Pts',(10.0851589808339,5.77616026892368,-93.7976069606371));
#3475=CARTESIAN_POINT('Ctrl Pts',(10.1008978965315,5.81701506227531,-93.6872625870412));
#3476=CARTESIAN_POINT('Ctrl Pts',(10.1428150347287,5.93322956875811,-93.3752927725991));
#3477=CARTESIAN_POINT('Ctrl Pts',(10.1637234659381,6.00175761415066,-93.1924951351759));
#3478=CARTESIAN_POINT('Ctrl Pts',(10.1979664280149,6.11779720653046,-92.8401001288104));
#3479=CARTESIAN_POINT('Ctrl Pts',(10.210135181196,6.16653185229215,-92.6792747646357));
#3480=CARTESIAN_POINT('Ctrl Pts',(10.2226926085759,6.23887749854609,-92.4708808778772));
#3481=CARTESIAN_POINT('Ctrl Pts',(10.2259291339706,6.26286666023264,-92.4068902755417));
#3482=CARTESIAN_POINT('Ctrl Pts',(10.2307925155285,6.31278811001848,-92.2914881158705));
#3483=CARTESIAN_POINT('Ctrl Pts',(10.2324193716916,6.33872039811777,-92.2400765585349));
#3484=CARTESIAN_POINT('Ctrl Pts',(10.2333858423553,6.36672186636125,-92.1957700196151));
#3485=CARTESIAN_POINT('Ctrl Pts',(9.99549378265523,5.66074272448947,-94.4242846458625));
#3486=CARTESIAN_POINT('Ctrl Pts',(10.0160091475115,5.70914626592389,-94.3007172461374));
#3487=CARTESIAN_POINT('Ctrl Pts',(10.0344265017674,5.75464118771874,-94.1847358233157));
#3488=CARTESIAN_POINT('Ctrl Pts',(10.0675739626408,5.84120954823274,-93.9660132497336));
#3489=CARTESIAN_POINT('Ctrl Pts',(10.0823040692582,5.88228298695189,-93.8632720989732));
#3490=CARTESIAN_POINT('Ctrl Pts',(10.1217266779957,6.00096471280095,-93.5720115321653));
#3491=CARTESIAN_POINT('Ctrl Pts',(10.1424549520078,6.07087679750271,-93.3927149233421));
#3492=CARTESIAN_POINT('Ctrl Pts',(10.1744572012924,6.19180000277068,-93.0607852316456));
#3493=CARTESIAN_POINT('Ctrl Pts',(10.185731176565,6.24281112333688,-92.9081521487724));
#3494=CARTESIAN_POINT('Ctrl Pts',(10.1973699339532,6.31733873736707,-92.708213004465));
#3495=CARTESIAN_POINT('Ctrl Pts',(10.2003708188291,6.3418497642406,-92.6464017030296));
#3496=CARTESIAN_POINT('Ctrl Pts',(10.204918273163,6.39223990509506,-92.5339513994163));
#3497=CARTESIAN_POINT('Ctrl Pts',(10.206464842621,6.41811901907598,-92.4833123972384));
#3498=CARTESIAN_POINT('Ctrl Pts',(10.2074357975811,6.4456977313008,-92.4390106143176));
#3499=CARTESIAN_POINT('Ctrl Pts',(9.97379895094022,5.75503660658291,-94.6365837288769));
#3500=CARTESIAN_POINT('Ctrl Pts',(9.98921182633907,5.80623851014748,-94.5504038107958));
#3501=CARTESIAN_POINT('Ctrl Pts',(10.0036346431202,5.85425937160169,-94.4649306866537));
#3502=CARTESIAN_POINT('Ctrl Pts',(10.0303061832103,5.94562586013408,-94.2974176170175));
#3503=CARTESIAN_POINT('Ctrl Pts',(10.0425549065193,5.98897148721227,-94.2153776715233));
#3504=CARTESIAN_POINT('Ctrl Pts',(10.0757489718831,6.11452579164982,-93.977436989167));
#3505=CARTESIAN_POINT('Ctrl Pts',(10.0944212462249,6.19088738851171,-93.8195425707452));
#3506=CARTESIAN_POINT('Ctrl Pts',(10.1228684243493,6.32448167166937,-93.5242027113012));
#3507=CARTESIAN_POINT('Ctrl Pts',(10.1326433281319,6.38171435796515,-93.386757270279));
#3508=CARTESIAN_POINT('Ctrl Pts',(10.142669879558,6.46317681850549,-93.2025445380158));
#3509=CARTESIAN_POINT('Ctrl Pts',(10.1452394293254,6.48959987720172,-93.1447995321398));
#3510=CARTESIAN_POINT('Ctrl Pts',(10.1491727980562,6.54264382396327,-93.0377311128479));
#3511=CARTESIAN_POINT('Ctrl Pts',(10.1505366170196,6.5692647120286,-92.988407699432));
#3512=CARTESIAN_POINT('Ctrl Pts',(10.1514673392202,6.59681452428026,-92.9438466402646));
#3513=CARTESIAN_POINT('Ctrl Pts',(9.96381705941836,5.78930321276002,-94.7256658813339));
#3514=CARTESIAN_POINT('Ctrl Pts',(9.97767108299089,5.84137616232307,-94.6501932939882));
#3515=CARTESIAN_POINT('Ctrl Pts',(9.9897988620999,5.89091510723557,-94.5827725999735));
#3516=CARTESIAN_POINT('Ctrl Pts',(10.0120129083181,5.98559669874755,-94.4516156828023));
#3517=CARTESIAN_POINT('Ctrl Pts',(10.0220991754273,6.03073934534702,-94.3878794596457));
#3518=CARTESIAN_POINT('Ctrl Pts',(10.0514121741461,6.16058040415797,-94.1835685227571));
#3519=CARTESIAN_POINT('Ctrl Pts',(10.0671269049067,6.23802706476049,-94.0480628188656));
#3520=CARTESIAN_POINT('Ctrl Pts',(10.0946124909735,6.38190996719179,-93.7675725510827));
#3521=CARTESIAN_POINT('Ctrl Pts',(10.1038712927522,6.44371303298065,-93.6368037391294));
#3522=CARTESIAN_POINT('Ctrl Pts',(10.1132704518911,6.53039733868093,-93.459623627849));
#3523=CARTESIAN_POINT('Ctrl Pts',(10.1156553310159,6.55828872508385,-93.4037257751972));
#3524=CARTESIAN_POINT('Ctrl Pts',(10.1193015653148,6.6135959477549,-93.2990475427337));
#3525=CARTESIAN_POINT('Ctrl Pts',(10.1205629204888,6.64101178402301,-93.2502671629221));
#3526=CARTESIAN_POINT('Ctrl Pts',(10.1214489256335,6.66895545232016,-93.2054420715091));
#3527=CARTESIAN_POINT('Ctrl Pts',(9.95271588599285,5.82339951932091,-94.8209027754478));
#3528=CARTESIAN_POINT('Ctrl Pts',(9.96305722289972,5.875285694006,-94.7696238529434));
#3529=CARTESIAN_POINT('Ctrl Pts',(9.97269011287005,5.92424968766895,-94.7193043920046));
#3530=CARTESIAN_POINT('Ctrl Pts',(9.99082743331245,6.01807383263067,-94.6170828396563));
#3531=CARTESIAN_POINT('Ctrl Pts',(9.99933186378451,6.06293398392943,-94.5651807482467));
#3532=CARTESIAN_POINT('Ctrl Pts',(10.0235851175154,6.19396945379953,-94.4018481979084));
#3533=CARTESIAN_POINT('Ctrl Pts',(10.038073903089,6.27659978834468,-94.2827914628701));
#3534=CARTESIAN_POINT('Ctrl Pts',(10.0636913737422,6.43240716669852,-94.0243412565013));
#3535=CARTESIAN_POINT('Ctrl Pts',(10.0722508481437,6.49966225764795,-93.9019871449073));
#3536=CARTESIAN_POINT('Ctrl Pts',(10.0808916689956,6.59292318922944,-93.7330531314032));
#3537=CARTESIAN_POINT('Ctrl Pts',(10.0830722108212,6.62273988228282,-93.6791746525496));
#3538=CARTESIAN_POINT('Ctrl Pts',(10.0863964143284,6.68122456552513,-93.5769985238882));
#3539=CARTESIAN_POINT('Ctrl Pts',(10.0875400760101,6.70989255571405,-93.5287008740804));
#3540=CARTESIAN_POINT('Ctrl Pts',(10.0883465893396,6.73868212717895,-93.4835511943374));
#3541=CARTESIAN_POINT('Ctrl Pts',(10.1768501397449,4.14130871217234,-91.9004406369107));
#3542=CARTESIAN_POINT('Ctrl Pts',(10.1953374941727,4.14325281960435,-91.7624800168415));
#3543=CARTESIAN_POINT('Ctrl Pts',(10.2305954921927,4.14559729560195,-91.4969357620027));
#3544=CARTESIAN_POINT('Ctrl Pts',(10.2724579480516,4.15040997953969,-91.1602658979081));
#3545=CARTESIAN_POINT('Ctrl Pts',(10.3402049752194,4.15948016140141,-90.6019168948247));
#3546=CARTESIAN_POINT('Ctrl Pts',(10.4311084980694,4.16349527850592,-89.7882615996126));
#3547=CARTESIAN_POINT('Ctrl Pts',(10.5039685930994,4.15370249689538,-88.9423536229218));
#3548=CARTESIAN_POINT('Ctrl Pts',(10.5511638350572,4.16381500382977,-88.2918817460017));
#3549=CARTESIAN_POINT('Ctrl Pts',(10.5805015753284,4.18704532760883,-87.8331197782519));
#3550=CARTESIAN_POINT('Ctrl Pts',(10.6055878068649,4.24325295636681,-87.3241297108952));
#3551=CARTESIAN_POINT('Ctrl Pts',(10.611088851359,4.26028550830515,-87.1144329471541));
#3552=CARTESIAN_POINT('',(10.0883465893396,6.73868212717895,-93.4835511943373));
#3553=CARTESIAN_POINT('Ctrl Pts',(10.0883465893396,6.73868212717895,-93.4835511943374));
#3554=CARTESIAN_POINT('Ctrl Pts',(10.1545512619274,6.59922877746137,-92.9273329486808));
#3555=CARTESIAN_POINT('Ctrl Pts',(10.2622892254454,6.30100805257733,-91.947005990038));
#3556=CARTESIAN_POINT('Ctrl Pts',(10.4002694641912,5.74758055600639,-90.5207030310737));
#3557=CARTESIAN_POINT('Ctrl Pts',(10.5179996154544,5.26816261459772,-89.3075248592436));
#3558=CARTESIAN_POINT('Ctrl Pts',(10.5696812291036,4.90953567356192,-88.4799529989051));
#3559=CARTESIAN_POINT('Ctrl Pts',(10.5902913264312,4.69407482563068,-88.0084152979948));
#3560=CARTESIAN_POINT('Ctrl Pts',(10.6019642365006,4.535552759597,-87.6707643414784));
#3561=CARTESIAN_POINT('Ctrl Pts',(10.609502836938,4.347267692071,-87.2865284064765));
#3562=CARTESIAN_POINT('Ctrl Pts',(10.611088851359,4.26028550830515,-87.1144329471541));
#3563=CARTESIAN_POINT('Ctrl Pts',(10.0883465893396,6.73868212717896,-93.4835511943374));
#3564=CARTESIAN_POINT('Ctrl Pts',(10.0851205360216,6.62352384131934,-93.6641499133097));
#3565=CARTESIAN_POINT('Ctrl Pts',(10.0765001090688,6.51031085587544,-93.895116153317));
#3566=CARTESIAN_POINT('Ctrl Pts',(10.038073903089,6.27659978834468,-94.28279146287));
#3567=CARTESIAN_POINT('Ctrl Pts',(10.0090963319418,6.11133911925438,-94.5209049329468));
#3568=CARTESIAN_POINT('Ctrl Pts',(9.97339855980658,5.92717186869109,-94.718344930439));
#3569=CARTESIAN_POINT('Ctrl Pts',(9.95271588599285,5.82339951932091,-94.8209027754478));
#3570=CARTESIAN_POINT('Ctrl Pts',(-9.12793156416175,3.48059060041058,-94.8209027754478));
#3571=CARTESIAN_POINT('Ctrl Pts',(-9.1505181209017,3.52843373813279,-94.7696238529434));
#3572=CARTESIAN_POINT('Ctrl Pts',(-9.17171033503468,3.57361288492363,-94.7193043920046));
#3573=CARTESIAN_POINT('Ctrl Pts',(-9.21200701454818,3.66026223685895,-94.6170828396563));
#3574=CARTESIAN_POINT('Ctrl Pts',(-9.23111147992871,3.70173244200344,-94.5651807482467));
#3575=CARTESIAN_POINT('Ctrl Pts',(-9.28634465763387,3.82300820529192,-94.4018481979083));
#3576=CARTESIAN_POINT('Ctrl Pts',(-9.32039315152206,3.89967891129094,-94.28279146287));
#3577=CARTESIAN_POINT('Ctrl Pts',(-9.38294289013461,4.04466071756905,-94.0243412565012));
#3578=CARTESIAN_POINT('Ctrl Pts',(-9.40751859065677,4.10784732061504,-93.9019871449073));
#3579=CARTESIAN_POINT('Ctrl Pts',(-9.43846460355447,4.19624760019705,-93.7330531314031));
#3580=CARTESIAN_POINT('Ctrl Pts',(-9.44779368487277,4.22465108922655,-93.6791746525495));
#3581=CARTESIAN_POINT('Ctrl Pts',(-9.46516787076265,4.28059432981534,-93.5769985238882));
#3582=CARTESIAN_POINT('Ctrl Pts',(-9.47321297533422,4.30813408137461,-93.5287008740804));
#3583=CARTESIAN_POINT('Ctrl Pts',(-9.4809603594733,4.33587336629483,-93.4835511943373));
#3584=CARTESIAN_POINT('Ctrl Pts',(-9.13045434217702,3.44482148295428,-94.7256658813339));
#3585=CARTESIAN_POINT('Ctrl Pts',(-9.15649442870893,3.49199605172553,-94.6501932939882));
#3586=CARTESIAN_POINT('Ctrl Pts',(-9.18024651640686,3.53712950294689,-94.5827725999735));
#3587=CARTESIAN_POINT('Ctrl Pts',(-9.22470626061266,3.62362458237792,-94.4516156828023));
#3588=CARTESIAN_POINT('Ctrl Pts',(-9.24541391712053,3.66498621058759,-94.3878794596457));
#3589=CARTESIAN_POINT('Ctrl Pts',(-9.30526758957586,3.78387897883125,-94.1835685227571));
#3590=CARTESIAN_POINT('Ctrl Pts',(-9.3392515686133,3.85522340517378,-94.0480628188656));
#3591=CARTESIAN_POINT('Ctrl Pts',(-9.40072913980869,3.98818300540411,-93.7675725510827));
#3592=CARTESIAN_POINT('Ctrl Pts',(-9.42466443043446,4.04591034913252,-93.6368037391294));
#3593=CARTESIAN_POINT('Ctrl Pts',(-9.45475522593134,4.12774589809276,-93.459623627849));
#3594=CARTESIAN_POINT('Ctrl Pts',(-9.46381680102334,4.15423183664078,-93.4037257751972));
#3595=CARTESIAN_POINT('Ctrl Pts',(-9.48073475472942,4.20701409451731,-93.2990475427337));
#3596=CARTESIAN_POINT('Ctrl Pts',(-9.48859113334351,4.23331041384583,-93.2502671629221));
#3597=CARTESIAN_POINT('Ctrl Pts',(-9.49621100555331,4.26020969172691,-93.2054420715091));
#3598=CARTESIAN_POINT('Ctrl Pts',(-9.13184988653869,3.409157903308,-94.636583728877));
#3599=CARTESIAN_POINT('Ctrl Pts',(-9.15919179523647,3.45511017948077,-94.5504038107958));
#3600=CARTESIAN_POINT('Ctrl Pts',(-9.1848034905514,3.4982154209463,-94.4649306866537));
#3601=CARTESIAN_POINT('Ctrl Pts',(-9.23278632601409,3.58041550475696,-94.2974176170174));
#3602=CARTESIAN_POINT('Ctrl Pts',(-9.25515746616186,3.61951034710208,-94.2153776715232));
#3603=CARTESIAN_POINT('Ctrl Pts',(-9.31773986125226,3.73330478089793,-93.9774369891669));
#3604=CARTESIAN_POINT('Ctrl Pts',(-9.35433103150984,3.8028808799807,-93.8195425707451));
#3605=CARTESIAN_POINT('Ctrl Pts',(-9.41425258909137,3.92562484672717,-93.5242027113012));
#3606=CARTESIAN_POINT('Ctrl Pts',(-9.43758297641531,3.97879271439087,-93.386757270279));
#3607=CARTESIAN_POINT('Ctrl Pts',(-9.46701924928744,4.05540974937776,-93.2025445380158));
#3608=CARTESIAN_POINT('Ctrl Pts',(-9.47590478889253,4.08042629995529,-93.1447995321398));
#3609=CARTESIAN_POINT('Ctrl Pts',(-9.49255381191251,4.1309430467834,-93.0377311128479));
#3610=CARTESIAN_POINT('Ctrl Pts',(-9.50031729532741,4.15644324303398,-92.988407699432));
#3611=CARTESIAN_POINT('Ctrl Pts',(-9.50788527390442,4.1829495460424,-92.9438466402646));
#3612=CARTESIAN_POINT('Ctrl Pts',(-9.13008853433455,3.31241649768555,-94.4242846458625));
#3613=CARTESIAN_POINT('Ctrl Pts',(-9.1617043816751,3.35441913112105,-94.3007172461373));
#3614=CARTESIAN_POINT('Ctrl Pts',(-9.19058087951973,3.39410709805232,-94.1847358233156));
#3615=CARTESIAN_POINT('Ctrl Pts',(-9.24368650101657,3.47008491172097,-93.9660132497335));
#3616=CARTESIAN_POINT('Ctrl Pts',(-9.26791562466877,3.50637475845835,-93.8632720989731));
#3617=CARTESIAN_POINT('Ctrl Pts',(-9.33487892153584,3.61199393760149,-93.5720115321653));
#3618=CARTESIAN_POINT('Ctrl Pts',(-9.37190474127919,3.67481471126115,-93.3927149233421));
#3619=CARTESIAN_POINT('Ctrl Pts',(-9.43221035803174,3.78440393572986,-93.0607852316456));
#3620=CARTESIAN_POINT('Ctrl Pts',(-9.45549015504094,3.83117238653891,-92.9081521487724));
#3621=CARTESIAN_POINT('Ctrl Pts',(-9.48481305325453,3.90067054167217,-92.708213004465));
#3622=CARTESIAN_POINT('Ctrl Pts',(-9.49365455310902,3.92372750653654,-92.6464017030296));
#3623=CARTESIAN_POINT('Ctrl Pts',(-9.51025740700969,3.97152071608146,-92.5339513994163));
#3624=CARTESIAN_POINT('Ctrl Pts',(-9.51801876105586,3.996256960762,-92.4833123972384));
#3625=CARTESIAN_POINT('Ctrl Pts',(-9.52563276884373,4.02278157210544,-92.4390106143176));
#3626=CARTESIAN_POINT('Ctrl Pts',(-9.12693163776874,3.25133867170937,-94.301067715305));
#3627=CARTESIAN_POINT('Ctrl Pts',(-9.15970384900485,3.29037933536536,-94.1628589292912));
#3628=CARTESIAN_POINT('Ctrl Pts',(-9.18978055068662,3.32862968268664,-94.0354051317622));
#3629=CARTESIAN_POINT('Ctrl Pts',(-9.24501232405794,3.40271367307464,-93.7976069606371));
#3630=CARTESIAN_POINT('Ctrl Pts',(-9.27016739574749,3.43854731614137,-93.6872625870412));
#3631=CARTESIAN_POINT('Ctrl Pts',(-9.3389542495025,3.54116908158211,-93.3752927725991));
#3632=CARTESIAN_POINT('Ctrl Pts',(-9.3758200455912,3.60260334384437,-93.1924951351759));
#3633=CARTESIAN_POINT('Ctrl Pts',(-9.4371183635025,3.70691194211272,-92.8401001288104));
#3634=CARTESIAN_POINT('Ctrl Pts',(-9.46071563059225,3.75125507278022,-92.6792747646357));
#3635=CARTESIAN_POINT('Ctrl Pts',(-9.49040204459214,3.81841382751948,-92.4708808778772));
#3636=CARTESIAN_POINT('Ctrl Pts',(-9.49934593481965,3.84090742222224,-92.4068902755417));
#3637=CARTESIAN_POINT('Ctrl Pts',(-9.51614194492379,3.88816943311344,-92.2914881158705));
#3638=CARTESIAN_POINT('Ctrl Pts',(-9.52399406480041,3.91293784930188,-92.2400765585349));
#3639=CARTESIAN_POINT('Ctrl Pts',(-9.53170599543194,3.93987374385299,-92.1957700196151));
#3640=CARTESIAN_POINT('Ctrl Pts',(-9.11063228668007,3.02998382428601,-93.8802147564816));
#3641=CARTESIAN_POINT('Ctrl Pts',(-9.14682109245323,3.0709594969817,-93.7251556953386));
#3642=CARTESIAN_POINT('Ctrl Pts',(-9.17973197758135,3.10911894411697,-93.5791196227293));
#3643=CARTESIAN_POINT('Ctrl Pts',(-9.23974871864683,3.18037578203707,-93.302885467219));
#3644=CARTESIAN_POINT('Ctrl Pts',(-9.26685457458418,3.2134731728219,-93.172687384318));
#3645=CARTESIAN_POINT('Ctrl Pts',(-9.34059081675891,3.30602785280637,-92.8025381391387));
#3646=CARTESIAN_POINT('Ctrl Pts',(-9.37963987735899,3.35874764963598,-92.5830319803841));
#3647=CARTESIAN_POINT('Ctrl Pts',(-9.44352762698705,3.45078375513846,-92.1808757733983));
#3648=CARTESIAN_POINT('Ctrl Pts',(-9.46836631601503,3.49010006381132,-91.998225725167));
#3649=CARTESIAN_POINT('Ctrl Pts',(-9.49981661677855,3.5537488234757,-91.7659458140832));
#3650=CARTESIAN_POINT('Ctrl Pts',(-9.50933209490331,3.57574412613968,-91.695468370599));
#3651=CARTESIAN_POINT('Ctrl Pts',(-9.52723548121014,3.62374731581476,-91.5707540504468));
#3652=CARTESIAN_POINT('Ctrl Pts',(-9.5356233893922,3.64975520282587,-91.5165171737787));
#3653=CARTESIAN_POINT('Ctrl Pts',(-9.54385168309463,3.6789966247416,-91.4715716703829));
#3654=CARTESIAN_POINT('Ctrl Pts',(-9.07001471525029,2.69015479596252,-93.3183169858538));
#3655=CARTESIAN_POINT('Ctrl Pts',(-9.10820426932726,2.72977295232368,-93.1506393280095));
#3656=CARTESIAN_POINT('Ctrl Pts',(-9.14301909244413,2.76482781720478,-92.9881084976875));
#3657=CARTESIAN_POINT('Ctrl Pts',(-9.20671151843106,2.82783941008285,-92.6740201681234));
#3658=CARTESIAN_POINT('Ctrl Pts',(-9.23558912130113,2.85579613807981,-92.5224626688812));
#3659=CARTESIAN_POINT('Ctrl Pts',(-9.31453446205125,2.93206178585848,-92.0852696818265));
#3660=CARTESIAN_POINT('Ctrl Pts',(-9.35691473207121,2.97276616942796,-91.8171137046859));
#3661=CARTESIAN_POINT('Ctrl Pts',(-9.42767329120481,3.05012374194229,-91.3328511871442));
#3662=CARTESIAN_POINT('Ctrl Pts',(-9.45605158031847,3.08677693088714,-91.1167446467428));
#3663=CARTESIAN_POINT('Ctrl Pts',(-9.49248455657896,3.15363211874256,-90.8477865731981));
#3664=CARTESIAN_POINT('Ctrl Pts',(-9.50360647243079,3.17789641543406,-90.767334171526));
#3665=CARTESIAN_POINT('Ctrl Pts',(-9.52453332304278,3.23286911036422,-90.6275240571183));
#3666=CARTESIAN_POINT('Ctrl Pts',(-9.53433825780293,3.26357750860287,-90.5681663443827));
#3667=CARTESIAN_POINT('Ctrl Pts',(-9.5438486210397,3.29875077431566,-90.5207030310738));
#3668=CARTESIAN_POINT('Ctrl Pts',(-9.02426109706468,2.2731953840701,-92.6136384762902));
#3669=CARTESIAN_POINT('Ctrl Pts',(-9.06385951210873,2.31019567258092,-92.4359241358483));
#3670=CARTESIAN_POINT('Ctrl Pts',(-9.10001885560568,2.34058772180284,-92.2587447291246));
#3671=CARTESIAN_POINT('Ctrl Pts',(-9.16639947141504,2.39179102348412,-91.908525526277));
#3672=CARTESIAN_POINT('Ctrl Pts',(-9.19662074372745,2.41260227594346,-91.7354857301533));
#3673=CARTESIAN_POINT('Ctrl Pts',(-9.27978756175247,2.46611836090048,-91.2271803724278));
#3674=CARTESIAN_POINT('Ctrl Pts',(-9.32523610855284,2.48990552097711,-90.9027288414719));
#3675=CARTESIAN_POINT('Ctrl Pts',(-9.40366178033189,2.5427848358627,-90.3072211399273));
#3676=CARTESIAN_POINT('Ctrl Pts',(-9.43663890531057,2.57187699067165,-90.0361649693385));
#3677=CARTESIAN_POINT('Ctrl Pts',(-9.47997650597072,2.63792128177807,-89.7012586357884));
#3678=CARTESIAN_POINT('Ctrl Pts',(-9.49340102505612,2.66367038862905,-89.6015695116606));
#3679=CARTESIAN_POINT('Ctrl Pts',(-9.51874494755072,2.72570850743595,-89.4313558045256));
#3680=CARTESIAN_POINT('Ctrl Pts',(-9.5306643509599,2.76199751939189,-89.3608312215188));
#3681=CARTESIAN_POINT('Ctrl Pts',(-9.54209998649416,2.80509209330395,-89.3075248592437));
#3682=CARTESIAN_POINT('Ctrl Pts',(-8.98556494921106,2.03528044223551,-92.246245171243));
#3683=CARTESIAN_POINT('Ctrl Pts',(-9.02184227232421,2.067693138847,-92.0816846139786));
#3684=CARTESIAN_POINT('Ctrl Pts',(-9.05446345598491,2.0901811871283,-91.9108031463701));
#3685=CARTESIAN_POINT('Ctrl Pts',(-9.11458141047988,2.12391681121362,-91.5629027459998));
#3686=CARTESIAN_POINT('Ctrl Pts',(-9.14207818131414,2.13516438701764,-91.3858838132381));
#3687=CARTESIAN_POINT('Ctrl Pts',(-9.22016367369494,2.16495964198837,-90.8553773505263));
#3688=CARTESIAN_POINT('Ctrl Pts',(-9.26634757511948,2.17955984871375,-90.5024401561493));
#3689=CARTESIAN_POINT('Ctrl Pts',(-9.34734024738357,2.20581081631825,-89.8057844914283));
#3690=CARTESIAN_POINT('Ctrl Pts',(-9.3821490182231,2.21746157719738,-89.4620660210841));
#3691=CARTESIAN_POINT('Ctrl Pts',(-9.43062474687897,2.2681695091999,-89.0161112729098));
#3692=CARTESIAN_POINT('Ctrl Pts',(-9.44616041849702,2.29061078498137,-88.8790635164087));
#3693=CARTESIAN_POINT('Ctrl Pts',(-9.47637194082979,2.35293777024963,-88.6451390870876));
#3694=CARTESIAN_POINT('Ctrl Pts',(-9.49104779154451,2.3928234797364,-88.5482624142676));
#3695=CARTESIAN_POINT('Ctrl Pts',(-9.50548672595649,2.44461499114783,-88.4799529989051));
#3696=CARTESIAN_POINT('Ctrl Pts',(-8.96516749754629,1.92380306683758,-92.0814771739685));
#3697=CARTESIAN_POINT('Ctrl Pts',(-8.99782028028563,1.95243659636369,-91.9326976076275));
#3698=CARTESIAN_POINT('Ctrl Pts',(-9.02703034298512,1.96965563844682,-91.7727333115113));
#3699=CARTESIAN_POINT('Ctrl Pts',(-9.08172172883663,1.99290869433684,-91.4362284981311));
#3700=CARTESIAN_POINT('Ctrl Pts',(-9.10715025625621,1.9990554716396,-91.2605567519139));
#3701=CARTESIAN_POINT('Ctrl Pts',(-9.18227904102256,2.01824037558383,-90.7243786764385));
#3702=CARTESIAN_POINT('Ctrl Pts',(-9.22827384384537,2.02553793904296,-90.3531892467726));
#3703=CARTESIAN_POINT('Ctrl Pts',(-9.30934545098814,2.03550381059528,-89.6061105765395));
#3704=CARTESIAN_POINT('Ctrl Pts',(-9.3444222553081,2.03817211868846,-89.2302213359721));
#3705=CARTESIAN_POINT('Ctrl Pts',(-9.39380610593341,2.07099048605276,-88.7037202491527));
#3706=CARTESIAN_POINT('Ctrl Pts',(-9.40967667198726,2.08671517577668,-88.5318302849779));
#3707=CARTESIAN_POINT('Ctrl Pts',(-9.44106965417865,2.13827404878445,-88.2274185689412));
#3708=CARTESIAN_POINT('Ctrl Pts',(-9.45622746020764,2.17141785336319,-88.0902215425973));
#3709=CARTESIAN_POINT('Ctrl Pts',(-9.47335991855259,2.23056821740635,-88.0084152979948));
#3710=CARTESIAN_POINT('Ctrl Pts',(-8.95906889234022,1.89188193916673,-92.0351809130519));
#3711=CARTESIAN_POINT('Ctrl Pts',(-8.98943070138079,1.9148793927937,-91.8870931751569));
#3712=CARTESIAN_POINT('Ctrl Pts',(-9.01711006978696,1.93026007532896,-91.7326935259781));
#3713=CARTESIAN_POINT('Ctrl Pts',(-9.06961005975961,1.94972748692099,-91.4016932725532));
#3714=CARTESIAN_POINT('Ctrl Pts',(-9.09486867151959,1.9557421218323,-91.227406780224));
#3715=CARTESIAN_POINT('Ctrl Pts',(-9.1683053820245,1.9699773022909,-90.6898629245531));
#3716=CARTESIAN_POINT('Ctrl Pts',(-9.21414435599442,1.97438912356284,-90.3119211825278));
#3717=CARTESIAN_POINT('Ctrl Pts',(-9.29504151386945,1.97843147602916,-89.54806000647));
#3718=CARTESIAN_POINT('Ctrl Pts',(-9.33009969777456,1.97806200722353,-89.1621405724373));
#3719=CARTESIAN_POINT('Ctrl Pts',(-9.3794572738728,2.00319620525911,-88.6020086199405));
#3720=CARTESIAN_POINT('Ctrl Pts',(-9.39537151594564,2.01585567147831,-88.4184225022002));
#3721=CARTESIAN_POINT('Ctrl Pts',(-9.42694959474649,2.06200641615072,-88.0840763696546));
#3722=CARTESIAN_POINT('Ctrl Pts',(-9.44235446853734,2.09504412624932,-87.93768779217));
#3723=CARTESIAN_POINT('Ctrl Pts',(-9.45984802657467,2.15224960954434,-87.8395898197366));
#3724=CARTESIAN_POINT('Ctrl Pts',(-8.94827277262579,1.83851567874863,-91.9598412009022));
#3725=CARTESIAN_POINT('Ctrl Pts',(-8.97248378639011,1.84822324467481,-91.8171087660251));
#3726=CARTESIAN_POINT('Ctrl Pts',(-8.99614261046239,1.85619475418367,-91.6710332575993));
#3727=CARTESIAN_POINT('Ctrl Pts',(-9.04291705898618,1.86502468286165,-91.3514184803679));
#3728=CARTESIAN_POINT('Ctrl Pts',(-9.06680754280956,1.867831544229,-91.178175512935));
#3729=CARTESIAN_POINT('Ctrl Pts',(-9.1372620270495,1.8724694065266,-90.6356482834381));
#3730=CARTESIAN_POINT('Ctrl Pts',(-9.18260906023587,1.8705176856524,-90.2435656941759));
#3731=CARTESIAN_POINT('Ctrl Pts',(-9.26274496352578,1.86184913647658,-89.4464481879898));
#3732=CARTESIAN_POINT('Ctrl Pts',(-9.29753383362932,1.85513230817497,-89.0414132710659));
#3733=CARTESIAN_POINT('Ctrl Pts',(-9.34740050065509,1.86933055709254,-88.4300670026356));
#3734=CARTESIAN_POINT('Ctrl Pts',(-9.36363661664209,1.87810888862672,-88.2256525976515));
#3735=CARTESIAN_POINT('Ctrl Pts',(-9.39662912527874,1.91657760665088,-87.8287893016844));
#3736=CARTESIAN_POINT('Ctrl Pts',(-9.41183017060247,1.94136927543698,-87.6449713094657));
#3737=CARTESIAN_POINT('Ctrl Pts',(-9.42721833026559,1.98167302725727,-87.4786463739775));
#3738=CARTESIAN_POINT('Ctrl Pts',(-8.94357525811743,1.81707054600138,-91.930797749669));
#3739=CARTESIAN_POINT('Ctrl Pts',(-8.96619623070635,1.82288889259209,-91.7875974367533));
#3740=CARTESIAN_POINT('Ctrl Pts',(-8.98535199651059,1.82220079100418,-91.6503310791372));
#3741=CARTESIAN_POINT('Ctrl Pts',(-9.02843498113176,1.82395405378982,-91.3371580802912));
#3742=CARTESIAN_POINT('Ctrl Pts',(-9.05061610141226,1.82375566179411,-91.1658768851765));
#3743=CARTESIAN_POINT('Ctrl Pts',(-9.12019233107256,1.82322458405523,-90.6159493942086));
#3744=CARTESIAN_POINT('Ctrl Pts',(-9.16520325232826,1.81779506322207,-90.2164782700688));
#3745=CARTESIAN_POINT('Ctrl Pts',(-9.2447523503008,1.80233913149013,-89.4028869395791));
#3746=CARTESIAN_POINT('Ctrl Pts',(-9.27929052701763,1.79231272059134,-88.9887667332293));
#3747=CARTESIAN_POINT('Ctrl Pts',(-9.32833595510773,1.79755213551492,-88.3566246587013));
#3748=CARTESIAN_POINT('Ctrl Pts',(-9.34564431836448,1.80882103801918,-88.137212293207));
#3749=CARTESIAN_POINT('Ctrl Pts',(-9.38030193736683,1.84526229062481,-87.699562973722));
#3750=CARTESIAN_POINT('Ctrl Pts',(-9.39800360427555,1.87024112585708,-87.4712116110969));
#3751=CARTESIAN_POINT('Ctrl Pts',(-9.40810052593442,1.88941505283223,-87.2865284064765));
#3752=CARTESIAN_POINT('Ctrl Pts',(-8.93847347605329,1.79424209548966,-91.9004406369106));
#3753=CARTESIAN_POINT('Ctrl Pts',(-8.9568819991999,1.79165595879457,-91.7624800168415));
#3754=CARTESIAN_POINT('Ctrl Pts',(-8.97427093163656,1.78852853545697,-91.6297078894221));
#3755=CARTESIAN_POINT('Ctrl Pts',(-9.01255149188949,1.78267225310979,-91.3286008299554));
#3756=CARTESIAN_POINT('Ctrl Pts',(-9.03344311970576,1.77994339410021,-91.1602658979081));
#3757=CARTESIAN_POINT('Ctrl Pts',(-9.10137204622401,1.7723546635635,-90.6019168948247));
#3758=CARTESIAN_POINT('Ctrl Pts',(-9.14595936845689,1.76330681276472,-90.1950892472186));
#3759=CARTESIAN_POINT('Ctrl Pts',(-9.22471006595639,1.7406947887418,-89.3653076112672));
#3760=CARTESIAN_POINT('Ctrl Pts',(-9.258873441223,1.72713061551766,-88.9423536229218));
#3761=CARTESIAN_POINT('Ctrl Pts',(-9.30711321964206,1.72552517538033,-88.2918817460018));
#3762=CARTESIAN_POINT('Ctrl Pts',(-9.32415632362595,1.73324659645223,-88.0625007621268));
#3763=CARTESIAN_POINT('Ctrl Pts',(-9.36016888728211,1.76520257416474,-87.5786247445736));
#3764=CARTESIAN_POINT('Ctrl Pts',(-9.37913834695438,1.78943713080534,-87.3241297108952));
#3765=CARTESIAN_POINT('Ctrl Pts',(-9.3885965341688,1.80463292004691,-87.1144329471541));
#3766=CARTESIAN_POINT('',(-9.4809603594733,4.33587336629483,-93.4835511943373));
#3767=CARTESIAN_POINT('Ctrl Pts',(-9.12793156416175,3.48059060041058,-94.8209027754478));
#3768=CARTESIAN_POINT('Ctrl Pts',(-9.17310467764164,3.57627687585499,-94.718344930439));
#3769=CARTESIAN_POINT('Ctrl Pts',(-9.25229616374568,3.74633749929291,-94.5209049329466));
#3770=CARTESIAN_POINT('Ctrl Pts',(-9.32039315152206,3.89967891129094,-94.28279146287));
#3771=CARTESIAN_POINT('Ctrl Pts',(-9.41421775944089,4.11715162070811,-93.895116153317));
#3772=CARTESIAN_POINT('Ctrl Pts',(-9.44997082291696,4.22491622661397,-93.6641499133097));
#3773=CARTESIAN_POINT('Ctrl Pts',(-9.4809603594733,4.33587336629483,-93.4835511943373));
#3774=CARTESIAN_POINT('Ctrl Pts',(-9.3885965341688,1.80463292004691,-87.1144329471541));
#3775=CARTESIAN_POINT('Ctrl Pts',(-9.40810052593442,1.88941505283223,-87.2865284064765));
#3776=CARTESIAN_POINT('Ctrl Pts',(-9.44633613459676,2.07393100168231,-87.6707643414785));
#3777=CARTESIAN_POINT('Ctrl Pts',(-9.47335991855259,2.23056821740635,-88.0084152979948));
#3778=CARTESIAN_POINT('Ctrl Pts',(-9.50548672595649,2.44461499114783,-88.4799529989051));
#3779=CARTESIAN_POINT('Ctrl Pts',(-9.54209998649416,2.80509209330395,-89.3075248592437));
#3780=CARTESIAN_POINT('Ctrl Pts',(-9.5438486210397,3.29875077431566,-90.5207030310738));
#3781=CARTESIAN_POINT('Ctrl Pts',(-9.54385321412209,3.86911954995457,-91.9470059900375));
#3782=CARTESIAN_POINT('Ctrl Pts',(-9.51146165163333,4.184546017159,-92.9273329486809));
#3783=CARTESIAN_POINT('Ctrl Pts',(-9.4809603594733,4.33587336629483,-93.4835511943373));
#3784=CARTESIAN_POINT('Ctrl Pts',(-9.3885965341688,1.80463292004691,-87.1144329471541));
#3785=CARTESIAN_POINT('Ctrl Pts',(-9.37913834695438,1.78943713080534,-87.3241297108952));
#3786=CARTESIAN_POINT('Ctrl Pts',(-9.34119942760984,1.74096801752414,-87.833119778252));
#3787=CARTESIAN_POINT('Ctrl Pts',(-9.30711321964206,1.72552517538033,-88.2918817460018));
#3788=CARTESIAN_POINT('Ctrl Pts',(-9.258873441223,1.72713061551766,-88.9423536229217));
#3789=CARTESIAN_POINT('Ctrl Pts',(-9.19054669068978,1.75425896196594,-89.7882615996126));
#3790=CARTESIAN_POINT('Ctrl Pts',(-9.10137204622401,1.7723546635635,-90.6019168948247));
#3791=CARTESIAN_POINT('Ctrl Pts',(-9.03344311970576,1.77994339410021,-91.1602658979081));
#3792=CARTESIAN_POINT('Ctrl Pts',(-8.99165986407322,1.78540111211937,-91.4969357620027));
#3793=CARTESIAN_POINT('Ctrl Pts',(-8.9568819991999,1.79165595879457,-91.7624800168415));
#3794=CARTESIAN_POINT('Ctrl Pts',(-8.93847347605329,1.79424209548966,-91.9004406369106));
#3795=CARTESIAN_POINT('Ctrl Pts',(9.92625448905346,7.42992891258746,-93.0474779822592));
#3796=CARTESIAN_POINT('Ctrl Pts',(9.87444942395723,7.51916824601802,-93.2737978497855));
#3797=CARTESIAN_POINT('Ctrl Pts',(9.8201979951087,7.6075881387627,-93.5013261415684));
#3798=CARTESIAN_POINT('Ctrl Pts',(9.67353636390977,7.81606984076729,-94.0303251057073));
#3799=CARTESIAN_POINT('Ctrl Pts',(9.58112616155938,7.93613165002719,-94.3317957780634));
#3800=CARTESIAN_POINT('Ctrl Pts',(9.24665739425544,8.34377995257968,-95.3471213659916));
#3801=CARTESIAN_POINT('Ctrl Pts',(8.38545157827749,9.26939590900652,-97.6619620082276));
#3802=CARTESIAN_POINT('Ctrl Pts',(6.50974795613142,10.4558927123499,-100.851837293751));
#3803=CARTESIAN_POINT('Ctrl Pts',(3.92637662416302,11.4786336252491,-101.654981273461));
#3804=CARTESIAN_POINT('Ctrl Pts',(1.61135222810329,11.0012190956537,-100.520494421099));
#3805=CARTESIAN_POINT('Ctrl Pts',(-0.347592104457239,10.8415701968716,-100.565628531454));
#3806=CARTESIAN_POINT('Ctrl Pts',(-2.28696998257709,10.5225653147573,-100.520494421099));
#3807=CARTESIAN_POINT('Ctrl Pts',(-4.64872528828504,10.4257435022315,-101.654981273461));
#3808=CARTESIAN_POINT('Ctrl Pts',(-6.90793603072201,8.80840827569021,-100.851837293751));
#3809=CARTESIAN_POINT('Ctrl Pts',(-8.44088368326297,7.20338172231323,-97.6619620082275));
#3810=CARTESIAN_POINT('Ctrl Pts',(-9.05258123917434,6.09691597211656,-95.3471213659916));
#3811=CARTESIAN_POINT('Ctrl Pts',(-9.27849580457066,5.62046124812116,-94.3317957780634));
#3812=CARTESIAN_POINT('Ctrl Pts',(-9.33911544849026,5.48160973638196,-94.0303251057073));
#3813=CARTESIAN_POINT('Ctrl Pts',(-9.43098431390445,5.24384017208878,-93.5013261415683));
#3814=CARTESIAN_POINT('Ctrl Pts',(-9.46223353539904,5.1449221195348,-93.2737978497855));
#3815=CARTESIAN_POINT('Ctrl Pts',(-9.4909108199558,5.04580079614167,-93.0474779822592));
#3816=CARTESIAN_POINT('Ctrl Pts',(9.95721297335707,7.37663149188109,-93.0442035551854));
#3817=CARTESIAN_POINT('Ctrl Pts',(9.8990460254832,7.47881723114935,-93.3533691874701));
#3818=CARTESIAN_POINT('Ctrl Pts',(9.84159772814511,7.57413447175926,-93.6203141313676));
#3819=CARTESIAN_POINT('Ctrl Pts',(9.68723022900761,7.79822156483592,-94.2521468520387));
#3820=CARTESIAN_POINT('Ctrl Pts',(9.5925911033279,7.92377982844974,-94.5919480495389));
#3821=CARTESIAN_POINT('Ctrl Pts',(9.26471001188757,8.32814364650769,-95.6664190032625));
#3822=CARTESIAN_POINT('Ctrl Pts',(8.41538022803528,9.25275124016569,-98.0887590768906));
#3823=CARTESIAN_POINT('Ctrl Pts',(6.55233605315318,10.4488951919251,-101.353048261943));
#3824=CARTESIAN_POINT('Ctrl Pts',(3.94824931307679,11.4762347566656,-102.283703758103));
#3825=CARTESIAN_POINT('Ctrl Pts',(1.6088901832518,10.9902046505358,-101.118786488729));
#3826=CARTESIAN_POINT('Ctrl Pts',(-0.351189875530381,10.8708716908598,-101.184907530929));
#3827=CARTESIAN_POINT('Ctrl Pts',(-2.28191643553786,10.5124736682895,-101.118786488729));
#3828=CARTESIAN_POINT('Ctrl Pts',(-4.66936792602522,10.4181244079331,-102.283703758103));
#3829=CARTESIAN_POINT('Ctrl Pts',(-6.94756622584678,8.79131561836595,-101.353048261943));
#3830=CARTESIAN_POINT('Ctrl Pts',(-8.46589661437857,7.17999107558956,-98.0887590768906));
#3831=CARTESIAN_POINT('Ctrl Pts',(-9.06631485210577,6.07737680768207,-95.6664190032625));
#3832=CARTESIAN_POINT('Ctrl Pts',(-9.28663201248053,5.60570270798726,-94.5919480495389));
#3833=CARTESIAN_POINT('Ctrl Pts',(-9.3480846585244,5.46097878472181,-94.2521468520387));
#3834=CARTESIAN_POINT('Ctrl Pts',(-9.44365520887691,5.20620315798559,-93.6203141313676));
#3835=CARTESIAN_POINT('Ctrl Pts',(-9.47633771873421,5.09981924579037,-93.3533691874702));
#3836=CARTESIAN_POINT('Ctrl Pts',(-9.50805589191971,4.98659700140113,-93.0442035551855));
#3837=CARTESIAN_POINT('Ctrl Pts',(9.9829090661875,7.32637471163355,-93.0457525650134));
#3838=CARTESIAN_POINT('Ctrl Pts',(9.92485462399224,7.43178825916831,-93.3850714794528));
#3839=CARTESIAN_POINT('Ctrl Pts',(9.85860901217977,7.54059740440548,-93.7364035625758));
#3840=CARTESIAN_POINT('Ctrl Pts',(9.69752993215209,7.77876705071912,-94.4711648268701));
#3841=CARTESIAN_POINT('Ctrl Pts',(9.6037284792563,7.90666257222139,-94.8462677641289));
#3842=CARTESIAN_POINT('Ctrl Pts',(9.27747629480413,8.31549319375709,-96.0190504886938));
#3843=CARTESIAN_POINT('Ctrl Pts',(8.44558062284048,9.23373066494403,-98.5545115889772));
#3844=CARTESIAN_POINT('Ctrl Pts',(6.60705340097749,10.4350844641579,-101.877741347537));
#3845=CARTESIAN_POINT('Ctrl Pts',(3.97474892437857,11.4718416041195,-102.981696167748));
#3846=CARTESIAN_POINT('Ctrl Pts',(1.59755626548721,11.0094117972517,-101.873424452448));
#3847=CARTESIAN_POINT('Ctrl Pts',(-0.361021812124479,10.95094638854,-101.97102147902));
#3848=CARTESIAN_POINT('Ctrl Pts',(-2.27556581291149,10.5338522035321,-101.873424452448));
#3849=CARTESIAN_POINT('Ctrl Pts',(-4.69401758582769,10.407450914594,-102.981696167748));
#3850=CARTESIAN_POINT('Ctrl Pts',(-6.99731711715282,8.7646778037289,-101.877741347537));
#3851=CARTESIAN_POINT('Ctrl Pts',(-8.49059843477688,7.15422935598153,-98.5545115889773));
#3852=CARTESIAN_POINT('Ctrl Pts',(-9.07564150035052,6.06201368407977,-96.0190504886938));
#3853=CARTESIAN_POINT('Ctrl Pts',(-9.29329752167157,5.58639953232672,-94.8462677641289));
#3854=CARTESIAN_POINT('Ctrl Pts',(-9.35337194353429,5.43961042910867,-94.4711648268701));
#3855=CARTESIAN_POINT('Ctrl Pts',(-9.45204783416712,5.16954688278014,-93.7364035625759));
#3856=CARTESIAN_POINT('Ctrl Pts',(-9.49000235351894,5.04794357019194,-93.3850714794528));
#3857=CARTESIAN_POINT('Ctrl Pts',(-9.52083048543085,4.9316166148235,-93.0457525650134));
#3858=CARTESIAN_POINT('Ctrl Pts',(10.0269656671054,7.21757037716394,-93.0669543775072));
#3859=CARTESIAN_POINT('Ctrl Pts',(9.96505652427534,7.33541934988207,-93.4929871155889));
#3860=CARTESIAN_POINT('Ctrl Pts',(9.89180509687301,7.45885316172238,-93.9438714104623));
#3861=CARTESIAN_POINT('Ctrl Pts',(9.72007463316966,7.72072723925478,-94.8684591548402));
#3862=CARTESIAN_POINT('Ctrl Pts',(9.62368951032316,7.85589988075833,-95.3289940973062));
#3863=CARTESIAN_POINT('Ctrl Pts',(9.29860842118314,8.27478480150426,-96.7129312285355));
#3864=CARTESIAN_POINT('Ctrl Pts',(8.50474336050102,9.16602262793728,-99.4901347063193));
#3865=CARTESIAN_POINT('Ctrl Pts',(6.73028042170462,10.3621898614113,-102.911859507353));
#3866=CARTESIAN_POINT('Ctrl Pts',(4.03543387913403,11.4243747302962,-104.412855662464));
#3867=CARTESIAN_POINT('Ctrl Pts',(1.56943505022225,11.0513573297431,-103.526999297347));
#3868=CARTESIAN_POINT('Ctrl Pts',(-0.38294725926845,11.1295148256688,-103.692714562075));
#3869=CARTESIAN_POINT('Ctrl Pts',(-2.25842746065447,10.5813549121484,-103.526999297347));
#3870=CARTESIAN_POINT('Ctrl Pts',(-4.74141666198267,10.3467129904948,-104.412855662464));
#3871=CARTESIAN_POINT('Ctrl Pts',(-7.09924896825063,8.66413716777184,-102.911859507353));
#3872=CARTESIAN_POINT('Ctrl Pts',(-8.53162372962369,7.07421977539564,-99.4901347063194));
#3873=CARTESIAN_POINT('Ctrl Pts',(-9.08629766084258,6.01740218098162,-96.7129312285355));
#3874=CARTESIAN_POINT('Ctrl Pts',(-9.30038501826331,5.53231569927202,-95.3289940973062));
#3875=CARTESIAN_POINT('Ctrl Pts',(-9.36120586937211,5.37784059128506,-94.8684591548402));
#3876=CARTESIAN_POINT('Ctrl Pts',(-9.46448213112981,5.08219993372158,-93.9438714104622));
#3877=CARTESIAN_POINT('Ctrl Pts',(-9.50569633634041,4.94471150944241,-93.4929871155888));
#3878=CARTESIAN_POINT('Ctrl Pts',(-9.53725626617137,4.8153859776796,-93.0669543775072));
#3879=CARTESIAN_POINT('Ctrl Pts',(10.0453261751928,7.15902282294187,-93.0866071801732));
#3880=CARTESIAN_POINT('Ctrl Pts',(9.98321655707306,7.28050056908581,-93.5405494480416));
#3881=CARTESIAN_POINT('Ctrl Pts',(9.90813523085097,7.40962483890777,-94.0269690606317));
#3882=CARTESIAN_POINT('Ctrl Pts',(9.73200088351171,7.68217597266464,-95.0383681535123));
#3883=CARTESIAN_POINT('Ctrl Pts',(9.63113269664338,7.82467610743323,-95.5653030259325));
#3884=CARTESIAN_POINT('Ctrl Pts',(9.30697426464559,8.24672686200203,-97.0541804829459));
#3885=CARTESIAN_POINT('Ctrl Pts',(8.53370570335636,9.11733516615218,-99.9600053115747));
#3886=CARTESIAN_POINT('Ctrl Pts',(6.79879009460746,10.3031059864318,-103.421284581575));
#3887=CARTESIAN_POINT('Ctrl Pts',(4.06961922258773,11.3813010090191,-105.146022747536));
#3888=CARTESIAN_POINT('Ctrl Pts',(1.55264775272187,11.0740957155186,-104.425936178527));
#3889=CARTESIAN_POINT('Ctrl Pts',(-0.395040769818322,11.2280085651173,-104.628293697038));
#3890=CARTESIAN_POINT('Ctrl Pts',(-2.24763973102381,10.607479085522,-104.425936178527));
#3891=CARTESIAN_POINT('Ctrl Pts',(-4.76416607833518,10.2966485597348,-105.146022747536));
#3892=CARTESIAN_POINT('Ctrl Pts',(-7.1514299280424,8.59023434645184,-103.421284581575));
#3893=CARTESIAN_POINT('Ctrl Pts',(-8.54794720407217,7.01997191441776,-99.9600053115747));
#3894=CARTESIAN_POINT('Ctrl Pts',(-9.08762717308989,5.98815380148577,-97.0541804829459));
#3895=CARTESIAN_POINT('Ctrl Pts',(-9.30005339570912,5.50021873571258,-95.5653030259325));
#3896=CARTESIAN_POINT('Ctrl Pts',(-9.36345146361824,5.33754924097997,-95.0383681535123));
#3897=CARTESIAN_POINT('Ctrl Pts',(-9.46841778116564,5.03048328551548,-94.0269690606317));
#3898=CARTESIAN_POINT('Ctrl Pts',(-9.5100308829988,4.88703074158494,-93.5405494480415));
#3899=CARTESIAN_POINT('Ctrl Pts',(-9.54090745340075,4.75413572711332,-93.086607180173));
#3900=CARTESIAN_POINT('Ctrl Pts',(10.0894043223407,6.97094399931389,-93.1727212774276));
#3901=CARTESIAN_POINT('Ctrl Pts',(10.0231502343781,7.11093177561809,-93.6979119231145));
#3902=CARTESIAN_POINT('Ctrl Pts',(9.94219677969228,7.25539789698224,-94.2872033814391));
#3903=CARTESIAN_POINT('Ctrl Pts',(9.75955928645446,7.54415681887168,-95.5049275874834));
#3904=CARTESIAN_POINT('Ctrl Pts',(9.65787524790244,7.68844961939696,-96.133360335203));
#3905=CARTESIAN_POINT('Ctrl Pts',(9.33472948081728,8.10737302327632,-97.9437800086326));
#3906=CARTESIAN_POINT('Ctrl Pts',(8.61606334093049,8.88939984024903,-101.265105076576));
#3907=CARTESIAN_POINT('Ctrl Pts',(7.00930833614392,10.0104745418831,-104.833309417922));
#3908=CARTESIAN_POINT('Ctrl Pts',(4.18135168224061,11.1420209908824,-107.243238254018));
#3909=CARTESIAN_POINT('Ctrl Pts',(1.51254133975261,11.0622398145219,-107.086605886184));
#3910=CARTESIAN_POINT('Ctrl Pts',(-0.419403526772389,11.4264272976917,-107.382921816703));
#3911=CARTESIAN_POINT('Ctrl Pts',(-2.20585644788032,10.6056779749051,-107.086605886184));
#3912=CARTESIAN_POINT('Ctrl Pts',(-4.81469253085591,10.0374456523142,-107.243238254018));
#3913=CARTESIAN_POINT('Ctrl Pts',(-7.28490092433108,8.25536633438143,-104.833309417922));
#3914=CARTESIAN_POINT('Ctrl Pts',(-8.57271592171993,6.77888312602757,-101.265105076576));
#3915=CARTESIAN_POINT('Ctrl Pts',(-9.08084519589953,5.84622477282102,-97.9437800086326));
#3916=CARTESIAN_POINT('Ctrl Pts',(-9.29304540868888,5.36156914787164,-96.133360335203));
#3917=CARTESIAN_POINT('Ctrl Pts',(-9.35680140890193,5.19696286483083,-95.5049275874834));
#3918=CARTESIAN_POINT('Ctrl Pts',(-9.46415668229354,4.87259730842578,-94.2872033814391));
#3919=CARTESIAN_POINT('Ctrl Pts',(-9.5077559554721,4.71283803506154,-93.6979119231144));
#3920=CARTESIAN_POINT('Ctrl Pts',(-9.53817590566625,4.56098017943155,-93.1727212774276));
#3921=CARTESIAN_POINT('Ctrl Pts',(10.0937409629744,6.73673682676325,-93.4331836733024));
#3922=CARTESIAN_POINT('Ctrl Pts',(10.0263138367183,6.88919020057832,-94.0152361056461));
#3923=CARTESIAN_POINT('Ctrl Pts',(9.94780190323384,7.03231671179701,-94.663359463313));
#3924=CARTESIAN_POINT('Ctrl Pts',(9.774382895489,7.30049033642101,-96.0118933339908));
#3925=CARTESIAN_POINT('Ctrl Pts',(9.67947582122859,7.42553744982632,-96.7123038470016));
#3926=CARTESIAN_POINT('Ctrl Pts',(9.37882359780443,7.77442118439127,-98.7721840760969));
#3927=CARTESIAN_POINT('Ctrl Pts',(8.71379514838437,8.36715823091725,-102.726539294537));
#3928=CARTESIAN_POINT('Ctrl Pts',(7.30330391906713,9.31261976352414,-106.406008169533));
#3929=CARTESIAN_POINT('Ctrl Pts',(4.35479877322256,10.5294906885524,-109.766763599379));
#3930=CARTESIAN_POINT('Ctrl Pts',(1.48641406787861,10.8329091243315,-110.537789667375));
#3931=CARTESIAN_POINT('Ctrl Pts',(-0.420106470189681,11.4321523124014,-110.916801215653));
#3932=CARTESIAN_POINT('Ctrl Pts',(-2.12502515235168,10.389480145448,-110.537789667375));
#3933=CARTESIAN_POINT('Ctrl Pts',(-4.83480301011878,9.40114946871225,-109.766763599379));
#3934=CARTESIAN_POINT('Ctrl Pts',(-7.4013372311516,7.50711685665977,-106.406008169533));
#3935=CARTESIAN_POINT('Ctrl Pts',(-8.5412029967231,6.24851086028982,-102.726539294537));
#3936=CARTESIAN_POINT('Ctrl Pts',(-9.0430811891596,5.5124956941288,-98.7721840760969));
#3937=CARTESIAN_POINT('Ctrl Pts',(-9.2504001422336,5.10124094170619,-96.7123038470016));
#3938=CARTESIAN_POINT('Ctrl Pts',(-9.31223643606756,4.95694816267498,-96.0118933339908));
#3939=CARTESIAN_POINT('Ctrl Pts',(-9.41562708651854,4.65478658571572,-94.663359463313));
#3940=CARTESIAN_POINT('Ctrl Pts',(-9.45718144313556,4.49691778778768,-94.0152361056461));
#3941=CARTESIAN_POINT('Ctrl Pts',(-9.48572388639303,4.33268083251984,-93.4331836733024));
#3942=CARTESIAN_POINT('Ctrl Pts',(10.0765001090688,6.51031085587544,-93.895116153317));
#3943=CARTESIAN_POINT('Ctrl Pts',(10.0127897591925,6.62322973081142,-94.4306936255684));
#3944=CARTESIAN_POINT('Ctrl Pts',(9.93660562718228,6.71169593498242,-95.034247499874));
#3945=CARTESIAN_POINT('Ctrl Pts',(9.76781611513971,6.84871657103491,-96.2913709253963));
#3946=CARTESIAN_POINT('Ctrl Pts',(9.67521073510738,6.8972710029164,-96.9449404766131));
#3947=CARTESIAN_POINT('Ctrl Pts',(9.38555219734609,6.99655699398732,-98.8517669548337));
#3948=CARTESIAN_POINT('Ctrl Pts',(8.75886553116628,7.00961975783489,-102.449891209557));
#3949=CARTESIAN_POINT('Ctrl Pts',(7.45644986598137,7.49305822679919,-106.362988921978));
#3950=CARTESIAN_POINT('Ctrl Pts',(4.55209701844239,8.77490781703186,-110.09092215823));
#3951=CARTESIAN_POINT('Ctrl Pts',(1.71162854428736,9.2659416760188,-111.10193579507));
#3952=CARTESIAN_POINT('Ctrl Pts',(-0.193939835185803,9.59017288648055,-111.225489061014));
#3953=CARTESIAN_POINT('Ctrl Pts',(-1.96446606086781,8.81457401408729,-111.10193579507));
#3954=CARTESIAN_POINT('Ctrl Pts',(-4.6017686399924,7.65095444159677,-110.09092215823));
#3955=CARTESIAN_POINT('Ctrl Pts',(-7.10974231281425,5.70455471609846,-106.362988921978));
#3956=CARTESIAN_POINT('Ctrl Pts',(-8.25651631576043,4.92039356916477,-102.449891209557));
#3957=CARTESIAN_POINT('Ctrl Pts',(-8.86142754107708,4.75610959900085,-98.8517669548338));
#3958=CARTESIAN_POINT('Ctrl Pts',(-9.11846252717985,4.58969808365383,-96.9449404766131));
#3959=CARTESIAN_POINT('Ctrl Pts',(-9.19657075145484,4.52018265682731,-96.2913709253964));
#3960=CARTESIAN_POINT('Ctrl Pts',(-9.32719820161987,4.34639824054328,-95.034247499874));
#3961=CARTESIAN_POINT('Ctrl Pts',(-9.3797174275099,4.24212925108577,-94.4306936255684));
#3962=CARTESIAN_POINT('Ctrl Pts',(-9.41421775944089,4.11715162070811,-93.895116153317));
#3963=CARTESIAN_POINT('Ctrl Pts',(10.038073903089,6.27659978834468,-94.28279146287));
#3964=CARTESIAN_POINT('Ctrl Pts',(9.97996789945369,6.35374523551307,-94.7522487508789));
#3965=CARTESIAN_POINT('Ctrl Pts',(9.91204501139454,6.39558882985796,-95.2669716941021));
#3966=CARTESIAN_POINT('Ctrl Pts',(9.75781448732875,6.42743607801222,-96.3556729004311));
#3967=CARTESIAN_POINT('Ctrl Pts',(9.67164864312326,6.41955472240853,-96.9287397745124));
#3968=CARTESIAN_POINT('Ctrl Pts',(9.40244962340629,6.33403813790636,-98.5871440894564));
#3969=CARTESIAN_POINT('Ctrl Pts',(8.78672304973526,5.96863366268689,-101.906356367476));
#3970=CARTESIAN_POINT('Ctrl Pts',(7.54152413336741,6.13467249017241,-105.911884614971));
#3971=CARTESIAN_POINT('Ctrl Pts',(4.71152957694878,7.2918087776421,-109.669437092989));
#3972=CARTESIAN_POINT('Ctrl Pts',(1.9341965725796,7.82327169226194,-110.716277839782));
#3973=CARTESIAN_POINT('Ctrl Pts',(0.0156077532621926,7.88354473301341,-110.654749365496));
#3974=CARTESIAN_POINT('Ctrl Pts',(-1.83140941033025,7.36091341511702,-110.716277839782));
#3975=CARTESIAN_POINT('Ctrl Pts',(-4.39767123916918,6.17333955525868,-109.669437092989));
#3976=CARTESIAN_POINT('Ctrl Pts',(-6.86366625851469,4.36593751318244,-105.911884614971));
#3977=CARTESIAN_POINT('Ctrl Pts',(-8.03170901754146,3.90358986623101,-101.906356367476));
#3978=CARTESIAN_POINT('Ctrl Pts',(-8.71754522383473,4.109182527025,-98.5871440894564));
#3979=CARTESIAN_POINT('Ctrl Pts',(-8.99943621641177,4.12703376634967,-96.9287397745124));
#3980=CARTESIAN_POINT('Ctrl Pts',(-9.08494923928285,4.11383560764306,-96.3556729004311));
#3981=CARTESIAN_POINT('Ctrl Pts',(-9.22689391100209,4.045622618124,-95.2669716941021));
#3982=CARTESIAN_POINT('Ctrl Pts',(-9.28267631733958,3.98858992352526,-94.7522487508788));
#3983=CARTESIAN_POINT('Ctrl Pts',(-9.32039315152206,3.89967891129094,-94.28279146287));
#3984=CARTESIAN_POINT('Ctrl Pts',(10.0235851175154,6.19396945379953,-94.4018481979084));
#3985=CARTESIAN_POINT('Ctrl Pts',(9.96650781144007,6.25209158761854,-94.8527658930091));
#3986=CARTESIAN_POINT('Ctrl Pts',(9.90116423800712,6.27761287439755,-95.336972786646));
#3987=CARTESIAN_POINT('Ctrl Pts',(9.75363452096693,6.27326755217413,-96.3528891890227));
#3988=CARTESIAN_POINT('Ctrl Pts',(9.67327761504927,6.24230332430589,-96.871094104983));
#3989=CARTESIAN_POINT('Ctrl Pts',(9.41005726149367,6.10001173366638,-98.4448847969255));
#3990=CARTESIAN_POINT('Ctrl Pts',(8.79501801117201,5.61783292424818,-101.669169957058));
#3991=CARTESIAN_POINT('Ctrl Pts',(7.56491802369616,5.68292481394964,-105.691709867412));
#3992=CARTESIAN_POINT('Ctrl Pts',(4.76658357554949,6.76958211688727,-109.418174740513));
#3993=CARTESIAN_POINT('Ctrl Pts',(2.01732877717463,7.2978076314226,-110.452930596176));
#3994=CARTESIAN_POINT('Ctrl Pts',(0.0921107181107057,7.26047808451995,-110.330793537066));
#3995=CARTESIAN_POINT('Ctrl Pts',(-1.78495097149695,6.83094638205196,-110.452930596175));
#3996=CARTESIAN_POINT('Ctrl Pts',(-4.32475183502336,5.65330649047907,-109.418174740513));
#3997=CARTESIAN_POINT('Ctrl Pts',(-6.77707759615709,3.9219491792946,-105.691709867412));
#3998=CARTESIAN_POINT('Ctrl Pts',(-7.95489120355233,3.56120267615476,-101.669169957058));
#3999=CARTESIAN_POINT('Ctrl Pts',(-8.66831077122386,3.88026725292807,-98.4448847969255));
#4000=CARTESIAN_POINT('Ctrl Pts',(-8.95813580668311,3.95465340831802,-96.871094104983));
#4001=CARTESIAN_POINT('Ctrl Pts',(-9.04359669377344,3.96525777128189,-96.3528891890228));
#4002=CARTESIAN_POINT('Ctrl Pts',(-9.18779537630553,3.93378335006092,-95.336972786646));
#4003=CARTESIAN_POINT('Ctrl Pts',(-9.24502380827141,3.89321211342003,-94.852765893009));
#4004=CARTESIAN_POINT('Ctrl Pts',(-9.28634465763387,3.82300820529192,-94.4018481979083));
#4005=CARTESIAN_POINT('Ctrl Pts',(9.9912474458742,6.01925549397273,-94.6196249316928));
#4006=CARTESIAN_POINT('Ctrl Pts',(9.93972995484746,6.03326647595328,-95.0051424843246));
#4007=CARTESIAN_POINT('Ctrl Pts',(9.88278455869326,6.02140429931,-95.4064285351454));
#4008=CARTESIAN_POINT('Ctrl Pts',(9.75056354022346,5.94600640404727,-96.2619617233611));
#4009=CARTESIAN_POINT('Ctrl Pts',(9.67625297423287,5.88002459156777,-96.7086568552618));
#4010=CARTESIAN_POINT('Ctrl Pts',(9.4253882417627,5.63505531154854,-98.1068122293377));
#4011=CARTESIAN_POINT('Ctrl Pts',(8.81192663882879,4.95702138118707,-101.135402890983));
#4012=CARTESIAN_POINT('Ctrl Pts',(7.60561631020438,4.85267884186046,-105.142922811571));
#4013=CARTESIAN_POINT('Ctrl Pts',(4.88093031290681,5.71292613807735,-108.720808467528));
#4014=CARTESIAN_POINT('Ctrl Pts',(2.19471291258984,6.19675960836539,-109.702292186777));
#4015=CARTESIAN_POINT('Ctrl Pts',(0.250898605253952,5.9672545230592,-109.483328562537));
#4016=CARTESIAN_POINT('Ctrl Pts',(-1.69069841511523,5.71969108456596,-109.702292186777));
#4017=CARTESIAN_POINT('Ctrl Pts',(-4.18007376820436,4.6003747306387,-108.720808467528));
#4018=CARTESIAN_POINT('Ctrl Pts',(-6.61571229024097,3.10651925419887,-105.142922811571));
#4019=CARTESIAN_POINT('Ctrl Pts',(-7.8114327915734,2.915929492794,-101.135402890983));
#4020=CARTESIAN_POINT('Ctrl Pts',(-8.57070321684853,3.42541312383447,-98.1068122293378));
#4021=CARTESIAN_POINT('Ctrl Pts',(-8.87337962722365,3.60241609768775,-96.7086568552619));
#4022=CARTESIAN_POINT('Ctrl Pts',(-8.96144529697162,3.64846061536102,-96.2619617233611));
#4023=CARTESIAN_POINT('Ctrl Pts',(-9.1079791878629,3.68963171147832,-95.4064285351453));
#4024=CARTESIAN_POINT('Ctrl Pts',(-9.16610278264189,3.68736519259633,-95.0051424843245));
#4025=CARTESIAN_POINT('Ctrl Pts',(-9.21270042069366,3.66130718757395,-94.6196249316928));
#4026=CARTESIAN_POINT('Ctrl Pts',(9.97339855980658,5.92717186869109,-94.718344930439));
#4027=CARTESIAN_POINT('Ctrl Pts',(9.92294813404631,5.92169803773883,-95.0828020266415));
#4028=CARTESIAN_POINT('Ctrl Pts',(9.87484039696066,5.88553759188266,-95.4123579052561));
#4029=CARTESIAN_POINT('Ctrl Pts',(9.75157106253643,5.7768484836546,-96.1782616803206));
#4030=CARTESIAN_POINT('Ctrl Pts',(9.67878193101928,5.69667161811505,-96.5951107173589));
#4031=CARTESIAN_POINT('Ctrl Pts',(9.43311158394433,5.40412529367069,-97.9109989542808));
#4032=CARTESIAN_POINT('Ctrl Pts',(8.82054030504882,4.64701057656466,-100.838822235326));
#4033=CARTESIAN_POINT('Ctrl Pts',(7.62292070638387,4.47418054599403,-104.814310503289));
#4034=CARTESIAN_POINT('Ctrl Pts',(4.94022305166341,5.17849682002224,-108.274704547019));
#4035=CARTESIAN_POINT('Ctrl Pts',(2.28896484341002,5.62117564614751,-109.215001020984));
#4036=CARTESIAN_POINT('Ctrl Pts',(0.333183527548685,5.29709761009192,-108.959819416437));
#4037=CARTESIAN_POINT('Ctrl Pts',(-1.6429042975668,5.138402820145,-109.215001020984));
#4038=CARTESIAN_POINT('Ctrl Pts',(-4.10831510553116,4.06747603557794,-108.274704547019));
#4039=CARTESIAN_POINT('Ctrl Pts',(-6.54093564668247,2.73507766299099,-104.814310503289));
#4040=CARTESIAN_POINT('Ctrl Pts',(-7.74479219358363,2.61304349950948,-100.838822235326));
#4041=CARTESIAN_POINT('Ctrl Pts',(-8.52233011508406,3.19947426883781,-97.9109989542808));
#4042=CARTESIAN_POINT('Ctrl Pts',(-8.83147636428393,3.42389768112693,-96.595110717359));
#4043=CARTESIAN_POINT('Ctrl Pts',(-8.92149988680892,3.48408366643047,-96.1782616803206));
#4044=CARTESIAN_POINT('Ctrl Pts',(-9.06740187027521,3.55972269258369,-95.4123579052561));
#4045=CARTESIAN_POINT('Ctrl Pts',(-9.12282860557748,3.58317070370939,-95.0828020266415));
#4046=CARTESIAN_POINT('Ctrl Pts',(-9.17310467764164,3.57627687585499,-94.718344930439));
#4047=CARTESIAN_POINT('Ctrl Pts',(9.95271588599285,5.82339951932091,-94.8209027754478));
#4048=CARTESIAN_POINT('Ctrl Pts',(9.90983086532811,5.78781978307252,-95.1139344086844));
#4049=CARTESIAN_POINT('Ctrl Pts',(9.86579637323048,5.7411224696811,-95.4039445616164));
#4050=CARTESIAN_POINT('Ctrl Pts',(9.75270985778007,5.60596474418577,-96.0719153118231));
#4051=CARTESIAN_POINT('Ctrl Pts',(9.68365783442728,5.51750433208185,-96.4498759090978));
#4052=CARTESIAN_POINT('Ctrl Pts',(9.43897546748621,5.18947844770131,-97.7156833674361));
#4053=CARTESIAN_POINT('Ctrl Pts',(8.83046355413837,4.38159507914792,-100.538855464154));
#4054=CARTESIAN_POINT('Ctrl Pts',(7.63909980721403,4.16788406116447,-104.447067279507));
#4055=CARTESIAN_POINT('Ctrl Pts',(5.00184471814399,4.6597251589584,-107.744526389208));
#4056=CARTESIAN_POINT('Ctrl Pts',(2.38539363862442,5.04004584880483,-108.638560524849));
#4057=CARTESIAN_POINT('Ctrl Pts',(0.414596638590458,4.63404102998855,-108.370466215923));
#4058=CARTESIAN_POINT('Ctrl Pts',(-1.59588072329069,4.5512068244431,-108.638560524849));
#4059=CARTESIAN_POINT('Ctrl Pts',(-4.04260412153532,3.5492064795696,-107.744526389208));
#4060=CARTESIAN_POINT('Ctrl Pts',(-6.48253433284748,2.43396541404557,-104.447067279508));
#4061=CARTESIAN_POINT('Ctrl Pts',(-7.6902108595094,2.35311132544835,-100.538855464154));
#4062=CARTESIAN_POINT('Ctrl Pts',(-8.47609204436274,2.98978474971307,-97.7156833674361));
#4063=CARTESIAN_POINT('Ctrl Pts',(-8.79286294305585,3.24887284140521,-96.4498759090978));
#4064=CARTESIAN_POINT('Ctrl Pts',(-8.88126433678747,3.31800040482976,-96.0719153118231));
#4065=CARTESIAN_POINT('Ctrl Pts',(-9.02368931258522,3.42178526406654,-95.4039445616164));
#4066=CARTESIAN_POINT('Ctrl Pts',(-9.07771289465135,3.45644255987877,-95.1139344086843));
#4067=CARTESIAN_POINT('Ctrl Pts',(-9.12793156416175,3.48059060041058,-94.8209027754478));
#4068=CARTESIAN_POINT('',(-9.49091081995579,5.04580079614167,-93.0474779822592));
#4069=CARTESIAN_POINT('Ctrl Pts',(-9.4909108199558,5.04580079614167,-93.0474779822592));
#4070=CARTESIAN_POINT('Ctrl Pts',(-9.46223353539904,5.1449221195348,-93.2737978497855));
#4071=CARTESIAN_POINT('Ctrl Pts',(-9.39973509240986,5.34275822464276,-93.7288544333511));
#4072=CARTESIAN_POINT('Ctrl Pts',(-9.27849580457066,5.62046124812116,-94.3317957780634));
#4073=CARTESIAN_POINT('Ctrl Pts',(-9.05258123917434,6.09691597211656,-95.3471213659916));
#4074=CARTESIAN_POINT('Ctrl Pts',(-8.44088368326297,7.20338172231323,-97.6619620082275));
#4075=CARTESIAN_POINT('Ctrl Pts',(-7.39606960807337,8.29732275235536,-99.8360914319492));
#4076=CARTESIAN_POINT('Ctrl Pts',(-6.55646263557816,8.9956852376721,-100.641553889017));
#4077=CARTESIAN_POINT('Ctrl Pts',(-6.41178371209313,9.11012608525508,-100.758560223058));
#4078=CARTESIAN_POINT('Ctrl Pts',(-9.4809603594733,4.33587336629483,-93.4835511943373));
#4079=CARTESIAN_POINT('Ctrl Pts',(-9.51194989602964,4.44683050597569,-93.302952475365));
#4080=CARTESIAN_POINT('Ctrl Pts',(-9.53817590566625,4.56098017943155,-93.1727212774276));
#4081=CARTESIAN_POINT('Ctrl Pts',(-9.54090745340075,4.75413572711332,-93.086607180173));
#4082=CARTESIAN_POINT('Ctrl Pts',(-9.53360507894199,4.87663622824588,-93.0473015748414));
#4083=CARTESIAN_POINT('Ctrl Pts',(-9.50805589191971,4.98659700140113,-93.0442035551855));
#4084=CARTESIAN_POINT('Ctrl Pts',(-9.4909108199558,5.04580079614167,-93.0474779822592));
#4085=CARTESIAN_POINT('Ctrl Pts',(9.92625448905346,7.42992891258746,-93.0474779822592));
#4086=CARTESIAN_POINT('Ctrl Pts',(9.95721297335707,7.37663149188109,-93.0442035551854));
#4087=CARTESIAN_POINT('Ctrl Pts',(10.0086051590179,7.27611793138601,-93.0473015748414));
#4088=CARTESIAN_POINT('Ctrl Pts',(10.0453261751928,7.15902282294187,-93.0866071801732));
#4089=CARTESIAN_POINT('Ctrl Pts',(10.0894043223407,6.97094399931389,-93.1727212774276));
#4090=CARTESIAN_POINT('Ctrl Pts',(10.0915726426576,6.85384041303857,-93.302952475365));
#4091=CARTESIAN_POINT('Ctrl Pts',(10.0883465893396,6.73868212717896,-93.4835511943374));
#4092=CARTESIAN_POINT('Ctrl Pts',(10.1768501397449,4.14130871217234,-91.9004406369107));
#4093=CARTESIAN_POINT('Ctrl Pts',(10.1595077146935,4.0925954432265,-91.9776870314631));
#4094=CARTESIAN_POINT('Ctrl Pts',(10.1422211027234,4.04432846556668,-92.0546886366811));
#4095=CARTESIAN_POINT('Ctrl Pts',(10.0984092961114,3.9329202887706,-92.24788603862));
#4096=CARTESIAN_POINT('Ctrl Pts',(10.0718841014695,3.86977908963434,-92.3640818353407));
#4097=CARTESIAN_POINT('Ctrl Pts',(9.97845064353634,3.65804416001087,-92.7714605127573));
#4098=CARTESIAN_POINT('Ctrl Pts',(9.75149309689619,3.17741187311293,-93.7238387451649));
#4099=CARTESIAN_POINT('Ctrl Pts',(9.02222448237024,2.00321327985457,-96.3448874952016));
#4100=CARTESIAN_POINT('Ctrl Pts',(7.86342730487642,1.80401446896198,-98.6885094616306));
#4101=CARTESIAN_POINT('Ctrl Pts',(5.70110854786736,-0.539889911106657,-98.1896124927342));
#4102=CARTESIAN_POINT('Ctrl Pts',(3.36573564430563,-1.21999440818749,-98.4782556542601));
#4103=CARTESIAN_POINT('Ctrl Pts',(1.23116706722118,-2.0163914236198,-98.5870832486471));
#4104=CARTESIAN_POINT('Ctrl Pts',(-1.0326615761902,-1.76004967958263,-98.4782556542601));
#4105=CARTESIAN_POINT('Ctrl Pts',(-3.46319609291657,-1.66512503240575,-98.1896124927342));
#4106=CARTESIAN_POINT('Ctrl Pts',(-6.12832653241945,0.0860431177880896,
-98.6885094616305));
#4107=CARTESIAN_POINT('Ctrl Pts',(-7.30089303529472,-0.00101353711841463,
-96.3448874952016));
#4108=CARTESIAN_POINT('Ctrl Pts',(-8.29256360476799,0.961880294092005,-93.723838745165));
#4109=CARTESIAN_POINT('Ctrl Pts',(-8.62905501625177,1.3733297480755,-92.7714605127573));
#4110=CARTESIAN_POINT('Ctrl Pts',(-8.7709364167147,1.55617164613687,-92.3640818353407));
#4111=CARTESIAN_POINT('Ctrl Pts',(-8.81194893829982,1.61102025644182,-92.2478860386199));
#4112=CARTESIAN_POINT('Ctrl Pts',(-8.88141142433168,1.70852009895404,-92.0546886366811));
#4113=CARTESIAN_POINT('Ctrl Pts',(-8.90986138877842,1.75117133116131,-91.9776870314631));
#4114=CARTESIAN_POINT('Ctrl Pts',(-8.93847347605329,1.79424209548966,-91.9004406369106));
#4115=CARTESIAN_POINT('Ctrl Pts',(10.1953374941727,4.14325281960435,-91.7624800168415));
#4116=CARTESIAN_POINT('Ctrl Pts',(10.1785674207244,4.07713831821849,-91.8160888864162));
#4117=CARTESIAN_POINT('Ctrl Pts',(10.160605865472,4.02111628789945,-91.8892185502864));
#4118=CARTESIAN_POINT('Ctrl Pts',(10.1158635855504,3.88973394038417,-92.0663964995077));
#4119=CARTESIAN_POINT('Ctrl Pts',(10.0887143319355,3.81944603681557,-92.1790626566308));
#4120=CARTESIAN_POINT('Ctrl Pts',(9.99707964640743,3.59808368101656,-92.5608758055592));
#4121=CARTESIAN_POINT('Ctrl Pts',(9.77161480521094,3.10117353239392,-93.4803351950924));
#4122=CARTESIAN_POINT('Ctrl Pts',(9.04011826022628,1.89377534475041,-96.0598568929533));
#4123=CARTESIAN_POINT('Ctrl Pts',(7.88356260861388,1.68998103883783,-98.321501728611));
#4124=CARTESIAN_POINT('Ctrl Pts',(5.72223700465427,-0.702385447783502,-97.6935748880909));
#4125=CARTESIAN_POINT('Ctrl Pts',(3.38749587101294,-1.41027797271924,-97.9629567022584));
#4126=CARTESIAN_POINT('Ctrl Pts',(1.25356888226417,-2.19883956594532,-98.0852016870792));
#4127=CARTESIAN_POINT('Ctrl Pts',(-1.00774167053412,-1.94994528432205,-97.9629567022584));
#4128=CARTESIAN_POINT('Ctrl Pts',(-3.44438571598037,-1.8279051934992,-97.693574888091));
#4129=CARTESIAN_POINT('Ctrl Pts',(-6.1202765480058,-0.0294742029626033,
-98.321501728611));
#4130=CARTESIAN_POINT('Ctrl Pts',(-7.29177985876446,-0.111529594500819,
-96.0598568929533));
#4131=CARTESIAN_POINT('Ctrl Pts',(-8.29364388844705,0.883038676095767,-93.4803351950924));
#4132=CARTESIAN_POINT('Ctrl Pts',(-8.63262490538301,1.31064358787415,-92.5608758055592));
#4133=CARTESIAN_POINT('Ctrl Pts',(-8.77509004985879,1.5032620988387,-92.1790626566308));
#4134=CARTESIAN_POINT('Ctrl Pts',(-8.81843703748201,1.56489415238156,-92.0663964995076));
#4135=CARTESIAN_POINT('Ctrl Pts',(-8.89363454703303,1.68154974551167,-91.8892185502864));
#4136=CARTESIAN_POINT('Ctrl Pts',(-8.92461552310185,1.73156238861294,-91.8160888864163));
#4137=CARTESIAN_POINT('Ctrl Pts',(-8.9568819991999,1.79165595879457,-91.7624800168415));
#4138=CARTESIAN_POINT('Ctrl Pts',(10.2129664931827,4.14442505760315,-91.6297078894221));
#4139=CARTESIAN_POINT('Ctrl Pts',(10.1974105253597,4.07286253453324,-91.6681509371072));
#4140=CARTESIAN_POINT('Ctrl Pts',(10.1794133247271,4.00087693533352,-91.7212391204943));
#4141=CARTESIAN_POINT('Ctrl Pts',(10.1346964956085,3.85131921379644,-91.8758548673338));
#4142=CARTESIAN_POINT('Ctrl Pts',(10.1080783015193,3.77547345220253,-91.9784832824785));
#4143=CARTESIAN_POINT('Ctrl Pts',(10.0174818688629,3.53789399112835,-92.3311273431284));
#4144=CARTESIAN_POINT('Ctrl Pts',(9.7933216019939,3.02256636381023,-93.2154507252916));
#4145=CARTESIAN_POINT('Ctrl Pts',(9.06091768069277,1.7790060362459,-95.7419110154183));
#4146=CARTESIAN_POINT('Ctrl Pts',(7.90699067451926,1.56767585902713,-97.918305194184));
#4147=CARTESIAN_POINT('Ctrl Pts',(5.74157293245351,-0.856684111976281,-97.189687277056));
#4148=CARTESIAN_POINT('Ctrl Pts',(3.40540511025922,-1.58663991170233,-97.4415602448508));
#4149=CARTESIAN_POINT('Ctrl Pts',(1.27390055756066,-2.36442777302105,-97.5738805189509));
#4150=CARTESIAN_POINT('Ctrl Pts',(-0.982453114245219,-2.1254011571023,-97.4415602448508));
#4151=CARTESIAN_POINT('Ctrl Pts',(-3.42581905875754,-1.98229831224192,-97.189687277056));
#4152=CARTESIAN_POINT('Ctrl Pts',(-6.11342039928725,-0.153814158348409,
-97.918305194184));
#4153=CARTESIAN_POINT('Ctrl Pts',(-7.28419623888204,-0.227921599277029,
-95.7419110154182));
#4154=CARTESIAN_POINT('Ctrl Pts',(-8.29568910536521,0.801515126939218,-93.2154507252916));
#4155=CARTESIAN_POINT('Ctrl Pts',(-8.63785989076478,1.24730604467887,-92.3311273431283));
#4156=CARTESIAN_POINT('Ctrl Pts',(-8.78324089576578,1.45591111968729,-91.9784832824785));
#4157=CARTESIAN_POINT('Ctrl Pts',(-8.82741716614965,1.52306441404653,-91.8758548673338));
#4158=CARTESIAN_POINT('Ctrl Pts',(-8.90698700183187,1.65736165201995,-91.7212391204944));
#4159=CARTESIAN_POINT('Ctrl Pts',(-8.94186450130488,1.72285505438433,-91.6681509371071));
#4160=CARTESIAN_POINT('Ctrl Pts',(-8.97427093163656,1.78852853545697,-91.6297078894221));
#4161=CARTESIAN_POINT('Ctrl Pts',(10.2515267201221,4.14800363757082,-91.3286008299554));
#4162=CARTESIAN_POINT('Ctrl Pts',(10.2381681504561,4.05987146771119,-91.3321659219905));
#4163=CARTESIAN_POINT('Ctrl Pts',(10.2207334512478,3.97001571748673,-91.3593351791502));
#4164=CARTESIAN_POINT('Ctrl Pts',(10.1765786115861,3.78724959949137,-91.4686166432534));
#4165=CARTESIAN_POINT('Ctrl Pts',(10.1502956748706,3.6969639458985,-91.5502025569234));
#4166=CARTESIAN_POINT('Ctrl Pts',(10.0607633986885,3.42313997250142,-91.8475384118797));
#4167=CARTESIAN_POINT('Ctrl Pts',(9.83896498218193,2.8636239752333,-92.652522577576));
#4168=CARTESIAN_POINT('Ctrl Pts',(9.10713750000588,1.54279702555837,-95.0524534189935));
#4169=CARTESIAN_POINT('Ctrl Pts',(7.95929759154858,1.31147490623457,-97.0537719366479));
#4170=CARTESIAN_POINT('Ctrl Pts',(5.77771181980435,-1.14972471268697,-96.1714655057049));
#4171=CARTESIAN_POINT('Ctrl Pts',(3.43538588926915,-1.9141490704125,-96.3914435171566));
#4172=CARTESIAN_POINT('Ctrl Pts',(1.31091127214333,-2.66585585412921,-96.5383859790239));
#4173=CARTESIAN_POINT('Ctrl Pts',(-0.932311699487566,-2.45043490100466,
-96.3914435171566));
#4174=CARTESIAN_POINT('Ctrl Pts',(-3.38999152909484,-2.27537714286963,-96.171465505705));
#4175=CARTESIAN_POINT('Ctrl Pts',(-6.10219295718145,-0.415059036431575,
-97.0537719366479));
#4176=CARTESIAN_POINT('Ctrl Pts',(-7.27189900040755,-0.468295779157515,
-95.0524534189935));
#4177=CARTESIAN_POINT('Ctrl Pts',(-8.30152503815878,0.636251873522262,-92.6525225775759));
#4178=CARTESIAN_POINT('Ctrl Pts',(-8.65209426446736,1.12548996109229,-91.8475384118797));
#4179=CARTESIAN_POINT('Ctrl Pts',(-8.80521106411543,1.36952037426008,-91.5502025569234));
#4180=CARTESIAN_POINT('Ctrl Pts',(-8.85255536174708,1.45076574021314,-91.4686166432534));
#4181=CARTESIAN_POINT('Ctrl Pts',(-8.93961373968208,1.61742090090123,-91.3593351791502));
#4182=CARTESIAN_POINT('Ctrl Pts',(-8.97826862723761,1.70038971584367,-91.3321659219904));
#4183=CARTESIAN_POINT('Ctrl Pts',(-9.01255149188949,1.78267225310979,-91.3286008299554));
#4184=CARTESIAN_POINT('Ctrl Pts',(10.2724579480516,4.15040997953969,-91.1602658979081));
#4185=CARTESIAN_POINT('Ctrl Pts',(10.2603305002392,4.05707922676091,-91.1490439233712));
#4186=CARTESIAN_POINT('Ctrl Pts',(10.2430261864718,3.96080018898848,-91.1683952209613));
#4187=CARTESIAN_POINT('Ctrl Pts',(10.1990684844297,3.76291658235849,-91.2573427354924));
#4188=CARTESIAN_POINT('Ctrl Pts',(10.1727857190897,3.66105563161775,-91.3239090931599));
#4189=CARTESIAN_POINT('Ctrl Pts',(10.0836427060587,3.36857564376269,-91.5936979430619));
#4190=CARTESIAN_POINT('Ctrl Pts',(9.86290156558699,2.78328875524007,-92.3544788996613));
#4191=CARTESIAN_POINT('Ctrl Pts',(9.1325578988525,1.42135732337537,-94.6809417001039));
#4192=CARTESIAN_POINT('Ctrl Pts',(7.98817644267252,1.17757913325271,-96.5924352135387));
#4193=CARTESIAN_POINT('Ctrl Pts',(5.79451477935596,-1.28846664920487,-95.6571313453887));
#4194=CARTESIAN_POINT('Ctrl Pts',(3.44745742903281,-2.06529629013958,-95.86272324687));
#4195=CARTESIAN_POINT('Ctrl Pts',(1.32759031142951,-2.80169572816165,-96.0142126072253));
#4196=CARTESIAN_POINT('Ctrl Pts',(-0.90745884101882,-2.60001277212678,-95.86272324687));
#4197=CARTESIAN_POINT('Ctrl Pts',(-3.37273065665497,-2.41406285475462,-95.6571313453888));
#4198=CARTESIAN_POINT('Ctrl Pts',(-6.09782166379422,-0.551963959128935,
-96.5924352135387));
#4199=CARTESIAN_POINT('Ctrl Pts',(-7.26718538181549,-0.592277954261791,
-94.6809417001039));
#4200=CARTESIAN_POINT('Ctrl Pts',(-8.30531575403418,0.552512169261856,-92.3544788996613));
#4201=CARTESIAN_POINT('Ctrl Pts',(-8.66109365278817,1.06701142070099,-91.5936979430619));
#4202=CARTESIAN_POINT('Ctrl Pts',(-8.81834605044636,1.32923785624609,-91.3239090931599));
#4203=CARTESIAN_POINT('Ctrl Pts',(-8.86849049962127,1.42171472501159,-91.2573427354924));
#4204=CARTESIAN_POINT('Ctrl Pts',(-8.95901484727368,1.60308601222052,-91.1683952209614));
#4205=CARTESIAN_POINT('Ctrl Pts',(-8.99909715629278,1.6923188587124,-91.1490439233712));
#4206=CARTESIAN_POINT('Ctrl Pts',(-9.03344311970576,1.77994339410021,-91.1602658979081));
#4207=CARTESIAN_POINT('Ctrl Pts',(10.3402049752194,4.15948016140141,-90.6019168948247));
#4208=CARTESIAN_POINT('Ctrl Pts',(10.3282955864965,4.05165635053058,-90.5738518960568));
#4209=CARTESIAN_POINT('Ctrl Pts',(10.3111644293456,3.93583121389106,-90.568452456671));
#4210=CARTESIAN_POINT('Ctrl Pts',(10.2681957940984,3.69887619090161,-90.6013201580163));
#4211=CARTESIAN_POINT('Ctrl Pts',(10.2423583160021,3.57774630455167,-90.6395872987475));
#4212=CARTESIAN_POINT('Ctrl Pts',(10.15439222416,3.22244637367665,-90.8173917831455));
#4213=CARTESIAN_POINT('Ctrl Pts',(9.93664541026382,2.54420542462582,-91.4250130007603));
#4214=CARTESIAN_POINT('Ctrl Pts',(9.21396510270144,1.05302115599195,-93.5044548452317));
#4215=CARTESIAN_POINT('Ctrl Pts',(8.08128706519625,0.765935283853351,-95.1425708823871));
#4216=CARTESIAN_POINT('Ctrl Pts',(5.84270234023083,-1.68261289318616,-94.1063392357713));
#4217=CARTESIAN_POINT('Ctrl Pts',(3.47771191225906,-2.48485866819876,-94.272883513591));
#4218=CARTESIAN_POINT('Ctrl Pts',(1.3728799404966,-3.17055015687848,-94.4314547004991));
#4219=CARTESIAN_POINT('Ctrl Pts',(-0.835313310971558,-3.01443157639628,
-94.272883513591));
#4220=CARTESIAN_POINT('Ctrl Pts',(-3.32413423454408,-2.80815889688858,-94.1063392357714));
#4221=CARTESIAN_POINT('Ctrl Pts',(-6.08858084254125,-0.973905725250342,
-95.1425708823871));
#4222=CARTESIAN_POINT('Ctrl Pts',(-7.25706585996688,-0.9693671483774,-93.5044548452318));
#4223=CARTESIAN_POINT('Ctrl Pts',(-8.31902959881478,0.302690384649998,-91.4250130007602));
#4224=CARTESIAN_POINT('Ctrl Pts',(-8.69438973781613,0.908106956920852,-90.8173917831455));
#4225=CARTESIAN_POINT('Ctrl Pts',(-8.86569769357142,1.2315720377081,-90.6395872987475));
#4226=CARTESIAN_POINT('Ctrl Pts',(-8.92007165986563,1.34285319707916,-90.6013201580163));
#4227=CARTESIAN_POINT('Ctrl Pts',(-9.01908855134337,1.56237458951513,-90.568452456671));
#4228=CARTESIAN_POINT('Ctrl Pts',(-9.06373147652691,1.67061482258004,-90.5738518960568));
#4229=CARTESIAN_POINT('Ctrl Pts',(-9.10137204622401,1.7723546635635,-90.6019168948247));
#4230=CARTESIAN_POINT('Ctrl Pts',(10.4311084980694,4.16349527850592,-89.7882615996126));
#4231=CARTESIAN_POINT('Ctrl Pts',(10.4210564570372,4.04121815571321,-89.73077050698));
#4232=CARTESIAN_POINT('Ctrl Pts',(10.4053755190491,3.9096795414874,-89.6962010650209));
#4233=CARTESIAN_POINT('Ctrl Pts',(10.3647860500247,3.63737876213708,-89.6674211102));
#4234=CARTESIAN_POINT('Ctrl Pts',(10.3398775189885,3.49661659701258,-89.673210597338));
#4235=CARTESIAN_POINT('Ctrl Pts',(10.2543558376039,3.0744439232423,-89.7428908940226));
#4236=CARTESIAN_POINT('Ctrl Pts',(10.0401281217306,2.2305538621147,-90.0914988284738));
#4237=CARTESIAN_POINT('Ctrl Pts',(9.33623072732423,0.551194103922366,-91.7706011768605));
#4238=CARTESIAN_POINT('Ctrl Pts',(8.22269874629965,0.190526070110754,-93.0338073426537));
#4239=CARTESIAN_POINT('Ctrl Pts',(5.90102890731752,-2.14926237696809,-92.017844079831));
#4240=CARTESIAN_POINT('Ctrl Pts',(3.50215752705478,-2.95393042261881,-92.1432867427679));
#4241=CARTESIAN_POINT('Ctrl Pts',(1.42060614247551,-3.55924887948628,-92.2938100479842));
#4242=CARTESIAN_POINT('Ctrl Pts',(-0.74555405853248,-3.47548382449732,-92.1432867427679));
#4243=CARTESIAN_POINT('Ctrl Pts',(-3.26783552561952,-3.27505737034451,-92.0178440798311));
#4244=CARTESIAN_POINT('Ctrl Pts',(-6.08658790462726,-1.56643340815708,-93.0338073426537));
#4245=CARTESIAN_POINT('Ctrl Pts',(-7.25429672130898,-1.48586652400563,-91.7706011768603));
#4246=CARTESIAN_POINT('Ctrl Pts',(-8.34355925093401,-0.0266791197141789,
-90.0914988284738));
#4247=CARTESIAN_POINT('Ctrl Pts',(-8.75557897136146,0.74031742493067,-89.7428908940227));
#4248=CARTESIAN_POINT('Ctrl Pts',(-8.94069310682173,1.12926019876505,-89.673210597338));
#4249=CARTESIAN_POINT('Ctrl Pts',(-8.99891519784959,1.25981520696183,-89.6674211102));
#4250=CARTESIAN_POINT('Ctrl Pts',(-9.10417450688943,1.51420800813931,-89.6962010650209));
#4251=CARTESIAN_POINT('Ctrl Pts',(-9.15121172490141,1.63804580112001,-89.73077050698));
#4252=CARTESIAN_POINT('Ctrl Pts',(-9.19054669068978,1.75425896196594,-89.7882615996126));
#4253=CARTESIAN_POINT('Ctrl Pts',(10.5039685930994,4.15370249689538,-88.9423536229218));
#4254=CARTESIAN_POINT('Ctrl Pts',(10.4958853277575,4.01733198073392,-88.8495274023065));
#4255=CARTESIAN_POINT('Ctrl Pts',(10.4816514066497,3.86968856295483,-88.7816348918074));
#4256=CARTESIAN_POINT('Ctrl Pts',(10.4437733030025,3.56317078703499,-88.6858454111252));
#4257=CARTESIAN_POINT('Ctrl Pts',(10.4201291204632,3.40429642889426,-88.6579484409422));
#4258=CARTESIAN_POINT('Ctrl Pts',(10.3394177558481,2.92779923824001,-88.6194430209938));
#4259=CARTESIAN_POINT('Ctrl Pts',(10.1388797586302,1.97530839200339,-88.7231741434993));
#4260=CARTESIAN_POINT('Ctrl Pts',(9.46689681481013,0.0918203773584236,-89.9025737989112));
#4261=CARTESIAN_POINT('Ctrl Pts',(8.38048297033663,-0.358738140154076,-90.8016202326481));
#4262=CARTESIAN_POINT('Ctrl Pts',(5.96434188188763,-2.51154645438919,-89.9718596536879));
#4263=CARTESIAN_POINT('Ctrl Pts',(3.52464415653672,-3.28436918718188,-90.0720082193023));
#4264=CARTESIAN_POINT('Ctrl Pts',(1.45081469995626,-3.80527783669886,-90.1979959929151));
#4265=CARTESIAN_POINT('Ctrl Pts',(-0.687432366714445,-3.80154715357871,
-90.0720082193023));
#4266=CARTESIAN_POINT('Ctrl Pts',(-3.24162338350742,-3.6418968571881,-89.971859653688));
#4267=CARTESIAN_POINT('Ctrl Pts',(-6.1068062239518,-2.13755358254816,-90.8016202326481));
#4268=CARTESIAN_POINT('Ctrl Pts',(-7.26994890484672,-1.96320587522928,-89.9025737989113));
#4269=CARTESIAN_POINT('Ctrl Pts',(-8.37762807420788,-0.29823289170681,-88.7231741434993));
#4270=CARTESIAN_POINT('Ctrl Pts',(-8.8026376269272,0.577450373286887,-88.6194430209938));
#4271=CARTESIAN_POINT('Ctrl Pts',(-8.9962266226861,1.02026771463711,-88.6579484409422));
#4272=CARTESIAN_POINT('Ctrl Pts',(-9.05760365783895,1.16870277989608,-88.6858454111252));
#4273=CARTESIAN_POINT('Ctrl Pts',(-9.16850998131278,1.45695212526266,-88.7816348918073));
#4274=CARTESIAN_POINT('Ctrl Pts',(-9.21803926963376,1.59676640537028,-88.8495274023065));
#4275=CARTESIAN_POINT('Ctrl Pts',(-9.258873441223,1.72713061551766,-88.9423536229217));
#4276=CARTESIAN_POINT('Ctrl Pts',(10.5511638350572,4.16381500382977,-88.2918817460017));
#4277=CARTESIAN_POINT('Ctrl Pts',(10.5448289734728,4.01377161185195,-88.1623959206027));
#4278=CARTESIAN_POINT('Ctrl Pts',(10.5316801024571,3.85360194992067,-88.06475914673));
#4279=CARTESIAN_POINT('Ctrl Pts',(10.4960977894954,3.5173208385019,-87.9151757111541));
#4280=CARTESIAN_POINT('Ctrl Pts',(10.473434398037,3.34244808525627,-87.863855309614));
#4281=CARTESIAN_POINT('Ctrl Pts',(10.3973877497895,2.83055276483236,-87.7495311241883));
#4282=CARTESIAN_POINT('Ctrl Pts',(10.2061739287966,1.8102753707135,-87.7088257498274));
#4283=CARTESIAN_POINT('Ctrl Pts',(9.56090471295375,-0.21283580176652,-88.5248263796721));
#4284=CARTESIAN_POINT('Ctrl Pts',(8.49815240726074,-0.731164484336787,-89.1666205460881));
#4285=CARTESIAN_POINT('Ctrl Pts',(6.02000905398761,-2.74914458882926,-88.4848336387664));
#4286=CARTESIAN_POINT('Ctrl Pts',(3.55196016179229,-3.4959820804556,-88.5696458570594));
#4287=CARTESIAN_POINT('Ctrl Pts',(1.46982786227609,-3.96012761732285,-88.6779839823578));
#4288=CARTESIAN_POINT('Ctrl Pts',(-0.662743177598748,-4.01348257931873,
-88.5696458570595));
#4289=CARTESIAN_POINT('Ctrl Pts',(-3.23815681161522,-3.88590441940355,-88.4848336387664));
#4290=CARTESIAN_POINT('Ctrl Pts',(-6.13088228855663,-2.52738408589606,-89.1666205460881));
#4291=CARTESIAN_POINT('Ctrl Pts',(-7.2874613662916,-2.28155503273803,-88.5248263796723));
#4292=CARTESIAN_POINT('Ctrl Pts',(-8.40299821857658,-0.474643660168257,
-87.7088257498274));
#4293=CARTESIAN_POINT('Ctrl Pts',(-8.83535961311369,0.469068324921812,-87.7495311241884));
#4294=CARTESIAN_POINT('Ctrl Pts',(-9.03298603717132,0.947360817331797,-87.863855309614));
#4295=CARTESIAN_POINT('Ctrl Pts',(-9.09728177700024,1.11155633182583,-87.9151757111541));
#4296=CARTESIAN_POINT('Ctrl Pts',(-9.21316090712683,1.42924031646127,-88.0647591467301));
#4297=CARTESIAN_POINT('Ctrl Pts',(-9.26466774871072,1.58147125511114,-88.1623959206028));
#4298=CARTESIAN_POINT('Ctrl Pts',(-9.30711321964206,1.72552517538033,-88.2918817460018));
#4299=CARTESIAN_POINT('Ctrl Pts',(10.5658327051928,4.1754301657193,-88.0625007621268));
#4300=CARTESIAN_POINT('Ctrl Pts',(10.5596192045356,4.01814274076586,-87.9279670973245));
#4301=CARTESIAN_POINT('Ctrl Pts',(10.5471599644107,3.85055751572016,-87.8206420458431));
#4302=CARTESIAN_POINT('Ctrl Pts',(10.5123866261195,3.50367186112312,-87.6525378235528));
#4303=CARTESIAN_POINT('Ctrl Pts',(10.490630139057,3.32701214366232,-87.5912669368567));
#4304=CARTESIAN_POINT('Ctrl Pts',(10.4157400069798,2.80026011375382,-87.4550061599142));
#4305=CARTESIAN_POINT('Ctrl Pts',(10.2274770592673,1.75966454383247,-87.3726921386133));
#4306=CARTESIAN_POINT('Ctrl Pts',(9.59157540108981,-0.3077421755085,-88.0694560922963));
#4307=CARTESIAN_POINT('Ctrl Pts',(8.53726409771817,-0.848719630145039,-88.6281440915589));
#4308=CARTESIAN_POINT('Ctrl Pts',(6.03992851821634,-2.82265814637165,-87.9970686845735));
#4309=CARTESIAN_POINT('Ctrl Pts',(3.56280733573483,-3.56048368152207,-88.0773744913713));
#4310=CARTESIAN_POINT('Ctrl Pts',(1.47555837375091,-4.00679888798327,-88.1799547339628));
#4311=CARTESIAN_POINT('Ctrl Pts',(-0.657663794518154,-4.07869237605357,
-88.0773744913713));
#4312=CARTESIAN_POINT('Ctrl Pts',(-3.23970004343313,-3.96205326465582,-87.9970686845735));
#4313=CARTESIAN_POINT('Ctrl Pts',(-6.14039303094348,-2.65090931577113,-88.6281440915589));
#4314=CARTESIAN_POINT('Ctrl Pts',(-7.29426107407182,-2.38106219258945,-88.0694560922963));
#4315=CARTESIAN_POINT('Ctrl Pts',(-8.41142468785169,-0.528904822899901,
-87.3726921386133));
#4316=CARTESIAN_POINT('Ctrl Pts',(-8.84583827426122,0.435235682194746,-87.4550061599142));
#4317=CARTESIAN_POINT('Ctrl Pts',(-9.04593669894241,0.928223362908342,-87.5912669368567));
#4318=CARTESIAN_POINT('Ctrl Pts',(-9.10978477908221,1.09437216117392,-87.6525378235528));
#4319=CARTESIAN_POINT('Ctrl Pts',(-9.22744443573094,1.42254139742015,-87.8206420458431));
#4320=CARTESIAN_POINT('Ctrl Pts',(-9.28007611849433,1.58213446208024,-87.9279670973245));
#4321=CARTESIAN_POINT('Ctrl Pts',(-9.32415632362595,1.73324659645223,-88.0625007621268));
#4322=CARTESIAN_POINT('Ctrl Pts',(10.5930446910967,4.21514914198782,-87.5786247445736));
#4323=CARTESIAN_POINT('Ctrl Pts',(10.5881853915868,4.04209360691717,-87.4215428306485));
#4324=CARTESIAN_POINT('Ctrl Pts',(10.5757224316298,3.85745937379556,-87.3057643386896));
#4325=CARTESIAN_POINT('Ctrl Pts',(10.542104174519,3.48293907091196,-87.1104020570762));
#4326=CARTESIAN_POINT('Ctrl Pts',(10.5211871266967,3.29610169123676,-87.0369203181336));
#4327=CARTESIAN_POINT('Ctrl Pts',(10.4490160599897,2.74322209160864,-86.8640413106784));
#4328=CARTESIAN_POINT('Ctrl Pts',(10.266994233615,1.66799304994221,-86.7085481332576));
#4329=CARTESIAN_POINT('Ctrl Pts',(9.6503959146976,-0.480271197937555,-87.1787379315046));
#4330=CARTESIAN_POINT('Ctrl Pts',(8.61412982914788,-1.06570307772095,-87.5784754786144));
#4331=CARTESIAN_POINT('Ctrl Pts',(6.0835470167923,-2.95915063754111,-87.0426130079182));
#4332=CARTESIAN_POINT('Ctrl Pts',(3.58984963677408,-3.68004335544678,-87.1147351347133));
#4333=CARTESIAN_POINT('Ctrl Pts',(1.48629262158632,-4.0942223209986,-87.2072060902047));
#4334=CARTESIAN_POINT('Ctrl Pts',(-0.654978720692066,-4.20124274142646,
-87.1147351347133));
#4335=CARTESIAN_POINT('Ctrl Pts',(-3.24900236398912,-4.10504361536502,-87.0426130079183));
#4336=CARTESIAN_POINT('Ctrl Pts',(-6.16248247469549,-2.88004293108079,-87.5784754786144));
#4337=CARTESIAN_POINT('Ctrl Pts',(-7.30959581889082,-2.56269633586308,-87.1787379315046));
#4338=CARTESIAN_POINT('Ctrl Pts',(-8.42759069166141,-0.627413351369896,
-86.7085481332576));
#4339=CARTESIAN_POINT('Ctrl Pts',(-8.86432713984544,0.37184172724981,-86.8640413106783));
#4340=CARTESIAN_POINT('Ctrl Pts',(-9.06810809821246,0.890838678648952,-87.0369203181336));
#4341=CARTESIAN_POINT('Ctrl Pts',(-9.13360387338063,1.06706589779688,-87.1104020570762));
#4342=CARTESIAN_POINT('Ctrl Pts',(-9.25682818619433,1.42232835460141,-87.3057643386896));
#4343=CARTESIAN_POINT('Ctrl Pts',(-9.31358800664669,1.59846309902598,-87.4215428306484));
#4344=CARTESIAN_POINT('Ctrl Pts',(-9.36016888728211,1.76520257416474,-87.5786247445736));
#4345=CARTESIAN_POINT('Ctrl Pts',(10.6055878068649,4.24325295636681,-87.3241297108952));
#4346=CARTESIAN_POINT('Ctrl Pts',(10.6025287539907,4.06456853538964,-87.1492236007154));
#4347=CARTESIAN_POINT('Ctrl Pts',(10.5875375087572,3.86152562835877,-87.0473694359398));
#4348=CARTESIAN_POINT('Ctrl Pts',(10.5543279987483,3.46984456557475,-86.836963958316));
#4349=CARTESIAN_POINT('Ctrl Pts',(10.5348318661637,3.28131123023874,-86.7552126459352));
#4350=CARTESIAN_POINT('Ctrl Pts',(10.4639398558094,2.71647672054199,-86.5676014257166));
#4351=CARTESIAN_POINT('Ctrl Pts',(10.285208277492,1.62693238293298,-86.380537739116));
#4352=CARTESIAN_POINT('Ctrl Pts',(9.67854574016932,-0.557893846624631,-86.7433900580888));
#4353=CARTESIAN_POINT('Ctrl Pts',(8.65188387012015,-1.1651313794886,-87.0672833201992));
#4354=CARTESIAN_POINT('Ctrl Pts',(6.10724605113952,-3.02212957116818,-86.5759222854559));
#4355=CARTESIAN_POINT('Ctrl Pts',(3.60604476387079,-3.73510142830502,-86.6443671437435));
#4356=CARTESIAN_POINT('Ctrl Pts',(1.49129635794691,-4.13497448335351,-86.7324866948415));
#4357=CARTESIAN_POINT('Ctrl Pts',(-0.657373029946572,-4.25858331006451,
-86.6443671437435));
#4358=CARTESIAN_POINT('Ctrl Pts',(-3.2567614527272,-4.17188512082194,-86.575922285456));
#4359=CARTESIAN_POINT('Ctrl Pts',(-6.17506117606064,-2.98565131651539,-87.0672833201992));
#4360=CARTESIAN_POINT('Ctrl Pts',(-7.3181308559296,-2.64482331928529,-86.7433900580888));
#4361=CARTESIAN_POINT('Ctrl Pts',(-8.43533022619599,-0.671660717108248,
-86.380537739116));
#4362=CARTESIAN_POINT('Ctrl Pts',(-8.87233734428214,0.342280415031939,-86.5676014257166));
#4363=CARTESIAN_POINT('Ctrl Pts',(-9.07776939424204,0.873186596316091,-86.7552126459352));
#4364=CARTESIAN_POINT('Ctrl Pts',(-9.14229675023596,1.05140314450146,-86.836963958316));
#4365=CARTESIAN_POINT('Ctrl Pts',(-9.26927602104851,1.42341549817075,-87.0473694359398));
#4366=CARTESIAN_POINT('Ctrl Pts',(-9.33294248718711,1.61680045264916,-87.1492236007155));
#4367=CARTESIAN_POINT('Ctrl Pts',(-9.37913834695438,1.78943713080534,-87.3241297108952));
#4368=CARTESIAN_POINT('Ctrl Pts',(10.611088851359,4.26028550830515,-87.1144329471541));
#4369=CARTESIAN_POINT('Ctrl Pts',(10.6108610477298,4.07579444476039,-86.8998417558321));
#4370=CARTESIAN_POINT('Ctrl Pts',(10.5978459935031,3.86538858837036,-86.7719025738854));
#4371=CARTESIAN_POINT('Ctrl Pts',(10.5651467460096,3.45814646626717,-86.557490897664));
#4372=CARTESIAN_POINT('Ctrl Pts',(10.5454625527428,3.26131020055402,-86.4710184033893));
#4373=CARTESIAN_POINT('Ctrl Pts',(10.4764062643821,2.69115578942989,-86.2738009520729));
#4374=CARTESIAN_POINT('Ctrl Pts',(10.30146149436,1.59102169557996,-86.058668042037));
#4375=CARTESIAN_POINT('Ctrl Pts',(9.70483998088848,-0.624878456223139,-86.3241857462626));
#4376=CARTESIAN_POINT('Ctrl Pts',(8.68839171679119,-1.25301980613498,-86.5768520169074));
#4377=CARTESIAN_POINT('Ctrl Pts',(6.13336091540984,-3.08025970148421,-86.1223954106098));
#4378=CARTESIAN_POINT('Ctrl Pts',(3.62584600526432,-3.78675200297979,-86.1873864390993));
#4379=CARTESIAN_POINT('Ctrl Pts',(1.49618052849173,-4.1747528602838,-86.2724357307195));
#4380=CARTESIAN_POINT('Ctrl Pts',(-0.664090684911539,-4.31348999578429,
-86.1873864390993));
#4381=CARTESIAN_POINT('Ctrl Pts',(-3.26803764260345,-4.23460629530306,-86.1223954106099));
#4382=CARTESIAN_POINT('Ctrl Pts',(-6.18922244888553,-3.07976112875042,-86.5768520169075));
#4383=CARTESIAN_POINT('Ctrl Pts',(-7.327439001595,-2.71617935226312,-86.3241857462626));
#4384=CARTESIAN_POINT('Ctrl Pts',(-8.44241307150451,-0.710436712608811,
-86.0586680420371));
#4385=CARTESIAN_POINT('Ctrl Pts',(-8.8783077595893,0.314695726595302,-86.2738009520729));
#4386=CARTESIAN_POINT('Ctrl Pts',(-9.08324561698178,0.851207886843166,-86.4710184033893));
#4387=CARTESIAN_POINT('Ctrl Pts',(-9.14996410810786,1.0374352368923,-86.557490897664));
#4388=CARTESIAN_POINT('Ctrl Pts',(-9.28021283435051,1.42466986359027,-86.7719025738854));
#4389=CARTESIAN_POINT('Ctrl Pts',(-9.34374306946708,1.6256771402391,-86.8998417558321));
#4390=CARTESIAN_POINT('Ctrl Pts',(-9.3885965341688,1.80463292004691,-87.1144329471541));
#4391=CARTESIAN_POINT('',(1.49107957238662,-4.13320890664988,-86.2440859668461));
#4392=CARTESIAN_POINT('Ctrl Pts',(10.611088851359,4.26028550830515,-87.1144329471541));
#4393=CARTESIAN_POINT('Ctrl Pts',(10.6108610477298,4.07579444476039,-86.8998417558321));
#4394=CARTESIAN_POINT('Ctrl Pts',(10.5848309392764,3.65498273198033,-86.6439633919387));
#4395=CARTESIAN_POINT('Ctrl Pts',(10.5454625527428,3.26131020055402,-86.4710184033893));
#4396=CARTESIAN_POINT('Ctrl Pts',(10.4764062643821,2.69115578942989,-86.2738009520729));
#4397=CARTESIAN_POINT('Ctrl Pts',(10.30146149436,1.59102169557996,-86.058668042037));
#4398=CARTESIAN_POINT('Ctrl Pts',(9.70483998088848,-0.624878456223139,-86.3241857462626));
#4399=CARTESIAN_POINT('Ctrl Pts',(8.68839171679119,-1.25301980613498,-86.5768520169074));
#4400=CARTESIAN_POINT('Ctrl Pts',(6.13336091540984,-3.08025970148421,-86.1223954106098));
#4401=CARTESIAN_POINT('Ctrl Pts',(3.62584600526432,-3.78675200297979,-86.1873864390993));
#4402=CARTESIAN_POINT('Ctrl Pts',(2.20606902074926,-4.04541924118246,-86.2440859668461));
#4403=CARTESIAN_POINT('Ctrl Pts',(1.49107957238661,-4.13320890664988,-86.2440859668461));
#4404=CARTESIAN_POINT('Ctrl Pts',(1.49107957238661,-4.13320890664988,-86.2440859668461));
#4405=CARTESIAN_POINT('Ctrl Pts',(0.776090124023971,-4.2209985721173,-86.2440859668461));
#4406=CARTESIAN_POINT('Ctrl Pts',(-0.664090684911539,-4.31348999578429,
-86.1873864390993));
#4407=CARTESIAN_POINT('Ctrl Pts',(-3.26803764260345,-4.23460629530306,-86.1223954106099));
#4408=CARTESIAN_POINT('Ctrl Pts',(-6.18922244888553,-3.07976112875042,-86.5768520169075));
#4409=CARTESIAN_POINT('Ctrl Pts',(-7.327439001595,-2.71617935226312,-86.3241857462626));
#4410=CARTESIAN_POINT('Ctrl Pts',(-8.44241307150451,-0.710436712608811,
-86.0586680420371));
#4411=CARTESIAN_POINT('Ctrl Pts',(-8.8783077595893,0.314695726595302,-86.2738009520729));
#4412=CARTESIAN_POINT('Ctrl Pts',(-9.08324561698178,0.851207886843166,-86.4710184033893));
#4413=CARTESIAN_POINT('Ctrl Pts',(-9.21668259923394,1.22366258694143,-86.6439633919387));
#4414=CARTESIAN_POINT('Ctrl Pts',(-9.34374306946708,1.6256771402391,-86.8998417558321));
#4415=CARTESIAN_POINT('Ctrl Pts',(-9.3885965341688,1.80463292004691,-87.1144329471541));
#4416=CARTESIAN_POINT('Ctrl Pts',(10.0883465893396,6.73868212717895,-93.4835511943374));
#4417=CARTESIAN_POINT('Ctrl Pts',(10.1214489256335,6.66895545232016,-93.2054420715092));
#4418=CARTESIAN_POINT('Ctrl Pts',(10.1514673392202,6.59681452428026,-92.9438466402646));
#4419=CARTESIAN_POINT('Ctrl Pts',(10.2074357975811,6.4456977313008,-92.4390106143176));
#4420=CARTESIAN_POINT('Ctrl Pts',(10.2333858423553,6.36672186636125,-92.1957700196151));
#4421=CARTESIAN_POINT('Ctrl Pts',(10.3082826383611,6.116532220387,-91.4715716703829));
#4422=CARTESIAN_POINT('Ctrl Pts',(10.4002694641912,5.74758055600639,-90.5207030310738));
#4423=CARTESIAN_POINT('Ctrl Pts',(10.5179996154544,5.26816261459771,-89.3075248592437));
#4424=CARTESIAN_POINT('Ctrl Pts',(10.5696812291036,4.90953567356192,-88.4799529989051));
#4425=CARTESIAN_POINT('Ctrl Pts',(10.5902913264312,4.69407482563068,-88.0084152979948));
#4426=CARTESIAN_POINT('Ctrl Pts',(10.5961277814659,4.61481379261384,-87.8395898197366));
#4427=CARTESIAN_POINT('Ctrl Pts',(10.6057335367193,4.44141022583401,-87.4786463739775));
#4428=CARTESIAN_POINT('Ctrl Pts',(10.609502836938,4.347267692071,-87.2865284064765));
#4429=CARTESIAN_POINT('Ctrl Pts',(10.611088851359,4.26028550830515,-87.1144329471541));
#4430=CARTESIAN_POINT('Ctrl Pts',(10.0891531026691,6.76747169864386,-93.4384015145943));
#4431=CARTESIAN_POINT('Ctrl Pts',(10.1223349307782,6.69689912061731,-93.1606169800962));
#4432=CARTESIAN_POINT('Ctrl Pts',(10.1523980614209,6.62436433653191,-92.8992855810972));
#4433=CARTESIAN_POINT('Ctrl Pts',(10.2084067525413,6.47327644352562,-92.3947088313968));
#4434=CARTESIAN_POINT('Ctrl Pts',(10.2343523130189,6.39472333460473,-92.1514634806954));
#4435=CARTESIAN_POINT('Ctrl Pts',(10.3091923763552,6.14689565151211,-91.4266261669871));
#4436=CARTESIAN_POINT('Ctrl Pts',(10.4009881458795,5.78400979050876,-90.4732397177648));
#4437=CARTESIAN_POINT('Ctrl Pts',(10.5186700427297,5.3127436261161,-89.2542184969684));
#4438=CARTESIAN_POINT('Ctrl Pts',(10.5711617648389,4.96328185012519,-88.4116435835426));
#4439=CARTESIAN_POINT('Ctrl Pts',(10.5926051093492,4.75561288786851,-87.9266090533923));
#4440=CARTESIAN_POINT('Ctrl Pts',(10.5983189107642,4.68441596457472,-87.7630789825729));
#4441=CARTESIAN_POINT('Ctrl Pts',(10.6078999897579,4.54582185414823,-87.4394511815501));
#4442=CARTESIAN_POINT('Ctrl Pts',(10.6113373452872,4.45783866232023,-87.2837948564698));
#4443=CARTESIAN_POINT('Ctrl Pts',(10.6146294742154,4.38483395220946,-87.1174578697543));
#4444=CARTESIAN_POINT('Ctrl Pts',(10.0896224676464,6.79638285138474,-93.3963998049158));
#4445=CARTESIAN_POINT('Ctrl Pts',(10.1228455858935,6.72537062094348,-93.1197471770819));
#4446=CARTESIAN_POINT('Ctrl Pts',(10.1528956868589,6.65284307296989,-92.8594868761782));
#4447=CARTESIAN_POINT('Ctrl Pts',(10.2088020930036,6.50255475399434,-92.356744267733));
#4448=CARTESIAN_POINT('Ctrl Pts',(10.234658398183,6.42479398299239,-92.1142619601916));
#4449=CARTESIAN_POINT('Ctrl Pts',(10.3091649782083,6.18035795349846,-91.3909720368635));
#4450=CARTESIAN_POINT('Ctrl Pts',(10.4003408568747,5.82470000353835,-90.4376708038826));
#4451=CARTESIAN_POINT('Ctrl Pts',(10.5172246576544,5.3638110112741,-89.2181303554251));
#4452=CARTESIAN_POINT('Ctrl Pts',(10.5695321475279,5.02852286017279,-88.3719014256378));
#4453=CARTESIAN_POINT('Ctrl Pts',(10.5903374688775,4.84078914256373,-87.9035060679121));
#4454=CARTESIAN_POINT('Ctrl Pts',(10.5963811720629,4.77486296301764,-87.7398274665316));
#4455=CARTESIAN_POINT('Ctrl Pts',(10.6056501630757,4.65487945801939,-87.4335229726383));
#4456=CARTESIAN_POINT('Ctrl Pts',(10.608892760489,4.5914767291919,-87.2835983903329));
#4457=CARTESIAN_POINT('Ctrl Pts',(10.6122956700389,4.53209220238198,-87.1198721061025));
#4458=CARTESIAN_POINT('Ctrl Pts',(10.0892049403504,6.85464635053496,-93.3193940218988));
#4459=CARTESIAN_POINT('Ctrl Pts',(10.1224193291588,6.78345961672747,-93.0465141227881));
#4460=CARTESIAN_POINT('Ctrl Pts',(10.1523625340113,6.71156692260902,-92.789668640127));
#4461=CARTESIAN_POINT('Ctrl Pts',(10.2078015939582,6.56415623847571,-92.2931659045842));
#4462=CARTESIAN_POINT('Ctrl Pts',(10.2333141189159,6.48861227597203,-92.0535264742487));
#4463=CARTESIAN_POINT('Ctrl Pts',(10.3066723520298,6.25263637392409,-91.3368595903075));
#4464=CARTESIAN_POINT('Ctrl Pts',(10.3957850260412,5.91350129338018,-90.3887445678844));
#4465=CARTESIAN_POINT('Ctrl Pts',(10.5097935574205,5.47678104565995,-89.1769724244061));
#4466=CARTESIAN_POINT('Ctrl Pts',(10.5604073329987,5.17474469878207,-88.3384968993051));
#4467=CARTESIAN_POINT('Ctrl Pts',(10.5802422695801,5.02254231364886,-87.8959086224926));
#4468=CARTESIAN_POINT('Ctrl Pts',(10.5859419232393,4.97161081665541,-87.7444874445114));
#4469=CARTESIAN_POINT('Ctrl Pts',(10.5949067208228,4.88366126007811,-87.4559496507086));
#4470=CARTESIAN_POINT('Ctrl Pts',(10.5981256029822,4.84182169498616,-87.3127969944375));
#4471=CARTESIAN_POINT('Ctrl Pts',(10.6010300197745,4.80655594245172,-87.161074890117));
#4472=CARTESIAN_POINT('Ctrl Pts',(10.0883180480771,6.8839986969443,-93.2843899485602));
#4473=CARTESIAN_POINT('Ctrl Pts',(10.1214824173087,6.81307711218528,-93.0141508715085));
#4474=CARTESIAN_POINT('Ctrl Pts',(10.1513317557257,6.74181203581016,-92.7596491089948));
#4475=CARTESIAN_POINT('Ctrl Pts',(10.2064057544505,6.59647941248835,-92.2675521050992));
#4476=CARTESIAN_POINT('Ctrl Pts',(10.2316637544847,6.522359920564,-92.0299925088097));
#4477=CARTESIAN_POINT('Ctrl Pts',(10.3042071239982,6.29145249236337,-91.3184012738752));
#4478=CARTESIAN_POINT('Ctrl Pts',(10.3918764842126,5.96161237019242,-90.3753872457683));
#4479=CARTESIAN_POINT('Ctrl Pts',(10.503807842262,5.5386836948878,-89.1719026349303));
#4480=CARTESIAN_POINT('Ctrl Pts',(10.5529121357806,5.25572552734375,-88.3448345308774));
#4481=CARTESIAN_POINT('Ctrl Pts',(10.5719817561911,5.1208884530733,-87.9175605028676));
#4482=CARTESIAN_POINT('Ctrl Pts',(10.5772402190259,5.07541139631975,-87.772811044425));
#4483=CARTESIAN_POINT('Ctrl Pts',(10.585818656854,4.99755604171274,-87.4920092201925));
#4484=CARTESIAN_POINT('Ctrl Pts',(10.5896213285981,4.96455745320418,-87.3449927428115));
#4485=CARTESIAN_POINT('Ctrl Pts',(10.5920981736865,4.93376143234895,-87.1998634377833));
#4486=CARTESIAN_POINT('Ctrl Pts',(10.0826000445619,6.97301457334972,-93.1909267273695));
#4487=CARTESIAN_POINT('Ctrl Pts',(10.1154550309497,6.90378408786654,-92.9307149076782));
#4488=CARTESIAN_POINT('Ctrl Pts',(10.1449534999862,6.83505973314416,-92.6846409742133));
#4489=CARTESIAN_POINT('Ctrl Pts',(10.1985715395105,6.69748473042635,-92.2087513414092));
#4490=CARTESIAN_POINT('Ctrl Pts',(10.2228244689041,6.62842630252031,-91.9790782224395));
#4491=CARTESIAN_POINT('Ctrl Pts',(10.2923093586725,6.41466568445625,-91.2867396458354));
#4492=CARTESIAN_POINT('Ctrl Pts',(10.3744650123348,6.11542525639545,-90.3662668564379));
#4493=CARTESIAN_POINT('Ctrl Pts',(10.4785771435881,5.73743831386212,-89.1980936605094));
#4494=CARTESIAN_POINT('Ctrl Pts',(10.5221602635434,5.51140296811807,-88.4163850216532));
#4495=CARTESIAN_POINT('Ctrl Pts',(10.5384227896825,5.41560357046569,-88.0283177297777));
#4496=CARTESIAN_POINT('Ctrl Pts',(10.5429221260892,5.3865401504515,-87.8994264704113));
#4497=CARTESIAN_POINT('Ctrl Pts',(10.5503119477025,5.33288381136551,-87.6384923565298));
#4498=CARTESIAN_POINT('Ctrl Pts',(10.5532024329091,5.3082908922937,-87.5064495020147));
#4499=CARTESIAN_POINT('Ctrl Pts',(10.5554055725555,5.28529876162767,-87.3707905477588));
#4500=CARTESIAN_POINT('Ctrl Pts',(10.0747116066247,7.03363694052322,-93.1440165783428));
#4501=CARTESIAN_POINT('Ctrl Pts',(10.1071479056322,6.96672805739782,-92.8932959851358));
#4502=CARTESIAN_POINT('Ctrl Pts',(10.1363201016497,6.90057467500755,-92.6547028291791));
#4503=CARTESIAN_POINT('Ctrl Pts',(10.1884864676615,6.77020267025177,-92.1936050119692));
#4504=CARTESIAN_POINT('Ctrl Pts',(10.2117473554677,6.70556848806503,-91.9713855114551));
#4505=CARTESIAN_POINT('Ctrl Pts',(10.2783747401476,6.50582759488491,-91.297249655485));
#4506=CARTESIAN_POINT('Ctrl Pts',(10.3552762358936,6.23060672155254,-90.4014553662415));
#4507=CARTESIAN_POINT('Ctrl Pts',(10.4520586068749,5.88733695489932,-89.270754869571));
#4508=CARTESIAN_POINT('Ctrl Pts',(10.4906373079417,5.69883453541998,-88.5341354769158));
#4509=CARTESIAN_POINT('Ctrl Pts',(10.5050842018639,5.61820271520736,-88.1633638078664));
#4510=CARTESIAN_POINT('Ctrl Pts',(10.5090927570694,5.59359534005765,-88.0393629227296));
#4511=CARTESIAN_POINT('Ctrl Pts',(10.5156507852744,5.5479602241325,-87.7872203512689));
#4512=CARTESIAN_POINT('Ctrl Pts',(10.5182002582739,5.52693248335705,-87.6590786649449));
#4513=CARTESIAN_POINT('Ctrl Pts',(10.5200977251692,5.50721447870134,-87.5272065062208));
#4514=CARTESIAN_POINT('Ctrl Pts',(10.0453261751928,7.15902282294187,-93.0866071801732));
#4515=CARTESIAN_POINT('Ctrl Pts',(10.0763809842527,7.09828394986991,-92.859636046239));
#4516=CARTESIAN_POINT('Ctrl Pts',(10.104993167704,7.0375724064733,-92.6369968177369));
#4517=CARTESIAN_POINT('Ctrl Pts',(10.15347219239,6.92356600875173,-92.2088313177797));
#4518=CARTESIAN_POINT('Ctrl Pts',(10.1741391870603,6.86902447496305,-92.0041605285419));
#4519=CARTESIAN_POINT('Ctrl Pts',(10.2339914923282,6.69943957831924,-91.370409735311));
#4520=CARTESIAN_POINT('Ctrl Pts',(10.2975019344661,6.47743998773597,-90.5417522678634));
#4521=CARTESIAN_POINT('Ctrl Pts',(10.3771557485299,6.2048254947409,-89.499133623208));
#4522=CARTESIAN_POINT('Ctrl Pts',(10.4061076343845,6.07573317166453,-88.8358745781818));
#4523=CARTESIAN_POINT('Ctrl Pts',(10.4168383996378,6.01933765019147,-88.4934690787871));
#4524=CARTESIAN_POINT('Ctrl Pts',(10.4197911251099,6.00189758304463,-88.3775379161753));
#4525=CARTESIAN_POINT('Ctrl Pts',(10.4244875774561,5.96922006645331,-88.1398256686803));
#4526=CARTESIAN_POINT('Ctrl Pts',(10.4262313043301,5.95398261700882,-88.0180445837971));
#4527=CARTESIAN_POINT('Ctrl Pts',(10.4273902288852,5.93958934525582,-87.8922095727896));
#4528=CARTESIAN_POINT('Ctrl Pts',(10.0269656671054,7.21757037716394,-93.0669543775072));
#4529=CARTESIAN_POINT('Ctrl Pts',(10.0571039765362,7.16212883198317,-92.8523433029617));
#4530=CARTESIAN_POINT('Ctrl Pts',(10.0822996320949,7.10905519607567,-92.649228951329));
#4531=CARTESIAN_POINT('Ctrl Pts',(10.1285429889676,7.00421140742628,-92.2392039530301));
#4532=CARTESIAN_POINT('Ctrl Pts',(10.1489284847858,6.95283731060605,-92.0360058326663));
#4533=CARTESIAN_POINT('Ctrl Pts',(10.2035428630338,6.80188965132492,-91.4330598054873));
#4534=CARTESIAN_POINT('Ctrl Pts',(10.2589164094797,6.6090917887623,-90.6468606596817));
#4535=CARTESIAN_POINT('Ctrl Pts',(10.3287714268983,6.37241539354525,-89.6548511677833));
#4536=CARTESIAN_POINT('Ctrl Pts',(10.3531009164291,6.26520024060716,-89.0198632241851));
#4537=CARTESIAN_POINT('Ctrl Pts',(10.3619311852305,6.2178734404339,-88.688528271619));
#4538=CARTESIAN_POINT('Ctrl Pts',(10.3643188621702,6.20314463642545,-88.5757764573026));
#4539=CARTESIAN_POINT('Ctrl Pts',(10.3679855320659,6.17540349600712,-88.3437029913526));
#4540=CARTESIAN_POINT('Ctrl Pts',(10.3692645250217,6.16239115959724,-88.2243813397191));
#4541=CARTESIAN_POINT('Ctrl Pts',(10.3699905799876,6.15004849473663,-88.1007966808965));
#4542=CARTESIAN_POINT('Ctrl Pts',(9.9829090661875,7.32637471163355,-93.0457525650134));
#4543=CARTESIAN_POINT('Ctrl Pts',(10.0054097824497,7.2883190524328,-92.8741541778828));
#4544=CARTESIAN_POINT('Ctrl Pts',(10.0248598308638,7.25001047310412,-92.707975851021));
#4545=CARTESIAN_POINT('Ctrl Pts',(10.0613570312714,7.17203840957931,-92.3555087773738));
#4546=CARTESIAN_POINT('Ctrl Pts',(10.0774768491608,7.13326496710994,-92.1738020703015));
#4547=CARTESIAN_POINT('Ctrl Pts',(10.1191677832393,7.02165185266556,-91.6337743670574));
#4548=CARTESIAN_POINT('Ctrl Pts',(10.1569729764374,6.88538693464304,-90.9273172106593));
#4549=CARTESIAN_POINT('Ctrl Pts',(10.2062670658339,6.71615561829829,-90.0297076374838));
#4550=CARTESIAN_POINT('Ctrl Pts',(10.2215498223176,6.6429941568634,-89.4374282110611));
#4551=CARTESIAN_POINT('Ctrl Pts',(10.2265378462123,6.6099461364556,-89.1226748515368));
#4552=CARTESIAN_POINT('Ctrl Pts',(10.2277582951193,6.59951891470461,-89.0146547906432));
#4553=CARTESIAN_POINT('Ctrl Pts',(10.2292695629029,6.57964256723601,-88.7907998924361));
#4554=CARTESIAN_POINT('Ctrl Pts',(10.2295603817795,6.57019344151841,-88.6749650551226));
#4555=CARTESIAN_POINT('Ctrl Pts',(10.2293637963502,6.56113362678258,-88.5544177157746));
#4556=CARTESIAN_POINT('Ctrl Pts',(9.95721297335707,7.37663149188109,-93.0442035551854));
#4557=CARTESIAN_POINT('Ctrl Pts',(9.97601116722254,7.3452518501465,-92.8892863150489));
#4558=CARTESIAN_POINT('Ctrl Pts',(9.98875859052232,7.3221482814309,-92.7638951100933));
#4559=CARTESIAN_POINT('Ctrl Pts',(10.0183943858552,7.26083862866928,-92.4499611113506));
#4560=CARTESIAN_POINT('Ctrl Pts',(10.0312681593079,7.22973854747532,-92.2806381553857));
#4561=CARTESIAN_POINT('Ctrl Pts',(10.0652413327393,7.13896398100053,-91.7718388584511));
#4562=CARTESIAN_POINT('Ctrl Pts',(10.0936150683815,7.03003027949745,-91.1026653698186));
#4563=CARTESIAN_POINT('Ctrl Pts',(10.1321470264013,6.892305944247,-90.2488465626086));
#4564=CARTESIAN_POINT('Ctrl Pts',(10.1430054461616,6.83132100417701,-89.6710045519337));
#4565=CARTESIAN_POINT('Ctrl Pts',(10.1460517216015,6.80348304223486,-89.3617622386226));
#4566=CARTESIAN_POINT('Ctrl Pts',(10.146669991008,6.79464613960295,-89.2552945828565));
#4567=CARTESIAN_POINT('Ctrl Pts',(10.1470556391302,6.7776982089111,-89.0340194708473));
#4568=CARTESIAN_POINT('Ctrl Pts',(10.1468230178458,6.76958718085116,-88.9192120146041));
#4569=CARTESIAN_POINT('Ctrl Pts',(10.1461366616105,6.76175960934772,-88.7994516425459));
#4570=CARTESIAN_POINT('Ctrl Pts',(9.92625448905346,7.42992891258746,-93.0474779822592));
#4571=CARTESIAN_POINT('Ctrl Pts',(9.93667777944977,7.41195795622536,-92.9359552620329));
#4572=CARTESIAN_POINT('Ctrl Pts',(9.94561411415465,7.39526662600374,-92.8323134705519));
#4573=CARTESIAN_POINT('Ctrl Pts',(9.96300400572355,7.35732634074545,-92.5863814289948));
#4574=CARTESIAN_POINT('Ctrl Pts',(9.97145756258757,7.33607738570879,-92.4440911789189));
#4575=CARTESIAN_POINT('Ctrl Pts',(9.99609406641836,7.26549408337628,-91.9592477407987));
#4576=CARTESIAN_POINT('Ctrl Pts',(10.0151831515286,7.17943000024533,-91.3132933553115));
#4577=CARTESIAN_POINT('Ctrl Pts',(10.0432241616267,7.06817106845644,-90.4898787005263));
#4578=CARTESIAN_POINT('Ctrl Pts',(10.0496652929819,7.01748987904124,-89.9210494923054));
#4579=CARTESIAN_POINT('Ctrl Pts',(10.0507710000815,6.99405274080055,-89.6148712625905));
#4580=CARTESIAN_POINT('Ctrl Pts',(10.0507870926851,6.98655760413147,-89.5091845817514));
#4581=CARTESIAN_POINT('Ctrl Pts',(10.050050278456,6.97207255431406,-89.2890066410308));
#4582=CARTESIAN_POINT('Ctrl Pts',(10.0492973716235,6.96508264116572,-89.1745153811492));
#4583=CARTESIAN_POINT('Ctrl Pts',(10.0481279417844,6.95828070879362,-89.0548468131591));
#4584=CARTESIAN_POINT('Ctrl Pts',(-9.4909108199558,5.04580079614167,-93.0474779822592));
#4585=CARTESIAN_POINT('Ctrl Pts',(-9.46223353539904,5.1449221195348,-93.2737978497855));
#4586=CARTESIAN_POINT('Ctrl Pts',(-9.43098431390445,5.24384017208878,-93.5013261415683));
#4587=CARTESIAN_POINT('Ctrl Pts',(-9.33911544849026,5.48160973638196,-94.0303251057073));
#4588=CARTESIAN_POINT('Ctrl Pts',(-9.27849580457066,5.62046124812116,-94.3317957780634));
#4589=CARTESIAN_POINT('Ctrl Pts',(-9.05258123917434,6.09691597211656,-95.3471213659916));
#4590=CARTESIAN_POINT('Ctrl Pts',(-8.44088368326298,7.20338172231324,-97.6619620082276));
#4591=CARTESIAN_POINT('Ctrl Pts',(-6.90793603072201,8.80840827569021,-100.851837293751));
#4592=CARTESIAN_POINT('Ctrl Pts',(-4.64872528828505,10.4257435022315,-101.654981273461));
#4593=CARTESIAN_POINT('Ctrl Pts',(-2.28696998257709,10.5225653147573,-100.520494421099));
#4594=CARTESIAN_POINT('Ctrl Pts',(-0.347592104457239,10.8415701968716,-100.565628531454));
#4595=CARTESIAN_POINT('Ctrl Pts',(1.61135222810329,11.0012190956537,-100.520494421099));
#4596=CARTESIAN_POINT('Ctrl Pts',(3.92637662416302,11.4786336252491,-101.654981273461));
#4597=CARTESIAN_POINT('Ctrl Pts',(6.50974795613142,10.4558927123499,-100.851837293751));
#4598=CARTESIAN_POINT('Ctrl Pts',(8.38545157827749,9.26939590900653,-97.6619620082276));
#4599=CARTESIAN_POINT('Ctrl Pts',(9.24665739425544,8.34377995257968,-95.3471213659916));
#4600=CARTESIAN_POINT('Ctrl Pts',(9.58112616155938,7.93613165002719,-94.3317957780634));
#4601=CARTESIAN_POINT('Ctrl Pts',(9.67353636390977,7.81606984076729,-94.0303251057073));
#4602=CARTESIAN_POINT('Ctrl Pts',(9.82019799510869,7.6075881387627,-93.5013261415684));
#4603=CARTESIAN_POINT('Ctrl Pts',(9.87444942395723,7.51916824601802,-93.2737978497855));
#4604=CARTESIAN_POINT('Ctrl Pts',(9.92625448905346,7.42992891258746,-93.0474779822592));
#4605=CARTESIAN_POINT('Ctrl Pts',(-9.49667692625221,5.02584203181538,-92.9359552620329));
#4606=CARTESIAN_POINT('Ctrl Pts',(-9.4671910333717,5.12899413203385,-93.1455960910419));
#4607=CARTESIAN_POINT('Ctrl Pts',(-9.43577674092436,5.2318536540544,-93.3724679783479));
#4608=CARTESIAN_POINT('Ctrl Pts',(-9.33881444653609,5.48310197658249,-93.9006119068391));
#4609=CARTESIAN_POINT('Ctrl Pts',(-9.27442770061572,5.6278405181881,-94.2017196423256));
#4610=CARTESIAN_POINT('Ctrl Pts',(-9.04571443270861,6.10668555433381,-95.1874725473562));
#4611=CARTESIAN_POINT('Ctrl Pts',(-8.42837721770519,7.21507704567508,-97.4485634738962));
#4612=CARTESIAN_POINT('Ctrl Pts',(-6.88812093315963,8.81695460435234,-100.601231809655));
#4613=CARTESIAN_POINT('Ctrl Pts',(-4.63840396941496,10.4295530493808,-101.340620031139));
#4614=CARTESIAN_POINT('Ctrl Pts',(-2.2894967560967,10.5276111379912,-100.221348387284));
#4615=CARTESIAN_POINT('Ctrl Pts',(-0.345793218920668,10.8269194498775,-100.255989031716));
#4616=CARTESIAN_POINT('Ctrl Pts',(1.61258325052904,11.0067263182127,-100.221348387284));
#4617=CARTESIAN_POINT('Ctrl Pts',(3.91544027970613,11.4798330595409,-101.34062003114));
#4618=CARTESIAN_POINT('Ctrl Pts',(6.48845390762054,10.4593914725624,-100.601231809655));
#4619=CARTESIAN_POINT('Ctrl Pts',(8.37048725339861,9.27771824342694,-97.4485634738961));
#4620=CARTESIAN_POINT('Ctrl Pts',(9.23763108543938,8.35159810561567,-95.1874725473562));
#4621=CARTESIAN_POINT('Ctrl Pts',(9.57539369067512,7.9423075608159,-94.2017196423256));
#4622=CARTESIAN_POINT('Ctrl Pts',(9.67288329742203,7.81744493609311,-93.9006119068392));
#4623=CARTESIAN_POINT('Ctrl Pts',(9.82774786772912,7.59711706457019,-93.3724679783479));
#4624=CARTESIAN_POINT('Ctrl Pts',(9.88311299198244,7.50491271512464,-93.1455960910419));
#4625=CARTESIAN_POINT('Ctrl Pts',(9.93667777944977,7.41195795622536,-92.9359552620329));
#4626=CARTESIAN_POINT('Ctrl Pts',(-9.50130981537763,5.00748461040395,-92.8323134705518));
#4627=CARTESIAN_POINT('Ctrl Pts',(-9.47251186378751,5.11070090584765,-93.028772196632));
#4628=CARTESIAN_POINT('Ctrl Pts',(-9.43556861261502,5.22474257625883,-93.2500824434862));
#4629=CARTESIAN_POINT('Ctrl Pts',(-9.33424546077836,5.48673362833324,-93.7732879391463));
#4630=CARTESIAN_POINT('Ctrl Pts',(-9.26996520835393,5.63539544258315,-94.07153621137));
#4631=CARTESIAN_POINT('Ctrl Pts',(-9.03774588507123,6.1174991467591,-95.0361571907608));
#4632=CARTESIAN_POINT('Ctrl Pts',(-8.41579297446808,7.22617960081584,-97.2449038004206));
#4633=CARTESIAN_POINT('Ctrl Pts',(-6.87083600964256,8.82311464368627,-100.356496854909));
#4634=CARTESIAN_POINT('Ctrl Pts',(-4.62908440606045,10.4325989967698,-101.043576270069));
#4635=CARTESIAN_POINT('Ctrl Pts',(-2.29169926071954,10.5405245066527,-99.9612888274913));
#4636=CARTESIAN_POINT('Ctrl Pts',(-0.345552874764336,10.8249620038064,-99.9880582691318));
#4637=CARTESIAN_POINT('Ctrl Pts',(1.61159630472652,11.0197889387302,-99.9612888274914));
#4638=CARTESIAN_POINT('Ctrl Pts',(3.90566066584624,11.4805339228421,-101.043576270069));
#4639=CARTESIAN_POINT('Ctrl Pts',(6.47019217181029,10.4611869309392,-100.356496854909));
#4640=CARTESIAN_POINT('Ctrl Pts',(8.35559086478156,9.28544660125215,-97.2449038004206));
#4641=CARTESIAN_POINT('Ctrl Pts',(9.22728319294443,8.36016272198201,-95.0361571907608));
#4642=CARTESIAN_POINT('Ctrl Pts',(9.5692360518742,7.94855849708169,-94.07153621137));
#4643=CARTESIAN_POINT('Ctrl Pts',(9.66757145399219,7.81986337457071,-93.7732879391463));
#4644=CARTESIAN_POINT('Ctrl Pts',(9.82926624714011,7.59016686538081,-93.2500824434862));
#4645=CARTESIAN_POINT('Ctrl Pts',(9.89270130295073,7.48845010131673,-93.028772196632));
#4646=CARTESIAN_POINT('Ctrl Pts',(9.94561411415465,7.39526662600374,-92.8323134705519));
#4647=CARTESIAN_POINT('Ctrl Pts',(-9.50900456711806,4.96646431823152,-92.5863814289948));
#4648=CARTESIAN_POINT('Ctrl Pts',(-9.47809615279381,5.07900065542012,-92.7587160753887));
#4649=CARTESIAN_POINT('Ctrl Pts',(-9.43644521791072,5.20548891159626,-92.9777079284216));
#4650=CARTESIAN_POINT('Ctrl Pts',(-9.32738568888445,5.48801753928239,-93.4990659138481));
#4651=CARTESIAN_POINT('Ctrl Pts',(-9.26018716412815,5.64340328601449,-93.7944250598252));
#4652=CARTESIAN_POINT('Ctrl Pts',(-9.02076717310188,6.1389896138733,-94.7374445927766));
#4653=CARTESIAN_POINT('Ctrl Pts',(-8.39062952402,7.2478786202408,-96.8512520387611));
#4654=CARTESIAN_POINT('Ctrl Pts',(-6.84079163894711,8.83415365721225,-99.8701885034897));
#4655=CARTESIAN_POINT('Ctrl Pts',(-4.61267812789549,10.439843860758,-100.469820733851));
#4656=CARTESIAN_POINT('Ctrl Pts',(-2.29634808189072,10.5804509309674,-99.494155182985));
#4657=CARTESIAN_POINT('Ctrl Pts',(-0.347698856653712,10.8424396237416,-99.5091156137405));
#4658=CARTESIAN_POINT('Ctrl Pts',(1.6064479597864,11.0596540292383,-99.4941551829851));
#4659=CARTESIAN_POINT('Ctrl Pts',(3.88798903302929,11.4835945454939,-100.469820733851));
#4660=CARTESIAN_POINT('Ctrl Pts',(6.43836966824808,10.464629647475,-99.8701885034898));
#4661=CARTESIAN_POINT('Ctrl Pts',(8.3259254084415,9.30041347743235,-96.8512520387611));
#4662=CARTESIAN_POINT('Ctrl Pts',(9.20560980674131,8.37690730819413,-94.7374445927765));
#4663=CARTESIAN_POINT('Ctrl Pts',(9.55781118468801,7.95396295034545,-93.7944250598252));
#4664=CARTESIAN_POINT('Ctrl Pts',(9.66060484046971,7.81944961885762,-93.4990659138482));
#4665=CARTESIAN_POINT('Ctrl Pts',(9.83477469656457,7.5716971868584,-92.9777079284216));
#4666=CARTESIAN_POINT('Ctrl Pts',(9.90578869938226,7.459042445587,-92.7587160753888));
#4667=CARTESIAN_POINT('Ctrl Pts',(9.96300400572355,7.35732634074546,-92.5863814289948));
#4668=CARTESIAN_POINT('Ctrl Pts',(-9.51206642973307,4.94380144747052,-92.4440911789188));
#4669=CARTESIAN_POINT('Ctrl Pts',(-9.47975815667067,5.06145106068114,-92.607544202452));
#4670=CARTESIAN_POINT('Ctrl Pts',(-9.43627615635456,5.19428764803748,-92.8307403130817));
#4671=CARTESIAN_POINT('Ctrl Pts',(-9.32364074264016,5.48728051493377,-93.3558821270843));
#4672=CARTESIAN_POINT('Ctrl Pts',(-9.25476941450282,5.64634416398203,-93.6553296887028));
#4673=CARTESIAN_POINT('Ctrl Pts',(-9.01175700876993,6.14966648856221,-94.5900473513876));
#4674=CARTESIAN_POINT('Ctrl Pts',(-8.37805031680903,7.258475084525,-96.6612599505772));
#4675=CARTESIAN_POINT('Ctrl Pts',(-6.82803219176872,8.8390326314043,-99.6286151068159));
#4676=CARTESIAN_POINT('Ctrl Pts',(-4.60559141308504,10.4440427773572,-100.193108958703));
#4677=CARTESIAN_POINT('Ctrl Pts',(-2.29879439843907,10.6074639866207,-99.2870810982716));
#4678=CARTESIAN_POINT('Ctrl Pts',(-0.350085182699419,10.8618746897479,-99.2981037209332));
#4679=CARTESIAN_POINT('Ctrl Pts',(1.6022865606488,11.086456499229,-99.2870810982716));
#4680=CARTESIAN_POINT('Ctrl Pts',(3.88009701407223,11.4859543048445,-100.193108958703));
#4681=CARTESIAN_POINT('Ctrl Pts',(6.42480890049612,10.466276905634,-99.6286151068159));
#4682=CARTESIAN_POINT('Ctrl Pts',(8.31115634071847,9.30765199578732,-96.6612599505773));
#4683=CARTESIAN_POINT('Ctrl Pts',(9.19428431303315,8.38508727803992,-94.5900473513876));
#4684=CARTESIAN_POINT('Ctrl Pts',(9.55184290260788,7.9555057994096,-93.6553296887028));
#4685=CARTESIAN_POINT('Ctrl Pts',(9.65714943746125,7.81782850278767,-93.3558821270843));
#4686=CARTESIAN_POINT('Ctrl Pts',(9.8373204877724,7.56078774900628,-92.8307403130817));
#4687=CARTESIAN_POINT('Ctrl Pts',(9.91164696586729,7.44241622394227,-92.607544202452));
#4688=CARTESIAN_POINT('Ctrl Pts',(9.97145756258757,7.3360773857088,-92.4440911789189));
#4689=CARTESIAN_POINT('Ctrl Pts',(-9.5188954778125,4.86935466116314,-91.9592477407987));
#4690=CARTESIAN_POINT('Ctrl Pts',(-9.48241258303479,5.00885451648749,-92.1466566231463));
#4691=CARTESIAN_POINT('Ctrl Pts',(-9.43339102546917,5.1609807812445,-92.3834098964478));
#4692=CARTESIAN_POINT('Ctrl Pts',(-9.31135156293372,5.48302028417189,-92.9167555959663));
#4693=CARTESIAN_POINT('Ctrl Pts',(-9.23833365796387,5.65293352234228,-93.2133480221834));
#4694=CARTESIAN_POINT('Ctrl Pts',(-8.98490688920538,6.17815492879565,-94.1346095867197));
#4695=CARTESIAN_POINT('Ctrl Pts',(-8.3405611362925,7.29052450947119,-96.1030698593325));
#4696=CARTESIAN_POINT('Ctrl Pts',(-6.7957397571136,8.85698522653943,-98.8957680029584));
#4697=CARTESIAN_POINT('Ctrl Pts',(-4.58802454773912,10.4623892340657,-99.3720171472731));
#4698=CARTESIAN_POINT('Ctrl Pts',(-2.30783759055104,10.7071995782732,-98.7075558473031));
#4699=CARTESIAN_POINT('Ctrl Pts',(-0.360448547301939,10.9462775212303,-98.7106984403806));
#4700=CARTESIAN_POINT('Ctrl Pts',(1.5869329079156,11.185417263745,-98.7075558473031));
#4701=CARTESIAN_POINT('Ctrl Pts',(3.85861355011856,11.4995059840169,-99.3720171472731));
#4702=CARTESIAN_POINT('Ctrl Pts',(6.38913256331318,10.4758839849639,-98.8957680029584));
#4703=CARTESIAN_POINT('Ctrl Pts',(8.26702729144583,9.32967996222719,-96.1030698593324));
#4704=CARTESIAN_POINT('Ctrl Pts',(9.16133977930571,8.40623385802456,-94.1346095867197));
#4705=CARTESIAN_POINT('Ctrl Pts',(9.53430124821474,7.95792325628793,-93.2133480221834));
#4706=CARTESIAN_POINT('Ctrl Pts',(9.64625594201426,7.81072179743651,-92.9167555959663));
#4707=CARTESIAN_POINT('Ctrl Pts',(9.8425787179556,7.52777226216856,-92.3834098964477));
#4708=CARTESIAN_POINT('Ctrl Pts',(9.92694680009742,7.39202418575203,-92.1466566231462));
#4709=CARTESIAN_POINT('Ctrl Pts',(9.99609406641835,7.26549408337628,-91.9592477407987));
#4710=CARTESIAN_POINT('Ctrl Pts',(-9.51659674937937,4.78122898146019,-91.3132933553116));
#4711=CARTESIAN_POINT('Ctrl Pts',(-9.47663765929873,4.94516529000925,-91.5239213408045));
#4712=CARTESIAN_POINT('Ctrl Pts',(-9.42320299437686,5.11736342254276,-91.769829152631));
#4713=CARTESIAN_POINT('Ctrl Pts',(-9.29215441406231,5.47187555591323,-92.3057197656052));
#4714=CARTESIAN_POINT('Ctrl Pts',(-9.21454049866963,5.65418955675019,-92.595702566753));
#4715=CARTESIAN_POINT('Ctrl Pts',(-8.94958772560282,6.20669369221815,-93.4920364591595));
#4716=CARTESIAN_POINT('Ctrl Pts',(-8.29123807191411,7.33395049498235,-95.3902461998246));
#4717=CARTESIAN_POINT('Ctrl Pts',(-6.76864559592027,8.88976381354354,-97.8969667609194));
#4718=CARTESIAN_POINT('Ctrl Pts',(-4.57445080483909,10.5021837281065,-98.3013441027393));
#4719=CARTESIAN_POINT('Ctrl Pts',(-2.32443982661207,10.890037499657,-98.0460475211364));
#4720=CARTESIAN_POINT('Ctrl Pts',(-0.382811397346362,11.1284083191089,-98.0491724606284));
#4721=CARTESIAN_POINT('Ctrl Pts',(1.55880949008359,11.3668405618839,-98.0460475211365));
#4722=CARTESIAN_POINT('Ctrl Pts',(3.83581584596032,11.5348346259012,-98.3013441027393));
#4723=CARTESIAN_POINT('Ctrl Pts',(6.35491335659716,10.5011342370117,-97.8969667609196));
#4724=CARTESIAN_POINT('Ctrl Pts',(8.20866363613952,9.35988368114677,-95.3902461998251));
#4725=CARTESIAN_POINT('Ctrl Pts',(9.12016559406126,8.42538041919689,-93.4920364591594));
#4726=CARTESIAN_POINT('Ctrl Pts',(9.51091098521204,7.95338589490722,-92.595702566753));
#4727=CARTESIAN_POINT('Ctrl Pts',(9.63032518429394,7.79526390459154,-92.3057197656052));
#4728=CARTESIAN_POINT('Ctrl Pts',(9.84324530902574,7.48298581763453,-91.7698291526309));
#4729=CARTESIAN_POINT('Ctrl Pts',(9.93675123467565,7.32882972099319,-91.5239213408044));
#4730=CARTESIAN_POINT('Ctrl Pts',(10.0151831515286,7.17943000024532,-91.3132933553115));
#4731=CARTESIAN_POINT('Ctrl Pts',(-9.51694727007284,4.64354362104949,-90.3251957695691));
#4732=CARTESIAN_POINT('Ctrl Pts',(-9.47245606636052,4.8413406390555,-90.5723087379716));
#4733=CARTESIAN_POINT('Ctrl Pts',(-9.41334143996272,5.04145056931048,-90.8386375964587));
#4734=CARTESIAN_POINT('Ctrl Pts',(-9.27048835585238,5.44239786259892,-91.3914455201953));
#4735=CARTESIAN_POINT('Ctrl Pts',(-9.18674989813983,5.64323522563237,-91.677924585445));
#4736=CARTESIAN_POINT('Ctrl Pts',(-8.90553329911435,6.24099087632115,-92.5401647312284));
#4737=CARTESIAN_POINT('Ctrl Pts',(-8.22309519751208,7.41747642405247,-94.2758568229326));
#4738=CARTESIAN_POINT('Ctrl Pts',(-6.76305468712359,9.04925339887003,-96.1278415720777));
#4739=CARTESIAN_POINT('Ctrl Pts',(-4.58914052348236,10.6721971739879,-96.4244112101553));
#4740=CARTESIAN_POINT('Ctrl Pts',(-2.38439351369695,11.274616086553,-96.782861706103));
#4741=CARTESIAN_POINT('Ctrl Pts',(-0.430220862733638,11.5145274291879,-96.7859601652165));
#4742=CARTESIAN_POINT('Ctrl Pts',(1.52394431568761,11.7544996307942,-96.782861706103));
#4743=CARTESIAN_POINT('Ctrl Pts',(3.80893924207501,11.7033517104294,-96.4244112101554));
#4744=CARTESIAN_POINT('Ctrl Pts',(6.31090449887515,10.6545337367854,-96.1278415720778));
#4745=CARTESIAN_POINT('Ctrl Pts',(8.12233814523868,9.42444327980981,-94.2758568229325));
#4746=CARTESIAN_POINT('Ctrl Pts',(9.06912253252404,8.44800109998968,-92.5401647312284));
#4747=CARTESIAN_POINT('Ctrl Pts',(9.48659597683637,7.93603379947935,-91.677924585445));
#4748=CARTESIAN_POINT('Ctrl Pts',(9.61643400005209,7.76142033087587,-91.3914455201953));
#4749=CARTESIAN_POINT('Ctrl Pts',(9.8520416662776,7.40694217463641,-90.8386375964587));
#4750=CARTESIAN_POINT('Ctrl Pts',(9.95781130928739,7.22707748700043,-90.5723087379716));
#4751=CARTESIAN_POINT('Ctrl Pts',(10.0488323636463,7.04591928209867,-90.3251957695691));
#4752=CARTESIAN_POINT('Ctrl Pts',(-9.50618299936193,4.58394660389733,-89.5335210851193));
#4753=CARTESIAN_POINT('Ctrl Pts',(-9.45951071304148,4.79389248470726,-89.7885490394602));
#4754=CARTESIAN_POINT('Ctrl Pts',(-9.39767679193482,5.00423975315833,-90.0567188905299));
#4755=CARTESIAN_POINT('Ctrl Pts',(-9.24918509646613,5.4230213942393,-90.6023592866011));
#4756=CARTESIAN_POINT('Ctrl Pts',(-9.16252732210411,5.63145576686921,-90.8798298316027));
#4757=CARTESIAN_POINT('Ctrl Pts',(-8.87356734361059,6.249816034372,-91.7007178582165));
#4758=CARTESIAN_POINT('Ctrl Pts',(-8.17970076499371,7.45876516782987,-93.2963994778811));
#4759=CARTESIAN_POINT('Ctrl Pts',(-6.77348833817334,9.17188311631384,-94.7064107046303));
#4760=CARTESIAN_POINT('Ctrl Pts',(-4.61429050967031,10.808749400852,-94.9340710341408));
#4761=CARTESIAN_POINT('Ctrl Pts',(-2.43756391371098,11.532038947987,-95.5358185589043));
#4762=CARTESIAN_POINT('Ctrl Pts',(-0.462148690884047,11.7745587223377,-95.5389014909496));
#4763=CARTESIAN_POINT('Ctrl Pts',(1.51325910097681,12.0171390170505,-95.5358185589043));
#4764=CARTESIAN_POINT('Ctrl Pts',(3.80030719261776,11.841932084902,-94.9340710341408));
#4765=CARTESIAN_POINT('Ctrl Pts',(6.29136141219733,10.7760449561755,-94.7064107046304));
#4766=CARTESIAN_POINT('Ctrl Pts',(8.07024406166038,9.45400750806699,-93.2963994778812));
#4767=CARTESIAN_POINT('Ctrl Pts',(9.03597110354778,8.44883084858,-91.7007178582165));
#4768=CARTESIAN_POINT('Ctrl Pts',(9.46594262382264,7.91874426947275,-90.8798298316027));
#4769=CARTESIAN_POINT('Ctrl Pts',(9.60045113046946,7.73746570154304,-90.6023592866011));
#4770=CARTESIAN_POINT('Ctrl Pts',(9.84584443642285,7.36704705740792,-90.0567188905299));
#4771=CARTESIAN_POINT('Ctrl Pts',(9.95672923572942,7.1779069812025,-89.7885490394602));
#4772=CARTESIAN_POINT('Ctrl Pts',(10.0528056611406,6.985488438282,-89.5335210851194));
#4773=CARTESIAN_POINT('Ctrl Pts',(-9.49506208276916,4.55867870298681,-89.0548468131591));
#4774=CARTESIAN_POINT('Ctrl Pts',(-9.4475073976874,4.77307274118786,-89.3102419837723));
#4775=CARTESIAN_POINT('Ctrl Pts',(-9.38461714266331,4.98705981792551,-89.5759983982275));
#4776=CARTESIAN_POINT('Ctrl Pts',(-9.23402619362822,5.4120869874615,-90.1121500288688));
#4777=CARTESIAN_POINT('Ctrl Pts',(-9.14632549961721,5.62312708025982,-90.3825452450549));
#4778=CARTESIAN_POINT('Ctrl Pts',(-8.85479881045042,6.24862729122697,-91.1765635672802));
#4779=CARTESIAN_POINT('Ctrl Pts',(-8.15804700358176,7.46914744344997,-92.6959309063988));
#4780=CARTESIAN_POINT('Ctrl Pts',(-6.77994390332311,9.22296268784542,-93.9198421210941));
#4781=CARTESIAN_POINT('Ctrl Pts',(-4.62870220081161,10.8702435282855,-94.1145290432847));
#4782=CARTESIAN_POINT('Ctrl Pts',(-2.46490802919785,11.6428819963189,-94.7549912376806));
#4783=CARTESIAN_POINT('Ctrl Pts',(-0.475962498851924,11.8870631599176,-94.7580674694504));
#4784=CARTESIAN_POINT('Ctrl Pts',(1.512975619006,12.1313046933865,-94.7549912376806));
#4785=CARTESIAN_POINT('Ctrl Pts',(3.7994140190636,11.9050860775816,-94.1145290432847));
#4786=CARTESIAN_POINT('Ctrl Pts',(6.2852679527015,10.8271689886908,-93.9198421210942));
#4787=CARTESIAN_POINT('Ctrl Pts',(8.04672180970591,9.45884286672256,-92.6959309063989));
#4788=CARTESIAN_POINT('Ctrl Pts',(9.01804765902902,8.44313689706701,-91.1765635672802));
#4789=CARTESIAN_POINT('Ctrl Pts',(9.45223695635812,7.90674340484197,-90.3825452450549));
#4790=CARTESIAN_POINT('Ctrl Pts',(9.58838778424574,7.72318882286742,-90.1121500288688));
#4791=CARTESIAN_POINT('Ctrl Pts',(9.83732891704584,7.34721802456619,-89.5759983982275));
#4792=CARTESIAN_POINT('Ctrl Pts',(9.95011922195833,7.15480180823953,-89.3102419837724));
#4793=CARTESIAN_POINT('Ctrl Pts',(10.0481279417844,6.95828070879362,-89.0548468131592));
#4794=CARTESIAN_POINT('Ctrl Pts',(-9.4909108199558,5.04580079614167,-93.0474779822592));
#4795=CARTESIAN_POINT('Ctrl Pts',(-9.49667692625221,5.02584203181538,-92.9359552620329));
#4796=CARTESIAN_POINT('Ctrl Pts',(-9.50594270450305,4.98912718899252,-92.7286716790707));
#4797=CARTESIAN_POINT('Ctrl Pts',(-9.51206642973307,4.94380144747052,-92.4440911789188));
#4798=CARTESIAN_POINT('Ctrl Pts',(-9.5188954778125,4.86935466116314,-91.9592477407987));
#4799=CARTESIAN_POINT('Ctrl Pts',(-9.51659674937937,4.78122898146019,-91.3132933553116));
#4800=CARTESIAN_POINT('Ctrl Pts',(-9.51694727007284,4.64354362104949,-90.3251957695691));
#4801=CARTESIAN_POINT('Ctrl Pts',(-9.50618299936193,4.58394660389733,-89.5335210851193));
#4802=CARTESIAN_POINT('Ctrl Pts',(-9.49506208276916,4.55867870298681,-89.0548468131591));
#4803=CARTESIAN_POINT('Ctrl Pts',(-9.4909108199558,5.04580079614167,-93.0474779822592));
#4804=CARTESIAN_POINT('Ctrl Pts',(-9.49667692625221,5.02584203181538,-92.9359552620329));
#4805=CARTESIAN_POINT('Ctrl Pts',(-9.50130981537763,5.00748461040395,-92.8323134705518));
#4806=CARTESIAN_POINT('Ctrl Pts',(-9.50900456711806,4.96646431823152,-92.5863814289948));
#4807=CARTESIAN_POINT('Ctrl Pts',(-9.51206642973307,4.94380144747052,-92.4440911789188));
#4808=CARTESIAN_POINT('Ctrl Pts',(-9.5188954778125,4.86935466116314,-91.9592477407987));
#4809=CARTESIAN_POINT('Ctrl Pts',(-9.51659674937937,4.78122898146019,-91.3132933553115));
#4810=CARTESIAN_POINT('Ctrl Pts',(-9.51688884995726,4.66649118111794,-90.4898787005262));
#4811=CARTESIAN_POINT('Ctrl Pts',(-9.51087776276906,4.61575718891851,-89.9210494923053));
#4812=CARTESIAN_POINT('Ctrl Pts',(-9.50628066873172,4.59274873908992,-89.6148712625905));
#4813=CARTESIAN_POINT('Ctrl Pts',(-9.50448304564539,4.58547234685891,-89.5091845817514));
#4814=CARTESIAN_POINT('Ctrl Pts',(-9.50026386723821,4.57159581642117,-89.2890066410308));
#4815=CARTESIAN_POINT('Ctrl Pts',(-9.49784231191735,4.56499567821444,-89.1745153811492));
#4816=CARTESIAN_POINT('Ctrl Pts',(-9.49506208276916,4.55867870298681,-89.0548468131591));
#4817=CARTESIAN_POINT('Ctrl Pts',(-9.50805589191971,4.98659700140113,-93.0442035551855));
#4818=CARTESIAN_POINT('Ctrl Pts',(-9.51870427667742,4.9516017744402,-92.889286315049));
#4819=CARTESIAN_POINT('Ctrl Pts',(-9.52548378788743,4.92610059964503,-92.7638951100934));
#4820=CARTESIAN_POINT('Ctrl Pts',(-9.53940712602901,4.85944255780644,-92.4499611113505));
#4821=CARTESIAN_POINT('Ctrl Pts',(-9.54437470279546,4.82615183425991,-92.2806381553857));
#4822=CARTESIAN_POINT('Ctrl Pts',(-9.55537837259021,4.72985480583879,-91.7718388584511));
#4823=CARTESIAN_POINT('Ctrl Pts',(-9.55655583946,4.61729267291113,-91.1026653698186));
#4824=CARTESIAN_POINT('Ctrl Pts',(-9.56062470139764,4.4743376146881,-90.2488465626085));
#4825=CARTESIAN_POINT('Ctrl Pts',(-9.55640698738047,4.41253729847935,-89.6710045519337));
#4826=CARTESIAN_POINT('Ctrl Pts',(-9.55262816289814,4.38478928224972,-89.3617622386226));
#4827=CARTESIAN_POINT('Ctrl Pts',(-9.55109022682507,4.37606530048563,-89.2552945828565));
#4828=CARTESIAN_POINT('Ctrl Pts',(-9.5473643440304,4.35952749904136,-89.0340194708473));
#4829=CARTESIAN_POINT('Ctrl Pts',(-9.54517639730879,4.35171367936117,-88.919212014604));
#4830=CARTESIAN_POINT('Ctrl Pts',(-9.54261676785092,4.34428466478576,-88.7994516425459));
#4831=CARTESIAN_POINT('Ctrl Pts',(-9.52083048543085,4.9316166148235,-93.0457525650134));
#4832=CARTESIAN_POINT('Ctrl Pts',(-9.53345633704608,4.8892479554099,-92.8741541778828));
#4833=CARTESIAN_POINT('Ctrl Pts',(-9.54306095176926,4.84737191202572,-92.707975851021));
#4834=CARTESIAN_POINT('Ctrl Pts',(-9.55961087993396,4.76288648011201,-92.3555087773738));
#4835=CARTESIAN_POINT('Ctrl Pts',(-9.56587172563936,4.72136503769042,-92.1738020703015));
#4836=CARTESIAN_POINT('Ctrl Pts',(-9.57932260458002,4.6029813599471,-91.6337743670574));
#4837=CARTESIAN_POINT('Ctrl Pts',(-9.58303935469942,4.4616181883465,-90.9273172106593));
#4838=CARTESIAN_POINT('Ctrl Pts',(-9.58992843812658,4.28548844579648,-90.0297076374837));
#4839=CARTESIAN_POINT('Ctrl Pts',(-9.58705787199325,4.21080295901956,-89.4374282110611));
#4840=CARTESIAN_POINT('Ctrl Pts',(-9.58390269051792,4.1775298938601,-89.1226748515368));
#4841=CARTESIAN_POINT('Ctrl Pts',(-9.5825643136247,4.16711715184512,-89.0146547906432));
#4842=CARTESIAN_POINT('Ctrl Pts',(-9.5792221666392,4.14746560807539,-88.7907998924361));
#4843=CARTESIAN_POINT('Ctrl Pts',(-9.57721839654692,4.13822680632065,-88.6749650551226));
#4844=CARTESIAN_POINT('Ctrl Pts',(-9.57483588299036,4.12948366512132,-88.5544177157747));
#4845=CARTESIAN_POINT('Ctrl Pts',(-9.53725626617137,4.8153859776796,-93.0669543775072));
#4846=CARTESIAN_POINT('Ctrl Pts',(-9.55308681530416,4.75430016638489,-92.8523433029616));
#4847=CARTESIAN_POINT('Ctrl Pts',(-9.56469437760835,4.69670766353228,-92.6492289513289));
#4848=CARTESIAN_POINT('Ctrl Pts',(-9.58420010105867,4.58379090292567,-92.23920395303));
#4849=CARTESIAN_POINT('Ctrl Pts',(-9.59155154164167,4.52901113854861,-92.0360058326663));
#4850=CARTESIAN_POINT('Ctrl Pts',(-9.60802609557931,4.36933485594402,-91.4330598054873));
#4851=CARTESIAN_POINT('Ctrl Pts',(-9.61511278666582,4.16886784054208,-90.6468606596818));
#4852=CARTESIAN_POINT('Ctrl Pts',(-9.62563560935136,3.92232228752153,-89.6548511677833));
#4853=CARTESIAN_POINT('Ctrl Pts',(-9.6233047160298,3.81240604660741,-89.0198632241851));
#4854=CARTESIAN_POINT('Ctrl Pts',(-9.62042329889905,3.7643488192939,-88.688528271619));
#4855=CARTESIAN_POINT('Ctrl Pts',(-9.6191768314438,3.74947989237999,-88.5757764573026));
#4856=CARTESIAN_POINT('Ctrl Pts',(-9.61602339629708,3.72167573465837,-88.3437029913526));
#4857=CARTESIAN_POINT('Ctrl Pts',(-9.6141164286056,3.70874050385067,-88.2243813397191));
#4858=CARTESIAN_POINT('Ctrl Pts',(-9.61183495575622,3.6965888202919,-88.1007966808965));
#4859=CARTESIAN_POINT('Ctrl Pts',(-9.54090745340075,4.75413572711332,-93.086607180173));
#4860=CARTESIAN_POINT('Ctrl Pts',(-9.55634573860172,4.68768821987752,-92.8596360462389));
#4861=CARTESIAN_POINT('Ctrl Pts',(-9.56942056626063,4.6218581551264,-92.6369968177368));
#4862=CARTESIAN_POINT('Ctrl Pts',(-9.58887891288021,4.49951009710018,-92.2088313177796));
#4863=CARTESIAN_POINT('Ctrl Pts',(-9.59573721824072,4.44158888143349,-92.0041605285419));
#4864=CARTESIAN_POINT('Ctrl Pts',(-9.61278535458879,4.26256179783263,-91.370409735311));
#4865=CARTESIAN_POINT('Ctrl Pts',(-9.62070270339281,4.03179197730229,-90.5417522678634));
#4866=CARTESIAN_POINT('Ctrl Pts',(-9.63203904384719,3.7480052981382,-89.4991336232079));
#4867=CARTESIAN_POINT('Ctrl Pts',(-9.62890067545357,3.61574347365503,-88.8358745781818));
#4868=CARTESIAN_POINT('Ctrl Pts',(-9.6256693796604,3.55842713311731,-88.4934690787871));
#4869=CARTESIAN_POINT('Ctrl Pts',(-9.62431526246328,3.54079078155538,-88.3775379161753));
#4870=CARTESIAN_POINT('Ctrl Pts',(-9.62096680334616,3.50794775220733,-88.1398256686803));
#4871=CARTESIAN_POINT('Ctrl Pts',(-9.61897246142615,3.49274107442121,-88.0180445837971));
#4872=CARTESIAN_POINT('Ctrl Pts',(-9.61661491338266,3.47849497512692,-87.8922095727896));
#4873=CARTESIAN_POINT('Ctrl Pts',(-9.53908642157774,4.62536536199214,-93.1440165783427));
#4874=CARTESIAN_POINT('Ctrl Pts',(-9.55437250004279,4.55259690770354,-92.8932959851357));
#4875=CARTESIAN_POINT('Ctrl Pts',(-9.56667420549641,4.48135117053221,-92.6547028291791));
#4876=CARTESIAN_POINT('Ctrl Pts',(-9.58575116496935,4.34223158533953,-92.1936050119692));
#4877=CARTESIAN_POINT('Ctrl Pts',(-9.59268468112197,4.27388999652097,-91.9713855114551));
#4878=CARTESIAN_POINT('Ctrl Pts',(-9.6090112522229,4.06396363830515,-91.297249655485));
#4879=CARTESIAN_POINT('Ctrl Pts',(-9.61704648950435,3.77831384550348,-90.4014553662414));
#4880=CARTESIAN_POINT('Ctrl Pts',(-9.62790953779549,3.42182688331169,-89.270754869571));
#4881=CARTESIAN_POINT('Ctrl Pts',(-9.61973942392036,3.22959075880634,-88.5341354769158));
#4882=CARTESIAN_POINT('Ctrl Pts',(-9.61425058055952,3.14785902828899,-88.1633638078664));
#4883=CARTESIAN_POINT('Ctrl Pts',(-9.61218700170203,3.12301284007243,-88.0393629227297));
#4884=CARTESIAN_POINT('Ctrl Pts',(-9.60751009469161,3.0771467515074,-87.7872203512689));
#4885=CARTESIAN_POINT('Ctrl Pts',(-9.60489676653868,3.05612685115892,-87.659078664945));
#4886=CARTESIAN_POINT('Ctrl Pts',(-9.6019676534942,3.03653551672265,-87.5272065062208));
#4887=CARTESIAN_POINT('Ctrl Pts',(-9.53207466121284,4.56463535234788,-93.1909267273695));
#4888=CARTESIAN_POINT('Ctrl Pts',(-9.54720534381036,4.48951296756871,-92.9307149076782));
#4889=CARTESIAN_POINT('Ctrl Pts',(-9.55920165607989,4.4156936943439,-92.6846409742133));
#4890=CARTESIAN_POINT('Ctrl Pts',(-9.57794460523696,4.26923387940436,-92.2087513414092));
#4891=CARTESIAN_POINT('Ctrl Pts',(-9.58477037319114,4.19635946729103,-91.9790782224396));
#4892=CARTESIAN_POINT('Ctrl Pts',(-9.60047789084753,3.97213853688906,-91.2867396458354));
#4893=CARTESIAN_POINT('Ctrl Pts',(-9.60780035888891,3.66191157694446,-90.3662668564378));
#4894=CARTESIAN_POINT('Ctrl Pts',(-9.61737659724797,3.2699654578685,-89.1980936605093));
#4895=CARTESIAN_POINT('Ctrl Pts',(-9.60498221296337,3.04010061691001,-88.4163850216533));
#4896=CARTESIAN_POINT('Ctrl Pts',(-9.59758570069729,2.94321260963726,-88.0283177297778));
#4897=CARTESIAN_POINT('Ctrl Pts',(-9.5949203099213,2.91392400941409,-87.8994264704113));
#4898=CARTESIAN_POINT('Ctrl Pts',(-9.58910997898799,2.86007373325851,-87.6384923565298));
#4899=CARTESIAN_POINT('Ctrl Pts',(-9.58596503883066,2.8355120573261,-87.5064495020147));
#4900=CARTESIAN_POINT('Ctrl Pts',(-9.5825404359793,2.81266990348336,-87.3707905477588));
#4901=CARTESIAN_POINT('Ctrl Pts',(-9.51608792602799,4.47688031765155,-93.2843899485601));
#4902=CARTESIAN_POINT('Ctrl Pts',(-9.53110968753416,4.40004221998829,-93.0141508715085));
#4903=CARTESIAN_POINT('Ctrl Pts',(-9.54283179066565,4.32367281241654,-92.7596491089948));
#4904=CARTESIAN_POINT('Ctrl Pts',(-9.56111071253075,4.16933358294916,-92.2675521050992));
#4905=CARTESIAN_POINT('Ctrl Pts',(-9.56768731403103,4.09130529345387,-92.0299925088097));
#4906=CARTESIAN_POINT('Ctrl Pts',(-9.58221427270125,3.84970697323953,-91.3184012738752));
#4907=CARTESIAN_POINT('Ctrl Pts',(-9.58748393064226,3.50845537453362,-90.3753872457683));
#4908=CARTESIAN_POINT('Ctrl Pts',(-9.59377474216067,3.07101084204964,-89.1719026349304));
#4909=CARTESIAN_POINT('Ctrl Pts',(-9.57296665203591,2.78457833759665,-88.3448345308774));
#4910=CARTESIAN_POINT('Ctrl Pts',(-9.5588497826173,2.6491331419704,-87.9175605028676));
#4911=CARTESIAN_POINT('Ctrl Pts',(-9.55295015085663,2.60373481086186,-87.772811044425));
#4912=CARTESIAN_POINT('Ctrl Pts',(-9.54243885745024,2.52611678107833,-87.4920092201925));
#4913=CARTESIAN_POINT('Ctrl Pts',(-9.53814549250788,2.49317844211865,-87.3449927428115));
#4914=CARTESIAN_POINT('Ctrl Pts',(-9.53309853296955,2.46269799163763,-87.1998634377832));
#4915=CARTESIAN_POINT('Ctrl Pts',(-9.50984749852679,4.44818530271445,-93.3193940218988));
#4916=CARTESIAN_POINT('Ctrl Pts',(-9.52485364845417,4.37107783123178,-93.0465141227881));
#4917=CARTESIAN_POINT('Ctrl Pts',(-9.53651499531266,4.29407674049994,-92.789668640127));
#4918=CARTESIAN_POINT('Ctrl Pts',(-9.55464540611075,4.13763286120535,-92.2931659045842));
#4919=CARTESIAN_POINT('Ctrl Pts',(-9.56112436143368,4.05816083884278,-92.0535264742487));
#4920=CARTESIAN_POINT('Ctrl Pts',(-9.57521580397196,3.81144746676879,-91.3368595903075));
#4921=CARTESIAN_POINT('Ctrl Pts',(-9.57963724917279,3.46082784046795,-90.3887445678844));
#4922=CARTESIAN_POINT('Ctrl Pts',(-9.5846070497539,3.00949889050101,-89.176972424406));
#4923=CARTESIAN_POINT('Ctrl Pts',(-9.56064817431142,2.70418973341405,-88.3384968993051));
#4924=CARTESIAN_POINT('Ctrl Pts',(-9.5430728389811,2.55170990413341,-87.8959086224926));
#4925=CARTESIAN_POINT('Ctrl Pts',(-9.53628174426948,2.50091241925033,-87.7444874445114));
#4926=CARTESIAN_POINT('Ctrl Pts',(-9.52370332560727,2.41340655955046,-87.4559496507086));
#4927=CARTESIAN_POINT('Ctrl Pts',(-9.51670468631188,2.37203109027876,-87.3127969944375));
#4928=CARTESIAN_POINT('Ctrl Pts',(-9.51099127180983,2.3371102392947,-87.161074890117));
#4929=CARTESIAN_POINT('Ctrl Pts',(-9.49615740731899,4.3915514694962,-93.3963998049158));
#4930=CARTESIAN_POINT('Ctrl Pts',(-9.51121424356865,4.31461120604164,-93.1197471770819));
#4931=CARTESIAN_POINT('Ctrl Pts',(-9.52282572622055,4.23696825881708,-92.8594868761782));
#4932=CARTESIAN_POINT('Ctrl Pts',(-9.54071343816117,4.07761916145521,-92.356744267733));
#4933=CARTESIAN_POINT('Ctrl Pts',(-9.5469896674499,3.99591301131789,-92.1142619601915));
#4934=CARTESIAN_POINT('Ctrl Pts',(-9.56014865601986,3.74071300347769,-91.3909720368635));
#4935=CARTESIAN_POINT('Ctrl Pts',(-9.56257477598991,3.37356217321537,-90.4376708038826));
#4936=CARTESIAN_POINT('Ctrl Pts',(-9.56448748968778,2.89808680308419,-89.2181303554251));
#4937=CARTESIAN_POINT('Ctrl Pts',(-9.5341276784777,2.56010381589535,-88.3719014256378));
#4938=CARTESIAN_POINT('Ctrl Pts',(-9.50889809603508,2.37291332924192,-87.9035060679121));
#4939=CARTESIAN_POINT('Ctrl Pts',(-9.49881328908127,2.30748333484761,-87.7398274665316));
#4940=CARTESIAN_POINT('Ctrl Pts',(-9.47878031447809,2.18882148084806,-87.4335229726383));
#4941=CARTESIAN_POINT('Ctrl Pts',(-9.4665880845461,2.12651762871962,-87.2835983903329));
#4942=CARTESIAN_POINT('Ctrl Pts',(-9.45552349584411,2.06807383782016,-87.1198721061025));
#4943=CARTESIAN_POINT('Ctrl Pts',(-9.48870774361239,4.36361265121505,-93.4384015145942));
#4944=CARTESIAN_POINT('Ctrl Pts',(-9.50383087776313,4.28710896960799,-93.1606169800962));
#4945=CARTESIAN_POINT('Ctrl Pts',(-9.51545325248143,4.20945584905082,-92.8992855810972));
#4946=CARTESIAN_POINT('Ctrl Pts',(-9.5332467766316,4.04930618344888,-92.3947088313968));
#4947=CARTESIAN_POINT('Ctrl Pts',(-9.53941792606347,3.96680963840411,-92.1514634806954));
#4948=CARTESIAN_POINT('Ctrl Pts',(-9.55207997679706,3.70823804665734,-91.4266261669871));
#4949=CARTESIAN_POINT('Ctrl Pts',(-9.55335898427649,3.33392404002845,-90.4732397177648));
#4950=CARTESIAN_POINT('Ctrl Pts',(-9.55353562202843,2.84818666721601,-89.2542184969685));
#4951=CARTESIAN_POINT('Ctrl Pts',(-9.51992566036847,2.49640650255926,-88.4116435835427));
#4952=CARTESIAN_POINT('Ctrl Pts',(-9.49049237689753,2.2897185814495,-87.9266090533923));
#4953=CARTESIAN_POINT('Ctrl Pts',(-9.47881235934724,2.21925421738413,-87.7630789825728));
#4954=CARTESIAN_POINT('Ctrl Pts',(-9.45457988943453,2.08245907155826,-87.43945118155));
#4955=CARTESIAN_POINT('Ctrl Pts',(-9.43663008026642,1.99625778497791,-87.2837948564698));
#4956=CARTESIAN_POINT('Ctrl Pts',(-9.42216298103812,1.92462518868854,-87.1174578697543));
#4957=CARTESIAN_POINT('Ctrl Pts',(-9.4809603594733,4.33587336629483,-93.4835511943373));
#4958=CARTESIAN_POINT('Ctrl Pts',(-9.49621100555332,4.26020969172692,-93.2054420715092));
#4959=CARTESIAN_POINT('Ctrl Pts',(-9.50788527390442,4.1829495460424,-92.9438466402646));
#4960=CARTESIAN_POINT('Ctrl Pts',(-9.52563276884373,4.02278157210544,-92.4390106143176));
#4961=CARTESIAN_POINT('Ctrl Pts',(-9.53170599543194,3.93987374385299,-92.1957700196151));
#4962=CARTESIAN_POINT('Ctrl Pts',(-9.54385168309463,3.6789966247416,-91.4715716703829));
#4963=CARTESIAN_POINT('Ctrl Pts',(-9.54384862103971,3.29875077431566,-90.5207030310737));
#4964=CARTESIAN_POINT('Ctrl Pts',(-9.54209998649416,2.80509209330394,-89.3075248592438));
#4965=CARTESIAN_POINT('Ctrl Pts',(-9.50548672595649,2.44461499114783,-88.4799529989051));
#4966=CARTESIAN_POINT('Ctrl Pts',(-9.47335991855259,2.23056821740635,-88.0084152979948));
#4967=CARTESIAN_POINT('Ctrl Pts',(-9.45984802657467,2.15224960954434,-87.8395898197366));
#4968=CARTESIAN_POINT('Ctrl Pts',(-9.42721833026559,1.98167302725727,-87.4786463739775));
#4969=CARTESIAN_POINT('Ctrl Pts',(-9.40810052593442,1.88941505283223,-87.2865284064765));
#4970=CARTESIAN_POINT('Ctrl Pts',(-9.3885965341688,1.80463292004691,-87.1144329471541));
#4971=CARTESIAN_POINT('Origin',(7.22892725606312,-1.63117390471237,-104.));
#4972=CARTESIAN_POINT('',(16.6059767271532,4.05397721172505,-104.));
#4973=CARTESIAN_POINT('',(6.68051521073995,2.83528377767358,-114.));
#4974=CARTESIAN_POINT('Origin',(6.68051521073995,2.83528377767358,-104.));
#4975=CARTESIAN_POINT('',(5.94929915030907,8.79056068752151,-114.));
#4976=CARTESIAN_POINT('',(7.22892725606312,-1.63117390471237,-114.));
#4977=CARTESIAN_POINT('',(15.8747606667223,10.009254121573,-104.));
#4978=CARTESIAN_POINT('Origin',(5.94929915030907,8.79056068752151,-104.));
#4979=CARTESIAN_POINT('',(17.1543887724763,-0.4124804706609,-104.));
#4980=CARTESIAN_POINT('Ctrl Pts',(5.94929915030894,8.79056068752035,-114.));
#4981=CARTESIAN_POINT('Ctrl Pts',(5.70556046349845,10.775652990804,-114.));
#4982=CARTESIAN_POINT('Ctrl Pts',(3.72046816021476,10.5319143039937,-114.));
#4983=CARTESIAN_POINT('Ctrl Pts',(15.8747606667227,10.0092541215722,-114.));
#4984=CARTESIAN_POINT('Ctrl Pts',(14.4123285458604,21.9198079412689,-114.000000000001));
#4985=CARTESIAN_POINT('Ctrl Pts',(2.50177472616363,20.4573758204075,-114.));
#4986=CARTESIAN_POINT('Ctrl Pts',(15.8747606667223,10.009254121573,-104.));
#4987=CARTESIAN_POINT('Ctrl Pts',(14.4123285458602,21.9198079412685,-104.000000000001));
#4988=CARTESIAN_POINT('Ctrl Pts',(2.50177472616465,20.4573758204072,-103.999999999999));
#4989=CARTESIAN_POINT('',(3.72046816021613,10.5319143039939,-114.));
#4990=CARTESIAN_POINT('Origin',(3.96420684702642,8.54682200071121,-114.));
#4991=CARTESIAN_POINT('',(2.50177472616466,20.4573758204071,-104.));
#4992=CARTESIAN_POINT('Origin',(3.72046816021613,10.5319143039939,-104.));
#4993=CARTESIAN_POINT('Origin',(3.96420684702642,8.54682200071121,-104.));
#4994=CARTESIAN_POINT('Origin',(-0.249716446349158,10.0444369303733,-104.));
#4995=CARTESIAN_POINT('',(-5.43859448696592,19.4824210731659,-104.));
#4996=CARTESIAN_POINT('',(-1.46840988040063,19.9698984467865,-104.));
#4997=CARTESIAN_POINT('',(-4.21990105291445,9.55695955675268,-114.));
#4998=CARTESIAN_POINT('',(-0.249716446349158,10.0444369303733,-114.));
#4999=CARTESIAN_POINT('Origin',(-4.21990105291445,9.55695955675268,-104.));
#5000=CARTESIAN_POINT('Ctrl Pts',(4.93916159426363,0.606452787581021,-114.));
#5001=CARTESIAN_POINT('Ctrl Pts',(6.92425389754996,0.850191474391895,-114.000000000001));
#5002=CARTESIAN_POINT('Ctrl Pts',(6.68051521073938,2.83528377767827,-114.));
#5003=CARTESIAN_POINT('Ctrl Pts',(6.15785502831598,-9.31900872883421,-114.000000000001));
#5004=CARTESIAN_POINT('Ctrl Pts',(18.0684088480161,-7.85657660797116,-114.000000000005));
#5005=CARTESIAN_POINT('Ctrl Pts',(16.6059767271548,4.05397721172917,-114.));
#5006=CARTESIAN_POINT('Ctrl Pts',(6.1578550283191,-9.31900872883283,-103.999999999999));
#5007=CARTESIAN_POINT('Ctrl Pts',(18.0684088480144,-7.85657660797037,-104.000000000002));
#5008=CARTESIAN_POINT('Ctrl Pts',(16.6059767271536,4.05397721172511,-103.999999999998));
#5009=CARTESIAN_POINT('',(6.15785502831908,-9.31900872883259,-104.));
#5010=CARTESIAN_POINT('',(4.9391615942676,0.606452787580637,-114.));
#5011=CARTESIAN_POINT('Origin',(4.9391615942676,0.606452787580637,-104.));
#5012=CARTESIAN_POINT('Origin',(4.69542290745731,2.59154509086328,-114.));
#5013=CARTESIAN_POINT('Origin',(4.69542290745731,2.59154509086328,-104.));
#5014=CARTESIAN_POINT('Ctrl Pts',(-4.21990105291409,9.55695955674979,-114.));
#5015=CARTESIAN_POINT('Ctrl Pts',(-6.20499335620191,9.31322086994615,-113.999999999999));
#5016=CARTESIAN_POINT('Ctrl Pts',(-5.96125466938346,7.32812856666015,-114.));
#5017=CARTESIAN_POINT('Ctrl Pts',(-5.43859448693007,19.4824210731708,-114.000000000003));
#5018=CARTESIAN_POINT('Ctrl Pts',(-17.349148306713,18.0199889523421,-113.999999999996));
#5019=CARTESIAN_POINT('Ctrl Pts',(-15.8867161857953,6.10943513257009,-114.000000000003));
#5020=CARTESIAN_POINT('Ctrl Pts',(-5.43859448692448,19.4824210731705,-104.));
#5021=CARTESIAN_POINT('Ctrl Pts',(-17.3491483067123,18.0199889523412,-103.999999999993));
#5022=CARTESIAN_POINT('Ctrl Pts',(-15.8867161857941,6.10943513256428,-104.));
#5023=CARTESIAN_POINT('',(-5.9612546693868,7.32812856665974,-114.));
#5024=CARTESIAN_POINT('',(-15.8867161858,6.10943513260826,-104.));
#5025=CARTESIAN_POINT('Origin',(-5.9612546693868,7.32812856665974,-104.));
#5026=CARTESIAN_POINT('Origin',(-3.97616236610415,7.57186725347003,-104.));
#5027=CARTESIAN_POINT('Origin',(-3.97616236610415,7.57186725347003,-114.));
#5028=CARTESIAN_POINT('Ctrl Pts',(10.611088851359,4.26028550830515,-87.1144329471541));
#5029=CARTESIAN_POINT('Ctrl Pts',(10.6108610477298,4.07579444476039,-86.8998417558321));
#5030=CARTESIAN_POINT('Ctrl Pts',(10.5978459935031,3.86538858837036,-86.7719025738854));
#5031=CARTESIAN_POINT('Ctrl Pts',(10.5651467460096,3.45814646626717,-86.557490897664));
#5032=CARTESIAN_POINT('Ctrl Pts',(10.5454625527428,3.26131020055402,-86.4710184033893));
#5033=CARTESIAN_POINT('Ctrl Pts',(10.4764062643821,2.69115578942989,-86.2738009520729));
#5034=CARTESIAN_POINT('Ctrl Pts',(10.30146149436,1.59102169557997,-86.058668042037));
#5035=CARTESIAN_POINT('Ctrl Pts',(9.70483998088848,-0.62487845622314,-86.3241857462626));
#5036=CARTESIAN_POINT('Ctrl Pts',(8.68839171679119,-1.25301980613499,-86.5768520169075));
#5037=CARTESIAN_POINT('Ctrl Pts',(6.13336091540983,-3.0802597014842,-86.1223954106099));
#5038=CARTESIAN_POINT('Ctrl Pts',(3.62584600526432,-3.78675200297979,-86.1873864390993));
#5039=CARTESIAN_POINT('Ctrl Pts',(1.49618052849173,-4.1747528602838,-86.2724357307195));
#5040=CARTESIAN_POINT('Ctrl Pts',(-0.664090684911538,-4.31348999578429,
-86.1873864390993));
#5041=CARTESIAN_POINT('Ctrl Pts',(-3.26803764260345,-4.23460629530305,-86.1223954106099));
#5042=CARTESIAN_POINT('Ctrl Pts',(-6.18922244888553,-3.07976112875041,-86.5768520169075));
#5043=CARTESIAN_POINT('Ctrl Pts',(-7.327439001595,-2.71617935226312,-86.3241857462626));
#5044=CARTESIAN_POINT('Ctrl Pts',(-8.44241307150451,-0.710436712608806,
-86.0586680420371));
#5045=CARTESIAN_POINT('Ctrl Pts',(-8.87830775958929,0.314695726595303,-86.2738009520729));
#5046=CARTESIAN_POINT('Ctrl Pts',(-9.08324561698178,0.851207886843166,-86.4710184033893));
#5047=CARTESIAN_POINT('Ctrl Pts',(-9.14996410810786,1.0374352368923,-86.557490897664));
#5048=CARTESIAN_POINT('Ctrl Pts',(-9.28021837149587,1.42468632574295,-86.7719116889735));
#5049=CARTESIAN_POINT('Ctrl Pts',(-9.34375387266744,1.62571132124897,-86.8998635118292));
#5050=CARTESIAN_POINT('Ctrl Pts',(-9.38860797465047,1.80467856627222,-87.1144876853515));
#5051=CARTESIAN_POINT('Ctrl Pts',(10.6164491054674,4.16329631235221,-86.7721115334895));
#5052=CARTESIAN_POINT('Ctrl Pts',(10.6138152008411,3.98765929057807,-86.5830099967778));
#5053=CARTESIAN_POINT('Ctrl Pts',(10.6029987714389,3.79840597604553,-86.4567788139303));
#5054=CARTESIAN_POINT('Ctrl Pts',(10.5743847846285,3.43339744825922,-86.2735035004162));
#5055=CARTESIAN_POINT('Ctrl Pts',(10.5560932393218,3.24130917086931,-86.1868241608434));
#5056=CARTESIAN_POINT('Ctrl Pts',(10.4888726729548,2.6658348583178,-85.9800004784291));
#5057=CARTESIAN_POINT('Ctrl Pts',(10.317714711228,1.55511100822695,-85.7367983449581));
#5058=CARTESIAN_POINT('Ctrl Pts',(9.73113422160764,-0.691863065821648,-85.9049814344364));
#5059=CARTESIAN_POINT('Ctrl Pts',(8.72489956346224,-1.34090823278137,-86.0864207136157));
#5060=CARTESIAN_POINT('Ctrl Pts',(6.15947577968015,-3.13838983180023,-85.6688685357638));
#5061=CARTESIAN_POINT('Ctrl Pts',(3.64564724665785,-3.83840257765456,-85.7304057344551));
#5062=CARTESIAN_POINT('Ctrl Pts',(1.50106469903654,-4.21453123721409,-85.8123847665975));
#5063=CARTESIAN_POINT('Ctrl Pts',(-0.670808339876505,-4.36839668150406,
-85.7304057344551));
#5064=CARTESIAN_POINT('Ctrl Pts',(-3.27931383247971,-4.29732746978417,-85.6688685357639));
#5065=CARTESIAN_POINT('Ctrl Pts',(-6.20338372171043,-3.17387094098544,-86.0864207136157));
#5066=CARTESIAN_POINT('Ctrl Pts',(-7.3367471472604,-2.78753538524095,-85.9049814344364));
#5067=CARTESIAN_POINT('Ctrl Pts',(-8.44949591681303,-0.749212708109368,
-85.7367983449582));
#5068=CARTESIAN_POINT('Ctrl Pts',(-8.88427817489645,0.287111038158665,-85.9800004784291));
#5069=CARTESIAN_POINT('Ctrl Pts',(-9.08872183972153,0.829229177370241,-86.1868241608434));
#5070=CARTESIAN_POINT('Ctrl Pts',(-9.15294040814828,1.01118648667534,-86.2735035004162));
#5071=CARTESIAN_POINT('Ctrl Pts',(-9.26901292648961,1.35844511337272,-86.4567866053466));
#5072=CARTESIAN_POINT('Ctrl Pts',(-9.32529721828711,1.53947608382861,-86.5830314624327));
#5073=CARTESIAN_POINT('Ctrl Pts',(-9.3703452454654,1.70927126153116,-86.7721597694605));
#5074=CARTESIAN_POINT('Ctrl Pts',(10.6189834002875,4.10450833585143,-86.4038808926364));
#5075=CARTESIAN_POINT('Ctrl Pts',(10.6162120063285,3.92897026546857,-86.2525199090165));
#5076=CARTESIAN_POINT('Ctrl Pts',(10.607220778232,3.75204243700662,-86.1468873303895));
#5077=CARTESIAN_POINT('Ctrl Pts',(10.5809708669224,3.39853922915685,-85.9742126968052));
#5078=CARTESIAN_POINT('Ctrl Pts',(10.5628786201082,3.20842716774854,-85.8939643849692));
#5079=CARTESIAN_POINT('Ctrl Pts',(10.4988816942807,2.64193836716024,-85.6888394161034));
#5080=CARTESIAN_POINT('Ctrl Pts',(10.332007101087,1.52435030053014,-85.4210693449419));
#5081=CARTESIAN_POINT('Ctrl Pts',(9.75557287757426,-0.748209636331588,-85.5019206841997));
#5082=CARTESIAN_POINT('Ctrl Pts',(8.76016121583206,-1.41725678430647,-85.6167502654473));
#5083=CARTESIAN_POINT('Ctrl Pts',(6.18800647387356,-3.19167115880522,-85.228505508534));
#5084=CARTESIAN_POINT('Ctrl Pts',(3.66905460234819,-3.88664565414586,-85.2868123161366));
#5085=CARTESIAN_POINT('Ctrl Pts',(1.50582930376558,-4.25333582871977,-85.3670022337166));
#5086=CARTESIAN_POINT('Ctrl Pts',(-0.681849340551933,-4.42086948430556,
-85.2868123161365));
#5087=CARTESIAN_POINT('Ctrl Pts',(-3.29410712349414,-4.35592831328947,-85.228505508534));
#5088=CARTESIAN_POINT('Ctrl Pts',(-6.21912756599505,-3.25648218002089,-85.6167502654473));
#5089=CARTESIAN_POINT('Ctrl Pts',(-7.34682840155243,-2.84812046777441,-85.5019206841997));
#5090=CARTESIAN_POINT('Ctrl Pts',(-8.45592207289549,-0.782517333372144,
-85.4210693449419));
#5091=CARTESIAN_POINT('Ctrl Pts',(-8.88820880107408,0.261502973503263,-85.6888394161034));
#5092=CARTESIAN_POINT('Ctrl Pts',(-9.0873507891736,0.795682378088565,-85.8939643849692));
#5093=CARTESIAN_POINT('Ctrl Pts',(-9.15089788920849,0.9757703881416,-85.9742126968053));
#5094=CARTESIAN_POINT('Ctrl Pts',(-9.26189295054213,1.31243692342883,-86.1468946711488));
#5095=CARTESIAN_POINT('Ctrl Pts',(-9.3134238599827,1.48194857522902,-86.2525378718021));
#5096=CARTESIAN_POINT('Ctrl Pts',(-9.3585821902123,1.65161640504197,-86.4039195016572));
#5097=CARTESIAN_POINT('Ctrl Pts',(10.6198271060753,4.00300481601984,-85.6999004582026));
#5098=CARTESIAN_POINT('Ctrl Pts',(10.6175601597051,3.84468738038509,-85.6268790300544));
#5099=CARTESIAN_POINT('Ctrl Pts',(10.6103735203111,3.67462690101319,-85.5416182019703));
#5100=CARTESIAN_POINT('Ctrl Pts',(10.5878394685784,3.333132507528,-85.3881979775164));
#5101=CARTESIAN_POINT('Ctrl Pts',(10.5718400779038,3.14983860978485,-85.3112693708731));
#5102=CARTESIAN_POINT('Ctrl Pts',(10.513542047921,2.59591745306156,-85.1064725338349));
#5103=CARTESIAN_POINT('Ctrl Pts',(10.3557465561201,1.47191728563957,-84.8008347913237));
#5104=CARTESIAN_POINT('Ctrl Pts',(9.79930122971357,-0.841864639604348,-84.7259313336799));
#5105=CARTESIAN_POINT('Ctrl Pts',(8.82633223487107,-1.54879071031587,-84.716516319066));
#5106=CARTESIAN_POINT('Ctrl Pts',(6.24708040023958,-3.2881395066055,-84.3740854684957));
#5107=CARTESIAN_POINT('Ctrl Pts',(3.72032523482725,-3.97575730294415,-84.4261903511067));
#5108=CARTESIAN_POINT('Ctrl Pts',(1.51494304125988,-4.32756126412699,-84.5048193610157));
#5109=CARTESIAN_POINT('Ctrl Pts',(-0.710038957132532,-4.51973762489388,
-84.4261903511067));
#5110=CARTESIAN_POINT('Ctrl Pts',(-3.32808849621623,-4.46382241512797,-84.3740854684957));
#5111=CARTESIAN_POINT('Ctrl Pts',(-6.25151208625607,-3.4001172046478,-84.716516319066));
#5112=CARTESIAN_POINT('Ctrl Pts',(-7.36660063882615,-2.94957236303532,-84.7259313336799));
#5113=CARTESIAN_POINT('Ctrl Pts',(-8.46627167030395,-0.839135957598355,
-84.8008347913237));
#5114=CARTESIAN_POINT('Ctrl Pts',(-8.89130021278097,0.213302416691173,-85.1064725338348));
#5115=CARTESIAN_POINT('Ctrl Pts',(-9.08187219837085,0.736666177830475,-85.3112693708731));
#5116=CARTESIAN_POINT('Ctrl Pts',(-9.14173914595937,0.910644860542666,-85.3881979775164));
#5117=CARTESIAN_POINT('Ctrl Pts',(-9.24622325270865,1.23655778522792,-85.5416247241844));
#5118=CARTESIAN_POINT('Ctrl Pts',(-9.29434151185136,1.39984204535232,-85.6268935285795));
#5119=CARTESIAN_POINT('Ctrl Pts',(-9.33484372288458,1.55291963151292,-85.6999190836975));
#5120=CARTESIAN_POINT('Ctrl Pts',(10.618136517043,3.96028927268902,-85.3641506646218));
#5121=CARTESIAN_POINT('Ctrl Pts',(10.6163228894004,3.8032101481974,-85.3011312176495));
#5122=CARTESIAN_POINT('Ctrl Pts',(10.6096117830866,3.63682350481493,-85.2218658601649));
#5123=CARTESIAN_POINT('Ctrl Pts',(10.588568629751,3.29847979177048,-85.0799308931497));
#5124=CARTESIAN_POINT('Ctrl Pts',(10.5738056692348,3.12100350412184,-85.0120791332915));
#5125=CARTESIAN_POINT('Ctrl Pts',(10.5181933802354,2.57379303012043,-84.8152667138921));
#5126=CARTESIAN_POINT('Ctrl Pts',(10.3651936212943,1.45024497844581,-84.4963292377217));
#5127=CARTESIAN_POINT('Ctrl Pts',(9.81859092588626,-0.879173072367167,-84.3530027333967));
#5128=CARTESIAN_POINT('Ctrl Pts',(8.85724160154027,-1.60397608480016,-84.285952820853));
#5129=CARTESIAN_POINT('Ctrl Pts',(6.27762363241221,-3.33132652740078,-83.9600284556872));
#5130=CARTESIAN_POINT('Ctrl Pts',(3.74818851161596,-4.01662587525115,-84.0091618043953));
#5131=CARTESIAN_POINT('Ctrl Pts',(1.51929217402514,-4.36298210802851,-84.0880190211956));
#5132=CARTESIAN_POINT('Ctrl Pts',(-0.727187573037702,-4.5661329626807,-84.0091618043953));
#5133=CARTESIAN_POINT('Ctrl Pts',(-3.34727657792388,-4.51311567346117,-83.9600284556872));
#5134=CARTESIAN_POINT('Ctrl Pts',(-6.26815276223248,-3.46114099023925,-84.285952820853));
#5135=CARTESIAN_POINT('Ctrl Pts',(-7.37629162180785,-2.99043917576278,-84.3530027333967));
#5136=CARTESIAN_POINT('Ctrl Pts',(-8.47019511162997,-0.862449956561791,
-84.4963292377217));
#5137=CARTESIAN_POINT('Ctrl Pts',(-8.89046099831025,0.190709924534487,-84.8152667138921));
#5138=CARTESIAN_POINT('Ctrl Pts',(-9.0768035598172,0.708212078458147,-85.0120791332915));
#5139=CARTESIAN_POINT('Ctrl Pts',(-9.13406339724511,0.876845078486228,-85.0799308931497));
#5140=CARTESIAN_POINT('Ctrl Pts',(-9.23633857916478,1.20006147774127,-85.2218718941168));
#5141=CARTESIAN_POINT('Ctrl Pts',(-9.28310651352814,1.35989560037522,-85.301144696653));
#5142=CARTESIAN_POINT('Ctrl Pts',(-9.32286933776308,1.51188163442441,-85.3641667387993));
#5143=CARTESIAN_POINT('Ctrl Pts',(10.6067274241679,3.85625129245149,-84.4056225547876));
#5144=CARTESIAN_POINT('Ctrl Pts',(10.6057853391687,3.69896215186791,-84.340571907935));
#5145=CARTESIAN_POINT('Ctrl Pts',(10.600913246721,3.53747542453748,-84.2792866837093));
#5146=CARTESIAN_POINT('Ctrl Pts',(10.5836660315137,3.20541632303753,-84.160880944856));
#5147=CARTESIAN_POINT('Ctrl Pts',(10.5712909087542,3.034843948868,-84.1037604302284));
#5148=CARTESIAN_POINT('Ctrl Pts',(10.5234464718858,2.50846264608267,-83.9335967472584));
#5149=CARTESIAN_POINT('Ctrl Pts',(10.3848813237893,1.39704331940504,-83.5980608249706));
#5150=CARTESIAN_POINT('Ctrl Pts',(9.86657988928025,-0.96589807467997,-83.2761826976388));
#5151=CARTESIAN_POINT('Ctrl Pts',(8.94065142734965,-1.74066230249446,-83.0493006107097));
#5152=CARTESIAN_POINT('Ctrl Pts',(6.36804345309844,-3.44515108109063,-82.7572839176768));
#5153=CARTESIAN_POINT('Ctrl Pts',(3.83432776238673,-4.12733057416964,-82.7976089201059));
#5154=CARTESIAN_POINT('Ctrl Pts',(1.5314518538769,-4.4620147531945,-82.8793592871945));
#5155=CARTESIAN_POINT('Ctrl Pts',(-0.783986229311052,-4.69438822975199,
-82.797608920106));
#5156=CARTESIAN_POINT('Ctrl Pts',(-3.40747389171195,-4.64543368587189,-82.7572839176769));
#5157=CARTESIAN_POINT('Ctrl Pts',(-6.3160175708578,-3.6139457062803,-83.0493006107097));
#5158=CARTESIAN_POINT('Ctrl Pts',(-7.40187443094205,-3.08619765586031,-83.2761826976388));
#5159=CARTESIAN_POINT('Ctrl Pts',(-8.47642735901691,-0.918834185267443,
-83.5980608249707));
#5160=CARTESIAN_POINT('Ctrl Pts',(-8.87975320034162,0.126049294216876,-83.9335967472584));
#5161=CARTESIAN_POINT('Ctrl Pts',(-9.05351961553921,0.625220205839957,-84.1037604302284));
#5162=CARTESIAN_POINT('Ctrl Pts',(-9.10679233636095,0.787732038361137,-84.1608809448561));
#5163=CARTESIAN_POINT('Ctrl Pts',(-9.20386372938489,1.10576860624477,-84.2792917173846));
#5164=CARTESIAN_POINT('Ctrl Pts',(-9.2476615956788,1.26129274636023,-84.3405823294015));
#5165=CARTESIAN_POINT('Ctrl Pts',(-9.28662987561585,1.41369424206636,-84.4056391475024));
#5166=CARTESIAN_POINT('Ctrl Pts',(10.5604441521007,3.717346723324,-82.5875704230664));
#5167=CARTESIAN_POINT('Ctrl Pts',(10.5608584331606,3.55822642089501,-82.5219539030537));
#5168=CARTESIAN_POINT('Ctrl Pts',(10.5578628752208,3.39502769725197,-82.4608397266418));
#5169=CARTESIAN_POINT('Ctrl Pts',(10.5455005080201,3.06286809973012,-82.3457862674936));
#5170=CARTESIAN_POINT('Ctrl Pts',(10.5361336987593,2.89390722585131,-82.291846984757));
#5171=CARTESIAN_POINT('Ctrl Pts',(10.4991490340138,2.38197341714967,-82.1380467867702));
#5172=CARTESIAN_POINT('Ctrl Pts',(10.3896427566695,1.33790105148556,-81.8625169916878));
#5173=CARTESIAN_POINT('Ctrl Pts',(9.92303731557183,-1.03854689540295,-81.2904056864893));
#5174=CARTESIAN_POINT('Ctrl Pts',(9.07019798217562,-1.89855511484867,-80.796149328406));
#5175=CARTESIAN_POINT('Ctrl Pts',(6.54404359114442,-3.6098541536863,-80.5095008433166));
#5176=CARTESIAN_POINT('Ctrl Pts',(4.01680394554689,-4.30113589999666,-80.5326341749062));
#5177=CARTESIAN_POINT('Ctrl Pts',(1.55222033980434,-4.63116049737202,-80.6290049610284));
#5178=CARTESIAN_POINT('Ctrl Pts',(-0.918994776089115,-4.90717577873785,
-80.5326341749062));
#5179=CARTESIAN_POINT('Ctrl Pts',(-3.53840079394851,-4.84782266033788,-80.5095008433167));
#5180=CARTESIAN_POINT('Ctrl Pts',(-6.40351831089292,-3.79848857542919,-80.796149328406));
#5181=CARTESIAN_POINT('Ctrl Pts',(-7.43907948996693,-3.17034678371594,-81.2904056864894));
#5182=CARTESIAN_POINT('Ctrl Pts',(-8.46673954742634,-0.977371569940124,
-81.8625169916878));
#5183=CARTESIAN_POINT('Ctrl Pts',(-8.82557698617856,0.00919541819144478,
-82.1380467867702));
#5184=CARTESIAN_POINT('Ctrl Pts',(-8.9853110457416,0.496975204707474,-82.291846984757));
#5185=CARTESIAN_POINT('Ctrl Pts',(-9.0352749556271,0.658651182287858,-82.3457862674936));
#5186=CARTESIAN_POINT('Ctrl Pts',(-9.12763071323188,0.977967067105632,-82.4608446178047));
#5187=CARTESIAN_POINT('Ctrl Pts',(-9.1700219167816,1.13560663001069,-82.5219642954447));
#5188=CARTESIAN_POINT('Ctrl Pts',(-9.2081171351736,1.29011320609754,-82.5875871601359));
#5189=CARTESIAN_POINT('Ctrl Pts',(10.2733685317373,3.71465999328721,-78.7417353838661));
#5190=CARTESIAN_POINT('Ctrl Pts',(10.2711856315264,3.55997442143228,-78.6941851371949));
#5191=CARTESIAN_POINT('Ctrl Pts',(10.2656963182824,3.40132937771096,-78.6482380502673));
#5192=CARTESIAN_POINT('Ctrl Pts',(10.248830422822,3.07929619886952,-78.5590873576407));
#5193=CARTESIAN_POINT('Ctrl Pts',(10.2374538406058,2.91590806374939,-78.5158837519416));
#5194=CARTESIAN_POINT('Ctrl Pts',(10.19558152614,2.42339279979176,-78.3896938992992));
#5195=CARTESIAN_POINT('Ctrl Pts',(10.0808666259408,1.42895883748745,-78.1509980518333));
#5196=CARTESIAN_POINT('Ctrl Pts',(9.65735342251677,-0.690439519226168,-77.6509496654116));
#5197=CARTESIAN_POINT('Ctrl Pts',(8.95533024297312,-1.61960646471449,-76.8770284377586));
#5198=CARTESIAN_POINT('Ctrl Pts',(6.68402781980765,-3.5202163142268,-76.3667944932912));
#5199=CARTESIAN_POINT('Ctrl Pts',(4.28243564798164,-4.32645449953149,-76.3369953787235));
#5200=CARTESIAN_POINT('Ctrl Pts',(1.56101143596156,-4.70275822995806,-76.4835419614255));
#5201=CARTESIAN_POINT('Ctrl Pts',(-1.17061095813158,-4.99600443264617,-76.3369953787236));
#5202=CARTESIAN_POINT('Ctrl Pts',(-3.69591224880598,-4.79471269774998,-76.3667944932912));
#5203=CARTESIAN_POINT('Ctrl Pts',(-6.35954642067317,-3.50003687114242,-76.8770284377586));
#5204=CARTESIAN_POINT('Ctrl Pts',(-7.26550234031216,-2.76830493328828,-77.6509496654117));
#5205=CARTESIAN_POINT('Ctrl Pts',(-8.18916425960289,-0.814318882476516,
-78.1509980518333));
#5206=CARTESIAN_POINT('Ctrl Pts',(-8.54104698621575,0.122824095101333,-78.3896938992992));
#5207=CARTESIAN_POINT('Ctrl Pts',(-8.70082574025953,0.590579721156426,-78.5158837519416));
#5208=CARTESIAN_POINT('Ctrl Pts',(-8.75139155673036,0.746362286052484,-78.5590873576406));
#5209=CARTESIAN_POINT('Ctrl Pts',(-8.84566734777703,1.05476258398404,-78.6482418402494));
#5210=CARTESIAN_POINT('Ctrl Pts',(-8.88937673907501,1.20738004680615,-78.6941929504312));
#5211=CARTESIAN_POINT('Ctrl Pts',(-8.92891927793094,1.35695490384289,-78.7417475126626));
#5212=CARTESIAN_POINT('Ctrl Pts',(9.14979338948174,3.94975271481893,-75.1245111827447));
#5213=CARTESIAN_POINT('Ctrl Pts',(9.11003199747654,3.80656874469516,-75.0885867332984));
#5214=CARTESIAN_POINT('Ctrl Pts',(9.06562821544481,3.66181312032733,-75.0531155681328));
#5215=CARTESIAN_POINT('Ctrl Pts',(8.96931558593218,3.37159220490124,-74.9832252945888));
#5216=CARTESIAN_POINT('Ctrl Pts',(8.91740673845127,3.22612691384299,-74.9488061862104));
#5217=CARTESIAN_POINT('Ctrl Pts',(8.75309216974068,2.79231700332915,-74.8473451785952));
#5218=CARTESIAN_POINT('Ctrl Pts',(8.39011092724789,1.93504103294518,-74.6516084334446));
#5219=CARTESIAN_POINT('Ctrl Pts',(7.45218598599093,0.211563300896138,-74.2574072629694));
#5220=CARTESIAN_POINT('Ctrl Pts',(6.70664562614111,-0.291448637663406,-73.9427196580403));
#5221=CARTESIAN_POINT('Ctrl Pts',(4.75744747858067,-1.84761785907981,-73.5871524138181));
#5222=CARTESIAN_POINT('Ctrl Pts',(2.88132174438232,-3.00769685873852,-73.3548613857411));
#5223=CARTESIAN_POINT('Ctrl Pts',(1.37558763002853,-3.19260251844596,-73.3573928152716));
#5224=CARTESIAN_POINT('Ctrl Pts',(-0.130152473740451,-3.37745939828114,
-73.3548613857411));
#5225=CARTESIAN_POINT('Ctrl Pts',(-2.23119776623233,-2.70571559677034,-73.5871524138183));
#5226=CARTESIAN_POINT('Ctrl Pts',(-4.49896780639422,-1.66732496262493,-73.9427196580403));
#5227=CARTESIAN_POINT('Ctrl Pts',(-5.34405203300836,-1.35961716547573,-74.2574072629694));
#5228=CARTESIAN_POINT('Ctrl Pts',(-6.67106359503877,0.0857613325442125,
-74.6516084334446));
#5229=CARTESIAN_POINT('Ctrl Pts',(-7.2306565711552,0.829759432595907,-74.8473451785952));
#5230=CARTESIAN_POINT('Ctrl Pts',(-7.49503841082141,1.21093204284655,-74.9488061862104));
#5231=CARTESIAN_POINT('Ctrl Pts',(-7.5805965826448,1.3395185063009,-74.9832252945887));
#5232=CARTESIAN_POINT('Ctrl Pts',(-7.74426606708567,1.59782946718443,-75.0531185393143));
#5233=CARTESIAN_POINT('Ctrl Pts',(-7.82237674592156,1.72755406044446,-75.0885927651154));
#5234=CARTESIAN_POINT('Ctrl Pts',(-7.89560178685127,1.85687662966645,-75.1245203460948));
#5235=CARTESIAN_POINT('Ctrl Pts',(10.3453058842203,4.0874405200145,-72.7783524702162));
#5236=CARTESIAN_POINT('Ctrl Pts',(10.3265577884833,3.93593959720562,-72.750557430221));
#5237=CARTESIAN_POINT('Ctrl Pts',(10.3063556530741,3.78106555852256,-72.7231018275986));
#5238=CARTESIAN_POINT('Ctrl Pts',(10.2631398880713,3.46760095607462,-72.6689493595392));
#5239=CARTESIAN_POINT('Ctrl Pts',(10.2401262584777,3.30901039230975,-72.6422524941023));
#5240=CARTESIAN_POINT('Ctrl Pts',(10.1670130061602,2.83220847339223,-72.5634197972292));
#5241=CARTESIAN_POINT('Ctrl Pts',(10.0044970473778,1.87448372506559,-72.4107860012342));
#5242=CARTESIAN_POINT('Ctrl Pts',(9.51938011794843,-0.13455836781391,-72.096570106443));
#5243=CARTESIAN_POINT('Ctrl Pts',(8.57010816519458,-0.905647910412976,-71.8058231683856));
#5244=CARTESIAN_POINT('Ctrl Pts',(6.23777377771453,-2.97757946533422,-71.488649213514));
#5245=CARTESIAN_POINT('Ctrl Pts',(3.9022975970503,-4.43267907456436,-71.2792784328377));
#5246=CARTESIAN_POINT('Ctrl Pts',(1.56311990371208,-4.71993032175058,-71.2829102024669));
#5247=CARTESIAN_POINT('Ctrl Pts',(-0.776066581366786,-5.00710996595517,
-71.2792784328377));
#5248=CARTESIAN_POINT('Ctrl Pts',(-3.39418959403596,-4.16023585856745,-71.488649213514));
#5249=CARTESIAN_POINT('Ctrl Pts',(-6.15848929177371,-2.71409228188245,-71.8058231683855));
#5250=CARTESIAN_POINT('Ctrl Pts',(-7.26610725442708,-2.19555706437227,-72.096570106443));
#5251=CARTESIAN_POINT('Ctrl Pts',(-8.22284540924542,-0.363552514897732,
-72.4107860012342));
#5252=CARTESIAN_POINT('Ctrl Pts',(-8.61222853608153,0.526407546538514,-72.5634197972292));
#5253=CARTESIAN_POINT('Ctrl Pts',(-8.79851883638949,0.971358714150259,-72.6422524941023));
#5254=CARTESIAN_POINT('Ctrl Pts',(-8.85921539264046,1.11967095950311,-72.6689493595392));
#5255=CARTESIAN_POINT('Ctrl Pts',(-8.97698642203758,1.41338196954551,-72.723104129733));
#5256=CARTESIAN_POINT('Ctrl Pts',(-9.0340605867803,1.5587804854466,-72.7505620990037));
#5257=CARTESIAN_POINT('Ctrl Pts',(-9.08890745861437,1.70125722470461,-72.7783595599746));
#5258=CARTESIAN_POINT('Ctrl Pts',(9.19928259217979,4.13389394050117,-71.2542673800151));
#5259=CARTESIAN_POINT('Ctrl Pts',(9.15805683814812,3.98828282814854,-71.2354283401555));
#5260=CARTESIAN_POINT('Ctrl Pts',(9.11392403790206,3.84070627933918,-71.2167835878509));
#5261=CARTESIAN_POINT('Ctrl Pts',(9.02106064147602,3.54413966254321,-71.1799577997932));
#5262=CARTESIAN_POINT('Ctrl Pts',(8.97233004529602,3.3951495945566,-71.1617767640401));
#5263=CARTESIAN_POINT('Ctrl Pts',(8.82106600759738,2.94983514243518,-71.1080419437703));
#5264=CARTESIAN_POINT('Ctrl Pts',(8.49824893556553,2.06582924554598,-71.003805451189));
#5265=CARTESIAN_POINT('Ctrl Pts',(7.70515502994886,0.260967584787044,-70.7895308852939));
#5266=CARTESIAN_POINT('Ctrl Pts',(7.04211727980331,-0.372451379163927,-70.6021891596412));
#5267=CARTESIAN_POINT('Ctrl Pts',(5.11099675607013,-2.07712818428695,-70.4110943639997));
#5268=CARTESIAN_POINT('Ctrl Pts',(3.24631325738478,-3.33140273456387,-70.2873242660653));
#5269=CARTESIAN_POINT('Ctrl Pts',(1.42016483640921,-3.55565473000154,-70.2902759781713));
#5270=CARTESIAN_POINT('Ctrl Pts',(-0.405990639837331,-3.77984926486825,
-70.2873242660653));
#5271=CARTESIAN_POINT('Ctrl Pts',(-2.51872154627452,-3.01393979585318,-70.4110943639997));
#5272=CARTESIAN_POINT('Ctrl Pts',(-4.80487818145683,-1.82707951489344,-70.6021891596413));
#5273=CARTESIAN_POINT('Ctrl Pts',(-5.6014587932505,-1.372879150599,-70.7895308852939));
#5274=CARTESIAN_POINT('Ctrl Pts',(-6.80762997467185,0.186503624319465,-71.0038054511891));
#5275=CARTESIAN_POINT('Ctrl Pts',(-7.33471838233001,0.966154250075957,-71.1080419437704));
#5276=CARTESIAN_POINT('Ctrl Pts',(-7.58922054804339,1.3616468770822,-71.1617767640401));
#5277=CARTESIAN_POINT('Ctrl Pts',(-7.67254759692856,1.49442230510561,-71.1799577997932));
#5278=CARTESIAN_POINT('Ctrl Pts',(-7.83440539233549,1.75972521514496,-71.2167851533921));
#5279=CARTESIAN_POINT('Ctrl Pts',(-7.9129357304532,1.89225267511965,-71.2354315106666));
#5280=CARTESIAN_POINT('Ctrl Pts',(-7.98816925533218,2.0235760625765,-71.2542721853409));
#5281=CARTESIAN_POINT('Ctrl Pts',(9.65382939322192,3.8936978960537,-68.7914119229848));
#5282=CARTESIAN_POINT('Ctrl Pts',(9.637288908591,3.73217740157232,-68.7818527975801));
#5283=CARTESIAN_POINT('Ctrl Pts',(9.61802713374391,3.56755875252288,-68.7730601366215));
#5284=CARTESIAN_POINT('Ctrl Pts',(9.57474203375833,3.23520952239984,-68.7567591433233));
#5285=CARTESIAN_POINT('Ctrl Pts',(9.55071870861986,3.06747894132624,-68.7492508109836));
#5286=CARTESIAN_POINT('Ctrl Pts',(9.47252795297884,2.56424586573716,-68.7282794064833));
#5287=CARTESIAN_POINT('Ctrl Pts',(9.29166332079446,1.55761438508581,-68.6925509675579));
#5288=CARTESIAN_POINT('Ctrl Pts',(8.75547053122444,-0.533262032008558,-68.6318027776498));
#5289=CARTESIAN_POINT('Ctrl Pts',(7.99016011530542,-1.30278341099792,-68.4903148540774));
#5290=CARTESIAN_POINT('Ctrl Pts',(5.86016704675964,-3.33393219185336,-68.374463556926));
#5291=CARTESIAN_POINT('Ctrl Pts',(3.74832207240767,-4.7335516820786,-68.2950710987694));
#5292=CARTESIAN_POINT('Ctrl Pts',(1.59722654921714,-4.99770665823985,-68.2984503463888));
#5293=CARTESIAN_POINT('Ctrl Pts',(-0.553877116311084,-5.26179532038225,
-68.2950710987694));
#5294=CARTESIAN_POINT('Ctrl Pts',(-2.94158986967577,-4.41465205001198,-68.374463556926));
#5295=CARTESIAN_POINT('Ctrl Pts',(-5.49969240439273,-2.95912902927399,-68.4903148540774));
#5296=CARTESIAN_POINT('Ctrl Pts',(-6.42843390094303,-2.39761107050388,-68.6318027776498));
#5297=CARTESIAN_POINT('Ctrl Pts',(-7.45452825941094,-0.498559394885607,
-68.6925509675578));
#5298=CARTESIAN_POINT('Ctrl Pts',(-7.87354663502339,0.434415714060295,-68.7282794064833));
#5299=CARTESIAN_POINT('Ctrl Pts',(-8.07115789063112,0.903784560802063,-68.7492508109836));
#5300=CARTESIAN_POINT('Ctrl Pts',(-8.13504532046728,1.06072105842745,-68.7567591433232));
#5301=CARTESIAN_POINT('Ctrl Pts',(-8.2574524273077,1.37273974660939,-68.7730608296108));
#5302=CARTESIAN_POINT('Ctrl Pts',(-8.31597164746134,1.5278217783705,-68.7818542927623));
#5303=CARTESIAN_POINT('Ctrl Pts',(-8.37110026361557,1.68055550418355,-68.7914143612716));
#5304=CARTESIAN_POINT('Ctrl Pts',(9.16017539035803,4.45972167492912,-62.8779285100562));
#5305=CARTESIAN_POINT('Ctrl Pts',(9.1493818473064,4.35143520323808,-62.8541665384362));
#5306=CARTESIAN_POINT('Ctrl Pts',(9.13617411896903,4.2415650147189,-62.8298156063443));
#5307=CARTESIAN_POINT('Ctrl Pts',(9.10488735358649,4.01984467541696,-62.780165584258));
#5308=CARTESIAN_POINT('Ctrl Pts',(9.08680831654131,3.90799452463421,-62.7548664942637));
#5309=CARTESIAN_POINT('Ctrl Pts',(9.02519983513952,3.57125533597966,-62.6778916319893));
#5310=CARTESIAN_POINT('Ctrl Pts',(8.87249739127096,2.89302201344537,-62.519631538275));
#5311=CARTESIAN_POINT('Ctrl Pts',(8.30618651800279,1.3769405746099,-62.1394854976002));
#5312=CARTESIAN_POINT('Ctrl Pts',(6.87654590529182,-0.029009554051891,-61.6756417317592));
#5313=CARTESIAN_POINT('Ctrl Pts',(5.08728206677595,-0.846971119641388,-61.6766947000462));
#5314=CARTESIAN_POINT('Ctrl Pts',(3.28837035655745,-1.35425158883224,-61.8812205736207));
#5315=CARTESIAN_POINT('Ctrl Pts',(1.19890662656652,-1.75365121900911,-61.6198704062018));
#5316=CARTESIAN_POINT('Ctrl Pts',(-0.925114616486579,-1.87160249111843,
-61.8812205736206));
#5317=CARTESIAN_POINT('Ctrl Pts',(-2.79331321356678,-1.81458655079176,-61.6766947000462));
#5318=CARTESIAN_POINT('Ctrl Pts',(-4.727311081734,-1.45378403898394,-61.6756417317592));
#5319=CARTESIAN_POINT('Ctrl Pts',(-6.4546153786025,-0.435458004839517,-62.1394854976001));
#5320=CARTESIAN_POINT('Ctrl Pts',(-7.37087769424478,0.898586335989162,-62.519631538275));
#5321=CARTESIAN_POINT('Ctrl Pts',(-7.6831237139687,1.51973116557876,-62.6778916319893));
#5322=CARTESIAN_POINT('Ctrl Pts',(-7.82436674301721,1.83156332059419,-62.7548664942637));
#5323=CARTESIAN_POINT('Ctrl Pts',(-7.8689677558978,1.93571732896943,-62.780165584258));
#5324=CARTESIAN_POINT('Ctrl Pts',(-7.95296774627762,2.14329149707028,-62.8298177170704));
#5325=CARTESIAN_POINT('Ctrl Pts',(-7.99236628115564,2.24671159364808,-62.8541706792687));
#5326=CARTESIAN_POINT('Ctrl Pts',(-8.02903873264293,2.34917884940424,-62.8779345710697));
#5327=CARTESIAN_POINT('Ctrl Pts',(8.08267903421185,4.80535194918922,-56.6266622323103));
#5328=CARTESIAN_POINT('Ctrl Pts',(8.06001752565028,4.70598482083039,-56.5922246969212));
#5329=CARTESIAN_POINT('Ctrl Pts',(8.0349805686675,4.60573639274165,-56.5554245176514));
#5330=CARTESIAN_POINT('Ctrl Pts',(7.98061311843018,4.40461543430439,-56.4783095856127));
#5331=CARTESIAN_POINT('Ctrl Pts',(7.95128262517565,4.30374290395586,-56.4379948328437));
#5332=CARTESIAN_POINT('Ctrl Pts',(7.8575368818604,4.00189690532057,-56.3135947856814));
#5333=CARTESIAN_POINT('Ctrl Pts',(7.6470283410233,3.40129127769119,-56.0509715359353));
#5334=CARTESIAN_POINT('Ctrl Pts',(7.03314065422553,2.11711649884422,-55.4431218632741));
#5335=CARTESIAN_POINT('Ctrl Pts',(6.02511677125384,1.16402647731404,-55.1700163484421));
#5336=CARTESIAN_POINT('Ctrl Pts',(4.23814203403366,0.500542482559299,-54.9369539739564));
#5337=CARTESIAN_POINT('Ctrl Pts',(2.95655562148799,0.115526475891574,-55.1289621955223));
#5338=CARTESIAN_POINT('Ctrl Pts',(1.01577893621497,-0.26219586823127,-54.9778328211765));
#5339=CARTESIAN_POINT('Ctrl Pts',(-0.958727692662083,-0.365209866646803,
-55.1289621955224));
#5340=CARTESIAN_POINT('Ctrl Pts',(-2.2953893137778,-0.301674295127086,-54.9369539739565));
#5341=CARTESIAN_POINT('Ctrl Pts',(-4.18979456997681,-0.0902069263810581,
-55.1700163484421));
#5342=CARTESIAN_POINT('Ctrl Pts',(-5.3984491802941,0.590709199687734,-55.4431218632741));
#5343=CARTESIAN_POINT('Ctrl Pts',(-6.30477177598736,1.68822562651896,-56.0509715359353));
#5344=CARTESIAN_POINT('Ctrl Pts',(-6.65432696545012,2.22006407494583,-56.3135947856814));
#5345=CARTESIAN_POINT('Ctrl Pts',(-6.8183112157145,2.49026480948794,-56.4379948328437));
#5346=CARTESIAN_POINT('Ctrl Pts',(-6.87117374172479,2.58104530605675,-56.4783095856126));
#5347=CARTESIAN_POINT('Ctrl Pts',(-6.9725861209173,2.76304717282316,-56.5554277959682));
#5348=CARTESIAN_POINT('Ctrl Pts',(-7.0211356070359,2.85426857984941,-56.5922309547184));
#5349=CARTESIAN_POINT('Ctrl Pts',(-7.06716654120639,2.94520944854169,-56.6266710163284));
#5350=CARTESIAN_POINT('Ctrl Pts',(7.58892546486988,4.94379468298699,-53.6662648141253));
#5351=CARTESIAN_POINT('Ctrl Pts',(7.56595429964472,4.84459067587772,-53.6471439619377));
#5352=CARTESIAN_POINT('Ctrl Pts',(7.54133009519205,4.74431950878562,-53.6273554323007));
#5353=CARTESIAN_POINT('Ctrl Pts',(7.48899159769329,4.54315122837299,-53.5868653898336));
#5354=CARTESIAN_POINT('Ctrl Pts',(7.46127730464721,4.44225411505247,-53.5661638770036));
#5355=CARTESIAN_POINT('Ctrl Pts',(7.37382327741127,4.14088641635423,-53.5033234212826));
#5356=CARTESIAN_POINT('Ctrl Pts',(7.18167063054868,3.54344558401098,-53.3746988409167));
#5357=CARTESIAN_POINT('Ctrl Pts',(6.63074545617716,2.3131823245143,-53.0894483608743));
#5358=CARTESIAN_POINT('Ctrl Pts',(5.65433034534286,1.74758377428297,-52.9271819247259));
#5359=CARTESIAN_POINT('Ctrl Pts',(3.87166441431913,1.24825159010557,-52.9808585614757));
#5360=CARTESIAN_POINT('Ctrl Pts',(2.64792278478002,0.85184111875525,-53.0765628611476));
#5361=CARTESIAN_POINT('Ctrl Pts',(0.92384918461669,0.486511875822801,-53.0516832678742));
#5362=CARTESIAN_POINT('Ctrl Pts',(-0.837393204375266,0.423898125418955,
-53.0765628611477));
#5363=CARTESIAN_POINT('Ctrl Pts',(-2.12068485024772,0.512483616878891,-52.9808585614757));
#5364=CARTESIAN_POINT('Ctrl Pts',(-3.97119737302798,0.565717579924076,-52.9271819247259));
#5365=CARTESIAN_POINT('Ctrl Pts',(-5.0554394555622,0.878299241496251,-53.0894483608743));
#5366=CARTESIAN_POINT('Ctrl Pts',(-5.8876274175768,1.93873756186272,-53.3746988409166));
#5367=CARTESIAN_POINT('Ctrl Pts',(-6.21860632828931,2.47194591561465,-53.5033234212826));
#5368=CARTESIAN_POINT('Ctrl Pts',(-6.37637004210355,2.74320466165245,-53.5661638770036));
#5369=CARTESIAN_POINT('Ctrl Pts',(-6.42767032311796,2.83440000519202,-53.5868653898336));
#5370=CARTESIAN_POINT('Ctrl Pts',(-6.52712538315523,3.01693865918045,-53.6273571536169));
#5371=CARTESIAN_POINT('Ctrl Pts',(-6.57527989436351,3.10828198155082,-53.6471473269412));
#5372=CARTESIAN_POINT('Ctrl Pts',(-6.62157195821983,3.19898958144624,-53.666269691315));
#5373=CARTESIAN_POINT('',(1.10938161338422,-1.02452849768347,-58.2887068309666));
#5374=CARTESIAN_POINT('Ctrl Pts',(8.3600533070897,4.70470501800621,-58.2957648573459));
#5375=CARTESIAN_POINT('Ctrl Pts',(8.28815562682903,4.18606816831123,-58.2953512902664));
#5376=CARTESIAN_POINT('Ctrl Pts',(8.09992454574032,3.29423335751736,-58.294766622627));
#5377=CARTESIAN_POINT('Ctrl Pts',(7.78965366601928,2.48556312233587,-58.2941197607266));
#5378=CARTESIAN_POINT('Ctrl Pts',(7.6700526900493,2.23621183914527,-58.2938776384147));
#5379=CARTESIAN_POINT('Ctrl Pts',(7.45115273492125,1.78065083541874,-58.2934347627524));
#5380=CARTESIAN_POINT('Ctrl Pts',(7.05442028189646,1.24301185160442,-58.2927923596163));
#5381=CARTESIAN_POINT('Ctrl Pts',(6.5695946437581,0.839635945302675,-58.2921755659815));
#5382=CARTESIAN_POINT('Ctrl Pts',(6.36704811957747,0.696359559634933,-58.291910626664));
#5383=CARTESIAN_POINT('Ctrl Pts',(6.09685772149657,0.504987430894975,-58.2915577883457));
#5384=CARTESIAN_POINT('Ctrl Pts',(5.57389036435182,0.2006190104818,-58.290851612086));
#5385=CARTESIAN_POINT('Ctrl Pts',(4.89919405730793,-0.0772371098333548,
-58.2901073297178));
#5386=CARTESIAN_POINT('Ctrl Pts',(4.68348036692328,-0.158467619823224,-58.2898985715467));
#5387=CARTESIAN_POINT('Ctrl Pts',(4.29007663278764,-0.306612421548753,-58.2895185882855));
#5388=CARTESIAN_POINT('Ctrl Pts',(3.70550312552868,-0.486475827559484,-58.2891354157541));
#5389=CARTESIAN_POINT('Ctrl Pts',(3.19052628599583,-0.61600876233995,-58.2889364878137));
#5390=CARTESIAN_POINT('Ctrl Pts',(3.03082384466391,-0.655155611465045,-58.2888890089856));
#5391=CARTESIAN_POINT('Ctrl Pts',(2.76760293628684,-0.719552755252438,-58.2888119513767));
#5392=CARTESIAN_POINT('Ctrl Pts',(2.34605817016877,-0.816078246970312,-58.2887468967382));
#5393=CARTESIAN_POINT('Ctrl Pts',(1.73795374346872,-0.935227459333231,-58.2887071972757));
#5394=CARTESIAN_POINT('Ctrl Pts',(1.31770550958894,-0.998949539562389,-58.2887068309666));
#5395=CARTESIAN_POINT('Ctrl Pts',(1.10938161338422,-1.02452849768347,-58.2887068309666));
#5396=CARTESIAN_POINT('Ctrl Pts',(1.10938161338422,-1.02452849768347,-58.2887068309666));
#5397=CARTESIAN_POINT('Ctrl Pts',(0.929990282049961,-1.04655498353113,-58.2887068309666));
#5398=CARTESIAN_POINT('Ctrl Pts',(0.553271879018883,-1.08393667839677,-58.2887088775072));
#5399=CARTESIAN_POINT('Ctrl Pts',(0.0184186757851696,-1.11445968784263,
-58.2887347177091));
#5400=CARTESIAN_POINT('Ctrl Pts',(-0.47958268058656,-1.12793917840976,-58.2888015158704));
#5401=CARTESIAN_POINT('Ctrl Pts',(-0.733995712209427,-1.13044866990281,
-58.2888591585339));
#5402=CARTESIAN_POINT('Ctrl Pts',(-0.850168198271864,-1.13091859746062,
-58.2888927045955));
#5403=CARTESIAN_POINT('Ctrl Pts',(-1.18652752043368,-1.13227539580829,-58.288989972252));
#5404=CARTESIAN_POINT('Ctrl Pts',(-1.75110962247185,-1.1213512009124,-58.2892641958617));
#5405=CARTESIAN_POINT('Ctrl Pts',(-2.27742095770747,-1.07952268651288,-58.2896470072029));
#5406=CARTESIAN_POINT('Ctrl Pts',(-2.33894254363365,-1.07267548761825,-58.2897021531813));
#5407=CARTESIAN_POINT('Ctrl Pts',(-2.41622219147514,-1.06550941025074,-58.2897629885286));
#5408=CARTESIAN_POINT('Ctrl Pts',(-2.49233385116885,-1.05714203453389,-58.2898300078483));
#5409=CARTESIAN_POINT('Ctrl Pts',(-2.54380657545718,-1.05143146747568,-58.2898754404052));
#5410=CARTESIAN_POINT('Ctrl Pts',(-2.57133129076196,-1.04822628153087,-58.2899005615631));
#5411=CARTESIAN_POINT('Ctrl Pts',(-2.57404844038253,-1.04791025517031,-58.2899030378172));
#5412=CARTESIAN_POINT('Ctrl Pts',(-2.77777628912597,-1.02411677904094,-58.2900892520678));
#5413=CARTESIAN_POINT('Ctrl Pts',(-3.18994873566891,-0.965430790203263,
-58.2905063180379));
#5414=CARTESIAN_POINT('Ctrl Pts',(-3.70712969197992,-0.853314761848246,
-58.2910918171994));
#5415=CARTESIAN_POINT('Ctrl Pts',(-4.11129820202793,-0.734791410867312,
-58.2915641310836));
#5416=CARTESIAN_POINT('Ctrl Pts',(-4.30830067406409,-0.665123194592857,
-58.2917935900409));
#5417=CARTESIAN_POINT('Ctrl Pts',(-4.40593860355168,-0.6271587174531,-58.2919054670308));
#5418=CARTESIAN_POINT('Ctrl Pts',(-4.60930162602807,-0.548002618722426,
-58.2921384721062));
#5419=CARTESIAN_POINT('Ctrl Pts',(-4.99696365441706,-0.3667416956596,-58.2925624481687));
#5420=CARTESIAN_POINT('Ctrl Pts',(-5.44862188561238,-0.0525923129137119,
-58.2930939195614));
#5421=CARTESIAN_POINT('Ctrl Pts',(-5.79172322150926,0.265122539616288,-58.2935340462288));
#5422=CARTESIAN_POINT('Ctrl Pts',(-5.95982551883931,0.450928032257831,-58.2937592168064));
#5423=CARTESIAN_POINT('Ctrl Pts',(-6.04249927298377,0.550405041605656,-58.2938726248566));
#5424=CARTESIAN_POINT('Ctrl Pts',(-6.04460094141655,0.552938905408842,-58.2938755080889));
#5425=CARTESIAN_POINT('Ctrl Pts',(-6.14235123602935,0.670973283974311,-58.2940095857648));
#5426=CARTESIAN_POINT('Ctrl Pts',(-6.32662161295417,0.915800122230063,-58.2942568711929));
#5427=CARTESIAN_POINT('Ctrl Pts',(-6.66292932082733,1.43354675982802,-58.2947022566939));
#5428=CARTESIAN_POINT('Ctrl Pts',(-7.02097205736395,2.09838391262804,-58.2952090501846));
#5429=CARTESIAN_POINT('Ctrl Pts',(-7.22943267347748,2.57510212457662,-58.2955900762312));
#5430=CARTESIAN_POINT('Ctrl Pts',(-7.31194117609734,2.78042605691537,-58.2957648573459));
#5431=CARTESIAN_POINT('Origin',(-1.46840988040063,19.9698984467865,-114.));
#5432=CARTESIAN_POINT('',(2.50177472616466,20.4573758204071,-58.3));
#5433=CARTESIAN_POINT('',(-5.43859448696592,19.4824210731659,-58.3));
#5434=CARTESIAN_POINT('',(-1.46840988040063,19.9698984467865,-58.3));
#5435=CARTESIAN_POINT('',(2.50177472616466,20.4573758204071,-100.));
#5436=CARTESIAN_POINT('',(-5.43859448696592,19.4824210731659,-72.));
#5437=CARTESIAN_POINT('Origin',(3.96420684702642,8.54682200071121,-100.));
#5438=CARTESIAN_POINT('',(15.8747606667223,10.009254121573,-58.3));
#5439=CARTESIAN_POINT('Origin',(3.96420684702642,8.54682200071121,-58.3));
#5440=CARTESIAN_POINT('',(15.8747606667223,10.009254121573,-100.));
#5441=CARTESIAN_POINT('Origin',(16.2403686969377,7.03161566664902,-86.));
#5442=CARTESIAN_POINT('',(16.6059767271532,4.05397721172505,-58.3));
#5443=CARTESIAN_POINT('',(15.3263486213991,14.4757118039589,-58.3));
#5444=CARTESIAN_POINT('',(16.6059767271532,4.05397721172505,-72.));
#5445=CARTESIAN_POINT('Origin',(4.69542290745731,2.59154509086328,-72.));
#5446=CARTESIAN_POINT('',(6.15785502831908,-9.31900872883259,-58.3));
#5447=CARTESIAN_POINT('Origin',(4.69542290745731,2.59154509086328,-58.3));
#5448=CARTESIAN_POINT('',(6.15785502831908,-9.31900872883259,-72.));
#5449=CARTESIAN_POINT('Origin',(2.18767042175379,-9.80648610245317,-114.));
#5450=CARTESIAN_POINT('',(-3.00120761886297,-0.368501959660542,-114.));
#5451=CARTESIAN_POINT('',(0.968976987702315,0.118975413960049,-114.));
#5452=CARTESIAN_POINT('',(-5.23003860895591,1.37285165681181,-114.));
#5453=CARTESIAN_POINT('Origin',(-3.24494630567327,1.6165903436221,-114.));
#5454=CARTESIAN_POINT('',(-6.50966671470996,11.7945862490457,-114.));
#5455=CARTESIAN_POINT('Origin',(0.968976987702315,0.118975413960049,-104.));
#5456=CARTESIAN_POINT('',(-1.7825141848115,-10.2939634760738,-104.));
#5457=CARTESIAN_POINT('',(2.18767042175379,-9.80648610245317,-104.));
#5458=CARTESIAN_POINT('Origin',(-3.00120761886297,-0.368501959660542,-104.));
#5459=CARTESIAN_POINT('Origin',(-6.50966671470996,11.7945862490457,-104.));
#5460=CARTESIAN_POINT('',(-15.1555001253691,0.154158222760335,-104.));
#5461=CARTESIAN_POINT('Origin',(-5.23003860895591,1.37285165681181,-104.));
#5462=CARTESIAN_POINT('',(-16.4351282311232,10.5758928149942,-104.));
#5463=CARTESIAN_POINT('Origin',(-3.97616236610415,7.57186725347003,-72.));
#5464=CARTESIAN_POINT('',(-15.8867161858,6.10943513260826,-58.3));
#5465=CARTESIAN_POINT('Origin',(-3.97616236610415,7.57186725347003,-58.3));
#5466=CARTESIAN_POINT('',(-15.8867161858,6.10943513260826,-72.));
#5467=CARTESIAN_POINT('Ctrl Pts',(-7.54326249511689,2.68621872375429,-58.));
#5468=CARTESIAN_POINT('Ctrl Pts',(-7.54452230275029,2.68931211737545,-58.));
#5469=CARTESIAN_POINT('Ctrl Pts',(-7.54577736762992,2.69239827261427,-58.));
#5470=CARTESIAN_POINT('Ctrl Pts',(-7.5470276864991,2.69547712551172,-58.));
#5471=CARTESIAN_POINT('Ctrl Pts',(-7.46615538877704,2.71762116814131,-58.098588285782));
#5472=CARTESIAN_POINT('Ctrl Pts',(-7.46740010092345,2.72069088334359,-58.0985891433718));
#5473=CARTESIAN_POINT('Ctrl Pts',(-7.46864009865197,2.72375338024141,-58.0985899997265));
#5474=CARTESIAN_POINT('Ctrl Pts',(-7.46987537835817,2.72680859534235,-58.0985908549168));
#5475=CARTESIAN_POINT('Ctrl Pts',(-7.38904828243719,2.74902361252834,-58.1971765715639));
#5476=CARTESIAN_POINT('Ctrl Pts',(-7.39027789909662,2.75206964931172,-58.1971782867437));
#5477=CARTESIAN_POINT('Ctrl Pts',(-7.39150282967403,2.75510848786854,-58.1971799994531));
#5478=CARTESIAN_POINT('Ctrl Pts',(-7.39272307021724,2.75814006517298,-58.1971817098335));
#5479=CARTESIAN_POINT('Ctrl Pts',(-7.31194117609734,2.78042605691537,-58.2957648573459));
#5480=CARTESIAN_POINT('Ctrl Pts',(-7.31315569726979,2.78344841527986,-58.2957674301155));
#5481=CARTESIAN_POINT('Ctrl Pts',(-7.31436556069608,2.78646359549568,-58.2957699991796));
#5482=CARTESIAN_POINT('Ctrl Pts',(-7.31557076207631,2.78947153500362,-58.2957725647503));
#5483=CARTESIAN_POINT('',(-7.5470276864991,2.69547712551172,-58.));
#5484=CARTESIAN_POINT('',(-7.5470276864991,2.69547712551172,-58.));
#5485=CARTESIAN_POINT('',(-7.54326249511689,2.68621872375428,-58.));
#5486=CARTESIAN_POINT('',(-7.5470276864991,2.69547712551172,-58.));
#5487=CARTESIAN_POINT('',(-7.31194117609734,2.78042605691537,-58.2957648573459));
#5488=CARTESIAN_POINT('Ctrl Pts',(1.13600549343757,-1.24136260009485,-58.));
#5489=CARTESIAN_POINT('Ctrl Pts',(0.953111672562803,-1.26381913758281,-58.));
#5490=CARTESIAN_POINT('Ctrl Pts',(0.569837191405635,-1.30184329086472,-58.));
#5491=CARTESIAN_POINT('Ctrl Pts',(0.0276862345781665,-1.33285461192011,
-58.));
#5492=CARTESIAN_POINT('Ctrl Pts',(-0.475553810345537,-1.34671058246549,
-58.));
#5493=CARTESIAN_POINT('Ctrl Pts',(-0.732063015268122,-1.34944570903489,
-58.));
#5494=CARTESIAN_POINT('Ctrl Pts',(-0.849064406556368,-1.35003965634999,
-58.));
#5495=CARTESIAN_POINT('Ctrl Pts',(-1.18782445778105,-1.35175614735106,-58.));
#5496=CARTESIAN_POINT('Ctrl Pts',(-1.76039494722974,-1.34173312277397,-58.0000000000002));
#5497=CARTESIAN_POINT('Ctrl Pts',(-2.29690755715747,-1.30055460380976,-58.0000000000003));
#5498=CARTESIAN_POINT('Ctrl Pts',(-2.35950836124466,-1.29378847171946,-58.0000000000004));
#5499=CARTESIAN_POINT('Ctrl Pts',(-2.43831191848865,-1.28671665833066,-58.0000000000008));
#5500=CARTESIAN_POINT('Ctrl Pts',(-2.51583848424785,-1.27844750656583,-58.000000000001));
#5501=CARTESIAN_POINT('Ctrl Pts',(-2.56828972719644,-1.27280378258984,-58.0000000000015));
#5502=CARTESIAN_POINT('Ctrl Pts',(-2.59632892880886,-1.26963532200176,-58.0000000000016));
#5503=CARTESIAN_POINT('Ctrl Pts',(-2.59909706907869,-1.2693229019597,-58.0000000000016));
#5504=CARTESIAN_POINT('Ctrl Pts',(-2.80665533962362,-1.24579941569674,-58.0000000000013));
#5505=CARTESIAN_POINT('Ctrl Pts',(-3.22800713916933,-1.18748646025102,-57.9999999999996));
#5506=CARTESIAN_POINT('Ctrl Pts',(-3.76089141580714,-1.07450322622575,-58.0000000000002));
#5507=CARTESIAN_POINT('Ctrl Pts',(-4.18053955660366,-0.953562047968489,
-58.));
#5508=CARTESIAN_POINT('Ctrl Pts',(-4.38631421893843,-0.881869290586839,
-58.));
#5509=CARTESIAN_POINT('Ctrl Pts',(-4.48864679381637,-0.842609300627351,
-58.));
#5510=CARTESIAN_POINT('Ctrl Pts',(-4.70179369715306,-0.76074640195955,-58.));
#5511=CARTESIAN_POINT('Ctrl Pts',(-5.11238257457134,-0.57120678513443,-58.0000000000003));
#5512=CARTESIAN_POINT('Ctrl Pts',(-5.59529919900387,-0.238486953017846,
-57.9999999999992));
#5513=CARTESIAN_POINT('Ctrl Pts',(-5.9607825048225,0.0971137869593885,-57.9999999999991));
#5514=CARTESIAN_POINT('Ctrl Pts',(-6.13893535124852,0.292365253167943,-57.9999999999946));
#5515=CARTESIAN_POINT('Ctrl Pts',(-6.22625673517753,0.396527521168894,-57.9999999999942));
#5516=CARTESIAN_POINT('Ctrl Pts',(-6.22847640351138,0.399180496389173,-57.9999999999942));
#5517=CARTESIAN_POINT('Ctrl Pts',(-6.33170468350326,0.522755458746327,-57.9999999999951));
#5518=CARTESIAN_POINT('Ctrl Pts',(-6.5245817510568,0.777022680779659,-57.9999999999996));
#5519=CARTESIAN_POINT('Ctrl Pts',(-6.87340933743411,1.30988016648618,-57.9999999999993));
#5520=CARTESIAN_POINT('Ctrl Pts',(-7.24234093444999,1.98926617581655,-58.0000000000003));
#5521=CARTESIAN_POINT('Ctrl Pts',(-7.45767745651991,2.47606901085729,-58.));
#5522=CARTESIAN_POINT('Ctrl Pts',(-7.54326249511689,2.68621872375429,-58.));
#5523=CARTESIAN_POINT('Ctrl Pts',(1.12713086675312,-1.16908456595772,-58.0962356103222));
#5524=CARTESIAN_POINT('Ctrl Pts',(0.945401997226715,-1.19139846634721,-58.0962355345141));
#5525=CARTESIAN_POINT('Ctrl Pts',(0.564314824309092,-1.22920778809004,-58.096236243929));
#5526=CARTESIAN_POINT('Ctrl Pts',(0.0245998069959413,-1.26005688464507,
-58.0962447755905));
#5527=CARTESIAN_POINT('Ctrl Pts',(-0.476900081964274,-1.27378807188257,
-58.096266834916));
#5528=CARTESIAN_POINT('Ctrl Pts',(-0.732702723316138,-1.27644728113991,
-58.0962862359938));
#5529=CARTESIAN_POINT('Ctrl Pts',(-0.84943718586668,-1.27700070455918,-58.0962972085252));
#5530=CARTESIAN_POINT('Ctrl Pts',(-1.18740383285743,-1.27858935186427,-58.0963312803446));
#5531=CARTESIAN_POINT('Ctrl Pts',(-1.75730808115732,-1.26827542668969,-58.0964206925993));
#5532=CARTESIAN_POINT('Ctrl Pts',(-2.29041572831148,-1.22687507685576,-58.0965496035617));
#5533=CARTESIAN_POINT('Ctrl Pts',(-2.35265722668798,-1.22008424996006,-58.0965674913735));
#5534=CARTESIAN_POINT('Ctrl Pts',(-2.4309527379624,-1.21298003342287,-58.0965879061865));
#5535=CARTESIAN_POINT('Ctrl Pts',(-2.50800583404068,-1.20467864800687,-58.0966103408782));
#5536=CARTESIAN_POINT('Ctrl Pts',(-2.56012907788757,-1.19901262670207,-58.096625195959));
#5537=CARTESIAN_POINT('Ctrl Pts',(-2.58799857572298,-1.19583193322333,-58.0966337112775));
#5538=CARTESIAN_POINT('Ctrl Pts',(-2.59074960439096,-1.19551832101516,-58.0966345251303));
#5539=CARTESIAN_POINT('Ctrl Pts',(-2.79702921609578,-1.17190482889627,-58.0966966057672));
#5540=CARTESIAN_POINT('Ctrl Pts',(-3.21532123890713,-1.11346832582479,-58.0968353652588));
#5541=CARTESIAN_POINT('Ctrl Pts',(-3.74297082165415,-1.00077367724653,-58.0970306346128));
#5542=CARTESIAN_POINT('Ctrl Pts',(-4.1574592154036,-0.880637914885994,-58.0971880415212));
#5543=CARTESIAN_POINT('Ctrl Pts',(-4.36030986399239,-0.80962086611887,-58.0972644981313));
#5544=CARTESIAN_POINT('Ctrl Pts',(-4.46107757009197,-0.770792007162901,
-58.0973018040625));
#5545=CARTESIAN_POINT('Ctrl Pts',(-4.67096890131104,-0.689831899203322,
-58.0973795756304));
#5546=CARTESIAN_POINT('Ctrl Pts',(-5.07390164789411,-0.503052592551382,
-58.0975208266451));
#5547=CARTESIAN_POINT('Ctrl Pts',(-5.54641052009018,-0.176519634661165,
-58.0976979261881));
#5548=CARTESIAN_POINT('Ctrl Pts',(-5.90442593161411,0.153109778680641,-58.09784482941));
#5549=CARTESIAN_POINT('Ctrl Pts',(-6.0792327260635,0.345225975399562,-58.0979195980563));
#5550=CARTESIAN_POINT('Ctrl Pts',(-6.1650043724423,0.447819872607215,-58.0979575405304));
#5551=CARTESIAN_POINT('Ctrl Pts',(-6.16718455481276,0.450433286154341,-58.0979584985378));
#5552=CARTESIAN_POINT('Ctrl Pts',(-6.26859481065696,0.572164716990505,-58.0980031589127));
#5553=CARTESIAN_POINT('Ctrl Pts',(-6.458590693247,0.823279285407046,-58.0980856700914));
#5554=CARTESIAN_POINT('Ctrl Pts',(-6.80325096751956,1.35110433986198,-58.098234056865));
#5555=CARTESIAN_POINT('Ctrl Pts',(-7.16855195692341,2.02563594491379,-58.0984030630132));
#5556=CARTESIAN_POINT('Ctrl Pts',(-7.38159542214356,2.50908568296147,-58.0985299082263));
#5557=CARTESIAN_POINT('Ctrl Pts',(-7.46615538877704,2.71762116814131,-58.098588285782));
#5558=CARTESIAN_POINT('Ctrl Pts',(1.11825624006867,-1.09680653182059,-58.1924712206444));
#5559=CARTESIAN_POINT('Ctrl Pts',(0.937699957386049,-1.11897565476673,-58.1924712964525));
#5560=CARTESIAN_POINT('Ctrl Pts',(0.558794246115427,-1.15657218117146,-58.1924726335782));
#5561=CARTESIAN_POINT('Ctrl Pts',(0.0215051033673948,-1.18725741511766,
-58.1924899421187));
#5562=CARTESIAN_POINT('Ctrl Pts',(-0.478236408967823,-1.20086168899269,
-58.1925346809544));
#5563=CARTESIAN_POINT('Ctrl Pts',(-0.733356004161411,-1.2034470977978,-58.1925729225401));
#5564=CARTESIAN_POINT('Ctrl Pts',(-0.849795418961552,-1.20395754925143,
-58.1925954960703));
#5565=CARTESIAN_POINT('Ctrl Pts',(-1.18694814535731,-1.20544219129508,-58.1926586919074));
#5566=CARTESIAN_POINT('Ctrl Pts',(-1.75419648854428,-1.19480889699669,-58.1928435032627));
#5567=CARTESIAN_POINT('Ctrl Pts',(-2.28391278655347,-1.15320221346688,-58.1930974036415));
#5568=CARTESIAN_POINT('Ctrl Pts',(-2.34579367819033,-1.14637970937765,-58.1931346618082));
#5569=CARTESIAN_POINT('Ctrl Pts',(-2.42358137200139,-1.13924603515854,-58.1931750823429));
#5570=CARTESIAN_POINT('Ctrl Pts',(-2.50016650137602,-1.13091089309284,-58.1932196669712));
#5571=CARTESIAN_POINT('Ctrl Pts',(-2.55196722476605,-1.12522262336345,-58.1932502444477));
#5572=CARTESIAN_POINT('Ctrl Pts',(-2.57966164384784,-1.12202967030931,-58.1932668502872));
#5573=CARTESIAN_POINT('Ctrl Pts',(-2.58239590507026,-1.12171483611486,-58.1932685126884));
#5574=CARTESIAN_POINT('Ctrl Pts',(-2.78740241265381,-1.09801136584142,-58.1933926463018));
#5575=CARTESIAN_POINT('Ctrl Pts',(-3.20263463593111,-1.03944892462949,-58.1936709527788));
#5576=CARTESIAN_POINT('Ctrl Pts',(-3.72505028613292,-0.927044310827461,
-58.1940611825868));
#5577=CARTESIAN_POINT('Ctrl Pts',(-4.13437854322799,-0.807715543949806,
-58.1943760895624));
#5578=CARTESIAN_POINT('Ctrl Pts',(-4.33430502901013,-0.737371619060825,
-58.1945290919096));
#5579=CARTESIAN_POINT('Ctrl Pts',(-4.43350782727608,-0.69897601091755,-58.1946036629683));
#5580=CARTESIAN_POINT('Ctrl Pts',(-4.64012642187008,-0.618917121478654,
-58.1947588964758));
#5581=CARTESIAN_POINT('Ctrl Pts',(-5.03544458109429,-0.434895888242648,
-58.1950416215239));
#5582=CARTESIAN_POINT('Ctrl Pts',(-5.49751056452607,-0.114559631270393,
-58.1953959933725));
#5583=CARTESIAN_POINT('Ctrl Pts',(-5.84807979471765,0.209126547895035,-58.1956892168178));
#5584=CARTESIAN_POINT('Ctrl Pts',(-6.01952814402433,0.398067310026212,-58.1958396187447));
#5585=CARTESIAN_POINT('Ctrl Pts',(-6.103751635719,0.499112690167335,-58.1959150843204));
#5586=CARTESIAN_POINT('Ctrl Pts',(-6.10589279011517,0.501686115643673,-58.1959170095453));
#5587=CARTESIAN_POINT('Ctrl Pts',(-6.20546110887566,0.621564025730134,-58.1960064268472));
#5588=CARTESIAN_POINT('Ctrl Pts',(-6.39261267076398,0.869543517602676,-58.1961712011011));
#5589=CARTESIAN_POINT('Ctrl Pts',(-6.73308769074188,1.39232258645222,-58.1964681998282));
#5590=CARTESIAN_POINT('Ctrl Pts',(-7.09476103489053,2.06201414353081,-58.1968059871718));
#5591=CARTESIAN_POINT('Ctrl Pts',(-7.30551470785383,2.54208545247245,-58.1970601680049));
#5592=CARTESIAN_POINT('Ctrl Pts',(-7.38904828243719,2.74902361252834,-58.1971765715639));
#5593=CARTESIAN_POINT('Ctrl Pts',(1.10938161338422,-1.02452849768347,-58.2887068309666));
#5594=CARTESIAN_POINT('Ctrl Pts',(0.929990282049961,-1.04655498353113,-58.2887068309666));
#5595=CARTESIAN_POINT('Ctrl Pts',(0.553271879018883,-1.08393667839677,-58.2887088775072));
#5596=CARTESIAN_POINT('Ctrl Pts',(0.0184186757851696,-1.11445968784263,
-58.2887347177091));
#5597=CARTESIAN_POINT('Ctrl Pts',(-0.47958268058656,-1.12793917840976,-58.2888015158704));
#5598=CARTESIAN_POINT('Ctrl Pts',(-0.733995712209427,-1.13044866990281,
-58.2888591585339));
#5599=CARTESIAN_POINT('Ctrl Pts',(-0.850168198271864,-1.13091859746062,
-58.2888927045955));
#5600=CARTESIAN_POINT('Ctrl Pts',(-1.18652752043368,-1.13227539580829,-58.288989972252));
#5601=CARTESIAN_POINT('Ctrl Pts',(-1.75110962247185,-1.1213512009124,-58.2892641958617));
#5602=CARTESIAN_POINT('Ctrl Pts',(-2.27742095770747,-1.07952268651288,-58.2896470072029));
#5603=CARTESIAN_POINT('Ctrl Pts',(-2.33894254363365,-1.07267548761825,-58.2897021531813));
#5604=CARTESIAN_POINT('Ctrl Pts',(-2.41622219147514,-1.06550941025074,-58.2897629885286));
#5605=CARTESIAN_POINT('Ctrl Pts',(-2.49233385116885,-1.05714203453389,-58.2898300078483));
#5606=CARTESIAN_POINT('Ctrl Pts',(-2.54380657545718,-1.05143146747568,-58.2898754404052));
#5607=CARTESIAN_POINT('Ctrl Pts',(-2.57133129076196,-1.04822628153087,-58.2899005615631));
#5608=CARTESIAN_POINT('Ctrl Pts',(-2.57404844038253,-1.04791025517031,-58.2899030378172));
#5609=CARTESIAN_POINT('Ctrl Pts',(-2.77777628912597,-1.02411677904094,-58.2900892520678));
#5610=CARTESIAN_POINT('Ctrl Pts',(-3.18994873566891,-0.965430790203263,
-58.2905063180379));
#5611=CARTESIAN_POINT('Ctrl Pts',(-3.70712969197992,-0.853314761848246,
-58.2910918171994));
#5612=CARTESIAN_POINT('Ctrl Pts',(-4.11129820202793,-0.734791410867312,
-58.2915641310836));
#5613=CARTESIAN_POINT('Ctrl Pts',(-4.30830067406409,-0.665123194592857,
-58.2917935900409));
#5614=CARTESIAN_POINT('Ctrl Pts',(-4.40593860355168,-0.6271587174531,-58.2919054670308));
#5615=CARTESIAN_POINT('Ctrl Pts',(-4.60930162602807,-0.548002618722426,
-58.2921384721062));
#5616=CARTESIAN_POINT('Ctrl Pts',(-4.99696365441706,-0.3667416956596,-58.2925624481687));
#5617=CARTESIAN_POINT('Ctrl Pts',(-5.44862188561238,-0.0525923129137119,
-58.2930939195614));
#5618=CARTESIAN_POINT('Ctrl Pts',(-5.79172322150926,0.265122539616288,-58.2935340462288));
#5619=CARTESIAN_POINT('Ctrl Pts',(-5.95982551883931,0.450928032257831,-58.2937592168064));
#5620=CARTESIAN_POINT('Ctrl Pts',(-6.04249927298377,0.550405041605656,-58.2938726248566));
#5621=CARTESIAN_POINT('Ctrl Pts',(-6.04460094141655,0.552938905408842,-58.2938755080889));
#5622=CARTESIAN_POINT('Ctrl Pts',(-6.14235123602935,0.670973283974311,-58.2940095857648));
#5623=CARTESIAN_POINT('Ctrl Pts',(-6.32662161295417,0.915800122230063,-58.2942568711929));
#5624=CARTESIAN_POINT('Ctrl Pts',(-6.66292932082733,1.43354675982802,-58.2947022566939));
#5625=CARTESIAN_POINT('Ctrl Pts',(-7.02097205736395,2.09838391262804,-58.2952090501846));
#5626=CARTESIAN_POINT('Ctrl Pts',(-7.22943267347748,2.57510212457662,-58.2955900762312));
#5627=CARTESIAN_POINT('Ctrl Pts',(-7.31194117609734,2.78042605691537,-58.2957648573459));
#5628=CARTESIAN_POINT('',(1.13600549343757,-1.24136260009485,-58.));
#5629=CARTESIAN_POINT('',(1.10938161338422,-1.02452849768347,-58.2887068309666));
#5630=CARTESIAN_POINT('Ctrl Pts',(-7.54326249511689,2.68621872375429,-58.));
#5631=CARTESIAN_POINT('Ctrl Pts',(-7.45767745651991,2.47606901085729,-58.));
#5632=CARTESIAN_POINT('Ctrl Pts',(-7.24234093444999,1.98926617581655,-58.0000000000003));
#5633=CARTESIAN_POINT('Ctrl Pts',(-6.87340933743411,1.30988016648618,-57.9999999999993));
#5634=CARTESIAN_POINT('Ctrl Pts',(-6.5245817510568,0.777022680779659,-57.9999999999996));
#5635=CARTESIAN_POINT('Ctrl Pts',(-6.33170468350326,0.522755458746327,-57.9999999999951));
#5636=CARTESIAN_POINT('Ctrl Pts',(-6.22847640351138,0.399180496389173,-57.9999999999942));
#5637=CARTESIAN_POINT('Ctrl Pts',(-6.22625673517753,0.396527521168894,-57.9999999999942));
#5638=CARTESIAN_POINT('Ctrl Pts',(-6.13893535124852,0.292365253167943,-57.9999999999946));
#5639=CARTESIAN_POINT('Ctrl Pts',(-5.9607825048225,0.0971137869593885,-57.9999999999991));
#5640=CARTESIAN_POINT('Ctrl Pts',(-5.59529919900387,-0.238486953017846,
-57.9999999999992));
#5641=CARTESIAN_POINT('Ctrl Pts',(-5.11238257457134,-0.57120678513443,-58.0000000000003));
#5642=CARTESIAN_POINT('Ctrl Pts',(-4.70179369715306,-0.76074640195955,-58.));
#5643=CARTESIAN_POINT('Ctrl Pts',(-4.48864679381637,-0.842609300627351,
-58.));
#5644=CARTESIAN_POINT('Ctrl Pts',(-4.38631421893843,-0.881869290586839,
-58.));
#5645=CARTESIAN_POINT('Ctrl Pts',(-4.18053955660366,-0.953562047968489,
-58.));
#5646=CARTESIAN_POINT('Ctrl Pts',(-3.76089141580714,-1.07450322622575,-58.0000000000002));
#5647=CARTESIAN_POINT('Ctrl Pts',(-3.22800713916933,-1.18748646025102,-57.9999999999996));
#5648=CARTESIAN_POINT('Ctrl Pts',(-2.80665533962362,-1.24579941569674,-58.0000000000013));
#5649=CARTESIAN_POINT('Ctrl Pts',(-2.59909706907869,-1.2693229019597,-58.0000000000016));
#5650=CARTESIAN_POINT('Ctrl Pts',(-2.59632892880886,-1.26963532200176,-58.0000000000016));
#5651=CARTESIAN_POINT('Ctrl Pts',(-2.56828972719644,-1.27280378258984,-58.0000000000015));
#5652=CARTESIAN_POINT('Ctrl Pts',(-2.51583848424785,-1.27844750656583,-58.000000000001));
#5653=CARTESIAN_POINT('Ctrl Pts',(-2.43831191848865,-1.28671665833066,-58.0000000000008));
#5654=CARTESIAN_POINT('Ctrl Pts',(-2.35950836124466,-1.29378847171946,-58.0000000000004));
#5655=CARTESIAN_POINT('Ctrl Pts',(-2.29690755715747,-1.30055460380976,-58.0000000000003));
#5656=CARTESIAN_POINT('Ctrl Pts',(-1.76039494722974,-1.34173312277397,-58.0000000000002));
#5657=CARTESIAN_POINT('Ctrl Pts',(-1.18782445778105,-1.35175614735106,-58.));
#5658=CARTESIAN_POINT('Ctrl Pts',(-0.849064406556368,-1.35003965634999,
-58.));
#5659=CARTESIAN_POINT('Ctrl Pts',(-0.732063015268122,-1.34944570903489,
-58.));
#5660=CARTESIAN_POINT('Ctrl Pts',(-0.475553810345537,-1.34671058246549,
-58.));
#5661=CARTESIAN_POINT('Ctrl Pts',(0.0276862345781665,-1.33285461192011,
-58.));
#5662=CARTESIAN_POINT('Ctrl Pts',(0.569837191405635,-1.30184329086472,-58.));
#5663=CARTESIAN_POINT('Ctrl Pts',(0.953111672562803,-1.26381913758281,-58.));
#5664=CARTESIAN_POINT('Ctrl Pts',(1.13600549343757,-1.24136260009485,-58.));
#5665=CARTESIAN_POINT('Ctrl Pts',(8.60729421094861,4.66925773724597,-58.));
#5666=CARTESIAN_POINT('Ctrl Pts',(8.53109551791984,4.13778019275585,-58.));
#5667=CARTESIAN_POINT('Ctrl Pts',(8.33628371911658,3.22891151034098,-58.));
#5668=CARTESIAN_POINT('Ctrl Pts',(8.01257817166683,2.39287982528008,-58.0000000000001));
#5669=CARTESIAN_POINT('Ctrl Pts',(7.88579925388296,2.1314310265764,-58.));
#5670=CARTESIAN_POINT('Ctrl Pts',(7.65376390061958,1.65370831509401,-58.));
#5671=CARTESIAN_POINT('Ctrl Pts',(7.22737395498494,1.08049177785489,-58.));
#5672=CARTESIAN_POINT('Ctrl Pts',(6.7120299994965,0.65629043561883,-58.));
#5673=CARTESIAN_POINT('Ctrl Pts',(6.49943421837125,0.507328673892676,-58.));
#5674=CARTESIAN_POINT('Ctrl Pts',(6.2158125523986,0.308358310186797,-58.));
#5675=CARTESIAN_POINT('Ctrl Pts',(5.67200523372012,-0.00405273294728242,
-58.));
#5676=CARTESIAN_POINT('Ctrl Pts',(4.98110289599715,-0.28530723310566,-57.9999999999999));
#5677=CARTESIAN_POINT('Ctrl Pts',(4.76115097175485,-0.367281574159649,-57.9999999999999));
#5678=CARTESIAN_POINT('Ctrl Pts',(4.36001507681078,-0.516788745905099,-57.9999999999999));
#5679=CARTESIAN_POINT('Ctrl Pts',(3.76359368401323,-0.698747469790584,-57.9999999999999));
#5680=CARTESIAN_POINT('Ctrl Pts',(3.243584273155,-0.828755155921425,-57.9999999999998));
#5681=CARTESIAN_POINT('Ctrl Pts',(3.08269901289279,-0.868017065210212,-57.9999999999998));
#5682=CARTESIAN_POINT('Ctrl Pts',(2.81751637137838,-0.932609377527264,-57.9999999999998));
#5683=CARTESIAN_POINT('Ctrl Pts',(2.39180923096407,-1.02986683098887,-57.9999999999999));
#5684=CARTESIAN_POINT('Ctrl Pts',(1.77577497877521,-1.15044934661478,-57.9999999999999));
#5685=CARTESIAN_POINT('Ctrl Pts',(1.34839676715752,-1.21528423081153,-58.));
#5686=CARTESIAN_POINT('Ctrl Pts',(1.13600549343757,-1.24136260009485,-58.));
#5687=CARTESIAN_POINT('Ctrl Pts',(8.52488057632898,4.68107349749939,-58.098588285782));
#5688=CARTESIAN_POINT('Ctrl Pts',(8.45020458021894,4.15392558779363,-58.0984485307642));
#5689=CARTESIAN_POINT('Ctrl Pts',(8.25750508038375,3.25066468300024,-58.0982550635191));
#5690=CARTESIAN_POINT('Ctrl Pts',(7.93834926021353,2.42377962064115,-58.0980391981566));
#5691=CARTESIAN_POINT('Ctrl Pts',(7.81393968242705,2.16634918737994,-58.0979581776863));
#5692=CARTESIAN_POINT('Ctrl Pts',(7.58608648344102,1.69607236852766,-58.0978100235286));
#5693=CARTESIAN_POINT('Ctrl Pts',(7.16983028186446,1.13473127793113,-58.0975955741857));
#5694=CARTESIAN_POINT('Ctrl Pts',(6.664514573279,0.717359139630302,-58.0973904140542));
#5695=CARTESIAN_POINT('Ctrl Pts',(6.4553106729603,0.570343754817753,-58.0973017672506));
#5696=CARTESIAN_POINT('Ctrl Pts',(6.17613129439371,0.373903497660364,-58.0971861355508));
#5697=CARTESIAN_POINT('Ctrl Pts',(5.63926461894555,0.064166643826157,-58.0969508561157));
#5698=CARTESIAN_POINT('Ctrl Pts',(4.95380743582376,-0.215949252347538,-58.096700681505));
#5699=CARTESIAN_POINT('Ctrl Pts',(4.73520657978199,-0.297687058108459,-58.0966340187211));
#5700=CARTESIAN_POINT('Ctrl Pts',(4.33670627970136,-0.446701266492499,-58.0965081839659));
#5701=CARTESIAN_POINT('Ctrl Pts',(3.7441954694769,-0.627992982514371,-58.0963793148491));
#5702=CARTESIAN_POINT('Ctrl Pts',(3.22587514477235,-0.757838362113754,-58.096312896467));
#5703=CARTESIAN_POINT('Ctrl Pts',(3.06539023828495,-0.797057655450739,-58.0962972140097));
#5704=CARTESIAN_POINT('Ctrl Pts',(2.80088943583401,-0.861577683470549,-58.0962717620339));
#5705=CARTESIAN_POINT('Ctrl Pts',(2.3765440968666,-0.958600679578033,-58.0962495515542));
#5706=CARTESIAN_POINT('Ctrl Pts',(1.76317566753454,-1.07870253318301,-58.0962361964427));
#5707=CARTESIAN_POINT('Ctrl Pts',(1.33817826652924,-1.14317054015004,-58.0962357049481));
#5708=CARTESIAN_POINT('Ctrl Pts',(1.12713086675312,-1.16908456595772,-58.0962356103222));
#5709=CARTESIAN_POINT('Ctrl Pts',(8.44246694170934,4.6928892577528,-58.1971765715639));
#5710=CARTESIAN_POINT('Ctrl Pts',(8.36904656452993,4.16992277327345,-58.1969027595022));
#5711=CARTESIAN_POINT('Ctrl Pts',(8.17870318447316,3.2724801848581,-58.1965115591079));
#5712=CARTESIAN_POINT('Ctrl Pts',(7.86388257747259,2.4546633269748,-58.1960805625701));
#5713=CARTESIAN_POINT('Ctrl Pts',(7.7419122615052,2.20129367834173,-58.1959194607284));
#5714=CARTESIAN_POINT('Ctrl Pts',(7.51883015209981,1.73828678198509,-58.1956247392239));
#5715=CARTESIAN_POINT('Ctrl Pts',(7.11196395501693,1.18877235152818,-58.1951967854306));
#5716=CARTESIAN_POINT('Ctrl Pts',(6.61711006997561,0.778567241291203,-58.1947851519273));
#5717=CARTESIAN_POINT('Ctrl Pts',(6.41117166498842,0.633344478709856,-58.1946088594134));
#5718=CARTESIAN_POINT('Ctrl Pts',(6.13653897950146,0.439442243421409,-58.1943716527949));
#5719=CARTESIAN_POINT('Ctrl Pts',(5.60663097912638,0.132399633708361,-58.1939007559703));
#5720=CARTESIAN_POINT('Ctrl Pts',(4.92648951748132,-0.146595090591477,-58.1934066482128));
#5721=CARTESIAN_POINT('Ctrl Pts',(4.70942475889614,-0.228062135874414,-58.1932645528256));
#5722=CARTESIAN_POINT('Ctrl Pts',(4.31338542989706,-0.376699900961354,-58.1930104043196));
#5723=CARTESIAN_POINT('Ctrl Pts',(3.72490134006502,-0.557230314835696,-58.1927561009049));
#5724=CARTESIAN_POINT('Ctrl Pts',(3.20823541437847,-0.686925556147622,-58.1926235913465));
#5725=CARTESIAN_POINT('Ctrl Pts',(3.04813261927175,-0.726115021224518,-58.1925917949758));
#5726=CARTESIAN_POINT('Ctrl Pts',(2.78422987183121,-0.790584449309153,-58.1925401893426));
#5727=CARTESIAN_POINT('Ctrl Pts',(2.36132330426624,-0.887344398381146,-58.1924973451839));
#5728=CARTESIAN_POINT('Ctrl Pts',(1.75055305470939,-1.006974272765,-58.192471000833));
#5729=CARTESIAN_POINT('Ctrl Pts',(1.32792401021722,-1.07106323022388,-58.1924711260185));
#5730=CARTESIAN_POINT('Ctrl Pts',(1.11825624006867,-1.09680653182059,-58.1924712206444));
#5731=CARTESIAN_POINT('Ctrl Pts',(8.3600533070897,4.70470501800621,-58.2957648573459));
#5732=CARTESIAN_POINT('Ctrl Pts',(8.28815562682903,4.18606816831123,-58.2953512902664));
#5733=CARTESIAN_POINT('Ctrl Pts',(8.09992454574032,3.29423335751736,-58.294766622627));
#5734=CARTESIAN_POINT('Ctrl Pts',(7.78965366601928,2.48556312233587,-58.2941197607266));
#5735=CARTESIAN_POINT('Ctrl Pts',(7.6700526900493,2.23621183914527,-58.2938776384147));
#5736=CARTESIAN_POINT('Ctrl Pts',(7.45115273492125,1.78065083541874,-58.2934347627524));
#5737=CARTESIAN_POINT('Ctrl Pts',(7.05442028189646,1.24301185160442,-58.2927923596163));
#5738=CARTESIAN_POINT('Ctrl Pts',(6.5695946437581,0.839635945302675,-58.2921755659815));
#5739=CARTESIAN_POINT('Ctrl Pts',(6.36704811957747,0.696359559634933,-58.291910626664));
#5740=CARTESIAN_POINT('Ctrl Pts',(6.09685772149657,0.504987430894975,-58.2915577883457));
#5741=CARTESIAN_POINT('Ctrl Pts',(5.57389036435182,0.2006190104818,-58.290851612086));
#5742=CARTESIAN_POINT('Ctrl Pts',(4.89919405730793,-0.0772371098333548,
-58.2901073297178));
#5743=CARTESIAN_POINT('Ctrl Pts',(4.68348036692328,-0.158467619823224,-58.2898985715467));
#5744=CARTESIAN_POINT('Ctrl Pts',(4.29007663278764,-0.306612421548753,-58.2895185882855));
#5745=CARTESIAN_POINT('Ctrl Pts',(3.70550312552868,-0.486475827559484,-58.2891354157541));
#5746=CARTESIAN_POINT('Ctrl Pts',(3.19052628599583,-0.61600876233995,-58.2889364878137));
#5747=CARTESIAN_POINT('Ctrl Pts',(3.03082384466391,-0.655155611465045,-58.2888890089856));
#5748=CARTESIAN_POINT('Ctrl Pts',(2.76760293628684,-0.719552755252438,-58.2888119513767));
#5749=CARTESIAN_POINT('Ctrl Pts',(2.34605817016877,-0.816078246970312,-58.2887468967382));
#5750=CARTESIAN_POINT('Ctrl Pts',(1.73795374346872,-0.935227459333231,-58.2887071972757));
#5751=CARTESIAN_POINT('Ctrl Pts',(1.31770550958894,-0.998949539562389,-58.2887068309666));
#5752=CARTESIAN_POINT('Ctrl Pts',(1.10938161338422,-1.02452849768347,-58.2887068309666));
#5753=CARTESIAN_POINT('',(8.60729421094861,4.66925773724597,-58.));
#5754=CARTESIAN_POINT('Ctrl Pts',(1.13600549343757,-1.24136260009485,-58.));
#5755=CARTESIAN_POINT('Ctrl Pts',(1.34839676715752,-1.21528423081153,-58.));
#5756=CARTESIAN_POINT('Ctrl Pts',(1.77577497877521,-1.15044934661478,-57.9999999999999));
#5757=CARTESIAN_POINT('Ctrl Pts',(2.39180923096407,-1.02986683098887,-57.9999999999999));
#5758=CARTESIAN_POINT('Ctrl Pts',(2.81751637137838,-0.932609377527264,-57.9999999999998));
#5759=CARTESIAN_POINT('Ctrl Pts',(3.08269901289279,-0.868017065210212,-57.9999999999998));
#5760=CARTESIAN_POINT('Ctrl Pts',(3.243584273155,-0.828755155921425,-57.9999999999998));
#5761=CARTESIAN_POINT('Ctrl Pts',(3.76359368401323,-0.698747469790584,-57.9999999999999));
#5762=CARTESIAN_POINT('Ctrl Pts',(4.36001507681078,-0.516788745905099,-57.9999999999999));
#5763=CARTESIAN_POINT('Ctrl Pts',(4.76115097175485,-0.367281574159649,-57.9999999999999));
#5764=CARTESIAN_POINT('Ctrl Pts',(4.98110289599715,-0.28530723310566,-57.9999999999999));
#5765=CARTESIAN_POINT('Ctrl Pts',(5.67200523372012,-0.00405273294728242,
-58.));
#5766=CARTESIAN_POINT('Ctrl Pts',(6.2158125523986,0.308358310186797,-58.));
#5767=CARTESIAN_POINT('Ctrl Pts',(6.49943421837125,0.507328673892676,-58.));
#5768=CARTESIAN_POINT('Ctrl Pts',(6.7120299994965,0.65629043561883,-58.));
#5769=CARTESIAN_POINT('Ctrl Pts',(7.22737395498494,1.08049177785489,-58.));
#5770=CARTESIAN_POINT('Ctrl Pts',(7.65376390061958,1.65370831509401,-58.));
#5771=CARTESIAN_POINT('Ctrl Pts',(7.88579925388296,2.1314310265764,-58.));
#5772=CARTESIAN_POINT('Ctrl Pts',(8.01257817166683,2.39287982528008,-58.0000000000001));
#5773=CARTESIAN_POINT('Ctrl Pts',(8.33628371911658,3.22891151034098,-58.));
#5774=CARTESIAN_POINT('Ctrl Pts',(8.53109551791984,4.13778019275585,-58.));
#5775=CARTESIAN_POINT('Ctrl Pts',(8.60729421094861,4.66925773724597,-58.));
#5776=CARTESIAN_POINT('',(8.60729421094861,4.66925773724597,-58.));
#5777=CARTESIAN_POINT('Ctrl Pts',(8.608707749952,4.67915200713984,-58.));
#5778=CARTESIAN_POINT('Ctrl Pts',(8.60823865924113,4.67585683619445,-58.));
#5779=CARTESIAN_POINT('Ctrl Pts',(8.60776748004867,4.67255873742304,-58.));
#5780=CARTESIAN_POINT('Ctrl Pts',(8.60729421094861,4.66925773724597,-58.));
#5781=CARTESIAN_POINT('Ctrl Pts',(8.52626742651717,4.6908879657791,-58.0985908549168));
#5782=CARTESIAN_POINT('Ctrl Pts',(8.52580722402007,4.68761941154868,-58.0985899983505));
#5783=CARTESIAN_POINT('Ctrl Pts',(8.52534494091741,4.68434791321317,-58.0985891420019));
#5784=CARTESIAN_POINT('Ctrl Pts',(8.52488057632897,4.68107349749938,-58.098588285782));
#5785=CARTESIAN_POINT('Ctrl Pts',(8.44382710308235,4.70262392441837,-58.1971817098335));
#5786=CARTESIAN_POINT('Ctrl Pts',(8.44337578879902,4.69938198690291,-58.197179996701));
#5787=CARTESIAN_POINT('Ctrl Pts',(8.44292240178616,4.69613708900331,-58.1971782840038));
#5788=CARTESIAN_POINT('Ctrl Pts',(8.44246694170934,4.69288925775279,-58.1971765715639));
#5789=CARTESIAN_POINT('Ctrl Pts',(8.36138677964753,4.71435988305763,-58.2957725647503));
#5790=CARTESIAN_POINT('Ctrl Pts',(8.36094435357797,4.71114456225714,-58.2957699950515));
#5791=CARTESIAN_POINT('Ctrl Pts',(8.3604998626549,4.70792626479344,-58.2957674260057));
#5792=CARTESIAN_POINT('Ctrl Pts',(8.3600533070897,4.7047050180062,-58.2957648573459));
#5793=CARTESIAN_POINT('',(8.608707749952,4.67915200713984,-58.));
#5794=CARTESIAN_POINT('',(8.60729421094861,4.66925773724597,-58.));
#5795=CARTESIAN_POINT('',(8.36138677964753,4.71435988305763,-58.2957725647503));
#5796=CARTESIAN_POINT('Ctrl Pts',(-0.53542465329038,12.330782229203,-58.));
#5797=CARTESIAN_POINT('Ctrl Pts',(-0.256242958665075,12.3651841640365,-58.));
#5798=CARTESIAN_POINT('Ctrl Pts',(0.303533913781891,12.413261759652,-58.0000000000039));
#5799=CARTESIAN_POINT('Ctrl Pts',(0.879285463141324,12.4128043846481,-58.000000000013));
#5800=CARTESIAN_POINT('Ctrl Pts',(1.30465319506734,12.3853619130499,-58.0000000000193));
#5801=CARTESIAN_POINT('Ctrl Pts',(1.50243670128445,12.3623734426905,-58.0000000000251));
#5802=CARTESIAN_POINT('Ctrl Pts',(1.60088132495355,12.34854403517,-58.000000000026));
#5803=CARTESIAN_POINT('Ctrl Pts',(1.60673805594979,12.3477207935066,-58.0000000000261));
#5804=CARTESIAN_POINT('Ctrl Pts',(1.79326320430459,12.3209349553954,-58.0000000000224));
#5805=CARTESIAN_POINT('Ctrl Pts',(2.03456730646118,12.2757067720335,-57.9999999999607));
#5806=CARTESIAN_POINT('Ctrl Pts',(2.37248297552074,12.1898704189877,-57.9999999999649));
#5807=CARTESIAN_POINT('Ctrl Pts',(2.55480086937242,12.1390771354076,-57.9999999999473));
#5808=CARTESIAN_POINT('Ctrl Pts',(2.94273636884696,12.0202706655425,-57.9999999999346));
#5809=CARTESIAN_POINT('Ctrl Pts',(3.41392566660765,11.8517286961061,-57.999999999916));
#5810=CARTESIAN_POINT('Ctrl Pts',(3.66290069412814,11.7589164162989,-57.9999999999115));
#5811=CARTESIAN_POINT('Ctrl Pts',(3.66756086632295,11.757184181419,-57.9999999999115));
#5812=CARTESIAN_POINT('Ctrl Pts',(3.67454384775736,11.7545855522196,-57.9999999999115));
#5813=CARTESIAN_POINT('Ctrl Pts',(3.9084819959969,11.6674946702122,-57.9999999999135));
#5814=CARTESIAN_POINT('Ctrl Pts',(4.4135614656739,11.4760733356651,-57.9999999999363));
#5815=CARTESIAN_POINT('Ctrl Pts',(5.07599977341143,11.1895978133627,-57.9999999999385));
#5816=CARTESIAN_POINT('Ctrl Pts',(5.58182663077546,10.9306723926328,-57.9999999999453));
#5817=CARTESIAN_POINT('Ctrl Pts',(5.81921738967371,10.7919154733429,-57.9999999999463));
#5818=CARTESIAN_POINT('Ctrl Pts',(5.93510132193614,10.718704291078,-57.9999999999466));
#5819=CARTESIAN_POINT('Ctrl Pts',(5.94334010132368,10.7135046776116,-57.9999999999466));
#5820=CARTESIAN_POINT('Ctrl Pts',(6.12008595949579,10.6005706866379,-57.9999999999485));
#5821=CARTESIAN_POINT('Ctrl Pts',(6.39494982068033,10.4078041470376,-57.9999999999574));
#5822=CARTESIAN_POINT('Ctrl Pts',(6.85822983711132,10.0064354522013,-57.9999999999702));
#5823=CARTESIAN_POINT('Ctrl Pts',(7.27259234759706,9.54536920446458,-57.9999999999781));
#5824=CARTESIAN_POINT('Ctrl Pts',(7.48544049214467,9.26735123624973,-57.9999999999823));
#5825=CARTESIAN_POINT('Ctrl Pts',(7.59667803236913,9.10954171835069,-57.9999999999829));
#5826=CARTESIAN_POINT('Ctrl Pts',(7.7106788255692,8.94729731026906,-57.9999999999831));
#5827=CARTESIAN_POINT('Ctrl Pts',(7.94533029636999,8.58801395657788,-57.9999999999885));
#5828=CARTESIAN_POINT('Ctrl Pts',(8.23712346033869,8.02255621550508,-57.9999999999899));
#5829=CARTESIAN_POINT('Ctrl Pts',(8.43639170635706,7.50309646490202,-57.9999999999922));
#5830=CARTESIAN_POINT('Ctrl Pts',(8.51875258605623,7.22023295615749,-57.9999999999931));
#5831=CARTESIAN_POINT('Ctrl Pts',(8.55514145365404,7.06789097701194,-57.9999999999933));
#5832=CARTESIAN_POINT('Ctrl Pts',(8.5826177614336,6.95195019845995,-57.9999999999933));
#5833=CARTESIAN_POINT('Ctrl Pts',(8.62874898309054,6.71950803037494,-57.999999999994));
#5834=CARTESIAN_POINT('Ctrl Pts',(8.68940590646154,6.23990762633368,-57.9999999999955));
#5835=CARTESIAN_POINT('Ctrl Pts',(8.70748424965398,5.57432475797607,-57.9999999999966));
#5836=CARTESIAN_POINT('Ctrl Pts',(8.65113188580466,4.9669997012229,-58.0000000000002));
#5837=CARTESIAN_POINT('Ctrl Pts',(8.60208444876437,4.63337682764342,-58.));
#5838=CARTESIAN_POINT('Ctrl Pts',(-0.522768786447516,12.2280500012038,-58.0999565129083));
#5839=CARTESIAN_POINT('Ctrl Pts',(-0.245935646938944,12.2621596683932,-58.0999564536186));
#5840=CARTESIAN_POINT('Ctrl Pts',(0.308494178430915,12.3097509099719,-58.0999564984904));
#5841=CARTESIAN_POINT('Ctrl Pts',(0.876638516161191,12.3094495527313,-58.0999636803193));
#5842=CARTESIAN_POINT('Ctrl Pts',(1.29547311853833,12.2827317295344,-58.0999731639624));
#5843=CARTESIAN_POINT('Ctrl Pts',(1.48987012332959,12.2603240223152,-58.0999786494468));
#5844=CARTESIAN_POINT('Ctrl Pts',(1.58654959423237,12.2468516678272,-58.0999815575344));
#5845=CARTESIAN_POINT('Ctrl Pts',(1.59230594866519,12.2460477043074,-58.0999817214515));
#5846=CARTESIAN_POINT('Ctrl Pts',(1.77539669262334,12.2199939008868,-58.0999874298312));
#5847=CARTESIAN_POINT('Ctrl Pts',(2.01272912081057,12.175802291722,-58.0999941309092));
#5848=CARTESIAN_POINT('Ctrl Pts',(2.34603955767035,12.0915622839108,-58.1000017967427));
#5849=CARTESIAN_POINT('Ctrl Pts',(2.52616842225867,12.0416037187982,-58.1000054609922));
#5850=CARTESIAN_POINT('Ctrl Pts',(2.91033549727501,11.924432307737,-58.1000118280362));
#5851=CARTESIAN_POINT('Ctrl Pts',(3.37915947327777,11.7573573273023,-58.1000165440328));
#5852=CARTESIAN_POINT('Ctrl Pts',(3.62796026685571,11.6649291340953,-58.100017128998));
#5853=CARTESIAN_POINT('Ctrl Pts',(3.6325933709938,11.6632144090808,-58.1000171741607));
#5854=CARTESIAN_POINT('Ctrl Pts',(3.63957550849563,11.6606247422895,-58.1000171820011));
#5855=CARTESIAN_POINT('Ctrl Pts',(3.87318120517363,11.5739653653948,-58.1000178638484));
#5856=CARTESIAN_POINT('Ctrl Pts',(4.37673636217897,11.3839545236239,-58.1000173438615));
#5857=CARTESIAN_POINT('Ctrl Pts',(5.03491817495359,11.1008004325821,-58.0999959410346));
#5858=CARTESIAN_POINT('Ctrl Pts',(5.53571375283082,10.8459557720661,-58.0999540922742));
#5859=CARTESIAN_POINT('Ctrl Pts',(5.77003030610348,10.7098657054875,-58.0999223956955));
#5860=CARTESIAN_POINT('Ctrl Pts',(5.88420293941706,10.6382180201254,-58.0999028144302));
#5861=CARTESIAN_POINT('Ctrl Pts',(5.89232783773914,10.6331186136066,-58.0999016356935));
#5862=CARTESIAN_POINT('Ctrl Pts',(6.0663791800161,10.5227144529136,-58.0998688433813));
#5863=CARTESIAN_POINT('Ctrl Pts',(6.33723103498607,10.3339343766522,-58.0998142364299));
#5864=CARTESIAN_POINT('Ctrl Pts',(6.79373758304965,9.94083951163781,-58.0996818454145));
#5865=CARTESIAN_POINT('Ctrl Pts',(7.2027897869102,9.48778042648523,-58.099555503018));
#5866=CARTESIAN_POINT('Ctrl Pts',(7.41324602114179,9.21376673172664,-58.0995024654295));
#5867=CARTESIAN_POINT('Ctrl Pts',(7.52333555861551,9.05795281390096,-58.0994806697601));
#5868=CARTESIAN_POINT('Ctrl Pts',(7.63617544313445,8.8977178869848,-58.0994593351197));
#5869=CARTESIAN_POINT('Ctrl Pts',(7.86821550534947,8.54301196013273,-58.099424074585));
#5870=CARTESIAN_POINT('Ctrl Pts',(8.15615474599569,7.98559934087232,-58.0993898592055));
#5871=CARTESIAN_POINT('Ctrl Pts',(8.35257734127315,7.4748041242906,-58.0993356753588));
#5872=CARTESIAN_POINT('Ctrl Pts',(8.43383494018471,7.19709245610346,-58.0992897144241));
#5873=CARTESIAN_POINT('Ctrl Pts',(8.46979400529779,7.04761150668847,-58.0992590292578));
#5874=CARTESIAN_POINT('Ctrl Pts',(8.49695036867539,6.93384607123264,-58.0992354552254));
#5875=CARTESIAN_POINT('Ctrl Pts',(8.54267090243732,6.7056524781534,-58.0991823849614));
#5876=CARTESIAN_POINT('Ctrl Pts',(8.60327598411058,6.2341210030415,-58.0990560030062));
#5877=CARTESIAN_POINT('Ctrl Pts',(8.62255072957831,5.57786424363714,-58.0988579816091));
#5878=CARTESIAN_POINT('Ctrl Pts',(8.56790655145542,4.9764621584777,-58.0986820753727));
#5879=CARTESIAN_POINT('Ctrl Pts',(8.51975255478885,4.64548088002044,-58.0985962390397));
#5880=CARTESIAN_POINT('Ctrl Pts',(-0.510116917467696,12.1253171307582,-58.199913022715));
#5881=CARTESIAN_POINT('Ctrl Pts',(-0.235402591472123,12.1591714296181,-58.1999130822607));
#5882=CARTESIAN_POINT('Ctrl Pts',(0.313373538968542,12.2062336784069,-58.1999129738433));
#5883=CARTESIAN_POINT('Ctrl Pts',(0.874033600935671,12.2061199873823,-58.1999274153793));
#5884=CARTESIAN_POINT('Ctrl Pts',(1.28627034587188,12.1801245164469,-58.199946296357));
#5885=CARTESIAN_POINT('Ctrl Pts',(1.4772627272088,12.1583044251507,-58.1999573305267));
#5886=CARTESIAN_POINT('Ctrl Pts',(1.57218150002431,12.1451891908013,-58.1999631105084));
#5887=CARTESIAN_POINT('Ctrl Pts',(1.57782322328625,12.1444105850233,-58.1999634660657));
#5888=CARTESIAN_POINT('Ctrl Pts',(1.75779914531389,12.1189501865707,-58.1999742555728));
#5889=CARTESIAN_POINT('Ctrl Pts',(1.99081287785138,12.0759442858963,-58.1999880902261));
#5890=CARTESIAN_POINT('Ctrl Pts',(2.3196360026834,11.9932494886811,-58.2000032081329));
#5891=CARTESIAN_POINT('Ctrl Pts',(2.49766476773605,11.9440889224714,-58.2000103266173));
#5892=CARTESIAN_POINT('Ctrl Pts',(2.87772381952332,11.8287021052739,-58.2000234650047));
#5893=CARTESIAN_POINT('Ctrl Pts',(3.34469437107965,11.66287536032,-58.2000320527791));
#5894=CARTESIAN_POINT('Ctrl Pts',(3.59294677182629,11.5709940955568,-58.2000337013836));
#5895=CARTESIAN_POINT('Ctrl Pts',(3.59761496347318,11.569269721157,-58.2000336998402));
#5896=CARTESIAN_POINT('Ctrl Pts',(3.60457027013358,11.5667002266711,-58.2000337549462));
#5897=CARTESIAN_POINT('Ctrl Pts',(3.83785126192919,11.4804715298134,-58.2000350798566));
#5898=CARTESIAN_POINT('Ctrl Pts',(4.33986083497318,11.291887902963,-58.2000337082141));
#5899=CARTESIAN_POINT('Ctrl Pts',(4.99378159650401,11.0120743598765,-58.1999906049379));
#5900=CARTESIAN_POINT('Ctrl Pts',(5.48953648884388,10.7613292122566,-58.1999066518625));
#5901=CARTESIAN_POINT('Ctrl Pts',(5.72077227110426,10.6279048287109,-58.1998431457137));
#5902=CARTESIAN_POINT('Ctrl Pts',(5.8332371530184,10.557821685984,-58.1998040536967));
#5903=CARTESIAN_POINT('Ctrl Pts',(5.84122513915695,10.5528551381139,-58.1998010672029));
#5904=CARTESIAN_POINT('Ctrl Pts',(6.0128384850665,10.4446351860222,-58.199741791826));
#5905=CARTESIAN_POINT('Ctrl Pts',(6.27939732553835,10.2602366166452,-58.1996249281277));
#5906=CARTESIAN_POINT('Ctrl Pts',(6.72930549923009,9.87516350845613,-58.1993653123901));
#5907=CARTESIAN_POINT('Ctrl Pts',(7.13300361238211,9.43011748712289,-58.1991135664574));
#5908=CARTESIAN_POINT('Ctrl Pts',(7.3410671926845,9.1601598508847,-58.1990055235697));
#5909=CARTESIAN_POINT('Ctrl Pts',(7.45001375857445,9.00630593295081,-58.1989630873702));
#5910=CARTESIAN_POINT('Ctrl Pts',(7.5616378464581,8.84817233641069,-58.1989194731381));
#5911=CARTESIAN_POINT('Ctrl Pts',(7.79110241435118,8.49797566946686,-58.1988496501867));
#5912=CARTESIAN_POINT('Ctrl Pts',(8.07517878808819,7.94865149290652,-58.1987801960049));
#5913=CARTESIAN_POINT('Ctrl Pts',(8.26877091727686,7.44651337755702,-58.1986713492304));
#5914=CARTESIAN_POINT('Ctrl Pts',(8.34890957574998,7.17395856163853,-58.1985799919687));
#5915=CARTESIAN_POINT('Ctrl Pts',(8.38444579191578,7.02733618828091,-58.1985182983961));
#5916=CARTESIAN_POINT('Ctrl Pts',(8.41128361174556,6.9157431462762,-58.1984710426972));
#5917=CARTESIAN_POINT('Ctrl Pts',(8.45659082453738,6.69180685597395,-58.1983650474134));
#5918=CARTESIAN_POINT('Ctrl Pts',(8.5171434189469,6.228337642483,-58.1981121444784));
#5919=CARTESIAN_POINT('Ctrl Pts',(8.53762277634199,5.58139905055855,-58.1977159734733));
#5920=CARTESIAN_POINT('Ctrl Pts',(8.48467156930554,4.98592161864753,-58.1973641337019));
#5921=CARTESIAN_POINT('Ctrl Pts',(8.43742206545497,4.65758539179265,-58.1971924805558));
#5922=CARTESIAN_POINT('Ctrl Pts',(-0.497461049227965,12.0225849029835,-58.2998695356244));
#5923=CARTESIAN_POINT('Ctrl Pts',(-0.225095358621619,12.0561469213066,-58.2998695358181));
#5924=CARTESIAN_POINT('Ctrl Pts',(0.318333831885737,12.1027228309567,-58.2998694723377));
#5925=CARTESIAN_POINT('Ctrl Pts',(0.8713866392695,12.1027651466372,-58.2998910956665));
#5926=CARTESIAN_POINT('Ctrl Pts',(1.27709027727298,12.0774943249055,-58.299919460311));
#5927=CARTESIAN_POINT('Ctrl Pts',(1.46469616351594,12.0562549943551,-58.2999359799372));
#5928=CARTESIAN_POINT('Ctrl Pts',(1.55784978200866,12.0434968130148,-58.2999446680184));
#5929=CARTESIAN_POINT('Ctrl Pts',(1.56339113368778,12.0427374832561,-58.299945187483));
#5930=CARTESIAN_POINT('Ctrl Pts',(1.73993253965557,12.0180091679318,-58.2999616855925));
#5931=CARTESIAN_POINT('Ctrl Pts',(1.96897471947427,11.9760397893466,-58.2999822212346));
#5932=CARTESIAN_POINT('Ctrl Pts',(2.29319257090478,11.8949413552323,-58.3000050050455));
#5933=CARTESIAN_POINT('Ctrl Pts',(2.46903227562173,11.8466155203201,-58.3000157878703));
#5934=CARTESIAN_POINT('Ctrl Pts',(2.84532302160775,11.7328637096785,-58.3000352931729));
#5935=CARTESIAN_POINT('Ctrl Pts',(3.30992807254751,11.5685040301597,-58.3000485972576));
#5936=CARTESIAN_POINT('Ctrl Pts',(3.55800637008397,11.4770067950991,-58.3000508306646));
#5937=CARTESIAN_POINT('Ctrl Pts',(3.56264747195678,11.4752999400543,-58.300050874316));
#5938=CARTESIAN_POINT('Ctrl Pts',(3.56960194376453,11.4727394040597,-58.3000509372486));
#5939=CARTESIAN_POINT('Ctrl Pts',(3.80255048129187,11.3869422126029,-58.3000529440179));
#5940=CARTESIAN_POINT('Ctrl Pts',(4.30303574909647,11.199769072686,-58.3000510524815));
#5941=CARTESIAN_POINT('Ctrl Pts',(4.95270001725637,10.9232769541808,-58.2999865464802));
#5942=CARTESIAN_POINT('Ctrl Pts',(5.44342363339595,10.6766125602224,-58.2998607447269));
#5943=CARTESIAN_POINT('Ctrl Pts',(5.67158521232471,10.5458550297967,-58.299765542038));
#5944=CARTESIAN_POINT('Ctrl Pts',(5.78233879405046,10.4773353836072,-58.2997068687307));
#5945=CARTESIAN_POINT('Ctrl Pts',(5.79021290717071,10.4724690312761,-58.2997027037199));
#5946=CARTESIAN_POINT('Ctrl Pts',(5.95913164755632,10.3667790302265,-58.2996106338244));
#5947=CARTESIAN_POINT('Ctrl Pts',(6.22167857999883,10.1863667861588,-58.2994391658387));
#5948=CARTESIAN_POINT('Ctrl Pts',(6.66481322414473,9.80956759586682,-58.2990471572679));
#5949=CARTESIAN_POINT('Ctrl Pts',(7.06320104596987,9.37252873505578,-58.2986690686027));
#5950=CARTESIAN_POINT('Ctrl Pts',(7.26887271621605,9.10657535417997,-58.2985079888098));
#5951=CARTESIAN_POINT('Ctrl Pts',(7.37667127759736,8.95471704875827,-58.2984437565367));
#5952=CARTESIAN_POINT('Ctrl Pts',(7.48713447597791,8.7985929012912,-58.2983788079941));
#5953=CARTESIAN_POINT('Ctrl Pts',(7.71398762273666,8.45297368500423,-58.2982737242588));
#5954=CARTESIAN_POINT('Ctrl Pts',(7.99421007627611,7.91169461511982,-58.2981700550535));
#5955=CARTESIAN_POINT('Ctrl Pts',(8.1849565494183,7.4182210363887,-58.2980070245974));
#5956=CARTESIAN_POINT('Ctrl Pts',(8.26399193257536,7.15081805927648,-58.297869706203));
#5957=CARTESIAN_POINT('Ctrl Pts',(8.29909834382681,7.00705671650675,-58.2977773275769));
#5958=CARTESIAN_POINT('Ctrl Pts',(8.32561621876519,6.89763901862881,-58.2977064978831));
#5959=CARTESIAN_POINT('Ctrl Pts',(8.37051274458199,6.67795130028281,-58.2975474322838));
#5960=CARTESIAN_POINT('Ctrl Pts',(8.43101349751935,6.22255101805082,-58.2971681474407));
#5961=CARTESIAN_POINT('Ctrl Pts',(8.45268925432124,5.5849385378544,-58.2965739550822));
#5962=CARTESIAN_POINT('Ctrl Pts',(8.40144623832726,4.99538407694953,-58.2960462090804));
#5963=CARTESIAN_POINT('Ctrl Pts',(8.35509017098866,4.66968944400914,-58.2957887195947));
#5964=CARTESIAN_POINT('',(-0.530518448512304,12.3313857136588,-58.));
#5965=CARTESIAN_POINT('',(-0.530518448512304,12.3313857136588,-58.));
#5966=CARTESIAN_POINT('Ctrl Pts',(8.608707749952,4.67915200713984,-58.));
#5967=CARTESIAN_POINT('Ctrl Pts',(8.65373891064166,4.99547754696246,-58.));
#5968=CARTESIAN_POINT('Ctrl Pts',(8.707143091008,5.58688505444445,-57.9999999999966));
#5969=CARTESIAN_POINT('Ctrl Pts',(8.68940590646154,6.23990762633368,-57.9999999999955));
#5970=CARTESIAN_POINT('Ctrl Pts',(8.62874898309054,6.71950803037494,-57.999999999994));
#5971=CARTESIAN_POINT('Ctrl Pts',(8.5826177614336,6.95195019845995,-57.9999999999933));
#5972=CARTESIAN_POINT('Ctrl Pts',(8.55514145365404,7.06789097701194,-57.9999999999933));
#5973=CARTESIAN_POINT('Ctrl Pts',(8.51875258605623,7.22023295615749,-57.9999999999931));
#5974=CARTESIAN_POINT('Ctrl Pts',(8.43639170635706,7.50309646490202,-57.9999999999922));
#5975=CARTESIAN_POINT('Ctrl Pts',(8.23712346033869,8.02255621550508,-57.9999999999899));
#5976=CARTESIAN_POINT('Ctrl Pts',(7.94533029636999,8.58801395657788,-57.9999999999885));
#5977=CARTESIAN_POINT('Ctrl Pts',(7.7106788255692,8.94729731026906,-57.9999999999831));
#5978=CARTESIAN_POINT('Ctrl Pts',(7.59667803236913,9.10954171835069,-57.9999999999829));
#5979=CARTESIAN_POINT('Ctrl Pts',(7.48544049214467,9.26735123624973,-57.9999999999823));
#5980=CARTESIAN_POINT('Ctrl Pts',(7.27259234759706,9.54536920446458,-57.9999999999781));
#5981=CARTESIAN_POINT('Ctrl Pts',(6.85822983711132,10.0064354522013,-57.9999999999702));
#5982=CARTESIAN_POINT('Ctrl Pts',(6.39494982068033,10.4078041470376,-57.9999999999574));
#5983=CARTESIAN_POINT('Ctrl Pts',(6.12008595949579,10.6005706866379,-57.9999999999485));
#5984=CARTESIAN_POINT('Ctrl Pts',(5.94334010132368,10.7135046776116,-57.9999999999466));
#5985=CARTESIAN_POINT('Ctrl Pts',(5.93510132193614,10.718704291078,-57.9999999999466));
#5986=CARTESIAN_POINT('Ctrl Pts',(5.81921738967371,10.7919154733429,-57.9999999999463));
#5987=CARTESIAN_POINT('Ctrl Pts',(5.58182663077546,10.9306723926328,-57.9999999999453));
#5988=CARTESIAN_POINT('Ctrl Pts',(5.07599977341143,11.1895978133627,-57.9999999999385));
#5989=CARTESIAN_POINT('Ctrl Pts',(4.4135614656739,11.4760733356651,-57.9999999999363));
#5990=CARTESIAN_POINT('Ctrl Pts',(3.9084819959969,11.6674946702122,-57.9999999999135));
#5991=CARTESIAN_POINT('Ctrl Pts',(3.67454384775736,11.7545855522196,-57.9999999999115));
#5992=CARTESIAN_POINT('Ctrl Pts',(3.66756086632295,11.757184181419,-57.9999999999115));
#5993=CARTESIAN_POINT('Ctrl Pts',(3.66290069412814,11.7589164162989,-57.9999999999115));
#5994=CARTESIAN_POINT('Ctrl Pts',(3.41392566660765,11.8517286961061,-57.999999999916));
#5995=CARTESIAN_POINT('Ctrl Pts',(2.94273636884696,12.0202706655425,-57.9999999999346));
#5996=CARTESIAN_POINT('Ctrl Pts',(2.55480086937242,12.1390771354076,-57.9999999999473));
#5997=CARTESIAN_POINT('Ctrl Pts',(2.37248297552074,12.1898704189877,-57.9999999999649));
#5998=CARTESIAN_POINT('Ctrl Pts',(2.03456730646118,12.2757067720335,-57.9999999999607));
#5999=CARTESIAN_POINT('Ctrl Pts',(1.79326320430459,12.3209349553954,-58.0000000000224));
#6000=CARTESIAN_POINT('Ctrl Pts',(1.60673805594979,12.3477207935066,-58.0000000000261));
#6001=CARTESIAN_POINT('Ctrl Pts',(1.60088132495355,12.34854403517,-58.000000000026));
#6002=CARTESIAN_POINT('Ctrl Pts',(1.50243670128445,12.3623734426905,-58.0000000000251));
#6003=CARTESIAN_POINT('Ctrl Pts',(1.30465319506734,12.3853619130499,-58.0000000000193));
#6004=CARTESIAN_POINT('Ctrl Pts',(0.879285463141324,12.4128043846481,-58.000000000013));
#6005=CARTESIAN_POINT('Ctrl Pts',(0.304887694050862,12.4132606842137,-58.0000000000039));
#6006=CARTESIAN_POINT('Ctrl Pts',(-0.252955198775836,12.3654661954005,-58.));
#6007=CARTESIAN_POINT('Ctrl Pts',(-0.530518448512304,12.3313857136588,-58.));
#6008=CARTESIAN_POINT('Ctrl Pts',(-7.5424273890855,2.68416877797975,-58.));
#6009=CARTESIAN_POINT('Ctrl Pts',(-7.6662141347395,2.98793157376718,-58.));
#6010=CARTESIAN_POINT('Ctrl Pts',(-7.86397066992163,3.55738283445177,-58.));
#6011=CARTESIAN_POINT('Ctrl Pts',(-8.03218749418352,4.32612481926733,-58.));
#6012=CARTESIAN_POINT('Ctrl Pts',(-8.07028985759455,4.79720806925989,-58.));
#6013=CARTESIAN_POINT('Ctrl Pts',(-8.07295773212674,5.02615480189156,-58.));
#6014=CARTESIAN_POINT('Ctrl Pts',(-8.07415607360585,5.14746370351169,-58.));
#6015=CARTESIAN_POINT('Ctrl Pts',(-8.06805030284393,5.37952550537961,-58.));
#6016=CARTESIAN_POINT('Ctrl Pts',(-8.02293848371096,5.85093026233598,-58.));
#6017=CARTESIAN_POINT('Ctrl Pts',(-7.90455078943734,6.45688455165804,-58.));
#6018=CARTESIAN_POINT('Ctrl Pts',(-7.74187830713047,6.96692465509082,-58.));
#6019=CARTESIAN_POINT('Ctrl Pts',(-7.63766525528137,7.23709711753334,-58.));
#6020=CARTESIAN_POINT('Ctrl Pts',(-7.55447622826643,7.4517836996071,-58.));
#6021=CARTESIAN_POINT('Ctrl Pts',(-7.36716270907495,7.88168188635108,-58.));
#6022=CARTESIAN_POINT('Ctrl Pts',(-6.97697420636566,8.54355328197711,-58.));
#6023=CARTESIAN_POINT('Ctrl Pts',(-6.62494390800951,8.98050324982891,-58.));
#6024=CARTESIAN_POINT('Ctrl Pts',(-6.41742568060393,9.19857831517584,-58.));
#6025=CARTESIAN_POINT('Ctrl Pts',(-6.25984817951382,9.36334375672622,-58.0000000000001));
#6026=CARTESIAN_POINT('Ctrl Pts',(-5.92527235082817,9.67691295790442,-58.0000000000001));
#6027=CARTESIAN_POINT('Ctrl Pts',(-5.2970832647425,10.1784390282366,-58.0000000000001));
#6028=CARTESIAN_POINT('Ctrl Pts',(-4.73844485754145,10.5706934595728,-58.0000000000002));
#6029=CARTESIAN_POINT('Ctrl Pts',(-4.46356010899135,10.7589719004074,-58.0000000000002));
#6030=CARTESIAN_POINT('Ctrl Pts',(-4.07458407709033,11.0248501103545,-58.0000000000002));
#6031=CARTESIAN_POINT('Ctrl Pts',(-3.59919183900799,11.3485050577243,-58.0000000000001));
#6032=CARTESIAN_POINT('Ctrl Pts',(-2.94458509201745,11.6847318608762,-58.));
#6033=CARTESIAN_POINT('Ctrl Pts',(-2.63665659223956,11.822970584721,-58.));
#6034=CARTESIAN_POINT('Ctrl Pts',(-2.03001542732252,12.0522422794983,-58.));
#6035=CARTESIAN_POINT('Ctrl Pts',(-1.20277782702898,12.2525318350525,-58.));
#6036=CARTESIAN_POINT('Ctrl Pts',(-0.469982212370002,12.3386592579006,-58.));
#6037=CARTESIAN_POINT('Ctrl Pts',(-7.46514466690147,2.71566238401962,-58.0988248797827));
#6038=CARTESIAN_POINT('Ctrl Pts',(-7.58745089372458,3.01710067611022,-58.0989092668643));
#6039=CARTESIAN_POINT('Ctrl Pts',(-7.78214068890215,3.58120794274718,-58.0990838514249));
#6040=CARTESIAN_POINT('Ctrl Pts',(-7.94631668404628,4.3395258950361,-58.0993181998442));
#6041=CARTESIAN_POINT('Ctrl Pts',(-7.98278643312738,4.80239242969531,-58.0994350183022));
#6042=CARTESIAN_POINT('Ctrl Pts',(-7.98504390170791,5.02712726607183,-58.0994804262978));
#6043=CARTESIAN_POINT('Ctrl Pts',(-7.98602732199915,5.14620584889977,-58.0995043091421));
#6044=CARTESIAN_POINT('Ctrl Pts',(-7.97971517234792,5.37407355901722,-58.0995428077044));
#6045=CARTESIAN_POINT('Ctrl Pts',(-7.93490989670127,5.83745995996485,-58.0995976363116));
#6046=CARTESIAN_POINT('Ctrl Pts',(-7.81799417223985,6.43433127343016,-58.0996357293543));
#6047=CARTESIAN_POINT('Ctrl Pts',(-7.65709655060458,6.93785621729432,-58.0996709122751));
#6048=CARTESIAN_POINT('Ctrl Pts',(-7.55383441698908,7.20471065241092,-58.0997025788804));
#6049=CARTESIAN_POINT('Ctrl Pts',(-7.47140520817908,7.41676852799492,-58.0997279434639));
#6050=CARTESIAN_POINT('Ctrl Pts',(-7.28589915671461,7.84055735516669,-58.0998036064818));
#6051=CARTESIAN_POINT('Ctrl Pts',(-6.90033760364012,8.49064086239013,-58.0999724446257));
#6052=CARTESIAN_POINT('Ctrl Pts',(-6.55307342583002,8.91890009029366,-58.1000817627321));
#6053=CARTESIAN_POINT('Ctrl Pts',(-6.34835368648697,9.13273982217241,-58.1001247443118));
#6054=CARTESIAN_POINT('Ctrl Pts',(-6.1929125014442,9.29429360168465,-58.1001572721293));
#6055=CARTESIAN_POINT('Ctrl Pts',(-5.86201324909659,9.60281170998885,-58.1002031474796));
#6056=CARTESIAN_POINT('Ctrl Pts',(-5.23818820242913,10.0987653230642,-58.1002378313015));
#6057=CARTESIAN_POINT('Ctrl Pts',(-4.68140228421642,10.4884238910858,-58.100241583241));
#6058=CARTESIAN_POINT('Ctrl Pts',(-4.40677751874908,10.6760631497145,-58.1002402492636));
#6059=CARTESIAN_POINT('Ctrl Pts',(-4.01817490429628,10.9411366831841,-58.100238342808));
#6060=CARTESIAN_POINT('Ctrl Pts',(-3.54539954844465,11.2619020104952,-58.1002328277703));
#6061=CARTESIAN_POINT('Ctrl Pts',(-2.90012221392267,11.5923113443881,-58.1002152191516));
#6062=CARTESIAN_POINT('Ctrl Pts',(-2.59746397998697,11.7277563267077,-58.1002057731029));
#6063=CARTESIAN_POINT('Ctrl Pts',(-2.00132844948318,11.9523531071673,-58.1001862552977));
#6064=CARTESIAN_POINT('Ctrl Pts',(-1.1848185242675,12.1500552319586,-58.1001772277642));
#6065=CARTESIAN_POINT('Ctrl Pts',(-0.457825268675312,12.2356452948389,-58.1001796475475));
#6066=CARTESIAN_POINT('Ctrl Pts',(-7.38786231279225,2.74715609391521,-58.1976497611633));
#6067=CARTESIAN_POINT('Ctrl Pts',(-7.50867790287554,3.04626697889771,-58.1978184911431));
#6068=CARTESIAN_POINT('Ctrl Pts',(-7.70031911701619,3.60504311505602,-58.1981677805576));
#6069=CARTESIAN_POINT('Ctrl Pts',(-7.86043700291932,4.35291988949586,-58.1986363570849));
#6070=CARTESIAN_POINT('Ctrl Pts',(-7.89529814993881,4.80757710050157,-58.1988698648659));
#6071=CARTESIAN_POINT('Ctrl Pts',(-7.89712919766029,5.02810034978866,-58.1989608580935));
#6072=CARTESIAN_POINT('Ctrl Pts',(-7.89789669062893,5.14493558116216,-58.1990087022484));
#6073=CARTESIAN_POINT('Ctrl Pts',(-7.89138032491669,5.36861086368384,-58.1990857874348));
#6074=CARTESIAN_POINT('Ctrl Pts',(-7.84687945751285,5.82398429189512,-58.1991953276689));
#6075=CARTESIAN_POINT('Ctrl Pts',(-7.73144655071104,6.41176094113589,-58.1992715584529));
#6076=CARTESIAN_POINT('Ctrl Pts',(-7.57230922898188,6.90879619731435,-58.19934170613));
#6077=CARTESIAN_POINT('Ctrl Pts',(-7.47000120551546,7.17234489172742,-58.1994050794116));
#6078=CARTESIAN_POINT('Ctrl Pts',(-7.388320405082,7.38176652834124,-58.1994564270724));
#6079=CARTESIAN_POINT('Ctrl Pts',(-7.20463357905341,7.79947680483682,-58.1996067026814));
#6080=CARTESIAN_POINT('Ctrl Pts',(-6.82368662153884,8.43775332906468,-58.1999453228838));
#6081=CARTESIAN_POINT('Ctrl Pts',(-6.48116537808903,8.85743309629698,-58.2001620703258));
#6082=CARTESIAN_POINT('Ctrl Pts',(-6.27927790399766,9.06695197171991,-58.2002499309797));
#6083=CARTESIAN_POINT('Ctrl Pts',(-6.12597420873863,9.22527340665981,-58.2003152082868));
#6084=CARTESIAN_POINT('Ctrl Pts',(-5.79873247287884,9.52882106329619,-58.2004064358758));
#6085=CARTESIAN_POINT('Ctrl Pts',(-5.17929258802977,10.0191963544841,-58.2004769923385));
#6086=CARTESIAN_POINT('Ctrl Pts',(-4.62428454226372,10.4064076654474,-58.2004832865194));
#6087=CARTESIAN_POINT('Ctrl Pts',(-4.349971829655,10.5933563595641,-58.2004817692832));
#6088=CARTESIAN_POINT('Ctrl Pts',(-3.96174321111991,10.8573546804075,-58.2004795775664));
#6089=CARTESIAN_POINT('Ctrl Pts',(-3.4915539381847,11.1755037622207,-58.2004682486827));
#6090=CARTESIAN_POINT('Ctrl Pts',(-2.85567081894916,11.5000281626057,-58.2004331889304));
#6091=CARTESIAN_POINT('Ctrl Pts',(-2.55828873516353,11.6327161628414,-58.20041487759));
#6092=CARTESIAN_POINT('Ctrl Pts',(-1.97260812875731,11.8525241864055,-58.2003734784006));
#6093=CARTESIAN_POINT('Ctrl Pts',(-1.16676329202977,12.0479474693424,-58.2003603482936));
#6094=CARTESIAN_POINT('Ctrl Pts',(-0.44567666208393,12.1325993868003,-58.2003587847146));
#6095=CARTESIAN_POINT('Ctrl Pts',(-7.31057958883735,2.77864969945543,-58.2964746409383));
#6096=CARTESIAN_POINT('Ctrl Pts',(-7.42991470876903,3.07543609470997,-58.2967277582122));
#6097=CARTESIAN_POINT('Ctrl Pts',(-7.61848909553867,3.62886817493143,-58.2972516316086));
#6098=CARTESIAN_POINT('Ctrl Pts',(-7.7745662354622,4.36632099933423,-58.2979545571341));
#6099=CARTESIAN_POINT('Ctrl Pts',(-7.8077946526239,4.81276145944374,-58.2983048839943));
#6100=CARTESIAN_POINT('Ctrl Pts',(-7.80921537144466,5.02907281098823,-58.2984412843648));
#6101=CARTESIAN_POINT('Ctrl Pts',(-7.80976794806615,5.14367778627228,-58.2985130109864));
#6102=CARTESIAN_POINT('Ctrl Pts',(-7.80304519305881,5.36315896903691,-58.2986285943116));
#6103=CARTESIAN_POINT('Ctrl Pts',(-7.75885087941437,5.81051401533945,-58.2987929637156));
#6104=CARTESIAN_POINT('Ctrl Pts',(-7.64488989023358,6.38920774495855,-58.2989072873273));
#6105=CARTESIAN_POINT('Ctrl Pts',(-7.48752749923078,6.87972771901804,-58.2990126189746));
#6106=CARTESIAN_POINT('Ctrl Pts',(-7.386170378641,7.13995832699179,-58.299107658669));
#6107=CARTESIAN_POINT('Ctrl Pts',(-7.30524945130746,7.34675129335612,-58.2991843679375));
#6108=CARTESIAN_POINT('Ctrl Pts',(-7.12337003643721,7.75835206205171,-58.2994103116181));
#6109=CARTESIAN_POINT('Ctrl Pts',(-6.74705008799536,8.38484078974492,-58.2999177654232));
#6110=CARTESIAN_POINT('Ctrl Pts',(-6.40929507664498,8.79582928164201,-58.300243840059));
#6111=CARTESIAN_POINT('Ctrl Pts',(-6.21020592810732,9.001113235065,-58.3003746731632));
#6112=CARTESIAN_POINT('Ctrl Pts',(-6.05903854324854,9.15622310747458,-58.3004724772214));
#6113=CARTESIAN_POINT('Ctrl Pts',(-5.73547347542756,9.45471928325594,-58.3006095826773));
#6114=CARTESIAN_POINT('Ctrl Pts',(-5.12039752837261,9.93952214540292,-58.3007148172421));
#6115=CARTESIAN_POINT('Ctrl Pts',(-4.56724233059002,10.324136878077,-58.3007248691828));
#6116=CARTESIAN_POINT('Ctrl Pts',(-4.29318935054594,10.5104466371986,-58.3007220124327));
#6117=CARTESIAN_POINT('Ctrl Pts',(-3.90533414667594,10.7736415831681,-58.3007179064604));
#6118=CARTESIAN_POINT('Ctrl Pts',(-3.43776190415311,11.0888997296629,-58.3007010639769));
#6119=CARTESIAN_POINT('Ctrl Pts',(-2.81120788560678,11.4076069853728,-58.3006483948481));
#6120=CARTESIAN_POINT('Ctrl Pts',(-2.51909603935275,11.5375010672263,-58.3006206346648));
#6121=CARTESIAN_POINT('Ctrl Pts',(-1.94392131133728,11.7526347241922,-58.3005597290418));
#6122=CARTESIAN_POINT('Ctrl Pts',(-1.14880445080423,11.945469091683,-58.3005375477065));
#6123=CARTESIAN_POINT('Ctrl Pts',(-0.433519678277762,12.0295855774322,-58.3005384347177));
#6124=CARTESIAN_POINT('Ctrl Pts',(-0.53051844851231,12.3313857136588,-58.));
#6125=CARTESIAN_POINT('Ctrl Pts',(-1.2335109758385,12.245069084873,-58.));
#6126=CARTESIAN_POINT('Ctrl Pts',(-2.03857502403929,12.0490072975034,-58.));
#6127=CARTESIAN_POINT('Ctrl Pts',(-2.63665659223956,11.822970584721,-58.));
#6128=CARTESIAN_POINT('Ctrl Pts',(-2.94458509201745,11.6847318608762,-58.));
#6129=CARTESIAN_POINT('Ctrl Pts',(-3.59919183900799,11.3485050577243,-58.0000000000001));
#6130=CARTESIAN_POINT('Ctrl Pts',(-4.07458407709033,11.0248501103545,-58.0000000000002));
#6131=CARTESIAN_POINT('Ctrl Pts',(-4.46356010899135,10.7589719004074,-58.0000000000002));
#6132=CARTESIAN_POINT('Ctrl Pts',(-4.73844485754145,10.5706934595728,-58.0000000000002));
#6133=CARTESIAN_POINT('Ctrl Pts',(-5.2970832647425,10.1784390282366,-58.0000000000001));
#6134=CARTESIAN_POINT('Ctrl Pts',(-5.92527235082817,9.67691295790442,-58.0000000000001));
#6135=CARTESIAN_POINT('Ctrl Pts',(-6.25984817951382,9.36334375672622,-58.0000000000001));
#6136=CARTESIAN_POINT('Ctrl Pts',(-6.41742568060393,9.19857831517584,-58.));
#6137=CARTESIAN_POINT('Ctrl Pts',(-6.62494390800951,8.98050324982891,-58.));
#6138=CARTESIAN_POINT('Ctrl Pts',(-6.97697420636566,8.54355328197711,-58.));
#6139=CARTESIAN_POINT('Ctrl Pts',(-7.36716270907495,7.88168188635108,-58.));
#6140=CARTESIAN_POINT('Ctrl Pts',(-7.55447622826643,7.4517836996071,-58.));
#6141=CARTESIAN_POINT('Ctrl Pts',(-7.63766525528137,7.23709711753334,-58.));
#6142=CARTESIAN_POINT('Ctrl Pts',(-7.74187830713047,6.96692465509082,-58.));
#6143=CARTESIAN_POINT('Ctrl Pts',(-7.90455078943734,6.45688455165804,-58.));
#6144=CARTESIAN_POINT('Ctrl Pts',(-8.02293848371096,5.85093026233598,-58.));
#6145=CARTESIAN_POINT('Ctrl Pts',(-8.06805030284393,5.37952550537961,-58.));
#6146=CARTESIAN_POINT('Ctrl Pts',(-8.07415607360585,5.14746370351169,-58.));
#6147=CARTESIAN_POINT('Ctrl Pts',(-8.07295773212674,5.02615480189156,-58.));
#6148=CARTESIAN_POINT('Ctrl Pts',(-8.07028985759455,4.79720806925989,-58.));
#6149=CARTESIAN_POINT('Ctrl Pts',(-8.03218749418352,4.32612481926733,-58.));
#6150=CARTESIAN_POINT('Ctrl Pts',(-7.86467278467338,3.56059146171123,-58.));
#6151=CARTESIAN_POINT('Ctrl Pts',(-7.66868187386917,2.99504498496253,-58.));
#6152=CARTESIAN_POINT('Ctrl Pts',(-7.5470276864991,2.69547712551172,-58.));
#6153=CARTESIAN_POINT('Origin',(-1.45012947888986,19.8210165240403,-58.15));
#6154=CARTESIAN_POINT('',(-5.40203368394438,19.1846572276735,-58.));
#6155=CARTESIAN_POINT('',(2.5383355291862,20.1596119749147,-58.));
#6156=CARTESIAN_POINT('',(-2.78549291083331,19.5059280375845,-58.));
#6157=CARTESIAN_POINT('',(2.50177472616466,20.4573758204071,-58.3));
#6158=CARTESIAN_POINT('',(-5.40203368394438,19.1846572276735,-58.));
#6159=CARTESIAN_POINT('Origin',(3.96420684702642,8.54682200071121,-58.15));
#6160=CARTESIAN_POINT('',(15.5769968212299,9.97269331855144,-58.));
#6161=CARTESIAN_POINT('',(15.8747606667223,10.009254121573,-58.3));
#6162=CARTESIAN_POINT('Origin',(3.96420684702642,8.54682200071121,-58.));
#6163=CARTESIAN_POINT('Origin',(15.1774666986529,14.4574314024482,-58.15));
#6164=CARTESIAN_POINT('',(16.3082128816608,4.01741640870351,-58.));
#6165=CARTESIAN_POINT('',(16.6059767271532,4.05397721172505,-58.3));
#6166=CARTESIAN_POINT('',(15.4899873274215,10.6813287786496,-58.));
#6167=CARTESIAN_POINT('Origin',(4.69542290745731,2.59154509086328,-58.15));
#6168=CARTESIAN_POINT('',(6.12129422529753,-9.02124488334018,-58.));
#6169=CARTESIAN_POINT('',(6.15785502831908,-9.31900872883259,-58.3));
#6170=CARTESIAN_POINT('Origin',(4.69542290745731,2.59154509086328,-58.));
#6171=CARTESIAN_POINT('Origin',(2.18767042175379,-9.80648610245317,-58.));
#6172=CARTESIAN_POINT('',(2.18767042175379,-9.80648610245317,-58.3));
#6173=CARTESIAN_POINT('',(-1.7825141848115,-10.2939634760738,-100.));
#6174=CARTESIAN_POINT('Ctrl Pts',(-5.23003860895558,1.37285165682009,-114.));
#6175=CARTESIAN_POINT('Ctrl Pts',(-4.986299922144,-0.612240646470228,-114.000000000001));
#6176=CARTESIAN_POINT('Ctrl Pts',(-3.00120761885359,-0.368501959659388,
-114.));
#6177=CARTESIAN_POINT('Ctrl Pts',(-15.1555001253729,0.154158222766375,-114.000000000001));
#6178=CARTESIAN_POINT('Ctrl Pts',(-13.693068004508,-11.7563955969375,-114.000000000009));
#6179=CARTESIAN_POINT('Ctrl Pts',(-1.7825141848036,-10.2939634760771,-114.));
#6180=CARTESIAN_POINT('Ctrl Pts',(-15.1555001253696,0.154158222760281,-103.999999999997));
#6181=CARTESIAN_POINT('Ctrl Pts',(-13.693068004506,-11.7563955969337,-104.000000000005));
#6182=CARTESIAN_POINT('Ctrl Pts',(-1.7825141848114,-10.2939634760746,-103.999999999996));
#6183=CARTESIAN_POINT('Origin',(-3.24494630567327,1.6165903436221,-104.));
#6184=CARTESIAN_POINT('Origin',(-15.5211081555846,3.1317966776843,-86.));
#6185=CARTESIAN_POINT('',(-14.607088080046,-4.31229945962562,-58.3));
#6186=CARTESIAN_POINT('',(-15.1555001253691,0.154158222760335,-100.));
#6187=CARTESIAN_POINT('Origin',(-3.97616236610415,7.57186725347003,-58.15));
#6188=CARTESIAN_POINT('',(-15.5889523403076,6.14599593562981,-58.));
#6189=CARTESIAN_POINT('',(-15.5889523403076,6.14599593562981,-58.));
#6190=CARTESIAN_POINT('Origin',(-3.97616236610415,7.57186725347003,-58.));
#6191=CARTESIAN_POINT('Origin',(-2.33887236874091,4.67774473748184,-58.));
#6192=CARTESIAN_POINT('',(0.797465785278022,-9.67492882067037,-58.));
#6193=CARTESIAN_POINT('',(-14.7619417585774,-0.589464741581923,-58.));
#6194=CARTESIAN_POINT('Origin',(2.16939002024302,-9.65760417970697,-58.15));
#6195=CARTESIAN_POINT('Origin',(-3.24494630567327,1.6165903436221,-100.));
#6196=CARTESIAN_POINT('Origin',(-14.4582061572998,-4.29401905811484,-58.15));
#6197=UNCERTAINTY_MEASURE_WITH_UNIT(LENGTH_MEASURE(0.01),#6201,
'DISTANCE_ACCURACY_VALUE',
'Maximum model space distance between geometric entities at asserted c
onnectivities');
#6198=UNCERTAINTY_MEASURE_WITH_UNIT(LENGTH_MEASURE(0.01),#6201,
'DISTANCE_ACCURACY_VALUE',
'Maximum model space distance between geometric entities at asserted c
onnectivities');
#6199=(
GEOMETRIC_REPRESENTATION_CONTEXT(3)
GLOBAL_UNCERTAINTY_ASSIGNED_CONTEXT((#6197))
GLOBAL_UNIT_ASSIGNED_CONTEXT((#6201,#6203,#6204))
REPRESENTATION_CONTEXT('','3D')
);
#6200=(
GEOMETRIC_REPRESENTATION_CONTEXT(3)
GLOBAL_UNCERTAINTY_ASSIGNED_CONTEXT((#6198))
GLOBAL_UNIT_ASSIGNED_CONTEXT((#6201,#6203,#6204))
REPRESENTATION_CONTEXT('','3D')
);
#6201=(
LENGTH_UNIT()
NAMED_UNIT(*)
SI_UNIT(.MILLI.,.METRE.)
);
#6202=(
LENGTH_UNIT()
NAMED_UNIT(*)
SI_UNIT($,.METRE.)
);
#6203=(
NAMED_UNIT(*)
PLANE_ANGLE_UNIT()
SI_UNIT($,.RADIAN.)
);
#6204=(
NAMED_UNIT(*)
SI_UNIT($,.STERADIAN.)
SOLID_ANGLE_UNIT()
);
#6205=SHAPE_DEFINITION_REPRESENTATION(#6206,#6207);
#6206=PRODUCT_DEFINITION_SHAPE('',$,#6209);
#6207=SHAPE_REPRESENTATION('',(#987),#6199);
#6208=PRODUCT_DEFINITION_CONTEXT('part definition',#6213,'design');
#6209=PRODUCT_DEFINITION('2026-09-24-14-43-59-155','fix_mold',#6210,#6208);
#6210=PRODUCT_DEFINITION_FORMATION('',$,#6215);
#6211=PRODUCT_RELATED_PRODUCT_CATEGORY('fix_mold','fix_mold',(#6215));
#6212=APPLICATION_PROTOCOL_DEFINITION('international standard',
'automotive_design',2009,#6213);
#6213=APPLICATION_CONTEXT(
'Core Data for Automotive Mechanical Design Process');
#6214=PRODUCT_CONTEXT('part definition',#6213,'mechanical');
#6215=PRODUCT('2026-09-24-14-43-59-155','fix_mold',$,(#6214));
#6216=PRESENTATION_STYLE_ASSIGNMENT((#6218));
#6217=PRESENTATION_STYLE_ASSIGNMENT((#6219));
#6218=SURFACE_STYLE_USAGE(.BOTH.,#6220);
#6219=SURFACE_STYLE_USAGE(.BOTH.,#6221);
#6220=SURFACE_SIDE_STYLE('',(#6222));
#6221=SURFACE_SIDE_STYLE('',(#6223));
#6222=SURFACE_STYLE_FILL_AREA(#6224);
#6223=SURFACE_STYLE_FILL_AREA(#6225);
#6224=FILL_AREA_STYLE('\X2\92FC\X0\ - \X2\30B530C630F3\X0\',(#6226));
#6225=FILL_AREA_STYLE('Opaque(160,160,160)',(#6227));
#6226=FILL_AREA_STYLE_COLOUR('\X2\92FC\X0\ - \X2\30B530C630F3\X0\',#6228);
#6227=FILL_AREA_STYLE_COLOUR('Opaque(160,160,160)',#6229);
#6228=COLOUR_RGB('\X2\92FC\X0\ - \X2\30B530C630F3\X0\',0.627450980392157,
0.627450980392157,0.627450980392157);
#6229=COLOUR_RGB('Opaque(160,160,160)',0.627450980392157,0.627450980392157,
0.627450980392157);
ENDSEC;
END-ISO-10303-21;
