ISO-10303-21;
HEADER;
/* Generated by software containing ST-Developer
 * from STEP Tools, Inc. (www.steptools.com) 
 */

FILE_DESCRIPTION(
/* description */ (''),
/* implementation_level */ '2;1');

FILE_NAME(
/* name */ 'mold_ring_inner_left.step',
/* time_stamp */ '2026-09-24T14:25:01+09:00',
/* author */ (''),
/* organization */ (''),
/* preprocessor_version */ 'ST-DEVELOPER v20.2',
/* originating_system */ 'Autodesk Translation Framework v15.15.0.0',
/* authorisation */ '');

FILE_SCHEMA (('AUTOMOTIVE_DESIGN { 1 0 10303 214 3 1 1 }'));
ENDSEC;

DATA;
#10=MECHANICAL_DESIGN_GEOMETRIC_PRESENTATION_REPRESENTATION('',(#13),#5941);
#11=SHAPE_REPRESENTATION_RELATIONSHIP('SRR','None',#5948,#12);
#12=ADVANCED_BREP_SHAPE_REPRESENTATION('',(#14),#5940);
#13=STYLED_ITEM('',(#5958),#14);
#14=MANIFOLD_SOLID_BREP('\X2\30DC30C730A3\X0\1',#1949);
#15=CYLINDRICAL_SURFACE('',#2006,6.);
#16=CYLINDRICAL_SURFACE('',#2014,6.);
#17=CYLINDRICAL_SURFACE('',#2016,1.64999999999999);
#18=CYLINDRICAL_SURFACE('',#2017,1.64999999999999);
#19=CYLINDRICAL_SURFACE('',#2018,1.64999999999999);
#20=CIRCLE('',#2000,6.);
#21=CIRCLE('',#2001,6.);
#22=CIRCLE('',#2002,1.64999999999999);
#23=CIRCLE('',#2003,1.64999999999999);
#24=CIRCLE('',#2004,1.64999999999999);
#25=CIRCLE('',#2007,6.);
#26=CIRCLE('',#2010,6.);
#27=CIRCLE('',#2011,1.64999999999999);
#28=CIRCLE('',#2012,1.64999999999999);
#29=CIRCLE('',#2013,1.64999999999999);
#30=FACE_BOUND('',#374,.T.);
#31=FACE_BOUND('',#403,.T.);
#32=FACE_BOUND('',#405,.T.);
#33=FACE_BOUND('',#406,.T.);
#34=FACE_BOUND('',#407,.T.);
#35=FACE_BOUND('',#408,.T.);
#36=FACE_BOUND('',#409,.T.);
#37=FACE_BOUND('',#410,.T.);
#38=FACE_BOUND('',#411,.T.);
#39=FACE_BOUND('',#412,.T.);
#40=FACE_BOUND('',#417,.T.);
#41=FACE_BOUND('',#418,.T.);
#42=FACE_BOUND('',#419,.T.);
#43=B_SPLINE_CURVE_WITH_KNOTS('',3,(#2375,#2376,#2377,#2378,#2379),
 .UNSPECIFIED.,.F.,.F.,(4,1,4),(0.,0.0251115193912221,0.0604121771268997),
 .UNSPECIFIED.);
#44=B_SPLINE_CURVE_WITH_KNOTS('',3,(#2382,#2383,#2384,#2385,#2386),
 .UNSPECIFIED.,.F.,.F.,(4,1,4),(0.,0.0251115193912221,0.0604121771268997),
 .UNSPECIFIED.);
#45=B_SPLINE_CURVE_WITH_KNOTS('',3,(#2398,#2399,#2400,#2401,#2402),
 .UNSPECIFIED.,.F.,.F.,(4,1,4),(0.,0.0222629553539898,0.0441273373845349),
 .UNSPECIFIED.);
#46=B_SPLINE_CURVE_WITH_KNOTS('',3,(#2405,#2406,#2407,#2408,#2409),
 .UNSPECIFIED.,.F.,.F.,(4,1,4),(0.,0.0222629553539898,0.0441273373845349),
 .UNSPECIFIED.);
#47=B_SPLINE_CURVE_WITH_KNOTS('',3,(#2421,#2422,#2423,#2424,#2425),
 .UNSPECIFIED.,.F.,.F.,(4,1,4),(0.,0.0128574614098492,0.0267225682809681),
 .UNSPECIFIED.);
#48=B_SPLINE_CURVE_WITH_KNOTS('',3,(#2428,#2429,#2430,#2431,#2432),
 .UNSPECIFIED.,.F.,.F.,(4,1,4),(0.,0.0128574614098492,0.0267225682809681),
 .UNSPECIFIED.);
#49=B_SPLINE_CURVE_WITH_KNOTS('',3,(#2444,#2445,#2446,#2447,#2448),
 .UNSPECIFIED.,.F.,.F.,(4,1,4),(0.,0.0117219190927801,0.0238598110062106),
 .UNSPECIFIED.);
#50=B_SPLINE_CURVE_WITH_KNOTS('',3,(#2451,#2452,#2453,#2454,#2455),
 .UNSPECIFIED.,.F.,.F.,(4,1,4),(0.,0.0117219190927801,0.0238598110062106),
 .UNSPECIFIED.);
#51=B_SPLINE_CURVE_WITH_KNOTS('',3,(#2467,#2468,#2469,#2470,#2471),
 .UNSPECIFIED.,.F.,.F.,(4,1,4),(0.,0.0196746414064998,0.0339584443971924),
 .UNSPECIFIED.);
#52=B_SPLINE_CURVE_WITH_KNOTS('',3,(#2474,#2475,#2476,#2477,#2478),
 .UNSPECIFIED.,.F.,.F.,(4,1,4),(0.,0.0196746414064998,0.0339584443971924),
 .UNSPECIFIED.);
#53=B_SPLINE_CURVE_WITH_KNOTS('',3,(#2508,#2509,#2510,#2511,#2512),
 .UNSPECIFIED.,.F.,.F.,(4,1,4),(0.,0.0141523665428179,0.0359012213083885),
 .UNSPECIFIED.);
#54=B_SPLINE_CURVE_WITH_KNOTS('',3,(#2515,#2516,#2517,#2518,#2519),
 .UNSPECIFIED.,.F.,.F.,(4,1,4),(0.,0.0141523665428179,0.0359012213083885),
 .UNSPECIFIED.);
#55=B_SPLINE_CURVE_WITH_KNOTS('',3,(#2531,#2532,#2533,#2534,#2535),
 .UNSPECIFIED.,.F.,.F.,(4,1,4),(0.,0.0143357353851199,0.029693260170029),
 .UNSPECIFIED.);
#56=B_SPLINE_CURVE_WITH_KNOTS('',3,(#2538,#2539,#2540,#2541,#2542),
 .UNSPECIFIED.,.F.,.F.,(4,1,4),(0.,0.0143357353851199,0.029693260170029),
 .UNSPECIFIED.);
#57=B_SPLINE_CURVE_WITH_KNOTS('',3,(#2554,#2555,#2556,#2557,#2558),
 .UNSPECIFIED.,.F.,.F.,(4,1,4),(0.,0.0165817748280268,0.0311604568288567),
 .UNSPECIFIED.);
#58=B_SPLINE_CURVE_WITH_KNOTS('',3,(#2561,#2562,#2563,#2564,#2565),
 .UNSPECIFIED.,.F.,.F.,(4,1,4),(0.,0.0165817748280268,0.0311604568288567),
 .UNSPECIFIED.);
#59=B_SPLINE_CURVE_WITH_KNOTS('',3,(#2577,#2578,#2579,#2580,#2581),
 .UNSPECIFIED.,.F.,.F.,(4,1,4),(0.,0.0189117406634004,0.036921149136883),
 .UNSPECIFIED.);
#60=B_SPLINE_CURVE_WITH_KNOTS('',3,(#2584,#2585,#2586,#2587,#2588),
 .UNSPECIFIED.,.F.,.F.,(4,1,4),(0.,0.0189117406634004,0.036921149136883),
 .UNSPECIFIED.);
#61=B_SPLINE_CURVE_WITH_KNOTS('',3,(#2600,#2601,#2602,#2603,#2604),
 .UNSPECIFIED.,.F.,.F.,(4,1,4),(0.,0.0397207307101044,0.0806172110933578),
 .UNSPECIFIED.);
#62=B_SPLINE_CURVE_WITH_KNOTS('',3,(#2607,#2608,#2609,#2610,#2611),
 .UNSPECIFIED.,.F.,.F.,(4,1,4),(0.,0.0397207307101044,0.0806172110933578),
 .UNSPECIFIED.);
#63=B_SPLINE_CURVE_WITH_KNOTS('',3,(#2646,#2647,#2648,#2649,#2650),
 .UNSPECIFIED.,.F.,.F.,(4,1,4),(0.,0.0232616401140133,0.0475190477005409),
 .UNSPECIFIED.);
#64=B_SPLINE_CURVE_WITH_KNOTS('',3,(#2654,#2655,#2656,#2657,#2658),
 .UNSPECIFIED.,.F.,.F.,(4,1,4),(0.,0.0232616401140133,0.0475190477005409),
 .UNSPECIFIED.);
#65=B_SPLINE_CURVE_WITH_KNOTS('',3,(#2671,#2672,#2673,#2674,#2675),
 .UNSPECIFIED.,.F.,.F.,(4,1,4),(0.,0.0246740590084388,0.0483463243666629),
 .UNSPECIFIED.);
#66=B_SPLINE_CURVE_WITH_KNOTS('',3,(#2678,#2679,#2680,#2681,#2682),
 .UNSPECIFIED.,.F.,.F.,(4,1,4),(0.,0.0246740590084388,0.0483463243666629),
 .UNSPECIFIED.);
#67=B_SPLINE_CURVE_WITH_KNOTS('',3,(#2694,#2695,#2696,#2697,#2698),
 .UNSPECIFIED.,.F.,.F.,(4,1,4),(0.,0.0352750931789533,0.0637680784847729),
 .UNSPECIFIED.);
#68=B_SPLINE_CURVE_WITH_KNOTS('',3,(#2701,#2702,#2703,#2704,#2705),
 .UNSPECIFIED.,.F.,.F.,(4,1,4),(0.,0.0352750931789533,0.0637680784847729),
 .UNSPECIFIED.);
#69=B_SPLINE_CURVE_WITH_KNOTS('',3,(#2717,#2718,#2719,#2720,#2721),
 .UNSPECIFIED.,.F.,.F.,(4,1,4),(0.,0.028280104978402,0.0647551685393341),
 .UNSPECIFIED.);
#70=B_SPLINE_CURVE_WITH_KNOTS('',3,(#2724,#2725,#2726,#2727,#2728),
 .UNSPECIFIED.,.F.,.F.,(4,1,4),(0.,0.028280104978402,0.0647551685393341),
 .UNSPECIFIED.);
#71=B_SPLINE_CURVE_WITH_KNOTS('',3,(#2740,#2741,#2742,#2743,#2744),
 .UNSPECIFIED.,.F.,.F.,(4,1,4),(0.,0.0238296708060642,0.0479670510260046),
 .UNSPECIFIED.);
#72=B_SPLINE_CURVE_WITH_KNOTS('',3,(#2747,#2748,#2749,#2750,#2751),
 .UNSPECIFIED.,.F.,.F.,(4,1,4),(0.,0.0238296708060642,0.0479670510260046),
 .UNSPECIFIED.);
#73=B_SPLINE_CURVE_WITH_KNOTS('',3,(#2763,#2764,#2765,#2766,#2767),
 .UNSPECIFIED.,.F.,.F.,(4,1,4),(0.,0.0241493299431209,0.0480895805984969),
 .UNSPECIFIED.);
#74=B_SPLINE_CURVE_WITH_KNOTS('',3,(#2770,#2771,#2772,#2773,#2774),
 .UNSPECIFIED.,.F.,.F.,(4,1,4),(0.,0.0241493299431209,0.0480895805984969),
 .UNSPECIFIED.);
#75=B_SPLINE_CURVE_WITH_KNOTS('',3,(#2786,#2787,#2788,#2789,#2790),
 .UNSPECIFIED.,.F.,.F.,(4,1,4),(0.,0.0372313483101297,0.0656702787012294),
 .UNSPECIFIED.);
#76=B_SPLINE_CURVE_WITH_KNOTS('',3,(#2793,#2794,#2795,#2796,#2797),
 .UNSPECIFIED.,.F.,.F.,(4,1,4),(0.,0.0372313483101297,0.0656702787012294),
 .UNSPECIFIED.);
#77=B_SPLINE_CURVE_WITH_KNOTS('',3,(#2808,#2809,#2810,#2811,#2812),
 .UNSPECIFIED.,.F.,.F.,(4,1,4),(0.,0.0278711185013203,0.0625686814721702),
 .UNSPECIFIED.);
#78=B_SPLINE_CURVE_WITH_KNOTS('',3,(#2813,#2814,#2815,#2816,#2817),
 .UNSPECIFIED.,.F.,.F.,(4,1,4),(0.,0.0278711185013203,0.0625686814721702),
 .UNSPECIFIED.);
#79=B_SPLINE_CURVE_WITH_KNOTS('',3,(#2830,#2831,#2832,#2833,#2834),
 .UNSPECIFIED.,.F.,.F.,(4,1,4),(0.,0.0354209651385065,0.0660845341365401),
 .UNSPECIFIED.);
#80=B_SPLINE_CURVE_WITH_KNOTS('',3,(#2838,#2839,#2840,#2841,#2842),
 .UNSPECIFIED.,.F.,.F.,(4,1,4),(0.,0.0354209651385065,0.0660845341365401),
 .UNSPECIFIED.);
#81=B_SPLINE_CURVE_WITH_KNOTS('',3,(#2855,#2856,#2857,#2858,#2859),
 .UNSPECIFIED.,.F.,.F.,(4,1,4),(0.,0.0265620907740675,0.0568510416922788),
 .UNSPECIFIED.);
#82=B_SPLINE_CURVE_WITH_KNOTS('',3,(#2862,#2863,#2864,#2865,#2866),
 .UNSPECIFIED.,.F.,.F.,(4,1,4),(0.,0.0265620907740675,0.0568510416922788),
 .UNSPECIFIED.);
#83=B_SPLINE_CURVE_WITH_KNOTS('',3,(#2878,#2879,#2880,#2881,#2882),
 .UNSPECIFIED.,.F.,.F.,(4,1,4),(0.,0.0232190211128909,0.0474891848002687),
 .UNSPECIFIED.);
#84=B_SPLINE_CURVE_WITH_KNOTS('',3,(#2885,#2886,#2887,#2888,#2889),
 .UNSPECIFIED.,.F.,.F.,(4,1,4),(0.,0.0232190211128909,0.0474891848002687),
 .UNSPECIFIED.);
#85=B_SPLINE_CURVE_WITH_KNOTS('',3,(#2901,#2902,#2903,#2904,#2905),
 .UNSPECIFIED.,.F.,.F.,(4,1,4),(0.,0.0434106728950764,0.0729620682825106),
 .UNSPECIFIED.);
#86=B_SPLINE_CURVE_WITH_KNOTS('',3,(#2908,#2909,#2910,#2911,#2912),
 .UNSPECIFIED.,.F.,.F.,(4,1,4),(0.,0.0434106728950764,0.0729620682825106),
 .UNSPECIFIED.);
#87=B_SPLINE_CURVE_WITH_KNOTS('',3,(#2942,#2943,#2944,#2945,#2946),
 .UNSPECIFIED.,.F.,.F.,(4,1,4),(0.,0.035946700110454,0.0726553520941363),
 .UNSPECIFIED.);
#88=B_SPLINE_CURVE_WITH_KNOTS('',3,(#2949,#2950,#2951,#2952,#2953),
 .UNSPECIFIED.,.F.,.F.,(4,1,4),(0.,0.035946700110454,0.0726553520941363),
 .UNSPECIFIED.);
#89=B_SPLINE_CURVE_WITH_KNOTS('',3,(#2965,#2966,#2967,#2968,#2969),
 .UNSPECIFIED.,.F.,.F.,(4,1,4),(0.,0.025683758210019,0.0529324001146261),
 .UNSPECIFIED.);
#90=B_SPLINE_CURVE_WITH_KNOTS('',3,(#2972,#2973,#2974,#2975,#2976),
 .UNSPECIFIED.,.F.,.F.,(4,1,4),(0.,0.025683758210019,0.0529324001146261),
 .UNSPECIFIED.);
#91=B_SPLINE_CURVE_WITH_KNOTS('',3,(#2988,#2989,#2990,#2991,#2992),
 .UNSPECIFIED.,.F.,.F.,(4,1,4),(0.,0.0271295608004707,0.0526894071145802),
 .UNSPECIFIED.);
#92=B_SPLINE_CURVE_WITH_KNOTS('',3,(#2995,#2996,#2997,#2998,#2999),
 .UNSPECIFIED.,.F.,.F.,(4,1,4),(0.,0.0271295608004707,0.0526894071145802),
 .UNSPECIFIED.);
#93=B_SPLINE_CURVE_WITH_KNOTS('',3,(#3011,#3012,#3013,#3014,#3015),
 .UNSPECIFIED.,.F.,.F.,(4,1,4),(0.,0.0300094340049001,0.0587008505407618),
 .UNSPECIFIED.);
#94=B_SPLINE_CURVE_WITH_KNOTS('',3,(#3018,#3019,#3020,#3021,#3022),
 .UNSPECIFIED.,.F.,.F.,(4,1,4),(0.,0.0300094340049001,0.0587008505407618),
 .UNSPECIFIED.);
#95=B_SPLINE_CURVE_WITH_KNOTS('',3,(#3034,#3035,#3036,#3037,#3038),
 .UNSPECIFIED.,.F.,.F.,(4,1,4),(0.,0.0400428480993912,0.082491159610931),
 .UNSPECIFIED.);
#96=B_SPLINE_CURVE_WITH_KNOTS('',3,(#3041,#3042,#3043,#3044,#3045),
 .UNSPECIFIED.,.F.,.F.,(4,1,4),(0.,0.0400428480993912,0.082491159610931),
 .UNSPECIFIED.);
#97=B_SPLINE_CURVE_WITH_KNOTS('',3,(#3057,#3058,#3059,#3060,#3061),
 .UNSPECIFIED.,.F.,.F.,(4,1,4),(0.,0.0405645746708204,0.0788460364669761),
 .UNSPECIFIED.);
#98=B_SPLINE_CURVE_WITH_KNOTS('',3,(#3064,#3065,#3066,#3067,#3068),
 .UNSPECIFIED.,.F.,.F.,(4,1,4),(0.,0.0405645746708204,0.0788460364669761),
 .UNSPECIFIED.);
#99=B_SPLINE_CURVE_WITH_KNOTS('',3,(#3080,#3081,#3082,#3083,#3084),
 .UNSPECIFIED.,.F.,.F.,(4,1,4),(0.,0.0345010808399879,0.0683065844031565),
 .UNSPECIFIED.);
#100=B_SPLINE_CURVE_WITH_KNOTS('',3,(#3087,#3088,#3089,#3090,#3091),
 .UNSPECIFIED.,.F.,.F.,(4,1,4),(0.,0.0345010808399879,0.0683065844031565),
 .UNSPECIFIED.);
#101=B_SPLINE_CURVE_WITH_KNOTS('',3,(#3103,#3104,#3105,#3106,#3107),
 .UNSPECIFIED.,.F.,.F.,(4,1,4),(0.,0.0175710915145278,0.0474024456872554),
 .UNSPECIFIED.);
#102=B_SPLINE_CURVE_WITH_KNOTS('',3,(#3110,#3111,#3112,#3113,#3114),
 .UNSPECIFIED.,.F.,.F.,(4,1,4),(0.,0.0175710915145278,0.0474024456872554),
 .UNSPECIFIED.);
#103=B_SPLINE_CURVE_WITH_KNOTS('',3,(#3126,#3127,#3128,#3129,#3130),
 .UNSPECIFIED.,.F.,.F.,(4,1,4),(0.,0.0169355950070575,0.0348048698696309),
 .UNSPECIFIED.);
#104=B_SPLINE_CURVE_WITH_KNOTS('',3,(#3133,#3134,#3135,#3136,#3137),
 .UNSPECIFIED.,.F.,.F.,(4,1,4),(0.,0.0169355950070575,0.0348048698696309),
 .UNSPECIFIED.);
#105=B_SPLINE_CURVE_WITH_KNOTS('',3,(#3149,#3150,#3151,#3152,#3153),
 .UNSPECIFIED.,.F.,.F.,(4,1,4),(0.,0.0228076125933482,0.0413059764457488),
 .UNSPECIFIED.);
#106=B_SPLINE_CURVE_WITH_KNOTS('',3,(#3156,#3157,#3158,#3159,#3160),
 .UNSPECIFIED.,.F.,.F.,(4,1,4),(0.,0.0228076125933482,0.0413059764457488),
 .UNSPECIFIED.);
#107=B_SPLINE_CURVE_WITH_KNOTS('',3,(#3172,#3173,#3174,#3175,#3176),
 .UNSPECIFIED.,.F.,.F.,(4,1,4),(0.,0.0179415634365852,0.0393263390525714),
 .UNSPECIFIED.);
#108=B_SPLINE_CURVE_WITH_KNOTS('',3,(#3179,#3180,#3181,#3182,#3183),
 .UNSPECIFIED.,.F.,.F.,(4,1,4),(0.,0.0179415634365852,0.0393263390525714),
 .UNSPECIFIED.);
#109=B_SPLINE_CURVE_WITH_KNOTS('',3,(#3195,#3196,#3197,#3198,#3199),
 .UNSPECIFIED.,.F.,.F.,(4,1,4),(0.,0.0149407962955936,0.0277598260758076),
 .UNSPECIFIED.);
#110=B_SPLINE_CURVE_WITH_KNOTS('',3,(#3202,#3203,#3204,#3205,#3206),
 .UNSPECIFIED.,.F.,.F.,(4,1,4),(0.,0.0149407962955936,0.0277598260758076),
 .UNSPECIFIED.);
#111=B_SPLINE_CURVE_WITH_KNOTS('',3,(#3223,#3224,#3225,#3226,#3227),
 .UNSPECIFIED.,.F.,.F.,(4,1,4),(0.,0.0281488742887723,0.0593615289995499),
 .UNSPECIFIED.);
#112=B_SPLINE_CURVE_WITH_KNOTS('',3,(#3228,#3229,#3230,#3231,#3232),
 .UNSPECIFIED.,.F.,.F.,(4,1,4),(0.,0.0281488742887723,0.0593615289995499),
 .UNSPECIFIED.);
#113=B_SPLINE_CURVE_WITH_KNOTS('',3,(#3254,#3255,#3256,#3257,#3258),
 .UNSPECIFIED.,.F.,.F.,(4,1,4),(0.,0.0223553528290695,0.0514122619461149),
 .UNSPECIFIED.);
#114=B_SPLINE_CURVE_WITH_KNOTS('',3,(#3261,#3262,#3263,#3264,#3265),
 .UNSPECIFIED.,.F.,.F.,(4,1,4),(0.,0.0223553528290695,0.0514122619461149),
 .UNSPECIFIED.);
#115=B_SPLINE_CURVE_WITH_KNOTS('',3,(#3277,#3278,#3279,#3280,#3281),
 .UNSPECIFIED.,.F.,.F.,(4,1,4),(0.,0.0197754919672479,0.039257103570164),
 .UNSPECIFIED.);
#116=B_SPLINE_CURVE_WITH_KNOTS('',3,(#3284,#3285,#3286,#3287,#3288),
 .UNSPECIFIED.,.F.,.F.,(4,1,4),(0.,0.0197754919672479,0.039257103570164),
 .UNSPECIFIED.);
#117=B_SPLINE_CURVE_WITH_KNOTS('',3,(#3300,#3301,#3302,#3303,#3304),
 .UNSPECIFIED.,.F.,.F.,(4,1,4),(0.,0.0143068680184358,0.028465882355095),
 .UNSPECIFIED.);
#118=B_SPLINE_CURVE_WITH_KNOTS('',3,(#3307,#3308,#3309,#3310,#3311),
 .UNSPECIFIED.,.F.,.F.,(4,1,4),(0.,0.0143068680184358,0.028465882355095),
 .UNSPECIFIED.);
#119=B_SPLINE_CURVE_WITH_KNOTS('',3,(#3323,#3324,#3325,#3326,#3327),
 .UNSPECIFIED.,.F.,.F.,(4,1,4),(0.,0.0153846938602958,0.0298663851145882),
 .UNSPECIFIED.);
#120=B_SPLINE_CURVE_WITH_KNOTS('',3,(#3330,#3331,#3332,#3333,#3334),
 .UNSPECIFIED.,.F.,.F.,(4,1,4),(0.,0.0153846938602958,0.0298663851145882),
 .UNSPECIFIED.);
#121=B_SPLINE_CURVE_WITH_KNOTS('',3,(#3346,#3347,#3348,#3349,#3350),
 .UNSPECIFIED.,.F.,.F.,(4,1,4),(0.,0.0242889671231892,0.0430670480873012),
 .UNSPECIFIED.);
#122=B_SPLINE_CURVE_WITH_KNOTS('',3,(#3353,#3354,#3355,#3356,#3357),
 .UNSPECIFIED.,.F.,.F.,(4,1,4),(0.,0.0242889671231892,0.0430670480873012),
 .UNSPECIFIED.);
#123=B_SPLINE_CURVE_WITH_KNOTS('',3,(#3393,#3394,#3395,#3396,#3397),
 .UNSPECIFIED.,.F.,.F.,(4,1,4),(0.,0.00896637111268175,0.0221704088265923),
 .UNSPECIFIED.);
#124=B_SPLINE_CURVE_WITH_KNOTS('',3,(#3400,#3401,#3402,#3403,#3404),
 .UNSPECIFIED.,.F.,.F.,(4,1,4),(0.,0.00896637111268175,0.0221704088265923),
 .UNSPECIFIED.);
#125=B_SPLINE_CURVE_WITH_KNOTS('',3,(#3416,#3417,#3418,#3419,#3420),
 .UNSPECIFIED.,.F.,.F.,(4,1,4),(0.,0.0101421157846683,0.0197684391897424),
 .UNSPECIFIED.);
#126=B_SPLINE_CURVE_WITH_KNOTS('',3,(#3423,#3424,#3425,#3426,#3427),
 .UNSPECIFIED.,.F.,.F.,(4,1,4),(0.,0.0101421157846683,0.0197684391897424),
 .UNSPECIFIED.);
#127=B_SPLINE_CURVE_WITH_KNOTS('',3,(#3439,#3440,#3441,#3442,#3443),
 .UNSPECIFIED.,.F.,.F.,(4,1,4),(0.,0.0162043718550252,0.0285977728224165),
 .UNSPECIFIED.);
#128=B_SPLINE_CURVE_WITH_KNOTS('',3,(#3446,#3447,#3448,#3449,#3450),
 .UNSPECIFIED.,.F.,.F.,(4,1,4),(0.,0.0162043718550252,0.0285977728224165),
 .UNSPECIFIED.);
#129=B_SPLINE_CURVE_WITH_KNOTS('',3,(#3462,#3463,#3464,#3465,#3466),
 .UNSPECIFIED.,.F.,.F.,(4,1,4),(0.,0.0286336500988685,0.0503065033758485),
 .UNSPECIFIED.);
#130=B_SPLINE_CURVE_WITH_KNOTS('',3,(#3469,#3470,#3471,#3472,#3473),
 .UNSPECIFIED.,.F.,.F.,(4,1,4),(0.,0.0286336500988685,0.0503065033758485),
 .UNSPECIFIED.);
#131=B_SPLINE_CURVE_WITH_KNOTS('',3,(#3503,#3504,#3505,#3506,#3507),
 .UNSPECIFIED.,.F.,.F.,(4,1,4),(0.,0.0246821704724695,0.0518502565055315),
 .UNSPECIFIED.);
#132=B_SPLINE_CURVE_WITH_KNOTS('',3,(#3510,#3511,#3512,#3513,#3514),
 .UNSPECIFIED.,.F.,.F.,(4,1,4),(0.,0.0246821704724695,0.0518502565055315),
 .UNSPECIFIED.);
#133=B_SPLINE_CURVE_WITH_KNOTS('',3,(#3526,#3527,#3528,#3529,#3530),
 .UNSPECIFIED.,.F.,.F.,(4,1,4),(0.,0.0157726103678346,0.0282867659013),
 .UNSPECIFIED.);
#134=B_SPLINE_CURVE_WITH_KNOTS('',3,(#3533,#3534,#3535,#3536,#3537),
 .UNSPECIFIED.,.F.,.F.,(4,1,4),(0.,0.0157726103678346,0.0282867659013),
 .UNSPECIFIED.);
#135=B_SPLINE_CURVE_WITH_KNOTS('',3,(#3549,#3550,#3551,#3552,#3553),
 .UNSPECIFIED.,.F.,.F.,(4,1,4),(0.,0.0318135640659888,0.0706542019791804),
 .UNSPECIFIED.);
#136=B_SPLINE_CURVE_WITH_KNOTS('',3,(#3556,#3557,#3558,#3559,#3560),
 .UNSPECIFIED.,.F.,.F.,(4,1,4),(0.,0.0318135640659888,0.0706542019791804),
 .UNSPECIFIED.);
#137=B_SPLINE_CURVE_WITH_KNOTS('',3,(#3572,#3573,#3574,#3575,#3576),
 .UNSPECIFIED.,.F.,.F.,(4,1,4),(0.,0.0298671461086213,0.058777427480698),
 .UNSPECIFIED.);
#138=B_SPLINE_CURVE_WITH_KNOTS('',3,(#3579,#3580,#3581,#3582,#3583),
 .UNSPECIFIED.,.F.,.F.,(4,1,4),(0.,0.0298671461086213,0.058777427480698),
 .UNSPECIFIED.);
#139=B_SPLINE_CURVE_WITH_KNOTS('',3,(#3595,#3596,#3597,#3598,#3599),
 .UNSPECIFIED.,.F.,.F.,(4,1,4),(0.,0.0234849984133621,0.0473765902848934),
 .UNSPECIFIED.);
#140=B_SPLINE_CURVE_WITH_KNOTS('',3,(#3602,#3603,#3604,#3605,#3606),
 .UNSPECIFIED.,.F.,.F.,(4,1,4),(0.,0.0234849984133621,0.0473765902848934),
 .UNSPECIFIED.);
#141=B_SPLINE_CURVE_WITH_KNOTS('',3,(#3618,#3619,#3620,#3621,#3622),
 .UNSPECIFIED.,.F.,.F.,(4,1,4),(0.,0.0218121315836822,0.0444699081754168),
 .UNSPECIFIED.);
#142=B_SPLINE_CURVE_WITH_KNOTS('',3,(#3625,#3626,#3627,#3628,#3629),
 .UNSPECIFIED.,.F.,.F.,(4,1,4),(0.,0.0218121315836822,0.0444699081754168),
 .UNSPECIFIED.);
#143=B_SPLINE_CURVE_WITH_KNOTS('',3,(#3641,#3642,#3643,#3644,#3645),
 .UNSPECIFIED.,.F.,.F.,(4,1,4),(0.,0.0353594013155928,0.0617651074251899),
 .UNSPECIFIED.);
#144=B_SPLINE_CURVE_WITH_KNOTS('',3,(#3648,#3649,#3650,#3651,#3652),
 .UNSPECIFIED.,.F.,.F.,(4,1,4),(0.,0.0353594013155928,0.0617651074251899),
 .UNSPECIFIED.);
#145=B_SPLINE_CURVE_WITH_KNOTS('',3,(#3705,#3706,#3707,#3708,#3709,#3710,
#3711,#3712,#3713,#3714,#3715,#3716),.UNSPECIFIED.,.F.,.F.,(4,2,2,2,2,4),
(1.00000032805394E-6,0.171563253200276,0.360739322462027,0.49004744785833,
0.570551268086163,0.630533692680268),.UNSPECIFIED.);
#146=B_SPLINE_CURVE_WITH_KNOTS('',3,(#3718,#3719,#3720,#3721,#3722,#3723),
 .UNSPECIFIED.,.F.,.F.,(4,2,4),(0.,0.0885065009647833,0.177145002793332),
 .UNSPECIFIED.);
#147=B_SPLINE_CURVE_WITH_KNOTS('',3,(#3725,#3726,#3727,#3728,#3729,#3730,
#3731,#3732,#3733,#3734,#3735,#3736,#3737,#3738),.UNSPECIFIED.,.F.,.F.,
(4,2,2,2,2,2,4),(0.,0.0331060035341892,0.0604988814496342,0.087256856690143,
0.133267916968002,0.164090807156577,0.192712156781509),.UNSPECIFIED.);
#148=B_SPLINE_CURVE_WITH_KNOTS('',3,(#3974,#3975,#3976,#3977,#3978,#3979,
#3980,#3981,#3982,#3983,#3984,#3985,#3986,#3987,#3988,#3989),
 .UNSPECIFIED.,.F.,.F.,(4,1,1,1,1,1,1,1,1,1,2,1,4),(-9.87105587897296,-9.,
-8.,-7.,-6.,-5.,-4.,-3.,-2.,-1.,-0.5,-0.25,0.),.UNSPECIFIED.);
#149=B_SPLINE_CURVE_WITH_KNOTS('',3,(#3991,#3992,#3993,#3994,#3995,#3996,
#3997,#3998,#3999,#4000,#4001),.UNSPECIFIED.,.F.,.F.,(4,1,2,1,2,1,4),(-2.,
-1.75,-1.5,-1.,-0.499999999999999,-0.249999999999999,0.),.UNSPECIFIED.);
#150=B_SPLINE_CURVE_WITH_KNOTS('',3,(#4002,#4003,#4004,#4005,#4006,#4007,
#4008,#4009,#4010,#4011,#4012,#4013,#4014,#4015,#4016,#4017),
 .UNSPECIFIED.,.F.,.F.,(4,1,2,1,1,1,1,1,1,1,1,1,4),(0.,0.25,0.5,1.,2.,3.,
4.,5.,6.,7.,8.,9.,9.83940752445761),.UNSPECIFIED.);
#151=B_SPLINE_CURVE_WITH_KNOTS('',3,(#4342,#4343,#4344,#4345,#4346,#4347,
#4348,#4349,#4350,#4351,#4352,#4353,#4354,#4355,#4356,#4357,#4358,#4359,
#4360,#4361,#4362,#4363,#4364,#4365,#4366,#4367,#4368,#4369,#4370,#4371,
#4372,#4373,#4374,#4375,#4376,#4377,#4378,#4379,#4380,#4381,#4382,#4383,
#4384,#4385,#4386,#4387,#4388,#4389,#4390,#4391,#4392,#4393,#4394,#4395,
#4396,#4397,#4398,#4399,#4400,#4401,#4402,#4403,#4404,#4405,#4406,#4407,
#4408,#4409,#4410,#4411,#4412,#4413,#4414,#4415,#4416,#4417,#4418,#4419,
#4420,#4421,#4422,#4423,#4424,#4425,#4426,#4427,#4428,#4429,#4430,#4431,
#4432,#4433,#4434,#4435,#4436,#4437,#4438,#4439,#4440,#4441,#4442,#4443,
#4444,#4445,#4446,#4447,#4448,#4449,#4450,#4451,#4452,#4453,#4454,#4455,
#4456,#4457,#4458,#4459,#4460,#4461,#4462,#4463,#4464,#4465,#4466,#4467,
#4468,#4469,#4470,#4471,#4472,#4473,#4474,#4475,#4476,#4477,#4478,#4479,
#4480,#4481,#4482,#4483,#4484,#4485,#4486,#4487,#4488,#4489,#4490,#4491,
#4492,#4493,#4494,#4495,#4496,#4497,#4498,#4499,#4500,#4501,#4502,#4503,
#4504,#4505,#4506,#4507,#4508,#4509,#4510,#4511,#4512,#4513,#4514,#4515,
#4516,#4517,#4518,#4519,#4520,#4521,#4522,#4523,#4524,#4525,#4526,#4527,
#4528,#4529,#4530,#4531,#4532,#4533,#4534,#4535,#4536,#4537,#4538,#4539,
#4540,#4541,#4542,#4543,#4544,#4545,#4546,#4547,#4548,#4549,#4550,#4551,
#4552,#4553,#4554,#4555,#4556,#4557,#4558,#4559,#4560,#4561,#4562,#4563,
#4564,#4565,#4566,#4567,#4568,#4569,#4570,#4571,#4572,#4573,#4574,#4575,
#4576,#4577,#4578,#4579,#4580,#4581,#4582,#4583,#4584,#4585,#4586,#4587,
#4588,#4589,#4590,#4591,#4592,#4593,#4594,#4595,#4596,#4597,#4598,#4599,
#4600,#4601,#4602,#4603,#4604,#4605,#4606,#4607,#4608,#4609,#4610,#4611,
#4612,#4613,#4614,#4615,#4616,#4617,#4618,#4619,#4620,#4621,#4622,#4623,
#4624,#4625,#4626,#4627,#4628,#4629,#4630,#4631,#4632,#4633,#4634,#4635,
#4636,#4637,#4638,#4639,#4640,#4641,#4642,#4643,#4644,#4645,#4646,#4647,
#4648,#4649,#4650,#4651,#4652,#4653,#4654,#4655,#4656,#4657,#4658,#4659,
#4660,#4661,#4662,#4663,#4664,#4665,#4666,#4667,#4668,#4669,#4670,#4671,
#4672,#4673,#4674,#4675,#4676,#4677,#4678,#4679,#4680,#4681,#4682,#4683,
#4684,#4685,#4686,#4687,#4688,#4689,#4690,#4691,#4692,#4693,#4694,#4695,
#4696,#4697,#4698,#4699,#4700,#4701,#4702,#4703,#4704,#4705,#4706,#4707,
#4708,#4709,#4710,#4711,#4712,#4713,#4714,#4715,#4716,#4717,#4718,#4719,
#4720,#4721,#4722,#4723,#4724,#4725,#4726,#4727,#4728,#4729,#4730,#4731,
#4732,#4733,#4734,#4735,#4736,#4737,#4738,#4739,#4740,#4741,#4742,#4743,
#4744,#4745,#4746,#4747,#4748,#4749,#4750,#4751,#4752,#4753,#4754,#4755,
#4756,#4757,#4758,#4759,#4760,#4761,#4762,#4763,#4764,#4765,#4766,#4767,
#4768,#4769,#4770,#4771,#4772,#4773,#4774,#4775,#4776,#4777,#4778,#4779,
#4780,#4781,#4782,#4783,#4784,#4785,#4786,#4787,#4788,#4789,#4790,#4791,
#4792),.UNSPECIFIED.,.F.,.F.,(4,3,3,3,3,3,3,3,3,3,3,3,3,3,3,3,3,3,3,3,3,
3,3,3,3,3,3,3,3,3,3,3,3,3,3,3,3,3,3,3,3,3,3,3,3,3,3,3,3,3,3,3,3,3,3,3,3,
3,3,3,3,3,3,3,3,3,3,3,3,3,3,3,3,3,3,3,3,3,3,3,3,3,3,3,3,3,3,3,3,3,3,3,3,
3,3,3,3,3,3,3,3,3,3,3,3,3,3,3,3,3,3,3,3,3,3,3,3,3,3,3,3,3,3,3,3,3,3,3,3,
3,3,3,3,3,3,3,3,3,3,3,3,3,3,3,3,3,3,3,3,3,4),(-2.47314782976539,-2.45756873707808,
-2.44143489510241,-2.42466326962306,-2.40713127039676,-2.38865013542058,
-2.36813790480649,-2.34631905534695,-2.3249336690395,-2.30549258796572,
-2.28799771141685,-2.27196486403613,-2.25670381940132,-2.2423834154265,
-2.23551308177022,-2.22085153206371,-2.20686900347374,-2.1934689117831,
-2.18057825481227,-2.16837436512994,-2.1564992310367,-2.14492785086426,
-2.13374224042707,-2.13187644514076,-2.1311259978746,-2.13019166499945,
-2.11760491463778,-2.10390787957292,-2.08796728968242,-2.06996777622609,
-2.0623710963468,-2.05142825251647,-2.03952936029672,-2.02703934469305,
-2.0136303812009,-1.99884400227137,-1.98067815899282,-1.96572413624379,
-1.95918175129109,-1.9556160778972,-1.95367938650452,-1.93298939850881,
-1.91645177048372,-1.90260032211293,-1.890348027172,-1.87871762136108,-1.86783294044965,
-1.86104597700057,-1.84354469179433,-1.82783959602904,-1.81475963877511,
-1.8030705665666,-1.79622167365992,-1.79436548138922,-1.79338411363881,
-1.7923632875484,-1.7742004762514,-1.75839534293024,-1.74375853271454,-1.7301414824618,
-1.71691150539856,-1.70412985229339,-1.69348828005979,-1.67590454525988,
-1.65850016748193,-1.64128983715929,-1.62414260681798,-1.60698691795122,
-1.59961905413129,-1.59743703893359,-1.5954485333896,-1.57760282715999,
-1.55935162501578,-1.54066906496059,-1.52188332764898,-1.5031759941758,
-1.48762048592002,-1.47998450320038,-1.41553215767518,-1.37348556373445,
-1.37069960845052,-1.36865470855592,-1.35220300994735,-1.33341677868803,
-1.30927386856675,-1.28993833624635,-1.2726969024473,-1.25728823045501,
-1.24697356715412,-1.23931965302406,-1.23458406157958,-1.23165498511411,
-1.12560773393405,-1.06382802446309,-1.03293816972762,-1.02717676881214,
-1.02485670018037,-1.02265440777088,-1.00204831499214,-0.983208293103133,
-0.963181513164417,-0.9416962100015,-0.918425801499742,-0.892825276446113,
-0.868127469960925,-0.845018190823991,-0.823314694995567,-0.802754196713102,
-0.783144112315077,-0.764743575169749,-0.75196308164499,-0.742377711501422,
-0.74035226221199,-0.738796663768414,-0.713621601070716,-0.694780447018711,
-0.674984735301406,-0.654525242765935,-0.633356283962623,-0.611429062019315,
-0.588693384779772,-0.565102971510801,-0.540191566792489,-0.51452101282102,
-0.488293906304287,-0.461148273340682,-0.435426642202646,-0.421497825264451,
-0.415467100739092,-0.41279323813023,-0.411253215560982,-0.410257612482269,
-0.391546149736478,-0.379711374449868,-0.363733645315328,-0.346439668755762,
-0.327080190360129,-0.303242344131293,-0.275710913629441,-0.255424228084216,
-0.237407027348409,-0.226541687106865,-0.221448558868641,-0.218543091633557,
-0.216496384189266,-0.18032406700996,-0.140064124901265,-0.0936410003290491,
-0.0635615834837017,-0.0615694647804145,-0.0578168309946254),
 .UNSPECIFIED.);
#152=B_SPLINE_CURVE_WITH_KNOTS('',3,(#4793,#4794,#4795,#4796,#4797,#4798,
#4799,#4800,#4801,#4802),.UNSPECIFIED.,.F.,.F.,(4,1,2,1,1,1,4),(0.,0.25,
0.5,1.,2.,3.,4.),.UNSPECIFIED.);
#153=B_SPLINE_CURVE_WITH_KNOTS('',3,(#5051,#5052,#5053,#5054,#5055,#5056,
#5057,#5058,#5059,#5060,#5061,#5062,#5063,#5064,#5065,#5066,#5067,#5068,
#5069,#5070,#5071,#5072,#5073,#5074,#5075,#5076,#5077,#5078,#5079,#5080,
#5081,#5082,#5083,#5084,#5085,#5086,#5087,#5088,#5089,#5090,#5091,#5092,
#5093,#5094,#5095,#5096,#5097,#5098,#5099,#5100,#5101,#5102,#5103,#5104,
#5105,#5106,#5107,#5108,#5109,#5110,#5111,#5112,#5113,#5114,#5115,#5116,
#5117,#5118,#5119,#5120,#5121,#5122,#5123,#5124,#5125,#5126,#5127,#5128,
#5129,#5130,#5131,#5132,#5133,#5134,#5135,#5136,#5137,#5138),
 .UNSPECIFIED.,.F.,.F.,(4,3,3,3,3,3,3,3,3,3,3,3,3,3,3,3,3,3,3,3,3,3,3,3,
3,3,3,3,3,4),(-0.671026838334163,-0.535853696361525,-0.407662363305734,
-0.32512877411549,-0.31481207546671,-0.312824907802038,-0.311300096398161,
-0.291238400782524,-0.27115654704242,-0.250829439836484,-0.242595184925246,
-0.21227078680959,-0.185736938458391,-0.162519821151093,-0.159887368969558,
-0.158083609088721,-0.15668086436149,-0.133378539812024,-0.114960174362806,
-0.100590152567455,-0.0985807658108292,-0.0861048546728304,-0.0669924868366158,
-0.0649997055124031,-0.0634784900535973,-0.047608867540198,-0.0357066506551485,
-0.0339710333732803,-0.0138742887730943,0.),.UNSPECIFIED.);
#154=B_SPLINE_CURVE_WITH_KNOTS('',3,(#5139,#5140,#5141,#5142,#5143,#5144,
#5145,#5146,#5147,#5148),.UNSPECIFIED.,.F.,.F.,(4,1,2,1,1,1,4),(0.,0.25,
0.5,1.,2.,3.,4.),.UNSPECIFIED.);
#155=B_SPLINE_CURVE_WITH_KNOTS('',3,(#5472,#5473,#5474,#5475,#5476,#5477,
#5478,#5479,#5480,#5481,#5482,#5483,#5484,#5485,#5486,#5487,#5488,#5489,
#5490,#5491,#5492,#5493,#5494,#5495,#5496,#5497,#5498,#5499,#5500,#5501,
#5502,#5503,#5504,#5505,#5506,#5507,#5508,#5509,#5510,#5511,#5512,#5513,
#5514,#5515,#5516,#5517,#5518,#5519,#5520,#5521,#5522,#5523,#5524,#5525,
#5526,#5527,#5528,#5529,#5530,#5531,#5532,#5533,#5534,#5535,#5536,#5537,
#5538,#5539,#5540,#5541,#5542,#5543,#5544,#5545,#5546,#5547,#5548,#5549,
#5550,#5551,#5552,#5553,#5554,#5555,#5556,#5557,#5558,#5559,#5560,#5561,
#5562,#5563,#5564,#5565,#5566,#5567,#5568,#5569,#5570,#5571,#5572,#5573,
#5574,#5575,#5576,#5577,#5578,#5579,#5580,#5581,#5582,#5583,#5584,#5585,
#5586,#5587,#5588,#5589,#5590,#5591,#5592,#5593,#5594,#5595,#5596,#5597,
#5598,#5599,#5600,#5601,#5602,#5603,#5604,#5605,#5606,#5607,#5608,#5609,
#5610,#5611,#5612,#5613,#5614,#5615,#5616,#5617,#5618,#5619,#5620,#5621,
#5622,#5623,#5624,#5625,#5626,#5627,#5628,#5629,#5630,#5631,#5632,#5633,
#5634,#5635,#5636,#5637,#5638,#5639,#5640,#5641,#5642,#5643,#5644,#5645,
#5646,#5647,#5648,#5649,#5650,#5651,#5652,#5653,#5654,#5655,#5656,#5657,
#5658,#5659,#5660,#5661,#5662,#5663,#5664,#5665,#5666,#5667,#5668,#5669,
#5670,#5671,#5672,#5673,#5674,#5675,#5676,#5677,#5678,#5679,#5680,#5681,
#5682,#5683,#5684,#5685,#5686,#5687,#5688,#5689,#5690,#5691,#5692,#5693,
#5694,#5695,#5696,#5697,#5698,#5699,#5700,#5701,#5702,#5703,#5704,#5705,
#5706,#5707,#5708,#5709,#5710,#5711,#5712,#5713,#5714,#5715,#5716,#5717,
#5718,#5719,#5720,#5721,#5722,#5723,#5724,#5725,#5726,#5727,#5728,#5729,
#5730,#5731,#5732,#5733,#5734,#5735,#5736,#5737,#5738,#5739,#5740,#5741,
#5742,#5743,#5744,#5745,#5746,#5747,#5748,#5749,#5750,#5751,#5752,#5753,
#5754,#5755,#5756,#5757,#5758,#5759,#5760,#5761,#5762,#5763,#5764,#5765,
#5766,#5767,#5768,#5769,#5770,#5771,#5772,#5773,#5774,#5775,#5776,#5777,
#5778,#5779,#5780,#5781,#5782,#5783,#5784,#5785,#5786,#5787,#5788,#5789,
#5790,#5791,#5792,#5793,#5794,#5795,#5796,#5797,#5798,#5799,#5800,#5801,
#5802,#5803,#5804,#5805,#5806,#5807,#5808,#5809,#5810,#5811,#5812,#5813,
#5814,#5815,#5816,#5817,#5818,#5819,#5820,#5821,#5822,#5823,#5824,#5825,
#5826,#5827,#5828,#5829,#5830,#5831,#5832,#5833,#5834,#5835,#5836,#5837,
#5838,#5839,#5840,#5841,#5842,#5843,#5844,#5845,#5846,#5847,#5848,#5849,
#5850,#5851,#5852,#5853,#5854,#5855,#5856,#5857,#5858,#5859,#5860,#5861,
#5862,#5863,#5864,#5865,#5866,#5867,#5868,#5869,#5870,#5871,#5872,#5873,
#5874,#5875,#5876,#5877,#5878,#5879,#5880,#5881,#5882,#5883,#5884,#5885,
#5886,#5887,#5888,#5889,#5890,#5891,#5892,#5893,#5894,#5895,#5896,#5897,
#5898,#5899,#5900,#5901,#5902,#5903,#5904,#5905,#5906,#5907,#5908,#5909,
#5910,#5911,#5912,#5913,#5914,#5915,#5916,#5917,#5918,#5919,#5920,#5921,
#5922,#5923,#5924,#5925),.UNSPECIFIED.,.F.,.F.,(4,3,3,3,3,3,3,3,3,3,3,3,
3,3,3,3,3,3,3,3,3,3,3,3,3,3,3,3,3,3,3,3,3,3,3,3,3,3,3,3,3,3,3,3,3,3,3,3,
3,3,3,3,3,3,3,3,3,3,3,3,3,3,3,3,3,3,3,3,3,3,3,3,3,3,3,3,3,3,3,3,3,3,3,3,
3,3,3,3,3,3,3,3,3,3,3,3,3,3,3,3,3,3,3,3,3,3,3,3,3,3,3,3,3,3,3,3,3,3,3,3,
3,3,3,3,3,3,3,3,3,3,3,3,3,3,3,3,3,3,3,3,3,3,3,3,3,3,3,3,3,3,3,4),(-2.00539347830898,
-1.9296695040719,-1.901273013733,-1.88884954920973,-1.8872370482635,-1.8858025617892,
-1.86965129449446,-1.85231087579392,-1.83239389655687,-1.80975297135847,
-1.78293912385902,-1.77601156873091,-1.7528756237513,-1.73249713509318,
-1.71452155319011,-1.70249758136067,-1.68301307235242,-1.66433758589701,
-1.64650722941713,-1.62951521242344,-1.6272794105762,-1.62596021124319,
-1.62495085234706,-1.59597731280474,-1.56707833373121,-1.55309422387161,
-1.5432632844471,-1.52001872957828,-1.49712420364062,-1.47467517658879,
-1.45277469411085,-1.43147850526709,-1.41081041719313,-1.39107891134822,
-1.3718698013426,-1.35342655299367,-1.34333257597773,-1.32023913611237,
-1.29884100723723,-1.27872700606233,-1.25963894671347,-1.24051707285974,
-1.22336606999764,-1.20676062357675,-1.19064340163462,-1.17496729676921,
-1.16502353777128,-1.15856058128947,-1.15311417264261,-1.13757505870892,
-1.12028944566216,-1.10666395588363,-1.0844517710474,-1.05620649014096,
-1.03106383405185,-1.00995086871016,-0.99077930843035,-0.973431533939062,
-0.956816487506402,-0.951200781557785,-0.948403272949096,-0.945454835986038,
-0.932501469523495,-0.923742029728013,-0.912598318057688,-0.900487899110158,
-0.886329458191672,-0.869872595785482,-0.856300835332487,-0.843597550783695,
-0.841532990377628,-0.839767331976046,-0.821910787755243,-0.808322562449213,
-0.796193184360178,-0.785392453820215,-0.775130882216325,-0.764902720579236,
-0.755668075161706,-0.754674558942148,-0.743564957855242,-0.732628619684896,
-0.721831032319006,-0.711143552290046,-0.70057507962684,-0.69005770453813,
-0.679574787073086,-0.669110555773943,-0.664282266943012,-0.661525754391727,
-0.659924152392915,-0.65847390512051,-0.650186428872539,-0.642680265921408,
-0.635691224795247,-0.630484245126492,-0.62346066721196,-0.616271764751462,
-0.60882213026182,-0.600715142582503,-0.592150920598075,-0.583526805908379,
-0.578681934725301,-0.577811729370658,-0.577082380191281,-0.57023803494438,
-0.563522904111708,-0.557189398364811,-0.550978617404283,-0.545385835930855,
-0.544767836443756,-0.529960179751409,-0.513092157421695,-0.498734971772556,
-0.485578227708141,-0.473424065358135,-0.462488090432553,-0.453425732244405,
-0.444537944982418,-0.435768323293747,-0.427071319937413,-0.418407234552482,
-0.409718163874311,-0.40097263223186,-0.392133279858901,-0.383156141526153,
-0.380233476718882,-0.377723348351292,-0.366694452066835,-0.354408884815475,
-0.349295590621189,-0.339361470037308,-0.328650834518179,-0.317341339802384,
-0.305360957392731,-0.292673011304089,-0.279337478849952,-0.265548081719637,
-0.263013732999939,-0.261571656051875,-0.260276299006879,-0.243115899636664,
-0.225986134346408,-0.20912875526129,-0.19605820805746,-0.192281900229194,
-0.189721768542273,-0.187705924512505,-0.182533963429488,-0.105686832493063,
-0.0331610284131512,0.),.UNSPECIFIED.);
#156=B_SPLINE_SURFACE_WITH_KNOTS('',3,1,((#2364,#2365),(#2366,#2367),(#2368,
#2369),(#2370,#2371),(#2372,#2373)),.UNSPECIFIED.,.F.,.F.,.F.,(4,1,4),(2,
2),(0.,0.0251115193912221,0.0604121771268997),(0.,0.0720000000000758),
 .UNSPECIFIED.);
#157=B_SPLINE_SURFACE_WITH_KNOTS('',3,1,((#2387,#2388),(#2389,#2390),(#2391,
#2392),(#2393,#2394),(#2395,#2396)),.UNSPECIFIED.,.F.,.F.,.F.,(4,1,4),(2,
2),(0.,0.0222629553539898,0.0441273373845349),(0.,0.0720000000000914),
 .UNSPECIFIED.);
#158=B_SPLINE_SURFACE_WITH_KNOTS('',3,1,((#2410,#2411),(#2412,#2413),(#2414,
#2415),(#2416,#2417),(#2418,#2419)),.UNSPECIFIED.,.F.,.F.,.F.,(4,1,4),(2,
2),(0.,0.0128574614098492,0.0267225682809681),(0.,0.0720000000000561),
 .UNSPECIFIED.);
#159=B_SPLINE_SURFACE_WITH_KNOTS('',3,1,((#2433,#2434),(#2435,#2436),(#2437,
#2438),(#2439,#2440),(#2441,#2442)),.UNSPECIFIED.,.F.,.F.,.F.,(4,1,4),(2,
2),(0.,0.0117219190927801,0.0238598110062106),(0.,0.0720000000000659),
 .UNSPECIFIED.);
#160=B_SPLINE_SURFACE_WITH_KNOTS('',3,1,((#2456,#2457),(#2458,#2459),(#2460,
#2461),(#2462,#2463),(#2464,#2465)),.UNSPECIFIED.,.F.,.F.,.F.,(4,1,4),(2,
2),(0.,0.0196746414064998,0.0339584443971924),(0.,0.0720000000000673),
 .UNSPECIFIED.);
#161=B_SPLINE_SURFACE_WITH_KNOTS('',3,1,((#2497,#2498),(#2499,#2500),(#2501,
#2502),(#2503,#2504),(#2505,#2506)),.UNSPECIFIED.,.F.,.F.,.F.,(4,1,4),(2,
2),(0.,0.0141523665428179,0.0359012213083885),(0.,0.0720000000000025),
 .UNSPECIFIED.);
#162=B_SPLINE_SURFACE_WITH_KNOTS('',3,1,((#2520,#2521),(#2522,#2523),(#2524,
#2525),(#2526,#2527),(#2528,#2529)),.UNSPECIFIED.,.F.,.F.,.F.,(4,1,4),(2,
2),(0.,0.0143357353851199,0.029693260170029),(0.,0.072000000000021),
 .UNSPECIFIED.);
#163=B_SPLINE_SURFACE_WITH_KNOTS('',3,1,((#2543,#2544),(#2545,#2546),(#2547,
#2548),(#2549,#2550),(#2551,#2552)),.UNSPECIFIED.,.F.,.F.,.F.,(4,1,4),(2,
2),(0.,0.0165817748280268,0.0311604568288567),(0.,0.0720000000000407),
 .UNSPECIFIED.);
#164=B_SPLINE_SURFACE_WITH_KNOTS('',3,1,((#2566,#2567),(#2568,#2569),(#2570,
#2571),(#2572,#2573),(#2574,#2575)),.UNSPECIFIED.,.F.,.F.,.F.,(4,1,4),(2,
2),(0.,0.0189117406634004,0.036921149136883),(0.,0.0720000000001141),
 .UNSPECIFIED.);
#165=B_SPLINE_SURFACE_WITH_KNOTS('',3,1,((#2589,#2590),(#2591,#2592),(#2593,
#2594),(#2595,#2596),(#2597,#2598)),.UNSPECIFIED.,.F.,.F.,.F.,(4,1,4),(2,
2),(0.,0.0397207307101044,0.0806172110933578),(0.,0.0720000000000216),
 .UNSPECIFIED.);
#166=B_SPLINE_SURFACE_WITH_KNOTS('',3,1,((#2634,#2635),(#2636,#2637),(#2638,
#2639),(#2640,#2641),(#2642,#2643)),.UNSPECIFIED.,.F.,.F.,.F.,(4,1,4),(2,
2),(0.,0.0232616401140133,0.0475190477005409),(0.,0.0720000000000178),
 .UNSPECIFIED.);
#167=B_SPLINE_SURFACE_WITH_KNOTS('',3,1,((#2660,#2661),(#2662,#2663),(#2664,
#2665),(#2666,#2667),(#2668,#2669)),.UNSPECIFIED.,.F.,.F.,.F.,(4,1,4),(2,
2),(0.,0.0246740590084388,0.0483463243666629),(0.,0.0720000000000087),
 .UNSPECIFIED.);
#168=B_SPLINE_SURFACE_WITH_KNOTS('',3,1,((#2683,#2684),(#2685,#2686),(#2687,
#2688),(#2689,#2690),(#2691,#2692)),.UNSPECIFIED.,.F.,.F.,.F.,(4,1,4),(2,
2),(0.,0.0352750931789533,0.0637680784847729),(0.,0.0720000000000193),
 .UNSPECIFIED.);
#169=B_SPLINE_SURFACE_WITH_KNOTS('',3,1,((#2706,#2707),(#2708,#2709),(#2710,
#2711),(#2712,#2713),(#2714,#2715)),.UNSPECIFIED.,.F.,.F.,.F.,(4,1,4),(2,
2),(0.,0.028280104978402,0.0647551685393341),(0.,0.0720000000000169),
 .UNSPECIFIED.);
#170=B_SPLINE_SURFACE_WITH_KNOTS('',3,1,((#2729,#2730),(#2731,#2732),(#2733,
#2734),(#2735,#2736),(#2737,#2738)),.UNSPECIFIED.,.F.,.F.,.F.,(4,1,4),(2,
2),(0.,0.0238296708060642,0.0479670510260046),(0.,0.072000000000047),
 .UNSPECIFIED.);
#171=B_SPLINE_SURFACE_WITH_KNOTS('',3,1,((#2752,#2753),(#2754,#2755),(#2756,
#2757),(#2758,#2759),(#2760,#2761)),.UNSPECIFIED.,.F.,.F.,.F.,(4,1,4),(2,
2),(0.,0.0241493299431209,0.0480895805984969),(0.,0.0720000000000804),
 .UNSPECIFIED.);
#172=B_SPLINE_SURFACE_WITH_KNOTS('',3,1,((#2775,#2776),(#2777,#2778),(#2779,
#2780),(#2781,#2782),(#2783,#2784)),.UNSPECIFIED.,.F.,.F.,.F.,(4,1,4),(2,
2),(0.,0.0372313483101297,0.0656702787012294),(0.,0.0719999999999827),
 .UNSPECIFIED.);
#173=B_SPLINE_SURFACE_WITH_KNOTS('',3,1,((#2798,#2799),(#2800,#2801),(#2802,
#2803),(#2804,#2805),(#2806,#2807)),.UNSPECIFIED.,.F.,.F.,.F.,(4,1,4),(2,
2),(0.,0.0278711185013203,0.0625686814721702),(0.,0.0720000000000621),
 .UNSPECIFIED.);
#174=B_SPLINE_SURFACE_WITH_KNOTS('',3,1,((#2818,#2819),(#2820,#2821),(#2822,
#2823),(#2824,#2825),(#2826,#2827)),.UNSPECIFIED.,.F.,.F.,.F.,(4,1,4),(2,
2),(0.,0.0354209651385065,0.0660845341365401),(0.,0.0720000000001727),
 .UNSPECIFIED.);
#175=B_SPLINE_SURFACE_WITH_KNOTS('',3,1,((#2844,#2845),(#2846,#2847),(#2848,
#2849),(#2850,#2851),(#2852,#2853)),.UNSPECIFIED.,.F.,.F.,.F.,(4,1,4),(2,
2),(0.,0.0265620907740675,0.0568510416922788),(0.,0.0720000000000285),
 .UNSPECIFIED.);
#176=B_SPLINE_SURFACE_WITH_KNOTS('',3,1,((#2867,#2868),(#2869,#2870),(#2871,
#2872),(#2873,#2874),(#2875,#2876)),.UNSPECIFIED.,.F.,.F.,.F.,(4,1,4),(2,
2),(0.,0.0232190211128909,0.0474891848002687),(0.,0.07200000000006),
 .UNSPECIFIED.);
#177=B_SPLINE_SURFACE_WITH_KNOTS('',3,1,((#2890,#2891),(#2892,#2893),(#2894,
#2895),(#2896,#2897),(#2898,#2899)),.UNSPECIFIED.,.F.,.F.,.F.,(4,1,4),(2,
2),(0.,0.0434106728950764,0.0729620682825106),(0.,0.0719999999999742),
 .UNSPECIFIED.);
#178=B_SPLINE_SURFACE_WITH_KNOTS('',3,1,((#2931,#2932),(#2933,#2934),(#2935,
#2936),(#2937,#2938),(#2939,#2940)),.UNSPECIFIED.,.F.,.F.,.F.,(4,1,4),(2,
2),(0.,0.035946700110454,0.0726553520941363),(0.,0.0720000000000473),
 .UNSPECIFIED.);
#179=B_SPLINE_SURFACE_WITH_KNOTS('',3,1,((#2954,#2955),(#2956,#2957),(#2958,
#2959),(#2960,#2961),(#2962,#2963)),.UNSPECIFIED.,.F.,.F.,.F.,(4,1,4),(2,
2),(0.,0.025683758210019,0.0529324001146261),(0.,0.0720000000000318),
 .UNSPECIFIED.);
#180=B_SPLINE_SURFACE_WITH_KNOTS('',3,1,((#2977,#2978),(#2979,#2980),(#2981,
#2982),(#2983,#2984),(#2985,#2986)),.UNSPECIFIED.,.F.,.F.,.F.,(4,1,4),(2,
2),(0.,0.0271295608004707,0.0526894071145802),(0.,0.0720000000000584),
 .UNSPECIFIED.);
#181=B_SPLINE_SURFACE_WITH_KNOTS('',3,1,((#3000,#3001),(#3002,#3003),(#3004,
#3005),(#3006,#3007),(#3008,#3009)),.UNSPECIFIED.,.F.,.F.,.F.,(4,1,4),(2,
2),(0.,0.0300094340049001,0.0587008505407618),(0.,0.0720000000000635),
 .UNSPECIFIED.);
#182=B_SPLINE_SURFACE_WITH_KNOTS('',3,1,((#3023,#3024),(#3025,#3026),(#3027,
#3028),(#3029,#3030),(#3031,#3032)),.UNSPECIFIED.,.F.,.F.,.F.,(4,1,4),(2,
2),(0.,0.0400428480993912,0.082491159610931),(0.,0.0720000000000158),
 .UNSPECIFIED.);
#183=B_SPLINE_SURFACE_WITH_KNOTS('',3,1,((#3046,#3047),(#3048,#3049),(#3050,
#3051),(#3052,#3053),(#3054,#3055)),.UNSPECIFIED.,.F.,.F.,.F.,(4,1,4),(2,
2),(0.,0.0405645746708204,0.0788460364669761),(0.,0.0720000000002535),
 .UNSPECIFIED.);
#184=B_SPLINE_SURFACE_WITH_KNOTS('',3,1,((#3069,#3070),(#3071,#3072),(#3073,
#3074),(#3075,#3076),(#3077,#3078)),.UNSPECIFIED.,.F.,.F.,.F.,(4,1,4),(2,
2),(0.,0.0345010808399879,0.0683065844031565),(0.,0.0720000000000027),
 .UNSPECIFIED.);
#185=B_SPLINE_SURFACE_WITH_KNOTS('',3,1,((#3092,#3093),(#3094,#3095),(#3096,
#3097),(#3098,#3099),(#3100,#3101)),.UNSPECIFIED.,.F.,.F.,.F.,(4,1,4),(2,
2),(0.,0.0175710915145278,0.0474024456872554),(0.,0.0720000000000136),
 .UNSPECIFIED.);
#186=B_SPLINE_SURFACE_WITH_KNOTS('',3,1,((#3115,#3116),(#3117,#3118),(#3119,
#3120),(#3121,#3122),(#3123,#3124)),.UNSPECIFIED.,.F.,.F.,.F.,(4,1,4),(2,
2),(0.,0.0169355950070575,0.0348048698696309),(0.,0.072000000000085),
 .UNSPECIFIED.);
#187=B_SPLINE_SURFACE_WITH_KNOTS('',3,1,((#3138,#3139),(#3140,#3141),(#3142,
#3143),(#3144,#3145),(#3146,#3147)),.UNSPECIFIED.,.F.,.F.,.F.,(4,1,4),(2,
2),(0.,0.0228076125933482,0.0413059764457488),(0.,0.072000000000068),
 .UNSPECIFIED.);
#188=B_SPLINE_SURFACE_WITH_KNOTS('',3,1,((#3161,#3162),(#3163,#3164),(#3165,
#3166),(#3167,#3168),(#3169,#3170)),.UNSPECIFIED.,.F.,.F.,.F.,(4,1,4),(2,
2),(0.,0.0179415634365852,0.0393263390525714),(0.,0.0719999999999729),
 .UNSPECIFIED.);
#189=B_SPLINE_SURFACE_WITH_KNOTS('',3,1,((#3184,#3185),(#3186,#3187),(#3188,
#3189),(#3190,#3191),(#3192,#3193)),.UNSPECIFIED.,.F.,.F.,.F.,(4,1,4),(2,
2),(0.,0.0149407962955936,0.0277598260758076),(0.,0.0720000000000351),
 .UNSPECIFIED.);
#190=B_SPLINE_SURFACE_WITH_KNOTS('',3,1,((#3213,#3214),(#3215,#3216),(#3217,
#3218),(#3219,#3220),(#3221,#3222)),.UNSPECIFIED.,.F.,.F.,.F.,(4,1,4),(2,
2),(0.,0.0281488742887723,0.0593615289995499),(0.,0.0720000000000389),
 .UNSPECIFIED.);
#191=B_SPLINE_SURFACE_WITH_KNOTS('',3,1,((#3243,#3244),(#3245,#3246),(#3247,
#3248),(#3249,#3250),(#3251,#3252)),.UNSPECIFIED.,.F.,.F.,.F.,(4,1,4),(2,
2),(0.,0.0223553528290695,0.0514122619461149),(0.,0.0720000000000836),
 .UNSPECIFIED.);
#192=B_SPLINE_SURFACE_WITH_KNOTS('',3,1,((#3266,#3267),(#3268,#3269),(#3270,
#3271),(#3272,#3273),(#3274,#3275)),.UNSPECIFIED.,.F.,.F.,.F.,(4,1,4),(2,
2),(0.,0.0197754919672479,0.039257103570164),(0.,0.0720000000000086),
 .UNSPECIFIED.);
#193=B_SPLINE_SURFACE_WITH_KNOTS('',3,1,((#3289,#3290),(#3291,#3292),(#3293,
#3294),(#3295,#3296),(#3297,#3298)),.UNSPECIFIED.,.F.,.F.,.F.,(4,1,4),(2,
2),(0.,0.0143068680184358,0.028465882355095),(0.,0.0720000000000166),
 .UNSPECIFIED.);
#194=B_SPLINE_SURFACE_WITH_KNOTS('',3,1,((#3312,#3313),(#3314,#3315),(#3316,
#3317),(#3318,#3319),(#3320,#3321)),.UNSPECIFIED.,.F.,.F.,.F.,(4,1,4),(2,
2),(0.,0.0153846938602958,0.0298663851145882),(0.,0.0720000000000182),
 .UNSPECIFIED.);
#195=B_SPLINE_SURFACE_WITH_KNOTS('',3,1,((#3335,#3336),(#3337,#3338),(#3339,
#3340),(#3341,#3342),(#3343,#3344)),.UNSPECIFIED.,.F.,.F.,.F.,(4,1,4),(2,
2),(0.,0.0242889671231892,0.0430670480873012),(0.,0.0720000000000961),
 .UNSPECIFIED.);
#196=B_SPLINE_SURFACE_WITH_KNOTS('',3,1,((#3382,#3383),(#3384,#3385),(#3386,
#3387),(#3388,#3389),(#3390,#3391)),.UNSPECIFIED.,.F.,.F.,.F.,(4,1,4),(2,
2),(0.,0.00896637111268175,0.0221704088265923),(0.,0.0720000000000298),
 .UNSPECIFIED.);
#197=B_SPLINE_SURFACE_WITH_KNOTS('',3,1,((#3405,#3406),(#3407,#3408),(#3409,
#3410),(#3411,#3412),(#3413,#3414)),.UNSPECIFIED.,.F.,.F.,.F.,(4,1,4),(2,
2),(0.,0.0101421157846683,0.0197684391897424),(0.,0.0720000000000246),
 .UNSPECIFIED.);
#198=B_SPLINE_SURFACE_WITH_KNOTS('',3,1,((#3428,#3429),(#3430,#3431),(#3432,
#3433),(#3434,#3435),(#3436,#3437)),.UNSPECIFIED.,.F.,.F.,.F.,(4,1,4),(2,
2),(0.,0.0162043718550252,0.0285977728224165),(0.,0.0720000000001094),
 .UNSPECIFIED.);
#199=B_SPLINE_SURFACE_WITH_KNOTS('',3,1,((#3451,#3452),(#3453,#3454),(#3455,
#3456),(#3457,#3458),(#3459,#3460)),.UNSPECIFIED.,.F.,.F.,.F.,(4,1,4),(2,
2),(0.,0.0286336500988685,0.0503065033758485),(0.,0.0720000000000975),
 .UNSPECIFIED.);
#200=B_SPLINE_SURFACE_WITH_KNOTS('',3,1,((#3492,#3493),(#3494,#3495),(#3496,
#3497),(#3498,#3499),(#3500,#3501)),.UNSPECIFIED.,.F.,.F.,.F.,(4,1,4),(2,
2),(0.,0.0246821704724695,0.0518502565055315),(0.,0.0720000000001171),
 .UNSPECIFIED.);
#201=B_SPLINE_SURFACE_WITH_KNOTS('',3,1,((#3515,#3516),(#3517,#3518),(#3519,
#3520),(#3521,#3522),(#3523,#3524)),.UNSPECIFIED.,.F.,.F.,.F.,(4,1,4),(2,
2),(0.,0.0157726103678346,0.0282867659013),(0.,0.0720000000000383),
 .UNSPECIFIED.);
#202=B_SPLINE_SURFACE_WITH_KNOTS('',3,1,((#3538,#3539),(#3540,#3541),(#3542,
#3543),(#3544,#3545),(#3546,#3547)),.UNSPECIFIED.,.F.,.F.,.F.,(4,1,4),(2,
2),(0.,0.0318135640659888,0.0706542019791804),(0.,0.072000000000123),
 .UNSPECIFIED.);
#203=B_SPLINE_SURFACE_WITH_KNOTS('',3,1,((#3561,#3562),(#3563,#3564),(#3565,
#3566),(#3567,#3568),(#3569,#3570)),.UNSPECIFIED.,.F.,.F.,.F.,(4,1,4),(2,
2),(0.,0.0298671461086213,0.058777427480698),(0.,0.0720000000000283),
 .UNSPECIFIED.);
#204=B_SPLINE_SURFACE_WITH_KNOTS('',3,1,((#3584,#3585),(#3586,#3587),(#3588,
#3589),(#3590,#3591),(#3592,#3593)),.UNSPECIFIED.,.F.,.F.,.F.,(4,1,4),(2,
2),(0.,0.0234849984133621,0.0473765902848934),(0.,0.0720000000000868),
 .UNSPECIFIED.);
#205=B_SPLINE_SURFACE_WITH_KNOTS('',3,1,((#3607,#3608),(#3609,#3610),(#3611,
#3612),(#3613,#3614),(#3615,#3616)),.UNSPECIFIED.,.F.,.F.,.F.,(4,1,4),(2,
2),(0.,0.0218121315836822,0.0444699081754168),(0.,0.0719999999999521),
 .UNSPECIFIED.);
#206=B_SPLINE_SURFACE_WITH_KNOTS('',3,1,((#3630,#3631),(#3632,#3633),(#3634,
#3635),(#3636,#3637),(#3638,#3639)),.UNSPECIFIED.,.F.,.F.,.F.,(4,1,4),(2,
2),(0.,0.0353594013155928,0.0617651074251899),(0.,0.0720000000000956),
 .UNSPECIFIED.);
#207=B_SPLINE_SURFACE_WITH_KNOTS('',3,3,((#3752,#3753,#3754,#3755,#3756,
#3757,#3758,#3759,#3760,#3761,#3762,#3763,#3764,#3765,#3766,#3767,#3768),
(#3769,#3770,#3771,#3772,#3773,#3774,#3775,#3776,#3777,#3778,#3779,#3780,
#3781,#3782,#3783,#3784,#3785),(#3786,#3787,#3788,#3789,#3790,#3791,#3792,
#3793,#3794,#3795,#3796,#3797,#3798,#3799,#3800,#3801,#3802),(#3803,#3804,
#3805,#3806,#3807,#3808,#3809,#3810,#3811,#3812,#3813,#3814,#3815,#3816,
#3817,#3818,#3819),(#3820,#3821,#3822,#3823,#3824,#3825,#3826,#3827,#3828,
#3829,#3830,#3831,#3832,#3833,#3834,#3835,#3836),(#3837,#3838,#3839,#3840,
#3841,#3842,#3843,#3844,#3845,#3846,#3847,#3848,#3849,#3850,#3851,#3852,
#3853),(#3854,#3855,#3856,#3857,#3858,#3859,#3860,#3861,#3862,#3863,#3864,
#3865,#3866,#3867,#3868,#3869,#3870),(#3871,#3872,#3873,#3874,#3875,#3876,
#3877,#3878,#3879,#3880,#3881,#3882,#3883,#3884,#3885,#3886,#3887),(#3888,
#3889,#3890,#3891,#3892,#3893,#3894,#3895,#3896,#3897,#3898,#3899,#3900,
#3901,#3902,#3903,#3904),(#3905,#3906,#3907,#3908,#3909,#3910,#3911,#3912,
#3913,#3914,#3915,#3916,#3917,#3918,#3919,#3920,#3921),(#3922,#3923,#3924,
#3925,#3926,#3927,#3928,#3929,#3930,#3931,#3932,#3933,#3934,#3935,#3936,
#3937,#3938),(#3939,#3940,#3941,#3942,#3943,#3944,#3945,#3946,#3947,#3948,
#3949,#3950,#3951,#3952,#3953,#3954,#3955),(#3956,#3957,#3958,#3959,#3960,
#3961,#3962,#3963,#3964,#3965,#3966,#3967,#3968,#3969,#3970,#3971,#3972)),
 .UNSPECIFIED.,.F.,.F.,.F.,(4,2,2,1,2,2,4),(4,2,2,1,1,1,1,1,1,1,1,1,4),
(0.,0.249999999999999,0.499999999999999,1.,1.5,1.75,2.),(0.,0.25,0.5,1.,
2.,3.,4.,5.,6.,7.,8.,9.,10.),.UNSPECIFIED.);
#208=B_SPLINE_SURFACE_WITH_KNOTS('',3,3,((#4018,#4019,#4020,#4021,#4022,
#4023,#4024,#4025,#4026,#4027,#4028,#4029,#4030,#4031,#4032,#4033,#4034,
#4035,#4036),(#4037,#4038,#4039,#4040,#4041,#4042,#4043,#4044,#4045,#4046,
#4047,#4048,#4049,#4050,#4051,#4052,#4053,#4054,#4055),(#4056,#4057,#4058,
#4059,#4060,#4061,#4062,#4063,#4064,#4065,#4066,#4067,#4068,#4069,#4070,
#4071,#4072,#4073,#4074),(#4075,#4076,#4077,#4078,#4079,#4080,#4081,#4082,
#4083,#4084,#4085,#4086,#4087,#4088,#4089,#4090,#4091,#4092,#4093),(#4094,
#4095,#4096,#4097,#4098,#4099,#4100,#4101,#4102,#4103,#4104,#4105,#4106,
#4107,#4108,#4109,#4110,#4111,#4112),(#4113,#4114,#4115,#4116,#4117,#4118,
#4119,#4120,#4121,#4122,#4123,#4124,#4125,#4126,#4127,#4128,#4129,#4130,
#4131),(#4132,#4133,#4134,#4135,#4136,#4137,#4138,#4139,#4140,#4141,#4142,
#4143,#4144,#4145,#4146,#4147,#4148,#4149,#4150),(#4151,#4152,#4153,#4154,
#4155,#4156,#4157,#4158,#4159,#4160,#4161,#4162,#4163,#4164,#4165,#4166,
#4167,#4168,#4169),(#4170,#4171,#4172,#4173,#4174,#4175,#4176,#4177,#4178,
#4179,#4180,#4181,#4182,#4183,#4184,#4185,#4186,#4187,#4188),(#4189,#4190,
#4191,#4192,#4193,#4194,#4195,#4196,#4197,#4198,#4199,#4200,#4201,#4202,
#4203,#4204,#4205,#4206,#4207),(#4208,#4209,#4210,#4211,#4212,#4213,#4214,
#4215,#4216,#4217,#4218,#4219,#4220,#4221,#4222,#4223,#4224,#4225,#4226),
(#4227,#4228,#4229,#4230,#4231,#4232,#4233,#4234,#4235,#4236,#4237,#4238,
#4239,#4240,#4241,#4242,#4243,#4244,#4245),(#4246,#4247,#4248,#4249,#4250,
#4251,#4252,#4253,#4254,#4255,#4256,#4257,#4258,#4259,#4260,#4261,#4262,
#4263,#4264),(#4265,#4266,#4267,#4268,#4269,#4270,#4271,#4272,#4273,#4274,
#4275,#4276,#4277,#4278,#4279,#4280,#4281,#4282,#4283),(#4284,#4285,#4286,
#4287,#4288,#4289,#4290,#4291,#4292,#4293,#4294,#4295,#4296,#4297,#4298,
#4299,#4300,#4301,#4302),(#4303,#4304,#4305,#4306,#4307,#4308,#4309,#4310,
#4311,#4312,#4313,#4314,#4315,#4316,#4317,#4318,#4319,#4320,#4321),(#4322,
#4323,#4324,#4325,#4326,#4327,#4328,#4329,#4330,#4331,#4332,#4333,#4334,
#4335,#4336,#4337,#4338,#4339,#4340)),.UNSPECIFIED.,.F.,.F.,.F.,(4,1,1,
1,1,1,1,1,1,1,2,2,4),(4,2,2,1,1,1,1,1,1,1,2,2,4),(0.,1.,2.,3.,4.,5.,6.,
7.,8.,9.,9.5,9.75,10.),(0.,0.25,0.5,1.,2.,3.,4.,5.,6.,7.,7.5,7.75,8.),
 .UNSPECIFIED.);
#209=B_SPLINE_SURFACE_WITH_KNOTS('',3,3,((#4803,#4804,#4805,#4806,#4807,
#4808,#4809,#4810,#4811,#4812,#4813,#4814,#4815,#4816,#4817,#4818,#4819,
#4820,#4821),(#4822,#4823,#4824,#4825,#4826,#4827,#4828,#4829,#4830,#4831,
#4832,#4833,#4834,#4835,#4836,#4837,#4838,#4839,#4840),(#4841,#4842,#4843,
#4844,#4845,#4846,#4847,#4848,#4849,#4850,#4851,#4852,#4853,#4854,#4855,
#4856,#4857,#4858,#4859),(#4860,#4861,#4862,#4863,#4864,#4865,#4866,#4867,
#4868,#4869,#4870,#4871,#4872,#4873,#4874,#4875,#4876,#4877,#4878),(#4879,
#4880,#4881,#4882,#4883,#4884,#4885,#4886,#4887,#4888,#4889,#4890,#4891,
#4892,#4893,#4894,#4895,#4896,#4897),(#4898,#4899,#4900,#4901,#4902,#4903,
#4904,#4905,#4906,#4907,#4908,#4909,#4910,#4911,#4912,#4913,#4914,#4915,
#4916),(#4917,#4918,#4919,#4920,#4921,#4922,#4923,#4924,#4925,#4926,#4927,
#4928,#4929,#4930,#4931,#4932,#4933,#4934,#4935),(#4936,#4937,#4938,#4939,
#4940,#4941,#4942,#4943,#4944,#4945,#4946,#4947,#4948,#4949,#4950,#4951,
#4952,#4953,#4954),(#4955,#4956,#4957,#4958,#4959,#4960,#4961,#4962,#4963,
#4964,#4965,#4966,#4967,#4968,#4969,#4970,#4971,#4972,#4973),(#4974,#4975,
#4976,#4977,#4978,#4979,#4980,#4981,#4982,#4983,#4984,#4985,#4986,#4987,
#4988,#4989,#4990,#4991,#4992),(#4993,#4994,#4995,#4996,#4997,#4998,#4999,
#5000,#5001,#5002,#5003,#5004,#5005,#5006,#5007,#5008,#5009,#5010,#5011),
(#5012,#5013,#5014,#5015,#5016,#5017,#5018,#5019,#5020,#5021,#5022,#5023,
#5024,#5025,#5026,#5027,#5028,#5029,#5030),(#5031,#5032,#5033,#5034,#5035,
#5036,#5037,#5038,#5039,#5040,#5041,#5042,#5043,#5044,#5045,#5046,#5047,
#5048,#5049)),.UNSPECIFIED.,.F.,.F.,.F.,(4,2,2,1,2,2,4),(4,2,2,1,1,1,1,
1,1,1,2,2,4),(0.,0.25,0.5,1.,1.5,1.75,2.),(0.,0.25,0.5,1.,2.,3.,4.,5.,6.,
7.,7.5,7.75,8.),.UNSPECIFIED.);
#210=B_SPLINE_SURFACE_WITH_KNOTS('',3,3,((#5149,#5150,#5151,#5152,#5153,
#5154,#5155,#5156,#5157,#5158,#5159,#5160,#5161,#5162,#5163,#5164,#5165,
#5166,#5167),(#5168,#5169,#5170,#5171,#5172,#5173,#5174,#5175,#5176,#5177,
#5178,#5179,#5180,#5181,#5182,#5183,#5184,#5185,#5186),(#5187,#5188,#5189,
#5190,#5191,#5192,#5193,#5194,#5195,#5196,#5197,#5198,#5199,#5200,#5201,
#5202,#5203,#5204,#5205),(#5206,#5207,#5208,#5209,#5210,#5211,#5212,#5213,
#5214,#5215,#5216,#5217,#5218,#5219,#5220,#5221,#5222,#5223,#5224),(#5225,
#5226,#5227,#5228,#5229,#5230,#5231,#5232,#5233,#5234,#5235,#5236,#5237,
#5238,#5239,#5240,#5241,#5242,#5243),(#5244,#5245,#5246,#5247,#5248,#5249,
#5250,#5251,#5252,#5253,#5254,#5255,#5256,#5257,#5258,#5259,#5260,#5261,
#5262),(#5263,#5264,#5265,#5266,#5267,#5268,#5269,#5270,#5271,#5272,#5273,
#5274,#5275,#5276,#5277,#5278,#5279,#5280,#5281),(#5282,#5283,#5284,#5285,
#5286,#5287,#5288,#5289,#5290,#5291,#5292,#5293,#5294,#5295,#5296,#5297,
#5298,#5299,#5300),(#5301,#5302,#5303,#5304,#5305,#5306,#5307,#5308,#5309,
#5310,#5311,#5312,#5313,#5314,#5315,#5316,#5317,#5318,#5319),(#5320,#5321,
#5322,#5323,#5324,#5325,#5326,#5327,#5328,#5329,#5330,#5331,#5332,#5333,
#5334,#5335,#5336,#5337,#5338),(#5339,#5340,#5341,#5342,#5343,#5344,#5345,
#5346,#5347,#5348,#5349,#5350,#5351,#5352,#5353,#5354,#5355,#5356,#5357),
(#5358,#5359,#5360,#5361,#5362,#5363,#5364,#5365,#5366,#5367,#5368,#5369,
#5370,#5371,#5372,#5373,#5374,#5375,#5376),(#5377,#5378,#5379,#5380,#5381,
#5382,#5383,#5384,#5385,#5386,#5387,#5388,#5389,#5390,#5391,#5392,#5393,
#5394,#5395),(#5396,#5397,#5398,#5399,#5400,#5401,#5402,#5403,#5404,#5405,
#5406,#5407,#5408,#5409,#5410,#5411,#5412,#5413,#5414),(#5415,#5416,#5417,
#5418,#5419,#5420,#5421,#5422,#5423,#5424,#5425,#5426,#5427,#5428,#5429,
#5430,#5431,#5432,#5433),(#5434,#5435,#5436,#5437,#5438,#5439,#5440,#5441,
#5442,#5443,#5444,#5445,#5446,#5447,#5448,#5449,#5450,#5451,#5452),(#5453,
#5454,#5455,#5456,#5457,#5458,#5459,#5460,#5461,#5462,#5463,#5464,#5465,
#5466,#5467,#5468,#5469,#5470,#5471)),.UNSPECIFIED.,.F.,.F.,.F.,(4,2,2,
1,1,1,1,1,1,1,1,1,4),(4,2,2,1,1,1,1,1,1,1,2,2,4),(0.,0.25,0.5,1.,2.,3.,
4.,5.,6.,7.,8.,9.,10.),(0.,0.25,0.5,1.,2.,3.,4.,5.,6.,7.,7.5,7.75,8.),
 .UNSPECIFIED.);
#211=FACE_OUTER_BOUND('',#315,.T.);
#212=FACE_OUTER_BOUND('',#316,.T.);
#213=FACE_OUTER_BOUND('',#317,.T.);
#214=FACE_OUTER_BOUND('',#318,.T.);
#215=FACE_OUTER_BOUND('',#319,.T.);
#216=FACE_OUTER_BOUND('',#320,.T.);
#217=FACE_OUTER_BOUND('',#321,.T.);
#218=FACE_OUTER_BOUND('',#322,.T.);
#219=FACE_OUTER_BOUND('',#323,.T.);
#220=FACE_OUTER_BOUND('',#324,.T.);
#221=FACE_OUTER_BOUND('',#325,.T.);
#222=FACE_OUTER_BOUND('',#326,.T.);
#223=FACE_OUTER_BOUND('',#327,.T.);
#224=FACE_OUTER_BOUND('',#328,.T.);
#225=FACE_OUTER_BOUND('',#329,.T.);
#226=FACE_OUTER_BOUND('',#330,.T.);
#227=FACE_OUTER_BOUND('',#331,.T.);
#228=FACE_OUTER_BOUND('',#332,.T.);
#229=FACE_OUTER_BOUND('',#333,.T.);
#230=FACE_OUTER_BOUND('',#334,.T.);
#231=FACE_OUTER_BOUND('',#335,.T.);
#232=FACE_OUTER_BOUND('',#336,.T.);
#233=FACE_OUTER_BOUND('',#337,.T.);
#234=FACE_OUTER_BOUND('',#338,.T.);
#235=FACE_OUTER_BOUND('',#339,.T.);
#236=FACE_OUTER_BOUND('',#340,.T.);
#237=FACE_OUTER_BOUND('',#341,.T.);
#238=FACE_OUTER_BOUND('',#342,.T.);
#239=FACE_OUTER_BOUND('',#343,.T.);
#240=FACE_OUTER_BOUND('',#344,.T.);
#241=FACE_OUTER_BOUND('',#345,.T.);
#242=FACE_OUTER_BOUND('',#346,.T.);
#243=FACE_OUTER_BOUND('',#347,.T.);
#244=FACE_OUTER_BOUND('',#348,.T.);
#245=FACE_OUTER_BOUND('',#349,.T.);
#246=FACE_OUTER_BOUND('',#350,.T.);
#247=FACE_OUTER_BOUND('',#351,.T.);
#248=FACE_OUTER_BOUND('',#352,.T.);
#249=FACE_OUTER_BOUND('',#353,.T.);
#250=FACE_OUTER_BOUND('',#354,.T.);
#251=FACE_OUTER_BOUND('',#355,.T.);
#252=FACE_OUTER_BOUND('',#356,.T.);
#253=FACE_OUTER_BOUND('',#357,.T.);
#254=FACE_OUTER_BOUND('',#358,.T.);
#255=FACE_OUTER_BOUND('',#359,.T.);
#256=FACE_OUTER_BOUND('',#360,.T.);
#257=FACE_OUTER_BOUND('',#361,.T.);
#258=FACE_OUTER_BOUND('',#362,.T.);
#259=FACE_OUTER_BOUND('',#363,.T.);
#260=FACE_OUTER_BOUND('',#364,.T.);
#261=FACE_OUTER_BOUND('',#365,.T.);
#262=FACE_OUTER_BOUND('',#366,.T.);
#263=FACE_OUTER_BOUND('',#367,.T.);
#264=FACE_OUTER_BOUND('',#368,.T.);
#265=FACE_OUTER_BOUND('',#369,.T.);
#266=FACE_OUTER_BOUND('',#370,.T.);
#267=FACE_OUTER_BOUND('',#371,.T.);
#268=FACE_OUTER_BOUND('',#372,.T.);
#269=FACE_OUTER_BOUND('',#373,.T.);
#270=FACE_OUTER_BOUND('',#375,.T.);
#271=FACE_OUTER_BOUND('',#376,.T.);
#272=FACE_OUTER_BOUND('',#377,.T.);
#273=FACE_OUTER_BOUND('',#378,.T.);
#274=FACE_OUTER_BOUND('',#379,.T.);
#275=FACE_OUTER_BOUND('',#380,.T.);
#276=FACE_OUTER_BOUND('',#381,.T.);
#277=FACE_OUTER_BOUND('',#382,.T.);
#278=FACE_OUTER_BOUND('',#383,.T.);
#279=FACE_OUTER_BOUND('',#384,.T.);
#280=FACE_OUTER_BOUND('',#385,.T.);
#281=FACE_OUTER_BOUND('',#386,.T.);
#282=FACE_OUTER_BOUND('',#387,.T.);
#283=FACE_OUTER_BOUND('',#388,.T.);
#284=FACE_OUTER_BOUND('',#389,.T.);
#285=FACE_OUTER_BOUND('',#390,.T.);
#286=FACE_OUTER_BOUND('',#391,.T.);
#287=FACE_OUTER_BOUND('',#392,.T.);
#288=FACE_OUTER_BOUND('',#393,.T.);
#289=FACE_OUTER_BOUND('',#394,.T.);
#290=FACE_OUTER_BOUND('',#395,.T.);
#291=FACE_OUTER_BOUND('',#396,.T.);
#292=FACE_OUTER_BOUND('',#397,.T.);
#293=FACE_OUTER_BOUND('',#398,.T.);
#294=FACE_OUTER_BOUND('',#399,.T.);
#295=FACE_OUTER_BOUND('',#400,.T.);
#296=FACE_OUTER_BOUND('',#401,.T.);
#297=FACE_OUTER_BOUND('',#402,.T.);
#298=FACE_OUTER_BOUND('',#404,.T.);
#299=FACE_OUTER_BOUND('',#413,.T.);
#300=FACE_OUTER_BOUND('',#414,.T.);
#301=FACE_OUTER_BOUND('',#415,.T.);
#302=FACE_OUTER_BOUND('',#416,.T.);
#303=FACE_OUTER_BOUND('',#420,.T.);
#304=FACE_OUTER_BOUND('',#421,.T.);
#305=FACE_OUTER_BOUND('',#422,.T.);
#306=FACE_OUTER_BOUND('',#423,.T.);
#307=FACE_OUTER_BOUND('',#424,.T.);
#308=FACE_OUTER_BOUND('',#425,.T.);
#309=FACE_OUTER_BOUND('',#426,.T.);
#310=FACE_OUTER_BOUND('',#427,.T.);
#311=FACE_OUTER_BOUND('',#428,.T.);
#312=FACE_OUTER_BOUND('',#429,.T.);
#313=FACE_OUTER_BOUND('',#430,.T.);
#314=FACE_OUTER_BOUND('',#431,.T.);
#315=EDGE_LOOP('',(#1231,#1232,#1233,#1234));
#316=EDGE_LOOP('',(#1235,#1236,#1237,#1238));
#317=EDGE_LOOP('',(#1239,#1240,#1241,#1242));
#318=EDGE_LOOP('',(#1243,#1244,#1245,#1246));
#319=EDGE_LOOP('',(#1247,#1248,#1249,#1250));
#320=EDGE_LOOP('',(#1251,#1252,#1253,#1254));
#321=EDGE_LOOP('',(#1255,#1256,#1257,#1258));
#322=EDGE_LOOP('',(#1259,#1260,#1261,#1262));
#323=EDGE_LOOP('',(#1263,#1264,#1265,#1266));
#324=EDGE_LOOP('',(#1267,#1268,#1269,#1270));
#325=EDGE_LOOP('',(#1271,#1272,#1273,#1274));
#326=EDGE_LOOP('',(#1275,#1276,#1277,#1278));
#327=EDGE_LOOP('',(#1279,#1280,#1281,#1282));
#328=EDGE_LOOP('',(#1283,#1284,#1285,#1286));
#329=EDGE_LOOP('',(#1287,#1288,#1289,#1290));
#330=EDGE_LOOP('',(#1291,#1292,#1293,#1294));
#331=EDGE_LOOP('',(#1295,#1296,#1297,#1298));
#332=EDGE_LOOP('',(#1299,#1300,#1301,#1302));
#333=EDGE_LOOP('',(#1303,#1304,#1305,#1306));
#334=EDGE_LOOP('',(#1307,#1308,#1309,#1310));
#335=EDGE_LOOP('',(#1311,#1312,#1313,#1314));
#336=EDGE_LOOP('',(#1315,#1316,#1317,#1318));
#337=EDGE_LOOP('',(#1319,#1320,#1321,#1322));
#338=EDGE_LOOP('',(#1323,#1324,#1325,#1326));
#339=EDGE_LOOP('',(#1327,#1328,#1329,#1330));
#340=EDGE_LOOP('',(#1331,#1332,#1333,#1334));
#341=EDGE_LOOP('',(#1335,#1336,#1337,#1338));
#342=EDGE_LOOP('',(#1339,#1340,#1341,#1342));
#343=EDGE_LOOP('',(#1343,#1344,#1345,#1346,#1347,#1348,#1349,#1350,#1351,
#1352,#1353,#1354,#1355,#1356,#1357,#1358,#1359,#1360));
#344=EDGE_LOOP('',(#1361,#1362,#1363,#1364));
#345=EDGE_LOOP('',(#1365,#1366,#1367,#1368));
#346=EDGE_LOOP('',(#1369,#1370,#1371,#1372));
#347=EDGE_LOOP('',(#1373,#1374,#1375,#1376));
#348=EDGE_LOOP('',(#1377,#1378,#1379,#1380));
#349=EDGE_LOOP('',(#1381,#1382,#1383,#1384));
#350=EDGE_LOOP('',(#1385,#1386,#1387,#1388));
#351=EDGE_LOOP('',(#1389,#1390,#1391,#1392));
#352=EDGE_LOOP('',(#1393,#1394,#1395,#1396));
#353=EDGE_LOOP('',(#1397,#1398,#1399,#1400));
#354=EDGE_LOOP('',(#1401,#1402,#1403,#1404));
#355=EDGE_LOOP('',(#1405,#1406,#1407,#1408));
#356=EDGE_LOOP('',(#1409,#1410,#1411,#1412));
#357=EDGE_LOOP('',(#1413,#1414,#1415,#1416));
#358=EDGE_LOOP('',(#1417,#1418,#1419,#1420));
#359=EDGE_LOOP('',(#1421,#1422,#1423,#1424));
#360=EDGE_LOOP('',(#1425,#1426,#1427,#1428));
#361=EDGE_LOOP('',(#1429,#1430,#1431,#1432));
#362=EDGE_LOOP('',(#1433,#1434,#1435,#1436));
#363=EDGE_LOOP('',(#1437,#1438,#1439,#1440));
#364=EDGE_LOOP('',(#1441,#1442,#1443,#1444));
#365=EDGE_LOOP('',(#1445,#1446,#1447,#1448));
#366=EDGE_LOOP('',(#1449,#1450,#1451,#1452));
#367=EDGE_LOOP('',(#1453,#1454,#1455,#1456));
#368=EDGE_LOOP('',(#1457,#1458,#1459,#1460));
#369=EDGE_LOOP('',(#1461,#1462,#1463,#1464));
#370=EDGE_LOOP('',(#1465,#1466,#1467,#1468));
#371=EDGE_LOOP('',(#1469,#1470,#1471,#1472));
#372=EDGE_LOOP('',(#1473,#1474,#1475,#1476));
#373=EDGE_LOOP('',(#1477,#1478,#1479,#1480,#1481,#1482,#1483,#1484,#1485,
#1486,#1487,#1488,#1489,#1490,#1491,#1492,#1493,#1494,#1495,#1496,#1497));
#374=EDGE_LOOP('',(#1498,#1499,#1500,#1501,#1502,#1503,#1504,#1505));
#375=EDGE_LOOP('',(#1506,#1507,#1508,#1509));
#376=EDGE_LOOP('',(#1510,#1511,#1512,#1513));
#377=EDGE_LOOP('',(#1514,#1515,#1516,#1517));
#378=EDGE_LOOP('',(#1518,#1519,#1520,#1521));
#379=EDGE_LOOP('',(#1522,#1523,#1524,#1525));
#380=EDGE_LOOP('',(#1526,#1527,#1528,#1529));
#381=EDGE_LOOP('',(#1530,#1531,#1532,#1533));
#382=EDGE_LOOP('',(#1534,#1535,#1536,#1537));
#383=EDGE_LOOP('',(#1538,#1539,#1540,#1541));
#384=EDGE_LOOP('',(#1542,#1543,#1544,#1545));
#385=EDGE_LOOP('',(#1546,#1547,#1548,#1549));
#386=EDGE_LOOP('',(#1550,#1551,#1552,#1553));
#387=EDGE_LOOP('',(#1554,#1555,#1556,#1557));
#388=EDGE_LOOP('',(#1558,#1559,#1560,#1561));
#389=EDGE_LOOP('',(#1562,#1563,#1564,#1565));
#390=EDGE_LOOP('',(#1566,#1567,#1568,#1569));
#391=EDGE_LOOP('',(#1570,#1571,#1572,#1573));
#392=EDGE_LOOP('',(#1574,#1575,#1576,#1577));
#393=EDGE_LOOP('',(#1578,#1579,#1580,#1581));
#394=EDGE_LOOP('',(#1582,#1583,#1584,#1585));
#395=EDGE_LOOP('',(#1586,#1587,#1588,#1589));
#396=EDGE_LOOP('',(#1590,#1591,#1592,#1593));
#397=EDGE_LOOP('',(#1594,#1595,#1596,#1597));
#398=EDGE_LOOP('',(#1598,#1599,#1600,#1601));
#399=EDGE_LOOP('',(#1602,#1603,#1604,#1605));
#400=EDGE_LOOP('',(#1606,#1607,#1608,#1609));
#401=EDGE_LOOP('',(#1610,#1611,#1612,#1613));
#402=EDGE_LOOP('',(#1614,#1615,#1616,#1617,#1618,#1619,#1620,#1621,#1622,
#1623,#1624,#1625,#1626,#1627,#1628,#1629,#1630,#1631,#1632));
#403=EDGE_LOOP('',(#1633,#1634,#1635,#1636,#1637,#1638,#1639,#1640));
#404=EDGE_LOOP('',(#1641,#1642,#1643,#1644,#1645,#1646));
#405=EDGE_LOOP('',(#1647,#1648,#1649,#1650));
#406=EDGE_LOOP('',(#1651,#1652,#1653,#1654));
#407=EDGE_LOOP('',(#1655,#1656,#1657,#1658,#1659,#1660,#1661,#1662,#1663,
#1664,#1665,#1666,#1667,#1668,#1669,#1670,#1671,#1672));
#408=EDGE_LOOP('',(#1673,#1674,#1675,#1676,#1677,#1678,#1679,#1680,#1681,
#1682,#1683,#1684,#1685,#1686,#1687,#1688,#1689,#1690,#1691,#1692,#1693));
#409=EDGE_LOOP('',(#1694,#1695,#1696,#1697,#1698,#1699,#1700,#1701,#1702,
#1703,#1704,#1705,#1706,#1707,#1708,#1709,#1710,#1711,#1712));
#410=EDGE_LOOP('',(#1713));
#411=EDGE_LOOP('',(#1714));
#412=EDGE_LOOP('',(#1715));
#413=EDGE_LOOP('',(#1716,#1717,#1718,#1719,#1720,#1721,#1722,#1723));
#414=EDGE_LOOP('',(#1724,#1725,#1726,#1727));
#415=EDGE_LOOP('',(#1728,#1729,#1730,#1731));
#416=EDGE_LOOP('',(#1732,#1733,#1734,#1735,#1736,#1737,#1738,#1739,#1740,
#1741));
#417=EDGE_LOOP('',(#1742));
#418=EDGE_LOOP('',(#1743));
#419=EDGE_LOOP('',(#1744));
#420=EDGE_LOOP('',(#1745,#1746,#1747,#1748));
#421=EDGE_LOOP('',(#1749,#1750,#1751,#1752));
#422=EDGE_LOOP('',(#1753,#1754,#1755,#1756));
#423=EDGE_LOOP('',(#1757,#1758,#1759,#1760));
#424=EDGE_LOOP('',(#1761,#1762,#1763,#1764));
#425=EDGE_LOOP('',(#1765,#1766,#1767,#1768,#1769,#1770,#1771,#1772));
#426=EDGE_LOOP('',(#1773,#1774,#1775,#1776));
#427=EDGE_LOOP('',(#1777,#1778,#1779,#1780));
#428=EDGE_LOOP('',(#1781,#1782,#1783,#1784));
#429=EDGE_LOOP('',(#1785,#1786,#1787,#1788));
#430=EDGE_LOOP('',(#1789,#1790,#1791,#1792));
#431=EDGE_LOOP('',(#1793,#1794,#1795,#1796,#1797,#1798,#1799,#1800));
#432=LINE('',#2308,#594);
#433=LINE('',#2310,#595);
#434=LINE('',#2312,#596);
#435=LINE('',#2313,#597);
#436=LINE('',#2316,#598);
#437=LINE('',#2318,#599);
#438=LINE('',#2319,#600);
#439=LINE('',#2322,#601);
#440=LINE('',#2324,#602);
#441=LINE('',#2325,#603);
#442=LINE('',#2327,#604);
#443=LINE('',#2328,#605);
#444=LINE('',#2333,#606);
#445=LINE('',#2335,#607);
#446=LINE('',#2337,#608);
#447=LINE('',#2338,#609);
#448=LINE('',#2341,#610);
#449=LINE('',#2343,#611);
#450=LINE('',#2344,#612);
#451=LINE('',#2347,#613);
#452=LINE('',#2349,#614);
#453=LINE('',#2350,#615);
#454=LINE('',#2352,#616);
#455=LINE('',#2353,#617);
#456=LINE('',#2358,#618);
#457=LINE('',#2360,#619);
#458=LINE('',#2362,#620);
#459=LINE('',#2363,#621);
#460=LINE('',#2381,#622);
#461=LINE('',#2404,#623);
#462=LINE('',#2427,#624);
#463=LINE('',#2450,#625);
#464=LINE('',#2473,#626);
#465=LINE('',#2481,#627);
#466=LINE('',#2483,#628);
#467=LINE('',#2484,#629);
#468=LINE('',#2487,#630);
#469=LINE('',#2489,#631);
#470=LINE('',#2490,#632);
#471=LINE('',#2493,#633);
#472=LINE('',#2495,#634);
#473=LINE('',#2496,#635);
#474=LINE('',#2514,#636);
#475=LINE('',#2537,#637);
#476=LINE('',#2560,#638);
#477=LINE('',#2583,#639);
#478=LINE('',#2606,#640);
#479=LINE('',#2614,#641);
#480=LINE('',#2616,#642);
#481=LINE('',#2617,#643);
#482=LINE('',#2620,#644);
#483=LINE('',#2622,#645);
#484=LINE('',#2623,#646);
#485=LINE('',#2626,#647);
#486=LINE('',#2628,#648);
#487=LINE('',#2629,#649);
#488=LINE('',#2631,#650);
#489=LINE('',#2632,#651);
#490=LINE('',#2652,#652);
#491=LINE('',#2659,#653);
#492=LINE('',#2677,#654);
#493=LINE('',#2700,#655);
#494=LINE('',#2723,#656);
#495=LINE('',#2746,#657);
#496=LINE('',#2769,#658);
#497=LINE('',#2792,#659);
#498=LINE('',#2836,#660);
#499=LINE('',#2843,#661);
#500=LINE('',#2861,#662);
#501=LINE('',#2884,#663);
#502=LINE('',#2907,#664);
#503=LINE('',#2915,#665);
#504=LINE('',#2917,#666);
#505=LINE('',#2918,#667);
#506=LINE('',#2921,#668);
#507=LINE('',#2923,#669);
#508=LINE('',#2924,#670);
#509=LINE('',#2927,#671);
#510=LINE('',#2929,#672);
#511=LINE('',#2930,#673);
#512=LINE('',#2948,#674);
#513=LINE('',#2971,#675);
#514=LINE('',#2994,#676);
#515=LINE('',#3017,#677);
#516=LINE('',#3040,#678);
#517=LINE('',#3063,#679);
#518=LINE('',#3086,#680);
#519=LINE('',#3109,#681);
#520=LINE('',#3132,#682);
#521=LINE('',#3155,#683);
#522=LINE('',#3178,#684);
#523=LINE('',#3201,#685);
#524=LINE('',#3209,#686);
#525=LINE('',#3211,#687);
#526=LINE('',#3212,#688);
#527=LINE('',#3237,#689);
#528=LINE('',#3239,#690);
#529=LINE('',#3241,#691);
#530=LINE('',#3242,#692);
#531=LINE('',#3260,#693);
#532=LINE('',#3283,#694);
#533=LINE('',#3306,#695);
#534=LINE('',#3329,#696);
#535=LINE('',#3352,#697);
#536=LINE('',#3360,#698);
#537=LINE('',#3362,#699);
#538=LINE('',#3363,#700);
#539=LINE('',#3365,#701);
#540=LINE('',#3366,#702);
#541=LINE('',#3370,#703);
#542=LINE('',#3372,#704);
#543=LINE('',#3374,#705);
#544=LINE('',#3375,#706);
#545=LINE('',#3378,#707);
#546=LINE('',#3380,#708);
#547=LINE('',#3381,#709);
#548=LINE('',#3399,#710);
#549=LINE('',#3422,#711);
#550=LINE('',#3445,#712);
#551=LINE('',#3468,#713);
#552=LINE('',#3476,#714);
#553=LINE('',#3478,#715);
#554=LINE('',#3479,#716);
#555=LINE('',#3482,#717);
#556=LINE('',#3484,#718);
#557=LINE('',#3485,#719);
#558=LINE('',#3488,#720);
#559=LINE('',#3490,#721);
#560=LINE('',#3491,#722);
#561=LINE('',#3509,#723);
#562=LINE('',#3532,#724);
#563=LINE('',#3555,#725);
#564=LINE('',#3578,#726);
#565=LINE('',#3601,#727);
#566=LINE('',#3624,#728);
#567=LINE('',#3647,#729);
#568=LINE('',#3655,#730);
#569=LINE('',#3657,#731);
#570=LINE('',#3658,#732);
#571=LINE('',#3661,#733);
#572=LINE('',#3663,#734);
#573=LINE('',#3664,#735);
#574=LINE('',#3666,#736);
#575=LINE('',#3667,#737);
#576=LINE('',#3674,#738);
#577=LINE('',#3678,#739);
#578=LINE('',#3680,#740);
#579=LINE('',#3681,#741);
#580=LINE('',#3691,#742);
#581=LINE('',#3694,#743);
#582=LINE('',#3697,#744);
#583=LINE('',#3698,#745);
#584=LINE('',#3701,#746);
#585=LINE('',#3703,#747);
#586=LINE('',#3740,#748);
#587=LINE('',#3742,#749);
#588=LINE('',#3751,#750);
#589=LINE('',#5927,#751);
#590=LINE('',#5928,#752);
#591=LINE('',#5930,#753);
#592=LINE('',#5932,#754);
#593=LINE('',#5934,#755);
#594=VECTOR('',#2026,10.);
#595=VECTOR('',#2027,10.);
#596=VECTOR('',#2028,10.);
#597=VECTOR('',#2029,10.);
#598=VECTOR('',#2032,10.);
#599=VECTOR('',#2033,10.);
#600=VECTOR('',#2034,10.);
#601=VECTOR('',#2037,10.);
#602=VECTOR('',#2038,10.);
#603=VECTOR('',#2039,10.);
#604=VECTOR('',#2042,10.);
#605=VECTOR('',#2043,10.);
#606=VECTOR('',#2048,10.);
#607=VECTOR('',#2049,10.);
#608=VECTOR('',#2050,10.);
#609=VECTOR('',#2051,10.);
#610=VECTOR('',#2054,10.);
#611=VECTOR('',#2055,10.);
#612=VECTOR('',#2056,10.);
#613=VECTOR('',#2059,10.);
#614=VECTOR('',#2060,10.);
#615=VECTOR('',#2061,10.);
#616=VECTOR('',#2064,10.);
#617=VECTOR('',#2065,10.);
#618=VECTOR('',#2070,10.);
#619=VECTOR('',#2071,10.);
#620=VECTOR('',#2072,10.);
#621=VECTOR('',#2073,10.);
#622=VECTOR('',#2074,10.);
#623=VECTOR('',#2075,10.);
#624=VECTOR('',#2076,10.);
#625=VECTOR('',#2077,10.);
#626=VECTOR('',#2078,10.);
#627=VECTOR('',#2081,10.);
#628=VECTOR('',#2082,10.);
#629=VECTOR('',#2083,10.);
#630=VECTOR('',#2086,10.);
#631=VECTOR('',#2087,10.);
#632=VECTOR('',#2088,10.);
#633=VECTOR('',#2091,10.);
#634=VECTOR('',#2092,10.);
#635=VECTOR('',#2093,10.);
#636=VECTOR('',#2094,10.);
#637=VECTOR('',#2095,10.);
#638=VECTOR('',#2096,10.);
#639=VECTOR('',#2097,10.);
#640=VECTOR('',#2098,10.);
#641=VECTOR('',#2101,10.);
#642=VECTOR('',#2102,10.);
#643=VECTOR('',#2103,10.);
#644=VECTOR('',#2106,10.);
#645=VECTOR('',#2107,10.);
#646=VECTOR('',#2108,10.);
#647=VECTOR('',#2111,10.);
#648=VECTOR('',#2112,10.);
#649=VECTOR('',#2113,10.);
#650=VECTOR('',#2116,10.);
#651=VECTOR('',#2117,10.);
#652=VECTOR('',#2120,10.);
#653=VECTOR('',#2121,10.);
#654=VECTOR('',#2122,10.);
#655=VECTOR('',#2123,10.);
#656=VECTOR('',#2124,10.);
#657=VECTOR('',#2125,10.);
#658=VECTOR('',#2126,10.);
#659=VECTOR('',#2127,10.);
#660=VECTOR('',#2128,10.);
#661=VECTOR('',#2129,10.);
#662=VECTOR('',#2130,10.);
#663=VECTOR('',#2131,10.);
#664=VECTOR('',#2132,10.);
#665=VECTOR('',#2135,10.);
#666=VECTOR('',#2136,10.);
#667=VECTOR('',#2137,10.);
#668=VECTOR('',#2140,10.);
#669=VECTOR('',#2141,10.);
#670=VECTOR('',#2142,10.);
#671=VECTOR('',#2145,10.);
#672=VECTOR('',#2146,10.);
#673=VECTOR('',#2147,10.);
#674=VECTOR('',#2148,10.);
#675=VECTOR('',#2149,10.);
#676=VECTOR('',#2150,10.);
#677=VECTOR('',#2151,10.);
#678=VECTOR('',#2152,10.);
#679=VECTOR('',#2153,10.);
#680=VECTOR('',#2154,10.);
#681=VECTOR('',#2155,10.);
#682=VECTOR('',#2156,10.);
#683=VECTOR('',#2157,10.);
#684=VECTOR('',#2158,10.);
#685=VECTOR('',#2159,10.);
#686=VECTOR('',#2162,10.);
#687=VECTOR('',#2163,10.);
#688=VECTOR('',#2164,10.);
#689=VECTOR('',#2169,10.);
#690=VECTOR('',#2170,10.);
#691=VECTOR('',#2171,10.);
#692=VECTOR('',#2172,10.);
#693=VECTOR('',#2173,10.);
#694=VECTOR('',#2174,10.);
#695=VECTOR('',#2175,10.);
#696=VECTOR('',#2176,10.);
#697=VECTOR('',#2177,10.);
#698=VECTOR('',#2180,10.);
#699=VECTOR('',#2181,10.);
#700=VECTOR('',#2182,10.);
#701=VECTOR('',#2185,10.);
#702=VECTOR('',#2186,10.);
#703=VECTOR('',#2189,10.);
#704=VECTOR('',#2190,10.);
#705=VECTOR('',#2191,10.);
#706=VECTOR('',#2192,10.);
#707=VECTOR('',#2195,10.);
#708=VECTOR('',#2196,10.);
#709=VECTOR('',#2197,10.);
#710=VECTOR('',#2198,10.);
#711=VECTOR('',#2199,10.);
#712=VECTOR('',#2200,10.);
#713=VECTOR('',#2201,10.);
#714=VECTOR('',#2204,10.);
#715=VECTOR('',#2205,10.);
#716=VECTOR('',#2206,10.);
#717=VECTOR('',#2209,10.);
#718=VECTOR('',#2210,10.);
#719=VECTOR('',#2211,10.);
#720=VECTOR('',#2214,10.);
#721=VECTOR('',#2215,10.);
#722=VECTOR('',#2216,10.);
#723=VECTOR('',#2217,10.);
#724=VECTOR('',#2218,10.);
#725=VECTOR('',#2219,10.);
#726=VECTOR('',#2220,10.);
#727=VECTOR('',#2221,10.);
#728=VECTOR('',#2222,10.);
#729=VECTOR('',#2223,10.);
#730=VECTOR('',#2226,10.);
#731=VECTOR('',#2227,10.);
#732=VECTOR('',#2228,10.);
#733=VECTOR('',#2231,10.);
#734=VECTOR('',#2232,10.);
#735=VECTOR('',#2233,10.);
#736=VECTOR('',#2236,10.);
#737=VECTOR('',#2237,10.);
#738=VECTOR('',#2244,10.);
#739=VECTOR('',#2247,10.);
#740=VECTOR('',#2248,10.);
#741=VECTOR('',#2249,10.);
#742=VECTOR('',#2260,10.);
#743=VECTOR('',#2263,10.);
#744=VECTOR('',#2266,10.);
#745=VECTOR('',#2267,10.);
#746=VECTOR('',#2270,10.);
#747=VECTOR('',#2271,10.);
#748=VECTOR('',#2272,10.);
#749=VECTOR('',#2273,10.);
#750=VECTOR('',#2284,10.);
#751=VECTOR('',#2287,10.);
#752=VECTOR('',#2288,10.);
#753=VECTOR('',#2291,1.64999999999999);
#754=VECTOR('',#2294,1.64999999999999);
#755=VECTOR('',#2297,1.64999999999999);
#756=VERTEX_POINT('',#2306);
#757=VERTEX_POINT('',#2307);
#758=VERTEX_POINT('',#2309);
#759=VERTEX_POINT('',#2311);
#760=VERTEX_POINT('',#2315);
#761=VERTEX_POINT('',#2317);
#762=VERTEX_POINT('',#2321);
#763=VERTEX_POINT('',#2323);
#764=VERTEX_POINT('',#2331);
#765=VERTEX_POINT('',#2332);
#766=VERTEX_POINT('',#2334);
#767=VERTEX_POINT('',#2336);
#768=VERTEX_POINT('',#2340);
#769=VERTEX_POINT('',#2342);
#770=VERTEX_POINT('',#2346);
#771=VERTEX_POINT('',#2348);
#772=VERTEX_POINT('',#2356);
#773=VERTEX_POINT('',#2357);
#774=VERTEX_POINT('',#2359);
#775=VERTEX_POINT('',#2361);
#776=VERTEX_POINT('',#2374);
#777=VERTEX_POINT('',#2380);
#778=VERTEX_POINT('',#2397);
#779=VERTEX_POINT('',#2403);
#780=VERTEX_POINT('',#2420);
#781=VERTEX_POINT('',#2426);
#782=VERTEX_POINT('',#2443);
#783=VERTEX_POINT('',#2449);
#784=VERTEX_POINT('',#2466);
#785=VERTEX_POINT('',#2472);
#786=VERTEX_POINT('',#2480);
#787=VERTEX_POINT('',#2482);
#788=VERTEX_POINT('',#2486);
#789=VERTEX_POINT('',#2488);
#790=VERTEX_POINT('',#2492);
#791=VERTEX_POINT('',#2494);
#792=VERTEX_POINT('',#2507);
#793=VERTEX_POINT('',#2513);
#794=VERTEX_POINT('',#2530);
#795=VERTEX_POINT('',#2536);
#796=VERTEX_POINT('',#2553);
#797=VERTEX_POINT('',#2559);
#798=VERTEX_POINT('',#2576);
#799=VERTEX_POINT('',#2582);
#800=VERTEX_POINT('',#2599);
#801=VERTEX_POINT('',#2605);
#802=VERTEX_POINT('',#2613);
#803=VERTEX_POINT('',#2615);
#804=VERTEX_POINT('',#2619);
#805=VERTEX_POINT('',#2621);
#806=VERTEX_POINT('',#2625);
#807=VERTEX_POINT('',#2627);
#808=VERTEX_POINT('',#2644);
#809=VERTEX_POINT('',#2645);
#810=VERTEX_POINT('',#2651);
#811=VERTEX_POINT('',#2653);
#812=VERTEX_POINT('',#2670);
#813=VERTEX_POINT('',#2676);
#814=VERTEX_POINT('',#2693);
#815=VERTEX_POINT('',#2699);
#816=VERTEX_POINT('',#2716);
#817=VERTEX_POINT('',#2722);
#818=VERTEX_POINT('',#2739);
#819=VERTEX_POINT('',#2745);
#820=VERTEX_POINT('',#2762);
#821=VERTEX_POINT('',#2768);
#822=VERTEX_POINT('',#2785);
#823=VERTEX_POINT('',#2791);
#824=VERTEX_POINT('',#2828);
#825=VERTEX_POINT('',#2829);
#826=VERTEX_POINT('',#2835);
#827=VERTEX_POINT('',#2837);
#828=VERTEX_POINT('',#2854);
#829=VERTEX_POINT('',#2860);
#830=VERTEX_POINT('',#2877);
#831=VERTEX_POINT('',#2883);
#832=VERTEX_POINT('',#2900);
#833=VERTEX_POINT('',#2906);
#834=VERTEX_POINT('',#2914);
#835=VERTEX_POINT('',#2916);
#836=VERTEX_POINT('',#2920);
#837=VERTEX_POINT('',#2922);
#838=VERTEX_POINT('',#2926);
#839=VERTEX_POINT('',#2928);
#840=VERTEX_POINT('',#2941);
#841=VERTEX_POINT('',#2947);
#842=VERTEX_POINT('',#2964);
#843=VERTEX_POINT('',#2970);
#844=VERTEX_POINT('',#2987);
#845=VERTEX_POINT('',#2993);
#846=VERTEX_POINT('',#3010);
#847=VERTEX_POINT('',#3016);
#848=VERTEX_POINT('',#3033);
#849=VERTEX_POINT('',#3039);
#850=VERTEX_POINT('',#3056);
#851=VERTEX_POINT('',#3062);
#852=VERTEX_POINT('',#3079);
#853=VERTEX_POINT('',#3085);
#854=VERTEX_POINT('',#3102);
#855=VERTEX_POINT('',#3108);
#856=VERTEX_POINT('',#3125);
#857=VERTEX_POINT('',#3131);
#858=VERTEX_POINT('',#3148);
#859=VERTEX_POINT('',#3154);
#860=VERTEX_POINT('',#3171);
#861=VERTEX_POINT('',#3177);
#862=VERTEX_POINT('',#3194);
#863=VERTEX_POINT('',#3200);
#864=VERTEX_POINT('',#3208);
#865=VERTEX_POINT('',#3210);
#866=VERTEX_POINT('',#3235);
#867=VERTEX_POINT('',#3236);
#868=VERTEX_POINT('',#3238);
#869=VERTEX_POINT('',#3240);
#870=VERTEX_POINT('',#3253);
#871=VERTEX_POINT('',#3259);
#872=VERTEX_POINT('',#3276);
#873=VERTEX_POINT('',#3282);
#874=VERTEX_POINT('',#3299);
#875=VERTEX_POINT('',#3305);
#876=VERTEX_POINT('',#3322);
#877=VERTEX_POINT('',#3328);
#878=VERTEX_POINT('',#3345);
#879=VERTEX_POINT('',#3351);
#880=VERTEX_POINT('',#3359);
#881=VERTEX_POINT('',#3361);
#882=VERTEX_POINT('',#3368);
#883=VERTEX_POINT('',#3369);
#884=VERTEX_POINT('',#3371);
#885=VERTEX_POINT('',#3373);
#886=VERTEX_POINT('',#3377);
#887=VERTEX_POINT('',#3379);
#888=VERTEX_POINT('',#3392);
#889=VERTEX_POINT('',#3398);
#890=VERTEX_POINT('',#3415);
#891=VERTEX_POINT('',#3421);
#892=VERTEX_POINT('',#3438);
#893=VERTEX_POINT('',#3444);
#894=VERTEX_POINT('',#3461);
#895=VERTEX_POINT('',#3467);
#896=VERTEX_POINT('',#3475);
#897=VERTEX_POINT('',#3477);
#898=VERTEX_POINT('',#3481);
#899=VERTEX_POINT('',#3483);
#900=VERTEX_POINT('',#3487);
#901=VERTEX_POINT('',#3489);
#902=VERTEX_POINT('',#3502);
#903=VERTEX_POINT('',#3508);
#904=VERTEX_POINT('',#3525);
#905=VERTEX_POINT('',#3531);
#906=VERTEX_POINT('',#3548);
#907=VERTEX_POINT('',#3554);
#908=VERTEX_POINT('',#3571);
#909=VERTEX_POINT('',#3577);
#910=VERTEX_POINT('',#3594);
#911=VERTEX_POINT('',#3600);
#912=VERTEX_POINT('',#3617);
#913=VERTEX_POINT('',#3623);
#914=VERTEX_POINT('',#3640);
#915=VERTEX_POINT('',#3646);
#916=VERTEX_POINT('',#3654);
#917=VERTEX_POINT('',#3656);
#918=VERTEX_POINT('',#3660);
#919=VERTEX_POINT('',#3662);
#920=VERTEX_POINT('',#3670);
#921=VERTEX_POINT('',#3671);
#922=VERTEX_POINT('',#3673);
#923=VERTEX_POINT('',#3675);
#924=VERTEX_POINT('',#3677);
#925=VERTEX_POINT('',#3679);
#926=VERTEX_POINT('',#3682);
#927=VERTEX_POINT('',#3684);
#928=VERTEX_POINT('',#3686);
#929=VERTEX_POINT('',#3690);
#930=VERTEX_POINT('',#3692);
#931=VERTEX_POINT('',#3696);
#932=VERTEX_POINT('',#3700);
#933=VERTEX_POINT('',#3702);
#934=VERTEX_POINT('',#3704);
#935=VERTEX_POINT('',#3717);
#936=VERTEX_POINT('',#3724);
#937=VERTEX_POINT('',#3739);
#938=VERTEX_POINT('',#3741);
#939=VERTEX_POINT('',#3744);
#940=VERTEX_POINT('',#3746);
#941=VERTEX_POINT('',#3748);
#942=VERTEX_POINT('',#3973);
#943=VERTEX_POINT('',#3990);
#944=VERTEX_POINT('',#4341);
#945=VERTEX_POINT('',#5050);
#946=EDGE_CURVE('',#756,#757,#432,.T.);
#947=EDGE_CURVE('',#756,#758,#433,.T.);
#948=EDGE_CURVE('',#758,#759,#434,.T.);
#949=EDGE_CURVE('',#757,#759,#435,.T.);
#950=EDGE_CURVE('',#760,#756,#436,.T.);
#951=EDGE_CURVE('',#760,#761,#437,.T.);
#952=EDGE_CURVE('',#761,#758,#438,.T.);
#953=EDGE_CURVE('',#762,#760,#439,.T.);
#954=EDGE_CURVE('',#762,#763,#440,.T.);
#955=EDGE_CURVE('',#763,#761,#441,.T.);
#956=EDGE_CURVE('',#757,#762,#442,.T.);
#957=EDGE_CURVE('',#759,#763,#443,.T.);
#958=EDGE_CURVE('',#764,#765,#444,.T.);
#959=EDGE_CURVE('',#764,#766,#445,.T.);
#960=EDGE_CURVE('',#766,#767,#446,.T.);
#961=EDGE_CURVE('',#765,#767,#447,.T.);
#962=EDGE_CURVE('',#768,#764,#448,.T.);
#963=EDGE_CURVE('',#768,#769,#449,.T.);
#964=EDGE_CURVE('',#769,#766,#450,.T.);
#965=EDGE_CURVE('',#770,#768,#451,.T.);
#966=EDGE_CURVE('',#770,#771,#452,.T.);
#967=EDGE_CURVE('',#771,#769,#453,.T.);
#968=EDGE_CURVE('',#765,#770,#454,.T.);
#969=EDGE_CURVE('',#767,#771,#455,.T.);
#970=EDGE_CURVE('',#772,#773,#456,.T.);
#971=EDGE_CURVE('',#772,#774,#457,.T.);
#972=EDGE_CURVE('',#774,#775,#458,.T.);
#973=EDGE_CURVE('',#773,#775,#459,.T.);
#974=EDGE_CURVE('',#776,#772,#43,.T.);
#975=EDGE_CURVE('',#776,#777,#460,.T.);
#976=EDGE_CURVE('',#777,#774,#44,.T.);
#977=EDGE_CURVE('',#778,#776,#45,.T.);
#978=EDGE_CURVE('',#778,#779,#461,.T.);
#979=EDGE_CURVE('',#779,#777,#46,.T.);
#980=EDGE_CURVE('',#780,#778,#47,.T.);
#981=EDGE_CURVE('',#780,#781,#462,.T.);
#982=EDGE_CURVE('',#781,#779,#48,.T.);
#983=EDGE_CURVE('',#782,#780,#49,.T.);
#984=EDGE_CURVE('',#782,#783,#463,.T.);
#985=EDGE_CURVE('',#783,#781,#50,.T.);
#986=EDGE_CURVE('',#784,#782,#51,.T.);
#987=EDGE_CURVE('',#784,#785,#464,.T.);
#988=EDGE_CURVE('',#785,#783,#52,.T.);
#989=EDGE_CURVE('',#786,#784,#465,.T.);
#990=EDGE_CURVE('',#786,#787,#466,.T.);
#991=EDGE_CURVE('',#787,#785,#467,.T.);
#992=EDGE_CURVE('',#788,#786,#468,.T.);
#993=EDGE_CURVE('',#788,#789,#469,.T.);
#994=EDGE_CURVE('',#789,#787,#470,.T.);
#995=EDGE_CURVE('',#790,#788,#471,.T.);
#996=EDGE_CURVE('',#790,#791,#472,.T.);
#997=EDGE_CURVE('',#791,#789,#473,.T.);
#998=EDGE_CURVE('',#792,#790,#53,.T.);
#999=EDGE_CURVE('',#792,#793,#474,.T.);
#1000=EDGE_CURVE('',#793,#791,#54,.T.);
#1001=EDGE_CURVE('',#794,#792,#55,.T.);
#1002=EDGE_CURVE('',#794,#795,#475,.T.);
#1003=EDGE_CURVE('',#795,#793,#56,.T.);
#1004=EDGE_CURVE('',#796,#794,#57,.T.);
#1005=EDGE_CURVE('',#796,#797,#476,.T.);
#1006=EDGE_CURVE('',#797,#795,#58,.T.);
#1007=EDGE_CURVE('',#798,#796,#59,.T.);
#1008=EDGE_CURVE('',#798,#799,#477,.T.);
#1009=EDGE_CURVE('',#799,#797,#60,.T.);
#1010=EDGE_CURVE('',#800,#798,#61,.T.);
#1011=EDGE_CURVE('',#800,#801,#478,.T.);
#1012=EDGE_CURVE('',#801,#799,#62,.T.);
#1013=EDGE_CURVE('',#802,#800,#479,.T.);
#1014=EDGE_CURVE('',#802,#803,#480,.T.);
#1015=EDGE_CURVE('',#803,#801,#481,.T.);
#1016=EDGE_CURVE('',#804,#802,#482,.T.);
#1017=EDGE_CURVE('',#804,#805,#483,.T.);
#1018=EDGE_CURVE('',#805,#803,#484,.T.);
#1019=EDGE_CURVE('',#806,#804,#485,.T.);
#1020=EDGE_CURVE('',#806,#807,#486,.T.);
#1021=EDGE_CURVE('',#807,#805,#487,.T.);
#1022=EDGE_CURVE('',#773,#806,#488,.T.);
#1023=EDGE_CURVE('',#775,#807,#489,.T.);
#1024=EDGE_CURVE('',#808,#809,#63,.T.);
#1025=EDGE_CURVE('',#808,#810,#490,.T.);
#1026=EDGE_CURVE('',#810,#811,#64,.T.);
#1027=EDGE_CURVE('',#809,#811,#491,.T.);
#1028=EDGE_CURVE('',#812,#808,#65,.T.);
#1029=EDGE_CURVE('',#812,#813,#492,.T.);
#1030=EDGE_CURVE('',#813,#810,#66,.T.);
#1031=EDGE_CURVE('',#814,#812,#67,.T.);
#1032=EDGE_CURVE('',#814,#815,#493,.T.);
#1033=EDGE_CURVE('',#815,#813,#68,.T.);
#1034=EDGE_CURVE('',#816,#814,#69,.T.);
#1035=EDGE_CURVE('',#816,#817,#494,.T.);
#1036=EDGE_CURVE('',#817,#815,#70,.T.);
#1037=EDGE_CURVE('',#818,#816,#71,.T.);
#1038=EDGE_CURVE('',#818,#819,#495,.T.);
#1039=EDGE_CURVE('',#819,#817,#72,.T.);
#1040=EDGE_CURVE('',#820,#818,#73,.T.);
#1041=EDGE_CURVE('',#820,#821,#496,.T.);
#1042=EDGE_CURVE('',#821,#819,#74,.T.);
#1043=EDGE_CURVE('',#822,#820,#75,.T.);
#1044=EDGE_CURVE('',#822,#823,#497,.T.);
#1045=EDGE_CURVE('',#823,#821,#76,.T.);
#1046=EDGE_CURVE('',#809,#822,#77,.T.);
#1047=EDGE_CURVE('',#811,#823,#78,.T.);
#1048=EDGE_CURVE('',#824,#825,#79,.T.);
#1049=EDGE_CURVE('',#824,#826,#498,.T.);
#1050=EDGE_CURVE('',#826,#827,#80,.T.);
#1051=EDGE_CURVE('',#825,#827,#499,.T.);
#1052=EDGE_CURVE('',#828,#824,#81,.T.);
#1053=EDGE_CURVE('',#828,#829,#500,.T.);
#1054=EDGE_CURVE('',#829,#826,#82,.T.);
#1055=EDGE_CURVE('',#830,#828,#83,.T.);
#1056=EDGE_CURVE('',#830,#831,#501,.T.);
#1057=EDGE_CURVE('',#831,#829,#84,.T.);
#1058=EDGE_CURVE('',#832,#830,#85,.T.);
#1059=EDGE_CURVE('',#832,#833,#502,.T.);
#1060=EDGE_CURVE('',#833,#831,#86,.T.);
#1061=EDGE_CURVE('',#834,#832,#503,.T.);
#1062=EDGE_CURVE('',#834,#835,#504,.T.);
#1063=EDGE_CURVE('',#835,#833,#505,.T.);
#1064=EDGE_CURVE('',#836,#834,#506,.T.);
#1065=EDGE_CURVE('',#836,#837,#507,.T.);
#1066=EDGE_CURVE('',#837,#835,#508,.T.);
#1067=EDGE_CURVE('',#838,#836,#509,.T.);
#1068=EDGE_CURVE('',#838,#839,#510,.T.);
#1069=EDGE_CURVE('',#839,#837,#511,.T.);
#1070=EDGE_CURVE('',#840,#838,#87,.T.);
#1071=EDGE_CURVE('',#840,#841,#512,.T.);
#1072=EDGE_CURVE('',#841,#839,#88,.T.);
#1073=EDGE_CURVE('',#842,#840,#89,.T.);
#1074=EDGE_CURVE('',#842,#843,#513,.T.);
#1075=EDGE_CURVE('',#843,#841,#90,.T.);
#1076=EDGE_CURVE('',#844,#842,#91,.T.);
#1077=EDGE_CURVE('',#844,#845,#514,.T.);
#1078=EDGE_CURVE('',#845,#843,#92,.T.);
#1079=EDGE_CURVE('',#846,#844,#93,.T.);
#1080=EDGE_CURVE('',#846,#847,#515,.T.);
#1081=EDGE_CURVE('',#847,#845,#94,.T.);
#1082=EDGE_CURVE('',#848,#846,#95,.T.);
#1083=EDGE_CURVE('',#848,#849,#516,.T.);
#1084=EDGE_CURVE('',#849,#847,#96,.T.);
#1085=EDGE_CURVE('',#850,#848,#97,.T.);
#1086=EDGE_CURVE('',#850,#851,#517,.T.);
#1087=EDGE_CURVE('',#851,#849,#98,.T.);
#1088=EDGE_CURVE('',#852,#850,#99,.T.);
#1089=EDGE_CURVE('',#852,#853,#518,.T.);
#1090=EDGE_CURVE('',#853,#851,#100,.T.);
#1091=EDGE_CURVE('',#854,#852,#101,.T.);
#1092=EDGE_CURVE('',#854,#855,#519,.T.);
#1093=EDGE_CURVE('',#855,#853,#102,.T.);
#1094=EDGE_CURVE('',#856,#854,#103,.T.);
#1095=EDGE_CURVE('',#856,#857,#520,.T.);
#1096=EDGE_CURVE('',#857,#855,#104,.T.);
#1097=EDGE_CURVE('',#858,#856,#105,.T.);
#1098=EDGE_CURVE('',#858,#859,#521,.T.);
#1099=EDGE_CURVE('',#859,#857,#106,.T.);
#1100=EDGE_CURVE('',#860,#858,#107,.T.);
#1101=EDGE_CURVE('',#860,#861,#522,.T.);
#1102=EDGE_CURVE('',#861,#859,#108,.T.);
#1103=EDGE_CURVE('',#862,#860,#109,.T.);
#1104=EDGE_CURVE('',#862,#863,#523,.T.);
#1105=EDGE_CURVE('',#863,#861,#110,.T.);
#1106=EDGE_CURVE('',#864,#862,#524,.T.);
#1107=EDGE_CURVE('',#864,#865,#525,.T.);
#1108=EDGE_CURVE('',#865,#863,#526,.T.);
#1109=EDGE_CURVE('',#825,#864,#111,.T.);
#1110=EDGE_CURVE('',#827,#865,#112,.T.);
#1111=EDGE_CURVE('',#866,#867,#527,.T.);
#1112=EDGE_CURVE('',#866,#868,#528,.T.);
#1113=EDGE_CURVE('',#868,#869,#529,.T.);
#1114=EDGE_CURVE('',#867,#869,#530,.T.);
#1115=EDGE_CURVE('',#870,#866,#113,.T.);
#1116=EDGE_CURVE('',#870,#871,#531,.T.);
#1117=EDGE_CURVE('',#871,#868,#114,.T.);
#1118=EDGE_CURVE('',#872,#870,#115,.T.);
#1119=EDGE_CURVE('',#872,#873,#532,.T.);
#1120=EDGE_CURVE('',#873,#871,#116,.T.);
#1121=EDGE_CURVE('',#874,#872,#117,.T.);
#1122=EDGE_CURVE('',#874,#875,#533,.T.);
#1123=EDGE_CURVE('',#875,#873,#118,.T.);
#1124=EDGE_CURVE('',#876,#874,#119,.T.);
#1125=EDGE_CURVE('',#876,#877,#534,.T.);
#1126=EDGE_CURVE('',#877,#875,#120,.T.);
#1127=EDGE_CURVE('',#878,#876,#121,.T.);
#1128=EDGE_CURVE('',#878,#879,#535,.T.);
#1129=EDGE_CURVE('',#879,#877,#122,.T.);
#1130=EDGE_CURVE('',#880,#878,#536,.T.);
#1131=EDGE_CURVE('',#880,#881,#537,.T.);
#1132=EDGE_CURVE('',#881,#879,#538,.T.);
#1133=EDGE_CURVE('',#867,#880,#539,.T.);
#1134=EDGE_CURVE('',#869,#881,#540,.T.);
#1135=EDGE_CURVE('',#882,#883,#541,.T.);
#1136=EDGE_CURVE('',#882,#884,#542,.T.);
#1137=EDGE_CURVE('',#884,#885,#543,.T.);
#1138=EDGE_CURVE('',#883,#885,#544,.T.);
#1139=EDGE_CURVE('',#886,#882,#545,.T.);
#1140=EDGE_CURVE('',#886,#887,#546,.T.);
#1141=EDGE_CURVE('',#887,#884,#547,.T.);
#1142=EDGE_CURVE('',#888,#886,#123,.T.);
#1143=EDGE_CURVE('',#888,#889,#548,.T.);
#1144=EDGE_CURVE('',#889,#887,#124,.T.);
#1145=EDGE_CURVE('',#890,#888,#125,.T.);
#1146=EDGE_CURVE('',#890,#891,#549,.T.);
#1147=EDGE_CURVE('',#891,#889,#126,.T.);
#1148=EDGE_CURVE('',#892,#890,#127,.T.);
#1149=EDGE_CURVE('',#892,#893,#550,.T.);
#1150=EDGE_CURVE('',#893,#891,#128,.T.);
#1151=EDGE_CURVE('',#894,#892,#129,.T.);
#1152=EDGE_CURVE('',#894,#895,#551,.T.);
#1153=EDGE_CURVE('',#895,#893,#130,.T.);
#1154=EDGE_CURVE('',#896,#894,#552,.T.);
#1155=EDGE_CURVE('',#896,#897,#553,.T.);
#1156=EDGE_CURVE('',#897,#895,#554,.T.);
#1157=EDGE_CURVE('',#898,#896,#555,.T.);
#1158=EDGE_CURVE('',#898,#899,#556,.T.);
#1159=EDGE_CURVE('',#899,#897,#557,.T.);
#1160=EDGE_CURVE('',#900,#898,#558,.T.);
#1161=EDGE_CURVE('',#900,#901,#559,.T.);
#1162=EDGE_CURVE('',#901,#899,#560,.T.);
#1163=EDGE_CURVE('',#902,#900,#131,.T.);
#1164=EDGE_CURVE('',#902,#903,#561,.T.);
#1165=EDGE_CURVE('',#903,#901,#132,.T.);
#1166=EDGE_CURVE('',#904,#902,#133,.T.);
#1167=EDGE_CURVE('',#904,#905,#562,.T.);
#1168=EDGE_CURVE('',#905,#903,#134,.T.);
#1169=EDGE_CURVE('',#906,#904,#135,.T.);
#1170=EDGE_CURVE('',#906,#907,#563,.T.);
#1171=EDGE_CURVE('',#907,#905,#136,.T.);
#1172=EDGE_CURVE('',#908,#906,#137,.T.);
#1173=EDGE_CURVE('',#908,#909,#564,.T.);
#1174=EDGE_CURVE('',#909,#907,#138,.T.);
#1175=EDGE_CURVE('',#910,#908,#139,.T.);
#1176=EDGE_CURVE('',#910,#911,#565,.T.);
#1177=EDGE_CURVE('',#911,#909,#140,.T.);
#1178=EDGE_CURVE('',#912,#910,#141,.T.);
#1179=EDGE_CURVE('',#912,#913,#566,.T.);
#1180=EDGE_CURVE('',#913,#911,#142,.T.);
#1181=EDGE_CURVE('',#914,#912,#143,.T.);
#1182=EDGE_CURVE('',#914,#915,#567,.T.);
#1183=EDGE_CURVE('',#915,#913,#144,.T.);
#1184=EDGE_CURVE('',#916,#914,#568,.T.);
#1185=EDGE_CURVE('',#916,#917,#569,.T.);
#1186=EDGE_CURVE('',#917,#915,#570,.T.);
#1187=EDGE_CURVE('',#918,#916,#571,.T.);
#1188=EDGE_CURVE('',#918,#919,#572,.T.);
#1189=EDGE_CURVE('',#919,#917,#573,.T.);
#1190=EDGE_CURVE('',#883,#918,#574,.T.);
#1191=EDGE_CURVE('',#885,#919,#575,.T.);
#1192=EDGE_CURVE('',#920,#921,#20,.T.);
#1193=EDGE_CURVE('',#920,#922,#576,.T.);
#1194=EDGE_CURVE('',#923,#922,#21,.T.);
#1195=EDGE_CURVE('',#923,#924,#577,.T.);
#1196=EDGE_CURVE('',#924,#925,#578,.T.);
#1197=EDGE_CURVE('',#925,#921,#579,.T.);
#1198=EDGE_CURVE('',#926,#926,#22,.T.);
#1199=EDGE_CURVE('',#927,#927,#23,.T.);
#1200=EDGE_CURVE('',#928,#928,#24,.T.);
#1201=EDGE_CURVE('',#921,#929,#580,.T.);
#1202=EDGE_CURVE('',#929,#930,#25,.T.);
#1203=EDGE_CURVE('',#930,#920,#581,.T.);
#1204=EDGE_CURVE('',#931,#930,#582,.T.);
#1205=EDGE_CURVE('',#922,#931,#583,.T.);
#1206=EDGE_CURVE('',#932,#929,#584,.T.);
#1207=EDGE_CURVE('',#932,#933,#585,.T.);
#1208=EDGE_CURVE('',#933,#934,#145,.T.);
#1209=EDGE_CURVE('',#934,#935,#146,.T.);
#1210=EDGE_CURVE('',#935,#936,#147,.T.);
#1211=EDGE_CURVE('',#936,#937,#586,.T.);
#1212=EDGE_CURVE('',#937,#938,#587,.T.);
#1213=EDGE_CURVE('',#931,#938,#26,.T.);
#1214=EDGE_CURVE('',#939,#939,#27,.T.);
#1215=EDGE_CURVE('',#940,#940,#28,.T.);
#1216=EDGE_CURVE('',#941,#941,#29,.T.);
#1217=EDGE_CURVE('',#938,#923,#588,.T.);
#1218=EDGE_CURVE('',#934,#942,#148,.T.);
#1219=EDGE_CURVE('',#942,#943,#149,.T.);
#1220=EDGE_CURVE('',#943,#935,#150,.T.);
#1221=EDGE_CURVE('',#944,#933,#151,.T.);
#1222=EDGE_CURVE('',#942,#944,#152,.T.);
#1223=EDGE_CURVE('',#945,#944,#153,.T.);
#1224=EDGE_CURVE('',#943,#945,#154,.T.);
#1225=EDGE_CURVE('',#936,#945,#155,.T.);
#1226=EDGE_CURVE('',#932,#925,#589,.T.);
#1227=EDGE_CURVE('',#937,#924,#590,.T.);
#1228=EDGE_CURVE('',#941,#928,#591,.T.);
#1229=EDGE_CURVE('',#940,#927,#592,.T.);
#1230=EDGE_CURVE('',#939,#926,#593,.T.);
#1231=ORIENTED_EDGE('',*,*,#946,.F.);
#1232=ORIENTED_EDGE('',*,*,#947,.T.);
#1233=ORIENTED_EDGE('',*,*,#948,.T.);
#1234=ORIENTED_EDGE('',*,*,#949,.F.);
#1235=ORIENTED_EDGE('',*,*,#950,.F.);
#1236=ORIENTED_EDGE('',*,*,#951,.T.);
#1237=ORIENTED_EDGE('',*,*,#952,.T.);
#1238=ORIENTED_EDGE('',*,*,#947,.F.);
#1239=ORIENTED_EDGE('',*,*,#953,.F.);
#1240=ORIENTED_EDGE('',*,*,#954,.T.);
#1241=ORIENTED_EDGE('',*,*,#955,.T.);
#1242=ORIENTED_EDGE('',*,*,#951,.F.);
#1243=ORIENTED_EDGE('',*,*,#956,.F.);
#1244=ORIENTED_EDGE('',*,*,#949,.T.);
#1245=ORIENTED_EDGE('',*,*,#957,.T.);
#1246=ORIENTED_EDGE('',*,*,#954,.F.);
#1247=ORIENTED_EDGE('',*,*,#957,.F.);
#1248=ORIENTED_EDGE('',*,*,#948,.F.);
#1249=ORIENTED_EDGE('',*,*,#952,.F.);
#1250=ORIENTED_EDGE('',*,*,#955,.F.);
#1251=ORIENTED_EDGE('',*,*,#958,.F.);
#1252=ORIENTED_EDGE('',*,*,#959,.T.);
#1253=ORIENTED_EDGE('',*,*,#960,.T.);
#1254=ORIENTED_EDGE('',*,*,#961,.F.);
#1255=ORIENTED_EDGE('',*,*,#962,.F.);
#1256=ORIENTED_EDGE('',*,*,#963,.T.);
#1257=ORIENTED_EDGE('',*,*,#964,.T.);
#1258=ORIENTED_EDGE('',*,*,#959,.F.);
#1259=ORIENTED_EDGE('',*,*,#965,.F.);
#1260=ORIENTED_EDGE('',*,*,#966,.T.);
#1261=ORIENTED_EDGE('',*,*,#967,.T.);
#1262=ORIENTED_EDGE('',*,*,#963,.F.);
#1263=ORIENTED_EDGE('',*,*,#968,.F.);
#1264=ORIENTED_EDGE('',*,*,#961,.T.);
#1265=ORIENTED_EDGE('',*,*,#969,.T.);
#1266=ORIENTED_EDGE('',*,*,#966,.F.);
#1267=ORIENTED_EDGE('',*,*,#969,.F.);
#1268=ORIENTED_EDGE('',*,*,#960,.F.);
#1269=ORIENTED_EDGE('',*,*,#964,.F.);
#1270=ORIENTED_EDGE('',*,*,#967,.F.);
#1271=ORIENTED_EDGE('',*,*,#970,.F.);
#1272=ORIENTED_EDGE('',*,*,#971,.T.);
#1273=ORIENTED_EDGE('',*,*,#972,.T.);
#1274=ORIENTED_EDGE('',*,*,#973,.F.);
#1275=ORIENTED_EDGE('',*,*,#974,.F.);
#1276=ORIENTED_EDGE('',*,*,#975,.T.);
#1277=ORIENTED_EDGE('',*,*,#976,.T.);
#1278=ORIENTED_EDGE('',*,*,#971,.F.);
#1279=ORIENTED_EDGE('',*,*,#977,.F.);
#1280=ORIENTED_EDGE('',*,*,#978,.T.);
#1281=ORIENTED_EDGE('',*,*,#979,.T.);
#1282=ORIENTED_EDGE('',*,*,#975,.F.);
#1283=ORIENTED_EDGE('',*,*,#980,.F.);
#1284=ORIENTED_EDGE('',*,*,#981,.T.);
#1285=ORIENTED_EDGE('',*,*,#982,.T.);
#1286=ORIENTED_EDGE('',*,*,#978,.F.);
#1287=ORIENTED_EDGE('',*,*,#983,.F.);
#1288=ORIENTED_EDGE('',*,*,#984,.T.);
#1289=ORIENTED_EDGE('',*,*,#985,.T.);
#1290=ORIENTED_EDGE('',*,*,#981,.F.);
#1291=ORIENTED_EDGE('',*,*,#986,.F.);
#1292=ORIENTED_EDGE('',*,*,#987,.T.);
#1293=ORIENTED_EDGE('',*,*,#988,.T.);
#1294=ORIENTED_EDGE('',*,*,#984,.F.);
#1295=ORIENTED_EDGE('',*,*,#989,.F.);
#1296=ORIENTED_EDGE('',*,*,#990,.T.);
#1297=ORIENTED_EDGE('',*,*,#991,.T.);
#1298=ORIENTED_EDGE('',*,*,#987,.F.);
#1299=ORIENTED_EDGE('',*,*,#992,.F.);
#1300=ORIENTED_EDGE('',*,*,#993,.T.);
#1301=ORIENTED_EDGE('',*,*,#994,.T.);
#1302=ORIENTED_EDGE('',*,*,#990,.F.);
#1303=ORIENTED_EDGE('',*,*,#995,.F.);
#1304=ORIENTED_EDGE('',*,*,#996,.T.);
#1305=ORIENTED_EDGE('',*,*,#997,.T.);
#1306=ORIENTED_EDGE('',*,*,#993,.F.);
#1307=ORIENTED_EDGE('',*,*,#998,.F.);
#1308=ORIENTED_EDGE('',*,*,#999,.T.);
#1309=ORIENTED_EDGE('',*,*,#1000,.T.);
#1310=ORIENTED_EDGE('',*,*,#996,.F.);
#1311=ORIENTED_EDGE('',*,*,#1001,.F.);
#1312=ORIENTED_EDGE('',*,*,#1002,.T.);
#1313=ORIENTED_EDGE('',*,*,#1003,.T.);
#1314=ORIENTED_EDGE('',*,*,#999,.F.);
#1315=ORIENTED_EDGE('',*,*,#1004,.F.);
#1316=ORIENTED_EDGE('',*,*,#1005,.T.);
#1317=ORIENTED_EDGE('',*,*,#1006,.T.);
#1318=ORIENTED_EDGE('',*,*,#1002,.F.);
#1319=ORIENTED_EDGE('',*,*,#1007,.F.);
#1320=ORIENTED_EDGE('',*,*,#1008,.T.);
#1321=ORIENTED_EDGE('',*,*,#1009,.T.);
#1322=ORIENTED_EDGE('',*,*,#1005,.F.);
#1323=ORIENTED_EDGE('',*,*,#1010,.F.);
#1324=ORIENTED_EDGE('',*,*,#1011,.T.);
#1325=ORIENTED_EDGE('',*,*,#1012,.T.);
#1326=ORIENTED_EDGE('',*,*,#1008,.F.);
#1327=ORIENTED_EDGE('',*,*,#1013,.F.);
#1328=ORIENTED_EDGE('',*,*,#1014,.T.);
#1329=ORIENTED_EDGE('',*,*,#1015,.T.);
#1330=ORIENTED_EDGE('',*,*,#1011,.F.);
#1331=ORIENTED_EDGE('',*,*,#1016,.F.);
#1332=ORIENTED_EDGE('',*,*,#1017,.T.);
#1333=ORIENTED_EDGE('',*,*,#1018,.T.);
#1334=ORIENTED_EDGE('',*,*,#1014,.F.);
#1335=ORIENTED_EDGE('',*,*,#1019,.F.);
#1336=ORIENTED_EDGE('',*,*,#1020,.T.);
#1337=ORIENTED_EDGE('',*,*,#1021,.T.);
#1338=ORIENTED_EDGE('',*,*,#1017,.F.);
#1339=ORIENTED_EDGE('',*,*,#1022,.F.);
#1340=ORIENTED_EDGE('',*,*,#973,.T.);
#1341=ORIENTED_EDGE('',*,*,#1023,.T.);
#1342=ORIENTED_EDGE('',*,*,#1020,.F.);
#1343=ORIENTED_EDGE('',*,*,#1023,.F.);
#1344=ORIENTED_EDGE('',*,*,#972,.F.);
#1345=ORIENTED_EDGE('',*,*,#976,.F.);
#1346=ORIENTED_EDGE('',*,*,#979,.F.);
#1347=ORIENTED_EDGE('',*,*,#982,.F.);
#1348=ORIENTED_EDGE('',*,*,#985,.F.);
#1349=ORIENTED_EDGE('',*,*,#988,.F.);
#1350=ORIENTED_EDGE('',*,*,#991,.F.);
#1351=ORIENTED_EDGE('',*,*,#994,.F.);
#1352=ORIENTED_EDGE('',*,*,#997,.F.);
#1353=ORIENTED_EDGE('',*,*,#1000,.F.);
#1354=ORIENTED_EDGE('',*,*,#1003,.F.);
#1355=ORIENTED_EDGE('',*,*,#1006,.F.);
#1356=ORIENTED_EDGE('',*,*,#1009,.F.);
#1357=ORIENTED_EDGE('',*,*,#1012,.F.);
#1358=ORIENTED_EDGE('',*,*,#1015,.F.);
#1359=ORIENTED_EDGE('',*,*,#1018,.F.);
#1360=ORIENTED_EDGE('',*,*,#1021,.F.);
#1361=ORIENTED_EDGE('',*,*,#1024,.F.);
#1362=ORIENTED_EDGE('',*,*,#1025,.T.);
#1363=ORIENTED_EDGE('',*,*,#1026,.T.);
#1364=ORIENTED_EDGE('',*,*,#1027,.F.);
#1365=ORIENTED_EDGE('',*,*,#1028,.F.);
#1366=ORIENTED_EDGE('',*,*,#1029,.T.);
#1367=ORIENTED_EDGE('',*,*,#1030,.T.);
#1368=ORIENTED_EDGE('',*,*,#1025,.F.);
#1369=ORIENTED_EDGE('',*,*,#1031,.F.);
#1370=ORIENTED_EDGE('',*,*,#1032,.T.);
#1371=ORIENTED_EDGE('',*,*,#1033,.T.);
#1372=ORIENTED_EDGE('',*,*,#1029,.F.);
#1373=ORIENTED_EDGE('',*,*,#1034,.F.);
#1374=ORIENTED_EDGE('',*,*,#1035,.T.);
#1375=ORIENTED_EDGE('',*,*,#1036,.T.);
#1376=ORIENTED_EDGE('',*,*,#1032,.F.);
#1377=ORIENTED_EDGE('',*,*,#1037,.F.);
#1378=ORIENTED_EDGE('',*,*,#1038,.T.);
#1379=ORIENTED_EDGE('',*,*,#1039,.T.);
#1380=ORIENTED_EDGE('',*,*,#1035,.F.);
#1381=ORIENTED_EDGE('',*,*,#1040,.F.);
#1382=ORIENTED_EDGE('',*,*,#1041,.T.);
#1383=ORIENTED_EDGE('',*,*,#1042,.T.);
#1384=ORIENTED_EDGE('',*,*,#1038,.F.);
#1385=ORIENTED_EDGE('',*,*,#1043,.F.);
#1386=ORIENTED_EDGE('',*,*,#1044,.T.);
#1387=ORIENTED_EDGE('',*,*,#1045,.T.);
#1388=ORIENTED_EDGE('',*,*,#1041,.F.);
#1389=ORIENTED_EDGE('',*,*,#1046,.F.);
#1390=ORIENTED_EDGE('',*,*,#1027,.T.);
#1391=ORIENTED_EDGE('',*,*,#1047,.T.);
#1392=ORIENTED_EDGE('',*,*,#1044,.F.);
#1393=ORIENTED_EDGE('',*,*,#1048,.F.);
#1394=ORIENTED_EDGE('',*,*,#1049,.T.);
#1395=ORIENTED_EDGE('',*,*,#1050,.T.);
#1396=ORIENTED_EDGE('',*,*,#1051,.F.);
#1397=ORIENTED_EDGE('',*,*,#1052,.F.);
#1398=ORIENTED_EDGE('',*,*,#1053,.T.);
#1399=ORIENTED_EDGE('',*,*,#1054,.T.);
#1400=ORIENTED_EDGE('',*,*,#1049,.F.);
#1401=ORIENTED_EDGE('',*,*,#1055,.F.);
#1402=ORIENTED_EDGE('',*,*,#1056,.T.);
#1403=ORIENTED_EDGE('',*,*,#1057,.T.);
#1404=ORIENTED_EDGE('',*,*,#1053,.F.);
#1405=ORIENTED_EDGE('',*,*,#1058,.F.);
#1406=ORIENTED_EDGE('',*,*,#1059,.T.);
#1407=ORIENTED_EDGE('',*,*,#1060,.T.);
#1408=ORIENTED_EDGE('',*,*,#1056,.F.);
#1409=ORIENTED_EDGE('',*,*,#1061,.F.);
#1410=ORIENTED_EDGE('',*,*,#1062,.T.);
#1411=ORIENTED_EDGE('',*,*,#1063,.T.);
#1412=ORIENTED_EDGE('',*,*,#1059,.F.);
#1413=ORIENTED_EDGE('',*,*,#1064,.F.);
#1414=ORIENTED_EDGE('',*,*,#1065,.T.);
#1415=ORIENTED_EDGE('',*,*,#1066,.T.);
#1416=ORIENTED_EDGE('',*,*,#1062,.F.);
#1417=ORIENTED_EDGE('',*,*,#1067,.F.);
#1418=ORIENTED_EDGE('',*,*,#1068,.T.);
#1419=ORIENTED_EDGE('',*,*,#1069,.T.);
#1420=ORIENTED_EDGE('',*,*,#1065,.F.);
#1421=ORIENTED_EDGE('',*,*,#1070,.F.);
#1422=ORIENTED_EDGE('',*,*,#1071,.T.);
#1423=ORIENTED_EDGE('',*,*,#1072,.T.);
#1424=ORIENTED_EDGE('',*,*,#1068,.F.);
#1425=ORIENTED_EDGE('',*,*,#1073,.F.);
#1426=ORIENTED_EDGE('',*,*,#1074,.T.);
#1427=ORIENTED_EDGE('',*,*,#1075,.T.);
#1428=ORIENTED_EDGE('',*,*,#1071,.F.);
#1429=ORIENTED_EDGE('',*,*,#1076,.F.);
#1430=ORIENTED_EDGE('',*,*,#1077,.T.);
#1431=ORIENTED_EDGE('',*,*,#1078,.T.);
#1432=ORIENTED_EDGE('',*,*,#1074,.F.);
#1433=ORIENTED_EDGE('',*,*,#1079,.F.);
#1434=ORIENTED_EDGE('',*,*,#1080,.T.);
#1435=ORIENTED_EDGE('',*,*,#1081,.T.);
#1436=ORIENTED_EDGE('',*,*,#1077,.F.);
#1437=ORIENTED_EDGE('',*,*,#1082,.F.);
#1438=ORIENTED_EDGE('',*,*,#1083,.T.);
#1439=ORIENTED_EDGE('',*,*,#1084,.T.);
#1440=ORIENTED_EDGE('',*,*,#1080,.F.);
#1441=ORIENTED_EDGE('',*,*,#1085,.F.);
#1442=ORIENTED_EDGE('',*,*,#1086,.T.);
#1443=ORIENTED_EDGE('',*,*,#1087,.T.);
#1444=ORIENTED_EDGE('',*,*,#1083,.F.);
#1445=ORIENTED_EDGE('',*,*,#1088,.F.);
#1446=ORIENTED_EDGE('',*,*,#1089,.T.);
#1447=ORIENTED_EDGE('',*,*,#1090,.T.);
#1448=ORIENTED_EDGE('',*,*,#1086,.F.);
#1449=ORIENTED_EDGE('',*,*,#1091,.F.);
#1450=ORIENTED_EDGE('',*,*,#1092,.T.);
#1451=ORIENTED_EDGE('',*,*,#1093,.T.);
#1452=ORIENTED_EDGE('',*,*,#1089,.F.);
#1453=ORIENTED_EDGE('',*,*,#1094,.F.);
#1454=ORIENTED_EDGE('',*,*,#1095,.T.);
#1455=ORIENTED_EDGE('',*,*,#1096,.T.);
#1456=ORIENTED_EDGE('',*,*,#1092,.F.);
#1457=ORIENTED_EDGE('',*,*,#1097,.F.);
#1458=ORIENTED_EDGE('',*,*,#1098,.T.);
#1459=ORIENTED_EDGE('',*,*,#1099,.T.);
#1460=ORIENTED_EDGE('',*,*,#1095,.F.);
#1461=ORIENTED_EDGE('',*,*,#1100,.F.);
#1462=ORIENTED_EDGE('',*,*,#1101,.T.);
#1463=ORIENTED_EDGE('',*,*,#1102,.T.);
#1464=ORIENTED_EDGE('',*,*,#1098,.F.);
#1465=ORIENTED_EDGE('',*,*,#1103,.F.);
#1466=ORIENTED_EDGE('',*,*,#1104,.T.);
#1467=ORIENTED_EDGE('',*,*,#1105,.T.);
#1468=ORIENTED_EDGE('',*,*,#1101,.F.);
#1469=ORIENTED_EDGE('',*,*,#1106,.F.);
#1470=ORIENTED_EDGE('',*,*,#1107,.T.);
#1471=ORIENTED_EDGE('',*,*,#1108,.T.);
#1472=ORIENTED_EDGE('',*,*,#1104,.F.);
#1473=ORIENTED_EDGE('',*,*,#1109,.F.);
#1474=ORIENTED_EDGE('',*,*,#1051,.T.);
#1475=ORIENTED_EDGE('',*,*,#1110,.T.);
#1476=ORIENTED_EDGE('',*,*,#1107,.F.);
#1477=ORIENTED_EDGE('',*,*,#1110,.F.);
#1478=ORIENTED_EDGE('',*,*,#1050,.F.);
#1479=ORIENTED_EDGE('',*,*,#1054,.F.);
#1480=ORIENTED_EDGE('',*,*,#1057,.F.);
#1481=ORIENTED_EDGE('',*,*,#1060,.F.);
#1482=ORIENTED_EDGE('',*,*,#1063,.F.);
#1483=ORIENTED_EDGE('',*,*,#1066,.F.);
#1484=ORIENTED_EDGE('',*,*,#1069,.F.);
#1485=ORIENTED_EDGE('',*,*,#1072,.F.);
#1486=ORIENTED_EDGE('',*,*,#1075,.F.);
#1487=ORIENTED_EDGE('',*,*,#1078,.F.);
#1488=ORIENTED_EDGE('',*,*,#1081,.F.);
#1489=ORIENTED_EDGE('',*,*,#1084,.F.);
#1490=ORIENTED_EDGE('',*,*,#1087,.F.);
#1491=ORIENTED_EDGE('',*,*,#1090,.F.);
#1492=ORIENTED_EDGE('',*,*,#1093,.F.);
#1493=ORIENTED_EDGE('',*,*,#1096,.F.);
#1494=ORIENTED_EDGE('',*,*,#1099,.F.);
#1495=ORIENTED_EDGE('',*,*,#1102,.F.);
#1496=ORIENTED_EDGE('',*,*,#1105,.F.);
#1497=ORIENTED_EDGE('',*,*,#1108,.F.);
#1498=ORIENTED_EDGE('',*,*,#1047,.F.);
#1499=ORIENTED_EDGE('',*,*,#1026,.F.);
#1500=ORIENTED_EDGE('',*,*,#1030,.F.);
#1501=ORIENTED_EDGE('',*,*,#1033,.F.);
#1502=ORIENTED_EDGE('',*,*,#1036,.F.);
#1503=ORIENTED_EDGE('',*,*,#1039,.F.);
#1504=ORIENTED_EDGE('',*,*,#1042,.F.);
#1505=ORIENTED_EDGE('',*,*,#1045,.F.);
#1506=ORIENTED_EDGE('',*,*,#1111,.F.);
#1507=ORIENTED_EDGE('',*,*,#1112,.T.);
#1508=ORIENTED_EDGE('',*,*,#1113,.T.);
#1509=ORIENTED_EDGE('',*,*,#1114,.F.);
#1510=ORIENTED_EDGE('',*,*,#1115,.F.);
#1511=ORIENTED_EDGE('',*,*,#1116,.T.);
#1512=ORIENTED_EDGE('',*,*,#1117,.T.);
#1513=ORIENTED_EDGE('',*,*,#1112,.F.);
#1514=ORIENTED_EDGE('',*,*,#1118,.F.);
#1515=ORIENTED_EDGE('',*,*,#1119,.T.);
#1516=ORIENTED_EDGE('',*,*,#1120,.T.);
#1517=ORIENTED_EDGE('',*,*,#1116,.F.);
#1518=ORIENTED_EDGE('',*,*,#1121,.F.);
#1519=ORIENTED_EDGE('',*,*,#1122,.T.);
#1520=ORIENTED_EDGE('',*,*,#1123,.T.);
#1521=ORIENTED_EDGE('',*,*,#1119,.F.);
#1522=ORIENTED_EDGE('',*,*,#1124,.F.);
#1523=ORIENTED_EDGE('',*,*,#1125,.T.);
#1524=ORIENTED_EDGE('',*,*,#1126,.T.);
#1525=ORIENTED_EDGE('',*,*,#1122,.F.);
#1526=ORIENTED_EDGE('',*,*,#1127,.F.);
#1527=ORIENTED_EDGE('',*,*,#1128,.T.);
#1528=ORIENTED_EDGE('',*,*,#1129,.T.);
#1529=ORIENTED_EDGE('',*,*,#1125,.F.);
#1530=ORIENTED_EDGE('',*,*,#1130,.F.);
#1531=ORIENTED_EDGE('',*,*,#1131,.T.);
#1532=ORIENTED_EDGE('',*,*,#1132,.T.);
#1533=ORIENTED_EDGE('',*,*,#1128,.F.);
#1534=ORIENTED_EDGE('',*,*,#1133,.F.);
#1535=ORIENTED_EDGE('',*,*,#1114,.T.);
#1536=ORIENTED_EDGE('',*,*,#1134,.T.);
#1537=ORIENTED_EDGE('',*,*,#1131,.F.);
#1538=ORIENTED_EDGE('',*,*,#1135,.F.);
#1539=ORIENTED_EDGE('',*,*,#1136,.T.);
#1540=ORIENTED_EDGE('',*,*,#1137,.T.);
#1541=ORIENTED_EDGE('',*,*,#1138,.F.);
#1542=ORIENTED_EDGE('',*,*,#1139,.F.);
#1543=ORIENTED_EDGE('',*,*,#1140,.T.);
#1544=ORIENTED_EDGE('',*,*,#1141,.T.);
#1545=ORIENTED_EDGE('',*,*,#1136,.F.);
#1546=ORIENTED_EDGE('',*,*,#1142,.F.);
#1547=ORIENTED_EDGE('',*,*,#1143,.T.);
#1548=ORIENTED_EDGE('',*,*,#1144,.T.);
#1549=ORIENTED_EDGE('',*,*,#1140,.F.);
#1550=ORIENTED_EDGE('',*,*,#1145,.F.);
#1551=ORIENTED_EDGE('',*,*,#1146,.T.);
#1552=ORIENTED_EDGE('',*,*,#1147,.T.);
#1553=ORIENTED_EDGE('',*,*,#1143,.F.);
#1554=ORIENTED_EDGE('',*,*,#1148,.F.);
#1555=ORIENTED_EDGE('',*,*,#1149,.T.);
#1556=ORIENTED_EDGE('',*,*,#1150,.T.);
#1557=ORIENTED_EDGE('',*,*,#1146,.F.);
#1558=ORIENTED_EDGE('',*,*,#1151,.F.);
#1559=ORIENTED_EDGE('',*,*,#1152,.T.);
#1560=ORIENTED_EDGE('',*,*,#1153,.T.);
#1561=ORIENTED_EDGE('',*,*,#1149,.F.);
#1562=ORIENTED_EDGE('',*,*,#1154,.F.);
#1563=ORIENTED_EDGE('',*,*,#1155,.T.);
#1564=ORIENTED_EDGE('',*,*,#1156,.T.);
#1565=ORIENTED_EDGE('',*,*,#1152,.F.);
#1566=ORIENTED_EDGE('',*,*,#1157,.F.);
#1567=ORIENTED_EDGE('',*,*,#1158,.T.);
#1568=ORIENTED_EDGE('',*,*,#1159,.T.);
#1569=ORIENTED_EDGE('',*,*,#1155,.F.);
#1570=ORIENTED_EDGE('',*,*,#1160,.F.);
#1571=ORIENTED_EDGE('',*,*,#1161,.T.);
#1572=ORIENTED_EDGE('',*,*,#1162,.T.);
#1573=ORIENTED_EDGE('',*,*,#1158,.F.);
#1574=ORIENTED_EDGE('',*,*,#1163,.F.);
#1575=ORIENTED_EDGE('',*,*,#1164,.T.);
#1576=ORIENTED_EDGE('',*,*,#1165,.T.);
#1577=ORIENTED_EDGE('',*,*,#1161,.F.);
#1578=ORIENTED_EDGE('',*,*,#1166,.F.);
#1579=ORIENTED_EDGE('',*,*,#1167,.T.);
#1580=ORIENTED_EDGE('',*,*,#1168,.T.);
#1581=ORIENTED_EDGE('',*,*,#1164,.F.);
#1582=ORIENTED_EDGE('',*,*,#1169,.F.);
#1583=ORIENTED_EDGE('',*,*,#1170,.T.);
#1584=ORIENTED_EDGE('',*,*,#1171,.T.);
#1585=ORIENTED_EDGE('',*,*,#1167,.F.);
#1586=ORIENTED_EDGE('',*,*,#1172,.F.);
#1587=ORIENTED_EDGE('',*,*,#1173,.T.);
#1588=ORIENTED_EDGE('',*,*,#1174,.T.);
#1589=ORIENTED_EDGE('',*,*,#1170,.F.);
#1590=ORIENTED_EDGE('',*,*,#1175,.F.);
#1591=ORIENTED_EDGE('',*,*,#1176,.T.);
#1592=ORIENTED_EDGE('',*,*,#1177,.T.);
#1593=ORIENTED_EDGE('',*,*,#1173,.F.);
#1594=ORIENTED_EDGE('',*,*,#1178,.F.);
#1595=ORIENTED_EDGE('',*,*,#1179,.T.);
#1596=ORIENTED_EDGE('',*,*,#1180,.T.);
#1597=ORIENTED_EDGE('',*,*,#1176,.F.);
#1598=ORIENTED_EDGE('',*,*,#1181,.F.);
#1599=ORIENTED_EDGE('',*,*,#1182,.T.);
#1600=ORIENTED_EDGE('',*,*,#1183,.T.);
#1601=ORIENTED_EDGE('',*,*,#1179,.F.);
#1602=ORIENTED_EDGE('',*,*,#1184,.F.);
#1603=ORIENTED_EDGE('',*,*,#1185,.T.);
#1604=ORIENTED_EDGE('',*,*,#1186,.T.);
#1605=ORIENTED_EDGE('',*,*,#1182,.F.);
#1606=ORIENTED_EDGE('',*,*,#1187,.F.);
#1607=ORIENTED_EDGE('',*,*,#1188,.T.);
#1608=ORIENTED_EDGE('',*,*,#1189,.T.);
#1609=ORIENTED_EDGE('',*,*,#1185,.F.);
#1610=ORIENTED_EDGE('',*,*,#1190,.F.);
#1611=ORIENTED_EDGE('',*,*,#1138,.T.);
#1612=ORIENTED_EDGE('',*,*,#1191,.T.);
#1613=ORIENTED_EDGE('',*,*,#1188,.F.);
#1614=ORIENTED_EDGE('',*,*,#1191,.F.);
#1615=ORIENTED_EDGE('',*,*,#1137,.F.);
#1616=ORIENTED_EDGE('',*,*,#1141,.F.);
#1617=ORIENTED_EDGE('',*,*,#1144,.F.);
#1618=ORIENTED_EDGE('',*,*,#1147,.F.);
#1619=ORIENTED_EDGE('',*,*,#1150,.F.);
#1620=ORIENTED_EDGE('',*,*,#1153,.F.);
#1621=ORIENTED_EDGE('',*,*,#1156,.F.);
#1622=ORIENTED_EDGE('',*,*,#1159,.F.);
#1623=ORIENTED_EDGE('',*,*,#1162,.F.);
#1624=ORIENTED_EDGE('',*,*,#1165,.F.);
#1625=ORIENTED_EDGE('',*,*,#1168,.F.);
#1626=ORIENTED_EDGE('',*,*,#1171,.F.);
#1627=ORIENTED_EDGE('',*,*,#1174,.F.);
#1628=ORIENTED_EDGE('',*,*,#1177,.F.);
#1629=ORIENTED_EDGE('',*,*,#1180,.F.);
#1630=ORIENTED_EDGE('',*,*,#1183,.F.);
#1631=ORIENTED_EDGE('',*,*,#1186,.F.);
#1632=ORIENTED_EDGE('',*,*,#1189,.F.);
#1633=ORIENTED_EDGE('',*,*,#1134,.F.);
#1634=ORIENTED_EDGE('',*,*,#1113,.F.);
#1635=ORIENTED_EDGE('',*,*,#1117,.F.);
#1636=ORIENTED_EDGE('',*,*,#1120,.F.);
#1637=ORIENTED_EDGE('',*,*,#1123,.F.);
#1638=ORIENTED_EDGE('',*,*,#1126,.F.);
#1639=ORIENTED_EDGE('',*,*,#1129,.F.);
#1640=ORIENTED_EDGE('',*,*,#1132,.F.);
#1641=ORIENTED_EDGE('',*,*,#1192,.F.);
#1642=ORIENTED_EDGE('',*,*,#1193,.T.);
#1643=ORIENTED_EDGE('',*,*,#1194,.F.);
#1644=ORIENTED_EDGE('',*,*,#1195,.T.);
#1645=ORIENTED_EDGE('',*,*,#1196,.T.);
#1646=ORIENTED_EDGE('',*,*,#1197,.T.);
#1647=ORIENTED_EDGE('',*,*,#946,.T.);
#1648=ORIENTED_EDGE('',*,*,#956,.T.);
#1649=ORIENTED_EDGE('',*,*,#953,.T.);
#1650=ORIENTED_EDGE('',*,*,#950,.T.);
#1651=ORIENTED_EDGE('',*,*,#958,.T.);
#1652=ORIENTED_EDGE('',*,*,#968,.T.);
#1653=ORIENTED_EDGE('',*,*,#965,.T.);
#1654=ORIENTED_EDGE('',*,*,#962,.T.);
#1655=ORIENTED_EDGE('',*,*,#970,.T.);
#1656=ORIENTED_EDGE('',*,*,#1022,.T.);
#1657=ORIENTED_EDGE('',*,*,#1019,.T.);
#1658=ORIENTED_EDGE('',*,*,#1016,.T.);
#1659=ORIENTED_EDGE('',*,*,#1013,.T.);
#1660=ORIENTED_EDGE('',*,*,#1010,.T.);
#1661=ORIENTED_EDGE('',*,*,#1007,.T.);
#1662=ORIENTED_EDGE('',*,*,#1004,.T.);
#1663=ORIENTED_EDGE('',*,*,#1001,.T.);
#1664=ORIENTED_EDGE('',*,*,#998,.T.);
#1665=ORIENTED_EDGE('',*,*,#995,.T.);
#1666=ORIENTED_EDGE('',*,*,#992,.T.);
#1667=ORIENTED_EDGE('',*,*,#989,.T.);
#1668=ORIENTED_EDGE('',*,*,#986,.T.);
#1669=ORIENTED_EDGE('',*,*,#983,.T.);
#1670=ORIENTED_EDGE('',*,*,#980,.T.);
#1671=ORIENTED_EDGE('',*,*,#977,.T.);
#1672=ORIENTED_EDGE('',*,*,#974,.T.);
#1673=ORIENTED_EDGE('',*,*,#1048,.T.);
#1674=ORIENTED_EDGE('',*,*,#1109,.T.);
#1675=ORIENTED_EDGE('',*,*,#1106,.T.);
#1676=ORIENTED_EDGE('',*,*,#1103,.T.);
#1677=ORIENTED_EDGE('',*,*,#1100,.T.);
#1678=ORIENTED_EDGE('',*,*,#1097,.T.);
#1679=ORIENTED_EDGE('',*,*,#1094,.T.);
#1680=ORIENTED_EDGE('',*,*,#1091,.T.);
#1681=ORIENTED_EDGE('',*,*,#1088,.T.);
#1682=ORIENTED_EDGE('',*,*,#1085,.T.);
#1683=ORIENTED_EDGE('',*,*,#1082,.T.);
#1684=ORIENTED_EDGE('',*,*,#1079,.T.);
#1685=ORIENTED_EDGE('',*,*,#1076,.T.);
#1686=ORIENTED_EDGE('',*,*,#1073,.T.);
#1687=ORIENTED_EDGE('',*,*,#1070,.T.);
#1688=ORIENTED_EDGE('',*,*,#1067,.T.);
#1689=ORIENTED_EDGE('',*,*,#1064,.T.);
#1690=ORIENTED_EDGE('',*,*,#1061,.T.);
#1691=ORIENTED_EDGE('',*,*,#1058,.T.);
#1692=ORIENTED_EDGE('',*,*,#1055,.T.);
#1693=ORIENTED_EDGE('',*,*,#1052,.T.);
#1694=ORIENTED_EDGE('',*,*,#1135,.T.);
#1695=ORIENTED_EDGE('',*,*,#1190,.T.);
#1696=ORIENTED_EDGE('',*,*,#1187,.T.);
#1697=ORIENTED_EDGE('',*,*,#1184,.T.);
#1698=ORIENTED_EDGE('',*,*,#1181,.T.);
#1699=ORIENTED_EDGE('',*,*,#1178,.T.);
#1700=ORIENTED_EDGE('',*,*,#1175,.T.);
#1701=ORIENTED_EDGE('',*,*,#1172,.T.);
#1702=ORIENTED_EDGE('',*,*,#1169,.T.);
#1703=ORIENTED_EDGE('',*,*,#1166,.T.);
#1704=ORIENTED_EDGE('',*,*,#1163,.T.);
#1705=ORIENTED_EDGE('',*,*,#1160,.T.);
#1706=ORIENTED_EDGE('',*,*,#1157,.T.);
#1707=ORIENTED_EDGE('',*,*,#1154,.T.);
#1708=ORIENTED_EDGE('',*,*,#1151,.T.);
#1709=ORIENTED_EDGE('',*,*,#1148,.T.);
#1710=ORIENTED_EDGE('',*,*,#1145,.T.);
#1711=ORIENTED_EDGE('',*,*,#1142,.T.);
#1712=ORIENTED_EDGE('',*,*,#1139,.T.);
#1713=ORIENTED_EDGE('',*,*,#1198,.T.);
#1714=ORIENTED_EDGE('',*,*,#1199,.T.);
#1715=ORIENTED_EDGE('',*,*,#1200,.T.);
#1716=ORIENTED_EDGE('',*,*,#1111,.T.);
#1717=ORIENTED_EDGE('',*,*,#1133,.T.);
#1718=ORIENTED_EDGE('',*,*,#1130,.T.);
#1719=ORIENTED_EDGE('',*,*,#1127,.T.);
#1720=ORIENTED_EDGE('',*,*,#1124,.T.);
#1721=ORIENTED_EDGE('',*,*,#1121,.T.);
#1722=ORIENTED_EDGE('',*,*,#1118,.T.);
#1723=ORIENTED_EDGE('',*,*,#1115,.T.);
#1724=ORIENTED_EDGE('',*,*,#1192,.T.);
#1725=ORIENTED_EDGE('',*,*,#1201,.T.);
#1726=ORIENTED_EDGE('',*,*,#1202,.T.);
#1727=ORIENTED_EDGE('',*,*,#1203,.T.);
#1728=ORIENTED_EDGE('',*,*,#1203,.F.);
#1729=ORIENTED_EDGE('',*,*,#1204,.F.);
#1730=ORIENTED_EDGE('',*,*,#1205,.F.);
#1731=ORIENTED_EDGE('',*,*,#1193,.F.);
#1732=ORIENTED_EDGE('',*,*,#1202,.F.);
#1733=ORIENTED_EDGE('',*,*,#1206,.F.);
#1734=ORIENTED_EDGE('',*,*,#1207,.T.);
#1735=ORIENTED_EDGE('',*,*,#1208,.T.);
#1736=ORIENTED_EDGE('',*,*,#1209,.T.);
#1737=ORIENTED_EDGE('',*,*,#1210,.T.);
#1738=ORIENTED_EDGE('',*,*,#1211,.T.);
#1739=ORIENTED_EDGE('',*,*,#1212,.T.);
#1740=ORIENTED_EDGE('',*,*,#1213,.F.);
#1741=ORIENTED_EDGE('',*,*,#1204,.T.);
#1742=ORIENTED_EDGE('',*,*,#1214,.F.);
#1743=ORIENTED_EDGE('',*,*,#1215,.F.);
#1744=ORIENTED_EDGE('',*,*,#1216,.F.);
#1745=ORIENTED_EDGE('',*,*,#1194,.T.);
#1746=ORIENTED_EDGE('',*,*,#1205,.T.);
#1747=ORIENTED_EDGE('',*,*,#1213,.T.);
#1748=ORIENTED_EDGE('',*,*,#1217,.T.);
#1749=ORIENTED_EDGE('',*,*,#1209,.F.);
#1750=ORIENTED_EDGE('',*,*,#1218,.T.);
#1751=ORIENTED_EDGE('',*,*,#1219,.T.);
#1752=ORIENTED_EDGE('',*,*,#1220,.T.);
#1753=ORIENTED_EDGE('',*,*,#1208,.F.);
#1754=ORIENTED_EDGE('',*,*,#1221,.F.);
#1755=ORIENTED_EDGE('',*,*,#1222,.F.);
#1756=ORIENTED_EDGE('',*,*,#1218,.F.);
#1757=ORIENTED_EDGE('',*,*,#1223,.F.);
#1758=ORIENTED_EDGE('',*,*,#1224,.F.);
#1759=ORIENTED_EDGE('',*,*,#1219,.F.);
#1760=ORIENTED_EDGE('',*,*,#1222,.T.);
#1761=ORIENTED_EDGE('',*,*,#1210,.F.);
#1762=ORIENTED_EDGE('',*,*,#1220,.F.);
#1763=ORIENTED_EDGE('',*,*,#1224,.T.);
#1764=ORIENTED_EDGE('',*,*,#1225,.F.);
#1765=ORIENTED_EDGE('',*,*,#1207,.F.);
#1766=ORIENTED_EDGE('',*,*,#1226,.T.);
#1767=ORIENTED_EDGE('',*,*,#1196,.F.);
#1768=ORIENTED_EDGE('',*,*,#1227,.F.);
#1769=ORIENTED_EDGE('',*,*,#1211,.F.);
#1770=ORIENTED_EDGE('',*,*,#1225,.T.);
#1771=ORIENTED_EDGE('',*,*,#1223,.T.);
#1772=ORIENTED_EDGE('',*,*,#1221,.T.);
#1773=ORIENTED_EDGE('',*,*,#1216,.T.);
#1774=ORIENTED_EDGE('',*,*,#1228,.T.);
#1775=ORIENTED_EDGE('',*,*,#1200,.F.);
#1776=ORIENTED_EDGE('',*,*,#1228,.F.);
#1777=ORIENTED_EDGE('',*,*,#1215,.T.);
#1778=ORIENTED_EDGE('',*,*,#1229,.T.);
#1779=ORIENTED_EDGE('',*,*,#1199,.F.);
#1780=ORIENTED_EDGE('',*,*,#1229,.F.);
#1781=ORIENTED_EDGE('',*,*,#1214,.T.);
#1782=ORIENTED_EDGE('',*,*,#1230,.T.);
#1783=ORIENTED_EDGE('',*,*,#1198,.F.);
#1784=ORIENTED_EDGE('',*,*,#1230,.F.);
#1785=ORIENTED_EDGE('',*,*,#1217,.F.);
#1786=ORIENTED_EDGE('',*,*,#1212,.F.);
#1787=ORIENTED_EDGE('',*,*,#1227,.T.);
#1788=ORIENTED_EDGE('',*,*,#1195,.F.);
#1789=ORIENTED_EDGE('',*,*,#1201,.F.);
#1790=ORIENTED_EDGE('',*,*,#1197,.F.);
#1791=ORIENTED_EDGE('',*,*,#1226,.F.);
#1792=ORIENTED_EDGE('',*,*,#1206,.T.);
#1793=ORIENTED_EDGE('',*,*,#1024,.T.);
#1794=ORIENTED_EDGE('',*,*,#1046,.T.);
#1795=ORIENTED_EDGE('',*,*,#1043,.T.);
#1796=ORIENTED_EDGE('',*,*,#1040,.T.);
#1797=ORIENTED_EDGE('',*,*,#1037,.T.);
#1798=ORIENTED_EDGE('',*,*,#1034,.T.);
#1799=ORIENTED_EDGE('',*,*,#1031,.T.);
#1800=ORIENTED_EDGE('',*,*,#1028,.T.);
#1801=PLANE('',#1963);
#1802=PLANE('',#1964);
#1803=PLANE('',#1965);
#1804=PLANE('',#1966);
#1805=PLANE('',#1967);
#1806=PLANE('',#1968);
#1807=PLANE('',#1969);
#1808=PLANE('',#1970);
#1809=PLANE('',#1971);
#1810=PLANE('',#1972);
#1811=PLANE('',#1973);
#1812=PLANE('',#1974);
#1813=PLANE('',#1975);
#1814=PLANE('',#1976);
#1815=PLANE('',#1977);
#1816=PLANE('',#1978);
#1817=PLANE('',#1979);
#1818=PLANE('',#1980);
#1819=PLANE('',#1981);
#1820=PLANE('',#1982);
#1821=PLANE('',#1983);
#1822=PLANE('',#1984);
#1823=PLANE('',#1985);
#1824=PLANE('',#1986);
#1825=PLANE('',#1987);
#1826=PLANE('',#1988);
#1827=PLANE('',#1989);
#1828=PLANE('',#1990);
#1829=PLANE('',#1991);
#1830=PLANE('',#1992);
#1831=PLANE('',#1993);
#1832=PLANE('',#1994);
#1833=PLANE('',#1995);
#1834=PLANE('',#1996);
#1835=PLANE('',#1997);
#1836=PLANE('',#1998);
#1837=PLANE('',#1999);
#1838=PLANE('',#2005);
#1839=PLANE('',#2008);
#1840=PLANE('',#2009);
#1841=PLANE('',#2015);
#1842=PLANE('',#2019);
#1843=PLANE('',#2020);
#1844=PLANE('',#2021);
#1845=ADVANCED_FACE('',(#211),#1801,.F.);
#1846=ADVANCED_FACE('',(#212),#1802,.F.);
#1847=ADVANCED_FACE('',(#213),#1803,.F.);
#1848=ADVANCED_FACE('',(#214),#1804,.F.);
#1849=ADVANCED_FACE('',(#215),#1805,.F.);
#1850=ADVANCED_FACE('',(#216),#1806,.F.);
#1851=ADVANCED_FACE('',(#217),#1807,.F.);
#1852=ADVANCED_FACE('',(#218),#1808,.F.);
#1853=ADVANCED_FACE('',(#219),#1809,.F.);
#1854=ADVANCED_FACE('',(#220),#1810,.F.);
#1855=ADVANCED_FACE('',(#221),#1811,.F.);
#1856=ADVANCED_FACE('',(#222),#156,.F.);
#1857=ADVANCED_FACE('',(#223),#157,.F.);
#1858=ADVANCED_FACE('',(#224),#158,.F.);
#1859=ADVANCED_FACE('',(#225),#159,.F.);
#1860=ADVANCED_FACE('',(#226),#160,.F.);
#1861=ADVANCED_FACE('',(#227),#1812,.F.);
#1862=ADVANCED_FACE('',(#228),#1813,.F.);
#1863=ADVANCED_FACE('',(#229),#1814,.F.);
#1864=ADVANCED_FACE('',(#230),#161,.F.);
#1865=ADVANCED_FACE('',(#231),#162,.F.);
#1866=ADVANCED_FACE('',(#232),#163,.F.);
#1867=ADVANCED_FACE('',(#233),#164,.F.);
#1868=ADVANCED_FACE('',(#234),#165,.F.);
#1869=ADVANCED_FACE('',(#235),#1815,.F.);
#1870=ADVANCED_FACE('',(#236),#1816,.F.);
#1871=ADVANCED_FACE('',(#237),#1817,.F.);
#1872=ADVANCED_FACE('',(#238),#1818,.F.);
#1873=ADVANCED_FACE('',(#239),#1819,.T.);
#1874=ADVANCED_FACE('',(#240),#166,.F.);
#1875=ADVANCED_FACE('',(#241),#167,.F.);
#1876=ADVANCED_FACE('',(#242),#168,.F.);
#1877=ADVANCED_FACE('',(#243),#169,.F.);
#1878=ADVANCED_FACE('',(#244),#170,.F.);
#1879=ADVANCED_FACE('',(#245),#171,.F.);
#1880=ADVANCED_FACE('',(#246),#172,.F.);
#1881=ADVANCED_FACE('',(#247),#173,.F.);
#1882=ADVANCED_FACE('',(#248),#174,.F.);
#1883=ADVANCED_FACE('',(#249),#175,.F.);
#1884=ADVANCED_FACE('',(#250),#176,.F.);
#1885=ADVANCED_FACE('',(#251),#177,.F.);
#1886=ADVANCED_FACE('',(#252),#1820,.F.);
#1887=ADVANCED_FACE('',(#253),#1821,.F.);
#1888=ADVANCED_FACE('',(#254),#1822,.F.);
#1889=ADVANCED_FACE('',(#255),#178,.F.);
#1890=ADVANCED_FACE('',(#256),#179,.F.);
#1891=ADVANCED_FACE('',(#257),#180,.F.);
#1892=ADVANCED_FACE('',(#258),#181,.F.);
#1893=ADVANCED_FACE('',(#259),#182,.F.);
#1894=ADVANCED_FACE('',(#260),#183,.F.);
#1895=ADVANCED_FACE('',(#261),#184,.F.);
#1896=ADVANCED_FACE('',(#262),#185,.F.);
#1897=ADVANCED_FACE('',(#263),#186,.F.);
#1898=ADVANCED_FACE('',(#264),#187,.F.);
#1899=ADVANCED_FACE('',(#265),#188,.F.);
#1900=ADVANCED_FACE('',(#266),#189,.F.);
#1901=ADVANCED_FACE('',(#267),#1823,.F.);
#1902=ADVANCED_FACE('',(#268),#190,.F.);
#1903=ADVANCED_FACE('',(#269,#30),#1824,.T.);
#1904=ADVANCED_FACE('',(#270),#1825,.F.);
#1905=ADVANCED_FACE('',(#271),#191,.F.);
#1906=ADVANCED_FACE('',(#272),#192,.F.);
#1907=ADVANCED_FACE('',(#273),#193,.F.);
#1908=ADVANCED_FACE('',(#274),#194,.F.);
#1909=ADVANCED_FACE('',(#275),#195,.F.);
#1910=ADVANCED_FACE('',(#276),#1826,.F.);
#1911=ADVANCED_FACE('',(#277),#1827,.F.);
#1912=ADVANCED_FACE('',(#278),#1828,.F.);
#1913=ADVANCED_FACE('',(#279),#1829,.F.);
#1914=ADVANCED_FACE('',(#280),#196,.F.);
#1915=ADVANCED_FACE('',(#281),#197,.F.);
#1916=ADVANCED_FACE('',(#282),#198,.F.);
#1917=ADVANCED_FACE('',(#283),#199,.F.);
#1918=ADVANCED_FACE('',(#284),#1830,.F.);
#1919=ADVANCED_FACE('',(#285),#1831,.F.);
#1920=ADVANCED_FACE('',(#286),#1832,.F.);
#1921=ADVANCED_FACE('',(#287),#200,.F.);
#1922=ADVANCED_FACE('',(#288),#201,.F.);
#1923=ADVANCED_FACE('',(#289),#202,.F.);
#1924=ADVANCED_FACE('',(#290),#203,.F.);
#1925=ADVANCED_FACE('',(#291),#204,.F.);
#1926=ADVANCED_FACE('',(#292),#205,.F.);
#1927=ADVANCED_FACE('',(#293),#206,.F.);
#1928=ADVANCED_FACE('',(#294),#1833,.F.);
#1929=ADVANCED_FACE('',(#295),#1834,.F.);
#1930=ADVANCED_FACE('',(#296),#1835,.F.);
#1931=ADVANCED_FACE('',(#297,#31),#1836,.T.);
#1932=ADVANCED_FACE('',(#298,#32,#33,#34,#35,#36,#37,#38,#39),#1837,.T.);
#1933=ADVANCED_FACE('',(#299),#1838,.T.);
#1934=ADVANCED_FACE('',(#300),#15,.T.);
#1935=ADVANCED_FACE('',(#301),#1839,.T.);
#1936=ADVANCED_FACE('',(#302,#40,#41,#42),#1840,.F.);
#1937=ADVANCED_FACE('',(#303),#16,.T.);
#1938=ADVANCED_FACE('',(#304),#207,.F.);
#1939=ADVANCED_FACE('',(#305),#208,.F.);
#1940=ADVANCED_FACE('',(#306),#209,.F.);
#1941=ADVANCED_FACE('',(#307),#210,.F.);
#1942=ADVANCED_FACE('',(#308),#1841,.T.);
#1943=ADVANCED_FACE('',(#309),#17,.F.);
#1944=ADVANCED_FACE('',(#310),#18,.F.);
#1945=ADVANCED_FACE('',(#311),#19,.F.);
#1946=ADVANCED_FACE('',(#312),#1842,.T.);
#1947=ADVANCED_FACE('',(#313),#1843,.T.);
#1948=ADVANCED_FACE('',(#314),#1844,.T.);
#1949=CLOSED_SHELL('',(#1845,#1846,#1847,#1848,#1849,#1850,#1851,#1852,
#1853,#1854,#1855,#1856,#1857,#1858,#1859,#1860,#1861,#1862,#1863,#1864,
#1865,#1866,#1867,#1868,#1869,#1870,#1871,#1872,#1873,#1874,#1875,#1876,
#1877,#1878,#1879,#1880,#1881,#1882,#1883,#1884,#1885,#1886,#1887,#1888,
#1889,#1890,#1891,#1892,#1893,#1894,#1895,#1896,#1897,#1898,#1899,#1900,
#1901,#1902,#1903,#1904,#1905,#1906,#1907,#1908,#1909,#1910,#1911,#1912,
#1913,#1914,#1915,#1916,#1917,#1918,#1919,#1920,#1921,#1922,#1923,#1924,
#1925,#1926,#1927,#1928,#1929,#1930,#1931,#1932,#1933,#1934,#1935,#1936,
#1937,#1938,#1939,#1940,#1941,#1942,#1943,#1944,#1945,#1946,#1947,#1948));
#1950=DERIVED_UNIT_ELEMENT(#1952,1.);
#1951=DERIVED_UNIT_ELEMENT(#5943,-3.);
#1952=(
MASS_UNIT()
NAMED_UNIT(*)
SI_UNIT(.KILO.,.GRAM.)
);
#1953=DERIVED_UNIT((#1950,#1951));
#1954=MEASURE_REPRESENTATION_ITEM('density measure',
POSITIVE_RATIO_MEASURE(7850.),#1953);
#1955=PROPERTY_DEFINITION_REPRESENTATION(#1960,#1957);
#1956=PROPERTY_DEFINITION_REPRESENTATION(#1961,#1958);
#1957=REPRESENTATION('material name',(#1959),#5940);
#1958=REPRESENTATION('density',(#1954),#5940);
#1959=DESCRIPTIVE_REPRESENTATION_ITEM('\X2\92FC\X0\','\X2\92FC\X0\');
#1960=PROPERTY_DEFINITION('material property','material name',#5950);
#1961=PROPERTY_DEFINITION('material property','density of part',#5950);
#1962=AXIS2_PLACEMENT_3D('',#2304,#2022,#2023);
#1963=AXIS2_PLACEMENT_3D('',#2305,#2024,#2025);
#1964=AXIS2_PLACEMENT_3D('',#2314,#2030,#2031);
#1965=AXIS2_PLACEMENT_3D('',#2320,#2035,#2036);
#1966=AXIS2_PLACEMENT_3D('',#2326,#2040,#2041);
#1967=AXIS2_PLACEMENT_3D('',#2329,#2044,#2045);
#1968=AXIS2_PLACEMENT_3D('',#2330,#2046,#2047);
#1969=AXIS2_PLACEMENT_3D('',#2339,#2052,#2053);
#1970=AXIS2_PLACEMENT_3D('',#2345,#2057,#2058);
#1971=AXIS2_PLACEMENT_3D('',#2351,#2062,#2063);
#1972=AXIS2_PLACEMENT_3D('',#2354,#2066,#2067);
#1973=AXIS2_PLACEMENT_3D('',#2355,#2068,#2069);
#1974=AXIS2_PLACEMENT_3D('',#2479,#2079,#2080);
#1975=AXIS2_PLACEMENT_3D('',#2485,#2084,#2085);
#1976=AXIS2_PLACEMENT_3D('',#2491,#2089,#2090);
#1977=AXIS2_PLACEMENT_3D('',#2612,#2099,#2100);
#1978=AXIS2_PLACEMENT_3D('',#2618,#2104,#2105);
#1979=AXIS2_PLACEMENT_3D('',#2624,#2109,#2110);
#1980=AXIS2_PLACEMENT_3D('',#2630,#2114,#2115);
#1981=AXIS2_PLACEMENT_3D('',#2633,#2118,#2119);
#1982=AXIS2_PLACEMENT_3D('',#2913,#2133,#2134);
#1983=AXIS2_PLACEMENT_3D('',#2919,#2138,#2139);
#1984=AXIS2_PLACEMENT_3D('',#2925,#2143,#2144);
#1985=AXIS2_PLACEMENT_3D('',#3207,#2160,#2161);
#1986=AXIS2_PLACEMENT_3D('',#3233,#2165,#2166);
#1987=AXIS2_PLACEMENT_3D('',#3234,#2167,#2168);
#1988=AXIS2_PLACEMENT_3D('',#3358,#2178,#2179);
#1989=AXIS2_PLACEMENT_3D('',#3364,#2183,#2184);
#1990=AXIS2_PLACEMENT_3D('',#3367,#2187,#2188);
#1991=AXIS2_PLACEMENT_3D('',#3376,#2193,#2194);
#1992=AXIS2_PLACEMENT_3D('',#3474,#2202,#2203);
#1993=AXIS2_PLACEMENT_3D('',#3480,#2207,#2208);
#1994=AXIS2_PLACEMENT_3D('',#3486,#2212,#2213);
#1995=AXIS2_PLACEMENT_3D('',#3653,#2224,#2225);
#1996=AXIS2_PLACEMENT_3D('',#3659,#2229,#2230);
#1997=AXIS2_PLACEMENT_3D('',#3665,#2234,#2235);
#1998=AXIS2_PLACEMENT_3D('',#3668,#2238,#2239);
#1999=AXIS2_PLACEMENT_3D('',#3669,#2240,#2241);
#2000=AXIS2_PLACEMENT_3D('',#3672,#2242,#2243);
#2001=AXIS2_PLACEMENT_3D('',#3676,#2245,#2246);
#2002=AXIS2_PLACEMENT_3D('',#3683,#2250,#2251);
#2003=AXIS2_PLACEMENT_3D('',#3685,#2252,#2253);
#2004=AXIS2_PLACEMENT_3D('',#3687,#2254,#2255);
#2005=AXIS2_PLACEMENT_3D('',#3688,#2256,#2257);
#2006=AXIS2_PLACEMENT_3D('',#3689,#2258,#2259);
#2007=AXIS2_PLACEMENT_3D('',#3693,#2261,#2262);
#2008=AXIS2_PLACEMENT_3D('',#3695,#2264,#2265);
#2009=AXIS2_PLACEMENT_3D('',#3699,#2268,#2269);
#2010=AXIS2_PLACEMENT_3D('',#3743,#2274,#2275);
#2011=AXIS2_PLACEMENT_3D('',#3745,#2276,#2277);
#2012=AXIS2_PLACEMENT_3D('',#3747,#2278,#2279);
#2013=AXIS2_PLACEMENT_3D('',#3749,#2280,#2281);
#2014=AXIS2_PLACEMENT_3D('',#3750,#2282,#2283);
#2015=AXIS2_PLACEMENT_3D('',#5926,#2285,#2286);
#2016=AXIS2_PLACEMENT_3D('',#5929,#2289,#2290);
#2017=AXIS2_PLACEMENT_3D('',#5931,#2292,#2293);
#2018=AXIS2_PLACEMENT_3D('',#5933,#2295,#2296);
#2019=AXIS2_PLACEMENT_3D('',#5935,#2298,#2299);
#2020=AXIS2_PLACEMENT_3D('',#5936,#2300,#2301);
#2021=AXIS2_PLACEMENT_3D('',#5937,#2302,#2303);
#2022=DIRECTION('axis',(0.,0.,1.));
#2023=DIRECTION('refdir',(1.,0.,0.));
#2024=DIRECTION('center_axis',(0.,0.576352214899782,-0.8172013976861));
#2025=DIRECTION('ref_axis',(1.,0.,0.));
#2026=DIRECTION('',(1.,0.,0.));
#2027=DIRECTION('',(0.,-0.8172013976861,-0.576352214899782));
#2028=DIRECTION('',(1.,0.,0.));
#2029=DIRECTION('',(0.,-0.8172013976861,-0.576352214899782));
#2030=DIRECTION('center_axis',(-1.,0.,0.));
#2031=DIRECTION('ref_axis',(0.,0.57635221489979,-0.817201397686094));
#2032=DIRECTION('',(0.,0.57635221489979,-0.817201397686094));
#2033=DIRECTION('',(0.,-0.8172013976861,-0.576352214899782));
#2034=DIRECTION('',(0.,0.57635221489979,-0.817201397686094));
#2035=DIRECTION('center_axis',(0.,-0.576352214899782,0.8172013976861));
#2036=DIRECTION('ref_axis',(-1.,0.,0.));
#2037=DIRECTION('',(-1.,0.,0.));
#2038=DIRECTION('',(0.,-0.8172013976861,-0.576352214899782));
#2039=DIRECTION('',(-1.,0.,0.));
#2040=DIRECTION('center_axis',(1.,0.,0.));
#2041=DIRECTION('ref_axis',(0.,-0.57635221489979,0.817201397686094));
#2042=DIRECTION('',(0.,-0.57635221489979,0.817201397686094));
#2043=DIRECTION('',(0.,-0.57635221489979,0.817201397686094));
#2044=DIRECTION('center_axis',(0.,-0.8172013976861,-0.576352214899782));
#2045=DIRECTION('ref_axis',(-1.,0.,0.));
#2046=DIRECTION('center_axis',(0.,0.576352214899782,-0.8172013976861));
#2047=DIRECTION('ref_axis',(1.,0.,0.));
#2048=DIRECTION('',(1.,0.,0.));
#2049=DIRECTION('',(0.,-0.8172013976861,-0.576352214899782));
#2050=DIRECTION('',(1.,0.,0.));
#2051=DIRECTION('',(0.,-0.8172013976861,-0.576352214899782));
#2052=DIRECTION('center_axis',(-1.,0.,0.));
#2053=DIRECTION('ref_axis',(0.,0.57635221489979,-0.817201397686094));
#2054=DIRECTION('',(0.,0.57635221489979,-0.817201397686094));
#2055=DIRECTION('',(0.,-0.8172013976861,-0.576352214899782));
#2056=DIRECTION('',(0.,0.57635221489979,-0.817201397686094));
#2057=DIRECTION('center_axis',(0.,-0.576352214899782,0.8172013976861));
#2058=DIRECTION('ref_axis',(-1.,0.,0.));
#2059=DIRECTION('',(-1.,0.,0.));
#2060=DIRECTION('',(0.,-0.8172013976861,-0.576352214899782));
#2061=DIRECTION('',(-1.,0.,0.));
#2062=DIRECTION('center_axis',(1.,0.,0.));
#2063=DIRECTION('ref_axis',(0.,-0.57635221489979,0.817201397686094));
#2064=DIRECTION('',(0.,-0.57635221489979,0.817201397686094));
#2065=DIRECTION('',(0.,-0.57635221489979,0.817201397686094));
#2066=DIRECTION('center_axis',(0.,-0.8172013976861,-0.576352214899782));
#2067=DIRECTION('ref_axis',(-1.,0.,0.));
#2068=DIRECTION('center_axis',(0.,0.576352214899782,-0.8172013976861));
#2069=DIRECTION('ref_axis',(1.,0.,0.));
#2070=DIRECTION('',(1.,0.,0.));
#2071=DIRECTION('',(0.,-0.8172013976861,-0.576352214899782));
#2072=DIRECTION('',(1.,0.,0.));
#2073=DIRECTION('',(0.,-0.8172013976861,-0.576352214899782));
#2074=DIRECTION('',(0.,-0.8172013976861,-0.576352214899782));
#2075=DIRECTION('',(0.,-0.8172013976861,-0.576352214899782));
#2076=DIRECTION('',(0.,-0.8172013976861,-0.576352214899782));
#2077=DIRECTION('',(0.,-0.8172013976861,-0.576352214899782));
#2078=DIRECTION('',(0.,-0.8172013976861,-0.576352214899782));
#2079=DIRECTION('center_axis',(0.,-0.576352214899782,0.8172013976861));
#2080=DIRECTION('ref_axis',(-1.,0.,0.));
#2081=DIRECTION('',(-1.,0.,0.));
#2082=DIRECTION('',(0.,-0.8172013976861,-0.576352214899782));
#2083=DIRECTION('',(-1.,0.,0.));
#2084=DIRECTION('center_axis',(1.,0.,0.));
#2085=DIRECTION('ref_axis',(0.,-0.57635221489979,0.817201397686094));
#2086=DIRECTION('',(0.,-0.57635221489979,0.817201397686094));
#2087=DIRECTION('',(0.,-0.8172013976861,-0.576352214899782));
#2088=DIRECTION('',(0.,-0.57635221489979,0.817201397686094));
#2089=DIRECTION('center_axis',(0.,0.576352214899782,-0.8172013976861));
#2090=DIRECTION('ref_axis',(1.,0.,0.));
#2091=DIRECTION('',(1.,0.,0.));
#2092=DIRECTION('',(0.,-0.8172013976861,-0.576352214899782));
#2093=DIRECTION('',(1.,0.,0.));
#2094=DIRECTION('',(0.,-0.8172013976861,-0.576352214899782));
#2095=DIRECTION('',(0.,-0.8172013976861,-0.576352214899782));
#2096=DIRECTION('',(0.,-0.8172013976861,-0.576352214899782));
#2097=DIRECTION('',(0.,-0.8172013976861,-0.576352214899782));
#2098=DIRECTION('',(0.,-0.8172013976861,-0.576352214899782));
#2099=DIRECTION('center_axis',(0.,0.576352214899782,-0.8172013976861));
#2100=DIRECTION('ref_axis',(1.,0.,0.));
#2101=DIRECTION('',(1.,0.,0.));
#2102=DIRECTION('',(0.,-0.8172013976861,-0.576352214899782));
#2103=DIRECTION('',(1.,0.,0.));
#2104=DIRECTION('center_axis',(-1.,0.,0.));
#2105=DIRECTION('ref_axis',(0.,0.57635221489979,-0.817201397686094));
#2106=DIRECTION('',(0.,0.57635221489979,-0.817201397686094));
#2107=DIRECTION('',(0.,-0.8172013976861,-0.576352214899782));
#2108=DIRECTION('',(0.,0.57635221489979,-0.817201397686094));
#2109=DIRECTION('center_axis',(0.,-0.576352214899782,0.8172013976861));
#2110=DIRECTION('ref_axis',(-1.,0.,0.));
#2111=DIRECTION('',(-1.,0.,0.));
#2112=DIRECTION('',(0.,-0.8172013976861,-0.576352214899782));
#2113=DIRECTION('',(-1.,0.,0.));
#2114=DIRECTION('center_axis',(1.,0.,0.));
#2115=DIRECTION('ref_axis',(0.,-0.57635221489979,0.817201397686094));
#2116=DIRECTION('',(0.,-0.57635221489979,0.817201397686094));
#2117=DIRECTION('',(0.,-0.57635221489979,0.817201397686094));
#2118=DIRECTION('center_axis',(0.,0.817201397686094,0.57635221489979));
#2119=DIRECTION('ref_axis',(0.,0.57635221489979,-0.817201397686094));
#2120=DIRECTION('',(0.,-0.8172013976861,-0.576352214899782));
#2121=DIRECTION('',(0.,-0.8172013976861,-0.576352214899782));
#2122=DIRECTION('',(0.,-0.8172013976861,-0.576352214899782));
#2123=DIRECTION('',(0.,-0.8172013976861,-0.576352214899782));
#2124=DIRECTION('',(0.,-0.8172013976861,-0.576352214899782));
#2125=DIRECTION('',(0.,-0.8172013976861,-0.576352214899782));
#2126=DIRECTION('',(0.,-0.8172013976861,-0.576352214899782));
#2127=DIRECTION('',(0.,-0.8172013976861,-0.576352214899782));
#2128=DIRECTION('',(0.,-0.8172013976861,-0.576352214899782));
#2129=DIRECTION('',(0.,-0.8172013976861,-0.576352214899782));
#2130=DIRECTION('',(0.,-0.8172013976861,-0.576352214899782));
#2131=DIRECTION('',(0.,-0.8172013976861,-0.576352214899782));
#2132=DIRECTION('',(0.,-0.8172013976861,-0.576352214899782));
#2133=DIRECTION('center_axis',(0.,0.576352214899782,-0.8172013976861));
#2134=DIRECTION('ref_axis',(1.,0.,0.));
#2135=DIRECTION('',(1.,0.,0.));
#2136=DIRECTION('',(0.,-0.8172013976861,-0.576352214899782));
#2137=DIRECTION('',(1.,0.,0.));
#2138=DIRECTION('center_axis',(-1.,0.,0.));
#2139=DIRECTION('ref_axis',(0.,0.57635221489979,-0.817201397686094));
#2140=DIRECTION('',(0.,0.57635221489979,-0.817201397686094));
#2141=DIRECTION('',(0.,-0.8172013976861,-0.576352214899782));
#2142=DIRECTION('',(0.,0.57635221489979,-0.817201397686094));
#2143=DIRECTION('center_axis',(0.,-0.576352214899782,0.8172013976861));
#2144=DIRECTION('ref_axis',(-1.,0.,0.));
#2145=DIRECTION('',(-1.,0.,0.));
#2146=DIRECTION('',(0.,-0.8172013976861,-0.576352214899782));
#2147=DIRECTION('',(-1.,0.,0.));
#2148=DIRECTION('',(0.,-0.8172013976861,-0.576352214899782));
#2149=DIRECTION('',(0.,-0.8172013976861,-0.576352214899782));
#2150=DIRECTION('',(0.,-0.8172013976861,-0.576352214899782));
#2151=DIRECTION('',(0.,-0.8172013976861,-0.576352214899782));
#2152=DIRECTION('',(0.,-0.8172013976861,-0.576352214899782));
#2153=DIRECTION('',(0.,-0.8172013976861,-0.576352214899782));
#2154=DIRECTION('',(0.,-0.8172013976861,-0.576352214899782));
#2155=DIRECTION('',(0.,-0.8172013976861,-0.576352214899782));
#2156=DIRECTION('',(0.,-0.8172013976861,-0.576352214899782));
#2157=DIRECTION('',(0.,-0.8172013976861,-0.576352214899782));
#2158=DIRECTION('',(0.,-0.8172013976861,-0.576352214899782));
#2159=DIRECTION('',(0.,-0.8172013976861,-0.576352214899782));
#2160=DIRECTION('center_axis',(-0.989142678174768,0.0846997814596528,-0.120094584532084));
#2161=DIRECTION('ref_axis',(0.146958368979949,0.570094573417938,-0.808328779115387));
#2162=DIRECTION('',(0.146958368979949,0.570094573417938,-0.808328779115387));
#2163=DIRECTION('',(0.,-0.8172013976861,-0.576352214899782));
#2164=DIRECTION('',(0.146958368979949,0.570094573417938,-0.808328779115387));
#2165=DIRECTION('center_axis',(0.,0.817201397686094,0.57635221489979));
#2166=DIRECTION('ref_axis',(0.,0.57635221489979,-0.817201397686094));
#2167=DIRECTION('center_axis',(1.,0.,0.));
#2168=DIRECTION('ref_axis',(0.,-0.57635221489979,0.817201397686094));
#2169=DIRECTION('',(0.,-0.57635221489979,0.817201397686094));
#2170=DIRECTION('',(0.,-0.8172013976861,-0.576352214899782));
#2171=DIRECTION('',(0.,-0.57635221489979,0.817201397686094));
#2172=DIRECTION('',(0.,-0.8172013976861,-0.576352214899782));
#2173=DIRECTION('',(0.,-0.8172013976861,-0.576352214899782));
#2174=DIRECTION('',(0.,-0.8172013976861,-0.576352214899782));
#2175=DIRECTION('',(0.,-0.8172013976861,-0.576352214899782));
#2176=DIRECTION('',(0.,-0.8172013976861,-0.576352214899782));
#2177=DIRECTION('',(0.,-0.8172013976861,-0.576352214899782));
#2178=DIRECTION('center_axis',(-1.,0.,0.));
#2179=DIRECTION('ref_axis',(0.,0.57635221489979,-0.817201397686094));
#2180=DIRECTION('',(0.,0.57635221489979,-0.817201397686094));
#2181=DIRECTION('',(0.,-0.8172013976861,-0.576352214899782));
#2182=DIRECTION('',(0.,0.57635221489979,-0.817201397686094));
#2183=DIRECTION('center_axis',(0.,0.576352214899782,-0.8172013976861));
#2184=DIRECTION('ref_axis',(1.,0.,0.));
#2185=DIRECTION('',(1.,0.,0.));
#2186=DIRECTION('',(1.,0.,0.));
#2187=DIRECTION('center_axis',(0.,0.576352214899782,-0.8172013976861));
#2188=DIRECTION('ref_axis',(1.,0.,0.));
#2189=DIRECTION('',(1.,0.,0.));
#2190=DIRECTION('',(0.,-0.8172013976861,-0.576352214899782));
#2191=DIRECTION('',(1.,0.,0.));
#2192=DIRECTION('',(0.,-0.8172013976861,-0.576352214899782));
#2193=DIRECTION('center_axis',(1.,0.,0.));
#2194=DIRECTION('ref_axis',(0.,-0.57635221489979,0.817201397686094));
#2195=DIRECTION('',(0.,-0.57635221489979,0.817201397686094));
#2196=DIRECTION('',(0.,-0.8172013976861,-0.576352214899782));
#2197=DIRECTION('',(0.,-0.57635221489979,0.817201397686094));
#2198=DIRECTION('',(0.,-0.8172013976861,-0.576352214899782));
#2199=DIRECTION('',(0.,-0.8172013976861,-0.576352214899782));
#2200=DIRECTION('',(0.,-0.8172013976861,-0.576352214899782));
#2201=DIRECTION('',(0.,-0.8172013976861,-0.576352214899782));
#2202=DIRECTION('center_axis',(0.536696499597873,-0.486311800747846,0.689534407968723));
#2203=DIRECTION('ref_axis',(-0.843775365437621,-0.309326216272199,0.438589129604616));
#2204=DIRECTION('',(-0.84377536543762,-0.309326216272199,0.438589129604617));
#2205=DIRECTION('',(0.,-0.8172013976861,-0.576352214899782));
#2206=DIRECTION('',(-0.84377536543762,-0.309326216272199,0.438589129604617));
#2207=DIRECTION('center_axis',(1.,0.,0.));
#2208=DIRECTION('ref_axis',(0.,-0.57635221489979,0.817201397686094));
#2209=DIRECTION('',(0.,-0.57635221489979,0.817201397686094));
#2210=DIRECTION('',(0.,-0.8172013976861,-0.576352214899782));
#2211=DIRECTION('',(0.,-0.57635221489979,0.817201397686094));
#2212=DIRECTION('center_axis',(-0.538514277509367,0.485643820027248,-0.688587287849483));
#2213=DIRECTION('ref_axis',(0.842616385384574,0.310373896597684,-0.440074620254572));
#2214=DIRECTION('',(0.842616385384574,0.310373896597684,-0.440074620254572));
#2215=DIRECTION('',(0.,-0.8172013976861,-0.576352214899782));
#2216=DIRECTION('',(0.842616385384574,0.310373896597684,-0.440074620254572));
#2217=DIRECTION('',(0.,-0.8172013976861,-0.576352214899782));
#2218=DIRECTION('',(0.,-0.8172013976861,-0.576352214899782));
#2219=DIRECTION('',(0.,-0.8172013976861,-0.576352214899782));
#2220=DIRECTION('',(0.,-0.8172013976861,-0.576352214899782));
#2221=DIRECTION('',(0.,-0.8172013976861,-0.576352214899782));
#2222=DIRECTION('',(0.,-0.8172013976861,-0.576352214899782));
#2223=DIRECTION('',(0.,-0.8172013976861,-0.576352214899782));
#2224=DIRECTION('center_axis',(-1.,0.,0.));
#2225=DIRECTION('ref_axis',(0.,0.57635221489979,-0.817201397686094));
#2226=DIRECTION('',(0.,0.57635221489979,-0.817201397686094));
#2227=DIRECTION('',(0.,-0.8172013976861,-0.576352214899782));
#2228=DIRECTION('',(0.,0.57635221489979,-0.817201397686094));
#2229=DIRECTION('center_axis',(0.,-0.576352214899782,0.8172013976861));
#2230=DIRECTION('ref_axis',(-1.,0.,0.));
#2231=DIRECTION('',(-1.,0.,0.));
#2232=DIRECTION('',(0.,-0.8172013976861,-0.576352214899782));
#2233=DIRECTION('',(-1.,0.,0.));
#2234=DIRECTION('center_axis',(1.,0.,0.));
#2235=DIRECTION('ref_axis',(0.,-0.57635221489979,0.817201397686094));
#2236=DIRECTION('',(0.,-0.57635221489979,0.817201397686094));
#2237=DIRECTION('',(0.,-0.57635221489979,0.817201397686094));
#2238=DIRECTION('center_axis',(0.,0.817201397686094,0.57635221489979));
#2239=DIRECTION('ref_axis',(0.,0.57635221489979,-0.817201397686094));
#2240=DIRECTION('center_axis',(0.,0.817201397686094,0.57635221489979));
#2241=DIRECTION('ref_axis',(0.,0.57635221489979,-0.817201397686094));
#2242=DIRECTION('center_axis',(0.,-0.817201397686094,-0.57635221489979));
#2243=DIRECTION('ref_axis',(-0.707106781186549,0.407542559507527,-0.577848649898961));
#2244=DIRECTION('',(0.,-0.57635221489979,0.817201397686094));
#2245=DIRECTION('center_axis',(0.,-0.817201397686094,-0.57635221489979));
#2246=DIRECTION('ref_axis',(-0.707106781186547,-0.407542559507528,0.577848649898962));
#2247=DIRECTION('',(1.,0.,0.));
#2248=DIRECTION('',(0.,0.57635221489979,-0.817201397686094));
#2249=DIRECTION('',(-1.,0.,0.));
#2250=DIRECTION('center_axis',(0.,-0.817201397686095,-0.57635221489979));
#2251=DIRECTION('ref_axis',(0.,0.57635221489979,-0.817201397686095));
#2252=DIRECTION('center_axis',(0.,-0.817201397686095,-0.57635221489979));
#2253=DIRECTION('ref_axis',(0.,0.57635221489979,-0.817201397686095));
#2254=DIRECTION('center_axis',(0.,-0.817201397686095,-0.57635221489979));
#2255=DIRECTION('ref_axis',(0.,0.57635221489979,-0.817201397686095));
#2256=DIRECTION('center_axis',(0.,0.817201397686094,0.57635221489979));
#2257=DIRECTION('ref_axis',(0.,0.57635221489979,-0.817201397686094));
#2258=DIRECTION('center_axis',(0.,0.817201397686096,0.576352214899788));
#2259=DIRECTION('ref_axis',(-0.707106781186549,0.407542559507525,-0.577848649898962));
#2260=DIRECTION('',(0.,-0.817201397686096,-0.576352214899788));
#2261=DIRECTION('center_axis',(0.,0.817201397686094,0.57635221489979));
#2262=DIRECTION('ref_axis',(-0.707106781186549,0.407542559507527,-0.577848649898961));
#2263=DIRECTION('',(0.,0.817201397686096,0.576352214899788));
#2264=DIRECTION('center_axis',(-1.,0.,0.));
#2265=DIRECTION('ref_axis',(0.,-0.57635221489979,0.817201397686094));
#2266=DIRECTION('',(0.,0.57635221489979,-0.817201397686094));
#2267=DIRECTION('',(0.,-0.817201397686096,-0.576352214899788));
#2268=DIRECTION('center_axis',(0.,0.817201397686094,0.57635221489979));
#2269=DIRECTION('ref_axis',(0.,0.57635221489979,-0.817201397686094));
#2270=DIRECTION('',(-1.,0.,0.));
#2271=DIRECTION('',(0.,-0.57635221489979,0.817201397686094));
#2272=DIRECTION('',(0.,-0.57635221489979,0.817201397686094));
#2273=DIRECTION('',(-1.,0.,0.));
#2274=DIRECTION('center_axis',(0.,0.817201397686094,0.57635221489979));
#2275=DIRECTION('ref_axis',(-0.707106781186547,-0.407542559507528,0.577848649898962));
#2276=DIRECTION('center_axis',(0.,-0.817201397686095,-0.57635221489979));
#2277=DIRECTION('ref_axis',(0.,0.57635221489979,-0.817201397686095));
#2278=DIRECTION('center_axis',(0.,-0.817201397686095,-0.57635221489979));
#2279=DIRECTION('ref_axis',(0.,0.57635221489979,-0.817201397686095));
#2280=DIRECTION('center_axis',(0.,-0.817201397686095,-0.57635221489979));
#2281=DIRECTION('ref_axis',(0.,0.57635221489979,-0.817201397686095));
#2282=DIRECTION('center_axis',(0.,0.817201397686096,0.576352214899788));
#2283=DIRECTION('ref_axis',(-0.707106781186547,-0.407542559507527,0.577848649898963));
#2284=DIRECTION('',(0.,0.817201397686096,0.576352214899788));
#2285=DIRECTION('center_axis',(1.,0.,0.));
#2286=DIRECTION('ref_axis',(0.,0.57635221489979,-0.817201397686094));
#2287=DIRECTION('',(0.,0.817201397686096,0.576352214899788));
#2288=DIRECTION('',(0.,0.817201397686096,0.576352214899788));
#2289=DIRECTION('center_axis',(0.,0.817201397686096,0.576352214899788));
#2290=DIRECTION('ref_axis',(0.,0.576352214899788,-0.817201397686096));
#2291=DIRECTION('',(0.,0.817201397686096,0.576352214899788));
#2292=DIRECTION('center_axis',(0.,0.817201397686096,0.576352214899788));
#2293=DIRECTION('ref_axis',(0.,0.576352214899788,-0.817201397686096));
#2294=DIRECTION('',(0.,0.817201397686096,0.576352214899788));
#2295=DIRECTION('center_axis',(0.,0.817201397686096,0.576352214899788));
#2296=DIRECTION('ref_axis',(0.,0.576352214899788,-0.817201397686096));
#2297=DIRECTION('',(0.,0.817201397686096,0.576352214899788));
#2298=DIRECTION('center_axis',(0.,-0.576352214899788,0.817201397686096));
#2299=DIRECTION('ref_axis',(1.,0.,0.));
#2300=DIRECTION('center_axis',(0.,0.576352214899788,-0.817201397686096));
#2301=DIRECTION('ref_axis',(-1.,0.,0.));
#2302=DIRECTION('center_axis',(0.,0.817201397686094,0.57635221489979));
#2303=DIRECTION('ref_axis',(0.,0.57635221489979,-0.817201397686094));
#2304=CARTESIAN_POINT('',(0.,0.,0.));
#2305=CARTESIAN_POINT('Origin',(-5.43802729238954,-14.958092181414,-112.267118908608));
#2306=CARTESIAN_POINT('',(-5.43802729238954,-14.958092181414,-112.267118908608));
#2307=CARTESIAN_POINT('',(-5.01442572464433,-14.958092181414,-112.267118908608));
#2308=CARTESIAN_POINT('',(-5.71901364619477,-14.958092181414,-112.267118908608));
#2309=CARTESIAN_POINT('',(-5.43802729238954,-15.3666928802571,-112.555295016058));
#2310=CARTESIAN_POINT('',(-5.43802729238954,-14.958092181414,-112.267118908608));
#2311=CARTESIAN_POINT('',(-5.01442572464433,-15.3666928802571,-112.555295016058));
#2312=CARTESIAN_POINT('',(-5.43802729238954,-15.3666928802571,-112.555295016058));
#2313=CARTESIAN_POINT('',(-5.01442572464433,-14.958092181414,-112.267118908608));
#2314=CARTESIAN_POINT('Origin',(-5.43802729238954,-15.1703912616556,-111.96610313975));
#2315=CARTESIAN_POINT('',(-5.43802729238954,-15.1703912616556,-111.96610313975));
#2316=CARTESIAN_POINT('',(-5.43802729238954,-14.9254804492559,-112.313358607895));
#2317=CARTESIAN_POINT('',(-5.43802729238954,-15.5789919604987,-112.2542792472));
#2318=CARTESIAN_POINT('',(-5.43802729238954,-15.1703912616556,-111.96610313975));
#2319=CARTESIAN_POINT('',(-5.43802729238954,-15.5789919604987,-112.2542792472));
#2320=CARTESIAN_POINT('Origin',(-5.01442572464433,-15.1703912616556,-111.96610313975));
#2321=CARTESIAN_POINT('',(-5.01442572464433,-15.1703912616556,-111.96610313975));
#2322=CARTESIAN_POINT('',(-5.50721286232217,-15.1703912616556,-111.96610313975));
#2323=CARTESIAN_POINT('',(-5.01442572464433,-15.5789919604987,-112.2542792472));
#2324=CARTESIAN_POINT('',(-5.01442572464433,-15.1703912616556,-111.96610313975));
#2325=CARTESIAN_POINT('',(-5.01442572464433,-15.5789919604987,-112.2542792472));
#2326=CARTESIAN_POINT('Origin',(-5.01442572464433,-14.958092181414,-112.267118908608));
#2327=CARTESIAN_POINT('',(-5.01442572464434,-14.8193309091351,-112.463866492324));
#2328=CARTESIAN_POINT('',(-5.01442572464433,-15.3666928802571,-112.555295016058));
#2329=CARTESIAN_POINT('Origin',(-3.4970313905665,-14.9856435625473,-113.095579284895));
#2330=CARTESIAN_POINT('Origin',(-4.61128777255503,-14.958092181414,-112.267118908608));
#2331=CARTESIAN_POINT('',(-4.61128777255503,-14.958092181414,-112.267118908608));
#2332=CARTESIAN_POINT('',(-2.43802717318025,-14.958092181414,-112.267118908608));
#2333=CARTESIAN_POINT('',(-5.30564388627751,-14.958092181414,-112.267118908608));
#2334=CARTESIAN_POINT('',(-4.61128777255503,-15.3666928802571,-112.555295016058));
#2335=CARTESIAN_POINT('',(-4.61128777255503,-14.958092181414,-112.267118908608));
#2336=CARTESIAN_POINT('',(-2.43802717318025,-15.3666928802571,-112.555295016058));
#2337=CARTESIAN_POINT('',(-4.61128777255503,-15.3666928802571,-112.555295016058));
#2338=CARTESIAN_POINT('',(-2.43802717318025,-14.958092181414,-112.267118908608));
#2339=CARTESIAN_POINT('Origin',(-4.61128777255503,-15.1703912616556,-111.96610313975));
#2340=CARTESIAN_POINT('',(-4.61128777255503,-15.1703912616556,-111.96610313975));
#2341=CARTESIAN_POINT('',(-4.61128777255503,-14.9254804492559,-112.313358607895));
#2342=CARTESIAN_POINT('',(-4.61128777255503,-15.5789919604987,-112.2542792472));
#2343=CARTESIAN_POINT('',(-4.61128777255503,-15.1703912616556,-111.96610313975));
#2344=CARTESIAN_POINT('',(-4.61128777255503,-15.5789919604987,-112.2542792472));
#2345=CARTESIAN_POINT('Origin',(-2.43802717318025,-15.1703912616556,-111.96610313975));
#2346=CARTESIAN_POINT('',(-2.43802717318025,-15.1703912616556,-111.96610313975));
#2347=CARTESIAN_POINT('',(-4.21901358659013,-15.1703912616556,-111.96610313975));
#2348=CARTESIAN_POINT('',(-2.43802717318025,-15.5789919604987,-112.2542792472));
#2349=CARTESIAN_POINT('',(-2.43802717318025,-15.1703912616556,-111.96610313975));
#2350=CARTESIAN_POINT('',(-2.43802717318025,-15.5789919604987,-112.2542792472));
#2351=CARTESIAN_POINT('Origin',(-2.43802717318025,-14.958092181414,-112.267118908608));
#2352=CARTESIAN_POINT('',(-2.43802717318025,-14.8193309091351,-112.463866492324));
#2353=CARTESIAN_POINT('',(-2.43802717318025,-15.3666928802571,-112.555295016058));
#2354=CARTESIAN_POINT('Origin',(-3.4970313905665,-14.9856435625473,-113.095579284895));
#2355=CARTESIAN_POINT('Origin',(-3.62493029226747,-14.4226272616725,-113.026346806953));
#2356=CARTESIAN_POINT('',(-3.62493029226747,-14.4226272616725,-113.026346806953));
#2357=CARTESIAN_POINT('',(-2.43802717318025,-14.4226272616725,-113.026346806953));
#2358=CARTESIAN_POINT('',(-4.81246514613374,-14.4226272616725,-113.026346806953));
#2359=CARTESIAN_POINT('',(-3.62493029226747,-14.8312279605155,-113.314522914403));
#2360=CARTESIAN_POINT('',(-3.62493029226747,-14.4226272616725,-113.026346806953));
#2361=CARTESIAN_POINT('',(-2.43802717318025,-14.8312279605155,-113.314522914403));
#2362=CARTESIAN_POINT('',(-3.62493029226747,-14.8312279605155,-113.314522914403));
#2363=CARTESIAN_POINT('',(-2.43802717318025,-14.4226272616725,-113.026346806953));
#2364=CARTESIAN_POINT('Ctrl Pts',(-4.19177895774332,-14.3247338426988,-113.165148457647));
#2365=CARTESIAN_POINT('Ctrl Pts',(-4.19177895774332,-14.9131188490334,-113.580122052375));
#2366=CARTESIAN_POINT('Ctrl Pts',(-4.12192220630901,-14.3530875604228,-113.12494613491));
#2367=CARTESIAN_POINT('Ctrl Pts',(-4.12192220630901,-14.9414725667574,-113.539919729638));
#2368=CARTESIAN_POINT('Ctrl Pts',(-3.95386393888953,-14.421299674181,-113.02822917389));
#2369=CARTESIAN_POINT('Ctrl Pts',(-3.95386393888953,-15.0096846805156,-113.443202768618));
#2370=CARTESIAN_POINT('Ctrl Pts',(-3.74624708425076,-14.4221376229347,-113.027041058576));
#2371=CARTESIAN_POINT('Ctrl Pts',(-3.74624708425076,-15.0105226292693,-113.442014653304));
#2372=CARTESIAN_POINT('Ctrl Pts',(-3.62493029226747,-14.4226272616725,-113.026346806953));
#2373=CARTESIAN_POINT('Ctrl Pts',(-3.62493029226747,-15.0110122680071,-113.441320401681));
#2374=CARTESIAN_POINT('',(-4.19177895774332,-14.3247338426988,-113.165148457647));
#2375=CARTESIAN_POINT('Ctrl Pts',(-4.19177895774332,-14.3247338426988,-113.165148457647));
#2376=CARTESIAN_POINT('Ctrl Pts',(-4.12192220630901,-14.3530875604228,-113.12494613491));
#2377=CARTESIAN_POINT('Ctrl Pts',(-3.95386393888953,-14.421299674181,-113.02822917389));
#2378=CARTESIAN_POINT('Ctrl Pts',(-3.74624708425076,-14.4221376229347,-113.027041058576));
#2379=CARTESIAN_POINT('Ctrl Pts',(-3.62493029226747,-14.4226272616725,-113.026346806953));
#2380=CARTESIAN_POINT('',(-4.19177895774332,-14.7333345415418,-113.453324565097));
#2381=CARTESIAN_POINT('',(-4.19177895774332,-14.3247338426988,-113.165148457647));
#2382=CARTESIAN_POINT('Ctrl Pts',(-4.19177895774332,-14.7333345415418,-113.453324565097));
#2383=CARTESIAN_POINT('Ctrl Pts',(-4.12192220630901,-14.7616882592659,-113.41312224236));
#2384=CARTESIAN_POINT('Ctrl Pts',(-3.95386393888953,-14.829900373024,-113.31640528134));
#2385=CARTESIAN_POINT('Ctrl Pts',(-3.74624708425076,-14.8307383217777,-113.315217166026));
#2386=CARTESIAN_POINT('Ctrl Pts',(-3.62493029226747,-14.8312279605155,-113.314522914403));
#2387=CARTESIAN_POINT('Ctrl Pts',(-4.3411650358626,-14.0900256097668,-113.4979378372));
#2388=CARTESIAN_POINT('Ctrl Pts',(-4.3411650358626,-14.6784106161016,-113.912911431928));
#2389=CARTESIAN_POINT('Ctrl Pts',(-4.33516859372813,-14.1335618515746,-113.436208435047));
#2390=CARTESIAN_POINT('Ctrl Pts',(-4.33516859372813,-14.7219468579094,-113.851182029775));
#2391=CARTESIAN_POINT('Ctrl Pts',(-4.32328306366408,-14.2198549065692,-113.313854771213));
#2392=CARTESIAN_POINT('Ctrl Pts',(-4.32328306366408,-14.808239912904,-113.728828365941));
#2393=CARTESIAN_POINT('Ctrl Pts',(-4.23534890918452,-14.2899853447536,-113.214417845973));
#2394=CARTESIAN_POINT('Ctrl Pts',(-4.23534890918452,-14.8783703510884,-113.629391440701));
#2395=CARTESIAN_POINT('Ctrl Pts',(-4.19177895774332,-14.3247338426988,-113.165148457647));
#2396=CARTESIAN_POINT('Ctrl Pts',(-4.19177895774332,-14.9131188490336,-113.580122052375));
#2397=CARTESIAN_POINT('',(-4.3411650358626,-14.0900256097668,-113.4979378372));
#2398=CARTESIAN_POINT('Ctrl Pts',(-4.3411650358626,-14.0900256097668,-113.4979378372));
#2399=CARTESIAN_POINT('Ctrl Pts',(-4.33516859372813,-14.1335618515746,-113.436208435047));
#2400=CARTESIAN_POINT('Ctrl Pts',(-4.32328306366408,-14.2198549065692,-113.313854771213));
#2401=CARTESIAN_POINT('Ctrl Pts',(-4.23534890918452,-14.2899853447536,-113.214417845973));
#2402=CARTESIAN_POINT('Ctrl Pts',(-4.19177895774332,-14.3247338426988,-113.165148457647));
#2403=CARTESIAN_POINT('',(-4.3411650358626,-14.4986263086099,-113.78611394465));
#2404=CARTESIAN_POINT('',(-4.3411650358626,-14.0900256097668,-113.4979378372));
#2405=CARTESIAN_POINT('Ctrl Pts',(-4.3411650358626,-14.4986263086099,-113.78611394465));
#2406=CARTESIAN_POINT('Ctrl Pts',(-4.33516859372813,-14.5421625504176,-113.724384542497));
#2407=CARTESIAN_POINT('Ctrl Pts',(-4.32328306366408,-14.6284556054122,-113.602030878663));
#2408=CARTESIAN_POINT('Ctrl Pts',(-4.23534890918452,-14.6985860435966,-113.502593953423));
#2409=CARTESIAN_POINT('Ctrl Pts',(-4.19177895774332,-14.7333345415418,-113.453324565097));
#2410=CARTESIAN_POINT('Ctrl Pts',(-4.27363431443659,-13.9425958074433,-113.70697640321));
#2411=CARTESIAN_POINT('Ctrl Pts',(-4.27363431443659,-14.5309808137777,-114.121949997938));
#2412=CARTESIAN_POINT('Ctrl Pts',(-4.29332304579209,-13.9648637350787,-113.67540303346));
#2413=CARTESIAN_POINT('Ctrl Pts',(-4.29332304579209,-14.5532487414131,-114.090376628188));
#2414=CARTESIAN_POINT('Ctrl Pts',(-4.33424352388974,-14.0111447385945,-113.609781873722));
#2415=CARTESIAN_POINT('Ctrl Pts',(-4.33424352388974,-14.5995297449289,-114.02475546845));
#2416=CARTESIAN_POINT('Ctrl Pts',(-4.33880058648594,-14.06307921028,-113.536144743939));
#2417=CARTESIAN_POINT('Ctrl Pts',(-4.33880058648594,-14.6514642166144,-113.951118338667));
#2418=CARTESIAN_POINT('Ctrl Pts',(-4.3411650358626,-14.0900256097668,-113.4979378372));
#2419=CARTESIAN_POINT('Ctrl Pts',(-4.3411650358626,-14.6784106161012,-113.912911431928));
#2420=CARTESIAN_POINT('',(-4.27363431443659,-13.9425958074433,-113.70697640321));
#2421=CARTESIAN_POINT('Ctrl Pts',(-4.27363431443659,-13.9425958074433,-113.70697640321));
#2422=CARTESIAN_POINT('Ctrl Pts',(-4.29332304579209,-13.9648637350787,-113.67540303346));
#2423=CARTESIAN_POINT('Ctrl Pts',(-4.33424352388974,-14.0111447385945,-113.609781873722));
#2424=CARTESIAN_POINT('Ctrl Pts',(-4.33880058648594,-14.06307921028,-113.536144743939));
#2425=CARTESIAN_POINT('Ctrl Pts',(-4.3411650358626,-14.0900256097668,-113.4979378372));
#2426=CARTESIAN_POINT('',(-4.27363431443659,-14.3511965062863,-113.99515251066));
#2427=CARTESIAN_POINT('',(-4.27363431443659,-13.9425958074433,-113.70697640321));
#2428=CARTESIAN_POINT('Ctrl Pts',(-4.27363431443659,-14.3511965062863,-113.99515251066));
#2429=CARTESIAN_POINT('Ctrl Pts',(-4.29332304579209,-14.3734644339217,-113.96357914091));
#2430=CARTESIAN_POINT('Ctrl Pts',(-4.33424352388974,-14.4197454374375,-113.897957981172));
#2431=CARTESIAN_POINT('Ctrl Pts',(-4.33880058648594,-14.471679909123,-113.824320851389));
#2432=CARTESIAN_POINT('Ctrl Pts',(-4.3411650358626,-14.4986263086099,-113.78611394465));
#2433=CARTESIAN_POINT('Ctrl Pts',(-4.09559881677118,-13.8541378573426,-113.832399640234));
#2434=CARTESIAN_POINT('Ctrl Pts',(-4.09559881677118,-14.4425228636772,-114.247373234962));
#2435=CARTESIAN_POINT('Ctrl Pts',(-4.13133733416939,-13.8641953415522,-113.818139280092));
#2436=CARTESIAN_POINT('Ctrl Pts',(-4.13133733416939,-14.4525803478868,-114.23311287482));
#2437=CARTESIAN_POINT('Ctrl Pts',(-4.20408261282335,-13.8846672174062,-113.789112505962));
#2438=CARTESIAN_POINT('Ctrl Pts',(-4.20408261282335,-14.4730522237408,-114.20408610069));
#2439=CARTESIAN_POINT('Ctrl Pts',(-4.25018251145735,-13.9230631454249,-113.734671479744));
#2440=CARTESIAN_POINT('Ctrl Pts',(-4.25018251145735,-14.5114481517595,-114.149645074472));
#2441=CARTESIAN_POINT('Ctrl Pts',(-4.27363431443659,-13.9425958074433,-113.70697640321));
#2442=CARTESIAN_POINT('Ctrl Pts',(-4.27363431443659,-14.5309808137779,-114.121949997938));
#2443=CARTESIAN_POINT('',(-4.09559881677118,-13.8541378573426,-113.832399640234));
#2444=CARTESIAN_POINT('Ctrl Pts',(-4.09559881677118,-13.8541378573426,-113.832399640234));
#2445=CARTESIAN_POINT('Ctrl Pts',(-4.13133733416939,-13.8641953415522,-113.818139280092));
#2446=CARTESIAN_POINT('Ctrl Pts',(-4.20408261282335,-13.8846672174062,-113.789112505962));
#2447=CARTESIAN_POINT('Ctrl Pts',(-4.25018251145735,-13.9230631454249,-113.734671479744));
#2448=CARTESIAN_POINT('Ctrl Pts',(-4.27363431443659,-13.9425958074433,-113.70697640321));
#2449=CARTESIAN_POINT('',(-4.09559881677118,-14.2627385561857,-114.120575747684));
#2450=CARTESIAN_POINT('',(-4.09559881677118,-13.8541378573426,-113.832399640234));
#2451=CARTESIAN_POINT('Ctrl Pts',(-4.09559881677118,-14.2627385561857,-114.120575747684));
#2452=CARTESIAN_POINT('Ctrl Pts',(-4.13133733416939,-14.2727960403952,-114.106315387542));
#2453=CARTESIAN_POINT('Ctrl Pts',(-4.20408261282335,-14.2932679162492,-114.077288613412));
#2454=CARTESIAN_POINT('Ctrl Pts',(-4.25018251145735,-14.3316638442679,-114.022847587194));
#2455=CARTESIAN_POINT('Ctrl Pts',(-4.27363431443659,-14.3511965062863,-113.99515251066));
#2456=CARTESIAN_POINT('Ctrl Pts',(-3.75999173511949,-13.829369837434,-113.867517854347));
#2457=CARTESIAN_POINT('Ctrl Pts',(-3.75999173511949,-14.4177548437686,-114.282491449075));
#2458=CARTESIAN_POINT('Ctrl Pts',(-3.82593765814787,-13.8295609381415,-113.867246895442));
#2459=CARTESIAN_POINT('Ctrl Pts',(-3.82593765814787,-14.4179459444761,-114.28222049017));
#2460=CARTESIAN_POINT('Ctrl Pts',(-3.93976036597322,-13.829890778092,-113.866779220188));
#2461=CARTESIAN_POINT('Ctrl Pts',(-3.93976036597322,-14.4182757844266,-114.281752814916));
#2462=CARTESIAN_POINT('Ctrl Pts',(-4.0494573981993,-13.8469586623036,-113.84257891615));
#2463=CARTESIAN_POINT('Ctrl Pts',(-4.0494573981993,-14.4353436686382,-114.257552510878));
#2464=CARTESIAN_POINT('Ctrl Pts',(-4.09559881677118,-13.8541378573426,-113.832399640234));
#2465=CARTESIAN_POINT('Ctrl Pts',(-4.09559881677118,-14.4425228636772,-114.247373234962));
#2466=CARTESIAN_POINT('',(-3.75999173511949,-13.829369837434,-113.867517854347));
#2467=CARTESIAN_POINT('Ctrl Pts',(-3.75999173511949,-13.829369837434,-113.867517854347));
#2468=CARTESIAN_POINT('Ctrl Pts',(-3.82593765814787,-13.8295609381415,-113.867246895442));
#2469=CARTESIAN_POINT('Ctrl Pts',(-3.93976036597322,-13.829890778092,-113.866779220188));
#2470=CARTESIAN_POINT('Ctrl Pts',(-4.0494573981993,-13.8469586623036,-113.84257891615));
#2471=CARTESIAN_POINT('Ctrl Pts',(-4.09559881677118,-13.8541378573426,-113.832399640234));
#2472=CARTESIAN_POINT('',(-3.75999173511949,-14.2379705362771,-114.155693961797));
#2473=CARTESIAN_POINT('',(-3.75999173511949,-13.829369837434,-113.867517854347));
#2474=CARTESIAN_POINT('Ctrl Pts',(-3.75999173511949,-14.2379705362771,-114.155693961797));
#2475=CARTESIAN_POINT('Ctrl Pts',(-3.82593765814787,-14.2381616369845,-114.155423002892));
#2476=CARTESIAN_POINT('Ctrl Pts',(-3.93976036597322,-14.238491476935,-114.154955327638));
#2477=CARTESIAN_POINT('Ctrl Pts',(-4.0494573981993,-14.2555593611467,-114.1307550236));
#2478=CARTESIAN_POINT('Ctrl Pts',(-4.09559881677118,-14.2627385561857,-114.120575747684));
#2479=CARTESIAN_POINT('Origin',(-2.43802717318025,-13.829369837434,-113.867517854347));
#2480=CARTESIAN_POINT('',(-2.43802717318025,-13.829369837434,-113.867517854347));
#2481=CARTESIAN_POINT('',(-4.21901358659013,-13.829369837434,-113.867517854347));
#2482=CARTESIAN_POINT('',(-2.43802717318025,-14.2379705362771,-114.155693961797));
#2483=CARTESIAN_POINT('',(-2.43802717318025,-13.829369837434,-113.867517854347));
#2484=CARTESIAN_POINT('',(-2.43802717318025,-14.2379705362771,-114.155693961797));
#2485=CARTESIAN_POINT('Origin',(-2.43802717318025,-13.6170707571924,-114.168533623205));
#2486=CARTESIAN_POINT('',(-2.43802717318025,-13.6170707571924,-114.168533623205));
#2487=CARTESIAN_POINT('',(-2.43802717318025,-14.1488201970243,-113.414573849623));
#2488=CARTESIAN_POINT('',(-2.43802717318025,-14.0256714560355,-114.456709730655));
#2489=CARTESIAN_POINT('',(-2.43802717318025,-13.6170707571924,-114.168533623205));
#2490=CARTESIAN_POINT('',(-2.43802717318025,-14.0256714560355,-114.456709730655));
#2491=CARTESIAN_POINT('Origin',(-3.77431637038675,-13.6170707571924,-114.168533623205));
#2492=CARTESIAN_POINT('',(-3.77431637038675,-13.6170707571924,-114.168533623205));
#2493=CARTESIAN_POINT('',(-4.88715818519338,-13.6170707571924,-114.168533623205));
#2494=CARTESIAN_POINT('',(-3.77431637038675,-14.0256714560355,-114.456709730655));
#2495=CARTESIAN_POINT('',(-3.77431637038675,-13.6170707571924,-114.168533623205));
#2496=CARTESIAN_POINT('',(-3.77431637038675,-14.0256714560355,-114.456709730655));
#2497=CARTESIAN_POINT('Ctrl Pts',(-4.13243374218431,-13.6288652650501,-114.151810362572));
#2498=CARTESIAN_POINT('Ctrl Pts',(-4.13243374218431,-14.217250271384,-114.5667839573));
#2499=CARTESIAN_POINT('Ctrl Pts',(-4.08558966731152,-13.6254616343238,-114.156636320926));
#2500=CARTESIAN_POINT('Ctrl Pts',(-4.08558966731152,-14.2138466406577,-114.571609915654));
#2501=CARTESIAN_POINT('Ctrl Pts',(-3.96675728023996,-13.616827424661,-114.168878640851));
#2502=CARTESIAN_POINT('Ctrl Pts',(-3.96675728023996,-14.2052124309949,-114.583852235579));
#2503=CARTESIAN_POINT('Ctrl Pts',(-3.84691591724567,-13.6169789584604,-114.168663783288));
#2504=CARTESIAN_POINT('Ctrl Pts',(-3.84691591724567,-14.2053639647943,-114.583637378016));
#2505=CARTESIAN_POINT('Ctrl Pts',(-3.77431637038675,-13.6170707571924,-114.168533623205));
#2506=CARTESIAN_POINT('Ctrl Pts',(-3.77431637038675,-14.2054557635263,-114.583507217933));
#2507=CARTESIAN_POINT('',(-4.13243374218431,-13.6288652650501,-114.151810362572));
#2508=CARTESIAN_POINT('Ctrl Pts',(-4.13243374218431,-13.6288652650501,-114.151810362572));
#2509=CARTESIAN_POINT('Ctrl Pts',(-4.08558966731152,-13.6254616343238,-114.156636320926));
#2510=CARTESIAN_POINT('Ctrl Pts',(-3.96675728023996,-13.616827424661,-114.168878640851));
#2511=CARTESIAN_POINT('Ctrl Pts',(-3.84691591724567,-13.6169789584604,-114.168663783288));
#2512=CARTESIAN_POINT('Ctrl Pts',(-3.77431637038675,-13.6170707571924,-114.168533623205));
#2513=CARTESIAN_POINT('',(-4.13243374218431,-14.0374659638931,-114.439986470022));
#2514=CARTESIAN_POINT('',(-4.13243374218431,-13.6288652650501,-114.151810362572));
#2515=CARTESIAN_POINT('Ctrl Pts',(-4.13243374218431,-14.0374659638931,-114.439986470022));
#2516=CARTESIAN_POINT('Ctrl Pts',(-4.08558966731152,-14.0340623331669,-114.444812428376));
#2517=CARTESIAN_POINT('Ctrl Pts',(-3.96675728023996,-14.0254281235041,-114.457054748301));
#2518=CARTESIAN_POINT('Ctrl Pts',(-3.84691591724567,-14.0255796573034,-114.456839890738));
#2519=CARTESIAN_POINT('Ctrl Pts',(-3.77431637038675,-14.0256714560355,-114.456709730655));
#2520=CARTESIAN_POINT('Ctrl Pts',(-4.40460285534349,-13.6949138906941,-114.058160979788));
#2521=CARTESIAN_POINT('Ctrl Pts',(-4.40460285534349,-14.2832988970282,-114.473134574516));
#2522=CARTESIAN_POINT('Ctrl Pts',(-4.36376544506711,-13.6802691563686,-114.078925534951));
#2523=CARTESIAN_POINT('Ctrl Pts',(-4.36376544506711,-14.2686541627027,-114.493899129679));
#2524=CARTESIAN_POINT('Ctrl Pts',(-4.27917991000867,-13.6499358742059,-114.121934653227));
#2525=CARTESIAN_POINT('Ctrl Pts',(-4.27917991000867,-14.23832088054,-114.536908247955));
#2526=CARTESIAN_POINT('Ctrl Pts',(-4.18245857331006,-13.636048101102,-114.141625924117));
#2527=CARTESIAN_POINT('Ctrl Pts',(-4.18245857331006,-14.2244331074361,-114.556599518845));
#2528=CARTESIAN_POINT('Ctrl Pts',(-4.13243374218431,-13.6288652650501,-114.151810362572));
#2529=CARTESIAN_POINT('Ctrl Pts',(-4.13243374218431,-14.2172502713842,-114.5667839573));
#2530=CARTESIAN_POINT('',(-4.40460285534349,-13.6949138906941,-114.058160979788));
#2531=CARTESIAN_POINT('Ctrl Pts',(-4.40460285534349,-13.6949138906941,-114.058160979788));
#2532=CARTESIAN_POINT('Ctrl Pts',(-4.36376544506711,-13.6802691563686,-114.078925534951));
#2533=CARTESIAN_POINT('Ctrl Pts',(-4.27917991000867,-13.6499358742059,-114.121934653227));
#2534=CARTESIAN_POINT('Ctrl Pts',(-4.18245857331006,-13.636048101102,-114.141625924117));
#2535=CARTESIAN_POINT('Ctrl Pts',(-4.13243374218431,-13.6288652650501,-114.151810362572));
#2536=CARTESIAN_POINT('',(-4.40460285534349,-14.1035145895371,-114.346337087238));
#2537=CARTESIAN_POINT('',(-4.40460285534349,-13.6949138906941,-114.058160979788));
#2538=CARTESIAN_POINT('Ctrl Pts',(-4.40460285534349,-14.1035145895371,-114.346337087238));
#2539=CARTESIAN_POINT('Ctrl Pts',(-4.36376544506711,-14.0888698552117,-114.3671016424));
#2540=CARTESIAN_POINT('Ctrl Pts',(-4.27917991000867,-14.058536573049,-114.410110760677));
#2541=CARTESIAN_POINT('Ctrl Pts',(-4.18245857331006,-14.0446487999451,-114.429802031567));
#2542=CARTESIAN_POINT('Ctrl Pts',(-4.13243374218431,-14.0374659638931,-114.439986470022));
#2543=CARTESIAN_POINT('Ctrl Pts',(-4.58877763142076,-13.8376256150484,-113.855812107703));
#2544=CARTESIAN_POINT('Ctrl Pts',(-4.58877763142076,-14.4260106213827,-114.270785702431));
#2545=CARTESIAN_POINT('Ctrl Pts',(-4.56508931911326,-13.808388394376,-113.897267136382));
#2546=CARTESIAN_POINT('Ctrl Pts',(-4.56508931911326,-14.3967734007103,-114.31224073111));
#2547=CARTESIAN_POINT('Ctrl Pts',(-4.52057426323643,-13.7534458347281,-113.975169390205));
#2548=CARTESIAN_POINT('Ctrl Pts',(-4.52057426323643,-14.3418308410624,-114.390142984933));
#2549=CARTESIAN_POINT('Ctrl Pts',(-4.44156704662736,-13.7135700923803,-114.031708623573));
#2550=CARTESIAN_POINT('Ctrl Pts',(-4.44156704662736,-14.3019550987146,-114.446682218301));
#2551=CARTESIAN_POINT('Ctrl Pts',(-4.40460285534349,-13.6949138906941,-114.058160979788));
#2552=CARTESIAN_POINT('Ctrl Pts',(-4.40460285534349,-14.2832988970284,-114.473134574516));
#2553=CARTESIAN_POINT('',(-4.58877763142076,-13.8376256150484,-113.855812107703));
#2554=CARTESIAN_POINT('Ctrl Pts',(-4.58877763142076,-13.8376256150484,-113.855812107703));
#2555=CARTESIAN_POINT('Ctrl Pts',(-4.56508931911326,-13.808388394376,-113.897267136382));
#2556=CARTESIAN_POINT('Ctrl Pts',(-4.52057426323643,-13.7534458347281,-113.975169390205));
#2557=CARTESIAN_POINT('Ctrl Pts',(-4.44156704662736,-13.7135700923803,-114.031708623573));
#2558=CARTESIAN_POINT('Ctrl Pts',(-4.40460285534349,-13.6949138906941,-114.058160979788));
#2559=CARTESIAN_POINT('',(-4.58877763142076,-14.2462263138915,-114.143988215153));
#2560=CARTESIAN_POINT('',(-4.58877763142076,-13.8376256150484,-113.855812107703));
#2561=CARTESIAN_POINT('Ctrl Pts',(-4.58877763142076,-14.2462263138915,-114.143988215153));
#2562=CARTESIAN_POINT('Ctrl Pts',(-4.56508931911326,-14.2169890932191,-114.185443243832));
#2563=CARTESIAN_POINT('Ctrl Pts',(-4.52057426323643,-14.1620465335711,-114.263345497655));
#2564=CARTESIAN_POINT('Ctrl Pts',(-4.44156704662736,-14.1221707912234,-114.319884731023));
#2565=CARTESIAN_POINT('Ctrl Pts',(-4.40460285534349,-14.1035145895371,-114.346337087238));
#2566=CARTESIAN_POINT('Ctrl Pts',(-4.66040095676866,-14.0452069608535,-113.56148554568));
#2567=CARTESIAN_POINT('Ctrl Pts',(-4.66040095676866,-14.6335919671885,-113.976459140408));
#2568=CARTESIAN_POINT('Ctrl Pts',(-4.65771935336484,-14.0086556658434,-113.613311093665));
#2569=CARTESIAN_POINT('Ctrl Pts',(-4.65771935336484,-14.5970406721784,-114.028284688393));
#2570=CARTESIAN_POINT('Ctrl Pts',(-4.65248409337683,-13.9372970406258,-113.714489447383));
#2571=CARTESIAN_POINT('Ctrl Pts',(-4.65248409337683,-14.5256820469608,-114.129463042111));
#2572=CARTESIAN_POINT('Ctrl Pts',(-4.60966428805923,-13.8703036633779,-113.809478379684));
#2573=CARTESIAN_POINT('Ctrl Pts',(-4.60966428805923,-14.4586886697129,-114.224451974412));
#2574=CARTESIAN_POINT('Ctrl Pts',(-4.58877763142076,-13.8376256150484,-113.855812107703));
#2575=CARTESIAN_POINT('Ctrl Pts',(-4.58877763142076,-14.4260106213834,-114.270785702431));
#2576=CARTESIAN_POINT('',(-4.66040095676866,-14.0452069608535,-113.56148554568));
#2577=CARTESIAN_POINT('Ctrl Pts',(-4.66040095676866,-14.0452069608535,-113.56148554568));
#2578=CARTESIAN_POINT('Ctrl Pts',(-4.65771935336484,-14.0086556658434,-113.613311093665));
#2579=CARTESIAN_POINT('Ctrl Pts',(-4.65248409337683,-13.9372970406258,-113.714489447383));
#2580=CARTESIAN_POINT('Ctrl Pts',(-4.60966428805923,-13.8703036633779,-113.809478379684));
#2581=CARTESIAN_POINT('Ctrl Pts',(-4.58877763142076,-13.8376256150484,-113.855812107703));
#2582=CARTESIAN_POINT('',(-4.66040095676866,-14.4538076596966,-113.84966165313));
#2583=CARTESIAN_POINT('',(-4.66040095676866,-14.0452069608535,-113.56148554568));
#2584=CARTESIAN_POINT('Ctrl Pts',(-4.66040095676866,-14.4538076596966,-113.84966165313));
#2585=CARTESIAN_POINT('Ctrl Pts',(-4.65771935336484,-14.4172563646865,-113.901487201115));
#2586=CARTESIAN_POINT('Ctrl Pts',(-4.65248409337683,-14.3458977394688,-114.002665554832));
#2587=CARTESIAN_POINT('Ctrl Pts',(-4.60966428805923,-14.2789043622209,-114.097654487133));
#2588=CARTESIAN_POINT('Ctrl Pts',(-4.58877763142076,-14.2462263138915,-114.143988215153));
#2589=CARTESIAN_POINT('Ctrl Pts',(-4.30228373398271,-14.4438570666368,-112.996245376194));
#2590=CARTESIAN_POINT('Ctrl Pts',(-4.30228373398271,-15.0322420729709,-113.411218970922));
#2591=CARTESIAN_POINT('Ctrl Pts',(-4.40672833414954,-14.3921305093102,-113.069587707241));
#2592=CARTESIAN_POINT('Ctrl Pts',(-4.40672833414954,-14.9805155156443,-113.484561301969));
#2593=CARTESIAN_POINT('Ctrl Pts',(-4.61870913683576,-14.2871462676665,-113.218443331958));
#2594=CARTESIAN_POINT('Ctrl Pts',(-4.61870913683576,-14.8755312740006,-113.633416926686));
#2595=CARTESIAN_POINT('Ctrl Pts',(-4.64636921536316,-14.1266337202152,-113.446031731434));
#2596=CARTESIAN_POINT('Ctrl Pts',(-4.64636921536316,-14.7150187265493,-113.861005326162));
#2597=CARTESIAN_POINT('Ctrl Pts',(-4.66040095676866,-14.0452069608535,-113.56148554568));
#2598=CARTESIAN_POINT('Ctrl Pts',(-4.66040095676866,-14.6335919671876,-113.976459140408));
#2599=CARTESIAN_POINT('',(-4.30228373398271,-14.4438570666368,-112.996245376194));
#2600=CARTESIAN_POINT('Ctrl Pts',(-4.30228373398271,-14.4438570666368,-112.996245376194));
#2601=CARTESIAN_POINT('Ctrl Pts',(-4.40672833414954,-14.3921305093102,-113.069587707241));
#2602=CARTESIAN_POINT('Ctrl Pts',(-4.61870913683576,-14.2871462676665,-113.218443331958));
#2603=CARTESIAN_POINT('Ctrl Pts',(-4.64636921536316,-14.1266337202152,-113.446031731434));
#2604=CARTESIAN_POINT('Ctrl Pts',(-4.66040095676866,-14.0452069608535,-113.56148554568));
#2605=CARTESIAN_POINT('',(-4.30228373398271,-14.8524577654799,-113.284421483644));
#2606=CARTESIAN_POINT('',(-4.30228373398271,-14.4438570666368,-112.996245376194));
#2607=CARTESIAN_POINT('Ctrl Pts',(-4.30228373398271,-14.8524577654799,-113.284421483644));
#2608=CARTESIAN_POINT('Ctrl Pts',(-4.40672833414954,-14.8007312081532,-113.357763814691));
#2609=CARTESIAN_POINT('Ctrl Pts',(-4.61870913683576,-14.6957469665095,-113.506619439408));
#2610=CARTESIAN_POINT('Ctrl Pts',(-4.64636921536316,-14.5352344190582,-113.734207838884));
#2611=CARTESIAN_POINT('Ctrl Pts',(-4.66040095676866,-14.4538076596966,-113.84966165313));
#2612=CARTESIAN_POINT('Origin',(-4.61128777255503,-14.4438570666368,-112.996245376194));
#2613=CARTESIAN_POINT('',(-4.61128777255503,-14.4438570666368,-112.996245376194));
#2614=CARTESIAN_POINT('',(-5.30564388627751,-14.4438570666368,-112.996245376194));
#2615=CARTESIAN_POINT('',(-4.61128777255503,-14.8524577654799,-113.284421483644));
#2616=CARTESIAN_POINT('',(-4.61128777255503,-14.4438570666368,-112.996245376194));
#2617=CARTESIAN_POINT('',(-4.61128777255503,-14.8524577654799,-113.284421483644));
#2618=CARTESIAN_POINT('Origin',(-4.61128777255503,-14.6349261701478,-112.72533128164));
#2619=CARTESIAN_POINT('',(-4.61128777255503,-14.6349261701478,-112.72533128164));
#2620=CARTESIAN_POINT('',(-4.61128777255503,-14.657747903502,-112.69297267884));
#2621=CARTESIAN_POINT('',(-4.61128777255503,-15.0435268689908,-113.01350738909));
#2622=CARTESIAN_POINT('',(-4.61128777255503,-14.6349261701478,-112.72533128164));
#2623=CARTESIAN_POINT('',(-4.61128777255503,-15.0435268689908,-113.01350738909));
#2624=CARTESIAN_POINT('Origin',(-2.43802717318025,-14.6349261701478,-112.72533128164));
#2625=CARTESIAN_POINT('',(-2.43802717318025,-14.6349261701478,-112.72533128164));
#2626=CARTESIAN_POINT('',(-4.21901358659013,-14.6349261701477,-112.72533128164));
#2627=CARTESIAN_POINT('',(-2.43802717318025,-15.0435268689908,-113.01350738909));
#2628=CARTESIAN_POINT('',(-2.43802717318025,-14.6349261701478,-112.72533128164));
#2629=CARTESIAN_POINT('',(-2.43802717318025,-15.0435268689908,-113.01350738909));
#2630=CARTESIAN_POINT('Origin',(-2.43802717318025,-14.4226272616725,-113.026346806953));
#2631=CARTESIAN_POINT('',(-2.43802717318025,-14.5515984492643,-112.843480441497));
#2632=CARTESIAN_POINT('',(-2.43802717318025,-14.8312279605155,-113.314522914403));
#2633=CARTESIAN_POINT('Origin',(-3.4970313905665,-14.9856435625473,-113.095579284895));
#2634=CARTESIAN_POINT('Ctrl Pts',(-4.35548967112985,-12.8150524676566,-115.305703656103));
#2635=CARTESIAN_POINT('Ctrl Pts',(-4.35548967112985,-13.4034374739907,-115.720677250831));
#2636=CARTESIAN_POINT('Ctrl Pts',(-4.34645475027476,-12.8607912489627,-115.240851305326));
#2637=CARTESIAN_POINT('Ctrl Pts',(-4.34645475027476,-13.4491762552968,-115.655824900054));
#2638=CARTESIAN_POINT('Ctrl Pts',(-4.32799814820458,-12.9542267642572,-115.108370451226));
#2639=CARTESIAN_POINT('Ctrl Pts',(-4.32799814820458,-13.5426117705913,-115.523344045954));
#2640=CARTESIAN_POINT('Ctrl Pts',(-4.21342890909949,-13.0213785001435,-115.013156984522));
#2641=CARTESIAN_POINT('Ctrl Pts',(-4.21342890909949,-13.6097635064776,-115.42813057925));
#2642=CARTESIAN_POINT('Ctrl Pts',(-4.15494388331858,-13.0556579545173,-114.964552646234));
#2643=CARTESIAN_POINT('Ctrl Pts',(-4.15494388331858,-13.6440429608514,-115.379526240962));
#2644=CARTESIAN_POINT('',(-4.35548967112985,-12.8150524676566,-115.305703656103));
#2645=CARTESIAN_POINT('',(-4.15494388331858,-13.0556579545173,-114.964552646234));
#2646=CARTESIAN_POINT('Ctrl Pts',(-4.35548967112985,-12.8150524676566,-115.305703656103));
#2647=CARTESIAN_POINT('Ctrl Pts',(-4.34645475027476,-12.8607912489627,-115.240851305326));
#2648=CARTESIAN_POINT('Ctrl Pts',(-4.32799814820458,-12.9542267642572,-115.108370451226));
#2649=CARTESIAN_POINT('Ctrl Pts',(-4.21342890909949,-13.0213785001435,-115.013156984522));
#2650=CARTESIAN_POINT('Ctrl Pts',(-4.15494388331858,-13.0556579545173,-114.964552646234));
#2651=CARTESIAN_POINT('',(-4.35548967112985,-13.2236531664996,-115.593879763553));
#2652=CARTESIAN_POINT('',(-4.35548967112985,-12.8150524676566,-115.305703656103));
#2653=CARTESIAN_POINT('',(-4.15494388331858,-13.4642586533604,-115.252728753683));
#2654=CARTESIAN_POINT('Ctrl Pts',(-4.35548967112985,-13.2236531664996,-115.593879763553));
#2655=CARTESIAN_POINT('Ctrl Pts',(-4.34645475027476,-13.2693919478057,-115.529027412776));
#2656=CARTESIAN_POINT('Ctrl Pts',(-4.32799814820458,-13.3628274631002,-115.396546558676));
#2657=CARTESIAN_POINT('Ctrl Pts',(-4.21342890909949,-13.4299791989866,-115.301333091972));
#2658=CARTESIAN_POINT('Ctrl Pts',(-4.15494388331858,-13.4642586533604,-115.252728753683));
#2659=CARTESIAN_POINT('',(-4.15494388331858,-13.0556579545173,-114.964552646234));
#2660=CARTESIAN_POINT('Ctrl Pts',(-4.15289750685182,-12.569729589892,-115.653543385718));
#2661=CARTESIAN_POINT('Ctrl Pts',(-4.15289750685182,-13.158114596226,-116.068516980446));
#2662=CARTESIAN_POINT('Ctrl Pts',(-4.21197950472309,-12.604792916907,-115.603827605847));
#2663=CARTESIAN_POINT('Ctrl Pts',(-4.21197950472309,-13.193177923241,-116.018801200575));
#2664=CARTESIAN_POINT('Ctrl Pts',(-4.32774470704906,-12.6734959616983,-115.506414560876));
#2665=CARTESIAN_POINT('Ctrl Pts',(-4.32774470704906,-13.2618809680323,-115.921388155604));
#2666=CARTESIAN_POINT('Ctrl Pts',(-4.34636999585457,-12.7685233258749,-115.371676647469));
#2667=CARTESIAN_POINT('Ctrl Pts',(-4.34636999585457,-13.3569083322089,-115.786650242197));
#2668=CARTESIAN_POINT('Ctrl Pts',(-4.35548967112985,-12.8150524676566,-115.305703656103));
#2669=CARTESIAN_POINT('Ctrl Pts',(-4.35548967112985,-13.4034374739906,-115.720677250831));
#2670=CARTESIAN_POINT('',(-4.15289750685182,-12.569729589892,-115.653543385718));
#2671=CARTESIAN_POINT('Ctrl Pts',(-4.15289750685182,-12.569729589892,-115.653543385718));
#2672=CARTESIAN_POINT('Ctrl Pts',(-4.21197950472309,-12.604792916907,-115.603827605847));
#2673=CARTESIAN_POINT('Ctrl Pts',(-4.32774470704906,-12.6734959616983,-115.506414560876));
#2674=CARTESIAN_POINT('Ctrl Pts',(-4.34636999585457,-12.7685233258749,-115.371676647469));
#2675=CARTESIAN_POINT('Ctrl Pts',(-4.35548967112985,-12.8150524676566,-115.305703656103));
#2676=CARTESIAN_POINT('',(-4.15289750685182,-12.978330288735,-115.941719493168));
#2677=CARTESIAN_POINT('',(-4.15289750685182,-12.569729589892,-115.653543385718));
#2678=CARTESIAN_POINT('Ctrl Pts',(-4.15289750685182,-12.978330288735,-115.941719493168));
#2679=CARTESIAN_POINT('Ctrl Pts',(-4.21197950472309,-13.01339361575,-115.892003713297));
#2680=CARTESIAN_POINT('Ctrl Pts',(-4.32774470704906,-13.0820966605413,-115.794590668326));
#2681=CARTESIAN_POINT('Ctrl Pts',(-4.34636999585457,-13.1771240247179,-115.659852754919));
#2682=CARTESIAN_POINT('Ctrl Pts',(-4.35548967112985,-13.2236531664996,-115.593879763553));
#2683=CARTESIAN_POINT('Ctrl Pts',(-3.55126044144121,-12.4671184364817,-115.799034243248));
#2684=CARTESIAN_POINT('Ctrl Pts',(-3.55126044144121,-13.0555034428158,-116.214007837976));
#2685=CARTESIAN_POINT('Ctrl Pts',(-3.67143672262673,-12.4692502180826,-115.796011621214));
#2686=CARTESIAN_POINT('Ctrl Pts',(-3.67143672262673,-13.0576352244167,-116.210985215942));
#2687=CARTESIAN_POINT('Ctrl Pts',(-3.88868378960877,-12.4731039177948,-115.79054751661));
#2688=CARTESIAN_POINT('Ctrl Pts',(-3.88868378960877,-13.0614889241289,-116.205521111338));
#2689=CARTESIAN_POINT('Ctrl Pts',(-4.07130038176242,-12.5398886825567,-115.69585437291));
#2690=CARTESIAN_POINT('Ctrl Pts',(-4.07130038176242,-13.1282736888908,-116.110827967638));
#2691=CARTESIAN_POINT('Ctrl Pts',(-4.15289750685182,-12.569729589892,-115.653543385718));
#2692=CARTESIAN_POINT('Ctrl Pts',(-4.15289750685182,-13.1581145962261,-116.068516980446));
#2693=CARTESIAN_POINT('',(-3.55126044144121,-12.4671184364817,-115.799034243248));
#2694=CARTESIAN_POINT('Ctrl Pts',(-3.55126044144121,-12.4671184364817,-115.799034243248));
#2695=CARTESIAN_POINT('Ctrl Pts',(-3.67143672262673,-12.4692502180826,-115.796011621214));
#2696=CARTESIAN_POINT('Ctrl Pts',(-3.88868378960877,-12.4731039177948,-115.79054751661));
#2697=CARTESIAN_POINT('Ctrl Pts',(-4.07130038176242,-12.5398886825567,-115.69585437291));
#2698=CARTESIAN_POINT('Ctrl Pts',(-4.15289750685182,-12.569729589892,-115.653543385718));
#2699=CARTESIAN_POINT('',(-3.55126044144121,-12.8757191353248,-116.087210350698));
#2700=CARTESIAN_POINT('',(-3.55126044144121,-12.4671184364817,-115.799034243248));
#2701=CARTESIAN_POINT('Ctrl Pts',(-3.55126044144121,-12.8757191353248,-116.087210350698));
#2702=CARTESIAN_POINT('Ctrl Pts',(-3.67143672262673,-12.8778509169256,-116.084187728664));
#2703=CARTESIAN_POINT('Ctrl Pts',(-3.88868378960877,-12.8817046166379,-116.07872362406));
#2704=CARTESIAN_POINT('Ctrl Pts',(-4.07130038176242,-12.9484893813998,-115.984030480359));
#2705=CARTESIAN_POINT('Ctrl Pts',(-4.15289750685182,-12.978330288735,-115.941719493168));
#2706=CARTESIAN_POINT('Ctrl Pts',(-2.93734511723009,-12.5661912031814,-115.658560412617));
#2707=CARTESIAN_POINT('Ctrl Pts',(-2.93734511723009,-13.1545762095155,-116.073534007345));
#2708=CARTESIAN_POINT('Ctrl Pts',(-3.01912677095453,-12.5374122725351,-115.699365638553));
#2709=CARTESIAN_POINT('Ctrl Pts',(-3.01912677095453,-13.1257972788692,-116.114339233281));
#2710=CARTESIAN_POINT('Ctrl Pts',(-3.20638862073889,-12.4715149038439,-115.79280055631));
#2711=CARTESIAN_POINT('Ctrl Pts',(-3.20638862073889,-13.059899910178,-116.207774151038));
#2712=CARTESIAN_POINT('Ctrl Pts',(-3.42699695493619,-12.4687025623219,-115.796788134328));
#2713=CARTESIAN_POINT('Ctrl Pts',(-3.42699695493619,-13.057087568656,-116.211761729056));
#2714=CARTESIAN_POINT('Ctrl Pts',(-3.55126044144121,-12.4671184364817,-115.799034243248));
#2715=CARTESIAN_POINT('Ctrl Pts',(-3.55126044144121,-13.0555034428158,-116.214007837976));
#2716=CARTESIAN_POINT('',(-2.93734511723009,-12.5661912031814,-115.658560412617));
#2717=CARTESIAN_POINT('Ctrl Pts',(-2.93734511723009,-12.5661912031814,-115.658560412617));
#2718=CARTESIAN_POINT('Ctrl Pts',(-3.01912677095453,-12.5374122725351,-115.699365638553));
#2719=CARTESIAN_POINT('Ctrl Pts',(-3.20638862073889,-12.4715149038439,-115.79280055631));
#2720=CARTESIAN_POINT('Ctrl Pts',(-3.42699695493619,-12.4687025623219,-115.796788134328));
#2721=CARTESIAN_POINT('Ctrl Pts',(-3.55126044144121,-12.4671184364817,-115.799034243248));
#2722=CARTESIAN_POINT('',(-2.93734511723009,-12.9747919020245,-115.946736520067));
#2723=CARTESIAN_POINT('',(-2.93734511723009,-12.5661912031814,-115.658560412617));
#2724=CARTESIAN_POINT('Ctrl Pts',(-2.93734511723009,-12.9747919020245,-115.946736520067));
#2725=CARTESIAN_POINT('Ctrl Pts',(-3.01912677095453,-12.9460129713781,-115.987541746003));
#2726=CARTESIAN_POINT('Ctrl Pts',(-3.20638862073889,-12.880115602687,-116.08097666376));
#2727=CARTESIAN_POINT('Ctrl Pts',(-3.42699695493619,-12.877303261165,-116.084964241778));
#2728=CARTESIAN_POINT('Ctrl Pts',(-3.55126044144121,-12.8757191353248,-116.087210350698));
#2729=CARTESIAN_POINT('Ctrl Pts',(-2.74293860783068,-12.811514080946,-115.310720683002));
#2730=CARTESIAN_POINT('Ctrl Pts',(-2.74293860783068,-13.3998990872804,-115.72569427773));
#2731=CARTESIAN_POINT('Ctrl Pts',(-2.75124474521667,-12.7646252666424,-115.377203648789));
#2732=CARTESIAN_POINT('Ctrl Pts',(-2.75124474521667,-13.3530102729768,-115.792177243517));
#2733=CARTESIAN_POINT('Ctrl Pts',(-2.76796427605139,-12.6702421689256,-115.511028066182));
#2734=CARTESIAN_POINT('Ctrl Pts',(-2.76796427605139,-13.25862717526,-115.92600166091));
#2735=CARTESIAN_POINT('Ctrl Pts',(-2.88064388965147,-12.6010228727338,-115.609173096482));
#2736=CARTESIAN_POINT('Ctrl Pts',(-2.88064388965147,-13.1894078790682,-116.02414669121));
#2737=CARTESIAN_POINT('Ctrl Pts',(-2.93734511723009,-12.5661912031814,-115.658560412617));
#2738=CARTESIAN_POINT('Ctrl Pts',(-2.93734511723009,-13.1545762095158,-116.073534007345));
#2739=CARTESIAN_POINT('',(-2.74293860783068,-12.811514080946,-115.310720683002));
#2740=CARTESIAN_POINT('Ctrl Pts',(-2.74293860783068,-12.811514080946,-115.310720683002));
#2741=CARTESIAN_POINT('Ctrl Pts',(-2.75124474521667,-12.7646252666424,-115.377203648789));
#2742=CARTESIAN_POINT('Ctrl Pts',(-2.76796427605139,-12.6702421689256,-115.511028066182));
#2743=CARTESIAN_POINT('Ctrl Pts',(-2.88064388965147,-12.6010228727338,-115.609173096482));
#2744=CARTESIAN_POINT('Ctrl Pts',(-2.93734511723009,-12.5661912031814,-115.658560412617));
#2745=CARTESIAN_POINT('',(-2.74293860783068,-13.220114779789,-115.598896790452));
#2746=CARTESIAN_POINT('',(-2.74293860783068,-12.811514080946,-115.310720683002));
#2747=CARTESIAN_POINT('Ctrl Pts',(-2.74293860783068,-13.220114779789,-115.598896790452));
#2748=CARTESIAN_POINT('Ctrl Pts',(-2.75124474521667,-13.1732259654855,-115.665379756239));
#2749=CARTESIAN_POINT('Ctrl Pts',(-2.76796427605139,-13.0788428677687,-115.799204173632));
#2750=CARTESIAN_POINT('Ctrl Pts',(-2.88064388965147,-13.0096235715768,-115.897349203932));
#2751=CARTESIAN_POINT('Ctrl Pts',(-2.93734511723009,-12.9747919020245,-115.946736520067));
#2752=CARTESIAN_POINT('Ctrl Pts',(-2.93939134468523,-13.0568373022433,-114.962880466297));
#2753=CARTESIAN_POINT('Ctrl Pts',(-2.93939134468523,-13.645222308578,-115.377854061025));
#2754=CARTESIAN_POINT('Ctrl Pts',(-2.88209286585246,-13.0222497022338,-115.011921719787));
#2755=CARTESIAN_POINT('Ctrl Pts',(-2.88209286585246,-13.6106347085685,-115.426895314515));
#2756=CARTESIAN_POINT('Ctrl Pts',(-2.76799198510383,-12.9533739536195,-115.109579638989));
#2757=CARTESIAN_POINT('Ctrl Pts',(-2.76799198510383,-13.5417589599542,-115.524553233717));
#2758=CARTESIAN_POINT('Ctrl Pts',(-2.75126549297315,-12.8586634474046,-115.243868284115));
#2759=CARTESIAN_POINT('Ctrl Pts',(-2.75126549297315,-13.4470484537393,-115.658841878843));
#2760=CARTESIAN_POINT('Ctrl Pts',(-2.74293860783068,-12.811514080946,-115.310720683002));
#2761=CARTESIAN_POINT('Ctrl Pts',(-2.74293860783068,-13.3998990872807,-115.72569427773));
#2762=CARTESIAN_POINT('',(-2.93939134468523,-13.0568373022433,-114.962880466297));
#2763=CARTESIAN_POINT('Ctrl Pts',(-2.93939134468523,-13.0568373022433,-114.962880466297));
#2764=CARTESIAN_POINT('Ctrl Pts',(-2.88209286585246,-13.0222497022338,-115.011921719787));
#2765=CARTESIAN_POINT('Ctrl Pts',(-2.76799198510383,-12.9533739536195,-115.109579638989));
#2766=CARTESIAN_POINT('Ctrl Pts',(-2.75126549297315,-12.8586634474046,-115.243868284115));
#2767=CARTESIAN_POINT('Ctrl Pts',(-2.74293860783068,-12.811514080946,-115.310720683002));
#2768=CARTESIAN_POINT('',(-2.93939134468523,-13.4654380010863,-115.251056573747));
#2769=CARTESIAN_POINT('',(-2.93939134468523,-13.0568373022433,-114.962880466297));
#2770=CARTESIAN_POINT('Ctrl Pts',(-2.93939134468523,-13.4654380010863,-115.251056573747));
#2771=CARTESIAN_POINT('Ctrl Pts',(-2.88209286585246,-13.4308504010768,-115.300097827237));
#2772=CARTESIAN_POINT('Ctrl Pts',(-2.76799198510383,-13.3619746524625,-115.397755746439));
#2773=CARTESIAN_POINT('Ctrl Pts',(-2.75126549297315,-13.2672641462477,-115.532044391565));
#2774=CARTESIAN_POINT('Ctrl Pts',(-2.74293860783068,-13.220114779789,-115.598896790452));
#2775=CARTESIAN_POINT('Ctrl Pts',(-3.56353870024172,-13.154730721217,-114.824078815603));
#2776=CARTESIAN_POINT('Ctrl Pts',(-3.56353870024172,-13.7431157275515,-115.23905241033));
#2777=CARTESIAN_POINT('Ctrl Pts',(-3.43674685235178,-13.1533426563306,-114.826046932556));
#2778=CARTESIAN_POINT('Ctrl Pts',(-3.43674685235178,-13.7417276626651,-115.241020527283));
#2779=CARTESIAN_POINT('Ctrl Pts',(-3.21310585179982,-13.1508943268427,-114.829518383221));
#2780=CARTESIAN_POINT('Ctrl Pts',(-3.21310585179982,-13.7392793331772,-115.244491977948));
#2781=CARTESIAN_POINT('Ctrl Pts',(-3.02210533080777,-13.0852604629645,-114.922579681347));
#2782=CARTESIAN_POINT('Ctrl Pts',(-3.02210533080777,-13.673645469299,-115.337553276074));
#2783=CARTESIAN_POINT('Ctrl Pts',(-2.93939134468523,-13.0568373022433,-114.962880466297));
#2784=CARTESIAN_POINT('Ctrl Pts',(-2.93939134468523,-13.6452223085778,-115.377854061024));
#2785=CARTESIAN_POINT('',(-3.56353870024172,-13.154730721217,-114.824078815603));
#2786=CARTESIAN_POINT('Ctrl Pts',(-3.56353870024172,-13.154730721217,-114.824078815603));
#2787=CARTESIAN_POINT('Ctrl Pts',(-3.43674685235178,-13.1533426563306,-114.826046932556));
#2788=CARTESIAN_POINT('Ctrl Pts',(-3.21310585179982,-13.1508943268427,-114.829518383221));
#2789=CARTESIAN_POINT('Ctrl Pts',(-3.02210533080777,-13.0852604629645,-114.922579681347));
#2790=CARTESIAN_POINT('Ctrl Pts',(-2.93939134468523,-13.0568373022433,-114.962880466297));
#2791=CARTESIAN_POINT('',(-3.56353870024172,-13.5633314200601,-115.112254923052));
#2792=CARTESIAN_POINT('',(-3.56353870024172,-13.154730721217,-114.824078815603));
#2793=CARTESIAN_POINT('Ctrl Pts',(-3.56353870024172,-13.5633314200601,-115.112254923052));
#2794=CARTESIAN_POINT('Ctrl Pts',(-3.43674685235178,-13.5619433551737,-115.114223040006));
#2795=CARTESIAN_POINT('Ctrl Pts',(-3.21310585179982,-13.5594950256858,-115.11769449067));
#2796=CARTESIAN_POINT('Ctrl Pts',(-3.02210533080777,-13.4938611618075,-115.210755788797));
#2797=CARTESIAN_POINT('Ctrl Pts',(-2.93939134468523,-13.4654380010863,-115.251056573747));
#2798=CARTESIAN_POINT('Ctrl Pts',(-4.15494388331858,-13.0556579545173,-114.964552646234));
#2799=CARTESIAN_POINT('Ctrl Pts',(-4.15494388331858,-13.6440429608526,-115.379526240961));
#2800=CARTESIAN_POINT('Ctrl Pts',(-4.07476433773667,-13.0844656497232,-114.923706635448));
#2801=CARTESIAN_POINT('Ctrl Pts',(-4.07476433773667,-13.6728506560585,-115.338680230175));
#2802=CARTESIAN_POINT('Ctrl Pts',(-3.8947669527067,-13.1491368793761,-114.832010242346));
#2803=CARTESIAN_POINT('Ctrl Pts',(-3.8947669527067,-13.7375218857114,-115.246983837073));
#2804=CARTESIAN_POINT('Ctrl Pts',(-3.68169699054521,-13.152735242923,-114.826908175166));
#2805=CARTESIAN_POINT('Ctrl Pts',(-3.68169699054521,-13.7411202492583,-115.241881769893));
#2806=CARTESIAN_POINT('Ctrl Pts',(-3.56353870024172,-13.154730721217,-114.824078815603));
#2807=CARTESIAN_POINT('Ctrl Pts',(-3.56353870024172,-13.7431157275523,-115.23905241033));
#2808=CARTESIAN_POINT('Ctrl Pts',(-4.15494388331858,-13.0556579545173,-114.964552646234));
#2809=CARTESIAN_POINT('Ctrl Pts',(-4.07476433773667,-13.0844656497232,-114.923706635448));
#2810=CARTESIAN_POINT('Ctrl Pts',(-3.8947669527067,-13.1491368793761,-114.832010242346));
#2811=CARTESIAN_POINT('Ctrl Pts',(-3.68169699054521,-13.152735242923,-114.826908175166));
#2812=CARTESIAN_POINT('Ctrl Pts',(-3.56353870024172,-13.154730721217,-114.824078815603));
#2813=CARTESIAN_POINT('Ctrl Pts',(-4.15494388331858,-13.4642586533604,-115.252728753683));
#2814=CARTESIAN_POINT('Ctrl Pts',(-4.07476433773667,-13.4930663485662,-115.211882742897));
#2815=CARTESIAN_POINT('Ctrl Pts',(-3.8947669527067,-13.5577375782191,-115.120186349796));
#2816=CARTESIAN_POINT('Ctrl Pts',(-3.68169699054521,-13.5613359417661,-115.115084282616));
#2817=CARTESIAN_POINT('Ctrl Pts',(-3.56353870024172,-13.5633314200601,-115.112254923052));
#2818=CARTESIAN_POINT('Ctrl Pts',(-1.55603548874346,-12.8351030966613,-115.277274161736));
#2819=CARTESIAN_POINT('Ctrl Pts',(-1.55603548874346,-13.4234881029971,-115.692247756464));
#2820=CARTESIAN_POINT('Ctrl Pts',(-1.56101105850927,-12.904260752499,-115.179216530394));
#2821=CARTESIAN_POINT('Ctrl Pts',(-1.56101105850927,-13.4926457588348,-115.594190125122));
#2822=CARTESIAN_POINT('Ctrl Pts',(-1.57029392837892,-13.0332874870937,-114.996271405653));
#2823=CARTESIAN_POINT('Ctrl Pts',(-1.57029392837892,-13.6216724934295,-115.411245000381));
#2824=CARTESIAN_POINT('Ctrl Pts',(-1.68076520950015,-13.1452428169048,-114.837531576717));
#2825=CARTESIAN_POINT('Ctrl Pts',(-1.68076520950015,-13.7336278232406,-115.252505171445));
#2826=CARTESIAN_POINT('Ctrl Pts',(-1.7320244609305,-13.1971906746784,-114.763875466995));
#2827=CARTESIAN_POINT('Ctrl Pts',(-1.7320244609305,-13.7855756810142,-115.178849061723));
#2828=CARTESIAN_POINT('',(-1.55603548874346,-12.8351030966613,-115.277274161736));
#2829=CARTESIAN_POINT('',(-1.7320244609305,-13.1971906746784,-114.763875466995));
#2830=CARTESIAN_POINT('Ctrl Pts',(-1.55603548874346,-12.8351030966613,-115.277274161736));
#2831=CARTESIAN_POINT('Ctrl Pts',(-1.56101105850927,-12.904260752499,-115.179216530394));
#2832=CARTESIAN_POINT('Ctrl Pts',(-1.57029392837892,-13.0332874870937,-114.996271405653));
#2833=CARTESIAN_POINT('Ctrl Pts',(-1.68076520950015,-13.1452428169048,-114.837531576717));
#2834=CARTESIAN_POINT('Ctrl Pts',(-1.7320244609305,-13.1971906746784,-114.763875466995));
#2835=CARTESIAN_POINT('',(-1.55603548874346,-13.2437037955044,-115.565450269185));
#2836=CARTESIAN_POINT('',(-1.55603548874346,-12.8351030966613,-115.277274161736));
#2837=CARTESIAN_POINT('',(-1.7320244609305,-13.6057913735215,-115.052051574445));
#2838=CARTESIAN_POINT('Ctrl Pts',(-1.55603548874346,-13.2437037955044,-115.565450269185));
#2839=CARTESIAN_POINT('Ctrl Pts',(-1.56101105850927,-13.3128614513421,-115.467392637844));
#2840=CARTESIAN_POINT('Ctrl Pts',(-1.57029392837892,-13.4418881859367,-115.284447513103));
#2841=CARTESIAN_POINT('Ctrl Pts',(-1.68076520950015,-13.5538435157478,-115.125707684167));
#2842=CARTESIAN_POINT('Ctrl Pts',(-1.7320244609305,-13.6057913735215,-115.052051574445));
#2843=CARTESIAN_POINT('',(-1.7320244609305,-13.1971906746784,-114.763875466995));
#2844=CARTESIAN_POINT('Ctrl Pts',(-1.67881837477175,-12.5178341675575,-115.727125147996));
#2845=CARTESIAN_POINT('Ctrl Pts',(-1.67881837477175,-13.1062191738917,-116.142098742724));
#2846=CARTESIAN_POINT('Ctrl Pts',(-1.6430480011918,-12.5650217553825,-115.660218555591));
#2847=CARTESIAN_POINT('Ctrl Pts',(-1.6430480011918,-13.1534067617167,-116.075192150319));
#2848=CARTESIAN_POINT('Ctrl Pts',(-1.56648840288912,-12.666017702788,-115.517017875092));
#2849=CARTESIAN_POINT('Ctrl Pts',(-1.56648840288912,-13.2544027091222,-115.93199146982));
#2850=CARTESIAN_POINT('Ctrl Pts',(-1.5596688124795,-12.7763307804998,-115.360606571451));
#2851=CARTESIAN_POINT('Ctrl Pts',(-1.5596688124795,-13.364715786834,-115.775580166179));
#2852=CARTESIAN_POINT('Ctrl Pts',(-1.55603548874346,-12.8351030966613,-115.277274161736));
#2853=CARTESIAN_POINT('Ctrl Pts',(-1.55603548874346,-13.4234881029955,-115.692247756464));
#2854=CARTESIAN_POINT('',(-1.67881837477175,-12.5178341675575,-115.727125147996));
#2855=CARTESIAN_POINT('Ctrl Pts',(-1.67881837477175,-12.5178341675575,-115.727125147996));
#2856=CARTESIAN_POINT('Ctrl Pts',(-1.6430480011918,-12.5650217553825,-115.660218555591));
#2857=CARTESIAN_POINT('Ctrl Pts',(-1.56648840288912,-12.666017702788,-115.517017875092));
#2858=CARTESIAN_POINT('Ctrl Pts',(-1.5596688124795,-12.7763307804998,-115.360606571451));
#2859=CARTESIAN_POINT('Ctrl Pts',(-1.55603548874346,-12.8351030966613,-115.277274161736));
#2860=CARTESIAN_POINT('',(-1.67881837477175,-12.9264348664006,-116.015301255446));
#2861=CARTESIAN_POINT('',(-1.67881837477175,-12.5178341675575,-115.727125147996));
#2862=CARTESIAN_POINT('Ctrl Pts',(-1.67881837477175,-12.9264348664006,-116.015301255446));
#2863=CARTESIAN_POINT('Ctrl Pts',(-1.6430480011918,-12.9736224542256,-115.948394663041));
#2864=CARTESIAN_POINT('Ctrl Pts',(-1.56648840288912,-13.0746184016311,-115.805193982542));
#2865=CARTESIAN_POINT('Ctrl Pts',(-1.5596688124795,-13.1849314793429,-115.648782678901));
#2866=CARTESIAN_POINT('Ctrl Pts',(-1.55603548874346,-13.2437037955044,-115.565450269185));
#2867=CARTESIAN_POINT('Ctrl Pts',(-2.01442560543505,-12.3291241030312,-115.994694395587));
#2868=CARTESIAN_POINT('Ctrl Pts',(-2.01442560543505,-12.9175091093657,-116.409667990315));
#2869=CARTESIAN_POINT('Ctrl Pts',(-1.94680625543886,-12.3521906953547,-115.961988610827));
#2870=CARTESIAN_POINT('Ctrl Pts',(-1.94680625543886,-12.9405757016892,-116.376962205555));
#2871=CARTESIAN_POINT('Ctrl Pts',(-1.80850637654085,-12.39936812201,-115.895096425796));
#2872=CARTESIAN_POINT('Ctrl Pts',(-1.80850637654085,-12.9877531283445,-116.310070020524));
#2873=CARTESIAN_POINT('Ctrl Pts',(-1.72268093898896,-12.4777670490924,-115.783935730769));
#2874=CARTESIAN_POINT('Ctrl Pts',(-1.72268093898896,-13.0661520554269,-116.198909325497));
#2875=CARTESIAN_POINT('Ctrl Pts',(-1.67881837477175,-12.5178341675575,-115.727125147996));
#2876=CARTESIAN_POINT('Ctrl Pts',(-1.67881837477175,-13.106219173892,-116.142098742724));
#2877=CARTESIAN_POINT('',(-2.01442560543505,-12.3291241030312,-115.994694395587));
#2878=CARTESIAN_POINT('Ctrl Pts',(-2.01442560543505,-12.3291241030312,-115.994694395587));
#2879=CARTESIAN_POINT('Ctrl Pts',(-1.94680625543886,-12.3521906953547,-115.961988610827));
#2880=CARTESIAN_POINT('Ctrl Pts',(-1.80850637654085,-12.39936812201,-115.895096425796));
#2881=CARTESIAN_POINT('Ctrl Pts',(-1.72268093898896,-12.4777670490924,-115.783935730769));
#2882=CARTESIAN_POINT('Ctrl Pts',(-1.67881837477175,-12.5178341675575,-115.727125147996));
#2883=CARTESIAN_POINT('',(-2.01442560543505,-12.7377248018743,-116.282870503037));
#2884=CARTESIAN_POINT('',(-2.01442560543505,-12.3291241030312,-115.994694395587));
#2885=CARTESIAN_POINT('Ctrl Pts',(-2.01442560543505,-12.7377248018743,-116.282870503037));
#2886=CARTESIAN_POINT('Ctrl Pts',(-1.94680625543886,-12.7607913941977,-116.250164718277));
#2887=CARTESIAN_POINT('Ctrl Pts',(-1.80850637654085,-12.807968820853,-116.183272533246));
#2888=CARTESIAN_POINT('Ctrl Pts',(-1.72268093898896,-12.8863677479355,-116.072111838219));
#2889=CARTESIAN_POINT('Ctrl Pts',(-1.67881837477175,-12.9264348664006,-116.015301255446));
#2890=CARTESIAN_POINT('Ctrl Pts',(-2.73270657648531,-12.2689725595497,-116.0799823916));
#2891=CARTESIAN_POINT('Ctrl Pts',(-2.73270657648531,-12.8573575658841,-116.494955986327));
#2892=CARTESIAN_POINT('Ctrl Pts',(-2.58680625527826,-12.2689048796907,-116.080078353884));
#2893=CARTESIAN_POINT('Ctrl Pts',(-2.58680625527826,-12.8572898860251,-116.495051948611));
#2894=CARTESIAN_POINT('Ctrl Pts',(-2.34158570262573,-12.2687911274229,-116.080239641565));
#2895=CARTESIAN_POINT('Ctrl Pts',(-2.34158570262573,-12.8571761337573,-116.495213236292));
#2896=CARTESIAN_POINT('Ctrl Pts',(-2.10873553352606,-12.3117320107804,-116.019354389474));
#2897=CARTESIAN_POINT('Ctrl Pts',(-2.10873553352606,-12.9001170171148,-116.434327984201));
#2898=CARTESIAN_POINT('Ctrl Pts',(-2.01442560543505,-12.3291241030312,-115.994694395587));
#2899=CARTESIAN_POINT('Ctrl Pts',(-2.01442560543505,-12.9175091093656,-116.409667990314));
#2900=CARTESIAN_POINT('',(-2.73270657648531,-12.2689725595497,-116.0799823916));
#2901=CARTESIAN_POINT('Ctrl Pts',(-2.73270657648531,-12.2689725595497,-116.0799823916));
#2902=CARTESIAN_POINT('Ctrl Pts',(-2.58680625527826,-12.2689048796907,-116.080078353884));
#2903=CARTESIAN_POINT('Ctrl Pts',(-2.34158570262573,-12.2687911274229,-116.080239641565));
#2904=CARTESIAN_POINT('Ctrl Pts',(-2.10873553352606,-12.3117320107804,-116.019354389474));
#2905=CARTESIAN_POINT('Ctrl Pts',(-2.01442560543505,-12.3291241030312,-115.994694395587));
#2906=CARTESIAN_POINT('',(-2.73270657648531,-12.6775732583927,-116.368158499049));
#2907=CARTESIAN_POINT('',(-2.73270657648531,-12.2689725595497,-116.0799823916));
#2908=CARTESIAN_POINT('Ctrl Pts',(-2.73270657648531,-12.6775732583927,-116.368158499049));
#2909=CARTESIAN_POINT('Ctrl Pts',(-2.58680625527826,-12.6775055785338,-116.368254461334));
#2910=CARTESIAN_POINT('Ctrl Pts',(-2.34158570262573,-12.6773918262659,-116.368415749015));
#2911=CARTESIAN_POINT('Ctrl Pts',(-2.10873553352606,-12.7203327096234,-116.307530496924));
#2912=CARTESIAN_POINT('Ctrl Pts',(-2.01442560543505,-12.7377248018743,-116.282870503037));
#2913=CARTESIAN_POINT('Origin',(-4.61128777255503,-12.2689725595497,-116.0799823916));
#2914=CARTESIAN_POINT('',(-4.61128777255503,-12.2689725595497,-116.0799823916));
#2915=CARTESIAN_POINT('',(-5.30564388627751,-12.2689725595497,-116.079982391599));
#2916=CARTESIAN_POINT('',(-4.61128777255503,-12.6775732583927,-116.368158499049));
#2917=CARTESIAN_POINT('',(-4.61128777255503,-12.2689725595497,-116.0799823916));
#2918=CARTESIAN_POINT('',(-4.61128777255503,-12.6775732583927,-116.368158499049));
#2919=CARTESIAN_POINT('Origin',(-4.61128777255503,-12.4647593974971,-115.80237909021));
#2920=CARTESIAN_POINT('',(-4.61128777255503,-12.4647593974971,-115.80237909021));
#2921=CARTESIAN_POINT('',(-4.61128777255503,-13.5726645171767,-114.231496583125));
#2922=CARTESIAN_POINT('',(-4.61128777255503,-12.8733600963402,-116.09055519766));
#2923=CARTESIAN_POINT('',(-4.61128777255503,-12.4647593974971,-115.80237909021));
#2924=CARTESIAN_POINT('',(-4.61128777255503,-12.8733600963402,-116.09055519766));
#2925=CARTESIAN_POINT('Origin',(-4.3493505417296,-12.4647593974971,-115.80237909021));
#2926=CARTESIAN_POINT('',(-4.3493505417296,-12.4647593974971,-115.80237909021));
#2927=CARTESIAN_POINT('',(-5.1746752708648,-12.4647593974971,-115.80237909021));
#2928=CARTESIAN_POINT('',(-4.3493505417296,-12.8733600963402,-116.09055519766));
#2929=CARTESIAN_POINT('',(-4.3493505417296,-12.4647593974971,-115.80237909021));
#2930=CARTESIAN_POINT('',(-4.3493505417296,-12.8733600963402,-116.09055519766));
#2931=CARTESIAN_POINT('Ctrl Pts',(-4.66040095676866,-12.8303853622248,-115.283963368571));
#2932=CARTESIAN_POINT('Ctrl Pts',(-4.66040095676866,-13.4187703685592,-115.698936963299));
#2933=CARTESIAN_POINT('Ctrl Pts',(-4.64690531137392,-12.7594717329454,-115.384510769039));
#2934=CARTESIAN_POINT('Ctrl Pts',(-4.64690531137392,-13.3478567392798,-115.799484363767));
#2935=CARTESIAN_POINT('Ctrl Pts',(-4.61962795726688,-12.6161413385633,-115.587736844331));
#2936=CARTESIAN_POINT('Ctrl Pts',(-4.61962795726688,-13.2045263448977,-116.002710439059));
#2937=CARTESIAN_POINT('Ctrl Pts',(-4.44007069841797,-12.5155716097792,-115.730333195664));
#2938=CARTESIAN_POINT('Ctrl Pts',(-4.44007069841797,-13.1039566161136,-116.145306790392));
#2939=CARTESIAN_POINT('Ctrl Pts',(-4.3493505417296,-12.4647593974971,-115.80237909021));
#2940=CARTESIAN_POINT('Ctrl Pts',(-4.3493505417296,-13.0531444038315,-116.217352684938));
#2941=CARTESIAN_POINT('',(-4.66040095676866,-12.8303853622248,-115.283963368571));
#2942=CARTESIAN_POINT('Ctrl Pts',(-4.66040095676866,-12.8303853622248,-115.283963368571));
#2943=CARTESIAN_POINT('Ctrl Pts',(-4.64690531137392,-12.7594717329454,-115.384510769039));
#2944=CARTESIAN_POINT('Ctrl Pts',(-4.61962795726688,-12.6161413385633,-115.587736844331));
#2945=CARTESIAN_POINT('Ctrl Pts',(-4.44007069841797,-12.5155716097792,-115.730333195664));
#2946=CARTESIAN_POINT('Ctrl Pts',(-4.3493505417296,-12.4647593974971,-115.80237909021));
#2947=CARTESIAN_POINT('',(-4.66040095676866,-13.2389860610678,-115.572139476021));
#2948=CARTESIAN_POINT('',(-4.66040095676866,-12.8303853622248,-115.283963368571));
#2949=CARTESIAN_POINT('Ctrl Pts',(-4.66040095676866,-13.2389860610678,-115.572139476021));
#2950=CARTESIAN_POINT('Ctrl Pts',(-4.64690531137392,-13.1680724317885,-115.672686876489));
#2951=CARTESIAN_POINT('Ctrl Pts',(-4.61962795726688,-13.0247420374064,-115.875912951781));
#2952=CARTESIAN_POINT('Ctrl Pts',(-4.44007069841797,-12.9241723086222,-116.018509303114));
#2953=CARTESIAN_POINT('Ctrl Pts',(-4.3493505417296,-12.8733600963402,-116.09055519766));
#2954=CARTESIAN_POINT('Ctrl Pts',(-4.51715400804964,-13.1205272324354,-114.872575443386));
#2955=CARTESIAN_POINT('Ctrl Pts',(-4.51715400804964,-13.7089122387696,-115.287549038114));
#2956=CARTESIAN_POINT('Ctrl Pts',(-4.5589242708443,-13.0767023884039,-114.934714050422));
#2957=CARTESIAN_POINT('Ctrl Pts',(-4.5589242708443,-13.6650873947381,-115.34968764515));
#2958=CARTESIAN_POINT('Ctrl Pts',(-4.64500981350752,-12.9863824998476,-115.06277730282));
#2959=CARTESIAN_POINT('Ctrl Pts',(-4.64500981350752,-13.5747675061818,-115.477750897548));
#2960=CARTESIAN_POINT('Ctrl Pts',(-4.65517044665475,-12.8833992671851,-115.208795726094));
#2961=CARTESIAN_POINT('Ctrl Pts',(-4.65517044665475,-13.4717842735193,-115.623769320822));
#2962=CARTESIAN_POINT('Ctrl Pts',(-4.66040095676866,-12.8303853622248,-115.283963368571));
#2963=CARTESIAN_POINT('Ctrl Pts',(-4.66040095676866,-13.418770368559,-115.698936963299));
#2964=CARTESIAN_POINT('',(-4.51715400804964,-13.1205272324354,-114.872575443386));
#2965=CARTESIAN_POINT('Ctrl Pts',(-4.51715400804964,-13.1205272324354,-114.872575443386));
#2966=CARTESIAN_POINT('Ctrl Pts',(-4.5589242708443,-13.0767023884039,-114.934714050422));
#2967=CARTESIAN_POINT('Ctrl Pts',(-4.64500981350752,-12.9863824998476,-115.06277730282));
#2968=CARTESIAN_POINT('Ctrl Pts',(-4.65517044665475,-12.8833992671851,-115.208795726094));
#2969=CARTESIAN_POINT('Ctrl Pts',(-4.66040095676866,-12.8303853622248,-115.283963368571));
#2970=CARTESIAN_POINT('',(-4.51715400804964,-13.5291279312784,-115.160751550836));
#2971=CARTESIAN_POINT('',(-4.51715400804964,-13.1205272324354,-114.872575443386));
#2972=CARTESIAN_POINT('Ctrl Pts',(-4.51715400804964,-13.5291279312784,-115.160751550836));
#2973=CARTESIAN_POINT('Ctrl Pts',(-4.5589242708443,-13.4853030872469,-115.222890157872));
#2974=CARTESIAN_POINT('Ctrl Pts',(-4.64500981350752,-13.3949831986907,-115.35095341027));
#2975=CARTESIAN_POINT('Ctrl Pts',(-4.65517044665475,-13.2919999660282,-115.496971833544));
#2976=CARTESIAN_POINT('Ctrl Pts',(-4.66040095676866,-13.2389860610678,-115.572139476021));
#2977=CARTESIAN_POINT('Ctrl Pts',(-4.10992345203844,-13.3080579492357,-114.606678375731));
#2978=CARTESIAN_POINT('Ctrl Pts',(-4.10992345203844,-13.8964429555702,-115.021651970459));
#2979=CARTESIAN_POINT('Ctrl Pts',(-4.19212318126641,-13.2846689435574,-114.639841305684));
#2980=CARTESIAN_POINT('Ctrl Pts',(-4.19212318126641,-13.8730539498919,-115.054814900412));
#2981=CARTESIAN_POINT('Ctrl Pts',(-4.35176656915074,-13.23924421843,-114.704248360786));
#2982=CARTESIAN_POINT('Ctrl Pts',(-4.35176656915074,-13.8276292247645,-115.119221955514));
#2983=CARTESIAN_POINT('Ctrl Pts',(-4.46313077670479,-13.1593057227588,-114.817591987657));
#2984=CARTESIAN_POINT('Ctrl Pts',(-4.46313077670479,-13.7476907290933,-115.232565582385));
#2985=CARTESIAN_POINT('Ctrl Pts',(-4.51715400804964,-13.1205272324354,-114.872575443386));
#2986=CARTESIAN_POINT('Ctrl Pts',(-4.51715400804964,-13.7089122387699,-115.287549038114));
#2987=CARTESIAN_POINT('',(-4.10992345203844,-13.3080579492357,-114.606678375731));
#2988=CARTESIAN_POINT('Ctrl Pts',(-4.10992345203844,-13.3080579492357,-114.606678375731));
#2989=CARTESIAN_POINT('Ctrl Pts',(-4.19212318126641,-13.2846689435574,-114.639841305684));
#2990=CARTESIAN_POINT('Ctrl Pts',(-4.35176656915074,-13.23924421843,-114.704248360786));
#2991=CARTESIAN_POINT('Ctrl Pts',(-4.46313077670479,-13.1593057227588,-114.817591987657));
#2992=CARTESIAN_POINT('Ctrl Pts',(-4.51715400804964,-13.1205272324354,-114.872575443386));
#2993=CARTESIAN_POINT('',(-4.10992345203844,-13.7166586480788,-114.894854483181));
#2994=CARTESIAN_POINT('',(-4.10992345203844,-13.3080579492357,-114.606678375731));
#2995=CARTESIAN_POINT('Ctrl Pts',(-4.10992345203844,-13.7166586480788,-114.894854483181));
#2996=CARTESIAN_POINT('Ctrl Pts',(-4.19212318126641,-13.6932696424005,-114.928017413133));
#2997=CARTESIAN_POINT('Ctrl Pts',(-4.35176656915074,-13.647844917273,-114.992424468236));
#2998=CARTESIAN_POINT('Ctrl Pts',(-4.46313077670479,-13.5679064216018,-115.105768095107));
#2999=CARTESIAN_POINT('Ctrl Pts',(-4.51715400804964,-13.5291279312784,-115.160751550836));
#3000=CARTESIAN_POINT('Ctrl Pts',(-3.53693565716234,-13.3729268836211,-114.514701659973));
#3001=CARTESIAN_POINT('Ctrl Pts',(-3.53693565716234,-13.9613118899556,-114.929675254701));
#3002=CARTESIAN_POINT('Ctrl Pts',(-3.63754546957109,-13.3704751702473,-114.5181779086));
#3003=CARTESIAN_POINT('Ctrl Pts',(-3.63754546957109,-13.9588601765818,-114.933151503328));
#3004=CARTESIAN_POINT('Ctrl Pts',(-3.83434630094217,-13.3656794230065,-114.524977728653));
#3005=CARTESIAN_POINT('Ctrl Pts',(-3.83434630094217,-13.954064429341,-114.939951323381));
#3006=CARTESIAN_POINT('Ctrl Pts',(-4.0194497854961,-13.326975431991,-114.5798555529));
#3007=CARTESIAN_POINT('Ctrl Pts',(-4.0194497854961,-13.9153604383255,-114.994829147628));
#3008=CARTESIAN_POINT('Ctrl Pts',(-4.10992345203844,-13.3080579492357,-114.606678375731));
#3009=CARTESIAN_POINT('Ctrl Pts',(-4.10992345203844,-13.8964429555702,-115.021651970459));
#3010=CARTESIAN_POINT('',(-3.53693565716234,-13.3729268836211,-114.514701659973));
#3011=CARTESIAN_POINT('Ctrl Pts',(-3.53693565716234,-13.3729268836211,-114.514701659973));
#3012=CARTESIAN_POINT('Ctrl Pts',(-3.63754546957109,-13.3704751702473,-114.5181779086));
#3013=CARTESIAN_POINT('Ctrl Pts',(-3.83434630094217,-13.3656794230065,-114.524977728653));
#3014=CARTESIAN_POINT('Ctrl Pts',(-4.0194497854961,-13.326975431991,-114.5798555529));
#3015=CARTESIAN_POINT('Ctrl Pts',(-4.10992345203844,-13.3080579492357,-114.606678375731));
#3016=CARTESIAN_POINT('',(-3.53693565716234,-13.7815275824641,-114.802877767423));
#3017=CARTESIAN_POINT('',(-3.53693565716234,-13.3729268836211,-114.514701659973));
#3018=CARTESIAN_POINT('Ctrl Pts',(-3.53693565716234,-13.7815275824641,-114.802877767423));
#3019=CARTESIAN_POINT('Ctrl Pts',(-3.63754546957109,-13.7790758690903,-114.80635401605));
#3020=CARTESIAN_POINT('Ctrl Pts',(-3.83434630094217,-13.7742801218496,-114.813153836103));
#3021=CARTESIAN_POINT('Ctrl Pts',(-4.0194497854961,-13.7355761308341,-114.86803166035));
#3022=CARTESIAN_POINT('Ctrl Pts',(-4.10992345203844,-13.7166586480788,-114.894854483181));
#3023=CARTESIAN_POINT('Ctrl Pts',(-2.76135584701982,-13.23139416346,-114.715378839212));
#3024=CARTESIAN_POINT('Ctrl Pts',(-2.76135584701982,-13.8197791697941,-115.13035243394));
#3025=CARTESIAN_POINT('Ctrl Pts',(-2.87658626947839,-13.2726647953206,-114.656861812352));
#3026=CARTESIAN_POINT('Ctrl Pts',(-2.87658626947839,-13.8610498016547,-115.07183540708));
#3027=CARTESIAN_POINT('Ctrl Pts',(-3.11396926350198,-13.3576852781695,-114.536312509999));
#3028=CARTESIAN_POINT('Ctrl Pts',(-3.11396926350198,-13.9460702845036,-114.951286104727));
#3029=CARTESIAN_POINT('Ctrl Pts',(-3.39323239769033,-13.3677485327738,-114.522043968098));
#3030=CARTESIAN_POINT('Ctrl Pts',(-3.39323239769033,-13.9561335391079,-114.937017562826));
#3031=CARTESIAN_POINT('Ctrl Pts',(-3.53693565716234,-13.3729268836211,-114.514701659973));
#3032=CARTESIAN_POINT('Ctrl Pts',(-3.53693565716234,-13.9613118899552,-114.929675254701));
#3033=CARTESIAN_POINT('',(-2.76135584701982,-13.23139416346,-114.715378839212));
#3034=CARTESIAN_POINT('Ctrl Pts',(-2.76135584701982,-13.23139416346,-114.715378839212));
#3035=CARTESIAN_POINT('Ctrl Pts',(-2.87658626947839,-13.2726647953206,-114.656861812352));
#3036=CARTESIAN_POINT('Ctrl Pts',(-3.11396926350198,-13.3576852781695,-114.536312509999));
#3037=CARTESIAN_POINT('Ctrl Pts',(-3.39323239769033,-13.3677485327738,-114.522043968098));
#3038=CARTESIAN_POINT('Ctrl Pts',(-3.53693565716234,-13.3729268836211,-114.514701659973));
#3039=CARTESIAN_POINT('',(-2.76135584701982,-13.6399948623031,-115.003554946662));
#3040=CARTESIAN_POINT('',(-2.76135584701982,-13.23139416346,-114.715378839212));
#3041=CARTESIAN_POINT('Ctrl Pts',(-2.76135584701982,-13.6399948623031,-115.003554946662));
#3042=CARTESIAN_POINT('Ctrl Pts',(-2.87658626947839,-13.6812654941637,-114.945037919802));
#3043=CARTESIAN_POINT('Ctrl Pts',(-3.11396926350198,-13.7662859770126,-114.824488617449));
#3044=CARTESIAN_POINT('Ctrl Pts',(-3.39323239769033,-13.7763492316169,-114.810220075548));
#3045=CARTESIAN_POINT('Ctrl Pts',(-3.53693565716234,-13.7815275824641,-114.802877767423));
#3046=CARTESIAN_POINT('Ctrl Pts',(-2.43802717318025,-12.8315647099507,-115.282291188635));
#3047=CARTESIAN_POINT('Ctrl Pts',(-2.43802717318025,-13.4199497162873,-115.697264783364));
#3048=CARTESIAN_POINT('Ctrl Pts',(-2.4498690252976,-12.9120664387452,-115.168148961735));
#3049=CARTESIAN_POINT('Ctrl Pts',(-2.4498690252976,-13.5004514450818,-115.583122556464));
#3050=CARTESIAN_POINT('Ctrl Pts',(-2.47288622963063,-13.0685389839571,-114.946288822499));
#3051=CARTESIAN_POINT('Ctrl Pts',(-2.47288622963063,-13.6569239902937,-115.361262417228));
#3052=CARTESIAN_POINT('Ctrl Pts',(-2.66707364342808,-13.1781672575251,-114.790848492663));
#3053=CARTESIAN_POINT('Ctrl Pts',(-2.66707364342808,-13.7665522638617,-115.205822087392));
#3054=CARTESIAN_POINT('Ctrl Pts',(-2.76135584701982,-13.23139416346,-114.715378839212));
#3055=CARTESIAN_POINT('Ctrl Pts',(-2.76135584701982,-13.8197791697966,-115.130352433941));
#3056=CARTESIAN_POINT('',(-2.43802717318025,-12.8315647099507,-115.282291188635));
#3057=CARTESIAN_POINT('Ctrl Pts',(-2.43802717318025,-12.8315647099507,-115.282291188635));
#3058=CARTESIAN_POINT('Ctrl Pts',(-2.4498690252976,-12.9120664387452,-115.168148961735));
#3059=CARTESIAN_POINT('Ctrl Pts',(-2.47288622963063,-13.0685389839571,-114.946288822499));
#3060=CARTESIAN_POINT('Ctrl Pts',(-2.66707364342808,-13.1781672575251,-114.790848492663));
#3061=CARTESIAN_POINT('Ctrl Pts',(-2.76135584701982,-13.23139416346,-114.715378839212));
#3062=CARTESIAN_POINT('',(-2.43802717318025,-13.2401654087938,-115.570467296084));
#3063=CARTESIAN_POINT('',(-2.43802717318025,-12.8315647099507,-115.282291188635));
#3064=CARTESIAN_POINT('Ctrl Pts',(-2.43802717318025,-13.2401654087938,-115.570467296084));
#3065=CARTESIAN_POINT('Ctrl Pts',(-2.4498690252976,-13.3206671375882,-115.456325069185));
#3066=CARTESIAN_POINT('Ctrl Pts',(-2.47288622963063,-13.4771396828001,-115.234464929949));
#3067=CARTESIAN_POINT('Ctrl Pts',(-2.66707364342808,-13.5867679563681,-115.079024600113));
#3068=CARTESIAN_POINT('Ctrl Pts',(-2.76135584701982,-13.6399948623031,-115.003554946662));
#3069=CARTESIAN_POINT('Ctrl Pts',(-2.72247454513994,-12.4848096829692,-115.773950082933));
#3070=CARTESIAN_POINT('Ctrl Pts',(-2.72247454513994,-13.0731946893031,-116.188923677661));
#3071=CARTESIAN_POINT('Ctrl Pts',(-2.63951309910623,-12.5336923582054,-115.704640050815));
#3072=CARTESIAN_POINT('Ctrl Pts',(-2.63951309910623,-13.1220773645393,-116.119613645543));
#3073=CARTESIAN_POINT('Ctrl Pts',(-2.47526279512325,-12.6304721836654,-115.567417348119));
#3074=CARTESIAN_POINT('Ctrl Pts',(-2.47526279512325,-13.2188571899993,-115.982390942847));
#3075=CARTESIAN_POINT('Ctrl Pts',(-2.45035449872359,-12.7649904752127,-115.376685824885));
#3076=CARTESIAN_POINT('Ctrl Pts',(-2.45035449872359,-13.3533754815466,-115.791659419613));
#3077=CARTESIAN_POINT('Ctrl Pts',(-2.43802717318025,-12.8315647099507,-115.282291188635));
#3078=CARTESIAN_POINT('Ctrl Pts',(-2.43802717318025,-13.4199497162846,-115.697264783363));
#3079=CARTESIAN_POINT('',(-2.72247454513994,-12.4848096829692,-115.773950082933));
#3080=CARTESIAN_POINT('Ctrl Pts',(-2.72247454513994,-12.4848096829692,-115.773950082933));
#3081=CARTESIAN_POINT('Ctrl Pts',(-2.63951309910623,-12.5336923582054,-115.704640050815));
#3082=CARTESIAN_POINT('Ctrl Pts',(-2.47526279512325,-12.6304721836654,-115.567417348119));
#3083=CARTESIAN_POINT('Ctrl Pts',(-2.45035449872359,-12.7649904752127,-115.376685824885));
#3084=CARTESIAN_POINT('Ctrl Pts',(-2.43802717318025,-12.8315647099507,-115.282291188635));
#3085=CARTESIAN_POINT('',(-2.72247454513994,-12.8934103818122,-116.062126190383));
#3086=CARTESIAN_POINT('',(-2.72247454513994,-12.4848096829692,-115.773950082933));
#3087=CARTESIAN_POINT('Ctrl Pts',(-2.72247454513994,-12.8934103818122,-116.062126190383));
#3088=CARTESIAN_POINT('Ctrl Pts',(-2.63951309910623,-12.9422930570484,-115.992816158265));
#3089=CARTESIAN_POINT('Ctrl Pts',(-2.47526279512325,-13.0390728825084,-115.855593455569));
#3090=CARTESIAN_POINT('Ctrl Pts',(-2.45035449872359,-13.1735911740557,-115.664861932335));
#3091=CARTESIAN_POINT('Ctrl Pts',(-2.43802717318025,-13.2401654087938,-115.570467296084));
#3092=CARTESIAN_POINT('Ctrl Pts',(-2.24975964416948,-12.5001425775374,-115.752209795401));
#3093=CARTESIAN_POINT('Ctrl Pts',(-2.24975964416948,-13.0885275838714,-116.167183390129));
#3094=CARTESIAN_POINT('Ctrl Pts',(-2.30783543548625,-12.4954839854619,-115.758815145145));
#3095=CARTESIAN_POINT('Ctrl Pts',(-2.30783543548625,-13.0838689917959,-116.173788739873));
#3096=CARTESIAN_POINT('Ctrl Pts',(-2.46450951241319,-12.482916259794,-115.776634740032));
#3097=CARTESIAN_POINT('Ctrl Pts',(-2.46450951241319,-13.071301266128,-116.19160833476));
#3098=CARTESIAN_POINT('Ctrl Pts',(-2.62283622267747,-12.4840783531959,-115.77498702475));
#3099=CARTESIAN_POINT('Ctrl Pts',(-2.62283622267747,-13.0724633595299,-116.189960619478));
#3100=CARTESIAN_POINT('Ctrl Pts',(-2.72247454513994,-12.4848096829692,-115.773950082933));
#3101=CARTESIAN_POINT('Ctrl Pts',(-2.72247454513994,-13.0731946893032,-116.188923677661));
#3102=CARTESIAN_POINT('',(-2.24975964416948,-12.5001425775374,-115.752209795401));
#3103=CARTESIAN_POINT('Ctrl Pts',(-2.24975964416948,-12.5001425775374,-115.752209795401));
#3104=CARTESIAN_POINT('Ctrl Pts',(-2.30783543548625,-12.4954839854619,-115.758815145145));
#3105=CARTESIAN_POINT('Ctrl Pts',(-2.46450951241319,-12.482916259794,-115.776634740032));
#3106=CARTESIAN_POINT('Ctrl Pts',(-2.62283622267747,-12.4840783531959,-115.77498702475));
#3107=CARTESIAN_POINT('Ctrl Pts',(-2.72247454513994,-12.4848096829692,-115.773950082933));
#3108=CARTESIAN_POINT('',(-2.24975964416948,-12.9087432763805,-116.040385902851));
#3109=CARTESIAN_POINT('',(-2.24975964416948,-12.5001425775374,-115.752209795401));
#3110=CARTESIAN_POINT('Ctrl Pts',(-2.24975964416948,-12.9087432763805,-116.040385902851));
#3111=CARTESIAN_POINT('Ctrl Pts',(-2.30783543548625,-12.9040846843049,-116.046991252595));
#3112=CARTESIAN_POINT('Ctrl Pts',(-2.46450951241319,-12.8915169586371,-116.064810847482));
#3113=CARTESIAN_POINT('Ctrl Pts',(-2.62283622267747,-12.892679052039,-116.0631631322));
#3114=CARTESIAN_POINT('Ctrl Pts',(-2.72247454513994,-12.8934103818122,-116.062126190383));
#3115=CARTESIAN_POINT('Ctrl Pts',(-1.96326604475466,-12.6086508131101,-115.598357551099));
#3116=CARTESIAN_POINT('Ctrl Pts',(-1.96326604475466,-13.1970358194449,-116.013331145827));
#3117=CARTESIAN_POINT('Ctrl Pts',(-2.00156822478416,-12.5839622644701,-115.63336308406));
#3118=CARTESIAN_POINT('Ctrl Pts',(-2.00156822478416,-13.1723472708049,-116.048336678788));
#3119=CARTESIAN_POINT('Ctrl Pts',(-2.08028423039806,-12.5332240576147,-115.705304047391));
#3120=CARTESIAN_POINT('Ctrl Pts',(-2.08028423039806,-13.1216090639495,-116.120277642119));
#3121=CARTESIAN_POINT('Ctrl Pts',(-2.1922664894818,-12.511365200389,-115.736297402175));
#3122=CARTESIAN_POINT('Ctrl Pts',(-2.1922664894818,-13.0997502067238,-116.151270996903));
#3123=CARTESIAN_POINT('Ctrl Pts',(-2.24975964416948,-12.5001425775374,-115.752209795401));
#3124=CARTESIAN_POINT('Ctrl Pts',(-2.24975964416948,-13.0885275838722,-116.167183390129));
#3125=CARTESIAN_POINT('',(-1.96326604475466,-12.6086508131101,-115.598357551099));
#3126=CARTESIAN_POINT('Ctrl Pts',(-1.96326604475466,-12.6086508131101,-115.598357551099));
#3127=CARTESIAN_POINT('Ctrl Pts',(-2.00156822478416,-12.5839622644701,-115.63336308406));
#3128=CARTESIAN_POINT('Ctrl Pts',(-2.08028423039806,-12.5332240576147,-115.705304047391));
#3129=CARTESIAN_POINT('Ctrl Pts',(-2.1922664894818,-12.511365200389,-115.736297402175));
#3130=CARTESIAN_POINT('Ctrl Pts',(-2.24975964416948,-12.5001425775374,-115.752209795401));
#3131=CARTESIAN_POINT('',(-1.96326604475466,-13.0172515119532,-115.886533658549));
#3132=CARTESIAN_POINT('',(-1.96326604475466,-12.6086508131101,-115.598357551099));
#3133=CARTESIAN_POINT('Ctrl Pts',(-1.96326604475466,-13.0172515119532,-115.886533658549));
#3134=CARTESIAN_POINT('Ctrl Pts',(-2.00156822478416,-12.9925629633131,-115.921539191509));
#3135=CARTESIAN_POINT('Ctrl Pts',(-2.08028423039806,-12.9418247564577,-115.993480154841));
#3136=CARTESIAN_POINT('Ctrl Pts',(-2.1922664894818,-12.9199658992321,-116.024473509625));
#3137=CARTESIAN_POINT('Ctrl Pts',(-2.24975964416948,-12.9087432763805,-116.040385902851));
#3138=CARTESIAN_POINT('Ctrl Pts',(-1.86094662537065,-12.8362824443873,-115.275601981799));
#3139=CARTESIAN_POINT('Ctrl Pts',(-1.86094662537065,-13.4246674507219,-115.690575576527));
#3140=CARTESIAN_POINT('Ctrl Pts',(-1.86312006313811,-12.7917277842404,-115.338775384458));
#3141=CARTESIAN_POINT('Ctrl Pts',(-1.86312006313811,-13.380112790575,-115.753748979186));
#3142=CARTESIAN_POINT('Ctrl Pts',(-1.86705629139793,-12.7110365792736,-115.453186266858));
#3143=CARTESIAN_POINT('Ctrl Pts',(-1.86705629139793,-13.2994215856082,-115.868159861586));
#3144=CARTESIAN_POINT('Ctrl Pts',(-1.93350695009915,-12.640320239549,-115.553453933345));
#3145=CARTESIAN_POINT('Ctrl Pts',(-1.93350695009915,-13.2287052458836,-115.968427528073));
#3146=CARTESIAN_POINT('Ctrl Pts',(-1.96326604475466,-12.6086508131101,-115.598357551099));
#3147=CARTESIAN_POINT('Ctrl Pts',(-1.96326604475466,-13.1970358194447,-116.013331145827));
#3148=CARTESIAN_POINT('',(-1.86094662537065,-12.8362824443873,-115.275601981799));
#3149=CARTESIAN_POINT('Ctrl Pts',(-1.86094662537065,-12.8362824443873,-115.275601981799));
#3150=CARTESIAN_POINT('Ctrl Pts',(-1.86312006313811,-12.7917277842404,-115.338775384458));
#3151=CARTESIAN_POINT('Ctrl Pts',(-1.86705629139793,-12.7110365792736,-115.453186266858));
#3152=CARTESIAN_POINT('Ctrl Pts',(-1.93350695009915,-12.640320239549,-115.553453933345));
#3153=CARTESIAN_POINT('Ctrl Pts',(-1.96326604475466,-12.6086508131101,-115.598357551099));
#3154=CARTESIAN_POINT('',(-1.86094662537065,-13.2448831432303,-115.563778089249));
#3155=CARTESIAN_POINT('',(-1.86094662537065,-12.8362824443873,-115.275601981799));
#3156=CARTESIAN_POINT('Ctrl Pts',(-1.86094662537065,-13.2448831432303,-115.563778089249));
#3157=CARTESIAN_POINT('Ctrl Pts',(-1.86312006313811,-13.2003284830835,-115.626951491908));
#3158=CARTESIAN_POINT('Ctrl Pts',(-1.86705629139793,-13.1196372781167,-115.741362374308));
#3159=CARTESIAN_POINT('Ctrl Pts',(-1.93350695009915,-13.0489209383921,-115.841630040795));
#3160=CARTESIAN_POINT('Ctrl Pts',(-1.96326604475466,-13.0172515119532,-115.886533658549));
#3161=CARTESIAN_POINT('Ctrl Pts',(-1.96326604475466,-13.0521195678068,-114.969569673133));
#3162=CARTESIAN_POINT('Ctrl Pts',(-1.96326604475466,-13.6405045741412,-115.38454326786));
#3163=CARTESIAN_POINT('Ctrl Pts',(-1.93348301764143,-13.0216618188559,-115.012755271053));
#3164=CARTESIAN_POINT('Ctrl Pts',(-1.93348301764143,-13.6100468251903,-115.42772886578));
#3165=CARTESIAN_POINT('Ctrl Pts',(-1.86820122509271,-12.9549010950062,-115.107414327494));
#3166=CARTESIAN_POINT('Ctrl Pts',(-1.86820122509271,-13.5432861013406,-115.522387922221));
#3167=CARTESIAN_POINT('Ctrl Pts',(-1.86350197274134,-12.8780644680119,-115.216359860018));
#3168=CARTESIAN_POINT('Ctrl Pts',(-1.86350197274134,-13.4664494743463,-115.631333454745));
#3169=CARTESIAN_POINT('Ctrl Pts',(-1.86094662537065,-12.8362824443873,-115.275601981799));
#3170=CARTESIAN_POINT('Ctrl Pts',(-1.86094662537065,-13.4246674507217,-115.690575576526));
#3171=CARTESIAN_POINT('',(-1.96326604475466,-13.0521195678068,-114.969569673133));
#3172=CARTESIAN_POINT('Ctrl Pts',(-1.96326604475466,-13.0521195678068,-114.969569673133));
#3173=CARTESIAN_POINT('Ctrl Pts',(-1.93348301764143,-13.0216618188559,-115.012755271053));
#3174=CARTESIAN_POINT('Ctrl Pts',(-1.86820122509271,-12.9549010950062,-115.107414327494));
#3175=CARTESIAN_POINT('Ctrl Pts',(-1.86350197274134,-12.8780644680119,-115.216359860018));
#3176=CARTESIAN_POINT('Ctrl Pts',(-1.86094662537065,-12.8362824443873,-115.275601981799));
#3177=CARTESIAN_POINT('',(-1.96326604475466,-13.4607202666498,-115.257745780582));
#3178=CARTESIAN_POINT('',(-1.96326604475466,-13.0521195678068,-114.969569673133));
#3179=CARTESIAN_POINT('Ctrl Pts',(-1.96326604475466,-13.4607202666498,-115.257745780582));
#3180=CARTESIAN_POINT('Ctrl Pts',(-1.93348301764143,-13.4302625176989,-115.300931378503));
#3181=CARTESIAN_POINT('Ctrl Pts',(-1.86820122509271,-13.3635017938493,-115.395590434944));
#3182=CARTESIAN_POINT('Ctrl Pts',(-1.86350197274134,-13.2866651668549,-115.504535967468));
#3183=CARTESIAN_POINT('Ctrl Pts',(-1.86094662537065,-13.2448831432303,-115.563778089249));
#3184=CARTESIAN_POINT('Ctrl Pts',(-2.20473936190096,-13.1240652756133,-114.867558903577));
#3185=CARTESIAN_POINT('Ctrl Pts',(-2.20473936190096,-13.7124502819475,-115.282532498305));
#3186=CARTESIAN_POINT('Ctrl Pts',(-2.1544103078979,-13.1186754467982,-114.875201063227));
#3187=CARTESIAN_POINT('Ctrl Pts',(-2.1544103078979,-13.7070604531324,-115.290174657955));
#3188=CARTESIAN_POINT('Ctrl Pts',(-2.06089950980899,-13.1086612074281,-114.889400107142));
#3189=CARTESIAN_POINT('Ctrl Pts',(-2.06089950980899,-13.6970462137623,-115.30437370187));
#3190=CARTESIAN_POINT('Ctrl Pts',(-1.9941088635004,-13.0699813075438,-114.944243772926));
#3191=CARTESIAN_POINT('Ctrl Pts',(-1.9941088635004,-13.658366313878,-115.359217367654));
#3192=CARTESIAN_POINT('Ctrl Pts',(-1.96326604475466,-13.0521195678068,-114.969569673133));
#3193=CARTESIAN_POINT('Ctrl Pts',(-1.96326604475466,-13.640504574141,-115.384543267861));
#3194=CARTESIAN_POINT('',(-2.20473936190096,-13.1240652756133,-114.867558903577));
#3195=CARTESIAN_POINT('Ctrl Pts',(-2.20473936190096,-13.1240652756133,-114.867558903577));
#3196=CARTESIAN_POINT('Ctrl Pts',(-2.1544103078979,-13.1186754467982,-114.875201063227));
#3197=CARTESIAN_POINT('Ctrl Pts',(-2.06089950980899,-13.1086612074281,-114.889400107142));
#3198=CARTESIAN_POINT('Ctrl Pts',(-1.9941088635004,-13.0699813075438,-114.944243772926));
#3199=CARTESIAN_POINT('Ctrl Pts',(-1.96326604475466,-13.0521195678068,-114.969569673133));
#3200=CARTESIAN_POINT('',(-2.20473936190096,-13.5326659744563,-115.155735011027));
#3201=CARTESIAN_POINT('',(-2.20473936190096,-13.1240652756133,-114.867558903577));
#3202=CARTESIAN_POINT('Ctrl Pts',(-2.20473936190096,-13.5326659744563,-115.155735011027));
#3203=CARTESIAN_POINT('Ctrl Pts',(-2.1544103078979,-13.5272761456413,-115.163377170677));
#3204=CARTESIAN_POINT('Ctrl Pts',(-2.06089950980899,-13.5172619062711,-115.177576214592));
#3205=CARTESIAN_POINT('Ctrl Pts',(-1.9941088635004,-13.4785820063869,-115.232419880376));
#3206=CARTESIAN_POINT('Ctrl Pts',(-1.96326604475466,-13.4607202666498,-115.257745780582));
#3207=CARTESIAN_POINT('Origin',(-2.25794544805971,-13.3304672736924,-114.574904521491));
#3208=CARTESIAN_POINT('',(-2.25794544805971,-13.3304672736924,-114.574904521491));
#3209=CARTESIAN_POINT('',(-2.46860941197813,-14.147694516198,-113.416169936045));
#3210=CARTESIAN_POINT('',(-2.25794544805971,-13.7390679725354,-114.863080628941));
#3211=CARTESIAN_POINT('',(-2.25794544805971,-13.3304672736924,-114.574904521491));
#3212=CARTESIAN_POINT('',(-2.25794544805971,-13.7390679725354,-114.863080628941));
#3213=CARTESIAN_POINT('Ctrl Pts',(-1.7320244609305,-13.1971906746784,-114.763875466995));
#3214=CARTESIAN_POINT('Ctrl Pts',(-1.7320244609305,-13.7855756810127,-115.178849061723));
#3215=CARTESIAN_POINT('Ctrl Pts',(-1.80019163626519,-13.2371757674175,-114.707181187302));
#3216=CARTESIAN_POINT('Ctrl Pts',(-1.80019163626519,-13.8255607737518,-115.12215478203));
#3217=CARTESIAN_POINT('Ctrl Pts',(-1.94394544019837,-13.3214980112782,-114.587621907824));
#3218=CARTESIAN_POINT('Ctrl Pts',(-1.94394544019837,-13.9098830176125,-115.002595502552));
#3219=CARTESIAN_POINT('Ctrl Pts',(-2.1497383031198,-13.3273763875339,-114.579287043885));
#3220=CARTESIAN_POINT('Ctrl Pts',(-2.1497383031198,-13.9157613938682,-114.994260638613));
#3221=CARTESIAN_POINT('Ctrl Pts',(-2.25794544805971,-13.3304672736924,-114.574904521491));
#3222=CARTESIAN_POINT('Ctrl Pts',(-2.25794544805971,-13.9188522800267,-114.989878116219));
#3223=CARTESIAN_POINT('Ctrl Pts',(-1.7320244609305,-13.1971906746784,-114.763875466995));
#3224=CARTESIAN_POINT('Ctrl Pts',(-1.80019163626519,-13.2371757674175,-114.707181187302));
#3225=CARTESIAN_POINT('Ctrl Pts',(-1.94394544019837,-13.3214980112782,-114.587621907824));
#3226=CARTESIAN_POINT('Ctrl Pts',(-2.1497383031198,-13.3273763875339,-114.579287043885));
#3227=CARTESIAN_POINT('Ctrl Pts',(-2.25794544805971,-13.3304672736924,-114.574904521491));
#3228=CARTESIAN_POINT('Ctrl Pts',(-1.7320244609305,-13.6057913735215,-115.052051574445));
#3229=CARTESIAN_POINT('Ctrl Pts',(-1.80019163626519,-13.6457764662606,-114.995357294752));
#3230=CARTESIAN_POINT('Ctrl Pts',(-1.94394544019837,-13.7300987101213,-114.875798015274));
#3231=CARTESIAN_POINT('Ctrl Pts',(-2.1497383031198,-13.735977086377,-114.867463151335));
#3232=CARTESIAN_POINT('Ctrl Pts',(-2.25794544805971,-13.7390679725354,-114.863080628941));
#3233=CARTESIAN_POINT('Origin',(-3.4970313905665,-14.9856435625473,-113.095579284895));
#3234=CARTESIAN_POINT('Origin',(-5.10651281465975,-16.1092241933833,-110.634945621539));
#3235=CARTESIAN_POINT('',(-5.10651281465975,-16.1092241933833,-110.634945621539));
#3236=CARTESIAN_POINT('',(-5.10651281465975,-16.6564835780409,-109.858994523447));
#3237=CARTESIAN_POINT('',(-5.10651281465975,-15.3948969151198,-111.64777984879));
#3238=CARTESIAN_POINT('',(-5.10651281465975,-16.5178248922264,-110.923121728989));
#3239=CARTESIAN_POINT('',(-5.10651281465975,-16.1092241933833,-110.634945621539));
#3240=CARTESIAN_POINT('',(-5.10651281465975,-17.065084276884,-110.147170630897));
#3241=CARTESIAN_POINT('',(-5.10651281465975,-16.5178248922264,-110.923121728989));
#3242=CARTESIAN_POINT('',(-5.10651281465975,-16.6564835780409,-109.858994523447));
#3243=CARTESIAN_POINT('Ctrl Pts',(-4.96940514435259,-15.8285177920458,-111.032955133053));
#3244=CARTESIAN_POINT('Ctrl Pts',(-4.96940514435259,-16.4169027983805,-111.447928727781));
#3245=CARTESIAN_POINT('Ctrl Pts',(-5.00922313588479,-15.8656717014067,-110.980275146971));
#3246=CARTESIAN_POINT('Ctrl Pts',(-5.00922313588479,-16.4540567077414,-111.395248741699));
#3247=CARTESIAN_POINT('Ctrl Pts',(-5.10079552243912,-15.951117300722,-110.859123078182));
#3248=CARTESIAN_POINT('Ctrl Pts',(-5.10079552243912,-16.5395023070567,-111.27409667291));
#3249=CARTESIAN_POINT('Ctrl Pts',(-5.10444833657136,-16.0521327936567,-110.715894684363));
#3250=CARTESIAN_POINT('Ctrl Pts',(-5.10444833657136,-16.6405177999914,-111.130868279091));
#3251=CARTESIAN_POINT('Ctrl Pts',(-5.10651281465975,-16.1092241933833,-110.634945621539));
#3252=CARTESIAN_POINT('Ctrl Pts',(-5.10651281465975,-16.697609199718,-111.049919216267));
#3253=CARTESIAN_POINT('',(-4.96940514435259,-15.8285177920458,-111.032955133053));
#3254=CARTESIAN_POINT('Ctrl Pts',(-4.96940514435259,-15.8285177920458,-111.032955133053));
#3255=CARTESIAN_POINT('Ctrl Pts',(-5.00922313588479,-15.8656717014067,-110.980275146971));
#3256=CARTESIAN_POINT('Ctrl Pts',(-5.10079552243912,-15.951117300722,-110.859123078182));
#3257=CARTESIAN_POINT('Ctrl Pts',(-5.10444833657136,-16.0521327936567,-110.715894684363));
#3258=CARTESIAN_POINT('Ctrl Pts',(-5.10651281465975,-16.1092241933833,-110.634945621539));
#3259=CARTESIAN_POINT('',(-4.96940514435259,-16.2371184908888,-111.321131240503));
#3260=CARTESIAN_POINT('',(-4.96940514435259,-15.8285177920458,-111.032955133053));
#3261=CARTESIAN_POINT('Ctrl Pts',(-4.96940514435259,-16.2371184908888,-111.321131240503));
#3262=CARTESIAN_POINT('Ctrl Pts',(-5.00922313588479,-16.2742724002497,-111.268451254421));
#3263=CARTESIAN_POINT('Ctrl Pts',(-5.10079552243912,-16.359717999565,-111.147299185632));
#3264=CARTESIAN_POINT('Ctrl Pts',(-5.10444833657136,-16.4607334924997,-111.004070791813));
#3265=CARTESIAN_POINT('Ctrl Pts',(-5.10651281465975,-16.5178248922264,-110.923121728989));
#3266=CARTESIAN_POINT('Ctrl Pts',(-4.61947327842203,-15.7388804942192,-111.160050550014));
#3267=CARTESIAN_POINT('Ctrl Pts',(-4.61947327842203,-16.3272655005532,-111.575024144742));
#3268=CARTESIAN_POINT('Ctrl Pts',(-4.68708576313324,-15.7425022782085,-111.15491527533));
#3269=CARTESIAN_POINT('Ctrl Pts',(-4.68708576313324,-16.3308872845425,-111.569888870058));
#3270=CARTESIAN_POINT('Ctrl Pts',(-4.8213059544357,-15.7496920234454,-111.144721040442));
#3271=CARTESIAN_POINT('Ctrl Pts',(-4.8213059544357,-16.3380770297794,-111.55969463517));
#3272=CARTESIAN_POINT('Ctrl Pts',(-4.92028573668142,-15.8023739956817,-111.070024040533));
#3273=CARTESIAN_POINT('Ctrl Pts',(-4.92028573668142,-16.3907590020157,-111.484997635261));
#3274=CARTESIAN_POINT('Ctrl Pts',(-4.96940514435259,-15.8285177920458,-111.032955133053));
#3275=CARTESIAN_POINT('Ctrl Pts',(-4.96940514435259,-16.4169027983798,-111.447928727781));
#3276=CARTESIAN_POINT('',(-4.61947327842203,-15.7388804942192,-111.160050550014));
#3277=CARTESIAN_POINT('Ctrl Pts',(-4.61947327842203,-15.7388804942192,-111.160050550014));
#3278=CARTESIAN_POINT('Ctrl Pts',(-4.68708576313324,-15.7425022782085,-111.15491527533));
#3279=CARTESIAN_POINT('Ctrl Pts',(-4.8213059544357,-15.7496920234454,-111.144721040442));
#3280=CARTESIAN_POINT('Ctrl Pts',(-4.92028573668142,-15.8023739956817,-111.070024040533));
#3281=CARTESIAN_POINT('Ctrl Pts',(-4.96940514435259,-15.8285177920458,-111.032955133053));
#3282=CARTESIAN_POINT('',(-4.61947327842203,-16.1474811930622,-111.448226657464));
#3283=CARTESIAN_POINT('',(-4.61947327842203,-15.7388804942192,-111.160050550014));
#3284=CARTESIAN_POINT('Ctrl Pts',(-4.61947327842203,-16.1474811930622,-111.448226657464));
#3285=CARTESIAN_POINT('Ctrl Pts',(-4.68708576313324,-16.1511029770516,-111.44309138278));
#3286=CARTESIAN_POINT('Ctrl Pts',(-4.8213059544357,-16.1582927222884,-111.432897147892));
#3287=CARTESIAN_POINT('Ctrl Pts',(-4.92028573668142,-16.2109746945247,-111.358200147983));
#3288=CARTESIAN_POINT('Ctrl Pts',(-4.96940514435259,-16.2371184908888,-111.321131240503));
#3289=CARTESIAN_POINT('Ctrl Pts',(-4.3493505417296,-15.7848785767416,-111.094830539825));
#3290=CARTESIAN_POINT('Ctrl Pts',(-4.3493505417296,-16.3732635830757,-111.509804134553));
#3291=CARTESIAN_POINT('Ctrl Pts',(-4.39168598296601,-15.771462562519,-111.113852910678));
#3292=CARTESIAN_POINT('Ctrl Pts',(-4.39168598296601,-16.3598475688531,-111.528826505406));
#3293=CARTESIAN_POINT('Ctrl Pts',(-4.47591935173223,-15.7447691812672,-111.151701066552));
#3294=CARTESIAN_POINT('Ctrl Pts',(-4.47591935173223,-16.3331541876013,-111.56667466128));
#3295=CARTESIAN_POINT('Ctrl Pts',(-4.57178795214937,-15.7408365811732,-111.157277042857));
#3296=CARTESIAN_POINT('Ctrl Pts',(-4.57178795214937,-16.3292215875073,-111.572250637585));
#3297=CARTESIAN_POINT('Ctrl Pts',(-4.61947327842203,-15.7388804942192,-111.160050550014));
#3298=CARTESIAN_POINT('Ctrl Pts',(-4.61947327842203,-16.3272655005533,-111.575024144742));
#3299=CARTESIAN_POINT('',(-4.3493505417296,-15.7848785767416,-111.094830539825));
#3300=CARTESIAN_POINT('Ctrl Pts',(-4.3493505417296,-15.7848785767416,-111.094830539825));
#3301=CARTESIAN_POINT('Ctrl Pts',(-4.39168598296601,-15.771462562519,-111.113852910678));
#3302=CARTESIAN_POINT('Ctrl Pts',(-4.47591935173223,-15.7447691812672,-111.151701066552));
#3303=CARTESIAN_POINT('Ctrl Pts',(-4.57178795214937,-15.7408365811732,-111.157277042857));
#3304=CARTESIAN_POINT('Ctrl Pts',(-4.61947327842203,-15.7388804942192,-111.160050550014));
#3305=CARTESIAN_POINT('',(-4.3493505417296,-16.1934792755847,-111.383006647275));
#3306=CARTESIAN_POINT('',(-4.3493505417296,-15.7848785767416,-111.094830539825));
#3307=CARTESIAN_POINT('Ctrl Pts',(-4.3493505417296,-16.1934792755847,-111.383006647275));
#3308=CARTESIAN_POINT('Ctrl Pts',(-4.39168598296601,-16.180063261362,-111.402029018128));
#3309=CARTESIAN_POINT('Ctrl Pts',(-4.47591935173223,-16.1533698801103,-111.439877174002));
#3310=CARTESIAN_POINT('Ctrl Pts',(-4.57178795214937,-16.1494372800163,-111.445453150307));
#3311=CARTESIAN_POINT('Ctrl Pts',(-4.61947327842203,-16.1474811930622,-111.448226657464));
#3312=CARTESIAN_POINT('Ctrl Pts',(-4.16926866759744,-15.9193346093647,-110.904187292612));
#3313=CARTESIAN_POINT('Ctrl Pts',(-4.16926866759744,-16.5077196156988,-111.31916088734));
#3314=CARTESIAN_POINT('Ctrl Pts',(-4.19044461469298,-15.8918673329213,-110.943132743188));
#3315=CARTESIAN_POINT('Ctrl Pts',(-4.19044461469298,-16.4802523392554,-111.358106337916));
#3316=CARTESIAN_POINT('Ctrl Pts',(-4.2315535894223,-15.8385449682543,-111.018737746184));
#3317=CARTESIAN_POINT('Ctrl Pts',(-4.2315535894223,-16.4269299745884,-111.433711340912));
#3318=CARTESIAN_POINT('Ctrl Pts',(-4.31088440669769,-15.8024031274381,-111.06998273504));
#3319=CARTESIAN_POINT('Ctrl Pts',(-4.31088440669769,-16.3907881337722,-111.484956329768));
#3320=CARTESIAN_POINT('Ctrl Pts',(-4.3493505417296,-15.7848785767416,-111.094830539825));
#3321=CARTESIAN_POINT('Ctrl Pts',(-4.3493505417296,-16.3732635830757,-111.509804134553));
#3322=CARTESIAN_POINT('',(-4.16926866759744,-15.9193346093647,-110.904187292612));
#3323=CARTESIAN_POINT('Ctrl Pts',(-4.16926866759744,-15.9193346093647,-110.904187292612));
#3324=CARTESIAN_POINT('Ctrl Pts',(-4.19044461469298,-15.8918673329213,-110.943132743188));
#3325=CARTESIAN_POINT('Ctrl Pts',(-4.2315535894223,-15.8385449682543,-111.018737746184));
#3326=CARTESIAN_POINT('Ctrl Pts',(-4.31088440669769,-15.8024031274381,-111.06998273504));
#3327=CARTESIAN_POINT('Ctrl Pts',(-4.3493505417296,-15.7848785767416,-111.094830539825));
#3328=CARTESIAN_POINT('',(-4.16926866759744,-16.3279353082078,-111.192363400062));
#3329=CARTESIAN_POINT('',(-4.16926866759744,-15.9193346093647,-110.904187292612));
#3330=CARTESIAN_POINT('Ctrl Pts',(-4.16926866759744,-16.3279353082078,-111.192363400062));
#3331=CARTESIAN_POINT('Ctrl Pts',(-4.19044461469298,-16.3004680317643,-111.231308850638));
#3332=CARTESIAN_POINT('Ctrl Pts',(-4.2315535894223,-16.2471456670973,-111.306913853634));
#3333=CARTESIAN_POINT('Ctrl Pts',(-4.31088440669769,-16.2110038262812,-111.35815884249));
#3334=CARTESIAN_POINT('Ctrl Pts',(-4.3493505417296,-16.1934792755847,-111.383006647275));
#3335=CARTESIAN_POINT('Ctrl Pts',(-4.11401635398355,-16.1646577447788,-110.556347197679));
#3336=CARTESIAN_POINT('Ctrl Pts',(-4.11401635398355,-16.7530427511137,-110.971320792407));
#3337=CARTESIAN_POINT('Ctrl Pts',(-4.11488081791739,-16.1177668220091,-110.62283315303));
#3338=CARTESIAN_POINT('Ctrl Pts',(-4.11488081791739,-16.706151828344,-111.037806747758));
#3339=CARTESIAN_POINT('Ctrl Pts',(-4.11641360890103,-16.0346239853648,-110.740720168221));
#3340=CARTESIAN_POINT('Ctrl Pts',(-4.11641360890103,-16.6230089916997,-111.155693762949));
#3341=CARTESIAN_POINT('Ctrl Pts',(-4.15322024815379,-15.9543400054248,-110.854553652196));
#3342=CARTESIAN_POINT('Ctrl Pts',(-4.15322024815379,-16.5427250117597,-111.269527246924));
#3343=CARTESIAN_POINT('Ctrl Pts',(-4.16926866759744,-15.9193346093647,-110.904187292612));
#3344=CARTESIAN_POINT('Ctrl Pts',(-4.16926866759744,-16.5077196156996,-111.31916088734));
#3345=CARTESIAN_POINT('',(-4.11401635398355,-16.1646577447788,-110.556347197679));
#3346=CARTESIAN_POINT('Ctrl Pts',(-4.11401635398355,-16.1646577447788,-110.556347197679));
#3347=CARTESIAN_POINT('Ctrl Pts',(-4.11488081791739,-16.1177668220091,-110.62283315303));
#3348=CARTESIAN_POINT('Ctrl Pts',(-4.11641360890103,-16.0346239853648,-110.740720168221));
#3349=CARTESIAN_POINT('Ctrl Pts',(-4.15322024815379,-15.9543400054248,-110.854553652196));
#3350=CARTESIAN_POINT('Ctrl Pts',(-4.16926866759744,-15.9193346093647,-110.904187292612));
#3351=CARTESIAN_POINT('',(-4.11401635398355,-16.5732584436219,-110.844523305129));
#3352=CARTESIAN_POINT('',(-4.11401635398355,-16.1646577447788,-110.556347197679));
#3353=CARTESIAN_POINT('Ctrl Pts',(-4.11401635398355,-16.5732584436219,-110.844523305129));
#3354=CARTESIAN_POINT('Ctrl Pts',(-4.11488081791739,-16.5263675208521,-110.91100926048));
#3355=CARTESIAN_POINT('Ctrl Pts',(-4.11641360890103,-16.4432246842078,-111.028896275671));
#3356=CARTESIAN_POINT('Ctrl Pts',(-4.15322024815379,-16.3629407042678,-111.142729759646));
#3357=CARTESIAN_POINT('Ctrl Pts',(-4.16926866759744,-16.3279353082078,-111.192363400062));
#3358=CARTESIAN_POINT('Origin',(-4.11401635398355,-16.6564835780409,-109.858994523447));
#3359=CARTESIAN_POINT('',(-4.11401635398355,-16.6564835780409,-109.858994523447));
#3360=CARTESIAN_POINT('',(-4.11401635398355,-15.6685266074486,-111.259804299744));
#3361=CARTESIAN_POINT('',(-4.11401635398355,-17.065084276884,-110.147170630897));
#3362=CARTESIAN_POINT('',(-4.11401635398355,-16.6564835780409,-109.858994523447));
#3363=CARTESIAN_POINT('',(-4.11401635398355,-17.065084276884,-110.147170630897));
#3364=CARTESIAN_POINT('Origin',(-5.10651281465975,-16.6564835780409,-109.858994523447));
#3365=CARTESIAN_POINT('',(-5.55325640732987,-16.6564835780409,-109.858994523447));
#3366=CARTESIAN_POINT('',(-5.10651281465975,-17.065084276884,-110.147170630897));
#3367=CARTESIAN_POINT('Origin',(-3.77022361745325,-16.6564835780409,-109.858994523447));
#3368=CARTESIAN_POINT('',(-3.77022361745325,-16.6564835780409,-109.858994523447));
#3369=CARTESIAN_POINT('',(-2.43802717318025,-16.6564835780409,-109.858994523447));
#3370=CARTESIAN_POINT('',(-4.88511180872662,-16.6564835780409,-109.858994523447));
#3371=CARTESIAN_POINT('',(-3.77022361745325,-17.065084276884,-110.147170630897));
#3372=CARTESIAN_POINT('',(-3.77022361745325,-16.6564835780409,-109.858994523447));
#3373=CARTESIAN_POINT('',(-2.43802717318025,-17.065084276884,-110.147170630897));
#3374=CARTESIAN_POINT('',(-3.77022361745325,-17.065084276884,-110.147170630897));
#3375=CARTESIAN_POINT('',(-2.43802717318025,-16.6564835780409,-109.858994523447));
#3376=CARTESIAN_POINT('Origin',(-3.77022361745325,-16.3911099424468,-110.235263930088));
#3377=CARTESIAN_POINT('',(-3.77022361745325,-16.3911099424468,-110.235263930088));
#3378=CARTESIAN_POINT('',(-3.77022361745325,-15.5358397896515,-111.447939003064));
#3379=CARTESIAN_POINT('',(-3.77022361745325,-16.7997106412899,-110.523440037538));
#3380=CARTESIAN_POINT('',(-3.77022361745325,-16.3911099424468,-110.235263930088));
#3381=CARTESIAN_POINT('',(-3.77022361745325,-16.7997106412899,-110.523440037538));
#3382=CARTESIAN_POINT('Ctrl Pts',(-3.75589898218599,-16.2637305973617,-110.415873245276));
#3383=CARTESIAN_POINT('Ctrl Pts',(-3.75589898218599,-16.8521156036959,-110.830846840004));
#3384=CARTESIAN_POINT('Ctrl Pts',(-3.76004037031788,-16.2808086426938,-110.391658533934));
#3385=CARTESIAN_POINT('Ctrl Pts',(-3.76004037031788,-16.869193649028,-110.806632128662));
#3386=CARTESIAN_POINT('Ctrl Pts',(-3.77028044033502,-16.3230361215941,-110.331784807615));
#3387=CARTESIAN_POINT('Ctrl Pts',(-3.77028044033502,-16.9114211279283,-110.746758402343));
#3388=CARTESIAN_POINT('Ctrl Pts',(-3.77024482743806,-16.3657003774706,-110.271291781594));
#3389=CARTESIAN_POINT('Ctrl Pts',(-3.77024482743806,-16.9540853838048,-110.686265376322));
#3390=CARTESIAN_POINT('Ctrl Pts',(-3.77022361745325,-16.3911099424468,-110.235263930088));
#3391=CARTESIAN_POINT('Ctrl Pts',(-3.77022361745325,-16.979494948781,-110.650237524816));
#3392=CARTESIAN_POINT('',(-3.75589898218599,-16.2637305973617,-110.415873245276));
#3393=CARTESIAN_POINT('Ctrl Pts',(-3.75589898218599,-16.2637305973617,-110.415873245276));
#3394=CARTESIAN_POINT('Ctrl Pts',(-3.76004037031788,-16.2808086426938,-110.391658533934));
#3395=CARTESIAN_POINT('Ctrl Pts',(-3.77028044033502,-16.3230361215941,-110.331784807615));
#3396=CARTESIAN_POINT('Ctrl Pts',(-3.77024482743806,-16.3657003774706,-110.271291781594));
#3397=CARTESIAN_POINT('Ctrl Pts',(-3.77022361745325,-16.3911099424468,-110.235263930088));
#3398=CARTESIAN_POINT('',(-3.75589898218599,-16.6723312962047,-110.704049352726));
#3399=CARTESIAN_POINT('',(-3.75589898218599,-16.2637305973617,-110.415873245276));
#3400=CARTESIAN_POINT('Ctrl Pts',(-3.75589898218599,-16.6723312962047,-110.704049352726));
#3401=CARTESIAN_POINT('Ctrl Pts',(-3.76004037031788,-16.6894093415369,-110.679834641384));
#3402=CARTESIAN_POINT('Ctrl Pts',(-3.77028044033502,-16.7316368204371,-110.619960915065));
#3403=CARTESIAN_POINT('Ctrl Pts',(-3.77024482743806,-16.7743010763136,-110.559467889044));
#3404=CARTESIAN_POINT('Ctrl Pts',(-3.77022361745325,-16.7997106412899,-110.523440037538));
#3405=CARTESIAN_POINT('Ctrl Pts',(-3.67608985294786,-16.1599400103423,-110.563036404515));
#3406=CARTESIAN_POINT('Ctrl Pts',(-3.67608985294786,-16.7483250166764,-110.978009999243));
#3407=CARTESIAN_POINT('Ctrl Pts',(-3.69363474503235,-16.1767005083867,-110.53927193884));
#3408=CARTESIAN_POINT('Ctrl Pts',(-3.69363474503235,-16.7650855147208,-110.954245533568));
#3409=CARTESIAN_POINT('Ctrl Pts',(-3.72783225762505,-16.2093691244246,-110.492951584729));
#3410=CARTESIAN_POINT('Ctrl Pts',(-3.72783225762505,-16.7977541307587,-110.907925179457));
#3411=CARTESIAN_POINT('Ctrl Pts',(-3.74670757039373,-16.2459280681669,-110.441115191718));
#3412=CARTESIAN_POINT('Ctrl Pts',(-3.74670757039373,-16.834313074501,-110.856088786446));
#3413=CARTESIAN_POINT('Ctrl Pts',(-3.75589898218599,-16.2637305973617,-110.415873245276));
#3414=CARTESIAN_POINT('Ctrl Pts',(-3.75589898218599,-16.8521156036958,-110.830846840004));
#3415=CARTESIAN_POINT('',(-3.67608985294786,-16.1599400103423,-110.563036404515));
#3416=CARTESIAN_POINT('Ctrl Pts',(-3.67608985294786,-16.1599400103423,-110.563036404515));
#3417=CARTESIAN_POINT('Ctrl Pts',(-3.69363474503235,-16.1767005083867,-110.53927193884));
#3418=CARTESIAN_POINT('Ctrl Pts',(-3.72783225762505,-16.2093691244246,-110.492951584729));
#3419=CARTESIAN_POINT('Ctrl Pts',(-3.74670757039373,-16.2459280681669,-110.441115191718));
#3420=CARTESIAN_POINT('Ctrl Pts',(-3.75589898218599,-16.2637305973617,-110.415873245276));
#3421=CARTESIAN_POINT('',(-3.67608985294786,-16.5685407091854,-110.851212511965));
#3422=CARTESIAN_POINT('',(-3.67608985294786,-16.1599400103423,-110.563036404515));
#3423=CARTESIAN_POINT('Ctrl Pts',(-3.67608985294786,-16.5685407091854,-110.851212511965));
#3424=CARTESIAN_POINT('Ctrl Pts',(-3.69363474503235,-16.5853012072298,-110.827448046289));
#3425=CARTESIAN_POINT('Ctrl Pts',(-3.72783225762505,-16.6179698232677,-110.781127692179));
#3426=CARTESIAN_POINT('Ctrl Pts',(-3.74670757039373,-16.6545287670099,-110.729291299168));
#3427=CARTESIAN_POINT('Ctrl Pts',(-3.75589898218599,-16.6723312962047,-110.704049352726));
#3428=CARTESIAN_POINT('Ctrl Pts',(-3.47554406513658,-16.0431756536225,-110.72859488255));
#3429=CARTESIAN_POINT('Ctrl Pts',(-3.47554406513658,-16.6315606599575,-111.143568477278));
#3430=CARTESIAN_POINT('Ctrl Pts',(-3.5179012626853,-16.0627289314682,-110.700870575136));
#3431=CARTESIAN_POINT('Ctrl Pts',(-3.5179012626853,-16.6511139378032,-111.115844169864));
#3432=CARTESIAN_POINT('Ctrl Pts',(-3.59265402223253,-16.09723691504,-110.651942208632));
#3433=CARTESIAN_POINT('Ctrl Pts',(-3.59265402223253,-16.685621921375,-111.06691580336));
#3434=CARTESIAN_POINT('Ctrl Pts',(-3.65086360033053,-16.1409821584408,-110.589916466169));
#3435=CARTESIAN_POINT('Ctrl Pts',(-3.65086360033053,-16.7293671647758,-111.004890060897));
#3436=CARTESIAN_POINT('Ctrl Pts',(-3.67608985294786,-16.1599400103423,-110.563036404515));
#3437=CARTESIAN_POINT('Ctrl Pts',(-3.67608985294786,-16.7483250166773,-110.978009999243));
#3438=CARTESIAN_POINT('',(-3.47554406513658,-16.0431756536225,-110.72859488255));
#3439=CARTESIAN_POINT('Ctrl Pts',(-3.47554406513658,-16.0431756536225,-110.72859488255));
#3440=CARTESIAN_POINT('Ctrl Pts',(-3.5179012626853,-16.0627289314682,-110.700870575136));
#3441=CARTESIAN_POINT('Ctrl Pts',(-3.59265402223253,-16.09723691504,-110.651942208632));
#3442=CARTESIAN_POINT('Ctrl Pts',(-3.65086360033053,-16.1409821584408,-110.589916466169));
#3443=CARTESIAN_POINT('Ctrl Pts',(-3.67608985294786,-16.1599400103423,-110.563036404515));
#3444=CARTESIAN_POINT('',(-3.47554406513658,-16.4517763524655,-111.01677099));
#3445=CARTESIAN_POINT('',(-3.47554406513658,-16.0431756536225,-110.72859488255));
#3446=CARTESIAN_POINT('Ctrl Pts',(-3.47554406513658,-16.4517763524655,-111.01677099));
#3447=CARTESIAN_POINT('Ctrl Pts',(-3.5179012626853,-16.4713296303112,-110.989046682586));
#3448=CARTESIAN_POINT('Ctrl Pts',(-3.59265402223253,-16.5058376138831,-110.940118316082));
#3449=CARTESIAN_POINT('Ctrl Pts',(-3.65086360033053,-16.5495828572838,-110.878092573619));
#3450=CARTESIAN_POINT('Ctrl Pts',(-3.67608985294786,-16.5685407091854,-110.851212511965));
#3451=CARTESIAN_POINT('Ctrl Pts',(-3.06217452873674,-15.8780542612788,-110.962718095965));
#3452=CARTESIAN_POINT('Ctrl Pts',(-3.06217452873674,-16.4664392676137,-111.377691690693));
#3453=CARTESIAN_POINT('Ctrl Pts',(-3.1423295224263,-15.9079553918309,-110.920321719153));
#3454=CARTESIAN_POINT('Ctrl Pts',(-3.1423295224263,-16.4963403981658,-111.335295313881));
#3455=CARTESIAN_POINT('Ctrl Pts',(-3.28315395265827,-15.9604887335413,-110.845835460298));
#3456=CARTESIAN_POINT('Ctrl Pts',(-3.28315395265827,-16.5488737398762,-111.260809055026));
#3457=CARTESIAN_POINT('Ctrl Pts',(-3.41761575244277,-16.0182787724863,-110.763895807118));
#3458=CARTESIAN_POINT('Ctrl Pts',(-3.41761575244277,-16.6066637788212,-111.178869401846));
#3459=CARTESIAN_POINT('Ctrl Pts',(-3.47554406513658,-16.0431756536225,-110.72859488255));
#3460=CARTESIAN_POINT('Ctrl Pts',(-3.47554406513658,-16.6315606599574,-111.143568477278));
#3461=CARTESIAN_POINT('',(-3.06217452873674,-15.8780542612788,-110.962718095965));
#3462=CARTESIAN_POINT('Ctrl Pts',(-3.06217452873674,-15.8780542612788,-110.962718095965));
#3463=CARTESIAN_POINT('Ctrl Pts',(-3.1423295224263,-15.9079553918309,-110.920321719153));
#3464=CARTESIAN_POINT('Ctrl Pts',(-3.28315395265827,-15.9604887335413,-110.845835460298));
#3465=CARTESIAN_POINT('Ctrl Pts',(-3.41761575244277,-16.0182787724863,-110.763895807118));
#3466=CARTESIAN_POINT('Ctrl Pts',(-3.47554406513658,-16.0431756536225,-110.72859488255));
#3467=CARTESIAN_POINT('',(-3.06217452873674,-16.2866549601219,-111.250894203415));
#3468=CARTESIAN_POINT('',(-3.06217452873674,-15.8780542612788,-110.962718095965));
#3469=CARTESIAN_POINT('Ctrl Pts',(-3.06217452873674,-16.2866549601219,-111.250894203415));
#3470=CARTESIAN_POINT('Ctrl Pts',(-3.1423295224263,-16.3165560906739,-111.208497826603));
#3471=CARTESIAN_POINT('Ctrl Pts',(-3.28315395265827,-16.3690894323843,-111.134011567748));
#3472=CARTESIAN_POINT('Ctrl Pts',(-3.41761575244277,-16.4268794713293,-111.052071914568));
#3473=CARTESIAN_POINT('Ctrl Pts',(-3.47554406513658,-16.4517763524655,-111.01677099));
#3474=CARTESIAN_POINT('Origin',(-2.43802717318025,-15.6492431963925,-111.287145966974));
#3475=CARTESIAN_POINT('',(-2.43802717318025,-15.6492431963925,-111.287145966974));
#3476=CARTESIAN_POINT('',(-3.32545973513186,-15.9745740460824,-110.825864101122));
#3477=CARTESIAN_POINT('',(-2.43802717318025,-16.0578438952356,-111.575322074424));
#3478=CARTESIAN_POINT('',(-2.43802717318025,-15.6492431963925,-111.287145966974));
#3479=CARTESIAN_POINT('',(-2.43802717318025,-16.0578438952356,-111.575322074424));
#3480=CARTESIAN_POINT('Origin',(-2.43802717318025,-15.3614601934002,-111.695189288741));
#3481=CARTESIAN_POINT('',(-2.43802717318025,-15.3614601934002,-111.695189288741));
#3482=CARTESIAN_POINT('',(-2.43802717318025,-15.0210149151282,-112.177901682391));
#3483=CARTESIAN_POINT('',(-2.43802717318025,-15.7700608922432,-111.983365396191));
#3484=CARTESIAN_POINT('',(-2.43802717318025,-15.3614601934002,-111.695189288741));
#3485=CARTESIAN_POINT('',(-2.43802717318025,-15.7700608922432,-111.983365396191));
#3486=CARTESIAN_POINT('Origin',(-3.25453481068102,-15.6622170519761,-111.268750526405));
#3487=CARTESIAN_POINT('',(-3.25453481068102,-15.6622170519761,-111.268750526405));
#3488=CARTESIAN_POINT('',(-3.84275368022395,-15.8788847856673,-110.961540507551));
#3489=CARTESIAN_POINT('',(-3.25453481068102,-16.0708177508192,-111.556926633855));
#3490=CARTESIAN_POINT('',(-3.25453481068102,-15.6622170519761,-111.268750526405));
#3491=CARTESIAN_POINT('',(-3.25453481068102,-16.0708177508192,-111.556926633855));
#3492=CARTESIAN_POINT('Ctrl Pts',(-3.65357956280199,-15.8521065501116,-110.999508977104));
#3493=CARTESIAN_POINT('Ctrl Pts',(-3.65357956280199,-16.4404915564467,-111.414482571832));
#3494=CARTESIAN_POINT('Ctrl Pts',(-3.59529542152965,-15.8184826428266,-111.047183824739));
#3495=CARTESIAN_POINT('Ctrl Pts',(-3.59529542152965,-16.4068676491617,-111.462157419467));
#3496=CARTESIAN_POINT('Ctrl Pts',(-3.47285693182931,-15.7478483272834,-111.147335190335));
#3497=CARTESIAN_POINT('Ctrl Pts',(-3.47285693182931,-16.3362333336185,-111.562308785063));
#3498=CARTESIAN_POINT('Ctrl Pts',(-3.32959832099674,-15.691658796512,-111.227005506323));
#3499=CARTESIAN_POINT('Ctrl Pts',(-3.32959832099674,-16.2800438028471,-111.641979101051));
#3500=CARTESIAN_POINT('Ctrl Pts',(-3.25453481068102,-15.6622170519761,-111.268750526405));
#3501=CARTESIAN_POINT('Ctrl Pts',(-3.25453481068102,-16.2506020583112,-111.683724121133));
#3502=CARTESIAN_POINT('',(-3.65357956280199,-15.8521065501116,-110.999508977104));
#3503=CARTESIAN_POINT('Ctrl Pts',(-3.65357956280199,-15.8521065501116,-110.999508977104));
#3504=CARTESIAN_POINT('Ctrl Pts',(-3.59529542152965,-15.8184826428266,-111.047183824739));
#3505=CARTESIAN_POINT('Ctrl Pts',(-3.47285693182931,-15.7478483272834,-111.147335190335));
#3506=CARTESIAN_POINT('Ctrl Pts',(-3.32959832099674,-15.691658796512,-111.227005506323));
#3507=CARTESIAN_POINT('Ctrl Pts',(-3.25453481068102,-15.6622170519761,-111.268750526405));
#3508=CARTESIAN_POINT('',(-3.65357956280199,-16.2607072489546,-111.287685084554));
#3509=CARTESIAN_POINT('',(-3.65357956280199,-15.8521065501116,-110.999508977104));
#3510=CARTESIAN_POINT('Ctrl Pts',(-3.65357956280199,-16.2607072489546,-111.287685084554));
#3511=CARTESIAN_POINT('Ctrl Pts',(-3.59529542152965,-16.2270833416697,-111.335359932188));
#3512=CARTESIAN_POINT('Ctrl Pts',(-3.47285693182931,-16.1564490261264,-111.435511297785));
#3513=CARTESIAN_POINT('Ctrl Pts',(-3.32959832099674,-16.100259495355,-111.515181613773));
#3514=CARTESIAN_POINT('Ctrl Pts',(-3.25453481068102,-16.0708177508192,-111.556926633855));
#3515=CARTESIAN_POINT('Ctrl Pts',(-3.80296578993288,-15.9901008835621,-110.803848824765));
#3516=CARTESIAN_POINT('Ctrl Pts',(-3.80296578993288,-16.5784858898964,-111.218822419493));
#3517=CARTESIAN_POINT('Ctrl Pts',(-3.77959752975544,-15.9628430548616,-110.842497302442));
#3518=CARTESIAN_POINT('Ctrl Pts',(-3.77959752975544,-16.5512280611959,-111.25747089717));
#3519=CARTESIAN_POINT('Ctrl Pts',(-3.73768864531943,-15.913958577185,-110.911809890214));
#3520=CARTESIAN_POINT('Ctrl Pts',(-3.73768864531943,-16.5023435835193,-111.326783484942));
#3521=CARTESIAN_POINT('Ctrl Pts',(-3.67937687578874,-15.8710773443887,-110.972610564645));
#3522=CARTESIAN_POINT('Ctrl Pts',(-3.67937687578874,-16.459462350723,-111.387584159373));
#3523=CARTESIAN_POINT('Ctrl Pts',(-3.65357956280199,-15.8521065501116,-110.999508977104));
#3524=CARTESIAN_POINT('Ctrl Pts',(-3.65357956280199,-16.4404915564459,-111.414482571832));
#3525=CARTESIAN_POINT('',(-3.80296578993288,-15.9901008835621,-110.803848824765));
#3526=CARTESIAN_POINT('Ctrl Pts',(-3.80296578993288,-15.9901008835621,-110.803848824765));
#3527=CARTESIAN_POINT('Ctrl Pts',(-3.77959752975544,-15.9628430548616,-110.842497302442));
#3528=CARTESIAN_POINT('Ctrl Pts',(-3.73768864531943,-15.913958577185,-110.911809890214));
#3529=CARTESIAN_POINT('Ctrl Pts',(-3.67937687578874,-15.8710773443887,-110.972610564645));
#3530=CARTESIAN_POINT('Ctrl Pts',(-3.65357956280199,-15.8521065501116,-110.999508977104));
#3531=CARTESIAN_POINT('',(-3.80296578993288,-16.3987015824051,-111.092024932215));
#3532=CARTESIAN_POINT('',(-3.80296578993288,-15.9901008835621,-110.803848824765));
#3533=CARTESIAN_POINT('Ctrl Pts',(-3.80296578993288,-16.3987015824051,-111.092024932215));
#3534=CARTESIAN_POINT('Ctrl Pts',(-3.77959752975544,-16.3714437537046,-111.130673409892));
#3535=CARTESIAN_POINT('Ctrl Pts',(-3.73768864531943,-16.322559276028,-111.199985997664));
#3536=CARTESIAN_POINT('Ctrl Pts',(-3.67937687578874,-16.2796780432318,-111.260786672095));
#3537=CARTESIAN_POINT('Ctrl Pts',(-3.65357956280199,-16.2607072489546,-111.287685084554));
#3538=CARTESIAN_POINT('Ctrl Pts',(-4.08127418150392,-15.622115965733,-111.325609271594));
#3539=CARTESIAN_POINT('Ctrl Pts',(-4.08127418150392,-16.2105009720681,-111.740582866322));
#3540=CARTESIAN_POINT('Ctrl Pts',(-4.01425116848818,-15.670705650793,-111.256714665974));
#3541=CARTESIAN_POINT('Ctrl Pts',(-4.01425116848818,-16.2590906571281,-111.671688260702));
#3542=CARTESIAN_POINT('Ctrl Pts',(-3.8654009016949,-15.7786176538372,-111.103707811077));
#3543=CARTESIAN_POINT('Ctrl Pts',(-3.8654009016949,-16.3670026601723,-111.518681405805));
#3544=CARTESIAN_POINT('Ctrl Pts',(-3.82511313104413,-15.9150823387747,-110.910216525049));
#3545=CARTESIAN_POINT('Ctrl Pts',(-3.82511313104413,-16.5034673451098,-111.325190119777));
#3546=CARTESIAN_POINT('Ctrl Pts',(-3.80296578993288,-15.9901008835621,-110.803848824765));
#3547=CARTESIAN_POINT('Ctrl Pts',(-3.80296578993288,-16.5784858898972,-111.218822419493));
#3548=CARTESIAN_POINT('',(-4.08127418150392,-15.622115965733,-111.325609271594));
#3549=CARTESIAN_POINT('Ctrl Pts',(-4.08127418150392,-15.622115965733,-111.325609271594));
#3550=CARTESIAN_POINT('Ctrl Pts',(-4.01425116848818,-15.670705650793,-111.256714665974));
#3551=CARTESIAN_POINT('Ctrl Pts',(-3.8654009016949,-15.7786176538372,-111.103707811077));
#3552=CARTESIAN_POINT('Ctrl Pts',(-3.82511313104413,-15.9150823387747,-110.910216525049));
#3553=CARTESIAN_POINT('Ctrl Pts',(-3.80296578993288,-15.9901008835621,-110.803848824765));
#3554=CARTESIAN_POINT('',(-4.08127418150392,-16.0307166645761,-111.613785379044));
#3555=CARTESIAN_POINT('',(-4.08127418150392,-15.622115965733,-111.325609271594));
#3556=CARTESIAN_POINT('Ctrl Pts',(-4.08127418150392,-16.0307166645761,-111.613785379044));
#3557=CARTESIAN_POINT('Ctrl Pts',(-4.01425116848818,-16.0793063496361,-111.544890773424));
#3558=CARTESIAN_POINT('Ctrl Pts',(-3.8654009016949,-16.1872183526802,-111.391883918527));
#3559=CARTESIAN_POINT('Ctrl Pts',(-3.82511313104413,-16.3236830376177,-111.198392632499));
#3560=CARTESIAN_POINT('Ctrl Pts',(-3.80296578993288,-16.3987015824051,-111.092024932215));
#3561=CARTESIAN_POINT('Ctrl Pts',(-4.61947327842203,-15.5029927417949,-111.494512353048));
#3562=CARTESIAN_POINT('Ctrl Pts',(-4.61947327842203,-16.0913777481291,-111.909485947776));
#3563=CARTESIAN_POINT('Ctrl Pts',(-4.51785529423111,-15.5076249977427,-111.487944344915));
#3564=CARTESIAN_POINT('Ctrl Pts',(-4.51785529423111,-16.0960100040769,-111.902917939643));
#3565=CARTESIAN_POINT('Ctrl Pts',(-4.31787489855506,-15.516741104352,-111.475018750339));
#3566=CARTESIAN_POINT('Ctrl Pts',(-4.31787489855506,-16.1051261106862,-111.889992345067));
#3567=CARTESIAN_POINT('Ctrl Pts',(-4.15928047671079,-15.5873743020275,-111.374868969751));
#3568=CARTESIAN_POINT('Ctrl Pts',(-4.15928047671079,-16.1757593083617,-111.789842564479));
#3569=CARTESIAN_POINT('Ctrl Pts',(-4.08127418150392,-15.622115965733,-111.325609271594));
#3570=CARTESIAN_POINT('Ctrl Pts',(-4.08127418150392,-16.2105009720672,-111.740582866322));
#3571=CARTESIAN_POINT('',(-4.61947327842203,-15.5029927417949,-111.494512353048));
#3572=CARTESIAN_POINT('Ctrl Pts',(-4.61947327842203,-15.5029927417949,-111.494512353048));
#3573=CARTESIAN_POINT('Ctrl Pts',(-4.51785529423111,-15.5076249977427,-111.487944344915));
#3574=CARTESIAN_POINT('Ctrl Pts',(-4.31787489855506,-15.516741104352,-111.475018750339));
#3575=CARTESIAN_POINT('Ctrl Pts',(-4.15928047671079,-15.5873743020275,-111.374868969751));
#3576=CARTESIAN_POINT('Ctrl Pts',(-4.08127418150392,-15.622115965733,-111.325609271594));
#3577=CARTESIAN_POINT('',(-4.61947327842203,-15.911593440638,-111.782688460498));
#3578=CARTESIAN_POINT('',(-4.61947327842203,-15.5029927417949,-111.494512353048));
#3579=CARTESIAN_POINT('Ctrl Pts',(-4.61947327842203,-15.911593440638,-111.782688460498));
#3580=CARTESIAN_POINT('Ctrl Pts',(-4.51785529423111,-15.9162256965858,-111.776120452365));
#3581=CARTESIAN_POINT('Ctrl Pts',(-4.31787489855506,-15.9253418031951,-111.763194857789));
#3582=CARTESIAN_POINT('Ctrl Pts',(-4.15928047671079,-15.9959750008706,-111.663045077201));
#3583=CARTESIAN_POINT('Ctrl Pts',(-4.08127418150392,-16.0307166645761,-111.613785379044));
#3584=CARTESIAN_POINT('Ctrl Pts',(-5.07172426571337,-15.5749384496014,-111.392501583492));
#3585=CARTESIAN_POINT('Ctrl Pts',(-5.07172426571337,-16.1633234559362,-111.80747517822));
#3586=CARTESIAN_POINT('Ctrl Pts',(-5.0013724489117,-15.5539546799566,-111.422254164361));
#3587=CARTESIAN_POINT('Ctrl Pts',(-5.0013724489117,-16.1423396862914,-111.837227759089));
#3588=CARTESIAN_POINT('Ctrl Pts',(-4.85945082125197,-15.5116238507353,-111.482274429592));
#3589=CARTESIAN_POINT('Ctrl Pts',(-4.85945082125197,-16.1000088570701,-111.89724802432));
#3590=CARTESIAN_POINT('Ctrl Pts',(-4.69992215950955,-15.5058861919428,-111.490409772293));
#3591=CARTESIAN_POINT('Ctrl Pts',(-4.69992215950955,-16.0942711982776,-111.905383367021));
#3592=CARTESIAN_POINT('Ctrl Pts',(-4.61947327842203,-15.5029927417949,-111.494512353048));
#3593=CARTESIAN_POINT('Ctrl Pts',(-4.61947327842203,-16.0913777481297,-111.909485947776));
#3594=CARTESIAN_POINT('',(-5.07172426571337,-15.5749384496014,-111.392501583492));
#3595=CARTESIAN_POINT('Ctrl Pts',(-5.07172426571337,-15.5749384496014,-111.392501583492));
#3596=CARTESIAN_POINT('Ctrl Pts',(-5.0013724489117,-15.5539546799566,-111.422254164361));
#3597=CARTESIAN_POINT('Ctrl Pts',(-4.85945082125197,-15.5116238507353,-111.482274429592));
#3598=CARTESIAN_POINT('Ctrl Pts',(-4.69992215950955,-15.5058861919428,-111.490409772293));
#3599=CARTESIAN_POINT('Ctrl Pts',(-4.61947327842203,-15.5029927417949,-111.494512353048));
#3600=CARTESIAN_POINT('',(-5.07172426571337,-15.9835391484445,-111.680677690942));
#3601=CARTESIAN_POINT('',(-5.07172426571337,-15.5749384496014,-111.392501583492));
#3602=CARTESIAN_POINT('Ctrl Pts',(-5.07172426571337,-15.9835391484445,-111.680677690942));
#3603=CARTESIAN_POINT('Ctrl Pts',(-5.0013724489117,-15.9625553787996,-111.710430271811));
#3604=CARTESIAN_POINT('Ctrl Pts',(-4.85945082125197,-15.9202245495784,-111.770450537042));
#3605=CARTESIAN_POINT('Ctrl Pts',(-4.69992215950955,-15.9144868907859,-111.778585879743));
#3606=CARTESIAN_POINT('Ctrl Pts',(-4.61947327842203,-15.911593440638,-111.782688460498));
#3607=CARTESIAN_POINT('Ctrl Pts',(-5.35617193569628,-15.7671869867215,-111.11991518723));
#3608=CARTESIAN_POINT('Ctrl Pts',(-5.35617193569628,-16.3555719930557,-111.534888781957));
#3609=CARTESIAN_POINT('Ctrl Pts',(-5.32373961023681,-15.7288828744911,-111.174226029181));
#3610=CARTESIAN_POINT('Ctrl Pts',(-5.32373961023681,-16.3172678808253,-111.589199623908));
#3611=CARTESIAN_POINT('Ctrl Pts',(-5.25761757491145,-15.6507896195016,-111.284953316207));
#3612=CARTESIAN_POINT('Ctrl Pts',(-5.25761757491145,-16.2391746258358,-111.699926910934));
#3613=CARTESIAN_POINT('Ctrl Pts',(-5.13446930279186,-15.6005406861121,-111.356200545829));
#3614=CARTESIAN_POINT('Ctrl Pts',(-5.13446930279186,-16.1889256924463,-111.771174140556));
#3615=CARTESIAN_POINT('Ctrl Pts',(-5.07172426571337,-15.5749384496014,-111.392501583492));
#3616=CARTESIAN_POINT('Ctrl Pts',(-5.07172426571337,-16.1633234559356,-111.807475178219));
#3617=CARTESIAN_POINT('',(-5.35617193569628,-15.7671869867215,-111.11991518723));
#3618=CARTESIAN_POINT('Ctrl Pts',(-5.35617193569628,-15.7671869867215,-111.11991518723));
#3619=CARTESIAN_POINT('Ctrl Pts',(-5.32373961023681,-15.7288828744911,-111.174226029181));
#3620=CARTESIAN_POINT('Ctrl Pts',(-5.25761757491145,-15.6507896195016,-111.284953316207));
#3621=CARTESIAN_POINT('Ctrl Pts',(-5.13446930279186,-15.6005406861121,-111.356200545829));
#3622=CARTESIAN_POINT('Ctrl Pts',(-5.07172426571337,-15.5749384496014,-111.392501583492));
#3623=CARTESIAN_POINT('',(-5.35617193569628,-16.1757876855645,-111.408091294679));
#3624=CARTESIAN_POINT('',(-5.35617193569628,-15.7671869867215,-111.11991518723));
#3625=CARTESIAN_POINT('Ctrl Pts',(-5.35617193569628,-16.1757876855645,-111.408091294679));
#3626=CARTESIAN_POINT('Ctrl Pts',(-5.32373961023681,-16.1374835733341,-111.462402136631));
#3627=CARTESIAN_POINT('Ctrl Pts',(-5.25761757491145,-16.0593903183447,-111.573129423657));
#3628=CARTESIAN_POINT('Ctrl Pts',(-5.13446930279186,-16.0091413849551,-111.644376653279));
#3629=CARTESIAN_POINT('Ctrl Pts',(-5.07172426571337,-15.9835391484445,-111.680677690942));
#3630=CARTESIAN_POINT('Ctrl Pts',(-5.43802729238954,-16.1186596622564,-110.621567207868));
#3631=CARTESIAN_POINT('Ctrl Pts',(-5.43802729238954,-16.7070446685913,-111.036540802596));
#3632=CARTESIAN_POINT('Ctrl Pts',(-5.4370972729834,-16.0503417224734,-110.718434218065));
#3633=CARTESIAN_POINT('Ctrl Pts',(-5.4370972729834,-16.6387267288083,-111.133407812793));
#3634=CARTESIAN_POINT('Ctrl Pts',(-5.43547273335913,-15.9310052876705,-110.887639608094));
#3635=CARTESIAN_POINT('Ctrl Pts',(-5.43547273335913,-16.5193902940054,-111.302613202822));
#3636=CARTESIAN_POINT('Ctrl Pts',(-5.37992121817869,-15.8162478690794,-111.050352477834));
#3637=CARTESIAN_POINT('Ctrl Pts',(-5.37992121817869,-16.4046328754143,-111.465326072562));
#3638=CARTESIAN_POINT('Ctrl Pts',(-5.35617193569628,-15.7671869867215,-111.11991518723));
#3639=CARTESIAN_POINT('Ctrl Pts',(-5.35617193569628,-16.3555719930564,-111.534888781958));
#3640=CARTESIAN_POINT('',(-5.43802729238954,-16.1186596622564,-110.621567207868));
#3641=CARTESIAN_POINT('Ctrl Pts',(-5.43802729238954,-16.1186596622564,-110.621567207868));
#3642=CARTESIAN_POINT('Ctrl Pts',(-5.4370972729834,-16.0503417224734,-110.718434218065));
#3643=CARTESIAN_POINT('Ctrl Pts',(-5.43547273335913,-15.9310052876705,-110.887639608094));
#3644=CARTESIAN_POINT('Ctrl Pts',(-5.37992121817869,-15.8162478690794,-111.050352477834));
#3645=CARTESIAN_POINT('Ctrl Pts',(-5.35617193569628,-15.7671869867215,-111.11991518723));
#3646=CARTESIAN_POINT('',(-5.43802729238954,-16.5272603610994,-110.909743315318));
#3647=CARTESIAN_POINT('',(-5.43802729238954,-16.1186596622564,-110.621567207868));
#3648=CARTESIAN_POINT('Ctrl Pts',(-5.43802729238954,-16.5272603610994,-110.909743315318));
#3649=CARTESIAN_POINT('Ctrl Pts',(-5.4370972729834,-16.4589424213164,-111.006610325515));
#3650=CARTESIAN_POINT('Ctrl Pts',(-5.43547273335913,-16.3396059865136,-111.175815715543));
#3651=CARTESIAN_POINT('Ctrl Pts',(-5.37992121817869,-16.2248485679225,-111.338528585284));
#3652=CARTESIAN_POINT('Ctrl Pts',(-5.35617193569628,-16.1757876855645,-111.408091294679));
#3653=CARTESIAN_POINT('Origin',(-5.43802729238954,-16.8852945999856,-109.534566713325));
#3654=CARTESIAN_POINT('',(-5.43802729238954,-16.8852945999856,-109.534566713325));
#3655=CARTESIAN_POINT('',(-5.43802729238954,-15.7829321184209,-111.097590394683));
#3656=CARTESIAN_POINT('',(-5.43802729238954,-17.2938952988287,-109.822742820775));
#3657=CARTESIAN_POINT('',(-5.43802729238954,-16.8852945999856,-109.534566713325));
#3658=CARTESIAN_POINT('',(-5.43802729238954,-17.2938952988287,-109.822742820775));
#3659=CARTESIAN_POINT('Origin',(-2.43802717318025,-16.8852945999856,-109.534566713325));
#3660=CARTESIAN_POINT('',(-2.43802717318025,-16.8852945999856,-109.534566713325));
#3661=CARTESIAN_POINT('',(-4.21901358659013,-16.8852945999856,-109.534566713325));
#3662=CARTESIAN_POINT('',(-2.43802717318025,-17.2938952988287,-109.822742820775));
#3663=CARTESIAN_POINT('',(-2.43802717318025,-16.8852945999856,-109.534566713325));
#3664=CARTESIAN_POINT('',(-2.43802717318025,-17.2938952988287,-109.822742820775));
#3665=CARTESIAN_POINT('Origin',(-2.43802717318025,-16.6564835780409,-109.858994523447));
#3666=CARTESIAN_POINT('',(-2.43802717318025,-15.6685266074486,-111.259804299744));
#3667=CARTESIAN_POINT('',(-2.43802717318025,-17.065084276884,-110.147170630897));
#3668=CARTESIAN_POINT('Origin',(-3.4970313905665,-14.9856435625473,-113.095579284895));
#3669=CARTESIAN_POINT('Origin',(-6.,-14.6805696368562,-112.66061407604));
#3670=CARTESIAN_POINT('',(-12.,-12.375160777257,-115.929419666785));
#3671=CARTESIAN_POINT('',(-6.,-8.9170474878583,-120.832628052901));
#3672=CARTESIAN_POINT('Origin',(-6.,-12.3751607772571,-115.929419666785));
#3673=CARTESIAN_POINT('',(-12.,-16.9859784964553,-109.391808485296));
#3674=CARTESIAN_POINT('',(-12.,-20.4440917858541,-104.48860009918));
#3675=CARTESIAN_POINT('',(-6.,-20.4440917858541,-104.48860009918));
#3676=CARTESIAN_POINT('Origin',(-6.,-16.9859784964553,-109.391808485296));
#3677=CARTESIAN_POINT('',(0.,-20.4440917858541,-104.48860009918));
#3678=CARTESIAN_POINT('',(0.,-20.4440917858541,-104.48860009918));
#3679=CARTESIAN_POINT('',(0.,-8.9170474878583,-120.832628052901));
#3680=CARTESIAN_POINT('',(0.,-8.9170474878583,-120.832628052901));
#3681=CARTESIAN_POINT('',(0.,-8.9170474878583,-120.832628052901));
#3682=CARTESIAN_POINT('',(-2.42575214422714,-11.3089091796924,-117.441242252504));
#3683=CARTESIAN_POINT('Origin',(-2.42575214422714,-10.3579280251078,-118.789624558686));
#3684=CARTESIAN_POINT('',(-9.,-15.5101771442058,-111.484325693676));
#3685=CARTESIAN_POINT('Origin',(-9.,-14.5591959896211,-112.832707999858));
#3686=CARTESIAN_POINT('',(-2.42575214422714,-20.0694628461692,-105.019781007676));
#3687=CARTESIAN_POINT('Origin',(-2.42575214422714,-19.1184816915846,-106.368163313858));
#3688=CARTESIAN_POINT('Origin',(-6.,-14.6805696368562,-112.66061407604));
#3689=CARTESIAN_POINT('Origin',(-6.,-14.0095635726292,-117.082124096584));
#3690=CARTESIAN_POINT('',(-6.,-10.5514502832305,-121.985332482701));
#3691=CARTESIAN_POINT('',(-6.,-10.5514502832305,-121.985332482701));
#3692=CARTESIAN_POINT('',(-12.,-14.0095635726292,-117.082124096584));
#3693=CARTESIAN_POINT('Origin',(-6.,-14.0095635726293,-117.082124096584));
#3694=CARTESIAN_POINT('',(-12.,-14.0095635726292,-117.082124096584));
#3695=CARTESIAN_POINT('Origin',(-12.,-10.5514502832305,-121.985332482701));
#3696=CARTESIAN_POINT('',(-12.,-18.6203812918275,-110.544512915096));
#3697=CARTESIAN_POINT('',(-12.,-22.0784945812263,-105.641304528979));
#3698=CARTESIAN_POINT('',(-12.,-18.6203812918275,-110.544512915096));
#3699=CARTESIAN_POINT('Origin',(-6.,-16.3149724322284,-113.81331850584));
#3700=CARTESIAN_POINT('',(0.,-10.5514502832305,-121.985332482701));
#3701=CARTESIAN_POINT('',(0.,-10.5514502832305,-121.985332482701));
#3702=CARTESIAN_POINT('',(0.,-14.1239543878305,-116.919931028443));
#3703=CARTESIAN_POINT('',(0.,-10.5514502832305,-121.985332482701));
#3704=CARTESIAN_POINT('',(-5.89934647479916,-15.9054201381401,-114.394016729083));
#3705=CARTESIAN_POINT('Ctrl Pts',(0.,-14.1239543878303,-116.919931028443));
#3706=CARTESIAN_POINT('Ctrl Pts',(-0.571875084303362,-14.1239543878303,
-116.919931028443));
#3707=CARTESIAN_POINT('Ctrl Pts',(-1.11155074552571,-14.1246972180705,-116.918877780282));
#3708=CARTESIAN_POINT('Ctrl Pts',(-2.32239900295013,-14.1858730253986,-116.832137495503));
#3709=CARTESIAN_POINT('Ctrl Pts',(-2.98547813992803,-14.2525013031097,-116.737666231678));
#3710=CARTESIAN_POINT('Ctrl Pts',(-3.98812882935978,-14.4655727136938,-116.435555386894));
#3711=CARTESIAN_POINT('Ctrl Pts',(-4.45356600645038,-14.5990070072031,-116.246360849487));
#3712=CARTESIAN_POINT('Ctrl Pts',(-5.20310286469953,-15.0011986866885,-115.676099134313));
#3713=CARTESIAN_POINT('Ctrl Pts',(-5.51735733524229,-15.2149924917427,-115.372964016958));
#3714=CARTESIAN_POINT('Ctrl Pts',(-5.84356782824825,-15.6302554991286,-114.784168656639));
#3715=CARTESIAN_POINT('Ctrl Pts',(-5.87750766118878,-15.776858015097,-114.576303087883));
#3716=CARTESIAN_POINT('Ctrl Pts',(-5.89934647479916,-15.9054201381401,-114.394016729083));
#3717=CARTESIAN_POINT('',(-5.90765168638169,-17.111894632756,-112.683374143205));
#3718=CARTESIAN_POINT('Ctrl Pts',(-5.89934647479916,-15.9054201381401,-114.394016729083));
#3719=CARTESIAN_POINT('Ctrl Pts',(-5.92809306709698,-16.0746474140355,-114.154071843277));
#3720=CARTESIAN_POINT('Ctrl Pts',(-5.93627941769953,-16.2182066614658,-113.950521280586));
#3721=CARTESIAN_POINT('Ctrl Pts',(-5.93036924356851,-16.658898377028,-113.325670925897));
#3722=CARTESIAN_POINT('Ctrl Pts',(-5.91358790321191,-16.9804823783797,-112.869701661644));
#3723=CARTESIAN_POINT('Ctrl Pts',(-5.90765168638169,-17.1118946327559,-112.683374143205));
#3724=CARTESIAN_POINT('',(0.,-18.3033457714367,-110.994032954547));
#3725=CARTESIAN_POINT('Ctrl Pts',(-5.90765168638169,-17.111894632756,-112.683374143205));
#3726=CARTESIAN_POINT('Ctrl Pts',(-5.90477957971427,-17.1754755333138,-112.593223711822));
#3727=CARTESIAN_POINT('Ctrl Pts',(-5.90313723794194,-17.2234603505476,-112.525186739468));
#3728=CARTESIAN_POINT('Ctrl Pts',(-5.88361108158608,-17.2982263625521,-112.419177101732));
#3729=CARTESIAN_POINT('Ctrl Pts',(-5.86849463481833,-17.3275733699645,-112.377566408036));
#3730=CARTESIAN_POINT('Ctrl Pts',(-5.81398156534728,-17.3850233628006,-112.296108901274));
#3731=CARTESIAN_POINT('Ctrl Pts',(-5.76565164114752,-17.4231535148843,-112.242044714877));
#3732=CARTESIAN_POINT('Ctrl Pts',(-5.47137412562761,-17.5697036909006,-112.034253358176));
#3733=CARTESIAN_POINT('Ctrl Pts',(-5.074664194885,-17.7392941503517,-111.793793519704));
#3734=CARTESIAN_POINT('Ctrl Pts',(-3.54048537927382,-18.039784765779,-111.367732259644));
#3735=CARTESIAN_POINT('Ctrl Pts',(-2.7374184543452,-18.1552559014592,-111.204007420854));
#3736=CARTESIAN_POINT('Ctrl Pts',(-1.24627110766414,-18.2867185464502,-111.017608454297));
#3737=CARTESIAN_POINT('Ctrl Pts',(-0.621102994306785,-18.3033457714368,
-110.994032954547));
#3738=CARTESIAN_POINT('Ctrl Pts',(1.12706692471952E-17,-18.3033457714368,
-110.994032954547));
#3739=CARTESIAN_POINT('',(0.,-22.0784945812263,-105.641304528979));
#3740=CARTESIAN_POINT('',(0.,-10.5514502832305,-121.985332482701));
#3741=CARTESIAN_POINT('',(-6.,-22.0784945812263,-105.641304528979));
#3742=CARTESIAN_POINT('',(0.,-22.0784945812263,-105.641304528979));
#3743=CARTESIAN_POINT('Origin',(-6.,-18.6203812918275,-110.544512915096));
#3744=CARTESIAN_POINT('',(-2.42575214422714,-12.9433119750646,-118.593946682304));
#3745=CARTESIAN_POINT('Origin',(-2.42575214422714,-11.99233082048,-119.942328988486));
#3746=CARTESIAN_POINT('',(-9.,-17.144579939578,-112.637030123475));
#3747=CARTESIAN_POINT('Origin',(-9.,-16.1935987849933,-113.985412429657));
#3748=CARTESIAN_POINT('',(-2.42575214422714,-21.7038656415414,-106.172485437475));
#3749=CARTESIAN_POINT('Origin',(-2.42575214422714,-20.7528844869568,-107.520867743657));
#3750=CARTESIAN_POINT('Origin',(-6.,-18.6203812918275,-110.544512915096));
#3751=CARTESIAN_POINT('',(-6.,-22.0784945812263,-105.641304528979));
#3752=CARTESIAN_POINT('Ctrl Pts',(-5.97782588184853,-38.0398916412473,-126.741422846442));
#3753=CARTESIAN_POINT('Ctrl Pts',(-5.97718923569348,-37.9774750366535,-126.621119806535));
#3754=CARTESIAN_POINT('Ctrl Pts',(-5.97677102698708,-37.9199152863128,-126.514873984291));
#3755=CARTESIAN_POINT('Ctrl Pts',(-5.97621969270604,-37.7867787701764,-126.292522260618));
#3756=CARTESIAN_POINT('Ctrl Pts',(-5.97608656713141,-37.7112020043809,-126.176416359188));
#3757=CARTESIAN_POINT('Ctrl Pts',(-5.97611481510516,-37.4574461838118,-125.813308536123));
#3758=CARTESIAN_POINT('Ctrl Pts',(-5.97929134299848,-36.8959974356833,-125.135409743579));
#3759=CARTESIAN_POINT('Ctrl Pts',(-5.97841835905098,-35.5490605723567,-123.839907816822));
#3760=CARTESIAN_POINT('Ctrl Pts',(-5.97326879405756,-34.442439550568,-122.974049190687));
#3761=CARTESIAN_POINT('Ctrl Pts',(-6.07121255411042,-33.2841484707089,-122.049953078896));
#3762=CARTESIAN_POINT('Ctrl Pts',(-5.54700629746068,-31.3962023224301,-121.024153643162));
#3763=CARTESIAN_POINT('Ctrl Pts',(-6.99922793393893,-30.1771094624023,-119.841691121571));
#3764=CARTESIAN_POINT('Ctrl Pts',(-6.08682146731667,-28.4522989974305,-118.922536437929));
#3765=CARTESIAN_POINT('Ctrl Pts',(-6.62907351435457,-26.326506354835,-117.101741650692));
#3766=CARTESIAN_POINT('Ctrl Pts',(-6.10543692879148,-21.4665319625411,-115.07002462357));
#3767=CARTESIAN_POINT('Ctrl Pts',(-5.95533149879824,-17.9027203833729,-113.093088360112));
#3768=CARTESIAN_POINT('Ctrl Pts',(-5.86507576846157,-16.3455727077983,-112.279067195297));
#3769=CARTESIAN_POINT('Ctrl Pts',(-5.97727878839031,-38.0228311611086,-126.788771004765));
#3770=CARTESIAN_POINT('Ctrl Pts',(-5.9767620946349,-37.93879222268,-126.647036498928));
#3771=CARTESIAN_POINT('Ctrl Pts',(-5.976180975822,-37.8745915398975,-126.529136676337));
#3772=CARTESIAN_POINT('Ctrl Pts',(-5.97550295391665,-37.7183134003304,-126.281969174281));
#3773=CARTESIAN_POINT('Ctrl Pts',(-5.97540069787026,-37.6353235367431,-126.15944786268));
#3774=CARTESIAN_POINT('Ctrl Pts',(-5.9756223359446,-37.3758788139289,-125.798486261853));
#3775=CARTESIAN_POINT('Ctrl Pts',(-5.97959504743001,-36.8128636434817,-125.129759097448));
#3776=CARTESIAN_POINT('Ctrl Pts',(-5.98236150176575,-35.4647627585417,-123.85657004101));
#3777=CARTESIAN_POINT('Ctrl Pts',(-5.97605979763585,-34.3480141022123,-123.020539092382));
#3778=CARTESIAN_POINT('Ctrl Pts',(-6.07557071249849,-33.2213277220079,-122.116983544555));
#3779=CARTESIAN_POINT('Ctrl Pts',(-5.54739464233617,-31.3572121760973,-121.086808319264));
#3780=CARTESIAN_POINT('Ctrl Pts',(-7.00197990668409,-30.1236547962813,-119.915938904166));
#3781=CARTESIAN_POINT('Ctrl Pts',(-6.08940566925701,-28.4106478016665,-118.988701964811));
#3782=CARTESIAN_POINT('Ctrl Pts',(-6.63288198830868,-26.2754617382069,-117.187131384048));
#3783=CARTESIAN_POINT('Ctrl Pts',(-6.10634557450168,-21.4427513680391,-115.122119617558));
#3784=CARTESIAN_POINT('Ctrl Pts',(-5.95658172123232,-17.9146212227714,-113.185500757427));
#3785=CARTESIAN_POINT('Ctrl Pts',(-5.8702975330926,-16.3191247356446,-112.348026552548));
#3786=CARTESIAN_POINT('Ctrl Pts',(-5.97700811732965,-38.0081061280481,-126.840185316545));
#3787=CARTESIAN_POINT('Ctrl Pts',(-5.97640245737325,-37.9200922633814,-126.695841666232));
#3788=CARTESIAN_POINT('Ctrl Pts',(-5.9758922726155,-37.8350688991165,-126.563588674006));
#3789=CARTESIAN_POINT('Ctrl Pts',(-5.97521856776915,-37.6627985308253,-126.304310942689));
#3790=CARTESIAN_POINT('Ctrl Pts',(-5.9750427706703,-37.5759698283159,-126.178769615572));
#3791=CARTESIAN_POINT('Ctrl Pts',(-5.97535002004581,-37.3073133661459,-125.816760874817));
#3792=CARTESIAN_POINT('Ctrl Pts',(-5.97930308148508,-36.7373190232396,-125.151204355694));
#3793=CARTESIAN_POINT('Ctrl Pts',(-5.9845712093818,-35.3797998645611,-123.892956037095));
#3794=CARTESIAN_POINT('Ctrl Pts',(-5.97766684797729,-34.2366215667158,-123.077788671546));
#3795=CARTESIAN_POINT('Ctrl Pts',(-6.08058114840577,-33.1455037080459,-122.20258034219));
#3796=CARTESIAN_POINT('Ctrl Pts',(-5.54631661516334,-31.3084730498656,-121.163111370067));
#3797=CARTESIAN_POINT('Ctrl Pts',(-7.00371830760655,-30.0588581357727,-120.00686522242));
#3798=CARTESIAN_POINT('Ctrl Pts',(-6.0905280146212,-28.3579179087268,-119.072389406314));
#3799=CARTESIAN_POINT('Ctrl Pts',(-6.63533847147836,-26.2127696574896,-117.292110455386));
#3800=CARTESIAN_POINT('Ctrl Pts',(-6.10757329296993,-21.414332099765,-115.182780766125));
#3801=CARTESIAN_POINT('Ctrl Pts',(-5.95842933431954,-17.9100408143435,-113.280639963118));
#3802=CARTESIAN_POINT('Ctrl Pts',(-5.87530565886556,-16.2843216107632,-112.427695980505));
#3803=CARTESIAN_POINT('Ctrl Pts',(-5.97674280000817,-37.9743689687065,-126.981541848396));
#3804=CARTESIAN_POINT('Ctrl Pts',(-5.97616389299871,-37.8668180088114,-126.823147195136));
#3805=CARTESIAN_POINT('Ctrl Pts',(-5.97571661628311,-37.7662674337136,-126.679279262795));
#3806=CARTESIAN_POINT('Ctrl Pts',(-5.97510291735185,-37.5701777210146,-126.402327668053));
#3807=CARTESIAN_POINT('Ctrl Pts',(-5.97494215114568,-37.4753704428547,-126.272336307428));
#3808=CARTESIAN_POINT('Ctrl Pts',(-5.97514205358444,-37.1876093797337,-125.901066870825));
#3809=CARTESIAN_POINT('Ctrl Pts',(-5.97827066269111,-36.5987303389255,-125.233346578701));
#3810=CARTESIAN_POINT('Ctrl Pts',(-5.98663546037768,-35.2152928689691,-123.997780028501));
#3811=CARTESIAN_POINT('Ctrl Pts',(-5.97932613696817,-33.9973172210421,-123.210026171782));
#3812=CARTESIAN_POINT('Ctrl Pts',(-6.09124559585274,-32.9792774175212,-122.398656499148));
#3813=CARTESIAN_POINT('Ctrl Pts',(-5.54241503370522,-31.1974118085569,-121.332938080591));
#3814=CARTESIAN_POINT('Ctrl Pts',(-7.00571922134605,-29.9150292017109,-120.210251938513));
#3815=CARTESIAN_POINT('Ctrl Pts',(-6.09084404755485,-28.2381079219657,-119.262389417016));
#3816=CARTESIAN_POINT('Ctrl Pts',(-6.63826828282208,-26.0724895116559,-117.526718388127));
#3817=CARTESIAN_POINT('Ctrl Pts',(-6.11034512044702,-21.3494860505625,-115.316246613586));
#3818=CARTESIAN_POINT('Ctrl Pts',(-5.96268646272745,-17.8768317423994,-113.472190641974));
#3819=CARTESIAN_POINT('Ctrl Pts',(-5.88458128580328,-16.203717807883,-112.599225865613));
#3820=CARTESIAN_POINT('Ctrl Pts',(-5.97674815374735,-37.9553568424252,-127.071484068467));
#3821=CARTESIAN_POINT('Ctrl Pts',(-5.9762700799542,-37.8419099289227,-126.910638546341));
#3822=CARTESIAN_POINT('Ctrl Pts',(-5.97583411689885,-37.7369119562044,-126.760344242726));
#3823=CARTESIAN_POINT('Ctrl Pts',(-5.9752878576956,-37.5324619622245,-126.476273390031));
#3824=CARTESIAN_POINT('Ctrl Pts',(-5.97515882629269,-37.4337869610644,-126.344485777656));
#3825=CARTESIAN_POINT('Ctrl Pts',(-5.97520640302187,-37.1364708411045,-125.96709825387));
#3826=CARTESIAN_POINT('Ctrl Pts',(-5.97753020984207,-36.5356862748535,-125.294043543462));
#3827=CARTESIAN_POINT('Ctrl Pts',(-5.98649000375751,-35.1357487673577,-124.066218023821));
#3828=CARTESIAN_POINT('Ctrl Pts',(-5.9793783756176,-33.8694054108649,-123.285014092854));
#3829=CARTESIAN_POINT('Ctrl Pts',(-6.09689960739243,-32.8888751409585,-122.509135858472));
#3830=CARTESIAN_POINT('Ctrl Pts',(-5.53959147941992,-31.1350896934799,-121.426461740311));
#3831=CARTESIAN_POINT('Ctrl Pts',(-7.00598173416309,-29.8359969281576,-120.322712336352));
#3832=CARTESIAN_POINT('Ctrl Pts',(-6.09003773512431,-28.1710278281444,-119.368701986216));
#3833=CARTESIAN_POINT('Ctrl Pts',(-6.63874161099613,-25.9949014465396,-117.65634724953));
#3834=CARTESIAN_POINT('Ctrl Pts',(-6.11188922945586,-21.3130592696341,-115.389051312481));
#3835=CARTESIAN_POINT('Ctrl Pts',(-5.96509597804815,-17.8482030788831,-113.568602115139));
#3836=CARTESIAN_POINT('Ctrl Pts',(-5.88884878696803,-16.1579171298843,-112.691086322765));
#3837=CARTESIAN_POINT('Ctrl Pts',(-5.97717825216463,-37.8918898237504,-127.399102591114));
#3838=CARTESIAN_POINT('Ctrl Pts',(-5.97696128178456,-37.7673816245375,-127.216996077337));
#3839=CARTESIAN_POINT('Ctrl Pts',(-5.97672831719055,-37.6507697013591,-127.051751890087));
#3840=CARTESIAN_POINT('Ctrl Pts',(-5.97630869366366,-37.4261609615264,-126.746197548653));
#3841=CARTESIAN_POINT('Ctrl Pts',(-5.97612203473079,-37.3181641448721,-126.605887394469));
#3842=CARTESIAN_POINT('Ctrl Pts',(-5.97574895755747,-36.9963301863787,-126.209172051538));
#3843=CARTESIAN_POINT('Ctrl Pts',(-5.97575040171198,-36.3612882352692,-125.512601844159));
#3844=CARTESIAN_POINT('Ctrl Pts',(-5.98418844648451,-34.9153680801284,-124.308516691792));
#3845=CARTESIAN_POINT('Ctrl Pts',(-5.97842251620038,-33.4870134177146,-123.530913849377));
#3846=CARTESIAN_POINT('Ctrl Pts',(-6.11383553635115,-32.6129433192509,-122.859522625579));
#3847=CARTESIAN_POINT('Ctrl Pts',(-5.53028335137159,-30.9366213214094,-121.717749422117));
#3848=CARTESIAN_POINT('Ctrl Pts',(-7.00538232376597,-29.5902192515259,-120.674660161652));
#3849=CARTESIAN_POINT('Ctrl Pts',(-6.08621839417691,-27.959973035563,-119.702949333044));
#3850=CARTESIAN_POINT('Ctrl Pts',(-6.6382681028847,-25.7523916902616,-118.060415189979));
#3851=CARTESIAN_POINT('Ctrl Pts',(-6.11651350983006,-21.1936724102023,-115.618197596417));
#3852=CARTESIAN_POINT('Ctrl Pts',(-5.97221805875126,-17.7396160665475,-113.853472911927));
#3853=CARTESIAN_POINT('Ctrl Pts',(-5.90007033321185,-16.0125878947201,-112.971110569682));
#3854=CARTESIAN_POINT('Ctrl Pts',(-5.97938881517913,-37.7953933412896,-127.948920073347));
#3855=CARTESIAN_POINT('Ctrl Pts',(-5.97947331100496,-37.6644051068102,-127.749912621318));
#3856=CARTESIAN_POINT('Ctrl Pts',(-5.97936511343144,-37.5410445020512,-127.568862640084));
#3857=CARTESIAN_POINT('Ctrl Pts',(-5.97891251478592,-37.3026830290548,-127.234328407311));
#3858=CARTESIAN_POINT('Ctrl Pts',(-5.97856811371392,-37.1876821608175,-127.080844155772));
#3859=CARTESIAN_POINT('Ctrl Pts',(-5.9774043802005,-36.8448758765093,-126.649216177861));
#3860=CARTESIAN_POINT('Ctrl Pts',(-5.97455479198397,-36.1680485895082,-125.901259328861));
#3861=CARTESIAN_POINT('Ctrl Pts',(-5.97614587035384,-34.6701981441018,-124.730207401113));
#3862=CARTESIAN_POINT('Ctrl Pts',(-5.974181169336,-32.9807399265303,-123.914609506901));
#3863=CARTESIAN_POINT('Ctrl Pts',(-6.13634715986848,-32.2324342449221,-123.377234819419));
#3864=CARTESIAN_POINT('Ctrl Pts',(-5.51563927346063,-30.6413247537437,-122.13471087158));
#3865=CARTESIAN_POINT('Ctrl Pts',(-7.00088457964122,-29.239366733426,-121.18276828014));
#3866=CARTESIAN_POINT('Ctrl Pts',(-6.07739152983162,-27.6523946158077,-120.189438166756));
#3867=CARTESIAN_POINT('Ctrl Pts',(-6.63258744504657,-25.4030571860801,-118.639656060556));
#3868=CARTESIAN_POINT('Ctrl Pts',(-6.12265775925605,-21.0075392199022,-115.952345141006));
#3869=CARTESIAN_POINT('Ctrl Pts',(-5.98143025899812,-17.5342973253359,-114.221664313763));
#3870=CARTESIAN_POINT('Ctrl Pts',(-5.91081650886915,-15.7976763780527,-113.356323900141));
#3871=CARTESIAN_POINT('Ctrl Pts',(-5.97534764487121,-37.5712614554166,-128.395749608032));
#3872=CARTESIAN_POINT('Ctrl Pts',(-5.97451216541012,-37.4320545672617,-128.189448802745));
#3873=CARTESIAN_POINT('Ctrl Pts',(-5.97444572530074,-37.3049041261266,-127.99965229317));
#3874=CARTESIAN_POINT('Ctrl Pts',(-5.97525350638799,-37.0657480264205,-127.647242525383));
#3875=CARTESIAN_POINT('Ctrl Pts',(-5.97612772758461,-36.9537423678493,-127.484629267172));
#3876=CARTESIAN_POINT('Ctrl Pts',(-5.97926525703736,-36.6269903987682,-127.028826359492));
#3877=CARTESIAN_POINT('Ctrl Pts',(-5.98759977939443,-36.0105464871347,-126.245368011951));
#3878=CARTESIAN_POINT('Ctrl Pts',(-5.97594292340267,-34.6303534118416,-125.230821034842));
#3879=CARTESIAN_POINT('Ctrl Pts',(-5.97701560369534,-32.7602698283312,-124.349467586869));
#3880=CARTESIAN_POINT('Ctrl Pts',(-6.14814388270131,-32.0095774998942,-123.800005052433));
#3881=CARTESIAN_POINT('Ctrl Pts',(-5.51552418627005,-30.3793235781719,-122.447609820713));
#3882=CARTESIAN_POINT('Ctrl Pts',(-6.99780986363183,-28.977390328496,-121.579397233778));
#3883=CARTESIAN_POINT('Ctrl Pts',(-6.07701673170965,-27.4173872322777,-120.558879184961));
#3884=CARTESIAN_POINT('Ctrl Pts',(-6.62834138500119,-25.1361294574169,-119.067401989978));
#3885=CARTESIAN_POINT('Ctrl Pts',(-6.1236110135949,-20.787821965725,-116.263910876382));
#3886=CARTESIAN_POINT('Ctrl Pts',(-5.97994857936565,-17.3505343169549,-114.499681472727));
#3887=CARTESIAN_POINT('Ctrl Pts',(-5.90811736225103,-15.6318904925698,-113.6175667709));
#3888=CARTESIAN_POINT('Ctrl Pts',(-5.97534397188373,-37.449704508971,-128.674074837064));
#3889=CARTESIAN_POINT('Ctrl Pts',(-5.97395746287784,-37.3146688960848,-128.477693949282));
#3890=CARTESIAN_POINT('Ctrl Pts',(-5.97338606140453,-37.1899106967116,-128.299439256484));
#3891=CARTESIAN_POINT('Ctrl Pts',(-5.97386310930329,-36.9543463129243,-127.963775149268));
#3892=CARTESIAN_POINT('Ctrl Pts',(-5.97481646697411,-36.8445233095447,-127.8073726026));
#3893=CARTESIAN_POINT('Ctrl Pts',(-5.97880360011845,-36.5253029258618,-127.359720470588));
#3894=CARTESIAN_POINT('Ctrl Pts',(-5.99212580623712,-35.9340927839013,-126.547972665129));
#3895=CARTESIAN_POINT('Ctrl Pts',(-5.97671864686693,-34.6396393633407,-125.630219657945));
#3896=CARTESIAN_POINT('Ctrl Pts',(-5.97691716357883,-32.6695508539689,-124.709575174162));
#3897=CARTESIAN_POINT('Ctrl Pts',(-6.15403768308423,-31.8701909377275,-124.112088998555));
#3898=CARTESIAN_POINT('Ctrl Pts',(-5.51721458323156,-30.1854096636728,-122.670909686342));
#3899=CARTESIAN_POINT('Ctrl Pts',(-6.9917993970092,-28.7908182437277,-121.864444917412));
#3900=CARTESIAN_POINT('Ctrl Pts',(-6.07493981681013,-27.252542530359,-120.818515302958));
#3901=CARTESIAN_POINT('Ctrl Pts',(-6.62277362851002,-24.9489266726348,-119.366767814742));
#3902=CARTESIAN_POINT('Ctrl Pts',(-6.11764774151018,-20.6208213187887,-116.491503377182));
#3903=CARTESIAN_POINT('Ctrl Pts',(-5.97441412103462,-17.1825722488633,-114.679923673798));
#3904=CARTESIAN_POINT('Ctrl Pts',(-5.89842687297188,-15.5118359734686,-113.790888985486));
#3905=CARTESIAN_POINT('Ctrl Pts',(-5.97557158431469,-37.4179061356048,-128.753670993709));
#3906=CARTESIAN_POINT('Ctrl Pts',(-5.97402448942898,-37.2837324374986,-128.568315904744));
#3907=CARTESIAN_POINT('Ctrl Pts',(-5.97347115297276,-37.1619315289946,-128.395484031506));
#3908=CARTESIAN_POINT('Ctrl Pts',(-5.97362528681069,-36.9282623315056,-128.07042719645));
#3909=CARTESIAN_POINT('Ctrl Pts',(-5.97439590999316,-36.8186365778816,-127.918493262506));
#3910=CARTESIAN_POINT('Ctrl Pts',(-5.97834016205439,-36.5016948741263,-127.477716253432));
#3911=CARTESIAN_POINT('Ctrl Pts',(-5.99275819623216,-35.9155536950813,-126.656261406332));
#3912=CARTESIAN_POINT('Ctrl Pts',(-5.97713187696796,-34.6492629306228,-125.76734226528));
#3913=CARTESIAN_POINT('Ctrl Pts',(-5.97651363922567,-32.6517501290626,-124.835271707813));
#3914=CARTESIAN_POINT('Ctrl Pts',(-6.15550999292159,-31.8283547497727,-124.215284692489));
#3915=CARTESIAN_POINT('Ctrl Pts',(-5.51807416761113,-30.1212028533696,-122.743447250516));
#3916=CARTESIAN_POINT('Ctrl Pts',(-6.98917850319907,-28.7302792519598,-121.957390140024));
#3917=CARTESIAN_POINT('Ctrl Pts',(-6.07394820912562,-27.199496102341,-120.902153234681));
#3918=CARTESIAN_POINT('Ctrl Pts',(-6.6205205077701,-24.8886912463267,-119.462982485946));
#3919=CARTESIAN_POINT('Ctrl Pts',(-6.11454694867545,-20.5647856520927,-116.56635391066));
#3920=CARTESIAN_POINT('Ctrl Pts',(-5.97183210182316,-17.1215615908651,-114.735292629463));
#3921=CARTESIAN_POINT('Ctrl Pts',(-5.89391902165957,-15.4725319496033,-113.844894733934));
#3922=CARTESIAN_POINT('Ctrl Pts',(-5.97648448269686,-37.3717506064372,-128.886505467597));
#3923=CARTESIAN_POINT('Ctrl Pts',(-5.97500277150655,-37.2506512949234,-128.738457521364));
#3924=CARTESIAN_POINT('Ctrl Pts',(-5.97406661250115,-37.1372896239232,-128.592622541843));
#3925=CARTESIAN_POINT('Ctrl Pts',(-5.97338320526221,-36.9142928004348,-128.305620362049));
#3926=CARTESIAN_POINT('Ctrl Pts',(-5.97363316085912,-36.8056051945496,-128.164089268445));
#3927=CARTESIAN_POINT('Ctrl Pts',(-5.97647178776587,-36.4894940363469,-127.7405781781));
#3928=CARTESIAN_POINT('Ctrl Pts',(-5.99050408204351,-35.8970783577528,-126.897884759268));
#3929=CARTESIAN_POINT('Ctrl Pts',(-5.9779323271851,-34.6752619902987,-126.048623996077));
#3930=CARTESIAN_POINT('Ctrl Pts',(-5.97415222124984,-32.6356027668319,-125.100449137371));
#3931=CARTESIAN_POINT('Ctrl Pts',(-6.15764742301823,-31.7487071015837,-124.42511308859));
#3932=CARTESIAN_POINT('Ctrl Pts',(-5.51977363062746,-29.9920017543473,-122.889339112023));
#3933=CARTESIAN_POINT('Ctrl Pts',(-6.98199556151378,-28.6086016208155,-122.144036017254));
#3934=CARTESIAN_POINT('Ctrl Pts',(-6.0705388314636,-27.0945729744051,-121.068022263769));
#3935=CARTESIAN_POINT('Ctrl Pts',(-6.61473299819965,-24.7695664760981,-119.654158451025));
#3936=CARTESIAN_POINT('Ctrl Pts',(-6.10533069377953,-20.4537069695412,-116.714425440328));
#3937=CARTESIAN_POINT('Ctrl Pts',(-5.96512483158936,-16.9831231356639,-114.837531096896));
#3938=CARTESIAN_POINT('Ctrl Pts',(-5.8819105870194,-15.3929959974293,-113.949349415319));
#3939=CARTESIAN_POINT('Ctrl Pts',(-5.97716976864807,-37.3573934506358,-128.939743784842));
#3940=CARTESIAN_POINT('Ctrl Pts',(-5.97579526456052,-37.2381716221934,-128.799204249643));
#3941=CARTESIAN_POINT('Ctrl Pts',(-5.97453312503665,-37.1405138218615,-128.692716118879));
#3942=CARTESIAN_POINT('Ctrl Pts',(-5.97329495292522,-36.927132031532,-128.433758210269));
#3943=CARTESIAN_POINT('Ctrl Pts',(-5.97340805083353,-36.8203580105184,-128.299687548465));
#3944=CARTESIAN_POINT('Ctrl Pts',(-5.97506685154141,-36.500901250303,-127.885444319923));
#3945=CARTESIAN_POINT('Ctrl Pts',(-5.98761757785982,-35.8971421092444,-127.031219371002));
#3946=CARTESIAN_POINT('Ctrl Pts',(-5.97831954730122,-34.6916374826924,-126.19278311954));
#3947=CARTESIAN_POINT('Ctrl Pts',(-5.97219432762719,-32.6372561295075,-125.239930033278));
#3948=CARTESIAN_POINT('Ctrl Pts',(-6.15831254327752,-31.7108956413496,-124.531745790756));
#3949=CARTESIAN_POINT('Ctrl Pts',(-5.52061350926423,-29.9270074656281,-122.962693409357));
#3950=CARTESIAN_POINT('Ctrl Pts',(-6.97743351363865,-28.5474629814391,-122.237736671871));
#3951=CARTESIAN_POINT('Ctrl Pts',(-6.06812106148611,-27.0426962744874,-121.150253361134));
#3952=CARTESIAN_POINT('Ctrl Pts',(-6.61119860936912,-24.7106771321778,-119.7491197449));
#3953=CARTESIAN_POINT('Ctrl Pts',(-6.09921523171832,-20.3986639536857,-116.787646436516));
#3954=CARTESIAN_POINT('Ctrl Pts',(-5.96099958056702,-16.9056953384608,-114.884400608664));
#3955=CARTESIAN_POINT('Ctrl Pts',(-5.87441000369153,-15.3527640691205,-113.999798348256));
#3956=CARTESIAN_POINT('Ctrl Pts',(-5.97782588184853,-37.3446432664321,-128.995882875022));
#3957=CARTESIAN_POINT('Ctrl Pts',(-5.97641195964387,-37.2476246381984,-128.895690626673));
#3958=CARTESIAN_POINT('Ctrl Pts',(-5.97514059198779,-37.1582702198867,-128.799944533143));
#3959=CARTESIAN_POINT('Ctrl Pts',(-5.9734467156802,-36.9664678828584,-128.581377746537));
#3960=CARTESIAN_POINT('Ctrl Pts',(-5.97302420702869,-36.8640199641417,-128.458557053461));
#3961=CARTESIAN_POINT('Ctrl Pts',(-5.97302996958098,-36.5370359573843,-128.049483074914));
#3962=CARTESIAN_POINT('Ctrl Pts',(-5.9820884651166,-35.9088632221232,-127.18217932979));
#3963=CARTESIAN_POINT('Ctrl Pts',(-5.9785261018195,-34.7082366500822,-126.339989026162));
#3964=CARTESIAN_POINT('Ctrl Pts',(-5.96905277571605,-32.6459246465506,-125.387534620221));
#3965=CARTESIAN_POINT('Ctrl Pts',(-6.15866276424903,-31.6724829094022,-124.642647789261));
#3966=CARTESIAN_POINT('Ctrl Pts',(-5.52113756343245,-29.8607945372962,-123.038760164222));
#3967=CARTESIAN_POINT('Ctrl Pts',(-6.97154771663443,-28.4840729912993,-122.334263430427));
#3968=CARTESIAN_POINT('Ctrl Pts',(-6.06457643193365,-26.9900874967152,-121.233985065083));
#3969=CARTESIAN_POINT('Ctrl Pts',(-6.60678015435749,-24.6509683686926,-119.846401598496));
#3970=CARTESIAN_POINT('Ctrl Pts',(-6.09119813590378,-20.3449823730547,-116.86025152887));
#3971=CARTESIAN_POINT('Ctrl Pts',(-5.95606829750158,-16.8168737040206,-114.927482454561));
#3972=CARTESIAN_POINT('Ctrl Pts',(-5.86519437656736,-15.3108900871997,-114.050458788763));
#3973=CARTESIAN_POINT('',(-5.97782588184853,-37.3446432664321,-128.995882875022));
#3974=CARTESIAN_POINT('Ctrl Pts',(-5.89934647479916,-15.9054201381401,-114.394016729083));
#3975=CARTESIAN_POINT('Ctrl Pts',(-5.97435953691547,-17.2690697823744,-115.176942739683));
#3976=CARTESIAN_POINT('Ctrl Pts',(-6.1133585592994,-20.5300595661754,-116.988600360865));
#3977=CARTESIAN_POINT('Ctrl Pts',(-6.60678015435749,-24.6509683686926,-119.846401598496));
#3978=CARTESIAN_POINT('Ctrl Pts',(-6.06457643193365,-26.9900874967152,-121.233985065083));
#3979=CARTESIAN_POINT('Ctrl Pts',(-6.97154771663443,-28.4840729912993,-122.334263430427));
#3980=CARTESIAN_POINT('Ctrl Pts',(-5.52113756343245,-29.8607945372962,-123.038760164222));
#3981=CARTESIAN_POINT('Ctrl Pts',(-6.15866276424903,-31.6724829094022,-124.642647789261));
#3982=CARTESIAN_POINT('Ctrl Pts',(-5.96905277571605,-32.6459246465506,-125.387534620221));
#3983=CARTESIAN_POINT('Ctrl Pts',(-5.9785261018195,-34.7082366500822,-126.339989026162));
#3984=CARTESIAN_POINT('Ctrl Pts',(-5.9820884651166,-35.9088632221232,-127.18217932979));
#3985=CARTESIAN_POINT('Ctrl Pts',(-5.97302996958098,-36.5370359573843,-128.049483074914));
#3986=CARTESIAN_POINT('Ctrl Pts',(-5.97302420702869,-36.8640199641417,-128.458557053461));
#3987=CARTESIAN_POINT('Ctrl Pts',(-5.97386922433171,-37.0689158015751,-128.704198439613));
#3988=CARTESIAN_POINT('Ctrl Pts',(-5.97641195964387,-37.2476246381984,-128.895690626673));
#3989=CARTESIAN_POINT('Ctrl Pts',(-5.97782588184853,-37.3446432664321,-128.995882875022));
#3990=CARTESIAN_POINT('',(-5.97782588184853,-38.0398916412473,-126.741422846442));
#3991=CARTESIAN_POINT('Ctrl Pts',(-5.97782588184853,-37.3446432664321,-128.995882875022));
#3992=CARTESIAN_POINT('Ctrl Pts',(-5.97716976864807,-37.3573934506358,-128.939743784842));
#3993=CARTESIAN_POINT('Ctrl Pts',(-5.97579919674565,-37.3861077622386,-128.833267150352));
#3994=CARTESIAN_POINT('Ctrl Pts',(-5.97534397188373,-37.449704508971,-128.674074837064));
#3995=CARTESIAN_POINT('Ctrl Pts',(-5.97534764487121,-37.5712614554166,-128.395749608032));
#3996=CARTESIAN_POINT('Ctrl Pts',(-5.97938881517913,-37.7953933412896,-127.948920073347));
#3997=CARTESIAN_POINT('Ctrl Pts',(-5.97717825216463,-37.8918898237504,-127.399102591114));
#3998=CARTESIAN_POINT('Ctrl Pts',(-5.97674815374735,-37.9553568424252,-127.071484068467));
#3999=CARTESIAN_POINT('Ctrl Pts',(-5.97673744626899,-37.9933810949878,-126.891599628325));
#4000=CARTESIAN_POINT('Ctrl Pts',(-5.97727878839031,-38.0228311611086,-126.788771004765));
#4001=CARTESIAN_POINT('Ctrl Pts',(-5.97782588184853,-38.0398916412473,-126.741422846442));
#4002=CARTESIAN_POINT('Ctrl Pts',(-5.97782588184853,-38.0398916412473,-126.741422846442));
#4003=CARTESIAN_POINT('Ctrl Pts',(-5.97718923569348,-37.9774750366535,-126.621119806535));
#4004=CARTESIAN_POINT('Ctrl Pts',(-5.97635281828068,-37.8623555359721,-126.408628162047));
#4005=CARTESIAN_POINT('Ctrl Pts',(-5.97608656713141,-37.7112020043809,-126.176416359188));
#4006=CARTESIAN_POINT('Ctrl Pts',(-5.97611481510516,-37.4574461838118,-125.813308536123));
#4007=CARTESIAN_POINT('Ctrl Pts',(-5.97929134299848,-36.8959974356833,-125.135409743579));
#4008=CARTESIAN_POINT('Ctrl Pts',(-5.97841835905098,-35.5490605723567,-123.839907816822));
#4009=CARTESIAN_POINT('Ctrl Pts',(-5.97326879405756,-34.442439550568,-122.974049190687));
#4010=CARTESIAN_POINT('Ctrl Pts',(-6.07121255411042,-33.2841484707089,-122.049953078896));
#4011=CARTESIAN_POINT('Ctrl Pts',(-5.54700629746068,-31.3962023224301,-121.024153643162));
#4012=CARTESIAN_POINT('Ctrl Pts',(-6.99922793393893,-30.1771094624023,-119.841691121571));
#4013=CARTESIAN_POINT('Ctrl Pts',(-6.08682146731667,-28.4522989974305,-118.922536437929));
#4014=CARTESIAN_POINT('Ctrl Pts',(-6.62907351435457,-26.326506354835,-117.101741650692));
#4015=CARTESIAN_POINT('Ctrl Pts',(-6.13346762731153,-21.7266904021181,-115.178784112565));
#4016=CARTESIAN_POINT('Ctrl Pts',(-5.98072025839805,-18.4729538266093,-113.406556157952));
#4017=CARTESIAN_POINT('Ctrl Pts',(-5.90765168638169,-17.111894632756,-112.683374143205));
#4018=CARTESIAN_POINT('Ctrl Pts',(-5.86519437656736,-15.3108900871997,-114.050458788763));
#4019=CARTESIAN_POINT('Ctrl Pts',(-5.85597874944319,-15.2690161052789,-114.10111922927));
#4020=CARTESIAN_POINT('Ctrl Pts',(-5.84504807852272,-15.2255000697461,-114.151991177347));
#4021=CARTESIAN_POINT('Ctrl Pts',(-5.81408903382207,-15.1346851920981,-114.25754969855));
#4022=CARTESIAN_POINT('Ctrl Pts',(-5.79406066004189,-15.0873863499829,-114.312236271675));
#4023=CARTESIAN_POINT('Ctrl Pts',(-5.71182756151113,-14.9390675647266,-114.487105343486));
#4024=CARTESIAN_POINT('Ctrl Pts',(-5.45876945568878,-14.6167409585707,-114.880080896847));
#4025=CARTESIAN_POINT('Ctrl Pts',(-4.25398948615459,-13.9211628086,-115.954723795643));
#4026=CARTESIAN_POINT('Ctrl Pts',(-1.93152922189952,-13.7020131625552,-116.420510416049));
#4027=CARTESIAN_POINT('Ctrl Pts',(-2.77555756156289E-16,-13.7478279458947,
-116.429714270247));
#4028=CARTESIAN_POINT('Ctrl Pts',(1.93152922189952,-13.7020131625551,-116.420510416049));
#4029=CARTESIAN_POINT('Ctrl Pts',(4.25398948615459,-13.9211628086,-115.954723795643));
#4030=CARTESIAN_POINT('Ctrl Pts',(5.45876945568878,-14.6167409585707,-114.880080896847));
#4031=CARTESIAN_POINT('Ctrl Pts',(5.71182756151113,-14.9390675647266,-114.487105343486));
#4032=CARTESIAN_POINT('Ctrl Pts',(5.79406066004188,-15.0873863499829,-114.312236271675));
#4033=CARTESIAN_POINT('Ctrl Pts',(5.81408903382206,-15.1346851920981,-114.25754969855));
#4034=CARTESIAN_POINT('Ctrl Pts',(5.84504807852272,-15.2255000697461,-114.151991177347));
#4035=CARTESIAN_POINT('Ctrl Pts',(5.85597874944319,-15.2690161052789,-114.10111922927));
#4036=CARTESIAN_POINT('Ctrl Pts',(5.86519437656736,-15.3108900871997,-114.050458788763));
#4037=CARTESIAN_POINT('Ctrl Pts',(-5.95606829750158,-16.8168737040206,-114.927482454561));
#4038=CARTESIAN_POINT('Ctrl Pts',(-5.95113701443614,-16.7280520695803,-114.970564300457));
#4039=CARTESIAN_POINT('Ctrl Pts',(-5.94539969932759,-16.6278365979029,-115.009858480483));
#4040=CARTESIAN_POINT('Ctrl Pts',(-5.92602781137069,-16.4140353696928,-115.087963200824));
#4041=CARTESIAN_POINT('Ctrl Pts',(-5.91239323852233,-16.3004496131601,-115.126773741141));
#4042=CARTESIAN_POINT('Ctrl Pts',(-5.8502158428871,-15.9537630007082,-115.253117440579));
#4043=CARTESIAN_POINT('Ctrl Pts',(-5.64076634325609,-15.2366724043882,-115.545453153407));
#4044=CARTESIAN_POINT('Ctrl Pts',(-4.48909868285155,-14.4879779305937,-116.65642243327));
#4045=CARTESIAN_POINT('Ctrl Pts',(-2.23972816528937,-14.2397944130702,-117.291239203791));
#4046=CARTESIAN_POINT('Ctrl Pts',(0.,-14.2984235314394,-117.412922194708));
#4047=CARTESIAN_POINT('Ctrl Pts',(2.23972816528937,-14.2397944130702,-117.291239203791));
#4048=CARTESIAN_POINT('Ctrl Pts',(4.48909868285156,-14.4879779305937,-116.65642243327));
#4049=CARTESIAN_POINT('Ctrl Pts',(5.64076634325609,-15.2366724043882,-115.545453153407));
#4050=CARTESIAN_POINT('Ctrl Pts',(5.8502158428871,-15.9537630007082,-115.253117440579));
#4051=CARTESIAN_POINT('Ctrl Pts',(5.91239323852232,-16.3004496131601,-115.126773741141));
#4052=CARTESIAN_POINT('Ctrl Pts',(5.92602781137068,-16.4140353696928,-115.087963200824));
#4053=CARTESIAN_POINT('Ctrl Pts',(5.94539969932759,-16.6278365979029,-115.009858480483));
#4054=CARTESIAN_POINT('Ctrl Pts',(5.95113701443614,-16.7280520695803,-114.970564300457));
#4055=CARTESIAN_POINT('Ctrl Pts',(5.95606829750158,-16.8168737040206,-114.927482454561));
#4056=CARTESIAN_POINT('Ctrl Pts',(-6.09119813590378,-20.3449823730547,-116.86025152887));
#4057=CARTESIAN_POINT('Ctrl Pts',(-6.08318104008923,-20.2913007924237,-116.932856621225));
#4058=CARTESIAN_POINT('Ctrl Pts',(-6.07326231052134,-20.2389806470172,-117.004845809744));
#4059=CARTESIAN_POINT('Ctrl Pts',(-6.04364221384944,-20.1345559685823,-117.151250173128));
#4060=CARTESIAN_POINT('Ctrl Pts',(-6.02394084674543,-20.0824514355539,-117.225665347991));
#4061=CARTESIAN_POINT('Ctrl Pts',(-5.94119373408503,-19.92270036793,-117.458036543118));
#4062=CARTESIAN_POINT('Ctrl Pts',(-5.68112746337079,-19.5894483585264,-117.959281615513));
#4063=CARTESIAN_POINT('Ctrl Pts',(-4.41606125011313,-18.814843487829,-119.196671120994));
#4064=CARTESIAN_POINT('Ctrl Pts',(-2.08217313949258,-18.4092186679123,-119.666601029817));
#4065=CARTESIAN_POINT('Ctrl Pts',(1.38777878078145E-15,-18.3614152354423,
-119.781287777068));
#4066=CARTESIAN_POINT('Ctrl Pts',(2.08217313949258,-18.4092186679123,-119.666601029817));
#4067=CARTESIAN_POINT('Ctrl Pts',(4.41606125011313,-18.814843487829,-119.196671120994));
#4068=CARTESIAN_POINT('Ctrl Pts',(5.68112746337079,-19.5894483585264,-117.959281615513));
#4069=CARTESIAN_POINT('Ctrl Pts',(5.94119373408503,-19.9227003679299,-117.458036543118));
#4070=CARTESIAN_POINT('Ctrl Pts',(6.02394084674543,-20.0824514355539,-117.225665347991));
#4071=CARTESIAN_POINT('Ctrl Pts',(6.04364221384944,-20.1345559685823,-117.151250173128));
#4072=CARTESIAN_POINT('Ctrl Pts',(6.07326231052134,-20.2389806470171,-117.004845809744));
#4073=CARTESIAN_POINT('Ctrl Pts',(6.08318104008923,-20.2913007924237,-116.932856621225));
#4074=CARTESIAN_POINT('Ctrl Pts',(6.09119813590378,-20.3449823730547,-116.86025152887));
#4075=CARTESIAN_POINT('Ctrl Pts',(-6.60678015435749,-24.6509683686926,-119.846401598496));
#4076=CARTESIAN_POINT('Ctrl Pts',(-6.60236169934587,-24.5912596052074,-119.943683452092));
#4077=CARTESIAN_POINT('Ctrl Pts',(-6.59705917815314,-24.5307314221574,-120.04328586541));
#4078=CARTESIAN_POINT('Ctrl Pts',(-6.5766431351604,-24.4070888559052,-120.248959380777));
#4079=CARTESIAN_POINT('Ctrl Pts',(-6.56152961336038,-24.343974472703,-120.355030482826));
#4080=CARTESIAN_POINT('Ctrl Pts',(-6.48940824468171,-24.1493309813341,-120.685688176009));
#4081=CARTESIAN_POINT('Ctrl Pts',(-6.23804229420991,-23.7388426315472,-121.396781110505));
#4082=CARTESIAN_POINT('Ctrl Pts',(-4.80091088314472,-22.8918468852982,-122.940477899377));
#4083=CARTESIAN_POINT('Ctrl Pts',(-2.28786719791853,-22.6368304554174,-123.472708084281));
#4084=CARTESIAN_POINT('Ctrl Pts',(1.94289029309403E-15,-22.6400687399549,
-123.462922001817));
#4085=CARTESIAN_POINT('Ctrl Pts',(2.28786719791854,-22.6368304554174,-123.472708084282));
#4086=CARTESIAN_POINT('Ctrl Pts',(4.80091088314471,-22.8918468852981,-122.940477899377));
#4087=CARTESIAN_POINT('Ctrl Pts',(6.23804229420992,-23.7388426315472,-121.396781110505));
#4088=CARTESIAN_POINT('Ctrl Pts',(6.48940824468171,-24.1493309813342,-120.685688176009));
#4089=CARTESIAN_POINT('Ctrl Pts',(6.56152961336038,-24.343974472703,-120.355030482826));
#4090=CARTESIAN_POINT('Ctrl Pts',(6.57664313516041,-24.4070888559052,-120.248959380777));
#4091=CARTESIAN_POINT('Ctrl Pts',(6.59705917815314,-24.5307314221574,-120.04328586541));
#4092=CARTESIAN_POINT('Ctrl Pts',(6.60236169934586,-24.5912596052074,-119.943683452092));
#4093=CARTESIAN_POINT('Ctrl Pts',(6.60678015435749,-24.6509683686925,-119.846401598496));
#4094=CARTESIAN_POINT('Ctrl Pts',(-6.06457643193364,-26.9900874967152,-121.233985065083));
#4095=CARTESIAN_POINT('Ctrl Pts',(-6.06103180238117,-26.937478718943,-121.317716769031));
#4096=CARTESIAN_POINT('Ctrl Pts',(-6.05636031325373,-26.8841378633164,-121.402949079564));
#4097=CARTESIAN_POINT('Ctrl Pts',(-6.03833730362773,-26.7739675836541,-121.578548262374));
#4098=CARTESIAN_POINT('Ctrl Pts',(-6.02498578312917,-26.7171381596185,-121.668915134651));
#4099=CARTESIAN_POINT('Ctrl Pts',(-5.96227170624508,-26.538380415848,-121.950917616964));
#4100=CARTESIAN_POINT('Ctrl Pts',(-5.74620549092318,-26.1477870416528,-122.558530043515));
#4101=CARTESIAN_POINT('Ctrl Pts',(-4.54732609101462,-25.2099438893853,-123.917255645311));
#4102=CARTESIAN_POINT('Ctrl Pts',(-2.04697689882827,-24.8760532839656,-124.363591691791));
#4103=CARTESIAN_POINT('Ctrl Pts',(5.55111512312578E-16,-24.9303630661809,
-124.363140068608));
#4104=CARTESIAN_POINT('Ctrl Pts',(2.04697689882827,-24.8760532839655,-124.363591691791));
#4105=CARTESIAN_POINT('Ctrl Pts',(4.54732609101462,-25.2099438893853,-123.917255645311));
#4106=CARTESIAN_POINT('Ctrl Pts',(5.74620549092318,-26.1477870416528,-122.558530043515));
#4107=CARTESIAN_POINT('Ctrl Pts',(5.96227170624508,-26.538380415848,-121.950917616964));
#4108=CARTESIAN_POINT('Ctrl Pts',(6.02498578312918,-26.7171381596185,-121.668915134651));
#4109=CARTESIAN_POINT('Ctrl Pts',(6.03833730362774,-26.7739675836541,-121.578548262374));
#4110=CARTESIAN_POINT('Ctrl Pts',(6.05636031325374,-26.8841378633164,-121.402949079564));
#4111=CARTESIAN_POINT('Ctrl Pts',(6.06103180238118,-26.9374787189431,-121.317716769031));
#4112=CARTESIAN_POINT('Ctrl Pts',(6.06457643193365,-26.9900874967152,-121.233985065083));
#4113=CARTESIAN_POINT('Ctrl Pts',(-6.97154771663443,-28.4840729912993,-122.334263430427));
#4114=CARTESIAN_POINT('Ctrl Pts',(-6.96566191963022,-28.4206830011595,-122.430790188982));
#4115=CARTESIAN_POINT('Ctrl Pts',(-6.95845237349694,-28.3550416602563,-122.530143051476));
#4116=CARTESIAN_POINT('Ctrl Pts',(-6.93305990500686,-28.2185021212678,-122.7366554673));
#4117=CARTESIAN_POINT('Ctrl Pts',(-6.91487698265007,-28.1476039231826,-122.843815020631));
#4118=CARTESIAN_POINT('Ctrl Pts',(-6.83137933429637,-27.9258928096708,-123.180235441323));
#4119=CARTESIAN_POINT('Ctrl Pts',(-6.54858851245567,-27.4464045056232,-123.912843325502));
#4120=CARTESIAN_POINT('Ctrl Pts',(-4.9987401724659,-26.4216776077731,-125.561960657478));
#4121=CARTESIAN_POINT('Ctrl Pts',(-2.3403485290141,-26.2121067967894,-126.027835596232));
#4122=CARTESIAN_POINT('Ctrl Pts',(1.11022302462516E-15,-26.1812287291798,
-126.019402857091));
#4123=CARTESIAN_POINT('Ctrl Pts',(2.3403485290141,-26.2121067967895,-126.027835596232));
#4124=CARTESIAN_POINT('Ctrl Pts',(4.9987401724659,-26.4216776077731,-125.561960657478));
#4125=CARTESIAN_POINT('Ctrl Pts',(6.54858851245568,-27.4464045056233,-123.912843325502));
#4126=CARTESIAN_POINT('Ctrl Pts',(6.83137933429637,-27.9258928096709,-123.180235441323));
#4127=CARTESIAN_POINT('Ctrl Pts',(6.91487698265007,-28.1476039231826,-122.843815020631));
#4128=CARTESIAN_POINT('Ctrl Pts',(6.93305990500686,-28.2185021212678,-122.7366554673));
#4129=CARTESIAN_POINT('Ctrl Pts',(6.95845237349694,-28.3550416602563,-122.530143051476));
#4130=CARTESIAN_POINT('Ctrl Pts',(6.96566191963022,-28.4206830011595,-122.430790188982));
#4131=CARTESIAN_POINT('Ctrl Pts',(6.97154771663443,-28.4840729912993,-122.334263430427));
#4132=CARTESIAN_POINT('Ctrl Pts',(-5.52113756343245,-29.8607945372962,-123.038760164222));
#4133=CARTESIAN_POINT('Ctrl Pts',(-5.52166161760067,-29.7945816089643,-123.114826919086));
#4134=CARTESIAN_POINT('Ctrl Pts',(-5.52186984730034,-29.7271500410198,-123.193606131482));
#4135=CARTESIAN_POINT('Ctrl Pts',(-5.51537476507739,-29.5884873712993,-123.357983774352));
#4136=CARTESIAN_POINT('Ctrl Pts',(-5.50867145315477,-29.5172562695233,-123.443582204826));
#4137=CARTESIAN_POINT('Ctrl Pts',(-5.46877436592568,-29.2958202815393,-123.712697777895));
#4138=CARTESIAN_POINT('Ctrl Pts',(-5.30983158562257,-28.8219775749465,-124.300210050614));
#4139=CARTESIAN_POINT('Ctrl Pts',(-4.27239036144764,-27.7956508011393,-125.609460985784));
#4140=CARTESIAN_POINT('Ctrl Pts',(-1.92330145179273,-27.6628054931506,-126.171750161867));
#4141=CARTESIAN_POINT('Ctrl Pts',(8.32667268468868E-16,-27.6972433144893,
-126.168278733001));
#4142=CARTESIAN_POINT('Ctrl Pts',(1.92330145179273,-27.6628054931506,-126.171750161867));
#4143=CARTESIAN_POINT('Ctrl Pts',(4.27239036144764,-27.7956508011393,-125.609460985784));
#4144=CARTESIAN_POINT('Ctrl Pts',(5.30983158562257,-28.8219775749465,-124.300210050614));
#4145=CARTESIAN_POINT('Ctrl Pts',(5.46877436592568,-29.2958202815393,-123.712697777895));
#4146=CARTESIAN_POINT('Ctrl Pts',(5.50867145315477,-29.5172562695233,-123.443582204826));
#4147=CARTESIAN_POINT('Ctrl Pts',(5.51537476507739,-29.5884873712993,-123.357983774352));
#4148=CARTESIAN_POINT('Ctrl Pts',(5.52186984730034,-29.7271500410198,-123.193606131482));
#4149=CARTESIAN_POINT('Ctrl Pts',(5.52166161760067,-29.7945816089643,-123.114826919086));
#4150=CARTESIAN_POINT('Ctrl Pts',(5.52113756343245,-29.8607945372962,-123.038760164222));
#4151=CARTESIAN_POINT('Ctrl Pts',(-6.15866276424903,-31.6724829094023,-124.642647789262));
#4152=CARTESIAN_POINT('Ctrl Pts',(-6.15901298522053,-31.6340701774549,-124.753549787767));
#4153=CARTESIAN_POINT('Ctrl Pts',(-6.15904830690425,-31.5950561737943,-124.868721082611));
#4154=CARTESIAN_POINT('Ctrl Pts',(-6.15059444678794,-31.5146340248456,-125.108309201374));
#4155=CARTESIAN_POINT('Ctrl Pts',(-6.14210526498792,-31.4732258795574,-125.232726025294));
#4156=CARTESIAN_POINT('Ctrl Pts',(-6.09200890699996,-31.3436228339501,-125.620905195264));
#4157=CARTESIAN_POINT('Ctrl Pts',(-5.89330094067252,-31.0629023037635,-126.456978328046));
#4158=CARTESIAN_POINT('Ctrl Pts',(-4.59586245054545,-30.4159666665302,-128.191423697456));
#4159=CARTESIAN_POINT('Ctrl Pts',(-2.30520453113815,-29.7007837719167,-128.417325569843));
#4160=CARTESIAN_POINT('Ctrl Pts',(1.38777878078145E-15,-29.5401477713002,
-128.412111054666));
#4161=CARTESIAN_POINT('Ctrl Pts',(2.30520453113816,-29.7007837719168,-128.417325569843));
#4162=CARTESIAN_POINT('Ctrl Pts',(4.59586245054546,-30.4159666665302,-128.191423697456));
#4163=CARTESIAN_POINT('Ctrl Pts',(5.89330094067252,-31.0629023037636,-126.456978328046));
#4164=CARTESIAN_POINT('Ctrl Pts',(6.09200890699996,-31.3436228339501,-125.620905195264));
#4165=CARTESIAN_POINT('Ctrl Pts',(6.14210526498792,-31.4732258795575,-125.232726025294));
#4166=CARTESIAN_POINT('Ctrl Pts',(6.15059444678794,-31.5146340248456,-125.108309201374));
#4167=CARTESIAN_POINT('Ctrl Pts',(6.15904830690425,-31.5950561737943,-124.868721082611));
#4168=CARTESIAN_POINT('Ctrl Pts',(6.15901298522053,-31.6340701774549,-124.753549787767));
#4169=CARTESIAN_POINT('Ctrl Pts',(6.15866276424903,-31.6724829094023,-124.642647789262));
#4170=CARTESIAN_POINT('Ctrl Pts',(-5.96905277571605,-32.6459246465506,-125.387534620221));
#4171=CARTESIAN_POINT('Ctrl Pts',(-5.96591122380491,-32.6545931635936,-125.535139207164));
#4172=CARTESIAN_POINT('Ctrl Pts',(-5.96158601360528,-32.670276835004,-125.690867485144));
#4173=CARTESIAN_POINT('Ctrl Pts',(-5.94419426872286,-32.7116273674494,-126.022784649531));
#4174=CARTESIAN_POINT('Ctrl Pts',(-5.93112773404007,-32.7372942284844,-126.198973535939));
#4175=CARTESIAN_POINT('Ctrl Pts',(-5.86925513140765,-32.8231989173604,-126.764550947338));
#4176=CARTESIAN_POINT('Ctrl Pts',(-5.65481793180661,-33.0306247181975,-128.04374877884));
#4177=CARTESIAN_POINT('Ctrl Pts',(-4.46152215308544,-33.3115893550641,-131.168753789518));
#4178=CARTESIAN_POINT('Ctrl Pts',(-2.19214646596522,-33.4190903448491,-131.938764338387));
#4179=CARTESIAN_POINT('Ctrl Pts',(1.66533453693773E-15,-33.4320301808702,
-131.903466281617));
#4180=CARTESIAN_POINT('Ctrl Pts',(2.19214646596522,-33.4190903448491,-131.938764338387));
#4181=CARTESIAN_POINT('Ctrl Pts',(4.46152215308544,-33.3115893550641,-131.168753789518));
#4182=CARTESIAN_POINT('Ctrl Pts',(5.65481793180661,-33.0306247181975,-128.043748778839));
#4183=CARTESIAN_POINT('Ctrl Pts',(5.86925513140765,-32.8231989173604,-126.764550947338));
#4184=CARTESIAN_POINT('Ctrl Pts',(5.93112773404007,-32.7372942284844,-126.198973535939));
#4185=CARTESIAN_POINT('Ctrl Pts',(5.94419426872287,-32.7116273674494,-126.022784649531));
#4186=CARTESIAN_POINT('Ctrl Pts',(5.96158601360529,-32.6702768350041,-125.690867485144));
#4187=CARTESIAN_POINT('Ctrl Pts',(5.96591122380491,-32.6545931635936,-125.535139207164));
#4188=CARTESIAN_POINT('Ctrl Pts',(5.96905277571605,-32.6459246465506,-125.387534620221));
#4189=CARTESIAN_POINT('Ctrl Pts',(-5.9785261018195,-34.7082366500822,-126.339989026162));
#4190=CARTESIAN_POINT('Ctrl Pts',(-5.97873265633778,-34.724835817472,-126.487194932784));
#4191=CARTESIAN_POINT('Ctrl Pts',(-5.97875854525822,-34.7416586598578,-126.637447622565));
#4192=CARTESIAN_POINT('Ctrl Pts',(-5.96872507502148,-34.7744624237138,-126.951180421638));
#4193=CARTESIAN_POINT('Ctrl Pts',(-5.95866571586431,-34.7904433451839,-127.114660530929));
#4194=CARTESIAN_POINT('Ctrl Pts',(-5.8987738909535,-34.8351893218591,-127.635642767851));
#4195=CARTESIAN_POINT('Ctrl Pts',(-5.66013525137468,-34.9118941242693,-128.799774877893));
#4196=CARTESIAN_POINT('Ctrl Pts',(-4.08469422370859,-34.898443452456,-131.778864433687));
#4197=CARTESIAN_POINT('Ctrl Pts',(-2.04973779273519,-35.6891346824562,-132.534035966882));
#4198=CARTESIAN_POINT('Ctrl Pts',(1.66533453693773E-15,-35.5898632516975,
-132.547477890251));
#4199=CARTESIAN_POINT('Ctrl Pts',(2.04973779273519,-35.6891346824563,-132.534035966882));
#4200=CARTESIAN_POINT('Ctrl Pts',(4.0846942237086,-34.898443452456,-131.778864433687));
#4201=CARTESIAN_POINT('Ctrl Pts',(5.66013525137469,-34.9118941242693,-128.799774877893));
#4202=CARTESIAN_POINT('Ctrl Pts',(5.8987738909535,-34.8351893218591,-127.635642767851));
#4203=CARTESIAN_POINT('Ctrl Pts',(5.95866571586431,-34.7904433451839,-127.114660530929));
#4204=CARTESIAN_POINT('Ctrl Pts',(5.96872507502148,-34.7744624237137,-126.951180421638));
#4205=CARTESIAN_POINT('Ctrl Pts',(5.97875854525821,-34.7416586598578,-126.637447622565));
#4206=CARTESIAN_POINT('Ctrl Pts',(5.97873265633777,-34.724835817472,-126.487194932784));
#4207=CARTESIAN_POINT('Ctrl Pts',(5.97852610181949,-34.7082366500822,-126.339989026162));
#4208=CARTESIAN_POINT('Ctrl Pts',(-5.98208846511659,-35.9088632221231,-127.18217932979));
#4209=CARTESIAN_POINT('Ctrl Pts',(-5.97655935237336,-35.9205843350019,-127.333139288578));
#4210=CARTESIAN_POINT('Ctrl Pts',(-5.9683876310706,-35.9439628092679,-127.50172459442));
#4211=CARTESIAN_POINT('Ctrl Pts',(-5.94214384842493,-36.0138634253841,-127.873009114533));
#4212=CARTESIAN_POINT('Ctrl Pts',(-5.92407178708206,-36.0603855672344,-128.075708328805));
#4213=CARTESIAN_POINT('Ctrl Pts',(-5.8480824086116,-36.2344109113772,-128.733271655746));
#4214=CARTESIAN_POINT('Ctrl Pts',(-5.60901087390362,-36.7202972740298,-130.246261046134));
#4215=CARTESIAN_POINT('Ctrl Pts',(-4.49818705195843,-38.2090229388907,-133.689016571915));
#4216=CARTESIAN_POINT('Ctrl Pts',(-2.27432956222305,-39.2037572677721,-135.109747970504));
#4217=CARTESIAN_POINT('Ctrl Pts',(1.11022302462516E-15,-39.0868530291786,
-135.058866469215));
#4218=CARTESIAN_POINT('Ctrl Pts',(2.27432956222306,-39.2037572677721,-135.109747970504));
#4219=CARTESIAN_POINT('Ctrl Pts',(4.49818705195843,-38.2090229388906,-133.689016571915));
#4220=CARTESIAN_POINT('Ctrl Pts',(5.60901087390362,-36.7202972740297,-130.246261046134));
#4221=CARTESIAN_POINT('Ctrl Pts',(5.8480824086116,-36.2344109113772,-128.733271655746));
#4222=CARTESIAN_POINT('Ctrl Pts',(5.92407178708206,-36.0603855672344,-128.075708328805));
#4223=CARTESIAN_POINT('Ctrl Pts',(5.94214384842494,-36.0138634253841,-127.873009114533));
#4224=CARTESIAN_POINT('Ctrl Pts',(5.96838763107061,-35.9439628092679,-127.50172459442));
#4225=CARTESIAN_POINT('Ctrl Pts',(5.97655935237337,-35.9205843350019,-127.333139288578));
#4226=CARTESIAN_POINT('Ctrl Pts',(5.98208846511661,-35.9088632221232,-127.18217932979));
#4227=CARTESIAN_POINT('Ctrl Pts',(-5.97302996958098,-36.5370359573843,-128.049483074914));
#4228=CARTESIAN_POINT('Ctrl Pts',(-5.97099308762055,-36.5731706644656,-128.213521829905));
#4229=CARTESIAN_POINT('Ctrl Pts',(-5.96832425992415,-36.634032864672,-128.396733198063));
#4230=CARTESIAN_POINT('Ctrl Pts',(-5.95412326175527,-36.7946833832822,-128.80134324392));
#4231=CARTESIAN_POINT('Ctrl Pts',(-5.94259109128279,-36.894471701686,-129.022741921618));
#4232=CARTESIAN_POINT('Ctrl Pts',(-5.88330038874501,-37.236432532114,-129.743982043833));
#4233=CARTESIAN_POINT('Ctrl Pts',(-5.66594221918811,-38.0907376938365,-131.414638644737));
#4234=CARTESIAN_POINT('Ctrl Pts',(-4.35382770260466,-39.7347650511987,-135.330473087628));
#4235=CARTESIAN_POINT('Ctrl Pts',(-2.01932306695049,-40.7059444090225,-136.636431509785));
#4236=CARTESIAN_POINT('Ctrl Pts',(1.38777878078145E-15,-40.7625355693067,
-136.584359115707));
#4237=CARTESIAN_POINT('Ctrl Pts',(2.01932306695049,-40.7059444090225,-136.636431509785));
#4238=CARTESIAN_POINT('Ctrl Pts',(4.35382770260467,-39.7347650511986,-135.330473087627));
#4239=CARTESIAN_POINT('Ctrl Pts',(5.66594221918811,-38.0907376938365,-131.414638644737));
#4240=CARTESIAN_POINT('Ctrl Pts',(5.88330038874501,-37.236432532114,-129.743982043833));
#4241=CARTESIAN_POINT('Ctrl Pts',(5.94259109128279,-36.894471701686,-129.022741921618));
#4242=CARTESIAN_POINT('Ctrl Pts',(5.95412326175527,-36.7946833832822,-128.80134324392));
#4243=CARTESIAN_POINT('Ctrl Pts',(5.96832425992415,-36.6340328646721,-128.396733198063));
#4244=CARTESIAN_POINT('Ctrl Pts',(5.97099308762055,-36.5731706644656,-128.213521829905));
#4245=CARTESIAN_POINT('Ctrl Pts',(5.97302996958098,-36.5370359573843,-128.049483074914));
#4246=CARTESIAN_POINT('Ctrl Pts',(-5.97302420702869,-36.8640199641417,-128.458557053461));
#4247=CARTESIAN_POINT('Ctrl Pts',(-5.97264036322385,-36.907681917765,-128.617426558458));
#4248=CARTESIAN_POINT('Ctrl Pts',(-5.97241476946322,-36.9795943323673,-128.797562365512));
#4249=CARTESIAN_POINT('Ctrl Pts',(-5.96301450288446,-37.1734320973897,-129.206695180639));
#4250=CARTESIAN_POINT('Ctrl Pts',(-5.95363357899151,-37.2926825861659,-129.432230525383));
#4251=CARTESIAN_POINT('Ctrl Pts',(-5.90060842697035,-37.6984925873743,-130.171192838381));
#4252=CARTESIAN_POINT('Ctrl Pts',(-5.6915294812958,-38.7118226049617,-131.905903705026));
#4253=CARTESIAN_POINT('Ctrl Pts',(-4.26558344612744,-40.4133749512538,-136.00589489619));
#4254=CARTESIAN_POINT('Ctrl Pts',(-1.89174644393878,-41.3758513922598,-137.242159049807));
#4255=CARTESIAN_POINT('Ctrl Pts',(1.31838984174237E-15,-41.5081179658343,
-137.195697864004));
#4256=CARTESIAN_POINT('Ctrl Pts',(1.89174644393878,-41.3758513922598,-137.242159049807));
#4257=CARTESIAN_POINT('Ctrl Pts',(4.26558344612745,-40.4133749512538,-136.00589489619));
#4258=CARTESIAN_POINT('Ctrl Pts',(5.69152948129581,-38.7118226049617,-131.905903705026));
#4259=CARTESIAN_POINT('Ctrl Pts',(5.90060842697035,-37.6984925873743,-130.171192838381));
#4260=CARTESIAN_POINT('Ctrl Pts',(5.95363357899151,-37.2926825861659,-129.432230525383));
#4261=CARTESIAN_POINT('Ctrl Pts',(5.96301450288446,-37.1734320973897,-129.206695180639));
#4262=CARTESIAN_POINT('Ctrl Pts',(5.97241476946322,-36.9795943323673,-128.797562365512));
#4263=CARTESIAN_POINT('Ctrl Pts',(5.97264036322385,-36.9076819177651,-128.617426558458));
#4264=CARTESIAN_POINT('Ctrl Pts',(5.97302420702869,-36.8640199641417,-128.458557053462));
#4265=CARTESIAN_POINT('Ctrl Pts',(-5.9734467156802,-36.9664678828584,-128.581377746537));
#4266=CARTESIAN_POINT('Ctrl Pts',(-5.97359826500733,-37.0179142529536,-128.744148170901));
#4267=CARTESIAN_POINT('Ctrl Pts',(-5.97446530516163,-37.0948692282645,-128.923392898933));
#4268=CARTESIAN_POINT('Ctrl Pts',(-5.96646183900485,-37.2977381246186,-129.332009971549));
#4269=CARTESIAN_POINT('Ctrl Pts',(-5.95790314085105,-37.4214911942306,-129.557441934065));
#4270=CARTESIAN_POINT('Ctrl Pts',(-5.90632761440523,-37.8460208132764,-130.300572369982));
#4271=CARTESIAN_POINT('Ctrl Pts',(-5.69957883357594,-38.9081616922071,-132.054171435287));
#4272=CARTESIAN_POINT('Ctrl Pts',(-4.23349126366832,-40.6255347252558,-136.206817757495));
#4273=CARTESIAN_POINT('Ctrl Pts',(-1.84920867370564,-41.5856226221076,-137.417799191545));
#4274=CARTESIAN_POINT('Ctrl Pts',(1.31838984174237E-15,-41.7412689524207,
-137.374242850944));
#4275=CARTESIAN_POINT('Ctrl Pts',(1.84920867370564,-41.5856226221077,-137.417799191545));
#4276=CARTESIAN_POINT('Ctrl Pts',(4.23349126366832,-40.6255347252558,-136.206817757495));
#4277=CARTESIAN_POINT('Ctrl Pts',(5.69957883357594,-38.9081616922071,-132.054171435286));
#4278=CARTESIAN_POINT('Ctrl Pts',(5.90632761440524,-37.8460208132764,-130.300572369982));
#4279=CARTESIAN_POINT('Ctrl Pts',(5.95790314085106,-37.4214911942306,-129.557441934065));
#4280=CARTESIAN_POINT('Ctrl Pts',(5.96646183900485,-37.2977381246186,-129.332009971549));
#4281=CARTESIAN_POINT('Ctrl Pts',(5.97446530516163,-37.0948692282645,-128.923392898933));
#4282=CARTESIAN_POINT('Ctrl Pts',(5.97359826500733,-37.0179142529536,-128.744148170901));
#4283=CARTESIAN_POINT('Ctrl Pts',(5.97344671568021,-36.9664678828584,-128.581377746538));
#4284=CARTESIAN_POINT('Ctrl Pts',(-5.97514059198779,-37.1582702198867,-128.799944533143));
#4285=CARTESIAN_POINT('Ctrl Pts',(-5.97631289780266,-37.2278502114859,-128.964877654848));
#4286=CARTESIAN_POINT('Ctrl Pts',(-5.97901496526542,-37.3124636680106,-129.137866268132));
#4287=CARTESIAN_POINT('Ctrl Pts',(-5.97307402058646,-37.5300812448963,-129.538070137596));
#4288=CARTESIAN_POINT('Ctrl Pts',(-5.96531278111166,-37.6622082584715,-129.763015987392));
#4289=CARTESIAN_POINT('Ctrl Pts',(-5.91579237808936,-38.1170883134425,-130.510477759675));
#4290=CARTESIAN_POINT('Ctrl Pts',(-5.71180483365319,-39.2608444803656,-132.29589819581));
#4291=CARTESIAN_POINT('Ctrl Pts',(-4.17217613691388,-41.0205182946422,-136.522250110104));
#4292=CARTESIAN_POINT('Ctrl Pts',(-1.77492315546735,-41.9814214106076,-137.690793017513));
#4293=CARTESIAN_POINT('Ctrl Pts',(1.38777878078145E-15,-42.1731779145575,
-137.65511071793));
#4294=CARTESIAN_POINT('Ctrl Pts',(1.77492315546735,-41.9814214106075,-137.690793017513));
#4295=CARTESIAN_POINT('Ctrl Pts',(4.17217613691389,-41.0205182946422,-136.522250110104));
#4296=CARTESIAN_POINT('Ctrl Pts',(5.71180483365319,-39.2608444803656,-132.29589819581));
#4297=CARTESIAN_POINT('Ctrl Pts',(5.91579237808936,-38.1170883134425,-130.510477759675));
#4298=CARTESIAN_POINT('Ctrl Pts',(5.96531278111166,-37.6622082584715,-129.763015987392));
#4299=CARTESIAN_POINT('Ctrl Pts',(5.97307402058646,-37.5300812448963,-129.538070137596));
#4300=CARTESIAN_POINT('Ctrl Pts',(5.97901496526542,-37.3124636680106,-129.137866268132));
#4301=CARTESIAN_POINT('Ctrl Pts',(5.97631289780266,-37.2278502114859,-128.964877654848));
#4302=CARTESIAN_POINT('Ctrl Pts',(5.97514059198779,-37.1582702198867,-128.799944533143));
#4303=CARTESIAN_POINT('Ctrl Pts',(-5.97641195964387,-37.2476246381984,-128.895690626673));
#4304=CARTESIAN_POINT('Ctrl Pts',(-5.97803333563177,-37.3274271139927,-129.067140204761));
#4305=CARTESIAN_POINT('Ctrl Pts',(-5.98289174477293,-37.4126376558905,-129.223486185646));
#4306=CARTESIAN_POINT('Ctrl Pts',(-5.97758282480984,-37.6341026541382,-129.613243817648));
#4307=CARTESIAN_POINT('Ctrl Pts',(-5.96717407209857,-37.7726146193895,-129.841672570976));
#4308=CARTESIAN_POINT('Ctrl Pts',(-5.9195379543386,-38.2406275877065,-130.591003617769));
#4309=CARTESIAN_POINT('Ctrl Pts',(-5.7159814814503,-39.4171881812788,-132.389357226074));
#4310=CARTESIAN_POINT('Ctrl Pts',(-4.14295319261857,-41.2033420900268,-136.636759601408));
#4311=CARTESIAN_POINT('Ctrl Pts',(-1.7431754074622,-42.1674489692597,-137.788146701744));
#4312=CARTESIAN_POINT('Ctrl Pts',(1.2490009027033E-15,-42.3719358901079,
-137.757433597976));
#4313=CARTESIAN_POINT('Ctrl Pts',(1.7431754074622,-42.1674489692597,-137.788146701744));
#4314=CARTESIAN_POINT('Ctrl Pts',(4.14295319261858,-41.2033420900267,-136.636759601408));
#4315=CARTESIAN_POINT('Ctrl Pts',(5.7159814814503,-39.4171881812788,-132.389357226074));
#4316=CARTESIAN_POINT('Ctrl Pts',(5.9195379543386,-38.2406275877065,-130.591003617769));
#4317=CARTESIAN_POINT('Ctrl Pts',(5.96717407209857,-37.7726146193895,-129.841672570976));
#4318=CARTESIAN_POINT('Ctrl Pts',(5.97758282480984,-37.6341026541382,-129.613243817648));
#4319=CARTESIAN_POINT('Ctrl Pts',(5.98289174477293,-37.4126376558905,-129.223486185646));
#4320=CARTESIAN_POINT('Ctrl Pts',(5.97803333563178,-37.3274271139928,-129.067140204761));
#4321=CARTESIAN_POINT('Ctrl Pts',(5.97641195964387,-37.2476246381984,-128.895690626673));
#4322=CARTESIAN_POINT('Ctrl Pts',(-5.97782588184853,-37.3446432664321,-128.995882875022));
#4323=CARTESIAN_POINT('Ctrl Pts',(-5.97989591725365,-37.4289117104622,-129.15221421355));
#4324=CARTESIAN_POINT('Ctrl Pts',(-5.9835776124114,-37.5120206980725,-129.299071511635));
#4325=CARTESIAN_POINT('Ctrl Pts',(-5.97797058652452,-37.7299302239264,-129.662860656849));
#4326=CARTESIAN_POINT('Ctrl Pts',(-5.96868186547988,-37.8647307621699,-129.879792503979));
#4327=CARTESIAN_POINT('Ctrl Pts',(-5.92136007804242,-38.3466697028504,-130.635699868938));
#4328=CARTESIAN_POINT('Ctrl Pts',(-5.71676515985347,-39.5442257123229,-132.443494846176));
#4329=CARTESIAN_POINT('Ctrl Pts',(-4.11927691678714,-41.3708734328104,-136.689073464258));
#4330=CARTESIAN_POINT('Ctrl Pts',(-1.72222991091428,-42.3432639546141,-137.833482966738));
#4331=CARTESIAN_POINT('Ctrl Pts',(1.11022302462516E-15,-42.5516773335451,
-137.808768966952));
#4332=CARTESIAN_POINT('Ctrl Pts',(1.72222991091428,-42.3432639546141,-137.833482966738));
#4333=CARTESIAN_POINT('Ctrl Pts',(4.11927691678715,-41.3708734328104,-136.689073464258));
#4334=CARTESIAN_POINT('Ctrl Pts',(5.71676515985347,-39.5442257123229,-132.443494846176));
#4335=CARTESIAN_POINT('Ctrl Pts',(5.92136007804242,-38.3466697028504,-130.635699868938));
#4336=CARTESIAN_POINT('Ctrl Pts',(5.96868186547988,-37.86473076217,-129.879792503979));
#4337=CARTESIAN_POINT('Ctrl Pts',(5.97797058652452,-37.7299302239264,-129.662860656849));
#4338=CARTESIAN_POINT('Ctrl Pts',(5.9835776124114,-37.5120206980725,-129.299071511635));
#4339=CARTESIAN_POINT('Ctrl Pts',(5.97989591725365,-37.4289117104622,-129.15221421355));
#4340=CARTESIAN_POINT('Ctrl Pts',(5.97782588184853,-37.3446432664321,-128.995882875022));
#4341=CARTESIAN_POINT('',(-1.21430643318376E-16,-42.4822062072347,-137.817006966881));
#4342=CARTESIAN_POINT('Ctrl Pts',(-7.52491323398523E-16,-42.4822062072348,
-137.817006966881));
#4343=CARTESIAN_POINT('Ctrl Pts',(-7.43379809961744E-16,-42.438156150877,
-137.804827361544));
#4344=CARTESIAN_POINT('Ctrl Pts',(-6.9137531404754E-16,-42.3933500203682,
-137.789585498832));
#4345=CARTESIAN_POINT('Ctrl Pts',(-6.87712048074003E-16,-42.3477409317118,
-137.77152054509));
#4346=CARTESIAN_POINT('Ctrl Pts',(-3.04668983949123E-15,-42.3005077684072,
-137.75281232409));
#4347=CARTESIAN_POINT('Ctrl Pts',(-6.77107112602109E-16,-42.2524134933553,
-137.731076124147));
#4348=CARTESIAN_POINT('Ctrl Pts',(-6.70791934674928E-16,-42.2033898185824,
-137.706521453825));
#4349=CARTESIAN_POINT('Ctrl Pts',(-7.06860988729082E-16,-42.1524281992637,
-137.68099611801));
#4350=CARTESIAN_POINT('Ctrl Pts',(2.08281599923809E-16,-42.1004623229759,
-137.652424781088));
#4351=CARTESIAN_POINT('Ctrl Pts',(2.15553522528852E-16,-42.0473972797799,
-137.620987426264));
#4352=CARTESIAN_POINT('Ctrl Pts',(-7.09165750610601E-16,-41.9919264312685,
-137.588124798779));
#4353=CARTESIAN_POINT('Ctrl Pts',(-1.51287649976695E-15,-41.9352546081188,
-137.552130029568));
#4354=CARTESIAN_POINT('Ctrl Pts',(-2.3376505767483E-15,-41.8772523616047,
-137.513154401776));
#4355=CARTESIAN_POINT('Ctrl Pts',(-4.79081211901613E-15,-41.816110027926,
-137.472068737288));
#4356=CARTESIAN_POINT('Ctrl Pts',(-3.60712471232174E-16,-41.7534895113895,
-137.427670237469));
#4357=CARTESIAN_POINT('Ctrl Pts',(-3.7083747532618E-16,-41.6892138409486,
-137.380083623552));
#4358=CARTESIAN_POINT('Ctrl Pts',(-3.24831011415001E-15,-41.6178742085799,
-137.327267192091));
#4359=CARTESIAN_POINT('Ctrl Pts',(-3.93752405135461E-16,-41.5444962254176,
-137.270522825866));
#4360=CARTESIAN_POINT('Ctrl Pts',(-4.05736536667061E-16,-41.4688008054102,
-137.209965674679));
#4361=CARTESIAN_POINT('Ctrl Pts',(-8.03666153186385E-16,-41.3882836249539,
-137.145551063205));
#4362=CARTESIAN_POINT('Ctrl Pts',(-5.4974423313511E-16,-41.305144872107,
-137.076820608197));
#4363=CARTESIAN_POINT('Ctrl Pts',(-5.62813002920811E-16,-41.2190001121812,
-137.003872894047));
#4364=CARTESIAN_POINT('Ctrl Pts',(-8.43160307514359E-16,-41.1345667430986,
-136.932374392248));
#4365=CARTESIAN_POINT('Ctrl Pts',(-5.73157830808838E-16,-41.0472455175169,
-136.856821996662));
#4366=CARTESIAN_POINT('Ctrl Pts',(-5.58283420509803E-16,-40.9566271999062,
-136.777305208909));
#4367=CARTESIAN_POINT('Ctrl Pts',(-8.05055388731515E-16,-40.8742476705344,
-136.705017886379));
#4368=CARTESIAN_POINT('Ctrl Pts',(-5.20973834591408E-16,-40.789142811827,
-136.629452678891));
#4369=CARTESIAN_POINT('Ctrl Pts',(-4.89384023155892E-16,-40.7009708572949,
-136.550701948383));
#4370=CARTESIAN_POINT('Ctrl Pts',(1.92081242564889E-16,-40.6216256061868,
-136.479834782965));
#4371=CARTESIAN_POINT('Ctrl Pts',(-4.26207130739363E-16,-40.5397962176661,
-136.406387234746));
#4372=CARTESIAN_POINT('Ctrl Pts',(-3.8727670989498E-16,-40.45521039192,
-136.330462513631));
#4373=CARTESIAN_POINT('Ctrl Pts',(-3.34679130170615E-15,-40.3776933182229,
-136.260882744797));
#4374=CARTESIAN_POINT('Ctrl Pts',(-3.12409152724822E-16,-40.2978610407808,
-136.189222116735));
#4375=CARTESIAN_POINT('Ctrl Pts',(-2.71698027989106E-16,-40.2154872817731,
-136.115599351181));
#4376=CARTESIAN_POINT('Ctrl Pts',(-3.26131950511604E-15,-40.1370789003359,
-136.045520700485));
#4377=CARTESIAN_POINT('Ctrl Pts',(-1.92814463834676E-16,-40.0563677444649,
-135.973663784193));
#4378=CARTESIAN_POINT('Ctrl Pts',(-1.53385967800626E-16,-39.9731448524467,
-135.900174780302));
#4379=CARTESIAN_POINT('Ctrl Pts',(-3.49123732311074E-16,-39.895051546112,
-135.831215397205));
#4380=CARTESIAN_POINT('Ctrl Pts',(-8.00077473467301E-17,-39.8147464893212,
-135.76081867218));
#4381=CARTESIAN_POINT('Ctrl Pts',(-4.63284103717177E-17,-39.7320459564685,
-135.689149819498));
#4382=CARTESIAN_POINT('Ctrl Pts',(-2.67464220136757E-16,-39.6923696837007,
-135.654766087618));
#4383=CARTESIAN_POINT('Ctrl Pts',(-1.46397366789934E-17,-39.6521418888257,
-135.620090252637));
#4384=CARTESIAN_POINT('Ctrl Pts',(-2.26797510251042E-30,-39.6113413902601,
-135.585144815279));
#4385=CARTESIAN_POINT('Ctrl Pts',(-1.58040459657493E-16,-39.5242715960264,
-135.510569941266));
#4386=CARTESIAN_POINT('Ctrl Pts',(-7.49916599051064E-17,-39.4345908138599,
-135.434765542404));
#4387=CARTESIAN_POINT('Ctrl Pts',(-5.8827288053342E-17,-39.3423063151495,
-135.357813981964));
#4388=CARTESIAN_POINT('Ctrl Pts',(-9.93243557587876E-17,-39.2542957932428,
-135.284426283157));
#4389=CARTESIAN_POINT('Ctrl Pts',(-3.1219355116941E-17,-39.1639168655753,
-135.209995058618));
#4390=CARTESIAN_POINT('Ctrl Pts',(-2.22148095757436E-17,-39.0712068407046,
-135.13462460989));
#4391=CARTESIAN_POINT('Ctrl Pts',(-6.66866887684438E-17,-38.9823586165857,
-135.062393688478));
#4392=CARTESIAN_POINT('Ctrl Pts',(-7.88396683307717E-18,-38.8913692071714,
-134.98930001081));
#4393=CARTESIAN_POINT('Ctrl Pts',(-5.04595187700222E-18,-38.7983043360084,
-134.915468510077));
#4394=CARTESIAN_POINT('Ctrl Pts',(-5.63397881878867E-17,-38.708777535902,
-134.844443880428));
#4395=CARTESIAN_POINT('Ctrl Pts',(-2.23592015293247E-18,-38.6173298586716,
-134.772736322611));
#4396=CARTESIAN_POINT('Ctrl Pts',(-4.71086063023821E-18,-38.5240542608817,
-134.700490449384));
#4397=CARTESIAN_POINT('Ctrl Pts',(-6.49185017097907E-17,-38.4357480474703,
-134.632093573348));
#4398=CARTESIAN_POINT('Ctrl Pts',(-1.16871357559455E-17,-38.3458034144035,
-134.56321419498));
#4399=CARTESIAN_POINT('Ctrl Pts',(-1.84906097219143E-17,-38.2543326884776,
-134.49400648711));
#4400=CARTESIAN_POINT('Ctrl Pts',(-8.89158784531438E-17,-38.1653260549983,
-134.426663137356));
#4401=CARTESIAN_POINT('Ctrl Pts',(1.80144308724176E-15,-38.0748742343879,
-134.359008765447));
#4402=CARTESIAN_POINT('Ctrl Pts',(1.7891855622399E-15,-37.9831155721393,
-134.291217414529));
#4403=CARTESIAN_POINT('Ctrl Pts',(1.80571431110355E-15,-37.8937040036758,
-134.225160097811));
#4404=CARTESIAN_POINT('Ctrl Pts',(1.763164647511E-15,-37.8030513935893,
-134.158972580868));
#4405=CARTESIAN_POINT('Ctrl Pts',(1.74719751823173E-15,-37.7113222667067,
-134.092848753576));
#4406=CARTESIAN_POINT('Ctrl Pts',(1.75281961857916E-15,-37.6226512297377,
-134.028929379942));
#4407=CARTESIAN_POINT('Ctrl Pts',(1.71456131249052E-15,-37.5329741290964,
-133.965069441079));
#4408=CARTESIAN_POINT('Ctrl Pts',(1.69587263474394E-15,-37.4424764476201,
-133.901476686088));
#4409=CARTESIAN_POINT('Ctrl Pts',(1.70831401197284E-15,-37.4273811474155,
-133.890869212927));
#4410=CARTESIAN_POINT('Ctrl Pts',(5.82912101080505E-16,-37.4122631043184,
-133.88026925118));
#4411=CARTESIAN_POINT('Ctrl Pts',(-2.19397751210415E-16,-37.3971232876151,
-133.869677859877));
#4412=CARTESIAN_POINT('Ctrl Pts',(7.39562470124097E-16,-37.3910338553294,
-133.865417863775));
#4413=CARTESIAN_POINT('Ctrl Pts',(1.68381916412535E-15,-37.384940900976,
-133.861159254477));
#4414=CARTESIAN_POINT('Ctrl Pts',(1.68251999124113E-15,-37.3788444891125,
-133.856902102188));
#4415=CARTESIAN_POINT('Ctrl Pts',(1.69490105219095E-15,-37.3712542448923,
-133.851601799931));
#4416=CARTESIAN_POINT('Ctrl Pts',(1.6792783041551E-15,-37.3636735030813,
-133.846314139429));
#4417=CARTESIAN_POINT('Ctrl Pts',(1.67764984861341E-15,-37.3561119495381,
-133.841045832173));
#4418=CARTESIAN_POINT('Ctrl Pts',(1.66648371677649E-15,-37.2542474113994,
-133.77007447922));
#4419=CARTESIAN_POINT('Ctrl Pts',(1.63289219373913E-15,-37.1553102857654,
-133.702226263364));
#4420=CARTESIAN_POINT('Ctrl Pts',(1.60985774604636E-15,-37.0592912460006,
-133.637375638246));
#4421=CARTESIAN_POINT('Ctrl Pts',(1.5880743475573E-15,-36.9548023098765,
-133.566804501083));
#4422=CARTESIAN_POINT('Ctrl Pts',(1.55947078449564E-15,-36.8537684435676,
-133.499782509048));
#4423=CARTESIAN_POINT('Ctrl Pts',(1.53456079814433E-15,-36.7561180910234,
-133.436130812699));
#4424=CARTESIAN_POINT('Ctrl Pts',(1.50304652156174E-15,-36.6424727498822,
-133.36205305919));
#4425=CARTESIAN_POINT('Ctrl Pts',(1.47713765350551E-15,-36.5334096119629,
-133.292538975282));
#4426=CARTESIAN_POINT('Ctrl Pts',(1.45004663226189E-15,-36.4287462168472,
-133.227298842046));
#4427=CARTESIAN_POINT('Ctrl Pts',(1.41458988899781E-15,-36.3105642548426,
-133.153632141871));
#4428=CARTESIAN_POINT('Ctrl Pts',(1.39057502279847E-15,-36.1979897768152,
-133.085412303307));
#4429=CARTESIAN_POINT('Ctrl Pts',(1.36422919371228E-15,-36.0907005933038,
-133.022243424523));
#4430=CARTESIAN_POINT('Ctrl Pts',(1.35107035547873E-15,-36.0454192814714,
-132.995583051084));
#4431=CARTESIAN_POINT('Ctrl Pts',(1.34243922886663E-15,-36.0010789655527,
-132.969822852472));
#4432=CARTESIAN_POINT('Ctrl Pts',(1.33226762955019E-15,-35.9576544002322,
-132.9449357018));
#4433=CARTESIAN_POINT('Ctrl Pts',(1.31598767792906E-15,-35.895102305863,
-132.90908632977));
#4434=CARTESIAN_POINT('Ctrl Pts',(1.29273729173746E-15,-35.8344476716418,
-132.875045274167));
#4435=CARTESIAN_POINT('Ctrl Pts',(1.28124842646442E-15,-35.7753981626835,
-132.842498008564));
#4436=CARTESIAN_POINT('Ctrl Pts',(1.2714619249654E-15,-35.7111896485516,
-132.807107171276));
#4437=CARTESIAN_POINT('Ctrl Pts',(1.25728979197222E-15,-35.6488789391264,
-132.773482535284));
#4438=CARTESIAN_POINT('Ctrl Pts',(1.24677531711152E-15,-35.5881291935121,
-132.741270797165));
#4439=CARTESIAN_POINT('Ctrl Pts',(1.23087110307409E-15,-35.5243614698762,
-132.707458816662));
#4440=CARTESIAN_POINT('Ctrl Pts',(1.22575001179451E-15,-35.4623139163309,
-132.675204011521));
#4441=CARTESIAN_POINT('Ctrl Pts',(1.21674025192652E-15,-35.4016361515691,
-132.644148150527));
#4442=CARTESIAN_POINT('Ctrl Pts',(1.19534491975561E-15,-35.336494044602,
-132.610807367017));
#4443=CARTESIAN_POINT('Ctrl Pts',(1.19852278586439E-15,-35.2729309448533,
-132.578848861075));
#4444=CARTESIAN_POINT('Ctrl Pts',(1.19104150926249E-15,-35.2105536156885,
-132.547879715633));
#4445=CARTESIAN_POINT('Ctrl Pts',(1.16476055429546E-15,-35.1417686699928,
-132.513729311696));
#4446=CARTESIAN_POINT('Ctrl Pts',(1.17583477182705E-15,-35.0744259439446,
-132.480782592658));
#4447=CARTESIAN_POINT('Ctrl Pts',(1.17011551392117E-15,-35.0080412275323,
-132.448563754699));
#4448=CARTESIAN_POINT('Ctrl Pts',(1.13898000719409E-15,-34.9264841160728,
-132.408981219735));
#4449=CARTESIAN_POINT('Ctrl Pts',(1.15792877046042E-15,-34.8463733755136,
-132.370498615668));
#4450=CARTESIAN_POINT('Ctrl Pts',(1.15459876304242E-15,-34.76686915164,
-132.332293693038));
#4451=CARTESIAN_POINT('Ctrl Pts',(1.12236967115338E-15,-34.7014217097449,
-132.300843609859));
#4452=CARTESIAN_POINT('Ctrl Pts',(1.15035789586844E-15,-34.636387197555,
-132.269584008811));
#4453=CARTESIAN_POINT('Ctrl Pts',(1.15011736735625E-15,-34.5713099664418,
-132.238061460094));
#4454=CARTESIAN_POINT('Ctrl Pts',(1.11723995481615E-15,-34.5428386778297,
-132.22427034503));
#4455=CARTESIAN_POINT('Ctrl Pts',(1.15014834245381E-15,-34.5143592524194,
-132.210428801902));
#4456=CARTESIAN_POINT('Ctrl Pts',(1.15052951872302E-15,-34.4858333594304,
-132.196497874764));
#4457=CARTESIAN_POINT('Ctrl Pts',(1.11656979259207E-15,-34.4702864268663,
-132.188905362767));
#4458=CARTESIAN_POINT('Ctrl Pts',(1.15101779674032E-15,-34.4547256865574,
-132.181286285135));
#4459=CARTESIAN_POINT('Ctrl Pts',(1.15137184877937E-15,-34.4391448786447,
-132.173634199915));
#4460=CARTESIAN_POINT('Ctrl Pts',(1.11666137498396E-15,-34.4306821807916,
-132.169477978651));
#4461=CARTESIAN_POINT('Ctrl Pts',(1.151778183968E-15,-34.4222137105767,
-132.165312076712));
#4462=CARTESIAN_POINT('Ctrl Pts',(1.15201326700146E-15,-34.4137629932284,
-132.161147581548));
#4463=CARTESIAN_POINT('Ctrl Pts',(1.11767282610381E-15,-34.3234826103275,
-132.116657604845));
#4464=CARTESIAN_POINT('Ctrl Pts',(1.15943982037663E-15,-34.2345145389296,
-132.071977568385));
#4465=CARTESIAN_POINT('Ctrl Pts',(1.16666927999621E-15,-34.1454799965842,
-132.025884066361));
#4466=CARTESIAN_POINT('Ctrl Pts',(1.13157034996042E-15,-34.0743141678271,
-131.989041261474));
#4467=CARTESIAN_POINT('Ctrl Pts',(1.17970822857706E-15,-34.0031093647185,
-131.951299291265));
#4468=CARTESIAN_POINT('Ctrl Pts',(1.18848029637047E-15,-33.9311657488938,
-131.912012780696));
#4469=CARTESIAN_POINT('Ctrl Pts',(1.15187212815296E-15,-33.8709078159731,
-131.879107513266));
#4470=CARTESIAN_POINT('Ctrl Pts',(1.20423637645994E-15,-33.8101322849639,
-131.845119314346));
#4471=CARTESIAN_POINT('Ctrl Pts',(1.21376053125357E-15,-33.7484108726095,
-131.80963153768));
#4472=CARTESIAN_POINT('Ctrl Pts',(1.17557247419505E-15,-33.6938152138673,
-131.778240834349));
#4473=CARTESIAN_POINT('Ctrl Pts',(1.23148279030829E-15,-33.6384796924205,
-131.745676985153));
#4474=CARTESIAN_POINT('Ctrl Pts',(1.24171269778453E-15,-33.5820880499084,
-131.711615232139));
#4475=CARTESIAN_POINT('Ctrl Pts',(1.20226389794994E-15,-33.5285586752139,
-131.679282349842));
#4476=CARTESIAN_POINT('Ctrl Pts',(1.26197414726002E-15,-33.4740779589234,
-131.645600141223));
#4477=CARTESIAN_POINT('Ctrl Pts',(1.27343347394384E-15,-33.4183526569699,
-131.610251734839));
#4478=CARTESIAN_POINT('Ctrl Pts',(1.23236693624432E-15,-33.3662003812609,
-131.577169817451));
#4479=CARTESIAN_POINT('Ctrl Pts',(1.2956785030965E-15,-33.3129581418768,
-131.542628676686));
#4480=CARTESIAN_POINT('Ctrl Pts',(1.30806537155129E-15,-33.2583623061578,
-131.506329935989));
#4481=CARTESIAN_POINT('Ctrl Pts',(1.26154545482791E-15,-33.2243199723024,
-131.483696454276));
#4482=CARTESIAN_POINT('Ctrl Pts',(1.32384976047815E-15,-33.1897509039395,
-131.460378860367));
#4483=CARTESIAN_POINT('Ctrl Pts',(1.33226762955016E-15,-33.1545857403738,
-131.43629594628));
#4484=CARTESIAN_POINT('Ctrl Pts',(1.40280659286296E-15,-33.0639066669554,
-131.374194249228));
#4485=CARTESIAN_POINT('Ctrl Pts',(1.2723979464295E-15,-32.9692605657775,
-131.307004389182));
#4486=CARTESIAN_POINT('Ctrl Pts',(1.28883047598364E-15,-32.8703026769244,
-131.234389311668));
#4487=CARTESIAN_POINT('Ctrl Pts',(1.46429832686508E-15,-32.7815010201972,
-131.169226854573));
#4488=CARTESIAN_POINT('Ctrl Pts',(1.32078535944283E-15,-32.6892249297253,
-131.099692373187));
#4489=CARTESIAN_POINT('Ctrl Pts',(1.34017050279552E-15,-32.5932542370539,
-131.025525140184));
#4490=CARTESIAN_POINT('Ctrl Pts',(1.53370546869031E-15,-32.513325239706,
-130.963755110136));
#4491=CARTESIAN_POINT('Ctrl Pts',(1.37397020300669E-15,-32.4308331307785,
-130.898770426307));
#4492=CARTESIAN_POINT('Ctrl Pts',(1.39290170445201E-15,-32.3456860466818,
-130.830433455157));
#4493=CARTESIAN_POINT('Ctrl Pts',(1.60220490472748E-15,-32.2695932586836,
-130.769363241028));
#4494=CARTESIAN_POINT('Ctrl Pts',(1.42775843237339E-15,-32.1913798359748,
-130.70561518994));
#4495=CARTESIAN_POINT('Ctrl Pts',(1.44648571356382E-15,-32.1110155979335,
-130.639113308643));
#4496=CARTESIAN_POINT('Ctrl Pts',(1.66198257849375E-15,-32.0639283655121,
-130.600148345901));
#4497=CARTESIAN_POINT('Ctrl Pts',(1.4687007865433E-15,-32.0161034373076,
-130.560238438489));
#4498=CARTESIAN_POINT('Ctrl Pts',(1.48015326040502E-15,-31.9675420184406,
-130.519373692317));
#4499=CARTESIAN_POINT('Ctrl Pts',(1.69394971780367E-15,-31.9543808650128,
-130.508298497096));
#4500=CARTESIAN_POINT('Ctrl Pts',(1.48637635042699E-15,-31.9411656496952,
-130.497153194171));
#4501=CARTESIAN_POINT('Ctrl Pts',(1.48950962840729E-15,-31.9278964777102,
-130.48593765092));
#4502=CARTESIAN_POINT('Ctrl Pts',(1.70370039628489E-15,-31.9208810743673,
-130.480007999868));
#4503=CARTESIAN_POINT('Ctrl Pts',(1.49282703040608E-15,-31.9138490976218,
-130.474057451385));
#4504=CARTESIAN_POINT('Ctrl Pts',(1.49449080641475E-15,-31.9068053842586,
-130.468090070902));
#4505=CARTESIAN_POINT('Ctrl Pts',(1.70992020571754E-15,-31.8994784608178,
-130.461882756991));
#4506=CARTESIAN_POINT('Ctrl Pts',(1.49795333002413E-15,-31.892147294893,
-130.455664394608));
#4507=CARTESIAN_POINT('Ctrl Pts',(1.49968478892536E-15,-31.8848175724436,
-130.449439859716));
#4508=CARTESIAN_POINT('Ctrl Pts',(1.75200085730265E-15,-31.7544051868674,
-130.338691267267));
#4509=CARTESIAN_POINT('Ctrl Pts',(1.56131272280142E-15,-31.6238390016182,
-130.22546968032));
#4510=CARTESIAN_POINT('Ctrl Pts',(1.59062430475222E-15,-31.4942570187146,
-130.111077050797));
#4511=CARTESIAN_POINT('Ctrl Pts',(1.85429748047351E-15,-31.3814958121854,
-130.011533498259));
#4512=CARTESIAN_POINT('Ctrl Pts',(1.64049397034273E-15,-31.2694802835089,
-129.911104142428));
#4513=CARTESIAN_POINT('Ctrl Pts',(1.66277026421249E-15,-31.1589265534187,
-129.810625904959));
#4514=CARTESIAN_POINT('Ctrl Pts',(1.93150935108729E-15,-31.0565450085695,
-129.717575067439));
#4515=CARTESIAN_POINT('Ctrl Pts',(1.70223958949274E-15,-30.9554173854251,
-129.624482787816));
#4516=CARTESIAN_POINT('Ctrl Pts',(1.71860294931583E-15,-30.8560769907486,
-129.531985273135));
#4517=CARTESIAN_POINT('Ctrl Pts',(1.98597087462048E-15,-30.763657732283,
-129.445932144952));
#4518=CARTESIAN_POINT('Ctrl Pts',(1.74690624435222E-15,-30.6727853811881,
-129.360393972769));
#4519=CARTESIAN_POINT('Ctrl Pts',(1.75734856547203E-15,-30.583855647746,
-129.275853102509));
#4520=CARTESIAN_POINT('Ctrl Pts',(2.01810112969458E-15,-30.4974537977239,
-129.193715359483));
#4521=CARTESIAN_POINT('Ctrl Pts',(1.7751494536624E-15,-30.4128858624368,
-129.112519277297));
#4522=CARTESIAN_POINT('Ctrl Pts',(1.77992100386804E-15,-30.3304799712064,
-129.032674606526));
#4523=CARTESIAN_POINT('Ctrl Pts',(2.02807220642038E-15,-30.2508665667015,
-128.955535630456));
#4524=CARTESIAN_POINT('Ctrl Pts',(1.78644894399274E-15,-30.173271210844,
-128.879658143915));
#4525=CARTESIAN_POINT('Ctrl Pts',(1.78537880344685E-15,-30.0979553534139,
-128.805378186825));
#4526=CARTESIAN_POINT('Ctrl Pts',(2.01616313454771E-15,-30.0352499169117,
-128.743535205923));
#4527=CARTESIAN_POINT('Ctrl Pts',(1.78152647633907E-15,-29.9741240061204,
-128.682799064194));
#4528=CARTESIAN_POINT('Ctrl Pts',(1.77635683940026E-15,-29.9147088937105,
-128.623344180344));
#4529=CARTESIAN_POINT('Ctrl Pts',(1.98701195876827E-15,-29.816533590589,
-128.525103160387));
#4530=CARTESIAN_POINT('Ctrl Pts',(1.91800380611671E-15,-29.7230245729601,
-128.430360365337));
#4531=CARTESIAN_POINT('Ctrl Pts',(1.89816751584516E-15,-29.6338205724796,
-128.339242495733));
#4532=CARTESIAN_POINT('Ctrl Pts',(1.92742610314243E-15,-29.5455264676529,
-128.249054043566));
#4533=CARTESIAN_POINT('Ctrl Pts',(1.85455020117243E-15,-29.4614494495604,
-128.162416898914));
#4534=CARTESIAN_POINT('Ctrl Pts',(1.82752463634599E-15,-29.3812499636017,
-128.079404021577));
#4535=CARTESIAN_POINT('Ctrl Pts',(1.84579210079523E-15,-29.3019446495788,
-127.997316683654));
#4536=CARTESIAN_POINT('Ctrl Pts',(3.64683499017875E-15,-29.2264304518326,
-127.918773122784));
#4537=CARTESIAN_POINT('Ctrl Pts',(3.60922130348235E-15,-29.1543969333829,
-127.843796115865));
#4538=CARTESIAN_POINT('Ctrl Pts',(3.6692115793427E-15,-29.0826275187351,
-127.769094004759));
#4539=CARTESIAN_POINT('Ctrl Pts',(3.53251047729356E-15,-29.0143129464519,
-127.697932207372));
#4540=CARTESIAN_POINT('Ctrl Pts',(3.49262515135621E-15,-28.949169978911,
-127.630287410449));
#4541=CARTESIAN_POINT('Ctrl Pts',(3.54670422602092E-15,-28.8839948771166,
-127.562609245149));
#4542=CARTESIAN_POINT('Ctrl Pts',(3.41216482958387E-15,-28.8219942162911,
-127.498451372194));
#4543=CARTESIAN_POINT('Ctrl Pts',(3.37188701486361E-15,-28.762913131229,
-127.437746777858));
#4544=CARTESIAN_POINT('Ctrl Pts',(3.44548643225288E-15,-28.7375395427679,
-127.411675939911));
#4545=CARTESIAN_POINT('Ctrl Pts',(1.50677621771181E-15,-28.7127048418655,
-127.386241510854));
#4546=CARTESIAN_POINT('Ctrl Pts',(1.49181088180457E-15,-28.6883906528332,
-127.36143585823));
#4547=CARTESIAN_POINT('Ctrl Pts',(1.52192869304798E-15,-28.6811899320701,
-127.354089589035));
#4548=CARTESIAN_POINT('Ctrl Pts',(3.31006102298473E-15,-28.6740348711993,
-127.346798458737));
#4549=CARTESIAN_POINT('Ctrl Pts',(3.30500669901139E-15,-28.6669250121543,
-127.339562246722));
#4550=CARTESIAN_POINT('Ctrl Pts',(3.38947951059512E-15,-28.6604456832555,
-127.33296777033));
#4551=CARTESIAN_POINT('Ctrl Pts',(3.29580333010279E-15,-28.6540030708273,
-127.32641805302));
#4552=CARTESIAN_POINT('Ctrl Pts',(3.29120514690578E-15,-28.6475818434544,
-127.319897739898));
#4553=CARTESIAN_POINT('Ctrl Pts',(3.3372671983497E-15,-28.5899549800656,
-127.261381638277));
#4554=CARTESIAN_POINT('Ctrl Pts',(3.2088294211997E-15,-28.5343592383263,
-127.20554955835));
#4555=CARTESIAN_POINT('Ctrl Pts',(3.16840162416355E-15,-28.480436696597,
-127.152212332024));
#4556=CARTESIAN_POINT('Ctrl Pts',(3.20958639939094E-15,-28.4252889094168,
-127.097663159973));
#4557=CARTESIAN_POINT('Ctrl Pts',(3.08641990361087E-15,-28.3718916849169,
-127.045723222601));
#4558=CARTESIAN_POINT('Ctrl Pts',(3.04698358397188E-15,-28.3199054946257,
-126.99622378607));
#4559=CARTESIAN_POINT('Ctrl Pts',(3.08357764223965E-15,-28.2666906370792,
-126.945554455448));
#4560=CARTESIAN_POINT('Ctrl Pts',(2.96750093319591E-15,-28.2149547718733,
-126.897442010761));
#4561=CARTESIAN_POINT('Ctrl Pts',(2.93012047538629E-15,-28.1643714605222,
-126.851745102007));
#4562=CARTESIAN_POINT('Ctrl Pts',(2.96304782830597E-15,-28.1135087952031,
-126.805795825181));
#4563=CARTESIAN_POINT('Ctrl Pts',(2.85669734963749E-15,-28.0638120089024,
-126.76228858378));
#4564=CARTESIAN_POINT('Ctrl Pts',(2.82309093260038E-15,-28.0149789302557,
-126.721123598656));
#4565=CARTESIAN_POINT('Ctrl Pts',(2.85277858935621E-15,-27.9663496605277,
-126.680130419023));
#4566=CARTESIAN_POINT('Ctrl Pts',(2.75836761080104E-15,-27.9185774583341,
-126.641459774949));
#4567=CARTESIAN_POINT('Ctrl Pts',(2.72981850620287E-15,-27.8713848974161,
-126.605059936631));
#4568=CARTESIAN_POINT('Ctrl Pts',(2.76135704336857E-15,-27.8321433736562,
-126.574792769679));
#4569=CARTESIAN_POINT('Ctrl Pts',(2.69586454531943E-15,-27.7933031401904,
-126.546096440621));
#4570=CARTESIAN_POINT('Ctrl Pts',(8.88178419700167E-16,-27.7547117810102,
-126.518967750059));
#4571=CARTESIAN_POINT('Ctrl Pts',(2.70558254097185E-15,-27.7357678193613,
-126.505650653059));
#4572=CARTESIAN_POINT('Ctrl Pts',(2.75872461855003E-15,-27.7168804820298,
-126.492709718668));
#4573=CARTESIAN_POINT('Ctrl Pts',(2.75101160376301E-15,-27.698075244042,
-126.480141526534));
#4574=CARTESIAN_POINT('Ctrl Pts',(2.62032135838096E-15,-27.5393475804297,
-126.374058329151));
#4575=CARTESIAN_POINT('Ctrl Pts',(2.65375888376765E-15,-27.3860557847327,
-126.294236194006));
#4576=CARTESIAN_POINT('Ctrl Pts',(2.64016963077677E-15,-27.2375858952838,
-126.227183130075));
#4577=CARTESIAN_POINT('Ctrl Pts',(2.56354445538308E-15,-27.1407290143865,
-126.183439912841));
#4578=CARTESIAN_POINT('Ctrl Pts',(1.64912739697178E-14,-27.0459234644237,
-126.145128063364));
#4579=CARTESIAN_POINT('Ctrl Pts',(6.73175969151536E-16,-26.9529925220902,
-126.108515947478));
#4580=CARTESIAN_POINT('Ctrl Pts',(2.56840080462961E-15,-26.9468350328487,
-126.106090073985));
#4581=CARTESIAN_POINT('Ctrl Pts',(2.63367663770831E-15,-26.9406857722279,
-126.10367167533));
#4582=CARTESIAN_POINT('Ctrl Pts',(2.63390432516209E-15,-26.9345446882888,
-126.101259671972));
#4583=CARTESIAN_POINT('Ctrl Pts',(2.56935068478789E-15,-26.9300371134644,
-126.099489253961));
#4584=CARTESIAN_POINT('Ctrl Pts',(2.63424703143662E-15,-26.9255387407275,
-126.097724167633));
#4585=CARTESIAN_POINT('Ctrl Pts',(2.63442997212739E-15,-26.9210628329359,
-126.095969178826));
#4586=CARTESIAN_POINT('Ctrl Pts',(2.57215991494351E-15,-26.8850531064044,
-126.081849882822));
#4587=CARTESIAN_POINT('Ctrl Pts',(2.6378523674894E-15,-26.8502359310751,
-126.068276636102));
#4588=CARTESIAN_POINT('Ctrl Pts',(2.64002029339498E-15,-26.816370327496,
-126.054958469178));
#4589=CARTESIAN_POINT('Ctrl Pts',(2.58191102893821E-15,-26.777699119391,
-126.039750424723));
#4590=CARTESIAN_POINT('Ctrl Pts',(9.15534096117E-16,-26.7402685057596,-126.02487629042));
#4591=CARTESIAN_POINT('Ctrl Pts',(9.1392083677427E-16,-26.7037425643338,
-126.009977404878));
#4592=CARTESIAN_POINT('Ctrl Pts',(6.61433793002753E-16,-26.6568016686978,
-125.990830272622));
#4593=CARTESIAN_POINT('Ctrl Pts',(2.65510385990016E-15,-26.6113537446181,
-125.971646265713));
#4594=CARTESIAN_POINT('Ctrl Pts',(2.65817837082135E-15,-26.5667339778551,
-125.951739938851));
#4595=CARTESIAN_POINT('Ctrl Pts',(2.61161064852905E-15,-26.5309989758176,
-125.935797394042));
#4596=CARTESIAN_POINT('Ctrl Pts',(2.66280615950759E-15,-26.4957963060136,
-125.919394882225));
#4597=CARTESIAN_POINT('Ctrl Pts',(2.66444483924537E-15,-26.4608049923516,
-125.90216526708));
#4598=CARTESIAN_POINT('Ctrl Pts',(2.62360050517994E-15,-26.4296033472121,
-125.88680167305));
#4599=CARTESIAN_POINT('Ctrl Pts',(2.66694986431673E-15,-26.3985700682718,
-125.870781524038));
#4600=CARTESIAN_POINT('Ctrl Pts',(2.66738911926828E-15,-26.3674879404019,
-125.853806722767));
#4601=CARTESIAN_POINT('Ctrl Pts',(2.63250773096419E-15,-26.3397098380265,
-125.838636340305));
#4602=CARTESIAN_POINT('Ctrl Pts',(2.66769193786231E-15,-26.3118928812365,
-125.822703833123));
#4603=CARTESIAN_POINT('Ctrl Pts',(2.66695352843197E-15,-26.2838878463616,
-125.805755801873));
#4604=CARTESIAN_POINT('Ctrl Pts',(2.63785400504889E-15,-26.2651410974134,
-125.794410681667));
#4605=CARTESIAN_POINT('Ctrl Pts',(2.665673616931E-15,-26.2463101813856,
-125.782609699974));
#4606=CARTESIAN_POINT('Ctrl Pts',(2.66453525910037E-15,-26.227351586614,
-125.770263594363));
#4607=CARTESIAN_POINT('Ctrl Pts',(2.58466379978258E-15,-26.2132835116633,
-125.761102264571));
#4608=CARTESIAN_POINT('Ctrl Pts',(2.54703208810098E-15,-26.1991451937905,
-125.751640334794));
#4609=CARTESIAN_POINT('Ctrl Pts',(2.54690661779355E-15,-26.1849142094965,
-125.741865620297));
#4610=CARTESIAN_POINT('Ctrl Pts',(2.58510084571201E-15,-26.1761092861168,
-125.735817857864));
#4611=CARTESIAN_POINT('Ctrl Pts',(2.54666271638628E-15,-26.1672688860025,
-125.729650327924));
#4612=CARTESIAN_POINT('Ctrl Pts',(2.5464112201406E-15,-26.1583876449182,
-125.723359873863));
#4613=CARTESIAN_POINT('Ctrl Pts',(2.58486029060011E-15,-26.1528943850902,
-125.719469077717));
#4614=CARTESIAN_POINT('Ctrl Pts',(2.54606734146618E-15,-26.147383582128,
-125.715529769465));
#4615=CARTESIAN_POINT('Ctrl Pts',(2.54584846867391E-15,-26.1418825067756,
-125.711562053202));
#4616=CARTESIAN_POINT('Ctrl Pts',(2.57955503187099E-15,-25.9427160027457,
-125.567910834772));
#4617=CARTESIAN_POINT('Ctrl Pts',(9.72207732236137E-16,-25.7479807832128,
-125.381184767525));
#4618=CARTESIAN_POINT('Ctrl Pts',(4.29598199849416E-15,-25.5411548678699,
-125.182409808395));
#4619=CARTESIAN_POINT('Ctrl Pts',(6.41388056294592E-15,-25.4206647578598,
-125.066609925905));
#4620=CARTESIAN_POINT('Ctrl Pts',(4.26979239517588E-15,-25.296071628321,
-124.946719537896));
#4621=CARTESIAN_POINT('Ctrl Pts',(4.2884759473937E-15,-25.164108664933,
-124.828868502145));
#4622=CARTESIAN_POINT('Ctrl Pts',(4.50158153379714E-15,-25.098127183239,
-124.76994298427));
#4623=CARTESIAN_POINT('Ctrl Pts',(4.31391631859013E-15,-25.0303032178396,
-124.711527297166));
#4624=CARTESIAN_POINT('Ctrl Pts',(4.33896326955425E-15,-24.960228163384,
-124.654387821286));
#4625=CARTESIAN_POINT('Ctrl Pts',(4.56209366177894E-15,-24.9471581607456,
-124.643730489567));
#4626=CARTESIAN_POINT('Ctrl Pts',(4.34861779540193E-15,-24.9340098474603,
-124.6331175548));
#4627=CARTESIAN_POINT('Ctrl Pts',(4.35392622418627E-15,-24.9207805713857,
-124.622553990519));
#4628=CARTESIAN_POINT('Ctrl Pts',(4.57789755317935E-15,-24.9154532510182,
-124.618300130305));
#4629=CARTESIAN_POINT('Ctrl Pts',(4.3582548306909E-15,-24.9101116160051,
-124.614053338454));
#4630=CARTESIAN_POINT('Ctrl Pts',(4.36049833859687E-15,-24.9047594196207,
-124.609817044983));
#4631=CARTESIAN_POINT('Ctrl Pts',(4.58617888095801E-15,-24.8996789227293,
-124.605795803185));
#4632=CARTESIAN_POINT('Ctrl Pts',(4.364802439891E-15,-24.8945948807928,
-124.601788750227));
#4633=CARTESIAN_POINT('Ctrl Pts',(4.36701993619217E-15,-24.8895120228237,
-124.597799786995));
#4634=CARTESIAN_POINT('Ctrl Pts',(4.61771436083287E-15,-24.8419534686365,
-124.560476429706));
#4635=CARTESIAN_POINT('Ctrl Pts',(4.41234990816436E-15,-24.7943460853861,
-124.524619119723));
#4636=CARTESIAN_POINT('Ctrl Pts',(4.44089209850064E-15,-24.7465916586547,
-124.490260039687));
#4637=CARTESIAN_POINT('Ctrl Pts',(4.66269755678717E-15,-24.7029300846447,
-124.458845747471));
#4638=CARTESIAN_POINT('Ctrl Pts',(4.72175973972858E-15,-24.6591460785632,
-124.428676719088));
#4639=CARTESIAN_POINT('Ctrl Pts',(4.75849281264898E-15,-24.6151765179695,
-124.399404654333));
#4640=CARTESIAN_POINT('Ctrl Pts',(4.7810136942582E-15,-24.5684372562426,
-124.368288703265));
#4641=CARTESIAN_POINT('Ctrl Pts',(4.83865835436536E-15,-24.5214885957117,
-124.338186754444));
#4642=CARTESIAN_POINT('Ctrl Pts',(4.88108611958071E-15,-24.4742464798907,
-124.308743455077));
#4643=CARTESIAN_POINT('Ctrl Pts',(4.91516315000096E-15,-24.4235637848405,
-124.277155840145));
#4644=CARTESIAN_POINT('Ctrl Pts',(3.2821988696345E-15,-24.3725437223323,
-124.246326927517));
#4645=CARTESIAN_POINT('Ctrl Pts',(3.32687325141405E-15,-24.3210679921165,
-124.215879562284));
#4646=CARTESIAN_POINT('Ctrl Pts',(3.16059408864655E-15,-24.2653154034299,
-124.182902479234));
#4647=CARTESIAN_POINT('Ctrl Pts',(3.42445292581198E-15,-24.2090288858788,
-124.150373907911));
#4648=CARTESIAN_POINT('Ctrl Pts',(3.47376853922348E-15,-24.152033630384,
-124.117872080676));
#4649=CARTESIAN_POINT('Ctrl Pts',(3.31836733525954E-15,-24.0893313161499,
-124.08211577488));
#4650=CARTESIAN_POINT('Ctrl Pts',(3.58242661763363E-15,-24.0257722851846,
-124.046393399107));
#4651=CARTESIAN_POINT('Ctrl Pts',(3.63624739073736E-15,-23.9610815778253,
-124.010190166467));
#4652=CARTESIAN_POINT('Ctrl Pts',(3.48095917173951E-15,-23.8986719761315,
-123.975263522111));
#4653=CARTESIAN_POINT('Ctrl Pts',(1.55832375773659E-15,-23.8352092534304,
-123.939891470018));
#4654=CARTESIAN_POINT('Ctrl Pts',(1.60637778249085E-15,-23.770401377719,
-123.903623637739));
#4655=CARTESIAN_POINT('Ctrl Pts',(1.7033793665871E-15,-23.70976185125,-123.869688500206));
#4656=CARTESIAN_POINT('Ctrl Pts',(1.69521277807893E-15,-23.6479445307955,
-123.834970417959));
#4657=CARTESIAN_POINT('Ctrl Pts',(1.73760678750369E-15,-23.5846700984211,
-123.799087387935));
#4658=CARTESIAN_POINT('Ctrl Pts',(1.82771003685319E-15,-23.5252447753313,
-123.765387193835));
#4659=CARTESIAN_POINT('Ctrl Pts',(1.81593546998817E-15,-23.4645341317428,
-123.730660249131));
#4660=CARTESIAN_POINT('Ctrl Pts',(1.85279820676958E-15,-23.4022716462168,
-123.694564117571));
#4661=CARTESIAN_POINT('Ctrl Pts',(1.9363883374028E-15,-23.3432881655444,
-123.660368960404));
#4662=CARTESIAN_POINT('Ctrl Pts',(4.12169419033937E-15,-23.2829119471982,
-123.624945557522));
#4663=CARTESIAN_POINT('Ctrl Pts',(4.15529770584567E-15,-23.2208847543933,
-123.587969744475));
#4664=CARTESIAN_POINT('Ctrl Pts',(3.97923955324177E-15,-23.1617247832115,
-123.552703147111));
#4665=CARTESIAN_POINT('Ctrl Pts',(-1.07445925538472E-15,-23.1010629335223,
-123.51602474281));
#4666=CARTESIAN_POINT('Ctrl Pts',(-1.05087356338947E-15,-23.0386459007317,
-123.477615919384));
#4667=CARTESIAN_POINT('Ctrl Pts',(2.10989726007619E-15,-22.9800787417612,
-123.441576146794));
#4668=CARTESIAN_POINT('Ctrl Pts',(2.08579116113265E-15,-22.9199661578782,
-123.404013004465));
#4669=CARTESIAN_POINT('Ctrl Pts',(2.10670757193935E-15,-22.8580732947782,
-123.364625876779));
#4670=CARTESIAN_POINT('Ctrl Pts',(2.16893531752455E-15,-22.8150842597391,
-123.337268690064));
#4671=CARTESIAN_POINT('Ctrl Pts',(2.13472851259884E-15,-22.7712358539296,
-123.309030815854));
#4672=CARTESIAN_POINT('Ctrl Pts',(2.14704272123485E-15,-22.7264415929408,
-123.27979906412));
#4673=CARTESIAN_POINT('Ctrl Pts',(2.20496430196876E-15,-22.6928458971992,
-123.257875250319));
#4674=CARTESIAN_POINT('Ctrl Pts',(2.16485060963099E-15,-22.6587180295449,
-123.235392177863));
#4675=CARTESIAN_POINT('Ctrl Pts',(2.17269087308899E-15,-22.624018943575,
-123.212297750023));
#4676=CARTESIAN_POINT('Ctrl Pts',(-7.20047543987226E-16,-22.6166868074166,
-123.207417751468));
#4677=CARTESIAN_POINT('Ctrl Pts',(2.17597156067638E-15,-22.6093291506721,
-123.20251043662));
#4678=CARTESIAN_POINT('Ctrl Pts',(2.17756215046189E-15,-22.6019456138348,
-123.197575305591));
#4679=CARTESIAN_POINT('Ctrl Pts',(2.22864680446549E-15,-22.5962748629195,
-123.193784994875));
#4680=CARTESIAN_POINT('Ctrl Pts',(2.17998503533719E-15,-22.5905916424463,
-123.189980134291));
#4681=CARTESIAN_POINT('Ctrl Pts',(2.18116274166676E-15,-22.5849106838863,
-123.186170534697));
#4682=CARTESIAN_POINT('Ctrl Pts',(2.25155566330463E-15,-22.4929727621687,
-123.124517793252));
#4683=CARTESIAN_POINT('Ctrl Pts',(2.21333969517818E-15,-22.4005475261317,
-123.060899464133));
#4684=CARTESIAN_POINT('Ctrl Pts',(2.2204460492503E-15,-22.3075944609131,
-122.995180931368));
#4685=CARTESIAN_POINT('Ctrl Pts',(2.17557176621109E-15,-22.2380278805863,
-122.945996823477));
#4686=CARTESIAN_POINT('Ctrl Pts',(2.53644293636519E-15,-22.1681655942599,
-122.89564087998));
#4687=CARTESIAN_POINT('Ctrl Pts',(2.53706701301407E-15,-22.0980201190858,
-122.844318890034));
#4688=CARTESIAN_POINT('Ctrl Pts',(2.18886763877386E-15,-22.0243208328857,
-122.790396751563));
#4689=CARTESIAN_POINT('Ctrl Pts',(2.53509938032776E-15,-21.9503090206705,
-122.735408109837));
#4690=CARTESIAN_POINT('Ctrl Pts',(2.52970934039502E-15,-21.8759760699634,
-122.679538092676));
#4691=CARTESIAN_POINT('Ctrl Pts',(2.18150028211777E-15,-21.7991506205,-122.621794667464));
#4692=CARTESIAN_POINT('Ctrl Pts',(2.51561189004388E-15,-21.7219821611133,
-122.563109500816));
#4693=CARTESIAN_POINT('Ctrl Pts',(2.50459830308773E-15,-21.6444363015121,
-122.503634187948));
#4694=CARTESIAN_POINT('Ctrl Pts',(2.1547644645418E-15,-21.5642014127718,
-122.442096471618));
#4695=CARTESIAN_POINT('Ctrl Pts',(2.479144350917E-15,-21.483562534104,-122.379712572986));
#4696=CARTESIAN_POINT('Ctrl Pts',(2.46284927879543E-15,-21.4024548656184,
-122.316599138031));
#4697=CARTESIAN_POINT('Ctrl Pts',(2.10999954824982E-15,-21.3184419547941,
-122.251225006562));
#4698=CARTESIAN_POINT('Ctrl Pts',(6.08837413243627E-16,-21.2339261237922,
-122.185067826098));
#4699=CARTESIAN_POINT('Ctrl Pts',(5.889290847153E-16,-21.1488064595706,
-122.118207827085));
#4700=CARTESIAN_POINT('Ctrl Pts',(9.52593405400182E-17,-21.0605484386739,
-122.048882704108));
#4701=CARTESIAN_POINT('Ctrl Pts',(2.35906995538594E-15,-20.9716413153761,
-121.978801630144));
#4702=CARTESIAN_POINT('Ctrl Pts',(2.33300076789568E-15,-20.8819410315928,
-121.908007038372));
#4703=CARTESIAN_POINT('Ctrl Pts',(1.97083375630898E-15,-20.7888685120238,
-121.83455096053));
#4704=CARTESIAN_POINT('Ctrl Pts',(2.27693991080701E-15,-20.6949421839159,
-121.760326299809));
#4705=CARTESIAN_POINT('Ctrl Pts',(2.24627565409387E-15,-20.5999662807456,
-121.685336690498));
#4706=CARTESIAN_POINT('Ctrl Pts',(1.87773271223442E-15,-20.4996720156395,
-121.606147890966));
#4707=CARTESIAN_POINT('Ctrl Pts',(-2.77301568007982E-15,-20.3982076141918,
-121.526105665901));
#4708=CARTESIAN_POINT('Ctrl Pts',(-2.80323788331652E-15,-20.2953012296886,
-121.445172644001));
#4709=CARTESIAN_POINT('Ctrl Pts',(-1.66695761394771E-16,-20.189258879718,
-121.361773272097));
#4710=CARTESIAN_POINT('Ctrl Pts',(2.06851810702094E-15,-20.0816854885266,
-121.277427284637));
#4711=CARTESIAN_POINT('Ctrl Pts',(2.02862730835945E-15,-19.9722376813805,
-121.192059647982));
#4712=CARTESIAN_POINT('Ctrl Pts',(1.64834211740054E-15,-19.8604169820985,
-121.104841191297));
#4713=CARTESIAN_POINT('Ctrl Pts',(-7.75595740627984E-16,-19.7466398721847,
-121.016555445193));
#4714=CARTESIAN_POINT('Ctrl Pts',(1.1337481014791E-16,-19.6304905106645,
-120.927099350677));
#4715=CARTESIAN_POINT('Ctrl Pts',(5.5521493981191E-16,-19.5102733630057,
-120.834510322356));
#4716=CARTESIAN_POINT('Ctrl Pts',(1.81120656699918E-15,-19.3875152621008,
-120.740666482383));
#4717=CARTESIAN_POINT('Ctrl Pts',(1.76403041239413E-15,-19.261698249935,
-120.645443829441));
#4718=CARTESIAN_POINT('Ctrl Pts',(1.37790174628175E-15,-19.1424813290344,
-120.555216353137));
#4719=CARTESIAN_POINT('Ctrl Pts',(1.67373046664238E-15,-19.0205176525711,
-120.46374996448));
#4720=CARTESIAN_POINT('Ctrl Pts',(1.62749611922711E-15,-18.8953176195885,
-120.370945435782));
#4721=CARTESIAN_POINT('Ctrl Pts',(1.26181583098961E-15,-18.8275191067061,
-120.320689785807));
#4722=CARTESIAN_POINT('Ctrl Pts',(1.57723648174201E-15,-18.7587707166354,
-120.270041922867));
#4723=CARTESIAN_POINT('Ctrl Pts',(1.55187554859554E-15,-18.6889886953351,
-120.218988412413));
#4724=CARTESIAN_POINT('Ctrl Pts',(1.20118950720447E-15,-18.6587753506446,
-120.19688390354));
#4725=CARTESIAN_POINT('Ctrl Pts',(2.32572062546212E-16,-18.6283681861701,
-120.174703378958));
#4726=CARTESIAN_POINT('Ctrl Pts',(-7.35761561804057E-16,-18.5977601524128,
-120.152445889474));
#4727=CARTESIAN_POINT('Ctrl Pts',(-6.87982323648642E-16,-18.5841893655778,
-120.14257751153));
#4728=CARTESIAN_POINT('Ctrl Pts',(5.51490458487445E-16,-18.5705790898512,
-120.132694005084));
#4729=CARTESIAN_POINT('Ctrl Pts',(1.50418005051216E-15,-18.5569287011115,
-120.122795293687));
#4730=CARTESIAN_POINT('Ctrl Pts',(1.71399468235671E-15,-18.5490667015202,
-120.117094088656));
#4731=CARTESIAN_POINT('Ctrl Pts',(1.49853682457188E-15,-18.5411904022231,
-120.111387120597));
#4732=CARTESIAN_POINT('Ctrl Pts',(1.49571369250781E-15,-18.5333020939502,
-120.105676121629));
#4733=CARTESIAN_POINT('Ctrl Pts',(1.15517152710584E-15,-18.5282024128421,
-120.101984040572));
#4734=CARTESIAN_POINT('Ctrl Pts',(1.49206439015441E-15,-18.5231011201521,
-120.098292743867));
#4735=CARTESIAN_POINT('Ctrl Pts',(1.49024455831171E-15,-18.5180077526724,
-120.094609132039));
#4736=CARTESIAN_POINT('Ctrl Pts',(1.11823912798946E-15,-18.4222825004276,
-120.025378966957));
#4737=CARTESIAN_POINT('Ctrl Pts',(1.42305024379933E-15,-18.3284321239776,
-119.958193520841));
#4738=CARTESIAN_POINT('Ctrl Pts',(1.39123674206284E-15,-18.2361879961492,
-119.892824777595));
#4739=CARTESIAN_POINT('Ctrl Pts',(1.03629577737126E-15,-18.1778446940145,
-119.851479833183));
#4740=CARTESIAN_POINT('Ctrl Pts',(1.35146391751793E-15,-18.1201429867687,
-119.810860978269));
#4741=CARTESIAN_POINT('Ctrl Pts',(1.33226762955022E-15,-18.063005674169,
-119.770905306754));
#4742=CARTESIAN_POINT('Ctrl Pts',(1.08060444406951E-15,-17.9858665243258,
-119.716962508398));
#4743=CARTESIAN_POINT('Ctrl Pts',(1.27410144113971E-15,-17.9097596904209,
-119.66422817967));
#4744=CARTESIAN_POINT('Ctrl Pts',(1.24646857255089E-15,-17.8346165684188,
-119.612517272736));
#4745=CARTESIAN_POINT('Ctrl Pts',(9.94524162236863E-16,-17.7532831461551,
-119.556546414496));
#4746=CARTESIAN_POINT('Ctrl Pts',(1.18772156315783E-15,-17.6730782270959,
-119.501774442204));
#4747=CARTESIAN_POINT('Ctrl Pts',(1.15977555186871E-15,-17.5938541343499,
-119.447964951316));
#4748=CARTESIAN_POINT('Ctrl Pts',(9.06508209989937E-16,-17.5051679315759,
-119.387728737121));
#4749=CARTESIAN_POINT('Ctrl Pts',(1.09832520158364E-15,-17.4177101687722,
-119.32869846616));
#4750=CARTESIAN_POINT('Ctrl Pts',(1.06904957375675E-15,-17.3312098751462,
-119.270542647442));
#4751=CARTESIAN_POINT('Ctrl Pts',(8.11166276461381E-16,-17.2246997380411,
-119.198933824334));
#4752=CARTESIAN_POINT('Ctrl Pts',(9.98303264098538E-16,-17.1196399703156,
-119.128650239714));
#4753=CARTESIAN_POINT('Ctrl Pts',(9.64585399245004E-16,-17.0154470163202,
-119.059079466356));
#4754=CARTESIAN_POINT('Ctrl Pts',(7.04167162033026E-16,-16.8951097574853,
-118.978728964331));
#4755=CARTESIAN_POINT('Ctrl Pts',(8.88006872528888E-16,-16.7759218947043,
-118.89932793843));
#4756=CARTESIAN_POINT('Ctrl Pts',(8.51201329185197E-16,-16.6569579502172,
-118.819956755177));
#4757=CARTESIAN_POINT('Ctrl Pts',(6.03248227602656E-16,-16.5692987153341,
-118.761471663533));
#4758=CARTESIAN_POINT('Ctrl Pts',(7.97413609264007E-16,-16.481759706358,
-118.703003198288));
#4759=CARTESIAN_POINT('Ctrl Pts',(7.71043283212179E-16,-16.3940024217557,
-118.644197075437));
#4760=CARTESIAN_POINT('Ctrl Pts',(5.27533529215459E-16,-16.3160626021048,
-118.591969632096));
#4761=CARTESIAN_POINT('Ctrl Pts',(7.24437404205663E-16,-16.2379499930047,
-118.539475884025));
#4762=CARTESIAN_POINT('Ctrl Pts',(7.01396965180677E-16,-16.1594673172164,
-118.486478041273));
#4763=CARTESIAN_POINT('Ctrl Pts',(4.68211822966298E-16,-16.1121380462597,
-118.454517494126));
#4764=CARTESIAN_POINT('Ctrl Pts',(6.7366087911462E-16,-16.0646749982592,
-118.422373819961));
#4765=CARTESIAN_POINT('Ctrl Pts',(6.59856388307171E-16,-16.0170446165104,
-118.3899969964));
#4766=CARTESIAN_POINT('Ctrl Pts',(4.34646494894806E-16,-15.9947178750657,
-118.374820360356));
#4767=CARTESIAN_POINT('Ctrl Pts',(6.46922839778289E-16,-15.9723544853425,
-118.359592520084));
#4768=CARTESIAN_POINT('Ctrl Pts',(6.40466844393831E-16,-15.9499516797659,
-118.344308462852));
#4769=CARTESIAN_POINT('Ctrl Pts',(4.18340958748224E-16,-15.9371715936318,
-118.335589395625));
#4770=CARTESIAN_POINT('Ctrl Pts',(6.33103344533485E-16,-15.9243793743669,
-118.326852504068));
#4771=CARTESIAN_POINT('Ctrl Pts',(6.29424276040553E-16,-15.9115723690176,
-118.318095359621));
#4772=CARTESIAN_POINT('Ctrl Pts',(4.08576531884562E-16,-15.9025506898636,
-118.311926536751));
#4773=CARTESIAN_POINT('Ctrl Pts',(6.24242290263813E-16,-15.8935237098023,
-118.305749047128));
#4774=CARTESIAN_POINT('Ctrl Pts',(6.21659119108379E-16,-15.8845119644966,
-118.299576761712));
#4775=CARTESIAN_POINT('Ctrl Pts',(3.58741348116675E-16,-15.7252436184292,
-118.190491378549));
#4776=CARTESIAN_POINT('Ctrl Pts',(5.32154478214601E-16,-15.5692208375072,
-118.082000341144));
#4777=CARTESIAN_POINT('Ctrl Pts',(4.90171008788898E-16,-15.4181735216066,
-117.974360978633));
#4778=CARTESIAN_POINT('Ctrl Pts',(2.30150227553798E-16,-15.2500572197483,
-117.854557912608));
#4779=CARTESIAN_POINT('Ctrl Pts',(-1.6081953046413E-15,-15.088104676622,
-117.735809969401));
#4780=CARTESIAN_POINT('Ctrl Pts',(-1.63901670188118E-15,-14.9347664648261,
-117.618476481088));
#4781=CARTESIAN_POINT('Ctrl Pts',(-1.79212867790646E-15,-14.757954513913,
-117.483181027117));
#4782=CARTESIAN_POINT('Ctrl Pts',(-6.47440828136977E-15,-14.5925973663546,
-117.349766499948));
#4783=CARTESIAN_POINT('Ctrl Pts',(-3.63865940899475E-15,-14.4425248503817,
-117.218786809395));
#4784=CARTESIAN_POINT('Ctrl Pts',(-1.87404326540683E-15,-14.3452868077773,
-117.133919779294));
#4785=CARTESIAN_POINT('Ctrl Pts',(-7.67176939287288E-16,-14.2544671681577,
-117.050075014821));
#4786=CARTESIAN_POINT('Ctrl Pts',(-7.87651392737029E-16,-14.1711153049959,
-116.967402740194));
#4787=CARTESIAN_POINT('Ctrl Pts',(-9.65237463839417E-16,-14.1655950249183,
-116.961927468337));
#4788=CARTESIAN_POINT('Ctrl Pts',(-9.67085809614064E-16,-14.1601107300636,
-116.956460611003));
#4789=CARTESIAN_POINT('Ctrl Pts',(-1.8831085942374E-15,-14.1546423622322,
-116.950981699851));
#4790=CARTESIAN_POINT('Ctrl Pts',(-9.68604844477115E-16,-14.1443413787399,
-116.940660855482));
#4791=CARTESIAN_POINT('Ctrl Pts',(1.32958669999599E-16,-14.1341099043066,
-116.930310010049));
#4792=CARTESIAN_POINT('Ctrl Pts',(1.29943710902659E-16,-14.1239543878305,
-116.919931028443));
#4793=CARTESIAN_POINT('Ctrl Pts',(-5.97782588184853,-37.3446432664321,-128.995882875022));
#4794=CARTESIAN_POINT('Ctrl Pts',(-5.97989591725365,-37.4289117104622,-129.15221421355));
#4795=CARTESIAN_POINT('Ctrl Pts',(-5.98725930756915,-37.5951296856828,-129.44592880972));
#4796=CARTESIAN_POINT('Ctrl Pts',(-5.96868186547988,-37.8647307621699,-129.879792503979));
#4797=CARTESIAN_POINT('Ctrl Pts',(-5.92136007804242,-38.3466697028504,-130.635699868937));
#4798=CARTESIAN_POINT('Ctrl Pts',(-5.71676515985347,-39.5442257123229,-132.443494846176));
#4799=CARTESIAN_POINT('Ctrl Pts',(-4.11927691678715,-41.3708734328104,-136.689073464258));
#4800=CARTESIAN_POINT('Ctrl Pts',(-1.72222991091428,-42.3432639546141,-137.833482966738));
#4801=CARTESIAN_POINT('Ctrl Pts',(-0.574076636971427,-42.4822062072347,
-137.817006966881));
#4802=CARTESIAN_POINT('Ctrl Pts',(-2.42861286636753E-16,-42.4822062072347,
-137.817006966881));
#4803=CARTESIAN_POINT('Ctrl Pts',(-5.97782588184853,-37.3446432664321,-128.995882875022));
#4804=CARTESIAN_POINT('Ctrl Pts',(-5.97989591725365,-37.4289117104622,-129.15221421355));
#4805=CARTESIAN_POINT('Ctrl Pts',(-5.9835776124114,-37.5120206980725,-129.299071511635));
#4806=CARTESIAN_POINT('Ctrl Pts',(-5.97797058652452,-37.7299302239264,-129.662860656849));
#4807=CARTESIAN_POINT('Ctrl Pts',(-5.96868186547988,-37.8647307621699,-129.879792503979));
#4808=CARTESIAN_POINT('Ctrl Pts',(-5.92136007804242,-38.3466697028504,-130.635699868937));
#4809=CARTESIAN_POINT('Ctrl Pts',(-5.71676515985347,-39.5442257123229,-132.443494846176));
#4810=CARTESIAN_POINT('Ctrl Pts',(-4.11927691678715,-41.3708734328104,-136.689073464258));
#4811=CARTESIAN_POINT('Ctrl Pts',(-1.72222991091428,-42.3432639546141,-137.833482966738));
#4812=CARTESIAN_POINT('Ctrl Pts',(1.38777878078145E-16,-42.5516773335451,
-137.808768966952));
#4813=CARTESIAN_POINT('Ctrl Pts',(1.72222991091428,-42.3432639546141,-137.833482966738));
#4814=CARTESIAN_POINT('Ctrl Pts',(4.11927691678714,-41.3708734328104,-136.689073464258));
#4815=CARTESIAN_POINT('Ctrl Pts',(5.71676515985347,-39.5442257123229,-132.443494846176));
#4816=CARTESIAN_POINT('Ctrl Pts',(5.92136007804242,-38.3466697028504,-130.635699868938));
#4817=CARTESIAN_POINT('Ctrl Pts',(5.96868186547988,-37.86473076217,-129.879792503979));
#4818=CARTESIAN_POINT('Ctrl Pts',(5.97797058652452,-37.7299302239264,-129.662860656849));
#4819=CARTESIAN_POINT('Ctrl Pts',(5.9835776124114,-37.5120206980725,-129.299071511635));
#4820=CARTESIAN_POINT('Ctrl Pts',(5.97989591725365,-37.4289117104622,-129.15221421355));
#4821=CARTESIAN_POINT('Ctrl Pts',(5.97782588184853,-37.3446432664321,-128.995882875022));
#4822=CARTESIAN_POINT('Ctrl Pts',(-5.97716976864807,-37.3573934506358,-128.939743784842));
#4823=CARTESIAN_POINT('Ctrl Pts',(-5.97907403150313,-37.4656271547435,-129.122013208223));
#4824=CARTESIAN_POINT('Ctrl Pts',(-5.98437982988485,-37.5566168220321,-129.281390358291));
#4825=CARTESIAN_POINT('Ctrl Pts',(-5.98011100703317,-37.807908203319,-129.684480926978));
#4826=CARTESIAN_POINT('Ctrl Pts',(-5.97018965886119,-37.9568469049504,-129.917912436983));
#4827=CARTESIAN_POINT('Ctrl Pts',(-5.92318220174624,-38.4527118179944,-130.680396120106));
#4828=CARTESIAN_POINT('Ctrl Pts',(-5.71754883825664,-39.6712632433669,-132.497632466278));
#4829=CARTESIAN_POINT('Ctrl Pts',(-4.09560064095572,-41.538404775594,-136.741387327109));
#4830=CARTESIAN_POINT('Ctrl Pts',(-1.70128441436636,-42.5190789399686,-137.878819231732));
#4831=CARTESIAN_POINT('Ctrl Pts',(1.73472347597681E-16,-42.7314187769822,
-137.860104335928));
#4832=CARTESIAN_POINT('Ctrl Pts',(1.70128441436636,-42.5190789399686,-137.878819231732));
#4833=CARTESIAN_POINT('Ctrl Pts',(4.09560064095572,-41.538404775594,-136.741387327109));
#4834=CARTESIAN_POINT('Ctrl Pts',(5.71754883825664,-39.6712632433669,-132.497632466278));
#4835=CARTESIAN_POINT('Ctrl Pts',(5.92318220174624,-38.4527118179944,-130.680396120106));
#4836=CARTESIAN_POINT('Ctrl Pts',(5.97018965886119,-37.9568469049504,-129.917912436983));
#4837=CARTESIAN_POINT('Ctrl Pts',(5.98011100703317,-37.807908203319,-129.684480926978));
#4838=CARTESIAN_POINT('Ctrl Pts',(5.98437982988485,-37.5566168220321,-129.281390358291));
#4839=CARTESIAN_POINT('Ctrl Pts',(5.97907403150313,-37.4656271547435,-129.122013208223));
#4840=CARTESIAN_POINT('Ctrl Pts',(5.97716976864807,-37.3573934506358,-128.939743784842));
#4841=CARTESIAN_POINT('Ctrl Pts',(-5.97648448269686,-37.3717506064372,-128.886505467597));
#4842=CARTESIAN_POINT('Ctrl Pts',(-5.97827062938447,-37.4819668506895,-129.068523229978));
#4843=CARTESIAN_POINT('Ctrl Pts',(-5.98201507005897,-37.6022574266481,-129.255376767583));
#4844=CARTESIAN_POINT('Ctrl Pts',(-5.97813371373824,-37.8767054340635,-129.680524192734));
#4845=CARTESIAN_POINT('Ctrl Pts',(-5.97134617377364,-38.0300148901305,-129.915482277058));
#4846=CARTESIAN_POINT('Ctrl Pts',(-5.92308087290465,-38.5412567740182,-130.689262764351));
#4847=CARTESIAN_POINT('Ctrl Pts',(-5.71493954726587,-39.7689946045419,-132.512448676218));
#4848=CARTESIAN_POINT('Ctrl Pts',(-4.07747103358817,-41.6906436657767,-136.731505561507));
#4849=CARTESIAN_POINT('Ctrl Pts',(-1.69114116927566,-42.6846813520254,-137.87213807749));
#4850=CARTESIAN_POINT('Ctrl Pts',(8.67361737988404E-18,-42.8921436883061,
-137.860452193834));
#4851=CARTESIAN_POINT('Ctrl Pts',(1.69114116927566,-42.6846813520254,-137.87213807749));
#4852=CARTESIAN_POINT('Ctrl Pts',(4.07747103358817,-41.6906436657767,-136.731505561507));
#4853=CARTESIAN_POINT('Ctrl Pts',(5.71493954726587,-39.7689946045418,-132.512448676218));
#4854=CARTESIAN_POINT('Ctrl Pts',(5.92308087290465,-38.5412567740182,-130.689262764351));
#4855=CARTESIAN_POINT('Ctrl Pts',(5.97134617377364,-38.0300148901305,-129.915482277058));
#4856=CARTESIAN_POINT('Ctrl Pts',(5.97813371373824,-37.8767054340635,-129.680524192734));
#4857=CARTESIAN_POINT('Ctrl Pts',(5.98201507005897,-37.6022574266481,-129.255376767583));
#4858=CARTESIAN_POINT('Ctrl Pts',(5.97827062938447,-37.4819668506895,-129.068523229978));
#4859=CARTESIAN_POINT('Ctrl Pts',(5.97648448269686,-37.3717506064372,-128.886505467597));
#4860=CARTESIAN_POINT('Ctrl Pts',(-5.97557158431469,-37.4179061356048,-128.753670993709));
#4861=CARTESIAN_POINT('Ctrl Pts',(-5.97711854316385,-37.5475777245834,-128.949334424489));
#4862=CARTESIAN_POINT('Ctrl Pts',(-5.9801380648828,-37.6876471789564,-129.154493523092));
#4863=CARTESIAN_POINT('Ctrl Pts',(-5.97623923377488,-37.9929555729968,-129.608736754047));
#4864=CARTESIAN_POINT('Ctrl Pts',(-5.96960241025849,-38.1570537110056,-129.853189981019));
#4865=CARTESIAN_POINT('Ctrl Pts',(-5.9205590533804,-38.6903529843963,-130.646547215662));
#4866=CARTESIAN_POINT('Ctrl Pts',(-5.70594079430858,-39.9209709686349,-132.473251899851));
#4867=CARTESIAN_POINT('Ctrl Pts',(-4.05038199109017,-41.968215950721,-136.606213787007));
#4868=CARTESIAN_POINT('Ctrl Pts',(-1.68561961798993,-42.9952972679034,-137.763354756554));
#4869=CARTESIAN_POINT('Ctrl Pts',(-5.20417042793042E-17,-43.1823656648428,
-137.766522666917));
#4870=CARTESIAN_POINT('Ctrl Pts',(1.68561961798993,-42.9952972679034,-137.763354756554));
#4871=CARTESIAN_POINT('Ctrl Pts',(4.05038199109018,-41.968215950721,-136.606213787007));
#4872=CARTESIAN_POINT('Ctrl Pts',(5.70594079430858,-39.9209709686348,-132.47325189985));
#4873=CARTESIAN_POINT('Ctrl Pts',(5.9205590533804,-38.6903529843963,-130.646547215662));
#4874=CARTESIAN_POINT('Ctrl Pts',(5.96960241025849,-38.1570537110056,-129.853189981019));
#4875=CARTESIAN_POINT('Ctrl Pts',(5.97623923377488,-37.9929555729968,-129.608736754047));
#4876=CARTESIAN_POINT('Ctrl Pts',(5.9801380648828,-37.6876471789564,-129.154493523092));
#4877=CARTESIAN_POINT('Ctrl Pts',(5.97711854316384,-37.5475777245834,-128.949334424489));
#4878=CARTESIAN_POINT('Ctrl Pts',(5.9755715843147,-37.4179061356048,-128.753670993709));
#4879=CARTESIAN_POINT('Ctrl Pts',(-5.97534397188373,-37.449704508971,-128.674074837064));
#4880=CARTESIAN_POINT('Ctrl Pts',(-5.97673048088963,-37.5847401218572,-128.870455724846));
#4881=CARTESIAN_POINT('Ctrl Pts',(-5.97925130038831,-37.7287365321179,-129.082944442343));
#4882=CARTESIAN_POINT('Ctrl Pts',(-5.97496864989029,-38.0424768986547,-129.5458994637));
#4883=CARTESIAN_POINT('Ctrl Pts',(-5.9679692616543,-38.2111373150842,-129.794469067328));
#4884=CARTESIAN_POINT('Ctrl Pts',(-5.91813856269774,-38.7509042387506,-130.59496502273));
#4885=CARTESIAN_POINT('Ctrl Pts',(-5.69955133234206,-39.975215971553,-132.419238913543));
#4886=CARTESIAN_POINT('Ctrl Pts',(-4.04142255595973,-42.0935493454825,-136.49080377811));
#4887=CARTESIAN_POINT('Ctrl Pts',(-1.69024131179489,-43.1403107717247,-137.661252589861));
#4888=CARTESIAN_POINT('Ctrl Pts',(2.42861286636753E-16,-43.3118627300556,
-137.672245282094));
#4889=CARTESIAN_POINT('Ctrl Pts',(1.69024131179489,-43.1403107717247,-137.661252589861));
#4890=CARTESIAN_POINT('Ctrl Pts',(4.04142255595973,-42.0935493454825,-136.49080377811));
#4891=CARTESIAN_POINT('Ctrl Pts',(5.69955133234206,-39.9752159715529,-132.419238913543));
#4892=CARTESIAN_POINT('Ctrl Pts',(5.91813856269774,-38.7509042387506,-130.59496502273));
#4893=CARTESIAN_POINT('Ctrl Pts',(5.9679692616543,-38.2111373150842,-129.794469067328));
#4894=CARTESIAN_POINT('Ctrl Pts',(5.97496864989029,-38.0424768986547,-129.5458994637));
#4895=CARTESIAN_POINT('Ctrl Pts',(5.97925130038831,-37.7287365321179,-129.082944442343));
#4896=CARTESIAN_POINT('Ctrl Pts',(5.97673048088963,-37.5847401218572,-128.870455724846));
#4897=CARTESIAN_POINT('Ctrl Pts',(5.97534397188373,-37.449704508971,-128.674074837064));
#4898=CARTESIAN_POINT('Ctrl Pts',(-5.97534764487121,-37.5712614554166,-128.395749608032));
#4899=CARTESIAN_POINT('Ctrl Pts',(-5.9761831243323,-37.7104683435716,-128.602050413318));
#4900=CARTESIAN_POINT('Ctrl Pts',(-5.97778764314509,-37.8617316787464,-128.824855514317));
#4901=CARTESIAN_POINT('Ctrl Pts',(-5.97156947137018,-38.1852491022746,-129.302239156315));
#4902=CARTESIAN_POINT('Ctrl Pts',(-5.96374678078249,-38.3575031906281,-129.556817697315));
#4903=CARTESIAN_POINT('Ctrl Pts',(-5.9096899627628,-38.9010683741649,-130.366360753177));
#4904=CARTESIAN_POINT('Ctrl Pts',(-5.67922134169706,-40.0954104151442,-132.168676596363));
#4905=CARTESIAN_POINT('Ctrl Pts',(-4.02541476188807,-42.4347104013063,-136.014575906889));
#4906=CARTESIAN_POINT('Ctrl Pts',(-1.71599445552506,-43.5442222783749,-137.224735310142));
#4907=CARTESIAN_POINT('Ctrl Pts',(-6.93889390390723E-17,-43.6637199837009,
-137.258499932644));
#4908=CARTESIAN_POINT('Ctrl Pts',(1.71599445552506,-43.5442222783749,-137.224735310142));
#4909=CARTESIAN_POINT('Ctrl Pts',(4.02541476188807,-42.4347104013063,-136.014575906889));
#4910=CARTESIAN_POINT('Ctrl Pts',(5.67922134169706,-40.0954104151442,-132.168676596363));
#4911=CARTESIAN_POINT('Ctrl Pts',(5.9096899627628,-38.9010683741649,-130.366360753178));
#4912=CARTESIAN_POINT('Ctrl Pts',(5.96374678078249,-38.3575031906281,-129.556817697315));
#4913=CARTESIAN_POINT('Ctrl Pts',(5.97156947137019,-38.1852491022746,-129.302239156315));
#4914=CARTESIAN_POINT('Ctrl Pts',(5.97778764314509,-37.8617316787464,-128.824855514317));
#4915=CARTESIAN_POINT('Ctrl Pts',(5.97618312433229,-37.7104683435715,-128.602050413318));
#4916=CARTESIAN_POINT('Ctrl Pts',(5.97534764487121,-37.5712614554166,-128.395749608032));
#4917=CARTESIAN_POINT('Ctrl Pts',(-5.97938881517913,-37.7953933412896,-127.948920073347));
#4918=CARTESIAN_POINT('Ctrl Pts',(-5.9793043193533,-37.926381575769,-128.147927525375));
#4919=CARTESIAN_POINT('Ctrl Pts',(-5.97902713012812,-38.0649974399688,-128.364892448197));
#4920=CARTESIAN_POINT('Ctrl Pts',(-5.96813742836642,-38.3601673114911,-128.83029624955));
#4921=CARTESIAN_POINT('Ctrl Pts',(-5.9575249158299,-38.5167213188136,-129.078735128082));
#4922=CARTESIAN_POINT('Ctrl Pts',(-5.89525948848434,-39.017314880988,-129.864601218425));
#4923=CARTESIAN_POINT('Ctrl Pts',(-5.64901707484923,-40.1422281661643,-131.598531218103));
#4924=CARTESIAN_POINT('Ctrl Pts',(-4.033059066645,-42.7966874665093,-135.032944493186));
#4925=CARTESIAN_POINT('Ctrl Pts',(-1.78203348000603,-43.9997602744055,-136.295483524811));
#4926=CARTESIAN_POINT('Ctrl Pts',(-1.38777878078145E-16,-44.0351724765795,
-136.357737613431));
#4927=CARTESIAN_POINT('Ctrl Pts',(1.78203348000603,-43.9997602744056,-136.295483524811));
#4928=CARTESIAN_POINT('Ctrl Pts',(4.033059066645,-42.7966874665093,-135.032944493186));
#4929=CARTESIAN_POINT('Ctrl Pts',(5.64901707484925,-40.1422281661643,-131.598531218103));
#4930=CARTESIAN_POINT('Ctrl Pts',(5.89525948848434,-39.017314880988,-129.864601218425));
#4931=CARTESIAN_POINT('Ctrl Pts',(5.9575249158299,-38.5167213188136,-129.078735128082));
#4932=CARTESIAN_POINT('Ctrl Pts',(5.96813742836643,-38.3601673114911,-128.83029624955));
#4933=CARTESIAN_POINT('Ctrl Pts',(5.97902713012813,-38.0649974399688,-128.364892448197));
#4934=CARTESIAN_POINT('Ctrl Pts',(5.9793043193533,-37.926381575769,-128.147927525375));
#4935=CARTESIAN_POINT('Ctrl Pts',(5.97938881517913,-37.7953933412896,-127.948920073347));
#4936=CARTESIAN_POINT('Ctrl Pts',(-5.97717825216463,-37.8918898237504,-127.399102591114));
#4937=CARTESIAN_POINT('Ctrl Pts',(-5.9773952225447,-38.0163980229632,-127.58120910489));
#4938=CARTESIAN_POINT('Ctrl Pts',(-5.97759619871082,-38.1488024982105,-127.780177945192));
#4939=CARTESIAN_POINT('Ctrl Pts',(-5.96800959093335,-38.4333722050247,-128.206227628169));
#4940=CARTESIAN_POINT('Ctrl Pts',(-5.95822200698976,-38.5855374365917,-128.433308470843));
#4941=CARTESIAN_POINT('Ctrl Pts',(-5.8989415574717,-39.0776265721483,-129.148300026404));
#4942=CARTESIAN_POINT('Ctrl Pts',(-5.66070986768643,-40.2041786066846,-130.713279247679));
#4943=CARTESIAN_POINT('Ctrl Pts',(-4.0679087967231,-43.0317264030783,-133.65979945976));
#4944=CARTESIAN_POINT('Ctrl Pts',(-1.80204247920102,-44.2866567251873,-134.809595464444));
#4945=CARTESIAN_POINT('Ctrl Pts',(-6.93889390390723E-17,-44.3201274353429,
-134.876368058219));
#4946=CARTESIAN_POINT('Ctrl Pts',(1.80204247920102,-44.2866567251873,-134.809595464444));
#4947=CARTESIAN_POINT('Ctrl Pts',(4.0679087967231,-43.0317264030783,-133.65979945976));
#4948=CARTESIAN_POINT('Ctrl Pts',(5.66070986768642,-40.2041786066846,-130.713279247678));
#4949=CARTESIAN_POINT('Ctrl Pts',(5.8989415574717,-39.0776265721483,-129.148300026404));
#4950=CARTESIAN_POINT('Ctrl Pts',(5.95822200698976,-38.5855374365917,-128.433308470843));
#4951=CARTESIAN_POINT('Ctrl Pts',(5.96800959093335,-38.4333722050247,-128.206227628169));
#4952=CARTESIAN_POINT('Ctrl Pts',(5.97759619871082,-38.1488024982105,-127.780177945192));
#4953=CARTESIAN_POINT('Ctrl Pts',(5.9773952225447,-38.0163980229632,-127.58120910489));
#4954=CARTESIAN_POINT('Ctrl Pts',(5.97717825216463,-37.8918898237504,-127.399102591114));
#4955=CARTESIAN_POINT('Ctrl Pts',(-5.97674815374735,-37.9553568424252,-127.071484068467));
#4956=CARTESIAN_POINT('Ctrl Pts',(-5.97722622754049,-38.0688037559278,-127.232329590593));
#4957=CARTESIAN_POINT('Ctrl Pts',(-5.97805837466715,-38.1892818235688,-127.402334559182));
#4958=CARTESIAN_POINT('Ctrl Pts',(-5.96956063324382,-38.4547884701978,-127.769852337926));
#4959=CARTESIAN_POINT('Ctrl Pts',(-5.96013326100238,-38.5990374659728,-127.967127267847));
#4960=CARTESIAN_POINT('Ctrl Pts',(-5.90363037082511,-39.0747469366772,-128.597371683615));
#4961=CARTESIAN_POINT('Ctrl Pts',(-5.67401542450169,-40.2047017710532,-130.024698465917));
#4962=CARTESIAN_POINT('Ctrl Pts',(-4.10152249686949,-43.1130167774275,-132.61956384648));
#4963=CARTESIAN_POINT('Ctrl Pts',(-1.81212486851335,-44.397623805536,-133.661844477105));
#4964=CARTESIAN_POINT('Ctrl Pts',(-1.04083408558608E-16,-44.4391001060997,
-133.726380688494));
#4965=CARTESIAN_POINT('Ctrl Pts',(1.81212486851335,-44.397623805536,-133.661844477104));
#4966=CARTESIAN_POINT('Ctrl Pts',(4.10152249686949,-43.1130167774275,-132.61956384648));
#4967=CARTESIAN_POINT('Ctrl Pts',(5.67401542450169,-40.2047017710532,-130.024698465917));
#4968=CARTESIAN_POINT('Ctrl Pts',(5.90363037082511,-39.0747469366772,-128.597371683615));
#4969=CARTESIAN_POINT('Ctrl Pts',(5.96013326100238,-38.5990374659728,-127.967127267847));
#4970=CARTESIAN_POINT('Ctrl Pts',(5.96956063324382,-38.4547884701978,-127.769852337926));
#4971=CARTESIAN_POINT('Ctrl Pts',(5.97805837466715,-38.1892818235688,-127.402334559182));
#4972=CARTESIAN_POINT('Ctrl Pts',(5.97722622754049,-38.0688037559278,-127.232329590593));
#4973=CARTESIAN_POINT('Ctrl Pts',(5.97674815374734,-37.9553568424252,-127.071484068467));
#4974=CARTESIAN_POINT('Ctrl Pts',(-5.97674280000817,-37.9743689687065,-126.981541848396));
#4975=CARTESIAN_POINT('Ctrl Pts',(-5.97730577744661,-38.0842705589228,-127.1278024823));
#4976=CARTESIAN_POINT('Ctrl Pts',(-5.97846832907249,-38.1990458539677,-127.286502179053));
#4977=CARTESIAN_POINT('Ctrl Pts',(-5.97035213407819,-38.4563459910927,-127.629673270478));
#4978=CARTESIAN_POINT('Ctrl Pts',(-5.9613122576268,-38.5966283026536,-127.813618377942));
#4979=CARTESIAN_POINT('Ctrl Pts',(-5.90551451887839,-39.0657681575467,-128.411445161223));
#4980=CARTESIAN_POINT('Ctrl Pts',(-5.67920660380467,-40.1972195481725,-129.791064571339));
#4981=CARTESIAN_POINT('Ctrl Pts',(-4.11397313068292,-43.1242820975309,-132.271089169018));
#4982=CARTESIAN_POINT('Ctrl Pts',(-1.81466493827013,-44.4172452893626,-133.273704990981));
#4983=CARTESIAN_POINT('Ctrl Pts',(-6.93889390390723E-17,-44.4629670716327,
-133.336558198033));
#4984=CARTESIAN_POINT('Ctrl Pts',(1.81466493827013,-44.4172452893626,-133.273704990981));
#4985=CARTESIAN_POINT('Ctrl Pts',(4.11397313068292,-43.1242820975309,-132.271089169018));
#4986=CARTESIAN_POINT('Ctrl Pts',(5.67920660380467,-40.1972195481725,-129.791064571339));
#4987=CARTESIAN_POINT('Ctrl Pts',(5.90551451887839,-39.0657681575467,-128.411445161223));
#4988=CARTESIAN_POINT('Ctrl Pts',(5.9613122576268,-38.5966283026537,-127.813618377942));
#4989=CARTESIAN_POINT('Ctrl Pts',(5.97035213407819,-38.4563459910926,-127.629673270478));
#4990=CARTESIAN_POINT('Ctrl Pts',(5.97846832907249,-38.1990458539677,-127.286502179053));
#4991=CARTESIAN_POINT('Ctrl Pts',(5.97730577744662,-38.0842705589228,-127.1278024823));
#4992=CARTESIAN_POINT('Ctrl Pts',(5.97674280000817,-37.9743689687065,-126.981541848396));
#4993=CARTESIAN_POINT('Ctrl Pts',(-5.97700811732965,-38.0081061280481,-126.840185316545));
#4994=CARTESIAN_POINT('Ctrl Pts',(-5.97771814596422,-38.1050150821741,-126.949544142265));
#4995=CARTESIAN_POINT('Ctrl Pts',(-5.97983508496254,-38.2051290784709,-127.073315906014));
#4996=CARTESIAN_POINT('Ctrl Pts',(-5.9723082988749,-38.4401258631631,-127.356199260591));
#4997=CARTESIAN_POINT('Ctrl Pts',(-5.96345900511588,-38.5729955358365,-127.514792739128));
#4998=CARTESIAN_POINT('Ctrl Pts',(-5.9091144118373,-39.0272498233438,-128.046149745631));
#4999=CARTESIAN_POINT('Ctrl Pts',(-5.689238377274,-40.1583394763064,-129.331170042221));
#5000=CARTESIAN_POINT('Ctrl Pts',(-4.14091226052111,-43.1072519567386,-131.593420996222));
#5001=CARTESIAN_POINT('Ctrl Pts',(-1.82015977432211,-44.4149257247251,-132.515548314891));
#5002=CARTESIAN_POINT('Ctrl Pts',(0.,-44.468735324423,-132.573721067703));
#5003=CARTESIAN_POINT('Ctrl Pts',(1.82015977432211,-44.4149257247251,-132.515548314891));
#5004=CARTESIAN_POINT('Ctrl Pts',(4.14091226052111,-43.1072519567386,-131.593420996222));
#5005=CARTESIAN_POINT('Ctrl Pts',(5.68923837727399,-40.1583394763064,-129.331170042221));
#5006=CARTESIAN_POINT('Ctrl Pts',(5.90911441183729,-39.0272498233438,-128.046149745632));
#5007=CARTESIAN_POINT('Ctrl Pts',(5.96345900511588,-38.5729955358365,-127.514792739128));
#5008=CARTESIAN_POINT('Ctrl Pts',(5.97230829887489,-38.440125863163,-127.356199260591));
#5009=CARTESIAN_POINT('Ctrl Pts',(5.97983508496254,-38.2051290784709,-127.073315906014));
#5010=CARTESIAN_POINT('Ctrl Pts',(5.97771814596421,-38.1050150821741,-126.949544142265));
#5011=CARTESIAN_POINT('Ctrl Pts',(5.97700811732965,-38.0081061280481,-126.840185316545));
#5012=CARTESIAN_POINT('Ctrl Pts',(-5.97727878839031,-38.0228311611086,-126.788771004765));
#5013=CARTESIAN_POINT('Ctrl Pts',(-5.9780367176815,-38.1185823971484,-126.890968396267));
#5014=CARTESIAN_POINT('Ctrl Pts',(-5.98213930634841,-38.1990194426205,-126.975089979902));
#5015=CARTESIAN_POINT('Ctrl Pts',(-5.97483777792433,-38.4191353279887,-127.221818338188));
#5016=CARTESIAN_POINT('Ctrl Pts',(-5.96318335960088,-38.5521016323215,-127.369649653681));
#5017=CARTESIAN_POINT('Ctrl Pts',(-5.91083015674291,-38.9977102682716,-127.866780852432));
#5018=CARTESIAN_POINT('Ctrl Pts',(-5.69407897144034,-40.1269416273211,-129.104909407681));
#5019=CARTESIAN_POINT('Ctrl Pts',(-4.15540075654587,-43.0789564958429,-131.264227500888));
#5020=CARTESIAN_POINT('Ctrl Pts',(-1.8231145406173,-44.392984676261,-132.145531124925));
#5021=CARTESIAN_POINT('Ctrl Pts',(0.,-44.4506366116803,-132.200706427835));
#5022=CARTESIAN_POINT('Ctrl Pts',(1.8231145406173,-44.392984676261,-132.145531124925));
#5023=CARTESIAN_POINT('Ctrl Pts',(4.15540075654587,-43.0789564958429,-131.264227500888));
#5024=CARTESIAN_POINT('Ctrl Pts',(5.69407897144034,-40.1269416273211,-129.104909407681));
#5025=CARTESIAN_POINT('Ctrl Pts',(5.91083015674291,-38.9977102682716,-127.866780852432));
#5026=CARTESIAN_POINT('Ctrl Pts',(5.96318335960087,-38.5521016323215,-127.369649653681));
#5027=CARTESIAN_POINT('Ctrl Pts',(5.97483777792433,-38.4191353279887,-127.221818338188));
#5028=CARTESIAN_POINT('Ctrl Pts',(5.98213930634841,-38.1990194426205,-126.975089979902));
#5029=CARTESIAN_POINT('Ctrl Pts',(5.9780367176815,-38.1185823971484,-126.890968396268));
#5030=CARTESIAN_POINT('Ctrl Pts',(5.97727878839031,-38.0228311611086,-126.788771004765));
#5031=CARTESIAN_POINT('Ctrl Pts',(-5.97782588184853,-38.0398916412473,-126.741422846442));
#5032=CARTESIAN_POINT('Ctrl Pts',(-5.9790096214618,-38.1193687259797,-126.814377728025));
#5033=CARTESIAN_POINT('Ctrl Pts',(-5.98183723786238,-38.1941558336937,-126.889798170657));
#5034=CARTESIAN_POINT('Ctrl Pts',(-5.9741468325045,-38.3918454888017,-127.095090210297));
#5035=CARTESIAN_POINT('Ctrl Pts',(-5.96362881074604,-38.5147480361957,-127.224961807304));
#5036=CARTESIAN_POINT('Ctrl Pts',(-5.91205628823205,-38.9556288378978,-127.696253329887));
#5037=CARTESIAN_POINT('Ctrl Pts',(-5.69781298677216,-40.0792847632348,-128.890129000504));
#5038=CARTESIAN_POINT('Ctrl Pts',(-4.170681047684,-43.0269317252942,-130.956044660716));
#5039=CARTESIAN_POINT('Ctrl Pts',(-1.82730473013156,-44.3468486384624,-131.799192054794));
#5040=CARTESIAN_POINT('Ctrl Pts',(0.,-44.406362812048,-131.850993005778));
#5041=CARTESIAN_POINT('Ctrl Pts',(1.82730473013156,-44.3468486384624,-131.799192054794));
#5042=CARTESIAN_POINT('Ctrl Pts',(4.170681047684,-43.0269317252942,-130.956044660716));
#5043=CARTESIAN_POINT('Ctrl Pts',(5.69781298677216,-40.0792847632348,-128.890129000504));
#5044=CARTESIAN_POINT('Ctrl Pts',(5.91205628823205,-38.9556288378978,-127.696253329887));
#5045=CARTESIAN_POINT('Ctrl Pts',(5.96362881074603,-38.5147480361957,-127.224961807304));
#5046=CARTESIAN_POINT('Ctrl Pts',(5.9741468325045,-38.3918454888017,-127.095090210297));
#5047=CARTESIAN_POINT('Ctrl Pts',(5.98183723786238,-38.1941558336937,-126.889798170657));
#5048=CARTESIAN_POINT('Ctrl Pts',(5.9790096214618,-38.1193687259797,-126.814377728025));
#5049=CARTESIAN_POINT('Ctrl Pts',(5.97782588184853,-38.0398916412473,-126.741422846442));
#5050=CARTESIAN_POINT('',(6.93889390390723E-17,-44.3865247541861,-131.833726022116));
#5051=CARTESIAN_POINT('Ctrl Pts',(0.,-44.3865247541862,-131.833726022117));
#5052=CARTESIAN_POINT('Ctrl Pts',(0.,-44.4418557691533,-132.263349773858));
#5053=CARTESIAN_POINT('Ctrl Pts',(-1.16479357591618E-16,-44.4584372492319,
-132.728622534662));
#5054=CARTESIAN_POINT('Ctrl Pts',(-1.62828059021137E-16,-44.4448520994222,
-133.201850764291));
#5055=CARTESIAN_POINT('Ctrl Pts',(-3.07890762499836E-17,-44.4319686342718,
-133.650636349285));
#5056=CARTESIAN_POINT('Ctrl Pts',(1.84080590389527E-16,-44.3919541335142,
-134.106577277899));
#5057=CARTESIAN_POINT('Ctrl Pts',(2.15100240985992E-16,-44.3321378476351,
-134.546008283501));
#5058=CARTESIAN_POINT('Ctrl Pts',(-2.8807579409135E-17,-44.2936262521321,
-134.828927707375));
#5059=CARTESIAN_POINT('Ctrl Pts',(2.37764024551811E-16,-44.246906630477,
-135.105002534913));
#5060=CARTESIAN_POINT('Ctrl Pts',(2.35024183549492E-16,-44.1939376378157,
-135.367904935131));
#5061=CARTESIAN_POINT('Ctrl Pts',(-5.07221141455683E-17,-44.1873165137331,
-135.400767735158));
#5062=CARTESIAN_POINT('Ctrl Pts',(2.34254366960005E-16,-44.1805977462901,
-135.433424702506));
#5063=CARTESIAN_POINT('Ctrl Pts',(2.33765331660487E-16,-44.1737851636025,
-135.465863466694));
#5064=CARTESIAN_POINT('Ctrl Pts',(-5.47449546831175E-17,-44.1724729469244,
-135.472111711939));
#5065=CARTESIAN_POINT('Ctrl Pts',(2.33574649918306E-16,-44.1711572495934,
-135.478351861585));
#5066=CARTESIAN_POINT('Ctrl Pts',(2.33476040928703E-16,-44.169838098969,
-135.484583827217));
#5067=CARTESIAN_POINT('Ctrl Pts',(-5.57607797819858E-17,-44.1688258764216,
-135.489365795258));
#5068=CARTESIAN_POINT('Ctrl Pts',(2.33323453830905E-16,-44.1678115043818,
-135.494143536148));
#5069=CARTESIAN_POINT('Ctrl Pts',(2.33244994832289E-16,-44.1667904869607,
-135.498938042475));
#5070=CARTESIAN_POINT('Ctrl Pts',(-6.01202702278905E-17,-44.1533571268304,
-135.562018582338));
#5071=CARTESIAN_POINT('Ctrl Pts',(2.30921044371209E-16,-44.1389708766391,
-135.627064281665));
#5072=CARTESIAN_POINT('Ctrl Pts',(2.29538708426348E-16,-44.1236149858918,
-135.693539702972));
#5073=CARTESIAN_POINT('Ctrl Pts',(-7.39744933527697E-17,-44.1082436654439,
-135.760081919222));
#5074=CARTESIAN_POINT('Ctrl Pts',(2.26679920288381E-16,-44.0919005646375,
-135.828056673314));
#5075=CARTESIAN_POINT('Ctrl Pts',(2.25384595274407E-16,-44.0745875439073,
-135.896877997747));
#5076=CARTESIAN_POINT('Ctrl Pts',(-9.06174494312995E-17,-44.057063084612,
-135.96653981572));
#5077=CARTESIAN_POINT('Ctrl Pts',(2.22946036389419E-16,-44.0385446886046,
-136.037068900326));
#5078=CARTESIAN_POINT('Ctrl Pts',(2.22395081604268E-16,-44.0190562726682,
-136.10780856098));
#5079=CARTESIAN_POINT('Ctrl Pts',(-1.05730140553039E-16,-44.0111617610188,
-136.136464305856));
#5080=CARTESIAN_POINT('Ctrl Pts',(2.22044604925033E-16,-44.003108337282,
-136.165154060414));
#5081=CARTESIAN_POINT('Ctrl Pts',(2.22044604925031E-16,-43.9948986913984,
-136.193832021638));
#5082=CARTESIAN_POINT('Ctrl Pts',(-5.55111512312625E-17,-43.9646649212702,
-136.299444724021));
#5083=CARTESIAN_POINT('Ctrl Pts',(3.89549777158436E-17,-43.9323150782509,
-136.404892889133));
#5084=CARTESIAN_POINT('Ctrl Pts',(4.60367591895731E-17,-43.8976865735265,
-136.508357413734));
#5085=CARTESIAN_POINT('Ctrl Pts',(-4.65263817167247E-17,-43.8673866318926,
-136.59888887276));
#5086=CARTESIAN_POINT('Ctrl Pts',(6.08947957528457E-17,-43.8353413326593,
-136.687900726511));
#5087=CARTESIAN_POINT('Ctrl Pts',(7.15806725080411E-17,-43.8014311489924,
-136.774214050136));
#5088=CARTESIAN_POINT('Ctrl Pts',(-2.86025235493901E-17,-43.7717597382838,
-136.849738208307));
#5089=CARTESIAN_POINT('Ctrl Pts',(9.18259437056408E-17,-43.7406601634928,
-136.923196228949));
#5090=CARTESIAN_POINT('Ctrl Pts',(1.03807148138789E-16,-43.7080504500016,
-136.993835941036));
#5091=CARTESIAN_POINT('Ctrl Pts',(-1.11156427073153E-17,-43.7043530266616,
-137.001845361918));
#5092=CARTESIAN_POINT('Ctrl Pts',(-2.15879461529829E-15,-43.7006361898577,
-137.0098185959));
#5093=CARTESIAN_POINT('Ctrl Pts',(-2.15676777122906E-15,-43.6968998212087,
-137.017754582579));
#5094=CARTESIAN_POINT('Ctrl Pts',(-8.2836831892011E-18,-43.6943396562354,
-137.023192331644));
#5095=CARTESIAN_POINT('Ctrl Pts',(1.09827607796842E-16,-43.6917708022249,
-137.028611585678));
#5096=CARTESIAN_POINT('Ctrl Pts',(1.10789003518843E-16,-43.6891917170118,
-137.034015155545));
#5097=CARTESIAN_POINT('Ctrl Pts',(-6.21859527173808E-18,-43.6871860186801,
-137.038217394002));
#5098=CARTESIAN_POINT('Ctrl Pts',(1.12289247290702E-16,-43.6851710241502,
-137.042416685016));
#5099=CARTESIAN_POINT('Ctrl Pts',(1.13048360052035E-16,-43.6831421790517,
-137.046621920956));
#5100=CARTESIAN_POINT('Ctrl Pts',(4.86668976107911E-18,-43.6494391067614,
-137.116479087955));
#5101=CARTESIAN_POINT('Ctrl Pts',(1.39965287384485E-16,-43.6123249309557,
-137.187122606989));
#5102=CARTESIAN_POINT('Ctrl Pts',(1.55263832771339E-16,-43.5715988897358,
-137.255930819938));
#5103=CARTESIAN_POINT('Ctrl Pts',(4.33385098888552E-17,-43.5394086630099,
-137.310317446016));
#5104=CARTESIAN_POINT('Ctrl Pts',(1.80056692876702E-16,-43.5049606518356,
-137.363555418466));
#5105=CARTESIAN_POINT('Ctrl Pts',(1.92758532909494E-16,-43.4681435583655,
-137.414373452836));
#5106=CARTESIAN_POINT('Ctrl Pts',(8.37750017068626E-17,-43.4394188359104,
-137.454021719318));
#5107=CARTESIAN_POINT('Ctrl Pts',(3.33091570458296E-16,-43.4092517144869,
-137.492197069708));
#5108=CARTESIAN_POINT('Ctrl Pts',(3.33066844949091E-16,-43.3775884142345,
-137.528318149133));
#5109=CARTESIAN_POINT('Ctrl Pts',(1.11018782610323E-16,-43.3731608763292,
-137.533369026555));
#5110=CARTESIAN_POINT('Ctrl Pts',(3.32916418646764E-16,-43.3687053147222,
-137.538378418653));
#5111=CARTESIAN_POINT('Ctrl Pts',(3.32633472323772E-16,-43.3642177177732,
-137.543349055745));
#5112=CARTESIAN_POINT('Ctrl Pts',(1.08832105953569E-16,-43.3363550573993,
-137.574210823126));
#5113=CARTESIAN_POINT('Ctrl Pts',(3.23779408555155E-16,-43.30703190711,
-137.603827354456));
#5114=CARTESIAN_POINT('Ctrl Pts',(3.13389929208632E-16,-43.2761720349913,
-137.631670504455));
#5115=CARTESIAN_POINT('Ctrl Pts',(7.54292481989677E-17,-43.228896511722,
-137.674324585476));
#5116=CARTESIAN_POINT('Ctrl Pts',(2.73564376662382E-16,-43.1780160671457,
-137.712812517107));
#5117=CARTESIAN_POINT('Ctrl Pts',(2.5361570557725E-16,-43.1232435796389,
-137.745252544833));
#5118=CARTESIAN_POINT('Ctrl Pts',(2.94911208442758E-17,-43.1175326394184,
-137.74863495574));
#5119=CARTESIAN_POINT('Ctrl Pts',(2.49503765397381E-16,-43.1117793739005,
-137.751951662962));
#5120=CARTESIAN_POINT('Ctrl Pts',(2.47536819426395E-16,-43.1059834499525,
-137.755200570112));
#5121=CARTESIAN_POINT('Ctrl Pts',(2.39907207943791E-17,-43.1015590562668,
-137.757680665505));
#5122=CARTESIAN_POINT('Ctrl Pts',(2.44571887048311E-16,-43.0971099505498,
-137.760121063331));
#5123=CARTESIAN_POINT('Ctrl Pts',(2.43158223677113E-16,-43.0926493673359,
-137.762513987547));
#5124=CARTESIAN_POINT('Ctrl Pts',(6.36600102833033E-18,-43.0461156752247,
-137.787477449355));
#5125=CARTESIAN_POINT('Ctrl Pts',(-3.35834577123107E-16,-42.9979998700106,
-137.807465020096));
#5126=CARTESIAN_POINT('Ctrl Pts',(-3.32195824276672E-16,-42.9481962448836,
-137.822241244313));
#5127=CARTESIAN_POINT('Ctrl Pts',(3.60014774570157E-18,-42.9108435260384,
-137.833323412475));
#5128=CARTESIAN_POINT('Ctrl Pts',(-3.20552564751426E-16,-42.8725422282304,
-137.841473743927));
#5129=CARTESIAN_POINT('Ctrl Pts',(-3.08850012925361E-16,-42.8332492554395,
-137.846592154081));
#5130=CARTESIAN_POINT('Ctrl Pts',(2.59233959809731E-17,-42.8275194352479,
-137.847338536138));
#5131=CARTESIAN_POINT('Ctrl Pts',(-3.0537674732386E-16,-42.8217652739466,
-137.848020622635));
#5132=CARTESIAN_POINT('Ctrl Pts',(-3.03570806069099E-16,-42.8160186752301,
-137.848635194454));
#5133=CARTESIAN_POINT('Ctrl Pts',(5.0407128501125E-17,-42.7494787024308,
-137.85575133291));
#5134=CARTESIAN_POINT('Ctrl Pts',(-2.56864734075531E-16,-42.6830442155414,
-137.853942564515));
#5135=CARTESIAN_POINT('Ctrl Pts',(-2.40435176637906E-16,-42.6172746434477,
-137.845027393992));
#5136=CARTESIAN_POINT('Ctrl Pts',(1.03974285419E-16,-42.5718689793034,-137.83887258371));
#5137=CARTESIAN_POINT('Ctrl Pts',(-2.22044604925043E-16,-42.5267813441239,
-137.82933175418));
#5138=CARTESIAN_POINT('Ctrl Pts',(-2.22044604925031E-16,-42.4822062072349,
-137.817006966881));
#5139=CARTESIAN_POINT('Ctrl Pts',(-5.97782588184853,-38.0398916412473,-126.741422846442));
#5140=CARTESIAN_POINT('Ctrl Pts',(-5.9790096214618,-38.1193687259797,-126.814377728025));
#5141=CARTESIAN_POINT('Ctrl Pts',(-5.98466485426296,-38.2689429414077,-126.965218613289));
#5142=CARTESIAN_POINT('Ctrl Pts',(-5.96362881074604,-38.5147480361957,-127.224961807304));
#5143=CARTESIAN_POINT('Ctrl Pts',(-5.91205628823205,-38.9556288378978,-127.696253329887));
#5144=CARTESIAN_POINT('Ctrl Pts',(-5.69781298677216,-40.0792847632348,-128.890129000504));
#5145=CARTESIAN_POINT('Ctrl Pts',(-4.17068104768399,-43.0269317252943,-130.956044660716));
#5146=CARTESIAN_POINT('Ctrl Pts',(-1.82730473013156,-44.3468486384624,-131.799192054794));
#5147=CARTESIAN_POINT('Ctrl Pts',(-0.60910157671052,-44.3865247541861,-131.833726022116));
#5148=CARTESIAN_POINT('Ctrl Pts',(1.38777878078145E-16,-44.3865247541861,
-131.833726022116));
#5149=CARTESIAN_POINT('Ctrl Pts',(-5.97782588184853,-38.0398916412473,-126.741422846442));
#5150=CARTESIAN_POINT('Ctrl Pts',(-5.9790096214618,-38.1193687259797,-126.814377728025));
#5151=CARTESIAN_POINT('Ctrl Pts',(-5.98183723786238,-38.1941558336937,-126.889798170657));
#5152=CARTESIAN_POINT('Ctrl Pts',(-5.9741468325045,-38.3918454888017,-127.095090210297));
#5153=CARTESIAN_POINT('Ctrl Pts',(-5.96362881074604,-38.5147480361957,-127.224961807304));
#5154=CARTESIAN_POINT('Ctrl Pts',(-5.91205628823205,-38.9556288378978,-127.696253329887));
#5155=CARTESIAN_POINT('Ctrl Pts',(-5.69781298677216,-40.0792847632348,-128.890129000504));
#5156=CARTESIAN_POINT('Ctrl Pts',(-4.17068104768399,-43.0269317252943,-130.956044660716));
#5157=CARTESIAN_POINT('Ctrl Pts',(-1.82730473013156,-44.3468486384624,-131.799192054794));
#5158=CARTESIAN_POINT('Ctrl Pts',(4.16333634234434E-16,-44.406362812048,
-131.850993005777));
#5159=CARTESIAN_POINT('Ctrl Pts',(1.82730473013156,-44.3468486384624,-131.799192054794));
#5160=CARTESIAN_POINT('Ctrl Pts',(4.170681047684,-43.0269317252942,-130.956044660716));
#5161=CARTESIAN_POINT('Ctrl Pts',(5.69781298677216,-40.0792847632348,-128.890129000504));
#5162=CARTESIAN_POINT('Ctrl Pts',(5.91205628823205,-38.9556288378978,-127.696253329887));
#5163=CARTESIAN_POINT('Ctrl Pts',(5.96362881074603,-38.5147480361957,-127.224961807304));
#5164=CARTESIAN_POINT('Ctrl Pts',(5.9741468325045,-38.3918454888017,-127.095090210297));
#5165=CARTESIAN_POINT('Ctrl Pts',(5.98183723786238,-38.1941558336937,-126.889798170657));
#5166=CARTESIAN_POINT('Ctrl Pts',(5.9790096214618,-38.1193687259797,-126.814377728025));
#5167=CARTESIAN_POINT('Ctrl Pts',(5.97782588184853,-38.0398916412473,-126.741422846442));
#5168=CARTESIAN_POINT('Ctrl Pts',(-5.97718923569348,-37.9774750366535,-126.621119806535));
#5169=CARTESIAN_POINT('Ctrl Pts',(-5.977965921018,-38.0614661958091,-126.679400666739));
#5170=CARTESIAN_POINT('Ctrl Pts',(-5.98218854440254,-38.1397245916457,-126.75353092311));
#5171=CARTESIAN_POINT('Ctrl Pts',(-5.97536598051112,-38.3482267310331,-126.95090684083));
#5172=CARTESIAN_POINT('Ctrl Pts',(-5.9640742618912,-38.47739444007,-127.080273960928));
#5173=CARTESIAN_POINT('Ctrl Pts',(-5.91328241972118,-38.913547407524,-127.525725807342));
#5174=CARTESIAN_POINT('Ctrl Pts',(-5.70154700210398,-40.0316278991485,-128.675348593327));
#5175=CARTESIAN_POINT('Ctrl Pts',(-4.18596133882212,-42.9749069547456,-130.647861820544));
#5176=CARTESIAN_POINT('Ctrl Pts',(-1.83149491964582,-44.3007126006638,-131.452852984664));
#5177=CARTESIAN_POINT('Ctrl Pts',(3.81639164714898E-16,-44.3620890124156,
-131.50127958372));
#5178=CARTESIAN_POINT('Ctrl Pts',(1.83149491964582,-44.3007126006638,-131.452852984664));
#5179=CARTESIAN_POINT('Ctrl Pts',(4.18596133882212,-42.9749069547456,-130.647861820544));
#5180=CARTESIAN_POINT('Ctrl Pts',(5.70154700210398,-40.0316278991485,-128.675348593327));
#5181=CARTESIAN_POINT('Ctrl Pts',(5.91328241972118,-38.9135474075241,-127.525725807342));
#5182=CARTESIAN_POINT('Ctrl Pts',(5.96407426189119,-38.47739444007,-127.080273960928));
#5183=CARTESIAN_POINT('Ctrl Pts',(5.97536598051112,-38.3482267310331,-126.95090684083));
#5184=CARTESIAN_POINT('Ctrl Pts',(5.98218854440254,-38.1397245916457,-126.75353092311));
#5185=CARTESIAN_POINT('Ctrl Pts',(5.977965921018,-38.0614661958091,-126.679400666739));
#5186=CARTESIAN_POINT('Ctrl Pts',(5.97718923569348,-37.9774750366535,-126.621119806535));
#5187=CARTESIAN_POINT('Ctrl Pts',(-5.97677102698708,-37.9199152863128,-126.514873984291));
#5188=CARTESIAN_POINT('Ctrl Pts',(-5.97754590246709,-38.0002195077154,-126.561280095578));
#5189=CARTESIAN_POINT('Ctrl Pts',(-5.97991582393333,-38.0858592850093,-126.627675578001));
#5190=CARTESIAN_POINT('Ctrl Pts',(-5.97336115846056,-38.2987491266864,-126.815973217841));
#5191=CARTESIAN_POINT('Ctrl Pts',(-5.96523844597124,-38.4238747896232,-126.937105988264));
#5192=CARTESIAN_POINT('Ctrl Pts',(-5.91401893779383,-38.8589241018488,-127.364039655452));
#5193=CARTESIAN_POINT('Ctrl Pts',(-5.70417443860127,-39.9677120199612,-128.472048413512));
#5194=CARTESIAN_POINT('Ctrl Pts',(-4.2020334250736,-42.899152874544,-130.360689635535));
#5195=CARTESIAN_POINT('Ctrl Pts',(-1.83692053237914,-44.2303815735307,-131.130192034368));
#5196=CARTESIAN_POINT('Ctrl Pts',(2.42861286636753E-16,-44.2916401258936,
-131.174867379475));
#5197=CARTESIAN_POINT('Ctrl Pts',(1.83692053237914,-44.2303815735307,-131.130192034368));
#5198=CARTESIAN_POINT('Ctrl Pts',(4.20203342507361,-42.899152874544,-130.360689635534));
#5199=CARTESIAN_POINT('Ctrl Pts',(5.70417443860127,-39.9677120199612,-128.472048413512));
#5200=CARTESIAN_POINT('Ctrl Pts',(5.91401893779383,-38.8589241018488,-127.364039655452));
#5201=CARTESIAN_POINT('Ctrl Pts',(5.96523844597123,-38.4238747896232,-126.937105988264));
#5202=CARTESIAN_POINT('Ctrl Pts',(5.97336115846056,-38.2987491266864,-126.815973217841));
#5203=CARTESIAN_POINT('Ctrl Pts',(5.97991582393332,-38.0858592850094,-126.627675578001));
#5204=CARTESIAN_POINT('Ctrl Pts',(5.97754590246709,-38.0002195077154,-126.561280095578));
#5205=CARTESIAN_POINT('Ctrl Pts',(5.97677102698708,-37.9199152863128,-126.514873984291));
#5206=CARTESIAN_POINT('Ctrl Pts',(-5.97621969270604,-37.7867787701764,-126.292522260618));
#5207=CARTESIAN_POINT('Ctrl Pts',(-5.97693538527418,-37.8646425037472,-126.316523784846));
#5208=CARTESIAN_POINT('Ctrl Pts',(-5.97854782878986,-37.9537705151248,-126.372929457716));
#5209=CARTESIAN_POINT('Ctrl Pts',(-5.97220502714867,-38.1708970580489,-126.54396953309));
#5210=CARTESIAN_POINT('Ctrl Pts',(-5.96449793136493,-38.2961330850172,-126.656283727592));
#5211=CARTESIAN_POINT('Ctrl Pts',(-5.91456610834715,-38.7273357296446,-127.052364450475));
#5212=CARTESIAN_POINT('Ctrl Pts',(-5.70746031964542,-39.8117192737894,-128.081078453744));
#5213=CARTESIAN_POINT('Ctrl Pts',(-4.23462780340483,-42.7062495086746,-129.815231947303));
#5214=CARTESIAN_POINT('Ctrl Pts',(-1.84894765773397,-44.0458343325718,-130.517096970222));
#5215=CARTESIAN_POINT('Ctrl Pts',(1.64798730217797E-16,-44.1040835018837,
-130.553990823417));
#5216=CARTESIAN_POINT('Ctrl Pts',(1.84894765773396,-44.0458343325718,-130.517096970222));
#5217=CARTESIAN_POINT('Ctrl Pts',(4.23462780340483,-42.7062495086746,-129.815231947303));
#5218=CARTESIAN_POINT('Ctrl Pts',(5.70746031964542,-39.8117192737894,-128.081078453744));
#5219=CARTESIAN_POINT('Ctrl Pts',(5.91456610834715,-38.7273357296446,-127.052364450475));
#5220=CARTESIAN_POINT('Ctrl Pts',(5.96449793136492,-38.2961330850172,-126.656283727592));
#5221=CARTESIAN_POINT('Ctrl Pts',(5.97220502714867,-38.1708970580489,-126.54396953309));
#5222=CARTESIAN_POINT('Ctrl Pts',(5.97854782878986,-37.9537705151248,-126.372929457716));
#5223=CARTESIAN_POINT('Ctrl Pts',(5.97693538527418,-37.8646425037472,-126.316523784846));
#5224=CARTESIAN_POINT('Ctrl Pts',(5.97621969270604,-37.7867787701764,-126.292522260618));
#5225=CARTESIAN_POINT('Ctrl Pts',(-5.97608656713141,-37.7112020043809,-126.176416359188));
#5226=CARTESIAN_POINT('Ctrl Pts',(-5.97677243639255,-37.7870804720186,-126.193384855697));
#5227=CARTESIAN_POINT('Ctrl Pts',(-5.97809584658532,-37.8783595505107,-126.246316464203));
#5228=CARTESIAN_POINT('Ctrl Pts',(-5.97168763340054,-38.0965571839744,-126.411013067252));
#5229=CARTESIAN_POINT('Ctrl Pts',(-5.96383772338383,-38.2221093964518,-126.520418757437));
#5230=CARTESIAN_POINT('Ctrl Pts',(-5.91437676082782,-38.6503706631155,-126.902375397388));
#5231=CARTESIAN_POINT('Ctrl Pts',(-5.70811876419229,-39.7196424068048,-127.893408673791));
#5232=CARTESIAN_POINT('Ctrl Pts',(-4.25115009548457,-42.5891002230067,-129.556946444082));
#5233=CARTESIAN_POINT('Ctrl Pts',(-1.85554917035547,-43.931618118746,-130.226662856371));
#5234=CARTESIAN_POINT('Ctrl Pts',(1.56125112837913E-16,-43.986975764396,
-130.259526471606));
#5235=CARTESIAN_POINT('Ctrl Pts',(1.85554917035547,-43.931618118746,-130.226662856371));
#5236=CARTESIAN_POINT('Ctrl Pts',(4.25115009548457,-42.5891002230067,-129.556946444082));
#5237=CARTESIAN_POINT('Ctrl Pts',(5.70811876419229,-39.7196424068049,-127.893408673791));
#5238=CARTESIAN_POINT('Ctrl Pts',(5.91437676082782,-38.6503706631155,-126.902375397388));
#5239=CARTESIAN_POINT('Ctrl Pts',(5.96383772338383,-38.2221093964518,-126.520418757437));
#5240=CARTESIAN_POINT('Ctrl Pts',(5.97168763340054,-38.0965571839744,-126.411013067252));
#5241=CARTESIAN_POINT('Ctrl Pts',(5.97809584658532,-37.8783595505107,-126.246316464203));
#5242=CARTESIAN_POINT('Ctrl Pts',(5.97677243639255,-37.7870804720186,-126.193384855697));
#5243=CARTESIAN_POINT('Ctrl Pts',(5.9760865671314,-37.7112020043808,-126.176416359188));
#5244=CARTESIAN_POINT('Ctrl Pts',(-5.97611481510516,-37.4574461838118,-125.813308536123));
#5245=CARTESIAN_POINT('Ctrl Pts',(-5.97660729426572,-37.5390135536947,-125.828130810393));
#5246=CARTESIAN_POINT('Ctrl Pts',(-5.97731993668805,-37.6335828456774,-125.876049971897));
#5247=CARTESIAN_POINT('Ctrl Pts',(-5.97019080407103,-37.8512318015926,-126.021475937824));
#5248=CARTESIAN_POINT('Ctrl Pts',(-5.96234902903169,-37.9743114655251,-126.118982742247));
#5249=CARTESIAN_POINT('Ctrl Pts',(-5.91249996174331,-38.3900758068717,-126.460975422571));
#5250=CARTESIAN_POINT('Ctrl Pts',(-5.70750685848519,-39.4077058877626,-127.342849851432));
#5251=CARTESIAN_POINT('Ctrl Pts',(-4.29969220386844,-42.1846546785632,-128.805718014292));
#5252=CARTESIAN_POINT('Ctrl Pts',(-1.87517513822733,-43.5298988851935,-129.38100666465));
#5253=CARTESIAN_POINT('Ctrl Pts',(-1.38777878078145E-16,-43.5742012597048,
-129.402073320037));
#5254=CARTESIAN_POINT('Ctrl Pts',(1.87517513822733,-43.5298988851935,-129.38100666465));
#5255=CARTESIAN_POINT('Ctrl Pts',(4.29969220386843,-42.1846546785632,-128.805718014292));
#5256=CARTESIAN_POINT('Ctrl Pts',(5.7075068584852,-39.4077058877626,-127.342849851432));
#5257=CARTESIAN_POINT('Ctrl Pts',(5.91249996174331,-38.3900758068717,-126.460975422571));
#5258=CARTESIAN_POINT('Ctrl Pts',(5.96234902903169,-37.974311465525,-126.118982742247));
#5259=CARTESIAN_POINT('Ctrl Pts',(5.97019080407103,-37.8512318015926,-126.021475937824));
#5260=CARTESIAN_POINT('Ctrl Pts',(5.97731993668805,-37.6335828456774,-125.876049971897));
#5261=CARTESIAN_POINT('Ctrl Pts',(5.97660729426571,-37.5390135536947,-125.828130810393));
#5262=CARTESIAN_POINT('Ctrl Pts',(5.97611481510515,-37.4574461838118,-125.813308536123));
#5263=CARTESIAN_POINT('Ctrl Pts',(-5.97929134299848,-36.8959974356832,-125.135409743579));
#5264=CARTESIAN_POINT('Ctrl Pts',(-5.97898763856695,-36.9791312278848,-125.14106038971));
#5265=CARTESIAN_POINT('Ctrl Pts',(-5.97808826375895,-37.0698541920458,-125.173806940218));
#5266=CARTESIAN_POINT('Ctrl Pts',(-5.96741855307145,-37.2713579961957,-125.279730751306));
#5267=CARTESIAN_POINT('Ctrl Pts',(-5.95764821719195,-37.3821388361846,-125.352908011886));
#5268=CARTESIAN_POINT('Ctrl Pts',(-5.90351133746826,-37.7518874677569,-125.612444210713));
#5269=CARTESIAN_POINT('Ctrl Pts',(-5.69593408968026,-38.641009177323,-126.291534276711));
#5270=CARTESIAN_POINT('Ctrl Pts',(-4.39267734921481,-41.1637728399162,-127.397773474212));
#5271=CARTESIAN_POINT('Ctrl Pts',(-1.91371279400046,-42.490178049789,-127.792278880528));
#5272=CARTESIAN_POINT('Ctrl Pts',(-1.38777878078145E-16,-42.5028470814105,
-127.790926632367));
#5273=CARTESIAN_POINT('Ctrl Pts',(1.91371279400046,-42.4901780497891,-127.792278880528));
#5274=CARTESIAN_POINT('Ctrl Pts',(4.39267734921481,-41.1637728399161,-127.397773474212));
#5275=CARTESIAN_POINT('Ctrl Pts',(5.69593408968026,-38.6410091773231,-126.291534276712));
#5276=CARTESIAN_POINT('Ctrl Pts',(5.90351133746827,-37.7518874677569,-125.612444210713));
#5277=CARTESIAN_POINT('Ctrl Pts',(5.95764821719194,-37.3821388361846,-125.352908011886));
#5278=CARTESIAN_POINT('Ctrl Pts',(5.96741855307145,-37.2713579961957,-125.279730751306));
#5279=CARTESIAN_POINT('Ctrl Pts',(5.97808826375895,-37.0698541920458,-125.173806940218));
#5280=CARTESIAN_POINT('Ctrl Pts',(5.97898763856695,-36.9791312278848,-125.14106038971));
#5281=CARTESIAN_POINT('Ctrl Pts',(5.97929134299848,-36.8959974356832,-125.135409743579));
#5282=CARTESIAN_POINT('Ctrl Pts',(-5.97841835905098,-35.5490605723568,-123.839907816822));
#5283=CARTESIAN_POINT('Ctrl Pts',(-5.97447521633621,-35.6333583861718,-123.823245592635));
#5284=CARTESIAN_POINT('Ctrl Pts',(-5.96879863852272,-35.7169911198212,-123.826307140345));
#5285=CARTESIAN_POINT('Ctrl Pts',(-5.94814765339582,-35.8897545528077,-123.860545929748));
#5286=CARTESIAN_POINT('Ctrl Pts',(-5.9331732460824,-35.9788852521449,-123.89172317144));
#5287=CARTESIAN_POINT('Ctrl Pts',(-5.86555684093851,-36.2647664877165,-124.010430662767));
#5288=CARTESIAN_POINT('Ctrl Pts',(-5.63955129783618,-36.9104855090999,-124.348548710423));
#5289=CARTESIAN_POINT('Ctrl Pts',(-4.45915417044336,-38.7661541904128,-124.735683126002));
#5290=CARTESIAN_POINT('Ctrl Pts',(-1.89667402743929,-39.8461856678541,-124.749558043434));
#5291=CARTESIAN_POINT('Ctrl Pts',(0.,-39.8297103085169,-124.745205238897));
#5292=CARTESIAN_POINT('Ctrl Pts',(1.89667402743928,-39.8461856678542,-124.749558043434));
#5293=CARTESIAN_POINT('Ctrl Pts',(4.45915417044336,-38.7661541904129,-124.735683126003));
#5294=CARTESIAN_POINT('Ctrl Pts',(5.63955129783618,-36.9104855090999,-124.348548710423));
#5295=CARTESIAN_POINT('Ctrl Pts',(5.86555684093851,-36.2647664877164,-124.010430662767));
#5296=CARTESIAN_POINT('Ctrl Pts',(5.9331732460824,-35.9788852521449,-123.89172317144));
#5297=CARTESIAN_POINT('Ctrl Pts',(5.94814765339582,-35.8897545528077,-123.860545929748));
#5298=CARTESIAN_POINT('Ctrl Pts',(5.96879863852272,-35.7169911198212,-123.826307140345));
#5299=CARTESIAN_POINT('Ctrl Pts',(5.97447521633621,-35.6333583861717,-123.823245592635));
#5300=CARTESIAN_POINT('Ctrl Pts',(5.97841835905098,-35.5490605723567,-123.839907816822));
#5301=CARTESIAN_POINT('Ctrl Pts',(-5.97326879405756,-34.442439550568,-122.974049190687));
#5302=CARTESIAN_POINT('Ctrl Pts',(-5.97047779047928,-34.5368649989237,-122.927559288993));
#5303=CARTESIAN_POINT('Ctrl Pts',(-5.96650283366416,-34.6143233601385,-122.891829064769));
#5304=CARTESIAN_POINT('Ctrl Pts',(-5.94981748138099,-34.7498484672036,-122.834776389392));
#5305=CARTESIAN_POINT('Ctrl Pts',(-5.93710708591293,-34.8079152130539,-122.81345393824));
#5306=CARTESIAN_POINT('Ctrl Pts',(-5.87632144326043,-34.9748418659342,-122.76043087159));
#5307=CARTESIAN_POINT('Ctrl Pts',(-5.66413233296218,-35.2796008330117,-122.698161885512));
#5308=CARTESIAN_POINT('Ctrl Pts',(-4.47534276007593,-36.5146142864317,-122.386571066068));
#5309=CARTESIAN_POINT('Ctrl Pts',(-1.95324175353842,-37.0568773954979,-121.88925609391));
#5310=CARTESIAN_POINT('Ctrl Pts',(-1.11022302462516E-15,-37.0983437761272,
-121.918482011419));
#5311=CARTESIAN_POINT('Ctrl Pts',(1.95324175353842,-37.0568773954979,-121.88925609391));
#5312=CARTESIAN_POINT('Ctrl Pts',(4.47534276007593,-36.5146142864317,-122.386571066069));
#5313=CARTESIAN_POINT('Ctrl Pts',(5.66413233296217,-35.2796008330117,-122.698161885512));
#5314=CARTESIAN_POINT('Ctrl Pts',(5.87632144326043,-34.9748418659342,-122.76043087159));
#5315=CARTESIAN_POINT('Ctrl Pts',(5.93710708591293,-34.8079152130539,-122.81345393824));
#5316=CARTESIAN_POINT('Ctrl Pts',(5.94981748138099,-34.7498484672036,-122.834776389392));
#5317=CARTESIAN_POINT('Ctrl Pts',(5.96650283366417,-34.6143233601385,-122.891829064769));
#5318=CARTESIAN_POINT('Ctrl Pts',(5.97047779047929,-34.5368649989237,-122.927559288993));
#5319=CARTESIAN_POINT('Ctrl Pts',(5.97326879405757,-34.442439550568,-122.974049190687));
#5320=CARTESIAN_POINT('Ctrl Pts',(-6.07121255411042,-33.2841484707089,-122.049953078896));
#5321=CARTESIAN_POINT('Ctrl Pts',(-6.06685439572236,-33.3469692194099,-121.982922613237));
#5322=CARTESIAN_POINT('Ctrl Pts',(-6.0631485148535,-33.39678670285,-121.934458479554));
#5323=CARTESIAN_POINT('Ctrl Pts',(-6.04848122706836,-33.4804303616032,-121.860474931281));
#5324=CARTESIAN_POINT('Ctrl Pts',(-6.03751982015209,-33.5142565369164,-121.834955516691));
#5325=CARTESIAN_POINT('Ctrl Pts',(-5.98091218870343,-33.6067709342581,-121.771532434273));
#5326=CARTESIAN_POINT('Ctrl Pts',(-5.77280328300669,-33.7559432145501,-121.697226914841));
#5327=CARTESIAN_POINT('Ctrl Pts',(-4.43788202769897,-34.4261944534472,-120.984810917937));
#5328=CARTESIAN_POINT('Ctrl Pts',(-1.86181223870347,-35.4371009612612,-120.496962421668));
#5329=CARTESIAN_POINT('Ctrl Pts',(5.55111512312578E-16,-35.5101026409349,
-120.589713580871));
#5330=CARTESIAN_POINT('Ctrl Pts',(1.86181223870347,-35.4371009612612,-120.496962421668));
#5331=CARTESIAN_POINT('Ctrl Pts',(4.43788202769897,-34.4261944534471,-120.984810917937));
#5332=CARTESIAN_POINT('Ctrl Pts',(5.77280328300669,-33.7559432145501,-121.697226914841));
#5333=CARTESIAN_POINT('Ctrl Pts',(5.98091218870343,-33.6067709342581,-121.771532434273));
#5334=CARTESIAN_POINT('Ctrl Pts',(6.03751982015209,-33.5142565369164,-121.834955516691));
#5335=CARTESIAN_POINT('Ctrl Pts',(6.04848122706836,-33.4804303616032,-121.860474931281));
#5336=CARTESIAN_POINT('Ctrl Pts',(6.0631485148535,-33.39678670285,-121.934458479554));
#5337=CARTESIAN_POINT('Ctrl Pts',(6.06685439572236,-33.3469692194099,-121.982922613237));
#5338=CARTESIAN_POINT('Ctrl Pts',(6.07121255411042,-33.2841484707089,-122.049953078896));
#5339=CARTESIAN_POINT('Ctrl Pts',(-5.54700629746067,-31.3962023224301,-121.024153643162));
#5340=CARTESIAN_POINT('Ctrl Pts',(-5.54661795258518,-31.4351924687629,-120.961498967059));
#5341=CARTESIAN_POINT('Ctrl Pts',(-5.54476323566137,-31.464433635197,-120.912492665658));
#5342=CARTESIAN_POINT('Ctrl Pts',(-5.53313836200972,-31.5119728008474,-120.832518416592));
#5343=CARTESIAN_POINT('Ctrl Pts',(-5.52336820528188,-31.5302708000639,-120.801550468927));
#5344=CARTESIAN_POINT('Ctrl Pts',(-5.47471053183124,-31.5815822357571,-120.721816563034));
#5345=CARTESIAN_POINT('Ctrl Pts',(-5.30000637186147,-31.6698748593187,-120.615028499663));
#5346=CARTESIAN_POINT('Ctrl Pts',(-4.3229269641261,-32.2586655476043,-120.144943396116));
#5347=CARTESIAN_POINT('Ctrl Pts',(-1.85095800995608,-32.8118828071803,-119.730640171492));
#5348=CARTESIAN_POINT('Ctrl Pts',(-5.55111512312578E-16,-32.7564572866843,
-119.692892840742));
#5349=CARTESIAN_POINT('Ctrl Pts',(1.85095800995608,-32.8118828071804,-119.730640171492));
#5350=CARTESIAN_POINT('Ctrl Pts',(4.3229269641261,-32.2586655476042,-120.144943396116));
#5351=CARTESIAN_POINT('Ctrl Pts',(5.30000637186146,-31.6698748593187,-120.615028499663));
#5352=CARTESIAN_POINT('Ctrl Pts',(5.47471053183124,-31.5815822357571,-120.721816563034));
#5353=CARTESIAN_POINT('Ctrl Pts',(5.52336820528188,-31.5302708000639,-120.801550468927));
#5354=CARTESIAN_POINT('Ctrl Pts',(5.53313836200972,-31.5119728008475,-120.832518416592));
#5355=CARTESIAN_POINT('Ctrl Pts',(5.54476323566137,-31.464433635197,-120.912492665658));
#5356=CARTESIAN_POINT('Ctrl Pts',(5.54661795258518,-31.435192468763,-120.961498967059));
#5357=CARTESIAN_POINT('Ctrl Pts',(5.54700629746067,-31.3962023224301,-121.024153643162));
#5358=CARTESIAN_POINT('Ctrl Pts',(-6.99922793393893,-30.1771094624023,-119.841691121571));
#5359=CARTESIAN_POINT('Ctrl Pts',(-6.99647596119378,-30.2305641285233,-119.767443338975));
#5360=CARTESIAN_POINT('Ctrl Pts',(-6.99271041662593,-30.2726768002567,-119.709874092038));
#5361=CARTESIAN_POINT('Ctrl Pts',(-6.9757042919143,-30.3429718066092,-119.615805342976));
#5362=CARTESIAN_POINT('Ctrl Pts',(-6.96246371177051,-30.3711541412283,-119.579305840851));
#5363=CARTESIAN_POINT('Ctrl Pts',(-6.89735758007937,-30.4479361169053,-119.482980961942));
#5364=CARTESIAN_POINT('Ctrl Pts',(-6.66560775165805,-30.5704399555378,-119.343025713981));
#5365=CARTESIAN_POINT('Ctrl Pts',(-5.32479669659334,-31.144531555965,-118.635999926476));
#5366=CARTESIAN_POINT('Ctrl Pts',(-2.22045806920147,-31.5741402864129,-118.006040966972));
#5367=CARTESIAN_POINT('Ctrl Pts',(0.,-31.5857334468696,-118.031544342559));
#5368=CARTESIAN_POINT('Ctrl Pts',(2.22045806920147,-31.5741402864129,-118.006040966972));
#5369=CARTESIAN_POINT('Ctrl Pts',(5.32479669659334,-31.144531555965,-118.635999926476));
#5370=CARTESIAN_POINT('Ctrl Pts',(6.66560775165803,-30.5704399555378,-119.343025713981));
#5371=CARTESIAN_POINT('Ctrl Pts',(6.89735758007937,-30.4479361169053,-119.482980961942));
#5372=CARTESIAN_POINT('Ctrl Pts',(6.96246371177051,-30.3711541412283,-119.579305840851));
#5373=CARTESIAN_POINT('Ctrl Pts',(6.9757042919143,-30.3429718066092,-119.615805342976));
#5374=CARTESIAN_POINT('Ctrl Pts',(6.99271041662594,-30.2726768002567,-119.709874092038));
#5375=CARTESIAN_POINT('Ctrl Pts',(6.99647596119378,-30.2305641285233,-119.767443338975));
#5376=CARTESIAN_POINT('Ctrl Pts',(6.99922793393894,-30.1771094624023,-119.841691121571));
#5377=CARTESIAN_POINT('Ctrl Pts',(-6.08682146731667,-28.4522989974305,-118.922536437929));
#5378=CARTESIAN_POINT('Ctrl Pts',(-6.08423726537634,-28.4939501931945,-118.856370911048));
#5379=CARTESIAN_POINT('Ctrl Pts',(-6.08019120685985,-28.5245226917827,-118.807727298788));
#5380=CARTESIAN_POINT('Ctrl Pts',(-6.06386982539543,-28.5712262803188,-118.731717621629));
#5381=CARTESIAN_POINT('Ctrl Pts',(-6.05159450244749,-28.5873573702665,-118.70435155673));
#5382=CARTESIAN_POINT('Ctrl Pts',(-5.99446631003774,-28.6256625057159,-118.633520260256));
#5383=CARTESIAN_POINT('Ctrl Pts',(-5.79900103095446,-28.6619202390382,-118.536925260194));
#5384=CARTESIAN_POINT('Ctrl Pts',(-4.74884801774665,-28.9835462493569,-117.775294645013));
#5385=CARTESIAN_POINT('Ctrl Pts',(-1.96259793286293,-29.3701648885486,-117.181627163776));
#5386=CARTESIAN_POINT('Ctrl Pts',(5.55111512312578E-16,-29.3813655480925,
-117.205277928374));
#5387=CARTESIAN_POINT('Ctrl Pts',(1.96259793286293,-29.3701648885486,-117.181627163776));
#5388=CARTESIAN_POINT('Ctrl Pts',(4.74884801774665,-28.9835462493569,-117.775294645013));
#5389=CARTESIAN_POINT('Ctrl Pts',(5.79900103095446,-28.6619202390381,-118.536925260194));
#5390=CARTESIAN_POINT('Ctrl Pts',(5.99446631003774,-28.6256625057158,-118.633520260256));
#5391=CARTESIAN_POINT('Ctrl Pts',(6.0515945024475,-28.5873573702666,-118.70435155673));
#5392=CARTESIAN_POINT('Ctrl Pts',(6.06386982539544,-28.5712262803187,-118.731717621629));
#5393=CARTESIAN_POINT('Ctrl Pts',(6.08019120685986,-28.5245226917827,-118.807727298788));
#5394=CARTESIAN_POINT('Ctrl Pts',(6.08423726537634,-28.4939501931945,-118.856370911048));
#5395=CARTESIAN_POINT('Ctrl Pts',(6.08682146731668,-28.4522989974305,-118.922536437929));
#5396=CARTESIAN_POINT('Ctrl Pts',(-6.62907351435457,-26.326506354835,-117.101741650692));
#5397=CARTESIAN_POINT('Ctrl Pts',(-6.62526504040046,-26.3775509714631,-117.016351917337));
#5398=CARTESIAN_POINT('Ctrl Pts',(-6.62010457566191,-26.4169481240019,-116.950551521965));
#5399=CARTESIAN_POINT('Ctrl Pts',(-6.60033949714908,-26.4808698200117,-116.844965441881));
#5400=CARTESIAN_POINT('Ctrl Pts',(-6.58573488337479,-26.5053943634828,-116.805179757167));
#5401=CARTESIAN_POINT('Ctrl Pts',(-6.51764456729803,-26.5692925589605,-116.705098821054));
#5402=CARTESIAN_POINT('Ctrl Pts',(-6.28435803612883,-26.6583872101741,-116.582041420931));
#5403=CARTESIAN_POINT('Ctrl Pts',(-5.00560760775641,-27.1187087434681,-115.972630196093));
#5404=CARTESIAN_POINT('Ctrl Pts',(-2.14124137817602,-27.5747020607466,-115.338512472461));
#5405=CARTESIAN_POINT('Ctrl Pts',(-2.77555756156289E-16,-27.5709890792516,
-115.344631072449));
#5406=CARTESIAN_POINT('Ctrl Pts',(2.14124137817602,-27.5747020607467,-115.338512472461));
#5407=CARTESIAN_POINT('Ctrl Pts',(5.0056076077564,-27.1187087434681,-115.972630196093));
#5408=CARTESIAN_POINT('Ctrl Pts',(6.28435803612884,-26.6583872101741,-116.582041420931));
#5409=CARTESIAN_POINT('Ctrl Pts',(6.51764456729802,-26.5692925589605,-116.705098821054));
#5410=CARTESIAN_POINT('Ctrl Pts',(6.58573488337479,-26.5053943634828,-116.805179757167));
#5411=CARTESIAN_POINT('Ctrl Pts',(6.60033949714907,-26.4808698200117,-116.84496544188));
#5412=CARTESIAN_POINT('Ctrl Pts',(6.62010457566191,-26.4169481240019,-116.950551521965));
#5413=CARTESIAN_POINT('Ctrl Pts',(6.62526504040045,-26.3775509714631,-117.016351917337));
#5414=CARTESIAN_POINT('Ctrl Pts',(6.62907351435457,-26.326506354835,-117.101741650692));
#5415=CARTESIAN_POINT('Ctrl Pts',(-6.10543692879147,-21.4665319625411,-115.07002462357));
#5416=CARTESIAN_POINT('Ctrl Pts',(-6.10452828308128,-21.4903125570431,-115.017929629581));
#5417=CARTESIAN_POINT('Ctrl Pts',(-6.10393871012913,-21.5094544777729,-114.974400790169));
#5418=CARTESIAN_POINT('Ctrl Pts',(-6.09587777002343,-21.5423517031747,-114.897063105704));
#5419=CARTESIAN_POINT('Ctrl Pts',(-6.08840640286988,-21.5561070078465,-114.863254260649));
#5420=CARTESIAN_POINT('Ctrl Pts',(-6.04438970053085,-21.5951290950044,-114.765289244823));
#5421=CARTESIAN_POINT('Ctrl Pts',(-5.86994589233935,-21.664197961889,-114.583205290522));
#5422=CARTESIAN_POINT('Ctrl Pts',(-4.69595781140274,-21.9678800920457,-113.904223532212));
#5423=CARTESIAN_POINT('Ctrl Pts',(-2.12982128732063,-22.2574325024995,-113.395452521801));
#5424=CARTESIAN_POINT('Ctrl Pts',(1.11022302462516E-15,-22.3023297382941,
-113.288632158807));
#5425=CARTESIAN_POINT('Ctrl Pts',(2.12982128732063,-22.2574325024995,-113.395452521801));
#5426=CARTESIAN_POINT('Ctrl Pts',(4.69595781140274,-21.9678800920457,-113.904223532212));
#5427=CARTESIAN_POINT('Ctrl Pts',(5.86994589233935,-21.664197961889,-114.583205290522));
#5428=CARTESIAN_POINT('Ctrl Pts',(6.04438970053085,-21.5951290950044,-114.765289244823));
#5429=CARTESIAN_POINT('Ctrl Pts',(6.08840640286988,-21.5561070078466,-114.863254260649));
#5430=CARTESIAN_POINT('Ctrl Pts',(6.09587777002343,-21.5423517031747,-114.897063105704));
#5431=CARTESIAN_POINT('Ctrl Pts',(6.10393871012914,-21.509454477773,-114.974400790169));
#5432=CARTESIAN_POINT('Ctrl Pts',(6.10452828308129,-21.4903125570431,-115.017929629581));
#5433=CARTESIAN_POINT('Ctrl Pts',(6.10543692879149,-21.4665319625411,-115.07002462357));
#5434=CARTESIAN_POINT('Ctrl Pts',(-5.95533149879824,-17.9027203833729,-113.093088360112));
#5435=CARTESIAN_POINT('Ctrl Pts',(-5.95408127636416,-17.8908195439744,-113.000675962796));
#5436=CARTESIAN_POINT('Ctrl Pts',(-5.95342844458322,-17.8624374567496,-112.910990373856));
#5437=CARTESIAN_POINT('Ctrl Pts',(-5.9465633584744,-17.7879599587802,-112.737029506362));
#5438=CARTESIAN_POINT('Ctrl Pts',(-5.94035110414652,-17.7418645480357,-112.652754227808));
#5439=CARTESIAN_POINT('Ctrl Pts',(-5.90324390156267,-17.5998820887219,-112.40797889818));
#5440=CARTESIAN_POINT('Ctrl Pts',(-5.75514773799407,-17.3011322617733,-111.950630263054));
#5441=CARTESIAN_POINT('Ctrl Pts',(-4.73365977551584,-17.6442416698943,-111.346794276622));
#5442=CARTESIAN_POINT('Ctrl Pts',(-2.10836666959077,-18.0403628695074,-110.777953356563));
#5443=CARTESIAN_POINT('Ctrl Pts',(0.,-18.1188691999962,-110.695839125372));
#5444=CARTESIAN_POINT('Ctrl Pts',(2.10836666959077,-18.0403628695074,-110.777953356563));
#5445=CARTESIAN_POINT('Ctrl Pts',(4.73365977551584,-17.6442416698943,-111.346794276622));
#5446=CARTESIAN_POINT('Ctrl Pts',(5.75514773799407,-17.3011322617733,-111.950630263054));
#5447=CARTESIAN_POINT('Ctrl Pts',(5.90324390156267,-17.5998820887219,-112.40797889818));
#5448=CARTESIAN_POINT('Ctrl Pts',(5.94035110414652,-17.7418645480357,-112.652754227808));
#5449=CARTESIAN_POINT('Ctrl Pts',(5.9465633584744,-17.7879599587803,-112.737029506362));
#5450=CARTESIAN_POINT('Ctrl Pts',(5.95342844458322,-17.8624374567496,-112.910990373856));
#5451=CARTESIAN_POINT('Ctrl Pts',(5.95408127636416,-17.8908195439744,-113.000675962796));
#5452=CARTESIAN_POINT('Ctrl Pts',(5.95533149879824,-17.9027203833729,-113.093088360112));
#5453=CARTESIAN_POINT('Ctrl Pts',(-5.86507576846157,-16.3455727077983,-112.279067195297));
#5454=CARTESIAN_POINT('Ctrl Pts',(-5.85985400383053,-16.3720206799519,-112.210107838047));
#5455=CARTESIAN_POINT('Ctrl Pts',(-5.85441860034143,-16.3901134993777,-112.151858551503));
#5456=CARTESIAN_POINT('Ctrl Pts',(-5.83681474126133,-16.4158546409989,-112.049677987168));
#5457=CARTESIAN_POINT('Ctrl Pts',(-5.82464628567032,-16.4235029631943,-112.005746709378));
#5458=CARTESIAN_POINT('Ctrl Pts',(-5.76858267916583,-16.4401798962725,-111.884776690145));
#5459=CARTESIAN_POINT('Ctrl Pts',(-5.57822250723089,-16.4484616283971,-111.686131908236));
#5460=CARTESIAN_POINT('Ctrl Pts',(-4.49144429623075,-16.7128523386235,-111.14540559489));
#5461=CARTESIAN_POINT('Ctrl Pts',(-1.79203780479772,-17.0257802750323,-110.580300209127));
#5462=CARTESIAN_POINT('Ctrl Pts',(1.38777878078145E-16,-17.080893145281,
-110.513280581638));
#5463=CARTESIAN_POINT('Ctrl Pts',(1.79203780479772,-17.0257802750323,-110.580300209127));
#5464=CARTESIAN_POINT('Ctrl Pts',(4.49144429623075,-16.7128523386235,-111.14540559489));
#5465=CARTESIAN_POINT('Ctrl Pts',(5.57822250723089,-16.4484616283971,-111.686131908235));
#5466=CARTESIAN_POINT('Ctrl Pts',(5.76858267916583,-16.4401798962725,-111.884776690145));
#5467=CARTESIAN_POINT('Ctrl Pts',(5.82464628567032,-16.4235029631943,-112.005746709378));
#5468=CARTESIAN_POINT('Ctrl Pts',(5.83681474126132,-16.4158546409989,-112.049677987168));
#5469=CARTESIAN_POINT('Ctrl Pts',(5.85441860034143,-16.3901134993777,-112.151858551503));
#5470=CARTESIAN_POINT('Ctrl Pts',(5.85985400383053,-16.3720206799519,-112.210107838047));
#5471=CARTESIAN_POINT('Ctrl Pts',(5.86507576846157,-16.3455727077983,-112.279067195297));
#5472=CARTESIAN_POINT('Ctrl Pts',(1.40777242607026E-16,-18.3033457714369,
-110.994032954547));
#5473=CARTESIAN_POINT('Ctrl Pts',(1.6749166954609E-16,-18.5962853330991,
-111.132247657471));
#5474=CARTESIAN_POINT('Ctrl Pts',(2.1113098955043E-16,-18.9127038081726,
-111.293472409909));
#5475=CARTESIAN_POINT('Ctrl Pts',(2.42011957135191E-16,-19.244652826355,
-111.468535865782));
#5476=CARTESIAN_POINT('Ctrl Pts',(-2.51577131551804E-15,-19.3691337081734,
-111.534184661734));
#5477=CARTESIAN_POINT('Ctrl Pts',(2.65583287051791E-16,-19.4957986584962,
-111.60177963692));
#5478=CARTESIAN_POINT('Ctrl Pts',(2.77684558564857E-16,-19.6242288984126,
-111.670837621995));
#5479=CARTESIAN_POINT('Ctrl Pts',(2.92709381270079E-16,-19.680417128376,
-111.701050490466));
#5480=CARTESIAN_POINT('Ctrl Pts',(2.88294287026571E-16,-19.7369432492352,
-111.731543392289));
#5481=CARTESIAN_POINT('Ctrl Pts',(2.9360569208776E-16,-19.7937722073822,
-111.762275886012));
#5482=CARTESIAN_POINT('Ctrl Pts',(3.066975394134E-16,-19.8011483099672,
-111.766264803525));
#5483=CARTESIAN_POINT('Ctrl Pts',(2.94984554956746E-16,-19.8085310700402,
-111.770258599237));
#5484=CARTESIAN_POINT('Ctrl Pts',(2.95673583681837E-16,-19.8159154378957,
-111.77425449356));
#5485=CARTESIAN_POINT('Ctrl Pts',(3.0915816609778E-16,-19.8224845973338,
-111.777809255107));
#5486=CARTESIAN_POINT('Ctrl Pts',(2.96898351750311E-16,-19.8290463791498,
-111.78136099682));
#5487=CARTESIAN_POINT('Ctrl Pts',(2.97508371708288E-16,-19.8355943255826,
-111.784906177823));
#5488=CARTESIAN_POINT('Ctrl Pts',(3.19152947146298E-16,-19.9093194076689,
-111.824822319952));
#5489=CARTESIAN_POINT('Ctrl Pts',(3.1104468025915E-16,-19.9815775463388,
-111.864060613609));
#5490=CARTESIAN_POINT('Ctrl Pts',(3.17497337351281E-16,-20.0525527686921,
-111.902664453262));
#5491=CARTESIAN_POINT('Ctrl Pts',(3.43913617085012E-16,-20.1287536048563,
-111.94411053491));
#5492=CARTESIAN_POINT('Ctrl Pts',(3.31104995795014E-16,-20.2034759770534,
-111.984825711597));
#5493=CARTESIAN_POINT('Ctrl Pts',(3.37532111560481E-16,-20.2769919891547,
-112.024905676786));
#5494=CARTESIAN_POINT('Ctrl Pts',(3.69263116993693E-16,-20.3614315238568,
-112.070941003168));
#5495=CARTESIAN_POINT('Ctrl Pts',(3.5196325293764E-16,-20.4442795859933,
-112.116138566159));
#5496=CARTESIAN_POINT('Ctrl Pts',(3.58682535312698E-16,-20.5260028345616,
-112.160692050973));
#5497=CARTESIAN_POINT('Ctrl Pts',(3.95873894505385E-16,-20.6189029644348,
-112.211338893799));
#5498=CARTESIAN_POINT('Ctrl Pts',(3.73533970869592E-16,-20.7103501792087,
-112.261154454653));
#5499=CARTESIAN_POINT('Ctrl Pts',(3.8032742393554E-16,-20.8010906102376,
-112.31047174134));
#5500=CARTESIAN_POINT('Ctrl Pts',(4.23549991390362E-16,-20.9085553034126,
-112.368878639147));
#5501=CARTESIAN_POINT('Ctrl Pts',(3.95832751739247E-16,-21.0150301319572,
-112.426589365059));
#5502=CARTESIAN_POINT('Ctrl Pts',(4.02682855584948E-16,-21.1218173791344,
-112.484190585549));
#5503=CARTESIAN_POINT('Ctrl Pts',(4.44084117795532E-16,-21.1494066514988,
-112.499072285402));
#5504=CARTESIAN_POINT('Ctrl Pts',(4.06181208874089E-16,-21.1770139882071,
-112.513945064501));
#5505=CARTESIAN_POINT('Ctrl Pts',(4.07866570883013E-16,-21.2046460040007,
-112.528810266839));
#5506=CARTESIAN_POINT('Ctrl Pts',(4.55783004847222E-16,-21.2969286037424,
-112.578455559737));
#5507=CARTESIAN_POINT('Ctrl Pts',(4.18648779315349E-16,-21.3895341132097,
-112.628044288729));
#5508=CARTESIAN_POINT('Ctrl Pts',(4.23257287974885E-16,-21.483265170174,
-112.677910259453));
#5509=CARTESIAN_POINT('Ctrl Pts',(4.74221214412306E-16,-21.5658248963034,
-112.721832957217));
#5510=CARTESIAN_POINT('Ctrl Pts',(4.30952952061929E-16,-21.6492587278175,
-112.765971479923));
#5511=CARTESIAN_POINT('Ctrl Pts',(4.34077236429167E-16,-21.7340981335046,
-112.810519701542));
#5512=CARTESIAN_POINT('Ctrl Pts',(4.87676586232364E-16,-21.8089337953205,
-112.849815069308));
#5513=CARTESIAN_POINT('Ctrl Pts',(4.39190448345864E-16,-21.8848634208946,
-112.88942942738));
#5514=CARTESIAN_POINT('Ctrl Pts',(4.41053787837464E-16,-21.9622306235298,
-112.929461955545));
#5515=CARTESIAN_POINT('Ctrl Pts',(4.96274165615599E-16,-22.0139819977009,
-112.956239947685));
#5516=CARTESIAN_POINT('Ctrl Pts',(4.43324899021687E-16,-22.0663761827868,
-112.983204386482));
#5517=CARTESIAN_POINT('Ctrl Pts',(4.44089209850064E-16,-22.1195085583504,
-113.010373942571));
#5518=CARTESIAN_POINT('Ctrl Pts',(4.44089209850062E-16,-22.2056080822835,
-113.054401445951));
#5519=CARTESIAN_POINT('Ctrl Pts',(4.085291293824E-16,-22.2936286611031,
-113.098958426774));
#5520=CARTESIAN_POINT('Ctrl Pts',(4.07042839057678E-16,-22.3840927096097,
-113.144277499132));
#5521=CARTESIAN_POINT('Ctrl Pts',(4.40726474166238E-16,-22.4708005713203,
-113.187714863739));
#5522=CARTESIAN_POINT('Ctrl Pts',(4.03528151198929E-16,-22.5597536303045,
-113.231852129189));
#5523=CARTESIAN_POINT('Ctrl Pts',(4.00696619943023E-16,-22.6513734082987,
-113.276865084462));
#5524=CARTESIAN_POINT('Ctrl Pts',(4.33449270281071E-16,-22.7388470763151,
-113.319841048737));
#5525=CARTESIAN_POINT('Ctrl Pts',(3.94613493548365E-16,-22.8287519625246,
-113.363615013574));
#5526=CARTESIAN_POINT('Ctrl Pts',(3.90480924980337E-16,-22.9214132865487,
-113.408316102404));
#5527=CARTESIAN_POINT('Ctrl Pts',(4.22435585448693E-16,-23.0097179031307,
-113.450915456035));
#5528=CARTESIAN_POINT('Ctrl Pts',(3.81920197409125E-16,-23.1005262090678,
-113.494356570589));
#5529=CARTESIAN_POINT('Ctrl Pts',(3.76544614577143E-16,-23.1940756656342,
-113.538732257961));
#5530=CARTESIAN_POINT('Ctrl Pts',(4.12141378373585E-16,-23.2063848604682,
-113.544571190669));
#5531=CARTESIAN_POINT('Ctrl Pts',(3.7511694445057E-16,-23.2187414433412,
-113.550426278638));
#5532=CARTESIAN_POINT('Ctrl Pts',(3.74383401010807E-16,-23.2311458893395,
-113.556297710741));
#5533=CARTESIAN_POINT('Ctrl Pts',(4.10329352705992E-16,-23.2384649354829,
-113.559762055904));
#5534=CARTESIAN_POINT('Ctrl Pts',(3.73513176696756E-16,-23.2458006621679,
-113.563232099421));
#5535=CARTESIAN_POINT('Ctrl Pts',(3.73071146999635E-16,-23.2531531108072,
-113.566707854));
#5536=CARTESIAN_POINT('Ctrl Pts',(4.09160329249824E-16,-23.2587786893356,
-113.569367257865));
#5537=CARTESIAN_POINT('Ctrl Pts',(3.72392206650826E-16,-23.2644109109457,
-113.572028515356));
#5538=CARTESIAN_POINT('Ctrl Pts',(3.72049926141103E-16,-23.2700339706748,
-113.574684170706));
#5539=CARTESIAN_POINT('Ctrl Pts',(3.99075000498533E-16,-23.4314433009288,
-113.650914474511));
#5540=CARTESIAN_POINT('Ctrl Pts',(3.50906749329579E-16,-23.5889655104328,
-113.724263889264));
#5541=CARTESIAN_POINT('Ctrl Pts',(3.38589070323079E-16,-23.7423802478332,
-113.795005339765));
#5542=CARTESIAN_POINT('Ctrl Pts',(3.64900927948529E-16,-23.8954001879489,
-113.865564744309));
#5543=CARTESIAN_POINT('Ctrl Pts',(3.13022706199641E-16,-24.0443337817577,
-113.933529660299));
#5544=CARTESIAN_POINT('Ctrl Pts',(2.99184227445525E-16,-24.1890093774347,
-113.999148841016));
#5545=CARTESIAN_POINT('Ctrl Pts',(3.33228025308129E-16,-24.2590173669489,
-114.030901721618));
#5546=CARTESIAN_POINT('Ctrl Pts',(2.85659962737169E-16,-24.328029034639,
-114.062105002636));
#5547=CARTESIAN_POINT('Ctrl Pts',(2.78745476130045E-16,-24.3960288406217,
-114.09278492634));
#5548=CARTESIAN_POINT('Ctrl Pts',(3.1601770898034E-16,-24.4438332400585,
-114.114353154458));
#5549=CARTESIAN_POINT('Ctrl Pts',(2.68980780031952E-16,-24.4911371158461,
-114.135662478706));
#5550=CARTESIAN_POINT('Ctrl Pts',(2.64049124447388E-16,-24.53793386466,
-114.156720757569));
#5551=CARTESIAN_POINT('Ctrl Pts',(2.96313408345352E-16,-24.648581438459,
-114.206511555511));
#5552=CARTESIAN_POINT('Ctrl Pts',(2.40569688946902E-16,-24.7564385942926,
-114.254920235843));
#5553=CARTESIAN_POINT('Ctrl Pts',(2.28713269753625E-16,-24.8619362935621,
-114.302269957464));
#5554=CARTESIAN_POINT('Ctrl Pts',(2.64525003835554E-16,-24.9658453520887,
-114.348906661668));
#5555=CARTESIAN_POINT('Ctrl Pts',(2.05320190222924E-16,-25.0674658435964,
-114.394515511918));
#5556=CARTESIAN_POINT('Ctrl Pts',(1.93664839155463E-16,-25.167169183204,
-114.439376018831));
#5557=CARTESIAN_POINT('Ctrl Pts',(2.340646969275E-16,-25.2649324203248,
-114.483363596297));
#5558=CARTESIAN_POINT('Ctrl Pts',(1.70864522943322E-16,-25.3608526994324,
-114.526631220552));
#5559=CARTESIAN_POINT('Ctrl Pts',(1.59635625642236E-16,-25.4552362015134,
-114.569421350237));
#5560=CARTESIAN_POINT('Ctrl Pts',(2.05672469042613E-16,-25.5473134317987,
-114.611165898151));
#5561=CARTESIAN_POINT('Ctrl Pts',(1.37861934055124E-16,-25.6379283314218,
-114.652455630186));
#5562=CARTESIAN_POINT('Ctrl Pts',(1.27262707269083E-16,-25.7273188392993,
-114.693501403613));
#5563=CARTESIAN_POINT('Ctrl Pts',(1.79983469331432E-16,-25.8142428209293,
-114.733414612969));
#5564=CARTESIAN_POINT('Ctrl Pts',(1.06856628072344E-16,-25.9000092817755,
-114.773096835165));
#5565=CARTESIAN_POINT('Ctrl Pts',(9.70553292458488E-17,-25.984789090672,
-114.812733189686));
#5566=CARTESIAN_POINT('Ctrl Pts',(1.57539246748174E-16,-26.0670684398092,
-114.851200526362));
#5567=CARTESIAN_POINT('Ctrl Pts',(7.83111259752447E-17,-26.1484186997204,
-114.889624405517));
#5568=CARTESIAN_POINT('Ctrl Pts',(6.94613923187647E-17,-26.228947030123,
-114.928169715985));
#5569=CARTESIAN_POINT('Ctrl Pts',(1.38940394081325E-16,-26.3058261887725,
-114.964968331129));
#5570=CARTESIAN_POINT('Ctrl Pts',(5.29120534959074E-17,-26.3819563000443,
-115.00187741207));
#5571=CARTESIAN_POINT('Ctrl Pts',(4.52713855223914E-17,-26.4573833289445,
-115.039039734801));
#5572=CARTESIAN_POINT('Ctrl Pts',(1.24678733048218E-16,-26.5308134111151,
-115.075218177087));
#5573=CARTESIAN_POINT('Ctrl Pts',(3.08301976407885E-17,-26.6035773803006,
-115.111636446281));
#5574=CARTESIAN_POINT('Ctrl Pts',(2.43936361399534E-17,-26.6756693062397,
-115.148428407414));
#5575=CARTESIAN_POINT('Ctrl Pts',(1.15125384384154E-16,-26.7448869479554,
-115.183753483705));
#5576=CARTESIAN_POINT('Ctrl Pts',(1.25554944119056E-17,-26.8134851807176,
-115.219422894956));
#5577=CARTESIAN_POINT('Ctrl Pts',(7.56467036943362E-18,-26.8814112729164,
-115.255559510241));
#5578=CARTESIAN_POINT('Ctrl Pts',(1.11344184530746E-16,-26.9185871760147,
-115.275337054696));
#5579=CARTESIAN_POINT('Ctrl Pts',(2.30217784702719E-18,-26.9555608990326,
-115.295254633908));
#5580=CARTESIAN_POINT('Ctrl Pts',(-5.5220263365466E-30,-26.9923171578235,
-115.315333240521));
#5581=CARTESIAN_POINT('Ctrl Pts',(5.15608842364538E-17,-27.076409726166,
-115.361269950468));
#5582=CARTESIAN_POINT('Ctrl Pts',(-9.79262025512877E-17,-27.1604038403982,
-115.408623014206));
#5583=CARTESIAN_POINT('Ctrl Pts',(-1.03433188773584E-16,-27.2440313090131,
-115.457340766561));
#5584=CARTESIAN_POINT('Ctrl Pts',(4.49952202779063E-17,-27.3215196070473,
-115.502482103212));
#5585=CARTESIAN_POINT('Ctrl Pts',(-1.12563500410527E-16,-27.3986926425928,
-115.548795095627));
#5586=CARTESIAN_POINT('Ctrl Pts',(-1.15461541403021E-16,-27.4753761018555,
-115.596216525863));
#5587=CARTESIAN_POINT('Ctrl Pts',(4.45219110020779E-17,-27.5474576936014,
-115.64079213848));
#5588=CARTESIAN_POINT('Ctrl Pts',(-1.19911550876773E-16,-27.6191063363781,
-115.686347146465));
#5589=CARTESIAN_POINT('Ctrl Pts',(-1.20627537902866E-16,-27.6902189644153,
-115.732808798472));
#5590=CARTESIAN_POINT('Ctrl Pts',(4.92409259127218E-17,-27.7577043967082,
-115.776900611098));
#5591=CARTESIAN_POINT('Ctrl Pts',(-1.21076805898327E-16,-27.8247067926963,
-115.82180895165));
#5592=CARTESIAN_POINT('Ctrl Pts',(-1.19960691888631E-16,-27.891181608258,
-115.867452672647));
#5593=CARTESIAN_POINT('Ctrl Pts',(5.8542457762008E-17,-27.9577741839825,
-115.913177251514));
#5594=CARTESIAN_POINT('Ctrl Pts',(-1.16834957356359E-16,-28.0238365673115,
-115.959640013938));
#5595=CARTESIAN_POINT('Ctrl Pts',(-1.14001664079103E-16,-28.0893771068075,
-116.006738046362));
#5596=CARTESIAN_POINT('Ctrl Pts',(7.18834336820782E-17,-28.148162453321,
-116.048981735192));
#5597=CARTESIAN_POINT('Ctrl Pts',(-1.08255157376915E-16,-28.2065282736371,
-116.091736314311));
#5598=CARTESIAN_POINT('Ctrl Pts',(-1.04464549345896E-16,-28.2645246015703,
-116.134910937848));
#5599=CARTESIAN_POINT('Ctrl Pts',(8.75508696279304E-17,-28.3206761236619,
-116.176712219303));
#5600=CARTESIAN_POINT('Ctrl Pts',(-9.65756317021764E-17,-28.3764810666764,
-116.218907278858));
#5601=CARTESIAN_POINT('Ctrl Pts',(-9.19111462065914E-17,-28.4320287495177,
-116.261397930527));
#5602=CARTESIAN_POINT('Ctrl Pts',(-2.63070300175892E-15,-28.4859432490158,
-116.302639294718));
#5603=CARTESIAN_POINT('Ctrl Pts',(-8.24365563314395E-17,-28.5396151912068,
-116.344159155294));
#5604=CARTESIAN_POINT('Ctrl Pts',(-7.7196206149664E-17,-28.5931713512669,
-116.385852215534));
#5605=CARTESIAN_POINT('Ctrl Pts',(1.24963850284219E-16,-28.6452617167347,
-116.426404165915));
#5606=CARTESIAN_POINT('Ctrl Pts',(-6.67249628193163E-17,-28.6972423626374,
-116.467119994676));
#5607=CARTESIAN_POINT('Ctrl Pts',(-6.12227445077966E-17,-28.7492760978072,
-116.507887471922));
#5608=CARTESIAN_POINT('Ctrl Pts',(1.42940957814455E-16,-28.782282442606,
-116.533747337761));
#5609=CARTESIAN_POINT('Ctrl Pts',(-5.41915422701839E-17,-28.81531107821,
-116.559627677787));
#5610=CARTESIAN_POINT('Ctrl Pts',(-5.06453873592805E-17,-28.8484141815184,
-116.585496408778));
#5611=CARTESIAN_POINT('Ctrl Pts',(1.54696240344061E-16,-28.8699295778731,
-116.602309817337));
#5612=CARTESIAN_POINT('Ctrl Pts',(-4.60336056125157E-17,-28.8914772796973,
-116.619118792517));
#5613=CARTESIAN_POINT('Ctrl Pts',(-4.37387045773219E-17,-28.9130715260935,
-116.635912238381));
#5614=CARTESIAN_POINT('Ctrl Pts',(1.62930211104348E-16,-28.931269248858,
-116.650064270662));
#5615=CARTESIAN_POINT('Ctrl Pts',(-3.98800368386921E-17,-28.9494942262075,
-116.664200706643));
#5616=CARTESIAN_POINT('Ctrl Pts',(-3.79749230314494E-17,-28.9677429508679,
-116.678304799673));
#5617=CARTESIAN_POINT('Ctrl Pts',(1.74718426579066E-16,-29.0198082713442,
-116.718545097957));
#5618=CARTESIAN_POINT('Ctrl Pts',(-2.72598884678396E-17,-29.0720823397495,
-116.758536679693));
#5619=CARTESIAN_POINT('Ctrl Pts',(-2.23771791827841E-17,-29.1246939316399,
-116.798027652147));
#5620=CARTESIAN_POINT('Ctrl Pts',(1.95383282369581E-16,-29.1832187370486,
-116.841957162646));
#5621=CARTESIAN_POINT('Ctrl Pts',(-1.20059289275793E-17,-29.2421616163482,
-116.885266473891));
#5622=CARTESIAN_POINT('Ctrl Pts',(-7.91432232464323E-18,-29.301767741873,
-116.927624736894));
#5623=CARTESIAN_POINT('Ctrl Pts',(2.13524021158834E-16,-29.3487526334055,
-116.961013895729));
#5624=CARTESIAN_POINT('Ctrl Pts',(-1.99162424286649E-18,-29.3961514307425,
-116.993812349012));
#5625=CARTESIAN_POINT('Ctrl Pts',(-3.69778549322431E-30,-29.4441039632408,
-117.025868686197));
#5626=CARTESIAN_POINT('Ctrl Pts',(1.79520385253897E-16,-29.5222758699049,
-117.078126718627));
#5627=CARTESIAN_POINT('Ctrl Pts',(-2.81710734365047E-15,-29.601162099014,
-117.127912752148));
#5628=CARTESIAN_POINT('Ctrl Pts',(-2.82121780660117E-15,-29.6805820407574,
-117.175869173172));
#5629=CARTESIAN_POINT('Ctrl Pts',(2.05726185545485E-16,-29.7815733921554,
-117.236851133888));
#5630=CARTESIAN_POINT('Ctrl Pts',(2.08278031528586E-16,-29.8834299937129,
-117.294873521223));
#5631=CARTESIAN_POINT('Ctrl Pts',(2.00662388358188E-16,-29.9858014982551,
-117.351175895016));
#5632=CARTESIAN_POINT('Ctrl Pts',(2.11771352039933E-16,-30.0769279253759,
-117.401293690833));
#5633=CARTESIAN_POINT('Ctrl Pts',(1.85645911407634E-16,-30.1684647448447,
-117.450044614997));
#5634=CARTESIAN_POINT('Ctrl Pts',(1.76145357669704E-16,-30.2601424327196,
-117.49829285805));
#5635=CARTESIAN_POINT('Ctrl Pts',(1.99545348191879E-16,-30.3371266558602,
-117.538808206936));
#5636=CARTESIAN_POINT('Ctrl Pts',(1.59298111358658E-16,-30.4142106068432,
-117.578967940871));
#5637=CARTESIAN_POINT('Ctrl Pts',(1.49647237889216E-16,-30.4912033781014,
-117.619304573136));
#5638=CARTESIAN_POINT('Ctrl Pts',(1.77272743632804E-16,-30.5611164164357,
-117.655932122342));
#5639=CARTESIAN_POINT('Ctrl Pts',(1.31475638836075E-16,-30.6309545470111,
-117.692704961605));
#5640=CARTESIAN_POINT('Ctrl Pts',(1.21506830098582E-16,-30.7005422610109,
-117.730051150716));
#5641=CARTESIAN_POINT('Ctrl Pts',(1.48277918715461E-16,-30.7635101129862,
-117.763844606093));
#5642=CARTESIAN_POINT('Ctrl Pts',(1.03006659708056E-16,-30.8262729565214,
-117.798107327951));
#5643=CARTESIAN_POINT('Ctrl Pts',(9.31345365172313E-17,-30.8886709986373,
-117.833186355645));
#5644=CARTESIAN_POINT('Ctrl Pts',(1.14712935923482E-16,-30.948433498293,
-117.866783730007));
#5645=CARTESIAN_POINT('Ctrl Pts',(7.38641170666978E-17,-31.0078615847025,
-117.901129573553));
#5646=CARTESIAN_POINT('Ctrl Pts',(6.37538357526785E-17,-31.0667840298946,
-117.936561595259));
#5647=CARTESIAN_POINT('Ctrl Pts',(8.4935785772672E-17,-31.0866991789321,
-117.948537235283));
#5648=CARTESIAN_POINT('Ctrl Pts',(5.68858687947071E-17,-31.1065562813945,
-117.960637265108));
#5649=CARTESIAN_POINT('Ctrl Pts',(5.34041665777518E-17,-31.1263478090026,
-117.972875729813));
#5650=CARTESIAN_POINT('Ctrl Pts',(7.34355821903371E-17,-31.1362071159836,
-117.9789724184));
#5651=CARTESIAN_POINT('Ctrl Pts',(4.99276247457389E-17,-31.1460501421499,
-117.985103469675));
#5652=CARTESIAN_POINT('Ctrl Pts',(4.81782041744308E-17,-31.1558759098305,
-117.991270672248));
#5653=CARTESIAN_POINT('Ctrl Pts',(6.62417090210286E-17,-31.1662317873889,
-117.997770601495));
#5654=CARTESIAN_POINT('Ctrl Pts',(4.44811714276497E-17,-31.1765758071255,
-118.004315257206));
#5655=CARTESIAN_POINT('Ctrl Pts',(4.26179773294554E-17,-31.186911777571,
-118.010910251498));
#5656=CARTESIAN_POINT('Ctrl Pts',(4.99625862930873E-17,-31.2323207907546,
-118.039884036236));
#5657=CARTESIAN_POINT('Ctrl Pts',(2.60589407290871E-17,-31.2775490469762,
-118.069809109197));
#5658=CARTESIAN_POINT('Ctrl Pts',(1.75243410660643E-17,-31.3225148938089,
-118.100940145328));
#5659=CARTESIAN_POINT('Ctrl Pts',(1.74724081759179E-17,-31.3529220956219,
-118.121991849342));
#5660=CARTESIAN_POINT('Ctrl Pts',(5.90809303270292E-18,-31.383208681682,
-118.143595672601));
#5661=CARTESIAN_POINT('Ctrl Pts',(1.53827876518097E-29,-31.4133401158828,
-118.165840415659));
#5662=CARTESIAN_POINT('Ctrl Pts',(-7.51624382549478E-18,-31.4516731626057,
-118.1941400568));
#5663=CARTESIAN_POINT('Ctrl Pts',(-2.78505001102392E-15,-31.4897396235948,
-118.22347361876));
#5664=CARTESIAN_POINT('Ctrl Pts',(-2.78895923083159E-15,-31.5274326064211,
-118.253639437897));
#5665=CARTESIAN_POINT('Ctrl Pts',(-3.23176113623476E-17,-31.5683954226634,
-118.28642211556));
#5666=CARTESIAN_POINT('Ctrl Pts',(-3.16886815747868E-16,-31.6089175792877,
-118.320187548762));
#5667=CARTESIAN_POINT('Ctrl Pts',(-3.25059846946736E-16,-31.6489148597913,
-118.354633768369));
#5668=CARTESIAN_POINT('Ctrl Pts',(-6.14026180970257E-17,-31.6956761762548,
-118.394905270725));
#5669=CARTESIAN_POINT('Ctrl Pts',(-3.44007729922924E-16,-31.7417211690625,
-118.436106922262));
#5670=CARTESIAN_POINT('Ctrl Pts',(-3.53046800354866E-16,-31.7869743171767,
-118.4777023099));
#5671=CARTESIAN_POINT('Ctrl Pts',(-9.56765878787858E-17,-31.839573670188,
-118.526050117053));
#5672=CARTESIAN_POINT('Ctrl Pts',(-3.73578767884361E-16,-31.8911080879418,
-118.574927189612));
#5673=CARTESIAN_POINT('Ctrl Pts',(-3.82870531763609E-16,-31.9414850852902,
-118.623447442188));
#5674=CARTESIAN_POINT('Ctrl Pts',(-1.29544971329877E-16,-31.9830303399978,
-118.663461463624));
#5675=CARTESIAN_POINT('Ctrl Pts',(-3.97697505199574E-16,-32.0237904939141,
-118.703230861009));
#5676=CARTESIAN_POINT('Ctrl Pts',(-4.04263468567901E-16,-32.0636827256284,
-118.742265559868));
#5677=CARTESIAN_POINT('Ctrl Pts',(-1.55746016134845E-16,-32.1010221977262,
-118.778802373835));
#5678=CARTESIAN_POINT('Ctrl Pts',(-4.16030995175173E-16,-32.1376021684578,
-118.814694735872));
#5679=CARTESIAN_POINT('Ctrl Pts',(-4.21085534473806E-16,-32.1733063545671,
-118.84956411294));
#5680=CARTESIAN_POINT('Ctrl Pts',(-1.71563386479378E-16,-32.1791090624171,
-118.85523114614));
#5681=CARTESIAN_POINT('Ctrl Pts',(-4.22713635120295E-16,-32.1848888810183,
-118.860871582412));
#5682=CARTESIAN_POINT('Ctrl Pts',(-4.23505175319817E-16,-32.1906440006909,
-118.866482746473));
#5683=CARTESIAN_POINT('Ctrl Pts',(-1.74746627536458E-16,-32.1955659082176,
-118.871281539929));
#5684=CARTESIAN_POINT('Ctrl Pts',(-4.24848280483043E-16,-32.2004714138219,
-118.876060558835));
#5685=CARTESIAN_POINT('Ctrl Pts',(-4.25506288515596E-16,-32.2053805678798,
-118.880838746579));
#5686=CARTESIAN_POINT('Ctrl Pts',(-1.85998637887224E-16,-32.255028068463,
-118.929161752138));
#5687=CARTESIAN_POINT('Ctrl Pts',(-4.37920553000163E-16,-32.3045598353418,
-118.976924787821));
#5688=CARTESIAN_POINT('Ctrl Pts',(-4.42730104996418E-16,-32.3549914297679,
-119.024483371105));
#5689=CARTESIAN_POINT('Ctrl Pts',(-2.07457968530648E-16,-32.3933681648815,
-119.060673842055));
#5690=CARTESIAN_POINT('Ctrl Pts',(-4.49498779096546E-16,-32.4322650279606,
-119.096747150372));
#5691=CARTESIAN_POINT('Ctrl Pts',(-4.5199360307824E-16,-32.4721627101392,
-119.132849441725));
#5692=CARTESIAN_POINT('Ctrl Pts',(-2.20593813510242E-16,-32.5077769320939,
-119.165075750299));
#5693=CARTESIAN_POINT('Ctrl Pts',(-4.55958303993279E-16,-32.5441880990071,
-119.197325613685));
#5694=CARTESIAN_POINT('Ctrl Pts',(-4.57131782766091E-16,-32.5817766771294,
-119.22968416326));
#5695=CARTESIAN_POINT('Ctrl Pts',(-2.28760351155874E-16,-32.6152478164326,
-119.258498169391));
#5696=CARTESIAN_POINT('Ctrl Pts',(-4.58774132440748E-16,-32.6496524434281,
-119.287398499469));
#5697=CARTESIAN_POINT('Ctrl Pts',(-4.58846906538762E-16,-32.6852951223254,
-119.316425868036));
#5698=CARTESIAN_POINT('Ctrl Pts',(-2.32738623276425E-16,-32.7191585633497,
-119.344004226732));
#5699=CARTESIAN_POINT('Ctrl Pts',(-4.58511733639333E-16,-32.7541391697034,
-119.371697517398));
#5700=CARTESIAN_POINT('Ctrl Pts',(-4.57544378182862E-16,-32.7905362699594,
-119.399519067504));
#5701=CARTESIAN_POINT('Ctrl Pts',(-2.32814981531111E-16,-32.8268148673234,
-119.42725003528));
#5702=CARTESIAN_POINT('Ctrl Pts',(-4.55056922706277E-16,-32.8645000038513,
-119.455108906577));
#5703=CARTESIAN_POINT('Ctrl Pts',(-4.52858447429244E-16,-32.9039355522983,
-119.483081227892));
#5704=CARTESIAN_POINT('Ctrl Pts',(-2.28542229583652E-16,-32.9395405143311,
-119.508336447551));
#5705=CARTESIAN_POINT('Ctrl Pts',(-4.48338057362291E-16,-32.9765724508762,
-119.533684116608));
#5706=CARTESIAN_POINT('Ctrl Pts',(-4.4514341539569E-16,-33.0153262284083,
-119.559088772376));
#5707=CARTESIAN_POINT('Ctrl Pts',(-2.22752788923641E-16,-33.0194955824881,
-119.561821951227));
#5708=CARTESIAN_POINT('Ctrl Pts',(-4.44448366452156E-16,-33.0236849093231,
-119.564555763918));
#5709=CARTESIAN_POINT('Ctrl Pts',(-4.44089209850032E-16,-33.0278946080825,
-119.567290147078));
#5710=CARTESIAN_POINT('Ctrl Pts',(-1.62517327435532E-16,-33.0749678948524,
-119.597866302285));
#5711=CARTESIAN_POINT('Ctrl Pts',(-2.46194078600103E-16,-33.1244358180616,
-119.628410169308));
#5712=CARTESIAN_POINT('Ctrl Pts',(-2.36430333640646E-16,-33.1762582029628,
-119.658897892462));
#5713=CARTESIAN_POINT('Ctrl Pts',(-1.44446417130118E-16,-33.2272723772468,
-119.688910135732));
#5714=CARTESIAN_POINT('Ctrl Pts',(-2.1658056617753E-16,-33.2805682346781,
-119.718867926159));
#5715=CARTESIAN_POINT('Ctrl Pts',(-2.05855370834169E-16,-33.3360624537695,
-119.748771180373));
#5716=CARTESIAN_POINT('Ctrl Pts',(-1.20092752260719E-16,-33.3908526101827,
-119.778295047948));
#5717=CARTESIAN_POINT('Ctrl Pts',(-1.8420245770192E-16,-33.4477857710663,
-119.807765716823));
#5718=CARTESIAN_POINT('Ctrl Pts',(-1.72840132958522E-16,-33.5067363389104,
-119.837206016238));
#5719=CARTESIAN_POINT('Ctrl Pts',(-9.05540396395871E-17,-33.5650857641273,
-119.86634610109));
#5720=CARTESIAN_POINT('Ctrl Pts',(-1.50054706657253E-16,-33.6254117173271,
-119.895456402892));
#5721=CARTESIAN_POINT('Ctrl Pts',(-1.38435489019359E-16,-33.6875466725272,
-119.924582158213));
#5722=CARTESIAN_POINT('Ctrl Pts',(-5.71872961548816E-17,-33.748989741771,
-119.953383592046));
#5723=CARTESIAN_POINT('Ctrl Pts',(-2.55051047020334E-15,-33.8122017680862,
-119.982200126615));
#5724=CARTESIAN_POINT('Ctrl Pts',(-2.53743726266635E-15,-33.8769752801137,
-120.011098497878));
#5725=CARTESIAN_POINT('Ctrl Pts',(-2.15874521244353E-17,-33.9414356182832,
-120.039857148226));
#5726=CARTESIAN_POINT('Ctrl Pts',(-8.1451999395126E-17,-34.0074424187503,
-120.06869682458));
#5727=CARTESIAN_POINT('Ctrl Pts',(-7.07224282962872E-17,-34.0747454144258,
-120.097706471304));
#5728=CARTESIAN_POINT('Ctrl Pts',(1.45331135629906E-17,-34.1418279081911,
-120.126621074969));
#5729=CARTESIAN_POINT('Ctrl Pts',(-2.47757493678916E-15,-34.2101981441356,
-120.155704522439));
#5730=CARTESIAN_POINT('Ctrl Pts',(-2.46774877409401E-15,-34.2795621979949,
-120.185068239268));
#5731=CARTESIAN_POINT('Ctrl Pts',(4.90670041904975E-17,-34.3488026080096,
-120.214379614249));
#5732=CARTESIAN_POINT('Ctrl Pts',(-2.21436878512229E-17,-34.4190333100265,
-120.243970251953));
#5733=CARTESIAN_POINT('Ctrl Pts',(-1.45750341772207E-17,-34.4899156101924,
-120.273974471172));
#5734=CARTESIAN_POINT('Ctrl Pts',(7.42834875338684E-17,-34.522621330127,
-120.287818683173));
#5735=CARTESIAN_POINT('Ctrl Pts',(-7.83111468708879E-18,-34.5554651249868,
-120.30175127503));
#5736=CARTESIAN_POINT('Ctrl Pts',(-4.85843798232375E-18,-34.5884103837547,
-120.315787135455));
#5737=CARTESIAN_POINT('Ctrl Pts',(8.50435022830929E-17,-34.6072191216905,
-120.323800331597));
#5738=CARTESIAN_POINT('Ctrl Pts',(-1.55515352947502E-18,-34.6260608918031,
-120.33184720638));
#5739=CARTESIAN_POINT('Ctrl Pts',(-4.73887047961046E-20,-34.644928573096,
-120.339930686803));
#5740=CARTESIAN_POINT('Ctrl Pts',(9.0704728531128E-17,-34.6558911627848,
-120.344627388944));
#5741=CARTESIAN_POINT('Ctrl Pts',(1.67148871818188E-18,-34.6668624956459,
-120.349336450895));
#5742=CARTESIAN_POINT('Ctrl Pts',(2.47961121892807E-18,-34.6778411401771,
-120.354058464409));
#5743=CARTESIAN_POINT('Ctrl Pts',(9.41934900021047E-17,-34.6877822799221,
-120.358334237806));
#5744=CARTESIAN_POINT('Ctrl Pts',(3.91529626960572E-18,-34.6977379717566,
-120.362624309122));
#5745=CARTESIAN_POINT('Ctrl Pts',(4.59027591836184E-18,-34.707709454322,
-120.366930178841));
#5746=CARTESIAN_POINT('Ctrl Pts',(1.02114782154737E-16,-34.764691754162,
-120.391536184796));
#5747=CARTESIAN_POINT('Ctrl Pts',(1.13635557469437E-17,-34.8221804508461,
-120.416650571429));
#5748=CARTESIAN_POINT('Ctrl Pts',(1.30734044385328E-17,-34.8801498791751,
-120.442467257449));
#5749=CARTESIAN_POINT('Ctrl Pts',(1.14189870063493E-16,-34.9326541593929,
-120.465850039653));
#5750=CARTESIAN_POINT('Ctrl Pts',(1.5181102488648E-17,-34.9855529216576,
-120.489808868681));
#5751=CARTESIAN_POINT('Ctrl Pts',(1.4499982950905E-17,-35.0387857663445,
-120.514507345817));
#5752=CARTESIAN_POINT('Ctrl Pts',(1.1867807015831E-16,-35.0883512425008,
-120.537504271621));
#5753=CARTESIAN_POINT('Ctrl Pts',(1.21564839680962E-17,-35.1382065249114,
-120.561142349714));
#5754=CARTESIAN_POINT('Ctrl Pts',(9.12076021057813E-18,-35.1882630223797,
-120.585572668772));
#5755=CARTESIAN_POINT('Ctrl Pts',(1.15865412981092E-16,-35.225556144555,
-120.603773759929));
#5756=CARTESIAN_POINT('Ctrl Pts',(3.8602643677149E-18,-35.262960229167,
-120.622414933039));
#5757=CARTESIAN_POINT('Ctrl Pts',(-4.3387349787159E-30,-35.3004215167126,
-120.641566905742));
#5758=CARTESIAN_POINT('Ctrl Pts',(5.1605883309806E-17,-35.3509522060167,
-120.667400571525));
#5759=CARTESIAN_POINT('Ctrl Pts',(-6.54316551199943E-17,-35.4017091106859,
-120.694230279657));
#5760=CARTESIAN_POINT('Ctrl Pts',(-7.62279755828572E-17,-35.4525599844766,
-120.722088132592));
#5761=CARTESIAN_POINT('Ctrl Pts',(3.22915556496282E-17,-35.5046078119742,
-120.750601717824));
#5762=CARTESIAN_POINT('Ctrl Pts',(-9.99891795999219E-17,-35.5567541795089,
-120.780192686952));
#5763=CARTESIAN_POINT('Ctrl Pts',(-1.14320380854288E-16,-35.608912522078,
-120.810899648914));
#5764=CARTESIAN_POINT('Ctrl Pts',(2.81950341266368E-18,-35.6629625790736,
-120.842720311965));
#5765=CARTESIAN_POINT('Ctrl Pts',(-1.457624770819E-16,-35.7170257140563,
-120.8757397752));
#5766=CARTESIAN_POINT('Ctrl Pts',(-1.63982110761597E-16,-35.7710620446635,
-120.91000038751));
#5767=CARTESIAN_POINT('Ctrl Pts',(-3.85988447265331E-17,-35.8298665225312,
-120.947284144488));
#5768=CARTESIAN_POINT('Ctrl Pts',(-2.05565711773905E-16,-35.8886394106711,
-120.986038485775));
#5769=CARTESIAN_POINT('Ctrl Pts',(-2.29024726482931E-16,-35.9473929182605,
-121.026308366568));
#5770=CARTESIAN_POINT('Ctrl Pts',(-9.45459855692498E-17,-36.0094601251274,
-121.068849469632));
#5771=CARTESIAN_POINT('Ctrl Pts',(-2.46094185987101E-15,-36.0715068445862,
-121.113082986107));
#5772=CARTESIAN_POINT('Ctrl Pts',(-2.49212309740663E-15,-36.1336050687656,
-121.159037008553));
#5773=CARTESIAN_POINT('Ctrl Pts',(-1.63898273748614E-16,-36.1961375683112,
-121.205312404117));
#5774=CARTESIAN_POINT('Ctrl Pts',(-3.67135389619447E-16,-36.2587242931443,
-121.253333487035));
#5775=CARTESIAN_POINT('Ctrl Pts',(-3.98266623813114E-16,-36.3214706418128,
-121.303088163293));
#5776=CARTESIAN_POINT('Ctrl Pts',(-2.31393126347864E-16,-36.3567204022166,
-121.331039437818));
#5777=CARTESIAN_POINT('Ctrl Pts',(-4.33602837855651E-16,-36.3920209454116,
-121.359537010623));
#5778=CARTESIAN_POINT('Ctrl Pts',(-4.51726288830212E-16,-36.4273916105667,
-121.388571302845));
#5779=CARTESIAN_POINT('Ctrl Pts',(-2.65665303255982E-16,-36.4337446674493,
-121.393786260189));
#5780=CARTESIAN_POINT('Ctrl Pts',(-4.58245782703704E-16,-36.4401002766046,
-121.399018758749));
#5781=CARTESIAN_POINT('Ctrl Pts',(-4.61518162048971E-16,-36.4464576498119,
-121.404267982298));
#5782=CARTESIAN_POINT('Ctrl Pts',(-2.73818024426671E-16,-36.4517859839883,
-121.408667537952));
#5783=CARTESIAN_POINT('Ctrl Pts',(-4.67008967625687E-16,-36.4571150469922,
-121.413078388958));
#5784=CARTESIAN_POINT('Ctrl Pts',(-4.69774255078152E-16,-36.4624681498174,
-121.417519857738));
#5785=CARTESIAN_POINT('Ctrl Pts',(-3.01531703686223E-16,-36.512702639571,
-121.45919940794));
#5786=CARTESIAN_POINT('Ctrl Pts',(-5.2295178432672E-16,-36.5645812591468,
-121.503191169383));
#5787=CARTESIAN_POINT('Ctrl Pts',(-5.51170510165967E-16,-36.618018542039,
-121.549474128164));
#5788=CARTESIAN_POINT('Ctrl Pts',(-3.76001866150359E-16,-36.670446982309,
-121.594883310829));
#5789=CARTESIAN_POINT('Ctrl Pts',(-6.07495273390941E-16,-36.7243774627284,
-121.642498941212));
#5790=CARTESIAN_POINT('Ctrl Pts',(-6.36755437498565E-16,-36.7797576186182,
-121.692263766689));
#5791=CARTESIAN_POINT('Ctrl Pts',(-4.54117550000722E-16,-36.8319904856065,
-121.739200426005));
#5792=CARTESIAN_POINT('Ctrl Pts',(-6.92501306256218E-16,-36.8855144469479,
-121.788049364684));
#5793=CARTESIAN_POINT('Ctrl Pts',(-7.20888870841156E-16,-36.9402880878113,
-121.838719726291));
#5794=CARTESIAN_POINT('Ctrl Pts',(-5.32700955061982E-16,-36.9940003759828,
-121.888408244736));
#5795=CARTESIAN_POINT('Ctrl Pts',(-7.76792519721964E-16,-37.0489156904933,
-121.939848815586));
#5796=CARTESIAN_POINT('Ctrl Pts',(-8.04777629111023E-16,-37.1049771817856,
-121.992906077671));
#5797=CARTESIAN_POINT('Ctrl Pts',(-6.09854167828322E-16,-37.1554603129514,
-122.04068391339));
#5798=CARTESIAN_POINT('Ctrl Pts',(-8.55112080693706E-16,-37.2068733218334,
-122.089772386584));
#5799=CARTESIAN_POINT('Ctrl Pts',(-8.79954245792363E-16,-37.2591489108907,
-122.140031955138));
#5800=CARTESIAN_POINT('Ctrl Pts',(-6.60805650664509E-16,-37.2649253366957,
-122.145585611711));
#5801=CARTESIAN_POINT('Ctrl Pts',(-8.85440782830543E-16,-37.2707122627614,
-122.151153525443));
#5802=CARTESIAN_POINT('Ctrl Pts',(-8.88178419700052E-16,-37.2765095732792,
-122.156735476202));
#5803=CARTESIAN_POINT('Ctrl Pts',(-7.19319357357072E-16,-37.4154167822316,
-122.290482529773));
#5804=CARTESIAN_POINT('Ctrl Pts',(-9.36973712345892E-16,-37.5603762014122,
-122.432378403651));
#5805=CARTESIAN_POINT('Ctrl Pts',(-9.90842030238695E-16,-37.7099597934593,
-122.580939149819));
#5806=CARTESIAN_POINT('Ctrl Pts',(-8.95381243553993E-16,-37.8803567322346,
-122.750170921985));
#5807=CARTESIAN_POINT('Ctrl Pts',(6.81695113921357E-16,-38.0567508288309,
-122.928049074076));
#5808=CARTESIAN_POINT('Ctrl Pts',(6.27548994086814E-16,-38.2370263715053,
-123.112319088501));
#5809=CARTESIAN_POINT('Ctrl Pts',(6.51539458331525E-16,-38.3904675623921,
-123.269160166545));
#5810=CARTESIAN_POINT('Ctrl Pts',(5.40420917402486E-16,-38.5467193306853,
-123.430629463406));
#5811=CARTESIAN_POINT('Ctrl Pts',(5.07360919010032E-16,-38.7045056636168,
-123.595331737249));
#5812=CARTESIAN_POINT('Ctrl Pts',(5.45396597241991E-16,-38.849099071404,
-123.746262826164));
#5813=CARTESIAN_POINT('Ctrl Pts',(4.53469183206875E-16,-38.9949806285278,
-123.899907939687));
#5814=CARTESIAN_POINT('Ctrl Pts',(4.38364483085387E-16,-39.1412058763548,
-124.055208740398));
#5815=CARTESIAN_POINT('Ctrl Pts',(4.95459404910739E-16,-39.2762883399992,
-124.19867517371));
#5816=CARTESIAN_POINT('Ctrl Pts',(4.17700478132285E-16,-39.4116640037715,
-124.343554202201));
#5817=CARTESIAN_POINT('Ctrl Pts',(4.19269413780258E-16,-39.5466256437633,
-124.48903345742));
#5818=CARTESIAN_POINT('Ctrl Pts',(4.99186362354801E-16,-39.6680603480534,
-124.619931617364));
#5819=CARTESIAN_POINT('Ctrl Pts',(4.28791497037083E-16,-39.7891601067322,
-124.751315737645));
#5820=CARTESIAN_POINT('Ctrl Pts',(4.44089209850057E-16,-39.9094397491921,
-124.882614392874));
#5821=CARTESIAN_POINT('Ctrl Pts',(5.4646079796383E-16,-40.0091123627571,
-124.991418175929));
#5822=CARTESIAN_POINT('Ctrl Pts',(6.50629642466753E-16,-40.1083288820377,
-125.100281161351));
#5823=CARTESIAN_POINT('Ctrl Pts',(6.7405475933061E-16,-40.2066286808635,
-125.208758704064));
#5824=CARTESIAN_POINT('Ctrl Pts',(6.11687216378067E-16,-40.3030349011565,
-125.315146611309));
#5825=CARTESIAN_POINT('Ctrl Pts',(7.22939056688142E-16,-40.3985592893673,
-125.421163670258));
#5826=CARTESIAN_POINT('Ctrl Pts',(7.50798573638823E-16,-40.492809269257,
-125.526417061581));
#5827=CARTESIAN_POINT('Ctrl Pts',(6.89833704933219E-16,-40.5858061697715,
-125.63027108015));
#5828=CARTESIAN_POINT('Ctrl Pts',(8.07674143078961E-16,-40.6775622648479,
-125.733381519512));
#5829=CARTESIAN_POINT('Ctrl Pts',(8.38112145945936E-16,-40.7677428039974,
-125.835398659274));
#5830=CARTESIAN_POINT('Ctrl Pts',(7.75551197430843E-16,-40.8571765879737,
-125.936571028893));
#5831=CARTESIAN_POINT('Ctrl Pts',(-3.3480225879187E-15,-40.9450607686529,
-126.036668071083));
#5832=CARTESIAN_POINT('Ctrl Pts',(-3.31621369319884E-15,-41.0311115239121,
-126.135377129844));
#5833=CARTESIAN_POINT('Ctrl Pts',(-8.28516544531186E-16,-41.116836578906,
-126.233712576932));
#5834=CARTESIAN_POINT('Ctrl Pts',(-7.95358917600714E-16,-41.2007420530133,
-126.330670488546));
#5835=CARTESIAN_POINT('Ctrl Pts',(-7.63694791824188E-16,-41.2825902185674,
-126.425970859926));
#5836=CARTESIAN_POINT('Ctrl Pts',(-7.39289419786093E-16,-41.3646744160079,
-126.521546056358));
#5837=CARTESIAN_POINT('Ctrl Pts',(-7.00455802743087E-16,-41.4446894211918,
-126.615454106182));
#5838=CARTESIAN_POINT('Ctrl Pts',(-6.69731289234527E-16,-41.5224387980676,
-126.707442501293));
#5839=CARTESIAN_POINT('Ctrl Pts',(-6.52727006367715E-16,-41.6006933848736,
-126.800028630463));
#5840=CARTESIAN_POINT('Ctrl Pts',(-6.08651922697396E-16,-41.676652834336,
-126.890670065347));
#5841=CARTESIAN_POINT('Ctrl Pts',(-5.79654411293611E-16,-41.7501605338074,
-126.979139975356));
#5842=CARTESIAN_POINT('Ctrl Pts',(-5.71090461160615E-16,-41.8244568126751,
-127.068558977076));
#5843=CARTESIAN_POINT('Ctrl Pts',(-5.22219836805548E-16,-41.8962485185588,
-127.155759622804));
#5844=CARTESIAN_POINT('Ctrl Pts',(-4.95568089751658E-16,-41.9654177637986,
-127.24053893685));
#5845=CARTESIAN_POINT('Ctrl Pts',(-3.03238616214517E-15,-42.0356652046394,
-127.326639772956));
#5846=CARTESIAN_POINT('Ctrl Pts',(-4.42954121423335E-16,-42.1032078928229,
-127.410243236738));
#5847=CARTESIAN_POINT('Ctrl Pts',(-4.19121996339524E-16,-42.1679661038254,
-127.491168462709));
#5848=CARTESIAN_POINT('Ctrl Pts',(-4.44334844246182E-16,-42.1890492750168,
-127.517515089128));
#5849=CARTESIAN_POINT('Ctrl Pts',(-4.03784951350813E-16,-42.2098376415589,
-127.543578082607));
#5850=CARTESIAN_POINT('Ctrl Pts',(-3.96392034057862E-16,-42.2303293953065,
-127.569351897138));
#5851=CARTESIAN_POINT('Ctrl Pts',(-4.25098037612479E-16,-42.2479287218716,
-127.591487717447));
#5852=CARTESIAN_POINT('Ctrl Pts',(-3.83831745805876E-16,-42.2653036717251,
-127.613403133904));
#5853=CARTESIAN_POINT('Ctrl Pts',(-3.77751636703622E-16,-42.2824811854597,
-127.635130102495));
#5854=CARTESIAN_POINT('Ctrl Pts',(-3.90038990242921E-16,-42.3579550217185,
-127.73059314186));
#5855=CARTESIAN_POINT('Ctrl Pts',(-3.26879573262359E-16,-42.4295568095491,
-127.822343160025));
#5856=CARTESIAN_POINT('Ctrl Pts',(-3.05302033567647E-16,-42.4974900435382,
-127.910478131466));
#5857=CARTESIAN_POINT('Ctrl Pts',(-3.28289279833056E-16,-42.5731638275008,
-128.008655509412));
#5858=CARTESIAN_POINT('Ctrl Pts',(-2.60430381527783E-16,-42.6442859602075,
-128.102347266685));
#5859=CARTESIAN_POINT('Ctrl Pts',(-2.42660583796688E-16,-42.7111800874127,
-128.191740045625));
#5860=CARTESIAN_POINT('Ctrl Pts',(-2.88684378633041E-16,-42.7390216469656,
-128.228945619305));
#5861=CARTESIAN_POINT('Ctrl Pts',(-2.28398180582756E-16,-42.7661312237787,
-128.265407047154));
#5862=CARTESIAN_POINT('Ctrl Pts',(-2.22044604925108E-16,-42.7925335972156,
-128.301139843362));
#5863=CARTESIAN_POINT('Ctrl Pts',(-2.0826554356014E-16,-42.8438281935085,
-128.370561608048));
#5864=CARTESIAN_POINT('Ctrl Pts',(-1.18656203556606E-17,-42.8923323095803,
-128.437073355899));
#5865=CARTESIAN_POINT('Ctrl Pts',(-1.68782862267522E-18,-42.9382409627567,
-128.500892983108));
#5866=CARTESIAN_POINT('Ctrl Pts',(-1.75517647058349E-16,-42.9877381323545,
-128.569701163986));
#5867=CARTESIAN_POINT('Ctrl Pts',(-2.46406472734475E-15,-43.0342185084437,
-128.635379811908));
#5868=CARTESIAN_POINT('Ctrl Pts',(-2.45416621587628E-15,-43.077920335617,
-128.698140382009));
#5869=CARTESIAN_POINT('Ctrl Pts',(-1.48877345507323E-16,-43.1240656444181,
-128.764410057105));
#5870=CARTESIAN_POINT('Ctrl Pts',(4.33449377539557E-17,-43.1671133401215,
-128.827425774191));
#5871=CARTESIAN_POINT('Ctrl Pts',(5.04429310207593E-17,-43.2073323262037,
-128.887374897695));
#5872=CARTESIAN_POINT('Ctrl Pts',(-1.25927677663779E-16,-43.249937132652,
-128.950880248089));
#5873=CARTESIAN_POINT('Ctrl Pts',(6.48358734178725E-17,-43.2893680885343,
-129.010943827018));
#5874=CARTESIAN_POINT('Ctrl Pts',(7.14368083050618E-17,-43.3259261797478,
-129.067729105278));
#5875=CARTESIAN_POINT('Ctrl Pts',(-1.04305311269294E-16,-43.3646433988282,
-129.127868132944));
#5876=CARTESIAN_POINT('Ctrl Pts',(8.51090370739786E-17,-43.4001388831935,
-129.184329458352));
#5877=CARTESIAN_POINT('Ctrl Pts',(9.16841765073527E-17,-43.432742495529,
-129.237253074302));
#5878=CARTESIAN_POINT('Ctrl Pts',(-8.24767494772693E-17,-43.467010179785,
-129.292877884903));
#5879=CARTESIAN_POINT('Ctrl Pts',(1.05384121117341E-16,-43.4980837703489,
-129.34459370883));
#5880=CARTESIAN_POINT('Ctrl Pts',(1.12089650762904E-16,-43.5263085490849,
-129.392518367909));
#5881=CARTESIAN_POINT('Ctrl Pts',(-5.99748606674508E-17,-43.5554939366384,
-129.442074106207));
#5882=CARTESIAN_POINT('Ctrl Pts',(1.25863028549437E-16,-43.5816336880986,
-129.487575169283));
#5883=CARTESIAN_POINT('Ctrl Pts',(1.32513677386444E-16,-43.6050632418377,
-129.529121123607));
#5884=CARTESIAN_POINT('Ctrl Pts',(-4.36044771005374E-17,-43.6093693517395,
-129.536756840756));
#5885=CARTESIAN_POINT('Ctrl Pts',(1.34951682339937E-16,-43.6135837839735,
-129.544258903396));
#5886=CARTESIAN_POINT('Ctrl Pts',(1.36159844102127E-16,-43.6177084435811,
-129.551627863526));
#5887=CARTESIAN_POINT('Ctrl Pts',(-4.013405636817E-17,-43.6200554278349,
-129.555820896416));
#5888=CARTESIAN_POINT('Ctrl Pts',(1.37532326285135E-16,-43.6223733448918,
-129.559970833682));
#5889=CARTESIAN_POINT('Ctrl Pts',(1.38214739717807E-16,-43.624662537713,
-129.564077775054));
#5890=CARTESIAN_POINT('Ctrl Pts',(-3.79234483686862E-17,-43.6267188233032,
-129.567766867683));
#5891=CARTESIAN_POINT('Ctrl Pts',(1.39437570459588E-16,-43.628748591845,
-129.571415226318));
#5892=CARTESIAN_POINT('Ctrl Pts',(1.40050916864938E-16,-43.6307742369792,
-129.575062887831));
#5893=CARTESIAN_POINT('Ctrl Pts',(-2.74820088300953E-17,-43.6576092162775,
-129.623385725597));
#5894=CARTESIAN_POINT('Ctrl Pts',(1.56706372187465E-16,-43.6830186427141,
-129.670322676851));
#5895=CARTESIAN_POINT('Ctrl Pts',(1.65784789123009E-16,-43.7073802881264,
-129.716439996128));
#5896=CARTESIAN_POINT('Ctrl Pts',(2.43330898849733E-18,-43.7316984440733,
-129.762474988554));
#5897=CARTESIAN_POINT('Ctrl Pts',(1.84453511248969E-16,-43.7549723896443,
-129.807692799439));
#5898=CARTESIAN_POINT('Ctrl Pts',(1.94785765582556E-16,-43.7775270091756,
-129.852665907161));
#5899=CARTESIAN_POINT('Ctrl Pts',(3.62831256166843E-17,-43.7997229800553,
-129.896923882251));
#5900=CARTESIAN_POINT('Ctrl Pts',(5.66115618228428E-17,-43.8212222109984,
-129.940944489708));
#5901=CARTESIAN_POINT('Ctrl Pts',(6.05624088170249E-17,-43.8422872463131,
-129.985288516515));
#5902=CARTESIAN_POINT('Ctrl Pts',(8.11957551445876E-18,-43.8586202442864,
-130.019671126805));
#5903=CARTESIAN_POINT('Ctrl Pts',(4.24448449321267E-17,-43.8746913288699,
-130.054248398909));
#5904=CARTESIAN_POINT('Ctrl Pts',(3.80540894288654E-18,-43.8906029747255,
-130.089290506206));
#5905=CARTESIAN_POINT('Ctrl Pts',(-6.26546924003262E-17,-43.8952001252402,
-130.099414778897));
#5906=CARTESIAN_POINT('Ctrl Pts',(-1.99832470574521E-17,-43.8997838522588,
-130.109577909997));
#5907=CARTESIAN_POINT('Ctrl Pts',(-3.39121633736123E-17,-43.9043563427375,
-130.119786562771));
#5908=CARTESIAN_POINT('Ctrl Pts',(-9.84911062759181E-17,-43.9074562430356,
-130.126707475111));
#5909=CARTESIAN_POINT('Ctrl Pts',(-5.33975522447787E-17,-43.9105509762231,
-130.133649311124));
#5910=CARTESIAN_POINT('Ctrl Pts',(-6.39898259076426E-17,-43.9136411890968,
-130.140614166374));
#5911=CARTESIAN_POINT('Ctrl Pts',(-1.27315033950041E-16,-43.9160744182952,
-130.14609828344));
#5912=CARTESIAN_POINT('Ctrl Pts',(-8.10002522404846E-17,-43.9185015234499,
-130.151589201551));
#5913=CARTESIAN_POINT('Ctrl Pts',(-8.996395342139E-17,-43.9209205136553,
-130.157082529465));
#5914=CARTESIAN_POINT('Ctrl Pts',(-1.67708034875411E-16,-43.9271268088934,
-130.171176515788));
#5915=CARTESIAN_POINT('Ctrl Pts',(-1.37906404973778E-16,-43.9332838283992,
-130.185295696083));
#5916=CARTESIAN_POINT('Ctrl Pts',(-1.64301423891987E-16,-43.939391259197,
-130.199440962988));
#5917=CARTESIAN_POINT('Ctrl Pts',(-6.07858992112959E-16,-44.0301379849889,
-130.409617172848));
#5918=CARTESIAN_POINT('Ctrl Pts',(-1.93896563385809E-15,-44.1099389972215,
-130.625548496583));
#5919=CARTESIAN_POINT('Ctrl Pts',(-1.33411428640732E-15,-44.1777373609274,
-130.850149996955));
#5920=CARTESIAN_POINT('Ctrl Pts',(-8.78228043283068E-16,-44.2417232350016,
-131.062121533348));
#5921=CARTESIAN_POINT('Ctrl Pts',(-3.14251975244019E-15,-44.2950183694458,
-131.281815295677));
#5922=CARTESIAN_POINT('Ctrl Pts',(-1.23920381861819E-15,-44.3367082128589,
-131.511720215321));
#5923=CARTESIAN_POINT('Ctrl Pts',(-5.24855866351456E-16,-44.3557700915861,
-131.616839816122));
#5924=CARTESIAN_POINT('Ctrl Pts',(-2.57688599038751E-16,-44.3724053987267,
-131.72409473362));
#5925=CARTESIAN_POINT('Ctrl Pts',(-2.22044604925038E-16,-44.3865247541861,
-131.833726022116));
#5926=CARTESIAN_POINT('Origin',(0.,-22.0784945812263,-105.641304528979));
#5927=CARTESIAN_POINT('',(0.,-10.5514502832305,-121.985332482701));
#5928=CARTESIAN_POINT('',(0.,-22.0784945812263,-105.641304528979));
#5929=CARTESIAN_POINT('Origin',(-2.42575214422714,-20.7528844869568,-107.520867743657));
#5930=CARTESIAN_POINT('',(-2.42575214422714,-21.7038656415414,-106.172485437475));
#5931=CARTESIAN_POINT('Origin',(-9.,-16.1935987849933,-113.985412429657));
#5932=CARTESIAN_POINT('',(-9.,-17.1445799395779,-112.637030123475));
#5933=CARTESIAN_POINT('Origin',(-2.42575214422714,-11.99233082048,-119.942328988486));
#5934=CARTESIAN_POINT('',(-2.42575214422714,-12.9433119750646,-118.593946682304));
#5935=CARTESIAN_POINT('Origin',(-12.,-22.0784945812263,-105.641304528979));
#5936=CARTESIAN_POINT('Origin',(0.,-10.5514502832305,-121.985332482701));
#5937=CARTESIAN_POINT('Origin',(-6.,-14.6805696368562,-112.66061407604));
#5938=UNCERTAINTY_MEASURE_WITH_UNIT(LENGTH_MEASURE(0.01),#5942,
'DISTANCE_ACCURACY_VALUE',
'Maximum model space distance between geometric entities at asserted c
onnectivities');
#5939=UNCERTAINTY_MEASURE_WITH_UNIT(LENGTH_MEASURE(0.01),#5942,
'DISTANCE_ACCURACY_VALUE',
'Maximum model space distance between geometric entities at asserted c
onnectivities');
#5940=(
GEOMETRIC_REPRESENTATION_CONTEXT(3)
GLOBAL_UNCERTAINTY_ASSIGNED_CONTEXT((#5938))
GLOBAL_UNIT_ASSIGNED_CONTEXT((#5942,#5944,#5945))
REPRESENTATION_CONTEXT('','3D')
);
#5941=(
GEOMETRIC_REPRESENTATION_CONTEXT(3)
GLOBAL_UNCERTAINTY_ASSIGNED_CONTEXT((#5939))
GLOBAL_UNIT_ASSIGNED_CONTEXT((#5942,#5944,#5945))
REPRESENTATION_CONTEXT('','3D')
);
#5942=(
LENGTH_UNIT()
NAMED_UNIT(*)
SI_UNIT(.MILLI.,.METRE.)
);
#5943=(
LENGTH_UNIT()
NAMED_UNIT(*)
SI_UNIT($,.METRE.)
);
#5944=(
NAMED_UNIT(*)
PLANE_ANGLE_UNIT()
SI_UNIT($,.RADIAN.)
);
#5945=(
NAMED_UNIT(*)
SI_UNIT($,.STERADIAN.)
SOLID_ANGLE_UNIT()
);
#5946=SHAPE_DEFINITION_REPRESENTATION(#5947,#5948);
#5947=PRODUCT_DEFINITION_SHAPE('',$,#5950);
#5948=SHAPE_REPRESENTATION('',(#1962),#5940);
#5949=PRODUCT_DEFINITION_CONTEXT('part definition',#5954,'design');
#5950=PRODUCT_DEFINITION('2026-09-24-14-25-01-187','inner_left',#5951,#5949);
#5951=PRODUCT_DEFINITION_FORMATION('',$,#5956);
#5952=PRODUCT_RELATED_PRODUCT_CATEGORY('inner_left','inner_left',(#5956));
#5953=APPLICATION_PROTOCOL_DEFINITION('international standard',
'automotive_design',2009,#5954);
#5954=APPLICATION_CONTEXT(
'Core Data for Automotive Mechanical Design Process');
#5955=PRODUCT_CONTEXT('part definition',#5954,'mechanical');
#5956=PRODUCT('2026-09-24-14-25-01-187','inner_left',$,(#5955));
#5957=PRESENTATION_STYLE_ASSIGNMENT((#5959));
#5958=PRESENTATION_STYLE_ASSIGNMENT((#5960));
#5959=SURFACE_STYLE_USAGE(.BOTH.,#5961);
#5960=SURFACE_STYLE_USAGE(.BOTH.,#5962);
#5961=SURFACE_SIDE_STYLE('',(#5963));
#5962=SURFACE_SIDE_STYLE('',(#5964));
#5963=SURFACE_STYLE_FILL_AREA(#5965);
#5964=SURFACE_STYLE_FILL_AREA(#5966);
#5965=FILL_AREA_STYLE('\X2\92FC\X0\ - \X2\30B530C630F3\X0\',(#5967));
#5966=FILL_AREA_STYLE('Opaque(160,160,160)',(#5968));
#5967=FILL_AREA_STYLE_COLOUR('\X2\92FC\X0\ - \X2\30B530C630F3\X0\',#5969);
#5968=FILL_AREA_STYLE_COLOUR('Opaque(160,160,160)',#5970);
#5969=COLOUR_RGB('\X2\92FC\X0\ - \X2\30B530C630F3\X0\',0.627450980392157,
0.627450980392157,0.627450980392157);
#5970=COLOUR_RGB('Opaque(160,160,160)',0.627450980392157,0.627450980392157,
0.627450980392157);
ENDSEC;
END-ISO-10303-21;
