Format Version,1.24,Take Name,Push_0_deg_005,Take Notes,,Capture Frame Rate,100.000000,Export Frame Rate,100.000000,Capture Start Time,2025-02-03 11.11.18.089 午前,Capture Start Frame,8499361,Total Frames in Take,1501,Total Exported Frames,1501,Rotation Type,Quaternion,Length Units,Millimeters,Coordinate Space,Local

,Type,Rigid Body,Rigid Body,Rigid Body,Rigid Body,Rigid Body,Rigid Body,Rigid Body
,Name,Rigid Body 002,Rigid Body 002,Rigid Body 002,Rigid Body 002,Rigid Body 002,Rigid Body 002,Rigid Body 002
,ID,7081C4A4E11211EF3C28FEC2583C42A9,7081C4A4E11211EF3C28FEC2583C42A9,7081C4A4E11211EF3C28FEC2583C42A9,7081C4A4E11211EF3C28FEC2583C42A9,7081C4A4E11211EF3C28FEC2583C42A9,7081C4A4E11211EF3C28FEC2583C42A9,7081C4A4E11211EF3C28FEC2583C42A9
,,Rotation,Rotation,Rotation,Rotation,Position,Position,Position
Frame,Time (Seconds),X,Y,Z,W,X,Y,Z
0,0.000000,0.008423,0.007069,-0.005590,0.999924,164.739639,420.839508,91.678574
1,0.010000,0.008421,0.007147,-0.005764,0.999922,164.746857,420.843597,91.682724
2,0.020000,0.008424,0.007225,-0.005800,0.999922,164.741501,420.841736,91.689178
3,0.030000,0.008431,0.007328,-0.005946,0.999920,164.732224,420.842529,91.690361
4,0.040000,0.008403,0.007291,-0.005903,0.999921,164.715820,420.837677,91.687012
5,0.050000,0.008388,0.007332,-0.005949,0.999920,164.699890,420.834747,91.685745
6,0.060000,0.008348,0.007454,-0.005958,0.999920,164.683014,420.835602,91.688538
7,0.070000,0.008378,0.007411,-0.005981,0.999920,164.662918,420.828491,91.681259
8,0.080000,0.008310,0.007434,-0.005928,0.999920,164.665009,420.833099,91.681000
9,0.090000,0.008343,0.007405,-0.005945,0.999920,164.667938,420.832397,91.678101
10,0.100000,0.008331,0.007365,-0.006007,0.999920,164.688477,420.836548,91.675903
11,0.110000,0.008329,0.007293,-0.006009,0.999921,164.708633,420.839813,91.674942
12,0.120000,0.008388,0.006839,-0.005628,0.999926,164.703568,420.829651,91.678825
13,0.130000,0.008407,0.006731,-0.005588,0.999926,164.715210,420.829895,91.685280
14,0.140000,0.008436,0.006819,-0.005712,0.999925,164.733276,420.832214,91.689163
15,0.150000,0.008420,0.006659,-0.005543,0.999927,164.728882,420.832764,91.697723
16,0.160000,0.008433,0.006610,-0.005480,0.999928,164.720673,420.830536,91.703239
17,0.170000,0.008442,0.006670,-0.005504,0.999927,164.702988,420.825195,91.709846
18,0.180000,0.008459,0.006746,-0.005525,0.999926,164.673752,420.821014,91.711876
19,0.190000,,,,,,,
20,0.200000,0.008349,0.006772,-0.005450,0.999927,164.627197,420.818634,91.713051
21,0.210000,0.008426,0.006775,-0.005474,0.999927,164.611282,420.810242,91.702248
22,0.220000,0.008372,0.006844,-0.005464,0.999927,164.619049,420.823059,91.696770
23,0.230000,0.008317,0.006889,-0.005635,0.999926,164.647125,420.841553,91.675377
24,0.240000,0.008266,0.006967,-0.005768,0.999925,164.677200,420.853668,91.637413
25,0.250000,0.008162,0.007007,-0.005722,0.999926,164.695816,420.855652,91.600311
26,0.260000,0.008123,0.007036,-0.005694,0.999926,164.716034,420.853302,91.578400
27,0.270000,,,,,,,
28,0.280000,0.008123,0.006983,-0.005724,0.999926,164.746048,420.868317,91.564262
29,0.290000,0.008157,0.006948,-0.005709,0.999926,164.742554,420.868683,91.584282
30,0.300000,0.008197,0.006973,-0.005669,0.999926,164.724609,420.853973,91.617271
31,0.310000,0.008345,0.006817,-0.005662,0.999926,164.700912,420.837860,91.651115
32,0.320000,0.008397,0.006642,-0.005516,0.999928,164.670731,420.829193,91.677177
33,0.330000,0.008371,0.006687,-0.005521,0.999927,164.653503,420.828979,91.691612
34,0.340000,0.008390,0.006789,-0.005494,0.999927,164.635773,420.826660,91.698608
35,0.350000,0.008371,0.006785,-0.005450,0.999927,164.631363,420.820099,91.694427
36,0.360000,0.008326,0.006809,-0.005506,0.999927,164.635864,420.825623,91.677116
37,0.370000,0.008299,0.006829,-0.005501,0.999927,164.643875,420.832642,91.665695
38,0.380000,0.008317,0.006968,-0.005693,0.999925,164.668335,420.840332,91.659653
39,0.390000,0.008306,0.006914,-0.005664,0.999926,164.681107,420.841309,91.653397
40,0.400000,0.008310,0.006909,-0.005700,0.999925,164.691193,420.840820,91.652977
41,0.410000,,,,,,,
42,0.420000,0.008328,0.006874,-0.005754,0.999925,164.712723,420.847565,91.665443
43,0.430000,0.008359,0.006831,-0.005747,0.999925,164.721329,420.856781,91.665428
44,0.440000,0.008300,0.006896,-0.005820,0.999925,164.729935,420.860931,91.653946
45,0.450000,,,,,,,
46,0.460000,0.008212,0.006987,-0.005718,0.999926,164.722153,420.858276,91.608513
47,0.470000,,,,,,,
48,0.480000,0.008193,0.006658,-0.005210,0.999931,164.650162,420.838593,91.530342
49,0.490000,0.008258,0.006770,-0.005213,0.999929,164.588913,420.827362,91.493118
50,0.500000,0.008279,0.006790,-0.005239,0.999929,164.528000,420.820526,91.462395
51,0.510000,0.008277,0.006911,-0.005337,0.999928,164.473358,420.825134,91.448738
52,0.520000,0.008293,0.006959,-0.005548,0.999926,164.418579,420.834259,91.445786
53,0.530000,,,,,,,
54,0.540000,0.008394,0.007444,-0.006310,0.999917,164.345734,420.874023,91.475281
55,0.550000,,,,,,,
56,0.560000,0.008504,0.007625,-0.006883,0.999911,164.279541,420.981415,91.485878
57,0.570000,0.008566,0.007516,-0.007025,0.999910,164.254486,421.022552,91.479713
58,0.580000,0.008601,0.007475,-0.007048,0.999910,164.220520,421.043549,91.478508
59,0.590000,0.008565,0.007315,-0.006584,0.999915,164.134811,421.011932,91.476204
60,0.600000,0.008527,0.007046,-0.005865,0.999922,164.023087,420.964233,91.473099
61,0.610000,0.008469,0.006847,-0.005517,0.999925,163.902283,420.937286,91.475693
62,0.620000,0.008516,0.006810,-0.005409,0.999926,163.798660,420.924652,91.493355
63,0.630000,0.008488,0.007070,-0.005132,0.999926,163.739075,420.913422,91.523582
64,0.640000,0.008421,0.006693,-0.005016,0.999930,163.602737,420.930084,91.521545
65,0.650000,,,,,,,
66,0.660000,0.008577,0.007006,-0.005476,0.999924,163.383255,420.929016,91.521622
67,0.670000,0.008573,0.007062,-0.005442,0.999924,163.277954,420.926727,91.514854
68,0.680000,0.008659,0.007352,-0.006208,0.999916,163.168655,420.932495,91.503403
69,0.690000,0.008668,0.007053,-0.005984,0.999920,163.041916,420.931488,91.496635
70,0.700000,,,,,,,
71,0.710000,0.008814,0.007440,-0.006463,0.999913,162.811600,420.902954,91.518837
72,0.720000,0.008759,0.007256,-0.006435,0.999915,162.661499,420.906189,91.523468
73,0.730000,0.008726,0.007124,-0.006085,0.999918,162.518967,420.894257,91.524521
74,0.740000,0.008701,0.006678,-0.005311,0.999926,162.351257,420.879822,91.513779
75,0.750000,0.008597,0.006599,-0.004927,0.999929,162.210327,420.877655,91.497528
76,0.760000,0.008600,0.006269,-0.004509,0.999933,162.051712,420.871887,91.486992
77,0.770000,0.008534,0.006390,-0.004680,0.999932,161.919373,420.874207,91.493843
78,0.780000,0.008564,0.006380,-0.004624,0.999932,161.777573,420.867676,91.508835
79,0.790000,0.008477,0.006979,-0.005231,0.999926,161.682846,420.880737,91.528336
80,0.800000,0.008551,0.006594,-0.004761,0.999930,161.531509,420.863892,91.531845
81,0.810000,0.008652,0.006764,-0.004829,0.999928,161.408844,420.856476,91.532448
82,0.820000,0.008638,0.006517,-0.004414,0.999932,161.272812,420.854004,91.512306
83,0.830000,0.008645,0.006471,-0.003973,0.999934,161.157043,420.833313,91.501167
84,0.840000,0.008600,0.006267,-0.003815,0.999936,161.015213,420.840576,91.485519
85,0.850000,0.008551,0.006430,-0.003984,0.999935,160.901474,420.842163,91.485664
86,0.860000,0.008582,0.006058,-0.003695,0.999938,160.754776,420.836151,91.481537
87,0.870000,,,,,,,
88,0.880000,0.008608,0.005707,-0.003307,0.999941,160.472000,420.831940,91.503510
89,0.890000,0.008526,0.006148,-0.003522,0.999939,160.322708,420.842865,91.506477
90,0.900000,0.008434,0.006108,-0.002634,0.999942,160.173782,420.824646,91.532555
91,0.910000,0.008491,0.005724,-0.001960,0.999946,159.974625,420.807678,91.533630
92,0.920000,0.008524,0.005066,-0.001531,0.999950,159.711746,420.807526,91.517868
93,0.930000,0.008627,0.005218,-0.002072,0.999947,159.475403,420.803192,91.498589
94,0.940000,0.008678,0.005344,-0.001789,0.999946,159.238861,420.793060,91.489311
95,0.950000,0.008676,0.004943,-0.001399,0.999949,158.950958,420.780579,91.478043
96,0.960000,0.008555,0.005351,-0.001170,0.999949,158.712265,420.764252,91.485298
97,0.970000,0.008557,0.004860,-0.000471,0.999952,158.363922,420.754852,91.458611
98,0.980000,0.008506,0.004243,0.000886,0.999955,158.013977,420.741455,91.437584
99,0.990000,0.008469,0.004096,0.001355,0.999955,157.670486,420.729767,91.405983
100,1.000000,0.008428,0.004028,0.002029,0.999954,157.309204,420.718445,91.386703
101,1.010000,0.008525,0.003736,0.002640,0.999953,156.912918,420.691498,91.361221
102,1.020000,0.008553,0.003113,0.003919,0.999951,156.492981,420.656403,91.346519
103,1.030000,0.008562,0.002754,0.004578,0.999949,156.068420,420.635376,91.339493
104,1.040000,0.009727,0.011192,-0.014348,0.999787,155.668518,420.673553,91.388298
105,1.050000,0.009980,0.012061,-0.016680,0.999738,155.228210,420.661469,91.396324
106,1.060000,0.009479,0.009446,-0.010792,0.999852,154.808517,420.639771,91.407043
107,1.070000,0.008491,0.002627,0.004931,0.999948,154.387665,420.612091,91.346504
108,1.080000,0.008232,0.001618,0.007792,0.999934,153.991135,420.610352,91.329704
109,1.090000,0.008358,0.000537,0.009425,0.999921,153.526459,420.583405,91.287407
110,1.100000,0.009719,0.010233,-0.013106,0.999815,153.105255,420.636719,91.331329
111,1.110000,0.009954,0.012043,-0.016549,0.999741,152.716431,420.637939,91.344910
112,1.120000,0.009898,0.012542,-0.016954,0.999729,152.362320,420.628754,91.343307
113,1.130000,0.010028,0.011941,-0.016610,0.999741,151.920181,420.609924,91.345131
114,1.140000,0.010030,0.011746,-0.016344,0.999747,151.559814,420.605743,91.345116
115,1.150000,0.009858,0.012527,-0.016965,0.999729,151.251511,420.628601,91.349838
116,1.160000,0.010043,0.012250,-0.016758,0.999734,150.890839,420.606232,91.330467
117,1.170000,0.010074,0.011994,-0.016581,0.999740,150.542801,420.601532,91.312904
118,1.180000,0.010068,0.011921,-0.016514,0.999742,150.202408,420.594849,91.295784
119,1.190000,0.008878,0.008223,-0.007711,0.999897,149.904999,420.603851,91.314125
120,1.200000,0.009962,0.011421,-0.015835,0.999760,149.543533,420.582062,91.285667
121,1.210000,0.009963,0.012263,-0.016860,0.999733,149.260559,420.596283,91.286423
122,1.220000,0.009906,0.012048,-0.016469,0.999743,148.941025,420.588013,91.286064
123,1.230000,0.008910,0.008124,-0.007734,0.999897,148.616806,420.582794,91.287926
124,1.240000,0.009885,0.011667,-0.015818,0.999758,148.313049,420.563141,91.255798
125,1.250000,0.009856,0.012243,-0.016371,0.999742,148.060806,420.557343,91.252235
126,1.260000,0.009928,0.011949,-0.016080,0.999750,147.721848,420.536041,91.234344
127,1.270000,0.008841,0.007879,-0.007227,0.999904,147.419250,420.542847,91.236389
128,1.280000,0.009632,0.011539,-0.015201,0.999772,147.182861,420.558563,91.225746
129,1.290000,0.009798,0.012128,-0.016186,0.999747,146.885178,420.552155,91.210571
130,1.300000,0.009711,0.012297,-0.016423,0.999742,146.613358,420.552917,91.211212
131,1.310000,0.009882,0.011810,-0.016120,0.999752,146.288010,420.530334,91.194160
132,1.320000,0.009901,0.011843,-0.016144,0.999751,145.987015,420.524719,91.185616
133,1.330000,0.009828,0.011956,-0.015903,0.999754,145.715668,420.522919,91.189095
134,1.340000,0.009929,0.011599,-0.015779,0.999759,145.397018,420.503906,91.190483
135,1.350000,0.009889,0.011854,-0.015951,0.999754,145.105255,420.507812,91.195580
136,1.360000,0.008821,0.008345,-0.007596,0.999897,144.816101,420.522003,91.205391
137,1.370000,0.008407,0.005350,-0.001270,0.999950,144.491074,420.480316,91.198105
138,1.380000,0.008503,0.005334,-0.001827,0.999948,144.161133,420.459167,91.194641
139,1.390000,0.009691,0.010917,-0.014082,0.999794,143.901413,420.473511,91.176094
140,1.400000,0.009901,0.011818,-0.015845,0.999756,143.577515,420.470428,91.143936
141,1.410000,0.009739,0.012233,-0.015894,0.999752,143.277267,420.476471,91.146690
142,1.420000,0.009738,0.011770,-0.015159,0.999768,142.949768,420.462067,91.129967
143,1.430000,0.009620,0.012105,-0.015642,0.999758,142.670105,420.472748,91.111794
144,1.440000,0.008589,0.008668,-0.007246,0.999899,142.390045,420.472717,91.111687
145,1.450000,0.009700,0.011021,-0.014311,0.999790,142.038345,420.436493,91.093323
146,1.460000,0.009657,0.012076,-0.015413,0.999762,141.799683,420.449829,91.108139
147,1.470000,0.009842,0.012380,-0.016056,0.999746,141.497910,420.428223,91.112953
148,1.480000,0.009832,0.012031,-0.015703,0.999756,141.199707,420.425751,91.112129
149,1.490000,0.009908,0.011655,-0.015468,0.999763,140.883362,420.408356,91.115471
150,1.500000,0.008965,0.008259,-0.007589,0.999897,140.593079,420.414673,91.117798
151,1.510000,0.010045,0.011251,-0.015088,0.999772,140.257141,420.396027,91.084915
152,1.520000,0.009993,0.012091,-0.015943,0.999750,139.996521,420.398651,91.091232
153,1.530000,0.008916,0.008744,-0.008037,0.999890,139.711243,420.405243,91.108627
154,1.540000,0.009940,0.011423,-0.015018,0.999773,139.335220,420.371460,91.064529
155,1.550000,0.009809,0.012004,-0.015650,0.999757,139.058731,420.385254,91.048195
156,1.560000,0.009784,0.011913,-0.015583,0.999760,138.720520,420.367249,91.043892
157,1.570000,0.009873,0.011876,-0.015967,0.999753,138.404373,420.362427,91.037704
158,1.580000,0.009716,0.012154,-0.015717,0.999755,138.117859,420.377136,91.023758
159,1.590000,0.009702,0.011945,-0.015376,0.999763,137.794708,420.379578,90.999718
160,1.600000,0.009641,0.012207,-0.015864,0.999753,137.472870,420.368561,90.990433
161,1.610000,0.009615,0.012172,-0.015581,0.999758,137.149460,420.361420,90.989960
162,1.620000,0.009817,0.011791,-0.015405,0.999764,136.815216,420.335358,90.980598
163,1.630000,0.009715,0.011878,-0.015606,0.999760,136.483475,420.326111,90.980782
164,1.640000,0.009699,0.011454,-0.015247,0.999771,136.127747,420.309021,90.977211
165,1.650000,0.009863,0.011572,-0.015217,0.999769,135.778687,420.287079,90.984406
166,1.660000,0.009908,0.011478,-0.015112,0.999771,135.410675,420.269348,90.987770
167,1.670000,0.009914,0.011657,-0.015286,0.999766,135.041061,420.268951,90.990768
168,1.680000,0.009839,0.011988,-0.015411,0.999761,134.722137,420.292786,91.000671
169,1.690000,0.008978,0.008084,-0.007050,0.999902,134.332901,420.274719,91.008217
170,1.700000,0.009804,0.011285,-0.014415,0.999784,133.985092,420.260223,90.989807
171,1.710000,0.009990,0.011696,-0.015252,0.999765,133.631104,420.243256,90.975281
172,1.720000,0.009941,0.011603,-0.014723,0.999775,133.296783,420.246368,90.982010
173,1.730000,0.009901,0.011610,-0.015377,0.999765,132.956528,420.252686,90.985252
174,1.740000,0.009963,0.011459,-0.014996,0.999772,132.623062,420.228027,90.971436
175,1.750000,0.010092,0.011303,-0.014771,0.999776,132.300415,420.201569,90.972084
176,1.760000,0.010114,0.012142,-0.015622,0.999753,132.021255,420.206207,90.993195
177,1.770000,0.009043,0.008632,-0.007743,0.999892,131.707764,420.226929,91.001335
178,1.780000,0.010063,0.011585,-0.014935,0.999771,131.370148,420.213348,90.977402
179,1.790000,0.010092,0.011614,-0.015139,0.999767,131.076157,420.203735,90.978867
180,1.800000,0.010065,0.011878,-0.015639,0.999757,130.765594,420.195007,90.972229
181,1.810000,0.010126,0.011507,-0.015128,0.999768,130.419678,420.188599,90.968971
182,1.820000,0.010072,0.011369,-0.014725,0.999776,130.060577,420.187714,90.951324
183,1.830000,0.010005,0.011778,-0.015302,0.999764,129.704407,420.183624,90.935799
184,1.840000,0.010068,0.011232,-0.014723,0.999778,129.320694,420.162231,90.919098
185,1.850000,0.009115,0.008186,-0.007113,0.999900,128.976288,420.164124,90.920349
186,1.860000,0.009824,0.011655,-0.014396,0.999780,128.614868,420.161469,90.912865
187,1.870000,0.010001,0.011878,-0.015318,0.999762,128.228241,420.152191,90.910568
188,1.880000,0.010100,0.011548,-0.014924,0.999771,127.845093,420.136810,90.907799
189,1.890000,0.010012,0.011627,-0.014940,0.999771,127.475174,420.129944,90.897324
190,1.900000,0.009927,0.012000,-0.015474,0.999759,127.111481,420.132690,90.882294
191,1.910000,0.009938,0.011585,-0.014955,0.999772,126.696022,420.116394,90.857407
192,1.920000,0.009918,0.011714,-0.014968,0.999770,126.315369,420.120392,90.852585
193,1.930000,0.010058,0.011847,-0.015019,0.999766,125.899803,420.101807,90.854546
194,1.940000,0.009935,0.011998,-0.015073,0.999765,125.547882,420.102509,90.853287
195,1.950000,0.010014,0.011638,-0.014849,0.999772,125.180054,420.079712,90.840134
196,1.960000,0.009898,0.011657,-0.014843,0.999773,124.831436,420.082733,90.836464
197,1.970000,0.009859,0.011578,-0.014702,0.999776,124.516777,420.080933,90.829468
198,1.980000,0.009945,0.011340,-0.014699,0.999778,124.197197,420.075043,90.814423
199,1.990000,0.009835,0.011812,-0.015146,0.999767,123.946899,420.091858,90.810867
200,2.000000,0.008895,0.008598,-0.007238,0.999897,123.710236,420.094391,90.809326
201,2.010000,0.009684,0.011589,-0.014140,0.999786,123.482887,420.095581,90.790939
202,2.020000,0.009854,0.011565,-0.014785,0.999775,123.256447,420.086853,90.779060
203,2.030000,0.009874,0.011264,-0.014467,0.999783,123.069214,420.078735,90.777184
204,2.040000,0.009933,0.011517,-0.014499,0.999779,122.908546,420.072449,90.779228
205,2.050000,0.009907,0.011545,-0.014556,0.999778,122.765755,420.064392,90.779999
206,2.060000,0.009937,0.011801,-0.015187,0.999766,122.624260,420.059113,90.777031
207,2.070000,0.009899,0.011898,-0.015269,0.999764,122.485214,420.062225,90.773315
208,2.080000,0.009060,0.008559,-0.007787,0.999892,122.356743,420.064972,90.780998
209,2.090000,0.009868,0.011601,-0.014905,0.999773,122.207726,420.058746,90.766258
210,2.100000,0.009918,0.011535,-0.014682,0.999777,122.040741,420.054840,90.765686
211,2.110000,0.009865,0.011688,-0.014753,0.999774,121.891907,420.064026,90.761360
212,2.120000,0.009887,0.011522,-0.014746,0.999776,121.705109,420.058441,90.747795
213,2.130000,0.009895,0.011406,-0.014800,0.999777,121.512939,420.048706,90.748741
214,2.140000,0.009857,0.011651,-0.014948,0.999772,121.325279,420.040192,90.748642
215,2.150000,0.009841,0.011633,-0.015058,0.999771,121.127892,420.035675,90.739578
216,2.160000,0.008989,0.007750,-0.006643,0.999907,120.885094,420.025726,90.743378
217,2.170000,0.009957,0.010928,-0.014001,0.999793,120.635628,420.008850,90.733627
218,2.180000,0.009831,0.011754,-0.014733,0.999774,120.443565,420.016937,90.743507
219,2.190000,0.009816,0.011979,-0.015011,0.999767,120.232468,420.010986,90.748024
220,2.200000,0.009914,0.012019,-0.014897,0.999768,120.007706,420.005157,90.754280
221,2.210000,0.010041,0.011161,-0.014253,0.999786,119.738808,419.981934,90.747147
222,2.220000,0.009218,0.007936,-0.006973,0.999902,119.533455,419.983734,90.759155
223,2.230000,0.009138,0.007689,-0.006241,0.999909,119.350601,419.978119,90.766266
224,2.240000,0.009875,0.011479,-0.014033,0.999787,119.183289,419.992401,90.764030
225,2.250000,0.010127,0.011525,-0.014713,0.999774,118.968735,419.972137,90.754997
226,2.260000,0.010106,0.011567,-0.014751,0.999773,118.808304,419.971222,90.758522
227,2.270000,0.010104,0.011308,-0.014537,0.999779,118.625778,419.969788,90.766342
228,2.280000,0.010092,0.011518,-0.014737,0.999774,118.483109,419.968079,90.776520
229,2.290000,0.010114,0.011850,-0.014876,0.999768,118.330833,419.967102,90.783279
230,2.300000,0.009250,0.008344,-0.007018,0.999898,118.158119,419.963531,90.777702
231,2.310000,0.009194,0.007211,-0.005524,0.999916,117.934540,419.950806,90.747879
232,2.320000,0.009967,0.010637,-0.013230,0.999806,117.774147,419.952271,90.725395
233,2.330000,0.009941,0.011593,-0.014503,0.999778,117.624252,419.963104,90.720093
234,2.340000,0.009799,0.011422,-0.014317,0.999784,117.447830,419.965393,90.698807
235,2.350000,0.009899,0.011196,-0.014222,0.999787,117.251877,419.938416,90.678169
236,2.360000,0.009930,0.011315,-0.014291,0.999785,117.082184,419.934357,90.676132
237,2.370000,0.009950,0.011512,-0.014554,0.999778,116.934624,419.935547,90.689079
238,2.380000,0.009133,0.008409,-0.007342,0.999896,116.764664,419.932922,90.702629
239,2.390000,0.009008,0.007988,-0.006369,0.999907,116.597382,419.924316,90.697990
240,2.400000,0.008990,0.007708,-0.006143,0.999911,116.420883,419.918793,90.690880
241,2.410000,0.009859,0.010728,-0.013284,0.999806,116.224289,419.904419,90.675987
242,2.420000,0.009895,0.011678,-0.014544,0.999777,116.072411,419.914612,90.681778
243,2.430000,0.009819,0.011744,-0.014539,0.999777,115.921432,419.923584,90.683334
244,2.440000,0.009860,0.011566,-0.014186,0.999784,115.760971,419.915192,90.684265
245,2.450000,0.009888,0.011715,-0.014621,0.999776,115.595490,419.912903,90.691536
246,2.460000,0.010071,0.011350,-0.014418,0.999781,115.394180,419.891998,90.690018
247,2.470000,0.009258,0.008015,-0.007148,0.999900,115.302513,419.909729,90.702515
248,2.480000,0.009230,0.007486,-0.005760,0.999913,115.127991,419.927338,90.715530
249,2.490000,0.009201,0.008089,-0.006329,0.999905,115.087433,419.928040,90.708046
250,2.500000,0.010026,0.011005,-0.013800,0.999794,114.928329,419.929810,90.705078
251,2.510000,0.010098,0.012124,-0.015240,0.999759,114.898239,419.920105,90.711525
252,2.520000,0.010109,0.011742,-0.014735,0.999771,114.790070,419.926086,90.707253
253,2.530000,0.010117,0.011662,-0.014882,0.999770,114.737259,419.935089,90.706856
254,2.540000,0.010084,0.011881,-0.014876,0.999768,114.704353,419.961151,90.705734
255,2.550000,0.010004,0.011951,-0.014857,0.999768,114.667023,419.974976,90.701820
256,2.560000,0.010020,0.011793,-0.014783,0.999771,114.656319,419.958649,90.685326
257,2.570000,0.009909,0.011966,-0.014910,0.999768,114.648331,419.972443,90.679222
258,2.580000,0.009956,0.012076,-0.014988,0.999765,114.659927,419.970306,90.683388
259,2.590000,0.009975,0.012052,-0.015014,0.999765,114.666901,419.967590,90.689613
260,2.600000,0.010127,0.011940,-0.014912,0.999766,114.652237,419.940033,90.705032
261,2.610000,0.010193,0.012042,-0.015144,0.999761,114.672096,419.927826,90.728722
262,2.620000,0.010239,0.012003,-0.015070,0.999762,114.660194,419.915131,90.747475
263,2.630000,0.010274,0.012026,-0.015137,0.999760,114.651581,419.913513,90.756859
264,2.640000,0.010368,0.012111,-0.015116,0.999759,114.631134,419.929352,90.759026
265,2.650000,0.010300,0.012290,-0.015514,0.999751,114.623734,419.960419,90.758301
266,2.660000,0.010209,0.012601,-0.015902,0.999742,114.628082,419.995209,90.750900
267,2.670000,0.010187,0.012608,-0.015960,0.999741,114.615814,420.014130,90.740669
268,2.680000,0.010173,0.012711,-0.016166,0.999737,114.614372,420.030701,90.739044
269,2.690000,0.010175,0.012779,-0.016237,0.999735,114.608170,420.040192,90.745300
270,2.700000,0.010174,0.012899,-0.016363,0.999731,114.601311,420.042725,90.747398
271,2.710000,0.010185,0.012944,-0.016432,0.999729,114.587570,420.041504,90.744194
272,2.720000,0.010192,0.012993,-0.016485,0.999728,114.573593,420.041168,90.744827
273,2.730000,0.010217,0.013084,-0.016595,0.999725,114.563171,420.045593,90.753365
274,2.740000,0.009411,0.009822,-0.009208,0.999865,114.530067,420.054260,90.764503
275,2.750000,0.009292,0.009277,-0.008293,0.999879,114.497849,420.057434,90.752670
276,2.760000,0.009414,0.008958,-0.008020,0.999883,114.416718,420.047577,90.739594
277,2.770000,0.009423,0.009159,-0.008221,0.999880,114.375137,420.063507,90.739792
278,2.780000,0.009417,0.009200,-0.008372,0.999878,114.317116,420.081665,90.736664
279,2.790000,0.009420,0.009210,-0.008533,0.999877,114.249863,420.100067,90.728676
280,2.800000,0.010209,0.012699,-0.016220,0.999736,114.164444,420.115051,90.715889
281,2.810000,0.010238,0.013118,-0.017032,0.999716,114.029175,420.118256,90.724228
282,2.820000,0.010291,0.013090,-0.016850,0.999719,113.901733,420.113922,90.730019
283,2.830000,0.010317,0.013026,-0.016787,0.999721,113.773972,420.124664,90.734169
284,2.840000,0.010198,0.013450,-0.017465,0.999705,113.651360,420.167969,90.744225
285,2.850000,0.009529,0.010057,-0.010020,0.999854,113.468460,420.156036,90.752327
286,2.860000,0.009437,0.009608,-0.009078,0.999868,113.288834,420.137238,90.747482
287,2.870000,0.009492,0.009873,-0.009681,0.999859,113.110001,420.115082,90.751427
288,2.880000,0.009429,0.010031,-0.009691,0.999858,112.944862,420.109283,90.744087
289,2.890000,0.010257,0.013105,-0.016423,0.999727,112.756828,420.104889,90.741058
290,2.900000,0.010472,0.013344,-0.017154,0.999709,112.558693,420.103424,90.736954
291,2.910000,0.010443,0.013705,-0.017761,0.999694,112.376991,420.123138,90.737411
292,2.920000,0.010352,0.013778,-0.017948,0.999690,112.227264,420.147156,90.738770
293,2.930000,0.009525,0.011056,-0.011511,0.999827,112.072426,420.177124,90.756920
294,2.940000,0.009476,0.010607,-0.010506,0.999844,111.888199,420.186340,90.759285
295,2.950000,0.010309,0.013542,-0.017261,0.999706,111.744469,420.202332,90.747124
296,2.960000,0.010560,0.013574,-0.017957,0.999691,111.574242,420.207794,90.741806
297,2.970000,0.010574,0.013545,-0.018001,0.999690,111.448997,420.225739,90.737267
298,2.980000,0.010517,0.013842,-0.018581,0.999676,111.342880,420.246887,90.739410
299,2.990000,0.009562,0.010946,-0.011519,0.999828,111.265205,420.282410,90.753296
300,3.000000,0.009550,0.010886,-0.011505,0.999829,111.181503,420.309662,90.762138
301,3.010000,0.009569,0.010996,-0.011671,0.999826,111.098770,420.318390,90.765892
302,3.020000,0.009562,0.010915,-0.011467,0.999829,111.006615,420.297150,90.758057
303,3.030000,0.009567,0.010512,-0.010660,0.999842,110.884964,420.258545,90.755341
304,3.040000,0.009585,0.010639,-0.010922,0.999838,110.818878,420.247711,90.764000
305,3.050000,0.009520,0.010699,-0.010915,0.999838,110.776138,420.273285,90.765404
306,3.060000,0.009646,0.010741,-0.011017,0.999835,110.727409,420.298706,90.768486
307,3.070000,0.009675,0.010834,-0.011142,0.999832,110.699203,420.315857,90.778275
308,3.080000,0.010472,0.014032,-0.018292,0.999679,110.679901,420.328461,90.782936
309,3.090000,0.010601,0.014298,-0.019099,0.999659,110.656967,420.328644,90.790695
310,3.100000,0.010630,0.014303,-0.019197,0.999657,110.653389,420.333160,90.793602
311,3.110000,0.010648,0.014250,-0.019170,0.999658,110.649956,420.339447,90.794754
312,3.120000,0.010693,0.014287,-0.019226,0.999656,110.649017,420.340118,90.797409
313,3.130000,0.010740,0.014016,-0.018947,0.999665,110.619858,420.328949,90.792610
314,3.140000,0.010758,0.013992,-0.018980,0.999664,110.609863,420.333557,90.793045
315,3.150000,0.010706,0.014050,-0.018818,0.999667,110.597672,420.339905,90.797760
316,3.160000,0.010751,0.013790,-0.018645,0.999673,110.559425,420.341461,90.786079
317,3.170000,0.010745,0.013833,-0.018865,0.999669,110.545296,420.353638,90.780655
318,3.180000,0.010752,0.014014,-0.019121,0.999661,110.528778,420.395996,90.776421
319,3.190000,0.010713,0.013971,-0.019390,0.999657,110.480278,420.456055,90.776421
320,3.200000,0.009798,0.010680,-0.012270,0.999820,110.423553,420.503540,90.772163
321,3.210000,0.009742,0.010646,-0.012370,0.999819,110.337234,420.545898,90.754303
322,3.220000,0.009613,0.010771,-0.012811,0.999814,110.238640,420.597321,90.726479
323,3.230000,0.010323,0.013931,-0.019819,0.999653,110.103531,420.635468,90.696724
324,3.240000,0.010365,0.014169,-0.020702,0.999632,109.928131,420.665222,90.682076
325,3.250000,0.009563,0.010512,-0.013133,0.999813,109.718124,420.699463,90.675713
326,3.260000,0.009525,0.010072,-0.011958,0.999832,109.520920,420.724762,90.674240
327,3.270000,0.010346,0.013791,-0.019862,0.999654,109.350708,420.755310,90.693222
328,3.280000,0.010318,0.014630,-0.021528,0.999608,109.180321,420.799042,90.713051
329,3.290000,0.010360,0.014612,-0.021470,0.999609,108.981934,420.814331,90.712883
330,3.300000,0.009650,0.011047,-0.013937,0.999795,108.738640,420.822754,90.707939
331,3.310000,0.009543,0.010677,-0.013030,0.999813,108.552315,420.859772,90.696022
332,3.320000,0.010312,0.014146,-0.020764,0.999631,108.380714,420.885345,90.678337
333,3.330000,0.010400,0.014941,-0.022056,0.999591,108.179939,420.843597,90.671333
334,3.340000,0.010454,0.014685,-0.022035,0.999595,107.946922,420.789642,90.657753
335,3.350000,0.010382,0.015091,-0.022250,0.999585,107.767258,420.796448,90.667404
336,3.360000,0.009588,0.010940,-0.013911,0.999797,107.526085,420.825989,90.653603
337,3.370000,0.009549,0.011046,-0.014096,0.999794,107.353111,420.896729,90.642334
338,3.380000,0.009430,0.011185,-0.014574,0.999787,107.197617,420.935852,90.617722
339,3.390000,0.010247,0.013984,-0.021321,0.999622,106.995132,420.939453,90.594070
340,3.400000,0.010186,0.015383,-0.023497,0.999554,106.876884,420.982330,90.604507
341,3.410000,0.009491,0.012109,-0.016314,0.999749,106.654572,420.999298,90.606598
342,3.420000,0.009457,0.011170,-0.014643,0.999786,106.430672,420.976685,90.597816
343,3.430000,0.009474,0.011347,-0.014610,0.999784,106.272476,420.938812,90.600266
344,3.440000,0.009576,0.011068,-0.014241,0.999791,106.079414,420.903412,90.602806
345,3.450000,0.009503,0.011393,-0.014771,0.999781,105.942955,420.917725,90.616516
346,3.460000,0.009499,0.011044,-0.014499,0.999789,105.772369,420.932556,90.612556
347,3.470000,0.010306,0.013951,-0.021184,0.999625,105.602684,420.948730,90.601715
348,3.480000,0.010400,0.014501,-0.022186,0.999595,105.452332,420.945709,90.588402
349,3.490000,0.010457,0.014830,-0.022569,0.999581,105.331169,420.951508,90.587791
350,3.500000,0.009649,0.011806,-0.015906,0.999757,105.196861,420.982574,90.603027
351,3.510000,0.009643,0.010968,-0.014773,0.999784,105.051598,421.008759,90.607811
352,3.520000,0.009622,0.011400,-0.015398,0.999770,104.950485,421.043365,90.629471
353,3.530000,0.009652,0.011349,-0.015637,0.999767,104.794548,421.053741,90.657204
354,3.540000,0.010462,0.014412,-0.022456,0.999589,104.655975,421.067871,90.660530
355,3.550000,0.010584,0.014875,-0.023383,0.999560,104.519028,421.068268,90.658707
356,3.560000,0.010676,0.014884,-0.023480,0.999557,104.365662,421.052917,90.652649
357,3.570000,0.010734,0.014657,-0.023270,0.999564,104.217049,421.032928,90.651917
358,3.580000,0.009964,0.011515,-0.016318,0.999751,104.071068,421.029633,90.657951
359,3.590000,0.009874,0.011357,-0.015538,0.999766,103.949417,421.040771,90.656837
360,3.600000,0.009792,0.011681,-0.015634,0.999762,103.833313,421.078430,90.672653
361,3.610000,0.009772,0.011927,-0.015870,0.999755,103.748665,421.097229,90.671638
362,3.620000,0.009786,0.012100,-0.016266,0.999747,103.645279,421.095276,90.666458
363,3.630000,0.009830,0.011800,-0.016417,0.999747,103.514412,421.090302,90.646179
364,3.640000,0.009843,0.011703,-0.016349,0.999749,103.406654,421.081451,90.631165
365,3.650000,0.010613,0.014574,-0.022881,0.999576,103.311172,421.075470,90.623306
366,3.660000,0.010738,0.014982,-0.024056,0.999541,103.216232,421.097839,90.631851
367,3.670000,0.010721,0.014691,-0.023892,0.999549,103.108490,421.126129,90.630432
368,3.680000,0.009885,0.011482,-0.016950,0.999742,102.998558,421.144043,90.617012
369,3.690000,0.009757,0.011163,-0.016171,0.999759,102.897667,421.142151,90.597969
370,3.700000,0.009751,0.011533,-0.016464,0.999750,102.809639,421.165344,90.592125
371,3.710000,0.009701,0.012744,-0.018116,0.999708,102.761429,421.206451,90.602493
372,3.720000,0.009671,0.013021,-0.018336,0.999700,102.653160,421.226685,90.608253
373,3.730000,0.009650,0.012588,-0.018089,0.999711,102.498283,421.240082,90.615654
374,3.740000,0.010456,0.015034,-0.024058,0.999543,102.334251,421.224213,90.614342
375,3.750000,0.010598,0.015302,-0.024752,0.999520,102.124527,421.167542,90.589729
376,3.760000,0.010545,0.015557,-0.024911,0.999513,101.908051,421.121429,90.563240
377,3.770000,0.010355,0.015717,-0.025379,0.999501,101.712280,421.112762,90.516678
378,3.780000,0.009667,0.012314,-0.018027,0.999715,101.466614,421.122711,90.505173
379,3.790000,0.009558,0.012187,-0.017521,0.999727,101.261566,421.138885,90.505058
380,3.800000,0.009501,0.012601,-0.018244,0.999709,101.110443,421.169647,90.520866
381,3.810000,0.010114,0.016268,-0.025622,0.999488,100.989632,421.226074,90.546570
382,3.820000,0.010306,0.015852,-0.025733,0.999490,100.782768,421.250031,90.554741
383,3.830000,0.009627,0.012919,-0.019099,0.999688,100.617081,421.270416,90.556236
384,3.840000,0.009652,0.012353,-0.018259,0.999711,100.467888,421.257416,90.536133
385,3.850000,0.009635,0.012558,-0.018604,0.999702,100.321953,421.234833,90.531509
386,3.860000,0.009718,0.012704,-0.018840,0.999695,100.170776,421.224426,90.549896
387,3.870000,0.009706,0.012741,-0.018906,0.999693,100.005386,421.227936,90.559952
388,3.880000,0.009755,0.012965,-0.019268,0.999683,99.814232,421.228882,90.559334
389,3.890000,0.010264,0.015903,-0.025237,0.999502,99.639053,421.277496,90.558189
390,3.900000,0.009665,0.012918,-0.019292,0.999684,99.385155,421.296722,90.534630
391,3.910000,0.009480,0.012913,-0.018903,0.999693,99.171410,421.326324,90.519272
392,3.920000,0.009432,0.013203,-0.019248,0.999683,98.980309,421.343109,90.516792
393,3.930000,0.009464,0.013617,-0.020072,0.999661,98.809692,421.352356,90.510406
394,3.940000,0.009559,0.013466,-0.019578,0.999672,98.568001,421.301453,90.500175
395,3.950000,0.009722,0.013386,-0.019105,0.999681,98.354683,421.228485,90.499245
396,3.960000,0.009776,0.013072,-0.018655,0.999693,98.144012,421.183502,90.514595
397,3.970000,0.010360,0.016401,-0.025629,0.999483,98.032852,421.234863,90.532623
398,3.980000,0.009483,0.014688,-0.020672,0.999634,97.934273,421.300079,90.558884
399,3.990000,0.009666,0.014221,-0.020735,0.999637,97.729958,421.264740,90.534195
400,4.000000,0.009700,0.014408,-0.020607,0.999637,97.561516,421.229706,90.527184
401,4.010000,0.009702,0.014395,-0.020413,0.999641,97.409012,421.213074,90.525742
402,4.020000,0.009675,0.014421,-0.020441,0.999640,97.286903,421.216309,90.521805
403,4.030000,0.009719,0.013913,-0.020059,0.999655,97.154945,421.232605,90.502495
404,4.040000,0.009737,0.013294,-0.019390,0.999676,97.019531,421.243439,90.489082
405,4.050000,0.009743,0.013169,-0.019203,0.999681,96.902847,421.225433,90.477097
406,4.060000,0.009916,0.013517,-0.019707,0.999665,96.764503,421.182434,90.477592
407,4.070000,0.009913,0.013677,-0.019661,0.999664,96.635056,421.161285,90.475555
408,4.080000,0.009864,0.014054,-0.020257,0.999647,96.513268,421.161011,90.481415
409,4.090000,0.009680,0.014247,-0.020382,0.999644,96.393303,421.219940,90.500946
410,4.100000,0.009691,0.014917,-0.021122,0.999619,96.259842,421.281433,90.526337
411,4.110000,0.009743,0.015096,-0.021461,0.999608,96.107101,421.294250,90.541153
412,4.120000,0.009849,0.015081,-0.021859,0.999599,95.887642,421.270569,90.558678
413,4.130000,0.010044,0.014802,-0.021339,0.999612,95.664154,421.216125,90.557991
414,4.140000,0.010074,0.015047,-0.021665,0.999601,95.484734,421.192444,90.561180
415,4.150000,0.010146,0.014612,-0.021270,0.999616,95.299873,421.230469,90.554337
416,4.160000,0.009953,0.015140,-0.021622,0.999602,95.217064,421.322449,90.568703
417,4.170000,0.009907,0.015380,-0.021963,0.999591,95.086205,421.362854,90.574600
418,4.180000,0.010065,0.014631,-0.021865,0.999603,94.813530,421.346893,90.571136
419,4.190000,0.010091,0.015009,-0.022005,0.999594,94.592400,421.289215,90.558258
420,4.200000,0.010019,0.015421,-0.022277,0.999583,94.331520,421.236786,90.550110
421,4.210000,0.009996,0.015638,-0.022307,0.999579,94.100777,421.237061,90.561073
422,4.220000,0.010017,0.014702,-0.021333,0.999614,93.822800,421.282379,90.563332
423,4.230000,0.010135,0.014783,-0.021575,0.999607,93.569893,421.296143,90.589050
424,4.240000,0.010171,0.015006,-0.021486,0.999605,93.289810,421.229706,90.607399
425,4.250000,0.010367,0.015009,-0.021284,0.999607,92.988159,421.076569,90.634628
426,4.260000,0.010411,0.015122,-0.020676,0.999618,92.771034,421.016907,90.670959
427,4.270000,0.010767,0.014696,-0.020818,0.999617,92.525864,421.051056,90.714264
428,4.280000,0.011082,0.015029,-0.021607,0.999592,92.397202,421.087341,90.746704
429,4.290000,0.011149,0.015198,-0.021768,0.999585,92.226906,421.066772,90.745453
430,4.300000,0.010896,0.015424,-0.021663,0.999587,92.041389,420.988739,90.721977
431,4.310000,0.010674,0.015539,-0.021237,0.999597,91.861542,420.919342,90.697449
432,4.320000,0.010702,0.015498,-0.021199,0.999598,91.734123,420.902618,90.698021
433,4.330000,0.010645,0.015900,-0.021868,0.999578,91.703529,420.959869,90.695976
434,4.340000,0.010759,0.016041,-0.022167,0.999568,91.675896,420.987671,90.694061
435,4.350000,0.010827,0.016365,-0.022986,0.999543,91.621475,421.000885,90.690582
436,4.360000,0.010633,0.016521,-0.022990,0.999543,91.549423,421.009308,90.685196
437,4.370000,0.010592,0.016452,-0.022582,0.999554,91.438751,420.987885,90.691963
438,4.380000,0.010527,0.016333,-0.022078,0.999567,91.294342,420.955688,90.678360
439,4.390000,0.010525,0.016642,-0.022393,0.999555,91.202530,420.915649,90.643860
440,4.400000,0.010487,0.016779,-0.022286,0.999556,91.069298,420.879913,90.618027
441,4.410000,0.010535,0.015879,-0.021351,0.999590,90.900040,420.863922,90.624672
442,4.420000,0.010511,0.016152,-0.021235,0.999589,90.822754,420.884491,90.678719
443,4.430000,0.010729,0.016459,-0.021981,0.999565,90.714172,420.906281,90.738449
444,4.440000,0.010885,0.017002,-0.023130,0.999529,90.608162,420.904266,90.767113
445,4.450000,0.010913,0.016857,-0.022731,0.999540,90.449699,420.874695,90.754662
446,4.460000,0.010795,0.016801,-0.022416,0.999549,90.282921,420.804901,90.712784
447,4.470000,0.010666,0.016944,-0.022225,0.999553,90.124619,420.727295,90.682503
448,4.480000,0.010740,0.016531,-0.021507,0.999574,89.935692,420.667145,90.675629
449,4.490000,0.010940,0.016391,-0.021526,0.999574,89.788170,420.663849,90.701988
450,4.500000,0.011051,0.015680,-0.021288,0.999589,89.680870,420.719727,90.735489
451,4.510000,0.011229,0.016266,-0.021989,0.999563,89.588242,420.776825,90.772797
452,4.520000,0.011460,0.016288,-0.022416,0.999550,89.465942,420.801697,90.795486
453,4.530000,0.011397,0.016956,-0.023293,0.999520,89.370110,420.817230,90.818268
454,4.540000,0.011425,0.017106,-0.023117,0.999521,89.192322,420.787598,90.815498
455,4.550000,0.011440,0.017231,-0.023065,0.999520,89.005447,420.761993,90.820915
456,4.560000,0.011456,0.017079,-0.022820,0.999528,88.799614,420.754547,90.850861
457,4.570000,0.011572,0.016788,-0.022177,0.999546,88.597992,420.742401,90.890282
458,4.580000,0.011806,0.017117,-0.022723,0.999526,88.362564,420.702637,90.907974
459,4.590000,0.011724,0.017270,-0.022715,0.999524,88.152077,420.665527,90.883018
460,4.600000,0.011445,0.017800,-0.023057,0.999510,87.939789,420.623810,90.843079
461,4.610000,0.011524,0.017379,-0.022639,0.999526,87.690010,420.574341,90.810410
462,4.620000,0.011687,0.016591,-0.021776,0.999557,87.456245,420.572968,90.815582
463,4.630000,0.011790,0.016733,-0.022214,0.999544,87.278046,420.631958,90.849266
464,4.640000,0.011854,0.017273,-0.023251,0.999510,87.177742,420.707764,90.895950
465,4.650000,0.011894,0.017595,-0.023547,0.999497,87.044090,420.737793,90.925583
466,4.660000,0.011887,0.017852,-0.023712,0.999489,86.860886,420.741119,90.943909
467,4.670000,0.011949,0.017749,-0.023062,0.999505,86.604317,420.699615,90.935234
468,4.680000,0.012104,0.017577,-0.023267,0.999501,86.328362,420.609619,90.902824
469,4.690000,0.012011,0.017698,-0.023153,0.999503,86.081467,420.538269,90.897385
470,4.700000,0.012041,0.017874,-0.023188,0.999499,85.871727,420.529083,90.941162
471,4.710000,0.012352,0.018300,-0.023076,0.999490,85.630692,420.563538,91.015373
472,4.720000,0.012627,0.017784,-0.022827,0.999502,85.403900,420.550476,91.029991
473,4.730000,0.012678,0.017777,-0.023174,0.999493,85.184372,420.523773,91.024933
474,4.740000,0.012669,0.017515,-0.022981,0.999502,84.953278,420.481293,91.018120
475,4.750000,0.012877,0.017424,-0.022594,0.999510,84.726517,420.444092,91.032829
476,4.760000,0.012726,0.017980,-0.023150,0.999489,84.601936,420.468597,91.053978
477,4.770000,0.012592,0.018191,-0.023126,0.999488,84.523346,420.505432,91.074806
478,4.780000,0.012735,0.018168,-0.023315,0.999482,84.433914,420.522278,91.097717
479,4.790000,0.012880,0.017998,-0.023123,0.999488,84.358017,420.533539,91.107285
480,4.800000,0.012941,0.018020,-0.023470,0.999478,84.308548,420.542938,91.100365
481,4.810000,0.013013,0.017608,-0.023163,0.999492,84.247772,420.555054,91.094818
482,4.820000,0.013064,0.017593,-0.023187,0.999491,84.213043,420.569977,91.095360
483,4.830000,0.013106,0.017726,-0.023265,0.999486,84.174553,420.566956,91.099548
484,4.840000,0.013150,0.017963,-0.023796,0.999469,84.094353,420.537964,91.124153
485,4.850000,0.013334,0.017671,-0.022995,0.999490,83.955910,420.489624,91.170921
486,4.860000,0.013470,0.018093,-0.023276,0.999475,83.866997,420.400940,91.213898
487,4.870000,0.013478,0.018192,-0.022967,0.999480,83.744843,420.294342,91.230598
488,4.880000,0.013411,0.018227,-0.022691,0.999486,83.640015,420.199524,91.212341
489,4.890000,0.013021,0.018489,-0.022756,0.999485,83.584305,420.217743,91.180244
490,4.900000,0.013011,0.018492,-0.022961,0.999481,83.542580,420.254333,91.160370
491,4.910000,0.013067,0.018749,-0.023327,0.999467,83.539024,420.282837,91.160545
492,4.920000,0.013025,0.018914,-0.023456,0.999461,83.503471,420.314087,91.183655
493,4.930000,0.013207,0.018817,-0.023458,0.999461,83.466393,420.334167,91.230911
494,4.940000,0.013570,0.018553,-0.023201,0.999466,83.393806,420.332336,91.279289
495,4.950000,0.013640,0.018696,-0.023328,0.999460,83.366196,420.333984,91.296776
496,4.960000,0.013448,0.018746,-0.023624,0.999455,83.359482,420.337646,91.290680
497,4.970000,0.013368,0.018757,-0.023631,0.999455,83.335831,420.339569,91.284088
498,4.980000,0.013461,0.018809,-0.023645,0.999453,83.294800,420.332367,91.290306
499,4.990000,0.013424,0.019189,-0.023995,0.999438,83.253418,420.335968,91.284676
500,5.000000,0.013372,0.019038,-0.023863,0.999445,83.136192,420.343689,91.271317
501,5.010000,0.013417,0.018861,-0.023770,0.999450,82.990662,420.346619,91.278572
502,5.020000,0.013625,0.018397,-0.023681,0.999457,82.778549,420.350128,91.277657
503,5.030000,0.013384,0.018279,-0.023688,0.999463,82.570114,420.371948,91.266174
504,5.040000,0.013295,0.018300,-0.023283,0.999473,82.295410,420.288055,91.226631
505,5.050000,0.013208,0.018492,-0.023074,0.999475,81.945740,420.143646,91.148865
506,5.060000,0.012987,0.018723,-0.022991,0.999476,81.551659,420.052399,91.105293
507,5.070000,0.013213,0.019259,-0.023194,0.999458,81.138573,419.994232,91.139931
508,5.080000,0.013325,0.019640,-0.023958,0.999431,80.808983,419.998596,91.173615
509,5.090000,0.013275,0.019343,-0.023693,0.999444,80.395218,420.054810,91.197365
510,5.100000,0.013138,0.019818,-0.023942,0.999431,80.087677,420.114471,91.215973
511,5.110000,0.013059,0.019662,-0.023961,0.999434,79.727448,420.156586,91.214592
512,5.120000,0.012635,0.020051,-0.023256,0.999449,79.477715,420.261230,91.180061
513,5.130000,0.012380,0.020875,-0.023682,0.999425,79.279747,420.342865,91.160851
514,5.140000,0.012317,0.020409,-0.023668,0.999436,78.937057,420.393799,91.144234
515,5.150000,0.012416,0.020442,-0.023929,0.999428,78.641502,420.386322,91.123116
516,5.160000,0.012200,0.020964,-0.023823,0.999422,78.330025,420.267548,91.110924
517,5.170000,0.012233,0.020228,-0.022452,0.999468,77.887482,420.115845,91.102631
518,5.180000,0.012302,0.020918,-0.022963,0.999442,77.566498,419.961700,91.127785
519,5.190000,0.012496,0.021478,-0.023202,0.999422,77.308182,419.860748,91.155716
520,5.200000,0.012561,0.020555,-0.022136,0.999465,77.025871,419.861328,91.160606
521,5.210000,0.012757,0.020400,-0.022239,0.999463,76.853317,419.902954,91.185638
522,5.220000,0.013021,0.020203,-0.022213,0.999464,76.705360,419.954498,91.219940
523,5.230000,0.012945,0.020732,-0.022840,0.999440,76.574036,420.005859,91.261986
524,5.240000,0.012900,0.021196,-0.023353,0.999419,76.439384,420.021790,91.279381
525,5.250000,0.012932,0.021391,-0.024088,0.999397,76.282440,419.988586,91.262779
526,5.260000,0.013156,0.020921,-0.023028,0.999429,76.136436,419.945709,91.181381
527,5.270000,0.013183,0.020548,-0.022335,0.999452,76.009811,419.935211,91.146149
528,5.280000,0.013345,0.019821,-0.021622,0.999481,75.856178,419.954041,91.161880
529,5.290000,0.013449,0.020174,-0.022140,0.999461,75.792068,419.994049,91.206879
530,5.300000,0.013662,0.020208,-0.022315,0.999453,75.697189,420.013458,91.255280
531,5.310000,0.013851,0.020416,-0.022783,0.999436,75.592026,420.031738,91.290504
532,5.320000,0.014048,0.020371,-0.022708,0.999436,75.443436,420.042480,91.323875
533,5.330000,0.014182,0.020650,-0.023041,0.999421,75.286758,420.043671,91.354401
534,5.340000,0.014289,0.020621,-0.023332,0.999413,75.116951,420.010529,91.364914
535,5.350000,0.014290,0.020817,-0.023438,0.999406,74.968369,419.990509,91.371239
536,5.360000,0.014287,0.020949,-0.023414,0.999404,74.829155,419.971161,91.390839
537,5.370000,0.014301,0.020806,-0.023151,0.999413,74.674400,419.942719,91.400139
538,5.380000,0.014308,0.020362,-0.022462,0.999438,74.473701,419.877167,91.380676
539,5.390000,0.014325,0.020513,-0.022258,0.999439,74.299675,419.795349,91.358925
540,5.400000,0.014375,0.020401,-0.021937,0.999448,74.140388,419.750763,91.345520
541,5.410000,0.014333,0.020586,-0.022147,0.999440,74.060822,419.780121,91.352905
542,5.420000,0.014387,0.020790,-0.022650,0.999424,73.996925,419.825104,91.382393
543,5.430000,0.014440,0.021091,-0.023275,0.999402,73.928604,419.857727,91.410278
544,5.440000,0.014348,0.021426,-0.023917,0.999381,73.859322,419.892792,91.406860
545,5.450000,0.014148,0.021243,-0.023889,0.999389,73.740295,419.922394,91.371292
546,5.460000,0.014139,0.020670,-0.023338,0.999414,73.565498,419.914062,91.328606
547,5.470000,0.014139,0.020680,-0.023386,0.999413,73.405853,419.881897,91.295418
548,5.480000,0.014032,0.020809,-0.023317,0.999413,73.232132,419.860596,91.285889
549,5.490000,0.014321,0.020524,-0.022832,0.999426,73.035110,419.847961,91.328979
550,5.500000,0.014659,0.020627,-0.022979,0.999416,72.888649,419.845154,91.400002
551,5.510000,0.014887,0.021256,-0.023906,0.999377,72.781509,419.878662,91.473701
552,5.520000,0.015031,0.021058,-0.023679,0.999385,72.598007,419.900452,91.519135
553,5.530000,0.015024,0.021236,-0.023716,0.999380,72.440758,419.916626,91.524551
554,5.540000,0.015095,0.020765,-0.023458,0.999395,72.224854,419.888885,91.488159
555,5.550000,0.015033,0.020511,-0.023115,0.999409,72.036087,419.841034,91.445824
556,5.560000,0.014924,0.020825,-0.023344,0.999399,71.879753,419.785675,91.399734
557,5.570000,0.014706,0.021043,-0.023470,0.999395,71.745934,419.777863,91.375671
558,5.580000,0.014784,0.021259,-0.023910,0.999379,71.633202,419.812408,91.400818
559,5.590000,0.014977,0.021936,-0.025092,0.999332,71.532204,419.899200,91.457962
560,5.600000,0.015104,0.022400,-0.025906,0.999299,71.394066,419.980408,91.489082
561,5.610000,0.015187,0.021396,-0.025058,0.999342,71.136765,420.009674,91.484314
562,5.620000,0.015293,0.021387,-0.025139,0.999338,70.900635,420.009186,91.487457
563,5.630000,0.015308,0.021610,-0.025305,0.999329,70.673111,419.979248,91.489151
564,5.640000,0.015233,0.022461,-0.025884,0.999297,70.470146,419.965912,91.509613
565,5.650000,0.015245,0.022344,-0.025606,0.999306,70.259979,419.985321,91.525101
566,5.660000,0.015428,0.021594,-0.025071,0.999333,70.031067,420.004669,91.518921
567,5.670000,0.015437,0.021231,-0.024864,0.999346,69.810707,420.037964,91.508331
568,5.680000,0.015265,0.021481,-0.025410,0.999330,69.591217,420.078125,91.490791
569,5.690000,0.015059,0.022440,-0.026526,0.999283,69.393562,420.126984,91.480797
570,5.700000,0.014927,0.022269,-0.026656,0.999285,69.143463,420.162842,91.450081
571,5.710000,0.014871,0.022024,-0.026270,0.999302,68.926414,420.190338,91.425095
572,5.720000,0.014747,0.022445,-0.026857,0.999278,68.753052,420.233002,91.390793
573,5.730000,0.014695,0.022070,-0.026641,0.999293,68.567429,420.275635,91.357170
574,5.740000,0.014756,0.021719,-0.026444,0.999305,68.405792,420.294250,91.347969
575,5.750000,0.014764,0.022138,-0.026885,0.999284,68.253036,420.276611,91.368774
576,5.760000,0.014796,0.022289,-0.026907,0.999280,68.046852,420.251770,91.384171
577,5.770000,0.014876,0.022357,-0.026715,0.999282,67.848824,420.216064,91.404381
578,5.780000,0.014930,0.022671,-0.026650,0.999276,67.670555,420.168335,91.410721
579,5.790000,0.014817,0.022435,-0.026079,0.999298,67.475868,420.181396,91.427170
580,5.800000,0.014805,0.022138,-0.025548,0.999319,67.317093,420.198425,91.478859
581,5.810000,0.014967,0.022391,-0.025622,0.999309,67.274879,420.193848,91.534348
582,5.820000,0.015062,0.022206,-0.025426,0.999317,67.211533,420.185699,91.564644
583,5.830000,0.015105,0.022235,-0.025600,0.999311,67.221893,420.182190,91.583618
584,5.840000,0.015056,0.022238,-0.025915,0.999303,67.233833,420.216919,91.582520
585,5.850000,0.015068,0.022206,-0.026105,0.999299,67.224327,420.248474,91.567245
586,5.860000,0.014953,0.022460,-0.026727,0.999279,67.234642,420.292572,91.530991
587,5.870000,0.014717,0.022738,-0.027269,0.999261,67.186447,420.354065,91.489769
588,5.880000,0.014642,0.023125,-0.027986,0.999234,67.111763,420.405151,91.468376
589,5.890000,0.014662,0.023175,-0.028042,0.999231,66.980553,420.434937,91.467094
590,5.900000,0.014826,0.023043,-0.027907,0.999235,66.772514,420.454498,91.491188
591,5.910000,0.015009,0.023224,-0.027933,0.999227,66.560074,420.488464,91.558105
592,5.920000,0.015412,0.022660,-0.027810,0.999238,66.292183,420.476044,91.630745
593,5.930000,0.015754,0.023184,-0.028127,0.999211,65.970078,420.375214,91.684456
594,5.940000,0.015754,0.023000,-0.027138,0.999243,65.617638,420.159058,91.648209
595,5.950000,0.015240,0.024605,-0.029692,0.999140,65.138199,420.007874,91.670074
596,5.960000,0.015216,0.024750,-0.029417,0.999145,64.755150,419.896790,91.690231
597,5.970000,0.015412,0.024422,-0.028867,0.999166,64.375320,419.886200,91.700882
598,5.980000,0.015382,0.024957,-0.030015,0.999119,64.047729,419.923615,91.696541
599,5.990000,0.015369,0.024220,-0.027815,0.999201,63.793278,419.949341,91.650269
600,6.000000,0.015644,0.024278,-0.029165,0.999157,63.297672,419.935059,91.721100
601,6.010000,0.015735,0.024743,-0.030066,0.999118,62.926167,419.959015,91.759659
602,6.020000,0.015743,0.025169,-0.030387,0.999097,62.529072,419.967743,91.784630
603,6.030000,0.015784,0.024668,-0.029764,0.999128,62.035866,419.949005,91.770233
604,6.040000,0.015678,0.024940,-0.030268,0.999108,61.551937,419.918793,91.746643
605,6.050000,0.015451,0.024418,-0.028828,0.999167,60.959629,419.830292,91.705376
606,6.060000,0.015209,0.025351,-0.029499,0.999128,60.473747,419.699371,91.677109
607,6.070000,0.015604,0.025382,-0.029662,0.999116,59.875526,419.501862,91.640518
608,6.080000,0.015835,0.025123,-0.029443,0.999125,59.323814,419.505646,91.685341
609,6.090000,0.016378,0.025433,-0.030145,0.999088,58.909657,419.501373,91.732826
610,6.100000,0.016452,0.026076,-0.030927,0.999046,58.436165,419.578522,91.759796
611,6.110000,0.016360,0.025678,-0.030768,0.999063,57.930790,419.642700,91.764374
612,6.120000,0.016249,0.025949,-0.031805,0.999025,57.459770,419.679352,91.724426
613,6.130000,0.016026,0.025894,-0.031435,0.999042,56.922459,419.725220,91.681725
614,6.140000,0.015983,0.025875,-0.031538,0.999040,56.380634,419.712585,91.658775
615,6.150000,0.015961,0.025630,-0.031221,0.999056,55.889912,419.662415,91.655746
616,6.160000,0.016087,0.025628,-0.030989,0.999062,55.365284,419.608276,91.685944
617,6.170000,0.015988,0.026698,-0.031983,0.999004,54.944019,419.560760,91.729057
618,6.180000,0.015832,0.026083,-0.030966,0.999055,54.497669,419.515717,91.747055
619,6.190000,0.015704,0.026628,-0.031267,0.999033,54.161503,419.507233,91.725708
620,6.200000,0.015602,0.026614,-0.031238,0.999036,53.840351,419.517975,91.666626
621,6.210000,0.015512,0.026405,-0.031457,0.999036,53.501457,419.542969,91.582718
622,6.220000,0.015247,0.026508,-0.031790,0.999027,53.237534,419.605743,91.511200
623,6.230000,0.015097,0.025990,-0.030989,0.999068,52.985451,419.673859,91.479645
624,6.240000,0.015242,0.024854,-0.029768,0.999132,52.729633,419.675598,91.467743
625,6.250000,0.015618,0.024347,-0.028946,0.999162,52.537636,419.619354,91.521278
626,6.260000,0.016007,0.024063,-0.028278,0.999182,52.432232,419.556915,91.612770
627,6.270000,0.016518,0.024153,-0.028415,0.999168,52.422894,419.526459,91.725044
628,6.280000,0.016565,0.024354,-0.028812,0.999151,52.516769,419.556671,91.758575
629,6.290000,0.015779,0.023960,-0.028632,0.999178,52.650890,419.688141,91.626053
630,6.300000,0.014880,0.023744,-0.028840,0.999191,52.807507,419.851562,91.427162
631,6.310000,0.014050,0.023610,-0.028958,0.999203,52.974396,419.942749,91.234161
632,6.320000,0.013197,0.023033,-0.028100,0.999253,53.031361,419.977661,91.043312
633,6.330000,0.012519,0.023060,-0.027791,0.999269,53.065735,419.975464,90.847183
634,6.340000,0.011958,0.022127,-0.026669,0.999328,52.972080,419.965515,90.649597
635,6.350000,0.011595,0.021672,-0.026232,0.999354,52.901569,419.966644,90.530815
636,6.360000,0.011630,0.021489,-0.025926,0.999365,52.824978,419.965302,90.532112
637,6.370000,0.011831,0.021670,-0.026033,0.999356,52.789772,419.960754,90.610786
638,6.380000,0.012352,0.022048,-0.026225,0.999337,52.774349,419.924866,90.777779
639,6.390000,0.012624,0.022427,-0.026547,0.999316,52.796661,419.909973,90.884979
640,6.400000,0.012636,0.021915,-0.025926,0.999344,52.785896,419.909637,90.914513
641,6.410000,0.012458,0.021842,-0.025859,0.999349,52.865490,419.960846,90.879364
642,6.420000,0.011852,0.021655,-0.024945,0.999384,53.017124,420.084290,90.833351
643,6.430000,0.011666,0.021198,-0.024306,0.999412,53.170097,420.127563,90.777542
644,6.440000,0.011496,0.020658,-0.023455,0.999445,53.341785,420.092468,90.726181
645,6.450000,0.011173,0.020298,-0.023313,0.999460,53.537766,420.084534,90.682785
646,6.460000,0.011069,0.019692,-0.023050,0.999479,53.796165,420.149933,90.664139
647,6.470000,0.011087,0.020164,-0.023909,0.999449,54.261520,420.287445,90.685776
648,6.480000,0.011154,0.019530,-0.023414,0.999473,54.638279,420.358643,90.705627
649,6.490000,0.011295,0.019215,-0.023052,0.999486,55.077000,420.376007,90.763893
650,6.500000,0.011507,0.019013,-0.023127,0.999485,55.520916,420.356171,90.796501
651,6.510000,0.011470,0.018573,-0.022620,0.999506,55.972244,420.366272,90.780251
652,6.520000,0.011102,0.018148,-0.022446,0.999522,56.452450,420.449554,90.752373
653,6.530000,0.011127,0.017401,-0.021615,0.999553,56.914749,420.554871,90.729195
654,6.540000,0.011058,0.018146,-0.022335,0.999525,57.503242,420.698090,90.784836
655,6.550000,0.011547,0.017491,-0.022341,0.999531,57.947338,420.666565,90.810402
656,6.560000,0.011516,0.017150,-0.021809,0.999549,58.396152,420.619110,90.848900
657,6.570000,0.011733,0.016369,-0.020356,0.999590,58.762901,420.498871,90.884987
658,6.580000,0.011785,0.016708,-0.020389,0.999583,59.229725,420.419006,90.953293
659,6.590000,0.011936,0.016379,-0.019874,0.999597,59.700790,420.347687,91.017052
660,6.600000,0.012147,0.016338,-0.019497,0.999603,60.208454,420.322723,91.081009
661,6.610000,0.012047,0.015898,-0.018908,0.999622,60.697887,420.331940,91.065010
662,6.620000,0.011544,0.016004,-0.018859,0.999627,61.271004,420.432434,90.988495
663,6.630000,0.011233,0.015733,-0.019248,0.999628,61.844551,420.545898,90.899170
664,6.640000,0.011180,0.015477,-0.019191,0.999634,62.403072,420.637177,90.858955
665,6.650000,0.010974,0.015680,-0.019472,0.999627,63.006901,420.708374,90.837578
666,6.660000,0.010887,0.015658,-0.019321,0.999632,63.575840,420.673462,90.843246
667,6.670000,0.011027,0.014601,-0.018157,0.999668,64.049522,420.592224,90.835007
668,6.680000,0.011092,0.014591,-0.018032,0.999669,64.590683,420.546265,90.865768
669,6.690000,0.010975,0.014093,-0.017005,0.999696,65.124321,420.532745,90.897484
670,6.700000,0.010802,0.014538,-0.017205,0.999688,65.749039,420.559082,90.909195
671,6.710000,0.010845,0.013966,-0.016507,0.999707,66.264503,420.573059,90.894318
672,6.720000,0.010571,0.013946,-0.016576,0.999710,66.841225,420.612762,90.872269
673,6.730000,0.010631,0.013557,-0.016089,0.999722,67.342705,420.614044,90.838066
674,6.740000,0.010313,0.013362,-0.015686,0.999735,67.898102,420.627197,90.820282
675,6.750000,0.010510,0.013481,-0.015749,0.999730,68.422089,420.605530,90.810768
676,6.760000,0.010416,0.013065,-0.015223,0.999745,68.973312,420.607880,90.799721
677,6.770000,0.010368,0.012963,-0.015256,0.999746,69.531502,420.618103,90.805061
678,6.780000,0.010430,0.012905,-0.015114,0.999748,70.130302,420.604889,90.825401
679,6.790000,0.010502,0.012493,-0.014837,0.999757,70.678185,420.579834,90.852478
680,6.800000,0.010449,0.012503,-0.014464,0.999763,71.282898,420.544891,90.870621
681,6.810000,0.010445,0.012556,-0.014411,0.999763,71.857162,420.540558,90.901054
682,6.820000,0.010436,0.012643,-0.014445,0.999761,72.518822,420.573303,90.906754
683,6.830000,0.010333,0.012016,-0.013611,0.999782,73.136833,420.606079,90.898399
684,6.840000,0.010345,0.012212,-0.014258,0.999770,73.775208,420.651154,90.874168
685,6.850000,0.010249,0.011455,-0.013371,0.999793,74.423035,420.686859,90.859421
686,6.860000,0.010283,0.011593,-0.013801,0.999785,75.053810,420.691895,90.867241
687,6.870000,0.010259,0.011128,-0.012873,0.999803,75.631981,420.664856,90.881142
688,6.880000,0.010283,0.011646,-0.013521,0.999788,76.276833,420.611389,90.894478
689,6.890000,0.010252,0.011350,-0.012910,0.999800,76.859200,420.571655,90.895248
690,6.900000,0.010203,0.010747,-0.012115,0.999817,77.425644,420.551605,90.897530
691,6.910000,0.010271,0.011550,-0.012806,0.999799,78.097641,420.574188,90.909798
692,6.920000,0.010101,0.011031,-0.012362,0.999812,78.741356,420.634857,90.908905
693,6.930000,0.010081,0.011188,-0.012792,0.999805,79.452866,420.701172,90.902267
694,6.940000,0.010094,0.011537,-0.013188,0.999795,80.168251,420.751160,90.927917
695,6.950000,0.010103,0.010879,-0.012855,0.999807,80.892632,420.770355,90.933578
696,6.960000,0.010009,0.010848,-0.012645,0.999811,81.663216,420.785706,90.958168
697,6.970000,0.010107,0.011176,-0.012789,0.999805,82.425842,420.775299,90.991379
698,6.980000,0.010482,0.009650,-0.010159,0.999847,83.251274,420.769958,90.937119
699,6.990000,0.010449,0.010107,-0.010662,0.999838,84.192719,420.796448,90.949562
700,7.000000,0.010563,0.009779,-0.010691,0.999839,85.153351,420.802551,90.952011
701,7.010000,0.010006,0.010904,-0.012458,0.999813,86.189362,420.831909,91.027443
702,7.020000,0.009912,0.010745,-0.012310,0.999817,87.233414,420.855255,91.026772
703,7.030000,0.009918,0.010957,-0.012579,0.999812,88.316650,420.874847,91.039696
704,7.040000,0.009899,0.010825,-0.012228,0.999818,89.449867,420.900116,91.037148
705,7.050000,0.009841,0.010734,-0.012135,0.999820,90.661331,420.931824,91.037186
706,7.060000,0.009950,0.011089,-0.013194,0.999802,91.932999,420.988098,91.062035
707,7.070000,0.009947,0.010400,-0.012424,0.999819,93.220490,421.029053,91.095551
708,7.080000,0.009972,0.010257,-0.012237,0.999823,94.482895,421.060547,91.132416
709,7.090000,0.009878,0.010668,-0.012417,0.999817,95.841339,421.097412,91.155159
710,7.100000,0.010488,0.013034,-0.018667,0.999686,97.192993,421.110535,91.121925
711,7.110000,0.009731,0.010552,-0.013010,0.999812,98.564339,421.141296,91.113029
712,7.120000,0.009574,0.010601,-0.012754,0.999817,100.026436,421.186737,91.090157
713,7.130000,0.009542,0.010071,-0.012274,0.999828,101.407494,421.221130,91.082001
714,7.140000,0.009446,0.010129,-0.012203,0.999830,102.802376,421.265045,91.102676
715,7.150000,0.009558,0.009737,-0.011997,0.999835,104.180542,421.274292,91.140472
716,7.160000,0.009595,0.010431,-0.012548,0.999821,105.627075,421.274292,91.160378
717,7.170000,0.009608,0.010746,-0.012777,0.999814,107.004028,421.271759,91.211174
718,7.180000,0.009529,0.010815,-0.012726,0.999815,108.343796,421.269073,91.209045
719,7.190000,0.009525,0.010868,-0.012823,0.999813,109.667679,421.253815,91.221619
720,7.200000,0.009589,0.010934,-0.012886,0.999811,110.955269,421.248596,91.245544
721,7.210000,0.009568,0.010447,-0.012172,0.999826,112.204033,421.242706,91.258125
722,7.220000,0.010393,0.014294,-0.019355,0.999657,113.488068,421.266388,91.259125
723,7.230000,0.010541,0.014815,-0.020785,0.999619,114.714561,421.287689,91.286232
724,7.240000,0.010578,0.015226,-0.021150,0.999604,115.900063,421.298950,91.341064
725,7.250000,0.010584,0.015105,-0.020898,0.999612,117.040901,421.313599,91.366020
726,7.260000,0.009771,0.011618,-0.013341,0.999796,118.153625,421.325256,91.389313
727,7.270000,0.010696,0.014623,-0.020584,0.999624,119.251999,421.338043,91.384758
728,7.280000,0.010584,0.015255,-0.021248,0.999602,120.357552,421.371185,91.420586
729,7.290000,0.010568,0.015485,-0.021343,0.999596,121.396011,421.379974,91.444405
730,7.300000,0.010623,0.015065,-0.020959,0.999610,122.345802,421.382263,91.450432
731,7.310000,0.010572,0.014879,-0.020710,0.999619,123.341797,421.386139,91.470314
732,7.320000,0.010475,0.015441,-0.021340,0.999598,124.330788,421.382782,91.498657
733,7.330000,0.010480,0.015184,-0.020888,0.999612,125.272301,421.377167,91.512711
734,7.340000,0.009600,0.011884,-0.013187,0.999796,126.171288,421.384796,91.538284
735,7.350000,0.010355,0.014986,-0.020283,0.999628,127.066002,421.386505,91.519150
736,7.360000,0.010291,0.015544,-0.020688,0.999612,127.938850,421.388855,91.524292
737,7.370000,0.010296,0.014963,-0.020350,0.999628,128.729752,421.370514,91.512886
738,7.380000,0.010339,0.015203,-0.020519,0.999620,129.539734,421.346619,91.508690
739,7.390000,0.010254,0.015278,-0.020194,0.999627,130.331680,421.328552,91.511688
740,7.400000,0.010309,0.015404,-0.020290,0.999622,131.142883,421.300079,91.521172
741,7.410000,0.010302,0.015216,-0.020383,0.999623,131.958038,421.293457,91.571404
742,7.420000,0.010441,0.015016,-0.020096,0.999631,132.755737,421.284393,91.612343
743,7.430000,0.010434,0.015543,-0.020500,0.999615,133.660126,421.303345,91.667717
744,7.440000,0.010462,0.015100,-0.020418,0.999623,134.491028,421.306580,91.705139
745,7.450000,0.010603,0.015226,-0.020617,0.999615,135.354279,421.310822,91.725441
746,7.460000,0.010398,0.015170,-0.020397,0.999623,136.264297,421.340057,91.717072
747,7.470000,0.009539,0.011618,-0.012249,0.999812,137.127869,421.348419,91.722847
748,7.480000,0.010474,0.014908,-0.019794,0.999638,138.048401,421.346832,91.714302
749,7.490000,0.010408,0.015310,-0.020433,0.999620,138.963043,421.355560,91.738907
750,7.500000,0.009529,0.011714,-0.012304,0.999810,139.817184,421.348907,91.785927
751,7.510000,0.010404,0.014816,-0.019427,0.999647,140.719269,421.341431,91.812614
752,7.520000,0.010559,0.015741,-0.020773,0.999605,141.651749,421.345428,91.855354
753,7.530000,0.010658,0.015762,-0.020851,0.999602,142.542664,421.336395,91.898819
754,7.540000,0.010606,0.015602,-0.020704,0.999608,143.387192,421.337036,91.920380
755,7.550000,0.010601,0.015421,-0.020352,0.999618,144.226776,421.339050,91.933975
756,7.560000,0.010551,0.015526,-0.020514,0.999613,145.073471,421.357697,91.931374
757,7.570000,0.009613,0.011936,-0.012462,0.999805,145.904984,421.369507,91.934990
758,7.580000,0.010382,0.015274,-0.020066,0.999628,146.708633,421.389801,91.907539
759,7.590000,0.010555,0.015040,-0.019966,0.999632,147.461044,421.380371,91.892700
760,7.600000,0.010444,0.014905,-0.019955,0.999635,148.204926,421.389618,91.880791
761,7.610000,0.011424,0.014315,-0.021685,0.999597,148.837677,421.297943,91.835587
762,7.620000,0.010360,0.015246,-0.020216,0.999626,149.740295,421.418121,91.899231
763,7.630000,0.010260,0.015402,-0.020149,0.999626,150.465012,421.439911,91.926659
764,7.640000,0.009154,0.011724,-0.011812,0.999820,151.147827,421.458649,91.955666
765,7.650000,0.010211,0.015481,-0.020283,0.999622,151.824905,421.431854,91.953156
766,7.660000,0.010138,0.015287,-0.020173,0.999628,152.435074,421.431305,91.947075
767,7.670000,0.010120,0.015483,-0.020274,0.999623,152.997833,421.411102,91.926796
768,7.680000,0.010018,0.015713,-0.020293,0.999620,153.556702,421.408783,91.907715
769,7.690000,0.010064,0.015394,-0.020244,0.999626,154.013718,421.388672,91.892876
770,7.700000,0.010043,0.015778,-0.020304,0.999619,154.489426,421.378113,91.903763
771,7.710000,0.010038,0.015398,-0.020030,0.999630,154.862335,421.356842,91.907654
772,7.720000,0.010045,0.015213,-0.019794,0.999638,155.202789,421.327911,91.927803
773,7.730000,0.008969,0.011408,-0.010751,0.999837,155.535507,421.304993,91.965256
774,7.740000,0.009986,0.015275,-0.019381,0.999646,155.839493,421.272217,91.976852
775,7.750000,0.009957,0.015526,-0.019795,0.999634,156.124054,421.265839,91.989494
776,7.760000,0.010076,0.014917,-0.018951,0.999658,156.358047,421.255920,91.973068
777,7.770000,0.010050,0.015106,-0.019140,0.999652,156.649750,421.269592,91.964325
778,7.780000,0.010019,0.015606,-0.019941,0.999629,156.947845,421.287476,91.959000
779,7.790000,0.010053,0.015558,-0.019959,0.999629,157.212051,421.288910,91.947693
780,7.800000,0.009969,0.015709,-0.019709,0.999633,157.502167,421.298798,91.951385
781,7.810000,0.010078,0.015342,-0.019404,0.999643,157.764359,421.270264,91.973381
782,7.820000,0.010028,0.015341,-0.019159,0.999648,158.061996,421.256958,92.004066
783,7.830000,0.010054,0.015567,-0.019627,0.999636,158.398483,421.243073,92.026184
784,7.840000,0.010008,0.015536,-0.019426,0.999641,158.721588,421.245422,92.048988
785,7.850000,0.010119,0.015413,-0.019326,0.999643,159.027313,421.242340,92.081085
786,7.860000,0.010118,0.015128,-0.019118,0.999652,159.373428,421.247925,92.097931
787,7.870000,0.010094,0.015281,-0.019159,0.999649,159.750778,421.266205,92.109360
788,7.880000,0.011476,0.014008,-0.021197,0.999611,159.908447,421.144470,92.031593
789,7.890000,0.010055,0.015514,-0.019697,0.999635,160.539291,421.305450,92.115303
790,7.900000,0.009906,0.015530,-0.019324,0.999644,160.943207,421.339539,92.107338
791,7.910000,0.009866,0.015243,-0.019476,0.999645,161.340744,421.350891,92.085678
792,7.920000,0.009944,0.015290,-0.019500,0.999644,161.779831,421.351013,92.060974
793,7.930000,0.009879,0.015264,-0.019399,0.999647,162.194641,421.353333,92.062592
794,7.940000,0.010014,0.015278,-0.019521,0.999643,162.613693,421.342651,92.050583
795,7.950000,0.009813,0.015898,-0.020002,0.999625,163.099609,421.362762,92.073708
796,7.960000,0.010000,0.015316,-0.019579,0.999641,163.503433,421.337769,92.068947
797,7.970000,0.009943,0.015474,-0.019577,0.999639,163.981186,421.341583,92.091385
798,7.980000,0.009960,0.014840,-0.018911,0.999661,164.408798,421.327423,92.104332
799,7.990000,0.010089,0.015276,-0.019319,0.999646,164.871567,421.310150,92.134949
800,8.000000,0.010634,0.015341,-0.020462,0.999616,165.264908,421.233185,92.166779
801,8.010000,0.010346,0.014907,-0.019132,0.999652,165.691574,421.269531,92.220451
802,8.020000,0.010327,0.015271,-0.019470,0.999641,166.137650,421.271820,92.271309
803,8.030000,0.010286,0.014890,-0.019038,0.999655,166.504730,421.264404,92.334587
804,8.040000,0.010374,0.014921,-0.019081,0.999653,166.853455,421.241699,92.409576
805,8.050000,0.010492,0.014881,-0.018924,0.999655,167.149307,421.203217,92.493378
806,8.060000,0.010583,0.014484,-0.018451,0.999669,167.392944,421.145172,92.571159
807,8.070000,0.011216,0.013923,-0.018623,0.999667,167.509003,421.004883,92.612450
808,8.080000,0.011312,0.014147,-0.019074,0.999654,167.612885,420.905518,92.620491
809,8.090000,0.011128,0.013908,-0.018691,0.999667,167.646591,420.851746,92.599892
810,8.100000,0.011675,0.012688,-0.019271,0.999666,167.447403,420.765808,92.451210
811,8.110000,0.011599,0.012540,-0.019237,0.999669,167.337906,420.759399,92.358101
812,8.120000,0.011538,0.012435,-0.019248,0.999671,167.206711,420.759735,92.249588
813,8.130000,0.011242,0.012584,-0.019379,0.999670,167.050842,420.780945,92.105705
814,8.140000,0.010935,0.012548,-0.018994,0.999681,166.896759,420.777008,91.959633
815,8.150000,0.010157,0.013353,-0.018101,0.999695,166.881195,420.796539,91.892174
816,8.160000,0.009817,0.013443,-0.017622,0.999706,166.781296,420.788574,91.798157
817,8.170000,0.009840,0.013083,-0.017352,0.999716,166.659912,420.753967,91.724335
818,8.180000,0.009956,0.012906,-0.017275,0.999718,166.607803,420.737488,91.708038
819,8.190000,0.010126,0.012802,-0.017383,0.999716,166.622345,420.738403,91.734962
820,8.200000,0.010133,0.013210,-0.018053,0.999698,166.731033,420.788788,91.789207
821,8.210000,0.010148,0.013062,-0.018085,0.999700,166.834000,420.828064,91.819466
822,8.220000,0.010211,0.012902,-0.018151,0.999700,166.919540,420.849976,91.849571
823,8.230000,0.010290,0.012802,-0.018168,0.999700,166.991455,420.848328,91.886024
824,8.240000,0.010291,0.012759,-0.018057,0.999703,167.026108,420.838654,91.935715
825,8.250000,0.010278,0.012744,-0.017916,0.999705,167.049103,420.841766,91.971298
826,8.260000,0.010343,0.012580,-0.017955,0.999706,167.040054,420.830811,92.010460
827,8.270000,0.010363,0.012810,-0.017923,0.999704,167.022537,420.835175,92.023361
828,8.280000,0.010375,0.012612,-0.017876,0.999707,166.968613,420.826965,92.025909
829,8.290000,0.011101,0.011679,-0.018478,0.999699,166.784851,420.754486,91.953316
830,8.300000,0.011125,0.011770,-0.018426,0.999699,166.731323,420.736786,91.925812
831,8.310000,0.010406,0.012537,-0.017830,0.999708,166.777908,420.777527,91.952515
832,8.320000,0.010161,0.012710,-0.017647,0.999712,166.747726,420.793732,91.923264
833,8.330000,0.010104,0.012722,-0.017660,0.999712,166.720398,420.796387,91.883041
834,8.340000,0.010178,0.012934,-0.018110,0.999701,166.721191,420.793915,91.828110
835,8.350000,0.010156,0.012921,-0.017982,0.999703,166.735199,420.796936,91.798126
836,8.360000,0.010118,0.012914,-0.018046,0.999703,166.753601,420.798889,91.786644
837,8.370000,0.010146,0.012859,-0.018101,0.999702,166.784760,420.797974,91.793060
838,8.380000,0.010189,0.012856,-0.018202,0.999700,166.825363,420.801819,91.808037
839,8.390000,0.010200,0.012706,-0.017958,0.999706,166.860733,420.809113,91.824333
840,8.400000,0.010203,0.012681,-0.017780,0.999710,166.900696,420.824005,91.837166
841,8.410000,0.010229,0.012656,-0.017765,0.999710,166.914505,420.829437,91.849533
842,8.420000,0.010262,0.012547,-0.017649,0.999713,166.915253,420.822632,91.858734
843,8.430000,0.010295,0.012517,-0.017575,0.999714,166.906357,420.811005,91.868439
844,8.440000,0.010352,0.012438,-0.017618,0.999714,166.881668,420.796082,91.880135
845,8.450000,0.010283,0.012402,-0.017644,0.999715,166.859970,420.801575,91.892990
846,8.460000,0.010255,0.012313,-0.017536,0.999718,166.831039,420.803375,91.899918
847,8.470000,0.010247,0.012492,-0.017611,0.999714,166.807327,420.804901,91.901237
848,8.480000,0.010239,0.012521,-0.017723,0.999712,166.767212,420.793304,91.897232
849,8.490000,0.010216,0.012523,-0.017726,0.999712,166.745850,420.785370,91.882637
850,8.500000,0.010245,0.012609,-0.017840,0.999709,166.738159,420.773010,91.856796
851,8.510000,0.010257,0.012452,-0.017614,0.999715,166.730438,420.767700,91.836136
852,8.520000,0.010139,0.012663,-0.017803,0.999710,166.753464,420.787201,91.832359
853,8.530000,0.010146,0.012801,-0.018055,0.999704,166.764175,420.792969,91.830315
854,8.540000,0.010207,0.012744,-0.017945,0.999706,166.785217,420.791656,91.818520
855,8.550000,0.010224,0.012690,-0.017952,0.999706,166.800781,420.791168,91.810669
856,8.560000,0.010223,0.012634,-0.017942,0.999707,166.816254,420.793030,91.806671
857,8.570000,0.010200,0.012697,-0.017878,0.999708,166.845825,420.805328,91.807091
858,8.580000,0.010178,0.012613,-0.017659,0.999713,166.863251,420.809540,91.814011
859,8.590000,0.010184,0.012590,-0.017624,0.999714,166.875473,420.812042,91.821510
860,8.600000,0.010201,0.012583,-0.017589,0.999714,166.882156,420.812897,91.830559
861,8.610000,0.010221,0.012555,-0.017550,0.999715,166.880081,420.810822,91.838867
862,8.620000,0.010231,0.012557,-0.017538,0.999715,166.869232,420.805969,91.845535
863,8.630000,0.010253,0.012605,-0.017583,0.999713,166.849731,420.800537,91.851372
864,8.640000,0.010251,0.012495,-0.017777,0.999711,166.807434,420.788757,91.862991
865,8.650000,0.010212,0.012356,-0.017450,0.999719,166.782150,420.785767,91.858849
866,8.660000,0.010195,0.012350,-0.017519,0.999718,166.742264,420.777191,91.860405
867,8.670000,0.010157,0.012517,-0.017702,0.999713,166.716507,420.781555,91.855255
868,8.680000,0.010242,0.012790,-0.018046,0.999703,166.729462,420.772430,91.829025
869,8.690000,0.010291,0.012656,-0.017988,0.999705,166.722107,420.769257,91.815109
870,8.700000,0.010152,0.012592,-0.017870,0.999710,166.729401,420.777069,91.812225
871,8.710000,0.010156,0.012618,-0.017652,0.999713,166.769348,420.787994,91.800568
872,8.720000,0.010180,0.012652,-0.017738,0.999711,166.800552,420.793457,91.801163
873,8.730000,0.010207,0.012669,-0.017828,0.999709,166.833817,420.801422,91.807114
874,8.740000,0.010199,0.012564,-0.017632,0.999714,166.860382,420.807678,91.810806
875,8.750000,0.010197,0.012537,-0.017629,0.999714,166.878311,420.810760,91.811844
876,8.760000,0.010194,0.012526,-0.017612,0.999715,166.886551,420.811096,91.812721
877,8.770000,0.010206,0.012530,-0.017632,0.999714,166.884644,420.809692,91.814301
878,8.780000,0.010201,0.012552,-0.017627,0.999714,166.868790,420.805237,91.818657
879,8.790000,0.010200,0.012587,-0.017625,0.999713,166.847916,420.801514,91.823433
880,8.800000,0.010173,0.012543,-0.017624,0.999714,166.811295,420.796356,91.831848
881,8.810000,0.010200,0.012544,-0.017894,0.999709,166.763275,420.783386,91.834633
882,8.820000,0.010268,0.012603,-0.017924,0.999707,166.732224,420.765228,91.823921
883,8.830000,0.010293,0.012344,-0.017659,0.999715,166.694138,420.753906,91.816704
884,8.840000,0.010278,0.012547,-0.017852,0.999709,166.697601,420.754211,91.810493
885,8.850000,0.010194,0.012659,-0.017789,0.999710,166.718796,420.765930,91.807991
886,8.860000,0.010248,0.012648,-0.017867,0.999708,166.729340,420.761932,91.804756
887,8.870000,0.010242,0.012566,-0.017775,0.999711,166.758392,420.773987,91.805016
888,8.880000,0.010185,0.012627,-0.017714,0.999712,166.798935,420.789673,91.803513
889,8.890000,0.010180,0.012642,-0.017793,0.999710,166.830292,420.799652,91.803284
890,8.900000,0.010194,0.012610,-0.017814,0.999710,166.850220,420.803253,91.802315
891,8.910000,0.010199,0.012607,-0.017854,0.999709,166.862579,420.803619,91.802353
892,8.920000,0.010206,0.012596,-0.017845,0.999709,166.867950,420.803741,91.802177
893,8.930000,0.010205,0.012602,-0.017850,0.999709,166.862366,420.803925,91.801682
894,8.940000,0.010198,0.012610,-0.017811,0.999710,166.849564,420.802582,91.801285
895,8.950000,0.010198,0.012597,-0.017741,0.999711,166.828125,420.798431,91.800697
896,8.960000,0.010193,0.012584,-0.017690,0.999712,166.803192,420.792053,91.799011
897,8.970000,0.010180,0.012567,-0.017589,0.999715,166.776474,420.783417,91.797043
898,8.980000,0.010182,0.012625,-0.017771,0.999711,166.742752,420.768799,91.799828
899,8.990000,0.010185,0.012609,-0.017762,0.999711,166.728088,420.766754,91.801620
900,9.000000,0.010239,0.012589,-0.017901,0.999708,166.713699,420.759430,91.803978
901,9.010000,0.010185,0.012659,-0.017813,0.999709,166.725815,420.768188,91.803352
902,9.020000,0.010173,0.012652,-0.017809,0.999710,166.735275,420.772797,91.802002
903,9.030000,0.010191,0.012514,-0.017701,0.999713,166.747711,420.774109,91.798126
904,9.040000,0.010221,0.012481,-0.017712,0.999713,166.765900,420.775330,91.795937
905,9.050000,0.010202,0.012542,-0.017648,0.999714,166.796585,420.786316,91.796837
906,9.060000,0.010200,0.012589,-0.017717,0.999712,166.820541,420.793152,91.801735
907,9.070000,0.010209,0.012538,-0.017686,0.999713,166.834320,420.795959,91.803909
908,9.080000,0.010217,0.012569,-0.017752,0.999711,166.843369,420.797119,91.804474
909,9.090000,0.010211,0.012556,-0.017730,0.999712,166.843613,420.797272,91.801537
910,9.100000,0.010190,0.012567,-0.017743,0.999712,166.837234,420.795959,91.795692
911,9.110000,0.010177,0.012529,-0.017672,0.999714,166.824799,420.793671,91.790062
912,9.120000,0.010164,0.012571,-0.017669,0.999713,166.807739,420.792969,91.785683
913,9.130000,0.010143,0.012561,-0.017601,0.999715,166.786667,420.788971,91.782104
914,9.140000,0.010138,0.012592,-0.017569,0.999715,166.767181,420.783600,91.782417
915,9.150000,0.010155,0.012616,-0.017701,0.999712,166.737839,420.770874,91.786842
916,9.160000,0.010173,0.012607,-0.017718,0.999712,166.724365,420.766602,91.787003
917,9.170000,0.010153,0.012715,-0.017781,0.999710,166.719757,420.766235,91.786957
918,9.180000,0.010178,0.012622,-0.017740,0.999711,166.722107,420.765076,91.790443
919,9.190000,0.010195,0.012593,-0.017762,0.999711,166.733688,420.767792,91.794083
920,9.200000,0.010186,0.012572,-0.017750,0.999712,166.752274,420.770966,91.795746
921,9.210000,0.010149,0.012493,-0.017657,0.999715,166.777710,420.784790,91.799721
922,9.220000,0.010172,0.012491,-0.017604,0.999715,166.808441,420.793884,91.795631
923,9.230000,0.010192,0.012490,-0.017669,0.999714,166.826859,420.796753,91.793419
924,9.240000,0.010196,0.012488,-0.017699,0.999713,166.839279,420.796692,91.791740
925,9.250000,0.010202,0.012488,-0.017709,0.999713,166.846283,420.797333,91.791466
926,9.260000,0.010197,0.012519,-0.017738,0.999712,166.845932,420.797577,91.790710
927,9.270000,0.010187,0.012538,-0.017728,0.999712,166.835968,420.797455,91.788452
928,9.280000,0.010175,0.012546,-0.017703,0.999713,166.818604,420.795746,91.784912
929,9.290000,0.010157,0.012550,-0.017659,0.999714,166.795837,420.791962,91.779663
930,9.300000,0.010166,0.012551,-0.017751,0.999712,166.753799,420.777069,91.773827
931,9.310000,0.010136,0.012644,-0.017785,0.999711,166.730560,420.769653,91.769051
932,9.320000,0.010172,0.012376,-0.017480,0.999719,166.698318,420.758087,91.763069
933,9.330000,0.010171,0.012356,-0.017470,0.999719,166.690277,420.757019,91.768044
934,9.340000,0.010193,0.012345,-0.017464,0.999719,166.694672,420.757172,91.774849
935,9.350000,0.010154,0.012652,-0.017746,0.999711,166.725937,420.767487,91.783203
936,9.360000,0.010176,0.012518,-0.017686,0.999713,166.742645,420.768646,91.786133
937,9.370000,0.010223,0.012394,-0.017659,0.999715,166.761993,420.772614,91.789330
938,9.380000,0.010198,0.012436,-0.017576,0.999716,166.796432,420.784454,91.790550
939,9.390000,0.010194,0.012447,-0.017595,0.999716,166.816483,420.789459,91.794220
940,9.400000,0.010206,0.012489,-0.017671,0.999714,166.833160,420.793274,91.796570
941,9.410000,0.010203,0.012497,-0.017687,0.999713,166.838760,420.795593,91.796730
942,9.420000,0.010198,0.012488,-0.017679,0.999714,166.836319,420.796509,91.793159
943,9.430000,0.010192,0.012468,-0.017641,0.999715,166.823639,420.793396,91.787727
944,9.440000,0.010177,0.012484,-0.017633,0.999715,166.808456,420.791718,91.780624
945,9.450000,0.010159,0.012460,-0.017561,0.999717,166.789215,420.787933,91.772873
946,9.460000,0.010132,0.012598,-0.017761,0.999712,166.755188,420.775665,91.767296
947,9.470000,0.010205,0.012309,-0.017492,0.999719,166.720825,420.764160,91.758690
948,9.480000,0.010182,0.012327,-0.017463,0.999720,166.705353,420.759460,91.757446
949,9.490000,0.010177,0.012330,-0.017433,0.999720,166.698486,420.758179,91.758324
950,9.500000,0.010170,0.012347,-0.017489,0.999719,166.697662,420.758453,91.763481
951,9.510000,0.010184,0.012307,-0.017432,0.999721,166.701996,420.756653,91.764732
952,9.520000,0.010197,0.012384,-0.017609,0.999716,166.733643,420.767731,91.774811
953,9.530000,0.010216,0.012355,-0.017633,0.999716,166.748993,420.769745,91.781769
954,9.540000,0.010183,0.012427,-0.017512,0.999718,166.780243,420.781494,91.785652
955,9.550000,0.010181,0.012453,-0.017549,0.999717,166.799881,420.788055,91.790817
956,9.560000,0.010189,0.012437,-0.017551,0.999717,166.815125,420.790192,91.793198
957,9.570000,0.010209,0.012410,-0.017578,0.999716,166.824219,420.790375,91.793571
958,9.580000,0.010211,0.012382,-0.017582,0.999717,166.828445,420.791107,91.792091
959,9.590000,0.010198,0.012415,-0.017620,0.999716,166.828003,420.791595,91.787193
960,9.600000,0.010186,0.012443,-0.017621,0.999716,166.822083,420.791992,91.783234
961,9.610000,0.010211,0.012397,-0.017736,0.999714,166.797150,420.783356,91.778076
962,9.620000,0.010197,0.012393,-0.017703,0.999715,166.778778,420.779388,91.769218
963,9.630000,0.010157,0.012451,-0.017658,0.999715,166.755203,420.774872,91.760010
964,9.640000,0.010188,0.012213,-0.017383,0.999722,166.718109,420.763702,91.749588
965,9.650000,0.010198,0.012188,-0.017354,0.999723,166.699677,420.759827,91.748772
966,9.660000,0.010207,0.012171,-0.017310,0.999724,166.688019,420.754913,91.753181
967,9.670000,0.010189,0.012224,-0.017343,0.999723,166.683197,420.752472,91.763351
968,9.680000,0.010232,0.012172,-0.017297,0.999724,166.691711,420.752594,91.770859
969,9.690000,0.010205,0.012344,-0.017555,0.999718,166.725143,420.764130,91.786369
970,9.700000,0.010222,0.012292,-0.017559,0.999718,166.744034,420.768066,91.790192
971,9.710000,0.010240,0.012293,-0.017576,0.999718,166.765747,420.772583,91.789070
972,9.720000,0.010194,0.012414,-0.017548,0.999717,166.803360,420.785797,91.789185
973,9.730000,0.010169,0.012347,-0.017648,0.999716,166.812881,420.791199,91.795311
974,9.740000,0.010181,0.012410,-0.017610,0.999716,166.832336,420.793762,91.790421
975,9.750000,0.010188,0.012398,-0.017616,0.999716,166.835739,420.794708,91.785904
976,9.760000,0.010187,0.012421,-0.017616,0.999716,166.828796,420.795013,91.782173
977,9.770000,0.010210,0.012348,-0.017700,0.999715,166.800278,420.783691,91.776588
978,9.780000,0.010204,0.012339,-0.017677,0.999716,166.778061,420.778961,91.770271
979,9.790000,0.010180,0.012414,-0.017664,0.999715,166.755722,420.776642,91.763481
980,9.800000,0.010209,0.012158,-0.017366,0.999723,166.721664,420.765289,91.755142
981,9.810000,0.010210,0.012124,-0.017295,0.999725,166.704025,420.760010,91.754158
982,9.820000,0.010211,0.012099,-0.017252,0.999726,166.696045,420.757446,91.755455
983,9.830000,0.010207,0.012080,-0.017235,0.999726,166.693298,420.756134,91.759796
984,9.840000,0.010205,0.012092,-0.017276,0.999726,166.702042,420.757690,91.762909
985,9.850000,0.010244,0.012048,-0.017300,0.999725,166.722290,420.762573,91.767975
986,9.860000,0.010207,0.012277,-0.017578,0.999718,166.757324,420.773621,91.781921
987,9.870000,0.010231,0.012330,-0.017651,0.999716,166.778915,420.777588,91.788414
988,9.880000,0.010232,0.012338,-0.017714,0.999715,166.789429,420.778595,91.796005
989,9.890000,0.010239,0.012341,-0.017707,0.999715,166.794846,420.779480,91.799591
990,9.900000,0.010248,0.012348,-0.017716,0.999714,166.796967,420.780548,91.797607
991,9.910000,0.010233,0.012299,-0.017675,0.999716,166.788467,420.779877,91.794502
992,9.920000,0.010232,0.012282,-0.017623,0.999717,166.781647,420.778717,91.788956
993,9.930000,0.010230,0.012245,-0.017561,0.999718,166.769882,420.775360,91.783134
994,9.940000,0.010223,0.012231,-0.017514,0.999720,166.759766,420.773041,91.778229
995,9.950000,0.010197,0.012234,-0.017530,0.999720,166.752762,420.774017,91.774048
996,9.960000,0.010167,0.012330,-0.017581,0.999718,166.749924,420.776886,91.770844
997,9.970000,0.010161,0.012389,-0.017635,0.999716,166.752808,420.777985,91.770332
998,9.980000,0.010180,0.012392,-0.017623,0.999716,166.755951,420.775421,91.771393
999,9.990000,0.010206,0.012308,-0.017603,0.999717,166.761444,420.773956,91.774597
1000,10.000000,0.010218,0.012285,-0.017605,0.999717,166.764893,420.773895,91.778030
1001,10.010000,0.010200,0.012318,-0.017658,0.999716,166.766205,420.777130,91.782486
1002,10.020000,0.010199,0.012336,-0.017675,0.999716,166.764511,420.777863,91.784523
1003,10.030000,0.010211,0.012332,-0.017648,0.999716,166.760590,420.775909,91.782776
1004,10.040000,0.010212,0.012291,-0.017584,0.999718,166.753967,420.773499,91.781097
1005,10.050000,0.010198,0.012241,-0.017514,0.999720,166.747574,420.771973,91.781578
1006,10.060000,0.010212,0.012212,-0.017496,0.999720,166.746414,420.771667,91.782951
1007,10.070000,0.010219,0.012194,-0.017492,0.999721,166.751419,420.772583,91.785133
1008,10.080000,0.010227,0.012199,-0.017493,0.999720,166.760269,420.773773,91.787712
1009,10.090000,0.010233,0.012204,-0.017540,0.999719,166.774017,420.777283,91.790901
1010,10.100000,0.010237,0.012229,-0.017591,0.999718,166.786758,420.779907,91.792831
1011,10.110000,0.010243,0.012247,-0.017608,0.999718,166.797287,420.779755,91.791473
1012,10.120000,0.010234,0.012277,-0.017661,0.999716,166.802307,420.781158,91.789085
1013,10.130000,0.010232,0.012312,-0.017694,0.999715,166.798294,420.782532,91.786865
1014,10.140000,0.010217,0.012322,-0.017681,0.999716,166.787308,420.780975,91.783791
1015,10.150000,0.010203,0.012332,-0.017642,0.999716,166.768829,420.777893,91.780746
1016,10.160000,0.010196,0.012307,-0.017583,0.999718,166.747742,420.773315,91.776672
1017,10.170000,0.010219,0.012081,-0.017292,0.999725,166.710892,420.762512,91.769859
1018,10.180000,0.010224,0.012043,-0.017189,0.999728,166.693451,420.756592,91.765556
1019,10.190000,0.010231,0.012003,-0.017145,0.999729,166.687424,420.755951,91.764336
1020,10.200000,0.010220,0.012003,-0.017186,0.999728,166.693680,420.757751,91.768616
1021,10.210000,0.010256,0.011900,-0.017145,0.999730,166.710297,420.759094,91.773392
1022,10.220000,0.010208,0.012207,-0.017486,0.999721,166.752441,420.771179,91.783035
1023,10.230000,0.010208,0.012220,-0.017544,0.999719,166.778839,420.777222,91.783661
1024,10.240000,0.010222,0.012253,-0.017616,0.999718,166.802979,420.783264,91.783775
1025,10.250000,0.010229,0.012249,-0.017652,0.999717,166.817825,420.786407,91.786484
1026,10.260000,0.010235,0.012259,-0.017663,0.999716,166.823914,420.786987,91.790848
1027,10.270000,0.010251,0.012267,-0.017670,0.999716,166.819061,420.783691,91.793846
1028,10.280000,0.010247,0.012256,-0.017630,0.999717,166.805405,420.780457,91.796150
1029,10.290000,0.010236,0.012249,-0.017602,0.999718,166.784409,420.777252,91.796745
1030,10.300000,0.010225,0.012238,-0.017554,0.999719,166.759598,420.773621,91.794052
1031,10.310000,0.010209,0.012232,-0.017488,0.999720,166.732346,420.767792,91.787300
1032,10.320000,0.010225,0.012017,-0.017188,0.999728,166.692505,420.755432,91.774437
1033,10.330000,0.010212,0.012005,-0.017144,0.999729,166.679199,420.754059,91.766945
1034,10.340000,0.010201,0.012014,-0.017147,0.999729,166.681656,420.754822,91.763420
1035,10.350000,0.010203,0.012066,-0.017273,0.999726,166.694290,420.759552,91.763847
1036,10.360000,0.010204,0.012089,-0.017307,0.999725,166.710983,420.762695,91.764931
1037,10.370000,0.010164,0.012381,-0.017636,0.999716,166.748932,420.774811,91.773773
1038,10.380000,0.010204,0.012276,-0.017596,0.999718,166.770584,420.776520,91.775734
1039,10.390000,0.010213,0.012235,-0.017619,0.999718,166.787369,420.780243,91.779015
1040,10.400000,0.010228,0.012242,-0.017643,0.999717,166.800781,420.782898,91.781120
1041,10.410000,0.010233,0.012229,-0.017643,0.999717,166.806000,420.783356,91.784889
1042,10.420000,0.010243,0.012226,-0.017598,0.999718,166.805466,420.782257,91.787956
1043,10.430000,0.010245,0.012216,-0.017563,0.999719,166.797714,420.780243,91.789940
1044,10.440000,0.010248,0.012224,-0.017565,0.999718,166.785004,420.777069,91.790962
1045,10.450000,0.010229,0.012209,-0.017538,0.999719,166.769150,420.774475,91.791534
1046,10.460000,0.010214,0.012215,-0.017512,0.999720,166.751892,420.771973,91.789383
1047,10.470000,0.010208,0.012224,-0.017505,0.999720,166.739029,420.769379,91.785721
1048,10.480000,0.010224,0.012077,-0.017305,0.999725,166.714264,420.761871,91.776337
1049,10.490000,0.010232,0.011954,-0.017195,0.999728,166.702911,420.758392,91.770386
1050,10.500000,0.010231,0.011952,-0.017185,0.999729,166.702454,420.756622,91.764069
1051,10.510000,0.010212,0.012046,-0.017258,0.999726,166.702988,420.756927,91.763016
1052,10.520000,0.010179,0.012290,-0.017540,0.999719,166.730667,420.770874,91.765640
1053,10.530000,0.010196,0.012256,-0.017514,0.999720,166.739136,420.771790,91.772064
1054,10.540000,0.010192,0.012192,-0.017507,0.999721,166.750061,420.772491,91.776596
1055,10.550000,0.010222,0.012182,-0.017499,0.999721,166.764893,420.773682,91.784920
1056,10.560000,0.010227,0.012192,-0.017517,0.999720,166.781738,420.775635,91.783272
1057,10.570000,0.010217,0.012165,-0.017545,0.999720,166.791855,420.777649,91.783340
1058,10.580000,0.010211,0.012202,-0.017601,0.999718,166.801071,420.784454,91.780647
1059,10.590000,0.010213,0.012215,-0.017602,0.999718,166.805420,420.786163,91.776535
1060,10.600000,0.010219,0.012235,-0.017629,0.999718,166.800735,420.782928,91.777283
1061,10.610000,0.010209,0.012266,-0.017627,0.999717,166.788055,420.779053,91.780594
1062,10.620000,0.010212,0.012310,-0.017629,0.999717,166.772354,420.775513,91.782166
1063,10.630000,0.010197,0.012266,-0.017546,0.999719,166.745422,420.768829,91.782417
1064,10.640000,0.010194,0.012266,-0.017484,0.999720,166.723160,420.763611,91.783203
1065,10.650000,0.010245,0.011949,-0.017169,0.999729,166.686218,420.754517,91.778595
1066,10.660000,0.010236,0.011924,-0.017079,0.999731,166.673767,420.752533,91.776833
1067,10.670000,0.010226,0.011951,-0.017092,0.999730,166.675613,420.750824,91.773766
1068,10.680000,0.010226,0.011977,-0.017150,0.999729,166.692276,420.754883,91.771454
1069,10.690000,0.010223,0.011989,-0.017209,0.999728,166.712250,420.760315,91.767632
1070,10.700000,0.010172,0.012327,-0.017582,0.999718,166.754944,420.776123,91.766251
1071,10.710000,0.010178,0.012267,-0.017618,0.999718,166.781403,420.778717,91.765228
1072,10.720000,0.010218,0.012250,-0.017635,0.999717,166.809555,420.785828,91.765892
1073,10.730000,0.010185,0.012286,-0.017501,0.999720,166.834229,420.794800,91.767616
1074,10.740000,0.010166,0.012264,-0.017690,0.999717,166.825974,420.788849,91.768707
1075,10.750000,0.010222,0.012262,-0.017645,0.999717,166.810974,420.783051,91.776566
1076,10.760000,0.010222,0.012245,-0.017600,0.999718,166.789749,420.781677,91.780228
1077,10.770000,0.010215,0.012223,-0.017544,0.999719,166.764252,420.776855,91.785072
1078,10.780000,0.010224,0.012150,-0.017445,0.999722,166.735657,420.772461,91.788872
1079,10.790000,0.010249,0.011963,-0.017157,0.999729,166.701721,420.755676,91.782028
1080,10.800000,0.010262,0.011946,-0.017087,0.999730,166.685867,420.748596,91.786629
1081,10.810000,0.010253,0.011962,-0.017126,0.999729,166.683105,420.751953,91.776619
1082,10.820000,0.010215,0.012038,-0.017228,0.999727,166.690353,420.757935,91.774666
1083,10.830000,0.010253,0.011993,-0.017283,0.999726,166.709900,420.766632,91.772202
1084,10.840000,0.010193,0.012225,-0.017488,0.999720,166.745010,420.773224,91.776321
1085,10.850000,0.010180,0.012242,-0.017516,0.999720,166.764679,420.769104,91.769844
1086,10.860000,0.010196,0.012225,-0.017547,0.999719,166.784546,420.776398,91.770439
1087,10.870000,0.010200,0.012247,-0.017600,0.999718,166.798218,420.782959,91.765366
1088,10.880000,0.010188,0.012222,-0.017632,0.999718,166.803391,420.788849,91.765884
1089,10.890000,0.010220,0.012177,-0.017560,0.999719,166.799255,420.788361,91.767784
1090,10.900000,0.010209,0.012182,-0.017535,0.999720,166.791534,420.784607,91.773422
1091,10.910000,0.010224,0.012168,-0.017462,0.999721,166.779465,420.775635,91.774025
1092,10.920000,0.010213,0.012189,-0.017495,0.999721,166.766006,420.770264,91.775139
1093,10.930000,0.010206,0.012183,-0.017475,0.999721,166.744171,420.769806,91.776573
1094,10.940000,0.010240,0.011960,-0.017284,0.999727,166.714111,420.768433,91.768814
1095,10.950000,0.010198,0.011992,-0.017199,0.999728,166.694565,420.758423,91.771126
1096,10.960000,0.010192,0.012224,-0.017447,0.999721,166.715195,420.766266,91.781380
1097,10.970000,0.010268,0.011941,-0.017151,0.999729,166.700134,420.761078,91.786987
1098,10.980000,0.010229,0.011865,-0.017118,0.999731,166.706604,420.753326,91.777016
1099,10.990000,0.010223,0.012169,-0.017408,0.999722,166.735596,420.763184,91.788307
1100,11.000000,0.010210,0.012217,-0.017511,0.999720,166.752914,420.776001,91.782104
1101,11.010000,0.010213,0.012200,-0.017548,0.999719,166.772705,420.779541,91.776688
1102,11.020000,0.010223,0.012208,-0.017580,0.999719,166.789383,420.782196,91.776772
1103,11.030000,0.010231,0.012217,-0.017617,0.999718,166.803329,420.787689,91.775497
1104,11.040000,0.010233,0.012243,-0.017619,0.999718,166.804001,420.783417,91.776901
1105,11.050000,0.010210,0.012269,-0.017630,0.999717,166.795105,420.777588,91.766212
1106,11.060000,0.010177,0.012266,-0.017607,0.999718,166.774429,420.778198,91.761620
1107,11.070000,0.010229,0.011974,-0.017291,0.999726,166.738800,420.772614,91.754616
1108,11.080000,0.010203,0.011985,-0.017240,0.999728,166.720795,420.766357,91.752884
1109,11.090000,0.010201,0.011966,-0.017146,0.999729,166.703217,420.762054,91.755699
1110,11.100000,0.010228,0.011947,-0.017115,0.999730,166.694748,420.761749,91.762878
1111,11.110000,0.010222,0.011945,-0.017097,0.999730,166.690323,420.753143,91.767639
1112,11.120000,0.010186,0.012264,-0.017396,0.999722,166.713837,420.760254,91.777565
1113,11.130000,0.010276,0.011936,-0.017232,0.999728,166.715866,420.761993,91.775040
1114,11.140000,0.010237,0.012145,-0.017459,0.999721,166.748840,420.770782,91.784523
1115,11.150000,0.010226,0.012254,-0.017589,0.999718,166.777161,420.774048,91.787582
1116,11.160000,0.010236,0.012271,-0.017600,0.999717,166.790131,420.779602,91.791756
1117,11.170000,0.010213,0.012270,-0.017643,0.999717,166.791977,420.783661,91.783348
1118,11.180000,0.010189,0.012268,-0.017639,0.999717,166.785461,420.780182,91.781662
1119,11.190000,0.010194,0.012244,-0.017603,0.999718,166.775208,420.779510,91.777870
1120,11.200000,0.010210,0.012170,-0.017486,0.999721,166.766647,420.778900,91.772881
1121,11.210000,0.010246,0.011970,-0.017228,0.999728,166.739838,420.766510,91.764595
1122,11.220000,0.010250,0.011956,-0.017174,0.999729,166.728897,420.764130,91.762314
1123,11.230000,0.010248,0.011998,-0.017200,0.999728,166.719269,420.763824,91.762718
1124,11.240000,0.010235,0.012042,-0.017263,0.999726,166.714142,420.761780,91.759544
1125,11.250000,0.010214,0.012027,-0.017252,0.999727,166.711777,420.761536,91.755844
1126,11.260000,0.010215,0.012068,-0.017305,0.999725,166.719757,420.766266,91.756668
1127,11.270000,0.010220,0.012067,-0.017305,0.999725,166.726913,420.765442,91.759552
1128,11.280000,0.010164,0.012250,-0.017553,0.999719,166.752426,420.774597,91.769058
1129,11.290000,0.010189,0.012240,-0.017531,0.999720,166.757462,420.775787,91.771599
1130,11.300000,0.010200,0.012208,-0.017519,0.999720,166.758682,420.777008,91.777145
1131,11.310000,0.010209,0.012231,-0.017509,0.999720,166.760437,420.776459,91.780380
1132,11.320000,0.010228,0.012176,-0.017451,0.999721,166.760025,420.774536,91.782776
1133,11.330000,0.010243,0.012179,-0.017463,0.999721,166.759918,420.773315,91.786606
1134,11.340000,0.010243,0.012186,-0.017474,0.999721,166.760666,420.772247,91.787857
1135,11.350000,0.010237,0.012204,-0.017499,0.999720,166.761368,420.771454,91.786789
1136,11.360000,0.010219,0.012227,-0.017528,0.999719,166.761154,420.774536,91.780991
1137,11.370000,0.010201,0.012246,-0.017541,0.999719,166.760086,420.776703,91.774849
1138,11.380000,0.010185,0.012271,-0.017558,0.999719,166.756134,420.774872,91.767746
1139,11.390000,0.010211,0.012060,-0.017314,0.999725,166.736496,420.768219,91.756889
1140,11.400000,0.010207,0.012040,-0.017283,0.999726,166.731781,420.769714,91.752113
1141,11.410000,0.010210,0.012013,-0.017249,0.999727,166.729980,420.766388,91.751472
1142,11.420000,0.010164,0.012323,-0.017530,0.999719,166.745850,420.772186,91.761230
1143,11.430000,0.010231,0.012014,-0.017221,0.999727,166.724625,420.762268,91.759476
1144,11.440000,0.010235,0.012002,-0.017226,0.999727,166.720261,420.760040,91.761375
1145,11.450000,0.010258,0.011946,-0.017228,0.999728,166.723892,420.761841,91.765427
1146,11.460000,0.010209,0.012202,-0.017471,0.999721,166.747498,420.775055,91.775475
1147,11.470000,0.010199,0.012236,-0.017518,0.999720,166.752258,420.773407,91.776382
1148,11.480000,0.010202,0.012222,-0.017495,0.999720,166.754700,420.770996,91.778610
1149,11.490000,0.010207,0.012200,-0.017462,0.999721,166.755554,420.771271,91.778931
1150,11.500000,0.010191,0.012225,-0.017524,0.999720,166.761215,420.775085,91.776855
1151,11.510000,0.010192,0.012187,-0.017498,0.999721,166.759171,420.774902,91.776047
1152,11.520000,0.010195,0.012189,-0.017460,0.999721,166.763519,420.777191,91.773857
1153,11.530000,0.010214,0.012211,-0.017503,0.999720,166.763748,420.774445,91.772758
1154,11.540000,0.010208,0.012183,-0.017478,0.999721,166.760635,420.772461,91.770988
1155,11.550000,0.010193,0.012221,-0.017506,0.999720,166.758759,420.772797,91.768990
1156,11.560000,0.010191,0.012250,-0.017538,0.999719,166.750839,420.772552,91.769936
1157,11.570000,0.010163,0.012357,-0.017575,0.999718,166.746307,420.773071,91.767563
1158,11.580000,0.010169,0.012292,-0.017530,0.999719,166.741257,420.770508,91.766808
1159,11.590000,0.010210,0.012041,-0.017244,0.999727,166.719406,420.764709,91.759979
1160,11.600000,0.010213,0.012036,-0.017242,0.999727,166.719330,420.765350,91.760818
1161,11.610000,0.010226,0.012016,-0.017234,0.999727,166.719009,420.763794,91.761917
1162,11.620000,0.010251,0.011918,-0.017171,0.999729,166.723755,420.763000,91.764290
1163,11.630000,0.010260,0.011900,-0.017175,0.999729,166.730560,420.761841,91.766518
1164,11.640000,0.010263,0.011925,-0.017227,0.999728,166.741898,420.765869,91.769295
1165,11.650000,0.010217,0.012225,-0.017535,0.999719,166.767548,420.777313,91.776970
1166,11.660000,0.010215,0.012213,-0.017542,0.999719,166.772659,420.779327,91.777451
1167,11.670000,0.010211,0.012242,-0.017563,0.999719,166.772797,420.777893,91.777092
1168,11.680000,0.010208,0.012226,-0.017536,0.999719,166.768860,420.775543,91.777199
1169,11.690000,0.010197,0.012232,-0.017544,0.999719,166.763748,420.775970,91.775696
1170,11.700000,0.010195,0.012215,-0.017512,0.999720,166.757339,420.776215,91.773109
1171,11.710000,0.010217,0.012049,-0.017333,0.999725,166.732727,420.768097,91.766663
1172,11.720000,0.010229,0.012025,-0.017246,0.999727,166.725388,420.764862,91.762466
1173,11.730000,0.010228,0.012026,-0.017237,0.999727,166.719788,420.763275,91.759300
1174,11.740000,0.010221,0.012015,-0.017221,0.999727,166.717026,420.762146,91.756310
1175,11.750000,0.010221,0.012055,-0.017281,0.999726,166.720901,420.763916,91.756447
1176,11.760000,0.010225,0.012048,-0.017277,0.999726,166.723343,420.762512,91.758461
1177,11.770000,0.010171,0.012345,-0.017552,0.999718,166.746948,420.770569,91.766876
1178,11.780000,0.010193,0.012263,-0.017541,0.999719,166.752609,420.772766,91.771233
1179,11.790000,0.010195,0.012224,-0.017512,0.999720,166.757080,420.774933,91.773766
1180,11.800000,0.010187,0.012201,-0.017514,0.999720,166.756775,420.775818,91.776672
1181,11.810000,0.010186,0.012186,-0.017493,0.999721,166.756393,420.774719,91.778427
1182,11.820000,0.010204,0.012194,-0.017466,0.999721,166.757401,420.773163,91.776878
1183,11.830000,0.010193,0.012201,-0.017488,0.999721,166.756531,420.772614,91.777939
1184,11.840000,0.010209,0.012213,-0.017482,0.999721,166.756927,420.772949,91.775711
1185,11.850000,0.010210,0.012213,-0.017470,0.999721,166.756516,420.773804,91.772491
1186,11.860000,0.010199,0.012217,-0.017503,0.999720,166.752884,420.772552,91.770630
1187,11.870000,0.010195,0.012253,-0.017536,0.999719,166.750092,420.772858,91.769402
1188,11.880000,0.010230,0.011975,-0.017248,0.999727,166.726944,420.762543,91.764481
1189,11.890000,0.010167,0.012332,-0.017549,0.999718,166.741989,420.770844,91.769638
1190,11.900000,0.010224,0.012021,-0.017286,0.999726,166.727371,420.763794,91.766838
1191,11.910000,0.010240,0.011951,-0.017222,0.999728,166.725388,420.761292,91.765549
1192,11.920000,0.010232,0.011932,-0.017180,0.999729,166.722672,420.760559,91.762619
1193,11.930000,0.010217,0.011997,-0.017216,0.999728,166.724625,420.763397,91.757614
1194,11.940000,0.010167,0.012308,-0.017529,0.999719,166.750031,420.775970,91.762505
1195,11.950000,0.010229,0.012032,-0.017265,0.999726,166.735840,420.766479,91.759567
1196,11.960000,0.010206,0.012172,-0.017443,0.999722,166.758987,420.772430,91.766998
1197,11.970000,0.010215,0.012198,-0.017506,0.999720,166.765564,420.774841,91.771767
1198,11.980000,0.010200,0.012252,-0.017559,0.999719,166.766434,420.777191,91.773392
1199,11.990000,0.010204,0.012243,-0.017550,0.999719,166.763107,420.776306,91.774773
1200,12.000000,0.010205,0.012237,-0.017522,0.999720,166.757538,420.776459,91.776825
1201,12.010000,0.010193,0.012186,-0.017491,0.999721,166.748062,420.775208,91.776787
1202,12.020000,0.010239,0.011914,-0.017194,0.999729,166.724792,420.764679,91.772064
1203,12.030000,0.010261,0.011873,-0.017141,0.999730,166.718872,420.762909,91.772438
1204,12.040000,0.010246,0.012003,-0.017221,0.999727,166.720764,420.763977,91.767853
1205,12.050000,0.010245,0.012041,-0.017258,0.999726,166.719925,420.762421,91.764801
1206,12.060000,0.010257,0.011927,-0.017178,0.999729,166.720490,420.761505,91.764862
1207,12.070000,0.010264,0.011904,-0.017166,0.999729,166.726196,420.763245,91.765327
1208,12.080000,0.010183,0.012322,-0.017577,0.999718,166.755936,420.776825,91.768890
1209,12.090000,0.010196,0.012225,-0.017533,0.999720,166.761124,420.776520,91.770317
1210,12.100000,0.010197,0.012237,-0.017549,0.999719,166.762329,420.777130,91.771744
1211,12.110000,0.010224,0.012072,-0.017327,0.999725,166.743256,420.769287,91.764420
1212,12.120000,0.010180,0.012270,-0.017529,0.999719,166.755127,420.776550,91.765862
1213,12.130000,0.010242,0.011942,-0.017244,0.999728,166.739502,420.770111,91.762436
1214,12.140000,0.010267,0.011845,-0.017155,0.999730,166.738937,420.768799,91.762497
1215,12.150000,0.010258,0.011921,-0.017155,0.999729,166.735168,420.766785,91.762985
1216,12.160000,0.010248,0.011974,-0.017200,0.999728,166.732208,420.765991,91.760910
1217,12.170000,0.010247,0.012051,-0.017288,0.999726,166.733017,420.766510,91.763687
1218,12.180000,0.010206,0.012246,-0.017526,0.999719,166.750244,420.773834,91.772293
1219,12.190000,0.010199,0.012231,-0.017497,0.999720,166.753448,420.774506,91.774887
1220,12.200000,0.010190,0.012208,-0.017495,0.999721,166.750290,420.773499,91.778275
1221,12.210000,0.010188,0.012243,-0.017527,0.999720,166.749084,420.773438,91.777100
1222,12.220000,0.010188,0.012224,-0.017458,0.999721,166.746399,420.770813,91.773933
1223,12.230000,0.010235,0.011949,-0.017202,0.999728,166.722733,420.763611,91.765938
1224,12.240000,0.010229,0.012019,-0.017252,0.999727,166.721207,420.765961,91.763123
1225,12.250000,0.010233,0.012005,-0.017204,0.999728,166.717331,420.762421,91.763634
1226,12.260000,0.010256,0.011900,-0.017121,0.999730,166.719101,420.758972,91.765495
1227,12.270000,0.010253,0.011967,-0.017187,0.999728,166.724640,420.761414,91.765717
1228,12.280000,0.010180,0.012309,-0.017534,0.999719,166.751892,420.775116,91.769539
1229,12.290000,0.010200,0.012234,-0.017527,0.999720,166.760956,420.775909,91.770615
1230,12.300000,0.010205,0.012202,-0.017510,0.999720,166.765732,420.777435,91.771637
1231,12.310000,0.010188,0.012217,-0.017508,0.999720,166.769348,420.777985,91.770012
1232,12.320000,0.010167,0.012306,-0.017563,0.999718,166.769531,420.778137,91.768585
1233,12.330000,0.010184,0.012264,-0.017542,0.999719,166.762314,420.777832,91.768898
1234,12.340000,0.010188,0.012236,-0.017505,0.999720,166.754974,420.775330,91.769447
1235,12.350000,0.010195,0.012200,-0.017469,0.999721,166.747025,420.772217,91.769638
1236,12.360000,0.010184,0.012282,-0.017489,0.999720,166.740311,420.771790,91.771019
1237,12.370000,0.010234,0.012051,-0.017255,0.999726,166.714615,420.761780,91.767311
1238,12.380000,0.010244,0.011992,-0.017175,0.999728,166.705963,420.758209,91.766640
1239,12.390000,0.010227,0.011995,-0.017162,0.999729,166.699829,420.755951,91.762558
1240,12.400000,0.010168,0.012279,-0.017427,0.999721,166.725525,420.764984,91.769058
1241,12.410000,0.010227,0.012015,-0.017211,0.999727,166.722000,420.760864,91.765739
1242,12.420000,0.010249,0.011880,-0.017144,0.999730,166.733368,420.765228,91.766403
1243,12.430000,0.010183,0.012267,-0.017513,0.999720,166.764023,420.777985,91.771011
1244,12.440000,0.010179,0.012311,-0.017545,0.999718,166.768707,420.777710,91.773018
1245,12.450000,0.010201,0.012252,-0.017538,0.999719,166.773590,420.775360,91.773010
1246,12.460000,0.010201,0.012245,-0.017541,0.999719,166.773453,420.775848,91.773193
1247,12.470000,0.010197,0.012226,-0.017521,0.999720,166.768738,420.777496,91.770782
1248,12.480000,0.010197,0.012218,-0.017502,0.999720,166.759537,420.775116,91.771416
1249,12.490000,0.010248,0.011945,-0.017199,0.999728,166.728027,420.761932,91.766792
1250,12.500000,0.010225,0.012013,-0.017203,0.999728,166.714584,420.759125,91.763535
1251,12.510000,0.010213,0.012027,-0.017191,0.999728,166.705414,420.758484,91.762306
1252,12.520000,0.010206,0.012021,-0.017220,0.999727,166.701599,420.760345,91.764587
1253,12.530000,0.010214,0.011988,-0.017164,0.999729,166.702484,420.760468,91.764458
1254,12.540000,0.010221,0.011981,-0.017145,0.999729,166.707092,420.759308,91.764221
1255,12.550000,0.010226,0.012004,-0.017183,0.999728,166.717163,420.759552,91.765175
1256,12.560000,0.010197,0.012234,-0.017464,0.999721,166.749908,420.771820,91.772270
1257,12.570000,0.010196,0.012217,-0.017505,0.999720,166.763718,420.776215,91.771294
1258,12.580000,0.010189,0.012249,-0.017560,0.999719,166.772751,420.779541,91.769028
1259,12.590000,0.010192,0.012240,-0.017531,0.999720,166.773773,420.779083,91.769913
1260,12.600000,0.010195,0.012258,-0.017548,0.999719,166.770203,420.777222,91.770844
1261,12.610000,0.010175,0.012339,-0.017590,0.999717,166.764389,420.777008,91.770844
1262,12.620000,0.010187,0.012256,-0.017523,0.999720,166.757950,420.775604,91.771271
1263,12.630000,0.010191,0.012197,-0.017474,0.999721,166.751556,420.774719,91.772018
1264,12.640000,0.010236,0.012014,-0.017255,0.999727,166.728714,420.765198,91.767570
1265,12.650000,0.010237,0.012014,-0.017224,0.999727,166.720505,420.762512,91.765419
1266,12.660000,0.010238,0.011984,-0.017191,0.999728,166.717636,420.762909,91.763344
1267,12.670000,0.010228,0.012005,-0.017202,0.999728,166.717224,420.762817,91.761879
1268,12.680000,0.010220,0.012038,-0.017252,0.999726,166.723404,420.763733,91.761772
1269,12.690000,0.010224,0.012079,-0.017332,0.999725,166.728592,420.765930,91.762650
1270,12.700000,0.010187,0.012261,-0.017522,0.999719,166.749832,420.774017,91.769058
1271,12.710000,0.010218,0.012101,-0.017343,0.999724,166.736008,420.767181,91.765732
1272,12.720000,0.010157,0.012345,-0.017590,0.999718,166.745819,420.775085,91.770782
1273,12.730000,0.010235,0.011947,-0.017208,0.999728,166.727188,420.765045,91.763756
1274,12.740000,0.010250,0.011849,-0.017134,0.999731,166.726151,420.763336,91.761971
1275,12.750000,0.010261,0.011806,-0.017078,0.999732,166.728638,420.763062,91.763557
1276,12.760000,0.010273,0.011813,-0.017111,0.999731,166.737183,420.765228,91.765610
1277,12.770000,0.010251,0.011950,-0.017203,0.999728,166.742294,420.766541,91.766624
1278,12.780000,0.010208,0.012164,-0.017466,0.999721,166.766830,420.774933,91.771400
1279,12.790000,0.010212,0.012187,-0.017499,0.999721,166.772568,420.776428,91.773293
1280,12.800000,0.010202,0.012207,-0.017547,0.999720,166.774216,420.779053,91.773430
1281,12.810000,0.010195,0.012265,-0.017591,0.999718,166.773514,420.779663,91.774734
1282,12.820000,0.010195,0.012249,-0.017551,0.999719,166.762894,420.776276,91.775665
1283,12.830000,0.010192,0.012226,-0.017482,0.999721,166.749954,420.771301,91.774200
1284,12.840000,0.010234,0.011946,-0.017194,0.999729,166.719498,420.759979,91.766670
1285,12.850000,0.010220,0.012000,-0.017201,0.999728,166.704758,420.759369,91.761818
1286,12.860000,0.010211,0.012006,-0.017195,0.999728,166.697464,420.760498,91.758675
1287,12.870000,0.010219,0.011988,-0.017158,0.999729,166.694031,420.758667,91.758690
1288,12.880000,0.010222,0.011976,-0.017140,0.999729,166.698776,420.756958,91.759430
1289,12.890000,0.010227,0.011980,-0.017167,0.999729,166.712723,420.759247,91.761299
1290,12.900000,0.010247,0.011872,-0.017129,0.999730,166.728653,420.762268,91.762436
1291,12.910000,0.010196,0.012197,-0.017524,0.999720,166.765747,420.776428,91.770706
1292,12.920000,0.010194,0.012217,-0.017548,0.999719,166.778259,420.779327,91.773376
1293,12.930000,0.010197,0.012221,-0.017550,0.999719,166.784180,420.779480,91.775139
1294,12.940000,0.010199,0.012211,-0.017536,0.999720,166.785217,420.778381,91.776642
1295,12.950000,0.010206,0.012195,-0.017527,0.999720,166.781067,420.779022,91.776756
1296,12.960000,0.010198,0.012189,-0.017482,0.999721,166.770813,420.777710,91.774994
1297,12.970000,0.010200,0.012192,-0.017479,0.999721,166.756592,420.774170,91.772896
1298,12.980000,0.010243,0.011927,-0.017188,0.999729,166.723694,420.762451,91.766563
1299,12.990000,0.010240,0.011975,-0.017175,0.999728,166.708496,420.759613,91.763313
1300,13.000000,0.010224,0.011959,-0.017115,0.999730,166.698669,420.757172,91.761475
1301,13.010000,0.010216,0.011996,-0.017156,0.999729,166.698471,420.757538,91.761658
1302,13.020000,0.010211,0.012034,-0.017194,0.999728,166.703064,420.758789,91.761978
1303,13.030000,0.010207,0.012048,-0.017230,0.999727,166.710144,420.760315,91.762039
1304,13.040000,0.010209,0.012044,-0.017248,0.999727,166.718582,420.762390,91.762695
1305,13.050000,0.010164,0.012339,-0.017552,0.999718,166.747604,420.775421,91.770660
1306,13.060000,0.010190,0.012202,-0.017486,0.999721,166.758209,420.775726,91.771416
1307,13.070000,0.010200,0.012167,-0.017467,0.999721,166.767181,420.775269,91.771149
1308,13.080000,0.010198,0.012187,-0.017494,0.999721,166.772690,420.777252,91.769707
1309,13.090000,0.010199,0.012167,-0.017475,0.999721,166.772278,420.777924,91.768356
1310,13.100000,0.010199,0.012182,-0.017479,0.999721,166.770706,420.777496,91.768707
1311,13.110000,0.010182,0.012287,-0.017535,0.999719,166.764725,420.777527,91.768852
1312,13.120000,0.010241,0.011944,-0.017216,0.999728,166.742340,420.766693,91.765915
1313,13.130000,0.010234,0.011948,-0.017200,0.999728,166.734360,420.764038,91.764969
1314,13.140000,0.010181,0.012184,-0.017446,0.999722,166.745819,420.772278,91.770912
1315,13.150000,0.010230,0.011952,-0.017227,0.999728,166.725723,420.764435,91.766968
1316,13.160000,0.010170,0.012300,-0.017506,0.999719,166.735916,420.770874,91.770386
1317,13.170000,0.010214,0.012016,-0.017192,0.999728,166.713287,420.760559,91.762466
1318,13.180000,0.010224,0.011969,-0.017156,0.999729,166.710617,420.759674,91.760780
1319,13.190000,0.010224,0.011962,-0.017174,0.999729,166.710907,420.760071,91.760139
1320,13.200000,0.010237,0.011882,-0.017109,0.999731,166.715546,420.759644,91.761742
1321,13.210000,0.010245,0.011862,-0.017109,0.999731,166.718872,420.759460,91.762733
1322,13.220000,0.010192,0.012170,-0.017423,0.999722,166.742661,420.769989,91.770096
1323,13.230000,0.010175,0.012276,-0.017512,0.999720,166.750214,420.773834,91.769104
1324,13.240000,0.010180,0.012196,-0.017459,0.999721,166.757172,420.775909,91.768692
1325,13.250000,0.010182,0.012170,-0.017461,0.999722,166.763382,420.777863,91.768501
1326,13.260000,0.010192,0.012144,-0.017419,0.999723,166.764740,420.776184,91.768738
1327,13.270000,0.010192,0.012162,-0.017452,0.999722,166.766739,420.774933,91.768204
1328,13.280000,0.010201,0.012153,-0.017464,0.999722,166.768799,420.776794,91.769783
1329,13.290000,0.010198,0.012173,-0.017466,0.999721,166.768555,420.777863,91.769409
1330,13.300000,0.010197,0.012199,-0.017486,0.999721,166.765411,420.775604,91.769371
1331,13.310000,0.010179,0.012302,-0.017538,0.999719,166.756088,420.774902,91.768845
1332,13.320000,0.010212,0.012085,-0.017286,0.999725,166.728912,420.763519,91.763268
1333,13.330000,0.010211,0.012019,-0.017196,0.999728,166.714127,420.759644,91.761627
1334,13.340000,0.010211,0.012018,-0.017197,0.999728,166.706299,420.760437,91.762650
1335,13.350000,0.010213,0.012019,-0.017193,0.999728,166.700653,420.759583,91.763885
1336,13.360000,0.010217,0.011981,-0.017142,0.999729,166.698990,420.757385,91.764915
1337,13.370000,0.010210,0.011979,-0.017168,0.999729,166.701248,420.758026,91.767036
1338,13.380000,0.010229,0.011971,-0.017138,0.999729,166.710876,420.759583,91.764999
1339,13.390000,0.010244,0.011896,-0.017129,0.999730,166.723389,420.761963,91.764290
1340,13.400000,0.010254,0.011876,-0.017146,0.999730,166.736542,420.764587,91.763016
1341,13.410000,0.010196,0.012182,-0.017468,0.999721,166.768433,420.776733,91.767220
1342,13.420000,0.010193,0.012198,-0.017506,0.999720,166.778198,420.778900,91.768135
1343,13.430000,0.010199,0.012202,-0.017543,0.999720,166.783981,420.781097,91.768936
1344,13.440000,0.010198,0.012218,-0.017549,0.999719,166.783463,420.781769,91.771057
1345,13.450000,0.010194,0.012204,-0.017507,0.999720,166.775116,420.778229,91.771790
1346,13.460000,0.010187,0.012198,-0.017469,0.999721,166.762100,420.773712,91.770523
1347,13.470000,0.010216,0.012013,-0.017246,0.999727,166.731781,420.765625,91.763451
1348,13.480000,0.010218,0.012002,-0.017195,0.999728,166.717255,420.763763,91.760551
1349,13.490000,0.010221,0.011984,-0.017170,0.999729,166.706207,420.762390,91.759705
1350,13.500000,0.010221,0.011983,-0.017145,0.999729,166.699753,420.759735,91.759613
1351,13.510000,0.010232,0.011970,-0.017125,0.999729,166.699829,420.757050,91.761917
1352,13.520000,0.010230,0.011987,-0.017167,0.999729,166.705002,420.757446,91.763000
1353,13.530000,0.010220,0.012024,-0.017221,0.999727,166.715698,420.760620,91.763397
1354,13.540000,0.010236,0.011944,-0.017199,0.999728,166.726547,420.763550,91.765030
1355,13.550000,0.010178,0.012203,-0.017467,0.999721,166.752243,420.773346,91.770096
1356,13.560000,0.010184,0.012202,-0.017489,0.999721,166.758850,420.775970,91.770836
1357,13.570000,0.010194,0.012179,-0.017466,0.999721,166.764603,420.777740,91.771767
1358,13.580000,0.010196,0.012158,-0.017439,0.999722,166.766251,420.777344,91.772156
1359,13.590000,0.010206,0.012150,-0.017422,0.999722,166.762619,420.775513,91.772644
1360,13.600000,0.010206,0.012150,-0.017417,0.999722,166.757034,420.772522,91.772621
1361,13.610000,0.010207,0.012176,-0.017443,0.999722,166.754730,420.772064,91.771881
1362,13.620000,0.010233,0.011996,-0.017236,0.999727,166.735748,420.766052,91.765404
1363,13.630000,0.010198,0.012169,-0.017412,0.999722,166.749161,420.774017,91.767998
1364,13.640000,0.010234,0.011917,-0.017186,0.999729,166.733231,420.767578,91.762123
1365,13.650000,0.010218,0.011992,-0.017210,0.999728,166.726974,420.764130,91.758255
1366,13.660000,0.010207,0.012047,-0.017252,0.999727,166.721222,420.762939,91.757484
1367,13.670000,0.010223,0.011947,-0.017194,0.999729,166.720215,420.762878,91.759598
1368,13.680000,0.010176,0.012198,-0.017436,0.999722,166.734741,420.770996,91.767044
1369,13.690000,0.010239,0.011933,-0.017181,0.999729,166.715973,420.762238,91.765213
1370,13.700000,0.010231,0.011978,-0.017173,0.999729,166.711868,420.759460,91.765907
1371,13.710000,0.010239,0.012000,-0.017180,0.999728,166.712479,420.760223,91.767120
1372,13.720000,0.010246,0.011898,-0.017111,0.999730,166.716736,420.761749,91.766594
1373,13.730000,0.010253,0.011866,-0.017124,0.999730,166.723404,420.764282,91.766350
1374,13.740000,0.010256,0.011857,-0.017124,0.999731,166.731766,420.765076,91.766121
1375,13.750000,0.010199,0.012168,-0.017429,0.999722,166.760483,420.773499,91.771721
1376,13.760000,0.010200,0.012168,-0.017452,0.999722,166.770935,420.776794,91.770958
1377,13.770000,0.010199,0.012224,-0.017509,0.999720,166.780212,420.780365,91.769844
1378,13.780000,0.010191,0.012219,-0.017546,0.999719,166.780411,420.781342,91.769478
1379,13.790000,0.010188,0.012224,-0.017538,0.999720,166.773911,420.779877,91.768669
1380,13.800000,0.010236,0.011956,-0.017251,0.999727,166.747314,420.768768,91.763054
1381,13.810000,0.010243,0.011927,-0.017197,0.999729,166.732468,420.764618,91.762573
1382,13.820000,0.010173,0.012298,-0.017498,0.999720,166.736191,420.772095,91.767662
1383,13.830000,0.010222,0.012024,-0.017195,0.999728,166.705704,420.761566,91.762016
1384,13.840000,0.010221,0.011945,-0.017084,0.999731,166.691727,420.756653,91.760834
1385,13.850000,0.010218,0.011937,-0.017063,0.999731,166.687012,420.753967,91.760612
1386,13.860000,0.010220,0.011962,-0.017100,0.999730,166.692871,420.756561,91.761040
1387,13.870000,0.010220,0.011998,-0.017172,0.999728,166.707703,420.762787,91.762001
1388,13.880000,0.010222,0.011992,-0.017206,0.999728,166.722641,420.765991,91.762444
1389,13.890000,0.010190,0.012186,-0.017421,0.999722,166.755569,420.774902,91.770401
1390,13.900000,0.010195,0.012194,-0.017486,0.999721,166.769989,420.777008,91.772064
1391,13.910000,0.010204,0.012196,-0.017508,0.999720,166.780212,420.778778,91.773407
1392,13.920000,0.010203,0.012220,-0.017553,0.999719,166.785370,420.782074,91.774063
1393,13.930000,0.010203,0.012195,-0.017499,0.999721,166.782318,420.780762,91.774551
1394,13.940000,0.010204,0.012197,-0.017505,0.999720,166.774323,420.778534,91.774292
1395,13.950000,0.010200,0.012183,-0.017448,0.999722,166.761948,420.775085,91.773529
1396,13.960000,0.010195,0.012180,-0.017420,0.999722,166.748917,420.773285,91.772484
1397,13.970000,0.010225,0.012007,-0.017222,0.999727,166.719879,420.765503,91.764923
1398,13.980000,0.010221,0.012011,-0.017202,0.999728,166.707214,420.761780,91.761086
1399,13.990000,0.010218,0.011984,-0.017146,0.999729,166.697906,420.758942,91.759224
1400,14.000000,0.010218,0.012016,-0.017185,0.999728,166.698914,420.758667,91.758072
1401,14.010000,0.010215,0.012010,-0.017191,0.999728,166.703217,420.760590,91.758400
1402,14.020000,0.010231,0.011924,-0.017155,0.999729,166.712326,420.763611,91.759239
1403,14.030000,0.010245,0.011882,-0.017147,0.999730,166.721970,420.764343,91.761024
1404,14.040000,0.010227,0.011994,-0.017215,0.999728,166.731979,420.766022,91.762177
1405,14.050000,0.010192,0.012219,-0.017476,0.999721,166.758377,420.775696,91.769913
1406,14.060000,0.010180,0.012282,-0.017524,0.999719,166.765884,420.779846,91.770309
1407,14.070000,0.010195,0.012213,-0.017497,0.999720,166.770782,420.780609,91.771629
1408,14.080000,0.010207,0.012149,-0.017437,0.999722,166.770111,420.778168,91.773087
1409,14.090000,0.010206,0.012170,-0.017447,0.999722,166.767273,420.777466,91.774796
1410,14.100000,0.010209,0.012142,-0.017420,0.999722,166.761841,420.775421,91.774773
1411,14.110000,0.010209,0.012183,-0.017464,0.999721,166.757233,420.775787,91.775330
1412,14.120000,0.010202,0.012161,-0.017422,0.999722,166.750534,420.775208,91.773064
1413,14.130000,0.010233,0.012027,-0.017253,0.999726,166.728088,420.765930,91.765831
1414,14.140000,0.010245,0.011927,-0.017170,0.999729,166.719421,420.762573,91.763206
1415,14.150000,0.010223,0.011986,-0.017192,0.999728,166.712479,420.762512,91.759338
1416,14.160000,0.010209,0.012015,-0.017214,0.999728,166.709930,420.764496,91.756691
1417,14.170000,0.010211,0.012031,-0.017228,0.999727,166.711487,420.764893,91.757538
1418,14.180000,0.010212,0.012008,-0.017191,0.999728,166.711807,420.762543,91.758644
1419,14.190000,0.010214,0.012001,-0.017189,0.999728,166.715622,420.762207,91.759712
1420,14.200000,0.010175,0.012293,-0.017504,0.999719,166.741653,420.773987,91.765984
1421,14.210000,0.010233,0.011961,-0.017245,0.999727,166.733978,420.768921,91.762222
1422,14.220000,0.010235,0.011988,-0.017248,0.999727,166.737015,420.770111,91.762726
1423,14.230000,0.010192,0.012199,-0.017474,0.999721,166.759491,420.776550,91.768517
1424,14.240000,0.010178,0.012282,-0.017517,0.999719,166.763443,420.777863,91.770020
1425,14.250000,0.010197,0.012207,-0.017490,0.999721,166.766602,420.778442,91.771431
1426,14.260000,0.010188,0.012263,-0.017525,0.999719,166.766373,420.778931,91.772026
1427,14.270000,0.010195,0.012220,-0.017487,0.999721,166.762512,420.777466,91.773293
1428,14.280000,0.010251,0.011937,-0.017220,0.999728,166.739487,420.767670,91.767906
1429,14.290000,0.010237,0.011983,-0.017219,0.999728,166.728622,420.765320,91.765594
1430,14.300000,0.010227,0.012026,-0.017238,0.999727,166.723495,420.765137,91.763016
1431,14.310000,0.010227,0.012023,-0.017215,0.999727,166.717361,420.764587,91.761436
1432,14.320000,0.010222,0.012002,-0.017208,0.999728,166.713562,420.763672,91.758682
1433,14.330000,0.010217,0.012013,-0.017204,0.999728,166.712112,420.762573,91.757683
1434,14.340000,0.010217,0.012004,-0.017203,0.999728,166.712784,420.763245,91.757774
1435,14.350000,0.010220,0.011993,-0.017203,0.999728,166.718872,420.765869,91.759201
1436,14.360000,0.010227,0.011998,-0.017217,0.999728,166.726959,420.766937,91.761658
1437,14.370000,0.010194,0.012183,-0.017412,0.999722,166.752655,420.773621,91.770531
1438,14.380000,0.010202,0.012173,-0.017445,0.999722,166.759216,420.774811,91.772560
1439,14.390000,0.010185,0.012280,-0.017531,0.999719,166.765518,420.777130,91.769875
1440,14.400000,0.010189,0.012230,-0.017530,0.999720,166.772064,420.778900,91.770973
1441,14.410000,0.010204,0.012168,-0.017491,0.999721,166.774643,420.782684,91.766312
1442,14.420000,0.010174,0.012262,-0.017504,0.999720,166.770844,420.780487,91.766907
1443,14.430000,0.010187,0.012227,-0.017522,0.999720,166.765030,420.775391,91.762070
1444,14.440000,0.010183,0.012278,-0.017486,0.999720,166.751007,420.775787,91.767708
1445,14.450000,0.010212,0.012066,-0.017309,0.999725,166.727448,420.768250,91.757240
1446,14.460000,0.010234,0.011931,-0.017162,0.999729,166.713394,420.759949,91.763733
1447,14.470000,0.010227,0.011977,-0.017177,0.999729,166.706543,420.762238,91.762321
1448,14.480000,0.010219,0.011994,-0.017167,0.999729,166.702820,420.759888,91.763062
1449,14.490000,0.010214,0.011959,-0.017099,0.999730,166.697220,420.757233,91.760063
1450,14.500000,0.010203,0.012005,-0.017186,0.999728,166.707916,420.764038,91.758492
1451,14.510000,0.010235,0.011904,-0.017141,0.999730,166.714722,420.764069,91.759270
1452,14.520000,0.010221,0.011969,-0.017219,0.999728,166.726791,420.766479,91.754654
1453,14.530000,0.010219,0.012002,-0.017243,0.999727,166.739563,420.767242,91.754097
1454,14.540000,0.010178,0.012305,-0.017568,0.999718,166.769974,420.780792,91.761925
1455,14.550000,0.010183,0.012203,-0.017542,0.999720,166.779083,420.783356,91.763100
1456,14.560000,0.010191,0.012190,-0.017518,0.999720,166.782043,420.781738,91.766220
1457,14.570000,0.010199,0.012177,-0.017489,0.999721,166.777161,420.781067,91.770424
1458,14.580000,0.010201,0.012182,-0.017469,0.999721,166.770508,420.776642,91.773819
1459,14.590000,0.010198,0.012185,-0.017452,0.999721,166.760635,420.774231,91.775101
1460,14.600000,0.010189,0.012187,-0.017454,0.999722,166.747437,420.774017,91.771591
1461,14.610000,0.010211,0.012018,-0.017232,0.999727,166.718811,420.764252,91.763870
1462,14.620000,0.010211,0.011990,-0.017176,0.999729,166.705536,420.761414,91.760139
1463,14.630000,0.010212,0.011984,-0.017146,0.999729,166.699112,420.759155,91.757584
1464,14.640000,0.010217,0.012016,-0.017176,0.999728,166.700668,420.762085,91.757721
1465,14.650000,0.010212,0.011992,-0.017158,0.999729,166.704590,420.760376,91.756615
1466,14.660000,0.010211,0.012028,-0.017231,0.999727,166.713028,420.760040,91.758163
1467,14.670000,0.010219,0.012005,-0.017213,0.999728,166.723862,420.765289,91.757874
1468,14.680000,0.010207,0.012007,-0.017225,0.999727,166.737183,420.768188,91.757568
1469,14.690000,0.010173,0.012200,-0.017485,0.999721,166.765686,420.778625,91.764320
1470,14.700000,0.010185,0.012166,-0.017460,0.999722,166.772675,420.780457,91.765800
1471,14.710000,0.010189,0.012158,-0.017438,0.999722,166.774429,420.779541,91.765572
1472,14.720000,0.010188,0.012176,-0.017459,0.999722,166.772568,420.777985,91.766266
1473,14.730000,0.010193,0.012192,-0.017461,0.999721,166.769089,420.776886,91.768578
1474,14.740000,0.010193,0.012155,-0.017401,0.999723,166.760956,420.775635,91.771034
1475,14.750000,0.010240,0.011902,-0.017147,0.999730,166.736755,420.765778,91.766960
1476,14.760000,0.010170,0.012257,-0.017426,0.999721,166.738693,420.769531,91.771034
1477,14.770000,0.010226,0.011968,-0.017168,0.999729,166.716690,420.761932,91.768364
1478,14.780000,0.010226,0.011917,-0.017123,0.999730,166.710968,420.760773,91.763725
1479,14.790000,0.010203,0.011996,-0.017173,0.999729,166.710327,420.761383,91.759521
1480,14.800000,0.010201,0.011994,-0.017154,0.999729,166.712784,420.761230,91.756165
1481,14.810000,0.010200,0.012012,-0.017186,0.999728,166.716522,420.761017,91.756096
1482,14.820000,0.010196,0.011989,-0.017159,0.999729,166.719421,420.760956,91.752731
1483,14.830000,0.010202,0.012028,-0.017230,0.999727,166.727188,420.766510,91.754761
1484,14.840000,0.010213,0.012034,-0.017256,0.999727,166.733627,420.768982,91.758476
1485,14.850000,0.010224,0.012040,-0.017264,0.999726,166.739243,420.769135,91.763016
1486,14.860000,0.010190,0.012212,-0.017462,0.999721,166.758484,420.773499,91.771202
1487,14.870000,0.010241,0.011934,-0.017210,0.999728,166.743622,420.765289,91.766937
1488,14.880000,0.010173,0.012260,-0.017471,0.999721,166.755463,420.774475,91.768456
1489,14.890000,0.010173,0.012196,-0.017444,0.999722,166.753967,420.775879,91.765160
1490,14.900000,0.010212,0.011994,-0.017216,0.999728,166.734589,420.768402,91.757889
1491,14.910000,0.010216,0.011996,-0.017201,0.999728,166.730392,420.766479,91.755707
1492,14.920000,0.010209,0.012016,-0.017216,0.999728,166.728165,420.764984,91.755791
1493,14.930000,0.010209,0.012048,-0.017255,0.999726,166.727661,420.765839,91.758400
1494,14.940000,0.010228,0.011916,-0.017146,0.999730,166.724533,420.762848,91.760239
1495,14.950000,0.010218,0.012005,-0.017212,0.999728,166.724014,420.762665,91.761986
1496,14.960000,0.010218,0.012007,-0.017188,0.999728,166.721786,420.760742,91.761871
1497,14.970000,0.010221,0.012015,-0.017202,0.999728,166.722626,420.764465,91.761665
1498,14.980000,0.010215,0.012011,-0.017213,0.999728,166.724625,420.766998,91.760399
1499,14.990000,0.010210,0.012002,-0.017216,0.999728,166.726196,420.767181,91.758926
1500,15.000000,0.010228,0.011926,-0.017158,0.999729,166.729599,420.764648,91.760498
