Format Version,1.24,Take Name,Push_150_deg_003,Take Notes,,Capture Frame Rate,100.000000,Export Frame Rate,100.000000,Capture Start Time,2025-02-03 12.13.02.012 午後,Capture Start Frame,8869750,Total Frames in Take,1501,Total Exported Frames,1501,Rotation Type,Quaternion,Length Units,Millimeters,Coordinate Space,Local

,Type,Rigid Body,Rigid Body,Rigid Body,Rigid Body,Rigid Body,Rigid Body,Rigid Body
,Name,Rigid Body 002,Rigid Body 002,Rigid Body 002,Rigid Body 002,Rigid Body 002,Rigid Body 002,Rigid Body 002
,ID,7081C4A4E11211EF3C28FEC2583C42A9,7081C4A4E11211EF3C28FEC2583C42A9,7081C4A4E11211EF3C28FEC2583C42A9,7081C4A4E11211EF3C28FEC2583C42A9,7081C4A4E11211EF3C28FEC2583C42A9,7081C4A4E11211EF3C28FEC2583C42A9,7081C4A4E11211EF3C28FEC2583C42A9
,,Rotation,Rotation,Rotation,Rotation,Position,Position,Position
Frame,Time (Seconds),X,Y,Z,W,X,Y,Z
0,0.000000,0.006831,-0.024074,-0.024381,0.999390,163.698685,421.332520,41.216099
1,0.010000,0.006801,-0.024051,-0.024380,0.999390,163.693970,421.333008,41.204609
2,0.020000,0.006771,-0.024002,-0.024409,0.999391,163.684570,421.336395,41.194458
3,0.030000,0.006763,-0.023982,-0.024442,0.999391,163.673431,421.339508,41.187843
4,0.040000,0.006762,-0.023963,-0.024452,0.999391,163.657822,421.338196,41.186913
5,0.050000,0.006748,-0.023923,-0.024486,0.999391,163.641098,421.338776,41.188389
6,0.060000,0.006745,-0.024056,-0.024302,0.999393,163.609909,421.333984,41.188725
7,0.070000,0.006725,-0.024101,-0.024239,0.999393,163.587814,421.336853,41.188057
8,0.080000,0.006729,-0.024086,-0.024271,0.999393,163.567917,421.339050,41.188133
9,0.090000,0.006758,-0.024039,-0.024356,0.999391,163.549377,421.343811,41.185566
10,0.100000,0.006764,-0.024012,-0.024400,0.999391,163.532089,421.350952,41.181416
11,0.110000,0.006760,-0.024016,-0.024424,0.999390,163.518829,421.357666,41.178009
12,0.120000,0.006694,-0.023810,-0.024644,0.999390,163.521957,421.376068,41.180386
13,0.130000,0.006690,-0.023827,-0.024656,0.999390,163.514297,421.379517,41.178970
14,0.140000,0.006682,-0.023998,-0.024417,0.999392,163.502258,421.376678,41.174534
15,0.150000,0.006672,-0.023969,-0.024432,0.999392,163.498398,421.377228,41.170399
16,0.160000,0.006678,-0.023723,-0.024840,0.999388,163.498398,421.383911,41.164219
17,0.170000,0.006572,-0.023641,-0.024851,0.999390,163.496918,421.396454,41.157639
18,0.180000,0.006537,-0.023627,-0.024846,0.999391,163.486816,421.399750,41.149513
19,0.190000,0.006512,-0.023628,-0.024841,0.999391,163.473770,421.403107,41.141636
20,0.200000,0.006492,-0.023597,-0.024875,0.999391,163.458298,421.405518,41.136745
21,0.210000,0.006512,-0.023421,-0.025029,0.999391,163.440811,421.410400,41.135052
22,0.220000,0.006515,-0.023355,-0.025095,0.999391,163.418533,421.412048,41.132740
23,0.230000,,,,,,,
24,0.240000,0.006488,-0.023292,-0.025074,0.999393,163.345444,421.395050,41.119640
25,0.250000,0.006521,-0.023736,-0.024609,0.999394,163.269150,421.369873,41.098946
26,0.260000,0.006563,-0.023815,-0.024694,0.999390,163.191391,421.365021,41.081268
27,0.270000,0.006553,-0.023887,-0.024523,0.999392,163.124817,421.370697,41.073593
28,0.280000,0.006559,-0.023901,-0.024529,0.999392,163.063202,421.376099,41.073566
29,0.290000,0.006623,-0.024263,-0.024209,0.999391,162.981812,421.366211,41.081680
30,0.300000,0.006667,-0.024268,-0.024228,0.999390,162.910385,421.352814,41.090828
31,0.310000,0.006708,-0.024069,-0.024487,0.999388,162.834122,421.341095,41.109421
32,0.320000,0.006748,-0.023904,-0.024664,0.999387,162.759399,421.340332,41.121063
33,0.330000,,,,,,,
34,0.340000,0.006770,-0.023663,-0.024834,0.999389,162.597595,421.326843,41.133442
35,0.350000,0.006784,-0.023564,-0.024888,0.999390,162.509521,421.320587,41.132175
36,0.360000,0.006799,-0.023482,-0.024868,0.999392,162.408447,421.309784,41.129856
37,0.370000,,,,,,,
38,0.380000,0.006908,-0.024234,-0.024109,0.999392,162.107925,421.271362,41.105560
39,0.390000,,,,,,,
40,0.400000,0.006823,-0.023788,-0.024382,0.999396,161.824341,421.280548,41.088757
41,0.410000,0.006791,-0.023348,-0.024927,0.999394,161.653839,421.293884,41.080200
42,0.420000,0.006805,-0.023793,-0.024763,0.999387,161.414658,421.287048,41.047371
43,0.430000,0.006791,-0.023924,-0.024503,0.999390,161.207901,421.273193,41.028278
44,0.440000,0.006933,-0.025219,-0.021325,0.999430,160.961594,421.210175,40.973148
45,0.450000,,,,,,,
46,0.460000,0.006730,-0.024163,-0.023675,0.999405,160.479019,421.241913,40.963505
47,0.470000,0.006740,-0.023382,-0.024784,0.999397,160.243256,421.259064,40.969662
48,0.480000,0.006738,-0.024155,-0.023990,0.999398,159.931473,421.240753,40.946056
49,0.490000,0.006838,-0.023858,-0.024654,0.999388,159.659927,421.235168,40.942612
50,0.500000,0.006700,-0.023590,-0.024407,0.999401,159.369888,421.230957,40.931911
51,0.510000,,,,,,,
52,0.520000,,,,,,,
53,0.530000,0.006707,-0.024010,-0.023966,0.999402,158.391449,421.211182,40.847904
54,0.540000,0.006745,-0.023944,-0.024043,0.999401,158.022812,421.206268,40.819431
55,0.550000,0.006633,-0.023555,-0.024257,0.999406,157.662903,421.213013,40.803188
56,0.560000,0.006950,-0.025066,-0.021304,0.999435,157.270584,421.135559,40.749447
57,0.570000,,,,,,,
58,0.580000,,,,,,,
59,0.590000,0.006778,-0.023870,-0.023730,0.999411,156.155899,421.145813,40.741062
60,0.600000,0.006891,-0.023955,-0.024071,0.999400,155.738113,421.133057,40.719944
61,0.610000,,,,,,,
62,0.620000,0.006843,-0.024231,-0.023662,0.999403,155.001816,421.124695,40.662357
63,0.630000,0.007027,-0.025137,-0.021293,0.999433,154.637512,421.074890,40.620388
64,0.640000,0.006789,-0.023878,-0.023914,0.999406,154.262589,421.117279,40.629986
65,0.650000,,,,,,,
66,0.660000,0.006953,-0.025042,-0.021552,0.999430,153.495972,421.059143,40.567074
67,0.670000,0.006813,-0.024111,-0.023780,0.999403,153.098480,421.086945,40.568192
68,0.680000,0.006750,-0.023407,-0.024254,0.999409,152.724503,421.091187,40.549934
69,0.690000,0.007036,-0.025221,-0.020899,0.999439,152.284210,421.017212,40.469059
70,0.700000,0.006737,-0.024300,-0.023129,0.999414,151.874664,421.061707,40.448334
71,0.710000,0.006713,-0.024089,-0.023484,0.999411,151.465973,421.055023,40.432308
72,0.720000,0.006910,-0.025364,-0.020591,0.999442,151.066101,420.995514,40.390881
73,0.730000,0.006765,-0.024054,-0.023552,0.999410,150.647644,421.034180,40.393642
74,0.740000,0.006688,-0.023559,-0.024074,0.999410,150.299332,421.044067,40.382019
75,0.750000,0.006917,-0.025214,-0.020654,0.999445,149.896210,420.974884,40.330776
76,0.760000,0.007003,-0.025588,-0.019932,0.999449,149.508835,420.946991,40.297123
77,0.770000,0.006687,-0.023906,-0.023695,0.999411,149.129196,421.010986,40.302776
78,0.780000,0.006685,-0.023623,-0.023853,0.999414,148.770264,421.012634,40.281429
79,0.790000,0.006925,-0.025234,-0.020622,0.999445,148.395157,420.949036,40.218437
80,0.800000,0.006754,-0.024145,-0.023243,0.999415,148.035751,420.993439,40.210766
81,0.810000,0.006614,-0.023576,-0.024167,0.999408,147.681564,421.013245,40.197998
82,0.820000,0.006871,-0.024771,-0.021051,0.999448,147.328064,420.952881,40.164993
83,0.830000,0.006998,-0.025413,-0.019904,0.999454,146.955307,420.925964,40.135460
84,0.840000,,,,,,,
85,0.850000,,,,,,,
86,0.860000,0.007022,-0.025677,-0.019702,0.999452,145.843445,420.912872,40.075413
87,0.870000,0.006772,-0.023499,-0.023890,0.999415,145.471085,420.980957,40.094631
88,0.880000,,,,,,,
89,0.890000,0.006905,-0.025128,-0.020471,0.999451,144.670532,420.914429,40.013741
90,0.900000,0.006794,-0.023800,-0.023325,0.999422,144.302887,420.950226,40.018082
91,0.910000,0.006850,-0.024185,-0.022904,0.999422,143.886185,420.936829,39.985268
92,0.920000,0.006938,-0.024966,-0.020760,0.999449,143.517944,420.903534,39.943680
93,0.930000,0.006992,-0.025438,-0.019917,0.999454,143.114090,420.868927,39.905212
94,0.940000,0.006724,-0.023657,-0.023745,0.999416,142.732391,420.915314,39.921448
95,0.950000,0.006875,-0.025081,-0.020634,0.999449,142.312714,420.838837,39.859062
96,0.960000,0.006897,-0.025408,-0.019441,0.999464,141.913818,420.819519,39.832226
97,0.970000,0.006711,-0.023988,-0.023375,0.999416,141.489944,420.879883,39.822929
98,0.980000,0.006945,-0.024830,-0.020668,0.999454,141.117828,420.820374,39.786453
99,0.990000,0.006998,-0.025828,-0.019160,0.999458,140.694153,420.797028,39.754955
100,1.000000,0.006671,-0.023711,-0.023438,0.999422,140.299255,420.878235,39.784954
101,1.010000,0.007036,-0.025893,-0.021105,0.999417,139.791306,420.780609,39.717838
102,1.020000,0.006985,-0.026490,-0.020080,0.999423,139.363724,420.765106,39.682022
103,1.030000,0.006639,-0.024191,-0.024316,0.999390,138.980164,420.843384,39.705585
104,1.040000,0.006935,-0.025989,-0.020764,0.999423,138.531784,420.772797,39.656559
105,1.050000,0.006722,-0.024400,-0.023628,0.999400,138.137161,420.817596,39.663395
106,1.060000,0.006767,-0.024368,-0.023897,0.999395,137.709045,420.803986,39.640457
107,1.070000,0.007000,-0.025563,-0.020907,0.999430,137.289154,420.734741,39.599762
108,1.080000,0.007029,-0.025883,-0.020045,0.999439,136.868317,420.713379,39.570633
109,1.090000,0.007010,-0.026033,-0.019742,0.999442,136.446091,420.700531,39.540146
110,1.100000,0.006919,-0.025491,-0.020373,0.999444,136.051834,420.704437,39.511570
111,1.110000,0.006980,-0.025265,-0.020418,0.999448,135.674469,420.695557,39.482853
112,1.120000,0.006792,-0.024342,-0.023018,0.999416,135.248032,420.750824,39.469227
113,1.130000,0.006971,-0.025156,-0.020781,0.999443,134.884079,420.722778,39.415173
114,1.140000,0.007054,-0.025351,-0.019975,0.999454,134.536575,420.702271,39.393772
115,1.150000,0.007064,-0.025996,-0.019006,0.999456,134.152969,420.675690,39.382153
116,1.160000,0.006829,-0.023965,-0.023244,0.999419,133.828705,420.733948,39.410149
117,1.170000,0.007129,-0.025489,-0.020044,0.999449,133.484573,420.666138,39.346821
118,1.180000,0.007112,-0.026071,-0.018798,0.999458,133.164307,420.641663,39.325779
119,1.190000,0.006746,-0.023514,-0.023252,0.999430,132.942230,420.734589,39.369671
120,1.200000,0.006757,-0.024086,-0.022912,0.999424,132.637863,420.728302,39.324501
121,1.210000,0.007012,-0.025449,-0.019975,0.999452,132.351044,420.668915,39.267956
122,1.220000,0.007005,-0.025725,-0.019178,0.999461,132.098816,420.658722,39.245777
123,1.230000,0.006776,-0.024504,-0.022210,0.999430,131.857147,420.709290,39.255344
124,1.240000,0.006725,-0.023859,-0.023000,0.999428,131.659149,420.723999,39.250488
125,1.250000,0.006851,-0.024817,-0.020360,0.999461,131.461853,420.678375,39.210026
126,1.260000,0.006939,-0.025203,-0.019285,0.999472,131.250763,420.653076,39.192059
127,1.270000,0.006974,-0.025763,-0.018875,0.999466,131.005447,420.634064,39.165157
128,1.280000,0.006748,-0.024468,-0.022198,0.999431,130.805130,420.692841,39.164509
129,1.290000,0.006673,-0.024035,-0.022823,0.999428,130.634979,420.705811,39.156193
130,1.300000,0.006835,-0.024881,-0.020282,0.999461,130.464828,420.658142,39.124420
131,1.310000,0.006866,-0.025150,-0.019424,0.999471,130.292404,420.645142,39.109474
132,1.320000,0.006850,-0.025525,-0.019141,0.999468,130.097824,420.641174,39.091091
133,1.330000,0.006588,-0.024092,-0.022471,0.999436,129.925644,420.703949,39.117268
134,1.340000,0.006834,-0.025136,-0.019837,0.999464,129.758820,420.646484,39.091549
135,1.350000,0.006932,-0.025340,-0.019360,0.999467,129.562378,420.631470,39.085293
136,1.360000,0.006943,-0.025451,-0.019249,0.999467,129.358368,420.626801,39.075756
137,1.370000,0.006743,-0.024233,-0.022422,0.999432,129.163177,420.678436,39.093861
138,1.380000,0.006824,-0.024212,-0.022514,0.999430,128.966385,420.679199,39.080498
139,1.390000,0.006966,-0.025624,-0.019514,0.999457,128.772675,420.632599,39.032257
140,1.400000,0.006889,-0.025452,-0.019110,0.999470,128.605423,420.636078,39.012844
141,1.410000,0.006900,-0.025694,-0.018777,0.999470,128.377914,420.622803,38.990990
142,1.420000,0.006976,-0.025496,-0.019173,0.999467,128.183517,420.611572,38.984722
143,1.430000,0.006829,-0.023972,-0.022617,0.999433,127.988846,420.653656,39.023426
144,1.440000,0.006817,-0.024272,-0.022337,0.999433,127.780853,420.650482,39.018913
145,1.450000,0.007044,-0.025307,-0.019656,0.999462,127.599594,420.591888,39.002106
146,1.460000,0.006812,-0.023816,-0.022879,0.999431,127.427650,420.596130,39.081383
147,1.470000,0.006826,-0.024062,-0.022510,0.999434,127.248184,420.565765,39.093868
148,1.480000,0.005143,-0.028155,-0.012813,0.999508,127.097290,420.525665,39.155460
149,1.490000,0.004951,-0.028710,-0.011591,0.999508,126.934380,420.528168,39.153385
150,1.500000,0.004928,-0.028441,-0.011786,0.999514,126.803589,420.532776,39.143333
151,1.510000,0.006394,-0.024573,-0.021081,0.999455,126.648964,420.527679,39.108326
152,1.520000,0.005140,-0.028572,-0.012348,0.999502,126.477806,420.514587,39.097641
153,1.530000,0.006477,-0.025224,-0.020687,0.999447,126.317757,420.509064,39.060215
154,1.540000,0.006631,-0.024584,-0.021957,0.999435,126.189812,420.508392,39.051781
155,1.550000,0.006844,-0.024222,-0.022509,0.999430,126.060036,420.557159,38.993610
156,1.560000,0.006799,-0.023892,-0.022828,0.999431,125.950455,420.585876,38.974163
157,1.570000,0.006799,-0.024161,-0.022454,0.999433,125.811768,420.580994,38.964046
158,1.580000,0.005957,-0.026045,-0.017916,0.999483,125.716255,420.534973,39.006592
159,1.590000,0.004918,-0.028898,-0.011559,0.999504,125.601662,420.540222,39.011917
160,1.600000,0.006282,-0.025455,-0.019980,0.999457,125.488876,420.534271,38.988361
161,1.610000,0.006548,-0.024488,-0.021993,0.999437,125.402374,420.535278,38.980453
162,1.620000,0.006746,-0.024139,-0.022830,0.999425,125.300186,420.585175,38.930111
163,1.630000,0.006770,-0.023978,-0.022855,0.999428,125.212761,420.612183,38.907768
164,1.640000,0.006797,-0.023898,-0.023037,0.999426,125.125633,420.615875,38.898251
165,1.650000,0.006776,-0.023766,-0.023201,0.999425,125.042793,420.614716,38.889534
166,1.660000,0.006741,-0.023649,-0.023266,0.999427,124.954430,420.597107,38.899513
167,1.670000,0.005051,-0.028372,-0.012812,0.999503,124.835953,420.539246,38.955284
168,1.680000,0.004749,-0.029816,-0.010454,0.999489,124.698990,420.524841,38.941086
169,1.690000,0.004833,-0.029488,-0.011018,0.999493,124.610291,420.518402,38.923809
170,1.700000,0.004846,-0.029201,-0.011367,0.999497,124.507607,420.512787,38.910938
171,1.710000,0.004854,-0.029018,-0.011561,0.999500,124.418938,420.520721,38.907536
172,1.720000,0.004752,-0.028711,-0.011936,0.999505,124.326088,420.546692,38.910877
173,1.730000,0.006176,-0.024504,-0.021338,0.999453,124.218803,420.548706,38.890556
174,1.740000,0.006385,-0.023580,-0.022856,0.999440,124.088684,420.550049,38.897076
175,1.750000,0.006620,-0.024002,-0.022745,0.999431,123.895271,420.579407,38.830200
176,1.760000,0.006702,-0.023971,-0.022926,0.999427,123.721619,420.592804,38.798630
177,1.770000,0.006715,-0.024003,-0.022977,0.999425,123.514053,420.582031,38.786533
178,1.780000,0.005015,-0.028114,-0.013090,0.999506,123.317421,420.532227,38.853073
179,1.790000,0.004792,-0.029318,-0.011054,0.999498,123.037086,420.513977,38.845375
180,1.800000,0.004819,-0.029523,-0.010780,0.999494,122.787949,420.505402,38.817242
181,1.810000,0.006286,-0.025081,-0.020504,0.999455,122.554039,420.509552,38.791111
182,1.820000,0.006514,-0.023714,-0.022836,0.999437,122.320808,420.513947,38.789341
183,1.830000,0.005024,-0.028528,-0.012456,0.999503,122.013565,420.498322,38.782547
184,1.840000,0.004886,-0.028973,-0.011656,0.999500,121.708626,420.485901,38.759117
185,1.850000,0.006288,-0.025090,-0.020571,0.999454,121.429070,420.473053,38.718792
186,1.860000,0.006444,-0.024406,-0.021791,0.999444,121.141228,420.467102,38.710346
187,1.870000,0.006589,-0.024429,-0.022444,0.999428,120.834633,420.515747,38.649483
188,1.880000,0.006713,-0.023893,-0.022890,0.999430,120.551102,420.527893,38.620930
189,1.890000,0.006691,-0.023717,-0.022622,0.999440,120.250694,420.527710,38.608284
190,1.900000,0.006740,-0.024130,-0.022283,0.999438,119.935333,420.493378,38.586357
191,1.910000,0.006620,-0.023770,-0.022920,0.999433,119.652336,420.505432,38.572460
192,1.920000,0.005932,-0.026054,-0.018030,0.999480,119.324066,420.432159,38.593784
193,1.930000,0.004885,-0.028446,-0.012411,0.999506,119.179550,420.440002,38.588020
194,1.940000,0.006217,-0.024737,-0.020827,0.999458,118.840187,420.471893,38.561913
195,1.950000,0.006388,-0.023527,-0.022868,0.999441,118.703987,420.475708,38.558388
196,1.960000,0.006584,-0.024297,-0.022499,0.999430,118.460869,420.505707,38.476864
197,1.970000,0.006661,-0.024422,-0.022163,0.999434,118.277885,420.521301,38.429024
198,1.980000,0.006670,-0.024052,-0.022565,0.999434,118.194275,420.516663,38.446358
199,1.990000,0.005874,-0.025727,-0.018304,0.999484,118.103386,420.477203,38.516563
200,2.000000,0.004908,-0.028226,-0.012789,0.999508,118.042267,420.487152,38.518642
201,2.010000,0.004890,-0.029033,-0.011833,0.999496,117.928459,420.480652,38.497429
202,2.020000,0.004897,-0.028974,-0.011957,0.999497,117.910027,420.478027,38.502960
203,2.030000,0.004891,-0.028897,-0.011961,0.999499,117.901337,420.479279,38.510880
204,2.040000,0.004874,-0.028797,-0.012038,0.999501,117.901421,420.478638,38.501438
205,2.050000,0.004846,-0.028834,-0.012084,0.999499,117.910484,420.481934,38.484455
206,2.060000,0.004802,-0.028902,-0.012026,0.999498,117.917229,420.483978,38.471405
207,2.070000,0.004860,-0.029068,-0.011748,0.999497,117.933891,420.484314,38.478416
208,2.080000,0.004864,-0.028988,-0.011929,0.999497,117.949341,420.492218,38.495090
209,2.090000,0.004921,-0.028979,-0.012041,0.999496,117.959900,420.490417,38.506516
210,2.100000,0.004968,-0.029010,-0.012018,0.999495,117.959625,420.485443,38.519142
211,2.110000,0.005000,-0.028878,-0.012255,0.999495,117.969826,420.478180,38.534039
212,2.120000,0.005049,-0.028908,-0.012294,0.999494,117.954910,420.470978,38.540707
213,2.130000,0.005047,-0.028848,-0.012302,0.999495,117.937790,420.466553,38.539665
214,2.140000,0.005044,-0.028875,-0.012190,0.999496,117.928368,420.460907,38.535057
215,2.150000,0.005047,-0.028871,-0.012171,0.999496,117.919701,420.458374,38.532238
216,2.160000,0.005040,-0.028866,-0.012180,0.999496,117.929413,420.460449,38.528355
217,2.170000,0.005026,-0.028891,-0.012158,0.999496,117.931740,420.462769,38.525757
218,2.180000,0.005013,-0.028890,-0.012139,0.999496,117.934814,420.462708,38.528488
219,2.190000,0.005033,-0.029014,-0.011933,0.999495,117.918716,420.459534,38.533676
220,2.200000,0.005042,-0.028853,-0.012144,0.999497,117.916656,420.457123,38.536995
221,2.210000,0.005055,-0.028824,-0.012213,0.999497,117.901360,420.452545,38.534382
222,2.220000,0.005047,-0.028816,-0.012220,0.999497,117.879738,420.449188,38.528172
223,2.230000,0.005016,-0.028615,-0.012372,0.999501,117.859718,420.451385,38.523731
224,2.240000,0.004988,-0.028568,-0.012435,0.999502,117.838509,420.456512,38.518230
225,2.250000,0.004991,-0.028541,-0.012520,0.999502,117.817581,420.460297,38.514725
226,2.260000,0.005017,-0.028503,-0.012580,0.999502,117.801697,420.462860,38.516033
227,2.270000,0.005035,-0.028528,-0.012527,0.999502,117.774750,420.465668,38.518547
228,2.280000,0.005017,-0.028450,-0.012576,0.999504,117.759323,420.472961,38.524426
229,2.290000,0.005007,-0.028419,-0.012653,0.999503,117.733643,420.478027,38.523182
230,2.300000,0.005003,-0.028341,-0.012751,0.999505,117.710411,420.482788,38.523205
231,2.310000,0.005008,-0.028331,-0.012843,0.999504,117.676643,420.490479,38.520805
232,2.320000,0.006342,-0.024478,-0.021739,0.999444,117.645729,420.496857,38.500340
233,2.330000,0.006517,-0.023666,-0.023205,0.999429,117.617813,420.502594,38.497543
234,2.340000,0.006762,-0.024020,-0.023196,0.999419,117.533348,420.538269,38.426838
235,2.350000,0.006795,-0.024393,-0.022758,0.999420,117.452385,420.561249,38.394478
236,2.360000,0.006769,-0.024139,-0.022930,0.999423,117.384628,420.571136,38.377964
237,2.370000,0.006716,-0.023966,-0.023024,0.999425,117.312881,420.561401,38.375206
238,2.380000,0.006693,-0.023970,-0.023032,0.999425,117.230850,420.553162,38.371635
239,2.390000,0.006691,-0.023834,-0.023153,0.999425,117.147263,420.550140,38.372219
240,2.400000,0.005989,-0.026162,-0.017908,0.999479,117.057274,420.515503,38.398739
241,2.410000,0.005016,-0.028435,-0.012878,0.999500,116.949875,420.486206,38.451500
242,2.420000,0.005049,-0.029030,-0.012376,0.999489,116.806343,420.473083,38.444710
243,2.430000,0.004988,-0.028271,-0.012830,0.999506,116.708160,420.484222,38.454857
244,2.440000,0.004990,-0.028591,-0.012532,0.999500,116.562096,420.483002,38.443974
245,2.450000,0.004994,-0.028624,-0.012417,0.999501,116.444351,420.486877,38.445110
246,2.460000,0.006394,-0.024707,-0.021689,0.999439,116.341110,420.498077,38.428017
247,2.470000,0.006581,-0.023979,-0.023031,0.999425,116.244720,420.506378,38.428268
248,2.480000,0.006775,-0.023810,-0.023473,0.999418,116.143166,420.555054,38.371902
249,2.490000,0.006873,-0.023917,-0.023514,0.999414,116.025703,420.570679,38.337147
250,2.500000,0.006849,-0.023823,-0.023466,0.999417,115.915581,420.558655,38.326820
251,2.510000,0.006820,-0.023798,-0.023309,0.999422,115.787155,420.534302,38.320904
252,2.520000,0.006084,-0.026511,-0.017528,0.999476,115.648102,420.480713,38.330055
253,2.530000,0.005137,-0.028428,-0.012798,0.999501,115.531204,420.459259,38.367565
254,2.540000,0.005003,-0.028561,-0.012338,0.999503,115.423904,420.468170,38.365002
255,2.550000,0.005007,-0.028890,-0.012003,0.999498,115.286568,420.469818,38.356590
256,2.560000,0.005060,-0.028459,-0.012909,0.999499,115.171013,420.483887,38.352577
257,2.570000,0.005090,-0.028584,-0.012914,0.999495,115.047249,420.475189,38.349751
258,2.580000,0.006412,-0.024751,-0.021710,0.999437,114.924561,420.475983,38.333366
259,2.590000,0.006628,-0.023796,-0.023110,0.999428,114.809578,420.467255,38.342220
260,2.600000,0.006858,-0.024278,-0.022803,0.999422,114.627831,420.490540,38.282799
261,2.610000,0.006912,-0.024288,-0.022796,0.999421,114.505981,420.513000,38.252914
262,2.620000,0.006900,-0.024131,-0.022991,0.999421,114.383934,420.518433,38.247475
263,2.630000,0.006876,-0.023818,-0.023276,0.999422,114.282295,420.500610,38.267166
264,2.640000,0.005404,-0.027742,-0.014366,0.999497,114.157303,420.444672,38.330544
265,2.650000,0.005210,-0.028558,-0.012932,0.999495,114.011353,420.438568,38.324577
266,2.660000,0.005211,-0.028450,-0.012951,0.999498,113.882225,420.433044,38.319042
267,2.670000,0.005245,-0.028961,-0.012336,0.999491,113.725761,420.416077,38.300583
268,2.680000,0.005226,-0.028979,-0.012274,0.999491,113.571976,420.417206,38.286797
269,2.690000,0.006539,-0.025136,-0.021151,0.999439,113.441628,420.426788,38.265285
270,2.700000,0.006649,-0.024151,-0.022646,0.999430,113.308525,420.427185,38.263508
271,2.710000,0.006807,-0.023618,-0.023580,0.999420,113.165565,420.478699,38.204460
272,2.720000,0.006835,-0.023307,-0.024001,0.999417,113.030251,420.501373,38.183563
273,2.730000,0.006900,-0.023914,-0.023345,0.999418,112.840500,420.487030,38.161339
274,2.740000,0.005422,-0.028039,-0.013832,0.999496,112.674164,420.432739,38.224503
275,2.750000,0.005269,-0.029036,-0.012083,0.999491,112.481529,420.414490,38.229774
276,2.760000,0.005334,-0.028977,-0.012268,0.999491,112.299606,420.402924,38.220795
277,2.770000,0.005358,-0.028576,-0.012802,0.999495,112.111694,420.399292,38.216511
278,2.780000,0.006609,-0.024741,-0.021653,0.999438,111.919899,420.409546,38.187237
279,2.790000,0.006721,-0.023798,-0.023194,0.999425,111.739334,420.418610,38.167309
280,2.800000,0.005250,-0.027951,-0.013940,0.999498,111.524132,420.417755,38.154045
281,2.810000,0.005180,-0.028923,-0.012566,0.999489,111.282928,420.402710,38.124298
282,2.820000,0.005136,-0.028553,-0.012765,0.999498,111.098801,420.418488,38.116577
283,2.830000,0.005196,-0.028601,-0.012707,0.999497,110.873199,420.419739,38.105289
284,2.840000,0.006505,-0.024699,-0.021693,0.999438,110.686920,420.426300,38.088390
285,2.850000,0.006617,-0.023684,-0.023326,0.999426,110.520248,420.431854,38.093040
286,2.860000,0.005373,-0.027841,-0.014474,0.999493,110.271225,420.413666,38.100090
287,2.870000,0.005330,-0.029240,-0.012601,0.999479,110.013367,420.391418,38.088444
288,2.880000,0.005363,-0.028709,-0.012978,0.999489,109.818481,420.394470,38.080296
289,2.890000,0.005334,-0.028390,-0.013199,0.999496,109.638268,420.397919,38.069408
290,2.900000,0.005323,-0.028276,-0.013269,0.999498,109.447342,420.402527,38.054081
291,2.910000,0.006686,-0.024067,-0.022317,0.999439,109.283699,420.406494,38.037033
292,2.920000,0.006863,-0.024471,-0.022454,0.999425,109.041824,420.388855,38.014530
293,2.930000,0.005501,-0.028414,-0.013634,0.999488,108.884689,420.384094,38.016178
294,2.940000,0.005233,-0.028456,-0.012985,0.999497,108.763557,420.402527,38.010273
295,2.950000,0.005192,-0.028454,-0.013013,0.999497,108.633720,420.410889,38.003368
296,2.960000,0.005264,-0.028384,-0.013274,0.999495,108.517593,420.408508,37.994099
297,2.970000,0.005301,-0.028289,-0.013417,0.999496,108.417358,420.405701,37.991505
298,2.980000,0.006666,-0.024372,-0.022376,0.999430,108.338951,420.412964,37.978855
299,2.990000,0.005443,-0.027922,-0.013980,0.999498,108.264717,420.404724,37.997890
300,3.000000,0.005501,-0.028606,-0.013254,0.999488,108.163475,420.391693,37.982647
301,3.010000,0.005543,-0.028427,-0.013347,0.999491,108.099274,420.391968,37.989845
302,3.020000,0.005541,-0.028663,-0.013088,0.999488,108.027618,420.386993,37.998528
303,3.030000,0.005589,-0.029031,-0.012725,0.999482,107.963425,420.374542,38.002266
304,3.040000,0.005613,-0.029012,-0.012764,0.999482,107.928375,420.370209,38.003109
305,3.050000,0.005622,-0.029026,-0.012758,0.999481,107.894096,420.368530,38.000896
306,3.060000,0.005602,-0.029006,-0.012755,0.999482,107.867676,420.368744,37.997135
307,3.070000,0.006875,-0.025208,-0.021450,0.999428,107.850533,420.377167,37.977486
308,3.080000,0.007012,-0.024520,-0.022784,0.999415,107.841354,420.382385,37.968922
309,3.090000,0.007170,-0.024364,-0.023248,0.999407,107.818947,420.434296,37.906528
310,3.100000,0.007146,-0.024324,-0.023286,0.999407,107.796623,420.470367,37.874886
311,3.110000,0.007143,-0.024272,-0.023371,0.999407,107.769051,420.472900,37.872238
312,3.120000,0.007119,-0.024129,-0.023313,0.999412,107.724388,420.443298,37.893608
313,3.130000,0.007138,-0.024100,-0.023228,0.999414,107.684784,420.420502,37.904160
314,3.140000,0.007201,-0.024095,-0.023200,0.999415,107.647697,420.405212,37.906967
315,3.150000,0.007193,-0.024124,-0.023180,0.999414,107.617638,420.411835,37.905872
316,3.160000,0.006483,-0.026298,-0.018014,0.999471,107.589966,420.386688,37.933247
317,3.170000,0.005566,-0.028328,-0.013458,0.999493,107.538338,420.365021,37.972755
318,3.180000,0.005436,-0.028404,-0.013265,0.999494,107.503876,420.368744,37.967720
319,3.190000,0.005380,-0.028357,-0.013380,0.999494,107.469398,420.377472,37.952541
320,3.200000,0.005325,-0.028253,-0.013427,0.999496,107.446083,420.381195,37.938728
321,3.210000,0.006648,-0.024466,-0.022140,0.999433,107.432549,420.381866,37.913231
322,3.220000,0.006787,-0.023629,-0.023603,0.999419,107.425278,420.383972,37.911346
323,3.230000,0.006965,-0.023394,-0.024108,0.999411,107.408554,420.430145,37.860027
324,3.240000,0.007028,-0.023388,-0.024091,0.999411,107.389801,420.451233,37.838535
325,3.250000,0.007033,-0.023329,-0.024178,0.999411,107.368095,420.445679,37.843224
326,3.260000,0.007087,-0.023728,-0.023766,0.999411,107.322327,420.425446,37.845005
327,3.270000,0.006392,-0.026109,-0.018353,0.999470,107.299385,420.381012,37.880859
328,3.280000,0.005475,-0.028342,-0.013442,0.999493,107.256409,420.351990,37.938633
329,3.290000,0.005506,-0.028375,-0.013412,0.999492,107.226173,420.352478,37.944973
330,3.300000,0.005511,-0.028250,-0.013573,0.999494,107.198814,420.361328,37.952869
331,3.310000,0.005538,-0.028152,-0.013594,0.999496,107.152245,420.367126,37.954060
332,3.320000,0.005545,-0.028137,-0.013585,0.999496,107.100227,420.366669,37.950069
333,3.330000,0.005543,-0.028094,-0.013682,0.999496,107.057014,420.369629,37.939095
334,3.340000,0.005531,-0.028061,-0.013738,0.999497,107.012978,420.374146,37.928024
335,3.350000,0.005485,-0.028035,-0.013792,0.999497,106.969498,420.377625,37.913231
336,3.360000,0.005431,-0.028185,-0.013695,0.999494,106.914139,420.380157,37.894814
337,3.370000,0.005348,-0.028400,-0.013438,0.999492,106.853477,420.383209,37.873066
338,3.380000,0.005304,-0.028318,-0.013451,0.999494,106.805672,420.381378,37.860886
339,3.390000,0.005354,-0.028899,-0.012840,0.999486,106.707893,420.360657,37.850605
340,3.400000,0.005390,-0.029015,-0.012790,0.999483,106.629166,420.357483,37.844814
341,3.410000,0.005404,-0.028953,-0.012892,0.999483,106.552063,420.358887,37.842838
342,3.420000,0.006758,-0.024710,-0.022068,0.999428,106.481453,420.375031,37.832611
343,3.430000,0.007160,-0.024191,-0.023525,0.999405,106.372116,420.417389,37.784325
344,3.440000,0.007173,-0.023993,-0.023653,0.999407,106.266907,420.438629,37.779583
345,3.450000,0.006507,-0.025974,-0.018779,0.999465,106.162643,420.416504,37.794815
346,3.460000,0.005491,-0.028196,-0.013903,0.999491,106.043037,420.390533,37.834019
347,3.470000,0.005495,-0.028229,-0.013948,0.999489,105.945618,420.390900,37.820599
348,3.480000,0.005483,-0.028222,-0.013954,0.999489,105.844009,420.390442,37.812481
349,3.490000,0.005413,-0.028007,-0.014111,0.999493,105.768425,420.392548,37.806522
350,3.500000,0.005367,-0.027961,-0.014121,0.999495,105.664566,420.388550,37.796665
351,3.510000,0.005345,-0.028189,-0.013866,0.999492,105.572342,420.385223,37.788982
352,3.520000,0.006732,-0.025110,-0.021933,0.999421,105.474106,420.378448,37.764809
353,3.530000,0.005632,-0.028195,-0.014746,0.999478,105.407944,420.380646,37.775635
354,3.540000,0.005437,-0.028521,-0.013683,0.999485,105.330841,420.389648,37.771568
355,3.550000,0.006767,-0.024750,-0.022200,0.999424,105.271255,420.399109,37.766247
356,3.560000,0.006951,-0.023867,-0.023665,0.999411,105.219490,420.404205,37.784100
357,3.570000,0.007188,-0.023809,-0.024180,0.999398,105.148254,420.458160,37.742683
358,3.580000,0.007223,-0.023811,-0.024168,0.999398,105.072548,420.474670,37.726925
359,3.590000,0.006525,-0.025933,-0.019241,0.999457,104.998444,420.451752,37.740356
360,3.600000,0.005631,-0.027940,-0.014705,0.999486,104.913773,420.423096,37.787575
361,3.610000,0.005548,-0.028247,-0.014173,0.999485,104.822876,420.409943,37.789665
362,3.620000,0.005602,-0.028226,-0.014241,0.999484,104.745827,420.401947,37.788776
363,3.630000,0.005645,-0.028239,-0.014363,0.999482,104.669975,420.403381,37.779922
364,3.640000,0.005622,-0.028292,-0.014447,0.999480,104.592232,420.410309,37.772343
365,3.650000,0.006908,-0.024541,-0.022982,0.999411,104.516792,420.415894,37.755249
366,3.660000,0.007099,-0.024327,-0.023681,0.999398,104.405769,420.394379,37.738308
367,3.670000,0.005832,-0.027900,-0.015197,0.999478,104.320503,420.377197,37.747368
368,3.680000,0.005674,-0.028458,-0.014115,0.999479,104.241966,420.373199,37.738342
369,3.690000,0.005621,-0.028102,-0.014465,0.999485,104.187790,420.381622,37.744843
370,3.700000,0.005628,-0.028097,-0.014372,0.999486,104.111252,420.383423,37.747871
371,3.710000,0.005629,-0.028070,-0.014398,0.999486,104.043777,420.381653,37.746979
372,3.720000,0.005625,-0.027989,-0.014506,0.999487,103.979149,420.377533,37.744442
373,3.730000,0.005604,-0.027974,-0.014459,0.999488,103.912453,420.375580,37.734814
374,3.740000,0.005579,-0.027976,-0.014420,0.999489,103.851883,420.374512,37.719784
375,3.750000,0.005593,-0.028002,-0.014439,0.999488,103.779640,420.371155,37.709873
376,3.760000,0.006814,-0.024167,-0.023021,0.999420,103.730438,420.369659,37.700970
377,3.770000,0.006977,-0.023470,-0.024258,0.999406,103.671219,420.353790,37.707642
378,3.780000,0.005686,-0.027704,-0.015230,0.999484,103.564095,420.336639,37.702484
379,3.790000,0.005628,-0.028393,-0.014340,0.999478,103.461342,420.332703,37.681335
380,3.800000,0.006925,-0.024448,-0.022664,0.999420,103.367073,420.347198,37.666039
381,3.810000,0.005644,-0.028140,-0.014294,0.999486,103.244797,420.349915,37.681633
382,3.820000,0.005664,-0.028402,-0.014028,0.999482,103.120735,420.345245,37.680801
383,3.830000,0.005737,-0.028481,-0.013971,0.999480,102.999077,420.336731,37.681229
384,3.840000,0.005784,-0.028527,-0.014010,0.999478,102.873688,420.342255,37.679119
385,3.850000,0.005777,-0.028122,-0.014583,0.999481,102.769882,420.348145,37.688431
386,3.860000,0.005818,-0.028024,-0.014750,0.999481,102.653038,420.345337,37.687420
387,3.870000,0.005787,-0.027845,-0.014812,0.999486,102.535278,420.337097,37.687458
388,3.880000,0.005882,-0.028074,-0.014573,0.999482,102.380524,420.305511,37.670738
389,3.890000,0.005883,-0.028436,-0.014234,0.999477,102.237358,420.293884,37.656563
390,3.900000,0.005829,-0.028003,-0.014729,0.999482,102.127312,420.321503,37.644440
391,3.910000,0.005838,-0.028235,-0.014487,0.999479,101.964500,420.327087,37.631630
392,3.920000,0.005753,-0.028090,-0.014588,0.999482,101.830231,420.327148,37.623718
393,3.930000,0.005736,-0.028252,-0.014525,0.999479,101.668633,420.318970,37.605812
394,3.940000,0.005692,-0.028402,-0.014303,0.999478,101.500832,420.303101,37.589138
395,3.950000,0.006941,-0.024555,-0.022779,0.999415,101.354767,420.295074,37.568054
396,3.960000,0.005749,-0.028001,-0.014751,0.999483,101.178192,420.282776,37.565495
397,3.970000,0.005745,-0.028050,-0.014609,0.999483,101.017136,420.274719,37.555695
398,3.980000,0.005800,-0.028358,-0.014264,0.999479,100.837990,420.253052,37.553764
399,3.990000,0.005857,-0.028477,-0.014224,0.999476,100.671577,420.232361,37.552284
400,4.000000,0.005816,-0.028699,-0.014072,0.999472,100.513779,420.237854,37.540039
401,4.010000,0.007113,-0.024601,-0.023054,0.999406,100.390671,420.250854,37.525177
402,4.020000,0.007246,-0.023681,-0.024698,0.999388,100.270622,420.270569,37.521378
403,4.030000,0.006014,-0.027367,-0.016264,0.999475,100.099724,420.283813,37.519573
404,4.040000,0.005838,-0.028110,-0.015015,0.999475,99.933899,420.290344,37.490711
405,4.050000,0.005821,-0.028553,-0.014648,0.999468,99.757812,420.290466,37.467808
406,4.060000,0.005830,-0.028806,-0.014361,0.999465,99.604263,420.274597,37.448082
407,4.070000,0.005814,-0.028513,-0.014524,0.999471,99.471046,420.247192,37.453373
408,4.080000,0.005907,-0.028426,-0.014666,0.999471,99.313843,420.224060,37.453053
409,4.090000,0.005927,-0.028176,-0.015223,0.999469,99.201401,420.233673,37.455551
410,4.100000,0.006004,-0.028182,-0.015153,0.999470,99.069595,420.250061,37.454269
411,4.110000,0.006005,-0.027970,-0.015612,0.999469,98.952606,420.264648,37.458569
412,4.120000,0.006011,-0.027973,-0.015753,0.999466,98.815567,420.272278,37.446167
413,4.130000,0.006047,-0.028277,-0.015458,0.999462,98.658470,420.273529,37.421307
414,4.140000,0.006047,-0.028479,-0.015303,0.999459,98.515594,420.274719,37.405098
415,4.150000,0.006048,-0.028444,-0.015327,0.999460,98.377800,420.280273,37.395596
416,4.160000,0.006131,-0.028274,-0.015733,0.999458,98.246910,420.286499,37.391193
417,4.170000,0.006060,-0.028725,-0.015023,0.999456,98.109665,420.285156,37.387310
418,4.180000,0.006072,-0.028804,-0.014942,0.999455,97.974648,420.270630,37.384060
419,4.190000,0.006074,-0.028713,-0.015029,0.999456,97.851151,420.259857,37.374245
420,4.200000,0.006181,-0.028554,-0.015617,0.999451,97.695557,420.256104,37.358978
421,4.210000,0.006188,-0.028695,-0.015520,0.999449,97.555534,420.253815,37.335812
422,4.220000,0.006170,-0.028459,-0.015719,0.999452,97.433632,420.264343,37.317684
423,4.230000,0.006174,-0.028681,-0.015611,0.999448,97.303535,420.271088,37.307259
424,4.240000,0.006267,-0.028593,-0.015712,0.999448,97.175873,420.274689,37.304878
425,4.250000,0.006303,-0.028477,-0.015957,0.999447,97.061943,420.279266,37.302200
426,4.260000,0.006338,-0.028638,-0.015909,0.999443,96.940331,420.279480,37.293831
427,4.270000,0.006378,-0.028546,-0.016189,0.999441,96.814842,420.279877,37.286858
428,4.280000,0.006254,-0.029193,-0.015025,0.999441,96.668098,420.273834,37.271042
429,4.290000,0.006308,-0.028868,-0.015688,0.999440,96.522392,420.269470,37.264095
430,4.300000,0.006324,-0.028649,-0.015852,0.999444,96.386711,420.257202,37.254208
431,4.310000,0.006324,-0.028533,-0.015973,0.999445,96.237183,420.235168,37.234909
432,4.320000,0.006346,-0.028672,-0.015775,0.999444,96.080353,420.216858,37.221882
433,4.330000,0.006341,-0.028726,-0.015778,0.999443,95.944267,420.214111,37.212566
434,4.340000,0.006310,-0.028536,-0.016057,0.999444,95.820564,420.223999,37.212204
435,4.350000,0.005825,-0.027883,-0.015395,0.999476,95.798882,420.269897,37.231323
436,4.360000,0.005770,-0.027800,-0.015415,0.999478,95.683357,420.264587,37.232944
437,4.370000,0.005778,-0.027719,-0.015310,0.999482,95.571198,420.255096,37.229740
438,4.380000,0.005805,-0.027749,-0.015186,0.999483,95.469193,420.243622,37.228130
439,4.390000,0.005795,-0.027714,-0.015142,0.999484,95.372643,420.234680,37.223194
440,4.400000,0.005827,-0.027624,-0.015057,0.999488,95.277328,420.226410,37.222721
441,4.410000,0.005864,-0.027463,-0.015306,0.999488,95.197739,420.224487,37.225815
442,4.420000,0.005829,-0.027947,-0.014535,0.999487,95.110481,420.224792,37.237480
443,4.430000,0.005857,-0.027907,-0.014555,0.999487,95.042938,420.230072,37.240582
444,4.440000,0.005847,-0.027945,-0.014517,0.999487,94.973457,420.234100,37.234676
445,4.450000,0.005831,-0.027884,-0.014589,0.999488,94.929100,420.231873,37.229286
446,4.460000,0.005961,-0.027566,-0.015443,0.999483,94.881050,420.228149,37.218147
447,4.470000,0.005891,-0.028203,-0.014373,0.999481,94.821213,420.205109,37.199120
448,4.480000,0.005847,-0.028299,-0.014135,0.999483,94.785736,420.189728,37.186295
449,4.490000,0.005818,-0.028252,-0.014124,0.999484,94.765350,420.188324,37.181847
450,4.500000,0.005889,-0.027756,-0.015073,0.999484,94.766182,420.205109,37.181339
451,4.510000,0.005891,-0.027710,-0.015198,0.999483,94.762383,420.211273,37.176430
452,4.520000,0.005891,-0.027735,-0.015292,0.999481,94.757210,420.213623,37.165211
453,4.530000,0.005891,-0.027742,-0.015298,0.999481,94.746864,420.215637,37.161106
454,4.540000,0.005904,-0.027700,-0.015360,0.999481,94.727005,420.216949,37.163353
455,4.550000,0.005889,-0.027779,-0.015384,0.999478,94.680420,420.217712,37.167458
456,4.560000,0.005909,-0.027736,-0.015531,0.999477,94.637589,420.220673,37.168674
457,4.570000,0.005943,-0.027852,-0.015347,0.999477,94.579689,420.226868,37.167629
458,4.580000,0.005933,-0.027777,-0.015620,0.999474,94.529007,420.232697,37.168232
459,4.590000,0.005894,-0.027800,-0.015544,0.999475,94.475945,420.241852,37.157986
460,4.600000,0.005813,-0.027626,-0.015542,0.999481,94.413353,420.249207,37.138737
461,4.610000,0.005770,-0.027577,-0.015531,0.999482,94.360985,420.249573,37.122890
462,4.620000,0.005758,-0.027608,-0.015413,0.999483,94.314255,420.254852,37.123402
463,4.630000,0.005754,-0.027315,-0.015791,0.999486,94.267395,420.265411,37.130253
464,4.640000,0.005786,-0.027243,-0.015871,0.999486,94.213219,420.264801,37.128761
465,4.650000,0.005813,-0.027289,-0.015862,0.999485,94.152611,420.264801,37.123123
466,4.660000,0.005809,-0.027270,-0.016002,0.999483,94.097916,420.275024,37.121449
467,4.670000,0.005872,-0.027286,-0.016102,0.999481,94.015678,420.276886,37.113976
468,4.680000,0.005803,-0.027957,-0.015012,0.999480,93.915802,420.270264,37.095749
469,4.690000,0.005772,-0.028033,-0.014821,0.999481,93.828247,420.272278,37.083260
470,4.700000,0.005750,-0.028150,-0.014648,0.999480,93.725296,420.277527,37.077579
471,4.710000,0.005825,-0.027470,-0.015918,0.999479,93.640121,420.292755,37.074585
472,4.720000,0.005843,-0.027276,-0.016219,0.999479,93.555153,420.302704,37.072479
473,4.730000,0.005841,-0.027275,-0.016236,0.999479,93.450127,420.313232,37.068283
474,4.740000,0.005837,-0.027429,-0.016217,0.999475,93.328735,420.313080,37.062412
475,4.750000,0.005887,-0.027284,-0.016471,0.999475,93.230614,420.312317,37.048412
476,4.760000,0.005922,-0.027385,-0.016319,0.999474,93.121460,420.311554,37.040882
477,4.770000,0.005895,-0.027625,-0.016064,0.999472,93.013878,420.315430,37.024040
478,4.780000,0.005868,-0.027587,-0.016002,0.999474,92.907784,420.316071,37.012474
479,4.790000,0.005836,-0.027326,-0.016313,0.999476,92.831406,420.323730,37.008160
480,4.800000,0.005721,-0.027629,-0.015609,0.999480,92.742844,420.329163,37.006847
481,4.810000,0.005753,-0.027602,-0.015605,0.999481,92.652031,420.330505,37.015141
482,4.820000,0.005762,-0.027722,-0.015466,0.999479,92.544151,420.321899,37.018311
483,4.830000,0.005752,-0.027724,-0.015387,0.999481,92.441437,420.305115,37.011143
484,4.840000,0.005840,-0.027485,-0.015770,0.999481,92.304779,420.266663,36.993027
485,4.850000,0.005840,-0.027387,-0.015695,0.999485,92.184814,420.237183,36.981220
486,4.860000,0.005880,-0.027364,-0.015785,0.999484,92.064003,420.230316,36.975071
487,4.870000,0.005971,-0.027400,-0.016297,0.999474,91.934639,420.244843,36.965126
488,4.880000,0.005989,-0.027409,-0.016198,0.999475,91.808945,420.249115,36.964714
489,4.890000,0.006001,-0.027291,-0.016294,0.999477,91.699242,420.252075,36.969852
490,4.900000,0.006015,-0.027103,-0.016620,0.999476,91.595474,420.259583,36.979450
491,4.910000,0.006031,-0.027415,-0.016370,0.999472,91.466476,420.265228,36.981441
492,4.920000,0.006011,-0.027412,-0.016166,0.999475,91.344154,420.270355,36.976585
493,4.930000,0.006015,-0.027419,-0.016132,0.999476,91.239723,420.270691,36.964973
494,4.940000,0.005974,-0.027537,-0.015840,0.999477,91.140343,420.276154,36.956451
495,4.950000,0.005974,-0.027334,-0.016093,0.999479,91.042175,420.283203,36.957596
496,4.960000,0.006000,-0.027569,-0.015942,0.999475,90.931084,420.270172,36.949768
497,4.970000,0.005952,-0.027499,-0.015978,0.999476,90.862289,420.265686,36.937954
498,4.980000,0.005950,-0.027583,-0.015783,0.999477,90.770439,420.261841,36.927597
499,4.990000,0.005959,-0.027730,-0.015590,0.999476,90.679359,420.251129,36.921394
500,5.000000,0.006044,-0.026966,-0.016850,0.999476,90.591721,420.240265,36.912857
501,5.010000,0.006010,-0.027047,-0.016476,0.999480,90.466713,420.221863,36.898594
502,5.020000,0.005978,-0.026873,-0.016723,0.999481,90.373352,420.213348,36.892796
503,5.030000,0.006038,-0.027022,-0.016523,0.999480,90.248573,420.218536,36.897797
504,5.040000,0.006084,-0.027273,-0.016217,0.999478,90.121765,420.218781,36.902843
505,5.050000,0.007307,-0.023998,-0.023920,0.999399,90.010300,420.215149,36.889500
506,5.060000,0.006248,-0.027027,-0.016563,0.999478,89.902412,420.205048,36.902191
507,5.070000,0.006278,-0.027125,-0.016499,0.999476,89.810539,420.209106,36.905914
508,5.080000,0.006277,-0.026991,-0.016762,0.999475,89.729019,420.218475,36.919102
509,5.090000,0.006208,-0.027250,-0.016151,0.999479,89.655182,420.222961,36.922421
510,5.100000,0.006200,-0.027437,-0.015896,0.999478,89.564713,420.221008,36.921551
511,5.110000,0.006174,-0.027627,-0.015658,0.999477,89.468811,420.218475,36.911484
512,5.120000,0.005801,-0.025593,-0.017597,0.999501,89.498520,420.287415,36.934357
513,5.130000,0.005717,-0.025496,-0.017575,0.999504,89.401314,420.296356,36.922478
514,5.140000,0.005658,-0.025534,-0.017448,0.999506,89.270752,420.300262,36.905399
515,5.150000,0.005842,-0.025192,-0.018560,0.999493,89.083633,420.301331,36.874226
516,5.160000,0.005838,-0.025017,-0.018804,0.999493,88.933121,420.301880,36.863247
517,5.170000,0.005831,-0.024845,-0.019084,0.999492,88.779366,420.307007,36.855602
518,5.180000,0.005892,-0.024836,-0.019256,0.999489,88.595879,420.300171,36.861546
519,5.190000,0.005934,-0.024892,-0.018995,0.999492,88.419685,420.289917,36.867893
520,5.200000,0.005836,-0.025686,-0.017430,0.999501,88.221451,420.274963,36.882797
521,5.210000,0.006038,-0.025572,-0.017781,0.999497,88.044930,420.254578,36.899498
522,5.220000,0.006223,-0.025760,-0.017704,0.999492,87.867355,420.228149,36.902187
523,5.230000,0.006257,-0.025590,-0.017842,0.999494,87.740990,420.224335,36.903454
524,5.240000,0.006251,-0.025677,-0.017686,0.999494,87.594719,420.226501,36.894779
525,5.250000,0.006251,-0.025276,-0.018398,0.999492,87.452927,420.235962,36.876431
526,5.260000,0.006169,-0.025101,-0.018313,0.999498,87.315491,420.232910,36.855137
527,5.270000,0.006069,-0.024969,-0.018263,0.999503,87.205299,420.222961,36.827820
528,5.280000,0.006045,-0.025579,-0.017563,0.999500,87.056755,420.196075,36.797203
529,5.290000,0.006062,-0.025914,-0.017186,0.999498,86.923279,420.177948,36.774593
530,5.300000,0.006081,-0.025908,-0.017165,0.999498,86.807709,420.169250,36.767403
531,5.310000,0.006075,-0.025948,-0.016991,0.999501,86.697235,420.160522,36.767925
532,5.320000,0.006059,-0.025885,-0.017094,0.999500,86.590454,420.153168,36.769478
533,5.330000,0.005976,-0.026197,-0.016332,0.999506,86.486671,420.147827,36.772514
534,5.340000,0.005932,-0.026029,-0.016311,0.999511,86.408157,420.150482,36.772736
535,5.350000,0.005915,-0.026340,-0.015932,0.999509,86.316093,420.139954,36.771301
536,5.360000,0.005953,-0.026332,-0.015885,0.999509,86.265381,420.134888,36.777767
537,5.370000,0.006059,-0.026268,-0.015925,0.999510,86.236725,420.132904,36.796356
538,5.380000,0.006117,-0.026214,-0.016041,0.999509,86.229706,420.130585,36.814053
539,5.390000,0.006150,-0.026198,-0.016003,0.999510,86.233994,420.124451,36.815781
540,5.400000,0.006122,-0.026198,-0.015943,0.999511,86.240189,420.121918,36.806583
541,5.410000,0.006062,-0.026302,-0.015802,0.999511,86.246170,420.120117,36.791897
542,5.420000,0.006036,-0.026309,-0.015739,0.999512,86.253281,420.117249,36.786858
543,5.430000,0.006026,-0.026252,-0.015820,0.999512,86.263138,420.113617,36.787655
544,5.440000,0.006052,-0.026201,-0.015780,0.999514,86.262238,420.111877,36.794006
545,5.450000,0.006100,-0.026124,-0.015897,0.999514,86.266441,420.106842,36.807934
546,5.460000,0.006225,-0.026243,-0.015910,0.999510,86.262123,420.097992,36.824944
547,5.470000,0.006323,-0.026318,-0.015868,0.999508,86.255249,420.089905,36.833889
548,5.480000,0.006347,-0.026347,-0.015887,0.999506,86.242874,420.087189,36.839550
549,5.490000,0.006352,-0.026325,-0.015844,0.999508,86.235687,420.080627,36.840263
550,5.500000,0.006330,-0.026282,-0.015838,0.999509,86.231735,420.080475,36.842384
551,5.510000,0.006331,-0.026260,-0.015825,0.999510,86.231972,420.080811,36.846756
552,5.520000,0.006350,-0.026272,-0.015769,0.999510,86.231514,420.078979,36.849438
553,5.530000,0.006388,-0.026323,-0.015692,0.999510,86.231850,420.077118,36.852161
554,5.540000,0.006573,-0.026050,-0.016382,0.999505,86.228783,420.068176,36.851437
555,5.550000,0.006577,-0.026067,-0.016318,0.999505,86.222786,420.061829,36.845409
556,5.560000,0.006557,-0.026064,-0.016279,0.999506,86.212524,420.057861,36.837826
557,5.570000,0.006526,-0.026021,-0.016182,0.999509,86.202942,420.056274,36.827881
558,5.580000,0.006413,-0.025923,-0.016184,0.999512,86.182976,420.058075,36.812817
559,5.590000,0.006161,-0.026310,-0.015332,0.999517,86.161331,420.060638,36.791664
560,5.600000,0.006013,-0.026236,-0.015214,0.999522,86.149223,420.066528,36.778690
561,5.610000,0.005976,-0.026265,-0.015290,0.999520,86.136559,420.071442,36.773628
562,5.620000,0.005947,-0.026400,-0.015235,0.999518,86.131897,420.070801,36.765610
563,5.630000,0.005946,-0.026398,-0.015285,0.999517,86.133041,420.071747,36.766739
564,5.640000,0.005985,-0.026277,-0.015397,0.999518,86.134766,420.073883,36.777630
565,5.650000,0.006034,-0.026391,-0.015346,0.999516,86.135834,420.074097,36.792377
566,5.660000,0.006081,-0.026275,-0.015601,0.999515,86.137047,420.073883,36.815685
567,5.670000,0.006102,-0.026283,-0.015594,0.999514,86.135269,420.074677,36.822315
568,5.680000,0.006095,-0.026375,-0.015490,0.999514,86.122948,420.075714,36.817417
569,5.690000,0.006050,-0.026348,-0.015579,0.999513,86.120728,420.076843,36.805397
570,5.700000,0.006001,-0.026453,-0.015433,0.999513,86.104553,420.077637,36.791237
571,5.710000,0.005924,-0.026443,-0.015454,0.999513,86.098000,420.083618,36.773212
572,5.720000,0.005876,-0.026611,-0.015141,0.999514,86.092537,420.087036,36.753963
573,5.730000,0.005823,-0.026664,-0.015071,0.999514,86.091278,420.090485,36.739674
574,5.740000,0.005786,-0.026725,-0.015012,0.999513,86.091827,420.092773,36.729733
575,5.750000,0.005746,-0.026749,-0.015006,0.999513,86.094093,420.092163,36.721188
576,5.760000,0.005743,-0.026744,-0.014971,0.999514,86.099815,420.092133,36.714092
577,5.770000,0.005687,-0.026852,-0.014921,0.999512,86.093796,420.098602,36.711742
578,5.780000,0.005684,-0.026862,-0.014864,0.999513,86.103622,420.102020,36.704498
579,5.790000,0.005672,-0.026938,-0.014789,0.999512,86.111679,420.104645,36.696339
580,5.800000,0.005640,-0.026662,-0.015160,0.999514,86.149399,420.115906,36.687897
581,5.810000,0.005630,-0.026717,-0.015098,0.999513,86.158913,420.119934,36.685436
582,5.820000,0.005611,-0.026723,-0.015102,0.999513,86.168869,420.122406,36.686615
583,5.830000,0.005603,-0.026712,-0.015103,0.999513,86.177505,420.125031,36.689213
584,5.840000,0.005601,-0.026700,-0.015121,0.999513,86.185837,420.128876,36.690208
585,5.850000,0.005585,-0.026690,-0.015215,0.999512,86.196541,420.137512,36.686001
586,5.860000,0.005569,-0.026712,-0.015251,0.999511,86.204163,420.152313,36.679192
587,5.870000,0.005557,-0.026799,-0.015290,0.999509,86.208557,420.169312,36.670010
588,5.880000,0.005555,-0.026781,-0.015366,0.999508,86.211182,420.184509,36.665112
589,5.890000,0.005544,-0.026827,-0.015424,0.999506,86.213028,420.191620,36.662220
590,5.900000,0.005595,-0.026860,-0.015419,0.999505,86.210350,420.195587,36.672581
591,5.910000,0.005632,-0.026845,-0.015380,0.999506,86.202194,420.198944,36.690342
592,5.920000,0.005659,-0.027303,-0.014927,0.999500,86.186554,420.192871,36.705994
593,5.930000,0.005664,-0.026925,-0.015218,0.999506,86.218033,420.206940,36.715683
594,5.940000,0.005589,-0.026901,-0.015195,0.999507,86.246696,420.217407,36.714222
595,5.950000,0.005550,-0.026765,-0.015317,0.999509,86.294243,420.238892,36.712238
596,5.960000,0.005465,-0.026891,-0.015083,0.999510,86.329269,420.262909,36.699509
597,5.970000,0.005371,-0.026954,-0.014998,0.999510,86.383331,420.286316,36.690945
598,5.980000,0.005278,-0.026781,-0.015119,0.999513,86.452324,420.310425,36.691643
599,5.990000,0.005226,-0.026777,-0.015183,0.999513,86.520798,420.318817,36.696053
600,6.000000,0.005213,-0.026691,-0.015264,0.999514,86.597015,420.312805,36.700706
601,6.010000,0.005093,-0.026974,-0.014543,0.999517,86.692093,420.314117,36.705570
602,6.020000,0.005109,-0.027104,-0.014428,0.999516,86.805992,420.307068,36.710060
603,6.030000,0.005234,-0.026526,-0.015572,0.999513,86.954712,420.305237,36.722328
604,6.040000,0.005227,-0.026345,-0.015891,0.999513,87.133636,420.297760,36.730694
605,6.050000,0.005179,-0.026445,-0.015745,0.999513,87.325150,420.300964,36.745197
606,6.060000,0.005161,-0.026690,-0.015176,0.999515,87.555992,420.308167,36.755482
607,6.070000,0.005015,-0.027527,-0.013623,0.999516,87.830032,420.324432,36.774353
608,6.080000,0.004963,-0.027089,-0.014203,0.999520,88.164574,420.363068,36.794811
609,6.090000,0.004942,-0.026678,-0.015027,0.999519,88.535423,420.396057,36.811329
610,6.100000,0.005081,-0.026495,-0.015473,0.999516,88.868011,420.394470,36.831749
611,6.110000,0.005052,-0.026269,-0.015523,0.999522,89.219345,420.400269,36.864128
612,6.120000,0.004970,-0.026634,-0.014833,0.999523,89.566971,420.388428,36.890114
613,6.130000,0.005360,-0.028784,-0.012745,0.999490,89.790817,420.299561,36.870487
614,6.140000,0.005479,-0.028854,-0.012807,0.999487,90.159599,420.292206,36.894230
615,6.150000,0.005474,-0.028796,-0.013075,0.999485,90.539909,420.312164,36.916374
616,6.160000,0.005250,-0.028880,-0.012296,0.999493,90.952942,420.351929,36.949753
617,6.170000,0.005249,-0.029097,-0.012242,0.999488,91.348778,420.382812,36.973373
618,6.180000,0.005392,-0.029122,-0.012605,0.999482,91.785187,420.394043,36.995556
619,6.190000,0.005458,-0.028570,-0.013523,0.999485,92.240814,420.403198,37.028702
620,6.200000,0.005360,-0.029112,-0.012568,0.999483,92.735962,420.406464,37.063377
621,6.210000,0.005119,-0.026811,-0.015166,0.999512,93.347733,420.499146,37.138435
622,6.220000,0.005164,-0.026400,-0.015610,0.999516,93.921425,420.525604,37.200401
623,6.230000,0.005111,-0.027029,-0.014532,0.999516,94.436409,420.527100,37.242630
624,6.240000,0.005094,-0.026689,-0.015156,0.999516,95.015091,420.550568,37.269798
625,6.250000,0.005110,-0.026806,-0.015426,0.999509,95.610619,420.570709,37.278332
626,6.260000,0.005067,-0.026697,-0.015313,0.999514,96.244408,420.597656,37.323406
627,6.270000,0.004962,-0.026679,-0.015491,0.999512,96.882530,420.644257,37.360912
628,6.280000,0.004883,-0.027716,-0.013983,0.999506,97.480614,420.648956,37.368961
629,6.290000,0.006180,-0.023673,-0.022970,0.999437,98.192406,420.668152,37.395428
630,6.300000,0.005003,-0.027038,-0.015183,0.999507,98.901764,420.670502,37.438251
631,6.310000,0.004905,-0.027873,-0.014089,0.999500,99.580971,420.662476,37.466644
632,6.320000,0.004859,-0.027752,-0.014141,0.999503,100.328156,420.682831,37.513966
633,6.330000,0.004967,-0.027579,-0.014826,0.999497,101.111954,420.708130,37.546329
634,6.340000,0.004981,-0.027263,-0.015209,0.999500,101.906738,420.736328,37.620644
635,6.350000,0.005110,-0.027585,-0.014995,0.999494,102.672211,420.759064,37.664219
636,6.360000,0.006371,-0.024231,-0.023100,0.999419,103.453194,420.781891,37.702099
637,6.370000,0.006435,-0.023362,-0.024620,0.999403,104.265404,420.812500,37.766922
638,6.380000,0.005331,-0.027019,-0.015889,0.999494,105.021385,420.798920,37.845253
639,6.390000,0.005201,-0.028003,-0.014297,0.999492,105.827415,420.793518,37.899776
640,6.400000,0.005211,-0.027915,-0.014628,0.999490,106.627266,420.779510,37.955162
641,6.410000,0.006480,-0.024056,-0.022795,0.999430,107.456421,420.778900,38.002502
642,6.420000,0.005422,-0.027931,-0.014586,0.999489,108.232155,420.771179,38.063320
643,6.430000,0.006608,-0.024027,-0.023080,0.999423,109.119156,420.792328,38.116146
644,6.440000,0.005385,-0.027585,-0.015535,0.999484,109.961403,420.812897,38.164913
645,6.450000,0.005234,-0.028359,-0.013968,0.999487,110.801086,420.831512,38.179893
646,6.460000,0.005088,-0.028403,-0.013748,0.999489,111.627907,420.866180,38.218792
647,6.470000,0.005106,-0.028343,-0.013763,0.999490,112.491325,420.873535,38.268299
648,6.480000,0.006399,-0.024464,-0.022787,0.999421,113.376343,420.890625,38.313984
649,6.490000,0.005190,-0.027986,-0.014585,0.999488,114.227036,420.879700,38.382168
650,6.500000,0.005123,-0.028796,-0.013001,0.999488,115.083397,420.861450,38.442509
651,6.510000,0.006479,-0.024488,-0.022660,0.999422,115.951141,420.875061,38.485001
652,6.520000,0.005200,-0.027917,-0.014494,0.999492,116.860962,420.886597,38.551907
653,6.530000,0.005129,-0.028619,-0.013705,0.999483,117.696198,420.918793,38.589821
654,6.540000,0.006466,-0.024201,-0.023030,0.999421,118.583969,420.945679,38.626068
655,6.550000,0.005053,-0.028258,-0.014072,0.999489,119.460106,420.972015,38.680992
656,6.560000,0.006622,-0.023659,-0.024242,0.999404,120.353577,420.986115,38.718578
657,6.570000,0.006619,-0.023555,-0.024489,0.999401,121.190216,420.982513,38.795029
658,6.580000,0.005211,-0.027788,-0.014738,0.999492,122.011360,420.966827,38.877872
659,6.590000,0.006715,-0.024263,-0.023451,0.999408,122.859200,420.951050,38.915539
660,6.600000,0.006802,-0.023759,-0.024223,0.999401,123.724525,420.948242,38.960865
661,6.610000,0.005162,-0.027858,-0.014714,0.999490,124.557549,420.972473,39.032238
662,6.620000,0.006680,-0.024349,-0.023297,0.999410,125.428604,420.990814,39.060322
663,6.630000,0.006713,-0.023942,-0.024392,0.999393,126.294060,421.016632,39.093620
664,6.640000,0.005101,-0.027811,-0.015033,0.999487,127.153816,421.044769,39.156887
665,6.650000,0.006689,-0.024391,-0.023943,0.999393,127.966377,421.045013,39.179279
666,6.660000,0.005172,-0.027787,-0.015276,0.999484,128.808945,421.065063,39.254528
667,6.670000,0.004873,-0.028967,-0.013220,0.999481,129.584839,421.068787,39.284676
668,6.680000,0.004968,-0.029132,-0.012822,0.999481,130.365982,421.054474,39.350636
669,6.690000,0.004854,-0.028855,-0.012972,0.999488,131.150589,421.083313,39.432812
670,6.700000,0.006583,-0.024521,-0.023026,0.999413,131.930283,421.067047,39.468254
671,6.710000,0.005257,-0.028626,-0.014287,0.999474,132.648056,421.058441,39.512314
672,6.720000,0.004987,-0.029306,-0.012887,0.999475,133.349045,421.074890,39.549328
673,6.730000,0.004883,-0.029087,-0.012656,0.999485,134.051682,421.084747,39.592140
674,6.740000,0.006473,-0.024515,-0.022941,0.999415,134.707520,421.102814,39.600807
675,6.750000,0.004836,-0.029070,-0.013013,0.999481,135.293396,421.118225,39.619671
676,6.760000,0.004735,-0.029115,-0.012788,0.999483,135.880386,421.131805,39.653294
677,6.770000,0.004751,-0.028810,-0.013250,0.999486,136.437149,421.144470,39.707699
678,6.780000,0.004799,-0.029353,-0.012326,0.999482,136.928406,421.120422,39.737129
679,6.790000,0.004867,-0.028507,-0.013758,0.999487,137.443375,421.119293,39.791145
680,6.800000,0.004917,-0.029388,-0.012423,0.999479,137.887177,421.096588,39.809853
681,6.810000,0.004920,-0.028898,-0.013158,0.999484,138.361237,421.114899,39.851265
682,6.820000,0.006601,-0.024961,-0.022598,0.999411,138.828583,421.108612,39.857807
683,6.830000,0.005075,-0.028772,-0.013531,0.999482,139.308365,421.142670,39.915558
684,6.840000,0.004980,-0.029225,-0.013045,0.999475,139.744843,421.161713,39.949604
685,6.850000,0.006640,-0.024808,-0.023035,0.999405,140.196030,421.166504,39.966141
686,6.860000,0.006201,-0.025625,-0.020398,0.999444,140.667068,421.156281,40.027718
687,6.870000,0.005149,-0.028717,-0.013577,0.999482,141.090561,421.159576,40.064087
688,6.880000,0.006660,-0.024881,-0.022756,0.999409,141.526276,421.150116,40.068859
689,6.890000,0.006224,-0.026146,-0.019726,0.999444,141.993332,421.144226,40.107594
690,6.900000,0.005082,-0.028900,-0.013446,0.999479,142.449692,421.180206,40.136166
691,6.910000,0.006557,-0.024688,-0.023243,0.999403,142.902634,421.192627,40.125656
692,6.920000,0.006070,-0.025823,-0.020205,0.999444,143.378677,421.207794,40.141167
693,6.930000,0.004945,-0.028391,-0.014012,0.999487,143.810684,421.230530,40.181637
694,6.940000,0.006524,-0.024707,-0.023044,0.999408,144.260178,421.231873,40.173740
695,6.950000,0.006037,-0.025754,-0.020306,0.999444,144.736816,421.246887,40.216812
696,6.960000,0.006699,-0.024446,-0.023921,0.999392,145.181366,421.252136,40.242653
697,6.970000,0.005198,-0.028754,-0.013992,0.999475,145.636108,421.252838,40.309582
698,6.980000,0.004921,-0.029466,-0.012808,0.999472,146.118851,421.274261,40.346035
699,6.990000,0.006741,-0.024537,-0.023591,0.999398,146.623047,421.256836,40.361813
700,7.000000,0.006187,-0.025897,-0.020317,0.999439,147.128937,421.268494,40.393337
701,7.010000,0.006671,-0.024283,-0.024087,0.999393,147.606720,421.286774,40.400269
702,7.020000,0.006820,-0.023814,-0.025194,0.999376,148.102753,421.302155,40.415203
703,7.030000,0.005012,-0.028816,-0.013717,0.999478,148.559082,421.321259,40.447586
704,7.040000,0.006674,-0.024332,-0.024516,0.999381,149.023773,421.330505,40.466137
705,7.050000,0.006880,-0.023920,-0.025069,0.999376,149.500656,421.314117,40.513565
706,7.060000,0.005091,-0.028788,-0.013997,0.999475,149.938751,421.316986,40.579021
707,7.070000,0.006870,-0.024452,-0.024463,0.999378,150.374847,421.299194,40.583363
708,7.080000,0.006209,-0.025947,-0.020294,0.999438,150.854736,421.293121,40.634731
709,7.090000,0.006764,-0.024559,-0.023795,0.999392,151.274490,421.306824,40.643639
710,7.100000,0.006875,-0.024120,-0.024906,0.999375,151.727112,421.325531,40.660980
711,7.110000,0.005067,-0.029064,-0.013768,0.999470,152.140625,421.342041,40.680305
712,7.120000,0.006583,-0.024379,-0.023795,0.999398,152.596039,421.371094,40.682854
713,7.130000,0.006837,-0.023790,-0.025410,0.999371,153.010010,421.381409,40.708275
714,7.140000,0.005003,-0.028867,-0.014262,0.999469,153.400940,421.397400,40.762733
715,7.150000,0.006809,-0.024239,-0.025023,0.999370,153.806793,421.381836,40.767075
716,7.160000,0.006831,-0.023669,-0.025576,0.999369,154.243790,421.374786,40.819389
717,7.170000,0.005155,-0.028571,-0.014501,0.999473,154.634842,421.376190,40.866688
718,7.180000,0.006865,-0.024365,-0.024682,0.999375,155.052353,421.363739,40.865463
719,7.190000,0.007033,-0.023697,-0.025629,0.999366,155.461639,421.365112,40.884800
720,7.200000,0.006016,-0.026037,-0.020038,0.999442,155.883926,421.374207,40.914871
721,7.210000,0.006666,-0.024385,-0.024317,0.999385,156.267349,421.386139,40.905251
722,7.220000,0.006611,-0.024024,-0.024952,0.999378,156.662964,421.400391,40.919056
723,7.230000,0.004845,-0.028746,-0.014019,0.999477,157.013916,421.409821,40.951382
724,7.240000,0.006669,-0.024230,-0.024540,0.999383,157.369446,421.403076,40.957363
725,7.250000,0.006785,-0.023723,-0.025443,0.999372,157.718506,421.414337,41.002563
726,7.260000,0.006946,-0.024257,-0.024953,0.999370,157.999313,421.400177,41.024399
727,7.270000,0.005920,-0.026577,-0.019351,0.999442,158.331375,421.416229,41.066525
728,7.280000,0.006752,-0.024190,-0.025019,0.999372,158.621628,421.426727,41.058777
729,7.290000,0.006790,-0.024387,-0.024890,0.999370,158.902725,421.425415,41.070530
730,7.300000,0.006830,-0.024369,-0.024930,0.999369,159.211853,421.432831,41.083054
731,7.310000,0.005991,-0.026385,-0.019667,0.999440,159.524689,421.445129,41.110367
732,7.320000,0.006623,-0.024328,-0.024561,0.999380,159.834290,421.460938,41.127987
733,7.330000,0.006732,-0.023874,-0.025392,0.999370,160.128036,421.469513,41.145100
734,7.340000,0.007001,-0.023722,-0.025877,0.999359,160.397278,421.514679,41.099159
735,7.350000,0.006917,-0.023716,-0.025672,0.999365,160.663239,421.607666,41.056194
736,7.360000,0.006969,-0.023854,-0.025860,0.999357,160.909836,421.613525,41.060211
737,7.370000,0.006974,-0.024176,-0.025345,0.999362,161.105209,421.604797,41.050598
738,7.380000,0.006925,-0.023835,-0.025692,0.999362,161.320816,421.609192,41.046379
739,7.390000,0.006798,-0.023614,-0.025680,0.999368,161.506577,421.606323,41.065269
740,7.400000,0.006778,-0.023831,-0.025485,0.999368,161.619446,421.607239,41.067299
741,7.410000,0.006796,-0.023838,-0.025515,0.999367,161.711945,421.607025,41.060940
742,7.420000,0.006802,-0.023803,-0.025707,0.999363,161.767014,421.611359,41.059551
743,7.430000,0.006830,-0.023800,-0.025768,0.999361,161.787323,421.602448,41.062176
744,7.440000,0.006814,-0.023802,-0.025738,0.999362,161.785629,421.595856,41.063015
745,7.450000,0.006740,-0.023808,-0.025723,0.999363,161.769913,421.591278,41.047424
746,7.460000,0.006676,-0.024088,-0.025417,0.999364,161.725967,421.576630,41.029655
747,7.470000,0.006542,-0.024103,-0.025280,0.999368,161.696701,421.575104,41.013699
748,7.480000,0.006473,-0.024178,-0.025040,0.999373,161.656891,421.563751,41.000565
749,7.490000,0.006438,-0.024097,-0.025109,0.999374,161.625153,421.558044,40.993671
750,7.500000,0.006415,-0.024403,-0.024781,0.999374,161.574768,421.548737,40.979919
751,7.510000,0.006395,-0.024484,-0.024791,0.999372,161.530807,421.543365,40.963943
752,7.520000,0.006253,-0.024494,-0.024736,0.999374,161.497253,421.545044,40.943844
753,7.530000,0.006081,-0.024418,-0.024762,0.999377,161.464127,421.538483,40.917522
754,7.540000,0.005865,-0.024229,-0.024787,0.999382,161.426361,421.537567,40.885303
755,7.550000,0.005694,-0.024236,-0.024702,0.999385,161.396530,421.542725,40.856472
756,7.560000,0.005640,-0.024200,-0.024665,0.999387,161.377151,421.543427,40.844322
757,7.570000,0.005679,-0.024208,-0.024643,0.999387,161.370956,421.542877,40.847897
758,7.580000,0.005683,-0.024200,-0.024627,0.999388,161.376404,421.543640,40.850559
759,7.590000,0.005686,-0.024266,-0.024632,0.999386,161.386337,421.545563,40.845222
760,7.600000,0.005675,-0.024290,-0.024658,0.999385,161.405151,421.548798,40.843487
761,7.610000,0.005709,-0.024247,-0.024726,0.999384,161.430252,421.548828,40.853954
762,7.620000,0.005758,-0.024259,-0.024796,0.999382,161.453171,421.549377,40.863171
763,7.630000,0.005730,-0.024344,-0.024737,0.999381,161.461670,421.554413,40.857639
764,7.640000,0.005680,-0.024367,-0.024698,0.999382,161.460022,421.562134,40.846951
765,7.650000,0.005675,-0.024313,-0.024693,0.999383,161.449768,421.562073,40.844574
766,7.660000,0.005692,-0.024274,-0.024693,0.999384,161.426865,421.556488,40.845097
767,7.670000,0.005671,-0.024282,-0.024646,0.999385,161.403168,421.549683,40.840981
768,7.680000,0.005674,-0.024255,-0.024643,0.999386,161.380829,421.540863,40.843651
769,7.690000,0.005730,-0.024146,-0.024743,0.999386,161.373688,421.530853,40.859303
770,7.700000,0.005755,-0.024164,-0.024721,0.999386,161.373886,421.528809,40.868832
771,7.710000,0.005723,-0.024240,-0.024644,0.999386,161.375839,421.532928,40.864548
772,7.720000,0.005689,-0.024281,-0.024634,0.999385,161.388260,421.541534,40.850739
773,7.730000,0.005651,-0.024295,-0.024614,0.999386,161.403885,421.550476,40.839912
774,7.740000,0.005648,-0.024261,-0.024672,0.999385,161.420059,421.553741,40.836185
775,7.750000,0.005657,-0.024262,-0.024689,0.999385,161.427338,421.552734,40.838799
776,7.760000,0.005681,-0.024228,-0.024741,0.999384,161.432281,421.549774,40.846363
777,7.770000,0.005693,-0.024281,-0.024684,0.999384,161.424881,421.547607,40.855820
778,7.780000,0.005739,-0.024254,-0.024721,0.999384,161.419952,421.542542,40.863026
779,7.790000,0.005729,-0.024274,-0.024692,0.999384,161.411346,421.543091,40.857574
780,7.800000,0.005692,-0.024320,-0.024636,0.999384,161.398712,421.545410,40.847294
781,7.810000,0.005668,-0.024268,-0.024668,0.999385,161.397049,421.546509,40.841053
782,7.820000,0.005663,-0.024249,-0.024668,0.999386,161.399796,421.547211,40.841660
783,7.830000,0.005663,-0.024246,-0.024671,0.999386,161.404312,421.545959,40.844143
784,7.840000,0.005670,-0.024265,-0.024662,0.999385,161.410263,421.546326,40.846867
785,7.850000,0.005676,-0.024280,-0.024670,0.999385,161.412933,421.546417,40.851135
786,7.860000,0.005689,-0.024302,-0.024633,0.999385,161.412308,421.545837,40.852821
787,7.870000,0.005688,-0.024301,-0.024637,0.999385,161.406128,421.544159,40.850933
788,7.880000,0.005674,-0.024263,-0.024666,0.999385,161.395584,421.541901,40.847160
789,7.890000,0.005670,-0.024216,-0.024684,0.999386,161.387680,421.541138,40.845581
790,7.900000,0.005673,-0.024200,-0.024682,0.999386,161.382462,421.540161,40.846252
791,7.910000,0.005667,-0.024221,-0.024677,0.999386,161.383224,421.542572,40.845406
792,7.920000,0.005670,-0.024252,-0.024644,0.999386,161.386215,421.542480,40.846226
793,7.930000,0.005687,-0.024276,-0.024653,0.999385,161.396545,421.542480,40.849289
794,7.940000,0.005712,-0.024209,-0.024753,0.999384,161.415802,421.540955,40.855072
795,7.950000,0.005713,-0.024199,-0.024795,0.999383,161.430222,421.544739,40.854221
796,7.960000,0.005682,-0.024279,-0.024734,0.999383,161.438370,421.552643,40.848568
797,7.970000,0.005656,-0.024297,-0.024696,0.999384,161.439056,421.557007,40.842503
798,7.980000,0.005651,-0.024291,-0.024668,0.999385,161.430878,421.556793,40.838478
799,7.990000,0.005653,-0.024279,-0.024659,0.999385,161.415833,421.550842,40.838310
800,8.000000,0.005673,-0.024269,-0.024653,0.999385,161.395844,421.542480,40.843361
801,8.010000,0.005704,-0.024148,-0.024748,0.999386,161.386017,421.536652,40.852753
802,8.020000,0.005701,-0.024216,-0.024673,0.999386,161.372818,421.534424,40.856918
803,8.030000,0.005696,-0.024244,-0.024648,0.999386,161.366959,421.533722,40.856335
804,8.040000,0.005670,-0.024239,-0.024623,0.999387,161.369354,421.535400,40.851135
805,8.050000,0.005659,-0.024229,-0.024632,0.999387,161.379654,421.539551,40.844189
806,8.060000,0.005650,-0.024235,-0.024658,0.999386,161.396042,421.544891,40.838608
807,8.070000,0.005649,-0.024234,-0.024699,0.999385,161.411758,421.548767,40.838051
808,8.080000,0.005664,-0.024279,-0.024683,0.999385,161.423004,421.550476,40.843758
809,8.090000,0.005702,-0.024235,-0.024748,0.999384,161.433075,421.548981,40.851994
810,8.100000,0.005695,-0.024311,-0.024689,0.999383,161.428986,421.548889,40.853142
811,8.110000,0.005690,-0.024320,-0.024666,0.999384,161.419662,421.548462,40.850647
812,8.120000,0.005679,-0.024295,-0.024652,0.999385,161.408401,421.546326,40.846703
813,8.130000,0.005666,-0.024262,-0.024660,0.999385,161.395508,421.542480,40.841469
814,8.140000,0.005661,-0.024280,-0.024653,0.999385,161.389832,421.542908,40.839165
815,8.150000,0.005659,-0.024233,-0.024665,0.999386,161.387558,421.542999,40.842175
816,8.160000,0.005669,-0.024220,-0.024694,0.999386,161.390259,421.543976,40.847092
817,8.170000,0.005674,-0.024247,-0.024669,0.999385,161.393463,421.541870,40.849998
818,8.180000,0.005673,-0.024260,-0.024673,0.999385,161.397903,421.541199,40.849297
819,8.190000,0.005663,-0.024278,-0.024652,0.999385,161.402115,421.542694,40.845760
820,8.200000,0.005652,-0.024246,-0.024684,0.999385,161.404755,421.544525,40.842999
821,8.210000,0.005650,-0.024229,-0.024687,0.999386,161.404312,421.547089,40.841446
822,8.220000,0.005652,-0.024224,-0.024687,0.999386,161.398392,421.545746,40.841431
823,8.230000,0.005660,-0.024217,-0.024689,0.999386,161.392059,421.543488,40.843052
824,8.240000,0.005668,-0.024226,-0.024677,0.999386,161.388443,421.541290,40.845764
825,8.250000,0.005674,-0.024319,-0.024627,0.999385,161.388092,421.540009,40.846111
826,8.260000,0.005682,-0.024212,-0.024727,0.999385,161.396973,421.540039,40.849453
827,8.270000,0.005674,-0.024251,-0.024701,0.999385,161.401352,421.542297,40.848606
828,8.280000,0.005676,-0.024248,-0.024716,0.999384,161.410202,421.545227,40.847027
829,8.290000,0.005665,-0.024266,-0.024679,0.999385,161.418243,421.549225,40.843369
830,8.300000,0.005648,-0.024262,-0.024701,0.999385,161.423294,421.553192,40.839020
831,8.310000,0.005638,-0.024280,-0.024658,0.999385,161.422165,421.553406,40.837524
832,8.320000,0.005643,-0.024277,-0.024648,0.999385,161.414764,421.549774,40.840019
833,8.330000,0.005653,-0.024265,-0.024643,0.999386,161.400360,421.541840,40.844604
834,8.340000,0.005666,-0.024246,-0.024657,0.999386,161.386948,421.538513,40.849113
835,8.350000,0.005667,-0.024224,-0.024668,0.999386,161.377487,421.538422,40.850765
836,8.360000,0.005658,-0.024241,-0.024638,0.999387,161.370636,421.539093,40.847408
837,8.370000,0.005645,-0.024266,-0.024591,0.999387,161.369049,421.539490,40.841240
838,8.380000,0.005638,-0.024249,-0.024597,0.999388,161.373688,421.539764,40.838467
839,8.390000,0.005641,-0.024263,-0.024583,0.999387,161.387543,421.542419,40.838818
840,8.400000,0.005651,-0.024286,-0.024618,0.999386,161.402313,421.544678,40.842743
841,8.410000,0.005658,-0.024301,-0.024635,0.999385,161.417114,421.548737,40.846226
842,8.420000,0.005666,-0.024324,-0.024630,0.999385,161.425812,421.551361,40.847866
843,8.430000,0.005659,-0.024353,-0.024623,0.999384,161.428406,421.551514,40.846268
844,8.440000,0.005654,-0.024357,-0.024603,0.999385,161.423019,421.551270,40.842033
845,8.450000,0.005646,-0.024299,-0.024638,0.999385,161.411667,421.549805,40.838764
846,8.460000,0.005646,-0.024339,-0.024593,0.999385,161.399124,421.546417,40.836964
847,8.470000,0.005655,-0.024254,-0.024653,0.999386,161.386734,421.542725,40.841595
848,8.480000,0.005662,-0.024237,-0.024662,0.999386,161.380707,421.539856,40.845207
849,8.490000,0.005658,-0.024261,-0.024620,0.999386,161.377487,421.539185,40.847492
850,8.500000,0.005659,-0.024271,-0.024611,0.999386,161.378723,421.538727,40.847137
851,8.510000,0.005647,-0.024276,-0.024596,0.999387,161.383728,421.539673,40.844070
852,8.520000,0.005637,-0.024273,-0.024594,0.999387,161.391556,421.542358,40.840977
853,8.530000,0.005634,-0.024259,-0.024648,0.999386,161.401001,421.544952,40.838341
854,8.540000,0.005632,-0.024269,-0.024630,0.999386,161.405243,421.547241,40.838612
855,8.550000,0.005637,-0.024273,-0.024634,0.999386,161.406891,421.548767,40.840008
856,8.560000,0.005648,-0.024297,-0.024610,0.999386,161.403305,421.546478,40.841827
857,8.570000,0.005652,-0.024291,-0.024636,0.999385,161.396698,421.543030,40.844017
858,8.580000,0.005658,-0.024359,-0.024579,0.999385,161.393646,421.540985,40.844769
859,8.590000,0.005655,-0.024384,-0.024557,0.999385,161.392349,421.541626,40.844055
860,8.600000,0.005658,-0.024279,-0.024654,0.999385,161.396088,421.543793,40.844250
861,8.610000,0.005653,-0.024260,-0.024656,0.999386,161.399780,421.545471,40.841969
862,8.620000,0.005643,-0.024286,-0.024609,0.999386,161.403259,421.547607,40.839188
863,8.630000,0.005637,-0.024285,-0.024627,0.999386,161.407196,421.547882,40.837780
864,8.640000,0.005639,-0.024301,-0.024622,0.999386,161.407959,421.548431,40.838512
865,8.650000,0.005641,-0.024307,-0.024600,0.999386,161.405945,421.546783,40.841202
866,8.660000,0.005641,-0.024272,-0.024635,0.999386,161.399033,421.543335,40.844082
867,8.670000,0.005643,-0.024251,-0.024635,0.999386,161.390991,421.540649,40.844849
868,8.680000,0.005644,-0.024235,-0.024645,0.999387,161.382080,421.540466,40.843128
869,8.690000,0.005629,-0.024238,-0.024612,0.999387,161.375168,421.540497,40.840233
870,8.700000,0.005628,-0.024247,-0.024606,0.999387,161.373520,421.540588,40.837910
871,8.710000,0.005636,-0.024245,-0.024625,0.999387,161.378403,421.540833,40.839546
872,8.720000,0.005646,-0.024272,-0.024620,0.999386,161.387482,421.540924,40.842220
873,8.730000,0.005655,-0.024267,-0.024660,0.999385,161.400497,421.543823,40.845528
874,8.740000,0.005655,-0.024294,-0.024652,0.999385,161.412094,421.547638,40.845531
875,8.750000,0.005648,-0.024327,-0.024632,0.999385,161.420288,421.550476,40.843712
876,8.760000,0.005642,-0.024320,-0.024635,0.999385,161.424316,421.551025,40.839855
877,8.770000,0.005628,-0.024309,-0.024624,0.999385,161.419098,421.549866,40.836655
878,8.780000,0.005626,-0.024298,-0.024614,0.999386,161.411377,421.549774,40.836449
879,8.790000,0.005636,-0.024278,-0.024614,0.999386,161.399139,421.546204,40.839138
880,8.800000,0.005643,-0.024252,-0.024637,0.999386,161.387329,421.542267,40.843075
881,8.810000,0.005650,-0.024249,-0.024626,0.999387,161.376526,421.538177,40.845951
882,8.820000,0.005649,-0.024247,-0.024612,0.999387,161.372574,421.537598,40.845333
883,8.830000,0.005638,-0.024250,-0.024614,0.999387,161.372421,421.538727,40.842899
884,8.840000,0.005628,-0.024261,-0.024593,0.999387,161.379013,421.541534,40.839447
885,8.850000,0.005622,-0.024260,-0.024587,0.999388,161.387665,421.543488,40.837471
886,8.860000,0.005621,-0.024267,-0.024617,0.999387,161.398270,421.544220,40.836796
887,8.870000,0.005628,-0.024271,-0.024625,0.999386,161.406631,421.547333,40.838985
888,8.880000,0.005638,-0.024298,-0.024632,0.999385,161.411209,421.549225,40.840588
889,8.890000,0.005646,-0.024327,-0.024613,0.999385,161.411102,421.549042,40.841827
890,8.900000,0.005649,-0.024336,-0.024592,0.999385,161.405289,421.546143,40.842602
891,8.910000,0.005648,-0.024293,-0.024630,0.999385,161.399551,421.543671,40.843212
892,8.920000,0.005647,-0.024357,-0.024579,0.999385,161.394791,421.543243,40.840134
893,8.930000,0.005638,-0.024244,-0.024677,0.999386,161.393082,421.545319,40.840359
894,8.940000,0.005640,-0.024267,-0.024635,0.999386,161.392258,421.546356,40.839531
895,8.950000,0.005636,-0.024290,-0.024594,0.999387,161.391830,421.544678,40.839207
896,8.960000,0.005634,-0.024289,-0.024601,0.999386,161.393753,421.542755,40.839306
897,8.970000,0.005636,-0.024272,-0.024630,0.999386,161.398102,421.544434,40.841400
898,8.980000,0.005638,-0.024265,-0.024651,0.999386,161.399948,421.545319,40.841877
899,8.990000,0.005632,-0.024255,-0.024657,0.999386,161.398895,421.545532,40.841724
900,9.000000,0.005633,-0.024262,-0.024638,0.999386,161.394470,421.544739,40.839905
901,9.010000,0.005631,-0.024263,-0.024618,0.999387,161.389343,421.543274,40.837894
902,9.020000,0.005625,-0.024252,-0.024605,0.999387,161.384125,421.542725,40.837532
903,9.030000,0.005629,-0.024251,-0.024622,0.999387,161.382233,421.542755,40.838589
904,9.040000,0.005639,-0.024257,-0.024632,0.999386,161.383148,421.542084,40.841106
905,9.050000,0.005644,-0.024260,-0.024639,0.999386,161.389145,421.540009,40.842793
906,9.060000,0.005653,-0.024268,-0.024649,0.999386,161.397263,421.541748,40.844627
907,9.070000,0.005646,-0.024294,-0.024634,0.999385,161.405029,421.546722,40.842728
908,9.080000,0.005640,-0.024300,-0.024638,0.999385,161.413345,421.550751,40.839214
909,9.090000,0.005634,-0.024285,-0.024661,0.999385,161.414932,421.550781,40.836632
910,9.100000,0.005633,-0.024277,-0.024638,0.999386,161.413666,421.549469,40.836044
911,9.110000,0.005633,-0.024276,-0.024632,0.999386,161.407837,421.546753,40.837498
912,9.120000,0.005638,-0.024281,-0.024631,0.999386,161.399551,421.544952,40.840786
913,9.130000,0.005637,-0.024271,-0.024633,0.999386,161.389130,421.543549,40.842587
914,9.140000,0.005638,-0.024255,-0.024619,0.999387,161.379318,421.540680,40.843536
915,9.150000,0.005636,-0.024256,-0.024614,0.999387,161.372360,421.538696,40.841965
916,9.160000,0.005627,-0.024250,-0.024597,0.999388,161.370850,421.536652,40.838970
917,9.170000,0.005620,-0.024311,-0.024549,0.999387,161.375320,421.539215,40.835674
918,9.180000,0.005623,-0.024242,-0.024643,0.999387,161.386002,421.543091,40.837421
919,9.190000,0.005624,-0.024252,-0.024634,0.999387,161.395660,421.545197,40.839066
920,9.200000,0.005635,-0.024262,-0.024646,0.999386,161.405014,421.546539,40.840500
921,9.210000,0.005639,-0.024294,-0.024637,0.999385,161.411102,421.547546,40.840771
922,9.220000,0.005639,-0.024296,-0.024640,0.999385,161.414307,421.549438,40.840866
923,9.230000,0.005638,-0.024310,-0.024620,0.999385,161.412338,421.549316,40.839375
924,9.240000,0.005634,-0.024333,-0.024616,0.999385,161.407654,421.547607,40.837795
925,9.250000,0.005633,-0.024277,-0.024632,0.999386,161.398575,421.545044,40.838829
926,9.260000,0.005635,-0.024248,-0.024651,0.999386,161.392242,421.544159,40.839481
927,9.270000,0.005631,-0.024331,-0.024576,0.999386,161.386826,421.543091,40.838200
928,9.280000,0.005632,-0.024276,-0.024612,0.999386,161.384750,421.542389,40.840233
929,9.290000,0.005632,-0.024283,-0.024589,0.999387,161.385696,421.541016,40.840939
930,9.300000,0.005632,-0.024306,-0.024564,0.999387,161.387207,421.540894,40.840412
931,9.310000,0.005628,-0.024286,-0.024596,0.999387,161.391251,421.541931,40.840729
932,9.320000,0.005625,-0.024273,-0.024616,0.999386,161.395416,421.544281,40.840290
933,9.330000,0.005619,-0.024280,-0.024593,0.999387,161.395294,421.545898,40.840012
934,9.340000,0.005622,-0.024297,-0.024578,0.999387,161.393509,421.545441,40.839790
935,9.350000,0.005622,-0.024307,-0.024552,0.999387,161.391403,421.543976,40.841660
936,9.360000,0.005635,-0.024284,-0.024626,0.999386,161.390930,421.543213,40.843098
937,9.370000,0.005646,-0.024295,-0.024634,0.999385,161.393631,421.543427,40.844769
938,9.380000,0.005640,-0.024342,-0.024608,0.999385,161.398239,421.544098,40.842960
939,9.390000,0.005639,-0.024310,-0.024630,0.999385,161.404190,421.544739,40.842205
940,9.400000,0.005635,-0.024318,-0.024617,0.999385,161.410934,421.548218,40.840389
941,9.410000,0.005627,-0.024352,-0.024587,0.999385,161.416199,421.550323,40.838196
942,9.420000,0.005625,-0.024356,-0.024573,0.999386,161.418793,421.551758,40.839825
943,9.430000,0.005634,-0.024347,-0.024577,0.999386,161.415390,421.548523,40.843147
944,9.440000,0.005637,-0.024332,-0.024604,0.999385,161.408661,421.544250,40.846088
945,9.450000,0.005631,-0.024327,-0.024558,0.999387,161.396378,421.541565,40.848331
946,9.460000,0.005628,-0.024390,-0.024479,0.999387,161.383621,421.542969,40.846970
947,9.470000,0.005617,-0.024366,-0.024479,0.999388,161.373398,421.542419,40.846478
948,9.480000,0.005627,-0.024318,-0.024532,0.999387,161.369278,421.537231,40.845997
949,9.490000,0.005641,-0.024285,-0.024571,0.999387,161.371918,421.537445,40.845856
950,9.500000,0.005618,-0.024376,-0.024435,0.999388,161.373825,421.536163,40.838619
951,9.510000,0.005611,-0.024332,-0.024560,0.999387,161.395935,421.542175,40.837849
952,9.520000,0.005618,-0.024386,-0.024527,0.999386,161.415024,421.550934,40.840942
953,9.530000,0.005619,-0.024446,-0.024500,0.999385,161.429199,421.556763,40.841885
954,9.540000,0.005630,-0.024463,-0.024496,0.999385,161.436920,421.555634,40.843826
955,9.550000,0.005635,-0.024409,-0.024551,0.999385,161.433884,421.553345,40.847485
956,9.560000,0.005651,-0.024480,-0.024484,0.999385,161.423676,421.548187,40.848888
957,9.570000,0.005643,-0.024384,-0.024562,0.999385,161.406479,421.544037,40.847599
958,9.580000,0.005626,-0.024367,-0.024539,0.999386,161.389053,421.543579,40.844784
959,9.590000,0.005627,-0.024383,-0.024463,0.999388,161.375443,421.542023,40.846821
960,9.600000,0.005629,-0.024400,-0.024428,0.999388,161.368820,421.539307,40.847466
961,9.610000,0.005621,-0.024399,-0.024425,0.999388,161.369110,421.538177,40.847599
962,9.620000,0.005639,-0.024384,-0.024465,0.999387,161.378006,421.538727,40.850201
963,9.630000,0.005639,-0.024357,-0.024520,0.999387,161.392288,421.540680,40.850311
964,9.640000,0.005625,-0.024356,-0.024585,0.999385,161.406082,421.544006,40.846706
965,9.650000,0.005607,-0.024392,-0.024546,0.999385,161.416656,421.549896,40.841816
966,9.660000,0.005605,-0.024418,-0.024502,0.999386,161.424484,421.555084,40.840508
967,9.670000,0.005616,-0.024422,-0.024494,0.999386,161.425171,421.554779,40.841892
968,9.680000,0.005617,-0.024454,-0.024465,0.999386,161.417709,421.551636,40.841934
969,9.690000,0.005632,-0.024420,-0.024491,0.999386,161.405045,421.547302,40.845196
970,9.700000,0.005641,-0.024392,-0.024539,0.999385,161.395859,421.543945,40.848972
971,9.710000,0.005640,-0.024392,-0.024521,0.999386,161.389786,421.542267,40.852077
972,9.720000,0.005637,-0.024404,-0.024487,0.999386,161.387680,421.542358,40.850857
973,9.730000,0.005629,-0.024440,-0.024416,0.999387,161.390045,421.542725,40.849026
974,9.740000,0.005631,-0.024447,-0.024418,0.999387,161.397095,421.544525,40.847591
975,9.750000,0.005627,-0.024459,-0.024420,0.999387,161.404495,421.548370,40.846531
976,9.760000,0.005627,-0.024449,-0.024447,0.999386,161.409882,421.549530,40.846169
977,9.770000,0.005626,-0.024452,-0.024452,0.999386,161.411301,421.547760,40.847733
978,9.780000,0.005641,-0.024447,-0.024460,0.999386,161.407791,421.544861,40.851830
979,9.790000,0.005643,-0.024477,-0.024395,0.999387,161.400833,421.543213,40.852303
980,9.800000,0.005624,-0.024469,-0.024386,0.999387,161.391281,421.543793,40.849648
981,9.810000,0.005617,-0.024459,-0.024383,0.999388,161.383438,421.543640,40.847248
982,9.820000,0.005621,-0.024411,-0.024448,0.999387,161.380188,421.542450,40.845768
983,9.830000,0.005619,-0.024392,-0.024477,0.999387,161.382172,421.541443,40.845066
984,9.840000,0.005619,-0.024478,-0.024363,0.999388,161.383118,421.539948,40.844761
985,9.850000,0.005620,-0.024434,-0.024470,0.999386,161.400833,421.545959,40.848003
986,9.860000,0.005625,-0.024450,-0.024474,0.999386,161.416687,421.550323,40.849625
987,9.870000,0.005625,-0.024511,-0.024430,0.999385,161.426254,421.552673,40.848373
988,9.880000,0.005622,-0.024525,-0.024420,0.999385,161.431473,421.554535,40.846401
989,9.890000,0.005623,-0.024498,-0.024448,0.999385,161.428558,421.553131,40.845306
990,9.900000,0.005630,-0.024456,-0.024485,0.999385,161.419556,421.551483,40.845879
991,9.910000,0.005630,-0.024428,-0.024498,0.999386,161.405350,421.548676,40.847473
992,9.920000,0.005632,-0.024427,-0.024455,0.999387,161.392151,421.543915,40.850193
993,9.930000,0.005631,-0.024421,-0.024414,0.999388,161.379776,421.540588,40.852951
994,9.940000,0.005637,-0.024425,-0.024405,0.999388,161.372681,421.538147,40.854023
995,9.950000,0.005632,-0.024442,-0.024398,0.999388,161.373932,421.539062,40.852741
996,9.960000,0.005629,-0.024440,-0.024413,0.999387,161.379456,421.539368,40.851448
997,9.970000,0.005630,-0.024434,-0.024441,0.999387,161.390671,421.542267,40.849865
998,9.980000,0.005623,-0.024464,-0.024422,0.999387,161.405304,421.546692,40.846760
999,9.990000,0.005614,-0.024476,-0.024422,0.999386,161.417923,421.551483,40.844765
1000,10.000000,0.005621,-0.024505,-0.024432,0.999385,161.424484,421.554230,40.844917
1001,10.010000,0.005622,-0.024493,-0.024421,0.999386,161.426300,421.553497,40.846634
1002,10.020000,0.005629,-0.024489,-0.024461,0.999385,161.417389,421.549561,40.848007
1003,10.030000,0.005634,-0.024454,-0.024477,0.999385,161.409607,421.547546,40.849670
1004,10.040000,0.005635,-0.024446,-0.024484,0.999385,161.400970,421.546356,40.850266
1005,10.050000,0.005632,-0.024449,-0.024462,0.999386,161.391647,421.544769,40.849628
1006,10.060000,0.005615,-0.024442,-0.024420,0.999387,161.384903,421.542725,40.847748
1007,10.070000,0.005608,-0.024544,-0.024230,0.999389,161.375717,421.537903,40.844341
1008,10.080000,0.005617,-0.024479,-0.024342,0.999388,161.385223,421.541718,40.846874
1009,10.090000,0.005620,-0.024462,-0.024427,0.999387,161.395950,421.544983,40.847992
1010,10.100000,0.005626,-0.024490,-0.024398,0.999387,161.402130,421.546295,40.850655
1011,10.110000,0.005633,-0.024484,-0.024422,0.999386,161.407135,421.546997,40.851547
1012,10.120000,0.005627,-0.024468,-0.024423,0.999386,161.408524,421.545837,40.851635
1013,10.130000,0.005629,-0.024489,-0.024412,0.999386,161.406479,421.547638,40.848663
1014,10.140000,0.005613,-0.024485,-0.024384,0.999387,161.401276,421.546875,40.846008
1015,10.150000,0.005616,-0.024468,-0.024408,0.999387,161.396439,421.547150,40.845982
1016,10.160000,0.005626,-0.024446,-0.024422,0.999387,161.392975,421.545410,40.847527
1017,10.170000,0.005630,-0.024460,-0.024420,0.999387,161.392700,421.543365,40.849438
1018,10.180000,0.005631,-0.024448,-0.024459,0.999386,161.396896,421.545013,40.851635
1019,10.190000,0.005625,-0.024541,-0.024314,0.999387,161.396973,421.543793,40.850204
1020,10.200000,0.005625,-0.024508,-0.024391,0.999386,161.409683,421.547668,40.848801
1021,10.210000,0.005615,-0.024491,-0.024421,0.999386,161.416168,421.549957,40.845753
1022,10.220000,0.005612,-0.024464,-0.024450,0.999386,161.418320,421.550873,40.844849
1023,10.230000,0.005611,-0.024465,-0.024441,0.999386,161.416977,421.551758,40.845455
1024,10.240000,0.005618,-0.024464,-0.024437,0.999386,161.410492,421.550873,40.847622
1025,10.250000,0.005625,-0.024468,-0.024414,0.999387,161.399857,421.546356,40.850937
1026,10.260000,0.005623,-0.024556,-0.024235,0.999389,161.382187,421.537720,40.851395
1027,10.270000,0.005628,-0.024479,-0.024362,0.999388,161.379913,421.538055,40.852604
1028,10.280000,0.005629,-0.024454,-0.024400,0.999387,161.378632,421.538757,40.850906
1029,10.290000,0.005619,-0.024429,-0.024436,0.999387,161.382019,421.543121,40.850227
1030,10.300000,0.005620,-0.024431,-0.024431,0.999387,161.390671,421.544250,40.849068
1031,10.310000,0.005619,-0.024532,-0.024288,0.999388,161.396027,421.542725,40.846020
1032,10.320000,0.005618,-0.024490,-0.024408,0.999386,161.413605,421.548492,40.846226
1033,10.330000,0.005621,-0.024505,-0.024426,0.999385,161.422852,421.551331,40.847248
1034,10.340000,0.005617,-0.024515,-0.024427,0.999385,161.426849,421.553192,40.847027
1035,10.350000,0.005623,-0.024501,-0.024446,0.999385,161.423050,421.551178,40.848576
1036,10.360000,0.005627,-0.024477,-0.024453,0.999385,161.415634,421.549072,40.848537
1037,10.370000,0.005629,-0.024442,-0.024464,0.999386,161.406296,421.546204,40.848511
1038,10.380000,0.005624,-0.024450,-0.024442,0.999386,161.396378,421.545166,40.847652
1039,10.390000,0.005617,-0.024421,-0.024458,0.999387,161.389038,421.545593,40.847454
1040,10.400000,0.005609,-0.024529,-0.024251,0.999389,161.376221,421.538940,40.845753
1041,10.410000,0.005619,-0.024480,-0.024356,0.999388,161.381241,421.539032,40.849087
1042,10.420000,0.005623,-0.024459,-0.024396,0.999387,161.390213,421.540283,40.851467
1043,10.430000,0.005629,-0.024456,-0.024418,0.999387,161.399155,421.545135,40.851761
1044,10.440000,0.005621,-0.024482,-0.024403,0.999387,161.406525,421.548065,40.849319
1045,10.450000,0.005614,-0.024483,-0.024396,0.999387,161.410446,421.548492,40.847706
1046,10.460000,0.005618,-0.024477,-0.024423,0.999386,161.410049,421.549438,40.845566
1047,10.470000,0.005609,-0.024473,-0.024389,0.999387,161.406525,421.546753,40.844936
1048,10.480000,0.005612,-0.024447,-0.024429,0.999387,161.402695,421.546814,40.847561
1049,10.490000,0.005633,-0.024479,-0.024404,0.999387,161.397934,421.545868,40.850376
1050,10.500000,0.005630,-0.024462,-0.024422,0.999387,161.394592,421.543640,40.852066
1051,10.510000,0.005631,-0.024458,-0.024424,0.999387,161.393692,421.542603,40.852112
1052,10.520000,0.005625,-0.024570,-0.024240,0.999388,161.389511,421.540771,40.848827
1053,10.530000,0.005620,-0.024502,-0.024382,0.999387,161.400848,421.546509,40.846981
1054,10.540000,0.005612,-0.024454,-0.024448,0.999386,161.409653,421.549072,40.845821
1055,10.550000,0.005616,-0.024483,-0.024407,0.999387,161.413727,421.550781,40.845623
1056,10.560000,0.005616,-0.024471,-0.024423,0.999386,161.414429,421.548706,40.847393
1057,10.570000,0.005617,-0.024474,-0.024435,0.999386,161.411957,421.548187,40.848186
1058,10.580000,0.005618,-0.024477,-0.024425,0.999386,161.405457,421.547821,40.849651
1059,10.590000,0.005617,-0.024473,-0.024398,0.999387,161.397171,421.545715,40.849186
1060,10.600000,0.005613,-0.024468,-0.024374,0.999388,161.388397,421.543213,40.848728
1061,10.610000,0.005612,-0.024454,-0.024389,0.999388,161.382431,421.540710,40.848114
1062,10.620000,0.005614,-0.024449,-0.024384,0.999388,161.382172,421.541718,40.848812
1063,10.630000,0.005614,-0.024472,-0.024367,0.999388,161.385300,421.541656,40.848461
1064,10.640000,0.005623,-0.024472,-0.024396,0.999387,161.394150,421.544556,40.848938
1065,10.650000,0.005629,-0.024490,-0.024409,0.999386,161.404099,421.546082,40.849037
1066,10.660000,0.005637,-0.024590,-0.024361,0.999385,161.413559,421.549377,40.847294
1067,10.670000,0.005625,-0.024531,-0.024405,0.999385,161.420837,421.550781,40.848232
1068,10.680000,0.005622,-0.024515,-0.024434,0.999385,161.423355,421.551300,40.847599
1069,10.690000,0.005618,-0.024509,-0.024421,0.999386,161.419785,421.551483,40.847363
1070,10.700000,0.005622,-0.024492,-0.024413,0.999386,161.411346,421.549713,40.847080
1071,10.710000,0.005618,-0.024472,-0.024413,0.999387,161.400162,421.546509,40.847015
1072,10.720000,0.005616,-0.024471,-0.024389,0.999387,161.389725,421.543671,40.848289
1073,10.730000,0.005614,-0.024465,-0.024390,0.999387,161.382462,421.541199,40.848984
1074,10.740000,0.005620,-0.024460,-0.024382,0.999388,161.380142,421.540131,40.849758
1075,10.750000,0.005616,-0.024478,-0.024377,0.999387,161.382507,421.540222,40.849037
1076,10.760000,0.005610,-0.024466,-0.024383,0.999388,161.390121,421.542969,40.848339
1077,10.770000,0.005615,-0.024472,-0.024396,0.999387,161.399689,421.546234,40.846596
1078,10.780000,0.005613,-0.024492,-0.024401,0.999386,161.405945,421.548370,40.845364
1079,10.790000,0.005614,-0.024522,-0.024374,0.999386,161.409195,421.547913,40.844997
1080,10.800000,0.005617,-0.024512,-0.024380,0.999386,161.411163,421.548218,40.846352
1081,10.810000,0.005621,-0.024485,-0.024401,0.999387,161.409058,421.546997,40.849625
1082,10.820000,0.005633,-0.024489,-0.024436,0.999386,161.404282,421.547241,40.850677
1083,10.830000,0.005630,-0.024490,-0.024406,0.999386,161.397614,421.544525,40.851620
1084,10.840000,0.005624,-0.024464,-0.024424,0.999387,161.393173,421.543549,40.850307
1085,10.850000,0.005623,-0.024488,-0.024393,0.999387,161.391937,421.543488,40.848240
1086,10.860000,0.005619,-0.024488,-0.024386,0.999387,161.393555,421.544464,40.847198
1087,10.870000,0.005622,-0.024485,-0.024402,0.999387,161.398178,421.546967,40.847042
1088,10.880000,0.005619,-0.024501,-0.024383,0.999387,161.402466,421.546265,40.846672
1089,10.890000,0.005618,-0.024503,-0.024399,0.999386,161.406631,421.547211,40.847221
1090,10.900000,0.005612,-0.024471,-0.024421,0.999387,161.409470,421.547699,40.847935
1091,10.910000,0.005611,-0.024497,-0.024396,0.999387,161.408157,421.548492,40.847073
1092,10.920000,0.005601,-0.024488,-0.024377,0.999387,161.404251,421.547028,40.845993
1093,10.930000,0.005608,-0.024493,-0.024365,0.999387,161.397568,421.544434,40.846588
1094,10.940000,0.005609,-0.024579,-0.024202,0.999389,161.383987,421.540100,40.845798
1095,10.950000,0.005611,-0.024500,-0.024326,0.999388,161.385544,421.541290,40.847977
1096,10.960000,0.005621,-0.024467,-0.024396,0.999387,161.387817,421.543213,40.850765
1097,10.970000,0.005625,-0.024501,-0.024377,0.999387,161.390656,421.542999,40.850773
1098,10.980000,0.005628,-0.024525,-0.024351,0.999387,161.396622,421.543854,40.850750
1099,10.990000,0.005625,-0.024516,-0.024367,0.999387,161.403656,421.545776,40.849751
1100,11.000000,0.005618,-0.024521,-0.024371,0.999386,161.411041,421.547821,40.847679
1101,11.010000,0.005619,-0.024509,-0.024404,0.999386,161.415222,421.549896,40.847179
1102,11.020000,0.005616,-0.024504,-0.024404,0.999386,161.414703,421.549683,40.846634
1103,11.030000,0.005617,-0.024513,-0.024383,0.999386,161.409912,421.548248,40.846779
1104,11.040000,0.005619,-0.024509,-0.024368,0.999387,161.402466,421.545380,40.847858
1105,11.050000,0.005605,-0.024583,-0.024208,0.999389,161.387451,421.540771,40.846451
1106,11.060000,0.005611,-0.024610,-0.024157,0.999390,161.380768,421.539429,40.846317
1107,11.070000,0.005608,-0.024488,-0.024337,0.999388,161.383377,421.542786,40.848507
1108,11.080000,0.005614,-0.024484,-0.024343,0.999388,161.383850,421.540222,40.848167
1109,11.090000,0.005607,-0.024480,-0.024361,0.999388,161.387634,421.540802,40.847370
1110,11.100000,0.005613,-0.024520,-0.024329,0.999388,161.393982,421.544403,40.846523
1111,11.110000,0.005611,-0.024516,-0.024353,0.999387,161.403214,421.547424,40.846638
1112,11.120000,0.005610,-0.024511,-0.024361,0.999387,161.409439,421.548279,40.846802
1113,11.130000,0.005612,-0.024536,-0.024339,0.999387,161.411911,421.547333,40.847553
1114,11.140000,0.005618,-0.024522,-0.024350,0.999387,161.412018,421.548004,40.849064
1115,11.150000,0.005619,-0.024526,-0.024354,0.999387,161.408188,421.547333,40.849506
1116,11.160000,0.005620,-0.024521,-0.024379,0.999386,161.403625,421.547577,40.848827
1117,11.170000,0.005621,-0.024528,-0.024341,0.999387,161.395996,421.544891,40.848652
1118,11.180000,0.005621,-0.024515,-0.024342,0.999387,161.392517,421.542480,40.849327
1119,11.190000,0.005615,-0.024496,-0.024350,0.999388,161.390945,421.541931,40.849140
1120,11.200000,0.005613,-0.024592,-0.024199,0.999389,161.387375,421.540710,40.847683
1121,11.210000,0.005614,-0.024487,-0.024389,0.999387,161.398834,421.545715,40.849083
1122,11.220000,0.005617,-0.024510,-0.024377,0.999387,161.404785,421.547302,40.848740
1123,11.230000,0.005615,-0.024527,-0.024366,0.999386,161.407944,421.546722,40.847389
1124,11.240000,0.005602,-0.024505,-0.024364,0.999387,161.409348,421.546295,40.846615
1125,11.250000,0.005604,-0.024488,-0.024385,0.999387,161.408798,421.547729,40.846039
1126,11.260000,0.005605,-0.024593,-0.024209,0.999389,161.397873,421.544739,40.844707
1127,11.270000,0.005615,-0.024511,-0.024355,0.999387,161.397491,421.546112,40.847809
1128,11.280000,0.005618,-0.024465,-0.024391,0.999387,161.393127,421.542847,40.850601
1129,11.290000,0.005613,-0.024588,-0.024198,0.999389,161.382599,421.538422,40.850266
1130,11.300000,0.005608,-0.024623,-0.024158,0.999389,161.382233,421.538879,40.849419
1131,11.310000,0.005606,-0.024623,-0.024170,0.999389,161.386246,421.540253,40.847996
1132,11.320000,0.005613,-0.024498,-0.024385,0.999387,161.401505,421.545807,40.849281
1133,11.330000,0.005610,-0.024497,-0.024391,0.999387,161.409698,421.547241,40.847301
1134,11.340000,0.005610,-0.024492,-0.024416,0.999386,161.417206,421.550049,40.847263
1135,11.350000,0.005610,-0.024522,-0.024394,0.999386,161.420761,421.552521,40.846317
1136,11.360000,0.005607,-0.024631,-0.024210,0.999388,161.412674,421.548065,40.846107
1137,11.370000,0.005617,-0.024544,-0.024350,0.999386,161.414429,421.548462,40.849060
1138,11.380000,0.005618,-0.024616,-0.024205,0.999388,161.400314,421.543121,40.849216
1139,11.390000,0.005619,-0.024518,-0.024346,0.999387,161.398407,421.543060,40.850960
1140,11.400000,0.005617,-0.024598,-0.024189,0.999389,161.383286,421.539429,40.848888
1141,11.410000,0.005607,-0.024515,-0.024308,0.999388,161.385483,421.541565,40.848553
1142,11.420000,0.005605,-0.024592,-0.024184,0.999389,161.379013,421.539764,40.846329
1143,11.430000,0.005599,-0.024611,-0.024150,0.999390,161.380981,421.538666,40.845982
1144,11.440000,0.005597,-0.024606,-0.024172,0.999389,161.386765,421.539948,40.846409
1145,11.450000,0.005604,-0.024517,-0.024340,0.999387,161.400253,421.544525,40.848812
1146,11.460000,0.005604,-0.024490,-0.024377,0.999387,161.405151,421.545349,40.849129
1147,11.470000,0.005607,-0.024478,-0.024394,0.999387,161.409866,421.546539,40.849251
1148,11.480000,0.005608,-0.024519,-0.024364,0.999387,161.409683,421.547852,40.847038
1149,11.490000,0.005608,-0.024505,-0.024374,0.999387,161.408630,421.549225,40.846531
1150,11.500000,0.005608,-0.024502,-0.024375,0.999387,161.404526,421.547516,40.846424
1151,11.510000,0.005616,-0.024483,-0.024394,0.999387,161.399902,421.544617,40.849670
1152,11.520000,0.005610,-0.024579,-0.024208,0.999389,161.389374,421.539581,40.850216
1153,11.530000,0.005614,-0.024621,-0.024185,0.999389,161.388916,421.539948,40.850903
1154,11.540000,0.005621,-0.024612,-0.024204,0.999388,161.391479,421.541199,40.851696
1155,11.550000,0.005628,-0.024532,-0.024374,0.999386,161.404984,421.546753,40.851467
1156,11.560000,0.005614,-0.024621,-0.024236,0.999387,161.402969,421.544220,40.847919
1157,11.570000,0.005608,-0.024615,-0.024212,0.999388,161.403915,421.544525,40.846066
1158,11.580000,0.005589,-0.024600,-0.024225,0.999388,161.404709,421.545105,40.844341
1159,11.590000,0.005602,-0.024559,-0.024363,0.999386,161.411728,421.549316,40.844334
1160,11.600000,0.005597,-0.024582,-0.024245,0.999388,161.401703,421.545959,40.844933
1161,11.610000,0.005592,-0.024594,-0.024208,0.999389,161.394806,421.542145,40.845459
1162,11.620000,0.005604,-0.024469,-0.024419,0.999387,161.395798,421.544495,40.849346
1163,11.630000,0.005593,-0.024583,-0.024213,0.999389,161.383270,421.540405,40.847115
1164,11.640000,0.005589,-0.024569,-0.024224,0.999389,161.382339,421.540833,40.847359
1165,11.650000,0.005609,-0.024462,-0.024422,0.999387,161.393494,421.543823,40.850395
1166,11.660000,0.005618,-0.024544,-0.024298,0.999388,161.393524,421.540863,40.850456
1167,11.670000,0.005622,-0.024492,-0.024408,0.999386,161.406281,421.545380,40.851112
1168,11.680000,0.005613,-0.024600,-0.024254,0.999387,161.407455,421.545868,40.848385
1169,11.690000,0.005615,-0.024554,-0.024377,0.999386,161.418457,421.551453,40.849022
1170,11.700000,0.005620,-0.024561,-0.024361,0.999386,161.422089,421.551666,40.849648
1171,11.710000,0.005618,-0.024529,-0.024398,0.999386,161.417892,421.548828,40.849209
1172,11.720000,0.005615,-0.024480,-0.024417,0.999386,161.410507,421.545776,40.849930
1173,11.730000,0.005606,-0.024587,-0.024204,0.999389,161.392578,421.542145,40.847214
1174,11.740000,0.005605,-0.024531,-0.024339,0.999387,161.388718,421.544922,40.845955
1175,11.750000,0.005593,-0.024539,-0.024251,0.999389,161.376938,421.539886,40.844997
1176,11.760000,0.005594,-0.024534,-0.024217,0.999390,161.372559,421.537659,40.846359
1177,11.770000,0.005600,-0.024563,-0.024185,0.999390,161.372375,421.535553,40.847115
1178,11.780000,0.005611,-0.024477,-0.024376,0.999388,161.386703,421.540924,40.850296
1179,11.790000,0.005612,-0.024471,-0.024406,0.999387,161.397919,421.545349,40.850037
1180,11.800000,0.005616,-0.024519,-0.024379,0.999386,161.406265,421.548645,40.848965
1181,11.810000,0.005612,-0.024529,-0.024401,0.999386,161.415283,421.549957,40.847267
1182,11.820000,0.005607,-0.024529,-0.024384,0.999386,161.420746,421.550018,40.846176
1183,11.830000,0.005608,-0.024510,-0.024412,0.999386,161.421783,421.551666,40.846405
1184,11.840000,0.005613,-0.024510,-0.024402,0.999386,161.417526,421.550934,40.847645
1185,11.850000,0.005612,-0.024493,-0.024406,0.999386,161.410355,421.549133,40.848907
1186,11.860000,0.005620,-0.024489,-0.024415,0.999386,161.401596,421.546112,40.850166
1187,11.870000,0.005619,-0.024484,-0.024401,0.999387,161.394669,421.543488,40.851120
1188,11.880000,0.005618,-0.024478,-0.024396,0.999387,161.390381,421.543304,40.849705
1189,11.890000,0.005607,-0.024488,-0.024357,0.999388,161.388458,421.541992,40.848579
1190,11.900000,0.005601,-0.024499,-0.024335,0.999388,161.389267,421.542877,40.847683
1191,11.910000,0.005598,-0.024578,-0.024203,0.999389,161.385330,421.540924,40.845688
1192,11.920000,0.005601,-0.024470,-0.024386,0.999388,161.397690,421.545898,40.847160
1193,11.930000,0.005604,-0.024468,-0.024397,0.999387,161.401123,421.546692,40.848125
1194,11.940000,0.005612,-0.024548,-0.024350,0.999386,161.402115,421.547485,40.845783
1195,11.950000,0.005601,-0.024490,-0.024381,0.999387,161.401398,421.546356,40.847698
1196,11.960000,0.005603,-0.024469,-0.024423,0.999387,161.400101,421.545349,40.847412
1197,11.970000,0.005607,-0.024469,-0.024406,0.999387,161.397964,421.545410,40.846783
1198,11.980000,0.005606,-0.024459,-0.024425,0.999387,161.397903,421.546173,40.846397
1199,11.990000,0.005610,-0.024472,-0.024424,0.999386,161.399460,421.547119,40.846733
1200,12.000000,0.005609,-0.024588,-0.024233,0.999388,161.394928,421.544159,40.845814
1201,12.010000,0.005618,-0.024526,-0.024352,0.999387,161.406128,421.547516,40.847691
1202,12.020000,0.005619,-0.024532,-0.024385,0.999386,161.413498,421.548523,40.849094
1203,12.030000,0.005620,-0.024522,-0.024393,0.999386,161.417542,421.549652,40.850719
1204,12.040000,0.005616,-0.024541,-0.024370,0.999386,161.416763,421.550232,40.850327
1205,12.050000,0.005612,-0.024521,-0.024375,0.999386,161.412201,421.548126,40.849373
1206,12.060000,0.005607,-0.024522,-0.024332,0.999388,161.402420,421.546478,40.848232
1207,12.070000,0.005606,-0.024506,-0.024341,0.999388,161.392914,421.544617,40.846951
1208,12.080000,0.005597,-0.024501,-0.024322,0.999388,161.382767,421.542328,40.846901
1209,12.090000,0.005598,-0.024483,-0.024332,0.999388,161.375153,421.539734,40.847710
1210,12.100000,0.005608,-0.024477,-0.024339,0.999388,161.373871,421.538910,40.849449
1211,12.110000,0.005618,-0.024529,-0.024313,0.999388,161.376633,421.539978,40.847576
1212,12.120000,0.005601,-0.024569,-0.024217,0.999389,161.377640,421.537933,40.847057
1213,12.130000,0.005602,-0.024506,-0.024347,0.999388,161.394272,421.543457,40.846828
1214,12.140000,0.005604,-0.024521,-0.024362,0.999387,161.409729,421.548248,40.845528
1215,12.150000,0.005602,-0.024522,-0.024391,0.999386,161.419052,421.551788,40.845036
1216,12.160000,0.005612,-0.024613,-0.024333,0.999385,161.424423,421.553131,40.843391
1217,12.170000,0.005610,-0.024551,-0.024381,0.999385,161.425674,421.553192,40.847446
1218,12.180000,0.005618,-0.024528,-0.024391,0.999386,161.418869,421.550171,40.849236
1219,12.190000,0.005622,-0.024496,-0.024444,0.999385,161.410797,421.548065,40.849953
1220,12.200000,0.005617,-0.024510,-0.024394,0.999386,161.401627,421.545746,40.849415
1221,12.210000,0.005610,-0.024520,-0.024349,0.999387,161.394424,421.545258,40.848244
1222,12.220000,0.005606,-0.024495,-0.024363,0.999387,161.389099,421.545135,40.848034
1223,12.230000,0.005596,-0.024460,-0.024373,0.999388,161.386276,421.542480,40.848896
1224,12.240000,0.005602,-0.024467,-0.024362,0.999388,161.386566,421.540863,40.848866
1225,12.250000,0.005606,-0.024465,-0.024380,0.999388,161.390930,421.542847,40.848862
1226,12.260000,0.005592,-0.024574,-0.024210,0.999389,161.389221,421.542206,40.846245
1227,12.270000,0.005597,-0.024504,-0.024358,0.999387,161.398285,421.546021,40.847157
1228,12.280000,0.005603,-0.024513,-0.024347,0.999387,161.400787,421.546509,40.847637
1229,12.290000,0.005602,-0.024500,-0.024362,0.999387,161.402145,421.547028,40.847778
1230,12.300000,0.005608,-0.024492,-0.024392,0.999387,161.403366,421.546570,40.847351
1231,12.310000,0.005608,-0.024496,-0.024386,0.999387,161.403976,421.548035,40.848083
1232,12.320000,0.005617,-0.024504,-0.024409,0.999386,161.403229,421.548340,40.848309
1233,12.330000,0.005615,-0.024508,-0.024394,0.999386,161.402908,421.546570,40.849209
1234,12.340000,0.005617,-0.024500,-0.024391,0.999387,161.404877,421.546082,40.849712
1235,12.350000,0.005619,-0.024506,-0.024393,0.999386,161.408463,421.546478,40.849995
1236,12.360000,0.005616,-0.024521,-0.024385,0.999386,161.411438,421.549408,40.848156
1237,12.370000,0.005605,-0.024519,-0.024396,0.999386,161.412766,421.550873,40.846889
1238,12.380000,0.005605,-0.024527,-0.024357,0.999387,161.408859,421.550446,40.846207
1239,12.390000,0.005599,-0.024491,-0.024382,0.999387,161.403320,421.546387,40.846317
1240,12.400000,0.005588,-0.024561,-0.024227,0.999389,161.390121,421.541016,40.845181
1241,12.410000,0.005591,-0.024608,-0.024152,0.999390,161.381516,421.540161,40.845413
1242,12.420000,0.005604,-0.024567,-0.024289,0.999387,161.384293,421.543793,40.846279
1243,12.430000,0.005600,-0.024491,-0.024324,0.999388,161.381927,421.541046,40.849239
1244,12.440000,0.005604,-0.024477,-0.024368,0.999388,161.381470,421.541138,40.848793
1245,12.450000,0.005603,-0.024494,-0.024345,0.999388,161.385361,421.542694,40.848129
1246,12.460000,0.005601,-0.024510,-0.024357,0.999387,161.395264,421.545502,40.846062
1247,12.470000,0.005601,-0.024502,-0.024372,0.999387,161.404861,421.547791,40.845673
1248,12.480000,0.005610,-0.024511,-0.024395,0.999386,161.413925,421.549408,40.846367
1249,12.490000,0.005610,-0.024526,-0.024378,0.999386,161.419159,421.550598,40.847321
1250,12.500000,0.005613,-0.024540,-0.024376,0.999386,161.421204,421.551666,40.848373
1251,12.510000,0.005611,-0.024525,-0.024419,0.999385,161.418640,421.552399,40.848888
1252,12.520000,0.005616,-0.024548,-0.024357,0.999386,161.411407,421.550446,40.847404
1253,12.530000,0.005607,-0.024519,-0.024365,0.999387,161.402451,421.546326,40.845798
1254,12.540000,0.005595,-0.024476,-0.024384,0.999387,161.391876,421.543671,40.844776
1255,12.550000,0.005589,-0.024472,-0.024351,0.999388,161.383591,421.541901,40.844677
1256,12.560000,0.005593,-0.024465,-0.024359,0.999388,161.379028,421.541718,40.845932
1257,12.570000,0.005608,-0.024472,-0.024362,0.999388,161.380295,421.542969,40.847309
1258,12.580000,0.005597,-0.024462,-0.024367,0.999388,161.382156,421.541229,40.848076
1259,12.590000,0.005599,-0.024477,-0.024369,0.999388,161.387863,421.541382,40.847488
1260,12.600000,0.005595,-0.024489,-0.024367,0.999388,161.394318,421.543915,40.846409
1261,12.610000,0.005596,-0.024487,-0.024384,0.999387,161.402481,421.548370,40.844589
1262,12.620000,0.005599,-0.024478,-0.024413,0.999387,161.407913,421.548767,40.844090
1263,12.630000,0.005604,-0.024504,-0.024388,0.999387,161.410950,421.548981,40.845329
1264,12.640000,0.005617,-0.024499,-0.024434,0.999385,161.411911,421.549988,40.846214
1265,12.650000,0.005616,-0.024526,-0.024386,0.999386,161.410248,421.548676,40.847809
1266,12.660000,0.005623,-0.024528,-0.024405,0.999385,161.408096,421.547913,40.848259
1267,12.670000,0.005616,-0.024510,-0.024385,0.999386,161.403336,421.545380,40.848991
1268,12.680000,0.005609,-0.024491,-0.024397,0.999387,161.400818,421.545471,40.846798
1269,12.690000,0.005598,-0.024480,-0.024387,0.999387,161.396271,421.544617,40.845287
1270,12.700000,0.005597,-0.024487,-0.024385,0.999387,161.395782,421.546692,40.843803
1271,12.710000,0.005592,-0.024464,-0.024388,0.999388,161.393753,421.547913,40.843048
1272,12.720000,0.005586,-0.024458,-0.024369,0.999388,161.391434,421.545135,40.841946
1273,12.730000,0.005590,-0.024435,-0.024391,0.999388,161.389679,421.543457,40.842621
1274,12.740000,0.005590,-0.024442,-0.024396,0.999388,161.387375,421.542480,40.843487
1275,12.750000,0.005586,-0.024446,-0.024392,0.999388,161.385147,421.542175,40.842823
1276,12.760000,0.005581,-0.024416,-0.024422,0.999388,161.385742,421.543457,40.844196
1277,12.770000,0.005596,-0.024430,-0.024403,0.999388,161.387146,421.544312,40.843269
1278,12.780000,0.005610,-0.024456,-0.024385,0.999388,161.390167,421.544312,40.844143
1279,12.790000,0.005607,-0.024479,-0.024387,0.999387,161.394119,421.544495,40.842918
1280,12.800000,0.005615,-0.024469,-0.024404,0.999387,161.400223,421.547089,40.846260
1281,12.810000,0.005614,-0.024481,-0.024414,0.999386,161.404861,421.547760,40.846134
1282,12.820000,0.005615,-0.024477,-0.024408,0.999387,161.408844,421.546783,40.847301
1283,12.830000,0.005614,-0.024481,-0.024428,0.999386,161.410522,421.548645,40.846436
1284,12.840000,0.005614,-0.024500,-0.024401,0.999386,161.410034,421.549469,40.844154
1285,12.850000,0.005608,-0.024431,-0.024468,0.999386,161.406616,421.548401,40.842564
1286,12.860000,0.005599,-0.024431,-0.024447,0.999387,161.400543,421.548431,40.840927
1287,12.870000,0.005587,-0.024426,-0.024434,0.999387,161.394608,421.545105,40.839771
1288,12.880000,0.005588,-0.024413,-0.024433,0.999388,161.389816,421.544464,40.840546
1289,12.890000,0.005585,-0.024411,-0.024421,0.999388,161.386459,421.543579,40.840744
1290,12.900000,0.005588,-0.024427,-0.024387,0.999389,161.382996,421.542603,40.842098
1291,12.910000,0.005589,-0.024403,-0.024432,0.999388,161.383575,421.542908,40.841164
1292,12.920000,0.005578,-0.024502,-0.024261,0.999390,161.377380,421.538727,40.839268
1293,12.930000,0.005589,-0.024443,-0.024390,0.999388,161.385223,421.542969,40.840305
1294,12.940000,0.005597,-0.024436,-0.024423,0.999387,161.393341,421.546112,40.841633
1295,12.950000,0.005596,-0.024449,-0.024392,0.999388,161.395523,421.545288,40.842602
1296,12.960000,0.005602,-0.024438,-0.024421,0.999387,161.398300,421.546356,40.844814
1297,12.970000,0.005611,-0.024454,-0.024405,0.999387,161.398499,421.544434,40.844574
1298,12.980000,0.005614,-0.024468,-0.024415,0.999387,161.399841,421.545044,40.845047
1299,12.990000,0.005618,-0.024490,-0.024409,0.999386,161.402405,421.547729,40.843563
1300,13.000000,0.005614,-0.024482,-0.024390,0.999387,161.402161,421.548126,40.844307
1301,13.010000,0.005608,-0.024461,-0.024420,0.999387,161.402023,421.545776,40.843235
1302,13.020000,0.005602,-0.024435,-0.024435,0.999387,161.399033,421.544891,40.842579
1303,13.030000,0.005593,-0.024440,-0.024411,0.999388,161.396454,421.545471,40.841358
1304,13.040000,0.005592,-0.024445,-0.024432,0.999387,161.396729,421.547302,40.839962
1305,13.050000,0.005590,-0.024427,-0.024434,0.999387,161.394745,421.546875,40.841049
1306,13.060000,0.005597,-0.024436,-0.024404,0.999388,161.392380,421.545319,40.841022
1307,13.070000,0.005598,-0.024505,-0.024281,0.999389,161.381973,421.539795,40.840759
1308,13.080000,0.005588,-0.024420,-0.024411,0.999388,161.385635,421.542389,40.841530
1309,13.090000,0.005590,-0.024418,-0.024418,0.999388,161.384293,421.542938,40.841579
1310,13.100000,0.005593,-0.024445,-0.024389,0.999388,161.386536,421.544983,40.840706
1311,13.110000,0.005590,-0.024431,-0.024397,0.999388,161.388596,421.543762,40.841812
1312,13.120000,0.005617,-0.024454,-0.024387,0.999388,161.392487,421.543396,40.843727
1313,13.130000,0.005611,-0.024458,-0.024427,0.999387,161.397964,421.544739,40.844509
1314,13.140000,0.005609,-0.024458,-0.024452,0.999386,161.404312,421.547760,40.844559
1315,13.150000,0.005605,-0.024460,-0.024455,0.999386,161.407867,421.548615,40.844677
1316,13.160000,0.005610,-0.024455,-0.024461,0.999386,161.409882,421.548492,40.843243
1317,13.170000,0.005607,-0.024478,-0.024401,0.999387,161.406494,421.547028,40.842136
1318,13.180000,0.005603,-0.024480,-0.024401,0.999387,161.403641,421.547089,40.841438
1319,13.190000,0.005604,-0.024470,-0.024396,0.999387,161.399109,421.547028,40.842308
1320,13.200000,0.005609,-0.024432,-0.024448,0.999387,161.393585,421.545837,40.844151
1321,13.210000,0.005605,-0.024458,-0.024404,0.999387,161.388855,421.544098,40.843475
1322,13.220000,0.005597,-0.024455,-0.024383,0.999388,161.382996,421.540680,40.843239
1323,13.230000,0.005596,-0.024460,-0.024365,0.999388,161.380661,421.541382,40.842846
1324,13.240000,0.005585,-0.024518,-0.024233,0.999390,161.373611,421.538757,40.841022
1325,13.250000,0.005584,-0.024472,-0.024326,0.999389,161.382034,421.542633,40.840981
1326,13.260000,0.005597,-0.024457,-0.024392,0.999388,161.390152,421.544647,40.841976
1327,13.270000,0.005598,-0.024552,-0.024249,0.999389,161.388824,421.542572,40.841148
1328,13.280000,0.005594,-0.024586,-0.024203,0.999389,161.392471,421.542755,40.841221
1329,13.290000,0.005599,-0.024480,-0.024399,0.999387,161.403656,421.547516,40.842876
1330,13.300000,0.005603,-0.024482,-0.024392,0.999387,161.404449,421.547729,40.843452
1331,13.310000,0.005606,-0.024471,-0.024429,0.999386,161.405121,421.547272,40.843643
1332,13.320000,0.005615,-0.024497,-0.024405,0.999386,161.403564,421.547546,40.843895
1333,13.330000,0.005611,-0.024490,-0.024392,0.999387,161.402756,421.547211,40.843884
1334,13.340000,0.005612,-0.024459,-0.024418,0.999387,161.401062,421.547333,40.845192
1335,13.350000,0.005605,-0.024554,-0.024243,0.999389,161.390289,421.542419,40.843300
1336,13.360000,0.005601,-0.024471,-0.024391,0.999387,161.392487,421.543396,40.844311
1337,13.370000,0.005605,-0.024488,-0.024361,0.999388,161.390671,421.543640,40.844143
1338,13.380000,0.005598,-0.024472,-0.024345,0.999388,161.388885,421.543488,40.845047
1339,13.390000,0.005601,-0.024481,-0.024371,0.999388,161.390060,421.543915,40.844070
1340,13.400000,0.005608,-0.024486,-0.024366,0.999388,161.388977,421.543457,40.844738
1341,13.410000,0.005605,-0.024454,-0.024389,0.999388,161.390518,421.543274,40.845249
1342,13.420000,0.005595,-0.024468,-0.024375,0.999388,161.390854,421.543945,40.843697
1343,13.430000,0.005599,-0.024467,-0.024393,0.999387,161.394577,421.545685,40.842590
1344,13.440000,0.005589,-0.024593,-0.024183,0.999389,161.389481,421.543457,40.841000
1345,13.450000,0.005596,-0.024490,-0.024354,0.999388,161.396835,421.545685,40.842911
1346,13.460000,0.005601,-0.024482,-0.024387,0.999387,161.400970,421.546021,40.844372
1347,13.470000,0.005597,-0.024573,-0.024240,0.999388,161.395554,421.542633,40.843227
1348,13.480000,0.005600,-0.024605,-0.024204,0.999389,161.394348,421.542938,40.841976
1349,13.490000,0.005596,-0.024488,-0.024379,0.999387,161.401550,421.547241,40.842796
1350,13.500000,0.005593,-0.024470,-0.024392,0.999387,161.399918,421.546387,40.843189
1351,13.510000,0.005598,-0.024476,-0.024374,0.999388,161.397049,421.545685,40.844280
1352,13.520000,0.005604,-0.024490,-0.024351,0.999388,161.394608,421.545380,40.845264
1353,13.530000,0.005600,-0.024462,-0.024391,0.999388,161.392960,421.542908,40.846088
1354,13.540000,0.005598,-0.024447,-0.024401,0.999388,161.393127,421.542480,40.847183
1355,13.550000,0.005605,-0.024490,-0.024363,0.999388,161.392273,421.543884,40.846283
1356,13.560000,0.005602,-0.024496,-0.024360,0.999387,161.393295,421.546021,40.845154
1357,13.570000,0.005589,-0.024572,-0.024221,0.999389,161.388580,421.542236,40.842197
1358,13.580000,0.005598,-0.024484,-0.024345,0.999388,161.395142,421.545166,40.844662
1359,13.590000,0.005599,-0.024477,-0.024370,0.999388,161.397995,421.545563,40.843376
1360,13.600000,0.005588,-0.024468,-0.024377,0.999388,161.399704,421.544220,40.842773
1361,13.610000,0.005602,-0.024475,-0.024385,0.999387,161.400543,421.546814,40.845238
1362,13.620000,0.005601,-0.024513,-0.024344,0.999387,161.398773,421.547577,40.845318
1363,13.630000,0.005602,-0.024505,-0.024350,0.999388,161.398132,421.546021,40.846134
1364,13.640000,0.005594,-0.024594,-0.024193,0.999389,161.388290,421.541748,40.843735
1365,13.650000,0.005599,-0.024477,-0.024364,0.999388,161.394653,421.543335,40.845448
1366,13.660000,0.005591,-0.024547,-0.024249,0.999389,161.388077,421.541382,40.841953
1367,13.670000,0.005587,-0.024481,-0.024381,0.999387,161.395905,421.546295,40.841080
1368,13.680000,0.005592,-0.024582,-0.024216,0.999389,161.389389,421.543610,40.841621
1369,13.690000,0.005596,-0.024618,-0.024155,0.999389,161.389526,421.543091,40.841747
1370,13.700000,0.005589,-0.024600,-0.024181,0.999389,161.390945,421.541504,40.842316
1371,13.710000,0.005600,-0.024524,-0.024322,0.999388,161.399139,421.546722,40.844856
1372,13.720000,0.005596,-0.024475,-0.024390,0.999387,161.399490,421.546753,40.846035
1373,13.730000,0.005598,-0.024559,-0.024253,0.999389,161.389160,421.541870,40.843872
1374,13.740000,0.005595,-0.024489,-0.024346,0.999388,161.391129,421.542938,40.844120
1375,13.750000,0.005596,-0.024462,-0.024389,0.999388,161.391708,421.543976,40.844406
1376,13.760000,0.005603,-0.024490,-0.024358,0.999388,161.391937,421.545776,40.844528
1377,13.770000,0.005597,-0.024502,-0.024349,0.999388,161.393585,421.545166,40.844452
1378,13.780000,0.005612,-0.024488,-0.024370,0.999387,161.395615,421.545929,40.846111
1379,13.790000,0.005602,-0.024484,-0.024374,0.999387,161.397751,421.544403,40.846249
1380,13.800000,0.005600,-0.024578,-0.024234,0.999388,161.393677,421.542480,40.843403
1381,13.810000,0.005593,-0.024508,-0.024356,0.999387,161.402771,421.547211,40.843613
1382,13.820000,0.005595,-0.024484,-0.024397,0.999387,161.405731,421.549164,40.843494
1383,13.830000,0.005595,-0.024486,-0.024379,0.999387,161.403839,421.547699,40.842628
1384,13.840000,0.005597,-0.024487,-0.024375,0.999387,161.400208,421.545227,40.843227
1385,13.850000,0.005598,-0.024464,-0.024404,0.999387,161.394958,421.544617,40.845455
1386,13.860000,0.005600,-0.024577,-0.024226,0.999389,161.384964,421.541290,40.844986
1387,13.870000,0.005603,-0.024493,-0.024365,0.999387,161.388596,421.543243,40.846062
1388,13.880000,0.005609,-0.024483,-0.024371,0.999388,161.389877,421.543304,40.846310
1389,13.890000,0.005599,-0.024478,-0.024361,0.999388,161.390656,421.542816,40.845398
1390,13.900000,0.005593,-0.024576,-0.024196,0.999390,161.386673,421.542084,40.842175
1391,13.910000,0.005595,-0.024479,-0.024377,0.999388,161.397842,421.546906,40.842674
1392,13.920000,0.005598,-0.024468,-0.024437,0.999386,161.402954,421.547821,40.843712
1393,13.930000,0.005595,-0.024592,-0.024210,0.999389,161.397049,421.544495,40.842869
1394,13.940000,0.005602,-0.024501,-0.024368,0.999387,161.404785,421.545837,40.845047
1395,13.950000,0.005603,-0.024498,-0.024386,0.999387,161.403900,421.546661,40.845676
1396,13.960000,0.005593,-0.024488,-0.024362,0.999388,161.399979,421.546478,40.844933
1397,13.970000,0.005593,-0.024497,-0.024361,0.999387,161.396347,421.546143,40.844044
1398,13.980000,0.005603,-0.024476,-0.024384,0.999387,161.390961,421.543762,40.843407
1399,13.990000,0.005597,-0.024452,-0.024395,0.999388,161.387924,421.542236,40.844566
1400,14.000000,0.005597,-0.024452,-0.024393,0.999388,161.388672,421.543060,40.845394
1401,14.010000,0.005599,-0.024466,-0.024407,0.999387,161.391861,421.544281,40.845474
1402,14.020000,0.005601,-0.024497,-0.024363,0.999387,161.393112,421.544281,40.846031
1403,14.030000,0.005604,-0.024494,-0.024358,0.999388,161.396698,421.545715,40.846325
1404,14.040000,0.005599,-0.024478,-0.024398,0.999387,161.400543,421.545746,40.845253
1405,14.050000,0.005604,-0.024488,-0.024389,0.999387,161.402313,421.547272,40.844025
1406,14.060000,0.005604,-0.024502,-0.024372,0.999387,161.402069,421.547729,40.843529
1407,14.070000,0.005594,-0.024491,-0.024359,0.999388,161.400803,421.546844,40.843769
1408,14.080000,0.005601,-0.024464,-0.024391,0.999388,161.397308,421.545563,40.844685
1409,14.090000,0.005593,-0.024575,-0.024216,0.999389,161.387299,421.540558,40.843140
1410,14.100000,0.005589,-0.024596,-0.024175,0.999390,161.385269,421.540375,40.843204
1411,14.110000,0.005600,-0.024502,-0.024354,0.999388,161.392120,421.545685,40.844990
1412,14.120000,0.005598,-0.024474,-0.024381,0.999388,161.391891,421.544739,40.845150
1413,14.130000,0.005596,-0.024459,-0.024391,0.999388,161.395584,421.545044,40.843391
1414,14.140000,0.005589,-0.024475,-0.024360,0.999388,161.395645,421.544678,40.841972
1415,14.150000,0.005589,-0.024478,-0.024358,0.999388,161.397324,421.545502,40.840729
1416,14.160000,0.005595,-0.024481,-0.024363,0.999388,161.396606,421.546417,40.841068
1417,14.170000,0.005584,-0.024548,-0.024217,0.999390,161.388687,421.541718,40.840260
1418,14.180000,0.005598,-0.024466,-0.024377,0.999388,161.394180,421.544983,40.843624
1419,14.190000,0.005603,-0.024430,-0.024430,0.999387,161.390381,421.544861,40.845783
1420,14.200000,0.005585,-0.024423,-0.024402,0.999388,161.382019,421.541931,40.843563
1421,14.210000,0.005586,-0.024393,-0.024436,0.999388,161.380875,421.539581,40.845108
1422,14.220000,0.005600,-0.024440,-0.024387,0.999388,161.381927,421.541473,40.843140
1423,14.230000,0.005600,-0.024431,-0.024432,0.999387,161.389008,421.543915,40.844700
1424,14.240000,0.005606,-0.024465,-0.024433,0.999386,161.401978,421.547577,40.842518
1425,14.250000,0.005615,-0.024485,-0.024423,0.999386,161.406815,421.551117,40.846420
1426,14.260000,0.005607,-0.024509,-0.024425,0.999385,161.413803,421.551819,40.841137
1427,14.270000,0.005607,-0.024474,-0.024424,0.999386,161.415192,421.547699,40.844685
1428,14.280000,0.005598,-0.024460,-0.024427,0.999387,161.414948,421.549377,40.842941
1429,14.290000,0.005596,-0.024468,-0.024422,0.999387,161.411850,421.549683,40.842522
1430,14.300000,0.005584,-0.024455,-0.024431,0.999387,161.400772,421.547699,40.839413
1431,14.310000,0.005580,-0.024441,-0.024410,0.999388,161.388397,421.545654,40.839447
1432,14.320000,0.005593,-0.024390,-0.024431,0.999388,161.375549,421.540436,40.843258
1433,14.330000,0.005590,-0.024374,-0.024449,0.999388,161.367767,421.537659,40.843117
1434,14.340000,0.005588,-0.024470,-0.024271,0.999390,161.359818,421.534485,40.842407
1435,14.350000,0.005592,-0.024438,-0.024361,0.999389,161.367767,421.538513,40.844013
1436,14.360000,0.005595,-0.024465,-0.024366,0.999388,161.381897,421.542511,40.843426
1437,14.370000,0.005584,-0.024459,-0.024384,0.999388,161.395081,421.543060,40.841503
1438,14.380000,0.005596,-0.024488,-0.024384,0.999387,161.409958,421.549744,40.839581
1439,14.390000,0.005599,-0.024494,-0.024402,0.999386,161.419968,421.553772,40.840012
1440,14.400000,0.005600,-0.024526,-0.024387,0.999386,161.423050,421.554688,40.839695
1441,14.410000,0.005594,-0.024517,-0.024371,0.999387,161.419327,421.552673,40.840698
1442,14.420000,0.005606,-0.024471,-0.024405,0.999387,161.406708,421.546448,40.844620
1443,14.430000,0.005604,-0.024448,-0.024404,0.999388,161.393845,421.542633,40.845490
1444,14.440000,0.005602,-0.024433,-0.024397,0.999388,161.381470,421.541199,40.845444
1445,14.450000,0.005593,-0.024464,-0.024331,0.999389,161.372467,421.541412,40.843090
1446,14.460000,0.005595,-0.024453,-0.024342,0.999389,161.367401,421.540466,40.842129
1447,14.470000,0.005590,-0.024439,-0.024353,0.999389,161.369766,421.538879,40.841305
1448,14.480000,0.005585,-0.024433,-0.024347,0.999389,161.376938,421.539978,40.842587
1449,14.490000,0.005583,-0.024428,-0.024390,0.999388,161.389526,421.542389,40.842529
1450,14.500000,0.005586,-0.024469,-0.024371,0.999388,161.401871,421.545227,40.842514
1451,14.510000,0.005588,-0.024500,-0.024363,0.999387,161.409637,421.548676,40.841042
1452,14.520000,0.005586,-0.024497,-0.024377,0.999387,161.409241,421.550537,40.839890
1453,14.530000,0.005576,-0.024447,-0.024412,0.999388,161.401932,421.549377,40.839298
1454,14.540000,0.005575,-0.024428,-0.024411,0.999388,161.392365,421.546082,40.840508
1455,14.550000,0.005587,-0.024441,-0.024378,0.999388,161.382980,421.542755,40.841862
1456,14.560000,0.005584,-0.024524,-0.024232,0.999390,161.371536,421.537415,40.841129
1457,14.570000,0.005598,-0.024415,-0.024422,0.999388,161.377930,421.539948,40.844933
1458,14.580000,0.005606,-0.024428,-0.024445,0.999387,161.383102,421.543091,40.846474
1459,14.590000,0.005605,-0.024443,-0.024447,0.999387,161.393188,421.545410,40.846107
1460,14.600000,0.005605,-0.024482,-0.024436,0.999386,161.405899,421.549316,40.845741
1461,14.610000,0.005604,-0.024486,-0.024443,0.999386,161.422440,421.554321,40.844479
1462,14.620000,0.005605,-0.024500,-0.024445,0.999385,161.432281,421.554962,40.842190
1463,14.630000,0.005597,-0.024474,-0.024482,0.999385,161.433304,421.554474,40.841095
1464,14.640000,0.005597,-0.024429,-0.024499,0.999386,161.423203,421.552948,40.839432
1465,14.650000,0.005588,-0.024401,-0.024507,0.999386,161.406967,421.548645,40.838608
1466,14.660000,0.005584,-0.024383,-0.024464,0.999388,161.388016,421.543671,40.839748
1467,14.670000,0.005582,-0.024493,-0.024250,0.999390,161.363174,421.537689,40.840790
1468,14.680000,0.005595,-0.024490,-0.024307,0.999389,161.355743,421.538635,40.841873
1469,14.690000,0.005595,-0.024371,-0.024442,0.999389,161.354187,421.535492,40.845768
1470,14.700000,0.005595,-0.024409,-0.024424,0.999388,161.357285,421.534515,40.843830
1471,14.710000,0.005595,-0.024351,-0.024468,0.999388,161.368927,421.537231,40.841633
1472,14.720000,0.005581,-0.024401,-0.024462,0.999387,161.387192,421.544220,40.836670
1473,14.730000,0.005577,-0.024449,-0.024434,0.999387,161.405060,421.551422,40.834953
1474,14.740000,0.005579,-0.024477,-0.024421,0.999387,161.422409,421.557190,40.836937
1475,14.750000,0.005591,-0.024482,-0.024446,0.999386,161.429581,421.556427,40.842072
1476,14.760000,0.005606,-0.024459,-0.024485,0.999385,161.427429,421.552307,40.844120
1477,14.770000,0.005614,-0.024422,-0.024526,0.999385,161.417847,421.549347,40.845535
1478,14.780000,0.005606,-0.024412,-0.024509,0.999386,161.401291,421.546600,40.843254
1479,14.790000,0.005595,-0.024407,-0.024484,0.999387,161.386276,421.546661,40.841732
1480,14.800000,0.005587,-0.024506,-0.024288,0.999389,161.367615,421.541077,40.839603
1481,14.810000,0.005598,-0.024437,-0.024401,0.999388,161.370636,421.542145,40.843082
1482,14.820000,0.005608,-0.024417,-0.024434,0.999388,161.380875,421.541595,40.846127
1483,14.830000,0.005605,-0.024454,-0.024436,0.999387,161.390457,421.543274,40.844200
1484,14.840000,0.005599,-0.024421,-0.024496,0.999386,161.402969,421.547699,40.841595
1485,14.850000,0.005582,-0.024422,-0.024501,0.999386,161.412170,421.549377,40.839561
1486,14.860000,0.005589,-0.024535,-0.024409,0.999385,161.417862,421.553375,40.835049
1487,14.870000,0.005570,-0.024454,-0.024444,0.999387,161.415421,421.553955,40.836956
1488,14.880000,0.005589,-0.024465,-0.024407,0.999387,161.407837,421.549042,40.840218
1489,14.890000,0.005601,-0.024457,-0.024379,0.999388,161.393951,421.547119,40.843224
1490,14.900000,0.005597,-0.024411,-0.024430,0.999388,161.377243,421.541321,40.843243
1491,14.910000,0.005592,-0.024413,-0.024454,0.999387,161.367325,421.537384,40.842949
1492,14.920000,0.005604,-0.024437,-0.024373,0.999389,161.363098,421.537415,40.846123
1493,14.930000,0.005594,-0.024461,-0.024375,0.999388,161.371124,421.540802,40.843769
1494,14.940000,0.005593,-0.024493,-0.024313,0.999389,161.381271,421.540161,40.843536
1495,14.950000,0.005583,-0.024469,-0.024401,0.999387,161.401138,421.550079,40.840641
1496,14.960000,0.005602,-0.024473,-0.024390,0.999387,161.415924,421.551178,40.841721
1497,14.970000,0.005583,-0.024480,-0.024450,0.999386,161.421265,421.554962,40.837837
1498,14.980000,0.005583,-0.024500,-0.024419,0.999386,161.422867,421.552887,40.837006
1499,14.990000,0.005598,-0.024503,-0.024397,0.999386,161.413223,421.549713,40.842350
1500,15.000000,0.005595,-0.024490,-0.024363,0.999388,161.400162,421.546417,40.843143
