Format Version,1.24,Take Name,Push_90_deg_002,Take Notes,,Capture Frame Rate,100.000000,Export Frame Rate,100.000000,Capture Start Time,2025-02-03 11.53.58.468 午前,Capture Start Frame,8755397,Total Frames in Take,1501,Total Exported Frames,1501,Rotation Type,Quaternion,Length Units,Millimeters,Coordinate Space,Local

,Type,Rigid Body,Rigid Body,Rigid Body,Rigid Body,Rigid Body,Rigid Body,Rigid Body
,Name,Rigid Body 002,Rigid Body 002,Rigid Body 002,Rigid Body 002,Rigid Body 002,Rigid Body 002,Rigid Body 002
,ID,7081C4A4E11211EF3C28FEC2583C42A9,7081C4A4E11211EF3C28FEC2583C42A9,7081C4A4E11211EF3C28FEC2583C42A9,7081C4A4E11211EF3C28FEC2583C42A9,7081C4A4E11211EF3C28FEC2583C42A9,7081C4A4E11211EF3C28FEC2583C42A9,7081C4A4E11211EF3C28FEC2583C42A9
,,Rotation,Rotation,Rotation,Rotation,Position,Position,Position
Frame,Time (Seconds),X,Y,Z,W,X,Y,Z
0,0.000000,0.003151,-0.014574,-0.012975,0.999805,156.021057,421.512848,51.904842
1,0.010000,0.003179,-0.014590,-0.012975,0.999804,156.020844,421.512604,51.914082
2,0.020000,0.003240,-0.014650,-0.012867,0.999805,156.015732,421.509766,51.926582
3,0.030000,0.003297,-0.014661,-0.012870,0.999804,156.016907,421.505859,51.940575
4,0.040000,0.003355,-0.014668,-0.012870,0.999804,156.014557,421.500458,51.951355
5,0.050000,0.003416,-0.014609,-0.012936,0.999804,156.013184,421.494232,51.960545
6,0.060000,0.003435,-0.014807,-0.012721,0.999804,155.993942,421.490356,51.967236
7,0.070000,0.003447,-0.014812,-0.012698,0.999804,155.985489,421.485352,51.971523
8,0.080000,0.003453,-0.014803,-0.012712,0.999804,155.978134,421.482574,51.972172
9,0.090000,0.003462,-0.014821,-0.012700,0.999803,155.970459,421.482269,51.969566
10,0.100000,0.003470,-0.014822,-0.012687,0.999804,155.963470,421.481201,51.967678
11,0.110000,0.003505,-0.014608,-0.012911,0.999804,155.974136,421.480408,51.970169
12,0.120000,0.003507,-0.014821,-0.012714,0.999803,155.965057,421.481781,51.972446
13,0.130000,0.003533,-0.014823,-0.012749,0.999803,155.975891,421.482941,51.978359
14,0.140000,0.003584,-0.014837,-0.012744,0.999802,155.986420,421.478424,51.991001
15,0.150000,0.003619,-0.014825,-0.012768,0.999802,155.998917,421.476105,52.004932
16,0.160000,0.003643,-0.014836,-0.012773,0.999802,156.007660,421.474701,52.012722
17,0.170000,0.003639,-0.014835,-0.012800,0.999801,156.014114,421.475677,52.013351
18,0.180000,0.003638,-0.014809,-0.012799,0.999802,156.015930,421.477448,52.012569
19,0.190000,0.003630,-0.014795,-0.012796,0.999802,156.007004,421.475616,52.006630
20,0.200000,0.003616,-0.014793,-0.012759,0.999803,155.991486,421.472351,51.998878
21,0.210000,0.003610,-0.014828,-0.012693,0.999803,155.969055,421.467377,51.991261
22,0.220000,0.003619,-0.014825,-0.012660,0.999803,155.951202,421.462646,51.991268
23,0.230000,0.003644,-0.014823,-0.012659,0.999803,155.933716,421.458893,51.995880
24,0.240000,0.003668,-0.014896,-0.012597,0.999803,155.916168,421.456543,52.001221
25,0.250000,0.003733,-0.015162,-0.012350,0.999802,155.885956,421.446533,52.013317
26,0.260000,0.003757,-0.015150,-0.012341,0.999802,155.870911,421.438934,52.023785
27,0.270000,0.003782,-0.015161,-0.012362,0.999801,155.859650,421.438507,52.029373
28,0.280000,0.003817,-0.015053,-0.012477,0.999802,155.851517,421.447021,52.030495
29,0.290000,0.003834,-0.014845,-0.012634,0.999803,155.840363,421.453796,52.034866
30,0.300000,0.003835,-0.014949,-0.012543,0.999802,155.821274,421.457214,52.034348
31,0.310000,0.003834,-0.014942,-0.012545,0.999802,155.800262,421.459076,52.034855
32,0.320000,0.005560,-0.010244,-0.023622,0.999653,155.783432,421.455627,52.010342
33,0.330000,,,,,,,
34,0.340000,0.005690,-0.009261,-0.025647,0.999612,155.758942,421.496979,52.025459
35,0.350000,0.005711,-0.009253,-0.025686,0.999611,155.732986,421.506531,52.023708
36,0.360000,,,,,,,
37,0.370000,0.005695,-0.008952,-0.026245,0.999599,155.660767,421.531403,52.008057
38,0.380000,0.005684,-0.008900,-0.026302,0.999598,155.623825,421.543701,51.999264
39,0.390000,0.005655,-0.008884,-0.026371,0.999597,155.575348,421.555878,51.993164
40,0.400000,0.005672,-0.008821,-0.026449,0.999595,155.538864,421.564484,51.995190
41,0.410000,0.005686,-0.008844,-0.026448,0.999595,155.503693,421.569519,51.999371
42,0.420000,,,,,,,
43,0.430000,,,,,,,
44,0.440000,0.005762,-0.009128,-0.025923,0.999606,155.356430,421.515350,52.013821
45,0.450000,0.005760,-0.009175,-0.025858,0.999607,155.307907,421.504974,52.010742
46,0.460000,0.004102,-0.013870,-0.015004,0.999783,155.268570,421.525726,52.028492
47,0.470000,0.003890,-0.014579,-0.013636,0.999793,155.211823,421.541626,52.018436
48,0.480000,,,,,,,
49,0.490000,0.003899,-0.014863,-0.013281,0.999794,155.071671,421.525635,52.011223
50,0.500000,0.003933,-0.015095,-0.012970,0.999794,154.970947,421.500305,52.019272
51,0.510000,,,,,,,
52,0.520000,0.003886,-0.014608,-0.013304,0.999797,154.800659,421.492981,52.027905
53,0.530000,0.004024,-0.014398,-0.013725,0.999794,154.694519,421.492126,52.026325
54,0.540000,0.005661,-0.009963,-0.024172,0.999642,154.566544,421.476776,52.001171
55,0.550000,0.005921,-0.009281,-0.025488,0.999615,154.422852,421.460480,51.999527
56,0.560000,0.005885,-0.008986,-0.025830,0.999609,154.279205,421.464813,52.004459
57,0.570000,0.005827,-0.009236,-0.025493,0.999615,154.097931,421.464996,52.011726
58,0.580000,0.004174,-0.014009,-0.014205,0.999792,153.916168,421.476593,52.038883
59,0.590000,0.004130,-0.014388,-0.013842,0.999792,153.708694,421.473328,52.035950
60,0.600000,0.004184,-0.014620,-0.013527,0.999793,153.486740,421.456360,52.021530
61,0.610000,0.005766,-0.010028,-0.024012,0.999645,153.279861,421.436981,51.990128
62,0.620000,0.005983,-0.009525,-0.025234,0.999618,153.029419,421.431854,51.984489
63,0.630000,0.005969,-0.009509,-0.025199,0.999619,152.782104,421.443268,51.975288
64,0.640000,0.004315,-0.013792,-0.014948,0.999784,152.516663,421.452209,51.986465
65,0.650000,0.004121,-0.014790,-0.013065,0.999797,152.205368,421.436920,51.980019
66,0.660000,0.005900,-0.010247,-0.023934,0.999644,151.898941,421.406982,51.945599
67,0.670000,0.005964,-0.009384,-0.025466,0.999614,151.574799,421.405731,51.938049
68,0.680000,,,,,,,
69,0.690000,0.004486,-0.013859,-0.015089,0.999780,150.888641,421.403168,51.957596
70,0.700000,0.002843,-0.018436,-0.004194,0.999817,150.511810,421.383759,51.984146
71,0.710000,,,,,,,
72,0.720000,0.002868,-0.018696,-0.004292,0.999812,149.734543,421.361786,51.972023
73,0.730000,0.002883,-0.019198,-0.003440,0.999806,149.290802,421.351227,51.953945
74,0.740000,,,,,,,
75,0.750000,0.003568,-0.015674,-0.011087,0.999809,148.472198,421.400085,51.916740
76,0.760000,,,,,,,
77,0.770000,0.004221,-0.014380,-0.013265,0.999800,147.605438,421.371094,51.862804
78,0.780000,0.003764,-0.015119,-0.012137,0.999805,147.110474,421.387756,51.855198
79,0.790000,0.002716,-0.019380,-0.002365,0.999806,146.662827,421.323059,51.837173
80,0.800000,,,,,,,
81,0.810000,0.002485,-0.019723,-0.001151,0.999802,145.707108,421.302948,51.813099
82,0.820000,,,,,,,
83,0.830000,,,,,,,
84,0.840000,0.002358,-0.020591,0.001062,0.999785,144.259460,421.282196,51.757030
85,0.850000,0.003144,-0.017750,-0.006505,0.999816,143.712875,421.333282,51.715244
86,0.860000,0.004208,-0.014551,-0.013382,0.999796,143.224792,421.302338,51.705280
87,0.870000,,,,,,,
88,0.880000,0.004090,-0.014687,-0.012671,0.999803,142.177414,421.273987,51.674931
89,0.890000,0.004256,-0.014989,-0.012130,0.999805,141.650070,421.234222,51.651829
90,0.900000,,,,,,,
91,0.910000,0.004289,-0.014476,-0.013088,0.999800,140.685867,421.244629,51.635818
92,0.920000,0.004270,-0.014823,-0.012779,0.999799,140.161530,421.250732,51.630920
93,0.930000,0.004362,-0.014088,-0.013877,0.999795,139.675262,421.244537,51.629025
94,0.940000,0.004381,-0.014616,-0.012981,0.999799,139.158020,421.221741,51.607559
95,0.950000,0.004514,-0.014871,-0.013007,0.999795,138.622177,421.208618,51.600536
96,0.960000,0.004859,-0.015391,-0.013493,0.999779,138.051208,421.161346,51.594570
97,0.970000,0.004999,-0.015641,-0.013703,0.999771,137.486847,421.140289,51.570560
98,0.980000,0.004987,-0.015657,-0.013547,0.999773,137.023193,421.144073,51.559055
99,0.990000,0.005081,-0.015236,-0.013711,0.999777,136.511612,421.130890,51.576893
100,1.000000,0.005030,-0.015357,-0.013344,0.999780,135.996750,421.123718,51.567154
101,1.010000,0.006768,-0.010645,-0.024649,0.999617,135.461639,421.074066,51.540146
102,1.020000,0.005042,-0.014440,-0.014359,0.999780,135.004379,421.119354,51.552101
103,1.030000,0.004923,-0.015620,-0.012678,0.999786,134.455627,421.113861,51.527588
104,1.040000,0.004940,-0.015313,-0.013039,0.999786,133.949463,421.122864,51.517590
105,1.050000,0.004970,-0.015047,-0.013395,0.999785,133.405304,421.118195,51.514462
106,1.060000,0.006580,-0.010429,-0.024267,0.999630,132.852386,421.090271,51.453686
107,1.070000,0.004684,-0.014651,-0.013496,0.999791,132.351837,421.121033,51.461079
108,1.080000,0.006047,-0.010959,-0.022421,0.999670,131.819489,421.091339,51.404270
109,1.090000,0.004709,-0.014924,-0.013575,0.999785,131.241409,421.086334,51.381363
110,1.100000,0.005721,-0.010621,-0.022413,0.999676,130.752853,421.097473,51.328785
111,1.110000,0.006020,-0.009868,-0.024025,0.999645,130.184891,421.071350,51.310711
112,1.120000,0.004658,-0.014061,-0.014349,0.999787,129.681381,421.070923,51.313766
113,1.130000,0.006114,-0.010031,-0.023673,0.999651,129.172134,421.057007,51.294537
114,1.140000,0.004573,-0.014250,-0.013297,0.999800,128.703110,421.060883,51.320911
115,1.150000,0.004766,-0.014882,-0.013241,0.999790,128.164673,421.021057,51.324287
116,1.160000,0.006186,-0.010370,-0.022653,0.999671,127.737236,421.009644,51.315071
117,1.170000,0.004908,-0.014626,-0.013496,0.999790,127.231422,421.009399,51.303417
118,1.180000,0.006207,-0.010555,-0.023196,0.999656,126.750572,421.029022,51.237808
119,1.190000,0.006116,-0.009593,-0.024157,0.999644,126.341942,421.036163,51.234207
120,1.200000,0.004852,-0.013915,-0.014334,0.999789,125.864906,421.021301,51.234089
121,1.210000,0.006141,-0.009985,-0.023470,0.999656,125.410515,421.001343,51.181946
122,1.220000,0.006035,-0.009781,-0.023844,0.999650,124.967972,421.009979,51.183849
123,1.230000,0.004784,-0.014065,-0.014217,0.999789,124.538162,420.995209,51.188606
124,1.240000,0.006105,-0.009972,-0.023469,0.999656,124.171440,420.993835,51.180008
125,1.250000,0.006274,-0.010445,-0.023242,0.999656,123.745171,420.969238,51.160290
126,1.260000,0.004994,-0.014208,-0.013996,0.999789,123.388878,420.964050,51.167316
127,1.270000,0.004788,-0.013938,-0.013825,0.999796,123.078880,420.984924,51.179478
128,1.280000,0.006167,-0.011014,-0.022061,0.999677,122.735123,420.967957,51.156822
129,1.290000,0.006265,-0.010158,-0.023315,0.999657,122.447769,420.983948,51.143940
130,1.300000,0.004927,-0.013296,-0.014834,0.999789,122.203049,420.997498,51.157066
131,1.310000,0.004807,-0.015191,-0.012401,0.999796,121.842255,420.977234,51.132717
132,1.320000,0.004879,-0.014922,-0.012959,0.999793,121.596458,420.973877,51.116333
133,1.330000,0.006016,-0.010803,-0.021804,0.999686,121.384644,420.980286,51.090424
134,1.340000,0.006218,-0.010290,-0.023298,0.999656,121.163391,420.975006,51.062450
135,1.350000,0.004836,-0.014275,-0.014250,0.999785,120.958466,420.980804,51.073185
136,1.360000,0.004705,-0.015494,-0.012310,0.999793,120.713211,420.966858,51.081375
137,1.370000,0.004813,-0.014977,-0.013052,0.999791,120.530060,420.971680,51.084034
138,1.380000,0.004809,-0.014450,-0.013315,0.999795,120.342384,420.983704,51.086388
139,1.390000,0.006129,-0.010687,-0.022237,0.999677,120.123795,420.982758,51.062748
140,1.400000,0.006368,-0.009953,-0.023592,0.999652,119.932259,420.978394,51.067638
141,1.410000,0.005121,-0.014326,-0.014203,0.999783,119.703346,420.966827,51.087681
142,1.420000,0.004907,-0.014663,-0.013249,0.999793,119.507103,420.970123,51.081970
143,1.430000,0.004899,-0.014305,-0.013648,0.999793,119.340630,420.967285,51.081032
144,1.440000,0.004988,-0.014680,-0.013325,0.999791,119.131615,420.950287,51.063534
145,1.450000,0.005007,-0.014767,-0.012998,0.999794,118.930679,420.937927,51.055946
146,1.460000,0.006211,-0.010600,-0.022340,0.999675,118.769760,420.955017,51.037582
147,1.470000,0.006257,-0.010606,-0.022884,0.999662,118.561966,420.970581,51.033794
148,1.480000,0.006253,-0.010413,-0.023132,0.999659,118.417900,420.972015,51.025322
149,1.490000,0.004932,-0.013867,-0.014616,0.999785,118.286125,420.973206,51.034046
150,1.500000,0.004880,-0.014983,-0.012899,0.999793,118.085831,420.953033,51.005131
151,1.510000,0.004852,-0.014653,-0.013084,0.999795,117.940407,420.953156,50.999001
152,1.520000,0.004860,-0.014521,-0.013125,0.999797,117.790993,420.947571,50.995747
153,1.530000,0.004911,-0.014418,-0.013552,0.999792,117.629913,420.938416,51.003201
154,1.540000,0.004890,-0.014612,-0.013368,0.999792,117.455383,420.935150,51.007996
155,1.550000,0.006088,-0.011122,-0.021825,0.999681,117.279373,420.939087,50.993023
156,1.560000,0.006303,-0.010524,-0.023213,0.999655,117.129593,420.933533,50.993999
157,1.570000,0.006390,-0.010541,-0.023304,0.999652,116.999382,420.918976,50.996189
158,1.580000,0.005109,-0.014312,-0.014339,0.999782,116.880013,420.917114,51.016094
159,1.590000,0.004954,-0.014981,-0.012998,0.999791,116.778236,420.924194,51.020927
160,1.600000,0.005095,-0.014689,-0.013176,0.999792,116.715248,420.917786,51.036575
161,1.610000,0.005189,-0.014758,-0.013347,0.999789,116.651001,420.915375,51.045918
162,1.620000,0.005259,-0.014708,-0.013349,0.999789,116.608162,420.915680,51.052097
163,1.630000,0.005259,-0.014492,-0.013612,0.999789,116.587242,420.918793,51.057400
164,1.640000,0.005231,-0.014425,-0.013594,0.999790,116.572479,420.919556,51.051743
165,1.650000,0.005191,-0.014413,-0.013586,0.999790,116.562752,420.920288,51.042957
166,1.660000,0.005165,-0.014515,-0.013384,0.999792,116.557571,420.921967,51.028809
167,1.670000,0.005104,-0.014311,-0.013661,0.999791,116.555054,420.925903,51.025150
168,1.680000,0.005086,-0.014256,-0.013716,0.999791,116.547485,420.927063,51.023182
169,1.690000,0.005097,-0.014250,-0.013738,0.999791,116.535477,420.925781,51.024845
170,1.700000,0.005142,-0.014328,-0.013714,0.999790,116.524117,420.923950,51.026630
171,1.710000,0.005161,-0.014320,-0.013735,0.999790,116.507713,420.925110,51.029724
172,1.720000,0.005159,-0.014317,-0.013770,0.999789,116.491478,420.929382,51.028152
173,1.730000,0.005147,-0.014732,-0.013356,0.999789,116.440269,420.928802,51.026081
174,1.740000,0.005111,-0.014585,-0.013460,0.999790,116.413048,420.928711,51.026165
175,1.750000,0.005079,-0.014591,-0.013440,0.999790,116.383598,420.933411,51.015957
176,1.760000,0.005071,-0.014617,-0.013234,0.999793,116.335381,420.935944,51.004234
177,1.770000,0.005076,-0.015158,-0.012620,0.999793,116.259399,420.927765,50.979927
178,1.780000,0.005108,-0.015165,-0.012740,0.999791,116.200287,420.927399,50.972157
179,1.790000,0.005108,-0.015123,-0.012761,0.999791,116.146759,420.924896,50.971905
180,1.800000,0.005060,-0.015087,-0.012721,0.999793,116.079590,420.922668,50.963608
181,1.810000,0.006238,-0.011161,-0.021678,0.999683,116.009117,420.928864,50.937481
182,1.820000,0.006373,-0.010361,-0.023219,0.999656,115.941032,420.935425,50.942394
183,1.830000,0.006357,-0.010164,-0.023607,0.999650,115.851326,420.940826,50.950203
184,1.840000,0.006329,-0.009869,-0.023857,0.999647,115.777161,420.948242,50.959637
185,1.850000,0.005185,-0.013879,-0.014875,0.999780,115.671997,420.942108,50.982235
186,1.860000,0.005134,-0.014896,-0.013077,0.999790,115.525543,420.925018,50.992073
187,1.870000,0.005176,-0.014501,-0.013484,0.999791,115.443245,420.921783,51.012012
188,1.880000,0.005242,-0.015145,-0.012936,0.999788,115.304794,420.905243,51.011822
189,1.890000,0.005264,-0.015132,-0.013063,0.999786,115.205849,420.895233,51.003368
190,1.900000,0.005251,-0.015105,-0.013110,0.999786,115.115578,420.892944,50.995018
191,1.910000,0.005254,-0.015005,-0.013075,0.999788,115.015686,420.890137,50.987473
192,1.920000,0.005238,-0.014977,-0.013045,0.999789,114.930031,420.890839,50.979774
193,1.930000,0.005163,-0.014804,-0.013119,0.999791,114.845573,420.905701,50.970505
194,1.940000,0.005135,-0.014661,-0.013252,0.999792,114.764999,420.908081,50.970367
195,1.950000,0.005237,-0.014365,-0.013637,0.999790,114.675896,420.903687,50.979965
196,1.960000,0.005338,-0.014196,-0.013750,0.999790,114.589279,420.894287,50.996414
197,1.970000,0.006616,-0.010618,-0.022270,0.999674,114.487961,420.890137,50.990570
198,1.980000,0.006777,-0.009851,-0.023607,0.999650,114.406876,420.888336,51.006809
199,1.990000,0.006804,-0.010571,-0.022930,0.999658,114.260078,420.876221,51.005718
200,2.000000,0.005598,-0.014423,-0.014238,0.999779,114.135765,420.869507,51.020527
201,2.010000,0.005354,-0.014674,-0.013457,0.999788,114.029160,420.881104,51.012039
202,2.020000,0.005289,-0.014555,-0.013572,0.999788,113.932556,420.883850,50.998791
203,2.030000,0.005297,-0.014518,-0.013528,0.999789,113.828247,420.884216,50.991913
204,2.040000,0.005278,-0.014515,-0.013583,0.999788,113.734863,420.892395,50.986816
205,2.050000,0.005338,-0.014356,-0.013964,0.999785,113.657578,420.895203,50.982979
206,2.060000,0.005352,-0.014301,-0.014045,0.999785,113.590218,420.895264,50.982849
207,2.070000,0.005399,-0.014586,-0.013765,0.999784,113.501556,420.882751,50.985638
208,2.080000,0.005495,-0.015015,-0.013283,0.999784,113.409439,420.867584,50.975269
209,2.090000,0.005515,-0.015197,-0.013022,0.999785,113.338577,420.862183,50.968212
210,2.100000,0.005515,-0.015235,-0.013075,0.999783,113.277161,420.858002,50.958961
211,2.110000,0.005478,-0.015151,-0.013142,0.999784,113.201698,420.856079,50.951084
212,2.120000,0.006660,-0.011396,-0.021685,0.999678,113.128448,420.862579,50.921227
213,2.130000,0.006679,-0.010836,-0.022801,0.999659,113.031715,420.881531,50.901356
214,2.140000,0.005272,-0.014425,-0.014114,0.999783,112.929123,420.906708,50.899418
215,2.150000,0.005062,-0.014757,-0.013293,0.999790,112.816574,420.915192,50.881088
216,2.160000,0.005005,-0.014345,-0.013735,0.999790,112.703331,420.919891,50.869202
217,2.170000,0.005030,-0.014604,-0.013543,0.999789,112.552605,420.906097,50.846878
218,2.180000,0.005055,-0.014510,-0.013549,0.999790,112.411903,420.893188,50.836670
219,2.190000,0.005052,-0.014408,-0.013584,0.999791,112.289612,420.886566,50.832352
220,2.200000,0.005003,-0.014488,-0.013435,0.999792,112.155289,420.881927,50.824219
221,2.210000,0.004987,-0.014649,-0.013218,0.999793,112.022949,420.875031,50.823444
222,2.220000,0.004979,-0.014377,-0.013543,0.999793,111.915840,420.876526,50.828789
223,2.230000,0.006200,-0.010625,-0.022163,0.999679,111.802444,420.884033,50.823524
224,2.240000,0.006402,-0.009898,-0.023570,0.999653,111.711876,420.887909,50.834568
225,2.250000,0.005229,-0.014041,-0.014623,0.999781,111.581627,420.879150,50.840973
226,2.260000,0.005076,-0.014578,-0.013566,0.999789,111.460915,420.874329,50.839024
227,2.270000,0.005133,-0.014688,-0.013556,0.999787,111.332680,420.862823,50.835850
228,2.280000,0.005143,-0.014690,-0.013367,0.999790,111.194550,420.857269,50.830032
229,2.290000,0.005150,-0.014960,-0.013002,0.999790,111.057838,420.845581,50.823135
230,2.300000,0.005058,-0.014545,-0.013357,0.999792,110.943367,420.856293,50.815678
231,2.310000,0.005023,-0.014014,-0.013816,0.999794,110.818466,420.867279,50.806164
232,2.320000,0.004977,-0.014466,-0.013521,0.999792,110.644775,420.869019,50.772339
233,2.330000,0.004907,-0.014900,-0.013020,0.999792,110.483795,420.873383,50.737461
234,2.340000,0.004834,-0.014758,-0.013183,0.999793,110.351700,420.876526,50.713600
235,2.350000,0.004750,-0.014664,-0.013305,0.999793,110.228935,420.878662,50.700897
236,2.360000,0.004678,-0.014619,-0.013332,0.999793,110.097412,420.878571,50.703236
237,2.370000,0.004678,-0.014440,-0.013406,0.999795,109.953514,420.869263,50.712505
238,2.380000,0.004807,-0.014751,-0.013117,0.999794,109.766418,420.844940,50.712944
239,2.390000,0.004821,-0.014586,-0.013369,0.999793,109.599411,420.840271,50.716957
240,2.400000,0.004837,-0.014674,-0.013304,0.999792,109.421059,420.839783,50.718388
241,2.410000,0.004844,-0.014533,-0.013539,0.999791,109.258049,420.844604,50.717476
242,2.420000,0.004828,-0.014231,-0.013725,0.999793,109.096085,420.850159,50.712330
243,2.430000,0.004772,-0.014395,-0.013373,0.999796,108.907188,420.852417,50.698536
244,2.440000,0.004940,-0.014843,-0.013037,0.999793,108.681496,420.819550,50.680229
245,2.450000,0.004988,-0.014848,-0.013116,0.999791,108.505989,420.811066,50.678024
246,2.460000,0.004968,-0.014386,-0.013543,0.999793,108.344055,420.804901,50.695953
247,2.470000,0.005030,-0.014371,-0.013497,0.999793,108.174812,420.794800,50.716034
248,2.480000,0.005087,-0.014311,-0.013634,0.999792,108.013878,420.793152,50.734623
249,2.490000,0.005130,-0.014210,-0.013602,0.999793,107.872849,420.788818,50.747089
250,2.500000,0.005185,-0.014662,-0.013074,0.999794,107.712059,420.779449,50.749493
251,2.510000,0.005218,-0.014626,-0.013156,0.999793,107.583778,420.781677,50.747158
252,2.520000,0.005185,-0.014420,-0.013453,0.999792,107.476181,420.785187,50.742001
253,2.530000,0.005134,-0.014443,-0.013447,0.999792,107.351578,420.791931,50.721634
254,2.540000,0.005032,-0.014124,-0.013905,0.999791,107.299988,420.800781,50.699677
255,2.550000,0.004895,-0.014104,-0.013644,0.999795,107.167259,420.822510,50.677773
256,2.560000,0.004822,-0.013973,-0.013919,0.999794,107.138680,420.822540,50.663319
257,2.570000,0.004769,-0.013956,-0.013797,0.999796,107.078819,420.821747,50.647362
258,2.580000,0.004745,-0.013877,-0.013952,0.999795,107.080772,420.816528,50.640255
259,2.590000,0.004747,-0.013829,-0.013916,0.999796,107.061218,420.821259,50.644005
260,2.600000,0.004763,-0.013846,-0.013954,0.999795,107.074661,420.825317,50.647312
261,2.610000,0.004745,-0.013851,-0.013983,0.999795,107.080688,420.830719,50.641239
262,2.620000,0.004719,-0.013913,-0.013917,0.999795,107.087471,420.837860,50.631844
263,2.630000,0.004698,-0.013893,-0.014090,0.999793,107.104057,420.844391,50.632664
264,2.640000,0.004691,-0.014007,-0.013924,0.999794,107.097626,420.843475,50.627789
265,2.650000,0.004675,-0.013991,-0.013932,0.999794,107.097351,420.842285,50.619205
266,2.660000,0.004670,-0.014045,-0.013861,0.999794,107.084991,420.841431,50.611095
267,2.670000,0.004688,-0.013956,-0.014025,0.999793,107.087914,420.841064,50.618111
268,2.680000,0.004772,-0.013995,-0.013950,0.999793,107.078194,420.846466,50.633766
269,2.690000,0.004854,-0.014306,-0.013708,0.999792,107.062408,420.849426,50.651039
270,2.700000,0.004927,-0.014341,-0.013921,0.999788,107.068123,420.861420,50.668961
271,2.710000,0.005060,-0.014313,-0.014109,0.999785,107.084099,420.876648,50.689308
272,2.720000,0.005165,-0.014331,-0.014183,0.999783,107.103821,420.890717,50.709881
273,2.730000,0.005211,-0.014453,-0.014208,0.999781,107.127090,420.909302,50.715611
274,2.740000,0.005253,-0.014512,-0.014262,0.999779,107.144844,420.921448,50.719223
275,2.750000,0.005326,-0.014554,-0.014310,0.999777,107.163849,420.936127,50.731323
276,2.760000,0.005385,-0.014517,-0.014383,0.999777,107.182884,420.952698,50.749199
277,2.770000,0.005406,-0.014558,-0.014358,0.999776,107.186287,420.967804,50.754181
278,2.780000,0.005358,-0.014555,-0.014415,0.999776,107.186623,420.977875,50.742023
279,2.790000,0.005314,-0.014605,-0.014443,0.999775,107.167511,420.984222,50.724594
280,2.800000,0.005348,-0.014554,-0.014574,0.999774,107.165779,420.990082,50.721504
281,2.810000,0.005391,-0.014536,-0.014700,0.999772,107.160858,421.010620,50.724586
282,2.820000,0.005359,-0.014533,-0.014871,0.999770,107.164757,421.043732,50.723370
283,2.830000,0.005231,-0.014417,-0.015125,0.999768,107.173782,421.085144,50.718918
284,2.840000,0.005277,-0.014407,-0.015212,0.999767,107.172630,421.099396,50.728107
285,2.850000,0.005370,-0.014407,-0.015238,0.999766,107.165619,421.107391,50.751125
286,2.860000,0.005397,-0.014338,-0.015348,0.999765,107.169876,421.125366,50.763641
287,2.870000,0.005455,-0.014381,-0.015443,0.999762,107.172577,421.139252,50.764229
288,2.880000,0.005453,-0.014416,-0.015537,0.999761,107.175812,421.160858,50.767666
289,2.890000,0.005462,-0.014411,-0.015556,0.999760,107.184036,421.172729,50.780216
290,2.900000,0.005580,-0.014715,-0.015309,0.999759,107.174416,421.169830,50.806107
291,2.910000,0.005680,-0.014735,-0.015379,0.999757,107.187004,421.178619,50.820713
292,2.920000,0.005695,-0.014432,-0.015753,0.999756,107.218903,421.196899,50.818020
293,2.930000,0.005673,-0.014353,-0.015942,0.999754,107.237991,421.213135,50.810616
294,2.940000,0.005647,-0.014320,-0.016002,0.999754,107.237701,421.223572,50.799965
295,2.950000,0.005649,-0.014307,-0.016004,0.999754,107.230476,421.228638,50.794170
296,2.960000,0.005617,-0.014323,-0.016012,0.999753,107.219368,421.232635,50.794384
297,2.970000,0.005646,-0.014630,-0.015704,0.999754,107.191185,421.222565,50.800667
298,2.980000,0.005704,-0.014684,-0.015685,0.999753,107.167084,421.213898,50.817066
299,2.990000,0.005729,-0.014655,-0.015734,0.999752,107.148666,421.209015,50.823734
300,3.000000,0.005650,-0.014677,-0.015746,0.999752,107.119102,421.213440,50.811378
301,3.010000,0.005546,-0.014720,-0.015754,0.999752,107.082008,421.227814,50.781845
302,3.020000,0.005445,-0.014708,-0.015822,0.999752,107.032120,421.240082,50.745842
303,3.030000,0.005333,-0.014730,-0.015615,0.999755,106.957283,421.256500,50.706554
304,3.040000,0.005248,-0.014536,-0.015744,0.999757,106.886650,421.274139,50.693176
305,3.050000,0.006415,-0.010768,-0.024253,0.999627,106.822945,421.285095,50.679649
306,3.060000,0.005443,-0.014397,-0.016104,0.999752,106.729027,421.273590,50.716507
307,3.070000,0.005215,-0.016406,-0.011742,0.999783,106.663109,421.242706,50.749100
308,3.080000,0.005877,-0.014296,-0.016214,0.999749,106.628044,421.239471,50.799168
309,3.090000,0.007148,-0.010188,-0.024934,0.999612,106.610100,421.223877,50.831852
310,3.100000,0.006264,-0.013712,-0.017356,0.999736,106.538574,421.182587,50.854553
311,3.110000,0.006136,-0.014529,-0.015708,0.999752,106.484184,421.146484,50.850010
312,3.120000,0.006161,-0.014335,-0.015787,0.999754,106.452026,421.123962,50.853390
313,3.130000,0.006048,-0.014170,-0.015919,0.999755,106.417336,421.118744,50.846813
314,3.140000,0.005873,-0.014283,-0.015875,0.999755,106.356613,421.124878,50.808014
315,3.150000,0.005656,-0.014292,-0.015812,0.999757,106.289337,421.136078,50.763935
316,3.160000,0.005518,-0.014377,-0.015719,0.999758,106.204521,421.146820,50.738342
317,3.170000,0.005479,-0.014368,-0.015674,0.999759,106.126350,421.153534,50.733608
318,3.180000,0.005458,-0.014312,-0.015772,0.999758,106.057571,421.164703,50.728039
319,3.190000,0.005373,-0.014193,-0.015951,0.999758,105.997292,421.180450,50.707417
320,3.200000,0.005189,-0.014094,-0.016095,0.999758,105.949783,421.213135,50.680458
321,3.210000,0.005294,-0.014744,-0.015448,0.999758,105.837570,421.189636,50.658669
322,3.220000,0.005352,-0.014466,-0.015791,0.999756,105.750679,421.166656,50.660870
323,3.230000,0.005362,-0.014504,-0.015557,0.999759,105.655479,421.145782,50.667286
324,3.240000,0.005369,-0.014252,-0.015909,0.999757,105.567184,421.135895,50.681000
325,3.250000,0.005416,-0.014108,-0.016294,0.999753,105.470573,421.137054,50.692558
326,3.260000,0.005438,-0.013904,-0.016493,0.999753,105.376106,421.147888,50.715160
327,3.270000,0.005407,-0.013706,-0.016688,0.999752,105.276718,421.151459,50.733932
328,3.280000,0.005431,-0.013902,-0.016363,0.999755,105.159286,421.138702,50.737099
329,3.290000,0.005432,-0.013896,-0.016243,0.999757,105.072243,421.129883,50.737614
330,3.300000,0.005433,-0.013921,-0.016246,0.999756,105.007690,421.116913,50.742756
331,3.310000,0.005496,-0.014293,-0.015663,0.999760,104.920776,421.100616,50.756210
332,3.320000,0.005509,-0.014290,-0.015653,0.999760,104.894783,421.092743,50.765625
333,3.330000,0.005507,-0.014262,-0.015677,0.999760,104.891441,421.087372,50.767479
334,3.340000,0.005442,-0.014347,-0.015663,0.999760,104.905602,421.089630,50.752148
335,3.350000,0.005397,-0.014265,-0.015844,0.999758,104.923820,421.096954,50.743671
336,3.360000,0.005447,-0.014311,-0.015686,0.999760,104.920921,421.095520,50.754242
337,3.370000,0.005503,-0.014233,-0.015636,0.999761,104.912666,421.092529,50.764282
338,3.380000,0.005471,-0.014273,-0.015671,0.999760,104.909416,421.089539,50.756950
339,3.390000,0.005441,-0.014371,-0.015605,0.999760,104.890839,421.082184,50.744198
340,3.400000,0.005441,-0.014353,-0.015565,0.999761,104.865150,421.069275,50.741100
341,3.410000,0.005525,-0.014172,-0.015661,0.999762,104.846184,421.052124,50.751495
342,3.420000,0.005521,-0.014228,-0.015595,0.999762,104.829056,421.056366,50.751286
343,3.430000,0.005494,-0.014230,-0.015616,0.999762,104.830040,421.059204,50.747589
344,3.440000,0.005469,-0.014196,-0.015674,0.999761,104.836601,421.061096,50.748058
345,3.450000,0.005464,-0.014217,-0.015648,0.999762,104.838409,421.062042,50.751923
346,3.460000,0.005515,-0.014881,-0.014561,0.999768,104.781685,421.068268,50.746418
347,3.470000,0.005536,-0.014909,-0.014485,0.999769,104.760735,421.066986,50.750774
348,3.480000,0.005540,-0.014895,-0.014539,0.999768,104.738785,421.068115,50.751446
349,3.490000,0.005529,-0.014835,-0.014614,0.999768,104.703812,421.071777,50.746567
350,3.500000,0.005550,-0.015294,-0.014064,0.999769,104.625023,421.051910,50.731468
351,3.510000,0.005566,-0.015197,-0.013918,0.999772,104.555069,421.031921,50.737247
352,3.520000,0.005642,-0.015064,-0.014156,0.999770,104.494545,421.009155,50.736099
353,3.530000,0.005622,-0.014933,-0.014341,0.999770,104.431870,420.997314,50.739323
354,3.540000,0.005618,-0.014930,-0.014431,0.999769,104.368584,420.995514,50.741707
355,3.550000,0.005631,-0.014819,-0.014580,0.999768,104.315102,420.996796,50.748051
356,3.560000,0.005655,-0.014832,-0.014667,0.999766,104.252403,420.989349,50.744019
357,3.570000,0.005630,-0.014736,-0.014669,0.999768,104.188568,420.979279,50.733234
358,3.580000,0.005551,-0.014573,-0.014695,0.999770,104.120804,420.968597,50.714890
359,3.590000,0.005496,-0.014395,-0.014758,0.999772,104.041611,420.961212,50.701443
360,3.600000,0.005463,-0.014315,-0.014872,0.999772,103.965027,420.950012,50.692436
361,3.610000,0.005485,-0.014593,-0.014515,0.999773,103.855820,420.922882,50.701843
362,3.620000,0.005541,-0.014642,-0.014279,0.999775,103.745316,420.892029,50.718739
363,3.630000,0.005428,-0.015368,-0.012774,0.999786,103.617065,420.882904,50.732815
364,3.640000,0.005545,-0.015551,-0.012395,0.999787,103.508629,420.892212,50.744564
365,3.650000,0.005731,-0.014939,-0.013692,0.999778,103.446487,420.904938,50.747131
366,3.660000,0.005725,-0.014924,-0.013814,0.999777,103.383545,420.905029,50.736465
367,3.670000,0.005702,-0.014891,-0.013880,0.999777,103.327415,420.898407,50.729031
368,3.680000,0.005743,-0.014885,-0.013853,0.999777,103.270805,420.873993,50.727993
369,3.690000,0.005792,-0.014233,-0.014891,0.999771,103.268524,420.835907,50.746193
370,3.700000,0.005813,-0.013986,-0.015299,0.999768,103.239349,420.812378,50.764389
371,3.710000,0.005870,-0.013946,-0.015434,0.999766,103.190041,420.795929,50.781727
372,3.720000,0.005922,-0.013773,-0.015559,0.999767,103.138123,420.783325,50.799011
373,3.730000,0.005954,-0.013827,-0.015341,0.999769,103.065880,420.764343,50.810394
374,3.740000,0.006010,-0.014475,-0.014207,0.999776,102.942955,420.747711,50.806267
375,3.750000,0.005982,-0.014051,-0.014806,0.999774,102.906944,420.716614,50.820614
376,3.760000,0.005960,-0.013913,-0.014877,0.999775,102.859436,420.690979,50.828823
377,3.770000,0.005956,-0.013775,-0.014877,0.999777,102.817131,420.671997,50.835411
378,3.780000,0.005989,-0.013927,-0.014731,0.999777,102.784180,420.675934,50.837284
379,3.790000,0.005984,-0.013848,-0.014808,0.999777,102.766060,420.676117,50.838390
380,3.800000,0.005993,-0.013833,-0.014855,0.999776,102.751541,420.679016,50.834538
381,3.810000,0.005952,-0.013750,-0.014922,0.999776,102.739182,420.684875,50.822765
382,3.820000,0.005935,-0.014404,-0.013817,0.999783,102.663467,420.695679,50.795994
383,3.830000,0.005851,-0.013821,-0.014781,0.999778,102.688347,420.701050,50.788651
384,3.840000,0.005823,-0.013480,-0.015295,0.999775,102.687363,420.720459,50.793015
385,3.850000,0.005903,-0.013632,-0.015193,0.999774,102.646935,420.718231,50.809464
386,3.860000,0.006008,-0.013713,-0.015139,0.999773,102.605766,420.713379,50.833458
387,3.870000,0.006054,-0.013681,-0.015194,0.999773,102.572906,420.705811,50.853256
388,3.880000,0.006087,-0.013481,-0.015310,0.999773,102.532730,420.689453,50.873577
389,3.890000,0.006137,-0.013597,-0.015119,0.999774,102.478828,420.666016,50.876415
390,3.900000,0.006058,-0.013736,-0.014943,0.999776,102.426178,420.664673,50.861015
391,3.910000,0.006018,-0.013729,-0.014926,0.999776,102.379341,420.661652,50.844498
392,3.920000,0.007088,-0.010166,-0.023111,0.999656,102.336395,420.666687,50.813526
393,3.930000,0.005871,-0.013365,-0.015495,0.999773,102.282333,420.677216,50.813854
394,3.940000,0.005900,-0.013521,-0.015185,0.999776,102.194725,420.671844,50.797688
395,3.950000,0.005904,-0.013513,-0.015282,0.999775,102.128845,420.661438,50.792458
396,3.960000,0.006043,-0.013305,-0.015412,0.999775,102.025589,420.649933,50.810383
397,3.970000,0.006106,-0.013315,-0.015530,0.999772,101.931709,420.641724,50.827435
398,3.980000,0.006182,-0.013163,-0.015839,0.999769,101.843864,420.635651,50.847095
399,3.990000,0.006234,-0.013355,-0.015606,0.999770,101.716812,420.614319,50.864346
400,4.000000,0.006296,-0.013541,-0.015336,0.999771,101.576759,420.587463,50.880424
401,4.010000,0.006345,-0.013786,-0.014992,0.999772,101.432159,420.557404,50.878819
402,4.020000,0.006191,-0.014087,-0.013888,0.999785,101.289330,420.552307,50.874332
403,4.030000,0.006248,-0.013589,-0.014925,0.999777,101.142059,420.557770,50.860664
404,4.040000,0.006232,-0.013574,-0.015012,0.999776,100.995842,420.546814,50.847458
405,4.050000,0.006176,-0.013285,-0.015417,0.999774,100.860168,420.531738,50.846073
406,4.060000,0.006158,-0.012978,-0.015695,0.999774,100.739639,420.515900,50.849041
407,4.070000,0.006230,-0.013150,-0.015513,0.999774,100.600662,420.492188,50.852161
408,4.080000,0.006274,-0.013467,-0.015235,0.999774,100.491974,420.482239,50.856640
409,4.090000,0.006381,-0.013619,-0.015113,0.999773,100.401382,420.476959,50.856361
410,4.100000,0.006419,-0.013531,-0.015122,0.999774,100.329445,420.480316,50.859974
411,4.110000,0.006404,-0.013455,-0.015192,0.999774,100.275032,420.479340,50.854542
412,4.120000,0.006299,-0.013273,-0.015307,0.999775,100.240700,420.481750,50.849339
413,4.130000,0.006317,-0.013215,-0.015210,0.999777,100.202911,420.457336,50.845890
414,4.140000,0.006391,-0.013461,-0.014792,0.999780,100.160789,420.434113,50.848209
415,4.150000,0.006414,-0.013472,-0.014766,0.999780,100.147514,420.430054,50.853043
416,4.160000,0.006422,-0.013502,-0.014717,0.999780,100.143021,420.430847,50.861485
417,4.170000,0.006500,-0.013477,-0.014750,0.999779,100.144104,420.424011,50.881336
418,4.180000,0.006535,-0.013487,-0.014831,0.999778,100.150520,420.423218,50.893456
419,4.190000,0.006524,-0.013472,-0.014864,0.999777,100.148552,420.425720,50.894230
420,4.200000,0.006514,-0.013446,-0.014922,0.999777,100.139809,420.428497,50.890320
421,4.210000,0.006524,-0.013438,-0.014958,0.999777,100.127327,420.432587,50.886044
422,4.220000,0.006471,-0.013297,-0.015096,0.999777,100.123680,420.447968,50.886791
423,4.230000,0.006453,-0.013236,-0.015193,0.999776,100.114357,420.451965,50.881786
424,4.240000,0.006425,-0.013224,-0.015225,0.999776,100.103279,420.455292,50.874569
425,4.250000,0.006412,-0.013243,-0.015206,0.999776,100.087090,420.460327,50.874489
426,4.260000,0.006465,-0.013219,-0.015246,0.999775,100.064812,420.457092,50.891640
427,4.270000,0.006530,-0.013167,-0.015317,0.999775,100.044281,420.453552,50.908104
428,4.280000,0.006553,-0.013147,-0.015576,0.999771,100.015572,420.459290,50.900574
429,4.290000,0.006555,-0.013247,-0.015459,0.999771,99.977776,420.467072,50.893169
430,4.300000,0.006570,-0.013218,-0.015468,0.999771,99.948929,420.472107,50.893147
431,4.310000,0.006536,-0.013181,-0.015519,0.999771,99.924294,420.480713,50.889492
432,4.320000,0.006524,-0.013136,-0.015604,0.999771,99.902885,420.487732,50.884663
433,4.330000,0.006515,-0.013144,-0.015669,0.999770,99.873627,420.489868,50.872406
434,4.340000,0.006377,-0.013379,-0.015193,0.999775,99.842140,420.494904,50.858288
435,4.350000,0.006350,-0.013449,-0.014959,0.999777,99.772911,420.498810,50.847031
436,4.360000,0.006347,-0.013210,-0.015293,0.999776,99.732834,420.498291,50.845226
437,4.370000,0.006370,-0.013122,-0.015381,0.999775,99.656082,420.499634,50.849461
438,4.380000,0.006375,-0.013463,-0.015119,0.999775,99.549355,420.502075,50.853519
439,4.390000,0.006539,-0.013779,-0.015414,0.999765,99.401970,420.498352,50.848000
440,4.400000,0.006572,-0.013592,-0.015672,0.999763,99.288147,420.493469,50.848480
441,4.410000,0.006540,-0.013622,-0.015448,0.999767,99.148567,420.482056,50.843487
442,4.420000,0.006549,-0.013609,-0.015501,0.999766,98.994286,420.466400,50.833397
443,4.430000,0.006568,-0.013464,-0.015567,0.999767,98.845177,420.447693,50.835770
444,4.440000,0.006581,-0.013218,-0.015592,0.999769,98.709602,420.432220,50.845905
445,4.450000,0.006586,-0.012991,-0.015757,0.999770,98.584312,420.417786,50.863846
446,4.460000,0.006600,-0.012843,-0.015976,0.999768,98.474190,420.402191,50.875393
447,4.470000,0.006574,-0.013500,-0.015412,0.999769,98.336884,420.388916,50.865414
448,4.480000,0.006529,-0.013322,-0.015749,0.999766,98.256004,420.401245,50.841095
449,4.490000,0.006396,-0.013593,-0.015065,0.999774,98.172638,420.419891,50.824051
450,4.500000,0.006344,-0.013757,-0.014759,0.999776,98.078224,420.429108,50.808128
451,4.510000,0.006547,-0.013038,-0.016192,0.999762,97.984795,420.439575,50.811440
452,4.520000,0.006627,-0.013107,-0.015971,0.999765,97.892868,420.433075,50.827473
453,4.530000,0.006753,-0.013057,-0.015949,0.999765,97.834801,420.412872,50.856205
454,4.540000,0.006831,-0.013107,-0.015593,0.999769,97.811325,420.384552,50.887459
455,4.550000,0.006877,-0.013001,-0.015597,0.999770,97.803123,420.360382,50.904476
456,4.560000,0.006882,-0.013029,-0.015489,0.999772,97.794296,420.337067,50.900772
457,4.570000,0.006788,-0.013068,-0.015327,0.999774,97.788162,420.318939,50.878544
458,4.580000,0.006639,-0.013199,-0.015055,0.999777,97.780411,420.311615,50.841633
459,4.590000,0.006567,-0.013228,-0.014968,0.999779,97.789062,420.309998,50.822411
460,4.600000,0.006521,-0.013193,-0.014933,0.999780,97.798798,420.304840,50.814301
461,4.610000,0.006513,-0.013179,-0.014963,0.999780,97.805313,420.302490,50.818279
462,4.620000,0.006612,-0.013153,-0.015183,0.999776,97.819069,420.294495,50.846069
463,4.630000,0.006690,-0.013207,-0.015175,0.999775,97.801743,420.282257,50.880226
464,4.640000,0.006761,-0.013201,-0.015195,0.999775,97.785477,420.276886,50.901810
465,4.650000,0.006780,-0.013146,-0.015287,0.999774,97.761925,420.274719,50.906307
466,4.660000,0.006856,-0.013158,-0.015343,0.999772,97.731560,420.262604,50.896206
467,4.670000,0.006838,-0.013073,-0.015209,0.999775,97.709160,420.248993,50.889015
468,4.680000,0.006731,-0.013112,-0.014999,0.999779,97.682388,420.238098,50.869743
469,4.690000,0.006616,-0.013270,-0.014880,0.999779,97.672417,420.232788,50.852417
470,4.700000,0.006594,-0.013308,-0.014845,0.999780,97.680138,420.231323,50.848675
471,4.710000,0.006563,-0.013297,-0.014888,0.999779,97.698196,420.237244,50.848881
472,4.720000,0.006486,-0.013369,-0.014842,0.999779,97.705307,420.243561,50.831486
473,4.730000,0.006456,-0.013427,-0.014814,0.999779,97.702309,420.244110,50.817318
474,4.740000,0.006503,-0.013396,-0.014845,0.999779,97.694633,420.239838,50.824257
475,4.750000,0.006587,-0.013342,-0.014924,0.999778,97.683205,420.234131,50.844879
476,4.760000,0.006624,-0.013330,-0.014983,0.999777,97.672829,420.230927,50.850014
477,4.770000,0.006649,-0.013368,-0.014993,0.999776,97.654839,420.227051,50.849491
478,4.780000,0.006663,-0.013351,-0.015014,0.999776,97.641434,420.219666,50.851406
479,4.790000,0.006643,-0.013349,-0.015003,0.999776,97.636169,420.214569,50.840225
480,4.800000,0.006521,-0.013457,-0.015022,0.999775,97.615120,420.228333,50.803169
481,4.810000,0.006429,-0.013404,-0.015160,0.999775,97.585869,420.246765,50.767117
482,4.820000,0.006408,-0.013374,-0.015205,0.999774,97.529999,420.253418,50.759132
483,4.830000,0.006552,-0.013334,-0.015809,0.999765,97.447723,420.254822,50.752396
484,4.840000,0.006521,-0.013257,-0.015979,0.999763,97.376373,420.261688,50.737148
485,4.850000,0.006524,-0.013176,-0.016067,0.999763,97.284027,420.254272,50.729889
486,4.860000,0.006534,-0.012832,-0.016527,0.999760,97.186142,420.240417,50.743774
487,4.870000,0.006534,-0.012702,-0.016707,0.999758,97.073097,420.223389,50.751915
488,4.880000,0.006498,-0.013029,-0.016391,0.999760,96.905159,420.196228,50.754215
489,4.890000,0.007772,-0.009146,-0.025418,0.999605,96.733765,420.176147,50.751305
490,4.900000,0.006628,-0.012899,-0.016455,0.999759,96.585449,420.180359,50.764503
491,4.910000,0.006570,-0.013386,-0.015491,0.999769,96.427391,420.184570,50.772606
492,4.920000,0.006227,-0.013156,-0.014337,0.999791,96.347382,420.228455,50.773697
493,4.930000,0.006206,-0.012834,-0.014991,0.999786,96.221916,420.244568,50.758919
494,4.940000,0.006142,-0.012623,-0.015389,0.999783,96.105042,420.249084,50.748405
495,4.950000,0.006110,-0.012451,-0.015521,0.999783,95.985672,420.251831,50.724148
496,4.960000,0.006409,-0.012988,-0.016725,0.999755,95.762886,420.223053,50.690025
497,4.970000,0.006083,-0.012194,-0.016328,0.999774,95.731567,420.261871,50.675781
498,4.980000,0.006135,-0.012630,-0.015931,0.999775,95.592239,420.243622,50.671185
499,4.990000,0.006118,-0.012681,-0.015772,0.999777,95.489159,420.228333,50.671143
500,5.000000,0.006113,-0.012559,-0.015658,0.999780,95.385925,420.208649,50.671535
501,5.010000,0.006084,-0.012456,-0.015653,0.999781,95.311539,420.190857,50.670826
502,5.020000,0.006109,-0.012386,-0.015718,0.999781,95.255821,420.183258,50.682861
503,5.030000,0.006127,-0.012331,-0.015773,0.999781,95.214928,420.189209,50.691841
504,5.040000,0.006145,-0.012184,-0.016003,0.999779,95.192215,420.208435,50.688862
505,5.050000,0.006145,-0.012117,-0.016152,0.999777,95.187401,420.226410,50.681332
506,5.060000,0.006134,-0.012067,-0.016282,0.999776,95.193024,420.240356,50.676426
507,5.070000,0.006101,-0.012036,-0.016406,0.999774,95.202919,420.250427,50.664268
508,5.080000,0.006037,-0.012056,-0.016330,0.999776,95.210487,420.258972,50.655479
509,5.090000,0.006037,-0.012109,-0.016291,0.999776,95.213814,420.261780,50.649120
510,5.100000,0.006053,-0.012231,-0.016235,0.999775,95.217911,420.266327,50.646202
511,5.110000,0.006058,-0.012222,-0.016317,0.999774,95.219856,420.270386,50.646240
512,5.120000,0.005884,-0.012592,-0.015522,0.999783,95.211426,420.284302,50.645267
513,5.130000,0.005847,-0.012551,-0.015604,0.999782,95.182297,420.292572,50.653679
514,5.140000,0.005857,-0.012422,-0.015625,0.999784,95.149139,420.280273,50.672695
515,5.150000,0.005870,-0.012306,-0.015633,0.999785,95.107872,420.246704,50.696037
516,5.160000,0.006132,-0.011960,-0.016339,0.999776,95.066536,420.194824,50.715294
517,5.170000,0.006243,-0.011877,-0.016457,0.999775,95.056694,420.171600,50.734074
518,5.180000,0.006252,-0.011849,-0.016539,0.999773,95.064110,420.176819,50.732609
519,5.190000,0.006171,-0.012006,-0.016337,0.999775,95.071335,420.199615,50.699684
520,5.200000,0.005937,-0.012445,-0.015488,0.999785,95.059494,420.224609,50.664242
521,5.210000,0.005860,-0.012405,-0.015654,0.999783,95.015076,420.237122,50.644775
522,5.220000,0.005786,-0.012485,-0.015625,0.999783,94.918877,420.245758,50.624268
523,5.230000,0.005845,-0.012090,-0.016323,0.999777,94.808495,420.263000,50.615925
524,5.240000,0.005902,-0.012361,-0.016069,0.999777,94.675629,420.264984,50.604702
525,5.250000,0.006028,-0.012683,-0.016076,0.999772,94.509537,420.266693,50.619186
526,5.260000,0.005677,-0.010510,-0.018260,0.999762,94.503525,420.353546,50.668606
527,5.270000,0.005635,-0.009655,-0.019093,0.999755,94.412956,420.384399,50.700188
528,5.280000,0.005709,-0.009686,-0.019181,0.999753,94.277740,420.388214,50.717812
529,5.290000,0.005674,-0.010366,-0.018403,0.999761,94.105453,420.396606,50.743526
530,5.300000,0.005788,-0.010685,-0.018109,0.999762,93.905434,420.413391,50.766075
531,5.310000,0.006027,-0.010186,-0.018873,0.999752,93.683243,420.416443,50.783783
532,5.320000,0.006143,-0.010299,-0.018941,0.999749,93.422882,420.390289,50.783623
533,5.330000,0.006229,-0.010606,-0.018596,0.999752,93.167877,420.357544,50.793423
534,5.340000,0.006316,-0.010384,-0.018715,0.999751,92.914574,420.334351,50.805962
535,5.350000,0.006344,-0.010539,-0.018668,0.999750,92.689774,420.332397,50.795547
536,5.360000,0.006234,-0.010754,-0.018400,0.999754,92.493454,420.355072,50.777206
537,5.370000,0.006084,-0.011317,-0.017882,0.999758,92.290344,420.380585,50.733521
538,5.380000,0.006038,-0.011468,-0.017713,0.999759,92.123825,420.403717,50.690147
539,5.390000,0.006059,-0.010850,-0.018868,0.999745,91.969833,420.424927,50.643383
540,5.400000,0.006005,-0.010797,-0.018977,0.999744,91.817543,420.423737,50.632580
541,5.410000,0.005956,-0.010875,-0.018820,0.999746,91.670288,420.414642,50.623058
542,5.420000,0.005978,-0.010883,-0.018712,0.999748,91.527588,420.413422,50.615147
543,5.430000,0.005881,-0.011353,-0.018034,0.999756,91.403534,420.429871,50.606483
544,5.440000,0.005900,-0.011416,-0.017971,0.999756,91.306572,420.437958,50.607124
545,5.450000,0.005888,-0.011468,-0.017759,0.999759,91.221970,420.443909,50.605984
546,5.460000,0.005903,-0.011537,-0.017648,0.999760,91.151718,420.439240,50.608204
547,5.470000,0.005890,-0.011605,-0.017591,0.999761,91.090996,420.424500,50.604626
548,5.480000,0.005864,-0.011582,-0.017484,0.999763,91.024796,420.411987,50.585892
549,5.490000,0.005852,-0.011652,-0.017379,0.999764,90.961304,420.406128,50.552555
550,5.500000,0.005806,-0.011717,-0.017268,0.999765,90.926071,420.409027,50.531273
551,5.510000,0.005742,-0.011597,-0.017284,0.999767,90.915390,420.409027,50.517723
552,5.520000,0.005798,-0.011485,-0.017444,0.999765,90.938782,420.409821,50.522697
553,5.530000,0.005849,-0.011635,-0.017431,0.999763,90.957664,420.414032,50.536583
554,5.540000,0.005900,-0.011670,-0.017558,0.999760,90.986404,420.414764,50.562450
555,5.550000,0.005929,-0.011652,-0.017522,0.999761,91.002426,420.418182,50.590046
556,5.560000,0.005946,-0.011650,-0.017469,0.999762,90.989471,420.418091,50.601517
557,5.570000,0.005968,-0.011600,-0.017568,0.999761,90.969772,420.415710,50.611740
558,5.580000,0.005963,-0.011559,-0.017585,0.999761,90.951500,420.414459,50.619297
559,5.590000,0.005964,-0.011480,-0.017601,0.999761,90.930145,420.406830,50.622738
560,5.600000,0.005947,-0.011472,-0.017505,0.999763,90.913574,420.398834,50.621395
561,5.610000,0.005914,-0.011521,-0.017444,0.999764,90.917397,420.394470,50.616867
562,5.620000,0.005955,-0.011610,-0.017408,0.999763,90.913704,420.392059,50.603336
563,5.630000,0.005887,-0.011632,-0.017397,0.999764,90.918839,420.397430,50.580353
564,5.640000,0.005864,-0.011711,-0.017330,0.999764,90.916260,420.399780,50.561180
565,5.650000,0.005801,-0.011692,-0.017332,0.999765,90.902779,420.406128,50.552139
566,5.660000,0.005634,-0.011239,-0.018354,0.999753,90.882446,420.454132,50.494923
567,5.670000,0.005896,-0.011431,-0.018454,0.999747,90.825874,420.459625,50.503597
568,5.680000,0.005990,-0.011272,-0.018642,0.999745,90.768532,420.435120,50.557941
569,5.690000,0.006295,-0.011186,-0.018604,0.999745,90.676842,420.418732,50.666134
570,5.700000,0.006511,-0.011682,-0.018606,0.999737,90.597702,420.444458,50.698578
571,5.710000,0.006395,-0.011647,-0.018752,0.999736,90.552322,420.459015,50.669998
572,5.720000,0.006076,-0.011407,-0.018846,0.999739,90.495110,420.494751,50.608467
573,5.730000,0.005988,-0.011572,-0.018595,0.999742,90.432999,420.531982,50.553143
574,5.740000,0.005800,-0.011668,-0.018440,0.999745,90.319695,420.566681,50.487579
575,5.750000,0.005680,-0.011629,-0.018378,0.999747,90.218178,420.586182,50.446098
576,5.760000,0.005725,-0.011899,-0.018213,0.999747,90.093956,420.592560,50.436031
577,5.770000,0.005791,-0.011944,-0.018288,0.999745,89.991699,420.605927,50.457893
578,5.780000,0.005956,-0.011784,-0.018901,0.999734,89.875420,420.597046,50.475685
579,5.790000,0.005928,-0.011636,-0.018973,0.999735,89.761978,420.609253,50.490826
580,5.800000,0.005950,-0.011532,-0.019276,0.999730,89.666489,420.639069,50.497761
581,5.810000,0.005745,-0.012169,-0.018187,0.999744,89.544678,420.660095,50.500565
582,5.820000,0.005855,-0.011876,-0.018790,0.999736,89.408981,420.675293,50.496384
583,5.830000,0.005829,-0.011999,-0.018770,0.999735,89.284187,420.696228,50.484119
584,5.840000,0.005811,-0.011905,-0.018817,0.999735,89.182541,420.703308,50.478634
585,5.850000,0.005723,-0.011755,-0.018886,0.999736,89.102486,420.709503,50.464378
586,5.860000,0.005755,-0.011978,-0.018946,0.999732,89.011810,420.708191,50.433380
587,5.870000,0.005780,-0.012145,-0.018897,0.999731,88.930283,420.726440,50.417419
588,5.880000,0.005872,-0.011602,-0.020070,0.999714,88.865799,420.746918,50.427540
589,5.890000,0.005913,-0.011471,-0.020249,0.999712,88.799095,420.759796,50.452320
590,5.900000,0.005933,-0.011420,-0.020349,0.999710,88.737366,420.769043,50.462120
591,5.910000,0.005891,-0.011321,-0.020457,0.999709,88.675858,420.755615,50.464420
592,5.920000,0.005890,-0.011315,-0.020342,0.999712,88.618950,420.741394,50.452915
593,5.930000,0.005870,-0.011607,-0.019939,0.999717,88.545586,420.711792,50.427570
594,5.940000,0.005874,-0.011596,-0.019891,0.999718,88.472427,420.675781,50.412273
595,5.950000,0.005885,-0.011446,-0.019880,0.999720,88.410141,420.641510,50.415771
596,5.960000,0.005951,-0.011453,-0.019457,0.999727,88.328873,420.623230,50.448006
597,5.970000,0.006016,-0.011510,-0.019441,0.999727,88.276054,420.617493,50.470428
598,5.980000,0.006059,-0.011593,-0.019391,0.999726,88.224564,420.611084,50.478188
599,5.990000,0.006059,-0.011599,-0.019394,0.999726,88.178650,420.594116,50.468678
600,6.000000,0.006015,-0.011424,-0.019563,0.999725,88.137115,420.577881,50.451252
601,6.010000,0.005971,-0.011352,-0.019647,0.999725,88.102104,420.583038,50.431332
602,6.020000,0.005935,-0.011194,-0.019859,0.999723,88.077354,420.602020,50.419430
603,6.030000,0.005808,-0.011326,-0.019299,0.999733,88.044586,420.624237,50.421230
604,6.040000,0.005807,-0.011308,-0.019269,0.999734,88.010277,420.629364,50.432194
605,6.050000,0.005820,-0.011312,-0.019331,0.999732,87.984032,420.636078,50.436337
606,6.060000,0.005861,-0.011422,-0.019415,0.999729,87.958992,420.635773,50.424122
607,6.070000,0.005863,-0.011487,-0.019410,0.999729,87.935928,420.629608,50.411877
608,6.080000,0.005858,-0.011481,-0.019463,0.999728,87.913986,420.626251,50.410130
609,6.090000,0.005842,-0.011632,-0.019323,0.999729,87.877319,420.623047,50.411583
610,6.100000,0.005777,-0.011308,-0.019621,0.999727,87.854904,420.632263,50.427982
611,6.110000,0.005771,-0.011254,-0.019643,0.999727,87.820457,420.634247,50.426163
612,6.120000,0.005768,-0.011842,-0.019079,0.999731,87.747696,420.635284,50.398590
613,6.130000,0.005725,-0.012196,-0.018618,0.999736,87.679703,420.641235,50.365234
614,6.140000,0.005663,-0.012370,-0.018364,0.999739,87.612495,420.644135,50.327995
615,6.150000,0.005688,-0.012018,-0.019131,0.999729,87.554436,420.658630,50.313126
616,6.160000,0.005719,-0.011805,-0.019406,0.999726,87.492477,420.665100,50.327435
617,6.170000,0.005786,-0.011747,-0.019485,0.999724,87.410843,420.666656,50.355022
618,6.180000,0.005896,-0.011660,-0.019904,0.999717,87.313675,420.673004,50.386211
619,6.190000,0.005980,-0.011713,-0.019834,0.999717,87.208519,420.679535,50.409081
620,6.200000,0.006006,-0.011507,-0.020169,0.999712,87.094543,420.689331,50.426533
621,6.210000,0.006036,-0.011405,-0.020370,0.999709,87.010536,420.688232,50.422581
622,6.220000,0.006039,-0.011336,-0.020536,0.999707,86.925552,420.679077,50.404133
623,6.230000,0.005996,-0.011236,-0.020621,0.999706,86.857246,420.670929,50.380699
624,6.240000,0.005802,-0.011501,-0.019775,0.999721,86.781578,420.676117,50.359009
625,6.250000,0.005761,-0.011712,-0.019451,0.999726,86.680542,420.688263,50.342083
626,6.260000,0.005731,-0.012113,-0.019019,0.999729,86.556938,420.703186,50.321358
627,6.270000,0.005769,-0.011470,-0.020130,0.999715,86.446182,420.722137,50.321918
628,6.280000,0.005739,-0.011622,-0.020082,0.999714,86.281120,420.727081,50.314270
629,6.290000,0.005819,-0.011720,-0.019613,0.999722,86.114136,420.709961,50.333588
630,6.300000,0.005858,-0.011584,-0.019552,0.999725,85.973572,420.683136,50.348354
631,6.310000,0.005924,-0.011655,-0.019535,0.999724,85.812782,420.643555,50.357151
632,6.320000,0.005945,-0.011612,-0.019531,0.999724,85.686378,420.615082,50.363171
633,6.330000,0.005996,-0.011288,-0.020364,0.999711,85.594475,420.619934,50.362015
634,6.340000,0.006001,-0.011538,-0.020332,0.999709,85.498878,420.630402,50.356495
635,6.350000,0.005967,-0.011385,-0.020534,0.999707,85.434898,420.644409,50.339764
636,6.360000,0.005919,-0.011352,-0.020559,0.999707,85.372520,420.652313,50.323700
637,6.370000,0.005830,-0.011683,-0.020070,0.999713,85.306847,420.659302,50.307541
638,6.380000,0.005808,-0.011551,-0.020182,0.999713,85.265266,420.669281,50.299931
639,6.390000,0.005854,-0.011614,-0.020101,0.999713,85.207130,420.669495,50.307362
640,6.400000,0.005901,-0.011773,-0.019802,0.999717,85.149422,420.668549,50.321453
641,6.410000,0.005929,-0.011742,-0.019863,0.999716,85.112129,420.664642,50.344677
642,6.420000,0.005965,-0.011707,-0.019845,0.999717,85.103233,420.652191,50.364880
643,6.430000,0.005983,-0.011676,-0.019845,0.999717,85.102295,420.645630,50.381138
644,6.440000,0.005973,-0.011842,-0.019682,0.999718,85.106110,420.649933,50.390854
645,6.450000,0.006000,-0.011669,-0.019856,0.999717,85.131889,420.654327,50.391991
646,6.460000,0.006008,-0.011776,-0.019780,0.999717,85.145477,420.653290,50.399063
647,6.470000,0.005917,-0.012163,-0.018984,0.999728,85.166298,420.654297,50.401752
648,6.480000,0.005934,-0.012063,-0.019101,0.999727,85.191124,420.655914,50.399937
649,6.490000,0.006040,-0.011838,-0.019664,0.999718,85.188515,420.652802,50.389008
650,6.500000,0.006023,-0.011827,-0.019743,0.999717,85.168480,420.656769,50.365013
651,6.510000,0.005990,-0.011908,-0.019696,0.999717,85.138885,420.660858,50.332912
652,6.520000,0.005961,-0.011938,-0.019661,0.999718,85.099892,420.658081,50.301903
653,6.530000,0.005926,-0.011802,-0.019661,0.999720,85.069321,420.652710,50.289814
654,6.540000,0.005932,-0.011778,-0.019580,0.999721,85.052170,420.647125,50.298119
655,6.550000,0.005982,-0.011874,-0.019444,0.999723,85.051132,420.636505,50.319836
656,6.560000,0.006013,-0.011912,-0.019400,0.999723,85.060326,420.629181,50.339302
657,6.570000,0.006013,-0.011994,-0.019317,0.999723,85.060738,420.629272,50.341679
658,6.580000,0.006008,-0.012041,-0.019274,0.999724,85.043839,420.627869,50.336014
659,6.590000,0.005996,-0.011934,-0.019461,0.999721,85.018242,420.626343,50.333042
660,6.600000,0.005986,-0.011865,-0.019529,0.999721,84.990211,420.626740,50.329411
661,6.610000,0.005960,-0.011779,-0.019525,0.999722,84.963463,420.626373,50.326073
662,6.620000,0.005945,-0.011886,-0.019363,0.999724,84.945839,420.625275,50.331913
663,6.630000,0.005940,-0.011872,-0.019349,0.999725,84.947601,420.627838,50.335785
664,6.640000,0.005956,-0.011825,-0.019369,0.999725,84.954285,420.632416,50.335987
665,6.650000,0.005939,-0.011774,-0.019496,0.999723,84.967346,420.630707,50.323875
666,6.660000,0.005934,-0.011781,-0.019526,0.999722,84.959045,420.630096,50.316002
667,6.670000,0.005944,-0.011796,-0.019532,0.999722,84.937538,420.631165,50.309338
668,6.680000,0.005960,-0.011857,-0.019508,0.999722,84.904999,420.629730,50.300789
669,6.690000,0.005996,-0.011740,-0.019535,0.999722,84.885201,420.630096,50.296585
670,6.700000,0.005985,-0.011892,-0.019354,0.999724,84.873741,420.625671,50.297020
671,6.710000,0.005988,-0.011772,-0.019450,0.999724,84.888199,420.621582,50.296005
672,6.720000,0.005959,-0.011918,-0.019236,0.999726,84.894066,420.620056,50.309418
673,6.730000,0.005949,-0.012012,-0.019135,0.999727,84.895027,420.614380,50.324448
674,6.740000,0.005982,-0.011894,-0.019196,0.999727,84.888466,420.611786,50.340759
675,6.750000,0.005999,-0.011859,-0.019211,0.999727,84.864639,420.614807,50.340595
676,6.760000,0.006027,-0.011878,-0.019301,0.999725,84.831490,420.621368,50.324203
677,6.770000,0.005969,-0.011955,-0.019301,0.999724,84.792183,420.630005,50.289196
678,6.780000,0.005920,-0.011899,-0.019408,0.999723,84.765358,420.634399,50.245808
679,6.790000,0.005865,-0.012087,-0.019206,0.999725,84.730270,420.634003,50.205753
680,6.800000,0.005837,-0.012219,-0.018971,0.999728,84.700920,420.630737,50.184795
681,6.810000,0.005843,-0.012160,-0.019053,0.999728,84.694450,420.627075,50.185326
682,6.820000,0.005915,-0.012094,-0.019114,0.999727,84.698524,420.624573,50.215374
683,6.830000,0.005988,-0.011990,-0.019235,0.999725,84.712280,420.625793,50.265045
684,6.840000,0.006068,-0.011940,-0.019290,0.999724,84.722549,420.626312,50.310135
685,6.850000,0.006119,-0.011902,-0.019302,0.999724,84.728035,420.623199,50.343678
686,6.860000,0.006135,-0.011875,-0.019311,0.999724,84.714615,420.617737,50.362423
687,6.870000,0.006115,-0.011835,-0.019309,0.999725,84.709587,420.616425,50.358692
688,6.880000,0.006086,-0.011793,-0.019268,0.999726,84.716438,420.617554,50.338692
689,6.890000,0.006001,-0.011849,-0.019255,0.999726,84.718231,420.628418,50.309414
690,6.900000,0.005963,-0.011891,-0.019263,0.999726,84.729477,420.638672,50.286160
691,6.910000,0.005937,-0.012073,-0.019026,0.999729,84.732727,420.643890,50.268353
692,6.920000,0.005916,-0.011967,-0.019247,0.999726,84.757393,420.644867,50.257580
693,6.930000,0.005935,-0.011810,-0.019441,0.999724,84.779350,420.639496,50.249889
694,6.940000,0.005926,-0.011836,-0.019418,0.999724,84.776184,420.638824,50.244511
695,6.950000,0.005916,-0.011936,-0.019252,0.999726,84.753922,420.643158,50.237877
696,6.960000,0.005855,-0.011436,-0.019737,0.999723,84.764641,420.661194,50.244923
697,6.970000,0.005842,-0.011381,-0.019767,0.999723,84.754372,420.666809,50.240433
698,6.980000,0.005858,-0.011799,-0.019375,0.999726,84.725021,420.660461,50.224491
699,6.990000,0.005846,-0.011413,-0.019734,0.999723,84.746330,420.662018,50.235950
700,7.000000,0.005905,-0.011816,-0.019331,0.999726,84.725456,420.648895,50.242455
701,7.010000,0.005926,-0.011945,-0.019122,0.999728,84.725937,420.648743,50.272999
702,7.020000,0.006000,-0.011897,-0.019157,0.999728,84.749908,420.650818,50.314735
703,7.030000,0.006198,-0.011960,-0.019121,0.999726,84.769531,420.645325,50.355270
704,7.040000,0.006359,-0.011780,-0.019240,0.999725,84.804031,420.641632,50.391323
705,7.050000,0.006377,-0.011801,-0.019144,0.999727,84.819267,420.641449,50.410885
706,7.060000,0.006420,-0.011885,-0.019159,0.999725,84.813667,420.633453,50.422157
707,7.070000,0.006429,-0.011909,-0.019115,0.999726,84.816658,420.630707,50.403210
708,7.080000,0.006331,-0.011929,-0.019109,0.999726,84.813599,420.633026,50.372879
709,7.090000,0.006293,-0.011997,-0.019072,0.999726,84.793983,420.628418,50.351555
710,7.100000,0.006281,-0.011954,-0.019137,0.999726,84.791275,420.631531,50.341198
711,7.110000,0.006306,-0.011999,-0.019075,0.999726,84.790543,420.636139,50.341854
712,7.120000,0.006384,-0.012074,-0.019008,0.999726,84.791847,420.630005,50.357063
713,7.130000,0.006469,-0.012080,-0.018892,0.999728,84.804008,420.623505,50.385799
714,7.140000,0.006554,-0.012048,-0.018836,0.999729,84.809387,420.621124,50.417183
715,7.150000,0.006562,-0.012010,-0.018833,0.999729,84.796997,420.623352,50.433079
716,7.160000,0.006510,-0.011952,-0.018730,0.999732,84.792809,420.630859,50.420567
717,7.170000,0.006384,-0.012193,-0.018451,0.999735,84.765236,420.647797,50.383488
718,7.180000,0.006186,-0.011902,-0.018883,0.999732,84.765053,420.675690,50.331406
719,7.190000,0.006047,-0.011957,-0.018822,0.999733,84.741997,420.681641,50.286343
720,7.200000,0.005976,-0.012018,-0.018663,0.999736,84.718307,420.676544,50.264874
721,7.210000,0.005991,-0.012045,-0.018550,0.999737,84.708038,420.671722,50.268230
722,7.220000,0.005969,-0.012069,-0.018476,0.999739,84.697746,420.671875,50.268665
723,7.230000,0.005963,-0.012145,-0.018347,0.999740,84.684380,420.669586,50.269932
724,7.240000,0.005969,-0.012187,-0.018240,0.999742,84.669533,420.665527,50.274437
725,7.250000,0.005965,-0.012203,-0.018137,0.999743,84.651215,420.656708,50.279842
726,7.260000,0.005955,-0.012220,-0.018007,0.999745,84.634308,420.642761,50.284836
727,7.270000,0.005925,-0.012237,-0.017842,0.999748,84.622391,420.637421,50.284920
728,7.280000,0.005907,-0.012301,-0.017628,0.999752,84.611130,420.632080,50.287392
729,7.290000,0.005907,-0.012377,-0.017362,0.999755,84.602295,420.625000,50.296089
730,7.300000,0.005906,-0.012379,-0.017202,0.999758,84.598579,420.618652,50.305904
731,7.310000,0.005935,-0.012431,-0.017021,0.999760,84.595848,420.609253,50.312916
732,7.320000,0.005963,-0.012770,-0.016707,0.999761,84.583168,420.588806,50.303753
733,7.330000,0.005895,-0.012975,-0.016403,0.999764,84.570038,420.569672,50.285206
734,7.340000,0.005800,-0.013194,-0.016010,0.999768,84.560257,420.554474,50.251602
735,7.350000,0.005761,-0.013464,-0.015460,0.999773,84.582047,420.532806,50.217812
736,7.360000,0.005652,-0.013304,-0.015507,0.999775,84.658226,420.552032,50.200836
737,7.370000,0.005597,-0.013152,-0.015631,0.999776,84.751640,420.565399,50.179256
738,7.380000,0.005512,-0.013323,-0.015518,0.999776,84.838577,420.576569,50.134846
739,7.390000,0.005529,-0.012982,-0.016371,0.999766,84.957642,420.580750,50.103081
740,7.400000,0.005515,-0.013085,-0.016151,0.999769,85.059273,420.581024,50.081699
741,7.410000,0.005484,-0.013076,-0.015977,0.999772,85.170395,420.580811,50.063843
742,7.420000,0.005475,-0.013290,-0.015793,0.999772,85.261841,420.580933,50.040596
743,7.430000,0.005411,-0.013220,-0.015744,0.999774,85.384308,420.589874,50.021149
744,7.440000,0.005310,-0.013695,-0.014661,0.999785,85.504143,420.583740,50.014759
745,7.450000,0.005307,-0.013716,-0.014662,0.999784,85.659294,420.580200,50.018345
746,7.460000,0.005314,-0.013579,-0.014963,0.999782,85.823624,420.582275,50.024250
747,7.470000,0.005330,-0.013809,-0.014774,0.999781,86.021591,420.595215,50.034092
748,7.480000,0.005243,-0.013416,-0.014999,0.999784,86.283913,420.634674,50.046124
749,7.490000,0.005073,-0.013434,-0.014604,0.999790,86.529083,420.664978,50.055779
750,7.500000,0.005222,-0.013530,-0.015422,0.999776,86.745018,420.652039,50.033253
751,7.510000,0.005208,-0.013786,-0.015188,0.999776,86.980515,420.633972,50.024277
752,7.520000,0.005134,-0.013707,-0.014675,0.999785,87.263016,420.626831,50.014893
753,7.530000,0.005098,-0.013680,-0.014592,0.999787,87.562119,420.637634,50.018402
754,7.540000,0.004979,-0.013867,-0.014241,0.999790,87.897789,420.657959,50.040009
755,7.550000,0.005122,-0.012910,-0.015742,0.999780,88.256554,420.676422,50.078579
756,7.560000,0.005102,-0.013551,-0.014969,0.999783,88.571465,420.680359,50.065701
757,7.570000,0.004951,-0.014320,-0.013768,0.999790,88.901276,420.689758,50.056866
758,7.580000,0.004806,-0.013560,-0.014662,0.999789,89.289787,420.725586,50.066620
759,7.590000,0.004917,-0.013197,-0.015070,0.999787,89.654144,420.734009,50.071175
760,7.600000,0.004932,-0.013303,-0.015047,0.999786,90.006783,420.732117,50.070904
761,7.610000,0.004942,-0.013737,-0.014197,0.999793,90.356537,420.718384,50.090652
762,7.620000,0.004898,-0.013736,-0.014204,0.999793,90.753410,420.724152,50.115032
763,7.630000,0.004935,-0.013706,-0.014666,0.999786,91.157791,420.729126,50.132130
764,7.640000,0.004909,-0.013437,-0.014881,0.999787,91.546471,420.755005,50.157993
765,7.650000,0.004739,-0.013965,-0.013619,0.999798,91.930550,420.795746,50.163418
766,7.660000,0.004797,-0.013763,-0.014194,0.999793,92.340118,420.840179,50.170422
767,7.670000,0.004710,-0.013802,-0.014240,0.999792,92.712585,420.874268,50.175564
768,7.680000,0.004743,-0.013202,-0.015245,0.999785,93.093521,420.886597,50.173054
769,7.690000,0.004697,-0.013068,-0.015272,0.999787,93.474045,420.879333,50.170422
770,7.700000,0.004620,-0.013438,-0.014492,0.999794,93.861359,420.863342,50.184601
771,7.710000,0.004685,-0.012585,-0.015652,0.999787,94.291039,420.869873,50.202263
772,7.720000,0.004759,-0.013259,-0.014986,0.999788,94.731232,420.879578,50.216194
773,7.730000,0.004575,-0.013961,-0.013704,0.999798,95.190460,420.898987,50.243252
774,7.740000,0.004525,-0.013575,-0.014295,0.999795,95.696121,420.927917,50.265976
775,7.750000,0.004622,-0.013121,-0.015183,0.999788,96.198433,420.951508,50.271027
776,7.760000,0.004566,-0.012819,-0.015483,0.999788,96.773315,420.987244,50.281776
777,7.770000,0.004509,-0.013532,-0.014498,0.999793,97.308006,421.005981,50.277630
778,7.780000,0.004555,-0.013291,-0.015140,0.999787,97.880402,421.013947,50.277946
779,7.790000,0.004479,-0.013551,-0.014693,0.999790,98.463913,421.022705,50.283329
780,7.800000,0.004473,-0.013638,-0.014809,0.999787,99.062950,421.044708,50.293869
781,7.810000,0.004542,-0.014153,-0.014230,0.999788,99.686844,421.057892,50.313492
782,7.820000,0.004515,-0.013861,-0.014557,0.999788,100.346169,421.077728,50.329319
783,7.830000,0.004559,-0.014591,-0.013953,0.999786,100.973083,421.090240,50.326302
784,7.840000,0.004479,-0.015558,-0.012443,0.999792,101.656410,421.107697,50.331581
785,7.850000,0.004519,-0.015068,-0.013616,0.999784,102.384613,421.136566,50.347736
786,7.860000,0.004470,-0.016032,-0.012303,0.999786,103.125809,421.133636,50.370739
787,7.870000,0.004481,-0.014167,-0.014147,0.999790,104.017899,421.188293,50.413177
788,7.880000,0.004464,-0.013519,-0.015165,0.999784,104.858421,421.207581,50.459660
789,7.890000,0.004499,-0.013362,-0.015359,0.999783,105.693420,421.228302,50.509575
790,7.900000,0.004644,-0.013974,-0.014832,0.999782,106.513184,421.229034,50.542034
791,7.910000,0.004494,-0.013548,-0.015339,0.999780,107.381844,421.262024,50.573608
792,7.920000,0.004412,-0.013233,-0.015650,0.999780,108.229134,421.280548,50.591843
793,7.930000,0.004465,-0.013388,-0.015426,0.999781,109.099945,421.286072,50.624683
794,7.940000,0.004448,-0.013621,-0.015036,0.999784,109.968948,421.300934,50.672428
795,7.950000,0.004467,-0.013109,-0.015817,0.999779,110.839287,421.307556,50.717422
796,7.960000,0.005718,-0.009448,-0.024173,0.999647,111.709320,421.309113,50.750641
797,7.970000,0.004703,-0.013208,-0.015933,0.999775,112.541504,421.309448,50.787521
798,7.980000,0.004618,-0.013735,-0.015236,0.999779,113.428566,421.314789,50.811821
799,7.990000,0.004560,-0.013702,-0.015210,0.999780,114.292145,421.344452,50.844616
800,8.000000,0.004598,-0.013929,-0.014953,0.999781,115.200142,421.364441,50.887852
801,8.010000,0.004628,-0.013913,-0.015007,0.999780,116.076088,421.387787,50.906284
802,8.020000,0.004470,-0.013804,-0.015101,0.999781,116.973885,421.422180,50.923405
803,8.030000,0.004535,-0.013515,-0.015256,0.999782,117.889244,421.433228,50.943710
804,8.040000,0.005735,-0.009616,-0.024321,0.999642,118.763977,421.467621,50.960899
805,8.050000,0.004516,-0.013532,-0.015672,0.999775,119.677444,421.476227,51.000065
806,8.060000,0.004436,-0.013455,-0.015547,0.999779,120.576881,421.500549,51.004684
807,8.070000,0.005597,-0.009455,-0.024758,0.999633,121.457291,421.538635,50.995693
808,8.080000,0.004230,-0.012701,-0.016247,0.999778,122.354080,421.566711,51.050888
809,8.090000,0.005417,-0.009282,-0.024644,0.999639,123.190979,421.589569,51.041992
810,8.100000,0.004308,-0.013848,-0.015354,0.999777,123.931679,421.579437,51.054337
811,8.110000,0.003661,-0.016329,-0.009831,0.999812,124.741676,421.570862,51.066952
812,8.120000,0.004019,-0.015068,-0.012681,0.999798,125.520439,421.569977,51.099503
813,8.130000,0.004228,-0.013327,-0.015690,0.999779,126.298248,421.598633,51.138626
814,8.140000,0.004947,-0.011891,-0.019694,0.999723,127.006592,421.581909,51.146263
815,8.150000,0.004301,-0.013360,-0.015918,0.999775,127.730446,421.595703,51.186817
816,8.160000,0.004741,-0.012535,-0.017767,0.999752,128.485245,421.588257,51.215889
817,8.170000,0.004378,-0.013434,-0.015916,0.999774,129.172958,421.621063,51.262459
818,8.180000,0.004181,-0.013114,-0.016183,0.999774,129.919281,421.653656,51.307377
819,8.190000,0.004274,-0.013167,-0.015900,0.999778,130.609283,421.653656,51.339043
820,8.200000,0.004281,-0.013739,-0.015600,0.999775,131.297165,421.689056,51.351566
821,8.210000,0.004373,-0.013732,-0.016009,0.999768,131.996719,421.699921,51.373699
822,8.220000,0.004206,-0.013609,-0.015932,0.999772,132.673859,421.742432,51.381554
823,8.230000,0.004077,-0.013579,-0.015973,0.999772,133.311340,421.793060,51.367611
824,8.240000,0.005420,-0.009998,-0.024591,0.999633,133.905640,421.815369,51.337502
825,8.250000,0.004163,-0.013193,-0.016735,0.999764,134.502808,421.841888,51.374859
826,8.260000,0.005531,-0.009405,-0.025931,0.999604,135.050079,421.842590,51.361198
827,8.270000,0.004237,-0.013268,-0.016822,0.999762,135.561722,421.845795,51.394585
828,8.280000,0.003941,-0.012631,-0.017134,0.999766,136.119812,421.864441,51.437084
829,8.290000,0.004046,-0.014124,-0.015338,0.999774,136.507767,421.832397,51.435009
830,8.300000,0.003979,-0.013144,-0.016509,0.999769,137.037704,421.860565,51.460938
831,8.310000,0.003982,-0.013633,-0.015799,0.999774,137.469086,421.862457,51.467400
832,8.320000,0.004049,-0.013361,-0.016332,0.999769,137.948944,421.871094,51.474842
833,8.330000,0.003910,-0.013635,-0.015768,0.999775,138.431580,421.895477,51.501381
834,8.340000,0.003963,-0.012883,-0.016696,0.999770,138.941391,421.915070,51.528111
835,8.350000,0.003973,-0.013828,-0.015759,0.999772,139.376694,421.917816,51.527622
836,8.360000,0.003942,-0.013600,-0.016089,0.999770,139.855011,421.922699,51.529892
837,8.370000,0.003961,-0.013695,-0.016271,0.999766,140.301788,421.906281,51.546677
838,8.380000,0.003946,-0.013351,-0.016357,0.999769,140.759003,421.918182,51.545826
839,8.390000,0.005366,-0.009278,-0.026037,0.999604,141.182007,421.919189,51.524158
840,8.400000,0.003803,-0.013068,-0.016451,0.999772,141.644287,421.943604,51.558662
841,8.410000,0.003264,-0.012907,-0.015242,0.999795,142.117630,422.018341,51.545483
842,8.420000,0.003199,-0.013419,-0.014816,0.999795,142.472534,422.037109,51.536720
843,8.430000,0.003317,-0.013202,-0.015422,0.999788,142.849396,422.038361,51.533588
844,8.440000,0.003256,-0.013348,-0.015167,0.999791,143.199066,422.041992,51.548603
845,8.450000,0.003231,-0.013048,-0.015582,0.999788,143.588699,422.061951,51.563793
846,8.460000,0.004844,-0.009314,-0.024858,0.999636,143.953918,422.029755,51.556709
847,8.470000,0.003374,-0.012875,-0.015908,0.999785,144.400558,422.052643,51.609798
848,8.480000,0.003463,-0.013177,-0.015970,0.999780,144.786682,422.056000,51.618851
849,8.490000,0.004870,-0.008509,-0.026346,0.999605,145.234558,422.060974,51.628090
850,8.500000,0.003591,-0.012993,-0.016540,0.999772,145.673538,422.046692,51.661339
851,8.510000,0.003533,-0.013394,-0.016027,0.999776,146.095123,422.052551,51.673618
852,8.520000,0.005011,-0.009129,-0.026125,0.999605,146.526733,422.052368,51.656193
853,8.530000,0.004583,-0.010402,-0.022767,0.999676,146.990997,422.040802,51.668724
854,8.540000,0.003507,-0.013076,-0.016819,0.999767,147.421921,422.050507,51.675022
855,8.550000,0.003437,-0.013715,-0.015807,0.999775,147.835815,422.031067,51.661037
856,8.560000,0.003468,-0.013748,-0.015997,0.999772,148.248810,422.024811,51.662197
857,8.570000,0.005086,-0.009459,-0.026309,0.999596,148.675217,421.996338,51.647282
858,8.580000,0.004708,-0.010494,-0.023432,0.999659,149.117889,421.973511,51.691353
859,8.590000,0.003568,-0.013436,-0.016425,0.999769,149.547714,421.985413,51.725845
860,8.600000,0.005225,-0.009771,-0.025882,0.999604,149.947006,421.944946,51.709892
861,8.610000,0.003883,-0.013638,-0.017230,0.999751,150.378708,421.955566,51.727058
862,8.620000,0.005436,-0.009588,-0.026731,0.999582,150.810516,421.930267,51.708843
863,8.630000,0.005701,-0.008789,-0.028537,0.999538,151.236145,421.925720,51.706120
864,8.640000,0.003892,-0.013570,-0.017401,0.999749,151.636261,421.955627,51.737106
865,8.650000,0.005824,-0.009113,-0.028424,0.999537,152.028824,421.905731,51.727764
866,8.660000,0.005921,-0.008826,-0.028797,0.999529,152.445999,421.894135,51.771709
867,8.670000,0.004178,-0.013852,-0.017367,0.999745,152.822922,421.917572,51.801029
868,8.680000,0.005933,-0.009365,-0.028213,0.999540,153.219955,421.865051,51.805149
869,8.690000,0.005341,-0.011267,-0.023736,0.999641,153.605789,421.844696,51.831776
870,8.700000,0.003961,-0.014424,-0.015827,0.999763,153.996674,421.886414,51.848701
871,8.710000,0.006029,-0.009646,-0.027981,0.999544,154.356796,421.811890,51.834270
872,8.720000,0.005405,-0.011286,-0.023595,0.999643,154.756073,421.788971,51.864208
873,8.730000,0.005191,-0.008248,-0.027426,0.999576,155.258820,421.894623,51.874363
874,8.740000,0.005234,-0.007847,-0.028013,0.999563,155.612534,421.889648,51.902592
875,8.750000,0.003577,-0.013575,-0.015610,0.999780,155.906555,421.863373,51.936375
876,8.760000,0.003376,-0.013982,-0.014836,0.999787,156.256653,421.865265,51.951710
877,8.770000,0.005033,-0.009181,-0.025695,0.999615,156.571930,421.855469,51.953369
878,8.780000,0.005303,-0.008591,-0.027111,0.999582,156.862335,421.857727,51.966843
879,8.790000,0.003629,-0.012769,-0.016567,0.999775,157.144043,421.859344,52.002068
880,8.800000,0.005169,-0.008572,-0.026733,0.999593,157.389511,421.834625,51.976601
881,8.810000,0.005271,-0.008704,-0.026880,0.999587,157.581848,421.823547,51.977039
882,8.820000,0.005324,-0.008766,-0.026982,0.999583,157.742477,421.801361,51.975677
883,8.830000,0.005325,-0.008687,-0.026827,0.999588,157.912125,421.795258,51.981247
884,8.840000,0.003634,-0.013113,-0.016089,0.999778,158.049118,421.808563,52.023232
885,8.850000,0.003464,-0.013941,-0.014617,0.999790,158.116196,421.804626,52.016087
886,8.860000,0.003444,-0.013937,-0.014621,0.999790,158.166153,421.805664,52.011478
887,8.870000,0.003403,-0.013940,-0.014627,0.999790,158.185028,421.812073,52.004211
888,8.880000,0.003396,-0.013957,-0.014604,0.999790,158.178284,421.813873,51.998951
889,8.890000,0.003390,-0.013936,-0.014569,0.999791,158.157715,421.810364,51.999451
890,8.900000,0.003408,-0.013914,-0.014570,0.999791,158.131882,421.805695,52.008156
891,8.910000,0.003458,-0.013925,-0.014530,0.999792,158.105560,421.798065,52.024509
892,8.920000,0.003467,-0.014033,-0.014360,0.999792,158.079483,421.786499,52.039433
893,8.930000,0.003474,-0.014055,-0.014364,0.999792,158.079727,421.782349,52.048492
894,8.940000,0.003525,-0.014099,-0.014372,0.999791,158.092285,421.784943,52.053654
895,8.950000,0.003459,-0.014018,-0.014337,0.999793,158.134842,421.797272,52.058651
896,8.960000,0.003493,-0.013987,-0.014468,0.999791,158.173203,421.805084,52.061462
897,8.970000,0.003502,-0.014046,-0.014489,0.999790,158.192947,421.810516,52.063324
898,8.980000,0.003427,-0.014007,-0.014523,0.999791,158.190918,421.813385,52.056297
899,8.990000,0.003368,-0.013975,-0.014489,0.999792,158.167023,421.800629,52.051346
900,9.000000,0.003373,-0.014132,-0.014438,0.999790,158.098495,421.774017,52.035854
901,9.010000,0.003356,-0.014298,-0.014164,0.999792,158.023117,421.750519,52.030403
902,9.020000,0.003327,-0.014608,-0.013703,0.999794,157.933762,421.723145,52.010227
903,9.030000,0.003323,-0.014697,-0.013438,0.999796,157.866730,421.705200,52.001987
904,9.040000,0.003343,-0.014752,-0.013066,0.999800,157.810364,421.695312,52.000488
905,9.050000,0.003358,-0.014904,-0.012864,0.999801,157.784714,421.685486,52.003742
906,9.060000,0.003328,-0.015004,-0.012935,0.999798,157.808685,421.687531,52.006409
907,9.070000,0.003354,-0.014725,-0.013085,0.999800,157.841888,421.696411,52.019920
908,9.080000,0.003305,-0.014619,-0.013429,0.999798,157.898987,421.709656,52.022366
909,9.090000,0.003261,-0.014589,-0.013558,0.999796,157.932602,421.719757,52.016346
910,9.100000,0.003209,-0.014578,-0.013588,0.999796,157.945572,421.726959,52.002659
911,9.110000,0.003178,-0.014619,-0.013515,0.999797,157.932251,421.728180,51.989017
912,9.120000,0.003143,-0.014668,-0.013448,0.999797,157.907867,421.725739,51.972744
913,9.130000,0.003087,-0.014686,-0.013340,0.999798,157.860016,421.717224,51.954384
914,9.140000,0.003096,-0.014733,-0.013232,0.999799,157.817581,421.703094,51.951450
915,9.150000,0.003073,-0.014714,-0.013227,0.999800,157.788742,421.682983,51.963608
916,9.160000,0.003072,-0.014828,-0.013008,0.999801,157.769897,421.673187,51.971935
917,9.170000,0.003098,-0.015013,-0.012920,0.999799,157.778122,421.674164,51.974514
918,9.180000,0.002999,-0.014698,-0.013188,0.999801,157.823517,421.691315,51.963860
919,9.190000,0.002984,-0.014683,-0.013255,0.999800,157.865189,421.709991,51.947750
920,9.200000,0.002817,-0.014254,-0.013645,0.999801,157.910416,421.732269,51.927010
921,9.210000,0.002718,-0.014302,-0.013544,0.999802,157.911301,421.739380,51.904232
922,9.220000,0.002625,-0.014245,-0.013502,0.999804,157.892410,421.736603,51.896057
923,9.230000,0.002611,-0.014424,-0.013327,0.999804,157.837830,421.727539,51.902943
924,9.240000,0.002631,-0.014488,-0.013176,0.999805,157.793762,421.709381,51.910748
925,9.250000,0.002599,-0.014546,-0.013035,0.999806,157.738525,421.691833,51.907570
926,9.260000,0.002584,-0.014958,-0.012679,0.999804,157.684128,421.668304,51.901264
927,9.270000,0.002576,-0.015066,-0.012577,0.999804,157.661118,421.654205,51.895782
928,9.280000,0.002491,-0.014765,-0.012732,0.999807,157.669418,421.656799,51.880859
929,9.290000,0.002453,-0.014675,-0.012859,0.999807,157.701340,421.669403,51.868317
930,9.300000,0.002456,-0.014883,-0.012813,0.999804,157.747925,421.682404,51.866505
931,9.310000,0.002471,-0.014738,-0.013082,0.999803,157.809662,421.696930,51.872364
932,9.320000,0.002497,-0.014741,-0.013135,0.999802,157.845184,421.702911,51.878593
933,9.330000,0.002504,-0.014746,-0.013159,0.999802,157.860565,421.702545,51.880924
934,9.340000,0.002494,-0.014760,-0.013116,0.999802,157.849579,421.696899,51.880192
935,9.350000,0.002494,-0.014732,-0.013086,0.999803,157.822601,421.693054,51.880489
936,9.360000,0.002473,-0.014913,-0.012846,0.999803,157.767471,421.687622,51.873177
937,9.370000,0.002415,-0.014786,-0.012863,0.999805,157.710266,421.683044,51.862461
938,9.380000,0.002411,-0.014723,-0.012805,0.999807,157.667786,421.669189,51.861874
939,9.390000,0.002458,-0.014693,-0.012726,0.999808,157.653214,421.654999,51.875145
940,9.400000,0.002466,-0.014683,-0.012719,0.999808,157.662735,421.655029,51.881237
941,9.410000,0.002481,-0.014882,-0.012668,0.999806,157.689072,421.659912,51.885372
942,9.420000,0.002491,-0.014973,-0.012680,0.999804,157.731689,421.672394,51.884422
943,9.430000,0.002473,-0.014901,-0.012808,0.999804,157.775177,421.683167,51.880680
944,9.440000,0.002465,-0.014690,-0.012983,0.999805,157.811508,421.693481,51.871540
945,9.450000,0.002430,-0.014724,-0.013062,0.999803,157.830429,421.701660,51.860687
946,9.460000,0.002418,-0.014787,-0.013095,0.999802,157.820511,421.706818,51.855431
947,9.470000,0.002451,-0.014910,-0.012883,0.999803,157.791443,421.693298,51.866924
948,9.480000,0.002507,-0.014962,-0.012797,0.999803,157.758224,421.677185,51.878956
949,9.490000,0.002542,-0.015004,-0.012733,0.999803,157.721558,421.663116,51.888451
950,9.500000,0.002552,-0.015022,-0.012657,0.999804,157.695740,421.655090,51.890991
951,9.510000,0.002537,-0.015009,-0.012648,0.999804,157.688461,421.658020,51.886272
952,9.520000,0.002473,-0.014729,-0.012829,0.999806,157.700348,421.667969,51.875961
953,9.530000,0.002418,-0.014609,-0.012924,0.999807,157.722519,421.675629,51.864902
954,9.540000,0.002397,-0.014564,-0.012914,0.999808,157.748520,421.684387,51.858944
955,9.550000,0.002401,-0.014636,-0.012970,0.999806,157.784790,421.691711,51.859333
956,9.560000,0.002421,-0.014674,-0.012935,0.999806,157.795731,421.694855,51.867077
957,9.570000,0.002442,-0.014668,-0.012952,0.999806,157.795380,421.692200,51.873180
958,9.580000,0.002459,-0.014883,-0.012798,0.999804,157.770721,421.681854,51.878796
959,9.590000,0.002487,-0.014950,-0.012734,0.999804,157.743759,421.673126,51.880859
960,9.600000,0.002493,-0.014947,-0.012710,0.999804,157.716003,421.666443,51.880608
961,9.610000,0.002474,-0.014715,-0.012842,0.999806,157.696960,421.666656,51.876034
962,9.620000,0.002466,-0.014679,-0.012859,0.999807,157.689102,421.665161,51.871265
963,9.630000,0.002465,-0.014669,-0.012881,0.999806,157.698471,421.664459,51.869957
964,9.640000,0.002467,-0.014699,-0.012884,0.999806,157.721115,421.668854,51.871632
965,9.650000,0.002487,-0.014919,-0.012813,0.999804,157.756653,421.676727,51.876026
966,9.660000,0.002488,-0.014972,-0.012804,0.999803,157.785416,421.683105,51.877579
967,9.670000,0.002474,-0.014785,-0.013010,0.999803,157.813492,421.689423,51.876484
968,9.680000,0.002453,-0.014730,-0.013009,0.999804,157.815277,421.691498,51.870785
969,9.690000,0.002432,-0.014682,-0.012958,0.999805,157.796341,421.690857,51.865505
970,9.700000,0.002377,-0.014469,-0.013070,0.999807,157.766617,421.689117,51.858746
971,9.710000,0.002380,-0.014564,-0.012906,0.999808,157.721619,421.679749,51.860950
972,9.720000,0.002415,-0.014638,-0.012785,0.999808,157.685516,421.665314,51.867920
973,9.730000,0.002447,-0.014704,-0.012719,0.999808,157.666000,421.654266,51.876465
974,9.740000,0.002467,-0.014719,-0.012739,0.999808,157.667374,421.654907,51.881721
975,9.750000,0.002488,-0.014939,-0.012628,0.999806,157.684311,421.658661,51.882305
976,9.760000,0.002478,-0.014985,-0.012656,0.999805,157.715927,421.666229,51.877975
977,9.770000,0.002458,-0.014941,-0.012759,0.999804,157.757965,421.677032,51.870422
978,9.780000,0.002441,-0.014916,-0.012830,0.999803,157.790329,421.686432,51.863640
979,9.790000,0.002430,-0.014743,-0.013031,0.999803,157.819504,421.694977,51.861660
980,9.800000,0.002441,-0.014717,-0.013070,0.999803,157.821091,421.697083,51.865940
981,9.810000,0.002466,-0.014902,-0.012881,0.999803,157.794724,421.689362,51.872875
982,9.820000,0.002478,-0.014957,-0.012782,0.999803,157.759613,421.675629,51.876320
983,9.830000,0.002487,-0.014984,-0.012703,0.999804,157.723663,421.665070,51.878468
984,9.840000,0.002486,-0.014994,-0.012645,0.999805,157.694794,421.661072,51.878090
985,9.850000,0.002446,-0.014742,-0.012744,0.999807,157.678024,421.662476,51.872425
986,9.860000,0.002423,-0.014658,-0.012768,0.999808,157.676712,421.662354,51.867161
987,9.870000,0.002406,-0.014622,-0.012827,0.999808,157.695984,421.667084,51.863277
988,9.880000,0.002390,-0.014617,-0.012843,0.999808,157.723007,421.673553,51.861977
989,9.890000,0.002407,-0.014858,-0.012743,0.999806,157.750671,421.679810,51.865032
990,9.900000,0.002428,-0.014791,-0.012903,0.999804,157.773224,421.690582,51.867306
991,9.910000,0.002440,-0.014738,-0.012978,0.999804,157.794296,421.689117,51.871883
992,9.920000,0.002445,-0.014879,-0.012856,0.999804,157.784470,421.683716,51.872921
993,9.930000,0.002457,-0.014916,-0.012813,0.999804,157.769073,421.679993,51.871708
994,9.940000,0.002471,-0.014964,-0.012752,0.999804,157.741821,421.675964,51.869858
995,9.950000,0.002450,-0.014775,-0.012851,0.999805,157.720245,421.673584,51.867886
996,9.960000,0.002450,-0.014712,-0.012853,0.999806,157.703278,421.665497,51.869171
997,9.970000,0.002467,-0.014718,-0.012826,0.999806,157.700378,421.662415,51.872936
998,9.980000,0.002483,-0.014949,-0.012694,0.999805,157.707916,421.661560,51.875420
999,9.990000,0.002469,-0.014995,-0.012702,0.999804,157.727844,421.669067,51.876362
1000,10.000000,0.002448,-0.014962,-0.012727,0.999804,157.750732,421.678162,51.873276
1001,10.010000,0.002421,-0.014929,-0.012752,0.999804,157.768143,421.682739,51.866520
1002,10.020000,0.002405,-0.014755,-0.012907,0.999805,157.784149,421.685333,51.860199
1003,10.030000,0.002402,-0.014689,-0.012900,0.999806,157.778870,421.687347,51.859264
1004,10.040000,0.002396,-0.014882,-0.012738,0.999805,157.753433,421.684082,51.861244
1005,10.050000,0.002392,-0.014739,-0.012794,0.999807,157.729935,421.678009,51.865131
1006,10.060000,0.002422,-0.014707,-0.012780,0.999807,157.707428,421.667450,51.870728
1007,10.070000,0.002447,-0.014729,-0.012763,0.999807,157.691833,421.661102,51.875603
1008,10.080000,0.002450,-0.014736,-0.012773,0.999807,157.688431,421.660339,51.875835
1009,10.090000,0.002442,-0.014732,-0.012806,0.999806,157.698318,421.664886,51.873184
1010,10.100000,0.002439,-0.014726,-0.012843,0.999806,157.721436,421.671967,51.868862
1011,10.110000,0.002441,-0.014906,-0.012789,0.999804,157.749496,421.674500,51.865967
1012,10.120000,0.002445,-0.014796,-0.012935,0.999804,157.783981,421.681396,51.864670
1013,10.130000,0.002435,-0.014943,-0.012821,0.999803,157.790390,421.687988,51.864590
1014,10.140000,0.002431,-0.014944,-0.012814,0.999803,157.791107,421.689667,51.867481
1015,10.150000,0.002448,-0.014761,-0.012982,0.999804,157.787430,421.685150,51.871063
1016,10.160000,0.002444,-0.014953,-0.012723,0.999804,157.752350,421.674866,51.871597
1017,10.170000,0.002423,-0.014728,-0.012820,0.999806,157.723206,421.670807,51.869968
1018,10.180000,0.002405,-0.014672,-0.012796,0.999808,157.698654,421.667572,51.867638
1019,10.190000,0.002392,-0.014724,-0.012775,0.999807,157.675476,421.668488,51.863064
1020,10.200000,0.002398,-0.014677,-0.012747,0.999808,157.676727,421.664490,51.864353
1021,10.210000,0.002399,-0.014683,-0.012743,0.999808,157.686813,421.662689,51.864483
1022,10.220000,0.002422,-0.014910,-0.012660,0.999806,157.713806,421.666443,51.867783
1023,10.230000,0.002430,-0.014952,-0.012699,0.999805,157.743713,421.675995,51.870270
1024,10.240000,0.002425,-0.014933,-0.012774,0.999804,157.766800,421.681915,51.870430
1025,10.250000,0.002428,-0.014942,-0.012784,0.999804,157.782944,421.685028,51.868259
1026,10.260000,0.002431,-0.014929,-0.012806,0.999804,157.787048,421.685608,51.865974
1027,10.270000,0.002437,-0.014798,-0.012941,0.999804,157.785172,421.683807,51.862877
1028,10.280000,0.002437,-0.014955,-0.012771,0.999804,157.755936,421.680359,51.864391
1029,10.290000,0.002429,-0.014772,-0.012836,0.999806,157.732773,421.676453,51.867577
1030,10.300000,0.002432,-0.014697,-0.012844,0.999807,157.711639,421.667908,51.871716
1031,10.310000,0.002438,-0.014710,-0.012815,0.999807,157.699295,421.661926,51.874382
1032,10.320000,0.002432,-0.014723,-0.012789,0.999807,157.699692,421.663940,51.873539
1033,10.330000,0.002432,-0.014948,-0.012648,0.999805,157.707657,421.667084,51.870926
1034,10.340000,0.002395,-0.014756,-0.012766,0.999807,157.722290,421.673706,51.864712
1035,10.350000,0.002375,-0.014630,-0.012862,0.999807,157.740967,421.678802,51.860203
1036,10.360000,0.002365,-0.014624,-0.012872,0.999807,157.753967,421.681946,51.858337
1037,10.370000,0.002391,-0.014690,-0.012928,0.999806,157.771820,421.683624,51.860661
1038,10.380000,0.002410,-0.014929,-0.012732,0.999805,157.759796,421.682495,51.864788
1039,10.390000,0.002425,-0.014969,-0.012704,0.999804,157.749390,421.678131,51.868549
1040,10.400000,0.002420,-0.014733,-0.012825,0.999806,157.731293,421.671783,51.870560
1041,10.410000,0.002428,-0.014680,-0.012856,0.999807,157.719147,421.667755,51.870258
1042,10.420000,0.002450,-0.014886,-0.012743,0.999805,157.711426,421.665863,51.870331
1043,10.430000,0.002430,-0.014751,-0.012827,0.999806,157.711761,421.669678,51.868256
1044,10.440000,0.002422,-0.014679,-0.012880,0.999806,157.721115,421.671478,51.866203
1045,10.450000,0.002439,-0.014882,-0.012766,0.999805,157.735016,421.671387,51.865490
1046,10.460000,0.002438,-0.014965,-0.012738,0.999804,157.750107,421.673950,51.865501
1047,10.470000,0.002426,-0.014951,-0.012756,0.999804,157.763275,421.679657,51.867115
1048,10.480000,0.002417,-0.014951,-0.012744,0.999804,157.767883,421.684174,51.867516
1049,10.490000,0.002409,-0.014925,-0.012751,0.999804,157.762253,421.680695,51.867039
1050,10.500000,0.002411,-0.014937,-0.012693,0.999805,157.745270,421.674744,51.865112
1051,10.510000,0.002387,-0.014710,-0.012809,0.999807,157.728119,421.673889,51.863220
1052,10.520000,0.002378,-0.014647,-0.012806,0.999808,157.708420,421.672363,51.863400
1053,10.530000,0.002378,-0.014705,-0.012817,0.999807,157.688583,421.671356,51.861710
1054,10.540000,0.002407,-0.014673,-0.012786,0.999808,157.690536,421.663788,51.868038
1055,10.550000,0.002418,-0.014698,-0.012797,0.999807,157.699112,421.662994,51.869400
1056,10.560000,0.002417,-0.014701,-0.012837,0.999807,157.716904,421.667816,51.869923
1057,10.570000,0.002434,-0.014907,-0.012753,0.999805,157.738968,421.674438,51.869171
1058,10.580000,0.002430,-0.014962,-0.012761,0.999804,157.761154,421.681152,51.866249
1059,10.590000,0.002426,-0.014832,-0.012905,0.999804,157.784485,421.683258,51.862732
1060,10.600000,0.002420,-0.014774,-0.012963,0.999804,157.791016,421.684082,51.861225
1061,10.610000,0.002421,-0.014746,-0.012979,0.999804,157.784103,421.684753,51.862595
1062,10.620000,0.002418,-0.014932,-0.012765,0.999804,157.756256,421.680847,51.866035
1063,10.630000,0.002413,-0.014720,-0.012872,0.999806,157.733582,421.675842,51.868507
1064,10.640000,0.002415,-0.014684,-0.012820,0.999807,157.711136,421.667633,51.870342
1065,10.650000,0.002411,-0.014684,-0.012795,0.999807,157.695404,421.662415,51.870014
1066,10.660000,0.002400,-0.014680,-0.012770,0.999808,157.688690,421.662933,51.867836
1067,10.670000,0.002388,-0.014664,-0.012775,0.999808,157.693985,421.667419,51.865818
1068,10.680000,0.002374,-0.014732,-0.012808,0.999807,157.703125,421.674622,51.859318
1069,10.690000,0.002373,-0.014689,-0.012809,0.999807,157.727234,421.674377,51.860294
1070,10.700000,0.002395,-0.014872,-0.012739,0.999805,157.746918,421.676788,51.862240
1071,10.710000,0.002404,-0.014947,-0.012729,0.999804,157.760910,421.681335,51.864632
1072,10.720000,0.002415,-0.014944,-0.012737,0.999804,157.763382,421.681488,51.866867
1073,10.730000,0.002427,-0.014942,-0.012758,0.999804,157.758514,421.678772,51.867908
1074,10.740000,0.002421,-0.014713,-0.012896,0.999806,157.746704,421.675446,51.867077
1075,10.750000,0.002411,-0.014653,-0.012896,0.999807,157.733612,421.673004,51.865376
1076,10.760000,0.002409,-0.014683,-0.012883,0.999806,157.720795,421.672455,51.864250
1077,10.770000,0.002410,-0.014682,-0.012862,0.999807,157.713943,421.672455,51.865044
1078,10.780000,0.002414,-0.014692,-0.012846,0.999807,157.712784,421.669678,51.865665
1079,10.790000,0.002406,-0.014684,-0.012850,0.999807,157.719833,421.668274,51.866158
1080,10.800000,0.002400,-0.014688,-0.012841,0.999807,157.729996,421.672302,51.866417
1081,10.810000,0.002399,-0.014864,-0.012751,0.999805,157.742035,421.676697,51.866215
1082,10.820000,0.002404,-0.014893,-0.012686,0.999806,157.746307,421.679260,51.866119
1083,10.830000,0.002397,-0.014917,-0.012700,0.999805,157.749908,421.678986,51.862995
1084,10.840000,0.002398,-0.014944,-0.012672,0.999805,157.742111,421.675537,51.860733
1085,10.850000,0.002380,-0.014717,-0.012818,0.999807,157.733612,421.675995,51.860775
1086,10.860000,0.002385,-0.014651,-0.012848,0.999807,157.720306,421.674957,51.864342
1087,10.870000,0.002423,-0.014892,-0.012692,0.999806,157.710358,421.668823,51.868553
1088,10.880000,0.002425,-0.014783,-0.012758,0.999806,157.704178,421.664734,51.870258
1089,10.890000,0.002424,-0.014707,-0.012821,0.999807,157.708374,421.664825,51.869984
1090,10.900000,0.002417,-0.014697,-0.012852,0.999806,157.721710,421.670654,51.867348
1091,10.910000,0.002406,-0.014684,-0.012902,0.999806,157.737701,421.677185,51.864319
1092,10.920000,0.002407,-0.014911,-0.012763,0.999804,157.752563,421.678680,51.862301
1093,10.930000,0.002420,-0.014980,-0.012725,0.999804,157.762192,421.679108,51.861511
1094,10.940000,0.002420,-0.014801,-0.012907,0.999804,157.775681,421.680573,51.861771
1095,10.950000,0.002387,-0.014693,-0.012903,0.999806,157.761444,421.681763,51.862953
1096,10.960000,0.002406,-0.014851,-0.012778,0.999805,157.748215,421.679932,51.865337
1097,10.970000,0.002420,-0.014973,-0.012670,0.999805,157.729263,421.673462,51.867069
1098,10.980000,0.002403,-0.014746,-0.012765,0.999807,157.710648,421.667938,51.866188
1099,10.990000,0.002397,-0.014689,-0.012773,0.999808,157.698639,421.665649,51.865482
1100,11.000000,0.002392,-0.014693,-0.012760,0.999808,157.694580,421.666504,51.864792
1101,11.010000,0.002387,-0.014699,-0.012753,0.999808,157.699219,421.668182,51.864323
1102,11.020000,0.002390,-0.014691,-0.012791,0.999807,157.710892,421.669647,51.864452
1103,11.030000,0.002414,-0.014910,-0.012687,0.999806,157.727890,421.670105,51.865410
1104,11.040000,0.002418,-0.014965,-0.012695,0.999805,157.746429,421.673828,51.866066
1105,11.050000,0.002418,-0.014951,-0.012732,0.999804,157.760620,421.679718,51.866512
1106,11.060000,0.002424,-0.014948,-0.012773,0.999804,157.767044,421.682831,51.866276
1107,11.070000,0.002428,-0.014961,-0.012746,0.999804,157.762421,421.679657,51.864918
1108,11.080000,0.002403,-0.014722,-0.012882,0.999806,157.751953,421.677063,51.862808
1109,11.090000,0.002398,-0.014661,-0.012887,0.999807,157.738235,421.675903,51.862190
1110,11.100000,0.002396,-0.014672,-0.012856,0.999807,157.723206,421.673553,51.863201
1111,11.110000,0.002399,-0.014685,-0.012822,0.999807,157.711716,421.670502,51.865139
1112,11.120000,0.002399,-0.014687,-0.012801,0.999807,157.707489,421.667999,51.866817
1113,11.130000,0.002397,-0.014702,-0.012784,0.999807,157.709686,421.666840,51.867115
1114,11.140000,0.002386,-0.014674,-0.012813,0.999807,157.719345,421.670044,51.865532
1115,11.150000,0.002375,-0.014679,-0.012819,0.999807,157.729538,421.675598,51.863773
1116,11.160000,0.002388,-0.014886,-0.012697,0.999806,157.739319,421.677521,51.862381
1117,11.170000,0.002378,-0.014733,-0.012810,0.999807,157.746704,421.678650,51.860794
1118,11.180000,0.002369,-0.014641,-0.012883,0.999807,157.749374,421.678894,51.862522
1119,11.190000,0.002405,-0.014868,-0.012746,0.999805,157.745453,421.676910,51.865318
1120,11.200000,0.002401,-0.014743,-0.012816,0.999806,157.737610,421.676575,51.868328
1121,11.210000,0.002427,-0.014931,-0.012687,0.999805,157.729279,421.671722,51.870152
1122,11.220000,0.002444,-0.014998,-0.012646,0.999805,157.721848,421.667389,51.871632
1123,11.230000,0.002419,-0.014775,-0.012783,0.999806,157.719604,421.667664,51.870415
1124,11.240000,0.002406,-0.014687,-0.012842,0.999807,157.722855,421.671112,51.867947
1125,11.250000,0.002402,-0.014695,-0.012846,0.999807,157.729401,421.675964,51.867134
1126,11.260000,0.002416,-0.014927,-0.012691,0.999805,157.737854,421.675537,51.866135
1127,11.270000,0.002419,-0.014965,-0.012705,0.999804,157.749451,421.675293,51.865459
1128,11.280000,0.002416,-0.014955,-0.012722,0.999804,157.756531,421.677032,51.864635
1129,11.290000,0.002406,-0.014960,-0.012719,0.999804,157.757690,421.679779,51.863853
1130,11.300000,0.002397,-0.014947,-0.012713,0.999805,157.751404,421.679626,51.864044
1131,11.310000,0.002402,-0.014939,-0.012674,0.999805,157.741791,421.677277,51.864826
1132,11.320000,0.002386,-0.014728,-0.012779,0.999807,157.730225,421.674438,51.865635
1133,11.330000,0.002404,-0.014911,-0.012644,0.999806,157.717606,421.668365,51.867584
1134,11.340000,0.002396,-0.014755,-0.012729,0.999807,157.710510,421.669891,51.868538
1135,11.350000,0.002396,-0.014684,-0.012776,0.999808,157.708420,421.670319,51.870499
1136,11.360000,0.002423,-0.014929,-0.012660,0.999806,157.713470,421.667389,51.871780
1137,11.370000,0.002430,-0.014990,-0.012637,0.999805,157.724670,421.667725,51.871647
1138,11.380000,0.002432,-0.014988,-0.012676,0.999804,157.737915,421.672180,51.870968
1139,11.390000,0.002428,-0.014986,-0.012700,0.999804,157.750397,421.677399,51.868793
1140,11.400000,0.002425,-0.014967,-0.012742,0.999804,157.761261,421.681305,51.868328
1141,11.410000,0.002426,-0.014961,-0.012744,0.999804,157.765915,421.681091,51.867508
1142,11.420000,0.002423,-0.014962,-0.012750,0.999804,157.762924,421.678528,51.868141
1143,11.430000,0.002432,-0.014988,-0.012722,0.999804,157.754364,421.676422,51.869564
1144,11.440000,0.002434,-0.014975,-0.012721,0.999804,157.744339,421.676422,51.872391
1145,11.450000,0.002444,-0.014977,-0.012709,0.999804,157.732666,421.673248,51.873230
1146,11.460000,0.002441,-0.015018,-0.012629,0.999804,157.722549,421.668365,51.872528
1147,11.470000,0.002437,-0.015000,-0.012618,0.999805,157.720123,421.667938,51.871067
1148,11.480000,0.002424,-0.014997,-0.012617,0.999805,157.721848,421.670135,51.869976
1149,11.490000,0.002411,-0.014964,-0.012658,0.999805,157.728180,421.673615,51.869247
1150,11.500000,0.002408,-0.014962,-0.012658,0.999805,157.736969,421.675629,51.869778
1151,11.510000,0.002415,-0.014964,-0.012661,0.999805,157.746109,421.676758,51.870007
1152,11.520000,0.002409,-0.014968,-0.012666,0.999805,157.749817,421.676819,51.869667
1153,11.530000,0.002405,-0.014958,-0.012693,0.999805,157.749039,421.678619,51.869980
1154,11.540000,0.002411,-0.014964,-0.012669,0.999805,157.745392,421.678650,51.871410
1155,11.550000,0.002417,-0.015002,-0.012646,0.999805,157.738632,421.674744,51.871086
1156,11.560000,0.002431,-0.015014,-0.012641,0.999804,157.731079,421.670105,51.872684
1157,11.570000,0.002450,-0.015030,-0.012634,0.999804,157.727539,421.669647,51.873596
1158,11.580000,0.002451,-0.015019,-0.012657,0.999804,157.729218,421.671906,51.875748
1159,11.590000,0.002456,-0.015019,-0.012685,0.999804,157.733292,421.673248,51.875248
1160,11.600000,0.002453,-0.015012,-0.012694,0.999804,157.740036,421.673462,51.874855
1161,11.610000,0.002447,-0.015017,-0.012683,0.999804,157.749176,421.673981,51.873421
1162,11.620000,0.002436,-0.014997,-0.012707,0.999804,157.756317,421.676239,51.871902
1163,11.630000,0.002416,-0.014981,-0.012702,0.999804,157.761139,421.681610,51.870167
1164,11.640000,0.002421,-0.014947,-0.012671,0.999805,157.754868,421.683380,51.870674
1165,11.650000,0.002420,-0.014932,-0.012660,0.999806,157.746872,421.679810,51.871704
1166,11.660000,0.002416,-0.014969,-0.012648,0.999805,157.737228,421.674286,51.871792
1167,11.670000,0.002435,-0.014980,-0.012582,0.999806,157.720245,421.670929,51.874294
1168,11.680000,0.002433,-0.015011,-0.012575,0.999805,157.713028,421.668427,51.874348
1169,11.690000,0.002434,-0.015005,-0.012605,0.999805,157.710312,421.668213,51.874786
1170,11.700000,0.002446,-0.014997,-0.012581,0.999805,157.709717,421.668457,51.874992
1171,11.710000,0.002432,-0.014987,-0.012640,0.999805,157.722931,421.669037,51.872814
1172,11.720000,0.002428,-0.014994,-0.012671,0.999804,157.739334,421.673462,51.870991
1173,11.730000,0.002437,-0.014990,-0.012716,0.999804,157.753937,421.678619,51.871830
1174,11.740000,0.002433,-0.014995,-0.012731,0.999804,157.766998,421.681885,51.871525
1175,11.750000,0.002447,-0.014952,-0.012734,0.999804,157.769760,421.681610,51.873795
1176,11.760000,0.002443,-0.014999,-0.012731,0.999803,157.770889,421.681213,51.873802
1177,11.770000,0.002439,-0.014976,-0.012736,0.999804,157.762527,421.680267,51.875061
1178,11.780000,0.002435,-0.015000,-0.012698,0.999804,157.747025,421.676727,51.874290
1179,11.790000,0.002434,-0.014993,-0.012676,0.999804,157.731445,421.673981,51.874214
1180,11.800000,0.002434,-0.015006,-0.012617,0.999805,157.716904,421.669037,51.873653
1181,11.810000,0.002408,-0.014777,-0.012749,0.999807,157.709442,421.668243,51.872799
1182,11.820000,0.002413,-0.014896,-0.012673,0.999806,157.709702,421.668915,51.873531
1183,11.830000,0.002422,-0.014979,-0.012637,0.999805,157.717514,421.671295,51.874840
1184,11.840000,0.002420,-0.015001,-0.012634,0.999805,157.728775,421.672791,51.874477
1185,11.850000,0.002424,-0.014973,-0.012697,0.999804,157.743958,421.674896,51.873772
1186,11.860000,0.002425,-0.014977,-0.012709,0.999804,157.755814,421.677979,51.873528
1187,11.870000,0.002433,-0.014994,-0.012731,0.999804,157.763306,421.679810,51.872372
1188,11.880000,0.002434,-0.014978,-0.012773,0.999803,157.768219,421.682159,51.872375
1189,11.890000,0.002454,-0.014961,-0.012721,0.999804,157.760315,421.681885,51.873150
1190,11.900000,0.002445,-0.014999,-0.012719,0.999804,157.753464,421.677765,51.871887
1191,11.910000,0.002441,-0.014993,-0.012709,0.999804,157.743942,421.673798,51.873287
1192,11.920000,0.002444,-0.014993,-0.012681,0.999804,157.733093,421.673065,51.875534
1193,11.930000,0.002436,-0.014981,-0.012678,0.999804,157.725342,421.671478,51.876774
1194,11.940000,0.002429,-0.014986,-0.012661,0.999805,157.723038,421.669525,51.876568
1195,11.950000,0.002435,-0.014997,-0.012642,0.999805,157.725250,421.669861,51.875145
1196,11.960000,0.002427,-0.015001,-0.012642,0.999805,157.730255,421.671753,51.873680
1197,11.970000,0.002416,-0.014972,-0.012685,0.999805,157.738266,421.675354,51.871696
1198,11.980000,0.002412,-0.014987,-0.012656,0.999805,157.742935,421.677765,51.871246
1199,11.990000,0.002425,-0.014927,-0.012676,0.999805,157.744461,421.678772,51.872894
1200,12.000000,0.002420,-0.014993,-0.012662,0.999805,157.747910,421.675903,51.871407
1201,12.010000,0.002424,-0.014958,-0.012648,0.999805,157.742172,421.676666,51.872776
1202,12.020000,0.002427,-0.014969,-0.012676,0.999805,157.741501,421.677368,51.873627
1203,12.030000,0.002430,-0.014978,-0.012708,0.999804,157.736603,421.674622,51.874252
1204,12.040000,0.002431,-0.015018,-0.012655,0.999804,157.730881,421.671265,51.873520
1205,12.050000,0.002421,-0.014749,-0.012835,0.999806,157.731628,421.672577,51.873348
1206,12.060000,0.002438,-0.014909,-0.012745,0.999805,157.733124,421.671967,51.874420
1207,12.070000,0.002449,-0.015027,-0.012687,0.999804,157.739624,421.674561,51.875317
1208,12.080000,0.002456,-0.015035,-0.012686,0.999803,157.748505,421.676666,51.876232
1209,12.090000,0.002457,-0.015016,-0.012714,0.999803,157.755707,421.677368,51.876144
1210,12.100000,0.002449,-0.015015,-0.012709,0.999803,157.759125,421.677673,51.874619
1211,12.110000,0.002435,-0.015000,-0.012714,0.999804,157.758179,421.679199,51.873142
1212,12.120000,0.002425,-0.014974,-0.012704,0.999804,157.751877,421.679840,51.873592
1213,12.130000,0.002418,-0.014973,-0.012669,0.999805,157.740768,421.676392,51.872486
1214,12.140000,0.002391,-0.014751,-0.012783,0.999807,157.730881,421.674957,51.871494
1215,12.150000,0.002389,-0.014673,-0.012820,0.999807,157.721909,421.672974,51.872047
1216,12.160000,0.002419,-0.014919,-0.012650,0.999806,157.714630,421.670319,51.873947
1217,12.170000,0.002438,-0.014974,-0.012597,0.999806,157.710831,421.669983,51.875675
1218,12.180000,0.002436,-0.015023,-0.012606,0.999805,157.717484,421.669098,51.874889
1219,12.190000,0.002436,-0.015006,-0.012653,0.999804,157.729965,421.669678,51.873875
1220,12.200000,0.002436,-0.014979,-0.012702,0.999804,157.746628,421.673767,51.872257
1221,12.210000,0.002432,-0.014992,-0.012725,0.999804,157.760025,421.679565,51.870541
1222,12.220000,0.002442,-0.014968,-0.012712,0.999804,157.766586,421.684937,51.871193
1223,12.230000,0.002429,-0.014974,-0.012750,0.999804,157.771118,421.683319,51.871956
1224,12.240000,0.002434,-0.015006,-0.012702,0.999804,157.764679,421.679413,51.874092
1225,12.250000,0.002457,-0.014984,-0.012669,0.999804,157.749664,421.676331,51.877083
1226,12.260000,0.002452,-0.015028,-0.012669,0.999804,157.738495,421.674225,51.877373
1227,12.270000,0.002449,-0.015020,-0.012663,0.999804,157.728363,421.671997,51.875168
1228,12.280000,0.002454,-0.015001,-0.012658,0.999804,157.716309,421.664795,51.877590
1229,12.290000,0.002445,-0.015055,-0.012579,0.999805,157.714996,421.667572,51.869850
1230,12.300000,0.002426,-0.015015,-0.012592,0.999805,157.714233,421.669617,51.871780
1231,12.310000,0.002388,-0.014730,-0.012721,0.999808,157.723145,421.675079,51.866798
1232,12.320000,0.002404,-0.014862,-0.012679,0.999806,157.730957,421.673950,51.874966
1233,12.330000,0.002414,-0.014980,-0.012662,0.999805,157.743347,421.674591,51.872299
1234,12.340000,0.002412,-0.014989,-0.012660,0.999805,157.747894,421.673401,51.874264
1235,12.350000,0.002422,-0.014968,-0.012705,0.999804,157.750290,421.676361,51.873005
1236,12.360000,0.002444,-0.014949,-0.012687,0.999805,157.745209,421.680328,51.877190
1237,12.370000,0.002459,-0.014980,-0.012699,0.999804,157.739410,421.678497,51.874435
1238,12.380000,0.002431,-0.014775,-0.012873,0.999805,157.741928,421.675934,51.870995
1239,12.390000,0.002437,-0.014748,-0.012886,0.999805,157.738235,421.671326,51.871994
1240,12.400000,0.002461,-0.014952,-0.012743,0.999804,157.740616,421.670044,51.873356
1241,12.410000,0.002439,-0.015030,-0.012688,0.999804,157.745255,421.675171,51.869431
1242,12.420000,0.002414,-0.014986,-0.012673,0.999804,157.747665,421.676392,51.870735
1243,12.430000,0.002417,-0.014929,-0.012656,0.999806,157.747635,421.681213,51.871574
1244,12.440000,0.002423,-0.014931,-0.012649,0.999806,157.745178,421.679291,51.874073
1245,12.450000,0.002399,-0.014974,-0.012672,0.999805,157.740768,421.676178,51.870190
1246,12.460000,0.002417,-0.014956,-0.012663,0.999805,157.727570,421.674591,51.877026
1247,12.470000,0.002395,-0.014744,-0.012779,0.999807,157.718826,421.669647,51.872864
1248,12.480000,0.002411,-0.014914,-0.012637,0.999806,157.709610,421.665375,51.873547
1249,12.490000,0.002434,-0.015043,-0.012575,0.999805,157.710938,421.666870,51.870087
1250,12.500000,0.002443,-0.015058,-0.012612,0.999804,157.718765,421.672882,51.873661
1251,12.510000,0.002462,-0.015013,-0.012680,0.999804,157.733780,421.673279,51.874908
1252,12.520000,0.002442,-0.015001,-0.012701,0.999804,157.745010,421.675232,51.875694
1253,12.530000,0.002446,-0.015017,-0.012705,0.999803,157.756989,421.674286,51.873287
1254,12.540000,0.002432,-0.014962,-0.012758,0.999804,157.766068,421.677002,51.873528
1255,12.550000,0.002416,-0.014951,-0.012765,0.999804,157.771393,421.680817,51.869965
1256,12.560000,0.002443,-0.014950,-0.012767,0.999804,157.764679,421.685944,51.871323
1257,12.570000,0.002452,-0.014962,-0.012724,0.999804,157.753326,421.683655,51.869743
1258,12.580000,0.002417,-0.014992,-0.012691,0.999804,157.740891,421.673431,51.867874
1259,12.590000,0.002442,-0.015016,-0.012628,0.999805,157.727097,421.666565,51.871983
1260,12.600000,0.002422,-0.014975,-0.012658,0.999805,157.719604,421.668121,51.870846
1261,12.610000,0.002422,-0.015023,-0.012592,0.999805,157.712204,421.666809,51.871052
1262,12.620000,0.002404,-0.014797,-0.012752,0.999806,157.716553,421.672333,51.871506
1263,12.630000,0.002414,-0.014929,-0.012661,0.999806,157.722305,421.673340,51.872532
1264,12.640000,0.002411,-0.014984,-0.012617,0.999805,157.731018,421.673553,51.870937
1265,12.650000,0.002396,-0.014993,-0.012637,0.999805,157.735428,421.673981,51.870083
1266,12.660000,0.002399,-0.014965,-0.012646,0.999805,157.739471,421.674561,51.871506
1267,12.670000,0.002417,-0.014969,-0.012651,0.999805,157.741608,421.672211,51.873287
1268,12.680000,0.002418,-0.015006,-0.012666,0.999804,157.740143,421.673737,51.870396
1269,12.690000,0.002444,-0.015025,-0.012686,0.999804,157.739883,421.676086,51.872608
1270,12.700000,0.002461,-0.015023,-0.012696,0.999803,157.738739,421.675964,51.875710
1271,12.710000,0.002460,-0.015020,-0.012704,0.999803,157.738007,421.672180,51.875656
1272,12.720000,0.002454,-0.015044,-0.012681,0.999803,157.734589,421.668945,51.872433
1273,12.730000,0.002415,-0.014782,-0.012844,0.999805,157.739670,421.673340,51.867271
1274,12.740000,0.002390,-0.014661,-0.012840,0.999807,157.738556,421.677521,51.866676
1275,12.750000,0.002401,-0.014904,-0.012677,0.999806,157.743652,421.681763,51.864555
1276,12.760000,0.002405,-0.014940,-0.012677,0.999805,157.746521,421.682190,51.866711
1277,12.770000,0.002383,-0.014717,-0.012837,0.999806,157.747086,421.679352,51.866970
1278,12.780000,0.002405,-0.014887,-0.012742,0.999805,157.738785,421.673645,51.869503
1279,12.790000,0.002398,-0.014776,-0.012775,0.999806,157.728714,421.673767,51.869850
1280,12.800000,0.002394,-0.014676,-0.012773,0.999808,157.715927,421.674194,51.870899
1281,12.810000,0.002411,-0.014904,-0.012667,0.999806,157.713394,421.669464,51.870796
1282,12.820000,0.002433,-0.015015,-0.012605,0.999805,157.714554,421.667236,51.872124
1283,12.830000,0.002437,-0.015034,-0.012613,0.999804,157.721634,421.667938,51.871021
1284,12.840000,0.002432,-0.015030,-0.012645,0.999804,157.727722,421.671783,51.871311
1285,12.850000,0.002431,-0.015015,-0.012665,0.999804,157.735428,421.675201,51.872959
1286,12.860000,0.002433,-0.014989,-0.012695,0.999804,157.743790,421.675171,51.874371
1287,12.870000,0.002424,-0.014998,-0.012698,0.999804,157.749939,421.672913,51.872601
1288,12.880000,0.002426,-0.014993,-0.012707,0.999804,157.755447,421.675507,51.870941
1289,12.890000,0.002428,-0.014971,-0.012749,0.999804,157.756454,421.679840,51.869549
1290,12.900000,0.002407,-0.014726,-0.012837,0.999806,157.744644,421.682068,51.866867
1291,12.910000,0.002400,-0.014667,-0.012851,0.999807,157.732254,421.678864,51.866547
1292,12.920000,0.002415,-0.014918,-0.012694,0.999805,157.724960,421.671204,51.867191
1293,12.930000,0.002421,-0.015017,-0.012618,0.999805,157.719345,421.667084,51.869198
1294,12.940000,0.002414,-0.014994,-0.012633,0.999805,157.720245,421.669128,51.870068
1295,12.950000,0.002412,-0.014964,-0.012661,0.999805,157.723419,421.673218,51.871067
1296,12.960000,0.002386,-0.014746,-0.012795,0.999807,157.728394,421.675140,51.868862
1297,12.970000,0.002378,-0.014675,-0.012847,0.999807,157.731842,421.673828,51.868401
1298,12.980000,0.002403,-0.014912,-0.012708,0.999805,157.736969,421.675446,51.867352
1299,12.990000,0.002390,-0.014766,-0.012811,0.999806,157.742493,421.679016,51.867588
1300,13.000000,0.002410,-0.014905,-0.012740,0.999805,157.744537,421.676514,51.869503
1301,13.010000,0.002439,-0.015000,-0.012692,0.999804,157.743591,421.673462,51.872879
1302,13.020000,0.002444,-0.015015,-0.012686,0.999804,157.740326,421.671753,51.873981
1303,13.030000,0.002441,-0.015019,-0.012695,0.999804,157.738342,421.672058,51.873810
1304,13.040000,0.002439,-0.015005,-0.012708,0.999804,157.734573,421.673920,51.873611
1305,13.050000,0.002442,-0.015010,-0.012684,0.999804,157.732330,421.673279,51.872684
1306,13.060000,0.002428,-0.014995,-0.012678,0.999804,157.731720,421.670380,51.869434
1307,13.070000,0.002421,-0.014981,-0.012670,0.999805,157.732788,421.671082,51.868336
1308,13.080000,0.002406,-0.014995,-0.012641,0.999805,157.735321,421.675446,51.867401
1309,13.090000,0.002400,-0.014976,-0.012667,0.999805,157.737976,421.677155,51.867767
1310,13.100000,0.002408,-0.014983,-0.012679,0.999805,157.737137,421.675171,51.867764
1311,13.110000,0.002428,-0.014975,-0.012610,0.999805,157.732925,421.673035,51.869808
1312,13.120000,0.002398,-0.014779,-0.012762,0.999806,157.734238,421.674225,51.868801
1313,13.130000,0.002405,-0.014903,-0.012732,0.999805,157.732727,421.674316,51.868858
1314,13.140000,0.002392,-0.014751,-0.012813,0.999806,157.730881,421.677612,51.869259
1315,13.150000,0.002395,-0.014676,-0.012864,0.999807,157.730667,421.676208,51.869370
1316,13.160000,0.002419,-0.014953,-0.012679,0.999805,157.729477,421.670197,51.869102
1317,13.170000,0.002432,-0.015035,-0.012655,0.999804,157.730621,421.670349,51.870815
1318,13.180000,0.002435,-0.015011,-0.012680,0.999804,157.734772,421.673645,51.872784
1319,13.190000,0.002436,-0.015003,-0.012697,0.999804,157.739395,421.674744,51.873901
1320,13.200000,0.002440,-0.015028,-0.012673,0.999804,157.743500,421.673096,51.873199
1321,13.210000,0.002438,-0.015015,-0.012697,0.999804,157.745941,421.673828,51.871529
1322,13.220000,0.002425,-0.014986,-0.012701,0.999804,157.746674,421.674561,51.869801
1323,13.230000,0.002423,-0.014972,-0.012658,0.999805,157.739960,421.677368,51.869968
1324,13.240000,0.002411,-0.014970,-0.012699,0.999804,157.738678,421.677185,51.869255
1325,13.250000,0.002392,-0.014770,-0.012808,0.999806,157.732269,421.674988,51.868671
1326,13.260000,0.002411,-0.014925,-0.012671,0.999805,157.727188,421.669708,51.868710
1327,13.270000,0.002418,-0.015000,-0.012646,0.999805,157.722321,421.669952,51.870651
1328,13.280000,0.002391,-0.014798,-0.012760,0.999806,157.722778,421.673767,51.868584
1329,13.290000,0.002398,-0.014917,-0.012689,0.999805,157.722336,421.672516,51.868481
1330,13.300000,0.002416,-0.014999,-0.012653,0.999805,157.728653,421.671356,51.867683
1331,13.310000,0.002423,-0.015006,-0.012677,0.999804,157.734695,421.672180,51.868305
1332,13.320000,0.002423,-0.015003,-0.012682,0.999804,157.741577,421.674286,51.867886
1333,13.330000,0.002422,-0.014974,-0.012723,0.999804,157.747574,421.677124,51.870705
1334,13.340000,0.002434,-0.015000,-0.012710,0.999804,157.747940,421.677032,51.871204
1335,13.350000,0.002424,-0.014996,-0.012704,0.999804,157.747498,421.673950,51.872051
1336,13.360000,0.002428,-0.015009,-0.012678,0.999804,157.743668,421.672028,51.871429
1337,13.370000,0.002427,-0.014998,-0.012682,0.999804,157.737122,421.673370,51.872078
1338,13.380000,0.002426,-0.014989,-0.012681,0.999804,157.731964,421.672882,51.870605
1339,13.390000,0.002406,-0.014729,-0.012789,0.999807,157.720123,421.674194,51.871178
1340,13.400000,0.002389,-0.014679,-0.012825,0.999807,157.720856,421.672211,51.868607
1341,13.410000,0.002392,-0.014703,-0.012821,0.999807,157.721359,421.670898,51.869865
1342,13.420000,0.002384,-0.014719,-0.012804,0.999807,157.723648,421.673096,51.868221
1343,13.430000,0.002401,-0.014936,-0.012681,0.999805,157.728317,421.673645,51.869251
1344,13.440000,0.002416,-0.015022,-0.012641,0.999804,157.732391,421.673492,51.869534
1345,13.450000,0.002390,-0.014800,-0.012786,0.999806,157.738052,421.675110,51.868252
1346,13.460000,0.002405,-0.014928,-0.012706,0.999805,157.741898,421.674927,51.867729
1347,13.470000,0.002414,-0.014986,-0.012697,0.999804,157.744843,421.676788,51.867760
1348,13.480000,0.002419,-0.014996,-0.012703,0.999804,157.744186,421.675842,51.868366
1349,13.490000,0.002428,-0.014994,-0.012700,0.999804,157.741592,421.674316,51.869587
1350,13.500000,0.002433,-0.015007,-0.012681,0.999804,157.737305,421.671387,51.870094
1351,13.510000,0.002435,-0.015029,-0.012651,0.999804,157.734283,421.670990,51.870991
1352,13.520000,0.002439,-0.015025,-0.012664,0.999804,157.732468,421.671875,51.872513
1353,13.530000,0.002430,-0.015001,-0.012674,0.999804,157.734650,421.673553,51.872505
1354,13.540000,0.002426,-0.015007,-0.012657,0.999804,157.732300,421.672119,51.871078
1355,13.550000,0.002412,-0.014995,-0.012642,0.999805,157.732544,421.670898,51.869637
1356,13.560000,0.002414,-0.014985,-0.012659,0.999805,157.732956,421.673187,51.869377
1357,13.570000,0.002388,-0.014770,-0.012788,0.999806,157.731567,421.676971,51.868629
1358,13.580000,0.002380,-0.014692,-0.012839,0.999807,157.732391,421.677155,51.868366
1359,13.590000,0.002412,-0.014950,-0.012666,0.999805,157.728973,421.672180,51.869904
1360,13.600000,0.002420,-0.015014,-0.012644,0.999804,157.728516,421.670776,51.870243
1361,13.610000,0.002414,-0.015015,-0.012637,0.999805,157.727493,421.670288,51.869335
1362,13.620000,0.002413,-0.014981,-0.012673,0.999805,157.730286,421.673584,51.868595
1363,13.630000,0.002417,-0.014976,-0.012686,0.999804,157.733551,421.673798,51.868858
1364,13.640000,0.002421,-0.015010,-0.012668,0.999804,157.736145,421.672363,51.868141
1365,13.650000,0.002423,-0.015000,-0.012696,0.999804,157.741150,421.673248,51.868385
1366,13.660000,0.002422,-0.015011,-0.012693,0.999804,157.744019,421.675354,51.869572
1367,13.670000,0.002426,-0.014999,-0.012717,0.999804,157.746323,421.676971,51.871098
1368,13.680000,0.002423,-0.014984,-0.012718,0.999804,157.745850,421.675262,51.871635
1369,13.690000,0.002406,-0.014788,-0.012823,0.999806,157.743607,421.675507,51.870358
1370,13.700000,0.002416,-0.014941,-0.012704,0.999805,157.737427,421.672485,51.869625
1371,13.710000,0.002409,-0.014760,-0.012782,0.999806,157.730331,421.674774,51.870533
1372,13.720000,0.002412,-0.014934,-0.012688,0.999805,157.728256,421.674255,51.869930
1373,13.730000,0.002416,-0.015023,-0.012619,0.999805,157.723877,421.670807,51.870064
1374,13.740000,0.002389,-0.014770,-0.012754,0.999807,157.721756,421.671295,51.869354
1375,13.750000,0.002383,-0.014700,-0.012797,0.999807,157.722275,421.671539,51.868977
1376,13.760000,0.002402,-0.014883,-0.012659,0.999806,157.721390,421.671509,51.870533
1377,13.770000,0.002384,-0.014780,-0.012748,0.999807,157.727646,421.674347,51.868309
1378,13.780000,0.002402,-0.014913,-0.012698,0.999805,157.732681,421.673523,51.868988
1379,13.790000,0.002418,-0.015017,-0.012644,0.999804,157.737518,421.672852,51.868145
1380,13.800000,0.002419,-0.015021,-0.012664,0.999804,157.741608,421.674011,51.868095
1381,13.810000,0.002423,-0.014986,-0.012720,0.999804,157.744965,421.676331,51.868813
1382,13.820000,0.002421,-0.015014,-0.012686,0.999804,157.742966,421.675720,51.869446
1383,13.830000,0.002423,-0.015007,-0.012689,0.999804,157.741608,421.673462,51.869576
1384,13.840000,0.002426,-0.015022,-0.012659,0.999804,157.737198,421.671051,51.870377
1385,13.850000,0.002428,-0.014994,-0.012700,0.999804,157.736252,421.673309,51.870010
1386,13.860000,0.002424,-0.015002,-0.012674,0.999804,157.733185,421.673889,51.870193
1387,13.870000,0.002417,-0.014979,-0.012680,0.999805,157.732101,421.673462,51.869511
1388,13.880000,0.002419,-0.015008,-0.012630,0.999805,157.729294,421.671631,51.868843
1389,13.890000,0.002423,-0.014973,-0.012614,0.999805,157.724976,421.670624,51.869873
1390,13.900000,0.002413,-0.014979,-0.012663,0.999805,157.729172,421.671082,51.869076
1391,13.910000,0.002411,-0.014994,-0.012644,0.999805,157.728531,421.672089,51.869236
1392,13.920000,0.002417,-0.014992,-0.012651,0.999805,157.729416,421.672791,51.869419
1393,13.930000,0.002388,-0.014750,-0.012806,0.999806,157.731567,421.674408,51.868347
1394,13.940000,0.002405,-0.014928,-0.012688,0.999805,157.732941,421.673248,51.867962
1395,13.950000,0.002416,-0.014997,-0.012666,0.999804,157.734665,421.673431,51.868229
1396,13.960000,0.002416,-0.015005,-0.012676,0.999804,157.734238,421.673279,51.868717
1397,13.970000,0.002415,-0.015016,-0.012660,0.999804,157.735291,421.672363,51.868732
1398,13.980000,0.002402,-0.014787,-0.012805,0.999806,157.736603,421.674194,51.869003
1399,13.990000,0.002410,-0.014935,-0.012726,0.999805,157.738052,421.673096,51.868889
1400,14.000000,0.002422,-0.015032,-0.012657,0.999804,157.738388,421.672974,51.868919
1401,14.010000,0.002436,-0.015000,-0.012654,0.999804,157.736679,421.674988,51.871380
1402,14.020000,0.002423,-0.015015,-0.012658,0.999804,157.738770,421.674805,51.868088
1403,14.030000,0.002390,-0.014787,-0.012798,0.999806,157.735794,421.674164,51.868412
1404,14.040000,0.002404,-0.014905,-0.012704,0.999805,157.733704,421.672180,51.867764
1405,14.050000,0.002403,-0.014995,-0.012631,0.999805,157.727432,421.672089,51.868923
1406,14.060000,0.002396,-0.014993,-0.012621,0.999805,157.727570,421.671570,51.866070
1407,14.070000,0.002409,-0.014991,-0.012640,0.999805,157.723434,421.670898,51.868996
1408,14.080000,0.002387,-0.014754,-0.012783,0.999807,157.724899,421.673706,51.867695
1409,14.090000,0.002399,-0.014938,-0.012660,0.999805,157.723816,421.669891,51.869621
1410,14.100000,0.002432,-0.014981,-0.012612,0.999805,157.722900,421.671051,51.871017
1411,14.110000,0.002395,-0.014765,-0.012813,0.999806,157.733246,421.675781,51.869560
1412,14.120000,0.002413,-0.014898,-0.012742,0.999805,157.737228,421.673370,51.869747
1413,14.130000,0.002414,-0.015013,-0.012666,0.999804,157.740524,421.673615,51.867168
1414,14.140000,0.002410,-0.015003,-0.012690,0.999804,157.743301,421.674744,51.867378
1415,14.150000,0.002402,-0.014765,-0.012792,0.999806,157.742920,421.678284,51.867977
1416,14.160000,0.002409,-0.014937,-0.012731,0.999804,157.743439,421.676605,51.868263
1417,14.170000,0.002424,-0.015032,-0.012676,0.999804,157.742523,421.675049,51.869381
1418,14.180000,0.002416,-0.015012,-0.012651,0.999804,157.733551,421.671478,51.869049
1419,14.190000,0.002382,-0.014773,-0.012769,0.999806,157.728241,421.671753,51.868378
1420,14.200000,0.002400,-0.014909,-0.012669,0.999806,157.723618,421.671448,51.868965
1421,14.210000,0.002414,-0.015015,-0.012624,0.999805,157.721878,421.670898,51.869568
1422,14.220000,0.002420,-0.015019,-0.012636,0.999804,157.724625,421.669647,51.869282
1423,14.230000,0.002422,-0.015015,-0.012630,0.999805,157.726807,421.670044,51.868954
1424,14.240000,0.002407,-0.014990,-0.012644,0.999805,157.728760,421.671387,51.867611
1425,14.250000,0.002393,-0.014960,-0.012657,0.999805,157.731583,421.673096,51.868641
1426,14.260000,0.002408,-0.014976,-0.012656,0.999805,157.734344,421.674469,51.870907
1427,14.270000,0.002421,-0.014995,-0.012685,0.999804,157.738525,421.673401,51.870918
1428,14.280000,0.002428,-0.015010,-0.012683,0.999804,157.740417,421.670746,51.870117
1429,14.290000,0.002424,-0.015003,-0.012689,0.999804,157.740387,421.673309,51.869480
1430,14.300000,0.002409,-0.015006,-0.012658,0.999804,157.736496,421.675262,51.867966
1431,14.310000,0.002414,-0.014946,-0.012635,0.999806,157.728668,421.674255,51.869869
1432,14.320000,0.002391,-0.014788,-0.012771,0.999806,157.727676,421.673157,51.867737
1433,14.330000,0.002419,-0.014926,-0.012697,0.999805,157.730270,421.669678,51.869667
1434,14.340000,0.002430,-0.015007,-0.012673,0.999804,157.732361,421.670624,51.869511
1435,14.350000,0.002425,-0.014974,-0.012664,0.999805,157.734268,421.673523,51.869839
1436,14.360000,0.002410,-0.014974,-0.012673,0.999805,157.736450,421.675903,51.868835
1437,14.370000,0.002375,-0.014763,-0.012782,0.999806,157.736252,421.676605,51.866333
1438,14.380000,0.002397,-0.014922,-0.012673,0.999806,157.735199,421.672180,51.866257
1439,14.390000,0.002417,-0.014990,-0.012660,0.999805,157.734756,421.672577,51.868931
1440,14.400000,0.002402,-0.014775,-0.012763,0.999807,157.732697,421.677216,51.870754
1441,14.410000,0.002405,-0.014935,-0.012685,0.999805,157.730042,421.673248,51.870792
1442,14.420000,0.002388,-0.014793,-0.012749,0.999806,157.725769,421.672302,51.869473
1443,14.430000,0.002407,-0.014942,-0.012665,0.999805,157.723984,421.669373,51.869820
1444,14.440000,0.002403,-0.014787,-0.012781,0.999806,157.722595,421.671326,51.870384
1445,14.450000,0.002400,-0.014757,-0.012837,0.999806,157.727127,421.674744,51.869320
1446,14.460000,0.002424,-0.014946,-0.012709,0.999805,157.732269,421.672729,51.871017
1447,14.470000,0.002398,-0.014766,-0.012816,0.999806,157.737228,421.674103,51.868767
1448,14.480000,0.002386,-0.014943,-0.012670,0.999805,157.739914,421.673981,51.866051
1449,14.490000,0.002405,-0.014995,-0.012661,0.999805,157.741302,421.675293,51.868748
1450,14.500000,0.002417,-0.015030,-0.012672,0.999804,157.742737,421.676758,51.868507
1451,14.510000,0.002432,-0.015010,-0.012688,0.999804,157.740158,421.671997,51.870605
1452,14.520000,0.002410,-0.014794,-0.012812,0.999806,157.738754,421.673370,51.868637
1453,14.530000,0.002400,-0.014901,-0.012694,0.999806,157.733353,421.673157,51.866779
1454,14.540000,0.002390,-0.015012,-0.012589,0.999805,157.726135,421.672852,51.865314
1455,14.550000,0.002374,-0.014791,-0.012736,0.999807,157.722733,421.674530,51.866669
1456,14.560000,0.002393,-0.014739,-0.012797,0.999807,157.721344,421.672089,51.868870
1457,14.570000,0.002404,-0.014742,-0.012807,0.999806,157.725739,421.669739,51.871109
1458,14.580000,0.002401,-0.014752,-0.012819,0.999806,157.730576,421.673187,51.870777
1459,14.590000,0.002396,-0.014950,-0.012660,0.999805,157.733826,421.675964,51.869637
1460,14.600000,0.002398,-0.015017,-0.012615,0.999805,157.736252,421.674164,51.868950
1461,14.610000,0.002391,-0.014796,-0.012786,0.999806,157.739197,421.674438,51.867870
1462,14.620000,0.002400,-0.014726,-0.012873,0.999806,157.740875,421.674347,51.867771
1463,14.630000,0.002426,-0.014980,-0.012714,0.999804,157.742645,421.674957,51.867561
1464,14.640000,0.002414,-0.015011,-0.012652,0.999804,157.736679,421.675964,51.869228
1465,14.650000,0.002386,-0.014769,-0.012786,0.999806,157.735504,421.676758,51.869148
1466,14.660000,0.002381,-0.014691,-0.012825,0.999807,157.729721,421.671814,51.870373
1467,14.670000,0.002422,-0.014962,-0.012676,0.999805,157.727859,421.667267,51.870937
1468,14.680000,0.002413,-0.014811,-0.012813,0.999805,157.729446,421.673462,51.869465
1469,14.690000,0.002406,-0.014739,-0.012754,0.999807,157.723587,421.676575,51.868080
1470,14.700000,0.002367,-0.014710,-0.012807,0.999807,157.731384,421.676971,51.864429
1471,14.710000,0.002358,-0.014706,-0.012770,0.999808,157.729691,421.674103,51.865429
1472,14.720000,0.002398,-0.014946,-0.012654,0.999805,157.731964,421.671417,51.868221
1473,14.730000,0.002399,-0.014831,-0.012787,0.999805,157.735367,421.674286,51.869732
1474,14.740000,0.002429,-0.014979,-0.012721,0.999804,157.734863,421.673553,51.871647
1475,14.750000,0.002435,-0.015028,-0.012679,0.999804,157.738358,421.673004,51.871078
1476,14.760000,0.002396,-0.014821,-0.012754,0.999806,157.733688,421.672943,51.869465
1477,14.770000,0.002373,-0.014721,-0.012817,0.999807,157.734909,421.674469,51.867050
1478,14.780000,0.002384,-0.014727,-0.012831,0.999806,157.733017,421.676086,51.868320
1479,14.790000,0.002406,-0.014723,-0.012878,0.999806,157.733688,421.675720,51.869217
1480,14.800000,0.002427,-0.014985,-0.012697,0.999804,157.733383,421.671356,51.869358
1481,14.810000,0.002425,-0.015054,-0.012610,0.999804,157.731644,421.670471,51.869759
1482,14.820000,0.002381,-0.014770,-0.012775,0.999806,157.735886,421.674622,51.868580
1483,14.830000,0.002383,-0.014918,-0.012667,0.999806,157.731094,421.674896,51.868874
1484,14.840000,0.002372,-0.014772,-0.012765,0.999807,157.729172,421.676331,51.865601
1485,14.850000,0.002387,-0.014734,-0.012800,0.999807,157.726349,421.672607,51.866478
1486,14.860000,0.002393,-0.014740,-0.012812,0.999806,157.726105,421.672150,51.867294
1487,14.870000,0.002408,-0.014911,-0.012738,0.999805,157.728607,421.671143,51.870380
1488,14.880000,0.002422,-0.015016,-0.012651,0.999804,157.733139,421.672516,51.871136
1489,14.890000,0.002422,-0.015028,-0.012637,0.999804,157.735153,421.672211,51.870659
1490,14.900000,0.002421,-0.015028,-0.012647,0.999804,157.735611,421.672180,51.868725
1491,14.910000,0.002417,-0.015006,-0.012657,0.999804,157.736801,421.673096,51.868011
1492,14.920000,0.002412,-0.015013,-0.012644,0.999804,157.735611,421.674225,51.869091
1493,14.930000,0.002414,-0.014988,-0.012673,0.999804,157.739349,421.675293,51.869804
1494,14.940000,0.002412,-0.014984,-0.012680,0.999804,157.738342,421.672668,51.870857
1495,14.950000,0.002414,-0.015005,-0.012663,0.999804,157.735916,421.671417,51.868755
1496,14.960000,0.002424,-0.014989,-0.012610,0.999805,157.725372,421.670166,51.870174
1497,14.970000,0.002392,-0.014800,-0.012751,0.999806,157.724182,421.674622,51.867882
1498,14.980000,0.002395,-0.014916,-0.012678,0.999806,157.721283,421.672852,51.869392
1499,14.990000,0.002393,-0.014776,-0.012761,0.999807,157.722000,421.671539,51.869915
1500,15.000000,0.002410,-0.014960,-0.012657,0.999805,157.727661,421.669159,51.868526
