Format Version,1.24,Take Name,Push_270_deg_003,Take Notes,,Capture Frame Rate,100.000000,Export Frame Rate,100.000000,Capture Start Time,2025-02-03 02.30.35.458 午後,Capture Start Frame,9695088,Total Frames in Take,1501,Total Exported Frames,1501,Rotation Type,Quaternion,Length Units,Millimeters,Coordinate Space,Local

,Type,Rigid Body,Rigid Body,Rigid Body,Rigid Body,Rigid Body,Rigid Body,Rigid Body
,Name,Rigid Body 002,Rigid Body 002,Rigid Body 002,Rigid Body 002,Rigid Body 002,Rigid Body 002,Rigid Body 002
,ID,7081C4A4E11211EF3C28FEC2583C42A9,7081C4A4E11211EF3C28FEC2583C42A9,7081C4A4E11211EF3C28FEC2583C42A9,7081C4A4E11211EF3C28FEC2583C42A9,7081C4A4E11211EF3C28FEC2583C42A9,7081C4A4E11211EF3C28FEC2583C42A9,7081C4A4E11211EF3C28FEC2583C42A9
,,Rotation,Rotation,Rotation,Rotation,Position,Position,Position
Frame,Time (Seconds),X,Y,Z,W,X,Y,Z
0,0.000000,0.006577,-0.013097,-0.009605,0.999847,152.236160,421.182007,107.982452
1,0.010000,0.006592,-0.013001,-0.009708,0.999847,152.245560,421.185333,107.976913
2,0.020000,0.006565,-0.012985,-0.009670,0.999847,152.255890,421.187164,107.973763
3,0.030000,0.006544,-0.013022,-0.009513,0.999849,152.261337,421.184387,107.973038
4,0.040000,0.006489,-0.013096,-0.009399,0.999849,152.262192,421.185638,107.976013
5,0.050000,0.006475,-0.013120,-0.009233,0.999850,152.271881,421.186035,107.976151
6,0.060000,0.006470,-0.013170,-0.009244,0.999850,152.269348,421.190491,107.979820
7,0.070000,0.006366,-0.013379,-0.008754,0.999852,152.263626,421.194427,107.987793
8,0.080000,0.006355,-0.013496,-0.008458,0.999853,152.255875,421.189178,107.989326
9,0.090000,0.006330,-0.013616,-0.008194,0.999854,152.246216,421.186859,107.988647
10,0.100000,0.006314,-0.013653,-0.008108,0.999854,152.241257,421.186920,107.986618
11,0.110000,0.006288,-0.013664,-0.008089,0.999854,152.241013,421.188904,107.986092
12,0.120000,0.006319,-0.013604,-0.008231,0.999854,152.251205,421.189026,107.986588
13,0.130000,0.006361,-0.013584,-0.008391,0.999852,152.264725,421.189972,107.986877
14,0.140000,0.006394,-0.013511,-0.008617,0.999851,152.280334,421.191498,107.985649
15,0.150000,0.006452,-0.013393,-0.008875,0.999850,152.302429,421.196045,107.983414
16,0.160000,,,,,,,
17,0.170000,0.006415,-0.013346,-0.008860,0.999851,152.311264,421.199158,107.980148
18,0.180000,0.006377,-0.013420,-0.008602,0.999853,152.299377,421.194427,107.979187
19,0.190000,0.006337,-0.013456,-0.008386,0.999854,152.280777,421.190369,107.979637
20,0.200000,0.006314,-0.013527,-0.008167,0.999855,152.258957,421.186096,107.981331
21,0.210000,,,,,,,
22,0.220000,0.006275,-0.013654,-0.007923,0.999856,152.217850,421.180786,107.988167
23,0.230000,0.006275,-0.013706,-0.007801,0.999856,152.210312,421.177765,107.991570
24,0.240000,0.006254,-0.013753,-0.007699,0.999856,152.215576,421.180481,107.992958
25,0.250000,0.006242,-0.013764,-0.007673,0.999856,152.238358,421.186218,107.991295
26,0.260000,0.006219,-0.013828,-0.007544,0.999857,152.262466,421.191681,107.990326
27,0.270000,,,,,,,
28,0.280000,0.006177,-0.014036,-0.006993,0.999858,152.322769,421.198181,107.985298
29,0.290000,0.006172,-0.014112,-0.006857,0.999858,152.342529,421.203003,107.985565
30,0.300000,0.006165,-0.014152,-0.006821,0.999858,152.346817,421.206482,107.988495
31,0.310000,0.006163,-0.014188,-0.006752,0.999858,152.338516,421.204895,107.990028
32,0.320000,0.006145,-0.014201,-0.006636,0.999858,152.317642,421.199341,107.990738
33,0.330000,0.006102,-0.014246,-0.006515,0.999859,152.284225,421.192017,107.990036
34,0.340000,0.006111,-0.014185,-0.006493,0.999860,152.260452,421.185150,107.986122
35,0.350000,0.006083,-0.014227,-0.006402,0.999860,152.236374,421.183899,107.987656
36,0.360000,0.006081,-0.014250,-0.006352,0.999860,152.220932,421.182190,107.987587
37,0.370000,0.006090,-0.014230,-0.006378,0.999860,152.218079,421.181671,107.989487
38,0.380000,,,,,,,
39,0.390000,0.006092,-0.014227,-0.006436,0.999860,152.246948,421.184998,107.991447
40,0.400000,0.006085,-0.014246,-0.006476,0.999859,152.271896,421.191284,107.989807
41,0.410000,0.006117,-0.014199,-0.006548,0.999859,152.298996,421.193298,107.986664
42,0.420000,0.006133,-0.014175,-0.006609,0.999859,152.322510,421.202911,107.988914
43,0.430000,0.006140,-0.014155,-0.006742,0.999858,152.356796,421.227386,107.988930
44,0.440000,0.005918,-0.014375,-0.006443,0.999858,152.367722,421.266663,107.971626
45,0.450000,0.005792,-0.014450,-0.006235,0.999859,152.373917,421.284149,107.948288
46,0.460000,0.005741,-0.014524,-0.005834,0.999861,152.372009,421.279083,107.942612
47,0.470000,0.005708,-0.014618,-0.005479,0.999862,152.360382,421.269775,107.945549
48,0.480000,0.005749,-0.014533,-0.005803,0.999861,152.338348,421.264008,107.951302
49,0.490000,0.005828,-0.014557,-0.005802,0.999860,152.327103,421.257812,107.972679
50,0.500000,0.006032,-0.014572,-0.005564,0.999860,152.340881,421.244232,108.000542
51,0.510000,0.006092,-0.014739,-0.005425,0.999858,152.332001,421.235687,108.024994
52,0.520000,,,,,,,
53,0.530000,0.006120,-0.014931,-0.005103,0.999857,152.301773,421.208954,108.029778
54,0.540000,0.006101,-0.014887,-0.005045,0.999858,152.294220,421.202972,108.024925
55,0.550000,,,,,,,
56,0.560000,0.005970,-0.014575,-0.005547,0.999861,152.301346,421.238556,107.973480
57,0.570000,0.005804,-0.014481,-0.005929,0.999861,152.278839,421.267822,107.956726
58,0.580000,,,,,,,
59,0.590000,0.005883,-0.014407,-0.005701,0.999863,152.259796,421.251709,107.939598
60,0.600000,,,,,,,
61,0.610000,0.005913,-0.014329,-0.006219,0.999861,152.255173,421.274078,107.956467
62,0.620000,0.006083,-0.014313,-0.006489,0.999858,152.272110,421.285248,107.982933
63,0.630000,0.006216,-0.014350,-0.006804,0.999855,152.290558,421.305969,108.012642
64,0.640000,0.006301,-0.014484,-0.006646,0.999853,152.312454,421.327606,108.029976
65,0.650000,0.006399,-0.014389,-0.006898,0.999852,152.321854,421.348572,108.046806
66,0.660000,0.006478,-0.014360,-0.007362,0.999849,152.346207,421.363770,108.064163
67,0.670000,0.006506,-0.014301,-0.007578,0.999848,152.351196,421.374359,108.058754
68,0.680000,0.006422,-0.014264,-0.007532,0.999849,152.342758,421.381714,108.030342
69,0.690000,0.006402,-0.014227,-0.007473,0.999850,152.321075,421.386414,108.016243
70,0.700000,0.006417,-0.014155,-0.007288,0.999853,152.277206,421.393677,108.017944
71,0.710000,0.006414,-0.014048,-0.007353,0.999854,152.243439,421.411987,108.018005
72,0.720000,0.006501,-0.014319,-0.007084,0.999851,152.165894,421.441345,108.030220
73,0.730000,0.006690,-0.014023,-0.007518,0.999851,152.105148,421.474182,108.059624
74,0.740000,0.006649,-0.014391,-0.007624,0.999845,152.008255,421.526062,108.072479
75,0.750000,0.006745,-0.013994,-0.008504,0.999843,151.951721,421.557343,108.081535
76,0.760000,0.006827,-0.013895,-0.009241,0.999838,151.870819,421.594208,108.075562
77,0.770000,0.006636,-0.013046,-0.009981,0.999843,151.851334,421.652374,108.088020
78,0.780000,0.006644,-0.014050,-0.009291,0.999836,151.688736,421.688293,108.053459
79,0.790000,,,,,,,
80,0.800000,0.006721,-0.014113,-0.009174,0.999836,151.444199,421.688477,108.048569
81,0.810000,,,,,,,
82,0.820000,0.006962,-0.014041,-0.008931,0.999837,151.148315,421.620941,108.055153
83,0.830000,0.006885,-0.014673,-0.008174,0.999835,150.953018,421.631805,108.059410
84,0.840000,0.006910,-0.014293,-0.008370,0.999839,150.854263,421.650146,108.057701
85,0.850000,0.006920,-0.013931,-0.008710,0.999841,150.735214,421.690674,108.049896
86,0.860000,0.006836,-0.014011,-0.009250,0.999836,150.585037,421.724976,108.032089
87,0.870000,0.006810,-0.013982,-0.009372,0.999835,150.461685,421.729218,108.032692
88,0.880000,0.006864,-0.013311,-0.009748,0.999840,150.359100,421.706909,108.043114
89,0.890000,0.006952,-0.013425,-0.010021,0.999836,150.187866,421.681274,108.051628
90,0.900000,0.006969,-0.014142,-0.009476,0.999831,150.000839,421.666687,108.049782
91,0.910000,0.007029,-0.014451,-0.009449,0.999826,149.843964,421.667389,108.065712
92,0.920000,0.006957,-0.013917,-0.009822,0.999831,149.695053,421.688507,108.076981
93,0.930000,0.006970,-0.012559,-0.010764,0.999839,149.618347,421.693512,108.092468
94,0.940000,0.006939,-0.012806,-0.010222,0.999842,149.415405,421.683136,108.085297
95,0.950000,0.007109,-0.013338,-0.010267,0.999833,149.160156,421.647278,108.064720
96,0.960000,0.007131,-0.013865,-0.009793,0.999830,148.916428,421.646667,108.053223
97,0.970000,0.007187,-0.013695,-0.009827,0.999832,148.700317,421.645020,108.044975
98,0.980000,0.007085,-0.013878,-0.009977,0.999829,148.421005,421.658569,108.021339
99,0.990000,0.007043,-0.014511,-0.009141,0.999828,148.165649,421.656525,108.008530
100,1.000000,0.006996,-0.013216,-0.009912,0.999839,147.957047,421.658783,108.017441
101,1.010000,0.006895,-0.012927,-0.010252,0.999840,147.678528,421.672333,108.010269
102,1.020000,0.006890,-0.013703,-0.009868,0.999834,147.340973,421.688263,107.994392
103,1.030000,0.006893,-0.014432,-0.009436,0.999828,146.981461,421.689484,107.985512
104,1.040000,0.006917,-0.013982,-0.010394,0.999824,146.631012,421.685638,107.968811
105,1.050000,0.007035,-0.013665,-0.010172,0.999830,146.355087,421.650360,107.952888
106,1.060000,0.007029,-0.013541,-0.009445,0.999839,145.991135,421.645874,107.942101
107,1.070000,0.006855,-0.013705,-0.009069,0.999842,145.631546,421.658478,107.940254
108,1.080000,0.006681,-0.014351,-0.008971,0.999835,145.195114,421.680695,107.930443
109,1.090000,0.006616,-0.013538,-0.009278,0.999843,144.837906,421.688660,107.939346
110,1.100000,0.006441,-0.013448,-0.008780,0.999850,144.466751,421.681763,107.927795
111,1.110000,0.006745,-0.014013,-0.008008,0.999847,144.018997,421.629150,107.900497
112,1.120000,0.006771,-0.014298,-0.008278,0.999841,143.599213,421.614655,107.895172
113,1.130000,0.006627,-0.014279,-0.007903,0.999845,143.176544,421.627869,107.916473
114,1.140000,0.006557,-0.014156,-0.007849,0.999848,142.806702,421.623474,107.926643
115,1.150000,0.006703,-0.015158,-0.006796,0.999840,142.327438,421.602814,107.903397
116,1.160000,0.006906,-0.014130,-0.008314,0.999842,141.960205,421.583160,107.905884
117,1.170000,0.006821,-0.013818,-0.008633,0.999844,141.601089,421.577606,107.893219
118,1.180000,0.006867,-0.014211,-0.008003,0.999843,141.218994,421.571655,107.880669
119,1.190000,0.006776,-0.014616,-0.008602,0.999833,140.810944,421.600739,107.853546
120,1.200000,0.006708,-0.014352,-0.008867,0.999835,140.495392,421.625427,107.853188
121,1.210000,0.006676,-0.013535,-0.009486,0.999841,140.254059,421.640625,107.867889
122,1.220000,0.006744,-0.013545,-0.009228,0.999843,140.033508,421.633057,107.854149
123,1.230000,0.006693,-0.013186,-0.009447,0.999846,139.809601,421.637054,107.844490
124,1.240000,0.006786,-0.014122,-0.008978,0.999837,139.510284,421.627838,107.800613
125,1.250000,0.006937,-0.014305,-0.009015,0.999833,139.275894,421.629181,107.782784
126,1.260000,0.007049,-0.013458,-0.010004,0.999835,139.099869,421.641083,107.790642
127,1.270000,0.007054,-0.013146,-0.010501,0.999834,138.874680,421.657318,107.786835
128,1.280000,0.007081,-0.012840,-0.010929,0.999833,138.646713,421.677063,107.794823
129,1.290000,0.007192,-0.012990,-0.011940,0.999819,138.315613,421.689087,107.793396
130,1.300000,0.007167,-0.013992,-0.011027,0.999816,137.974823,421.687256,107.767586
131,1.310000,0.007233,-0.012989,-0.011589,0.999822,137.753815,421.668365,107.773483
132,1.320000,0.007192,-0.012820,-0.011495,0.999826,137.442703,421.655334,107.782837
133,1.330000,0.007298,-0.012781,-0.011366,0.999827,137.114182,421.632751,107.771469
134,1.340000,0.007345,-0.012370,-0.012265,0.999821,136.788193,421.625488,107.765022
135,1.350000,0.007346,-0.013169,-0.011930,0.999815,136.377380,421.620972,107.743210
136,1.360000,0.007333,-0.012844,-0.012021,0.999818,136.022827,421.617096,107.738136
137,1.370000,0.007349,-0.012396,-0.012276,0.999821,135.683304,421.607910,107.741402
138,1.380000,0.007389,-0.011930,-0.012874,0.999819,135.257523,421.591064,107.749802
139,1.390000,0.007622,-0.012722,-0.012965,0.999806,134.751480,421.549988,107.730972
140,1.400000,0.007632,-0.013379,-0.012267,0.999806,134.258011,421.522736,107.747986
141,1.410000,0.007761,-0.012315,-0.012814,0.999812,133.885635,421.490692,107.781868
142,1.420000,0.007813,-0.011786,-0.013162,0.999813,133.429596,421.474487,107.798813
143,1.430000,0.007929,-0.012786,-0.012719,0.999806,132.902863,421.454742,107.774261
144,1.440000,0.007812,-0.013226,-0.012360,0.999806,132.412781,421.436096,107.751732
145,1.450000,0.007848,-0.012095,-0.012934,0.999812,132.077103,421.407135,107.740440
146,1.460000,0.007859,-0.011774,-0.013343,0.999811,131.676849,421.417236,107.725868
147,1.470000,0.007793,-0.012746,-0.012423,0.999811,131.251236,421.428406,107.692749
148,1.480000,0.007819,-0.012863,-0.012584,0.999808,130.867279,421.431061,107.662292
149,1.490000,0.007904,-0.012046,-0.013527,0.999805,130.574692,421.433197,107.662323
150,1.500000,0.007889,-0.012182,-0.013943,0.999798,130.210800,421.429871,107.653610
151,1.510000,0.007930,-0.012844,-0.013052,0.999801,129.879944,421.401642,107.634399
152,1.520000,0.007921,-0.012531,-0.013103,0.999804,129.597244,421.395599,107.642029
153,1.530000,0.007954,-0.012813,-0.012572,0.999807,129.277832,421.392944,107.640923
154,1.540000,0.008004,-0.011263,-0.014538,0.999799,129.090576,421.413513,107.649628
155,1.550000,0.007986,-0.011251,-0.014500,0.999800,128.855179,421.422516,107.642700
156,1.560000,0.008058,-0.012625,-0.013636,0.999795,128.516846,421.412109,107.600128
157,1.570000,0.008034,-0.012909,-0.013146,0.999798,128.260895,421.406036,107.580879
158,1.580000,0.007950,-0.012943,-0.013225,0.999797,128.037872,421.411469,107.573364
159,1.590000,0.007973,-0.012103,-0.013673,0.999801,127.905380,421.406219,107.578064
160,1.600000,0.008028,-0.012556,-0.013279,0.999801,127.670761,421.410919,107.558357
161,1.610000,0.007996,-0.011657,-0.013851,0.999804,127.541649,421.416687,107.568069
162,1.620000,0.008157,-0.011386,-0.014512,0.999797,127.369820,421.411316,107.556068
163,1.630000,0.008195,-0.011721,-0.014128,0.999798,127.179253,421.407837,107.551712
164,1.640000,0.008219,-0.011528,-0.014811,0.999790,127.032967,421.414673,107.550980
165,1.650000,0.008161,-0.012472,-0.014200,0.999788,126.832382,421.419922,107.531067
166,1.660000,0.008188,-0.012622,-0.013913,0.999790,126.684738,421.417053,107.543190
167,1.670000,0.008142,-0.012678,-0.013959,0.999789,126.569885,421.415924,107.554039
168,1.680000,0.008165,-0.012693,-0.013864,0.999790,126.474220,421.412964,107.557022
169,1.690000,0.008100,-0.012468,-0.013947,0.999792,126.395744,421.407654,107.559998
170,1.700000,0.008014,-0.012629,-0.013672,0.999795,126.300232,421.410095,107.562202
171,1.710000,0.008082,-0.012033,-0.013941,0.999798,126.271729,421.398468,107.572113
172,1.720000,0.008085,-0.011825,-0.014111,0.999798,126.214607,421.396942,107.565163
173,1.730000,0.008031,-0.011971,-0.013872,0.999800,126.132309,421.401764,107.544083
174,1.740000,0.007995,-0.012358,-0.013964,0.999794,126.067711,421.421143,107.517677
175,1.750000,0.007832,-0.011192,-0.014507,0.999801,126.083138,421.486115,107.508247
176,1.760000,0.007849,-0.011632,-0.014891,0.999791,126.075089,421.499725,107.491524
177,1.770000,0.007826,-0.011845,-0.014498,0.999794,125.983688,421.498962,107.484543
178,1.780000,0.007902,-0.012067,-0.014367,0.999793,125.980865,421.476532,107.468369
179,1.790000,0.007934,-0.012382,-0.013965,0.999794,125.878471,421.463715,107.463829
180,1.800000,0.007949,-0.012408,-0.014048,0.999793,125.857666,421.465027,107.473518
181,1.810000,0.007919,-0.013155,-0.013511,0.999791,125.777855,421.479492,107.468086
182,1.820000,0.007992,-0.013395,-0.013354,0.999789,125.719948,421.487335,107.479813
183,1.830000,0.007973,-0.013259,-0.013646,0.999787,125.743553,421.490906,107.482269
184,1.840000,0.008003,-0.013135,-0.013551,0.999790,125.708176,421.484680,107.483376
185,1.850000,0.007936,-0.013414,-0.013519,0.999787,125.728859,421.487885,107.460472
186,1.860000,0.007878,-0.013291,-0.013619,0.999788,125.744698,421.505463,107.443436
187,1.870000,0.007890,-0.013397,-0.013604,0.999787,125.743332,421.511993,107.446793
188,1.880000,0.007853,-0.013359,-0.013649,0.999787,125.740067,421.529755,107.447174
189,1.890000,0.007847,-0.013374,-0.013735,0.999785,125.715988,421.527527,107.430687
190,1.900000,0.007767,-0.013337,-0.013741,0.999787,125.695091,421.530151,107.433228
191,1.910000,0.007858,-0.013116,-0.013814,0.999788,125.663582,421.508728,107.436760
192,1.920000,0.007842,-0.013109,-0.013811,0.999788,125.623154,421.501343,107.430145
193,1.930000,0.007895,-0.012200,-0.014443,0.999790,125.635757,421.503235,107.442734
194,1.940000,0.007938,-0.012187,-0.014562,0.999788,125.600967,421.513000,107.446457
195,1.950000,0.008017,-0.011904,-0.014852,0.999787,125.550095,421.534851,107.454140
196,1.960000,0.008028,-0.012051,-0.014929,0.999784,125.512810,421.555908,107.446121
197,1.970000,0.008116,-0.012125,-0.015083,0.999780,125.468414,421.570038,107.448730
198,1.980000,0.008080,-0.012394,-0.015063,0.999777,125.409660,421.596649,107.445099
199,1.990000,0.008070,-0.013124,-0.014773,0.999772,125.307533,421.630524,107.425377
200,2.000000,0.008005,-0.012721,-0.015085,0.999773,125.265556,421.665527,107.425850
201,2.010000,0.007771,-0.012285,-0.015558,0.999773,125.206398,421.717712,107.424332
202,2.020000,0.007664,-0.013509,-0.014623,0.999772,125.024811,421.737366,107.383385
203,2.030000,0.007691,-0.013579,-0.014521,0.999773,124.898209,421.727203,107.360374
204,2.040000,0.008005,-0.012790,-0.015361,0.999768,124.780838,421.693970,107.353432
205,2.050000,0.007924,-0.012194,-0.016134,0.999764,124.604454,421.691681,107.358261
206,2.060000,0.007974,-0.013042,-0.015500,0.999763,124.337898,421.677032,107.341812
207,2.070000,0.007948,-0.013072,-0.015576,0.999762,124.111404,421.663574,107.343552
208,2.080000,0.007931,-0.012604,-0.015661,0.999767,123.907578,421.638062,107.361969
209,2.090000,0.007823,-0.013127,-0.014978,0.999771,123.616257,421.609955,107.344147
210,2.100000,0.008006,-0.012614,-0.015364,0.999770,123.385979,421.552521,107.350189
211,2.110000,0.008062,-0.012521,-0.015252,0.999773,123.144943,421.505402,107.347908
212,2.120000,0.007976,-0.013327,-0.014652,0.999772,122.860764,421.494171,107.328079
213,2.130000,0.007898,-0.012892,-0.014963,0.999774,122.614952,421.513580,107.331947
214,2.140000,0.007873,-0.012976,-0.014614,0.999778,122.375679,421.508270,107.336632
215,2.150000,0.007851,-0.011851,-0.015535,0.999778,122.239395,421.511383,107.365204
216,2.160000,0.007815,-0.011802,-0.015673,0.999777,122.034233,421.502777,107.356323
217,2.170000,0.007967,-0.012878,-0.015016,0.999773,121.736900,421.483246,107.319283
218,2.180000,0.007950,-0.012311,-0.015115,0.999778,121.581238,421.480164,107.333824
219,2.190000,0.008029,-0.012598,-0.014920,0.999777,121.382149,421.462189,107.315361
220,2.200000,0.007998,-0.013406,-0.014398,0.999775,121.153954,421.458191,107.293938
221,2.210000,0.007923,-0.013271,-0.014695,0.999773,120.984230,421.445282,107.285942
222,2.220000,0.007952,-0.013342,-0.014596,0.999773,120.849533,421.429718,107.286438
223,2.230000,0.007970,-0.013350,-0.014612,0.999772,120.717598,421.422668,107.296532
224,2.240000,0.007969,-0.011992,-0.015664,0.999774,120.685287,421.426239,107.321022
225,2.250000,0.008026,-0.012269,-0.015209,0.999777,120.564476,421.428070,107.336754
226,2.260000,0.007938,-0.012322,-0.015172,0.999777,120.479507,421.438812,107.353615
227,2.270000,0.007912,-0.012193,-0.015263,0.999778,120.409966,421.438477,107.362854
228,2.280000,0.007913,-0.012215,-0.015154,0.999779,120.346367,421.424347,107.364754
229,2.290000,0.008083,-0.011994,-0.015715,0.999772,120.281563,421.396912,107.352562
230,2.300000,0.008064,-0.011933,-0.015728,0.999773,120.247429,421.397064,107.346581
231,2.310000,0.008124,-0.013161,-0.014897,0.999769,120.132286,421.408112,107.309723
232,2.320000,0.008076,-0.013262,-0.014929,0.999768,120.083199,421.431641,107.293221
233,2.330000,0.008045,-0.013274,-0.014999,0.999767,120.032242,421.454559,107.280022
234,2.340000,0.007996,-0.013307,-0.014987,0.999767,119.944794,421.471710,107.268707
235,2.350000,0.007881,-0.011957,-0.016035,0.999769,119.927757,421.479370,107.279243
236,2.360000,0.007908,-0.011901,-0.016239,0.999766,119.816795,421.485809,107.260284
237,2.370000,0.007887,-0.011883,-0.016551,0.999761,119.703323,421.502716,107.248199
238,2.380000,0.007940,-0.011932,-0.016694,0.999758,119.566795,421.530853,107.251480
239,2.390000,0.007948,-0.013380,-0.015551,0.999758,119.320610,421.558228,107.223015
240,2.400000,0.007896,-0.013677,-0.015501,0.999755,119.125374,421.572388,107.211472
241,2.410000,0.007928,-0.012805,-0.016095,0.999757,118.948372,421.536499,107.208450
242,2.420000,0.007746,-0.013519,-0.015480,0.999759,118.634087,421.504211,107.173500
243,2.430000,0.007600,-0.013070,-0.015478,0.999766,118.413460,421.476593,107.150284
244,2.440000,0.007697,-0.012960,-0.015827,0.999761,118.121002,421.453308,107.113113
245,2.450000,0.007738,-0.013909,-0.014955,0.999762,117.787788,421.438416,107.076965
246,2.460000,0.007678,-0.013081,-0.015443,0.999766,117.573105,421.434235,107.077011
247,2.470000,0.007621,-0.012402,-0.015983,0.999766,117.331009,421.433502,107.085152
248,2.480000,0.007653,-0.012819,-0.015571,0.999767,117.019485,421.403259,107.078445
249,2.490000,0.007505,-0.013154,-0.014949,0.999774,116.736374,421.379700,107.078346
250,2.500000,0.007650,-0.012992,-0.015482,0.999767,116.459976,421.349609,107.052567
251,2.510000,0.007637,-0.013992,-0.014759,0.999764,116.141617,421.325928,107.018517
252,2.520000,0.007653,-0.013950,-0.014697,0.999765,115.897110,421.307220,107.015060
253,2.530000,0.007559,-0.012728,-0.015472,0.999771,115.743164,421.304626,107.039246
254,2.540000,0.007576,-0.012656,-0.015440,0.999772,115.526237,421.296204,107.044701
255,2.550000,0.007587,-0.013435,-0.014788,0.999772,115.290627,421.272736,107.036736
256,2.560000,0.007800,-0.014021,-0.014617,0.999765,115.048958,421.254822,107.012489
257,2.570000,0.007799,-0.013426,-0.015181,0.999764,114.930756,421.257294,107.027946
258,2.580000,0.007818,-0.013527,-0.015245,0.999762,114.786949,421.260620,107.025444
259,2.590000,0.007802,-0.014074,-0.014821,0.999761,114.611366,421.272369,107.013199
260,2.600000,0.007727,-0.014585,-0.014268,0.999762,114.461281,421.294861,107.014259
261,2.610000,0.007712,-0.014537,-0.014427,0.999761,114.369095,421.321228,107.017647
262,2.620000,0.007734,-0.014481,-0.014537,0.999760,114.269440,421.336517,107.016830
263,2.630000,0.007720,-0.014505,-0.014679,0.999757,114.184303,421.345032,107.004257
264,2.640000,0.007723,-0.013263,-0.015563,0.999761,114.171875,421.365784,107.023468
265,2.650000,0.007727,-0.013104,-0.015873,0.999758,114.097206,421.390045,107.014076
266,2.660000,0.007704,-0.013000,-0.016095,0.999756,114.030701,421.412231,107.012077
267,2.670000,0.007715,-0.013151,-0.016164,0.999753,113.935638,421.439484,107.004951
268,2.680000,0.007629,-0.013303,-0.016020,0.999754,113.852325,421.462891,106.998238
269,2.690000,0.007661,-0.012974,-0.016317,0.999753,113.777634,421.463013,107.003571
270,2.700000,0.007648,-0.012738,-0.016281,0.999757,113.678024,421.434265,106.998146
271,2.710000,0.007664,-0.013763,-0.015357,0.999758,113.502129,421.392792,106.966637
272,2.720000,0.007586,-0.013931,-0.015231,0.999758,113.373589,421.369568,106.958008
273,2.730000,0.007528,-0.014077,-0.014916,0.999761,113.262093,421.370148,106.959259
274,2.740000,0.007475,-0.013293,-0.015565,0.999763,113.216599,421.393005,106.980431
275,2.750000,0.007458,-0.013259,-0.015353,0.999766,113.087570,421.402740,106.975449
276,2.760000,0.007375,-0.013123,-0.015430,0.999768,112.989876,421.411072,106.975433
277,2.770000,0.007326,-0.013177,-0.015434,0.999767,112.877701,421.428650,106.967499
278,2.780000,0.007279,-0.013074,-0.015480,0.999768,112.779335,421.442017,106.959343
279,2.790000,0.007457,-0.012638,-0.016484,0.999757,112.683891,421.452484,106.940987
280,2.800000,0.007461,-0.012631,-0.016525,0.999756,112.582451,421.478210,106.928780
281,2.810000,0.007462,-0.012675,-0.016805,0.999751,112.499840,421.502991,106.915741
282,2.820000,0.007479,-0.012626,-0.017063,0.999747,112.408234,421.522797,106.909592
283,2.830000,0.007491,-0.013751,-0.016336,0.999744,112.237328,421.518646,106.885506
284,2.840000,0.007530,-0.014261,-0.015720,0.999746,112.093170,421.491882,106.877983
285,2.850000,0.007483,-0.014548,-0.015511,0.999746,111.953568,421.460541,106.874329
286,2.860000,0.007485,-0.014461,-0.015291,0.999751,111.829239,421.432037,106.877457
287,2.870000,0.007513,-0.014799,-0.014924,0.999751,111.684807,421.409424,106.872543
288,2.880000,0.007537,-0.014612,-0.015092,0.999751,111.584991,421.408325,106.878746
289,2.890000,0.007557,-0.013629,-0.015965,0.999751,111.573608,421.427307,106.896347
290,2.900000,0.007601,-0.013589,-0.015971,0.999751,111.486198,421.446472,106.907486
291,2.910000,0.007627,-0.013477,-0.016190,0.999749,111.415703,421.457916,106.918869
292,2.920000,0.007581,-0.013180,-0.016539,0.999748,111.347069,421.464111,106.936615
293,2.930000,0.007560,-0.013389,-0.016348,0.999748,111.286903,421.452972,106.930954
294,2.940000,0.007548,-0.013283,-0.016409,0.999749,111.258179,421.458160,106.925621
295,2.950000,0.007547,-0.013278,-0.016533,0.999747,111.249954,421.476562,106.916702
296,2.960000,0.007536,-0.013296,-0.016573,0.999746,111.249268,421.488617,106.913727
297,2.970000,0.007514,-0.013280,-0.016553,0.999747,111.244133,421.489532,106.906273
298,2.980000,0.007502,-0.013273,-0.016507,0.999748,111.230629,421.486115,106.899323
299,2.990000,0.007503,-0.013326,-0.016500,0.999747,111.215218,421.487152,106.889748
300,3.000000,0.007506,-0.013321,-0.016527,0.999747,111.196976,421.491058,106.885078
301,3.010000,0.007512,-0.013323,-0.016543,0.999746,111.177094,421.490631,106.883537
302,3.020000,0.007554,-0.013350,-0.016543,0.999746,111.148415,421.487427,106.892151
303,3.030000,0.007592,-0.013721,-0.016078,0.999748,111.094521,421.488098,106.903381
304,3.040000,0.007642,-0.013803,-0.016039,0.999747,111.039299,421.499908,106.912880
305,3.050000,0.007622,-0.013895,-0.016166,0.999744,110.978004,421.525269,106.904510
306,3.060000,0.007608,-0.014925,-0.015599,0.999738,110.850075,421.543213,106.867348
307,3.070000,0.007507,-0.014816,-0.015748,0.999738,110.798820,421.570862,106.856415
308,3.080000,0.007381,-0.014915,-0.015700,0.999738,110.710617,421.593658,106.841507
309,3.090000,0.007392,-0.013887,-0.016297,0.999744,110.690697,421.607666,106.868004
310,3.100000,0.007377,-0.013854,-0.016360,0.999743,110.591408,421.617126,106.880363
311,3.110000,0.007428,-0.013838,-0.016531,0.999740,110.497307,421.625000,106.894196
312,3.120000,0.007724,-0.013604,-0.017427,0.999726,110.382668,421.628082,106.895912
313,3.130000,0.007712,-0.013493,-0.017762,0.999721,110.295303,421.653137,106.913651
314,3.140000,0.007754,-0.013722,-0.017254,0.999727,110.159454,421.673248,106.914436
315,3.150000,0.007725,-0.013805,-0.017251,0.999726,110.064537,421.698853,106.898140
316,3.160000,0.007703,-0.015026,-0.016373,0.999723,109.888306,421.714203,106.850037
317,3.170000,0.007687,-0.015240,-0.016263,0.999722,109.784851,421.721069,106.833961
318,3.180000,0.007692,-0.015100,-0.016448,0.999721,109.693901,421.720306,106.835304
319,3.190000,0.007734,-0.014775,-0.016814,0.999720,109.587891,421.710907,106.842224
320,3.200000,0.007748,-0.014404,-0.016986,0.999722,109.463814,421.662933,106.849518
321,3.210000,0.007751,-0.014498,-0.016384,0.999731,109.337547,421.566040,106.866600
322,3.220000,0.007658,-0.015027,-0.015828,0.999733,109.157967,421.478668,106.855888
323,3.230000,0.007745,-0.015065,-0.015898,0.999730,109.025177,421.426239,106.823158
324,3.240000,0.007642,-0.013898,-0.016774,0.999734,109.013008,421.438141,106.837807
325,3.250000,0.007612,-0.014053,-0.016494,0.999736,108.934746,421.444885,106.831062
326,3.260000,0.007634,-0.015029,-0.015567,0.999737,108.785484,421.445068,106.809547
327,3.270000,0.007648,-0.015279,-0.015284,0.999737,108.685577,421.436768,106.802116
328,3.280000,0.007703,-0.014972,-0.015473,0.999739,108.609421,421.418365,106.815018
329,3.290000,0.007733,-0.014955,-0.015523,0.999738,108.532471,421.401611,106.835007
330,3.300000,0.007778,-0.014939,-0.015501,0.999738,108.469139,421.382324,106.845230
331,3.310000,0.007823,-0.014802,-0.015527,0.999739,108.402580,421.338348,106.849724
332,3.320000,0.007926,-0.015247,-0.014953,0.999741,108.298988,421.265808,106.838821
333,3.330000,0.007899,-0.015283,-0.014440,0.999748,108.207489,421.187683,106.849762
334,3.340000,0.008010,-0.014111,-0.015298,0.999751,108.198349,421.109802,106.879578
335,3.350000,0.008083,-0.013848,-0.015459,0.999752,108.139969,421.051025,106.901695
336,3.360000,0.008119,-0.013787,-0.015429,0.999753,108.085968,421.022980,106.911110
337,3.370000,0.008116,-0.013861,-0.015477,0.999751,108.055222,421.032745,106.907455
338,3.380000,0.008067,-0.013870,-0.015512,0.999751,108.037918,421.055511,106.893524
339,3.390000,0.007971,-0.013771,-0.015734,0.999750,108.029640,421.083649,106.884171
340,3.400000,0.007934,-0.013833,-0.015524,0.999752,108.011055,421.094604,106.867828
341,3.410000,0.007890,-0.013795,-0.015494,0.999754,107.991631,421.101746,106.858536
342,3.420000,0.007874,-0.013724,-0.015708,0.999752,107.943604,421.104980,106.861427
343,3.430000,0.008076,-0.013323,-0.015823,0.999753,107.876595,421.101440,106.895821
344,3.440000,0.008176,-0.013666,-0.015467,0.999754,107.799080,421.100372,106.924568
345,3.450000,0.008266,-0.013862,-0.015506,0.999750,107.738586,421.101471,106.947723
346,3.460000,0.008338,-0.014810,-0.015004,0.999743,107.638435,421.104919,106.939369
347,3.470000,0.008273,-0.015027,-0.014981,0.999741,107.590988,421.122894,106.939987
348,3.480000,0.008273,-0.015075,-0.015127,0.999738,107.557861,421.138702,106.927811
349,3.490000,0.008258,-0.015079,-0.015148,0.999737,107.525444,421.157806,106.919739
350,3.500000,0.008301,-0.015340,-0.015021,0.999735,107.464348,421.169617,106.909431
351,3.510000,0.008321,-0.015348,-0.015121,0.999733,107.422806,421.181641,106.916267
352,3.520000,0.008319,-0.015391,-0.015167,0.999732,107.383347,421.191620,106.933853
353,3.530000,0.008373,-0.015299,-0.015315,0.999731,107.355194,421.196320,106.957275
354,3.540000,0.008365,-0.014010,-0.016125,0.999737,107.407730,421.205261,107.007545
355,3.550000,0.008452,-0.015155,-0.015241,0.999733,107.294357,421.191498,106.990135
356,3.560000,0.008422,-0.013954,-0.015895,0.999741,107.342957,421.201172,107.024750
357,3.570000,0.008404,-0.013529,-0.016261,0.999741,107.351440,421.208649,107.026436
358,3.580000,0.008486,-0.015015,-0.015202,0.999736,107.231110,421.197357,106.987152
359,3.590000,0.008478,-0.013978,-0.015943,0.999739,107.280991,421.210480,107.010857
360,3.600000,0.008566,-0.013978,-0.016175,0.999735,107.250549,421.227295,107.016312
361,3.610000,0.008598,-0.014042,-0.016383,0.999730,107.220573,421.245972,107.019783
362,3.620000,0.008646,-0.013847,-0.016830,0.999725,107.189133,421.265930,107.028229
363,3.630000,0.008673,-0.014282,-0.016757,0.999720,107.139664,421.285187,107.024689
364,3.640000,0.008713,-0.014637,-0.016346,0.999721,107.084839,421.293549,107.026276
365,3.650000,0.008786,-0.014481,-0.016510,0.999720,107.060661,421.290253,107.050377
366,3.660000,0.008869,-0.014421,-0.016489,0.999721,107.017365,421.277740,107.082031
367,3.670000,0.009075,-0.014548,-0.016427,0.999718,106.942039,421.256531,107.114044
368,3.680000,0.009212,-0.014551,-0.016423,0.999717,106.866539,421.235992,107.151527
369,3.690000,0.009218,-0.014538,-0.016479,0.999716,106.795418,421.226440,107.182167
370,3.700000,0.009219,-0.014778,-0.016295,0.999716,106.701057,421.216919,107.175774
371,3.710000,0.008915,-0.014880,-0.016031,0.999721,106.612198,421.206970,107.151772
372,3.720000,0.009002,-0.014546,-0.016094,0.999724,106.496346,421.147125,107.125458
373,3.730000,0.008913,-0.013969,-0.016153,0.999732,106.380798,421.103821,107.115700
374,3.740000,0.008850,-0.013821,-0.016106,0.999736,106.264030,421.072449,107.112297
375,3.750000,0.008907,-0.014078,-0.015694,0.999738,106.144531,421.056580,107.113518
376,3.760000,0.008939,-0.014282,-0.015624,0.999736,106.039719,421.074219,107.111160
377,3.770000,0.009111,-0.015606,-0.014761,0.999728,105.847839,421.073669,107.111168
378,3.780000,0.009345,-0.015795,-0.015011,0.999719,105.734985,421.069611,107.150238
379,3.790000,0.009714,-0.015443,-0.015409,0.999715,105.639397,421.072235,107.207855
380,3.800000,0.009864,-0.015358,-0.015619,0.999711,105.561539,421.069641,107.243195
381,3.810000,0.009918,-0.015582,-0.015346,0.999712,105.463791,421.060852,107.269424
382,3.820000,0.009950,-0.015648,-0.015202,0.999713,105.374619,421.049316,107.285736
383,3.830000,0.009988,-0.015549,-0.015194,0.999714,105.293732,421.039703,107.312256
384,3.840000,0.010218,-0.015467,-0.015514,0.999708,105.190941,421.021210,107.344337
385,3.850000,0.010426,-0.015235,-0.015349,0.999712,105.102242,421.007935,107.394287
386,3.860000,0.010578,-0.015326,-0.015341,0.999709,105.014679,421.013123,107.419960
387,3.870000,0.010619,-0.014679,-0.015916,0.999709,104.959229,421.043427,107.445374
388,3.880000,0.010650,-0.014609,-0.016071,0.999708,104.895729,421.061310,107.437927
389,3.890000,0.010699,-0.014729,-0.016051,0.999705,104.841553,421.078430,107.423836
390,3.900000,0.010665,-0.014841,-0.016028,0.999705,104.820030,421.095062,107.409241
391,3.910000,0.010658,-0.014833,-0.016111,0.999703,104.826218,421.105896,107.410057
392,3.920000,0.010747,-0.014921,-0.016110,0.999701,104.831352,421.098541,107.422737
393,3.930000,0.010857,-0.014916,-0.016212,0.999698,104.842033,421.085602,107.440651
394,3.940000,0.010894,-0.014940,-0.016275,0.999697,104.855736,421.076538,107.449036
395,3.950000,0.010874,-0.014900,-0.016278,0.999697,104.867020,421.066284,107.445938
396,3.960000,0.010689,-0.014992,-0.016008,0.999702,104.858574,421.052979,107.412483
397,3.970000,0.010347,-0.015595,-0.015443,0.999706,104.786476,421.016327,107.337387
398,3.980000,0.010089,-0.015643,-0.014860,0.999716,104.719849,420.944000,107.280945
399,3.990000,0.009859,-0.015348,-0.014767,0.999725,104.653252,420.893066,107.242470
400,4.000000,0.009655,-0.015259,-0.014754,0.999728,104.600189,420.881866,107.213219
401,4.010000,0.009634,-0.015251,-0.014768,0.999728,104.550987,420.876892,107.209587
402,4.020000,0.009671,-0.015259,-0.014906,0.999726,104.504311,420.867279,107.220604
403,4.030000,0.009731,-0.015332,-0.014860,0.999725,104.444679,420.862061,107.227386
404,4.040000,0.009741,-0.015300,-0.014768,0.999726,104.378418,420.836548,107.232407
405,4.050000,0.009679,-0.015349,-0.014576,0.999729,104.287308,420.800812,107.237061
406,4.060000,0.009884,-0.015512,-0.014182,0.999730,104.171516,420.734009,107.230545
407,4.070000,0.009999,-0.015407,-0.014130,0.999731,104.092735,420.668640,107.250458
408,4.080000,0.010040,-0.015523,-0.013766,0.999734,104.010674,420.594482,107.283112
409,4.090000,0.010183,-0.015734,-0.013373,0.999735,103.916946,420.517548,107.309608
410,4.100000,0.010179,-0.014817,-0.013935,0.999741,103.894394,420.479431,107.351616
411,4.110000,0.010067,-0.014614,-0.013922,0.999746,103.850662,420.464600,107.344681
412,4.120000,0.009833,-0.014593,-0.013961,0.999748,103.809044,420.464752,107.305542
413,4.130000,0.009660,-0.015606,-0.013133,0.999745,103.681412,420.462982,107.240204
414,4.140000,0.009484,-0.015740,-0.012996,0.999747,103.601715,420.472473,107.200401
415,4.150000,0.009415,-0.015642,-0.013248,0.999746,103.536415,420.489807,107.181992
416,4.160000,0.009436,-0.015667,-0.013490,0.999742,103.470810,420.502533,107.177155
417,4.170000,0.009525,-0.015434,-0.013879,0.999739,103.400673,420.535004,107.175064
418,4.180000,0.009521,-0.016266,-0.012973,0.999738,103.289307,420.553558,107.176582
419,4.190000,0.009611,-0.015043,-0.014011,0.999743,103.300011,420.572418,107.229149
420,4.200000,0.009647,-0.016028,-0.013606,0.999732,103.152344,420.570465,107.229248
421,4.210000,0.009899,-0.014809,-0.014586,0.999735,103.135704,420.524231,107.253593
422,4.220000,0.009961,-0.015219,-0.013966,0.999737,103.012512,420.442871,107.254471
423,4.230000,0.009991,-0.016085,-0.012993,0.999736,102.849564,420.380188,107.237335
424,4.240000,0.009978,-0.016202,-0.012784,0.999737,102.738815,420.347961,107.234612
425,4.250000,0.010001,-0.015015,-0.013762,0.999743,102.715393,420.361603,107.266113
426,4.260000,0.010073,-0.014841,-0.013960,0.999742,102.609886,420.385284,107.285019
427,4.270000,0.010219,-0.014468,-0.014292,0.999741,102.495491,420.409332,107.341835
428,4.280000,0.010308,-0.014559,-0.014446,0.999737,102.381523,420.412659,107.360924
429,4.290000,0.010281,-0.015138,-0.013963,0.999735,102.240623,420.427643,107.354393
430,4.300000,0.010296,-0.015208,-0.014105,0.999732,102.118156,420.445892,107.341179
431,4.310000,0.010269,-0.016720,-0.012954,0.999724,101.906044,420.464691,107.294937
432,4.320000,0.010282,-0.016541,-0.013535,0.999719,101.775330,420.522064,107.279961
433,4.330000,0.010348,-0.015299,-0.014566,0.999723,101.686974,420.576294,107.315125
434,4.340000,0.010433,-0.015471,-0.014709,0.999718,101.498901,420.589569,107.332977
435,4.350000,0.010572,-0.015456,-0.014895,0.999714,101.279533,420.547394,107.334633
436,4.360000,0.010591,-0.015914,-0.014356,0.999714,100.997643,420.479004,107.327736
437,4.370000,0.010604,-0.015829,-0.014138,0.999719,100.742920,420.415802,107.327049
438,4.380000,0.010606,-0.015969,-0.013928,0.999719,100.544914,420.402954,107.332535
439,4.390000,0.010603,-0.016995,-0.013217,0.999712,100.305443,420.432037,107.312683
440,4.400000,0.010548,-0.017451,-0.012956,0.999708,100.146828,420.451172,107.286865
441,4.410000,0.010499,-0.017444,-0.012797,0.999711,99.988136,420.455322,107.270576
442,4.420000,0.010613,-0.016833,-0.013627,0.999709,99.829514,420.439789,107.269760
443,4.430000,0.010630,-0.017237,-0.013230,0.999707,99.640450,420.423309,107.279015
444,4.440000,0.010800,-0.016527,-0.014053,0.999706,99.515411,420.430328,107.296867
445,4.450000,0.010796,-0.015849,-0.014772,0.999707,99.427956,420.464417,107.298927
446,4.460000,0.010758,-0.015726,-0.014890,0.999708,99.305634,420.487946,107.301559
447,4.470000,0.010792,-0.015857,-0.015015,0.999703,99.173622,420.504181,107.311386
448,4.480000,0.010778,-0.017022,-0.013949,0.999700,98.952255,420.525421,107.302521
449,4.490000,0.010740,-0.016923,-0.013779,0.999704,98.771477,420.502136,107.306534
450,4.500000,0.010776,-0.017005,-0.013330,0.999709,98.549950,420.429077,107.307869
451,4.510000,0.010933,-0.016982,-0.013870,0.999700,98.306030,420.362366,107.313606
452,4.520000,0.011074,-0.016878,-0.014140,0.999696,98.137794,420.337799,107.329590
453,4.530000,0.011101,-0.016885,-0.014088,0.999697,97.960373,420.330322,107.343079
454,4.540000,0.011183,-0.017230,-0.013715,0.999695,97.762718,420.317444,107.347763
455,4.550000,0.011168,-0.017418,-0.013271,0.999698,97.561966,420.335602,107.350441
456,4.560000,0.011035,-0.016687,-0.013350,0.999711,97.404839,420.352600,107.355972
457,4.570000,0.010889,-0.016071,-0.013986,0.999714,97.260979,420.314331,107.346657
458,4.580000,0.011047,-0.015750,-0.014698,0.999707,97.062653,420.263000,107.346367
459,4.590000,0.011142,-0.015665,-0.014640,0.999708,96.906395,420.248108,107.361969
460,4.600000,0.011216,-0.016293,-0.013728,0.999710,96.729706,420.243591,107.372086
461,4.610000,0.011393,-0.016637,-0.013336,0.999708,96.575264,420.232391,107.385727
462,4.620000,0.011570,-0.016644,-0.013609,0.999702,96.448616,420.229736,107.405312
463,4.630000,0.011636,-0.017773,-0.012979,0.999690,96.269920,420.238037,107.400948
464,4.640000,0.011630,-0.017676,-0.013161,0.999690,96.178513,420.261292,107.411247
465,4.650000,0.011682,-0.017453,-0.013546,0.999688,96.095505,420.275421,107.406235
466,4.660000,0.011698,-0.017370,-0.014247,0.999679,95.992508,420.283112,107.403206
467,4.670000,0.011609,-0.017170,-0.014402,0.999681,95.892334,420.266327,107.418968
468,4.680000,0.011697,-0.017572,-0.013472,0.999686,95.732262,420.210175,107.438110
469,4.690000,0.011904,-0.017881,-0.012897,0.999686,95.612701,420.147827,107.445854
470,4.700000,0.011871,-0.017953,-0.012993,0.999684,95.536522,420.155640,107.431625
471,4.710000,0.011841,-0.017999,-0.013169,0.999681,95.458244,420.180756,107.420082
472,4.720000,0.012035,-0.017818,-0.013426,0.999679,95.384056,420.178864,107.443474
473,4.730000,0.012200,-0.017921,-0.013331,0.999676,95.274712,420.182343,107.458801
474,4.740000,0.012183,-0.017729,-0.013562,0.999677,95.194054,420.190948,107.463783
475,4.750000,0.012098,-0.017634,-0.013710,0.999677,95.096191,420.176666,107.455032
476,4.760000,0.012033,-0.017704,-0.013427,0.999681,94.961250,420.143250,107.430634
477,4.770000,0.011906,-0.017518,-0.013500,0.999685,94.836678,420.119415,107.405960
478,4.780000,0.011783,-0.016676,-0.014252,0.999690,94.750214,420.137085,107.385948
479,4.790000,0.011597,-0.017649,-0.013675,0.999683,94.614449,420.224579,107.335175
480,4.800000,0.011516,-0.018739,-0.012673,0.999678,94.464882,420.290131,107.290535
481,4.810000,0.011509,-0.018729,-0.012629,0.999679,94.334648,420.329193,107.276833
482,4.820000,0.011380,-0.018169,-0.012695,0.999690,94.141136,420.288269,107.273262
483,4.830000,0.011217,-0.017992,-0.012769,0.999694,93.822784,420.123322,107.272713
484,4.840000,0.011479,-0.018214,-0.012380,0.999692,93.513397,419.959320,107.293449
485,4.850000,0.011581,-0.018242,-0.012190,0.999692,93.177681,419.911774,107.308838
486,4.860000,0.011299,-0.018372,-0.012163,0.999693,92.919060,419.960052,107.297890
487,4.870000,0.011215,-0.017354,-0.013176,0.999700,92.718803,420.007782,107.291214
488,4.880000,0.011093,-0.017218,-0.013597,0.999698,92.419846,420.001038,107.244102
489,4.890000,0.011035,-0.018646,-0.012353,0.999689,92.033981,419.962036,107.182983
490,4.900000,0.011078,-0.019412,-0.011572,0.999683,91.652229,419.947174,107.152634
491,4.910000,0.010949,-0.019128,-0.012095,0.999684,91.375427,419.995270,107.135269
492,4.920000,0.010987,-0.017981,-0.014120,0.999678,91.160233,420.071320,107.137917
493,4.930000,0.010952,-0.019490,-0.012454,0.999673,90.843102,420.094574,107.113037
494,4.940000,0.010917,-0.019960,-0.012218,0.999667,90.593201,420.130585,107.095093
495,4.950000,0.010801,-0.020016,-0.012414,0.999664,90.315048,420.155518,107.041924
496,4.960000,0.010649,-0.019997,-0.012436,0.999666,90.043686,420.145691,106.998032
497,4.970000,0.010479,-0.018178,-0.014003,0.999682,89.867622,420.165771,107.013924
498,4.980000,0.010562,-0.019400,-0.013222,0.999669,89.554985,420.169800,106.974541
499,4.990000,0.010701,-0.019544,-0.013215,0.999664,89.374321,420.169586,106.994225
500,5.000000,0.010943,-0.020227,-0.012631,0.999656,89.148132,420.154663,107.030472
501,5.010000,0.011073,-0.020517,-0.012336,0.999652,88.966385,420.164825,107.046066
502,5.020000,0.010997,-0.020513,-0.012608,0.999650,88.841415,420.190552,107.032318
503,5.030000,0.010846,-0.020118,-0.012989,0.999654,88.723320,420.219482,106.997070
504,5.040000,0.010546,-0.020163,-0.012903,0.999658,88.612427,420.261047,106.975677
505,5.050000,0.010423,-0.018861,-0.013888,0.999671,88.594391,420.298767,106.984642
506,5.060000,0.010417,-0.018786,-0.013952,0.999672,88.515114,420.299591,106.986877
507,5.070000,0.010604,-0.019698,-0.013628,0.999657,88.342468,420.289337,106.972107
508,5.080000,0.010829,-0.019630,-0.013921,0.999652,88.225639,420.294861,106.997528
509,5.090000,0.010985,-0.019948,-0.013801,0.999645,88.105324,420.302185,107.012794
510,5.100000,0.011062,-0.020063,-0.013965,0.999640,88.020294,420.315063,107.015015
511,5.110000,0.011118,-0.020108,-0.014107,0.999637,87.956535,420.330841,107.004791
512,5.120000,0.011126,-0.020264,-0.013965,0.999635,87.911240,420.343018,106.998337
513,5.130000,0.011118,-0.020064,-0.013960,0.999640,87.886139,420.344330,107.003922
514,5.140000,0.011152,-0.019903,-0.013956,0.999642,87.846764,420.297455,107.020607
515,5.150000,0.011214,-0.020138,-0.013504,0.999643,87.793777,420.247070,107.036102
516,5.160000,0.011242,-0.020058,-0.013764,0.999641,87.773643,420.248688,107.028603
517,5.170000,0.011035,-0.020141,-0.014021,0.999638,87.767761,420.296722,106.985535
518,5.180000,0.010884,-0.020394,-0.014012,0.999635,87.751114,420.329712,106.939964
519,5.190000,0.010770,-0.020502,-0.013843,0.999636,87.734924,420.353455,106.906609
520,5.200000,0.010634,-0.020841,-0.013303,0.999638,87.687706,420.381378,106.876892
521,5.210000,0.010533,-0.021102,-0.013038,0.999637,87.629478,420.376343,106.861320
522,5.220000,0.010698,-0.021187,-0.013274,0.999630,87.534805,420.349304,106.865326
523,5.230000,0.010806,-0.020865,-0.013727,0.999630,87.470108,420.353485,106.876305
524,5.240000,0.010855,-0.020838,-0.014087,0.999625,87.413315,420.364471,106.886330
525,5.250000,0.010911,-0.020903,-0.014019,0.999624,87.340034,420.367950,106.902817
526,5.260000,0.010895,-0.020188,-0.014830,0.999627,87.320107,420.387299,106.936333
527,5.270000,0.010846,-0.020041,-0.015071,0.999627,87.261902,420.411377,106.936028
528,5.280000,0.010662,-0.020978,-0.014351,0.999620,87.123558,420.426208,106.896202
529,5.290000,0.010528,-0.021106,-0.014147,0.999622,87.034416,420.425751,106.866531
530,5.300000,0.010484,-0.021172,-0.013870,0.999625,86.943733,420.403778,106.844383
531,5.310000,0.010443,-0.021201,-0.013648,0.999628,86.870941,420.384766,106.827812
532,5.320000,0.010273,-0.020992,-0.013735,0.999633,86.815262,420.397705,106.814011
533,5.330000,0.010261,-0.021002,-0.013761,0.999632,86.756264,420.401520,106.806816
534,5.340000,0.010362,-0.021482,-0.013221,0.999628,86.657684,420.392090,106.809319
535,5.350000,0.010368,-0.021820,-0.013060,0.999623,86.569679,420.392487,106.788818
536,5.360000,0.010221,-0.021366,-0.014005,0.999621,86.518173,420.429810,106.745232
537,5.370000,0.010165,-0.021160,-0.014518,0.999619,86.419502,420.473175,106.705925
538,5.380000,0.010244,-0.021095,-0.014330,0.999622,86.277870,420.499390,106.701965
539,5.390000,0.010196,-0.020556,-0.014598,0.999630,86.183304,420.534515,106.728317
540,5.400000,0.010200,-0.021331,-0.014236,0.999619,85.996620,420.563293,106.710251
541,5.410000,0.010276,-0.021516,-0.014654,0.999608,85.873840,420.573608,106.702980
542,5.420000,0.010371,-0.021552,-0.015665,0.999591,85.733612,420.578491,106.698380
543,5.430000,0.010194,-0.021746,-0.014963,0.999600,85.657547,420.578888,106.704414
544,5.440000,0.010134,-0.021776,-0.014848,0.999601,85.574982,420.586273,106.689621
545,5.450000,0.010025,-0.021874,-0.014704,0.999602,85.506142,420.595276,106.656548
546,5.460000,0.009818,-0.022096,-0.014265,0.999606,85.427071,420.602264,106.608215
547,5.470000,0.009638,-0.022060,-0.014123,0.999610,85.354500,420.603851,106.565529
548,5.480000,0.009530,-0.022085,-0.014145,0.999611,85.285431,420.604095,106.531113
549,5.490000,0.009473,-0.022159,-0.014348,0.999607,85.202698,420.613525,106.490616
550,5.500000,0.009475,-0.021863,-0.014830,0.999606,85.133263,420.618408,106.483414
551,5.510000,0.009642,-0.021788,-0.014996,0.999604,85.043709,420.593201,106.501129
552,5.520000,0.009703,-0.021656,-0.015118,0.999604,84.967796,420.587982,106.526886
553,5.530000,0.009814,-0.021928,-0.014589,0.999605,84.854233,420.587433,106.562027
554,5.540000,0.009927,-0.021969,-0.014513,0.999604,84.762825,420.579559,106.582733
555,5.550000,0.009993,-0.021759,-0.014738,0.999605,84.691017,420.575592,106.588875
556,5.560000,0.009824,-0.020781,-0.015483,0.999616,84.673775,420.588898,106.593864
557,5.570000,0.009758,-0.020523,-0.015572,0.999621,84.622055,420.587250,106.567688
558,5.580000,0.009585,-0.021387,-0.014627,0.999618,84.487724,420.580963,106.524452
559,5.590000,0.009442,-0.021378,-0.014350,0.999624,84.410103,420.574890,106.504112
560,5.600000,0.009411,-0.021156,-0.014454,0.999627,84.360085,420.578369,106.506607
561,5.610000,0.009466,-0.021001,-0.014447,0.999630,84.295708,420.579102,106.521744
562,5.620000,0.009477,-0.020993,-0.014495,0.999630,84.254959,420.570740,106.527710
563,5.630000,0.009539,-0.020840,-0.014500,0.999632,84.230881,420.559021,106.524010
564,5.640000,0.009573,-0.021010,-0.014000,0.999635,84.180817,420.551147,106.519463
565,5.650000,0.009479,-0.020556,-0.014400,0.999640,84.230637,420.556915,106.514587
566,5.660000,0.009197,-0.020832,-0.013750,0.999646,84.217644,420.588318,106.485176
567,5.670000,0.009141,-0.020693,-0.013563,0.999652,84.236275,420.589569,106.469505
568,5.680000,0.009028,-0.020310,-0.013470,0.999662,84.254791,420.592377,106.451721
569,5.690000,0.008994,-0.020054,-0.013453,0.999668,84.265823,420.579468,106.452171
570,5.700000,0.008928,-0.019826,-0.013434,0.999673,84.268890,420.570221,106.448479
571,5.710000,0.008856,-0.019659,-0.013372,0.999678,84.270439,420.564240,106.431839
572,5.720000,0.008765,-0.019636,-0.013132,0.999683,84.282867,420.560974,106.415390
573,5.730000,0.008673,-0.019525,-0.013079,0.999686,84.311180,420.580475,106.393196
574,5.740000,0.008518,-0.019193,-0.013649,0.999686,84.390450,420.619598,106.365547
575,5.750000,0.008393,-0.019063,-0.013897,0.999686,84.470001,420.654907,106.326118
576,5.760000,0.008360,-0.019193,-0.013562,0.999689,84.549294,420.676636,106.310997
577,5.770000,0.008389,-0.019166,-0.013493,0.999690,84.629814,420.686859,106.321243
578,5.780000,0.008388,-0.019164,-0.013460,0.999691,84.710136,420.691620,106.337990
579,5.790000,0.008391,-0.019032,-0.013321,0.999695,84.768776,420.671631,106.347946
580,5.800000,0.008381,-0.017844,-0.014009,0.999708,84.938408,420.646576,106.377312
581,5.810000,0.008377,-0.018197,-0.013565,0.999707,85.018456,420.631653,106.363014
582,5.820000,0.008413,-0.017855,-0.013180,0.999718,85.187508,420.606903,106.380157
583,5.830000,0.008331,-0.017755,-0.012587,0.999729,85.373322,420.584198,106.381432
584,5.840000,0.008176,-0.016998,-0.014095,0.999723,85.588974,420.572449,106.348137
585,5.850000,0.007965,-0.017213,-0.012572,0.999741,85.788826,420.525269,106.332024
586,5.860000,0.007905,-0.016046,-0.012639,0.999760,86.065552,420.485718,106.351982
587,5.870000,0.008048,-0.016445,-0.011881,0.999762,86.295258,420.433563,106.344818
588,5.880000,0.008032,-0.015709,-0.012981,0.999760,86.611961,420.497986,106.364525
589,5.890000,0.007898,-0.016142,-0.011824,0.999769,86.979256,420.598328,106.398956
590,5.900000,0.008036,-0.014889,-0.013984,0.999759,87.351601,420.732574,106.429550
591,5.910000,0.007976,-0.015003,-0.013115,0.999770,87.718605,420.813873,106.440910
592,5.920000,0.007877,-0.014700,-0.013491,0.999770,88.060562,420.866913,106.440315
593,5.930000,0.007843,-0.015085,-0.013245,0.999768,88.334198,420.872284,106.440079
594,5.940000,0.007884,-0.015210,-0.013012,0.999769,88.593628,420.884369,106.444855
595,5.950000,0.007821,-0.014837,-0.013124,0.999773,88.909798,420.946381,106.460861
596,5.960000,0.007755,-0.014894,-0.012866,0.999776,89.215775,421.031708,106.472694
597,5.970000,0.007679,-0.014367,-0.013994,0.999769,89.564232,421.119049,106.484520
598,5.980000,0.007687,-0.014302,-0.013941,0.999771,89.885681,421.191467,106.501289
599,5.990000,0.007591,-0.012914,-0.014989,0.999776,90.305641,421.273560,106.554764
600,6.000000,0.007700,-0.012498,-0.016670,0.999753,90.613228,421.337006,106.537796
601,6.010000,0.007697,-0.012530,-0.015935,0.999765,90.950775,421.350281,106.547539
602,6.020000,0.007780,-0.013716,-0.014495,0.999771,91.193504,421.348846,106.544945
603,6.030000,0.007788,-0.013247,-0.015008,0.999769,91.562065,421.363647,106.588280
604,6.040000,0.007874,-0.012835,-0.015306,0.999770,91.922066,421.360016,106.635139
605,6.050000,0.008020,-0.011423,-0.017046,0.999757,92.377563,421.382446,106.700325
606,6.060000,0.007971,-0.011783,-0.016253,0.999767,92.789772,421.414703,106.731987
607,6.070000,0.007992,-0.012935,-0.015286,0.999768,93.168098,421.453369,106.734604
608,6.080000,0.008054,-0.012743,-0.016029,0.999758,93.691681,421.519257,106.750214
609,6.090000,0.008108,-0.012963,-0.015218,0.999767,94.227173,421.561096,106.787338
610,6.100000,0.008003,-0.011341,-0.016812,0.999762,94.905960,421.613037,106.853905
611,6.110000,0.008248,-0.011957,-0.016462,0.999759,95.428589,421.623047,106.863152
612,6.120000,0.008151,-0.012120,-0.015814,0.999768,96.029610,421.641113,106.895988
613,6.130000,0.008212,-0.012119,-0.016001,0.999765,96.626579,421.650269,106.900070
614,6.140000,0.008186,-0.011593,-0.016589,0.999762,97.329567,421.649292,106.907852
615,6.150000,0.008070,-0.011473,-0.016301,0.999769,97.955826,421.669708,106.899597
616,6.160000,0.008010,-0.010333,-0.017086,0.999769,98.702599,421.696075,106.926308
617,6.170000,0.008030,-0.011564,-0.016008,0.999773,99.252953,421.708069,106.940247
618,6.180000,0.008117,-0.010278,-0.016800,0.999773,99.953239,421.711273,106.998734
619,6.190000,0.008364,-0.011764,-0.016077,0.999767,100.497574,421.693695,107.018974
620,6.200000,0.008284,-0.011230,-0.016723,0.999763,101.160881,421.695953,107.047401
621,6.210000,0.008325,-0.010812,-0.016667,0.999768,101.808212,421.681824,107.074295
622,6.220000,0.008350,-0.011175,-0.016373,0.999769,102.400200,421.683136,107.083992
623,6.230000,0.008279,-0.011522,-0.015769,0.999775,103.069229,421.682037,107.092087
624,6.240000,0.008302,-0.011402,-0.016032,0.999772,103.771774,421.690521,107.096748
625,6.250000,0.008211,-0.011197,-0.016162,0.999773,104.548416,421.697662,107.105553
626,6.260000,0.008239,-0.009968,-0.017028,0.999771,105.430389,421.698792,107.148811
627,6.270000,0.008210,-0.011170,-0.016513,0.999768,106.195305,421.703705,107.141685
628,6.280000,0.008131,-0.010396,-0.016918,0.999770,107.101028,421.720642,107.165611
629,6.290000,0.008175,-0.010581,-0.016786,0.999770,107.980492,421.731140,107.162758
630,6.300000,0.008004,-0.009312,-0.017541,0.999771,108.976883,421.773895,107.205124
631,6.310000,0.007900,-0.010114,-0.016735,0.999778,109.869781,421.798492,107.226532
632,6.320000,0.008123,-0.009950,-0.017025,0.999773,110.812881,421.820587,107.246902
633,6.330000,0.008043,-0.010134,-0.017115,0.999770,111.800957,421.834564,107.261398
634,6.340000,0.008176,-0.011373,-0.016481,0.999766,112.668243,421.837250,107.254501
635,6.350000,0.008058,-0.011115,-0.016641,0.999767,113.671707,421.850647,107.274498
636,6.360000,0.008217,-0.011206,-0.016585,0.999766,114.688988,421.864746,107.282639
637,6.370000,0.008012,-0.010130,-0.017350,0.999766,115.777893,421.909241,107.329079
638,6.380000,0.008176,-0.010120,-0.017823,0.999757,116.787415,421.928375,107.339615
639,6.390000,0.008082,-0.010390,-0.017425,0.999762,117.785378,421.960815,107.369804
640,6.400000,0.007960,-0.011559,-0.016329,0.999768,118.733856,421.969635,107.369156
641,6.410000,0.008047,-0.010378,-0.017531,0.999760,119.847412,421.970367,107.383621
642,6.420000,0.007938,-0.011601,-0.016448,0.999766,120.818985,421.979706,107.386063
643,6.430000,0.007999,-0.010697,-0.016976,0.999767,121.890862,421.979950,107.427963
644,6.440000,0.008045,-0.010572,-0.016933,0.999768,122.941750,421.983490,107.460724
645,6.450000,0.008010,-0.011852,-0.016146,0.999767,123.857391,421.982239,107.459061
646,6.460000,0.007958,-0.011344,-0.016649,0.999765,124.882851,421.982056,107.489075
647,6.470000,0.008066,-0.011455,-0.016766,0.999761,125.884445,421.978394,107.492096
648,6.480000,0.007961,-0.010726,-0.017122,0.999764,126.929176,421.993134,107.542366
649,6.490000,0.008127,-0.010516,-0.017302,0.999762,127.872032,421.981659,107.533615
650,6.500000,0.007921,-0.011623,-0.016447,0.999766,128.734650,421.999542,107.529434
651,6.510000,0.008023,-0.011125,-0.017032,0.999761,129.651123,421.999878,107.543465
652,6.520000,0.007903,-0.010773,-0.016954,0.999767,130.540665,421.987640,107.578629
653,6.530000,0.007976,-0.011487,-0.016372,0.999768,131.287781,421.971466,107.583282
654,6.540000,0.007906,-0.010961,-0.016461,0.999773,132.138077,421.964600,107.621529
655,6.550000,0.007976,-0.011560,-0.016665,0.999762,132.895264,421.968048,107.655029
656,6.560000,0.008123,-0.010346,-0.017406,0.999762,133.741699,421.952850,107.707573
657,6.570000,0.008042,-0.011669,-0.016125,0.999770,134.417084,421.957977,107.720360
658,6.580000,0.008198,-0.010709,-0.017218,0.999761,135.202774,421.963623,107.748947
659,6.590000,0.008012,-0.011534,-0.016226,0.999770,135.931290,421.990295,107.779350
660,6.600000,0.008239,-0.010760,-0.017338,0.999758,136.680984,421.992920,107.816994
661,6.610000,0.008377,-0.011541,-0.016876,0.999756,137.366455,421.998077,107.834656
662,6.620000,0.008234,-0.010743,-0.017138,0.999762,138.191162,422.006500,107.902969
663,6.630000,0.008388,-0.011784,-0.016905,0.999753,138.837006,422.006561,107.923141
664,6.640000,0.008644,-0.011561,-0.016811,0.999754,139.578934,421.982910,107.950905
665,6.650000,0.008542,-0.011718,-0.016676,0.999756,140.335770,421.992340,107.977486
666,6.660000,0.008419,-0.010655,-0.017879,0.999748,141.150116,422.014252,108.024567
667,6.670000,0.008436,-0.011708,-0.016294,0.999763,141.860092,422.008453,108.011360
668,6.680000,0.008459,-0.010912,-0.017130,0.999758,142.668762,422.017426,108.019547
669,6.690000,0.008385,-0.011613,-0.017379,0.999746,143.396851,422.047333,108.018944
670,6.700000,0.008410,-0.011147,-0.017051,0.999757,144.206833,422.045990,108.038269
671,6.710000,0.008331,-0.011592,-0.017090,0.999752,144.939438,422.058716,108.033127
672,6.720000,0.008140,-0.011303,-0.016920,0.999760,145.718353,422.062134,108.050529
673,6.730000,0.008212,-0.012005,-0.016290,0.999762,146.399475,422.043854,108.017403
674,6.740000,0.008249,-0.011209,-0.017184,0.999756,147.156937,422.040039,108.025337
675,6.750000,0.007962,-0.011298,-0.016741,0.999764,147.862152,422.054901,108.033081
676,6.760000,0.008119,-0.010610,-0.017386,0.999760,148.637253,422.025360,108.043320
677,6.770000,0.008133,-0.011354,-0.016828,0.999761,149.261353,422.020691,108.049980
678,6.780000,0.008254,-0.010940,-0.017185,0.999758,149.936111,422.002625,108.079803
679,6.790000,0.007987,-0.011529,-0.016606,0.999764,150.560074,422.009399,108.104065
680,6.800000,0.008301,-0.010964,-0.017030,0.999760,151.251938,421.968445,108.130615
681,6.810000,0.008345,-0.011140,-0.017216,0.999755,151.841873,421.968323,108.147285
682,6.820000,0.008282,-0.011366,-0.016252,0.999769,152.395554,421.958191,108.156631
683,6.830000,0.008170,-0.011269,-0.016739,0.999763,152.916473,421.974030,108.147270
684,6.840000,0.008082,-0.011436,-0.016539,0.999765,153.379562,421.970703,108.158348
685,6.850000,0.008155,-0.011463,-0.016467,0.999765,153.781799,421.947327,108.153687
686,6.860000,0.008054,-0.011556,-0.015737,0.999777,154.138809,421.926544,108.157639
687,6.870000,0.008192,-0.011522,-0.015950,0.999773,154.432922,421.888336,108.151276
688,6.880000,0.008318,-0.010610,-0.016803,0.999768,154.735794,421.844635,108.168678
689,6.890000,0.008125,-0.010837,-0.016333,0.999775,154.950394,421.843109,108.183334
690,6.900000,0.007977,-0.011435,-0.015829,0.999777,155.107025,421.851807,108.182983
691,6.910000,0.007991,-0.011835,-0.015560,0.999777,155.268066,421.855804,108.179901
692,6.920000,0.008034,-0.011493,-0.016025,0.999773,155.463867,421.863037,108.171478
693,6.930000,0.007982,-0.010384,-0.016824,0.999773,155.676849,421.876373,108.193237
694,6.940000,0.007863,-0.011294,-0.016169,0.999775,155.716980,421.882080,108.173927
695,6.950000,0.007845,-0.011402,-0.016017,0.999776,155.788040,421.876221,108.172699
696,6.960000,0.008057,-0.010737,-0.016434,0.999775,155.886887,421.845032,108.177071
697,6.970000,0.008028,-0.010570,-0.016405,0.999777,155.942459,421.835083,108.173355
698,6.980000,0.007994,-0.010337,-0.016573,0.999777,156.007828,421.825073,108.168114
699,6.990000,0.007937,-0.010238,-0.016434,0.999781,156.049240,421.815125,108.164253
700,7.000000,0.007897,-0.010292,-0.016267,0.999784,156.095200,421.802246,108.161713
701,7.010000,0.007888,-0.011054,-0.015710,0.999784,156.086258,421.791901,108.151230
702,7.020000,0.007868,-0.011238,-0.015562,0.999785,156.126343,421.791321,108.151527
703,7.030000,0.007897,-0.011289,-0.015588,0.999784,156.183029,421.797516,108.161110
704,7.040000,0.007901,-0.011165,-0.015882,0.999780,156.260803,421.815674,108.165756
705,7.050000,0.008006,-0.010420,-0.016439,0.999779,156.403412,421.817169,108.169502
706,7.060000,0.008000,-0.010401,-0.016525,0.999777,156.463150,421.818909,108.161957
707,7.070000,0.007910,-0.010440,-0.016408,0.999780,156.523285,421.840942,108.163719
708,7.080000,0.007885,-0.010586,-0.016440,0.999778,156.537689,421.850220,108.158997
709,7.090000,0.007878,-0.010645,-0.016310,0.999779,156.498489,421.851562,108.154922
710,7.100000,0.007845,-0.010511,-0.016371,0.999780,156.484436,421.845245,108.155434
711,7.110000,0.007737,-0.011221,-0.015990,0.999779,156.340652,421.839600,108.121307
712,7.120000,0.007667,-0.010644,-0.016500,0.999778,156.287262,421.798157,108.104225
713,7.130000,0.007607,-0.011388,-0.015468,0.999787,156.103592,421.724640,108.062523
714,7.140000,0.007649,-0.011262,-0.015415,0.999788,155.994873,421.630402,108.041725
715,7.150000,0.007605,-0.011721,-0.014431,0.999798,155.840393,421.551636,108.043282
716,7.160000,0.007732,-0.011459,-0.014580,0.999798,155.755463,421.492432,108.044273
717,7.170000,0.007668,-0.011360,-0.014566,0.999800,155.712006,421.472748,108.047173
718,7.180000,0.007447,-0.012150,-0.013918,0.999802,155.634155,421.469574,108.007401
719,7.190000,0.007382,-0.012191,-0.013913,0.999802,155.624176,421.464783,107.988419
720,7.200000,0.007428,-0.012090,-0.013908,0.999803,155.643463,421.457550,107.995232
721,7.210000,0.007469,-0.012114,-0.013843,0.999803,155.660095,421.456726,107.994980
722,7.220000,0.007339,-0.011836,-0.014463,0.999798,155.725647,421.478210,107.966949
723,7.230000,0.007267,-0.011812,-0.014476,0.999799,155.739655,421.490509,107.949409
724,7.240000,0.007423,-0.011139,-0.014994,0.999798,155.814606,421.473694,107.979889
725,7.250000,0.007566,-0.011207,-0.014888,0.999798,155.798843,421.456696,108.011063
726,7.260000,0.007577,-0.011523,-0.014465,0.999800,155.769165,421.450775,108.016052
727,7.270000,0.007464,-0.012153,-0.013931,0.999801,155.700531,421.463043,108.001465
728,7.280000,0.007442,-0.012246,-0.013788,0.999802,155.680420,421.461731,107.998428
729,7.290000,0.007411,-0.012264,-0.013628,0.999804,155.673813,421.458496,107.992981
730,7.300000,0.007335,-0.012224,-0.013572,0.999806,155.667740,421.464050,107.974831
731,7.310000,0.007247,-0.011912,-0.014184,0.999802,155.696732,421.473511,107.956200
732,7.320000,0.007311,-0.011865,-0.014136,0.999803,155.688690,421.465424,107.970963
733,7.330000,0.007417,-0.011840,-0.014188,0.999802,155.705292,421.449524,107.993233
734,7.340000,0.007455,-0.012179,-0.013800,0.999803,155.695160,421.440735,107.997589
735,7.350000,0.007403,-0.011940,-0.014270,0.999800,155.721664,421.449738,107.987282
736,7.360000,0.007427,-0.012194,-0.013808,0.999803,155.695923,421.446411,107.986183
737,7.370000,0.007424,-0.012254,-0.013593,0.999805,155.677032,421.443665,107.984779
738,7.380000,0.007359,-0.011907,-0.014007,0.999804,155.676285,421.447906,107.976166
739,7.390000,0.007335,-0.012184,-0.013594,0.999806,155.634399,421.444580,107.967545
740,7.400000,0.007332,-0.012205,-0.013475,0.999808,155.617844,421.437836,107.971062
741,7.410000,0.007371,-0.012272,-0.013409,0.999808,155.609329,421.427551,107.986122
742,7.420000,0.007380,-0.012357,-0.013350,0.999807,155.606339,421.427094,107.993225
743,7.430000,0.007376,-0.012368,-0.013335,0.999807,155.619537,421.430634,107.997337
744,7.440000,0.007402,-0.012303,-0.013427,0.999807,155.649170,421.433807,107.996971
745,7.450000,0.007364,-0.012339,-0.013321,0.999808,155.682449,421.436188,107.987717
746,7.460000,0.007283,-0.012017,-0.014043,0.999803,155.738602,421.449799,107.965172
747,7.470000,0.007263,-0.011955,-0.014141,0.999802,155.755295,421.452881,107.958344
748,7.480000,0.007287,-0.011978,-0.014023,0.999803,155.760330,421.449005,107.965065
749,7.490000,0.007324,-0.011974,-0.014059,0.999803,155.750107,421.445618,107.978432
750,7.500000,0.007379,-0.011875,-0.014248,0.999801,155.716980,421.442719,107.985069
751,7.510000,0.007399,-0.012162,-0.013758,0.999804,155.668610,421.433868,107.985901
752,7.520000,0.007400,-0.012212,-0.013623,0.999805,155.634430,421.427307,107.984673
753,7.530000,0.007350,-0.012252,-0.013419,0.999808,155.596893,421.423706,107.979301
754,7.540000,0.007325,-0.012259,-0.013252,0.999810,155.566788,421.414551,107.973106
755,7.550000,0.007332,-0.012281,-0.013094,0.999812,155.553131,421.402496,107.973373
756,7.560000,0.007344,-0.012289,-0.013074,0.999812,155.567383,421.398682,107.976860
757,7.570000,0.007334,-0.012382,-0.012926,0.999813,155.598038,421.400116,107.979263
758,7.580000,0.007361,-0.012374,-0.013151,0.999810,155.633835,421.407410,107.981888
759,7.590000,0.007384,-0.012431,-0.013073,0.999810,155.663956,421.405151,107.987564
760,7.600000,0.007367,-0.012133,-0.013530,0.999808,155.710571,421.410645,107.988907
761,7.610000,0.007324,-0.012133,-0.013659,0.999806,155.735947,421.418335,107.977676
762,7.620000,0.007287,-0.012153,-0.013657,0.999806,155.743774,421.420563,107.970284
763,7.630000,0.007275,-0.012036,-0.013718,0.999807,155.732056,421.424561,107.968102
764,7.640000,0.007299,-0.012040,-0.013563,0.999809,155.697952,421.420105,107.971413
765,7.650000,0.007329,-0.012283,-0.013230,0.999810,155.640335,421.413361,107.973877
766,7.660000,0.007343,-0.012338,-0.013151,0.999811,155.608444,421.404968,107.978943
767,7.670000,0.007367,-0.012330,-0.013174,0.999810,155.587723,421.399353,107.982170
768,7.680000,0.007354,-0.012345,-0.013118,0.999811,155.579239,421.397339,107.978966
769,7.690000,0.007335,-0.012321,-0.013119,0.999811,155.578766,421.398560,107.973946
770,7.700000,0.007333,-0.012291,-0.013115,0.999812,155.587036,421.401306,107.972252
771,7.710000,0.007332,-0.012289,-0.013158,0.999811,155.607712,421.405701,107.969162
772,7.720000,0.007309,-0.012008,-0.013639,0.999808,155.653152,421.410614,107.968124
773,7.730000,0.007292,-0.012083,-0.013628,0.999808,155.685379,421.410706,107.969109
774,7.740000,0.007325,-0.012088,-0.013550,0.999808,155.694412,421.409149,107.978218
775,7.750000,0.007344,-0.012105,-0.013503,0.999809,155.694870,421.408356,107.985458
776,7.760000,0.007355,-0.012389,-0.013058,0.999811,155.668198,421.406952,107.986359
777,7.770000,0.007420,-0.011789,-0.013428,0.999813,155.698425,421.400085,107.994537
778,7.780000,0.007327,-0.012346,-0.012989,0.999813,155.649399,421.408661,107.977119
779,7.790000,0.007285,-0.012429,-0.012872,0.999813,155.633926,421.409302,107.969772
780,7.800000,0.007285,-0.012436,-0.012865,0.999813,155.623032,421.408600,107.968689
781,7.810000,0.007319,-0.012345,-0.013075,0.999812,155.612656,421.406036,107.973732
782,7.820000,0.007335,-0.012364,-0.012965,0.999813,155.618912,421.400879,107.980743
783,7.830000,0.007355,-0.012332,-0.013207,0.999810,155.625610,421.403503,107.978951
784,7.840000,0.007347,-0.012309,-0.013249,0.999810,155.636520,421.405823,107.973274
785,7.850000,0.007311,-0.011986,-0.013726,0.999807,155.663361,421.410400,107.967552
786,7.860000,0.007315,-0.011981,-0.013711,0.999807,155.662231,421.411194,107.964470
787,7.870000,0.007306,-0.011971,-0.013679,0.999808,155.655350,421.410248,107.965164
788,7.880000,0.007308,-0.011975,-0.013658,0.999808,155.646683,421.408295,107.968063
789,7.890000,0.007319,-0.012328,-0.013044,0.999812,155.621521,421.401581,107.973366
790,7.900000,0.007329,-0.012384,-0.012994,0.999812,155.614822,421.401917,107.977234
791,7.910000,0.007335,-0.012384,-0.013059,0.999811,155.605301,421.402435,107.979996
792,7.920000,0.007335,-0.012384,-0.013034,0.999811,155.605530,421.402527,107.980743
793,7.930000,0.007322,-0.012408,-0.012892,0.999813,155.616028,421.401978,107.980469
794,7.940000,0.007286,-0.012107,-0.013326,0.999811,155.655365,421.408539,107.977432
795,7.950000,0.007278,-0.012106,-0.013426,0.999810,155.679672,421.410797,107.974556
796,7.960000,0.007356,-0.011363,-0.014072,0.999809,155.747025,421.404602,107.981400
797,7.970000,0.007299,-0.012035,-0.013533,0.999809,155.694366,421.413330,107.973450
798,7.980000,0.007312,-0.012100,-0.013520,0.999809,155.685501,421.411499,107.975502
799,7.990000,0.007296,-0.012080,-0.013624,0.999808,155.688858,421.409637,107.973053
800,8.000000,0.007412,-0.011323,-0.014180,0.999808,155.713806,421.398865,107.984955
801,8.010000,0.007343,-0.012127,-0.013372,0.999810,155.636795,421.401764,107.971649
802,8.020000,0.007320,-0.012243,-0.013185,0.999811,155.604889,421.400116,107.968224
803,8.030000,0.007312,-0.012233,-0.013152,0.999812,155.584351,421.398773,107.966652
804,8.040000,0.007310,-0.012258,-0.013083,0.999813,155.570175,421.393616,107.968384
805,8.050000,0.007311,-0.012283,-0.013018,0.999813,155.573685,421.389923,107.970245
806,8.060000,0.007313,-0.012354,-0.012905,0.999814,155.589401,421.388702,107.974632
807,8.070000,0.007321,-0.012419,-0.012890,0.999813,155.614243,421.388611,107.979126
808,8.080000,0.007410,-0.011704,-0.013445,0.999814,155.687073,421.382568,107.996490
809,8.090000,0.007421,-0.011705,-0.013480,0.999813,155.705276,421.385315,107.993591
810,8.100000,0.007303,-0.012093,-0.013463,0.999810,155.693039,421.402100,107.977806
811,8.110000,0.007265,-0.012133,-0.013541,0.999808,155.711151,421.406250,107.969131
812,8.120000,0.007345,-0.011355,-0.014093,0.999809,155.760590,421.397064,107.982422
813,8.130000,0.007376,-0.011312,-0.014008,0.999811,155.738907,421.393463,107.988922
814,8.140000,0.007314,-0.012018,-0.013450,0.999811,155.667496,421.396637,107.981865
815,8.150000,0.007320,-0.012363,-0.012912,0.999813,155.614548,421.391235,107.980225
816,8.160000,0.007326,-0.012415,-0.012908,0.999813,155.595810,421.386658,107.979187
817,8.170000,0.007314,-0.012332,-0.013033,0.999812,155.579300,421.388855,107.970444
818,8.180000,0.007289,-0.012334,-0.012893,0.999814,155.576920,421.388550,107.966156
819,8.190000,0.007286,-0.012293,-0.012993,0.999813,155.577042,421.390503,107.964645
820,8.200000,0.007294,-0.012309,-0.013017,0.999813,155.589066,421.392487,107.966393
821,8.210000,0.007296,-0.012333,-0.012939,0.999814,155.609238,421.391266,107.970070
822,8.220000,0.007295,-0.012043,-0.013417,0.999811,155.654404,421.395294,107.972534
823,8.230000,0.007305,-0.012082,-0.013495,0.999809,155.673462,421.396240,107.976639
824,8.240000,0.007396,-0.011402,-0.013974,0.999810,155.731171,421.388153,107.989342
825,8.250000,0.007386,-0.011342,-0.013980,0.999811,155.735199,421.390472,107.991051
826,8.260000,0.007371,-0.011309,-0.013984,0.999811,155.732635,421.392273,107.991203
827,8.270000,0.007288,-0.012008,-0.013446,0.999811,155.676056,421.399445,107.978844
828,8.280000,0.007272,-0.012104,-0.013351,0.999811,155.658768,421.398682,107.976044
829,8.290000,0.007289,-0.012368,-0.012890,0.999814,155.619919,421.394806,107.974098
830,8.300000,0.007301,-0.012415,-0.012810,0.999814,155.603729,421.391052,107.975067
831,8.310000,0.007307,-0.012399,-0.012828,0.999814,155.597794,421.389038,107.977074
832,8.320000,0.007312,-0.012409,-0.012840,0.999814,155.597580,421.388641,107.974762
833,8.330000,0.007306,-0.012308,-0.013082,0.999812,155.606262,421.393433,107.969627
834,8.340000,0.007298,-0.012314,-0.013067,0.999812,155.612671,421.393555,107.965759
835,8.350000,0.007284,-0.011962,-0.013581,0.999810,155.639343,421.397736,107.965561
836,8.360000,0.007291,-0.011940,-0.013621,0.999809,155.641525,421.397797,107.966080
837,8.370000,0.007298,-0.012286,-0.013042,0.999813,155.624908,421.392029,107.966171
838,8.380000,0.007311,-0.012314,-0.013108,0.999812,155.621231,421.393768,107.967926
839,8.390000,0.007292,-0.012076,-0.013463,0.999810,155.651108,421.396027,107.974655
840,8.400000,0.007285,-0.012047,-0.013393,0.999811,155.642731,421.395752,107.975853
841,8.410000,0.007302,-0.012382,-0.012920,0.999813,155.620880,421.390717,107.977501
842,8.420000,0.007297,-0.012398,-0.012828,0.999814,155.613388,421.392181,107.976120
843,8.430000,0.007286,-0.012394,-0.012816,0.999815,155.617554,421.394531,107.971565
844,8.440000,0.007260,-0.012123,-0.013315,0.999811,155.653610,421.398132,107.972977
845,8.450000,0.007288,-0.012418,-0.012903,0.999813,155.639679,421.395355,107.973930
846,8.460000,0.007384,-0.011661,-0.013390,0.999815,155.688431,421.385864,107.987953
847,8.470000,0.007380,-0.011335,-0.013912,0.999812,155.711273,421.388031,107.989220
848,8.480000,0.007300,-0.012027,-0.013439,0.999811,155.658310,421.396027,107.976425
849,8.490000,0.007303,-0.012372,-0.012978,0.999813,155.627579,421.393097,107.969658
850,8.500000,0.007294,-0.012380,-0.013019,0.999812,155.612518,421.393280,107.964211
851,8.510000,0.007285,-0.012331,-0.012926,0.999814,155.605057,421.389954,107.964775
852,8.520000,0.007293,-0.012314,-0.013000,0.999813,155.590439,421.391937,107.965836
853,8.530000,0.007302,-0.012271,-0.013061,0.999813,155.584030,421.389832,107.968666
854,8.540000,0.007300,-0.012361,-0.012937,0.999813,155.590210,421.385590,107.973244
855,8.550000,0.007302,-0.012384,-0.012925,0.999813,155.599152,421.384827,107.974663
856,8.560000,0.007291,-0.012390,-0.012859,0.999814,155.605560,421.387115,107.972359
857,8.570000,0.007290,-0.012429,-0.012868,0.999813,155.622253,421.388611,107.972618
858,8.580000,0.007285,-0.012092,-0.013398,0.999811,155.663116,421.396484,107.975014
859,8.590000,0.007275,-0.012080,-0.013412,0.999811,155.677292,421.399750,107.973892
860,8.600000,0.007360,-0.011332,-0.013974,0.999811,155.741638,421.392456,107.985947
861,8.610000,0.007360,-0.011296,-0.014010,0.999811,155.742569,421.390930,107.987930
862,8.620000,0.007368,-0.011338,-0.013962,0.999811,155.730286,421.388306,107.988762
863,8.630000,0.007310,-0.012264,-0.013023,0.999813,155.641510,421.390442,107.975967
864,8.640000,0.007311,-0.012398,-0.012924,0.999813,155.618759,421.387146,107.975372
865,8.650000,0.007296,-0.012394,-0.012843,0.999814,155.598267,421.386383,107.972870
866,8.660000,0.007280,-0.012378,-0.012792,0.999815,155.586533,421.385071,107.969788
867,8.670000,0.007277,-0.012365,-0.012790,0.999815,155.576996,421.383911,107.967865
868,8.680000,0.007280,-0.012326,-0.012838,0.999815,155.577011,421.384918,107.968269
869,8.690000,0.007283,-0.012322,-0.012857,0.999815,155.583893,421.383423,107.969505
870,8.700000,0.007287,-0.012348,-0.012861,0.999814,155.598404,421.383881,107.969749
871,8.710000,0.007294,-0.012389,-0.012935,0.999813,155.621078,421.385559,107.971756
872,8.720000,0.007283,-0.012066,-0.013426,0.999811,155.662460,421.391815,107.973724
873,8.730000,0.007280,-0.012082,-0.013418,0.999811,155.671417,421.393890,107.972763
874,8.740000,0.007365,-0.011373,-0.013914,0.999811,155.726501,421.387207,107.985397
875,8.750000,0.007271,-0.012070,-0.013418,0.999811,155.677277,421.396881,107.973274
876,8.760000,0.007330,-0.011465,-0.013829,0.999812,155.716064,421.389069,107.983963
877,8.770000,0.007265,-0.012050,-0.013392,0.999811,155.666016,421.393921,107.974083
878,8.780000,0.007281,-0.012439,-0.012852,0.999813,155.627655,421.387970,107.974930
879,8.790000,0.007289,-0.012451,-0.012824,0.999814,155.612259,421.386230,107.977066
880,8.800000,0.007293,-0.012456,-0.012798,0.999814,155.601929,421.383972,107.978951
881,8.810000,0.007294,-0.012438,-0.012768,0.999815,155.591919,421.383087,107.977005
882,8.820000,0.007297,-0.012414,-0.012823,0.999814,155.590012,421.383423,107.975418
883,8.830000,0.007320,-0.012334,-0.013092,0.999811,155.588821,421.387573,107.972969
884,8.840000,0.007313,-0.012385,-0.012917,0.999813,155.593155,421.384216,107.975708
885,8.850000,0.007320,-0.012408,-0.012921,0.999813,155.606415,421.379852,107.979141
886,8.860000,0.007319,-0.012401,-0.012943,0.999813,155.617172,421.382202,107.980080
887,8.870000,0.007280,-0.012106,-0.013404,0.999810,155.649841,421.389893,107.973717
888,8.880000,0.007259,-0.012078,-0.013423,0.999811,155.656830,421.391937,107.970062
889,8.890000,0.007258,-0.012049,-0.013489,0.999810,155.660599,421.395172,107.969597
890,8.900000,0.007276,-0.012072,-0.013481,0.999810,155.660004,421.395599,107.972733
891,8.910000,0.007294,-0.012368,-0.013058,0.999812,155.640549,421.392303,107.974541
892,8.920000,0.007309,-0.012426,-0.012984,0.999812,155.637985,421.389130,107.979034
893,8.930000,0.007405,-0.011754,-0.013439,0.999813,155.684525,421.377594,107.995598
894,8.940000,0.007332,-0.012312,-0.013075,0.999812,155.638138,421.385193,107.984810
895,8.950000,0.007319,-0.012382,-0.013011,0.999812,155.623917,421.385345,107.981575
896,8.960000,0.007315,-0.012367,-0.012953,0.999813,155.612244,421.385895,107.979713
897,8.970000,0.007305,-0.012356,-0.012897,0.999814,155.606491,421.386078,107.980103
898,8.980000,0.007298,-0.012369,-0.012872,0.999814,155.604706,421.384827,107.977303
899,8.990000,0.007299,-0.012424,-0.012900,0.999813,155.606705,421.383331,107.980255
900,9.000000,0.007318,-0.012436,-0.012915,0.999813,155.605667,421.381683,107.983513
901,9.010000,0.007324,-0.012442,-0.012954,0.999812,155.605423,421.381927,107.984398
902,9.020000,0.007314,-0.012401,-0.012938,0.999813,155.604630,421.384186,107.980896
903,9.030000,0.007312,-0.012411,-0.012962,0.999812,155.616165,421.384369,107.981834
904,9.040000,0.007300,-0.012123,-0.013421,0.999810,155.647354,421.389069,107.981857
905,9.050000,0.007309,-0.012414,-0.012989,0.999812,155.626282,421.386353,107.977310
906,9.060000,0.007301,-0.012442,-0.012958,0.999812,155.624832,421.387360,107.975677
907,9.070000,0.007312,-0.012385,-0.013085,0.999811,155.626801,421.389282,107.979500
908,9.080000,0.007410,-0.011802,-0.013483,0.999812,155.671417,421.378601,107.991943
909,9.090000,0.007330,-0.012321,-0.013088,0.999812,155.637711,421.385651,107.985443
910,9.100000,0.007321,-0.012401,-0.013019,0.999812,155.632874,421.386353,107.985497
911,9.110000,0.007329,-0.012428,-0.012994,0.999811,155.627747,421.386261,107.986145
912,9.120000,0.007316,-0.012421,-0.013010,0.999811,155.620804,421.385925,107.982918
913,9.130000,0.007313,-0.012428,-0.012996,0.999812,155.616104,421.386139,107.982521
914,9.140000,0.007304,-0.012127,-0.013463,0.999809,155.639206,421.389893,107.984436
915,9.150000,0.007322,-0.012388,-0.013081,0.999811,155.620834,421.385559,107.985733
916,9.160000,0.007325,-0.012427,-0.013022,0.999811,155.616470,421.384308,107.987633
917,9.170000,0.007330,-0.012427,-0.012988,0.999812,155.614868,421.383728,107.991234
918,9.180000,0.007332,-0.012436,-0.012975,0.999812,155.610947,421.381561,107.991783
919,9.190000,0.007330,-0.012435,-0.012990,0.999811,155.609238,421.381714,107.989601
920,9.200000,0.007317,-0.012440,-0.012991,0.999811,155.612259,421.383942,107.985222
921,9.210000,0.007318,-0.012428,-0.013035,0.999811,155.616562,421.386230,107.982117
922,9.220000,0.007317,-0.012398,-0.013179,0.999810,155.617279,421.389374,107.981125
923,9.230000,0.007317,-0.012429,-0.013038,0.999811,155.624496,421.387360,107.983284
924,9.240000,0.007402,-0.011535,-0.013926,0.999809,155.693436,421.380249,107.994904
925,9.250000,0.007310,-0.012088,-0.013565,0.999808,155.657883,421.391174,107.986435
926,9.260000,0.007402,-0.011929,-0.013471,0.999811,155.670624,421.378937,107.991783
927,9.270000,0.007418,-0.011902,-0.013439,0.999811,155.673355,421.377655,107.992455
928,9.280000,0.007422,-0.011838,-0.013499,0.999811,155.672455,421.377197,107.994232
929,9.290000,0.007335,-0.012378,-0.013076,0.999811,155.630768,421.385834,107.986610
930,9.300000,0.007321,-0.012444,-0.013002,0.999811,155.619568,421.386108,107.987000
931,9.310000,0.007320,-0.012452,-0.012972,0.999812,155.612442,421.384277,107.987694
932,9.320000,0.007317,-0.012431,-0.012997,0.999811,155.607880,421.384186,107.989090
933,9.330000,0.007327,-0.012453,-0.012968,0.999811,155.601425,421.381592,107.990074
934,9.340000,0.007329,-0.012435,-0.012934,0.999812,155.595383,421.381744,107.989098
935,9.350000,0.007332,-0.012467,-0.012922,0.999812,155.601685,421.380951,107.990196
936,9.360000,0.007327,-0.012459,-0.012962,0.999812,155.611893,421.383240,107.988258
937,9.370000,0.007315,-0.012440,-0.012981,0.999812,155.619659,421.384979,107.986198
938,9.380000,0.007308,-0.012453,-0.012965,0.999812,155.624481,421.385223,107.983727
939,9.390000,0.007400,-0.011551,-0.013890,0.999809,155.691559,421.378693,107.995033
940,9.400000,0.007418,-0.011825,-0.013502,0.999811,155.673630,421.376556,107.994408
941,9.410000,0.007421,-0.011860,-0.013475,0.999811,155.671829,421.375885,107.995575
942,9.420000,0.007332,-0.012395,-0.013070,0.999811,155.635208,421.385590,107.987114
943,9.430000,0.007319,-0.012468,-0.012997,0.999811,155.626038,421.385986,107.985687
944,9.440000,0.007318,-0.012469,-0.012986,0.999811,155.619949,421.385468,107.983948
945,9.450000,0.007316,-0.012433,-0.013019,0.999811,155.615585,421.385742,107.984467
946,9.460000,0.007326,-0.012379,-0.013196,0.999809,155.611374,421.387726,107.983788
947,9.470000,0.007312,-0.012414,-0.013034,0.999811,155.613144,421.384003,107.986183
948,9.480000,0.007321,-0.012431,-0.012997,0.999811,155.615555,421.382599,107.986931
949,9.490000,0.007326,-0.012445,-0.012993,0.999811,155.615448,421.382263,107.988686
950,9.500000,0.007327,-0.012418,-0.013023,0.999811,155.616135,421.382538,107.988701
951,9.510000,0.007331,-0.012437,-0.013019,0.999811,155.614944,421.384094,107.988792
952,9.520000,0.007327,-0.012441,-0.012997,0.999811,155.616623,421.383728,107.988693
953,9.530000,0.007325,-0.012451,-0.012984,0.999811,155.618454,421.383270,107.989059
954,9.540000,0.007321,-0.012466,-0.012970,0.999811,155.618607,421.384064,107.989548
955,9.550000,0.007326,-0.012464,-0.012970,0.999811,155.619019,421.384735,107.989494
956,9.560000,0.007325,-0.012459,-0.012995,0.999811,155.617813,421.384735,107.989334
957,9.570000,0.007328,-0.012460,-0.013007,0.999811,155.619385,421.384491,107.987343
958,9.580000,0.007320,-0.012449,-0.013020,0.999811,155.621887,421.384949,107.985573
959,9.590000,0.007319,-0.012461,-0.013010,0.999811,155.626144,421.385315,107.983452
960,9.600000,0.007295,-0.012115,-0.013511,0.999809,155.651413,421.389374,107.985550
961,9.610000,0.007415,-0.011860,-0.013450,0.999812,155.667862,421.375092,107.994102
962,9.620000,0.007347,-0.012340,-0.013113,0.999811,155.630112,421.382904,107.987823
963,9.630000,0.007339,-0.012426,-0.013026,0.999811,155.623444,421.383179,107.987091
964,9.640000,0.007426,-0.011874,-0.013449,0.999811,155.658371,421.373260,107.996017
965,9.650000,0.007336,-0.012321,-0.013101,0.999811,155.623245,421.381714,107.989479
966,9.660000,0.007330,-0.012407,-0.013038,0.999811,155.612549,421.381958,107.988602
967,9.670000,0.007330,-0.012406,-0.013003,0.999812,155.608841,421.380768,107.989731
968,9.680000,0.007334,-0.012439,-0.012970,0.999812,155.607773,421.380402,107.989929
969,9.690000,0.007323,-0.012459,-0.012978,0.999811,155.608826,421.383057,107.988930
970,9.700000,0.007319,-0.012448,-0.013010,0.999811,155.612625,421.384125,107.988525
971,9.710000,0.007327,-0.012444,-0.013005,0.999811,155.617416,421.383453,107.988464
972,9.720000,0.007326,-0.012444,-0.013016,0.999811,155.620605,421.383789,107.989388
973,9.730000,0.007328,-0.012452,-0.013001,0.999811,155.624237,421.384003,107.988197
974,9.740000,0.007318,-0.012437,-0.013031,0.999811,155.627548,421.384186,107.987167
975,9.750000,0.007303,-0.012127,-0.013470,0.999809,155.654572,421.388336,107.988548
976,9.760000,0.007321,-0.012442,-0.013054,0.999811,155.631088,421.387390,107.986794
977,9.770000,0.007318,-0.012478,-0.013003,0.999811,155.625885,421.387573,107.986954
978,9.780000,0.007323,-0.012485,-0.012974,0.999811,155.622635,421.385498,107.987465
979,9.790000,0.007327,-0.012463,-0.012998,0.999811,155.619598,421.383423,107.989105
980,9.800000,0.007323,-0.012466,-0.012978,0.999811,155.618439,421.382599,107.987526
981,9.810000,0.007318,-0.012443,-0.012985,0.999811,155.615463,421.381561,107.985809
982,9.820000,0.007315,-0.012448,-0.012999,0.999811,155.611084,421.381805,107.983902
983,9.830000,0.007327,-0.012418,-0.013063,0.999811,155.607681,421.383270,107.984406
984,9.840000,0.007318,-0.012399,-0.013052,0.999811,155.607025,421.383026,107.985138
985,9.850000,0.007310,-0.012382,-0.013175,0.999810,155.604889,421.384644,107.988167
986,9.860000,0.007325,-0.012443,-0.013005,0.999811,155.609985,421.381531,107.991653
987,9.870000,0.007328,-0.012456,-0.012964,0.999812,155.611679,421.379944,107.992447
988,9.880000,0.007314,-0.012444,-0.012941,0.999812,155.614838,421.378571,107.990776
989,9.890000,0.007336,-0.012477,-0.013009,0.999811,155.618988,421.384125,107.992645
990,9.900000,0.007314,-0.012496,-0.012962,0.999811,155.626663,421.392639,107.985474
991,9.910000,0.007278,-0.012131,-0.013456,0.999809,155.656143,421.389740,107.988159
992,9.920000,0.007303,-0.012112,-0.013467,0.999809,155.666367,421.387695,107.986855
993,9.930000,0.007296,-0.012430,-0.012973,0.999812,155.643204,421.388580,107.987915
994,9.940000,0.007323,-0.012442,-0.013030,0.999811,155.638016,421.383484,107.981079
995,9.950000,0.007411,-0.011565,-0.013933,0.999809,155.685745,421.375488,107.994438
996,9.960000,0.007439,-0.011823,-0.013690,0.999809,155.655396,421.377502,107.987640
997,9.970000,0.007340,-0.012337,-0.013148,0.999811,155.612778,421.379486,107.982880
998,9.980000,0.007295,-0.012423,-0.012936,0.999813,155.601059,421.380219,107.978310
999,9.990000,0.007299,-0.012434,-0.012919,0.999813,155.590973,421.378784,107.979492
1000,10.000000,0.007304,-0.012423,-0.012875,0.999813,155.584778,421.376038,107.983330
1001,10.010000,0.007290,-0.012459,-0.012862,0.999813,155.581665,421.376312,107.980568
1002,10.020000,0.007366,-0.012276,-0.013410,0.999808,155.585266,421.378052,107.986343
1003,10.030000,0.007333,-0.012408,-0.013035,0.999811,155.600327,421.380035,107.988640
1004,10.040000,0.007325,-0.012443,-0.012936,0.999812,155.614059,421.379089,107.990479
1005,10.050000,0.007320,-0.012460,-0.012904,0.999812,155.625214,421.379883,107.988777
1006,10.060000,0.007375,-0.011414,-0.013885,0.999811,155.711273,421.379303,108.000084
1007,10.070000,0.007285,-0.012098,-0.013442,0.999810,155.664734,421.385345,107.984604
1008,10.080000,0.007289,-0.012471,-0.012961,0.999812,155.641541,421.386383,107.979240
1009,10.090000,0.007373,-0.011465,-0.013944,0.999810,155.707077,421.381439,107.990150
1010,10.100000,0.007309,-0.012414,-0.013013,0.999812,155.631500,421.383850,107.983070
1011,10.110000,0.007296,-0.012524,-0.012859,0.999812,155.616135,421.381866,107.981842
1012,10.120000,0.007309,-0.012516,-0.012866,0.999812,155.604904,421.379578,107.982986
1013,10.130000,0.007299,-0.012436,-0.012919,0.999813,155.598785,421.377747,107.981255
1014,10.140000,0.007295,-0.012411,-0.012936,0.999813,155.593735,421.376526,107.979759
1015,10.150000,0.007308,-0.012411,-0.012950,0.999812,155.590363,421.375793,107.980255
1016,10.160000,0.007296,-0.012440,-0.012903,0.999813,155.594604,421.377411,107.979774
1017,10.170000,0.007303,-0.012436,-0.012909,0.999813,155.600235,421.377197,107.981880
1018,10.180000,0.007308,-0.012436,-0.012919,0.999813,155.608734,421.379181,107.983589
1019,10.190000,0.007311,-0.012454,-0.012909,0.999812,155.615479,421.379395,107.985764
1020,10.200000,0.007308,-0.012449,-0.012921,0.999812,155.620667,421.378113,107.986824
1021,10.210000,0.007310,-0.012427,-0.012929,0.999812,155.624451,421.378632,107.986549
1022,10.220000,0.007307,-0.012441,-0.012945,0.999812,155.625641,421.381165,107.985291
1023,10.230000,0.007285,-0.012129,-0.013425,0.999810,155.648560,421.387024,107.984070
1024,10.240000,0.007297,-0.012451,-0.012933,0.999812,155.623993,421.382935,107.980743
1025,10.250000,0.007297,-0.012471,-0.012871,0.999813,155.619141,421.382812,107.981087
1026,10.260000,0.007293,-0.012468,-0.012871,0.999813,155.614990,421.380951,107.981575
1027,10.270000,0.007297,-0.012457,-0.012903,0.999813,155.612259,421.378235,107.981758
1028,10.280000,0.007312,-0.012445,-0.012956,0.999812,155.609604,421.377991,107.983078
1029,10.290000,0.007315,-0.012428,-0.012987,0.999812,155.610718,421.378815,107.983261
1030,10.300000,0.007308,-0.012416,-0.012986,0.999812,155.608749,421.378052,107.980965
1031,10.310000,0.007302,-0.012427,-0.012936,0.999812,155.606552,421.378174,107.979912
1032,10.320000,0.007297,-0.012409,-0.012944,0.999813,155.605286,421.378479,107.980766
1033,10.330000,0.007307,-0.012433,-0.012935,0.999812,155.602936,421.377686,107.981392
1034,10.340000,0.007308,-0.012424,-0.012964,0.999812,155.602600,421.377533,107.983170
1035,10.350000,0.007316,-0.012440,-0.012958,0.999812,155.603668,421.377197,107.986343
1036,10.360000,0.007318,-0.012455,-0.012939,0.999812,155.606140,421.376984,107.987885
1037,10.370000,0.007311,-0.012431,-0.012961,0.999812,155.612213,421.380310,107.986519
1038,10.380000,0.007293,-0.012438,-0.012903,0.999813,155.616791,421.381897,107.983688
1039,10.390000,0.007288,-0.012449,-0.012892,0.999813,155.622559,421.382996,107.980743
1040,10.400000,0.007278,-0.012120,-0.013409,0.999810,155.651047,421.386566,107.981834
1041,10.410000,0.007282,-0.012123,-0.013420,0.999810,155.657242,421.386749,107.982719
1042,10.420000,0.007300,-0.012400,-0.013027,0.999812,155.639069,421.384338,107.983704
1043,10.430000,0.007292,-0.012165,-0.013386,0.999810,155.655182,421.385498,107.985901
1044,10.440000,0.007311,-0.012401,-0.013034,0.999811,155.631927,421.381866,107.985382
1045,10.450000,0.007312,-0.012428,-0.012966,0.999812,155.621033,421.380310,107.984001
1046,10.460000,0.007305,-0.012435,-0.012929,0.999812,155.610947,421.378265,107.983009
1047,10.470000,0.007299,-0.012447,-0.012873,0.999813,155.601349,421.376587,107.983665
1048,10.480000,0.007308,-0.012419,-0.012925,0.999813,155.592133,421.376434,107.983437
1049,10.490000,0.007367,-0.012315,-0.013254,0.999809,155.581390,421.372681,107.981323
1050,10.500000,0.007314,-0.012418,-0.012963,0.999812,155.581955,421.373016,107.983513
1051,10.510000,0.007309,-0.012431,-0.012920,0.999813,155.587646,421.373932,107.984039
1052,10.520000,0.007303,-0.012429,-0.012930,0.999813,155.594589,421.375183,107.982971
1053,10.530000,0.007301,-0.012415,-0.012979,0.999812,155.607330,421.378143,107.983444
1054,10.540000,0.007294,-0.012432,-0.012943,0.999812,155.620605,421.381378,107.983101
1055,10.550000,0.007386,-0.011798,-0.013406,0.999813,155.678574,421.373291,107.993927
1056,10.560000,0.007286,-0.012116,-0.013463,0.999809,155.666550,421.388214,107.984039
1057,10.570000,0.007371,-0.011487,-0.013922,0.999810,155.716217,421.380615,107.993614
1058,10.580000,0.007292,-0.012106,-0.013498,0.999809,155.670975,421.388306,107.984962
1059,10.590000,0.007386,-0.011901,-0.013373,0.999813,155.681335,421.375244,107.994682
1060,10.600000,0.007309,-0.012125,-0.013436,0.999810,155.655075,421.384857,107.989235
1061,10.610000,0.007314,-0.012446,-0.012983,0.999811,155.618149,421.379456,107.987343
1062,10.620000,0.007312,-0.012473,-0.012911,0.999812,155.600571,421.376343,107.985794
1063,10.630000,0.007304,-0.012447,-0.012905,0.999813,155.586884,421.373962,107.984894
1064,10.640000,0.007361,-0.012296,-0.013252,0.999809,155.573868,421.370331,107.982124
1065,10.650000,0.007359,-0.012309,-0.013207,0.999810,155.567993,421.368622,107.982307
1066,10.660000,0.007365,-0.012295,-0.013245,0.999810,155.570496,421.369568,107.983543
1067,10.670000,0.007318,-0.012420,-0.012937,0.999812,155.582703,421.372375,107.986351
1068,10.680000,0.007314,-0.012438,-0.012921,0.999812,155.597855,421.373871,107.986694
1069,10.690000,0.007307,-0.012461,-0.012910,0.999812,155.614639,421.376099,107.985756
1070,10.700000,0.007295,-0.012151,-0.013387,0.999810,155.654602,421.381653,107.985657
1071,10.710000,0.007290,-0.012142,-0.013443,0.999809,155.666016,421.384705,107.983505
1072,10.720000,0.007355,-0.011485,-0.014021,0.999809,155.727417,421.378265,107.991737
1073,10.730000,0.007377,-0.011456,-0.013952,0.999810,155.722733,421.378845,107.995857
1074,10.740000,0.007381,-0.011437,-0.013932,0.999810,155.717651,421.376953,107.998116
1075,10.750000,0.007402,-0.011759,-0.013468,0.999813,155.682144,421.370361,107.997849
1076,10.760000,0.007326,-0.012361,-0.013001,0.999812,155.621414,421.374573,107.988731
1077,10.770000,0.007307,-0.012450,-0.012874,0.999813,155.598938,421.373016,107.986191
1078,10.780000,0.007368,-0.012316,-0.013266,0.999809,155.578735,421.369263,107.982323
1079,10.790000,0.007357,-0.012323,-0.013211,0.999810,155.570404,421.368866,107.982361
1080,10.800000,0.007366,-0.012301,-0.013244,0.999810,155.568085,421.368317,107.983070
1081,10.810000,0.007373,-0.012281,-0.013295,0.999809,155.573761,421.368774,107.983330
1082,10.820000,0.007321,-0.012407,-0.012971,0.999812,155.585266,421.370819,107.984329
1083,10.830000,0.007312,-0.012428,-0.012919,0.999813,155.598679,421.371552,107.984642
1084,10.840000,0.007313,-0.012428,-0.012953,0.999812,155.611633,421.372925,107.984657
1085,10.850000,0.007311,-0.012448,-0.012942,0.999812,155.625458,421.376007,107.984406
1086,10.860000,0.007409,-0.011825,-0.013415,0.999813,155.678207,421.369629,107.996140
1087,10.870000,0.007401,-0.011805,-0.013419,0.999813,155.682648,421.371002,107.996376
1088,10.880000,0.007294,-0.012126,-0.013417,0.999810,155.661789,421.384186,107.987869
1089,10.890000,0.007293,-0.012468,-0.012957,0.999812,155.636749,421.382812,107.984886
1090,10.900000,0.007293,-0.012525,-0.012858,0.999812,155.624802,421.378113,107.983673
1091,10.910000,0.007303,-0.012494,-0.012894,0.999812,155.617706,421.377167,107.985901
1092,10.920000,0.007297,-0.012480,-0.012882,0.999813,155.608902,421.377838,107.984589
1093,10.930000,0.007302,-0.012473,-0.012885,0.999813,155.603424,421.374817,107.985626
1094,10.940000,0.007312,-0.012457,-0.012903,0.999812,155.596466,421.372101,107.985649
1095,10.950000,0.007309,-0.012425,-0.012934,0.999812,155.594025,421.373230,107.984390
1096,10.960000,0.007371,-0.012335,-0.013253,0.999809,155.584961,421.367981,107.978218
1097,10.970000,0.007363,-0.012257,-0.013332,0.999809,155.585037,421.367706,107.980377
1098,10.980000,0.007373,-0.012260,-0.013337,0.999809,155.587326,421.368134,107.981133
1099,10.990000,0.007320,-0.012376,-0.013008,0.999812,155.593918,421.370880,107.984917
1100,11.000000,0.007308,-0.012438,-0.012915,0.999813,155.599030,421.373322,107.984085
1101,11.010000,0.007308,-0.012443,-0.012912,0.999813,155.608444,421.376434,107.986885
1102,11.020000,0.007304,-0.012467,-0.012877,0.999813,155.616425,421.377716,107.987602
1103,11.030000,0.007302,-0.012481,-0.012870,0.999813,155.623383,421.377716,107.985924
1104,11.040000,0.007294,-0.012482,-0.012864,0.999813,155.629486,421.378021,107.985985
1105,11.050000,0.007395,-0.011827,-0.013342,0.999814,155.683609,421.370605,107.998322
1106,11.060000,0.007389,-0.011453,-0.013908,0.999810,155.711334,421.373352,108.000122
1107,11.070000,0.007318,-0.012314,-0.013119,0.999811,155.647842,421.380554,107.988289
1108,11.080000,0.007310,-0.012421,-0.013025,0.999811,155.632736,421.380676,107.985970
1109,11.090000,0.007311,-0.012443,-0.012947,0.999812,155.620483,421.376129,107.984451
1110,11.100000,0.007298,-0.012431,-0.012928,0.999813,155.607666,421.373077,107.982185
1111,11.110000,0.007363,-0.012311,-0.013250,0.999809,155.587051,421.368774,107.978813
1112,11.120000,0.007322,-0.012333,-0.013396,0.999807,155.563995,421.371918,107.980591
1113,11.130000,0.007353,-0.012284,-0.013298,0.999809,155.564468,421.366180,107.979401
1114,11.140000,0.007365,-0.012265,-0.013333,0.999809,155.564499,421.366760,107.980431
1115,11.150000,0.007312,-0.012394,-0.012989,0.999812,155.573242,421.370270,107.982918
1116,11.160000,0.007303,-0.012440,-0.012897,0.999813,155.585922,421.370728,107.985008
1117,11.170000,0.007303,-0.012452,-0.012879,0.999813,155.600571,421.372040,107.987152
1118,11.180000,0.007302,-0.012480,-0.012821,0.999813,155.617950,421.373383,107.988518
1119,11.190000,0.007379,-0.011805,-0.013294,0.999815,155.683090,421.365204,108.002502
1120,11.200000,0.007433,-0.011807,-0.013603,0.999810,155.693726,421.377869,108.001106
1121,11.210000,0.007364,-0.011460,-0.013927,0.999810,155.727127,421.388733,108.000435
1122,11.220000,0.007391,-0.011493,-0.013936,0.999810,155.720840,421.373413,107.997833
1123,11.230000,0.007396,-0.011701,-0.013458,0.999814,155.700577,421.368652,108.002800
1124,11.240000,0.007275,-0.012108,-0.013299,0.999812,155.655136,421.377563,107.986443
1125,11.250000,0.007373,-0.012289,-0.013299,0.999809,155.610550,421.366058,107.981308
1126,11.260000,0.007352,-0.012339,-0.013230,0.999809,155.586334,421.371002,107.980675
1127,11.270000,0.007286,-0.012403,-0.013245,0.999809,155.570297,421.380920,107.984581
1128,11.280000,0.007344,-0.012290,-0.013613,0.999805,155.548477,421.371887,107.980515
1129,11.290000,0.007308,-0.012287,-0.013405,0.999808,155.553116,421.369934,107.981918
1130,11.300000,0.007322,-0.012356,-0.013324,0.999808,155.551849,421.364288,107.983101
1131,11.310000,0.007311,-0.012293,-0.013367,0.999808,155.561737,421.365814,107.982430
1132,11.320000,0.007337,-0.012327,-0.013243,0.999809,155.580200,421.365326,107.976189
1133,11.330000,0.007334,-0.012390,-0.013034,0.999811,155.601898,421.371277,107.983940
1134,11.340000,0.007315,-0.012460,-0.012936,0.999812,155.620590,421.377991,107.986397
1135,11.350000,0.007414,-0.011830,-0.013366,0.999813,155.685089,421.366608,108.000702
1136,11.360000,0.007291,-0.012194,-0.013261,0.999811,155.671524,421.381714,107.993629
1137,11.370000,0.007362,-0.011836,-0.013320,0.999814,155.699417,421.371826,108.003197
1138,11.380000,0.007273,-0.012137,-0.013239,0.999812,155.661285,421.373962,107.990196
1139,11.390000,0.007286,-0.012436,-0.012919,0.999813,155.632538,421.377533,107.985489
1140,11.400000,0.007303,-0.012483,-0.012905,0.999812,155.617172,421.377197,107.985229
1141,11.410000,0.007310,-0.012492,-0.012870,0.999812,155.605927,421.373718,107.984924
1142,11.420000,0.007293,-0.012465,-0.012866,0.999813,155.595016,421.372253,107.983711
1143,11.430000,0.007361,-0.012310,-0.013214,0.999810,155.579132,421.365356,107.982933
1144,11.440000,0.007360,-0.012292,-0.013240,0.999810,155.571350,421.362915,107.980309
1145,11.450000,0.007326,-0.012311,-0.013425,0.999807,155.558319,421.365723,107.981606
1146,11.460000,0.007327,-0.012330,-0.013441,0.999807,155.563034,421.369873,107.980469
1147,11.470000,0.007359,-0.012297,-0.013316,0.999809,155.583710,421.367981,107.976654
1148,11.480000,0.007365,-0.012287,-0.013312,0.999809,155.595230,421.368347,107.977173
1149,11.490000,0.007303,-0.012401,-0.012974,0.999812,155.610901,421.373657,107.979965
1150,11.500000,0.007298,-0.012432,-0.012895,0.999813,155.617889,421.374268,107.982918
1151,11.510000,0.007286,-0.012150,-0.013306,0.999811,155.645386,421.375153,107.987938
1152,11.520000,0.007299,-0.012423,-0.012901,0.999813,155.630844,421.372589,107.990799
1153,11.530000,0.007317,-0.012492,-0.012844,0.999813,155.629379,421.373474,107.992218
1154,11.540000,0.007311,-0.012486,-0.012870,0.999813,155.628738,421.375824,107.991257
1155,11.550000,0.007304,-0.012485,-0.012837,0.999813,155.625366,421.376190,107.988922
1156,11.560000,0.007297,-0.012467,-0.012822,0.999813,155.617874,421.375122,107.987534
1157,11.570000,0.007289,-0.012490,-0.012772,0.999814,155.608200,421.371765,107.984329
1158,11.580000,0.007300,-0.012463,-0.012811,0.999814,155.598373,421.367401,107.983986
1159,11.590000,0.007327,-0.012359,-0.013355,0.999808,155.576370,421.369751,107.985420
1160,11.600000,0.007379,-0.012283,-0.013314,0.999809,155.581985,421.364563,107.982758
1161,11.610000,0.007347,-0.012313,-0.013484,0.999806,155.568253,421.368103,107.981964
1162,11.620000,0.007321,-0.012334,-0.013427,0.999807,155.566360,421.370972,107.980324
1163,11.630000,0.007347,-0.012291,-0.013270,0.999809,155.577621,421.367523,107.976898
1164,11.640000,0.007349,-0.012318,-0.013221,0.999810,155.582047,421.366852,107.976555
1165,11.650000,0.007293,-0.012422,-0.012898,0.999813,155.593552,421.369232,107.980858
1166,11.660000,0.007305,-0.012462,-0.012855,0.999813,155.604111,421.370117,107.984650
1167,11.670000,0.007315,-0.012482,-0.012879,0.999812,155.618622,421.372101,107.987213
1168,11.680000,0.007305,-0.012496,-0.012861,0.999813,155.631165,421.375366,107.987579
1169,11.690000,0.007288,-0.012189,-0.013324,0.999810,155.663483,421.382263,107.987869
1170,11.700000,0.007297,-0.012475,-0.012892,0.999812,155.645233,421.379517,107.986198
1171,11.710000,0.007372,-0.011455,-0.013841,0.999811,155.714386,421.371429,107.999107
1172,11.720000,0.007289,-0.012115,-0.013378,0.999811,155.657166,421.377350,107.988831
1173,11.730000,0.007302,-0.012457,-0.012919,0.999812,155.618973,421.372192,107.986580
1174,11.740000,0.007353,-0.012383,-0.013173,0.999810,155.596085,421.367981,107.984116
1175,11.750000,0.007371,-0.012299,-0.013270,0.999809,155.581039,421.365723,107.983849
1176,11.760000,0.007332,-0.012351,-0.013378,0.999807,155.555023,421.368744,107.985771
1177,11.770000,0.007321,-0.012361,-0.013311,0.999808,155.545654,421.367004,107.986511
1178,11.780000,0.007359,-0.012313,-0.013216,0.999810,155.553833,421.361877,107.984207
1179,11.790000,0.007315,-0.012286,-0.013517,0.999806,155.550034,421.369263,107.986526
1180,11.800000,0.007352,-0.012308,-0.013289,0.999809,155.573715,421.365143,107.982704
1181,11.810000,0.007358,-0.012338,-0.013237,0.999809,155.592102,421.366730,107.980492
1182,11.820000,0.007284,-0.012125,-0.013412,0.999810,155.641083,421.375458,107.983170
1183,11.830000,0.007296,-0.012383,-0.013022,0.999812,155.642776,421.377380,107.983704
1184,11.840000,0.007375,-0.011468,-0.013862,0.999811,155.719818,421.371735,107.997879
1185,11.850000,0.007281,-0.012134,-0.013383,0.999810,155.678070,421.380554,107.988419
1186,11.860000,0.007387,-0.011459,-0.013896,0.999811,155.719604,421.370209,108.001465
1187,11.870000,0.007297,-0.012111,-0.013453,0.999810,155.660675,421.379395,107.988167
1188,11.880000,0.007288,-0.012457,-0.012937,0.999812,155.617722,421.373993,107.985405
1189,11.890000,0.007344,-0.012411,-0.013124,0.999810,155.594162,421.368896,107.982796
1190,11.900000,0.007351,-0.012368,-0.013105,0.999811,155.580688,421.366974,107.985573
1191,11.910000,0.007300,-0.012418,-0.012863,0.999813,155.573349,421.364441,107.986847
1192,11.920000,0.007365,-0.012312,-0.013189,0.999810,155.561127,421.360077,107.986885
1193,11.930000,0.007337,-0.012318,-0.013381,0.999808,155.551819,421.365723,107.987900
1194,11.940000,0.007339,-0.012326,-0.013425,0.999807,155.556870,421.366547,107.986198
1195,11.950000,0.007360,-0.012292,-0.013296,0.999809,155.576797,421.363464,107.981270
1196,11.960000,0.007362,-0.012310,-0.013252,0.999809,155.591721,421.365265,107.981102
1197,11.970000,0.007306,-0.012431,-0.012913,0.999813,155.609009,421.368866,107.982483
1198,11.980000,0.007272,-0.012134,-0.013332,0.999811,155.642242,421.374908,107.983643
1199,11.990000,0.007287,-0.012127,-0.013371,0.999811,155.650024,421.376709,107.985344
1200,12.000000,0.007306,-0.012381,-0.013001,0.999812,155.633606,421.374908,107.985176
1201,12.010000,0.007303,-0.012460,-0.012917,0.999812,155.627945,421.374725,107.984261
1202,12.020000,0.007296,-0.012486,-0.012865,0.999813,155.625107,421.373505,107.984077
1203,12.030000,0.007296,-0.012491,-0.012830,0.999813,155.620468,421.373627,107.985641
1204,12.040000,0.007292,-0.012468,-0.012809,0.999814,155.614731,421.371582,107.987106
1205,12.050000,0.007292,-0.012443,-0.012845,0.999813,155.607269,421.370178,107.986847
1206,12.060000,0.007353,-0.012347,-0.013187,0.999810,155.595398,421.367706,107.982872
1207,12.070000,0.007323,-0.012362,-0.013369,0.999807,155.578110,421.370453,107.985344
1208,12.080000,0.007358,-0.012314,-0.013282,0.999809,155.584030,421.366180,107.982643
1209,12.090000,0.007366,-0.012307,-0.013248,0.999809,155.582657,421.364014,107.982529
1210,12.100000,0.007325,-0.012361,-0.013346,0.999808,155.571808,421.368469,107.985680
1211,12.110000,0.007358,-0.012316,-0.013173,0.999810,155.584137,421.363770,107.985886
1212,12.120000,0.007314,-0.012433,-0.012862,0.999813,155.588882,421.365997,107.986458
1213,12.130000,0.007298,-0.012448,-0.012827,0.999814,155.594193,421.367706,107.985161
1214,12.140000,0.007305,-0.012454,-0.012848,0.999813,155.598541,421.366913,107.984100
1215,12.150000,0.007302,-0.012467,-0.012832,0.999813,155.604767,421.369263,107.983482
1216,12.160000,0.007291,-0.012448,-0.012866,0.999813,155.614075,421.372253,107.983109
1217,12.170000,0.007297,-0.012449,-0.012872,0.999813,155.620926,421.372589,107.984207
1218,12.180000,0.007294,-0.012452,-0.012859,0.999813,155.626617,421.374146,107.986214
1219,12.190000,0.007299,-0.012451,-0.012879,0.999813,155.628860,421.374725,107.985985
1220,12.200000,0.007282,-0.012144,-0.013339,0.999811,155.648193,421.375549,107.985085
1221,12.210000,0.007299,-0.012387,-0.012986,0.999812,155.621994,421.370880,107.983360
1222,12.220000,0.007302,-0.012437,-0.012887,0.999813,155.612289,421.369141,107.981834
1223,12.230000,0.007299,-0.012423,-0.012908,0.999813,155.600662,421.368652,107.981133
1224,12.240000,0.007355,-0.012321,-0.013204,0.999810,155.586502,421.365601,107.981133
1225,12.250000,0.007367,-0.012296,-0.013212,0.999810,155.578201,421.363495,107.985046
1226,12.260000,0.007321,-0.012353,-0.013334,0.999808,155.561432,421.368103,107.987289
1227,12.270000,0.007362,-0.012256,-0.013398,0.999808,155.569061,421.365723,107.983948
1228,12.280000,0.007359,-0.012304,-0.013229,0.999810,155.575272,421.363770,107.983238
1229,12.290000,0.007311,-0.012413,-0.012897,0.999813,155.586426,421.365204,107.984070
1230,12.300000,0.007298,-0.012449,-0.012823,0.999814,155.598221,421.367004,107.983192
1231,12.310000,0.007293,-0.012454,-0.012835,0.999813,155.611176,421.370728,107.983498
1232,12.320000,0.007296,-0.012466,-0.012836,0.999813,155.622787,421.372955,107.985237
1233,12.330000,0.007288,-0.012149,-0.013349,0.999811,155.654480,421.377350,107.986969
1234,12.340000,0.007282,-0.012140,-0.013361,0.999811,155.659668,421.377594,107.986786
1235,12.350000,0.007297,-0.012435,-0.012918,0.999813,155.637085,421.373840,107.985565
1236,12.360000,0.007293,-0.012451,-0.012865,0.999813,155.625854,421.371490,107.985512
1237,12.370000,0.007294,-0.012452,-0.012858,0.999813,155.614197,421.370056,107.984070
1238,12.380000,0.007297,-0.012454,-0.012863,0.999813,155.601227,421.369843,107.983330
1239,12.390000,0.007301,-0.012422,-0.012882,0.999813,155.590332,421.367126,107.982964
1240,12.400000,0.007356,-0.012332,-0.013173,0.999810,155.576141,421.364227,107.980957
1241,12.410000,0.007311,-0.012364,-0.013329,0.999808,155.561203,421.368134,107.982971
1242,12.420000,0.007360,-0.012309,-0.013213,0.999810,155.569778,421.361542,107.981712
1243,12.430000,0.007320,-0.012338,-0.013363,0.999808,155.565414,421.367432,107.984543
1244,12.440000,0.007317,-0.012368,-0.013312,0.999808,155.573715,421.368347,107.985352
1245,12.450000,0.007300,-0.012444,-0.012887,0.999813,155.597122,421.367798,107.983421
1246,12.460000,0.007301,-0.012423,-0.012893,0.999813,155.611115,421.370758,107.983231
1247,12.470000,0.007298,-0.012458,-0.012842,0.999813,155.619186,421.371857,107.983704
1248,12.480000,0.007297,-0.012458,-0.012845,0.999813,155.626358,421.372528,107.984612
1249,12.490000,0.007298,-0.012493,-0.012801,0.999813,155.625198,421.370667,107.985397
1250,12.500000,0.007295,-0.012483,-0.012797,0.999814,155.622925,421.370026,107.986427
1251,12.510000,0.007302,-0.012465,-0.012862,0.999813,155.617950,421.371338,107.986168
1252,12.520000,0.007301,-0.012447,-0.012870,0.999813,155.611465,421.371582,107.985558
1253,12.530000,0.007297,-0.012453,-0.012860,0.999813,155.603973,421.370117,107.984711
1254,12.540000,0.007349,-0.012344,-0.013143,0.999810,155.593903,421.366913,107.982162
1255,12.550000,0.007294,-0.012416,-0.012876,0.999813,155.592453,421.366608,107.982689
1256,12.560000,0.007340,-0.012289,-0.013216,0.999810,155.586349,421.364655,107.980293
1257,12.570000,0.007257,-0.012470,-0.013008,0.999811,155.578156,421.370483,107.983917
1258,12.580000,0.007288,-0.012445,-0.012872,0.999813,155.588898,421.367462,107.982010
1259,12.590000,0.007293,-0.012411,-0.012891,0.999813,155.592865,421.366730,107.982780
1260,12.600000,0.007359,-0.012299,-0.013239,0.999810,155.596039,421.365845,107.980621
1261,12.610000,0.007305,-0.012401,-0.012949,0.999813,155.601425,421.368835,107.982399
1262,12.620000,0.007295,-0.012433,-0.012885,0.999813,155.605850,421.369019,107.983192
1263,12.630000,0.007294,-0.012470,-0.012830,0.999813,155.606415,421.369415,107.984520
1264,12.640000,0.007305,-0.012480,-0.012821,0.999813,155.605637,421.367767,107.986206
1265,12.650000,0.007304,-0.012471,-0.012820,0.999813,155.608185,421.368195,107.987389
1266,12.660000,0.007300,-0.012473,-0.012848,0.999813,155.609116,421.371429,107.986870
1267,12.670000,0.007298,-0.012456,-0.012852,0.999813,155.610229,421.370605,107.985878
1268,12.680000,0.007289,-0.012448,-0.012842,0.999813,155.612808,421.371002,107.985298
1269,12.690000,0.007289,-0.012453,-0.012827,0.999814,155.612259,421.370178,107.984512
1270,12.700000,0.007286,-0.012445,-0.012833,0.999814,155.612228,421.370026,107.983109
1271,12.710000,0.007293,-0.012416,-0.012920,0.999813,155.610428,421.370819,107.981506
1272,12.720000,0.007292,-0.012399,-0.012935,0.999813,155.607910,421.370087,107.981178
1273,12.730000,0.007304,-0.012417,-0.012929,0.999813,155.605469,421.369141,107.980621
1274,12.740000,0.007361,-0.012320,-0.013240,0.999809,155.595779,421.365814,107.979675
1275,12.750000,0.007355,-0.012297,-0.013240,0.999810,155.591217,421.364227,107.981537
1276,12.760000,0.007323,-0.012359,-0.013346,0.999808,155.575806,421.367981,107.985191
1277,12.770000,0.007356,-0.012311,-0.013211,0.999810,155.584259,421.364288,107.983223
1278,12.780000,0.007303,-0.012410,-0.012882,0.999813,155.586456,421.365295,107.984489
1279,12.790000,0.007349,-0.012325,-0.013153,0.999811,155.585205,421.365540,107.983337
1280,12.800000,0.007298,-0.012424,-0.012873,0.999813,155.592453,421.368439,107.985168
1281,12.810000,0.007285,-0.012444,-0.012828,0.999814,155.601730,421.370026,107.984367
1282,12.820000,0.007279,-0.012469,-0.012777,0.999814,155.611847,421.369080,107.984489
1283,12.830000,0.007283,-0.012462,-0.012788,0.999814,155.622513,421.371124,107.984741
1284,12.840000,0.007291,-0.012482,-0.012830,0.999813,155.626953,421.373169,107.982819
1285,12.850000,0.007289,-0.012444,-0.012897,0.999813,155.630554,421.373749,107.981667
1286,12.860000,0.007279,-0.012123,-0.013357,0.999811,155.651443,421.377289,107.983047
1287,12.870000,0.007277,-0.012105,-0.013348,0.999811,155.645050,421.375092,107.982185
1288,12.880000,0.007347,-0.012291,-0.013219,0.999810,155.609085,421.366272,107.979080
1289,12.890000,0.007343,-0.012297,-0.013180,0.999811,155.591156,421.364227,107.979866
1290,12.900000,0.007308,-0.012344,-0.013308,0.999809,155.564972,421.366974,107.984077
1291,12.910000,0.007360,-0.012267,-0.013226,0.999810,155.565933,421.360901,107.982994
1292,12.920000,0.007356,-0.012274,-0.013198,0.999811,155.564194,421.363342,107.982864
1293,12.930000,0.007356,-0.012339,-0.013141,0.999811,155.566101,421.363678,107.981575
1294,12.940000,0.007291,-0.012425,-0.012819,0.999814,155.582123,421.364868,107.982422
1295,12.950000,0.007270,-0.012450,-0.012734,0.999815,155.601715,421.366241,107.981331
1296,12.960000,0.007277,-0.012131,-0.013348,0.999811,155.645874,421.377777,107.982712
1297,12.970000,0.007256,-0.012110,-0.013341,0.999811,155.662430,421.384033,107.977005
1298,12.980000,0.007247,-0.012148,-0.013427,0.999810,155.675461,421.374420,107.976379
1299,12.990000,0.007392,-0.011442,-0.013850,0.999811,155.717178,421.364960,107.987984
1300,13.000000,0.007266,-0.011969,-0.013371,0.999813,155.669464,421.374207,107.979248
1301,13.010000,0.007337,-0.011895,-0.013695,0.999809,155.649261,421.366272,107.973061
1302,13.020000,0.007272,-0.012322,-0.012891,0.999815,155.604431,421.368408,107.976631
1303,13.030000,0.007280,-0.012324,-0.012869,0.999815,155.583969,421.367523,107.974808
1304,13.040000,0.007330,-0.012282,-0.013104,0.999812,155.553497,421.357849,107.974739
1305,13.050000,0.007394,-0.011518,-0.013695,0.999813,155.593063,421.354309,107.985748
1306,13.060000,0.007347,-0.012139,-0.013181,0.999812,155.555176,421.355621,107.977615
1307,13.070000,0.007257,-0.012346,-0.012675,0.999817,155.567047,421.358612,107.975212
1308,13.080000,0.007248,-0.012398,-0.012655,0.999817,155.586655,421.362061,107.971115
1309,13.090000,0.007272,-0.012412,-0.012759,0.999815,155.609818,421.367157,107.971252
1310,13.100000,0.007211,-0.012124,-0.013323,0.999812,155.661041,421.375916,107.964798
1311,13.110000,0.007326,-0.011376,-0.013922,0.999812,155.726807,421.365295,107.977211
1312,13.120000,0.007222,-0.012080,-0.013378,0.999811,155.679581,421.377258,107.966179
1313,13.130000,0.007218,-0.012107,-0.013196,0.999814,155.667633,421.376587,107.967896
1314,13.140000,0.007224,-0.012136,-0.013158,0.999814,155.645370,421.370361,107.967873
1315,13.150000,0.007238,-0.012394,-0.012735,0.999816,155.607910,421.369690,107.967354
1316,13.160000,0.007297,-0.012328,-0.013008,0.999813,155.579590,421.365265,107.967400
1317,13.170000,0.007248,-0.012384,-0.012676,0.999817,155.569946,421.362030,107.971214
1318,13.180000,0.007294,-0.012310,-0.012914,0.999814,155.559509,421.360901,107.969337
1319,13.190000,0.007308,-0.012276,-0.012982,0.999814,155.559555,421.359467,107.969879
1320,13.200000,0.007249,-0.012351,-0.012731,0.999816,155.569366,421.360962,107.968170
1321,13.210000,0.007252,-0.012362,-0.012714,0.999816,155.584808,421.361145,107.968292
1322,13.220000,0.007237,-0.012031,-0.013243,0.999814,155.627197,421.369019,107.968430
1323,13.230000,0.007238,-0.012038,-0.013275,0.999813,155.644882,421.371155,107.968437
1324,13.240000,0.007247,-0.012054,-0.013285,0.999813,155.652344,421.371460,107.969070
1325,13.250000,0.007242,-0.012040,-0.013269,0.999813,155.654877,421.375244,107.970566
1326,13.260000,0.007241,-0.012051,-0.013216,0.999814,155.645187,421.371094,107.970444
1327,13.270000,0.007228,-0.012073,-0.013155,0.999814,155.631378,421.368195,107.970222
1328,13.280000,0.007239,-0.012343,-0.012735,0.999817,155.599442,421.366180,107.969284
1329,13.290000,0.007250,-0.012407,-0.012669,0.999816,155.585342,421.364288,107.969292
1330,13.300000,0.007245,-0.012407,-0.012668,0.999817,155.580200,421.365082,107.969025
1331,13.310000,0.007244,-0.012394,-0.012675,0.999817,155.583023,421.365204,107.971169
1332,13.320000,0.007248,-0.012368,-0.012708,0.999816,155.588730,421.366119,107.970207
1333,13.330000,0.007221,-0.012045,-0.013176,0.999815,155.622116,421.368927,107.968956
1334,13.340000,0.007230,-0.012036,-0.013246,0.999814,155.631638,421.368958,107.966644
1335,13.350000,0.007241,-0.012033,-0.013281,0.999813,155.638367,421.370514,107.966560
1336,13.360000,0.007239,-0.012040,-0.013281,0.999813,155.641708,421.370667,107.967850
1337,13.370000,0.007241,-0.012065,-0.013280,0.999813,155.637680,421.370300,107.968346
1338,13.380000,0.007246,-0.012048,-0.013268,0.999813,155.632401,421.370422,107.969490
1339,13.390000,0.007242,-0.012071,-0.013196,0.999814,155.619919,421.366730,107.969910
1340,13.400000,0.007250,-0.012349,-0.012779,0.999816,155.586548,421.364044,107.968834
1341,13.410000,0.007242,-0.012407,-0.012662,0.999817,155.574646,421.362946,107.968941
1342,13.420000,0.007308,-0.012263,-0.013027,0.999813,155.568665,421.359924,107.971123
1343,13.430000,0.007254,-0.012369,-0.012722,0.999816,155.579803,421.364868,107.972504
1344,13.440000,0.007241,-0.012391,-0.012681,0.999817,155.589737,421.366241,107.972168
1345,13.450000,0.007243,-0.012406,-0.012671,0.999816,155.602737,421.365601,107.970001
1346,13.460000,0.007227,-0.012066,-0.013198,0.999814,155.639954,421.372955,107.970688
1347,13.470000,0.007231,-0.012087,-0.013209,0.999814,155.648895,421.372284,107.966782
1348,13.480000,0.007233,-0.012058,-0.013258,0.999813,155.654892,421.371704,107.966797
1349,13.490000,0.007236,-0.012070,-0.013245,0.999813,155.653519,421.371857,107.968102
1350,13.500000,0.007241,-0.012090,-0.013220,0.999813,155.646194,421.371185,107.969276
1351,13.510000,0.007239,-0.012062,-0.013254,0.999813,155.631454,421.370728,107.968765
1352,13.520000,0.007255,-0.012332,-0.012823,0.999815,155.595001,421.365479,107.969055
1353,13.530000,0.007258,-0.012345,-0.012759,0.999816,155.577667,421.362274,107.970650
1354,13.540000,0.007304,-0.012278,-0.013010,0.999813,155.563354,421.358521,107.968880
1355,13.550000,0.007306,-0.012250,-0.013050,0.999813,155.560806,421.358368,107.968765
1356,13.560000,0.007305,-0.012237,-0.013053,0.999813,155.567383,421.359375,107.970169
1357,13.570000,0.007255,-0.012339,-0.012758,0.999816,155.580612,421.362946,107.970848
1358,13.580000,0.007312,-0.012268,-0.013084,0.999812,155.590225,421.363770,107.967659
1359,13.590000,0.007238,-0.012050,-0.013233,0.999814,155.635452,421.372070,107.969910
1360,13.600000,0.007237,-0.012067,-0.013233,0.999813,155.645706,421.371490,107.970543
1361,13.610000,0.007238,-0.012090,-0.013198,0.999814,155.653336,421.368530,107.970543
1362,13.620000,0.007240,-0.012090,-0.013221,0.999813,155.654694,421.370636,107.971840
1363,13.630000,0.007250,-0.012057,-0.013296,0.999813,155.647842,421.374817,107.971031
1364,13.640000,0.007236,-0.012051,-0.013252,0.999813,155.635361,421.369995,107.972221
1365,13.650000,0.007266,-0.012322,-0.012874,0.999815,155.603806,421.366760,107.972954
1366,13.660000,0.007243,-0.012398,-0.012729,0.999816,155.588287,421.372101,107.971832
1367,13.670000,0.007309,-0.012270,-0.013073,0.999813,155.572952,421.358521,107.966728
1368,13.680000,0.007314,-0.012226,-0.013090,0.999813,155.571671,421.356903,107.969986
1369,13.690000,0.007267,-0.012353,-0.012797,0.999815,155.576370,421.361359,107.971443
1370,13.700000,0.007325,-0.012223,-0.013229,0.999811,155.583023,421.364227,107.963486
1371,13.710000,0.007271,-0.011939,-0.013567,0.999810,155.618225,421.367371,107.964264
1372,13.720000,0.007257,-0.012028,-0.013299,0.999813,155.639206,421.370331,107.971100
1373,13.730000,0.007218,-0.012117,-0.013304,0.999812,155.651276,421.376007,107.967552
1374,13.740000,0.007216,-0.012072,-0.013212,0.999814,155.648666,421.371460,107.967941
1375,13.750000,0.007258,-0.012073,-0.013232,0.999813,155.640778,421.365448,107.976120
1376,13.760000,0.007267,-0.012330,-0.012764,0.999816,155.612839,421.366486,107.981728
1377,13.770000,0.007260,-0.012124,-0.013174,0.999813,155.616898,421.367798,107.974777
1378,13.780000,0.007243,-0.012401,-0.012686,0.999816,155.584946,421.362457,107.974976
1379,13.790000,0.007259,-0.012413,-0.012616,0.999817,155.576874,421.361267,107.975174
1380,13.800000,0.007256,-0.012401,-0.012630,0.999817,155.574799,421.365326,107.976532
1381,13.810000,0.007214,-0.012462,-0.012544,0.999818,155.573685,421.364227,107.965446
1382,13.820000,0.007248,-0.012402,-0.012638,0.999817,155.585541,421.362671,107.971542
1383,13.830000,0.007258,-0.012397,-0.012669,0.999817,155.598846,421.362732,107.973694
1384,13.840000,0.007245,-0.012053,-0.013321,0.999812,155.639877,421.371643,107.965767
1385,13.850000,0.007188,-0.012068,-0.013361,0.999812,155.655228,421.371704,107.958305
1386,13.860000,0.007241,-0.011966,-0.013382,0.999813,155.659683,421.371643,107.964417
1387,13.870000,0.007206,-0.012057,-0.013418,0.999811,155.660065,421.375763,107.959518
1388,13.880000,0.007197,-0.012010,-0.013345,0.999813,155.644623,421.375214,107.956421
1389,13.890000,0.007216,-0.012037,-0.013261,0.999814,155.627182,421.372040,107.962372
1390,13.900000,0.007250,-0.012337,-0.012767,0.999816,155.593109,421.360962,107.972748
1391,13.910000,0.007316,-0.012313,-0.012998,0.999813,155.575485,421.356781,107.975365
1392,13.920000,0.007263,-0.012439,-0.012775,0.999815,155.573776,421.371124,107.969490
1393,13.930000,0.007239,-0.012422,-0.012631,0.999817,155.571777,421.367432,107.976219
1394,13.940000,0.007348,-0.012292,-0.013019,0.999813,155.574463,421.353638,107.973244
1395,13.950000,0.007252,-0.012334,-0.012739,0.999816,155.584015,421.364166,107.974121
1396,13.960000,0.007213,-0.012058,-0.013176,0.999814,155.622772,421.366669,107.960831
1397,13.970000,0.007230,-0.012040,-0.013141,0.999815,155.632492,421.363190,107.973785
1398,13.980000,0.007239,-0.012097,-0.013154,0.999814,155.641388,421.369904,107.969673
1399,13.990000,0.007248,-0.012086,-0.013258,0.999813,155.642075,421.374023,107.971939
1400,14.000000,0.007226,-0.012110,-0.013154,0.999814,155.637100,421.370117,107.970810
1401,14.010000,0.007281,-0.012361,-0.012766,0.999816,155.613953,421.365479,107.982048
1402,14.020000,0.007248,-0.012130,-0.013123,0.999814,155.622284,421.367340,107.973534
1403,14.030000,0.007205,-0.012095,-0.013093,0.999815,155.613113,421.360809,107.966660
1404,14.040000,0.007315,-0.012245,-0.013128,0.999812,155.582901,421.358948,107.958000
1405,14.050000,0.007245,-0.012314,-0.012849,0.999815,155.581375,421.365723,107.962830
1406,14.060000,0.007283,-0.011876,-0.013695,0.999809,155.605652,421.366425,107.954948
1407,14.070000,0.007239,-0.012328,-0.012842,0.999815,155.591080,421.368835,107.967178
1408,14.080000,0.007250,-0.012408,-0.012683,0.999816,155.600418,421.368317,107.971764
1409,14.090000,0.007335,-0.012309,-0.013001,0.999813,155.601181,421.354370,107.980385
1410,14.100000,0.007238,-0.012082,-0.013160,0.999814,155.628769,421.361938,107.971085
1411,14.110000,0.007242,-0.012069,-0.013269,0.999813,155.631042,421.366974,107.971123
1412,14.120000,0.007241,-0.012070,-0.013180,0.999814,155.631790,421.365570,107.968361
1413,14.130000,0.007218,-0.012102,-0.013126,0.999815,155.630295,421.372253,107.967606
1414,14.140000,0.007245,-0.012392,-0.012721,0.999816,155.607376,421.370667,107.967316
1415,14.150000,0.007247,-0.012420,-0.012626,0.999817,155.601074,421.366241,107.976074
1416,14.160000,0.007262,-0.012411,-0.012614,0.999817,155.594818,421.358398,107.978569
1417,14.170000,0.007327,-0.012313,-0.013021,0.999813,155.582794,421.355804,107.976524
1418,14.180000,0.007244,-0.012399,-0.012697,0.999816,155.583420,421.360413,107.971069
1419,14.190000,0.007249,-0.012364,-0.012753,0.999816,155.583374,421.361603,107.968407
1420,14.200000,0.007229,-0.012378,-0.012689,0.999817,155.588470,421.367950,107.967194
1421,14.210000,0.007237,-0.012369,-0.012733,0.999816,155.592484,421.368988,107.962143
1422,14.220000,0.007217,-0.012058,-0.013169,0.999815,155.621872,421.368591,107.967110
1423,14.230000,0.007231,-0.012055,-0.013242,0.999813,155.627045,421.367188,107.965538
1424,14.240000,0.007304,-0.011960,-0.013599,0.999809,155.623062,421.362732,107.968079
1425,14.250000,0.007248,-0.012057,-0.013342,0.999812,155.628113,421.366730,107.965202
1426,14.260000,0.007252,-0.012305,-0.012886,0.999815,155.611679,421.366821,107.968925
1427,14.270000,0.007235,-0.012096,-0.013188,0.999814,155.630508,421.371552,107.968239
1428,14.280000,0.007227,-0.012358,-0.012733,0.999816,155.611664,421.370544,107.966515
1429,14.290000,0.007208,-0.012127,-0.013076,0.999815,155.626053,421.369812,107.965797
1430,14.300000,0.007230,-0.012363,-0.012702,0.999817,155.600922,421.365356,107.969749
1431,14.310000,0.007249,-0.012417,-0.012666,0.999816,155.594116,421.362610,107.971542
1432,14.320000,0.007257,-0.012418,-0.012689,0.999816,155.591537,421.360413,107.975098
1433,14.330000,0.007277,-0.012439,-0.012665,0.999816,155.588959,421.359497,107.978653
1434,14.340000,0.007342,-0.012333,-0.013043,0.999812,155.592529,421.363770,107.974022
1435,14.350000,0.007249,-0.012404,-0.012703,0.999816,155.596344,421.366852,107.973770
1436,14.360000,0.007232,-0.012095,-0.013129,0.999815,155.621384,421.362061,107.967186
1437,14.370000,0.007239,-0.012330,-0.012728,0.999817,155.598862,421.365143,107.974205
1438,14.380000,0.007240,-0.012354,-0.012785,0.999816,155.594818,421.364380,107.958939
1439,14.390000,0.007265,-0.012302,-0.013199,0.999811,155.571915,421.356293,107.974716
1440,14.400000,0.007340,-0.012225,-0.013171,0.999812,155.595322,421.360748,107.967094
1441,14.410000,0.007268,-0.012346,-0.012791,0.999816,155.596390,421.366394,107.977150
1442,14.420000,0.007227,-0.012096,-0.013216,0.999813,155.622726,421.365631,107.959953
1443,14.430000,0.007207,-0.012066,-0.013158,0.999815,155.621521,421.368256,107.970543
1444,14.440000,0.007225,-0.012033,-0.013223,0.999814,155.628250,421.369934,107.962494
1445,14.450000,0.007213,-0.012067,-0.013188,0.999814,155.624756,421.366241,107.963890
1446,14.460000,0.007211,-0.012061,-0.013199,0.999814,155.634171,421.368683,107.960541
1447,14.470000,0.007251,-0.012040,-0.013249,0.999813,155.637314,421.371307,107.975334
1448,14.480000,0.007262,-0.012368,-0.012744,0.999816,155.617508,421.365906,107.974525
1449,14.490000,0.007234,-0.012137,-0.013139,0.999814,155.630157,421.368103,107.971817
1450,14.500000,0.007243,-0.012379,-0.012675,0.999817,155.606308,421.364929,107.975548
1451,14.510000,0.007263,-0.012378,-0.012712,0.999816,155.596436,421.360718,107.971848
1452,14.520000,0.007240,-0.012385,-0.012623,0.999817,155.583008,421.359985,107.970802
1453,14.530000,0.007266,-0.012305,-0.013208,0.999811,155.563568,421.365173,107.962784
1454,14.540000,0.007251,-0.012358,-0.012675,0.999817,155.572311,421.361328,107.974915
1455,14.550000,0.007250,-0.012406,-0.012625,0.999817,155.576889,421.360138,107.968620
1456,14.560000,0.007242,-0.012428,-0.012594,0.999817,155.578323,421.360657,107.971710
1457,14.570000,0.007229,-0.012080,-0.013183,0.999814,155.611557,421.366882,107.968315
1458,14.580000,0.007257,-0.012341,-0.012755,0.999816,155.598770,421.360535,107.972618
1459,14.590000,0.007234,-0.012072,-0.013239,0.999813,155.629990,421.365845,107.965401
1460,14.600000,0.007196,-0.012051,-0.013361,0.999812,155.648315,421.373535,107.960861
1461,14.610000,0.007196,-0.012074,-0.013355,0.999812,155.651932,421.373108,107.958298
1462,14.620000,0.007212,-0.012040,-0.013250,0.999814,155.648697,421.372345,107.963020
1463,14.630000,0.007212,-0.012081,-0.013181,0.999814,155.640854,421.371826,107.963203
1464,14.640000,0.007225,-0.012073,-0.013175,0.999814,155.633606,421.368835,107.968651
1465,14.650000,0.007251,-0.012363,-0.012733,0.999816,155.602417,421.361938,107.972343
1466,14.660000,0.007323,-0.012310,-0.013006,0.999813,155.589737,421.358887,107.972382
1467,14.670000,0.007252,-0.012408,-0.012692,0.999816,155.584595,421.362305,107.970657
1468,14.680000,0.007291,-0.012296,-0.012949,0.999814,155.580215,421.360779,107.966621
1469,14.690000,0.007236,-0.012357,-0.012677,0.999817,155.581329,421.361725,107.967972
1470,14.700000,0.007231,-0.012385,-0.012636,0.999817,155.582504,421.361938,107.966835
1471,14.710000,0.007298,-0.012245,-0.013029,0.999813,155.581757,421.359711,107.968056
1472,14.720000,0.007257,-0.012356,-0.012732,0.999816,155.589905,421.359344,107.972603
1473,14.730000,0.007268,-0.012405,-0.012684,0.999816,155.594269,421.359283,107.974297
1474,14.740000,0.007262,-0.012437,-0.012697,0.999816,155.596634,421.361633,107.970352
1475,14.750000,0.007230,-0.012075,-0.013199,0.999814,155.624069,421.368286,107.967369
1476,14.760000,0.007226,-0.012075,-0.013203,0.999814,155.628265,421.370026,107.965927
1477,14.770000,0.007216,-0.012071,-0.013162,0.999814,155.631638,421.369904,107.964920
1478,14.780000,0.007216,-0.012054,-0.013203,0.999814,155.632034,421.369904,107.964111
1479,14.790000,0.007226,-0.012026,-0.013241,0.999814,155.632141,421.368439,107.966660
1480,14.800000,0.007247,-0.012337,-0.012811,0.999816,155.608887,421.365082,107.968117
1481,14.810000,0.007236,-0.012062,-0.013236,0.999813,155.627197,421.368164,107.968765
1482,14.820000,0.007231,-0.012038,-0.013261,0.999813,155.624634,421.368225,107.968376
1483,14.830000,0.007240,-0.012353,-0.012762,0.999816,155.601669,421.364105,107.968414
1484,14.840000,0.007239,-0.012391,-0.012673,0.999817,155.596359,421.363373,107.969368
1485,14.850000,0.007238,-0.012388,-0.012659,0.999817,155.592010,421.362976,107.968925
1486,14.860000,0.007228,-0.012073,-0.013166,0.999814,155.610184,421.366058,107.971298
1487,14.870000,0.007253,-0.012318,-0.012805,0.999816,155.590591,421.361633,107.972359
1488,14.880000,0.007310,-0.012282,-0.013019,0.999813,155.584793,421.359039,107.969940
1489,14.890000,0.007256,-0.012371,-0.012732,0.999816,155.590836,421.361359,107.971352
1490,14.900000,0.007238,-0.012085,-0.013152,0.999814,155.615463,421.365723,107.972755
1491,14.910000,0.007244,-0.012374,-0.012721,0.999816,155.597137,421.363190,107.971474
1492,14.920000,0.007229,-0.012045,-0.013213,0.999814,155.621872,421.366852,107.969688
1493,14.930000,0.007228,-0.012035,-0.013275,0.999813,155.623169,421.367310,107.967834
1494,14.940000,0.007233,-0.012056,-0.013266,0.999813,155.625015,421.368134,107.967102
1495,14.950000,0.007233,-0.012027,-0.013318,0.999813,155.628677,421.369995,107.967850
1496,14.960000,0.007238,-0.012086,-0.013248,0.999813,155.628464,421.369110,107.968582
1497,14.970000,0.007253,-0.012368,-0.012822,0.999815,155.608307,421.365845,107.970642
1498,14.980000,0.007260,-0.012411,-0.012743,0.999815,155.605392,421.364410,107.972939
1499,14.990000,0.007239,-0.012091,-0.013206,0.999813,155.627533,421.366791,107.972778
1500,15.000000,0.007291,-0.011951,-0.013563,0.999810,155.621323,421.365540,107.970215
