Format Version,1.24,Take Name,Finger_018,Take Notes,,Capture Frame Rate,100.000000,Export Frame Rate,100.000000,Capture Start Time,2025-08-03 04.26.41.825 午後,Capture Start Frame,409797,Total Frames in Take,601,Total Exported Frames,601,Rotation Type,Quaternion,Length Units,Millimeters,Coordinate Space,Local

,Type,Rigid Body,Rigid Body,Rigid Body,Rigid Body,Rigid Body,Rigid Body,Rigid Body,Rigid Body,Rigid Body,Rigid Body,Rigid Body,Rigid Body,Rigid Body,Rigid Body,Rigid Body,Rigid Body,Rigid Body,Rigid Body,Rigid Body,Rigid Body,Rigid Body,Rigid Body,Rigid Body,Rigid Body,Rigid Body,Rigid Body,Rigid Body,Rigid Body,Rigid Body,Rigid Body,Rigid Body,Rigid Body,Rigid Body,Rigid Body,Rigid Body
,Name,Lunate,Lunate,Lunate,Lunate,Lunate,Lunate,Lunate,Scafoid,Scafoid,Scafoid,Scafoid,Scafoid,Scafoid,Scafoid,ForceGage,ForceGage,ForceGage,ForceGage,ForceGage,ForceGage,ForceGage,Radius,Radius,Radius,Radius,Radius,Radius,Radius,Capitate,Capitate,Capitate,Capitate,Capitate,Capitate,Capitate
,ID,4C6F3CA668EE11F03C28FEC2583C50A9,4C6F3CA668EE11F03C28FEC2583C50A9,4C6F3CA668EE11F03C28FEC2583C50A9,4C6F3CA668EE11F03C28FEC2583C50A9,4C6F3CA668EE11F03C28FEC2583C50A9,4C6F3CA668EE11F03C28FEC2583C50A9,4C6F3CA668EE11F03C28FEC2583C50A9,8259AD1D68EE11F03C28FEC2583C50A9,8259AD1D68EE11F03C28FEC2583C50A9,8259AD1D68EE11F03C28FEC2583C50A9,8259AD1D68EE11F03C28FEC2583C50A9,8259AD1D68EE11F03C28FEC2583C50A9,8259AD1D68EE11F03C28FEC2583C50A9,8259AD1D68EE11F03C28FEC2583C50A9,5A5084686DA011F03C28FEC2583C50A9,5A5084686DA011F03C28FEC2583C50A9,5A5084686DA011F03C28FEC2583C50A9,5A5084686DA011F03C28FEC2583C50A9,5A5084686DA011F03C28FEC2583C50A9,5A5084686DA011F03C28FEC2583C50A9,5A5084686DA011F03C28FEC2583C50A9,68F0D2CD6DA111F03C28FEC2583C50A9,68F0D2CD6DA111F03C28FEC2583C50A9,68F0D2CD6DA111F03C28FEC2583C50A9,68F0D2CD6DA111F03C28FEC2583C50A9,68F0D2CD6DA111F03C28FEC2583C50A9,68F0D2CD6DA111F03C28FEC2583C50A9,68F0D2CD6DA111F03C28FEC2583C50A9,F719E5E4703211F03C28FEC2583C50A9,F719E5E4703211F03C28FEC2583C50A9,F719E5E4703211F03C28FEC2583C50A9,F719E5E4703211F03C28FEC2583C50A9,F719E5E4703211F03C28FEC2583C50A9,F719E5E4703211F03C28FEC2583C50A9,F719E5E4703211F03C28FEC2583C50A9
,,Rotation,Rotation,Rotation,Rotation,Position,Position,Position,Rotation,Rotation,Rotation,Rotation,Position,Position,Position,Rotation,Rotation,Rotation,Rotation,Position,Position,Position,Rotation,Rotation,Rotation,Rotation,Position,Position,Position,Rotation,Rotation,Rotation,Rotation,Position,Position,Position
Frame,Time (Seconds),X,Y,Z,W,X,Y,Z,X,Y,Z,W,X,Y,Z,X,Y,Z,W,X,Y,Z,X,Y,Z,W,X,Y,Z,X,Y,Z,W,X,Y,Z
0,0.000000,-0.059361,0.031021,-0.016679,0.997615,194.638885,213.670578,-197.688019,-0.060922,0.008273,0.008600,0.998071,235.526215,208.278503,-193.780579,-0.024012,0.495327,0.005641,0.868356,100.085075,324.513336,-74.860710,0.012711,-0.045676,0.027639,0.998493,222.688919,163.511902,-176.776245,-0.074540,-0.033971,-0.003987,0.996631,217.014557,190.350098,-197.444565
1,0.010000,-0.065020,0.016107,-0.021048,0.997532,194.623444,213.670593,-197.680237,-0.060410,0.009546,0.009175,0.998086,235.498932,208.278412,-193.747253,-0.023932,0.495244,0.005722,0.868406,100.075523,324.497498,-74.896652,0.012762,-0.045544,0.027699,0.998497,222.671127,163.511169,-176.742264,-0.073878,-0.035389,-0.003312,0.996634,216.999893,190.344620,-197.436432
2,0.020000,-0.066173,0.014063,-0.021697,0.997473,194.603104,213.673035,-197.658279,-0.060166,0.009757,0.009474,0.998096,235.478668,208.284271,-193.725525,-0.023929,0.495426,0.005825,0.868301,100.053139,324.486511,-74.930382,0.012808,-0.045506,0.027739,0.998497,222.653671,163.512909,-176.722015,-0.073383,-0.035962,-0.002895,0.996651,216.984604,190.346069,-197.432800
3,0.030000,-0.065632,0.016179,-0.021449,0.997482,194.584869,213.680496,-197.627838,-0.061047,0.009463,0.009428,0.998046,235.460709,208.292358,-193.704086,-0.023824,0.495186,0.005893,0.868440,100.044449,324.480469,-75.002853,0.012740,-0.045508,0.027673,0.998499,222.639572,163.519012,-176.714401,-0.074098,-0.035000,-0.002087,0.996634,216.962372,190.348404,-197.445343
4,0.040000,,,,,,,,,,,,,,,,,,,,,,,,,,,,,,,,,,,
5,0.050000,-0.063981,0.018391,-0.020715,0.997567,194.579376,213.681549,-197.649628,-0.060554,0.009396,0.009693,0.998074,235.454529,208.294449,-193.738678,-0.023762,0.495306,0.005908,0.868373,100.103813,324.476898,-75.069466,0.012663,-0.045675,0.027668,0.998493,222.628525,163.524811,-176.748550,-0.074571,-0.033237,-0.002268,0.996659,216.955414,190.356812,-197.449234
6,0.060000,-0.064150,0.016640,-0.020813,0.997584,194.591034,213.676605,-197.695709,-0.060777,0.009429,0.009556,0.998061,235.460983,208.288620,-193.780762,-0.023937,0.495399,0.005775,0.868317,100.138466,324.477417,-75.090492,0.012751,-0.045710,0.027661,0.998490,222.639221,163.524429,-176.787216,-0.075078,-0.031519,-0.003129,0.996674,216.959503,190.358948,-197.455063
7,0.070000,-0.061083,0.029014,-0.018926,0.997531,194.585678,213.685272,-197.616180,-0.061047,0.009012,0.009266,0.998051,235.480896,208.282043,-193.821915,-0.024016,0.495498,0.005697,0.868258,100.160866,324.481384,-75.118835,0.012934,-0.045608,0.027673,0.998492,222.657074,163.516296,-176.830490,-0.074602,-0.031121,-0.004873,0.996716,216.980576,190.359619,-197.444336
8,0.080000,-0.055681,0.043808,-0.015340,0.997369,194.604218,213.687119,-197.628403,-0.061476,0.008539,0.008968,0.998032,235.513443,208.271317,-193.860519,-0.023981,0.495645,0.005755,0.868175,100.185394,324.488708,-75.136124,0.012899,-0.045447,0.027512,0.998505,222.686844,163.505676,-176.862549,-0.075433,-0.029944,-0.006048,0.996683,216.996826,190.358887,-197.450821
9,0.090000,-0.055261,0.046541,-0.014596,0.997280,194.633728,213.680862,-197.673157,-0.059694,0.014404,0.010883,0.998053,235.527649,208.255966,-193.829468,-0.024132,0.495615,0.005607,0.868189,100.197472,324.494019,-75.139923,0.012843,-0.045491,0.027421,0.998506,222.711700,163.504974,-176.888245,-0.076918,-0.027551,-0.008527,0.996620,217.032867,190.366302,-197.466965
10,0.100000,-0.055451,0.046352,-0.014638,0.997278,194.658752,213.679016,-197.701447,-0.058031,0.020304,0.012940,0.998024,235.548767,208.249344,-193.841156,-0.024069,0.495696,0.005770,0.868143,100.194229,324.498230,-75.136894,0.012766,-0.045516,0.027374,0.998507,222.732117,163.504639,-176.908142,-0.077660,-0.025510,-0.009872,0.996605,217.050568,190.366394,-197.473068
11,0.110000,-0.055530,0.045909,-0.014831,0.997291,194.680283,213.671478,-197.708603,-0.057672,0.020271,0.014037,0.998031,235.584991,208.235825,-193.871002,-0.024178,0.495691,0.005784,0.868143,100.187012,324.503540,-75.109100,0.012799,-0.045495,0.027296,0.998510,222.742188,163.498062,-176.921738,-0.078120,-0.024875,-0.010385,0.996580,217.064682,190.366699,-197.476273
12,0.120000,-0.054806,0.045957,-0.014348,0.997336,194.693649,213.680649,-197.711823,-0.057416,0.020967,0.014464,0.998025,235.594162,208.229111,-193.866730,-0.024123,0.495660,0.005804,0.868162,100.167740,324.507690,-75.073395,0.012801,-0.045520,0.027285,0.998509,222.749466,163.498459,-176.921555,-0.078323,-0.025033,-0.010391,0.996560,217.071854,190.366837,-197.477325
13,0.130000,-0.054906,0.046236,-0.014292,0.997318,194.686035,213.685013,-197.692810,-0.057141,0.021145,0.014333,0.998039,235.586105,208.239548,-193.856171,-0.024050,0.495456,0.005901,0.868280,100.129562,324.512054,-75.028938,0.012798,-0.045545,0.027290,0.998507,222.748993,163.503342,-176.907684,-0.078169,-0.025816,-0.010009,0.996556,217.067841,190.368561,-197.477463
14,0.140000,-0.055843,0.046709,-0.014518,0.997241,194.658279,213.684067,-197.673904,-0.056909,0.022112,0.013674,0.998041,235.550949,208.249939,-193.820435,-0.024074,0.495290,0.005837,0.868375,100.105446,324.518280,-74.983192,0.012865,-0.045537,0.027311,0.998506,222.728439,163.497086,-176.895096,-0.077847,-0.026916,-0.009397,0.996558,217.051682,190.368332,-197.478180
15,0.150000,-0.056526,0.047129,-0.014434,0.997184,194.623230,213.683578,-197.654984,-0.056416,0.023050,0.014087,0.998042,235.514709,208.249588,-193.796768,-0.023960,0.495178,0.005873,0.868441,100.078590,324.522278,-74.950569,0.012845,-0.045508,0.027404,0.998505,222.706039,163.497726,-176.877045,-0.076783,-0.027852,-0.007789,0.996628,217.011749,190.360855,-197.470062
16,0.160000,-0.056810,0.047119,-0.014301,0.997170,194.584412,213.680161,-197.638092,-0.058548,0.016561,0.011910,0.998076,235.491623,208.256577,-193.849731,-0.024032,0.495242,0.005805,0.868403,100.027435,324.519196,-74.880219,0.012840,-0.045619,0.027546,0.998497,222.666229,163.495377,-176.861115,-0.077563,-0.028854,-0.004858,0.996558,216.951065,190.343613,-197.485153
17,0.170000,-0.056588,0.046459,-0.014102,0.997216,194.538895,213.673904,-197.619873,-0.060822,0.009824,0.009474,0.998055,235.441635,208.256134,-193.849808,-0.023886,0.495385,0.006005,0.868324,99.994186,324.524994,-74.844406,0.012857,-0.045671,0.027635,0.998492,222.627518,163.492523,-176.843643,-0.077172,-0.029774,-0.004113,0.996565,216.918625,190.339294,-197.486145
18,0.180000,-0.056278,0.045194,-0.013537,0.997300,194.484146,213.663300,-197.605743,-0.060950,0.009272,0.009502,0.998053,235.403152,208.255768,-193.835815,-0.023809,0.495309,0.006077,0.868369,99.976059,324.531281,-74.814911,0.012895,-0.045662,0.027746,0.998488,222.591812,163.487991,-176.828293,-0.076365,-0.031024,-0.004474,0.996587,216.879944,190.331696,-197.488739
19,0.190000,-0.056560,0.044650,-0.013942,0.997303,194.441086,213.651642,-197.599136,-0.060312,0.009880,0.009645,0.998084,235.365906,208.259247,-193.834915,-0.023596,0.495100,0.006305,0.868493,99.971672,324.541107,-74.820160,0.012902,-0.045654,0.027800,0.998487,222.563293,163.486511,-176.825363,-0.075953,-0.031782,-0.004473,0.996595,216.854034,190.329971,-197.490570
20,0.200000,-0.056848,0.043063,-0.014180,0.997353,194.425629,213.648590,-197.617432,-0.060006,0.010663,0.009966,0.998091,235.353226,208.261154,-193.841156,-0.023733,0.495252,0.006229,0.868403,99.952812,324.546814,-74.778313,0.012616,-0.045683,0.027697,0.998492,222.554123,163.492706,-176.824203,-0.076034,-0.031893,-0.004558,0.996585,216.843292,190.330780,-197.493973
21,0.210000,-0.057290,0.041022,-0.014643,0.997407,194.433823,213.652191,-197.639526,-0.057414,0.018357,0.012844,0.998099,235.335083,208.250107,-193.774216,-0.023780,0.495334,0.006245,0.868355,99.940971,324.554413,-74.761223,0.012638,-0.045680,0.027671,0.998493,222.556564,163.494492,-176.840912,-0.076209,-0.031585,-0.004753,0.996580,216.844696,190.334518,-197.495377
22,0.220000,-0.057648,0.041324,-0.014719,0.997373,194.451447,213.654678,-197.669754,-0.055118,0.025775,0.015527,0.998026,235.348679,208.245926,-193.780579,-0.023815,0.495384,0.006243,0.868325,99.942200,324.560303,-74.758957,0.012581,-0.045609,0.027626,0.998498,222.570892,163.495743,-176.866287,-0.076796,-0.031103,-0.005067,0.996549,216.856735,190.337128,-197.498535
23,0.230000,-0.057576,0.042034,-0.014924,0.997344,194.483780,213.661972,-197.708313,-0.055639,0.025003,0.015054,0.998024,235.377304,208.246552,-193.821976,-0.023840,0.495444,0.006219,0.868290,99.951218,324.564850,-74.763542,0.012899,-0.045572,0.027581,0.998497,222.586380,163.487183,-176.907013,-0.077701,-0.029637,-0.005860,0.996519,216.875763,190.340836,-197.504791
24,0.240000,-0.056870,0.042699,-0.015230,0.997352,194.526993,213.665192,-197.762115,-0.057336,0.022123,0.013986,0.998012,235.422455,208.238388,-193.877991,-0.023874,0.495562,0.006214,0.868222,99.970993,324.566071,-74.773979,0.012846,-0.045543,0.027523,0.998501,222.610382,163.484756,-176.947098,-0.078758,-0.028022,-0.006764,0.996477,216.892151,190.342819,-197.514359
25,0.250000,-0.055977,0.043662,-0.014997,0.997364,194.553864,213.657425,-197.810532,-0.058177,0.020957,0.013265,0.997998,235.446625,208.228149,-193.927994,-0.023917,0.495585,0.006193,0.868208,99.999062,324.567444,-74.787193,0.012756,-0.045554,0.027504,0.998502,222.630844,163.480560,-176.981094,-0.081285,-0.025967,-0.007619,0.996323,216.900620,190.329498,-197.539017
26,0.260000,-0.054903,0.043847,-0.014620,0.997421,194.571442,213.653488,-197.852097,-0.058176,0.020974,0.014095,0.997987,235.472488,208.196945,-193.969711,-0.023966,0.495582,0.006122,0.868209,100.023567,324.566803,-74.807381,0.012715,-0.045577,0.027492,0.998502,222.640854,163.475479,-177.005905,-0.082514,-0.022863,-0.009361,0.996284,216.906326,190.322647,-197.552673
27,0.270000,-0.054750,0.045208,-0.013994,0.997378,194.566360,213.646515,-197.883377,-0.058121,0.021399,0.014367,0.997977,235.471527,208.186554,-193.994965,-0.023865,0.495636,0.006158,0.868180,100.042145,324.567413,-74.833084,0.013157,-0.045709,0.027570,0.998488,222.642303,163.473511,-177.037750,-0.083037,-0.022036,-0.010119,0.996252,216.901642,190.317886,-197.563324
28,0.280000,-0.055999,0.045652,-0.014591,0.997280,194.541458,213.634094,-197.885788,-0.058146,0.021471,0.014487,0.997972,235.456146,208.185364,-193.999359,-0.023932,0.495726,0.006163,0.868128,100.061989,324.564026,-74.854141,0.013236,-0.045757,0.027595,0.998484,222.628494,163.471893,-177.045364,-0.083128,-0.022506,-0.010230,0.996232,216.887695,190.316040,-197.571289
29,0.290000,-0.056650,0.045337,-0.014614,0.997257,194.504074,213.630356,-197.870789,-0.057192,0.021906,0.013602,0.998030,235.409332,208.202637,-193.995468,-0.023822,0.495318,0.006084,0.868364,100.077728,324.565094,-74.914368,0.012597,-0.045791,0.027533,0.998492,222.596436,163.471100,-177.022415,-0.082926,-0.024176,-0.009579,0.996216,216.865112,190.315384,-197.576050
30,0.300000,-0.056872,0.044654,-0.014514,0.997277,194.461502,213.633682,-197.846207,-0.056562,0.022160,0.012806,0.998071,235.352402,208.221436,-193.974976,-0.023815,0.495270,0.006076,0.868392,100.071838,324.560944,-74.929802,0.012553,-0.045494,0.027356,0.998511,222.549484,163.475388,-177.006531,-0.082280,-0.026576,-0.008598,0.996218,216.832855,190.315140,-197.577927
31,0.310000,-0.057111,0.044515,-0.014535,0.997269,194.418991,213.635895,-197.823700,-0.056251,0.022505,0.013460,0.998072,235.304642,208.235306,-193.949310,-0.023723,0.495365,0.006191,0.868339,100.056236,324.561371,-74.939301,0.012608,-0.045585,0.027320,0.998507,222.511078,163.478760,-176.984711,-0.081616,-0.029134,-0.007835,0.996207,216.793808,190.319336,-197.582703
32,0.320000,-0.057366,0.044698,-0.014423,0.997248,194.379211,213.638870,-197.803787,-0.058623,0.015878,0.011421,0.998089,235.268265,208.257568,-194.004181,-0.023733,0.495194,0.006149,0.868436,100.043549,324.559998,-74.937889,0.012449,-0.045636,0.027323,0.998507,222.472702,163.477127,-176.965836,-0.079623,-0.031920,-0.007040,0.996289,216.758286,190.344543,-197.579910
33,0.330000,-0.058441,0.044995,-0.015312,0.997159,194.333282,213.634262,-197.785355,-0.060565,0.009334,0.009385,0.998076,235.241226,208.256592,-194.004242,-0.023749,0.495156,0.006127,0.868458,100.034393,324.556824,-74.946899,0.012469,-0.045593,0.027426,0.998506,222.442230,163.475082,-176.952240,-0.079070,-0.033244,-0.006293,0.996295,216.731445,190.343353,-197.581940
34,0.340000,-0.058833,0.045297,-0.015465,0.997120,194.309601,213.634903,-197.782867,-0.060619,0.009022,0.009328,0.998077,235.223953,208.255615,-193.995300,-0.023751,0.495207,0.006153,0.868429,100.032387,324.548645,-74.968445,0.012485,-0.045614,0.027450,0.998504,222.424088,163.473709,-176.941071,-0.078683,-0.033584,-0.006084,0.996315,216.716568,190.340347,-197.580566
35,0.350000,-0.059058,0.045529,-0.015258,0.997099,194.303223,213.629196,-197.778854,-0.060529,0.009151,0.009382,0.998080,235.217392,208.251022,-193.992386,-0.023699,0.495364,0.006215,0.868340,100.051315,324.539001,-75.018288,0.012708,-0.045891,0.027576,0.998485,222.409790,163.466995,-176.928040,-0.078524,-0.033453,-0.006110,0.996332,216.709839,190.336685,-197.579880
36,0.360000,-0.059251,0.045408,-0.015383,0.997091,194.312836,213.628235,-197.779205,-0.060486,0.009267,0.009436,0.998081,235.227631,208.247559,-193.994781,-0.023854,0.495208,0.005967,0.868426,100.089272,324.526337,-75.103951,0.012415,-0.045566,0.027436,0.998507,222.423874,163.470505,-176.930847,-0.078445,-0.032875,-0.006294,0.996356,216.717758,190.336075,-197.577026
37,0.370000,-0.059406,0.045120,-0.015651,0.997091,194.336945,213.626175,-197.773315,-0.060629,0.009346,0.009307,0.998073,235.246887,208.248093,-193.998520,-0.023744,0.495508,0.006185,0.868257,100.158897,324.531342,-75.238792,0.012420,-0.045540,0.027414,0.998509,222.446625,163.471756,-176.935852,-0.079680,-0.031511,-0.006578,0.996301,216.727509,190.325607,-197.584961
38,0.380000,-0.058452,0.044688,-0.014808,0.997180,194.375000,213.634903,-197.783478,-0.060786,0.009013,0.008944,0.998070,235.276108,208.252380,-194.006500,-0.023892,0.495391,0.006030,0.868321,100.250702,324.544891,-75.425461,0.012441,-0.045578,0.027305,0.998510,222.472244,163.476028,-176.947021,-0.078710,-0.030926,-0.007329,0.996391,216.757385,190.341522,-197.570908
39,0.390000,-0.057306,0.044410,-0.014538,0.997262,194.404037,213.638626,-197.791138,-0.058456,0.015446,0.010815,0.998112,235.297363,208.239883,-193.942139,-0.024009,0.495649,0.005959,0.868170,100.403946,324.542969,-75.679176,0.012435,-0.045498,0.027255,0.998515,222.495712,163.479813,-176.957687,-0.078909,-0.031514,-0.006873,0.996360,216.790253,190.333420,-197.557404
40,0.400000,-0.056741,0.044085,-0.014620,0.997308,194.425720,213.645828,-197.798218,-0.056375,0.022026,0.013117,0.998081,235.316284,208.241562,-193.932312,-0.023998,0.495826,0.006155,0.868069,100.640175,324.508759,-76.117264,0.012470,-0.045327,0.027291,0.998522,222.519363,163.488007,-176.973969,-0.079258,-0.031659,-0.006782,0.996328,216.808609,190.335831,-197.554230
41,0.410000,-0.056247,0.043858,-0.014747,0.997344,194.444153,213.648361,-197.806915,-0.056437,0.022315,0.013155,0.998070,235.334015,208.243469,-193.940582,-0.024317,0.495727,0.005895,0.868118,100.930862,324.467773,-76.623642,0.012429,-0.045268,0.027246,0.998526,222.538101,163.490753,-176.982956,-0.080716,-0.030212,-0.006683,0.996257,216.822891,190.322357,-197.561356
42,0.420000,-0.055837,0.043740,-0.014833,0.997371,194.455963,213.648880,-197.812500,-0.056454,0.022698,0.013221,0.998060,235.348267,208.238098,-193.938934,-0.024260,0.495717,0.006032,0.868124,101.286972,324.472351,-77.269600,0.012381,-0.045262,0.027483,0.998520,222.556366,163.491821,-176.985092,-0.081074,-0.028700,-0.007068,0.996270,216.834045,190.321396,-197.560287
43,0.430000,-0.055842,0.043660,-0.014855,0.997374,194.459976,213.648758,-197.808762,-0.056664,0.022049,0.012860,0.998067,235.353683,208.244629,-193.944199,-0.024267,0.495674,0.005930,0.868149,101.701096,324.511658,-77.995445,0.012337,-0.045240,0.027513,0.998521,222.561371,163.492798,-176.980652,-0.079963,-0.029752,-0.006920,0.996330,216.845245,190.333694,-197.547928
44,0.440000,-0.056381,0.043708,-0.014923,0.997341,194.457794,213.647675,-197.792969,-0.057082,0.022781,0.014066,0.998011,235.361771,208.225784,-193.909348,-0.024400,0.495769,0.005949,0.868091,102.174057,324.545471,-78.825157,0.012382,-0.045284,0.027494,0.998519,222.559509,163.491379,-176.962784,-0.080968,-0.029866,-0.006532,0.996248,216.837708,190.318420,-197.556778
45,0.450000,-0.057418,0.043624,-0.015047,0.997283,194.450775,213.644562,-197.763870,-0.056465,0.024278,0.014802,0.998000,235.345581,208.227997,-193.877777,-0.024281,0.495727,0.006034,0.868118,102.763489,324.559235,-79.858147,0.012529,-0.045437,0.027406,0.998513,222.556122,163.486771,-176.931076,-0.079738,-0.031105,-0.006209,0.996311,216.842239,190.326248,-197.541763
46,0.460000,-0.057621,0.042753,-0.015297,0.997305,194.445587,213.644394,-197.719589,-0.055898,0.025195,0.015224,0.998002,235.338348,208.230667,-193.844910,-0.024262,0.495531,0.005983,0.868231,103.412582,324.550812,-80.987152,0.012497,-0.045403,0.027514,0.998512,222.550491,163.486526,-176.903427,-0.079084,-0.033410,-0.005078,0.996295,216.841812,190.326797,-197.532684
47,0.470000,-0.057807,0.042017,-0.014969,0.997331,194.433929,213.649216,-197.676987,-0.055353,0.025668,0.015434,0.998018,235.333069,208.234833,-193.806305,-0.024358,0.495544,0.006020,0.868221,104.140030,324.536957,-82.215553,0.012573,-0.045484,0.027451,0.998509,222.549789,163.485580,-176.869400,-0.078577,-0.035266,-0.004014,0.996276,216.842300,190.326080,-197.522247
48,0.480000,-0.057583,0.041107,-0.014834,0.997384,194.429916,213.651596,-197.627441,-0.054793,0.026373,0.015692,0.998026,235.328354,208.239120,-193.764786,-0.024327,0.495184,0.005896,0.868428,104.893234,324.527100,-83.560921,0.012557,-0.045415,0.027600,0.998508,222.555115,163.493317,-176.837524,-0.078071,-0.036595,-0.003093,0.996271,216.846039,190.324753,-197.511063
49,0.490000,-0.060126,0.029522,-0.017203,0.997606,194.468658,213.654892,-197.691299,-0.057373,0.019223,0.012957,0.998084,235.350357,208.257263,-193.802383,-0.024571,0.495348,0.005655,0.868329,105.701912,324.526489,-85.020859,0.012566,-0.045369,0.027542,0.998511,222.560059,163.500168,-176.807556,-0.077314,-0.037842,-0.002043,0.996286,216.855011,190.325211,-197.494141
50,0.500000,-0.063306,0.017222,-0.019681,0.997651,194.485596,213.675507,-197.662094,-0.059984,0.011254,0.009919,0.998087,235.366898,208.273010,-193.788055,-0.024559,0.495392,0.005748,0.868303,106.513626,324.550568,-86.515617,0.012568,-0.045388,0.027595,0.998509,222.567123,163.512314,-176.775543,-0.076723,-0.038930,-0.001007,0.996292,216.869156,190.328690,-197.477921
51,0.510000,-0.063065,0.016320,-0.019814,0.997679,194.503815,213.685257,-197.621552,-0.060836,0.009863,0.009893,0.998050,235.383286,208.280472,-193.752365,-0.025038,0.495054,0.005197,0.868486,107.464371,324.580566,-88.156944,0.012642,-0.045314,0.027649,0.998510,222.580887,163.520874,-176.752335,-0.076271,-0.039576,-0.000119,0.996301,216.888931,190.332596,-197.461533
52,0.520000,-0.062924,0.017114,-0.020450,0.997662,194.529633,213.701874,-197.585159,-0.061673,0.009552,0.009724,0.998003,235.395874,208.290771,-193.714249,-0.024864,0.495392,0.005583,0.868296,108.406761,324.624115,-89.810570,0.012689,-0.045058,0.027601,0.998522,222.598877,163.526840,-176.725937,-0.075964,-0.039766,0.000547,0.996317,216.908615,190.335724,-197.447083
53,0.530000,-0.062681,0.017915,-0.020489,0.997662,194.549774,213.707855,-197.561234,-0.061911,0.008630,0.009051,0.998003,235.429871,208.296021,-193.694168,-0.024827,0.495248,0.005585,0.868379,109.385376,324.676849,-91.486847,0.012727,-0.044883,0.027522,0.998532,222.620422,163.529205,-176.704758,-0.075752,-0.039649,0.000886,0.996338,216.926636,190.336777,-197.434448
54,0.540000,-0.062978,0.018428,-0.020903,0.997626,194.578552,213.713348,-197.546631,-0.061790,0.008519,0.008978,0.998013,235.456253,208.303177,-193.682022,-0.024653,0.495479,0.005741,0.868251,110.362267,324.737518,-93.137238,0.012530,-0.044785,0.027598,0.998537,222.638367,163.525024,-176.686325,-0.075409,-0.039469,0.000458,0.996371,216.959641,190.349625,-197.422775
55,0.550000,-0.062897,0.019127,-0.021018,0.997615,194.598190,213.715317,-197.539734,-0.061903,0.008230,0.008699,0.998010,235.479218,208.303970,-193.680145,-0.024676,0.495398,0.005625,0.868298,111.401558,324.798584,-94.791298,0.012880,-0.044489,0.027355,0.998552,222.664566,163.531021,-176.675873,-0.074353,-0.040129,-0.000359,0.996424,216.986954,190.351929,-197.399780
56,0.560000,-0.063155,0.018949,-0.021165,0.997599,194.615845,213.713547,-197.536575,-0.061948,0.008089,0.008279,0.998012,235.495163,208.306641,-193.685669,-0.024544,0.495616,0.005836,0.868176,112.420288,324.857910,-96.451553,0.012726,-0.044313,0.027488,0.998558,222.672516,163.525986,-176.677078,-0.074171,-0.040000,-0.000782,0.996443,216.998016,190.353043,-197.393265
57,0.570000,-0.062992,0.018842,-0.021301,0.997609,194.620850,213.713684,-197.540543,-0.062170,0.008015,0.008193,0.998000,235.502151,208.306152,-193.692200,-0.024481,0.495800,0.005773,0.868073,113.400917,324.914642,-98.104317,0.012874,-0.044301,0.027298,0.998562,222.682709,163.533096,-176.690994,-0.074195,-0.039376,-0.001018,0.996466,217.002182,190.354996,-197.390091
58,0.580000,-0.062601,0.018892,-0.021252,0.997633,194.623520,213.712189,-197.548370,-0.062386,0.007906,0.008149,0.997988,235.503510,208.302231,-193.705719,-0.024467,0.495845,0.005731,0.868047,114.342995,324.944031,-99.713249,0.012849,-0.044265,0.027296,0.998564,222.685669,163.533707,-176.706116,-0.074292,-0.038662,-0.001390,0.996486,217.002563,190.354828,-197.388962
59,0.590000,-0.061985,0.019140,-0.021072,0.997671,194.624161,213.709335,-197.561401,-0.062581,0.007771,0.008069,0.997977,235.503998,208.299316,-193.720490,-0.024642,0.495693,0.005494,0.868131,115.238930,324.963928,-101.242897,0.012769,-0.044428,0.027282,0.998558,222.687363,163.533157,-176.726578,-0.074456,-0.037854,-0.001755,0.996504,216.999451,190.356369,-197.390167
60,0.600000,-0.061365,0.019560,-0.020967,0.997703,194.617279,213.710434,-197.574509,-0.062698,0.007585,0.007970,0.997972,235.500549,208.296005,-193.733856,-0.024786,0.495761,0.005513,0.868088,116.112175,324.988586,-102.784103,0.012881,-0.044438,0.027303,0.998556,222.684021,163.531631,-176.738449,-0.074568,-0.037132,-0.002192,0.996522,216.993378,190.357117,-197.391830
61,0.610000,-0.061465,0.019954,-0.020693,0.997695,194.610062,213.707642,-197.575836,-0.062737,0.007719,0.007979,0.997968,235.497330,208.290817,-193.738663,-0.024718,0.495664,0.005618,0.868144,116.876862,325.010071,-104.207176,0.012712,-0.044634,0.027376,0.998547,222.672348,163.531250,-176.747025,-0.074573,-0.036544,-0.002443,0.996543,216.985825,190.354492,-197.391846
62,0.620000,-0.061818,0.020066,-0.020688,0.997671,194.605164,213.705368,-197.568710,-0.062725,0.007927,0.008028,0.997967,235.495422,208.283737,-193.739365,-0.024800,0.495528,0.005673,0.868219,117.654007,325.045166,-105.616112,0.012634,-0.044218,0.027389,0.998567,222.678833,163.522919,-176.723160,-0.074598,-0.036015,-0.002615,0.996560,216.981689,190.350403,-197.390472
63,0.630000,-0.062743,0.020062,-0.020659,0.997614,194.604660,213.701492,-197.544296,-0.062416,0.008488,0.008221,0.997980,235.489929,208.277267,-193.731140,-0.024559,0.495459,0.006100,0.868263,118.398827,325.102905,-106.937080,0.012632,-0.043856,0.027394,0.998582,222.676666,163.519882,-176.701111,-0.075415,-0.034979,-0.001868,0.996537,216.969727,190.348343,-197.399796
64,0.640000,-0.063246,0.020123,-0.020970,0.997575,194.594482,213.707443,-197.515350,-0.062182,0.009060,0.008189,0.997990,235.490616,208.278610,-193.723557,-0.024540,0.495402,0.006082,0.868296,119.108513,325.166809,-108.171303,0.012545,-0.043522,0.027340,0.998600,222.673019,163.517319,-176.679764,-0.074178,-0.035535,-0.002400,0.996609,216.970947,190.347122,-197.381836
65,0.650000,-0.063375,0.020581,-0.021081,0.997555,194.579407,213.712784,-197.479507,-0.061947,0.009811,0.008368,0.997996,235.476120,208.272781,-193.721573,-0.024208,0.495410,0.006425,0.868298,119.750702,325.225281,-109.313347,0.012403,-0.043435,0.027366,0.998604,222.659790,163.515152,-176.671082,-0.074768,-0.035083,-0.001250,0.996583,216.945572,190.346832,-197.393738
66,0.660000,-0.059973,0.034184,-0.018351,0.997446,194.527618,213.723923,-197.321350,-0.061973,0.010804,0.008302,0.997985,235.455597,208.265152,-193.726242,-0.024216,0.495623,0.006370,0.868177,120.401825,325.268982,-110.384186,0.012241,-0.042852,0.027220,0.998636,222.653961,163.510620,-176.668442,-0.074379,-0.035076,-0.000896,0.996613,216.926285,190.345444,-197.390671
67,0.670000,-0.054203,0.050312,-0.014191,0.997161,194.501999,213.739319,-197.253387,-0.059157,0.019001,0.011239,0.998005,235.413681,208.249115,-193.662628,-0.024104,0.495623,0.006319,0.868180,120.980553,325.269806,-111.359932,0.012247,-0.042374,0.027129,0.998658,222.639481,163.507370,-176.669464,-0.074372,-0.035208,-0.000096,0.996609,216.900620,190.334290,-197.389664
68,0.680000,-0.053227,0.052484,-0.013426,0.997112,194.500000,213.743484,-197.240723,-0.055595,0.027945,0.014673,0.997954,235.408173,208.244827,-193.663345,-0.024157,0.495645,0.006049,0.868168,121.529533,325.288361,-112.299751,0.012240,-0.042069,0.027071,0.998673,222.642426,163.507782,-176.673828,-0.072796,-0.036328,0.001096,0.996684,216.888062,190.339279,-197.369156
69,0.690000,-0.052933,0.051918,-0.013861,0.997151,194.506012,213.745224,-197.234390,-0.055247,0.029238,0.015034,0.997931,235.411865,208.243988,-193.673019,-0.024082,0.495922,0.006119,0.868011,122.023560,325.304504,-113.171196,0.012334,-0.041781,0.027072,0.998684,222.646744,163.506454,-176.681442,-0.074159,-0.035942,0.000636,0.996598,216.896637,190.334641,-197.383347
70,0.700000,-0.053107,0.051311,-0.013978,0.997172,194.515503,213.741409,-197.225250,-0.055704,0.028772,0.014707,0.997924,235.423096,208.241760,-193.685318,-0.024380,0.495672,0.005551,0.868150,122.487358,325.323578,-114.007401,0.012333,-0.041279,0.026750,0.998713,222.673721,163.508682,-176.669785,-0.074296,-0.034429,0.000013,0.996642,216.903625,190.328781,-197.377869
71,0.710000,-0.052666,0.050715,-0.014169,0.997223,194.525391,213.739899,-197.210953,-0.056033,0.028560,0.014423,0.997916,235.443924,208.237045,-193.676529,-0.024302,0.495884,0.005849,0.868029,122.926117,325.323486,-114.796417,0.012330,-0.040992,0.026692,0.998727,222.684525,163.511917,-176.660034,-0.074225,-0.034611,0.000486,0.996641,216.924194,190.315292,-197.360870
72,0.720000,-0.052356,0.050373,-0.014475,0.997252,194.538055,213.742264,-197.184921,-0.059529,0.020666,0.011429,0.997947,235.483231,208.253128,-193.733810,-0.024779,0.495571,0.005246,0.868198,123.351913,325.332031,-115.530273,0.012357,-0.040781,0.026558,0.998739,222.701691,163.516266,-176.639984,-0.074044,-0.035380,0.001252,0.996626,216.940979,190.310028,-197.346298
73,0.730000,-0.051897,0.049874,-0.014996,0.997294,194.569305,213.761063,-197.139343,-0.062645,0.012013,0.008095,0.997931,235.508240,208.263275,-193.728989,-0.024638,0.495729,0.005330,0.868111,123.777016,325.352142,-116.245209,0.012445,-0.040383,0.026518,0.998755,222.707596,163.526031,-176.611267,-0.070939,-0.038192,0.002153,0.996747,216.963150,190.316101,-197.295502
74,0.740000,-0.052023,0.049328,-0.014769,0.997317,194.589584,213.779770,-197.081284,-0.062638,0.011379,0.007445,0.997944,235.527893,208.277496,-193.690948,-0.024790,0.495676,0.005285,0.868137,124.181885,325.382751,-116.896454,0.012442,-0.040457,0.026543,0.998751,222.734009,163.537338,-176.584579,-0.069852,-0.042437,0.004332,0.996645,216.986038,190.322281,-197.269135
75,0.750000,-0.052364,0.049988,-0.014822,0.997266,194.598206,213.799927,-197.011017,-0.059814,0.018876,0.009903,0.997982,235.528442,208.278336,-193.579147,-0.024906,0.495469,0.005064,0.868254,124.563843,325.423248,-117.516380,0.012514,-0.040058,0.026517,0.998767,222.739456,163.546844,-176.550446,-0.069264,-0.044510,0.005536,0.996590,217.002960,190.329361,-197.247742
76,0.760000,-0.052240,0.050008,-0.015004,0.997269,194.596954,213.818405,-196.965546,-0.056950,0.026822,0.012852,0.997934,235.524857,208.286316,-193.535126,-0.024486,0.495771,0.005736,0.868089,124.903503,325.458984,-118.132782,0.012592,-0.039988,0.026444,0.998771,222.743927,163.547058,-176.530685,-0.068845,-0.045538,0.006358,0.996567,217.005478,190.338943,-197.234756
77,0.770000,-0.052653,0.049929,-0.015073,0.997250,194.583115,213.823273,-196.940216,-0.056583,0.027554,0.013069,0.997932,235.507858,208.291397,-193.522141,-0.024507,0.495586,0.005580,0.868195,125.239853,325.482819,-118.727539,0.012514,-0.039820,0.026476,0.998778,222.727951,163.543320,-176.514206,-0.068529,-0.046131,0.006855,0.996558,216.989197,190.343475,-197.227554
78,0.780000,-0.052919,0.049528,-0.014611,0.997263,194.539886,213.815735,-196.906799,-0.056323,0.027758,0.013234,0.997939,235.479172,208.286880,-193.496002,-0.024610,0.495174,0.005312,0.868429,125.558617,325.473480,-119.305458,0.012558,-0.039847,0.026496,0.998776,222.697922,163.537796,-176.480377,-0.067974,-0.046872,0.007159,0.996560,216.958389,190.337906,-197.218918
79,0.790000,-0.053591,0.049410,-0.014362,0.997236,194.499649,213.809433,-196.870911,-0.055756,0.028923,0.014236,0.997924,235.428574,208.286041,-193.445816,-0.024566,0.495215,0.005310,0.868407,125.865921,325.470490,-119.870193,0.012468,-0.039864,0.026551,0.998775,222.656586,163.535202,-176.427246,-0.068291,-0.046804,0.008504,0.996531,216.911911,190.329834,-197.222961
80,0.800000,-0.055377,0.049475,-0.015254,0.997122,194.432953,213.793289,-196.814545,-0.055383,0.030393,0.015389,0.997884,235.352188,208.274857,-193.371277,-0.024417,0.495131,0.005625,0.868457,126.116905,325.473297,-120.343185,0.012824,-0.040601,0.026434,0.998743,222.595200,163.534729,-176.327576,-0.066845,-0.047928,0.009382,0.996567,216.861221,190.305481,-197.200043
81,0.810000,-0.057157,0.050583,-0.014783,0.996973,194.558960,213.705948,-196.986038,-0.056620,0.029772,0.014461,0.997847,235.454178,208.186722,-193.492584,-0.024241,0.495386,0.005948,0.868314,126.309883,325.579865,-120.750847,0.011984,-0.040486,0.026367,0.998760,222.672943,163.500565,-176.409729,-0.069720,-0.046077,0.005016,0.996489,216.935226,190.253693,-197.199707
82,0.820000,-0.058487,0.050028,-0.014240,0.996932,194.685074,213.605362,-197.267349,-0.059572,0.022830,0.012052,0.997890,235.623688,208.084885,-193.804947,-0.023586,0.495457,0.006725,0.868286,126.496986,325.652100,-121.074402,0.011741,-0.039860,0.025859,0.998802,222.774872,163.481689,-176.568405,-0.075223,-0.036218,-0.001562,0.996508,217.007263,190.221436,-197.240402
83,0.830000,-0.060572,0.035201,-0.014785,0.997433,194.954193,213.512634,-197.679749,-0.060651,0.024824,0.011947,0.997779,235.842972,207.974304,-194.030441,-0.023662,0.494919,0.006522,0.868592,126.716423,325.668030,-121.457970,0.010920,-0.040665,0.025735,0.998782,223.004410,163.429642,-176.768753,-0.083384,-0.021250,-0.009864,0.996242,217.175339,190.186432,-197.295288
84,0.840000,-0.063756,0.036575,-0.017317,0.997145,195.171310,213.450287,-197.834366,-0.063325,0.019535,0.011245,0.997738,236.094940,207.912781,-194.332336,-0.023937,0.495349,0.006233,0.868342,126.950783,325.675507,-121.859009,0.011627,-0.040042,0.025225,0.998812,223.166092,163.413055,-176.972015,-0.091440,-0.005021,-0.020605,0.995585,217.346924,190.182220,-197.373978
85,0.850000,-0.060774,0.046821,-0.016415,0.996918,195.320953,213.427841,-197.974426,-0.065531,0.014043,0.007988,0.997720,236.260574,207.850555,-194.506516,-0.023653,0.495277,0.006785,0.868387,127.116470,325.681244,-122.158302,0.010774,-0.041339,0.024627,0.998784,223.332748,163.378815,-177.113800,-0.094524,0.005674,-0.029930,0.995056,217.463547,190.162628,-197.407654
86,0.860000,-0.059935,0.051070,-0.018599,0.996722,195.481094,213.385117,-198.159119,-0.064423,0.021657,0.010436,0.997633,236.382843,207.754517,-194.595108,-0.023688,0.495279,0.006532,0.868386,127.348946,325.768616,-122.481697,0.010375,-0.040986,0.024247,0.998812,223.437820,163.360306,-177.237854,-0.099018,0.012182,-0.033665,0.994441,217.585571,190.111481,-197.433456
87,0.870000,-0.062878,0.039094,-0.021222,0.997029,195.580338,213.300064,-198.418045,-0.064178,0.027507,0.012238,0.997484,236.440750,207.676117,-194.732376,-0.023691,0.495337,0.006855,0.868351,127.520592,325.816681,-122.696648,0.009875,-0.039005,0.024244,0.998896,223.417770,163.373596,-177.326614,-0.103680,0.017563,-0.039093,0.993687,217.640732,190.068146,-197.501999
88,0.880000,-0.062533,0.039492,-0.020785,0.997045,195.633148,213.244171,-198.477081,-0.067603,0.020105,0.008174,0.997476,236.504974,207.612198,-194.963760,-0.023654,0.495644,0.007130,0.868174,127.720100,325.863831,-122.971649,0.009483,-0.038758,0.024057,0.998914,223.457886,163.357712,-177.417023,-0.107562,0.023823,-0.043026,0.992981,217.657410,190.011642,-197.565674
89,0.890000,-0.058772,0.046672,-0.017258,0.997031,195.652954,213.189728,-198.548340,-0.071335,0.012105,0.004420,0.997369,236.551315,207.535645,-195.099411,-0.023651,0.495581,0.007181,0.868210,127.844032,325.888977,-123.167969,0.008503,-0.039545,0.023620,0.998902,223.561539,163.321030,-177.490540,-0.109305,0.027536,-0.044434,0.992633,217.686768,189.959854,-197.603058
90,0.900000,-0.058766,0.047341,-0.016729,0.997008,195.710510,213.132370,-198.610580,-0.072747,0.011929,0.004003,0.997271,236.609512,207.472855,-195.150406,-0.023751,0.495605,0.007025,0.868195,127.950981,325.919189,-123.367065,0.008161,-0.039594,0.023643,0.998903,223.618256,163.302887,-177.497864,-0.110651,0.028737,-0.043995,0.992469,217.719543,189.889984,-197.626297
91,0.910000,-0.060049,0.047094,-0.016904,0.996941,195.763901,213.093491,-198.626999,-0.072913,0.012255,0.004881,0.997251,236.694946,207.428284,-195.166519,-0.023462,0.495647,0.007486,0.868175,128.019394,325.933533,-123.502884,0.007980,-0.039524,0.023483,0.998911,223.678391,163.296234,-177.478668,-0.110572,0.028856,-0.045159,0.992422,217.792542,189.836472,-197.637924
92,0.920000,-0.061897,0.047487,-0.017306,0.996802,195.846893,213.044510,-198.630371,-0.072900,0.012538,0.005083,0.997248,236.782761,207.404892,-195.145355,-0.023431,0.495328,0.007409,0.868359,128.092682,325.955841,-123.621956,0.008337,-0.038486,0.023419,0.998950,223.677719,163.328201,-177.428635,-0.109092,0.029347,-0.045446,0.992558,217.888153,189.821777,-197.639008
93,0.930000,-0.063931,0.044956,-0.017806,0.996782,195.948105,213.012344,-198.640091,-0.072715,0.012036,0.005369,0.997266,236.875244,207.389648,-195.116577,-0.023185,0.495471,0.007745,0.868280,128.125610,325.967804,-123.669342,0.008476,-0.038525,0.023203,0.998952,223.740051,163.330444,-177.378128,-0.108314,0.029591,-0.044892,0.992662,218.004501,189.793304,-197.635559
94,0.940000,-0.064604,0.044431,-0.017797,0.996763,196.040665,213.001633,-198.624832,-0.073181,0.011032,0.005561,0.997242,236.950867,207.372055,-195.067764,-0.022944,0.495462,0.008020,0.868289,128.152908,325.978027,-123.729118,0.008616,-0.038721,0.023075,0.998946,223.782730,163.328293,-177.316681,-0.106991,0.029625,-0.043702,0.992857,218.077942,189.765823,-197.632278
95,0.950000,-0.065644,0.045248,-0.019138,0.996633,196.073517,212.976715,-198.585785,-0.073723,0.010140,0.005373,0.997213,236.968414,207.358887,-195.007034,-0.022882,0.495336,0.008096,0.868362,128.152435,325.979919,-123.759422,0.009369,-0.039546,0.022798,0.998914,223.799301,163.331802,-177.232422,-0.103602,0.027912,-0.042602,0.993314,218.119720,189.722198,-197.605072
96,0.960000,-0.066498,0.045880,-0.020341,0.996524,196.077209,212.958954,-198.562943,-0.074598,0.010317,0.006230,0.997141,236.974426,207.344910,-194.963394,-0.022782,0.495445,0.008228,0.868301,128.141449,325.985107,-123.776260,0.009462,-0.039633,0.022778,0.998910,223.794312,163.332291,-177.188919,-0.102600,0.026916,-0.047749,0.993211,218.178482,189.621262,-197.595123
97,0.970000,-0.066081,0.045822,-0.019891,0.996563,196.059143,212.927948,-198.554993,-0.073652,0.011680,0.006110,0.997197,236.929306,207.334091,-194.957840,-0.022844,0.495345,0.008103,0.868358,128.125565,325.971405,-123.795746,0.009548,-0.039424,0.022769,0.998918,223.770325,163.329605,-177.154892,-0.100165,0.028040,-0.050612,0.993287,218.169067,189.577133,-197.605606
98,0.980000,-0.066181,0.045665,-0.019114,0.996579,195.983673,212.897644,-198.539688,-0.073867,0.012540,0.005583,0.997174,236.869400,207.305664,-194.950790,-0.022892,0.495316,0.008078,0.868373,128.122955,325.966980,-123.817184,0.009523,-0.039423,0.022934,0.998914,223.725876,163.330475,-177.134857,-0.097694,0.028371,-0.049512,0.993579,218.119568,189.547440,-197.617691
99,0.990000,-0.066609,0.045010,-0.019254,0.996577,195.923889,212.882675,-198.532257,-0.074223,0.011856,0.005449,0.997156,236.839203,207.285828,-194.947388,-0.022925,0.495384,0.008106,0.868334,128.114380,325.971130,-123.826469,0.009504,-0.039374,0.023002,0.998915,223.690247,163.331879,-177.124374,-0.095895,0.027619,-0.048664,0.993818,218.099014,189.520020,-197.625320
100,1.000000,-0.066878,0.043874,-0.019484,0.996606,195.894714,212.885925,-198.520996,-0.073973,0.011636,0.005229,0.997179,236.818100,207.278259,-194.942276,-0.022977,0.495489,0.008147,0.868272,128.107941,325.973022,-123.836433,0.009496,-0.039358,0.023018,0.998915,223.668091,163.334686,-177.114594,-0.094298,0.027459,-0.048364,0.993989,218.086929,189.505386,-197.632538
101,1.010000,-0.066602,0.043243,-0.019314,0.996655,195.884430,212.884811,-198.512466,-0.073792,0.011354,0.004909,0.997197,236.812210,207.272369,-194.923843,-0.023070,0.495466,0.008044,0.868284,128.114120,325.970306,-123.840668,0.009388,-0.039312,0.023102,0.998916,223.656342,163.337555,-177.105408,-0.093053,0.028096,-0.048075,0.994103,218.086777,189.498383,-197.637314
102,1.020000,-0.066072,0.042595,-0.019177,0.996721,195.901306,212.876175,-198.495483,-0.074256,0.010739,0.004784,0.997170,236.825104,207.272919,-194.885590,-0.023055,0.495520,0.008083,0.868253,128.120300,325.974731,-123.836990,0.008624,-0.040848,0.022774,0.998869,223.730621,163.313477,-177.099075,-0.089462,0.027199,-0.040681,0.994787,218.062515,189.569412,-197.628494
103,1.030000,-0.068574,0.029754,-0.020490,0.996992,195.964447,212.857758,-198.583771,-0.072026,0.017720,0.007971,0.997213,236.849075,207.265717,-194.747162,-0.023051,0.495537,0.008090,0.868243,128.122421,325.981354,-123.826080,0.008476,-0.041267,0.022674,0.998855,223.757782,163.316986,-177.059982,-0.088046,0.023710,-0.035059,0.995217,218.098145,189.578400,-197.607269
104,1.040000,-0.073497,0.017048,-0.025108,0.996834,196.012299,212.868668,-198.560455,-0.069561,0.024320,0.010342,0.997228,236.879440,207.271988,-194.680496,-0.023423,0.494589,0.007310,0.868780,128.122452,325.992188,-123.855110,0.009456,-0.039815,0.022584,0.998907,223.699753,163.358200,-176.977768,-0.087021,0.022969,-0.033427,0.995381,218.123642,189.577545,-197.593475
105,1.050000,-0.074805,0.015411,-0.026835,0.996718,196.032578,212.869980,-198.537369,-0.069173,0.024822,0.010376,0.997242,236.899796,207.268341,-194.650406,-0.023033,0.495472,0.008191,0.868280,128.141922,325.981995,-123.809151,0.008990,-0.039794,0.022476,0.998915,223.712769,163.360825,-176.932892,-0.085840,0.023744,-0.032926,0.995482,218.138489,189.572144,-197.584122
106,1.060000,-0.071833,0.028148,-0.024963,0.996707,196.013397,212.875336,-198.414551,-0.069143,0.024897,0.010541,0.997240,236.896988,207.267044,-194.633179,-0.022947,0.495553,0.008341,0.868234,128.147705,325.977783,-123.808594,0.008792,-0.039891,0.022483,0.998912,223.708069,163.362045,-176.914658,-0.084688,0.024903,-0.032963,0.995551,218.140656,189.564545,-197.579468
107,1.070000,-0.066862,0.042931,-0.020692,0.996624,195.991257,212.859756,-198.380127,-0.069019,0.025607,0.011019,0.997226,236.879776,207.261841,-194.612503,-0.022919,0.495551,0.008380,0.868236,128.140015,325.973511,-123.824303,0.008734,-0.039996,0.022460,0.998909,223.698608,163.361160,-176.889755,-0.083439,0.026020,-0.033368,0.995614,218.134232,189.550751,-197.574631
108,1.080000,-0.066423,0.044772,-0.019361,0.996599,195.979980,212.840958,-198.366165,-0.069087,0.026276,0.011493,0.997198,236.864548,207.245819,-194.584076,-0.022911,0.495510,0.008308,0.868260,128.125824,325.971344,-123.850647,0.008529,-0.040084,0.022461,0.998907,223.690643,163.359436,-176.852325,-0.081866,0.026781,-0.034043,0.995702,218.133850,189.525787,-197.561646
109,1.090000,-0.067153,0.043854,-0.019473,0.996588,195.982010,212.826767,-198.322433,-0.071112,0.025031,0.011379,0.997089,236.865982,207.221390,-194.533203,-0.022870,0.495523,0.008334,0.868254,128.118668,325.972198,-123.875984,0.008463,-0.040311,0.022539,0.998897,223.694626,163.364639,-176.795090,-0.079169,0.025551,-0.034797,0.995926,218.158936,189.489868,-197.516769
110,1.100000,-0.068149,0.044887,-0.019350,0.996477,196.017838,212.815521,-198.256683,-0.071849,0.023326,0.010260,0.997090,236.907669,207.202637,-194.478836,-0.022825,0.495538,0.008396,0.868246,128.121475,325.979584,-123.905426,0.007932,-0.041570,0.022613,0.998848,223.799423,163.340271,-176.739944,-0.079427,0.025725,-0.042384,0.995607,218.259766,189.401474,-197.485687
111,1.110000,-0.068186,0.046188,-0.017675,0.996446,196.106293,212.805283,-198.223984,-0.073733,0.016867,0.008059,0.997103,236.984894,207.209335,-194.488037,-0.022721,0.495746,0.008701,0.868126,128.142242,325.990784,-123.945793,0.008499,-0.040854,0.022777,0.998869,223.790298,163.381012,-176.655533,-0.078208,0.029862,-0.046768,0.995392,218.343857,189.373734,-197.447845
112,1.120000,-0.068195,0.046727,-0.017324,0.996427,196.184296,212.791290,-198.210754,-0.076891,0.009621,0.005367,0.996979,237.071945,207.206375,-194.441055,-0.022707,0.495712,0.008743,0.868146,128.172394,326.004669,-123.987724,0.008581,-0.041676,0.022588,0.998839,223.846588,163.391510,-176.585571,-0.077716,0.031513,-0.046070,0.995412,218.425369,189.361206,-197.408478
113,1.130000,-0.067672,0.046598,-0.017313,0.996469,196.254715,212.792145,-198.218201,-0.077842,0.008410,0.005682,0.996914,237.147827,207.210632,-194.410706,-0.022732,0.495683,0.008637,0.868163,128.216919,326.022095,-124.036697,0.008512,-0.041860,0.022571,0.998832,223.890091,163.403000,-176.580475,-0.075579,0.031000,-0.039194,0.995887,218.441986,189.434677,-197.383987
114,1.140000,-0.067135,0.047236,-0.018073,0.996461,196.306000,212.791000,-198.239349,-0.078247,0.007876,0.005320,0.996889,237.192078,207.210785,-194.408875,-0.022787,0.495568,0.008535,0.868228,128.255692,326.034729,-124.103767,0.008435,-0.042092,0.022509,0.998825,223.907761,163.405090,-176.592194,-0.074779,0.027381,-0.036455,0.996157,218.473282,189.447372,-197.361633
115,1.150000,-0.066529,0.047948,-0.017691,0.996475,196.308487,212.770782,-198.274200,-0.078991,0.006492,0.004759,0.996843,237.211243,207.186234,-194.429321,-0.022850,0.495546,0.008508,0.868240,128.296921,326.047455,-124.172447,0.008324,-0.042176,0.022487,0.998823,223.907837,163.405243,-176.606461,-0.074982,0.027801,-0.036583,0.996126,218.469818,189.442184,-197.360107
116,1.160000,-0.065943,0.047788,-0.017091,0.996532,196.306488,212.737045,-198.314468,-0.079541,0.005618,0.004524,0.996806,237.205872,207.157944,-194.454010,-0.022742,0.495737,0.008689,0.868131,128.339157,326.068054,-124.246078,0.007659,-0.041553,0.022536,0.998853,223.896194,163.404648,-176.629913,-0.076119,0.031363,-0.036710,0.995929,218.443024,189.428360,-197.375870
117,1.170000,-0.066267,0.047652,-0.017244,0.996514,196.312271,212.692825,-198.332016,-0.080061,0.005472,0.004588,0.996764,237.207413,207.133316,-194.468262,-0.022850,0.495649,0.008529,0.868181,128.390808,326.090088,-124.320679,0.007497,-0.041568,0.022541,0.998853,223.900681,163.401291,-176.619659,-0.075962,0.034020,-0.037647,0.995819,218.441650,189.405167,-197.367996
118,1.180000,-0.067106,0.047154,-0.017844,0.996471,196.369385,212.663803,-198.323868,-0.080449,0.005900,0.004816,0.996730,237.249664,207.104614,-194.438461,-0.022713,0.495627,0.008559,0.868196,128.441086,326.115662,-124.403946,0.008165,-0.042617,0.022253,0.998810,223.959656,163.397995,-176.542801,-0.075359,0.035966,-0.040028,0.995703,218.513733,189.374268,-197.334488
119,1.190000,-0.068932,0.045871,-0.018090,0.996402,196.522644,212.625534,-198.273682,-0.080297,0.006753,0.004300,0.996739,237.379868,207.068710,-194.326477,-0.022640,0.495577,0.008550,0.868227,128.498123,326.136688,-124.480133,0.008689,-0.043186,0.022369,0.998779,224.094299,163.414459,-176.416412,-0.077525,0.038184,-0.045786,0.995206,218.694687,189.259949,-197.272354
120,1.200000,-0.069445,0.043397,-0.017909,0.996481,196.717010,212.591995,-198.156052,-0.079911,0.006101,0.004564,0.996773,237.588272,207.047745,-194.151291,-0.022648,0.495324,0.008407,0.868372,128.571594,326.173920,-124.564964,0.007546,-0.043521,0.021772,0.998787,224.223038,163.438385,-176.217957,-0.074567,0.041373,-0.051187,0.995042,218.938644,189.226120,-197.157227
121,1.210000,-0.068914,0.041850,-0.016900,0.996601,196.976822,212.576187,-198.068954,-0.081050,0.010678,0.004997,0.996640,237.776459,207.020844,-193.848221,-0.022391,0.495295,0.008737,0.868392,128.646957,326.218170,-124.646416,0.007867,-0.044656,0.021398,0.998742,224.416214,163.470474,-176.015823,-0.071580,0.039165,-0.049501,0.995436,219.212112,189.178452,-197.006042
122,1.220000,-0.071939,0.028600,-0.019753,0.996803,197.263779,212.552750,-198.093536,-0.078834,0.015496,0.009306,0.996724,238.055984,207.008698,-193.648941,-0.022375,0.495119,0.008749,0.868493,128.717407,326.261017,-124.729012,0.008594,-0.045324,0.021073,0.998713,224.569626,163.499435,-175.863556,-0.070275,0.036628,-0.049064,0.995647,219.491470,189.174973,-196.891281
123,1.230000,-0.070748,0.032264,-0.020276,0.996766,197.478333,212.580444,-197.976456,-0.078538,0.015874,0.008734,0.996746,238.249786,207.003510,-193.536148,-0.022226,0.495283,0.008951,0.868401,128.792953,326.286591,-124.846680,0.008151,-0.045802,0.021223,0.998692,224.698181,163.521530,-175.781067,-0.070168,0.037507,-0.050360,0.995557,219.706589,189.189575,-196.819214
124,1.240000,-0.068343,0.041098,-0.020301,0.996608,197.603790,212.594681,-198.010849,-0.079769,0.014971,0.008522,0.996665,238.390381,206.995087,-193.513168,-0.022229,0.495370,0.009068,0.868350,128.860184,326.286438,-124.967949,0.008054,-0.046101,0.021044,0.998683,224.770157,163.528763,-175.803528,-0.071083,0.040703,-0.052473,0.995257,219.812637,189.203094,-196.793808
125,1.250000,-0.068461,0.040217,-0.021098,0.996620,197.648315,212.587387,-198.095139,-0.080784,0.013705,0.008307,0.996603,238.463257,206.973831,-193.564667,-0.022151,0.495530,0.009290,0.868259,128.931702,326.285278,-125.105766,0.007714,-0.046033,0.020507,0.998700,224.809067,163.516678,-175.883423,-0.073201,0.045824,-0.055140,0.994737,219.833115,189.209747,-196.809982
126,1.260000,-0.068938,0.038380,-0.021018,0.996661,197.631500,212.555511,-198.190918,-0.081670,0.011018,0.006455,0.996578,238.410522,206.943771,-193.683319,-0.022043,0.495839,0.009621,0.868082,128.999390,326.295074,-125.223396,0.007539,-0.046107,0.020631,0.998695,224.776642,163.500610,-175.956436,-0.075326,0.051914,-0.057925,0.994121,219.765137,189.210281,-196.854141
127,1.270000,-0.069186,0.035078,-0.020485,0.996776,197.539108,212.504517,-198.281937,-0.085322,0.004319,0.003669,0.996337,238.350830,206.901581,-193.834625,-0.021918,0.495896,0.009707,0.868051,129.050354,326.322205,-125.338730,0.007807,-0.046256,0.020624,0.998686,224.717117,163.480347,-176.006943,-0.077070,0.057074,-0.060550,0.993547,219.681671,189.168396,-196.883636
128,1.280000,-0.070161,0.035985,-0.019411,0.996697,197.457291,212.441040,-198.341736,-0.093786,-0.004793,0.000199,0.995581,238.279800,206.847717,-193.860123,-0.021941,0.495752,0.009482,0.868135,129.101883,326.355988,-125.441803,0.007738,-0.046048,0.020562,0.998698,224.670227,163.470963,-176.028595,-0.078045,0.060196,-0.062481,0.993167,219.589844,189.127380,-196.907166
129,1.290000,-0.070208,0.037502,-0.017875,0.996667,197.428467,212.396866,-198.381104,-0.095475,-0.007047,-0.000588,0.995407,238.263840,206.803314,-193.904099,-0.021886,0.495546,0.009268,0.868257,129.163269,326.381561,-125.570831,0.007621,-0.046126,0.020561,0.998695,224.662918,163.465408,-176.025208,-0.078995,0.062508,-0.064681,0.992809,219.571716,189.090530,-196.911423
130,1.300000,-0.071424,0.039276,-0.017586,0.996517,197.459213,212.363739,-198.410858,-0.095626,-0.006664,-0.000795,0.995395,238.292709,206.771271,-193.920639,-0.021703,0.495618,0.009386,0.868219,129.207275,326.388031,-125.666115,0.007666,-0.046318,0.020489,0.998687,224.683990,163.461197,-176.012329,-0.076793,0.061902,-0.059753,0.993328,219.553070,189.132416,-196.886887
131,1.310000,-0.072286,0.041139,-0.017502,0.996382,197.533234,212.337296,-198.425980,-0.096895,-0.007080,-0.000380,0.995269,238.369751,206.730209,-193.908859,-0.021604,0.495589,0.009491,0.868236,129.257568,326.397003,-125.762451,0.007579,-0.046729,0.020591,0.998667,224.742950,163.461105,-175.998428,-0.074093,0.070120,-0.063933,0.992727,219.541824,189.212280,-196.831299
132,1.320000,-0.073181,0.040615,-0.018246,0.996324,197.633591,212.316666,-198.459427,-0.096010,-0.006854,0.000147,0.995357,238.458954,206.721344,-193.924988,-0.021542,0.495572,0.009613,0.868246,129.310623,326.403961,-125.857841,0.007227,-0.046733,0.020383,0.998673,224.807983,163.462997,-175.992676,-0.071787,0.084809,-0.071050,0.991265,219.610855,189.219910,-196.811768
133,1.330000,-0.073842,0.040099,-0.017583,0.996308,197.718170,212.300659,-198.488800,-0.094593,-0.005850,0.000291,0.995499,238.531357,206.700058,-193.952744,-0.021310,0.495715,0.009868,0.868168,129.367538,326.415649,-125.960663,0.006491,-0.046694,0.020002,0.998688,224.864227,163.462448,-175.987305,-0.071204,0.087822,-0.073742,0.990848,219.685745,189.205292,-196.787827
134,1.340000,-0.074845,0.041193,-0.018309,0.996176,197.769135,212.280899,-198.537491,-0.094418,-0.005216,0.000244,0.995519,238.569794,206.681244,-193.975220,-0.021338,0.495513,0.009839,0.868283,129.418594,326.425476,-126.074059,0.006536,-0.046929,0.019856,0.998679,224.891464,163.459885,-176.000916,-0.072367,0.087066,-0.074194,0.990797,219.720917,189.188660,-196.793961
135,1.350000,-0.075686,0.041736,-0.019037,0.996076,197.779556,212.253250,-198.593765,-0.094994,-0.004847,0.000538,0.995466,238.580261,206.655441,-194.019485,-0.021355,0.495573,0.010075,0.868245,129.471664,326.441376,-126.191315,0.006380,-0.047001,0.019793,0.998678,224.899521,163.455933,-176.030792,-0.073849,0.085639,-0.074205,0.990811,219.732254,189.170975,-196.817108
136,1.360000,-0.075564,0.041184,-0.019022,0.996109,197.788544,212.222519,-198.648560,-0.095674,-0.004748,0.000711,0.995401,238.584976,206.622437,-194.069778,-0.021356,0.495532,0.009961,0.868270,129.521454,326.461609,-126.312134,0.006138,-0.046965,0.019876,0.998680,224.898224,163.451202,-176.060944,-0.076653,0.085594,-0.074574,0.990574,219.726379,189.131058,-196.858810
137,1.370000,-0.075278,0.039171,-0.018825,0.996215,197.793442,212.166611,-198.711319,-0.096354,-0.004950,0.000618,0.995335,238.592743,206.584671,-194.107346,-0.021244,0.495778,0.010174,0.868130,129.576172,326.484528,-126.445160,0.006287,-0.047018,0.019877,0.998676,224.906464,163.443665,-176.081223,-0.077937,0.085004,-0.074265,0.990548,219.737839,189.097900,-196.881287
138,1.380000,-0.075133,0.036984,-0.019136,0.996304,197.823227,212.129883,-198.744064,-0.097672,-0.005316,0.000274,0.995205,238.616364,206.545288,-194.120987,-0.021354,0.495651,0.010063,0.868201,129.629440,326.510101,-126.589729,0.006201,-0.047086,0.019810,0.998675,224.929489,163.442215,-176.078690,-0.079773,0.085043,-0.076372,0.990238,219.797241,189.073212,-196.922562
139,1.390000,-0.075100,0.037430,-0.019106,0.996290,197.871094,212.091873,-198.772064,-0.096088,0.000891,0.001975,0.995371,238.638397,206.493530,-194.071136,-0.021228,0.495827,0.010287,0.868101,129.690277,326.537476,-126.733780,0.005954,-0.047076,0.019659,0.998680,224.964142,163.440781,-176.080307,-0.080085,0.084885,-0.076942,0.990182,219.835876,189.034515,-196.928299
140,1.400000,-0.075049,0.037335,-0.019134,0.996297,197.926620,212.062531,-198.822250,-0.095847,0.005914,0.004229,0.995370,238.715424,206.437592,-194.060944,-0.021271,0.495827,0.010292,0.868100,129.755997,326.558105,-126.856010,0.005833,-0.047190,0.019558,0.998677,225.001862,163.437027,-176.094299,-0.079285,0.083165,-0.076914,0.990395,219.887146,188.998413,-196.925873
141,1.410000,-0.075162,0.036832,-0.019347,0.996303,197.989075,212.035965,-198.884811,-0.096507,0.005101,0.003216,0.995314,238.774216,206.403183,-194.108185,-0.020943,0.496093,0.010672,0.867951,129.834305,326.577026,-126.989632,0.005813,-0.047187,0.019421,0.998680,225.033371,163.429138,-176.127930,-0.079953,0.081477,-0.076528,0.990511,219.928268,188.973114,-196.957504
142,1.420000,-0.076251,0.037475,-0.019621,0.996191,198.029556,211.995529,-198.943314,-0.095173,0.004935,0.003225,0.995443,238.831223,206.365112,-194.188904,-0.020916,0.496116,0.010579,0.867940,129.934616,326.595490,-127.121376,0.005799,-0.047018,0.019378,0.998689,225.068604,163.422028,-176.146271,-0.080455,0.080718,-0.076162,0.990561,219.963974,188.940857,-196.981918
143,1.430000,-0.077567,0.038603,-0.020354,0.996032,198.062408,211.955933,-198.992065,-0.094763,0.006046,0.003743,0.995474,238.862701,206.336411,-194.233414,-0.020789,0.496031,0.010555,0.867992,130.017822,326.621094,-127.229095,0.005726,-0.046977,0.019295,0.998693,225.092499,163.416901,-176.159729,-0.080353,0.080680,-0.076100,0.990577,219.998871,188.902252,-196.998795
144,1.440000,-0.077001,0.039544,-0.019895,0.996048,198.102921,211.922073,-199.041916,-0.094917,0.006998,0.003906,0.995453,238.879410,206.298798,-194.265518,-0.020710,0.495823,0.010390,0.868114,130.103897,326.664917,-127.343819,0.005640,-0.047005,0.019254,0.998693,225.107391,163.411819,-176.161652,-0.081840,0.080866,-0.076069,0.990443,220.024506,188.838791,-197.040115
145,1.450000,-0.077109,0.038784,-0.019077,0.996085,198.135818,211.863129,-199.091858,-0.097779,0.000787,0.001805,0.995206,238.911163,206.261063,-194.361832,-0.020436,0.495957,0.010738,0.868040,130.194473,326.704590,-127.469124,0.005651,-0.047074,0.019190,0.998691,225.122345,163.409561,-176.153427,-0.081933,0.081742,-0.076038,0.990365,220.053299,188.788361,-197.054276
146,1.460000,-0.078128,0.038285,-0.019111,0.996025,198.166580,211.812927,-199.130463,-0.097079,0.004614,0.002772,0.995262,238.913361,206.191086,-194.320496,-0.020389,0.495846,0.010680,0.868106,130.272400,326.745178,-127.612503,0.005570,-0.047163,0.019109,0.998689,225.137924,163.406250,-176.150269,-0.082935,0.084612,-0.077547,0.989924,220.088150,188.733093,-197.095139
147,1.470000,-0.078495,0.039376,-0.019012,0.995955,198.203064,211.771622,-199.178650,-0.099449,0.000406,0.001187,0.995042,238.963776,206.150162,-194.450272,-0.020479,0.495798,0.010598,0.868132,130.356979,326.772491,-127.785027,0.005008,-0.046930,0.019045,0.998704,225.178711,163.399963,-176.176804,-0.083073,0.085835,-0.078177,0.989757,220.122269,188.689041,-197.129440
148,1.480000,-0.078883,0.040427,-0.018811,0.995886,198.240555,211.723389,-199.248322,-0.104163,-0.006389,-0.000903,0.994539,239.032227,206.063141,-194.530167,-0.020262,0.495729,0.010858,0.868173,130.432419,326.790588,-127.983612,0.004971,-0.046964,0.018848,0.998706,225.205475,163.396378,-176.220261,-0.083632,0.085676,-0.077634,0.989767,220.156174,188.643463,-197.167145
149,1.490000,-0.079683,0.040497,-0.019882,0.995799,198.254868,211.658325,-199.318726,-0.104403,-0.006871,-0.001156,0.994511,239.046921,206.001434,-194.629852,-0.020185,0.495791,0.010932,0.868138,130.527222,326.801666,-128.192245,0.004724,-0.046919,0.018830,0.998710,225.222626,163.387421,-176.253815,-0.085253,0.086450,-0.077703,0.989556,220.157394,188.567856,-197.216278
150,1.500000,-0.080331,0.040036,-0.020228,0.995758,198.279633,211.578629,-199.383545,-0.105094,-0.006309,-0.001156,0.994442,239.072754,205.935669,-194.686707,-0.019990,0.496052,0.011304,0.867989,130.629547,326.833466,-128.394135,0.004544,-0.046901,0.018868,0.998711,225.256516,163.386322,-176.265549,-0.085005,0.085143,-0.078858,0.989599,220.185791,188.484772,-197.245239
151,1.510000,-0.081326,0.039003,-0.020369,0.995716,198.327271,211.509903,-199.428238,-0.106117,-0.006495,-0.001787,0.994331,239.115067,205.860718,-194.724060,-0.020104,0.495733,0.010887,0.868174,130.756485,326.894867,-128.607208,0.004355,-0.046807,0.018786,0.998718,225.293823,163.389832,-176.259201,-0.084464,0.084684,-0.080003,0.989593,220.246338,188.411301,-197.259781
152,1.520000,-0.083495,0.038223,-0.021292,0.995547,198.396881,211.438049,-199.443268,-0.104852,-0.000772,-0.000238,0.994488,239.146927,205.786926,-194.678299,-0.019601,0.496076,0.011453,0.867982,130.877365,326.973938,-128.784622,0.004392,-0.046767,0.018620,0.998723,225.335938,163.395813,-176.235626,-0.082893,0.086271,-0.080137,0.989578,220.296799,188.347153,-197.253586
153,1.530000,-0.085509,0.039175,-0.021989,0.995324,198.464035,211.377258,-199.479675,-0.104469,0.004245,0.001284,0.994518,239.238358,205.708481,-194.686752,-0.019393,0.496040,0.011543,0.868006,131.007980,327.038391,-128.947403,0.005175,-0.046627,0.018470,0.998728,225.397461,163.401321,-176.236893,-0.082106,0.084923,-0.079768,0.989790,220.375977,188.287292,-197.271805
154,1.540000,-0.086603,0.039490,-0.022113,0.995214,198.555511,211.320694,-199.547119,-0.106479,0.004421,0.000979,0.994305,239.312469,205.631531,-194.706711,-0.019462,0.495943,0.011430,0.868062,131.157867,327.079376,-129.129532,0.005175,-0.046597,0.018390,0.998731,225.446838,163.399841,-176.245087,-0.082392,0.083501,-0.078773,0.989967,220.432297,188.219193,-197.289352
155,1.550000,-0.086657,0.038349,-0.021363,0.995271,198.635132,211.275009,-199.617691,-0.105219,0.005988,0.001718,0.994430,239.381714,205.571335,-194.767395,-0.019216,0.496135,0.011698,0.867954,131.292953,327.095337,-129.317551,0.005062,-0.046604,0.018204,0.998735,225.507889,163.393051,-176.264847,-0.083246,0.083918,-0.078936,0.989847,220.509155,188.140717,-197.304428
156,1.560000,-0.087675,0.035229,-0.021754,0.995288,198.693283,211.212524,-199.696487,-0.107850,0.000336,-0.000301,0.994167,239.449677,205.513992,-194.903809,-0.019365,0.495858,0.011389,0.868113,131.421753,327.110382,-129.518356,0.004765,-0.046235,0.017980,0.998757,225.551971,163.385498,-176.296631,-0.085054,0.084676,-0.079714,0.989566,220.569122,188.072083,-197.352951
157,1.570000,-0.088937,0.033967,-0.022616,0.995201,198.737961,211.153671,-199.757935,-0.111249,-0.006792,-0.003515,0.993763,239.502716,205.430023,-194.988297,-0.019145,0.496114,0.011679,0.867968,131.547699,327.144867,-129.729935,0.004347,-0.046021,0.017692,0.998774,225.585617,163.378647,-176.321014,-0.085443,0.085514,-0.079667,0.989465,220.592239,187.997192,-197.380585
158,1.580000,-0.089131,0.034338,-0.023044,0.995161,198.761734,211.093048,-199.787155,-0.110318,-0.000517,-0.001024,0.993896,239.517502,205.348145,-194.953308,-0.018989,0.496252,0.011792,0.867891,131.659576,327.186218,-129.905701,0.004273,-0.045905,0.017592,0.998782,225.594223,163.376236,-176.321350,-0.084814,0.085675,-0.080319,0.989452,220.628036,187.938049,-197.408966
159,1.590000,-0.089556,0.034542,-0.023396,0.995108,198.756683,211.021317,-199.817093,-0.112372,-0.002501,-0.001631,0.993662,239.519531,205.285767,-195.040527,-0.018806,0.496285,0.012009,0.867873,131.763779,327.239227,-130.085312,0.004289,-0.045794,0.017659,0.998786,225.586227,163.377747,-176.305206,-0.084452,0.087556,-0.079998,0.989344,220.608475,187.848312,-197.421570
160,1.600000,-0.090358,0.035255,-0.022920,0.995021,198.733337,210.914261,-199.845581,-0.115743,-0.006852,-0.003004,0.993251,239.503418,205.207245,-195.068573,-0.018503,0.496193,0.012235,0.867929,131.862137,327.294067,-130.256683,0.004188,-0.045558,0.017533,0.998799,225.585831,163.374268,-176.294479,-0.083162,0.089762,-0.081497,0.989134,220.610153,187.739868,-197.427811
161,1.610000,-0.091720,0.036103,-0.022340,0.994879,198.745987,210.842804,-199.902359,-0.115523,-0.006693,-0.003022,0.993278,239.508484,205.145065,-195.139877,-0.018300,0.496178,0.012242,0.867941,131.981567,327.356140,-130.452286,0.004134,-0.045442,0.017475,0.998806,225.601257,163.371216,-176.292786,-0.082944,0.089580,-0.080338,0.989263,220.634750,187.667526,-197.444931
162,1.620000,-0.093144,0.034403,-0.022585,0.994802,198.782761,210.779648,-199.965775,-0.115892,-0.005579,-0.002986,0.993242,239.538620,205.070923,-195.185989,-0.018173,0.496173,0.012296,0.867946,132.082962,327.390503,-130.660049,0.004040,-0.045445,0.017443,0.998806,225.646469,163.363770,-176.300659,-0.082789,0.089740,-0.079848,0.989301,220.649750,187.598083,-197.461105
163,1.630000,-0.095984,0.033602,-0.023881,0.994529,198.847580,210.722885,-200.038879,-0.116706,-0.005644,-0.003765,0.993143,239.597961,205.001343,-195.249374,-0.018116,0.496376,0.012476,0.867829,132.189148,327.412292,-130.863403,0.003932,-0.045488,0.017412,0.998805,225.706467,163.359283,-176.324127,-0.082644,0.088063,-0.080437,0.989416,220.719925,187.544128,-197.488632
164,1.640000,-0.096559,0.035684,-0.023707,0.994405,198.906311,210.670151,-200.086624,-0.117991,-0.005810,-0.003133,0.992993,239.657272,204.931351,-195.301346,-0.018372,0.496115,0.012082,0.867978,132.313019,327.418854,-131.056793,0.003950,-0.045566,0.017258,0.998804,225.750809,163.352676,-176.337296,-0.084460,0.088508,-0.080839,0.989191,220.757599,187.477921,-197.527710
165,1.650000,-0.095890,0.037103,-0.022435,0.994447,198.955765,210.614853,-200.140656,-0.116523,0.000487,-0.001247,0.993187,239.681580,204.870819,-195.281036,-0.018017,0.496347,0.012551,0.867846,132.421478,327.423828,-131.253510,0.003971,-0.045559,0.017202,0.998806,225.783203,163.346970,-176.349304,-0.085961,0.091752,-0.083054,0.988582,220.803101,187.415436,-197.568665
166,1.660000,-0.095809,0.038734,-0.022214,0.994398,198.997467,210.555847,-200.204025,-0.115159,0.006520,0.000320,0.993326,239.693817,204.822296,-195.308365,-0.017957,0.496237,0.012521,0.867911,132.536545,327.447357,-131.442047,0.004029,-0.045525,0.017252,0.998806,225.801315,163.336838,-176.369003,-0.084228,0.091906,-0.084529,0.988592,220.842300,187.358536,-197.566223
167,1.670000,-0.096174,0.039153,-0.022180,0.994347,199.009872,210.513260,-200.249390,-0.117899,0.000589,-0.001762,0.993024,239.718811,204.773056,-195.424042,-0.017780,0.496178,0.012625,0.867947,132.641846,327.476501,-131.613464,0.003322,-0.044783,0.017126,0.998845,225.813889,163.333374,-176.404419,-0.083793,0.090417,-0.083570,0.988848,220.851746,187.293884,-197.583191
168,1.680000,-0.096604,0.038702,-0.021899,0.994329,199.022095,210.469620,-200.296951,-0.117541,0.003101,-0.001274,0.993062,239.716019,204.721619,-195.408722,-0.017786,0.496318,0.012684,0.867866,132.757095,327.511353,-131.784744,0.003233,-0.044774,0.017106,0.998845,225.823441,163.329834,-176.424088,-0.083915,0.088265,-0.082685,0.989106,220.871384,187.245163,-197.611237
169,1.690000,-0.097274,0.036493,-0.022752,0.994328,199.038742,210.412857,-200.349640,-0.117194,0.006462,-0.000732,0.993088,239.747101,204.675034,-195.443161,-0.017782,0.496198,0.012523,0.867937,132.846085,327.537354,-131.955505,0.003234,-0.044594,0.017092,0.998854,225.836334,163.327545,-176.432358,-0.084703,0.084492,-0.080909,0.989515,220.906189,187.181686,-197.644974
170,1.700000,-0.099490,0.031879,-0.024329,0.994230,199.080368,210.354401,-200.404755,-0.117198,0.006320,-0.000478,0.993088,239.786148,204.647690,-195.486893,-0.017649,0.496455,0.012794,0.867789,132.940231,327.556580,-132.127869,0.003229,-0.044611,0.017032,0.998854,225.862015,163.324707,-176.444580,-0.086399,0.083616,-0.080377,0.989486,220.935837,187.117599,-197.677994
171,1.710000,-0.100083,0.031181,-0.025701,0.994158,199.148987,210.313309,-200.442459,-0.118456,0.005803,-0.000608,0.992942,239.832886,204.608002,-195.521378,-0.017607,0.496394,0.012846,0.867824,133.024963,327.570007,-132.291718,0.003170,-0.044610,0.016866,0.998857,225.909897,163.321716,-176.461594,-0.087923,0.085059,-0.081297,0.989154,220.987671,187.068069,-197.715317
172,1.720000,-0.100423,0.032958,-0.026242,0.994053,199.218292,210.256775,-200.504044,-0.119551,0.004421,-0.000437,0.992818,239.915115,204.558884,-195.554047,-0.017777,0.496330,0.012644,0.867860,133.132965,327.580597,-132.456421,0.002830,-0.044447,0.017010,0.998863,225.948410,163.323105,-176.493057,-0.088473,0.087356,-0.082167,0.988833,221.045746,187.028519,-197.742523
173,1.730000,-0.102211,0.035200,-0.025904,0.993802,199.265564,210.214310,-200.554031,-0.119637,0.004545,-0.000234,0.992807,239.963730,204.532440,-195.601395,-0.017521,0.496337,0.012780,0.867859,133.249680,327.598511,-132.633026,0.002662,-0.044557,0.016890,0.998861,225.990784,163.317596,-176.517181,-0.089165,0.087856,-0.082694,0.988682,221.110611,186.992081,-197.774475
174,1.740000,-0.103458,0.035427,-0.025737,0.993670,199.300186,210.166458,-200.599091,-0.122214,-0.001317,-0.002139,0.992501,240.008926,204.500397,-195.703094,-0.017460,0.496530,0.012978,0.867747,133.352081,327.611359,-132.785538,0.002606,-0.044594,0.016842,0.998860,226.019012,163.313446,-176.533890,-0.089187,0.088905,-0.082615,0.988593,221.142014,186.946243,-197.797699
175,1.750000,-0.102879,0.034870,-0.024198,0.993788,199.344025,210.128586,-200.644943,-0.123388,-0.006364,-0.003627,0.992331,240.031235,204.454819,-195.759247,-0.017541,0.496208,0.012707,0.867933,133.440308,327.621765,-132.942398,0.002526,-0.044605,0.016778,0.998861,226.033691,163.308624,-176.540634,-0.087221,0.087708,-0.082428,0.988891,221.170807,186.892212,-197.786911
176,1.760000,-0.103400,0.033459,-0.023760,0.993793,199.362930,210.077621,-200.680771,-0.123879,-0.006218,-0.004248,0.992269,240.047012,204.399078,-195.776352,-0.017332,0.496633,0.013143,0.867688,133.542099,327.625061,-133.115021,0.002470,-0.044576,0.016737,0.998863,226.039810,163.308350,-176.529221,-0.085891,0.087184,-0.081622,0.989121,221.195999,186.836136,-197.785385
177,1.770000,-0.104102,0.033109,-0.023786,0.993731,199.385452,210.025528,-200.703583,-0.124697,-0.006789,-0.004662,0.992161,240.065826,204.352875,-195.790497,-0.017341,0.496648,0.013245,0.867678,133.620483,327.619934,-133.282394,0.002468,-0.044584,0.016693,0.998863,226.046997,163.305542,-176.521698,-0.087974,0.090117,-0.082892,0.988569,221.212006,186.765335,-197.824310
178,1.780000,-0.104202,0.034023,-0.023195,0.993703,199.399826,209.964523,-200.731705,-0.126076,-0.007325,-0.004878,0.991982,240.075012,204.302383,-195.797623,-0.017441,0.496337,0.012820,0.867860,133.702209,327.622650,-133.453918,0.002562,-0.044604,0.016822,0.998860,226.067139,163.307388,-176.517746,-0.086269,0.093260,-0.084726,0.988272,221.225632,186.693420,-197.813538
179,1.790000,-0.104966,0.034587,-0.023548,0.993595,199.431366,209.918655,-200.757996,-0.126608,-0.007516,-0.005074,0.991911,240.096909,204.266052,-195.812668,-0.017409,0.496181,0.012884,0.867949,133.792267,327.617615,-133.634842,0.002640,-0.044677,0.016802,0.998857,226.083435,163.307037,-176.512894,-0.085875,0.091673,-0.083893,0.988526,221.259033,186.630280,-197.826202
180,1.800000,-0.105752,0.035435,-0.024110,0.993469,199.460403,209.862030,-200.817093,-0.127054,-0.007249,-0.005101,0.991856,240.116211,204.228790,-195.854797,-0.017594,0.496114,0.012589,0.867988,133.890106,327.611328,-133.821442,0.002592,-0.044753,0.016774,0.998854,226.098831,163.301727,-176.532135,-0.086107,0.089681,-0.083130,0.988753,221.276657,186.586807,-197.845383
181,1.810000,-0.106648,0.036026,-0.024231,0.993349,199.467957,209.814804,-200.878723,-0.127837,-0.006770,-0.004185,0.991763,240.141693,204.183350,-195.913132,-0.017530,0.496357,0.012946,0.867845,133.982483,327.601166,-133.995346,0.002465,-0.044843,0.016767,0.998850,226.110901,163.294540,-176.576691,-0.085738,0.087037,-0.083046,0.989028,221.287491,186.537567,-197.861130
182,1.820000,-0.106570,0.036246,-0.024630,0.993339,199.474930,209.778030,-200.965591,-0.124091,0.001012,0.000079,0.992270,240.156372,204.100235,-195.960663,-0.017418,0.496407,0.013022,0.867817,134.097137,327.605896,-134.178665,0.002217,-0.045087,0.016755,0.998840,226.118484,163.284607,-176.649368,-0.087302,0.085017,-0.082915,0.989078,221.288025,186.506760,-197.915878
183,1.830000,-0.107469,0.035012,-0.026300,0.993244,199.482666,209.734421,-201.074860,-0.124548,0.001515,0.000040,0.992212,240.181213,204.050171,-196.132690,-0.017373,0.496271,0.012918,0.867898,134.204529,327.613922,-134.357437,0.002173,-0.045176,0.016740,0.998836,226.127365,163.272568,-176.717758,-0.091573,0.086494,-0.084808,0.988403,221.285004,186.452820,-198.006943
184,1.840000,-0.107831,0.034162,-0.026117,0.993239,199.489044,209.663940,-201.218613,-0.129031,-0.005069,-0.004265,0.991618,240.165817,204.036224,-196.228729,-0.017219,0.496366,0.013053,0.867844,134.317261,327.637024,-134.555481,0.002022,-0.045159,0.016689,0.998838,226.144821,163.249191,-176.781906,-0.094589,0.089074,-0.085927,0.987793,221.271088,186.408203,-198.079666
185,1.850000,-0.107959,0.034077,-0.025767,0.993237,199.493652,209.605286,-201.268570,-0.128084,0.000117,-0.002977,0.991759,240.158524,203.987259,-196.220993,-0.017192,0.496638,0.013400,0.867684,134.428482,327.661652,-134.734741,0.001806,-0.044971,0.016412,0.998852,226.148895,163.230011,-176.815247,-0.094962,0.089318,-0.085598,0.987764,221.279572,186.355804,-198.105988
186,1.860000,-0.108695,0.034976,-0.026002,0.993119,199.509933,209.536560,-201.300674,-0.126801,0.004555,-0.001222,0.991917,240.176315,203.928680,-196.267563,-0.017297,0.496447,0.013195,0.867794,134.550888,327.696655,-134.918137,0.001709,-0.044766,0.016306,0.998863,226.168259,163.226151,-176.818939,-0.094915,0.089240,-0.084989,0.987828,221.302048,186.295746,-198.120483
187,1.870000,-0.109715,0.035334,-0.026253,0.992988,199.552094,209.474747,-201.339249,-0.127379,0.004650,-0.001461,0.991842,240.202744,203.873077,-196.304474,-0.017025,0.496406,0.013386,0.867821,134.667221,327.723114,-135.108032,0.001648,-0.044644,0.016266,0.998869,226.201843,163.219681,-176.815704,-0.093788,0.087945,-0.084374,0.988104,221.330139,186.222076,-198.109406
188,1.880000,-0.110850,0.035019,-0.026646,0.992863,199.592957,209.419952,-201.366165,-0.130580,-0.000793,-0.001990,0.991436,240.261444,203.808807,-196.385147,-0.017070,0.496337,0.013281,0.867860,134.783920,327.735779,-135.304657,0.001559,-0.044427,0.016164,0.998881,226.234955,163.216064,-176.820114,-0.095942,0.089521,-0.085485,0.987661,221.363846,186.133087,-198.146164
189,1.890000,-0.111583,0.034937,-0.026338,0.992792,199.636612,209.359146,-201.418365,-0.134024,-0.005904,-0.004372,0.990951,240.313171,203.749527,-196.442001,-0.017029,0.496427,0.013388,0.867808,134.910141,327.754303,-135.501526,0.001990,-0.043982,0.016163,0.998900,226.281982,163.217224,-176.856125,-0.095780,0.089722,-0.086415,0.987577,221.401932,186.065292,-198.151581
190,1.900000,-0.112430,0.033550,-0.026427,0.992741,199.666946,209.311066,-201.493713,-0.132333,-0.005702,-0.002881,0.991185,240.358337,203.646301,-196.545288,-0.017102,0.496487,0.013357,0.867773,135.024948,327.775970,-135.693436,0.001892,-0.043988,0.016066,0.998901,226.309341,163.209961,-176.898239,-0.097073,0.086364,-0.085342,0.987844,221.433289,186.011490,-198.196503
191,1.910000,-0.113117,0.033118,-0.026685,0.992671,199.680801,209.261322,-201.561752,-0.132336,-0.004376,-0.002118,0.991193,240.363617,203.592148,-196.624741,-0.016989,0.496516,0.013315,0.867759,135.147552,327.798035,-135.898254,0.001757,-0.044461,0.015932,0.998883,226.323044,163.196198,-176.965378,-0.098221,0.083489,-0.084462,0.988053,221.433258,185.966553,-198.239975
192,1.920000,-0.113784,0.034361,-0.027676,0.992525,199.664536,209.203964,-201.641312,-0.130115,0.002751,-0.000743,0.991495,240.321182,203.548370,-196.659454,-0.016738,0.496703,0.013651,0.867652,135.259048,327.809570,-136.083862,0.001659,-0.044563,0.015848,0.998879,226.303009,163.181061,-177.027390,-0.099078,0.081510,-0.084233,0.988152,221.415344,185.919434,-198.295197
193,1.930000,-0.115018,0.035829,-0.028301,0.992314,199.621399,209.138763,-201.736008,-0.128608,0.009317,0.001000,0.991651,240.277344,203.505951,-196.745132,-0.016909,0.496449,0.013237,0.867800,135.372360,327.825653,-136.274475,0.001807,-0.044670,0.015604,0.998878,226.285400,163.162552,-177.092407,-0.103408,0.083080,-0.084814,0.987528,221.379272,185.847702,-198.399918
194,1.940000,-0.116046,0.035728,-0.027431,0.992222,199.585403,209.054413,-201.833755,-0.131804,0.003731,-0.000247,0.991269,240.249313,203.446396,-196.892349,-0.016791,0.496358,0.013351,0.867853,135.462799,327.832336,-136.467636,0.001156,-0.044317,0.015644,0.998894,226.264389,163.147659,-177.123917,-0.104553,0.084151,-0.085424,0.987264,221.320755,185.777664,-198.455200
195,1.950000,-0.116722,0.035569,-0.026427,0.992176,199.556793,208.976974,-201.875626,-0.132763,0.005835,0.001171,0.991130,240.222641,203.355576,-196.888138,-0.016643,0.496567,0.013553,0.867733,135.556686,327.845673,-136.654434,0.000592,-0.043752,0.015631,0.998920,226.263962,163.141144,-177.152985,-0.103929,0.083996,-0.085057,0.987375,221.304901,185.710281,-198.482803
196,1.960000,-0.117508,0.035917,-0.026584,0.992066,199.544693,208.914246,-201.904617,-0.132702,0.009180,-0.000507,0.991113,240.186188,203.352341,-196.928101,-0.016660,0.496446,0.013583,0.867801,135.639893,327.850067,-136.831375,0.000552,-0.043746,0.015584,0.998921,226.271439,163.138565,-177.151535,-0.101793,0.083032,-0.084672,0.987712,221.299088,185.633896,-198.470657
197,1.970000,-0.118427,0.036425,-0.026700,0.991935,199.551178,208.856918,-201.919968,-0.133626,0.009109,0.000822,0.990990,240.202133,203.239349,-196.944931,-0.016650,0.496632,0.013764,0.867692,135.749191,327.853149,-137.013412,0.000965,-0.044289,0.015513,0.998898,226.281174,163.135956,-177.123032,-0.100159,0.084125,-0.084469,0.987804,221.303741,185.575623,-198.469147
198,1.980000,-0.119668,0.035134,-0.026962,0.991826,199.556717,208.799072,-201.946747,-0.135392,0.007914,-0.001049,0.990760,240.198334,203.219086,-196.946808,-0.016765,0.496495,0.013635,0.867771,135.839111,327.826569,-137.186981,0.001608,-0.044487,0.015483,0.998889,226.294800,163.137726,-177.109116,-0.101526,0.087392,-0.085593,0.987284,221.312408,185.499039,-198.495407
199,1.990000,-0.121936,0.035653,-0.028097,0.991499,199.569946,208.715530,-201.975418,-0.137041,0.007140,-0.001441,0.990539,240.206451,203.166977,-196.950089,-0.017078,0.496350,0.013250,0.867853,135.922821,327.782288,-137.385651,0.001153,-0.044600,0.015366,0.998886,226.300079,163.131760,-177.102890,-0.101001,0.091923,-0.086935,0.986809,221.316635,185.428192,-198.504013
200,2.000000,-0.122304,0.035992,-0.028079,0.991442,199.587860,208.674530,-202.040878,-0.138748,0.001510,-0.003208,0.990321,240.231583,203.129242,-197.089417,-0.017054,0.496464,0.013479,0.867785,135.995224,327.778137,-137.555313,0.000570,-0.044103,0.015363,0.998909,226.318344,163.125397,-177.161301,-0.101747,0.090587,-0.086456,0.986898,221.334152,185.381073,-198.546402
201,2.010000,-0.122065,0.035847,-0.028003,0.991479,199.587646,208.636490,-202.100311,-0.140303,-0.003875,-0.004845,0.990089,240.230621,203.103195,-197.189697,-0.016843,0.496575,0.013530,0.867725,136.077271,327.801422,-137.709442,0.000418,-0.043992,0.015336,0.998914,226.321777,163.117859,-177.202179,-0.102491,0.087279,-0.085340,0.987216,221.326523,185.342163,-198.586792
202,2.020000,-0.121897,0.035127,-0.027964,0.991527,199.552902,208.592697,-202.136353,-0.141081,-0.003954,-0.004968,0.989978,240.182693,203.056595,-197.231689,-0.016996,0.496464,0.013223,0.867790,136.194321,327.773865,-137.888519,0.000445,-0.043905,0.015562,0.998914,226.293686,163.113846,-177.224380,-0.101924,0.085256,-0.084879,0.987491,221.282761,185.296982,-198.612122
203,2.030000,-0.122556,0.034805,-0.028474,0.991442,199.515945,208.511230,-202.155212,-0.142275,-0.003914,-0.005253,0.989805,240.141556,203.001495,-197.237076,-0.017242,0.496511,0.013217,0.867758,136.331680,327.658051,-138.124680,0.000435,-0.043920,0.015700,0.998912,226.267212,163.114334,-177.213699,-0.099586,0.084063,-0.083857,0.987919,221.265991,185.216782,-198.584167
204,2.040000,-0.122504,0.034284,-0.028863,0.991456,199.505875,208.433075,-202.177383,-0.143118,-0.004577,-0.005608,0.989679,240.130432,202.932098,-197.232605,-0.017899,0.496456,0.012857,0.867782,136.424805,327.507355,-138.390121,0.000522,-0.043905,0.015762,0.998911,226.250854,163.114807,-177.196014,-0.100854,0.086510,-0.084962,0.987485,221.257507,185.119659,-198.600800
205,2.050000,-0.122170,0.033598,-0.028422,0.991533,199.508392,208.336365,-202.254166,-0.145027,-0.004892,-0.006089,0.989397,240.136429,202.851288,-197.283646,-0.018470,0.496368,0.012308,0.867828,136.546860,327.422729,-138.636673,0.000402,-0.043823,0.015783,0.998915,226.263596,163.109726,-177.220200,-0.101730,0.089664,-0.086254,0.987001,221.251831,185.036026,-198.621643
206,2.060000,-0.124097,0.033851,-0.028346,0.991287,199.475876,208.257416,-202.293259,-0.145071,-0.004730,-0.005797,0.989393,240.119217,202.776047,-197.356094,-0.018268,0.496473,0.012701,0.867767,136.659561,327.436066,-138.833099,0.000332,-0.043771,0.015794,0.998917,226.267456,163.107758,-177.235321,-0.101669,0.089995,-0.085738,0.987022,221.219604,184.957123,-198.624588
207,2.070000,-0.126368,0.034729,-0.028844,0.990956,199.473602,208.184814,-202.341599,-0.144033,0.001378,-0.003630,0.989565,240.084167,202.703232,-197.352005,-0.018220,0.496456,0.012594,0.867779,136.807419,327.500366,-139.020370,0.000213,-0.043608,0.015809,0.998924,226.267868,163.103577,-177.252365,-0.101656,0.089734,-0.085042,0.987108,221.191757,184.878983,-198.627762
208,2.080000,-0.128466,0.034585,-0.029271,0.990678,199.454575,208.114334,-202.407928,-0.143186,0.007525,-0.002046,0.989665,240.051270,202.634125,-197.404938,-0.017737,0.496699,0.012926,0.867646,136.960785,327.571594,-139.243103,0.000189,-0.043592,0.015768,0.998925,226.273651,163.096664,-177.281082,-0.102101,0.088514,-0.084740,0.987198,221.179367,184.811279,-198.650452
209,2.090000,-0.130130,0.035017,-0.029166,0.990449,199.437820,208.014893,-202.480194,-0.144047,0.008109,-0.002103,0.989535,240.043243,202.556534,-197.481369,-0.017749,0.496582,0.012907,0.867712,137.078278,327.598999,-139.465866,0.000073,-0.043493,0.015640,0.998931,226.279922,163.083206,-177.323425,-0.105802,0.089929,-0.086480,0.986529,221.171036,184.723679,-198.713608
210,2.100000,-0.129228,0.035265,-0.027986,0.990592,199.432358,207.933350,-202.569687,-0.144083,0.008946,-0.002482,0.989522,240.050552,202.472412,-197.595184,-0.017575,0.496948,0.013267,0.867501,137.242752,327.623077,-139.742142,-0.000331,-0.043524,0.015477,0.998933,226.293549,163.060410,-177.403595,-0.108478,0.089679,-0.086159,0.986290,221.155472,184.639236,-198.757248
211,2.110000,-0.129156,0.035636,-0.027206,0.990610,199.420120,207.856522,-202.669449,-0.145985,0.008935,-0.002924,0.989242,240.026489,202.377472,-197.709488,-0.017416,0.496718,0.013096,0.867638,137.390182,327.645264,-139.997421,-0.000568,-0.043589,0.015304,0.998932,226.298416,163.043869,-177.467316,-0.110277,0.086703,-0.084661,0.986486,221.117035,184.560196,-198.799438
212,2.120000,-0.131681,0.035488,-0.028966,0.990233,199.420029,207.743286,-202.765945,-0.149958,0.002525,-0.003989,0.988681,240.043793,202.270782,-197.863220,-0.017280,0.496680,0.013188,0.867661,137.550293,327.682892,-140.274994,-0.000224,-0.043666,0.015246,0.998930,226.304642,163.025116,-177.523117,-0.114256,0.085387,-0.085211,0.986100,221.116058,184.447403,-198.854996
213,2.130000,-0.133803,0.036272,-0.028572,0.989932,199.428024,207.648956,-202.844360,-0.153127,-0.003422,-0.006010,0.988182,240.057022,202.166367,-197.953857,-0.016966,0.496682,0.013420,0.867663,137.695068,327.741180,-140.543213,-0.000554,-0.043976,0.015280,0.998916,226.336960,163.017532,-177.544586,-0.115434,0.085293,-0.085978,0.985905,221.112442,184.359741,-198.884277
214,2.140000,-0.134676,0.037292,-0.028653,0.989773,199.459442,207.562180,-202.912750,-0.152872,-0.002145,-0.006388,0.988223,240.070435,202.065186,-198.035049,-0.016958,0.496731,0.013394,0.867636,137.857574,327.800903,-140.830261,-0.000568,-0.044300,0.015198,0.998903,226.367905,163.015625,-177.567337,-0.115761,0.085278,-0.085318,0.985925,221.119934,184.261124,-198.888107
215,2.150000,-0.136224,0.038439,-0.028698,0.989516,199.482086,207.462219,-202.981674,-0.152938,0.003925,-0.004142,0.988219,240.082504,201.914215,-198.030914,-0.016549,0.496986,0.014111,0.867486,138.024994,327.842346,-141.088699,-0.000413,-0.044441,0.015188,0.998896,226.402328,163.011261,-177.594345,-0.116346,0.085493,-0.085127,0.985854,221.136765,184.177765,-198.903122
216,2.160000,-0.137263,0.037167,-0.028278,0.989433,199.504532,207.341705,-203.051605,-0.153466,0.008896,-0.001894,0.988112,240.129044,201.783630,-198.053955,-0.016776,0.496538,0.013572,0.867747,138.196274,327.882751,-141.359177,-0.000296,-0.044646,0.015077,0.998889,226.436661,163.007050,-177.603958,-0.118794,0.086570,-0.087187,0.985288,221.174759,184.065720,-198.932205
217,2.170000,-0.138302,0.035988,-0.028687,0.989320,199.538086,207.257629,-203.104797,-0.156799,0.003077,-0.003759,0.987619,240.155975,201.697937,-198.153076,-0.016440,0.497000,0.014059,0.867481,138.358002,327.903961,-141.642807,-0.000369,-0.044600,0.015218,0.998889,226.461670,163.001694,-177.601501,-0.119274,0.087472,-0.087898,0.985087,221.206375,183.974991,-198.938385
218,2.180000,-0.140459,0.033892,-0.030107,0.989048,199.565887,207.151505,-203.165817,-0.160454,-0.002806,-0.006092,0.987021,240.193542,201.604843,-198.200378,-0.016493,0.496863,0.013866,0.867561,138.502670,327.920197,-141.908249,-0.000427,-0.044599,0.015240,0.998889,226.488449,162.999298,-177.605270,-0.119011,0.086790,-0.087378,0.985225,221.240707,183.872635,-198.934326
219,2.190000,-0.142722,0.032039,-0.030848,0.988763,199.593658,207.040909,-203.205719,-0.159782,0.003146,-0.004589,0.987137,240.202713,201.502945,-198.168900,-0.016446,0.496924,0.013858,0.867528,138.681808,327.958466,-142.179092,-0.000427,-0.044552,0.015362,0.998889,226.528534,163.002884,-177.604370,-0.119872,0.085960,-0.085497,0.985359,221.249939,183.757874,-198.933350
220,2.200000,-0.142284,0.033059,-0.030090,0.988816,199.613678,206.939407,-203.221527,-0.159573,0.008275,-0.002145,0.987149,240.224533,201.402008,-198.145615,-0.016433,0.497019,0.013931,0.867472,138.875916,327.960266,-142.467987,-0.000505,-0.044448,0.015408,0.998893,226.544556,163.010849,-177.577499,-0.119956,0.087176,-0.086430,0.985160,221.274261,183.646896,-198.912125
221,2.210000,-0.143528,0.031928,-0.031044,0.988644,199.621796,206.829514,-203.224030,-0.160857,0.008464,-0.002196,0.986939,240.235550,201.323608,-198.115295,-0.016663,0.496810,0.013473,0.867595,139.073166,327.915833,-142.807358,-0.000717,-0.044225,0.015436,0.998902,226.544281,163.024155,-177.530930,-0.118008,0.089896,-0.086219,0.985170,221.286453,183.535278,-198.859955
222,2.220000,-0.145493,0.032103,-0.032243,0.988312,199.646225,206.690506,-203.226303,-0.163086,0.008937,-0.001158,0.986571,240.259674,201.186905,-198.093979,-0.017142,0.496869,0.013444,0.867552,139.212677,327.804596,-143.129807,-0.000180,-0.042861,0.015442,0.998962,226.502670,163.074448,-177.472488,-0.116722,0.090523,-0.085611,0.985318,221.301407,183.411972,-198.812042
223,2.230000,-0.145949,0.033186,-0.030917,0.988252,199.658585,206.581955,-203.277954,-0.165004,0.008908,-0.001746,0.986251,240.274979,201.080139,-198.152267,-0.017429,0.496732,0.013064,0.867631,139.382889,327.836975,-143.436874,-0.000273,-0.041853,0.015330,0.999006,226.521851,163.083374,-177.479263,-0.116924,0.090115,-0.086122,0.985287,221.318253,183.311920,-198.804962
224,2.240000,-0.147157,0.032072,-0.031021,0.988106,199.654266,206.469604,-203.284943,-0.168614,0.002150,-0.003571,0.985673,240.273209,200.975494,-198.217743,-0.016945,0.497197,0.013797,0.867363,139.510544,327.889923,-143.693192,-0.000136,-0.041637,0.015399,0.999014,226.529999,163.093689,-177.453400,-0.118936,0.091018,-0.086147,0.984961,221.318573,183.192398,-198.797668
225,2.250000,-0.150121,0.031662,-0.032160,0.987637,199.691376,206.331894,-203.262283,-0.169804,-0.003339,-0.007160,0.985446,240.280212,200.924744,-198.217300,-0.016859,0.497002,0.013593,0.867479,139.672348,327.937775,-143.972809,0.000033,-0.041469,0.015260,0.999023,226.555069,163.102539,-177.386124,-0.116405,0.090329,-0.086101,0.985331,221.379105,183.065628,-198.700546
226,2.260000,-0.152515,0.032057,-0.031880,0.987267,199.763275,206.211945,-203.269775,-0.168333,0.002480,-0.006067,0.985708,240.347076,200.835678,-198.119644,-0.016783,0.496906,0.013609,0.867536,139.834671,327.991455,-144.278702,0.000323,-0.041720,0.015446,0.999010,226.596832,163.119308,-177.331711,-0.115733,0.090194,-0.084222,0.985585,221.456528,182.952621,-198.622879
227,2.270000,-0.154871,0.033368,-0.033332,0.986808,199.895584,206.108734,-203.267548,-0.166201,0.009605,-0.005188,0.986031,240.488724,200.718765,-198.051437,-0.016395,0.497235,0.014135,0.867346,139.982040,328.029358,-144.594818,0.000266,-0.042280,0.015279,0.998989,226.684692,163.127289,-177.272064,-0.116986,0.091737,-0.084105,0.985305,221.547806,182.846252,-198.558350
228,2.280000,-0.155409,0.033801,-0.031759,0.986761,200.068771,206.004440,-203.264740,-0.169843,0.008438,-0.001436,0.985434,240.660172,200.530975,-197.966568,-0.016366,0.496988,0.014159,0.867487,140.163132,328.065582,-144.920364,0.001668,-0.043988,0.015224,0.998915,226.780960,163.133759,-177.171310,-0.116870,0.095070,-0.087384,0.984717,221.712204,182.731003,-198.455322
229,2.290000,-0.157828,0.031890,-0.031928,0.986435,200.192978,205.871262,-203.274048,-0.175132,0.001542,-0.003673,0.984537,240.783035,200.389999,-197.934479,-0.015948,0.497105,0.014311,0.867426,140.360306,328.120239,-145.241791,0.001916,-0.044357,0.015021,0.998901,226.866150,163.147568,-177.094543,-0.117318,0.097015,-0.087447,0.984468,221.822861,182.599625,-198.358948
230,2.300000,-0.160518,0.030463,-0.031919,0.986046,200.325165,205.763489,-203.251892,-0.178551,-0.005582,-0.006071,0.983896,240.896576,200.293625,-197.871353,-0.015801,0.497102,0.014392,0.867429,140.581787,328.166046,-145.577103,0.002243,-0.044769,0.014761,0.998886,226.953583,163.156158,-177.016235,-0.116905,0.095116,-0.088376,0.984620,221.933624,182.497299,-198.257950
231,2.310000,-0.160472,0.029482,-0.032777,0.986056,200.436752,205.655869,-203.214279,-0.173908,0.001166,-0.007228,0.984735,240.959015,200.265076,-197.763885,-0.015862,0.497088,0.014026,0.867442,140.779953,328.156219,-145.925583,0.002117,-0.044793,0.014717,0.998886,227.008240,163.172043,-176.930145,-0.116152,0.094441,-0.087110,0.984887,222.036057,182.372833,-198.128464
232,2.320000,-0.162036,0.028569,-0.033063,0.985817,200.523178,205.501053,-203.171707,-0.176917,0.005893,-0.003925,0.984200,241.066864,200.053024,-197.568298,-0.016219,0.496929,0.013773,0.867530,140.980347,328.094116,-146.316345,0.002269,-0.044474,0.014753,0.998899,227.048370,163.191956,-176.827835,-0.116034,0.095924,-0.086462,0.984814,222.102264,182.228806,-197.993179
233,2.330000,-0.164948,0.028742,-0.033424,0.985317,200.556152,205.362427,-203.127106,-0.179833,0.004234,-0.004596,0.983677,241.087418,199.936279,-197.451981,-0.016645,0.496870,0.013510,0.867560,141.208054,327.996887,-146.730194,0.002686,-0.043877,0.014861,0.998923,227.049133,163.222946,-176.737534,-0.115927,0.099773,-0.088413,0.984271,222.123795,182.089249,-197.874573
234,2.340000,-0.167376,0.024241,-0.033757,0.985017,200.545471,205.212814,-203.121490,-0.182629,-0.000790,-0.004503,0.983171,241.077103,199.804688,-197.431305,-0.016933,0.497348,0.013864,0.867275,141.394806,327.891235,-147.109772,0.002417,-0.043500,0.014960,0.998939,227.010437,163.241394,-176.636566,-0.114903,0.101538,-0.089123,0.984147,222.094955,181.929504,-197.755768
235,2.350000,-0.169848,0.023103,-0.034064,0.984610,200.503525,205.029083,-203.143433,-0.185043,0.000118,-0.005104,0.982717,241.014252,199.623154,-197.368011,-0.018165,0.496635,0.012902,0.867673,141.642303,327.899017,-147.537842,0.002219,-0.043418,0.015074,0.998941,226.976059,163.238327,-176.624054,-0.116333,0.100221,-0.088878,0.984136,222.042953,181.758835,-197.676270
236,2.360000,-0.170647,0.024721,-0.034971,0.984401,200.448929,204.869186,-203.204010,-0.185939,0.003098,-0.005543,0.982541,240.961777,199.470535,-197.407425,-0.018284,0.496808,0.012818,0.867573,141.863617,328.005463,-147.898010,0.001995,-0.043214,0.015106,0.998950,226.943634,163.234268,-176.640808,-0.120803,0.097818,-0.088398,0.983882,221.964966,181.608795,-197.637253
237,2.370000,-0.172030,0.026017,-0.033540,0.984177,200.424011,204.701294,-203.243820,-0.191374,-0.003172,-0.007285,0.981485,240.918900,199.297226,-197.492722,-0.017872,0.497058,0.013307,0.867431,142.085968,328.072510,-148.249359,0.001965,-0.043145,0.015029,0.998954,226.931061,163.229202,-176.647812,-0.123856,0.094045,-0.087798,0.983924,221.932114,181.446045,-197.563675
238,2.380000,-0.175191,0.027409,-0.035527,0.983511,200.455505,204.535782,-203.276627,-0.189856,-0.007772,-0.009818,0.981732,240.946365,199.177399,-197.604996,-0.017563,0.497091,0.013489,0.867416,142.335770,328.116425,-148.630722,0.002161,-0.043145,0.015373,0.998948,226.969147,163.229370,-176.643616,-0.127288,0.090563,-0.087633,0.983828,221.936401,181.284271,-197.477325
239,2.390000,-0.177895,0.026977,-0.037239,0.982975,200.547470,204.370743,-203.323914,-0.193183,-0.002344,-0.008344,0.981125,241.028671,198.955841,-197.470627,-0.017730,0.496889,0.013299,0.867531,142.568054,328.128082,-149.025818,0.003130,-0.044292,0.015523,0.998893,227.017548,163.227264,-176.594345,-0.132408,0.089983,-0.088803,0.983100,221.987381,181.133728,-197.415039
240,2.400000,-0.180474,0.026540,-0.036133,0.982557,200.647125,204.197388,-203.308823,-0.194645,0.002265,-0.007484,0.980843,241.128922,198.785843,-197.379303,-0.017703,0.496767,0.013147,0.867604,142.792679,328.146851,-149.446899,0.002757,-0.044832,0.015502,0.998871,227.098206,163.234375,-176.513580,-0.134636,0.086444,-0.089340,0.983066,222.083618,180.979401,-197.267090
241,2.410000,-0.181507,0.026580,-0.034436,0.982427,200.767151,204.054459,-203.253860,-0.199845,-0.003934,-0.009311,0.979775,241.227783,198.597748,-197.305710,-0.017520,0.496808,0.013229,0.867583,143.057709,328.152161,-149.870590,0.002771,-0.044800,0.015237,0.998876,227.180664,163.251648,-176.412354,-0.136529,0.087011,-0.089294,0.982759,222.182556,180.836868,-197.111771
242,2.420000,-0.184521,0.024740,-0.034109,0.981925,200.875000,203.873795,-203.194092,-0.204441,-0.010726,-0.011797,0.978749,241.330215,198.417114,-197.167679,-0.017576,0.496536,0.013192,0.867738,143.300903,328.107483,-150.297028,0.003271,-0.044625,0.015241,0.998882,227.234940,163.262054,-176.307938,-0.138145,0.089672,-0.090753,0.982160,222.246658,180.639725,-196.940521
243,2.430000,-0.188011,0.021463,-0.034690,0.981319,200.964462,203.728149,-203.186508,-0.205476,-0.011249,-0.011314,0.978532,241.399231,198.240005,-197.082596,-0.017490,0.496671,0.013387,0.867660,143.518738,328.100159,-150.704880,0.003346,-0.044406,0.015372,0.998890,227.265594,163.269684,-176.225601,-0.138929,0.088711,-0.091674,0.982051,222.293503,180.489502,-196.787872
244,2.440000,-0.191191,0.019884,-0.034901,0.980731,200.992401,203.569214,-203.162262,-0.207260,-0.010432,-0.012351,0.978152,241.409897,198.079346,-197.012222,-0.017437,0.496860,0.013224,0.867555,143.738739,328.156982,-151.112778,0.003448,-0.044237,0.015506,0.998895,227.262939,163.278900,-176.177109,-0.141867,0.087085,-0.091681,0.981776,222.300537,180.342575,-196.673111
245,2.450000,-0.192256,0.021260,-0.034467,0.980509,201.013779,203.407593,-203.198563,-0.207955,-0.005581,-0.012225,0.978046,241.412979,197.922226,-196.925766,-0.017522,0.496664,0.013270,0.867665,143.928909,328.197327,-151.479324,0.003480,-0.044237,0.015631,0.998893,227.266037,163.272751,-176.163681,-0.144592,0.084895,-0.091510,0.981586,222.279480,180.201324,-196.572845
246,2.460000,-0.194317,0.022800,-0.034785,0.980057,201.021942,203.262009,-203.269150,-0.210925,-0.009119,-0.013209,0.977370,241.415527,197.764999,-197.012512,-0.017381,0.496879,0.013403,0.867542,144.146042,328.244812,-151.863541,0.003339,-0.044135,0.015690,0.998897,227.263092,163.271286,-176.189835,-0.152233,0.079289,-0.091712,0.980881,222.271805,180.071060,-196.545181
247,2.470000,-0.196486,0.021418,-0.035126,0.979643,201.047272,203.103516,-203.348083,-0.214089,-0.012777,-0.014364,0.976625,241.411530,197.612289,-197.058289,-0.017361,0.497099,0.013517,0.867415,144.369354,328.256927,-152.226913,0.003345,-0.044049,0.015763,0.998899,227.267441,163.270630,-176.212555,-0.157402,0.073672,-0.089910,0.980670,222.251251,179.941940,-196.479843
248,2.480000,-0.198105,0.020819,-0.035999,0.979298,201.090179,202.968552,-203.398605,-0.215206,-0.012209,-0.012956,0.976406,241.486160,197.454071,-197.057816,-0.017468,0.497036,0.013323,0.867452,144.585190,328.280029,-152.597672,0.003366,-0.044035,0.015905,0.998898,227.295441,163.271667,-176.219315,-0.165260,0.070283,-0.089229,0.979688,222.259079,179.786880,-196.433670
249,2.490000,-0.199141,0.021113,-0.037291,0.979034,201.142502,202.834641,-203.426712,-0.215588,-0.009015,-0.013122,0.976355,241.526489,197.331772,-197.016281,-0.017215,0.497388,0.013616,0.867250,144.786880,328.305725,-152.952408,0.003341,-0.043916,0.015899,0.998903,227.334015,163.270935,-176.220337,-0.170564,0.068225,-0.089560,0.978893,222.317108,179.661301,-196.353363
250,2.500000,-0.199766,0.020334,-0.036828,0.978940,201.243652,202.699219,-203.471313,-0.216070,-0.005198,-0.013427,0.976272,241.582260,197.205627,-196.985092,-0.017167,0.497295,0.013620,0.867305,144.997559,328.319916,-153.296356,0.003335,-0.043955,0.015911,0.998901,227.391327,163.265045,-176.212967,-0.225262,0.048982,-0.094557,0.968461,222.254974,179.752228,-195.727463
251,2.510000,-0.200605,0.020690,-0.036090,0.978789,201.325180,202.575974,-203.500854,-0.217022,-0.003412,-0.013640,0.976065,241.644760,197.077515,-196.941940,-0.017278,0.497189,0.013279,0.867368,145.227097,328.305878,-153.662781,0.003450,-0.043921,0.015851,0.998903,227.434692,163.268906,-176.194138,-0.250057,0.014466,-0.076623,0.965086,222.320557,179.662201,-195.589920
252,2.520000,-0.202208,0.020523,-0.036308,0.978454,201.381363,202.460342,-203.514359,-0.219501,-0.007878,-0.015431,0.975458,241.742859,196.947174,-196.944000,-0.017351,0.497175,0.013263,0.867375,145.452850,328.277466,-154.019333,0.003422,-0.043445,0.015988,0.998922,227.465134,163.279160,-176.180603,-0.254452,0.004188,-0.070632,0.964493,222.397064,179.526962,-195.535706
253,2.530000,-0.205056,0.018247,-0.039074,0.977800,201.470886,202.367462,-203.564514,-0.221451,-0.013411,-0.015809,0.974951,241.807800,196.816437,-196.935898,-0.017589,0.497034,0.012968,0.867456,145.666641,328.242035,-154.403961,0.003454,-0.043297,0.016145,0.998926,227.466095,163.279816,-176.172974,-0.256579,0.002986,-0.069683,0.964003,222.420944,179.397308,-195.507690
254,2.540000,-0.206737,0.016899,-0.039410,0.977457,201.477646,202.214676,-203.586227,-0.223800,-0.015146,-0.016737,0.974374,241.800461,196.685471,-196.890640,-0.017693,0.498486,0.013666,0.866610,145.876633,328.219513,-154.813614,0.003646,-0.042764,0.016898,0.998936,227.434784,163.267029,-176.149597,-0.256609,0.000850,-0.067812,0.964133,222.437897,179.231003,-195.411926
255,2.550000,-0.208353,0.018551,-0.038953,0.977102,201.424591,202.004929,-203.578339,-0.225853,-0.015108,-0.017147,0.973893,241.729935,196.517471,-196.827286,-0.017806,0.498917,0.013955,0.866354,146.082153,328.181366,-155.223740,0.002895,-0.038887,0.018427,0.999070,227.370407,163.247726,-176.103241,-0.257698,-0.004996,-0.060276,0.964331,222.377472,178.958984,-195.231430
256,2.560000,-0.211081,0.018222,-0.039299,0.976508,201.383774,201.822479,-203.582336,-0.227853,-0.015238,-0.018180,0.973406,241.676102,196.361588,-196.743637,-0.016950,0.499522,0.015383,0.865999,146.217041,328.155518,-155.533752,0.003043,-0.038699,0.018947,0.999067,227.293869,163.261063,-176.053802,-0.262442,-0.006253,-0.057465,0.963215,222.320129,178.780609,-195.123367
257,2.570000,-0.213967,0.017067,-0.039925,0.975876,201.380005,201.643311,-203.607819,-0.229889,-0.017295,-0.018376,0.972890,241.642883,196.210617,-196.694595,-0.017425,0.498854,0.014294,0.866393,146.461258,328.268524,-155.951187,0.003074,-0.038768,0.019136,0.999060,227.242462,163.266525,-176.038666,-0.263144,-0.005109,-0.056445,0.963090,222.285782,178.636444,-195.051605
258,2.580000,-0.215547,0.016572,-0.040082,0.975530,201.407639,201.476547,-203.650482,-0.231603,-0.018958,-0.019226,0.972436,241.656113,196.052368,-196.691406,-0.017349,0.498611,0.014118,0.866537,146.685883,328.307709,-156.323029,0.003107,-0.038838,0.019299,0.999054,227.223724,163.262985,-176.038757,-0.261929,-0.006267,-0.055906,0.963446,222.299301,178.491074,-194.992386
259,2.590000,-0.216813,0.016302,-0.039504,0.975277,201.471863,201.319260,-203.740448,-0.233043,-0.018975,-0.018065,0.972114,241.711472,195.901535,-196.714935,-0.017274,0.498799,0.014020,0.866432,146.942459,328.339203,-156.759521,0.003227,-0.039138,0.019096,0.999046,227.245529,163.238205,-176.054291,-0.264402,-0.005800,-0.057081,0.962704,222.350067,178.345123,-194.982803
260,2.600000,-0.219086,0.014725,-0.040088,0.974771,201.545212,201.162598,-203.847610,-0.233852,-0.017662,-0.017834,0.971948,241.794250,195.766663,-196.753098,-0.016981,0.498944,0.014420,0.866348,147.170639,328.368744,-157.164597,0.003327,-0.039221,0.019075,0.999043,227.270706,163.219391,-176.095947,-0.264557,-0.006425,-0.058678,0.962562,222.406586,178.203003,-194.960022
261,2.610000,-0.221722,0.013909,-0.042224,0.974096,201.623199,201.013641,-203.953140,-0.235414,-0.017878,-0.018877,0.971548,241.856949,195.623322,-196.797989,-0.017097,0.498887,0.014488,0.866377,147.418335,328.387665,-157.581055,0.003287,-0.039215,0.019051,0.999044,227.313461,163.205963,-176.152786,-0.266667,-0.005895,-0.060488,0.961871,222.472778,178.087234,-194.979935
262,2.620000,-0.223241,0.014132,-0.044466,0.973646,201.702225,200.863007,-204.049850,-0.236700,-0.017261,-0.019593,0.971232,241.902176,195.468002,-196.880280,-0.016273,0.499386,0.015449,0.866089,147.686569,328.401306,-158.007324,0.003092,-0.039005,0.018774,0.999058,227.358429,163.182602,-176.221191,-0.268123,-0.004907,-0.061329,0.961418,222.536407,177.937042,-195.028992
263,2.630000,-0.223095,0.014885,-0.040990,0.973821,201.804855,200.701294,-204.165985,-0.238924,-0.018324,-0.019476,0.970670,241.985916,195.298645,-196.914536,-0.015685,0.499950,0.016546,0.865754,147.932892,328.395203,-158.436279,0.002551,-0.039251,0.018621,0.999053,227.401825,163.163635,-176.283615,-0.267551,-0.006389,-0.062744,0.961477,222.572327,177.783783,-195.009842
264,2.640000,-0.225453,0.013273,-0.042067,0.973255,201.863785,200.539352,-204.257065,-0.240721,-0.019200,-0.020369,0.970191,242.026138,195.139771,-196.934418,-0.016641,0.499256,0.014901,0.866167,148.263412,328.456604,-158.948715,0.002572,-0.039191,0.018641,0.999055,227.426285,163.154633,-176.309677,-0.270837,-0.005429,-0.063344,0.960523,222.597549,177.624756,-195.001221
265,2.650000,-0.228269,0.009614,-0.043018,0.972600,201.904907,200.350769,-204.309738,-0.239899,-0.013776,-0.020435,0.970485,242.063019,195.017853,-196.883820,-0.016935,0.498921,0.014389,0.866362,148.524567,328.471893,-159.427872,0.002218,-0.039167,0.018407,0.999061,227.446213,163.163330,-176.335693,-0.271751,-0.008397,-0.064063,0.960196,222.649109,177.482193,-194.932678
266,2.660000,-0.231157,0.009927,-0.044932,0.971828,201.965546,200.190292,-204.385773,-0.240770,-0.016214,-0.022919,0.970176,242.075378,194.792450,-196.958954,-0.016303,0.499584,0.015710,0.865970,148.745193,328.493744,-159.840530,0.002167,-0.039163,0.018335,0.999062,227.459763,163.164963,-176.348282,-0.270323,-0.011079,-0.062407,0.960681,222.689331,177.322220,-194.894135
267,2.670000,-0.232718,0.009630,-0.045595,0.971427,202.014465,200.021484,-204.436737,-0.242295,-0.019056,-0.022725,0.969749,242.126190,194.630234,-196.968979,-0.015553,0.500452,0.016915,0.865459,148.964310,328.503967,-160.256500,0.002460,-0.038966,0.018615,0.999064,227.490982,163.156860,-176.348801,-0.272970,-0.009770,-0.062388,0.959948,222.718582,177.163864,-194.861282
268,2.680000,-0.234941,0.007118,-0.046393,0.970876,202.098434,199.879272,-204.522522,-0.243467,-0.017259,-0.023130,0.969480,242.179581,194.484543,-196.969040,-0.015416,0.500145,0.016967,0.865638,149.212662,328.497467,-160.703217,0.002463,-0.039112,0.018562,0.999059,227.505173,163.156525,-176.369293,-0.274379,-0.009731,-0.062333,0.959550,222.776093,177.044754,-194.823532
269,2.690000,-0.237441,0.004682,-0.047465,0.970230,202.163895,199.716171,-204.603149,-0.245471,-0.018471,-0.023651,0.968939,242.235382,194.340363,-196.989700,-0.015436,0.500252,0.016989,0.865576,149.468887,328.490753,-161.148071,0.002536,-0.039334,0.018578,0.999050,227.529129,163.146851,-176.405411,-0.276648,-0.008737,-0.062722,0.958882,222.823792,176.897583,-194.824371
270,2.700000,-0.238014,0.004900,-0.046585,0.970132,202.238358,199.572205,-204.703827,-0.247025,-0.019878,-0.024379,0.968499,242.292831,194.210037,-197.037552,-0.016389,0.499530,0.015230,0.866008,149.772034,328.536865,-161.669540,0.002394,-0.039340,0.018570,0.999050,227.572540,163.128769,-176.472519,-0.279481,-0.008278,-0.061573,0.958139,222.893906,176.784683,-194.840836
271,2.710000,-0.238989,0.005846,-0.047872,0.969824,202.314743,199.432465,-204.801498,-0.248011,-0.019226,-0.024060,0.968268,242.372131,194.059830,-197.090637,-0.016125,0.499693,0.015664,0.865911,150.016937,328.520294,-162.086914,0.002955,-0.039583,0.018588,0.999039,227.603455,163.125977,-176.556320,-0.278795,-0.010403,-0.061194,0.958343,222.939896,176.659164,-194.878464
272,2.720000,-0.239904,0.006536,-0.048266,0.969574,202.380951,199.294846,-204.909302,-0.246103,-0.026696,-0.024812,0.968558,242.400726,193.889862,-197.052505,-0.015283,0.500128,0.016849,0.865652,150.210953,328.492859,-162.444321,0.002984,-0.039781,0.018546,0.999032,227.627548,163.117310,-176.608139,-0.279891,-0.011136,-0.063126,0.957890,222.982422,176.538681,-194.883072
273,2.730000,-0.243641,0.005994,-0.049310,0.968593,202.426239,199.164383,-204.993576,-0.251331,-0.025132,-0.025681,0.967234,242.448090,193.795471,-197.150726,-0.015488,0.500249,0.016785,0.865580,150.446396,328.506897,-162.835724,0.004255,-0.041426,0.020008,0.998932,227.600830,163.137985,-176.602020,-0.281780,-0.009029,-0.063975,0.957301,222.988342,176.412079,-194.887512
274,2.740000,-0.245803,0.007757,-0.048287,0.968085,202.442123,199.019379,-205.033539,-0.253364,-0.020575,-0.026415,0.966791,242.457108,193.662292,-197.169861,-0.015317,0.500263,0.016837,0.865574,150.627457,328.536652,-163.200272,0.004296,-0.041477,0.019907,0.998932,227.587601,163.144760,-176.639435,-0.281796,-0.009944,-0.065057,0.957215,223.014313,176.316772,-194.860748
275,2.750000,-0.245844,0.009560,-0.048990,0.968023,202.470261,198.915771,-205.101212,-0.254538,-0.019847,-0.026599,0.966493,242.433319,193.551117,-197.186981,-0.015199,0.500493,0.017297,0.865435,150.794189,328.555664,-163.534470,0.003705,-0.040782,0.019971,0.998962,227.578979,163.131393,-176.686401,-0.282627,-0.012366,-0.064408,0.956985,223.021652,176.212051,-194.830475
276,2.760000,-0.247309,0.006972,-0.051046,0.967566,202.465546,198.822052,-205.197052,-0.255328,-0.021279,-0.026437,0.966259,242.449600,193.425293,-197.224899,-0.015232,0.500060,0.016963,0.865691,150.934174,328.571533,-163.832047,0.003587,-0.040471,0.020120,0.998972,227.567184,163.119431,-176.725006,-0.286479,-0.011683,-0.062772,0.955957,222.998016,176.080856,-194.858810
277,2.770000,-0.250666,0.001978,-0.052836,0.966629,202.462555,198.707611,-205.278854,-0.256844,-0.022938,-0.026636,0.965813,242.451721,193.298935,-197.260635,-0.015120,0.500502,0.017228,0.865432,151.104218,328.581482,-164.113434,0.003522,-0.040463,0.020198,0.998971,227.572220,163.106079,-176.765915,-0.285313,-0.010947,-0.062398,0.956338,223.003021,175.992966,-194.889801
278,2.780000,-0.252342,-0.001442,-0.053404,0.966162,202.494293,198.628021,-205.358414,-0.256339,-0.017533,-0.026443,0.966066,242.460419,193.213806,-197.258224,-0.015338,0.500234,0.016950,0.865588,151.238632,328.577698,-164.364441,0.003511,-0.040307,0.020135,0.998978,227.571503,163.094772,-176.809540,-0.285066,-0.011558,-0.062701,0.956385,223.010849,175.919037,-194.890732
279,2.790000,-0.249826,0.003728,-0.049907,0.966997,202.348709,198.651215,-205.340714,-0.255244,-0.012247,-0.025722,0.966457,242.451492,193.158264,-197.304794,-0.015247,0.500359,0.017188,0.865513,151.388336,328.585236,-164.587158,0.003395,-0.040218,0.020390,0.998977,227.572144,163.082138,-176.850540,-0.285864,-0.012373,-0.061948,0.956186,223.017059,175.845993,-194.885269
280,2.800000,-0.247011,0.008442,-0.048338,0.967769,202.338760,198.609833,-205.375351,-0.254863,-0.010761,-0.025479,0.966582,242.450943,193.071014,-197.320297,-0.015357,0.500506,0.017106,0.865428,151.537079,328.601318,-164.798737,0.003320,-0.040275,0.020451,0.998974,227.580826,163.073227,-176.870224,-0.288354,-0.010848,-0.062244,0.955437,223.009552,175.764114,-194.898315
281,2.810000,-0.247633,0.007666,-0.049370,0.967565,202.359222,198.570114,-205.402222,-0.256157,-0.011425,-0.026683,0.966199,242.472855,193.020187,-197.298599,-0.015232,0.500589,0.017244,0.865379,151.632523,328.601318,-164.956345,0.003346,-0.040265,0.020460,0.998974,227.587158,163.072922,-176.879135,-0.289228,-0.009781,-0.063204,0.955121,223.021255,175.712067,-194.868530
282,2.820000,-0.249434,0.005546,-0.051372,0.967012,202.368851,198.545258,-205.424667,-0.258860,-0.017181,-0.027564,0.965369,242.494339,192.925644,-197.321243,-0.014963,0.500613,0.017253,0.865370,151.727829,328.609955,-165.105606,0.003331,-0.040346,0.020477,0.998970,227.591461,163.071716,-176.885818,-0.288570,-0.010455,-0.063845,0.955270,223.031067,175.662430,-194.852158
283,2.830000,-0.250999,0.004808,-0.052667,0.966542,202.374863,198.515518,-205.460388,-0.261208,-0.023256,-0.028775,0.964573,242.504486,192.873062,-197.325043,-0.015085,0.500638,0.017083,0.865357,151.830521,328.619751,-165.264709,0.003267,-0.040433,0.020429,0.998968,227.578888,163.073868,-176.902969,-0.288161,-0.012417,-0.065082,0.955287,223.049530,175.607346,-194.804810
284,2.840000,-0.250791,0.004970,-0.051515,0.966657,202.378250,198.487350,-205.485550,-0.262565,-0.024622,-0.029478,0.964150,242.490784,192.811737,-197.322693,-0.015232,0.500591,0.017010,0.865383,151.897751,328.617950,-165.418106,0.003250,-0.040477,0.020548,0.998964,227.562103,163.068405,-176.920639,-0.288701,-0.014204,-0.064686,0.955126,223.053802,175.561249,-194.788757
285,2.850000,-0.249986,0.004184,-0.050271,0.966935,202.342209,198.440475,-205.504684,-0.263332,-0.024621,-0.030292,0.963915,242.489029,192.746719,-197.331741,-0.015053,0.500754,0.017567,0.865281,151.969284,328.612213,-165.583710,0.003279,-0.040623,0.020683,0.998955,227.549530,163.059402,-176.939194,-0.289607,-0.015110,-0.064104,0.954877,223.053787,175.511978,-194.775894
286,2.860000,-0.250783,0.004881,-0.050422,0.966717,202.267914,198.374359,-205.518280,-0.263239,-0.023959,-0.029558,0.963980,242.495316,192.669785,-197.357178,-0.015268,0.500539,0.017250,0.865408,152.058441,328.613739,-165.760071,0.003309,-0.040684,0.020809,0.998950,227.546982,163.047562,-176.953949,-0.290119,-0.015662,-0.063793,0.954734,223.058380,175.460129,-194.770493
287,2.870000,-0.252672,0.006323,-0.050388,0.966218,202.248535,198.328613,-205.554993,-0.261880,-0.018225,-0.029046,0.964491,242.504364,192.605164,-197.303146,-0.015422,0.500394,0.016920,0.865495,152.168457,328.622925,-165.968658,0.003406,-0.040727,0.020854,0.998947,227.551132,163.038208,-176.966827,-0.291566,-0.015603,-0.063889,0.954287,223.069244,175.395126,-194.774963
288,2.880000,-0.255332,0.008917,-0.050395,0.965498,202.275528,198.244980,-205.596664,-0.261171,-0.013310,-0.028627,0.964776,242.524109,192.531723,-197.290222,-0.015242,0.500447,0.017214,0.865462,152.280487,328.636932,-166.158783,0.003440,-0.040959,0.020913,0.998936,227.562805,163.034485,-176.987228,-0.293465,-0.015548,-0.063884,0.953706,223.079453,175.305450,-194.752289
289,2.890000,-0.255431,0.009893,-0.050330,0.965466,202.347534,198.184845,-205.648254,-0.262207,-0.014017,-0.029001,0.964474,242.563660,192.467468,-197.294128,-0.015385,0.500181,0.016944,0.865618,152.406433,328.646454,-166.367523,0.003599,-0.041240,0.020871,0.998925,227.580917,163.033554,-177.008102,-0.291873,-0.015000,-0.064098,0.954189,223.106125,175.240891,-194.771011
290,2.900000,-0.255870,0.008808,-0.050846,0.965333,202.383621,198.121887,-205.704834,-0.259703,-0.021933,-0.029945,0.964975,242.577774,192.366928,-197.227356,-0.015033,0.500704,0.017396,0.865313,152.546921,328.673523,-166.598770,0.003657,-0.041161,0.020893,0.998927,227.605438,163.026367,-177.031509,-0.290082,-0.014040,-0.065549,0.954651,223.125504,175.180679,-194.782501
291,2.910000,-0.257639,0.010627,-0.052395,0.964761,202.439255,198.057846,-205.753098,-0.261229,-0.026975,-0.031068,0.964400,242.622513,192.295990,-197.255188,-0.015038,0.500446,0.017233,0.865465,152.660675,328.681946,-166.808502,0.003555,-0.041227,0.020978,0.998923,227.625854,163.014771,-177.072739,-0.289804,-0.013876,-0.065980,0.954708,223.161346,175.138840,-194.805466
292,2.920000,-0.259472,0.011048,-0.054148,0.964168,202.452621,198.011459,-205.821960,-0.263749,-0.031602,-0.031979,0.963543,242.639603,192.215195,-197.354431,-0.015034,0.500387,0.017335,0.865498,152.778076,328.683441,-167.009506,0.003259,-0.041408,0.020925,0.998918,227.630264,163.005508,-177.128342,-0.291623,-0.012960,-0.066110,0.954158,223.175842,175.082184,-194.845642
293,2.930000,-0.258251,0.009996,-0.053001,0.964571,202.453293,197.965256,-205.913269,-0.266560,-0.037832,-0.033113,0.962506,242.631088,192.147247,-197.442902,-0.015147,0.500618,0.017298,0.865363,152.901108,328.698425,-167.223206,0.003420,-0.041445,0.020854,0.998917,227.625015,163.001465,-177.207306,-0.292715,-0.013253,-0.065923,0.953833,223.185150,175.033310,-194.891953
294,2.940000,-0.257144,0.006825,-0.052081,0.964945,202.435165,197.925018,-206.023026,-0.266458,-0.038121,-0.032496,0.962544,242.625519,192.058838,-197.510040,-0.015193,0.500342,0.017036,0.865527,152.993286,328.705109,-167.430710,0.003326,-0.041176,0.021017,0.998925,227.614868,162.982635,-177.288651,-0.294246,-0.013121,-0.065211,0.953412,223.161224,174.966370,-194.946640
295,2.950000,-0.255789,0.004189,-0.051777,0.965336,202.418213,197.872910,-206.118713,-0.266678,-0.037887,-0.032420,0.962495,242.604172,191.985016,-197.586533,-0.015105,0.500381,0.017185,0.865503,153.082565,328.707214,-167.615311,0.002632,-0.040332,0.021222,0.998958,227.595291,162.968231,-177.380341,-0.294578,-0.014580,-0.065613,0.953261,223.141495,174.908096,-194.992874
296,2.960000,-0.255914,0.004594,-0.050597,0.965364,202.366974,197.822723,-206.181839,-0.267534,-0.038038,-0.033010,0.962231,242.564087,191.916229,-197.647156,-0.015062,0.500437,0.017313,0.865469,153.172592,328.703217,-167.768707,0.003265,-0.040165,0.021305,0.998961,227.571213,162.952301,-177.461578,-0.292457,-0.014382,-0.066159,0.953879,223.104919,174.846786,-195.069626
297,2.970000,-0.257341,0.004128,-0.050806,0.964975,202.316452,197.766891,-206.246185,-0.271345,-0.031378,-0.032913,0.961407,242.571457,191.884048,-197.776886,-0.015307,0.500461,0.016888,0.865459,153.269577,328.710938,-167.908524,0.003253,-0.040152,0.021209,0.998963,227.547516,162.937714,-177.508774,-0.292294,-0.012748,-0.068270,0.953803,223.088120,174.809586,-195.128555
298,2.980000,-0.261396,0.004423,-0.051649,0.963839,202.299072,197.710876,-206.266708,-0.270794,-0.024525,-0.031684,0.961803,242.568283,191.847656,-197.826950,-0.015370,0.500405,0.016790,0.865492,153.331848,328.709839,-167.996582,0.003246,-0.040125,0.021252,0.998963,227.542038,162.931305,-177.531876,-0.292444,-0.012089,-0.068843,0.953725,223.081635,174.777206,-195.127457
299,2.990000,-0.261432,0.006573,-0.051030,0.963850,202.328445,197.674713,-206.261246,-0.270492,-0.023444,-0.031733,0.961914,242.564514,191.823990,-197.825302,-0.015169,0.500636,0.016971,0.865359,153.380981,328.694763,-168.045654,0.003216,-0.040065,0.021276,0.998965,227.553375,162.930115,-177.533356,-0.292774,-0.012134,-0.068473,0.953650,223.082306,174.762375,-195.119568
300,3.000000,-0.261384,0.006888,-0.051596,0.963830,202.318665,197.669647,-206.257828,-0.270552,-0.023717,-0.031869,0.961885,242.569611,191.816727,-197.807907,-0.015245,0.500541,0.016714,0.865417,153.396881,328.681152,-168.029633,0.003233,-0.039995,0.021274,0.998968,227.564743,162.931641,-177.525116,-0.293067,-0.012141,-0.068015,0.953592,223.088730,174.760498,-195.104431
301,3.010000,-0.261015,0.005610,-0.053165,0.963853,202.309570,197.680054,-206.221008,-0.270505,-0.023865,-0.031796,0.961897,242.570847,191.816864,-197.784500,-0.015233,0.500577,0.016655,0.865398,153.399292,328.681885,-167.984604,0.003563,-0.039973,0.021313,0.998967,227.568024,162.942017,-177.511902,-0.293464,-0.011999,-0.067256,0.953526,223.090240,174.767700,-195.081573
302,3.020000,-0.261134,0.006133,-0.054735,0.963730,202.287003,197.704376,-206.167206,-0.267438,-0.031349,-0.032815,0.962506,242.531296,191.802368,-197.654388,-0.015140,0.500474,0.016569,0.865460,153.387985,328.674927,-167.901703,0.003326,-0.039834,0.021391,0.998972,227.549820,162.945618,-177.484528,-0.292334,-0.012812,-0.066628,0.953906,223.064285,174.787338,-195.047226
303,3.030000,-0.259251,0.006366,-0.053858,0.964286,202.229614,197.718414,-206.106247,-0.268563,-0.038066,-0.033215,0.961937,242.473709,191.821732,-197.610992,-0.015028,0.500479,0.016669,0.865458,153.347031,328.682983,-167.791321,0.003350,-0.039678,0.021655,0.998972,227.498260,162.955765,-177.460510,-0.291713,-0.014143,-0.065987,0.954122,223.016495,174.810135,-195.016571
304,3.040000,-0.259665,0.005533,-0.051959,0.964284,202.142426,197.774994,-206.064285,-0.268367,-0.037774,-0.032823,0.962016,242.396591,191.846436,-197.577301,-0.015063,0.500470,0.016512,0.865466,153.286652,328.684662,-167.652664,0.003535,-0.039379,0.021776,0.998981,227.430710,162.958054,-177.433792,-0.290457,-0.015284,-0.067264,0.954399,222.929962,174.823349,-194.989029
305,3.050000,-0.258859,0.005852,-0.051003,0.964550,202.055878,197.813660,-206.024109,-0.267432,-0.036044,-0.032738,0.962346,242.300812,191.869308,-197.563797,-0.015326,0.500228,0.016215,0.865606,153.186432,328.659851,-167.476364,0.003766,-0.039399,0.021822,0.998978,227.368668,162.957031,-177.419937,-0.290539,-0.014153,-0.066633,0.954435,222.814255,174.830734,-194.972824
306,3.060000,-0.255890,0.005429,-0.049377,0.965429,201.969513,197.887634,-206.000473,-0.267366,-0.035659,-0.033759,0.962343,242.171417,191.915802,-197.582779,-0.015498,0.500388,0.016186,0.865511,153.085297,328.630798,-167.272736,0.003729,-0.039116,0.021956,0.998987,227.322098,162.957825,-177.424667,-0.293999,-0.013221,-0.065181,0.953489,222.741653,174.893402,-194.973206
307,3.070000,-0.255978,0.005572,-0.049157,0.965416,201.823425,197.961075,-205.978241,-0.266724,-0.035996,-0.033821,0.962507,242.091049,191.964050,-197.600479,-0.015747,0.500001,0.015561,0.865742,152.945404,328.582214,-166.997162,0.003667,-0.038709,0.022057,0.999000,227.264114,162.972534,-177.430679,-0.295177,-0.014390,-0.063640,0.953212,222.668564,174.971893,-195.016068
308,3.080000,-0.252887,0.008758,-0.053089,0.965998,201.664017,198.037079,-205.948410,-0.265333,-0.035362,-0.033046,0.962941,242.012314,192.025101,-197.617722,-0.015734,0.500113,0.015631,0.865676,152.771393,328.528198,-166.653122,0.003682,-0.038585,0.022073,0.999005,227.213272,162.985138,-177.438049,-0.294360,-0.014524,-0.063454,0.953475,222.594070,175.058121,-195.042557
309,3.090000,-0.249591,0.012021,-0.054701,0.966730,201.585449,198.168060,-205.893265,-0.264705,-0.035074,-0.032577,0.963141,241.900742,192.128113,-197.602188,-0.016120,0.499977,0.015315,0.865753,152.574448,328.454681,-166.247147,0.003525,-0.037996,0.022350,0.999022,227.154694,162.982300,-177.422104,-0.290920,-0.016384,-0.064514,0.954429,222.496918,175.154709,-195.033508
310,3.100000,-0.248989,0.013871,-0.055124,0.966837,201.422638,198.265244,-205.767685,-0.263470,-0.034017,-0.032588,0.963517,241.774719,192.241241,-197.537476,-0.016433,0.499664,0.014900,0.865935,152.323380,328.388977,-165.790466,0.003757,-0.037780,0.022076,0.999035,227.064041,163.011124,-177.382278,-0.289690,-0.014715,-0.063669,0.954887,222.366211,175.251328,-195.012283
311,3.110000,-0.248373,0.012134,-0.056490,0.966940,201.272568,198.453079,-205.595779,-0.265011,-0.028264,-0.030751,0.963340,241.675629,192.394226,-197.520126,-0.016823,0.499319,0.014487,0.866134,152.029404,328.330872,-165.230865,0.004374,-0.037575,0.022417,0.999033,226.967667,163.015869,-177.301376,-0.292067,-0.013850,-0.062529,0.954251,222.254288,175.407822,-194.960907
312,3.120000,-0.246991,0.013982,-0.055132,0.967347,201.047562,198.606201,-205.398987,-0.262528,-0.020073,-0.029130,0.964276,241.482895,192.553879,-197.375305,-0.017099,0.499486,0.014457,0.866033,151.670471,328.273987,-164.522095,0.004603,-0.038014,0.023033,0.999001,226.817139,163.059433,-177.174194,-0.289181,-0.015945,-0.062068,0.955127,222.098633,175.585342,-194.858490
313,3.130000,-0.244068,0.014265,-0.053061,0.968200,200.821228,198.838181,-205.214218,-0.260138,-0.019593,-0.028767,0.964944,241.297974,192.739487,-197.241806,-0.017266,0.499365,0.014264,0.866102,151.277222,328.196655,-163.794571,0.005131,-0.038324,0.023663,0.998972,226.658142,163.095993,-177.041107,-0.287253,-0.013521,-0.061189,0.955803,221.899246,175.768173,-194.794571
314,3.140000,-0.240738,0.012923,-0.051686,0.969127,200.590652,199.064590,-204.981354,-0.258170,-0.020125,-0.029513,0.965439,241.080490,192.943436,-197.109467,-0.017817,0.499233,0.013714,0.866176,150.832764,328.092712,-162.972794,0.005036,-0.036786,0.022128,0.999066,226.527756,163.071640,-176.962097,-0.285557,-0.012483,-0.061915,0.956278,221.730499,175.984451,-194.717850
315,3.150000,-0.236825,0.014951,-0.048910,0.970205,200.349701,199.326492,-204.801834,-0.253973,-0.015590,-0.029270,0.966643,240.876266,193.168304,-196.946762,-0.018342,0.498995,0.013150,0.866311,150.328049,327.956055,-162.081635,0.004715,-0.036007,0.021669,0.999106,226.401962,163.090134,-176.904739,-0.283456,-0.011386,-0.060401,0.957014,221.517914,176.207230,-194.679855
316,3.160000,-0.232110,0.016436,-0.049117,0.971310,200.081482,199.618301,-204.596771,-0.251655,-0.015946,-0.028943,0.967253,240.647003,193.375259,-196.910309,-0.018922,0.498922,0.012952,0.866344,149.798096,327.808380,-161.111816,0.005168,-0.035752,0.022662,0.999090,226.257370,163.105423,-176.846802,-0.279353,-0.012733,-0.060263,0.958211,221.340897,176.478058,-194.692337
317,3.170000,-0.226771,0.016495,-0.046869,0.972680,199.819199,199.923157,-204.412445,-0.250044,-0.017243,-0.028920,0.967649,240.457672,193.587219,-196.863937,-0.019513,0.498731,0.012302,0.866450,149.236725,327.645569,-160.058975,0.005441,-0.034899,0.022590,0.999121,226.108780,163.111786,-176.820801,-0.278785,-0.010381,-0.059866,0.958430,221.120499,176.764297,-194.759293
318,3.180000,-0.221442,0.017214,-0.046630,0.973906,199.533859,200.269852,-204.245300,-0.250251,-0.017989,-0.027937,0.967611,240.233673,193.937988,-196.820709,-0.020261,0.498317,0.011871,0.866677,148.607635,327.468231,-158.954636,0.005149,-0.034118,0.022425,0.999153,225.979324,163.124359,-176.838440,-0.275772,-0.009221,-0.059186,0.959355,220.896637,177.070450,-194.840820
319,3.190000,-0.219892,0.018402,-0.047107,0.974212,199.228729,200.633286,-204.098190,-0.246931,-0.017392,-0.026397,0.968517,239.981918,194.228592,-196.812851,-0.021022,0.498071,0.011192,0.866809,147.923080,327.295532,-157.803467,0.005313,-0.033363,0.022682,0.999172,225.777008,163.147018,-176.863098,-0.272937,-0.010957,-0.057990,0.960220,220.666550,177.407211,-194.885696
320,3.200000,-0.214931,0.018352,-0.045184,0.975411,198.904724,200.992828,-203.909042,-0.241424,-0.012585,-0.025466,0.970004,239.696579,194.607010,-196.765884,-0.021708,0.496748,0.009872,0.867567,147.137909,327.047638,-156.501038,0.005107,-0.032756,0.023339,0.999178,225.600983,163.147064,-176.855515,-0.269695,-0.011023,-0.055133,0.961303,220.399994,177.764908,-194.979965
321,3.210000,-0.222588,0.028996,-0.042955,0.973534,198.591980,201.453125,-203.863464,-0.236779,-0.011627,-0.023750,0.971204,239.365723,194.962708,-196.803818,-0.022677,0.496206,0.009005,0.867862,146.333572,326.840424,-155.214096,0.005758,-0.032016,0.023467,0.999195,225.362564,163.143188,-176.884018,-0.266820,-0.012137,-0.054397,0.962134,220.142181,178.168991,-195.059998
322,3.220000,-0.208746,0.027432,-0.042235,0.976672,198.135696,201.824905,-203.435440,-0.233653,-0.012902,-0.021763,0.971991,239.010391,195.328247,-196.742096,-0.023325,0.496077,0.008408,0.867925,145.499786,326.638092,-153.829758,0.005595,-0.031064,0.023921,0.999215,225.130203,163.160233,-176.854614,-0.262510,-0.011403,-0.052892,0.963411,219.822723,178.538834,-195.094833
323,3.230000,-0.199920,0.026045,-0.037507,0.978748,197.706314,202.259216,-203.084396,-0.230436,-0.012340,-0.022115,0.972758,238.601974,195.731949,-196.603119,-0.023753,0.496033,0.008034,0.867942,144.623352,326.479736,-152.322113,0.006097,-0.030377,0.024056,0.999230,224.847290,163.177368,-176.703812,-0.259538,-0.007732,-0.052053,0.964298,219.439194,178.933090,-195.015274
324,3.240000,-0.196798,0.029814,-0.035021,0.979365,197.259140,202.690475,-202.629700,-0.226301,-0.011675,-0.021185,0.973757,238.241989,196.134735,-196.367249,-0.023919,0.495989,0.007788,0.867965,143.718353,326.352509,-150.776871,0.006418,-0.029147,0.024527,0.999254,224.564011,163.222641,-176.518509,-0.258523,-0.003240,-0.051624,0.964619,219.073654,179.340607,-194.859207
325,3.250000,-0.192640,0.032343,-0.033284,0.980172,196.900803,203.137192,-202.140747,-0.219375,-0.004639,-0.018582,0.975453,237.937500,196.566422,-196.019440,-0.024444,0.495805,0.006935,0.868062,142.744354,326.237366,-149.083450,0.007551,-0.028622,0.025011,0.999249,224.341095,163.282715,-176.272141,-0.253695,-0.001900,-0.052572,0.965853,218.800995,179.803894,-194.665375
326,3.260000,-0.186763,0.033811,-0.032096,0.981298,196.555252,203.624832,-201.597366,-0.214231,-0.003083,-0.017443,0.976623,237.652115,197.004425,-195.747238,-0.025017,0.495346,0.006161,0.868313,141.793686,326.105774,-147.384445,0.008866,-0.029087,0.025342,0.999216,224.120544,163.331741,-175.987213,-0.250306,-0.001760,-0.050438,0.966850,218.544891,180.255737,-194.455612
327,3.270000,-0.183132,0.035035,-0.030716,0.981984,196.247421,204.124435,-201.062347,-0.211882,-0.006018,-0.017917,0.977112,237.394958,197.442780,-195.419952,-0.025388,0.495475,0.005703,0.868232,140.821564,325.968842,-145.666351,0.010016,-0.027100,0.025032,0.999269,223.929459,163.395615,-175.753952,-0.246768,-0.002883,-0.049026,0.967830,218.301651,180.758270,-194.262207
328,3.280000,-0.176002,0.038881,-0.029803,0.983170,195.886658,204.604248,-200.421585,-0.206114,-0.000415,-0.015863,0.978399,237.081314,197.889938,-195.008179,-0.025402,0.495362,0.005220,0.868300,139.795471,325.825287,-143.958969,0.011097,-0.025200,0.025165,0.999304,223.719498,163.456009,-175.504028,-0.235250,-0.004061,-0.050338,0.970622,217.958389,181.153824,-194.029160
329,3.290000,-0.170748,0.039217,-0.028304,0.984127,195.469299,205.073364,-199.812149,-0.201779,-0.000474,-0.013996,0.979331,236.702515,198.321487,-194.655670,-0.025736,0.495510,0.004755,0.868208,138.778778,325.682648,-142.231888,0.011890,-0.024449,0.025777,0.999298,223.460144,163.542297,-175.157852,-0.221381,0.004555,-0.052585,0.973758,217.606415,181.552399,-193.778046
330,3.300000,-0.167030,0.041541,-0.026475,0.984721,195.063004,205.523987,-199.173859,-0.194809,0.005539,-0.012228,0.980749,236.312790,198.737076,-194.196716,-0.026188,0.495452,0.004365,0.868229,137.760635,325.518066,-140.500381,0.013174,-0.023268,0.025939,0.999306,223.169159,163.611404,-174.864609,-0.210215,0.004321,-0.041900,0.976747,217.352448,181.797623,-193.451721
331,3.310000,-0.159981,0.044594,-0.026196,0.985764,194.684769,206.020065,-198.541229,-0.192182,0.005033,-0.011114,0.981284,235.980957,199.173126,-193.840973,-0.026383,0.495595,0.003717,0.868145,136.752869,325.399628,-138.745728,0.008821,-0.017272,0.026054,0.999472,222.962555,163.693115,-174.710815,-0.202903,0.000185,-0.033599,0.978622,217.082504,182.181763,-193.292145
332,3.320000,-0.153953,0.044951,-0.024623,0.986748,194.254623,206.432541,-197.974564,-0.188182,0.002132,-0.011178,0.982068,235.573792,199.605774,-193.489594,-0.026524,0.495312,0.003198,0.868304,135.761688,325.289886,-136.955017,0.013448,-0.021879,0.027139,0.999302,222.716156,163.693436,-174.368896,-0.193615,0.000405,-0.029666,0.980629,216.798416,182.558990,-193.140549
333,3.330000,-0.150190,0.047664,-0.022932,0.987241,193.870270,206.776337,-197.428864,-0.182491,0.008226,-0.008763,0.983134,235.215027,199.944138,-193.060425,-0.026344,0.495786,0.003651,0.868037,134.717789,325.257965,-135.092941,0.011175,-0.017143,0.027318,0.999417,222.456406,163.766846,-174.219376,-0.183357,-0.002996,-0.024340,0.982741,216.510452,182.846069,-192.971603
334,3.340000,-0.144428,0.048003,-0.020221,0.988143,193.706131,207.062866,-197.031662,-0.178973,0.007595,-0.007501,0.983796,235.092377,200.228271,-192.768494,-0.025579,0.495962,0.004518,0.867956,133.514526,325.381195,-133.044632,0.014429,-0.020988,0.027334,0.999302,222.267349,163.783325,-173.900040,-0.177292,-0.009484,-0.017440,0.983958,216.384277,183.083969,-192.785217
335,3.350000,-0.139196,0.047593,-0.020089,0.988917,193.815552,207.290939,-196.837692,-0.174731,0.010533,-0.006752,0.984537,235.127716,200.473648,-192.493286,-0.024751,0.496368,0.005941,0.867739,132.268539,325.674988,-130.914413,0.014954,-0.021789,0.027124,0.999283,222.298615,163.816315,-173.757523,-0.175511,-0.012507,-0.017268,0.984247,216.481598,183.328613,-192.631561
336,3.360000,-0.138021,0.046422,-0.021981,0.989097,194.042465,207.454163,-196.732025,-0.171570,0.014523,-0.006321,0.985045,235.373505,200.638535,-192.357330,-0.023773,0.496550,0.006990,0.867655,131.029404,325.989929,-128.808762,0.014967,-0.021971,0.026644,0.999292,222.468719,163.834076,-173.724014,-0.179229,-0.009486,-0.019756,0.983563,216.672546,183.516953,-192.510941
337,3.370000,-0.137668,0.046652,-0.021935,0.989136,194.337067,207.568680,-196.754349,-0.170044,0.014785,-0.004854,0.985314,235.685150,200.727310,-192.377853,-0.023251,0.496468,0.007536,0.867711,129.857407,326.054260,-126.721413,0.015008,-0.022309,0.026367,0.999291,222.701080,163.836258,-173.761063,-0.181573,-0.001426,-0.028181,0.982973,216.927032,183.696426,-192.393097
338,3.380000,-0.136388,0.047902,-0.022405,0.989243,194.670456,207.619019,-196.825562,-0.172269,0.009801,-0.007451,0.984973,236.014893,200.712677,-192.571426,-0.024409,0.495611,0.006327,0.868179,128.771149,325.860901,-124.864738,0.015743,-0.021799,0.025613,0.999310,223.011185,163.814758,-173.883331,-0.189280,0.009626,-0.037579,0.981157,217.139130,183.758347,-192.340836
339,3.390000,-0.136147,0.048520,-0.022601,0.989242,194.992599,207.605042,-196.990402,-0.170742,0.013579,-0.007541,0.985193,236.338303,200.642014,-192.736984,-0.024005,0.496096,0.005921,0.867916,127.519966,325.630157,-122.826050,0.014427,-0.021892,0.024733,0.999350,223.316727,163.781265,-174.016617,-0.199293,0.023726,-0.048907,0.978431,217.386368,183.779144,-192.336929
340,3.400000,-0.137654,0.048272,-0.022020,0.989058,195.337082,207.556458,-197.214417,-0.170569,0.017315,-0.008070,0.985161,236.624573,200.556427,-192.843002,-0.024266,0.496067,0.005272,0.867929,126.432999,325.555786,-120.965294,0.014212,-0.022228,0.024198,0.999359,223.544174,163.768448,-174.147751,-0.204744,0.034272,-0.057931,0.976499,217.602234,183.744370,-192.291489
341,3.410000,-0.138846,0.049723,-0.022543,0.988808,195.750626,207.411774,-197.593597,-0.173896,0.010573,-0.009196,0.984664,237.028336,200.406052,-193.114487,-0.023589,0.495812,0.006108,0.868088,125.223083,325.565125,-118.856392,0.010060,-0.017976,0.023797,0.999505,223.810974,163.771896,-174.454147,-0.214267,0.045659,-0.069585,0.973223,217.898560,183.659622,-192.316238
342,3.420000,-0.140136,0.047748,-0.023533,0.988700,196.087357,207.245193,-198.082245,-0.174997,0.009668,-0.008950,0.984481,237.371887,200.242920,-193.421829,-0.023137,0.496192,0.006733,0.867878,124.064011,325.601990,-116.827644,0.012695,-0.021491,0.023750,0.999406,223.976578,163.694275,-174.676010,-0.223752,0.063003,-0.083658,0.969003,218.128937,183.571396,-192.418640
343,3.430000,-0.144260,0.044731,-0.025441,0.988201,196.212540,207.020645,-198.624146,-0.178223,0.006243,-0.010432,0.983915,237.499420,200.045914,-193.879868,-0.023522,0.495255,0.005984,0.868409,122.894051,325.570160,-114.807274,0.013455,-0.021288,0.023371,0.999410,224.008011,163.653030,-174.991104,-0.229611,0.077736,-0.096130,0.965399,218.184052,183.450546,-192.566010
344,3.440000,-0.145240,0.045231,-0.026126,0.988017,196.149200,206.783417,-199.021805,-0.180660,0.008754,-0.010032,0.983456,237.413452,199.840195,-194.218140,-0.023774,0.495350,0.005896,0.868348,121.714722,325.460022,-112.783493,0.013800,-0.021071,0.023656,0.999403,223.959717,163.591446,-175.291748,-0.233443,0.084226,-0.103484,0.963173,218.092087,183.245850,-192.724548
345,3.450000,-0.146336,0.043191,-0.026081,0.987947,196.035385,206.579178,-199.361008,-0.184165,0.005083,-0.011276,0.982818,237.251068,199.644470,-194.565323,-0.024364,0.495405,0.005519,0.868303,120.590027,325.367310,-110.806816,0.012587,-0.021032,0.023869,0.999415,223.834824,163.542755,-175.506805,-0.235431,0.089472,-0.106572,0.961878,217.931412,183.049683,-192.916550
346,3.460000,-0.148557,0.042175,-0.026683,0.987644,195.782532,206.368958,-199.519424,-0.183335,0.007996,-0.009730,0.982970,237.075089,199.489532,-194.663376,-0.023410,0.496449,0.006975,0.867722,119.429367,325.337311,-108.718391,0.011960,-0.020899,0.024182,0.999418,223.674637,163.531845,-175.592438,-0.233961,0.088101,-0.104722,0.962566,217.762787,182.830643,-193.057739
347,3.470000,-0.147631,0.042212,-0.025910,0.987802,195.598526,206.243042,-199.601669,-0.184061,0.010918,-0.007253,0.982827,236.860229,199.385971,-194.717697,-0.023621,0.496623,0.006651,0.867619,118.303101,325.368683,-106.733055,0.012238,-0.020952,0.024498,0.999405,223.480515,163.520569,-175.597839,-0.231551,0.083104,-0.099692,0.964126,217.631180,182.698532,-193.216583
348,3.480000,-0.148382,0.041575,-0.026610,0.987697,195.391312,206.166977,-199.631119,-0.185164,0.010719,-0.009128,0.982607,236.634705,199.373001,-194.706787,-0.023910,0.496400,0.007127,0.867736,117.154716,325.348297,-104.715599,0.011522,-0.021114,0.025402,0.999388,223.264709,163.529480,-175.574493,-0.226382,0.075922,-0.093933,0.966522,217.515549,182.618088,-193.369949
349,3.490000,-0.149267,0.042912,-0.025167,0.987545,195.220383,206.209625,-199.592392,-0.186906,0.004796,-0.009321,0.982322,236.489243,199.410263,-194.721909,-0.024185,0.496140,0.006964,0.867878,116.085434,325.300873,-102.835655,0.011895,-0.021706,0.025338,0.999372,223.120804,163.521637,-175.548492,-0.220312,0.066212,-0.084057,0.969543,217.452545,182.615372,-193.503983
350,3.500000,-0.151372,0.043718,-0.026020,0.987167,195.074707,206.270096,-199.480438,-0.186966,-0.000576,-0.009550,0.982320,236.409241,199.500381,-194.643341,-0.024122,0.495961,0.006906,0.867982,115.030411,325.215698,-101.022697,0.011975,-0.021925,0.025234,0.999369,223.032318,163.531433,-175.504639,-0.214629,0.056787,-0.075723,0.972099,217.422104,182.644684,-193.646332
351,3.510000,-0.151422,0.045298,-0.024968,0.987115,195.003830,206.358124,-199.333389,-0.185130,0.004971,-0.008196,0.982667,236.327835,199.576431,-194.454697,-0.024104,0.495951,0.006805,0.867989,114.026108,325.160065,-99.306114,0.012313,-0.022290,0.025605,0.999348,222.974228,163.542984,-175.425018,-0.207746,0.047776,-0.066304,0.974763,217.408386,182.686340,-193.758423
352,3.520000,-0.151272,0.046333,-0.024811,0.987094,194.998596,206.483841,-199.165497,-0.183160,0.010791,-0.007826,0.982993,236.266632,199.691391,-194.301315,-0.023880,0.495820,0.006882,0.868069,113.027016,325.133301,-97.603966,0.012445,-0.022455,0.025615,0.999342,222.961975,163.552826,-175.348740,-0.201646,0.038036,-0.057711,0.977017,217.446274,182.737732,-193.862000
353,3.530000,-0.151728,0.045205,-0.024757,0.987078,195.009048,206.579163,-199.025635,-0.183720,0.004693,-0.008876,0.982927,236.304184,199.785477,-194.252304,-0.023389,0.495482,0.006627,0.868278,112.009048,325.136169,-95.933395,0.012493,-0.022746,0.025490,0.999338,222.990936,163.561783,-175.263992,-0.193303,0.026939,-0.049709,0.979509,217.516998,182.819794,-193.918167
354,3.540000,-0.152074,0.046075,-0.024732,0.986985,195.067383,206.664383,-198.890839,-0.178966,0.001398,-0.009528,0.983808,236.405060,199.916351,-194.189621,-0.023402,0.495473,0.006296,0.868285,111.063660,325.116974,-94.341248,0.013258,-0.024098,0.025694,0.999291,223.091492,163.539322,-175.174652,-0.190541,0.014042,-0.043777,0.980602,217.570938,182.905228,-194.012695
355,3.550000,-0.150225,0.046662,-0.022666,0.987290,195.160645,206.764496,-198.794678,-0.174348,0.009055,-0.008001,0.984610,236.460220,199.985855,-193.999741,-0.023021,0.495217,0.006531,0.868440,110.156029,325.070679,-92.802887,0.013533,-0.024622,0.025639,0.999276,223.158630,163.557266,-175.080734,-0.194159,-0.001949,-0.038146,0.980226,217.665268,182.939514,-193.976257
356,3.560000,-0.147463,0.047067,-0.022106,0.987700,195.239441,206.810974,-198.710236,-0.175159,0.007491,-0.008307,0.984477,236.524933,200.011597,-193.957535,-0.023391,0.495166,0.006209,0.868462,109.354759,325.029999,-91.372437,0.013397,-0.024766,0.025533,0.999277,223.204590,163.577698,-175.023590,-0.198753,-0.017427,-0.030464,0.979421,217.731339,182.953964,-193.949493
357,3.570000,-0.147827,0.046303,-0.022786,0.987666,195.272537,206.826431,-198.688522,-0.175362,0.003388,-0.008996,0.984457,236.556931,200.031509,-193.954453,-0.023152,0.495382,0.006604,0.868342,108.598198,324.984741,-89.995689,0.013469,-0.024934,0.025375,0.999276,223.234161,163.584503,-175.002853,-0.201771,-0.028654,-0.024367,0.978710,217.788956,182.967957,-193.956665
358,3.580000,-0.146942,0.045764,-0.023064,0.987817,195.274124,206.825912,-198.733978,-0.175587,0.003402,-0.008983,0.984417,236.558609,200.026672,-193.993744,-0.023184,0.495566,0.006802,0.868234,107.946823,324.976227,-88.735085,0.009343,-0.020128,0.025072,0.999439,223.276123,163.606964,-175.145920,-0.202644,-0.035114,-0.020935,0.978399,217.801193,182.956604,-194.008530
359,3.590000,-0.144911,0.045620,-0.023231,0.988119,195.267136,206.804626,-198.822906,-0.175671,0.008350,-0.008343,0.984378,236.543976,199.996216,-194.002884,-0.023527,0.495545,0.006445,0.868240,107.310280,324.969391,-87.554359,0.007760,-0.018450,0.025015,0.999487,223.285706,163.602249,-175.278229,-0.196187,-0.043449,-0.026377,0.979248,217.827972,182.849533,-193.936386
360,3.600000,-0.145368,0.042621,-0.024558,0.988154,195.249115,206.751373,-198.983582,-0.174992,0.013080,-0.007463,0.984455,236.529312,199.962952,-194.117706,-0.023487,0.495755,0.006663,0.868119,106.670654,324.956177,-86.401794,0.011807,-0.022093,0.025390,0.999364,223.185577,163.607056,-175.258255,-0.194316,-0.047808,-0.028495,0.979359,217.833801,182.793793,-194.009628
361,3.610000,-0.145053,0.039791,-0.025658,0.988290,195.262939,206.713898,-199.130417,-0.176357,0.012546,-0.007494,0.984218,236.535461,199.919647,-194.247467,-0.023573,0.496012,0.006713,0.867970,106.055328,324.941833,-85.352478,0.012387,-0.021990,0.025442,0.999358,223.170105,163.601196,-175.346771,-0.198080,-0.040400,-0.021723,0.979112,217.782593,182.849518,-194.258926
362,3.620000,-0.143732,0.040244,-0.025160,0.988478,195.270767,206.679001,-199.269302,-0.178163,0.011097,-0.007769,0.983908,236.527420,199.880875,-194.382034,-0.023590,0.496511,0.006724,0.867684,105.465714,324.922333,-84.311020,0.013028,-0.021922,0.025424,0.999351,223.172974,163.580032,-175.461609,-0.196181,-0.033179,-0.021288,0.979775,217.768433,182.807220,-194.411789
363,3.630000,-0.142348,0.042318,-0.024796,0.988601,195.272125,206.654312,-199.374969,-0.178909,0.006071,-0.009357,0.983802,236.513733,199.838760,-194.575089,-0.023460,0.496374,0.006724,0.867766,104.937935,324.916595,-83.400826,0.012334,-0.022172,0.025308,0.999358,223.158066,163.559845,-175.542587,-0.194339,-0.031882,-0.022229,0.980164,217.763702,182.777771,-194.511581
364,3.640000,-0.142476,0.043277,-0.024767,0.988542,195.248795,206.625900,-199.456375,-0.179929,0.000742,-0.009291,0.983635,236.523468,199.796265,-194.689407,-0.023581,0.495993,0.006639,0.867981,104.409149,324.880463,-82.513023,0.012436,-0.022385,0.025261,0.999353,223.133057,163.539001,-175.607834,-0.196893,-0.031428,-0.022002,0.979674,217.752075,182.738327,-194.635605
365,3.650000,-0.143701,0.044039,-0.024924,0.988327,195.204575,206.593643,-199.508011,-0.179746,0.001144,-0.009482,0.983667,236.487030,199.765747,-194.742371,-0.023816,0.495902,0.006167,0.868030,103.923141,324.852875,-81.662155,0.012364,-0.022612,0.025172,0.999351,223.088287,163.524734,-175.646362,-0.198478,-0.033898,-0.021494,0.979283,217.712357,182.718140,-194.709549
366,3.660000,-0.145857,0.044751,-0.023356,0.988017,195.114166,206.566055,-199.529556,-0.179981,0.001687,-0.009824,0.983620,236.416473,199.739746,-194.746063,-0.023583,0.495827,0.006543,0.868076,103.468971,324.828217,-80.876900,0.012268,-0.022785,0.025277,0.999346,223.038040,163.513107,-175.648193,-0.202187,-0.043725,-0.016777,0.978227,217.647308,182.685211,-194.753326
367,3.670000,-0.150269,0.046153,-0.024424,0.987265,194.998245,206.536148,-199.484085,-0.179371,0.002080,-0.010589,0.983722,236.307755,199.751602,-194.737579,-0.023252,0.495433,0.006519,0.868311,103.045914,324.823608,-80.191422,0.012263,-0.023005,0.025438,0.999336,222.971207,163.505234,-175.614166,-0.205659,-0.056687,-0.009566,0.976934,217.571228,182.663620,-194.763840
368,3.680000,-0.152146,0.047377,-0.023476,0.986943,194.914139,206.528183,-199.428543,-0.178845,0.003100,-0.009719,0.983824,236.209290,199.758865,-194.700897,-0.022987,0.495466,0.006983,0.868295,102.637962,324.810577,-79.534599,0.013010,-0.023288,0.025804,0.999311,222.883392,163.491867,-175.582169,-0.209610,-0.070055,-0.002791,0.975268,217.509659,182.654724,-194.754944
369,3.690000,-0.152885,0.046780,-0.022477,0.986880,194.837723,206.538025,-199.375946,-0.179601,0.002981,-0.009419,0.983690,236.140976,199.788086,-194.634796,-0.022808,0.495492,0.007012,0.868285,102.259575,324.799347,-78.891014,0.013406,-0.023692,0.026158,0.999287,222.814880,163.494019,-175.533295,-0.214942,-0.081561,0.003794,0.973208,217.445831,182.658997,-194.744904
370,3.700000,-0.153712,0.046185,-0.022261,0.986785,194.788452,206.558914,-199.311584,-0.176938,0.010009,-0.007177,0.984145,236.078644,199.808884,-194.505737,-0.022854,0.495131,0.006736,0.868491,101.955009,324.794708,-78.376953,0.013552,-0.023625,0.026233,0.999285,222.775314,163.502625,-175.492767,-0.219462,-0.092006,0.009272,0.971229,217.411514,182.671524,-194.704819
371,3.710000,-0.153786,0.045141,-0.022398,0.986818,194.761795,206.579041,-199.269089,-0.173317,0.018327,-0.005098,0.984683,236.066528,199.841278,-194.421967,-0.022845,0.495468,0.006822,0.868299,101.657799,324.791321,-77.842773,0.013480,-0.023506,0.026063,0.999293,222.758591,163.514954,-175.461517,-0.219421,-0.102057,0.014936,0.970163,217.391617,182.698929,-194.651260
372,3.720000,-0.153181,0.043834,-0.023233,0.986952,194.787552,206.608002,-199.242798,-0.173038,0.018223,-0.005285,0.984732,236.086990,199.872650,-194.394638,-0.022835,0.495220,0.006794,0.868441,101.412285,324.785339,-77.439018,0.013561,-0.023325,0.025979,0.999298,222.774353,163.526398,-175.445587,-0.219998,-0.107105,0.018069,0.969434,217.409897,182.717316,-194.640457
373,3.730000,-0.152097,0.043573,-0.023567,0.987123,194.834763,206.627762,-199.233551,-0.173356,0.016747,-0.005880,0.984699,236.144730,199.895493,-194.388901,-0.022971,0.495632,0.006879,0.868202,101.190956,324.776703,-77.005768,0.012773,-0.023174,0.025911,0.999314,222.826416,163.545258,-175.433121,-0.219062,-0.108157,0.017697,0.969537,217.462128,182.736145,-194.622452
374,3.740000,-0.149924,0.043008,-0.024954,0.987446,194.923035,206.652206,-199.222000,-0.175892,0.010129,-0.008061,0.984324,236.226868,199.903091,-194.454681,-0.022399,0.496272,0.007520,0.867846,101.005905,324.789276,-76.689957,0.012582,-0.022852,0.025680,0.999330,222.899628,163.561829,-175.442413,-0.216039,-0.107443,0.016862,0.970309,217.545898,182.758804,-194.630020
375,3.750000,-0.148027,0.042729,-0.026100,0.987715,195.036865,206.669113,-199.226959,-0.180224,0.001769,-0.010517,0.983568,236.324249,199.890350,-194.476761,-0.023330,0.495629,0.006587,0.868196,100.881851,324.787781,-76.375580,0.012607,-0.022644,0.025530,0.999338,222.983749,163.571945,-175.454865,-0.213081,-0.103120,0.014748,0.971466,217.654327,182.772766,-194.631760
376,3.760000,-0.145918,0.042021,-0.024917,0.988090,195.164841,206.693878,-199.254654,-0.180414,0.000266,-0.010796,0.983531,236.424332,199.900665,-194.499176,-0.023235,0.495901,0.006789,0.868042,100.762146,324.793365,-76.098488,0.012408,-0.022315,0.025076,0.999359,223.076874,163.572510,-175.468323,-0.212844,-0.098565,0.012748,0.972018,217.751495,182.755493,-194.646591
377,3.770000,-0.143776,0.042177,-0.024703,0.988402,195.249207,206.697083,-199.282913,-0.178572,0.005478,-0.010390,0.983857,236.498062,199.902756,-194.450745,-0.023277,0.496156,0.006704,0.867896,100.665382,324.798492,-75.847824,0.012267,-0.022259,0.025200,0.999359,223.146820,163.572144,-175.479614,-0.211114,-0.096699,0.010827,0.972606,217.822006,182.748398,-194.645248
378,3.780000,-0.143373,0.042012,-0.024928,0.988462,195.280563,206.696823,-199.291763,-0.175860,0.011144,-0.008954,0.984311,236.533691,199.893799,-194.457352,-0.023330,0.496283,0.006551,0.867822,100.569099,324.801117,-75.600876,0.012221,-0.022175,0.025170,0.999363,223.177155,163.569687,-175.490494,-0.210315,-0.096025,0.010410,0.972851,217.852386,182.742996,-194.660995
379,3.790000,-0.143495,0.041860,-0.024862,0.988453,195.273972,206.693634,-199.293808,-0.178454,0.006132,-0.010485,0.983873,236.529007,199.889389,-194.505157,-0.023452,0.496176,0.006295,0.867882,100.485451,324.787506,-75.417114,0.012245,-0.022214,0.025187,0.999361,223.174545,163.566162,-175.495026,-0.210283,-0.096609,0.010652,0.972797,217.850677,182.738998,-194.676102
380,3.800000,-0.143664,0.042211,-0.024639,0.988419,195.232056,206.690750,-199.293594,-0.180302,0.000819,-0.011339,0.983546,236.475723,199.889313,-194.522995,-0.023133,0.496077,0.006509,0.867946,100.428078,324.779968,-75.309059,0.012231,-0.022266,0.025271,0.999358,223.130661,163.561890,-175.493530,-0.210847,-0.099408,0.011906,0.972379,217.813477,182.736252,-194.687363
381,3.810000,-0.143999,0.042499,-0.023417,0.988388,195.142426,206.676682,-199.279541,-0.180325,0.000482,-0.010747,0.983548,236.401642,199.889511,-194.518753,-0.023032,0.495855,0.006543,0.868075,100.376053,324.773407,-75.264618,0.012494,-0.022561,0.025310,0.999347,223.054932,163.559189,-175.480881,-0.212767,-0.101982,0.013617,0.971671,217.733521,182.744034,-194.707779
382,3.820000,-0.146711,0.043283,-0.025233,0.987910,195.024750,206.652008,-199.246033,-0.180662,0.000554,-0.010835,0.983486,236.311707,199.876434,-194.496216,-0.022791,0.495906,0.007009,0.868049,100.297058,324.763428,-75.228050,0.012487,-0.022678,0.025538,0.999339,222.972061,163.558350,-175.462677,-0.213396,-0.106805,0.015978,0.970979,217.646713,182.744675,-194.687866
383,3.830000,-0.149436,0.043424,-0.025386,0.987491,194.921890,206.635208,-199.226486,-0.179410,0.001462,-0.010428,0.983718,236.231766,199.883072,-194.484497,-0.022737,0.495767,0.007084,0.868129,100.244148,324.763855,-75.221581,0.012461,-0.022826,0.025676,0.999332,222.901413,163.554947,-175.440750,-0.216943,-0.112129,0.018785,0.969541,217.554962,182.732956,-194.662033
384,3.840000,-0.151303,0.043769,-0.023987,0.987227,194.843903,206.620773,-199.230484,-0.176554,0.008508,-0.008080,0.984221,236.159363,199.885376,-194.415466,-0.022723,0.495621,0.007132,0.868212,100.198463,324.760773,-75.220284,0.012612,-0.023137,0.025801,0.999320,222.838196,163.546310,-175.427979,-0.219855,-0.114661,0.020821,0.968547,217.481384,182.722702,-194.655762
385,3.850000,-0.152612,0.043881,-0.023485,0.987032,194.807709,206.623520,-199.239334,-0.173715,0.016626,-0.005699,0.984639,236.112152,199.884201,-194.409180,-0.022704,0.495547,0.007147,0.868255,100.177307,324.755890,-75.223099,0.012621,-0.023170,0.025898,0.999316,222.804642,163.539688,-175.431259,-0.221097,-0.113864,0.021951,0.968333,217.438614,182.727310,-194.667313
386,3.860000,-0.153028,0.043788,-0.023489,0.986972,194.797882,206.625778,-199.251846,-0.172412,0.018358,-0.005026,0.984841,236.107040,199.896973,-194.433060,-0.022679,0.495519,0.007137,0.868272,100.178970,324.757629,-75.225456,0.013444,-0.023233,0.025928,0.999303,222.789124,163.532074,-175.460251,-0.221078,-0.112000,0.021236,0.968571,217.424622,182.732452,-194.670425
387,3.870000,-0.152933,0.043214,-0.024103,0.986997,194.811279,206.635468,-199.274460,-0.173247,0.017929,-0.005457,0.984700,236.114182,199.888046,-194.444656,-0.022647,0.495499,0.007095,0.868284,100.194649,324.765717,-75.227371,0.012840,-0.023223,0.025895,0.999312,222.801590,163.535751,-175.467987,-0.218608,-0.108452,0.019599,0.969569,217.434418,182.732056,-194.697525
388,3.880000,-0.152481,0.042599,-0.024475,0.987085,194.844147,206.639572,-199.311584,-0.175365,0.011372,-0.007036,0.984413,236.153595,199.891571,-194.565628,-0.022652,0.495593,0.006977,0.868232,100.233253,324.775665,-75.233383,0.012884,-0.023129,0.025998,0.999311,222.827789,163.532974,-175.503494,-0.214922,-0.105454,0.015986,0.970790,217.480255,182.746887,-194.709869
389,3.890000,-0.150504,0.043551,-0.024164,0.987354,194.884964,206.639099,-199.354385,-0.178593,0.003025,-0.009457,0.983873,236.206528,199.881424,-194.640167,-0.022620,0.495796,0.006960,0.868117,100.277863,324.785675,-75.232018,0.012870,-0.022937,0.025877,0.999319,222.860184,163.535324,-175.547440,-0.212911,-0.101686,0.013599,0.971671,217.505661,182.748764,-194.746994
390,3.900000,-0.147964,0.044699,-0.024070,0.987689,194.919266,206.639755,-199.401260,-0.179761,0.000875,-0.010362,0.983655,236.240417,199.871674,-194.683243,-0.022775,0.495846,0.006615,0.868087,100.328842,324.796844,-75.247482,0.012507,-0.022335,0.025868,0.999338,222.898514,163.547531,-175.600647,-0.213823,-0.095249,0.010326,0.972163,217.531357,182.724472,-194.813675
391,3.910000,-0.146670,0.044232,-0.024505,0.987892,194.948975,206.639923,-199.443024,-0.180450,0.000224,-0.010786,0.983525,236.268478,199.861130,-194.722122,-0.022930,0.495919,0.006393,0.868042,100.374382,324.805023,-75.248154,0.012466,-0.022081,0.025792,0.999346,222.923721,163.550751,-175.636093,-0.212684,-0.091397,0.007933,0.972805,217.557358,182.718353,-194.844864
392,3.920000,-0.145686,0.043620,-0.024622,0.988062,194.965454,206.636749,-199.472855,-0.181858,-0.000270,-0.011276,0.983260,236.280014,199.841553,-194.739212,-0.023021,0.496059,0.006299,0.867961,100.398018,324.811035,-75.240593,0.012436,-0.021752,0.025395,0.999363,222.951660,163.547256,-175.660568,-0.212185,-0.091371,0.007520,0.972919,217.573257,182.711395,-194.867706
393,3.930000,-0.145035,0.043187,-0.025230,0.988162,194.972885,206.642487,-199.485107,-0.182669,-0.001112,-0.011555,0.983106,236.275040,199.833374,-194.745667,-0.023036,0.496139,0.006241,0.867915,100.405800,324.815887,-75.225304,0.012280,-0.021621,0.025329,0.999370,222.953766,163.546127,-175.670166,-0.211951,-0.093175,0.008536,0.972791,217.577850,182.700241,-194.883453
394,3.940000,-0.144537,0.043342,-0.024861,0.988237,194.945007,206.637802,-199.471390,-0.182826,-0.001292,-0.011292,0.983080,236.251343,199.833801,-194.735672,-0.022921,0.496165,0.006276,0.867903,100.392143,324.822235,-75.184883,0.012149,-0.021456,0.025503,0.999371,222.933441,163.550674,-175.663742,-0.212512,-0.096786,0.010300,0.972299,217.562332,182.692932,-194.888184
395,3.950000,-0.144539,0.043465,-0.024617,0.988237,194.904648,206.640030,-199.446060,-0.182615,-0.001428,-0.011031,0.983122,236.213043,199.838409,-194.710510,-0.022835,0.496140,0.006241,0.867920,100.375008,324.826538,-75.127884,0.013010,-0.021637,0.025806,0.999348,222.878418,163.548569,-175.650909,-0.213631,-0.101589,0.012697,0.971535,217.530670,182.688812,-194.886871
396,3.960000,-0.144920,0.043886,-0.023857,0.988182,194.841858,206.640930,-199.406509,-0.182056,-0.000722,-0.010337,0.983234,236.147644,199.845917,-194.674652,-0.022741,0.496029,0.006094,0.867987,100.334419,324.827271,-75.048035,0.013496,-0.022025,0.025951,0.999329,222.814987,163.539658,-175.612991,-0.215849,-0.106250,0.016301,0.970492,217.472687,182.689148,-194.888565
397,3.970000,-0.145329,0.043759,-0.022158,0.988167,194.737823,206.638840,-199.364304,-0.178934,0.005781,-0.008477,0.983808,236.064484,199.865509,-194.571915,-0.022801,0.496083,0.005953,0.867955,100.267715,324.815735,-74.925957,0.013606,-0.022240,0.025926,0.999324,222.748566,163.538025,-175.575455,-0.215265,-0.113373,0.020041,0.969745,217.393112,182.710175,-194.845688
398,3.980000,-0.147694,0.044897,-0.023268,0.987740,194.629776,206.634872,-199.291321,-0.175672,0.013111,-0.006359,0.984341,235.971848,199.881790,-194.521194,-0.022543,0.496149,0.006145,0.867923,100.199036,324.809937,-74.809868,0.012987,-0.023758,0.025932,0.999297,222.719009,163.503952,-175.566849,-0.217080,-0.118994,0.022887,0.968603,217.321198,182.717819,-194.822632
399,3.990000,-0.149822,0.045564,-0.023493,0.987383,194.555008,206.635071,-199.258514,-0.172616,0.016064,-0.006208,0.984839,235.869461,199.902557,-194.525833,-0.022392,0.495994,0.006087,0.868016,100.123230,324.802765,-74.692451,0.012859,-0.024329,0.026027,0.999282,222.657639,163.499451,-175.548752,-0.217910,-0.123166,0.025525,0.967829,217.230103,182.719177,-194.790817
400,4.000000,-0.150138,0.046343,-0.022743,0.987316,194.487045,206.629425,-199.253250,-0.171689,0.017927,-0.005258,0.984974,235.814011,199.903580,-194.529160,-0.022357,0.495676,0.006075,0.868199,100.045921,324.773071,-74.572380,0.012801,-0.024151,0.026373,0.999278,222.599533,163.501160,-175.547256,-0.218939,-0.124788,0.026297,0.967369,217.169662,182.726852,-194.785156
401,4.010000,-0.149989,0.046972,-0.022646,0.987312,194.452805,206.631149,-199.278900,-0.171439,0.018793,-0.004820,0.985004,235.774460,199.898117,-194.557556,-0.022711,0.495413,0.006192,0.868338,99.967072,324.691925,-74.534447,0.013103,-0.024470,0.026346,0.999268,222.567780,163.488647,-175.559616,-0.219463,-0.122876,0.026502,0.967489,217.122482,182.731430,-194.801605
402,4.020000,-0.149807,0.047447,-0.022702,0.987315,194.441223,206.627838,-199.323959,-0.173790,0.012824,-0.006194,0.984680,235.771515,199.883514,-194.671188,-0.023112,0.495423,0.005863,0.868325,99.916504,324.627838,-74.526474,0.012775,-0.024044,0.026652,0.999274,222.560333,163.488388,-175.610062,-0.218144,-0.117701,0.024247,0.968489,217.106934,182.732880,-194.829056
403,4.030000,-0.149329,0.047952,-0.022494,0.987368,194.448959,206.616852,-199.383911,-0.176616,0.006247,-0.007881,0.984228,235.789124,199.868515,-194.751831,-0.023332,0.495478,0.005737,0.868288,99.879036,324.590027,-74.565598,0.012557,-0.023893,0.026615,0.999281,222.575882,163.483932,-175.664291,-0.218858,-0.108288,0.019628,0.969531,217.107193,182.709610,-194.895874
404,4.040000,-0.149351,0.046426,-0.023898,0.987405,194.491135,206.606903,-199.480576,-0.177839,0.004629,-0.008690,0.984010,235.821869,199.860992,-194.832245,-0.023695,0.495569,0.005825,0.868226,99.887161,324.542786,-74.707748,0.012526,-0.023588,0.026420,0.999294,222.606064,163.488266,-175.735458,-0.209601,-0.108022,0.007775,0.971771,217.175308,182.642532,-194.779099
405,4.050000,-0.148418,0.044615,-0.025042,0.987600,194.530869,206.599136,-199.576859,-0.176605,0.009993,-0.007554,0.984202,235.845505,199.851669,-194.848038,-0.023708,0.495791,0.005817,0.868099,99.956398,324.518616,-74.817810,0.012405,-0.021631,0.026239,0.999345,222.591507,163.528976,-175.815994,-0.206739,-0.103415,0.001160,0.972915,217.214615,182.619827,-194.806305
406,4.060000,-0.148491,0.044384,-0.024849,0.987605,194.576736,206.596283,-199.677689,-0.175965,0.013464,-0.007026,0.984279,235.892288,199.845688,-194.932632,-0.023750,0.495646,0.005486,0.868182,100.088310,324.492249,-74.998161,0.012154,-0.021377,0.026158,0.999355,222.618256,163.537918,-175.900650,-0.211420,-0.087333,0.004239,0.973477,217.215149,182.711502,-195.043137
407,4.070000,-0.147485,0.044267,-0.024122,0.987779,194.630386,206.595718,-199.771439,-0.176406,0.013358,-0.007353,0.984199,235.933731,199.839462,-195.012177,-0.024002,0.495716,0.005005,0.868138,100.205299,324.438263,-75.132423,0.011926,-0.021714,0.025979,0.999355,222.665024,163.537720,-175.990417,-0.210763,-0.078459,0.002103,0.974381,217.241806,182.712494,-195.120163
408,4.080000,-0.146932,0.042866,-0.023728,0.987933,194.649399,206.586472,-199.879578,-0.175642,0.013728,-0.007275,0.984332,235.961304,199.826340,-195.114151,-0.024153,0.495883,0.004501,0.868042,100.344254,324.387878,-75.239372,0.011805,-0.021681,0.025977,0.999358,222.708267,163.531189,-176.071381,-0.207480,-0.074060,0.000221,0.975432,217.268524,182.698502,-195.210495
409,4.090000,-0.145959,0.042581,-0.023886,0.988085,194.663620,206.574570,-199.958557,-0.175924,0.013811,-0.007307,0.984280,235.973953,199.815918,-195.186600,-0.024079,0.495950,0.004486,0.868005,100.441231,324.340485,-75.305847,0.011666,-0.021700,0.025915,0.999361,222.706696,163.520813,-176.134308,-0.205916,-0.072556,-0.000740,0.975876,217.279602,182.689194,-195.278824
410,4.100000,-0.145404,0.043242,-0.023492,0.988148,194.641403,206.564301,-200.016754,-0.176428,0.012819,-0.008119,0.984197,235.967178,199.798218,-195.250946,-0.024053,0.496103,0.004427,0.867919,100.500000,324.329071,-75.343788,0.012231,-0.021660,0.025984,0.999353,222.689651,163.515030,-176.194168,-0.206421,-0.072903,0.000458,0.975743,217.257782,182.676208,-195.352951
411,4.110000,-0.146361,0.043750,-0.024968,0.987948,194.579269,206.540970,-200.051880,-0.177117,0.007976,-0.007831,0.984126,235.919144,199.765762,-195.358780,-0.024048,0.495991,0.004435,0.867983,100.471413,324.345062,-75.335876,0.012418,-0.021859,0.026196,0.999341,222.624039,163.500000,-176.215179,-0.207207,-0.076456,0.001697,0.975304,217.207932,182.668182,-195.407120
412,4.120000,-0.146629,0.044225,-0.025492,0.987874,194.496414,206.517975,-200.070328,-0.180135,0.002646,-0.010434,0.983583,235.794128,199.758560,-195.355942,-0.024074,0.495958,0.004694,0.868000,100.394836,324.358032,-75.312531,0.012258,-0.022175,0.026380,0.999331,222.537811,163.495865,-176.220886,-0.208679,-0.082554,0.003982,0.974486,217.139572,182.651367,-195.441101
413,4.130000,-0.146549,0.044488,-0.024657,0.987895,194.393463,206.501678,-200.061310,-0.178947,0.007196,-0.009486,0.983787,235.677795,199.770111,-195.275925,-0.023936,0.495866,0.004751,0.868056,100.330055,324.364807,-75.267426,0.007791,-0.018088,0.026333,0.999459,222.455292,163.514191,-176.293747,-0.210859,-0.092081,0.009181,0.973127,217.018265,182.614243,-195.438202
414,4.140000,-0.147465,0.044677,-0.022693,0.987797,194.263580,206.477600,-200.021484,-0.179494,0.004252,-0.008975,0.983709,235.562958,199.764145,-195.295441,-0.023866,0.495808,0.004845,0.868091,100.272606,324.354156,-75.191750,0.006357,-0.016708,0.026506,0.999489,222.355637,163.517532,-176.286331,-0.213967,-0.102800,0.014653,0.971306,216.914719,182.599609,-195.426437
415,4.150000,-0.150006,0.046516,-0.022933,0.987324,194.124115,206.454941,-199.973053,-0.180266,0.001491,-0.009677,0.983569,235.442017,199.750427,-195.242203,-0.023805,0.495611,0.004906,0.868204,100.242615,324.348450,-75.147110,0.011241,-0.022158,0.027059,0.999325,222.222137,163.489517,-176.106888,-0.216508,-0.110478,0.018297,0.969837,216.817581,182.601959,-195.412750
416,4.160000,-0.152769,0.045758,-0.022556,0.986944,193.999420,206.448044,-199.928070,-0.178936,0.002207,-0.009329,0.983814,235.355530,199.761337,-195.205917,-0.023687,0.495452,0.004813,0.868299,100.230141,324.357178,-75.096321,0.011160,-0.024299,0.027391,0.999267,222.211914,163.448746,-176.070557,-0.218743,-0.116441,0.022911,0.968539,216.713150,182.591263,-195.378510
417,4.170000,-0.153603,0.045455,-0.022655,0.986827,193.956268,206.485947,-199.875656,-0.178109,0.003595,-0.008574,0.983967,235.312057,199.782715,-195.180588,-0.023803,0.495537,0.004695,0.868248,100.225677,324.351105,-75.055428,0.006591,-0.019522,0.027229,0.999417,222.202957,163.476135,-176.180420,-0.220172,-0.121434,0.025570,0.967535,216.666489,182.599060,-195.355438
418,4.180000,-0.153038,0.045148,-0.022535,0.986931,193.956146,206.502167,-199.853500,-0.177569,0.004007,-0.008388,0.984065,235.314728,199.801529,-195.164917,-0.023700,0.495521,0.004708,0.868260,100.231529,324.341003,-75.076599,0.005476,-0.018216,0.027107,0.999452,222.212097,163.477295,-176.205048,-0.220549,-0.121843,0.026595,0.967370,216.672424,182.621017,-195.340714
419,4.190000,-0.153425,0.045231,-0.023052,0.986855,194.000076,206.523483,-199.865952,-0.174911,0.010399,-0.007205,0.984503,235.340591,199.816147,-195.089752,-0.023705,0.495573,0.004727,0.868230,100.238731,324.329437,-75.106918,0.005624,-0.018424,0.027001,0.999450,222.249084,163.474258,-176.205765,-0.220767,-0.119762,0.026455,0.967584,216.694229,182.641602,-195.345428
420,4.200000,-0.153616,0.046764,-0.023518,0.986743,194.068802,206.535339,-199.890610,-0.173620,0.015829,-0.005924,0.984668,235.400101,199.823288,-195.091080,-0.023698,0.495375,0.004818,0.868342,100.260773,324.325043,-75.186638,0.006077,-0.018757,0.026938,0.999443,222.285614,163.469650,-176.229568,-0.219474,-0.113765,0.021992,0.968713,216.767197,182.672012,-195.368866
421,4.210000,-0.153065,0.045764,-0.023959,0.986865,194.117249,206.538513,-199.961853,-0.173407,0.015781,-0.005589,0.984708,235.459702,199.831589,-195.143555,-0.023649,0.495441,0.004922,0.868305,100.279953,324.326752,-75.222610,0.010797,-0.024007,0.027237,0.999282,222.287125,163.445343,-176.146790,-0.217233,-0.106771,0.018214,0.970092,216.806671,182.676132,-195.396606
422,4.220000,-0.151946,0.044210,-0.023794,0.987113,194.163818,206.543167,-200.030899,-0.173993,0.015481,-0.005874,0.984608,235.495560,199.827042,-195.195297,-0.023819,0.495574,0.004772,0.868226,100.319267,324.336945,-75.255699,0.011893,-0.023559,0.027096,0.999284,222.256699,163.481567,-176.163239,-0.215031,-0.101213,0.015244,0.971229,216.834869,182.674515,-195.432007
423,4.230000,-0.149678,0.043475,-0.022351,0.987526,194.204575,206.532562,-200.115372,-0.177359,0.008604,-0.007471,0.984080,235.521469,199.804825,-195.317642,-0.023857,0.495712,0.004719,0.868147,100.347443,324.343414,-75.268730,0.012867,-0.023159,0.027261,0.999277,222.256561,163.495865,-176.226532,-0.208738,-0.104958,0.007197,0.972296,216.886398,182.608475,-195.343445
424,4.240000,-0.148313,0.042631,-0.022678,0.987761,194.191940,206.508453,-200.191422,-0.180646,0.000492,-0.009339,0.983504,235.512985,199.783340,-195.387848,-0.023994,0.495819,0.004630,0.868082,100.373215,324.354248,-75.272331,0.012790,-0.023296,0.027373,0.999272,222.244980,163.496078,-176.278503,-0.206070,-0.102272,0.000209,0.973178,216.888046,182.573318,-195.353134
425,4.250000,-0.149023,0.041009,-0.024529,0.987679,194.150208,206.476974,-200.258179,-0.182214,-0.001438,-0.010170,0.983205,235.472977,199.758316,-195.414139,-0.024025,0.495931,0.004626,0.868017,100.382263,324.360474,-75.268539,0.012538,-0.023559,0.027494,0.999266,222.203949,163.494461,-176.322174,-0.206112,-0.098422,-0.001176,0.973565,216.844315,182.554840,-195.390030
426,4.260000,-0.149856,0.039060,-0.024863,0.987623,194.094742,206.447006,-200.298752,-0.182176,-0.001944,-0.010283,0.983210,235.413132,199.750427,-195.465088,-0.024012,0.495961,0.004597,0.868001,100.387848,324.359467,-75.268227,0.012190,-0.023992,0.027578,0.999257,222.166031,163.488541,-176.366135,-0.206352,-0.096641,-0.001300,0.973693,216.789413,182.530777,-195.419052
427,4.270000,-0.150085,0.039054,-0.024617,0.987595,194.046982,206.429855,-200.314743,-0.182457,-0.001944,-0.009573,0.983165,235.361069,199.733688,-195.504807,-0.024019,0.495934,0.004640,0.868016,100.380867,324.359467,-75.268623,0.011447,-0.024113,0.027349,0.999270,222.125351,163.474731,-176.374527,-0.207093,-0.096422,-0.002912,0.973554,216.743073,182.506546,-195.441559
428,4.280000,-0.150247,0.039508,-0.024106,0.987565,194.003601,206.409714,-200.309875,-0.181495,-0.001315,-0.010225,0.983338,235.302780,199.723602,-195.541000,-0.023960,0.495814,0.004647,0.868086,100.363747,324.349731,-75.265282,0.011315,-0.024014,0.027387,0.999272,222.102173,163.464142,-176.369080,-0.206633,-0.096120,-0.003209,0.973680,216.700150,182.485886,-195.434555
429,4.290000,-0.150522,0.041017,-0.023463,0.987477,194.002670,206.414917,-200.286407,-0.180944,-0.000471,-0.010265,0.983440,235.303162,199.722717,-195.532562,-0.023856,0.495698,0.004669,0.868155,100.340698,324.338074,-75.271774,0.011669,-0.023515,0.027398,0.999280,222.106140,163.459900,-176.337326,-0.206333,-0.096870,-0.002801,0.973671,216.701630,182.481583,-195.417984
430,4.300000,-0.151303,0.041705,-0.023636,0.987324,194.041534,206.426559,-200.261154,-0.180448,-0.000167,-0.010494,0.983529,235.341003,199.733841,-195.503738,-0.023807,0.495633,0.004747,0.868193,100.321175,324.333588,-75.265564,0.011766,-0.023613,0.027496,0.999274,222.139542,163.464539,-176.307205,-0.206827,-0.097464,-0.003571,0.973504,216.742569,182.497253,-195.395691
431,4.310000,-0.151596,0.043497,-0.023734,0.987200,194.083450,206.444626,-200.210388,-0.180787,-0.000378,-0.010202,0.983469,235.409119,199.741104,-195.437256,-0.023690,0.495520,0.004893,0.868259,100.296631,324.325470,-75.254120,0.012721,-0.024017,0.027594,0.999250,222.179031,163.472412,-176.279663,-0.206223,-0.097881,-0.001887,0.973595,216.789124,182.519913,-195.349869
432,4.320000,-0.151880,0.044874,-0.024014,0.987088,194.139084,206.466873,-200.165314,-0.180957,-0.000859,-0.010218,0.983438,235.475113,199.750000,-195.359726,-0.023660,0.495487,0.004941,0.868279,100.288719,324.326965,-75.236603,0.012863,-0.024339,0.027554,0.999241,222.214188,163.477753,-176.240280,-0.212571,-0.091408,0.006526,0.972839,216.796219,182.621017,-195.457855
433,4.330000,-0.151484,0.044728,-0.022545,0.987190,194.189407,206.488602,-200.131210,-0.180011,-0.000304,-0.009715,0.983617,235.514709,199.773285,-195.315552,-0.023597,0.495469,0.004953,0.868291,100.282791,324.323517,-75.223419,0.012897,-0.024391,0.027490,0.999241,222.246017,163.481262,-176.201462,-0.214404,-0.091123,0.009390,0.972440,216.831253,182.650513,-195.431335
434,4.340000,-0.150499,0.044720,-0.021198,0.987371,194.205673,206.506424,-200.099319,-0.177238,0.006230,-0.008085,0.984115,235.515305,199.793823,-195.212677,-0.023546,0.495540,0.005019,0.868251,100.281982,324.324677,-75.207695,0.012195,-0.024388,0.027393,0.999253,222.253021,163.483414,-176.161194,-0.214620,-0.092841,0.010431,0.972219,216.840683,182.658997,-195.407944
435,4.350000,-0.151004,0.044752,-0.022361,0.987266,194.179672,206.514603,-200.066498,-0.174353,0.013768,-0.006258,0.984567,235.492752,199.810425,-195.163300,-0.023654,0.495520,0.004849,0.868261,100.285263,324.327057,-75.193031,0.012096,-0.024287,0.027384,0.999257,222.239380,163.488434,-176.142883,-0.214666,-0.094368,0.011240,0.972053,216.829971,182.665848,-195.393433
436,4.360000,-0.151433,0.044050,-0.023633,0.987203,194.141983,206.512314,-200.051437,-0.174153,0.014262,-0.005985,0.984597,235.465820,199.818451,-195.141006,-0.023818,0.495627,0.004828,0.868195,100.297462,324.332275,-75.185768,0.012118,-0.024170,0.027440,0.999258,222.215286,163.493774,-176.130783,-0.214572,-0.095839,0.011770,0.971923,216.807983,182.669785,-195.387115
437,4.370000,-0.151284,0.042646,-0.024128,0.987275,194.100662,206.512772,-200.054123,-0.174834,0.013505,-0.006436,0.984484,235.426163,199.814789,-195.123520,-0.024030,0.495627,0.004511,0.868191,100.311897,324.338898,-75.182533,0.012069,-0.024144,0.027694,0.999252,222.186325,163.509827,-176.128677,-0.214346,-0.097146,0.012197,0.971838,216.779129,182.671204,-195.386566
438,4.380000,-0.151252,0.040831,-0.024928,0.987337,194.063477,206.513916,-200.066772,-0.175243,0.012630,-0.006350,0.984424,235.388397,199.814301,-195.116760,-0.024091,0.495718,0.004455,0.868138,100.323807,324.346497,-75.178963,0.011879,-0.024271,0.027759,0.999249,222.158905,163.518356,-176.129486,-0.214466,-0.098080,0.012234,0.971718,216.751633,182.673553,-195.392532
439,4.390000,-0.150473,0.040153,-0.024831,0.987486,194.028671,206.507156,-200.099869,-0.176818,0.006802,-0.007618,0.984191,235.363174,199.819199,-195.196396,-0.024126,0.495785,0.004444,0.868099,100.336365,324.353607,-75.173752,0.011776,-0.024243,0.027725,0.999252,222.113831,163.520172,-176.146271,-0.214080,-0.098666,0.013469,0.971727,216.699615,182.659164,-195.395615
440,4.400000,-0.149862,0.039827,-0.024725,0.987595,194.028488,206.502533,-200.136932,-0.178858,0.000537,-0.009045,0.983833,235.363724,199.823502,-195.225006,-0.024114,0.495797,0.004420,0.868092,100.342674,324.354736,-75.177467,0.012035,-0.024507,0.027859,0.999239,222.095520,163.513687,-176.169403,-0.214983,-0.099328,0.012889,0.971468,216.711731,182.665894,-195.418549
441,4.410000,-0.149277,0.040538,-0.024461,0.987661,194.043427,206.489975,-200.158081,-0.179801,-0.000470,-0.009055,0.983661,235.376419,199.809769,-195.227280,-0.024109,0.495832,0.004472,0.868072,100.346886,324.356018,-75.188339,0.012017,-0.024758,0.027906,0.999232,222.100082,163.513138,-176.181442,-0.215164,-0.098472,0.012091,0.971525,216.720337,182.662308,-195.428741
442,4.420000,-0.148959,0.041801,-0.024060,0.987666,194.059189,206.480087,-200.182678,-0.179886,-0.000831,-0.009327,0.983643,235.393234,199.800705,-195.245667,-0.024033,0.495751,0.004492,0.868121,100.347214,324.349274,-75.209557,0.012023,-0.024991,0.027931,0.999225,222.113266,163.508423,-176.194336,-0.215227,-0.097702,0.011644,0.971595,216.728836,182.654404,-195.443787
443,4.430000,-0.149194,0.042610,-0.023809,0.987603,194.087372,206.474731,-200.209732,-0.179860,-0.001079,-0.009656,0.983644,235.421295,199.792801,-195.267410,-0.023896,0.495697,0.004640,0.868154,100.341667,324.339935,-75.235481,0.011988,-0.025240,0.027957,0.999219,222.135941,163.503082,-176.212051,-0.210182,-0.102934,0.004798,0.972217,216.788437,182.586349,-195.332825
444,4.440000,-0.149928,0.043054,-0.024037,0.987467,194.128433,206.475327,-200.228806,-0.179697,-0.001059,-0.009855,0.983672,235.455124,199.788528,-195.271271,-0.023766,0.495591,0.004689,0.868218,100.326691,324.329010,-75.254890,0.012761,-0.025631,0.028052,0.999196,222.167191,163.498474,-176.232132,-0.215084,-0.096135,0.009810,0.971803,216.781006,182.646118,-195.469193
445,4.450000,-0.149742,0.043259,-0.022694,0.987518,194.177490,206.478043,-200.244003,-0.176978,0.004614,-0.008016,0.984171,235.487946,199.797333,-195.205795,-0.023652,0.495601,0.004927,0.868214,100.306267,324.317993,-75.258217,0.012822,-0.026037,0.028079,0.999184,222.192245,163.492905,-176.221771,-0.216620,-0.094122,0.010466,0.971652,216.809372,182.640778,-195.466812
446,4.460000,-0.149969,0.043641,-0.021988,0.987482,194.202728,206.477127,-200.239517,-0.174029,0.011966,-0.006147,0.984649,235.498184,199.808594,-195.157791,-0.023665,0.495455,0.004872,0.868297,100.295074,324.313202,-75.256371,0.012111,-0.026434,0.027999,0.999185,222.198944,163.490585,-176.191437,-0.216834,-0.095678,0.010427,0.971453,216.838821,182.651993,-195.452255
447,4.470000,-0.150524,0.044090,-0.021837,0.987381,194.204590,206.490707,-200.245239,-0.173100,0.013543,-0.005580,0.984795,235.489853,199.818726,-195.137772,-0.023650,0.495442,0.004879,0.868305,100.286613,324.315857,-75.243393,0.012935,-0.026574,0.028153,0.999167,222.185562,163.499039,-176.200089,-0.217997,-0.099066,0.011911,0.970835,216.834366,182.661133,-195.446213
448,4.480000,-0.150114,0.044817,-0.021468,0.987419,194.155792,206.493042,-200.249146,-0.173504,0.013262,-0.006019,0.984726,235.446487,199.817139,-195.122910,-0.023617,0.495474,0.004914,0.868288,100.279999,324.321960,-75.223244,0.012298,-0.026666,0.028136,0.999173,222.144104,163.501144,-176.187347,-0.218811,-0.101894,0.013199,0.970343,216.798935,182.665756,-195.450150
449,4.490000,-0.150153,0.044436,-0.022807,0.987400,194.082611,206.480103,-200.231232,-0.173692,0.012436,-0.005941,0.984704,235.389984,199.818161,-195.109314,-0.023683,0.495557,0.004871,0.868239,100.278557,324.333466,-75.196869,0.012079,-0.026634,0.028154,0.999176,222.091278,163.506927,-176.172394,-0.219630,-0.104782,0.014321,0.969834,216.733673,182.651474,-195.446655
450,4.500000,-0.149945,0.043422,-0.023488,0.987461,194.019135,206.477875,-200.217728,-0.175478,0.006446,-0.006914,0.984438,235.331085,199.823257,-195.164978,-0.023705,0.495551,0.004821,0.868242,100.276726,324.335266,-75.182587,0.012255,-0.026735,0.028285,0.999167,222.026627,163.522385,-176.146652,-0.219828,-0.108571,0.016362,0.969340,216.662552,182.645584,-195.428162
451,4.510000,-0.149308,0.042788,-0.023018,0.987596,193.957397,206.474380,-200.211441,-0.177856,-0.000508,-0.007493,0.984028,235.267197,199.830215,-195.169052,-0.023832,0.495617,0.004751,0.868201,100.279884,324.337677,-75.172424,0.011630,-0.028005,0.028818,0.999125,222.032791,163.483505,-176.164749,-0.220195,-0.111740,0.017996,0.968868,216.615555,182.648224,-195.418167
452,4.520000,-0.149085,0.039873,-0.023049,0.987751,193.912750,206.473206,-200.227356,-0.178262,-0.001949,-0.007466,0.983953,235.224640,199.837860,-195.157242,-0.023882,0.495636,0.004733,0.868189,100.291573,324.338867,-75.183449,0.011683,-0.028346,0.028854,0.999113,221.997787,163.482590,-176.159729,-0.220579,-0.113657,0.018899,0.968540,216.581497,182.651459,-195.404968
453,4.530000,-0.149330,0.036641,-0.023303,0.987833,193.899231,206.474823,-200.223389,-0.178720,-0.002115,-0.008768,0.983859,235.177429,199.856934,-195.135284,-0.024016,0.495634,0.004531,0.868187,100.318748,324.341644,-75.199577,0.011710,-0.028385,0.028936,0.999110,221.982040,163.484543,-176.146851,-0.220650,-0.114794,0.019374,0.968380,216.566071,182.654922,-195.388931
454,4.540000,-0.149646,0.035963,-0.023338,0.987810,193.908752,206.475998,-200.209229,-0.179044,-0.002781,-0.009246,0.983794,235.183380,199.860199,-195.108643,-0.024042,0.495659,0.004457,0.868173,100.338585,324.338898,-75.215385,0.011904,-0.028720,0.029224,0.999089,221.974609,163.488571,-176.124832,-0.220601,-0.115071,0.019392,0.968358,216.574402,182.656845,-195.368042
455,4.550000,-0.149823,0.037256,-0.023479,0.987732,193.927109,206.482986,-200.175293,-0.179230,-0.003026,-0.009485,0.983757,235.211151,199.860001,-195.075211,-0.024011,0.495685,0.004475,0.868159,100.352173,324.338379,-75.224709,0.011883,-0.028796,0.029389,0.999083,221.987045,163.496796,-176.104492,-0.220691,-0.114847,0.019354,0.968365,216.593781,182.660187,-195.345367
456,4.560000,-0.149904,0.038468,-0.023992,0.987661,193.974701,206.490417,-200.155746,-0.179276,-0.003465,-0.009763,0.983744,235.256058,199.863068,-195.042511,-0.023893,0.495729,0.004613,0.868136,100.363976,324.335999,-75.232124,0.011921,-0.029093,0.029309,0.999076,222.014709,163.499313,-176.081497,-0.221219,-0.114170,0.018993,0.968332,216.628082,182.664734,-195.314774
457,4.570000,-0.149813,0.038958,-0.024142,0.987652,194.016327,206.495590,-200.151932,-0.178704,-0.003315,-0.008484,0.983861,235.322144,199.851212,-195.015732,-0.023839,0.495677,0.004640,0.868167,100.361168,324.334534,-75.228874,0.011755,-0.029171,0.029075,0.999082,222.066269,163.500046,-176.073151,-0.221237,-0.112994,0.019105,0.968464,216.668427,182.671341,-195.299210
458,4.580000,-0.149747,0.040210,-0.023895,0.987617,194.050949,206.498627,-200.138718,-0.176154,0.003314,-0.006827,0.984333,235.344269,199.861282,-194.929428,-0.023819,0.495595,0.004663,0.868214,100.343407,324.330902,-75.222313,0.011829,-0.029403,0.029013,0.999076,222.088165,163.500031,-176.067215,-0.223059,-0.110361,0.017481,0.968380,216.711945,182.689713,-195.282211
459,4.590000,-0.149797,0.041657,-0.023571,0.987558,194.061066,206.499023,-200.133133,-0.173572,0.010589,-0.005062,0.984751,235.350647,199.865051,-194.903458,-0.023726,0.495509,0.004688,0.868266,100.317245,324.326477,-75.217346,0.011788,-0.029512,0.029039,0.999073,222.097321,163.499954,-176.062592,-0.222862,-0.108386,0.015931,0.968675,216.732986,182.705566,-195.274353
460,4.600000,-0.150342,0.041758,-0.023660,0.987468,194.045502,206.500244,-200.126236,-0.173200,0.011615,-0.004834,0.984806,235.334534,199.859970,-194.900711,-0.023685,0.495492,0.004788,0.868276,100.282639,324.319641,-75.194458,0.011964,-0.029768,0.029302,0.999056,222.069916,163.501648,-176.057190,-0.222532,-0.107867,0.016259,0.968803,216.677841,182.686111,-195.255829
461,4.610000,-0.151042,0.041135,-0.023773,0.987385,193.994781,206.501541,-200.131744,-0.175584,0.005068,-0.007876,0.984420,235.276733,199.866364,-194.969803,-0.023682,0.495449,0.004822,0.868301,100.260300,324.320587,-75.179123,0.012101,-0.029787,0.029372,0.999051,222.009979,163.499405,-176.058365,-0.223604,-0.109198,0.016025,0.968411,216.618515,182.685684,-195.240341
462,4.620000,-0.151376,0.040275,-0.023076,0.987386,193.934937,206.492554,-200.139496,-0.177888,-0.001818,-0.009351,0.984005,235.214554,199.868454,-195.000320,-0.023711,0.495515,0.004833,0.868262,100.250458,324.324127,-75.162079,0.012108,-0.029825,0.029568,0.999044,221.963318,163.497772,-176.058044,-0.223881,-0.109426,0.015892,0.968324,216.570923,182.683395,-195.236542
463,4.630000,-0.150999,0.040265,-0.022730,0.987452,193.891144,206.485413,-200.152847,-0.178093,-0.002849,-0.009086,0.983968,235.161530,199.868195,-195.014114,-0.023688,0.495466,0.004765,0.868291,100.254166,324.326477,-75.151688,0.012077,-0.029800,0.029609,0.999044,221.928192,163.498123,-176.064453,-0.223518,-0.108234,0.015459,0.968548,216.529022,182.683853,-195.239059
464,4.640000,-0.150376,0.039826,-0.022137,0.987578,193.817062,206.476883,-200.165237,-0.178084,-0.002868,-0.008743,0.983972,235.106003,199.862198,-195.036255,-0.023685,0.495493,0.004756,0.868276,100.263885,324.330536,-75.152145,0.011996,-0.029772,0.029801,0.999040,221.869720,163.501221,-176.087784,-0.221989,-0.104924,0.015384,0.969265,216.471146,182.677307,-195.286224
465,4.650000,-0.149766,0.039487,-0.022393,0.987679,193.766205,206.471100,-200.197540,-0.178233,-0.002988,-0.008518,0.983947,235.051239,199.853912,-195.075424,-0.023756,0.495531,0.004761,0.868252,100.283783,324.334381,-75.169357,0.011599,-0.029689,0.029797,0.999048,221.828094,163.497833,-176.106857,-0.220535,-0.101226,0.013036,0.970025,216.419388,182.685120,-195.314484
466,4.660000,-0.150812,0.038185,-0.023676,0.987541,193.726624,206.447281,-200.222275,-0.180606,-0.003690,-0.009441,0.983503,235.022247,199.838501,-195.069992,-0.023808,0.495567,0.004720,0.868231,100.300949,324.334229,-75.196091,0.011502,-0.029556,0.029822,0.999052,221.812637,163.497696,-176.120773,-0.219547,-0.098567,0.011247,0.970545,216.398605,182.679703,-195.325394
467,4.670000,-0.151952,0.036671,-0.025079,0.987389,193.736725,206.432007,-200.245361,-0.179176,-0.003996,-0.008888,0.983769,235.036438,199.833237,-195.109741,-0.023774,0.495609,0.004685,0.868208,100.324829,324.333832,-75.238106,0.011506,-0.029509,0.029824,0.999053,221.814957,163.498230,-176.135529,-0.218923,-0.097019,0.010368,0.970852,216.399200,182.674118,-195.336243
468,4.680000,-0.150818,0.036151,-0.024335,0.987601,193.784164,206.438614,-200.280441,-0.178941,-0.003142,-0.008758,0.983816,235.058884,199.831360,-195.125305,-0.023823,0.495625,0.004644,0.868198,100.337280,324.329407,-75.270729,0.011412,-0.029508,0.029786,0.999056,221.836823,163.497253,-176.156189,-0.218127,-0.095510,0.009653,0.971188,216.421829,182.672394,-195.348831
469,4.690000,-0.149835,0.037122,-0.023550,0.987733,193.839615,206.441574,-200.287766,-0.178978,-0.002989,-0.008843,0.983809,235.094131,199.832306,-195.137344,-0.023849,0.495646,0.004625,0.868185,100.346375,324.325592,-75.289322,0.010851,-0.030635,0.029720,0.999030,221.871033,163.493713,-176.199692,-0.217624,-0.094116,0.008926,0.971443,216.455139,182.671677,-195.357437
470,4.700000,-0.150031,0.037698,-0.024195,0.987666,193.896164,206.447739,-200.296356,-0.178562,-0.003205,-0.007714,0.983893,235.192871,199.816147,-195.136169,-0.023859,0.495657,0.004607,0.868178,100.355606,324.324646,-75.294792,0.011326,-0.029686,0.029628,0.999056,221.906662,163.495972,-176.178436,-0.217947,-0.093971,0.009359,0.971381,216.505432,182.658752,-195.355286
471,4.710000,-0.149748,0.037561,-0.023703,0.987726,193.946930,206.457382,-200.292755,-0.178381,-0.002946,-0.007784,0.983926,235.241318,199.813217,-195.125427,-0.023816,0.495689,0.004664,0.868161,100.359116,324.327423,-75.278770,0.012212,-0.028198,0.029397,0.999095,221.898453,163.532257,-176.145630,-0.216899,-0.095290,0.008733,0.971493,216.561752,182.657120,-195.346237
472,4.720000,-0.149741,0.037756,-0.023666,0.987721,193.978287,206.461517,-200.282227,-0.178283,-0.002614,-0.008146,0.983942,235.269165,199.817520,-195.112885,-0.023853,0.495655,0.004608,0.868180,100.352394,324.330261,-75.248993,0.012587,-0.027920,0.029200,0.999104,221.917419,163.535202,-176.124802,-0.217138,-0.096197,0.008936,0.971348,216.591354,182.657333,-195.338135
473,4.730000,-0.150086,0.037994,-0.023673,0.987659,193.992233,206.467224,-200.266327,-0.178065,-0.002415,-0.008205,0.983982,235.284454,199.821045,-195.099365,-0.023818,0.495617,0.004658,0.868202,100.338921,324.332031,-75.216248,0.012421,-0.027971,0.028938,0.999113,221.941101,163.530380,-176.118484,-0.218066,-0.097896,0.009843,0.970962,216.607742,182.658295,-195.330215
474,4.740000,-0.149979,0.039840,-0.023320,0.987611,193.984848,206.473587,-200.235138,-0.177893,-0.002354,-0.008130,0.984013,235.277161,199.826508,-195.079559,-0.023879,0.495524,0.004486,0.868254,100.313011,324.331085,-75.173523,0.012671,-0.028419,0.029207,0.999089,221.923981,163.532578,-176.099182,-0.218797,-0.100034,0.011205,0.970564,216.605209,182.657455,-195.322510
475,4.750000,-0.149425,0.041781,-0.022888,0.987625,193.953842,206.476562,-200.212387,-0.177783,-0.002477,-0.007916,0.984035,235.254044,199.829285,-195.061676,-0.023782,0.495521,0.004697,0.868258,100.275391,324.327423,-75.139740,0.011953,-0.029707,0.029593,0.999049,221.961884,163.495316,-176.111694,-0.219569,-0.102683,0.012690,0.970095,216.583008,182.659180,-195.312668
476,4.760000,-0.149501,0.041108,-0.022754,0.987645,193.906784,206.476562,-200.200684,-0.178231,-0.002734,-0.009139,0.983942,235.182358,199.849411,-195.042496,-0.023790,0.495449,0.004695,0.868299,100.257401,324.326202,-75.124802,0.011925,-0.029920,0.029656,0.999041,221.927963,163.495789,-176.097961,-0.220813,-0.105777,0.014269,0.969458,216.545959,182.662170,-195.298233
477,4.770000,-0.149767,0.040301,-0.022037,0.987654,193.844757,206.471451,-200.181061,-0.178413,-0.003654,-0.009083,0.983907,235.124222,199.855911,-195.027908,-0.023796,0.495393,0.004689,0.868330,100.246658,324.324463,-75.119827,0.011554,-0.029992,0.029753,0.999040,221.872894,163.498688,-176.081329,-0.222161,-0.107513,0.016658,0.968921,216.492020,182.662262,-195.304428
478,4.780000,-0.149852,0.039831,-0.022263,0.987655,193.783417,206.468781,-200.167145,-0.179648,-0.004095,-0.009058,0.983681,235.063904,199.859772,-195.009888,-0.023937,0.495590,0.004551,0.868215,100.242867,324.321991,-75.102509,0.011545,-0.029958,0.029856,0.999038,221.833862,163.500092,-176.072617,-0.222272,-0.107936,0.016644,0.968849,216.443665,182.674164,-195.307281
479,4.790000,-0.150578,0.039797,-0.023590,0.987515,193.731720,206.461639,-200.157928,-0.180078,-0.004852,-0.009126,0.983598,235.031677,199.860046,-195.009613,-0.023734,0.495544,0.004742,0.868246,100.257896,324.322083,-75.151108,0.011608,-0.029912,0.029904,0.999038,221.805954,163.501617,-176.071716,-0.222068,-0.107568,0.016174,0.968945,216.412140,182.676651,-195.304810
480,4.800000,-0.150884,0.039575,-0.023682,0.987475,193.708084,206.456192,-200.160126,-0.180191,-0.004822,-0.009030,0.983578,235.016800,199.858337,-195.012222,-0.023678,0.495528,0.004794,0.868256,100.284531,324.322205,-75.193542,0.011587,-0.029908,0.029942,0.999037,221.791077,163.502243,-176.075302,-0.221769,-0.107190,0.015990,0.969058,216.395416,182.676178,-195.304306
481,4.810000,-0.150715,0.039543,-0.023602,0.987504,193.711609,206.454254,-200.171570,-0.180242,-0.004897,-0.009057,0.983568,235.018478,199.857330,-195.019699,-0.023712,0.495542,0.004669,0.868248,100.321121,324.324219,-75.235718,0.011599,-0.029913,0.029943,0.999037,221.795059,163.503784,-176.082901,-0.221367,-0.105449,0.015078,0.969355,216.398865,182.677612,-195.307144
482,4.820000,-0.150589,0.039125,-0.024147,0.987527,193.740402,206.458832,-200.187485,-0.180359,-0.004948,-0.009124,0.983546,235.039215,199.856537,-195.030029,-0.023729,0.495589,0.004668,0.868221,100.341682,324.322784,-75.263916,0.011606,-0.029906,0.029912,0.999038,221.815430,163.504227,-176.098801,-0.220625,-0.103093,0.013882,0.969796,216.417084,182.678360,-195.311783
483,4.830000,-0.150002,0.037580,-0.023615,0.987689,193.804443,206.457886,-200.235046,-0.179108,-0.004315,-0.009076,0.983778,235.075775,199.849655,-195.065506,-0.023763,0.495627,0.004649,0.868198,100.355240,324.321716,-75.284500,0.011553,-0.029909,0.029827,0.999041,221.849426,163.503906,-176.116959,-0.219905,-0.100585,0.012687,0.970239,216.449799,182.679626,-195.315811
484,4.840000,-0.149657,0.037114,-0.023223,0.987768,193.886993,206.468414,-200.260147,-0.178962,-0.003771,-0.009345,0.983804,235.142380,199.847382,-195.079544,-0.023812,0.495635,0.004622,0.868192,100.360191,324.320862,-75.294777,0.011829,-0.029848,0.029812,0.999040,221.890228,163.506424,-176.144470,-0.219590,-0.098761,0.012094,0.970505,216.494339,182.668961,-195.323380
485,4.850000,-0.149514,0.037529,-0.023448,0.987769,193.927750,206.468063,-200.279556,-0.178575,-0.003712,-0.008141,0.983886,235.213150,199.831161,-195.101151,-0.023844,0.495681,0.004655,0.868165,100.355942,324.324707,-75.287766,0.011863,-0.029732,0.029702,0.999046,221.932617,163.503555,-176.160400,-0.218482,-0.098275,0.010312,0.970825,216.543121,182.670868,-195.322159
486,4.860000,-0.149581,0.037473,-0.023856,0.987751,193.961441,206.467590,-200.297623,-0.178496,-0.003261,-0.008058,0.983902,235.251251,199.824158,-195.113235,-0.023863,0.495697,0.004650,0.868155,100.346085,324.327759,-75.271690,0.012393,-0.028505,0.029433,0.999083,221.909286,163.540085,-176.150131,-0.217487,-0.096755,0.009284,0.971211,216.574982,182.666031,-195.340942
487,4.870000,-0.149766,0.037210,-0.024063,0.987728,193.979401,206.465302,-200.308670,-0.178501,-0.003163,-0.008194,0.983901,235.267059,199.822372,-195.119965,-0.023927,0.495674,0.004628,0.868167,100.336937,324.331818,-75.243713,0.012475,-0.028186,0.029437,0.999091,221.911453,163.544861,-176.153030,-0.217170,-0.095937,0.008764,0.971368,216.590317,182.661316,-195.351883
488,4.880000,-0.149918,0.037338,-0.024024,0.987701,193.978897,206.462738,-200.312286,-0.178469,-0.003084,-0.008153,0.983907,235.267456,199.819672,-195.123947,-0.023998,0.495606,0.004474,0.868205,100.322556,324.334839,-75.211044,0.012447,-0.028285,0.029419,0.999089,221.908752,163.542145,-176.155899,-0.217347,-0.096394,0.008921,0.971282,216.592560,182.658203,-195.359604
489,4.890000,-0.149911,0.037717,-0.023731,0.987695,193.959671,206.460342,-200.306931,-0.178461,-0.003036,-0.007998,0.983910,235.246460,199.817825,-195.119156,-0.024001,0.495569,0.004425,0.868226,100.311127,324.334503,-75.180702,0.012502,-0.028426,0.029505,0.999082,221.891312,163.539764,-176.149994,-0.217823,-0.098255,0.009998,0.970979,216.577209,182.652405,-195.362518
490,4.900000,-0.149934,0.037975,-0.023403,0.987689,193.927094,206.458160,-200.293900,-0.178385,-0.003229,-0.007898,0.983924,235.210266,199.817703,-195.112137,-0.023854,0.495604,0.004642,0.868209,100.290894,324.328583,-75.157249,0.011849,-0.029848,0.029772,0.999041,221.920349,163.497696,-176.163361,-0.219438,-0.100116,0.012483,0.970396,216.535828,182.646820,-195.374115
491,4.910000,-0.150232,0.038461,-0.023648,0.987619,193.875183,206.448685,-200.269577,-0.178718,-0.003195,-0.009098,0.983853,235.142105,199.830765,-195.089157,-0.023796,0.495559,0.004687,0.868235,100.283073,324.324188,-75.150612,0.011516,-0.030106,0.029763,0.999037,221.883209,163.493820,-176.140930,-0.221069,-0.103685,0.014443,0.969623,216.498291,182.647003,-195.357574
492,4.920000,-0.150173,0.037831,-0.023443,0.987657,193.811615,206.443207,-200.251923,-0.178804,-0.003405,-0.009100,0.983837,235.076874,199.834061,-195.072998,-0.023787,0.495486,0.004683,0.868278,100.279053,324.318085,-75.157257,0.011567,-0.030127,0.029859,0.999033,221.847046,163.493210,-176.117477,-0.220754,-0.107312,0.014851,0.969294,216.458435,182.651321,-195.334702
493,4.930000,-0.149985,0.038637,-0.022661,0.987673,193.761475,206.452789,-200.209366,-0.180000,-0.004160,-0.009093,0.983616,235.039444,199.842392,-195.032837,-0.023665,0.495467,0.004786,0.868291,100.278549,324.313965,-75.178299,0.011596,-0.030105,0.029934,0.999031,221.814194,163.494324,-176.093674,-0.220998,-0.109102,0.015544,0.969028,216.426270,182.652496,-195.319962
494,4.940000,-0.150650,0.039754,-0.023302,0.987513,193.711288,206.446793,-200.170593,-0.181083,-0.005467,-0.009878,0.983403,235.012909,199.836685,-194.999588,-0.023661,0.495455,0.004782,0.868298,100.282799,324.311615,-75.194214,0.011646,-0.030159,0.029979,0.999028,221.791275,163.495377,-176.074051,-0.221513,-0.110268,0.016114,0.968769,216.404953,182.656799,-195.302673
495,4.950000,-0.150829,0.039801,-0.023454,0.987480,193.705338,206.452362,-200.156479,-0.180431,-0.005441,-0.009275,0.983529,235.016403,199.851929,-194.988693,-0.023581,0.495555,0.004935,0.868242,100.290215,324.310791,-75.211769,0.011718,-0.030212,0.029999,0.999025,221.785172,163.498505,-176.061386,-0.221760,-0.110423,0.016245,0.968693,216.399323,182.660721,-195.286316
496,4.960000,-0.150599,0.039633,-0.023516,0.987520,193.714645,206.457901,-200.146774,-0.180375,-0.005309,-0.009238,0.983540,235.023651,199.862228,-194.982178,-0.023708,0.495480,0.004679,0.868283,100.307739,324.316284,-75.226929,0.011727,-0.030208,0.029974,0.999025,221.793274,163.501434,-176.056168,-0.223259,-0.110230,0.016141,0.968372,216.403473,182.670502,-195.252457
497,4.970000,-0.149644,0.039132,-0.022772,0.987703,193.762527,206.474121,-200.156921,-0.180288,-0.005280,-0.009300,0.983556,235.048859,199.867737,-194.979538,-0.023748,0.495517,0.004641,0.868261,100.316940,324.319794,-75.233612,0.011750,-0.030205,0.029961,0.999025,221.813980,163.505127,-176.060654,-0.224032,-0.108714,0.016432,0.968360,216.418915,182.682404,-195.252899
498,4.980000,-0.149262,0.038688,-0.022365,0.987787,193.807236,206.481049,-200.166656,-0.180283,-0.005202,-0.009440,0.983556,235.094604,199.868607,-194.979507,-0.023852,0.495542,0.004593,0.868244,100.323662,324.320923,-75.231232,0.012051,-0.030205,0.029949,0.999022,221.846710,163.509720,-176.079498,-0.222081,-0.105517,0.015737,0.969174,216.462997,182.674606,-195.267181
499,4.990000,-0.148921,0.038155,-0.022102,0.987865,193.857086,206.492447,-200.188522,-0.180420,-0.005617,-0.009837,0.983524,235.133972,199.871399,-194.995438,-0.023826,0.495592,0.004606,0.868216,100.325104,324.324646,-75.236176,0.012043,-0.030183,0.029860,0.999026,221.882401,163.511200,-176.096176,-0.221004,-0.102151,0.014010,0.969807,216.492065,182.676956,-195.273407
500,5.000000,-0.149295,0.037019,-0.023182,0.987828,193.907181,206.484726,-200.235474,-0.179379,-0.005325,-0.009644,0.983718,235.172607,199.861298,-195.028824,-0.024004,0.495565,0.004428,0.868228,100.326744,324.327087,-75.227249,0.012035,-0.030012,0.029763,0.999034,221.919113,163.507660,-176.113922,-0.219404,-0.100240,0.011408,0.970404,216.531921,182.679260,-195.272873
501,5.010000,-0.149666,0.036664,-0.023696,0.987772,193.941071,206.479156,-200.259750,-0.179151,-0.004263,-0.009721,0.983764,235.201447,199.855209,-195.059036,-0.023940,0.495649,0.004554,0.868181,100.329971,324.329254,-75.230492,0.011971,-0.029956,0.029730,0.999037,221.940445,163.505508,-176.137161,-0.218649,-0.097899,0.009802,0.970831,216.553558,182.677307,-195.293518
502,5.020000,-0.149668,0.037095,-0.023772,0.987754,193.951996,206.473694,-200.286835,-0.178677,-0.003975,-0.008215,0.983866,235.242630,199.831741,-195.088654,-0.024024,0.495607,0.004422,0.868204,100.329964,324.332092,-75.224007,0.011902,-0.029943,0.029690,0.999040,221.950928,163.504105,-176.159500,-0.218086,-0.096143,0.008756,0.971143,216.561096,182.675079,-195.314621
503,5.030000,-0.149722,0.037173,-0.023804,0.987742,193.949799,206.469147,-200.309769,-0.178539,-0.003537,-0.008047,0.983894,235.238586,199.825348,-195.112106,-0.023925,0.495659,0.004597,0.868175,100.333969,324.332245,-75.227951,0.011876,-0.029937,0.029754,0.999038,221.943420,163.500580,-176.178848,-0.217369,-0.095300,0.008304,0.971391,216.560318,182.667877,-195.340195
504,5.040000,-0.149884,0.037275,-0.023740,0.987715,193.934662,206.462616,-200.327057,-0.178529,-0.003544,-0.007935,0.983896,235.218658,199.821503,-195.129684,-0.023902,0.495635,0.004590,0.868190,100.332077,324.329712,-75.231110,0.011920,-0.029730,0.029616,0.999048,221.873672,163.534576,-176.190964,-0.217293,-0.095460,0.008379,0.971391,216.545547,182.661072,-195.357590
505,5.050000,-0.150312,0.037464,-0.024162,0.987633,193.897751,206.448608,-200.328308,-0.178535,-0.003592,-0.007808,0.983896,235.192856,199.816238,-195.137451,-0.023814,0.495605,0.004618,0.868209,100.326775,324.326324,-75.237816,0.011134,-0.030915,0.029827,0.999015,221.897675,163.495132,-176.212357,-0.218139,-0.095389,0.009624,0.971197,216.512817,182.653412,-195.382324
506,5.060000,-0.150336,0.038089,-0.024340,0.987601,193.863998,206.442627,-200.323975,-0.178876,-0.003278,-0.008943,0.983826,235.117538,199.825867,-195.135971,-0.023846,0.495528,0.004595,0.868252,100.324280,324.321075,-75.236893,0.011427,-0.030257,0.029864,0.999031,221.873169,163.489975,-176.186600,-0.219023,-0.097294,0.010335,0.970802,216.473999,182.661484,-195.386826
507,5.070000,-0.150025,0.038911,-0.023402,0.987639,193.820724,206.435455,-200.303284,-0.179032,-0.003475,-0.009057,0.983796,235.080338,199.825592,-195.119598,-0.023750,0.495509,0.004655,0.868266,100.316658,324.316040,-75.239212,0.011476,-0.030107,0.029926,0.999033,221.846878,163.488708,-176.165848,-0.219569,-0.099608,0.011440,0.970431,216.448013,182.655640,-195.381256
508,5.080000,-0.150161,0.038336,-0.022684,0.987658,193.777496,206.428543,-200.287750,-0.178821,-0.003622,-0.008939,0.983834,235.057129,199.826920,-195.098862,-0.023592,0.495584,0.004943,0.868225,100.300034,324.308990,-75.227089,0.011537,-0.030143,0.029962,0.999030,221.824219,163.488998,-176.142700,-0.220311,-0.102311,0.012927,0.969963,216.427444,182.655060,-195.367157
509,5.090000,-0.150393,0.037992,-0.022726,0.987635,193.762039,206.435791,-200.260483,-0.178715,-0.003615,-0.008909,0.983854,235.040802,199.833023,-195.072403,-0.023564,0.495554,0.004957,0.868243,100.295525,324.308990,-75.214615,0.011630,-0.030231,0.029998,0.999025,221.807251,163.490219,-176.117157,-0.221142,-0.104805,0.014228,0.969489,216.414780,182.657745,-195.348190
510,5.100000,-0.150483,0.039274,-0.023275,0.987558,193.732788,206.444183,-200.207077,-0.180048,-0.004311,-0.009078,0.983606,235.034164,199.845535,-195.024704,-0.023662,0.495477,0.004777,0.868286,100.289726,324.311157,-75.196518,0.011676,-0.030320,0.030013,0.999021,221.802200,163.494385,-176.092697,-0.220961,-0.107250,0.014619,0.969258,216.418732,182.657608,-195.312820
511,5.110000,-0.149604,0.039654,-0.022363,0.987697,193.761688,206.467239,-200.186020,-0.180305,-0.005233,-0.009252,0.983553,235.042786,199.856384,-195.000092,-0.023677,0.495489,0.004758,0.868278,100.285629,324.315155,-75.182274,0.011690,-0.030356,0.030012,0.999020,221.809326,163.500137,-176.074478,-0.223919,-0.108325,0.016048,0.968436,216.416519,182.674637,-195.281036
512,5.120000,-0.149157,0.039205,-0.022320,0.987784,193.778915,206.476074,-200.169220,-0.180160,-0.005279,-0.009361,0.983579,235.071381,199.863892,-194.973526,-0.023769,0.495492,0.004724,0.868275,100.284981,324.318726,-75.168335,0.011712,-0.030402,0.029985,0.999019,221.822342,163.505737,-176.063950,-0.224535,-0.108560,0.016498,0.968260,216.434006,182.681854,-195.263809
513,5.130000,-0.149253,0.038798,-0.022191,0.987788,193.805832,206.484756,-200.159668,-0.180197,-0.005474,-0.009556,0.983569,235.096756,199.874496,-194.962051,-0.023822,0.495549,0.004678,0.868241,100.281898,324.321594,-75.162186,0.012081,-0.030307,0.030002,0.999017,221.845917,163.511353,-176.069626,-0.224602,-0.108296,0.016877,0.968267,216.460617,182.680725,-195.244156
514,5.140000,-0.148846,0.038420,-0.021655,0.987877,193.838028,206.495377,-200.165405,-0.180275,-0.005865,-0.009774,0.983550,235.122879,199.883942,-194.966232,-0.023855,0.495602,0.004670,0.868209,100.284309,324.322571,-75.167465,0.012101,-0.030293,0.029960,0.999019,221.866577,163.514816,-176.076309,-0.224241,-0.107440,0.016673,0.968449,216.480682,182.685928,-195.236572
515,5.150000,-0.148809,0.038090,-0.022336,0.987880,193.874786,206.502762,-200.183746,-0.179238,-0.005571,-0.009596,0.983743,235.144211,199.878296,-194.992203,-0.023883,0.495586,0.004665,0.868218,100.295799,324.325409,-75.187607,0.012082,-0.030313,0.029862,0.999021,221.888565,163.515717,-176.088043,-0.220792,-0.104805,0.014077,0.969571,216.515381,182.686417,-195.250107
516,5.160000,-0.149027,0.038482,-0.023293,0.987809,193.897339,206.495834,-200.208206,-0.178960,-0.004927,-0.009477,0.983798,235.164093,199.869904,-195.008209,-0.023990,0.495539,0.004441,0.868243,100.319183,324.327148,-75.211014,0.012003,-0.030265,0.029825,0.999025,221.904510,163.514114,-176.104507,-0.219620,-0.101480,0.011885,0.970220,216.528061,182.686646,-195.260025
517,5.170000,-0.149368,0.037098,-0.023611,0.987803,193.911194,206.485458,-200.248016,-0.178934,-0.004759,-0.009368,0.983805,235.173080,199.863098,-195.030960,-0.023811,0.495635,0.004626,0.868192,100.332886,324.325073,-75.240685,0.012038,-0.030125,0.029792,0.999030,221.919128,163.508240,-176.121246,-0.219047,-0.099372,0.010651,0.970582,216.533524,182.684402,-195.274017
518,5.180000,-0.149578,0.036734,-0.023650,0.987784,193.918884,206.476074,-200.269531,-0.178981,-0.004814,-0.009387,0.983796,235.170883,199.857498,-195.060257,-0.023801,0.495653,0.004630,0.868182,100.344429,324.323334,-75.259193,0.011890,-0.030190,0.029867,0.999027,221.907608,163.507721,-176.143494,-0.218662,-0.097846,0.009703,0.970834,216.531189,182.679398,-195.296188
519,5.190000,-0.149550,0.037358,-0.023413,0.987771,193.909668,206.469788,-200.294037,-0.179048,-0.004456,-0.009561,0.983784,235.165268,199.848511,-195.087341,-0.023793,0.495670,0.004627,0.868173,100.352776,324.321381,-75.272888,0.011513,-0.030148,0.029816,0.999034,221.898315,163.502335,-176.157288,-0.218282,-0.096830,0.009141,0.971027,216.521652,182.673279,-195.317764
520,5.200000,-0.150078,0.037598,-0.023987,0.987668,193.887253,206.457184,-200.310562,-0.178518,-0.003883,-0.007920,0.983897,235.172363,199.828247,-195.111328,-0.023789,0.495665,0.004625,0.868176,100.353813,324.320190,-75.278763,0.011432,-0.030227,0.029835,0.999032,221.886627,163.497116,-176.170563,-0.218966,-0.096025,0.010013,0.970944,216.496796,182.666458,-195.346909
521,5.210000,-0.149791,0.037883,-0.023901,0.987703,193.856415,206.447357,-200.319870,-0.178022,-0.002522,-0.007091,0.983998,235.134506,199.818878,-195.128082,-0.023775,0.495625,0.004633,0.868199,100.346687,324.318329,-75.273956,0.011480,-0.030251,0.029876,0.999030,221.870041,163.493866,-176.178665,-0.218947,-0.095422,0.009539,0.971013,216.469238,182.671677,-195.368195
522,5.220000,-0.149538,0.038517,-0.023416,0.987728,193.830627,206.439911,-200.319962,-0.178396,-0.002700,-0.008546,0.983918,235.092865,199.827682,-195.128662,-0.023757,0.495571,0.004655,0.868230,100.330376,324.317444,-75.257561,0.011497,-0.030211,0.029915,0.999030,221.854095,163.490936,-176.178360,-0.218973,-0.095834,0.009487,0.970967,216.453888,182.667480,-195.377670
523,5.230000,-0.149671,0.038792,-0.023247,0.987701,193.814636,206.438873,-200.312637,-0.178660,-0.003292,-0.008848,0.983866,235.076523,199.828186,-195.120819,-0.023637,0.495625,0.004915,0.868201,100.303673,324.314423,-75.233917,0.011529,-0.030286,0.029960,0.999026,221.838852,163.490524,-176.170334,-0.219295,-0.097461,0.010203,0.970725,216.439957,182.664856,-195.376129
524,5.240000,-0.149657,0.039184,-0.022680,0.987701,193.798248,206.435989,-200.298126,-0.178648,-0.003370,-0.008826,0.983868,235.065796,199.830383,-195.107895,-0.023714,0.495512,0.004776,0.868264,100.286064,324.314484,-75.208122,0.011587,-0.030333,0.029980,0.999023,221.829041,163.491684,-176.156876,-0.219825,-0.099427,0.011266,0.970394,216.431763,182.665192,-195.368011
525,5.250000,-0.149934,0.038418,-0.022799,0.987686,193.784286,206.440109,-200.285919,-0.178701,-0.003552,-0.008909,0.983857,235.062622,199.835724,-195.085739,-0.023687,0.495517,0.004808,0.868262,100.274994,324.315491,-75.186623,0.011613,-0.030280,0.029979,0.999024,221.824524,163.495621,-176.138260,-0.220445,-0.101301,0.012296,0.970047,216.430786,182.666855,-195.355240
526,5.260000,-0.150281,0.037293,-0.023470,0.987661,193.794724,206.450760,-200.262863,-0.178691,-0.003885,-0.008827,0.983858,235.062881,199.844925,-195.061157,-0.023680,0.495494,0.004780,0.868275,100.272301,324.316833,-75.172600,0.011609,-0.030344,0.029981,0.999022,221.826584,163.497711,-176.118637,-0.220417,-0.103547,0.012621,0.969812,216.440567,182.666351,-195.321838
527,5.270000,-0.149848,0.038578,-0.023465,0.987678,193.800003,206.460587,-200.226486,-0.178605,-0.004065,-0.008895,0.983872,235.071030,199.853424,-195.037537,-0.023786,0.495495,0.004684,0.868273,100.274986,324.317780,-75.157600,0.011681,-0.030435,0.029983,0.999019,221.833801,163.501022,-176.099625,-0.221325,-0.104088,0.013980,0.969528,216.446091,182.675873,-195.314896
528,5.280000,-0.149487,0.039168,-0.022374,0.987734,193.808258,206.475281,-200.196426,-0.179801,-0.004538,-0.009252,0.983649,235.092499,199.862289,-194.992111,-0.023787,0.495549,0.004692,0.868241,100.283234,324.318665,-75.160759,0.011711,-0.030476,0.029970,0.999017,221.842545,163.504379,-176.084915,-0.221837,-0.104545,0.014828,0.969350,216.465240,182.671265,-195.295151
529,5.290000,-0.149326,0.038705,-0.022242,0.987780,193.820679,206.480347,-200.183762,-0.180256,-0.005725,-0.009685,0.983555,235.111633,199.870361,-194.979507,-0.023785,0.495538,0.004700,0.868248,100.297455,324.318481,-75.177223,0.012066,-0.030450,0.030001,0.999013,221.856598,163.508896,-176.084991,-0.224225,-0.106433,0.015927,0.968577,216.472961,182.677811,-195.256989
530,5.300000,-0.148839,0.038479,-0.021596,0.987876,193.839417,206.489395,-200.181168,-0.180503,-0.006156,-0.009868,0.983506,235.121262,199.875153,-194.974243,-0.023922,0.495473,0.004448,0.868283,100.319092,324.319672,-75.202271,0.012110,-0.030454,0.029983,0.999013,221.866180,163.510498,-176.082153,-0.224465,-0.106880,0.016317,0.968466,216.481766,182.681503,-195.248657
531,5.310000,-0.148166,0.038055,-0.021702,0.987992,193.856232,206.493073,-200.191483,-0.180516,-0.006262,-0.009905,0.983502,235.129578,199.875809,-194.977280,-0.023868,0.495550,0.004579,0.868239,100.332146,324.317688,-75.229118,0.011747,-0.030405,0.029872,0.999022,221.874252,163.510437,-176.081696,-0.221739,-0.106636,0.015083,0.969140,216.502716,182.680634,-195.255173
532,5.320000,-0.148451,0.036373,-0.022039,0.988005,193.865692,206.489685,-200.215195,-0.180614,-0.006277,-0.009982,0.983483,235.133835,199.875092,-194.985199,-0.023809,0.495607,0.004609,0.868208,100.338005,324.316254,-75.252251,0.011988,-0.030369,0.029867,0.999021,221.881058,163.511932,-176.097565,-0.221071,-0.103185,0.014294,0.969679,216.494644,182.679474,-195.274689
533,5.330000,-0.149082,0.034812,-0.022826,0.987948,193.872391,206.488525,-200.235703,-0.180701,-0.006402,-0.009994,0.983466,235.134216,199.871811,-194.998871,-0.023893,0.495601,0.004573,0.868210,100.346130,324.315521,-75.260529,0.011964,-0.030328,0.029958,0.999019,221.877106,163.510162,-176.112198,-0.220606,-0.101122,0.013304,0.970016,216.494522,182.677277,-195.285706
534,5.340000,-0.149447,0.034721,-0.023234,0.987887,193.867188,206.477158,-200.255402,-0.179539,-0.006052,-0.009651,0.983685,235.133392,199.863495,-195.034317,-0.023827,0.495623,0.004591,0.868199,100.345192,324.317474,-75.264786,0.011936,-0.030304,0.029938,0.999021,221.874420,163.509628,-176.126282,-0.220369,-0.100059,0.012593,0.970189,216.488876,182.675629,-195.299332
535,5.350000,-0.150002,0.035060,-0.023878,0.987775,193.853699,206.465576,-200.270752,-0.179072,-0.005262,-0.009390,0.983777,235.126419,199.856125,-195.054764,-0.023886,0.495602,0.004556,0.868209,100.346542,324.319550,-75.253738,0.011615,-0.030305,0.029899,0.999026,221.867401,163.506332,-176.135284,-0.219988,-0.099325,0.012168,0.970357,216.483551,182.671555,-195.315735
536,5.360000,-0.150429,0.035627,-0.023834,0.987691,193.839340,206.456329,-200.284576,-0.179142,-0.004882,-0.009322,0.983767,235.110229,199.850266,-195.080017,-0.023801,0.495611,0.004608,0.868206,100.337715,324.321686,-75.243729,0.011572,-0.030294,0.029911,0.999026,221.861176,163.502914,-176.145340,-0.220036,-0.099048,0.011919,0.970377,216.476105,182.668442,-195.329132
537,5.370000,-0.150098,0.037002,-0.023772,0.987692,193.836182,206.449936,-200.290894,-0.178948,-0.004001,-0.009105,0.983808,235.096817,199.841888,-195.091278,-0.023873,0.495512,0.004450,0.868262,100.323425,324.323242,-75.223251,0.011561,-0.030287,0.029934,0.999026,221.855179,163.499298,-176.154343,-0.219860,-0.098652,0.011351,0.970464,216.462189,182.673203,-195.346527
538,5.380000,-0.149750,0.038475,-0.023405,0.987698,193.830170,206.447205,-200.298080,-0.178724,-0.003671,-0.009013,0.983851,235.090942,199.837494,-195.099350,-0.023847,0.495537,0.004645,0.868247,100.301170,324.319641,-75.201920,0.011570,-0.030385,0.029961,0.999022,221.851669,163.496490,-176.158279,-0.219670,-0.098007,0.010862,0.970578,216.456207,182.671875,-195.357666
539,5.390000,-0.149707,0.038970,-0.023179,0.987690,193.825180,206.445374,-200.298950,-0.178680,-0.003679,-0.008986,0.983859,235.087662,199.837311,-195.102066,-0.023840,0.495509,0.004654,0.868263,100.289505,324.318054,-75.193642,0.011597,-0.030382,0.029959,0.999022,221.845215,163.496140,-176.159225,-0.219796,-0.098384,0.010947,0.970510,216.451782,182.669662,-195.358627
540,5.400000,-0.149746,0.039008,-0.023196,0.987682,193.823517,206.446274,-200.293396,-0.178627,-0.003624,-0.008960,0.983869,235.085159,199.837982,-195.097977,-0.023841,0.495474,0.004653,0.868283,100.282715,324.316833,-75.190857,0.011590,-0.030415,0.029985,0.999020,221.843475,163.496857,-176.153854,-0.220164,-0.099249,0.011472,0.970333,216.450912,182.670425,-195.360245
541,5.410000,-0.149769,0.039141,-0.023138,0.987675,193.822083,206.449600,-200.284439,-0.178704,-0.003681,-0.009017,0.983855,235.082916,199.840256,-195.088181,-0.023751,0.495492,0.004705,0.868275,100.279526,324.316376,-75.196457,0.011658,-0.030440,0.029964,0.999019,221.841568,163.496979,-176.145355,-0.220361,-0.100506,0.012072,0.970151,216.450119,182.670868,-195.352020
542,5.420000,-0.149941,0.038088,-0.023396,0.987684,193.813995,206.452713,-200.279633,-0.178650,-0.003751,-0.008996,0.983865,235.083130,199.845566,-195.073883,-0.023746,0.495499,0.004714,0.868271,100.285591,324.316101,-75.204063,0.011641,-0.030438,0.029973,0.999019,221.842255,163.498688,-176.136230,-0.220765,-0.101598,0.012703,0.969938,216.451340,182.672394,-195.343948
543,5.430000,-0.150269,0.036966,-0.023715,0.987669,193.815079,206.457397,-200.264679,-0.178537,-0.004038,-0.008916,0.983885,235.082901,199.850220,-195.058914,-0.023649,0.495572,0.004865,0.868231,100.297775,324.314758,-75.218994,0.011664,-0.030481,0.029974,0.999018,221.843399,163.500381,-176.123169,-0.220968,-0.102341,0.013154,0.969807,216.455994,182.673676,-195.333023
544,5.440000,-0.150125,0.036616,-0.023692,0.987705,193.818878,206.460022,-200.251144,-0.179829,-0.004561,-0.009208,0.983644,235.097229,199.856735,-195.019104,-0.023737,0.495527,0.004656,0.868255,100.319489,324.316223,-75.235458,0.011657,-0.030503,0.029981,0.999017,221.845062,163.503067,-176.113007,-0.221447,-0.103087,0.013855,0.969610,216.467636,182.666397,-195.314789
545,5.450000,-0.150073,0.036296,-0.023458,0.987730,193.825684,206.463165,-200.239990,-0.180323,-0.005456,-0.009486,0.983547,235.101181,199.860123,-195.004318,-0.023763,0.495561,0.004630,0.868236,100.330795,324.315399,-75.245262,0.011681,-0.030508,0.029985,0.999016,221.847366,163.504929,-176.104736,-0.221862,-0.104683,0.014943,0.969327,216.472061,182.667816,-195.303604
546,5.460000,-0.149722,0.035647,-0.022861,0.987821,193.823242,206.470627,-200.226440,-0.180298,-0.005647,-0.009602,0.983549,235.103256,199.863251,-194.995865,-0.023789,0.495580,0.004601,0.868225,100.336487,324.315491,-75.249985,0.011700,-0.030449,0.029950,0.999019,221.850540,163.506790,-176.098801,-0.221799,-0.105229,0.015336,0.969277,216.475235,182.669556,-195.296585
547,5.470000,-0.149859,0.035422,-0.023338,0.987797,193.832306,206.467499,-200.226547,-0.180430,-0.005950,-0.009716,0.983522,235.110321,199.868256,-194.992111,-0.023874,0.495593,0.004571,0.868215,100.341171,324.315948,-75.245216,0.012025,-0.030453,0.030035,0.999013,221.855301,163.509705,-176.103210,-0.221631,-0.105143,0.015334,0.969324,216.478470,182.670685,-195.293213
548,5.480000,-0.149823,0.035424,-0.023507,0.987798,193.835815,206.468506,-200.227615,-0.180746,-0.006396,-0.009855,0.983460,235.113419,199.869568,-194.992523,-0.023894,0.495590,0.004560,0.868216,100.338120,324.317474,-75.236160,0.012020,-0.030401,0.029999,0.999015,221.857758,163.510956,-176.105591,-0.221464,-0.105008,0.015256,0.969378,216.479309,182.673462,-195.291565
549,5.490000,-0.149432,0.034953,-0.023005,0.987886,193.833099,206.473587,-200.227463,-0.179377,-0.005980,-0.009523,0.983716,235.117172,199.866699,-195.013992,-0.023895,0.495613,0.004596,0.868203,100.334167,324.321564,-75.224121,0.011664,-0.030420,0.029942,0.999021,221.857498,163.510208,-176.104706,-0.221416,-0.104805,0.015059,0.969414,216.481003,182.673889,-195.293411
550,5.500000,-0.150020,0.034962,-0.023598,0.987783,193.838379,206.469406,-200.236954,-0.179036,-0.005242,-0.009320,0.983784,235.117722,199.865280,-195.020844,-0.023998,0.495524,0.004408,0.868251,100.322182,324.324432,-75.206451,0.011632,-0.030396,0.029929,0.999022,221.858139,163.510208,-176.110489,-0.221343,-0.104342,0.014843,0.969484,216.482040,182.673218,-195.299652
551,5.510000,-0.150185,0.034617,-0.023159,0.987780,193.833481,206.472366,-200.242676,-0.178929,-0.004989,-0.009321,0.983805,235.119217,199.862915,-195.030930,-0.023907,0.495607,0.004615,0.868206,100.304802,324.322784,-75.192627,0.011628,-0.030425,0.029928,0.999021,221.858688,163.508987,-176.117523,-0.221255,-0.103843,0.014543,0.969562,216.481583,182.672562,-195.306290
552,5.520000,-0.150422,0.035068,-0.023533,0.987720,193.836731,206.464630,-200.255249,-0.178937,-0.005028,-0.009305,0.983804,235.118637,199.858978,-195.041428,-0.023887,0.495594,0.004651,0.868213,100.297539,324.322327,-75.187218,0.011670,-0.030450,0.029938,0.999020,221.858658,163.506912,-176.125153,-0.221345,-0.103343,0.014224,0.969600,216.481216,182.670776,-195.315155
553,5.530000,-0.150347,0.035876,-0.023610,0.987700,193.836914,206.458786,-200.268875,-0.178826,-0.004711,-0.009132,0.983827,235.113678,199.852234,-195.051254,-0.023932,0.495496,0.004477,0.868269,100.305107,324.322021,-75.193001,0.011626,-0.030459,0.029950,0.999020,221.857269,163.502960,-176.131256,-0.221293,-0.103057,0.014081,0.969644,216.478714,182.666992,-195.321884
554,5.540000,-0.150150,0.036593,-0.023714,0.987701,193.829544,206.454636,-200.281036,-0.178725,-0.004045,-0.009127,0.983849,235.097610,199.848251,-195.070724,-0.023789,0.495541,0.004673,0.868246,100.294609,324.316956,-75.200806,0.011662,-0.030497,0.029954,0.999018,221.853729,163.500488,-176.136215,-0.221461,-0.102994,0.014060,0.969613,216.474213,182.664581,-195.330032
555,5.550000,-0.150302,0.037030,-0.023650,0.987663,193.823792,206.450760,-200.284470,-0.178600,-0.003713,-0.009023,0.983873,235.093124,199.843735,-195.077148,-0.023642,0.495614,0.004901,0.868207,100.297585,324.312622,-75.217278,0.011658,-0.030529,0.029965,0.999017,221.849777,163.496948,-176.138992,-0.221186,-0.102531,0.013431,0.969734,216.461945,182.671051,-195.341995
556,5.560000,-0.150081,0.038101,-0.023381,0.987663,193.825287,206.446976,-200.280914,-0.178551,-0.003572,-0.008940,0.983884,235.086304,199.841644,-195.078812,-0.023644,0.495589,0.004883,0.868221,100.301422,324.310425,-75.228371,0.011653,-0.030512,0.029978,0.999017,221.843903,163.495819,-176.140228,-0.220900,-0.101735,0.012837,0.969891,216.453140,182.669998,-195.345718
557,5.570000,-0.149670,0.039120,-0.023093,0.987692,193.819992,206.447906,-200.279922,-0.178465,-0.003569,-0.008880,0.983900,235.080307,199.842316,-195.079727,-0.023645,0.495609,0.004898,0.868210,100.305458,324.308929,-75.239998,0.011619,-0.030517,0.029996,0.999017,221.837540,163.495956,-176.140152,-0.220965,-0.101891,0.012866,0.969860,216.448746,182.669891,-195.345413
558,5.580000,-0.149830,0.038012,-0.023362,0.987705,193.805923,206.451126,-200.285431,-0.178523,-0.003905,-0.008807,0.983889,235.072189,199.845673,-195.074448,-0.023774,0.495522,0.004640,0.868258,100.320900,324.311920,-75.251251,0.011631,-0.030540,0.029993,0.999016,221.832626,163.497925,-176.138809,-0.220915,-0.102250,0.013066,0.969830,216.445068,182.670929,-195.346390
559,5.590000,-0.149966,0.036835,-0.023603,0.987723,193.802933,206.454041,-200.280685,-0.178552,-0.004146,-0.008789,0.983883,235.070099,199.849442,-195.070312,-0.023796,0.495546,0.004623,0.868244,100.324158,324.312836,-75.253578,0.011657,-0.030492,0.030013,0.999016,221.829819,163.501205,-176.136597,-0.221013,-0.102489,0.013161,0.969781,216.442490,182.674103,-195.344421
560,5.600000,-0.150101,0.036419,-0.023820,0.987713,193.803528,206.458450,-200.273712,-0.178811,-0.004275,-0.008840,0.983834,235.071167,199.853439,-195.061523,-0.023805,0.495579,0.004630,0.868224,100.326309,324.315704,-75.251099,0.011630,-0.030477,0.030026,0.999017,221.830048,163.503922,-176.132721,-0.220978,-0.102729,0.013234,0.969763,216.444885,182.675507,-195.338165
561,5.610000,-0.150225,0.035915,-0.024034,0.987707,193.809830,206.461166,-200.264679,-0.180120,-0.004965,-0.009174,0.983589,235.075195,199.859558,-195.036469,-0.023818,0.495604,0.004632,0.868210,100.326706,324.318848,-75.241943,0.011645,-0.030470,0.030012,0.999017,221.834839,163.505569,-176.127899,-0.220824,-0.102818,0.013208,0.969789,216.450806,182.677963,-195.331039
562,5.620000,-0.149779,0.035835,-0.023888,0.987781,193.817734,206.462036,-200.259003,-0.180639,-0.005919,-0.009471,0.983486,235.083847,199.862671,-195.026459,-0.023902,0.495591,0.004583,0.868215,100.328804,324.320343,-75.227875,0.011603,-0.030400,0.029989,0.999020,221.841812,163.507660,-176.123688,-0.220955,-0.103215,0.013840,0.969708,216.466095,182.670578,-195.319260
563,5.630000,-0.149850,0.035628,-0.023607,0.987785,193.831635,206.466019,-200.251892,-0.179328,-0.005426,-0.009284,0.983731,235.104782,199.860138,-195.028275,-0.023997,0.495560,0.004439,0.868231,100.325447,324.321960,-75.213470,0.011635,-0.030419,0.029980,0.999020,221.850632,163.509171,-176.117371,-0.221319,-0.103985,0.014539,0.969533,216.476471,182.671371,-195.310745
564,5.640000,-0.149478,0.035009,-0.023023,0.987877,193.836029,206.471436,-200.242355,-0.180385,-0.005753,-0.009673,0.983532,235.118896,199.868759,-195.006058,-0.024016,0.495538,0.004401,0.868243,100.323051,324.322449,-75.205177,0.011951,-0.030455,0.030018,0.999014,221.861984,163.510956,-176.119980,-0.221284,-0.104244,0.014678,0.969511,216.484802,182.672592,-195.305161
565,5.650000,-0.149409,0.034836,-0.023108,0.987891,193.862015,206.478043,-200.248367,-0.180685,-0.006518,-0.009917,0.983469,235.125595,199.869324,-195.005005,-0.024015,0.495541,0.004413,0.868241,100.322899,324.322723,-75.200218,0.011747,-0.030493,0.029949,0.999017,221.865311,163.508362,-176.111984,-0.221437,-0.104095,0.014710,0.969491,216.490280,182.673294,-195.302490
566,5.660000,-0.149857,0.035028,-0.023810,0.987800,193.858612,206.472290,-200.246384,-0.179357,-0.005944,-0.009617,0.983719,235.130417,199.864838,-195.020493,-0.023890,0.495609,0.004649,0.868204,100.308372,324.318359,-75.195160,0.011974,-0.030517,0.030006,0.999012,221.869522,163.508774,-176.115173,-0.221378,-0.103944,0.014747,0.969521,216.493469,182.673096,-195.302444
567,5.670000,-0.149664,0.035237,-0.023024,0.987841,193.857666,206.474243,-200.246811,-0.180332,-0.005789,-0.009774,0.983540,235.126099,199.868362,-195.004120,-0.023979,0.495489,0.004431,0.868272,100.318748,324.318573,-75.200996,0.011719,-0.030577,0.029968,0.999014,221.864960,163.506622,-176.109619,-0.221548,-0.103855,0.014678,0.969492,216.489670,182.673050,-195.302078
568,5.680000,-0.149950,0.035966,-0.023314,0.987764,193.839951,206.464706,-200.248550,-0.178991,-0.005631,-0.009480,0.983789,235.120621,199.862274,-195.028824,-0.023973,0.495446,0.004402,0.868297,100.315460,324.315796,-75.207451,0.011652,-0.030542,0.029969,0.999016,221.858932,163.504150,-176.111359,-0.221581,-0.103841,0.014745,0.969485,216.483871,182.672287,-195.305771
569,5.690000,-0.150014,0.035691,-0.022778,0.987777,193.824692,206.467163,-200.249283,-0.180090,-0.005184,-0.009414,0.983591,235.104767,199.860062,-195.012405,-0.023879,0.495444,0.004462,0.868300,100.312515,324.313599,-75.219109,0.011993,-0.030567,0.030040,0.999009,221.851883,163.504959,-176.120697,-0.221704,-0.103808,0.014670,0.969462,216.474152,182.670258,-195.311523
570,5.700000,-0.150107,0.036336,-0.023367,0.987725,193.813354,206.459534,-200.259262,-0.180379,-0.005636,-0.009458,0.983536,235.080505,199.858994,-195.028442,-0.023757,0.495501,0.004650,0.868270,100.312363,324.310303,-75.231285,0.011719,-0.030576,0.030029,0.999013,221.839630,163.500977,-176.120071,-0.221327,-0.103249,0.014006,0.969617,216.454529,182.677551,-195.323456
571,5.710000,-0.150165,0.036724,-0.023574,0.987697,193.801941,206.456589,-200.267471,-0.180476,-0.005793,-0.009482,0.983517,235.067871,199.857849,-195.033447,-0.023665,0.495595,0.004875,0.868218,100.303596,324.306732,-75.233238,0.011691,-0.030578,0.030042,0.999012,221.827957,163.499756,-176.122772,-0.220837,-0.102099,0.013159,0.969863,216.441559,182.676682,-195.328751
572,5.720000,-0.150300,0.036773,-0.023555,0.987676,193.791412,206.454712,-200.270889,-0.180491,-0.005710,-0.009415,0.983515,235.060135,199.855209,-195.038437,-0.023645,0.495595,0.004896,0.868218,100.303726,324.306702,-75.233612,0.011657,-0.030570,0.030049,0.999013,221.819611,163.498749,-176.126099,-0.220820,-0.101777,0.012868,0.969904,216.431488,182.675919,-195.330933
573,5.730000,-0.150043,0.036333,-0.023053,0.987743,193.781555,206.459290,-200.271805,-0.180486,-0.005737,-0.009352,0.983517,235.056610,199.854935,-195.042511,-0.023766,0.495510,0.004627,0.868265,100.316788,324.311951,-75.235535,0.011703,-0.030558,0.030048,0.999013,221.816147,163.499588,-176.129227,-0.220863,-0.101521,0.012666,0.969924,216.428253,182.676834,-195.334717
574,5.740000,-0.150222,0.036444,-0.023599,0.987699,193.788635,206.456406,-200.277542,-0.180559,-0.005783,-0.009357,0.983503,235.058990,199.855606,-195.043411,-0.023771,0.495549,0.004631,0.868242,100.318604,324.314606,-75.231728,0.011641,-0.030517,0.030062,0.999014,221.816833,163.501968,-176.133347,-0.220662,-0.101142,0.012419,0.970012,216.428940,182.678085,-195.337372
575,5.750000,-0.149764,0.036201,-0.022901,0.987793,193.785217,206.457596,-200.274307,-0.179286,-0.005401,-0.009148,0.983740,235.065140,199.854431,-195.062225,-0.023858,0.495569,0.004598,0.868229,100.322403,324.318237,-75.225174,0.011612,-0.030515,0.030048,0.999015,221.823318,163.504471,-176.136795,-0.220301,-0.100873,0.012335,0.970124,216.436371,182.679535,-195.334183
576,5.760000,-0.149990,0.036123,-0.023714,0.987743,193.806702,206.461578,-200.276169,-0.180499,-0.005443,-0.009343,0.983516,235.075760,199.860184,-195.041885,-0.024000,0.495516,0.004400,0.868256,100.323273,324.320648,-75.218765,0.011646,-0.030499,0.030028,0.999016,221.833206,163.506744,-176.138855,-0.220312,-0.100490,0.012108,0.970164,216.448181,182.682983,-195.334839
577,5.770000,-0.150337,0.035510,-0.023845,0.987709,193.827545,206.465332,-200.273193,-0.179120,-0.005204,-0.009169,0.983771,235.104416,199.857056,-195.050995,-0.024020,0.495528,0.004390,0.868249,100.323166,324.322113,-75.219772,0.011640,-0.030478,0.029993,0.999018,221.847534,163.508316,-176.138779,-0.220421,-0.100803,0.012633,0.970100,216.469574,182.674088,-195.327805
578,5.780000,-0.150098,0.035087,-0.024055,0.987756,193.848679,206.469406,-200.276062,-0.179071,-0.004962,-0.009237,0.983780,235.122910,199.861420,-195.047607,-0.023943,0.495590,0.004530,0.868215,100.326218,324.320801,-75.226540,0.011996,-0.030461,0.030037,0.999013,221.862762,163.510788,-176.143097,-0.220701,-0.101491,0.013141,0.969958,216.484100,182.673355,-195.323669
579,5.790000,-0.150116,0.034991,-0.024192,0.987753,193.859589,206.471008,-200.272690,-0.179123,-0.005305,-0.009378,0.983768,235.133896,199.862961,-195.043671,-0.023847,0.495644,0.004604,0.868186,100.327469,324.320190,-75.235176,0.011725,-0.030503,0.029962,0.999017,221.870010,163.508881,-176.137115,-0.220707,-0.101872,0.013500,0.969911,216.494537,182.673157,-195.320526
580,5.800000,-0.149974,0.035150,-0.023823,0.987778,193.879242,206.476791,-200.272278,-0.179118,-0.005324,-0.009446,0.983768,235.139923,199.862778,-195.039734,-0.023905,0.495616,0.004562,0.868200,100.333458,324.317932,-75.234192,0.011659,-0.030483,0.029932,0.999019,221.875000,163.507645,-176.132309,-0.220788,-0.102116,0.013694,0.969865,216.500748,182.671005,-195.321091
581,5.810000,-0.150316,0.035549,-0.024382,0.987698,193.870956,206.469864,-200.267212,-0.179080,-0.005308,-0.009446,0.983775,235.137115,199.861481,-195.035095,-0.023891,0.495600,0.004562,0.868210,100.337250,324.315277,-75.234886,0.011975,-0.030537,0.029999,0.999012,221.877197,163.507751,-176.131943,-0.221023,-0.102433,0.013817,0.969776,216.500473,182.669983,-195.318314
582,5.820000,-0.150325,0.035343,-0.024087,0.987711,193.855957,206.467667,-200.260712,-0.180328,-0.005760,-0.009770,0.983541,235.128479,199.864410,-195.013062,-0.023865,0.495591,0.004579,0.868216,100.336990,324.313843,-75.231300,0.011669,-0.030556,0.029949,0.999016,221.867844,163.504257,-176.122375,-0.221332,-0.103451,0.014359,0.969590,216.493607,182.668228,-195.315048
583,5.830000,-0.150105,0.035528,-0.023603,0.987750,193.837402,206.462402,-200.254822,-0.179203,-0.005841,-0.009523,0.983749,235.117020,199.859192,-195.027817,-0.023855,0.495552,0.004570,0.868239,100.333237,324.312500,-75.226807,0.011692,-0.030604,0.029978,0.999014,221.855484,163.502426,-176.116684,-0.221733,-0.104461,0.014870,0.969382,216.480530,182.667206,-195.314957
584,5.840000,-0.149968,0.036135,-0.023668,0.987747,193.816711,206.461288,-200.253784,-0.180387,-0.005493,-0.009508,0.983534,235.094238,199.859543,-195.006760,-0.023865,0.495530,0.004563,0.868251,100.325111,324.312469,-75.219894,0.011658,-0.030604,0.030018,0.999013,221.838943,163.502167,-176.113449,-0.221378,-0.104407,0.014493,0.969475,216.458237,182.676590,-195.321625
585,5.850000,-0.149771,0.035950,-0.023157,0.987795,193.794540,206.463440,-200.249100,-0.180517,-0.005857,-0.009474,0.983509,235.064819,199.860931,-195.013779,-0.023963,0.495451,0.004417,0.868294,100.315178,324.312927,-75.209023,0.011714,-0.030627,0.030037,0.999011,221.823425,163.501877,-176.109634,-0.221262,-0.104014,0.014105,0.969549,216.442764,182.676483,-195.321442
586,5.860000,-0.149516,0.035691,-0.022852,0.987851,193.780991,206.464111,-200.247665,-0.180473,-0.005917,-0.009390,0.983517,235.053253,199.861130,-195.015717,-0.023870,0.495518,0.004642,0.868257,100.295677,324.310699,-75.196495,0.011713,-0.030584,0.030066,0.999011,221.811981,163.501984,-176.109055,-0.221284,-0.104113,0.014096,0.969533,216.429764,182.676834,-195.321121
587,5.870000,-0.149567,0.035726,-0.022849,0.987842,193.772812,206.464447,-200.247696,-0.180536,-0.005945,-0.009372,0.983506,235.047638,199.862183,-195.013687,-0.023827,0.495545,0.004715,0.868243,100.289375,324.310852,-75.188828,0.011673,-0.030587,0.030091,0.999011,221.806305,163.502670,-176.110046,-0.221291,-0.104025,0.014029,0.969542,216.422043,182.676605,-195.320419
588,5.880000,-0.149737,0.035632,-0.022880,0.987819,193.771454,206.465836,-200.247757,-0.180472,-0.005897,-0.009333,0.983518,235.047867,199.862350,-195.015610,-0.023830,0.495546,0.004700,0.868242,100.290131,324.312195,-75.187836,0.011679,-0.030620,0.030090,0.999010,221.806885,163.503601,-176.110626,-0.221090,-0.103601,0.013728,0.969638,216.421646,182.679077,-195.318451
589,5.890000,-0.149673,0.035542,-0.022920,0.987831,193.779327,206.465393,-200.251495,-0.180479,-0.005871,-0.009359,0.983517,235.054337,199.863205,-195.017731,-0.023858,0.495541,0.004657,0.868244,100.294899,324.314178,-75.191902,0.011686,-0.030622,0.030080,0.999010,221.812531,163.504684,-176.114197,-0.220861,-0.102669,0.013386,0.969794,216.428299,182.680252,-195.318512
590,5.900000,-0.149541,0.035616,-0.022956,0.987847,193.792633,206.466766,-200.254959,-0.180480,-0.005914,-0.009473,0.983515,235.067688,199.863647,-195.021561,-0.023805,0.495577,0.004667,0.868225,100.300606,324.315369,-75.204376,0.011673,-0.030611,0.030052,0.999011,221.824448,163.505142,-176.117477,-0.220628,-0.101616,0.012847,0.969965,216.438660,182.682312,-195.317917
591,5.910000,-0.149709,0.035837,-0.023570,0.987799,193.813126,206.463623,-200.263565,-0.180548,-0.005946,-0.009585,0.983502,235.095840,199.861343,-195.015656,-0.023894,0.495533,0.004441,0.868249,100.320389,324.318298,-75.222748,0.011689,-0.030588,0.030038,0.999012,221.839203,163.506210,-176.123108,-0.220374,-0.100478,0.012336,0.970148,216.452850,182.684265,-195.318359
592,5.920000,-0.149890,0.035756,-0.023545,0.987775,193.834473,206.464081,-200.270020,-0.180636,-0.006268,-0.009802,0.983481,235.114807,199.864395,-195.020004,-0.023890,0.495584,0.004560,0.868219,100.332886,324.316101,-75.237503,0.011656,-0.030555,0.029982,0.999015,221.852997,163.506012,-176.129456,-0.220525,-0.100417,0.012653,0.970116,216.475479,182.675064,-195.312561
593,5.930000,-0.150087,0.035777,-0.024112,0.987731,193.858765,206.469681,-200.279510,-0.179385,-0.005904,-0.009522,0.983715,235.129440,199.860779,-195.043121,-0.023830,0.495609,0.004597,0.868207,100.337700,324.314758,-75.253159,0.011625,-0.030532,0.029948,0.999017,221.863953,163.506653,-176.135345,-0.220511,-0.100517,0.012840,0.970106,216.487137,182.674316,-195.317078
594,5.940000,-0.150354,0.035622,-0.024464,0.987687,193.866409,206.470001,-200.285248,-0.178981,-0.005276,-0.009388,0.983794,235.135544,199.859940,-195.051010,-0.023832,0.495607,0.004582,0.868208,100.341316,324.313171,-75.261528,0.011925,-0.030514,0.030001,0.999013,221.872757,163.508530,-176.145218,-0.220513,-0.100168,0.012717,0.970144,216.493683,182.673492,-195.320953
595,5.950000,-0.150211,0.036349,-0.024303,0.987687,193.876190,206.467545,-200.282486,-0.179037,-0.005259,-0.009336,0.983784,235.136383,199.858429,-195.053864,-0.023826,0.495625,0.004597,0.868198,100.341621,324.313049,-75.264854,0.011978,-0.030534,0.030012,0.999011,221.872925,163.508453,-176.149460,-0.220548,-0.100237,0.012650,0.970129,216.494308,182.672760,-195.326721
596,5.960000,-0.149676,0.036941,-0.023787,0.987758,193.864914,206.464249,-200.280579,-0.179106,-0.004997,-0.009483,0.983772,235.134232,199.856720,-195.058273,-0.023830,0.495600,0.004589,0.868212,100.338577,324.312622,-75.260147,0.011627,-0.030483,0.029941,0.999019,221.866287,163.504852,-176.145477,-0.220640,-0.100771,0.012901,0.970050,216.490219,182.671188,-195.329666
597,5.970000,-0.149800,0.036340,-0.023569,0.987767,193.841156,206.462234,-200.284637,-0.179062,-0.005121,-0.009252,0.983781,235.106369,199.859421,-195.063110,-0.023810,0.495603,0.004603,0.868211,100.332687,324.313293,-75.249786,0.011648,-0.030525,0.029976,0.999017,221.856903,163.504639,-176.142395,-0.220701,-0.101785,0.013399,0.969923,216.482697,182.669693,-195.331573
598,5.980000,-0.149876,0.035955,-0.023858,0.987763,193.820923,206.460068,-200.281906,-0.179016,-0.004926,-0.009078,0.983792,235.088455,199.856415,-195.058945,-0.023883,0.495540,0.004556,0.868245,100.327034,324.314056,-75.229576,0.011676,-0.030578,0.030010,0.999014,221.844574,163.503937,-176.137100,-0.220718,-0.101984,0.013054,0.969903,216.461746,182.677551,-195.339127
599,5.990000,-0.149808,0.036117,-0.023781,0.987769,193.806992,206.459244,-200.275604,-0.180237,-0.005322,-0.009286,0.983565,235.073486,199.858948,-195.037094,-0.023971,0.495468,0.004397,0.868284,100.317169,324.315094,-75.209885,0.011641,-0.030586,0.030023,0.999013,221.832489,163.502411,-176.131134,-0.220663,-0.102204,0.013005,0.969893,216.449051,182.676590,-195.336441
600,6.000000,-0.149985,0.036378,-0.023706,0.987734,193.795288,206.459579,-200.268402,-0.180483,-0.005813,-0.009398,0.983516,235.063309,199.858475,-195.027405,-0.023767,0.495577,0.004682,0.868226,100.296562,324.312988,-75.194595,0.011660,-0.030627,0.030050,0.999011,221.821213,163.502106,-176.122513,-0.221047,-0.103193,0.013504,0.969694,216.438461,182.677856,-195.330643
