Format Version,1.24,Take Name,Finger_005,Take Notes,,Capture Frame Rate,100.000000,Export Frame Rate,100.000000,Capture Start Time,2025-08-03 04.12.28.198 午後,Capture Start Frame,324436,Total Frames in Take,601,Total Exported Frames,601,Rotation Type,Quaternion,Length Units,Millimeters,Coordinate Space,Local

,Type,Rigid Body,Rigid Body,Rigid Body,Rigid Body,Rigid Body,Rigid Body,Rigid Body,Rigid Body,Rigid Body,Rigid Body,Rigid Body,Rigid Body,Rigid Body,Rigid Body,Rigid Body,Rigid Body,Rigid Body,Rigid Body,Rigid Body,Rigid Body,Rigid Body,Rigid Body,Rigid Body,Rigid Body,Rigid Body,Rigid Body,Rigid Body,Rigid Body,Rigid Body,Rigid Body,Rigid Body,Rigid Body,Rigid Body,Rigid Body,Rigid Body
,Name,Lunate,Lunate,Lunate,Lunate,Lunate,Lunate,Lunate,Scafoid,Scafoid,Scafoid,Scafoid,Scafoid,Scafoid,Scafoid,ForceGage,ForceGage,ForceGage,ForceGage,ForceGage,ForceGage,ForceGage,Radius,Radius,Radius,Radius,Radius,Radius,Radius,Capitate,Capitate,Capitate,Capitate,Capitate,Capitate,Capitate
,ID,4C6F3CA668EE11F03C28FEC2583C50A9,4C6F3CA668EE11F03C28FEC2583C50A9,4C6F3CA668EE11F03C28FEC2583C50A9,4C6F3CA668EE11F03C28FEC2583C50A9,4C6F3CA668EE11F03C28FEC2583C50A9,4C6F3CA668EE11F03C28FEC2583C50A9,4C6F3CA668EE11F03C28FEC2583C50A9,8259AD1D68EE11F03C28FEC2583C50A9,8259AD1D68EE11F03C28FEC2583C50A9,8259AD1D68EE11F03C28FEC2583C50A9,8259AD1D68EE11F03C28FEC2583C50A9,8259AD1D68EE11F03C28FEC2583C50A9,8259AD1D68EE11F03C28FEC2583C50A9,8259AD1D68EE11F03C28FEC2583C50A9,5A5084686DA011F03C28FEC2583C50A9,5A5084686DA011F03C28FEC2583C50A9,5A5084686DA011F03C28FEC2583C50A9,5A5084686DA011F03C28FEC2583C50A9,5A5084686DA011F03C28FEC2583C50A9,5A5084686DA011F03C28FEC2583C50A9,5A5084686DA011F03C28FEC2583C50A9,68F0D2CD6DA111F03C28FEC2583C50A9,68F0D2CD6DA111F03C28FEC2583C50A9,68F0D2CD6DA111F03C28FEC2583C50A9,68F0D2CD6DA111F03C28FEC2583C50A9,68F0D2CD6DA111F03C28FEC2583C50A9,68F0D2CD6DA111F03C28FEC2583C50A9,68F0D2CD6DA111F03C28FEC2583C50A9,F719E5E4703211F03C28FEC2583C50A9,F719E5E4703211F03C28FEC2583C50A9,F719E5E4703211F03C28FEC2583C50A9,F719E5E4703211F03C28FEC2583C50A9,F719E5E4703211F03C28FEC2583C50A9,F719E5E4703211F03C28FEC2583C50A9,F719E5E4703211F03C28FEC2583C50A9
,,Rotation,Rotation,Rotation,Rotation,Position,Position,Position,Rotation,Rotation,Rotation,Rotation,Position,Position,Position,Rotation,Rotation,Rotation,Rotation,Position,Position,Position,Rotation,Rotation,Rotation,Rotation,Position,Position,Position,Rotation,Rotation,Rotation,Rotation,Position,Position,Position
Frame,Time (Seconds),X,Y,Z,W,X,Y,Z,X,Y,Z,W,X,Y,Z,X,Y,Z,W,X,Y,Z,X,Y,Z,W,X,Y,Z,X,Y,Z,W,X,Y,Z
0,0.000000,-0.051580,0.011809,-0.016840,0.998457,196.019760,213.995712,-198.872696,-0.075221,0.000613,0.002848,0.997163,236.471802,207.241394,-193.361649,-0.022640,0.494395,0.004092,0.868933,102.534821,324.308472,-79.888237,0.015417,-0.050984,0.024240,0.998286,222.292435,163.458023,-177.288025,-0.069823,-0.041004,-0.007121,0.996691,217.539474,192.267426,-198.429459
1,0.010000,-0.056959,-0.003461,-0.021598,0.998137,195.999802,214.003036,-198.874786,-0.078754,-0.006922,0.000160,0.996870,236.468582,207.264679,-193.397934,-0.022631,0.494402,0.004156,0.868929,102.527367,324.309479,-79.893669,0.015486,-0.050980,0.024247,0.998285,222.271255,163.459946,-177.272964,-0.068061,-0.042616,-0.006512,0.996749,217.528976,192.281219,-198.421341
2,0.020000,-0.058049,-0.006008,-0.022194,0.998049,195.972580,214.004654,-198.874542,-0.081865,-0.015443,-0.002542,0.996521,236.442017,207.274017,-193.423645,-0.022630,0.494405,0.004185,0.868927,102.519852,324.312286,-79.894745,0.015545,-0.051033,0.024479,0.998276,222.244263,163.463089,-177.269180,-0.067305,-0.045223,-0.005497,0.996692,217.512466,192.284775,-198.424332
3,0.030000,-0.058191,-0.006563,-0.022380,0.998033,195.957855,214.003235,-198.882706,-0.082253,-0.016614,-0.002907,0.996469,236.429352,207.272293,-193.429794,-0.022647,0.494373,0.004112,0.868945,102.514572,324.315887,-79.891563,0.015468,-0.051081,0.024628,0.998271,222.221695,163.462402,-177.278183,-0.067188,-0.046108,-0.005259,0.996661,217.499786,192.283844,-198.431519
4,0.040000,-0.054621,0.008146,-0.019204,0.998289,195.932388,214.002640,-198.772324,-0.082365,-0.016591,-0.002894,0.996460,236.427292,207.268509,-193.442932,-0.022636,0.494412,0.004184,0.868923,102.518356,324.317505,-79.886627,0.015518,-0.051111,0.024796,0.998264,222.217957,163.458115,-177.292908,-0.068300,-0.045037,-0.005371,0.996633,217.488556,192.271210,-198.449509
5,0.050000,-0.048808,0.026316,-0.013923,0.998364,195.931702,214.002640,-198.768036,-0.079976,-0.009295,-0.000286,0.996753,236.411362,207.251404,-193.389114,-0.022664,0.494408,0.004131,0.868924,102.520531,324.319855,-79.880806,0.015378,-0.051026,0.024562,0.998277,222.231155,163.453217,-177.313339,-0.032632,-0.029729,0.000776,0.999025,217.624207,192.182480,-198.801407
6,0.060000,-0.047557,0.027895,-0.012893,0.998396,195.947525,213.993149,-198.808243,-0.077807,-0.001695,0.002409,0.996964,236.413605,207.240616,-193.390900,-0.022659,0.494425,0.004080,0.868916,102.523933,324.323975,-79.875320,0.014941,-0.050398,0.024624,0.998314,222.237411,163.453796,-177.348923,-0.015034,-0.001002,-0.005153,0.999873,217.652390,192.164444,-198.875900
7,0.070000,-0.047758,0.025874,-0.013354,0.998434,195.955460,213.989914,-198.835236,-0.076449,-0.000452,0.002744,0.997070,236.417374,207.224136,-193.421890,-0.022709,0.494437,0.004032,0.868908,102.533867,324.326630,-79.869125,0.014859,-0.050355,0.024638,0.998317,222.243500,163.453339,-177.363937,-0.012789,0.004417,-0.009105,0.999867,217.644272,192.120148,-198.894974
8,0.080000,-0.047907,0.024769,-0.013834,0.998449,195.967667,213.988358,-198.848633,-0.076360,-0.000192,0.002806,0.997076,236.424988,207.223099,-193.428146,-0.022741,0.494480,0.004043,0.868882,102.541969,324.326843,-79.868309,0.014883,-0.050458,0.024615,0.998312,222.249115,163.452332,-177.371078,-0.012881,0.002754,-0.008911,0.999874,217.654480,192.110413,-198.913254
9,0.090000,-0.048115,0.022863,-0.013898,0.998483,195.966690,213.984818,-198.866776,-0.076364,-0.000377,0.002767,0.997076,236.427628,207.223480,-193.426620,-0.022741,0.494484,0.004042,0.868880,102.546532,324.328735,-79.868706,0.014852,-0.050491,0.024622,0.998310,222.250000,163.452164,-177.372971,-0.013538,-0.001580,-0.007241,0.999881,217.665237,192.107101,-198.928146
10,0.100000,-0.048088,0.022891,-0.013927,0.998484,195.967041,213.988968,-198.849335,-0.076365,-0.000680,0.002704,0.997076,236.425308,207.225327,-193.417694,-0.022736,0.494464,0.004019,0.868892,102.542419,324.331177,-79.868340,0.014876,-0.050509,0.024647,0.998309,222.247147,163.453308,-177.367798,-0.013885,-0.005488,-0.005568,0.999873,217.669250,192.102417,-198.938126
11,0.110000,-0.047414,0.025320,-0.013477,0.998464,195.958603,213.994125,-198.823792,-0.076338,-0.000761,0.002706,0.997078,236.417389,207.229172,-193.405273,-0.022726,0.494489,0.004040,0.868877,102.535164,324.333527,-79.860748,0.014892,-0.050510,0.024649,0.998308,222.240448,163.453735,-177.360596,-0.013853,-0.008855,-0.004279,0.999856,217.667679,192.099854,-198.944855
12,0.120000,,,,,,,,,,,,,,,,,,,,,,,,,,,,,,,,,,,
13,0.130000,-0.046603,0.026651,-0.013109,0.998472,195.933533,214.000824,-198.799316,-0.079673,-0.008299,0.000155,0.996787,236.420349,207.258148,-193.433502,-0.022601,0.494515,0.004090,0.868866,102.517059,324.345581,-79.828583,0.015535,-0.051134,0.024625,0.998267,222.218597,163.451126,-177.321274,-0.013560,-0.013170,-0.002388,0.999819,217.655548,192.093246,-198.956268
14,0.140000,-0.046518,0.026244,-0.013344,0.998483,195.916946,214.005173,-198.778702,-0.082257,-0.016036,-0.002502,0.996479,236.405350,207.264053,-193.443359,-0.022552,0.494494,0.004061,0.868879,102.499008,324.351074,-79.803757,0.015488,-0.051235,0.024807,0.998258,222.198807,163.455246,-177.306824,-0.013403,-0.016392,-0.001159,0.999775,217.646515,192.093521,-198.959869
15,0.150000,-0.046551,0.025868,-0.013251,0.998493,195.893082,214.004852,-198.767212,-0.082460,-0.016738,-0.002646,0.996450,236.389099,207.263031,-193.433014,-0.022519,0.494481,0.004077,0.868887,102.488762,324.357086,-79.783691,0.015319,-0.051237,0.024729,0.998263,222.176956,163.458923,-177.294785,-0.012979,-0.019276,0.000836,0.999730,217.622162,192.084198,-198.955460
16,0.160000,-0.046713,0.025946,-0.013178,0.998484,195.879791,214.004730,-198.761597,-0.082381,-0.016662,-0.002500,0.996459,236.374710,207.263596,-193.425491,-0.022377,0.494684,0.004303,0.868774,102.472366,324.361633,-79.755035,0.015298,-0.051237,0.024725,0.998263,222.161682,163.458481,-177.286652,-0.011739,-0.023029,0.002043,0.999664,217.618011,192.096649,-198.943512
17,0.170000,-0.050861,0.009740,-0.016641,0.998520,195.893112,213.999374,-198.903824,-0.082307,-0.016678,-0.002368,0.996465,236.359009,207.263519,-193.423340,-0.022314,0.494770,0.004418,0.868726,102.463966,324.373169,-79.741890,0.015350,-0.051207,0.024737,0.998264,222.146530,163.457718,-177.284073,-0.011770,-0.025368,0.002818,0.999605,217.604950,192.098038,-198.944855
18,0.180000,-0.052386,0.012958,-0.018179,0.998377,195.840149,213.999405,-198.782928,-0.082254,-0.016674,-0.002262,0.996469,236.343628,207.263245,-193.428543,-0.022238,0.494847,0.004543,0.868684,102.451668,324.386749,-79.727966,0.015357,-0.051251,0.024755,0.998261,222.130371,163.456116,-177.290131,-0.013398,-0.024851,0.002837,0.999597,217.582870,192.086182,-198.962814
19,0.190000,-0.048480,0.024535,-0.014822,0.998413,195.820999,213.999802,-198.774765,-0.082352,-0.016736,-0.002258,0.996460,236.330460,207.261948,-193.438110,-0.022203,0.494862,0.004599,0.868676,102.448341,324.395203,-79.724380,0.016227,-0.051524,0.025078,0.998225,222.111893,163.443558,-177.309143,-0.012445,-0.025624,0.002231,0.999592,217.563354,192.112717,-198.964355
20,0.200000,-0.048150,0.026234,-0.014274,0.998394,195.809204,213.991714,-198.810715,-0.080010,-0.009491,0.000265,0.996749,236.292862,207.239075,-193.375824,-0.022193,0.494904,0.004616,0.868652,102.454132,324.399384,-79.733765,0.016173,-0.051541,0.024944,0.998228,222.092453,163.439575,-177.325806,-0.013892,-0.025010,0.001882,0.999589,217.542694,192.101974,-198.982666
21,0.210000,-0.048170,0.026211,-0.013608,0.998402,195.799362,213.978088,-198.841492,-0.077705,-0.002085,0.002974,0.996970,236.281143,207.232025,-193.377594,-0.022203,0.494908,0.004600,0.868649,102.461433,324.396881,-79.747017,0.015603,-0.051022,0.025003,0.998263,222.084717,163.439224,-177.362152,-0.015147,-0.023971,0.001131,0.999597,217.532394,192.098297,-198.993225
22,0.220000,-0.046968,0.026433,-0.013135,0.998460,195.799194,213.969833,-198.881348,-0.077645,-0.001530,0.003213,0.996975,236.276260,207.222137,-193.401489,-0.022453,0.494524,0.004221,0.868864,102.478073,324.391205,-79.775436,0.015324,-0.051365,0.025028,0.998249,222.077240,163.438522,-177.395401,-0.015951,-0.023320,0.000368,0.999601,217.525696,192.096176,-198.999924
23,0.230000,-0.046044,0.027057,-0.012842,0.998490,195.804184,213.965317,-198.906769,-0.080446,-0.008971,0.000562,0.996718,236.299149,207.226547,-193.495941,-0.022386,0.494653,0.004332,0.868792,102.489845,324.392761,-79.786407,0.015311,-0.051496,0.025042,0.998242,222.078674,163.437256,-177.416321,-0.016906,-0.023022,-0.000116,0.999592,217.523895,192.094193,-199.005066
24,0.240000,-0.045784,0.027285,-0.012930,0.998495,195.812775,213.963242,-198.926514,-0.083267,-0.017193,-0.002438,0.996376,236.317230,207.226654,-193.533569,-0.022407,0.494685,0.004383,0.868773,102.502769,324.390411,-79.805717,0.015380,-0.051548,0.025226,0.998233,222.090988,163.436951,-177.431396,-0.017890,-0.022951,-0.000435,0.999577,217.530029,192.093567,-199.007233
25,0.250000,-0.048448,0.012147,-0.015082,0.998638,195.863510,213.955124,-199.079041,-0.082172,-0.017557,-0.002625,0.996460,236.327927,207.224838,-193.560776,-0.022452,0.494678,0.004356,0.868775,102.510742,324.385956,-79.823616,0.015175,-0.051293,0.025173,0.998251,222.108749,163.439407,-177.446152,-0.018713,-0.022984,-0.000634,0.999561,217.539291,192.093384,-199.007065
26,0.260000,-0.054942,-0.007684,-0.020863,0.998242,195.898392,213.965866,-199.133026,-0.083435,-0.017477,-0.002689,0.996356,236.340683,207.227386,-193.542725,-0.022580,0.494548,0.004219,0.868847,102.516800,324.378845,-79.844299,0.015158,-0.051280,0.025138,0.998253,222.119751,163.439133,-177.450134,-0.019488,-0.023506,-0.000347,0.999534,217.549911,192.095993,-199.002930
27,0.270000,-0.055786,-0.008583,-0.021991,0.998164,195.905228,213.974655,-199.099884,-0.079611,-0.009758,0.000084,0.996778,236.328278,207.217346,-193.478180,-0.022612,0.494535,0.004207,0.868853,102.519035,324.375427,-79.858070,0.015112,-0.051123,0.024939,0.998267,222.136566,163.438156,-177.448853,-0.020031,-0.024443,-0.000090,0.999501,217.558960,192.099808,-198.998672
28,0.280000,-0.052017,0.006820,-0.018785,0.998446,195.890259,213.981049,-198.961243,-0.078082,-0.002222,0.002631,0.996941,236.330475,207.220932,-193.434036,-0.022646,0.494514,0.004182,0.868864,102.519516,324.374817,-79.869957,0.015209,-0.051217,0.025064,0.998257,222.138290,163.445465,-177.440674,-0.020707,-0.025737,0.000758,0.999454,217.579758,192.091568,-198.984009
29,0.290000,-0.045823,0.024336,-0.013372,0.998564,195.885910,213.987503,-198.915176,-0.076718,-0.001658,0.002908,0.997047,236.334061,207.223694,-193.436035,-0.022655,0.494504,0.004221,0.868870,102.519691,324.375427,-79.884232,0.015200,-0.051305,0.025095,0.998252,222.141174,163.447464,-177.427246,-0.021166,-0.027305,0.001280,0.999402,217.585388,192.094681,-198.977142
30,0.300000,-0.044941,0.026068,-0.012451,0.998572,195.890045,213.987900,-198.901382,-0.077512,-0.001418,0.003037,0.996986,236.337143,207.228119,-193.395691,-0.022720,0.494396,0.004191,0.868930,102.525368,324.375366,-79.904274,0.015184,-0.051382,0.025112,0.998248,222.143280,163.449875,-177.408707,-0.021421,-0.028804,0.001732,0.999354,217.591675,192.094894,-198.966324
31,0.310000,-0.046188,0.025424,-0.012692,0.998529,195.888565,213.990112,-198.871338,-0.077402,-0.001751,0.003117,0.996994,236.338120,207.241791,-193.362793,-0.022737,0.494366,0.004230,0.868946,102.530014,324.379669,-79.934647,0.015988,-0.051709,0.025102,0.998219,222.142502,163.445526,-177.351776,-0.021438,-0.030570,0.002362,0.999300,217.594040,192.094070,-198.952652
32,0.320000,-0.047206,0.024800,-0.012907,0.998494,195.875061,213.993149,-198.822784,-0.079580,-0.009215,0.000585,0.996786,236.350647,207.258911,-193.392166,-0.022750,0.494299,0.004253,0.868984,102.541817,324.394775,-79.989258,0.015655,-0.052157,0.024977,0.998204,222.124207,163.455200,-177.286575,-0.021131,-0.032851,0.003427,0.999231,217.592575,192.089203,-198.932556
33,0.330000,-0.047051,0.025176,-0.013130,0.998489,195.852234,214.004578,-198.758499,-0.081241,-0.017076,-0.003164,0.996543,236.327545,207.285385,-193.365280,-0.022548,0.494378,0.004477,0.868943,102.572754,324.419281,-80.081314,0.015750,-0.052310,0.024959,0.998195,222.106339,163.458618,-177.244141,-0.019392,-0.036999,0.004919,0.999115,217.593994,192.103256,-198.898376
34,0.340000,-0.051400,0.009461,-0.017124,0.998487,195.847717,214.009171,-198.849243,-0.081436,-0.018105,-0.003606,0.996508,236.299606,207.292206,-193.316284,-0.022382,0.494551,0.004804,0.868847,102.645279,324.446228,-80.232964,0.015834,-0.052438,0.024946,0.998187,222.085495,163.466324,-177.204880,-0.019034,-0.040449,0.006409,0.998980,217.582565,192.105270,-198.880295
35,0.350000,-0.057930,-0.007095,-0.022823,0.998035,195.823639,214.021118,-198.822769,-0.081165,-0.018024,-0.003422,0.996532,236.272720,207.302017,-193.264572,-0.022569,0.494448,0.004625,0.868902,102.781502,324.469879,-80.461456,0.015851,-0.052578,0.024908,0.998180,222.064972,163.474335,-177.158691,-0.018511,-0.042940,0.007555,0.998878,217.569183,192.109543,-198.859848
36,0.360000,-0.058216,-0.008221,-0.022893,0.998008,195.790421,214.026123,-198.766235,-0.081393,-0.018210,-0.003729,0.996509,236.245224,207.310699,-193.198822,-0.022411,0.494410,0.004701,0.868927,102.956337,324.486389,-80.788116,0.015908,-0.052569,0.025013,0.998177,222.036057,163.477356,-177.110489,-0.018015,-0.045163,0.008616,0.998780,217.548477,192.110260,-198.841400
37,0.370000,-0.057790,-0.007714,-0.022565,0.998044,195.762863,214.039093,-198.729080,-0.081325,-0.018805,-0.003454,0.996504,236.212677,207.322144,-193.148880,-0.022372,0.494392,0.004661,0.868939,103.203369,324.501617,-81.205856,0.015838,-0.052569,0.025046,0.998178,222.008347,163.482391,-177.073486,-0.015842,-0.047524,0.010114,0.998693,217.522476,192.118347,-198.804596
38,0.380000,-0.058027,-0.008661,-0.022724,0.998019,195.743164,214.043915,-198.717575,-0.078676,-0.011714,-0.000468,0.996831,236.168121,207.314789,-193.045105,-0.022392,0.494466,0.004814,0.868895,103.503883,324.508179,-81.714714,0.015705,-0.052656,0.025071,0.998174,221.992172,163.487259,-177.048218,-0.015317,-0.051079,0.011350,0.998513,217.496292,192.135773,-198.795654
39,0.390000,-0.058149,-0.008511,-0.022762,0.998012,195.742691,214.044174,-198.700363,-0.075982,-0.004447,0.002311,0.997097,236.162552,207.317627,-193.008377,-0.022449,0.494666,0.004929,0.868779,103.920418,324.522858,-82.360214,0.015662,-0.052750,0.025080,0.998170,221.992981,163.489304,-177.037872,-0.015661,-0.052185,0.011938,0.998443,217.508514,192.127151,-198.771103
40,0.400000,-0.057801,-0.008490,-0.022159,0.998046,195.753998,214.047455,-198.691467,-0.075779,-0.003839,0.002463,0.997114,236.176071,207.316910,-192.998505,-0.022315,0.494640,0.004872,0.868798,104.346130,324.550476,-83.074730,0.015632,-0.052802,0.025087,0.998168,222.004501,163.489899,-177.031494,-0.016219,-0.052314,0.011896,0.998428,217.522247,192.130478,-198.756409
41,0.410000,-0.057718,-0.008826,-0.022152,0.998048,195.783691,214.044098,-198.692261,-0.075731,-0.003642,0.002189,0.997119,236.207214,207.311584,-193.000305,-0.022428,0.494697,0.004894,0.868762,104.821709,324.566559,-83.909912,0.015654,-0.052905,0.025057,0.998162,222.031189,163.488083,-177.028931,-0.017136,-0.051706,0.011520,0.998449,217.544708,192.132050,-198.745087
42,0.420000,-0.057868,-0.008155,-0.022724,0.998032,195.836838,214.038406,-198.702332,-0.077359,-0.003768,0.002341,0.996993,236.258865,207.300705,-192.986588,-0.022358,0.494686,0.004985,0.868770,105.377014,324.573456,-84.869621,0.015659,-0.052972,0.025030,0.998159,222.068665,163.487640,-177.029221,-0.018162,-0.050297,0.010853,0.998510,217.576660,192.137756,-198.732727
43,0.430000,-0.058310,-0.007627,-0.022918,0.998006,195.890076,214.038467,-198.696121,-0.077259,-0.004725,0.002388,0.996997,236.322464,207.308044,-192.987427,-0.022349,0.494586,0.004983,0.868827,106.048744,324.579132,-86.006371,0.015597,-0.053195,0.024907,0.998152,222.104492,163.491257,-177.029800,-0.019083,-0.049245,0.010588,0.998548,217.611069,192.139633,-198.717209
44,0.440000,-0.057298,-0.008019,-0.021618,0.998091,195.947052,214.044357,-198.691391,-0.077037,-0.005157,0.002059,0.997013,236.362228,207.307907,-192.972504,-0.022670,0.494423,0.004524,0.868914,106.731155,324.582703,-87.201027,0.015653,-0.053207,0.024846,0.998152,222.139999,163.495590,-177.017624,-0.018646,-0.050033,0.009974,0.998524,217.654404,192.143570,-198.684387
45,0.450000,-0.056484,-0.007906,-0.021533,0.998140,195.977646,214.044449,-198.672623,-0.077813,-0.005880,0.001661,0.996949,236.396225,207.306503,-192.937805,-0.022795,0.494278,0.004544,0.868993,107.455750,324.591125,-88.451782,0.015671,-0.053164,0.024759,0.998156,222.172836,163.499130,-176.999527,-0.018729,-0.051413,0.009820,0.998454,217.695465,192.161057,-198.663712
46,0.460000,-0.055251,-0.008384,-0.020831,0.998220,196.000198,214.056976,-198.641052,-0.077811,-0.006232,0.001495,0.996948,236.411392,207.314529,-192.910263,-0.023035,0.494249,0.004161,0.869005,108.226509,324.614990,-89.784607,0.015717,-0.053097,0.024763,0.998159,222.187897,163.504486,-176.981827,-0.019721,-0.051639,0.009120,0.998429,217.727585,192.169693,-198.655121
47,0.470000,-0.054412,-0.008086,-0.020632,0.998273,196.017654,214.066910,-198.606247,-0.077431,-0.005851,0.001511,0.996979,236.424438,207.322327,-192.873215,-0.022815,0.494280,0.004411,0.868992,109.006599,324.639099,-91.115845,0.015806,-0.053083,0.024930,0.998154,222.200455,163.514252,-176.950684,-0.019652,-0.052074,0.009401,0.998406,217.744888,192.173904,-198.633850
48,0.480000,-0.054223,-0.007853,-0.020615,0.998285,196.024445,214.073517,-198.578369,-0.076951,-0.005372,0.001611,0.997019,236.432846,207.333557,-192.835846,-0.022750,0.494544,0.004582,0.868842,109.795586,324.683228,-92.434998,0.015969,-0.053140,0.025090,0.998144,222.213959,163.529282,-176.929535,-0.019544,-0.053353,0.010048,0.998334,217.758514,192.179047,-198.614059
49,0.490000,-0.054332,-0.007767,-0.020836,0.998275,196.030350,214.082474,-198.548218,-0.076259,-0.005059,0.001924,0.997073,236.448105,207.348877,-192.815460,-0.022511,0.494580,0.004858,0.868827,110.609642,324.720184,-93.832405,0.015773,-0.052711,0.024928,0.998174,222.236710,163.541473,-176.914322,-0.019643,-0.054374,0.010682,0.998270,217.773590,192.184265,-198.595795
50,0.500000,-0.054147,-0.007978,-0.020457,0.998292,196.050308,214.085037,-198.534943,-0.075843,-0.004519,0.002397,0.997107,236.461914,207.357239,-192.804047,-0.022506,0.494639,0.004761,0.868794,111.398148,324.745300,-95.173393,0.015840,-0.052642,0.024921,0.998177,222.254456,163.543503,-176.904846,-0.020046,-0.054698,0.010852,0.998243,217.789261,192.192032,-198.583160
51,0.510000,-0.054129,-0.008030,-0.020276,0.998296,196.077667,214.086746,-198.538132,-0.075619,-0.003877,0.002182,0.997127,236.494751,207.358536,-192.809540,-0.022997,0.494368,0.004183,0.868938,112.200859,324.755981,-96.504539,0.015911,-0.052714,0.024815,0.998175,222.285736,163.543549,-176.906982,-0.021034,-0.054622,0.011042,0.998224,217.823349,192.187820,-198.565079
52,0.520000,-0.054417,-0.008670,-0.021317,0.998253,196.125473,214.100143,-198.556763,-0.075634,-0.003530,0.002036,0.997127,236.535095,207.356445,-192.831299,-0.022839,0.494590,0.004388,0.868815,112.971565,324.769653,-97.776154,0.015818,-0.052824,0.024968,0.998166,222.328430,163.540985,-176.925217,-0.022181,-0.054177,0.010632,0.998228,217.852051,192.193832,-198.558060
53,0.530000,-0.054928,-0.009513,-0.022105,0.998200,196.169006,214.098007,-198.592590,-0.076026,-0.003557,0.001741,0.997098,236.578415,207.350235,-192.877045,-0.022790,0.494929,0.004352,0.868623,113.665977,324.771301,-98.989281,0.015753,-0.052871,0.024947,0.998165,222.367462,163.538315,-176.961121,-0.024293,-0.052109,0.009314,0.998303,217.881149,192.200256,-198.564850
54,0.540000,-0.055446,-0.009183,-0.022792,0.998159,196.215225,214.095184,-198.635468,-0.076482,-0.003738,0.001366,0.997063,236.623138,207.340759,-192.923279,-0.023057,0.494577,0.004093,0.868818,114.343819,324.761414,-100.180405,0.016442,-0.052804,0.024795,0.998162,222.404572,163.521454,-177.025665,-0.026223,-0.049623,0.007848,0.998393,217.904480,192.203308,-198.571899
55,0.550000,-0.056334,-0.008763,-0.023268,0.998102,196.252609,214.083450,-198.667374,-0.077185,-0.004197,0.000972,0.997008,236.653381,207.329727,-192.976166,-0.023160,0.494348,0.003850,0.868947,114.976997,324.762390,-101.298332,0.016371,-0.052908,0.024750,0.998158,222.431686,163.517929,-177.055649,-0.027997,-0.047785,0.006601,0.998443,217.924149,192.202164,-198.577179
56,0.560000,-0.056497,-0.008739,-0.023319,0.998092,196.274261,214.075394,-198.691635,-0.080576,-0.011390,-0.000799,0.996683,236.707199,207.320618,-193.070404,-0.023293,0.494201,0.003703,0.869028,115.596031,324.751373,-102.358620,0.016358,-0.052935,0.024726,0.998158,222.451614,163.513550,-177.074615,-0.029446,-0.046842,0.005922,0.998451,217.936935,192.200500,-198.579834
57,0.570000,-0.056658,-0.008576,-0.023613,0.998078,196.289642,214.069092,-198.702805,-0.082622,-0.018783,-0.002937,0.996400,236.733963,207.318405,-193.104767,-0.023097,0.494532,0.003963,0.868844,116.165138,324.748718,-103.351944,0.016370,-0.052990,0.024721,0.998155,222.464355,163.511169,-177.079193,-0.029292,-0.047852,0.005221,0.998411,217.957809,192.199814,-198.561722
58,0.580000,-0.056737,-0.008474,-0.023513,0.998076,196.295883,214.076279,-198.681213,-0.082585,-0.019078,-0.002873,0.996397,236.741486,207.331161,-193.088440,-0.023296,0.494393,0.003734,0.868919,116.719589,324.761292,-104.327042,0.016300,-0.052944,0.024729,0.998158,222.468323,163.513229,-177.067245,-0.029667,-0.049731,0.005729,0.998305,217.963379,192.200684,-198.551743
59,0.590000,-0.056856,-0.008389,-0.023400,0.998073,196.293289,214.082825,-198.642960,-0.080031,-0.011818,-0.000839,0.996722,236.713974,207.316803,-192.965439,-0.023252,0.494470,0.003811,0.868876,117.266693,324.774780,-105.237549,0.016285,-0.052927,0.024711,0.998160,222.468170,163.516281,-177.035736,-0.029648,-0.051889,0.006643,0.998191,217.966095,192.201080,-198.536270
60,0.600000,-0.056783,-0.008421,-0.023331,0.998078,196.286011,214.093124,-198.592865,-0.076204,-0.003853,0.000849,0.997084,236.693573,207.337814,-192.880753,-0.023275,0.494723,0.003931,0.868730,117.791451,324.790131,-106.124039,0.015824,-0.052859,0.024719,0.998171,222.459061,163.522873,-176.979889,-0.029063,-0.054470,0.007990,0.998060,217.967987,192.205093,-198.514267
61,0.610000,-0.056622,-0.008118,-0.023207,0.998093,196.272369,214.104706,-198.538483,-0.075244,-0.002441,0.001422,0.997161,236.675842,207.353806,-192.818008,-0.023118,0.494607,0.004041,0.868800,118.285011,324.794464,-107.016670,0.015889,-0.052819,0.024876,0.998168,222.447830,163.535156,-176.925369,-0.028330,-0.057255,0.009493,0.997913,217.963608,192.210770,-198.491760
62,0.620000,-0.055674,-0.007184,-0.022781,0.998163,196.263611,214.115906,-198.471176,-0.075732,-0.002780,0.001535,0.997123,236.670975,207.366287,-192.740677,-0.023314,0.494466,0.003754,0.868876,118.762917,324.820770,-107.840401,0.016057,-0.052819,0.024939,0.998164,222.440094,163.541748,-176.867569,-0.027223,-0.060187,0.011107,0.997754,217.967773,192.219406,-198.461014
63,0.630000,-0.051298,0.007006,-0.019316,0.998472,196.205414,214.128479,-198.272720,-0.074645,-0.003247,0.001401,0.997204,236.642517,207.390259,-192.678314,-0.023287,0.494387,0.003894,0.868921,119.241585,324.839996,-108.690102,0.015844,-0.052698,0.024921,0.998174,222.405609,163.553619,-176.798431,-0.025910,-0.063124,0.012625,0.997589,217.955856,192.224045,-198.431442
64,0.640000,-0.044895,0.023573,-0.014098,0.998614,196.147247,214.138382,-198.180206,-0.078796,-0.011458,-0.000202,0.996825,236.617203,207.410919,-192.668442,-0.023201,0.494515,0.004112,0.868850,119.714989,324.864532,-109.523193,0.015972,-0.052503,0.024933,0.998182,222.364868,163.558365,-176.736511,-0.024645,-0.065803,0.013807,0.997433,217.918442,192.222015,-198.408081
65,0.650000,-0.044783,0.024222,-0.013543,0.998611,196.083084,214.150345,-198.088501,-0.081152,-0.019588,-0.002703,0.996506,236.570709,207.437180,-192.608658,-0.023322,0.494219,0.003808,0.869016,120.176888,324.886230,-110.361496,0.016663,-0.053135,0.024994,0.998135,222.321198,163.564285,-176.648865,-0.022990,-0.068596,0.015916,0.997253,217.880966,192.237000,-198.382004
66,0.660000,-0.048281,0.007985,-0.016341,0.998668,196.067001,214.164124,-198.143356,-0.081014,-0.019399,-0.002495,0.996521,236.536896,207.453735,-192.529327,-0.023236,0.494519,0.003945,0.868847,120.665092,324.910553,-111.205849,0.017272,-0.053328,0.025167,0.998111,222.290131,163.568253,-176.565277,-0.021645,-0.071176,0.017473,0.997076,217.861603,192.240463,-198.350235
67,0.670000,-0.054537,-0.009306,-0.021664,0.998233,196.059860,214.183685,-198.088196,-0.080434,-0.018792,-0.002268,0.996580,236.528488,207.471375,-192.443527,-0.023111,0.494482,0.004018,0.868871,121.135704,324.927582,-112.034775,0.017211,-0.053347,0.024960,0.998116,222.267609,163.582626,-176.495667,-0.020252,-0.073047,0.018670,0.996948,217.862549,192.247635,-198.312241
68,0.680000,-0.054934,-0.011972,-0.021740,0.998181,196.050201,214.204803,-198.030914,-0.077342,-0.012108,0.000428,0.996931,236.492432,207.477005,-192.295578,-0.023263,0.494429,0.003680,0.868899,121.644081,324.941315,-112.899940,0.017416,-0.053444,0.024820,0.998110,222.247818,163.585144,-176.439545,-0.016825,-0.075509,0.021224,0.996777,217.832367,192.255295,-198.253571
69,0.690000,-0.055078,-0.012492,-0.022279,0.998155,196.056793,214.219910,-197.974274,-0.075281,-0.004986,0.001960,0.997148,236.471924,207.502029,-192.211456,-0.023576,0.494209,0.003171,0.869018,122.126915,324.956055,-113.724335,0.017263,-0.053323,0.025061,0.998114,222.241989,163.597305,-176.402054,-0.014608,-0.080124,0.022637,0.996421,217.848236,192.264969,-198.201935
70,0.700000,-0.055293,-0.013573,-0.022272,0.998130,196.076416,214.229691,-197.930130,-0.074735,-0.004671,0.002062,0.997190,236.492493,207.511002,-192.169495,-0.023625,0.494013,0.003257,0.869127,122.621613,324.973724,-114.542801,0.017454,-0.053479,0.025016,0.998103,222.261688,163.596954,-176.363495,-0.014992,-0.079635,0.021905,0.996471,217.885162,192.279953,-198.179123
71,0.710000,-0.054682,-0.011514,-0.021333,0.998210,196.133759,214.242401,-197.879089,-0.077584,-0.012230,-0.000854,0.996910,236.570099,207.527817,-192.200058,-0.023634,0.494042,0.003176,0.869111,123.077835,325.000916,-115.311714,0.017479,-0.053501,0.024925,0.998104,222.322037,163.600342,-176.334473,-0.014720,-0.077622,0.021086,0.996651,217.960358,192.308350,-198.141388
72,0.720000,-0.054267,-0.013655,-0.021824,0.998195,196.215408,214.258667,-197.901352,-0.079613,-0.020150,-0.003760,0.996615,236.648544,207.549911,-192.203461,-0.023462,0.494105,0.003230,0.869079,123.535019,325.017151,-116.110321,0.017173,-0.053159,0.024524,0.998137,222.382538,163.604431,-176.326675,-0.015082,-0.076249,0.020887,0.996756,218.027390,192.308441,-198.100723
73,0.730000,-0.055024,-0.015417,-0.022630,0.998110,196.270233,214.252670,-197.896271,-0.077491,-0.012920,-0.000467,0.996909,236.707230,207.521912,-192.109650,-0.023070,0.494483,0.004016,0.868872,123.920357,325.056213,-116.761665,0.017077,-0.053084,0.024348,0.998147,222.426071,163.605347,-176.310318,-0.016320,-0.074707,0.020154,0.996868,218.073654,192.301208,-198.079544
74,0.740000,-0.055466,-0.013747,-0.022011,0.998123,196.576569,214.151886,-198.188843,-0.079567,-0.015713,-0.002571,0.996702,237.018448,207.412781,-192.491318,-0.023739,0.494214,0.002999,0.869011,124.324593,325.226746,-117.526291,0.016616,-0.053903,0.024109,0.998117,222.646851,163.564560,-176.500809,-0.026238,-0.065617,0.012874,0.997417,218.264297,192.271729,-198.135223
75,0.750000,-0.055197,-0.011298,-0.019560,0.998220,196.877380,214.009323,-198.599518,-0.079563,-0.012362,0.000188,0.996753,237.252274,207.265900,-192.778885,-0.022188,0.494588,0.005360,0.868828,124.566643,325.324585,-117.890808,0.015404,-0.054008,0.023832,0.998137,222.864975,163.541611,-176.774887,-0.038243,-0.039415,-0.001477,0.998490,218.443832,192.216125,-198.226776
76,0.760000,-0.056814,-0.011241,-0.018238,0.998155,197.184875,213.840714,-198.997681,-0.085680,-0.017844,-0.002100,0.996161,237.563370,207.073380,-193.174866,-0.022836,0.493711,0.004318,0.869316,124.963654,325.427307,-118.521439,0.015117,-0.053383,0.023010,0.998195,223.115341,163.495377,-177.038940,-0.047565,-0.017835,-0.012656,0.998629,218.641052,192.085129,-198.253662
77,0.770000,-0.058345,-0.008935,-0.020943,0.998037,197.396912,213.751190,-199.304276,-0.086023,-0.012900,-0.000366,0.996210,237.769104,206.950943,-193.426865,-0.022514,0.494405,0.004839,0.868927,125.257759,325.435699,-118.961479,0.014374,-0.053623,0.022607,0.998202,223.307907,163.453995,-177.248749,-0.057811,-0.001788,-0.023207,0.998056,218.801849,192.032028,-198.342468
78,0.780000,-0.056810,0.006588,-0.021600,0.998130,197.549393,213.673431,-199.426376,-0.086429,-0.015746,-0.002568,0.996130,237.941788,206.861832,-193.672470,-0.022778,0.494139,0.004676,0.869072,125.490067,325.484924,-119.406181,0.014210,-0.054144,0.022340,0.998182,223.406128,163.429291,-177.341019,-0.063973,0.006866,-0.029859,0.997481,218.927887,191.908005,-198.352585
79,0.790000,-0.051790,0.024378,-0.018459,0.998190,197.632111,213.597473,-199.533066,-0.088548,-0.020264,-0.006168,0.995847,238.037430,206.773560,-193.827637,-0.022212,0.494563,0.005533,0.868841,125.721573,325.575653,-119.746300,0.014068,-0.052903,0.021505,0.998269,223.522675,163.411697,-177.409454,-0.070815,0.010951,-0.035861,0.996785,219.000305,191.862061,-198.430222
80,0.800000,-0.051024,0.027311,-0.016670,0.998185,197.690979,213.509750,-199.663300,-0.086523,-0.012695,-0.004765,0.996158,238.066879,206.683334,-193.878769,-0.021974,0.494531,0.005918,0.868862,125.854057,325.639130,-119.996597,0.013625,-0.052764,0.021164,0.998290,223.563385,163.387299,-177.493622,-0.075177,0.012314,-0.039644,0.996306,219.028168,191.805771,-198.478989
81,0.810000,-0.052484,0.024051,-0.015314,0.998215,197.699081,213.434875,-199.833282,-0.088677,-0.015503,-0.005005,0.995927,238.118729,206.602814,-194.130829,-0.021741,0.494735,0.006203,0.868750,126.000343,325.676605,-120.237564,0.012950,-0.053210,0.021532,0.998267,223.538345,163.387680,-177.617050,-0.079928,0.013113,-0.040306,0.995899,219.012161,191.775543,-198.558868
82,0.820000,-0.055225,0.019793,-0.015797,0.998153,197.693802,213.403534,-199.920731,-0.091956,-0.021694,-0.007062,0.995502,238.141968,206.542664,-194.235168,-0.022092,0.494392,0.005981,0.868938,126.056892,325.654907,-120.390991,0.012572,-0.052820,0.021555,0.998292,223.551926,163.381210,-177.696793,-0.083331,0.012314,-0.039773,0.995652,219.012894,191.733963,-198.605820
83,0.830000,-0.056536,0.020181,-0.016666,0.998057,197.703293,213.373123,-199.958954,-0.092942,-0.022356,-0.006820,0.995397,238.167603,206.511414,-194.268295,-0.022146,0.494429,0.005809,0.868916,126.149254,325.658813,-120.553017,0.012640,-0.052914,0.020999,0.998298,223.633591,163.355316,-177.694443,-0.085032,0.010050,-0.037892,0.995607,219.026367,191.690491,-198.633392
84,0.840000,-0.057005,0.021012,-0.016299,0.998020,197.727921,213.335724,-199.972504,-0.094050,-0.022659,-0.006137,0.995291,238.192276,206.489044,-194.248230,-0.022078,0.494546,0.006059,0.868850,126.162544,325.649597,-120.610931,0.013137,-0.053675,0.020850,0.998254,223.645187,163.351913,-177.655167,-0.085463,0.006741,-0.035370,0.995691,219.050552,191.657303,-198.646027
85,0.850000,-0.057214,0.021123,-0.015351,0.998020,197.769257,213.296463,-199.974091,-0.094343,-0.023317,-0.006123,0.995248,238.206558,206.478485,-194.225571,-0.022076,0.494380,0.005997,0.868945,126.192734,325.659576,-120.673737,0.012546,-0.054041,0.020581,0.998248,223.657532,163.357864,-177.614761,-0.087000,0.004466,-0.033651,0.995630,219.095596,191.612076,-198.664810
86,0.860000,-0.057654,0.021943,-0.014767,0.997986,197.804352,213.276505,-199.947769,-0.093978,-0.023174,-0.006129,0.995286,238.209167,206.474869,-194.187836,-0.021978,0.494353,0.006197,0.868961,126.186531,325.653320,-120.675766,0.012779,-0.053777,0.020587,0.998259,223.665176,163.352600,-177.550583,-0.086483,0.001331,-0.031938,0.995740,219.119614,191.584229,-198.668823
87,0.870000,-0.058589,0.022715,-0.017093,0.997877,197.799576,213.257782,-199.905029,-0.092860,-0.022477,-0.006257,0.995406,238.199509,206.479309,-194.168488,-0.022000,0.494317,0.006105,0.868982,126.195190,325.654083,-120.692680,0.012809,-0.053834,0.020566,0.998256,223.668991,163.351105,-177.506012,-0.084666,-0.004303,-0.030751,0.995926,219.147339,191.557251,-198.655518
88,0.880000,-0.058978,0.024148,-0.018625,0.997793,197.786011,213.262024,-199.861374,-0.091962,-0.020564,-0.005643,0.995534,238.177292,206.496140,-194.121994,-0.021907,0.494243,0.006228,0.869026,126.153183,325.646881,-120.662971,0.012757,-0.053950,0.020523,0.998251,223.654037,163.356277,-177.462280,-0.083432,-0.009401,-0.029093,0.996044,219.155548,191.539093,-198.655029
89,0.890000,-0.058657,0.025317,-0.018182,0.997791,197.748917,213.235168,-199.838135,-0.091832,-0.019393,-0.004823,0.995574,238.133469,206.500076,-194.095718,-0.022001,0.494201,0.006134,0.869048,126.129616,325.649170,-120.665909,0.012625,-0.053887,0.020365,0.998259,223.609879,163.353271,-177.430634,-0.081093,-0.014933,-0.028249,0.996194,219.134140,191.505997,-198.640961
90,0.900000,-0.062832,0.008608,-0.020574,0.997775,197.743576,213.212372,-199.951294,-0.090315,-0.012236,-0.001914,0.995836,238.084290,206.468903,-193.976791,-0.021911,0.494295,0.006386,0.868994,126.080826,325.639801,-120.634109,0.012605,-0.053796,0.020388,0.998264,223.586044,163.357010,-177.392929,-0.080175,-0.018758,-0.025910,0.996267,219.111694,191.470215,-198.639816
91,0.910000,-0.069113,-0.008838,-0.024716,0.997263,197.718246,213.220810,-199.942429,-0.088227,-0.005089,0.000854,0.996087,238.067261,206.440475,-193.931320,-0.022006,0.494215,0.006357,0.869038,126.052650,325.632965,-120.624710,0.012746,-0.053797,0.020590,0.998258,223.568375,163.360184,-177.364563,-0.079313,-0.021210,-0.024166,0.996331,219.108276,191.453003,-198.640213
92,0.920000,-0.069668,-0.013745,-0.025419,0.997152,197.676025,213.238358,-199.914474,-0.088072,-0.004888,0.001007,0.996102,238.057571,206.429855,-193.903717,-0.022048,0.494118,0.006326,0.869092,126.031654,325.631561,-120.608238,0.012742,-0.053751,0.020685,0.998259,223.548233,163.364731,-177.348541,-0.078141,-0.023229,-0.022771,0.996412,219.101273,191.440201,-198.639877
93,0.930000,-0.068674,-0.015454,-0.024876,0.997209,197.681137,213.260437,-199.903488,-0.088103,-0.005290,0.000599,0.996097,238.056992,206.436462,-193.881195,-0.022085,0.494183,0.006348,0.869054,126.021622,325.633484,-120.608559,0.012846,-0.053485,0.020997,0.998265,223.476883,163.387390,-177.339828,-0.077181,-0.025186,-0.021519,0.996467,219.106049,191.437149,-198.639343
94,0.940000,-0.068486,-0.014091,-0.024846,0.997243,197.681702,213.230331,-199.890350,-0.087812,-0.005075,0.000252,0.996124,238.037735,206.451584,-193.873444,-0.022092,0.494198,0.006347,0.869046,126.020920,325.634064,-120.617928,0.012868,-0.053586,0.021105,0.998257,223.459381,163.392441,-177.327896,-0.077644,-0.025635,-0.019674,0.996457,219.088455,191.436356,-198.660522
95,0.950000,-0.068500,-0.013913,-0.025463,0.997229,197.688309,213.205811,-199.898621,-0.087452,-0.004901,-0.000001,0.996157,238.037918,206.458267,-193.854492,-0.022082,0.494221,0.006381,0.869032,126.020851,325.635101,-120.628395,0.012881,-0.053721,0.021109,0.998250,223.460205,163.394608,-177.307663,-0.077357,-0.026776,-0.018547,0.996471,219.090134,191.433655,-198.663330
96,0.960000,-0.069107,-0.012293,-0.026526,0.997181,197.713623,213.189758,-199.882523,-0.087442,-0.004796,-0.000246,0.996158,238.062195,206.445129,-193.832474,-0.022076,0.494235,0.006372,0.869025,126.029892,325.636932,-120.640953,0.012980,-0.054036,0.020761,0.998239,223.481628,163.398743,-177.274292,-0.077112,-0.028620,-0.017136,0.996464,219.098434,191.428497,-198.661041
97,0.970000,-0.066022,0.003684,-0.024221,0.997517,197.706039,213.189194,-199.733292,-0.087430,-0.005354,-0.000028,0.996156,238.076080,206.440109,-193.809006,-0.021963,0.494306,0.006424,0.868987,126.051102,325.637939,-120.645187,0.012966,-0.054098,0.020722,0.998236,223.493317,163.402313,-177.245422,-0.077190,-0.029946,-0.015311,0.996449,219.118515,191.419876,-198.655136
98,0.980000,-0.066432,-0.000829,-0.024294,0.997495,197.758469,213.187576,-199.836044,-0.088403,-0.006699,0.000000,0.996062,238.102707,206.429825,-193.763092,-0.021940,0.494279,0.006408,0.869003,126.060829,325.639069,-120.652321,0.012986,-0.054235,0.020609,0.998231,223.514359,163.407913,-177.210510,-0.076156,-0.032110,-0.014426,0.996474,219.163376,191.409637,-198.627548
99,0.990000,-0.069428,-0.009453,-0.026169,0.997199,197.785461,213.187637,-199.814224,-0.087975,-0.006742,0.000729,0.996100,238.119705,206.450272,-193.737442,-0.021915,0.494312,0.006426,0.868985,126.058907,325.636383,-120.653900,0.012914,-0.054353,0.020517,0.998228,223.526978,163.413269,-177.181335,-0.075801,-0.033329,-0.013968,0.996468,219.212540,191.409851,-198.615143
100,1.000000,-0.068868,-0.009602,-0.025172,0.997262,197.791260,213.185928,-199.808655,-0.087838,-0.006139,0.001293,0.996115,238.122406,206.459610,-193.722610,-0.021954,0.494320,0.006404,0.868979,126.055405,325.630463,-120.665352,0.012922,-0.054522,0.020039,0.998228,223.608032,163.391678,-177.161926,-0.075441,-0.033711,-0.014135,0.996480,219.229996,191.396088,-198.608765
101,1.010000,-0.068989,-0.010334,-0.025001,0.997251,197.780029,213.193649,-199.812424,-0.087766,-0.005977,0.001378,0.996122,238.121155,206.461014,-193.735916,-0.021945,0.494324,0.006360,0.868978,126.053719,325.620941,-120.683723,0.013010,-0.054473,0.020043,0.998229,223.610748,163.391281,-177.166718,-0.075284,-0.033916,-0.014917,0.996473,219.235077,191.385742,-198.612244
102,1.020000,-0.069158,-0.010679,-0.025123,0.997232,197.762299,213.195145,-199.827286,-0.088390,-0.006342,0.000772,0.996066,238.109299,206.447083,-193.755905,-0.021898,0.494368,0.006261,0.868954,126.055267,325.614868,-120.711647,0.013066,-0.054422,0.020096,0.998230,223.603897,163.389557,-177.187668,-0.075062,-0.034165,-0.016581,0.996456,219.224030,191.378677,-198.624069
103,1.030000,-0.069359,-0.011650,-0.025170,0.997206,197.748459,213.192001,-199.858704,-0.089063,-0.007074,0.000775,0.996001,238.082306,206.442719,-193.792984,-0.021959,0.494439,0.006340,0.868912,126.067429,325.602295,-120.729660,0.013054,-0.054406,0.020119,0.998231,223.592438,163.386551,-177.210022,-0.075238,-0.034388,-0.017420,0.996420,219.192581,191.364487,-198.639450
104,1.040000,-0.069393,-0.012195,-0.025239,0.997196,197.742783,213.175964,-199.890839,-0.089146,-0.006577,0.000462,0.995997,238.068695,206.437241,-193.819092,-0.022185,0.494196,0.006020,0.869046,126.085831,325.601562,-120.759026,0.012993,-0.054344,0.020173,0.998234,223.578156,163.383667,-177.233002,-0.075452,-0.034923,-0.017909,0.996377,219.169128,191.368347,-198.657867
105,1.050000,-0.069697,-0.011369,-0.025628,0.997174,197.736725,213.160126,-199.915817,-0.088366,-0.005703,0.000536,0.996072,238.046082,206.433411,-193.850739,-0.022219,0.494256,0.006073,0.869011,126.110878,325.590973,-120.790802,0.012948,-0.054325,0.020190,0.998235,223.566879,163.380508,-177.247192,-0.075922,-0.035143,-0.017335,0.996344,219.153122,191.369843,-198.672470
106,1.060000,-0.070208,-0.010348,-0.026540,0.997126,197.734741,213.150757,-199.920975,-0.089280,-0.005863,0.000699,0.995989,238.064072,206.406631,-193.839050,-0.022250,0.494226,0.005941,0.869028,126.130760,325.599701,-120.816437,0.012718,-0.054618,0.020272,0.998221,223.560776,163.380463,-177.252747,-0.076209,-0.035085,-0.016087,0.996345,219.149109,191.368195,-198.678024
107,1.070000,-0.070569,-0.010266,-0.026196,0.997110,197.745483,213.128357,-199.906418,-0.089612,-0.006477,0.000418,0.995956,238.091629,206.387878,-193.814270,-0.022291,0.494161,0.005994,0.869064,126.137184,325.598389,-120.837608,0.012647,-0.054841,0.020224,0.998210,223.573029,163.382004,-177.224121,-0.076539,-0.035576,-0.013470,0.996341,219.171387,191.355133,-198.666794
108,1.080000,-0.066354,0.004451,-0.022285,0.997537,197.753143,213.118774,-199.738739,-0.089278,-0.006767,-0.000168,0.995984,238.134384,206.380936,-193.758041,-0.022217,0.494196,0.006084,0.869045,126.142097,325.613922,-120.852371,0.012701,-0.054731,0.019990,0.998220,223.603897,163.390762,-177.159698,-0.075988,-0.036673,-0.011681,0.996366,219.221756,191.349335,-198.643219
109,1.090000,-0.064817,0.001013,-0.020293,0.997690,197.800049,213.098022,-199.832443,-0.091070,-0.013381,-0.002415,0.995752,238.167297,206.398727,-193.795990,-0.022212,0.494188,0.006148,0.869049,126.143501,325.629211,-120.869301,0.012758,-0.054635,0.019918,0.998226,223.610092,163.395874,-177.112045,-0.075336,-0.038021,-0.010711,0.996376,219.239609,191.330978,-198.626892
110,1.100000,-0.068480,-0.008210,-0.022622,0.997362,197.822205,213.082397,-199.800171,-0.094936,-0.020736,-0.004570,0.995257,238.201462,206.397949,-193.753448,-0.022167,0.494182,0.006207,0.869053,126.149849,325.641266,-120.884186,0.012675,-0.054797,0.019838,0.998220,223.628265,163.399872,-177.061966,-0.074954,-0.039835,-0.009566,0.996345,219.272125,191.286606,-198.595291
111,1.110000,-0.069061,-0.008825,-0.022974,0.997309,197.847717,213.082748,-199.779144,-0.095227,-0.021719,-0.005165,0.995205,238.225327,206.394333,-193.735550,-0.022167,0.494068,0.006148,0.869119,126.159119,325.648682,-120.912354,0.012032,-0.054991,0.019711,0.998220,223.657867,163.405914,-177.020767,-0.074539,-0.041586,-0.009848,0.996302,219.305573,191.269684,-198.578552
112,1.120000,-0.069479,-0.009908,-0.024010,0.997245,197.894577,213.086731,-199.782089,-0.095250,-0.021710,-0.005277,0.995203,238.262695,206.383118,-193.732651,-0.021991,0.494162,0.006364,0.869069,126.178352,325.649902,-120.946236,0.012371,-0.055679,0.019817,0.998175,223.695602,163.403915,-176.992126,-0.074705,-0.042356,-0.010864,0.996247,219.366379,191.259598,-198.564102
113,1.130000,-0.068405,-0.010754,-0.023159,0.997331,197.959412,213.082886,-199.798553,-0.095489,-0.021564,-0.005073,0.995184,238.293396,206.366837,-193.728241,-0.021949,0.494185,0.006393,0.869056,126.200394,325.647217,-120.983879,0.012416,-0.055820,0.019800,0.998167,223.723938,163.401215,-176.989944,-0.075013,-0.042393,-0.011540,0.996214,219.402176,191.251160,-198.558578
114,1.140000,-0.067620,-0.010209,-0.022477,0.997406,197.990829,213.062088,-199.821503,-0.095776,-0.021393,-0.004785,0.995161,238.307953,206.358047,-193.736313,-0.021818,0.494200,0.006548,0.869050,126.231445,325.650635,-121.028183,0.012424,-0.055896,0.019758,0.998164,223.738922,163.398727,-176.994827,-0.075473,-0.042019,-0.012771,0.996180,219.426193,191.229721,-198.553986
115,1.150000,-0.068387,-0.009183,-0.022796,0.997356,198.003204,213.042847,-199.844116,-0.096290,-0.021794,-0.004747,0.995103,238.312805,206.352737,-193.751953,-0.021740,0.494365,0.006584,0.868958,126.276764,325.662842,-121.081398,0.012336,-0.055913,0.019706,0.998165,223.744003,163.398422,-176.998383,-0.075989,-0.041462,-0.012668,0.996166,219.434586,191.215820,-198.555588
116,1.160000,-0.065252,0.006052,-0.020495,0.997640,197.986786,213.017410,-199.728851,-0.096681,-0.021832,-0.004381,0.995066,238.322433,206.322128,-193.752258,-0.021716,0.494419,0.006676,0.868927,126.307663,325.676605,-121.136055,0.012154,-0.055851,0.019631,0.998172,223.759125,163.397095,-176.977829,-0.077474,-0.040404,-0.011228,0.996112,219.435471,191.194946,-198.565720
117,1.170000,-0.060088,0.022713,-0.016078,0.997805,198.002075,212.996826,-199.708893,-0.097076,-0.022394,-0.004712,0.995014,238.348907,206.299011,-193.754852,-0.021756,0.494376,0.006682,0.868950,126.343292,325.694366,-121.204666,0.011999,-0.055954,0.019577,0.998169,223.776749,163.399094,-176.953476,-0.076820,-0.041742,-0.010386,0.996117,219.458817,191.157883,-198.532883
118,1.180000,-0.063385,0.006434,-0.018683,0.997794,198.062851,212.954819,-199.853546,-0.098081,-0.023409,-0.005230,0.994889,238.397522,206.265518,-193.725494,-0.021945,0.494211,0.006623,0.869040,126.389801,325.716400,-121.297363,0.011621,-0.056056,0.019706,0.998166,223.813721,163.413071,-176.924179,-0.076459,-0.044063,-0.009071,0.996057,219.481049,191.112198,-198.501053
119,1.190000,-0.068369,-0.009644,-0.023440,0.997338,198.123291,212.916031,-199.894180,-0.099079,-0.024220,-0.006332,0.994765,238.443771,206.233292,-193.697922,-0.021780,0.494460,0.007012,0.868899,126.441566,325.745270,-121.385437,0.011595,-0.056482,0.019408,0.998148,223.857285,163.417679,-176.896286,-0.076436,-0.045432,-0.008884,0.995999,219.533600,191.102631,-198.482605
120,1.200000,-0.066064,0.004004,-0.021177,0.997583,198.160278,212.900406,-199.778336,-0.097887,-0.023865,-0.006108,0.994893,238.508163,206.225800,-193.704193,-0.021702,0.494568,0.007230,0.868838,126.483559,325.770477,-121.472664,0.011599,-0.056516,0.019682,0.998140,223.821396,163.444626,-176.890442,-0.077388,-0.044889,-0.009990,0.995940,219.592850,191.085571,-198.476120
121,1.210000,-0.066324,-0.001630,-0.022099,0.997552,198.243500,212.879028,-199.905518,-0.098685,-0.023924,-0.005288,0.994817,238.574753,206.194275,-193.699585,-0.021600,0.494689,0.007340,0.868771,126.535683,325.796783,-121.567589,0.011571,-0.056755,0.019804,0.998125,223.851288,163.443283,-176.885071,-0.078702,-0.043473,-0.010240,0.995897,219.659607,191.056686,-198.459030
122,1.220000,-0.065677,0.006434,-0.021446,0.997590,198.283569,212.868835,-199.799011,-0.098892,-0.024839,-0.005545,0.994773,238.638733,206.176208,-193.708282,-0.021595,0.494600,0.007218,0.868822,126.591560,325.816803,-121.664955,0.011762,-0.057009,0.019587,0.998112,223.889099,163.447983,-176.887146,-0.079687,-0.042599,-0.011126,0.995847,219.701645,191.037643,-198.454498
123,1.230000,-0.067584,-0.003542,-0.021409,0.997478,198.369659,212.839523,-199.969772,-0.096815,-0.018117,-0.003325,0.995132,238.657440,206.140366,-193.654510,-0.021458,0.494623,0.007370,0.868811,126.638786,325.824829,-121.761429,0.011619,-0.057472,0.019109,0.998097,224.007217,163.414688,-176.882965,-0.082096,-0.040754,-0.012753,0.995709,219.742493,191.009384,-198.470413
124,1.240000,-0.071404,-0.012723,-0.023619,0.997087,198.401657,212.795944,-200.004822,-0.093354,-0.009789,-0.000981,0.995584,238.688263,206.106964,-193.684982,-0.021404,0.494639,0.007415,0.868803,126.698586,325.836639,-121.849289,0.011629,-0.057584,0.019011,0.998092,224.049347,163.407928,-176.887985,-0.083541,-0.037368,-0.014684,0.995695,219.777359,190.987976,-198.476730
125,1.250000,-0.072164,-0.012446,-0.024287,0.997019,198.456680,212.765228,-200.044235,-0.093761,-0.007949,-0.000368,0.995563,238.721924,206.079269,-193.696838,-0.021280,0.494702,0.007562,0.868769,126.756416,325.843567,-121.936203,0.011513,-0.057769,0.019159,0.998080,224.086273,163.404266,-176.891495,-0.083371,-0.037273,-0.016053,0.995692,219.826157,190.967346,-198.460190
126,1.260000,-0.069821,0.000155,-0.022394,0.997308,198.479172,212.740067,-199.957779,-0.094349,-0.008439,-0.000774,0.995503,238.762726,206.050812,-193.714569,-0.021212,0.494652,0.007567,0.868799,126.819954,325.862732,-122.020760,0.011214,-0.057721,0.019036,0.998088,224.123489,163.404922,-176.890961,-0.083975,-0.037660,-0.016314,0.995622,219.866348,190.943390,-198.453308
127,1.270000,-0.065434,0.015578,-0.019035,0.997554,198.525040,212.720825,-199.934708,-0.094824,-0.009226,-0.001079,0.995451,238.804596,206.030777,-193.719147,-0.021185,0.494667,0.007630,0.868791,126.879410,325.883057,-122.101883,0.010848,-0.057626,0.019113,0.998096,224.165421,163.399033,-176.874146,-0.084975,-0.037850,-0.017190,0.995516,219.934937,190.914230,-198.443634
128,1.280000,-0.064738,0.018283,-0.018588,0.997562,198.584167,212.690140,-199.958862,-0.096197,-0.009839,-0.000716,0.995313,238.873245,206.005630,-193.699127,-0.021325,0.494482,0.007403,0.868895,126.949265,325.908142,-122.198578,0.010935,-0.057459,0.019320,0.998101,224.119431,163.434540,-176.877136,-0.086728,-0.036847,-0.017279,0.995400,219.976990,190.876816,-198.445404
129,1.290000,-0.064883,0.017697,-0.019006,0.997555,198.647598,212.666901,-199.979019,-0.096300,-0.010565,-0.000563,0.995296,238.937241,205.992661,-193.712494,-0.021211,0.494403,0.007367,0.868943,127.017708,325.928284,-122.299072,0.010918,-0.058003,0.018646,0.998083,224.245026,163.410461,-176.870468,-0.087730,-0.036281,-0.017139,0.995336,220.044144,190.855011,-198.434525
130,1.300000,-0.064482,0.016371,-0.017725,0.997627,198.718292,212.655823,-200.006393,-0.096823,-0.011371,-0.000920,0.995236,238.994415,205.980118,-193.724228,-0.021212,0.494484,0.007429,0.868896,127.068359,325.941986,-122.387131,0.011344,-0.057949,0.019159,0.998071,224.209274,163.436859,-176.883408,-0.088714,-0.036133,-0.016728,0.995261,220.093307,190.840820,-198.434937
131,1.310000,-0.064635,0.015121,-0.017737,0.997637,198.758682,212.643845,-200.040985,-0.097299,-0.012214,-0.001528,0.995179,239.035889,205.970917,-193.740921,-0.021219,0.494528,0.007504,0.868870,127.123367,325.957031,-122.481743,0.011261,-0.058215,0.019121,0.998057,224.231628,163.441040,-176.899399,-0.089621,-0.035718,-0.016448,0.995199,220.125656,190.824890,-198.440903
132,1.320000,-0.064144,0.014943,-0.016017,0.997700,198.784882,212.620056,-200.073853,-0.096993,-0.012337,-0.000924,0.995208,239.083557,205.939972,-193.772598,-0.021119,0.494616,0.007784,0.868820,127.176804,325.967194,-122.572403,0.011183,-0.058381,0.019003,0.998051,224.256989,163.438477,-176.913269,-0.090581,-0.035388,-0.016310,0.995127,220.145676,190.807785,-198.452225
133,1.330000,-0.064809,0.014963,-0.017254,0.997636,198.820694,212.598053,-200.109619,-0.097097,-0.012228,-0.000942,0.995199,239.104385,205.911804,-193.789551,-0.021164,0.494567,0.007751,0.868847,127.229927,325.984772,-122.664139,0.011045,-0.058350,0.018804,0.998058,224.274994,163.435425,-176.919708,-0.091070,-0.035725,-0.016133,0.995073,220.152618,190.778152,-198.455612
134,1.340000,-0.064916,0.014943,-0.017630,0.997623,198.839798,212.571381,-200.139160,-0.097959,-0.012324,-0.000979,0.995114,239.118805,205.884262,-193.795197,-0.021269,0.494482,0.007779,0.868893,127.275482,325.994263,-122.750443,0.010990,-0.058454,0.018779,0.998053,224.283539,163.434448,-176.919739,-0.089607,-0.038126,-0.017100,0.995100,220.167252,190.738998,-198.430695
135,1.350000,-0.064891,0.015438,-0.017927,0.997612,198.858780,212.550354,-200.160172,-0.098402,-0.012437,-0.001123,0.995068,239.134964,205.863892,-193.811890,-0.021112,0.494603,0.008096,0.868825,127.312798,325.998749,-122.828407,0.010992,-0.058569,0.018755,0.998047,224.294861,163.432495,-176.922256,-0.091317,-0.039098,-0.018319,0.994885,220.191040,190.709732,-198.452606
136,1.360000,-0.066022,0.016510,-0.017923,0.997521,198.883926,212.525040,-200.190567,-0.098692,-0.012117,-0.001550,0.995043,239.161697,205.841400,-193.832718,-0.021146,0.494527,0.008050,0.868868,127.344009,325.998871,-122.902412,0.011576,-0.058684,0.018809,0.998032,224.314484,163.429901,-176.937729,-0.091881,-0.038592,-0.019339,0.994834,220.212479,190.690094,-198.460236
137,1.370000,-0.067473,0.015434,-0.017889,0.997441,198.916748,212.499161,-200.226685,-0.099782,-0.011741,-0.001451,0.994939,239.186554,205.803528,-193.831802,-0.021054,0.494621,0.008161,0.868815,127.380653,325.994263,-122.972458,0.011561,-0.058844,0.018736,0.998024,224.335510,163.427444,-176.940063,-0.091783,-0.038725,-0.019924,0.994826,220.257675,190.681610,-198.459946
138,1.380000,-0.068054,0.013370,-0.018172,0.997427,198.951050,212.473145,-200.255386,-0.099394,-0.011335,-0.000899,0.994983,239.219513,205.789948,-193.842606,-0.020930,0.494601,0.008179,0.868829,127.405670,325.998962,-123.038071,0.011521,-0.059011,0.018679,0.998016,224.359177,163.426544,-176.943298,-0.092475,-0.038360,-0.020863,0.994757,220.302353,190.670685,-198.471512
139,1.390000,-0.068154,0.013065,-0.017906,0.997429,198.967178,212.457214,-200.281845,-0.099287,-0.010844,-0.000600,0.995000,239.233017,205.778763,-193.857513,-0.020919,0.494478,0.008125,0.868900,127.435982,326.010620,-123.111198,0.011511,-0.059188,0.018614,0.998007,224.369110,163.424850,-176.950104,-0.092957,-0.037379,-0.021224,0.994742,220.317902,190.656616,-198.484222
140,1.400000,-0.068428,0.013432,-0.017765,0.997407,198.971466,212.444611,-200.309174,-0.099857,-0.010959,-0.000944,0.994941,239.233276,205.764633,-193.870865,-0.021049,0.494188,0.007928,0.869064,127.470207,326.018646,-123.182030,0.011452,-0.059246,0.018816,0.998000,224.376999,163.420425,-176.961288,-0.093317,-0.037046,-0.021075,0.994724,220.320419,190.645370,-198.500336
141,1.410000,-0.069038,0.014556,-0.017987,0.997346,198.973175,212.428040,-200.344711,-0.100160,-0.011170,-0.001000,0.994908,239.230576,205.749863,-193.898010,-0.021168,0.494026,0.007798,0.869154,127.498436,326.018799,-123.248642,0.011495,-0.059232,0.018646,0.998004,224.369324,163.417450,-176.977753,-0.093653,-0.036930,-0.020974,0.994699,220.314850,190.633438,-198.519135
142,1.420000,-0.069064,0.016450,-0.017799,0.997318,198.972687,212.402695,-200.369110,-0.100330,-0.011067,-0.001031,0.994892,239.228973,205.737305,-193.922043,-0.021056,0.494166,0.008115,0.869075,127.525093,326.024353,-123.317558,0.011404,-0.059215,0.018625,0.998006,224.365173,163.415512,-176.993301,-0.093480,-0.037155,-0.019923,0.994728,220.293442,190.615601,-198.530212
143,1.430000,-0.072528,0.001754,-0.020570,0.997153,199.008621,212.377548,-200.530045,-0.102978,-0.018100,-0.003447,0.994513,239.252533,205.731476,-194.017944,-0.021061,0.494347,0.008184,0.868971,127.561913,326.033173,-123.393188,0.011340,-0.059274,0.018598,0.998004,224.369003,163.413345,-177.000916,-0.095184,-0.036112,-0.020717,0.994589,220.296814,190.592926,-198.564377
144,1.440000,-0.077787,-0.013687,-0.025555,0.996548,199.032990,212.354340,-200.571320,-0.105191,-0.025511,-0.005734,0.994108,239.279877,205.712784,-194.060471,-0.021073,0.494349,0.008277,0.868969,127.598984,326.036530,-123.463333,0.011197,-0.059199,0.018558,0.998011,224.382095,163.411819,-177.011017,-0.095530,-0.034691,-0.021537,0.994589,220.312012,190.574432,-198.577255
145,1.450000,-0.078611,-0.016664,-0.027278,0.996393,199.073334,212.347824,-200.592941,-0.105649,-0.026066,-0.006000,0.994044,239.307281,205.695877,-194.072845,-0.021132,0.494291,0.008186,0.869001,127.645981,326.044983,-123.526489,0.011053,-0.059136,0.018563,0.998016,224.405106,163.401093,-177.019089,-0.095422,-0.034169,-0.021654,0.994615,220.340820,190.556015,-198.581955
146,1.460000,-0.075707,-0.002348,-0.024850,0.996818,199.091278,212.347900,-200.481216,-0.105306,-0.026194,-0.005966,0.994077,239.351074,205.683304,-194.087112,-0.021114,0.494314,0.008209,0.868988,127.689957,326.056030,-123.584808,0.011089,-0.059266,0.018567,0.998008,224.441925,163.405914,-177.019104,-0.095310,-0.033889,-0.021462,0.994639,220.380295,190.537109,-198.582230
147,1.470000,-0.068614,0.015022,-0.018840,0.997352,199.137253,212.334854,-200.472595,-0.105504,-0.026344,-0.006256,0.994050,239.388840,205.667511,-194.096878,-0.021174,0.494156,0.008171,0.869077,127.736153,326.067780,-123.653503,0.011098,-0.057825,0.018462,0.998094,224.494644,163.387665,-177.002396,-0.095358,-0.033371,-0.021488,0.994651,220.418549,190.518661,-198.585571
148,1.480000,-0.071904,0.000947,-0.021702,0.997175,199.188156,212.303986,-200.626602,-0.105040,-0.025970,-0.005578,0.994113,239.426605,205.638184,-194.115311,-0.020970,0.494321,0.008482,0.868985,127.783913,326.076935,-123.723824,0.011084,-0.057885,0.018332,0.998093,224.513687,163.389877,-177.000046,-0.095514,-0.033420,-0.021060,0.994644,220.460953,190.484818,-198.579544
149,1.490000,-0.077140,-0.012878,-0.025854,0.996602,199.205124,212.277634,-200.656769,-0.106583,-0.025864,-0.005580,0.993952,239.445068,205.613525,-194.110764,-0.020778,0.494559,0.008727,0.868852,127.827332,326.097748,-123.793877,0.011019,-0.057878,0.018267,0.998096,224.525238,163.389008,-177.000092,-0.095897,-0.034107,-0.020480,0.994596,220.487976,190.453293,-198.580719
150,1.500000,-0.074472,0.000520,-0.023247,0.996952,199.195740,212.258606,-200.551208,-0.105575,-0.025507,-0.005577,0.994069,239.458130,205.589432,-194.145523,-0.020682,0.494502,0.008774,0.868886,127.872406,326.117432,-123.861084,0.011059,-0.057851,0.018350,0.998095,224.533997,163.383423,-176.999222,-0.097410,-0.033165,-0.021340,0.994463,220.507721,190.424683,-198.605484
151,1.510000,-0.075372,-0.005212,-0.022789,0.996882,199.238770,212.219269,-200.698273,-0.107014,-0.025646,-0.005641,0.993911,239.481232,205.572983,-194.139801,-0.020819,0.494258,0.008501,0.869024,127.929749,326.136322,-123.938721,0.011091,-0.058131,0.018167,0.998082,224.553604,163.382217,-176.997192,-0.097919,-0.031973,-0.022167,0.994434,220.529709,190.404083,-198.617569
152,1.520000,-0.074248,0.002082,-0.021428,0.997007,199.248978,212.191406,-200.605453,-0.107224,-0.025814,-0.006194,0.993881,239.514145,205.552032,-194.149673,-0.020780,0.494348,0.008571,0.868973,127.980591,326.151672,-124.022423,0.011090,-0.058215,0.018118,0.998078,224.578186,163.378677,-176.991013,-0.098126,-0.031874,-0.022146,0.994417,220.554153,190.378510,-198.624359
153,1.530000,-0.076687,-0.008157,-0.023306,0.996749,199.329834,212.157089,-200.761566,-0.106982,-0.025911,-0.006083,0.993905,239.562210,205.529312,-194.155777,-0.020844,0.494113,0.008472,0.869106,128.028152,326.164612,-124.115135,0.010934,-0.058368,0.018085,0.998071,224.616959,163.382904,-176.976639,-0.097187,-0.033143,-0.022513,0.994460,220.603561,190.353668,-198.609253
154,1.540000,-0.075467,0.002103,-0.021586,0.996912,199.379349,212.130066,-200.649124,-0.106951,-0.025673,-0.006269,0.993913,239.622787,205.502426,-194.159378,-0.020571,0.494190,0.008827,0.869066,128.081131,326.182159,-124.226898,0.010811,-0.058503,0.017957,0.998067,224.656433,163.381226,-176.970718,-0.095937,-0.036040,-0.021966,0.994492,220.653702,190.313644,-198.579834
155,1.550000,-0.075233,-0.006169,-0.022961,0.996882,199.477478,212.108612,-200.837357,-0.106685,-0.025891,-0.006158,0.993937,239.687210,205.489670,-194.180206,-0.020525,0.494284,0.009057,0.869011,128.136200,326.195099,-124.337990,0.010957,-0.058707,0.017989,0.998053,224.704910,163.380707,-176.980286,-0.096962,-0.036105,-0.022573,0.994377,220.718735,190.299088,-198.592331
156,1.560000,-0.073421,0.002501,-0.020754,0.997082,199.504547,212.091949,-200.769928,-0.106893,-0.025924,-0.006199,0.993913,239.721100,205.470642,-194.218597,-0.020446,0.494294,0.009117,0.869006,128.187958,326.207855,-124.455345,0.010954,-0.058805,0.017795,0.998051,224.719101,163.367508,-177.011810,-0.098903,-0.033096,-0.023511,0.994269,220.743195,190.266129,-198.617920
157,1.570000,-0.068787,0.015837,-0.016362,0.997372,199.518936,212.070496,-200.810532,-0.105053,-0.019176,-0.004014,0.994274,239.709503,205.442200,-194.206482,-0.020393,0.494450,0.009271,0.868917,128.242050,326.219177,-124.576241,0.010729,-0.058657,0.017729,0.998063,224.726044,163.360413,-177.052887,-0.099819,-0.031033,-0.024644,0.994216,220.750992,190.245651,-198.643402
158,1.580000,-0.070756,0.016918,-0.017290,0.997200,199.509918,212.029831,-200.886093,-0.107263,-0.022564,-0.005251,0.993961,239.728500,205.411133,-194.351074,-0.020378,0.494357,0.009318,0.868970,128.298477,326.229218,-124.707611,0.010634,-0.058628,0.017762,0.998065,224.717972,163.347000,-177.097626,-0.100988,-0.029682,-0.025952,0.994106,220.741287,190.221832,-198.678574
159,1.590000,-0.072846,0.014956,-0.018299,0.997063,199.499069,211.998230,-200.962036,-0.110412,-0.028325,-0.006316,0.993462,239.732208,205.355377,-194.425064,-0.020290,0.494558,0.009346,0.868858,128.374329,326.253601,-124.838745,0.010108,-0.059342,0.017733,0.998029,224.694183,163.346497,-177.163422,-0.103330,-0.028068,-0.027757,0.993864,220.726425,190.190720,-198.730652
160,1.600000,-0.074633,0.014086,-0.018865,0.996933,199.475647,211.942596,-201.015457,-0.110215,-0.028341,-0.006323,0.993484,239.709259,205.312546,-194.500381,-0.020380,0.494481,0.009337,0.868899,128.445129,326.260803,-124.962791,0.009920,-0.059461,0.017741,0.998024,224.688568,163.339737,-177.200211,-0.104628,-0.025696,-0.029408,0.993744,220.701523,190.145813,-198.764313
161,1.610000,-0.075337,0.012562,-0.018864,0.996901,199.492767,211.904190,-201.081406,-0.111524,-0.028395,-0.006676,0.993334,239.721680,205.265808,-194.536621,-0.020374,0.494514,0.009481,0.868879,128.512909,326.267151,-125.086784,0.009803,-0.059412,0.017703,0.998028,224.697479,163.333633,-177.223404,-0.105184,-0.025359,-0.030049,0.993675,220.708313,190.110718,-198.785629
162,1.620000,-0.075574,0.012816,-0.018528,0.996886,199.541962,211.868546,-201.133469,-0.110839,-0.028350,-0.006500,0.993413,239.777237,205.228394,-194.578583,-0.020288,0.494414,0.009536,0.868938,128.590591,326.279419,-125.223938,0.009727,-0.059591,0.017562,0.998021,224.733307,163.326584,-177.235397,-0.105710,-0.025056,-0.029822,0.993634,220.743744,190.074112,-198.795792
163,1.630000,-0.074894,0.013682,-0.018132,0.996933,199.585281,211.821976,-201.156265,-0.110987,-0.027818,-0.006738,0.993410,239.821503,205.201614,-194.599014,-0.020263,0.494381,0.009544,0.868957,128.669815,326.291504,-125.359688,0.009712,-0.059706,0.017502,0.998015,224.767563,163.321014,-177.240067,-0.106893,-0.023977,-0.030399,0.993517,220.794708,190.040894,-198.813904
164,1.640000,-0.075254,0.014515,-0.018715,0.996883,199.652557,211.791824,-201.186386,-0.111070,-0.027784,-0.007247,0.993398,239.883972,205.178528,-194.609009,-0.020340,0.494326,0.009412,0.868988,128.744339,326.301575,-125.483650,0.009598,-0.059800,0.017253,0.998015,224.812653,163.314438,-177.241409,-0.107997,-0.022503,-0.029949,0.993445,220.852585,189.981323,-198.814453
165,1.650000,-0.076155,0.014889,-0.019344,0.996797,199.714294,211.748230,-201.221283,-0.111527,-0.028548,-0.007747,0.993321,239.942795,205.148117,-194.634048,-0.020275,0.494345,0.009298,0.868980,128.843155,326.321686,-125.630440,0.009576,-0.059948,0.017193,0.998007,224.854507,163.311493,-177.242065,-0.108773,-0.022460,-0.029729,0.993368,220.928513,189.949356,-198.818069
166,1.660000,-0.077838,0.015135,-0.020730,0.996636,199.790268,211.722946,-201.264297,-0.112273,-0.029662,-0.008167,0.993201,240.004211,205.107742,-194.654022,-0.020259,0.494316,0.009282,0.868997,128.930542,326.327667,-125.766632,0.009182,-0.059619,0.017278,0.998030,224.907242,163.314636,-177.249283,-0.109327,-0.022452,-0.029418,0.993317,220.978333,189.914642,-198.826675
167,1.670000,-0.078349,0.015484,-0.020353,0.996598,199.828964,211.680237,-201.294144,-0.113307,-0.029362,-0.007959,0.993094,240.045929,205.069702,-194.665451,-0.020131,0.494473,0.009521,0.868908,129.005661,326.328979,-125.907097,0.009048,-0.059460,0.017016,0.998045,224.955078,163.312164,-177.252014,-0.111205,-0.021250,-0.030916,0.993089,221.034317,189.879623,-198.860504
168,1.680000,-0.077774,0.014312,-0.019446,0.996679,199.874496,211.650681,-201.340637,-0.114124,-0.029189,-0.007168,0.993012,240.087906,205.030807,-194.680756,-0.019995,0.494651,0.009763,0.868807,129.070847,326.331573,-126.037758,0.008995,-0.059586,0.016882,0.998040,224.987381,163.311142,-177.250000,-0.111821,-0.019495,-0.031605,0.993034,221.065216,189.850998,-198.882156
169,1.690000,-0.077164,0.013339,-0.018983,0.996748,199.914322,211.619125,-201.367905,-0.114444,-0.028863,-0.007595,0.992981,240.122574,205.000031,-194.685364,-0.020079,0.494542,0.009774,0.868867,129.135941,326.332275,-126.176086,0.008960,-0.059647,0.016826,0.998038,225.006271,163.311432,-177.241318,-0.109489,-0.022281,-0.031750,0.993231,221.099716,189.794937,-198.850906
170,1.700000,-0.077781,0.013040,-0.019400,0.996696,199.943695,211.585617,-201.396713,-0.114718,-0.028706,-0.007828,0.992952,240.142883,204.977036,-194.690384,-0.020370,0.494560,0.009409,0.868854,129.235001,326.336243,-126.319603,0.008936,-0.059692,0.016780,0.998036,225.022476,163.312637,-177.236694,-0.108866,-0.025872,-0.030147,0.993262,221.129501,189.759171,-198.854095
171,1.710000,-0.078033,0.013121,-0.019399,0.996676,199.974533,211.555161,-201.418884,-0.114658,-0.028648,-0.007794,0.992961,240.174805,204.956192,-194.710144,-0.020354,0.494616,0.009559,0.868821,129.298065,326.326721,-126.441162,0.008919,-0.059740,0.016722,0.998034,225.040482,163.311584,-177.240570,-0.108426,-0.027392,-0.030044,0.993273,221.170609,189.742172,-198.865372
172,1.720000,-0.078297,0.013453,-0.018785,0.996662,200.023941,211.523605,-201.450378,-0.114514,-0.028350,-0.007494,0.992989,240.209732,204.936127,-194.737823,-0.020495,0.494491,0.009457,0.868890,129.373322,326.331940,-126.567993,0.008843,-0.059779,0.016670,0.998033,225.063141,163.309372,-177.247177,-0.108138,-0.027548,-0.030082,0.993299,221.202225,189.711380,-198.877228
173,1.730000,-0.078646,0.013629,-0.018601,0.996636,200.055908,211.495087,-201.474945,-0.113349,-0.027369,-0.007054,0.993153,240.237564,204.909805,-194.776215,-0.020408,0.494537,0.009662,0.868863,129.446518,326.345337,-126.699524,0.008809,-0.059791,0.016604,0.998034,225.085495,163.307953,-177.250565,-0.109178,-0.026424,-0.030195,0.993212,221.224472,189.667465,-198.900894
174,1.740000,-0.079331,0.014087,-0.018950,0.996569,200.078964,211.454559,-201.505295,-0.113608,-0.026786,-0.007146,0.993139,240.253418,204.874481,-194.796707,-0.020325,0.494600,0.009891,0.868827,129.512939,326.351807,-126.819939,0.008623,-0.060033,0.016568,0.998022,225.099121,163.304977,-177.257217,-0.109372,-0.024945,-0.030696,0.993214,221.247177,189.631516,-198.918777
175,1.750000,-0.080023,0.014616,-0.019528,0.996495,200.094223,211.419617,-201.536148,-0.112621,-0.020892,-0.005339,0.993404,240.256317,204.836456,-194.740723,-0.020226,0.494579,0.009884,0.868841,129.578354,326.357208,-126.939102,0.008574,-0.060113,0.016516,0.998018,225.108627,163.302490,-177.262497,-0.109343,-0.024345,-0.030915,0.993225,221.265884,189.599289,-198.936508
176,1.760000,-0.080961,0.014980,-0.019394,0.996416,200.093643,211.375381,-201.556488,-0.111545,-0.016117,-0.003620,0.993622,240.267670,204.796112,-194.750717,-0.020270,0.494513,0.009572,0.868881,129.670990,326.347443,-127.087105,0.008549,-0.060136,0.016488,0.998017,225.108734,163.299606,-177.264755,-0.109624,-0.024522,-0.029951,0.993219,221.273438,189.544769,-198.945480
177,1.770000,-0.081592,0.015191,-0.019092,0.996367,200.094864,211.338745,-201.593414,-0.112036,-0.016101,-0.003626,0.993567,240.262543,204.768051,-194.776657,-0.020341,0.494601,0.009531,0.868830,129.743698,326.333221,-127.233162,0.008560,-0.060148,0.016539,0.998016,225.099915,163.292023,-177.274109,-0.111087,-0.023867,-0.030178,0.993066,221.274841,189.500946,-198.981964
178,1.780000,-0.081977,0.014266,-0.018782,0.996355,200.090393,211.290131,-201.633179,-0.112370,-0.015456,-0.003379,0.993540,240.247574,204.733612,-194.798050,-0.020386,0.494545,0.009487,0.868861,129.807343,326.323364,-127.369583,0.008410,-0.060151,0.016471,0.998018,225.089600,163.291824,-177.268646,-0.110929,-0.023532,-0.030104,0.993094,221.268127,189.453903,-198.997742
179,1.790000,-0.083168,0.011478,-0.020101,0.996267,200.067825,211.237915,-201.683273,-0.112669,-0.014559,-0.002844,0.993522,240.224258,204.695786,-194.823944,-0.020340,0.494529,0.009586,0.868870,129.877182,326.341003,-127.500771,0.008180,-0.060109,0.016565,0.998021,225.076462,163.283295,-177.264175,-0.109406,-0.025176,-0.030023,0.993225,221.256134,189.395981,-198.991180
180,1.800000,-0.083357,0.010051,-0.021009,0.996248,200.046204,211.178467,-201.703964,-0.115405,-0.020838,-0.004853,0.993088,240.210190,204.656647,-194.920319,-0.020232,0.494397,0.009717,0.868946,129.936707,326.367126,-127.629044,0.008154,-0.060171,0.016413,0.998020,225.061951,163.287186,-177.250885,-0.108583,-0.027879,-0.029154,0.993269,221.238983,189.342987,-198.999924
181,1.810000,-0.083577,0.011957,-0.021399,0.996200,200.044510,211.119766,-201.712143,-0.119317,-0.027610,-0.006728,0.992449,240.212662,204.580597,-194.933517,-0.020029,0.494505,0.010071,0.868886,129.997681,326.391876,-127.751022,0.007993,-0.060058,0.016483,0.998027,225.053726,163.284500,-177.219437,-0.109131,-0.028035,-0.028785,0.993215,221.221222,189.271927,-199.018127
182,1.820000,-0.083925,0.013563,-0.021279,0.996153,200.049561,211.061356,-201.721039,-0.120024,-0.027985,-0.007187,0.992351,240.214355,204.534042,-194.932312,-0.020049,0.494580,0.009925,0.868844,130.080383,326.409485,-127.885834,0.007863,-0.060074,0.016462,0.998027,225.059540,163.287323,-177.187195,-0.108747,-0.027931,-0.028772,0.993260,221.234192,189.217682,-199.021683
183,1.830000,-0.082744,0.013777,-0.020574,0.996263,200.059097,211.000244,-201.743225,-0.121486,-0.028036,-0.007432,0.992169,240.215652,204.477631,-194.931427,-0.020040,0.494513,0.009923,0.868883,130.138138,326.419373,-128.016174,0.007918,-0.060093,0.016226,0.998030,225.065399,163.296478,-177.165146,-0.108631,-0.028582,-0.027847,0.993281,221.242188,189.140137,-199.015198
184,1.840000,-0.083110,0.014431,-0.020728,0.996220,200.054321,210.945145,-201.756760,-0.119858,-0.020987,-0.005250,0.992555,240.192245,204.426834,-194.870682,-0.020012,0.494331,0.009831,0.868988,130.210297,326.447754,-128.161011,0.007703,-0.060105,0.016336,0.998029,225.068512,163.290070,-177.148209,-0.110175,-0.028325,-0.027450,0.993129,221.242569,189.067780,-199.037415
185,1.850000,-0.083726,0.013868,-0.019797,0.996196,200.079727,210.880386,-201.785324,-0.118273,-0.013960,-0.003054,0.992878,240.202759,204.384293,-194.873337,-0.020015,0.494379,0.009902,0.868960,130.284012,326.472046,-128.276703,0.007558,-0.060056,0.016246,0.998034,225.089996,163.291946,-177.134888,-0.108840,-0.029673,-0.027530,0.993235,221.269012,189.007324,-199.013672
186,1.860000,-0.084468,0.013100,-0.019694,0.996145,200.100800,210.834869,-201.813477,-0.118561,-0.013194,-0.003012,0.992855,240.215347,204.348206,-194.899918,-0.019982,0.494377,0.009925,0.868961,130.358734,326.491791,-128.395798,0.007436,-0.060074,0.016175,0.998035,225.109421,163.292007,-177.127472,-0.108725,-0.031146,-0.026531,0.993230,221.292191,188.956146,-199.014191
187,1.870000,-0.086079,0.013360,-0.020222,0.995993,200.116516,210.782135,-201.844910,-0.117791,-0.013412,-0.002644,0.992944,240.241898,204.306519,-194.954422,-0.019888,0.494477,0.010073,0.868905,130.453003,326.512482,-128.531265,0.007324,-0.060032,0.016117,0.998040,225.123871,163.292435,-177.120010,-0.108976,-0.031946,-0.025468,0.993204,221.311783,188.908813,-199.016632
188,1.880000,-0.086955,0.012346,-0.021202,0.995910,200.121536,210.717850,-201.870956,-0.118758,-0.013338,-0.003159,0.992829,240.241989,204.265808,-194.968460,-0.019904,0.494513,0.009903,0.868886,130.542603,326.539001,-128.665924,0.007217,-0.060038,0.016058,0.998041,225.133301,163.293304,-177.106567,-0.110797,-0.031228,-0.024376,0.993053,221.316818,188.826141,-199.026123
189,1.890000,-0.088823,0.011636,-0.022691,0.995721,200.125961,210.656143,-201.884720,-0.119743,-0.013439,-0.003398,0.992708,240.225998,204.205750,-194.978867,-0.019781,0.494529,0.009979,0.868878,130.618729,326.561676,-128.799118,0.007072,-0.060051,0.016006,0.998042,225.135101,163.296127,-177.085999,-0.111603,-0.031630,-0.022972,0.992984,221.325836,188.762497,-199.024338
190,1.900000,-0.090165,0.012578,-0.022821,0.995586,200.119843,210.587280,-201.876923,-0.120194,-0.012682,-0.003080,0.992665,240.213089,204.151169,-194.973175,-0.019766,0.494619,0.010021,0.868827,130.704147,326.577454,-128.929108,0.006998,-0.059944,0.016029,0.998049,225.131653,163.306107,-177.054794,-0.111476,-0.033096,-0.023492,0.992938,221.327408,188.670334,-199.010101
191,1.910000,-0.091593,0.013720,-0.022171,0.995455,200.120392,210.521851,-201.884613,-0.121537,-0.012199,-0.003668,0.992505,240.216568,204.087769,-194.963379,-0.019517,0.494531,0.010293,0.868880,130.787994,326.593292,-129.081604,0.007485,-0.058673,0.016033,0.998120,225.142319,163.305984,-176.986923,-0.111204,-0.034388,-0.022548,0.992947,221.335571,188.607269,-198.998871
192,1.920000,-0.092445,0.014361,-0.021048,0.995392,200.124451,210.447479,-201.875412,-0.122123,-0.012202,-0.003502,0.992434,240.214401,204.039520,-194.958267,-0.019383,0.494652,0.010427,0.868812,130.874939,326.620667,-129.231049,0.007382,-0.058593,0.015948,0.998127,225.145401,163.312241,-176.945465,-0.110925,-0.036046,-0.021332,0.992946,221.350052,188.542053,-198.982010
193,1.930000,-0.093512,0.014664,-0.021395,0.995280,200.126999,210.385956,-201.874207,-0.124860,-0.018647,-0.005581,0.991984,240.233215,204.004181,-195.033661,-0.019336,0.494663,0.010420,0.868807,130.962692,326.663086,-129.369522,0.006693,-0.058598,0.015886,0.998133,225.155319,163.319580,-176.908447,-0.111238,-0.038155,-0.019405,0.992872,221.358063,188.468918,-198.963440
194,1.940000,-0.094577,0.015250,-0.021665,0.995165,200.148346,210.329727,-201.887314,-0.127909,-0.025790,-0.007131,0.991425,240.263657,203.950272,-195.049728,-0.019158,0.494732,0.010434,0.868772,131.044830,326.694641,-129.500900,0.006363,-0.058628,0.015831,0.998134,225.166092,163.322937,-176.886002,-0.111929,-0.039838,-0.018371,0.992747,221.375793,188.415573,-198.955429
195,1.950000,-0.093340,0.015306,-0.021447,0.995286,200.162415,210.275162,-201.903717,-0.128632,-0.026297,-0.007469,0.991316,240.267792,203.917145,-195.055649,-0.019111,0.494717,0.010447,0.868781,131.129913,326.687805,-129.618088,0.006306,-0.058610,0.015630,0.998139,225.180511,163.328384,-176.870148,-0.112356,-0.040584,-0.018390,0.992669,221.380142,188.335373,-198.935410
196,1.960000,-0.094870,0.015072,-0.021256,0.995149,200.168396,210.224411,-201.887375,-0.129105,-0.026111,-0.007450,0.991259,240.262589,203.883179,-195.042786,-0.019312,0.494634,0.010147,0.868828,131.239044,326.639709,-129.791214,0.006188,-0.058567,0.015627,0.998142,225.175308,163.332031,-176.843094,-0.113625,-0.039963,-0.018994,0.992538,221.393982,188.268738,-198.935150
197,1.970000,-0.096907,0.013570,-0.022015,0.994957,200.167191,210.157242,-201.889038,-0.129535,-0.025803,-0.007377,0.991212,240.256714,203.834793,-195.021255,-0.019422,0.494786,0.010216,0.868738,131.316895,326.558899,-129.947983,0.006182,-0.058589,0.015680,0.998140,225.160904,163.337967,-176.806381,-0.113689,-0.039872,-0.019027,0.992534,221.400269,188.200851,-198.916763
198,1.980000,-0.099133,0.012471,-0.022083,0.994751,200.171616,210.075027,-201.897797,-0.117760,-0.014665,-0.002375,0.992931,240.238663,203.784164,-195.045532,-0.019990,0.494347,0.009560,0.868982,131.398407,326.475220,-130.140976,0.006051,-0.058799,0.015672,0.998128,225.143814,163.346512,-176.767807,-0.113592,-0.041417,-0.017664,0.992507,221.422241,188.116852,-198.878479
199,1.990000,-0.100186,0.012241,-0.021914,0.994652,200.164993,210.010208,-201.892670,-0.110607,-0.000627,0.002659,0.993861,240.225082,203.717743,-195.054550,-0.020167,0.494605,0.009629,0.868831,131.475281,326.455231,-130.288467,0.005992,-0.058624,0.015655,0.998140,225.141663,163.347778,-176.727539,-0.112895,-0.046738,-0.015167,0.992391,221.412170,188.020370,-198.825562
200,2.000000,-0.100745,0.013191,-0.023003,0.994559,200.144791,209.942535,-201.876373,-0.111190,0.000759,0.003060,0.993794,240.199066,203.674515,-195.027267,-0.020014,0.494664,0.009716,0.868800,131.557114,326.482666,-130.437256,0.006018,-0.058773,0.015787,0.998128,225.120987,163.356964,-176.683472,-0.112191,-0.049681,-0.013732,0.992349,221.390167,187.959412,-198.802612
201,2.010000,-0.101787,0.013193,-0.023935,0.994431,200.134491,209.874680,-201.864243,-0.112684,0.000200,0.002547,0.993628,240.195755,203.627563,-195.021286,-0.019768,0.494709,0.009953,0.868777,131.643738,326.514984,-130.572952,0.006417,-0.058916,0.015801,0.998117,225.122025,163.354477,-176.640503,-0.113184,-0.048956,-0.013609,0.992274,221.377411,187.886612,-198.793808
202,2.020000,-0.102301,0.013019,-0.023664,0.994387,200.152466,209.822174,-201.883469,-0.113926,-0.000909,0.001822,0.993487,240.208084,203.585037,-195.038544,-0.019736,0.494675,0.010092,0.868796,131.735611,326.539154,-130.713364,0.006756,-0.059319,0.015720,0.998092,225.142868,163.349182,-176.616272,-0.114845,-0.048856,-0.013019,0.992096,221.408463,187.815155,-198.770172
203,2.030000,-0.102518,0.012666,-0.022884,0.994387,200.196289,209.786301,-201.899445,-0.114222,-0.001351,0.001308,0.993454,240.236404,203.552170,-195.048340,-0.019714,0.494613,0.009988,0.868832,131.824463,326.550690,-130.843658,0.006661,-0.059403,0.015897,0.998085,225.178772,163.358383,-176.614502,-0.117214,-0.047811,-0.013938,0.991857,221.438675,187.768036,-198.773315
204,2.040000,-0.102644,0.012096,-0.022696,0.994386,200.251907,209.751053,-201.937469,-0.113829,-0.000855,0.000912,0.993500,240.281372,203.516861,-195.074875,-0.019891,0.494510,0.009813,0.868889,131.931274,326.532410,-131.020996,0.006644,-0.059358,0.015807,0.998089,225.211945,163.357224,-176.625824,-0.118875,-0.045862,-0.014895,0.991738,221.476700,187.733063,-198.767365
205,2.050000,-0.102572,0.012062,-0.022812,0.994391,200.293381,209.704453,-201.980362,-0.114605,-0.001079,0.001060,0.993410,240.320328,203.477921,-195.099930,-0.019735,0.494647,0.009945,0.868813,132.019272,326.506653,-131.189575,0.006717,-0.059557,0.015339,0.998084,225.251465,163.346130,-176.640015,-0.118292,-0.047240,-0.015744,0.991730,221.505661,187.671097,-198.722717
206,2.060000,-0.102932,0.012774,-0.022990,0.994341,200.334244,209.656860,-202.032776,-0.115562,-0.001704,0.000749,0.993299,240.352722,203.443207,-195.138382,-0.019798,0.494659,0.009875,0.868805,132.121979,326.512604,-131.360367,0.006053,-0.058924,0.015353,0.998126,225.274826,163.343842,-176.677124,-0.119410,-0.048203,-0.016151,0.991543,221.529404,187.632782,-198.715515
207,2.070000,-0.103027,0.012241,-0.023409,0.994328,200.366348,209.587250,-202.103363,-0.115940,-0.001234,0.001078,0.993255,240.369568,203.400757,-195.155685,-0.019776,0.494502,0.009833,0.868896,132.207794,326.547516,-131.515488,0.006019,-0.058990,0.015309,0.998123,225.290924,163.342682,-176.684372,-0.120890,-0.047885,-0.016615,0.991371,221.547684,187.590759,-198.713013
208,2.080000,-0.103709,0.012175,-0.023710,0.994251,200.392090,209.533051,-202.126892,-0.116554,-0.000331,0.002033,0.993182,240.394714,203.349411,-195.171707,-0.019621,0.494679,0.010060,0.868796,132.301727,326.589355,-131.671921,0.006012,-0.059006,0.015271,0.998123,225.297195,163.338699,-176.678787,-0.122962,-0.046703,-0.017123,0.991164,221.549545,187.529037,-198.718262
209,2.090000,-0.104552,0.012128,-0.023346,0.994171,200.387085,209.470673,-202.151291,-0.117377,-0.000667,0.001806,0.993086,240.386642,203.293655,-195.192612,-0.019333,0.494672,0.010145,0.868805,132.384415,326.633362,-131.833313,0.005977,-0.058919,0.015259,0.998128,225.292801,163.335449,-176.671799,-0.125090,-0.044084,-0.019283,0.990978,221.545395,187.458801,-198.729568
210,2.100000,-0.106153,0.011881,-0.023794,0.993994,200.383545,209.406921,-202.178436,-0.120635,-0.007961,-0.000531,0.992665,240.399857,203.249985,-195.287704,-0.019170,0.494775,0.010402,0.868747,132.493362,326.657013,-132.018997,0.006433,-0.059497,0.015180,0.998092,225.286148,163.330292,-176.657318,-0.125755,-0.043861,-0.020033,0.990889,221.545639,187.389648,-198.718033
211,2.110000,-0.107526,0.010443,-0.024763,0.993839,200.398651,209.346024,-202.227341,-0.124180,-0.016066,-0.003013,0.992125,240.411636,203.211838,-195.353378,-0.019196,0.494788,0.010460,0.868739,132.596115,326.677399,-132.196716,0.005878,-0.059062,0.015220,0.998121,225.290451,163.332001,-176.689438,-0.126128,-0.046037,-0.019697,0.990749,221.537506,187.314041,-198.694046
212,2.120000,-0.107353,0.010209,-0.023816,0.993883,200.457703,209.294296,-202.301865,-0.125252,-0.016458,-0.003982,0.991980,240.449936,203.170090,-195.409500,-0.019308,0.494720,0.010206,0.868778,132.722092,326.692780,-132.380768,0.005844,-0.059098,0.015145,0.998120,225.314957,163.329834,-176.720566,-0.127783,-0.046343,-0.020033,0.990516,221.560181,187.274048,-198.698364
213,2.130000,-0.109207,0.010459,-0.024708,0.993657,200.507355,209.237396,-202.391495,-0.125044,-0.015830,-0.003738,0.992018,240.502396,203.123276,-195.487305,-0.019032,0.494907,0.010600,0.868673,132.840744,326.707031,-132.592896,0.006059,-0.059242,0.015076,0.998111,225.367294,163.319824,-176.760208,-0.129483,-0.045253,-0.021485,0.990315,221.609375,187.255051,-198.707977
214,2.140000,-0.110320,0.010795,-0.024645,0.993532,200.565475,209.182236,-202.459702,-0.125753,-0.015989,-0.003878,0.991925,240.561264,203.071304,-195.548798,-0.018931,0.494884,0.010673,0.868687,132.943832,326.727936,-132.779129,0.006107,-0.059309,0.015036,0.998108,225.413864,163.307693,-176.800644,-0.134394,-0.042201,-0.030794,0.989550,221.703369,187.137802,-198.716187
215,2.150000,-0.110835,0.009992,-0.024682,0.993482,200.600861,209.130951,-202.521713,-0.126920,-0.017291,-0.004240,0.991753,240.583115,203.027298,-195.600830,-0.018948,0.494664,0.010480,0.868814,133.080887,326.770996,-132.981979,0.005763,-0.058959,0.014920,0.998132,225.441010,163.304459,-176.832855,-0.135713,-0.034125,-0.030074,0.989704,221.694656,187.156540,-198.761551
216,2.160000,-0.111343,0.009716,-0.024397,0.993435,200.626678,209.070007,-202.570267,-0.126083,-0.011130,-0.001852,0.991956,240.595932,202.959198,-195.564423,-0.018868,0.494680,0.010737,0.868804,133.193222,326.819305,-133.176407,0.005700,-0.058970,0.014857,0.998133,225.456619,163.300247,-176.856995,-0.136573,-0.033670,-0.029477,0.989619,221.711609,187.109467,-198.766937
217,2.170000,-0.111578,0.009749,-0.025226,0.993388,200.669800,209.000656,-202.622696,-0.124966,-0.005278,-0.000194,0.992147,240.627869,202.909958,-195.574371,-0.018610,0.494909,0.010989,0.868676,133.327026,326.854401,-133.384216,0.005689,-0.058715,0.014968,0.998146,225.474152,163.302704,-176.876297,-0.137552,-0.034130,-0.028687,0.989491,221.734253,187.038467,-198.758881
218,2.180000,-0.112726,0.009044,-0.026496,0.993232,200.723206,208.931000,-202.673737,-0.125084,-0.004895,0.000098,0.992134,240.670578,202.868362,-195.594528,-0.018734,0.494928,0.010836,0.868665,133.475876,326.852905,-133.597672,0.005897,-0.058951,0.014768,0.998134,225.497513,163.295593,-176.871765,-0.137914,-0.037400,-0.027539,0.989355,221.779358,186.949890,-198.723221
219,2.190000,-0.114140,0.006807,-0.026832,0.993079,200.775742,208.863968,-202.750778,-0.125506,-0.003802,-0.000102,0.992086,240.725769,202.809525,-195.617294,-0.018898,0.494774,0.010630,0.868751,133.598892,326.840332,-133.795929,0.006283,-0.058847,0.014678,0.998139,225.537659,163.294769,-176.905548,-0.140779,-0.036796,-0.027900,0.988964,221.810333,186.880966,-198.743027
220,2.200000,-0.115586,0.006439,-0.027640,0.992892,200.826859,208.800812,-202.789307,-0.125403,-0.002723,0.000132,0.992102,240.765259,202.762451,-195.679199,-0.018700,0.494898,0.010888,0.868681,133.707382,326.877319,-133.990250,0.006227,-0.059071,0.014547,0.998128,225.577881,163.290558,-176.935867,-0.143294,-0.033448,-0.030264,0.988652,221.850784,186.834335,-198.771698
221,2.210000,-0.115413,0.006612,-0.026630,0.992939,200.869873,208.757462,-202.842316,-0.125735,-0.002490,-0.000084,0.992061,240.793930,202.713699,-195.716705,-0.018501,0.494974,0.011108,0.868640,133.801758,326.923676,-134.144302,0.006240,-0.059017,0.014472,0.998133,225.600708,163.285309,-176.951553,-0.144266,-0.033934,-0.037835,0.988233,221.924149,186.715530,-198.744095
222,2.220000,-0.115631,0.007511,-0.025966,0.992924,200.891815,208.704193,-202.906235,-0.126677,-0.003069,-0.000292,0.991939,240.815445,202.666809,-195.768951,-0.018401,0.494903,0.011026,0.868683,133.918762,326.960663,-134.318527,0.006589,-0.059367,0.014834,0.998104,225.604965,163.283783,-176.964218,-0.144624,-0.030977,-0.043171,0.988059,221.957855,186.651749,-198.748322
223,2.230000,-0.116004,0.007767,-0.026792,0.992857,200.917831,208.642456,-202.968979,-0.127360,-0.003129,0.000444,0.991852,240.865356,202.607101,-195.827103,-0.018284,0.494724,0.011009,0.868788,134.013275,326.986572,-134.492264,0.006352,-0.059383,0.014781,0.998106,225.635376,163.281860,-177.000809,-0.144819,-0.029983,-0.036457,0.988332,221.929779,186.692871,-198.798203
224,2.240000,-0.117229,0.008603,-0.026917,0.992703,200.937714,208.582748,-203.047119,-0.127930,-0.002605,0.000394,0.991780,240.884460,202.562668,-195.881287,-0.018174,0.495041,0.011224,0.868607,134.116837,327.005432,-134.677094,0.005814,-0.059520,0.014787,0.998101,225.642288,163.266312,-177.025482,-0.140378,-0.008825,-0.044991,0.989036,221.840897,186.783066,-198.700043
225,2.250000,-0.118135,0.007555,-0.026871,0.992605,200.952148,208.528290,-203.119202,-0.131343,-0.008898,-0.002258,0.991295,240.909973,202.504547,-195.988617,-0.018006,0.495231,0.011575,0.868497,134.198181,327.002899,-134.856003,0.005692,-0.059628,0.014812,0.998095,225.643707,163.263657,-177.052795,-0.133915,0.027511,-0.064220,0.988527,221.826950,186.760880,-198.716232
226,2.260000,-0.118391,0.008010,-0.026325,0.992586,200.966858,208.475510,-203.174347,-0.134690,-0.016311,-0.004718,0.990742,240.922348,202.459015,-196.058273,-0.018198,0.494904,0.011214,0.868685,134.292099,327.011444,-135.027237,0.005715,-0.060012,0.014729,0.998073,225.650146,163.258606,-177.076477,-0.131618,0.038124,-0.070567,0.988050,221.813217,186.692764,-198.705093
227,2.270000,-0.117355,0.009296,-0.025293,0.992724,200.978333,208.419403,-203.227203,-0.135655,-0.017435,-0.005042,0.990590,240.928665,202.418091,-196.107742,-0.018297,0.494624,0.011012,0.868845,134.371826,327.035156,-135.169815,0.005818,-0.059915,0.014757,0.998078,225.660706,163.252792,-177.093765,-0.134082,0.036899,-0.067489,0.987981,221.870499,186.558014,-198.663879
228,2.280000,-0.117148,0.010073,-0.024540,0.992760,200.994766,208.369415,-203.269958,-0.135867,-0.017290,-0.005001,0.990564,240.939911,202.375931,-196.158829,-0.018000,0.494974,0.011359,0.868647,134.462463,327.061646,-135.310822,0.005853,-0.059833,0.014736,0.998083,225.678345,163.246582,-177.105133,-0.136589,0.033159,-0.064801,0.987950,221.887665,186.506592,-198.671356
229,2.290000,-0.117908,0.009914,-0.025771,0.992641,201.028702,208.337128,-203.312485,-0.136259,-0.017537,-0.005193,0.990504,240.961273,202.332321,-196.199371,-0.017973,0.494996,0.011482,0.868633,134.540512,327.068512,-135.449783,0.005927,-0.059728,0.014823,0.998087,225.694183,163.243011,-177.118347,-0.137578,0.030974,-0.064679,0.987891,221.912659,186.475830,-198.686066
230,2.300000,-0.118889,0.009681,-0.026248,0.992513,201.034103,208.285507,-203.335129,-0.137005,-0.018357,-0.005699,0.990384,240.983459,202.290802,-196.216965,-0.017992,0.495048,0.011507,0.868603,134.622696,327.043945,-135.597122,0.005985,-0.059727,0.014847,0.998086,225.707092,163.239120,-177.123077,-0.138343,0.029224,-0.063976,0.987884,221.928436,186.434082,-198.697617
231,2.310000,-0.120352,0.010348,-0.026808,0.992315,201.057114,208.226196,-203.375885,-0.135386,-0.012145,-0.004040,0.990710,240.996658,202.245407,-196.169891,-0.018277,0.494908,0.011134,0.868682,134.706558,327.009949,-135.755707,0.006232,-0.059358,0.014864,0.998107,225.737854,163.223694,-177.119263,-0.141456,0.030202,-0.064906,0.987353,221.946426,186.371857,-198.739929
232,2.320000,-0.121949,0.011044,-0.027433,0.992096,201.085297,208.189392,-203.430359,-0.133550,-0.004590,-0.001480,0.991030,241.026825,202.185074,-196.195602,-0.018256,0.494776,0.011166,0.868757,134.781387,327.005127,-135.923294,0.006305,-0.059021,0.014741,0.998128,225.772583,163.207520,-177.159653,-0.141345,0.032123,-0.069278,0.987011,221.917740,186.415100,-198.828033
233,2.330000,-0.123176,0.010341,-0.027669,0.991945,201.094238,208.143478,-203.483353,-0.133290,-0.002772,-0.000809,0.991073,241.011475,202.138153,-196.241486,-0.018248,0.494947,0.011169,0.868660,134.887222,327.042816,-136.057968,0.006303,-0.059111,0.014652,0.998124,225.786316,163.203705,-177.171341,-0.140407,0.033981,-0.071017,0.986959,221.926331,186.374023,-198.847580
234,2.340000,-0.124046,0.009313,-0.027868,0.991841,201.088959,208.092728,-203.504669,-0.133730,-0.002948,-0.000688,0.991013,240.997620,202.100739,-196.264771,-0.018028,0.495023,0.011175,0.868621,134.975662,327.052612,-136.191101,0.005928,-0.059777,0.014938,0.998082,225.771194,163.208908,-177.196808,-0.138760,0.033238,-0.071212,0.987203,221.923172,186.314178,-198.837433
235,2.350000,-0.123983,0.008136,-0.028194,0.991850,201.082504,208.035797,-203.523804,-0.134886,-0.003643,-0.000848,0.990854,240.984283,202.055710,-196.260132,-0.018333,0.495225,0.011974,0.868489,135.117035,326.979736,-136.349182,0.005576,-0.059801,0.014734,0.998086,225.748428,163.212570,-177.184586,-0.136803,0.033708,-0.070542,0.987508,221.898392,186.244827,-198.828995
236,2.360000,-0.125119,0.005676,-0.028883,0.991705,201.081085,207.987366,-203.583206,-0.136197,-0.004845,-0.000983,0.990669,240.976791,202.018219,-196.298981,-0.018639,0.495338,0.011984,0.868418,135.191940,326.939362,-136.514236,0.005418,-0.059597,0.014659,0.998100,225.742355,163.203629,-177.208969,-0.136012,0.034075,-0.070617,0.987600,221.896820,186.203201,-198.855743
237,2.370000,-0.125726,0.005620,-0.028230,0.991647,201.059586,207.924820,-203.613739,-0.139193,-0.011093,-0.002922,0.990199,240.981750,201.978363,-196.406387,-0.018708,0.495341,0.012041,0.868414,135.235855,326.932159,-136.658142,0.005465,-0.059644,0.014617,0.998098,225.736755,163.198212,-177.219315,-0.135332,0.034294,-0.070490,0.987695,221.890381,186.161789,-198.879501
238,2.380000,-0.125997,0.006268,-0.027751,0.991623,201.035675,207.880646,-203.638748,-0.142302,-0.018511,-0.005409,0.989635,240.951920,201.928558,-196.465027,-0.018744,0.495200,0.011841,0.868496,135.312546,326.967896,-136.772507,0.005422,-0.059654,0.014667,0.998097,225.711273,163.193893,-177.225739,-0.139334,0.035583,-0.066866,0.987344,221.898346,185.999878,-198.890976
239,2.390000,-0.126849,0.006985,-0.027063,0.991528,201.004730,207.839523,-203.671783,-0.142487,-0.018763,-0.005660,0.989603,240.924515,201.885925,-196.511566,-0.018439,0.495190,0.012078,0.868505,135.405045,327.004578,-136.881348,0.005618,-0.059798,0.014429,0.998090,225.692429,163.185135,-177.236267,-0.140496,0.033717,-0.064410,0.987409,221.878067,185.941391,-198.919266
240,2.400000,-0.127941,0.007801,-0.026936,0.991385,200.987122,207.782166,-203.700897,-0.142772,-0.017855,-0.005409,0.989580,240.909134,201.840973,-196.542587,-0.018213,0.495439,0.012385,0.868363,135.492783,327.023621,-136.985626,0.005885,-0.059847,0.014550,0.998084,225.689972,163.175293,-177.249344,-0.140375,0.031237,-0.062711,0.987617,221.875183,185.882828,-198.937149
241,2.410000,-0.128440,0.008698,-0.026798,0.991317,200.995255,207.730133,-203.732971,-0.143262,-0.017560,-0.005558,0.989513,240.911011,201.797134,-196.565582,-0.018155,0.495294,0.012119,0.868451,135.573608,327.034576,-137.123306,0.005872,-0.059877,0.014551,0.998083,225.698364,163.169495,-177.257370,-0.140672,0.028700,-0.060985,0.987759,221.878250,185.833496,-198.959183
242,2.420000,-0.129038,0.008702,-0.027121,0.991231,201.021378,207.698669,-203.773651,-0.143761,-0.017505,-0.006102,0.989439,240.939392,201.748840,-196.590408,-0.018191,0.495290,0.012127,0.868452,135.626251,327.033386,-137.236832,0.006045,-0.059985,0.014762,0.998072,225.714554,163.162949,-177.272202,-0.140577,0.024228,-0.059468,0.987985,221.885422,185.769089,-198.962036
243,2.430000,-0.129893,0.007476,-0.027883,0.991108,201.032516,207.653534,-203.815918,-0.143594,-0.017325,-0.006626,0.989463,240.930573,201.715790,-196.625946,-0.018032,0.495320,0.012175,0.868438,135.703171,327.046783,-137.373398,0.005846,-0.059793,0.014857,0.998083,225.721436,163.163712,-177.290558,-0.141530,0.020091,-0.057581,0.988054,221.890900,185.726883,-198.988297
244,2.440000,-0.130779,0.006460,-0.027551,0.991008,201.009384,207.594360,-203.853531,-0.141681,-0.009933,-0.004215,0.989854,240.917206,201.665359,-196.588562,-0.017918,0.495229,0.012142,0.868493,135.787186,327.074066,-137.477539,0.005933,-0.060004,0.014817,0.998071,225.720688,163.153564,-177.303436,-0.142467,0.016492,-0.056064,0.988073,221.890717,185.686295,-199.015030
245,2.450000,-0.130817,0.006387,-0.028069,0.990989,200.997375,207.543579,-203.869171,-0.139774,-0.002470,-0.001603,0.990179,240.901794,201.624527,-196.599213,-0.017814,0.495387,0.012352,0.868402,135.872864,327.090576,-137.599365,0.005887,-0.059938,0.014835,0.998075,225.718719,163.150269,-177.315231,-0.145611,0.016422,-0.056660,0.987582,221.877335,185.630524,-199.076859
246,2.460000,-0.130978,0.006368,-0.028307,0.990961,200.987579,207.504471,-203.899460,-0.141273,-0.002270,-0.001863,0.989966,240.879837,201.581039,-196.612976,-0.017955,0.495310,0.012184,0.868446,135.953934,327.089020,-137.737198,0.005842,-0.059884,0.014859,0.998078,225.711990,163.149170,-177.324463,-0.146311,0.015066,-0.056126,0.987530,221.874893,185.585068,-199.100861
247,2.470000,-0.130507,0.006838,-0.027864,0.991032,200.970703,207.442444,-203.928955,-0.142505,-0.002777,-0.002132,0.989788,240.857941,201.528870,-196.643845,-0.017946,0.495270,0.012217,0.868468,136.021072,327.081879,-137.894196,0.005627,-0.059766,0.014716,0.998088,225.697144,163.143509,-177.337677,-0.143034,0.022030,-0.061015,0.987590,221.798935,185.638916,-199.100815
248,2.480000,-0.130035,0.007821,-0.027395,0.991100,200.952774,207.386734,-203.970886,-0.142913,-0.003021,-0.002185,0.989728,240.838211,201.493210,-196.698151,-0.018088,0.495246,0.012175,0.868479,136.080566,327.085876,-138.029465,0.005577,-0.059703,0.014915,0.998089,225.696762,163.138626,-177.361023,-0.139205,0.034630,-0.067786,0.987334,221.758209,185.596680,-199.114914
249,2.490000,-0.130618,0.008547,-0.027465,0.991015,200.937759,207.347595,-204.012192,-0.143913,-0.003871,-0.002452,0.989580,240.823303,201.451233,-196.752518,-0.018112,0.495254,0.012175,0.868474,136.148743,327.114075,-138.153900,0.005817,-0.059609,0.014920,0.998093,225.691010,163.129425,-177.391708,-0.137330,0.036860,-0.069778,0.987377,221.737549,185.537354,-199.108704
250,2.500000,-0.131338,0.008553,-0.027732,0.990913,200.914703,207.301987,-204.062637,-0.147263,-0.011471,-0.004503,0.989021,240.803085,201.414413,-196.886002,-0.017837,0.495465,0.012490,0.868355,136.241440,327.141388,-138.274231,0.005339,-0.060227,0.014774,0.998061,225.680679,163.122498,-177.430618,-0.137614,0.036324,-0.069854,0.987352,221.722778,185.497086,-199.133743
251,2.510000,-0.132680,0.009574,-0.028834,0.990693,200.910110,207.253525,-204.113602,-0.150678,-0.019167,-0.006938,0.988373,240.802231,201.369598,-196.949387,-0.017763,0.495498,0.012502,0.868338,136.339722,327.148956,-138.412521,0.004524,-0.059721,0.014760,0.998096,225.678772,163.120132,-177.473694,-0.137939,0.036009,-0.069860,0.987317,221.713806,185.457550,-199.156265
252,2.520000,-0.134230,0.010951,-0.028215,0.990488,200.911758,207.201996,-204.161148,-0.151826,-0.020217,-0.007380,0.988173,240.812500,201.321869,-196.970306,-0.017885,0.495412,0.012463,0.868385,136.446548,327.129669,-138.582092,0.004649,-0.059726,0.014970,0.998092,225.685120,163.117935,-177.481506,-0.140484,0.038496,-0.070659,0.986808,221.694138,185.379044,-199.193832
253,2.530000,-0.134946,0.011015,-0.028228,0.990390,200.921005,207.138885,-204.205048,-0.151889,-0.019915,-0.008081,0.988164,240.830948,201.261002,-197.003357,-0.017956,0.495495,0.012401,0.868337,136.528839,327.117859,-138.745804,0.004534,-0.059815,0.014983,0.998087,225.693726,163.111526,-177.494812,-0.140924,0.041436,-0.072224,0.986513,221.698364,185.322601,-199.215607
254,2.540000,-0.135779,0.010433,-0.028308,0.990280,200.948166,207.071106,-204.245438,-0.152548,-0.019098,-0.008079,0.988079,240.831665,201.196686,-197.020447,-0.017870,0.495477,0.012505,0.868347,136.609863,327.129364,-138.922089,0.004578,-0.059964,0.014986,0.998078,225.705505,163.108093,-177.494019,-0.140186,0.042060,-0.072399,0.986579,221.710632,185.267944,-199.217529
255,2.550000,-0.135335,0.009630,-0.028034,0.990356,200.956833,206.998596,-204.238449,-0.153593,-0.018715,-0.007911,0.987925,240.827026,201.136322,-196.993164,-0.017834,0.495378,0.012516,0.868404,136.710327,327.146790,-139.054153,0.005289,-0.060723,0.014982,0.998028,225.705643,163.110382,-177.439301,-0.138543,0.042619,-0.071983,0.986817,221.725937,185.200089,-199.188675
256,2.560000,-0.135613,0.009592,-0.027013,0.990347,200.963654,206.928268,-204.223328,-0.154226,-0.019024,-0.007928,0.987821,240.829529,201.089294,-196.952118,-0.017969,0.495193,0.012056,0.868514,136.831894,327.159790,-139.211914,0.005524,-0.060828,0.015046,0.998020,225.704132,163.114578,-177.397202,-0.135092,0.043876,-0.072382,0.987211,221.741470,185.116608,-199.125580
257,2.570000,-0.137336,0.009640,-0.027783,0.990088,200.978714,206.855576,-204.220734,-0.154949,-0.019500,-0.007291,0.987703,240.863770,201.032227,-196.946548,-0.017785,0.495403,0.012482,0.868392,136.928329,327.159485,-139.379196,0.005178,-0.060902,0.015021,0.998017,225.724304,163.120728,-177.367142,-0.135677,0.043523,-0.069078,0.987383,221.817688,184.976532,-199.053619
258,2.580000,-0.139915,0.010000,-0.028869,0.989692,201.030304,206.800934,-204.252838,-0.155481,-0.018540,-0.007174,0.987639,240.894577,200.985107,-196.950073,-0.017685,0.495617,0.012702,0.868268,137.003586,327.182404,-139.547729,0.005111,-0.060952,0.015130,0.998013,225.745605,163.120621,-177.363022,-0.138220,0.044269,-0.071733,0.986808,221.808151,184.976730,-199.140579
259,2.590000,-0.140943,0.009595,-0.029517,0.989531,201.050323,206.746506,-204.277023,-0.154478,-0.012731,-0.005588,0.987898,240.903671,200.934677,-196.892090,-0.017512,0.495729,0.012948,0.868204,137.083893,327.214539,-139.689835,0.004982,-0.060766,0.015234,0.998023,225.757935,163.127014,-177.367310,-0.137618,0.046682,-0.073792,0.986629,221.823318,184.932831,-199.138199
260,2.600000,-0.141309,0.008837,-0.029909,0.989474,201.072052,206.692017,-204.313217,-0.153256,-0.006875,-0.004133,0.988154,240.910660,200.888687,-196.891403,-0.017690,0.495271,0.012378,0.868470,137.209549,327.262115,-139.856461,0.004649,-0.060362,0.015119,0.998051,225.774353,163.129364,-177.380478,-0.138029,0.047002,-0.073347,0.986590,221.830948,184.869736,-199.133667
261,2.610000,-0.142063,0.007922,-0.030431,0.989358,201.108749,206.635513,-204.358307,-0.154316,-0.006541,-0.004580,0.987989,240.944946,200.817780,-196.903580,-0.017452,0.495369,0.012500,0.868418,137.318665,327.302643,-140.021179,0.004687,-0.060133,0.015082,0.998065,225.801300,163.126984,-177.383789,-0.137355,0.045118,-0.072968,0.986800,221.848663,184.802139,-199.108170
262,2.620000,-0.142885,0.004847,-0.030800,0.989248,201.139374,206.556610,-204.373779,-0.157088,-0.012926,-0.006433,0.987479,240.977264,200.759338,-196.970642,-0.017216,0.495723,0.012921,0.868214,137.417130,327.321533,-140.190033,0.004619,-0.060070,0.015086,0.998069,225.822159,163.128250,-177.376846,-0.137327,0.043951,-0.072290,0.986906,221.879456,184.742416,-199.091629
263,2.630000,-0.143298,0.004387,-0.030561,0.989198,201.173508,206.488876,-204.381821,-0.159139,-0.019259,-0.007591,0.987039,241.039062,200.720337,-196.982864,-0.017226,0.495663,0.012861,0.868249,137.505844,327.333252,-140.356979,0.004881,-0.060301,0.014968,0.998056,225.860550,163.131729,-177.357666,-0.137376,0.043879,-0.072343,0.986899,221.916580,184.690582,-199.074234
264,2.640000,-0.143471,0.004824,-0.030251,0.989180,201.228561,206.430435,-204.377441,-0.159774,-0.019851,-0.008409,0.986918,241.081421,200.671524,-196.960327,-0.017321,0.495464,0.012614,0.868364,137.609344,327.364502,-140.512131,0.004858,-0.060407,0.014830,0.998052,225.894943,163.137909,-177.332123,-0.137306,0.044752,-0.072235,0.986877,221.961151,184.636993,-199.047638
265,2.650000,-0.144037,0.005681,-0.030662,0.989081,201.285156,206.369461,-204.384949,-0.160576,-0.020120,-0.007810,0.986788,241.132187,200.620819,-196.925720,-0.016799,0.495714,0.013003,0.868226,137.708572,327.420288,-140.674500,0.004970,-0.060549,0.014700,0.998045,225.929535,163.146088,-177.298401,-0.138086,0.048755,-0.074712,0.986394,222.020203,184.560120,-199.021393
266,2.660000,-0.144908,0.006318,-0.031141,0.988935,201.339188,206.315765,-204.376785,-0.161144,-0.020047,-0.007789,0.986697,241.170776,200.580002,-196.889221,-0.016664,0.495828,0.013251,0.868160,137.819183,327.468811,-140.829605,0.005833,-0.059378,0.014560,0.998112,225.899933,163.190598,-177.246735,-0.136744,0.050990,-0.076810,0.986307,222.090134,184.503250,-198.963165
267,2.670000,-0.144484,0.006118,-0.030178,0.989028,201.409897,206.259155,-204.371567,-0.163376,-0.020915,-0.008054,0.986309,241.208023,200.522003,-196.832413,-0.016702,0.495718,0.013041,0.868225,137.924805,327.500122,-140.989151,0.005966,-0.058977,0.014458,0.998137,225.910843,163.207626,-177.197021,-0.135742,0.051802,-0.077460,0.986352,222.124863,184.443893,-198.922470
268,2.680000,-0.145195,0.005587,-0.029463,0.988949,201.451004,206.190506,-204.363861,-0.164711,-0.021784,-0.007978,0.986069,241.246811,200.455200,-196.792953,-0.016606,0.495482,0.012962,0.868363,138.028183,327.537079,-141.171204,0.005959,-0.059073,0.014427,0.998132,225.930557,163.212173,-177.166779,-0.135383,0.052395,-0.077817,0.986342,222.162949,184.381271,-198.884064
269,2.690000,-0.146183,0.004477,-0.029772,0.988799,201.486450,206.120361,-204.371445,-0.165066,-0.021528,-0.007807,0.986017,241.266190,200.406540,-196.777985,-0.016454,0.495640,0.013050,0.868274,138.127075,327.561127,-141.343216,0.005310,-0.060669,0.014482,0.998039,226.016678,163.173950,-177.173676,-0.135809,0.051376,-0.077551,0.986358,222.191452,184.319275,-198.864075
270,2.700000,-0.147617,0.004251,-0.030775,0.988557,201.500046,206.054947,-204.393814,-0.165403,-0.021827,-0.007835,0.985953,241.293655,200.357666,-196.784897,-0.016341,0.495839,0.013328,0.868158,138.233261,327.567291,-141.507431,0.005151,-0.061060,0.014453,0.998016,226.029160,163.174622,-177.183655,-0.137141,0.048988,-0.076603,0.986369,222.205704,184.267639,-198.856415
271,2.710000,-0.149433,0.002956,-0.031432,0.988268,201.507278,205.990891,-204.437088,-0.166097,-0.021646,-0.008329,0.985837,241.306274,200.314301,-196.805054,-0.016348,0.495593,0.013160,0.868301,138.348038,327.565002,-141.697891,0.005199,-0.060999,0.014517,0.998019,226.033386,163.173431,-177.190491,-0.137370,0.045787,-0.076091,0.986531,222.213318,184.199692,-198.824646
272,2.720000,-0.150672,0.003831,-0.031879,0.988062,201.528717,205.927185,-204.487701,-0.166657,-0.021651,-0.008325,0.985742,241.310272,200.272797,-196.813477,-0.016529,0.495507,0.012830,0.868352,138.462112,327.553314,-141.888245,0.005818,-0.059773,0.014504,0.998090,225.974915,163.206833,-177.174133,-0.139366,0.045234,-0.075299,0.986337,222.198288,184.132446,-198.820190
273,2.730000,-0.152011,0.003896,-0.032116,0.987849,201.548691,205.872894,-204.531250,-0.167884,-0.021616,-0.008378,0.985534,241.314438,200.218323,-196.831848,-0.016590,0.495617,0.012854,0.868288,138.557343,327.553650,-142.077484,0.006060,-0.059237,0.014538,0.998120,225.964966,163.212997,-177.172836,-0.142007,0.046412,-0.076342,0.985826,222.209061,184.068726,-198.834167
274,2.740000,-0.152805,0.003574,-0.031689,0.987742,201.552612,205.811218,-204.549713,-0.168551,-0.022113,-0.008230,0.985411,241.309204,200.160309,-196.827759,-0.016324,0.495800,0.013269,0.868182,138.655380,327.547974,-142.277542,0.006054,-0.059325,0.014574,0.998114,225.962051,163.214355,-177.168900,-0.142433,0.047931,-0.077727,0.985583,222.212357,184.019653,-198.818970
275,2.750000,-0.152535,0.003955,-0.031081,0.987801,201.553772,205.726624,-204.535645,-0.168909,-0.021758,-0.007927,0.985360,241.295303,200.108765,-196.772659,-0.016457,0.495771,0.013079,0.868199,138.771317,327.507904,-142.456314,0.005287,-0.060785,0.014641,0.998030,226.014389,163.181091,-177.144226,-0.140932,0.049756,-0.078611,0.985638,222.210358,183.951111,-198.766907
276,2.760000,-0.153412,0.002198,-0.031250,0.987666,201.551270,205.628387,-204.524170,-0.167406,-0.015403,-0.006237,0.985748,241.274582,200.058105,-196.663406,-0.016622,0.495643,0.012868,0.868272,138.893127,327.497375,-142.657593,0.005599,-0.059768,0.014607,0.998090,225.955948,163.218933,-177.097366,-0.138450,0.050281,-0.079908,0.985859,222.206543,183.877182,-198.698853
277,2.770000,-0.155101,-0.000034,-0.031845,0.987385,201.553635,205.562271,-204.495972,-0.166597,-0.010368,-0.004958,0.985958,241.264633,200.008026,-196.606827,-0.016720,0.495642,0.012794,0.868272,138.989059,327.506104,-142.849045,0.006238,-0.059369,0.014970,0.998104,225.910721,163.243927,-177.025253,-0.137607,0.051677,-0.079771,0.985916,222.197525,183.808319,-198.642136
278,2.780000,-0.155966,0.000154,-0.032154,0.987239,201.568619,205.488586,-204.479767,-0.164835,-0.009705,-0.003300,0.986268,241.283386,199.935074,-196.589767,-0.016705,0.495649,0.012838,0.868267,139.083527,327.506378,-143.006393,0.007386,-0.058500,0.015140,0.998145,225.892197,163.252045,-176.924850,-0.136707,0.053886,-0.080034,0.985902,222.200943,183.739349,-198.585999
279,2.790000,-0.157685,0.000975,-0.032290,0.986961,201.589844,205.419220,-204.484512,-0.167459,-0.015124,-0.004894,0.985751,241.299484,199.869003,-196.637497,-0.016458,0.495600,0.012979,0.868298,139.194962,327.530609,-143.192444,0.007600,-0.058269,0.015170,0.998157,225.896255,163.256180,-176.896378,-0.138170,0.053965,-0.079770,0.985715,222.217148,183.664322,-198.566513
280,2.800000,-0.159361,0.001722,-0.032330,0.986689,201.613159,205.342285,-204.471268,-0.170372,-0.020819,-0.006822,0.985136,241.328430,199.803268,-196.640350,-0.016281,0.495894,0.013078,0.868132,139.326263,327.566711,-143.360153,0.007631,-0.058304,0.015142,0.998155,225.915085,163.258606,-176.879303,-0.139375,0.052454,-0.081052,0.985522,222.256256,183.581238,-198.523132
281,2.810000,-0.159897,0.001753,-0.032465,0.986598,201.655640,205.272827,-204.478088,-0.171170,-0.020770,-0.006424,0.985002,241.386353,199.723328,-196.625351,-0.016288,0.495820,0.013037,0.868175,139.439957,327.598694,-143.519363,0.007495,-0.058037,0.015297,0.998169,225.955292,163.271713,-176.866287,-0.140261,0.052420,-0.081265,0.985381,222.286987,183.521454,-198.489929
282,2.820000,-0.160143,0.001416,-0.032922,0.986544,201.691177,205.189896,-204.476151,-0.171623,-0.020523,-0.005491,0.984934,241.433334,199.649261,-196.603149,-0.016146,0.495648,0.013106,0.868275,139.555298,327.628357,-143.709793,0.007265,-0.058179,0.015318,0.998162,225.976440,163.268494,-176.846939,-0.141081,0.052721,-0.080950,0.985273,222.324356,183.458633,-198.445053
283,2.830000,-0.160278,0.000277,-0.033218,0.986513,201.736832,205.109543,-204.480255,-0.173389,-0.021051,-0.006597,0.984606,241.456818,199.566147,-196.564468,-0.016264,0.495576,0.012850,0.868317,139.681732,327.667572,-143.897797,0.007392,-0.058273,0.015048,0.998160,226.002243,163.269775,-176.815079,-0.140882,0.052955,-0.081457,0.985248,222.343781,183.375000,-198.394089
284,2.840000,-0.161267,-0.000977,-0.033957,0.986326,201.776001,205.026260,-204.485657,-0.175939,-0.022519,-0.007628,0.984114,241.469284,199.480408,-196.529999,-0.016045,0.495823,0.013238,0.868174,139.796143,327.692719,-144.102081,0.007966,-0.059208,0.015019,0.998101,226.030334,163.276581,-176.763550,-0.139913,0.052181,-0.081912,0.985389,222.357773,183.291824,-198.329407
285,2.850000,-0.163062,-0.000704,-0.034287,0.986020,201.792038,204.917053,-204.467896,-0.175774,-0.016867,-0.006302,0.984266,241.467468,199.381210,-196.436264,-0.016141,0.495807,0.013264,0.868181,139.926163,327.702240,-144.304596,0.007486,-0.059387,0.014983,0.998094,226.038879,163.282227,-176.707718,-0.140221,0.052752,-0.082212,0.985290,222.367874,183.199585,-198.278610
286,2.860000,-0.164180,-0.000833,-0.034822,0.985815,201.802216,204.814835,-204.454590,-0.176116,-0.012241,-0.005923,0.984275,241.462845,199.279541,-196.390091,-0.016298,0.495704,0.013081,0.868240,140.058548,327.728912,-144.543289,0.007486,-0.059487,0.014961,0.998089,226.045258,163.289032,-176.673660,-0.141952,0.054709,-0.082920,0.984876,222.372131,183.092484,-198.243759
287,2.870000,-0.164658,-0.000573,-0.035096,0.985726,201.810150,204.722977,-204.467728,-0.179078,-0.017548,-0.007973,0.983646,241.475784,199.171722,-196.442352,-0.016214,0.495727,0.013170,0.868227,140.187042,327.755524,-144.778107,0.007535,-0.059603,0.015000,0.998081,226.051254,163.289856,-176.658569,-0.142417,0.054256,-0.083982,0.984744,222.374771,182.979980,-198.198563
288,2.880000,-0.167261,-0.000157,-0.035749,0.985264,201.804214,204.615662,-204.492371,-0.182960,-0.024252,-0.010280,0.982767,241.481461,199.062088,-196.463486,-0.016100,0.495779,0.013216,0.868199,140.331161,327.781097,-145.004379,0.007607,-0.059668,0.015036,0.998076,226.047867,163.290100,-176.655045,-0.143202,0.052397,-0.083631,0.984761,222.359711,182.892487,-198.167130
289,2.890000,-0.169610,-0.000909,-0.033843,0.984930,201.800201,204.498245,-204.526306,-0.183799,-0.024070,-0.009448,0.982624,241.465836,198.954910,-196.495346,-0.015829,0.495934,0.013367,0.868113,140.500504,327.805603,-145.261322,0.007540,-0.059643,0.015112,0.998077,226.037628,163.286774,-176.656830,-0.144020,0.050965,-0.082671,0.984798,222.320404,182.803848,-198.138367
290,2.900000,-0.171505,-0.000057,-0.034396,0.984583,201.790405,204.382324,-204.577591,-0.185732,-0.024793,-0.009778,0.982239,241.440247,198.840637,-196.513855,-0.016839,0.494883,0.011573,0.868719,140.707947,327.826447,-145.572205,0.007670,-0.059662,0.014993,0.998077,226.026367,163.290741,-176.662933,-0.146596,0.051658,-0.083167,0.984340,222.268967,182.658661,-198.117752
291,2.910000,-0.173493,0.000675,-0.034698,0.984224,201.774048,204.293518,-204.581772,-0.186989,-0.025295,-0.010246,0.981983,241.405502,198.730972,-196.502457,-0.017192,0.495048,0.011227,0.868623,140.937988,327.774109,-145.926590,0.007727,-0.059842,0.015138,0.998063,225.994629,163.295975,-176.638794,-0.147197,0.052570,-0.083775,0.984150,222.228210,182.565811,-198.081070
292,2.920000,-0.175206,0.000186,-0.034116,0.983941,201.748474,204.129486,-204.563034,-0.188905,-0.025310,-0.010590,0.981612,241.359344,198.584152,-196.413376,-0.017675,0.494878,0.011206,0.868710,141.058380,327.574921,-146.246613,0.007996,-0.059983,0.015602,0.998045,225.929718,163.303574,-176.563263,-0.144626,0.052485,-0.083920,0.984523,222.189056,182.411392,-197.965042
293,2.930000,-0.175429,-0.000932,-0.034624,0.983883,201.736023,203.996994,-204.626938,-0.191360,-0.026287,-0.011667,0.981099,241.348831,198.446594,-196.435776,-0.018008,0.494753,0.011004,0.868778,141.195618,327.536896,-146.584015,0.007505,-0.060572,0.015638,0.998013,225.930481,163.271912,-176.583862,-0.147957,0.053458,-0.085380,0.983850,222.163483,182.284561,-197.974686
294,2.940000,-0.177031,-0.001056,-0.034771,0.983590,201.722412,203.905136,-204.668823,-0.192761,-0.026627,-0.012229,0.980808,241.320236,198.352127,-196.470779,-0.017710,0.495008,0.011190,0.868636,141.319855,327.612946,-146.834747,0.007342,-0.060643,0.015714,0.998009,225.925720,163.270676,-176.599731,-0.150434,0.053411,-0.086624,0.983368,222.130737,182.206177,-197.977661
295,2.950000,-0.179529,-0.000585,-0.034979,0.983130,201.736588,203.787292,-204.680115,-0.195347,-0.026851,-0.012812,0.980283,241.315491,198.234604,-196.470795,-0.017373,0.495072,0.011551,0.868601,141.479691,327.698029,-147.057190,0.007400,-0.060631,0.015745,0.998009,225.940445,163.275024,-176.581970,-0.151365,0.050443,-0.086013,0.983436,222.136627,182.096680,-197.923309
296,2.960000,-0.179844,0.000062,-0.034513,0.983090,201.780716,203.688354,-204.706543,-0.197295,-0.028209,-0.013904,0.979840,241.359970,198.142883,-196.480347,-0.016960,0.495105,0.011573,0.868591,141.688110,327.771576,-147.333908,0.007408,-0.060901,0.015528,0.997996,225.989792,163.271881,-176.580780,-0.154249,0.049266,-0.084848,0.983149,222.154160,181.988373,-197.890594
297,2.970000,-0.180387,0.000563,-0.035650,0.982949,201.860809,203.612656,-204.734619,-0.197303,-0.028044,-0.013616,0.979847,241.445328,198.054581,-196.469803,-0.016920,0.495112,0.011809,0.868584,141.820114,327.766724,-147.580276,0.007467,-0.061191,0.015450,0.997979,226.038269,163.272507,-176.576950,-0.155690,0.048045,-0.084813,0.982985,222.215012,181.912903,-197.845718
298,2.980000,-0.181122,-0.000499,-0.035162,0.982832,201.965546,203.526199,-204.754333,-0.198601,-0.028459,-0.014121,0.979565,241.525116,197.970215,-196.440872,-0.017059,0.495175,0.011755,0.868546,141.988251,327.752014,-147.891937,0.007495,-0.061431,0.015354,0.997965,226.086395,163.276794,-176.563049,-0.157971,0.048699,-0.086505,0.982441,222.288895,181.830338,-197.814957
299,2.990000,-0.182457,-0.001909,-0.035438,0.982573,202.052292,203.419708,-204.798096,-0.200508,-0.029365,-0.015224,0.979134,241.562347,197.855179,-196.416687,-0.016906,0.495194,0.011666,0.868540,142.149918,327.766876,-148.123184,0.005838,-0.059712,0.015667,0.998076,226.169861,163.332199,-176.587814,-0.159261,0.048900,-0.088123,0.982079,222.328934,181.733109,-197.763443
300,3.000000,-0.184240,-0.002519,-0.037403,0.982166,202.105286,203.349518,-204.828430,-0.201208,-0.029418,-0.015211,0.978989,241.611389,197.777328,-196.439056,-0.016931,0.494973,0.011502,0.868667,142.335022,327.793457,-148.360748,0.005496,-0.060106,0.015675,0.998054,226.208496,163.330429,-176.605453,-0.161475,0.048949,-0.088078,0.981719,222.353607,181.642532,-197.741272
301,3.010000,-0.185985,-0.004263,-0.036909,0.981850,202.153122,203.302795,-204.834686,-0.200168,-0.028797,-0.016609,0.979197,241.598434,197.671951,-196.437500,-0.017197,0.494891,0.010975,0.868716,142.547211,327.767273,-148.651001,0.005716,-0.059797,0.015694,0.998071,226.211609,163.342651,-176.580582,-0.161852,0.045743,-0.087380,0.981874,222.382126,181.573700,-197.691925
302,3.020000,-0.186182,-0.003875,-0.036610,0.981825,202.178406,203.186264,-204.825836,-0.197803,-0.022318,-0.015094,0.979871,241.616226,197.583862,-196.305420,-0.017678,0.495159,0.011353,0.868548,142.662674,327.562805,-148.940781,0.005778,-0.059812,0.015700,0.998069,226.198303,163.351852,-176.532730,-0.160735,0.042587,-0.086164,0.982307,222.407623,181.460510,-197.598740
303,3.030000,-0.186210,-0.004516,-0.035786,0.981848,202.205261,203.080383,-204.882660,-0.197273,-0.016156,-0.014020,0.980115,241.609879,197.462082,-196.295242,-0.018163,0.495091,0.010665,0.868586,142.790451,327.499298,-149.244019,0.005623,-0.059894,0.015660,0.998066,226.198471,163.341187,-176.552734,-0.163639,0.042547,-0.086925,0.981762,222.409683,181.361740,-197.598511
304,3.040000,-0.187493,-0.006437,-0.036843,0.981554,202.193405,202.999023,-204.956940,-0.201297,-0.022782,-0.017030,0.979117,241.587250,197.383972,-196.398453,-0.017995,0.495258,0.011008,0.868490,142.880081,327.565918,-149.431717,0.005529,-0.059906,0.015682,0.998066,226.197403,163.333496,-176.589340,-0.166492,0.041085,-0.087526,0.981291,222.376801,181.312500,-197.617096
305,3.050000,-0.189153,-0.007589,-0.036651,0.981234,202.169754,202.926559,-204.977356,-0.204299,-0.030063,-0.018266,0.978276,241.603149,197.308350,-196.457062,-0.017634,0.495087,0.011260,0.868591,143.009415,327.648834,-149.581329,0.005146,-0.060564,0.015709,0.998028,226.223114,163.322113,-176.620773,-0.168867,0.040980,-0.087633,0.980880,222.346283,181.241333,-197.611755
306,3.060000,-0.189180,-0.006183,-0.037001,0.981226,202.251999,202.866150,-205.020279,-0.204341,-0.029799,-0.017406,0.978291,241.673920,197.222656,-196.446640,-0.017291,0.495143,0.011342,0.868565,143.191925,327.720215,-149.806335,0.005242,-0.061105,0.015560,0.997996,226.238632,163.312653,-176.623856,-0.170079,0.040996,-0.087554,0.980677,222.386261,181.177017,-197.583633
307,3.070000,-0.188993,-0.005373,-0.036874,0.981271,202.311874,202.800217,-205.044464,-0.205620,-0.030110,-0.018173,0.978000,241.714737,197.156357,-196.399612,-0.017188,0.495430,0.011762,0.868398,143.261566,327.720673,-150.007584,0.005536,-0.061446,0.015425,0.997976,226.267395,163.316345,-176.613907,-0.170172,0.039630,-0.087672,0.980706,222.446793,181.118576,-197.532104
308,3.080000,-0.191116,-0.003705,-0.036283,0.980890,202.381134,202.728165,-205.052429,-0.206372,-0.029986,-0.018960,0.977830,241.771927,197.096222,-196.365646,-0.017413,0.495117,0.011484,0.868576,143.349625,327.744507,-150.240219,0.005437,-0.061663,0.015429,0.997963,226.311798,163.312073,-176.596298,-0.171536,0.038373,-0.087657,0.980520,222.520340,181.068390,-197.504700
309,3.090000,-0.192786,-0.002689,-0.036166,0.980570,202.448822,202.646606,-205.078339,-0.207374,-0.030149,-0.019394,0.977605,241.820129,197.030304,-196.341751,-0.017234,0.495210,0.011659,0.868524,143.471573,327.757507,-150.440567,0.005635,-0.061614,0.015755,0.997960,226.367554,163.314499,-176.587921,-0.174018,0.038553,-0.088816,0.979971,222.577957,180.999634,-197.502762
310,3.100000,-0.193827,-0.004414,-0.037037,0.980326,202.499252,202.570160,-205.117203,-0.207869,-0.030840,-0.019795,0.977470,241.889557,196.941772,-196.344482,-0.017085,0.494985,0.011547,0.868657,143.626892,327.778381,-150.648178,0.006042,-0.061766,0.015675,0.997949,226.410919,163.304520,-176.587418,-0.175221,0.038638,-0.089448,0.979696,222.601028,180.920990,-197.476379
311,3.110000,-0.195509,-0.006443,-0.038832,0.979912,202.576080,202.516281,-205.165253,-0.209122,-0.031378,-0.019812,0.977185,241.953659,196.872452,-196.358429,-0.017073,0.494929,0.011583,0.868689,143.787155,327.785492,-150.866943,0.006013,-0.061939,0.015529,0.997941,226.458817,163.304047,-176.597275,-0.177615,0.039031,-0.089806,0.979216,222.634171,180.852966,-197.485153
312,3.120000,-0.196558,-0.006579,-0.039715,0.979665,202.634033,202.451309,-205.190887,-0.210274,-0.032205,-0.019438,0.976919,242.015244,196.791428,-196.377457,-0.017062,0.495125,0.011717,0.868575,143.890289,327.777466,-151.083908,0.005946,-0.062043,0.015407,0.997937,226.496277,163.300522,-176.604172,-0.177756,0.036016,-0.090353,0.979256,222.703552,180.786514,-197.446060
313,3.130000,-0.196533,-0.005597,-0.039062,0.979703,202.670532,202.379593,-205.212494,-0.210620,-0.031107,-0.020017,0.976868,242.052689,196.713562,-196.363983,-0.017114,0.495253,0.011807,0.868500,144.005325,327.779816,-151.306427,0.005835,-0.062307,0.015357,0.997922,226.527847,163.291595,-176.609482,-0.178251,0.033363,-0.089157,0.979369,222.724457,180.708313,-197.417191
314,3.140000,-0.194621,-0.005079,-0.038470,0.980111,202.696991,202.308258,-205.256760,-0.210934,-0.030500,-0.020378,0.976812,242.066772,196.648438,-196.372086,-0.017000,0.495194,0.011869,0.868535,144.118744,327.806274,-151.503647,0.005773,-0.062355,0.015305,0.997920,226.543610,163.292862,-176.620285,-0.179004,0.031968,-0.088149,0.979370,222.747650,180.656570,-197.406876
315,3.150000,-0.195462,-0.005945,-0.039232,0.979908,202.727722,202.239502,-205.299454,-0.211419,-0.030749,-0.021058,0.976685,242.076660,196.591736,-196.385071,-0.017176,0.495198,0.011481,0.868534,144.273178,327.848175,-151.713501,0.005706,-0.062356,0.015285,0.997921,226.547165,163.295303,-176.638016,-0.180894,0.032534,-0.089241,0.978905,222.752579,180.588455,-197.418671
316,3.160000,-0.196152,-0.006301,-0.039480,0.979758,202.733826,202.175522,-205.326111,-0.212953,-0.031768,-0.022016,0.976298,242.075882,196.516052,-196.372940,-0.017127,0.495365,0.011803,0.868436,144.414093,327.825012,-151.945099,0.005691,-0.062499,0.015335,0.997911,226.539963,163.296570,-176.643143,-0.181337,0.033376,-0.090293,0.978698,222.750671,180.527863,-197.414627
317,3.170000,-0.196143,-0.007170,-0.039355,0.979759,202.743912,202.082642,-205.350342,-0.212154,-0.026709,-0.021290,0.976639,242.067123,196.453491,-196.275620,-0.017566,0.495329,0.011457,0.868452,144.556229,327.721588,-152.223129,0.005550,-0.062778,0.015556,0.997891,226.520966,163.294785,-176.630951,-0.180962,0.033967,-0.091128,0.978670,222.752625,180.433380,-197.384384
318,3.180000,-0.197575,-0.007274,-0.039800,0.979453,202.744049,201.984329,-205.399277,-0.214051,-0.029336,-0.021796,0.976139,242.074127,196.355606,-196.344345,-0.017896,0.495752,0.011709,0.868201,144.663483,327.607208,-152.514175,0.005825,-0.063115,0.015356,0.997871,226.509491,163.288330,-176.654709,-0.181158,0.032407,-0.090737,0.978723,222.745636,180.347916,-197.376816
319,3.190000,-0.198465,-0.007716,-0.040026,0.979260,202.774033,201.923462,-205.490952,-0.216442,-0.033248,-0.023261,0.975452,242.091141,196.269669,-196.417313,-0.018234,0.495304,0.011152,0.868457,144.791565,327.623413,-152.784821,0.005704,-0.063331,0.015402,0.997857,226.517105,163.276505,-176.708176,-0.183501,0.028338,-0.089346,0.978541,222.746307,180.294266,-197.410828
320,3.200000,-0.200264,-0.006585,-0.040484,0.978883,202.794861,201.852936,-205.554993,-0.217417,-0.034541,-0.023362,0.975188,242.082993,196.190308,-196.479614,-0.017670,0.495523,0.011771,0.868335,144.927292,327.675720,-152.985840,0.005615,-0.063534,0.015390,0.997845,226.522934,163.269211,-176.745010,-0.187100,0.027104,-0.089519,0.977878,222.743011,180.219498,-197.448303
321,3.210000,-0.202597,-0.005223,-0.039246,0.978462,202.802811,201.765732,-205.623291,-0.217624,-0.034523,-0.022630,0.975159,242.116608,196.103485,-196.503418,-0.017603,0.495119,0.011371,0.868572,145.091629,327.744751,-153.213791,0.005500,-0.063836,0.015337,0.997827,226.538467,163.260254,-176.770386,-0.189802,0.028420,-0.090490,0.977230,222.742508,180.142700,-197.476730
322,3.220000,-0.203242,-0.004168,-0.039068,0.978340,202.837097,201.682617,-205.677811,-0.218444,-0.034762,-0.022883,0.974962,242.155609,196.022751,-196.511261,-0.017265,0.495491,0.011897,0.868360,145.231720,327.793396,-153.465424,0.005961,-0.064146,0.015312,0.997805,226.556015,163.250015,-176.800598,-0.189666,0.028074,-0.090905,0.977228,222.776459,180.068665,-197.460602
323,3.230000,-0.203673,-0.003916,-0.038781,0.978263,202.892624,201.598907,-205.739044,-0.220186,-0.036102,-0.023775,0.974500,242.188156,195.941467,-196.527130,-0.017283,0.495262,0.011759,0.868492,145.341751,327.804565,-153.712143,0.005930,-0.064198,0.015162,0.997804,226.582352,163.237198,-176.825775,-0.190111,0.027495,-0.089686,0.977271,222.808716,179.989410,-197.446991
324,3.240000,-0.204884,-0.004034,-0.039120,0.977996,202.932846,201.526917,-205.799362,-0.221889,-0.036261,-0.025034,0.974076,242.228165,195.861084,-196.561218,-0.017000,0.495467,0.012142,0.868375,145.468246,327.832703,-153.949905,0.005926,-0.064314,0.015098,0.997798,226.608093,163.228378,-176.850128,-0.192248,0.028572,-0.090648,0.976733,222.847153,179.915436,-197.468750
325,3.250000,-0.207381,-0.005523,-0.040989,0.977386,202.965530,201.443451,-205.854370,-0.222595,-0.035700,-0.024876,0.973939,242.253448,195.792938,-196.593124,-0.016858,0.496660,0.012986,0.867684,145.629456,327.903809,-154.219772,0.005878,-0.064570,0.015064,0.997782,226.632019,163.219025,-176.880661,-0.193624,0.029450,-0.091931,0.976315,222.862915,179.842529,-197.481888
326,3.260000,-0.209123,-0.009580,-0.042644,0.976912,203.008423,201.371002,-205.939911,-0.223319,-0.036169,-0.025148,0.973749,242.278351,195.719025,-196.619980,-0.016510,0.497118,0.013424,0.867422,145.784592,327.951050,-154.471497,0.005835,-0.064684,0.015012,0.997776,226.652176,163.212524,-176.913177,-0.195621,0.029687,-0.092077,0.975896,222.873795,179.765717,-197.507996
327,3.270000,-0.209184,-0.011282,-0.042649,0.976881,203.064301,201.302597,-206.001007,-0.220561,-0.043064,-0.025800,0.974081,242.296829,195.583023,-196.574158,-0.016428,0.496997,0.013280,0.867495,145.913177,327.983612,-154.702637,0.005554,-0.064920,0.014979,0.997763,226.672821,163.203094,-176.955383,-0.196733,0.029143,-0.091992,0.975697,222.891388,179.708511,-197.527054
328,3.280000,-0.208736,-0.010391,-0.042311,0.977001,203.100540,201.238510,-206.060013,-0.222312,-0.049553,-0.027136,0.973337,242.329437,195.491135,-196.625809,-0.016406,0.497055,0.013496,0.867459,146.036331,328.008667,-154.925415,0.007366,-0.067106,0.015272,0.997602,226.641815,163.174255,-176.942368,-0.196502,0.027102,-0.092767,0.975729,222.932922,179.655563,-197.540634
329,3.290000,-0.208556,-0.009271,-0.042647,0.977036,203.135788,201.186905,-206.104279,-0.223273,-0.049884,-0.028102,0.973073,242.365097,195.422913,-196.643707,-0.016612,0.496932,0.013239,0.867530,146.185287,328.042572,-155.152634,0.007314,-0.066958,0.015208,0.997613,226.657623,163.173874,-176.966583,-0.198563,0.026315,-0.092415,0.975366,222.951477,179.568039,-197.566757
330,3.300000,-0.209321,-0.009575,-0.043456,0.976834,203.161133,201.112183,-206.151016,-0.223933,-0.049103,-0.028192,0.972959,242.378036,195.360138,-196.657562,-0.016339,0.496985,0.013431,0.867502,146.318237,328.073181,-155.355774,0.007189,-0.066811,0.015203,0.997624,226.670151,163.172348,-176.985229,-0.198422,0.026054,-0.092072,0.975435,222.964203,179.497238,-197.566025
331,3.310000,-0.210361,-0.011506,-0.043562,0.976585,203.193924,201.037857,-206.194794,-0.224402,-0.048428,-0.028371,0.972879,242.395096,195.298859,-196.667938,-0.016145,0.497173,0.013568,0.867395,146.449585,328.103119,-155.529739,0.007184,-0.066719,0.015304,0.997629,226.694595,163.174744,-177.001968,-0.228356,0.019315,-0.091316,0.969093,222.960938,179.579315,-197.314117
332,3.320000,-0.211780,-0.011123,-0.044880,0.976223,203.222931,200.972244,-206.240112,-0.225423,-0.048780,-0.028557,0.972620,242.425140,195.245529,-196.676804,-0.016261,0.496829,0.013206,0.867595,146.582932,328.129913,-155.701462,0.007103,-0.066662,0.015241,0.997634,226.715881,163.173187,-177.020370,-0.255484,-0.010140,-0.086969,0.962840,222.858307,179.580154,-197.128647
333,3.330000,-0.212294,-0.009896,-0.045361,0.976102,203.268677,200.924866,-206.281937,-0.226121,-0.048843,-0.029059,0.972440,242.449905,195.184601,-196.686630,-0.016026,0.496926,0.013389,0.867541,146.694977,328.154236,-155.851929,0.007043,-0.066688,0.015211,0.997633,226.736267,163.171646,-177.040070,-0.272474,-0.029086,-0.079809,0.958406,222.844070,179.591919,-197.027603
334,3.340000,-0.212617,-0.011268,-0.044262,0.976068,203.337112,200.882462,-206.307800,-0.227032,-0.050039,-0.029681,0.972148,242.487595,195.130127,-196.698578,-0.015811,0.497127,0.013537,0.867428,146.782074,328.174255,-155.989532,0.006998,-0.066738,0.015177,0.997631,226.756760,163.167725,-177.050842,-0.281802,-0.039012,-0.075061,0.955736,222.849670,179.582428,-196.975235
335,3.350000,-0.213560,-0.012272,-0.044047,0.975859,203.368134,200.841843,-206.325882,-0.228066,-0.051776,-0.030369,0.971794,242.513870,195.088058,-196.698303,-0.015914,0.497030,0.013242,0.867486,146.865631,328.192352,-156.123306,0.007005,-0.066909,0.015169,0.997619,226.774078,163.165726,-177.050308,-0.283724,-0.045170,-0.073436,0.955022,222.878494,179.534164,-196.920792
336,3.360000,-0.214075,-0.012273,-0.044164,0.975741,203.388260,200.809433,-206.327698,-0.227679,-0.051065,-0.029143,0.971960,242.561417,195.037277,-196.683533,-0.015805,0.496933,0.013432,0.867541,146.931885,328.201263,-156.236206,0.006805,-0.066933,0.015194,0.997619,226.790604,163.172455,-177.044037,-0.281423,-0.045693,-0.072652,0.955738,222.909286,179.476288,-196.923248
337,3.370000,-0.214661,-0.012767,-0.044501,0.975591,203.411697,200.781036,-206.325729,-0.227498,-0.049910,-0.028650,0.972076,242.567535,195.000214,-196.647797,-0.015754,0.496941,0.013553,0.867535,146.973145,328.205658,-156.327866,0.007005,-0.067057,0.015316,0.997607,226.786102,163.174789,-177.015625,-0.277382,-0.043369,-0.072839,0.957012,222.940765,179.398438,-196.951721
338,3.380000,-0.216049,-0.012481,-0.044616,0.975283,203.405716,200.724701,-206.308990,-0.227761,-0.049998,-0.028996,0.972000,242.580383,194.967957,-196.598465,-0.014415,0.497943,0.015744,0.866947,146.966217,328.164886,-156.340897,0.007153,-0.067266,0.015395,0.997591,226.780212,163.177399,-176.987244,-0.267875,-0.035655,-0.075433,0.959834,222.969269,179.330231,-196.990997
339,3.390000,-0.216658,-0.012165,-0.044410,0.975161,203.414886,200.690277,-206.299225,-0.228676,-0.050833,-0.029286,0.971733,242.583435,194.934479,-196.564804,-0.014190,0.498203,0.016187,0.866793,146.993652,328.161652,-156.421341,0.007273,-0.067446,0.015421,0.997577,226.773773,163.179962,-176.962769,-0.257081,-0.026400,-0.078984,0.962795,222.997452,179.261887,-197.042480
340,3.400000,-0.217232,-0.012702,-0.044303,0.975032,203.425644,200.653244,-206.300659,-0.229277,-0.052141,-0.029528,0.971515,242.585220,194.896652,-196.539078,-0.015537,0.497126,0.013915,0.867428,147.075699,328.211853,-156.610367,0.007358,-0.067549,0.015426,0.997570,226.768814,163.183624,-176.946320,-0.246043,-0.016855,-0.082056,0.965632,223.026901,179.196762,-197.103287
341,3.410000,-0.218911,-0.013671,-0.045188,0.974602,203.425186,200.608551,-206.297684,-0.229904,-0.052874,-0.029976,0.971313,242.587265,194.856354,-196.514908,-0.015985,0.496795,0.013419,0.867617,147.126068,328.219635,-156.733246,0.007466,-0.067662,0.015514,0.997560,226.766342,163.184113,-176.937668,-0.236146,-0.005742,-0.085181,0.967960,223.047394,179.125900,-197.179718
342,3.420000,-0.219319,-0.013384,-0.045201,0.974514,203.437057,200.566238,-206.308594,-0.230081,-0.052816,-0.030122,0.971270,242.597351,194.821625,-196.496643,-0.015751,0.497001,0.013804,0.867497,147.176590,328.210846,-156.828186,0.007467,-0.067797,0.015512,0.997551,226.770859,163.186447,-176.937393,-0.225999,0.004474,-0.088261,0.970110,223.079803,179.071335,-197.248047
343,3.430000,-0.219542,-0.012831,-0.045565,0.974454,203.457687,200.541046,-206.326126,-0.230790,-0.053113,-0.030401,0.971077,242.604340,194.787704,-196.487656,-0.014567,0.497929,0.015606,0.866955,147.203827,328.157562,-156.856125,0.007459,-0.067771,0.015574,0.997552,226.775055,163.186539,-176.942230,-0.216809,0.012818,-0.090652,0.971911,223.112213,179.026138,-197.315994
344,3.440000,-0.219517,-0.012920,-0.045762,0.974449,203.473633,200.517075,-206.340988,-0.231217,-0.053669,-0.030599,0.970939,242.609985,194.760559,-196.486526,-0.014340,0.498250,0.016105,0.866765,147.264709,328.133240,-156.948120,0.006893,-0.067848,0.015745,0.997548,226.793381,163.194336,-176.935104,-0.208411,0.018638,-0.092215,0.973506,223.134720,178.966309,-197.353653
345,3.450000,-0.220113,-0.013537,-0.045783,0.974306,203.493317,200.482574,-206.355560,-0.231443,-0.053347,-0.030727,0.970899,242.621140,194.729279,-196.477722,-0.014966,0.497789,0.015046,0.867039,147.351028,328.139130,-157.088684,0.007326,-0.067982,0.015513,0.997539,226.788666,163.192429,-176.950546,-0.201740,0.023560,-0.093426,0.974688,223.163681,178.925797,-197.397583
346,3.460000,-0.219079,-0.014806,-0.044771,0.974567,203.525192,200.450272,-206.370728,-0.231753,-0.052625,-0.030777,0.970863,242.636703,194.691605,-196.460709,-0.016095,0.497037,0.013342,0.867477,147.448212,328.170563,-157.270508,0.006851,-0.067981,0.015720,0.997539,226.803741,163.199097,-176.941177,-0.195900,0.027760,-0.094637,0.975652,223.181107,178.875946,-197.416702
347,3.470000,-0.218757,-0.014693,-0.044565,0.974650,203.571304,200.418304,-206.386887,-0.231610,-0.052309,-0.030616,0.970919,242.660034,194.654068,-196.444901,-0.015122,0.497834,0.014949,0.867012,147.489960,328.161407,-157.351196,0.006887,-0.068114,0.015739,0.997530,226.804504,163.205048,-176.932938,-0.227690,0.019925,-0.094846,0.968899,223.167267,178.989532,-197.078827
348,3.480000,-0.218642,-0.015057,-0.044461,0.974675,203.579330,200.368256,-206.386932,-0.232155,-0.052841,-0.030913,0.970751,242.678864,194.614075,-196.416199,-0.014298,0.498469,0.016122,0.866640,147.551178,328.152679,-157.462769,0.006880,-0.068186,0.015747,0.997525,226.807175,163.209320,-176.916550,-0.244264,0.001886,-0.084311,0.966035,223.185013,178.969818,-196.984604
349,3.490000,-0.219312,-0.014464,-0.045547,0.974484,203.604553,200.307816,-206.387421,-0.233713,-0.054442,-0.031389,0.970273,242.699570,194.556412,-196.386642,-0.014470,0.498068,0.015734,0.866875,147.640839,328.164948,-157.616440,0.006963,-0.068252,0.015760,0.997519,226.817062,163.213654,-176.901062,-0.246829,-0.004164,-0.079727,0.965765,223.206055,178.930603,-196.947433
350,3.500000,-0.220250,-0.014849,-0.046396,0.974226,203.648605,200.261124,-206.397598,-0.234550,-0.055875,-0.032142,0.969964,242.729309,194.515503,-196.351044,-0.014887,0.497830,0.015084,0.867015,147.774994,328.189392,-157.815643,0.007074,-0.068426,0.015598,0.997509,226.834839,163.212616,-176.885330,-0.247929,-0.005230,-0.078794,0.965554,223.231583,178.889389,-196.913879
351,3.510000,-0.222020,-0.015736,-0.047729,0.973746,203.685532,200.198334,-206.405518,-0.234655,-0.055845,-0.032543,0.969927,242.777832,194.475891,-196.313354,-0.014471,0.498196,0.015921,0.866797,147.857941,328.175995,-157.969788,0.007238,-0.068549,0.015542,0.997500,226.853958,163.213943,-176.865585,-0.249200,-0.005138,-0.079758,0.965148,223.276917,178.832382,-196.885025
352,3.520000,-0.222686,-0.017360,-0.048220,0.973542,203.756958,200.159042,-206.440460,-0.234976,-0.055626,-0.032890,0.969851,242.807648,194.430023,-196.286102,-0.014385,0.498090,0.015740,0.866863,147.965546,328.191559,-158.168350,0.007250,-0.068690,0.015589,0.997490,226.869766,163.211502,-176.858887,-0.245084,-0.007306,-0.085462,0.965700,223.233215,178.710373,-196.877411
353,3.530000,-0.224002,-0.017669,-0.049057,0.973193,203.792252,200.095200,-206.452377,-0.235678,-0.055569,-0.033125,0.969676,242.828171,194.381226,-196.261627,-0.014716,0.497694,0.015110,0.867096,148.077179,328.228180,-158.382599,0.007292,-0.068917,0.015581,0.997474,226.882675,163.209763,-176.860611,-0.242324,-0.005981,-0.088181,0.966161,223.262741,178.642761,-196.886032
354,3.540000,-0.225273,-0.018810,-0.049804,0.972840,203.828720,200.030441,-206.481781,-0.235911,-0.056282,-0.032613,0.969595,242.871964,194.326187,-196.254898,-0.014033,0.498223,0.016156,0.866785,148.185806,328.232300,-158.545792,0.007353,-0.069097,0.015581,0.997461,226.893555,163.207886,-176.866211,-0.240482,-0.005576,-0.087943,0.966645,223.298477,178.583817,-196.891708
355,3.550000,-0.224895,-0.019449,-0.049446,0.972933,203.853058,199.947800,-206.497406,-0.234287,-0.050956,-0.031017,0.970336,242.901016,194.273270,-196.180527,-0.014098,0.498108,0.016047,0.866852,148.305771,328.265381,-158.761185,0.007366,-0.069261,0.015588,0.997450,226.903961,163.206421,-176.869766,-0.236477,-0.003708,-0.088167,0.967622,223.329224,178.514343,-196.898621
356,3.560000,-0.225616,-0.018875,-0.049850,0.972757,203.894791,199.875671,-206.530670,-0.233106,-0.045200,-0.030061,0.970935,242.918732,194.204437,-196.146088,-0.014656,0.497840,0.015362,0.867009,148.439713,328.315308,-159.005814,0.007370,-0.069458,0.015495,0.997437,226.917160,163.209625,-176.872803,-0.244023,-0.002164,-0.084765,0.966056,223.402161,178.518051,-196.828094
357,3.570000,-0.226759,-0.019774,-0.050353,0.972447,203.947067,199.813919,-206.559708,-0.233700,-0.045036,-0.030184,0.970796,242.946503,194.137421,-196.115326,-0.014080,0.498310,0.016365,0.866730,148.536438,328.331299,-159.197647,0.007417,-0.069677,0.015490,0.997422,226.925949,163.211716,-176.869049,-0.248058,-0.005318,-0.081889,0.965263,223.425491,178.446289,-196.763214
358,3.580000,-0.226554,-0.020182,-0.049562,0.972528,204.009766,199.753616,-206.586853,-0.234951,-0.046369,-0.030732,0.970414,242.991867,194.067551,-196.096375,-0.014500,0.497970,0.015769,0.866930,148.660141,328.372681,-159.420593,0.007918,-0.069838,0.015601,0.997405,226.945679,163.218567,-176.870407,-0.248674,-0.007188,-0.081324,0.965140,223.453171,178.394989,-196.734314
359,3.590000,-0.227804,-0.020449,-0.050099,0.972202,204.044922,199.677948,-206.597290,-0.237752,-0.051881,-0.032375,0.969399,243.032227,193.992020,-196.140137,-0.013996,0.497898,0.016207,0.866971,148.764938,328.381378,-159.577301,0.007976,-0.069940,0.015560,0.997398,226.966888,163.220551,-176.868500,-0.251486,-0.005013,-0.082483,0.964327,223.477966,178.327072,-196.746887
360,3.600000,-0.229066,-0.021117,-0.051033,0.971843,204.106094,199.619568,-206.610489,-0.239859,-0.058117,-0.033539,0.968486,243.101364,193.930542,-196.134323,-0.013693,0.498205,0.016522,0.866794,148.886337,328.403748,-159.766464,0.007956,-0.070036,0.015512,0.997392,226.992859,163.221588,-176.866638,-0.252204,-0.002681,-0.084252,0.963996,223.536987,178.281631,-196.717911
361,3.610000,-0.229433,-0.020376,-0.051847,0.971729,204.179031,199.567062,-206.625610,-0.240741,-0.058858,-0.033933,0.968209,243.144653,193.874466,-196.105606,-0.013700,0.498370,0.016690,0.866696,149.001266,328.428345,-159.944656,0.007966,-0.070120,0.015491,0.997387,227.018219,163.224792,-176.859619,-0.251855,-0.003824,-0.085018,0.964016,223.606766,178.238785,-196.675446
362,3.620000,-0.229587,-0.019755,-0.052305,0.971681,204.232300,199.499207,-206.620377,-0.240767,-0.059199,-0.035045,0.968142,243.194458,193.823975,-196.068756,-0.014330,0.497662,0.015351,0.867117,149.126678,328.469055,-160.139114,0.007967,-0.070130,0.015371,0.997388,227.042404,163.230042,-176.850189,-0.252719,-0.004967,-0.084149,0.963861,223.644287,178.178635,-196.632904
363,3.630000,-0.229385,-0.021036,-0.052718,0.971679,204.284958,199.449112,-206.620682,-0.241156,-0.059134,-0.035583,0.968029,243.230270,193.775436,-196.042694,-0.013568,0.498245,0.016485,0.866773,149.203125,328.472778,-160.259933,0.008040,-0.070168,0.015322,0.997385,227.060760,163.233475,-176.842773,-0.253386,-0.008528,-0.082992,0.963761,223.685623,178.111725,-196.582932
364,3.640000,-0.229726,-0.022438,-0.053217,0.971540,204.326035,199.401382,-206.635468,-0.242250,-0.059668,-0.036031,0.967707,243.246536,193.723480,-196.019669,-0.013435,0.498432,0.016601,0.866666,149.300430,328.486267,-160.399902,0.008017,-0.070173,0.015310,0.997385,227.075867,163.234619,-176.839569,-0.253946,-0.011443,-0.081603,0.963702,223.711075,178.072937,-196.559097
365,3.650000,-0.230340,-0.023266,-0.053453,0.971363,204.357025,199.360291,-206.646378,-0.243431,-0.061780,-0.035374,0.967302,243.308258,193.662918,-196.003937,-0.013538,0.498346,0.016522,0.866715,149.376709,328.498932,-160.521011,0.007978,-0.070106,0.015294,0.997390,227.087006,163.235748,-176.840866,-0.252494,-0.012213,-0.081970,0.964043,223.721603,178.023026,-196.558319
366,3.660000,-0.231652,-0.023679,-0.053775,0.971023,204.383469,199.316513,-206.659714,-0.244479,-0.062825,-0.035688,0.966959,243.320908,193.619461,-196.001022,-0.014968,0.497131,0.014162,0.867431,149.495728,328.552765,-160.723770,0.007799,-0.069811,0.015365,0.997411,227.099579,163.242767,-176.845596,-0.251123,-0.010892,-0.082452,0.964376,223.740601,177.986771,-196.551895
367,3.670000,-0.232976,-0.023943,-0.054590,0.970654,204.402100,199.273285,-206.654938,-0.244916,-0.062892,-0.036037,0.966831,243.342010,193.578293,-195.976608,-0.014290,0.497698,0.015101,0.867101,149.532852,328.554138,-160.808823,0.007859,-0.069898,0.015404,0.997404,227.107864,163.243958,-176.839874,-0.250916,-0.009953,-0.082904,0.964401,223.755356,177.957581,-196.529602
368,3.680000,-0.233095,-0.024330,-0.053154,0.970695,204.433105,199.244186,-206.659805,-0.245005,-0.062109,-0.036047,0.966859,243.368912,193.526932,-195.951279,-0.013438,0.498305,0.016388,0.866743,149.558350,328.516541,-160.843399,0.007918,-0.069930,0.015411,0.997401,227.114304,163.245392,-176.832947,-0.250920,-0.009761,-0.083235,0.964373,223.765320,177.929779,-196.509842
369,3.690000,-0.232996,-0.023846,-0.052811,0.970750,204.445023,199.221024,-206.656235,-0.245060,-0.061389,-0.035994,0.966893,243.371231,193.495575,-195.924240,-0.013346,0.498456,0.016457,0.866656,149.613525,328.517609,-160.897263,0.007981,-0.069976,0.015458,0.997397,227.111191,163.247391,-176.823700,-0.252176,-0.008661,-0.083886,0.964000,223.769135,177.901215,-196.501648
370,3.700000,-0.233107,-0.023565,-0.053272,0.970705,204.457352,199.205276,-206.647003,-0.245214,-0.061686,-0.036376,0.966820,243.371063,193.466827,-195.895950,-0.013370,0.498369,0.016328,0.866708,149.645416,328.519928,-160.939560,0.008028,-0.070026,0.015500,0.997392,227.101898,163.249146,-176.808899,-0.253710,-0.006436,-0.085241,0.963496,223.750778,177.845322,-196.454010
371,3.710000,-0.234038,-0.023036,-0.054066,0.970450,204.434845,199.176453,-206.617371,-0.245583,-0.062276,-0.036692,0.966677,243.359589,193.442169,-195.865402,-0.013386,0.498323,0.016265,0.866736,149.662476,328.518616,-160.967911,0.008109,-0.070008,0.015569,0.997392,227.088272,163.252487,-176.791367,-0.253788,-0.005456,-0.086058,0.963409,223.732971,177.821335,-196.415283
372,3.720000,-0.234606,-0.022894,-0.053752,0.970333,204.408997,199.160263,-206.595810,-0.246068,-0.062937,-0.037646,0.966474,243.334045,193.428467,-195.833145,-0.013463,0.498259,0.016161,0.866773,149.666336,328.509674,-160.979874,0.008435,-0.070207,0.015567,0.997375,227.072968,163.249680,-176.768234,-0.253767,-0.005159,-0.086297,0.963394,223.719894,177.811752,-196.387787
373,3.730000,-0.234572,-0.023135,-0.053578,0.970345,204.393311,199.158279,-206.573837,-0.246405,-0.063475,-0.037818,0.966346,243.313339,193.415649,-195.805222,-0.013512,0.498246,0.016145,0.866780,149.653717,328.501007,-160.967529,0.008501,-0.070185,0.015613,0.997376,227.056686,163.253006,-176.750092,-0.253838,-0.004974,-0.086334,0.963373,223.702774,177.807846,-196.355118
374,3.740000,-0.234046,-0.023410,-0.053911,0.970447,204.374527,199.155823,-206.536514,-0.246429,-0.063080,-0.037483,0.966379,243.286072,193.403000,-195.757996,-0.013570,0.498183,0.016029,0.866818,149.640930,328.498199,-160.936996,0.008578,-0.070138,0.015687,0.997377,227.039978,163.257980,-176.722855,-0.253918,-0.004909,-0.086346,0.963351,223.683624,177.808762,-196.320236
375,3.750000,-0.233895,-0.023770,-0.053969,0.970472,204.355148,199.164703,-206.491882,-0.246313,-0.062589,-0.037376,0.966445,243.263855,193.406250,-195.709122,-0.013592,0.498243,0.016069,0.866782,149.621979,328.492981,-160.877823,0.008404,-0.069988,0.015919,0.997385,227.015076,163.271927,-176.683914,-0.253166,-0.007340,-0.085573,0.963603,223.667633,177.836044,-196.237869
376,3.760000,-0.233855,-0.024184,-0.053813,0.970480,204.321030,199.174530,-206.444397,-0.245957,-0.062630,-0.036772,0.966556,243.228134,193.420441,-195.658752,-0.013657,0.498093,0.015971,0.866869,149.582901,328.492126,-160.794067,0.007843,-0.069889,0.015927,0.997397,226.985031,163.277039,-176.635925,-0.253770,-0.010022,-0.083070,0.963639,223.622269,177.840378,-196.181549
377,3.770000,-0.234026,-0.025002,-0.054399,0.970385,204.292618,199.202499,-206.406387,-0.245028,-0.061506,-0.036667,0.966868,243.181549,193.445480,-195.611145,-0.013842,0.497928,0.015700,0.866966,149.540894,328.477844,-160.674515,0.008001,-0.069827,0.016009,0.997399,226.954254,163.281754,-176.607391,-0.254094,-0.010885,-0.082328,0.963608,223.590561,177.857819,-196.150696
378,3.780000,-0.233766,-0.025257,-0.054434,0.970439,204.256073,199.234741,-206.385757,-0.243920,-0.059476,-0.036102,0.967296,243.135315,193.465775,-195.596756,-0.014040,0.497671,0.015354,0.867117,149.478088,328.446075,-160.553421,0.007978,-0.069749,0.016027,0.997404,226.923615,163.285889,-176.594376,-0.253979,-0.010889,-0.082284,0.963642,223.553574,177.884460,-196.146942
379,3.790000,-0.233669,-0.024523,-0.053785,0.970518,204.211380,199.283356,-206.382736,-0.244010,-0.059393,-0.036409,0.967267,243.095306,193.496994,-195.609406,-0.013978,0.497888,0.015382,0.866992,149.402435,328.404877,-160.407410,0.008192,-0.069597,0.016214,0.997410,226.903259,163.280365,-176.614334,-0.254556,-0.010294,-0.082095,0.963512,223.517517,177.938400,-196.172760
380,3.800000,-0.233680,-0.023622,-0.055056,0.970466,204.150620,199.368881,-206.384445,-0.243683,-0.060315,-0.036491,0.967290,243.061630,193.536453,-195.642151,-0.014275,0.498117,0.015055,0.866862,149.310242,328.362335,-160.195663,0.008379,-0.069323,0.016365,0.997425,226.885681,163.273956,-176.645935,-0.254468,-0.009392,-0.082167,0.963539,223.479599,178.015610,-196.249313
381,3.810000,-0.232330,-0.023023,-0.053675,0.970882,204.052307,199.450089,-206.355972,-0.242923,-0.060230,-0.037200,0.967459,242.994888,193.583969,-195.677383,-0.014936,0.497471,0.013858,0.867241,149.209442,328.324219,-159.959778,0.009067,-0.069062,0.016557,0.997434,226.867920,163.276291,-176.674545,-0.254408,-0.007310,-0.082498,0.963544,223.406723,178.087402,-196.304733
382,3.820000,-0.230449,-0.022631,-0.053182,0.971367,203.979965,199.550629,-206.313934,-0.241866,-0.059983,-0.037173,0.967740,242.943329,193.662247,-195.670029,-0.015010,0.497350,0.013686,0.867312,149.051743,328.236206,-159.594009,0.009206,-0.068735,0.016782,0.997451,226.830566,163.279694,-176.673889,-0.252213,-0.004533,-0.084847,0.963934,223.341507,178.165329,-196.314880
383,3.830000,-0.228758,-0.021768,-0.052320,0.971833,203.875870,199.667267,-206.246063,-0.240981,-0.060423,-0.036998,0.967940,242.834244,193.779144,-195.633545,-0.015027,0.497363,0.013784,0.867303,148.834335,328.169556,-159.167038,0.008549,-0.068460,0.016959,0.997473,226.755722,163.294174,-176.643997,-0.249307,-0.006131,-0.084332,0.964726,223.285278,178.307053,-196.318619
384,3.840000,-0.226732,-0.021879,-0.050721,0.972389,203.753159,199.842575,-206.127655,-0.238523,-0.059147,-0.036715,0.968638,242.722733,193.901703,-195.564133,-0.015352,0.497472,0.013451,0.867240,148.576050,328.104218,-158.639542,0.009150,-0.068288,0.016846,0.997482,226.658859,163.301743,-176.603607,-0.251604,-0.007564,-0.082593,0.964270,223.182999,178.458603,-196.271591
385,3.850000,-0.224518,-0.023076,-0.050825,0.972870,203.616669,200.029800,-205.992874,-0.235800,-0.058910,-0.035734,0.969356,242.608444,194.047867,-195.463593,-0.015662,0.497483,0.013380,0.867229,148.262939,327.996613,-158.048080,0.009711,-0.067712,0.017143,0.997510,226.559555,163.324966,-176.541687,-0.248207,-0.009398,-0.081879,0.965195,223.061676,178.635452,-196.198181
386,3.860000,-0.221476,-0.022435,-0.050598,0.973594,203.469910,200.258804,-205.818542,-0.233337,-0.057771,-0.035667,0.970023,242.464966,194.221008,-195.340790,-0.016125,0.497497,0.013127,0.867216,147.874802,327.872620,-157.344376,0.009137,-0.066589,0.016944,0.997595,226.473602,163.340500,-176.469513,-0.241391,-0.009317,-0.086403,0.966529,222.858231,178.769821,-196.202850
387,3.870000,-0.219217,-0.020170,-0.047191,0.974325,203.299774,200.486176,-205.637772,-0.232285,-0.056854,-0.035566,0.970333,242.312607,194.442047,-195.170242,-0.017020,0.496977,0.012326,0.867509,147.419998,327.718750,-156.561432,0.010565,-0.067436,0.017642,0.997512,226.382629,163.361511,-176.360382,-0.242329,-0.005552,-0.085124,0.966437,222.824417,179.066681,-196.092529
388,3.880000,-0.214717,-0.018860,-0.045906,0.975415,203.152069,200.755707,-205.434158,-0.229944,-0.058099,-0.036044,0.970799,242.213333,194.662872,-195.038162,-0.017640,0.496776,0.011803,0.867619,146.899033,327.518707,-155.680969,0.010822,-0.067192,0.017993,0.997519,226.278214,163.384171,-176.284073,-0.237118,-0.007924,-0.087235,0.967524,222.655746,179.285629,-196.017029
389,3.890000,-0.212135,-0.018619,-0.044163,0.976064,203.028870,201.067673,-205.263412,-0.223850,-0.052961,-0.033771,0.972598,242.111542,194.917114,-194.846252,-0.019099,0.496351,0.010390,0.867850,146.325317,327.308746,-154.746140,0.011789,-0.067015,0.018134,0.997518,226.172104,163.403839,-176.211929,-0.233134,-0.007645,-0.089014,0.968332,222.578979,179.588608,-196.015457
390,3.900000,-0.207352,-0.015057,-0.041855,0.977255,202.902252,201.436417,-205.093109,-0.220488,-0.053785,-0.033999,0.973312,242.011993,195.212021,-194.739853,-0.019794,0.495096,0.009668,0.868559,145.611252,327.018127,-153.636154,0.012605,-0.066723,0.018662,0.997517,226.087082,163.423019,-176.157562,-0.228622,-0.004092,-0.090160,0.969323,222.496262,179.945953,-196.035873
391,3.910000,-0.201858,-0.015369,-0.043738,0.978317,202.692139,201.800064,-204.885696,-0.217598,-0.058041,-0.033866,0.973723,241.877502,195.551910,-194.656769,-0.020666,0.494783,0.008927,0.868725,144.905396,326.768341,-152.539429,0.011447,-0.064624,0.018994,0.997663,225.999664,163.463913,-176.153870,-0.221659,-0.001425,-0.090944,0.970873,222.388016,180.300400,-196.057922
392,3.920000,-0.197804,-0.015378,-0.041668,0.979235,202.485336,202.188950,-204.647186,-0.213912,-0.058607,-0.033252,0.974526,241.700241,195.887177,-194.495544,-0.021292,0.494879,0.008366,0.868661,144.179840,326.535431,-151.336746,0.011242,-0.064290,0.019569,0.997676,225.849167,163.495834,-176.076294,-0.213588,0.000361,-0.089555,0.972810,222.281128,180.649445,-196.050079
393,3.930000,-0.193137,-0.015090,-0.039439,0.980263,202.246307,202.572098,-204.329971,-0.209116,-0.058072,-0.032101,0.975637,241.456970,196.260406,-194.261383,-0.022384,0.494222,0.006737,0.869021,143.420715,326.344116,-150.062973,0.012233,-0.064059,0.019297,0.997685,225.649841,163.511475,-175.915421,-0.198283,0.007824,-0.088873,0.976076,222.077942,181.028809,-196.004181
394,3.940000,-0.187726,-0.014241,-0.036352,0.981445,201.950226,203.008240,-203.969635,-0.202213,-0.056178,-0.030361,0.977257,241.216019,196.623398,-194.032913,-0.022268,0.494514,0.006941,0.868856,142.611465,326.145630,-148.642380,0.012886,-0.063174,0.020072,0.997717,225.448196,163.562973,-175.747116,-0.182756,0.017775,-0.090268,0.978844,221.882217,181.387848,-195.936462
395,3.950000,-0.185065,-0.014935,-0.034862,0.981994,201.638458,203.415787,-203.581345,-0.197386,-0.041921,-0.026836,0.979061,240.977325,197.045319,-193.769028,-0.022581,0.494281,0.006255,0.868986,141.794022,325.985474,-147.198090,0.013982,-0.061546,0.020554,0.997795,225.204605,163.623978,-175.543732,-0.168416,0.030171,-0.090874,0.981054,221.666260,181.757446,-195.882416
396,3.960000,-0.180630,-0.014435,-0.035171,0.982816,201.304321,203.821899,-203.175858,-0.204245,-0.037903,-0.022785,0.977920,240.738480,197.453522,-193.375824,-0.023234,0.493976,0.005013,0.869151,140.986420,325.849915,-145.696426,0.015215,-0.062117,0.021045,0.997731,225.005310,163.658661,-175.348038,-0.151663,0.040580,-0.092976,0.983213,221.465469,182.152451,-195.787003
397,3.970000,-0.174486,-0.013341,-0.035574,0.983926,201.011307,204.270111,-202.764359,-0.203750,-0.047137,-0.024187,0.977588,240.491104,197.830658,-193.056137,-0.023561,0.493770,0.004097,0.869264,140.158371,325.724060,-144.118332,0.016040,-0.060577,0.021225,0.997809,224.775726,163.707596,-175.124283,-0.136039,0.052663,-0.094061,0.984821,221.278946,182.551636,-195.664291
398,3.980000,-0.169927,-0.011512,-0.033987,0.984803,200.780853,204.707535,-202.367508,-0.198944,-0.048059,-0.023057,0.978560,240.266449,198.239426,-192.762207,-0.023875,0.493533,0.003590,0.869392,139.289368,325.586517,-142.473053,0.017871,-0.061603,0.020577,0.997729,224.552551,163.690308,-174.930054,-0.120633,0.063585,-0.095472,0.986048,221.092484,182.985596,-195.553116
399,3.990000,-0.163889,-0.009061,-0.034146,0.985846,200.436966,205.128708,-201.948364,-0.194423,-0.047332,-0.022319,0.979521,240.054169,198.655914,-192.536438,-0.024079,0.493764,0.003202,0.869257,138.370209,325.482269,-140.812744,0.018536,-0.061722,0.021018,0.997700,224.391251,163.723816,-174.798859,-0.108542,0.072512,-0.094586,0.986922,220.909790,183.400574,-195.445190
400,4.000000,-0.159676,-0.007839,-0.033574,0.986567,200.140152,205.599716,-201.591064,-0.186840,-0.040438,-0.020990,0.981333,239.798309,199.087875,-192.280136,-0.024243,0.493790,0.002767,0.869239,137.406784,325.404297,-139.139725,0.019306,-0.060323,0.021488,0.997761,224.249603,163.756073,-174.695526,-0.101021,0.079259,-0.093634,0.987292,220.743698,183.845825,-195.409790
401,4.010000,-0.150664,-0.007119,-0.032404,0.988028,199.892990,206.083496,-201.245575,-0.181647,-0.039513,-0.020251,0.982361,239.593079,199.533920,-192.146317,-0.024049,0.493881,0.002707,0.869193,136.404907,325.340912,-137.408585,0.020157,-0.058318,0.021709,0.997858,224.122589,163.789948,-174.572510,-0.091427,0.081281,-0.090077,0.988393,220.573929,184.269760,-195.300064
402,4.020000,-0.144439,-0.005867,-0.030499,0.989026,199.702423,206.482056,-200.918518,-0.174128,-0.034687,-0.016124,0.983980,239.453262,199.905243,-191.924042,-0.024060,0.494112,0.002886,0.869061,135.309921,325.344269,-135.558258,0.019681,-0.057672,0.021282,0.997915,224.024628,163.810852,-174.482178,-0.084337,0.081818,-0.087143,0.989242,220.465027,184.674194,-195.208084
403,4.030000,-0.139449,-0.004183,-0.027751,0.989832,199.535599,206.823044,-200.661087,-0.172365,-0.036860,-0.015952,0.984214,239.333786,200.272873,-191.816254,-0.023569,0.494375,0.003493,0.868922,134.086746,325.470428,-133.619125,0.019039,-0.059154,0.021462,0.997837,224.025604,163.785416,-174.453491,-0.083736,0.083282,-0.080656,0.989721,220.439499,184.920670,-195.096924
404,4.040000,-0.135446,-0.007232,-0.028139,0.990359,199.452545,207.120667,-200.467621,-0.169521,-0.035599,-0.014819,0.984772,239.250885,200.619766,-191.549805,-0.023045,0.494704,0.004648,0.868743,132.803177,325.666321,-131.577911,0.019269,-0.059258,0.021636,0.997822,223.964661,163.807327,-174.403610,-0.080552,0.079008,-0.084836,0.989986,220.450058,185.141678,-194.956894
405,4.050000,-0.132383,-0.007258,-0.027168,0.990800,199.441696,207.350021,-200.269531,-0.168877,-0.040954,-0.014977,0.984672,239.246262,200.858307,-191.392365,-0.022308,0.495066,0.005552,0.868551,131.537170,325.828033,-129.475861,0.020117,-0.060214,0.021668,0.997747,223.918320,163.822983,-174.320480,-0.080225,0.077951,-0.087963,0.989823,220.485306,185.342636,-194.851700
406,4.060000,-0.130661,-0.006274,-0.026876,0.991043,199.543655,207.513260,-200.180771,-0.166276,-0.045324,-0.016846,0.984893,239.325134,201.025192,-191.285034,-0.022104,0.495112,0.005667,0.868529,130.338867,325.854980,-127.397552,0.020342,-0.060586,0.021420,0.997726,223.932266,163.829483,-174.281647,-0.082049,0.077287,-0.088549,0.989674,220.545975,185.527588,-194.766449
407,4.070000,-0.129383,-0.005830,-0.025754,0.991243,199.716248,207.585098,-200.184937,-0.163252,-0.038796,-0.014613,0.985713,239.460297,201.077911,-191.148605,-0.022284,0.494825,0.005334,0.868691,129.218002,325.751526,-125.349686,0.021359,-0.059232,0.021230,0.997790,224.003784,163.828751,-174.237808,-0.088418,0.074803,-0.083857,0.989725,220.553940,185.771515,-194.804626
408,4.080000,-0.130068,-0.004196,-0.026906,0.991131,199.885818,207.559265,-200.293488,-0.160501,-0.032225,-0.013098,0.986423,239.635452,201.053345,-191.246353,-0.022490,0.494549,0.004746,0.868846,128.027283,325.598114,-123.313042,0.020430,-0.061073,0.021347,0.997696,224.152176,163.813568,-174.356384,-0.098276,0.064670,-0.084627,0.989443,220.708908,185.789062,-194.811600
409,4.090000,-0.132714,-0.003687,-0.026617,0.990790,200.074188,207.463318,-200.524338,-0.164293,-0.038662,-0.016093,0.985522,239.814102,200.956024,-191.526642,-0.022379,0.494630,0.005096,0.868800,126.798393,325.513397,-121.253265,0.019874,-0.059946,0.020927,0.997784,224.327957,163.787094,-174.541763,-0.115160,0.056253,-0.085265,0.988081,220.819839,185.710464,-194.912979
410,4.100000,-0.134618,-0.003805,-0.027916,0.990497,200.232483,207.314255,-200.793533,-0.168075,-0.044335,-0.016864,0.984632,239.997208,200.778000,-191.838669,-0.022186,0.494448,0.004444,0.868912,125.535217,325.539856,-119.179092,0.020439,-0.058534,0.020609,0.997863,224.491608,163.737381,-174.677155,-0.131071,0.046112,-0.081709,0.986923,220.987640,185.529022,-194.943588
411,4.110000,-0.136158,-0.003927,-0.028301,0.990275,200.374985,207.130661,-201.090622,-0.170665,-0.043904,-0.016989,0.984204,240.109695,200.591370,-192.070602,-0.021770,0.494435,0.004828,0.868928,124.306519,325.555298,-117.124619,0.018638,-0.060630,0.019931,0.997787,224.581726,163.696854,-174.912292,-0.144800,0.031459,-0.081589,0.985589,221.020172,185.429474,-195.119339
412,4.120000,-0.136935,-0.006393,-0.027778,0.990170,200.445953,206.957535,-201.307602,-0.170690,-0.038118,-0.016667,0.984446,240.163284,200.406815,-192.156616,-0.021864,0.494511,0.005080,0.868882,123.091095,325.508057,-115.117538,0.018813,-0.061101,0.020274,0.997748,224.589935,163.675293,-175.027527,-0.155077,0.024437,-0.080736,0.984295,221.029434,185.262192,-195.214264
413,4.130000,-0.138467,-0.006708,-0.027499,0.989963,200.481186,206.791931,-201.530060,-0.174512,-0.042984,-0.017924,0.983553,240.195633,200.274994,-192.384293,-0.021832,0.494767,0.005600,0.868733,121.929329,325.388763,-113.185707,0.018974,-0.060270,0.020351,0.997794,224.522552,163.695114,-175.134491,-0.161312,0.017551,-0.079047,0.983576,221.052368,185.139725,-195.314728
414,4.140000,-0.140597,-0.006125,-0.028055,0.989650,200.450378,206.681244,-201.741409,-0.175973,-0.046846,-0.019163,0.983093,240.147980,200.190491,-192.591995,-0.021959,0.494262,0.005105,0.869020,120.772316,325.279419,-111.277016,0.018817,-0.059045,0.020587,0.997866,224.479660,163.686615,-175.285980,-0.166680,0.010284,-0.076904,0.982954,221.018616,185.041275,-195.437805
415,4.150000,-0.140410,-0.006141,-0.029232,0.989643,200.335587,206.589920,-201.890320,-0.175615,-0.046155,-0.018258,0.983207,240.072861,200.130844,-192.736252,-0.021596,0.494992,0.005842,0.868609,119.669807,325.191223,-109.323456,0.018803,-0.059011,0.020944,0.997860,224.401382,163.666504,-175.385025,-0.169217,0.008020,-0.076664,0.982560,220.963913,184.984940,-195.554932
416,4.160000,-0.141352,-0.006692,-0.028634,0.989523,200.198990,206.561218,-201.932281,-0.175998,-0.044567,-0.017753,0.983221,239.916061,200.127121,-192.774246,-0.022499,0.494465,0.005445,0.868889,118.580772,325.156128,-107.298615,0.018689,-0.059012,0.020779,0.997866,224.276932,163.664474,-175.415176,-0.166758,0.010110,-0.076132,0.983002,220.845596,184.951660,-195.606293
417,4.170000,-0.141139,-0.005624,-0.027705,0.989586,200.065430,206.565628,-201.909424,-0.177052,-0.045987,-0.018337,0.982956,239.788864,200.155106,-192.735519,-0.022352,0.494829,0.005535,0.868685,117.440033,325.172577,-105.274635,0.018488,-0.059830,0.020951,0.997818,224.173355,163.672272,-175.414871,-0.159179,0.015877,-0.077326,0.984089,220.721771,184.952652,-195.614120
418,4.180000,-0.141119,-0.005679,-0.028418,0.989568,199.931808,206.618256,-201.824524,-0.176938,-0.047865,-0.018043,0.982892,239.666046,200.203995,-192.662720,-0.022379,0.494487,0.005428,0.868880,116.373642,325.150757,-103.389488,0.018551,-0.060235,0.021270,0.997785,224.073746,163.682434,-175.378159,-0.150692,0.021807,-0.077583,0.985291,220.629227,185.000870,-195.608994
419,4.190000,-0.140011,-0.006092,-0.028553,0.989719,199.832809,206.710098,-201.703476,-0.175447,-0.047426,-0.016980,0.983199,239.586151,200.306244,-192.566956,-0.022095,0.494676,0.005573,0.868779,115.274597,325.099609,-101.498779,0.019242,-0.058468,0.021788,0.997866,224.058350,163.650330,-175.241577,-0.142117,0.027213,-0.078555,0.986353,220.579269,185.084030,-195.593719
420,4.200000,-0.138626,-0.006635,-0.027255,0.989947,199.783005,206.816666,-201.562546,-0.173007,-0.046251,-0.016765,0.983691,239.525024,200.432678,-192.457169,-0.022126,0.494861,0.005305,0.868674,114.248413,325.049896,-99.697044,0.019245,-0.058187,0.021661,0.997885,224.021881,163.661499,-175.151413,-0.134962,0.034068,-0.079876,0.987038,220.556793,185.159607,-195.567642
421,4.210000,-0.137646,-0.007885,-0.027718,0.990062,199.768311,206.923676,-201.398361,-0.172705,-0.047080,-0.016857,0.983703,239.511673,200.516342,-192.314377,-0.021910,0.494552,0.005484,0.868854,113.217354,324.987549,-97.955391,0.020448,-0.057751,0.021595,0.997888,223.924881,163.729446,-175.041885,-0.126702,0.039115,-0.079873,0.987946,220.557617,185.241592,-195.499344
422,4.220000,-0.138428,-0.007202,-0.027595,0.989962,199.784119,207.015518,-201.260544,-0.171170,-0.047063,-0.017010,0.983970,239.528748,200.606247,-192.183563,-0.021848,0.494454,0.005671,0.868911,112.208252,324.934418,-96.251762,0.019915,-0.059798,0.021433,0.997782,223.941406,163.740509,-175.002533,-0.122837,0.038844,-0.075835,0.988763,220.662308,185.235336,-195.396423
423,4.230000,-0.137368,-0.005429,-0.026820,0.990142,199.822510,207.108322,-201.141953,-0.168986,-0.045787,-0.016497,0.984416,239.577225,200.688416,-192.097885,-0.021947,0.494249,0.004594,0.869031,111.144920,324.927032,-94.598999,0.019535,-0.061592,0.021317,0.997683,224.081573,163.712997,-174.973709,-0.120945,0.038117,-0.074274,0.989142,220.702927,185.301376,-195.366196
424,4.240000,-0.136211,-0.004318,-0.026519,0.990315,199.882278,207.182953,-201.072189,-0.168589,-0.044184,-0.015720,0.984570,239.660507,200.717117,-192.026978,-0.021967,0.493944,0.004310,0.869205,110.195747,324.887970,-93.081406,0.019332,-0.061418,0.021040,0.997703,224.139435,163.723022,-174.952744,-0.121184,0.041136,-0.073548,0.989047,220.762665,185.356247,-195.359589
425,4.250000,-0.135119,-0.004612,-0.026575,0.990462,199.943420,207.211365,-201.048492,-0.169630,-0.044571,-0.015964,0.984370,239.715881,200.738266,-191.985199,-0.022010,0.494069,0.004482,0.869132,109.323044,324.830536,-91.576141,0.021282,-0.057807,0.020873,0.997883,224.111908,163.760788,-174.870773,-0.120998,0.040670,-0.073881,0.989064,220.822205,185.379578,-195.330322
426,4.260000,-0.134384,-0.004519,-0.026850,0.990555,199.983749,207.207123,-201.064651,-0.170009,-0.045360,-0.016530,0.984259,239.754913,200.740021,-191.999130,-0.022173,0.494152,0.004744,0.869080,108.513649,324.778778,-90.200844,0.021721,-0.057030,0.020808,0.997919,224.110016,163.775391,-174.870438,-0.122071,0.039942,-0.074639,0.988905,220.867233,185.398178,-195.326599
427,4.270000,-0.135400,-0.003603,-0.027300,0.990408,200.014572,207.186646,-201.113968,-0.170258,-0.045404,-0.017181,0.984203,239.789154,200.724960,-192.036346,-0.022376,0.493786,0.004428,0.869284,107.730164,324.729126,-88.900879,0.020347,-0.059467,0.020696,0.997808,224.155182,163.750366,-174.954147,-0.124627,0.038041,-0.074655,0.988660,220.875626,185.390945,-195.337677
428,4.280000,-0.136789,-0.004138,-0.027549,0.990208,200.005585,207.143021,-201.189621,-0.171077,-0.045768,-0.017061,0.984046,239.780533,200.701904,-192.083359,-0.022212,0.494134,0.004787,0.869089,107.030502,324.703400,-87.666916,0.019459,-0.061009,0.020799,0.997731,224.225800,163.705856,-175.016129,-0.127760,0.035161,-0.073504,0.988452,220.847916,185.356750,-195.356003
429,4.290000,-0.137264,-0.004914,-0.028155,0.990122,199.974609,207.097046,-201.225266,-0.170687,-0.046426,-0.016881,0.984086,239.736694,200.669281,-192.153076,-0.022022,0.494038,0.004882,0.869148,106.399750,324.684448,-86.526360,0.019264,-0.060997,0.021028,0.997730,224.191574,163.691864,-175.053650,-0.128903,0.036137,-0.076085,0.988074,220.748138,185.405182,-195.421326
430,4.300000,-0.137534,-0.005523,-0.028282,0.990078,199.932312,207.065521,-201.274719,-0.169475,-0.040486,-0.015753,0.984577,239.668625,200.641541,-192.118744,-0.022141,0.493937,0.004813,0.869202,105.835419,324.665802,-85.493500,0.020929,-0.056995,0.021145,0.997931,224.065704,163.741669,-174.996124,-0.128205,0.036253,-0.078856,0.987943,220.708603,185.387283,-195.429367
431,4.310000,-0.137399,-0.008137,-0.028314,0.990078,199.878448,207.050613,-201.315613,-0.166949,-0.033788,-0.013865,0.985289,239.605988,200.639816,-192.137650,-0.022184,0.494172,0.004831,0.869068,105.313499,324.651520,-84.548622,0.020742,-0.056439,0.021390,0.997961,223.994949,163.760025,-175.012909,-0.128920,0.033366,-0.079007,0.987939,220.664078,185.375168,-195.448181
432,4.320000,-0.136713,-0.008833,-0.028190,0.990170,199.833725,207.050751,-201.335724,-0.165810,-0.032244,-0.013297,0.985541,239.570999,200.650406,-192.160904,-0.022375,0.494486,0.004718,0.868885,104.838409,324.621216,-83.674583,0.020352,-0.056134,0.021762,0.997979,223.964371,163.762955,-175.044403,-0.131947,0.030801,-0.074915,0.987942,220.679962,185.295380,-195.434372
433,4.330000,-0.136372,-0.008524,-0.028050,0.990224,199.804718,207.061890,-201.336075,-0.165926,-0.032825,-0.012703,0.985510,239.531540,200.662140,-192.172058,-0.022313,0.494536,0.004773,0.868858,104.400017,324.599335,-82.903374,0.020380,-0.056522,0.021815,0.997955,223.942917,163.756363,-175.057999,-0.135046,0.022331,-0.069764,0.988128,220.667862,185.291763,-195.446609
434,4.340000,-0.136327,-0.009180,-0.028203,0.990220,199.773575,207.073364,-201.336258,-0.165707,-0.033509,-0.012597,0.985525,239.511368,200.675812,-192.162735,-0.022284,0.494454,0.004972,0.868904,103.984215,324.572083,-82.243584,0.020464,-0.056722,0.021799,0.997942,223.931183,163.755753,-175.059174,-0.136550,0.016504,-0.067014,0.988226,220.656509,185.301147,-195.461685
435,4.350000,-0.136937,-0.009173,-0.027575,0.990153,199.769562,207.098557,-201.331223,-0.165171,-0.033289,-0.012296,0.985626,239.503448,200.694229,-192.152893,-0.022145,0.494140,0.004963,0.869086,103.627686,324.557739,-81.712662,0.020878,-0.057409,0.021582,0.997899,223.912460,163.751724,-175.039612,-0.137940,0.011690,-0.064852,0.988246,220.657578,185.318008,-195.483521
436,4.360000,-0.136646,-0.007528,-0.026739,0.990231,199.755371,207.117722,-201.304428,-0.164575,-0.032673,-0.012042,0.985750,239.494110,200.706360,-192.145355,-0.022232,0.494107,0.004856,0.869103,103.326035,324.542572,-81.199959,0.020905,-0.057568,0.021572,0.997890,223.900162,163.751541,-175.037750,-0.139451,0.006822,-0.062593,0.988225,220.653107,185.326813,-195.503433
437,4.370000,-0.136711,-0.005691,-0.026642,0.990236,199.732239,207.129272,-201.296371,-0.164305,-0.032052,-0.011580,0.985821,239.476440,200.714508,-192.141617,-0.022162,0.494168,0.005037,0.869069,103.076805,324.529816,-80.793571,0.020953,-0.057761,0.021685,0.997875,223.885452,163.747650,-175.037064,-0.135599,0.016136,-0.068496,0.988261,220.564575,185.442139,-195.475876
438,4.380000,-0.137099,-0.005134,-0.026227,0.990197,199.707916,207.127289,-201.298492,-0.164451,-0.031889,-0.011658,0.985801,239.455383,200.708923,-192.142654,-0.021925,0.494124,0.005203,0.869099,102.886383,324.528046,-80.485428,0.020782,-0.057873,0.021573,0.997874,223.864105,163.741867,-175.041245,-0.130417,0.034556,-0.078530,0.987740,220.518097,185.471619,-195.475952
439,4.390000,-0.137156,-0.004840,-0.025902,0.990199,199.689667,207.122009,-201.313675,-0.166965,-0.039030,-0.013536,0.985097,239.454117,200.709152,-192.231232,-0.022209,0.493811,0.004575,0.869274,102.718933,324.522705,-80.187576,0.020897,-0.057917,0.021430,0.997873,223.844498,163.743744,-175.052704,-0.131385,0.038039,-0.078005,0.987525,220.550827,185.382217,-195.435287
440,4.400000,-0.136914,-0.004687,-0.025940,0.990232,199.667191,207.103851,-201.335052,-0.166203,-0.036596,-0.012724,0.985330,239.422424,200.697998,-192.182022,-0.022043,0.494059,0.004826,0.869135,102.591537,324.524139,-79.971939,0.020336,-0.057263,0.021472,0.997921,223.828293,163.742264,-175.086060,-0.131303,0.037899,-0.079476,0.987424,220.461716,185.446350,-195.484207
441,4.410000,-0.136942,-0.004592,-0.026118,0.990224,199.642914,207.094986,-201.365005,-0.165196,-0.032208,-0.011747,0.985665,239.402130,200.684540,-192.203461,-0.021961,0.494227,0.004908,0.869042,102.514381,324.527069,-79.805893,0.020072,-0.057115,0.021453,0.997935,223.817047,163.737701,-175.106232,-0.132258,0.040809,-0.080994,0.987058,220.433212,185.449722,-195.521820
442,4.420000,-0.137333,-0.005775,-0.026065,0.990165,199.637192,207.086243,-201.402298,-0.167943,-0.039193,-0.013621,0.984923,239.412842,200.675568,-192.299866,-0.021792,0.494539,0.005180,0.868867,102.471619,324.533051,-79.683426,0.020093,-0.056915,0.021459,0.997946,223.818237,163.736145,-175.124176,-0.134811,0.038443,-0.077611,0.987079,220.484543,185.364105,-195.495789
443,4.430000,-0.138218,-0.006740,-0.026847,0.990015,199.650162,207.079697,-201.426605,-0.170699,-0.047025,-0.015800,0.984074,239.428696,200.671219,-192.333206,-0.021596,0.494492,0.005368,0.868897,102.442223,324.541748,-79.610825,0.020137,-0.056681,0.021470,0.997958,223.825653,163.737106,-175.135666,-0.137560,0.030753,-0.073379,0.987293,220.502563,185.346451,-195.504364
444,4.440000,-0.136630,-0.007754,-0.027099,0.990221,199.685455,207.082428,-201.426239,-0.168687,-0.040965,-0.014335,0.984714,239.439514,200.674164,-192.260422,-0.021819,0.494547,0.005156,0.868862,102.415543,324.556488,-79.528664,0.020385,-0.056603,0.021476,0.997958,223.850052,163.741135,-175.141617,-0.138014,0.024380,-0.071816,0.987522,220.558563,185.353409,-195.499786
445,4.450000,-0.135774,-0.008685,-0.027473,0.990321,199.724731,207.088013,-201.411804,-0.166703,-0.034777,-0.012825,0.985310,239.470123,200.680603,-192.232101,-0.021939,0.494583,0.005081,0.868838,102.397881,324.566772,-79.446327,0.020374,-0.056537,0.021746,0.997956,223.889618,163.744797,-175.131210,-0.138802,0.019185,-0.069760,0.987674,220.601517,185.350067,-195.502472
446,4.460000,-0.135434,-0.008994,-0.027616,0.990361,199.778290,207.102783,-201.387054,-0.168472,-0.040701,-0.014768,0.984755,239.532669,200.694016,-192.284332,-0.021947,0.494523,0.005058,0.868873,102.363388,324.572876,-79.363670,0.020447,-0.056484,0.021807,0.997956,223.934265,163.753723,-175.112534,-0.139880,0.012973,-0.066432,0.987852,220.659500,185.336212,-195.494171
447,4.470000,-0.135943,-0.009054,-0.027922,0.990282,199.825592,207.122345,-201.351135,-0.166951,-0.037406,-0.013928,0.985157,239.570557,200.709091,-192.175858,-0.021977,0.494736,0.005149,0.868750,102.334877,324.573364,-79.274055,0.020568,-0.056426,0.021715,0.997959,223.970337,163.759094,-175.081100,-0.136437,0.018120,-0.070322,0.987984,220.634430,185.438461,-195.479599
448,4.480000,-0.135927,-0.008814,-0.027905,0.990287,199.864975,207.150330,-201.285049,-0.165069,-0.032736,-0.012844,0.985655,239.601990,200.727585,-192.124908,-0.022149,0.494928,0.004999,0.868638,102.292397,324.562225,-79.161995,0.020440,-0.055909,0.021482,0.997995,224.015091,163.769302,-175.047226,-0.131916,0.029858,-0.076155,0.987880,220.654587,185.471649,-195.456772
449,4.490000,-0.135776,-0.007602,-0.027165,0.990338,199.887466,207.171387,-201.215225,-0.167586,-0.039367,-0.014621,0.984963,239.644775,200.735321,-192.136597,-0.022277,0.494770,0.004696,0.868726,102.247780,324.554901,-79.075729,0.020946,-0.056485,0.021192,0.997959,224.030258,163.777496,-174.986450,-0.129264,0.036529,-0.078422,0.987829,220.678299,185.479141,-195.420258
450,4.500000,-0.135323,-0.005415,-0.026498,0.990432,199.882462,207.188446,-201.157639,-0.169455,-0.046167,-0.016488,0.984318,239.651825,200.750305,-192.105026,-0.022340,0.494438,0.004407,0.868915,102.185287,324.548157,-78.986290,0.021097,-0.056555,0.021164,0.997952,224.030411,163.783539,-174.945877,-0.129993,0.035869,-0.074658,0.988049,220.742859,185.399094,-195.348999
451,4.510000,-0.134464,-0.005361,-0.026777,0.990542,199.872025,207.206421,-201.111588,-0.169431,-0.046024,-0.015881,0.984339,239.652954,200.753036,-192.051605,-0.022138,0.494495,0.004643,0.868886,102.115067,324.540283,-78.910599,0.020914,-0.057961,0.021237,0.997874,224.036972,163.779709,-174.931686,-0.130470,0.032395,-0.071474,0.988342,220.742523,185.397842,-195.328506
452,4.520000,-0.134655,-0.005765,-0.026863,0.990512,199.843033,207.214340,-201.080414,-0.168266,-0.045195,-0.015438,0.984584,239.620773,200.772736,-192.028793,-0.022010,0.494544,0.004793,0.868861,102.060783,324.539032,-78.844017,0.020923,-0.058242,0.021261,0.997857,224.021973,163.778137,-174.905472,-0.130554,0.029404,-0.069888,0.988538,220.725372,185.404480,-195.321655
453,4.530000,-0.134915,-0.005761,-0.026696,0.990481,199.809586,207.218185,-201.055023,-0.167347,-0.044282,-0.015540,0.984781,239.566940,200.789597,-192.015121,-0.021860,0.494630,0.004990,0.868815,102.004875,324.544220,-78.767616,0.020939,-0.058299,0.021313,0.997852,223.995758,163.778976,-174.883438,-0.126969,0.035061,-0.074702,0.988468,220.633377,185.506058,-195.309860
454,4.540000,-0.134683,-0.005532,-0.026767,0.990512,199.778748,207.218475,-201.042633,-0.166835,-0.043416,-0.015213,0.984911,239.537033,200.792801,-192.001389,-0.021616,0.494447,0.005286,0.868923,101.945137,324.561218,-78.713341,0.020756,-0.058233,0.021510,0.997855,223.964844,163.778656,-174.873383,-0.122809,0.047033,-0.082098,0.987910,220.587357,185.531357,-195.299133
455,4.550000,-0.134683,-0.005244,-0.026729,0.990514,199.767212,207.224045,-201.040588,-0.166805,-0.043524,-0.015115,0.984913,239.519394,200.794510,-191.999054,-0.021656,0.494200,0.005216,0.869063,101.855263,324.568787,-78.602646,0.020910,-0.058380,0.021498,0.997844,223.944763,163.774628,-174.866653,-0.120378,0.049659,-0.083440,0.987968,220.567291,185.543137,-195.270004
456,4.560000,-0.134375,-0.004629,-0.026041,0.990578,199.741409,207.213104,-201.046112,-0.166815,-0.043435,-0.015072,0.984916,239.507889,200.792969,-192.010727,-0.021791,0.494186,0.005077,0.869068,101.775070,324.566864,-78.487091,0.020914,-0.058309,0.021513,0.997848,223.932816,163.773376,-174.877090,-0.122389,0.050099,-0.084315,0.987625,220.556091,185.535553,-195.290085
457,4.570000,-0.134036,-0.003787,-0.025833,0.990633,199.739426,207.211700,-201.070908,-0.166890,-0.043375,-0.015088,0.984905,239.507767,200.791351,-192.036530,-0.021912,0.494032,0.004965,0.869153,101.709007,324.555115,-78.367165,0.020854,-0.058270,0.021517,0.997851,223.930939,163.771469,-174.897446,-0.124376,0.049539,-0.084775,0.987365,220.553864,185.536926,-195.308975
458,4.580000,-0.134051,-0.004095,-0.026340,0.990616,199.749893,207.214905,-201.104706,-0.167112,-0.043732,-0.015222,0.984850,239.514938,200.789230,-192.070694,-0.021726,0.494313,0.005320,0.868996,101.646896,324.546448,-78.253685,0.020798,-0.058110,0.021528,0.997861,223.936905,163.768555,-174.931244,-0.126117,0.047300,-0.084296,0.987295,220.553070,185.535599,-195.330994
459,4.590000,-0.134706,-0.004125,-0.026525,0.990522,199.754562,207.211899,-201.154572,-0.167679,-0.044908,-0.015645,0.984694,239.517426,200.791046,-192.119751,-0.021865,0.494544,0.005148,0.868862,101.605759,324.539642,-78.120934,0.019685,-0.060546,0.021484,0.997740,224.006165,163.726028,-175.015884,-0.128091,0.044145,-0.083416,0.987262,220.554077,185.532516,-195.360199
460,4.600000,-0.134875,-0.004618,-0.025945,0.990512,199.751129,207.199310,-201.203354,-0.168318,-0.046125,-0.015991,0.984523,239.534821,200.781769,-192.166306,-0.022044,0.494535,0.004782,0.868865,101.574020,324.542023,-78.009911,0.019439,-0.060813,0.021462,0.997729,224.020447,163.719528,-175.067963,-0.130171,0.040655,-0.082287,0.987234,220.562851,185.529892,-195.396072
461,4.610000,-0.134726,-0.006090,-0.026413,0.990512,199.744308,207.182922,-201.251602,-0.168735,-0.047198,-0.016179,0.984398,239.529221,200.773972,-192.205994,-0.022049,0.494680,0.004789,0.868782,101.543091,324.543640,-77.927956,0.019885,-0.058153,0.021600,0.997876,224.032928,163.706497,-175.068604,-0.131727,0.037675,-0.081217,0.987235,220.559311,185.523941,-195.430725
462,4.620000,-0.134523,-0.006402,-0.026246,0.990542,199.729553,207.171783,-201.283112,-0.167071,-0.041688,-0.014614,0.984955,239.505051,200.766968,-192.177811,-0.022010,0.494752,0.004809,0.868742,101.513573,324.545746,-77.861977,0.019892,-0.057722,0.021643,0.997900,224.029190,163.703522,-175.091721,-0.132368,0.035657,-0.080458,0.987286,220.552521,185.516678,-195.458359
463,4.630000,-0.134091,-0.006666,-0.026495,0.990592,199.713013,207.167984,-201.308746,-0.165789,-0.035850,-0.012715,0.985427,239.483353,200.762512,-192.191010,-0.021855,0.494966,0.005054,0.868623,101.487419,324.546600,-77.808479,0.019886,-0.057656,0.021666,0.997903,224.019043,163.702271,-175.108963,-0.132092,0.035377,-0.080195,0.987355,220.537827,185.510880,-195.475266
464,4.640000,-0.133814,-0.006992,-0.026623,0.990624,199.697037,207.168152,-201.318329,-0.166189,-0.035536,-0.012861,0.985370,239.461090,200.755203,-192.192383,-0.021915,0.494948,0.005054,0.868631,101.449875,324.548920,-77.765968,0.018918,-0.059708,0.021674,0.997801,223.978210,163.714279,-175.167816,-0.131081,0.036509,-0.080537,0.987420,220.515106,185.512024,-195.491577
465,4.650000,-0.133830,-0.007084,-0.026556,0.990623,199.669586,207.171524,-201.314026,-0.166052,-0.035179,-0.012671,0.985408,239.425171,200.761002,-192.189789,-0.021907,0.494921,0.005043,0.868647,101.416840,324.558929,-77.725685,0.018894,-0.059826,0.021439,0.997800,223.944077,163.715393,-175.172882,-0.129565,0.038037,-0.080801,0.987541,220.490540,185.512314,-195.498932
466,4.660000,-0.134221,-0.006870,-0.026782,0.990566,199.632248,207.172546,-201.300980,-0.166411,-0.035113,-0.012934,0.985346,239.384079,200.762543,-192.170547,-0.021885,0.494840,0.005010,0.868694,101.383675,324.569824,-77.683746,0.018951,-0.059867,0.021441,0.997796,223.916458,163.715668,-175.164978,-0.127926,0.039966,-0.080493,0.987704,220.446152,185.502975,-195.497528
467,4.670000,-0.135611,-0.006655,-0.027352,0.990362,199.572235,207.175552,-201.271973,-0.166463,-0.035656,-0.013030,0.985317,239.352112,200.770676,-192.151581,-0.021799,0.494729,0.005124,0.868759,101.348541,324.563843,-77.639229,0.019112,-0.059759,0.021501,0.997798,223.887253,163.713379,-175.143112,-0.126762,0.043258,-0.079644,0.987784,220.392563,185.502823,-195.501526
468,4.680000,-0.136738,-0.006592,-0.027372,0.990207,199.524292,207.181992,-201.253220,-0.166204,-0.035165,-0.012709,0.985382,239.309296,200.772980,-192.132782,-0.021933,0.494554,0.004829,0.868857,101.321625,324.555267,-77.594658,0.018890,-0.059852,0.021548,0.997796,223.844009,163.711411,-175.130890,-0.125083,0.045948,-0.080241,0.987828,220.355209,185.508194,-195.502029
469,4.690000,-0.136451,-0.006187,-0.027114,0.990256,199.475037,207.184784,-201.247101,-0.167107,-0.040794,-0.015337,0.984975,239.263855,200.790344,-192.210312,-0.021877,0.494450,0.004737,0.868918,101.303894,324.551575,-77.568756,0.019050,-0.059971,0.021662,0.997783,223.809998,163.706863,-175.121918,-0.123531,0.047940,-0.081138,0.987855,220.318802,185.515671,-195.505173
470,4.700000,-0.136922,-0.005616,-0.026570,0.990210,199.437103,207.186905,-201.248489,-0.168535,-0.046324,-0.016876,0.984462,239.223801,200.795898,-192.234924,-0.021813,0.494386,0.004718,0.868956,101.295029,324.551331,-77.553452,0.019013,-0.059905,0.021777,0.997785,223.774734,163.703491,-175.118240,-0.122348,0.049321,-0.082125,0.987853,220.283234,185.522293,-195.509995
471,4.710000,-0.137298,-0.004459,-0.025636,0.990188,199.403076,207.180481,-201.245560,-0.166319,-0.040030,-0.014981,0.985145,239.181122,200.793655,-192.163467,-0.021780,0.494386,0.004717,0.868957,101.295387,324.549042,-77.548874,0.019056,-0.059902,0.021848,0.997783,223.751526,163.699936,-175.114670,-0.121544,0.050310,-0.082696,0.987855,220.254913,185.520798,-195.512299
472,4.720000,-0.137095,-0.004036,-0.025417,0.990223,199.392975,207.175797,-201.243713,-0.167313,-0.042209,-0.015446,0.984879,239.186188,200.789001,-192.226273,-0.021775,0.494397,0.004674,0.868951,101.305222,324.543030,-77.554451,0.019026,-0.059935,0.021867,0.997781,223.747375,163.699112,-175.109985,-0.121345,0.050800,-0.082918,0.987836,220.248215,185.517517,-195.513992
473,4.730000,-0.136994,-0.004269,-0.025505,0.990234,199.400772,207.174942,-201.246490,-0.165687,-0.037511,-0.014324,0.985361,239.178955,200.787918,-192.158188,-0.021795,0.494484,0.004685,0.868901,101.328102,324.527649,-77.575180,0.019021,-0.059824,0.021846,0.997789,223.752060,163.702072,-175.114044,-0.121459,0.050521,-0.082879,0.987839,220.254425,185.516190,-195.515060
474,4.740000,-0.136664,-0.004822,-0.025998,0.990265,199.421265,207.186325,-201.264725,-0.164384,-0.033149,-0.013078,0.985752,239.192215,200.792816,-192.165085,-0.021963,0.494665,0.004591,0.868794,101.363358,324.512421,-77.634163,0.019037,-0.059755,0.021795,0.997794,223.763901,163.706146,-175.133286,-0.122159,0.049503,-0.082603,0.987828,220.267746,185.521423,-195.527084
475,4.750000,-0.135946,-0.005475,-0.026463,0.990348,199.436661,207.202606,-201.298035,-0.164470,-0.033473,-0.013296,0.985724,239.203293,200.805481,-192.192657,-0.021857,0.494873,0.004877,0.868677,101.396233,324.501160,-77.697121,0.019068,-0.059616,0.021758,0.997802,223.769638,163.712448,-175.168533,-0.123181,0.047998,-0.082261,0.987804,220.275421,185.530457,-195.546326
476,4.760000,-0.135097,-0.005427,-0.026417,0.990465,199.428909,207.211441,-201.341904,-0.164693,-0.033386,-0.013319,0.985690,239.199661,200.811188,-192.237061,-0.021907,0.494914,0.004787,0.868653,101.443832,324.503296,-77.754608,0.019110,-0.059351,0.021785,0.997817,223.762039,163.715424,-175.227295,-0.124634,0.045986,-0.081760,0.987759,220.265717,185.541916,-195.582748
477,4.770000,-0.133638,-0.005744,-0.026160,0.990668,199.396698,207.210297,-201.404419,-0.166080,-0.039304,-0.014308,0.985225,239.187286,200.805191,-192.386490,-0.021920,0.494961,0.004651,0.868626,101.497910,324.505035,-77.805504,0.019329,-0.059164,0.021930,0.997820,223.737289,163.715256,-175.291611,-0.126479,0.043437,-0.081273,0.987680,220.241714,185.551224,-195.632782
478,4.780000,-0.132218,-0.006964,-0.025905,0.990858,199.352402,207.206757,-201.490753,-0.169065,-0.045583,-0.015697,0.984425,239.138397,200.796906,-192.476898,-0.022131,0.494888,0.004389,0.868664,101.536819,324.490906,-77.869820,0.019445,-0.058859,0.022120,0.997832,223.700668,163.716919,-175.367096,-0.128186,0.040684,-0.080555,0.987636,220.185913,185.555634,-195.695297
479,4.790000,-0.132296,-0.007991,-0.025929,0.990839,199.270782,207.186920,-201.575928,-0.169988,-0.046581,-0.015605,0.984221,239.062271,200.780563,-192.551086,-0.022250,0.494855,0.004155,0.868681,101.562477,324.461395,-77.930351,0.020238,-0.058663,0.022103,0.997828,223.625549,163.704987,-175.440262,-0.130702,0.038866,-0.078963,0.987508,220.096100,185.541641,-195.772064
480,4.800000,-0.132533,-0.007274,-0.026414,0.990800,199.169708,207.161331,-201.644608,-0.169620,-0.046766,-0.015351,0.984280,238.963165,200.769028,-192.619843,-0.022366,0.494723,0.003799,0.868755,101.600075,324.426483,-77.987099,0.020599,-0.059093,0.022345,0.997790,223.523758,163.699249,-175.484268,-0.131208,0.035891,-0.079191,0.987535,220.000824,185.530487,-195.834290
481,4.810000,-0.133847,-0.007072,-0.026349,0.990626,199.035660,207.130737,-201.706146,-0.170508,-0.047399,-0.016256,0.984081,238.824310,200.751755,-192.680786,-0.022400,0.494715,0.003551,0.868759,101.614395,324.384735,-78.022163,0.020264,-0.059025,0.022501,0.997797,223.417358,163.686783,-175.524246,-0.131127,0.034300,-0.078177,0.987683,219.874512,185.507355,-195.888031
482,4.820000,-0.136141,-0.006922,-0.026583,0.990309,198.917679,207.096985,-201.750839,-0.169964,-0.047600,-0.016842,0.984156,238.712570,200.733505,-192.744781,-0.022358,0.494658,0.003606,0.868793,101.593193,324.345215,-78.041290,0.020054,-0.058864,0.022880,0.997802,223.332733,163.678558,-175.548767,-0.131340,0.035510,-0.077097,0.987697,219.761154,185.479736,-195.931351
483,4.830000,-0.135730,-0.006597,-0.025088,0.990406,198.836304,207.068665,-201.772369,-0.170439,-0.047166,-0.017006,0.984092,238.629929,200.710281,-192.750793,-0.022254,0.494545,0.003587,0.868860,101.574249,324.331970,-78.011757,0.020141,-0.058842,0.022829,0.997803,223.260742,163.673752,-175.543823,-0.129709,0.037261,-0.077670,0.987803,219.699081,185.461761,-195.941788
484,4.840000,-0.136506,-0.006990,-0.025536,0.990285,198.781387,207.046982,-201.746750,-0.170360,-0.047476,-0.016859,0.984093,238.582672,200.704147,-192.742737,-0.022042,0.494592,0.003887,0.868837,101.551094,324.339355,-77.959175,0.020225,-0.058957,0.022888,0.997793,223.228058,163.672104,-175.519302,-0.127284,0.039991,-0.078962,0.987909,219.666245,185.452225,-195.932404
485,4.850000,-0.136842,-0.006633,-0.025495,0.990243,198.781281,207.047424,-201.703583,-0.169894,-0.047752,-0.016759,0.984162,238.587006,200.709732,-192.695236,-0.021935,0.494615,0.004032,0.868826,101.526451,324.346436,-77.922409,0.020309,-0.059063,0.022883,0.997785,223.224258,163.673141,-175.483749,-0.124794,0.043636,-0.079672,0.988016,219.670197,185.451355,-195.905014
486,4.860000,-0.136845,-0.004747,-0.025524,0.990252,198.820831,207.077835,-201.650772,-0.169609,-0.047530,-0.016725,0.984223,238.612091,200.731689,-192.641281,-0.021922,0.494569,0.004035,0.868853,101.503166,324.341492,-77.909706,0.020381,-0.059096,0.022744,0.997785,223.247925,163.677170,-175.443924,-0.122494,0.047293,-0.080220,0.988091,219.698044,185.462784,-195.869720
487,4.870000,-0.136472,-0.003926,-0.025474,0.990309,198.852676,207.110748,-201.591797,-0.169323,-0.046265,-0.016727,0.984332,238.660217,200.761490,-192.563599,-0.022111,0.494445,0.003956,0.868919,101.483307,324.331421,-77.914337,0.020584,-0.059320,0.022718,0.997768,223.269012,163.689026,-175.404434,-0.120531,0.050859,-0.080640,0.988121,219.728470,185.483353,-195.833923
488,4.880000,-0.135823,-0.004322,-0.024649,0.990417,198.877243,207.150192,-201.543762,-0.169235,-0.045809,-0.015783,0.984384,238.687561,200.783386,-192.510452,-0.022056,0.494536,0.003883,0.868868,101.498787,324.339874,-77.918076,0.020638,-0.059283,0.022915,0.997765,223.288300,163.699432,-175.377396,-0.118924,0.053440,-0.081196,0.988134,219.743744,185.506927,-195.809799
489,4.890000,-0.134546,-0.004471,-0.024235,0.990601,198.862885,207.186844,-201.520172,-0.168972,-0.045759,-0.015704,0.984433,238.673172,200.811890,-192.490021,-0.022134,0.494582,0.003889,0.868840,101.517998,324.338501,-77.939346,0.020257,-0.059150,0.022920,0.997780,223.276566,163.708557,-175.368011,-0.118026,0.054390,-0.081535,0.988162,219.728851,185.533859,-195.806061
490,4.900000,-0.132582,-0.005492,-0.023818,0.990871,198.808823,207.229156,-201.532867,-0.167799,-0.046136,-0.015941,0.984612,238.600098,200.850342,-192.519196,-0.022112,0.494717,0.003844,0.868765,101.551605,324.337250,-77.954758,0.020733,-0.058686,0.022857,0.997799,223.217697,163.714676,-175.409439,-0.117760,0.053342,-0.081770,0.988231,219.682831,185.559586,-195.823853
491,4.910000,-0.131913,-0.003708,-0.024565,0.990950,198.687210,207.233719,-201.540222,-0.167806,-0.046457,-0.015793,0.984598,238.523087,200.863846,-192.569656,-0.022278,0.494638,0.003568,0.868806,101.597733,324.343719,-77.963692,0.020725,-0.058379,0.023030,0.997814,223.147476,163.716888,-175.462875,-0.119032,0.049442,-0.081421,0.988310,219.596710,185.572830,-195.880295
492,4.920000,-0.132909,-0.004715,-0.025294,0.990794,198.554077,207.229584,-201.605835,-0.169698,-0.047343,-0.015906,0.984230,238.404648,200.852478,-192.638443,-0.022494,0.494341,0.003093,0.868972,101.631142,324.353760,-77.995293,0.019948,-0.060122,0.023491,0.997715,223.052856,163.706802,-175.578918,-0.122033,0.046539,-0.078368,0.988332,219.452240,185.559219,-195.947845
493,4.930000,-0.132249,-0.005583,-0.025283,0.990878,198.451950,207.215088,-201.697769,-0.170622,-0.047295,-0.015562,0.984078,238.286606,200.829926,-192.753342,-0.022538,0.494450,0.003056,0.868908,101.640945,324.353333,-78.015785,0.019222,-0.059326,0.023621,0.997774,222.969971,163.699615,-175.669037,-0.124016,0.042524,-0.077463,0.988338,219.355835,185.554749,-196.009338
494,4.940000,-0.131936,-0.005401,-0.024114,0.990950,198.371674,207.173431,-201.817017,-0.169216,-0.045796,-0.015476,0.984393,238.204834,200.815292,-192.890549,-0.022631,0.494485,0.003078,0.868886,101.632675,324.346436,-78.027420,0.016000,-0.055664,0.023472,0.998045,222.913483,163.697556,-175.849701,-0.126813,0.038447,-0.077112,0.988177,219.285782,185.542526,-196.081451
495,4.950000,-0.132973,-0.005205,-0.024390,0.990806,198.351028,207.127747,-201.960190,-0.170475,-0.045619,-0.015789,0.984179,238.181976,200.769333,-193.020111,-0.022514,0.494624,0.003414,0.868809,101.610672,324.340942,-78.028198,0.019097,-0.058664,0.023636,0.997815,222.888138,163.671585,-175.867233,-0.130800,0.034732,-0.076786,0.987820,219.255829,185.534409,-196.169662
496,4.960000,-0.132459,-0.005477,-0.023758,0.990889,198.389679,207.102600,-202.142944,-0.168885,-0.039154,-0.014403,0.984752,238.196945,200.746857,-193.099075,-0.022411,0.494630,0.003577,0.868808,101.592506,324.337708,-78.024940,0.019572,-0.058732,0.023577,0.997803,222.910965,163.652634,-175.973953,-0.138323,0.032952,-0.077947,0.986765,219.262436,185.510834,-196.304214
497,4.970000,-0.132526,-0.005719,-0.023884,0.990875,198.420517,207.067719,-202.250809,-0.166531,-0.032997,-0.012787,0.985401,238.236069,200.705856,-193.247421,-0.022214,0.494746,0.003819,0.868745,101.564079,324.341034,-78.004066,0.019498,-0.058441,0.023557,0.997822,222.953064,163.629761,-176.077057,-0.142717,0.029966,-0.077940,0.986235,219.285110,185.486496,-196.392471
498,4.980000,-0.133283,-0.005413,-0.024713,0.990755,198.466751,207.039719,-202.319427,-0.167206,-0.032407,-0.012180,0.985314,238.291107,200.641739,-193.323761,-0.022201,0.494541,0.003698,0.868863,101.559822,324.341156,-78.007835,0.019231,-0.058125,0.023361,0.997851,223.003021,163.614624,-176.137131,-0.144910,0.027324,-0.077343,0.986039,219.317139,185.454315,-196.443253
499,4.990000,-0.132976,-0.004792,-0.024293,0.990810,198.552261,207.024338,-202.366302,-0.166535,-0.032186,-0.011796,0.985439,238.374847,200.610352,-193.381241,-0.022147,0.494449,0.003714,0.868917,101.564697,324.334656,-78.018539,0.019666,-0.058101,0.023322,0.997844,223.066620,163.607635,-176.180893,-0.145578,0.027344,-0.078155,0.985876,219.389084,185.430191,-196.477570
500,5.000000,-0.133460,-0.003376,-0.024583,0.990744,198.615448,207.011948,-202.376831,-0.166167,-0.030935,-0.011931,0.985540,238.434982,200.608231,-193.395142,-0.022177,0.494298,0.003551,0.869002,101.587456,324.329437,-78.051086,0.019424,-0.057886,0.023498,0.997858,223.137985,163.602676,-176.184174,-0.144716,0.028136,-0.078877,0.985923,219.461838,185.423660,-196.495300
501,5.010000,-0.133606,-0.002964,-0.024420,0.990729,198.639893,207.025986,-202.362244,-0.165946,-0.030167,-0.011815,0.985603,238.457855,200.618057,-193.376480,-0.022201,0.494303,0.003583,0.868999,101.595703,324.320801,-78.090919,0.019505,-0.057952,0.023482,0.997853,223.154861,163.602646,-176.170090,-0.143082,0.029743,-0.078257,0.986164,219.482391,185.413345,-196.492386
502,5.020000,-0.133667,-0.002895,-0.024388,0.990722,198.644821,207.047272,-202.317474,-0.165592,-0.030219,-0.011839,0.985660,238.466370,200.644913,-193.322189,-0.022266,0.494355,0.003503,0.868968,101.613800,324.315125,-78.125267,0.019628,-0.058083,0.023569,0.997841,223.158920,163.612045,-176.132874,-0.139104,0.033416,-0.078842,0.986569,219.507645,185.430511,-196.480865
503,5.030000,-0.134524,-0.002700,-0.024893,0.990594,198.637894,207.066956,-202.231308,-0.164693,-0.029504,-0.011260,0.985839,238.457382,200.693771,-193.247818,-0.022441,0.494332,0.003265,0.868977,101.633507,324.320496,-78.147278,0.019117,-0.058191,0.023381,0.997849,223.160126,163.627304,-176.061951,-0.134453,0.038223,-0.079322,0.987000,219.527298,185.453629,-196.445496
504,5.040000,-0.134526,-0.002556,-0.025510,0.990578,198.621597,207.103851,-202.132462,-0.167108,-0.036610,-0.012722,0.985177,238.465988,200.729187,-193.206711,-0.022440,0.494508,0.003428,0.868877,101.628899,324.318085,-78.135117,0.018922,-0.058392,0.023505,0.997838,223.134781,163.656174,-175.977554,-0.129308,0.043531,-0.079512,0.987453,219.532776,185.481598,-196.394379
505,5.050000,-0.134597,-0.003363,-0.025664,0.990562,198.598358,207.147766,-202.019028,-0.166874,-0.036324,-0.013434,0.985217,238.417465,200.780380,-193.010178,-0.022492,0.494547,0.003386,0.868853,101.630974,324.325989,-78.102318,0.018813,-0.058510,0.023402,0.997835,223.116806,163.676346,-175.896759,-0.121544,0.045463,-0.078333,0.988445,219.532730,185.522614,-196.305618
506,5.060000,-0.134400,-0.006319,-0.025970,0.990567,198.584808,207.178741,-201.892303,-0.169419,-0.040726,-0.013630,0.984608,238.422485,200.823807,-192.922913,-0.022645,0.494535,0.003113,0.868857,101.636017,324.342255,-78.042786,0.018758,-0.058607,0.023257,0.997834,223.107376,163.696838,-175.822220,-0.116604,0.047961,-0.077935,0.988954,219.533707,185.545853,-196.240677
507,5.070000,-0.132425,-0.007036,-0.025969,0.990828,198.556595,207.231003,-201.772873,-0.171341,-0.046516,-0.015236,0.983995,238.400848,200.853714,-192.843719,-0.022561,0.494670,0.003302,0.868782,101.621147,324.346436,-77.988350,0.019057,-0.058986,0.023557,0.997799,223.080795,163.716812,-175.753540,-0.113906,0.052526,-0.077318,0.989085,219.501938,185.566925,-196.205017
508,5.080000,-0.132107,-0.006916,-0.025921,0.990872,198.521896,207.268570,-201.708847,-0.170313,-0.047542,-0.015320,0.984123,238.388031,200.903717,-192.806595,-0.022408,0.494841,0.003546,0.868688,101.601044,324.352936,-77.938477,0.019259,-0.058801,0.023650,0.997804,223.063293,163.723511,-175.714828,-0.114130,0.052638,-0.073564,0.989339,219.534409,185.504074,-196.132568
509,5.090000,-0.132534,-0.007039,-0.025820,0.990817,198.521317,207.280350,-201.669296,-0.169898,-0.047065,-0.015220,0.984219,238.398346,200.919601,-192.780853,-0.022367,0.494834,0.003578,0.868692,101.589310,324.352753,-77.913063,0.019256,-0.058822,0.023627,0.997803,223.073853,163.724258,-175.685867,-0.114812,0.050389,-0.071733,0.989512,219.543686,185.520370,-196.107758
510,5.100000,-0.132909,-0.006701,-0.025370,0.990781,198.526535,207.282181,-201.637589,-0.169724,-0.047126,-0.015304,0.984245,238.404633,200.922058,-192.753647,-0.022272,0.494768,0.003651,0.868732,101.574554,324.346405,-77.902412,0.019247,-0.058940,0.023560,0.997798,223.083115,163.725372,-175.660492,-0.115468,0.049205,-0.071407,0.989519,219.548660,185.523102,-196.087646
511,5.110000,-0.133398,-0.006188,-0.024918,0.990730,198.541245,207.278046,-201.638000,-0.169438,-0.047077,-0.015421,0.984295,238.415024,200.918106,-192.750626,-0.022235,0.494674,0.003652,0.868787,101.568054,324.340515,-77.910263,0.019198,-0.059023,0.023551,0.997794,223.091339,163.720459,-175.661896,-0.115122,0.050378,-0.074986,0.989235,219.502243,185.602997,-196.114182
512,5.120000,-0.134027,-0.005884,-0.024858,0.990648,198.571472,207.269318,-201.667603,-0.168664,-0.046557,-0.014997,0.984459,238.447372,200.910904,-192.784882,-0.022189,0.494598,0.003704,0.868831,101.571686,324.330322,-77.940079,0.018939,-0.058842,0.023405,0.997813,223.120255,163.715012,-175.685471,-0.116552,0.053721,-0.079248,0.988559,219.524231,185.625092,-196.134430
513,5.130000,-0.134459,-0.005749,-0.025071,0.990585,198.599670,207.256134,-201.724121,-0.168656,-0.045644,-0.014962,0.984504,238.467468,200.886322,-192.838348,-0.022234,0.494325,0.003545,0.868986,101.572441,324.319153,-77.981537,0.018726,-0.058806,0.023203,0.997824,223.150879,163.708664,-175.726761,-0.119208,0.054041,-0.080402,0.988132,219.535446,185.617554,-196.147934
514,5.140000,-0.135519,-0.006129,-0.026201,0.990409,198.639847,207.222549,-201.811356,-0.168784,-0.045018,-0.015535,0.984502,238.497055,200.864822,-192.899811,-0.022243,0.494313,0.003567,0.868992,101.571625,324.314484,-78.019867,0.018693,-0.058815,0.023031,0.997828,223.160355,163.692871,-175.777161,-0.122392,0.052342,-0.080701,0.987810,219.543289,185.612137,-196.173782
515,5.150000,-0.136518,-0.006405,-0.026803,0.990254,198.643494,207.206375,-201.880768,-0.169281,-0.044960,-0.015320,0.984423,238.491898,200.845551,-192.962830,-0.022200,0.494369,0.003598,0.868961,101.568558,324.312256,-78.052963,0.018562,-0.058856,0.023109,0.997826,223.156631,163.684280,-175.824280,-0.125169,0.049977,-0.080658,0.987588,219.532532,185.600311,-196.203918
516,5.160000,-0.137134,-0.005602,-0.026349,0.990186,198.628830,207.187363,-201.937592,-0.167646,-0.039111,-0.013333,0.984981,238.459045,200.815262,-192.943466,-0.022265,0.494329,0.003537,0.868982,101.582047,324.311462,-78.079147,0.018577,-0.058705,0.023253,0.997832,223.137024,163.678360,-175.856842,-0.127142,0.047431,-0.080240,0.987495,219.514069,185.586334,-196.228317
517,5.170000,-0.136881,-0.004479,-0.025669,0.990245,198.589157,207.168091,-201.975266,-0.165507,-0.032614,-0.011710,0.985600,238.424072,200.783722,-192.967377,-0.022283,0.494384,0.003549,0.868950,101.591209,324.316620,-78.085861,0.018578,-0.058632,0.023286,0.997835,223.108337,163.677490,-175.871857,-0.127102,0.044109,-0.080009,0.987673,219.490707,185.567352,-196.226456
518,5.180000,-0.135607,-0.004387,-0.025055,0.990436,198.526596,207.153687,-201.977722,-0.165036,-0.031796,-0.012636,0.985694,238.335022,200.788162,-192.980789,-0.022330,0.494469,0.003528,0.868901,101.599289,324.325012,-78.076141,0.018814,-0.058768,0.023401,0.997820,223.049698,163.678619,-175.869339,-0.126211,0.041853,-0.079043,0.987963,219.418701,185.539841,-196.223114
519,5.190000,-0.133453,-0.005170,-0.023968,0.990752,198.459961,207.160629,-201.981766,-0.167118,-0.037532,-0.014110,0.985121,238.269424,200.790237,-193.032791,-0.022498,0.494390,0.003223,0.868943,101.618385,324.334595,-78.068642,0.018726,-0.058629,0.023330,0.997832,222.965454,163.685974,-175.870071,-0.124983,0.040630,-0.078769,0.988192,219.348831,185.537430,-196.222366
520,5.200000,-0.131470,-0.005350,-0.022523,0.991050,198.387817,207.170197,-201.931824,-0.169520,-0.044085,-0.015050,0.984425,238.201721,200.802567,-193.010117,-0.022379,0.494705,0.003543,0.868766,101.618347,324.339203,-78.039230,0.018850,-0.058657,0.023549,0.997822,222.901749,163.695389,-175.838440,-0.123447,0.041208,-0.078067,0.988417,219.287430,185.537827,-196.203613
521,5.210000,-0.131887,-0.004309,-0.023039,0.990988,198.319717,207.178711,-201.851440,-0.170130,-0.045056,-0.015125,0.984275,238.154572,200.824661,-192.946243,-0.022481,0.494743,0.003485,0.868742,101.609268,324.346497,-78.019791,0.018890,-0.058627,0.023689,0.997820,222.858505,163.706131,-175.795883,-0.123181,0.039963,-0.073674,0.988839,219.307755,185.455276,-196.129761
522,5.220000,-0.132715,-0.003986,-0.024265,0.990849,198.279785,207.197449,-201.779633,-0.169799,-0.045885,-0.014833,0.984298,238.122681,200.848709,-192.876648,-0.022511,0.494820,0.003520,0.868697,101.604858,324.345428,-78.007103,0.018317,-0.060262,0.023711,0.997733,222.837601,163.722290,-175.782806,-0.123416,0.034675,-0.069644,0.989301,219.305573,185.457413,-196.098160
523,5.230000,-0.133058,-0.004417,-0.025088,0.990781,198.282654,207.223434,-201.703720,-0.168698,-0.046066,-0.014334,0.984486,238.125168,200.887802,-192.803268,-0.022493,0.494813,0.003539,0.868701,101.599556,324.342560,-78.001099,0.017027,-0.053418,0.023684,0.998146,222.857910,163.741409,-175.720093,-0.123400,0.030313,-0.067300,0.989608,219.315948,185.466919,-196.070190
524,5.240000,-0.133525,-0.004266,-0.025501,0.990708,198.299637,207.239548,-201.623550,-0.169732,-0.046598,-0.013877,0.984290,238.159180,200.902557,-192.707001,-0.022480,0.494651,0.003456,0.868794,101.597748,324.336884,-77.997192,0.020113,-0.056167,0.023742,0.997936,222.859222,163.737549,-175.568481,-0.123764,0.025358,-0.064065,0.989917,219.355743,185.457901,-196.028091
525,5.250000,-0.132283,-0.004011,-0.024142,0.990910,198.351624,207.265289,-201.560883,-0.169420,-0.047191,-0.014693,0.984304,238.204178,200.911728,-192.640884,-0.022335,0.494596,0.003591,0.868829,101.599922,324.329102,-78.001381,0.020548,-0.056637,0.023920,0.997897,222.903900,163.734085,-175.501740,-0.125248,0.019773,-0.061097,0.990045,219.395508,185.466385,-196.003616
526,5.260000,-0.131720,-0.003649,-0.024364,0.990981,198.399460,207.288635,-201.527130,-0.168965,-0.047107,-0.015016,0.984381,238.238541,200.919861,-192.603363,-0.022303,0.494366,0.003473,0.868961,101.595428,324.322418,-78.011322,0.020030,-0.059413,0.023722,0.997751,222.926682,163.733185,-175.513641,-0.127121,0.015043,-0.059408,0.989992,219.441193,185.488770,-195.992111
527,5.270000,-0.132280,-0.003680,-0.024326,0.990907,198.427261,207.295456,-201.508347,-0.168570,-0.046675,-0.015229,0.984466,238.267151,200.923203,-192.585739,-0.022253,0.494345,0.003521,0.868974,101.588455,324.314240,-78.007965,0.019948,-0.059913,0.023617,0.997725,222.955826,163.729156,-175.507187,-0.129823,0.010847,-0.057272,0.989822,219.474319,185.500397,-195.987091
528,5.280000,-0.133102,-0.003573,-0.024066,0.990804,198.444214,207.292450,-201.506210,-0.168427,-0.046312,-0.015343,0.984506,238.289536,200.917816,-192.591309,-0.022216,0.494287,0.003525,0.869008,101.577888,324.310730,-78.000061,0.019987,-0.060005,0.023589,0.997719,222.969376,163.724670,-175.504013,-0.132609,0.005976,-0.055520,0.989594,219.487137,185.500748,-195.990311
529,5.290000,-0.132970,-0.003246,-0.024229,0.990819,198.435043,207.286819,-201.534149,-0.168492,-0.046317,-0.015340,0.984495,238.287048,200.910950,-192.614822,-0.022134,0.494375,0.003639,0.868959,101.562416,324.311859,-77.987671,0.020666,-0.058501,0.023603,0.997794,222.970169,163.720917,-175.481964,-0.135725,0.001331,-0.053964,0.989275,219.480255,185.498260,-196.006088
530,5.300000,-0.132812,-0.002974,-0.023820,0.990851,198.411591,207.270157,-201.576050,-0.168751,-0.046084,-0.015076,0.984465,238.262161,200.901871,-192.657166,-0.022123,0.494400,0.003666,0.868945,101.552872,324.315979,-77.973907,0.020715,-0.058150,0.023641,0.997813,222.951309,163.717056,-175.514145,-0.138380,-0.003534,-0.053086,0.988949,219.448624,185.487656,-196.029373
531,5.310000,-0.133097,-0.002344,-0.023298,0.990826,198.373703,207.247971,-201.634888,-0.169165,-0.045742,-0.014694,0.984416,238.226349,200.889847,-192.713669,-0.022172,0.494409,0.003648,0.868939,101.546577,324.323090,-77.960121,0.019268,-0.059105,0.023629,0.997786,222.912537,163.715683,-175.619720,-0.141173,-0.007536,-0.052680,0.988554,219.404846,185.487762,-196.067368
532,5.320000,-0.131616,-0.002328,-0.021956,0.991055,198.345596,207.248718,-201.709244,-0.168548,-0.044990,-0.013927,0.984568,238.181534,200.881348,-192.792435,-0.022151,0.494532,0.003731,0.868869,101.542709,324.331360,-77.953644,0.015974,-0.055556,0.023478,0.998052,222.893814,163.729050,-175.761841,-0.143927,-0.012333,-0.051516,0.988169,219.370041,185.473221,-196.093735
533,5.330000,-0.132411,-0.002893,-0.022680,0.990931,198.309402,207.220764,-201.750824,-0.168750,-0.044894,-0.014597,0.984528,238.127747,200.863876,-192.840515,-0.022307,0.494509,0.003576,0.868879,101.547119,324.334717,-77.960175,0.015111,-0.054372,0.023488,0.998130,222.870865,163.731354,-175.823273,-0.146847,-0.016977,-0.049564,0.987771,219.323502,185.459656,-196.128525
534,5.340000,-0.133846,-0.003296,-0.024338,0.990698,198.275879,207.202347,-201.782486,-0.169145,-0.045368,-0.014658,0.984437,238.114944,200.853851,-192.871262,-0.022316,0.494611,0.003656,0.868820,101.561478,324.334991,-77.987701,0.017893,-0.059703,0.023749,0.997773,222.833374,163.717239,-175.792679,-0.149078,-0.021377,-0.047852,0.987436,219.311218,185.449097,-196.150314
535,5.350000,-0.134761,-0.003677,-0.025577,0.990541,198.273224,207.190216,-201.798843,-0.169578,-0.045447,-0.014891,0.984356,238.129181,200.846207,-192.891449,-0.022363,0.494662,0.003600,0.868790,101.585602,324.336700,-78.014320,0.018234,-0.060535,0.023706,0.997718,222.838364,163.716766,-175.800949,-0.150989,-0.025973,-0.045957,0.987125,219.319138,185.441284,-196.165222
536,5.360000,-0.132148,-0.004000,-0.023690,0.990939,198.323853,207.211472,-201.815918,-0.169749,-0.045539,-0.015131,0.984318,238.154327,200.847610,-192.894638,-0.022457,0.494640,0.003483,0.868801,101.608688,324.334564,-78.057121,0.014762,-0.056757,0.023491,0.998002,222.877533,163.732208,-175.898483,-0.152550,-0.030709,-0.043790,0.986848,219.344803,185.435822,-196.172470
537,5.370000,-0.130649,-0.003489,-0.022920,0.991158,198.365250,207.222275,-201.799881,-0.168981,-0.045292,-0.015048,0.984463,238.194061,200.855972,-192.884521,-0.022602,0.494552,0.003159,0.868849,101.645287,324.337097,-78.093910,0.018897,-0.059040,0.023581,0.997798,222.894012,163.718109,-175.754852,-0.153825,-0.035890,-0.041760,0.986563,219.403168,185.436447,-196.170715
538,5.380000,-0.131618,-0.003533,-0.023414,0.991018,198.398422,207.225021,-201.759628,-0.170271,-0.045486,-0.014489,0.984240,238.244690,200.857910,-192.832901,-0.022524,0.494655,0.003248,0.868791,101.662186,324.337219,-78.109589,0.019229,-0.059356,0.023639,0.997772,222.930618,163.716583,-175.723892,-0.154778,-0.040951,-0.039246,0.986320,219.444977,185.436417,-196.170395
539,5.390000,-0.132357,-0.004316,-0.024658,0.990886,198.441513,207.245270,-201.717178,-0.170200,-0.045843,-0.014908,0.984230,238.286011,200.867142,-192.792679,-0.022555,0.494540,0.003181,0.868856,101.666801,324.332886,-78.120613,0.016326,-0.055780,0.023565,0.998031,222.985519,163.731018,-175.773300,-0.155523,-0.045293,-0.036078,0.986134,219.490677,185.432510,-196.165970
540,5.400000,-0.132299,-0.004725,-0.024558,0.990894,198.452652,207.257401,-201.673203,-0.169903,-0.046022,-0.014968,0.984272,238.308151,200.888168,-192.754623,-0.022488,0.494546,0.003253,0.868854,101.657066,324.332062,-78.112762,0.019260,-0.059125,0.023816,0.997781,222.994431,163.725266,-175.669037,-0.155893,-0.049708,-0.033438,0.985956,219.518051,185.434357,-196.166626
541,5.410000,-0.132513,-0.004338,-0.024817,0.990861,198.453918,207.265091,-201.640045,-0.169530,-0.046229,-0.015094,0.984324,238.308182,200.904892,-192.714905,-0.022517,0.494384,0.003172,0.868946,101.630524,324.325012,-78.091805,0.019195,-0.059195,0.023649,0.997782,222.983566,163.725082,-175.641541,-0.155984,-0.054116,-0.030936,0.985791,219.526474,185.433975,-196.171188
542,5.420000,-0.132291,-0.004212,-0.024379,0.990902,198.428253,207.273422,-201.609482,-0.169221,-0.046267,-0.015116,0.984376,238.273529,200.906815,-192.687515,-0.022401,0.494430,0.003439,0.868922,101.592010,324.320709,-78.054405,0.019230,-0.059289,0.023661,0.997775,222.966095,163.727020,-175.617416,-0.155864,-0.058509,-0.028564,0.985630,219.515167,185.431046,-196.179565
543,5.430000,-0.132266,-0.003790,-0.024086,0.990914,198.392151,207.276093,-201.592407,-0.169111,-0.046511,-0.014920,0.984386,238.237244,200.909821,-192.669357,-0.022277,0.494496,0.003607,0.868887,101.563766,324.321106,-78.007050,0.019223,-0.059322,0.023726,0.997772,222.931458,163.728241,-175.600525,-0.155591,-0.062757,-0.026655,0.985466,219.487991,185.426208,-196.192398
544,5.440000,-0.131937,-0.003539,-0.023311,0.990978,198.340759,207.266602,-201.579102,-0.169057,-0.046829,-0.014682,0.984384,238.195435,200.912155,-192.657852,-0.022219,0.494455,0.003643,0.868912,101.546768,324.325043,-77.962090,0.020595,-0.057134,0.023658,0.997874,222.878677,163.731567,-175.522964,-0.155398,-0.066964,-0.025216,0.985257,219.447891,185.423096,-196.209610
545,5.450000,-0.133123,-0.003201,-0.023891,0.990806,198.277466,207.256058,-201.577057,-0.168906,-0.047205,-0.015045,0.984386,238.132538,200.924500,-192.671677,-0.022111,0.494507,0.003743,0.868885,101.536118,324.331299,-77.924187,0.020716,-0.056973,0.023751,0.997878,222.839600,163.731674,-175.512329,-0.155327,-0.070430,-0.023555,0.985068,219.414810,185.417236,-196.224899
546,5.460000,-0.133610,-0.003390,-0.023616,0.990747,198.239075,207.250412,-201.586761,-0.169354,-0.047523,-0.015317,0.984290,238.094803,200.918304,-192.675262,-0.022018,0.494663,0.003855,0.868797,101.535530,324.339111,-77.904648,0.020695,-0.056975,0.023809,0.997877,222.811005,163.731506,-175.515137,-0.155450,-0.072325,-0.022241,0.984941,219.370667,185.409180,-196.246948
547,5.470000,-0.133947,-0.003208,-0.023078,0.990715,198.219711,207.247833,-201.599411,-0.169748,-0.047680,-0.015245,0.984215,238.079742,200.909058,-192.689255,-0.022089,0.494649,0.003779,0.868804,101.538925,324.335541,-77.901802,0.020574,-0.057080,0.023866,0.997872,222.798859,163.728012,-175.530685,-0.155675,-0.073521,-0.021498,0.984834,219.358337,185.403809,-196.263000
548,5.480000,-0.133884,-0.003226,-0.022914,0.990727,198.224182,207.245789,-201.613770,-0.168614,-0.047131,-0.014903,0.984442,238.083572,200.902878,-192.720139,-0.022072,0.494711,0.003849,0.868769,101.551262,324.330231,-77.932419,0.020552,-0.056963,0.023855,0.997880,222.803497,163.727402,-175.546600,-0.156112,-0.074572,-0.021036,0.984696,219.362564,185.401260,-196.276489
549,5.490000,-0.133766,-0.003306,-0.023595,0.990727,198.249725,207.244095,-201.628036,-0.168790,-0.046197,-0.014081,0.984468,238.117477,200.893784,-192.726669,-0.022237,0.494502,0.003607,0.868885,101.565521,324.324280,-77.980019,0.017406,-0.053413,0.023706,0.998139,222.838150,163.738602,-175.646973,-0.156559,-0.075369,-0.020929,0.984566,219.383850,185.399048,-196.286163
550,5.500000,-0.133731,-0.003588,-0.024196,0.990716,198.288773,207.244370,-201.644302,-0.168326,-0.046022,-0.013870,0.984559,238.156616,200.899857,-192.743927,-0.022336,0.494448,0.003509,0.868913,101.588776,324.318878,-78.022797,0.016447,-0.052278,0.023500,0.998221,222.876038,163.738220,-175.687607,-0.157084,-0.076574,-0.020794,0.984393,219.435135,185.400635,-196.287918
551,5.510000,-0.132877,-0.003555,-0.023666,0.990844,198.351227,207.247742,-201.667297,-0.169579,-0.045913,-0.014123,0.984345,238.200851,200.895035,-192.740997,-0.022502,0.494320,0.003156,0.868983,101.621544,324.323730,-78.070198,0.015480,-0.054461,0.023415,0.998121,222.906372,163.740387,-175.757874,-0.157842,-0.077315,-0.020497,0.984220,219.470123,185.400558,-196.297348
552,5.520000,-0.132006,-0.003933,-0.023664,0.990959,198.396530,207.257263,-201.672958,-0.169642,-0.045696,-0.014630,0.984337,238.243408,200.894241,-192.749557,-0.022514,0.494384,0.003184,0.868946,101.638954,324.323608,-78.096619,0.015360,-0.054835,0.023565,0.998099,222.956604,163.738083,-175.771042,-0.158044,-0.076837,-0.020454,0.984226,219.503784,185.406158,-196.308060
553,5.530000,-0.132162,-0.004093,-0.024617,0.990914,198.431320,207.261490,-201.685501,-0.169541,-0.045604,-0.014646,0.984359,238.274811,200.901169,-192.754517,-0.022533,0.494426,0.003167,0.868922,101.649513,324.326508,-78.110985,0.018690,-0.058600,0.023663,0.997826,222.965851,163.725632,-175.688202,-0.158138,-0.076518,-0.020355,0.984237,219.531067,185.406799,-196.317078
554,5.540000,-0.132482,-0.004542,-0.025152,0.990856,198.443573,207.260818,-201.692932,-0.169796,-0.045836,-0.014766,0.984302,238.294586,200.895111,-192.763138,-0.022557,0.494475,0.003175,0.868893,101.651405,324.328217,-78.110672,0.019202,-0.059102,0.023664,0.997787,222.973099,163.724075,-175.680466,-0.158121,-0.076790,-0.020107,0.984224,219.543610,185.404099,-196.327118
555,5.550000,-0.132466,-0.004615,-0.025156,0.990858,198.436890,207.260681,-201.694458,-0.169842,-0.046360,-0.014903,0.984267,238.289642,200.895538,-192.763107,-0.022550,0.494447,0.003136,0.868910,101.641113,324.329865,-78.091759,0.015731,-0.055215,0.023555,0.998073,222.984482,163.738297,-175.776474,-0.158616,-0.076881,-0.019155,0.984156,219.535522,185.405319,-196.353577
556,5.560000,-0.132419,-0.004310,-0.024657,0.990878,198.412308,207.256195,-201.692551,-0.169945,-0.046559,-0.014964,0.984239,238.263443,200.890015,-192.763199,-0.022492,0.494532,0.003328,0.868862,101.620888,324.325958,-78.059357,0.015084,-0.054515,0.023543,0.998121,222.969528,163.739883,-175.791306,-0.157502,-0.078053,-0.019286,0.984240,219.523193,185.397842,-196.356201
557,5.570000,-0.131227,-0.003734,-0.023074,0.991077,198.381622,207.263809,-201.699265,-0.169989,-0.046304,-0.014535,0.984250,238.220734,200.893112,-192.764328,-0.022429,0.494490,0.003422,0.868887,101.598900,324.327942,-78.024323,0.015294,-0.054695,0.023402,0.998112,222.923813,163.741928,-175.787720,-0.156657,-0.080515,-0.018892,0.984184,219.492447,185.393753,-196.370132
558,5.580000,-0.130453,-0.002976,-0.022112,0.991203,198.341034,207.266220,-201.696335,-0.168802,-0.045741,-0.014016,0.984488,238.179657,200.897964,-192.775970,-0.022232,0.494679,0.003677,0.868784,101.578117,324.333038,-77.991959,0.016654,-0.052595,0.023570,0.998199,222.893448,163.741898,-175.710098,-0.155877,-0.082463,-0.017900,0.984166,219.466049,185.389053,-196.381042
559,5.590000,-0.131266,-0.003208,-0.022673,0.991083,198.290543,207.262360,-201.675308,-0.168232,-0.045223,-0.013666,0.984615,238.147659,200.901047,-192.766632,-0.022334,0.494439,0.003522,0.868918,101.567566,324.329865,-77.977333,0.015059,-0.056243,0.023609,0.998024,222.853302,163.747894,-175.789597,-0.155242,-0.083888,-0.016387,0.984172,219.429337,185.374252,-196.389450
560,5.600000,-0.131619,-0.003080,-0.022732,0.991035,198.267319,207.261230,-201.655212,-0.168539,-0.045624,-0.013875,0.984541,238.121872,200.897110,-192.746017,-0.022230,0.494562,0.003669,0.868850,101.554169,324.330231,-77.969482,0.016734,-0.052733,0.023672,0.998188,222.845856,163.743622,-175.684937,-0.154642,-0.085164,-0.015439,0.984172,219.416473,185.370224,-196.395050
561,5.610000,-0.132789,-0.003097,-0.023332,0.990865,198.245728,207.249023,-201.629318,-0.168586,-0.046523,-0.014113,0.984487,238.115677,200.901855,-192.724335,-0.022207,0.494552,0.003684,0.868857,101.553909,324.326965,-77.975212,0.020245,-0.056223,0.023799,0.997929,222.820206,163.731033,-175.568619,-0.153939,-0.086295,-0.014655,0.984196,219.414154,185.368576,-196.395538
562,5.620000,-0.133620,-0.003153,-0.023879,0.990740,198.254623,207.251556,-201.614487,-0.168433,-0.046712,-0.014194,0.984503,238.120865,200.903473,-192.706818,-0.022225,0.494485,0.003618,0.868894,101.563614,324.320282,-77.990417,0.020552,-0.057060,0.023792,0.997876,222.823730,163.729065,-175.549881,-0.153517,-0.087175,-0.014125,0.984192,219.422333,185.367630,-196.395447
563,5.630000,-0.133776,-0.003269,-0.024036,0.990715,198.270355,207.251633,-201.597321,-0.169203,-0.046889,-0.013949,0.984366,238.141815,200.911087,-192.678467,-0.022257,0.494389,0.003519,0.868949,101.584656,324.315338,-78.010223,0.020632,-0.057185,0.023779,0.997867,222.835587,163.728439,-175.535477,-0.153087,-0.088139,-0.013841,0.984177,219.455780,185.368698,-196.385681
564,5.640000,-0.133960,-0.003263,-0.024205,0.990686,198.291580,207.253464,-201.585312,-0.169224,-0.046996,-0.014286,0.984353,238.167648,200.912094,-192.666351,-0.022260,0.494396,0.003494,0.868945,101.597641,324.311066,-78.024033,0.020442,-0.056968,0.023614,0.997887,222.856979,163.725235,-175.531723,-0.153048,-0.089842,-0.012984,0.984041,219.479858,185.368332,-196.380081
565,5.650000,-0.132478,-0.003532,-0.023195,0.990908,198.332733,207.261078,-201.578461,-0.169137,-0.047100,-0.014642,0.984358,238.191040,200.911484,-192.657684,-0.022296,0.494375,0.003457,0.868956,101.607208,324.309692,-78.032448,0.019304,-0.059377,0.023580,0.997770,222.873596,163.726471,-175.592529,-0.153220,-0.090521,-0.012602,0.983957,219.500595,185.369446,-196.379089
566,5.660000,-0.131497,-0.003415,-0.022910,0.991046,198.351257,207.266479,-201.580429,-0.169167,-0.047205,-0.014784,0.984345,238.206924,200.914078,-192.660217,-0.022292,0.494368,0.003428,0.868960,101.608971,324.313782,-78.037941,0.019177,-0.059472,0.023683,0.997765,222.891693,163.724945,-175.596939,-0.153406,-0.090817,-0.012485,0.983902,219.514816,185.372025,-196.381363
567,5.670000,-0.131486,-0.003265,-0.023096,0.991044,198.365067,207.274246,-201.589996,-0.169265,-0.047156,-0.014836,0.984330,238.216217,200.915482,-192.667572,-0.022321,0.494411,0.003431,0.868935,101.604454,324.316925,-78.035225,0.019211,-0.059404,0.023811,0.997765,222.905243,163.730179,-175.606995,-0.153634,-0.090666,-0.011963,0.983887,219.530579,185.368073,-196.381805
568,5.680000,-0.131396,-0.003230,-0.023233,0.991052,198.365555,207.275574,-201.604645,-0.169346,-0.047049,-0.014800,0.984322,238.215973,200.915131,-192.680771,-0.022393,0.494509,0.003489,0.868877,101.600136,324.316620,-78.020271,0.019360,-0.059414,0.023784,0.997762,222.902466,163.730515,-175.610947,-0.153969,-0.090705,-0.012038,0.983830,219.530685,185.369904,-196.390366
569,5.690000,-0.129837,-0.003439,-0.022408,0.991276,198.364685,207.283813,-201.627686,-0.169491,-0.047063,-0.014760,0.984297,238.210739,200.915466,-192.695663,-0.022352,0.494667,0.003604,0.868788,101.592209,324.324432,-78.004242,0.017307,-0.053626,0.023700,0.998130,222.913162,163.743561,-175.654938,-0.153865,-0.090927,-0.012847,0.983815,219.513962,185.379745,-196.404053
570,5.700000,-0.129318,-0.002714,-0.021611,0.991364,198.351089,207.281342,-201.651596,-0.168990,-0.046934,-0.014621,0.984391,238.202286,200.922073,-192.721008,-0.022372,0.494695,0.003606,0.868771,101.589058,324.330139,-77.993179,0.016578,-0.052269,0.023530,0.998218,222.904831,163.749191,-175.689499,-0.154187,-0.090643,-0.013274,0.983786,219.503143,185.378876,-196.417221
571,5.710000,-0.129873,-0.002989,-0.022058,0.991281,198.342560,207.277878,-201.674484,-0.168206,-0.046256,-0.014278,0.984562,238.182709,200.912735,-192.750427,-0.022336,0.494669,0.003593,0.868787,101.589699,324.334473,-77.990883,0.015011,-0.056249,0.023537,0.998027,222.882812,163.753311,-175.792374,-0.154402,-0.090627,-0.013326,0.983753,219.492950,185.377045,-196.426895
572,5.720000,-0.130442,-0.003178,-0.022271,0.991201,198.333237,207.273804,-201.686096,-0.168268,-0.045334,-0.013786,0.984602,238.168930,200.907379,-192.765900,-0.022348,0.494645,0.003583,0.868800,101.594238,324.331238,-77.991585,0.016429,-0.053261,0.023588,0.998167,222.883926,163.746185,-175.719894,-0.154528,-0.090846,-0.013296,0.983713,219.482559,185.375229,-196.435776
573,5.730000,-0.130285,-0.003451,-0.021718,0.991233,198.321533,207.272400,-201.687927,-0.167425,-0.044986,-0.013681,0.984763,238.163803,200.915909,-192.777054,-0.022405,0.494532,0.003500,0.868864,101.596832,324.323975,-78.010170,0.016766,-0.052642,0.023626,0.998193,222.879776,163.744034,-175.707611,-0.154739,-0.090873,-0.013229,0.983678,219.476761,185.371674,-196.443741
574,5.740000,-0.130299,-0.003433,-0.021501,0.991236,198.318008,207.271042,-201.686752,-0.168109,-0.044913,-0.013674,0.984650,238.158234,200.903610,-192.770203,-0.022355,0.494511,0.003497,0.868877,101.598289,324.320404,-78.033379,0.016774,-0.052687,0.023630,0.998191,222.876587,163.742752,-175.707687,-0.154615,-0.090991,-0.013176,0.983688,219.473724,185.371292,-196.448456
575,5.750000,-0.130520,-0.003217,-0.021349,0.991211,198.318069,207.271103,-201.680954,-0.168068,-0.045075,-0.013681,0.984649,238.159729,200.904282,-192.767380,-0.022344,0.494465,0.003491,0.868903,101.601700,324.319153,-78.058090,0.015111,-0.056443,0.023638,0.998012,222.866348,163.746124,-175.796005,-0.154484,-0.091284,-0.012987,0.983684,219.476227,185.371155,-196.451370
576,5.760000,-0.130529,-0.002795,-0.021215,0.991214,198.318771,207.273880,-201.670547,-0.167814,-0.045297,-0.013712,0.984682,238.163528,200.908386,-192.755554,-0.022336,0.494428,0.003478,0.868925,101.604675,324.316711,-78.071533,0.015573,-0.055123,0.023527,0.998081,222.875732,163.741638,-175.760101,-0.154174,-0.091791,-0.012722,0.983688,219.479477,185.371185,-196.450638
577,5.770000,-0.130357,-0.002560,-0.021174,0.991238,198.322464,207.276352,-201.660019,-0.167833,-0.045519,-0.013832,0.984667,238.166824,200.910599,-192.742706,-0.022359,0.494316,0.003352,0.868988,101.610252,324.313171,-78.075256,0.016560,-0.052764,0.023482,0.998194,222.884613,163.739487,-175.695297,-0.153905,-0.092280,-0.012322,0.983690,219.484955,185.370804,-196.448883
578,5.780000,-0.130227,-0.002547,-0.021204,0.991254,198.325455,207.278625,-201.650299,-0.169063,-0.046027,-0.013794,0.984433,238.172058,200.912979,-192.714691,-0.022312,0.494358,0.003468,0.868965,101.601654,324.313690,-78.065529,0.016777,-0.052755,0.023586,0.998188,222.883469,163.743546,-175.677933,-0.153536,-0.092863,-0.011978,0.983697,219.489853,185.370636,-196.445404
579,5.790000,-0.130042,-0.002585,-0.021234,0.991278,198.326874,207.281250,-201.640656,-0.169388,-0.046841,-0.014023,0.984336,238.172760,200.916397,-192.704514,-0.022349,0.494367,0.003411,0.868959,101.601677,324.312775,-78.050316,0.020239,-0.056560,0.023715,0.997912,222.866547,163.732574,-175.574387,-0.153185,-0.093518,-0.011567,0.983695,219.493256,185.369919,-196.441315
580,5.800000,-0.129804,-0.002763,-0.021271,0.991308,198.324951,207.283493,-201.630051,-0.168808,-0.046779,-0.014002,0.984439,238.172653,200.926575,-192.703476,-0.022312,0.494421,0.003510,0.868929,101.590576,324.316467,-78.026718,0.020625,-0.056984,0.023710,0.997880,222.863922,163.732452,-175.555542,-0.152883,-0.094003,-0.011298,0.983698,219.494171,185.370560,-196.439026
581,5.810000,-0.129645,-0.002889,-0.021322,0.991327,198.321487,207.285309,-201.622726,-0.169066,-0.047085,-0.014432,0.984374,238.173981,200.918961,-192.682465,-0.022308,0.494435,0.003513,0.868921,101.582695,324.320099,-78.003059,0.017182,-0.053071,0.023597,0.998164,222.877884,163.746887,-175.644302,-0.152485,-0.094479,-0.011011,0.983718,219.493057,185.370117,-196.435349
582,5.820000,-0.130428,-0.002835,-0.022489,0.991199,198.303406,207.280579,-201.610428,-0.169533,-0.047518,-0.014402,0.984273,238.167709,200.921066,-192.677139,-0.022318,0.494420,0.003501,0.868929,101.576317,324.324280,-77.978928,0.020025,-0.056207,0.023703,0.997937,222.859634,163.737305,-175.559784,-0.152660,-0.095357,-0.010171,0.983615,219.497437,185.359909,-196.429642
583,5.830000,-0.130688,-0.002658,-0.022793,0.991158,198.301010,207.278641,-201.602173,-0.169526,-0.047427,-0.014300,0.984280,238.165726,200.921234,-192.673233,-0.022370,0.494440,0.003498,0.868917,101.575470,324.325592,-77.959984,0.020667,-0.056865,0.023749,0.997885,222.853790,163.735413,-175.540161,-0.152639,-0.096298,-0.009583,0.983533,219.494598,185.359436,-196.427567
584,5.840000,-0.130709,-0.002921,-0.022959,0.991151,198.296707,207.282715,-201.604477,-0.169497,-0.047484,-0.014298,0.984282,238.163559,200.923431,-192.672318,-0.022313,0.494541,0.003583,0.868860,101.576744,324.329956,-77.952110,0.020590,-0.056766,0.023747,0.997893,222.853531,163.736771,-175.539719,-0.152376,-0.096127,-0.009895,0.983587,219.490021,185.367767,-196.431931
585,5.850000,-0.130721,-0.003380,-0.023009,0.991146,198.297012,207.283157,-201.605591,-0.169616,-0.047625,-0.014337,0.984254,238.163956,200.923859,-192.673706,-0.022310,0.494575,0.003592,0.868841,101.582100,324.331299,-77.958931,0.020644,-0.056805,0.023755,0.997889,222.853531,163.737244,-175.541000,-0.152234,-0.095732,-0.010249,0.983644,219.489838,185.368652,-196.432419
586,5.860000,-0.130688,-0.003366,-0.022987,0.991151,198.299332,207.283356,-201.609039,-0.169544,-0.047582,-0.014367,0.984268,238.167465,200.924255,-192.676071,-0.022405,0.494472,0.003485,0.868898,101.588890,324.324554,-77.984505,0.020619,-0.056829,0.023766,0.997888,222.855331,163.737656,-175.545288,-0.152397,-0.095415,-0.010328,0.983649,219.491241,185.370865,-196.435104
587,5.870000,-0.130697,-0.002973,-0.022940,0.991152,198.305389,207.281921,-201.610199,-0.169505,-0.047461,-0.014357,0.984281,238.171051,200.924271,-192.681732,-0.022373,0.494479,0.003483,0.868895,101.592087,324.321899,-78.012115,0.017214,-0.053006,0.023616,0.998167,222.876648,163.749649,-175.644257,-0.152558,-0.095177,-0.010532,0.983644,219.493805,185.371872,-196.436539
588,5.880000,-0.129977,-0.003167,-0.021840,0.991271,198.321259,207.287918,-201.626526,-0.169462,-0.047282,-0.014378,0.984297,238.174591,200.923203,-192.689514,-0.022412,0.494494,0.003495,0.868885,101.599419,324.314148,-78.036644,0.019984,-0.056171,0.023703,0.997940,222.865692,163.737381,-175.572830,-0.152748,-0.094870,-0.010671,0.983643,219.494766,185.373016,-196.439117
589,5.890000,-0.129673,-0.002901,-0.021298,0.991324,198.323883,207.286911,-201.635132,-0.169373,-0.047289,-0.014344,0.984312,238.175766,200.918976,-192.695511,-0.022372,0.494467,0.003471,0.868901,101.605576,324.315186,-78.064964,0.020612,-0.056937,0.023714,0.997883,222.864960,163.732971,-175.561966,-0.152910,-0.094511,-0.011015,0.983649,219.495117,185.373184,-196.442581
590,5.900000,-0.129912,-0.002737,-0.021375,0.991291,198.324905,207.284622,-201.642380,-0.169541,-0.047251,-0.014150,0.984288,238.173691,200.918808,-192.704819,-0.022460,0.494343,0.003198,0.868971,101.625710,324.318512,-78.083031,0.020629,-0.056984,0.023717,0.997880,222.864670,163.731628,-175.567963,-0.153057,-0.094145,-0.011237,0.983658,219.492630,185.374100,-196.446472
591,5.910000,-0.130108,-0.002618,-0.021300,0.991268,198.321289,207.282761,-201.648621,-0.168939,-0.046828,-0.014004,0.984414,238.171600,200.924072,-192.720978,-0.022458,0.494314,0.003166,0.868987,101.628128,324.319489,-78.080582,0.020606,-0.057027,0.023712,0.997878,222.861450,163.730087,-175.573303,-0.153947,-0.093268,-0.010879,0.983607,219.486237,185.377747,-196.463699
592,5.920000,-0.131099,-0.002369,-0.022441,0.991112,198.302155,207.275543,-201.646820,-0.167124,-0.045651,-0.013803,0.984782,238.162415,200.924881,-192.747589,-0.022374,0.494404,0.003357,0.868938,101.615891,324.316559,-78.068848,0.017095,-0.053172,0.023606,0.998160,222.874863,163.743515,-175.676239,-0.153473,-0.093289,-0.011598,0.983671,219.484039,185.372742,-196.456146
593,5.930000,-0.131655,-0.002755,-0.022963,0.991026,198.294495,207.275085,-201.651840,-0.166911,-0.045001,-0.013579,0.984851,238.156448,200.925293,-192.751541,-0.022350,0.494458,0.003470,0.868907,101.601883,324.319427,-78.053879,0.016409,-0.052410,0.023590,0.998212,222.872147,163.745789,-175.696045,-0.153375,-0.093463,-0.011600,0.983670,219.478210,185.372772,-196.458801
594,5.940000,-0.131572,-0.002987,-0.022881,0.991038,198.289581,207.275757,-201.653091,-0.167114,-0.044850,-0.013503,0.984824,238.150101,200.923416,-192.757797,-0.022363,0.494474,0.003493,0.868898,101.590469,324.320923,-78.030159,0.016596,-0.052550,0.023619,0.998201,222.867203,163.746353,-175.694016,-0.153939,-0.092876,-0.011125,0.983643,219.470764,185.376801,-196.472321
595,5.950000,-0.131534,-0.003114,-0.022911,0.991042,198.286835,207.276505,-201.652817,-0.167704,-0.045364,-0.013618,0.984699,238.146820,200.920166,-192.745789,-0.022308,0.494582,0.003599,0.868837,101.577057,324.324890,-78.013916,0.015087,-0.056435,0.023598,0.998013,222.852158,163.752853,-175.784485,-0.153601,-0.091686,-0.011724,0.983800,219.455933,185.386978,-196.482559
596,5.960000,-0.131417,-0.003160,-0.022979,0.991056,198.287109,207.278625,-201.649948,-0.167213,-0.045602,-0.013680,0.984771,238.149750,200.928696,-192.750076,-0.022298,0.494591,0.003615,0.868832,101.571922,324.326050,-78.000908,0.014906,-0.056909,0.023589,0.997989,222.853058,163.754074,-175.791733,-0.153447,-0.091826,-0.011370,0.983815,219.471008,185.376465,-196.472992
597,5.970000,-0.131415,-0.003352,-0.023110,0.991052,198.290207,207.279999,-201.641205,-0.167854,-0.045804,-0.013780,0.984651,238.151382,200.922211,-192.731705,-0.022361,0.494444,0.003496,0.868915,101.577736,324.325317,-77.994987,0.016583,-0.053169,0.023630,0.998168,222.866394,163.749176,-175.690811,-0.153424,-0.092731,-0.010771,0.983741,219.476593,185.375397,-196.470581
598,5.980000,-0.131307,-0.003235,-0.023057,0.991068,198.296799,207.281479,-201.631653,-0.168675,-0.046479,-0.013842,0.984478,238.162048,200.930771,-192.710495,-0.022279,0.494544,0.003580,0.868860,101.584373,324.326019,-77.994766,0.016834,-0.052703,0.023620,0.998189,222.872772,163.748688,-175.670532,-0.152532,-0.093554,-0.011135,0.983798,219.486343,185.371460,-196.455307
599,5.990000,-0.130240,-0.003279,-0.021817,0.991237,198.316406,207.288132,-201.625824,-0.168671,-0.046689,-0.014179,0.984464,238.171249,200.930923,-192.697174,-0.022331,0.494438,0.003473,0.868919,101.593781,324.319427,-78.007072,0.020574,-0.056908,0.023727,0.997885,222.859802,163.733856,-175.555206,-0.152827,-0.093548,-0.010404,0.983760,219.490128,185.374496,-196.462677
600,6.000000,-0.129514,-0.002212,-0.021075,0.991351,198.326782,207.287277,-201.612686,-0.169029,-0.046991,-0.014512,0.984383,238.176575,200.920822,-192.674225,-0.022369,0.494441,0.003464,0.868916,101.602844,324.313171,-78.016350,0.020983,-0.057318,0.023738,0.997853,222.861206,163.731964,-175.537125,-0.152197,-0.094579,-0.010256,0.983761,219.504684,185.362000,-196.442810
