Format Version,1.24,Take Name,Finger_016,Take Notes,,Capture Frame Rate,100.000000,Export Frame Rate,100.000000,Capture Start Time,2025-08-03 04.24.42.962 午後,Capture Start Frame,397911,Total Frames in Take,601,Total Exported Frames,601,Rotation Type,Quaternion,Length Units,Millimeters,Coordinate Space,Local

,Type,Rigid Body,Rigid Body,Rigid Body,Rigid Body,Rigid Body,Rigid Body,Rigid Body,Rigid Body,Rigid Body,Rigid Body,Rigid Body,Rigid Body,Rigid Body,Rigid Body,Rigid Body,Rigid Body,Rigid Body,Rigid Body,Rigid Body,Rigid Body,Rigid Body,Rigid Body,Rigid Body,Rigid Body,Rigid Body,Rigid Body,Rigid Body,Rigid Body,Rigid Body,Rigid Body,Rigid Body,Rigid Body,Rigid Body,Rigid Body,Rigid Body
,Name,Lunate,Lunate,Lunate,Lunate,Lunate,Lunate,Lunate,Scafoid,Scafoid,Scafoid,Scafoid,Scafoid,Scafoid,Scafoid,ForceGage,ForceGage,ForceGage,ForceGage,ForceGage,ForceGage,ForceGage,Radius,Radius,Radius,Radius,Radius,Radius,Radius,Capitate,Capitate,Capitate,Capitate,Capitate,Capitate,Capitate
,ID,4C6F3CA668EE11F03C28FEC2583C50A9,4C6F3CA668EE11F03C28FEC2583C50A9,4C6F3CA668EE11F03C28FEC2583C50A9,4C6F3CA668EE11F03C28FEC2583C50A9,4C6F3CA668EE11F03C28FEC2583C50A9,4C6F3CA668EE11F03C28FEC2583C50A9,4C6F3CA668EE11F03C28FEC2583C50A9,8259AD1D68EE11F03C28FEC2583C50A9,8259AD1D68EE11F03C28FEC2583C50A9,8259AD1D68EE11F03C28FEC2583C50A9,8259AD1D68EE11F03C28FEC2583C50A9,8259AD1D68EE11F03C28FEC2583C50A9,8259AD1D68EE11F03C28FEC2583C50A9,8259AD1D68EE11F03C28FEC2583C50A9,5A5084686DA011F03C28FEC2583C50A9,5A5084686DA011F03C28FEC2583C50A9,5A5084686DA011F03C28FEC2583C50A9,5A5084686DA011F03C28FEC2583C50A9,5A5084686DA011F03C28FEC2583C50A9,5A5084686DA011F03C28FEC2583C50A9,5A5084686DA011F03C28FEC2583C50A9,68F0D2CD6DA111F03C28FEC2583C50A9,68F0D2CD6DA111F03C28FEC2583C50A9,68F0D2CD6DA111F03C28FEC2583C50A9,68F0D2CD6DA111F03C28FEC2583C50A9,68F0D2CD6DA111F03C28FEC2583C50A9,68F0D2CD6DA111F03C28FEC2583C50A9,68F0D2CD6DA111F03C28FEC2583C50A9,F719E5E4703211F03C28FEC2583C50A9,F719E5E4703211F03C28FEC2583C50A9,F719E5E4703211F03C28FEC2583C50A9,F719E5E4703211F03C28FEC2583C50A9,F719E5E4703211F03C28FEC2583C50A9,F719E5E4703211F03C28FEC2583C50A9,F719E5E4703211F03C28FEC2583C50A9
,,Rotation,Rotation,Rotation,Rotation,Position,Position,Position,Rotation,Rotation,Rotation,Rotation,Position,Position,Position,Rotation,Rotation,Rotation,Rotation,Position,Position,Position,Rotation,Rotation,Rotation,Rotation,Position,Position,Position,Rotation,Rotation,Rotation,Rotation,Position,Position,Position
Frame,Time (Seconds),X,Y,Z,W,X,Y,Z,X,Y,Z,W,X,Y,Z,X,Y,Z,W,X,Y,Z,X,Y,Z,W,X,Y,Z,X,Y,Z,W,X,Y,Z
0,0.000000,-0.030246,-0.002741,-0.010584,0.999483,195.687164,215.860687,-199.438492,-0.027923,0.011287,0.024494,0.999246,236.556244,210.692703,-194.815842,-0.022837,0.496617,0.005595,0.867651,100.062790,324.245117,-74.944145,0.004002,-0.037093,0.021711,0.999068,222.450897,163.065826,-178.585724,-0.042781,-0.036742,0.005566,0.998393,218.394989,192.868088,-200.341812
1,0.010000,-0.029531,-0.002515,-0.010375,0.999507,195.678741,215.857742,-199.454468,-0.027848,0.011648,0.024756,0.999238,236.541061,210.685867,-194.820801,-0.022821,0.496579,0.005644,0.867673,100.029984,324.245483,-74.913925,0.003971,-0.037170,0.021723,0.999065,222.442261,163.064056,-178.591324,-0.043784,-0.038818,0.006448,0.998266,218.364059,192.866379,-200.356659
2,0.020000,-0.030009,-0.002597,-0.010420,0.999492,195.668045,215.852234,-199.455170,-0.027830,0.011921,0.024856,0.999233,236.532104,210.678406,-194.823685,-0.022848,0.496372,0.005563,0.867792,100.004494,324.245056,-74.893127,0.003982,-0.037186,0.021813,0.999062,222.428223,163.058167,-178.591125,-0.044080,-0.039576,0.006843,0.998220,218.356766,192.859360,-200.364090
3,0.030000,-0.030678,-0.002810,-0.010506,0.999470,195.661148,215.848160,-199.453995,-0.027806,0.011998,0.024918,0.999231,236.524460,210.672821,-194.816620,-0.022796,0.496346,0.005592,0.867807,100.000237,324.245178,-74.891098,0.003987,-0.037173,0.021851,0.999062,222.420334,163.055466,-178.581924,-0.044177,-0.040325,0.007319,0.998183,218.352890,192.852478,-200.365372
4,0.040000,-0.030979,-0.002971,-0.010477,0.999461,195.656860,215.845749,-199.450317,-0.027733,0.012105,0.025054,0.999228,236.523132,210.671051,-194.810730,-0.022736,0.496299,0.005589,0.867836,100.009941,324.244904,-74.897156,0.003985,-0.037149,0.021866,0.999063,222.418106,163.052383,-178.574448,-0.044478,-0.041127,0.007749,0.998133,218.351944,192.850235,-200.365387
5,0.050000,-0.031582,-0.003337,-0.010727,0.999438,195.655380,215.846207,-199.440033,-0.027573,0.012319,0.025144,0.999228,236.520950,210.671402,-194.800308,-0.022649,0.496387,0.005642,0.867788,100.031654,324.241943,-74.913239,0.004014,-0.037159,0.021853,0.999062,222.417740,163.051453,-178.565872,-0.044724,-0.042174,0.008134,0.998076,218.351349,192.851715,-200.361557
6,0.060000,-0.032116,-0.003637,-0.010823,0.999419,195.655762,215.849152,-199.423447,-0.027495,0.012551,0.025209,0.999225,236.521133,210.674957,-194.786179,-0.022660,0.496422,0.005608,0.867767,100.048653,324.237061,-74.937363,0.004089,-0.037133,0.021859,0.999063,222.419846,163.051788,-178.555969,-0.062465,-0.050734,0.004014,0.996749,218.270874,192.858749,-200.168106
7,0.070000,-0.031658,-0.001187,-0.010696,0.999441,195.655609,215.860306,-199.383942,-0.027437,0.012558,0.025211,0.999227,236.524139,210.678497,-194.773254,-0.022672,0.496461,0.005634,0.867745,100.055496,324.234039,-74.954231,0.004156,-0.036977,0.021831,0.999069,222.421310,163.055206,-178.542206,-0.070659,-0.064614,0.007425,0.995378,218.261749,192.862488,-200.131638
8,0.080000,-0.031679,-0.002453,-0.010500,0.999440,195.667557,215.858170,-199.395874,-0.027387,0.012603,0.025175,0.999228,236.531647,210.683960,-194.760361,-0.022730,0.496482,0.005611,0.867731,100.055550,324.234192,-74.968300,0.004183,-0.036927,0.021745,0.999073,222.433228,163.060791,-178.532883,-0.070910,-0.067963,0.008652,0.995127,218.289246,192.868698,-200.109497
9,0.090000,-0.031965,-0.004004,-0.011081,0.999420,195.677704,215.859329,-199.385529,-0.027251,0.012838,0.025257,0.999227,236.540161,210.687759,-194.746063,-0.022795,0.496534,0.005657,0.867700,100.048584,324.236328,-74.973801,0.004015,-0.036888,0.021522,0.999080,222.443909,163.072723,-178.521759,-0.070501,-0.067488,0.008452,0.995190,218.298431,192.873306,-200.094757
10,0.100000,-0.031090,-0.001037,-0.010799,0.999458,195.684906,215.866501,-199.346573,-0.027329,0.012426,0.024989,0.999237,236.553864,210.695297,-194.738953,-0.022850,0.496570,0.005672,0.867678,100.041611,324.239410,-74.975067,0.003984,-0.036900,0.021507,0.999080,222.450867,163.078201,-178.514191,-0.069763,-0.065664,0.008072,0.995367,218.309555,192.876938,-200.081665
11,0.110000,-0.030679,-0.001950,-0.010438,0.999473,195.693085,215.864502,-199.365997,-0.027449,0.011970,0.024740,0.999245,236.560852,210.699127,-194.735870,-0.022884,0.496622,0.005680,0.867647,100.036316,324.242920,-74.969124,0.004020,-0.036957,0.021480,0.999078,222.455078,163.083496,-178.511917,-0.069123,-0.063959,0.007519,0.995527,218.314240,192.881744,-200.071869
12,0.120000,-0.029685,0.000428,-0.010032,0.999509,195.698395,215.877640,-199.335144,-0.027420,0.011924,0.024711,0.999247,236.564453,210.703461,-194.735352,-0.022897,0.496673,0.005677,0.867617,100.038216,324.245819,-74.965271,0.004022,-0.036919,0.021474,0.999079,222.457260,163.085876,-178.514450,-0.068553,-0.062445,0.006967,0.995667,218.316666,192.886139,-200.068192
13,0.130000,-0.029032,0.002636,-0.009608,0.999529,195.693878,215.876907,-199.335114,-0.027441,0.011921,0.024660,0.999248,236.565765,210.707077,-194.738632,-0.022868,0.496705,0.005685,0.867599,100.049942,324.248047,-74.965790,0.004027,-0.036901,0.021470,0.999080,222.458633,163.086960,-178.520279,-0.068092,-0.060919,0.006396,0.995797,218.314987,192.891068,-200.068893
14,0.140000,-0.028925,0.002808,-0.009615,0.999531,195.690506,215.875671,-199.345612,-0.027564,0.011489,0.024536,0.999253,236.562607,210.706528,-194.751205,-0.022812,0.496727,0.005639,0.867589,100.070908,324.250793,-74.972160,0.003965,-0.036937,0.021504,0.999078,222.455017,163.084457,-178.529999,-0.068000,-0.059274,0.005742,0.995906,218.310364,192.890152,-200.073288
15,0.150000,-0.029775,-0.000140,-0.009827,0.999508,195.689087,215.864044,-199.385712,-0.027737,0.011146,0.024446,0.999254,236.558594,210.699860,-194.763519,-0.022848,0.496720,0.005482,0.867593,100.103470,324.256409,-74.990074,0.003950,-0.036901,0.021514,0.999080,222.453964,163.078995,-178.535492,-0.067882,-0.057898,0.005155,0.995999,218.304932,192.887390,-200.075058
16,0.160000,-0.030862,-0.003023,-0.010628,0.999463,195.686218,215.857071,-199.403442,-0.027823,0.011074,0.024468,0.999252,236.555313,210.693069,-194.773819,-0.022877,0.496653,0.005451,0.867630,100.111290,324.250000,-75.002365,0.003923,-0.036907,0.021519,0.999079,222.450180,163.074188,-178.538849,-0.068100,-0.057111,0.004313,0.996033,218.295853,192.882950,-200.077469
17,0.170000,-0.031086,-0.003194,-0.010747,0.999454,195.686203,215.852646,-199.412033,-0.027930,0.011137,0.024436,0.999249,236.554489,210.687271,-194.780914,-0.022908,0.496615,0.005432,0.867652,100.106895,324.245758,-75.011589,0.003963,-0.036929,0.021718,0.999074,222.449997,163.068130,-178.548813,-0.068391,-0.056452,0.003895,0.996053,218.293289,192.878922,-200.077866
18,0.180000,-0.031230,-0.003284,-0.010710,0.999450,195.687195,215.850845,-199.414368,-0.027802,0.011611,0.024742,0.999240,236.551926,210.681152,-194.780121,-0.022810,0.496606,0.005601,0.867658,100.081886,324.240112,-75.006554,0.003937,-0.036960,0.021737,0.999073,222.452347,163.066238,-178.550827,-0.068262,-0.055852,0.003714,0.996096,218.295166,192.878662,-200.079636
19,0.190000,-0.031441,-0.003365,-0.010779,0.999442,195.692856,215.851913,-199.407608,-0.027833,0.011401,0.024536,0.999246,236.561462,210.687332,-194.776917,-0.022842,0.496564,0.005614,0.867681,100.063095,324.235413,-75.002319,0.004104,-0.036963,0.021708,0.999072,222.460266,163.067627,-178.541901,-0.068191,-0.055367,0.003954,0.996127,218.303955,192.878937,-200.075394
20,0.200000,-0.031735,-0.003631,-0.010959,0.999430,195.699768,215.855728,-199.393600,-0.027933,0.011050,0.024326,0.999253,236.568161,210.692368,-194.763443,-0.022854,0.496548,0.005678,0.867690,100.040085,324.235992,-74.993309,0.003993,-0.036956,0.021494,0.999078,222.464905,163.074173,-178.527420,-0.068148,-0.055464,0.004164,0.996124,218.312820,192.882843,-200.068634
21,0.210000,-0.031956,-0.003344,-0.010878,0.999425,195.717575,215.868118,-199.380554,-0.027653,0.011459,0.024490,0.999252,236.576096,210.696457,-194.744431,-0.022913,0.496434,0.005707,0.867753,100.015717,324.235413,-74.968719,0.004006,-0.036910,0.021465,0.999080,222.473587,163.078430,-178.517105,-0.067963,-0.056181,0.004504,0.996095,218.321152,192.887527,-200.057892
22,0.220000,-0.031599,-0.001226,-0.010524,0.999444,195.726074,215.876587,-199.344284,-0.027331,0.012155,0.024731,0.999247,236.582809,210.701309,-194.729080,-0.022908,0.496406,0.005732,0.867769,100.004700,324.238190,-74.949966,0.004074,-0.036905,0.021458,0.999080,222.481201,163.081635,-178.508209,-0.066673,-0.057964,0.004042,0.996082,218.341049,192.891190,-200.034256
23,0.230000,-0.030299,0.003395,-0.009530,0.999490,195.729782,215.884918,-199.305756,-0.027591,0.012130,0.024922,0.999235,236.593094,210.701172,-194.714600,-0.022892,0.496405,0.005740,0.867770,100.003166,324.243225,-74.933968,0.004063,-0.036928,0.021449,0.999079,222.487961,163.083145,-178.496338,-0.066360,-0.058616,0.004353,0.996063,218.348511,192.893845,-200.024597
24,0.240000,-0.029766,0.004900,-0.008963,0.999505,195.736649,215.884750,-199.292847,-0.027568,0.012100,0.024895,0.999237,236.598648,210.702881,-194.699097,-0.022845,0.496459,0.005764,0.867740,100.011002,324.248260,-74.925255,0.004029,-0.036878,0.021430,0.999082,222.493195,163.085449,-178.483582,-0.065955,-0.058615,0.004524,0.996089,218.355942,192.893646,-200.014603
25,0.250000,-0.030197,0.003051,-0.009093,0.999498,195.745071,215.880829,-199.295853,-0.027522,0.012117,0.024871,0.999238,236.604782,210.704788,-194.685318,-0.022836,0.496487,0.005755,0.867725,100.018867,324.251099,-74.925354,0.004047,-0.036946,0.021420,0.999080,222.499832,163.087097,-178.468369,-0.065987,-0.058503,0.004587,0.996093,218.364182,192.893341,-200.001572
26,0.260000,-0.029953,0.003779,-0.009272,0.999501,195.751617,215.885452,-199.260147,-0.029612,0.005746,0.022108,0.999301,236.638535,210.725388,-194.731857,-0.022826,0.496640,0.005786,0.867637,100.033974,324.251678,-74.942078,0.004309,-0.036662,0.021325,0.999091,222.507706,163.090240,-178.442932,-0.065703,-0.058498,0.004658,0.996112,218.373215,192.894669,-199.989716
27,0.270000,-0.029863,0.002446,-0.009058,0.999510,195.758560,215.889801,-199.261765,-0.031466,-0.000762,0.019201,0.999320,236.646576,210.737350,-194.728531,-0.022872,0.496692,0.005780,0.867606,100.046944,324.246704,-74.971039,0.004403,-0.036617,0.021340,0.999092,222.507004,163.092651,-178.432236,-0.065412,-0.058425,0.004697,0.996135,218.375854,192.898865,-199.980087
28,0.280000,-0.029341,0.003775,-0.009001,0.999522,195.747116,215.900604,-199.226212,-0.031563,-0.001176,0.019216,0.999316,236.635223,210.743896,-194.720261,-0.022938,0.496726,0.005763,0.867585,100.058342,324.238678,-75.009789,0.004427,-0.036628,0.021401,0.999090,222.495712,163.100784,-178.423386,-0.064817,-0.058511,0.004806,0.996169,218.366959,192.903076,-199.973053
29,0.290000,-0.028509,0.005191,-0.008530,0.999544,195.722702,215.905090,-199.209839,-0.030494,-0.001291,0.018558,0.999362,236.597656,210.776352,-194.722534,-0.023072,0.496572,0.005594,0.867671,100.070084,324.228485,-75.068573,0.004362,-0.036536,0.021501,0.999092,222.471268,163.103882,-178.416595,-0.064093,-0.058556,0.005063,0.996212,218.346802,192.901840,-199.968658
30,0.300000,-0.028292,0.005125,-0.008489,0.999551,195.688049,215.901794,-199.203827,-0.029973,-0.001300,0.018472,0.999379,236.562744,210.784286,-194.716522,-0.023176,0.496500,0.005534,0.867709,100.085327,324.214722,-75.137123,0.004512,-0.036598,0.021510,0.999088,222.443542,163.106873,-178.404816,-0.063234,-0.058769,0.005299,0.996253,218.319748,192.903564,-199.965271
31,0.310000,-0.027748,0.004133,-0.008621,0.999569,195.639343,215.895050,-199.191467,-0.029866,-0.001398,0.018667,0.999379,236.526016,210.783829,-194.710052,-0.023127,0.496339,0.005560,0.867803,100.129280,324.211884,-75.261589,0.004528,-0.036566,0.021639,0.999087,222.406967,163.105148,-178.398911,-0.063771,-0.057752,0.005959,0.996274,218.277161,192.902863,-199.984634
32,0.320000,-0.027428,0.003797,-0.008941,0.999577,195.601730,215.896820,-199.187683,-0.029573,-0.000863,0.019097,0.999380,236.490509,210.781860,-194.704544,-0.023050,0.496370,0.005710,0.867786,100.160492,324.218384,-75.363068,0.004622,-0.036522,0.021827,0.999084,222.375305,163.096420,-178.393982,-0.063411,-0.056812,0.005529,0.996354,218.243027,192.903763,-199.991547
33,0.330000,-0.027792,0.002909,-0.009144,0.999568,195.579987,215.894516,-199.204971,-0.027134,0.006439,0.022385,0.999361,236.442474,210.753922,-194.640305,-0.022997,0.496521,0.005828,0.867700,100.207932,324.250824,-75.468979,0.004650,-0.036556,0.021857,0.999082,222.355759,163.091766,-178.393372,-0.063013,-0.055362,0.005183,0.996463,218.201187,192.900116,-200.002090
34,0.340000,-0.029116,0.002482,-0.009471,0.999528,195.578033,215.890015,-199.223480,-0.024656,0.014282,0.025689,0.999264,236.433502,210.745255,-194.627609,-0.022949,0.496430,0.005878,0.867754,100.307388,324.286621,-75.641502,0.004603,-0.036552,0.021710,0.999085,222.343613,163.086899,-178.399017,-0.062664,-0.053853,0.004590,0.996570,218.195923,192.899445,-200.003372
35,0.350000,-0.029518,0.002728,-0.009523,0.999515,195.584686,215.890656,-199.233414,-0.024394,0.015201,0.026008,0.999248,236.438583,210.744705,-194.631195,-0.022850,0.496730,0.005953,0.867584,100.501709,324.261627,-75.949356,0.004626,-0.036598,0.021819,0.999081,222.351120,163.089111,-178.402847,-0.062540,-0.052644,0.004063,0.996645,218.198074,192.899658,-200.004669
36,0.360000,-0.029643,0.002744,-0.009613,0.999511,195.596039,215.892441,-199.238052,-0.024356,0.015233,0.025964,0.999250,236.449142,210.746475,-194.637848,-0.023097,0.496661,0.005620,0.867619,100.770836,324.180756,-76.414665,0.004608,-0.036767,0.021824,0.999075,222.356812,163.092300,-178.412231,-0.062479,-0.051403,0.003498,0.996716,218.206848,192.903564,-200.006989
37,0.370000,-0.029551,0.002694,-0.009670,0.999513,195.605194,215.894470,-199.243317,-0.024342,0.015350,0.025953,0.999249,236.458710,210.747849,-194.644455,-0.023318,0.496633,0.005328,0.867631,101.109024,324.165436,-77.002220,0.004484,-0.036613,0.021716,0.999084,222.369354,163.090836,-178.423080,-0.062369,-0.050197,0.002994,0.996786,218.213577,192.906525,-200.009460
38,0.380000,-0.029595,0.002779,-0.009677,0.999511,195.613922,215.896423,-199.243759,-0.024287,0.015440,0.025969,0.999248,236.467560,210.749954,-194.643936,-0.024296,0.495859,0.003983,0.868054,101.485909,324.209473,-77.594330,0.004515,-0.036624,0.021709,0.999083,222.375763,163.093826,-178.424622,-0.062175,-0.049231,0.002689,0.996847,218.221832,192.909683,-200.010345
39,0.390000,-0.029786,0.002388,-0.009454,0.999509,195.616562,215.890228,-199.245956,-0.024292,0.015515,0.026005,0.999246,236.466888,210.748825,-194.641388,-0.024205,0.495745,0.003996,0.868122,101.960075,324.285828,-78.391075,0.004559,-0.036737,0.021786,0.999077,222.372162,163.096802,-178.417877,-0.061770,-0.048690,0.002524,0.996899,218.222275,192.906006,-200.008484
40,0.400000,-0.029862,0.002477,-0.009721,0.999504,195.603882,215.891068,-199.235596,-0.024208,0.015486,0.026012,0.999249,236.458496,210.744629,-194.638397,-0.024040,0.496031,0.004144,0.867962,102.503120,324.326385,-79.346733,0.004519,-0.036479,0.021696,0.999089,222.369995,163.088470,-178.410110,-0.061281,-0.048468,0.002591,0.996940,218.214050,192.900192,-200.007126
41,0.410000,-0.029753,0.002641,-0.009676,0.999507,195.588745,215.889008,-199.229507,-0.024342,0.015393,0.026042,0.999246,236.444199,210.742249,-194.630417,-0.024345,0.495941,0.004147,0.868005,103.124382,324.292542,-80.389595,0.004614,-0.036547,0.021831,0.999083,222.358017,163.089157,-178.399658,-0.060741,-0.048334,0.002685,0.996979,218.203201,192.897095,-200.007202
42,0.420000,-0.029621,0.002570,-0.009550,0.999512,195.578842,215.888763,-199.220978,-0.024327,0.015225,0.026009,0.999250,236.434891,210.742493,-194.623230,-0.024411,0.495793,0.003801,0.868089,103.849052,324.265808,-81.621964,0.004621,-0.036532,0.021819,0.999084,222.348511,163.088058,-178.392105,-0.060250,-0.048300,0.002860,0.997010,218.197037,192.896439,-200.005630
43,0.430000,-0.028953,0.002254,-0.009556,0.999533,195.568298,215.889511,-199.197861,-0.026641,0.008077,0.022989,0.999348,236.449036,210.765335,-194.676468,-0.024748,0.495615,0.003368,0.868183,104.657692,324.239807,-83.001015,0.004542,-0.036542,0.021690,0.999086,222.333786,163.085175,-178.379089,-0.059425,-0.048380,0.003141,0.997055,218.191467,192.889359,-199.998657
44,0.440000,-0.027861,0.002618,-0.008969,0.999568,195.556686,215.888702,-199.159668,-0.029528,0.000211,0.019200,0.999380,236.445557,210.780365,-194.662384,-0.024985,0.495641,0.003278,0.868162,105.471405,324.247772,-84.472588,0.004693,-0.036706,0.021958,0.999074,222.325699,163.094055,-178.355072,-0.058253,-0.048816,0.003649,0.997101,218.192535,192.885818,-199.986740
45,0.450000,-0.026730,0.003431,-0.008431,0.999601,195.558762,215.894531,-199.122452,-0.027387,0.006615,0.021955,0.999362,236.421509,210.763336,-194.567001,-0.024741,0.495597,0.003506,0.868193,106.315453,324.296844,-85.994247,0.004590,-0.036709,0.021939,0.999075,222.327682,163.101425,-178.326889,-0.057228,-0.049329,0.004345,0.997132,218.201508,192.886490,-199.973373
46,0.460000,-0.026461,0.003814,-0.008457,0.999607,195.568832,215.902222,-199.087173,-0.024770,0.013616,0.024966,0.999289,236.427261,210.777100,-194.515472,-0.024658,0.495798,0.003998,0.868079,107.165764,324.357513,-87.521957,0.004529,-0.036612,0.021936,0.999079,222.341095,163.111496,-178.299576,-0.028969,-0.038884,0.009783,0.998776,218.321548,192.809921,-200.208328
47,0.470000,-0.027107,0.004010,-0.008788,0.999586,195.588333,215.927048,-199.049896,-0.024033,0.014884,0.025230,0.999282,236.444061,210.785004,-194.473999,-0.024564,0.495910,0.004326,0.868016,108.055336,324.422729,-89.114990,0.005109,-0.037240,0.021851,0.999054,222.353897,163.114151,-178.249924,-0.016397,-0.020683,0.006639,0.999630,218.352173,192.804138,-200.225632
48,0.480000,-0.027971,0.004242,-0.009363,0.999556,195.620071,215.954773,-199.013535,-0.025699,0.013482,0.024820,0.999271,236.476944,210.782516,-194.403915,-0.024698,0.495806,0.004170,0.868072,108.987045,324.461823,-90.743484,0.005065,-0.037243,0.021790,0.999056,222.367645,163.121643,-178.212265,-0.031219,-0.026482,0.003706,0.999155,218.319016,192.863724,-200.085983
49,0.490000,-0.028536,0.004083,-0.009913,0.999535,195.631516,215.966156,-198.977966,-0.029365,0.005704,0.021194,0.999328,236.513123,210.808212,-194.417847,-0.024576,0.495807,0.004173,0.868075,109.970253,324.485138,-92.424294,0.005076,-0.037237,0.021762,0.999057,222.380524,163.125473,-178.176346,-0.045387,-0.044213,0.005250,0.997977,218.317780,192.893692,-199.961090
50,0.500000,-0.028566,0.002546,-0.009963,0.999539,195.637405,215.980133,-198.939163,-0.032737,-0.003291,0.017727,0.999301,236.530701,210.822327,-194.401337,-0.024633,0.495460,0.003904,0.868273,110.956871,324.503235,-94.058990,0.005124,-0.037262,0.021745,0.999056,222.393158,163.125565,-178.147507,-0.048277,-0.055047,0.008560,0.997279,218.333908,192.910934,-199.919403
51,0.510000,-0.028693,0.001860,-0.010086,0.999536,195.648743,215.983627,-198.918442,-0.033232,-0.004332,0.017225,0.999290,236.550018,210.819687,-194.381882,-0.024678,0.495618,0.003965,0.868181,111.889938,324.520508,-95.649559,0.005188,-0.037272,0.021741,0.999055,222.404709,163.128555,-178.131042,-0.047184,-0.054984,0.010460,0.997317,218.363876,192.931244,-199.915421
52,0.520000,-0.028522,0.001340,-0.009880,0.999543,195.662903,215.987183,-198.911987,-0.033602,-0.004314,0.017418,0.999274,236.561127,210.820999,-194.362625,-0.024591,0.495870,0.004021,0.868039,112.816513,324.541321,-97.264725,0.005159,-0.037260,0.021709,0.999057,222.415054,163.130493,-178.127502,-0.045425,-0.051958,0.010044,0.997565,218.376266,192.932312,-199.913208
53,0.530000,-0.028044,0.000119,-0.010457,0.999552,195.677567,215.992249,-198.912338,-0.033683,-0.004501,0.017375,0.999271,236.568512,210.822937,-194.363983,-0.024577,0.495972,0.003985,0.867982,113.712898,324.572021,-98.837013,0.005250,-0.037308,0.021778,0.999053,222.437698,163.138184,-178.131699,-0.044206,-0.049375,0.009153,0.997760,218.382523,192.934052,-199.910660
54,0.540000,-0.027321,-0.000250,-0.010594,0.999571,195.689102,215.993118,-198.918289,-0.033250,-0.004239,0.017602,0.999283,236.587708,210.818741,-194.380432,-0.024784,0.495912,0.003849,0.868010,114.602303,324.601440,-100.353180,0.005739,-0.037220,0.021702,0.999055,222.442734,163.137253,-178.158539,-0.043607,-0.047363,0.008402,0.997890,218.390900,192.936493,-199.910263
55,0.550000,-0.026942,0.000692,-0.011009,0.999576,195.706268,215.987442,-198.930038,-0.032934,-0.003887,0.017585,0.999295,236.603500,210.817261,-194.393570,-0.024745,0.495983,0.003847,0.867971,115.438660,324.636108,-101.833168,0.005697,-0.037182,0.021621,0.999058,222.456802,163.141983,-178.171631,-0.043276,-0.045838,0.007825,0.997980,218.398514,192.939148,-199.909882
56,0.560000,-0.026708,0.001073,-0.010366,0.999589,195.731567,215.979752,-198.932892,-0.032766,-0.003689,0.017772,0.999298,236.624268,210.819580,-194.397934,-0.024792,0.495991,0.004099,0.867964,116.228317,324.667938,-103.250603,0.005617,-0.037144,0.021606,0.999061,222.469635,163.145248,-178.171371,-0.042936,-0.044881,0.007378,0.998042,218.413055,192.936783,-199.905380
57,0.570000,-0.026376,0.002067,-0.010382,0.999596,195.752792,215.968826,-198.915665,-0.033285,-0.003669,0.017684,0.999283,236.640564,210.818695,-194.378494,-0.025099,0.496014,0.003992,0.867943,117.000862,324.702240,-104.554184,0.005606,-0.037151,0.021553,0.999062,222.481842,163.146759,-178.154800,-0.042584,-0.045084,0.006866,0.998052,218.437729,192.943100,-199.895218
58,0.580000,-0.026032,0.002734,-0.009925,0.999608,195.764862,215.972488,-198.886520,-0.033312,-0.003812,0.017547,0.999284,236.655151,210.819077,-194.353012,-0.025054,0.495902,0.003971,0.868008,117.744980,324.741455,-105.805489,0.005613,-0.037114,0.021651,0.999061,222.502411,163.154190,-178.125092,-0.040958,-0.046712,0.006724,0.998046,218.453903,192.926895,-199.853729
59,0.590000,-0.026241,0.002722,-0.009971,0.999602,195.777145,215.983231,-198.840118,-0.033167,-0.003689,0.017468,0.999290,236.671097,210.821854,-194.312607,-0.024623,0.496038,0.004447,0.867940,118.428802,324.790680,-106.973183,0.005669,-0.037144,0.021631,0.999060,222.519791,163.155807,-178.082733,-0.040745,-0.049516,0.007837,0.997911,218.472473,192.924683,-199.822815
60,0.600000,-0.025812,0.001992,-0.009547,0.999619,195.785385,215.995880,-198.786575,-0.032627,-0.003756,0.017601,0.999306,236.685318,210.832596,-194.251205,-0.024532,0.496203,0.004483,0.867848,119.101196,324.830475,-108.088249,0.005814,-0.037057,0.021516,0.999065,222.546188,163.156830,-178.028778,-0.039781,-0.053888,0.010358,0.997701,218.484436,192.936157,-199.768066
61,0.610000,-0.026927,0.000915,-0.009612,0.999591,195.796234,216.011505,-198.712311,-0.032340,-0.003558,0.017200,0.999323,236.693878,210.852158,-194.188110,-0.024477,0.496144,0.004348,0.867884,119.690544,324.850525,-109.134872,0.005790,-0.036988,0.021666,0.999064,222.564926,163.156540,-177.976700,-0.041442,-0.057524,0.013073,0.997398,218.513138,192.957108,-199.719803
62,0.620000,-0.027474,0.002206,-0.009428,0.999576,195.806915,216.026688,-198.628784,-0.031945,-0.003344,0.017281,0.999335,236.707596,210.866776,-194.132156,-0.024631,0.495931,0.004135,0.868003,120.237244,324.845123,-110.108521,0.005235,-0.036989,0.021533,0.999070,222.580490,163.158539,-177.917587,-0.058367,-0.065711,0.010421,0.996076,218.466675,192.962738,-199.500946
63,0.630000,-0.028717,0.003282,-0.009211,0.999540,195.817230,216.042404,-198.561386,-0.029992,-0.002343,0.017182,0.999400,236.706345,210.896210,-194.093964,-0.024393,0.496235,0.004385,0.867835,120.756828,324.831635,-111.026176,0.005316,-0.036915,0.021622,0.999070,222.591293,163.166733,-177.871140,-0.080542,-0.087174,0.013454,0.992841,218.419128,193.022369,-199.313766
64,0.640000,-0.028982,0.002394,-0.009246,0.999534,195.805191,216.050461,-198.503983,-0.028712,-0.000916,0.017508,0.999434,236.687668,210.909622,-194.044785,-0.024990,0.495973,0.003649,0.867971,121.249420,324.830597,-111.857170,0.005372,-0.036773,0.021652,0.999075,222.581177,163.173508,-177.833298,-0.095299,-0.101073,0.016264,0.990171,218.371719,193.071762,-199.166138
65,0.650000,-0.028574,0.001009,-0.009377,0.999547,195.776596,216.050339,-198.459152,-0.028455,-0.000627,0.017879,0.999435,236.670120,210.918549,-193.998734,-0.024915,0.495928,0.003776,0.867998,121.699471,324.839142,-112.669754,0.005441,-0.036745,0.021678,0.999075,222.562866,163.180328,-177.795563,-0.105343,-0.107457,0.016896,0.988469,218.319824,193.111816,-199.033722
66,0.660000,-0.028846,0.000303,-0.009948,0.999534,195.740555,216.044434,-198.419586,-0.028295,-0.000477,0.018279,0.999432,236.629807,210.925842,-193.961319,-0.025005,0.495936,0.003651,0.867992,122.114182,324.854858,-113.391655,0.005570,-0.036438,0.021535,0.999088,222.519455,163.187347,-177.747818,-0.112449,-0.109260,0.016195,0.987499,218.266449,193.141083,-198.921768
67,0.670000,-0.029017,0.000231,-0.010200,0.999527,195.706543,216.048248,-198.377411,-0.029843,-0.001080,0.018767,0.999378,236.606003,210.920258,-193.899155,-0.024963,0.495859,0.003614,0.868037,122.505043,324.872467,-114.096153,0.005590,-0.036118,0.021554,0.999099,222.479645,163.192429,-177.700562,-0.062905,-0.089177,0.021228,0.993801,218.404373,193.031570,-199.340485
68,0.680000,-0.028313,-0.000451,-0.010072,0.999548,195.672623,216.041260,-198.329926,-0.027792,0.006011,0.022122,0.999351,236.555130,210.892593,-193.775833,-0.025035,0.495850,0.003584,0.868040,122.890068,324.880219,-114.749428,0.005873,-0.036292,0.021624,0.999090,222.449249,163.194336,-177.653336,-0.034671,-0.046362,0.011651,0.998255,218.409103,193.017578,-199.395844
69,0.690000,-0.026986,0.001009,-0.009700,0.999588,195.645737,216.042267,-198.252869,-0.028248,0.003866,0.021002,0.999373,236.556656,210.923141,-193.770355,-0.025209,0.495767,0.003201,0.868084,123.238991,324.905853,-115.349419,0.006298,-0.036497,0.021395,0.999085,222.437607,163.197510,-177.599533,-0.032338,-0.033575,0.007027,0.998888,218.392639,193.021011,-199.348923
70,0.700000,-0.025583,0.003210,-0.008962,0.999627,195.638855,216.051590,-198.193542,-0.030066,-0.001131,0.019688,0.999353,236.563599,210.938446,-193.712112,-0.024992,0.496055,0.003454,0.867924,123.566269,324.921387,-115.927101,0.006696,-0.037010,0.021388,0.999064,222.430740,163.210266,-177.535736,-0.034837,-0.035563,0.006512,0.998739,218.374329,193.038147,-199.289078
71,0.710000,-0.024255,0.003361,-0.008382,0.999665,195.673874,216.048538,-198.157623,-0.031825,-0.002087,0.019233,0.999306,236.604248,210.938034,-193.650757,-0.024489,0.496416,0.004513,0.867728,123.800644,324.929932,-116.359261,0.006814,-0.037005,0.021280,0.999065,222.454803,163.214127,-177.488312,-0.037182,-0.038452,0.007207,0.998542,218.415466,193.000565,-199.238724
72,0.720000,-0.025662,0.001692,-0.007696,0.999640,195.907227,216.007248,-198.410309,-0.032165,-0.003037,0.017439,0.999326,236.834747,210.820602,-193.941376,-0.025325,0.495673,0.003054,0.868134,124.131950,325.083221,-117.000938,0.005352,-0.036215,0.021000,0.999109,222.642151,163.182434,-177.695236,-0.042152,-0.034670,0.001823,0.998508,218.529556,192.939941,-199.238617
73,0.730000,-0.027974,0.003729,-0.008971,0.999561,196.157776,215.913971,-198.728790,-0.033290,-0.003252,0.018887,0.999262,237.051224,210.727264,-194.191559,-0.024117,0.496122,0.004879,0.867904,124.253181,325.123413,-117.128159,0.004885,-0.036874,0.020923,0.999089,222.814957,163.157318,-177.890503,-0.058234,-0.020325,-0.010529,0.998041,218.659317,192.934250,-199.271194
74,0.740000,-0.028634,0.005038,-0.008821,0.999538,196.460480,215.809921,-199.052078,-0.031894,0.004121,0.020827,0.999266,237.286057,210.589630,-194.388489,-0.024542,0.495675,0.004244,0.868151,124.537086,325.191498,-117.637787,0.004772,-0.037288,0.020771,0.999077,223.051361,163.138641,-178.080109,-0.021004,0.005846,-0.008386,0.999727,219.046204,192.750534,-199.726425
75,0.750000,-0.030952,0.003304,-0.010131,0.999464,196.614578,215.756348,-199.285782,-0.032867,0.001977,0.019395,0.999270,237.463486,210.547455,-194.658463,-0.024101,0.496033,0.005140,0.867954,124.724419,325.195129,-117.957130,0.004463,-0.037241,0.020164,0.999093,223.160645,163.096359,-178.226669,0.034022,0.079557,-0.020893,0.996030,219.290115,192.557434,-200.185913
76,0.760000,-0.032983,0.001259,-0.012000,0.999383,196.707092,215.693619,-199.417923,-0.034862,-0.002224,0.016040,0.999261,237.548523,210.487076,-194.780640,-0.024117,0.496066,0.005262,0.867934,124.903015,325.246765,-118.300522,0.004084,-0.037129,0.019743,0.999107,223.207916,163.082245,-178.307144,0.070579,0.133465,-0.025430,0.988210,219.441925,192.365936,-200.530075
77,0.770000,-0.033594,-0.000759,-0.012690,0.999355,196.745667,215.636215,-199.574722,-0.035376,-0.001143,0.015316,0.999256,237.570877,210.402679,-194.949890,-0.024143,0.495954,0.005128,0.867998,125.048637,325.327576,-118.515526,0.003915,-0.036738,0.019613,0.999125,223.221436,163.059402,-178.393234,0.097461,0.161928,-0.023921,0.981686,219.539932,192.245865,-200.867188
78,0.780000,-0.032713,0.001201,-0.011343,0.999400,196.748123,215.567764,-199.711792,-0.033291,0.005377,0.018370,0.999262,237.549759,210.305511,-195.015335,-0.023906,0.496076,0.005537,0.867932,125.157837,325.374786,-118.746368,0.003022,-0.035915,0.019747,0.999155,223.200226,163.044693,-178.481949,0.036596,0.135127,-0.041960,0.989263,219.388519,192.405212,-200.441315
79,0.790000,-0.032381,0.003092,-0.009708,0.999424,196.698380,215.509720,-199.818726,-0.034560,0.002707,0.017468,0.999246,237.559738,210.266296,-195.210556,-0.023965,0.496053,0.005380,0.867944,125.236214,325.390137,-118.922096,0.002739,-0.035716,0.019846,0.999161,223.194489,163.027527,-178.557602,-0.046872,0.051102,-0.042258,0.996698,219.173248,192.513763,-200.007675
80,0.800000,-0.033248,0.003024,-0.009099,0.999401,196.693573,215.456528,-199.906342,-0.036794,-0.002360,0.016149,0.999190,237.588303,210.235413,-195.291656,-0.024074,0.496219,0.005346,0.867847,125.292404,325.378754,-119.082321,0.002342,-0.036154,0.019719,0.999149,223.215469,163.017685,-178.605667,-0.107114,-0.015861,-0.028558,0.993710,219.060989,192.575851,-199.713699
81,0.810000,-0.034477,0.001569,-0.008948,0.999364,196.758591,215.416229,-199.999756,-0.037705,-0.003123,0.016106,0.999154,237.642990,210.201889,-195.326385,-0.023848,0.496167,0.005664,0.867881,125.354424,325.385406,-119.208206,0.002154,-0.036314,0.019554,0.999147,223.257751,163.012833,-178.625473,-0.147488,-0.051347,-0.020769,0.987512,219.000519,192.661606,-199.441284
82,0.820000,-0.035256,0.000231,-0.009240,0.999336,196.856140,215.370773,-200.033295,-0.037869,-0.002959,0.016530,0.999142,237.727188,210.197525,-195.334915,-0.023843,0.496202,0.005670,0.867861,125.413132,325.401489,-119.315887,0.003122,-0.036405,0.019575,0.999141,223.336273,163.017578,-178.623962,-0.174648,-0.068934,-0.017609,0.982057,218.995758,192.743668,-199.199020
83,0.830000,-0.035324,0.000140,-0.010358,0.999322,196.972092,215.344391,-200.032791,-0.038081,-0.003353,0.016684,0.999130,237.831924,210.186142,-195.331024,-0.024021,0.495867,0.005319,0.868050,125.475708,325.420349,-119.413422,0.003224,-0.036606,0.019334,0.999138,223.405411,163.025208,-178.610489,-0.193036,-0.075990,-0.017768,0.978083,219.045059,192.815231,-198.992386
84,0.840000,-0.035659,0.000594,-0.012356,0.999287,197.077652,215.348648,-200.057480,-0.038554,-0.003246,0.016418,0.999116,237.898682,210.162552,-195.324326,-0.023843,0.495841,0.005591,0.868068,125.518799,325.421692,-119.499458,0.003202,-0.036751,0.019240,0.999134,223.453476,163.025253,-178.597153,-0.202896,-0.078197,-0.021006,0.975847,219.052917,192.818207,-198.782089
85,0.850000,-0.036812,0.002673,-0.013290,0.999230,197.141418,215.335754,-200.058868,-0.038133,-0.003342,0.015893,0.999141,237.944595,210.141342,-195.316391,-0.023867,0.495935,0.005688,0.868013,125.555397,325.422028,-119.575027,0.002605,-0.036741,0.019031,0.999140,223.489120,163.022980,-178.556747,-0.208775,-0.073046,-0.025881,0.974888,219.073608,192.830734,-198.656891
86,0.860000,-0.036587,0.003446,-0.012502,0.999246,197.158630,215.317657,-200.053299,-0.038786,-0.003085,0.016280,0.999110,237.956314,210.118362,-195.292099,-0.023696,0.496152,0.006088,0.867891,125.580208,325.430878,-119.632927,0.002557,-0.036672,0.018986,0.999144,223.486359,163.024139,-178.523788,-0.209052,-0.063440,-0.032129,0.975316,219.080551,192.835312,-198.559616
87,0.870000,-0.036270,0.002942,-0.011545,0.999271,197.142136,215.290756,-200.048355,-0.039567,-0.003226,0.016786,0.999071,237.948608,210.074768,-195.281128,-0.023710,0.496133,0.006166,0.867901,125.595856,325.448639,-119.682076,0.002962,-0.037253,0.018941,0.999122,223.451340,163.025024,-178.481079,-0.207997,-0.051111,-0.037842,0.976060,219.057404,192.771576,-198.503098
88,0.880000,-0.035568,0.001654,-0.010515,0.999311,197.089279,215.257690,-200.034286,-0.040624,-0.003709,0.016762,0.999027,237.923019,210.030060,-195.274292,-0.023638,0.496305,0.006369,0.867803,125.594856,325.458740,-119.710617,0.002714,-0.037178,0.018751,0.999129,223.418396,163.028290,-178.451431,-0.202355,-0.039038,-0.042424,0.977614,219.013565,192.728775,-198.461578
89,0.890000,-0.035547,0.000530,-0.010673,0.999311,197.042648,215.232132,-200.018250,-0.041363,-0.004466,0.016696,0.998995,237.902206,209.995483,-195.266663,-0.023668,0.496352,0.006422,0.867775,125.599564,325.465790,-119.744995,0.002630,-0.037148,0.018735,0.999131,223.394424,163.030380,-178.426697,-0.195012,-0.027052,-0.047219,0.979290,218.990143,192.689957,-198.448547
90,0.900000,-0.036334,0.000395,-0.011269,0.999276,197.018478,215.219986,-200.009583,-0.041708,-0.004568,0.015662,0.998997,237.875275,209.981583,-195.254852,-0.023619,0.496334,0.006523,0.867786,125.601250,325.470764,-119.778206,0.002340,-0.037148,0.018578,0.999134,223.371429,163.031448,-178.399063,-0.186505,-0.014986,-0.052193,0.980952,218.978912,192.658295,-198.456757
91,0.910000,-0.036818,0.000404,-0.011311,0.999258,197.026016,215.201080,-200.003510,-0.042841,-0.005341,0.015932,0.998941,237.878098,209.976089,-195.221954,-0.023619,0.496356,0.006561,0.867773,125.602943,325.474976,-119.811119,0.002347,-0.037214,0.018557,0.999132,223.367432,163.032227,-178.369598,-0.177766,-0.003544,-0.056523,0.982442,218.988510,192.630081,-198.477020
92,0.920000,-0.036123,0.000570,-0.010721,0.999290,197.051483,215.167084,-199.992645,-0.042391,-0.005416,0.015584,0.998965,237.908051,209.975327,-195.193741,-0.023467,0.496317,0.006523,0.867800,125.606628,325.480316,-119.847054,0.002738,-0.037567,0.018411,0.999121,223.378845,163.025604,-178.328278,-0.169255,0.006791,-0.059931,0.983725,219.018845,192.604156,-198.505569
93,0.930000,-0.036911,0.001743,-0.011542,0.999250,197.105637,215.143478,-199.988327,-0.042125,-0.005173,0.015427,0.998980,237.943207,209.967468,-195.167343,-0.023554,0.496022,0.006282,0.867968,125.624191,325.480560,-119.887222,0.002868,-0.037613,0.018317,0.999120,223.413940,163.023834,-178.293854,-0.161222,0.016192,-0.062386,0.984811,219.069092,192.580566,-198.541748
94,0.940000,-0.038443,0.002747,-0.012345,0.999181,197.156403,215.143097,-199.989563,-0.041982,-0.005101,0.015113,0.998991,237.994263,209.953232,-195.141891,-0.023537,0.496058,0.006214,0.867948,125.651581,325.483307,-119.928879,0.002959,-0.037710,0.018573,0.999112,223.446426,163.018127,-178.269714,-0.153720,0.024599,-0.063804,0.985745,219.126892,192.551498,-198.581924
95,0.950000,-0.038545,0.002751,-0.012234,0.999178,197.194138,215.139954,-199.994888,-0.042175,-0.005013,0.015312,0.998980,238.022934,209.938156,-195.132065,-0.023463,0.496085,0.006268,0.867934,125.676201,325.488403,-119.972656,0.002952,-0.037849,0.018534,0.999107,223.471268,163.014847,-178.252838,-0.147223,0.032172,-0.065206,0.986427,219.198425,192.516708,-198.633820
96,0.960000,-0.039990,-0.001080,-0.012169,0.999125,197.215469,215.108749,-200.024551,-0.042727,-0.004966,0.015723,0.998951,238.028519,209.921005,-195.126404,-0.023548,0.496041,0.006323,0.867957,125.717850,325.506378,-120.017189,0.002745,-0.037716,0.018555,0.999113,223.477997,163.018585,-178.235977,-0.140416,0.038228,-0.066727,0.987102,219.226181,192.436554,-198.670700
97,0.970000,-0.041223,-0.004440,-0.011351,0.999076,197.197540,215.058212,-200.024323,-0.050126,-0.007540,0.013879,0.998618,238.005188,209.882843,-195.028458,-0.023335,0.496123,0.006638,0.867913,125.750748,325.532898,-120.075211,0.002580,-0.037669,0.018455,0.999117,223.460526,163.021500,-178.200958,-0.133615,0.042587,-0.067033,0.987846,219.247559,192.367371,-198.716415
98,0.980000,-0.041288,-0.004583,-0.010676,0.999080,197.183487,215.029114,-200.024689,-0.045463,-0.007840,0.014724,0.998827,238.001358,209.852600,-195.099136,-0.023170,0.496116,0.006831,0.867920,125.771385,325.564117,-120.146851,0.002675,-0.037647,0.018314,0.999120,223.449646,163.016830,-178.160355,-0.127385,0.045503,-0.067042,0.988538,219.268524,192.301804,-198.765121
99,0.990000,-0.041631,-0.004928,-0.010563,0.999065,197.190231,215.001205,-200.037308,-0.045120,-0.005557,0.015864,0.998840,238.007782,209.822342,-195.096848,-0.023161,0.496258,0.006918,0.867838,125.808907,325.585083,-120.226082,0.002415,-0.037458,0.018343,0.999127,223.457489,163.026215,-178.141647,-0.121905,0.047917,-0.067350,0.989094,219.305634,192.246857,-198.816208
100,1.000000,-0.041715,-0.004916,-0.011109,0.999056,197.216263,214.972000,-200.061676,-0.045478,-0.006136,0.014928,0.998835,238.040741,209.791443,-195.105026,-0.023143,0.496309,0.006894,0.867810,125.845093,325.596954,-120.310127,0.002265,-0.037449,0.018292,0.999129,223.468689,163.028305,-178.132538,-0.117584,0.049327,-0.066263,0.989621,219.339020,192.175858,-198.861710
101,1.010000,-0.041887,-0.004368,-0.011424,0.999048,197.254929,214.939194,-200.079193,-0.045692,-0.006564,0.014124,0.998834,238.065323,209.771225,-195.104752,-0.023442,0.496135,0.006643,0.867904,125.897629,325.608734,-120.399178,0.002210,-0.037575,0.018363,0.999123,223.497162,163.035110,-178.118286,-0.113898,0.049417,-0.064948,0.990135,219.378098,192.132675,-198.909546
102,1.020000,-0.041080,-0.003255,-0.011053,0.999089,197.320190,214.900253,-200.094620,-0.045866,-0.006526,0.013549,0.998834,238.110397,209.755096,-195.087021,-0.023485,0.496088,0.006599,0.867930,125.943687,325.625305,-120.472298,0.002188,-0.037703,0.018275,0.999120,223.531982,163.035538,-178.089630,-0.109030,0.048242,-0.063915,0.990808,219.464890,192.092957,-198.928818
103,1.030000,-0.041389,-0.000746,-0.010983,0.999083,197.393692,214.865845,-200.084671,-0.046573,-0.006890,0.013182,0.998804,238.169876,209.732986,-195.061371,-0.023224,0.496413,0.007049,0.867747,125.999359,325.643585,-120.552597,0.002333,-0.037942,0.018090,0.999114,223.575653,163.033051,-178.054565,-0.105255,0.047626,-0.061006,0.991429,219.549225,192.055206,-198.959290
104,1.040000,-0.038523,0.014602,-0.009767,0.999103,197.444122,214.866074,-199.946899,-0.046225,-0.006385,0.013737,0.998816,238.251266,209.704361,-195.036179,-0.023056,0.496604,0.007316,0.867640,126.059875,325.660065,-120.635536,0.002119,-0.038081,0.017948,0.999111,223.618027,163.034637,-178.017975,-0.102375,0.047278,-0.057871,0.991935,219.627640,192.014648,-198.986420
105,1.050000,-0.032156,0.032331,-0.003700,0.998953,197.513367,214.863998,-199.909607,-0.047387,-0.006550,0.014434,0.998751,238.328018,209.662415,-194.992035,-0.023073,0.496504,0.007201,0.867698,126.125099,325.676453,-120.719810,0.001313,-0.038283,0.017795,0.999108,223.653519,163.040894,-177.962769,-0.098667,0.045890,-0.055684,0.992501,219.695007,191.962021,-198.989990
106,1.060000,-0.031289,0.034506,-0.001611,0.998913,197.537262,214.831482,-199.907104,-0.045446,0.000199,0.017098,0.998820,238.319153,209.610107,-194.896912,-0.022940,0.496480,0.007285,0.867715,126.163704,325.700378,-120.800545,0.001042,-0.038354,0.017614,0.999108,223.668533,163.042725,-177.912613,-0.096331,0.044522,-0.054382,0.992865,219.736664,191.897644,-199.029480
107,1.070000,-0.035252,0.018331,-0.004472,0.999200,197.550171,214.760956,-200.034927,-0.043332,0.007239,0.019825,0.998838,238.294266,209.586929,-194.864960,-0.022858,0.496485,0.007390,0.867713,126.208054,325.727814,-120.894287,0.000950,-0.038318,0.017678,0.999109,223.640579,163.042694,-177.876831,-0.093363,0.043618,-0.053474,0.993238,219.751892,191.841660,-199.057098
108,1.080000,-0.041611,0.001271,-0.009270,0.999090,197.530579,214.711823,-200.073685,-0.043349,0.008269,0.020071,0.998824,238.277039,209.561340,-194.870071,-0.022636,0.496654,0.007753,0.867619,126.266586,325.754425,-120.982178,0.000655,-0.038761,0.017271,0.999099,223.703232,163.012466,-177.853409,-0.090226,0.041419,-0.052356,0.993681,219.754272,191.786865,-199.090042
109,1.090000,-0.040561,0.013267,-0.007383,0.999062,197.499329,214.682114,-199.989243,-0.043926,0.007787,0.020460,0.998795,238.280319,209.521408,-194.886902,-0.022611,0.496526,0.007697,0.867693,126.324715,325.781311,-121.083527,0.000468,-0.038699,0.017231,0.999102,223.697754,163.006012,-177.831268,-0.089708,0.040622,-0.050893,0.993837,219.755188,191.699051,-199.127106
110,1.100000,-0.042968,0.003397,-0.008101,0.999038,197.526657,214.622894,-200.140747,-0.044282,0.008373,0.021404,0.998755,238.286057,209.459564,-194.880264,-0.022523,0.496547,0.007790,0.867683,126.375763,325.800323,-121.181374,0.000813,-0.039186,0.017116,0.999085,223.690765,163.002548,-177.773300,-0.088114,0.039897,-0.049996,0.994055,219.771927,191.635834,-199.150406
111,1.110000,-0.047547,-0.006732,-0.011853,0.998776,197.555588,214.571747,-200.142090,-0.044510,0.008955,0.021811,0.998731,238.293503,209.418655,-194.854355,-0.022458,0.496491,0.007840,0.867716,126.429512,325.829163,-121.277969,0.001147,-0.039049,0.017569,0.999082,223.610565,163.031937,-177.713348,-0.084992,0.036213,-0.048017,0.994565,219.809006,191.556717,-199.135315
112,1.120000,-0.048488,-0.003925,-0.011907,0.998745,197.605331,214.534027,-200.112747,-0.044941,0.008687,0.021898,0.998712,238.321106,209.389389,-194.816452,-0.022281,0.496401,0.007954,0.867771,126.481247,325.875092,-121.393753,0.001001,-0.039164,0.017327,0.999082,223.631668,163.042480,-177.634552,-0.083475,0.032677,-0.045004,0.994957,219.873123,191.488586,-199.125153
113,1.130000,-0.049955,-0.001275,-0.012513,0.998672,197.675964,214.485016,-200.106628,-0.045709,0.007991,0.021936,0.998682,238.384262,209.362198,-194.774155,-0.022330,0.496290,0.007806,0.867834,126.544891,325.908386,-121.484642,0.001032,-0.039485,0.017595,0.999065,223.681061,163.049194,-177.574005,-0.081158,0.028824,-0.042552,0.995375,219.959015,191.445374,-199.101562
114,1.140000,-0.051437,-0.000957,-0.012113,0.998602,197.758194,214.453217,-200.097458,-0.045826,0.006791,0.021278,0.998700,238.496353,209.334183,-194.735413,-0.022223,0.496334,0.007917,0.867811,126.611244,325.933319,-121.579239,0.000936,-0.039733,0.017623,0.999054,223.744904,163.057465,-177.540527,-0.081007,0.027472,-0.041352,0.995476,220.050842,191.416702,-199.111145
115,1.150000,-0.051112,-0.001808,-0.012666,0.998611,197.872314,214.458206,-200.104080,-0.045928,0.006058,0.020279,0.998721,238.582077,209.321808,-194.713760,-0.022073,0.496580,0.008198,0.867672,126.696037,325.948486,-121.695572,0.001516,-0.040207,0.017446,0.999038,223.823502,163.064117,-177.529266,-0.080245,0.027350,-0.041338,0.995542,220.150650,191.407745,-199.113724
116,1.160000,-0.047934,-0.002198,-0.011286,0.998784,197.958710,214.434952,-200.143631,-0.047057,0.005041,0.019978,0.998680,238.664444,209.307175,-194.682083,-0.022193,0.496403,0.007963,0.867772,126.777809,325.964325,-121.809914,0.001507,-0.040547,0.017381,0.999025,223.869522,163.069351,-177.515930,-0.079786,0.026831,-0.040900,0.995611,220.233887,191.374298,-199.114197
117,1.170000,-0.046293,-0.001178,-0.011273,0.998864,198.021133,214.413162,-200.167114,-0.047834,0.004237,0.019501,0.998656,238.708313,209.289841,-194.669357,-0.021896,0.496634,0.008336,0.867644,126.850159,325.993805,-121.925941,0.001149,-0.040414,0.017277,0.999033,223.900864,163.073715,-177.514206,-0.080654,0.026973,-0.041364,0.995518,220.285461,191.338654,-199.144287
118,1.180000,-0.047272,-0.004112,-0.011934,0.998802,198.054092,214.380600,-200.216461,-0.050915,0.002873,0.018458,0.998528,238.729538,209.261459,-194.637527,-0.021752,0.496801,0.008610,0.867549,126.928391,326.023254,-122.024315,0.001080,-0.040493,0.017255,0.999030,223.912415,163.074265,-177.505341,-0.079498,0.025454,-0.041541,0.995644,220.334167,191.295212,-199.140289
119,1.190000,-0.049275,-0.006825,-0.013388,0.998672,198.064453,214.336487,-200.236938,-0.058734,-0.002425,0.015803,0.998146,238.745697,209.237579,-194.560852,-0.021814,0.496614,0.008430,0.867656,127.004578,326.054382,-122.125992,0.000927,-0.040567,0.017278,0.999027,223.918839,163.074097,-177.491470,-0.078725,0.022488,-0.039731,0.995851,220.358704,191.249329,-199.143890
120,1.200000,-0.046622,0.006888,-0.010882,0.998830,198.054108,214.309525,-200.128479,-0.060357,-0.005274,0.014710,0.998055,238.761414,209.198151,-194.568192,-0.021769,0.496740,0.008470,0.867585,127.063515,326.080994,-122.227066,0.000813,-0.040541,0.017196,0.999030,223.933533,163.072647,-177.466064,-0.078264,0.019619,-0.037848,0.996021,220.380295,191.200180,-199.146469
121,1.210000,-0.046006,0.002329,-0.009132,0.998897,198.087494,214.236893,-200.251694,-0.060359,-0.005424,0.015317,0.998044,238.785980,209.167206,-194.571472,-0.021635,0.496690,0.008547,0.867616,127.122269,326.112091,-122.335442,0.000805,-0.040739,0.017226,0.999021,223.945419,163.072968,-177.433945,-0.078113,0.017173,-0.036012,0.996146,220.388992,191.115326,-199.135147
122,1.220000,-0.049219,-0.005466,-0.011970,0.998701,198.111969,214.203201,-200.266342,-0.060880,-0.005489,0.015394,0.998011,238.808792,209.143005,-194.581024,-0.021530,0.496706,0.008656,0.867609,127.180710,326.135376,-122.425781,0.000431,-0.040804,0.017186,0.999019,223.969650,163.080032,-177.404083,-0.078128,0.015270,-0.034959,0.996213,220.421722,191.078018,-199.139725
123,1.230000,-0.049888,-0.003973,-0.012877,0.998664,198.151062,214.167755,-200.283127,-0.060447,-0.004922,0.016458,0.998024,238.852921,209.099472,-194.590088,-0.021352,0.496732,0.008738,0.867597,127.242729,326.161682,-122.529716,0.000228,-0.040891,0.017342,0.999013,224.000275,163.073380,-177.392441,-0.078065,0.014394,-0.035305,0.996219,220.475006,191.065247,-199.149109
124,1.240000,-0.050796,-0.003619,-0.012824,0.998620,198.199753,214.148117,-200.312119,-0.060135,-0.003956,0.016789,0.998041,238.890488,209.084488,-194.601669,-0.021225,0.496864,0.008938,0.867523,127.308365,326.172668,-122.623032,0.000117,-0.041035,0.017320,0.999008,224.032822,163.075546,-177.391968,-0.078801,0.014536,-0.036509,0.996116,220.526749,191.049500,-199.169861
125,1.250000,-0.051462,-0.004903,-0.013716,0.998569,198.246597,214.147934,-200.351273,-0.059941,-0.004017,0.016721,0.998054,238.919052,209.071854,-194.616760,-0.021102,0.496877,0.008981,0.867518,127.373978,326.180450,-122.729187,0.000108,-0.041395,0.017352,0.998992,224.053223,163.065750,-177.415558,-0.079297,0.014945,-0.037283,0.996041,220.558395,191.029877,-199.187851
126,1.260000,-0.053064,-0.006323,-0.014168,0.998471,198.262451,214.126648,-200.395996,-0.062542,-0.011508,0.013654,0.997883,238.966248,209.070068,-194.710693,-0.021218,0.496601,0.008796,0.867675,127.428024,326.182068,-122.830521,0.000032,-0.041492,0.017316,0.998989,224.060104,163.060623,-177.434143,-0.079729,0.014771,-0.037365,0.996006,220.571777,191.008575,-199.208771
127,1.270000,-0.053738,-0.006570,-0.013935,0.998436,198.266434,214.103836,-200.432770,-0.065340,-0.019174,0.010596,0.997623,238.978348,209.051987,-194.757492,-0.021125,0.496741,0.008888,0.867596,127.488869,326.199982,-122.938667,-0.000061,-0.041556,0.017309,0.998986,224.057251,163.054916,-177.446594,-0.081284,0.015529,-0.038087,0.995842,220.581390,190.976883,-199.243896
128,1.280000,-0.054135,-0.006324,-0.013487,0.998423,198.264359,214.066498,-200.463455,-0.065979,-0.019871,0.010371,0.997569,238.981308,209.030807,-194.770264,-0.021106,0.496751,0.008895,0.867591,127.531174,326.220917,-123.029381,-0.000086,-0.041586,0.017297,0.998985,224.046158,163.050644,-177.449310,-0.081568,0.015816,-0.038067,0.995815,220.581757,190.945923,-199.261902
129,1.290000,-0.055064,-0.008310,-0.013653,0.998355,198.270752,214.036179,-200.509872,-0.066211,-0.019715,0.010331,0.997557,238.986969,209.006287,-194.783539,-0.021025,0.496662,0.008931,0.867643,127.575722,326.252472,-123.130310,-0.000093,-0.041589,0.017315,0.998985,224.045074,163.049377,-177.452377,-0.082008,0.015253,-0.036734,0.995838,220.586334,190.896927,-199.269424
130,1.300000,-0.054904,-0.009332,-0.012479,0.998370,198.311569,214.008179,-200.544342,-0.066443,-0.019619,0.010192,0.997545,239.010681,208.983154,-194.803452,-0.020947,0.496526,0.008995,0.867723,127.626312,326.267334,-123.236130,-0.000104,-0.041610,0.017319,0.998984,224.060806,163.049637,-177.462967,-0.082789,0.013507,-0.035445,0.995845,220.610306,190.873337,-199.284271
131,1.310000,-0.055062,-0.007370,-0.012075,0.998383,198.358017,213.988373,-200.597549,-0.066750,-0.019635,0.009902,0.997527,239.042328,208.961807,-194.834732,-0.021010,0.496607,0.008998,0.867675,127.676712,326.267609,-123.338661,0.000075,-0.041677,0.017372,0.998980,224.085114,163.047974,-177.492035,-0.083418,0.012679,-0.035362,0.995806,220.639938,190.859009,-199.303192
132,1.320000,-0.055424,-0.006449,-0.012428,0.998365,198.393082,213.969559,-200.645767,-0.066929,-0.019572,0.009701,0.997519,239.071091,208.942627,-194.869980,-0.021124,0.496634,0.008966,0.867657,127.745422,326.256287,-123.455513,0.000027,-0.041866,0.017356,0.998973,224.105713,163.046570,-177.518753,-0.083789,0.012194,-0.035780,0.995766,220.684921,190.844467,-199.315750
133,1.330000,-0.055625,-0.006070,-0.013013,0.998348,198.413391,213.951874,-200.676865,-0.066870,-0.019487,0.009425,0.997527,239.083633,208.924850,-194.886337,-0.021283,0.496616,0.008835,0.867665,127.811073,326.231171,-123.573021,-0.000019,-0.041980,0.017375,0.998967,224.108017,163.045074,-177.533218,-0.085092,0.012236,-0.036019,0.995647,220.696487,190.806229,-199.340454
134,1.340000,-0.055892,-0.005465,-0.013160,0.998335,198.413055,213.918213,-200.694916,-0.067212,-0.019150,0.009524,0.997509,239.080917,208.905945,-194.896729,-0.021299,0.496706,0.008795,0.867613,127.879189,326.218170,-123.680923,-0.000010,-0.042045,0.017368,0.998965,224.099625,163.042282,-177.531570,-0.085342,0.011671,-0.036014,0.995632,220.704514,190.767670,-199.353363
135,1.350000,-0.056241,-0.004772,-0.013029,0.998321,198.416046,213.887268,-200.729141,-0.068750,-0.019885,0.009315,0.997392,239.074753,208.867630,-194.901520,-0.021306,0.496540,0.008628,0.867710,127.931404,326.236938,-123.759949,-0.000094,-0.041986,0.017376,0.998967,224.087036,163.037231,-177.526001,-0.084246,0.009502,-0.035383,0.995771,220.692612,190.706253,-199.341156
136,1.360000,-0.056482,-0.004738,-0.012308,0.998317,198.418381,213.861923,-200.744400,-0.069622,-0.021122,0.009015,0.997309,239.069489,208.841614,-194.901779,-0.021127,0.496576,0.008736,0.867692,127.977386,326.275085,-123.820503,-0.000099,-0.041975,0.017355,0.998968,224.080872,163.036041,-177.516602,-0.084313,0.005721,-0.033429,0.995862,220.694183,190.668869,-199.347717
137,1.370000,-0.057093,-0.004948,-0.012604,0.998277,198.416885,213.836838,-200.757339,-0.069803,-0.021304,0.009057,0.997292,239.074982,208.821747,-194.909393,-0.020857,0.496608,0.008901,0.867679,128.029984,326.315002,-123.890793,-0.000029,-0.042046,0.017358,0.998965,224.080719,163.033264,-177.513672,-0.084569,0.003529,-0.032374,0.995885,220.702896,190.644669,-199.358246
138,1.380000,-0.057950,-0.006133,-0.013090,0.998215,198.428589,213.812012,-200.784241,-0.070085,-0.021314,0.009033,0.997272,239.086166,208.807480,-194.924347,-0.020767,0.496741,0.009069,0.867603,128.079803,326.331696,-123.964249,-0.000143,-0.041968,0.017297,0.998969,224.089493,163.029572,-177.525345,-0.085129,0.002375,-0.031875,0.995857,220.712982,190.625458,-199.374817
139,1.390000,-0.058794,-0.007425,-0.013813,0.998147,198.445312,213.793243,-200.826752,-0.069589,-0.021103,0.009875,0.997304,239.108261,208.773499,-194.955643,-0.020734,0.496812,0.009117,0.867563,128.127640,326.335999,-124.050911,-0.000140,-0.042108,0.017238,0.998964,224.097473,163.024811,-177.540833,-0.086922,0.003012,-0.032743,0.995672,220.728851,190.604233,-199.408524
140,1.400000,-0.059954,-0.009885,-0.014530,0.998046,198.468201,213.772827,-200.875992,-0.069161,-0.020595,0.009888,0.997344,239.124405,208.751892,-194.985016,-0.020572,0.496842,0.009379,0.867547,128.174713,326.346832,-124.145538,-0.000162,-0.042204,0.017223,0.998961,224.102493,163.019730,-177.561203,-0.087953,0.003459,-0.033382,0.995559,220.736343,190.588577,-199.433060
141,1.410000,-0.060181,-0.010459,-0.014509,0.998027,198.482193,213.747421,-200.917480,-0.069276,-0.021079,0.009458,0.997330,239.143692,208.724335,-195.012299,-0.020647,0.496593,0.009220,0.867689,128.234879,326.369110,-124.239067,-0.000261,-0.042153,0.017224,0.998963,224.107422,163.016800,-177.582733,-0.088551,0.002950,-0.033478,0.995505,220.739807,190.566635,-199.453613
142,1.420000,-0.058252,0.001681,-0.012716,0.998220,198.467651,213.719498,-200.836227,-0.069913,-0.020832,0.009110,0.997294,239.161667,208.698273,-195.044327,-0.020579,0.496659,0.009302,0.867652,128.297836,326.391998,-124.335861,-0.000361,-0.042100,0.017089,0.998967,224.116898,163.009827,-177.597641,-0.089065,0.001952,-0.033254,0.995469,220.750015,190.542648,-199.469467
143,1.430000,-0.053807,0.017053,-0.009037,0.998365,198.475159,213.700928,-200.819763,-0.070476,-0.020918,0.009715,0.997247,239.190948,208.671448,-195.055450,-0.020615,0.496504,0.009240,0.867741,128.349625,326.406952,-124.426239,-0.000396,-0.042226,0.017063,0.998962,224.125580,163.007217,-177.600937,-0.089339,0.000643,-0.032724,0.995463,220.768936,190.511658,-199.477005
144,1.440000,-0.053034,0.019770,-0.008342,0.998362,198.504822,213.673447,-200.845398,-0.070716,-0.020999,0.009713,0.997228,239.211533,208.647614,-195.063293,-0.020447,0.496587,0.009325,0.867696,128.405380,326.438934,-124.531311,-0.000356,-0.042341,0.017180,0.998955,224.136688,163.007980,-177.596100,-0.090830,0.000870,-0.032419,0.995338,220.786453,190.468262,-199.495560
145,1.450000,-0.056374,0.003763,-0.009568,0.998357,198.561798,213.619965,-201.014999,-0.070885,-0.021011,0.009505,0.997218,239.239792,208.625427,-195.072556,-0.020207,0.496714,0.009606,0.867626,128.466858,326.471497,-124.638023,-0.000379,-0.042500,0.017105,0.998950,224.159180,163.007324,-177.595169,-0.090620,-0.000302,-0.032744,0.995347,220.837173,190.428131,-199.484009
146,1.460000,-0.057138,0.006764,-0.010559,0.998288,198.602310,213.614197,-200.930466,-0.070748,-0.020727,0.009786,0.997231,239.284195,208.606934,-195.096237,-0.020187,0.496718,0.009647,0.867624,128.554062,326.500671,-124.759720,-0.000399,-0.042622,0.016964,0.998947,224.193939,163.002457,-177.605652,-0.091817,-0.001227,-0.033359,0.995216,220.898346,190.404297,-199.498245
147,1.470000,-0.057457,-0.002519,-0.011025,0.998284,198.707687,213.578369,-201.125473,-0.070857,-0.020232,0.009506,0.997236,239.341141,208.581558,-195.135361,-0.020250,0.496728,0.009652,0.867616,128.655319,326.523346,-124.874359,-0.000353,-0.042812,0.016837,0.998941,224.235123,162.996597,-177.630371,-0.092909,-0.001102,-0.033805,0.995100,220.943359,190.382339,-199.513412
148,1.480000,-0.061251,-0.010336,-0.015169,0.997954,198.759521,213.552261,-201.205902,-0.069192,-0.014132,0.011804,0.997433,239.359100,208.541412,-195.123871,-0.020078,0.496935,0.009998,0.867498,128.742188,326.543823,-125.006767,-0.000451,-0.042950,0.016824,0.998936,224.266098,162.988739,-177.667984,-0.094070,-0.000869,-0.034361,0.994972,220.981155,190.359802,-199.534424
149,1.490000,-0.061966,-0.010867,-0.015928,0.997892,198.800323,213.510132,-201.283447,-0.067687,-0.008323,0.013890,0.997575,239.386551,208.514053,-195.159363,-0.020065,0.496851,0.009871,0.867548,128.836578,326.569885,-125.150177,-0.000337,-0.043078,0.016746,0.998931,224.287750,162.975174,-177.706619,-0.096466,0.000420,-0.035854,0.994690,221.009903,190.326752,-199.575821
150,1.500000,-0.061653,-0.011152,-0.015867,0.997909,198.829575,213.473709,-201.345444,-0.067219,-0.008021,0.014929,0.997594,239.415482,208.463257,-195.213913,-0.019909,0.496996,0.010043,0.867467,128.930481,326.601227,-125.295815,-0.000520,-0.043432,0.016690,0.998917,224.298370,162.968292,-177.744690,-0.097387,0.001973,-0.037138,0.994551,221.023407,190.291275,-199.601593
151,1.510000,-0.060812,-0.012944,-0.015768,0.997941,198.855240,213.427582,-201.434250,-0.067626,-0.008244,0.015033,0.997563,239.435715,208.417191,-195.248398,-0.019672,0.497116,0.010352,0.867399,129.019241,326.635986,-125.448273,-0.000204,-0.044016,0.016902,0.998888,224.296051,162.968369,-177.753433,-0.096523,0.000605,-0.037390,0.994628,221.032059,190.239746,-199.598206
152,1.520000,-0.061200,-0.013852,-0.016382,0.997895,198.875687,213.387817,-201.489899,-0.068371,-0.008727,0.014857,0.997511,239.446899,208.380142,-195.291611,-0.019634,0.497112,0.010315,0.867403,129.123383,326.685181,-125.611382,-0.000555,-0.043642,0.016750,0.998907,224.310883,162.962997,-177.785980,-0.098003,0.000334,-0.037173,0.994492,221.035934,190.183472,-199.626755
153,1.530000,-0.061492,-0.012442,-0.015484,0.997910,198.892075,213.328766,-201.537552,-0.071317,-0.015802,0.012239,0.997253,239.486435,208.366302,-195.414734,-0.019607,0.496785,0.010072,0.867594,129.222183,326.735107,-125.788895,-0.000686,-0.043761,0.016681,0.998903,224.330139,162.954926,-177.817963,-0.099394,0.001539,-0.037690,0.994333,221.057785,190.139999,-199.655396
154,1.540000,-0.063329,-0.010385,-0.016200,0.997807,198.950287,213.291870,-201.638062,-0.075445,-0.023529,0.008448,0.996837,239.539032,208.316483,-195.500565,-0.019314,0.496968,0.010421,0.867491,129.339264,326.783569,-125.969681,-0.000902,-0.043785,0.016495,0.998904,224.361633,162.943558,-177.865982,-0.100728,0.003096,-0.038616,0.994159,221.087402,190.102997,-199.686737
155,1.550000,-0.064819,-0.009702,-0.015871,0.997724,198.998352,213.237823,-201.734039,-0.075822,-0.023739,0.008251,0.996805,239.590912,208.270920,-195.594406,-0.019286,0.496726,0.010460,0.867630,129.466660,326.832153,-126.160088,-0.000987,-0.043914,0.016411,0.998900,224.397705,162.934631,-177.918808,-0.103384,0.005058,-0.040459,0.993805,221.127686,190.063217,-199.734222
156,1.560000,-0.062003,0.004900,-0.012718,0.997983,199.048538,213.211929,-201.714218,-0.076116,-0.022241,0.008642,0.996813,239.646011,208.239792,-195.687424,-0.018965,0.496860,0.010747,0.867557,129.608215,326.883240,-126.369850,-0.000542,-0.044100,0.016445,0.998892,224.441208,162.926743,-177.986404,-0.105247,0.009159,-0.044026,0.993429,221.185776,190.032303,-199.778763
157,1.570000,-0.057310,0.020114,-0.009171,0.998112,199.114319,213.179245,-201.801605,-0.074678,-0.015856,0.011967,0.997010,239.696396,208.152161,-195.696747,-0.018901,0.496735,0.010746,0.867630,129.745209,326.925232,-126.581833,-0.000529,-0.044336,0.016535,0.998880,224.497055,162.919388,-178.056030,-0.108134,0.013054,-0.046070,0.992983,221.232086,189.968323,-199.822464
158,1.580000,-0.060470,0.004926,-0.011961,0.998086,199.209518,213.113083,-202.046722,-0.073084,-0.009732,0.014201,0.997177,239.737366,208.102768,-195.766281,-0.018481,0.496821,0.011132,0.867585,129.870728,326.975098,-126.801399,-0.000651,-0.044505,0.016401,0.998874,224.529236,162.902405,-178.122040,-0.110297,0.015587,-0.047727,0.992630,221.282227,189.914291,-199.862061
159,1.590000,-0.065754,-0.010134,-0.016989,0.997640,199.276978,213.047699,-202.175735,-0.072897,-0.008787,0.014264,0.997199,239.794022,208.059509,-195.848297,-0.018341,0.496993,0.011175,0.867489,130.014359,327.025513,-127.037849,-0.001253,-0.044018,0.016407,0.998895,224.567078,162.892746,-178.193512,-0.111689,0.016949,-0.050660,0.992306,221.340302,189.855606,-199.897842
160,1.600000,-0.065423,-0.010902,-0.016784,0.997657,199.337189,212.967056,-202.284332,-0.076021,-0.015846,0.011136,0.996918,239.872620,208.023315,-196.002869,-0.018046,0.497173,0.011513,0.867387,130.140167,327.073608,-127.263885,-0.001604,-0.043751,0.016215,0.998910,224.604797,162.880173,-178.248444,-0.112432,0.017788,-0.051782,0.992150,221.379974,189.798660,-199.929749
161,1.610000,-0.067626,-0.013739,-0.017432,0.997464,199.388138,212.904282,-202.412384,-0.078619,-0.023281,0.008547,0.996596,239.925201,207.982803,-196.099564,-0.017890,0.497063,0.011545,0.867453,130.263153,327.121155,-127.477020,-0.001929,-0.043488,0.016249,0.998920,224.650635,162.865631,-178.300034,-0.112933,0.017445,-0.052557,0.992058,221.406097,189.720627,-199.949921
162,1.620000,-0.069183,-0.015994,-0.017224,0.997327,199.455368,212.862091,-202.502274,-0.079106,-0.023736,0.009113,0.996542,239.983719,207.918961,-196.194794,-0.018070,0.496828,0.010968,0.867592,130.423767,327.181366,-127.703789,-0.002016,-0.043589,0.016076,0.998918,224.694565,162.855911,-178.351379,-0.114469,0.017707,-0.052521,0.991879,221.426483,189.649628,-199.990128
163,1.630000,-0.070014,-0.014560,-0.017177,0.997292,199.512009,212.795959,-202.584717,-0.078162,-0.022880,0.008574,0.996641,240.014023,207.881165,-196.303131,-0.017702,0.497121,0.011485,0.867425,130.574310,327.221039,-127.917572,-0.002206,-0.043896,0.016067,0.998905,224.724121,162.849991,-178.413818,-0.117260,0.019446,-0.054118,0.991435,221.477615,189.591263,-200.053192
164,1.640000,-0.067431,-0.000336,-0.015103,0.997610,199.537933,212.750687,-202.566544,-0.076232,-0.016010,0.011004,0.996901,240.029449,207.819534,-196.341217,-0.017625,0.497185,0.011443,0.867390,130.710922,327.262848,-128.136856,-0.002069,-0.044096,0.016097,0.998896,224.763718,162.835983,-178.490860,-0.118297,0.022582,-0.056938,0.991087,221.527588,189.568329,-200.111557
165,1.650000,-0.062112,0.016596,-0.011105,0.997869,199.579285,212.708771,-202.636932,-0.074948,-0.009696,0.012629,0.997060,240.084366,207.766830,-196.422714,-0.017436,0.497296,0.011534,0.867329,130.857834,327.292938,-128.356689,-0.002119,-0.044522,0.015901,0.998880,224.818527,162.822266,-178.558517,-0.118929,0.024316,-0.058253,0.990894,221.565704,189.527771,-200.162338
166,1.660000,-0.065679,0.000856,-0.013566,0.997748,199.661560,212.641983,-202.895294,-0.076260,-0.010266,0.013096,0.996949,240.157135,207.711960,-196.506668,-0.017431,0.497253,0.011578,0.867353,130.978226,327.314575,-128.560059,-0.001678,-0.045073,0.016045,0.998853,224.877274,162.813248,-178.646484,-0.121057,0.026000,-0.058990,0.990550,221.601425,189.473495,-200.224121
167,1.670000,-0.071225,-0.012747,-0.018332,0.997210,199.726242,212.587601,-203.007492,-0.078277,-0.016515,0.010539,0.996739,240.222382,207.684296,-196.669159,-0.017149,0.497339,0.011875,0.867306,131.099335,327.345612,-128.782211,-0.001858,-0.045263,0.015984,0.998846,224.912582,162.804611,-178.699921,-0.121889,0.028615,-0.060333,0.990295,221.641006,189.420853,-200.277985
168,1.680000,-0.071074,-0.011983,-0.019132,0.997216,199.781082,212.511017,-203.111237,-0.080276,-0.022525,0.008382,0.996483,240.270767,207.637558,-196.756607,-0.017149,0.497332,0.011763,0.867311,131.214813,327.365845,-128.987122,-0.001894,-0.045367,0.015946,0.998841,224.941193,162.795593,-178.732361,-0.123499,0.030207,-0.060764,0.990022,221.680527,189.334930,-200.328659
169,1.690000,-0.070676,-0.012404,-0.018003,0.997260,199.837158,212.458542,-203.187500,-0.080974,-0.022464,0.008118,0.996430,240.295410,207.592438,-196.804779,-0.016873,0.497513,0.012067,0.867208,131.328079,327.392395,-129.192871,-0.001746,-0.045567,0.015752,0.998836,224.967422,162.783173,-178.749924,-0.123365,0.030030,-0.060592,0.990055,221.713959,189.271606,-200.367981
170,1.700000,-0.071359,-0.012964,-0.018209,0.997200,199.862671,212.408752,-203.229340,-0.082538,-0.023078,0.007915,0.996289,240.309052,207.542084,-196.823242,-0.016981,0.497450,0.012096,0.867242,131.442200,327.397186,-129.380249,-0.001754,-0.045687,0.015728,0.998830,224.977921,162.779846,-178.752899,-0.121326,0.027975,-0.060123,0.990395,221.739365,189.195374,-200.377014
171,1.710000,-0.072061,-0.013451,-0.018568,0.997137,199.876846,212.363007,-203.265594,-0.083179,-0.023411,0.007400,0.996232,240.321091,207.500656,-196.835556,-0.017208,0.497232,0.011770,0.867367,131.558746,327.367798,-129.583771,-0.001740,-0.045811,0.015752,0.998824,224.977798,162.777771,-178.751801,-0.121189,0.025988,-0.058851,0.990542,221.752258,189.115784,-200.417496
172,1.720000,-0.072853,-0.015134,-0.018794,0.997051,199.876999,212.295944,-203.311569,-0.083522,-0.023542,0.007758,0.996198,240.308792,207.466339,-196.834518,-0.017597,0.497142,0.011453,0.867415,131.692764,327.289795,-129.833405,-0.001688,-0.045957,0.015801,0.998817,224.958557,162.778015,-178.741043,-0.119990,0.025121,-0.058297,0.990744,221.761169,189.035828,-200.444946
173,1.730000,-0.070963,-0.001113,-0.017030,0.997333,199.860229,212.244324,-203.267258,-0.084150,-0.023805,0.007633,0.996139,240.312424,207.410446,-196.897919,-0.017892,0.497107,0.011344,0.867430,131.792862,327.231445,-130.045563,-0.001739,-0.046011,0.015813,0.998814,224.954819,162.767456,-178.787155,-0.120792,0.025663,-0.059058,0.990587,221.766251,188.980270,-200.516785
174,1.740000,-0.067459,0.016445,-0.012620,0.997507,199.854858,212.187836,-203.327148,-0.085129,-0.024635,0.007239,0.996039,240.317886,207.374207,-196.973465,-0.017693,0.497446,0.011726,0.867235,131.900742,327.235687,-130.238434,-0.001799,-0.046069,0.015808,0.998812,224.958862,162.762329,-178.828629,-0.120902,0.025959,-0.058304,0.990611,221.770920,188.908752,-200.560486
175,1.750000,-0.067118,0.017969,-0.010931,0.997523,199.863159,212.135574,-203.408905,-0.082862,-0.017740,0.010649,0.996346,240.305237,207.299576,-196.985367,-0.017522,0.497360,0.011764,0.867288,131.995773,327.270844,-130.391235,-0.002146,-0.045784,0.015583,0.998828,224.959381,162.745377,-178.873962,-0.120601,0.024692,-0.057439,0.990730,221.769180,188.859695,-200.611969
176,1.760000,-0.071317,0.002361,-0.013651,0.997358,199.894150,212.067444,-203.598328,-0.081356,-0.010705,0.013378,0.996538,240.285828,207.248276,-197.034531,-0.017519,0.497127,0.011429,0.867425,132.104538,327.320862,-130.575378,-0.002363,-0.045776,0.015508,0.998829,224.960342,162.735764,-178.902618,-0.121238,0.025168,-0.057365,0.990645,221.760895,188.789490,-200.671021
177,1.770000,-0.077823,-0.013938,-0.018681,0.996695,199.904922,212.019928,-203.663208,-0.081968,-0.010325,0.013669,0.996488,240.286758,207.198151,-197.074493,-0.017180,0.497360,0.011916,0.867292,132.187592,327.362030,-130.729309,-0.002488,-0.045832,0.015490,0.998826,224.962845,162.729736,-178.920135,-0.119801,0.023930,-0.057334,0.990852,221.764816,188.717422,-200.693451
178,1.780000,-0.079951,-0.015943,-0.020413,0.996462,199.913437,211.954330,-203.703918,-0.082569,-0.010277,0.013483,0.996441,240.300491,207.155685,-197.110809,-0.017108,0.497487,0.012028,0.867220,132.291595,327.402100,-130.899155,-0.002520,-0.045742,0.015480,0.998830,224.974472,162.725342,-178.926117,-0.119969,0.023327,-0.057441,0.990840,221.788574,188.648972,-200.742065
179,1.790000,-0.080819,-0.017568,-0.020229,0.996369,199.942169,211.888214,-203.770432,-0.083158,-0.010901,0.012828,0.996394,240.330521,207.106522,-197.137451,-0.017251,0.497287,0.011781,0.867335,132.394943,327.435028,-131.052856,-0.002770,-0.045539,0.015297,0.998842,224.999039,162.719254,-178.936951,-0.119463,0.022811,-0.057642,0.990902,221.831741,188.596207,-200.777878
180,1.800000,-0.081243,-0.019441,-0.020633,0.996291,199.978210,211.839752,-203.812408,-0.084734,-0.012081,0.012065,0.996257,240.362091,207.063034,-197.153748,-0.017014,0.497422,0.011903,0.867260,132.517410,327.469208,-131.227768,-0.002966,-0.045886,0.015217,0.998826,225.025269,162.715408,-178.955261,-0.118590,0.021471,-0.056921,0.991078,221.872620,188.542282,-200.807114
181,1.810000,-0.081467,-0.018040,-0.021136,0.996289,200.030258,211.793640,-203.861526,-0.085253,-0.012709,0.011693,0.996210,240.402496,207.031281,-197.193573,-0.016822,0.497479,0.012215,0.867227,132.609863,327.475555,-131.376724,-0.003193,-0.045895,0.015112,0.998827,225.051926,162.705872,-178.982010,-0.118215,0.020181,-0.056098,0.991197,221.908585,188.496765,-200.843231
182,1.820000,-0.081936,-0.016203,-0.020562,0.996294,200.069824,211.751633,-203.938004,-0.088856,-0.019595,0.008844,0.995812,240.457916,206.996460,-197.302231,-0.016969,0.497147,0.011825,0.867420,132.715256,327.493835,-131.558670,-0.004056,-0.045123,0.015049,0.998860,225.076233,162.697983,-179.036942,-0.119971,0.020705,-0.055162,0.991028,221.929382,188.414825,-200.890656
183,1.830000,-0.080975,-0.014714,-0.020347,0.996400,200.105148,211.710022,-204.001007,-0.091104,-0.026197,0.007208,0.995471,240.500854,206.943466,-197.380173,-0.016820,0.497252,0.012148,0.867358,132.801163,327.503113,-131.727127,-0.004097,-0.045006,0.015079,0.998865,225.090820,162.689056,-179.057022,-0.121711,0.022618,-0.056084,0.990722,221.956055,188.350449,-200.950455
184,1.840000,-0.081611,-0.013041,-0.020525,0.996368,200.118500,211.650482,-204.055099,-0.091585,-0.026056,0.007155,0.995431,240.511398,206.898865,-197.417343,-0.016841,0.497132,0.011883,0.867430,132.908432,327.523376,-131.910645,-0.004163,-0.045035,0.015060,0.998863,225.097534,162.683762,-179.067291,-0.120327,0.021015,-0.056070,0.990927,221.977798,188.279709,-200.962280
185,1.850000,-0.082851,-0.014793,-0.020678,0.996238,200.126801,211.589401,-204.123627,-0.092239,-0.026256,0.007158,0.995365,240.513199,206.854401,-197.451874,-0.016506,0.497474,0.012376,0.867234,132.994308,327.545227,-132.076309,-0.004287,-0.045168,0.015003,0.998858,225.101425,162.679062,-179.078812,-0.119355,0.017855,-0.054614,0.991188,221.988663,188.220291,-200.991302
186,1.860000,-0.080408,-0.001341,-0.017744,0.996603,200.113068,211.535172,-204.048615,-0.092921,-0.026549,0.006964,0.995295,240.520966,206.806213,-197.490158,-0.016377,0.497553,0.012462,0.867190,133.096298,327.586365,-132.251312,-0.004349,-0.045226,0.015008,0.998855,225.105545,162.673630,-179.093796,-0.118863,0.015207,-0.053065,0.991375,222.001984,188.161911,-201.021713
187,1.870000,-0.074854,0.015511,-0.012190,0.996999,200.122879,211.492371,-204.055038,-0.093195,-0.025834,0.006900,0.995289,240.531250,206.756668,-197.523743,-0.016354,0.497523,0.012495,0.867207,133.201004,327.608612,-132.403244,-0.004381,-0.045310,0.014986,0.998851,225.110306,162.669464,-179.110519,-0.119692,0.015190,-0.052339,0.991314,222.008820,188.098190,-201.067612
188,1.880000,-0.074005,0.017750,-0.011937,0.997028,200.161530,211.447220,-204.122162,-0.093732,-0.025862,0.007026,0.995237,240.550064,206.716141,-197.557602,-0.016269,0.497479,0.012351,0.867235,133.326904,327.629486,-132.600510,-0.004429,-0.045374,0.015011,0.998847,225.117508,162.667816,-179.125061,-0.119274,0.014983,-0.052717,0.991348,222.020721,188.041595,-201.103699
189,1.890000,-0.075678,0.016026,-0.013473,0.996913,200.178345,211.384094,-204.180389,-0.094532,-0.026342,0.006659,0.995151,240.560898,206.669128,-197.597092,-0.016346,0.497472,0.012242,0.867240,133.424973,327.629913,-132.778534,-0.004483,-0.045461,0.015017,0.998843,225.126831,162.664536,-179.145370,-0.120375,0.015165,-0.052661,0.991215,222.041321,187.960938,-201.142456
190,1.900000,-0.079843,0.000159,-0.016782,0.996666,200.236511,211.310394,-204.391785,-0.094006,-0.020118,0.008901,0.995329,240.553604,206.597870,-197.570312,-0.016464,0.497464,0.012143,0.867243,133.547455,327.639709,-132.986115,-0.004394,-0.045632,0.015079,0.998835,225.141556,162.654709,-179.182373,-0.120758,0.014602,-0.052614,0.991179,222.083817,187.907059,-201.173431
191,1.910000,-0.086571,-0.016071,-0.021343,0.995887,200.258911,211.255371,-204.470596,-0.093020,-0.014492,0.010838,0.995500,240.563629,206.554016,-197.618378,-0.016196,0.497722,0.012595,0.867094,133.670334,327.656769,-133.178787,-0.004495,-0.045965,0.015059,0.998819,225.160492,162.649673,-179.216888,-0.119634,0.012962,-0.052737,0.991332,222.103745,187.842377,-201.183319
192,1.920000,-0.084428,-0.005293,-0.018810,0.996238,200.263168,211.200821,-204.429291,-0.092448,-0.013880,0.012199,0.995546,240.595093,206.505203,-197.678558,-0.016264,0.497519,0.012312,0.867213,133.795578,327.671356,-133.393967,-0.004598,-0.046238,0.015057,0.998806,225.173523,162.644485,-179.245392,-0.120188,0.010564,-0.051147,0.991376,222.110611,187.762482,-201.210648
193,1.930000,-0.080081,0.010117,-0.015367,0.996619,200.290131,211.142609,-204.459473,-0.090824,-0.011759,0.011946,0.995726,240.601730,206.451660,-197.752808,-0.016147,0.497622,0.012471,0.867154,133.914597,327.685303,-133.616592,-0.004608,-0.046387,0.015014,0.998800,225.184219,162.637573,-179.267319,-0.121998,0.010181,-0.057081,0.990835,222.158310,187.619171,-201.222336
194,1.940000,-0.084249,-0.002829,-0.018440,0.996270,200.334518,211.062607,-204.655563,-0.092240,-0.012059,0.011073,0.995602,240.608963,206.386902,-197.805588,-0.016139,0.497693,0.012541,0.867113,134.015915,327.706055,-133.810150,-0.004665,-0.046411,0.014998,0.998799,225.190781,162.632446,-179.285461,-0.123337,0.013416,-0.053416,0.990835,222.135040,187.613556,-201.297180
195,1.950000,-0.085402,0.002964,-0.017892,0.996181,200.319122,210.990997,-204.605042,-0.093503,-0.012909,0.010399,0.995481,240.621155,206.313141,-197.856049,-0.015762,0.497873,0.012828,0.867012,134.150162,327.763916,-134.019699,-0.004727,-0.046443,0.014957,0.998798,225.193680,162.627167,-179.294586,-0.123326,0.011765,-0.051794,0.990944,222.145569,187.532211,-201.315628
196,1.960000,-0.082271,0.015553,-0.014783,0.996379,200.311951,210.925034,-204.617401,-0.096243,-0.019634,0.007837,0.995133,240.634644,206.256470,-197.953369,-0.015691,0.497814,0.012705,0.867049,134.276657,327.806213,-134.204178,-0.004961,-0.046473,0.014912,0.998796,225.188080,162.621536,-179.292908,-0.121965,0.008120,-0.050858,0.991197,222.122620,187.435440,-201.317154
197,1.970000,-0.083326,0.016911,-0.014171,0.996278,200.309540,210.847916,-204.660721,-0.100360,-0.026944,0.005215,0.994573,240.619858,206.184738,-197.993835,-0.015728,0.497454,0.012431,0.867258,134.395370,327.836700,-134.401215,-0.005069,-0.046509,0.014890,0.998794,225.182358,162.616119,-179.294281,-0.122955,0.007037,-0.050373,0.991108,222.112213,187.349258,-201.351059
198,1.980000,-0.084716,0.015424,-0.015148,0.996171,200.304153,210.764374,-204.719498,-0.100487,-0.027031,0.004646,0.994560,240.612625,206.129349,-198.042160,-0.015740,0.497561,0.012626,0.867194,134.544510,327.836884,-134.597702,-0.005068,-0.046612,0.014867,0.998790,225.178696,162.614227,-179.295242,-0.124074,0.007666,-0.051166,0.990923,222.111832,187.267349,-201.388794
199,1.990000,-0.086116,0.015943,-0.016412,0.996022,200.304459,210.663406,-204.768524,-0.101509,-0.026308,0.005938,0.994469,240.612213,206.050079,-198.052856,-0.015877,0.497695,0.012592,0.867115,134.692703,327.811493,-134.851074,-0.005211,-0.046592,0.014836,0.998790,225.163498,162.612259,-179.280563,-0.123342,0.007169,-0.051017,0.991026,222.105225,187.180954,-201.400574
200,2.000000,-0.086129,0.015517,-0.015803,0.996038,200.287659,210.561554,-204.816162,-0.102518,-0.025772,0.005946,0.994380,240.575806,205.958893,-198.083542,-0.015755,0.497749,0.012846,0.867083,134.810425,327.791443,-135.083710,-0.005278,-0.046544,0.014853,0.998792,225.139053,162.607071,-179.259705,-0.115789,0.022030,-0.058842,0.991285,221.988358,187.190262,-201.284531
201,2.010000,-0.087339,0.013431,-0.015981,0.995960,200.237167,210.463074,-204.819794,-0.103958,-0.026154,0.005801,0.994221,240.529785,205.867111,-198.093475,-0.015774,0.497812,0.012687,0.867049,134.942825,327.795898,-135.297623,-0.005437,-0.046298,0.014953,0.998801,225.104370,162.604370,-179.212723,-0.106958,0.051945,-0.073175,0.990206,221.910950,187.095795,-201.252136
202,2.020000,-0.089997,0.012390,-0.017303,0.995715,200.177170,210.345551,-204.814835,-0.104579,-0.025767,0.005588,0.994167,240.484085,205.744019,-198.095062,-0.015770,0.497741,0.012722,0.867089,135.085907,327.821808,-135.534546,-0.005462,-0.045909,0.014974,0.998819,225.072388,162.606735,-179.152710,-0.104489,0.065471,-0.079672,0.989165,221.858734,186.960541,-201.235092
203,2.030000,-0.090772,0.014019,-0.016841,0.995631,200.121140,210.232315,-204.823486,-0.106133,-0.026070,0.005259,0.993996,240.442902,205.637299,-198.115845,-0.015970,0.496901,0.011841,0.867580,135.189301,327.884064,-135.801025,-0.005651,-0.045779,0.014874,0.998825,225.046982,162.610336,-179.110260,-0.103878,0.065655,-0.075059,0.989578,221.859421,186.710007,-201.119553
204,2.040000,-0.092022,0.014158,-0.017481,0.995503,200.085922,210.109879,-204.820969,-0.107510,-0.025299,0.005907,0.993865,240.405014,205.543198,-198.120880,-0.015932,0.496919,0.011825,0.867570,135.338928,327.922852,-136.048584,-0.005696,-0.045712,0.014879,0.998828,225.031326,162.617615,-179.071518,-0.103824,0.061524,-0.072386,0.990048,221.837402,186.600143,-201.085480
205,2.050000,-0.093011,0.013175,-0.017644,0.995422,200.086914,209.991653,-204.881882,-0.109965,-0.025343,0.005029,0.993600,240.388046,205.436829,-198.142532,-0.015763,0.497130,0.012027,0.867450,135.492767,327.951843,-136.293686,-0.005466,-0.045621,0.014916,0.998833,225.039490,162.623413,-179.065826,-0.105561,0.062284,-0.073755,0.989716,221.841476,186.464081,-201.065979
206,2.060000,-0.094296,0.014216,-0.017199,0.995294,200.101959,209.889542,-204.919601,-0.110960,-0.024720,0.004395,0.993508,240.402130,205.343246,-198.169632,-0.015686,0.497000,0.012131,0.867524,135.660263,327.940643,-136.575989,-0.005458,-0.045564,0.014954,0.998835,225.052017,162.627853,-179.056107,-0.104998,0.064204,-0.077448,0.989371,221.781570,186.437027,-201.099503
207,2.070000,-0.094712,0.015466,-0.017038,0.995239,200.139618,209.788467,-204.980423,-0.110465,-0.023563,0.005573,0.993585,240.440781,205.237015,-198.220062,-0.015703,0.497617,0.012517,0.867164,135.850708,327.904388,-136.830078,-0.005388,-0.045579,0.014961,0.998834,225.074036,162.629974,-179.053680,-0.104887,0.065225,-0.079601,0.989145,221.797958,186.352966,-201.091049
208,2.080000,-0.095966,0.014992,-0.017114,0.995125,200.153229,209.679779,-205.033447,-0.112606,-0.024240,0.005246,0.993330,240.468979,205.137268,-198.264313,-0.015783,0.498206,0.013698,0.866807,136.069275,327.896851,-137.114304,-0.005469,-0.045477,0.014920,0.998839,225.091888,162.627808,-179.064133,-0.106523,0.064633,-0.080614,0.988927,221.816940,186.234894,-201.079758
209,2.090000,-0.098694,0.015785,-0.017685,0.994835,200.160172,209.566437,-205.050552,-0.115041,-0.026378,0.004011,0.993002,240.436203,205.044876,-198.267319,-0.015735,0.498083,0.013662,0.866879,136.247375,327.888580,-137.412827,-0.005443,-0.045400,0.014968,0.998842,225.088104,162.632660,-179.032288,-0.107800,0.065339,-0.080665,0.988738,221.826126,186.094238,-201.050186
210,2.100000,-0.100855,0.015705,-0.017712,0.994619,200.140198,209.441788,-205.061890,-0.116002,-0.026255,0.004059,0.992894,240.405075,204.952942,-198.237823,-0.015957,0.498026,0.013498,0.866910,136.445877,327.850067,-137.763550,-0.004636,-0.046049,0.015045,0.998815,225.068115,162.636429,-178.958496,-0.108951,0.063702,-0.075634,0.989116,221.865158,185.864929,-200.954117
211,2.110000,-0.102322,0.014433,-0.018278,0.994479,200.108521,209.276810,-205.022446,-0.118391,-0.026135,0.003757,0.992616,240.352280,204.835831,-198.161057,-0.016059,0.498108,0.013538,0.866860,136.609894,327.772583,-138.091370,-0.003939,-0.046526,0.015197,0.998794,225.035095,162.645477,-178.849304,-0.107925,0.053026,-0.076185,0.989816,221.881958,185.553558,-200.802811
212,2.120000,-0.104749,0.015334,-0.019213,0.994195,200.069489,209.130493,-205.022858,-0.119779,-0.026493,0.003790,0.992440,240.305206,204.716736,-198.154251,-0.016169,0.498062,0.013218,0.866890,136.783615,327.792969,-138.455399,-0.003701,-0.046505,0.015310,0.998794,225.012268,162.652435,-178.783661,-0.108863,0.046113,-0.075523,0.990111,221.858627,185.367935,-200.737427
213,2.130000,-0.106956,0.014835,-0.019585,0.993960,200.015030,208.972946,-204.996857,-0.119036,-0.018300,0.005606,0.992705,240.233032,204.562149,-198.063568,-0.016028,0.498325,0.013644,0.866735,136.960464,327.803040,-138.760834,-0.004191,-0.046575,0.015553,0.998785,224.991882,162.669556,-178.687180,-0.108849,0.040340,-0.071969,0.990629,221.816666,185.209015,-200.662949
214,2.140000,-0.108913,0.015122,-0.019696,0.993741,199.995987,208.805374,-205.034058,-0.121506,-0.020052,0.004536,0.992378,240.242752,204.424423,-198.167648,-0.015906,0.498187,0.013754,0.866815,137.165695,327.842010,-139.094788,-0.003984,-0.046674,0.015703,0.998779,225.000488,162.671082,-178.650055,-0.116910,0.041789,-0.063079,0.990256,221.735458,185.110291,-200.720840
215,2.150000,-0.111806,0.012699,-0.019741,0.993453,200.002075,208.660126,-205.092438,-0.123732,-0.024801,0.003433,0.992000,240.245941,204.280472,-198.222946,-0.015996,0.497944,0.013445,0.866957,137.374298,327.856079,-139.433624,-0.003742,-0.046971,0.015950,0.998762,225.008240,162.677368,-178.620224,-0.115122,0.053129,-0.068631,0.989552,221.635849,185.108261,-200.647232
216,2.160000,-0.114043,0.010675,-0.020183,0.993213,200.026733,208.514236,-205.095825,-0.124085,-0.018135,0.005400,0.992091,240.232880,204.142059,-198.103653,-0.016143,0.498244,0.013465,0.866782,137.603546,327.797913,-139.824509,-0.003857,-0.047256,0.016001,0.998747,225.014587,162.689468,-178.559097,-0.108515,0.073329,-0.076841,0.988404,221.695480,184.874115,-200.405457
217,2.170000,-0.115830,0.011030,-0.020664,0.992993,200.048019,208.384186,-205.104599,-0.122913,-0.011803,0.006890,0.992323,240.238342,204.056885,-198.025131,-0.017093,0.497485,0.012489,0.867214,137.884354,327.670380,-140.297882,-0.003653,-0.047499,0.016138,0.998734,225.002747,162.701889,-178.501450,-0.102941,0.079795,-0.088512,0.987523,221.740906,184.703156,-200.211105
218,2.180000,-0.118503,0.011377,-0.021077,0.992665,200.063950,208.229385,-205.093353,-0.125134,-0.011768,0.006757,0.992047,240.225922,203.918930,-197.899658,-0.017414,0.498057,0.012933,0.866873,138.067047,327.474518,-140.708374,-0.003923,-0.047633,0.016360,0.998723,224.961502,162.725433,-178.407623,-0.102205,0.084117,-0.093100,0.986819,221.758621,184.511536,-200.056122
219,2.190000,-0.120095,0.008579,-0.019938,0.992525,200.096207,208.033249,-205.128372,-0.129239,-0.019535,0.004251,0.991412,240.257462,203.777969,-197.921448,-0.017813,0.497879,0.012583,0.866972,138.270935,327.419403,-141.136383,-0.003802,-0.047141,0.016339,0.998747,224.939590,162.737137,-178.322632,-0.103532,0.084854,-0.094355,0.986498,221.765320,184.363907,-199.937149
220,2.200000,-0.123231,0.008586,-0.020382,0.992132,200.079041,207.870163,-205.172318,-0.134771,-0.028373,0.001572,0.990469,240.242218,203.628601,-197.965668,-0.017407,0.498175,0.013011,0.866804,138.447052,327.534882,-141.471649,-0.003722,-0.047020,0.016435,0.998752,224.938980,162.740265,-178.303574,-0.107755,0.084296,-0.094632,0.986067,221.730087,184.204102,-199.852112
221,2.210000,-0.124358,0.009500,-0.019549,0.991999,200.089386,207.722717,-205.180817,-0.134543,-0.021836,0.004030,0.990659,240.240906,203.464157,-197.894897,-0.016772,0.498126,0.013331,0.866840,138.656845,327.705750,-141.776794,-0.003603,-0.047086,0.016509,0.998748,224.952469,162.749542,-178.266693,-0.112825,0.080724,-0.095375,0.985727,221.727905,184.078537,-199.772919
222,2.220000,-0.125880,0.009774,-0.020159,0.991793,200.152954,207.575684,-205.220764,-0.134237,-0.016564,0.005137,0.990798,240.316711,203.335312,-197.897339,-0.016174,0.498195,0.013694,0.866806,138.881027,327.822113,-142.108597,-0.002950,-0.047712,0.016629,0.998718,224.998840,162.755814,-178.217087,-0.118209,0.076430,-0.094921,0.985482,221.773209,183.939407,-199.678375
223,2.230000,-0.128015,0.009148,-0.021397,0.991499,200.287811,207.446106,-205.295044,-0.134756,-0.015900,0.004797,0.990740,240.410675,203.226059,-197.927048,-0.016581,0.497919,0.013162,0.866965,139.133179,327.861755,-142.494720,-0.002419,-0.046574,0.016742,0.998772,224.999649,162.795380,-178.193253,-0.124678,0.071617,-0.094881,0.985050,221.869705,183.842422,-199.603073
224,2.240000,-0.130268,0.008800,-0.023406,0.991163,200.460739,207.339951,-205.375854,-0.136813,-0.015155,0.005587,0.990465,240.549225,203.112961,-197.898392,-0.016181,0.498102,0.013488,0.866862,139.345383,327.856018,-142.889206,-0.001813,-0.046561,0.016598,0.998776,225.076477,162.807938,-178.176361,-0.130861,0.067530,-0.097608,0.984270,222.016464,183.768173,-199.534195
225,2.250000,-0.130363,0.006896,-0.022293,0.991192,200.618500,207.200821,-205.422302,-0.138252,-0.016225,0.005336,0.990250,240.716873,203.003220,-197.872025,-0.016197,0.498169,0.013508,0.866823,139.596024,327.849762,-143.287689,-0.001855,-0.046664,0.016257,0.998777,225.175354,162.807800,-178.164963,-0.136888,0.062755,-0.096906,0.983836,222.151596,183.647202,-199.436371
226,2.260000,-0.131156,0.006931,-0.021978,0.991094,200.751266,207.096207,-205.466293,-0.141857,-0.023976,0.002342,0.989594,240.841995,202.910446,-197.884369,-0.016394,0.497962,0.013328,0.866941,139.864243,327.817810,-143.727020,-0.001912,-0.047278,0.016254,0.998748,225.255432,162.813263,-178.137146,-0.142668,0.054970,-0.095268,0.983640,222.236298,183.538223,-199.365356
227,2.270000,-0.133610,0.007418,-0.023617,0.990725,200.866135,206.988770,-205.464188,-0.145167,-0.032833,-0.000552,0.988862,240.912186,202.840240,-197.747223,-0.016596,0.498102,0.013051,0.866861,140.133759,327.709656,-144.211792,-0.002285,-0.047811,0.016674,0.998715,225.249893,162.846466,-178.046356,-0.145483,0.046410,-0.093476,0.983841,222.324493,183.448273,-199.267593
228,2.280000,-0.137162,0.005531,-0.024591,0.990228,200.953979,206.810074,-205.498505,-0.147345,-0.034542,-0.000362,0.988482,240.995667,202.694489,-197.641373,-0.017098,0.498484,0.013051,0.866632,140.335907,327.594513,-144.652573,-0.002012,-0.047877,0.016810,0.998710,225.219879,162.866058,-177.982605,-0.149960,0.039511,-0.091117,0.983691,222.408569,183.279358,-199.170273
229,2.290000,-0.137363,0.003966,-0.023131,0.990243,201.011597,206.677444,-205.547592,-0.148940,-0.034802,-0.001005,0.988233,241.043854,202.556915,-197.631668,-0.017401,0.498083,0.012631,0.866863,140.538452,327.604950,-145.107346,-0.001909,-0.047869,0.016885,0.998709,225.205460,162.870880,-177.960358,-0.154362,0.032440,-0.089127,0.983451,222.454163,183.144577,-199.099411
230,2.300000,-0.138879,0.004352,-0.022287,0.990049,201.057129,206.516586,-205.550293,-0.151307,-0.034776,-0.000325,0.987875,241.063293,202.404587,-197.531311,-0.017062,0.498327,0.013038,0.866723,140.775681,327.634613,-145.490265,-0.001744,-0.048677,0.017053,0.998667,225.202057,162.884888,-177.906342,-0.156891,0.025681,-0.087958,0.983356,222.481796,183.013565,-199.024323
231,2.310000,-0.139931,0.003079,-0.022407,0.989903,201.132355,206.335297,-205.581818,-0.150389,-0.028516,0.001324,0.988215,241.091400,202.218933,-197.382370,-0.017311,0.498166,0.012975,0.866812,141.049683,327.603760,-145.910538,-0.001514,-0.047370,0.017165,0.998729,225.193497,162.892349,-177.813629,-0.159417,0.018916,-0.085975,0.983279,222.508804,182.822342,-198.924225
232,2.320000,-0.141740,0.001655,-0.023980,0.989612,201.173935,206.158447,-205.630997,-0.154697,-0.031820,-0.000343,0.987449,241.147675,202.048843,-197.423615,-0.017337,0.498153,0.013033,0.866818,141.289764,327.600037,-146.355042,-0.001739,-0.047754,0.017150,0.998710,225.196457,162.889862,-177.805634,-0.162308,0.014933,-0.085900,0.982881,222.549866,182.701675,-198.868668
233,2.330000,-0.144657,0.001251,-0.026255,0.989133,201.286636,206.004349,-205.708145,-0.156184,-0.037572,-0.002938,0.987009,241.247849,201.899124,-197.458328,-0.017431,0.498244,0.012874,0.866766,141.515106,327.651764,-146.783432,-0.001578,-0.047477,0.017392,0.998720,225.243652,162.890594,-177.788467,-0.165194,0.013952,-0.086003,0.982405,222.596634,182.555634,-198.801559
234,2.340000,-0.145848,0.000999,-0.026074,0.988963,201.377335,205.867447,-205.759644,-0.158761,-0.037415,-0.001420,0.986607,241.358780,201.742401,-197.438797,-0.017224,0.498180,0.012941,0.866806,141.759018,327.708801,-147.151199,-0.002049,-0.047428,0.017275,0.998723,225.320023,162.889023,-177.802597,-0.169702,0.012166,-0.085170,0.981733,222.684555,182.423035,-198.739349
235,2.350000,-0.146492,0.000676,-0.025355,0.988887,201.508987,205.724503,-205.852570,-0.160064,-0.037634,-0.002154,0.986387,241.452667,201.604965,-197.451675,-0.017058,0.498128,0.013102,0.866837,142.014008,327.741302,-147.569504,-0.002460,-0.048588,0.017273,0.998667,225.377045,162.888123,-177.840622,-0.172775,0.011906,-0.086553,0.981079,222.760864,182.310547,-198.689606
236,2.360000,-0.148493,-0.001323,-0.025823,0.988575,201.662277,205.598114,-205.940903,-0.162094,-0.039264,-0.003743,0.985987,241.579315,201.451935,-197.417526,-0.017071,0.498278,0.013109,0.866750,142.298645,327.721954,-148.028671,-0.001757,-0.048218,0.017055,0.998690,225.441269,162.882980,-177.816833,-0.174887,0.011628,-0.087632,0.980612,222.851135,182.180725,-198.619980
237,2.370000,-0.151446,-0.003274,-0.026811,0.988097,201.793579,205.485870,-205.990173,-0.163217,-0.040897,-0.004691,0.985731,241.690781,201.350662,-197.328461,-0.017234,0.498201,0.013096,0.866791,142.568390,327.671478,-148.517395,-0.001498,-0.048371,0.017041,0.998683,225.466675,162.889587,-177.786865,-0.176373,0.009606,-0.088410,0.980298,222.983047,182.073181,-198.546387
238,2.380000,-0.153830,-0.003293,-0.026408,0.987739,201.921783,205.318283,-206.044357,-0.163254,-0.036424,-0.002473,0.985908,241.796341,201.177521,-197.202545,-0.017177,0.498445,0.013436,0.866647,142.735916,327.641907,-148.941162,-0.001435,-0.048874,0.017001,0.998659,225.500275,162.878448,-177.764221,-0.177625,0.006768,-0.088128,0.980121,223.071091,181.910416,-198.457245
239,2.390000,-0.155353,-0.006099,-0.027680,0.987452,202.048752,205.176651,-206.142273,-0.167941,-0.040195,-0.003926,0.984969,241.898453,201.011734,-197.190491,-0.017288,0.498453,0.013135,0.866645,142.997330,327.724182,-149.408401,-0.001382,-0.049128,0.017013,0.998647,225.528595,162.874374,-177.770828,-0.180137,0.006355,-0.089505,0.979540,223.130310,181.784882,-198.417389
240,2.400000,-0.155949,-0.005827,-0.028358,0.987341,202.159271,205.051407,-206.222427,-0.168486,-0.043991,-0.005530,0.984706,242.000214,200.901367,-197.250961,-0.017636,0.497703,0.012049,0.867085,143.261520,327.853973,-149.819321,-0.000754,-0.049322,0.017138,0.998636,225.577652,162.878281,-177.808792,-0.180986,0.007490,-0.091860,0.979158,223.193848,181.702087,-198.377243
241,2.410000,-0.158008,-0.006023,-0.029517,0.986978,202.262665,204.918839,-206.326599,-0.170294,-0.044301,-0.006005,0.984379,242.114975,200.754105,-197.324509,-0.017407,0.497674,0.012013,0.867107,143.554123,327.945892,-150.255508,-0.000629,-0.049623,0.016905,0.998625,225.650116,162.860931,-177.860092,-0.183888,0.008454,-0.093719,0.978433,223.273285,181.587723,-198.353470
242,2.420000,-0.159113,-0.004924,-0.028251,0.986844,202.371628,204.778000,-206.446930,-0.170837,-0.039228,-0.004787,0.984506,242.191452,200.598328,-197.313980,-0.017405,0.497717,0.012063,0.867081,143.787781,327.967010,-150.650970,-0.000824,-0.049542,0.017084,0.998626,225.717178,162.850433,-177.918930,-0.187266,0.011525,-0.096308,0.977509,223.368271,181.468582,-198.333328
243,2.430000,-0.161861,-0.004330,-0.029478,0.986364,202.505402,204.651184,-206.569305,-0.173308,-0.043060,-0.006530,0.983904,242.306152,200.466400,-197.438980,-0.017294,0.497878,0.012276,0.866988,144.001678,327.981293,-151.080826,-0.001062,-0.049326,0.016880,0.998640,225.786987,162.843918,-177.979050,-0.190569,0.015258,-0.099165,0.976533,223.448532,181.355179,-198.319550
244,2.440000,-0.163771,-0.006354,-0.029962,0.986023,202.599823,204.513535,-206.672226,-0.175646,-0.046650,-0.007478,0.983319,242.401962,200.329056,-197.499207,-0.017359,0.497658,0.012039,0.867116,144.263611,328.007019,-151.508560,-0.001360,-0.049065,0.016570,0.998657,225.841492,162.834534,-178.024155,-0.193052,0.016433,-0.099993,0.975942,223.503281,181.229584,-198.298080
245,2.450000,-0.166486,-0.007905,-0.031311,0.985515,202.672455,204.375992,-206.742615,-0.177686,-0.047381,-0.008173,0.982912,242.466415,200.203369,-197.500641,-0.017216,0.497641,0.012200,0.867126,144.529160,328.012024,-151.925018,-0.001504,-0.049212,0.016544,0.998650,225.868179,162.828506,-178.044220,-0.193433,0.016209,-0.101055,0.975761,223.546463,181.126419,-198.277023
246,2.460000,-0.167124,-0.010435,-0.030144,0.985420,202.758438,204.219284,-206.788834,-0.176247,-0.041895,-0.007039,0.983429,242.514130,200.063217,-197.380219,-0.016730,0.498295,0.013434,0.866742,144.776367,327.905914,-152.337830,-0.001151,-0.049581,0.016422,0.998635,225.863159,162.828781,-178.013901,-0.192180,0.014857,-0.102669,0.975861,223.603378,180.977692,-198.220123
247,2.470000,-0.167943,-0.012754,-0.030525,0.985241,202.840332,204.085037,-206.884689,-0.176984,-0.036767,-0.006735,0.983504,242.551819,199.893936,-197.349442,-0.016726,0.498526,0.013501,0.866609,144.947952,327.879639,-152.756409,-0.001378,-0.049563,0.016534,0.998633,225.853683,162.828094,-178.023499,-0.193428,0.012503,-0.101659,0.975754,223.657455,180.825256,-198.182373
248,2.480000,-0.170660,-0.014794,-0.032930,0.984669,202.882584,203.949387,-206.947968,-0.177607,-0.036852,-0.005485,0.983396,242.605011,199.757172,-197.361084,-0.016555,0.498864,0.013610,0.866416,145.119904,327.934448,-153.145172,-0.001410,-0.049762,0.016529,0.998623,225.858459,162.828476,-178.047256,-0.194877,0.011693,-0.101714,0.975469,223.678726,180.701263,-198.168076
249,2.490000,-0.172407,-0.015570,-0.032199,0.984376,202.944717,203.810822,-207.026489,-0.183078,-0.043226,-0.007027,0.982123,242.673737,199.623978,-197.415680,-0.016160,0.498917,0.014062,0.866385,145.327377,327.990234,-153.466644,-0.001610,-0.051108,0.016474,0.998556,225.898941,162.825714,-178.092941,-0.195187,0.011927,-0.102599,0.975312,223.720139,180.596878,-198.153473
250,2.500000,-0.173991,-0.014011,-0.031570,0.984141,203.008896,203.687378,-207.124115,-0.186436,-0.050697,-0.010003,0.981107,242.727524,199.479843,-197.533005,-0.016594,0.497728,0.013017,0.867077,145.616653,328.055939,-153.876938,-0.001887,-0.051172,0.016267,0.998556,225.938202,162.813629,-178.151367,-0.197509,0.012380,-0.102798,0.974818,223.754898,180.479401,-198.157623
251,2.510000,-0.175331,-0.011221,-0.032944,0.983894,203.092422,203.573181,-207.222107,-0.187183,-0.050204,-0.008784,0.981002,242.827759,199.327988,-197.585175,-0.016581,0.497528,0.012844,0.867194,145.816269,328.055573,-154.217484,-0.001651,-0.050495,0.016191,0.998592,225.979156,162.805664,-178.182480,-0.213555,0.008162,-0.105360,0.971199,223.765244,180.426865,-198.010880
252,2.520000,-0.175669,-0.012153,-0.032510,0.983837,203.243149,203.438278,-207.341263,-0.188119,-0.049476,-0.008456,0.980863,242.942642,199.191071,-197.590973,-0.016692,0.497544,0.012843,0.867183,145.995316,328.073212,-154.602798,-0.001543,-0.050425,0.016073,0.998597,226.023758,162.805115,-178.209305,-0.221112,0.000731,-0.104216,0.969664,223.861923,180.339920,-197.960571
253,2.530000,-0.176937,-0.012856,-0.032428,0.983604,203.321411,203.330139,-207.412582,-0.189370,-0.049976,-0.009552,0.980587,243.010056,199.064331,-197.611801,-0.016110,0.498799,0.014076,0.866453,146.185791,328.075134,-154.927933,-0.001486,-0.050545,0.016025,0.998592,226.047836,162.800201,-178.231995,-0.223317,-0.000400,-0.104872,0.969088,223.922623,180.209869,-197.931946
254,2.540000,-0.177948,-0.012463,-0.033262,0.983399,203.380951,203.210510,-207.474487,-0.191344,-0.051680,-0.010409,0.980106,243.057571,198.930374,-197.624115,-0.016019,0.498699,0.014082,0.866513,146.404343,328.095276,-155.258163,-0.001474,-0.050770,0.015921,0.998582,226.060699,162.783249,-178.255386,-0.223960,0.000553,-0.105108,0.968914,223.955017,180.092941,-197.916382
255,2.550000,-0.179914,-0.012992,-0.033319,0.983032,203.438873,203.072800,-207.522995,-0.194843,-0.052566,-0.012484,0.979345,243.076843,198.834091,-197.591049,-0.016441,0.497650,0.012815,0.867128,146.634445,328.124725,-155.667358,-0.001591,-0.050850,0.015840,0.998580,226.061630,162.780060,-178.257492,-0.222088,0.000779,-0.105202,0.969334,223.997879,179.982712,-197.894211
256,2.560000,-0.180498,-0.015836,-0.032044,0.982926,203.508423,202.960190,-207.543793,-0.194358,-0.053949,-0.011053,0.979384,243.142746,198.662598,-197.552780,-0.016144,0.498578,0.013852,0.866584,146.818588,328.075500,-155.989243,-0.001563,-0.050808,0.015966,0.998580,226.056473,162.797653,-178.229858,-0.224302,-0.001133,-0.105225,0.968822,224.033478,179.863495,-197.823074
257,2.570000,-0.182715,-0.015770,-0.033127,0.982481,203.530792,202.814316,-207.550430,-0.195269,-0.053391,-0.011511,0.979228,243.178741,198.524506,-197.432251,-0.016434,0.500034,0.014578,0.865727,147.027100,328.010620,-156.430405,-0.001393,-0.050950,0.016162,0.998569,226.021606,162.807297,-178.183563,-0.229580,-0.007898,-0.103172,0.967774,224.042953,179.746017,-197.712418
258,2.580000,-0.185047,-0.015891,-0.033283,0.982037,203.566467,202.653229,-207.559875,-0.194625,-0.047504,-0.010643,0.979669,243.177780,198.378693,-197.278839,-0.016939,0.500293,0.014430,0.865570,147.233841,327.912476,-156.838821,-0.001361,-0.051031,0.016098,0.998566,225.982635,162.807266,-178.150024,-0.233834,-0.014956,-0.099272,0.967080,224.037277,179.583008,-197.607727
259,2.590000,-0.186643,-0.016649,-0.031781,0.981773,203.611877,202.531311,-207.597382,-0.195578,-0.042602,-0.008850,0.979722,243.186661,198.226868,-197.196701,-0.016769,0.500327,0.014614,0.865551,147.441040,327.844543,-157.216385,-0.001105,-0.051431,0.016294,0.998543,225.945953,162.812500,-178.131454,-0.236730,-0.019238,-0.097497,0.966480,224.030319,179.476425,-197.536194
260,2.600000,-0.189243,-0.019457,-0.031716,0.981225,203.641495,202.380127,-207.644363,-0.198753,-0.048876,-0.010475,0.978774,243.200272,198.099045,-197.213333,-0.016921,0.500334,0.014748,0.865542,147.663986,327.793823,-157.577179,-0.001084,-0.051577,0.016414,0.998534,225.907578,162.813217,-178.116379,-0.237990,-0.022437,-0.096041,0.966247,224.027115,179.348724,-197.454437
261,2.610000,-0.191292,-0.019093,-0.032696,0.980803,203.666473,202.231552,-207.690186,-0.202378,-0.056176,-0.013532,0.977601,243.222504,197.939575,-197.202576,-0.016706,0.500427,0.015141,0.865485,147.843643,327.764618,-157.926285,-0.001182,-0.051591,0.016667,0.998529,225.872086,162.812424,-178.112518,-0.239925,-0.022503,-0.096391,0.965732,224.004105,179.212250,-197.394318
262,2.620000,-0.193169,-0.019612,-0.034033,0.980379,203.680496,202.075287,-207.736099,-0.204267,-0.056623,-0.014263,0.977172,243.217682,197.770432,-197.200256,-0.016690,0.500559,0.015214,0.865408,148.021652,327.766602,-158.333099,-0.001317,-0.051768,0.016639,0.998520,225.841614,162.804825,-178.121475,-0.237200,-0.019283,-0.098179,0.966294,224.015991,179.090820,-197.376114
263,2.630000,-0.193860,-0.019660,-0.032802,0.980284,203.734161,201.947449,-207.796967,-0.205344,-0.056597,-0.013564,0.976958,243.255737,197.620880,-197.201263,-0.017154,0.500229,0.014576,0.865601,148.261215,327.773407,-158.731827,-0.001321,-0.051955,0.016651,0.998510,225.838608,162.801773,-178.136612,-0.237713,-0.017463,-0.100291,0.965986,224.021408,178.957153,-197.314743
264,2.640000,-0.194747,-0.019250,-0.032150,0.980138,203.803604,201.815247,-207.862213,-0.202212,-0.057447,-0.013581,0.977561,243.256104,197.414978,-197.064468,-0.016722,0.500667,0.015211,0.865345,148.501221,327.756104,-159.091522,-0.001193,-0.052227,0.016853,0.998492,225.859604,162.801636,-178.159515,-0.239144,-0.016459,-0.102157,0.965455,224.043320,178.837311,-197.275024
265,2.650000,-0.195967,-0.020190,-0.032303,0.979870,203.860916,201.692947,-207.932129,-0.204539,-0.062863,-0.015915,0.976708,243.299805,197.274612,-197.101227,-0.016740,0.500658,0.015227,0.865349,148.730988,327.723969,-159.466949,-0.001207,-0.052525,0.016932,0.998475,225.866959,162.801605,-178.179611,-0.239977,-0.014657,-0.104109,0.965069,224.095184,178.742676,-197.232712
266,2.660000,-0.197012,-0.022727,-0.033843,0.979553,203.910080,201.560318,-207.987518,-0.209271,-0.070472,-0.017920,0.975150,243.349655,197.145477,-197.063019,-0.017014,0.500490,0.015143,0.865443,148.919815,327.670319,-159.832687,-0.001342,-0.052656,0.016934,0.998468,225.867737,162.804169,-178.189911,-0.242837,-0.015503,-0.105226,0.964219,224.114792,178.656616,-197.162338
267,2.670000,-0.198825,-0.023050,-0.034468,0.979158,203.963013,201.437469,-208.034256,-0.210591,-0.072787,-0.018786,0.974680,243.387604,197.006104,-197.055695,-0.017291,0.500528,0.014454,0.865427,149.119308,327.689148,-160.248352,-0.001355,-0.052864,0.016991,0.998456,225.862350,162.802429,-178.198364,-0.241375,-0.016039,-0.104977,0.964604,224.154327,178.526382,-197.134369
268,2.680000,-0.200304,-0.021867,-0.034161,0.978894,203.994141,201.308289,-208.072937,-0.211067,-0.072073,-0.018799,0.974630,243.428131,196.878510,-197.035568,-0.016926,0.500909,0.015177,0.865201,149.267899,327.695007,-160.544601,-0.001116,-0.053345,0.017052,0.998430,225.851578,162.802063,-178.196487,-0.243605,-0.016077,-0.105069,0.964033,224.158463,178.398285,-197.090927
269,2.690000,-0.203097,-0.021048,-0.035834,0.978276,204.059265,201.174606,-208.125519,-0.213230,-0.072006,-0.020677,0.974126,243.419266,196.765152,-197.004944,-0.016728,0.500683,0.015087,0.865338,149.484146,327.735382,-160.903519,-0.000464,-0.054080,0.017375,0.998385,225.833786,162.805359,-178.177612,-0.246671,-0.018576,-0.107206,0.962972,224.157639,178.319611,-197.056946
270,2.700000,-0.205754,-0.021959,-0.037604,0.977635,204.106003,201.029541,-208.159821,-0.215351,-0.074476,-0.022344,0.973436,243.455811,196.620987,-196.990952,-0.016720,0.500650,0.015164,0.865355,149.676193,327.754639,-161.231888,-0.000480,-0.054134,0.017375,0.998382,225.848907,162.803558,-178.176498,-0.248702,-0.022604,-0.106355,0.962458,224.177292,178.210739,-197.009232
271,2.710000,-0.206829,-0.022498,-0.038665,0.977354,204.181595,200.918198,-208.224060,-0.219251,-0.076490,-0.022143,0.972413,243.527512,196.484573,-196.977356,-0.016790,0.500842,0.015159,0.865243,149.841629,327.769714,-161.577728,-0.000498,-0.054208,0.017430,0.998377,225.886230,162.803635,-178.188721,-0.250627,-0.025031,-0.106123,0.961924,224.234421,178.096603,-196.980743
272,2.720000,-0.206480,-0.022665,-0.037367,0.977474,204.267487,200.815689,-208.292603,-0.218924,-0.076112,-0.022427,0.972510,243.596451,196.372940,-197.019836,-0.016813,0.500853,0.015093,0.865237,150.031662,327.763519,-161.924515,-0.000480,-0.054557,0.017235,0.998362,225.938736,162.792938,-178.214539,-0.253208,-0.024769,-0.105635,0.961308,224.267181,177.995941,-196.950165
273,2.730000,-0.207288,-0.022816,-0.037783,0.977284,204.347046,200.722794,-208.369888,-0.219349,-0.075182,-0.021887,0.972499,243.673096,196.262527,-197.052338,-0.016779,0.500779,0.015192,0.865279,150.208847,327.742432,-162.194244,-0.000601,-0.054699,0.017130,0.998356,225.982346,162.788589,-178.250687,-0.250654,-0.022604,-0.105576,0.962037,224.348297,177.913315,-196.972092
274,2.740000,-0.209300,-0.024915,-0.038486,0.976776,204.414398,200.617813,-208.435684,-0.221080,-0.075633,-0.022292,0.972063,243.747833,196.160645,-197.063766,-0.017045,0.500326,0.014792,0.865543,150.409561,327.735657,-162.481201,-0.000676,-0.055163,0.017052,0.998331,226.014679,162.775757,-178.293915,-0.249282,-0.020457,-0.108501,0.962116,224.447968,177.841507,-196.978485
275,2.750000,-0.211298,-0.028968,-0.041043,0.976130,204.492828,200.546860,-208.481827,-0.223361,-0.077488,-0.023649,0.971363,243.796631,196.069794,-197.053162,-0.017051,0.500690,0.015154,0.865326,150.561554,327.732391,-162.737823,-0.000720,-0.055288,0.017020,0.998325,226.036911,162.774780,-178.316086,-0.250223,-0.021747,-0.108089,0.961890,224.496246,177.763046,-196.966843
276,2.760000,-0.212195,-0.031403,-0.041989,0.975820,204.539474,200.471512,-208.520660,-0.223862,-0.077324,-0.024485,0.971240,243.825882,195.992523,-197.024231,-0.017135,0.500569,0.015066,0.865396,150.658829,327.722198,-162.973923,-0.000667,-0.055328,0.017031,0.998323,226.037445,162.773743,-178.320633,-0.252397,-0.025416,-0.108043,0.961237,224.543365,177.691772,-196.959946
277,2.770000,-0.212599,-0.032371,-0.042769,0.975666,204.573853,200.398758,-208.541626,-0.224532,-0.078016,-0.025284,0.971010,243.845032,195.913498,-196.985992,-0.017075,0.500601,0.014806,0.865383,150.767059,327.735077,-163.203674,-0.000646,-0.055300,0.017026,0.998324,226.026230,162.772812,-178.318451,-0.254889,-0.028973,-0.105419,0.960770,224.530579,177.609283,-196.932617
278,2.780000,-0.212977,-0.031835,-0.042778,0.975601,204.595322,200.321228,-208.566391,-0.225969,-0.079098,-0.025767,0.970576,243.844406,195.822418,-196.966614,-0.016963,0.500726,0.015109,0.865308,150.896240,327.743256,-163.411896,-0.000689,-0.055279,0.017022,0.998326,226.015930,162.771957,-178.316040,-0.257269,-0.033961,-0.102687,0.960268,224.538300,177.545746,-196.913940
279,2.790000,-0.213901,-0.030522,-0.042703,0.975444,204.618561,200.240021,-208.581940,-0.227817,-0.079460,-0.026423,0.970097,243.851257,195.736099,-196.952652,-0.017044,0.500723,0.015133,0.865308,151.013397,327.754974,-163.584579,-0.000640,-0.055298,0.017080,0.998324,226.017319,162.770737,-178.320404,-0.261062,-0.039701,-0.099198,0.959391,224.541687,177.473404,-196.884094
280,2.800000,-0.214273,-0.028870,-0.042359,0.975428,204.660934,200.180634,-208.617645,-0.226341,-0.078875,-0.024935,0.970529,243.917908,195.664291,-196.987564,-0.016940,0.500812,0.015254,0.865256,151.126556,327.763977,-163.757538,-0.000603,-0.055345,0.017079,0.998321,226.036026,162.768082,-178.333969,-0.262761,-0.043639,-0.096943,0.958986,224.565598,177.425415,-196.875061
281,2.810000,-0.214705,-0.028212,-0.042574,0.975343,204.704697,200.131516,-208.653198,-0.226790,-0.078507,-0.025146,0.970449,243.968323,195.597946,-197.007019,-0.016897,0.500765,0.015163,0.865286,151.217148,327.772766,-163.946930,-0.000619,-0.055643,0.017055,0.998305,226.065598,162.763626,-178.352097,-0.261586,-0.044373,-0.097086,0.959259,224.612579,177.366760,-196.869766
282,2.820000,-0.214590,-0.029579,-0.042412,0.975335,204.763901,200.074600,-208.683441,-0.227467,-0.079708,-0.025712,0.970177,244.022690,195.548676,-196.993027,-0.017029,0.500648,0.015060,0.865352,151.306549,327.772980,-164.100082,-0.000766,-0.056235,0.017151,0.998270,226.107361,162.749817,-178.372498,-0.261698,-0.044162,-0.097598,0.959186,224.653595,177.327530,-196.863297
283,2.830000,-0.216746,-0.031325,-0.043337,0.974762,204.833664,200.043335,-208.712952,-0.227811,-0.080598,-0.026804,0.969994,244.069977,195.495575,-196.974716,-0.016821,0.500823,0.015391,0.865249,151.396729,327.781891,-164.235657,-0.000817,-0.056461,0.017123,0.998258,226.129761,162.750061,-178.373306,-0.261799,-0.044797,-0.098211,0.959067,224.702744,177.305069,-196.845322
284,2.840000,-0.217851,-0.031836,-0.042864,0.974520,204.870239,200.001572,-208.711014,-0.229364,-0.081200,-0.027600,0.969555,244.105637,195.432602,-196.917282,-0.016846,0.500591,0.015287,0.865385,151.472961,327.794189,-164.369171,-0.000775,-0.056503,0.017115,0.998255,226.146286,162.751785,-178.360825,-0.262976,-0.044975,-0.098285,0.958729,224.750473,177.269806,-196.819077
285,2.850000,-0.218847,-0.031821,-0.043148,0.974285,204.911926,199.958130,-208.711807,-0.229718,-0.081316,-0.027894,0.969453,244.121063,195.389236,-196.876846,-0.016903,0.500445,0.015115,0.865471,151.529816,327.800323,-164.488846,-0.000687,-0.056485,0.017110,0.998257,226.148483,162.755020,-178.339645,-0.265404,-0.046291,-0.097340,0.958093,224.776688,177.205597,-196.774139
286,2.860000,-0.220082,-0.031818,-0.043784,0.973979,204.939545,199.921082,-208.713562,-0.230997,-0.081434,-0.027406,0.969153,244.148666,195.344086,-196.824890,-0.016824,0.500749,0.015101,0.865297,151.571213,327.811615,-164.623520,-0.000634,-0.056557,0.017093,0.998253,226.147095,162.756393,-178.325119,-0.267296,-0.049141,-0.095322,0.957628,224.788132,177.154938,-196.733948
287,2.870000,-0.220642,-0.031731,-0.044197,0.973836,204.944397,199.880600,-208.726898,-0.231547,-0.081170,-0.027309,0.969047,244.145813,195.296997,-196.809601,-0.016852,0.500776,0.015137,0.865280,151.621384,327.812653,-164.725220,-0.000626,-0.056719,0.017098,0.998244,226.141342,162.756302,-178.327255,-0.268305,-0.050870,-0.094308,0.957356,224.787842,177.123016,-196.714508
288,2.880000,-0.221054,-0.031306,-0.044352,0.973750,204.949890,199.844421,-208.751801,-0.232233,-0.081883,-0.027540,0.968816,244.143219,195.251312,-196.813339,-0.016729,0.500691,0.015353,0.865328,151.684891,327.818451,-164.821152,-0.000653,-0.056741,0.017167,0.998241,226.129272,162.754456,-178.339432,-0.268467,-0.050815,-0.094929,0.957252,224.780975,177.095947,-196.701981
289,2.890000,-0.221509,-0.030167,-0.043999,0.973698,204.944473,199.792572,-208.769135,-0.231358,-0.082765,-0.027209,0.968960,244.152573,195.195892,-196.857285,-0.016721,0.500659,0.015502,0.865344,151.752060,327.832855,-164.912415,-0.000609,-0.056792,0.017225,0.998237,226.120941,162.752853,-178.353806,-0.268104,-0.050021,-0.096067,0.957282,224.763977,177.068542,-196.695908
290,2.900000,-0.221231,-0.029454,-0.044012,0.973782,204.942856,199.753830,-208.789581,-0.232206,-0.083100,-0.029038,0.968675,244.136536,195.169632,-196.865295,-0.016713,0.500682,0.015522,0.865331,151.802231,327.835968,-164.991379,-0.000575,-0.056856,0.017254,0.998233,226.117325,162.750931,-178.367935,-0.267708,-0.048728,-0.097005,0.957365,224.760345,177.044693,-196.689728
291,2.910000,-0.220996,-0.029132,-0.044218,0.973836,204.958572,199.722168,-208.817245,-0.232502,-0.083087,-0.028704,0.968615,244.181824,195.115982,-196.868896,-0.016913,0.500582,0.015201,0.865391,151.856415,327.832001,-165.087769,-0.000612,-0.056863,0.017257,0.998233,226.125916,162.748352,-178.383392,-0.267357,-0.046723,-0.097749,0.957487,224.765289,177.017044,-196.685410
292,2.920000,-0.220958,-0.029611,-0.044371,0.973823,204.986038,199.697372,-208.847351,-0.233790,-0.083800,-0.029225,0.968228,244.207962,195.074722,-196.871979,-0.017044,0.500592,0.014987,0.865386,151.921997,327.832886,-165.190674,0.000011,-0.057034,0.017341,0.998222,226.145950,162.746170,-178.418503,-0.266120,-0.044165,-0.098760,0.957850,224.788757,176.996185,-196.691772
293,2.930000,-0.221611,-0.031177,-0.044506,0.973620,205.024002,199.667648,-208.882324,-0.234966,-0.085610,-0.030032,0.967760,244.234543,195.044571,-196.888077,-0.016913,0.500726,0.015274,0.865306,151.975555,327.831635,-165.297180,0.000112,-0.057135,0.017327,0.998216,226.165161,162.743164,-178.437469,-0.265323,-0.041800,-0.100076,0.958040,224.813507,176.979340,-196.694763
294,2.940000,-0.221016,-0.031660,-0.042711,0.973820,205.061844,199.646942,-208.906891,-0.234386,-0.085110,-0.029012,0.967976,244.270340,195.007080,-196.892593,-0.016805,0.500658,0.015314,0.865347,152.015060,327.834839,-165.396805,0.000063,-0.057243,0.017307,0.998210,226.179764,162.741028,-178.448044,-0.265021,-0.040322,-0.101010,0.958089,224.834869,176.958786,-196.693222
295,2.950000,-0.221052,-0.031489,-0.042386,0.973832,205.082260,199.626602,-208.917374,-0.234558,-0.084443,-0.028921,0.967996,244.280212,194.977585,-196.884949,-0.016815,0.500621,0.015316,0.865368,152.050613,327.838104,-165.483719,0.000101,-0.057310,0.017306,0.998206,226.187592,162.740189,-178.449005,-0.264990,-0.040048,-0.101310,0.958078,224.849014,176.936584,-196.684616
296,2.960000,-0.221958,-0.030648,-0.043454,0.973605,205.108505,199.601547,-208.934464,-0.234766,-0.083992,-0.028933,0.967984,244.287216,194.947266,-196.873581,-0.016782,0.500740,0.015406,0.865298,152.102127,327.841919,-165.561630,0.000134,-0.057317,0.017318,0.998206,226.189148,162.740082,-178.448944,-0.265126,-0.040401,-0.101201,0.958037,224.855942,176.913239,-196.677155
297,2.970000,-0.222136,-0.030498,-0.043918,0.973548,205.113953,199.573044,-208.937073,-0.234986,-0.083805,-0.028973,0.967946,244.291641,194.920273,-196.871490,-0.016859,0.500670,0.015354,0.865338,152.154831,327.846100,-165.629608,0.000144,-0.057316,0.017309,0.998206,226.192093,162.739838,-178.451614,-0.264605,-0.039792,-0.101186,0.958208,224.866821,176.880371,-196.681458
298,2.980000,-0.221873,-0.030666,-0.043801,0.973608,205.124435,199.554245,-208.943665,-0.235142,-0.083547,-0.028940,0.967931,244.292435,194.892944,-196.867065,-0.016840,0.500628,0.015295,0.865363,152.191483,327.848755,-165.676086,0.000203,-0.057383,0.017317,0.998202,226.194778,162.740921,-178.453552,-0.264428,-0.039231,-0.101521,0.958244,224.871323,176.865372,-196.677505
299,2.990000,-0.221506,-0.030935,-0.044265,0.973663,205.134537,199.540146,-208.945847,-0.235160,-0.083188,-0.028914,0.967959,244.295807,194.875336,-196.860657,-0.016881,0.500619,0.015246,0.865369,152.203812,327.846222,-165.710434,0.000222,-0.057412,0.017333,0.998200,226.196106,162.741180,-178.455994,-0.264463,-0.039348,-0.101412,0.958241,224.874802,176.854904,-196.674911
300,3.000000,-0.221608,-0.031177,-0.044553,0.973618,205.137039,199.532394,-208.945160,-0.235238,-0.083130,-0.029012,0.967942,244.295303,194.861832,-196.851929,-0.016927,0.500645,0.015186,0.865354,152.205063,327.836029,-165.735367,0.000260,-0.057465,0.017353,0.998197,226.192810,162.742508,-178.454681,-0.264608,-0.039796,-0.101046,0.958222,224.876968,176.847260,-196.670349
301,3.010000,-0.221889,-0.031161,-0.045159,0.973527,205.125900,199.522537,-208.942337,-0.235421,-0.083202,-0.029095,0.967888,244.287308,194.852951,-196.843140,-0.017050,0.500609,0.014895,0.865377,152.208099,327.826599,-165.746078,0.000263,-0.057521,0.017382,0.998193,226.184982,162.743774,-178.454163,-0.265381,-0.039609,-0.100697,0.958052,224.862015,176.832611,-196.667770
302,3.020000,-0.222365,-0.030933,-0.044834,0.973441,205.110428,199.523300,-208.942612,-0.235448,-0.083227,-0.029121,0.967879,244.278824,194.844864,-196.838699,-0.017025,0.500591,0.014891,0.865389,152.213333,327.826904,-165.738998,0.000254,-0.057501,0.017403,0.998194,226.177811,162.745331,-178.453018,-0.265022,-0.040292,-0.100721,0.958121,224.864075,176.839432,-196.665482
303,3.030000,-0.222396,-0.030885,-0.044639,0.973444,205.103333,199.520721,-208.936447,-0.235441,-0.083211,-0.029140,0.967881,244.271332,194.835571,-196.831955,-0.016992,0.500758,0.014882,0.865293,152.236710,327.833527,-165.739487,0.000278,-0.057459,0.017408,0.998196,226.171967,162.746109,-178.449127,-0.264905,-0.041156,-0.100270,0.958164,224.859848,176.841034,-196.661453
304,3.040000,-0.222100,-0.031191,-0.044442,0.973511,205.091293,199.518417,-208.930161,-0.235520,-0.083108,-0.029108,0.967872,244.268112,194.831039,-196.824570,-0.017004,0.500756,0.014864,0.865294,152.246735,327.833374,-165.727646,0.000294,-0.057426,0.017439,0.998197,226.171005,162.748093,-178.445831,-0.265576,-0.041780,-0.099328,0.958049,224.852310,176.825607,-196.652924
305,3.050000,-0.221648,-0.031530,-0.043749,0.973634,205.098587,199.529678,-208.923828,-0.235590,-0.083056,-0.029146,0.967858,244.267120,194.828979,-196.811844,-0.017058,0.500705,0.014836,0.865322,152.253281,327.833740,-165.714844,0.000335,-0.057416,0.017453,0.998198,226.170197,162.749741,-178.439407,-0.266417,-0.043599,-0.097934,0.957878,224.850677,176.827835,-196.643845
306,3.060000,-0.221775,-0.031157,-0.043813,0.973615,205.101624,199.539032,-208.915253,-0.235586,-0.082968,-0.029107,0.967868,244.261505,194.828491,-196.797821,-0.017082,0.500703,0.014847,0.865323,152.246857,327.832245,-165.698151,0.000310,-0.057294,0.017484,0.998204,226.165924,162.751541,-178.432159,-0.266690,-0.044529,-0.097349,0.957819,224.845642,176.831421,-196.638687
307,3.070000,-0.221427,-0.031283,-0.043698,0.973695,205.084778,199.537354,-208.901047,-0.235526,-0.082889,-0.029123,0.967889,244.250412,194.830063,-196.785767,-0.017094,0.500558,0.014874,0.865407,152.221359,327.829315,-165.668823,0.000395,-0.057186,0.017490,0.998210,226.158615,162.753540,-178.421112,-0.266815,-0.045050,-0.096977,0.957797,224.837448,176.836685,-196.633041
308,3.080000,-0.222280,-0.031422,-0.045054,0.973434,205.054214,199.534302,-208.879425,-0.235465,-0.082944,-0.029046,0.967901,244.235092,194.829483,-196.771881,-0.017076,0.500546,0.014987,0.865412,152.199585,327.828949,-165.642242,-0.000151,-0.057080,0.017464,0.998217,226.146851,162.754639,-178.400909,-0.265973,-0.045112,-0.097288,0.957997,224.828064,176.861053,-196.628128
309,3.090000,-0.222540,-0.032513,-0.045241,0.973330,205.031250,199.544006,-208.857468,-0.235221,-0.082800,-0.029106,0.967971,244.220322,194.828674,-196.753189,-0.017100,0.500518,0.014964,0.865428,152.182068,327.826965,-165.604034,-0.000133,-0.056908,0.017475,0.998227,226.135452,162.754639,-178.383438,-0.265639,-0.045071,-0.097475,0.958073,224.813797,176.865875,-196.620270
310,3.100000,-0.222558,-0.032633,-0.045158,0.973326,205.016861,199.553787,-208.841934,-0.235039,-0.082733,-0.029059,0.968022,244.206985,194.831406,-196.741913,-0.017046,0.500536,0.015085,0.865416,152.163864,327.831055,-165.554474,-0.000105,-0.056792,0.017497,0.998233,226.127579,162.754318,-178.374298,-0.265741,-0.045433,-0.097439,0.958031,224.801163,176.873260,-196.613083
311,3.110000,-0.222605,-0.032377,-0.044982,0.973332,205.002289,199.564636,-208.831467,-0.234799,-0.082447,-0.028961,0.968108,244.195786,194.835373,-196.729813,-0.017068,0.500497,0.015037,0.865439,152.144699,327.824463,-165.506042,-0.000071,-0.056816,0.017520,0.998231,226.117813,162.753418,-178.367996,-0.266513,-0.045863,-0.097985,0.957740,224.784317,176.890106,-196.603592
312,3.120000,-0.222305,-0.032591,-0.044424,0.973419,204.980438,199.579071,-208.819229,-0.235313,-0.082943,-0.029860,0.967913,244.159973,194.851654,-196.716400,-0.017225,0.500364,0.014726,0.865518,152.108765,327.809998,-165.453201,-0.000061,-0.056848,0.017596,0.998228,226.103226,162.753296,-178.366074,-0.266623,-0.046020,-0.098408,0.957659,224.765732,176.905975,-196.600464
313,3.130000,-0.222057,-0.032765,-0.044145,0.973483,204.950928,199.600616,-208.808914,-0.235213,-0.083446,-0.029834,0.967896,244.137192,194.865738,-196.715118,-0.017539,0.500138,0.014378,0.865649,152.068436,327.790771,-165.364929,0.000026,-0.056802,0.017696,0.998229,226.086487,162.751373,-178.365448,-0.266886,-0.045892,-0.099122,0.957518,224.737701,176.929016,-196.595169
314,3.140000,-0.221785,-0.032698,-0.044822,0.973516,204.915939,199.640259,-208.798706,-0.234617,-0.083096,-0.029726,0.968074,244.100388,194.895157,-196.725494,-0.017621,0.500230,0.014158,0.865597,151.989777,327.768951,-165.228897,0.000085,-0.056745,0.017795,0.998230,226.065979,162.753357,-178.368591,-0.266416,-0.045578,-0.100201,0.957552,224.691147,176.963837,-196.605713
315,3.150000,-0.221724,-0.031863,-0.044160,0.973588,204.856903,199.683380,-208.790634,-0.233971,-0.082255,-0.029217,0.968317,244.051147,194.928421,-196.731049,-0.017664,0.500195,0.014065,0.865618,151.913315,327.743378,-165.097214,0.000154,-0.056662,0.017906,0.998233,226.037170,162.754791,-178.374191,-0.265827,-0.044142,-0.100597,0.957741,224.634430,176.990814,-196.619476
316,3.160000,-0.221876,-0.031104,-0.043690,0.973599,204.773270,199.734940,-208.759262,-0.234009,-0.082529,-0.030304,0.968251,243.985809,194.976669,-196.732986,-0.017807,0.500005,0.014010,0.865726,151.793991,327.702789,-164.918503,0.000360,-0.056224,0.017869,0.998258,225.997131,162.767517,-178.372269,-0.265303,-0.043105,-0.100765,0.957916,224.587418,177.037384,-196.637283
317,3.170000,-0.220765,-0.032125,-0.043918,0.973808,204.699265,199.797379,-208.720551,-0.233830,-0.083351,-0.030001,0.968234,243.903778,195.030014,-196.715012,-0.018060,0.500010,0.013683,0.865723,151.656586,327.651367,-164.650482,0.000233,-0.055724,0.018219,0.998280,225.943985,162.783829,-178.373016,-0.265336,-0.042374,-0.099495,0.958072,224.532745,177.104935,-196.659912
318,3.180000,-0.218718,-0.034214,-0.043488,0.974218,204.615173,199.901566,-208.669357,-0.232980,-0.082901,-0.029227,0.968501,243.828461,195.089432,-196.689636,-0.018282,0.499957,0.013382,0.865754,151.494049,327.602173,-164.360550,0.000326,-0.055662,0.018323,0.998281,225.885803,162.790298,-178.356018,-0.264459,-0.041471,-0.098416,0.958466,224.461746,177.189728,-196.677551
319,3.190000,-0.216566,-0.033752,-0.043155,0.974730,204.522354,200.002686,-208.590881,-0.231822,-0.082319,-0.028590,0.968847,243.744293,195.152954,-196.652847,-0.018510,0.499811,0.013169,0.865837,151.306458,327.539795,-164.029541,0.000844,-0.055980,0.018863,0.998253,225.840134,162.814560,-178.316132,-0.262305,-0.042459,-0.097758,0.959081,224.409439,177.285172,-196.679703
320,3.200000,-0.215460,-0.033308,-0.042523,0.975018,204.414001,200.112946,-208.500809,-0.232129,-0.082764,-0.029417,0.968711,243.648163,195.260101,-196.607834,-0.018759,0.499924,0.013151,0.865766,151.091339,327.472748,-163.639984,0.001314,-0.055981,0.018960,0.998251,225.778091,162.830902,-178.272766,-0.260850,-0.043702,-0.097433,0.959455,224.336685,177.384140,-196.679779
321,3.210000,-0.214455,-0.033256,-0.040629,0.975322,204.321976,200.225479,-208.392334,-0.230435,-0.081534,-0.028433,0.969249,243.557266,195.370422,-196.530762,-0.019235,0.499682,0.012691,0.865902,150.846695,327.397583,-163.195435,0.001554,-0.056114,0.019067,0.998241,225.719513,162.841309,-178.220428,-0.262032,-0.045352,-0.096773,0.959123,224.253067,177.475616,-196.657639
322,3.220000,-0.214489,-0.029679,-0.041033,0.975413,204.219086,200.372894,-208.251007,-0.228013,-0.079616,-0.027186,0.970017,243.480286,195.480392,-196.438171,-0.019425,0.499574,0.012426,0.865964,150.591415,327.334747,-162.709229,0.001869,-0.056043,0.019470,0.998237,225.668564,162.862976,-178.154510,-0.261632,-0.049598,-0.094469,0.959252,224.205887,177.649429,-196.637726
323,3.230000,-0.210788,-0.029370,-0.039516,0.976291,204.143127,200.552902,-208.097626,-0.227077,-0.080986,-0.027611,0.970111,243.420303,195.592728,-196.324966,-0.019507,0.499348,0.012370,0.866093,150.312653,327.257141,-162.171432,0.002355,-0.055515,0.019598,0.998263,225.629211,162.883789,-178.068756,-0.262007,-0.052435,-0.091390,0.959297,224.146408,177.775375,-196.589401
324,3.240000,-0.207487,-0.028458,-0.038602,0.977062,204.048080,200.727264,-207.934448,-0.225847,-0.081277,-0.028451,0.970349,243.346970,195.756836,-196.178650,-0.020014,0.499054,0.011906,0.866258,150.019226,327.178925,-161.594330,0.002965,-0.055424,0.019749,0.998263,225.594788,162.899765,-177.991058,-0.259856,-0.053908,-0.089174,0.960009,224.095963,177.950562,-196.555588
325,3.250000,-0.206764,-0.028979,-0.038014,0.977223,203.972076,200.944901,-207.784561,-0.223709,-0.080698,-0.028064,0.970904,243.295837,195.900085,-196.062714,-0.020742,0.498423,0.011241,0.866613,149.674149,327.078613,-160.920929,0.004048,-0.055945,0.019956,0.998226,225.561417,162.917114,-177.900192,-0.258674,-0.052735,-0.088808,0.960427,224.060730,178.120224,-196.523987
326,3.260000,-0.204898,-0.028191,-0.037177,0.977671,203.891907,201.168488,-207.617233,-0.223234,-0.080621,-0.028478,0.971008,243.200150,196.096542,-195.909470,-0.021050,0.498324,0.011059,0.866665,149.308609,326.979248,-160.242065,0.004594,-0.056001,0.019993,0.998220,225.525635,162.937943,-177.819382,-0.255780,-0.052540,-0.088606,0.961231,224.020737,178.363129,-196.493713
327,3.270000,-0.201558,-0.029222,-0.038130,0.978298,203.781082,201.418198,-207.417755,-0.220415,-0.081117,-0.027560,0.971637,243.125717,196.275513,-195.794861,-0.021529,0.498432,0.011057,0.866591,148.870041,326.878967,-159.490494,0.005037,-0.055787,0.020176,0.998226,225.461166,162.960312,-177.748978,-0.254173,-0.052460,-0.088712,0.961652,223.966660,178.609818,-196.455078
328,3.280000,-0.198624,-0.029825,-0.036453,0.978943,203.635559,201.690186,-207.234299,-0.218269,-0.080260,-0.027797,0.972185,242.981049,196.510666,-195.648880,-0.022004,0.498310,0.010682,0.866654,148.414566,326.772827,-158.743347,0.005113,-0.055595,0.020265,0.998235,225.389343,162.984100,-177.674820,-0.252212,-0.051642,-0.088200,0.962259,223.883789,178.833832,-196.438263
329,3.290000,-0.194510,-0.029092,-0.034935,0.979846,203.486633,201.971985,-207.066330,-0.214883,-0.080213,-0.026436,0.972981,242.864426,196.744629,-195.541702,-0.022317,0.497995,0.010239,0.866832,147.881348,326.667175,-157.896896,0.005101,-0.054360,0.020363,0.998301,225.279648,163.014938,-177.577728,-0.248850,-0.050110,-0.089460,0.963099,223.752655,179.117905,-196.431763
330,3.300000,-0.190683,-0.026861,-0.035683,0.980635,203.267502,202.268570,-206.845139,-0.213702,-0.080310,-0.026708,0.973226,242.693253,196.986359,-195.409302,-0.022787,0.498111,0.009999,0.866756,147.375198,326.565247,-157.041641,0.005266,-0.054220,0.020405,0.998307,225.188889,163.036438,-177.511032,-0.244715,-0.047048,-0.088775,0.964375,223.618332,179.396713,-196.423370
331,3.310000,-0.186885,-0.025737,-0.033711,0.981466,203.077911,202.565765,-206.664734,-0.209507,-0.078870,-0.024917,0.974303,242.521484,197.234985,-195.336472,-0.023057,0.498146,0.009655,0.866733,146.830811,326.481873,-156.089798,0.005269,-0.053703,0.020215,0.998338,225.104813,163.052094,-177.457016,-0.243327,-0.044862,-0.091463,0.964580,223.495911,179.700058,-196.410690
332,3.320000,-0.184584,-0.023835,-0.032740,0.981982,202.826202,202.888260,-206.426392,-0.203705,-0.069549,-0.022493,0.976300,242.302689,197.504700,-195.128403,-0.023305,0.496773,0.008378,0.867527,146.239014,326.348877,-155.029678,0.005756,-0.052799,0.020526,0.998378,224.997894,163.078369,-177.367462,-0.239035,-0.041988,-0.092094,0.965721,223.318649,180.003494,-196.415283
333,3.330000,-0.182041,-0.024447,-0.033137,0.982428,202.605728,203.217117,-206.171631,-0.194598,-0.069008,-0.020855,0.978230,242.162338,197.763519,-195.132767,-0.023615,0.496410,0.007600,0.867734,145.629639,326.230194,-153.919449,0.005842,-0.052021,0.020498,0.998419,224.899170,163.084473,-177.283142,-0.239545,-0.042319,-0.090093,0.965769,223.134537,180.316528,-196.360886
334,3.340000,-0.178635,-0.021843,-0.032980,0.983120,202.353973,203.570862,-205.919327,-0.189535,-0.070052,-0.020551,0.979156,241.959122,198.014008,-195.037506,-0.023722,0.496480,0.007179,0.867694,145.002457,326.119720,-152.789825,0.005951,-0.052787,0.020989,0.998367,224.805496,163.101730,-177.197403,-0.235923,-0.043556,-0.088651,0.966739,222.984848,180.654160,-196.326508
335,3.350000,-0.174245,-0.019750,-0.031934,0.983986,202.084122,203.907562,-205.620773,-0.186724,-0.057168,-0.018535,0.980572,241.756989,198.313309,-194.886353,-0.024002,0.496339,0.006369,0.867773,144.372742,326.012024,-151.653564,0.006922,-0.053666,0.021050,0.998313,224.665176,163.125061,-177.073029,-0.231966,-0.042411,-0.087818,0.967823,222.789108,180.959366,-196.288589
336,3.360000,-0.169846,-0.020946,-0.030855,0.984765,201.879227,204.254562,-205.372787,-0.183423,-0.049473,-0.016792,0.981645,241.564484,198.643692,-194.796967,-0.024322,0.496452,0.005957,0.867703,143.661926,325.881165,-150.454895,0.007204,-0.052978,0.021052,0.998348,224.566620,163.141022,-176.938248,-0.233672,-0.043865,-0.086851,0.967435,222.642670,181.336655,-196.195297
337,3.370000,-0.165543,-0.020774,-0.030583,0.985509,201.637787,204.616058,-205.069427,-0.176354,-0.057592,-0.016806,0.982497,241.388199,198.913177,-194.590714,-0.025101,0.495953,0.004658,0.867974,142.971405,325.753235,-149.278183,0.007541,-0.052502,0.021056,0.998370,224.495407,163.170776,-176.834518,-0.230440,-0.042994,-0.085939,0.968330,222.519241,181.707794,-196.162384
338,3.380000,-0.161863,-0.018497,-0.029325,0.986204,201.450668,204.975754,-204.789444,-0.176122,-0.055268,-0.016343,0.982680,241.265366,199.289047,-194.504852,-0.025275,0.496209,0.004454,0.867823,142.234451,325.640228,-148.075424,0.007683,-0.052107,0.020984,0.998392,224.444809,163.202087,-176.741547,-0.228657,-0.039994,-0.085853,0.968889,222.387756,182.050232,-196.102310
339,3.390000,-0.154359,-0.015915,-0.028376,0.987479,201.252274,205.349045,-204.513489,-0.173111,-0.051627,-0.015198,0.983431,241.118958,199.612045,-194.370407,-0.025774,0.495951,0.003608,0.867961,141.517319,325.548553,-146.849106,0.009629,-0.048126,0.021261,0.998569,224.392029,163.224747,-176.560806,-0.224777,-0.038350,-0.084379,0.969992,222.272659,182.391861,-196.053299
340,3.400000,-0.150456,-0.016643,-0.027514,0.988094,201.056412,205.751907,-204.197281,-0.168938,-0.050605,-0.013297,0.984237,240.955185,199.930222,-194.209595,-0.025687,0.496068,0.003579,0.867896,140.771637,325.470581,-145.577576,0.006203,-0.044753,0.021580,0.998746,224.325485,163.292862,-176.568405,-0.223030,-0.035596,-0.084834,0.970461,222.148819,182.772644,-195.981888
341,3.410000,-0.148239,-0.015602,-0.027162,0.988455,200.816528,206.108688,-203.809097,-0.163686,-0.047728,-0.012179,0.985282,240.772110,200.298065,-193.991302,-0.025908,0.496082,0.003521,0.867882,140.040771,325.411774,-144.245392,0.009706,-0.048594,0.021808,0.998533,224.228668,163.308655,-176.314484,-0.218966,-0.035434,-0.082998,0.971550,222.015945,183.143005,-195.909195
342,3.420000,-0.141712,-0.015844,-0.024046,0.989489,200.597839,206.485641,-203.427887,-0.157258,-0.041141,-0.009665,0.986653,240.574081,200.657822,-193.661041,-0.026166,0.495821,0.003057,0.868025,139.280685,325.387543,-142.852478,0.009878,-0.049092,0.021823,0.998507,224.132050,163.342896,-176.116241,-0.218076,-0.038636,-0.078387,0.972011,221.858093,183.463684,-195.758331
343,3.430000,-0.137041,-0.013904,-0.023413,0.990191,200.383957,206.847473,-203.018051,-0.156748,-0.036518,-0.008448,0.986927,240.387985,201.048019,-193.292526,-0.025742,0.495894,0.003495,0.867994,138.425964,325.425995,-141.339508,0.010545,-0.049047,0.021700,0.998505,224.057617,163.380463,-175.936188,-0.215802,-0.047140,-0.071927,0.972643,221.747437,183.777313,-195.608566
344,3.440000,-0.134864,-0.013184,-0.023239,0.990504,200.317398,207.214554,-202.745300,-0.157924,-0.044428,-0.008286,0.986416,240.394592,201.442902,-193.126801,-0.024891,0.496116,0.004369,0.867889,137.488510,325.648651,-139.767548,0.012124,-0.046696,0.021275,0.998609,224.048828,163.408249,-175.783371,-0.213117,-0.048176,-0.069560,0.973356,221.746460,184.148560,-195.532501
345,3.450000,-0.128752,-0.011344,-0.020823,0.991393,200.366501,207.589355,-202.543060,-0.158505,-0.054057,-0.009902,0.985828,240.452026,201.848389,-192.976151,-0.023723,0.496397,0.006019,0.867751,136.451569,325.979889,-137.984070,0.011342,-0.048822,0.021051,0.998521,224.129059,163.415939,-175.792450,-0.209081,-0.043534,-0.070253,0.974400,221.858093,184.526505,-195.459747
346,3.460000,-0.122962,-0.013808,-0.018277,0.992147,200.447006,207.950226,-202.322006,-0.150489,-0.048486,-0.008113,0.987389,240.506287,202.229889,-192.728561,-0.022917,0.496273,0.006723,0.867838,135.477081,326.232208,-136.236572,0.012480,-0.047412,0.021108,0.998574,224.197311,163.447144,-175.702545,-0.204009,-0.039188,-0.070786,0.975620,221.963882,184.838654,-195.388107
347,3.470000,-0.119832,-0.012919,-0.016202,0.992578,200.522568,208.264420,-202.058044,-0.146942,-0.049729,-0.006350,0.987874,240.606842,202.545578,-192.531403,-0.022643,0.496263,0.007025,0.867848,134.530914,326.207092,-134.535858,0.012947,-0.046713,0.021045,0.998603,224.224014,163.476913,-175.659088,-0.198270,-0.034350,-0.070555,0.977001,222.090836,185.108307,-195.313080
348,3.480000,-0.116904,-0.011068,-0.018043,0.992918,200.599045,208.510422,-201.856293,-0.145393,-0.054897,-0.007891,0.987818,240.667068,202.801880,-192.306793,-0.023619,0.495914,0.006251,0.868028,133.538956,325.916260,-132.912140,0.013302,-0.046805,0.021093,0.998593,224.275101,163.488297,-175.590225,-0.191419,-0.032058,-0.069587,0.978514,222.186722,185.291718,-195.227173
349,3.490000,-0.113768,-0.011994,-0.019426,0.993245,200.694473,208.708374,-201.713791,-0.143707,-0.056951,-0.008325,0.987945,240.741333,203.000534,-192.116730,-0.024270,0.496119,0.005540,0.867898,132.521469,325.710541,-131.293793,0.013251,-0.046768,0.020829,0.998601,224.304886,163.512878,-175.548233,-0.185758,-0.028884,-0.071348,0.979576,222.270187,185.467041,-195.184326
350,3.500000,-0.108737,-0.010706,-0.017405,0.993861,200.787537,208.828369,-201.620377,-0.140413,-0.051249,-0.006126,0.988747,240.818207,203.098602,-191.965881,-0.024052,0.496345,0.005818,0.867773,131.476761,325.669373,-129.567673,0.014401,-0.046774,0.020242,0.998597,224.335846,163.535629,-175.508575,-0.181059,-0.022500,-0.074262,0.980406,222.377548,185.576569,-195.151428
351,3.510000,-0.108140,-0.009413,-0.016173,0.993960,200.860519,208.900360,-201.622406,-0.140666,-0.053549,-0.006703,0.988585,240.897202,203.145126,-192.052887,-0.023833,0.496298,0.006043,0.867804,130.470459,325.735718,-127.798111,0.013908,-0.045952,0.020129,0.998644,224.395218,163.538177,-175.558212,-0.179366,-0.015611,-0.076977,0.980642,222.436951,185.611526,-195.144409
352,3.520000,-0.108458,-0.008656,-0.016891,0.993920,200.888412,208.870712,-201.691040,-0.141605,-0.057819,-0.007819,0.988202,240.942947,203.136978,-192.136719,-0.023689,0.496336,0.006377,0.867784,129.450943,325.759521,-125.992615,0.013693,-0.046196,0.020164,0.998635,224.440018,163.527893,-175.621490,-0.178490,-0.008302,-0.080814,0.980582,222.461945,185.620575,-195.167862
353,3.530000,-0.110665,-0.008208,-0.017113,0.993677,200.897644,208.813553,-201.806366,-0.140763,-0.056923,-0.007905,0.988374,240.950943,203.106110,-192.252274,-0.023962,0.496047,0.006042,0.867944,128.458374,325.694366,-124.267105,0.012016,-0.048952,0.020173,0.998525,224.473053,163.508713,-175.756821,-0.178292,-0.000642,-0.085445,0.980261,222.465866,185.589996,-195.208038
354,3.540000,-0.111928,-0.011006,-0.017192,0.993507,200.896545,208.729767,-201.959808,-0.141783,-0.055991,-0.007672,0.988283,240.946655,203.044678,-192.373306,-0.024100,0.496251,0.005560,0.867827,127.486977,325.591064,-122.550461,0.011348,-0.049779,0.020247,0.998491,224.478745,163.490021,-175.850616,-0.178333,0.005691,-0.089365,0.979887,222.460297,185.543533,-195.257523
355,3.550000,-0.111969,-0.013691,-0.016568,0.993479,200.905792,208.666443,-202.098740,-0.143179,-0.056006,-0.007026,0.988086,240.966812,202.970337,-192.473404,-0.023618,0.496263,0.005078,0.867836,126.512215,325.559143,-120.841049,0.011040,-0.049505,0.020153,0.998510,224.468597,163.471405,-175.940979,-0.178484,0.011248,-0.092843,0.979488,222.444321,185.507080,-195.326920
356,3.560000,-0.111755,-0.014019,-0.016447,0.993501,200.903412,208.617264,-202.245834,-0.144378,-0.056681,-0.007663,0.987868,240.967529,202.918961,-192.597626,-0.023360,0.496402,0.005556,0.867761,125.504852,325.542206,-119.062950,0.012322,-0.046384,0.020286,0.998642,224.429123,163.465836,-175.977875,-0.178803,0.015385,-0.087327,0.979881,222.370163,185.526459,-195.439590
357,3.570000,-0.112032,-0.012419,-0.017938,0.993465,200.911758,208.578674,-202.398087,-0.143450,-0.057917,-0.008172,0.987928,240.958725,202.895798,-192.766129,-0.023371,0.496886,0.006327,0.867478,124.499802,325.555023,-117.210503,0.012622,-0.046211,0.020553,0.998640,224.416122,163.448547,-176.111694,-0.182282,0.004641,-0.084695,0.979581,222.361465,185.558212,-195.763840
358,3.580000,-0.114129,-0.011468,-0.018514,0.993227,200.898666,208.560287,-202.532578,-0.141524,-0.051057,-0.005958,0.988599,240.933716,202.868774,-192.802902,-0.023406,0.496525,0.006039,0.867686,123.496445,325.547943,-115.456955,0.012515,-0.045873,0.020363,0.998661,224.409760,163.427536,-176.223755,-0.186637,-0.010885,-0.078167,0.979254,222.355347,185.552475,-195.934235
359,3.590000,-0.114260,-0.011515,-0.018974,0.993203,200.873062,208.545013,-202.596985,-0.142767,-0.052947,-0.006115,0.988320,240.925781,202.860870,-192.925278,-0.023352,0.496544,0.006334,0.867674,122.444603,325.476044,-113.658348,0.012442,-0.046106,0.020227,0.998654,224.389664,163.415070,-176.288544,-0.184204,-0.013404,-0.075720,0.979876,222.351410,185.527206,-196.022690
360,3.600000,-0.114001,-0.011997,-0.018656,0.993233,200.829086,208.545273,-202.598175,-0.144577,-0.058295,-0.007499,0.987746,240.883453,202.864777,-192.928940,-0.023429,0.496489,0.006323,0.867704,121.456459,325.402100,-111.962158,0.012438,-0.046141,0.020257,0.998652,224.364655,163.414307,-176.287827,-0.178645,-0.011332,-0.075024,0.980984,222.340866,185.505905,-196.070465
361,3.610000,-0.114912,-0.012363,-0.018308,0.993130,200.811874,208.558685,-202.559601,-0.141948,-0.051424,-0.005349,0.988523,240.853012,202.880005,-192.811615,-0.023491,0.496430,0.006263,0.867736,120.453239,325.334686,-110.214539,0.012409,-0.046262,0.020262,0.998647,224.351578,163.417587,-176.259903,-0.169367,-0.003010,-0.076985,0.982537,222.346558,185.498550,-196.090012
362,3.620000,-0.114673,-0.013030,-0.017660,0.993161,200.789612,208.588776,-202.487381,-0.139126,-0.044456,-0.002649,0.989273,240.831863,202.915695,-192.732330,-0.023561,0.495678,0.005545,0.868169,119.429100,325.320587,-108.474884,0.012751,-0.046614,0.020362,0.998624,224.333847,163.421097,-176.197769,-0.162360,-0.001579,-0.072847,0.984038,222.417847,185.390518,-196.036423
363,3.630000,-0.113115,-0.013083,-0.017256,0.993346,200.760071,208.624435,-202.368896,-0.138878,-0.044281,-0.002929,0.989315,240.798996,202.953522,-192.623322,-0.023338,0.496089,0.006263,0.867935,118.413673,325.259644,-106.742523,0.013099,-0.046404,0.020329,0.998630,224.301239,163.437210,-176.107788,-0.155927,-0.003777,-0.069153,0.985338,222.426865,185.393372,-196.050064
364,3.640000,-0.112095,-0.014247,-0.017152,0.993447,200.754852,208.693863,-202.234070,-0.140904,-0.050579,-0.005946,0.988713,240.781860,203.017380,-192.574921,-0.023484,0.496066,0.006167,0.867945,117.414207,325.225037,-105.056320,0.012708,-0.046487,0.020359,0.998631,224.283997,163.459366,-176.011200,-0.148774,-0.005328,-0.066699,0.986605,222.445419,185.411407,-196.048416
365,3.650000,-0.111893,-0.013252,-0.017767,0.993473,200.739868,208.753204,-202.115356,-0.142013,-0.056525,-0.007474,0.988221,240.764481,203.078552,-192.487396,-0.023519,0.495997,0.006009,0.867985,116.369537,325.185944,-103.270760,0.013063,-0.046879,0.020497,0.998605,224.263824,163.469299,-175.927689,-0.142167,-0.009302,-0.070501,0.987285,222.503937,185.360016,-196.016068
366,3.660000,-0.112349,-0.012059,-0.017440,0.993443,200.723801,208.798569,-202.022614,-0.142209,-0.056772,-0.007242,0.988181,240.757568,203.131851,-192.398483,-0.023373,0.496093,0.005938,0.867934,115.376266,325.152618,-101.538475,0.012086,-0.049381,0.020473,0.998497,224.279694,163.465042,-175.931778,-0.137979,-0.012127,-0.069666,0.987908,222.522369,185.377182,-196.022171
367,3.670000,-0.113086,-0.011799,-0.017749,0.993357,200.707642,208.835876,-201.959213,-0.141881,-0.056950,-0.007230,0.988218,240.756989,203.169067,-192.345764,-0.023282,0.495830,0.005997,0.868087,114.389091,325.118042,-99.788239,0.011960,-0.050108,0.020414,0.998464,224.296951,163.469162,-175.905380,-0.135433,-0.015853,-0.067271,0.988373,222.543091,185.415985,-196.038940
368,3.680000,-0.113451,-0.012193,-0.018380,0.993299,200.687820,208.858505,-201.912033,-0.141611,-0.057067,-0.007151,0.988250,240.761032,203.199966,-192.311371,-0.023055,0.496047,0.006294,0.867967,113.443016,325.089813,-98.105591,0.011898,-0.050071,0.020428,0.998466,224.300369,163.478409,-175.886459,-0.134064,-0.020154,-0.064510,0.988665,222.553528,185.437546,-196.052567
369,3.690000,-0.114029,-0.012970,-0.019111,0.993209,200.685226,208.865997,-201.889786,-0.141321,-0.057151,-0.007307,0.988286,240.764313,203.210526,-192.291245,-0.023315,0.496101,0.004961,0.867938,112.430786,325.085907,-96.389442,0.012030,-0.050218,0.020564,0.998454,224.294296,163.485336,-175.871078,-0.134140,-0.024346,-0.061922,0.988726,222.562241,185.441650,-196.065521
370,3.700000,-0.114003,-0.013371,-0.019332,0.993202,200.689362,208.865234,-201.888718,-0.141431,-0.057151,-0.007461,0.988269,240.765472,203.208527,-192.284622,-0.023190,0.495996,0.005100,0.868000,111.511086,325.051178,-94.776794,0.011934,-0.050155,0.020740,0.998455,224.298019,163.485458,-175.863998,-0.134897,-0.027875,-0.059994,0.988649,222.569824,185.438736,-196.078766
371,3.710000,-0.112511,-0.013510,-0.018311,0.993390,200.709244,208.863892,-201.910629,-0.141546,-0.057302,-0.007497,0.988243,240.769333,203.204330,-192.294968,-0.023462,0.496224,0.004722,0.867865,110.601540,325.002899,-93.181244,0.011981,-0.050148,0.020791,0.998453,224.300751,163.485519,-175.871475,-0.136181,-0.030932,-0.058531,0.988470,222.576340,185.427948,-196.091766
372,3.720000,-0.111768,-0.012762,-0.018176,0.993486,200.724792,208.850906,-201.940613,-0.141862,-0.057439,-0.007482,0.988190,240.775818,203.196381,-192.311493,-0.023433,0.496172,0.004748,0.867895,109.679344,324.961731,-91.656570,0.011937,-0.050032,0.020779,0.998460,224.306519,163.484283,-175.888519,-0.138017,-0.033381,-0.057513,0.988195,222.585754,185.416855,-196.107697
373,3.730000,-0.111505,-0.012828,-0.018245,0.993514,200.731216,208.842102,-201.964844,-0.142250,-0.057858,-0.007679,0.988108,240.782410,203.179230,-192.332428,-0.023348,0.496461,0.005257,0.867729,108.828072,324.918243,-90.173492,0.011937,-0.049986,0.020896,0.998460,224.316910,163.484787,-175.901398,-0.140259,-0.035270,-0.056922,0.987848,222.591797,185.398941,-196.123199
374,3.740000,-0.111137,-0.013028,-0.018184,0.993553,200.734009,208.837143,-201.980789,-0.142372,-0.057975,-0.007703,0.988084,240.787735,203.173859,-192.343124,-0.023261,0.496090,0.005560,0.867941,108.001190,324.865570,-88.713058,0.013034,-0.046483,0.020634,0.998621,224.295761,163.491470,-175.849197,-0.142037,-0.037741,-0.056193,0.987544,222.597839,185.392593,-196.134323
375,3.750000,-0.111206,-0.013374,-0.018154,0.993542,200.731888,208.836121,-201.991531,-0.142319,-0.057872,-0.007658,0.988098,240.782623,203.172516,-192.350571,-0.023550,0.496041,0.005300,0.867963,107.181671,324.813873,-87.246201,0.013222,-0.046492,0.020608,0.998619,224.276779,163.491791,-175.852005,-0.143540,-0.041122,-0.055062,0.987255,222.595871,185.389633,-196.142517
376,3.760000,-0.111701,-0.013351,-0.018104,0.993487,200.720108,208.837479,-201.991623,-0.142263,-0.057817,-0.007624,0.988110,240.766891,203.176453,-192.350876,-0.023477,0.495813,0.005222,0.868096,106.384781,324.781952,-85.934326,0.013185,-0.046487,0.020495,0.998622,224.264359,163.496262,-175.857407,-0.144880,-0.045023,-0.053834,0.986957,222.585190,185.389694,-196.149887
377,3.770000,-0.113025,-0.013059,-0.018955,0.993325,200.686798,208.836823,-201.981537,-0.142397,-0.057653,-0.007644,0.988100,240.732529,203.176987,-192.339920,-0.023540,0.495871,0.005041,0.868063,105.561943,324.748352,-84.525902,0.012170,-0.049297,0.020488,0.998500,224.266556,163.479874,-175.909088,-0.145808,-0.049308,-0.052261,0.986700,222.564301,185.393616,-196.153595
378,3.780000,-0.113511,-0.013374,-0.019325,0.993259,200.639801,208.843323,-201.965042,-0.142340,-0.057690,-0.007371,0.988108,240.692688,203.179993,-192.326187,-0.023490,0.495793,0.004931,0.868109,104.832184,324.730560,-83.221237,0.011823,-0.049762,0.020599,0.998479,224.246429,163.476654,-175.911591,-0.146510,-0.053581,-0.050475,0.986467,222.530197,185.395294,-196.156815
379,3.790000,-0.113814,-0.012617,-0.018502,0.993250,200.579407,208.833511,-201.937668,-0.142294,-0.057816,-0.007031,0.988110,240.652222,203.183228,-192.307632,-0.023075,0.496108,0.005640,0.867936,104.107597,324.718048,-81.944450,0.011951,-0.050046,0.020778,0.998459,224.203568,163.477402,-175.888596,-0.146558,-0.058129,-0.048374,0.986307,222.497208,185.402924,-196.153503
380,3.800000,-0.113258,-0.012439,-0.017740,0.993329,200.525940,208.830002,-201.904572,-0.141949,-0.057765,-0.006438,0.988166,240.604446,203.188309,-192.281769,-0.023252,0.495707,0.005315,0.868162,103.405975,324.694397,-80.699448,0.011927,-0.050094,0.020901,0.998455,224.161621,163.479401,-175.865906,-0.147096,-0.061849,-0.044790,0.986170,222.435730,185.389984,-196.146347
381,3.810000,-0.113159,-0.012796,-0.017393,0.993342,200.496155,208.834442,-201.875092,-0.141658,-0.058278,-0.005835,0.988182,240.567596,203.200714,-192.249435,-0.022838,0.495797,0.005913,0.868118,102.738373,324.669525,-79.569725,0.011909,-0.050133,0.020968,0.998451,224.134460,163.480438,-175.840805,-0.147441,-0.065250,-0.042759,0.985990,222.412079,185.389221,-196.136337
382,3.820000,-0.112359,-0.013993,-0.016904,0.993425,200.472702,208.845459,-201.836014,-0.141630,-0.058897,-0.005938,0.988148,240.550247,203.207611,-192.221390,-0.022820,0.495794,0.005784,0.868121,102.080505,324.638550,-78.440712,0.011919,-0.050223,0.020978,0.998447,224.103165,163.484482,-175.814484,-0.147824,-0.067730,-0.041409,0.985823,222.400452,185.391296,-196.124283
383,3.830000,-0.111807,-0.015222,-0.016874,0.993470,200.457886,208.860992,-201.806366,-0.141324,-0.059356,-0.006183,0.988163,240.539825,203.213623,-192.190247,-0.023101,0.495497,0.005334,0.868286,101.422234,324.587036,-77.360252,0.011883,-0.050141,0.020966,0.998451,224.089554,163.490036,-175.798553,-0.148704,-0.069758,-0.039680,0.985620,222.383072,185.383698,-196.111465
384,3.840000,-0.111453,-0.015631,-0.016920,0.993503,200.450943,208.880859,-201.789093,-0.141056,-0.059134,-0.006109,0.988215,240.527145,203.229843,-192.171539,-0.023084,0.495797,0.005543,0.868114,100.834778,324.555664,-76.364578,0.011921,-0.050019,0.020957,0.998457,224.082535,163.496552,-175.792984,-0.148643,-0.071811,-0.039372,0.985494,222.393692,185.420074,-196.103287
385,3.850000,-0.110810,-0.015972,-0.017099,0.993566,200.440521,208.897095,-201.789673,-0.140987,-0.059064,-0.005991,0.988230,240.519394,203.242432,-192.171143,-0.022334,0.496125,0.006386,0.867940,100.256767,324.533661,-75.443748,0.012041,-0.049941,0.020932,0.998460,224.073746,163.498978,-175.802856,-0.149457,-0.072289,-0.039154,0.985345,222.382996,185.434494,-196.103683
386,3.860000,-0.110573,-0.015898,-0.017074,0.993594,200.425003,208.914078,-201.810013,-0.140488,-0.058822,-0.005946,0.988316,240.503738,203.262817,-192.206512,-0.022273,0.496633,0.006817,0.867648,99.738876,324.508606,-74.515160,0.012125,-0.049856,0.020926,0.998464,224.063370,163.499374,-175.829224,-0.150547,-0.072048,-0.039557,0.985180,222.363953,185.450638,-196.112503
387,3.870000,-0.110448,-0.015579,-0.017043,0.993614,200.405869,208.926819,-201.849274,-0.139051,-0.057989,-0.005786,0.988569,240.484558,203.275894,-192.272751,-0.020325,0.496855,0.009916,0.867539,99.240181,324.729980,-73.565132,0.013415,-0.046675,0.021026,0.998599,224.030411,163.506836,-175.802887,-0.151555,-0.070633,-0.041212,0.985060,222.321335,185.488068,-196.143600
388,3.880000,-0.110653,-0.015267,-0.017220,0.993593,200.331177,208.902390,-201.879532,-0.139775,-0.057539,-0.005962,0.988492,240.405991,203.237579,-192.297729,-0.022258,0.494092,0.006041,0.869104,99.328064,325.173340,-73.584435,0.013061,-0.046287,0.020563,0.998631,223.928131,163.476227,-175.817810,-0.152558,-0.068611,-0.042947,0.984974,222.223267,185.430084,-196.156265
389,3.890000,-0.110925,-0.014062,-0.016460,0.993593,200.129776,208.880478,-201.762680,-0.138341,-0.050535,-0.003940,0.989087,240.181564,203.229889,-192.066330,-0.020241,0.496635,0.009737,0.867669,99.013870,325.120209,-72.955132,0.012658,-0.048702,0.021059,0.998511,223.774338,163.485825,-175.753708,-0.149293,-0.071991,-0.039781,0.985366,222.069870,185.358063,-196.111359
390,3.900000,-0.110419,-0.012426,-0.015764,0.993682,200.000732,208.856689,-201.698532,-0.137716,-0.052378,-0.004963,0.989074,240.072159,203.263901,-192.086777,-0.022471,0.496248,0.007706,0.867856,99.153923,325.107971,-73.478546,0.012212,-0.049490,0.021167,0.998476,223.671524,163.484406,-175.711624,-0.148040,-0.079458,-0.035217,0.985155,221.988602,185.371780,-196.094955
391,3.910000,-0.111079,-0.012760,-0.015752,0.993605,199.784637,208.859756,-201.640137,-0.139841,-0.057715,-0.006125,0.988472,239.865692,203.286774,-192.027939,-0.021358,0.494926,0.008477,0.868631,99.032089,324.834625,-73.436836,0.012671,-0.049959,0.021847,0.998432,223.522552,163.487488,-175.657928,-0.146065,-0.085429,-0.024442,0.985276,221.765717,185.463547,-196.143600
392,3.920000,-0.112105,-0.012030,-0.015652,0.993500,199.769852,208.878769,-201.667755,-0.139639,-0.057819,-0.005409,0.988498,239.871704,203.325928,-192.086136,-0.021898,0.496505,0.008163,0.867719,99.238663,324.779175,-74.032860,0.012575,-0.049585,0.021940,0.998450,223.532028,163.474426,-175.698914,-0.147854,-0.087704,-0.022329,0.984860,221.777481,185.535614,-196.169739
393,3.930000,-0.113166,-0.012567,-0.015346,0.993378,199.839371,208.930313,-201.711380,-0.139505,-0.058000,-0.005898,0.988504,239.941544,203.348602,-192.149017,-0.020869,0.495636,0.008922,0.868234,99.444183,324.732788,-74.214348,0.012131,-0.049724,0.021629,0.998455,223.607788,163.485748,-175.760025,-0.150222,-0.084510,-0.023143,0.984762,221.798630,185.607391,-196.211472
394,3.940000,-0.113717,-0.014307,-0.015707,0.993286,199.853928,208.949478,-201.694382,-0.136290,-0.050191,-0.003090,0.989392,239.937424,203.357712,-192.045959,-0.021826,0.494753,0.007019,0.868731,99.888695,324.740082,-74.791428,0.012486,-0.049894,0.021684,0.998441,223.610901,163.473251,-175.746613,-0.149600,-0.080626,-0.024654,0.985145,221.809784,185.616135,-196.202591
395,3.950000,-0.112131,-0.014784,-0.015010,0.993470,199.935745,208.993683,-201.716431,-0.132911,-0.041630,-0.000166,0.990253,239.994278,203.366867,-192.040665,-0.022226,0.495726,0.006722,0.868168,100.087212,324.571198,-75.049309,0.012454,-0.050044,0.021363,0.998441,223.659805,163.487350,-175.782227,-0.150012,-0.078641,-0.025030,0.985234,221.860931,185.636948,-196.200577
396,3.960000,-0.110505,-0.013957,-0.016342,0.993643,200.004410,209.006195,-201.784515,-0.135417,-0.048573,-0.003192,0.989592,240.073013,203.374496,-192.184464,-0.022472,0.495645,0.005722,0.868216,100.357529,324.447052,-75.409019,0.012437,-0.050049,0.021350,0.998441,223.719467,163.486862,-175.853485,-0.151802,-0.076757,-0.026285,0.985075,221.920471,185.673080,-196.224243
397,3.970000,-0.108440,-0.013520,-0.016023,0.993882,200.059540,209.028427,-201.886734,-0.138049,-0.056817,-0.006727,0.988772,240.134796,203.391937,-192.341309,-0.022878,0.495348,0.004711,0.868381,100.483307,324.352081,-75.575584,0.013641,-0.047168,0.021413,0.998564,223.745850,163.505463,-175.910370,-0.153954,-0.071779,-0.029475,0.985026,221.954666,185.690811,-196.262650
398,3.980000,-0.105282,-0.011230,-0.016129,0.994248,200.141510,209.013107,-202.059158,-0.138138,-0.057259,-0.007060,0.988731,240.205841,203.376938,-192.521500,-0.024221,0.496226,0.003737,0.867848,100.500618,324.295776,-75.649963,0.011281,-0.049327,0.020998,0.998498,223.816223,163.495270,-176.150696,-0.157108,-0.067200,-0.033181,0.984734,222.014267,185.689972,-196.306763
399,3.990000,-0.105346,-0.012906,-0.016783,0.994210,200.184265,209.000061,-202.232040,-0.139591,-0.057422,-0.006132,0.988524,240.265625,203.352600,-192.668213,-0.024428,0.495939,0.003781,0.868005,100.532288,324.305389,-75.730667,0.011100,-0.049522,0.020846,0.998494,223.871216,163.488785,-176.337891,-0.161149,-0.061006,-0.037154,0.984342,222.022217,185.684082,-196.384338
400,4.000000,-0.106683,-0.016194,-0.018410,0.993991,200.198364,208.962509,-202.396225,-0.137553,-0.051796,-0.004180,0.989130,240.262024,203.309631,-192.768158,-0.024148,0.495802,0.004028,0.868090,100.511871,324.339417,-75.657951,0.011209,-0.049101,0.020922,0.998512,223.875595,163.482819,-176.455963,-0.164907,-0.052875,-0.049531,0.983645,222.031143,185.606552,-196.453766
401,4.010000,-0.108757,-0.016431,-0.019712,0.993737,200.180359,208.909470,-202.535522,-0.138627,-0.054009,-0.004438,0.988861,240.277557,203.272232,-192.970261,-0.024426,0.496062,0.003798,0.867935,100.503471,324.378235,-75.625359,0.012126,-0.045900,0.021094,0.998650,223.852631,163.453354,-176.477524,-0.166754,-0.045638,-0.055045,0.983402,221.998474,185.556381,-196.520660
402,4.020000,-0.110377,-0.013175,-0.018694,0.993627,200.116043,208.850266,-202.639465,-0.138002,-0.049748,-0.003975,0.989174,240.167801,203.220840,-192.985870,-0.023945,0.496465,0.004593,0.867714,100.413727,324.375427,-75.428085,0.012063,-0.045362,0.021282,0.998671,223.784241,163.433685,-176.519058,-0.166963,-0.045608,-0.056382,0.983293,221.935074,185.519333,-196.573715
403,4.030000,-0.109956,-0.013339,-0.016693,0.993707,200.006348,208.797256,-202.647049,-0.140628,-0.054094,-0.005272,0.988570,240.091339,203.183426,-193.062897,-0.023115,0.496257,0.004896,0.867854,100.482475,324.385773,-75.473953,0.012273,-0.046310,0.021362,0.998623,223.698624,163.417007,-176.510437,-0.165980,-0.048770,-0.054887,0.983392,221.886444,185.488770,-196.599915
404,4.040000,-0.110410,-0.013824,-0.016213,0.993658,199.952118,208.779434,-202.673447,-0.141864,-0.058663,-0.006669,0.988124,240.037888,203.172073,-193.104111,-0.022281,0.496566,0.005621,0.867695,100.563423,324.360260,-75.498970,0.012246,-0.046450,0.021523,0.998614,223.625153,163.412415,-176.533554,-0.165850,-0.051621,-0.052142,0.983418,221.828140,185.474731,-196.639359
405,4.050000,-0.111646,-0.012957,-0.016385,0.993528,199.869995,208.776749,-202.688614,-0.140917,-0.058603,-0.006101,0.988267,239.964294,203.182648,-193.135788,-0.022373,0.496490,0.005238,0.867738,100.631706,324.333954,-75.583679,0.012741,-0.046652,0.021767,0.998593,223.552399,163.389603,-176.575409,-0.164672,-0.053536,-0.051805,0.983531,221.749298,185.489548,-196.693665
406,4.060000,-0.113130,-0.010824,-0.016770,0.993380,199.746201,208.805405,-202.707123,-0.138932,-0.057473,-0.005707,0.988616,239.860092,203.196411,-193.184418,-0.022120,0.496163,0.005392,0.867931,100.624359,324.296753,-75.711632,0.012573,-0.046720,0.021717,0.998593,223.459167,163.373810,-176.614029,-0.163194,-0.055372,-0.052282,0.983651,221.630539,185.489655,-196.750519
407,4.070000,-0.112552,-0.009854,-0.014137,0.993497,199.594666,208.830139,-202.720779,-0.138990,-0.056587,-0.005279,0.988662,239.677322,203.226486,-193.222015,-0.022055,0.496302,0.005695,0.867851,100.601601,324.258331,-75.823921,0.011149,-0.049655,0.021521,0.998472,223.345596,163.354492,-176.725952,-0.161789,-0.056961,-0.051639,0.983826,221.479462,185.511963,-196.825211
408,4.080000,-0.112382,-0.007904,-0.014016,0.993535,199.388214,208.832382,-202.762344,-0.137915,-0.055772,-0.005622,0.988857,239.493546,203.242493,-193.260117,-0.022350,0.495949,0.005369,0.868047,100.587685,324.226898,-75.924911,0.010889,-0.050847,0.022016,0.998404,223.183868,163.342331,-176.779953,-0.160430,-0.058356,-0.050851,0.984008,221.295364,185.495499,-196.886597
409,4.090000,-0.112055,-0.006867,-0.013946,0.993580,199.171844,208.819687,-202.796799,-0.138103,-0.054951,-0.005370,0.988878,239.295319,203.251480,-193.306839,-0.022428,0.495654,0.005584,0.868212,100.536194,324.201385,-75.932175,0.010270,-0.049907,0.022053,0.998458,223.013489,163.341263,-176.837204,-0.160221,-0.056469,-0.042694,0.984539,221.074448,185.576614,-197.021805
410,4.100000,-0.111484,-0.006652,-0.013648,0.993650,198.984390,208.799194,-202.856827,-0.138639,-0.054900,-0.005921,0.988802,239.098633,203.242966,-193.359344,-0.022619,0.495834,0.005372,0.868106,100.546143,324.231415,-75.948227,0.010269,-0.049343,0.022460,0.998477,222.861771,163.348419,-176.872787,-0.158671,-0.060974,-0.045078,0.984415,220.933594,185.483185,-197.028488
411,4.110000,-0.112045,-0.008545,-0.014704,0.993558,198.819046,208.759918,-202.908096,-0.138469,-0.055057,-0.005064,0.988822,238.963943,203.243317,-193.398712,-0.022301,0.496465,0.005930,0.867750,100.514427,324.267059,-75.834160,0.010645,-0.049340,0.023030,0.998460,222.727356,163.358734,-176.885788,-0.157298,-0.060536,-0.046460,0.984599,220.814743,185.470673,-197.075470
412,4.120000,-0.113049,-0.012305,-0.015679,0.993390,198.740417,208.724731,-202.935165,-0.138751,-0.055157,-0.004638,0.988779,238.899490,203.235779,-193.409439,-0.023540,0.495771,0.004248,0.868124,100.529007,324.306183,-75.680855,0.012017,-0.046393,0.023277,0.998580,222.620422,163.375916,-176.833954,-0.156457,-0.059562,-0.045285,0.984847,220.744659,185.447647,-197.100952
413,4.130000,-0.112245,-0.014007,-0.015524,0.993461,198.738647,208.730591,-202.955917,-0.139214,-0.055403,-0.004390,0.988701,238.888168,203.245529,-193.413712,-0.023541,0.496069,0.004053,0.867954,100.562729,324.339691,-75.588562,0.012361,-0.045385,0.023453,0.998618,222.599808,163.410416,-176.838425,-0.156170,-0.059479,-0.044601,0.984928,220.742615,185.449585,-197.117645
414,4.140000,-0.111748,-0.014004,-0.015642,0.993515,198.813095,208.736710,-202.955521,-0.139571,-0.055606,-0.004650,0.988639,238.958755,203.249222,-193.419220,-0.023547,0.496245,0.004019,0.867854,100.591331,324.359253,-75.551277,0.011327,-0.048147,0.023157,0.998508,222.692657,163.402344,-176.905182,-0.156258,-0.058788,-0.045146,0.984931,220.814011,185.463791,-197.121506
415,4.150000,-0.110188,-0.013875,-0.015081,0.993699,198.973282,208.764374,-202.942398,-0.140491,-0.055631,-0.005152,0.988504,239.079971,203.250580,-193.417465,-0.023612,0.496085,0.003967,0.867944,100.622864,324.355438,-75.590172,0.010939,-0.048851,0.022682,0.998489,222.856659,163.392807,-176.937531,-0.156142,-0.057987,-0.039216,0.985251,220.906311,185.532074,-197.130905
416,4.160000,-0.109867,-0.012570,-0.015463,0.993747,199.166229,208.812836,-202.911407,-0.140088,-0.055688,-0.004875,0.988560,239.283432,203.271561,-193.400391,-0.022767,0.496588,0.005077,0.867673,100.638954,324.340485,-75.714813,0.010844,-0.048837,0.022313,0.998499,223.018250,163.405121,-176.938507,-0.156719,-0.058596,-0.036818,0.985216,221.091690,185.581619,-197.113953
417,4.170000,-0.108418,-0.011709,-0.015332,0.993918,199.350571,208.854736,-202.868469,-0.139572,-0.055614,-0.005372,0.988634,239.458237,203.276352,-193.347290,-0.022694,0.496735,0.005386,0.867589,100.662125,324.323334,-75.883133,0.010425,-0.049000,0.022239,0.998497,223.163330,163.422470,-176.901627,-0.156365,-0.059444,-0.036623,0.985228,221.260834,185.582306,-197.072235
418,4.180000,-0.108247,-0.011126,-0.014220,0.993960,199.510803,208.886566,-202.801285,-0.138475,-0.055412,-0.005761,0.988798,239.593140,203.301102,-193.286102,-0.023053,0.496402,0.005056,0.867772,100.675171,324.292053,-76.027573,0.010311,-0.048588,0.021610,0.998532,223.284302,163.428329,-176.843597,-0.155809,-0.060704,-0.035280,0.985289,221.405777,185.585709,-197.040787
419,4.190000,-0.109099,-0.011892,-0.014679,0.993851,199.588303,208.917465,-202.714630,-0.138325,-0.055491,-0.005992,0.988813,239.669952,203.314270,-193.191193,-0.023255,0.496324,0.004851,0.867812,100.714966,324.262665,-76.140053,0.010245,-0.048787,0.021195,0.998532,223.344376,163.442322,-176.769974,-0.154271,-0.062709,-0.034167,0.985444,221.491623,185.604843,-197.023376
420,4.200000,-0.108349,-0.011996,-0.015424,0.993921,199.576523,208.943161,-202.609024,-0.139352,-0.056039,-0.005844,0.988639,239.689819,203.330750,-193.098862,-0.023009,0.496183,0.004945,0.867899,100.751976,324.262268,-76.193970,0.010914,-0.049571,0.021283,0.998484,223.334610,163.451981,-176.700912,-0.152863,-0.066801,-0.031549,0.985482,221.512238,185.597473,-197.010040
421,4.210000,-0.108798,-0.010888,-0.015245,0.993887,199.507507,208.957565,-202.546295,-0.138694,-0.056546,-0.005720,0.988703,239.617325,203.354385,-193.056183,-0.022967,0.496213,0.004779,0.867884,100.769798,324.292023,-76.133957,0.012978,-0.046398,0.021671,0.998604,223.277374,163.449722,-176.563873,-0.150935,-0.070910,-0.028898,0.985574,221.451157,185.602997,-197.021118
422,4.220000,-0.111024,-0.010006,-0.016268,0.993634,199.386383,208.951736,-202.517456,-0.138145,-0.056903,-0.006335,0.988756,239.488174,203.378433,-193.038910,-0.022688,0.496195,0.004901,0.867901,100.781921,324.308411,-76.064384,0.013368,-0.045449,0.022024,0.998634,223.152054,163.459671,-176.525162,-0.149044,-0.075074,-0.026331,0.985625,221.343140,185.590271,-197.038315
423,4.230000,-0.109970,-0.010832,-0.014453,0.993771,199.206360,208.948547,-202.488419,-0.139359,-0.057910,-0.006138,0.988528,239.336227,203.384964,-193.011765,-0.022517,0.496213,0.005000,0.867894,100.764877,324.306702,-75.968674,0.011978,-0.048468,0.022282,0.998504,223.055542,163.458328,-176.584778,-0.147086,-0.080393,-0.023015,0.985583,221.220901,185.599686,-197.064529
424,4.240000,-0.109410,-0.011010,-0.013756,0.993840,199.073044,208.947388,-202.479721,-0.139275,-0.058074,-0.005363,0.988535,239.189835,203.391663,-192.997421,-0.022339,0.496446,0.005348,0.867763,100.698341,324.302551,-75.875580,0.011377,-0.049933,0.022460,0.998435,222.941284,163.455322,-176.589890,-0.144282,-0.084744,-0.027699,0.985512,221.131577,185.519287,-197.033279
425,4.250000,-0.109961,-0.010473,-0.014697,0.993772,198.908875,208.949799,-202.488098,-0.138714,-0.057303,-0.005309,0.988659,239.043076,203.430222,-193.006210,-0.022291,0.496592,0.005622,0.867680,100.604828,324.308472,-75.785461,0.013259,-0.046438,0.022671,0.998576,222.787537,163.481598,-176.512512,-0.142983,-0.085722,-0.029447,0.985566,221.014145,185.518433,-197.061554
426,4.260000,-0.109116,-0.010564,-0.013862,0.993876,198.748642,208.975632,-202.595352,-0.137264,-0.056498,-0.004368,0.988912,238.882812,203.470581,-193.136261,-0.022469,0.496412,0.005397,0.867779,100.538879,324.328613,-75.720573,0.011730,-0.048228,0.023066,0.998501,222.658630,163.485550,-176.701599,-0.145268,-0.083485,-0.030198,0.985401,220.849304,185.566330,-197.163177
427,4.270000,-0.109164,-0.011412,-0.014483,0.993853,198.649216,208.961823,-202.738708,-0.137383,-0.055484,-0.004566,0.988952,238.798798,203.461166,-193.280579,-0.022510,0.496369,0.005455,0.867802,100.514999,324.343170,-75.701302,0.011204,-0.048831,0.023103,0.998477,222.600113,163.469025,-176.828735,-0.148080,-0.077928,-0.032986,0.985348,220.755798,185.583588,-197.236328
428,4.280000,-0.109537,-0.011778,-0.014216,0.993811,198.656876,208.918015,-202.799789,-0.138627,-0.055175,-0.003635,0.988800,238.802917,203.413879,-193.325027,-0.022525,0.496308,0.005551,0.867836,100.540810,324.336487,-75.745537,0.012676,-0.045375,0.023222,0.998620,222.599045,163.462067,-176.766830,-0.148665,-0.074489,-0.034861,0.985462,220.755585,185.559494,-197.234879
429,4.290000,-0.109659,-0.010945,-0.013664,0.993815,198.676178,208.883621,-202.835373,-0.139211,-0.055412,-0.003573,0.988705,238.813263,203.377640,-193.337021,-0.022396,0.496531,0.005686,0.867712,100.603027,324.330017,-75.824379,0.012769,-0.045040,0.023496,0.998627,222.595215,163.468765,-176.758362,-0.149259,-0.073262,-0.035786,0.985431,220.772278,185.533295,-197.224197
430,4.300000,-0.110611,-0.010902,-0.014166,0.993703,198.717072,208.862137,-202.878815,-0.138956,-0.055686,-0.003389,0.988726,238.867065,203.365860,-193.368652,-0.022518,0.496254,0.005337,0.867869,100.660797,324.325165,-75.928963,0.012687,-0.045141,0.023397,0.998626,222.611847,163.463577,-176.798462,-0.150606,-0.072436,-0.036911,0.985245,220.798279,185.524658,-197.224854
431,4.310000,-0.111419,-0.011594,-0.014619,0.993598,198.755676,208.860687,-202.935318,-0.139045,-0.055837,-0.003749,0.988704,238.909958,203.348038,-193.432266,-0.022616,0.496215,0.005138,0.867890,100.720184,324.301331,-76.058662,0.012642,-0.045553,0.023145,0.998614,222.650238,163.445129,-176.870743,-0.152653,-0.069559,-0.039398,0.985041,220.812607,185.532043,-197.245499
432,4.320000,-0.111970,-0.012198,-0.014810,0.993526,198.820541,208.861053,-202.979858,-0.139279,-0.055596,-0.004123,0.988683,238.966858,203.341278,-193.487671,-0.022626,0.496154,0.005005,0.867925,100.772614,324.268890,-76.169113,0.011581,-0.048283,0.023073,0.998500,222.728912,163.419403,-176.981949,-0.154186,-0.066669,-0.041513,0.984916,220.849106,185.541382,-197.254745
433,4.330000,-0.112522,-0.012402,-0.015232,0.993455,198.905075,208.860733,-202.994690,-0.139908,-0.055116,-0.004671,0.988618,239.042267,203.324097,-193.479965,-0.022658,0.495782,0.004836,0.868138,100.838600,324.259033,-76.299911,0.010905,-0.048685,0.022681,0.998497,222.811295,163.413498,-177.009476,-0.155259,-0.065335,-0.042790,0.984782,220.927307,185.541931,-197.240509
434,4.340000,-0.112103,-0.011870,-0.014766,0.993516,198.959961,208.870804,-202.975037,-0.140158,-0.055259,-0.005259,0.988572,239.081757,203.329193,-193.460312,-0.022536,0.495898,0.005142,0.868073,100.853500,324.268951,-76.339615,0.010775,-0.048575,0.022657,0.998504,222.836243,163.423141,-176.989563,-0.155496,-0.065658,-0.042665,0.984728,220.963440,185.538223,-197.223099
435,4.350000,-0.111364,-0.011100,-0.014623,0.993610,198.959335,208.878784,-202.944443,-0.140177,-0.055873,-0.005518,0.988533,239.082672,203.336868,-193.426895,-0.022657,0.495912,0.005099,0.868062,100.863014,324.285431,-76.345833,0.010626,-0.048447,0.022658,0.998512,222.821396,163.444473,-176.958450,-0.154945,-0.067422,-0.041965,0.984726,220.977066,185.538391,-197.204269
436,4.360000,-0.110711,-0.011157,-0.014891,0.993679,198.920975,208.902893,-202.901733,-0.140042,-0.056175,-0.004620,0.988540,239.038589,203.347488,-193.400955,-0.022721,0.495971,0.005037,0.868027,100.853394,324.305603,-76.294769,0.011958,-0.045384,0.022815,0.998637,222.780716,163.461807,-176.873077,-0.154899,-0.068960,-0.039927,0.984712,220.948578,185.545441,-197.202576
437,4.370000,-0.109918,-0.010761,-0.014085,0.993783,198.871338,208.914017,-202.872589,-0.139900,-0.056474,-0.004263,0.988545,238.999969,203.362259,-193.380325,-0.022985,0.496240,0.004803,0.867868,100.821007,324.320923,-76.183182,0.012511,-0.044963,0.023070,0.998644,222.725357,163.471725,-176.843719,-0.154654,-0.070454,-0.038298,0.984709,220.914658,185.554443,-197.202103
438,4.380000,-0.108878,-0.010241,-0.013865,0.993906,198.821838,208.932343,-202.847321,-0.139967,-0.056829,-0.004005,0.988516,238.957306,203.384964,-193.354324,-0.022837,0.496472,0.005062,0.867738,100.775391,324.329895,-76.080826,0.012506,-0.044640,0.023281,0.998654,222.682846,163.474518,-176.829788,-0.154157,-0.071211,-0.037230,0.984773,220.854996,185.560089,-197.207413
439,4.390000,-0.108443,-0.010501,-0.014048,0.993948,198.753326,208.932465,-202.823761,-0.139098,-0.056601,-0.003926,0.988652,238.897095,203.406616,-193.343201,-0.022673,0.496520,0.005184,0.867714,100.736153,324.341125,-75.989899,0.012648,-0.044656,0.023335,0.998650,222.643143,163.472473,-176.812668,-0.153536,-0.071881,-0.036874,0.984835,220.809250,185.564926,-197.208069
440,4.400000,-0.107747,-0.010970,-0.014043,0.994019,198.704514,208.925476,-202.794403,-0.139067,-0.055906,-0.004141,0.988695,238.841309,203.409912,-193.304260,-0.022599,0.496451,0.005222,0.867755,100.715118,324.343994,-75.946609,0.012687,-0.044584,0.023447,0.998650,222.604538,163.472427,-176.787521,-0.152694,-0.072841,-0.036671,0.984903,220.768921,185.560532,-197.199814
441,4.410000,-0.107022,-0.010688,-0.013836,0.994103,198.668060,208.921753,-202.781479,-0.138425,-0.055683,-0.004975,0.988794,238.789917,203.419540,-193.293579,-0.022483,0.496344,0.005308,0.867819,100.719498,324.334656,-75.941177,0.012690,-0.044792,0.023230,0.998646,222.558228,163.471985,-176.772095,-0.151977,-0.073879,-0.036665,0.984937,220.735077,185.556488,-197.190414
442,4.420000,-0.107215,-0.010183,-0.013368,0.994094,198.653778,208.915924,-202.776703,-0.138124,-0.055244,-0.004779,0.988862,238.774078,203.412460,-193.284195,-0.022559,0.496112,0.005171,0.867950,100.739326,324.320679,-75.985359,0.012637,-0.044953,0.023242,0.998639,222.543274,163.470245,-176.762604,-0.151630,-0.074189,-0.036823,0.984961,220.725998,185.555588,-197.178345
443,4.430000,-0.107901,-0.009867,-0.013244,0.994025,198.658554,208.914902,-202.781204,-0.137809,-0.054643,-0.004513,0.988940,238.783005,203.407806,-193.286560,-0.022606,0.496082,0.005144,0.867966,100.743492,324.307617,-76.044968,0.012493,-0.045163,0.023219,0.998632,222.546448,163.470078,-176.758621,-0.151502,-0.073720,-0.037305,0.984998,220.730545,185.558502,-197.166107
444,4.440000,-0.108463,-0.009809,-0.013507,0.993960,198.681641,208.913666,-202.788269,-0.137922,-0.054241,-0.003529,0.988951,238.819305,203.390076,-193.286438,-0.022717,0.496096,0.005083,0.867956,100.751358,324.292358,-76.130692,0.012385,-0.045330,0.023167,0.998627,222.566620,163.465637,-176.761978,-0.151654,-0.072683,-0.037930,0.985028,220.745804,185.558655,-197.152695
445,4.450000,-0.109767,-0.009445,-0.013495,0.993821,198.710403,208.908905,-202.804764,-0.138328,-0.054956,-0.003790,0.988853,238.851761,203.384277,-193.307999,-0.022696,0.496021,0.005023,0.867999,100.772919,324.279572,-76.193901,0.012347,-0.045385,0.023058,0.998627,222.598312,163.460724,-176.772568,-0.152262,-0.070994,-0.038954,0.985017,220.764023,185.562683,-197.146729
446,4.460000,-0.110288,-0.009459,-0.013385,0.993765,198.741852,208.906784,-202.827988,-0.138017,-0.055164,-0.003683,0.988886,238.886444,203.387680,-193.338318,-0.022696,0.495860,0.004811,0.868093,100.819374,324.277649,-76.241478,0.012398,-0.045405,0.023220,0.998622,222.629807,163.454727,-176.792816,-0.153054,-0.068889,-0.040157,0.984996,220.781784,185.570145,-197.144806
447,4.470000,-0.110469,-0.009521,-0.013436,0.993743,198.764511,208.906906,-202.855835,-0.138016,-0.054622,-0.003598,0.988916,238.907440,203.384827,-193.369537,-0.022651,0.495841,0.004815,0.868104,100.833664,324.282104,-76.248947,0.012513,-0.045513,0.023095,0.998618,222.652206,163.447495,-176.822220,-0.154097,-0.066610,-0.041519,0.984933,220.791916,185.576248,-197.150146
448,4.480000,-0.110588,-0.010075,-0.013312,0.993726,198.773865,208.900650,-202.885559,-0.138496,-0.055112,-0.003721,0.988821,238.926208,203.373337,-193.400711,-0.022658,0.495906,0.004865,0.868067,100.822250,324.285797,-76.226540,0.012505,-0.045370,0.023087,0.998625,222.663940,163.445496,-176.852676,-0.155094,-0.064442,-0.042672,0.984872,220.794968,185.579437,-197.156845
449,4.490000,-0.110575,-0.011424,-0.013630,0.993709,198.773178,208.897537,-202.912323,-0.138890,-0.055630,-0.003861,0.988737,238.927444,203.367661,-193.428299,-0.022733,0.495978,0.004826,0.868024,100.809441,324.291077,-76.199135,0.012519,-0.045111,0.023091,0.998637,222.665970,163.445724,-176.874527,-0.155895,-0.062663,-0.043655,0.984817,220.790604,185.581741,-197.165512
450,4.500000,-0.110754,-0.012098,-0.014547,0.993668,198.759933,208.887802,-202.931671,-0.139188,-0.055791,-0.003909,0.988685,238.919144,203.362076,-193.447556,-0.022718,0.496191,0.005082,0.867901,100.775208,324.297913,-76.161018,0.012489,-0.045036,0.023086,0.998641,222.660309,163.449448,-176.891754,-0.156525,-0.061382,-0.044228,0.984772,220.782181,185.581375,-197.172897
451,4.510000,-0.110234,-0.012598,-0.014313,0.993723,198.754776,208.894592,-202.944794,-0.139432,-0.056073,-0.003890,0.988635,238.906601,203.364838,-193.456253,-0.022865,0.496373,0.005108,0.867793,100.765175,324.311432,-76.134125,0.012331,-0.044789,0.023216,0.998651,222.650482,163.456604,-176.900986,-0.156732,-0.060828,-0.044262,0.984772,220.772888,185.580856,-197.174835
452,4.520000,-0.110348,-0.012734,-0.014912,0.993700,198.735260,208.890152,-202.944092,-0.139553,-0.056185,-0.003748,0.988612,238.896698,203.370621,-193.457001,-0.022899,0.496499,0.005111,0.867720,100.759941,324.324066,-76.100365,0.012152,-0.045065,0.023323,0.998638,222.634354,163.462616,-176.909698,-0.156737,-0.060811,-0.044004,0.984784,220.764313,185.581680,-197.175018
453,4.530000,-0.109629,-0.012684,-0.014722,0.993783,198.729401,208.903473,-202.937424,-0.139580,-0.056356,-0.003644,0.988599,238.889023,203.374527,-193.446609,-0.022899,0.496543,0.005107,0.867695,100.765190,324.333038,-76.077393,0.012250,-0.044913,0.023323,0.998643,222.627731,163.467010,-176.896164,-0.156646,-0.061141,-0.043637,0.984794,220.759933,185.582214,-197.172363
454,4.540000,-0.109651,-0.012611,-0.014275,0.993788,198.731766,208.907150,-202.914612,-0.139382,-0.055916,-0.003530,0.988652,238.880219,203.389557,-193.425262,-0.022838,0.496503,0.005121,0.867720,100.788261,324.334045,-76.072426,0.012382,-0.044713,0.023275,0.998652,222.630844,163.468079,-176.873795,-0.156256,-0.061919,-0.043293,0.984823,220.759109,185.582993,-197.164459
455,4.550000,-0.109506,-0.012525,-0.014073,0.993808,198.735245,208.911270,-202.887650,-0.139058,-0.055554,-0.003511,0.988719,238.881332,203.395447,-193.396576,-0.022854,0.496319,0.004834,0.867826,100.825302,324.329376,-76.094948,0.012469,-0.044658,0.023265,0.998654,222.633560,163.468170,-176.855682,-0.155819,-0.062799,-0.042863,0.984855,220.765350,185.583466,-197.153122
456,4.560000,-0.109446,-0.012274,-0.014279,0.993814,198.743958,208.918350,-202.860245,-0.138656,-0.055578,-0.003696,0.988773,238.885529,203.399017,-193.370407,-0.022840,0.496132,0.004708,0.867934,100.839172,324.315704,-76.138939,0.012543,-0.044764,0.023284,0.998648,222.636368,163.464859,-176.834351,-0.155366,-0.063491,-0.042610,0.984893,220.772125,185.584900,-197.142807
457,4.570000,-0.109408,-0.011155,-0.014111,0.993834,198.743881,208.924179,-202.828476,-0.138522,-0.056020,-0.004008,0.988766,238.891693,203.404694,-193.352219,-0.022812,0.496038,0.004705,0.867988,100.826576,324.296051,-76.182045,0.012549,-0.044854,0.023285,0.998643,222.637177,163.461746,-176.815170,-0.154770,-0.064098,-0.042388,0.984957,220.775223,185.587540,-197.131332
458,4.580000,-0.109196,-0.009640,-0.013689,0.993879,198.741272,208.925735,-202.807907,-0.138006,-0.055080,-0.003760,0.988892,238.886520,203.405685,-193.321793,-0.022589,0.495910,0.005117,0.868065,100.809113,324.275940,-76.250893,0.012606,-0.044971,0.023291,0.998637,222.635605,163.459457,-176.797592,-0.154163,-0.064672,-0.042155,0.985025,220.773743,185.588440,-197.120453
459,4.590000,-0.109308,-0.009173,-0.013472,0.993874,198.732483,208.927521,-202.795837,-0.137494,-0.054079,-0.003282,0.989020,238.877411,203.406296,-193.306778,-0.022661,0.495743,0.004916,0.868160,100.815521,324.270813,-76.280579,0.012576,-0.045097,0.023276,0.998632,222.628296,163.459930,-176.784439,-0.153709,-0.065057,-0.042014,0.985077,220.767548,185.590195,-197.112732
460,4.600000,-0.109079,-0.009588,-0.013513,0.993895,198.717377,208.924713,-202.786697,-0.137830,-0.053856,-0.003492,0.988985,238.853394,203.399246,-193.296371,-0.022665,0.495687,0.004910,0.868191,100.815765,324.278778,-76.264687,0.012511,-0.045239,0.023303,0.998626,222.614792,163.460342,-176.778168,-0.153350,-0.065249,-0.041885,0.985125,220.755005,185.591675,-197.107147
461,4.610000,-0.109621,-0.009386,-0.013562,0.993837,198.699875,208.922821,-202.799011,-0.137772,-0.053764,-0.003398,0.988998,238.834351,203.399002,-193.300461,-0.022784,0.495861,0.004756,0.868090,100.801872,324.288696,-76.186577,0.012538,-0.045432,0.023137,0.998621,222.581757,163.466293,-176.783401,-0.153156,-0.065478,-0.041752,0.985146,220.735504,185.593842,-197.105194
462,4.620000,-0.109445,-0.009090,-0.013514,0.993859,198.673386,208.922485,-202.816223,-0.137932,-0.054129,-0.003572,0.988955,238.819321,203.401825,-193.314224,-0.022617,0.496067,0.005140,0.867974,100.774742,324.294373,-76.123390,0.012578,-0.045397,0.023129,0.998622,222.566483,163.468658,-176.792770,-0.153392,-0.065265,-0.041969,0.985114,220.715790,185.596359,-197.109451
463,4.630000,-0.110154,-0.009437,-0.013811,0.993774,198.658630,208.924973,-202.825073,-0.138269,-0.054486,-0.003608,0.988888,238.807358,203.401016,-193.333878,-0.022624,0.496114,0.005103,0.867948,100.755150,324.304993,-76.077309,0.012525,-0.045244,0.023131,0.998630,222.557770,163.467087,-176.811417,-0.153912,-0.064382,-0.042639,0.985062,220.698563,185.597549,-197.116791
464,4.640000,-0.109689,-0.010559,-0.013902,0.993813,198.657852,208.920609,-202.857346,-0.138596,-0.054545,-0.003614,0.988839,238.803650,203.398376,-193.354156,-0.022582,0.496173,0.005150,0.867915,100.740364,324.311554,-76.042908,0.012341,-0.045402,0.023218,0.998623,222.546310,163.466568,-176.840958,-0.154536,-0.063153,-0.043466,0.985008,220.689087,185.599014,-197.124405
465,4.650000,-0.109417,-0.011184,-0.014030,0.993834,198.664368,208.919067,-202.876190,-0.139117,-0.055026,-0.003562,0.988740,238.809616,203.389343,-193.377640,-0.022629,0.496219,0.005135,0.867887,100.730980,324.312958,-76.036758,0.012340,-0.045280,0.023231,0.998628,222.549576,163.466156,-176.859924,-0.155184,-0.061897,-0.044182,0.984954,220.690475,185.599243,-197.129410
466,4.660000,-0.109362,-0.011489,-0.014199,0.993834,198.681671,208.916458,-202.888458,-0.139331,-0.055410,-0.003710,0.988687,238.826187,203.387253,-193.392502,-0.022690,0.496309,0.005154,0.867834,100.730019,324.311432,-76.050224,0.012319,-0.045195,0.023197,0.998633,222.563873,163.465775,-176.871002,-0.155794,-0.060827,-0.044708,0.984901,220.703552,185.599701,-197.130722
467,4.670000,-0.109154,-0.011588,-0.014587,0.993850,198.707947,208.918411,-202.896103,-0.139008,-0.055483,-0.003474,0.988730,238.854919,203.391861,-193.406036,-0.022796,0.496276,0.005089,0.867850,100.744965,324.307465,-76.081200,0.012513,-0.044800,0.023099,0.998650,222.593231,163.465179,-176.867004,-0.156300,-0.059982,-0.045038,0.984857,220.724106,185.598312,-197.128265
468,4.680000,-0.109490,-0.011842,-0.014551,0.993811,198.734329,208.919403,-202.894592,-0.139017,-0.055774,-0.003684,0.988711,238.881561,203.398849,-193.410751,-0.022838,0.496287,0.005073,0.867843,100.783722,324.306030,-76.130165,0.012395,-0.044825,0.023280,0.998647,222.621109,163.466156,-176.865494,-0.156603,-0.059440,-0.045059,0.984841,220.746353,185.599442,-197.123688
469,4.690000,-0.109937,-0.012146,-0.014544,0.993758,198.755630,208.920410,-202.888702,-0.139042,-0.056144,-0.003817,0.988686,238.907227,203.392181,-193.401016,-0.022933,0.496160,0.004782,0.867915,100.826973,324.306366,-76.183487,0.012425,-0.044824,0.023241,0.998647,222.646561,163.464584,-176.858978,-0.156670,-0.059432,-0.044954,0.984836,220.767075,185.600922,-197.117035
470,4.700000,-0.110011,-0.012137,-0.014531,0.993750,198.767120,208.922424,-202.880280,-0.138874,-0.056232,-0.003990,0.988704,238.913055,203.402252,-193.396286,-0.022727,0.495942,0.004894,0.868044,100.863327,324.300812,-76.263435,0.012468,-0.044962,0.023218,0.998641,222.658646,163.463943,-176.851013,-0.156654,-0.059786,-0.044823,0.984823,220.778091,185.602814,-197.112411
471,4.710000,-0.109857,-0.011977,-0.014391,0.993771,198.769226,208.923126,-202.868164,-0.138739,-0.055780,-0.003807,0.988750,238.911285,203.399963,-193.384247,-0.022689,0.495973,0.004906,0.868028,100.874641,324.291840,-76.293114,0.012469,-0.044951,0.023223,0.998641,222.659439,163.462997,-176.845215,-0.156549,-0.060177,-0.044587,0.984826,220.780685,185.604401,-197.109650
472,4.720000,-0.109673,-0.011539,-0.014201,0.993799,198.756302,208.927475,-202.856873,-0.138588,-0.055884,-0.003892,0.988764,238.903961,203.405594,-193.377609,-0.022664,0.495965,0.004897,0.868033,100.871628,324.285980,-76.297707,0.012549,-0.044971,0.023252,0.998639,222.650070,163.462448,-176.839600,-0.156367,-0.060635,-0.044410,0.984835,220.772736,185.606628,-197.109558
473,4.730000,-0.109644,-0.010852,-0.014101,0.993812,198.734055,208.930908,-202.842834,-0.138648,-0.056166,-0.003907,0.988740,238.883713,203.407074,-193.372299,-0.022628,0.495909,0.004928,0.868066,100.857040,324.285278,-76.276009,0.012552,-0.044971,0.023276,0.998638,222.633789,163.462021,-176.834061,-0.156050,-0.061208,-0.044113,0.984863,220.753738,185.607605,-197.111053
474,4.740000,-0.109018,-0.009835,-0.014018,0.993892,198.703323,208.933838,-202.838837,-0.138868,-0.055548,-0.004061,0.988743,238.847137,203.407608,-193.351868,-0.022654,0.495828,0.004879,0.868111,100.834290,324.288544,-76.236580,0.012618,-0.045062,0.023095,0.998637,222.594177,163.466934,-176.834824,-0.155707,-0.061867,-0.043825,0.984889,220.728058,185.608688,-197.114349
475,4.750000,-0.108637,-0.009499,-0.013557,0.993944,198.669983,208.930908,-202.837753,-0.138718,-0.054921,-0.003820,0.988801,238.817505,203.409439,-193.345734,-0.022732,0.496108,0.005007,0.867949,100.791138,324.294342,-76.163162,0.012634,-0.045032,0.023164,0.998637,222.568939,163.469223,-176.832199,-0.155319,-0.062496,-0.043571,0.984922,220.702759,185.608719,-197.116745
476,4.760000,-0.109499,-0.009766,-0.013772,0.993844,198.643799,208.933304,-202.834763,-0.138718,-0.054814,-0.003551,0.988807,238.794968,203.409729,-193.345505,-0.022783,0.496179,0.005053,0.867907,100.751747,324.301208,-76.112373,0.012578,-0.045333,0.023262,0.998622,222.542892,163.471893,-176.835373,-0.155064,-0.062969,-0.043440,0.984938,220.683914,185.607803,-197.118439
477,4.770000,-0.110476,-0.010978,-0.014191,0.993717,198.631378,208.934540,-202.841248,-0.138801,-0.054852,-0.003443,0.988794,238.782181,203.410980,-193.346207,-0.022770,0.496227,0.005100,0.867879,100.727097,324.309296,-76.077332,0.011310,-0.048279,0.023223,0.998500,222.538605,163.469696,-176.903961,-0.154824,-0.063382,-0.043358,0.984953,220.671661,185.608139,-197.117661
478,4.780000,-0.110537,-0.010951,-0.014264,0.993709,198.631165,208.933472,-202.840988,-0.138802,-0.054984,-0.004605,0.988782,238.760773,203.415771,-193.350372,-0.022751,0.496233,0.005111,0.867876,100.722900,324.314178,-76.059319,0.011006,-0.048870,0.023174,0.998476,222.543793,163.467361,-176.917084,-0.154772,-0.063542,-0.043487,0.984945,220.669769,185.609055,-197.116455
479,4.790000,-0.110504,-0.010453,-0.014156,0.993720,198.641281,208.932816,-202.839432,-0.138628,-0.054983,-0.003577,0.988811,238.792038,203.409027,-193.349503,-0.022679,0.496228,0.005113,0.867881,100.736870,324.312195,-76.059891,0.012368,-0.045671,0.023277,0.998609,222.544418,163.467392,-176.839157,-0.154923,-0.063390,-0.043643,0.984924,220.676071,185.608383,-197.114380
480,4.800000,-0.109816,-0.010051,-0.013964,0.993803,198.662369,208.926910,-202.844803,-0.138536,-0.054564,-0.003584,0.988847,238.809250,203.405106,-193.350601,-0.022656,0.496170,0.005080,0.867915,100.754684,324.303772,-76.075951,0.012417,-0.045498,0.023240,0.998617,222.547546,163.468353,-176.841049,-0.155163,-0.062818,-0.044026,0.984906,220.693604,185.607025,-197.109650
481,4.810000,-0.109370,-0.009474,-0.013909,0.993859,198.688629,208.925766,-202.842911,-0.138483,-0.054465,-0.003696,0.988859,238.831024,203.400421,-193.351776,-0.022602,0.496135,0.005118,0.867936,100.777313,324.292755,-76.106590,0.012534,-0.045136,0.023099,0.998635,222.576477,163.463120,-176.830948,-0.155454,-0.062162,-0.044269,0.984891,220.712067,185.607040,-197.106155
482,4.820000,-0.113480,-0.026236,-0.016880,0.993050,198.740967,208.911758,-202.983383,-0.138849,-0.055536,-0.004063,0.988747,238.854218,203.396317,-193.362030,-0.022713,0.495983,0.004801,0.868022,100.807671,324.289886,-76.153191,0.012550,-0.045116,0.023078,0.998636,222.594772,163.460159,-176.832077,-0.155843,-0.061540,-0.044328,0.984866,220.729706,185.607285,-197.104156
483,4.830000,-0.114473,-0.024327,-0.017470,0.992975,198.729095,208.920883,-202.865799,-0.138614,-0.056418,-0.003942,0.988730,238.873917,203.402756,-193.370499,-0.022608,0.495792,0.004925,0.868133,100.832291,324.285400,-76.232277,0.012538,-0.044966,0.023260,0.998639,222.620316,163.456070,-176.829193,-0.156018,-0.061136,-0.044399,0.984860,220.740601,185.608444,-197.102463
484,4.840000,-0.109833,-0.010358,-0.014159,0.993795,198.721451,208.931442,-202.827194,-0.138288,-0.055643,-0.003718,0.988821,238.876053,203.410309,-193.361755,-0.022679,0.495829,0.004904,0.868110,100.837845,324.282867,-76.262566,0.012518,-0.044958,0.023278,0.998639,222.627502,163.458115,-176.827972,-0.156071,-0.060965,-0.044317,0.984866,220.744949,185.609390,-197.101715
485,4.850000,-0.108983,-0.009104,-0.013653,0.993908,198.718170,208.931793,-202.835892,-0.138473,-0.055797,-0.003700,0.988786,238.870544,203.409332,-193.363449,-0.022746,0.495905,0.004892,0.868065,100.834061,324.286377,-76.265678,0.012561,-0.044908,0.023275,0.998641,222.621506,163.461411,-176.825317,-0.155985,-0.061001,-0.044090,0.984888,220.742157,185.610535,-197.101517
486,4.860000,-0.109210,-0.010307,-0.014075,0.993866,198.707047,208.932907,-202.835037,-0.139148,-0.056497,-0.004252,0.988649,238.849472,203.408859,-193.354172,-0.022794,0.495960,0.004849,0.868033,100.827499,324.294342,-76.240509,0.012506,-0.044906,0.023331,0.998640,222.602768,163.469223,-176.828873,-0.155787,-0.061463,-0.043826,0.984902,220.730942,185.612915,-197.102386
487,4.870000,-0.109547,-0.010525,-0.014630,0.993818,198.688202,208.942535,-202.829239,-0.138952,-0.055856,-0.004035,0.988715,238.832626,203.416077,-193.344315,-0.022917,0.496187,0.004750,0.867900,100.820610,324.300995,-76.165489,0.012607,-0.044852,0.023101,0.998647,222.582016,163.474197,-176.828369,-0.155684,-0.061831,-0.043618,0.984905,220.717468,185.614639,-197.105438
488,4.880000,-0.109625,-0.010467,-0.014368,0.993814,198.667923,208.942078,-202.825668,-0.138749,-0.055301,-0.003772,0.988775,238.816254,203.418289,-193.340881,-0.022897,0.496163,0.004735,0.867915,100.815880,324.307617,-76.125320,0.012711,-0.044949,0.023179,0.998640,222.570190,163.475983,-176.826630,-0.155534,-0.062189,-0.043618,0.984906,220.703354,185.617294,-197.107880
489,4.890000,-0.109640,-0.010926,-0.014331,0.993808,198.657791,208.944290,-202.829315,-0.138670,-0.055254,-0.003694,0.988789,238.805344,203.419281,-193.341019,-0.022889,0.496153,0.004727,0.867921,100.804459,324.313477,-76.098259,0.011350,-0.047992,0.023156,0.998515,222.565063,163.473953,-176.903183,-0.155486,-0.062294,-0.043688,0.984904,220.692581,185.618652,-197.110352
490,4.900000,-0.109837,-0.011593,-0.014421,0.993777,198.652267,208.943741,-202.834473,-0.138739,-0.055177,-0.003646,0.988784,238.801407,203.418350,-193.344437,-0.022744,0.496318,0.005034,0.867828,100.770287,324.312531,-76.079674,0.011070,-0.048681,0.023117,0.998486,222.569824,163.469421,-176.920547,-0.155537,-0.062278,-0.043754,0.984894,220.686615,185.619064,-197.112320
491,4.910000,-0.109849,-0.011263,-0.014389,0.993780,198.649994,208.944214,-202.834198,-0.138697,-0.054965,-0.003608,0.988802,238.803070,203.418640,-193.348480,-0.022808,0.496271,0.005009,0.867854,100.754723,324.307526,-76.089005,0.012495,-0.045238,0.023200,0.998629,222.559647,163.470383,-176.844589,-0.155587,-0.062242,-0.043910,0.984881,220.685791,185.621246,-197.113297
492,4.920000,-0.109970,-0.011409,-0.014337,0.993766,198.656097,208.943863,-202.844757,-0.138640,-0.054829,-0.003584,0.988817,238.807480,203.417587,-193.355240,-0.022825,0.496243,0.005010,0.867869,100.755997,324.303528,-76.113052,0.012448,-0.045242,0.023230,0.998628,222.549179,163.474472,-176.850037,-0.155677,-0.061961,-0.044120,0.984875,220.690887,185.622650,-197.112717
493,4.930000,-0.110202,-0.010933,-0.014316,0.993746,198.664307,208.941818,-202.846497,-0.138566,-0.054613,-0.003563,0.988840,238.815216,203.415451,-193.360565,-0.022781,0.496201,0.005050,0.867894,100.767593,324.295929,-76.146164,0.012386,-0.045368,0.023225,0.998623,222.555283,163.473389,-176.853577,-0.155727,-0.061749,-0.044431,0.984867,220.696091,185.623306,-197.111191
494,4.940000,-0.110443,-0.010177,-0.014171,0.993729,198.672180,208.939026,-202.848892,-0.138456,-0.054470,-0.003558,0.988863,238.823654,203.413605,-193.367599,-0.022777,0.496163,0.004990,0.867916,100.784409,324.295258,-76.177559,0.012335,-0.045510,0.023203,0.998618,222.563126,163.469788,-176.857529,-0.155898,-0.061515,-0.044678,0.984843,220.703033,185.622818,-197.110291
495,4.950000,-0.109794,-0.010367,-0.013943,0.993803,198.681564,208.931229,-202.865555,-0.138448,-0.054338,-0.003536,0.988872,238.829391,203.407883,-193.373291,-0.022823,0.495993,0.004764,0.868014,100.811707,324.289459,-76.204620,0.012357,-0.045538,0.023176,0.998617,222.569748,163.466034,-176.860764,-0.155940,-0.061398,-0.044952,0.984831,220.704590,185.621078,-197.109695
496,4.960000,-0.109595,-0.010141,-0.013912,0.993827,198.682266,208.927689,-202.866058,-0.138705,-0.055099,-0.003753,0.988793,238.833466,203.400543,-193.381760,-0.022601,0.495747,0.004910,0.868159,100.835579,324.283844,-76.254051,0.012306,-0.045548,0.023176,0.998618,222.569763,163.463165,-176.860916,-0.156084,-0.061333,-0.045073,0.984807,220.705078,185.619675,-197.110306
497,4.970000,-0.109433,-0.009785,-0.013856,0.993849,198.677353,208.926758,-202.862457,-0.138567,-0.054839,-0.003765,0.988826,238.827637,203.402069,-193.374237,-0.022586,0.495739,0.004917,0.868164,100.839813,324.281128,-76.259140,0.012379,-0.045390,0.023141,0.998625,222.569183,163.462219,-176.857101,-0.156204,-0.061221,-0.045141,0.984792,220.700226,185.616867,-197.111664
498,4.980000,-0.109319,-0.010143,-0.013852,0.993858,198.672470,208.925598,-202.861633,-0.138419,-0.054426,-0.003609,0.988871,238.819733,203.401413,-193.366333,-0.022624,0.495799,0.004873,0.868129,100.829269,324.281311,-76.239174,0.012335,-0.045420,0.023196,0.998622,222.560501,163.461319,-176.854462,-0.156177,-0.061324,-0.044986,0.984797,220.695679,185.615219,-197.111267
499,4.990000,-0.109034,-0.010168,-0.013667,0.993892,198.660416,208.927750,-202.849701,-0.138519,-0.054568,-0.003581,0.988849,238.809174,203.404083,-193.356583,-0.022793,0.496038,0.004778,0.867989,100.810768,324.283295,-76.178566,0.012334,-0.045305,0.023240,0.998627,222.552795,163.462204,-176.846466,-0.156045,-0.061749,-0.044527,0.984812,220.689331,185.612442,-197.109314
500,5.000000,-0.108627,-0.010016,-0.013583,0.993939,198.650726,208.931625,-202.836716,-0.138582,-0.054822,-0.003580,0.988826,238.799973,203.409241,-193.343918,-0.022742,0.496174,0.005011,0.867911,100.784737,324.290588,-76.128090,0.011239,-0.048030,0.023158,0.998514,222.559174,163.462311,-176.900757,-0.155849,-0.062339,-0.043978,0.984830,220.684998,185.613464,-197.106461
501,5.010000,-0.108617,-0.010686,-0.013947,0.993928,198.643097,208.940582,-202.809921,-0.138166,-0.054954,-0.004423,0.988873,238.780136,203.427597,-193.336685,-0.022784,0.496212,0.005002,0.867888,100.771637,324.304565,-76.084908,0.010944,-0.048681,0.023109,0.998487,222.563995,163.466248,-176.903915,-0.155596,-0.063073,-0.043378,0.984850,220.683105,185.616379,-197.102066
502,5.020000,-0.112418,-0.028414,-0.017351,0.993103,198.667801,208.936234,-202.943634,-0.138088,-0.055371,-0.004710,0.988860,238.778214,203.437134,-193.322540,-0.022768,0.496274,0.005041,0.867853,100.761757,324.315704,-76.055122,0.011025,-0.048639,0.023132,0.998488,222.559952,163.472656,-176.893707,-0.155407,-0.063599,-0.042897,0.984867,220.684753,185.620468,-197.097885
503,5.030000,-0.119099,-0.047313,-0.023145,0.991484,198.672241,208.944977,-202.949463,-0.138064,-0.055579,-0.004790,0.988851,238.781723,203.445679,-193.310013,-0.022779,0.496286,0.005035,0.867846,100.753716,324.318329,-76.046158,0.011170,-0.048341,0.023060,0.998502,222.568268,163.476425,-176.878433,-0.155181,-0.063918,-0.042611,0.984895,220.689453,185.626007,-197.093094
504,5.040000,-0.116333,-0.033818,-0.020688,0.992419,198.653229,208.957306,-202.814362,-0.137945,-0.055442,-0.004756,0.988876,238.788956,203.449341,-193.302795,-0.022785,0.496287,0.005031,0.867845,100.750420,324.315308,-76.056580,0.011214,-0.048334,0.023034,0.998503,222.575241,163.476974,-176.874268,-0.155144,-0.063888,-0.042512,0.984907,220.696609,185.630035,-197.089859
505,5.050000,-0.110444,-0.015323,-0.016282,0.993631,198.653824,208.969070,-202.765991,-0.137890,-0.055373,-0.004838,0.988887,238.798996,203.450104,-193.306274,-0.022817,0.496226,0.004966,0.867880,100.761681,324.305511,-76.091789,0.011211,-0.048382,0.023031,0.998500,222.583389,163.475296,-176.874680,-0.155202,-0.063796,-0.042677,0.984896,220.702835,185.633682,-197.087952
506,5.060000,-0.108897,-0.010519,-0.014888,0.993886,198.666962,208.964645,-202.767670,-0.137793,-0.055349,-0.004805,0.988902,238.805984,203.448486,-193.312866,-0.022787,0.496206,0.004965,0.867892,100.784500,324.296906,-76.135040,0.011185,-0.048449,0.023021,0.998498,222.590485,163.472076,-176.879837,-0.155319,-0.063380,-0.043067,0.984888,220.706467,185.635269,-197.087357
507,5.070000,-0.109123,-0.010570,-0.014763,0.993862,198.670914,208.959534,-202.785172,-0.138092,-0.055111,-0.003929,0.988877,238.822296,203.430847,-193.317627,-0.022681,0.495829,0.004850,0.868110,100.823242,324.293488,-76.215912,0.011164,-0.048545,0.023009,0.998494,222.594894,163.466415,-176.888474,-0.155532,-0.062837,-0.043577,0.984867,220.705872,185.634979,-197.089859
508,5.080000,-0.109765,-0.010231,-0.014228,0.993803,198.668274,208.950623,-202.811569,-0.138143,-0.054731,-0.003672,0.988892,238.821320,203.422668,-193.334793,-0.022650,0.495753,0.004866,0.868155,100.843391,324.288818,-76.263962,0.011148,-0.048569,0.023010,0.998493,222.592346,163.462311,-176.901718,-0.155719,-0.062310,-0.044156,0.984845,220.699509,185.635101,-197.094193
509,5.090000,-0.110197,-0.010025,-0.013994,0.993761,198.660797,208.945602,-202.836761,-0.138248,-0.054567,-0.003610,0.988887,238.813660,203.418365,-193.354538,-0.022655,0.495799,0.004888,0.868128,100.847298,324.282959,-76.286583,0.010898,-0.048704,0.023093,0.998487,222.578018,163.458298,-176.924866,-0.155853,-0.061630,-0.044898,0.984833,220.681076,185.642059,-197.107132
510,5.100000,-0.110274,-0.010674,-0.014068,0.993744,198.649216,208.942520,-202.862839,-0.138398,-0.054482,-0.003446,0.988871,238.801666,203.414856,-193.375580,-0.022690,0.495821,0.004896,0.868114,100.846130,324.283600,-76.296135,0.012146,-0.045879,0.023214,0.998603,222.555664,163.460068,-176.874420,-0.156285,-0.060720,-0.045481,0.984794,220.673874,185.633469,-197.112244
511,5.110000,-0.110573,-0.011782,-0.014399,0.993694,198.639267,208.939117,-202.880753,-0.139089,-0.054650,-0.003677,0.988764,238.786407,203.405380,-193.387253,-0.022685,0.495842,0.004932,0.868102,100.837776,324.286499,-76.284660,0.012290,-0.045404,0.023266,0.998622,222.534561,163.464096,-176.879745,-0.156631,-0.060699,-0.045637,0.984733,220.661346,185.630966,-197.118927
512,5.120000,-0.110212,-0.012547,-0.014380,0.993725,198.626236,208.930725,-202.886337,-0.139422,-0.055095,-0.003770,0.988692,238.777588,203.401749,-193.393616,-0.022705,0.495853,0.004896,0.868096,100.819130,324.291687,-76.246742,0.012279,-0.045333,0.023274,0.998625,222.528320,163.463593,-176.887756,-0.156792,-0.060742,-0.045942,0.984691,220.650879,185.629822,-197.125122
513,5.130000,-0.109929,-0.012792,-0.014405,0.993753,198.624878,208.931564,-202.884476,-0.139485,-0.055181,-0.003772,0.988678,238.775360,203.401306,-193.393494,-0.022726,0.496215,0.005086,0.867887,100.789520,324.293427,-76.167091,0.012297,-0.045336,0.023282,0.998625,222.527481,163.463745,-176.887421,-0.156899,-0.060802,-0.045973,0.984669,220.648834,185.628296,-197.126892
514,5.140000,-0.110237,-0.012487,-0.014547,0.993720,198.632812,208.936813,-202.879318,-0.139503,-0.055273,-0.003823,0.988670,238.777969,203.402771,-193.385010,-0.022724,0.496221,0.005073,0.867884,100.770973,324.299500,-76.114212,0.012345,-0.045278,0.023278,0.998627,222.533035,163.463608,-176.878387,-0.156941,-0.060970,-0.045482,0.984674,220.655945,185.625839,-197.123032
515,5.150000,-0.110155,-0.012184,-0.014493,0.993734,198.640396,208.940811,-202.861084,-0.139416,-0.055440,-0.003975,0.988673,238.785492,203.407394,-193.368530,-0.022683,0.496259,0.005107,0.867863,100.761726,324.306946,-76.076157,0.012418,-0.045281,0.023289,0.998626,222.538940,163.465927,-176.863174,-0.156719,-0.061523,-0.044951,0.984700,220.667740,185.625610,-197.115417
516,5.160000,-0.109829,-0.011745,-0.014384,0.993777,198.651825,208.945129,-202.835510,-0.138301,-0.055226,-0.004602,0.988839,238.787140,203.427689,-193.358139,-0.022706,0.496269,0.005081,0.867857,100.757599,324.309967,-76.059456,0.012462,-0.045069,0.023236,0.998636,222.548859,163.469345,-176.839478,-0.156472,-0.062187,-0.044318,0.984726,220.682632,185.627319,-197.106735
517,5.170000,-0.109161,-0.011390,-0.014551,0.993852,198.654526,208.951599,-202.792725,-0.138259,-0.055097,-0.003706,0.988855,238.811722,203.424896,-193.324036,-0.022735,0.496268,0.005039,0.867857,100.757790,324.308167,-76.062996,0.011382,-0.047830,0.023081,0.998524,222.575272,163.467896,-176.879410,-0.156097,-0.062824,-0.043568,0.984779,220.698318,185.628784,-197.095367
518,5.180000,-0.109222,-0.012244,-0.015001,0.993829,198.658325,208.962769,-202.772614,-0.137681,-0.055128,-0.004715,0.988930,238.802597,203.444992,-193.304840,-0.022786,0.496222,0.004976,0.867883,100.763107,324.303101,-76.081947,0.011103,-0.048565,0.023019,0.998493,222.590408,163.468094,-176.874557,-0.155606,-0.063644,-0.042935,0.984831,220.706604,185.630783,-197.085052
519,5.190000,-0.109590,-0.013602,-0.015347,0.993765,198.659149,208.969086,-202.756760,-0.137531,-0.055814,-0.004959,0.988911,238.803177,203.454330,-193.279663,-0.022775,0.496154,0.004980,0.867922,100.777092,324.296509,-76.108315,0.011136,-0.048645,0.023015,0.998489,222.590637,163.469925,-176.860504,-0.155150,-0.064405,-0.042385,0.984878,220.708878,185.634979,-197.077301
520,5.200000,-0.113687,-0.030589,-0.018549,0.992872,198.684479,208.962997,-202.890762,-0.137474,-0.056151,-0.005126,0.988899,238.796432,203.459808,-193.271393,-0.022872,0.495999,0.004685,0.868009,100.806656,324.294464,-76.143158,0.011209,-0.048612,0.023027,0.998489,222.583633,163.471909,-176.853317,-0.154897,-0.064868,-0.042128,0.984898,220.702087,185.637924,-197.074707
521,5.210000,-0.120071,-0.048677,-0.023461,0.991294,198.671524,208.961838,-202.911438,-0.137479,-0.056205,-0.005078,0.988896,238.785126,203.461319,-193.268372,-0.022867,0.495927,0.004628,0.868051,100.817375,324.291199,-76.173424,0.011219,-0.048600,0.023039,0.998490,222.575089,163.471161,-176.851440,-0.154666,-0.065144,-0.042184,0.984914,220.690506,185.640839,-197.074326
522,5.220000,-0.121114,-0.050787,-0.024185,0.991043,198.657150,208.960205,-202.916901,-0.137542,-0.056264,-0.004989,0.988884,238.770157,203.459961,-193.271942,-0.022878,0.495928,0.004617,0.868050,100.821411,324.287964,-76.194855,0.011230,-0.048585,0.023068,0.998489,222.562790,163.469376,-176.856918,-0.154593,-0.064568,-0.042391,0.984954,220.664108,185.651993,-197.086319
523,5.230000,-0.117635,-0.035718,-0.021058,0.992191,198.615570,208.964767,-202.805389,-0.138359,-0.056269,-0.005224,0.988769,238.747620,203.447327,-193.289108,-0.022882,0.495958,0.004645,0.868033,100.819168,324.285736,-76.207359,0.011145,-0.048741,0.023165,0.998481,222.543228,163.468491,-176.873520,-0.154746,-0.064195,-0.043011,0.984928,220.655914,185.641464,-197.084244
524,5.240000,-0.110841,-0.015145,-0.015750,0.993598,198.588959,208.967850,-202.777481,-0.138605,-0.056094,-0.005084,0.988745,238.735138,203.441238,-193.309738,-0.022771,0.495826,0.004770,0.868110,100.819862,324.288544,-76.234703,0.011119,-0.048687,0.023194,0.998483,222.531860,163.466446,-176.889664,-0.155092,-0.064104,-0.043501,0.984858,220.640289,185.641373,-197.091354
525,5.250000,-0.114064,-0.031403,-0.018546,0.992804,198.612839,208.945908,-202.952438,-0.138619,-0.055869,-0.004996,0.988756,238.730865,203.435944,-193.335693,-0.022904,0.496073,0.004729,0.867966,100.809921,324.291748,-76.189117,0.011046,-0.048634,0.023210,0.998486,222.526489,163.464951,-176.910049,-0.155330,-0.062745,-0.044771,0.984851,220.622864,185.650482,-197.105774
526,5.260000,-0.114876,-0.028565,-0.018571,0.992795,198.598099,208.948654,-202.873199,-0.138775,-0.055726,-0.004958,0.988742,238.732941,203.432251,-193.359528,-0.022936,0.496057,0.004674,0.867974,100.800812,324.300293,-76.167656,0.011044,-0.048582,0.023211,0.998488,222.528748,163.463943,-176.929153,-0.155803,-0.060852,-0.045327,0.984869,220.618500,185.653488,-197.117035
527,5.270000,-0.110543,-0.014142,-0.014963,0.993658,198.604263,208.949722,-202.850464,-0.138850,-0.055453,-0.004881,0.988748,238.744781,203.427643,-193.380035,-0.022821,0.496233,0.004981,0.867875,100.785820,324.303070,-76.139046,0.011010,-0.048598,0.023163,0.998489,222.538116,163.463943,-176.944397,-0.156115,-0.059936,-0.046249,0.984833,220.628525,185.651276,-197.118454
528,5.280000,-0.109468,-0.011540,-0.014201,0.993822,198.620392,208.947281,-202.869385,-0.139376,-0.055407,-0.004001,0.988680,238.774445,203.415649,-193.388367,-0.022775,0.496210,0.005033,0.867889,100.773079,324.303741,-76.118889,0.010881,-0.048512,0.023147,0.998495,222.551178,163.461884,-176.959778,-0.156610,-0.058871,-0.046563,0.984804,220.636826,185.654510,-197.126190
529,5.290000,-0.110171,-0.012023,-0.014601,0.993733,198.646271,208.950058,-202.883331,-0.139440,-0.055282,-0.003928,0.988678,238.793457,203.412125,-193.394775,-0.022777,0.496208,0.005024,0.867891,100.772408,324.304626,-76.121651,0.010881,-0.048527,0.023100,0.998496,222.568008,163.460480,-176.965652,-0.156896,-0.057949,-0.046699,0.984807,220.654541,185.654602,-197.127350
530,5.300000,-0.110263,-0.012255,-0.014727,0.993718,198.662109,208.949722,-202.881119,-0.138909,-0.055043,-0.003643,0.988768,238.814621,203.418167,-193.399231,-0.022764,0.496183,0.005038,0.867905,100.768806,324.296509,-76.129372,0.012264,-0.045346,0.023164,0.998627,222.570328,163.464523,-176.889236,-0.157145,-0.058021,-0.046257,0.984784,220.677475,185.646729,-197.120575
531,5.310000,-0.110242,-0.011979,-0.014678,0.993724,198.673019,208.950760,-202.869202,-0.138612,-0.054682,-0.003644,0.988829,238.826126,203.420105,-193.385422,-0.022786,0.496216,0.005040,0.867885,100.779640,324.293091,-76.149040,0.012382,-0.045214,0.023200,0.998631,222.567093,163.468735,-176.878830,-0.156691,-0.057999,-0.046273,0.984857,220.682739,185.652267,-197.120544
532,5.320000,-0.110195,-0.011628,-0.014536,0.993736,198.674271,208.951538,-202.847961,-0.138451,-0.054617,-0.003652,0.988855,238.827484,203.421127,-193.366394,-0.022778,0.496141,0.004985,0.867929,100.786079,324.289032,-76.163902,0.012434,-0.045138,0.023174,0.998635,222.571625,163.469193,-176.857956,-0.155889,-0.058255,-0.046511,0.984958,220.691040,185.646713,-197.110596
533,5.330000,-0.109988,-0.010947,-0.014291,0.993770,198.666992,208.952499,-202.821686,-0.138247,-0.054677,-0.003682,0.988881,238.819366,203.425995,-193.340393,-0.022877,0.496009,0.004678,0.868003,100.812660,324.289520,-76.180092,0.011281,-0.048106,0.023117,0.998511,222.578201,163.464081,-176.903809,-0.155153,-0.058943,-0.046063,0.985054,220.689178,185.643738,-197.103256
534,5.340000,-0.109790,-0.011773,-0.014610,0.993778,198.641464,208.958923,-202.792999,-0.137779,-0.054788,-0.004573,0.988936,238.790298,203.441116,-193.322388,-0.022866,0.495985,0.004626,0.868018,100.825432,324.288696,-76.182541,0.011079,-0.048644,0.023030,0.998489,222.581802,163.461288,-176.892380,-0.154705,-0.060388,-0.044939,0.985089,220.686981,185.634964,-197.092300
535,5.350000,-0.109865,-0.013022,-0.014915,0.993749,198.616684,208.962906,-202.769196,-0.137535,-0.055778,-0.004784,0.988914,238.765076,203.450241,-193.292801,-0.022872,0.495966,0.004588,0.868029,100.826736,324.288696,-76.177010,0.011064,-0.048794,0.023129,0.998480,222.556763,163.463898,-176.875870,-0.154010,-0.062157,-0.043876,0.985136,220.669357,185.635910,-197.085602
536,5.360000,-0.109939,-0.013862,-0.015001,0.993729,198.591980,208.967545,-202.750992,-0.138235,-0.056601,-0.005250,0.988767,238.736298,203.449829,-193.266357,-0.022881,0.496007,0.004631,0.868005,100.817902,324.288269,-76.161308,0.011039,-0.048757,0.023171,0.998481,222.534012,163.467148,-176.860001,-0.153391,-0.063370,-0.043132,0.985188,220.650925,185.637115,-197.081482
537,5.370000,-0.108830,-0.012294,-0.014796,0.993874,198.566833,208.972946,-202.715683,-0.138363,-0.057050,-0.005311,0.988723,238.715988,203.454819,-193.252869,-0.022787,0.496125,0.004934,0.867938,100.785812,324.287170,-76.135422,0.011054,-0.048704,0.023030,0.998487,222.507065,163.467422,-176.849640,-0.153097,-0.063998,-0.042124,0.985237,220.624512,185.634216,-197.077301
538,5.380000,-0.107657,-0.009997,-0.014193,0.994037,198.551132,208.979431,-202.701736,-0.138327,-0.057207,-0.005275,0.988719,238.704391,203.459244,-193.247803,-0.022786,0.496128,0.004925,0.867936,100.768181,324.290955,-76.114479,0.011038,-0.048674,0.023031,0.998488,222.496536,163.469849,-176.847626,-0.152985,-0.064508,-0.041990,0.985226,220.611069,185.637863,-197.076874
539,5.390000,-0.107361,-0.009645,-0.014077,0.994074,198.550385,208.982483,-202.708221,-0.138489,-0.057116,-0.005021,0.988703,238.700409,203.463058,-193.257111,-0.022824,0.496134,0.004914,0.867932,100.761459,324.298218,-76.101067,0.012532,-0.045212,0.023170,0.998630,222.485291,163.475784,-176.772400,-0.152565,-0.064982,-0.041723,0.985272,220.611938,185.654099,-197.072998
540,5.400000,-0.107501,-0.009770,-0.014184,0.994056,198.558334,208.982590,-202.721985,-0.138437,-0.057120,-0.005191,0.988709,238.710876,203.462051,-193.268173,-0.022825,0.496148,0.004940,0.867924,100.757851,324.302673,-76.093979,0.012595,-0.045120,0.023167,0.998634,222.481094,163.480530,-176.781952,-0.153584,-0.064269,-0.041695,0.985161,220.607788,185.651382,-197.080627
541,5.410000,-0.108040,-0.009348,-0.014413,0.993998,198.579330,208.985641,-202.744995,-0.138578,-0.056694,-0.005173,0.988714,238.725571,203.456177,-193.292160,-0.022813,0.496166,0.004955,0.867914,100.761154,324.304199,-76.099342,0.011399,-0.048017,0.023214,0.998512,222.514160,163.477264,-176.867065,-0.154128,-0.062551,-0.043512,0.985108,220.622726,185.666061,-197.090866
542,5.420000,-0.108795,-0.010965,-0.014626,0.993896,198.599823,208.977127,-202.787201,-0.138560,-0.055944,-0.005110,0.988759,238.747391,203.450073,-193.318649,-0.022798,0.496159,0.004968,0.867918,100.768166,324.300293,-76.117714,0.012377,-0.045746,0.023280,0.998605,222.532318,163.472549,-176.829590,-0.154622,-0.060399,-0.044720,0.985111,220.638229,185.667999,-197.094391
543,5.430000,-0.113736,-0.028660,-0.018059,0.992933,198.655319,208.960342,-202.968857,-0.138631,-0.055557,-0.005123,0.988771,238.768738,203.442123,-193.344452,-0.022772,0.496203,0.005030,0.867893,100.784172,324.295197,-76.147331,0.011102,-0.048305,0.023161,0.998502,222.551910,163.468475,-176.916977,-0.155159,-0.059135,-0.046048,0.985042,220.655823,185.664810,-197.094940
544,5.440000,-0.115212,-0.025833,-0.018210,0.992838,198.659698,208.955048,-202.868546,-0.138543,-0.055191,-0.003905,0.988810,238.803680,203.430908,-193.367020,-0.022895,0.496041,0.004687,0.867984,100.808594,324.293823,-76.189819,0.010782,-0.048901,0.023062,0.998479,222.574844,163.462189,-176.949219,-0.155920,-0.057713,-0.046619,0.984980,220.661972,185.665451,-197.104172
545,5.450000,-0.110656,-0.012034,-0.014841,0.993675,198.654846,208.957092,-202.856445,-0.138494,-0.054505,-0.003529,0.988856,238.813782,203.423737,-193.386063,-0.022727,0.495852,0.004832,0.868096,100.828972,324.289948,-76.246300,0.012255,-0.045499,0.023168,0.998621,222.570190,163.461426,-176.882675,-0.156427,-0.056637,-0.047213,0.984934,220.664932,185.664139,-197.111679
546,5.460000,-0.110004,-0.010507,-0.014295,0.993773,198.655121,208.952866,-202.874817,-0.138551,-0.054351,-0.003480,0.988857,238.812393,203.419952,-193.397629,-0.022690,0.495818,0.004871,0.868116,100.839439,324.286560,-76.267807,0.012296,-0.045305,0.023199,0.998628,222.556305,163.464783,-176.890472,-0.156544,-0.056161,-0.047612,0.984923,220.662399,185.661041,-197.115677
547,5.470000,-0.110297,-0.011597,-0.014501,0.993725,198.649109,208.950577,-202.882904,-0.138592,-0.054385,-0.003454,0.988849,238.803726,203.418503,-193.398392,-0.022682,0.495803,0.004878,0.868125,100.843613,324.285767,-76.269989,0.012331,-0.045311,0.023199,0.998627,222.548599,163.463104,-176.890625,-0.156506,-0.056108,-0.047627,0.984931,220.654480,185.658615,-197.119858
548,5.480000,-0.110406,-0.012242,-0.014618,0.993704,198.634659,208.951431,-202.873550,-0.137708,-0.054301,-0.003664,0.988976,238.781433,203.413193,-193.405441,-0.022674,0.495807,0.004887,0.868123,100.840607,324.288025,-76.257690,0.011110,-0.048010,0.023155,0.998517,222.550323,163.459015,-176.948730,-0.156118,-0.056505,-0.047626,0.984970,220.641083,185.658279,-197.122253
549,5.490000,-0.109874,-0.012545,-0.014402,0.993762,198.612656,208.949463,-202.853683,-0.138501,-0.054690,-0.004631,0.988840,238.750168,203.427505,-193.377075,-0.022719,0.495850,0.004846,0.868098,100.826462,324.292084,-76.230301,0.010951,-0.048664,0.023147,0.998487,222.545929,163.458939,-176.946701,-0.155397,-0.057639,-0.047365,0.985031,220.632446,185.653259,-197.115662
550,5.500000,-0.109427,-0.013730,-0.014986,0.993787,198.584534,208.956909,-202.824478,-0.138711,-0.055555,-0.004912,0.988761,238.731979,203.434494,-193.347061,-0.022888,0.496050,0.004724,0.867979,100.805359,324.292908,-76.166267,0.010997,-0.048664,0.023189,0.998486,222.531372,163.462555,-176.925797,-0.155103,-0.059202,-0.045713,0.985063,220.628342,185.647568,-197.108307
551,5.510000,-0.109319,-0.014703,-0.015183,0.993782,198.571320,208.962433,-202.790573,-0.138671,-0.056062,-0.005012,0.988738,238.721344,203.443542,-193.315643,-0.022819,0.496161,0.004945,0.867916,100.778221,324.294525,-76.122261,0.011036,-0.048552,0.023206,0.998490,222.519821,163.467651,-176.897964,-0.154472,-0.061210,-0.044707,0.985085,220.625900,185.644745,-197.096420
552,5.520000,-0.108674,-0.012772,-0.014910,0.993884,198.564819,208.973038,-202.743118,-0.138351,-0.056759,-0.005187,0.988742,238.717102,203.454910,-193.281143,-0.022789,0.496198,0.004955,0.867896,100.766510,324.301239,-76.089058,0.012479,-0.045173,0.023155,0.998633,222.497864,163.472366,-176.792221,-0.153939,-0.062434,-0.043408,0.985150,220.617249,185.641602,-197.084534
553,5.530000,-0.108006,-0.009557,-0.014337,0.994001,198.570862,208.987701,-202.711426,-0.138310,-0.057076,-0.005287,0.988729,238.717941,203.461090,-193.255585,-0.022723,0.496219,0.005001,0.867885,100.761452,324.305573,-76.067421,0.012557,-0.045083,0.023176,0.998635,222.486954,163.478470,-176.772263,-0.153220,-0.063839,-0.042572,0.985209,220.631836,185.662018,-197.078018
554,5.540000,-0.107843,-0.008757,-0.014055,0.994030,198.575684,208.993927,-202.691986,-0.138140,-0.057178,-0.005371,0.988746,238.723221,203.468231,-193.241440,-0.022720,0.496181,0.004985,0.867907,100.759308,324.305359,-76.061760,0.012612,-0.045158,0.023151,0.998632,222.494095,163.480026,-176.759323,-0.152670,-0.065124,-0.041122,0.985272,220.626984,185.666946,-197.065140
555,5.550000,-0.107876,-0.008859,-0.014074,0.994025,198.582947,208.997269,-202.685135,-0.138046,-0.057104,-0.005417,0.988764,238.730957,203.470383,-193.234436,-0.022756,0.496078,0.004937,0.867966,100.757858,324.298889,-76.075516,0.012831,-0.045000,0.023231,0.998634,222.518036,163.480469,-176.749130,-0.152775,-0.065661,-0.040480,0.985246,220.634949,185.670456,-197.059265
556,5.560000,-0.107832,-0.008834,-0.014081,0.994030,198.589340,208.998520,-202.692062,-0.137947,-0.056918,-0.005412,0.988788,238.738113,203.470413,-193.242813,-0.022786,0.496083,0.004918,0.867962,100.765884,324.293152,-76.109444,0.012842,-0.045013,0.023227,0.998634,222.526642,163.480438,-176.753601,-0.153292,-0.065269,-0.041230,0.985161,220.648331,185.673553,-197.061523
557,5.570000,-0.107972,-0.008744,-0.014086,0.994016,198.595566,208.997406,-202.707932,-0.138049,-0.056895,-0.005414,0.988775,238.744995,203.468048,-193.257660,-0.022808,0.496104,0.004933,0.867950,100.780708,324.288147,-76.147057,0.012699,-0.045282,0.023288,0.998622,222.523392,163.479797,-176.773697,-0.153439,-0.063599,-0.042686,0.985185,220.643967,185.683029,-197.069702
558,5.580000,-0.108220,-0.008694,-0.014192,0.993988,198.598251,208.990723,-202.734344,-0.137653,-0.056574,-0.005051,0.988851,238.752777,203.468399,-193.284790,-0.022918,0.495975,0.004652,0.868022,100.803642,324.288940,-76.186272,0.012661,-0.045302,0.023305,0.998621,222.523483,163.478134,-176.794174,-0.154189,-0.061547,-0.044003,0.985140,220.637772,185.675034,-197.078751
559,5.590000,-0.108884,-0.010601,-0.014434,0.993893,198.598511,208.980301,-202.781723,-0.138284,-0.055902,-0.005058,0.988801,238.745316,203.451477,-193.312698,-0.022747,0.495812,0.004794,0.868119,100.823120,324.287476,-76.238831,0.011347,-0.048108,0.023193,0.998508,222.535812,163.469833,-176.883102,-0.154790,-0.060125,-0.045088,0.985085,220.632858,185.673843,-197.087372
560,5.600000,-0.113194,-0.029363,-0.017940,0.992977,198.624390,208.956009,-202.957321,-0.138575,-0.055732,-0.005067,0.988770,238.742249,203.441299,-193.340942,-0.022690,0.495792,0.004842,0.868132,100.836975,324.286743,-76.254532,0.012324,-0.045818,0.023274,0.998603,222.531006,163.465195,-176.849930,-0.155291,-0.059165,-0.046050,0.985020,220.622650,185.671371,-197.098053
561,5.610000,-0.115074,-0.028655,-0.018643,0.992768,198.601837,208.954788,-202.873978,-0.138753,-0.055587,-0.005002,0.988753,238.738907,203.434326,-193.364548,-0.022683,0.495798,0.004863,0.868128,100.839882,324.289032,-76.249001,0.012529,-0.045393,0.023294,0.998619,222.513901,163.467148,-176.860428,-0.155744,-0.058342,-0.046706,0.984966,220.615891,185.668365,-197.107040
562,5.620000,-0.110565,-0.014215,-0.015066,0.993653,198.587906,208.958221,-202.849899,-0.138806,-0.055410,-0.004905,0.988756,238.735413,203.431458,-193.382614,-0.022691,0.495848,0.004847,0.868099,100.828690,324.292084,-76.229652,0.012484,-0.045355,0.023325,0.998621,222.510254,163.466751,-176.873703,-0.156066,-0.057738,-0.047086,0.984933,220.610443,185.667252,-197.115021
563,5.630000,-0.109769,-0.012405,-0.014381,0.993776,198.588699,208.955963,-202.866684,-0.139067,-0.055244,-0.004555,0.988730,238.730804,203.434769,-193.392761,-0.022763,0.496161,0.004986,0.867918,100.794945,324.291870,-76.173645,0.011260,-0.048043,0.023243,0.998511,222.522263,163.460876,-176.946671,-0.156248,-0.057456,-0.047187,0.984916,220.608078,185.667938,-197.120178
564,5.640000,-0.110132,-0.013974,-0.014662,0.993711,198.590622,208.957230,-202.872284,-0.138910,-0.055382,-0.004747,0.988744,238.733521,203.432983,-193.389282,-0.022779,0.496210,0.005016,0.867889,100.777794,324.293152,-76.148125,0.012371,-0.045476,0.023275,0.998618,222.522522,163.463211,-176.880188,-0.156139,-0.057517,-0.047124,0.984932,220.609695,185.668213,-197.121063
565,5.650000,-0.110193,-0.014653,-0.014891,0.993691,198.591965,208.961548,-202.862564,-0.138809,-0.055372,-0.004810,0.988758,238.736160,203.437668,-193.377869,-0.022798,0.496192,0.005012,0.867899,100.764702,324.296936,-76.130112,0.012470,-0.045301,0.023327,0.998623,222.512238,163.471512,-176.871124,-0.155845,-0.057753,-0.046844,0.984978,220.613266,185.669724,-197.118729
566,5.660000,-0.110462,-0.014264,-0.015215,0.993662,198.590851,208.966751,-202.838257,-0.138465,-0.055443,-0.004850,0.988802,238.739502,203.444321,-193.358032,-0.022814,0.496178,0.004985,0.867907,100.760902,324.302856,-76.119591,0.011308,-0.048035,0.023223,0.998512,222.526154,163.469742,-176.923294,-0.155358,-0.058619,-0.046221,0.985034,220.619446,185.671692,-197.112061
567,5.670000,-0.110049,-0.014513,-0.015276,0.993703,198.590958,208.972351,-202.811310,-0.138454,-0.055701,-0.004960,0.988789,238.742752,203.449036,-193.335220,-0.022799,0.496153,0.004976,0.867922,100.764122,324.303009,-76.117203,0.011072,-0.048743,0.023149,0.998482,222.538223,163.468918,-176.919388,-0.154955,-0.059442,-0.045684,0.985073,220.625702,185.672073,-197.105240
568,5.680000,-0.110070,-0.014243,-0.015305,0.993704,198.596878,208.978973,-202.789581,-0.138281,-0.055668,-0.005011,0.988815,238.742249,203.453659,-193.312317,-0.022753,0.496074,0.005002,0.867967,100.771065,324.294250,-76.123619,0.011152,-0.048702,0.023155,0.998483,222.541550,163.467697,-176.896805,-0.154367,-0.060257,-0.045338,0.985132,220.629807,185.672897,-197.096802
569,5.690000,-0.110357,-0.014010,-0.015175,0.993677,198.593704,208.982773,-202.769348,-0.138171,-0.055778,-0.005075,0.988824,238.738876,203.456619,-193.293823,-0.022734,0.496096,0.004975,0.867956,100.773300,324.288940,-76.140923,0.012624,-0.045471,0.023268,0.998615,222.525345,163.472290,-176.802612,-0.153875,-0.060790,-0.044764,0.985202,220.632324,185.673798,-197.089310
570,5.700000,-0.109884,-0.011903,-0.014913,0.993761,198.586441,208.989731,-202.738312,-0.137955,-0.056377,-0.005233,0.988819,238.732513,203.462677,-193.276657,-0.022719,0.496040,0.004936,0.867989,100.782539,324.287354,-76.163773,0.012659,-0.045372,0.023329,0.998618,222.506592,163.476318,-176.792618,-0.153419,-0.061315,-0.044635,0.985247,220.623901,185.675812,-197.086334
571,5.710000,-0.108559,-0.009527,-0.014159,0.993944,198.566803,208.986404,-202.721283,-0.137904,-0.056621,-0.005264,0.988812,238.722000,203.463348,-193.272842,-0.022831,0.495899,0.004643,0.868068,100.803627,324.286407,-76.186150,0.012676,-0.045419,0.023349,0.998615,222.499237,163.474808,-176.787292,-0.153212,-0.061442,-0.044069,0.985296,220.603210,185.669830,-197.083344
572,5.720000,-0.108285,-0.009049,-0.013940,0.993981,198.555740,208.985229,-202.721161,-0.137921,-0.056636,-0.005201,0.988809,238.710831,203.462204,-193.273499,-0.022860,0.495874,0.004603,0.868081,100.808083,324.283325,-76.195221,0.012500,-0.045534,0.023195,0.998615,222.484268,163.470825,-176.787781,-0.153112,-0.061421,-0.043882,0.985321,220.593491,185.669220,-197.082382
573,5.730000,-0.108246,-0.009324,-0.014020,0.993982,198.545212,208.983353,-202.730698,-0.138182,-0.056569,-0.004882,0.988778,238.698624,203.462082,-193.282196,-0.022879,0.495883,0.004624,0.868076,100.804581,324.284943,-76.194077,0.012498,-0.045477,0.023184,0.998618,222.475342,163.470444,-176.794571,-0.153147,-0.061112,-0.044034,0.985329,220.583496,185.669388,-197.083466
574,5.740000,-0.108232,-0.009600,-0.014060,0.993980,198.539902,208.980591,-202.741608,-0.138206,-0.056462,-0.004751,0.988781,238.686386,203.460114,-193.296616,-0.022877,0.495909,0.004648,0.868061,100.802696,324.288605,-76.183701,0.012492,-0.045466,0.023198,0.998618,222.469147,163.469635,-176.802368,-0.153423,-0.060700,-0.044258,0.985301,220.575119,185.668457,-197.086807
575,5.750000,-0.108297,-0.009647,-0.014149,0.993971,198.538406,208.977829,-202.756363,-0.138584,-0.056177,-0.004706,0.988745,238.689301,203.452759,-193.311127,-0.022883,0.495962,0.004710,0.868030,100.800690,324.290680,-76.161713,0.012512,-0.045330,0.023261,0.998623,222.465317,163.468445,-176.813431,-0.153686,-0.059612,-0.044821,0.985301,220.572220,185.668594,-197.089645
576,5.760000,-0.108555,-0.011621,-0.014316,0.993920,198.546539,208.971359,-202.786575,-0.138717,-0.055962,-0.004666,0.988739,238.697372,203.451294,-193.324341,-0.022798,0.496065,0.004900,0.867972,100.777161,324.293762,-76.138496,0.012495,-0.045304,0.023220,0.998625,222.474655,163.469330,-176.824127,-0.154141,-0.058556,-0.045310,0.985271,220.576843,185.668716,-197.091766
577,5.770000,-0.108632,-0.011587,-0.014720,0.993906,198.559921,208.974701,-202.783951,-0.138777,-0.055947,-0.004706,0.988731,238.709946,203.449142,-193.333267,-0.022792,0.496171,0.004963,0.867912,100.772003,324.297150,-76.118591,0.012563,-0.045285,0.023351,0.998622,222.492706,163.470352,-176.834457,-0.154512,-0.057743,-0.045805,0.985238,220.585144,185.669159,-197.091721
578,5.780000,-0.108931,-0.012419,-0.014742,0.993862,198.574753,208.970093,-202.801865,-0.138672,-0.055862,-0.004961,0.988749,238.727844,203.446640,-193.337692,-0.022748,0.496121,0.005010,0.867941,100.769905,324.297211,-76.101814,0.012586,-0.045293,0.023336,0.998622,222.507217,163.471115,-176.838745,-0.154783,-0.057217,-0.046764,0.985181,220.608658,185.676712,-197.092133
579,5.790000,-0.113517,-0.029902,-0.018203,0.992919,198.628098,208.963608,-202.954895,-0.138498,-0.055718,-0.005002,0.988782,238.744034,203.446899,-193.336441,-0.022745,0.496141,0.004983,0.867930,100.770065,324.299683,-76.098175,0.011334,-0.048148,0.023218,0.998506,222.534378,163.466934,-176.907227,-0.154868,-0.056873,-0.047106,0.985171,220.621094,185.679184,-197.088943
580,5.800000,-0.115272,-0.028829,-0.019133,0.992731,198.616669,208.974747,-202.834518,-0.138430,-0.055658,-0.005040,0.988794,238.754898,203.449707,-193.334900,-0.022725,0.496088,0.004982,0.867960,100.767914,324.296661,-76.106598,0.011044,-0.048812,0.023138,0.998479,222.553757,163.464218,-176.917206,-0.154899,-0.056914,-0.047170,0.985161,220.631409,185.680466,-197.085785
581,5.810000,-0.110783,-0.014285,-0.015635,0.993619,198.606430,208.982849,-202.785629,-0.138323,-0.055596,-0.005091,0.988812,238.758118,203.451889,-193.329453,-0.022722,0.496065,0.004995,0.867974,100.770660,324.292938,-76.123764,0.012503,-0.045519,0.023234,0.998615,222.541458,163.468277,-176.833359,-0.154903,-0.057036,-0.046870,0.985168,220.636215,185.681580,-197.082779
582,5.820000,-0.109710,-0.011627,-0.014667,0.993787,198.602097,208.983368,-202.784012,-0.138273,-0.055631,-0.005058,0.988818,238.752426,203.452225,-193.321487,-0.022748,0.496077,0.005011,0.867966,100.778282,324.287537,-76.151794,0.012578,-0.045419,0.023291,0.998617,222.523865,163.474243,-176.825424,-0.154729,-0.057503,-0.046621,0.985180,220.633484,185.681793,-197.080353
583,5.830000,-0.109937,-0.012680,-0.014758,0.993748,198.592804,208.983139,-202.785843,-0.138265,-0.055763,-0.005041,0.988811,238.739212,203.454178,-193.314865,-0.022888,0.495923,0.004689,0.868052,100.791451,324.288025,-76.185715,0.012580,-0.045459,0.023308,0.998615,222.514206,163.473999,-176.820969,-0.154443,-0.058230,-0.046529,0.985186,220.619354,185.682159,-197.080521
584,5.840000,-0.109322,-0.011559,-0.014652,0.993831,198.569519,208.984024,-202.764343,-0.138266,-0.055869,-0.004989,0.988806,238.720123,203.456955,-193.310501,-0.022919,0.495928,0.004627,0.868049,100.800316,324.286041,-76.205261,0.012604,-0.045460,0.023332,0.998614,222.502167,163.473633,-176.818817,-0.154355,-0.058566,-0.046309,0.985190,220.604660,185.683182,-197.083618
585,5.850000,-0.108344,-0.009655,-0.014239,0.993965,198.546555,208.985397,-202.755157,-0.138494,-0.056083,-0.004711,0.988763,238.697784,203.458374,-193.312958,-0.022882,0.495895,0.004636,0.868069,100.815964,324.286011,-76.218048,0.012490,-0.045439,0.023179,0.998620,222.478378,163.470703,-176.819199,-0.154253,-0.058559,-0.045743,0.985233,220.578476,185.677536,-197.084122
586,5.860000,-0.108870,-0.009384,-0.015016,0.993898,198.520401,208.981354,-202.751801,-0.138571,-0.056030,-0.004566,0.988756,238.677109,203.459869,-193.317459,-0.022867,0.495926,0.004645,0.868051,100.822159,324.289093,-76.215469,0.012520,-0.045292,0.023274,0.998624,222.460678,163.470901,-176.822525,-0.154553,-0.058406,-0.044598,0.985248,220.551971,185.674866,-197.089981
587,5.870000,-0.109181,-0.009865,-0.015282,0.993856,198.514069,208.980209,-202.759369,-0.138649,-0.055878,-0.004436,0.988754,238.669495,203.462128,-193.324341,-0.022899,0.496003,0.004640,0.868007,100.818245,324.293427,-76.201088,0.012598,-0.045245,0.023301,0.998625,222.453598,163.472397,-176.826553,-0.154719,-0.058350,-0.044430,0.985233,220.544495,185.675156,-197.092209
588,5.880000,-0.109032,-0.010152,-0.015425,0.993867,198.515503,208.980545,-202.765778,-0.138604,-0.055841,-0.004407,0.988763,238.671616,203.460373,-193.327789,-0.022936,0.496015,0.004607,0.867999,100.814590,324.296265,-76.187859,0.012570,-0.045150,0.023321,0.998629,222.454575,163.472717,-176.830429,-0.154930,-0.058141,-0.044477,0.985210,220.545059,185.676483,-197.093445
589,5.890000,-0.108898,-0.010408,-0.015587,0.993876,198.527863,208.980286,-202.771378,-0.138684,-0.055791,-0.004508,0.988754,238.684616,203.460205,-193.333466,-0.022961,0.496019,0.004614,0.867996,100.808517,324.298737,-76.174538,0.012525,-0.045183,0.023222,0.998630,222.470108,163.473953,-176.836029,-0.154984,-0.057900,-0.045416,0.985173,220.565308,185.679459,-197.090500
590,5.900000,-0.108551,-0.012280,-0.014903,0.993903,198.556442,208.979630,-202.796143,-0.138810,-0.055970,-0.004676,0.988725,238.706711,203.457382,-193.335693,-0.022867,0.496188,0.004900,0.867900,100.785797,324.295929,-76.153755,0.012628,-0.045146,0.023384,0.998627,222.494888,163.475510,-176.838455,-0.155095,-0.057410,-0.046456,0.985135,220.592255,185.685394,-197.090805
591,5.910000,-0.109090,-0.014562,-0.015209,0.993809,198.581406,208.978790,-202.805328,-0.138673,-0.055987,-0.005028,0.988742,238.733307,203.454544,-193.334290,-0.022852,0.496219,0.004975,0.867883,100.780693,324.295624,-76.140800,0.012611,-0.045123,0.023358,0.998629,222.513550,163.476151,-176.840790,-0.155264,-0.056827,-0.046857,0.985123,220.612686,185.685501,-197.088242
592,5.920000,-0.109732,-0.014631,-0.015431,0.993734,198.605545,208.983963,-202.806305,-0.138564,-0.055881,-0.005131,0.988762,238.752060,203.455414,-193.332184,-0.022831,0.496199,0.004972,0.867894,100.781845,324.295380,-76.131912,0.012585,-0.045218,0.023291,0.998626,222.529648,163.475266,-176.837418,-0.155340,-0.056430,-0.046910,0.985132,220.631516,185.685638,-197.084457
593,5.930000,-0.113739,-0.031232,-0.018676,0.992844,198.651077,208.973389,-202.947723,-0.138021,-0.055673,-0.004883,0.988851,238.769852,203.461258,-193.334229,-0.022803,0.496165,0.004955,0.867915,100.785942,324.295074,-76.129036,0.012603,-0.045115,0.023265,0.998631,222.541321,163.474838,-176.831635,-0.155339,-0.056303,-0.046959,0.985137,220.644211,185.684982,-197.081802
594,5.940000,-0.114771,-0.028919,-0.019201,0.992785,198.629349,208.978821,-202.821991,-0.137755,-0.055264,-0.004718,0.988912,238.771759,203.460571,-193.329422,-0.022889,0.496045,0.004704,0.867982,100.800934,324.294861,-76.137970,0.012612,-0.045164,0.023276,0.998629,222.542114,163.473648,-176.827179,-0.155207,-0.056445,-0.046910,0.985152,220.647491,185.683380,-197.079880
595,5.950000,-0.110143,-0.014554,-0.015602,0.993687,198.606445,208.987900,-202.773453,-0.138255,-0.055505,-0.005029,0.988827,238.759186,203.456863,-193.315674,-0.022788,0.496104,0.004889,0.867950,100.790199,324.291779,-76.145020,0.012638,-0.045180,0.023279,0.998628,222.535767,163.473938,-176.821289,-0.154953,-0.057003,-0.046643,0.985173,220.640213,185.682831,-197.079086
596,5.960000,-0.109005,-0.012072,-0.014743,0.993859,198.590408,208.984833,-202.771988,-0.138376,-0.055949,-0.005127,0.988785,238.737396,203.455444,-193.307831,-0.022877,0.496059,0.004719,0.867975,100.802032,324.289307,-76.156807,0.012630,-0.045239,0.023332,0.998624,222.520081,163.471497,-176.816116,-0.154608,-0.057880,-0.046422,0.985186,220.621582,185.679886,-197.080399
597,5.970000,-0.108424,-0.011401,-0.014680,0.993931,198.564774,208.986237,-202.749603,-0.138442,-0.056161,-0.005070,0.988764,238.716568,203.457245,-193.299103,-0.022930,0.496063,0.004671,0.867971,100.806976,324.286865,-76.168549,0.012628,-0.045206,0.023372,0.998624,222.502075,163.473312,-176.810318,-0.154321,-0.058567,-0.045924,0.985214,220.605530,185.679993,-197.081741
598,5.980000,-0.107521,-0.010792,-0.014041,0.994045,198.534897,208.991409,-202.732925,-0.138687,-0.056471,-0.004799,0.988713,238.690872,203.462509,-193.296112,-0.022985,0.496082,0.004635,0.867959,100.810425,324.289856,-76.172630,0.012538,-0.045166,0.023233,0.998631,222.475601,163.473312,-176.804993,-0.154125,-0.058932,-0.044934,0.985268,220.575485,185.673172,-197.082672
599,5.990000,-0.108028,-0.010379,-0.015034,0.993980,198.513077,208.988281,-202.729507,-0.138476,-0.056827,-0.004724,0.988723,238.669998,203.470322,-193.287994,-0.022970,0.496110,0.004655,0.867943,100.815147,324.294647,-76.169319,0.012546,-0.045077,0.023317,0.998633,222.454849,163.474625,-176.801468,-0.153477,-0.059967,-0.043770,0.985359,220.558411,185.679321,-197.078339
600,6.000000,-0.108330,-0.010433,-0.015490,0.993940,198.505981,208.989334,-202.726852,-0.138553,-0.056944,-0.004754,0.988705,238.664124,203.474197,-193.285461,-0.023005,0.496079,0.004594,0.867960,100.817528,324.299347,-76.169533,0.012615,-0.045056,0.023338,0.998632,222.449722,163.477448,-176.799683,-0.153739,-0.060162,-0.042440,0.985365,220.541977,185.679947,-197.081787
